relative_time,category,api,args_str
0,lifecycle,hook_loaded,"{""stage"": ""java_perform"", ""version"": ""3""}"
303,storage,SharedPreferences.getInt,"{""key"": ""settings_ver""}"
304,storage,SharedPreferences.getString,"{""key"": ""lockScreenTimeoutPref""}"
304,crypto,Cipher.doFinal,"{""inputLength"": 16}"
304,crypto,Cipher.doFinal,"{""inputLength"": 16}"
304,crypto,Cipher.doFinal,"{""inputLength"": 16}"
305,crypto,Cipher.doFinal,"{""inputLength"": 16}"
305,crypto,SecretKeySpec.<init>,"{""algorithm"": ""AES""}"
305,crypto,Cipher.doFinal,"{""inputLength"": 8}"
305,crypto,Cipher.doFinal,"{""inputLength"": 16}"
306,crypto,Cipher.doFinal,"{""inputLength"": 16}"
306,crypto,Cipher.doFinal,"{""inputLength"": 16}"
306,crypto,Cipher.doFinal,"{""inputLength"": 16}"
306,crypto,SecretKeySpec.<init>,"{""algorithm"": ""AES""}"
307,crypto,Cipher.doFinal,"{""inputLength"": 13}"
335,reflection,Method.invoke,"{""class"": ""android.view.ViewGroup"", ""method"": ""makeOptionalFitsSystemWindows""}"
361,reflection,Method.invoke,"{""class"": ""app.michaelwuensch.bitbanana.home.HomeActivity"", ""method"": ""onMoveToForeground""}"
365,storage,SharedPreferences.getString,"{""key"": ""lockScreenTimeoutPref""}"
368,crypto,Cipher.doFinal,"{""inputLength"": 16}"
372,crypto,Cipher.doFinal,"{""inputLength"": 16}"
382,crypto,Cipher.doFinal,"{""inputLength"": 16}"
385,crypto,Cipher.doFinal,"{""inputLength"": 16}"
389,crypto,SecretKeySpec.<init>,"{""algorithm"": ""AES""}"
395,crypto,Cipher.doFinal,"{""inputLength"": 8}"
399,crypto,Cipher.doFinal,"{""inputLength"": 16}"
402,crypto,Cipher.doFinal,"{""inputLength"": 16}"
407,crypto,Cipher.doFinal,"{""inputLength"": 16}"
415,crypto,Cipher.doFinal,"{""inputLength"": 16}"
430,crypto,SecretKeySpec.<init>,"{""algorithm"": ""AES""}"
432,crypto,Cipher.doFinal,"{""inputLength"": 13}"
475,storage,SharedPreferences.getString,"{""key"": ""current_wallet_config""}"
503,storage,SharedPreferences.getString,"{""key"": ""hideBalanceType""}"
516,reflection,Method.invoke,"{""class"": ""android.view.View"", ""method"": ""getElevation""}"
532,reflection,Method.invoke,"{""class"": ""android.view.View"", ""method"": ""getTranslationZ""}"
542,reflection,Method.invoke,"{""class"": ""android.view.View"", ""method"": ""getElevation""}"
552,reflection,Method.invoke,"{""class"": ""android.view.View"", ""method"": ""getTranslationZ""}"
566,reflection,Method.invoke,"{""class"": ""android.view.View"", ""method"": ""setAlpha""}"
575,reflection,Method.invoke,"{""class"": ""android.view.View"", ""method"": ""setAlpha""}"
585,reflection,Method.invoke,"{""class"": ""android.view.View"", ""method"": ""setAlpha""}"
599,reflection,Method.invoke,"{""class"": ""android.view.View"", ""method"": ""setScaleY""}"
607,reflection,Method.invoke,"{""class"": ""android.view.View"", ""method"": ""getElevation""}"
620,reflection,Method.invoke,"{""class"": ""android.view.View"", ""method"": ""getTranslationZ""}"
646,reflection,Method.invoke,"{""class"": ""android.view.View"", ""method"": ""setAlpha""}"
655,reflection,Method.invoke,"{""class"": ""android.view.View"", ""method"": ""setAlpha""}"
674,reflection,Method.invoke,"{""class"": ""android.view.View"", ""method"": ""setAlpha""}"
686,reflection,Method.invoke,"{""class"": ""android.view.View"", ""method"": ""setScaleY""}"
697,reflection,Method.invoke,"{""class"": ""android.view.View"", ""method"": ""setAlpha""}"
704,reflection,Method.invoke,"{""class"": ""android.view.View"", ""method"": ""setAlpha""}"
717,reflection,Method.invoke,"{""class"": ""android.view.View"", ""method"": ""setAlpha""}"
729,reflection,Method.invoke,"{""class"": ""android.view.View"", ""method"": ""setScaleY""}"
737,reflection,Method.invoke,"{""class"": ""android.view.View"", ""method"": ""setAlpha""}"
749,reflection,Method.invoke,"{""class"": ""android.view.View"", ""method"": ""setAlpha""}"
756,reflection,Method.invoke,"{""class"": ""android.view.View"", ""method"": ""setAlpha""}"
768,reflection,Method.invoke,"{""class"": ""android.view.View"", ""method"": ""setScaleY""}"
783,reflection,Method.invoke,"{""class"": ""android.view.View"", ""method"": ""setAlpha""}"
791,reflection,Method.invoke,"{""class"": ""android.view.View"", ""method"": ""setAlpha""}"
801,reflection,Method.invoke,"{""class"": ""android.view.View"", ""method"": ""setAlpha""}"
814,reflection,Method.invoke,"{""class"": ""android.view.View"", ""method"": ""setScaleY""}"
828,reflection,Method.invoke,"{""class"": ""android.view.View"", ""method"": ""setAlpha""}"
837,reflection,Method.invoke,"{""class"": ""android.view.View"", ""method"": ""setAlpha""}"
847,reflection,Method.invoke,"{""class"": ""android.view.View"", ""method"": ""setAlpha""}"
854,reflection,Method.invoke,"{""class"": ""android.view.View"", ""method"": ""setScaleY""}"
868,reflection,Method.invoke,"{""class"": ""android.view.View"", ""method"": ""setAlpha""}"
876,reflection,Method.invoke,"{""class"": ""android.view.View"", ""method"": ""setAlpha""}"
886,reflection,Method.invoke,"{""class"": ""android.view.View"", ""method"": ""setAlpha""}"
899,reflection,Method.invoke,"{""class"": ""android.view.View"", ""method"": ""setScaleY""}"
911,reflection,Method.invoke,"{""class"": ""android.view.View"", ""method"": ""setAlpha""}"
919,reflection,Method.invoke,"{""class"": ""android.view.View"", ""method"": ""setAlpha""}"
929,reflection,Method.invoke,"{""class"": ""android.view.View"", ""method"": ""setAlpha""}"
935,reflection,Method.invoke,"{""class"": ""android.view.View"", ""method"": ""setScaleY""}"
948,reflection,Method.invoke,"{""class"": ""android.view.View"", ""method"": ""setAlpha""}"
955,reflection,Method.invoke,"{""class"": ""android.view.View"", ""method"": ""setAlpha""}"
966,reflection,Method.invoke,"{""class"": ""android.view.View"", ""method"": ""setAlpha""}"
974,reflection,Method.invoke,"{""class"": ""android.view.View"", ""method"": ""setScaleY""}"
986,reflection,Method.invoke,"{""class"": ""androidx.constraintlayout.utils.widget.ImageFilterView"", ""method"": ""setRoundPercent""}"
993,reflection,Method.invoke,"{""class"": ""android.view.View"", ""method"": ""setAlpha""}"
1000,reflection,Method.invoke,"{""class"": ""androidx.constraintlayout.utils.widget.ImageFilterView"", ""method"": ""setRoundPercent""}"
1006,reflection,Method.invoke,"{""class"": ""android.view.View"", ""method"": ""setAlpha""}"
1015,reflection,Method.invoke,"{""class"": ""android.view.View"", ""method"": ""getElevation""}"
1022,reflection,Method.invoke,"{""class"": ""android.view.View"", ""method"": ""getTranslationZ""}"
1031,reflection,Method.invoke,"{""class"": ""androidx.constraintlayout.utils.widget.ImageFilterView"", ""method"": ""setRoundPercent""}"
1040,reflection,Method.invoke,"{""class"": ""android.view.View"", ""method"": ""setAlpha""}"
1047,reflection,Method.invoke,"{""class"": ""androidx.constraintlayout.utils.widget.ImageFilterView"", ""method"": ""setRoundPercent""}"
1054,reflection,Method.invoke,"{""class"": ""android.view.View"", ""method"": ""setAlpha""}"
1062,reflection,Method.invoke,"{""class"": ""androidx.constraintlayout.utils.widget.ImageFilterView"", ""method"": ""setRoundPercent""}"
1069,reflection,Method.invoke,"{""class"": ""android.view.View"", ""method"": ""setAlpha""}"
1076,reflection,Method.invoke,"{""class"": ""androidx.constraintlayout.utils.widget.ImageFilterView"", ""method"": ""setRoundPercent""}"
1083,reflection,Method.invoke,"{""class"": ""android.view.View"", ""method"": ""setAlpha""}"
1137,storage,SharedPreferences.getInt,"{""key"": ""currentCurrencyIndex""}"
1139,storage,SharedPreferences.getInt,"{""key"": ""currentCurrencyIndex""}"
1144,storage,SharedPreferences.getInt,"{""key"": ""currentCurrencyIndex""}"
1147,storage,SharedPreferences.getInt,"{""key"": ""currentCurrencyIndex""}"
1149,storage,SharedPreferences.getInt,"{""key"": ""currentCurrencyIndex""}"
1152,storage,SharedPreferences.getInt,"{""key"": ""currentCurrencyIndex""}"
1154,storage,SharedPreferences.getInt,"{""key"": ""currentCurrencyIndex""}"
1157,storage,SharedPreferences.getInt,"{""key"": ""currentCurrencyIndex""}"
1166,storage,SharedPreferences.getInt,"{""key"": ""currentCurrencyIndex""}"
1168,storage,SharedPreferences.getInt,"{""key"": ""currentCurrencyIndex""}"
1171,storage,SharedPreferences.getInt,"{""key"": ""currentCurrencyIndex""}"
1173,storage,SharedPreferences.getInt,"{""key"": ""currentCurrencyIndex""}"
1182,storage,SharedPreferences.getInt,"{""key"": ""currentCurrencyIndex""}"
1188,storage,SharedPreferences.getString,"{""key"": ""current_wallet_config""}"
1220,reflection,Method.invoke,"{""class"": ""android.view.View"", ""method"": ""setAlpha""}"
1231,reflection,Method.invoke,"{""class"": ""android.view.View"", ""method"": ""setAlpha""}"
1238,reflection,Method.invoke,"{""class"": ""android.view.View"", ""method"": ""setAlpha""}"
1250,reflection,Method.invoke,"{""class"": ""android.view.View"", ""method"": ""setScaleY""}"
1257,reflection,Method.invoke,"{""class"": ""android.view.View"", ""method"": ""setAlpha""}"
1269,reflection,Method.invoke,"{""class"": ""android.view.View"", ""method"": ""setAlpha""}"
1281,reflection,Method.invoke,"{""class"": ""android.view.View"", ""method"": ""setAlpha""}"
1288,reflection,Method.invoke,"{""class"": ""android.view.View"", ""method"": ""setScaleY""}"
4040,reflection,Method.invoke,"{""class"": ""android.view.View"", ""method"": ""getElevation""}"
4040,reflection,Method.invoke,"{""class"": ""android.view.View"", ""method"": ""getTranslationZ""}"
4072,storage,SharedPreferences.getInt,"{""key"": ""currentCurrencyIndex""}"
4075,reflection,Method.invoke,"{""class"": ""android.view.ViewGroup"", ""method"": ""makeOptionalFitsSystemWindows""}"
4087,reflection,Method.invoke,"{""class"": ""android.view.View"", ""method"": ""getViewRootImpl""}"
4088,reflection,Method.invoke,"{""class"": ""android.view.View"", ""method"": ""getViewRootImpl""}"
4090,reflection,Method.invoke,"{""class"": ""android.view.View"", ""method"": ""getViewRootImpl""}"
4091,reflection,Method.invoke,"{""class"": ""android.view.View"", ""method"": ""getViewRootImpl""}"
4104,reflection,Method.invoke,"{""class"": ""android.view.View"", ""method"": ""getViewRootImpl""}"
4137,reflection,Method.invoke,"{""class"": ""android.view.View"", ""method"": ""getViewRootImpl""}"
4138,reflection,Method.invoke,"{""class"": ""android.view.View"", ""method"": ""getViewRootImpl""}"
4188,reflection,Method.invoke,"{""class"": ""android.view.View"", ""method"": ""getElevation""}"
4212,reflection,Method.invoke,"{""class"": ""android.view.View"", ""method"": ""getTranslationZ""}"
4238,reflection,Method.invoke,"{""class"": ""android.view.View"", ""method"": ""getViewRootImpl""}"
4264,reflection,Method.invoke,"{""class"": ""android.view.View"", ""method"": ""getViewRootImpl""}"
7217,reflection,Method.invoke,"{""class"": ""android.view.View"", ""method"": ""getViewRootImpl""}"
7218,reflection,Method.invoke,"{""class"": ""android.view.View"", ""method"": ""getViewRootImpl""}"
7232,reflection,Method.invoke,"{""class"": ""android.view.View"", ""method"": ""getViewRootImpl""}"
7238,reflection,Method.invoke,"{""class"": ""android.view.View"", ""method"": ""getViewRootImpl""}"
7240,reflection,Method.invoke,"{""class"": ""android.view.View"", ""method"": ""setAlpha""}"
7241,reflection,Method.invoke,"{""class"": ""android.view.View"", ""method"": ""setAlpha""}"
7242,reflection,Method.invoke,"{""class"": ""android.view.View"", ""method"": ""setAlpha""}"
7242,reflection,Method.invoke,"{""class"": ""android.view.View"", ""method"": ""setScaleY""}"
7248,reflection,Method.invoke,"{""class"": ""android.view.View"", ""method"": ""setAlpha""}"
7248,reflection,Method.invoke,"{""class"": ""android.view.View"", ""method"": ""setAlpha""}"
7248,reflection,Method.invoke,"{""class"": ""android.view.View"", ""method"": ""setAlpha""}"
7249,reflection,Method.invoke,"{""class"": ""android.view.View"", ""method"": ""setScaleY""}"
7252,reflection,Method.invoke,"{""class"": ""androidx.constraintlayout.utils.widget.ImageFilterView"", ""method"": ""setRoundPercent""}"
7253,reflection,Method.invoke,"{""class"": ""android.view.View"", ""method"": ""setAlpha""}"
7253,reflection,Method.invoke,"{""class"": ""androidx.constraintlayout.utils.widget.ImageFilterView"", ""method"": ""setRoundPercent""}"
7254,reflection,Method.invoke,"{""class"": ""android.view.View"", ""method"": ""setAlpha""}"
7360,reflection,Method.invoke,"{""class"": ""android.view.View"", ""method"": ""setAlpha""}"
7363,reflection,Method.invoke,"{""class"": ""android.view.View"", ""method"": ""setAlpha""}"
7370,reflection,Method.invoke,"{""class"": ""android.view.View"", ""method"": ""setAlpha""}"
7371,reflection,Method.invoke,"{""class"": ""android.view.View"", ""method"": ""setScaleY""}"
7371,reflection,Method.invoke,"{""class"": ""android.view.View"", ""method"": ""setAlpha""}"
7372,reflection,Method.invoke,"{""class"": ""android.view.View"", ""method"": ""setAlpha""}"
7372,reflection,Method.invoke,"{""class"": ""android.view.View"", ""method"": ""setAlpha""}"
7374,reflection,Method.invoke,"{""class"": ""android.view.View"", ""method"": ""setScaleY""}"
7378,reflection,Method.invoke,"{""class"": ""androidx.constraintlayout.utils.widget.ImageFilterView"", ""method"": ""setRoundPercent""}"
7378,reflection,Method.invoke,"{""class"": ""android.view.View"", ""method"": ""setAlpha""}"
7382,reflection,Method.invoke,"{""class"": ""androidx.constraintlayout.utils.widget.ImageFilterView"", ""method"": ""setRoundPercent""}"
7388,reflection,Method.invoke,"{""class"": ""android.view.View"", ""method"": ""setAlpha""}"
7438,reflection,Method.invoke,"{""class"": ""android.view.View"", ""method"": ""getViewRootImpl""}"
7438,reflection,Method.invoke,"{""class"": ""android.view.View"", ""method"": ""getViewRootImpl""}"
7464,reflection,Method.invoke,"{""class"": ""android.view.View"", ""method"": ""getViewRootImpl""}"
7464,reflection,Method.invoke,"{""class"": ""android.view.View"", ""method"": ""getViewRootImpl""}"
10235,reflection,Method.invoke,"{""class"": ""net.yslibrary.android.keyboardvisibilityevent.KeyboardVisibilityEvent$setEventListener$1"", ""method"": ""onDestroy""}"
10291,reflection,Method.invoke,"{""class"": ""android.view.View"", ""method"": ""setAlpha""}"
10291,reflection,Method.invoke,"{""class"": ""android.view.View"", ""method"": ""setAlpha""}"
10292,reflection,Method.invoke,"{""class"": ""android.view.View"", ""method"": ""setAlpha""}"
10293,reflection,Method.invoke,"{""class"": ""android.view.View"", ""method"": ""setScaleY""}"
10294,reflection,Method.invoke,"{""class"": ""android.view.View"", ""method"": ""setAlpha""}"
10294,reflection,Method.invoke,"{""class"": ""android.view.View"", ""method"": ""setAlpha""}"
10295,reflection,Method.invoke,"{""class"": ""android.view.View"", ""method"": ""setAlpha""}"
10296,reflection,Method.invoke,"{""class"": ""android.view.View"", ""method"": ""setScaleY""}"
10297,reflection,Method.invoke,"{""class"": ""androidx.constraintlayout.utils.widget.ImageFilterView"", ""method"": ""setRoundPercent""}"
10298,reflection,Method.invoke,"{""class"": ""android.view.View"", ""method"": ""setAlpha""}"
10299,reflection,Method.invoke,"{""class"": ""androidx.constraintlayout.utils.widget.ImageFilterView"", ""method"": ""setRoundPercent""}"
10300,reflection,Method.invoke,"{""class"": ""android.view.View"", ""method"": ""setAlpha""}"
10439,storage,SharedPreferences.getString,"{""key"": ""exchangeRateProvider""}"
10589,file_io,File.delete,"{""path"": ""/data/user/0/app.michaelwuensch.bitbanana/shared_prefs/app.michaelwuensch.bitbanana_preferences.xml.bak""}"
10590,storage,SharedPreferences.putString,"{""key"": ""fiat_AED""}"
10591,storage,SharedPreferences.putString,"{""key"": ""fiat_AFN""}"
10593,storage,SharedPreferences.putString,"{""key"": ""fiat_ALL""}"
10593,storage,SharedPreferences.putString,"{""key"": ""fiat_AMD""}"
10594,storage,SharedPreferences.putString,"{""key"": ""fiat_ANG""}"
10594,storage,SharedPreferences.putString,"{""key"": ""fiat_AOA""}"
10595,storage,SharedPreferences.putString,"{""key"": ""fiat_ARS""}"
10596,storage,SharedPreferences.putString,"{""key"": ""fiat_AUD""}"
10598,storage,SharedPreferences.putString,"{""key"": ""fiat_AWG""}"
10598,storage,SharedPreferences.putString,"{""key"": ""fiat_AZN""}"
10599,storage,SharedPreferences.putString,"{""key"": ""fiat_BAM""}"
10600,storage,SharedPreferences.putString,"{""key"": ""fiat_BBD""}"
10601,storage,SharedPreferences.putString,"{""key"": ""fiat_BDT""}"
10602,storage,SharedPreferences.putString,"{""key"": ""fiat_BGN""}"
10603,storage,SharedPreferences.putString,"{""key"": ""fiat_BHD""}"
10603,storage,SharedPreferences.putString,"{""key"": ""fiat_BIF""}"
10604,storage,SharedPreferences.putString,"{""key"": ""fiat_BMD""}"
10605,storage,SharedPreferences.putString,"{""key"": ""fiat_BND""}"
10605,storage,SharedPreferences.putString,"{""key"": ""fiat_BOB""}"
10606,storage,SharedPreferences.putString,"{""key"": ""fiat_BRL""}"
10607,storage,SharedPreferences.putString,"{""key"": ""fiat_BSD""}"
10612,storage,SharedPreferences.putString,"{""key"": ""fiat_BTN""}"
10612,storage,SharedPreferences.putString,"{""key"": ""fiat_BWP""}"
10614,storage,SharedPreferences.putString,"{""key"": ""fiat_BYN""}"
10614,storage,SharedPreferences.putString,"{""key"": ""fiat_BZD""}"
10615,storage,SharedPreferences.putString,"{""key"": ""fiat_CAD""}"
10616,storage,SharedPreferences.putString,"{""key"": ""fiat_CDF""}"
10617,storage,SharedPreferences.putString,"{""key"": ""fiat_CHF""}"
10617,storage,SharedPreferences.putString,"{""key"": ""fiat_CLP""}"
10618,storage,SharedPreferences.putString,"{""key"": ""fiat_CNY""}"
10618,storage,SharedPreferences.putString,"{""key"": ""fiat_COP""}"
10619,storage,SharedPreferences.putString,"{""key"": ""fiat_CRC""}"
10620,storage,SharedPreferences.putString,"{""key"": ""fiat_CUP""}"
10621,storage,SharedPreferences.putString,"{""key"": ""fiat_CVE""}"
10622,storage,SharedPreferences.putString,"{""key"": ""fiat_CZK""}"
10624,storage,SharedPreferences.putString,"{""key"": ""fiat_DJF""}"
10625,storage,SharedPreferences.putString,"{""key"": ""fiat_DKK""}"
10625,storage,SharedPreferences.putString,"{""key"": ""fiat_DOP""}"
10626,storage,SharedPreferences.putString,"{""key"": ""fiat_DZD""}"
10627,storage,SharedPreferences.putString,"{""key"": ""fiat_EGP""}"
10627,storage,SharedPreferences.putString,"{""key"": ""fiat_ERN""}"
10628,storage,SharedPreferences.putString,"{""key"": ""fiat_ESP""}"
10629,storage,SharedPreferences.putString,"{""key"": ""fiat_ETB""}"
10630,storage,SharedPreferences.putString,"{""key"": ""fiat_EUR""}"
10630,storage,SharedPreferences.putString,"{""key"": ""fiat_FJD""}"
10631,storage,SharedPreferences.putString,"{""key"": ""fiat_FKP""}"
10631,storage,SharedPreferences.putString,"{""key"": ""fiat_GBP""}"
10632,storage,SharedPreferences.putString,"{""key"": ""fiat_GEL""}"
10633,storage,SharedPreferences.putString,"{""key"": ""fiat_GHS""}"
10634,storage,SharedPreferences.putString,"{""key"": ""fiat_GIP""}"
10635,storage,SharedPreferences.putString,"{""key"": ""fiat_GMD""}"
10636,storage,SharedPreferences.putString,"{""key"": ""fiat_GNF""}"
10636,storage,SharedPreferences.putString,"{""key"": ""fiat_GTQ""}"
10637,storage,SharedPreferences.putString,"{""key"": ""fiat_GYD""}"
10638,storage,SharedPreferences.putString,"{""key"": ""fiat_HKD""}"
10639,storage,SharedPreferences.putString,"{""key"": ""fiat_HNL""}"
10640,storage,SharedPreferences.putString,"{""key"": ""fiat_HRK""}"
10640,storage,SharedPreferences.putString,"{""key"": ""fiat_HTG""}"
10641,storage,SharedPreferences.putString,"{""key"": ""fiat_HUF""}"
10641,storage,SharedPreferences.putString,"{""key"": ""fiat_IDR""}"
10642,storage,SharedPreferences.putString,"{""key"": ""fiat_ILS""}"
10642,storage,SharedPreferences.putString,"{""key"": ""fiat_INR""}"
10643,storage,SharedPreferences.putString,"{""key"": ""fiat_IQD""}"
10644,storage,SharedPreferences.putString,"{""key"": ""fiat_IRR""}"
10644,storage,SharedPreferences.putString,"{""key"": ""fiat_ISK""}"
10645,storage,SharedPreferences.putString,"{""key"": ""fiat_JMD""}"
10646,storage,SharedPreferences.putString,"{""key"": ""fiat_JOD""}"
10647,storage,SharedPreferences.putString,"{""key"": ""fiat_JPY""}"
10648,storage,SharedPreferences.putString,"{""key"": ""fiat_KES""}"
10649,storage,SharedPreferences.putString,"{""key"": ""fiat_KGS""}"
10649,storage,SharedPreferences.putString,"{""key"": ""fiat_KHR""}"
10650,storage,SharedPreferences.putString,"{""key"": ""fiat_KMF""}"
10651,storage,SharedPreferences.putString,"{""key"": ""fiat_KRW""}"
10652,storage,SharedPreferences.putString,"{""key"": ""fiat_KWD""}"
10652,storage,SharedPreferences.putString,"{""key"": ""fiat_KYD""}"
10653,storage,SharedPreferences.putString,"{""key"": ""fiat_KZT""}"
10654,storage,SharedPreferences.putString,"{""key"": ""fiat_LAK""}"
10655,storage,SharedPreferences.putString,"{""key"": ""fiat_LBP""}"
10656,storage,SharedPreferences.putString,"{""key"": ""fiat_LKR""}"
10656,storage,SharedPreferences.putString,"{""key"": ""fiat_LRD""}"
10657,storage,SharedPreferences.putString,"{""key"": ""fiat_LSL""}"
10663,storage,SharedPreferences.putString,"{""key"": ""fiat_LYD""}"
10664,storage,SharedPreferences.putString,"{""key"": ""fiat_MAD""}"
10665,storage,SharedPreferences.putString,"{""key"": ""fiat_MDL""}"
10666,storage,SharedPreferences.putString,"{""key"": ""fiat_MGA""}"
10666,storage,SharedPreferences.putString,"{""key"": ""fiat_MKD""}"
10667,storage,SharedPreferences.putString,"{""key"": ""fiat_MMK""}"
10668,storage,SharedPreferences.putString,"{""key"": ""fiat_MNT""}"
10669,storage,SharedPreferences.putString,"{""key"": ""fiat_MOP""}"
10669,storage,SharedPreferences.putString,"{""key"": ""fiat_MRU""}"
10671,storage,SharedPreferences.putString,"{""key"": ""fiat_MTL""}"
10671,storage,SharedPreferences.putString,"{""key"": ""fiat_MUR""}"
10672,storage,SharedPreferences.putString,"{""key"": ""fiat_MVR""}"
10672,storage,SharedPreferences.putString,"{""key"": ""fiat_MWK""}"
10673,storage,SharedPreferences.putString,"{""key"": ""fiat_MXN""}"
10674,storage,SharedPreferences.putString,"{""key"": ""fiat_MYR""}"
10675,storage,SharedPreferences.putString,"{""key"": ""fiat_MZN""}"
10675,storage,SharedPreferences.putString,"{""key"": ""fiat_NAD""}"
10677,storage,SharedPreferences.putString,"{""key"": ""fiat_NGN""}"
10678,storage,SharedPreferences.putString,"{""key"": ""fiat_NIO""}"
10679,storage,SharedPreferences.putString,"{""key"": ""fiat_NOK""}"
10680,storage,SharedPreferences.putString,"{""key"": ""fiat_NPR""}"
10681,storage,SharedPreferences.putString,"{""key"": ""fiat_NZD""}"
10682,storage,SharedPreferences.putString,"{""key"": ""fiat_OMR""}"
10682,storage,SharedPreferences.putString,"{""key"": ""fiat_PAB""}"
10683,storage,SharedPreferences.putString,"{""key"": ""fiat_PEN""}"
10684,storage,SharedPreferences.putString,"{""key"": ""fiat_PGK""}"
10691,storage,SharedPreferences.putString,"{""key"": ""fiat_PHP""}"
10692,storage,SharedPreferences.putString,"{""key"": ""fiat_PKR""}"
10693,storage,SharedPreferences.putString,"{""key"": ""fiat_PLN""}"
10693,storage,SharedPreferences.putString,"{""key"": ""fiat_PYG""}"
10694,storage,SharedPreferences.putString,"{""key"": ""fiat_QAR""}"
10695,storage,SharedPreferences.putString,"{""key"": ""fiat_RON""}"
10695,storage,SharedPreferences.putString,"{""key"": ""fiat_RSD""}"
10696,storage,SharedPreferences.putString,"{""key"": ""fiat_RUB""}"
10697,storage,SharedPreferences.putString,"{""key"": ""fiat_RWF""}"
10698,storage,SharedPreferences.putString,"{""key"": ""fiat_SAR""}"
10699,storage,SharedPreferences.putString,"{""key"": ""fiat_SBD""}"
10700,storage,SharedPreferences.putString,"{""key"": ""fiat_SCR""}"
10700,storage,SharedPreferences.putString,"{""key"": ""fiat_SDG""}"
10701,storage,SharedPreferences.putString,"{""key"": ""fiat_SEK""}"
10701,storage,SharedPreferences.putString,"{""key"": ""fiat_SGD""}"
10702,storage,SharedPreferences.putString,"{""key"": ""fiat_SHP""}"
10702,storage,SharedPreferences.putString,"{""key"": ""fiat_SOS""}"
10703,storage,SharedPreferences.putString,"{""key"": ""fiat_SRD""}"
10704,storage,SharedPreferences.putString,"{""key"": ""fiat_SSP""}"
10705,storage,SharedPreferences.putString,"{""key"": ""fiat_SVC""}"
10706,storage,SharedPreferences.putString,"{""key"": ""fiat_SYP""}"
10706,storage,SharedPreferences.putString,"{""key"": ""fiat_SZL""}"
10707,storage,SharedPreferences.putString,"{""key"": ""fiat_THB""}"
10708,storage,SharedPreferences.putString,"{""key"": ""fiat_TJS""}"
10708,storage,SharedPreferences.putString,"{""key"": ""fiat_TMT""}"
10709,storage,SharedPreferences.putString,"{""key"": ""fiat_TND""}"
10709,storage,SharedPreferences.putString,"{""key"": ""fiat_TOP""}"
10710,storage,SharedPreferences.putString,"{""key"": ""fiat_TRY""}"
10711,storage,SharedPreferences.putString,"{""key"": ""fiat_TTD""}"
10711,storage,SharedPreferences.putString,"{""key"": ""fiat_TWD""}"
10712,storage,SharedPreferences.putString,"{""key"": ""fiat_TZS""}"
10713,storage,SharedPreferences.putString,"{""key"": ""fiat_UAH""}"
10713,storage,SharedPreferences.putString,"{""key"": ""fiat_UGX""}"
10714,storage,SharedPreferences.putString,"{""key"": ""fiat_USD""}"
10715,storage,SharedPreferences.putString,"{""key"": ""fiat_UYU""}"
10716,storage,SharedPreferences.putString,"{""key"": ""fiat_UZS""}"
10717,storage,SharedPreferences.putString,"{""key"": ""fiat_VES""}"
10717,storage,SharedPreferences.putString,"{""key"": ""fiat_VND""}"
10718,storage,SharedPreferences.putString,"{""key"": ""fiat_VUV""}"
10719,storage,SharedPreferences.putString,"{""key"": ""fiat_WST""}"
10720,storage,SharedPreferences.putString,"{""key"": ""fiat_XAF""}"
10721,storage,SharedPreferences.putString,"{""key"": ""fiat_XCD""}"
10721,storage,SharedPreferences.putString,"{""key"": ""fiat_XOF""}"
10722,storage,SharedPreferences.putString,"{""key"": ""fiat_XPF""}"
10722,storage,SharedPreferences.putString,"{""key"": ""fiat_YER""}"
10723,storage,SharedPreferences.putString,"{""key"": ""fiat_ZAR""}"
10723,storage,SharedPreferences.putString,"{""key"": ""fiat_ZMW""}"
10724,storage,SharedPreferences.putString,"{""key"": ""fiat_available""}"
10727,file_io,File.delete,"{""path"": ""/data/user/0/app.michaelwuensch.bitbanana/shared_prefs/app.michaelwuensch.bitbanana_preferences.xml.bak""}"
10731,storage,SharedPreferences.getString,"{""key"": ""secondCurrency""}"
10732,storage,SharedPreferences.getString,"{""key"": ""fiat_available""}"
10732,storage,SharedPreferences.getString,"{""key"": ""thirdCurrency""}"
10733,storage,SharedPreferences.getString,"{""key"": ""fiat_available""}"
10734,storage,SharedPreferences.getString,"{""key"": ""thirdCurrency""}"
10734,storage,SharedPreferences.getString,"{""key"": ""fiat_available""}"
10735,storage,SharedPreferences.putString,"{""key"": ""thirdCurrency""}"
10736,storage,SharedPreferences.getString,"{""key"": ""forthCurrency""}"
10736,storage,SharedPreferences.getString,"{""key"": ""fiat_available""}"
10738,storage,SharedPreferences.putString,"{""key"": ""forthCurrency""}"
10738,storage,SharedPreferences.getString,"{""key"": ""fifthCurrency""}"
10739,storage,SharedPreferences.getString,"{""key"": ""fiat_available""}"
10739,storage,SharedPreferences.putString,"{""key"": ""fifthCurrency""}"
10741,storage,SharedPreferences.getString,"{""key"": ""firstCurrency""}"
10741,storage,SharedPreferences.getString,"{""key"": ""secondCurrency""}"
10742,storage,SharedPreferences.getString,"{""key"": ""fiat_USD""}"
10742,storage,SharedPreferences.getString,"{""key"": ""thirdCurrency""}"
10743,storage,SharedPreferences.getString,"{""key"": ""forthCurrency""}"
10744,storage,SharedPreferences.getString,"{""key"": ""fifthCurrency""}"
10744,storage,SharedPreferences.getInt,"{""key"": ""currentCurrencyIndex""}"
10749,storage,SharedPreferences.getInt,"{""key"": ""currentCurrencyIndex""}"
10763,storage,SharedPreferences.getInt,"{""key"": ""currentCurrencyIndex""}"
10776,storage,SharedPreferences.getInt,"{""key"": ""currentCurrencyIndex""}"
10780,storage,SharedPreferences.getInt,"{""key"": ""currentCurrencyIndex""}"
10786,storage,SharedPreferences.getInt,"{""key"": ""currentCurrencyIndex""}"
10788,storage,SharedPreferences.getInt,"{""key"": ""currentCurrencyIndex""}"
10790,storage,SharedPreferences.getInt,"{""key"": ""currentCurrencyIndex""}"
10792,storage,SharedPreferences.getInt,"{""key"": ""currentCurrencyIndex""}"
10794,storage,SharedPreferences.getInt,"{""key"": ""currentCurrencyIndex""}"
10796,storage,SharedPreferences.getInt,"{""key"": ""currentCurrencyIndex""}"
10799,storage,SharedPreferences.getInt,"{""key"": ""currentCurrencyIndex""}"
10801,storage,SharedPreferences.getInt,"{""key"": ""currentCurrencyIndex""}"
10804,storage,SharedPreferences.getInt,"{""key"": ""currentCurrencyIndex""}"
10812,reflection,Method.invoke,"{""class"": ""android.view.View"", ""method"": ""setAlpha""}"
10819,reflection,Method.invoke,"{""class"": ""android.view.View"", ""method"": ""setAlpha""}"
10826,reflection,Method.invoke,"{""class"": ""android.view.View"", ""method"": ""setAlpha""}"
10833,reflection,Method.invoke,"{""class"": ""android.view.View"", ""method"": ""setScaleY""}"
10841,reflection,Method.invoke,"{""class"": ""android.view.View"", ""method"": ""setAlpha""}"
10848,reflection,Method.invoke,"{""class"": ""android.view.View"", ""method"": ""setAlpha""}"
10858,reflection,Method.invoke,"{""class"": ""android.view.View"", ""method"": ""setAlpha""}"
10864,reflection,Method.invoke,"{""class"": ""android.view.View"", ""method"": ""setScaleY""}"
13598,reflection,Method.invoke,"{""class"": ""android.view.View"", ""method"": ""getElevation""}"
13604,reflection,Method.invoke,"{""class"": ""android.view.View"", ""method"": ""getTranslationZ""}"
13698,reflection,Method.invoke,"{""class"": ""android.view.ViewGroup"", ""method"": ""makeOptionalFitsSystemWindows""}"
13780,crypto,Cipher.doFinal,"{""inputLength"": 16}"
13786,crypto,Cipher.doFinal,"{""inputLength"": 16}"
13795,crypto,Cipher.doFinal,"{""inputLength"": 16}"
13797,crypto,Cipher.doFinal,"{""inputLength"": 16}"
13805,crypto,SecretKeySpec.<init>,"{""algorithm"": ""AES""}"
13812,crypto,Cipher.doFinal,"{""inputLength"": 8}"
13816,storage,SharedPreferences.getString,"{""key"": ""AUUbOzL/7Z7WXjJs80meRuiJf4gAlavtw0lo9Jc=""}"
13853,reflection,Method.invoke,"{""class"": ""android.view.View"", ""method"": ""getElevation""}"
13865,reflection,Method.invoke,"{""class"": ""android.view.View"", ""method"": ""getTranslationZ""}"
13879,reflection,Method.invoke,"{""class"": ""android.view.View"", ""method"": ""getElevation""}"
13888,reflection,Method.invoke,"{""class"": ""android.view.View"", ""method"": ""getElevation""}"
13895,reflection,Method.invoke,"{""class"": ""android.view.View"", ""method"": ""getElevation""}"
13903,reflection,Method.invoke,"{""class"": ""android.view.View"", ""method"": ""getViewRootImpl""}"
13908,reflection,Method.invoke,"{""class"": ""android.view.View"", ""method"": ""getViewRootImpl""}"
13921,reflection,Method.invoke,"{""class"": ""android.view.View"", ""method"": ""getViewRootImpl""}"
13935,reflection,Method.invoke,"{""class"": ""android.view.View"", ""method"": ""getViewRootImpl""}"
14039,reflection,Method.invoke,"{""class"": ""android.view.View"", ""method"": ""getViewRootImpl""}"
14050,reflection,Method.invoke,"{""class"": ""android.view.View"", ""method"": ""getViewRootImpl""}"
16887,reflection,Method.invoke,"{""class"": ""android.view.View"", ""method"": ""getViewRootImpl""}"
16902,reflection,Method.invoke,"{""class"": ""android.view.View"", ""method"": ""getViewRootImpl""}"
16919,reflection,Method.invoke,"{""class"": ""android.view.View"", ""method"": ""getViewRootImpl""}"
16929,reflection,Method.invoke,"{""class"": ""android.view.View"", ""method"": ""getViewRootImpl""}"
22585,reflection,Method.invoke,"{""class"": ""android.view.ViewGroup"", ""method"": ""makeOptionalFitsSystemWindows""}"
22711,reflection,Method.invoke,"{""class"": ""androidx.camera.lifecycle.LifecycleCamera"", ""method"": ""onStart""}"
22711,reflection,Method.invoke,"{""class"": ""androidx.camera.lifecycle.LifecycleCamera"", ""method"": ""onResume""}"
22712,reflection,Method.invoke,"{""class"": ""androidx.camera.lifecycle.LifecycleCameraRepository$LifecycleCameraRepositoryObserver"", ""method"": ""onStart""}"
25764,reflection,Method.invoke,"{""class"": ""androidx.camera.lifecycle.LifecycleCamera"", ""method"": ""onPause""}"
26297,reflection,Method.invoke,"{""class"": ""androidx.camera.lifecycle.LifecycleCameraRepository$LifecycleCameraRepositoryObserver"", ""method"": ""onStop""}"
26303,reflection,Method.invoke,"{""class"": ""androidx.camera.lifecycle.LifecycleCamera"", ""method"": ""onStop""}"
26491,reflection,Method.invoke,"{""class"": ""app.michaelwuensch.bitbanana.home.HomeActivity"", ""method"": ""onMoveToBackground""}"
27604,reflection,Method.invoke,"{""class"": ""androidx.camera.lifecycle.LifecycleCameraRepository$LifecycleCameraRepositoryObserver"", ""method"": ""onDestroy""}"
27605,reflection,Method.invoke,"{""class"": ""androidx.camera.lifecycle.LifecycleCamera"", ""method"": ""onDestroy""}"
27621,storage,SharedPreferences.getInt,"{""key"": ""settings_ver""}"
27622,storage,SharedPreferences.getString,"{""key"": ""lockScreenTimeoutPref""}"
27664,reflection,Method.invoke,"{""class"": ""android.view.ViewGroup"", ""method"": ""makeOptionalFitsSystemWindows""}"
27671,reflection,Method.invoke,"{""class"": ""app.michaelwuensch.bitbanana.home.HomeActivity"", ""method"": ""onMoveToForeground""}"
27671,storage,SharedPreferences.getString,"{""key"": ""lockScreenTimeoutPref""}"
27693,storage,SharedPreferences.getString,"{""key"": ""current_wallet_config""}"
27699,storage,SharedPreferences.getString,"{""key"": ""hideBalanceType""}"
27700,reflection,Method.invoke,"{""class"": ""android.view.View"", ""method"": ""getElevation""}"
27700,reflection,Method.invoke,"{""class"": ""android.view.View"", ""method"": ""getTranslationZ""}"
27701,reflection,Method.invoke,"{""class"": ""android.view.View"", ""method"": ""getElevation""}"
27702,reflection,Method.invoke,"{""class"": ""android.view.View"", ""method"": ""getTranslationZ""}"
27704,reflection,Method.invoke,"{""class"": ""android.view.View"", ""method"": ""setAlpha""}"
27705,reflection,Method.invoke,"{""class"": ""android.view.View"", ""method"": ""setAlpha""}"
27706,reflection,Method.invoke,"{""class"": ""android.view.View"", ""method"": ""setAlpha""}"
27707,reflection,Method.invoke,"{""class"": ""android.view.View"", ""method"": ""setScaleY""}"
27708,reflection,Method.invoke,"{""class"": ""android.view.View"", ""method"": ""getElevation""}"
27713,reflection,Method.invoke,"{""class"": ""android.view.View"", ""method"": ""getTranslationZ""}"
27718,reflection,Method.invoke,"{""class"": ""android.view.View"", ""method"": ""setAlpha""}"
27719,reflection,Method.invoke,"{""class"": ""android.view.View"", ""method"": ""setAlpha""}"
27720,reflection,Method.invoke,"{""class"": ""android.view.View"", ""method"": ""setAlpha""}"
27721,reflection,Method.invoke,"{""class"": ""android.view.View"", ""method"": ""setScaleY""}"
27722,reflection,Method.invoke,"{""class"": ""android.view.View"", ""method"": ""setAlpha""}"
27724,reflection,Method.invoke,"{""class"": ""android.view.View"", ""method"": ""setAlpha""}"
27725,reflection,Method.invoke,"{""class"": ""android.view.View"", ""method"": ""setAlpha""}"
27729,reflection,Method.invoke,"{""class"": ""android.view.View"", ""method"": ""setScaleY""}"
27732,reflection,Method.invoke,"{""class"": ""android.view.View"", ""method"": ""setAlpha""}"
27733,reflection,Method.invoke,"{""class"": ""android.view.View"", ""method"": ""setAlpha""}"
27733,reflection,Method.invoke,"{""class"": ""android.view.View"", ""method"": ""setAlpha""}"
27734,reflection,Method.invoke,"{""class"": ""android.view.View"", ""method"": ""setScaleY""}"
27735,reflection,Method.invoke,"{""class"": ""android.view.View"", ""method"": ""setAlpha""}"
27735,reflection,Method.invoke,"{""class"": ""android.view.View"", ""method"": ""setAlpha""}"
27736,reflection,Method.invoke,"{""class"": ""android.view.View"", ""method"": ""setAlpha""}"
27737,reflection,Method.invoke,"{""class"": ""android.view.View"", ""method"": ""setScaleY""}"
27749,reflection,Method.invoke,"{""class"": ""android.view.View"", ""method"": ""setAlpha""}"
27750,reflection,Method.invoke,"{""class"": ""android.view.View"", ""method"": ""setAlpha""}"
27751,reflection,Method.invoke,"{""class"": ""android.view.View"", ""method"": ""setAlpha""}"
27751,reflection,Method.invoke,"{""class"": ""android.view.View"", ""method"": ""setScaleY""}"
27752,reflection,Method.invoke,"{""class"": ""android.view.View"", ""method"": ""setAlpha""}"
27753,reflection,Method.invoke,"{""class"": ""android.view.View"", ""method"": ""setAlpha""}"
27753,reflection,Method.invoke,"{""class"": ""android.view.View"", ""method"": ""setAlpha""}"
27754,reflection,Method.invoke,"{""class"": ""android.view.View"", ""method"": ""setScaleY""}"
27755,reflection,Method.invoke,"{""class"": ""android.view.View"", ""method"": ""setAlpha""}"
27756,reflection,Method.invoke,"{""class"": ""android.view.View"", ""method"": ""setAlpha""}"
27757,reflection,Method.invoke,"{""class"": ""android.view.View"", ""method"": ""setAlpha""}"
27763,reflection,Method.invoke,"{""class"": ""android.view.View"", ""method"": ""setScaleY""}"
27764,reflection,Method.invoke,"{""class"": ""android.view.View"", ""method"": ""setAlpha""}"
27765,reflection,Method.invoke,"{""class"": ""android.view.View"", ""method"": ""setAlpha""}"
27765,reflection,Method.invoke,"{""class"": ""android.view.View"", ""method"": ""setAlpha""}"
27766,reflection,Method.invoke,"{""class"": ""android.view.View"", ""method"": ""setScaleY""}"
27767,reflection,Method.invoke,"{""class"": ""androidx.constraintlayout.utils.widget.ImageFilterView"", ""method"": ""setRoundPercent""}"
27768,reflection,Method.invoke,"{""class"": ""android.view.View"", ""method"": ""setAlpha""}"
27769,reflection,Method.invoke,"{""class"": ""androidx.constraintlayout.utils.widget.ImageFilterView"", ""method"": ""setRoundPercent""}"
27770,reflection,Method.invoke,"{""class"": ""android.view.View"", ""method"": ""setAlpha""}"
27770,reflection,Method.invoke,"{""class"": ""android.view.View"", ""method"": ""getElevation""}"
27771,reflection,Method.invoke,"{""class"": ""android.view.View"", ""method"": ""getTranslationZ""}"
27772,reflection,Method.invoke,"{""class"": ""androidx.constraintlayout.utils.widget.ImageFilterView"", ""method"": ""setRoundPercent""}"
27772,reflection,Method.invoke,"{""class"": ""android.view.View"", ""method"": ""setAlpha""}"
27773,reflection,Method.invoke,"{""class"": ""androidx.constraintlayout.utils.widget.ImageFilterView"", ""method"": ""setRoundPercent""}"
27774,reflection,Method.invoke,"{""class"": ""android.view.View"", ""method"": ""setAlpha""}"
27775,reflection,Method.invoke,"{""class"": ""androidx.constraintlayout.utils.widget.ImageFilterView"", ""method"": ""setRoundPercent""}"
27776,reflection,Method.invoke,"{""class"": ""android.view.View"", ""method"": ""setAlpha""}"
27776,reflection,Method.invoke,"{""class"": ""androidx.constraintlayout.utils.widget.ImageFilterView"", ""method"": ""setRoundPercent""}"
27776,reflection,Method.invoke,"{""class"": ""android.view.View"", ""method"": ""setAlpha""}"
27802,storage,SharedPreferences.getInt,"{""key"": ""currentCurrencyIndex""}"
27802,storage,SharedPreferences.getInt,"{""key"": ""currentCurrencyIndex""}"
27803,storage,SharedPreferences.getInt,"{""key"": ""currentCurrencyIndex""}"
27803,storage,SharedPreferences.getInt,"{""key"": ""currentCurrencyIndex""}"
27803,storage,SharedPreferences.getInt,"{""key"": ""currentCurrencyIndex""}"
27803,storage,SharedPreferences.getInt,"{""key"": ""currentCurrencyIndex""}"
27803,storage,SharedPreferences.getInt,"{""key"": ""currentCurrencyIndex""}"
27803,storage,SharedPreferences.getInt,"{""key"": ""currentCurrencyIndex""}"
27804,storage,SharedPreferences.getInt,"{""key"": ""currentCurrencyIndex""}"
27804,storage,SharedPreferences.getInt,"{""key"": ""currentCurrencyIndex""}"
27804,storage,SharedPreferences.getInt,"{""key"": ""currentCurrencyIndex""}"
27804,storage,SharedPreferences.getInt,"{""key"": ""currentCurrencyIndex""}"
27805,storage,SharedPreferences.getInt,"{""key"": ""currentCurrencyIndex""}"
27817,reflection,Method.invoke,"{""class"": ""android.view.View"", ""method"": ""setAlpha""}"
27819,reflection,Method.invoke,"{""class"": ""android.view.View"", ""method"": ""setAlpha""}"
27820,reflection,Method.invoke,"{""class"": ""android.view.View"", ""method"": ""setAlpha""}"
27820,reflection,Method.invoke,"{""class"": ""android.view.View"", ""method"": ""setScaleY""}"
27821,reflection,Method.invoke,"{""class"": ""android.view.View"", ""method"": ""setAlpha""}"
27823,reflection,Method.invoke,"{""class"": ""android.view.View"", ""method"": ""setAlpha""}"
27825,reflection,Method.invoke,"{""class"": ""android.view.View"", ""method"": ""setAlpha""}"
27826,reflection,Method.invoke,"{""class"": ""android.view.View"", ""method"": ""setScaleY""}"
27976,storage,SharedPreferences.getString,"{""key"": ""current_wallet_config""}"
33921,reflection,Method.invoke,"{""class"": ""android.view.ViewGroup"", ""method"": ""makeOptionalFitsSystemWindows""}"
33934,storage,SharedPreferences.getString,"{""key"": ""language""}"
33938,storage,SharedPreferences.getString,"{""key"": ""language""}"
33949,storage,SharedPreferences.putString,"{""key"": ""language""}"
33954,storage,SharedPreferences.getString,"{""key"": ""avatarStyle""}"
33964,storage,SharedPreferences.getString,"{""key"": ""avatarStyle""}"
33967,storage,SharedPreferences.putString,"{""key"": ""avatarStyle""}"
33981,storage,SharedPreferences.getString,"{""key"": ""hideBalanceType""}"
33985,storage,SharedPreferences.getString,"{""key"": ""hideBalanceType""}"
33988,storage,SharedPreferences.putString,"{""key"": ""hideBalanceType""}"
33998,storage,SharedPreferences.apply,{}
34002,storage,SharedPreferences.getString,"{""key"": ""hideBalanceType""}"
34021,storage,SharedPreferences.getString,"{""key"": ""firstCurrency""}"
34028,storage,SharedPreferences.getString,"{""key"": ""secondCurrency""}"
34032,storage,SharedPreferences.getString,"{""key"": ""secondCurrency""}"
34037,storage,SharedPreferences.getString,"{""key"": ""thirdCurrency""}"
34042,storage,SharedPreferences.getString,"{""key"": ""forthCurrency""}"
34047,storage,SharedPreferences.getString,"{""key"": ""fifthCurrency""}"
34053,crypto,Cipher.doFinal,"{""inputLength"": 16}"
34055,crypto,Cipher.doFinal,"{""inputLength"": 16}"
34059,crypto,Cipher.doFinal,"{""inputLength"": 16}"
34063,crypto,Cipher.doFinal,"{""inputLength"": 16}"
34073,crypto,SecretKeySpec.<init>,"{""algorithm"": ""AES""}"
34075,crypto,Cipher.doFinal,"{""inputLength"": 8}"
34079,crypto,Cipher.doFinal,"{""inputLength"": 16}"
34083,crypto,Cipher.doFinal,"{""inputLength"": 16}"
34087,crypto,Cipher.doFinal,"{""inputLength"": 16}"
34093,crypto,Cipher.doFinal,"{""inputLength"": 16}"
34096,crypto,SecretKeySpec.<init>,"{""algorithm"": ""AES""}"
34097,crypto,Cipher.doFinal,"{""inputLength"": 13}"
34114,file_io,File.delete,"{""path"": ""/data/user/0/app.michaelwuensch.bitbanana/shared_prefs/app.michaelwuensch.bitbanana_preferences.xml.bak""}"
34122,reflection,Method.invoke,"{""class"": ""android.view.View"", ""method"": ""setAlpha""}"
34129,reflection,Method.invoke,"{""class"": ""android.view.View"", ""method"": ""setAlpha""}"
34135,reflection,Method.invoke,"{""class"": ""android.view.View"", ""method"": ""setAlpha""}"
34139,reflection,Method.invoke,"{""class"": ""android.view.View"", ""method"": ""setScaleY""}"
34149,reflection,Method.invoke,"{""class"": ""android.view.View"", ""method"": ""setAlpha""}"
34153,reflection,Method.invoke,"{""class"": ""android.view.View"", ""method"": ""setAlpha""}"
34158,reflection,Method.invoke,"{""class"": ""android.view.View"", ""method"": ""setAlpha""}"
34163,reflection,Method.invoke,"{""class"": ""android.view.View"", ""method"": ""setScaleY""}"
34171,reflection,Method.invoke,"{""class"": ""android.view.View"", ""method"": ""getViewRootImpl""}"
34177,reflection,Method.invoke,"{""class"": ""android.view.View"", ""method"": ""getViewRootImpl""}"
34181,reflection,Method.invoke,"{""class"": ""android.view.View"", ""method"": ""getViewRootImpl""}"
34187,reflection,Method.invoke,"{""class"": ""android.view.View"", ""method"": ""getViewRootImpl""}"
34200,reflection,Method.invoke,"{""class"": ""android.view.View"", ""method"": ""getViewRootImpl""}"
34205,reflection,Method.invoke,"{""class"": ""android.view.View"", ""method"": ""getViewRootImpl""}"
34420,reflection,Method.invoke,"{""class"": ""android.view.View"", ""method"": ""getViewRootImpl""}"
34428,reflection,Method.invoke,"{""class"": ""android.view.View"", ""method"": ""getViewRootImpl""}"
37680,storage,SharedPreferences.getString,"{""key"": ""exchangeRateProvider""}"
37765,file_io,File.delete,"{""path"": ""/data/user/0/app.michaelwuensch.bitbanana/shared_prefs/app.michaelwuensch.bitbanana_preferences.xml.bak""}"
37767,storage,SharedPreferences.putString,"{""key"": ""fiat_AED""}"
37771,storage,SharedPreferences.putString,"{""key"": ""fiat_AFN""}"
37779,storage,SharedPreferences.putString,"{""key"": ""fiat_ALL""}"
37785,storage,SharedPreferences.putString,"{""key"": ""fiat_AMD""}"
37793,storage,SharedPreferences.putString,"{""key"": ""fiat_ANG""}"
37799,storage,SharedPreferences.putString,"{""key"": ""fiat_AOA""}"
37806,storage,SharedPreferences.putString,"{""key"": ""fiat_ARS""}"
37813,storage,SharedPreferences.putString,"{""key"": ""fiat_AUD""}"
37817,storage,SharedPreferences.putString,"{""key"": ""fiat_AWG""}"
37820,storage,SharedPreferences.putString,"{""key"": ""fiat_AZN""}"
37828,storage,SharedPreferences.putString,"{""key"": ""fiat_BAM""}"
37831,storage,SharedPreferences.putString,"{""key"": ""fiat_BBD""}"
37835,storage,SharedPreferences.putString,"{""key"": ""fiat_BDT""}"
37838,storage,SharedPreferences.putString,"{""key"": ""fiat_BGN""}"
37842,storage,SharedPreferences.putString,"{""key"": ""fiat_BHD""}"
37845,storage,SharedPreferences.putString,"{""key"": ""fiat_BIF""}"
37849,storage,SharedPreferences.putString,"{""key"": ""fiat_BMD""}"
37853,storage,SharedPreferences.putString,"{""key"": ""fiat_BND""}"
37856,storage,SharedPreferences.putString,"{""key"": ""fiat_BOB""}"
37860,storage,SharedPreferences.putString,"{""key"": ""fiat_BRL""}"
37863,storage,SharedPreferences.putString,"{""key"": ""fiat_BSD""}"
37866,storage,SharedPreferences.putString,"{""key"": ""fiat_BTN""}"
37870,storage,SharedPreferences.putString,"{""key"": ""fiat_BWP""}"
37873,storage,SharedPreferences.putString,"{""key"": ""fiat_BYN""}"
37877,storage,SharedPreferences.putString,"{""key"": ""fiat_BZD""}"
37880,storage,SharedPreferences.putString,"{""key"": ""fiat_CAD""}"
37883,storage,SharedPreferences.putString,"{""key"": ""fiat_CDF""}"
37887,storage,SharedPreferences.putString,"{""key"": ""fiat_CHF""}"
37890,storage,SharedPreferences.putString,"{""key"": ""fiat_CLP""}"
37894,storage,SharedPreferences.putString,"{""key"": ""fiat_CNY""}"
37897,storage,SharedPreferences.putString,"{""key"": ""fiat_COP""}"
37901,storage,SharedPreferences.putString,"{""key"": ""fiat_CRC""}"
37904,storage,SharedPreferences.putString,"{""key"": ""fiat_CUP""}"
37908,storage,SharedPreferences.putString,"{""key"": ""fiat_CVE""}"
37911,storage,SharedPreferences.putString,"{""key"": ""fiat_CZK""}"
37914,storage,SharedPreferences.putString,"{""key"": ""fiat_DJF""}"
37918,storage,SharedPreferences.putString,"{""key"": ""fiat_DKK""}"
37922,storage,SharedPreferences.putString,"{""key"": ""fiat_DOP""}"
37925,storage,SharedPreferences.putString,"{""key"": ""fiat_DZD""}"
37928,storage,SharedPreferences.putString,"{""key"": ""fiat_EGP""}"
37932,storage,SharedPreferences.putString,"{""key"": ""fiat_ERN""}"
37935,storage,SharedPreferences.putString,"{""key"": ""fiat_ESP""}"
37938,storage,SharedPreferences.putString,"{""key"": ""fiat_ETB""}"
37942,storage,SharedPreferences.putString,"{""key"": ""fiat_EUR""}"
37945,storage,SharedPreferences.putString,"{""key"": ""fiat_FJD""}"
37948,storage,SharedPreferences.putString,"{""key"": ""fiat_FKP""}"
37952,storage,SharedPreferences.putString,"{""key"": ""fiat_GBP""}"
37955,storage,SharedPreferences.putString,"{""key"": ""fiat_GEL""}"
37958,storage,SharedPreferences.putString,"{""key"": ""fiat_GHS""}"
37961,storage,SharedPreferences.putString,"{""key"": ""fiat_GIP""}"
37964,storage,SharedPreferences.putString,"{""key"": ""fiat_GMD""}"
37968,storage,SharedPreferences.putString,"{""key"": ""fiat_GNF""}"
37971,storage,SharedPreferences.putString,"{""key"": ""fiat_GTQ""}"
37974,storage,SharedPreferences.putString,"{""key"": ""fiat_GYD""}"
37977,storage,SharedPreferences.putString,"{""key"": ""fiat_HKD""}"
37981,storage,SharedPreferences.putString,"{""key"": ""fiat_HNL""}"
37984,storage,SharedPreferences.putString,"{""key"": ""fiat_HRK""}"
37987,storage,SharedPreferences.putString,"{""key"": ""fiat_HTG""}"
37990,storage,SharedPreferences.putString,"{""key"": ""fiat_HUF""}"
37994,storage,SharedPreferences.putString,"{""key"": ""fiat_IDR""}"
37998,storage,SharedPreferences.putString,"{""key"": ""fiat_ILS""}"
38001,storage,SharedPreferences.putString,"{""key"": ""fiat_INR""}"
38005,storage,SharedPreferences.putString,"{""key"": ""fiat_IQD""}"
38008,storage,SharedPreferences.putString,"{""key"": ""fiat_IRR""}"
38011,storage,SharedPreferences.putString,"{""key"": ""fiat_ISK""}"
38015,storage,SharedPreferences.putString,"{""key"": ""fiat_JMD""}"
38018,storage,SharedPreferences.putString,"{""key"": ""fiat_JOD""}"
38021,storage,SharedPreferences.putString,"{""key"": ""fiat_JPY""}"
38024,storage,SharedPreferences.putString,"{""key"": ""fiat_KES""}"
38027,storage,SharedPreferences.putString,"{""key"": ""fiat_KGS""}"
38031,storage,SharedPreferences.putString,"{""key"": ""fiat_KHR""}"
38034,storage,SharedPreferences.putString,"{""key"": ""fiat_KMF""}"
38037,storage,SharedPreferences.putString,"{""key"": ""fiat_KRW""}"
38040,storage,SharedPreferences.putString,"{""key"": ""fiat_KWD""}"
38044,storage,SharedPreferences.putString,"{""key"": ""fiat_KYD""}"
38047,storage,SharedPreferences.putString,"{""key"": ""fiat_KZT""}"
38050,storage,SharedPreferences.putString,"{""key"": ""fiat_LAK""}"
38054,storage,SharedPreferences.putString,"{""key"": ""fiat_LBP""}"
38057,storage,SharedPreferences.putString,"{""key"": ""fiat_LKR""}"
38060,storage,SharedPreferences.putString,"{""key"": ""fiat_LRD""}"
38063,storage,SharedPreferences.putString,"{""key"": ""fiat_LSL""}"
38066,storage,SharedPreferences.putString,"{""key"": ""fiat_LYD""}"
38070,storage,SharedPreferences.putString,"{""key"": ""fiat_MAD""}"
38073,storage,SharedPreferences.putString,"{""key"": ""fiat_MDL""}"
38076,storage,SharedPreferences.putString,"{""key"": ""fiat_MGA""}"
38079,storage,SharedPreferences.putString,"{""key"": ""fiat_MKD""}"
38083,storage,SharedPreferences.putString,"{""key"": ""fiat_MMK""}"
38086,storage,SharedPreferences.putString,"{""key"": ""fiat_MNT""}"
38089,storage,SharedPreferences.putString,"{""key"": ""fiat_MOP""}"
38093,storage,SharedPreferences.putString,"{""key"": ""fiat_MRU""}"
38096,storage,SharedPreferences.putString,"{""key"": ""fiat_MTL""}"
38099,storage,SharedPreferences.putString,"{""key"": ""fiat_MUR""}"
38102,storage,SharedPreferences.putString,"{""key"": ""fiat_MVR""}"
38105,storage,SharedPreferences.putString,"{""key"": ""fiat_MWK""}"
38109,storage,SharedPreferences.putString,"{""key"": ""fiat_MXN""}"
38112,storage,SharedPreferences.putString,"{""key"": ""fiat_MYR""}"
38115,storage,SharedPreferences.putString,"{""key"": ""fiat_MZN""}"
38119,storage,SharedPreferences.putString,"{""key"": ""fiat_NAD""}"
38122,storage,SharedPreferences.putString,"{""key"": ""fiat_NGN""}"
38125,storage,SharedPreferences.putString,"{""key"": ""fiat_NIO""}"
38128,storage,SharedPreferences.putString,"{""key"": ""fiat_NOK""}"
38131,storage,SharedPreferences.putString,"{""key"": ""fiat_NPR""}"
38135,storage,SharedPreferences.putString,"{""key"": ""fiat_NZD""}"
38138,storage,SharedPreferences.putString,"{""key"": ""fiat_OMR""}"
38141,storage,SharedPreferences.putString,"{""key"": ""fiat_PAB""}"
38144,storage,SharedPreferences.putString,"{""key"": ""fiat_PEN""}"
38148,storage,SharedPreferences.putString,"{""key"": ""fiat_PGK""}"
38151,storage,SharedPreferences.putString,"{""key"": ""fiat_PHP""}"
38154,storage,SharedPreferences.putString,"{""key"": ""fiat_PKR""}"
38158,storage,SharedPreferences.putString,"{""key"": ""fiat_PLN""}"
38161,storage,SharedPreferences.putString,"{""key"": ""fiat_PYG""}"
38164,storage,SharedPreferences.putString,"{""key"": ""fiat_QAR""}"
38167,storage,SharedPreferences.putString,"{""key"": ""fiat_RON""}"
38170,storage,SharedPreferences.putString,"{""key"": ""fiat_RSD""}"
38174,storage,SharedPreferences.putString,"{""key"": ""fiat_RUB""}"
38177,storage,SharedPreferences.putString,"{""key"": ""fiat_RWF""}"
38180,storage,SharedPreferences.putString,"{""key"": ""fiat_SAR""}"
38183,storage,SharedPreferences.putString,"{""key"": ""fiat_SBD""}"
38187,storage,SharedPreferences.putString,"{""key"": ""fiat_SCR""}"
38190,storage,SharedPreferences.putString,"{""key"": ""fiat_SDG""}"
38193,storage,SharedPreferences.putString,"{""key"": ""fiat_SEK""}"
38196,storage,SharedPreferences.putString,"{""key"": ""fiat_SGD""}"
38199,storage,SharedPreferences.putString,"{""key"": ""fiat_SHP""}"
38203,storage,SharedPreferences.putString,"{""key"": ""fiat_SOS""}"
38206,storage,SharedPreferences.putString,"{""key"": ""fiat_SRD""}"
38209,storage,SharedPreferences.putString,"{""key"": ""fiat_SSP""}"
38212,storage,SharedPreferences.putString,"{""key"": ""fiat_SVC""}"
38215,storage,SharedPreferences.putString,"{""key"": ""fiat_SYP""}"
38219,storage,SharedPreferences.putString,"{""key"": ""fiat_SZL""}"
38222,storage,SharedPreferences.putString,"{""key"": ""fiat_THB""}"
38225,storage,SharedPreferences.putString,"{""key"": ""fiat_TJS""}"
38228,storage,SharedPreferences.putString,"{""key"": ""fiat_TMT""}"
38231,storage,SharedPreferences.putString,"{""key"": ""fiat_TND""}"
38234,storage,SharedPreferences.putString,"{""key"": ""fiat_TOP""}"
38237,storage,SharedPreferences.putString,"{""key"": ""fiat_TRY""}"
38241,storage,SharedPreferences.putString,"{""key"": ""fiat_TTD""}"
38244,storage,SharedPreferences.putString,"{""key"": ""fiat_TWD""}"
38247,storage,SharedPreferences.putString,"{""key"": ""fiat_TZS""}"
38250,storage,SharedPreferences.putString,"{""key"": ""fiat_UAH""}"
38254,storage,SharedPreferences.putString,"{""key"": ""fiat_UGX""}"
38257,storage,SharedPreferences.putString,"{""key"": ""fiat_USD""}"
38260,storage,SharedPreferences.putString,"{""key"": ""fiat_UYU""}"
38263,storage,SharedPreferences.putString,"{""key"": ""fiat_UZS""}"
38267,storage,SharedPreferences.putString,"{""key"": ""fiat_VES""}"
38270,storage,SharedPreferences.putString,"{""key"": ""fiat_VND""}"
38273,storage,SharedPreferences.putString,"{""key"": ""fiat_VUV""}"
38276,storage,SharedPreferences.putString,"{""key"": ""fiat_WST""}"
38279,storage,SharedPreferences.putString,"{""key"": ""fiat_XAF""}"
38283,storage,SharedPreferences.putString,"{""key"": ""fiat_XCD""}"
38286,storage,SharedPreferences.putString,"{""key"": ""fiat_XOF""}"
38289,storage,SharedPreferences.putString,"{""key"": ""fiat_XPF""}"
38292,storage,SharedPreferences.putString,"{""key"": ""fiat_YER""}"
38295,storage,SharedPreferences.putString,"{""key"": ""fiat_ZAR""}"
38298,storage,SharedPreferences.putString,"{""key"": ""fiat_ZMW""}"
38302,storage,SharedPreferences.putString,"{""key"": ""fiat_available""}"
38307,file_io,File.delete,"{""path"": ""/data/user/0/app.michaelwuensch.bitbanana/shared_prefs/app.michaelwuensch.bitbanana_preferences.xml.bak""}"
38310,storage,SharedPreferences.getString,"{""key"": ""secondCurrency""}"
38313,storage,SharedPreferences.getString,"{""key"": ""fiat_available""}"
38316,storage,SharedPreferences.getString,"{""key"": ""thirdCurrency""}"
38320,storage,SharedPreferences.getString,"{""key"": ""fiat_available""}"
38323,storage,SharedPreferences.getString,"{""key"": ""thirdCurrency""}"
38326,storage,SharedPreferences.getString,"{""key"": ""fiat_available""}"
38329,storage,SharedPreferences.putString,"{""key"": ""thirdCurrency""}"
38333,storage,SharedPreferences.getString,"{""key"": ""forthCurrency""}"
38336,storage,SharedPreferences.getString,"{""key"": ""fiat_available""}"
38339,storage,SharedPreferences.putString,"{""key"": ""forthCurrency""}"
38343,storage,SharedPreferences.getString,"{""key"": ""fifthCurrency""}"
38346,storage,SharedPreferences.getString,"{""key"": ""fiat_available""}"
38349,storage,SharedPreferences.putString,"{""key"": ""fifthCurrency""}"
38352,storage,SharedPreferences.getString,"{""key"": ""firstCurrency""}"
38356,storage,SharedPreferences.getString,"{""key"": ""secondCurrency""}"
38359,storage,SharedPreferences.getString,"{""key"": ""fiat_USD""}"
38362,storage,SharedPreferences.getString,"{""key"": ""thirdCurrency""}"
38365,storage,SharedPreferences.getString,"{""key"": ""forthCurrency""}"
38369,storage,SharedPreferences.getString,"{""key"": ""fifthCurrency""}"
38371,storage,SharedPreferences.getInt,"{""key"": ""currentCurrencyIndex""}"
38374,storage,SharedPreferences.getInt,"{""key"": ""currentCurrencyIndex""}"
38376,storage,SharedPreferences.getInt,"{""key"": ""currentCurrencyIndex""}"
38380,storage,SharedPreferences.getInt,"{""key"": ""currentCurrencyIndex""}"
38383,storage,SharedPreferences.getInt,"{""key"": ""currentCurrencyIndex""}"
38386,storage,SharedPreferences.getInt,"{""key"": ""currentCurrencyIndex""}"
38389,storage,SharedPreferences.getInt,"{""key"": ""currentCurrencyIndex""}"
38392,storage,SharedPreferences.getInt,"{""key"": ""currentCurrencyIndex""}"
38394,storage,SharedPreferences.getInt,"{""key"": ""currentCurrencyIndex""}"
38397,storage,SharedPreferences.getInt,"{""key"": ""currentCurrencyIndex""}"
38399,storage,SharedPreferences.getInt,"{""key"": ""currentCurrencyIndex""}"
38401,storage,SharedPreferences.getInt,"{""key"": ""currentCurrencyIndex""}"
38403,storage,SharedPreferences.getInt,"{""key"": ""currentCurrencyIndex""}"
38407,storage,SharedPreferences.getInt,"{""key"": ""currentCurrencyIndex""}"
38412,reflection,Method.invoke,"{""class"": ""android.view.View"", ""method"": ""setAlpha""}"
38417,reflection,Method.invoke,"{""class"": ""android.view.View"", ""method"": ""setAlpha""}"
38422,reflection,Method.invoke,"{""class"": ""android.view.View"", ""method"": ""setAlpha""}"
38427,reflection,Method.invoke,"{""class"": ""android.view.View"", ""method"": ""setScaleY""}"
38432,reflection,Method.invoke,"{""class"": ""android.view.View"", ""method"": ""setAlpha""}"
38436,reflection,Method.invoke,"{""class"": ""android.view.View"", ""method"": ""setAlpha""}"
38441,reflection,Method.invoke,"{""class"": ""android.view.View"", ""method"": ""setAlpha""}"
38446,reflection,Method.invoke,"{""class"": ""android.view.View"", ""method"": ""setScaleY""}"
44110,reflection,Method.invoke,"{""class"": ""android.view.ViewGroup"", ""method"": ""makeOptionalFitsSystemWindows""}"
44115,storage,SharedPreferences.getString,"{""key"": ""backendTimeout""}"
44123,reflection,Method.invoke,"{""class"": ""android.view.View"", ""method"": ""getElevation""}"
44124,reflection,Method.invoke,"{""class"": ""android.view.View"", ""method"": ""getViewRootImpl""}"
44127,reflection,Method.invoke,"{""class"": ""android.view.View"", ""method"": ""getViewRootImpl""}"
44139,reflection,Method.invoke,"{""class"": ""android.view.View"", ""method"": ""getViewRootImpl""}"
44140,reflection,Method.invoke,"{""class"": ""android.view.View"", ""method"": ""getViewRootImpl""}"
44256,reflection,Method.invoke,"{""class"": ""android.view.View"", ""method"": ""getViewRootImpl""}"
44257,reflection,Method.invoke,"{""class"": ""android.view.View"", ""method"": ""getViewRootImpl""}"
47049,reflection,Method.invoke,"{""class"": ""android.view.View"", ""method"": ""getElevation""}"
47132,reflection,Method.invoke,"{""class"": ""android.view.View"", ""method"": ""getElevation""}"
49896,reflection,Method.invoke,"{""class"": ""android.view.View"", ""method"": ""getElevation""}"
49981,reflection,Method.invoke,"{""class"": ""android.view.View"", ""method"": ""getElevation""}"
72997,reflection,Method.invoke,"{""class"": ""android.view.ViewGroup"", ""method"": ""makeOptionalFitsSystemWindows""}"
72999,storage,SharedPreferences.getString,"{""key"": ""language""}"
73000,storage,SharedPreferences.getString,"{""key"": ""language""}"
73000,storage,SharedPreferences.getString,"{""key"": ""avatarStyle""}"
73002,storage,SharedPreferences.getString,"{""key"": ""avatarStyle""}"
73003,storage,SharedPreferences.getString,"{""key"": ""hideBalanceType""}"
73003,storage,SharedPreferences.getString,"{""key"": ""hideBalanceType""}"
73005,storage,SharedPreferences.getString,"{""key"": ""firstCurrency""}"
73006,storage,SharedPreferences.getString,"{""key"": ""secondCurrency""}"
73007,storage,SharedPreferences.getString,"{""key"": ""secondCurrency""}"
73007,storage,SharedPreferences.getString,"{""key"": ""thirdCurrency""}"
73007,storage,SharedPreferences.getString,"{""key"": ""forthCurrency""}"
73011,storage,SharedPreferences.getString,"{""key"": ""fifthCurrency""}"
73011,crypto,Cipher.doFinal,"{""inputLength"": 16}"
73012,crypto,Cipher.doFinal,"{""inputLength"": 16}"
73012,crypto,Cipher.doFinal,"{""inputLength"": 16}"
73012,crypto,Cipher.doFinal,"{""inputLength"": 16}"
73012,crypto,SecretKeySpec.<init>,"{""algorithm"": ""AES""}"
73013,crypto,Cipher.doFinal,"{""inputLength"": 8}"
73014,crypto,Cipher.doFinal,"{""inputLength"": 16}"
73014,crypto,Cipher.doFinal,"{""inputLength"": 16}"
73015,crypto,Cipher.doFinal,"{""inputLength"": 16}"
73015,crypto,Cipher.doFinal,"{""inputLength"": 16}"
73016,crypto,SecretKeySpec.<init>,"{""algorithm"": ""AES""}"
73017,crypto,Cipher.doFinal,"{""inputLength"": 13}"
73023,reflection,Method.invoke,"{""class"": ""android.view.View"", ""method"": ""getViewRootImpl""}"
73024,reflection,Method.invoke,"{""class"": ""android.view.View"", ""method"": ""getViewRootImpl""}"
73028,reflection,Method.invoke,"{""class"": ""android.view.View"", ""method"": ""getViewRootImpl""}"
73029,reflection,Method.invoke,"{""class"": ""android.view.View"", ""method"": ""getViewRootImpl""}"
73047,reflection,Method.invoke,"{""class"": ""android.view.View"", ""method"": ""getViewRootImpl""}"
73048,reflection,Method.invoke,"{""class"": ""android.view.View"", ""method"": ""getViewRootImpl""}"
73100,reflection,Method.invoke,"{""class"": ""android.view.View"", ""method"": ""getViewRootImpl""}"
73101,reflection,Method.invoke,"{""class"": ""android.view.View"", ""method"": ""getViewRootImpl""}"
78887,reflection,Method.invoke,"{""class"": ""android.view.View"", ""method"": ""getElevation""}"
78894,reflection,Method.invoke,"{""class"": ""android.view.View"", ""method"": ""getTranslationZ""}"
79003,reflection,Method.invoke,"{""class"": ""android.view.View"", ""method"": ""getElevation""}"
79013,reflection,Method.invoke,"{""class"": ""android.view.View"", ""method"": ""getTranslationZ""}"
84942,reflection,Method.invoke,"{""class"": ""android.view.View"", ""method"": ""getElevation""}"
84949,reflection,Method.invoke,"{""class"": ""android.view.View"", ""method"": ""getTranslationZ""}"
85080,storage,SharedPreferences.getInt,"{""key"": ""currentCurrencyIndex""}"
85101,reflection,Method.invoke,"{""class"": ""android.view.ViewGroup"", ""method"": ""makeOptionalFitsSystemWindows""}"
85149,reflection,Method.invoke,"{""class"": ""android.view.View"", ""method"": ""getViewRootImpl""}"
85174,reflection,Method.invoke,"{""class"": ""android.view.View"", ""method"": ""getViewRootImpl""}"
85189,reflection,Method.invoke,"{""class"": ""android.view.View"", ""method"": ""getViewRootImpl""}"
85200,reflection,Method.invoke,"{""class"": ""android.view.View"", ""method"": ""getViewRootImpl""}"
85219,reflection,Method.invoke,"{""class"": ""android.view.View"", ""method"": ""getViewRootImpl""}"
85269,reflection,Method.invoke,"{""class"": ""android.view.View"", ""method"": ""getElevation""}"
85277,reflection,Method.invoke,"{""class"": ""android.view.View"", ""method"": ""getTranslationZ""}"
85294,reflection,Method.invoke,"{""class"": ""android.view.View"", ""method"": ""getViewRootImpl""}"
85304,reflection,Method.invoke,"{""class"": ""android.view.View"", ""method"": ""getViewRootImpl""}"
85374,reflection,Method.invoke,"{""class"": ""android.view.View"", ""method"": ""getViewRootImpl""}"
85399,reflection,Method.invoke,"{""class"": ""android.view.View"", ""method"": ""getViewRootImpl""}"
88278,reflection,Method.invoke,"{""class"": ""android.view.View"", ""method"": ""getViewRootImpl""}"
88283,reflection,Method.invoke,"{""class"": ""android.view.View"", ""method"": ""getViewRootImpl""}"
88292,reflection,Method.invoke,"{""class"": ""android.view.View"", ""method"": ""getViewRootImpl""}"
88293,reflection,Method.invoke,"{""class"": ""android.view.View"", ""method"": ""getViewRootImpl""}"
88294,reflection,Method.invoke,"{""class"": ""android.view.View"", ""method"": ""setAlpha""}"
88294,reflection,Method.invoke,"{""class"": ""android.view.View"", ""method"": ""setAlpha""}"
88296,reflection,Method.invoke,"{""class"": ""android.view.View"", ""method"": ""setAlpha""}"
88297,reflection,Method.invoke,"{""class"": ""android.view.View"", ""method"": ""setScaleY""}"
88298,reflection,Method.invoke,"{""class"": ""android.view.View"", ""method"": ""setAlpha""}"
88298,reflection,Method.invoke,"{""class"": ""android.view.View"", ""method"": ""setAlpha""}"
88298,reflection,Method.invoke,"{""class"": ""android.view.View"", ""method"": ""setAlpha""}"
88299,reflection,Method.invoke,"{""class"": ""android.view.View"", ""method"": ""setScaleY""}"
88299,reflection,Method.invoke,"{""class"": ""androidx.constraintlayout.utils.widget.ImageFilterView"", ""method"": ""setRoundPercent""}"
88300,reflection,Method.invoke,"{""class"": ""android.view.View"", ""method"": ""setAlpha""}"
88300,reflection,Method.invoke,"{""class"": ""androidx.constraintlayout.utils.widget.ImageFilterView"", ""method"": ""setRoundPercent""}"
88300,reflection,Method.invoke,"{""class"": ""android.view.View"", ""method"": ""setAlpha""}"
88419,reflection,Method.invoke,"{""class"": ""android.view.View"", ""method"": ""getViewRootImpl""}"
88421,reflection,Method.invoke,"{""class"": ""android.view.View"", ""method"": ""getViewRootImpl""}"
88425,reflection,Method.invoke,"{""class"": ""android.view.View"", ""method"": ""setAlpha""}"
88426,reflection,Method.invoke,"{""class"": ""android.view.View"", ""method"": ""setAlpha""}"
88426,reflection,Method.invoke,"{""class"": ""android.view.View"", ""method"": ""setAlpha""}"
88426,reflection,Method.invoke,"{""class"": ""android.view.View"", ""method"": ""setScaleY""}"
88427,reflection,Method.invoke,"{""class"": ""android.view.View"", ""method"": ""setAlpha""}"
88427,reflection,Method.invoke,"{""class"": ""android.view.View"", ""method"": ""setAlpha""}"
88427,reflection,Method.invoke,"{""class"": ""android.view.View"", ""method"": ""setAlpha""}"
88428,reflection,Method.invoke,"{""class"": ""android.view.View"", ""method"": ""setScaleY""}"
88429,reflection,Method.invoke,"{""class"": ""androidx.constraintlayout.utils.widget.ImageFilterView"", ""method"": ""setRoundPercent""}"
88429,reflection,Method.invoke,"{""class"": ""android.view.View"", ""method"": ""setAlpha""}"
88429,reflection,Method.invoke,"{""class"": ""androidx.constraintlayout.utils.widget.ImageFilterView"", ""method"": ""setRoundPercent""}"
88432,reflection,Method.invoke,"{""class"": ""android.view.View"", ""method"": ""setAlpha""}"
88473,reflection,Method.invoke,"{""class"": ""android.view.View"", ""method"": ""getViewRootImpl""}"
88474,reflection,Method.invoke,"{""class"": ""android.view.View"", ""method"": ""getViewRootImpl""}"
91242,storage,SharedPreferences.getInt,"{""key"": ""currentCurrencyIndex""}"
94124,storage,SharedPreferences.getInt,"{""key"": ""currentCurrencyIndex""}"
97607,reflection,Method.invoke,"{""class"": ""net.yslibrary.android.keyboardvisibilityevent.KeyboardVisibilityEvent$setEventListener$1"", ""method"": ""onDestroy""}"
97656,reflection,Method.invoke,"{""class"": ""android.view.View"", ""method"": ""setAlpha""}"
97668,reflection,Method.invoke,"{""class"": ""android.view.View"", ""method"": ""setAlpha""}"
97669,reflection,Method.invoke,"{""class"": ""android.view.View"", ""method"": ""setAlpha""}"
97670,reflection,Method.invoke,"{""class"": ""android.view.View"", ""method"": ""setScaleY""}"
97672,reflection,Method.invoke,"{""class"": ""android.view.View"", ""method"": ""setAlpha""}"
97672,reflection,Method.invoke,"{""class"": ""android.view.View"", ""method"": ""setAlpha""}"
97688,reflection,Method.invoke,"{""class"": ""android.view.View"", ""method"": ""setAlpha""}"
97689,reflection,Method.invoke,"{""class"": ""android.view.View"", ""method"": ""setScaleY""}"
97692,reflection,Method.invoke,"{""class"": ""androidx.constraintlayout.utils.widget.ImageFilterView"", ""method"": ""setRoundPercent""}"
97694,reflection,Method.invoke,"{""class"": ""android.view.View"", ""method"": ""setAlpha""}"
97694,reflection,Method.invoke,"{""class"": ""androidx.constraintlayout.utils.widget.ImageFilterView"", ""method"": ""setRoundPercent""}"
97696,reflection,Method.invoke,"{""class"": ""android.view.View"", ""method"": ""setAlpha""}"
100431,storage,SharedPreferences.getString,"{""key"": ""hideBalanceType""}"
100431,storage,SharedPreferences.getInt,"{""key"": ""currentCurrencyIndex""}"
100432,storage,SharedPreferences.apply,{}
100432,storage,SharedPreferences.getInt,"{""key"": ""currentCurrencyIndex""}"
100433,storage,SharedPreferences.getInt,"{""key"": ""currentCurrencyIndex""}"
100434,storage,SharedPreferences.getInt,"{""key"": ""currentCurrencyIndex""}"
100434,storage,SharedPreferences.getInt,"{""key"": ""currentCurrencyIndex""}"
100434,storage,SharedPreferences.getInt,"{""key"": ""currentCurrencyIndex""}"
100434,storage,SharedPreferences.getInt,"{""key"": ""currentCurrencyIndex""}"
100435,storage,SharedPreferences.getInt,"{""key"": ""currentCurrencyIndex""}"
100436,storage,SharedPreferences.getInt,"{""key"": ""currentCurrencyIndex""}"
100436,storage,SharedPreferences.getInt,"{""key"": ""currentCurrencyIndex""}"
100437,storage,SharedPreferences.getInt,"{""key"": ""currentCurrencyIndex""}"
100437,storage,SharedPreferences.getInt,"{""key"": ""currentCurrencyIndex""}"
100437,storage,SharedPreferences.getInt,"{""key"": ""currentCurrencyIndex""}"
100438,storage,SharedPreferences.getInt,"{""key"": ""currentCurrencyIndex""}"
100441,reflection,Method.invoke,"{""class"": ""android.view.View"", ""method"": ""setAlpha""}"
100442,reflection,Method.invoke,"{""class"": ""android.view.View"", ""method"": ""setAlpha""}"
100442,reflection,Method.invoke,"{""class"": ""android.view.View"", ""method"": ""setAlpha""}"
100443,reflection,Method.invoke,"{""class"": ""android.view.View"", ""method"": ""setScaleY""}"
100444,reflection,Method.invoke,"{""class"": ""android.view.View"", ""method"": ""setAlpha""}"
100445,reflection,Method.invoke,"{""class"": ""android.view.View"", ""method"": ""setAlpha""}"
100445,reflection,Method.invoke,"{""class"": ""android.view.View"", ""method"": ""setAlpha""}"
100447,reflection,Method.invoke,"{""class"": ""android.view.View"", ""method"": ""setScaleY""}"
100539,file_io,File.delete,"{""path"": ""/data/user/0/app.michaelwuensch.bitbanana/shared_prefs/app.michaelwuensch.bitbanana_preferences.xml.bak""}"
103259,storage,SharedPreferences.getString,"{""key"": ""hideBalanceType""}"
103259,storage,SharedPreferences.getInt,"{""key"": ""currentCurrencyIndex""}"
103259,storage,SharedPreferences.apply,{}
103260,storage,SharedPreferences.getInt,"{""key"": ""currentCurrencyIndex""}"
103260,storage,SharedPreferences.getInt,"{""key"": ""currentCurrencyIndex""}"
103261,storage,SharedPreferences.getInt,"{""key"": ""currentCurrencyIndex""}"
103262,storage,SharedPreferences.getInt,"{""key"": ""currentCurrencyIndex""}"
103262,storage,SharedPreferences.getInt,"{""key"": ""currentCurrencyIndex""}"
103262,storage,SharedPreferences.getInt,"{""key"": ""currentCurrencyIndex""}"
103263,storage,SharedPreferences.getInt,"{""key"": ""currentCurrencyIndex""}"
103263,storage,SharedPreferences.getInt,"{""key"": ""currentCurrencyIndex""}"
103263,storage,SharedPreferences.getInt,"{""key"": ""currentCurrencyIndex""}"
103263,storage,SharedPreferences.getInt,"{""key"": ""currentCurrencyIndex""}"
103264,storage,SharedPreferences.getInt,"{""key"": ""currentCurrencyIndex""}"
103264,storage,SharedPreferences.getInt,"{""key"": ""currentCurrencyIndex""}"
103264,storage,SharedPreferences.getInt,"{""key"": ""currentCurrencyIndex""}"
103274,reflection,Method.invoke,"{""class"": ""android.view.View"", ""method"": ""setAlpha""}"
103275,reflection,Method.invoke,"{""class"": ""android.view.View"", ""method"": ""setAlpha""}"
103275,reflection,Method.invoke,"{""class"": ""android.view.View"", ""method"": ""setAlpha""}"
103276,reflection,Method.invoke,"{""class"": ""android.view.View"", ""method"": ""setScaleY""}"
103277,reflection,Method.invoke,"{""class"": ""android.view.View"", ""method"": ""setAlpha""}"
103278,reflection,Method.invoke,"{""class"": ""android.view.View"", ""method"": ""setAlpha""}"
103279,reflection,Method.invoke,"{""class"": ""android.view.View"", ""method"": ""setAlpha""}"
103280,reflection,Method.invoke,"{""class"": ""android.view.View"", ""method"": ""setScaleY""}"
103367,file_io,File.delete,"{""path"": ""/data/user/0/app.michaelwuensch.bitbanana/shared_prefs/app.michaelwuensch.bitbanana_preferences.xml.bak""}"
106064,reflection,Method.invoke,"{""class"": ""android.view.View"", ""method"": ""getElevation""}"
106065,reflection,Method.invoke,"{""class"": ""android.view.View"", ""method"": ""getTranslationZ""}"
106082,storage,SharedPreferences.getInt,"{""key"": ""currentCurrencyIndex""}"
106084,reflection,Method.invoke,"{""class"": ""android.view.ViewGroup"", ""method"": ""makeOptionalFitsSystemWindows""}"
106091,reflection,Method.invoke,"{""class"": ""android.view.View"", ""method"": ""getViewRootImpl""}"
106091,reflection,Method.invoke,"{""class"": ""android.view.View"", ""method"": ""getViewRootImpl""}"
106092,reflection,Method.invoke,"{""class"": ""android.view.View"", ""method"": ""getViewRootImpl""}"
106092,reflection,Method.invoke,"{""class"": ""android.view.View"", ""method"": ""getViewRootImpl""}"
106099,reflection,Method.invoke,"{""class"": ""android.view.View"", ""method"": ""getViewRootImpl""}"
106164,reflection,Method.invoke,"{""class"": ""android.view.View"", ""method"": ""getViewRootImpl""}"
106165,reflection,Method.invoke,"{""class"": ""android.view.View"", ""method"": ""getViewRootImpl""}"
106201,reflection,Method.invoke,"{""class"": ""android.view.View"", ""method"": ""getElevation""}"
106202,reflection,Method.invoke,"{""class"": ""android.view.View"", ""method"": ""getTranslationZ""}"
106203,reflection,Method.invoke,"{""class"": ""android.view.View"", ""method"": ""getViewRootImpl""}"
106204,reflection,Method.invoke,"{""class"": ""android.view.View"", ""method"": ""getViewRootImpl""}"
109152,reflection,Method.invoke,"{""class"": ""android.view.View"", ""method"": ""getViewRootImpl""}"
109165,reflection,Method.invoke,"{""class"": ""android.view.View"", ""method"": ""getViewRootImpl""}"
109218,reflection,Method.invoke,"{""class"": ""android.view.View"", ""method"": ""getViewRootImpl""}"
109236,reflection,Method.invoke,"{""class"": ""android.view.View"", ""method"": ""getViewRootImpl""}"
109247,reflection,Method.invoke,"{""class"": ""android.view.View"", ""method"": ""setAlpha""}"
109256,reflection,Method.invoke,"{""class"": ""android.view.View"", ""method"": ""setAlpha""}"
109273,reflection,Method.invoke,"{""class"": ""android.view.View"", ""method"": ""setAlpha""}"
109289,reflection,Method.invoke,"{""class"": ""android.view.View"", ""method"": ""setScaleY""}"
109305,reflection,Method.invoke,"{""class"": ""android.view.View"", ""method"": ""setAlpha""}"
109317,reflection,Method.invoke,"{""class"": ""android.view.View"", ""method"": ""setAlpha""}"
109329,reflection,Method.invoke,"{""class"": ""android.view.View"", ""method"": ""setAlpha""}"
109338,reflection,Method.invoke,"{""class"": ""android.view.View"", ""method"": ""setScaleY""}"
109352,reflection,Method.invoke,"{""class"": ""androidx.constraintlayout.utils.widget.ImageFilterView"", ""method"": ""setRoundPercent""}"
109360,reflection,Method.invoke,"{""class"": ""android.view.View"", ""method"": ""setAlpha""}"
109374,reflection,Method.invoke,"{""class"": ""androidx.constraintlayout.utils.widget.ImageFilterView"", ""method"": ""setRoundPercent""}"
109388,reflection,Method.invoke,"{""class"": ""android.view.View"", ""method"": ""setAlpha""}"
109473,reflection,Method.invoke,"{""class"": ""android.view.View"", ""method"": ""getViewRootImpl""}"
109489,reflection,Method.invoke,"{""class"": ""android.view.View"", ""method"": ""getViewRootImpl""}"
109514,reflection,Method.invoke,"{""class"": ""android.view.View"", ""method"": ""setAlpha""}"
109520,reflection,Method.invoke,"{""class"": ""android.view.View"", ""method"": ""setAlpha""}"
109537,reflection,Method.invoke,"{""class"": ""android.view.View"", ""method"": ""setAlpha""}"
109545,reflection,Method.invoke,"{""class"": ""android.view.View"", ""method"": ""setScaleY""}"
109552,reflection,Method.invoke,"{""class"": ""android.view.View"", ""method"": ""setAlpha""}"
109559,reflection,Method.invoke,"{""class"": ""android.view.View"", ""method"": ""setAlpha""}"
109566,reflection,Method.invoke,"{""class"": ""android.view.View"", ""method"": ""setAlpha""}"
109572,reflection,Method.invoke,"{""class"": ""android.view.View"", ""method"": ""setScaleY""}"
109581,reflection,Method.invoke,"{""class"": ""androidx.constraintlayout.utils.widget.ImageFilterView"", ""method"": ""setRoundPercent""}"
109588,reflection,Method.invoke,"{""class"": ""android.view.View"", ""method"": ""setAlpha""}"
109596,reflection,Method.invoke,"{""class"": ""androidx.constraintlayout.utils.widget.ImageFilterView"", ""method"": ""setRoundPercent""}"
109603,reflection,Method.invoke,"{""class"": ""android.view.View"", ""method"": ""setAlpha""}"
109617,reflection,Method.invoke,"{""class"": ""android.view.View"", ""method"": ""getViewRootImpl""}"
109630,reflection,Method.invoke,"{""class"": ""android.view.View"", ""method"": ""getViewRootImpl""}"
112500,reflection,Method.invoke,"{""class"": ""android.view.ViewGroup"", ""method"": ""makeOptionalFitsSystemWindows""}"
112568,storage,SharedPreferences.getString,"{""key"": ""current_wallet_config""}"
112636,reflection,Method.invoke,"{""class"": ""android.view.View"", ""method"": ""getViewRootImpl""}"
112651,reflection,Method.invoke,"{""class"": ""android.view.View"", ""method"": ""getViewRootImpl""}"
112684,reflection,Method.invoke,"{""class"": ""android.view.View"", ""method"": ""getViewRootImpl""}"
112692,reflection,Method.invoke,"{""class"": ""android.view.View"", ""method"": ""getViewRootImpl""}"
112781,reflection,Method.invoke,"{""class"": ""android.view.View"", ""method"": ""getViewRootImpl""}"
112803,reflection,Method.invoke,"{""class"": ""android.view.View"", ""method"": ""getViewRootImpl""}"
112855,reflection,Method.invoke,"{""class"": ""android.view.View"", ""method"": ""getViewRootImpl""}"
112890,reflection,Method.invoke,"{""class"": ""android.view.View"", ""method"": ""getViewRootImpl""}"
115704,reflection,Method.invoke,"{""class"": ""android.view.View"", ""method"": ""getTransitionAlpha""}"
118798,reflection,Method.invoke,"{""class"": ""android.view.View"", ""method"": ""getTransitionAlpha""}"
121650,reflection,Method.invoke,"{""class"": ""android.view.View"", ""method"": ""getViewRootImpl""}"
121658,reflection,Method.invoke,"{""class"": ""android.view.View"", ""method"": ""getViewRootImpl""}"
121669,reflection,Method.invoke,"{""class"": ""android.view.View"", ""method"": ""getViewRootImpl""}"
121681,reflection,Method.invoke,"{""class"": ""android.view.View"", ""method"": ""getViewRootImpl""}"
124982,reflection,Method.invoke,"{""class"": ""android.view.View"", ""method"": ""getViewRootImpl""}"
124994,reflection,Method.invoke,"{""class"": ""android.view.View"", ""method"": ""getViewRootImpl""}"
125012,reflection,Method.invoke,"{""class"": ""android.view.View"", ""method"": ""getViewRootImpl""}"
125022,reflection,Method.invoke,"{""class"": ""android.view.View"", ""method"": ""getViewRootImpl""}"
125039,reflection,Method.invoke,"{""class"": ""android.view.View"", ""method"": ""getViewRootImpl""}"
125051,reflection,Method.invoke,"{""class"": ""android.view.View"", ""method"": ""getViewRootImpl""}"
127679,storage,SharedPreferences.getString,"{""key"": ""exchangeRateProvider""}"
127765,file_io,File.delete,"{""path"": ""/data/user/0/app.michaelwuensch.bitbanana/shared_prefs/app.michaelwuensch.bitbanana_preferences.xml.bak""}"
127769,storage,SharedPreferences.putString,"{""key"": ""fiat_AED""}"
127775,storage,SharedPreferences.putString,"{""key"": ""fiat_AFN""}"
127780,storage,SharedPreferences.putString,"{""key"": ""fiat_ALL""}"
127786,storage,SharedPreferences.putString,"{""key"": ""fiat_AMD""}"
127790,storage,SharedPreferences.putString,"{""key"": ""fiat_ANG""}"
127795,storage,SharedPreferences.putString,"{""key"": ""fiat_AOA""}"
127800,storage,SharedPreferences.putString,"{""key"": ""fiat_ARS""}"
127805,storage,SharedPreferences.putString,"{""key"": ""fiat_AUD""}"
127809,storage,SharedPreferences.putString,"{""key"": ""fiat_AWG""}"
127814,storage,SharedPreferences.putString,"{""key"": ""fiat_AZN""}"
127819,storage,SharedPreferences.putString,"{""key"": ""fiat_BAM""}"
127824,storage,SharedPreferences.putString,"{""key"": ""fiat_BBD""}"
127828,storage,SharedPreferences.putString,"{""key"": ""fiat_BDT""}"
127833,storage,SharedPreferences.putString,"{""key"": ""fiat_BGN""}"
127837,storage,SharedPreferences.putString,"{""key"": ""fiat_BHD""}"
127842,storage,SharedPreferences.putString,"{""key"": ""fiat_BIF""}"
127847,storage,SharedPreferences.putString,"{""key"": ""fiat_BMD""}"
127851,storage,SharedPreferences.putString,"{""key"": ""fiat_BND""}"
127856,storage,SharedPreferences.putString,"{""key"": ""fiat_BOB""}"
127861,storage,SharedPreferences.putString,"{""key"": ""fiat_BRL""}"
127866,storage,SharedPreferences.putString,"{""key"": ""fiat_BSD""}"
127872,storage,SharedPreferences.putString,"{""key"": ""fiat_BTN""}"
127877,storage,SharedPreferences.putString,"{""key"": ""fiat_BWP""}"
127881,storage,SharedPreferences.putString,"{""key"": ""fiat_BYN""}"
127886,storage,SharedPreferences.putString,"{""key"": ""fiat_BZD""}"
127891,storage,SharedPreferences.putString,"{""key"": ""fiat_CAD""}"
127896,storage,SharedPreferences.putString,"{""key"": ""fiat_CDF""}"
127901,storage,SharedPreferences.putString,"{""key"": ""fiat_CHF""}"
127906,storage,SharedPreferences.putString,"{""key"": ""fiat_CLP""}"
127911,storage,SharedPreferences.putString,"{""key"": ""fiat_CNY""}"
127916,storage,SharedPreferences.putString,"{""key"": ""fiat_COP""}"
127921,storage,SharedPreferences.putString,"{""key"": ""fiat_CRC""}"
127926,storage,SharedPreferences.putString,"{""key"": ""fiat_CUP""}"
127930,storage,SharedPreferences.putString,"{""key"": ""fiat_CVE""}"
127935,storage,SharedPreferences.putString,"{""key"": ""fiat_CZK""}"
127940,storage,SharedPreferences.putString,"{""key"": ""fiat_DJF""}"
127945,storage,SharedPreferences.putString,"{""key"": ""fiat_DKK""}"
127950,storage,SharedPreferences.putString,"{""key"": ""fiat_DOP""}"
127954,storage,SharedPreferences.putString,"{""key"": ""fiat_DZD""}"
127959,storage,SharedPreferences.putString,"{""key"": ""fiat_EGP""}"
127964,storage,SharedPreferences.putString,"{""key"": ""fiat_ERN""}"
127968,storage,SharedPreferences.putString,"{""key"": ""fiat_ESP""}"
127973,storage,SharedPreferences.putString,"{""key"": ""fiat_ETB""}"
127977,storage,SharedPreferences.putString,"{""key"": ""fiat_EUR""}"
127984,storage,SharedPreferences.putString,"{""key"": ""fiat_FJD""}"
127995,storage,SharedPreferences.putString,"{""key"": ""fiat_FKP""}"
128001,storage,SharedPreferences.putString,"{""key"": ""fiat_GBP""}"
128006,storage,SharedPreferences.putString,"{""key"": ""fiat_GEL""}"
128015,storage,SharedPreferences.putString,"{""key"": ""fiat_GHS""}"
128020,storage,SharedPreferences.putString,"{""key"": ""fiat_GIP""}"
128026,storage,SharedPreferences.putString,"{""key"": ""fiat_GMD""}"
128030,storage,SharedPreferences.putString,"{""key"": ""fiat_GNF""}"
128036,storage,SharedPreferences.putString,"{""key"": ""fiat_GTQ""}"
128042,storage,SharedPreferences.putString,"{""key"": ""fiat_GYD""}"
128047,storage,SharedPreferences.putString,"{""key"": ""fiat_HKD""}"
128051,storage,SharedPreferences.putString,"{""key"": ""fiat_HNL""}"
128057,storage,SharedPreferences.putString,"{""key"": ""fiat_HRK""}"
128062,storage,SharedPreferences.putString,"{""key"": ""fiat_HTG""}"
128067,storage,SharedPreferences.putString,"{""key"": ""fiat_HUF""}"
128071,storage,SharedPreferences.putString,"{""key"": ""fiat_IDR""}"
128076,storage,SharedPreferences.putString,"{""key"": ""fiat_ILS""}"
128081,storage,SharedPreferences.putString,"{""key"": ""fiat_INR""}"
128086,storage,SharedPreferences.putString,"{""key"": ""fiat_IQD""}"
128091,storage,SharedPreferences.putString,"{""key"": ""fiat_IRR""}"
128096,storage,SharedPreferences.putString,"{""key"": ""fiat_ISK""}"
128101,storage,SharedPreferences.putString,"{""key"": ""fiat_JMD""}"
128109,storage,SharedPreferences.putString,"{""key"": ""fiat_JOD""}"
128114,storage,SharedPreferences.putString,"{""key"": ""fiat_JPY""}"
128121,storage,SharedPreferences.putString,"{""key"": ""fiat_KES""}"
128128,storage,SharedPreferences.putString,"{""key"": ""fiat_KGS""}"
128138,storage,SharedPreferences.putString,"{""key"": ""fiat_KHR""}"
128149,storage,SharedPreferences.putString,"{""key"": ""fiat_KMF""}"
128155,storage,SharedPreferences.putString,"{""key"": ""fiat_KRW""}"
128162,storage,SharedPreferences.putString,"{""key"": ""fiat_KWD""}"
128170,storage,SharedPreferences.putString,"{""key"": ""fiat_KYD""}"
128180,storage,SharedPreferences.putString,"{""key"": ""fiat_KZT""}"
128188,storage,SharedPreferences.putString,"{""key"": ""fiat_LAK""}"
128196,storage,SharedPreferences.putString,"{""key"": ""fiat_LBP""}"
128202,storage,SharedPreferences.putString,"{""key"": ""fiat_LKR""}"
128217,storage,SharedPreferences.putString,"{""key"": ""fiat_LRD""}"
128233,storage,SharedPreferences.putString,"{""key"": ""fiat_LSL""}"
128246,storage,SharedPreferences.putString,"{""key"": ""fiat_LYD""}"
128252,storage,SharedPreferences.putString,"{""key"": ""fiat_MAD""}"
128265,storage,SharedPreferences.putString,"{""key"": ""fiat_MDL""}"
128272,storage,SharedPreferences.putString,"{""key"": ""fiat_MGA""}"
128281,storage,SharedPreferences.putString,"{""key"": ""fiat_MKD""}"
128287,storage,SharedPreferences.putString,"{""key"": ""fiat_MMK""}"
128296,storage,SharedPreferences.putString,"{""key"": ""fiat_MNT""}"
128302,storage,SharedPreferences.putString,"{""key"": ""fiat_MOP""}"
128313,storage,SharedPreferences.putString,"{""key"": ""fiat_MRU""}"
128320,storage,SharedPreferences.putString,"{""key"": ""fiat_MTL""}"
128330,storage,SharedPreferences.putString,"{""key"": ""fiat_MUR""}"
128337,storage,SharedPreferences.putString,"{""key"": ""fiat_MVR""}"
128349,storage,SharedPreferences.putString,"{""key"": ""fiat_MWK""}"
128359,storage,SharedPreferences.putString,"{""key"": ""fiat_MXN""}"
128369,storage,SharedPreferences.putString,"{""key"": ""fiat_MYR""}"
128378,storage,SharedPreferences.putString,"{""key"": ""fiat_MZN""}"
128387,storage,SharedPreferences.putString,"{""key"": ""fiat_NAD""}"
128402,storage,SharedPreferences.putString,"{""key"": ""fiat_NGN""}"
128417,storage,SharedPreferences.putString,"{""key"": ""fiat_NIO""}"
128427,storage,SharedPreferences.putString,"{""key"": ""fiat_NOK""}"
128438,storage,SharedPreferences.putString,"{""key"": ""fiat_NPR""}"
128454,storage,SharedPreferences.putString,"{""key"": ""fiat_NZD""}"
128467,storage,SharedPreferences.putString,"{""key"": ""fiat_OMR""}"
128479,storage,SharedPreferences.putString,"{""key"": ""fiat_PAB""}"
128489,storage,SharedPreferences.putString,"{""key"": ""fiat_PEN""}"
128504,storage,SharedPreferences.putString,"{""key"": ""fiat_PGK""}"
128515,storage,SharedPreferences.putString,"{""key"": ""fiat_PHP""}"
128522,storage,SharedPreferences.putString,"{""key"": ""fiat_PKR""}"
128529,storage,SharedPreferences.putString,"{""key"": ""fiat_PLN""}"
128537,storage,SharedPreferences.putString,"{""key"": ""fiat_PYG""}"
128549,storage,SharedPreferences.putString,"{""key"": ""fiat_QAR""}"
128554,storage,SharedPreferences.putString,"{""key"": ""fiat_RON""}"
128566,storage,SharedPreferences.putString,"{""key"": ""fiat_RSD""}"
128571,storage,SharedPreferences.putString,"{""key"": ""fiat_RUB""}"
128575,storage,SharedPreferences.putString,"{""key"": ""fiat_RWF""}"
128580,storage,SharedPreferences.putString,"{""key"": ""fiat_SAR""}"
128584,storage,SharedPreferences.putString,"{""key"": ""fiat_SBD""}"
128588,storage,SharedPreferences.putString,"{""key"": ""fiat_SCR""}"
128593,storage,SharedPreferences.putString,"{""key"": ""fiat_SDG""}"
128598,storage,SharedPreferences.putString,"{""key"": ""fiat_SEK""}"
128603,storage,SharedPreferences.putString,"{""key"": ""fiat_SGD""}"
128607,storage,SharedPreferences.putString,"{""key"": ""fiat_SHP""}"
128611,storage,SharedPreferences.putString,"{""key"": ""fiat_SOS""}"
128616,storage,SharedPreferences.putString,"{""key"": ""fiat_SRD""}"
128620,storage,SharedPreferences.putString,"{""key"": ""fiat_SSP""}"
128625,storage,SharedPreferences.putString,"{""key"": ""fiat_SVC""}"
128629,storage,SharedPreferences.putString,"{""key"": ""fiat_SYP""}"
128634,storage,SharedPreferences.putString,"{""key"": ""fiat_SZL""}"
128638,storage,SharedPreferences.putString,"{""key"": ""fiat_THB""}"
128642,storage,SharedPreferences.putString,"{""key"": ""fiat_TJS""}"
128647,storage,SharedPreferences.putString,"{""key"": ""fiat_TMT""}"
128652,storage,SharedPreferences.putString,"{""key"": ""fiat_TND""}"
128656,storage,SharedPreferences.putString,"{""key"": ""fiat_TOP""}"
128661,storage,SharedPreferences.putString,"{""key"": ""fiat_TRY""}"
128666,storage,SharedPreferences.putString,"{""key"": ""fiat_TTD""}"
128670,storage,SharedPreferences.putString,"{""key"": ""fiat_TWD""}"
128674,storage,SharedPreferences.putString,"{""key"": ""fiat_TZS""}"
128678,storage,SharedPreferences.putString,"{""key"": ""fiat_UAH""}"
128683,storage,SharedPreferences.putString,"{""key"": ""fiat_UGX""}"
128687,storage,SharedPreferences.putString,"{""key"": ""fiat_USD""}"
128692,storage,SharedPreferences.putString,"{""key"": ""fiat_UYU""}"
128697,storage,SharedPreferences.putString,"{""key"": ""fiat_UZS""}"
128701,storage,SharedPreferences.putString,"{""key"": ""fiat_VES""}"
128705,storage,SharedPreferences.putString,"{""key"": ""fiat_VND""}"
128710,storage,SharedPreferences.putString,"{""key"": ""fiat_VUV""}"
128715,storage,SharedPreferences.putString,"{""key"": ""fiat_WST""}"
128719,storage,SharedPreferences.putString,"{""key"": ""fiat_XAF""}"
128723,storage,SharedPreferences.putString,"{""key"": ""fiat_XCD""}"
128727,storage,SharedPreferences.putString,"{""key"": ""fiat_XOF""}"
128731,storage,SharedPreferences.putString,"{""key"": ""fiat_XPF""}"
128736,storage,SharedPreferences.putString,"{""key"": ""fiat_YER""}"
128740,storage,SharedPreferences.putString,"{""key"": ""fiat_ZAR""}"
128745,storage,SharedPreferences.putString,"{""key"": ""fiat_ZMW""}"
128749,storage,SharedPreferences.putString,"{""key"": ""fiat_available""}"
128757,file_io,File.delete,"{""path"": ""/data/user/0/app.michaelwuensch.bitbanana/shared_prefs/app.michaelwuensch.bitbanana_preferences.xml.bak""}"
128761,storage,SharedPreferences.getString,"{""key"": ""secondCurrency""}"
128764,storage,SharedPreferences.getString,"{""key"": ""fiat_available""}"
128768,storage,SharedPreferences.getString,"{""key"": ""thirdCurrency""}"
128772,storage,SharedPreferences.getString,"{""key"": ""fiat_available""}"
128775,storage,SharedPreferences.getString,"{""key"": ""thirdCurrency""}"
128778,storage,SharedPreferences.getString,"{""key"": ""fiat_available""}"
128782,storage,SharedPreferences.putString,"{""key"": ""thirdCurrency""}"
128787,storage,SharedPreferences.getString,"{""key"": ""forthCurrency""}"
128790,storage,SharedPreferences.getString,"{""key"": ""fiat_available""}"
128794,storage,SharedPreferences.putString,"{""key"": ""forthCurrency""}"
128798,storage,SharedPreferences.getString,"{""key"": ""fifthCurrency""}"
128801,storage,SharedPreferences.getString,"{""key"": ""fiat_available""}"
128805,storage,SharedPreferences.putString,"{""key"": ""fifthCurrency""}"
128809,storage,SharedPreferences.getString,"{""key"": ""firstCurrency""}"
128813,storage,SharedPreferences.getString,"{""key"": ""secondCurrency""}"
128816,storage,SharedPreferences.getString,"{""key"": ""fiat_USD""}"
128819,storage,SharedPreferences.getString,"{""key"": ""thirdCurrency""}"
128823,storage,SharedPreferences.getString,"{""key"": ""forthCurrency""}"
128826,storage,SharedPreferences.getString,"{""key"": ""fifthCurrency""}"
128828,storage,SharedPreferences.getInt,"{""key"": ""currentCurrencyIndex""}"
128831,storage,SharedPreferences.getInt,"{""key"": ""currentCurrencyIndex""}"
128833,storage,SharedPreferences.getInt,"{""key"": ""currentCurrencyIndex""}"
128835,storage,SharedPreferences.getInt,"{""key"": ""currentCurrencyIndex""}"
128837,storage,SharedPreferences.getInt,"{""key"": ""currentCurrencyIndex""}"
128839,storage,SharedPreferences.getInt,"{""key"": ""currentCurrencyIndex""}"
128841,storage,SharedPreferences.getInt,"{""key"": ""currentCurrencyIndex""}"
128842,storage,SharedPreferences.getInt,"{""key"": ""currentCurrencyIndex""}"
128844,storage,SharedPreferences.getInt,"{""key"": ""currentCurrencyIndex""}"
128846,storage,SharedPreferences.getInt,"{""key"": ""currentCurrencyIndex""}"
128847,storage,SharedPreferences.getInt,"{""key"": ""currentCurrencyIndex""}"
128849,storage,SharedPreferences.getInt,"{""key"": ""currentCurrencyIndex""}"
128851,storage,SharedPreferences.getInt,"{""key"": ""currentCurrencyIndex""}"
128853,storage,SharedPreferences.getInt,"{""key"": ""currentCurrencyIndex""}"
130609,reflection,Method.invoke,"{""class"": ""android.view.View"", ""method"": ""getViewRootImpl""}"
130617,reflection,Method.invoke,"{""class"": ""android.view.View"", ""method"": ""getViewRootImpl""}"
132105,reflection,Method.invoke,"{""class"": ""app.michaelwuensch.bitbanana.home.HomeActivity"", ""method"": ""onMoveToBackground""}"
133467,reflection,Method.invoke,"{""class"": ""net.yslibrary.android.keyboardvisibilityevent.KeyboardVisibilityEvent$setEventListener$1"", ""method"": ""onDestroy""}"
133504,storage,SharedPreferences.getInt,"{""key"": ""settings_ver""}"
133511,storage,SharedPreferences.getString,"{""key"": ""lockScreenTimeoutPref""}"
133516,crypto,Cipher.doFinal,"{""inputLength"": 16}"
133519,crypto,Cipher.doFinal,"{""inputLength"": 16}"
133524,crypto,Cipher.doFinal,"{""inputLength"": 16}"
133533,crypto,Cipher.doFinal,"{""inputLength"": 16}"
133538,crypto,SecretKeySpec.<init>,"{""algorithm"": ""AES""}"
133541,crypto,Cipher.doFinal,"{""inputLength"": 8}"
133550,crypto,Cipher.doFinal,"{""inputLength"": 16}"
133554,crypto,Cipher.doFinal,"{""inputLength"": 16}"
133560,crypto,Cipher.doFinal,"{""inputLength"": 16}"
133567,crypto,Cipher.doFinal,"{""inputLength"": 16}"
133572,crypto,SecretKeySpec.<init>,"{""algorithm"": ""AES""}"
133576,crypto,Cipher.doFinal,"{""inputLength"": 13}"
133646,reflection,Method.invoke,"{""class"": ""android.view.ViewGroup"", ""method"": ""makeOptionalFitsSystemWindows""}"
133674,reflection,Method.invoke,"{""class"": ""app.michaelwuensch.bitbanana.home.HomeActivity"", ""method"": ""onMoveToForeground""}"
133681,storage,SharedPreferences.getString,"{""key"": ""lockScreenTimeoutPref""}"
133683,crypto,Cipher.doFinal,"{""inputLength"": 16}"
133685,crypto,Cipher.doFinal,"{""inputLength"": 16}"
133688,crypto,Cipher.doFinal,"{""inputLength"": 16}"
133696,crypto,Cipher.doFinal,"{""inputLength"": 16}"
133702,crypto,SecretKeySpec.<init>,"{""algorithm"": ""AES""}"
133705,crypto,Cipher.doFinal,"{""inputLength"": 8}"
133712,crypto,Cipher.doFinal,"{""inputLength"": 16}"
133719,crypto,Cipher.doFinal,"{""inputLength"": 16}"
133722,crypto,Cipher.doFinal,"{""inputLength"": 16}"
133729,crypto,Cipher.doFinal,"{""inputLength"": 16}"
133737,crypto,SecretKeySpec.<init>,"{""algorithm"": ""AES""}"
133739,crypto,Cipher.doFinal,"{""inputLength"": 13}"
133782,storage,SharedPreferences.getString,"{""key"": ""current_wallet_config""}"
133832,storage,SharedPreferences.getString,"{""key"": ""hideBalanceType""}"
133839,reflection,Method.invoke,"{""class"": ""android.view.View"", ""method"": ""getElevation""}"
133856,reflection,Method.invoke,"{""class"": ""android.view.View"", ""method"": ""getTranslationZ""}"
133882,reflection,Method.invoke,"{""class"": ""android.view.View"", ""method"": ""getElevation""}"
133899,reflection,Method.invoke,"{""class"": ""android.view.View"", ""method"": ""getTranslationZ""}"
133920,reflection,Method.invoke,"{""class"": ""android.view.View"", ""method"": ""setAlpha""}"
133937,reflection,Method.invoke,"{""class"": ""android.view.View"", ""method"": ""setAlpha""}"
133951,reflection,Method.invoke,"{""class"": ""android.view.View"", ""method"": ""setAlpha""}"
133969,reflection,Method.invoke,"{""class"": ""android.view.View"", ""method"": ""setScaleY""}"
133984,reflection,Method.invoke,"{""class"": ""android.view.View"", ""method"": ""getElevation""}"
133997,reflection,Method.invoke,"{""class"": ""android.view.View"", ""method"": ""getTranslationZ""}"
134030,reflection,Method.invoke,"{""class"": ""android.view.View"", ""method"": ""setAlpha""}"
134036,reflection,Method.invoke,"{""class"": ""android.view.View"", ""method"": ""setAlpha""}"
134054,reflection,Method.invoke,"{""class"": ""android.view.View"", ""method"": ""setAlpha""}"
134065,reflection,Method.invoke,"{""class"": ""android.view.View"", ""method"": ""setScaleY""}"
134076,reflection,Method.invoke,"{""class"": ""android.view.View"", ""method"": ""setAlpha""}"
134086,reflection,Method.invoke,"{""class"": ""android.view.View"", ""method"": ""setAlpha""}"
134096,reflection,Method.invoke,"{""class"": ""android.view.View"", ""method"": ""setAlpha""}"
134105,reflection,Method.invoke,"{""class"": ""android.view.View"", ""method"": ""setScaleY""}"
134117,reflection,Method.invoke,"{""class"": ""android.view.View"", ""method"": ""setAlpha""}"
134130,reflection,Method.invoke,"{""class"": ""android.view.View"", ""method"": ""setAlpha""}"
134138,reflection,Method.invoke,"{""class"": ""android.view.View"", ""method"": ""setAlpha""}"
134151,reflection,Method.invoke,"{""class"": ""android.view.View"", ""method"": ""setScaleY""}"
134162,reflection,Method.invoke,"{""class"": ""android.view.View"", ""method"": ""setAlpha""}"
134172,reflection,Method.invoke,"{""class"": ""android.view.View"", ""method"": ""setAlpha""}"
134184,reflection,Method.invoke,"{""class"": ""android.view.View"", ""method"": ""setAlpha""}"
134197,reflection,Method.invoke,"{""class"": ""android.view.View"", ""method"": ""setScaleY""}"
134229,reflection,Method.invoke,"{""class"": ""android.view.View"", ""method"": ""setAlpha""}"
134235,reflection,Method.invoke,"{""class"": ""android.view.View"", ""method"": ""setAlpha""}"
134246,reflection,Method.invoke,"{""class"": ""android.view.View"", ""method"": ""setAlpha""}"
134254,reflection,Method.invoke,"{""class"": ""android.view.View"", ""method"": ""setScaleY""}"
134264,reflection,Method.invoke,"{""class"": ""android.view.View"", ""method"": ""setAlpha""}"
134272,reflection,Method.invoke,"{""class"": ""android.view.View"", ""method"": ""setAlpha""}"
134280,reflection,Method.invoke,"{""class"": ""android.view.View"", ""method"": ""setAlpha""}"
134287,reflection,Method.invoke,"{""class"": ""android.view.View"", ""method"": ""setScaleY""}"
134297,reflection,Method.invoke,"{""class"": ""android.view.View"", ""method"": ""setAlpha""}"
134304,reflection,Method.invoke,"{""class"": ""android.view.View"", ""method"": ""setAlpha""}"
134311,reflection,Method.invoke,"{""class"": ""android.view.View"", ""method"": ""setAlpha""}"
134317,reflection,Method.invoke,"{""class"": ""android.view.View"", ""method"": ""setScaleY""}"
134324,reflection,Method.invoke,"{""class"": ""android.view.View"", ""method"": ""setAlpha""}"
134333,reflection,Method.invoke,"{""class"": ""android.view.View"", ""method"": ""setAlpha""}"
134340,reflection,Method.invoke,"{""class"": ""android.view.View"", ""method"": ""setAlpha""}"
134348,reflection,Method.invoke,"{""class"": ""android.view.View"", ""method"": ""setScaleY""}"
134355,reflection,Method.invoke,"{""class"": ""androidx.constraintlayout.utils.widget.ImageFilterView"", ""method"": ""setRoundPercent""}"
134362,reflection,Method.invoke,"{""class"": ""android.view.View"", ""method"": ""setAlpha""}"
134369,reflection,Method.invoke,"{""class"": ""androidx.constraintlayout.utils.widget.ImageFilterView"", ""method"": ""setRoundPercent""}"
134375,reflection,Method.invoke,"{""class"": ""android.view.View"", ""method"": ""setAlpha""}"
134391,reflection,Method.invoke,"{""class"": ""android.view.View"", ""method"": ""getElevation""}"
134398,reflection,Method.invoke,"{""class"": ""android.view.View"", ""method"": ""getTranslationZ""}"
134405,reflection,Method.invoke,"{""class"": ""androidx.constraintlayout.utils.widget.ImageFilterView"", ""method"": ""setRoundPercent""}"
134416,reflection,Method.invoke,"{""class"": ""android.view.View"", ""method"": ""setAlpha""}"
134422,reflection,Method.invoke,"{""class"": ""androidx.constraintlayout.utils.widget.ImageFilterView"", ""method"": ""setRoundPercent""}"
134429,reflection,Method.invoke,"{""class"": ""android.view.View"", ""method"": ""setAlpha""}"
134437,reflection,Method.invoke,"{""class"": ""androidx.constraintlayout.utils.widget.ImageFilterView"", ""method"": ""setRoundPercent""}"
134444,reflection,Method.invoke,"{""class"": ""android.view.View"", ""method"": ""setAlpha""}"
134453,reflection,Method.invoke,"{""class"": ""androidx.constraintlayout.utils.widget.ImageFilterView"", ""method"": ""setRoundPercent""}"
134460,reflection,Method.invoke,"{""class"": ""android.view.View"", ""method"": ""setAlpha""}"
134516,storage,SharedPreferences.getInt,"{""key"": ""currentCurrencyIndex""}"
134519,storage,SharedPreferences.getInt,"{""key"": ""currentCurrencyIndex""}"
134521,storage,SharedPreferences.getInt,"{""key"": ""currentCurrencyIndex""}"
134524,storage,SharedPreferences.getInt,"{""key"": ""currentCurrencyIndex""}"
134528,storage,SharedPreferences.getInt,"{""key"": ""currentCurrencyIndex""}"
134530,storage,SharedPreferences.getInt,"{""key"": ""currentCurrencyIndex""}"
134533,storage,SharedPreferences.getInt,"{""key"": ""currentCurrencyIndex""}"
134535,storage,SharedPreferences.getInt,"{""key"": ""currentCurrencyIndex""}"
134537,storage,SharedPreferences.getInt,"{""key"": ""currentCurrencyIndex""}"
134539,storage,SharedPreferences.getInt,"{""key"": ""currentCurrencyIndex""}"
134547,storage,SharedPreferences.getInt,"{""key"": ""currentCurrencyIndex""}"
134549,storage,SharedPreferences.getInt,"{""key"": ""currentCurrencyIndex""}"
134552,storage,SharedPreferences.getInt,"{""key"": ""currentCurrencyIndex""}"
134563,storage,SharedPreferences.getString,"{""key"": ""current_wallet_config""}"
134582,reflection,Method.invoke,"{""class"": ""android.view.View"", ""method"": ""setAlpha""}"
134596,reflection,Method.invoke,"{""class"": ""android.view.View"", ""method"": ""setAlpha""}"
134606,reflection,Method.invoke,"{""class"": ""android.view.View"", ""method"": ""setAlpha""}"
134618,reflection,Method.invoke,"{""class"": ""android.view.View"", ""method"": ""setScaleY""}"
134624,reflection,Method.invoke,"{""class"": ""android.view.View"", ""method"": ""setAlpha""}"
134636,reflection,Method.invoke,"{""class"": ""android.view.View"", ""method"": ""setAlpha""}"
134650,reflection,Method.invoke,"{""class"": ""android.view.View"", ""method"": ""setAlpha""}"
134658,reflection,Method.invoke,"{""class"": ""android.view.View"", ""method"": ""setScaleY""}"
136219,reflection,Method.invoke,"{""class"": ""android.view.View"", ""method"": ""getElevation""}"
136226,reflection,Method.invoke,"{""class"": ""android.view.View"", ""method"": ""getTranslationZ""}"
136301,storage,SharedPreferences.getInt,"{""key"": ""currentCurrencyIndex""}"
136329,reflection,Method.invoke,"{""class"": ""android.view.ViewGroup"", ""method"": ""makeOptionalFitsSystemWindows""}"
136352,reflection,Method.invoke,"{""class"": ""android.view.View"", ""method"": ""getViewRootImpl""}"
136363,reflection,Method.invoke,"{""class"": ""android.view.View"", ""method"": ""getViewRootImpl""}"
136371,reflection,Method.invoke,"{""class"": ""android.view.View"", ""method"": ""getViewRootImpl""}"
136381,reflection,Method.invoke,"{""class"": ""android.view.View"", ""method"": ""getViewRootImpl""}"
136399,reflection,Method.invoke,"{""class"": ""android.view.View"", ""method"": ""getViewRootImpl""}"
136472,reflection,Method.invoke,"{""class"": ""android.view.View"", ""method"": ""getElevation""}"
136484,reflection,Method.invoke,"{""class"": ""android.view.View"", ""method"": ""getTranslationZ""}"
136499,reflection,Method.invoke,"{""class"": ""android.view.View"", ""method"": ""getViewRootImpl""}"
136506,reflection,Method.invoke,"{""class"": ""android.view.View"", ""method"": ""getViewRootImpl""}"
136562,reflection,Method.invoke,"{""class"": ""android.view.View"", ""method"": ""getViewRootImpl""}"
136572,reflection,Method.invoke,"{""class"": ""android.view.View"", ""method"": ""getViewRootImpl""}"
139490,reflection,Method.invoke,"{""class"": ""android.view.View"", ""method"": ""getViewRootImpl""}"
139522,reflection,Method.invoke,"{""class"": ""android.view.View"", ""method"": ""getViewRootImpl""}"
139543,reflection,Method.invoke,"{""class"": ""android.view.View"", ""method"": ""setAlpha""}"
139559,reflection,Method.invoke,"{""class"": ""android.view.View"", ""method"": ""setAlpha""}"
139573,reflection,Method.invoke,"{""class"": ""android.view.View"", ""method"": ""setAlpha""}"
139591,reflection,Method.invoke,"{""class"": ""android.view.View"", ""method"": ""setScaleY""}"
139618,reflection,Method.invoke,"{""class"": ""android.view.View"", ""method"": ""setAlpha""}"
139626,reflection,Method.invoke,"{""class"": ""android.view.View"", ""method"": ""setAlpha""}"
139637,reflection,Method.invoke,"{""class"": ""android.view.View"", ""method"": ""setAlpha""}"
139655,reflection,Method.invoke,"{""class"": ""android.view.View"", ""method"": ""setScaleY""}"
139672,reflection,Method.invoke,"{""class"": ""androidx.constraintlayout.utils.widget.ImageFilterView"", ""method"": ""setRoundPercent""}"
139686,reflection,Method.invoke,"{""class"": ""android.view.View"", ""method"": ""setAlpha""}"
139693,reflection,Method.invoke,"{""class"": ""androidx.constraintlayout.utils.widget.ImageFilterView"", ""method"": ""setRoundPercent""}"
139704,reflection,Method.invoke,"{""class"": ""android.view.View"", ""method"": ""setAlpha""}"
139744,reflection,Method.invoke,"{""class"": ""android.view.View"", ""method"": ""getViewRootImpl""}"
139754,reflection,Method.invoke,"{""class"": ""android.view.View"", ""method"": ""getViewRootImpl""}"
139817,reflection,Method.invoke,"{""class"": ""android.view.View"", ""method"": ""setAlpha""}"
139822,reflection,Method.invoke,"{""class"": ""android.view.View"", ""method"": ""setAlpha""}"
139827,reflection,Method.invoke,"{""class"": ""android.view.View"", ""method"": ""setAlpha""}"
139832,reflection,Method.invoke,"{""class"": ""android.view.View"", ""method"": ""setScaleY""}"
139837,reflection,Method.invoke,"{""class"": ""android.view.View"", ""method"": ""setAlpha""}"
139842,reflection,Method.invoke,"{""class"": ""android.view.View"", ""method"": ""setAlpha""}"
139847,reflection,Method.invoke,"{""class"": ""android.view.View"", ""method"": ""setAlpha""}"
139852,reflection,Method.invoke,"{""class"": ""android.view.View"", ""method"": ""setScaleY""}"
139858,reflection,Method.invoke,"{""class"": ""androidx.constraintlayout.utils.widget.ImageFilterView"", ""method"": ""setRoundPercent""}"
139863,reflection,Method.invoke,"{""class"": ""android.view.View"", ""method"": ""setAlpha""}"
139868,reflection,Method.invoke,"{""class"": ""androidx.constraintlayout.utils.widget.ImageFilterView"", ""method"": ""setRoundPercent""}"
139873,reflection,Method.invoke,"{""class"": ""android.view.View"", ""method"": ""setAlpha""}"
139904,reflection,Method.invoke,"{""class"": ""android.view.View"", ""method"": ""getViewRootImpl""}"
139918,reflection,Method.invoke,"{""class"": ""android.view.View"", ""method"": ""getViewRootImpl""}"
139950,reflection,Method.invoke,"{""class"": ""android.view.View"", ""method"": ""getViewRootImpl""}"
139955,reflection,Method.invoke,"{""class"": ""android.view.View"", ""method"": ""getViewRootImpl""}"
142842,reflection,Method.invoke,"{""class"": ""android.view.ViewGroup"", ""method"": ""makeOptionalFitsSystemWindows""}"
142906,storage,SharedPreferences.getString,"{""key"": ""current_wallet_config""}"
142997,reflection,Method.invoke,"{""class"": ""android.view.View"", ""method"": ""getViewRootImpl""}"
143007,reflection,Method.invoke,"{""class"": ""android.view.View"", ""method"": ""getViewRootImpl""}"
143036,reflection,Method.invoke,"{""class"": ""android.view.View"", ""method"": ""getViewRootImpl""}"
143051,reflection,Method.invoke,"{""class"": ""android.view.View"", ""method"": ""getViewRootImpl""}"
143134,reflection,Method.invoke,"{""class"": ""android.view.View"", ""method"": ""getViewRootImpl""}"
143148,reflection,Method.invoke,"{""class"": ""android.view.View"", ""method"": ""getViewRootImpl""}"
143260,reflection,Method.invoke,"{""class"": ""android.view.View"", ""method"": ""getViewRootImpl""}"
143267,reflection,Method.invoke,"{""class"": ""android.view.View"", ""method"": ""getViewRootImpl""}"
143753,storage,SharedPreferences.getString,"{""key"": ""exchangeRateProvider""}"
143808,file_io,File.delete,"{""path"": ""/data/user/0/app.michaelwuensch.bitbanana/shared_prefs/app.michaelwuensch.bitbanana_preferences.xml.bak""}"
143813,storage,SharedPreferences.putString,"{""key"": ""fiat_AED""}"
143819,storage,SharedPreferences.putString,"{""key"": ""fiat_AFN""}"
143824,storage,SharedPreferences.putString,"{""key"": ""fiat_ALL""}"
143830,storage,SharedPreferences.putString,"{""key"": ""fiat_AMD""}"
143835,storage,SharedPreferences.putString,"{""key"": ""fiat_ANG""}"
143839,storage,SharedPreferences.putString,"{""key"": ""fiat_AOA""}"
143844,storage,SharedPreferences.putString,"{""key"": ""fiat_ARS""}"
143848,storage,SharedPreferences.putString,"{""key"": ""fiat_AUD""}"
143853,storage,SharedPreferences.putString,"{""key"": ""fiat_AWG""}"
143858,storage,SharedPreferences.putString,"{""key"": ""fiat_AZN""}"
143862,storage,SharedPreferences.putString,"{""key"": ""fiat_BAM""}"
143866,storage,SharedPreferences.putString,"{""key"": ""fiat_BBD""}"
143871,storage,SharedPreferences.putString,"{""key"": ""fiat_BDT""}"
143875,storage,SharedPreferences.putString,"{""key"": ""fiat_BGN""}"
143880,storage,SharedPreferences.putString,"{""key"": ""fiat_BHD""}"
143885,storage,SharedPreferences.putString,"{""key"": ""fiat_BIF""}"
143889,storage,SharedPreferences.putString,"{""key"": ""fiat_BMD""}"
143893,storage,SharedPreferences.putString,"{""key"": ""fiat_BND""}"
143897,storage,SharedPreferences.putString,"{""key"": ""fiat_BOB""}"
143901,storage,SharedPreferences.putString,"{""key"": ""fiat_BRL""}"
143906,storage,SharedPreferences.putString,"{""key"": ""fiat_BSD""}"
143910,storage,SharedPreferences.putString,"{""key"": ""fiat_BTN""}"
143914,storage,SharedPreferences.putString,"{""key"": ""fiat_BWP""}"
143918,storage,SharedPreferences.putString,"{""key"": ""fiat_BYN""}"
143923,storage,SharedPreferences.putString,"{""key"": ""fiat_BZD""}"
143927,storage,SharedPreferences.putString,"{""key"": ""fiat_CAD""}"
143931,storage,SharedPreferences.putString,"{""key"": ""fiat_CDF""}"
143935,storage,SharedPreferences.putString,"{""key"": ""fiat_CHF""}"
143940,storage,SharedPreferences.putString,"{""key"": ""fiat_CLP""}"
143944,storage,SharedPreferences.putString,"{""key"": ""fiat_CNY""}"
143948,storage,SharedPreferences.putString,"{""key"": ""fiat_COP""}"
143953,storage,SharedPreferences.putString,"{""key"": ""fiat_CRC""}"
143957,storage,SharedPreferences.putString,"{""key"": ""fiat_CUP""}"
143961,storage,SharedPreferences.putString,"{""key"": ""fiat_CVE""}"
143965,storage,SharedPreferences.putString,"{""key"": ""fiat_CZK""}"
143969,storage,SharedPreferences.putString,"{""key"": ""fiat_DJF""}"
143974,storage,SharedPreferences.putString,"{""key"": ""fiat_DKK""}"
143978,storage,SharedPreferences.putString,"{""key"": ""fiat_DOP""}"
143982,storage,SharedPreferences.putString,"{""key"": ""fiat_DZD""}"
143986,storage,SharedPreferences.putString,"{""key"": ""fiat_EGP""}"
143990,storage,SharedPreferences.putString,"{""key"": ""fiat_ERN""}"
143995,storage,SharedPreferences.putString,"{""key"": ""fiat_ESP""}"
143999,storage,SharedPreferences.putString,"{""key"": ""fiat_ETB""}"
144003,storage,SharedPreferences.putString,"{""key"": ""fiat_EUR""}"
144007,storage,SharedPreferences.putString,"{""key"": ""fiat_FJD""}"
144012,storage,SharedPreferences.putString,"{""key"": ""fiat_FKP""}"
144016,storage,SharedPreferences.putString,"{""key"": ""fiat_GBP""}"
144020,storage,SharedPreferences.putString,"{""key"": ""fiat_GEL""}"
144024,storage,SharedPreferences.putString,"{""key"": ""fiat_GHS""}"
144029,storage,SharedPreferences.putString,"{""key"": ""fiat_GIP""}"
144033,storage,SharedPreferences.putString,"{""key"": ""fiat_GMD""}"
144037,storage,SharedPreferences.putString,"{""key"": ""fiat_GNF""}"
144041,storage,SharedPreferences.putString,"{""key"": ""fiat_GTQ""}"
144045,storage,SharedPreferences.putString,"{""key"": ""fiat_GYD""}"
144049,storage,SharedPreferences.putString,"{""key"": ""fiat_HKD""}"
144053,storage,SharedPreferences.putString,"{""key"": ""fiat_HNL""}"
144057,storage,SharedPreferences.putString,"{""key"": ""fiat_HRK""}"
144062,storage,SharedPreferences.putString,"{""key"": ""fiat_HTG""}"
144066,storage,SharedPreferences.putString,"{""key"": ""fiat_HUF""}"
144070,storage,SharedPreferences.putString,"{""key"": ""fiat_IDR""}"
144074,storage,SharedPreferences.putString,"{""key"": ""fiat_ILS""}"
144079,storage,SharedPreferences.putString,"{""key"": ""fiat_INR""}"
144083,storage,SharedPreferences.putString,"{""key"": ""fiat_IQD""}"
144088,storage,SharedPreferences.putString,"{""key"": ""fiat_IRR""}"
144092,storage,SharedPreferences.putString,"{""key"": ""fiat_ISK""}"
144096,storage,SharedPreferences.putString,"{""key"": ""fiat_JMD""}"
144100,storage,SharedPreferences.putString,"{""key"": ""fiat_JOD""}"
144104,storage,SharedPreferences.putString,"{""key"": ""fiat_JPY""}"
144108,storage,SharedPreferences.putString,"{""key"": ""fiat_KES""}"
144113,storage,SharedPreferences.putString,"{""key"": ""fiat_KGS""}"
144117,storage,SharedPreferences.putString,"{""key"": ""fiat_KHR""}"
144121,storage,SharedPreferences.putString,"{""key"": ""fiat_KMF""}"
144125,storage,SharedPreferences.putString,"{""key"": ""fiat_KRW""}"
144130,storage,SharedPreferences.putString,"{""key"": ""fiat_KWD""}"
144134,storage,SharedPreferences.putString,"{""key"": ""fiat_KYD""}"
144138,storage,SharedPreferences.putString,"{""key"": ""fiat_KZT""}"
144142,storage,SharedPreferences.putString,"{""key"": ""fiat_LAK""}"
144146,storage,SharedPreferences.putString,"{""key"": ""fiat_LBP""}"
144151,storage,SharedPreferences.putString,"{""key"": ""fiat_LKR""}"
144155,storage,SharedPreferences.putString,"{""key"": ""fiat_LRD""}"
144159,storage,SharedPreferences.putString,"{""key"": ""fiat_LSL""}"
144163,storage,SharedPreferences.putString,"{""key"": ""fiat_LYD""}"
144168,storage,SharedPreferences.putString,"{""key"": ""fiat_MAD""}"
144172,storage,SharedPreferences.putString,"{""key"": ""fiat_MDL""}"
144176,storage,SharedPreferences.putString,"{""key"": ""fiat_MGA""}"
144180,storage,SharedPreferences.putString,"{""key"": ""fiat_MKD""}"
144185,storage,SharedPreferences.putString,"{""key"": ""fiat_MMK""}"
144189,storage,SharedPreferences.putString,"{""key"": ""fiat_MNT""}"
144193,storage,SharedPreferences.putString,"{""key"": ""fiat_MOP""}"
144197,storage,SharedPreferences.putString,"{""key"": ""fiat_MRU""}"
144201,storage,SharedPreferences.putString,"{""key"": ""fiat_MTL""}"
144206,storage,SharedPreferences.putString,"{""key"": ""fiat_MUR""}"
144210,storage,SharedPreferences.putString,"{""key"": ""fiat_MVR""}"
144214,storage,SharedPreferences.putString,"{""key"": ""fiat_MWK""}"
144218,storage,SharedPreferences.putString,"{""key"": ""fiat_MXN""}"
144223,storage,SharedPreferences.putString,"{""key"": ""fiat_MYR""}"
144227,storage,SharedPreferences.putString,"{""key"": ""fiat_MZN""}"
144231,storage,SharedPreferences.putString,"{""key"": ""fiat_NAD""}"
144235,storage,SharedPreferences.putString,"{""key"": ""fiat_NGN""}"
144239,storage,SharedPreferences.putString,"{""key"": ""fiat_NIO""}"
144244,storage,SharedPreferences.putString,"{""key"": ""fiat_NOK""}"
144248,storage,SharedPreferences.putString,"{""key"": ""fiat_NPR""}"
144252,storage,SharedPreferences.putString,"{""key"": ""fiat_NZD""}"
144256,storage,SharedPreferences.putString,"{""key"": ""fiat_OMR""}"
144260,storage,SharedPreferences.putString,"{""key"": ""fiat_PAB""}"
144265,storage,SharedPreferences.putString,"{""key"": ""fiat_PEN""}"
144269,storage,SharedPreferences.putString,"{""key"": ""fiat_PGK""}"
144273,storage,SharedPreferences.putString,"{""key"": ""fiat_PHP""}"
144277,storage,SharedPreferences.putString,"{""key"": ""fiat_PKR""}"
144282,storage,SharedPreferences.putString,"{""key"": ""fiat_PLN""}"
144286,storage,SharedPreferences.putString,"{""key"": ""fiat_PYG""}"
144290,storage,SharedPreferences.putString,"{""key"": ""fiat_QAR""}"
144294,storage,SharedPreferences.putString,"{""key"": ""fiat_RON""}"
144299,storage,SharedPreferences.putString,"{""key"": ""fiat_RSD""}"
144303,storage,SharedPreferences.putString,"{""key"": ""fiat_RUB""}"
144318,storage,SharedPreferences.putString,"{""key"": ""fiat_RWF""}"
144323,storage,SharedPreferences.putString,"{""key"": ""fiat_SAR""}"
144332,storage,SharedPreferences.putString,"{""key"": ""fiat_SBD""}"
144337,storage,SharedPreferences.putString,"{""key"": ""fiat_SCR""}"
144344,storage,SharedPreferences.putString,"{""key"": ""fiat_SDG""}"
144348,storage,SharedPreferences.putString,"{""key"": ""fiat_SEK""}"
144354,storage,SharedPreferences.putString,"{""key"": ""fiat_SGD""}"
144358,storage,SharedPreferences.putString,"{""key"": ""fiat_SHP""}"
144363,storage,SharedPreferences.putString,"{""key"": ""fiat_SOS""}"
144367,storage,SharedPreferences.putString,"{""key"": ""fiat_SRD""}"
144371,storage,SharedPreferences.putString,"{""key"": ""fiat_SSP""}"
144375,storage,SharedPreferences.putString,"{""key"": ""fiat_SVC""}"
144391,storage,SharedPreferences.putString,"{""key"": ""fiat_SYP""}"
144396,storage,SharedPreferences.putString,"{""key"": ""fiat_SZL""}"
144400,storage,SharedPreferences.putString,"{""key"": ""fiat_THB""}"
144404,storage,SharedPreferences.putString,"{""key"": ""fiat_TJS""}"
144408,storage,SharedPreferences.putString,"{""key"": ""fiat_TMT""}"
144412,storage,SharedPreferences.putString,"{""key"": ""fiat_TND""}"
144417,storage,SharedPreferences.putString,"{""key"": ""fiat_TOP""}"
144421,storage,SharedPreferences.putString,"{""key"": ""fiat_TRY""}"
144426,storage,SharedPreferences.putString,"{""key"": ""fiat_TTD""}"
144430,storage,SharedPreferences.putString,"{""key"": ""fiat_TWD""}"
144434,storage,SharedPreferences.putString,"{""key"": ""fiat_TZS""}"
144438,storage,SharedPreferences.putString,"{""key"": ""fiat_UAH""}"
144443,storage,SharedPreferences.putString,"{""key"": ""fiat_UGX""}"
144447,storage,SharedPreferences.putString,"{""key"": ""fiat_USD""}"
144451,storage,SharedPreferences.putString,"{""key"": ""fiat_UYU""}"
144455,storage,SharedPreferences.putString,"{""key"": ""fiat_UZS""}"
144460,storage,SharedPreferences.putString,"{""key"": ""fiat_VES""}"
144464,storage,SharedPreferences.putString,"{""key"": ""fiat_VND""}"
144468,storage,SharedPreferences.putString,"{""key"": ""fiat_VUV""}"
144472,storage,SharedPreferences.putString,"{""key"": ""fiat_WST""}"
144476,storage,SharedPreferences.putString,"{""key"": ""fiat_XAF""}"
144480,storage,SharedPreferences.putString,"{""key"": ""fiat_XCD""}"
144485,storage,SharedPreferences.putString,"{""key"": ""fiat_XOF""}"
144489,storage,SharedPreferences.putString,"{""key"": ""fiat_XPF""}"
144493,storage,SharedPreferences.putString,"{""key"": ""fiat_YER""}"
144497,storage,SharedPreferences.putString,"{""key"": ""fiat_ZAR""}"
144502,storage,SharedPreferences.putString,"{""key"": ""fiat_ZMW""}"
144506,storage,SharedPreferences.putString,"{""key"": ""fiat_available""}"
144511,file_io,File.delete,"{""path"": ""/data/user/0/app.michaelwuensch.bitbanana/shared_prefs/app.michaelwuensch.bitbanana_preferences.xml.bak""}"
144514,storage,SharedPreferences.getString,"{""key"": ""secondCurrency""}"
144517,storage,SharedPreferences.getString,"{""key"": ""fiat_available""}"
144520,storage,SharedPreferences.getString,"{""key"": ""thirdCurrency""}"
144524,storage,SharedPreferences.getString,"{""key"": ""fiat_available""}"
144527,storage,SharedPreferences.getString,"{""key"": ""thirdCurrency""}"
144530,storage,SharedPreferences.getString,"{""key"": ""fiat_available""}"
144533,storage,SharedPreferences.putString,"{""key"": ""thirdCurrency""}"
144538,storage,SharedPreferences.getString,"{""key"": ""forthCurrency""}"
144541,storage,SharedPreferences.getString,"{""key"": ""fiat_available""}"
144544,storage,SharedPreferences.putString,"{""key"": ""forthCurrency""}"
144549,storage,SharedPreferences.getString,"{""key"": ""fifthCurrency""}"
144552,storage,SharedPreferences.getString,"{""key"": ""fiat_available""}"
144555,storage,SharedPreferences.putString,"{""key"": ""fifthCurrency""}"
144559,storage,SharedPreferences.getString,"{""key"": ""firstCurrency""}"
144563,storage,SharedPreferences.getString,"{""key"": ""secondCurrency""}"
144566,storage,SharedPreferences.getString,"{""key"": ""fiat_USD""}"
144569,storage,SharedPreferences.getString,"{""key"": ""thirdCurrency""}"
144572,storage,SharedPreferences.getString,"{""key"": ""forthCurrency""}"
144575,storage,SharedPreferences.getString,"{""key"": ""fifthCurrency""}"
144578,storage,SharedPreferences.getInt,"{""key"": ""currentCurrencyIndex""}"
144580,storage,SharedPreferences.getInt,"{""key"": ""currentCurrencyIndex""}"
144582,storage,SharedPreferences.getInt,"{""key"": ""currentCurrencyIndex""}"
144584,storage,SharedPreferences.getInt,"{""key"": ""currentCurrencyIndex""}"
144586,storage,SharedPreferences.getInt,"{""key"": ""currentCurrencyIndex""}"
144588,storage,SharedPreferences.getInt,"{""key"": ""currentCurrencyIndex""}"
144590,storage,SharedPreferences.getInt,"{""key"": ""currentCurrencyIndex""}"
144592,storage,SharedPreferences.getInt,"{""key"": ""currentCurrencyIndex""}"
144594,storage,SharedPreferences.getInt,"{""key"": ""currentCurrencyIndex""}"
144595,storage,SharedPreferences.getInt,"{""key"": ""currentCurrencyIndex""}"
144597,storage,SharedPreferences.getInt,"{""key"": ""currentCurrencyIndex""}"
144599,storage,SharedPreferences.getInt,"{""key"": ""currentCurrencyIndex""}"
144601,storage,SharedPreferences.getInt,"{""key"": ""currentCurrencyIndex""}"
144603,storage,SharedPreferences.getInt,"{""key"": ""currentCurrencyIndex""}"
146067,reflection,Method.invoke,"{""class"": ""android.view.View"", ""method"": ""setAlpha""}"
146083,reflection,Method.invoke,"{""class"": ""android.view.View"", ""method"": ""setAlpha""}"
146105,reflection,Method.invoke,"{""class"": ""android.view.View"", ""method"": ""setAlpha""}"
146121,reflection,Method.invoke,"{""class"": ""android.view.View"", ""method"": ""setScaleY""}"
146134,reflection,Method.invoke,"{""class"": ""android.view.View"", ""method"": ""setAlpha""}"
146152,reflection,Method.invoke,"{""class"": ""android.view.View"", ""method"": ""setAlpha""}"
146165,reflection,Method.invoke,"{""class"": ""android.view.View"", ""method"": ""setAlpha""}"
146179,reflection,Method.invoke,"{""class"": ""android.view.View"", ""method"": ""setScaleY""}"
146267,reflection,Method.invoke,"{""class"": ""android.view.View"", ""method"": ""getViewRootImpl""}"
146278,reflection,Method.invoke,"{""class"": ""android.view.View"", ""method"": ""getViewRootImpl""}"
146318,reflection,Method.invoke,"{""class"": ""android.view.View"", ""method"": ""getViewRootImpl""}"
146328,reflection,Method.invoke,"{""class"": ""android.view.View"", ""method"": ""getViewRootImpl""}"
146400,reflection,Method.invoke,"{""class"": ""android.view.View"", ""method"": ""getViewRootImpl""}"
146414,reflection,Method.invoke,"{""class"": ""android.view.View"", ""method"": ""getViewRootImpl""}"
149202,reflection,Method.invoke,"{""class"": ""net.yslibrary.android.keyboardvisibilityevent.KeyboardVisibilityEvent$setEventListener$1"", ""method"": ""onDestroy""}"
176731,storage,SharedPreferences.getInt,"{""key"": ""settings_ver""}"
176732,storage,SharedPreferences.getString,"{""key"": ""lockScreenTimeoutPref""}"
176733,crypto,Cipher.doFinal,"{""inputLength"": 16}"
176733,crypto,Cipher.doFinal,"{""inputLength"": 16}"
176733,crypto,Cipher.doFinal,"{""inputLength"": 16}"
176734,crypto,Cipher.doFinal,"{""inputLength"": 16}"
176734,crypto,SecretKeySpec.<init>,"{""algorithm"": ""AES""}"
176734,crypto,Cipher.doFinal,"{""inputLength"": 8}"
176735,crypto,Cipher.doFinal,"{""inputLength"": 16}"
176735,crypto,Cipher.doFinal,"{""inputLength"": 16}"
176735,crypto,Cipher.doFinal,"{""inputLength"": 16}"
176735,crypto,Cipher.doFinal,"{""inputLength"": 16}"
176735,crypto,SecretKeySpec.<init>,"{""algorithm"": ""AES""}"
176736,crypto,Cipher.doFinal,"{""inputLength"": 13}"
176782,reflection,Method.invoke,"{""class"": ""android.view.ViewGroup"", ""method"": ""makeOptionalFitsSystemWindows""}"
176788,reflection,Method.invoke,"{""class"": ""app.michaelwuensch.bitbanana.home.HomeActivity"", ""method"": ""onMoveToForeground""}"
176789,storage,SharedPreferences.getString,"{""key"": ""lockScreenTimeoutPref""}"
176790,crypto,Cipher.doFinal,"{""inputLength"": 16}"
176790,crypto,Cipher.doFinal,"{""inputLength"": 16}"
176790,crypto,Cipher.doFinal,"{""inputLength"": 16}"
176790,crypto,Cipher.doFinal,"{""inputLength"": 16}"
176790,crypto,SecretKeySpec.<init>,"{""algorithm"": ""AES""}"
176790,crypto,Cipher.doFinal,"{""inputLength"": 8}"
176791,crypto,Cipher.doFinal,"{""inputLength"": 16}"
176791,crypto,Cipher.doFinal,"{""inputLength"": 16}"
176791,crypto,Cipher.doFinal,"{""inputLength"": 16}"
176791,crypto,Cipher.doFinal,"{""inputLength"": 16}"
176791,crypto,SecretKeySpec.<init>,"{""algorithm"": ""AES""}"
176791,crypto,Cipher.doFinal,"{""inputLength"": 13}"
176809,storage,SharedPreferences.getString,"{""key"": ""current_wallet_config""}"
176816,storage,SharedPreferences.getString,"{""key"": ""hideBalanceType""}"
176817,reflection,Method.invoke,"{""class"": ""android.view.View"", ""method"": ""getElevation""}"
176818,reflection,Method.invoke,"{""class"": ""android.view.View"", ""method"": ""getTranslationZ""}"
176819,reflection,Method.invoke,"{""class"": ""android.view.View"", ""method"": ""getElevation""}"
176819,reflection,Method.invoke,"{""class"": ""android.view.View"", ""method"": ""getTranslationZ""}"
176821,reflection,Method.invoke,"{""class"": ""android.view.View"", ""method"": ""setAlpha""}"
176822,reflection,Method.invoke,"{""class"": ""android.view.View"", ""method"": ""setAlpha""}"
176823,reflection,Method.invoke,"{""class"": ""android.view.View"", ""method"": ""setAlpha""}"
176824,reflection,Method.invoke,"{""class"": ""android.view.View"", ""method"": ""setScaleY""}"
176825,reflection,Method.invoke,"{""class"": ""android.view.View"", ""method"": ""getElevation""}"
176826,reflection,Method.invoke,"{""class"": ""android.view.View"", ""method"": ""getTranslationZ""}"
176833,reflection,Method.invoke,"{""class"": ""android.view.View"", ""method"": ""setAlpha""}"
176834,reflection,Method.invoke,"{""class"": ""android.view.View"", ""method"": ""setAlpha""}"
176835,reflection,Method.invoke,"{""class"": ""android.view.View"", ""method"": ""setAlpha""}"
176836,reflection,Method.invoke,"{""class"": ""android.view.View"", ""method"": ""setScaleY""}"
176837,reflection,Method.invoke,"{""class"": ""android.view.View"", ""method"": ""setAlpha""}"
176838,reflection,Method.invoke,"{""class"": ""android.view.View"", ""method"": ""setAlpha""}"
176839,reflection,Method.invoke,"{""class"": ""android.view.View"", ""method"": ""setAlpha""}"
176840,reflection,Method.invoke,"{""class"": ""android.view.View"", ""method"": ""setScaleY""}"
176843,reflection,Method.invoke,"{""class"": ""android.view.View"", ""method"": ""setAlpha""}"
176846,reflection,Method.invoke,"{""class"": ""android.view.View"", ""method"": ""setAlpha""}"
176847,reflection,Method.invoke,"{""class"": ""android.view.View"", ""method"": ""setAlpha""}"
176848,reflection,Method.invoke,"{""class"": ""android.view.View"", ""method"": ""setScaleY""}"
176849,reflection,Method.invoke,"{""class"": ""android.view.View"", ""method"": ""setAlpha""}"
176851,reflection,Method.invoke,"{""class"": ""android.view.View"", ""method"": ""setAlpha""}"
176852,reflection,Method.invoke,"{""class"": ""android.view.View"", ""method"": ""setAlpha""}"
176852,reflection,Method.invoke,"{""class"": ""android.view.View"", ""method"": ""setScaleY""}"
176857,reflection,Method.invoke,"{""class"": ""android.view.View"", ""method"": ""setAlpha""}"
176857,reflection,Method.invoke,"{""class"": ""android.view.View"", ""method"": ""setAlpha""}"
176857,reflection,Method.invoke,"{""class"": ""android.view.View"", ""method"": ""setAlpha""}"
176858,reflection,Method.invoke,"{""class"": ""android.view.View"", ""method"": ""setScaleY""}"
176858,reflection,Method.invoke,"{""class"": ""android.view.View"", ""method"": ""setAlpha""}"
176858,reflection,Method.invoke,"{""class"": ""android.view.View"", ""method"": ""setAlpha""}"
176859,reflection,Method.invoke,"{""class"": ""android.view.View"", ""method"": ""setAlpha""}"
176859,reflection,Method.invoke,"{""class"": ""android.view.View"", ""method"": ""setScaleY""}"
176859,reflection,Method.invoke,"{""class"": ""android.view.View"", ""method"": ""setAlpha""}"
176859,reflection,Method.invoke,"{""class"": ""android.view.View"", ""method"": ""setAlpha""}"
176860,reflection,Method.invoke,"{""class"": ""android.view.View"", ""method"": ""setAlpha""}"
176860,reflection,Method.invoke,"{""class"": ""android.view.View"", ""method"": ""setScaleY""}"
176860,reflection,Method.invoke,"{""class"": ""android.view.View"", ""method"": ""setAlpha""}"
176861,reflection,Method.invoke,"{""class"": ""android.view.View"", ""method"": ""setAlpha""}"
176861,reflection,Method.invoke,"{""class"": ""android.view.View"", ""method"": ""setAlpha""}"
176861,reflection,Method.invoke,"{""class"": ""android.view.View"", ""method"": ""setScaleY""}"
176866,reflection,Method.invoke,"{""class"": ""androidx.constraintlayout.utils.widget.ImageFilterView"", ""method"": ""setRoundPercent""}"
176867,reflection,Method.invoke,"{""class"": ""android.view.View"", ""method"": ""setAlpha""}"
176869,reflection,Method.invoke,"{""class"": ""androidx.constraintlayout.utils.widget.ImageFilterView"", ""method"": ""setRoundPercent""}"
176871,reflection,Method.invoke,"{""class"": ""android.view.View"", ""method"": ""setAlpha""}"
176881,reflection,Method.invoke,"{""class"": ""android.view.View"", ""method"": ""getElevation""}"
176882,reflection,Method.invoke,"{""class"": ""android.view.View"", ""method"": ""getTranslationZ""}"
176885,reflection,Method.invoke,"{""class"": ""androidx.constraintlayout.utils.widget.ImageFilterView"", ""method"": ""setRoundPercent""}"
176886,reflection,Method.invoke,"{""class"": ""android.view.View"", ""method"": ""setAlpha""}"
176887,reflection,Method.invoke,"{""class"": ""androidx.constraintlayout.utils.widget.ImageFilterView"", ""method"": ""setRoundPercent""}"
176888,reflection,Method.invoke,"{""class"": ""android.view.View"", ""method"": ""setAlpha""}"
176889,reflection,Method.invoke,"{""class"": ""androidx.constraintlayout.utils.widget.ImageFilterView"", ""method"": ""setRoundPercent""}"
176890,reflection,Method.invoke,"{""class"": ""android.view.View"", ""method"": ""setAlpha""}"
176893,reflection,Method.invoke,"{""class"": ""androidx.constraintlayout.utils.widget.ImageFilterView"", ""method"": ""setRoundPercent""}"
176894,reflection,Method.invoke,"{""class"": ""android.view.View"", ""method"": ""setAlpha""}"
176931,storage,SharedPreferences.getInt,"{""key"": ""currentCurrencyIndex""}"
176931,storage,SharedPreferences.getInt,"{""key"": ""currentCurrencyIndex""}"
176932,storage,SharedPreferences.getInt,"{""key"": ""currentCurrencyIndex""}"
176932,storage,SharedPreferences.getInt,"{""key"": ""currentCurrencyIndex""}"
176932,storage,SharedPreferences.getInt,"{""key"": ""currentCurrencyIndex""}"
176933,storage,SharedPreferences.getInt,"{""key"": ""currentCurrencyIndex""}"
176933,storage,SharedPreferences.getInt,"{""key"": ""currentCurrencyIndex""}"
176933,storage,SharedPreferences.getInt,"{""key"": ""currentCurrencyIndex""}"
176934,storage,SharedPreferences.getInt,"{""key"": ""currentCurrencyIndex""}"
176934,storage,SharedPreferences.getInt,"{""key"": ""currentCurrencyIndex""}"
176934,storage,SharedPreferences.getInt,"{""key"": ""currentCurrencyIndex""}"
176934,storage,SharedPreferences.getInt,"{""key"": ""currentCurrencyIndex""}"
176935,storage,SharedPreferences.getInt,"{""key"": ""currentCurrencyIndex""}"
176936,reflection,Method.invoke,"{""class"": ""android.view.View"", ""method"": ""setAlpha""}"
176937,reflection,Method.invoke,"{""class"": ""android.view.View"", ""method"": ""setAlpha""}"
176938,reflection,Method.invoke,"{""class"": ""android.view.View"", ""method"": ""setAlpha""}"
176939,reflection,Method.invoke,"{""class"": ""android.view.View"", ""method"": ""setScaleY""}"
176940,reflection,Method.invoke,"{""class"": ""android.view.View"", ""method"": ""setAlpha""}"
176941,reflection,Method.invoke,"{""class"": ""android.view.View"", ""method"": ""setAlpha""}"
176942,reflection,Method.invoke,"{""class"": ""android.view.View"", ""method"": ""setAlpha""}"
176943,reflection,Method.invoke,"{""class"": ""android.view.View"", ""method"": ""setScaleY""}"
177098,storage,SharedPreferences.getString,"{""key"": ""current_wallet_config""}"
179964,reflection,Method.invoke,"{""class"": ""android.view.ViewGroup"", ""method"": ""makeOptionalFitsSystemWindows""}"
179979,reflection,Method.invoke,"{""class"": ""androidx.camera.lifecycle.LifecycleCamera"", ""method"": ""onStart""}"
179980,reflection,Method.invoke,"{""class"": ""androidx.camera.lifecycle.LifecycleCamera"", ""method"": ""onResume""}"
179981,reflection,Method.invoke,"{""class"": ""androidx.camera.lifecycle.LifecycleCameraRepository$LifecycleCameraRepositoryObserver"", ""method"": ""onStart""}"
186800,storage,SharedPreferences.getString,"{""key"": ""exchangeRateProvider""}"
186844,file_io,File.delete,"{""path"": ""/data/user/0/app.michaelwuensch.bitbanana/shared_prefs/app.michaelwuensch.bitbanana_preferences.xml.bak""}"
186847,storage,SharedPreferences.putString,"{""key"": ""fiat_AED""}"
186853,storage,SharedPreferences.putString,"{""key"": ""fiat_AFN""}"
186865,storage,SharedPreferences.putString,"{""key"": ""fiat_ALL""}"
186869,storage,SharedPreferences.putString,"{""key"": ""fiat_AMD""}"
186874,storage,SharedPreferences.putString,"{""key"": ""fiat_ANG""}"
186878,storage,SharedPreferences.putString,"{""key"": ""fiat_AOA""}"
186882,storage,SharedPreferences.putString,"{""key"": ""fiat_ARS""}"
186888,storage,SharedPreferences.putString,"{""key"": ""fiat_AUD""}"
186900,storage,SharedPreferences.putString,"{""key"": ""fiat_AWG""}"
186904,storage,SharedPreferences.putString,"{""key"": ""fiat_AZN""}"
186908,storage,SharedPreferences.putString,"{""key"": ""fiat_BAM""}"
186912,storage,SharedPreferences.putString,"{""key"": ""fiat_BBD""}"
186917,storage,SharedPreferences.putString,"{""key"": ""fiat_BDT""}"
186929,storage,SharedPreferences.putString,"{""key"": ""fiat_BGN""}"
186934,storage,SharedPreferences.putString,"{""key"": ""fiat_BHD""}"
186938,storage,SharedPreferences.putString,"{""key"": ""fiat_BIF""}"
186942,storage,SharedPreferences.putString,"{""key"": ""fiat_BMD""}"
186947,storage,SharedPreferences.putString,"{""key"": ""fiat_BND""}"
186954,storage,SharedPreferences.putString,"{""key"": ""fiat_BOB""}"
186965,storage,SharedPreferences.putString,"{""key"": ""fiat_BRL""}"
186969,storage,SharedPreferences.putString,"{""key"": ""fiat_BSD""}"
186974,storage,SharedPreferences.putString,"{""key"": ""fiat_BTN""}"
186978,storage,SharedPreferences.putString,"{""key"": ""fiat_BWP""}"
186983,storage,SharedPreferences.putString,"{""key"": ""fiat_BYN""}"
186990,storage,SharedPreferences.putString,"{""key"": ""fiat_BZD""}"
187002,storage,SharedPreferences.putString,"{""key"": ""fiat_CAD""}"
187007,storage,SharedPreferences.putString,"{""key"": ""fiat_CDF""}"
187011,storage,SharedPreferences.putString,"{""key"": ""fiat_CHF""}"
187015,storage,SharedPreferences.putString,"{""key"": ""fiat_CLP""}"
187021,storage,SharedPreferences.putString,"{""key"": ""fiat_CNY""}"
187031,storage,SharedPreferences.putString,"{""key"": ""fiat_COP""}"
187035,storage,SharedPreferences.putString,"{""key"": ""fiat_CRC""}"
187040,storage,SharedPreferences.putString,"{""key"": ""fiat_CUP""}"
187044,storage,SharedPreferences.putString,"{""key"": ""fiat_CVE""}"
187049,storage,SharedPreferences.putString,"{""key"": ""fiat_CZK""}"
187055,storage,SharedPreferences.putString,"{""key"": ""fiat_DJF""}"
187067,storage,SharedPreferences.putString,"{""key"": ""fiat_DKK""}"
187071,storage,SharedPreferences.putString,"{""key"": ""fiat_DOP""}"
187075,storage,SharedPreferences.putString,"{""key"": ""fiat_DZD""}"
187080,storage,SharedPreferences.putString,"{""key"": ""fiat_EGP""}"
187084,storage,SharedPreferences.putString,"{""key"": ""fiat_ERN""}"
187096,storage,SharedPreferences.putString,"{""key"": ""fiat_ESP""}"
187101,storage,SharedPreferences.putString,"{""key"": ""fiat_ETB""}"
187105,storage,SharedPreferences.putString,"{""key"": ""fiat_EUR""}"
187109,storage,SharedPreferences.putString,"{""key"": ""fiat_FJD""}"
187114,storage,SharedPreferences.putString,"{""key"": ""fiat_FKP""}"
187118,storage,SharedPreferences.putString,"{""key"": ""fiat_GBP""}"
187132,storage,SharedPreferences.putString,"{""key"": ""fiat_GEL""}"
187136,storage,SharedPreferences.putString,"{""key"": ""fiat_GHS""}"
187141,storage,SharedPreferences.putString,"{""key"": ""fiat_GIP""}"
187145,storage,SharedPreferences.putString,"{""key"": ""fiat_GMD""}"
187149,storage,SharedPreferences.putString,"{""key"": ""fiat_GNF""}"
187155,storage,SharedPreferences.putString,"{""key"": ""fiat_GTQ""}"
187167,storage,SharedPreferences.putString,"{""key"": ""fiat_GYD""}"
187171,storage,SharedPreferences.putString,"{""key"": ""fiat_HKD""}"
187176,storage,SharedPreferences.putString,"{""key"": ""fiat_HNL""}"
187180,storage,SharedPreferences.putString,"{""key"": ""fiat_HRK""}"
187184,storage,SharedPreferences.putString,"{""key"": ""fiat_HTG""}"
187197,storage,SharedPreferences.putString,"{""key"": ""fiat_HUF""}"
187201,storage,SharedPreferences.putString,"{""key"": ""fiat_IDR""}"
187206,storage,SharedPreferences.putString,"{""key"": ""fiat_ILS""}"
187210,storage,SharedPreferences.putString,"{""key"": ""fiat_INR""}"
187214,storage,SharedPreferences.putString,"{""key"": ""fiat_IQD""}"
187219,storage,SharedPreferences.putString,"{""key"": ""fiat_IRR""}"
187228,storage,SharedPreferences.putString,"{""key"": ""fiat_ISK""}"
187234,storage,SharedPreferences.putString,"{""key"": ""fiat_JMD""}"
187238,storage,SharedPreferences.putString,"{""key"": ""fiat_JOD""}"
187243,storage,SharedPreferences.putString,"{""key"": ""fiat_JPY""}"
187247,storage,SharedPreferences.putString,"{""key"": ""fiat_KES""}"
187251,storage,SharedPreferences.putString,"{""key"": ""fiat_KGS""}"
187259,storage,SharedPreferences.putString,"{""key"": ""fiat_KHR""}"
187265,storage,SharedPreferences.putString,"{""key"": ""fiat_KMF""}"
187269,storage,SharedPreferences.putString,"{""key"": ""fiat_KRW""}"
187274,storage,SharedPreferences.putString,"{""key"": ""fiat_KWD""}"
187278,storage,SharedPreferences.putString,"{""key"": ""fiat_KYD""}"
187282,storage,SharedPreferences.putString,"{""key"": ""fiat_KZT""}"
187288,storage,SharedPreferences.putString,"{""key"": ""fiat_LAK""}"
187300,storage,SharedPreferences.putString,"{""key"": ""fiat_LBP""}"
187304,storage,SharedPreferences.putString,"{""key"": ""fiat_LKR""}"
187309,storage,SharedPreferences.putString,"{""key"": ""fiat_LRD""}"
187313,storage,SharedPreferences.putString,"{""key"": ""fiat_LSL""}"
187317,storage,SharedPreferences.putString,"{""key"": ""fiat_LYD""}"
187330,storage,SharedPreferences.putString,"{""key"": ""fiat_MAD""}"
187335,storage,SharedPreferences.putString,"{""key"": ""fiat_MDL""}"
187339,storage,SharedPreferences.putString,"{""key"": ""fiat_MGA""}"
187344,storage,SharedPreferences.putString,"{""key"": ""fiat_MKD""}"
187348,storage,SharedPreferences.putString,"{""key"": ""fiat_MMK""}"
187352,storage,SharedPreferences.putString,"{""key"": ""fiat_MNT""}"
187368,storage,SharedPreferences.putString,"{""key"": ""fiat_MOP""}"
187372,storage,SharedPreferences.putString,"{""key"": ""fiat_MRU""}"
187376,storage,SharedPreferences.putString,"{""key"": ""fiat_MTL""}"
187381,storage,SharedPreferences.putString,"{""key"": ""fiat_MUR""}"
187385,storage,SharedPreferences.putString,"{""key"": ""fiat_MVR""}"
187398,storage,SharedPreferences.putString,"{""key"": ""fiat_MWK""}"
187402,storage,SharedPreferences.putString,"{""key"": ""fiat_MXN""}"
187407,storage,SharedPreferences.putString,"{""key"": ""fiat_MYR""}"
187411,storage,SharedPreferences.putString,"{""key"": ""fiat_MZN""}"
187415,storage,SharedPreferences.putString,"{""key"": ""fiat_NAD""}"
187419,storage,SharedPreferences.putString,"{""key"": ""fiat_NGN""}"
187433,storage,SharedPreferences.putString,"{""key"": ""fiat_NIO""}"
187437,storage,SharedPreferences.putString,"{""key"": ""fiat_NOK""}"
187441,storage,SharedPreferences.putString,"{""key"": ""fiat_NPR""}"
187446,storage,SharedPreferences.putString,"{""key"": ""fiat_NZD""}"
187450,storage,SharedPreferences.putString,"{""key"": ""fiat_OMR""}"
187455,storage,SharedPreferences.putString,"{""key"": ""fiat_PAB""}"
187466,storage,SharedPreferences.putString,"{""key"": ""fiat_PEN""}"
187471,storage,SharedPreferences.putString,"{""key"": ""fiat_PGK""}"
187475,storage,SharedPreferences.putString,"{""key"": ""fiat_PHP""}"
187480,storage,SharedPreferences.putString,"{""key"": ""fiat_PKR""}"
187484,storage,SharedPreferences.putString,"{""key"": ""fiat_PLN""}"
187490,storage,SharedPreferences.putString,"{""key"": ""fiat_PYG""}"
187500,storage,SharedPreferences.putString,"{""key"": ""fiat_QAR""}"
187504,storage,SharedPreferences.putString,"{""key"": ""fiat_RON""}"
187508,storage,SharedPreferences.putString,"{""key"": ""fiat_RSD""}"
187513,storage,SharedPreferences.putString,"{""key"": ""fiat_RUB""}"
187517,storage,SharedPreferences.putString,"{""key"": ""fiat_RWF""}"
187523,storage,SharedPreferences.putString,"{""key"": ""fiat_SAR""}"
187533,storage,SharedPreferences.putString,"{""key"": ""fiat_SBD""}"
187537,storage,SharedPreferences.putString,"{""key"": ""fiat_SCR""}"
187541,storage,SharedPreferences.putString,"{""key"": ""fiat_SDG""}"
187545,storage,SharedPreferences.putString,"{""key"": ""fiat_SEK""}"
187550,storage,SharedPreferences.putString,"{""key"": ""fiat_SGD""}"
187554,storage,SharedPreferences.putString,"{""key"": ""fiat_SHP""}"
187567,storage,SharedPreferences.putString,"{""key"": ""fiat_SOS""}"
187571,storage,SharedPreferences.putString,"{""key"": ""fiat_SRD""}"
187576,storage,SharedPreferences.putString,"{""key"": ""fiat_SSP""}"
187580,storage,SharedPreferences.putString,"{""key"": ""fiat_SVC""}"
187585,storage,SharedPreferences.putString,"{""key"": ""fiat_SYP""}"
187597,storage,SharedPreferences.putString,"{""key"": ""fiat_SZL""}"
187603,storage,SharedPreferences.putString,"{""key"": ""fiat_THB""}"
187607,storage,SharedPreferences.putString,"{""key"": ""fiat_TJS""}"
187611,storage,SharedPreferences.putString,"{""key"": ""fiat_TMT""}"
187615,storage,SharedPreferences.putString,"{""key"": ""fiat_TND""}"
187620,storage,SharedPreferences.putString,"{""key"": ""fiat_TOP""}"
187633,storage,SharedPreferences.putString,"{""key"": ""fiat_TRY""}"
187638,storage,SharedPreferences.putString,"{""key"": ""fiat_TTD""}"
187643,storage,SharedPreferences.putString,"{""key"": ""fiat_TWD""}"
187647,storage,SharedPreferences.putString,"{""key"": ""fiat_TZS""}"
187652,storage,SharedPreferences.putString,"{""key"": ""fiat_UAH""}"
187663,storage,SharedPreferences.putString,"{""key"": ""fiat_UGX""}"
187668,storage,SharedPreferences.putString,"{""key"": ""fiat_USD""}"
187673,storage,SharedPreferences.putString,"{""key"": ""fiat_UYU""}"
187677,storage,SharedPreferences.putString,"{""key"": ""fiat_UZS""}"
187681,storage,SharedPreferences.putString,"{""key"": ""fiat_VES""}"
187686,storage,SharedPreferences.putString,"{""key"": ""fiat_VND""}"
187705,storage,SharedPreferences.putString,"{""key"": ""fiat_VUV""}"
187709,storage,SharedPreferences.putString,"{""key"": ""fiat_WST""}"
187713,storage,SharedPreferences.putString,"{""key"": ""fiat_XAF""}"
187718,storage,SharedPreferences.putString,"{""key"": ""fiat_XCD""}"
187723,storage,SharedPreferences.putString,"{""key"": ""fiat_XOF""}"
187735,storage,SharedPreferences.putString,"{""key"": ""fiat_XPF""}"
187739,storage,SharedPreferences.putString,"{""key"": ""fiat_YER""}"
187743,storage,SharedPreferences.putString,"{""key"": ""fiat_ZAR""}"
187748,storage,SharedPreferences.putString,"{""key"": ""fiat_ZMW""}"
187752,storage,SharedPreferences.putString,"{""key"": ""fiat_available""}"
187768,file_io,File.delete,"{""path"": ""/data/user/0/app.michaelwuensch.bitbanana/shared_prefs/app.michaelwuensch.bitbanana_preferences.xml.bak""}"
187771,storage,SharedPreferences.getString,"{""key"": ""secondCurrency""}"
187774,storage,SharedPreferences.getString,"{""key"": ""fiat_available""}"
187777,storage,SharedPreferences.getString,"{""key"": ""thirdCurrency""}"
187780,storage,SharedPreferences.getString,"{""key"": ""fiat_available""}"
187784,storage,SharedPreferences.getString,"{""key"": ""thirdCurrency""}"
187787,storage,SharedPreferences.getString,"{""key"": ""fiat_available""}"
187799,storage,SharedPreferences.putString,"{""key"": ""thirdCurrency""}"
187803,storage,SharedPreferences.getString,"{""key"": ""forthCurrency""}"
187806,storage,SharedPreferences.getString,"{""key"": ""fiat_available""}"
187809,storage,SharedPreferences.putString,"{""key"": ""forthCurrency""}"
187814,storage,SharedPreferences.getString,"{""key"": ""fifthCurrency""}"
187817,storage,SharedPreferences.getString,"{""key"": ""fiat_available""}"
187820,storage,SharedPreferences.putString,"{""key"": ""fifthCurrency""}"
187834,storage,SharedPreferences.getString,"{""key"": ""firstCurrency""}"
187837,storage,SharedPreferences.getString,"{""key"": ""secondCurrency""}"
187840,storage,SharedPreferences.getString,"{""key"": ""fiat_USD""}"
187843,storage,SharedPreferences.getString,"{""key"": ""thirdCurrency""}"
187847,storage,SharedPreferences.getString,"{""key"": ""forthCurrency""}"
187850,storage,SharedPreferences.getString,"{""key"": ""fifthCurrency""}"
187852,storage,SharedPreferences.getInt,"{""key"": ""currentCurrencyIndex""}"
187854,storage,SharedPreferences.getInt,"{""key"": ""currentCurrencyIndex""}"
187854,storage,SharedPreferences.getInt,"{""key"": ""currentCurrencyIndex""}"
187855,storage,SharedPreferences.getInt,"{""key"": ""currentCurrencyIndex""}"
187855,storage,SharedPreferences.getInt,"{""key"": ""currentCurrencyIndex""}"
187857,storage,SharedPreferences.getInt,"{""key"": ""currentCurrencyIndex""}"
187857,storage,SharedPreferences.getInt,"{""key"": ""currentCurrencyIndex""}"
187858,storage,SharedPreferences.getInt,"{""key"": ""currentCurrencyIndex""}"
187858,storage,SharedPreferences.getInt,"{""key"": ""currentCurrencyIndex""}"
187858,storage,SharedPreferences.getInt,"{""key"": ""currentCurrencyIndex""}"
187869,storage,SharedPreferences.getInt,"{""key"": ""currentCurrencyIndex""}"
187870,storage,SharedPreferences.getInt,"{""key"": ""currentCurrencyIndex""}"
187870,storage,SharedPreferences.getInt,"{""key"": ""currentCurrencyIndex""}"
187870,storage,SharedPreferences.getInt,"{""key"": ""currentCurrencyIndex""}"
223963,crypto,MessageDigest.getInstance,"{""algorithm"": ""SHA-256""}"
223970,crypto,MessageDigest.digest,{}
223983,storage,SharedPreferences.putString,"{""key"": ""lastClipboardScan""}"
223989,storage,SharedPreferences.apply,{}
224098,file_io,File.delete,"{""path"": ""/data/user/0/app.michaelwuensch.bitbanana/shared_prefs/app.michaelwuensch.bitbanana_preferences.xml.bak""}"
237134,reflection,Method.invoke,"{""class"": ""androidx.camera.lifecycle.LifecycleCamera"", ""method"": ""onPause""}"
237683,reflection,Method.invoke,"{""class"": ""androidx.camera.lifecycle.LifecycleCameraRepository$LifecycleCameraRepositoryObserver"", ""method"": ""onStop""}"
237697,reflection,Method.invoke,"{""class"": ""androidx.camera.lifecycle.LifecycleCamera"", ""method"": ""onStop""}"
237893,reflection,Method.invoke,"{""class"": ""app.michaelwuensch.bitbanana.home.HomeActivity"", ""method"": ""onMoveToBackground""}"
238151,reflection,Method.invoke,"{""class"": ""androidx.camera.lifecycle.LifecycleCameraRepository$LifecycleCameraRepositoryObserver"", ""method"": ""onDestroy""}"
238162,reflection,Method.invoke,"{""class"": ""androidx.camera.lifecycle.LifecycleCamera"", ""method"": ""onDestroy""}"
238185,storage,SharedPreferences.getInt,"{""key"": ""settings_ver""}"
238188,storage,SharedPreferences.getString,"{""key"": ""lockScreenTimeoutPref""}"
238191,crypto,Cipher.doFinal,"{""inputLength"": 16}"
238193,crypto,Cipher.doFinal,"{""inputLength"": 16}"
238200,crypto,Cipher.doFinal,"{""inputLength"": 16}"
238205,crypto,Cipher.doFinal,"{""inputLength"": 16}"
238215,crypto,SecretKeySpec.<init>,"{""algorithm"": ""AES""}"
238218,crypto,Cipher.doFinal,"{""inputLength"": 8}"
238221,crypto,Cipher.doFinal,"{""inputLength"": 16}"
238225,crypto,Cipher.doFinal,"{""inputLength"": 16}"
238233,crypto,Cipher.doFinal,"{""inputLength"": 16}"
238236,crypto,Cipher.doFinal,"{""inputLength"": 16}"
238247,crypto,SecretKeySpec.<init>,"{""algorithm"": ""AES""}"
238248,crypto,Cipher.doFinal,"{""inputLength"": 13}"
238316,reflection,Method.invoke,"{""class"": ""android.view.ViewGroup"", ""method"": ""makeOptionalFitsSystemWindows""}"
238350,reflection,Method.invoke,"{""class"": ""app.michaelwuensch.bitbanana.home.HomeActivity"", ""method"": ""onMoveToForeground""}"
238353,storage,SharedPreferences.getString,"{""key"": ""lockScreenTimeoutPref""}"
238355,crypto,Cipher.doFinal,"{""inputLength"": 16}"
238358,crypto,Cipher.doFinal,"{""inputLength"": 16}"
238366,crypto,Cipher.doFinal,"{""inputLength"": 16}"
238370,crypto,Cipher.doFinal,"{""inputLength"": 16}"
238373,crypto,SecretKeySpec.<init>,"{""algorithm"": ""AES""}"
238380,crypto,Cipher.doFinal,"{""inputLength"": 8}"
238384,crypto,Cipher.doFinal,"{""inputLength"": 16}"
238387,crypto,Cipher.doFinal,"{""inputLength"": 16}"
238390,crypto,Cipher.doFinal,"{""inputLength"": 16}"
238397,crypto,Cipher.doFinal,"{""inputLength"": 16}"
238402,crypto,SecretKeySpec.<init>,"{""algorithm"": ""AES""}"
238403,crypto,Cipher.doFinal,"{""inputLength"": 13}"
238443,storage,SharedPreferences.getString,"{""key"": ""current_wallet_config""}"
238473,storage,SharedPreferences.getString,"{""key"": ""hideBalanceType""}"
238486,reflection,Method.invoke,"{""class"": ""android.view.View"", ""method"": ""getElevation""}"
238502,reflection,Method.invoke,"{""class"": ""android.view.View"", ""method"": ""getTranslationZ""}"
238519,reflection,Method.invoke,"{""class"": ""android.view.View"", ""method"": ""getElevation""}"
238536,reflection,Method.invoke,"{""class"": ""android.view.View"", ""method"": ""getTranslationZ""}"
238549,reflection,Method.invoke,"{""class"": ""android.view.View"", ""method"": ""setAlpha""}"
238557,reflection,Method.invoke,"{""class"": ""android.view.View"", ""method"": ""setAlpha""}"
238569,reflection,Method.invoke,"{""class"": ""android.view.View"", ""method"": ""setAlpha""}"
238580,reflection,Method.invoke,"{""class"": ""android.view.View"", ""method"": ""setScaleY""}"
238586,reflection,Method.invoke,"{""class"": ""android.view.View"", ""method"": ""getElevation""}"
238601,reflection,Method.invoke,"{""class"": ""android.view.View"", ""method"": ""getTranslationZ""}"
238624,reflection,Method.invoke,"{""class"": ""android.view.View"", ""method"": ""setAlpha""}"
238636,reflection,Method.invoke,"{""class"": ""android.view.View"", ""method"": ""setAlpha""}"
238649,reflection,Method.invoke,"{""class"": ""android.view.View"", ""method"": ""setAlpha""}"
238664,reflection,Method.invoke,"{""class"": ""android.view.View"", ""method"": ""setScaleY""}"
238672,reflection,Method.invoke,"{""class"": ""android.view.View"", ""method"": ""setAlpha""}"
238690,reflection,Method.invoke,"{""class"": ""android.view.View"", ""method"": ""setAlpha""}"
238716,reflection,Method.invoke,"{""class"": ""android.view.View"", ""method"": ""setAlpha""}"
238731,reflection,Method.invoke,"{""class"": ""android.view.View"", ""method"": ""setScaleY""}"
238740,reflection,Method.invoke,"{""class"": ""android.view.View"", ""method"": ""setAlpha""}"
238752,reflection,Method.invoke,"{""class"": ""android.view.View"", ""method"": ""setAlpha""}"
238761,reflection,Method.invoke,"{""class"": ""android.view.View"", ""method"": ""setAlpha""}"
238769,reflection,Method.invoke,"{""class"": ""android.view.View"", ""method"": ""setScaleY""}"
238782,reflection,Method.invoke,"{""class"": ""android.view.View"", ""method"": ""setAlpha""}"
238790,reflection,Method.invoke,"{""class"": ""android.view.View"", ""method"": ""setAlpha""}"
238802,reflection,Method.invoke,"{""class"": ""android.view.View"", ""method"": ""setAlpha""}"
238814,reflection,Method.invoke,"{""class"": ""android.view.View"", ""method"": ""setScaleY""}"
238835,reflection,Method.invoke,"{""class"": ""android.view.View"", ""method"": ""setAlpha""}"
238847,reflection,Method.invoke,"{""class"": ""android.view.View"", ""method"": ""setAlpha""}"
238856,reflection,Method.invoke,"{""class"": ""android.view.View"", ""method"": ""setAlpha""}"
238868,reflection,Method.invoke,"{""class"": ""android.view.View"", ""method"": ""setScaleY""}"
238875,reflection,Method.invoke,"{""class"": ""android.view.View"", ""method"": ""setAlpha""}"
238884,reflection,Method.invoke,"{""class"": ""android.view.View"", ""method"": ""setAlpha""}"
238896,reflection,Method.invoke,"{""class"": ""android.view.View"", ""method"": ""setAlpha""}"
238903,reflection,Method.invoke,"{""class"": ""android.view.View"", ""method"": ""setScaleY""}"
238913,reflection,Method.invoke,"{""class"": ""android.view.View"", ""method"": ""setAlpha""}"
238920,reflection,Method.invoke,"{""class"": ""android.view.View"", ""method"": ""setAlpha""}"
238928,reflection,Method.invoke,"{""class"": ""android.view.View"", ""method"": ""setAlpha""}"
238935,reflection,Method.invoke,"{""class"": ""android.view.View"", ""method"": ""setScaleY""}"
238945,reflection,Method.invoke,"{""class"": ""android.view.View"", ""method"": ""setAlpha""}"
238953,reflection,Method.invoke,"{""class"": ""android.view.View"", ""method"": ""setAlpha""}"
238960,reflection,Method.invoke,"{""class"": ""android.view.View"", ""method"": ""setAlpha""}"
238968,reflection,Method.invoke,"{""class"": ""android.view.View"", ""method"": ""setScaleY""}"
238976,reflection,Method.invoke,"{""class"": ""androidx.constraintlayout.utils.widget.ImageFilterView"", ""method"": ""setRoundPercent""}"
238983,reflection,Method.invoke,"{""class"": ""android.view.View"", ""method"": ""setAlpha""}"
238990,reflection,Method.invoke,"{""class"": ""androidx.constraintlayout.utils.widget.ImageFilterView"", ""method"": ""setRoundPercent""}"
238998,reflection,Method.invoke,"{""class"": ""android.view.View"", ""method"": ""setAlpha""}"
239004,reflection,Method.invoke,"{""class"": ""android.view.View"", ""method"": ""getElevation""}"
239011,reflection,Method.invoke,"{""class"": ""android.view.View"", ""method"": ""getTranslationZ""}"
239019,reflection,Method.invoke,"{""class"": ""androidx.constraintlayout.utils.widget.ImageFilterView"", ""method"": ""setRoundPercent""}"
239027,reflection,Method.invoke,"{""class"": ""android.view.View"", ""method"": ""setAlpha""}"
239035,reflection,Method.invoke,"{""class"": ""androidx.constraintlayout.utils.widget.ImageFilterView"", ""method"": ""setRoundPercent""}"
239043,reflection,Method.invoke,"{""class"": ""android.view.View"", ""method"": ""setAlpha""}"
239049,reflection,Method.invoke,"{""class"": ""androidx.constraintlayout.utils.widget.ImageFilterView"", ""method"": ""setRoundPercent""}"
239057,reflection,Method.invoke,"{""class"": ""android.view.View"", ""method"": ""setAlpha""}"
239064,reflection,Method.invoke,"{""class"": ""androidx.constraintlayout.utils.widget.ImageFilterView"", ""method"": ""setRoundPercent""}"
239072,reflection,Method.invoke,"{""class"": ""android.view.View"", ""method"": ""setAlpha""}"
239127,storage,SharedPreferences.getInt,"{""key"": ""currentCurrencyIndex""}"
239130,storage,SharedPreferences.getInt,"{""key"": ""currentCurrencyIndex""}"
239133,storage,SharedPreferences.getInt,"{""key"": ""currentCurrencyIndex""}"
239135,storage,SharedPreferences.getInt,"{""key"": ""currentCurrencyIndex""}"
239137,storage,SharedPreferences.getInt,"{""key"": ""currentCurrencyIndex""}"
239140,storage,SharedPreferences.getInt,"{""key"": ""currentCurrencyIndex""}"
239147,storage,SharedPreferences.getInt,"{""key"": ""currentCurrencyIndex""}"
239150,storage,SharedPreferences.getInt,"{""key"": ""currentCurrencyIndex""}"
239152,storage,SharedPreferences.getInt,"{""key"": ""currentCurrencyIndex""}"
239154,storage,SharedPreferences.getInt,"{""key"": ""currentCurrencyIndex""}"
239156,storage,SharedPreferences.getInt,"{""key"": ""currentCurrencyIndex""}"
239164,storage,SharedPreferences.getInt,"{""key"": ""currentCurrencyIndex""}"
239167,storage,SharedPreferences.getInt,"{""key"": ""currentCurrencyIndex""}"
239173,storage,SharedPreferences.getString,"{""key"": ""current_wallet_config""}"
239192,reflection,Method.invoke,"{""class"": ""android.view.View"", ""method"": ""setAlpha""}"
239203,reflection,Method.invoke,"{""class"": ""android.view.View"", ""method"": ""setAlpha""}"
239215,reflection,Method.invoke,"{""class"": ""android.view.View"", ""method"": ""setAlpha""}"
239225,reflection,Method.invoke,"{""class"": ""android.view.View"", ""method"": ""setScaleY""}"
239235,reflection,Method.invoke,"{""class"": ""android.view.View"", ""method"": ""setAlpha""}"
239248,reflection,Method.invoke,"{""class"": ""android.view.View"", ""method"": ""setAlpha""}"
239255,reflection,Method.invoke,"{""class"": ""android.view.View"", ""method"": ""setAlpha""}"
239268,reflection,Method.invoke,"{""class"": ""android.view.View"", ""method"": ""setScaleY""}"
248415,storage,SharedPreferences.getString,"{""key"": ""exchangeRateProvider""}"
248514,file_io,File.delete,"{""path"": ""/data/user/0/app.michaelwuensch.bitbanana/shared_prefs/app.michaelwuensch.bitbanana_preferences.xml.bak""}"
248517,storage,SharedPreferences.putString,"{""key"": ""fiat_AED""}"
248523,storage,SharedPreferences.putString,"{""key"": ""fiat_AFN""}"
248531,storage,SharedPreferences.putString,"{""key"": ""fiat_ALL""}"
248536,storage,SharedPreferences.putString,"{""key"": ""fiat_AMD""}"
248540,storage,SharedPreferences.putString,"{""key"": ""fiat_ANG""}"
248545,storage,SharedPreferences.putString,"{""key"": ""fiat_AOA""}"
248549,storage,SharedPreferences.putString,"{""key"": ""fiat_ARS""}"
248553,storage,SharedPreferences.putString,"{""key"": ""fiat_AUD""}"
248558,storage,SharedPreferences.putString,"{""key"": ""fiat_AWG""}"
248563,storage,SharedPreferences.putString,"{""key"": ""fiat_AZN""}"
248568,storage,SharedPreferences.putString,"{""key"": ""fiat_BAM""}"
248572,storage,SharedPreferences.putString,"{""key"": ""fiat_BBD""}"
248578,storage,SharedPreferences.putString,"{""key"": ""fiat_BDT""}"
248582,storage,SharedPreferences.putString,"{""key"": ""fiat_BGN""}"
248587,storage,SharedPreferences.putString,"{""key"": ""fiat_BHD""}"
248592,storage,SharedPreferences.putString,"{""key"": ""fiat_BIF""}"
248596,storage,SharedPreferences.putString,"{""key"": ""fiat_BMD""}"
248600,storage,SharedPreferences.putString,"{""key"": ""fiat_BND""}"
248605,storage,SharedPreferences.putString,"{""key"": ""fiat_BOB""}"
248609,storage,SharedPreferences.putString,"{""key"": ""fiat_BRL""}"
248614,storage,SharedPreferences.putString,"{""key"": ""fiat_BSD""}"
248618,storage,SharedPreferences.putString,"{""key"": ""fiat_BTN""}"
248623,storage,SharedPreferences.putString,"{""key"": ""fiat_BWP""}"
248627,storage,SharedPreferences.putString,"{""key"": ""fiat_BYN""}"
248632,storage,SharedPreferences.putString,"{""key"": ""fiat_BZD""}"
248637,storage,SharedPreferences.putString,"{""key"": ""fiat_CAD""}"
248641,storage,SharedPreferences.putString,"{""key"": ""fiat_CDF""}"
248646,storage,SharedPreferences.putString,"{""key"": ""fiat_CHF""}"
248651,storage,SharedPreferences.putString,"{""key"": ""fiat_CLP""}"
248655,storage,SharedPreferences.putString,"{""key"": ""fiat_CNY""}"
248660,storage,SharedPreferences.putString,"{""key"": ""fiat_COP""}"
248664,storage,SharedPreferences.putString,"{""key"": ""fiat_CRC""}"
248669,storage,SharedPreferences.putString,"{""key"": ""fiat_CUP""}"
248674,storage,SharedPreferences.putString,"{""key"": ""fiat_CVE""}"
248679,storage,SharedPreferences.putString,"{""key"": ""fiat_CZK""}"
248683,storage,SharedPreferences.putString,"{""key"": ""fiat_DJF""}"
248688,storage,SharedPreferences.putString,"{""key"": ""fiat_DKK""}"
248692,storage,SharedPreferences.putString,"{""key"": ""fiat_DOP""}"
248697,storage,SharedPreferences.putString,"{""key"": ""fiat_DZD""}"
248701,storage,SharedPreferences.putString,"{""key"": ""fiat_EGP""}"
248705,storage,SharedPreferences.putString,"{""key"": ""fiat_ERN""}"
248710,storage,SharedPreferences.putString,"{""key"": ""fiat_ESP""}"
248714,storage,SharedPreferences.putString,"{""key"": ""fiat_ETB""}"
248718,storage,SharedPreferences.putString,"{""key"": ""fiat_EUR""}"
248723,storage,SharedPreferences.putString,"{""key"": ""fiat_FJD""}"
248727,storage,SharedPreferences.putString,"{""key"": ""fiat_FKP""}"
248732,storage,SharedPreferences.putString,"{""key"": ""fiat_GBP""}"
248737,storage,SharedPreferences.putString,"{""key"": ""fiat_GEL""}"
248742,storage,SharedPreferences.putString,"{""key"": ""fiat_GHS""}"
248747,storage,SharedPreferences.putString,"{""key"": ""fiat_GIP""}"
248751,storage,SharedPreferences.putString,"{""key"": ""fiat_GMD""}"
248755,storage,SharedPreferences.putString,"{""key"": ""fiat_GNF""}"
248760,storage,SharedPreferences.putString,"{""key"": ""fiat_GTQ""}"
248764,storage,SharedPreferences.putString,"{""key"": ""fiat_GYD""}"
248769,storage,SharedPreferences.putString,"{""key"": ""fiat_HKD""}"
248773,storage,SharedPreferences.putString,"{""key"": ""fiat_HNL""}"
248777,storage,SharedPreferences.putString,"{""key"": ""fiat_HRK""}"
248782,storage,SharedPreferences.putString,"{""key"": ""fiat_HTG""}"
248786,storage,SharedPreferences.putString,"{""key"": ""fiat_HUF""}"
248790,storage,SharedPreferences.putString,"{""key"": ""fiat_IDR""}"
248795,storage,SharedPreferences.putString,"{""key"": ""fiat_ILS""}"
248799,storage,SharedPreferences.putString,"{""key"": ""fiat_INR""}"
248804,storage,SharedPreferences.putString,"{""key"": ""fiat_IQD""}"
248808,storage,SharedPreferences.putString,"{""key"": ""fiat_IRR""}"
248813,storage,SharedPreferences.putString,"{""key"": ""fiat_ISK""}"
248818,storage,SharedPreferences.putString,"{""key"": ""fiat_JMD""}"
248822,storage,SharedPreferences.putString,"{""key"": ""fiat_JOD""}"
248826,storage,SharedPreferences.putString,"{""key"": ""fiat_JPY""}"
248831,storage,SharedPreferences.putString,"{""key"": ""fiat_KES""}"
248835,storage,SharedPreferences.putString,"{""key"": ""fiat_KGS""}"
248840,storage,SharedPreferences.putString,"{""key"": ""fiat_KHR""}"
248845,storage,SharedPreferences.putString,"{""key"": ""fiat_KMF""}"
248849,storage,SharedPreferences.putString,"{""key"": ""fiat_KRW""}"
248853,storage,SharedPreferences.putString,"{""key"": ""fiat_KWD""}"
248858,storage,SharedPreferences.putString,"{""key"": ""fiat_KYD""}"
248862,storage,SharedPreferences.putString,"{""key"": ""fiat_KZT""}"
248866,storage,SharedPreferences.putString,"{""key"": ""fiat_LAK""}"
248871,storage,SharedPreferences.putString,"{""key"": ""fiat_LBP""}"
248876,storage,SharedPreferences.putString,"{""key"": ""fiat_LKR""}"
248880,storage,SharedPreferences.putString,"{""key"": ""fiat_LRD""}"
248884,storage,SharedPreferences.putString,"{""key"": ""fiat_LSL""}"
248889,storage,SharedPreferences.putString,"{""key"": ""fiat_LYD""}"
248893,storage,SharedPreferences.putString,"{""key"": ""fiat_MAD""}"
248898,storage,SharedPreferences.putString,"{""key"": ""fiat_MDL""}"
248902,storage,SharedPreferences.putString,"{""key"": ""fiat_MGA""}"
248907,storage,SharedPreferences.putString,"{""key"": ""fiat_MKD""}"
248911,storage,SharedPreferences.putString,"{""key"": ""fiat_MMK""}"
248915,storage,SharedPreferences.putString,"{""key"": ""fiat_MNT""}"
248920,storage,SharedPreferences.putString,"{""key"": ""fiat_MOP""}"
248924,storage,SharedPreferences.putString,"{""key"": ""fiat_MRU""}"
248928,storage,SharedPreferences.putString,"{""key"": ""fiat_MTL""}"
248933,storage,SharedPreferences.putString,"{""key"": ""fiat_MUR""}"
248937,storage,SharedPreferences.putString,"{""key"": ""fiat_MVR""}"
248942,storage,SharedPreferences.putString,"{""key"": ""fiat_MWK""}"
248947,storage,SharedPreferences.putString,"{""key"": ""fiat_MXN""}"
248951,storage,SharedPreferences.putString,"{""key"": ""fiat_MYR""}"
248956,storage,SharedPreferences.putString,"{""key"": ""fiat_MZN""}"
248960,storage,SharedPreferences.putString,"{""key"": ""fiat_NAD""}"
248965,storage,SharedPreferences.putString,"{""key"": ""fiat_NGN""}"
248969,storage,SharedPreferences.putString,"{""key"": ""fiat_NIO""}"
248974,storage,SharedPreferences.putString,"{""key"": ""fiat_NOK""}"
248979,storage,SharedPreferences.putString,"{""key"": ""fiat_NPR""}"
248983,storage,SharedPreferences.putString,"{""key"": ""fiat_NZD""}"
248988,storage,SharedPreferences.putString,"{""key"": ""fiat_OMR""}"
248992,storage,SharedPreferences.putString,"{""key"": ""fiat_PAB""}"
248997,storage,SharedPreferences.putString,"{""key"": ""fiat_PEN""}"
249002,storage,SharedPreferences.putString,"{""key"": ""fiat_PGK""}"
249007,storage,SharedPreferences.putString,"{""key"": ""fiat_PHP""}"
249011,storage,SharedPreferences.putString,"{""key"": ""fiat_PKR""}"
249015,storage,SharedPreferences.putString,"{""key"": ""fiat_PLN""}"
249020,storage,SharedPreferences.putString,"{""key"": ""fiat_PYG""}"
249024,storage,SharedPreferences.putString,"{""key"": ""fiat_QAR""}"
249029,storage,SharedPreferences.putString,"{""key"": ""fiat_RON""}"
249034,storage,SharedPreferences.putString,"{""key"": ""fiat_RSD""}"
249038,storage,SharedPreferences.putString,"{""key"": ""fiat_RUB""}"
249042,storage,SharedPreferences.putString,"{""key"": ""fiat_RWF""}"
249047,storage,SharedPreferences.putString,"{""key"": ""fiat_SAR""}"
249051,storage,SharedPreferences.putString,"{""key"": ""fiat_SBD""}"
249056,storage,SharedPreferences.putString,"{""key"": ""fiat_SCR""}"
249061,storage,SharedPreferences.putString,"{""key"": ""fiat_SDG""}"
249066,storage,SharedPreferences.putString,"{""key"": ""fiat_SEK""}"
249070,storage,SharedPreferences.putString,"{""key"": ""fiat_SGD""}"
249074,storage,SharedPreferences.putString,"{""key"": ""fiat_SHP""}"
249079,storage,SharedPreferences.putString,"{""key"": ""fiat_SOS""}"
249083,storage,SharedPreferences.putString,"{""key"": ""fiat_SRD""}"
249087,storage,SharedPreferences.putString,"{""key"": ""fiat_SSP""}"
249091,storage,SharedPreferences.putString,"{""key"": ""fiat_SVC""}"
249096,storage,SharedPreferences.putString,"{""key"": ""fiat_SYP""}"
249101,storage,SharedPreferences.putString,"{""key"": ""fiat_SZL""}"
249106,storage,SharedPreferences.putString,"{""key"": ""fiat_THB""}"
249111,storage,SharedPreferences.putString,"{""key"": ""fiat_TJS""}"
249115,storage,SharedPreferences.putString,"{""key"": ""fiat_TMT""}"
249120,storage,SharedPreferences.putString,"{""key"": ""fiat_TND""}"
249124,storage,SharedPreferences.putString,"{""key"": ""fiat_TOP""}"
249129,storage,SharedPreferences.putString,"{""key"": ""fiat_TRY""}"
249134,storage,SharedPreferences.putString,"{""key"": ""fiat_TTD""}"
249138,storage,SharedPreferences.putString,"{""key"": ""fiat_TWD""}"
249142,storage,SharedPreferences.putString,"{""key"": ""fiat_TZS""}"
249147,storage,SharedPreferences.putString,"{""key"": ""fiat_UAH""}"
249152,storage,SharedPreferences.putString,"{""key"": ""fiat_UGX""}"
249156,storage,SharedPreferences.putString,"{""key"": ""fiat_USD""}"
249161,storage,SharedPreferences.putString,"{""key"": ""fiat_UYU""}"
249165,storage,SharedPreferences.putString,"{""key"": ""fiat_UZS""}"
249171,storage,SharedPreferences.putString,"{""key"": ""fiat_VES""}"
249175,storage,SharedPreferences.putString,"{""key"": ""fiat_VND""}"
249180,storage,SharedPreferences.putString,"{""key"": ""fiat_VUV""}"
249185,storage,SharedPreferences.putString,"{""key"": ""fiat_WST""}"
249189,storage,SharedPreferences.putString,"{""key"": ""fiat_XAF""}"
249193,storage,SharedPreferences.putString,"{""key"": ""fiat_XCD""}"
249198,storage,SharedPreferences.putString,"{""key"": ""fiat_XOF""}"
249202,storage,SharedPreferences.putString,"{""key"": ""fiat_XPF""}"
249207,storage,SharedPreferences.putString,"{""key"": ""fiat_YER""}"
249211,storage,SharedPreferences.putString,"{""key"": ""fiat_ZAR""}"
249216,storage,SharedPreferences.putString,"{""key"": ""fiat_ZMW""}"
249220,storage,SharedPreferences.putString,"{""key"": ""fiat_available""}"
249226,file_io,File.delete,"{""path"": ""/data/user/0/app.michaelwuensch.bitbanana/shared_prefs/app.michaelwuensch.bitbanana_preferences.xml.bak""}"
249228,storage,SharedPreferences.getString,"{""key"": ""secondCurrency""}"
249232,storage,SharedPreferences.getString,"{""key"": ""fiat_available""}"
249235,storage,SharedPreferences.getString,"{""key"": ""thirdCurrency""}"
249238,storage,SharedPreferences.getString,"{""key"": ""fiat_available""}"
249242,storage,SharedPreferences.getString,"{""key"": ""thirdCurrency""}"
249245,storage,SharedPreferences.getString,"{""key"": ""fiat_available""}"
249249,storage,SharedPreferences.putString,"{""key"": ""thirdCurrency""}"
249253,storage,SharedPreferences.getString,"{""key"": ""forthCurrency""}"
249257,storage,SharedPreferences.getString,"{""key"": ""fiat_available""}"
249260,storage,SharedPreferences.putString,"{""key"": ""forthCurrency""}"
249265,storage,SharedPreferences.getString,"{""key"": ""fifthCurrency""}"
249268,storage,SharedPreferences.getString,"{""key"": ""fiat_available""}"
249271,storage,SharedPreferences.putString,"{""key"": ""fifthCurrency""}"
249276,storage,SharedPreferences.getString,"{""key"": ""firstCurrency""}"
249279,storage,SharedPreferences.getString,"{""key"": ""secondCurrency""}"
249282,storage,SharedPreferences.getString,"{""key"": ""fiat_USD""}"
249286,storage,SharedPreferences.getString,"{""key"": ""thirdCurrency""}"
249289,storage,SharedPreferences.getString,"{""key"": ""forthCurrency""}"
249292,storage,SharedPreferences.getString,"{""key"": ""fifthCurrency""}"
249295,storage,SharedPreferences.getInt,"{""key"": ""currentCurrencyIndex""}"
249298,storage,SharedPreferences.getInt,"{""key"": ""currentCurrencyIndex""}"
249300,storage,SharedPreferences.getInt,"{""key"": ""currentCurrencyIndex""}"
249303,storage,SharedPreferences.getInt,"{""key"": ""currentCurrencyIndex""}"
249305,storage,SharedPreferences.getInt,"{""key"": ""currentCurrencyIndex""}"
249308,storage,SharedPreferences.getInt,"{""key"": ""currentCurrencyIndex""}"
249310,storage,SharedPreferences.getInt,"{""key"": ""currentCurrencyIndex""}"
249312,storage,SharedPreferences.getInt,"{""key"": ""currentCurrencyIndex""}"
249315,storage,SharedPreferences.getInt,"{""key"": ""currentCurrencyIndex""}"
249318,storage,SharedPreferences.getInt,"{""key"": ""currentCurrencyIndex""}"
249322,storage,SharedPreferences.getInt,"{""key"": ""currentCurrencyIndex""}"
249325,storage,SharedPreferences.getInt,"{""key"": ""currentCurrencyIndex""}"
249327,storage,SharedPreferences.getInt,"{""key"": ""currentCurrencyIndex""}"
249329,storage,SharedPreferences.getInt,"{""key"": ""currentCurrencyIndex""}"
249337,reflection,Method.invoke,"{""class"": ""android.view.View"", ""method"": ""setAlpha""}"
249345,reflection,Method.invoke,"{""class"": ""android.view.View"", ""method"": ""setAlpha""}"
249352,reflection,Method.invoke,"{""class"": ""android.view.View"", ""method"": ""setAlpha""}"
249360,reflection,Method.invoke,"{""class"": ""android.view.View"", ""method"": ""setScaleY""}"
249367,reflection,Method.invoke,"{""class"": ""android.view.View"", ""method"": ""setAlpha""}"
249374,reflection,Method.invoke,"{""class"": ""android.view.View"", ""method"": ""setAlpha""}"
249381,reflection,Method.invoke,"{""class"": ""android.view.View"", ""method"": ""setAlpha""}"
249388,reflection,Method.invoke,"{""class"": ""android.view.View"", ""method"": ""setScaleY""}"
253861,reflection,Method.invoke,"{""class"": ""android.view.View"", ""method"": ""getElevation""}"
253868,reflection,Method.invoke,"{""class"": ""android.view.View"", ""method"": ""getTranslationZ""}"
253951,storage,SharedPreferences.getInt,"{""key"": ""currentCurrencyIndex""}"
253966,reflection,Method.invoke,"{""class"": ""android.view.ViewGroup"", ""method"": ""makeOptionalFitsSystemWindows""}"
254011,reflection,Method.invoke,"{""class"": ""android.view.View"", ""method"": ""getViewRootImpl""}"
254020,reflection,Method.invoke,"{""class"": ""android.view.View"", ""method"": ""getViewRootImpl""}"
254028,reflection,Method.invoke,"{""class"": ""android.view.View"", ""method"": ""getViewRootImpl""}"
254038,reflection,Method.invoke,"{""class"": ""android.view.View"", ""method"": ""getViewRootImpl""}"
254065,reflection,Method.invoke,"{""class"": ""android.view.View"", ""method"": ""getViewRootImpl""}"
254132,reflection,Method.invoke,"{""class"": ""android.view.View"", ""method"": ""getElevation""}"
254138,reflection,Method.invoke,"{""class"": ""android.view.View"", ""method"": ""getTranslationZ""}"
254154,reflection,Method.invoke,"{""class"": ""android.view.View"", ""method"": ""getViewRootImpl""}"
254164,reflection,Method.invoke,"{""class"": ""android.view.View"", ""method"": ""getViewRootImpl""}"
254218,reflection,Method.invoke,"{""class"": ""android.view.View"", ""method"": ""getViewRootImpl""}"
254238,reflection,Method.invoke,"{""class"": ""android.view.View"", ""method"": ""getViewRootImpl""}"
267589,reflection,Method.invoke,"{""class"": ""net.yslibrary.android.keyboardvisibilityevent.KeyboardVisibilityEvent$setEventListener$1"", ""method"": ""onDestroy""}"
281601,reflection,Method.invoke,"{""class"": ""android.view.View"", ""method"": ""getElevation""}"
281608,reflection,Method.invoke,"{""class"": ""android.view.View"", ""method"": ""getTranslationZ""}"
281649,reflection,Method.invoke,"{""class"": ""android.view.ViewGroup"", ""method"": ""makeOptionalFitsSystemWindows""}"
281682,reflection,Method.invoke,"{""class"": ""android.view.View"", ""method"": ""getElevation""}"
281694,reflection,Method.invoke,"{""class"": ""android.view.View"", ""method"": ""getTranslationZ""}"
281753,reflection,Method.invoke,"{""class"": ""androidx.camera.lifecycle.LifecycleCamera"", ""method"": ""onStart""}"
281765,reflection,Method.invoke,"{""class"": ""androidx.camera.lifecycle.LifecycleCamera"", ""method"": ""onResume""}"
281771,reflection,Method.invoke,"{""class"": ""androidx.camera.lifecycle.LifecycleCameraRepository$LifecycleCameraRepositoryObserver"", ""method"": ""onStart""}"
298271,crypto,MessageDigest.getInstance,"{""algorithm"": ""SHA-256""}"
298272,crypto,MessageDigest.digest,{}
298272,storage,SharedPreferences.putString,"{""key"": ""lastClipboardScan""}"
298273,storage,SharedPreferences.apply,{}
318272,reflection,Method.invoke,"{""class"": ""androidx.camera.lifecycle.LifecycleCamera"", ""method"": ""onPause""}"
319318,reflection,Method.invoke,"{""class"": ""androidx.camera.lifecycle.LifecycleCameraRepository$LifecycleCameraRepositoryObserver"", ""method"": ""onStop""}"
319320,reflection,Method.invoke,"{""class"": ""androidx.camera.lifecycle.LifecycleCamera"", ""method"": ""onStop""}"
319334,reflection,Method.invoke,"{""class"": ""app.michaelwuensch.bitbanana.home.HomeActivity"", ""method"": ""onMoveToBackground""}"
319335,reflection,Method.invoke,"{""class"": ""androidx.camera.lifecycle.LifecycleCameraRepository$LifecycleCameraRepositoryObserver"", ""method"": ""onDestroy""}"
319336,reflection,Method.invoke,"{""class"": ""androidx.camera.lifecycle.LifecycleCamera"", ""method"": ""onDestroy""}"
319370,storage,SharedPreferences.getInt,"{""key"": ""settings_ver""}"
319370,storage,SharedPreferences.getString,"{""key"": ""lockScreenTimeoutPref""}"
319371,crypto,Cipher.doFinal,"{""inputLength"": 16}"
319371,crypto,Cipher.doFinal,"{""inputLength"": 16}"
319371,crypto,Cipher.doFinal,"{""inputLength"": 16}"
319372,crypto,Cipher.doFinal,"{""inputLength"": 16}"
319372,crypto,SecretKeySpec.<init>,"{""algorithm"": ""AES""}"
319373,crypto,Cipher.doFinal,"{""inputLength"": 8}"
319374,crypto,Cipher.doFinal,"{""inputLength"": 16}"
319374,crypto,Cipher.doFinal,"{""inputLength"": 16}"
319376,crypto,Cipher.doFinal,"{""inputLength"": 16}"
319376,crypto,Cipher.doFinal,"{""inputLength"": 16}"
319376,crypto,SecretKeySpec.<init>,"{""algorithm"": ""AES""}"
319377,crypto,Cipher.doFinal,"{""inputLength"": 13}"
319416,reflection,Method.invoke,"{""class"": ""android.view.ViewGroup"", ""method"": ""makeOptionalFitsSystemWindows""}"
319435,reflection,Method.invoke,"{""class"": ""app.michaelwuensch.bitbanana.home.HomeActivity"", ""method"": ""onMoveToForeground""}"
319436,storage,SharedPreferences.getString,"{""key"": ""lockScreenTimeoutPref""}"
319436,crypto,Cipher.doFinal,"{""inputLength"": 16}"
319437,crypto,Cipher.doFinal,"{""inputLength"": 16}"
319438,crypto,Cipher.doFinal,"{""inputLength"": 16}"
319441,crypto,Cipher.doFinal,"{""inputLength"": 16}"
319442,crypto,SecretKeySpec.<init>,"{""algorithm"": ""AES""}"
319443,crypto,Cipher.doFinal,"{""inputLength"": 8}"
319453,crypto,Cipher.doFinal,"{""inputLength"": 16}"
319454,crypto,Cipher.doFinal,"{""inputLength"": 16}"
319454,crypto,Cipher.doFinal,"{""inputLength"": 16}"
319456,crypto,Cipher.doFinal,"{""inputLength"": 16}"
319456,crypto,SecretKeySpec.<init>,"{""algorithm"": ""AES""}"
319459,crypto,Cipher.doFinal,"{""inputLength"": 13}"
319493,storage,SharedPreferences.getString,"{""key"": ""current_wallet_config""}"
319506,storage,SharedPreferences.getString,"{""key"": ""hideBalanceType""}"
319508,reflection,Method.invoke,"{""class"": ""android.view.View"", ""method"": ""getElevation""}"
319508,reflection,Method.invoke,"{""class"": ""android.view.View"", ""method"": ""getTranslationZ""}"
319509,reflection,Method.invoke,"{""class"": ""android.view.View"", ""method"": ""getElevation""}"
319515,reflection,Method.invoke,"{""class"": ""android.view.View"", ""method"": ""getTranslationZ""}"
319519,reflection,Method.invoke,"{""class"": ""android.view.View"", ""method"": ""setAlpha""}"
319521,reflection,Method.invoke,"{""class"": ""android.view.View"", ""method"": ""setAlpha""}"
319522,reflection,Method.invoke,"{""class"": ""android.view.View"", ""method"": ""setAlpha""}"
319524,reflection,Method.invoke,"{""class"": ""android.view.View"", ""method"": ""setScaleY""}"
319530,reflection,Method.invoke,"{""class"": ""android.view.View"", ""method"": ""getElevation""}"
319530,reflection,Method.invoke,"{""class"": ""android.view.View"", ""method"": ""getTranslationZ""}"
319545,reflection,Method.invoke,"{""class"": ""android.view.View"", ""method"": ""setAlpha""}"
319546,reflection,Method.invoke,"{""class"": ""android.view.View"", ""method"": ""setAlpha""}"
319548,reflection,Method.invoke,"{""class"": ""android.view.View"", ""method"": ""setAlpha""}"
319550,reflection,Method.invoke,"{""class"": ""android.view.View"", ""method"": ""setScaleY""}"
319553,reflection,Method.invoke,"{""class"": ""android.view.View"", ""method"": ""setAlpha""}"
319554,reflection,Method.invoke,"{""class"": ""android.view.View"", ""method"": ""setAlpha""}"
319555,reflection,Method.invoke,"{""class"": ""android.view.View"", ""method"": ""setAlpha""}"
319557,reflection,Method.invoke,"{""class"": ""android.view.View"", ""method"": ""setScaleY""}"
319564,reflection,Method.invoke,"{""class"": ""android.view.View"", ""method"": ""setAlpha""}"
319566,reflection,Method.invoke,"{""class"": ""android.view.View"", ""method"": ""setAlpha""}"
319567,reflection,Method.invoke,"{""class"": ""android.view.View"", ""method"": ""setAlpha""}"
319569,reflection,Method.invoke,"{""class"": ""android.view.View"", ""method"": ""setScaleY""}"
319571,reflection,Method.invoke,"{""class"": ""android.view.View"", ""method"": ""setAlpha""}"
319573,reflection,Method.invoke,"{""class"": ""android.view.View"", ""method"": ""setAlpha""}"
319575,reflection,Method.invoke,"{""class"": ""android.view.View"", ""method"": ""setAlpha""}"
319575,reflection,Method.invoke,"{""class"": ""android.view.View"", ""method"": ""setScaleY""}"
319587,reflection,Method.invoke,"{""class"": ""android.view.View"", ""method"": ""setAlpha""}"
319587,reflection,Method.invoke,"{""class"": ""android.view.View"", ""method"": ""setAlpha""}"
319589,reflection,Method.invoke,"{""class"": ""android.view.View"", ""method"": ""setAlpha""}"
319591,reflection,Method.invoke,"{""class"": ""android.view.View"", ""method"": ""setScaleY""}"
319592,reflection,Method.invoke,"{""class"": ""android.view.View"", ""method"": ""setAlpha""}"
319599,reflection,Method.invoke,"{""class"": ""android.view.View"", ""method"": ""setAlpha""}"
319601,reflection,Method.invoke,"{""class"": ""android.view.View"", ""method"": ""setAlpha""}"
319604,reflection,Method.invoke,"{""class"": ""android.view.View"", ""method"": ""setScaleY""}"
319607,reflection,Method.invoke,"{""class"": ""android.view.View"", ""method"": ""setAlpha""}"
319612,reflection,Method.invoke,"{""class"": ""android.view.View"", ""method"": ""setAlpha""}"
319612,reflection,Method.invoke,"{""class"": ""android.view.View"", ""method"": ""setAlpha""}"
319613,reflection,Method.invoke,"{""class"": ""android.view.View"", ""method"": ""setScaleY""}"
319618,reflection,Method.invoke,"{""class"": ""android.view.View"", ""method"": ""setAlpha""}"
319620,reflection,Method.invoke,"{""class"": ""android.view.View"", ""method"": ""setAlpha""}"
319625,reflection,Method.invoke,"{""class"": ""android.view.View"", ""method"": ""setAlpha""}"
319626,reflection,Method.invoke,"{""class"": ""android.view.View"", ""method"": ""setScaleY""}"
319638,reflection,Method.invoke,"{""class"": ""androidx.constraintlayout.utils.widget.ImageFilterView"", ""method"": ""setRoundPercent""}"
319640,reflection,Method.invoke,"{""class"": ""android.view.View"", ""method"": ""setAlpha""}"
319642,reflection,Method.invoke,"{""class"": ""androidx.constraintlayout.utils.widget.ImageFilterView"", ""method"": ""setRoundPercent""}"
319643,reflection,Method.invoke,"{""class"": ""android.view.View"", ""method"": ""setAlpha""}"
319643,reflection,Method.invoke,"{""class"": ""android.view.View"", ""method"": ""getElevation""}"
319643,reflection,Method.invoke,"{""class"": ""android.view.View"", ""method"": ""getTranslationZ""}"
319644,reflection,Method.invoke,"{""class"": ""androidx.constraintlayout.utils.widget.ImageFilterView"", ""method"": ""setRoundPercent""}"
319644,reflection,Method.invoke,"{""class"": ""android.view.View"", ""method"": ""setAlpha""}"
319645,reflection,Method.invoke,"{""class"": ""androidx.constraintlayout.utils.widget.ImageFilterView"", ""method"": ""setRoundPercent""}"
319645,reflection,Method.invoke,"{""class"": ""android.view.View"", ""method"": ""setAlpha""}"
319646,reflection,Method.invoke,"{""class"": ""androidx.constraintlayout.utils.widget.ImageFilterView"", ""method"": ""setRoundPercent""}"
319646,reflection,Method.invoke,"{""class"": ""android.view.View"", ""method"": ""setAlpha""}"
319646,reflection,Method.invoke,"{""class"": ""androidx.constraintlayout.utils.widget.ImageFilterView"", ""method"": ""setRoundPercent""}"
319648,reflection,Method.invoke,"{""class"": ""android.view.View"", ""method"": ""setAlpha""}"
319769,storage,SharedPreferences.getInt,"{""key"": ""currentCurrencyIndex""}"
319770,storage,SharedPreferences.getInt,"{""key"": ""currentCurrencyIndex""}"
319770,storage,SharedPreferences.getInt,"{""key"": ""currentCurrencyIndex""}"
319770,storage,SharedPreferences.getInt,"{""key"": ""currentCurrencyIndex""}"
319771,storage,SharedPreferences.getInt,"{""key"": ""currentCurrencyIndex""}"
319772,storage,SharedPreferences.getInt,"{""key"": ""currentCurrencyIndex""}"
319772,storage,SharedPreferences.getInt,"{""key"": ""currentCurrencyIndex""}"
319772,storage,SharedPreferences.getInt,"{""key"": ""currentCurrencyIndex""}"
319774,storage,SharedPreferences.getInt,"{""key"": ""currentCurrencyIndex""}"
319774,storage,SharedPreferences.getInt,"{""key"": ""currentCurrencyIndex""}"
319777,storage,SharedPreferences.getInt,"{""key"": ""currentCurrencyIndex""}"
319777,storage,SharedPreferences.getInt,"{""key"": ""currentCurrencyIndex""}"
319778,storage,SharedPreferences.getInt,"{""key"": ""currentCurrencyIndex""}"
319779,reflection,Method.invoke,"{""class"": ""android.view.View"", ""method"": ""setAlpha""}"
319780,reflection,Method.invoke,"{""class"": ""android.view.View"", ""method"": ""setAlpha""}"
319781,reflection,Method.invoke,"{""class"": ""android.view.View"", ""method"": ""setAlpha""}"
319782,reflection,Method.invoke,"{""class"": ""android.view.View"", ""method"": ""setScaleY""}"
319784,reflection,Method.invoke,"{""class"": ""android.view.View"", ""method"": ""setAlpha""}"
319786,reflection,Method.invoke,"{""class"": ""android.view.View"", ""method"": ""setAlpha""}"
319788,reflection,Method.invoke,"{""class"": ""android.view.View"", ""method"": ""setAlpha""}"
319789,reflection,Method.invoke,"{""class"": ""android.view.View"", ""method"": ""setScaleY""}"
319804,storage,SharedPreferences.getString,"{""key"": ""current_wallet_config""}"
329476,storage,SharedPreferences.getString,"{""key"": ""exchangeRateProvider""}"
329547,file_io,File.delete,"{""path"": ""/data/user/0/app.michaelwuensch.bitbanana/shared_prefs/app.michaelwuensch.bitbanana_preferences.xml.bak""}"
329552,storage,SharedPreferences.putString,"{""key"": ""fiat_AED""}"
329556,storage,SharedPreferences.putString,"{""key"": ""fiat_AFN""}"
329560,storage,SharedPreferences.putString,"{""key"": ""fiat_ALL""}"
329564,storage,SharedPreferences.putString,"{""key"": ""fiat_AMD""}"
329570,storage,SharedPreferences.putString,"{""key"": ""fiat_ANG""}"
329575,storage,SharedPreferences.putString,"{""key"": ""fiat_AOA""}"
329582,storage,SharedPreferences.putString,"{""key"": ""fiat_ARS""}"
329586,storage,SharedPreferences.putString,"{""key"": ""fiat_AUD""}"
329591,storage,SharedPreferences.putString,"{""key"": ""fiat_AWG""}"
329596,storage,SharedPreferences.putString,"{""key"": ""fiat_AZN""}"
329601,storage,SharedPreferences.putString,"{""key"": ""fiat_BAM""}"
329605,storage,SharedPreferences.putString,"{""key"": ""fiat_BBD""}"
329610,storage,SharedPreferences.putString,"{""key"": ""fiat_BDT""}"
329614,storage,SharedPreferences.putString,"{""key"": ""fiat_BGN""}"
329619,storage,SharedPreferences.putString,"{""key"": ""fiat_BHD""}"
329623,storage,SharedPreferences.putString,"{""key"": ""fiat_BIF""}"
329628,storage,SharedPreferences.putString,"{""key"": ""fiat_BMD""}"
329632,storage,SharedPreferences.putString,"{""key"": ""fiat_BND""}"
329636,storage,SharedPreferences.putString,"{""key"": ""fiat_BOB""}"
329640,storage,SharedPreferences.putString,"{""key"": ""fiat_BRL""}"
329645,storage,SharedPreferences.putString,"{""key"": ""fiat_BSD""}"
329649,storage,SharedPreferences.putString,"{""key"": ""fiat_BTN""}"
329654,storage,SharedPreferences.putString,"{""key"": ""fiat_BWP""}"
329658,storage,SharedPreferences.putString,"{""key"": ""fiat_BYN""}"
329664,storage,SharedPreferences.putString,"{""key"": ""fiat_BZD""}"
329668,storage,SharedPreferences.putString,"{""key"": ""fiat_CAD""}"
329673,storage,SharedPreferences.putString,"{""key"": ""fiat_CDF""}"
329677,storage,SharedPreferences.putString,"{""key"": ""fiat_CHF""}"
329681,storage,SharedPreferences.putString,"{""key"": ""fiat_CLP""}"
329686,storage,SharedPreferences.putString,"{""key"": ""fiat_CNY""}"
329691,storage,SharedPreferences.putString,"{""key"": ""fiat_COP""}"
329695,storage,SharedPreferences.putString,"{""key"": ""fiat_CRC""}"
329699,storage,SharedPreferences.putString,"{""key"": ""fiat_CUP""}"
329703,storage,SharedPreferences.putString,"{""key"": ""fiat_CVE""}"
329707,storage,SharedPreferences.putString,"{""key"": ""fiat_CZK""}"
329712,storage,SharedPreferences.putString,"{""key"": ""fiat_DJF""}"
329717,storage,SharedPreferences.putString,"{""key"": ""fiat_DKK""}"
329721,storage,SharedPreferences.putString,"{""key"": ""fiat_DOP""}"
329726,storage,SharedPreferences.putString,"{""key"": ""fiat_DZD""}"
329731,storage,SharedPreferences.putString,"{""key"": ""fiat_EGP""}"
329736,storage,SharedPreferences.putString,"{""key"": ""fiat_ERN""}"
329741,storage,SharedPreferences.putString,"{""key"": ""fiat_ESP""}"
329745,storage,SharedPreferences.putString,"{""key"": ""fiat_ETB""}"
329749,storage,SharedPreferences.putString,"{""key"": ""fiat_EUR""}"
329753,storage,SharedPreferences.putString,"{""key"": ""fiat_FJD""}"
329758,storage,SharedPreferences.putString,"{""key"": ""fiat_FKP""}"
329762,storage,SharedPreferences.putString,"{""key"": ""fiat_GBP""}"
329766,storage,SharedPreferences.putString,"{""key"": ""fiat_GEL""}"
329770,storage,SharedPreferences.putString,"{""key"": ""fiat_GHS""}"
329775,storage,SharedPreferences.putString,"{""key"": ""fiat_GIP""}"
329780,storage,SharedPreferences.putString,"{""key"": ""fiat_GMD""}"
329784,storage,SharedPreferences.putString,"{""key"": ""fiat_GNF""}"
329789,storage,SharedPreferences.putString,"{""key"": ""fiat_GTQ""}"
329793,storage,SharedPreferences.putString,"{""key"": ""fiat_GYD""}"
329799,storage,SharedPreferences.putString,"{""key"": ""fiat_HKD""}"
329803,storage,SharedPreferences.putString,"{""key"": ""fiat_HNL""}"
329808,storage,SharedPreferences.putString,"{""key"": ""fiat_HRK""}"
329812,storage,SharedPreferences.putString,"{""key"": ""fiat_HTG""}"
329817,storage,SharedPreferences.putString,"{""key"": ""fiat_HUF""}"
329822,storage,SharedPreferences.putString,"{""key"": ""fiat_IDR""}"
329826,storage,SharedPreferences.putString,"{""key"": ""fiat_ILS""}"
329830,storage,SharedPreferences.putString,"{""key"": ""fiat_INR""}"
329835,storage,SharedPreferences.putString,"{""key"": ""fiat_IQD""}"
329839,storage,SharedPreferences.putString,"{""key"": ""fiat_IRR""}"
329843,storage,SharedPreferences.putString,"{""key"": ""fiat_ISK""}"
329847,storage,SharedPreferences.putString,"{""key"": ""fiat_JMD""}"
329852,storage,SharedPreferences.putString,"{""key"": ""fiat_JOD""}"
329856,storage,SharedPreferences.putString,"{""key"": ""fiat_JPY""}"
329860,storage,SharedPreferences.putString,"{""key"": ""fiat_KES""}"
329865,storage,SharedPreferences.putString,"{""key"": ""fiat_KGS""}"
329869,storage,SharedPreferences.putString,"{""key"": ""fiat_KHR""}"
329873,storage,SharedPreferences.putString,"{""key"": ""fiat_KMF""}"
329878,storage,SharedPreferences.putString,"{""key"": ""fiat_KRW""}"
329882,storage,SharedPreferences.putString,"{""key"": ""fiat_KWD""}"
329886,storage,SharedPreferences.putString,"{""key"": ""fiat_KYD""}"
329891,storage,SharedPreferences.putString,"{""key"": ""fiat_KZT""}"
329895,storage,SharedPreferences.putString,"{""key"": ""fiat_LAK""}"
329900,storage,SharedPreferences.putString,"{""key"": ""fiat_LBP""}"
329905,storage,SharedPreferences.putString,"{""key"": ""fiat_LKR""}"
329909,storage,SharedPreferences.putString,"{""key"": ""fiat_LRD""}"
329913,storage,SharedPreferences.putString,"{""key"": ""fiat_LSL""}"
329918,storage,SharedPreferences.putString,"{""key"": ""fiat_LYD""}"
329923,storage,SharedPreferences.putString,"{""key"": ""fiat_MAD""}"
329928,storage,SharedPreferences.putString,"{""key"": ""fiat_MDL""}"
329932,storage,SharedPreferences.putString,"{""key"": ""fiat_MGA""}"
329936,storage,SharedPreferences.putString,"{""key"": ""fiat_MKD""}"
329941,storage,SharedPreferences.putString,"{""key"": ""fiat_MMK""}"
329945,storage,SharedPreferences.putString,"{""key"": ""fiat_MNT""}"
329950,storage,SharedPreferences.putString,"{""key"": ""fiat_MOP""}"
329954,storage,SharedPreferences.putString,"{""key"": ""fiat_MRU""}"
329958,storage,SharedPreferences.putString,"{""key"": ""fiat_MTL""}"
329963,storage,SharedPreferences.putString,"{""key"": ""fiat_MUR""}"
329967,storage,SharedPreferences.putString,"{""key"": ""fiat_MVR""}"
329971,storage,SharedPreferences.putString,"{""key"": ""fiat_MWK""}"
329976,storage,SharedPreferences.putString,"{""key"": ""fiat_MXN""}"
329980,storage,SharedPreferences.putString,"{""key"": ""fiat_MYR""}"
329985,storage,SharedPreferences.putString,"{""key"": ""fiat_MZN""}"
329989,storage,SharedPreferences.putString,"{""key"": ""fiat_NAD""}"
329993,storage,SharedPreferences.putString,"{""key"": ""fiat_NGN""}"
329999,storage,SharedPreferences.putString,"{""key"": ""fiat_NIO""}"
330003,storage,SharedPreferences.putString,"{""key"": ""fiat_NOK""}"
330008,storage,SharedPreferences.putString,"{""key"": ""fiat_NPR""}"
330012,storage,SharedPreferences.putString,"{""key"": ""fiat_NZD""}"
330017,storage,SharedPreferences.putString,"{""key"": ""fiat_OMR""}"
330022,storage,SharedPreferences.putString,"{""key"": ""fiat_PAB""}"
330026,storage,SharedPreferences.putString,"{""key"": ""fiat_PEN""}"
330030,storage,SharedPreferences.putString,"{""key"": ""fiat_PGK""}"
330035,storage,SharedPreferences.putString,"{""key"": ""fiat_PHP""}"
330040,storage,SharedPreferences.putString,"{""key"": ""fiat_PKR""}"
330044,storage,SharedPreferences.putString,"{""key"": ""fiat_PLN""}"
330048,storage,SharedPreferences.putString,"{""key"": ""fiat_PYG""}"
330052,storage,SharedPreferences.putString,"{""key"": ""fiat_QAR""}"
330057,storage,SharedPreferences.putString,"{""key"": ""fiat_RON""}"
330061,storage,SharedPreferences.putString,"{""key"": ""fiat_RSD""}"
330065,storage,SharedPreferences.putString,"{""key"": ""fiat_RUB""}"
330070,storage,SharedPreferences.putString,"{""key"": ""fiat_RWF""}"
330074,storage,SharedPreferences.putString,"{""key"": ""fiat_SAR""}"
330079,storage,SharedPreferences.putString,"{""key"": ""fiat_SBD""}"
330083,storage,SharedPreferences.putString,"{""key"": ""fiat_SCR""}"
330087,storage,SharedPreferences.putString,"{""key"": ""fiat_SDG""}"
330091,storage,SharedPreferences.putString,"{""key"": ""fiat_SEK""}"
330096,storage,SharedPreferences.putString,"{""key"": ""fiat_SGD""}"
330101,storage,SharedPreferences.putString,"{""key"": ""fiat_SHP""}"
330105,storage,SharedPreferences.putString,"{""key"": ""fiat_SOS""}"
330110,storage,SharedPreferences.putString,"{""key"": ""fiat_SRD""}"
330115,storage,SharedPreferences.putString,"{""key"": ""fiat_SSP""}"
330119,storage,SharedPreferences.putString,"{""key"": ""fiat_SVC""}"
330124,storage,SharedPreferences.putString,"{""key"": ""fiat_SYP""}"
330129,storage,SharedPreferences.putString,"{""key"": ""fiat_SZL""}"
330133,storage,SharedPreferences.putString,"{""key"": ""fiat_THB""}"
330137,storage,SharedPreferences.putString,"{""key"": ""fiat_TJS""}"
330142,storage,SharedPreferences.putString,"{""key"": ""fiat_TMT""}"
330146,storage,SharedPreferences.putString,"{""key"": ""fiat_TND""}"
330150,storage,SharedPreferences.putString,"{""key"": ""fiat_TOP""}"
330155,storage,SharedPreferences.putString,"{""key"": ""fiat_TRY""}"
330159,storage,SharedPreferences.putString,"{""key"": ""fiat_TTD""}"
330164,storage,SharedPreferences.putString,"{""key"": ""fiat_TWD""}"
330168,storage,SharedPreferences.putString,"{""key"": ""fiat_TZS""}"
330172,storage,SharedPreferences.putString,"{""key"": ""fiat_UAH""}"
330176,storage,SharedPreferences.putString,"{""key"": ""fiat_UGX""}"
330180,storage,SharedPreferences.putString,"{""key"": ""fiat_USD""}"
330185,storage,SharedPreferences.putString,"{""key"": ""fiat_UYU""}"
330189,storage,SharedPreferences.putString,"{""key"": ""fiat_UZS""}"
330193,storage,SharedPreferences.putString,"{""key"": ""fiat_VES""}"
330197,storage,SharedPreferences.putString,"{""key"": ""fiat_VND""}"
330202,storage,SharedPreferences.putString,"{""key"": ""fiat_VUV""}"
330206,storage,SharedPreferences.putString,"{""key"": ""fiat_WST""}"
330211,storage,SharedPreferences.putString,"{""key"": ""fiat_XAF""}"
330215,storage,SharedPreferences.putString,"{""key"": ""fiat_XCD""}"
330220,storage,SharedPreferences.putString,"{""key"": ""fiat_XOF""}"
330224,storage,SharedPreferences.putString,"{""key"": ""fiat_XPF""}"
330229,storage,SharedPreferences.putString,"{""key"": ""fiat_YER""}"
330233,storage,SharedPreferences.putString,"{""key"": ""fiat_ZAR""}"
330237,storage,SharedPreferences.putString,"{""key"": ""fiat_ZMW""}"
330241,storage,SharedPreferences.putString,"{""key"": ""fiat_available""}"
330248,file_io,File.delete,"{""path"": ""/data/user/0/app.michaelwuensch.bitbanana/shared_prefs/app.michaelwuensch.bitbanana_preferences.xml.bak""}"
330250,storage,SharedPreferences.getString,"{""key"": ""secondCurrency""}"
330253,storage,SharedPreferences.getString,"{""key"": ""fiat_available""}"
330257,storage,SharedPreferences.getString,"{""key"": ""thirdCurrency""}"
330260,storage,SharedPreferences.getString,"{""key"": ""fiat_available""}"
330264,storage,SharedPreferences.getString,"{""key"": ""thirdCurrency""}"
330267,storage,SharedPreferences.getString,"{""key"": ""fiat_available""}"
330270,storage,SharedPreferences.putString,"{""key"": ""thirdCurrency""}"
330274,storage,SharedPreferences.getString,"{""key"": ""forthCurrency""}"
330277,storage,SharedPreferences.getString,"{""key"": ""fiat_available""}"
330281,storage,SharedPreferences.putString,"{""key"": ""forthCurrency""}"
330285,storage,SharedPreferences.getString,"{""key"": ""fifthCurrency""}"
330288,storage,SharedPreferences.getString,"{""key"": ""fiat_available""}"
330291,storage,SharedPreferences.putString,"{""key"": ""fifthCurrency""}"
330296,storage,SharedPreferences.getString,"{""key"": ""firstCurrency""}"
330299,storage,SharedPreferences.getString,"{""key"": ""secondCurrency""}"
330302,storage,SharedPreferences.getString,"{""key"": ""fiat_USD""}"
330305,storage,SharedPreferences.getString,"{""key"": ""thirdCurrency""}"
330309,storage,SharedPreferences.getString,"{""key"": ""forthCurrency""}"
330312,storage,SharedPreferences.getString,"{""key"": ""fifthCurrency""}"
330315,storage,SharedPreferences.getInt,"{""key"": ""currentCurrencyIndex""}"
330318,storage,SharedPreferences.getInt,"{""key"": ""currentCurrencyIndex""}"
330321,storage,SharedPreferences.getInt,"{""key"": ""currentCurrencyIndex""}"
330325,storage,SharedPreferences.getInt,"{""key"": ""currentCurrencyIndex""}"
330327,storage,SharedPreferences.getInt,"{""key"": ""currentCurrencyIndex""}"
330329,storage,SharedPreferences.getInt,"{""key"": ""currentCurrencyIndex""}"
330331,storage,SharedPreferences.getInt,"{""key"": ""currentCurrencyIndex""}"
330333,storage,SharedPreferences.getInt,"{""key"": ""currentCurrencyIndex""}"
330336,storage,SharedPreferences.getInt,"{""key"": ""currentCurrencyIndex""}"
330338,storage,SharedPreferences.getInt,"{""key"": ""currentCurrencyIndex""}"
330340,storage,SharedPreferences.getInt,"{""key"": ""currentCurrencyIndex""}"
330342,storage,SharedPreferences.getInt,"{""key"": ""currentCurrencyIndex""}"
330345,storage,SharedPreferences.getInt,"{""key"": ""currentCurrencyIndex""}"
330348,storage,SharedPreferences.getInt,"{""key"": ""currentCurrencyIndex""}"
330356,reflection,Method.invoke,"{""class"": ""android.view.View"", ""method"": ""setAlpha""}"
330364,reflection,Method.invoke,"{""class"": ""android.view.View"", ""method"": ""setAlpha""}"
330371,reflection,Method.invoke,"{""class"": ""android.view.View"", ""method"": ""setAlpha""}"
330378,reflection,Method.invoke,"{""class"": ""android.view.View"", ""method"": ""setScaleY""}"
330386,reflection,Method.invoke,"{""class"": ""android.view.View"", ""method"": ""setAlpha""}"
330394,reflection,Method.invoke,"{""class"": ""android.view.View"", ""method"": ""setAlpha""}"
330402,reflection,Method.invoke,"{""class"": ""android.view.View"", ""method"": ""setAlpha""}"
330408,reflection,Method.invoke,"{""class"": ""android.view.View"", ""method"": ""setScaleY""}"
336491,storage,SharedPreferences.getInt,"{""key"": ""currentCurrencyIndex""}"
336492,storage,SharedPreferences.apply,{}
336496,storage,SharedPreferences.getString,"{""key"": ""hideBalanceType""}"
336499,storage,SharedPreferences.getInt,"{""key"": ""currentCurrencyIndex""}"
336502,storage,SharedPreferences.getInt,"{""key"": ""currentCurrencyIndex""}"
336504,storage,SharedPreferences.getInt,"{""key"": ""currentCurrencyIndex""}"
336507,storage,SharedPreferences.getInt,"{""key"": ""currentCurrencyIndex""}"
336509,storage,SharedPreferences.getInt,"{""key"": ""currentCurrencyIndex""}"
336511,storage,SharedPreferences.getInt,"{""key"": ""currentCurrencyIndex""}"
336513,storage,SharedPreferences.getInt,"{""key"": ""currentCurrencyIndex""}"
336515,storage,SharedPreferences.getInt,"{""key"": ""currentCurrencyIndex""}"
336517,storage,SharedPreferences.getInt,"{""key"": ""currentCurrencyIndex""}"
336520,storage,SharedPreferences.getInt,"{""key"": ""currentCurrencyIndex""}"
336524,storage,SharedPreferences.getInt,"{""key"": ""currentCurrencyIndex""}"
336526,storage,SharedPreferences.getInt,"{""key"": ""currentCurrencyIndex""}"
336528,storage,SharedPreferences.getInt,"{""key"": ""currentCurrencyIndex""}"
336535,reflection,Method.invoke,"{""class"": ""android.view.View"", ""method"": ""setAlpha""}"
336543,reflection,Method.invoke,"{""class"": ""android.view.View"", ""method"": ""setAlpha""}"
336550,reflection,Method.invoke,"{""class"": ""android.view.View"", ""method"": ""setAlpha""}"
336556,reflection,Method.invoke,"{""class"": ""android.view.View"", ""method"": ""setScaleY""}"
336564,reflection,Method.invoke,"{""class"": ""android.view.View"", ""method"": ""setAlpha""}"
336572,reflection,Method.invoke,"{""class"": ""android.view.View"", ""method"": ""setAlpha""}"
336579,reflection,Method.invoke,"{""class"": ""android.view.View"", ""method"": ""setAlpha""}"
336587,reflection,Method.invoke,"{""class"": ""android.view.View"", ""method"": ""setScaleY""}"
336600,file_io,File.delete,"{""path"": ""/data/user/0/app.michaelwuensch.bitbanana/shared_prefs/app.michaelwuensch.bitbanana_preferences.xml.bak""}"
352482,reflection,Method.invoke,"{""class"": ""android.view.ViewGroup"", ""method"": ""makeOptionalFitsSystemWindows""}"
352570,reflection,Method.invoke,"{""class"": ""androidx.camera.lifecycle.LifecycleCamera"", ""method"": ""onStart""}"
352585,reflection,Method.invoke,"{""class"": ""androidx.camera.lifecycle.LifecycleCamera"", ""method"": ""onResume""}"
352600,reflection,Method.invoke,"{""class"": ""androidx.camera.lifecycle.LifecycleCameraRepository$LifecycleCameraRepositoryObserver"", ""method"": ""onStart""}"
373358,crypto,MessageDigest.getInstance,"{""algorithm"": ""SHA-256""}"
373442,crypto,MessageDigest.digest,{}
373522,storage,SharedPreferences.putString,"{""key"": ""lastClipboardScan""}"
373540,storage,SharedPreferences.apply,{}
394684,reflection,Method.invoke,"{""class"": ""androidx.camera.lifecycle.LifecycleCamera"", ""method"": ""onPause""}"
395455,reflection,Method.invoke,"{""class"": ""androidx.camera.lifecycle.LifecycleCameraRepository$LifecycleCameraRepositoryObserver"", ""method"": ""onStop""}"
395484,reflection,Method.invoke,"{""class"": ""androidx.camera.lifecycle.LifecycleCamera"", ""method"": ""onStop""}"
395518,reflection,Method.invoke,"{""class"": ""app.michaelwuensch.bitbanana.home.HomeActivity"", ""method"": ""onMoveToBackground""}"
395866,reflection,Method.invoke,"{""class"": ""androidx.camera.lifecycle.LifecycleCameraRepository$LifecycleCameraRepositoryObserver"", ""method"": ""onDestroy""}"
395883,reflection,Method.invoke,"{""class"": ""androidx.camera.lifecycle.LifecycleCamera"", ""method"": ""onDestroy""}"
395942,storage,SharedPreferences.getInt,"{""key"": ""settings_ver""}"
395954,storage,SharedPreferences.getString,"{""key"": ""lockScreenTimeoutPref""}"
395964,crypto,Cipher.doFinal,"{""inputLength"": 16}"
395970,crypto,Cipher.doFinal,"{""inputLength"": 16}"
395975,crypto,Cipher.doFinal,"{""inputLength"": 16}"
395986,crypto,Cipher.doFinal,"{""inputLength"": 16}"
395993,crypto,SecretKeySpec.<init>,"{""algorithm"": ""AES""}"
395995,crypto,Cipher.doFinal,"{""inputLength"": 8}"
396003,crypto,Cipher.doFinal,"{""inputLength"": 16}"
396009,crypto,Cipher.doFinal,"{""inputLength"": 16}"
396017,crypto,Cipher.doFinal,"{""inputLength"": 16}"
396021,crypto,Cipher.doFinal,"{""inputLength"": 16}"
396031,crypto,SecretKeySpec.<init>,"{""algorithm"": ""AES""}"
396034,crypto,Cipher.doFinal,"{""inputLength"": 13}"
396166,reflection,Method.invoke,"{""class"": ""android.view.ViewGroup"", ""method"": ""makeOptionalFitsSystemWindows""}"
396239,reflection,Method.invoke,"{""class"": ""app.michaelwuensch.bitbanana.home.HomeActivity"", ""method"": ""onMoveToForeground""}"
396248,storage,SharedPreferences.getString,"{""key"": ""lockScreenTimeoutPref""}"
396252,crypto,Cipher.doFinal,"{""inputLength"": 16}"
396256,crypto,Cipher.doFinal,"{""inputLength"": 16}"
396272,crypto,Cipher.doFinal,"{""inputLength"": 16}"
396282,crypto,Cipher.doFinal,"{""inputLength"": 16}"
396287,crypto,SecretKeySpec.<init>,"{""algorithm"": ""AES""}"
396290,crypto,Cipher.doFinal,"{""inputLength"": 8}"
396298,crypto,Cipher.doFinal,"{""inputLength"": 16}"
396303,crypto,Cipher.doFinal,"{""inputLength"": 16}"
396308,crypto,Cipher.doFinal,"{""inputLength"": 16}"
396316,crypto,Cipher.doFinal,"{""inputLength"": 16}"
396322,crypto,SecretKeySpec.<init>,"{""algorithm"": ""AES""}"
396325,crypto,Cipher.doFinal,"{""inputLength"": 13}"
396381,storage,SharedPreferences.getString,"{""key"": ""current_wallet_config""}"
396420,storage,SharedPreferences.getString,"{""key"": ""hideBalanceType""}"
396433,reflection,Method.invoke,"{""class"": ""android.view.View"", ""method"": ""getElevation""}"
396448,reflection,Method.invoke,"{""class"": ""android.view.View"", ""method"": ""getTranslationZ""}"
396463,reflection,Method.invoke,"{""class"": ""android.view.View"", ""method"": ""getElevation""}"
396482,reflection,Method.invoke,"{""class"": ""android.view.View"", ""method"": ""getTranslationZ""}"
396497,reflection,Method.invoke,"{""class"": ""android.view.View"", ""method"": ""setAlpha""}"
396508,reflection,Method.invoke,"{""class"": ""android.view.View"", ""method"": ""setAlpha""}"
396523,reflection,Method.invoke,"{""class"": ""android.view.View"", ""method"": ""setAlpha""}"
396539,reflection,Method.invoke,"{""class"": ""android.view.View"", ""method"": ""setScaleY""}"
396557,reflection,Method.invoke,"{""class"": ""android.view.View"", ""method"": ""getElevation""}"
396578,reflection,Method.invoke,"{""class"": ""android.view.View"", ""method"": ""getTranslationZ""}"
396622,reflection,Method.invoke,"{""class"": ""android.view.View"", ""method"": ""setAlpha""}"
396639,reflection,Method.invoke,"{""class"": ""android.view.View"", ""method"": ""setAlpha""}"
396654,reflection,Method.invoke,"{""class"": ""android.view.View"", ""method"": ""setAlpha""}"
396671,reflection,Method.invoke,"{""class"": ""android.view.View"", ""method"": ""setScaleY""}"
396688,reflection,Method.invoke,"{""class"": ""android.view.View"", ""method"": ""setAlpha""}"
396705,reflection,Method.invoke,"{""class"": ""android.view.View"", ""method"": ""setAlpha""}"
396720,reflection,Method.invoke,"{""class"": ""android.view.View"", ""method"": ""setAlpha""}"
396736,reflection,Method.invoke,"{""class"": ""android.view.View"", ""method"": ""setScaleY""}"
396756,reflection,Method.invoke,"{""class"": ""android.view.View"", ""method"": ""setAlpha""}"
396771,reflection,Method.invoke,"{""class"": ""android.view.View"", ""method"": ""setAlpha""}"
396785,reflection,Method.invoke,"{""class"": ""android.view.View"", ""method"": ""setAlpha""}"
396795,reflection,Method.invoke,"{""class"": ""android.view.View"", ""method"": ""setScaleY""}"
396806,reflection,Method.invoke,"{""class"": ""android.view.View"", ""method"": ""setAlpha""}"
396817,reflection,Method.invoke,"{""class"": ""android.view.View"", ""method"": ""setAlpha""}"
396828,reflection,Method.invoke,"{""class"": ""android.view.View"", ""method"": ""setAlpha""}"
396838,reflection,Method.invoke,"{""class"": ""android.view.View"", ""method"": ""setScaleY""}"
396863,reflection,Method.invoke,"{""class"": ""android.view.View"", ""method"": ""setAlpha""}"
396879,reflection,Method.invoke,"{""class"": ""android.view.View"", ""method"": ""setAlpha""}"
396890,reflection,Method.invoke,"{""class"": ""android.view.View"", ""method"": ""setAlpha""}"
396900,reflection,Method.invoke,"{""class"": ""android.view.View"", ""method"": ""setScaleY""}"
396911,reflection,Method.invoke,"{""class"": ""android.view.View"", ""method"": ""setAlpha""}"
396921,reflection,Method.invoke,"{""class"": ""android.view.View"", ""method"": ""setAlpha""}"
396931,reflection,Method.invoke,"{""class"": ""android.view.View"", ""method"": ""setAlpha""}"
396940,reflection,Method.invoke,"{""class"": ""android.view.View"", ""method"": ""setScaleY""}"
396949,reflection,Method.invoke,"{""class"": ""android.view.View"", ""method"": ""setAlpha""}"
396958,reflection,Method.invoke,"{""class"": ""android.view.View"", ""method"": ""setAlpha""}"
396967,reflection,Method.invoke,"{""class"": ""android.view.View"", ""method"": ""setAlpha""}"
396977,reflection,Method.invoke,"{""class"": ""android.view.View"", ""method"": ""setScaleY""}"
396987,reflection,Method.invoke,"{""class"": ""android.view.View"", ""method"": ""setAlpha""}"
396997,reflection,Method.invoke,"{""class"": ""android.view.View"", ""method"": ""setAlpha""}"
397006,reflection,Method.invoke,"{""class"": ""android.view.View"", ""method"": ""setAlpha""}"
397016,reflection,Method.invoke,"{""class"": ""android.view.View"", ""method"": ""setScaleY""}"
397026,reflection,Method.invoke,"{""class"": ""androidx.constraintlayout.utils.widget.ImageFilterView"", ""method"": ""setRoundPercent""}"
397035,reflection,Method.invoke,"{""class"": ""android.view.View"", ""method"": ""setAlpha""}"
397045,reflection,Method.invoke,"{""class"": ""androidx.constraintlayout.utils.widget.ImageFilterView"", ""method"": ""setRoundPercent""}"
397054,reflection,Method.invoke,"{""class"": ""android.view.View"", ""method"": ""setAlpha""}"
397064,reflection,Method.invoke,"{""class"": ""android.view.View"", ""method"": ""getElevation""}"
397073,reflection,Method.invoke,"{""class"": ""android.view.View"", ""method"": ""getTranslationZ""}"
397084,reflection,Method.invoke,"{""class"": ""androidx.constraintlayout.utils.widget.ImageFilterView"", ""method"": ""setRoundPercent""}"
397095,reflection,Method.invoke,"{""class"": ""android.view.View"", ""method"": ""setAlpha""}"
397106,reflection,Method.invoke,"{""class"": ""androidx.constraintlayout.utils.widget.ImageFilterView"", ""method"": ""setRoundPercent""}"
397120,reflection,Method.invoke,"{""class"": ""android.view.View"", ""method"": ""setAlpha""}"
397133,reflection,Method.invoke,"{""class"": ""androidx.constraintlayout.utils.widget.ImageFilterView"", ""method"": ""setRoundPercent""}"
397146,reflection,Method.invoke,"{""class"": ""android.view.View"", ""method"": ""setAlpha""}"
397156,reflection,Method.invoke,"{""class"": ""androidx.constraintlayout.utils.widget.ImageFilterView"", ""method"": ""setRoundPercent""}"
397166,reflection,Method.invoke,"{""class"": ""android.view.View"", ""method"": ""setAlpha""}"
397258,storage,SharedPreferences.getInt,"{""key"": ""currentCurrencyIndex""}"
397271,storage,SharedPreferences.getInt,"{""key"": ""currentCurrencyIndex""}"
397275,storage,SharedPreferences.getInt,"{""key"": ""currentCurrencyIndex""}"
397285,storage,SharedPreferences.getInt,"{""key"": ""currentCurrencyIndex""}"
397288,storage,SharedPreferences.getInt,"{""key"": ""currentCurrencyIndex""}"
397294,storage,SharedPreferences.getInt,"{""key"": ""currentCurrencyIndex""}"
397298,storage,SharedPreferences.getInt,"{""key"": ""currentCurrencyIndex""}"
397301,storage,SharedPreferences.getInt,"{""key"": ""currentCurrencyIndex""}"
397304,storage,SharedPreferences.getInt,"{""key"": ""currentCurrencyIndex""}"
397308,storage,SharedPreferences.getInt,"{""key"": ""currentCurrencyIndex""}"
397316,storage,SharedPreferences.getInt,"{""key"": ""currentCurrencyIndex""}"
397318,storage,SharedPreferences.getInt,"{""key"": ""currentCurrencyIndex""}"
397321,storage,SharedPreferences.getInt,"{""key"": ""currentCurrencyIndex""}"
397335,storage,SharedPreferences.getString,"{""key"": ""current_wallet_config""}"
397368,reflection,Method.invoke,"{""class"": ""android.view.View"", ""method"": ""setAlpha""}"
397380,reflection,Method.invoke,"{""class"": ""android.view.View"", ""method"": ""setAlpha""}"
397388,reflection,Method.invoke,"{""class"": ""android.view.View"", ""method"": ""setAlpha""}"
397399,reflection,Method.invoke,"{""class"": ""android.view.View"", ""method"": ""setScaleY""}"
397412,reflection,Method.invoke,"{""class"": ""android.view.View"", ""method"": ""setAlpha""}"
397422,reflection,Method.invoke,"{""class"": ""android.view.View"", ""method"": ""setAlpha""}"
397438,reflection,Method.invoke,"{""class"": ""android.view.View"", ""method"": ""setAlpha""}"
397447,reflection,Method.invoke,"{""class"": ""android.view.View"", ""method"": ""setScaleY""}"
406342,storage,SharedPreferences.getString,"{""key"": ""exchangeRateProvider""}"
406415,file_io,File.delete,"{""path"": ""/data/user/0/app.michaelwuensch.bitbanana/shared_prefs/app.michaelwuensch.bitbanana_preferences.xml.bak""}"
406418,storage,SharedPreferences.putString,"{""key"": ""fiat_AED""}"
406424,storage,SharedPreferences.putString,"{""key"": ""fiat_AFN""}"
406429,storage,SharedPreferences.putString,"{""key"": ""fiat_ALL""}"
406433,storage,SharedPreferences.putString,"{""key"": ""fiat_AMD""}"
406438,storage,SharedPreferences.putString,"{""key"": ""fiat_ANG""}"
406442,storage,SharedPreferences.putString,"{""key"": ""fiat_AOA""}"
406447,storage,SharedPreferences.putString,"{""key"": ""fiat_ARS""}"
406451,storage,SharedPreferences.putString,"{""key"": ""fiat_AUD""}"
406455,storage,SharedPreferences.putString,"{""key"": ""fiat_AWG""}"
406459,storage,SharedPreferences.putString,"{""key"": ""fiat_AZN""}"
406464,storage,SharedPreferences.putString,"{""key"": ""fiat_BAM""}"
406468,storage,SharedPreferences.putString,"{""key"": ""fiat_BBD""}"
406472,storage,SharedPreferences.putString,"{""key"": ""fiat_BDT""}"
406477,storage,SharedPreferences.putString,"{""key"": ""fiat_BGN""}"
406481,storage,SharedPreferences.putString,"{""key"": ""fiat_BHD""}"
406486,storage,SharedPreferences.putString,"{""key"": ""fiat_BIF""}"
406490,storage,SharedPreferences.putString,"{""key"": ""fiat_BMD""}"
406494,storage,SharedPreferences.putString,"{""key"": ""fiat_BND""}"
406498,storage,SharedPreferences.putString,"{""key"": ""fiat_BOB""}"
406503,storage,SharedPreferences.putString,"{""key"": ""fiat_BRL""}"
406507,storage,SharedPreferences.putString,"{""key"": ""fiat_BSD""}"
406511,storage,SharedPreferences.putString,"{""key"": ""fiat_BTN""}"
406515,storage,SharedPreferences.putString,"{""key"": ""fiat_BWP""}"
406519,storage,SharedPreferences.putString,"{""key"": ""fiat_BYN""}"
406524,storage,SharedPreferences.putString,"{""key"": ""fiat_BZD""}"
406528,storage,SharedPreferences.putString,"{""key"": ""fiat_CAD""}"
406532,storage,SharedPreferences.putString,"{""key"": ""fiat_CDF""}"
406537,storage,SharedPreferences.putString,"{""key"": ""fiat_CHF""}"
406541,storage,SharedPreferences.putString,"{""key"": ""fiat_CLP""}"
406546,storage,SharedPreferences.putString,"{""key"": ""fiat_CNY""}"
406550,storage,SharedPreferences.putString,"{""key"": ""fiat_COP""}"
406555,storage,SharedPreferences.putString,"{""key"": ""fiat_CRC""}"
406559,storage,SharedPreferences.putString,"{""key"": ""fiat_CUP""}"
406563,storage,SharedPreferences.putString,"{""key"": ""fiat_CVE""}"
406567,storage,SharedPreferences.putString,"{""key"": ""fiat_CZK""}"
406572,storage,SharedPreferences.putString,"{""key"": ""fiat_DJF""}"
406576,storage,SharedPreferences.putString,"{""key"": ""fiat_DKK""}"
406580,storage,SharedPreferences.putString,"{""key"": ""fiat_DOP""}"
406585,storage,SharedPreferences.putString,"{""key"": ""fiat_DZD""}"
406589,storage,SharedPreferences.putString,"{""key"": ""fiat_EGP""}"
406594,storage,SharedPreferences.putString,"{""key"": ""fiat_ERN""}"
406598,storage,SharedPreferences.putString,"{""key"": ""fiat_ESP""}"
406602,storage,SharedPreferences.putString,"{""key"": ""fiat_ETB""}"
406607,storage,SharedPreferences.putString,"{""key"": ""fiat_EUR""}"
406611,storage,SharedPreferences.putString,"{""key"": ""fiat_FJD""}"
406616,storage,SharedPreferences.putString,"{""key"": ""fiat_FKP""}"
406620,storage,SharedPreferences.putString,"{""key"": ""fiat_GBP""}"
406624,storage,SharedPreferences.putString,"{""key"": ""fiat_GEL""}"
406628,storage,SharedPreferences.putString,"{""key"": ""fiat_GHS""}"
406633,storage,SharedPreferences.putString,"{""key"": ""fiat_GIP""}"
406637,storage,SharedPreferences.putString,"{""key"": ""fiat_GMD""}"
406641,storage,SharedPreferences.putString,"{""key"": ""fiat_GNF""}"
406645,storage,SharedPreferences.putString,"{""key"": ""fiat_GTQ""}"
406649,storage,SharedPreferences.putString,"{""key"": ""fiat_GYD""}"
406654,storage,SharedPreferences.putString,"{""key"": ""fiat_HKD""}"
406658,storage,SharedPreferences.putString,"{""key"": ""fiat_HNL""}"
406662,storage,SharedPreferences.putString,"{""key"": ""fiat_HRK""}"
406666,storage,SharedPreferences.putString,"{""key"": ""fiat_HTG""}"
406671,storage,SharedPreferences.putString,"{""key"": ""fiat_HUF""}"
406675,storage,SharedPreferences.putString,"{""key"": ""fiat_IDR""}"
406680,storage,SharedPreferences.putString,"{""key"": ""fiat_ILS""}"
406684,storage,SharedPreferences.putString,"{""key"": ""fiat_INR""}"
406688,storage,SharedPreferences.putString,"{""key"": ""fiat_IQD""}"
406692,storage,SharedPreferences.putString,"{""key"": ""fiat_IRR""}"
406696,storage,SharedPreferences.putString,"{""key"": ""fiat_ISK""}"
406701,storage,SharedPreferences.putString,"{""key"": ""fiat_JMD""}"
406705,storage,SharedPreferences.putString,"{""key"": ""fiat_JOD""}"
406709,storage,SharedPreferences.putString,"{""key"": ""fiat_JPY""}"
406713,storage,SharedPreferences.putString,"{""key"": ""fiat_KES""}"
406718,storage,SharedPreferences.putString,"{""key"": ""fiat_KGS""}"
406722,storage,SharedPreferences.putString,"{""key"": ""fiat_KHR""}"
406726,storage,SharedPreferences.putString,"{""key"": ""fiat_KMF""}"
406731,storage,SharedPreferences.putString,"{""key"": ""fiat_KRW""}"
406735,storage,SharedPreferences.putString,"{""key"": ""fiat_KWD""}"
406739,storage,SharedPreferences.putString,"{""key"": ""fiat_KYD""}"
406744,storage,SharedPreferences.putString,"{""key"": ""fiat_KZT""}"
406748,storage,SharedPreferences.putString,"{""key"": ""fiat_LAK""}"
406752,storage,SharedPreferences.putString,"{""key"": ""fiat_LBP""}"
406757,storage,SharedPreferences.putString,"{""key"": ""fiat_LKR""}"
406761,storage,SharedPreferences.putString,"{""key"": ""fiat_LRD""}"
406765,storage,SharedPreferences.putString,"{""key"": ""fiat_LSL""}"
406770,storage,SharedPreferences.putString,"{""key"": ""fiat_LYD""}"
406774,storage,SharedPreferences.putString,"{""key"": ""fiat_MAD""}"
406778,storage,SharedPreferences.putString,"{""key"": ""fiat_MDL""}"
406782,storage,SharedPreferences.putString,"{""key"": ""fiat_MGA""}"
406787,storage,SharedPreferences.putString,"{""key"": ""fiat_MKD""}"
406791,storage,SharedPreferences.putString,"{""key"": ""fiat_MMK""}"
406795,storage,SharedPreferences.putString,"{""key"": ""fiat_MNT""}"
406800,storage,SharedPreferences.putString,"{""key"": ""fiat_MOP""}"
406804,storage,SharedPreferences.putString,"{""key"": ""fiat_MRU""}"
406808,storage,SharedPreferences.putString,"{""key"": ""fiat_MTL""}"
406812,storage,SharedPreferences.putString,"{""key"": ""fiat_MUR""}"
406816,storage,SharedPreferences.putString,"{""key"": ""fiat_MVR""}"
406821,storage,SharedPreferences.putString,"{""key"": ""fiat_MWK""}"
406825,storage,SharedPreferences.putString,"{""key"": ""fiat_MXN""}"
406829,storage,SharedPreferences.putString,"{""key"": ""fiat_MYR""}"
406833,storage,SharedPreferences.putString,"{""key"": ""fiat_MZN""}"
406838,storage,SharedPreferences.putString,"{""key"": ""fiat_NAD""}"
406842,storage,SharedPreferences.putString,"{""key"": ""fiat_NGN""}"
406846,storage,SharedPreferences.putString,"{""key"": ""fiat_NIO""}"
406850,storage,SharedPreferences.putString,"{""key"": ""fiat_NOK""}"
406855,storage,SharedPreferences.putString,"{""key"": ""fiat_NPR""}"
406859,storage,SharedPreferences.putString,"{""key"": ""fiat_NZD""}"
406863,storage,SharedPreferences.putString,"{""key"": ""fiat_OMR""}"
406868,storage,SharedPreferences.putString,"{""key"": ""fiat_PAB""}"
406872,storage,SharedPreferences.putString,"{""key"": ""fiat_PEN""}"
406876,storage,SharedPreferences.putString,"{""key"": ""fiat_PGK""}"
406881,storage,SharedPreferences.putString,"{""key"": ""fiat_PHP""}"
406885,storage,SharedPreferences.putString,"{""key"": ""fiat_PKR""}"
406889,storage,SharedPreferences.putString,"{""key"": ""fiat_PLN""}"
406894,storage,SharedPreferences.putString,"{""key"": ""fiat_PYG""}"
406898,storage,SharedPreferences.putString,"{""key"": ""fiat_QAR""}"
406902,storage,SharedPreferences.putString,"{""key"": ""fiat_RON""}"
406906,storage,SharedPreferences.putString,"{""key"": ""fiat_RSD""}"
406910,storage,SharedPreferences.putString,"{""key"": ""fiat_RUB""}"
406915,storage,SharedPreferences.putString,"{""key"": ""fiat_RWF""}"
406919,storage,SharedPreferences.putString,"{""key"": ""fiat_SAR""}"
406923,storage,SharedPreferences.putString,"{""key"": ""fiat_SBD""}"
406927,storage,SharedPreferences.putString,"{""key"": ""fiat_SCR""}"
406932,storage,SharedPreferences.putString,"{""key"": ""fiat_SDG""}"
406936,storage,SharedPreferences.putString,"{""key"": ""fiat_SEK""}"
406940,storage,SharedPreferences.putString,"{""key"": ""fiat_SGD""}"
406945,storage,SharedPreferences.putString,"{""key"": ""fiat_SHP""}"
406949,storage,SharedPreferences.putString,"{""key"": ""fiat_SOS""}"
406953,storage,SharedPreferences.putString,"{""key"": ""fiat_SRD""}"
406957,storage,SharedPreferences.putString,"{""key"": ""fiat_SSP""}"
406962,storage,SharedPreferences.putString,"{""key"": ""fiat_SVC""}"
406966,storage,SharedPreferences.putString,"{""key"": ""fiat_SYP""}"
406970,storage,SharedPreferences.putString,"{""key"": ""fiat_SZL""}"
406974,storage,SharedPreferences.putString,"{""key"": ""fiat_THB""}"
406978,storage,SharedPreferences.putString,"{""key"": ""fiat_TJS""}"
406983,storage,SharedPreferences.putString,"{""key"": ""fiat_TMT""}"
406987,storage,SharedPreferences.putString,"{""key"": ""fiat_TND""}"
406991,storage,SharedPreferences.putString,"{""key"": ""fiat_TOP""}"
406995,storage,SharedPreferences.putString,"{""key"": ""fiat_TRY""}"
407000,storage,SharedPreferences.putString,"{""key"": ""fiat_TTD""}"
407004,storage,SharedPreferences.putString,"{""key"": ""fiat_TWD""}"
407008,storage,SharedPreferences.putString,"{""key"": ""fiat_TZS""}"
407013,storage,SharedPreferences.putString,"{""key"": ""fiat_UAH""}"
407017,storage,SharedPreferences.putString,"{""key"": ""fiat_UGX""}"
407021,storage,SharedPreferences.putString,"{""key"": ""fiat_USD""}"
407025,storage,SharedPreferences.putString,"{""key"": ""fiat_UYU""}"
407030,storage,SharedPreferences.putString,"{""key"": ""fiat_UZS""}"
407034,storage,SharedPreferences.putString,"{""key"": ""fiat_VES""}"
407038,storage,SharedPreferences.putString,"{""key"": ""fiat_VND""}"
407043,storage,SharedPreferences.putString,"{""key"": ""fiat_VUV""}"
407047,storage,SharedPreferences.putString,"{""key"": ""fiat_WST""}"
407051,storage,SharedPreferences.putString,"{""key"": ""fiat_XAF""}"
407055,storage,SharedPreferences.putString,"{""key"": ""fiat_XCD""}"
407060,storage,SharedPreferences.putString,"{""key"": ""fiat_XOF""}"
407064,storage,SharedPreferences.putString,"{""key"": ""fiat_XPF""}"
407068,storage,SharedPreferences.putString,"{""key"": ""fiat_YER""}"
407072,storage,SharedPreferences.putString,"{""key"": ""fiat_ZAR""}"
407077,storage,SharedPreferences.putString,"{""key"": ""fiat_ZMW""}"
407081,storage,SharedPreferences.putString,"{""key"": ""fiat_available""}"
407087,file_io,File.delete,"{""path"": ""/data/user/0/app.michaelwuensch.bitbanana/shared_prefs/app.michaelwuensch.bitbanana_preferences.xml.bak""}"
407091,storage,SharedPreferences.getString,"{""key"": ""secondCurrency""}"
407094,storage,SharedPreferences.getString,"{""key"": ""fiat_available""}"
407097,storage,SharedPreferences.getString,"{""key"": ""thirdCurrency""}"
407100,storage,SharedPreferences.getString,"{""key"": ""fiat_available""}"
407103,storage,SharedPreferences.getString,"{""key"": ""thirdCurrency""}"
407106,storage,SharedPreferences.getString,"{""key"": ""fiat_available""}"
407109,storage,SharedPreferences.putString,"{""key"": ""thirdCurrency""}"
407114,storage,SharedPreferences.getString,"{""key"": ""forthCurrency""}"
407117,storage,SharedPreferences.getString,"{""key"": ""fiat_available""}"
407120,storage,SharedPreferences.putString,"{""key"": ""forthCurrency""}"
407126,storage,SharedPreferences.getString,"{""key"": ""fifthCurrency""}"
407129,storage,SharedPreferences.getString,"{""key"": ""fiat_available""}"
407133,storage,SharedPreferences.putString,"{""key"": ""fifthCurrency""}"
407138,storage,SharedPreferences.getString,"{""key"": ""firstCurrency""}"
407141,storage,SharedPreferences.getString,"{""key"": ""secondCurrency""}"
407144,storage,SharedPreferences.getString,"{""key"": ""fiat_USD""}"
407147,storage,SharedPreferences.getString,"{""key"": ""thirdCurrency""}"
407150,storage,SharedPreferences.getString,"{""key"": ""forthCurrency""}"
407153,storage,SharedPreferences.getString,"{""key"": ""fifthCurrency""}"
407156,storage,SharedPreferences.getInt,"{""key"": ""currentCurrencyIndex""}"
407158,storage,SharedPreferences.getInt,"{""key"": ""currentCurrencyIndex""}"
407160,storage,SharedPreferences.getInt,"{""key"": ""currentCurrencyIndex""}"
407163,storage,SharedPreferences.getInt,"{""key"": ""currentCurrencyIndex""}"
407165,storage,SharedPreferences.getInt,"{""key"": ""currentCurrencyIndex""}"
407167,storage,SharedPreferences.getInt,"{""key"": ""currentCurrencyIndex""}"
407169,storage,SharedPreferences.getInt,"{""key"": ""currentCurrencyIndex""}"
407172,storage,SharedPreferences.getInt,"{""key"": ""currentCurrencyIndex""}"
407175,storage,SharedPreferences.getInt,"{""key"": ""currentCurrencyIndex""}"
407177,storage,SharedPreferences.getInt,"{""key"": ""currentCurrencyIndex""}"
407179,storage,SharedPreferences.getInt,"{""key"": ""currentCurrencyIndex""}"
407182,storage,SharedPreferences.getInt,"{""key"": ""currentCurrencyIndex""}"
407184,storage,SharedPreferences.getInt,"{""key"": ""currentCurrencyIndex""}"
407187,storage,SharedPreferences.getInt,"{""key"": ""currentCurrencyIndex""}"
407195,reflection,Method.invoke,"{""class"": ""android.view.View"", ""method"": ""setAlpha""}"
407201,reflection,Method.invoke,"{""class"": ""android.view.View"", ""method"": ""setAlpha""}"
407208,reflection,Method.invoke,"{""class"": ""android.view.View"", ""method"": ""setAlpha""}"
407215,reflection,Method.invoke,"{""class"": ""android.view.View"", ""method"": ""setScaleY""}"
407222,reflection,Method.invoke,"{""class"": ""android.view.View"", ""method"": ""setAlpha""}"
407234,reflection,Method.invoke,"{""class"": ""android.view.View"", ""method"": ""setAlpha""}"
407241,reflection,Method.invoke,"{""class"": ""android.view.View"", ""method"": ""setAlpha""}"
407247,reflection,Method.invoke,"{""class"": ""android.view.View"", ""method"": ""setScaleY""}"
412843,reflection,Method.invoke,"{""class"": ""android.view.View"", ""method"": ""getElevation""}"
412850,reflection,Method.invoke,"{""class"": ""android.view.View"", ""method"": ""getTranslationZ""}"
412948,storage,SharedPreferences.getInt,"{""key"": ""currentCurrencyIndex""}"
412966,reflection,Method.invoke,"{""class"": ""android.view.ViewGroup"", ""method"": ""makeOptionalFitsSystemWindows""}"
413016,reflection,Method.invoke,"{""class"": ""android.view.View"", ""method"": ""getViewRootImpl""}"
413022,reflection,Method.invoke,"{""class"": ""android.view.View"", ""method"": ""getViewRootImpl""}"
413036,reflection,Method.invoke,"{""class"": ""android.view.View"", ""method"": ""getViewRootImpl""}"
413048,reflection,Method.invoke,"{""class"": ""android.view.View"", ""method"": ""getViewRootImpl""}"
413067,reflection,Method.invoke,"{""class"": ""android.view.View"", ""method"": ""getViewRootImpl""}"
413140,reflection,Method.invoke,"{""class"": ""android.view.View"", ""method"": ""getElevation""}"
413149,reflection,Method.invoke,"{""class"": ""android.view.View"", ""method"": ""getTranslationZ""}"
413164,reflection,Method.invoke,"{""class"": ""android.view.View"", ""method"": ""getViewRootImpl""}"
413171,reflection,Method.invoke,"{""class"": ""android.view.View"", ""method"": ""getViewRootImpl""}"
413225,reflection,Method.invoke,"{""class"": ""android.view.View"", ""method"": ""getViewRootImpl""}"
413238,reflection,Method.invoke,"{""class"": ""android.view.View"", ""method"": ""getViewRootImpl""}"
