30087 1783914023.986641 recvfrom(100, "nysv\0\0\0\0\0\0\0\0\0\0\0\0Exy\272e\2\0\0\23f\2\0\0\0\0\0", 3200, MSG_DONTWAIT, NULL, NULL) = 32
30087 1783914023.987099 recvfrom(100, 0x7fc3986860, 3200, MSG_DONTWAIT, NULL, NULL) = -1 EAGAIN (Try again)
30087 1783914023.987395 recvfrom(121, 0x7d29777820, 2272, MSG_DONTWAIT, NULL, NULL) = -1 EAGAIN (Try again)
30087 1783914023.989142 sendto(104, "(\2\0\0\0\0\0\0\5\0\0\0\0\0\0\0\0\0\0\0\0\0\0\0\22\223Hln\168\24"..., 552, MSG_NOSIGNAL, NULL, 0) = 552
30144 1783914023.989461 recvmsg(104, {msg_name=NULL, msg_namelen=0, msg_iov=[{iov_base="\330\0\0\0\0\0\0\0\5\0\0\0\0\0\0\0\0\0\0\0\0\0\0\0\201H~\333\17I_\265"..., iov_len=4096}], msg_iovlen=1, msg_controllen=0, msg_flags=0}, MSG_DONTWAIT) = 432
30087 1783914023.989878 recvfrom(100, 0x7fc3985b10, 3200, MSG_DONTWAIT, NULL, NULL) = -1 EAGAIN (Try again)
30087 1783914023.991440 sendto(104, "\20\1\0\0\0\0\0\0\5\0\0\0\0\0\0\0\0\0\0\0\0\0\0\0\22\223Hln\168\24"..., 272, MSG_NOSIGNAL, NULL, 0) = 272
30144 1783914023.991755 recvmsg(104, {msg_name=NULL, msg_namelen=0, msg_iov=[{iov_base="  \0\0\0\0\0\0\5\0\0\0\0\0\0\0\0\0\0\0\0\0\0\0W1h-V^B{"..., iov_len=4096}], msg_iovlen=1, msg_controllen=0, msg_flags=0}, MSG_DONTWAIT) = 4096
30144 1783914023.991769 recvmsg(104, {msg_name=NULL, msg_namelen=0, msg_iov=[{iov_base="0\0\0\0\0\0\0\0@\0\0\0\0\0\0\0\1\0\0\0\0\0\0\0H\0\0\0\0\0\0\0"..., iov_len=4128}], msg_iovlen=1, msg_controllen=0, msg_flags=0}, MSG_DONTWAIT) = 4128
30197 1783914024.001985 sendmsg(177, {msg_name=NULL, msg_namelen=0, msg_iov=[{iov_base="l\1\1\1\374\0\0\0S\0\0\0\235\0\0\0\1\1o\0;\0\0\0/re/frid"..., iov_len=428}], msg_iovlen=1, msg_controllen=0, msg_flags=0}, MSG_NOSIGNAL) = 428
30087 1783914024.003509 recvfrom(100, "nysv\0\0\0\0\0\0\0\0\0\0\0\0o\310w\273e\2\0\0\24f\2\0\0\0\0\0", 3200, MSG_DONTWAIT, NULL, NULL) = 32
30087 1783914024.003893 recvfrom(100, 0x7fc3986860, 3200, MSG_DONTWAIT, NULL, NULL) = -1 EAGAIN (Try again)
30087 1783914024.004123 recvfrom(121, 0x7d29777820, 2272, MSG_DONTWAIT, NULL, NULL) = -1 EAGAIN (Try again)
30087 1783914024.004319 sendto(104, "\20\1\0\0\0\0\0\0\5\0\0\0\0\0\0\0\0\0\0\0\0\0\0\0\22\223Hln\168\24"..., 272, MSG_NOSIGNAL, NULL, 0) = 272
30144 1783914024.004660 recvmsg(104, {msg_name=NULL, msg_namelen=0, msg_iov=[{iov_base="\330\0\0\0\0\0\0\0\5\0\0\0\0\0\0\0\0\0\0\0\0\0\0\0\201H~\333\17I_\265"..., iov_len=4096}], msg_iovlen=1, msg_controllen=0, msg_flags=0}, MSG_DONTWAIT) = 432
30087 1783914024.004920 recvfrom(100, 0x7fc3985b10, 3200, MSG_DONTWAIT, NULL, NULL) = -1 EAGAIN (Try again)
30087 1783914024.005952 sendto(104, "\20\1\0\0\0\0\0\0\5\0\0\0\0\0\0\0\0\0\0\0\0\0\0\0\22\223Hln\168\24"..., 272, MSG_NOSIGNAL, NULL, 0) = 272
30144 1783914024.006297 recvmsg(104, {msg_name=NULL, msg_namelen=0, msg_iov=[{iov_base="  \0\0\0\0\0\0\5\0\0\0\0\0\0\0\0\0\0\0\0\0\0\0W1h-V^B{"..., iov_len=4096}], msg_iovlen=1, msg_controllen=0, msg_flags=0}, MSG_DONTWAIT) = 4096
30144 1783914024.006312 recvmsg(104, {msg_name=NULL, msg_namelen=0, msg_iov=[{iov_base="0\0\0\0\0\0\0\0@\0\0\0\0\0\0\0\1\0\0\0\0\0\0\0H\0\0\0\0\0\0\0"..., iov_len=4128}], msg_iovlen=1, msg_controllen=0, msg_flags=0}, MSG_DONTWAIT) = 4128
30087 1783914024.032188 recvfrom(100, "nysv\0\0\0\0\0\0\0\0\0\0\0\0\3522v\274e\2\0\0\25f\2\0\0\0\0\0", 3200, MSG_DONTWAIT, NULL, NULL) = 32
30087 1783914024.032435 recvfrom(100, 0x7fc3986860, 3200, MSG_DONTWAIT, NULL, NULL) = -1 EAGAIN (Try again)
30087 1783914024.032675 recvfrom(121, 0x7d29777820, 2272, MSG_DONTWAIT, NULL, NULL) = -1 EAGAIN (Try again)
30087 1783914024.032903 sendto(104, "(\2\0\0\0\0\0\0\5\0\0\0\0\0\0\0\0\0\0\0\0\0\0\0\22\223Hln\168\24"..., 552, MSG_NOSIGNAL, NULL, 0) = 552
30144 1783914024.033165 recvmsg(104, {msg_name=NULL, msg_namelen=0, msg_iov=[{iov_base="\330\0\0\0\0\0\0\0\5\0\0\0\0\0\0\0\0\0\0\0\0\0\0\0\201H~\333\17I_\265"..., iov_len=4096}], msg_iovlen=1, msg_controllen=0, msg_flags=0}, MSG_DONTWAIT) = 432
30087 1783914024.033429 recvfrom(100, 0x7fc3985b10, 3200, MSG_DONTWAIT, NULL, NULL) = -1 EAGAIN (Try again)
30087 1783914024.035469 sendto(104, "\20\1\0\0\0\0\0\0\5\0\0\0\0\0\0\0\0\0\0\0\0\0\0\0\22\223Hln\168\24"..., 272, MSG_NOSIGNAL, NULL, 0) = 272
30144 1783914024.035798 recvmsg(104, {msg_name=NULL, msg_namelen=0, msg_iov=[{iov_base="  \0\0\0\0\0\0\5\0\0\0\0\0\0\0\0\0\0\0\0\0\0\0W1h-V^B{"..., iov_len=4096}], msg_iovlen=1, msg_controllen=0, msg_flags=0}, MSG_DONTWAIT) = 4096
30144 1783914024.035812 recvmsg(104, {msg_name=NULL, msg_namelen=0, msg_iov=[{iov_base="0\0\0\0\0\0\0\0@\0\0\0\0\0\0\0\1\0\0\0\0\0\0\0H\0\0\0\0\0\0\0"..., iov_len=4128}], msg_iovlen=1, msg_controllen=0, msg_flags=0}, MSG_DONTWAIT) = 4128
30087 1783914024.074118 recvfrom(100, "nysv\0\0\0\0\0\0\0\0\0\0\0\0\221\234t\275e\2\0\0\26f\2\0\0\0\0\0", 3200, MSG_DONTWAIT, NULL, NULL) = 32
30087 1783914024.074437 recvfrom(100, 0x7fc3986860, 3200, MSG_DONTWAIT, NULL, NULL) = -1 EAGAIN (Try again)
30087 1783914024.074812 recvfrom(121, 0x7d29777820, 2272, MSG_DONTWAIT, NULL, NULL) = -1 EAGAIN (Try again)
30087 1783914024.075198 sendto(104, "(\2\0\0\0\0\0\0\5\0\0\0\0\0\0\0\0\0\0\0\0\0\0\0\22\223Hln\168\24"..., 552, MSG_NOSIGNAL, NULL, 0) = 552
30144 1783914024.075623 recvmsg(104, {msg_name=NULL, msg_namelen=0, msg_iov=[{iov_base="\330\0\0\0\0\0\0\0\5\0\0\0\0\0\0\0\0\0\0\0\0\0\0\0\201H~\333\17I_\265"..., iov_len=4096}], msg_iovlen=1, msg_controllen=0, msg_flags=0}, MSG_DONTWAIT) = 432
30087 1783914024.075894 recvfrom(100, 0x7fc3985b10, 3200, MSG_DONTWAIT, NULL, NULL) = -1 EAGAIN (Try again)
30087 1783914024.076845 sendto(104, "\20\1\0\0\0\0\0\0\5\0\0\0\0\0\0\0\0\0\0\0\0\0\0\0\22\223Hln\168\24"..., 272, MSG_NOSIGNAL, NULL, 0) = 272
30144 1783914024.077244 recvmsg(104, {msg_name=NULL, msg_namelen=0, msg_iov=[{iov_base="\200\0\0\0\0\0\0\0\5\0\0\0\0\0\0\0\0\0\0\0\0\0\0\0W1h-V^B{"..., iov_len=4096}], msg_iovlen=1, msg_controllen=0, msg_flags=0}, MSG_DONTWAIT) = 128
30144 1783914024.078514 recvmsg(104, {msg_name=NULL, msg_namelen=0, msg_iov=[{iov_base=" \1\0\0\0\0\0\0\5\0\0\0\0\0\0\0\0\0\0\0\0\0\0\0\343bh}\250i(\222"..., iov_len=4096}], msg_iovlen=1, msg_controllen=0, msg_flags=0}, MSG_DONTWAIT) = 504
30144 1783914024.080015 recvmsg(104, {msg_name=NULL, msg_namelen=0, msg_iov=[{iov_base="\360\0\0\0\0\0\0\0\5\0\0\0\0\0\0\0\0\0\0\0\0\0\0\0\343bh}\250i(\222"..., iov_len=4096}], msg_iovlen=1, msg_controllen=0, msg_flags=0}, MSG_DONTWAIT) = 240
30087 1783914024.129870 recvfrom(100, "nysv\0\0\0\0\0\0\0\0\0\0\0\0X\356o\300e\2\0\0\31f\2\0\0\0\0\0", 3200, MSG_DONTWAIT, NULL, NULL) = 32
30087 1783914024.130232 recvfrom(100, 0x7fc3986860, 3200, MSG_DONTWAIT, NULL, NULL) = -1 EAGAIN (Try again)
30087 1783914024.130582 recvfrom(121, 0x7d29777820, 2272, MSG_DONTWAIT, NULL, NULL) = -1 EAGAIN (Try again)
30087 1783914024.130946 sendto(104, "(\2\0\0\0\0\0\0\5\0\0\0\0\0\0\0\0\0\0\0\0\0\0\0\22\223Hln\168\24"..., 552, MSG_NOSIGNAL, NULL, 0) = 552
30144 1783914024.131799 recvmsg(104, {msg_name=NULL, msg_namelen=0, msg_iov=[{iov_base="\300\0\0\0\0\0\0\0\5\0\0\0\0\0\0\0\0\0\0\0\0\0\0\0sZ\354\361\276\332\326\201"..., iov_len=4096}], msg_iovlen=1, msg_controllen=0, msg_flags=0}, MSG_DONTWAIT) = 1152
30087 1783914024.132744 recvfrom(100, 0x7fc3985b10, 3200, MSG_DONTWAIT, NULL, NULL) = -1 EAGAIN (Try again)
30087 1783914024.134042 sendto(104, "\20\1\0\0\0\0\0\0\5\0\0\0\0\0\0\0\0\0\0\0\0\0\0\0\22\223Hln\168\24"..., 272, MSG_NOSIGNAL, NULL, 0) = 272
30144 1783914024.134727 recvmsg(104, {msg_name=NULL, msg_namelen=0, msg_iov=[{iov_base="\240\0\0\0\0\0\0\0\5\0\0\0\0\0\0\0\0\0\0\0\0\0\0\0\343bh}\250i(\222"..., iov_len=4096}], msg_iovlen=1, msg_controllen=0, msg_flags=0}, MSG_DONTWAIT) = 160
30162 1783914024.135433 sendto(104, "\240\0\0\0\0\0\0\0\5\0\0\0\0\0\0\0\0\0\0\0\0\0\0\0=\351B\22\226T\300\264"..., 160, MSG_NOSIGNAL, NULL, 0) = 160
30144 1783914024.135930 recvmsg(104, {msg_name=NULL, msg_namelen=0, msg_iov=[{iov_base="\10\23\0\0\0\0\0\0\5\0\0\0\0\0\0\0\0\0\0\0\0\0\0\0W1h-V^B{"..., iov_len=4096}], msg_iovlen=1, msg_controllen=0, msg_flags=0}, MSG_DONTWAIT) = 4096
30144 1783914024.136274 recvmsg(104, {msg_name=NULL, msg_namelen=0, msg_iov=[{iov_base="\0\0\0\0\0\0\200?\0\0\207D\0\0\317C\20\0\0\0\0\0\0\0@\4\0\0\240\1\0\0"..., iov_len=776}], msg_iovlen=1, msg_controllen=0, msg_flags=0}, MSG_DONTWAIT) = 776
30087 1783914024.178694 recvfrom(100, "nysv\0\0\0\0\0\0\0\0\0\0\0\0/\fk\303e\2\0\0\34f\2\0\0\0\0\0", 3200, MSG_DONTWAIT, NULL, NULL) = 32
30087 1783914024.179044 recvfrom(100, 0x7fc3986860, 3200, MSG_DONTWAIT, NULL, NULL) = -1 EAGAIN (Try again)
30087 1783914024.180624 recvfrom(121, 0x7d29777820, 2272, MSG_DONTWAIT, NULL, NULL) = -1 EAGAIN (Try again)
30087 1783914024.180927 sendto(104, "\20\1\0\0\0\0\0\0\5\0\0\0\0\0\0\0\0\0\0\0\0\0\0\0\22\223Hln\168\24"..., 272, MSG_NOSIGNAL, NULL, 0) = 272
30144 1783914024.181584 recvmsg(104, {msg_name=NULL, msg_namelen=0, msg_iov=[{iov_base="\330\0\0\0\0\0\0\0\5\0\0\0\0\0\0\0\0\0\0\0\0\0\0\0\201H~\333\17I_\265"..., iov_len=4096}], msg_iovlen=1, msg_controllen=0, msg_flags=0}, MSG_DONTWAIT) = 432
30087 1783914024.182393 sendto(104, "`\0\0\0\0\0\0\0\5\0\0\0\0\0\0\0\0\0\0\0\0\0\0\0\22\223Hln\168\24"..., 96, MSG_NOSIGNAL, NULL, 0) = 96
30087 1783914024.182898 recvfrom(100,  <unfinished ...>
30144 1783914024.183051 recvmsg(104,  <unfinished ...>
30087 1783914024.183080 <... recvfrom resumed> 0x7fc3986760, 3200, MSG_DONTWAIT, NULL, NULL) = -1 EAGAIN (Try again)
30144 1783914024.183206 <... recvmsg resumed> {msg_name=NULL, msg_namelen=0, msg_iov=[{iov_base="h\0\0\0\0\0\0\0\5\0\0\0\0\0\0\0\0\0\0\0\0\0\0\0\201H~\333\17I_\265"..., iov_len=4096}], msg_iovlen=1, msg_controllen=0, msg_flags=0}, MSG_DONTWAIT) = 104
30087 1783914024.189112 recvfrom(100, "nysv\0\0\0\0\0\0\0\0\0\0\0\0001Vf\306e\2\0\0\37f\2\0\0\0\0\0", 3200, MSG_DONTWAIT, NULL, NULL) = 32
30087 1783914024.189510 recvfrom(100, 0x7fc3986860, 3200, MSG_DONTWAIT, NULL, NULL) = -1 EAGAIN (Try again)
30197 1783914024.200774 sendmsg(177, {msg_name=NULL, msg_namelen=0, msg_iov=[{iov_base="l\1\1\1\374\0\0\0T\0\0\0\235\0\0\0\1\1o\0;\0\0\0/re/frid"..., iov_len=428}], msg_iovlen=1, msg_controllen=0, msg_flags=0}, MSG_NOSIGNAL) = 428
30087 1783914024.215774 sendto(104, "\210\2\0\0\0\0\0\0\5\0\0\0\0\0\0\0\0\0\0\0\0\0\0\0\22\223Hln\168\24"..., 648, MSG_NOSIGNAL, NULL, 0) = 648
30087 1783914024.229450 recvfrom(100, 0x7fc39856b0, 3200, MSG_DONTWAIT, NULL, NULL) = -1 EAGAIN (Try again)
30087 1783914024.236897 recvfrom(100, "nysv\0\0\0\0\0\0\0\0\0\0\0\0\215\211a\311e\2\0\0\"f\2\0\0\0\0\0", 3200, MSG_DONTWAIT, NULL, NULL) = 32
30087 1783914024.237286 recvfrom(100, 0x7fc3986860, 3200, MSG_DONTWAIT, NULL, NULL) = -1 EAGAIN (Try again)
30087 1783914024.237876 sendto(104, "(\2\0\0\0\0\0\0\5\0\0\0\0\0\0\0\0\0\0\0\0\0\0\0\22\223Hln\168\24"..., 552, MSG_NOSIGNAL, NULL, 0) = 552
30144 1783914024.238470 recvmsg(104, {msg_name=NULL, msg_namelen=0, msg_iov=[{iov_base="\330\0\0\0\0\0\0\0\5\0\0\0\0\0\0\0\0\0\0\0\0\0\0\0W1h-V^B{"..., iov_len=4096}], msg_iovlen=1, msg_controllen=0, msg_flags=0}, MSG_DONTWAIT) = 216
30087 1783914024.239097 recvfrom(100, 0x7fc3986760, 3200, MSG_DONTWAIT, NULL, NULL) = -1 EAGAIN (Try again)
30197 1783914024.247102 sendmsg(177, {msg_name=NULL, msg_namelen=0, msg_iov=[{iov_base="l\1\1\1\374\0\0\0U\0\0\0\235\0\0\0\1\1o\0;\0\0\0/re/frid"..., iov_len=428}], msg_iovlen=1, msg_controllen=0, msg_flags=0}, MSG_NOSIGNAL) = 428
30087 1783914024.253718 recvfrom(100, "nysv\0\0\0\0\0\0\0\0\0\0\0\0c\323_\312e\2\0\0#f\2\0\0\0\0\0", 3200, MSG_DONTWAIT, NULL, NULL) = 32
30087 1783914024.254273 recvfrom(100, 0x7fc3986860, 3200, MSG_DONTWAIT, NULL, NULL) = -1 EAGAIN (Try again)
30197 1783914024.265524 sendmsg(177, {msg_name=NULL, msg_namelen=0, msg_iov=[{iov_base="l\1\1\1\374\0\0\0V\0\0\0\235\0\0\0\1\1o\0;\0\0\0/re/frid"..., iov_len=428}], msg_iovlen=1, msg_controllen=0, msg_flags=0}, MSG_NOSIGNAL) = 428
30144 1783914024.499011 recvmsg(104, {msg_name=NULL, msg_namelen=0, msg_iov=[{iov_base="\360\f\0\0\0\0\0\0\5\0\0\0\0\0\0\0\0\0\0\0\0\0\0\0A\"\325\7+\373\275\226"..., iov_len=4096}], msg_iovlen=1, msg_controllen=0, msg_flags=0}, MSG_DONTWAIT) = 3312
30087 1783914025.203011 sendto(104, "h\0\0\0\0\0\0\0\5\0\0\0\0\0\0\0\0\0\0\0\0\0\0\0\305\331?pLv{\203"..., 104, MSG_NOSIGNAL, NULL, 0) = 104
30144 1783914025.203880 recvmsg(104, {msg_name=NULL, msg_namelen=0, msg_iov=[{iov_base="P\2\0\0\0\0\0\0\5\0\0\0\0\0\0\0\0\0\0\0\0\0\0\0\332'\"T\304\2\5M"..., iov_len=4096}], msg_iovlen=1, msg_controllen=0, msg_flags=0}, MSG_DONTWAIT) = 592
30144 1783914025.212382 sendto(104, "\310\0\0\0\0\0\0\0\5\0\0\0\0\0\0\0\0\0\0\0\0\0\0\0\35~\302,\376`h\251"..., 200, MSG_NOSIGNAL, NULL, 0) = 200
30144 1783914025.212806 sendto(104, "h\0\0\0\0\0\0\0\5\0\0\0\0\0\0\0\0\0\0\0\0\0\0\0\35~\302,\376`h\251"..., 104, MSG_NOSIGNAL, NULL, 0) = 104
30144 1783914025.214800 recvmsg(104, {msg_name=NULL, msg_namelen=0, msg_iov=[{iov_base="8\1\0\0\0\0\0\0\5\0\0\0\0\0\0\0\0\0\0\0\0\0\0\0\211\264\251\215\371L\251\350"..., iov_len=4096}], msg_iovlen=1, msg_controllen=0, msg_flags=0}, MSG_DONTWAIT) = 624
30144 1783914025.215579 sendto(104, "(\0\0\0\0\0\0\0\5\0\0\0\0\0\0\0\1\0\0\0\0\0\0\0\30M.\372l\236\342\321"..., 40, MSG_NOSIGNAL, NULL, 0) = 40
30144 1783914025.216040 sendto(104, "(\0\0\0\0\0\0\0\5\0\0\0\0\0\0\0\1\0\0\0\0\0\0\0\324\306\262U\231\371!\357"..., 40, MSG_NOSIGNAL, NULL, 0) = 40
30144 1783914025.217367 recvmsg(104, {msg_name=NULL, msg_namelen=0, msg_iov=[{iov_base="h\0\0\0\0\0\0\0\5\0\0\0\0\0\0\0\2\0\0\0\0\0\0\0-\272\364\373.C\330I"..., iov_len=4096}], msg_iovlen=1, msg_controllen=0, msg_flags=0}, MSG_DONTWAIT) = 504
30144 1783914025.217744 sendto(104, "h\0\0\0\0\0\0\0\5\0\0\0\0\0\0\0\2\0\0\0\0\0\0\0\3525\374t\277\377\0365"..., 104, MSG_NOSIGNAL, NULL, 0) = 104
30144 1783914025.218045 sendto(104, "(\0\0\0\0\0\0\0\5\0\0\0\0\0\0\0\1\0\0\0\0\0\0\0\31:\277/3\2034\310"..., 40, MSG_NOSIGNAL, NULL, 0) = 40
30144 1783914025.219893 sendto(104, "h\0\0\0\0\0\0\0\5\0\0\0\0\0\0\0\2\0\0\0\0\0\0\0\353M\201\363\317;\34\330"..., 104, MSG_NOSIGNAL, NULL, 0) = 104
30144 1783914025.221074 recvmsg(104,  <unfinished ...>
30087 1783914025.221922 sendto(104, "h\0\0\0\0\0\0\0\5\0\0\0\0\0\0\0\0\0\0\0\0\0\0\0\231)UK\271I\244\313"..., 104, MSG_NOSIGNAL, NULL, 0 <unfinished ...>
30144 1783914025.222179 <... recvmsg resumed> {msg_name=NULL, msg_namelen=0, msg_iov=[{iov_base="h\0\0\0\0\0\0\0\5\0\0\0\0\0\0\0\2\0\0\0\0\0\0\0)e\217\17\256\30J\371"..., iov_len=4096}], msg_iovlen=1, msg_controllen=0, msg_flags=0}, MSG_DONTWAIT) = 104
30087 1783914025.222790 <... sendto resumed> ) = 104
30144 1783914025.225067 sendto(104, "h\0\0\0\0\0\0\0\5\0\0\0\0\0\0\0\2\0\0\0\0\0\0\0\231)UK\271I\244\313"..., 104, MSG_NOSIGNAL, NULL, 0) = 104
30197 1783914025.246127 sendmsg(177, {msg_name=NULL, msg_namelen=0, msg_iov=[{iov_base="l\1\1\1\374\0\0\0W\0\0\0\235\0\0\0\1\1o\0;\0\0\0/re/frid"..., iov_len=428}], msg_iovlen=1, msg_controllen=0, msg_flags=0}, MSG_NOSIGNAL) = 428
30197 1783914025.264127 sendmsg(177, {msg_name=NULL, msg_namelen=0, msg_iov=[{iov_base="l\1\1\1\374\0\0\0X\0\0\0\235\0\0\0\1\1o\0;\0\0\0/re/frid"..., iov_len=428}], msg_iovlen=1, msg_controllen=0, msg_flags=0}, MSG_NOSIGNAL) = 428
30144 1783914025.423025 recvmsg(104, {msg_name=NULL, msg_namelen=0, msg_iov=[{iov_base="\310\0\0\0\0\0\0\0\5\0\0\0\0\0\0\0\0\0\0\0\0\0\0\0A\"\325\7+\373\275\226"..., iov_len=4096}], msg_iovlen=1, msg_controllen=0, msg_flags=0}, MSG_DONTWAIT) = 200
30144 1783914025.426864 recvmsg(104, {msg_name=NULL, msg_namelen=0, msg_iov=[{iov_base="\30s/\0\0\0\0\0\5\0\0\0\0\0\0\0\0\0\0\0\0\0\0\0A\"\325\7+\373\275\226"..., iov_len=4096}], msg_iovlen=1, msg_controllen=0, msg_flags=0}, MSG_DONTWAIT) = 4096
30144 1783914025.427283 recvmsg(104, {msg_name=NULL, msg_namelen=0, msg_iov=[{iov_base="pT\5\0\0\0\0\0\260V\5\0\0\0\0\0\20Y\5\0\0\0\0\0\210\\\5\0\0\0\0\0"..., iov_len=3105560}], msg_iovlen=1, msg_controllen=0, msg_flags=0}, MSG_DONTWAIT) = 251264
30144 1783914025.427602 recvmsg(104, {msg_name=NULL, msg_namelen=0, msg_iov=[{iov_base=",\0\0\0002\0\0\0<\0\0\0003\0\0\0\1\0\0\0\0\0\0\0\34\0\0\0\5\0\0\0"..., iov_len=4096}], msg_iovlen=1, msg_controllen=0, msg_flags=0}, MSG_DONTWAIT) = 4096
30144 1783914025.427747 recvmsg(104, {msg_name=NULL, msg_namelen=0, msg_iov=[{iov_base="\30\0\0\0\0\0\0\0\20\0\0\0\0\0\0\0000\0\0\0\0\0\0\0(\0\0\0\10\0\0\0"..., iov_len=2850200}], msg_iovlen=1, msg_controllen=0, msg_flags=0}, MSG_DONTWAIT) = 251264
30144 1783914025.428057 recvmsg(104, {msg_name=NULL, msg_namelen=0, msg_iov=[{iov_base="\310\1\0\0\0\0\0\0\310\1\0\0\0\0\0\0\30\0\0\0\0\0\0\0\20\0\0\0\0\0\0\0"..., iov_len=4096}], msg_iovlen=1, msg_controllen=0, msg_flags=0}, MSG_DONTWAIT) = 4096
30144 1783914025.428231 recvmsg(104, {msg_name=NULL, msg_namelen=0, msg_iov=[{iov_base="\30\0\0\0\2\0\0\0\20\0\0\0\0\0\0\0 \0\0\0\0\0\0\0\27\0\0\0\17\0\0\0"..., iov_len=2594840}], msg_iovlen=1, msg_controllen=0, msg_flags=0}, MSG_DONTWAIT) = 251264
30144 1783914025.428562 recvmsg(104, {msg_name=NULL, msg_namelen=0, msg_iov=[{iov_base="\0\0\0\0\0\0\0\0h\0\0\0\0\0\0\0\311\5\0\0e\0\0\0\0\6\0\0\0\0\0\0"..., iov_len=4096}], msg_iovlen=1, msg_controllen=0, msg_flags=0}, MSG_DONTWAIT) = 4096
30144 1783914025.428718 recvmsg(104, {msg_name=NULL, msg_namelen=0, msg_iov=[{iov_base="\10\0\0\0\0\0\0\0\10\0\0\0\0\0\0\0\30\0\0\0\0\0\0\0\20\0\0\0\0\0\0\0"..., iov_len=2339480}], msg_iovlen=1, msg_controllen=0, msg_flags=0}, MSG_DONTWAIT) = 251264
30144 1783914025.429050 recvmsg(104, {msg_name=NULL, msg_namelen=0, msg_iov=[{iov_base="\34\0\0\0\5\0\0\0,\0\0\0002\0\0\0<\0\0\0003\0\0\0\1\0\0\0\0\0\0\0"..., iov_len=4096}], msg_iovlen=1, msg_controllen=0, msg_flags=0}, MSG_DONTWAIT) = 4096
30144 1783914025.429209 recvmsg(104, {msg_name=NULL, msg_namelen=0, msg_iov=[{iov_base="div\0\0\0\0\0@\0\0\08\0\0\0-mt-3 h-0 flex m"..., iov_len=2084120}], msg_iovlen=1, msg_controllen=0, msg_flags=0}, MSG_DONTWAIT) = 251264
30144 1783914025.429535 recvmsg(104, {msg_name=NULL, msg_namelen=0, msg_iov=[{iov_base="\30\0\0\0\0\0\0\0\f\0\0\0\1\0\0\0\21\0\0\0\0\0\0\0\t\0\0\0\1\0\0\0"..., iov_len=4096}], msg_iovlen=1, msg_controllen=0, msg_flags=0}, MSG_DONTWAIT) = 4096
30144 1783914025.429691 recvmsg(104, {msg_name=NULL, msg_namelen=0, msg_iov=[{iov_base="Solidarit\303\251 Palestine Paris\0\0\0\0\0"..., iov_len=1828760}], msg_iovlen=1, msg_controllen=0, msg_flags=0}, MSG_DONTWAIT) = 251264
30144 1783914025.430021 recvmsg(104, {msg_name=NULL, msg_namelen=0, msg_iov=[{iov_base="\240\1\0\0\0\0\0\0\240\1\0\0\0\0\0\0\30\0\0\0\0\0\0\0\20\0\0\0\0\0\0\0"..., iov_len=4096}], msg_iovlen=1, msg_controllen=0, msg_flags=0}, MSG_DONTWAIT) = 4096
30144 1783914025.430177 recvmsg(104, {msg_name=NULL, msg_namelen=0, msg_iov=[{iov_base="\30\v\0\0Y\0\0\0\0\0\0\0\0\0\0\0\0\0\0\0\0\0\0\0H\0\0\0\0\0\0\0"..., iov_len=1573400}], msg_iovlen=1, msg_controllen=0, msg_flags=0}, MSG_DONTWAIT) = 251264
30144 1783914025.430504 recvmsg(104, {msg_name=NULL, msg_namelen=0, msg_iov=[{iov_base="\0 \265A\0\0,B\20\0\0\0\0\0\0\0\0\0\0\0\0\0\0\0h\0\0\0\0\0\0\0"..., iov_len=4096}], msg_iovlen=1, msg_controllen=0, msg_flags=0}, MSG_DONTWAIT) = 4096
30144 1783914025.430660 recvmsg(104, {msg_name=NULL, msg_namelen=0, msg_iov=[{iov_base="\0\0\0\0\0\0\0\0\0\0\0\0\0\0\0\0H\0\0\0\0\0\0\0\370\0\0\0\0\0\0\0"..., iov_len=1318040}], msg_iovlen=1, msg_controllen=0, msg_flags=0}, MSG_DONTWAIT) = 251264
30144 1783914025.430986 recvmsg(104, {msg_name=NULL, msg_namelen=0, msg_iov=[{iov_base="\20\0\0\0\2\0\0\0\5\0\0\0\6\0\0\0\20\0\0\0\2\0\0\0\0\0(B\0\0\310C"..., iov_len=4096}], msg_iovlen=1, msg_controllen=0, msg_flags=0}, MSG_DONTWAIT) = 4096
30144 1783914025.431142 recvmsg(104, {msg_name=NULL, msg_namelen=0, msg_iov=[{iov_base="\30\0\0\0\0\0\0\0\f\0\0\0\1\0\0\0,\0\0\0\0\0\0\0\f\0\0\0\1\0\0\0"..., iov_len=1062680}], msg_iovlen=1, msg_controllen=0, msg_flags=0}, MSG_DONTWAIT) = 251264
30144 1783914025.431475 recvmsg(104, {msg_name=NULL, msg_namelen=0, msg_iov=[{iov_base="\20\0\0\0\0\0\0\0\20\0\0\0\0\0\0\0\10\0\0\0\0\0\0\0\10\0\0\0\0\0\0\0"..., iov_len=4096}], msg_iovlen=1, msg_controllen=0, msg_flags=0}, MSG_DONTWAIT) = 4096
30144 1783914025.431629 recvmsg(104, {msg_name=NULL, msg_namelen=0, msg_iov=[{iov_base="\4\0\0\0\0\0\0\0\30\0\0\0\0\0\0\0\20\0\0\0\0\0\0\0\30\0\0\0\0\0\0\0"..., iov_len=807320}], msg_iovlen=1, msg_controllen=0, msg_flags=0}, MSG_DONTWAIT) = 251264
30144 1783914025.431959 recvmsg(104, {msg_name=NULL, msg_namelen=0, msg_iov=[{iov_base="h\1\0\0\0\0\0\0\210\1\0\0\0\0\0\0\250\1\0\0\0\0\0\0\310\1\0\0\0\0\0\0"..., iov_len=4096}], msg_iovlen=1, msg_controllen=0, msg_flags=0}, MSG_DONTWAIT) = 4096
30144 1783914025.432108 recvmsg(104, {msg_name=NULL, msg_namelen=0, msg_iov=[{iov_base="\376\21\0\0\377\21\0\0 \0\0\0\0\0\0\0\374\21\0\0\0\0\0\0\20\0\0\0\0\0\0\0"..., iov_len=551960}], msg_iovlen=1, msg_controllen=0, msg_flags=0}, MSG_DONTWAIT) = 251264
30144 1783914025.432430 recvmsg(104, {msg_name=NULL, msg_namelen=0, msg_iov=[{iov_base="8-45c9-ad8c-5b27d3baf715\\\0\0\0T\0\0\0"..., iov_len=4096}], msg_iovlen=1, msg_controllen=0, msg_flags=0}, MSG_DONTWAIT) = 4096
30144 1783914025.432584 recvmsg(104, {msg_name=NULL, msg_namelen=0, msg_iov=[{iov_base="8\0\0\0\0\0\0\0@\0\0\0\0\0\0\0\f\0\0\0\4\0\0\0time\0\0\0\0"..., iov_len=296600}], msg_iovlen=1, msg_controllen=0, msg_flags=0}, MSG_DONTWAIT) = 251264
30144 1783914025.432968 recvmsg(104, {msg_name=NULL, msg_namelen=0, msg_iov=[{iov_base="\20\0\0\0\0\0\0\0\20\0\0\0\0\0\0\0\10\0\0\0\0\0\0\0\10\0\0\0\0\0\0\0"..., iov_len=4096}], msg_iovlen=1, msg_controllen=0, msg_flags=0}, MSG_DONTWAIT) = 4096
30144 1783914025.433122 recvmsg(104, {msg_name=NULL, msg_namelen=0, msg_iov=[{iov_base="\f\0\0\0\1\0\0\0,\0\0\0\0\0\0\0\f\0\0\0\1\0\0\0n7<\377\0\0\0\0"..., iov_len=41240}], msg_iovlen=1, msg_controllen=0, msg_flags=0}, MSG_DONTWAIT) = 41240
30144 1783914025.509040 sendto(104, "h\0\0\0\0\0\0\0\5\0\0\0\0\0\0\0\0\0\0\0\0\0\0\0\35~\302,\376`h\251"..., 104, MSG_NOSIGNAL, NULL, 0) = 104
30144 1783914025.672079 recvmsg(104, {msg_name=NULL, msg_namelen=0, msg_iov=[{iov_base="\200H\6\0\0\0\0\0\5\0\0\0\0\0\0\0\0\0\0\0\0\0\0\0A\"\325\7+\373\275\226"..., iov_len=4096}], msg_iovlen=1, msg_controllen=0, msg_flags=0}, MSG_DONTWAIT) = 4096
30144 1783914025.672474 recvmsg(104, {msg_name=NULL, msg_namelen=0, msg_iov=[{iov_base="\r\0\0\0\5\0\0\0#main\0\0\0\f\0\0\0\1\0\0\0\r\0\0\0\0\0\0\0"..., iov_len=407680}], msg_iovlen=1, msg_controllen=0, msg_flags=0}, MSG_DONTWAIT) = 251264
30144 1783914025.672913 recvmsg(104, {msg_name=NULL, msg_namelen=0, msg_iov=[{iov_base="Sat 18 JUL 2026 7:00 PM TREMPLIN"..., iov_len=4096}], msg_iovlen=1, msg_controllen=0, msg_flags=0}, MSG_DONTWAIT) = 4096
30144 1783914025.673098 recvmsg(104, {msg_name=NULL, msg_namelen=0, msg_iov=[{iov_base="\20\0\0\0\0\0\0\0\10\0\0\0\0\0\0\0\10\0\0\0\0\0\0\0\30\0\0\0\0\0\0\0"..., iov_len=152320}], msg_iovlen=1, msg_controllen=0, msg_flags=0}, MSG_DONTWAIT) = 152320
30144 1783914025.679922 sendto(104, "h\0\0\0\0\0\0\0\5\0\0\0\0\0\0\0\0\0\0\0\0\0\0\0\35~\302,\376`h\251"..., 104, MSG_NOSIGNAL, NULL, 0) = 104
30144 1783914025.908864 recvmsg(104, {msg_name=NULL, msg_namelen=0, msg_iov=[{iov_base="\300\0\0\0\0\0\0\0\5\0\0\0\0\0\0\0\0\0\0\0\0\0\0\0\343bh}\250i(\222"..., iov_len=4096}], msg_iovlen=1, msg_controllen=0, msg_flags=0}, MSG_DONTWAIT) = 584
30144 1783914026.372364 recvmsg(104, {msg_name=NULL, msg_namelen=0, msg_iov=[{iov_base="\270\4\0\0\0\0\0\0\5\0\0\0\0\0\0\0\0\0\0\0\0\0\0\0A\"\325\7+\373\275\226"..., iov_len=4096}], msg_iovlen=1, msg_controllen=0, msg_flags=0}, MSG_DONTWAIT) = 1208
30097 1783914026.388820 exit(0)         = ?
30097 1783914026.389330 +++ exited with 0 +++
30095 1783914026.389355 exit(0)         = ?
30096 1783914026.389712 exit(0 <unfinished ...>
30095 1783914026.389750 +++ exited with 0 +++
30096 1783914026.389792 <... exit resumed>) = ?
30093 1783914026.389928 exit(0 <unfinished ...>
30096 1783914026.390113 +++ exited with 0 +++
30093 1783914026.390119 <... exit resumed>) = ?
30093 1783914026.390277 +++ exited with 0 +++
30108 1783914026.392915 newfstatat(AT_FDCWD, "/data", {st_mode=S_IFDIR|0771, st_size=4096, ...}, AT_SYMLINK_NOFOLLOW) = 0
30108 1783914026.393347 newfstatat(AT_FDCWD, "/data/app", {st_mode=S_IFDIR|0771, st_size=4096, ...}, AT_SYMLINK_NOFOLLOW) = 0
30108 1783914026.393746 newfstatat(AT_FDCWD, "/data/app/app.fedilab.mobilizon-kftrbPUoEOTJhGdw57lzHw==", {st_mode=S_IFDIR|0775, st_size=4096, ...}, AT_SYMLINK_NOFOLLOW) = 0
30108 1783914026.394061 newfstatat(AT_FDCWD, "/data/app/app.fedilab.mobilizon-kftrbPUoEOTJhGdw57lzHw==/base.apk", {st_mode=S_IFREG|0644, st_size=3037446, ...}, AT_SYMLINK_NOFOLLOW) = 0
30108 1783914026.394387 getcwd("/", 4096) = 2
30108 1783914026.394716 newfstatat(AT_FDCWD, "/base.apk", 0x7d86e50690, AT_SYMLINK_NOFOLLOW) = -1 ENOENT (No such file or directory)
30144 1783914027.983189 recvmsg(104, {msg_name=NULL, msg_namelen=0, msg_iov=[{iov_base="(\17\0\0\0\0\0\0\5\0\0\0\0\0\0\0\0\0\0\0\0\0\0\0\343bh}\250i(\222"..., iov_len=4096}], msg_iovlen=1, msg_controllen=0, msg_flags=0}, MSG_DONTWAIT) = 3880
30144 1783914029.079627 recvmsg(104, {msg_name=NULL, msg_namelen=0, msg_iov=[{iov_base="\370\2\0\0\0\0\0\0\5\0\0\0\0\0\0\0\0\0\0\0\0\0\0\0\343bh}\250i(\222"..., iov_len=4096}], msg_iovlen=1, msg_controllen=0, msg_flags=0}, MSG_DONTWAIT) = 760
30142 1783914031.459172 openat(AT_FDCWD, "/data/user/0/app.fedilab.mobilizon/app_webview/BrowserMetrics-spare.pma.tmp", O_RDWR|O_CREAT|O_TRUNC, 0600) = 137
30150 1783914031.461610 openat(AT_FDCWD, "/data/user/0/app.fedilab.mobilizon/app_webview/.com.google.Chrome.KsRq1K", O_RDWR|O_CREAT|O_EXCL, 0600) = 168
30150 1783914031.464741 renameat(AT_FDCWD, "/data/user/0/app.fedilab.mobilizon/app_webview/.com.google.Chrome.KsRq1K", AT_FDCWD, "/data/user/0/app.fedilab.mobilizon/app_webview/pref_store") = 0
30142 1783914031.780467 renameat(AT_FDCWD, "/data/user/0/app.fedilab.mobilizon/app_webview/BrowserMetrics-spare.pma.tmp", AT_FDCWD, "/data/user/0/app.fedilab.mobilizon/app_webview/BrowserMetrics-spare.pma") = 0
30144 1783914031.874794 recvmsg(104, {msg_name=NULL, msg_namelen=0, msg_iov=[{iov_base="h\2\0\0\0\0\0\0\5\0\0\0\0\0\0\0\0\0\0\0\0\0\0\0A\"\325\7+\373\275\226"..., iov_len=4096}], msg_iovlen=1, msg_controllen=0, msg_flags=0}, MSG_DONTWAIT) = 616
30197 1783914036.230361 sendmsg(177, {msg_name=NULL, msg_namelen=0, msg_iov=[{iov_base="l\1\1\1\374\0\0\0Y\0\0\0\235\0\0\0\1\1o\0;\0\0\0/re/frid"..., iov_len=428}], msg_iovlen=1, msg_controllen=0, msg_flags=0}, MSG_NOSIGNAL) = 428
30197 1783914036.600361 sendmsg(177, {msg_name=NULL, msg_namelen=0, msg_iov=[{iov_base="l\1\1\1\374\0\0\0Z\0\0\0\235\0\0\0\1\1o\0;\0\0\0/re/frid"..., iov_len=428}], msg_iovlen=1, msg_controllen=0, msg_flags=0}, MSG_NOSIGNAL) = 428
30197 1783914036.609717 sendmsg(177, {msg_name=NULL, msg_namelen=0, msg_iov=[{iov_base="l\1\1\1\374\0\0\0[\0\0\0\235\0\0\0\1\1o\0;\0\0\0/re/frid"..., iov_len=428}], msg_iovlen=1, msg_controllen=0, msg_flags=0}, MSG_NOSIGNAL) = 428
30197 1783914037.262300 sendmsg(177, {msg_name=NULL, msg_namelen=0, msg_iov=[{iov_base="l\1\1\1\374\0\0\0\\\0\0\0\235\0\0\0\1\1o\0;\0\0\0/re/frid"..., iov_len=428}], msg_iovlen=1, msg_controllen=0, msg_flags=0}, MSG_NOSIGNAL) = 428
30197 1783914037.276465 sendmsg(177, {msg_name=NULL, msg_namelen=0, msg_iov=[{iov_base="l\1\1\1\374\0\0\0]\0\0\0\235\0\0\0\1\1o\0;\0\0\0/re/frid"..., iov_len=428}], msg_iovlen=1, msg_controllen=0, msg_flags=0}, MSG_NOSIGNAL) = 428
30197 1783914037.290380 sendmsg(177, {msg_name=NULL, msg_namelen=0, msg_iov=[{iov_base="l\1\1\1\374\0\0\0^\0\0\0\235\0\0\0\1\1o\0;\0\0\0/re/frid"..., iov_len=428}], msg_iovlen=1, msg_controllen=0, msg_flags=0}, MSG_NOSIGNAL) = 428
30197 1783914037.300453 sendmsg(177, {msg_name=NULL, msg_namelen=0, msg_iov=[{iov_base="l\1\1\1\374\0\0\0_\0\0\0\235\0\0\0\1\1o\0;\0\0\0/re/frid"..., iov_len=428}], msg_iovlen=1, msg_controllen=0, msg_flags=0}, MSG_NOSIGNAL) = 428
30197 1783914037.310298 sendmsg(177, {msg_name=NULL, msg_namelen=0, msg_iov=[{iov_base="l\1\1\1\374\0\0\0`\0\0\0\235\0\0\0\1\1o\0;\0\0\0/re/frid"..., iov_len=428}], msg_iovlen=1, msg_controllen=0, msg_flags=0}, MSG_NOSIGNAL) = 428
30197 1783914037.319029 sendmsg(177, {msg_name=NULL, msg_namelen=0, msg_iov=[{iov_base="l\1\1\1\374\0\0\0a\0\0\0\235\0\0\0\1\1o\0;\0\0\0/re/frid"..., iov_len=428}], msg_iovlen=1, msg_controllen=0, msg_flags=0}, MSG_NOSIGNAL) = 428
30197 1783914037.327485 sendmsg(177, {msg_name=NULL, msg_namelen=0, msg_iov=[{iov_base="l\1\1\1\374\0\0\0b\0\0\0\235\0\0\0\1\1o\0;\0\0\0/re/frid"..., iov_len=428}], msg_iovlen=1, msg_controllen=0, msg_flags=0}, MSG_NOSIGNAL) = 428
30197 1783914037.338162 sendmsg(177, {msg_name=NULL, msg_namelen=0, msg_iov=[{iov_base="l\1\1\1\374\0\0\0c\0\0\0\235\0\0\0\1\1o\0;\0\0\0/re/frid"..., iov_len=428}], msg_iovlen=1, msg_controllen=0, msg_flags=0}, MSG_NOSIGNAL) = 428
30197 1783914037.345338 sendmsg(177, {msg_name=NULL, msg_namelen=0, msg_iov=[{iov_base="l\1\1\1\374\0\0\0d\0\0\0\235\0\0\0\1\1o\0;\0\0\0/re/frid"..., iov_len=428}], msg_iovlen=1, msg_controllen=0, msg_flags=0}, MSG_NOSIGNAL) = 428
30197 1783914037.355714 sendmsg(177, {msg_name=NULL, msg_namelen=0, msg_iov=[{iov_base="l\1\1\1\374\0\0\0e\0\0\0\235\0\0\0\1\1o\0;\0\0\0/re/frid"..., iov_len=428}], msg_iovlen=1, msg_controllen=0, msg_flags=0}, MSG_NOSIGNAL) = 428
30197 1783914037.363444 sendmsg(177, {msg_name=NULL, msg_namelen=0, msg_iov=[{iov_base="l\1\1\1\374\0\0\0f\0\0\0\235\0\0\0\1\1o\0;\0\0\0/re/frid"..., iov_len=428}], msg_iovlen=1, msg_controllen=0, msg_flags=0}, MSG_NOSIGNAL) = 428
30197 1783914037.372635 sendmsg(177, {msg_name=NULL, msg_namelen=0, msg_iov=[{iov_base="l\1\1\1\374\0\0\0g\0\0\0\235\0\0\0\1\1o\0;\0\0\0/re/frid"..., iov_len=428}], msg_iovlen=1, msg_controllen=0, msg_flags=0}, MSG_NOSIGNAL) = 428
30197 1783914037.380893 sendmsg(177, {msg_name=NULL, msg_namelen=0, msg_iov=[{iov_base="l\1\1\1\374\0\0\0h\0\0\0\235\0\0\0\1\1o\0;\0\0\0/re/frid"..., iov_len=428}], msg_iovlen=1, msg_controllen=0, msg_flags=0}, MSG_NOSIGNAL) = 428
30197 1783914037.388617 sendmsg(177, {msg_name=NULL, msg_namelen=0, msg_iov=[{iov_base="l\1\1\1\374\0\0\0i\0\0\0\235\0\0\0\1\1o\0;\0\0\0/re/frid"..., iov_len=428}], msg_iovlen=1, msg_controllen=0, msg_flags=0}, MSG_NOSIGNAL) = 428
30197 1783914037.396929 sendmsg(177, {msg_name=NULL, msg_namelen=0, msg_iov=[{iov_base="l\1\1\1\374\0\0\0j\0\0\0\235\0\0\0\1\1o\0;\0\0\0/re/frid"..., iov_len=428}], msg_iovlen=1, msg_controllen=0, msg_flags=0}, MSG_NOSIGNAL) = 428
30197 1783914037.404803 sendmsg(177, {msg_name=NULL, msg_namelen=0, msg_iov=[{iov_base="l\1\1\1\374\0\0\0k\0\0\0\235\0\0\0\1\1o\0;\0\0\0/re/frid"..., iov_len=428}], msg_iovlen=1, msg_controllen=0, msg_flags=0}, MSG_NOSIGNAL) = 428
30197 1783914037.410355 sendmsg(177, {msg_name=NULL, msg_namelen=0, msg_iov=[{iov_base="l\1\1\1\374\0\0\0l\0\0\0\235\0\0\0\1\1o\0;\0\0\0/re/frid"..., iov_len=428}], msg_iovlen=1, msg_controllen=0, msg_flags=0}, MSG_NOSIGNAL) = 428
30197 1783914037.416703 sendmsg(177, {msg_name=NULL, msg_namelen=0, msg_iov=[{iov_base="l\1\1\1\374\0\0\0m\0\0\0\235\0\0\0\1\1o\0;\0\0\0/re/frid"..., iov_len=428}], msg_iovlen=1, msg_controllen=0, msg_flags=0}, MSG_NOSIGNAL) = 428
30197 1783914037.423094 sendmsg(177, {msg_name=NULL, msg_namelen=0, msg_iov=[{iov_base="l\1\1\1\374\0\0\0n\0\0\0\235\0\0\0\1\1o\0;\0\0\0/re/frid"..., iov_len=428}], msg_iovlen=1, msg_controllen=0, msg_flags=0}, MSG_NOSIGNAL) = 428
30197 1783914037.430397 sendmsg(177, {msg_name=NULL, msg_namelen=0, msg_iov=[{iov_base="l\1\1\1\374\0\0\0o\0\0\0\235\0\0\0\1\1o\0;\0\0\0/re/frid"..., iov_len=428}], msg_iovlen=1, msg_controllen=0, msg_flags=0}, MSG_NOSIGNAL) = 428
30197 1783914037.436492 sendmsg(177, {msg_name=NULL, msg_namelen=0, msg_iov=[{iov_base="l\1\1\1\374\0\0\0p\0\0\0\235\0\0\0\1\1o\0;\0\0\0/re/frid"..., iov_len=428}], msg_iovlen=1, msg_controllen=0, msg_flags=0}, MSG_NOSIGNAL) = 428
30197 1783914037.442667 sendmsg(177, {msg_name=NULL, msg_namelen=0, msg_iov=[{iov_base="l\1\1\1\374\0\0\0q\0\0\0\235\0\0\0\1\1o\0;\0\0\0/re/frid"..., iov_len=428}], msg_iovlen=1, msg_controllen=0, msg_flags=0}, MSG_NOSIGNAL) = 428
30197 1783914037.450767 sendmsg(177, {msg_name=NULL, msg_namelen=0, msg_iov=[{iov_base="l\1\1\1\374\0\0\0r\0\0\0\235\0\0\0\1\1o\0;\0\0\0/re/frid"..., iov_len=428}], msg_iovlen=1, msg_controllen=0, msg_flags=0}, MSG_NOSIGNAL) = 428
30197 1783914037.456961 sendmsg(177, {msg_name=NULL, msg_namelen=0, msg_iov=[{iov_base="l\1\1\1\374\0\0\0s\0\0\0\235\0\0\0\1\1o\0;\0\0\0/re/frid"..., iov_len=428}], msg_iovlen=1, msg_controllen=0, msg_flags=0}, MSG_NOSIGNAL) = 428
30197 1783914037.464097 sendmsg(177, {msg_name=NULL, msg_namelen=0, msg_iov=[{iov_base="l\1\1\1\374\0\0\0t\0\0\0\235\0\0\0\1\1o\0;\0\0\0/re/frid"..., iov_len=428}], msg_iovlen=1, msg_controllen=0, msg_flags=0}, MSG_NOSIGNAL) = 428
30197 1783914037.470883 sendmsg(177, {msg_name=NULL, msg_namelen=0, msg_iov=[{iov_base="l\1\1\1\374\0\0\0u\0\0\0\235\0\0\0\1\1o\0;\0\0\0/re/frid"..., iov_len=428}], msg_iovlen=1, msg_controllen=0, msg_flags=0}, MSG_NOSIGNAL) = 428
30197 1783914037.477390 sendmsg(177, {msg_name=NULL, msg_namelen=0, msg_iov=[{iov_base="l\1\1\1\374\0\0\0v\0\0\0\235\0\0\0\1\1o\0;\0\0\0/re/frid"..., iov_len=428}], msg_iovlen=1, msg_controllen=0, msg_flags=0}, MSG_NOSIGNAL) = 428
30197 1783914037.483951 sendmsg(177, {msg_name=NULL, msg_namelen=0, msg_iov=[{iov_base="l\1\1\1\374\0\0\0w\0\0\0\235\0\0\0\1\1o\0;\0\0\0/re/frid"..., iov_len=428}], msg_iovlen=1, msg_controllen=0, msg_flags=0}, MSG_NOSIGNAL) = 428
30197 1783914037.490474 sendmsg(177, {msg_name=NULL, msg_namelen=0, msg_iov=[{iov_base="l\1\1\1\374\0\0\0x\0\0\0\235\0\0\0\1\1o\0;\0\0\0/re/frid"..., iov_len=428}], msg_iovlen=1, msg_controllen=0, msg_flags=0}, MSG_NOSIGNAL) = 428
30197 1783914037.497080 sendmsg(177, {msg_name=NULL, msg_namelen=0, msg_iov=[{iov_base="l\1\1\1\374\0\0\0y\0\0\0\235\0\0\0\1\1o\0;\0\0\0/re/frid"..., iov_len=428}], msg_iovlen=1, msg_controllen=0, msg_flags=0}, MSG_NOSIGNAL) = 428
30197 1783914037.505903 sendmsg(177, {msg_name=NULL, msg_namelen=0, msg_iov=[{iov_base="l\1\1\1\374\0\0\0z\0\0\0\235\0\0\0\1\1o\0;\0\0\0/re/frid"..., iov_len=428}], msg_iovlen=1, msg_controllen=0, msg_flags=0}, MSG_NOSIGNAL) = 428
30197 1783914037.512058 sendmsg(177, {msg_name=NULL, msg_namelen=0, msg_iov=[{iov_base="l\1\1\1\374\0\0\0{\0\0\0\235\0\0\0\1\1o\0;\0\0\0/re/frid"..., iov_len=428}], msg_iovlen=1, msg_controllen=0, msg_flags=0}, MSG_NOSIGNAL) = 428
30197 1783914037.518852 sendmsg(177, {msg_name=NULL, msg_namelen=0, msg_iov=[{iov_base="l\1\1\1\374\0\0\0|\0\0\0\235\0\0\0\1\1o\0;\0\0\0/re/frid"..., iov_len=428}], msg_iovlen=1, msg_controllen=0, msg_flags=0}, MSG_NOSIGNAL) = 428
30197 1783914037.525113 sendmsg(177, {msg_name=NULL, msg_namelen=0, msg_iov=[{iov_base="l\1\1\1\374\0\0\0}\0\0\0\235\0\0\0\1\1o\0;\0\0\0/re/frid"..., iov_len=428}], msg_iovlen=1, msg_controllen=0, msg_flags=0}, MSG_NOSIGNAL) = 428
30197 1783914037.531598 sendmsg(177, {msg_name=NULL, msg_namelen=0, msg_iov=[{iov_base="l\1\1\1\374\0\0\0~\0\0\0\235\0\0\0\1\1o\0;\0\0\0/re/frid"..., iov_len=428}], msg_iovlen=1, msg_controllen=0, msg_flags=0}, MSG_NOSIGNAL) = 428
30197 1783914037.538596 sendmsg(177, {msg_name=NULL, msg_namelen=0, msg_iov=[{iov_base="l\1\1\1\374\0\0\0\177\0\0\0\235\0\0\0\1\1o\0;\0\0\0/re/frid"..., iov_len=428}], msg_iovlen=1, msg_controllen=0, msg_flags=0}, MSG_NOSIGNAL) = 428
30197 1783914037.546210 sendmsg(177, {msg_name=NULL, msg_namelen=0, msg_iov=[{iov_base="l\1\1\1\374\0\0\0\200\0\0\0\235\0\0\0\1\1o\0;\0\0\0/re/frid"..., iov_len=428}], msg_iovlen=1, msg_controllen=0, msg_flags=0}, MSG_NOSIGNAL) = 428
30197 1783914037.552278 sendmsg(177, {msg_name=NULL, msg_namelen=0, msg_iov=[{iov_base="l\1\1\1\374\0\0\0\201\0\0\0\235\0\0\0\1\1o\0;\0\0\0/re/frid"..., iov_len=428}], msg_iovlen=1, msg_controllen=0, msg_flags=0}, MSG_NOSIGNAL) = 428
30197 1783914037.559301 sendmsg(177, {msg_name=NULL, msg_namelen=0, msg_iov=[{iov_base="l\1\1\1\374\0\0\0\202\0\0\0\235\0\0\0\1\1o\0;\0\0\0/re/frid"..., iov_len=428}], msg_iovlen=1, msg_controllen=0, msg_flags=0}, MSG_NOSIGNAL) = 428
30197 1783914037.565887 sendmsg(177, {msg_name=NULL, msg_namelen=0, msg_iov=[{iov_base="l\1\1\1\374\0\0\0\203\0\0\0\235\0\0\0\1\1o\0;\0\0\0/re/frid"..., iov_len=428}], msg_iovlen=1, msg_controllen=0, msg_flags=0}, MSG_NOSIGNAL) = 428
30197 1783914037.572035 sendmsg(177, {msg_name=NULL, msg_namelen=0, msg_iov=[{iov_base="l\1\1\1\374\0\0\0\204\0\0\0\235\0\0\0\1\1o\0;\0\0\0/re/frid"..., iov_len=428}], msg_iovlen=1, msg_controllen=0, msg_flags=0}, MSG_NOSIGNAL) = 428
30197 1783914037.578268 sendmsg(177, {msg_name=NULL, msg_namelen=0, msg_iov=[{iov_base="l\1\1\1\374\0\0\0\205\0\0\0\235\0\0\0\1\1o\0;\0\0\0/re/frid"..., iov_len=428}], msg_iovlen=1, msg_controllen=0, msg_flags=0}, MSG_NOSIGNAL) = 428
30197 1783914037.585782 sendmsg(177, {msg_name=NULL, msg_namelen=0, msg_iov=[{iov_base="l\1\1\1\374\0\0\0\206\0\0\0\235\0\0\0\1\1o\0;\0\0\0/re/frid"..., iov_len=428}], msg_iovlen=1, msg_controllen=0, msg_flags=0}, MSG_NOSIGNAL) = 428
30197 1783914037.592366 sendmsg(177, {msg_name=NULL, msg_namelen=0, msg_iov=[{iov_base="l\1\1\1\374\0\0\0\207\0\0\0\235\0\0\0\1\1o\0;\0\0\0/re/frid"..., iov_len=428}], msg_iovlen=1, msg_controllen=0, msg_flags=0}, MSG_NOSIGNAL) = 428
30197 1783914037.597845 sendmsg(177, {msg_name=NULL, msg_namelen=0, msg_iov=[{iov_base="l\1\1\1\374\0\0\0\210\0\0\0\235\0\0\0\1\1o\0;\0\0\0/re/frid"..., iov_len=428}], msg_iovlen=1, msg_controllen=0, msg_flags=0}, MSG_NOSIGNAL) = 428
30197 1783914037.604689 sendmsg(177, {msg_name=NULL, msg_namelen=0, msg_iov=[{iov_base="l\1\1\1\374\0\0\0\211\0\0\0\235\0\0\0\1\1o\0;\0\0\0/re/frid"..., iov_len=428}], msg_iovlen=1, msg_controllen=0, msg_flags=0}, MSG_NOSIGNAL) = 428
30197 1783914037.615239 sendmsg(177, {msg_name=NULL, msg_namelen=0, msg_iov=[{iov_base="l\1\1\1\374\0\0\0\212\0\0\0\235\0\0\0\1\1o\0;\0\0\0/re/frid"..., iov_len=428}], msg_iovlen=1, msg_controllen=0, msg_flags=0}, MSG_NOSIGNAL) = 428
30197 1783914037.621737 sendmsg(177, {msg_name=NULL, msg_namelen=0, msg_iov=[{iov_base="l\1\1\1\374\0\0\0\213\0\0\0\235\0\0\0\1\1o\0;\0\0\0/re/frid"..., iov_len=428}], msg_iovlen=1, msg_controllen=0, msg_flags=0}, MSG_NOSIGNAL) = 428
30197 1783914037.628214 sendmsg(177, {msg_name=NULL, msg_namelen=0, msg_iov=[{iov_base="l\1\1\1\374\0\0\0\214\0\0\0\235\0\0\0\1\1o\0;\0\0\0/re/frid"..., iov_len=428}], msg_iovlen=1, msg_controllen=0, msg_flags=0}, MSG_NOSIGNAL) = 428
30197 1783914037.635940 sendmsg(177, {msg_name=NULL, msg_namelen=0, msg_iov=[{iov_base="l\1\1\1\374\0\0\0\215\0\0\0\235\0\0\0\1\1o\0;\0\0\0/re/frid"..., iov_len=428}], msg_iovlen=1, msg_controllen=0, msg_flags=0}, MSG_NOSIGNAL) = 428
30197 1783914037.641416 sendmsg(177, {msg_name=NULL, msg_namelen=0, msg_iov=[{iov_base="l\1\1\1\374\0\0\0\216\0\0\0\235\0\0\0\1\1o\0;\0\0\0/re/frid"..., iov_len=428}], msg_iovlen=1, msg_controllen=0, msg_flags=0}, MSG_NOSIGNAL) = 428
30197 1783914037.647738 sendmsg(177, {msg_name=NULL, msg_namelen=0, msg_iov=[{iov_base="l\1\1\1\374\0\0\0\217\0\0\0\235\0\0\0\1\1o\0;\0\0\0/re/frid"..., iov_len=428}], msg_iovlen=1, msg_controllen=0, msg_flags=0}, MSG_NOSIGNAL) = 428
30197 1783914037.655112 sendmsg(177, {msg_name=NULL, msg_namelen=0, msg_iov=[{iov_base="l\1\1\1\374\0\0\0\220\0\0\0\235\0\0\0\1\1o\0;\0\0\0/re/frid"..., iov_len=428}], msg_iovlen=1, msg_controllen=0, msg_flags=0}, MSG_NOSIGNAL) = 428
30197 1783914037.661850 sendmsg(177, {msg_name=NULL, msg_namelen=0, msg_iov=[{iov_base="l\1\1\1\374\0\0\0\221\0\0\0\235\0\0\0\1\1o\0;\0\0\0/re/frid"..., iov_len=428}], msg_iovlen=1, msg_controllen=0, msg_flags=0}, MSG_NOSIGNAL) = 428
30197 1783914037.669067 sendmsg(177, {msg_name=NULL, msg_namelen=0, msg_iov=[{iov_base="l\1\1\1\374\0\0\0\222\0\0\0\235\0\0\0\1\1o\0;\0\0\0/re/frid"..., iov_len=428}], msg_iovlen=1, msg_controllen=0, msg_flags=0}, MSG_NOSIGNAL) = 428
30197 1783914037.677733 sendmsg(177, {msg_name=NULL, msg_namelen=0, msg_iov=[{iov_base="l\1\1\1\374\0\0\0\223\0\0\0\235\0\0\0\1\1o\0;\0\0\0/re/frid"..., iov_len=428}], msg_iovlen=1, msg_controllen=0, msg_flags=0}, MSG_NOSIGNAL) = 428
30197 1783914037.684222 sendmsg(177, {msg_name=NULL, msg_namelen=0, msg_iov=[{iov_base="l\1\1\1\374\0\0\0\224\0\0\0\235\0\0\0\1\1o\0;\0\0\0/re/frid"..., iov_len=428}], msg_iovlen=1, msg_controllen=0, msg_flags=0}, MSG_NOSIGNAL) = 428
30197 1783914037.690849 sendmsg(177, {msg_name=NULL, msg_namelen=0, msg_iov=[{iov_base="l\1\1\1\374\0\0\0\225\0\0\0\235\0\0\0\1\1o\0;\0\0\0/re/frid"..., iov_len=428}], msg_iovlen=1, msg_controllen=0, msg_flags=0}, MSG_NOSIGNAL) = 428
30197 1783914037.697222 sendmsg(177, {msg_name=NULL, msg_namelen=0, msg_iov=[{iov_base="l\1\1\1\374\0\0\0\226\0\0\0\235\0\0\0\1\1o\0;\0\0\0/re/frid"..., iov_len=428}], msg_iovlen=1, msg_controllen=0, msg_flags=0}, MSG_NOSIGNAL) = 428
30197 1783914037.705515 sendmsg(177, {msg_name=NULL, msg_namelen=0, msg_iov=[{iov_base="l\1\1\1\374\0\0\0\227\0\0\0\235\0\0\0\1\1o\0;\0\0\0/re/frid"..., iov_len=428}], msg_iovlen=1, msg_controllen=0, msg_flags=0}, MSG_NOSIGNAL) = 428
30197 1783914037.713975 sendmsg(177, {msg_name=NULL, msg_namelen=0, msg_iov=[{iov_base="l\1\1\1\374\0\0\0\230\0\0\0\235\0\0\0\1\1o\0;\0\0\0/re/frid"..., iov_len=428}], msg_iovlen=1, msg_controllen=0, msg_flags=0}, MSG_NOSIGNAL) = 428
30197 1783914037.720486 sendmsg(177, {msg_name=NULL, msg_namelen=0, msg_iov=[{iov_base="l\1\1\1\374\0\0\0\231\0\0\0\235\0\0\0\1\1o\0;\0\0\0/re/frid"..., iov_len=428}], msg_iovlen=1, msg_controllen=0, msg_flags=0}, MSG_NOSIGNAL) = 428
30197 1783914037.726873 sendmsg(177, {msg_name=NULL, msg_namelen=0, msg_iov=[{iov_base="l\1\1\1\374\0\0\0\232\0\0\0\235\0\0\0\1\1o\0;\0\0\0/re/frid"..., iov_len=428}], msg_iovlen=1, msg_controllen=0, msg_flags=0}, MSG_NOSIGNAL) = 428
30197 1783914037.733113 sendmsg(177, {msg_name=NULL, msg_namelen=0, msg_iov=[{iov_base="l\1\1\1\374\0\0\0\233\0\0\0\235\0\0\0\1\1o\0;\0\0\0/re/frid"..., iov_len=428}], msg_iovlen=1, msg_controllen=0, msg_flags=0}, MSG_NOSIGNAL) = 428
30197 1783914037.743337 sendmsg(177, {msg_name=NULL, msg_namelen=0, msg_iov=[{iov_base="l\1\1\1\374\0\0\0\234\0\0\0\235\0\0\0\1\1o\0;\0\0\0/re/frid"..., iov_len=428}], msg_iovlen=1, msg_controllen=0, msg_flags=0}, MSG_NOSIGNAL) = 428
30197 1783914037.751474 sendmsg(177, {msg_name=NULL, msg_namelen=0, msg_iov=[{iov_base="l\1\1\1\374\0\0\0\235\0\0\0\235\0\0\0\1\1o\0;\0\0\0/re/frid"..., iov_len=428}], msg_iovlen=1, msg_controllen=0, msg_flags=0}, MSG_NOSIGNAL) = 428
30197 1783914037.759164 sendmsg(177, {msg_name=NULL, msg_namelen=0, msg_iov=[{iov_base="l\1\1\1\374\0\0\0\236\0\0\0\235\0\0\0\1\1o\0;\0\0\0/re/frid"..., iov_len=428}], msg_iovlen=1, msg_controllen=0, msg_flags=0}, MSG_NOSIGNAL) = 428
30197 1783914037.765586 sendmsg(177, {msg_name=NULL, msg_namelen=0, msg_iov=[{iov_base="l\1\1\1\374\0\0\0\237\0\0\0\235\0\0\0\1\1o\0;\0\0\0/re/frid"..., iov_len=428}], msg_iovlen=1, msg_controllen=0, msg_flags=0}, MSG_NOSIGNAL) = 428
30197 1783914037.772035 sendmsg(177, {msg_name=NULL, msg_namelen=0, msg_iov=[{iov_base="l\1\1\1\374\0\0\0\240\0\0\0\235\0\0\0\1\1o\0;\0\0\0/re/frid"..., iov_len=428}], msg_iovlen=1, msg_controllen=0, msg_flags=0}, MSG_NOSIGNAL) = 428
30197 1783914037.788678 sendmsg(177, {msg_name=NULL, msg_namelen=0, msg_iov=[{iov_base="l\1\1\1\374\0\0\0\241\0\0\0\235\0\0\0\1\1o\0;\0\0\0/re/frid"..., iov_len=428}], msg_iovlen=1, msg_controllen=0, msg_flags=0}, MSG_NOSIGNAL) = 428
30197 1783914037.794750 sendmsg(177, {msg_name=NULL, msg_namelen=0, msg_iov=[{iov_base="l\1\1\1\374\0\0\0\242\0\0\0\235\0\0\0\1\1o\0;\0\0\0/re/frid"..., iov_len=428}], msg_iovlen=1, msg_controllen=0, msg_flags=0}, MSG_NOSIGNAL) = 428
30197 1783914037.806320 sendmsg(177, {msg_name=NULL, msg_namelen=0, msg_iov=[{iov_base="l\1\1\1\374\0\0\0\243\0\0\0\235\0\0\0\1\1o\0;\0\0\0/re/frid"..., iov_len=428}], msg_iovlen=1, msg_controllen=0, msg_flags=0}, MSG_NOSIGNAL) = 428
30197 1783914037.814411 sendmsg(177, {msg_name=NULL, msg_namelen=0, msg_iov=[{iov_base="l\1\1\1\374\0\0\0\244\0\0\0\235\0\0\0\1\1o\0;\0\0\0/re/frid"..., iov_len=428}], msg_iovlen=1, msg_controllen=0, msg_flags=0}, MSG_NOSIGNAL) = 428
30197 1783914037.820953 sendmsg(177, {msg_name=NULL, msg_namelen=0, msg_iov=[{iov_base="l\1\1\1\374\0\0\0\245\0\0\0\235\0\0\0\1\1o\0;\0\0\0/re/frid"..., iov_len=428}], msg_iovlen=1, msg_controllen=0, msg_flags=0}, MSG_NOSIGNAL) = 428
30197 1783914037.829687 sendmsg(177, {msg_name=NULL, msg_namelen=0, msg_iov=[{iov_base="l\1\1\1\374\0\0\0\246\0\0\0\235\0\0\0\1\1o\0;\0\0\0/re/frid"..., iov_len=428}], msg_iovlen=1, msg_controllen=0, msg_flags=0}, MSG_NOSIGNAL) = 428
30197 1783914037.836696 sendmsg(177, {msg_name=NULL, msg_namelen=0, msg_iov=[{iov_base="l\1\1\1\374\0\0\0\247\0\0\0\235\0\0\0\1\1o\0;\0\0\0/re/frid"..., iov_len=428}], msg_iovlen=1, msg_controllen=0, msg_flags=0}, MSG_NOSIGNAL) = 428
30197 1783914037.843259 sendmsg(177, {msg_name=NULL, msg_namelen=0, msg_iov=[{iov_base="l\1\1\1\374\0\0\0\250\0\0\0\235\0\0\0\1\1o\0;\0\0\0/re/frid"..., iov_len=428}], msg_iovlen=1, msg_controllen=0, msg_flags=0}, MSG_NOSIGNAL) = 428
30197 1783914037.849674 sendmsg(177, {msg_name=NULL, msg_namelen=0, msg_iov=[{iov_base="l\1\1\1\374\0\0\0\251\0\0\0\235\0\0\0\1\1o\0;\0\0\0/re/frid"..., iov_len=428}], msg_iovlen=1, msg_controllen=0, msg_flags=0}, MSG_NOSIGNAL) = 428
30197 1783914037.856629 sendmsg(177, {msg_name=NULL, msg_namelen=0, msg_iov=[{iov_base="l\1\1\1\374\0\0\0\252\0\0\0\235\0\0\0\1\1o\0;\0\0\0/re/frid"..., iov_len=428}], msg_iovlen=1, msg_controllen=0, msg_flags=0}, MSG_NOSIGNAL) = 428
30197 1783914037.864251 sendmsg(177, {msg_name=NULL, msg_namelen=0, msg_iov=[{iov_base="l\1\1\1\374\0\0\0\253\0\0\0\235\0\0\0\1\1o\0;\0\0\0/re/frid"..., iov_len=428}], msg_iovlen=1, msg_controllen=0, msg_flags=0}, MSG_NOSIGNAL) = 428
30197 1783914037.871160 sendmsg(177, {msg_name=NULL, msg_namelen=0, msg_iov=[{iov_base="l\1\1\1\374\0\0\0\254\0\0\0\235\0\0\0\1\1o\0;\0\0\0/re/frid"..., iov_len=428}], msg_iovlen=1, msg_controllen=0, msg_flags=0}, MSG_NOSIGNAL) = 428
30197 1783914037.877967 sendmsg(177, {msg_name=NULL, msg_namelen=0, msg_iov=[{iov_base="l\1\1\1\374\0\0\0\255\0\0\0\235\0\0\0\1\1o\0;\0\0\0/re/frid"..., iov_len=428}], msg_iovlen=1, msg_controllen=0, msg_flags=0}, MSG_NOSIGNAL) = 428
30197 1783914037.884647 sendmsg(177, {msg_name=NULL, msg_namelen=0, msg_iov=[{iov_base="l\1\1\1\374\0\0\0\256\0\0\0\235\0\0\0\1\1o\0;\0\0\0/re/frid"..., iov_len=428}], msg_iovlen=1, msg_controllen=0, msg_flags=0}, MSG_NOSIGNAL) = 428
30197 1783914037.891041 sendmsg(177, {msg_name=NULL, msg_namelen=0, msg_iov=[{iov_base="l\1\1\1\374\0\0\0\257\0\0\0\235\0\0\0\1\1o\0;\0\0\0/re/frid"..., iov_len=428}], msg_iovlen=1, msg_controllen=0, msg_flags=0}, MSG_NOSIGNAL) = 428
30197 1783914037.897815 sendmsg(177, {msg_name=NULL, msg_namelen=0, msg_iov=[{iov_base="l\1\1\1\374\0\0\0\260\0\0\0\235\0\0\0\1\1o\0;\0\0\0/re/frid"..., iov_len=428}], msg_iovlen=1, msg_controllen=0, msg_flags=0}, MSG_NOSIGNAL) = 428
30197 1783914037.903919 sendmsg(177, {msg_name=NULL, msg_namelen=0, msg_iov=[{iov_base="l\1\1\1\374\0\0\0\261\0\0\0\235\0\0\0\1\1o\0;\0\0\0/re/frid"..., iov_len=428}], msg_iovlen=1, msg_controllen=0, msg_flags=0}, MSG_NOSIGNAL) = 428
30197 1783914037.910279 sendmsg(177, {msg_name=NULL, msg_namelen=0, msg_iov=[{iov_base="l\1\1\1\374\0\0\0\262\0\0\0\235\0\0\0\1\1o\0;\0\0\0/re/frid"..., iov_len=428}], msg_iovlen=1, msg_controllen=0, msg_flags=0}, MSG_NOSIGNAL) = 428
30197 1783914037.916621 sendmsg(177, {msg_name=NULL, msg_namelen=0, msg_iov=[{iov_base="l\1\1\1\374\0\0\0\263\0\0\0\235\0\0\0\1\1o\0;\0\0\0/re/frid"..., iov_len=428}], msg_iovlen=1, msg_controllen=0, msg_flags=0}, MSG_NOSIGNAL) = 428
30197 1783914037.923286 sendmsg(177, {msg_name=NULL, msg_namelen=0, msg_iov=[{iov_base="l\1\1\1\374\0\0\0\264\0\0\0\235\0\0\0\1\1o\0;\0\0\0/re/frid"..., iov_len=428}], msg_iovlen=1, msg_controllen=0, msg_flags=0}, MSG_NOSIGNAL) = 428
30197 1783914037.929587 sendmsg(177, {msg_name=NULL, msg_namelen=0, msg_iov=[{iov_base="l\1\1\1\374\0\0\0\265\0\0\0\235\0\0\0\1\1o\0;\0\0\0/re/frid"..., iov_len=428}], msg_iovlen=1, msg_controllen=0, msg_flags=0}, MSG_NOSIGNAL) = 428
30197 1783914037.937290 sendmsg(177, {msg_name=NULL, msg_namelen=0, msg_iov=[{iov_base="l\1\1\1\374\0\0\0\266\0\0\0\235\0\0\0\1\1o\0;\0\0\0/re/frid"..., iov_len=428}], msg_iovlen=1, msg_controllen=0, msg_flags=0}, MSG_NOSIGNAL) = 428
30197 1783914037.950946 sendmsg(177, {msg_name=NULL, msg_namelen=0, msg_iov=[{iov_base="l\1\1\1\374\0\0\0\267\0\0\0\235\0\0\0\1\1o\0;\0\0\0/re/frid"..., iov_len=428}], msg_iovlen=1, msg_controllen=0, msg_flags=0}, MSG_NOSIGNAL) = 428
30197 1783914037.961943 sendmsg(177, {msg_name=NULL, msg_namelen=0, msg_iov=[{iov_base="l\1\1\1\374\0\0\0\270\0\0\0\235\0\0\0\1\1o\0;\0\0\0/re/frid"..., iov_len=428}], msg_iovlen=1, msg_controllen=0, msg_flags=0}, MSG_NOSIGNAL) = 428
30087 1783914038.053137 recvfrom(121, "\2\0\0\0\0\0\0\0\v\f\0\0\0\0\0\0\0\26\311\0i\2\0\0\1\0\0\0\2\20\0\0"..., 2272, MSG_DONTWAIT, NULL, NULL) = 232
30087 1783914038.054048 sendto(121, "\3\0\0\0\0\0\0\0\v\f\0\0\1\0\0\0", 16, MSG_DONTWAIT|MSG_NOSIGNAL, NULL, 0) = 16
30087 1783914038.054447 recvfrom(121, 0x7d29777820, 2272, MSG_DONTWAIT, NULL, NULL) = -1 EAGAIN (Try again)
30144 1783914038.054965 recvmsg(104, {msg_name=NULL, msg_namelen=0, msg_iov=[{iov_base="0\0\0\0\0\0\0\0\5\0\0\0\0\0\0\0\4\0\0\0\0\0\0\0F\16\207\214P\215\262\37"..., iov_len=4096}], msg_iovlen=1, msg_controllen=0, msg_flags=0}, MSG_DONTWAIT) = 96
30144 1783914038.055156 sendto(104, "0\0\0\0\0\0\0\0\5\0\0\0\0\0\0\0\4\0\0\0\0\0\0\0\366\320\331us\333\336U"..., 48, MSG_NOSIGNAL, NULL, 0) = 48
30087 1783914038.055457 recvfrom(121,  <unfinished ...>
30144 1783914038.055579 sendto(104, "0\0\0\0\0\0\0\0\5\0\0\0\0\0\0\0\4\0\0\0\0\0\0\0\366\320\331us\333\336U"..., 48, MSG_NOSIGNAL, NULL, 0 <unfinished ...>
30087 1783914038.055626 <... recvfrom resumed> "\2\0\0\0\0\0\0\0\r\f\0\0\0\0\0\0\0\26\311\0i\2\0\0\1\0\0\0\2\20\0\0"..., 2272, MSG_DONTWAIT, NULL, NULL) = 232
30144 1783914038.055776 <... sendto resumed> ) = 48
30087 1783914038.055890 recvfrom(100, 0x7fc3983050, 3200, MSG_DONTWAIT, NULL, NULL) = -1 EAGAIN (Try again)
30144 1783914038.056579 recvmsg(104, {msg_name=NULL, msg_namelen=0, msg_iov=[{iov_base="0\0\0\0\0\0\0\0\5\0\0\0\0\0\0\0\4\0\0\0\0\0\0\0|\207\vG\3&!\303"..., iov_len=4096}], msg_iovlen=1, msg_controllen=0, msg_flags=0}, MSG_DONTWAIT) = 336
30087 1783914038.056946 sendto(121, "\3\0\0\0\0\0\0\0\r\f\0\0\1\0\0\0", 16, MSG_DONTWAIT|MSG_NOSIGNAL, NULL, 0) = 16
30144 1783914038.057233 recvmsg(104,  <unfinished ...>
30087 1783914038.057264 recvfrom(121,  <unfinished ...>
30144 1783914038.057386 <... recvmsg resumed> {msg_name=NULL, msg_namelen=0, msg_iov=[{iov_base="\210\0\0\0\0\0\0\0\5\0\0\0\0\0\0\0\0\0\0\0\0\0\0\0A\"\325\7+\373\275\226"..., iov_len=4096}], msg_iovlen=1, msg_controllen=0, msg_flags=0}, MSG_DONTWAIT) = 184
30087 1783914038.057478 <... recvfrom resumed> 0x7d29777820, 2272, MSG_DONTWAIT, NULL, NULL) = -1 EAGAIN (Try again)
30144 1783914038.057677 sendto(104, "0\0\0\0\0\0\0\0\5\0\0\0\0\0\0\0\4\0\0\0\0\0\0\0\254\225\275\320\333\356\217\216"..., 48, MSG_NOSIGNAL, NULL, 0) = 48
30144 1783914038.058047 sendto(104, "0\0\0\0\0\0\0\0\5\0\0\0\0\0\0\0\4\0\0\0\0\0\0\0\254\225\275\320\333\356\217\216"..., 48, MSG_NOSIGNAL, NULL, 0) = 48
30144 1783914038.058618 recvmsg(104, {msg_name=NULL, msg_namelen=0, msg_iov=[{iov_base="0\0\0\0\0\0\0\0\5\0\0\0\0\0\0\0\4\0\0\0\0\0\0\0\t\34\366\251\220\302\275\243"..., iov_len=4096}], msg_iovlen=1, msg_controllen=0, msg_flags=0}, MSG_DONTWAIT) = 192
30144 1783914038.058876 sendto(104, "0\0\0\0\0\0\0\0\5\0\0\0\0\0\0\0\4\0\0\0\0\0\0\0\257\322g\201\354\277\273r"..., 48, MSG_NOSIGNAL, NULL, 0) = 48
30144 1783914038.059022 sendto(104, "0\0\0\0\0\0\0\0\5\0\0\0\0\0\0\0\4\0\0\0\0\0\0\0\257\322g\201\354\277\273r"..., 48, MSG_NOSIGNAL, NULL, 0) = 48
30144 1783914038.059230 sendto(104, "0\0\0\0\0\0\0\0\5\0\0\0\0\0\0\0\4\0\0\0\0\0\0\0\321\0\367\244\323Jp\274"..., 48, MSG_NOSIGNAL, NULL, 0) = 48
30144 1783914038.059447 sendto(104, "0\0\0\0\0\0\0\0\5\0\0\0\0\0\0\0\4\0\0\0\0\0\0\0\321\0\367\244\323Jp\274"..., 48, MSG_NOSIGNAL, NULL, 0) = 48
30144 1783914038.059569 sendto(104, "0\0\0\0\0\0\0\0\5\0\0\0\0\0\0\0\4\0\0\0\0\0\0\0\335\264\224\363\354~\10p"..., 48, MSG_NOSIGNAL, NULL, 0) = 48
30144 1783914038.059717 sendto(104, "0\0\0\0\0\0\0\0\5\0\0\0\0\0\0\0\4\0\0\0\0\0\0\0\335\264\224\363\354~\10p"..., 48, MSG_NOSIGNAL, NULL, 0) = 48
30144 1783914038.059926 sendto(104, "0\0\0\0\0\0\0\0\5\0\0\0\0\0\0\0\4\0\0\0\0\0\0\0K\354\272\236N\364\342\31"..., 48, MSG_NOSIGNAL, NULL, 0) = 48
30144 1783914038.060062 sendto(104, "0\0\0\0\0\0\0\0\5\0\0\0\0\0\0\0\4\0\0\0\0\0\0\0K\354\272\236N\364\342\31"..., 48, MSG_NOSIGNAL, NULL, 0) = 48
30144 1783914038.061407 sendto(104, "\210\0\0\0\0\0\0\0\5\0\0\0\0\0\0\0\0\0\0\0\0\0\0\0\35~\302,\376`h\251"..., 136, MSG_NOSIGNAL, NULL, 0) = 136
30087 1783914038.069424 recvfrom(100, "nysv\0\0\0\0\0\0\0\0\0\0\0\0f\25\344\1i\2\0\0Yi\2\0\0\0\0\0", 3200, MSG_DONTWAIT, NULL, NULL) = 32
30087 1783914038.069574 recvfrom(100, 0x7fc3986860, 3200, MSG_DONTWAIT, NULL, NULL) = -1 EAGAIN (Try again)
30087 1783914038.069856 recvfrom(121, 0x7d29777820, 2272, MSG_DONTWAIT, NULL, NULL) = -1 EAGAIN (Try again)
30087 1783914038.070089 recvfrom(100, 0x7fc39867c0, 3200, MSG_DONTWAIT, NULL, NULL) = -1 EAGAIN (Try again)
30087 1783914038.072261 socket(AF_UNIX, SOCK_DGRAM|SOCK_CLOEXEC|SOCK_NONBLOCK, 0) = 137
30087 1783914038.072508 setsockopt(137, SOL_SOCKET, SO_SNDBUF, [1048576], 4) = 0
30087 1783914038.072714 connect(137, {sa_family=AF_UNIX, sun_path="/dev/socket/statsdw"}, 110) = 0
30109 1783914038.082291 recvfrom(40, 0x7d86cdaeb0, 3200, MSG_DONTWAIT, NULL, NULL) = -1 EAGAIN (Try again)
30109 1783914038.084196 recvfrom(40, 0x7d86cdaeb0, 3200, MSG_DONTWAIT, NULL, NULL) = -1 EAGAIN (Try again)
30109 1783914038.085896 recvfrom(40, "nysv\0\0\0\0\0\0\0\0\0\0\0\0\233\277\342\2i\2\0\0Zi\2\0\0\0\0\0", 3200, MSG_DONTWAIT, NULL, NULL) = 32
30109 1783914038.085918 recvfrom(40, 0x7d86cdac80, 3200, MSG_DONTWAIT, NULL, NULL) = -1 EAGAIN (Try again)
30109 1783914038.101202 recvfrom(40, 0x7d86cdaeb0, 3200, MSG_DONTWAIT, NULL, NULL) = -1 EAGAIN (Try again)
30109 1783914038.102768 recvfrom(40, "nysv\0\0\0\0\0\0\0\0\0\0\0\0\2558\341\3i\2\0\0[i\2\0\0\0\0\0", 3200, MSG_DONTWAIT, NULL, NULL) = 32
30109 1783914038.102789 recvfrom(40, 0x7d86cdac80, 3200, MSG_DONTWAIT, NULL, NULL) = -1 EAGAIN (Try again)
30087 1783914038.103425 recvfrom(100, "nysv\0\0\0\0\0\0\0\0\0\0\0\0\233\277\342\2i\2\0\0Zi\2\0\0\0\0\0", 3200, MSG_DONTWAIT, NULL, NULL) = 32
30087 1783914038.103678 recvfrom(100, 0x7fc3986860, 3200, MSG_DONTWAIT, NULL, NULL) = -1 EAGAIN (Try again)
30087 1783914038.104092 recvfrom(121, 0x7d29777820, 2272, MSG_DONTWAIT, NULL, NULL) = -1 EAGAIN (Try again)
30087 1783914038.111310 recvfrom(100, 0x7fc3982e60, 3200, MSG_DONTWAIT, NULL, NULL) = -1 EAGAIN (Try again)
30109 1783914038.116697 recvfrom(40, 0x7d86cdaeb0, 3200, MSG_DONTWAIT, NULL, NULL) = -1 EAGAIN (Try again)
30109 1783914038.116892 recvfrom(40, 0x7d86cdaeb0, 3200, MSG_DONTWAIT, NULL, NULL) = -1 EAGAIN (Try again)
30109 1783914038.117515 recvfrom(40, 0x7d86cdaeb0, 3200, MSG_DONTWAIT, NULL, NULL) = -1 EAGAIN (Try again)
30109 1783914038.119419 recvfrom(40, "nysv\0\0\0\0\0\0\0\0\0\0\0\0?\261\337\4i\2\0\0\\i\2\0\0\0\0\0", 3200, MSG_DONTWAIT, NULL, NULL) = 32
30109 1783914038.119437 recvfrom(40, 0x7d86cdac80, 3200, MSG_DONTWAIT, NULL, NULL) = -1 EAGAIN (Try again)
30087 1783914038.120018 recvfrom(100, "nysv\0\0\0\0\0\0\0\0\0\0\0\0?\261\337\4i\2\0\0\\i\2\0\0\0\0\0", 3200, MSG_DONTWAIT, NULL, NULL) = 32
30087 1783914038.120156 recvfrom(100, 0x7fc3986860, 3200, MSG_DONTWAIT, NULL, NULL) = -1 EAGAIN (Try again)
30087 1783914038.132813 recvfrom(121, 0x7d29777820, 2272, MSG_DONTWAIT, NULL, NULL) = -1 EAGAIN (Try again)
30087 1783914038.133680 recvfrom(100, 0x7fc3985fa0, 3200, MSG_DONTWAIT, NULL, NULL) = -1 EAGAIN (Try again)
30109 1783914038.134588 recvfrom(40, 0x7d86cdaeb0, 3200, MSG_DONTWAIT, NULL, NULL) = -1 EAGAIN (Try again)
30109 1783914038.136107 recvfrom(40, "nysv\0\0\0\0\0\0\0\0\0\0\0\0),\336\5i\2\0\0]i\2\0\0\0\0\0", 3200, MSG_DONTWAIT, NULL, NULL) = 32
30109 1783914038.136803 recvfrom(40, 0x7d86cdac80, 3200, MSG_DONTWAIT, NULL, NULL) = -1 EAGAIN (Try again)
30087 1783914038.143264 recvfrom(100, "nysv\0\0\0\0\0\0\0\0\0\0\0\0),\336\5i\2\0\0]i\2\0\0\0\0\0", 3200, MSG_DONTWAIT, NULL, NULL) = 32
30087 1783914038.143808 recvfrom(100, 0x7fc3986860, 3200, MSG_DONTWAIT, NULL, NULL) = -1 EAGAIN (Try again)
30109 1783914038.152746 recvfrom(40, "nysv\0\0\0\0\0\0\0\0\0\0\0\0\305\243\334\6i\2\0\0^i\2\0\0\0\0\0", 3200, MSG_DONTWAIT, NULL, NULL) = 32
30109 1783914038.152763 recvfrom(40, 0x7d86cdac80, 3200, MSG_DONTWAIT, NULL, NULL) = -1 EAGAIN (Try again)
30087 1783914038.155702 recvfrom(100, 0x7fc3985fa0, 3200, MSG_DONTWAIT, NULL, NULL) = -1 EAGAIN (Try again)
30087 1783914038.180707 recvfrom(100, "nysv\0\0\0\0\0\0\0\0\0\0\0\0\321\31\333\7i\2\0\0_i\2\0\0\0\0\0", 3200, MSG_DONTWAIT, NULL, NULL) = 32
30087 1783914038.180841 recvfrom(100, 0x7fc3986860, 3200, MSG_DONTWAIT, NULL, NULL) = -1 EAGAIN (Try again)
30197 1783914038.181301 sendmsg(177, {msg_name=NULL, msg_namelen=0, msg_iov=[{iov_base="l\1\1\1\374\0\0\0\271\0\0\0\235\0\0\0\1\1o\0;\0\0\0/re/frid"..., iov_len=428}], msg_iovlen=1, msg_controllen=0, msg_flags=0}, MSG_NOSIGNAL) = 428
30087 1783914038.185034 recvfrom(121, 0x7d29777820, 2272, MSG_DONTWAIT, NULL, NULL) = -1 EAGAIN (Try again)
30087 1783914038.193179 recvfrom(100,  <unfinished ...>
30144 1783914038.193261 sendto(104, "\250\0\0\0\0\0\0\0\5\0\0\0\0\0\0\0\0\0\0\0\0\0\0\0\35~\302,\376`h\251"..., 168, MSG_NOSIGNAL, NULL, 0 <unfinished ...>
30087 1783914038.193296 <... recvfrom resumed> 0x7fc3982b50, 3200, MSG_DONTWAIT, NULL, NULL) = -1 EAGAIN (Try again)
30144 1783914038.193387 <... sendto resumed> ) = 168
30144 1783914038.193529 sendto(104, "\330\5\0\0\0\0\0\0\5\0\0\0\0\0\0\0\0\0\0\0\0\0\0\0\35~\302,\376`h\251"..., 1496, MSG_NOSIGNAL, NULL, 0) = 1496
30144 1783914038.193866 sendto(104, "\330\5\0\0\0\0\0\0\5\0\0\0\0\0\0\0\0\0\0\0\0\0\0\0\35~\302,\376`h\251"..., 1496, MSG_NOSIGNAL, NULL, 0) = 1496
30087 1783914038.194875 sendto(104, "h\0\0\0\0\0\0\0\5\0\0\0\0\0\0\0\0\0\0\0\0\0\0\0\22\223Hln\168\24"..., 104, MSG_NOSIGNAL, NULL, 0) = 104
30087 1783914038.195146 sendto(104, "\20\1\0\0\0\0\0\0\5\0\0\0\0\0\0\0\0\0\0\0\0\0\0\0\22\223Hln\168\24"..., 272, MSG_NOSIGNAL, NULL, 0) = 272
30144 1783914038.195339 recvmsg(104, {msg_name=NULL, msg_namelen=0, msg_iov=[{iov_base="h\0\0\0\0\0\0\0\5\0\0\0\0\0\0\0\0\0\0\0\0\0\0\0\201H~\333\17I_\265"..., iov_len=4096}], msg_iovlen=1, msg_controllen=0, msg_flags=0}, MSG_DONTWAIT) = 208
30144 1783914038.195906 recvmsg(104, {msg_name=NULL, msg_namelen=0, msg_iov=[{iov_base="\260\1\0\0\0\0\0\0\5\0\0\0\0\0\0\0\0\0\0\0\0\0\0\0A\"\325\7+\373\275\226"..., iov_len=4096}], msg_iovlen=1, msg_controllen=0, msg_flags=0}, MSG_DONTWAIT) = 552
30144 1783914038.197875 recvmsg(104, {msg_name=NULL, msg_namelen=0, msg_iov=[{iov_base="P\2\0\0\0\0\0\0\5\0\0\0\0\0\0\0\0\0\0\0\0\0\0\0\332'\"T\304\2\5M"..., iov_len=4096}], msg_iovlen=1, msg_controllen=0, msg_flags=0}, MSG_DONTWAIT) = 4096
30144 1783914038.198079 recvmsg(104, {msg_name=NULL, msg_namelen=0, msg_iov=[{iov_base="\0\0\0\0\0\0\0\08\4\0\0K\3\0\0\20\0\0\0\0\0\0\0\10\0\0\0\0\0\0\0"..., iov_len=304}], msg_iovlen=1, msg_controllen=0, msg_flags=0}, MSG_DONTWAIT) = 304
30087 1783914038.199505 sendto(104, "\330\0\0\0\0\0\0\0\5\0\0\0\0\0\0\0\0\0\0\0\0\0\0\0\33\f\24\336\0333\367\306"..., 216, MSG_NOSIGNAL, NULL, 0) = 216
30144 1783914038.200015 sendto(104, "\250\0\0\0\0\0\0\0\5\0\0\0\0\0\0\0\0\0\0\0\0\0\0\0\35~\302,\376`h\251"..., 168, MSG_NOSIGNAL, NULL, 0) = 168
30144 1783914038.200598 recvmsg(104, {msg_name=NULL, msg_namelen=0, msg_iov=[{iov_base="\30\3\0\0\0\0\0\0\5\0\0\0\0\0\0\0\0\0\0\0\0\0\0\0\32\227\244\240ie(\265"..., iov_len=4096}], msg_iovlen=1, msg_controllen=0, msg_flags=0}, MSG_DONTWAIT) = 1208
30144 1783914038.200770 sendto(104, "(\0\0\0\0\0\0\0\5\0\0\0\0\0\0\0\1\0\0\0\0\0\0\0\217\332!6\17\37\f\371"..., 40, MSG_NOSIGNAL, NULL, 0) = 40
30144 1783914038.201080 sendto(104, "p\0\0\0\0\0\0\0\5\0\0\0\0\0\0\0\0\0\0\0\0\0\0\0\205\351I\251\312\276\347x"..., 112, MSG_NOSIGNAL, NULL, 0) = 112
30144 1783914038.201316 sendto(104, "0\0\0\0\0\0\0\0\5\0\0\0\0\0\0\0\4\0\0\0\0\0\0\0]\5AyY\2303\334"..., 48, MSG_NOSIGNAL, NULL, 0) = 48
30144 1783914038.203481 recvmsg(104, {msg_name=NULL, msg_namelen=0, msg_iov=[{iov_base="h\0\0\0\0\0\0\0\5\0\0\0\0\0\0\0\2\0\0\0\0\0\0\0Ttq^\352\305~\335"..., iov_len=4096}], msg_iovlen=1, msg_controllen=0, msg_flags=0}, MSG_DONTWAIT) = 1056
30142 1783914038.214334 openat(AT_FDCWD, "/data/user/0/app.fedilab.mobilizon/app_webview/Default/Service Worker/CacheStorage/01e4b316ab809d98beeb8793e5c3a7a8aa1f67ca/b44f7aca-947f-4617-a34b-23dcb10b1ea2/915bcccad680919f_0", O_RDWR <unfinished ...>
30087 1783914038.214348 sendto(104, "\320\0\0\0\0\0\0\0\5\0\0\0\0\0\0\0\0\0\0\0\0\0\0\0\22\223Hln\168\24"..., 208, MSG_NOSIGNAL, NULL, 0 <unfinished ...>
30142 1783914038.214924 <... openat resumed> ) = 150
30142 1783914038.215076 openat(AT_FDCWD, "/data/user/0/app.fedilab.mobilizon/app_webview/Default/Service Worker/CacheStorage/01e4b316ab809d98beeb8793e5c3a7a8aa1f67ca/b44f7aca-947f-4617-a34b-23dcb10b1ea2/915bcccad680919f_1", O_RDWR) = -1 ENOENT (No such file or directory)
30142 1783914038.215792 openat(AT_FDCWD, "/data/user/0/app.fedilab.mobilizon/app_webview/Default/Service Worker/CacheStorage/01e4b316ab809d98beeb8793e5c3a7a8aa1f67ca/b44f7aca-947f-4617-a34b-23dcb10b1ea2/915bcccad680919f_s", O_RDWR) = -1 ENOENT (No such file or directory)
30087 1783914038.217994 <... sendto resumed> ) = 208
30150 1783914038.218634 sendmsg(104, {msg_name=NULL, msg_namelen=0, msg_iov=[{iov_base="p\7\0\0\1\0\0\0\5\0\0\0\0\0\0\0\0\0\0\0\0\0\0\0\211\233\3238\217\354\2\212"..., iov_len=1904}], msg_iovlen=1, msg_control=[{cmsg_len=20, cmsg_level=SOL_SOCKET, cmsg_type=SCM_RIGHTS, cmsg_data=[171]}], msg_controllen=20, msg_flags=0}, MSG_NOSIGNAL) = 1904
30087 1783914038.218890 sendto(104, "\230\0\0\0\0\0\0\0\5\0\0\0\0\0\0\0\0\0\0\0\0\0\0\0\212\371\261\233\353\253\270\223"..., 152, MSG_NOSIGNAL, NULL, 0) = 152
30144 1783914038.219093 recvmsg(104, {msg_name=NULL, msg_namelen=0, msg_iov=[{iov_base="(\0\0\0\0\0\0\0\5\0\0\0\0\0\0\0\1\0\0\0\0\0\0\0\5\314\347\250\261.}\266"..., iov_len=4096}], msg_iovlen=1, msg_controllen=0, msg_flags=0}, MSG_DONTWAIT) = 688
30144 1783914038.219483 sendto(104, "h\0\0\0\0\0\0\0\5\0\0\0\0\0\0\0\2\0\0\0\0\0\0\0\203o\377\20\302\37\7@"..., 104, MSG_NOSIGNAL, NULL, 0) = 104
30144 1783914038.219727 sendto(104, "h\0\0\0\0\0\0\0\5\0\0\0\0\0\0\0\2\0\0\0\0\0\0\0,\226lG\341Xkn"..., 104, MSG_NOSIGNAL, NULL, 0) = 104
30144 1783914038.219961 sendto(104, "h\0\0\0\0\0\0\0\5\0\0\0\0\0\0\0\2\0\0\0\0\0\0\0 M\244\2238y\0\232"..., 104, MSG_NOSIGNAL, NULL, 0) = 104
30087 1783914038.224060 recvfrom(100, "nysv\0\0\0\0\0\0\0\0\0\0\0\0E\5\330\ti\2\0\0ai\2\0\0\0\0\0", 3200, MSG_DONTWAIT, NULL, NULL) = 32
30087 1783914038.224195 recvfrom(100, 0x7fc3986860, 3200, MSG_DONTWAIT, NULL, NULL) = -1 EAGAIN (Try again)
30087 1783914038.224480 recvfrom(121, 0x7d29777820, 2272, MSG_DONTWAIT, NULL, NULL) = -1 EAGAIN (Try again)
30087 1783914038.224639 sendto(104, "(\2\0\0\0\0\0\0\5\0\0\0\0\0\0\0\0\0\0\0\0\0\0\0\22\223Hln\168\24"..., 552, MSG_NOSIGNAL, NULL, 0) = 552
30150 1783914038.227850 sendto(104, "p\3\0\0\0\0\0\0\5\0\0\0\0\0\0\0\0\0\0\0\0\0\0\0\223\207x\240n\36\214\365"..., 880, MSG_NOSIGNAL, NULL, 0) = 880
30144 1783914038.229499 recvmsg(104, {msg_name=NULL, msg_namelen=0, msg_iov=[{iov_base="\270\2\0\0\0\0\0\0\5\0\0\0\0\0\0\0\0\0\0\0\0\0\0\0\227.\4\31+6\37\350"..., iov_len=4096}], msg_iovlen=1, msg_controllen=0, msg_flags=0}, MSG_DONTWAIT) = 2208
30144 1783914038.230076 sendto(104, "(\0\0\0\0\0\0\0\5\0\0\0\0\0\0\0\1\0\0\0\0\0\0\0\300\365 \275\315q$d"..., 40, MSG_NOSIGNAL, NULL, 0) = 40
30144 1783914038.230232 sendto(104, "0\0\0\0\0\0\0\0\5\0\0\0\0\0\0\0\4\0\0\0\0\0\0\0\203o\377\20\302\37\7@"..., 48, MSG_NOSIGNAL, NULL, 0) = 48
30144 1783914038.230381 sendto(104, "0\0\0\0\0\0\0\0\5\0\0\0\0\0\0\0\4\0\0\0\0\0\0\0\203o\377\20\302\37\7@"..., 48, MSG_NOSIGNAL, NULL, 0) = 48
30144 1783914038.230585 sendto(104, "0\0\0\0\0\0\0\0\5\0\0\0\0\0\0\0\4\0\0\0\0\0\0\0\266\252av@\271\220\224"..., 48, MSG_NOSIGNAL, NULL, 0) = 48
30144 1783914038.230738 sendto(104, "0\0\0\0\0\0\0\0\5\0\0\0\0\0\0\0\4\0\0\0\0\0\0\0\266\252av@\271\220\224"..., 48, MSG_NOSIGNAL, NULL, 0) = 48
30087 1783914038.231082 recvfrom(100, 0x7fc3985fa0, 3200, MSG_DONTWAIT, NULL, NULL) = -1 EAGAIN (Try again)
30150 1783914038.231987 sendto(104, "@\3\0\0\0\0\0\0\5\0\0\0\0\0\0\0\0\0\0\0\0\0\0\0\223\207x\240n\36\214\365"..., 832, MSG_NOSIGNAL, NULL, 0) = 832
30144 1783914038.232153 recvmsg(103, {msg_name=NULL, msg_namelen=0, msg_iov=[{iov_base="\24\0\0\0\0\0\0\0\1\0\0\0\0\0\0\0\0\0\1\0", iov_len=4096}], msg_iovlen=1, msg_controllen=0, msg_flags=0}, MSG_DONTWAIT) = 20
30144 1783914038.234347 sendmsg(103, {msg_name=NULL, msg_namelen=0, msg_iov=[{iov_base=" \0\0\0\1\0\0\0\2\0\0\0\0\0\0\0r\2429=\230\314\272\16\240(^\370\206\232\16\245", iov_len=32}], msg_iovlen=1, msg_control=[{cmsg_len=20, cmsg_level=SOL_SOCKET, cmsg_type=SCM_RIGHTS, cmsg_data=[171]}], msg_controllen=20, msg_flags=0}, MSG_NOSIGNAL) = 32
30144 1783914038.234912 recvmsg(104, {msg_name=NULL, msg_namelen=0, msg_iov=[{iov_base="0\0\0\0\0\0\0\0\5\0\0\0\0\0\0\0\4\0\0\0\0\0\0\0\361\265\247\23\304\267}y"..., iov_len=4096}], msg_iovlen=1, msg_control=[{cmsg_len=20, cmsg_level=SOL_SOCKET, cmsg_type=SCM_RIGHTS, cmsg_data=[171]}], msg_controllen=24, msg_flags=0}, MSG_DONTWAIT) = 432
30150 1783914038.235407 sendto(104, "\210\3\0\0\0\0\0\0\5\0\0\0\0\0\0\0\0\0\0\0\0\0\0\0\223\207x\240n\36\214\365"..., 904, MSG_NOSIGNAL, NULL, 0) = 904
30144 1783914038.235739 recvmsg(103, {msg_name=NULL, msg_namelen=0, msg_iov=[{iov_base="\24\0\0\0\0\0\0\0\1\0\0\0\0\0\0\0\0\0\1\0", iov_len=4096}], msg_iovlen=1, msg_controllen=0, msg_flags=0}, MSG_DONTWAIT) = 20
30087 1783914038.236357 recvfrom(100, "nysv\0\0\0\0\0\0\0\0\0\0\0\0M\356\324\vi\2\0\0ci\2\0\0\0\0\0", 3200, MSG_DONTWAIT, NULL, NULL) = 32
30087 1783914038.236676 recvfrom(100, 0x7fc3986860, 3200, MSG_DONTWAIT, NULL, NULL) = -1 EAGAIN (Try again)
30087 1783914038.237159 recvfrom(121, 0x7d29777820, 2272, MSG_DONTWAIT, NULL, NULL) = -1 EAGAIN (Try again)
30087 1783914038.237509 sendto(104, "\20\1\0\0\0\0\0\0\5\0\0\0\0\0\0\0\0\0\0\0\0\0\0\0\22\223Hln\168\24"..., 272, MSG_NOSIGNAL, NULL, 0) = 272
30144 1783914038.243335 sendmsg(103, {msg_name=NULL, msg_namelen=0, msg_iov=[{iov_base=" \0\0\0\1\0\0\0\2\0\0\0\0\0\0\0\331!tG\351-:G\254\341\2407\350\206\360\20", iov_len=32}], msg_iovlen=1, msg_control=[{cmsg_len=20, cmsg_level=SOL_SOCKET, cmsg_type=SCM_RIGHTS, cmsg_data=[176]}], msg_controllen=20, msg_flags=0}, MSG_NOSIGNAL) = 32
30144 1783914038.244245 recvmsg(104, {msg_name=NULL, msg_namelen=0, msg_iov=[{iov_base="\240\0\0\0\0\0\0\0\5\0\0\0\0\0\0\0\0\0\0\0\0\0\0\0\343bh}\250i(\222"..., iov_len=4096}], msg_iovlen=1, msg_control=[{cmsg_len=20, cmsg_level=SOL_SOCKET, cmsg_type=SCM_RIGHTS, cmsg_data=[176]}], msg_controllen=24, msg_flags=0}, MSG_DONTWAIT) = 736
30150 1783914038.245661 sendto(104, "\210\r\0\0\0\0\0\0\5\0\0\0\0\0\0\0\0\0\0\0\0\0\0\0\223\207x\240n\36\214\365"..., 3464, MSG_NOSIGNAL, NULL, 0) = 3464
30087 1783914038.246137 recvfrom(100,  <unfinished ...>
30144 1783914038.246218 recvmsg(103,  <unfinished ...>
30087 1783914038.246258 <... recvfrom resumed> 0x7fc3985fa0, 3200, MSG_DONTWAIT, NULL, NULL) = -1 EAGAIN (Try again)
30144 1783914038.246386 <... recvmsg resumed> {msg_name=NULL, msg_namelen=0, msg_iov=[{iov_base="\24\0\0\0\0\0\0\0\1\0\0\0\0\0\0\0\0\0 \0", iov_len=4096}], msg_iovlen=1, msg_controllen=0, msg_flags=0}, MSG_DONTWAIT) = 20
30144 1783914038.248942 sendmsg(103, {msg_name=NULL, msg_namelen=0, msg_iov=[{iov_base=" \0\0\0\1\0\0\0\2\0\0\0\0\0\0\0\n\5\355\22\277\t\243\235\266'\272&\211d\236/", iov_len=32}], msg_iovlen=1, msg_control=[{cmsg_len=20, cmsg_level=SOL_SOCKET, cmsg_type=SCM_RIGHTS, cmsg_data=[178]}], msg_controllen=20, msg_flags=0}, MSG_NOSIGNAL) = 32
30144 1783914038.249686 recvmsg(104, {msg_name=NULL, msg_namelen=0, msg_iov=[{iov_base="p\0\0\0\0\0\0\0\5\0\0\0\0\0\0\0\0\0\0\0\0\0\0\0\227.\4\31+6\37\350"..., iov_len=4096}], msg_iovlen=1, msg_control=[{cmsg_len=20, cmsg_level=SOL_SOCKET, cmsg_type=SCM_RIGHTS, cmsg_data=[178]}], msg_controllen=24, msg_flags=0}, MSG_DONTWAIT) = 360
30150 1783914038.250576 sendto(104, "\370\27\0\0\0\0\0\0\5\0\0\0\0\0\0\0\0\0\0\0\0\0\0\0\223\207x\240n\36\214\365"..., 6136, MSG_NOSIGNAL, NULL, 0) = 6136
30144 1783914038.251157 recvmsg(104, {msg_name=NULL, msg_namelen=0, msg_iov=[{iov_base="\330\0\0\0\0\0\0\0\5\0\0\0\0\0\0\0\0\0\0\0\0\0\0\0\201H~\333\17I_\265"..., iov_len=4096}], msg_iovlen=1, msg_controllen=0, msg_flags=0}, MSG_DONTWAIT) = 1456
30150 1783914038.252805 sendto(104, "\250:\0\0\0\0\0\0\5\0\0\0\0\0\0\0\0\0\0\0\0\0\0\0\223\207x\240n\36\214\365"..., 15016, MSG_NOSIGNAL, NULL, 0) = 15016
30144 1783914038.253341 sendto(104, "p\0\0\0\0\0\0\0\5\0\0\0\0\0\0\0\0\0\0\0\0\0\0\0 M\244\2238y\0\232"..., 112, MSG_NOSIGNAL, NULL, 0) = 112
30150 1783914038.259346 sendto(104, "H\0\0\0\0\0\0\0\5\0\0\0\0\0\0\0\0\0\0\0\0\0\0\0,\226lG\341Xkn"..., 72, MSG_NOSIGNAL, NULL, 0) = 72
30150 1783914038.259370 sendto(104, "0\0\0\0\0\0\0\0\5\0\0\0\0\0\0\0\4\0\0\0\0\0\0\0,\226lG\341Xkn"..., 48, MSG_NOSIGNAL, NULL, 0) = 48
30144 1783914038.259833 recvmsg(104, {msg_name=NULL, msg_namelen=0, msg_iov=[{iov_base="p\0\0\0\0\0\0\0\5\0\0\0\0\0\0\0\0\0\0\0\0\0\0\0\227.\4\31+6\37\350"..., iov_len=4096}], msg_iovlen=1, msg_controllen=0, msg_flags=0}, MSG_DONTWAIT) = 208
30144 1783914038.262799 sendto(104, "p\0\0\0\0\0\0\0\5\0\0\0\0\0\0\0\0\0\0\0\0\0\0\0 M\244\2238y\0\232"..., 112, MSG_NOSIGNAL, NULL, 0 <unfinished ...>
30197 1783914038.262891 sendmsg(177, {msg_name=NULL, msg_namelen=0, msg_iov=[{iov_base="l\1\1\1\374\0\0\0\272\0\0\0\235\0\0\0\1\1o\0;\0\0\0/re/frid"..., iov_len=428}], msg_iovlen=1, msg_controllen=0, msg_flags=0}, MSG_NOSIGNAL <unfinished ...>
30144 1783914038.262915 <... sendto resumed> ) = 112
30144 1783914038.263022 sendto(104, "0\0\0\0\0\0\0\0\5\0\0\0\0\0\0\0\4\0\0\0\0\0\0\0 M\244\2238y\0\232"..., 48, MSG_NOSIGNAL, NULL, 0 <unfinished ...>
30197 1783914038.263109 <... sendmsg resumed> ) = 428
30144 1783914038.263158 <... sendto resumed> ) = 48
30142 1783914038.263578 sendto(104, "\270\f\0\0\0\0\0\0\5\0\0\0\0\0\0\0\0\0\0\0\0\0\0\0\223\207x\240n\36\214\365"..., 3256, MSG_NOSIGNAL, NULL, 0 <unfinished ...>
30144 1783914038.263841 recvmsg(104,  <unfinished ...>
30142 1783914038.263847 <... sendto resumed> ) = 3256
30144 1783914038.264131 <... recvmsg resumed> {msg_name=NULL, msg_namelen=0, msg_iov=[{iov_base="0\0\0\0\0\0\0\0\5\0\0\0\0\0\0\0\4\0\0\0\0\0\0\0\304C\262\23\365HAO"..., iov_len=4096}], msg_iovlen=1, msg_controllen=0, msg_flags=0}, MSG_DONTWAIT) = 1168
30144 1783914038.264786 recvmsg(104, {msg_name=NULL, msg_namelen=0, msg_iov=[{iov_base="p\0\0\0\0\0\0\0\5\0\0\0\0\0\0\0\0\0\0\0\0\0\0\0\227.\4\31+6\37\350"..., iov_len=4096}], msg_iovlen=1, msg_controllen=0, msg_flags=0}, MSG_DONTWAIT) = 112
30144 1783914038.265529 recvmsg(103, {msg_name=NULL, msg_namelen=0, msg_iov=[{iov_base="\24\0\0\0\0\0\0\0\1\0\0\0\0\0\0\0\0i\1\0", iov_len=4096}], msg_iovlen=1, msg_controllen=0, msg_flags=0}, MSG_DONTWAIT) = 20
30142 1783914038.265789 sendto(104, "x\0\0\0\0\0\0\0\5\0\0\0\0\0\0\0\0\0\0\0\0\0\0\0\223\207x\240n\36\214\365"..., 120, MSG_NOSIGNAL, NULL, 0) = 120
30087 1783914038.266825 recvfrom(100, "nysv\0\0\0\0\0\0\0\0\0\0\0\0\266d\323\fi\2\0\0di\2\0\0\0\0\0", 3200, MSG_DONTWAIT, NULL, NULL) = 32
30087 1783914038.267060 recvfrom(100, 0x7fc3986860, 3200, MSG_DONTWAIT, NULL, NULL) = -1 EAGAIN (Try again)
30087 1783914038.267301 sendto(104, "\20\1\0\0\0\0\0\0\5\0\0\0\0\0\0\0\0\0\0\0\0\0\0\0\22\223Hln\168\24"..., 272, MSG_NOSIGNAL, NULL, 0) = 272
30144 1783914038.268218 sendmsg(103, {msg_name=NULL, msg_namelen=0, msg_iov=[{iov_base=" \0\0\0\1\0\0\0\2\0\0\0\0\0\0\0\205#\26B1\324#\204W\35\0041\361\222\313\263", iov_len=32}], msg_iovlen=1, msg_control=[{cmsg_len=20, cmsg_level=SOL_SOCKET, cmsg_type=SCM_RIGHTS, cmsg_data=[150]}], msg_controllen=20, msg_flags=0}, MSG_NOSIGNAL) = 32
30144 1783914038.268785 recvmsg(104, {msg_name=NULL, msg_namelen=0, msg_iov=[{iov_base="\210\0\0\0\0\0\0\0\5\0\0\0\0\0\0\0\0\0\0\0\0\0\0\0\227.\4\31+6\37\350"..., iov_len=4096}], msg_iovlen=1, msg_control=[{cmsg_len=20, cmsg_level=SOL_SOCKET, cmsg_type=SCM_RIGHTS, cmsg_data=[150]}], msg_controllen=24, msg_flags=0}, MSG_DONTWAIT) = 1144
30146 1783914038.269809 sendto(104, "\210\0\0\0\0\0\0\0\5\0\0\0\0\0\0\0\0\0\0\0\0\0\0\0\223\207x\240n\36\214\365"..., 136, MSG_NOSIGNAL, NULL, 0) = 136
30146 1783914038.281623 newfstatat(AT_FDCWD, "/data/user/0/app.fedilab.mobilizon/app_webview/Default/IndexedDB/https_mobilizon.fr_0.indexeddb.leveldb",  <unfinished ...>
30087 1783914038.281832 recvfrom(100,  <unfinished ...>
30146 1783914038.281940 <... newfstatat resumed> {st_mode=S_IFDIR|0700, st_size=4096, ...}, 0) = 0
30144 1783914038.281967 recvmsg(104,  <unfinished ...>
30142 1783914038.282003 sendto(104, "\230\0\0\0\0\0\0\0\5\0\0\0\0\0\0\0\0\0\0\0\0\0\0\0\211\233\3238\217\354\2\212"..., 152, MSG_NOSIGNAL, NULL, 0 <unfinished ...>
30087 1783914038.282063 <... recvfrom resumed> 0x7fc3984e40, 3200, MSG_DONTWAIT, NULL, NULL) = -1 EAGAIN (Try again)
30146 1783914038.282130 openat(AT_FDCWD, "/data/user/0/app.fedilab.mobilizon/app_webview/Default/IndexedDB/https_mobilizon.fr_0.indexeddb.leveldb", O_RDONLY|O_CLOEXEC|O_DIRECTORY <unfinished ...>
30142 1783914038.282157 <... sendto resumed> ) = 152
30146 1783914038.282341 <... openat resumed> ) = 168
30144 1783914038.282344 <... recvmsg resumed> {msg_name=NULL, msg_namelen=0, msg_iov=[{iov_base="h\0\0\0\0\0\0\0\5\0\0\0\0\0\0\0\0\0\0\0\0\0\0\0A\"\325\7+\373\275\226"..., iov_len=4096}], msg_iovlen=1, msg_controllen=0, msg_flags=0}, MSG_DONTWAIT) = 104
30146 1783914038.282887 newfstatat(AT_FDCWD, "/data/user/0/app.fedilab.mobilizon/app_webview/Default/IndexedDB/https_mobilizon.fr_0.indexeddb.leveldb/LOG", {st_mode=S_IFREG|0600, st_size=374, ...}, 0) = 0
30146 1783914038.283117 newfstatat(AT_FDCWD, "/data/user/0/app.fedilab.mobilizon/app_webview/Default/IndexedDB/https_mobilizon.fr_0.indexeddb.leveldb/LOCK", {st_mode=S_IFREG|0600, st_size=0, ...}, 0) = 0
30087 1783914038.283415 sendto(104, "\20\1\0\0\0\0\0\0\5\0\0\0\0\0\0\0\0\0\0\0\0\0\0\0\22\223Hln\168\24"..., 272, MSG_NOSIGNAL, NULL, 0 <unfinished ...>
30146 1783914038.283556 newfstatat(AT_FDCWD, "/data/user/0/app.fedilab.mobilizon/app_webview/Default/IndexedDB/https_mobilizon.fr_0.indexeddb.leveldb/MANIFEST-000001",  <unfinished ...>
30087 1783914038.283580 <... sendto resumed> ) = 272
30146 1783914038.283771 <... newfstatat resumed> {st_mode=S_IFREG|0600, st_size=23, ...}, 0) = 0
30146 1783914038.283908 newfstatat(AT_FDCWD, "/data/user/0/app.fedilab.mobilizon/app_webview/Default/IndexedDB/https_mobilizon.fr_0.indexeddb.leveldb/000003.log", {st_mode=S_IFREG|0600, st_size=226857, ...}, 0) = 0
30144 1783914038.284197 recvmsg(104,  <unfinished ...>
30146 1783914038.284224 newfstatat(AT_FDCWD, "/data/user/0/app.fedilab.mobilizon/app_webview/Default/IndexedDB/https_mobilizon.fr_0.indexeddb.leveldb/CURRENT",  <unfinished ...>
30144 1783914038.284236 <... recvmsg resumed> {msg_name=NULL, msg_namelen=0, msg_iov=[{iov_base="P\2\0\0\0\0\0\0\5\0\0\0\0\0\0\0\0\0\0\0\0\0\0\0\332'\"T\304\2\5M"..., iov_len=4096}], msg_iovlen=1, msg_controllen=0, msg_flags=0}, MSG_DONTWAIT) = 752
30146 1783914038.284279 <... newfstatat resumed> {st_mode=S_IFREG|0600, st_size=16, ...}, 0) = 0
30146 1783914038.285550 newfstatat(AT_FDCWD, "/data/user/0/app.fedilab.mobilizon/app_webview/Default/IndexedDB/https_mobilizon.fr_0.indexeddb.leveldb/LOG.old", {st_mode=S_IFREG|0600, st_size=374, ...}, 0) = 0
30162 1783914038.286074 sendto(104, "\240\0\0\0\0\0\0\0\5\0\0\0\0\0\0\0\0\0\0\0\0\0\0\0=\351B\22\226T\300\264"..., 160, MSG_NOSIGNAL, NULL, 0) = 160
30144 1783914038.287233 recvmsg(104, {msg_name=NULL, msg_namelen=0, msg_iov=[{iov_base="\10\23\0\0\0\0\0\0\5\0\0\0\0\0\0\0\0\0\0\0\0\0\0\0W1h-V^B{"..., iov_len=4096}], msg_iovlen=1, msg_controllen=0, msg_flags=0}, MSG_DONTWAIT) = 4096
30144 1783914038.291955 recvmsg(104, {msg_name=NULL, msg_namelen=0, msg_iov=[{iov_base="\0\0\0\0\0\0\200?\0\0\207D\0\0~C\20\0\0\0\0\0\0\0@\4\0\0\0\1\0\0"..., iov_len=776}], msg_iovlen=1, msg_controllen=0, msg_flags=0}, MSG_DONTWAIT) = 776
30146 1783914038.292451 newfstatat(AT_FDCWD, "/data/user/0/app.fedilab.mobilizon/app_webview/Default/IndexedDB/https_mobilizon.fr_0.indexeddb.blob", 0x7d1f165c30, 0) = -1 ENOENT (No such file or directory)
30146 1783914038.292626 openat(AT_FDCWD, "/data/user/0/app.fedilab.mobilizon/app_webview/Default/IndexedDB/https_mobilizon.fr_0.indexeddb.blob", O_RDONLY|O_CLOEXEC|O_DIRECTORY) = -1 ENOENT (No such file or directory)
30146 1783914038.293029 sendto(104, "h\0\0\0\0\0\0\0\5\0\0\0\0\0\0\0\0\0\0\0\0\0\0\0\223\207x\240n\36\214\365"..., 104, MSG_NOSIGNAL, NULL, 0) = 104
30146 1783914038.293876 sendto(104, "(\1\0\0\0\0\0\0\5\0\0\0\0\0\0\0\0\0\0\0\0\0\0\0\223\207x\240n\36\214\365"..., 296, MSG_NOSIGNAL, NULL, 0) = 296
30144 1783914038.294759 recvmsg(104, {msg_name=NULL, msg_namelen=0, msg_iov=[{iov_base="h\0\0\0\0\0\0\0\5\0\0\0\0\0\0\0\0\0\0\0\0\0\0\0\227.\4\31+6\37\350"..., iov_len=4096}], msg_iovlen=1, msg_controllen=0, msg_flags=0}, MSG_DONTWAIT) = 104
30146 1783914038.296807 newfstatat(AT_FDCWD, "/", {st_mode=S_IFDIR|0755, st_size=4096, ...}, 0) = 0
30146 1783914038.297075 newfstatat(AT_FDCWD, "/data", {st_mode=S_IFDIR|0771, st_size=4096, ...}, 0) = 0
30146 1783914038.297364 newfstatat(AT_FDCWD, "/data/user", {st_mode=S_IFDIR|0711, st_size=4096, ...}, 0) = 0
30146 1783914038.297597 newfstatat(AT_FDCWD, "/data/user/0", {st_mode=S_IFDIR|0771, st_size=8192, ...}, 0) = 0
30146 1783914038.297804 newfstatat(AT_FDCWD, "/data/user/0/app.fedilab.mobilizon", {st_mode=S_IFDIR|0700, st_size=4096, ...}, 0) = 0
30146 1783914038.298035 newfstatat(AT_FDCWD, "/data/user/0/app.fedilab.mobilizon/app_webview", {st_mode=S_IFDIR|0700, st_size=4096, ...}, 0) = 0
30146 1783914038.298257 newfstatat(AT_FDCWD, "/data/user/0/app.fedilab.mobilizon/app_webview/Default", {st_mode=S_IFDIR|0700, st_size=4096, ...}, 0) = 0
30146 1783914038.298479 statfs("/data/user/0/app.fedilab.mobilizon/app_webview/Default", {f_type=EXT2_SUPER_MAGIC, f_bsize=4096, f_blocks=1523600, f_bfree=1038661, f_bavail=1034565, f_files=393216, f_ffree=376811, f_fsid={val=[3546324968, 77008235]}, f_namelen=255, f_frsize=4096, f_flags=ST_VALID|ST_NOSUID|ST_NODEV|ST_NOATIME}) = 0
30146 1783914038.298754 statfs("/data/user/0/app.fedilab.mobilizon/app_webview/Default", {f_type=EXT2_SUPER_MAGIC, f_bsize=4096, f_blocks=1523600, f_bfree=1038660, f_bavail=1034564, f_files=393216, f_ffree=376811, f_fsid={val=[3546324968, 77008235]}, f_namelen=255, f_frsize=4096, f_flags=ST_VALID|ST_NOSUID|ST_NODEV|ST_NOATIME}) = 0
30087 1783914038.299139 sendto(104, "\200\1\0\0\0\0\0\0\5\0\0\0\0\0\0\0\0\0\0\0\0\0\0\0\22\223Hln\168\24"..., 384, MSG_NOSIGNAL, NULL, 0) = 384
30087 1783914038.299700 recvfrom(100, "nysv\0\0\0\0\0\0\0\0\0\0\0\0\n\5\320\16i\2\0\0fi\2\0\0\0\0\0", 3200, MSG_DONTWAIT, NULL, NULL) = 32
30087 1783914038.299914 recvfrom(100, 0x7fc3986860, 3200, MSG_DONTWAIT, NULL, NULL) = -1 EAGAIN (Try again)
30146 1783914038.300154 newfstatat(AT_FDCWD, "/data/user/0/app.fedilab.mobilizon/app_webview/Default/IndexedDB/https_mobilizon.fr_0.indexeddb.leveldb", {st_mode=S_IFDIR|0700, st_size=4096, ...}, 0) = 0
30146 1783914038.300482 openat(AT_FDCWD, "/data/user/0/app.fedilab.mobilizon/app_webview/Default/IndexedDB/https_mobilizon.fr_0.indexeddb.leveldb", O_RDONLY|O_CLOEXEC|O_DIRECTORY) = 150
30146 1783914038.300915 newfstatat(AT_FDCWD, "/data/user/0/app.fedilab.mobilizon/app_webview/Default/IndexedDB/https_mobilizon.fr_0.indexeddb.leveldb/LOG",  <unfinished ...>
30087 1783914038.300950 recvfrom(121,  <unfinished ...>
30146 1783914038.301030 <... newfstatat resumed> {st_mode=S_IFREG|0600, st_size=374, ...}, 0) = 0
30087 1783914038.301045 <... recvfrom resumed> 0x7d29777820, 2272, MSG_DONTWAIT, NULL, NULL) = -1 EAGAIN (Try again)
30146 1783914038.301144 newfstatat(AT_FDCWD, "/data/user/0/app.fedilab.mobilizon/app_webview/Default/IndexedDB/https_mobilizon.fr_0.indexeddb.leveldb/LOCK",  <unfinished ...>
30087 1783914038.301159 sendto(104, "\20\1\0\0\0\0\0\0\5\0\0\0\0\0\0\0\0\0\0\0\0\0\0\0\22\223Hln\168\24"..., 272, MSG_NOSIGNAL, NULL, 0 <unfinished ...>
30146 1783914038.301309 <... newfstatat resumed> {st_mode=S_IFREG|0600, st_size=0, ...}, 0) = 0
30087 1783914038.301321 <... sendto resumed> ) = 272
30146 1783914038.301519 newfstatat(AT_FDCWD, "/data/user/0/app.fedilab.mobilizon/app_webview/Default/IndexedDB/https_mobilizon.fr_0.indexeddb.leveldb/MANIFEST-000001", {st_mode=S_IFREG|0600, st_size=23, ...}, 0) = 0
30144 1783914038.301661 recvmsg(104,  <unfinished ...>
30146 1783914038.301766 newfstatat(AT_FDCWD, "/data/user/0/app.fedilab.mobilizon/app_webview/Default/IndexedDB/https_mobilizon.fr_0.indexeddb.leveldb/000003.log",  <unfinished ...>
30144 1783914038.301780 <... recvmsg resumed> {msg_name=NULL, msg_namelen=0, msg_iov=[{iov_base="h\0\0\0\0\0\0\0\5\0\0\0\0\0\0\0\0\0\0\0\0\0\0\0\201H~\333\17I_\265"..., iov_len=4096}], msg_iovlen=1, msg_controllen=0, msg_flags=0}, MSG_DONTWAIT) = 320
30146 1783914038.301896 <... newfstatat resumed> {st_mode=S_IFREG|0600, st_size=229205, ...}, 0) = 0
30146 1783914038.302050 newfstatat(AT_FDCWD, "/data/user/0/app.fedilab.mobilizon/app_webview/Default/IndexedDB/https_mobilizon.fr_0.indexeddb.leveldb/CURRENT", {st_mode=S_IFREG|0600, st_size=16, ...}, 0) = 0
30146 1783914038.302314 newfstatat(AT_FDCWD, "/data/user/0/app.fedilab.mobilizon/app_webview/Default/IndexedDB/https_mobilizon.fr_0.indexeddb.leveldb/LOG.old", {st_mode=S_IFREG|0600, st_size=374, ...}, 0) = 0
30087 1783914038.303497 recvfrom(100,  <unfinished ...>
30146 1783914038.303647 newfstatat(AT_FDCWD, "/data/user/0/app.fedilab.mobilizon/app_webview/Default/IndexedDB/https_mobilizon.fr_0.indexeddb.blob",  <unfinished ...>
30087 1783914038.303672 <... recvfrom resumed> 0x7fc3985fa0, 3200, MSG_DONTWAIT, NULL, NULL) = -1 EAGAIN (Try again)
30146 1783914038.303822 <... newfstatat resumed> 0x7d1f165c30, 0) = -1 ENOENT (No such file or directory)
30146 1783914038.307078 openat(AT_FDCWD, "/data/user/0/app.fedilab.mobilizon/app_webview/Default/IndexedDB/https_mobilizon.fr_0.indexeddb.blob", O_RDONLY|O_CLOEXEC|O_DIRECTORY) = -1 ENOENT (No such file or directory)
30146 1783914038.309154 sendto(104, "h\0\0\0\0\0\0\0\5\0\0\0\0\0\0\0\0\0\0\0\0\0\0\0\223\207x\240n\36\214\365"..., 104, MSG_NOSIGNAL, NULL, 0) = 104
30197 1783914038.317745 sendmsg(177, {msg_name=NULL, msg_namelen=0, msg_iov=[{iov_base="l\1\1\1\374\0\0\0\273\0\0\0\235\0\0\0\1\1o\0;\0\0\0/re/frid"..., iov_len=428}], msg_iovlen=1, msg_controllen=0, msg_flags=0}, MSG_NOSIGNAL) = 428
30087 1783914038.320351 recvfrom(100, "nysv\0\0\0\0\0\0\0\0\0\0\0\0\356\354\314\20i\2\0\0hi\2\0\0\0\0\0", 3200, MSG_DONTWAIT, NULL, NULL) = 32
30087 1783914038.325005 recvfrom(100, 0x7fc3986860, 3200, MSG_DONTWAIT, NULL, NULL) = -1 EAGAIN (Try again)
30197 1783914038.333940 sendmsg(177, {msg_name=NULL, msg_namelen=0, msg_iov=[{iov_base="l\1\1\1\374\0\0\0\274\0\0\0\235\0\0\0\1\1o\0;\0\0\0/re/frid"..., iov_len=428}], msg_iovlen=1, msg_controllen=0, msg_flags=0}, MSG_NOSIGNAL) = 428
30144 1783914038.346822 recvmsg(104, {msg_name=NULL, msg_namelen=0, msg_iov=[{iov_base="\0\5\0\0\0\0\0\0\5\0\0\0\0\0\0\0\0\0\0\0\0\0\0\0A\"\325\7+\373\275\226"..., iov_len=4096}], msg_iovlen=1, msg_controllen=0, msg_flags=0}, MSG_DONTWAIT) = 1280
30144 1783914038.348386 sendto(104, "h\0\0\0\0\0\0\0\5\0\0\0\0\0\0\0\0\0\0\0\0\0\0\0\35~\302,\376`h\251"..., 104, MSG_NOSIGNAL, NULL, 0) = 104
30087 1783914038.476227 recvfrom(100, 0x7fc3985570, 3200, MSG_DONTWAIT, NULL, NULL) = -1 EAGAIN (Try again)
30087 1783914038.489753 recvfrom(100, "nysv\0\0\0\0\0\0\0\0\0\0\0\0\353\241\274\32i\2\0\0ri\2\0\0\0\0\0", 3200, MSG_DONTWAIT, NULL, NULL) = 32
30087 1783914038.490141 recvfrom(100, 0x7fc3986860, 3200, MSG_DONTWAIT, NULL, NULL) = -1 EAGAIN (Try again)
30087 1783914038.490609 sendto(104, "(\2\0\0\0\0\0\0\5\0\0\0\0\0\0\0\0\0\0\0\0\0\0\0\22\223Hln\168\24"..., 552, MSG_NOSIGNAL, NULL, 0) = 552
30144 1783914038.491088 recvmsg(104, {msg_name=NULL, msg_namelen=0, msg_iov=[{iov_base="\330\0\0\0\0\0\0\0\5\0\0\0\0\0\0\0\0\0\0\0\0\0\0\0W1h-V^B{"..., iov_len=4096}], msg_iovlen=1, msg_controllen=0, msg_flags=0}, MSG_DONTWAIT) = 216
30087 1783914038.491443 recvfrom(100, 0x7fc3985fa0, 3200, MSG_DONTWAIT, NULL, NULL) = -1 EAGAIN (Try again)
30197 1783914038.497551 sendmsg(177, {msg_name=NULL, msg_namelen=0, msg_iov=[{iov_base="l\1\1\1\374\0\0\0\275\0\0\0\235\0\0\0\1\1o\0;\0\0\0/re/frid"..., iov_len=428}], msg_iovlen=1, msg_controllen=0, msg_flags=0}, MSG_NOSIGNAL) = 428
30087 1783914038.504175 recvfrom(100, "nysv\0\0\0\0\0\0\0\0\0\0\0\0\272\276\272\33i\2\0\0si\2\0\0\0\0\0", 3200, MSG_DONTWAIT, NULL, NULL) = 32
30087 1783914038.504431 recvfrom(100, 0x7fc3986860, 3200, MSG_DONTWAIT, NULL, NULL) = -1 EAGAIN (Try again)
30197 1783914038.509150 sendmsg(177, {msg_name=NULL, msg_namelen=0, msg_iov=[{iov_base="l\1\1\1\374\0\0\0\276\0\0\0\235\0\0\0\1\1o\0;\0\0\0/re/frid"..., iov_len=428}], msg_iovlen=1, msg_controllen=0, msg_flags=0}, MSG_NOSIGNAL) = 428
30087 1783914038.591990 recvfrom(100, 0x7fc3986420, 3200, MSG_DONTWAIT, NULL, NULL) = -1 EAGAIN (Try again)
30087 1783914038.607443 recvfrom(100, "nysv\0\0\0\0\0\0\0\0\0\0\0\0\214\372\252!i\2\0\0yi\2\0\0\0\0\0", 3200, MSG_DONTWAIT, NULL, NULL) = 32
30087 1783914038.607696 recvfrom(100, 0x7fc3986860, 3200, MSG_DONTWAIT, NULL, NULL) = -1 EAGAIN (Try again)
30087 1783914038.608047 recvfrom(121, 0x7d29777820, 2272, MSG_DONTWAIT, NULL, NULL) = -1 EAGAIN (Try again)
30087 1783914038.617544 recvfrom(100, 0x7fc3985570, 3200, MSG_DONTWAIT, NULL, NULL) = -1 EAGAIN (Try again)
30197 1783914038.628295 sendmsg(177, {msg_name=NULL, msg_namelen=0, msg_iov=[{iov_base="l\1\1\1\374\0\0\0\277\0\0\0\235\0\0\0\1\1o\0;\0\0\0/re/frid"..., iov_len=428}], msg_iovlen=1, msg_controllen=0, msg_flags=0}, MSG_NOSIGNAL) = 428
30087 1783914038.629899 recvfrom(100, "nysv\0\0\0\0\0\0\0\0\0\0\0\0\204|\251\"i\2\0\0zi\2\0\0\0\0\0", 3200, MSG_DONTWAIT, NULL, NULL) = 32
30087 1783914038.630058 recvfrom(100, 0x7fc3986860, 3200, MSG_DONTWAIT, NULL, NULL) = -1 EAGAIN (Try again)
30197 1783914038.636027 sendmsg(177, {msg_name=NULL, msg_namelen=0, msg_iov=[{iov_base="l\1\1\1\374\0\0\0\300\0\0\0\235\0\0\0\1\1o\0;\0\0\0/re/frid"..., iov_len=428}], msg_iovlen=1, msg_controllen=0, msg_flags=0}, MSG_NOSIGNAL) = 428
30197 1783914039.029529 sendmsg(177, {msg_name=NULL, msg_namelen=0, msg_iov=[{iov_base="l\1\1\1\374\0\0\0\301\0\0\0\235\0\0\0\1\1o\0;\0\0\0/re/frid"..., iov_len=428}], msg_iovlen=1, msg_controllen=0, msg_flags=0}, MSG_NOSIGNAL) = 428
30087 1783914039.094231 recvfrom(100, 0x7fc3986420, 3200, MSG_DONTWAIT, NULL, NULL) = -1 EAGAIN (Try again)
30087 1783914039.105611 recvfrom(100, "nysv\0\0\0\0\0\0\0\0\0\0\0\0\371\213q?i\2\0\0\227i\2\0\0\0\0\0", 3200, MSG_DONTWAIT, NULL, NULL) = 32
30087 1783914039.105807 recvfrom(100, 0x7fc3986860, 3200, MSG_DONTWAIT, NULL, NULL) = -1 EAGAIN (Try again)
30087 1783914039.106169 recvfrom(121, 0x7d29777820, 2272, MSG_DONTWAIT, NULL, NULL) = -1 EAGAIN (Try again)
30087 1783914039.116156 recvfrom(100, 0x7fc3985570, 3200, MSG_DONTWAIT, NULL, NULL) = -1 EAGAIN (Try again)
30197 1783914039.126854 sendmsg(177, {msg_name=NULL, msg_namelen=0, msg_iov=[{iov_base="l\1\1\1\374\0\0\0\302\0\0\0\235\0\0\0\1\1o\0;\0\0\0/re/frid"..., iov_len=428}], msg_iovlen=1, msg_controllen=0, msg_flags=0}, MSG_NOSIGNAL) = 428
30087 1783914039.127786 recvfrom(100, "nysv\0\0\0\0\0\0\0\0\0\0\0\0~/p@i\2\0\0\230i\2\0\0\0\0\0", 3200, MSG_DONTWAIT, NULL, NULL) = 32
30087 1783914039.127959 recvfrom(100, 0x7fc3986860, 3200, MSG_DONTWAIT, NULL, NULL) = -1 EAGAIN (Try again)
30087 1783914039.129490 recvfrom(100, 0x7fc3985fa0, 3200, MSG_DONTWAIT, NULL, NULL) = -1 EAGAIN (Try again)
30197 1783914039.135022 sendmsg(177, {msg_name=NULL, msg_namelen=0, msg_iov=[{iov_base="l\1\1\1\374\0\0\0\303\0\0\0\235\0\0\0\1\1o\0;\0\0\0/re/frid"..., iov_len=428}], msg_iovlen=1, msg_controllen=0, msg_flags=0}, MSG_NOSIGNAL) = 428
30087 1783914039.136256 recvfrom(100, "nysv\0\0\0\0\0\0\0\0\0\0\0\0'\36oAi\2\0\0\231i\2\0\0\0\0\0", 3200, MSG_DONTWAIT, NULL, NULL) = 32
30087 1783914039.136409 recvfrom(100, 0x7fc3986860, 3200, MSG_DONTWAIT, NULL, NULL) = -1 EAGAIN (Try again)
30197 1783914039.140653 sendmsg(177, {msg_name=NULL, msg_namelen=0, msg_iov=[{iov_base="l\1\1\1\374\0\0\0\304\0\0\0\235\0\0\0\1\1o\0;\0\0\0/re/frid"..., iov_len=428}], msg_iovlen=1, msg_controllen=0, msg_flags=0}, MSG_NOSIGNAL) = 428
30144 1783914039.200853 recvmsg(104, {msg_name=NULL, msg_namelen=0, msg_iov=[{iov_base="\210\5\0\0\0\0\0\0\5\0\0\0\0\0\0\0\0\0\0\0\0\0\0\0A\"\325\7+\373\275\226"..., iov_len=4096}], msg_iovlen=1, msg_controllen=0, msg_flags=0}, MSG_DONTWAIT) = 1416
30196 1783914039.236086 exit(0)         = ?
30196 1783914039.236126 +++ exited with 0 +++
30194 1783914039.287024 faccessat(AT_FDCWD, "/proc/self/task/30196", F_OK) = -1 ENOENT (No such file or directory)
30087 1783914039.596827 recvfrom(100, 0x7fc3986420, 3200, MSG_DONTWAIT, NULL, NULL) = -1 EAGAIN (Try again)
30087 1783914039.603877 recvfrom(100, "nysv\0\0\0\0\0\0\0\0\0\0\0\0003o>]i\2\0\0\264i\2\0\0\0\0\0", 3200, MSG_DONTWAIT, NULL, NULL) = 32
30087 1783914039.604416 recvfrom(100, 0x7fc3986860, 3200, MSG_DONTWAIT, NULL, NULL) = -1 EAGAIN (Try again)
30087 1783914039.605108 recvfrom(121, 0x7d29777820, 2272, MSG_DONTWAIT, NULL, NULL) = -1 EAGAIN (Try again)
30087 1783914039.616123 recvfrom(100, 0x7fc3985570, 3200, MSG_DONTWAIT, NULL, NULL) = -1 EAGAIN (Try again)
30197 1783914039.632893 sendmsg(177, {msg_name=NULL, msg_namelen=0, msg_iov=[{iov_base="l\1\1\1\374\0\0\0\305\0\0\0\235\0\0\0\1\1o\0;\0\0\0/re/frid"..., iov_len=428}], msg_iovlen=1, msg_controllen=0, msg_flags=0}, MSG_NOSIGNAL) = 428
30087 1783914039.636030 recvfrom(100, "nysv\0\0\0\0\0\0\0\0\0\0\0\0&\247;_i\2\0\0\266i\2\0\0\0\0\0", 3200, MSG_DONTWAIT, NULL, NULL) = 32
30087 1783914039.636654 recvfrom(100, 0x7fc3986860, 3200, MSG_DONTWAIT, NULL, NULL) = -1 EAGAIN (Try again)
30087 1783914039.644271 recvfrom(100, 0x7fc3985fa0, 3200, MSG_DONTWAIT, NULL, NULL) = -1 EAGAIN (Try again)
30197 1783914039.651249 sendmsg(177, {msg_name=NULL, msg_namelen=0, msg_iov=[{iov_base="l\1\1\1\374\0\0\0\306\0\0\0\235\0\0\0\1\1o\0;\0\0\0/re/frid"..., iov_len=428}], msg_iovlen=1, msg_controllen=0, msg_flags=0}, MSG_NOSIGNAL) = 428
30087 1783914039.652756 recvfrom(100, "nysv\0\0\0\0\0\0\0\0\0\0\0\0001I:`i\2\0\0\267i\2\0\0\0\0\0", 3200, MSG_DONTWAIT, NULL, NULL) = 32
30087 1783914039.652961 recvfrom(100, 0x7fc3986860, 3200, MSG_DONTWAIT, NULL, NULL) = -1 EAGAIN (Try again)
30197 1783914039.659816 sendmsg(177, {msg_name=NULL, msg_namelen=0, msg_iov=[{iov_base="l\1\1\1\374\0\0\0\307\0\0\0\235\0\0\0\1\1o\0;\0\0\0/re/frid"..., iov_len=428}], msg_iovlen=1, msg_controllen=0, msg_flags=0}, MSG_NOSIGNAL) = 428
30197 1783914040.043974 sendmsg(177, {msg_name=NULL, msg_namelen=0, msg_iov=[{iov_base="l\1\1\1\374\0\0\0\310\0\0\0\235\0\0\0\1\1o\0;\0\0\0/re/frid"..., iov_len=428}], msg_iovlen=1, msg_controllen=0, msg_flags=0}, MSG_NOSIGNAL) = 428
30197 1783914040.053474 sendmsg(177, {msg_name=NULL, msg_namelen=0, msg_iov=[{iov_base="l\1\1\1\374\0\0\0\311\0\0\0\235\0\0\0\1\1o\0;\0\0\0/re/frid"..., iov_len=428}], msg_iovlen=1, msg_controllen=0, msg_flags=0}, MSG_NOSIGNAL) = 428
30197 1783914040.083508 sendmsg(177, {msg_name=NULL, msg_namelen=0, msg_iov=[{iov_base="l\1\1\1\374\0\0\0\312\0\0\0\235\0\0\0\1\1o\0;\0\0\0/re/frid"..., iov_len=428}], msg_iovlen=1, msg_controllen=0, msg_flags=0}, MSG_NOSIGNAL) = 428
30087 1783914040.099214 recvfrom(100, 0x7fc3986420, 3200, MSG_DONTWAIT, NULL, NULL) = -1 EAGAIN (Try again)
30087 1783914040.103033 recvfrom(100, "nysv\0\0\0\0\0\0\0\0\0\0\0\0xX\r{i\2\0\0\322i\2\0\0\0\0\0", 3200, MSG_DONTWAIT, NULL, NULL) = 32
30087 1783914040.103200 recvfrom(100, 0x7fc3986860, 3200, MSG_DONTWAIT, NULL, NULL) = -1 EAGAIN (Try again)
30087 1783914040.103501 recvfrom(121, 0x7d29777820, 2272, MSG_DONTWAIT, NULL, NULL) = -1 EAGAIN (Try again)
30087 1783914040.107495 recvfrom(100, 0x7fc3985570, 3200, MSG_DONTWAIT, NULL, NULL) = -1 EAGAIN (Try again)
30197 1783914040.116472 sendmsg(177, {msg_name=NULL, msg_namelen=0, msg_iov=[{iov_base="l\1\1\1\374\0\0\0\313\0\0\0\235\0\0\0\1\1o\0;\0\0\0/re/frid"..., iov_len=428}], msg_iovlen=1, msg_controllen=0, msg_flags=0}, MSG_NOSIGNAL) = 428
30087 1783914040.119405 recvfrom(100, "nysv\0\0\0\0\0\0\0\0\0\0\0\0\334\330\v|i\2\0\0\323i\2\0\0\0\0\0", 3200, MSG_DONTWAIT, NULL, NULL) = 32
30087 1783914040.119731 recvfrom(100, 0x7fc3986860, 3200, MSG_DONTWAIT, NULL, NULL) = -1 EAGAIN (Try again)
30087 1783914040.126698 recvfrom(100, 0x7fc3985fa0, 3200, MSG_DONTWAIT, NULL, NULL) = -1 EAGAIN (Try again)
30197 1783914040.132548 sendmsg(177, {msg_name=NULL, msg_namelen=0, msg_iov=[{iov_base="l\1\1\1\374\0\0\0\314\0\0\0\235\0\0\0\1\1o\0;\0\0\0/re/frid"..., iov_len=428}], msg_iovlen=1, msg_controllen=0, msg_flags=0}, MSG_NOSIGNAL) = 428
30087 1783914040.135480 recvfrom(100, "nysv\0\0\0\0\0\0\0\0\0\0\0\0\30x\n}i\2\0\0\324i\2\0\0\0\0\0", 3200, MSG_DONTWAIT, NULL, NULL) = 32
30087 1783914040.135666 recvfrom(100, 0x7fc3986860, 3200, MSG_DONTWAIT, NULL, NULL) = -1 EAGAIN (Try again)
30197 1783914040.141878 sendmsg(177, {msg_name=NULL, msg_namelen=0, msg_iov=[{iov_base="l\1\1\1\374\0\0\0\315\0\0\0\235\0\0\0\1\1o\0;\0\0\0/re/frid"..., iov_len=428}], msg_iovlen=1, msg_controllen=0, msg_flags=0}, MSG_NOSIGNAL) = 428
30144 1783914040.247650 recvmsg(104, {msg_name=NULL, msg_namelen=0, msg_iov=[{iov_base="\300\0\0\0\0\0\0\0\5\0\0\0\0\0\0\0\0\0\0\0\0\0\0\0\343bh}\250i(\222"..., iov_len=4096}], msg_iovlen=1, msg_controllen=0, msg_flags=0}, MSG_DONTWAIT) = 584
30087 1783914040.609255 recvfrom(100, 0x7fc3986420, 3200, MSG_DONTWAIT, NULL, NULL) = -1 EAGAIN (Try again)
30087 1783914040.619749 recvfrom(100, "nysv\0\0\0\0\0\0\0\0\0\0\0\0\7\313\327\231i\2\0\0\356i\2\0\0\0\0\0", 3200, MSG_DONTWAIT, NULL, NULL) = 32
30087 1783914040.620419 recvfrom(100, 0x7fc3986860, 3200, MSG_DONTWAIT, NULL, NULL) = -1 EAGAIN (Try again)
30087 1783914040.621397 recvfrom(121, 0x7d29777820, 2272, MSG_DONTWAIT, NULL, NULL) = -1 EAGAIN (Try again)
30087 1783914040.643081 recvfrom(100, 0x7fc3985570, 3200, MSG_DONTWAIT, NULL, NULL) = -1 EAGAIN (Try again)
30197 1783914040.651245 sendmsg(177, {msg_name=NULL, msg_namelen=0, msg_iov=[{iov_base="l\1\1\1\374\0\0\0\316\0\0\0\235\0\0\0\1\1o\0;\0\0\0/re/frid"..., iov_len=428}], msg_iovlen=1, msg_controllen=0, msg_flags=0}, MSG_NOSIGNAL) = 428
30087 1783914040.653498 recvfrom(100, "nysv\0\0\0\0\0\0\0\0\0\0\0\0\204\350\324\233i\2\0\0\360i\2\0\0\0\0\0", 3200, MSG_DONTWAIT, NULL, NULL) = 32
30087 1783914040.653748 recvfrom(100, 0x7fc3986860, 3200, MSG_DONTWAIT, NULL, NULL) = -1 EAGAIN (Try again)
30087 1783914040.661202 recvfrom(100, 0x7fc3985fa0, 3200, MSG_DONTWAIT, NULL, NULL) = -1 EAGAIN (Try again)
30197 1783914040.669172 sendmsg(177, {msg_name=NULL, msg_namelen=0, msg_iov=[{iov_base="l\1\1\1\374\0\0\0\317\0\0\0\235\0\0\0\1\1o\0;\0\0\0/re/frid"..., iov_len=428}], msg_iovlen=1, msg_controllen=0, msg_flags=0}, MSG_NOSIGNAL) = 428
30087 1783914040.669670 recvfrom(100, "nysv\0\0\0\0\0\0\0\0\0\0\0\0\211\213\323\234i\2\0\0\361i\2\0\0\0\0\0", 3200, MSG_DONTWAIT, NULL, NULL) = 32
30087 1783914040.670009 recvfrom(100, 0x7fc3986860, 3200, MSG_DONTWAIT, NULL, NULL) = -1 EAGAIN (Try again)
30197 1783914040.677227 sendmsg(177, {msg_name=NULL, msg_namelen=0, msg_iov=[{iov_base="l\1\1\1\374\0\0\0\320\0\0\0\235\0\0\0\1\1o\0;\0\0\0/re/frid"..., iov_len=428}], msg_iovlen=1, msg_controllen=0, msg_flags=0}, MSG_NOSIGNAL) = 428
30197 1783914041.049684 sendmsg(177, {msg_name=NULL, msg_namelen=0, msg_iov=[{iov_base="l\1\1\1\374\0\0\0\321\0\0\0\235\0\0\0\1\1o\0;\0\0\0/re/frid"..., iov_len=428}], msg_iovlen=1, msg_controllen=0, msg_flags=0}, MSG_NOSIGNAL) = 428
30087 1783914041.112898 recvfrom(100, 0x7fc3986420, 3200, MSG_DONTWAIT, NULL, NULL) = -1 EAGAIN (Try again)
30087 1783914041.123909 recvfrom(100, "nysv\0\0\0\0\0\0\0\0\0\0\0\0!\356\244\267i\2\0\0\fj\2\0\0\0\0\0", 3200, MSG_DONTWAIT, NULL, NULL) = 32
30087 1783914041.124130 recvfrom(100, 0x7fc3986860, 3200, MSG_DONTWAIT, NULL, NULL) = -1 EAGAIN (Try again)
30087 1783914041.124480 recvfrom(121, 0x7d29777820, 2272, MSG_DONTWAIT, NULL, NULL) = -1 EAGAIN (Try again)
30087 1783914041.134232 recvfrom(100, 0x7fc3985570, 3200, MSG_DONTWAIT, NULL, NULL) = -1 EAGAIN (Try again)
30197 1783914041.144465 sendmsg(177, {msg_name=NULL, msg_namelen=0, msg_iov=[{iov_base="l\1\1\1\374\0\0\0\322\0\0\0\235\0\0\0\1\1o\0;\0\0\0/re/frid"..., iov_len=428}], msg_iovlen=1, msg_controllen=0, msg_flags=0}, MSG_NOSIGNAL) = 428
30087 1783914041.145765 recvfrom(100, "nysv\0\0\0\0\0\0\0\0\0\0\0\0`\217\243\270i\2\0\0\rj\2\0\0\0\0\0", 3200, MSG_DONTWAIT, NULL, NULL) = 32
30087 1783914041.145931 recvfrom(100, 0x7fc3986860, 3200, MSG_DONTWAIT, NULL, NULL) = -1 EAGAIN (Try again)
30087 1783914041.147267 recvfrom(100, 0x7fc3985fa0, 3200, MSG_DONTWAIT, NULL, NULL) = -1 EAGAIN (Try again)
30197 1783914041.152754 sendmsg(177, {msg_name=NULL, msg_namelen=0, msg_iov=[{iov_base="l\1\1\1\374\0\0\0\323\0\0\0\235\0\0\0\1\1o\0;\0\0\0/re/frid"..., iov_len=428}], msg_iovlen=1, msg_controllen=0, msg_flags=0}, MSG_NOSIGNAL) = 428
30087 1783914041.153903 recvfrom(100, "nysv\0\0\0\0\0\0\0\0\0\0\0\0\200`\242\271i\2\0\0\16j\2\0\0\0\0\0", 3200, MSG_DONTWAIT, NULL, NULL) = 32
30087 1783914041.154050 recvfrom(100, 0x7fc3986860, 3200, MSG_DONTWAIT, NULL, NULL) = -1 EAGAIN (Try again)
30197 1783914041.159549 sendmsg(177, {msg_name=NULL, msg_namelen=0, msg_iov=[{iov_base="l\1\1\1\374\0\0\0\324\0\0\0\235\0\0\0\1\1o\0;\0\0\0/re/frid"..., iov_len=428}], msg_iovlen=1, msg_controllen=0, msg_flags=0}, MSG_NOSIGNAL) = 428
30087 1783914041.622921 recvfrom(100, 0x7fc3986420, 3200, MSG_DONTWAIT, NULL, NULL) = -1 EAGAIN (Try again)
30087 1783914041.640733 recvfrom(100, "nysv\0\0\0\0\0\0\0\0\0\0\0\0007\243p\326i\2\0\0(j\2\0\0\0\0\0", 3200, MSG_DONTWAIT, NULL, NULL) = 32
30087 1783914041.641327 recvfrom(100, 0x7fc3986860, 3200, MSG_DONTWAIT, NULL, NULL) = -1 EAGAIN (Try again)
30087 1783914041.642318 recvfrom(121, 0x7d29777820, 2272, MSG_DONTWAIT, NULL, NULL) = -1 EAGAIN (Try again)
30197 1783914041.667294 sendmsg(177, {msg_name=NULL, msg_namelen=0, msg_iov=[{iov_base="l\1\1\1\374\0\0\0\325\0\0\0\235\0\0\0\1\1o\0;\0\0\0/re/frid"..., iov_len=428}], msg_iovlen=1, msg_controllen=0, msg_flags=0}, MSG_NOSIGNAL) = 428
30087 1783914041.669995 recvfrom(100, 0x7fc3985570, 3200, MSG_DONTWAIT, NULL, NULL) = -1 EAGAIN (Try again)
30087 1783914041.686109 recvfrom(100, "nysv\0\0\0\0\0\0\0\0\0\0\0\0@fl\331i\2\0\0+j\2\0\0\0\0\0", 3200, MSG_DONTWAIT, NULL, NULL) = 32
30087 1783914041.686345 recvfrom(100, 0x7fc3986860, 3200, MSG_DONTWAIT, NULL, NULL) = -1 EAGAIN (Try again)
30087 1783914041.688118 recvfrom(100, 0x7fc3985fa0, 3200, MSG_DONTWAIT, NULL, NULL) = -1 EAGAIN (Try again)
30197 1783914041.695155 sendmsg(177, {msg_name=NULL, msg_namelen=0, msg_iov=[{iov_base="l\1\1\1\374\0\0\0\326\0\0\0\235\0\0\0\1\1o\0;\0\0\0/re/frid"..., iov_len=428}], msg_iovlen=1, msg_controllen=0, msg_flags=0}, MSG_NOSIGNAL) = 428
30087 1783914041.705109 recvfrom(100, "nysv\0\0\0\0\0\0\0\0\0\0\0\0\320Tj\332i\2\0\0,j\2\0\0\0\0\0", 3200, MSG_DONTWAIT, NULL, NULL) = 32
30087 1783914041.705389 recvfrom(100, 0x7fc3986860, 3200, MSG_DONTWAIT, NULL, NULL) = -1 EAGAIN (Try again)
30197 1783914041.712674 sendmsg(177, {msg_name=NULL, msg_namelen=0, msg_iov=[{iov_base="l\1\1\1\374\0\0\0\327\0\0\0\235\0\0\0\1\1o\0;\0\0\0/re/frid"..., iov_len=428}], msg_iovlen=1, msg_controllen=0, msg_flags=0}, MSG_NOSIGNAL) = 428
30150 1783914041.824679 newfstatat(AT_FDCWD, "/data/user/0/app.fedilab.mobilizon/app_webview/Default/Service Worker/CacheStorage/01e4b316ab809d98beeb8793e5c3a7a8aa1f67ca/fdf4db4b-7cd1-4d1e-a05d-8e5d83e269c9/index-dir", {st_mode=S_IFDIR|0700, st_size=4096, ...}, 0) = 0
30150 1783914041.824750 newfstatat(AT_FDCWD, "/data/user/0/app.fedilab.mobilizon/app_webview/Default/Service Worker/CacheStorage/01e4b316ab809d98beeb8793e5c3a7a8aa1f67ca/fdf4db4b-7cd1-4d1e-a05d-8e5d83e269c9", {st_mode=S_IFDIR|0700, st_size=4096, ...}, 0) = 0
30150 1783914041.824773 openat(AT_FDCWD, "/data/user/0/app.fedilab.mobilizon/app_webview/Default/Service Worker/CacheStorage/01e4b316ab809d98beeb8793e5c3a7a8aa1f67ca/fdf4db4b-7cd1-4d1e-a05d-8e5d83e269c9/index-dir/temp-index", O_WRONLY|O_CREAT|O_TRUNC, 0600) = 150
30150 1783914041.824917 renameat(AT_FDCWD, "/data/user/0/app.fedilab.mobilizon/app_webview/Default/Service Worker/CacheStorage/01e4b316ab809d98beeb8793e5c3a7a8aa1f67ca/fdf4db4b-7cd1-4d1e-a05d-8e5d83e269c9/index-dir/temp-index", AT_FDCWD, "/data/user/0/app.fedilab.mobilizon/app_webview/Default/Service Worker/CacheStorage/01e4b316ab809d98beeb8793e5c3a7a8aa1f67ca/fdf4db4b-7cd1-4d1e-a05d-8e5d83e269c9/index-dir/the-real-index") = 0
30150 1783914041.876028 openat(AT_FDCWD, "/data/user/0/app.fedilab.mobilizon/app_webview/Default/Service Worker/CacheStorage/01e4b316ab809d98beeb8793e5c3a7a8aa1f67ca/index.txt.tmp", O_WRONLY|O_CREAT|O_TRUNC, 0666) = 150
30150 1783914041.876114 renameat(AT_FDCWD, "/data/user/0/app.fedilab.mobilizon/app_webview/Default/Service Worker/CacheStorage/01e4b316ab809d98beeb8793e5c3a7a8aa1f67ca/index.txt.tmp", AT_FDCWD, "/data/user/0/app.fedilab.mobilizon/app_webview/Default/Service Worker/CacheStorage/01e4b316ab809d98beeb8793e5c3a7a8aa1f67ca/index.txt") = 0
30197 1783914042.069598 sendmsg(177, {msg_name=NULL, msg_namelen=0, msg_iov=[{iov_base="l\1\1\1\374\0\0\0\330\0\0\0\235\0\0\0\1\1o\0;\0\0\0/re/frid"..., iov_len=428}], msg_iovlen=1, msg_controllen=0, msg_flags=0}, MSG_NOSIGNAL) = 428
30197 1783914042.097385 sendmsg(177, {msg_name=NULL, msg_namelen=0, msg_iov=[{iov_base="l\1\1\1\374\0\0\0\331\0\0\0\235\0\0\0\1\1o\0;\0\0\0/re/frid"..., iov_len=428}], msg_iovlen=1, msg_controllen=0, msg_flags=0}, MSG_NOSIGNAL) = 428
30197 1783914042.114070 sendmsg(177, {msg_name=NULL, msg_namelen=0, msg_iov=[{iov_base="l\1\1\1\374\0\0\0\332\0\0\0\235\0\0\0\1\1o\0;\0\0\0/re/frid"..., iov_len=428}], msg_iovlen=1, msg_controllen=0, msg_flags=0}, MSG_NOSIGNAL) = 428
30146 1783914042.115567 newfstatat(AT_FDCWD, "/data/user/0/app.fedilab.mobilizon/cache/WebView/Default/HTTP Cache/Code Cache/js/index-dir", {st_mode=S_IFDIR|S_ISGID|0700, st_size=4096, ...}, 0) = 0
30146 1783914042.115811 newfstatat(AT_FDCWD, "/data/user/0/app.fedilab.mobilizon/cache/WebView/Default/HTTP Cache/Code Cache/js", {st_mode=S_IFDIR|S_ISGID|0700, st_size=4096, ...}, 0) = 0
30146 1783914042.116060 openat(AT_FDCWD, "/data/user/0/app.fedilab.mobilizon/cache/WebView/Default/HTTP Cache/Code Cache/js/index-dir/temp-index", O_WRONLY|O_CREAT|O_TRUNC, 0600) = 150
30146 1783914042.116730 renameat(AT_FDCWD, "/data/user/0/app.fedilab.mobilizon/cache/WebView/Default/HTTP Cache/Code Cache/js/index-dir/temp-index", AT_FDCWD, "/data/user/0/app.fedilab.mobilizon/cache/WebView/Default/HTTP Cache/Code Cache/js/index-dir/the-real-index") = 0
30087 1783914042.124495 recvfrom(100, 0x7fc3986420, 3200, MSG_DONTWAIT, NULL, NULL) = -1 EAGAIN (Try again)
30087 1783914042.136094 recvfrom(100, "nysv\0\0\0\0\0\0\0\0\0\0\0\0\302t?\364i\2\0\0Fj\2\0\0\0\0\0", 3200, MSG_DONTWAIT, NULL, NULL) = 32
30087 1783914042.136264 recvfrom(100, 0x7fc3986860, 3200, MSG_DONTWAIT, NULL, NULL) = -1 EAGAIN (Try again)
30087 1783914042.136598 recvfrom(121, 0x7d29777820, 2272, MSG_DONTWAIT, NULL, NULL) = -1 EAGAIN (Try again)
30087 1783914042.141481 recvfrom(100, 0x7fc3985570, 3200, MSG_DONTWAIT, NULL, NULL) = -1 EAGAIN (Try again)
30197 1783914042.158348 sendmsg(177, {msg_name=NULL, msg_namelen=0, msg_iov=[{iov_base="l\1\1\1\374\0\0\0\333\0\0\0\235\0\0\0\1\1o\0;\0\0\0/re/frid"..., iov_len=428}], msg_iovlen=1, msg_controllen=0, msg_flags=0}, MSG_NOSIGNAL) = 428
30087 1783914042.159709 recvfrom(100, "nysv\0\0\0\0\0\0\0\0\0\0\0\0Z\21>\365i\2\0\0Gj\2\0\0\0\0\0", 3200, MSG_DONTWAIT, NULL, NULL) = 32
30087 1783914042.159873 recvfrom(100, 0x7fc3986860, 3200, MSG_DONTWAIT, NULL, NULL) = -1 EAGAIN (Try again)
30087 1783914042.161308 recvfrom(100, 0x7fc3985fa0, 3200, MSG_DONTWAIT, NULL, NULL) = -1 EAGAIN (Try again)
30197 1783914042.166399 sendmsg(177, {msg_name=NULL, msg_namelen=0, msg_iov=[{iov_base="l\1\1\1\374\0\0\0\334\0\0\0\235\0\0\0\1\1o\0;\0\0\0/re/frid"..., iov_len=428}], msg_iovlen=1, msg_controllen=0, msg_flags=0}, MSG_NOSIGNAL) = 428
30087 1783914042.169409 recvfrom(100, "nysv\0\0\0\0\0\0\0\0\0\0\0\0\5\216<\366i\2\0\0Hj\2\0\0\0\0\0", 3200, MSG_DONTWAIT, NULL, NULL) = 32
30087 1783914042.169560 recvfrom(100, 0x7fc3986860, 3200, MSG_DONTWAIT, NULL, NULL) = -1 EAGAIN (Try again)
30197 1783914042.174111 sendmsg(177, {msg_name=NULL, msg_namelen=0, msg_iov=[{iov_base="l\1\1\1\374\0\0\0\335\0\0\0\235\0\0\0\1\1o\0;\0\0\0/re/frid"..., iov_len=428}], msg_iovlen=1, msg_controllen=0, msg_flags=0}, MSG_NOSIGNAL) = 428
30087 1783914042.632483 recvfrom(100, 0x7fc3986420, 3200, MSG_DONTWAIT, NULL, NULL) = -1 EAGAIN (Try again)
30087 1783914042.635952 recvfrom(100, "nysv\0\0\0\0\0\0\0\0\0\0\0\0\5\303\v\22j\2\0\0bj\2\0\0\0\0\0", 3200, MSG_DONTWAIT, NULL, NULL) = 32
30087 1783914042.636345 recvfrom(100, 0x7fc3986860, 3200, MSG_DONTWAIT, NULL, NULL) = -1 EAGAIN (Try again)
30087 1783914042.636949 recvfrom(121, 0x7d29777820, 2272, MSG_DONTWAIT, NULL, NULL) = -1 EAGAIN (Try again)
30087 1783914042.655862 recvfrom(100, 0x7fc3985570, 3200, MSG_DONTWAIT, NULL, NULL) = -1 EAGAIN (Try again)
30197 1783914042.665900 sendmsg(177, {msg_name=NULL, msg_namelen=0, msg_iov=[{iov_base="l\1\1\1\374\0\0\0\336\0\0\0\235\0\0\0\1\1o\0;\0\0\0/re/frid"..., iov_len=428}], msg_iovlen=1, msg_controllen=0, msg_flags=0}, MSG_NOSIGNAL) = 428
30087 1783914042.669478 recvfrom(100, "nysv\0\0\0\0\0\0\0\0\0\0\0\0\357\362\10\24j\2\0\0dj\2\0\0\0\0\0", 3200, MSG_DONTWAIT, NULL, NULL) = 32
30087 1783914042.669987 recvfrom(100, 0x7fc3986860, 3200, MSG_DONTWAIT, NULL, NULL) = -1 EAGAIN (Try again)
30087 1783914042.679491 recvfrom(100, 0x7fc3985fa0, 3200, MSG_DONTWAIT, NULL, NULL) = -1 EAGAIN (Try again)
30197 1783914042.686660 sendmsg(177, {msg_name=NULL, msg_namelen=0, msg_iov=[{iov_base="l\1\1\1\374\0\0\0\337\0\0\0\235\0\0\0\1\1o\0;\0\0\0/re/frid"..., iov_len=428}], msg_iovlen=1, msg_controllen=0, msg_flags=0}, MSG_NOSIGNAL) = 428
30087 1783914042.688391 recvfrom(100, "nysv\0\0\0\0\0\0\0\0\0\0\0\0|\225\7\25j\2\0\0ej\2\0\0\0\0\0", 3200, MSG_DONTWAIT, NULL, NULL) = 32
30087 1783914042.688585 recvfrom(100, 0x7fc3986860, 3200, MSG_DONTWAIT, NULL, NULL) = -1 EAGAIN (Try again)
30197 1783914042.693877 sendmsg(177, {msg_name=NULL, msg_namelen=0, msg_iov=[{iov_base="l\1\1\1\374\0\0\0\340\0\0\0\235\0\0\0\1\1o\0;\0\0\0/re/frid"..., iov_len=428}], msg_iovlen=1, msg_controllen=0, msg_flags=0}, MSG_NOSIGNAL) = 428
30087 1783914043.136114 recvfrom(100, 0x7fc3986420, 3200, MSG_DONTWAIT, NULL, NULL) = -1 EAGAIN (Try again)
30087 1783914043.154413 recvfrom(100, "nysv\0\0\0\0\0\0\0\0\0\0\0\0\231Q\3270j\2\0\0\201j\2\0\0\0\0\0", 3200, MSG_DONTWAIT, NULL, NULL) = 32
30087 1783914043.154701 recvfrom(100, 0x7fc3986860, 3200, MSG_DONTWAIT, NULL, NULL) = -1 EAGAIN (Try again)
30087 1783914043.155020 recvfrom(121, 0x7d29777820, 2272, MSG_DONTWAIT, NULL, NULL) = -1 EAGAIN (Try again)
30197 1783914043.179946 sendmsg(177, {msg_name=NULL, msg_namelen=0, msg_iov=[{iov_base="l\1\1\1\374\0\0\0\341\0\0\0\235\0\0\0\1\1o\0;\0\0\0/re/frid"..., iov_len=428}], msg_iovlen=1, msg_controllen=0, msg_flags=0}, MSG_NOSIGNAL) = 428
30087 1783914043.181375 recvfrom(100, 0x7fc3985570, 3200, MSG_DONTWAIT, NULL, NULL) = -1 EAGAIN (Try again)
30087 1783914043.185647 recvfrom(100, "nysv\0\0\0\0\0\0\0\0\0\0\0\0\230\222\3242j\2\0\0\203j\2\0\0\0\0\0", 3200, MSG_DONTWAIT, NULL, NULL) = 32
30087 1783914043.185911 recvfrom(100, 0x7fc3986860, 3200, MSG_DONTWAIT, NULL, NULL) = -1 EAGAIN (Try again)
30087 1783914043.187819 recvfrom(100, 0x7fc3985fa0, 3200, MSG_DONTWAIT, NULL, NULL) = -1 EAGAIN (Try again)
30197 1783914043.194720 sendmsg(177, {msg_name=NULL, msg_namelen=0, msg_iov=[{iov_base="l\1\1\1\374\0\0\0\342\0\0\0\235\0\0\0\1\1o\0;\0\0\0/re/frid"..., iov_len=428}], msg_iovlen=1, msg_controllen=0, msg_flags=0}, MSG_NOSIGNAL) = 428
30087 1783914043.205315 recvfrom(100, "nysv\0\0\0\0\0\0\0\0\0\0\0\0_o\3223j\2\0\0\204j\2\0\0\0\0\0", 3200, MSG_DONTWAIT, NULL, NULL) = 32
30087 1783914043.205492 recvfrom(100, 0x7fc3986860, 3200, MSG_DONTWAIT, NULL, NULL) = -1 EAGAIN (Try again)
30197 1783914043.211130 sendmsg(177, {msg_name=NULL, msg_namelen=0, msg_iov=[{iov_base="l\1\1\1\374\0\0\0\343\0\0\0\235\0\0\0\1\1o\0;\0\0\0/re/frid"..., iov_len=428}], msg_iovlen=1, msg_controllen=0, msg_flags=0}, MSG_NOSIGNAL) = 428
30144 1783914043.253122 recvmsg(104, {msg_name=NULL, msg_namelen=0, msg_iov=[{iov_base="\320\1\0\0\0\0\0\0\5\0\0\0\0\0\0\0\0\0\0\0\0\0\0\0\343bh}\250i(\222"..., iov_len=4096}], msg_iovlen=1, msg_controllen=0, msg_flags=0}, MSG_DONTWAIT) = 464
30087 1783914043.640807 recvfrom(100, 0x7fc3986420, 3200, MSG_DONTWAIT, NULL, NULL) = -1 EAGAIN (Try again)
30087 1783914043.657635 recvfrom(100, "nysv\0\0\0\0\0\0\0\0\0\0\0\0\21\207\244Nj\2\0\0\236j\2\0\0\0\0\0", 3200, MSG_DONTWAIT, NULL, NULL) = 32
30087 1783914043.658330 recvfrom(100, 0x7fc3986860, 3200, MSG_DONTWAIT, NULL, NULL) = -1 EAGAIN (Try again)
30087 1783914043.659351 recvfrom(121, 0x7d29777820, 2272, MSG_DONTWAIT, NULL, NULL) = -1 EAGAIN (Try again)
30087 1783914043.673792 recvfrom(100, 0x7fc3985570, 3200, MSG_DONTWAIT, NULL, NULL) = -1 EAGAIN (Try again)
30197 1783914043.681322 sendmsg(177, {msg_name=NULL, msg_namelen=0, msg_iov=[{iov_base="l\1\1\1\374\0\0\0\344\0\0\0\235\0\0\0\1\1o\0;\0\0\0/re/frid"..., iov_len=428}], msg_iovlen=1, msg_controllen=0, msg_flags=0}, MSG_NOSIGNAL) = 428
30087 1783914043.685720 recvfrom(100, "nysv\0\0\0\0\0\0\0\0\0\0\0\0\255\300\241Pj\2\0\0\240j\2\0\0\0\0\0", 3200, MSG_DONTWAIT, NULL, NULL) = 32
30087 1783914043.686188 recvfrom(100, 0x7fc3986860, 3200, MSG_DONTWAIT, NULL, NULL) = -1 EAGAIN (Try again)
30087 1783914043.695871 recvfrom(100, 0x7fc3985fa0, 3200, MSG_DONTWAIT, NULL, NULL) = -1 EAGAIN (Try again)
30197 1783914043.703121 sendmsg(177, {msg_name=NULL, msg_namelen=0, msg_iov=[{iov_base="l\1\1\1\374\0\0\0\345\0\0\0\235\0\0\0\1\1o\0;\0\0\0/re/frid"..., iov_len=428}], msg_iovlen=1, msg_controllen=0, msg_flags=0}, MSG_NOSIGNAL) = 428
30087 1783914043.704465 recvfrom(100, "nysv\0\0\0\0\0\0\0\0\0\0\0\0@b\240Qj\2\0\0\241j\2\0\0\0\0\0", 3200, MSG_DONTWAIT, NULL, NULL) = 32
30087 1783914043.704670 recvfrom(100, 0x7fc3986860, 3200, MSG_DONTWAIT, NULL, NULL) = -1 EAGAIN (Try again)
30197 1783914043.710258 sendmsg(177, {msg_name=NULL, msg_namelen=0, msg_iov=[{iov_base="l\1\1\1\374\0\0\0\346\0\0\0\235\0\0\0\1\1o\0;\0\0\0/re/frid"..., iov_len=428}], msg_iovlen=1, msg_controllen=0, msg_flags=0}, MSG_NOSIGNAL) = 428
30146 1783914043.774734 newfstatat(AT_FDCWD, "/data/user/0/app.fedilab.mobilizon/cache/WebView/Default/HTTP Cache/index-dir", {st_mode=S_IFDIR|S_ISGID|0700, st_size=4096, ...}, 0) = 0
30146 1783914043.774991 newfstatat(AT_FDCWD, "/data/user/0/app.fedilab.mobilizon/cache/WebView/Default/HTTP Cache", {st_mode=S_IFDIR|S_ISGID|0700, st_size=16384, ...}, 0) = 0
30146 1783914043.775211 openat(AT_FDCWD, "/data/user/0/app.fedilab.mobilizon/cache/WebView/Default/HTTP Cache/index-dir/temp-index", O_WRONLY|O_CREAT|O_TRUNC, 0600) = 150
30146 1783914043.776034 renameat(AT_FDCWD, "/data/user/0/app.fedilab.mobilizon/cache/WebView/Default/HTTP Cache/index-dir/temp-index", AT_FDCWD, "/data/user/0/app.fedilab.mobilizon/cache/WebView/Default/HTTP Cache/index-dir/the-real-index") = 0
30087 1783914044.144138 recvfrom(100, 0x7fc3986420, 3200, MSG_DONTWAIT, NULL, NULL) = -1 EAGAIN (Try again)
30087 1783914044.152700 recvfrom(100, "nysv\0\0\0\0\0\0\0\0\0\0\0\0\25\223rlj\2\0\0\274j\2\0\0\0\0\0", 3200, MSG_DONTWAIT, NULL, NULL) = 32
30087 1783914044.153115 recvfrom(100, 0x7fc3986860, 3200, MSG_DONTWAIT, NULL, NULL) = -1 EAGAIN (Try again)
30087 1783914044.153830 recvfrom(121, 0x7d29777820, 2272, MSG_DONTWAIT, NULL, NULL) = -1 EAGAIN (Try again)
30087 1783914044.171715 recvfrom(100, 0x7fc3985570, 3200, MSG_DONTWAIT, NULL, NULL) = -1 EAGAIN (Try again)
30197 1783914044.186554 sendmsg(177, {msg_name=NULL, msg_namelen=0, msg_iov=[{iov_base="l\1\1\1\374\0\0\0\347\0\0\0\235\0\0\0\1\1o\0;\0\0\0/re/frid"..., iov_len=428}], msg_iovlen=1, msg_controllen=0, msg_flags=0}, MSG_NOSIGNAL) = 428
30087 1783914044.188051 recvfrom(100, "nysv\0\0\0\0\0\0\0\0\0\0\0\0\352\323onj\2\0\0\276j\2\0\0\0\0\0", 3200, MSG_DONTWAIT, NULL, NULL) = 32
30087 1783914044.188253 recvfrom(100, 0x7fc3986860, 3200, MSG_DONTWAIT, NULL, NULL) = -1 EAGAIN (Try again)
30087 1783914044.189751 recvfrom(100, 0x7fc39860d0, 3200, MSG_DONTWAIT, NULL, NULL) = -1 EAGAIN (Try again)
30197 1783914044.198421 sendmsg(177, {msg_name=NULL, msg_namelen=0, msg_iov=[{iov_base="l\1\1\1\374\0\0\0\350\0\0\0\235\0\0\0\1\1o\0;\0\0\0/re/frid"..., iov_len=428}], msg_iovlen=1, msg_controllen=0, msg_flags=0}, MSG_NOSIGNAL) = 428
30087 1783914044.203541 recvfrom(100, "nysv\0\0\0\0\0\0\0\0\0\0\0\0u\"noj\2\0\0\277j\2\0\0\0\0\0", 3200, MSG_DONTWAIT, NULL, NULL) = 32
30087 1783914044.203778 recvfrom(100, 0x7fc3986860, 3200, MSG_DONTWAIT, NULL, NULL) = -1 EAGAIN (Try again)
30197 1783914044.209283 sendmsg(177, {msg_name=NULL, msg_namelen=0, msg_iov=[{iov_base="l\1\1\1\374\0\0\0\351\0\0\0\235\0\0\0\1\1o\0;\0\0\0/re/frid"..., iov_len=428}], msg_iovlen=1, msg_controllen=0, msg_flags=0}, MSG_NOSIGNAL) = 428
30087 1783914044.657725 recvfrom(100, 0x7fc3986420, 3200, MSG_DONTWAIT, NULL, NULL) = -1 EAGAIN (Try again)
30087 1783914044.669572 recvfrom(100, "nysv\0\0\0\0\0\0\0\0\0\0\0\0006\343=\213j\2\0\0\333j\2\0\0\0\0\0", 3200, MSG_DONTWAIT, NULL, NULL) = 32
30087 1783914044.670007 recvfrom(100, 0x7fc3986860, 3200, MSG_DONTWAIT, NULL, NULL) = -1 EAGAIN (Try again)
30087 1783914044.670798 recvfrom(121, 0x7d29777820, 2272, MSG_DONTWAIT, NULL, NULL) = -1 EAGAIN (Try again)
30087 1783914044.689232 recvfrom(100, 0x7fc3985570, 3200, MSG_DONTWAIT, NULL, NULL) = -1 EAGAIN (Try again)
30087 1783914044.702878 recvfrom(100,  <unfinished ...>
30197 1783914044.703070 sendmsg(177, {msg_name=NULL, msg_namelen=0, msg_iov=[{iov_base="l\1\1\1\374\0\0\0\352\0\0\0\235\0\0\0\1\1o\0;\0\0\0/re/frid"..., iov_len=428}], msg_iovlen=1, msg_controllen=0, msg_flags=0}, MSG_NOSIGNAL <unfinished ...>
30087 1783914044.703101 <... recvfrom resumed> "nysv\0\0\0\0\0\0\0\0\0\0\0\0\204,;\215j\2\0\0\335j\2\0\0\0\0\0", 3200, MSG_DONTWAIT, NULL, NULL) = 32
30197 1783914044.703329 <... sendmsg resumed> ) = 428
30087 1783914044.703338 recvfrom(100, 0x7fc3986860, 3200, MSG_DONTWAIT, NULL, NULL) = -1 EAGAIN (Try again)
30087 1783914044.709460 recvfrom(100, 0x7fc3985bf0, 3200, MSG_DONTWAIT, NULL, NULL) = -1 EAGAIN (Try again)
30197 1783914044.716045 sendmsg(177, {msg_name=NULL, msg_namelen=0, msg_iov=[{iov_base="l\1\1\1\374\0\0\0\353\0\0\0\235\0\0\0\1\1o\0;\0\0\0/re/frid"..., iov_len=428}], msg_iovlen=1, msg_controllen=0, msg_flags=0}, MSG_NOSIGNAL) = 428
30087 1783914044.719488 recvfrom(100, "nysv\0\0\0\0\0\0\0\0\0\0\0\0\22\2529\216j\2\0\0\336j\2\0\0\0\0\0", 3200, MSG_DONTWAIT, NULL, NULL) = 32
30087 1783914044.719681 recvfrom(100, 0x7fc3986860, 3200, MSG_DONTWAIT, NULL, NULL) = -1 EAGAIN (Try again)
30197 1783914044.726114 sendmsg(177, {msg_name=NULL, msg_namelen=0, msg_iov=[{iov_base="l\1\1\1\374\0\0\0\354\0\0\0\235\0\0\0\1\1o\0;\0\0\0/re/frid"..., iov_len=428}], msg_iovlen=1, msg_controllen=0, msg_flags=0}, MSG_NOSIGNAL) = 428
30087 1783914045.171232 recvfrom(100, 0x7fc3986420, 3200, MSG_DONTWAIT, NULL, NULL) = -1 EAGAIN (Try again)
30087 1783914045.191960 recvfrom(100, "nysv\0\0\0\0\0\0\0\0\0\0\0\0)V\t\252j\2\0\0\371j\2\0\0\0\0\0", 3200, MSG_DONTWAIT, NULL, NULL) = 32
30087 1783914045.192239 recvfrom(100, 0x7fc3986860, 3200, MSG_DONTWAIT, NULL, NULL) = -1 EAGAIN (Try again)
30087 1783914045.192725 recvfrom(121, 0x7d29777820, 2272, MSG_DONTWAIT, NULL, NULL) = -1 EAGAIN (Try again)
30087 1783914045.205566 recvfrom(100, 0x7fc3985570, 3200, MSG_DONTWAIT, NULL, NULL) = -1 EAGAIN (Try again)
30197 1783914045.213790 sendmsg(177, {msg_name=NULL, msg_namelen=0, msg_iov=[{iov_base="l\1\1\1\374\0\0\0\355\0\0\0\235\0\0\0\1\1o\0;\0\0\0/re/frid"..., iov_len=428}], msg_iovlen=1, msg_controllen=0, msg_flags=0}, MSG_NOSIGNAL) = 428
30087 1783914045.220549 recvfrom(100, "nysv\0\0\0\0\0\0\0\0\0\0\0\0c7\6\254j\2\0\0\373j\2\0\0\0\0\0", 3200, MSG_DONTWAIT, NULL, NULL) = 32
30087 1783914045.221018 recvfrom(100, 0x7fc3986860, 3200, MSG_DONTWAIT, NULL, NULL) = -1 EAGAIN (Try again)
30087 1783914045.226101 recvfrom(100, 0x7fc39860d0, 3200, MSG_DONTWAIT, NULL, NULL) = -1 EAGAIN (Try again)
30197 1783914045.233352 sendmsg(177, {msg_name=NULL, msg_namelen=0, msg_iov=[{iov_base="l\1\1\1\374\0\0\0\356\0\0\0\235\0\0\0\1\1o\0;\0\0\0/re/frid"..., iov_len=428}], msg_iovlen=1, msg_controllen=0, msg_flags=0}, MSG_NOSIGNAL) = 428
30087 1783914045.235480 recvfrom(100, "nysv\0\0\0\0\0\0\0\0\0\0\0\0\263\333\4\255j\2\0\0\374j\2\0\0\0\0\0", 3200, MSG_DONTWAIT, NULL, NULL) = 32
30087 1783914045.235749 recvfrom(100, 0x7fc3986860, 3200, MSG_DONTWAIT, NULL, NULL) = -1 EAGAIN (Try again)
30197 1783914045.242026 sendmsg(177, {msg_name=NULL, msg_namelen=0, msg_iov=[{iov_base="l\1\1\1\374\0\0\0\357\0\0\0\235\0\0\0\1\1o\0;\0\0\0/re/frid"..., iov_len=428}], msg_iovlen=1, msg_controllen=0, msg_flags=0}, MSG_NOSIGNAL) = 428
30087 1783914045.682551 recvfrom(100, 0x7fc3986420, 3200, MSG_DONTWAIT, NULL, NULL) = -1 EAGAIN (Try again)
30087 1783914045.686133 recvfrom(100, "nysv\0\0\0\0\0\0\0\0\0\0\0\0\230\r\327\307j\2\0\0\26k\2\0\0\0\0\0", 3200, MSG_DONTWAIT, NULL, NULL) = 32
30087 1783914045.686497 recvfrom(100, 0x7fc3986860, 3200, MSG_DONTWAIT, NULL, NULL) = -1 EAGAIN (Try again)
30087 1783914045.686837 recvfrom(121, 0x7d29777820, 2272, MSG_DONTWAIT, NULL, NULL) = -1 EAGAIN (Try again)
30197 1783914045.709810 sendmsg(177, {msg_name=NULL, msg_namelen=0, msg_iov=[{iov_base="l\1\1\1\374\0\0\0\360\0\0\0\235\0\0\0\1\1o\0;\0\0\0/re/frid"..., iov_len=428}], msg_iovlen=1, msg_controllen=0, msg_flags=0}, MSG_NOSIGNAL) = 428
30087 1783914045.711837 recvfrom(100, 0x7fc3985570, 3200, MSG_DONTWAIT, NULL, NULL) = -1 EAGAIN (Try again)
30087 1783914045.721670 recvfrom(100, "nysv\0\0\0\0\0\0\0\0\0\0\0\0\304\257\323\311j\2\0\0\30k\2\0\0\0\0\0", 3200, MSG_DONTWAIT, NULL, NULL) = 32
30087 1783914045.722062 recvfrom(100, 0x7fc3986860, 3200, MSG_DONTWAIT, NULL, NULL) = -1 EAGAIN (Try again)
30087 1783914045.726092 recvfrom(100, 0x7fc39860d0, 3200, MSG_DONTWAIT, NULL, NULL) = -1 EAGAIN (Try again)
30197 1783914045.742525 sendmsg(177, {msg_name=NULL, msg_namelen=0, msg_iov=[{iov_base="l\1\1\1\374\0\0\0\361\0\0\0\235\0\0\0\1\1o\0;\0\0\0/re/frid"..., iov_len=428}], msg_iovlen=1, msg_controllen=0, msg_flags=0}, MSG_NOSIGNAL) = 428
30087 1783914045.742721 recvfrom(100, "nysv\0\0\0\0\0\0\0\0\0\0\0\0\277R\322\312j\2\0\0\31k\2\0\0\0\0\0", 3200, MSG_DONTWAIT, NULL, NULL) = 32
30087 1783914045.743130 recvfrom(100, 0x7fc3986860, 3200, MSG_DONTWAIT, NULL, NULL) = -1 EAGAIN (Try again)
30197 1783914045.749280 sendmsg(177, {msg_name=NULL, msg_namelen=0, msg_iov=[{iov_base="l\1\1\1\374\0\0\0\362\0\0\0\235\0\0\0\1\1o\0;\0\0\0/re/frid"..., iov_len=428}], msg_iovlen=1, msg_controllen=0, msg_flags=0}, MSG_NOSIGNAL) = 428
30087 1783914046.195181 recvfrom(100, 0x7fc3986420, 3200, MSG_DONTWAIT, NULL, NULL) = -1 EAGAIN (Try again)
30087 1783914046.204462 recvfrom(100, "nysv\0\0\0\0\0\0\0\0\0\0\0\0+p\242\346j\2\0\0004k\2\0\0\0\0\0", 3200, MSG_DONTWAIT, NULL, NULL) = 32
30087 1783914046.204908 recvfrom(100, 0x7fc3986860, 3200, MSG_DONTWAIT, NULL, NULL) = -1 EAGAIN (Try again)
30087 1783914046.205649 recvfrom(121, 0x7d29777820, 2272, MSG_DONTWAIT, NULL, NULL) = -1 EAGAIN (Try again)
30087 1783914046.215186 recvfrom(100, 0x7fc3985570, 3200, MSG_DONTWAIT, NULL, NULL) = -1 EAGAIN (Try again)
30197 1783914046.231047 sendmsg(177, {msg_name=NULL, msg_namelen=0, msg_iov=[{iov_base="l\1\1\1\374\0\0\0\363\0\0\0\235\0\0\0\1\1o\0;\0\0\0/re/frid"..., iov_len=428}], msg_iovlen=1, msg_controllen=0, msg_flags=0}, MSG_NOSIGNAL) = 428
30087 1783914046.237172 recvfrom(100, "nysv\0\0\0\0\0\0\0\0\0\0\0\0_|\237\350j\2\0\0006k\2\0\0\0\0\0", 3200, MSG_DONTWAIT, NULL, NULL) = 32
30087 1783914046.237455 recvfrom(100, 0x7fc3986860, 3200, MSG_DONTWAIT, NULL, NULL) = -1 EAGAIN (Try again)
30087 1783914046.244830 recvfrom(100, 0x7fc39860d0, 3200, MSG_DONTWAIT, NULL, NULL) = -1 EAGAIN (Try again)
30197 1783914046.252488 sendmsg(177, {msg_name=NULL, msg_namelen=0, msg_iov=[{iov_base="l\1\1\1\374\0\0\0\364\0\0\0\235\0\0\0\1\1o\0;\0\0\0/re/frid"..., iov_len=428}], msg_iovlen=1, msg_controllen=0, msg_flags=0}, MSG_NOSIGNAL) = 428
30087 1783914046.253731 recvfrom(100, "nysv\0\0\0\0\0\0\0\0\0\0\0\0E\34\236\351j\2\0\0007k\2\0\0\0\0\0", 3200, MSG_DONTWAIT, NULL, NULL) = 32
30087 1783914046.253914 recvfrom(100, 0x7fc3986860, 3200, MSG_DONTWAIT, NULL, NULL) = -1 EAGAIN (Try again)
30197 1783914046.260295 sendmsg(177, {msg_name=NULL, msg_namelen=0, msg_iov=[{iov_base="l\1\1\1\374\0\0\0\365\0\0\0\235\0\0\0\1\1o\0;\0\0\0/re/frid"..., iov_len=428}], msg_iovlen=1, msg_controllen=0, msg_flags=0}, MSG_NOSIGNAL) = 428
30087 1783914046.705800 recvfrom(100, 0x7fc3986420, 3200, MSG_DONTWAIT, NULL, NULL) = -1 EAGAIN (Try again)
30087 1783914046.724104 recvfrom(100, "nysv\0\0\0\0\0\0\0\0\0\0\0\0A%n\5k\2\0\0Rk\2\0\0\0\0\0", 3200, MSG_DONTWAIT, NULL, NULL) = 32
30087 1783914046.724773 recvfrom(100, 0x7fc3986860, 3200, MSG_DONTWAIT, NULL, NULL) = -1 EAGAIN (Try again)
30087 1783914046.725459 recvfrom(121, 0x7d29777820, 2272, MSG_DONTWAIT, NULL, NULL) = -1 EAGAIN (Try again)
30087 1783914046.743837 recvfrom(100, 0x7fc3985570, 3200, MSG_DONTWAIT, NULL, NULL) = -1 EAGAIN (Try again)
30197 1783914046.756674 sendmsg(177, {msg_name=NULL, msg_namelen=0, msg_iov=[{iov_base="l\1\1\1\374\0\0\0\366\0\0\0\235\0\0\0\1\1o\0;\0\0\0/re/frid"..., iov_len=428}], msg_iovlen=1, msg_controllen=0, msg_flags=0}, MSG_NOSIGNAL) = 428
30087 1783914046.758391 recvfrom(100, "nysv\0\0\0\0\0\0\0\0\0\0\0\0\266nk\7k\2\0\0Tk\2\0\0\0\0\0", 3200, MSG_DONTWAIT, NULL, NULL) = 32
30087 1783914046.760082 recvfrom(100, 0x7fc3986860, 3200, MSG_DONTWAIT, NULL, NULL) = -1 EAGAIN (Try again)
30087 1783914046.762743 recvfrom(100, 0x7fc39860d0, 3200, MSG_DONTWAIT, NULL, NULL) = -1 EAGAIN (Try again)
30087 1783914046.770849 recvfrom(100,  <unfinished ...>
30197 1783914046.770923 sendmsg(177, {msg_name=NULL, msg_namelen=0, msg_iov=[{iov_base="l\1\1\1\374\0\0\0\367\0\0\0\235\0\0\0\1\1o\0;\0\0\0/re/frid"..., iov_len=428}], msg_iovlen=1, msg_controllen=0, msg_flags=0}, MSG_NOSIGNAL <unfinished ...>
30087 1783914046.770943 <... recvfrom resumed> "nysv\0\0\0\0\0\0\0\0\0\0\0\0K\21j\10k\2\0\0Uk\2\0\0\0\0\0", 3200, MSG_DONTWAIT, NULL, NULL) = 32
30197 1783914046.771164 <... sendmsg resumed> ) = 428
30087 1783914046.771170 recvfrom(100, 0x7fc3986860, 3200, MSG_DONTWAIT, NULL, NULL) = -1 EAGAIN (Try again)
30197 1783914046.777439 sendmsg(177, {msg_name=NULL, msg_namelen=0, msg_iov=[{iov_base="l\1\1\1\374\0\0\0\370\0\0\0\235\0\0\0\1\1o\0;\0\0\0/re/frid"..., iov_len=428}], msg_iovlen=1, msg_controllen=0, msg_flags=0}, MSG_NOSIGNAL) = 428
30087 1783914047.213716 recvfrom(100, 0x7fc3986420, 3200, MSG_DONTWAIT, NULL, NULL) = -1 EAGAIN (Try again)
30087 1783914047.220490 recvfrom(100, "nysv\0\0\0\0\0\0\0\0\0\0\0\0T\320;#k\2\0\0ok\2\0\0\0\0\0", 3200, MSG_DONTWAIT, NULL, NULL) = 32
30087 1783914047.221168 recvfrom(100, 0x7fc3986860, 3200, MSG_DONTWAIT, NULL, NULL) = -1 EAGAIN (Try again)
30087 1783914047.221921 recvfrom(121, 0x7d29777820, 2272, MSG_DONTWAIT, NULL, NULL) = -1 EAGAIN (Try again)
30087 1783914047.238720 recvfrom(100, 0x7fc3985570, 3200, MSG_DONTWAIT, NULL, NULL) = -1 EAGAIN (Try again)
30197 1783914047.249224 sendmsg(177, {msg_name=NULL, msg_namelen=0, msg_iov=[{iov_base="l\1\1\1\374\0\0\0\371\0\0\0\235\0\0\0\1\1o\0;\0\0\0/re/frid"..., iov_len=428}], msg_iovlen=1, msg_controllen=0, msg_flags=0}, MSG_NOSIGNAL) = 428
30087 1783914047.253122 recvfrom(100, "nysv\0\0\0\0\0\0\0\0\0\0\0\08\59%k\2\0\0qk\2\0\0\0\0\0", 3200, MSG_DONTWAIT, NULL, NULL) = 32
30087 1783914047.253451 recvfrom(100, 0x7fc3986860, 3200, MSG_DONTWAIT, NULL, NULL) = -1 EAGAIN (Try again)
30087 1783914047.259896 recvfrom(100, 0x7fc39860d0, 3200, MSG_DONTWAIT, NULL, NULL) = -1 EAGAIN (Try again)
30197 1783914047.268403 sendmsg(177, {msg_name=NULL, msg_namelen=0, msg_iov=[{iov_base="l\1\1\1\374\0\0\0\372\0\0\0\235\0\0\0\1\1o\0;\0\0\0/re/frid"..., iov_len=428}], msg_iovlen=1, msg_controllen=0, msg_flags=0}, MSG_NOSIGNAL) = 428
30087 1783914047.269049 recvfrom(100, "nysv\0\0\0\0\0\0\0\0\0\0\0\0U\2507&k\2\0\0rk\2\0\0\0\0\0", 3200, MSG_DONTWAIT, NULL, NULL) = 32
30087 1783914047.269303 recvfrom(100, 0x7fc3986860, 3200, MSG_DONTWAIT, NULL, NULL) = -1 EAGAIN (Try again)
30197 1783914047.274979 sendmsg(177, {msg_name=NULL, msg_namelen=0, msg_iov=[{iov_base="l\1\1\1\374\0\0\0\373\0\0\0\235\0\0\0\1\1o\0;\0\0\0/re/frid"..., iov_len=428}], msg_iovlen=1, msg_controllen=0, msg_flags=0}, MSG_NOSIGNAL) = 428
30087 1783914047.726208 recvfrom(100, 0x7fc3986420, 3200, MSG_DONTWAIT, NULL, NULL) = -1 EAGAIN (Try again)
30087 1783914047.738969 recvfrom(100, "nysv\0\0\0\0\0\0\0\0\0\0\0\0C?\7Bk\2\0\0\216k\2\0\0\0\0\0", 3200, MSG_DONTWAIT, NULL, NULL) = 32
30087 1783914047.739495 recvfrom(100, 0x7fc3986860, 3200, MSG_DONTWAIT, NULL, NULL) = -1 EAGAIN (Try again)
30087 1783914047.740238 recvfrom(121, 0x7d29777820, 2272, MSG_DONTWAIT, NULL, NULL) = -1 EAGAIN (Try again)
30087 1783914047.755778 recvfrom(100, 0x7fc3985570, 3200, MSG_DONTWAIT, NULL, NULL) = -1 EAGAIN (Try again)
30197 1783914047.764542 sendmsg(177, {msg_name=NULL, msg_namelen=0, msg_iov=[{iov_base="l\1\1\1\374\0\0\0\374\0\0\0\235\0\0\0\1\1o\0;\0\0\0/re/frid"..., iov_len=428}], msg_iovlen=1, msg_controllen=0, msg_flags=0}, MSG_NOSIGNAL) = 428
30087 1783914047.770210 recvfrom(100, "nysv\0\0\0\0\0\0\0\0\0\0\0\0\375<\4Dk\2\0\0\220k\2\0\0\0\0\0", 3200, MSG_DONTWAIT, NULL, NULL) = 32
30087 1783914047.770665 recvfrom(100, 0x7fc3986860, 3200, MSG_DONTWAIT, NULL, NULL) = -1 EAGAIN (Try again)
30087 1783914047.779842 recvfrom(100, 0x7fc39860d0, 3200, MSG_DONTWAIT, NULL, NULL) = -1 EAGAIN (Try again)
30197 1783914047.787168 sendmsg(177, {msg_name=NULL, msg_namelen=0, msg_iov=[{iov_base="l\1\1\1\374\0\0\0\375\0\0\0\235\0\0\0\1\1o\0;\0\0\0/re/frid"..., iov_len=428}], msg_iovlen=1, msg_controllen=0, msg_flags=0}, MSG_NOSIGNAL) = 428
30087 1783914047.788097 recvfrom(100, "nysv\0\0\0\0\0\0\0\0\0\0\0\0\244\342\2Ek\2\0\0\221k\2\0\0\0\0\0", 3200, MSG_DONTWAIT, NULL, NULL) = 32
30087 1783914047.788287 recvfrom(100, 0x7fc3986860, 3200, MSG_DONTWAIT, NULL, NULL) = -1 EAGAIN (Try again)
30197 1783914047.794801 sendmsg(177, {msg_name=NULL, msg_namelen=0, msg_iov=[{iov_base="l\1\1\1\374\0\0\0\376\0\0\0\235\0\0\0\1\1o\0;\0\0\0/re/frid"..., iov_len=428}], msg_iovlen=1, msg_controllen=0, msg_flags=0}, MSG_NOSIGNAL) = 428
30087 1783914048.237284 recvfrom(100, 0x7fc3986420, 3200, MSG_DONTWAIT, NULL, NULL) = -1 EAGAIN (Try again)
30087 1783914048.258432 recvfrom(100, "nysv\0\0\0\0\0\0\0\0\0\0\0\0Y\364\322`k\2\0\0\255k\2\0\0\0\0\0", 3200, MSG_DONTWAIT, NULL, NULL) = 32
30087 1783914048.259532 recvfrom(100, 0x7fc3986860, 3200, MSG_DONTWAIT, NULL, NULL) = -1 EAGAIN (Try again)
30087 1783914048.260523 recvfrom(121, 0x7d29777820, 2272, MSG_DONTWAIT, NULL, NULL) = -1 EAGAIN (Try again)
30087 1783914048.277913 recvfrom(100, 0x7fc3985570, 3200, MSG_DONTWAIT, NULL, NULL) = -1 EAGAIN (Try again)
30197 1783914048.292382 sendmsg(177, {msg_name=NULL, msg_namelen=0, msg_iov=[{iov_base="l\1\1\1\374\0\0\0\377\0\0\0\235\0\0\0\1\1o\0;\0\0\0/re/frid"..., iov_len=428}], msg_iovlen=1, msg_controllen=0, msg_flags=0}, MSG_NOSIGNAL) = 428
30087 1783914048.295704 recvfrom(100, "nysv\0\0\0\0\0\0\0\0\0\0\0\0\2219\320bk\2\0\0\257k\2\0\0\0\0\0", 3200, MSG_DONTWAIT, NULL, NULL) = 32
30087 1783914048.295925 recvfrom(100, 0x7fc3986860, 3200, MSG_DONTWAIT, NULL, NULL) = -1 EAGAIN (Try again)
30087 1783914048.297843 recvfrom(100, 0x7fc39860d0, 3200, MSG_DONTWAIT, NULL, NULL) = -1 EAGAIN (Try again)
30197 1783914048.304393 sendmsg(177, {msg_name=NULL, msg_namelen=0, msg_iov=[{iov_base="l\1\1\1\374\0\0\0\0\1\0\0\235\0\0\0\1\1o\0;\0\0\0/re/frid"..., iov_len=428}], msg_iovlen=1, msg_controllen=0, msg_flags=0}, MSG_NOSIGNAL) = 428
30087 1783914048.305611 recvfrom(100, "nysv\0\0\0\0\0\0\0\0\0\0\0\0\374\333\316ck\2\0\0\260k\2\0\0\0\0\0", 3200, MSG_DONTWAIT, NULL, NULL) = 32
30087 1783914048.305788 recvfrom(100, 0x7fc3986860, 3200, MSG_DONTWAIT, NULL, NULL) = -1 EAGAIN (Try again)
30197 1783914048.311840 sendmsg(177, {msg_name=NULL, msg_namelen=0, msg_iov=[{iov_base="l\1\1\1\374\0\0\0\1\1\0\0\235\0\0\0\1\1o\0;\0\0\0/re/frid"..., iov_len=428}], msg_iovlen=1, msg_controllen=0, msg_flags=0}, MSG_NOSIGNAL) = 428
30087 1783914048.741028 recvfrom(100, 0x7fc3986420, 3200, MSG_DONTWAIT, NULL, NULL) = -1 EAGAIN (Try again)
30087 1783914048.752995 recvfrom(100, "nysv\0\0\0\0\0\0\0\0\0\0\0\0\350\223\240~k\2\0\0\313k\2\0\0\0\0\0", 3200, MSG_DONTWAIT, NULL, NULL) = 32
30087 1783914048.753527 recvfrom(100, 0x7fc3986860, 3200, MSG_DONTWAIT, NULL, NULL) = -1 EAGAIN (Try again)
30087 1783914048.754180 recvfrom(121, 0x7d29777820, 2272, MSG_DONTWAIT, NULL, NULL) = -1 EAGAIN (Try again)
30197 1783914048.779187 sendmsg(177, {msg_name=NULL, msg_namelen=0, msg_iov=[{iov_base="l\1\1\1\374\0\0\0\2\1\0\0\235\0\0\0\1\1o\0;\0\0\0/re/frid"..., iov_len=428}], msg_iovlen=1, msg_controllen=0, msg_flags=0}, MSG_NOSIGNAL) = 428
30087 1783914048.780836 recvfrom(100, 0x7fc3985570, 3200, MSG_DONTWAIT, NULL, NULL) = -1 EAGAIN (Try again)
30087 1783914048.786698 recvfrom(100, "nysv\0\0\0\0\0\0\0\0\0\0\0\0\1\30\235\200k\2\0\0\315k\2\0\0\0\0\0", 3200, MSG_DONTWAIT, NULL, NULL) = 32
30087 1783914048.787105 recvfrom(100, 0x7fc3986860, 3200, MSG_DONTWAIT, NULL, NULL) = -1 EAGAIN (Try again)
30087 1783914048.795668 recvfrom(100, 0x7fc39860d0, 3200, MSG_DONTWAIT, NULL, NULL) = -1 EAGAIN (Try again)
30197 1783914048.802678 sendmsg(177, {msg_name=NULL, msg_namelen=0, msg_iov=[{iov_base="l\1\1\1\374\0\0\0\3\1\0\0\235\0\0\0\1\1o\0;\0\0\0/re/frid"..., iov_len=428}], msg_iovlen=1, msg_controllen=0, msg_flags=0}, MSG_NOSIGNAL) = 428
30087 1783914048.803656 recvfrom(100, "nysv\0\0\0\0\0\0\0\0\0\0\0\0\37\273\233\201k\2\0\0\316k\2\0\0\0\0\0", 3200, MSG_DONTWAIT, NULL, NULL) = 32
30087 1783914048.803838 recvfrom(100, 0x7fc3986860, 3200, MSG_DONTWAIT, NULL, NULL) = -1 EAGAIN (Try again)
30197 1783914048.809106 sendmsg(177, {msg_name=NULL, msg_namelen=0, msg_iov=[{iov_base="l\1\1\1\374\0\0\0\4\1\0\0\235\0\0\0\1\1o\0;\0\0\0/re/frid"..., iov_len=428}], msg_iovlen=1, msg_controllen=0, msg_flags=0}, MSG_NOSIGNAL) = 428
30087 1783914049.248186 recvfrom(100, 0x7fc3986420, 3200, MSG_DONTWAIT, NULL, NULL) = -1 EAGAIN (Try again)
30087 1783914049.253624 recvfrom(100, "nysv\0\0\0\0\0\0\0\0\0\0\0\0\275\316m\234k\2\0\0\351k\2\0\0\0\0\0", 3200, MSG_DONTWAIT, NULL, NULL) = 32
30087 1783914049.254106 recvfrom(100, 0x7fc3986860, 3200, MSG_DONTWAIT, NULL, NULL) = -1 EAGAIN (Try again)
30087 1783914049.254965 recvfrom(121, 0x7d29777820, 2272, MSG_DONTWAIT, NULL, NULL) = -1 EAGAIN (Try again)
30087 1783914049.272326 recvfrom(100, 0x7fc3985570, 3200, MSG_DONTWAIT, NULL, NULL) = -1 EAGAIN (Try again)
30197 1783914049.278709 sendmsg(177, {msg_name=NULL, msg_namelen=0, msg_iov=[{iov_base="l\1\1\1\374\0\0\0\5\1\0\0\235\0\0\0\1\1o\0;\0\0\0/re/frid"..., iov_len=428}], msg_iovlen=1, msg_controllen=0, msg_flags=0}, MSG_NOSIGNAL) = 428
30087 1783914049.287227 recvfrom(100, "nysv\0\0\0\0\0\0\0\0\0\0\0\0\tpj\236k\2\0\0\353k\2\0\0\0\0\0", 3200, MSG_DONTWAIT, NULL, NULL) = 32
30087 1783914049.287974 recvfrom(100, 0x7fc3986860, 3200, MSG_DONTWAIT, NULL, NULL) = -1 EAGAIN (Try again)
30087 1783914049.296206 recvfrom(100, 0x7fc39860d0, 3200, MSG_DONTWAIT, NULL, NULL) = -1 EAGAIN (Try again)
30197 1783914049.303483 sendmsg(177, {msg_name=NULL, msg_namelen=0, msg_iov=[{iov_base="l\1\1\1\374\0\0\0\6\1\0\0\235\0\0\0\1\1o\0;\0\0\0/re/frid"..., iov_len=428}], msg_iovlen=1, msg_controllen=0, msg_flags=0}, MSG_NOSIGNAL) = 428
30087 1783914049.303947 recvfrom(100, "nysv\0\0\0\0\0\0\0\0\0\0\0\0\17\24i\237k\2\0\0\354k\2\0\0\0\0\0", 3200, MSG_DONTWAIT, NULL, NULL) = 32
30087 1783914049.304306 recvfrom(100, 0x7fc3986860, 3200, MSG_DONTWAIT, NULL, NULL) = -1 EAGAIN (Try again)
30197 1783914049.309290 sendmsg(177, {msg_name=NULL, msg_namelen=0, msg_iov=[{iov_base="l\1\1\1\374\0\0\0\7\1\0\0\235\0\0\0\1\1o\0;\0\0\0/re/frid"..., iov_len=428}], msg_iovlen=1, msg_controllen=0, msg_flags=0}, MSG_NOSIGNAL) = 428
30087 1783914049.759950 recvfrom(100, 0x7fc3986420, 3200, MSG_DONTWAIT, NULL, NULL) = -1 EAGAIN (Try again)
30087 1783914049.771469 recvfrom(100, "nysv\0\0\0\0\0\0\0\0\0\0\0\0Gs9\273k\2\0\0\10l\2\0\0\0\0\0", 3200, MSG_DONTWAIT, NULL, NULL) = 32
30087 1783914049.772119 recvfrom(100, 0x7fc3986860, 3200, MSG_DONTWAIT, NULL, NULL) = -1 EAGAIN (Try again)
30087 1783914049.773069 recvfrom(121, 0x7d29777820, 2272, MSG_DONTWAIT, NULL, NULL) = -1 EAGAIN (Try again)
30087 1783914049.789062 recvfrom(100, 0x7fc3985570, 3200, MSG_DONTWAIT, NULL, NULL) = -1 EAGAIN (Try again)
30197 1783914049.796972 sendmsg(177, {msg_name=NULL, msg_namelen=0, msg_iov=[{iov_base="l\1\1\1\374\0\0\0\10\1\0\0\235\0\0\0\1\1o\0;\0\0\0/re/frid"..., iov_len=428}], msg_iovlen=1, msg_controllen=0, msg_flags=0}, MSG_NOSIGNAL) = 428
30087 1783914049.804451 recvfrom(100, "nysv\0\0\0\0\0\0\0\0\0\0\0\0\324-6\275k\2\0\0\nl\2\0\0\0\0\0", 3200, MSG_DONTWAIT, NULL, NULL) = 32
30087 1783914049.805154 recvfrom(100, 0x7fc3986860, 3200, MSG_DONTWAIT, NULL, NULL) = -1 EAGAIN (Try again)
30087 1783914049.813082 recvfrom(100, 0x7fc39860d0, 3200, MSG_DONTWAIT, NULL, NULL) = -1 EAGAIN (Try again)
30197 1783914049.819924 sendmsg(177, {msg_name=NULL, msg_namelen=0, msg_iov=[{iov_base="l\1\1\1\374\0\0\0\t\1\0\0\235\0\0\0\1\1o\0;\0\0\0/re/frid"..., iov_len=428}], msg_iovlen=1, msg_controllen=0, msg_flags=0}, MSG_NOSIGNAL) = 428
30087 1783914049.820835 recvfrom(100, "nysv\0\0\0\0\0\0\0\0\0\0\0\0\311\2674\276k\2\0\0\vl\2\0\0\0\0\0", 3200, MSG_DONTWAIT, NULL, NULL) = 32
30087 1783914049.820994 recvfrom(100, 0x7fc3986860, 3200, MSG_DONTWAIT, NULL, NULL) = -1 EAGAIN (Try again)
30197 1783914049.827756 sendmsg(177, {msg_name=NULL, msg_namelen=0, msg_iov=[{iov_base="l\1\1\1\374\0\0\0\n\1\0\0\235\0\0\0\1\1o\0;\0\0\0/re/frid"..., iov_len=428}], msg_iovlen=1, msg_controllen=0, msg_flags=0}, MSG_NOSIGNAL) = 428
30087 1783914050.263413 recvfrom(100, 0x7fc3986420, 3200, MSG_DONTWAIT, NULL, NULL) = -1 EAGAIN (Try again)
30087 1783914050.271277 recvfrom(100, "nysv\0\0\0\0\0\0\0\0\0\0\0\0001\373\6\331k\2\0\0%l\2\0\0\0\0\0", 3200, MSG_DONTWAIT, NULL, NULL) = 32
30087 1783914050.272135 recvfrom(100, 0x7fc3986860, 3200, MSG_DONTWAIT, NULL, NULL) = -1 EAGAIN (Try again)
30087 1783914050.273517 recvfrom(121, 0x7d29777820, 2272, MSG_DONTWAIT, NULL, NULL) = -1 EAGAIN (Try again)
30087 1783914050.289211 recvfrom(100, 0x7fc3985570, 3200, MSG_DONTWAIT, NULL, NULL) = -1 EAGAIN (Try again)
30197 1783914050.297827 sendmsg(177, {msg_name=NULL, msg_namelen=0, msg_iov=[{iov_base="l\1\1\1\374\0\0\0\v\1\0\0\235\0\0\0\1\1o\0;\0\0\0/re/frid"..., iov_len=428}], msg_iovlen=1, msg_controllen=0, msg_flags=0}, MSG_NOSIGNAL) = 428
30087 1783914050.303805 recvfrom(100, "nysv\0\0\0\0\0\0\0\0\0\0\0\0\335\231\3\333k\2\0\0'l\2\0\0\0\0\0", 3200, MSG_DONTWAIT, NULL, NULL) = 32
30087 1783914050.304425 recvfrom(100, 0x7fc3986860, 3200, MSG_DONTWAIT, NULL, NULL) = -1 EAGAIN (Try again)
30087 1783914050.313041 recvfrom(100, 0x7fc39860d0, 3200, MSG_DONTWAIT, NULL, NULL) = -1 EAGAIN (Try again)
30087 1783914050.321603 recvfrom(100, "nysv\0\0\0\0\0\0\0\0\0\0\0\0\227\37\2\334k\2\0\0(l\2\0\0\0\0\0", 3200, MSG_DONTWAIT, NULL, NULL) = 32
30087 1783914050.321797 recvfrom(100,  <unfinished ...>
30197 1783914050.321859 sendmsg(177, {msg_name=NULL, msg_namelen=0, msg_iov=[{iov_base="l\1\1\1\374\0\0\0\f\1\0\0\235\0\0\0\1\1o\0;\0\0\0/re/frid"..., iov_len=428}], msg_iovlen=1, msg_controllen=0, msg_flags=0}, MSG_NOSIGNAL <unfinished ...>
30087 1783914050.321888 <... recvfrom resumed> 0x7fc3986860, 3200, MSG_DONTWAIT, NULL, NULL) = -1 EAGAIN (Try again)
30197 1783914050.322065 <... sendmsg resumed> ) = 428
30197 1783914050.326889 sendmsg(177, {msg_name=NULL, msg_namelen=0, msg_iov=[{iov_base="l\1\1\1\374\0\0\0\r\1\0\0\235\0\0\0\1\1o\0;\0\0\0/re/frid"..., iov_len=428}], msg_iovlen=1, msg_controllen=0, msg_flags=0}, MSG_NOSIGNAL) = 428
30087 1783914050.774284 recvfrom(100, 0x7fc3986420, 3200, MSG_DONTWAIT, NULL, NULL) = -1 EAGAIN (Try again)
30087 1783914050.791052 recvfrom(100, "nysv\0\0\0\0\0\0\0\0\0\0\0\0I\215\322\367k\2\0\0Dl\2\0\0\0\0\0", 3200, MSG_DONTWAIT, NULL, NULL) = 32
30087 1783914050.791698 recvfrom(100, 0x7fc3986860, 3200, MSG_DONTWAIT, NULL, NULL) = -1 EAGAIN (Try again)
30087 1783914050.792507 recvfrom(121, 0x7d29777820, 2272, MSG_DONTWAIT, NULL, NULL) = -1 EAGAIN (Try again)
30087 1783914050.807553 recvfrom(100, 0x7fc3985570, 3200, MSG_DONTWAIT, NULL, NULL) = -1 EAGAIN (Try again)
30197 1783914050.815657 sendmsg(177, {msg_name=NULL, msg_namelen=0, msg_iov=[{iov_base="l\1\1\1\374\0\0\0\16\1\0\0\235\0\0\0\1\1o\0;\0\0\0/re/frid"..., iov_len=428}], msg_iovlen=1, msg_controllen=0, msg_flags=0}, MSG_NOSIGNAL) = 428
30087 1783914050.820147 recvfrom(100, "nysv\0\0\0\0\0\0\0\0\0\0\0\0Hx\317\371k\2\0\0Fl\2\0\0\0\0\0", 3200, MSG_DONTWAIT, NULL, NULL) = 32
30087 1783914050.820821 recvfrom(100, 0x7fc3986860, 3200, MSG_DONTWAIT, NULL, NULL) = -1 EAGAIN (Try again)
30087 1783914050.834447 recvfrom(100, 0x7fc39860d0, 3200, MSG_DONTWAIT, NULL, NULL) = -1 EAGAIN (Try again)
30087 1783914050.836025 recvfrom(100, "nysv\0\0\0\0\0\0\0\0\0\0\0\0\200\32\316\372k\2\0\0Gl\2\0\0\0\0\0", 3200, MSG_DONTWAIT, NULL, NULL) = 32
30087 1783914050.836258 recvfrom(100, 0x7fc3986860, 3200, MSG_DONTWAIT, NULL, NULL) = -1 EAGAIN (Try again)
30197 1783914050.842292 sendmsg(177, {msg_name=NULL, msg_namelen=0, msg_iov=[{iov_base="l\1\1\1\374\0\0\0\17\1\0\0\235\0\0\0\1\1o\0;\0\0\0/re/frid"..., iov_len=428}], msg_iovlen=1, msg_controllen=0, msg_flags=0}, MSG_NOSIGNAL) = 428
30087 1783914051.278766 recvfrom(100, 0x7fc3986420, 3200, MSG_DONTWAIT, NULL, NULL) = -1 EAGAIN (Try again)
30087 1783914051.286269 recvfrom(100, "nysv\0\0\0\0\0\0\0\0\0\0\0\0\1771\240\25l\2\0\0bl\2\0\0\0\0\0", 3200, MSG_DONTWAIT, NULL, NULL) = 32
30087 1783914051.286915 recvfrom(100, 0x7fc3986860, 3200, MSG_DONTWAIT, NULL, NULL) = -1 EAGAIN (Try again)
30087 1783914051.287848 recvfrom(121, 0x7d29777820, 2272, MSG_DONTWAIT, NULL, NULL) = -1 EAGAIN (Try again)
30087 1783914051.304517 recvfrom(100, 0x7fc3985570, 3200, MSG_DONTWAIT, NULL, NULL) = -1 EAGAIN (Try again)
30197 1783914051.311759 sendmsg(177, {msg_name=NULL, msg_namelen=0, msg_iov=[{iov_base="l\1\1\1\374\0\0\0\20\1\0\0\235\0\0\0\1\1o\0;\0\0\0/re/frid"..., iov_len=428}], msg_iovlen=1, msg_controllen=0, msg_flags=0}, MSG_NOSIGNAL) = 428
30087 1783914051.321812 recvfrom(100, "nysv\0\0\0\0\0\0\0\0\0\0\0\0\211\222\234\27l\2\0\0dl\2\0\0\0\0\0", 3200, MSG_DONTWAIT, NULL, NULL) = 32
30087 1783914051.322684 recvfrom(100, 0x7fc3986860, 3200, MSG_DONTWAIT, NULL, NULL) = -1 EAGAIN (Try again)
30087 1783914051.329647 recvfrom(100, 0x7fc3986760, 3200, MSG_DONTWAIT, NULL, NULL) = -1 EAGAIN (Try again)
30197 1783914051.336288 sendmsg(177, {msg_name=NULL, msg_namelen=0, msg_iov=[{iov_base="l\1\1\1\374\0\0\0\21\1\0\0\235\0\0\0\1\1o\0;\0\0\0/re/frid"..., iov_len=428}], msg_iovlen=1, msg_controllen=0, msg_flags=0}, MSG_NOSIGNAL) = 428
30087 1783914051.337901 recvfrom(100, "nysv\0\0\0\0\0\0\0\0\0\0\0\0\2058\233\30l\2\0\0el\2\0\0\0\0\0", 3200, MSG_DONTWAIT, NULL, NULL) = 32
30087 1783914051.338074 recvfrom(100, 0x7fc3986860, 3200, MSG_DONTWAIT, NULL, NULL) = -1 EAGAIN (Try again)
30197 1783914051.344657 sendmsg(177, {msg_name=NULL, msg_namelen=0, msg_iov=[{iov_base="l\1\1\1\374\0\0\0\22\1\0\0\235\0\0\0\1\1o\0;\0\0\0/re/frid"..., iov_len=428}], msg_iovlen=1, msg_controllen=0, msg_flags=0}, MSG_NOSIGNAL) = 428
30117 1783914051.480097 exit(0)         = ?
30117 1783914051.480533 +++ exited with 0 +++
30113 1783914051.481476 exit(0)         = ?
30113 1783914051.482242 +++ exited with 0 +++
30194 1783914051.523841 faccessat(AT_FDCWD, "/proc/self/task/30113", F_OK) = -1 ENOENT (No such file or directory)
30194 1783914051.524099 faccessat(AT_FDCWD, "/proc/self/task/30117", F_OK) = -1 ENOENT (No such file or directory)
30087 1783914051.572241 sendto(104, "h\0\0\0\0\0\0\0\5\0\0\0\0\0\0\0\0\0\0\0\0\0\0\0G\313]\244\200Iw\376"..., 104, MSG_NOSIGNAL, NULL, 0) = 104
30144 1783914051.572844 recvmsg(104, {msg_name=NULL, msg_namelen=0, msg_iov=[{iov_base="h\0\0\0\0\0\0\0\5\0\0\0\0\0\0\0\0\0\0\0\0\0\0\0,@\327\277\35\312\27\362"..., iov_len=4096}], msg_iovlen=1, msg_controllen=0, msg_flags=0}, MSG_DONTWAIT) = 104
30146 1783914051.587071 newfstatat(AT_FDCWD, "/data/user/0/app.fedilab.mobilizon/app_webview/Default/Cookies-journal", {st_mode=S_IFREG|0600, st_size=0, ...}, 0) = 0
30146 1783914051.587396 newfstatat(AT_FDCWD, "/data/user/0/app.fedilab.mobilizon/app_webview/Default/Cookies-wal", 0x7d1f166080, 0) = -1 ENOENT (No such file or directory)
30146 1783914051.588301 newfstatat(AT_FDCWD, "/data/user/0/app.fedilab.mobilizon/app_webview/Default/Cookies", {st_mode=S_IFREG|0600, st_size=24576, ...}, 0) = 0
30146 1783914051.588608 newfstatat(AT_FDCWD, "/data/user/0/app.fedilab.mobilizon/app_webview/Default/Cookies", {st_mode=S_IFREG|0600, st_size=24576, ...}, 0) = 0
30146 1783914051.588910 openat(AT_FDCWD, "/data/user/0/app.fedilab.mobilizon/app_webview/Default/Cookies-journal", O_RDWR|O_CREAT|O_LARGEFILE|O_NOFOLLOW|O_CLOEXEC, 0600) = 150
30146 1783914051.594004 openat(AT_FDCWD, "/data/user/0/app.fedilab.mobilizon/app_webview/Default", O_RDONLY|O_CLOEXEC) = 168
30087 1783914051.789554 recvfrom(100, 0x7fc3986420, 3200, MSG_DONTWAIT, NULL, NULL) = -1 EAGAIN (Try again)
30087 1783914051.803254 recvfrom(100, "nysv\0\0\0\0\0\0\0\0\0\0\0\0\305\335k4l\2\0\0\200l\2\0\0\0\0\0", 3200, MSG_DONTWAIT, NULL, NULL) = 32
30087 1783914051.803566 recvfrom(100, 0x7fc3986860, 3200, MSG_DONTWAIT, NULL, NULL) = -1 EAGAIN (Try again)
30087 1783914051.804552 recvfrom(121, 0x7d29777820, 2272, MSG_DONTWAIT, NULL, NULL) = -1 EAGAIN (Try again)
30150 1783914051.810687 openat(AT_FDCWD, "/data/user/0/app.fedilab.mobilizon/app_webview/Default", O_RDONLY|O_CLOEXEC) = 150
30087 1783914051.816458 recvfrom(100, 0x7fc39856b0, 3200, MSG_DONTWAIT, NULL, NULL) = -1 EAGAIN (Try again)
30197 1783914051.829372 sendmsg(177, {msg_name=NULL, msg_namelen=0, msg_iov=[{iov_base="l\1\1\1\374\0\0\0\23\1\0\0\235\0\0\0\1\1o\0;\0\0\0/re/frid"..., iov_len=428}], msg_iovlen=1, msg_controllen=0, msg_flags=0}, MSG_NOSIGNAL) = 428
30087 1783914051.830365 recvfrom(100, "nysv\0\0\0\0\0\0\0\0\0\0\0\0\10{j5l\2\0\0\201l\2\0\0\0\0\0", 3200, MSG_DONTWAIT, NULL, NULL) = 32
30087 1783914051.830550 recvfrom(100, 0x7fc3986860, 3200, MSG_DONTWAIT, NULL, NULL) = -1 EAGAIN (Try again)
30087 1783914051.831668 recvfrom(100, 0x7fc3986760, 3200, MSG_DONTWAIT, NULL, NULL) = -1 EAGAIN (Try again)
30197 1783914051.837729 sendmsg(177, {msg_name=NULL, msg_namelen=0, msg_iov=[{iov_base="l\1\1\1\374\0\0\0\24\1\0\0\235\0\0\0\1\1o\0;\0\0\0/re/frid"..., iov_len=428}], msg_iovlen=1, msg_controllen=0, msg_flags=0}, MSG_NOSIGNAL) = 428
30087 1783914051.838517 recvfrom(100, "nysv\0\0\0\0\0\0\0\0\0\0\0\0\f\340h6l\2\0\0\202l\2\0\0\0\0\0", 3200, MSG_DONTWAIT, NULL, NULL) = 32
30087 1783914051.838673 recvfrom(100, 0x7fc3986860, 3200, MSG_DONTWAIT, NULL, NULL) = -1 EAGAIN (Try again)
30197 1783914051.843846 sendmsg(177, {msg_name=NULL, msg_namelen=0, msg_iov=[{iov_base="l\1\1\1\374\0\0\0\25\1\0\0\235\0\0\0\1\1o\0;\0\0\0/re/frid"..., iov_len=428}], msg_iovlen=1, msg_controllen=0, msg_flags=0}, MSG_NOSIGNAL) = 428
30087 1783914052.292649 recvfrom(100, 0x7fc3986420, 3200, MSG_DONTWAIT, NULL, NULL) = -1 EAGAIN (Try again)
30087 1783914052.305869 recvfrom(100, "nysv\0\0\0\0\0\0\0\0\0\0\0\0007\f9Rl\2\0\0\236l\2\0\0\0\0\0", 3200, MSG_DONTWAIT, NULL, NULL) = 32
30087 1783914052.306520 recvfrom(100, 0x7fc3986860, 3200, MSG_DONTWAIT, NULL, NULL) = -1 EAGAIN (Try again)
30087 1783914052.307717 recvfrom(121, 0x7d29777820, 2272, MSG_DONTWAIT, NULL, NULL) = -1 EAGAIN (Try again)
30087 1783914052.322150 recvfrom(100, 0x7fc39856b0, 3200, MSG_DONTWAIT, NULL, NULL) = -1 EAGAIN (Try again)
30197 1783914052.331206 sendmsg(177, {msg_name=NULL, msg_namelen=0, msg_iov=[{iov_base="l\1\1\1\374\0\0\0\26\1\0\0\235\0\0\0\1\1o\0;\0\0\0/re/frid"..., iov_len=428}], msg_iovlen=1, msg_controllen=0, msg_flags=0}, MSG_NOSIGNAL) = 428
30087 1783914052.336371 recvfrom(100, "nysv\0\0\0\0\0\0\0\0\0\0\0\0!\3175Tl\2\0\0\240l\2\0\0\0\0\0", 3200, MSG_DONTWAIT, NULL, NULL) = 32
30087 1783914052.337096 recvfrom(100, 0x7fc3986860, 3200, MSG_DONTWAIT, NULL, NULL) = -1 EAGAIN (Try again)
30087 1783914052.345089 recvfrom(100, 0x7fc3986760, 3200, MSG_DONTWAIT, NULL, NULL) = -1 EAGAIN (Try again)
30197 1783914052.352527 sendmsg(177, {msg_name=NULL, msg_namelen=0, msg_iov=[{iov_base="l\1\1\1\374\0\0\0\27\1\0\0\235\0\0\0\1\1o\0;\0\0\0/re/frid"..., iov_len=428}], msg_iovlen=1, msg_controllen=0, msg_flags=0}, MSG_NOSIGNAL) = 428
30087 1783914052.353627 recvfrom(100, "nysv\0\0\0\0\0\0\0\0\0\0\0\0\217t4Ul\2\0\0\241l\2\0\0\0\0\0", 3200, MSG_DONTWAIT, NULL, NULL) = 32
30087 1783914052.353827 recvfrom(100, 0x7fc3986860, 3200, MSG_DONTWAIT, NULL, NULL) = -1 EAGAIN (Try again)
30197 1783914052.360018 sendmsg(177, {msg_name=NULL, msg_namelen=0, msg_iov=[{iov_base="l\1\1\1\374\0\0\0\30\1\0\0\235\0\0\0\1\1o\0;\0\0\0/re/frid"..., iov_len=428}], msg_iovlen=1, msg_controllen=0, msg_flags=0}, MSG_NOSIGNAL) = 428
30087 1783914052.798735 recvfrom(100, 0x7fc3986420, 3200, MSG_DONTWAIT, NULL, NULL) = -1 EAGAIN (Try again)
30087 1783914052.804055 recvfrom(100, "nysv\0\0\0\0\0\0\0\0\0\0\0\0R\25\tpl\2\0\0\274l\2\0\0\0\0\0", 3200, MSG_DONTWAIT, NULL, NULL) = 32
30087 1783914052.804468 recvfrom(100, 0x7fc3986860, 3200, MSG_DONTWAIT, NULL, NULL) = -1 EAGAIN (Try again)
30087 1783914052.809890 recvfrom(121, 0x7d29777820, 2272, MSG_DONTWAIT, NULL, NULL) = -1 EAGAIN (Try again)
30087 1783914052.850995 recvfrom(100, 0x7fc39856b0, 3200, MSG_DONTWAIT, NULL, NULL) = -1 EAGAIN (Try again)
30197 1783914052.851364 sendmsg(177, {msg_name=NULL, msg_namelen=0, msg_iov=[{iov_base="l\1\1\1\374\0\0\0\31\1\0\0\235\0\0\0\1\1o\0;\0\0\0/re/frid"..., iov_len=428}], msg_iovlen=1, msg_controllen=0, msg_flags=0}, MSG_NOSIGNAL) = 428
30087 1783914052.858840 recvfrom(100, "nysv\0\0\0\0\0\0\0\0\0\0\0\0J\330\4sl\2\0\0\277l\2\0\0\0\0\0", 3200, MSG_DONTWAIT, NULL, NULL) = 32
30087 1783914052.859269 recvfrom(100, 0x7fc3986860, 3200, MSG_DONTWAIT, NULL, NULL) = -1 EAGAIN (Try again)
30087 1783914052.865733 recvfrom(121, 0x7d29777820, 2272, MSG_DONTWAIT, NULL, NULL) = -1 EAGAIN (Try again)
30087 1783914052.866824 recvfrom(100, 0x7fc3986760, 3200, MSG_DONTWAIT, NULL, NULL) = -1 EAGAIN (Try again)
30087 1783914052.900309 recvfrom(100, "nysv\0\0\0\0\0\0\0\0\0\0\0\0\243e\3tl\2\0\0\300l\2\0\0\0\0\0", 3200, MSG_DONTWAIT, NULL, NULL) = 32
30087 1783914052.900545 recvfrom(100, 0x7fc3986860, 3200, MSG_DONTWAIT, NULL, NULL) = -1 EAGAIN (Try again)
30087 1783914052.901176 recvfrom(121, 0x7d29777820, 2272, MSG_DONTWAIT, NULL, NULL) = -1 EAGAIN (Try again)
30087 1783914052.902064 recvfrom(100, 0x7fc3986760, 3200, MSG_DONTWAIT, NULL, NULL) = -1 EAGAIN (Try again)
30087 1783914052.932141 recvfrom(100, "nysv\0\0\0\0\0\0\0\0\0\0\0\0NZ\377vl\2\0\0\303l\2\0\0\0\0\0", 3200, MSG_DONTWAIT, NULL, NULL) = 32
30087 1783914052.932332 recvfrom(100, 0x7fc3986860, 3200, MSG_DONTWAIT, NULL, NULL) = -1 EAGAIN (Try again)
30087 1783914052.933221 recvfrom(100, 0x7fc3986760, 3200, MSG_DONTWAIT, NULL, NULL) = -1 EAGAIN (Try again)
30197 1783914052.948030 sendmsg(177, {msg_name=NULL, msg_namelen=0, msg_iov=[{iov_base="l\1\1\1\374\0\0\0\32\1\0\0\235\0\0\0\1\1o\0;\0\0\0/re/frid"..., iov_len=428}], msg_iovlen=1, msg_controllen=0, msg_flags=0}, MSG_NOSIGNAL) = 428
30087 1783914052.949937 recvfrom(100, "nysv\0\0\0\0\0\0\0\0\0\0\0\0002\342\375wl\2\0\0\304l\2\0\0\0\0\0", 3200, MSG_DONTWAIT, NULL, NULL) = 32
30087 1783914052.950117 recvfrom(100, 0x7fc3986860, 3200, MSG_DONTWAIT, NULL, NULL) = -1 EAGAIN (Try again)
30197 1783914052.960064 sendmsg(177, {msg_name=NULL, msg_namelen=0, msg_iov=[{iov_base="l\1\1\1\374\0\0\0\33\1\0\0\235\0\0\0\1\1o\0;\0\0\0/re/frid"..., iov_len=428}], msg_iovlen=1, msg_controllen=0, msg_flags=0}, MSG_NOSIGNAL) = 428
30087 1783914053.366933 recvfrom(100, 0x7fc3986420, 3200, MSG_DONTWAIT, NULL, NULL) = -1 EAGAIN (Try again)
30087 1783914053.369634 recvfrom(100, "nysv\0\0\0\0\0\0\0\0\0\0\0\0\301\30\316\221l\2\0\0\336l\2\0\0\0\0\0", 3200, MSG_DONTWAIT, NULL, NULL) = 32
30087 1783914053.370168 recvfrom(100, 0x7fc3986860, 3200, MSG_DONTWAIT, NULL, NULL) = -1 EAGAIN (Try again)
30087 1783914053.370519 recvfrom(121, 0x7d29777820, 2272, MSG_DONTWAIT, NULL, NULL) = -1 EAGAIN (Try again)
30087 1783914053.387048 recvfrom(100, 0x7fc39856b0, 3200, MSG_DONTWAIT, NULL, NULL) = -1 EAGAIN (Try again)
30197 1783914053.403372 sendmsg(177, {msg_name=NULL, msg_namelen=0, msg_iov=[{iov_base="l\1\1\1\374\0\0\0\34\1\0\0\235\0\0\0\1\1o\0;\0\0\0/re/frid"..., iov_len=428}], msg_iovlen=1, msg_controllen=0, msg_flags=0}, MSG_NOSIGNAL) = 428
30087 1783914053.407383 recvfrom(100, "nysv\0\0\0\0\0\0\0\0\0\0\0\0\374\27\313\223l\2\0\0\340l\2\0\0\0\0\0", 3200, MSG_DONTWAIT, NULL, NULL) = 32
30087 1783914053.407748 recvfrom(100, 0x7fc3986860, 3200, MSG_DONTWAIT, NULL, NULL) = -1 EAGAIN (Try again)
30087 1783914053.409432 recvfrom(100, 0x7fc3986760, 3200, MSG_DONTWAIT, NULL, NULL) = -1 EAGAIN (Try again)
30197 1783914053.414531 sendmsg(177, {msg_name=NULL, msg_namelen=0, msg_iov=[{iov_base="l\1\1\1\374\0\0\0\35\1\0\0\235\0\0\0\1\1o\0;\0\0\0/re/frid"..., iov_len=428}], msg_iovlen=1, msg_controllen=0, msg_flags=0}, MSG_NOSIGNAL) = 428
30087 1783914053.420665 recvfrom(100, "nysv\0\0\0\0\0\0\0\0\0\0\0\0?O\311\224l\2\0\0\341l\2\0\0\0\0\0", 3200, MSG_DONTWAIT, NULL, NULL) = 32
30087 1783914053.420959 recvfrom(100, 0x7fc3986860, 3200, MSG_DONTWAIT, NULL, NULL) = -1 EAGAIN (Try again)
30197 1783914053.429501 sendmsg(177, {msg_name=NULL, msg_namelen=0, msg_iov=[{iov_base="l\1\1\1\374\0\0\0\36\1\0\0\235\0\0\0\1\1o\0;\0\0\0/re/frid"..., iov_len=428}], msg_iovlen=1, msg_controllen=0, msg_flags=0}, MSG_NOSIGNAL) = 428
30197 1783914053.824217 sendmsg(177, {msg_name=NULL, msg_namelen=0, msg_iov=[{iov_base="l\1\1\1\374\0\0\0\37\1\0\0\235\0\0\0\1\1o\0;\0\0\0/re/frid"..., iov_len=428}], msg_iovlen=1, msg_controllen=0, msg_flags=0}, MSG_NOSIGNAL) = 428
30087 1783914053.868275 recvfrom(100, 0x7fc3986420, 3200, MSG_DONTWAIT, NULL, NULL) = -1 EAGAIN (Try again)
30087 1783914053.869300 recvfrom(100, "nysv\0\0\0\0\0\0\0\0\0\0\0\0\372Y\234\257l\2\0\0\374l\2\0\0\0\0\0", 3200, MSG_DONTWAIT, NULL, NULL) = 32
30087 1783914053.869468 recvfrom(100, 0x7fc3986860, 3200, MSG_DONTWAIT, NULL, NULL) = -1 EAGAIN (Try again)
30087 1783914053.869632 recvfrom(121, 0x7d29777820, 2272, MSG_DONTWAIT, NULL, NULL) = -1 EAGAIN (Try again)
30087 1783914053.878761 recvfrom(100, 0x7fc39856b0, 3200, MSG_DONTWAIT, NULL, NULL) = -1 EAGAIN (Try again)
30197 1783914053.883927 sendmsg(177, {msg_name=NULL, msg_namelen=0, msg_iov=[{iov_base="l\1\1\1\374\0\0\0 \1\0\0\235\0\0\0\1\1o\0;\0\0\0/re/frid"..., iov_len=428}], msg_iovlen=1, msg_controllen=0, msg_flags=0}, MSG_NOSIGNAL) = 428
30087 1783914053.886103 recvfrom(100, "nysv\0\0\0\0\0\0\0\0\0\0\0\0\314\353\232\260l\2\0\0\375l\2\0\0\0\0\0", 3200, MSG_DONTWAIT, NULL, NULL) = 32
30087 1783914053.886269 recvfrom(100, 0x7fc3986860, 3200, MSG_DONTWAIT, NULL, NULL) = -1 EAGAIN (Try again)
30087 1783914053.892496 recvfrom(100, 0x7fc3986760, 3200, MSG_DONTWAIT, NULL, NULL) = -1 EAGAIN (Try again)
30197 1783914053.897543 sendmsg(177, {msg_name=NULL, msg_namelen=0, msg_iov=[{iov_base="l\1\1\1\374\0\0\0!\1\0\0\235\0\0\0\1\1o\0;\0\0\0/re/frid"..., iov_len=428}], msg_iovlen=1, msg_controllen=0, msg_flags=0}, MSG_NOSIGNAL) = 428
30087 1783914053.904154 recvfrom(100, "nysv\0\0\0\0\0\0\0\0\0\0\0\0'\23\231\261l\2\0\0\376l\2\0\0\0\0\0", 3200, MSG_DONTWAIT, NULL, NULL) = 32
30087 1783914053.904316 recvfrom(100, 0x7fc3986860, 3200, MSG_DONTWAIT, NULL, NULL) = -1 EAGAIN (Try again)
30197 1783914053.909319 sendmsg(177, {msg_name=NULL, msg_namelen=0, msg_iov=[{iov_base="l\1\1\1\374\0\0\0\"\1\0\0\235\0\0\0\1\1o\0;\0\0\0/re/frid"..., iov_len=428}], msg_iovlen=1, msg_controllen=0, msg_flags=0}, MSG_NOSIGNAL) = 428
30087 1783914054.371600 recvfrom(100, 0x7fc3986420, 3200, MSG_DONTWAIT, NULL, NULL) = -1 EAGAIN (Try again)
30087 1783914054.373672 recvfrom(100, "nysv\0\0\0\0\0\0\0\0\0\0\0\0\217\340g\315l\2\0\0\32m\2\0\0\0\0\0", 3200, MSG_DONTWAIT, NULL, NULL) = 32
30087 1783914054.374012 recvfrom(100, 0x7fc3986860, 3200, MSG_DONTWAIT, NULL, NULL) = -1 EAGAIN (Try again)
30087 1783914054.374401 recvfrom(121, 0x7d29777820, 2272, MSG_DONTWAIT, NULL, NULL) = -1 EAGAIN (Try again)
30087 1783914054.390723 recvfrom(100, 0x7fc39856b0, 3200, MSG_DONTWAIT, NULL, NULL) = -1 EAGAIN (Try again)
30197 1783914054.397774 sendmsg(177, {msg_name=NULL, msg_namelen=0, msg_iov=[{iov_base="l\1\1\1\374\0\0\0#\1\0\0\235\0\0\0\1\1o\0;\0\0\0/re/frid"..., iov_len=428}], msg_iovlen=1, msg_controllen=0, msg_flags=0}, MSG_NOSIGNAL) = 428
30087 1783914054.403688 recvfrom(100, "nysv\0\0\0\0\0\0\0\0\0\0\0\0\254\222d\317l\2\0\0\34m\2\0\0\0\0\0", 3200, MSG_DONTWAIT, NULL, NULL) = 32
30087 1783914054.404001 recvfrom(100, 0x7fc3986860, 3200, MSG_DONTWAIT, NULL, NULL) = -1 EAGAIN (Try again)
30087 1783914054.412776 recvfrom(100, 0x7fc3986760, 3200, MSG_DONTWAIT, NULL, NULL) = -1 EAGAIN (Try again)
30197 1783914054.419269 sendmsg(177, {msg_name=NULL, msg_namelen=0, msg_iov=[{iov_base="l\1\1\1\374\0\0\0$\1\0\0\235\0\0\0\1\1o\0;\0\0\0/re/frid"..., iov_len=428}], msg_iovlen=1, msg_controllen=0, msg_flags=0}, MSG_NOSIGNAL) = 428
30087 1783914054.420849 recvfrom(100, "nysv\0\0\0\0\0\0\0\0\0\0\0\0\3144c\320l\2\0\0\35m\2\0\0\0\0\0", 3200, MSG_DONTWAIT, NULL, NULL) = 32
30087 1783914054.421029 recvfrom(100, 0x7fc3986860, 3200, MSG_DONTWAIT, NULL, NULL) = -1 EAGAIN (Try again)
30197 1783914054.426517 sendmsg(177, {msg_name=NULL, msg_namelen=0, msg_iov=[{iov_base="l\1\1\1\374\0\0\0%\1\0\0\235\0\0\0\1\1o\0;\0\0\0/re/frid"..., iov_len=428}], msg_iovlen=1, msg_controllen=0, msg_flags=0}, MSG_NOSIGNAL) = 428
30197 1783914054.841774 sendmsg(177, {msg_name=NULL, msg_namelen=0, msg_iov=[{iov_base="l\1\1\1\374\0\0\0&\1\0\0\235\0\0\0\1\1o\0;\0\0\0/re/frid"..., iov_len=428}], msg_iovlen=1, msg_controllen=0, msg_flags=0}, MSG_NOSIGNAL) = 428
30197 1783914054.862399 sendmsg(177, {msg_name=NULL, msg_namelen=0, msg_iov=[{iov_base="l\1\1\1\374\0\0\0'\1\0\0\235\0\0\0\1\1o\0;\0\0\0/re/frid"..., iov_len=428}], msg_iovlen=1, msg_controllen=0, msg_flags=0}, MSG_NOSIGNAL) = 428
30197 1783914054.879836 sendmsg(177, {msg_name=NULL, msg_namelen=0, msg_iov=[{iov_base="l\1\1\1\374\0\0\0(\1\0\0\235\0\0\0\1\1o\0;\0\0\0/re/frid"..., iov_len=428}], msg_iovlen=1, msg_controllen=0, msg_flags=0}, MSG_NOSIGNAL) = 428
30087 1783914054.880918 recvfrom(100, 0x7fc3986420, 3200, MSG_DONTWAIT, NULL, NULL) = -1 EAGAIN (Try again)
30087 1783914054.886025 recvfrom(100, "nysv\0\0\0\0\0\0\0\0\0\0\0\0\237\3674\354l\2\0\09m\2\0\0\0\0\0", 3200, MSG_DONTWAIT, NULL, NULL) = 32
30087 1783914054.886233 recvfrom(100, 0x7fc3986860, 3200, MSG_DONTWAIT, NULL, NULL) = -1 EAGAIN (Try again)
30087 1783914054.886831 recvfrom(121, 0x7d29777820, 2272, MSG_DONTWAIT, NULL, NULL) = -1 EAGAIN (Try again)
30087 1783914054.896883 recvfrom(100, 0x7fc39856b0, 3200, MSG_DONTWAIT, NULL, NULL) = -1 EAGAIN (Try again)
30197 1783914054.902912 sendmsg(177, {msg_name=NULL, msg_namelen=0, msg_iov=[{iov_base="l\1\1\1\374\0\0\0)\1\0\0\235\0\0\0\1\1o\0;\0\0\0/re/frid"..., iov_len=428}], msg_iovlen=1, msg_controllen=0, msg_flags=0}, MSG_NOSIGNAL) = 428
30087 1783914054.908850 recvfrom(100, "nysv\0\0\0\0\0\0\0\0\0\0\0\0\317\2253\355l\2\0\0:m\2\0\0\0\0\0", 3200, MSG_DONTWAIT, NULL, NULL) = 32
30087 1783914054.909039 recvfrom(100, 0x7fc3986860, 3200, MSG_DONTWAIT, NULL, NULL) = -1 EAGAIN (Try again)
30087 1783914054.910160 recvfrom(100, 0x7fc3986760, 3200, MSG_DONTWAIT, NULL, NULL) = -1 EAGAIN (Try again)
30197 1783914054.915636 sendmsg(177, {msg_name=NULL, msg_namelen=0, msg_iov=[{iov_base="l\1\1\1\374\0\0\0*\1\0\0\235\0\0\0\1\1o\0;\0\0\0/re/frid"..., iov_len=428}], msg_iovlen=1, msg_controllen=0, msg_flags=0}, MSG_NOSIGNAL) = 428
30087 1783914054.919147 recvfrom(100, "nysv\0\0\0\0\0\0\0\0\0\0\0\0\366#2\356l\2\0\0;m\2\0\0\0\0\0", 3200, MSG_DONTWAIT, NULL, NULL) = 32
30087 1783914054.919304 recvfrom(100, 0x7fc3986860, 3200, MSG_DONTWAIT, NULL, NULL) = -1 EAGAIN (Try again)
30197 1783914054.923561 sendmsg(177, {msg_name=NULL, msg_namelen=0, msg_iov=[{iov_base="l\1\1\1\374\0\0\0+\1\0\0\235\0\0\0\1\1o\0;\0\0\0/re/frid"..., iov_len=428}], msg_iovlen=1, msg_controllen=0, msg_flags=0}, MSG_NOSIGNAL) = 428
30145 1783914055.024445 sendto(104, "\220\0\0\0\0\0\0\0\5\0\0\0\0\0\0\0\0\0\0\0\0\0\0\0Z\331\222/S\252\361\207"..., 144, MSG_NOSIGNAL, NULL, 0) = 144
30145 1783914055.024867 sendto(104, "\230\0\0\0\0\0\0\0\5\0\0\0\0\0\0\0\0\0\0\0\0\0\0\0Z\331\222/S\252\361\207"..., 152, MSG_NOSIGNAL, NULL, 0) = 152
30144 1783914055.025963 recvmsg(104, {msg_name=NULL, msg_namelen=0, msg_iov=[{iov_base="\330\t\0\0\0\0\0\0\5\0\0\0\0\0\0\0\0\0\0\0\0\0\0\0!\327\341\362a\234\2\347"..., iov_len=4096}], msg_iovlen=1, msg_controllen=0, msg_flags=0}, MSG_DONTWAIT) = 2520
30145 1783914055.026623 openat(AT_FDCWD, "/proc/self/statm", O_RDONLY) = 150
30144 1783914055.026859 recvmsg(104, {msg_name=NULL, msg_namelen=0, msg_iov=[{iov_base="\310r\0\0\0\0\0\0\5\0\0\0\0\0\0\0\0\0\0\0\0\0\0\0!\327\341\362a\234\2\347"..., iov_len=4096}], msg_iovlen=1, msg_controllen=0, msg_flags=0}, MSG_DONTWAIT) = 4096
30144 1783914055.027183 recvmsg(104, {msg_name=NULL, msg_namelen=0, msg_iov=[{iov_base="\24\0\0\0\f\0\0\0object_count\0\0\0\0\17\0\0\0\7\0\0\0"..., iov_len=25288}], msg_iovlen=1, msg_controllen=0, msg_flags=0}, MSG_DONTWAIT) = 25288
30145 1783914055.029489 openat(AT_FDCWD, "/proc/30087/status", O_RDONLY|O_CLOEXEC) = 151
30145 1783914055.031787 openat(AT_FDCWD, "/proc/30087/stat", O_RDONLY|O_CLOEXEC) = 151
30145 1783914055.033585 openat(AT_FDCWD, "/proc/self/status", O_RDONLY|O_CLOEXEC) = 151
30145 1783914055.034837 openat(AT_FDCWD, "/proc/self/clear_refs", O_WRONLY) = 151
30145 1783914055.035957 openat(AT_FDCWD, "/proc/self/pagemap", O_RDONLY) = 151
30087 1783914055.385448 recvfrom(100, 0x7fc3986420, 3200, MSG_DONTWAIT, NULL, NULL) = -1 EAGAIN (Try again)
30087 1783914055.387389 recvfrom(100, "nysv\0\0\0\0\0\0\0\0\0\0\0\0\366\v\1\nm\2\0\0Wm\2\0\0\0\0\0", 3200, MSG_DONTWAIT, NULL, NULL) = 32
30087 1783914055.387780 recvfrom(100, 0x7fc3986860, 3200, MSG_DONTWAIT, NULL, NULL) = -1 EAGAIN (Try again)
30087 1783914055.388110 recvfrom(121, 0x7d29777820, 2272, MSG_DONTWAIT, NULL, NULL) = -1 EAGAIN (Try again)
30087 1783914055.395120 recvfrom(100, 0x7fc39856b0, 3200, MSG_DONTWAIT, NULL, NULL) = -1 EAGAIN (Try again)
30197 1783914055.417331 sendmsg(177, {msg_name=NULL, msg_namelen=0, msg_iov=[{iov_base="l\1\1\1\374\0\0\0,\1\0\0\235\0\0\0\1\1o\0;\0\0\0/re/frid"..., iov_len=428}], msg_iovlen=1, msg_controllen=0, msg_flags=0}, MSG_NOSIGNAL) = 428
30087 1783914055.419870 recvfrom(100, "nysv\0\0\0\0\0\0\0\0\0\0\0\0\262\353\375\vm\2\0\0Ym\2\0\0\0\0\0", 3200, MSG_DONTWAIT, NULL, NULL) = 32
30087 1783914055.420085 recvfrom(100, 0x7fc3986860, 3200, MSG_DONTWAIT, NULL, NULL) = -1 EAGAIN (Try again)
30087 1783914055.436778 recvfrom(100, 0x7fc3986760, 3200, MSG_DONTWAIT, NULL, NULL) = -1 EAGAIN (Try again)
30197 1783914055.451684 sendmsg(177, {msg_name=NULL, msg_namelen=0, msg_iov=[{iov_base="l\1\1\1\374\0\0\0-\1\0\0\235\0\0\0\1\1o\0;\0\0\0/re/frid"..., iov_len=428}], msg_iovlen=1, msg_controllen=0, msg_flags=0}, MSG_NOSIGNAL) = 428
30087 1783914055.459911 recvfrom(100, "nysv\0\0\0\0\0\0\0\0\0\0\0\0\315%\373\rm\2\0\0[m\2\0\0\0\0\0", 3200, MSG_DONTWAIT, NULL, NULL) = 32
30087 1783914055.460174 recvfrom(100, 0x7fc3986860, 3200, MSG_DONTWAIT, NULL, NULL) = -1 EAGAIN (Try again)
30197 1783914055.478019 sendmsg(177, {msg_name=NULL, msg_namelen=0, msg_iov=[{iov_base="l\1\1\1\374\0\0\0.\1\0\0\235\0\0\0\1\1o\0;\0\0\0/re/frid"..., iov_len=428}], msg_iovlen=1, msg_controllen=0, msg_flags=0}, MSG_NOSIGNAL) = 428
30087 1783914055.898369 recvfrom(100, 0x7fc3986420, 3200, MSG_DONTWAIT, NULL, NULL) = -1 EAGAIN (Try again)
30087 1783914055.902790 recvfrom(100, "nysv\0\0\0\0\0\0\0\0\0\0\0\0002\357\314(m\2\0\0tm\2\0\0\0\0\0", 3200, MSG_DONTWAIT, NULL, NULL) = 32
30087 1783914055.903652 recvfrom(100, 0x7fc3986860, 3200, MSG_DONTWAIT, NULL, NULL) = -1 EAGAIN (Try again)
30087 1783914055.904390 recvfrom(121, 0x7d29777820, 2272, MSG_DONTWAIT, NULL, NULL) = -1 EAGAIN (Try again)
30197 1783914055.927190 sendmsg(177, {msg_name=NULL, msg_namelen=0, msg_iov=[{iov_base="l\1\1\1\374\0\0\0/\1\0\0\235\0\0\0\1\1o\0;\0\0\0/re/frid"..., iov_len=428}], msg_iovlen=1, msg_controllen=0, msg_flags=0}, MSG_NOSIGNAL) = 428
30087 1783914055.929703 recvfrom(100, 0x7fc39856b0, 3200, MSG_DONTWAIT, NULL, NULL) = -1 EAGAIN (Try again)
30087 1783914055.938558 recvfrom(100, "nysv\0\0\0\0\0\0\0\0\0\0\0\0E\273\311*m\2\0\0vm\2\0\0\0\0\0", 3200, MSG_DONTWAIT, NULL, NULL) = 32
30087 1783914055.938878 recvfrom(100, 0x7fc3986860, 3200, MSG_DONTWAIT, NULL, NULL) = -1 EAGAIN (Try again)
30087 1783914055.945303 recvfrom(100, 0x7fc3986760, 3200, MSG_DONTWAIT, NULL, NULL) = -1 EAGAIN (Try again)
30197 1783914055.950432 sendmsg(177, {msg_name=NULL, msg_namelen=0, msg_iov=[{iov_base="l\1\1\1\374\0\0\0000\1\0\0\235\0\0\0\1\1o\0;\0\0\0/re/frid"..., iov_len=428}], msg_iovlen=1, msg_controllen=0, msg_flags=0}, MSG_NOSIGNAL) = 428
30087 1783914055.952284 recvfrom(100, "nysv\0\0\0\0\0\0\0\0\0\0\0\0\273M\310+m\2\0\0wm\2\0\0\0\0\0", 3200, MSG_DONTWAIT, NULL, NULL) = 32
30087 1783914055.952522 recvfrom(100, 0x7fc3986860, 3200, MSG_DONTWAIT, NULL, NULL) = -1 EAGAIN (Try again)
30197 1783914055.956815 sendmsg(177, {msg_name=NULL, msg_namelen=0, msg_iov=[{iov_base="l\1\1\1\374\0\0\0001\1\0\0\235\0\0\0\1\1o\0;\0\0\0/re/frid"..., iov_len=428}], msg_iovlen=1, msg_controllen=0, msg_flags=0}, MSG_NOSIGNAL) = 428
30087 1783914056.407835 recvfrom(100, 0x7fc3986420, 3200, MSG_DONTWAIT, NULL, NULL) = -1 EAGAIN (Try again)
30087 1783914056.423464 recvfrom(100, "nysv\0\0\0\0\0\0\0\0\0\0\0\0\275d\230Gm\2\0\0\223m\2\0\0\0\0\0", 3200, MSG_DONTWAIT, NULL, NULL) = 32
30087 1783914056.423822 recvfrom(100, 0x7fc3986860, 3200, MSG_DONTWAIT, NULL, NULL) = -1 EAGAIN (Try again)
30087 1783914056.424407 recvfrom(121, 0x7d29777820, 2272, MSG_DONTWAIT, NULL, NULL) = -1 EAGAIN (Try again)
30197 1783914056.449950 sendmsg(177, {msg_name=NULL, msg_namelen=0, msg_iov=[{iov_base="l\1\1\1\374\0\0\0002\1\0\0\235\0\0\0\1\1o\0;\0\0\0/re/frid"..., iov_len=428}], msg_iovlen=1, msg_controllen=0, msg_flags=0}, MSG_NOSIGNAL) = 428
30087 1783914056.451388 recvfrom(100, 0x7fc39856b0, 3200, MSG_DONTWAIT, NULL, NULL) = -1 EAGAIN (Try again)
30087 1783914056.457384 recvfrom(100, "nysv\0\0\0\0\0\0\0\0\0\0\0\0\246\247\225Im\2\0\0\225m\2\0\0\0\0\0", 3200, MSG_DONTWAIT, NULL, NULL) = 32
30087 1783914056.457598 recvfrom(100, 0x7fc3986860, 3200, MSG_DONTWAIT, NULL, NULL) = -1 EAGAIN (Try again)
30087 1783914056.461954 recvfrom(100, 0x7fc3986760, 3200, MSG_DONTWAIT, NULL, NULL) = -1 EAGAIN (Try again)
30197 1783914056.469212 sendmsg(177, {msg_name=NULL, msg_namelen=0, msg_iov=[{iov_base="l\1\1\1\374\0\0\0003\1\0\0\235\0\0\0\1\1o\0;\0\0\0/re/frid"..., iov_len=428}], msg_iovlen=1, msg_controllen=0, msg_flags=0}, MSG_NOSIGNAL) = 428
30087 1783914056.470192 recvfrom(100, "nysv\0\0\0\0\0\0\0\0\0\0\0\0\300J\224Jm\2\0\0\226m\2\0\0\0\0\0", 3200, MSG_DONTWAIT, NULL, NULL) = 32
30087 1783914056.470376 recvfrom(100, 0x7fc3986860, 3200, MSG_DONTWAIT, NULL, NULL) = -1 EAGAIN (Try again)
30197 1783914056.475647 sendmsg(177, {msg_name=NULL, msg_namelen=0, msg_iov=[{iov_base="l\1\1\1\374\0\0\0004\1\0\0\235\0\0\0\1\1o\0;\0\0\0/re/frid"..., iov_len=428}], msg_iovlen=1, msg_controllen=0, msg_flags=0}, MSG_NOSIGNAL) = 428
30087 1783914056.917040 recvfrom(100, 0x7fc3986420, 3200, MSG_DONTWAIT, NULL, NULL) = -1 EAGAIN (Try again)
30087 1783914056.920212 recvfrom(100, "nysv\0\0\0\0\0\0\0\0\0\0\0\0#\vfem\2\0\0\261m\2\0\0\0\0\0", 3200, MSG_DONTWAIT, NULL, NULL) = 32
30087 1783914056.920545 recvfrom(100, 0x7fc3986860, 3200, MSG_DONTWAIT, NULL, NULL) = -1 EAGAIN (Try again)
30087 1783914056.920858 recvfrom(121, 0x7d29777820, 2272, MSG_DONTWAIT, NULL, NULL) = -1 EAGAIN (Try again)
30197 1783914056.946083 sendmsg(177, {msg_name=NULL, msg_namelen=0, msg_iov=[{iov_base="l\1\1\1\374\0\0\0005\1\0\0\235\0\0\0\1\1o\0;\0\0\0/re/frid"..., iov_len=428}], msg_iovlen=1, msg_controllen=0, msg_flags=0}, MSG_NOSIGNAL) = 428
30087 1783914056.947796 recvfrom(100, 0x7fc39856b0, 3200, MSG_DONTWAIT, NULL, NULL) = -1 EAGAIN (Try again)
30087 1783914056.953709 recvfrom(100, "nysv\0\0\0\0\0\0\0\0\0\0\0\0\320\10cgm\2\0\0\263m\2\0\0\0\0\0", 3200, MSG_DONTWAIT, NULL, NULL) = 32
30087 1783914056.954051 recvfrom(100, 0x7fc3986860, 3200, MSG_DONTWAIT, NULL, NULL) = -1 EAGAIN (Try again)
30087 1783914056.957923 recvfrom(100, 0x7fc3986760, 3200, MSG_DONTWAIT, NULL, NULL) = -1 EAGAIN (Try again)
30197 1783914056.967838 sendmsg(177, {msg_name=NULL, msg_namelen=0, msg_iov=[{iov_base="l\1\1\1\374\0\0\0006\1\0\0\235\0\0\0\1\1o\0;\0\0\0/re/frid"..., iov_len=428}], msg_iovlen=1, msg_controllen=0, msg_flags=0}, MSG_NOSIGNAL) = 428
30087 1783914056.969811 recvfrom(100, "nysv\0\0\0\0\0\0\0\0\0\0\0\0[\253ahm\2\0\0\264m\2\0\0\0\0\0", 3200, MSG_DONTWAIT, NULL, NULL) = 32
30087 1783914056.969993 recvfrom(100, 0x7fc3986860, 3200, MSG_DONTWAIT, NULL, NULL) = -1 EAGAIN (Try again)
30197 1783914056.975607 sendmsg(177, {msg_name=NULL, msg_namelen=0, msg_iov=[{iov_base="l\1\1\1\374\0\0\0007\1\0\0\235\0\0\0\1\1o\0;\0\0\0/re/frid"..., iov_len=428}], msg_iovlen=1, msg_controllen=0, msg_flags=0}, MSG_NOSIGNAL) = 428
30087 1783914057.421146 recvfrom(100, 0x7fc3986420, 3200, MSG_DONTWAIT, NULL, NULL) = -1 EAGAIN (Try again)
30087 1783914057.438249 recvfrom(100, "nysv\0\0\0\0\0\0\0\0\0\0\0\0\277~1\204m\2\0\0\320m\2\0\0\0\0\0", 3200, MSG_DONTWAIT, NULL, NULL) = 32
30087 1783914057.439037 recvfrom(100, 0x7fc3986860, 3200, MSG_DONTWAIT, NULL, NULL) = -1 EAGAIN (Try again)
30087 1783914057.439770 recvfrom(121, 0x7d29777820, 2272, MSG_DONTWAIT, NULL, NULL) = -1 EAGAIN (Try again)
30197 1783914057.465851 sendmsg(177, {msg_name=NULL, msg_namelen=0, msg_iov=[{iov_base="l\1\1\1\374\0\0\08\1\0\0\235\0\0\0\1\1o\0;\0\0\0/re/frid"..., iov_len=428}], msg_iovlen=1, msg_controllen=0, msg_flags=0}, MSG_NOSIGNAL) = 428
30087 1783914057.467691 recvfrom(100, 0x7fc39856b0, 3200, MSG_DONTWAIT, NULL, NULL) = -1 EAGAIN (Try again)
30087 1783914057.475731 recvfrom(100, "nysv\0\0\0\0\0\0\0\0\0\0\0\0\345\221.\206m\2\0\0\322m\2\0\0\0\0\0", 3200, MSG_DONTWAIT, NULL, NULL) = 32
30087 1783914057.476319 recvfrom(100, 0x7fc3986860, 3200, MSG_DONTWAIT, NULL, NULL) = -1 EAGAIN (Try again)
30087 1783914057.478841 recvfrom(100, 0x7fc3986760, 3200, MSG_DONTWAIT, NULL, NULL) = -1 EAGAIN (Try again)
30197 1783914057.485864 sendmsg(177, {msg_name=NULL, msg_namelen=0, msg_iov=[{iov_base="l\1\1\1\374\0\0\09\1\0\0\235\0\0\0\1\1o\0;\0\0\0/re/frid"..., iov_len=428}], msg_iovlen=1, msg_controllen=0, msg_flags=0}, MSG_NOSIGNAL) = 428
30087 1783914057.487368 recvfrom(100, "nysv\0\0\0\0\0\0\0\0\0\0\0\0\0222-\207m\2\0\0\323m\2\0\0\0\0\0", 3200, MSG_DONTWAIT, NULL, NULL) = 32
30087 1783914057.487560 recvfrom(100, 0x7fc3986860, 3200, MSG_DONTWAIT, NULL, NULL) = -1 EAGAIN (Try again)
30197 1783914057.493889 sendmsg(177, {msg_name=NULL, msg_namelen=0, msg_iov=[{iov_base="l\1\1\1\374\0\0\0:\1\0\0\235\0\0\0\1\1o\0;\0\0\0/re/frid"..., iov_len=428}], msg_iovlen=1, msg_controllen=0, msg_flags=0}, MSG_NOSIGNAL) = 428
30087 1783914057.924882 recvfrom(100, 0x7fc3986420, 3200, MSG_DONTWAIT, NULL, NULL) = -1 EAGAIN (Try again)
30087 1783914057.939564 recvfrom(100, "nysv\0\0\0\0\0\0\0\0\0\0\0\0\253\343\376\241m\2\0\0\356m\2\0\0\0\0\0", 3200, MSG_DONTWAIT, NULL, NULL) = 32
30087 1783914057.940242 recvfrom(100, 0x7fc3986860, 3200, MSG_DONTWAIT, NULL, NULL) = -1 EAGAIN (Try again)
30087 1783914057.941539 recvfrom(121, 0x7d29777820, 2272, MSG_DONTWAIT, NULL, NULL) = -1 EAGAIN (Try again)
30087 1783914057.960742 recvfrom(100, 0x7fc39856b0, 3200, MSG_DONTWAIT, NULL, NULL) = -1 EAGAIN (Try again)
30197 1783914057.977388 sendmsg(177, {msg_name=NULL, msg_namelen=0, msg_iov=[{iov_base="l\1\1\1\374\0\0\0;\1\0\0\235\0\0\0\1\1o\0;\0\0\0/re/frid"..., iov_len=428}], msg_iovlen=1, msg_controllen=0, msg_flags=0}, MSG_NOSIGNAL) = 428
30087 1783914057.979494 recvfrom(100, "nysv\0\0\0\0\0\0\0\0\0\0\0\0\254\23\374\243m\2\0\0\360m\2\0\0\0\0\0", 3200, MSG_DONTWAIT, NULL, NULL) = 32
30087 1783914057.979761 recvfrom(100, 0x7fc3986860, 3200, MSG_DONTWAIT, NULL, NULL) = -1 EAGAIN (Try again)
30087 1783914057.981222 recvfrom(100, 0x7fc3986760, 3200, MSG_DONTWAIT, NULL, NULL) = -1 EAGAIN (Try again)
30197 1783914057.987586 sendmsg(177, {msg_name=NULL, msg_namelen=0, msg_iov=[{iov_base="l\1\1\1\374\0\0\0<\1\0\0\235\0\0\0\1\1o\0;\0\0\0/re/frid"..., iov_len=428}], msg_iovlen=1, msg_controllen=0, msg_flags=0}, MSG_NOSIGNAL) = 428
30087 1783914057.988768 recvfrom(100, "nysv\0\0\0\0\0\0\0\0\0\0\0\0\366\265\372\244m\2\0\0\361m\2\0\0\0\0\0", 3200, MSG_DONTWAIT, NULL, NULL) = 32
30087 1783914057.988945 recvfrom(100, 0x7fc3986860, 3200, MSG_DONTWAIT, NULL, NULL) = -1 EAGAIN (Try again)
30197 1783914057.994178 sendmsg(177, {msg_name=NULL, msg_namelen=0, msg_iov=[{iov_base="l\1\1\1\374\0\0\0=\1\0\0\235\0\0\0\1\1o\0;\0\0\0/re/frid"..., iov_len=428}], msg_iovlen=1, msg_controllen=0, msg_flags=0}, MSG_NOSIGNAL) = 428
30087 1783914058.429113 recvfrom(100, 0x7fc3986420, 3200, MSG_DONTWAIT, NULL, NULL) = -1 EAGAIN (Try again)
30087 1783914058.437917 recvfrom(100, "nysv\0\0\0\0\0\0\0\0\0\0\0\0\227H\314\277m\2\0\0\fn\2\0\0\0\0\0", 3200, MSG_DONTWAIT, NULL, NULL) = 32
30087 1783914058.438155 recvfrom(100, 0x7fc3986860, 3200, MSG_DONTWAIT, NULL, NULL) = -1 EAGAIN (Try again)
30087 1783914058.438598 recvfrom(121, 0x7d29777820, 2272, MSG_DONTWAIT, NULL, NULL) = -1 EAGAIN (Try again)
30197 1783914058.462432 sendmsg(177, {msg_name=NULL, msg_namelen=0, msg_iov=[{iov_base="l\1\1\1\374\0\0\0>\1\0\0\235\0\0\0\1\1o\0;\0\0\0/re/frid"..., iov_len=428}], msg_iovlen=1, msg_controllen=0, msg_flags=0}, MSG_NOSIGNAL) = 428
30087 1783914058.463997 recvfrom(100, 0x7fc39856b0, 3200, MSG_DONTWAIT, NULL, NULL) = -1 EAGAIN (Try again)
30087 1783914058.469371 recvfrom(100, "nysv\0\0\0\0\0\0\0\0\0\0\0\0\265\\\311\301m\2\0\0\16n\2\0\0\0\0\0", 3200, MSG_DONTWAIT, NULL, NULL) = 32
30087 1783914058.469538 recvfrom(100, 0x7fc3986860, 3200, MSG_DONTWAIT, NULL, NULL) = -1 EAGAIN (Try again)
30087 1783914058.470807 recvfrom(100, 0x7fc3986760, 3200, MSG_DONTWAIT, NULL, NULL) = -1 EAGAIN (Try again)
30197 1783914058.476170 sendmsg(177, {msg_name=NULL, msg_namelen=0, msg_iov=[{iov_base="l\1\1\1\374\0\0\0?\1\0\0\235\0\0\0\1\1o\0;\0\0\0/re/frid"..., iov_len=428}], msg_iovlen=1, msg_controllen=0, msg_flags=0}, MSG_NOSIGNAL) = 428
30087 1783914058.485879 recvfrom(100, "nysv\0\0\0\0\0\0\0\0\0\0\0\0\215\347\307\302m\2\0\0\17n\2\0\0\0\0\0", 3200, MSG_DONTWAIT, NULL, NULL) = 32
30087 1783914058.486032 recvfrom(100, 0x7fc3986860, 3200, MSG_DONTWAIT, NULL, NULL) = -1 EAGAIN (Try again)
30197 1783914058.492262 sendmsg(177, {msg_name=NULL, msg_namelen=0, msg_iov=[{iov_base="l\1\1\1\374\0\0\0@\1\0\0\235\0\0\0\1\1o\0;\0\0\0/re/frid"..., iov_len=428}], msg_iovlen=1, msg_controllen=0, msg_flags=0}, MSG_NOSIGNAL) = 428
30087 1783914058.934797 recvfrom(100, 0x7fc3986420, 3200, MSG_DONTWAIT, NULL, NULL) = -1 EAGAIN (Try again)
30087 1783914058.959204 recvfrom(100, "nysv\0\0\0\0\0\0\0\0\0\0\0\0\255\375\227\336m\2\0\0+n\2\0\0\0\0\0", 3200, MSG_DONTWAIT, NULL, NULL) = 32
30087 1783914058.959855 recvfrom(100, 0x7fc3986860, 3200, MSG_DONTWAIT, NULL, NULL) = -1 EAGAIN (Try again)
30087 1783914058.960962 recvfrom(121, 0x7d29777820, 2272, MSG_DONTWAIT, NULL, NULL) = -1 EAGAIN (Try again)
30197 1783914058.992418 sendmsg(177, {msg_name=NULL, msg_namelen=0, msg_iov=[{iov_base="l\1\1\1\374\0\0\0A\1\0\0\235\0\0\0\1\1o\0;\0\0\0/re/frid"..., iov_len=428}], msg_iovlen=1, msg_controllen=0, msg_flags=0}, MSG_NOSIGNAL) = 428
30087 1783914058.996048 recvfrom(100, 0x7fc39856b0, 3200, MSG_DONTWAIT, NULL, NULL) = -1 EAGAIN (Try again)
30087 1783914059.003725 recvfrom(100, "nysv\0\0\0\0\0\0\0\0\0\0\0\0|s\223\341m\2\0\0.n\2\0\0\0\0\0", 3200, MSG_DONTWAIT, NULL, NULL) = 32
30087 1783914059.003956 recvfrom(100, 0x7fc3986860, 3200, MSG_DONTWAIT, NULL, NULL) = -1 EAGAIN (Try again)
30087 1783914059.005924 recvfrom(100, 0x7fc3986760, 3200, MSG_DONTWAIT, NULL, NULL) = -1 EAGAIN (Try again)
30197 1783914059.014863 sendmsg(177, {msg_name=NULL, msg_namelen=0, msg_iov=[{iov_base="l\1\1\1\374\0\0\0B\1\0\0\235\0\0\0\1\1o\0;\0\0\0/re/frid"..., iov_len=428}], msg_iovlen=1, msg_controllen=0, msg_flags=0}, MSG_NOSIGNAL) = 428
30087 1783914059.020502 recvfrom(100, "nysv\0\0\0\0\0\0\0\0\0\0\0\0\244\274\221\342m\2\0\0/n\2\0\0\0\0\0", 3200, MSG_DONTWAIT, NULL, NULL) = 32
30087 1783914059.020692 recvfrom(100, 0x7fc3986860, 3200, MSG_DONTWAIT, NULL, NULL) = -1 EAGAIN (Try again)
30197 1783914059.026561 sendmsg(177, {msg_name=NULL, msg_namelen=0, msg_iov=[{iov_base="l\1\1\1\374\0\0\0C\1\0\0\235\0\0\0\1\1o\0;\0\0\0/re/frid"..., iov_len=428}], msg_iovlen=1, msg_controllen=0, msg_flags=0}, MSG_NOSIGNAL) = 428
30087 1783914059.441029 recvfrom(100, 0x7fc3986420, 3200, MSG_DONTWAIT, NULL, NULL) = -1 EAGAIN (Try again)
30087 1783914059.455861 recvfrom(100, "nysv\0\0\0\0\0\0\0\0\0\0\0\0\231be\374m\2\0\0In\2\0\0\0\0\0", 3200, MSG_DONTWAIT, NULL, NULL) = 32
30087 1783914059.456678 recvfrom(100, 0x7fc3986860, 3200, MSG_DONTWAIT, NULL, NULL) = -1 EAGAIN (Try again)
30087 1783914059.457826 recvfrom(121, 0x7d29777820, 2272, MSG_DONTWAIT, NULL, NULL) = -1 EAGAIN (Try again)
30197 1783914059.483314 sendmsg(177, {msg_name=NULL, msg_namelen=0, msg_iov=[{iov_base="l\1\1\1\374\0\0\0D\1\0\0\235\0\0\0\1\1o\0;\0\0\0/re/frid"..., iov_len=428}], msg_iovlen=1, msg_controllen=0, msg_flags=0}, MSG_NOSIGNAL) = 428
30087 1783914059.485240 recvfrom(100, 0x7fc39856b0, 3200, MSG_DONTWAIT, NULL, NULL) = -1 EAGAIN (Try again)
30087 1783914059.504952 recvfrom(100, "nysv\0\0\0\0\0\0\0\0\0\0\0\0\301\245`\377m\2\0\0Ln\2\0\0\0\0\0", 3200, MSG_DONTWAIT, NULL, NULL) = 32
30087 1783914059.505140 recvfrom(100, 0x7fc3986860, 3200, MSG_DONTWAIT, NULL, NULL) = -1 EAGAIN (Try again)
30087 1783914059.506857 recvfrom(100, 0x7fc3986760, 3200, MSG_DONTWAIT, NULL, NULL) = -1 EAGAIN (Try again)
30197 1783914059.514492 sendmsg(177, {msg_name=NULL, msg_namelen=0, msg_iov=[{iov_base="l\1\1\1\374\0\0\0E\1\0\0\235\0\0\0\1\1o\0;\0\0\0/re/frid"..., iov_len=428}], msg_iovlen=1, msg_controllen=0, msg_flags=0}, MSG_NOSIGNAL) = 428
30087 1783914059.520196 recvfrom(100, "nysv\0\0\0\0\0\0\0\0\0\0\0\0\240\364^\0n\2\0\0Mn\2\0\0\0\0\0", 3200, MSG_DONTWAIT, NULL, NULL) = 32
30087 1783914059.520379 recvfrom(100, 0x7fc3986860, 3200, MSG_DONTWAIT, NULL, NULL) = -1 EAGAIN (Try again)
30197 1783914059.527498 sendmsg(177, {msg_name=NULL, msg_namelen=0, msg_iov=[{iov_base="l\1\1\1\374\0\0\0F\1\0\0\235\0\0\0\1\1o\0;\0\0\0/re/frid"..., iov_len=428}], msg_iovlen=1, msg_controllen=0, msg_flags=0}, MSG_NOSIGNAL) = 428
30087 1783914059.947049 recvfrom(100, 0x7fc3986420, 3200, MSG_DONTWAIT, NULL, NULL) = -1 EAGAIN (Try again)
30087 1783914059.952869 recvfrom(100, "nysv\0\0\0\0\0\0\0\0\0\0\0\0z\3742\32n\2\0\0gn\2\0\0\0\0\0", 3200, MSG_DONTWAIT, NULL, NULL) = 32
30087 1783914059.953204 recvfrom(100, 0x7fc3986860, 3200, MSG_DONTWAIT, NULL, NULL) = -1 EAGAIN (Try again)
30087 1783914059.953815 recvfrom(121, 0x7d29777820, 2272, MSG_DONTWAIT, NULL, NULL) = -1 EAGAIN (Try again)
30197 1783914059.978720 sendmsg(177, {msg_name=NULL, msg_namelen=0, msg_iov=[{iov_base="l\1\1\1\374\0\0\0G\1\0\0\235\0\0\0\1\1o\0;\0\0\0/re/frid"..., iov_len=428}], msg_iovlen=1, msg_controllen=0, msg_flags=0}, MSG_NOSIGNAL) = 428
30087 1783914059.980659 recvfrom(100, 0x7fc39856b0, 3200, MSG_DONTWAIT, NULL, NULL) = -1 EAGAIN (Try again)
30087 1783914059.986749 recvfrom(100, "nysv\0\0\0\0\0\0\0\0\0\0\0\0Qh/\34n\2\0\0in\2\0\0\0\0\0", 3200, MSG_DONTWAIT, NULL, NULL) = 32
30087 1783914059.987326 recvfrom(100, 0x7fc3986860, 3200, MSG_DONTWAIT, NULL, NULL) = -1 EAGAIN (Try again)
30087 1783914059.990048 recvfrom(100, 0x7fc3986760, 3200, MSG_DONTWAIT, NULL, NULL) = -1 EAGAIN (Try again)
30197 1783914059.998348 sendmsg(177, {msg_name=NULL, msg_namelen=0, msg_iov=[{iov_base="l\1\1\1\374\0\0\0H\1\0\0\235\0\0\0\1\1o\0;\0\0\0/re/frid"..., iov_len=428}], msg_iovlen=1, msg_controllen=0, msg_flags=0}, MSG_NOSIGNAL) = 428
30087 1783914060.002682 recvfrom(100, "nysv\0\0\0\0\0\0\0\0\0\0\0\0\265\r.\35n\2\0\0jn\2\0\0\0\0\0", 3200, MSG_DONTWAIT, NULL, NULL) = 32
30087 1783914060.003107 recvfrom(100, 0x7fc3986860, 3200, MSG_DONTWAIT, NULL, NULL) = -1 EAGAIN (Try again)
30197 1783914060.011947 sendmsg(177, {msg_name=NULL, msg_namelen=0, msg_iov=[{iov_base="l\1\1\1\374\0\0\0I\1\0\0\235\0\0\0\1\1o\0;\0\0\0/re/frid"..., iov_len=428}], msg_iovlen=1, msg_controllen=0, msg_flags=0}, MSG_NOSIGNAL) = 428
30087 1783914060.451189 recvfrom(100, 0x7fc3986420, 3200, MSG_DONTWAIT, NULL, NULL) = -1 EAGAIN (Try again)
30087 1783914060.472469 recvfrom(100, "nysv\0\0\0\0\0\0\0\0\0\0\0\0\245\322\3768n\2\0\0\206n\2\0\0\0\0\0", 3200, MSG_DONTWAIT, NULL, NULL) = 32
30087 1783914060.473390 recvfrom(100, 0x7fc3986860, 3200, MSG_DONTWAIT, NULL, NULL) = -1 EAGAIN (Try again)
30087 1783914060.474638 recvfrom(121, 0x7d29777820, 2272, MSG_DONTWAIT, NULL, NULL) = -1 EAGAIN (Try again)
30197 1783914060.498687 sendmsg(177, {msg_name=NULL, msg_namelen=0, msg_iov=[{iov_base="l\1\1\1\374\0\0\0J\1\0\0\235\0\0\0\1\1o\0;\0\0\0/re/frid"..., iov_len=428}], msg_iovlen=1, msg_controllen=0, msg_flags=0}, MSG_NOSIGNAL) = 428
30087 1783914060.500835 recvfrom(100, 0x7fc39856b0, 3200, MSG_DONTWAIT, NULL, NULL) = -1 EAGAIN (Try again)
30087 1783914060.503367 recvfrom(100, "nysv\0\0\0\0\0\0\0\0\0\0\0\0w\n\374:n\2\0\0\210n\2\0\0\0\0\0", 3200, MSG_DONTWAIT, NULL, NULL) = 32
30087 1783914060.503575 recvfrom(100, 0x7fc3986860, 3200, MSG_DONTWAIT, NULL, NULL) = -1 EAGAIN (Try again)
30087 1783914060.512326 recvfrom(100, 0x7fc3986760, 3200, MSG_DONTWAIT, NULL, NULL) = -1 EAGAIN (Try again)
30197 1783914060.519147 sendmsg(177, {msg_name=NULL, msg_namelen=0, msg_iov=[{iov_base="l\1\1\1\374\0\0\0K\1\0\0\235\0\0\0\1\1o\0;\0\0\0/re/frid"..., iov_len=428}], msg_iovlen=1, msg_controllen=0, msg_flags=0}, MSG_NOSIGNAL) = 428
30087 1783914060.519675 recvfrom(100, "nysv\0\0\0\0\0\0\0\0\0\0\0\0\3\252\372;n\2\0\0\211n\2\0\0\0\0\0", 3200, MSG_DONTWAIT, NULL, NULL) = 32
30087 1783914060.519911 recvfrom(100, 0x7fc3986860, 3200, MSG_DONTWAIT, NULL, NULL) = -1 EAGAIN (Try again)
30197 1783914060.525396 sendmsg(177, {msg_name=NULL, msg_namelen=0, msg_iov=[{iov_base="l\1\1\1\374\0\0\0L\1\0\0\235\0\0\0\1\1o\0;\0\0\0/re/frid"..., iov_len=428}], msg_iovlen=1, msg_controllen=0, msg_flags=0}, MSG_NOSIGNAL) = 428
30087 1783914060.955953 recvfrom(100, 0x7fc3986420, 3200, MSG_DONTWAIT, NULL, NULL) = -1 EAGAIN (Try again)
30087 1783914060.970454 recvfrom(100, "nysv\0\0\0\0\0\0\0\0\0\0\0\0\v\25\314Vn\2\0\0\244n\2\0\0\0\0\0", 3200, MSG_DONTWAIT, NULL, NULL) = 32
30087 1783914060.970781 recvfrom(100, 0x7fc3986860, 3200, MSG_DONTWAIT, NULL, NULL) = -1 EAGAIN (Try again)
30087 1783914060.971156 recvfrom(121, 0x7d29777820, 2272, MSG_DONTWAIT, NULL, NULL) = -1 EAGAIN (Try again)
30087 1783914060.986345 recvfrom(100, 0x7fc39856b0, 3200, MSG_DONTWAIT, NULL, NULL) = -1 EAGAIN (Try again)
30197 1783914060.994846 sendmsg(177, {msg_name=NULL, msg_namelen=0, msg_iov=[{iov_base="l\1\1\1\374\0\0\0M\1\0\0\235\0\0\0\1\1o\0;\0\0\0/re/frid"..., iov_len=428}], msg_iovlen=1, msg_controllen=0, msg_flags=0}, MSG_NOSIGNAL) = 428
30087 1783914061.002606 recvfrom(100, "nysv\0\0\0\0\0\0\0\0\0\0\0\0\177\362\310Xn\2\0\0\246n\2\0\0\0\0\0", 3200, MSG_DONTWAIT, NULL, NULL) = 32
30087 1783914061.002827 recvfrom(100, 0x7fc3986860, 3200, MSG_DONTWAIT, NULL, NULL) = -1 EAGAIN (Try again)
30087 1783914061.005601 recvfrom(100, 0x7fc3986760, 3200, MSG_DONTWAIT, NULL, NULL) = -1 EAGAIN (Try again)
30197 1783914061.012504 sendmsg(177, {msg_name=NULL, msg_namelen=0, msg_iov=[{iov_base="l\1\1\1\374\0\0\0N\1\0\0\235\0\0\0\1\1o\0;\0\0\0/re/frid"..., iov_len=428}], msg_iovlen=1, msg_controllen=0, msg_flags=0}, MSG_NOSIGNAL) = 428
30087 1783914061.021553 recvfrom(100, "nysv\0\0\0\0\0\0\0\0\0\0\0\0\231\366\306Yn\2\0\0\247n\2\0\0\0\0\0", 3200, MSG_DONTWAIT, NULL, NULL) = 32
30087 1783914061.021743 recvfrom(100, 0x7fc3986860, 3200, MSG_DONTWAIT, NULL, NULL) = -1 EAGAIN (Try again)
30197 1783914061.027741 sendmsg(177, {msg_name=NULL, msg_namelen=0, msg_iov=[{iov_base="l\1\1\1\374\0\0\0O\1\0\0\235\0\0\0\1\1o\0;\0\0\0/re/frid"..., iov_len=428}], msg_iovlen=1, msg_controllen=0, msg_flags=0}, MSG_NOSIGNAL) = 428
30087 1783914061.458984 recvfrom(100, 0x7fc3986420, 3200, MSG_DONTWAIT, NULL, NULL) = -1 EAGAIN (Try again)
30087 1783914061.472309 recvfrom(100, "nysv\0\0\0\0\0\0\0\0\0\0\0\0sF\231tn\2\0\0\302n\2\0\0\0\0\0", 3200, MSG_DONTWAIT, NULL, NULL) = 32
30087 1783914061.472783 recvfrom(100, 0x7fc3986860, 3200, MSG_DONTWAIT, NULL, NULL) = -1 EAGAIN (Try again)
30087 1783914061.473680 recvfrom(121, 0x7d29777820, 2272, MSG_DONTWAIT, NULL, NULL) = -1 EAGAIN (Try again)
30087 1783914061.489216 recvfrom(100, 0x7fc39856b0, 3200, MSG_DONTWAIT, NULL, NULL) = -1 EAGAIN (Try again)
30197 1783914061.497980 sendmsg(177, {msg_name=NULL, msg_namelen=0, msg_iov=[{iov_base="l\1\1\1\374\0\0\0P\1\0\0\235\0\0\0\1\1o\0;\0\0\0/re/frid"..., iov_len=428}], msg_iovlen=1, msg_controllen=0, msg_flags=0}, MSG_NOSIGNAL) = 428
30087 1783914061.503768 recvfrom(100, "nysv\0\0\0\0\0\0\0\0\0\0\0\0\275\355\225vn\2\0\0\304n\2\0\0\0\0\0", 3200, MSG_DONTWAIT, NULL, NULL) = 32
30087 1783914061.504607 recvfrom(100, 0x7fc3986860, 3200, MSG_DONTWAIT, NULL, NULL) = -1 EAGAIN (Try again)
30087 1783914061.510630 recvfrom(100, 0x7fc3986760, 3200, MSG_DONTWAIT, NULL, NULL) = -1 EAGAIN (Try again)
30197 1783914061.518475 sendmsg(177, {msg_name=NULL, msg_namelen=0, msg_iov=[{iov_base="l\1\1\1\374\0\0\0Q\1\0\0\235\0\0\0\1\1o\0;\0\0\0/re/frid"..., iov_len=428}], msg_iovlen=1, msg_controllen=0, msg_flags=0}, MSG_NOSIGNAL) = 428
30087 1783914061.520058 recvfrom(100, "nysv\0\0\0\0\0\0\0\0\0\0\0\0g\223\224wn\2\0\0\305n\2\0\0\0\0\0", 3200, MSG_DONTWAIT, NULL, NULL) = 32
30087 1783914061.520254 recvfrom(100, 0x7fc3986860, 3200, MSG_DONTWAIT, NULL, NULL) = -1 EAGAIN (Try again)
30197 1783914061.525661 sendmsg(177, {msg_name=NULL, msg_namelen=0, msg_iov=[{iov_base="l\1\1\1\374\0\0\0R\1\0\0\235\0\0\0\1\1o\0;\0\0\0/re/frid"..., iov_len=428}], msg_iovlen=1, msg_controllen=0, msg_flags=0}, MSG_NOSIGNAL) = 428
30087 1783914061.964198 recvfrom(100, 0x7fc3986420, 3200, MSG_DONTWAIT, NULL, NULL) = -1 EAGAIN (Try again)
30087 1783914061.969531 recvfrom(100, "nysv\0\0\0\0\0\0\0\0\0\0\0\0\242\340f\222n\2\0\0\337n\2\0\0\0\0\0", 3200, MSG_DONTWAIT, NULL, NULL) = 32
30087 1783914061.969889 recvfrom(100, 0x7fc3986860, 3200, MSG_DONTWAIT, NULL, NULL) = -1 EAGAIN (Try again)
30087 1783914061.970610 recvfrom(121, 0x7d29777820, 2272, MSG_DONTWAIT, NULL, NULL) = -1 EAGAIN (Try again)
30087 1783914061.987086 recvfrom(100, 0x7fc39856b0, 3200, MSG_DONTWAIT, NULL, NULL) = -1 EAGAIN (Try again)
30197 1783914061.995157 sendmsg(177, {msg_name=NULL, msg_namelen=0, msg_iov=[{iov_base="l\1\1\1\374\0\0\0S\1\0\0\235\0\0\0\1\1o\0;\0\0\0/re/frid"..., iov_len=428}], msg_iovlen=1, msg_controllen=0, msg_flags=0}, MSG_NOSIGNAL) = 428
30087 1783914062.003766 recvfrom(100, "nysv\0\0\0\0\0\0\0\0\0\0\0\0\263Kc\224n\2\0\0\341n\2\0\0\0\0\0", 3200, MSG_DONTWAIT, NULL, NULL) = 32
30087 1783914062.004329 recvfrom(100, 0x7fc3986860, 3200, MSG_DONTWAIT, NULL, NULL) = -1 EAGAIN (Try again)
30087 1783914062.011985 recvfrom(100, 0x7fc3986760, 3200, MSG_DONTWAIT, NULL, NULL) = -1 EAGAIN (Try again)
30197 1783914062.019119 sendmsg(177, {msg_name=NULL, msg_namelen=0, msg_iov=[{iov_base="l\1\1\1\374\0\0\0T\1\0\0\235\0\0\0\1\1o\0;\0\0\0/re/frid"..., iov_len=428}], msg_iovlen=1, msg_controllen=0, msg_flags=0}, MSG_NOSIGNAL) = 428
30087 1783914062.020242 recvfrom(100, "nysv\0\0\0\0\0\0\0\0\0\0\0\0$\357a\225n\2\0\0\342n\2\0\0\0\0\0", 3200, MSG_DONTWAIT, NULL, NULL) = 32
30087 1783914062.020412 recvfrom(100, 0x7fc3986860, 3200, MSG_DONTWAIT, NULL, NULL) = -1 EAGAIN (Try again)
30197 1783914062.026887 sendmsg(177, {msg_name=NULL, msg_namelen=0, msg_iov=[{iov_base="l\1\1\1\374\0\0\0U\1\0\0\235\0\0\0\1\1o\0;\0\0\0/re/frid"..., iov_len=428}], msg_iovlen=1, msg_controllen=0, msg_flags=0}, MSG_NOSIGNAL) = 428
30087 1783914062.467493 recvfrom(100, 0x7fc3986420, 3200, MSG_DONTWAIT, NULL, NULL) = -1 EAGAIN (Try again)
30087 1783914062.487333 recvfrom(100, "nysv\0\0\0\0\0\0\0\0\0\0\0\0L\2532\261n\2\0\0\376n\2\0\0\0\0\0", 3200, MSG_DONTWAIT, NULL, NULL) = 32
30087 1783914062.487866 recvfrom(100, 0x7fc3986860, 3200, MSG_DONTWAIT, NULL, NULL) = -1 EAGAIN (Try again)
30087 1783914062.488646 recvfrom(121, 0x7d29777820, 2272, MSG_DONTWAIT, NULL, NULL) = -1 EAGAIN (Try again)
30197 1783914062.509777 sendmsg(177, {msg_name=NULL, msg_namelen=0, msg_iov=[{iov_base="l\1\1\1\374\0\0\0V\1\0\0\235\0\0\0\1\1o\0;\0\0\0/re/frid"..., iov_len=428}], msg_iovlen=1, msg_controllen=0, msg_flags=0}, MSG_NOSIGNAL) = 428
30087 1783914062.511612 recvfrom(100, 0x7fc39856b0, 3200, MSG_DONTWAIT, NULL, NULL) = -1 EAGAIN (Try again)
30087 1783914062.521035 recvfrom(100, "nysv\0\0\0\0\0\0\0\0\0\0\0\0N\"/\263n\2\0\0\0o\2\0\200\0\0\0", 3200, MSG_DONTWAIT, NULL, NULL) = 32
30087 1783914062.521796 recvfrom(100, 0x7fc3986860, 3200, MSG_DONTWAIT, NULL, NULL) = -1 EAGAIN (Try again)
30087 1783914062.528455 recvfrom(100, 0x7fc3986760, 3200, MSG_DONTWAIT, NULL, NULL) = -1 EAGAIN (Try again)
30197 1783914062.536629 sendmsg(177, {msg_name=NULL, msg_namelen=0, msg_iov=[{iov_base="l\1\1\1\374\0\0\0W\1\0\0\235\0\0\0\1\1o\0;\0\0\0/re/frid"..., iov_len=428}], msg_iovlen=1, msg_controllen=0, msg_flags=0}, MSG_NOSIGNAL) = 428
30087 1783914062.537975 recvfrom(100, "nysv\0\0\0\0\0\0\0\0\0\0\0\0001\307-\264n\2\0\0\1o\2\0\0\0\0\0", 3200, MSG_DONTWAIT, NULL, NULL) = 32
30087 1783914062.538182 recvfrom(100, 0x7fc3986860, 3200, MSG_DONTWAIT, NULL, NULL) = -1 EAGAIN (Try again)
30197 1783914062.543557 sendmsg(177, {msg_name=NULL, msg_namelen=0, msg_iov=[{iov_base="l\1\1\1\374\0\0\0X\1\0\0\235\0\0\0\1\1o\0;\0\0\0/re/frid"..., iov_len=428}], msg_iovlen=1, msg_controllen=0, msg_flags=0}, MSG_NOSIGNAL) = 428
30087 1783914062.973975 recvfrom(100, 0x7fc3986420, 3200, MSG_DONTWAIT, NULL, NULL) = -1 EAGAIN (Try again)
30087 1783914062.988137 recvfrom(100, "nysv\0\0\0\0\0\0\0\0\0\0\0\0a\305\377\316n\2\0\0\34o\2\0\0\0\0\0", 3200, MSG_DONTWAIT, NULL, NULL) = 32
30087 1783914062.988528 recvfrom(100, 0x7fc3986860, 3200, MSG_DONTWAIT, NULL, NULL) = -1 EAGAIN (Try again)
30087 1783914062.989266 recvfrom(121, 0x7d29777820, 2272, MSG_DONTWAIT, NULL, NULL) = -1 EAGAIN (Try again)
30087 1783914063.006982 recvfrom(100, 0x7fc39856b0, 3200, MSG_DONTWAIT, NULL, NULL) = -1 EAGAIN (Try again)
30197 1783914063.012572 sendmsg(177, {msg_name=NULL, msg_namelen=0, msg_iov=[{iov_base="l\1\1\1\374\0\0\0Y\1\0\0\235\0\0\0\1\1o\0;\0\0\0/re/frid"..., iov_len=428}], msg_iovlen=1, msg_controllen=0, msg_flags=0}, MSG_NOSIGNAL) = 428
30087 1783914063.021523 recvfrom(100, "nysv\0\0\0\0\0\0\0\0\0\0\0\0\265e\374\320n\2\0\0\36o\2\0\0\0\0\0", 3200, MSG_DONTWAIT, NULL, NULL) = 32
30087 1783914063.022205 recvfrom(100, 0x7fc3986860, 3200, MSG_DONTWAIT, NULL, NULL) = -1 EAGAIN (Try again)
30087 1783914063.027690 recvfrom(100, 0x7fc3986760, 3200, MSG_DONTWAIT, NULL, NULL) = -1 EAGAIN (Try again)
30197 1783914063.034947 sendmsg(177, {msg_name=NULL, msg_namelen=0, msg_iov=[{iov_base="l\1\1\1\374\0\0\0Z\1\0\0\235\0\0\0\1\1o\0;\0\0\0/re/frid"..., iov_len=428}], msg_iovlen=1, msg_controllen=0, msg_flags=0}, MSG_NOSIGNAL) = 428
30087 1783914063.036615 recvfrom(100, "nysv\0\0\0\0\0\0\0\0\0\0\0\0k\5\373\321n\2\0\0\37o\2\0\0\0\0\0", 3200, MSG_DONTWAIT, NULL, NULL) = 32
30087 1783914063.036778 recvfrom(100, 0x7fc3986860, 3200, MSG_DONTWAIT, NULL, NULL) = -1 EAGAIN (Try again)
30197 1783914063.042250 sendmsg(177, {msg_name=NULL, msg_namelen=0, msg_iov=[{iov_base="l\1\1\1\374\0\0\0[\1\0\0\235\0\0\0\1\1o\0;\0\0\0/re/frid"..., iov_len=428}], msg_iovlen=1, msg_controllen=0, msg_flags=0}, MSG_NOSIGNAL) = 428
30087 1783914063.476525 recvfrom(100, 0x7fc3986420, 3200, MSG_DONTWAIT, NULL, NULL) = -1 EAGAIN (Try again)
30087 1783914063.486579 recvfrom(100, "nysv\0\0\0\0\0\0\0\0\0\0\0\0\363\235\315\354n\2\0\0:o\2\0\0\0\0\0", 3200, MSG_DONTWAIT, NULL, NULL) = 32
30087 1783914063.486742 recvfrom(100, 0x7fc3986860, 3200, MSG_DONTWAIT, NULL, NULL) = -1 EAGAIN (Try again)
30087 1783914063.487171 recvfrom(121, 0x7d29777820, 2272, MSG_DONTWAIT, NULL, NULL) = -1 EAGAIN (Try again)
30087 1783914063.500907 recvfrom(100, 0x7fc39856b0, 3200, MSG_DONTWAIT, NULL, NULL) = -1 EAGAIN (Try again)
30197 1783914063.513455 sendmsg(177, {msg_name=NULL, msg_namelen=0, msg_iov=[{iov_base="l\1\1\1\374\0\0\0\\\1\0\0\235\0\0\0\1\1o\0;\0\0\0/re/frid"..., iov_len=428}], msg_iovlen=1, msg_controllen=0, msg_flags=0}, MSG_NOSIGNAL) = 428
30087 1783914063.515479 recvfrom(100, "nysv\0\0\0\0\0\0\0\0\0\0\0\0\349\314\355n\2\0\0;o\2\0\0\0\0\0", 3200, MSG_DONTWAIT, NULL, NULL) = 32
30087 1783914063.515685 recvfrom(100, 0x7fc3986860, 3200, MSG_DONTWAIT, NULL, NULL) = -1 EAGAIN (Try again)
30087 1783914063.516967 recvfrom(100, 0x7fc3986760, 3200, MSG_DONTWAIT, NULL, NULL) = -1 EAGAIN (Try again)
30087 1783914063.524002 recvfrom(100, "nysv\0\0\0\0\0\0\0\0\0\0\0\0\314\317\312\356n\2\0\0<o\2\0\0\0\0\0", 3200, MSG_DONTWAIT, NULL, NULL) = 32
30197 1783914063.524148 sendmsg(177, {msg_name=NULL, msg_namelen=0, msg_iov=[{iov_base="l\1\1\1\374\0\0\0]\1\0\0\235\0\0\0\1\1o\0;\0\0\0/re/frid"..., iov_len=428}], msg_iovlen=1, msg_controllen=0, msg_flags=0}, MSG_NOSIGNAL <unfinished ...>
30087 1783914063.524171 recvfrom(100,  <unfinished ...>
30197 1783914063.524294 <... sendmsg resumed> ) = 428
30087 1783914063.524314 <... recvfrom resumed> 0x7fc3986860, 3200, MSG_DONTWAIT, NULL, NULL) = -1 EAGAIN (Try again)
30197 1783914063.529762 sendmsg(177, {msg_name=NULL, msg_namelen=0, msg_iov=[{iov_base="l\1\1\1\374\0\0\0^\1\0\0\235\0\0\0\1\1o\0;\0\0\0/re/frid"..., iov_len=428}], msg_iovlen=1, msg_controllen=0, msg_flags=0}, MSG_NOSIGNAL) = 428
30087 1783914063.980742 recvfrom(100, 0x7fc3986420, 3200, MSG_DONTWAIT, NULL, NULL) = -1 EAGAIN (Try again)
30087 1783914063.986524 recvfrom(100, "nysv\0\0\0\0\0\0\0\0\0\0\0\0\376\375\232\no\2\0\0Xo\2\0\0\0\0\0", 3200, MSG_DONTWAIT, NULL, NULL) = 32
30087 1783914063.986932 recvfrom(100, 0x7fc3986860, 3200, MSG_DONTWAIT, NULL, NULL) = -1 EAGAIN (Try again)
30087 1783914063.987755 recvfrom(121, 0x7d29777820, 2272, MSG_DONTWAIT, NULL, NULL) = -1 EAGAIN (Try again)
30087 1783914064.004932 recvfrom(100, 0x7fc39856b0, 3200, MSG_DONTWAIT, NULL, NULL) = -1 EAGAIN (Try again)
30197 1783914064.013518 sendmsg(177, {msg_name=NULL, msg_namelen=0, msg_iov=[{iov_base="l\1\1\1\374\0\0\0_\1\0\0\235\0\0\0\1\1o\0;\0\0\0/re/frid"..., iov_len=428}], msg_iovlen=1, msg_controllen=0, msg_flags=0}, MSG_NOSIGNAL) = 428
30087 1783914064.019070 recvfrom(100, "nysv\0\0\0\0\0\0\0\0\0\0\0\0\327\213\227\fo\2\0\0Zo\2\0\0\0\0\0", 3200, MSG_DONTWAIT, NULL, NULL) = 32
30087 1783914064.019850 recvfrom(100, 0x7fc3986860, 3200, MSG_DONTWAIT, NULL, NULL) = -1 EAGAIN (Try again)
30087 1783914064.021778 recvfrom(100, 0x7fc3986760, 3200, MSG_DONTWAIT, NULL, NULL) = -1 EAGAIN (Try again)
30197 1783914064.033737 sendmsg(177, {msg_name=NULL, msg_namelen=0, msg_iov=[{iov_base="l\1\1\1\374\0\0\0`\1\0\0\235\0\0\0\1\1o\0;\0\0\0/re/frid"..., iov_len=428}], msg_iovlen=1, msg_controllen=0, msg_flags=0}, MSG_NOSIGNAL) = 428
30087 1783914064.035800 recvfrom(100, "nysv\0\0\0\0\0\0\0\0\0\0\0\0\227\37\226\ro\2\0\0[o\2\0\0\0\0\0", 3200, MSG_DONTWAIT, NULL, NULL) = 32
30087 1783914064.036100 recvfrom(100, 0x7fc3986860, 3200, MSG_DONTWAIT, NULL, NULL) = -1 EAGAIN (Try again)
30197 1783914064.042312 sendmsg(177, {msg_name=NULL, msg_namelen=0, msg_iov=[{iov_base="l\1\1\1\374\0\0\0a\1\0\0\235\0\0\0\1\1o\0;\0\0\0/re/frid"..., iov_len=428}], msg_iovlen=1, msg_controllen=0, msg_flags=0}, MSG_NOSIGNAL) = 428
30087 1783914064.485421 recvfrom(100, 0x7fc3986420, 3200, MSG_DONTWAIT, NULL, NULL) = -1 EAGAIN (Try again)
30087 1783914064.488583 recvfrom(100, "nysv\0\0\0\0\0\0\0\0\0\0\0\0\243\366g(o\2\0\0vo\2\0\0\0\0\0", 3200, MSG_DONTWAIT, NULL, NULL) = 32
30087 1783914064.488929 recvfrom(100, 0x7fc3986860, 3200, MSG_DONTWAIT, NULL, NULL) = -1 EAGAIN (Try again)
30087 1783914064.489284 recvfrom(121, 0x7d29777820, 2272, MSG_DONTWAIT, NULL, NULL) = -1 EAGAIN (Try again)
30087 1783914064.504873 recvfrom(100, 0x7fc39856b0, 3200, MSG_DONTWAIT, NULL, NULL) = -1 EAGAIN (Try again)
30197 1783914064.511762 sendmsg(177, {msg_name=NULL, msg_namelen=0, msg_iov=[{iov_base="l\1\1\1\374\0\0\0b\1\0\0\235\0\0\0\1\1o\0;\0\0\0/re/frid"..., iov_len=428}], msg_iovlen=1, msg_controllen=0, msg_flags=0}, MSG_NOSIGNAL) = 428
30087 1783914064.521671 recvfrom(100, "nysv\0\0\0\0\0\0\0\0\0\0\0\0y\224d*o\2\0\0xo\2\0\0\0\0\0", 3200, MSG_DONTWAIT, NULL, NULL) = 32
30087 1783914064.521962 recvfrom(100, 0x7fc3986860, 3200, MSG_DONTWAIT, NULL, NULL) = -1 EAGAIN (Try again)
30087 1783914064.526328 recvfrom(100, 0x7fc3986760, 3200, MSG_DONTWAIT, NULL, NULL) = -1 EAGAIN (Try again)
30197 1783914064.537829 sendmsg(177, {msg_name=NULL, msg_namelen=0, msg_iov=[{iov_base="l\1\1\1\374\0\0\0c\1\0\0\235\0\0\0\1\1o\0;\0\0\0/re/frid"..., iov_len=428}], msg_iovlen=1, msg_controllen=0, msg_flags=0}, MSG_NOSIGNAL) = 428
30087 1783914064.539210 recvfrom(100, "nysv\0\0\0\0\0\0\0\0\0\0\0\0):c+o\2\0\0yo\2\0\0\0\0\0", 3200, MSG_DONTWAIT, NULL, NULL) = 32
30087 1783914064.539387 recvfrom(100, 0x7fc3986860, 3200, MSG_DONTWAIT, NULL, NULL) = -1 EAGAIN (Try again)
30197 1783914064.545965 sendmsg(177, {msg_name=NULL, msg_namelen=0, msg_iov=[{iov_base="l\1\1\1\374\0\0\0d\1\0\0\235\0\0\0\1\1o\0;\0\0\0/re/frid"..., iov_len=428}], msg_iovlen=1, msg_controllen=0, msg_flags=0}, MSG_NOSIGNAL) = 428
30087 1783914064.993856 recvfrom(100, 0x7fc3986420, 3200, MSG_DONTWAIT, NULL, NULL) = -1 EAGAIN (Try again)
30087 1783914065.002939 recvfrom(100, "nysv\0\0\0\0\0\0\0\0\0\0\0\0)H4Go\2\0\0\225o\2\0\0\0\0\0", 3200, MSG_DONTWAIT, NULL, NULL) = 32
30087 1783914065.003483 recvfrom(100, 0x7fc3986860, 3200, MSG_DONTWAIT, NULL, NULL) = -1 EAGAIN (Try again)
30087 1783914065.004514 recvfrom(121, 0x7d29777820, 2272, MSG_DONTWAIT, NULL, NULL) = -1 EAGAIN (Try again)
30087 1783914065.039142 recvfrom(100, 0x7fc39856b0, 3200, MSG_DONTWAIT, NULL, NULL) = -1 EAGAIN (Try again)
30197 1783914065.042306 sendmsg(177, {msg_name=NULL, msg_namelen=0, msg_iov=[{iov_base="l\1\1\1\374\0\0\0e\1\0\0\235\0\0\0\1\1o\0;\0\0\0/re/frid"..., iov_len=428}], msg_iovlen=1, msg_controllen=0, msg_flags=0}, MSG_NOSIGNAL) = 428
30087 1783914065.055942 recvfrom(100, "nysv\0\0\0\0\0\0\0\0\0\0\0\0\356\301.Jo\2\0\0\230o\2\0\0\0\0\0", 3200, MSG_DONTWAIT, NULL, NULL) = 32
30087 1783914065.056255 recvfrom(100, 0x7fc3986860, 3200, MSG_DONTWAIT, NULL, NULL) = -1 EAGAIN (Try again)
30087 1783914065.057473 recvfrom(100, 0x7fc3986760, 3200, MSG_DONTWAIT, NULL, NULL) = -1 EAGAIN (Try again)
30197 1783914065.063086 sendmsg(177, {msg_name=NULL, msg_namelen=0, msg_iov=[{iov_base="l\1\1\1\374\0\0\0f\1\0\0\235\0\0\0\1\1o\0;\0\0\0/re/frid"..., iov_len=428}], msg_iovlen=1, msg_controllen=0, msg_flags=0}, MSG_NOSIGNAL) = 428
30087 1783914065.070982 recvfrom(100, "nysv\0\0\0\0\0\0\0\0\0\0\0\0\343\351,Ko\2\0\0\231o\2\0\0\0\0\0", 3200, MSG_DONTWAIT, NULL, NULL) = 32
30087 1783914065.071182 recvfrom(100, 0x7fc3986860, 3200, MSG_DONTWAIT, NULL, NULL) = -1 EAGAIN (Try again)
30197 1783914065.076427 sendmsg(177, {msg_name=NULL, msg_namelen=0, msg_iov=[{iov_base="l\1\1\1\374\0\0\0g\1\0\0\235\0\0\0\1\1o\0;\0\0\0/re/frid"..., iov_len=428}], msg_iovlen=1, msg_controllen=0, msg_flags=0}, MSG_NOSIGNAL) = 428
30197 1783914065.367977 sendmsg(177, {msg_name=NULL, msg_namelen=0, msg_iov=[{iov_base="l\1\1\1\374\0\0\0h\1\0\0\235\0\0\0\1\1o\0;\0\0\0/re/frid"..., iov_len=428}], msg_iovlen=1, msg_controllen=0, msg_flags=0}, MSG_NOSIGNAL) = 428
30087 1783914065.374988 recvfrom(100, 0x7fc39862c0, 3200, MSG_DONTWAIT, NULL, NULL) = -1 EAGAIN (Try again)
30087 1783914065.388197 recvfrom(100, "nysv\0\0\0\0\0\0\0\0\0\0\0\0\331A\17^o\2\0\0\253o\2\0\0\0\0\0", 3200, MSG_DONTWAIT, NULL, NULL) = 32
30087 1783914065.393266 recvfrom(100, 0x7fc3986860, 3200, MSG_DONTWAIT, NULL, NULL) = -1 EAGAIN (Try again)
30087 1783914065.394483 recvfrom(121, 0x7d29777820, 2272, MSG_DONTWAIT, NULL, NULL) = -1 EAGAIN (Try again)
30087 1783914065.433470 recvfrom(100, 0x7fc39856b0, 3200, MSG_DONTWAIT, NULL, NULL) = -1 EAGAIN (Try again)
30197 1783914065.449674 sendmsg(177, {msg_name=NULL, msg_namelen=0, msg_iov=[{iov_base="l\1\1\1\374\0\0\0i\1\0\0\235\0\0\0\1\1o\0;\0\0\0/re/frid"..., iov_len=428}], msg_iovlen=1, msg_controllen=0, msg_flags=0}, MSG_NOSIGNAL) = 428
30087 1783914065.450076 recvfrom(100, "nysv\0\0\0\0\0\0\0\0\0\0\0\0\"\277\nao\2\0\0\256o\2\0\0\0\0\0", 3200, MSG_DONTWAIT, NULL, NULL) = 32
30087 1783914065.450319 recvfrom(100, 0x7fc3986860, 3200, MSG_DONTWAIT, NULL, NULL) = -1 EAGAIN (Try again)
30087 1783914065.451793 recvfrom(100, 0x7fc3986760, 3200, MSG_DONTWAIT, NULL, NULL) = -1 EAGAIN (Try again)
30197 1783914065.467000 sendmsg(177, {msg_name=NULL, msg_namelen=0, msg_iov=[{iov_base="l\1\1\1\374\0\0\0j\1\0\0\235\0\0\0\1\1o\0;\0\0\0/re/frid"..., iov_len=428}], msg_iovlen=1, msg_controllen=0, msg_flags=0}, MSG_NOSIGNAL) = 428
30087 1783914065.470134 recvfrom(100, "nysv\0\0\0\0\0\0\0\0\0\0\0\0Z\32\10co\2\0\0\260o\2\0\0\0\0\0", 3200, MSG_DONTWAIT, NULL, NULL) = 32
30087 1783914065.474095 recvfrom(100, 0x7fc3986860, 3200, MSG_DONTWAIT, NULL, NULL) = -1 EAGAIN (Try again)
30197 1783914065.492877 sendmsg(177, {msg_name=NULL, msg_namelen=0, msg_iov=[{iov_base="l\1\1\1\374\0\0\0k\1\0\0\235\0\0\0\1\1o\0;\0\0\0/re/frid"..., iov_len=428}], msg_iovlen=1, msg_controllen=0, msg_flags=0}, MSG_NOSIGNAL) = 428
30087 1783914065.618352 recvfrom(100, 0x7fc3985fd0, 3200, MSG_DONTWAIT, NULL, NULL) = -1 EAGAIN (Try again)
30087 1783914065.626786 recvfrom(100, "nysv\0\0\0\0\0\0\0\0\0\0\0\0\25\231\371ko\2\0\0\271o\2\0\0\0\0\0", 3200, MSG_DONTWAIT, NULL, NULL) = 32
30087 1783914065.628173 recvfrom(100, 0x7fc3986860, 3200, MSG_DONTWAIT, NULL, NULL) = -1 EAGAIN (Try again)
30087 1783914065.629270 recvfrom(121, 0x7d29777820, 2272, MSG_DONTWAIT, NULL, NULL) = -1 EAGAIN (Try again)
30087 1783914065.634454 recvfrom(100, 0x7fc3985920, 3200, MSG_DONTWAIT, NULL, NULL) = -1 EAGAIN (Try again)
30087 1783914065.655249 recvfrom(100, "nysv\0\0\0\0\0\0\0\0\0\0\0\0\210`\366mo\2\0\0\273o\2\0\0\0\0\0", 3200, MSG_DONTWAIT, NULL, NULL) = 32
30087 1783914065.660985 recvfrom(100, 0x7fc3986860, 3200, MSG_DONTWAIT, NULL, NULL) = -1 EAGAIN (Try again)
30087 1783914065.661780 recvfrom(121, 0x7d29777820, 2272, MSG_DONTWAIT, NULL, NULL) = -1 EAGAIN (Try again)
30087 1783914065.663896 recvfrom(100, 0x7fc3986760, 3200, MSG_DONTWAIT, NULL, NULL) = -1 EAGAIN (Try again)
30087 1783914065.678390 recvfrom(100, "nysv\0\0\0\0\0\0\0\0\0\0\0\0q\332\364no\2\0\0\274o\2\0\0\0\0\0", 3200, MSG_DONTWAIT, NULL, NULL) = 32
30087 1783914065.678764 recvfrom(100, 0x7fc3986860, 3200, MSG_DONTWAIT, NULL, NULL) = -1 EAGAIN (Try again)
30087 1783914065.695999 recvfrom(100, 0x7fc3986760, 3200, MSG_DONTWAIT, NULL, NULL) = -1 EAGAIN (Try again)
30197 1783914065.707086 sendmsg(177, {msg_name=NULL, msg_namelen=0, msg_iov=[{iov_base="l\1\1\1\374\0\0\0l\1\0\0\235\0\0\0\1\1o\0;\0\0\0/re/frid"..., iov_len=428}], msg_iovlen=1, msg_controllen=0, msg_flags=0}, MSG_NOSIGNAL <unfinished ...>
30087 1783914065.707112 recvfrom(100,  <unfinished ...>
30197 1783914065.707509 <... sendmsg resumed> ) = 428
30087 1783914065.707521 <... recvfrom resumed> "nysv\0\0\0\0\0\0\0\0\0\0\0\0C\372\361po\2\0\0\276o\2\0\0\0\0\0", 3200, MSG_DONTWAIT, NULL, NULL) = 32
30087 1783914065.707617 recvfrom(100, 0x7fc3986860, 3200, MSG_DONTWAIT, NULL, NULL) = -1 EAGAIN (Try again)
30197 1783914065.713919 sendmsg(177, {msg_name=NULL, msg_namelen=0, msg_iov=[{iov_base="l\1\1\1\374\0\0\0m\1\0\0\235\0\0\0\1\1o\0;\0\0\0/re/frid"..., iov_len=428}], msg_iovlen=1, msg_controllen=0, msg_flags=0}, MSG_NOSIGNAL) = 428
30087 1783914066.146884 recvfrom(100, 0x7fc3986420, 3200, MSG_DONTWAIT, NULL, NULL) = -1 EAGAIN (Try again)
30087 1783914066.154521 recvfrom(100, "nysv\0\0\0\0\0\0\0\0\0\0\0\0F?\300\213o\2\0\0\330o\2\0\0\0\0\0", 3200, MSG_DONTWAIT, NULL, NULL) = 32
30087 1783914066.154924 recvfrom(100, 0x7fc3986860, 3200, MSG_DONTWAIT, NULL, NULL) = -1 EAGAIN (Try again)
30087 1783914066.158762 recvfrom(121, 0x7d29777820, 2272, MSG_DONTWAIT, NULL, NULL) = -1 EAGAIN (Try again)
30087 1783914066.169989 recvfrom(100, 0x7fc39856b0, 3200, MSG_DONTWAIT, NULL, NULL) = -1 EAGAIN (Try again)
30146 1783914066.171759 openat(AT_FDCWD, "/proc/30087/stat", O_RDONLY|O_CLOEXEC) = 150
30146 1783914066.175721 openat(AT_FDCWD, "/proc/30087/task", O_RDONLY|O_DIRECTORY) = 150
30146 1783914066.176489 openat(AT_FDCWD, "/proc/30087/task/30087/stat", O_RDONLY|O_CLOEXEC) = 151
30146 1783914066.178016 openat(AT_FDCWD, "/proc/30087/task/30092/stat", O_RDONLY|O_CLOEXEC) = 151
30146 1783914066.179694 openat(AT_FDCWD, "/proc/30087/task/30098/stat", O_RDONLY|O_CLOEXEC) = 151
30197 1783914066.181284 sendmsg(177, {msg_name=NULL, msg_namelen=0, msg_iov=[{iov_base="l\1\1\1\374\0\0\0n\1\0\0\235\0\0\0\1\1o\0;\0\0\0/re/frid"..., iov_len=428}], msg_iovlen=1, msg_controllen=0, msg_flags=0}, MSG_NOSIGNAL <unfinished ...>
30146 1783914066.181304 openat(AT_FDCWD, "/proc/30087/task/30099/stat", O_RDONLY|O_CLOEXEC <unfinished ...>
30197 1783914066.181432 <... sendmsg resumed> ) = 428
30146 1783914066.181447 <... openat resumed> ) = 151
30146 1783914066.183046 openat(AT_FDCWD, "/proc/30087/task/30100/stat", O_RDONLY|O_CLOEXEC) = 151
30146 1783914066.184036 openat(AT_FDCWD, "/proc/30087/task/30101/stat", O_RDONLY|O_CLOEXEC) = 151
30146 1783914066.185031 openat(AT_FDCWD, "/proc/30087/task/30102/stat", O_RDONLY|O_CLOEXEC) = 151
30087 1783914066.186065 recvfrom(100, "nysv\0\0\0\0\0\0\0\0\0\0\0\0D\5\275\215o\2\0\0\332o\2\0\0\0\0\0", 3200, MSG_DONTWAIT, NULL, NULL) = 32
30087 1783914066.186390 recvfrom(100, 0x7fc3986860, 3200, MSG_DONTWAIT, NULL, NULL) = -1 EAGAIN (Try again)
30146 1783914066.187176 openat(AT_FDCWD, "/proc/30087/task/30103/stat", O_RDONLY|O_CLOEXEC) = 151
30087 1783914066.190639 recvfrom(100, 0x7fc3986760, 3200, MSG_DONTWAIT, NULL, NULL) = -1 EAGAIN (Try again)
30146 1783914066.191320 openat(AT_FDCWD, "/proc/30087/task/30104/stat", O_RDONLY|O_CLOEXEC) = 151
30146 1783914066.193403 openat(AT_FDCWD, "/proc/30087/task/30105/stat", O_RDONLY|O_CLOEXEC) = 151
30146 1783914066.194721 openat(AT_FDCWD, "/proc/30087/task/30106/stat", O_RDONLY|O_CLOEXEC) = 151
30146 1783914066.196403 openat(AT_FDCWD, "/proc/30087/task/30107/stat", O_RDONLY|O_CLOEXEC) = 151
30146 1783914066.197929 openat(AT_FDCWD, "/proc/30087/task/30108/stat", O_RDONLY|O_CLOEXEC) = 151
30197 1783914066.199081 sendmsg(177, {msg_name=NULL, msg_namelen=0, msg_iov=[{iov_base="l\1\1\1\374\0\0\0o\1\0\0\235\0\0\0\1\1o\0;\0\0\0/re/frid"..., iov_len=428}], msg_iovlen=1, msg_controllen=0, msg_flags=0}, MSG_NOSIGNAL) = 428
30146 1783914066.199675 openat(AT_FDCWD, "/proc/30087/task/30109/stat", O_RDONLY|O_CLOEXEC) = 151
30146 1783914066.201145 openat(AT_FDCWD, "/proc/30087/task/30116/stat", O_RDONLY|O_CLOEXEC) = 151
30146 1783914066.202395 openat(AT_FDCWD, "/proc/30087/task/30118/stat", O_RDONLY|O_CLOEXEC) = 151
30087 1783914066.202800 recvfrom(100, "nysv\0\0\0\0\0\0\0\0\0\0\0\0]\211\273\216o\2\0\0\333o\2\0\0\0\0\0", 3200, MSG_DONTWAIT, NULL, NULL) = 32
30087 1783914066.203142 recvfrom(100, 0x7fc3986860, 3200, MSG_DONTWAIT, NULL, NULL) = -1 EAGAIN (Try again)
30146 1783914066.206018 openat(AT_FDCWD, "/proc/30087/task/30140/stat", O_RDONLY|O_CLOEXEC) = 151
30146 1783914066.209584 openat(AT_FDCWD, "/proc/30087/task/30141/stat", O_RDONLY|O_CLOEXEC) = 151
30146 1783914066.211103 openat(AT_FDCWD, "/proc/30087/task/30142/stat", O_RDONLY|O_CLOEXEC) = 151
30146 1783914066.212592 openat(AT_FDCWD, "/proc/30087/task/30144/stat", O_RDONLY|O_CLOEXEC) = 151
30197 1783914066.213982 sendmsg(177, {msg_name=NULL, msg_namelen=0, msg_iov=[{iov_base="l\1\1\1\374\0\0\0p\1\0\0\235\0\0\0\1\1o\0;\0\0\0/re/frid"..., iov_len=428}], msg_iovlen=1, msg_controllen=0, msg_flags=0}, MSG_NOSIGNAL) = 428
30146 1783914066.214302 openat(AT_FDCWD, "/proc/30087/task/30145/stat", O_RDONLY|O_CLOEXEC) = 151
30146 1783914066.215864 openat(AT_FDCWD, "/proc/30087/task/30146/stat", O_RDONLY|O_CLOEXEC) = 151
30146 1783914066.216877 openat(AT_FDCWD, "/proc/30087/task/30147/stat", O_RDONLY|O_CLOEXEC) = 151
30146 1783914066.217881 openat(AT_FDCWD, "/proc/30087/task/30148/stat", O_RDONLY|O_CLOEXEC) = 151
30146 1783914066.219460 openat(AT_FDCWD, "/proc/30087/task/30149/stat", O_RDONLY|O_CLOEXEC) = 151
30146 1783914066.224320 openat(AT_FDCWD, "/proc/30087/task/30150/stat", O_RDONLY|O_CLOEXEC) = 151
30146 1783914066.225739 openat(AT_FDCWD, "/proc/30087/task/30151/stat", O_RDONLY|O_CLOEXEC) = 151
30146 1783914066.226860 openat(AT_FDCWD, "/proc/30087/task/30152/stat", O_RDONLY|O_CLOEXEC) = 151
30146 1783914066.227869 openat(AT_FDCWD, "/proc/30087/task/30153/stat", O_RDONLY|O_CLOEXEC) = 151
30146 1783914066.228864 openat(AT_FDCWD, "/proc/30087/task/30154/stat", O_RDONLY|O_CLOEXEC) = 151
30146 1783914066.230305 openat(AT_FDCWD, "/proc/30087/task/30155/stat", O_RDONLY|O_CLOEXEC) = 151
30146 1783914066.231346 openat(AT_FDCWD, "/proc/30087/task/30156/stat", O_RDONLY|O_CLOEXEC) = 151
30146 1783914066.232342 openat(AT_FDCWD, "/proc/30087/task/30158/stat", O_RDONLY|O_CLOEXEC) = 151
30146 1783914066.233336 openat(AT_FDCWD, "/proc/30087/task/30159/stat", O_RDONLY|O_CLOEXEC) = 151
30146 1783914066.234328 openat(AT_FDCWD, "/proc/30087/task/30161/stat", O_RDONLY|O_CLOEXEC) = 151
30146 1783914066.236939 openat(AT_FDCWD, "/proc/30087/task/30162/stat", O_RDONLY|O_CLOEXEC) = 151
30146 1783914066.241828 openat(AT_FDCWD, "/proc/30087/task/30175/stat", O_RDONLY|O_CLOEXEC) = 151
30146 1783914066.242920 openat(AT_FDCWD, "/proc/30087/task/30178/stat", O_RDONLY|O_CLOEXEC) = 151
30146 1783914066.243914 openat(AT_FDCWD, "/proc/30087/task/30179/stat", O_RDONLY|O_CLOEXEC) = 151
30146 1783914066.244906 openat(AT_FDCWD, "/proc/30087/task/30180/stat", O_RDONLY|O_CLOEXEC) = 151
30146 1783914066.246193 openat(AT_FDCWD, "/proc/30087/task/30181/stat", O_RDONLY|O_CLOEXEC) = 151
30146 1783914066.247257 openat(AT_FDCWD, "/proc/30087/task/30182/stat", O_RDONLY|O_CLOEXEC) = 151
30146 1783914066.248303 openat(AT_FDCWD, "/proc/30087/task/30183/stat", O_RDONLY|O_CLOEXEC) = 151
30146 1783914066.249296 openat(AT_FDCWD, "/proc/30087/task/30184/stat", O_RDONLY|O_CLOEXEC) = 151
30146 1783914066.250283 openat(AT_FDCWD, "/proc/30087/task/30185/stat", O_RDONLY|O_CLOEXEC) = 151
30146 1783914066.251333 openat(AT_FDCWD, "/proc/30087/task/30186/stat", O_RDONLY|O_CLOEXEC) = 151
30146 1783914066.253090 openat(AT_FDCWD, "/proc/30087/task/30187/stat", O_RDONLY|O_CLOEXEC) = 151
30146 1783914066.259016 openat(AT_FDCWD, "/proc/30087/task/30188/stat", O_RDONLY|O_CLOEXEC) = 151
30146 1783914066.259981 openat(AT_FDCWD, "/proc/30087/task/30194/stat", O_RDONLY|O_CLOEXEC) = 151
30146 1783914066.260971 openat(AT_FDCWD, "/proc/30087/task/30195/stat", O_RDONLY|O_CLOEXEC) = 151
30146 1783914066.261961 openat(AT_FDCWD, "/proc/30087/task/30197/stat", O_RDONLY|O_CLOEXEC) = 151
30146 1783914066.263312 openat(AT_FDCWD, "/proc/30087/task/30198/stat", O_RDONLY|O_CLOEXEC) = 151
30108 1783914066.401096 openat(AT_FDCWD, "/data/misc/profiles/cur/0/app.fedilab.mobilizon/primary.prof", O_RDWR|O_NOFOLLOW|O_CLOEXEC) = 150
30108 1783914066.401563 newfstatat(AT_FDCWD, "/data/misc/profiles/cur/0/app.fedilab.mobilizon/primary.prof", {st_mode=S_IFREG|0600, st_size=8552, ...}, 0) = 0
30108 1783914066.409180 openat(AT_FDCWD, "/data/misc/profiles/cur/0/app.fedilab.mobilizon/primary.prof", O_WRONLY|O_NOFOLLOW|O_CLOEXEC) = 150
30108 1783914066.409615 newfstatat(AT_FDCWD, "/data/misc/profiles/cur/0/app.fedilab.mobilizon/primary.prof", {st_mode=S_IFREG|0600, st_size=8552, ...}, 0) = 0
30108 1783914066.411186 newfstatat(AT_FDCWD, "/data/misc/profiles/cur/0/app.fedilab.mobilizon/primary.prof", {st_mode=S_IFREG|0600, st_size=8675, ...}, 0) = 0
30197 1783914066.563007 sendmsg(177, {msg_name=NULL, msg_namelen=0, msg_iov=[{iov_base="l\1\1\1\374\0\0\0q\1\0\0\235\0\0\0\1\1o\0;\0\0\0/re/frid"..., iov_len=428}], msg_iovlen=1, msg_controllen=0, msg_flags=0}, MSG_NOSIGNAL) = 428
30087 1783914066.647449 recvfrom(100, 0x7fc3986420, 3200, MSG_DONTWAIT, NULL, NULL) = -1 EAGAIN (Try again)
30087 1783914066.654409 recvfrom(100, "nysv\0\0\0\0\0\0\0\0\0\0\0\0\365z\220\251o\2\0\0\366o\2\0\0\0\0\0", 3200, MSG_DONTWAIT, NULL, NULL) = 32
30087 1783914066.654767 recvfrom(100, 0x7fc3986860, 3200, MSG_DONTWAIT, NULL, NULL) = -1 EAGAIN (Try again)
30087 1783914066.655088 recvfrom(121, 0x7d29777820, 2272, MSG_DONTWAIT, NULL, NULL) = -1 EAGAIN (Try again)
30087 1783914066.669707 recvfrom(100, 0x7fc39856b0, 3200, MSG_DONTWAIT, NULL, NULL) = -1 EAGAIN (Try again)
30197 1783914066.679269 sendmsg(177, {msg_name=NULL, msg_namelen=0, msg_iov=[{iov_base="l\1\1\1\374\0\0\0r\1\0\0\235\0\0\0\1\1o\0;\0\0\0/re/frid"..., iov_len=428}], msg_iovlen=1, msg_controllen=0, msg_flags=0}, MSG_NOSIGNAL) = 428
30087 1783914066.686736 recvfrom(100, "nysv\0\0\0\0\0\0\0\0\0\0\0\0\2E\215\253o\2\0\0\370o\2\0\0\0\0\0", 3200, MSG_DONTWAIT, NULL, NULL) = 32
30087 1783914066.686908 recvfrom(100, 0x7fc3986860, 3200, MSG_DONTWAIT, NULL, NULL) = -1 EAGAIN (Try again)
30087 1783914066.688150 recvfrom(100, 0x7fc3986760, 3200, MSG_DONTWAIT, NULL, NULL) = -1 EAGAIN (Try again)
30197 1783914066.693303 sendmsg(177, {msg_name=NULL, msg_namelen=0, msg_iov=[{iov_base="l\1\1\1\374\0\0\0s\1\0\0\235\0\0\0\1\1o\0;\0\0\0/re/frid"..., iov_len=428}], msg_iovlen=1, msg_controllen=0, msg_flags=0}, MSG_NOSIGNAL) = 428
30087 1783914066.704577 recvfrom(100, "nysv\0\0\0\0\0\0\0\0\0\0\0\0)\32\213\254o\2\0\0\371o\2\0\0\0\0\0", 3200, MSG_DONTWAIT, NULL, NULL) = 32
30087 1783914066.704724 recvfrom(100, 0x7fc3986860, 3200, MSG_DONTWAIT, NULL, NULL) = -1 EAGAIN (Try again)
30197 1783914066.709311 sendmsg(177, {msg_name=NULL, msg_namelen=0, msg_iov=[{iov_base="l\1\1\1\374\0\0\0t\1\0\0\235\0\0\0\1\1o\0;\0\0\0/re/frid"..., iov_len=428}], msg_iovlen=1, msg_controllen=0, msg_flags=0}, MSG_NOSIGNAL) = 428
30087 1783914067.155685 recvfrom(100, 0x7fc3986420, 3200, MSG_DONTWAIT, NULL, NULL) = -1 EAGAIN (Try again)
30087 1783914067.174202 recvfrom(100, "nysv\0\0\0\0\0\0\0\0\0\0\0\0\217^X\310o\2\0\0\25p\2\0\0\0\0\0", 3200, MSG_DONTWAIT, NULL, NULL) = 32
30087 1783914067.175165 recvfrom(100, 0x7fc3986860, 3200, MSG_DONTWAIT, NULL, NULL) = -1 EAGAIN (Try again)
30087 1783914067.175927 recvfrom(121, 0x7d29777820, 2272, MSG_DONTWAIT, NULL, NULL) = -1 EAGAIN (Try again)
30087 1783914067.185829 recvfrom(100, 0x7fc39856b0, 3200, MSG_DONTWAIT, NULL, NULL) = -1 EAGAIN (Try again)
30197 1783914067.204498 sendmsg(177, {msg_name=NULL, msg_namelen=0, msg_iov=[{iov_base="l\1\1\1\374\0\0\0u\1\0\0\235\0\0\0\1\1o\0;\0\0\0/re/frid"..., iov_len=428}], msg_iovlen=1, msg_controllen=0, msg_flags=0}, MSG_NOSIGNAL) = 428
30087 1783914067.207613 recvfrom(100, "nysv\0\0\0\0\0\0\0\0\0\0\0\0\250\235U\312o\2\0\0\27p\2\0\0\0\0\0", 3200, MSG_DONTWAIT, NULL, NULL) = 32
30087 1783914067.207896 recvfrom(100, 0x7fc3986860, 3200, MSG_DONTWAIT, NULL, NULL) = -1 EAGAIN (Try again)
30087 1783914067.210043 recvfrom(100, 0x7fc3986760, 3200, MSG_DONTWAIT, NULL, NULL) = -1 EAGAIN (Try again)
30197 1783914067.217334 sendmsg(177, {msg_name=NULL, msg_namelen=0, msg_iov=[{iov_base="l\1\1\1\374\0\0\0v\1\0\0\235\0\0\0\1\1o\0;\0\0\0/re/frid"..., iov_len=428}], msg_iovlen=1, msg_controllen=0, msg_flags=0}, MSG_NOSIGNAL) = 428
30087 1783914067.218933 recvfrom(100, "nysv\0\0\0\0\0\0\0\0\0\0\0\0\301?T\313o\2\0\0\30p\2\0\0\0\0\0", 3200, MSG_DONTWAIT, NULL, NULL) = 32
30087 1783914067.219178 recvfrom(100, 0x7fc3986860, 3200, MSG_DONTWAIT, NULL, NULL) = -1 EAGAIN (Try again)
30197 1783914067.226153 sendmsg(177, {msg_name=NULL, msg_namelen=0, msg_iov=[{iov_base="l\1\1\1\374\0\0\0w\1\0\0\235\0\0\0\1\1o\0;\0\0\0/re/frid"..., iov_len=428}], msg_iovlen=1, msg_controllen=0, msg_flags=0}, MSG_NOSIGNAL) = 428
30197 1783914067.569459 sendmsg(177, {msg_name=NULL, msg_namelen=0, msg_iov=[{iov_base="l\1\1\1\374\0\0\0x\1\0\0\235\0\0\0\1\1o\0;\0\0\0/re/frid"..., iov_len=428}], msg_iovlen=1, msg_controllen=0, msg_flags=0}, MSG_NOSIGNAL) = 428
30197 1783914067.581947 sendmsg(177, {msg_name=NULL, msg_namelen=0, msg_iov=[{iov_base="l\1\1\1\374\0\0\0y\1\0\0\235\0\0\0\1\1o\0;\0\0\0/re/frid"..., iov_len=428}], msg_iovlen=1, msg_controllen=0, msg_flags=0}, MSG_NOSIGNAL) = 428
30197 1783914067.598025 sendmsg(177, {msg_name=NULL, msg_namelen=0, msg_iov=[{iov_base="l\1\1\1\374\0\0\0z\1\0\0\235\0\0\0\1\1o\0;\0\0\0/re/frid"..., iov_len=428}], msg_iovlen=1, msg_controllen=0, msg_flags=0}, MSG_NOSIGNAL) = 428
30087 1783914067.660337 recvfrom(100, 0x7fc3986420, 3200, MSG_DONTWAIT, NULL, NULL) = -1 EAGAIN (Try again)
30087 1783914067.671520 recvfrom(100, "nysv\0\0\0\0\0\0\0\0\0\0\0\0\350\303%\346o\2\0\0002p\2\0\0\0\0\0", 3200, MSG_DONTWAIT, NULL, NULL) = 32
30087 1783914067.671814 recvfrom(100, 0x7fc3986860, 3200, MSG_DONTWAIT, NULL, NULL) = -1 EAGAIN (Try again)
30087 1783914067.672205 recvfrom(121, 0x7d29777820, 2272, MSG_DONTWAIT, NULL, NULL) = -1 EAGAIN (Try again)
30087 1783914067.683839 recvfrom(100, 0x7fc39856b0, 3200, MSG_DONTWAIT, NULL, NULL) = -1 EAGAIN (Try again)
30197 1783914067.696520 sendmsg(177, {msg_name=NULL, msg_namelen=0, msg_iov=[{iov_base="l\1\1\1\374\0\0\0{\1\0\0\235\0\0\0\1\1o\0;\0\0\0/re/frid"..., iov_len=428}], msg_iovlen=1, msg_controllen=0, msg_flags=0}, MSG_NOSIGNAL) = 428
30087 1783914067.697450 recvfrom(100, "nysv\0\0\0\0\0\0\0\0\0\0\0\0ai$\347o\2\0\0003p\2\0\0\0\0\0", 3200, MSG_DONTWAIT, NULL, NULL) = 32
30087 1783914067.697606 recvfrom(100, 0x7fc3986860, 3200, MSG_DONTWAIT, NULL, NULL) = -1 EAGAIN (Try again)
30087 1783914067.699587 recvfrom(100, 0x7fc3986760, 3200, MSG_DONTWAIT, NULL, NULL) = -1 EAGAIN (Try again)
30197 1783914067.704703 sendmsg(177, {msg_name=NULL, msg_namelen=0, msg_iov=[{iov_base="l\1\1\1\374\0\0\0|\1\0\0\235\0\0\0\1\1o\0;\0\0\0/re/frid"..., iov_len=428}], msg_iovlen=1, msg_controllen=0, msg_flags=0}, MSG_NOSIGNAL) = 428
30087 1783914067.705593 recvfrom(100, "nysv\0\0\0\0\0\0\0\0\0\0\0\0\3a#\350o\2\0\0004p\2\0\0\0\0\0", 3200, MSG_DONTWAIT, NULL, NULL) = 32
30087 1783914067.705735 recvfrom(100, 0x7fc3986860, 3200, MSG_DONTWAIT, NULL, NULL) = -1 EAGAIN (Try again)
30197 1783914067.709606 sendmsg(177, {msg_name=NULL, msg_namelen=0, msg_iov=[{iov_base="l\1\1\1\374\0\0\0}\1\0\0\235\0\0\0\1\1o\0;\0\0\0/re/frid"..., iov_len=428}], msg_iovlen=1, msg_controllen=0, msg_flags=0}, MSG_NOSIGNAL) = 428
30087 1783914068.165136 recvfrom(100, 0x7fc3986420, 3200, MSG_DONTWAIT, NULL, NULL) = -1 EAGAIN (Try again)
30087 1783914068.170226 recvfrom(100, "nysv\0\0\0\0\0\0\0\0\0\0\0\0\22]\363\3p\2\0\0Pp\2\0\0\0\0\0", 3200, MSG_DONTWAIT, NULL, NULL) = 32
30087 1783914068.170717 recvfrom(100, 0x7fc3986860, 3200, MSG_DONTWAIT, NULL, NULL) = -1 EAGAIN (Try again)
30087 1783914068.171379 recvfrom(121, 0x7d29777820, 2272, MSG_DONTWAIT, NULL, NULL) = -1 EAGAIN (Try again)
30087 1783914068.189144 recvfrom(100, 0x7fc39856b0, 3200, MSG_DONTWAIT, NULL, NULL) = -1 EAGAIN (Try again)
30197 1783914068.197380 sendmsg(177, {msg_name=NULL, msg_namelen=0, msg_iov=[{iov_base="l\1\1\1\374\0\0\0~\1\0\0\235\0\0\0\1\1o\0;\0\0\0/re/frid"..., iov_len=428}], msg_iovlen=1, msg_controllen=0, msg_flags=0}, MSG_NOSIGNAL) = 428
30087 1783914068.203857 recvfrom(100, "nysv\0\0\0\0\0\0\0\0\0\0\0\0s\313\357\5p\2\0\0Rp\2\0\0\0\0\0", 3200, MSG_DONTWAIT, NULL, NULL) = 32
30087 1783914068.204532 recvfrom(100, 0x7fc3986860, 3200, MSG_DONTWAIT, NULL, NULL) = -1 EAGAIN (Try again)
30087 1783914068.213428 recvfrom(100, 0x7fc3986760, 3200, MSG_DONTWAIT, NULL, NULL) = -1 EAGAIN (Try again)
30197 1783914068.220420 sendmsg(177, {msg_name=NULL, msg_namelen=0, msg_iov=[{iov_base="l\1\1\1\374\0\0\0\177\1\0\0\235\0\0\0\1\1o\0;\0\0\0/re/frid"..., iov_len=428}], msg_iovlen=1, msg_controllen=0, msg_flags=0}, MSG_NOSIGNAL) = 428
30087 1783914068.222277 recvfrom(100, "nysv\0\0\0\0\0\0\0\0\0\0\0\0\252p\356\6p\2\0\0Sp\2\0\0\0\0\0", 3200, MSG_DONTWAIT, NULL, NULL) = 32
30087 1783914068.222472 recvfrom(100, 0x7fc3986860, 3200, MSG_DONTWAIT, NULL, NULL) = -1 EAGAIN (Try again)
30197 1783914068.228139 sendmsg(177, {msg_name=NULL, msg_namelen=0, msg_iov=[{iov_base="l\1\1\1\374\0\0\0\200\1\0\0\235\0\0\0\1\1o\0;\0\0\0/re/frid"..., iov_len=428}], msg_iovlen=1, msg_controllen=0, msg_flags=0}, MSG_NOSIGNAL) = 428
30144 1783914068.311087 recvmsg(104, {msg_name=NULL, msg_namelen=0, msg_iov=[{iov_base="h\0\0\0\0\0\0\0\5\0\0\0\0\0\0\0\0\0\0\0\0\0\0\088\323pM)Fm"..., iov_len=4096}], msg_iovlen=1, msg_controllen=0, msg_flags=0}, MSG_DONTWAIT) = 104
30087 1783914068.311882 sendto(104, "`\0\0\0\0\0\0\0\5\0\0\0\0\0\0\0\0\0\0\0\0\0\0\0\\`\217\2623k5\312"..., 96, MSG_NOSIGNAL, NULL, 0) = 96
30087 1783914068.312354 sendto(104, "p\0\0\0\0\0\0\0\5\0\0\0\0\0\0\0\0\0\0\0\0\0\0\0\\`\217\2623k5\312"..., 112, MSG_NOSIGNAL, NULL, 0) = 112
30144 1783914068.312691 recvmsg(104, {msg_name=NULL, msg_namelen=0, msg_iov=[{iov_base="\210\0\0\0\0\0\0\0\5\0\0\0\0\0\0\0\0\0\0\0\0\0\0\0,@\327\277\35\312\27\362"..., iov_len=4096}], msg_iovlen=1, msg_controllen=0, msg_flags=0}, MSG_DONTWAIT) = 272
30144 1783914068.313458 recvmsg(104,  <unfinished ...>
30087 1783914068.313485 sendto(104, "\210\0\0\0\0\0\0\0\5\0\0\0\0\0\0\0\0\0\0\0\0\0\0\0G\313]\244\200Iw\376"..., 136, MSG_NOSIGNAL, NULL, 0 <unfinished ...>
30144 1783914068.313603 <... recvmsg resumed> {msg_name=NULL, msg_namelen=0, msg_iov=[{iov_base="`\0\0\0\0\0\0\0\5\0\0\0\0\0\0\0\0\0\0\0\0\0\0\0\227.\4\31+6\37\350"..., iov_len=4096}], msg_iovlen=1, msg_controllen=0, msg_flags=0}, MSG_DONTWAIT) = 1120
30087 1783914068.313641 <... sendto resumed> ) = 136
30087 1783914068.313886 sendto(104, "\210\0\0\0\0\0\0\0\5\0\0\0\0\0\0\0\0\0\0\0\0\0\0\0G\313]\244\200Iw\376"..., 136, MSG_NOSIGNAL, NULL, 0) = 136
30150 1783914068.314514 sendto(104, "\210\0\0\0\0\0\0\0\5\0\0\0\0\0\0\0\0\0\0\0\0\0\0\0\223\207x\240n\36\214\365"..., 136, MSG_NOSIGNAL, NULL, 0) = 136
30150 1783914068.315343 sendto(104, "\210\0\0\0\0\0\0\0\5\0\0\0\0\0\0\0\0\0\0\0\0\0\0\0\223\207x\240n\36\214\365"..., 136, MSG_NOSIGNAL, NULL, 0) = 136
30144 1783914068.315760 sendto(104, "0\0\0\0\0\0\0\0\5\0\0\0\0\0\0\0\4\0\0\0\0\0\0\0G\313]\244\200Iw\376"..., 48, MSG_NOSIGNAL, NULL, 0) = 48
30144 1783914068.315995 sendto(104, "0\0\0\0\0\0\0\0\5\0\0\0\0\0\0\0\4\0\0\0\0\0\0\0000T\247GX\341\n\240"..., 48, MSG_NOSIGNAL, NULL, 0) = 48
30144 1783914068.316529 sendto(104, "0\0\0\0\0\0\0\0\5\0\0\0\0\0\0\0\4\0\0\0\0\0\0\0Ne\377\200\vA>e"..., 48, MSG_NOSIGNAL, NULL, 0) = 48
30087 1783914068.316851 sendto(104, "0\0\0\0\0\0\0\0\5\0\0\0\0\0\0\0\4\0\0\0\0\0\0\0Ne\377\200\vA>e"..., 48, MSG_NOSIGNAL, NULL, 0) = 48
30150 1783914068.317425 sendto(104, "\210\0\0\0\0\0\0\0\5\0\0\0\0\0\0\0\0\0\0\0\0\0\0\0\223\207x\240n\36\214\365"..., 136, MSG_NOSIGNAL, NULL, 0) = 136
30150 1783914068.318235 sendto(104, "\210\0\0\0\0\0\0\0\5\0\0\0\0\0\0\0\0\0\0\0\0\0\0\0\223\207x\240n\36\214\365"..., 136, MSG_NOSIGNAL, NULL, 0) = 136
30144 1783914068.318368 sendto(104, "0\0\0\0\0\0\0\0\5\0\0\0\0\0\0\0\4\0\0\0\0\0\0\0\211\233\3238\217\354\2\212"..., 48, MSG_NOSIGNAL, NULL, 0) = 48
30150 1783914068.320114 sendto(104, "0\0\0\0\0\0\0\0\5\0\0\0\0\0\0\0\4\0\0\0\0\0\0\0\211\233\3238\217\354\2\212"..., 48, MSG_NOSIGNAL, NULL, 0) = 48
30150 1783914068.321213 sendto(104, "\210\0\0\0\0\0\0\0\5\0\0\0\0\0\0\0\0\0\0\0\0\0\0\0\223\207x\240n\36\214\365"..., 136, MSG_NOSIGNAL, NULL, 0) = 136
30150 1783914068.322141 newfstatat(AT_FDCWD, "/data/user/0/app.fedilab.mobilizon/app_webview/Default/IndexedDB/https_mobilizon.fr_0.indexeddb.leveldb", {st_mode=S_IFDIR|0700, st_size=4096, ...}, 0) = 0
30150 1783914068.322166 openat(AT_FDCWD, "/data/user/0/app.fedilab.mobilizon/app_webview/Default/IndexedDB/https_mobilizon.fr_0.indexeddb.leveldb", O_RDONLY|O_CLOEXEC|O_DIRECTORY) = 150
30150 1783914068.322207 newfstatat(AT_FDCWD, "/data/user/0/app.fedilab.mobilizon/app_webview/Default/IndexedDB/https_mobilizon.fr_0.indexeddb.leveldb/LOG", {st_mode=S_IFREG|0600, st_size=374, ...}, 0) = 0
30150 1783914068.322230 newfstatat(AT_FDCWD, "/data/user/0/app.fedilab.mobilizon/app_webview/Default/IndexedDB/https_mobilizon.fr_0.indexeddb.leveldb/LOCK", {st_mode=S_IFREG|0600, st_size=0, ...}, 0) = 0
30150 1783914068.322240 newfstatat(AT_FDCWD, "/data/user/0/app.fedilab.mobilizon/app_webview/Default/IndexedDB/https_mobilizon.fr_0.indexeddb.leveldb/MANIFEST-000001", {st_mode=S_IFREG|0600, st_size=23, ...}, 0) = 0
30150 1783914068.322258 newfstatat(AT_FDCWD, "/data/user/0/app.fedilab.mobilizon/app_webview/Default/IndexedDB/https_mobilizon.fr_0.indexeddb.leveldb/000003.log", {st_mode=S_IFREG|0600, st_size=229205, ...}, 0) = 0
30150 1783914068.322270 newfstatat(AT_FDCWD, "/data/user/0/app.fedilab.mobilizon/app_webview/Default/IndexedDB/https_mobilizon.fr_0.indexeddb.leveldb/CURRENT", {st_mode=S_IFREG|0600, st_size=16, ...}, 0) = 0
30150 1783914068.322279 newfstatat(AT_FDCWD, "/data/user/0/app.fedilab.mobilizon/app_webview/Default/IndexedDB/https_mobilizon.fr_0.indexeddb.leveldb/LOG.old", {st_mode=S_IFREG|0600, st_size=374, ...}, 0) = 0
30150 1783914068.322300 newfstatat(AT_FDCWD, "/data/user/0/app.fedilab.mobilizon/app_webview/Default/IndexedDB/https_mobilizon.fr_0.indexeddb.blob", 0x7d1bd71c10, 0) = -1 ENOENT (No such file or directory)
30150 1783914068.322310 openat(AT_FDCWD, "/data/user/0/app.fedilab.mobilizon/app_webview/Default/IndexedDB/https_mobilizon.fr_0.indexeddb.blob", O_RDONLY|O_CLOEXEC|O_DIRECTORY) = -1 ENOENT (No such file or directory)
30150 1783914068.322329 sendto(104, "\210\0\0\0\0\0\0\0\5\0\0\0\0\0\0\0\0\0\0\0\0\0\0\0\223\207x\240n\36\214\365"..., 136, MSG_NOSIGNAL, NULL, 0) = 136
30144 1783914068.322679 recvmsg(104, {msg_name=NULL, msg_namelen=0, msg_iov=[{iov_base="0\0\0\0\0\0\0\0\5\0\0\0\0\0\0\0\4\0\0\0\0\0\0\0\33)\361\263\305\0235\360"..., iov_len=4096}], msg_iovlen=1, msg_controllen=0, msg_flags=0}, MSG_DONTWAIT) = 1136
30144 1783914068.322871 sendto(104, "0\0\0\0\0\0\0\0\5\0\0\0\0\0\0\0\4\0\0\0\0\0\0\0\216\252\17\332(\220\247\20"..., 48, MSG_NOSIGNAL, NULL, 0) = 48
30144 1783914068.323294 sendto(104, "0\0\0\0\0\0\0\0\5\0\0\0\0\0\0\0\4\0\0\0\0\0\0\0\2059{m\177i\21r"..., 48, MSG_NOSIGNAL, NULL, 0) = 48
30144 1783914068.323504 sendto(104, "0\0\0\0\0\0\0\0\5\0\0\0\0\0\0\0\4\0\0\0\0\0\0\0\223\207x\240n\36\214\365"..., 48, MSG_NOSIGNAL, NULL, 0) = 48
30150 1783914068.324923 sendto(104, "0\0\0\0\0\0\0\0\5\0\0\0\0\0\0\0\4\0\0\0\0\0\0\0\223\207x\240n\36\214\365"..., 48, MSG_NOSIGNAL, NULL, 0) = 48
30144 1783914068.325099 sendto(104, "0\0\0\0\0\0\0\0\5\0\0\0\0\0\0\0\4\0\0\0\0\0\0\0'Mf{NL\375\34"..., 48, MSG_NOSIGNAL, NULL, 0) = 48
30144 1783914068.325312 sendto(104, "0\0\0\0\0\0\0\0\5\0\0\0\0\0\0\0\4\0\0\0\0\0\0\0'Mf{NL\375\34"..., 48, MSG_NOSIGNAL, NULL, 0) = 48
30144 1783914068.325512 sendto(104, "0\0\0\0\0\0\0\0\5\0\0\0\0\0\0\0\4\0\0\0\0\0\0\0\211\237\310\263\353\341\367L"..., 48, MSG_NOSIGNAL, NULL, 0) = 48
30144 1783914068.325892 sendto(104, "0\0\0\0\0\0\0\0\5\0\0\0\0\0\0\0\4\0\0\0\0\0\0\0N\276_4\272Z\3476"..., 48, MSG_NOSIGNAL, NULL, 0) = 48
30144 1783914068.326086 sendto(104, "0\0\0\0\0\0\0\0\5\0\0\0\0\0\0\0\4\0\0\0\0\0\0\0#1\23\206\326-S\201"..., 48, MSG_NOSIGNAL, NULL, 0) = 48
30144 1783914068.326313 sendto(104, "0\0\0\0\0\0\0\0\5\0\0\0\0\0\0\0\4\0\0\0\0\0\0\0#1\23\206\326-S\201"..., 48, MSG_NOSIGNAL, NULL, 0) = 48
30144 1783914068.326484 sendto(104, "0\0\0\0\0\0\0\0\5\0\0\0\0\0\0\0\4\0\0\0\0\0\0\0\203\244\262\241\37\231\f\374"..., 48, MSG_NOSIGNAL, NULL, 0) = 48
30144 1783914068.327021 sendto(104, "0\0\0\0\0\0\0\0\5\0\0\0\0\0\0\0\4\0\0\0\0\0\0\0\341\261\377/\0035\7W"..., 48, MSG_NOSIGNAL, NULL, 0) = 48
30144 1783914068.327170 sendto(104, "0\0\0\0\0\0\0\0\5\0\0\0\0\0\0\0\4\0\0\0\0\0\0\0\341\261\377/\0035\7W"..., 48, MSG_NOSIGNAL, NULL, 0) = 48
30144 1783914068.327316 sendto(104, "0\0\0\0\0\0\0\0\5\0\0\0\0\0\0\0\4\0\0\0\0\0\0\0{\235-\256\251\372\240U"..., 48, MSG_NOSIGNAL, NULL, 0) = 48
30144 1783914068.327875 sendto(104, "0\0\0\0\0\0\0\0\5\0\0\0\0\0\0\0\4\0\0\0\0\0\0\0\340\217\373\3153\247Q\325"..., 48, MSG_NOSIGNAL, NULL, 0) = 48
30087 1783914068.328066 sendto(104, "\210\0\0\0\0\0\0\0\5\0\0\0\0\0\0\0\0\0\0\0\0\0\0\0\\`\217\2623k5\312"..., 136, MSG_NOSIGNAL, NULL, 0) = 136
30144 1783914068.328517 sendto(104, "0\0\0\0\0\0\0\0\5\0\0\0\0\0\0\0\4\0\0\0\0\0\0\0\340\217\373\3153\247Q\325"..., 48, MSG_NOSIGNAL, NULL, 0) = 48
30144 1783914068.328852 sendto(104, "0\0\0\0\0\0\0\0\5\0\0\0\0\0\0\0\4\0\0\0\0\0\0\0\v^\254\360<\344'\352"..., 48, MSG_NOSIGNAL, NULL, 0) = 48
30144 1783914068.329219 sendto(104, "0\0\0\0\0\0\0\0\5\0\0\0\0\0\0\0\4\0\0\0\0\0\0\0\\`\217\2623k5\312"..., 48, MSG_NOSIGNAL, NULL, 0) = 48
30152 1783914068.329590 sendto(104, "0\0\0\0\0\0\0\0\5\0\0\0\0\0\0\0\4\0\0\0\0\0\0\0{\235-\256\251\372\240U"..., 48, MSG_NOSIGNAL, NULL, 0) = 48
30087 1783914068.330171 sendto(104, "0\0\0\0\0\0\0\0\5\0\0\0\0\0\0\0\4\0\0\0\0\0\0\0\216\252\17\332(\220\247\20"..., 48, MSG_NOSIGNAL, NULL, 0) = 48
30150 1783914068.330725 newfstatat(AT_FDCWD, "/data/user/0/app.fedilab.mobilizon/app_webview/Default/QuotaManager-journal", {st_mode=S_IFREG|0600, st_size=0, ...}, 0) = 0
30150 1783914068.330737 newfstatat(AT_FDCWD, "/data/user/0/app.fedilab.mobilizon/app_webview/Default/QuotaManager-wal", 0x7d1bd71d30, 0) = -1 ENOENT (No such file or directory)
30150 1783914068.330773 newfstatat(AT_FDCWD, "/data/user/0/app.fedilab.mobilizon/app_webview/Default/QuotaManager", {st_mode=S_IFREG|0600, st_size=57344, ...}, 0) = 0
30150 1783914068.330782 newfstatat(AT_FDCWD, "/data/user/0/app.fedilab.mobilizon/app_webview/Default/QuotaManager", {st_mode=S_IFREG|0600, st_size=57344, ...}, 0) = 0
30150 1783914068.330794 openat(AT_FDCWD, "/data/user/0/app.fedilab.mobilizon/app_webview/Default/QuotaManager-journal", O_RDWR|O_CREAT|O_LARGEFILE|O_NOFOLLOW|O_CLOEXEC, 0600) = 150
30087 1783914068.330944 sendto(104, "0\0\0\0\0\0\0\0\5\0\0\0\0\0\0\0\4\0\0\0\0\0\0\0\2059{m\177i\21r"..., 48, MSG_NOSIGNAL, NULL, 0) = 48
30087 1783914068.331200 sendto(104, "0\0\0\0\0\0\0\0\5\0\0\0\0\0\0\0\4\0\0\0\0\0\0\0N\276_4\272Z\3476"..., 48, MSG_NOSIGNAL, NULL, 0) = 48
30087 1783914068.331355 sendto(104, "0\0\0\0\0\0\0\0\5\0\0\0\0\0\0\0\4\0\0\0\0\0\0\0G\313]\244\200Iw\376"..., 48, MSG_NOSIGNAL, NULL, 0) = 48
30087 1783914068.331542 sendto(104, "0\0\0\0\0\0\0\0\5\0\0\0\0\0\0\0\4\0\0\0\0\0\0\0000T\247GX\341\n\240"..., 48, MSG_NOSIGNAL, NULL, 0) = 48
30087 1783914068.331704 sendto(104, "0\0\0\0\0\0\0\0\5\0\0\0\0\0\0\0\4\0\0\0\0\0\0\0007]\277X\256s\213\203"..., 48, MSG_NOSIGNAL, NULL, 0) = 48
30087 1783914068.331873 sendto(104, "0\0\0\0\0\0\0\0\5\0\0\0\0\0\0\0\4\0\0\0\0\0\0\0\203\244\262\241\37\231\f\374"..., 48, MSG_NOSIGNAL, NULL, 0 <unfinished ...>
30144 1783914068.331943 recvmsg(104,  <unfinished ...>
30087 1783914068.331958 <... sendto resumed> ) = 48
30144 1783914068.332029 <... recvmsg resumed> {msg_name=NULL, msg_namelen=0, msg_iov=[{iov_base="0\0\0\0\0\0\0\0\5\0\0\0\0\0\0\0\4\0\0\0\0\0\0\0\243W8\317\r\326\210b"..., iov_len=4096}], msg_iovlen=1, msg_controllen=0, msg_flags=0}, MSG_DONTWAIT) = 96
30087 1783914068.332049 sendto(104, "0\0\0\0\0\0\0\0\5\0\0\0\0\0\0\0\4\0\0\0\0\0\0\0\211\237\310\263\353\341\367L"..., 48, MSG_NOSIGNAL, NULL, 0) = 48
30144 1783914068.333726 sendto(104, "h\0\0\0\0\0\0\0\5\0\0\0\0\0\0\0\0\0\0\0\0\0\0\0\35~\302,\376`h\251"..., 104, MSG_NOSIGNAL, NULL, 0) = 104
30087 1783914068.669924 recvfrom(100, 0x7fc3986420, 3200, MSG_DONTWAIT, NULL, NULL) = -1 EAGAIN (Try again)
30087 1783914068.687102 recvfrom(100, "nysv\0\0\0\0\0\0\0\0\0\0\0\0\360\37\277\"p\2\0\0np\2\0\0\0\0\0", 3200, MSG_DONTWAIT, NULL, NULL) = 32
30087 1783914068.687645 recvfrom(100, 0x7fc3986860, 3200, MSG_DONTWAIT, NULL, NULL) = -1 EAGAIN (Try again)
30087 1783914068.688422 recvfrom(121, 0x7d29777820, 2272, MSG_DONTWAIT, NULL, NULL) = -1 EAGAIN (Try again)
30087 1783914068.708741 recvfrom(100, 0x7fc39856b0, 3200, MSG_DONTWAIT, NULL, NULL) = -1 EAGAIN (Try again)
30197 1783914068.716731 sendmsg(177, {msg_name=NULL, msg_namelen=0, msg_iov=[{iov_base="l\1\1\1\374\0\0\0\201\1\0\0\235\0\0\0\1\1o\0;\0\0\0/re/frid"..., iov_len=428}], msg_iovlen=1, msg_controllen=0, msg_flags=0}, MSG_NOSIGNAL) = 428
30087 1783914068.719139 recvfrom(100, "nysv\0\0\0\0\0\0\0\0\0\0\0\0\336\323\273$p\2\0\0pp\2\0\0\0\0\0", 3200, MSG_DONTWAIT, NULL, NULL) = 32
30087 1783914068.719581 recvfrom(100, 0x7fc3986860, 3200, MSG_DONTWAIT, NULL, NULL) = -1 EAGAIN (Try again)
30087 1783914068.727331 recvfrom(100, 0x7fc3986760, 3200, MSG_DONTWAIT, NULL, NULL) = -1 EAGAIN (Try again)
30197 1783914068.734659 sendmsg(177, {msg_name=NULL, msg_namelen=0, msg_iov=[{iov_base="l\1\1\1\374\0\0\0\202\1\0\0\235\0\0\0\1\1o\0;\0\0\0/re/frid"..., iov_len=428}], msg_iovlen=1, msg_controllen=0, msg_flags=0}, MSG_NOSIGNAL) = 428
30087 1783914068.736397 recvfrom(100, "nysv\0\0\0\0\0\0\0\0\0\0\0\0/y\272%p\2\0\0qp\2\0\0\0\0\0", 3200, MSG_DONTWAIT, NULL, NULL) = 32
30087 1783914068.736666 recvfrom(100, 0x7fc3986860, 3200, MSG_DONTWAIT, NULL, NULL) = -1 EAGAIN (Try again)
30197 1783914068.742635 sendmsg(177, {msg_name=NULL, msg_namelen=0, msg_iov=[{iov_base="l\1\1\1\374\0\0\0\203\1\0\0\235\0\0\0\1\1o\0;\0\0\0/re/frid"..., iov_len=428}], msg_iovlen=1, msg_controllen=0, msg_flags=0}, MSG_NOSIGNAL) = 428
30087 1783914069.174955 recvfrom(100, 0x7fc3986420, 3200, MSG_DONTWAIT, NULL, NULL) = -1 EAGAIN (Try again)
30087 1783914069.186364 recvfrom(100, "nysv\0\0\0\0\0\0\0\0\0\0\0\0\32\200\214@p\2\0\0\214p\2\0\0\0\0\0", 3200, MSG_DONTWAIT, NULL, NULL) = 32
30087 1783914069.186789 recvfrom(100, 0x7fc3986860, 3200, MSG_DONTWAIT, NULL, NULL) = -1 EAGAIN (Try again)
30087 1783914069.187467 recvfrom(121, 0x7d29777820, 2272, MSG_DONTWAIT, NULL, NULL) = -1 EAGAIN (Try again)
30087 1783914069.206261 recvfrom(100, 0x7fc39856b0, 3200, MSG_DONTWAIT, NULL, NULL) = -1 EAGAIN (Try again)
30197 1783914069.215329 sendmsg(177, {msg_name=NULL, msg_namelen=0, msg_iov=[{iov_base="l\1\1\1\374\0\0\0\204\1\0\0\235\0\0\0\1\1o\0;\0\0\0/re/frid"..., iov_len=428}], msg_iovlen=1, msg_controllen=0, msg_flags=0}, MSG_NOSIGNAL) = 428
30087 1783914069.219750 recvfrom(100, "nysv\0\0\0\0\0\0\0\0\0\0\0\0\v\f\211Bp\2\0\0\216p\2\0\0\0\0\0", 3200, MSG_DONTWAIT, NULL, NULL) = 32
30087 1783914069.220191 recvfrom(100, 0x7fc3986860, 3200, MSG_DONTWAIT, NULL, NULL) = -1 EAGAIN (Try again)
30087 1783914069.228635 recvfrom(100, 0x7fc3986760, 3200, MSG_DONTWAIT, NULL, NULL) = -1 EAGAIN (Try again)
30087 1783914069.236688 recvfrom(100, "nysv\0\0\0\0\0\0\0\0\0\0\0\0J\261\207Cp\2\0\0\217p\2\0\0\0\0\0", 3200, MSG_DONTWAIT, NULL, NULL) = 32
30197 1783914069.236890 sendmsg(177, {msg_name=NULL, msg_namelen=0, msg_iov=[{iov_base="l\1\1\1\374\0\0\0\205\1\0\0\235\0\0\0\1\1o\0;\0\0\0/re/frid"..., iov_len=428}], msg_iovlen=1, msg_controllen=0, msg_flags=0}, MSG_NOSIGNAL <unfinished ...>
30087 1783914069.236914 recvfrom(100,  <unfinished ...>
30197 1783914069.237058 <... sendmsg resumed> ) = 428
30087 1783914069.237073 <... recvfrom resumed> 0x7fc3986860, 3200, MSG_DONTWAIT, NULL, NULL) = -1 EAGAIN (Try again)
30197 1783914069.242816 sendmsg(177, {msg_name=NULL, msg_namelen=0, msg_iov=[{iov_base="l\1\1\1\374\0\0\0\206\1\0\0\235\0\0\0\1\1o\0;\0\0\0/re/frid"..., iov_len=428}], msg_iovlen=1, msg_controllen=0, msg_flags=0}, MSG_NOSIGNAL) = 428
30087 1783914069.679192 recvfrom(100, 0x7fc3986420, 3200, MSG_DONTWAIT, NULL, NULL) = -1 EAGAIN (Try again)
30087 1783914069.687212 recvfrom(100, "nysv\0\0\0\0\0\0\0\0\0\0\0\0\210\263Y^p\2\0\0\252p\2\0\0\0\0\0", 3200, MSG_DONTWAIT, NULL, NULL) = 32
30087 1783914069.687756 recvfrom(100, 0x7fc3986860, 3200, MSG_DONTWAIT, NULL, NULL) = -1 EAGAIN (Try again)
30087 1783914069.688516 recvfrom(121, 0x7d29777820, 2272, MSG_DONTWAIT, NULL, NULL) = -1 EAGAIN (Try again)
30087 1783914069.708257 recvfrom(100, 0x7fc39856b0, 3200, MSG_DONTWAIT, NULL, NULL) = -1 EAGAIN (Try again)
30087 1783914069.720397 recvfrom(100, "nysv\0\0\0\0\0\0\0\0\0\0\0\0\257\230V`p\2\0\0\254p\2\0\0\0\0\0", 3200, MSG_DONTWAIT, NULL, NULL) = 32
30197 1783914069.720607 sendmsg(177, {msg_name=NULL, msg_namelen=0, msg_iov=[{iov_base="l\1\1\1\374\0\0\0\207\1\0\0\235\0\0\0\1\1o\0;\0\0\0/re/frid"..., iov_len=428}], msg_iovlen=1, msg_controllen=0, msg_flags=0}, MSG_NOSIGNAL <unfinished ...>
30087 1783914069.720635 recvfrom(100,  <unfinished ...>
30197 1783914069.727061 <... sendmsg resumed> ) = 428
30087 1783914069.727081 <... recvfrom resumed> 0x7fc3986860, 3200, MSG_DONTWAIT, NULL, NULL) = -1 EAGAIN (Try again)
30087 1783914069.729680 recvfrom(100, 0x7fc3986760, 3200, MSG_DONTWAIT, NULL, NULL) = -1 EAGAIN (Try again)
30197 1783914069.735970 sendmsg(177, {msg_name=NULL, msg_namelen=0, msg_iov=[{iov_base="l\1\1\1\374\0\0\0\210\1\0\0\235\0\0\0\1\1o\0;\0\0\0/re/frid"..., iov_len=428}], msg_iovlen=1, msg_controllen=0, msg_flags=0}, MSG_NOSIGNAL) = 428
30087 1783914069.737252 recvfrom(100, "nysv\0\0\0\0\0\0\0\0\0\0\0\0&<Uap\2\0\0\255p\2\0\0\0\0\0", 3200, MSG_DONTWAIT, NULL, NULL) = 32
30087 1783914069.737431 recvfrom(100, 0x7fc3986860, 3200, MSG_DONTWAIT, NULL, NULL) = -1 EAGAIN (Try again)
30197 1783914069.744556 sendmsg(177, {msg_name=NULL, msg_namelen=0, msg_iov=[{iov_base="l\1\1\1\374\0\0\0\211\1\0\0\235\0\0\0\1\1o\0;\0\0\0/re/frid"..., iov_len=428}], msg_iovlen=1, msg_controllen=0, msg_flags=0}, MSG_NOSIGNAL) = 428
30087 1783914070.184053 recvfrom(100, 0x7fc3986420, 3200, MSG_DONTWAIT, NULL, NULL) = -1 EAGAIN (Try again)
30087 1783914070.186087 recvfrom(100, "nysv\0\0\0\0\0\0\0\0\0\0\0\0\311?'|p\2\0\0\310p\2\0\0\0\0\0", 3200, MSG_DONTWAIT, NULL, NULL) = 32
30087 1783914070.186471 recvfrom(100, 0x7fc3986860, 3200, MSG_DONTWAIT, NULL, NULL) = -1 EAGAIN (Try again)
30087 1783914070.187023 recvfrom(121, 0x7d29777820, 2272, MSG_DONTWAIT, NULL, NULL) = -1 EAGAIN (Try again)
30087 1783914070.209378 recvfrom(100, 0x7fc3985d70, 3200, MSG_DONTWAIT, NULL, NULL) = -1 EAGAIN (Try again)
30197 1783914070.216998 sendmsg(177, {msg_name=NULL, msg_namelen=0, msg_iov=[{iov_base="l\1\1\1\374\0\0\0\212\1\0\0\235\0\0\0\1\1o\0;\0\0\0/re/frid"..., iov_len=428}], msg_iovlen=1, msg_controllen=0, msg_flags=0}, MSG_NOSIGNAL) = 428
30087 1783914070.219894 recvfrom(100, "nysv\0\0\0\0\0\0\0\0\0\0\0\0\241\2$~p\2\0\0\312p\2\0\0\0\0\0", 3200, MSG_DONTWAIT, NULL, NULL) = 32
30087 1783914070.220105 recvfrom(100, 0x7fc3986860, 3200, MSG_DONTWAIT, NULL, NULL) = -1 EAGAIN (Try again)
30087 1783914070.229068 recvfrom(100, 0x7fc3986760, 3200, MSG_DONTWAIT, NULL, NULL) = -1 EAGAIN (Try again)
30197 1783914070.235837 sendmsg(177, {msg_name=NULL, msg_namelen=0, msg_iov=[{iov_base="l\1\1\1\374\0\0\0\213\1\0\0\235\0\0\0\1\1o\0;\0\0\0/re/frid"..., iov_len=428}], msg_iovlen=1, msg_controllen=0, msg_flags=0}, MSG_NOSIGNAL) = 428
30087 1783914070.237670 recvfrom(100, "nysv\0\0\0\0\0\0\0\0\0\0\0\0\340\242\"\177p\2\0\0\313p\2\0\0\0\0\0", 3200, MSG_DONTWAIT, NULL, NULL) = 32
30087 1783914070.237849 recvfrom(100, 0x7fc3986860, 3200, MSG_DONTWAIT, NULL, NULL) = -1 EAGAIN (Try again)
30197 1783914070.243075 sendmsg(177, {msg_name=NULL, msg_namelen=0, msg_iov=[{iov_base="l\1\1\1\374\0\0\0\214\1\0\0\235\0\0\0\1\1o\0;\0\0\0/re/frid"..., iov_len=428}], msg_iovlen=1, msg_controllen=0, msg_flags=0}, MSG_NOSIGNAL) = 428
30087 1783914070.692652 recvfrom(100, 0x7fc3986420, 3200, MSG_DONTWAIT, NULL, NULL) = -1 EAGAIN (Try again)
30087 1783914070.706208 recvfrom(100, "nysv\0\0\0\0\0\0\0\0\0\0\0\0W\301\362\232p\2\0\0\347p\2\0\0\0\0\0", 3200, MSG_DONTWAIT, NULL, NULL) = 32
30087 1783914070.706858 recvfrom(100, 0x7fc3986860, 3200, MSG_DONTWAIT, NULL, NULL) = -1 EAGAIN (Try again)
30087 1783914070.707692 recvfrom(121, 0x7d29777820, 2272, MSG_DONTWAIT, NULL, NULL) = -1 EAGAIN (Try again)
30197 1783914070.736692 sendmsg(177, {msg_name=NULL, msg_namelen=0, msg_iov=[{iov_base="l\1\1\1\374\0\0\0\215\1\0\0\235\0\0\0\1\1o\0;\0\0\0/re/frid"..., iov_len=428}], msg_iovlen=1, msg_controllen=0, msg_flags=0}, MSG_NOSIGNAL) = 428
30087 1783914070.746286 recvfrom(100, 0x7fc3985d70, 3200, MSG_DONTWAIT, NULL, NULL) = -1 EAGAIN (Try again)
30087 1783914070.754172 recvfrom(100, "nysv\0\0\0\0\0\0\0\0\0\0\0\0K5\356\235p\2\0\0\352p\2\0\0\0\0\0", 3200, MSG_DONTWAIT, NULL, NULL) = 32
30087 1783914070.754438 recvfrom(100, 0x7fc3986860, 3200, MSG_DONTWAIT, NULL, NULL) = -1 EAGAIN (Try again)
30087 1783914070.756595 recvfrom(100, 0x7fc3986760, 3200, MSG_DONTWAIT, NULL, NULL) = -1 EAGAIN (Try again)
30197 1783914070.763128 sendmsg(177, {msg_name=NULL, msg_namelen=0, msg_iov=[{iov_base="l\1\1\1\374\0\0\0\216\1\0\0\235\0\0\0\1\1o\0;\0\0\0/re/frid"..., iov_len=428}], msg_iovlen=1, msg_controllen=0, msg_flags=0}, MSG_NOSIGNAL) = 428
30087 1783914070.770962 recvfrom(100, "nysv\0\0\0\0\0\0\0\0\0\0\0\0\232T\354\236p\2\0\0\353p\2\0\0\0\0\0", 3200, MSG_DONTWAIT, NULL, NULL) = 32
30087 1783914070.771143 recvfrom(100, 0x7fc3986860, 3200, MSG_DONTWAIT, NULL, NULL) = -1 EAGAIN (Try again)
30197 1783914070.777067 sendmsg(177, {msg_name=NULL, msg_namelen=0, msg_iov=[{iov_base="l\1\1\1\374\0\0\0\217\1\0\0\235\0\0\0\1\1o\0;\0\0\0/re/frid"..., iov_len=428}], msg_iovlen=1, msg_controllen=0, msg_flags=0}, MSG_NOSIGNAL) = 428
30087 1783914071.197865 recvfrom(100, 0x7fc3986420, 3200, MSG_DONTWAIT, NULL, NULL) = -1 EAGAIN (Try again)
30087 1783914071.203233 recvfrom(100, "nysv\0\0\0\0\0\0\0\0\0\0\0\0RB\300\270p\2\0\0\5q\2\0\0\0\0\0", 3200, MSG_DONTWAIT, NULL, NULL) = 32
30087 1783914071.203687 recvfrom(100, 0x7fc3986860, 3200, MSG_DONTWAIT, NULL, NULL) = -1 EAGAIN (Try again)
30087 1783914071.204349 recvfrom(121, 0x7d29777820, 2272, MSG_DONTWAIT, NULL, NULL) = -1 EAGAIN (Try again)
30087 1783914071.223282 recvfrom(100, 0x7fc3985d70, 3200, MSG_DONTWAIT, NULL, NULL) = -1 EAGAIN (Try again)
30197 1783914071.231342 sendmsg(177, {msg_name=NULL, msg_namelen=0, msg_iov=[{iov_base="l\1\1\1\374\0\0\0\220\1\0\0\235\0\0\0\1\1o\0;\0\0\0/re/frid"..., iov_len=428}], msg_iovlen=1, msg_controllen=0, msg_flags=0}, MSG_NOSIGNAL) = 428
30087 1783914071.236925 recvfrom(100, "nysv\0\0\0\0\0\0\0\0\0\0\0\0+\352\274\272p\2\0\0\7q\2\0\0\0\0\0", 3200, MSG_DONTWAIT, NULL, NULL) = 32
30087 1783914071.237532 recvfrom(100, 0x7fc3986860, 3200, MSG_DONTWAIT, NULL, NULL) = -1 EAGAIN (Try again)
30087 1783914071.243829 recvfrom(100, 0x7fc3986760, 3200, MSG_DONTWAIT, NULL, NULL) = -1 EAGAIN (Try again)
30197 1783914071.251298 sendmsg(177, {msg_name=NULL, msg_namelen=0, msg_iov=[{iov_base="l\1\1\1\374\0\0\0\221\1\0\0\235\0\0\0\1\1o\0;\0\0\0/re/frid"..., iov_len=428}], msg_iovlen=1, msg_controllen=0, msg_flags=0}, MSG_NOSIGNAL) = 428
30087 1783914071.252910 recvfrom(100, "nysv\0\0\0\0\0\0\0\0\0\0\0\0S\213\273\273p\2\0\0\10q\2\0\0\0\0\0", 3200, MSG_DONTWAIT, NULL, NULL) = 32
30087 1783914071.253098 recvfrom(100, 0x7fc3986860, 3200, MSG_DONTWAIT, NULL, NULL) = -1 EAGAIN (Try again)
30197 1783914071.259690 sendmsg(177, {msg_name=NULL, msg_namelen=0, msg_iov=[{iov_base="l\1\1\1\374\0\0\0\222\1\0\0\235\0\0\0\1\1o\0;\0\0\0/re/frid"..., iov_len=428}], msg_iovlen=1, msg_controllen=0, msg_flags=0}, MSG_NOSIGNAL) = 428
30087 1783914071.705612 recvfrom(100, 0x7fc3986420, 3200, MSG_DONTWAIT, NULL, NULL) = -1 EAGAIN (Try again)
30087 1783914071.724696 recvfrom(100, "nysv\0\0\0\0\0\0\0\0\0\0\0\0Y\333\213\327p\2\0\0#q\2\0\0\0\0\0", 3200, MSG_DONTWAIT, NULL, NULL) = 32
30087 1783914071.724944 recvfrom(100, 0x7fc3986860, 3200, MSG_DONTWAIT, NULL, NULL) = -1 EAGAIN (Try again)
30087 1783914071.725414 recvfrom(121, 0x7d29777820, 2272, MSG_DONTWAIT, NULL, NULL) = -1 EAGAIN (Try again)
30197 1783914071.743771 sendmsg(177, {msg_name=NULL, msg_namelen=0, msg_iov=[{iov_base="l\1\1\1\374\0\0\0\223\1\0\0\235\0\0\0\1\1o\0;\0\0\0/re/frid"..., iov_len=428}], msg_iovlen=1, msg_controllen=0, msg_flags=0}, MSG_NOSIGNAL) = 428
30087 1783914071.745216 recvfrom(100, 0x7fc3985d70, 3200, MSG_DONTWAIT, NULL, NULL) = -1 EAGAIN (Try again)
30087 1783914071.755169 recvfrom(100, "nysv\0\0\0\0\0\0\0\0\0\0\0\0\243\206\210\331p\2\0\0%q\2\0\0\0\0\0", 3200, MSG_DONTWAIT, NULL, NULL) = 32
30087 1783914071.755659 recvfrom(100, 0x7fc3986860, 3200, MSG_DONTWAIT, NULL, NULL) = -1 EAGAIN (Try again)
30087 1783914071.762182 recvfrom(100, 0x7fc3986760, 3200, MSG_DONTWAIT, NULL, NULL) = -1 EAGAIN (Try again)
30197 1783914071.776365 sendmsg(177, {msg_name=NULL, msg_namelen=0, msg_iov=[{iov_base="l\1\1\1\374\0\0\0\224\1\0\0\235\0\0\0\1\1o\0;\0\0\0/re/frid"..., iov_len=428}], msg_iovlen=1, msg_controllen=0, msg_flags=0}, MSG_NOSIGNAL) = 428
30087 1783914071.776547 recvfrom(100, "nysv\0\0\0\0\0\0\0\0\0\0\0\0.'\207\332p\2\0\0&q\2\0\0\0\0\0", 3200, MSG_DONTWAIT, NULL, NULL) = 32
30087 1783914071.776810 recvfrom(100, 0x7fc3986860, 3200, MSG_DONTWAIT, NULL, NULL) = -1 EAGAIN (Try again)
30197 1783914071.783216 sendmsg(177, {msg_name=NULL, msg_namelen=0, msg_iov=[{iov_base="l\1\1\1\374\0\0\0\225\1\0\0\235\0\0\0\1\1o\0;\0\0\0/re/frid"..., iov_len=428}], msg_iovlen=1, msg_controllen=0, msg_flags=0}, MSG_NOSIGNAL) = 428
30087 1783914072.218270 recvfrom(100, 0x7fc3986420, 3200, MSG_DONTWAIT, NULL, NULL) = -1 EAGAIN (Try again)
30087 1783914072.226774 recvfrom(100, "nysv\0\0\0\0\0\0\0\0\0\0\0\0E@Y\365p\2\0\0@q\2\0\0\0\0\0", 3200, MSG_DONTWAIT, NULL, NULL) = 32
30087 1783914072.227282 recvfrom(100, 0x7fc3986860, 3200, MSG_DONTWAIT, NULL, NULL) = -1 EAGAIN (Try again)
30087 1783914072.228041 recvfrom(121, 0x7d29777820, 2272, MSG_DONTWAIT, NULL, NULL) = -1 EAGAIN (Try again)
30087 1783914072.246835 recvfrom(100, 0x7fc3985d70, 3200, MSG_DONTWAIT, NULL, NULL) = -1 EAGAIN (Try again)
30197 1783914072.262659 sendmsg(177, {msg_name=NULL, msg_namelen=0, msg_iov=[{iov_base="l\1\1\1\374\0\0\0\226\1\0\0\235\0\0\0\1\1o\0;\0\0\0/re/frid"..., iov_len=428}], msg_iovlen=1, msg_controllen=0, msg_flags=0}, MSG_NOSIGNAL) = 428
30087 1783914072.264253 recvfrom(100, "nysv\0\0\0\0\0\0\0\0\0\0\0\0\251xV\367p\2\0\0Aq\2\0\0\0\0\0", 3200, MSG_DONTWAIT, NULL, NULL) = 32
30087 1783914072.264461 recvfrom(100, 0x7fc3986860, 3200, MSG_DONTWAIT, NULL, NULL) = -1 EAGAIN (Try again)
30087 1783914072.265896 recvfrom(100, 0x7fc3986760, 3200, MSG_DONTWAIT, NULL, NULL) = -1 EAGAIN (Try again)
30197 1783914072.272341 sendmsg(177, {msg_name=NULL, msg_namelen=0, msg_iov=[{iov_base="l\1\1\1\374\0\0\0\227\1\0\0\235\0\0\0\1\1o\0;\0\0\0/re/frid"..., iov_len=428}], msg_iovlen=1, msg_controllen=0, msg_flags=0}, MSG_NOSIGNAL) = 428
30087 1783914072.274553 recvfrom(100, "nysv\0\0\0\0\0\0\0\0\0\0\0\0\343\33U\370p\2\0\0Bq\2\0\0\0\0\0", 3200, MSG_DONTWAIT, NULL, NULL) = 32
30087 1783914072.274812 recvfrom(100, 0x7fc3986860, 3200, MSG_DONTWAIT, NULL, NULL) = -1 EAGAIN (Try again)
30197 1783914072.281285 sendmsg(177, {msg_name=NULL, msg_namelen=0, msg_iov=[{iov_base="l\1\1\1\374\0\0\0\230\1\0\0\235\0\0\0\1\1o\0;\0\0\0/re/frid"..., iov_len=428}], msg_iovlen=1, msg_controllen=0, msg_flags=0}, MSG_NOSIGNAL) = 428
30087 1783914072.724552 recvfrom(100, 0x7fc3986420, 3200, MSG_DONTWAIT, NULL, NULL) = -1 EAGAIN (Try again)
30087 1783914072.740794 recvfrom(100, "nysv\0\0\0\0\0\0\0\0\0\0\0\0[\365$\24q\2\0\0^q\2\0\0\0\0\0", 3200, MSG_DONTWAIT, NULL, NULL) = 32
30087 1783914072.741331 recvfrom(100, 0x7fc3986860, 3200, MSG_DONTWAIT, NULL, NULL) = -1 EAGAIN (Try again)
30087 1783914072.742164 recvfrom(121, 0x7d29777820, 2272, MSG_DONTWAIT, NULL, NULL) = -1 EAGAIN (Try again)
30087 1783914072.763410 recvfrom(100, 0x7fc3985d70, 3200, MSG_DONTWAIT, NULL, NULL) = -1 EAGAIN (Try again)
30197 1783914072.778755 sendmsg(177, {msg_name=NULL, msg_namelen=0, msg_iov=[{iov_base="l\1\1\1\374\0\0\0\231\1\0\0\235\0\0\0\1\1o\0;\0\0\0/re/frid"..., iov_len=428}], msg_iovlen=1, msg_controllen=0, msg_flags=0}, MSG_NOSIGNAL) = 428
30087 1783914072.780260 recvfrom(100, "nysv\0\0\0\0\0\0\0\0\0\0\0\0|:\"\26q\2\0\0`q\2\0\0\0\0\0", 3200, MSG_DONTWAIT, NULL, NULL) = 32
30087 1783914072.780470 recvfrom(100, 0x7fc3986860, 3200, MSG_DONTWAIT, NULL, NULL) = -1 EAGAIN (Try again)
30087 1783914072.781900 recvfrom(100, 0x7fc3986760, 3200, MSG_DONTWAIT, NULL, NULL) = -1 EAGAIN (Try again)
30087 1783914072.789741 recvfrom(100,  <unfinished ...>
30197 1783914072.789827 sendmsg(177, {msg_name=NULL, msg_namelen=0, msg_iov=[{iov_base="l\1\1\1\374\0\0\0\232\1\0\0\235\0\0\0\1\1o\0;\0\0\0/re/frid"..., iov_len=428}], msg_iovlen=1, msg_controllen=0, msg_flags=0}, MSG_NOSIGNAL <unfinished ...>
30087 1783914072.789848 <... recvfrom resumed> "nysv\0\0\0\0\0\0\0\0\0\0\0\0y\335 \27q\2\0\0aq\2\0\0\0\0\0", 3200, MSG_DONTWAIT, NULL, NULL) = 32
30197 1783914072.790016 <... sendmsg resumed> ) = 428
30087 1783914072.790021 recvfrom(100, 0x7fc3986860, 3200, MSG_DONTWAIT, NULL, NULL) = -1 EAGAIN (Try again)
30197 1783914072.796176 sendmsg(177, {msg_name=NULL, msg_namelen=0, msg_iov=[{iov_base="l\1\1\1\374\0\0\0\233\1\0\0\235\0\0\0\1\1o\0;\0\0\0/re/frid"..., iov_len=428}], msg_iovlen=1, msg_controllen=0, msg_flags=0}, MSG_NOSIGNAL) = 428
30087 1783914073.232314 recvfrom(100, 0x7fc3986420, 3200, MSG_DONTWAIT, NULL, NULL) = -1 EAGAIN (Try again)
30087 1783914073.236526 recvfrom(100, "nysv\0\0\0\0\0\0\0\0\0\0\0\0\332t\3621q\2\0\0|q\2\0\0\0\0\0", 3200, MSG_DONTWAIT, NULL, NULL) = 32
30087 1783914073.236734 recvfrom(100, 0x7fc3986860, 3200, MSG_DONTWAIT, NULL, NULL) = -1 EAGAIN (Try again)
30087 1783914073.237344 recvfrom(121, 0x7d29777820, 2272, MSG_DONTWAIT, NULL, NULL) = -1 EAGAIN (Try again)
30087 1783914073.251511 recvfrom(100, 0x7fc3985d70, 3200, MSG_DONTWAIT, NULL, NULL) = -1 EAGAIN (Try again)
30197 1783914073.267217 sendmsg(177, {msg_name=NULL, msg_namelen=0, msg_iov=[{iov_base="l\1\1\1\374\0\0\0\234\1\0\0\235\0\0\0\1\1o\0;\0\0\0/re/frid"..., iov_len=428}], msg_iovlen=1, msg_controllen=0, msg_flags=0}, MSG_NOSIGNAL) = 428
30087 1783914073.268905 recvfrom(100, "nysv\0\0\0\0\0\0\0\0\0\0\0\0*\261\3573q\2\0\0~q\2\0\0\0\0\0", 3200, MSG_DONTWAIT, NULL, NULL) = 32
30087 1783914073.269119 recvfrom(100, 0x7fc3986860, 3200, MSG_DONTWAIT, NULL, NULL) = -1 EAGAIN (Try again)
30087 1783914073.270701 recvfrom(100, 0x7fc3986760, 3200, MSG_DONTWAIT, NULL, NULL) = -1 EAGAIN (Try again)
30197 1783914073.279554 sendmsg(177, {msg_name=NULL, msg_namelen=0, msg_iov=[{iov_base="l\1\1\1\374\0\0\0\235\1\0\0\235\0\0\0\1\1o\0;\0\0\0/re/frid"..., iov_len=428}], msg_iovlen=1, msg_controllen=0, msg_flags=0}, MSG_NOSIGNAL) = 428
30087 1783914073.286211 recvfrom(100, "nysv\0\0\0\0\0\0\0\0\0\0\0\0\324)\3564q\2\0\0\177q\2\0\0\0\0\0", 3200, MSG_DONTWAIT, NULL, NULL) = 32
30087 1783914073.286397 recvfrom(100, 0x7fc3986860, 3200, MSG_DONTWAIT, NULL, NULL) = -1 EAGAIN (Try again)
30197 1783914073.291748 sendmsg(177, {msg_name=NULL, msg_namelen=0, msg_iov=[{iov_base="l\1\1\1\374\0\0\0\236\1\0\0\235\0\0\0\1\1o\0;\0\0\0/re/frid"..., iov_len=428}], msg_iovlen=1, msg_controllen=0, msg_flags=0}, MSG_NOSIGNAL) = 428
30087 1783914073.738831 recvfrom(100, 0x7fc3986420, 3200, MSG_DONTWAIT, NULL, NULL) = -1 EAGAIN (Try again)
30087 1783914073.759202 recvfrom(100, "nysv\0\0\0\0\0\0\0\0\0\0\0\0]\17\276Pq\2\0\0\233q\2\0\0\0\0\0", 3200, MSG_DONTWAIT, NULL, NULL) = 32
30087 1783914073.760069 recvfrom(100, 0x7fc3986860, 3200, MSG_DONTWAIT, NULL, NULL) = -1 EAGAIN (Try again)
30087 1783914073.761019 recvfrom(121, 0x7d29777820, 2272, MSG_DONTWAIT, NULL, NULL) = -1 EAGAIN (Try again)
30197 1783914073.782257 sendmsg(177, {msg_name=NULL, msg_namelen=0, msg_iov=[{iov_base="l\1\1\1\374\0\0\0\237\1\0\0\235\0\0\0\1\1o\0;\0\0\0/re/frid"..., iov_len=428}], msg_iovlen=1, msg_controllen=0, msg_flags=0}, MSG_NOSIGNAL) = 428
30087 1783914073.783759 recvfrom(100, 0x7fc3985d70, 3200, MSG_DONTWAIT, NULL, NULL) = -1 EAGAIN (Try again)
30087 1783914073.785947 recvfrom(100, "nysv\0\0\0\0\0\0\0\0\0\0\0\0000Z\273Rq\2\0\0\235q\2\0\0\0\0\0", 3200, MSG_DONTWAIT, NULL, NULL) = 32
30087 1783914073.786625 recvfrom(100, 0x7fc3986860, 3200, MSG_DONTWAIT, NULL, NULL) = -1 EAGAIN (Try again)
30087 1783914073.788746 recvfrom(100, 0x7fc3986760, 3200, MSG_DONTWAIT, NULL, NULL) = -1 EAGAIN (Try again)
30197 1783914073.801018 sendmsg(177, {msg_name=NULL, msg_namelen=0, msg_iov=[{iov_base="l\1\1\1\374\0\0\0\240\1\0\0\235\0\0\0\1\1o\0;\0\0\0/re/frid"..., iov_len=428}], msg_iovlen=1, msg_controllen=0, msg_flags=0}, MSG_NOSIGNAL) = 428
30087 1783914073.802173 recvfrom(100, "nysv\0\0\0\0\0\0\0\0\0\0\0\0>\372\271Sq\2\0\0\236q\2\0\0\0\0\0", 3200, MSG_DONTWAIT, NULL, NULL) = 32
30087 1783914073.802493 recvfrom(100, 0x7fc3986860, 3200, MSG_DONTWAIT, NULL, NULL) = -1 EAGAIN (Try again)
30197 1783914073.808135 sendmsg(177, {msg_name=NULL, msg_namelen=0, msg_iov=[{iov_base="l\1\1\1\374\0\0\0\241\1\0\0\235\0\0\0\1\1o\0;\0\0\0/re/frid"..., iov_len=428}], msg_iovlen=1, msg_controllen=0, msg_flags=0}, MSG_NOSIGNAL) = 428
30087 1783914074.242487 recvfrom(100, 0x7fc3986420, 3200, MSG_DONTWAIT, NULL, NULL) = -1 EAGAIN (Try again)
30087 1783914074.254839 recvfrom(100, "nysv\0\0\0\0\0\0\0\0\0\0\0\0It\213nq\2\0\0\271q\2\0\0\0\0\0", 3200, MSG_DONTWAIT, NULL, NULL) = 32
30087 1783914074.255014 recvfrom(100, 0x7fc3986860, 3200, MSG_DONTWAIT, NULL, NULL) = -1 EAGAIN (Try again)
30087 1783914074.255333 recvfrom(121, 0x7d29777820, 2272, MSG_DONTWAIT, NULL, NULL) = -1 EAGAIN (Try again)
30197 1783914074.273913 sendmsg(177, {msg_name=NULL, msg_namelen=0, msg_iov=[{iov_base="l\1\1\1\374\0\0\0\242\1\0\0\235\0\0\0\1\1o\0;\0\0\0/re/frid"..., iov_len=428}], msg_iovlen=1, msg_controllen=0, msg_flags=0}, MSG_NOSIGNAL) = 428
30087 1783914074.275349 recvfrom(100, 0x7fc3985d70, 3200, MSG_DONTWAIT, NULL, NULL) = -1 EAGAIN (Try again)
30087 1783914074.286938 recvfrom(100, "nysv\0\0\0\0\0\0\0\0\0\0\0\0\364u\210pq\2\0\0\273q\2\0\0\0\0\0", 3200, MSG_DONTWAIT, NULL, NULL) = 32
30087 1783914074.287461 recvfrom(100, 0x7fc3986860, 3200, MSG_DONTWAIT, NULL, NULL) = -1 EAGAIN (Try again)
30087 1783914074.292917 recvfrom(100, 0x7fc3986760, 3200, MSG_DONTWAIT, NULL, NULL) = -1 EAGAIN (Try again)
30197 1783914074.301187 sendmsg(177, {msg_name=NULL, msg_namelen=0, msg_iov=[{iov_base="l\1\1\1\374\0\0\0\243\1\0\0\235\0\0\0\1\1o\0;\0\0\0/re/frid"..., iov_len=428}], msg_iovlen=1, msg_controllen=0, msg_flags=0}, MSG_NOSIGNAL) = 428
30087 1783914074.302120 recvfrom(100, "nysv\0\0\0\0\0\0\0\0\0\0\0\0 \34\207qq\2\0\0\274q\2\0\0\0\0\0", 3200, MSG_DONTWAIT, NULL, NULL) = 32
30087 1783914074.302298 recvfrom(100, 0x7fc3986860, 3200, MSG_DONTWAIT, NULL, NULL) = -1 EAGAIN (Try again)
30197 1783914074.307399 sendmsg(177, {msg_name=NULL, msg_namelen=0, msg_iov=[{iov_base="l\1\1\1\374\0\0\0\244\1\0\0\235\0\0\0\1\1o\0;\0\0\0/re/frid"..., iov_len=428}], msg_iovlen=1, msg_controllen=0, msg_flags=0}, MSG_NOSIGNAL) = 428
30087 1783914074.745299 recvfrom(100, 0x7fc3986420, 3200, MSG_DONTWAIT, NULL, NULL) = -1 EAGAIN (Try again)
30087 1783914074.753251 recvfrom(100, "nysv\0\0\0\0\0\0\0\0\0\0\0\0\372\362X\214q\2\0\0\327q\2\0\0\0\0\0", 3200, MSG_DONTWAIT, NULL, NULL) = 32
30087 1783914074.753691 recvfrom(100, 0x7fc3986860, 3200, MSG_DONTWAIT, NULL, NULL) = -1 EAGAIN (Try again)
30087 1783914074.754453 recvfrom(121, 0x7d29777820, 2272, MSG_DONTWAIT, NULL, NULL) = -1 EAGAIN (Try again)
30087 1783914074.770553 recvfrom(100, 0x7fc3985d70, 3200, MSG_DONTWAIT, NULL, NULL) = -1 EAGAIN (Try again)
30197 1783914074.776482 sendmsg(177, {msg_name=NULL, msg_namelen=0, msg_iov=[{iov_base="l\1\1\1\374\0\0\0\245\1\0\0\235\0\0\0\1\1o\0;\0\0\0/re/frid"..., iov_len=428}], msg_iovlen=1, msg_controllen=0, msg_flags=0}, MSG_NOSIGNAL) = 428
30087 1783914074.789412 recvfrom(100, "nysv\0\0\0\0\0\0\0\0\0\0\0\0\211yU\216q\2\0\0\331q\2\0\0\0\0\0", 3200, MSG_DONTWAIT, NULL, NULL) = 32
30087 1783914074.789821 recvfrom(100, 0x7fc3986860, 3200, MSG_DONTWAIT, NULL, NULL) = -1 EAGAIN (Try again)
30087 1783914074.792076 recvfrom(100, 0x7fc3986760, 3200, MSG_DONTWAIT, NULL, NULL) = -1 EAGAIN (Try again)
30197 1783914074.803271 sendmsg(177, {msg_name=NULL, msg_namelen=0, msg_iov=[{iov_base="l\1\1\1\374\0\0\0\246\1\0\0\235\0\0\0\1\1o\0;\0\0\0/re/frid"..., iov_len=428}], msg_iovlen=1, msg_controllen=0, msg_flags=0}, MSG_NOSIGNAL) = 428
30087 1783914074.804350 recvfrom(100, "nysv\0\0\0\0\0\0\0\0\0\0\0\0\271\37T\217q\2\0\0\332q\2\0\0\0\0\0", 3200, MSG_DONTWAIT, NULL, NULL) = 32
30087 1783914074.804547 recvfrom(100, 0x7fc3986860, 3200, MSG_DONTWAIT, NULL, NULL) = -1 EAGAIN (Try again)
30197 1783914074.809382 sendmsg(177, {msg_name=NULL, msg_namelen=0, msg_iov=[{iov_base="l\1\1\1\374\0\0\0\247\1\0\0\235\0\0\0\1\1o\0;\0\0\0/re/frid"..., iov_len=428}], msg_iovlen=1, msg_controllen=0, msg_flags=0}, MSG_NOSIGNAL) = 428
30087 1783914075.248773 recvfrom(100, 0x7fc3986420, 3200, MSG_DONTWAIT, NULL, NULL) = -1 EAGAIN (Try again)
30087 1783914075.254378 recvfrom(100, "nysv\0\0\0\0\0\0\0\0\0\0\0\0!>&\252q\2\0\0\363q\2\0\0\0\0\0", 3200, MSG_DONTWAIT, NULL, NULL) = 32
30087 1783914075.254832 recvfrom(100, 0x7fc3986860, 3200, MSG_DONTWAIT, NULL, NULL) = -1 EAGAIN (Try again)
30087 1783914075.255551 recvfrom(121, 0x7d29777820, 2272, MSG_DONTWAIT, NULL, NULL) = -1 EAGAIN (Try again)
30197 1783914075.275525 sendmsg(177, {msg_name=NULL, msg_namelen=0, msg_iov=[{iov_base="l\1\1\1\374\0\0\0\250\1\0\0\235\0\0\0\1\1o\0;\0\0\0/re/frid"..., iov_len=428}], msg_iovlen=1, msg_controllen=0, msg_flags=0}, MSG_NOSIGNAL) = 428
30087 1783914075.277698 recvfrom(100, 0x7fc3985d70, 3200, MSG_DONTWAIT, NULL, NULL) = -1 EAGAIN (Try again)
30087 1783914075.286747 recvfrom(100, "nysv\0\0\0\0\0\0\0\0\0\0\0\0\240\362\"\254q\2\0\0\365q\2\0\0\0\0\0", 3200, MSG_DONTWAIT, NULL, NULL) = 32
30087 1783914075.287157 recvfrom(100, 0x7fc3986860, 3200, MSG_DONTWAIT, NULL, NULL) = -1 EAGAIN (Try again)
30087 1783914075.295545 recvfrom(100, 0x7fc3986760, 3200, MSG_DONTWAIT, NULL, NULL) = -1 EAGAIN (Try again)
30197 1783914075.303121 sendmsg(177, {msg_name=NULL, msg_namelen=0, msg_iov=[{iov_base="l\1\1\1\374\0\0\0\251\1\0\0\235\0\0\0\1\1o\0;\0\0\0/re/frid"..., iov_len=428}], msg_iovlen=1, msg_controllen=0, msg_flags=0}, MSG_NOSIGNAL) = 428
30087 1783914075.304361 recvfrom(100, "nysv\0\0\0\0\0\0\0\0\0\0\0\0]\231!\255q\2\0\0\366q\2\0\0\0\0\0", 3200, MSG_DONTWAIT, NULL, NULL) = 32
30087 1783914075.304562 recvfrom(100, 0x7fc3986860, 3200, MSG_DONTWAIT, NULL, NULL) = -1 EAGAIN (Try again)
30197 1783914075.310923 sendmsg(177, {msg_name=NULL, msg_namelen=0, msg_iov=[{iov_base="l\1\1\1\374\0\0\0\252\1\0\0\235\0\0\0\1\1o\0;\0\0\0/re/frid"..., iov_len=428}], msg_iovlen=1, msg_controllen=0, msg_flags=0}, MSG_NOSIGNAL) = 428
30087 1783914075.754781 recvfrom(100, 0x7fc3986420, 3200, MSG_DONTWAIT, NULL, NULL) = -1 EAGAIN (Try again)
30087 1783914075.771821 recvfrom(100, "nysv\0\0\0\0\0\0\0\0\0\0\0\0007\363\361\310q\2\0\0\22r\2\0\0\0\0\0", 3200, MSG_DONTWAIT, NULL, NULL) = 32
30087 1783914075.772738 recvfrom(100, 0x7fc3986860, 3200, MSG_DONTWAIT, NULL, NULL) = -1 EAGAIN (Try again)
30087 1783914075.773371 recvfrom(121, 0x7d29777820, 2272, MSG_DONTWAIT, NULL, NULL) = -1 EAGAIN (Try again)
30087 1783914075.788294 recvfrom(100, 0x7fc3985d70, 3200, MSG_DONTWAIT, NULL, NULL) = -1 EAGAIN (Try again)
30197 1783914075.798110 sendmsg(177, {msg_name=NULL, msg_namelen=0, msg_iov=[{iov_base="l\1\1\1\374\0\0\0\253\1\0\0\235\0\0\0\1\1o\0;\0\0\0/re/frid"..., iov_len=428}], msg_iovlen=1, msg_controllen=0, msg_flags=0}, MSG_NOSIGNAL) = 428
30087 1783914075.803908 recvfrom(100, "nysv\0\0\0\0\0\0\0\0\0\0\0\0\351\226\356\312q\2\0\0\24r\2\0\0\0\0\0", 3200, MSG_DONTWAIT, NULL, NULL) = 32
30087 1783914075.804480 recvfrom(100, 0x7fc3986860, 3200, MSG_DONTWAIT, NULL, NULL) = -1 EAGAIN (Try again)
30087 1783914075.809248 recvfrom(100, 0x7fc3986760, 3200, MSG_DONTWAIT, NULL, NULL) = -1 EAGAIN (Try again)
30197 1783914075.818057 sendmsg(177, {msg_name=NULL, msg_namelen=0, msg_iov=[{iov_base="l\1\1\1\374\0\0\0\254\1\0\0\235\0\0\0\1\1o\0;\0\0\0/re/frid"..., iov_len=428}], msg_iovlen=1, msg_controllen=0, msg_flags=0}, MSG_NOSIGNAL) = 428
30087 1783914075.819712 recvfrom(100, "nysv\0\0\0\0\0\0\0\0\0\0\0\0.<\355\313q\2\0\0\25r\2\0\0\0\0\0", 3200, MSG_DONTWAIT, NULL, NULL) = 32
30087 1783914075.819908 recvfrom(100, 0x7fc3986860, 3200, MSG_DONTWAIT, NULL, NULL) = -1 EAGAIN (Try again)
30197 1783914075.825957 sendmsg(177, {msg_name=NULL, msg_namelen=0, msg_iov=[{iov_base="l\1\1\1\374\0\0\0\255\1\0\0\235\0\0\0\1\1o\0;\0\0\0/re/frid"..., iov_len=428}], msg_iovlen=1, msg_controllen=0, msg_flags=0}, MSG_NOSIGNAL) = 428
30087 1783914076.264839 recvfrom(100, 0x7fc3986420, 3200, MSG_DONTWAIT, NULL, NULL) = -1 EAGAIN (Try again)
30087 1783914076.273347 recvfrom(100, "nysv\0\0\0\0\0\0\0\0\0\0\0\0#X\277\346q\2\0\0000r\2\0\0\0\0\0", 3200, MSG_DONTWAIT, NULL, NULL) = 32
30087 1783914076.273879 recvfrom(100, 0x7fc3986860, 3200, MSG_DONTWAIT, NULL, NULL) = -1 EAGAIN (Try again)
30087 1783914076.274656 recvfrom(121, 0x7d29777820, 2272, MSG_DONTWAIT, NULL, NULL) = -1 EAGAIN (Try again)
30087 1783914076.289237 recvfrom(100, 0x7fc3985d70, 3200, MSG_DONTWAIT, NULL, NULL) = -1 EAGAIN (Try again)
30197 1783914076.300683 sendmsg(177, {msg_name=NULL, msg_namelen=0, msg_iov=[{iov_base="l\1\1\1\374\0\0\0\256\1\0\0\235\0\0\0\1\1o\0;\0\0\0/re/frid"..., iov_len=428}], msg_iovlen=1, msg_controllen=0, msg_flags=0}, MSG_NOSIGNAL) = 428
30087 1783914076.302419 recvfrom(100, "nysv\0\0\0\0\0\0\0\0\0\0\0\0\276I\274\350q\2\0\0002r\2\0\0\0\0\0", 3200, MSG_DONTWAIT, NULL, NULL) = 32
30087 1783914076.302829 recvfrom(100, 0x7fc3986860, 3200, MSG_DONTWAIT, NULL, NULL) = -1 EAGAIN (Try again)
30087 1783914076.309159 recvfrom(100, 0x7fc3986760, 3200, MSG_DONTWAIT, NULL, NULL) = -1 EAGAIN (Try again)
30197 1783914076.315711 sendmsg(177, {msg_name=NULL, msg_namelen=0, msg_iov=[{iov_base="l\1\1\1\374\0\0\0\257\1\0\0\235\0\0\0\1\1o\0;\0\0\0/re/frid"..., iov_len=428}], msg_iovlen=1, msg_controllen=0, msg_flags=0}, MSG_NOSIGNAL) = 428
30087 1783914076.319569 recvfrom(100, "nysv\0\0\0\0\0\0\0\0\0\0\0\0\"\300\272\351q\2\0\0003r\2\0\0\0\0\0", 3200, MSG_DONTWAIT, NULL, NULL) = 32
30087 1783914076.319783 recvfrom(100, 0x7fc3986860, 3200, MSG_DONTWAIT, NULL, NULL) = -1 EAGAIN (Try again)
30197 1783914076.325370 sendmsg(177, {msg_name=NULL, msg_namelen=0, msg_iov=[{iov_base="l\1\1\1\374\0\0\0\260\1\0\0\235\0\0\0\1\1o\0;\0\0\0/re/frid"..., iov_len=428}], msg_iovlen=1, msg_controllen=0, msg_flags=0}, MSG_NOSIGNAL) = 428
30087 1783914076.773416 recvfrom(100, 0x7fc3986420, 3200, MSG_DONTWAIT, NULL, NULL) = -1 EAGAIN (Try again)
30087 1783914076.786588 recvfrom(100, "nysv\0\0\0\0\0\0\0\0\0\0\0\0\2144\213\5r\2\0\0Or\2\0\0\0\0\0", 3200, MSG_DONTWAIT, NULL, NULL) = 32
30087 1783914076.787060 recvfrom(100, 0x7fc3986860, 3200, MSG_DONTWAIT, NULL, NULL) = -1 EAGAIN (Try again)
30087 1783914076.787902 recvfrom(121, 0x7d29777820, 2272, MSG_DONTWAIT, NULL, NULL) = -1 EAGAIN (Try again)
30087 1783914076.804951 recvfrom(100, 0x7fc3985d70, 3200, MSG_DONTWAIT, NULL, NULL) = -1 EAGAIN (Try again)
30197 1783914076.810363 sendmsg(177, {msg_name=NULL, msg_namelen=0, msg_iov=[{iov_base="l\1\1\1\374\0\0\0\261\1\0\0\235\0\0\0\1\1o\0;\0\0\0/re/frid"..., iov_len=428}], msg_iovlen=1, msg_controllen=0, msg_flags=0}, MSG_NOSIGNAL) = 428
30087 1783914076.820261 recvfrom(100, "nysv\0\0\0\0\0\0\0\0\0\0\0\0\33(\210\7r\2\0\0Qr\2\0\0\0\0\0", 3200, MSG_DONTWAIT, NULL, NULL) = 32
30087 1783914076.820700 recvfrom(100, 0x7fc3986860, 3200, MSG_DONTWAIT, NULL, NULL) = -1 EAGAIN (Try again)
30087 1783914076.829900 recvfrom(100, 0x7fc3986760, 3200, MSG_DONTWAIT, NULL, NULL) = -1 EAGAIN (Try again)
30197 1783914076.835539 sendmsg(177, {msg_name=NULL, msg_namelen=0, msg_iov=[{iov_base="l\1\1\1\374\0\0\0\262\1\0\0\235\0\0\0\1\1o\0;\0\0\0/re/frid"..., iov_len=428}], msg_iovlen=1, msg_controllen=0, msg_flags=0}, MSG_NOSIGNAL) = 428
30087 1783914076.837087 recvfrom(100, "nysv\0\0\0\0\0\0\0\0\0\0\0\0007\307\206\10r\2\0\0Rr\2\0\0\0\0\0", 3200, MSG_DONTWAIT, NULL, NULL) = 32
30087 1783914076.837285 recvfrom(100, 0x7fc3986860, 3200, MSG_DONTWAIT, NULL, NULL) = -1 EAGAIN (Try again)
30197 1783914076.842334 sendmsg(177, {msg_name=NULL, msg_namelen=0, msg_iov=[{iov_base="l\1\1\1\374\0\0\0\263\1\0\0\235\0\0\0\1\1o\0;\0\0\0/re/frid"..., iov_len=428}], msg_iovlen=1, msg_controllen=0, msg_flags=0}, MSG_NOSIGNAL) = 428
30087 1783914077.279525 recvfrom(100, 0x7fc3986420, 3200, MSG_DONTWAIT, NULL, NULL) = -1 EAGAIN (Try again)
30087 1783914077.289438 recvfrom(100, "nysv\0\0\0\0\0\0\0\0\0\0\0\0%rX#r\2\0\0mr\2\0\0\0\0\0", 3200, MSG_DONTWAIT, NULL, NULL) = 32
30087 1783914077.290035 recvfrom(100, 0x7fc3986860, 3200, MSG_DONTWAIT, NULL, NULL) = -1 EAGAIN (Try again)
30087 1783914077.290853 recvfrom(121, 0x7d29777820, 2272, MSG_DONTWAIT, NULL, NULL) = -1 EAGAIN (Try again)
30197 1783914077.312418 sendmsg(177, {msg_name=NULL, msg_namelen=0, msg_iov=[{iov_base="l\1\1\1\374\0\0\0\264\1\0\0\235\0\0\0\1\1o\0;\0\0\0/re/frid"..., iov_len=428}], msg_iovlen=1, msg_controllen=0, msg_flags=0}, MSG_NOSIGNAL) = 428
30087 1783914077.314101 recvfrom(100, 0x7fc3985d70, 3200, MSG_DONTWAIT, NULL, NULL) = -1 EAGAIN (Try again)
30087 1783914077.320193 recvfrom(100, "nysv\0\0\0\0\0\0\0\0\0\0\0\0\302oU%r\2\0\0or\2\0\0\0\0\0", 3200, MSG_DONTWAIT, NULL, NULL) = 32
30087 1783914077.320670 recvfrom(100, 0x7fc3986860, 3200, MSG_DONTWAIT, NULL, NULL) = -1 EAGAIN (Try again)
30087 1783914077.328781 recvfrom(100, 0x7fc3986760, 3200, MSG_DONTWAIT, NULL, NULL) = -1 EAGAIN (Try again)
30197 1783914077.337153 sendmsg(177, {msg_name=NULL, msg_namelen=0, msg_iov=[{iov_base="l\1\1\1\374\0\0\0\265\1\0\0\235\0\0\0\1\1o\0;\0\0\0/re/frid"..., iov_len=428}], msg_iovlen=1, msg_controllen=0, msg_flags=0}, MSG_NOSIGNAL) = 428
30087 1783914077.337324 recvfrom(100, "nysv\0\0\0\0\0\0\0\0\0\0\0\0\344\23T&r\2\0\0pr\2\0\0\0\0\0", 3200, MSG_DONTWAIT, NULL, NULL) = 32
30087 1783914077.343616 recvfrom(100, 0x7fc3986860, 3200, MSG_DONTWAIT, NULL, NULL) = -1 EAGAIN (Try again)
30197 1783914077.348919 sendmsg(177, {msg_name=NULL, msg_namelen=0, msg_iov=[{iov_base="l\1\1\1\374\0\0\0\266\1\0\0\235\0\0\0\1\1o\0;\0\0\0/re/frid"..., iov_len=428}], msg_iovlen=1, msg_controllen=0, msg_flags=0}, MSG_NOSIGNAL) = 428
30087 1783914077.789502 recvfrom(100, 0x7fc3986420, 3200, MSG_DONTWAIT, NULL, NULL) = -1 EAGAIN (Try again)
30087 1783914077.808743 recvfrom(100, "nysv\0\0\0\0\0\0\0\0\0\0\0\0;'$Br\2\0\0\214r\2\0\0\0\0\0", 3200, MSG_DONTWAIT, NULL, NULL) = 32
30087 1783914077.809787 recvfrom(100, 0x7fc3986860, 3200, MSG_DONTWAIT, NULL, NULL) = -1 EAGAIN (Try again)
30087 1783914077.810450 recvfrom(121, 0x7d29777820, 2272, MSG_DONTWAIT, NULL, NULL) = -1 EAGAIN (Try again)
30087 1783914077.826631 recvfrom(100, 0x7fc3985d70, 3200, MSG_DONTWAIT, NULL, NULL) = -1 EAGAIN (Try again)
30197 1783914077.835646 sendmsg(177, {msg_name=NULL, msg_namelen=0, msg_iov=[{iov_base="l\1\1\1\374\0\0\0\267\1\0\0\235\0\0\0\1\1o\0;\0\0\0/re/frid"..., iov_len=428}], msg_iovlen=1, msg_controllen=0, msg_flags=0}, MSG_NOSIGNAL) = 428
30087 1783914077.836200 recvfrom(100, "nysv\0\0\0\0\0\0\0\0\0\0\0\0{m!Dr\2\0\0\216r\2\0\0\0\0\0", 3200, MSG_DONTWAIT, NULL, NULL) = 32
30087 1783914077.842347 recvfrom(100, 0x7fc3986860, 3200, MSG_DONTWAIT, NULL, NULL) = -1 EAGAIN (Try again)
30087 1783914077.845401 recvfrom(100, 0x7fc3986760, 3200, MSG_DONTWAIT, NULL, NULL) = -1 EAGAIN (Try again)
30197 1783914077.852082 sendmsg(177, {msg_name=NULL, msg_namelen=0, msg_iov=[{iov_base="l\1\1\1\374\0\0\0\270\1\0\0\235\0\0\0\1\1o\0;\0\0\0/re/frid"..., iov_len=428}], msg_iovlen=1, msg_controllen=0, msg_flags=0}, MSG_NOSIGNAL) = 428
30087 1783914077.853029 recvfrom(100, "nysv\0\0\0\0\0\0\0\0\0\0\0\0\305\16 Er\2\0\0\217r\2\0\0\0\0\0", 3200, MSG_DONTWAIT, NULL, NULL) = 32
30087 1783914077.853200 recvfrom(100, 0x7fc3986860, 3200, MSG_DONTWAIT, NULL, NULL) = -1 EAGAIN (Try again)
30197 1783914077.858003 sendmsg(177, {msg_name=NULL, msg_namelen=0, msg_iov=[{iov_base="l\1\1\1\374\0\0\0\271\1\0\0\235\0\0\0\1\1o\0;\0\0\0/re/frid"..., iov_len=428}], msg_iovlen=1, msg_controllen=0, msg_flags=0}, MSG_NOSIGNAL) = 428
30087 1783914078.297497 recvfrom(100, 0x7fc3986420, 3200, MSG_DONTWAIT, NULL, NULL) = -1 EAGAIN (Try again)
30087 1783914078.303266 recvfrom(100, "nysv\0\0\0\0\0\0\0\0\0\0\0\0\246\257\361_r\2\0\0\252r\2\0\0\0\0\0", 3200, MSG_DONTWAIT, NULL, NULL) = 32
30087 1783914078.303768 recvfrom(100, 0x7fc3986860, 3200, MSG_DONTWAIT, NULL, NULL) = -1 EAGAIN (Try again)
30087 1783914078.305137 recvfrom(121, 0x7d29777820, 2272, MSG_DONTWAIT, NULL, NULL) = -1 EAGAIN (Try again)
30087 1783914078.322913 recvfrom(100, 0x7fc3985d70, 3200, MSG_DONTWAIT, NULL, NULL) = -1 EAGAIN (Try again)
30197 1783914078.331401 sendmsg(177, {msg_name=NULL, msg_namelen=0, msg_iov=[{iov_base="l\1\1\1\374\0\0\0\272\1\0\0\235\0\0\0\1\1o\0;\0\0\0/re/frid"..., iov_len=428}], msg_iovlen=1, msg_controllen=0, msg_flags=0}, MSG_NOSIGNAL) = 428
30087 1783914078.337426 recvfrom(100, "nysv\0\0\0\0\0\0\0\0\0\0\0\0\274\251\356ar\2\0\0\254r\2\0\0\0\0\0", 3200, MSG_DONTWAIT, NULL, NULL) = 32
30087 1783914078.338102 recvfrom(100, 0x7fc3986860, 3200, MSG_DONTWAIT, NULL, NULL) = -1 EAGAIN (Try again)
30087 1783914078.347164 recvfrom(100, 0x7fc3986760, 3200, MSG_DONTWAIT, NULL, NULL) = -1 EAGAIN (Try again)
30197 1783914078.353281 sendmsg(177, {msg_name=NULL, msg_namelen=0, msg_iov=[{iov_base="l\1\1\1\374\0\0\0\273\1\0\0\235\0\0\0\1\1o\0;\0\0\0/re/frid"..., iov_len=428}], msg_iovlen=1, msg_controllen=0, msg_flags=0}, MSG_NOSIGNAL) = 428
30087 1783914078.354761 recvfrom(100, "nysv\0\0\0\0\0\0\0\0\0\0\0\0!N\355br\2\0\0\255r\2\0\0\0\0\0", 3200, MSG_DONTWAIT, NULL, NULL) = 32
30087 1783914078.354945 recvfrom(100, 0x7fc3986860, 3200, MSG_DONTWAIT, NULL, NULL) = -1 EAGAIN (Try again)
30197 1783914078.360812 sendmsg(177, {msg_name=NULL, msg_namelen=0, msg_iov=[{iov_base="l\1\1\1\374\0\0\0\274\1\0\0\235\0\0\0\1\1o\0;\0\0\0/re/frid"..., iov_len=428}], msg_iovlen=1, msg_controllen=0, msg_flags=0}, MSG_NOSIGNAL) = 428
30087 1783914078.805749 recvfrom(100, 0x7fc3986420, 3200, MSG_DONTWAIT, NULL, NULL) = -1 EAGAIN (Try again)
30087 1783914078.821925 recvfrom(100, "nysv\0\0\0\0\0\0\0\0\0\0\0\0=A\275~r\2\0\0\311r\2\0\0\0\0\0", 3200, MSG_DONTWAIT, NULL, NULL) = 32
30087 1783914078.822441 recvfrom(100, 0x7fc3986860, 3200, MSG_DONTWAIT, NULL, NULL) = -1 EAGAIN (Try again)
30087 1783914078.823130 recvfrom(121, 0x7d29777820, 2272, MSG_DONTWAIT, NULL, NULL) = -1 EAGAIN (Try again)
30087 1783914078.840825 recvfrom(100, 0x7fc3985d70, 3200, MSG_DONTWAIT, NULL, NULL) = -1 EAGAIN (Try again)
30197 1783914078.848324 sendmsg(177, {msg_name=NULL, msg_namelen=0, msg_iov=[{iov_base="l\1\1\1\374\0\0\0\275\1\0\0\235\0\0\0\1\1o\0;\0\0\0/re/frid"..., iov_len=428}], msg_iovlen=1, msg_controllen=0, msg_flags=0}, MSG_NOSIGNAL) = 428
30087 1783914078.853627 recvfrom(100, "nysv\0\0\0\0\0\0\0\0\0\0\0\0\221\341\271\200r\2\0\0\313r\2\0\0\0\0\0", 3200, MSG_DONTWAIT, NULL, NULL) = 32
30087 1783914078.853996 recvfrom(100, 0x7fc3986860, 3200, MSG_DONTWAIT, NULL, NULL) = -1 EAGAIN (Try again)
30087 1783914078.862512 recvfrom(100, 0x7fc3986760, 3200, MSG_DONTWAIT, NULL, NULL) = -1 EAGAIN (Try again)
30197 1783914078.869084 sendmsg(177, {msg_name=NULL, msg_namelen=0, msg_iov=[{iov_base="l\1\1\1\374\0\0\0\276\1\0\0\235\0\0\0\1\1o\0;\0\0\0/re/frid"..., iov_len=428}], msg_iovlen=1, msg_controllen=0, msg_flags=0}, MSG_NOSIGNAL) = 428
30087 1783914078.869992 recvfrom(100, "nysv\0\0\0\0\0\0\0\0\0\0\0\0\215\206\270\201r\2\0\0\314r\2\0\0\0\0\0", 3200, MSG_DONTWAIT, NULL, NULL) = 32
30087 1783914078.870151 recvfrom(100, 0x7fc3986860, 3200, MSG_DONTWAIT, NULL, NULL) = -1 EAGAIN (Try again)
30197 1783914078.875151 sendmsg(177, {msg_name=NULL, msg_namelen=0, msg_iov=[{iov_base="l\1\1\1\374\0\0\0\277\1\0\0\235\0\0\0\1\1o\0;\0\0\0/re/frid"..., iov_len=428}], msg_iovlen=1, msg_controllen=0, msg_flags=0}, MSG_NOSIGNAL) = 428
30087 1783914079.311038 recvfrom(100, 0x7fc3986420, 3200, MSG_DONTWAIT, NULL, NULL) = -1 EAGAIN (Try again)
30087 1783914079.319728 recvfrom(100, "nysv\0\0\0\0\0\0\0\0\0\0\0\0\r.\213\234r\2\0\0\347r\2\0\0\0\0\0", 3200, MSG_DONTWAIT, NULL, NULL) = 32
30087 1783914079.320137 recvfrom(100, 0x7fc3986860, 3200, MSG_DONTWAIT, NULL, NULL) = -1 EAGAIN (Try again)
30087 1783914079.320678 recvfrom(121, 0x7d29777820, 2272, MSG_DONTWAIT, NULL, NULL) = -1 EAGAIN (Try again)
30087 1783914079.337104 recvfrom(100, 0x7fc3985d70, 3200, MSG_DONTWAIT, NULL, NULL) = -1 EAGAIN (Try again)
30197 1783914079.346303 sendmsg(177, {msg_name=NULL, msg_namelen=0, msg_iov=[{iov_base="l\1\1\1\374\0\0\0\300\1\0\0\235\0\0\0\1\1o\0;\0\0\0/re/frid"..., iov_len=428}], msg_iovlen=1, msg_controllen=0, msg_flags=0}, MSG_NOSIGNAL) = 428
30087 1783914079.354047 recvfrom(100, "nysv\0\0\0\0\0\0\0\0\0\0\0\0\236\333\207\236r\2\0\0\351r\2\0\0\0\0\0", 3200, MSG_DONTWAIT, NULL, NULL) = 32
30087 1783914079.354464 recvfrom(100, 0x7fc3986860, 3200, MSG_DONTWAIT, NULL, NULL) = -1 EAGAIN (Try again)
30087 1783914079.362850 recvfrom(100, 0x7fc3986760, 3200, MSG_DONTWAIT, NULL, NULL) = -1 EAGAIN (Try again)
30197 1783914079.369838 sendmsg(177, {msg_name=NULL, msg_namelen=0, msg_iov=[{iov_base="l\1\1\1\374\0\0\0\301\1\0\0\235\0\0\0\1\1o\0;\0\0\0/re/frid"..., iov_len=428}], msg_iovlen=1, msg_controllen=0, msg_flags=0}, MSG_NOSIGNAL) = 428
30087 1783914079.371149 recvfrom(100, "nysv\0\0\0\0\0\0\0\0\0\0\0\0\261\177\206\237r\2\0\0\352r\2\0\0\0\0\0", 3200, MSG_DONTWAIT, NULL, NULL) = 32
30087 1783914079.371334 recvfrom(100, 0x7fc3986860, 3200, MSG_DONTWAIT, NULL, NULL) = -1 EAGAIN (Try again)
30197 1783914079.375671 sendmsg(177, {msg_name=NULL, msg_namelen=0, msg_iov=[{iov_base="l\1\1\1\374\0\0\0\302\1\0\0\235\0\0\0\1\1o\0;\0\0\0/re/frid"..., iov_len=428}], msg_iovlen=1, msg_controllen=0, msg_flags=0}, MSG_NOSIGNAL) = 428
30197 1783914079.692961 sendmsg(177, {msg_name=NULL, msg_namelen=0, msg_iov=[{iov_base="l\1\1\1\374\0\0\0\303\1\0\0\235\0\0\0\1\1o\0;\0\0\0/re/frid"..., iov_len=428}], msg_iovlen=1, msg_controllen=0, msg_flags=0}, MSG_NOSIGNAL) = 428
30087 1783914079.694533 recvfrom(100, 0x7fc39862c0, 3200, MSG_DONTWAIT, NULL, NULL) = -1 EAGAIN (Try again)
30087 1783914079.703695 recvfrom(100, "nysv\0\0\0\0\0\0\0\0\0\0\0\0%\322d\263r\2\0\0\375r\2\0\0\0\0\0", 3200, MSG_DONTWAIT, NULL, NULL) = 32
30087 1783914079.703996 recvfrom(100, 0x7fc3986860, 3200, MSG_DONTWAIT, NULL, NULL) = -1 EAGAIN (Try again)
30087 1783914079.710284 recvfrom(121, 0x7d29777820, 2272, MSG_DONTWAIT, NULL, NULL) = -1 EAGAIN (Try again)
30087 1783914079.737414 recvfrom(100, 0x7fc3985d70, 3200, MSG_DONTWAIT, NULL, NULL) = -1 EAGAIN (Try again)
30197 1783914079.763283 sendmsg(177, {msg_name=NULL, msg_namelen=0, msg_iov=[{iov_base="l\1\1\1\374\0\0\0\304\1\0\0\235\0\0\0\1\1o\0;\0\0\0/re/frid"..., iov_len=428}], msg_iovlen=1, msg_controllen=0, msg_flags=0}, MSG_NOSIGNAL) = 428
30087 1783914079.767404 recvfrom(100, "nysv\0\0\0\0\0\0\0\0\0\0\0\0p\263`\266r\2\0\0\0s\2\0\200\0\0\0", 3200, MSG_DONTWAIT, NULL, NULL) = 32
30087 1783914079.767621 recvfrom(100, 0x7fc3986860, 3200, MSG_DONTWAIT, NULL, NULL) = -1 EAGAIN (Try again)
30087 1783914079.776451 recvfrom(100, 0x7fc3986760, 3200, MSG_DONTWAIT, NULL, NULL) = -1 EAGAIN (Try again)
30197 1783914079.793498 sendmsg(177, {msg_name=NULL, msg_namelen=0, msg_iov=[{iov_base="l\1\1\1\374\0\0\0\305\1\0\0\235\0\0\0\1\1o\0;\0\0\0/re/frid"..., iov_len=428}], msg_iovlen=1, msg_controllen=0, msg_flags=0}, MSG_NOSIGNAL) = 428
30087 1783914079.796581 recvfrom(100, "nysv\0\0\0\0\0\0\0\0\0\0\0\0\246:^\270r\2\0\0\2s\2\0\0\0\0\0", 3200, MSG_DONTWAIT, NULL, NULL) = 32
30087 1783914079.798476 recvfrom(100, 0x7fc3986860, 3200, MSG_DONTWAIT, NULL, NULL) = -1 EAGAIN (Try again)
30197 1783914079.814222 sendmsg(177, {msg_name=NULL, msg_namelen=0, msg_iov=[{iov_base="l\1\1\1\374\0\0\0\306\1\0\0\235\0\0\0\1\1o\0;\0\0\0/re/frid"..., iov_len=428}], msg_iovlen=1, msg_controllen=0, msg_flags=0}, MSG_NOSIGNAL) = 428
30197 1783914079.936479 sendmsg(177, {msg_name=NULL, msg_namelen=0, msg_iov=[{iov_base="l\1\1\1\374\0\0\0\307\1\0\0\235\0\0\0\1\1o\0;\0\0\0/re/frid"..., iov_len=428}], msg_iovlen=1, msg_controllen=0, msg_flags=0}, MSG_NOSIGNAL) = 428
30087 1783914079.942910 recvfrom(100, 0x7fc3985fd0, 3200, MSG_DONTWAIT, NULL, NULL) = -1 EAGAIN (Try again)
30087 1783914079.953569 recvfrom(100, "nysv\0\0\0\0\0\0\0\0\0\0\0\0\304\352N\302r\2\0\0\fs\2\0\0\0\0\0", 3200, MSG_DONTWAIT, NULL, NULL) = 32
30087 1783914079.954191 recvfrom(100, 0x7fc3986860, 3200, MSG_DONTWAIT, NULL, NULL) = -1 EAGAIN (Try again)
30087 1783914079.955179 recvfrom(121, 0x7d29777820, 2272, MSG_DONTWAIT, NULL, NULL) = -1 EAGAIN (Try again)
30087 1783914079.988444 recvfrom(100, 0x7fc3985d70, 3200, MSG_DONTWAIT, NULL, NULL) = -1 EAGAIN (Try again)
30197 1783914079.996980 sendmsg(177, {msg_name=NULL, msg_namelen=0, msg_iov=[{iov_base="l\1\1\1\374\0\0\0\310\1\0\0\235\0\0\0\1\1o\0;\0\0\0/re/frid"..., iov_len=428}], msg_iovlen=1, msg_controllen=0, msg_flags=0}, MSG_NOSIGNAL) = 428
30087 1783914080.004839 recvfrom(100, "nysv\0\0\0\0\0\0\0\0\0\0\0\0\311oJ\305r\2\0\0\17s\2\0\0\0\0\0", 3200, MSG_DONTWAIT, NULL, NULL) = 32
30087 1783914080.005227 recvfrom(100, 0x7fc3986860, 3200, MSG_DONTWAIT, NULL, NULL) = -1 EAGAIN (Try again)
30087 1783914080.014282 recvfrom(100, 0x7fc3986760, 3200, MSG_DONTWAIT, NULL, NULL) = -1 EAGAIN (Try again)
30197 1783914080.029838 sendmsg(177, {msg_name=NULL, msg_namelen=0, msg_iov=[{iov_base="l\1\1\1\374\0\0\0\311\1\0\0\235\0\0\0\1\1o\0;\0\0\0/re/frid"..., iov_len=428}], msg_iovlen=1, msg_controllen=0, msg_flags=0}, MSG_NOSIGNAL) = 428
30087 1783914080.031194 recvfrom(100, "nysv\0\0\0\0\0\0\0\0\0\0\0\0\366\367H\306r\2\0\0\20s\2\0\0\0\0\0", 3200, MSG_DONTWAIT, NULL, NULL) = 32
30087 1783914080.031383 recvfrom(100, 0x7fc3986860, 3200, MSG_DONTWAIT, NULL, NULL) = -1 EAGAIN (Try again)
30197 1783914080.036639 sendmsg(177, {msg_name=NULL, msg_namelen=0, msg_iov=[{iov_base="l\1\1\1\374\0\0\0\312\1\0\0\235\0\0\0\1\1o\0;\0\0\0/re/frid"..., iov_len=428}], msg_iovlen=1, msg_controllen=0, msg_flags=0}, MSG_NOSIGNAL) = 428
30087 1783914080.450040 recvfrom(100, 0x7fc3986420, 3200, MSG_DONTWAIT, NULL, NULL) = -1 EAGAIN (Try again)
30087 1783914080.452407 recvfrom(100, "nysv\0\0\0\0\0\0\0\0\0\0\0\0\16W\32\340r\2\0\0)s\2\0\0\0\0\0", 3200, MSG_DONTWAIT, NULL, NULL) = 32
30087 1783914080.452769 recvfrom(100, 0x7fc3986860, 3200, MSG_DONTWAIT, NULL, NULL) = -1 EAGAIN (Try again)
30087 1783914080.453391 recvfrom(121, 0x7d29777820, 2272, MSG_DONTWAIT, NULL, NULL) = -1 EAGAIN (Try again)
30087 1783914080.468045 recvfrom(100, 0x7fc3985d70, 3200, MSG_DONTWAIT, NULL, NULL) = -1 EAGAIN (Try again)
30197 1783914080.480186 sendmsg(177, {msg_name=NULL, msg_namelen=0, msg_iov=[{iov_base="l\1\1\1\374\0\0\0\313\1\0\0\235\0\0\0\1\1o\0;\0\0\0/re/frid"..., iov_len=428}], msg_iovlen=1, msg_controllen=0, msg_flags=0}, MSG_NOSIGNAL) = 428
30087 1783914080.480896 recvfrom(100, "nysv\0\0\0\0\0\0\0\0\0\0\0\0\321\356\30\341r\2\0\0*s\2\0\0\0\0\0", 3200, MSG_DONTWAIT, NULL, NULL) = 32
30087 1783914080.481070 recvfrom(100, 0x7fc3986860, 3200, MSG_DONTWAIT, NULL, NULL) = -1 EAGAIN (Try again)
30087 1783914080.482041 recvfrom(100, 0x7fc3986760, 3200, MSG_DONTWAIT, NULL, NULL) = -1 EAGAIN (Try again)
30087 1783914080.491929 recvfrom(100,  <unfinished ...>
30197 1783914080.492003 sendmsg(177, {msg_name=NULL, msg_namelen=0, msg_iov=[{iov_base="l\1\1\1\374\0\0\0\314\1\0\0\235\0\0\0\1\1o\0;\0\0\0/re/frid"..., iov_len=428}], msg_iovlen=1, msg_controllen=0, msg_flags=0}, MSG_NOSIGNAL <unfinished ...>
30087 1783914080.492032 <... recvfrom resumed> "nysv\0\0\0\0\0\0\0\0\0\0\0\0{S\27\342r\2\0\0+s\2\0\0\0\0\0", 3200, MSG_DONTWAIT, NULL, NULL) = 32
30197 1783914080.492286 <... sendmsg resumed> ) = 428
30087 1783914080.492291 recvfrom(100, 0x7fc3986860, 3200, MSG_DONTWAIT, NULL, NULL) = -1 EAGAIN (Try again)
30197 1783914080.497350 sendmsg(177, {msg_name=NULL, msg_namelen=0, msg_iov=[{iov_base="l\1\1\1\374\0\0\0\315\1\0\0\235\0\0\0\1\1o\0;\0\0\0/re/frid"..., iov_len=428}], msg_iovlen=1, msg_controllen=0, msg_flags=0}, MSG_NOSIGNAL) = 428
30197 1783914080.862136 sendmsg(177, {msg_name=NULL, msg_namelen=0, msg_iov=[{iov_base="l\1\1\1\374\0\0\0\316\1\0\0\235\0\0\0\1\1o\0;\0\0\0/re/frid"..., iov_len=428}], msg_iovlen=1, msg_controllen=0, msg_flags=0}, MSG_NOSIGNAL) = 428
30087 1783914080.953424 recvfrom(100, 0x7fc3986420, 3200, MSG_DONTWAIT, NULL, NULL) = -1 EAGAIN (Try again)
30087 1783914080.971570 recvfrom(100, "nysv\0\0\0\0\0\0\0\0\0\0\0\0_\245\346\376r\2\0\0Hs\2\0\0\0\0\0", 3200, MSG_DONTWAIT, NULL, NULL) = 32
30087 1783914080.971762 recvfrom(100, 0x7fc3986860, 3200, MSG_DONTWAIT, NULL, NULL) = -1 EAGAIN (Try again)
30087 1783914080.972070 recvfrom(121, 0x7d29777820, 2272, MSG_DONTWAIT, NULL, NULL) = -1 EAGAIN (Try again)
30087 1783914080.981043 recvfrom(100, 0x7fc3985d70, 3200, MSG_DONTWAIT, NULL, NULL) = -1 EAGAIN (Try again)
30197 1783914080.986498 sendmsg(177, {msg_name=NULL, msg_namelen=0, msg_iov=[{iov_base="l\1\1\1\374\0\0\0\317\1\0\0\235\0\0\0\1\1o\0;\0\0\0/re/frid"..., iov_len=428}], msg_iovlen=1, msg_controllen=0, msg_flags=0}, MSG_NOSIGNAL) = 428
30087 1783914080.992074 recvfrom(100, "nysv\0\0\0\0\0\0\0\0\0\0\0\0\243\177\345\377r\2\0\0Is\2\0\0\0\0\0", 3200, MSG_DONTWAIT, NULL, NULL) = 32
30087 1783914080.992248 recvfrom(100, 0x7fc3986860, 3200, MSG_DONTWAIT, NULL, NULL) = -1 EAGAIN (Try again)
30087 1783914080.993360 recvfrom(100, 0x7fc3986760, 3200, MSG_DONTWAIT, NULL, NULL) = -1 EAGAIN (Try again)
30197 1783914080.998722 sendmsg(177, {msg_name=NULL, msg_namelen=0, msg_iov=[{iov_base="l\1\1\1\374\0\0\0\320\1\0\0\235\0\0\0\1\1o\0;\0\0\0/re/frid"..., iov_len=428}], msg_iovlen=1, msg_controllen=0, msg_flags=0}, MSG_NOSIGNAL) = 428
30087 1783914081.003794 recvfrom(100, "nysv\0\0\0\0\0\0\0\0\0\0\0\0y\302\343\0s\2\0\0Js\2\0\0\0\0\0", 3200, MSG_DONTWAIT, NULL, NULL) = 32
30087 1783914081.003952 recvfrom(100, 0x7fc3986860, 3200, MSG_DONTWAIT, NULL, NULL) = -1 EAGAIN (Try again)
30197 1783914081.008893 sendmsg(177, {msg_name=NULL, msg_namelen=0, msg_iov=[{iov_base="l\1\1\1\374\0\0\0\321\1\0\0\235\0\0\0\1\1o\0;\0\0\0/re/frid"..., iov_len=428}], msg_iovlen=1, msg_controllen=0, msg_flags=0}, MSG_NOSIGNAL) = 428
30087 1783914081.455887 recvfrom(100, 0x7fc3986420, 3200, MSG_DONTWAIT, NULL, NULL) = -1 EAGAIN (Try again)
30087 1783914081.471564 recvfrom(100, "nysv\0\0\0\0\0\0\0\0\0\0\0\0S\v\261\34s\2\0\0fs\2\0\0\0\0\0", 3200, MSG_DONTWAIT, NULL, NULL) = 32
30087 1783914081.472467 recvfrom(100, 0x7fc3986860, 3200, MSG_DONTWAIT, NULL, NULL) = -1 EAGAIN (Try again)
30087 1783914081.473284 recvfrom(121, 0x7d29777820, 2272, MSG_DONTWAIT, NULL, NULL) = -1 EAGAIN (Try again)
30087 1783914081.493271 recvfrom(100, 0x7fc3985d70, 3200, MSG_DONTWAIT, NULL, NULL) = -1 EAGAIN (Try again)
30197 1783914081.501806 sendmsg(177, {msg_name=NULL, msg_namelen=0, msg_iov=[{iov_base="l\1\1\1\374\0\0\0\322\1\0\0\235\0\0\0\1\1o\0;\0\0\0/re/frid"..., iov_len=428}], msg_iovlen=1, msg_controllen=0, msg_flags=0}, MSG_NOSIGNAL) = 428
30087 1783914081.508499 recvfrom(100, "nysv\0\0\0\0\0\0\0\0\0\0\0\0s7\256\36s\2\0\0hs\2\0\0\0\0\0", 3200, MSG_DONTWAIT, NULL, NULL) = 32
30087 1783914081.508929 recvfrom(100, 0x7fc3986860, 3200, MSG_DONTWAIT, NULL, NULL) = -1 EAGAIN (Try again)
30087 1783914081.511221 recvfrom(100, 0x7fc3986760, 3200, MSG_DONTWAIT, NULL, NULL) = -1 EAGAIN (Try again)
30197 1783914081.525359 sendmsg(177, {msg_name=NULL, msg_namelen=0, msg_iov=[{iov_base="l\1\1\1\374\0\0\0\323\1\0\0\235\0\0\0\1\1o\0;\0\0\0/re/frid"..., iov_len=428}], msg_iovlen=1, msg_controllen=0, msg_flags=0}, MSG_NOSIGNAL <unfinished ...>
30087 1783914081.525388 recvfrom(100,  <unfinished ...>
30197 1783914081.525544 <... sendmsg resumed> ) = 428
30087 1783914081.525553 <... recvfrom resumed> "nysv\0\0\0\0\0\0\0\0\0\0\0\0003\332\254\37s\2\0\0is\2\0\0\0\0\0", 3200, MSG_DONTWAIT, NULL, NULL) = 32
30087 1783914081.525700 recvfrom(100, 0x7fc3986860, 3200, MSG_DONTWAIT, NULL, NULL) = -1 EAGAIN (Try again)
30197 1783914081.531097 sendmsg(177, {msg_name=NULL, msg_namelen=0, msg_iov=[{iov_base="l\1\1\1\374\0\0\0\324\1\0\0\235\0\0\0\1\1o\0;\0\0\0/re/frid"..., iov_len=428}], msg_iovlen=1, msg_controllen=0, msg_flags=0}, MSG_NOSIGNAL) = 428
30197 1783914081.880049 sendmsg(177, {msg_name=NULL, msg_namelen=0, msg_iov=[{iov_base="l\1\1\1\374\0\0\0\325\1\0\0\235\0\0\0\1\1o\0;\0\0\0/re/frid"..., iov_len=428}], msg_iovlen=1, msg_controllen=0, msg_flags=0}, MSG_NOSIGNAL) = 428
30197 1783914081.894130 sendmsg(177, {msg_name=NULL, msg_namelen=0, msg_iov=[{iov_base="l\1\1\1\374\0\0\0\326\1\0\0\235\0\0\0\1\1o\0;\0\0\0/re/frid"..., iov_len=428}], msg_iovlen=1, msg_controllen=0, msg_flags=0}, MSG_NOSIGNAL) = 428
30197 1783914081.903480 sendmsg(177, {msg_name=NULL, msg_namelen=0, msg_iov=[{iov_base="l\1\1\1\374\0\0\0\327\1\0\0\235\0\0\0\1\1o\0;\0\0\0/re/frid"..., iov_len=428}], msg_iovlen=1, msg_controllen=0, msg_flags=0}, MSG_NOSIGNAL) = 428
30185 1783914081.960293 exit(0)         = ?
30185 1783914081.960333 +++ exited with 0 +++
30087 1783914081.961700 recvfrom(100, 0x7fc3986420, 3200, MSG_DONTWAIT, NULL, NULL) = -1 EAGAIN (Try again)
30183 1783914081.966705 exit(0)         = ?
30183 1783914081.966778 +++ exited with 0 +++
30087 1783914081.969384 recvfrom(100, "nysv\0\0\0\0\0\0\0\0\0\0\0\0v\362~:s\2\0\0\204s\2\0\0\0\0\0", 3200, MSG_DONTWAIT, NULL, NULL) = 32
30087 1783914081.969640 recvfrom(100, 0x7fc3986860, 3200, MSG_DONTWAIT, NULL, NULL) = -1 EAGAIN (Try again)
30087 1783914081.969981 recvfrom(121, 0x7d29777820, 2272, MSG_DONTWAIT, NULL, NULL) = -1 EAGAIN (Try again)
30087 1783914081.981173 recvfrom(100, 0x7fc3985d70, 3200, MSG_DONTWAIT, NULL, NULL) = -1 EAGAIN (Try again)
30197 1783914081.993074 sendmsg(177, {msg_name=NULL, msg_namelen=0, msg_iov=[{iov_base="l\1\1\1\374\0\0\0\330\1\0\0\235\0\0\0\1\1o\0;\0\0\0/re/frid"..., iov_len=428}], msg_iovlen=1, msg_controllen=0, msg_flags=0}, MSG_NOSIGNAL) = 428
30087 1783914081.994362 recvfrom(100, "nysv\0\0\0\0\0\0\0\0\0\0\0\0n\207};s\2\0\0\205s\2\0\0\0\0\0", 3200, MSG_DONTWAIT, NULL, NULL) = 32
30087 1783914081.994592 recvfrom(100, 0x7fc3986860, 3200, MSG_DONTWAIT, NULL, NULL) = -1 EAGAIN (Try again)
30087 1783914081.995568 recvfrom(100, 0x7fc3986760, 3200, MSG_DONTWAIT, NULL, NULL) = -1 EAGAIN (Try again)
30197 1783914082.000404 sendmsg(177, {msg_name=NULL, msg_namelen=0, msg_iov=[{iov_base="l\1\1\1\374\0\0\0\331\1\0\0\235\0\0\0\1\1o\0;\0\0\0/re/frid"..., iov_len=428}], msg_iovlen=1, msg_controllen=0, msg_flags=0}, MSG_NOSIGNAL) = 428
30087 1783914082.002747 recvfrom(100, "nysv\0\0\0\0\0\0\0\0\0\0\0\0I\25|<s\2\0\0\206s\2\0\0\0\0\0", 3200, MSG_DONTWAIT, NULL, NULL) = 32
30087 1783914082.002897 recvfrom(100, 0x7fc3986860, 3200, MSG_DONTWAIT, NULL, NULL) = -1 EAGAIN (Try again)
30197 1783914082.007885 sendmsg(177, {msg_name=NULL, msg_namelen=0, msg_iov=[{iov_base="l\1\1\1\374\0\0\0\332\1\0\0\235\0\0\0\1\1o\0;\0\0\0/re/frid"..., iov_len=428}], msg_iovlen=1, msg_controllen=0, msg_flags=0}, MSG_NOSIGNAL) = 428
30194 1783914082.021193 faccessat(AT_FDCWD, "/proc/self/task/30183", F_OK) = -1 ENOENT (No such file or directory)
30087 1783914082.465254 recvfrom(100, 0x7fc3986420, 3200, MSG_DONTWAIT, NULL, NULL) = -1 EAGAIN (Try again)
30087 1783914082.469560 recvfrom(100, "nysv\0\0\0\0\0\0\0\0\0\0\0\0h\17LXs\2\0\0\242s\2\0\0\0\0\0", 3200, MSG_DONTWAIT, NULL, NULL) = 32
30087 1783914082.469933 recvfrom(100, 0x7fc3986860, 3200, MSG_DONTWAIT, NULL, NULL) = -1 EAGAIN (Try again)
30087 1783914082.470564 recvfrom(121, 0x7d29777820, 2272, MSG_DONTWAIT, NULL, NULL) = -1 EAGAIN (Try again)
30087 1783914082.488762 recvfrom(100, 0x7fc3985d70, 3200, MSG_DONTWAIT, NULL, NULL) = -1 EAGAIN (Try again)
30197 1783914082.499185 sendmsg(177, {msg_name=NULL, msg_namelen=0, msg_iov=[{iov_base="l\1\1\1\374\0\0\0\333\1\0\0\235\0\0\0\1\1o\0;\0\0\0/re/frid"..., iov_len=428}], msg_iovlen=1, msg_controllen=0, msg_flags=0}, MSG_NOSIGNAL) = 428
30087 1783914082.503312 recvfrom(100, "nysv\0\0\0\0\0\0\0\0\0\0\0\0\37'IZs\2\0\0\244s\2\0\0\0\0\0", 3200, MSG_DONTWAIT, NULL, NULL) = 32
30087 1783914082.504011 recvfrom(100, 0x7fc3986860, 3200, MSG_DONTWAIT, NULL, NULL) = -1 EAGAIN (Try again)
30087 1783914082.510837 recvfrom(100, 0x7fc3986760, 3200, MSG_DONTWAIT, NULL, NULL) = -1 EAGAIN (Try again)
30197 1783914082.518001 sendmsg(177, {msg_name=NULL, msg_namelen=0, msg_iov=[{iov_base="l\1\1\1\374\0\0\0\334\1\0\0\235\0\0\0\1\1o\0;\0\0\0/re/frid"..., iov_len=428}], msg_iovlen=1, msg_controllen=0, msg_flags=0}, MSG_NOSIGNAL) = 428
30087 1783914082.519669 recvfrom(100, "nysv\0\0\0\0\0\0\0\0\0\0\0\0\202\300G[s\2\0\0\245s\2\0\0\0\0\0", 3200, MSG_DONTWAIT, NULL, NULL) = 32
30087 1783914082.519854 recvfrom(100, 0x7fc3986860, 3200, MSG_DONTWAIT, NULL, NULL) = -1 EAGAIN (Try again)
30197 1783914082.525398 sendmsg(177, {msg_name=NULL, msg_namelen=0, msg_iov=[{iov_base="l\1\1\1\374\0\0\0\335\1\0\0\235\0\0\0\1\1o\0;\0\0\0/re/frid"..., iov_len=428}], msg_iovlen=1, msg_controllen=0, msg_flags=0}, MSG_NOSIGNAL) = 428
30144 1783914082.926436 recvmsg(104, {msg_name=NULL, msg_namelen=0, msg_iov=[{iov_base="\260\4\0\0\0\0\0\0\5\0\0\0\0\0\0\0\0\0\0\0\0\0\0\0A\"\325\7+\373\275\226"..., iov_len=4096}], msg_iovlen=1, msg_controllen=0, msg_flags=0}, MSG_DONTWAIT) = 1200
30087 1783914082.973799 recvfrom(100, 0x7fc3986420, 3200, MSG_DONTWAIT, NULL, NULL) = -1 EAGAIN (Try again)
30087 1783914082.990505 recvfrom(100, "nysv\0\0\0\0\0\0\0\0\0\0\0\0A\212\27ws\2\0\0\300s\2\0\0\0\0\0", 3200, MSG_DONTWAIT, NULL, NULL) = 32
30087 1783914082.991220 recvfrom(100, 0x7fc3986860, 3200, MSG_DONTWAIT, NULL, NULL) = -1 EAGAIN (Try again)
30087 1783914082.992441 recvfrom(121, 0x7d29777820, 2272, MSG_DONTWAIT, NULL, NULL) = -1 EAGAIN (Try again)
30087 1783914083.011383 recvfrom(100, 0x7fc3985d70, 3200, MSG_DONTWAIT, NULL, NULL) = -1 EAGAIN (Try again)
30197 1783914083.020547 sendmsg(177, {msg_name=NULL, msg_namelen=0, msg_iov=[{iov_base="l\1\1\1\374\0\0\0\336\1\0\0\235\0\0\0\1\1o\0;\0\0\0/re/frid"..., iov_len=428}], msg_iovlen=1, msg_controllen=0, msg_flags=0}, MSG_NOSIGNAL) = 428
30087 1783914083.027889 recvfrom(100, "nysv\0\0\0\0\0\0\0\0\0\0\0\0\7\317\24ys\2\0\0\302s\2\0\0\0\0\0", 3200, MSG_DONTWAIT, NULL, NULL) = 32
30087 1783914083.028251 recvfrom(100, 0x7fc3986860, 3200, MSG_DONTWAIT, NULL, NULL) = -1 EAGAIN (Try again)
30087 1783914083.030543 recvfrom(100, 0x7fc3986760, 3200, MSG_DONTWAIT, NULL, NULL) = -1 EAGAIN (Try again)
30197 1783914083.042846 sendmsg(177, {msg_name=NULL, msg_namelen=0, msg_iov=[{iov_base="l\1\1\1\374\0\0\0\337\1\0\0\235\0\0\0\1\1o\0;\0\0\0/re/frid"..., iov_len=428}], msg_iovlen=1, msg_controllen=0, msg_flags=0}, MSG_NOSIGNAL) = 428
30087 1783914083.044228 recvfrom(100, "nysv\0\0\0\0\0\0\0\0\0\0\0\0\273O\23zs\2\0\0\303s\2\0\0\0\0\0", 3200, MSG_DONTWAIT, NULL, NULL) = 32
30087 1783914083.044431 recvfrom(100, 0x7fc3986860, 3200, MSG_DONTWAIT, NULL, NULL) = -1 EAGAIN (Try again)
30197 1783914083.050218 sendmsg(177, {msg_name=NULL, msg_namelen=0, msg_iov=[{iov_base="l\1\1\1\374\0\0\0\340\1\0\0\235\0\0\0\1\1o\0;\0\0\0/re/frid"..., iov_len=428}], msg_iovlen=1, msg_controllen=0, msg_flags=0}, MSG_NOSIGNAL) = 428
30087 1783914083.478395 recvfrom(100, 0x7fc3986420, 3200, MSG_DONTWAIT, NULL, NULL) = -1 EAGAIN (Try again)
30087 1783914083.486924 recvfrom(100, "nysv\0\0\0\0\0\0\0\0\0\0\0\0\27\32\345\224s\2\0\0\334s\2\0\0\0\0\0", 3200, MSG_DONTWAIT, NULL, NULL) = 32
30087 1783914083.487357 recvfrom(100, 0x7fc3986860, 3200, MSG_DONTWAIT, NULL, NULL) = -1 EAGAIN (Try again)
30087 1783914083.488111 recvfrom(121, 0x7d29777820, 2272, MSG_DONTWAIT, NULL, NULL) = -1 EAGAIN (Try again)
30087 1783914083.506122 recvfrom(100, 0x7fc3985d70, 3200, MSG_DONTWAIT, NULL, NULL) = -1 EAGAIN (Try again)
30197 1783914083.514720 sendmsg(177, {msg_name=NULL, msg_namelen=0, msg_iov=[{iov_base="l\1\1\1\374\0\0\0\341\1\0\0\235\0\0\0\1\1o\0;\0\0\0/re/frid"..., iov_len=428}], msg_iovlen=1, msg_controllen=0, msg_flags=0}, MSG_NOSIGNAL) = 428
30087 1783914083.520941 recvfrom(100, "nysv\0\0\0\0\0\0\0\0\0\0\0\0\2\20\342\226s\2\0\0\336s\2\0\0\0\0\0", 3200, MSG_DONTWAIT, NULL, NULL) = 32
30087 1783914083.521179 recvfrom(100, 0x7fc3986860, 3200, MSG_DONTWAIT, NULL, NULL) = -1 EAGAIN (Try again)
30087 1783914083.529319 recvfrom(100, 0x7fc3986760, 3200, MSG_DONTWAIT, NULL, NULL) = -1 EAGAIN (Try again)
30197 1783914083.536161 sendmsg(177, {msg_name=NULL, msg_namelen=0, msg_iov=[{iov_base="l\1\1\1\374\0\0\0\342\1\0\0\235\0\0\0\1\1o\0;\0\0\0/re/frid"..., iov_len=428}], msg_iovlen=1, msg_controllen=0, msg_flags=0}, MSG_NOSIGNAL) = 428
30087 1783914083.537185 recvfrom(100, "nysv\0\0\0\0\0\0\0\0\0\0\0\0}\253\340\227s\2\0\0\337s\2\0\0\0\0\0", 3200, MSG_DONTWAIT, NULL, NULL) = 32
30087 1783914083.537374 recvfrom(100, 0x7fc3986860, 3200, MSG_DONTWAIT, NULL, NULL) = -1 EAGAIN (Try again)
30197 1783914083.543141 sendmsg(177, {msg_name=NULL, msg_namelen=0, msg_iov=[{iov_base="l\1\1\1\374\0\0\0\343\1\0\0\235\0\0\0\1\1o\0;\0\0\0/re/frid"..., iov_len=428}], msg_iovlen=1, msg_controllen=0, msg_flags=0}, MSG_NOSIGNAL) = 428
30087 1783914083.981804 recvfrom(100, 0x7fc3986420, 3200, MSG_DONTWAIT, NULL, NULL) = -1 EAGAIN (Try again)
30087 1783914083.985871 recvfrom(100, "nysv\0\0\0\0\0\0\0\0\0\0\0\0\212\240\262\262s\2\0\0\372s\2\0\0\0\0\0", 3200, MSG_DONTWAIT, NULL, NULL) = 32
30087 1783914083.986279 recvfrom(100, 0x7fc3986860, 3200, MSG_DONTWAIT, NULL, NULL) = -1 EAGAIN (Try again)
30087 1783914083.986981 recvfrom(121, 0x7d29777820, 2272, MSG_DONTWAIT, NULL, NULL) = -1 EAGAIN (Try again)
30087 1783914084.005461 recvfrom(100, 0x7fc3985d70, 3200, MSG_DONTWAIT, NULL, NULL) = -1 EAGAIN (Try again)
30197 1783914084.014185 sendmsg(177, {msg_name=NULL, msg_namelen=0, msg_iov=[{iov_base="l\1\1\1\374\0\0\0\344\1\0\0\235\0\0\0\1\1o\0;\0\0\0/re/frid"..., iov_len=428}], msg_iovlen=1, msg_controllen=0, msg_flags=0}, MSG_NOSIGNAL) = 428
30087 1783914084.020485 recvfrom(100, "nysv\0\0\0\0\0\0\0\0\0\0\0\0\271H\257\264s\2\0\0\374s\2\0\0\0\0\0", 3200, MSG_DONTWAIT, NULL, NULL) = 32
30087 1783914084.021115 recvfrom(100, 0x7fc3986860, 3200, MSG_DONTWAIT, NULL, NULL) = -1 EAGAIN (Try again)
30087 1783914084.030137 recvfrom(100, 0x7fc3986760, 3200, MSG_DONTWAIT, NULL, NULL) = -1 EAGAIN (Try again)
30197 1783914084.036831 sendmsg(177, {msg_name=NULL, msg_namelen=0, msg_iov=[{iov_base="l\1\1\1\374\0\0\0\345\1\0\0\235\0\0\0\1\1o\0;\0\0\0/re/frid"..., iov_len=428}], msg_iovlen=1, msg_controllen=0, msg_flags=0}, MSG_NOSIGNAL) = 428
30087 1783914084.038081 recvfrom(100, "nysv\0\0\0\0\0\0\0\0\0\0\0\0\320\355\255\265s\2\0\0\375s\2\0\0\0\0\0", 3200, MSG_DONTWAIT, NULL, NULL) = 32
30087 1783914084.038260 recvfrom(100, 0x7fc3986860, 3200, MSG_DONTWAIT, NULL, NULL) = -1 EAGAIN (Try again)
30197 1783914084.043799 sendmsg(177, {msg_name=NULL, msg_namelen=0, msg_iov=[{iov_base="l\1\1\1\374\0\0\0\346\1\0\0\235\0\0\0\1\1o\0;\0\0\0/re/frid"..., iov_len=428}], msg_iovlen=1, msg_controllen=0, msg_flags=0}, MSG_NOSIGNAL) = 428
30087 1783914084.490599 recvfrom(100, 0x7fc3986420, 3200, MSG_DONTWAIT, NULL, NULL) = -1 EAGAIN (Try again)
30087 1783914084.506632 recvfrom(100, "nysv\0\0\0\0\0\0\0\0\0\0\0\0/\t~\321s\2\0\0\30t\2\0\0\0\0\0", 3200, MSG_DONTWAIT, NULL, NULL) = 32
30087 1783914084.507341 recvfrom(100, 0x7fc3986860, 3200, MSG_DONTWAIT, NULL, NULL) = -1 EAGAIN (Try again)
30087 1783914084.508127 recvfrom(121, 0x7d29777820, 2272, MSG_DONTWAIT, NULL, NULL) = -1 EAGAIN (Try again)
30087 1783914084.526561 recvfrom(100, 0x7fc3985d70, 3200, MSG_DONTWAIT, NULL, NULL) = -1 EAGAIN (Try again)
30197 1783914084.543874 sendmsg(177, {msg_name=NULL, msg_namelen=0, msg_iov=[{iov_base="l\1\1\1\374\0\0\0\347\1\0\0\235\0\0\0\1\1o\0;\0\0\0/re/frid"..., iov_len=428}], msg_iovlen=1, msg_controllen=0, msg_flags=0}, MSG_NOSIGNAL) = 428
30087 1783914084.544890 recvfrom(100, "nysv\0\0\0\0\0\0\0\0\0\0\0\0\344\35{\323s\2\0\0\32t\2\0\0\0\0\0", 3200, MSG_DONTWAIT, NULL, NULL) = 32
30087 1783914084.545128 recvfrom(100, 0x7fc3986860, 3200, MSG_DONTWAIT, NULL, NULL) = -1 EAGAIN (Try again)
30087 1783914084.546775 recvfrom(100, 0x7fc3986760, 3200, MSG_DONTWAIT, NULL, NULL) = -1 EAGAIN (Try again)
30087 1783914084.554486 recvfrom(100,  <unfinished ...>
30197 1783914084.554642 sendmsg(177, {msg_name=NULL, msg_namelen=0, msg_iov=[{iov_base="l\1\1\1\374\0\0\0\350\1\0\0\235\0\0\0\1\1o\0;\0\0\0/re/frid"..., iov_len=428}], msg_iovlen=1, msg_controllen=0, msg_flags=0}, MSG_NOSIGNAL <unfinished ...>
30087 1783914084.554668 <... recvfrom resumed> "nysv\0\0\0\0\0\0\0\0\0\0\0\0\216\302y\324s\2\0\0\33t\2\0\0\0\0\0", 3200, MSG_DONTWAIT, NULL, NULL) = 32
30197 1783914084.554819 <... sendmsg resumed> ) = 428
30087 1783914084.554835 recvfrom(100, 0x7fc3986860, 3200, MSG_DONTWAIT, NULL, NULL) = -1 EAGAIN (Try again)
30197 1783914084.560929 sendmsg(177, {msg_name=NULL, msg_namelen=0, msg_iov=[{iov_base="l\1\1\1\374\0\0\0\351\1\0\0\235\0\0\0\1\1o\0;\0\0\0/re/frid"..., iov_len=428}], msg_iovlen=1, msg_controllen=0, msg_flags=0}, MSG_NOSIGNAL) = 428
30087 1783914084.994152 recvfrom(100, 0x7fc3986420, 3200, MSG_DONTWAIT, NULL, NULL) = -1 EAGAIN (Try again)
30087 1783914085.005299 recvfrom(100, "nysv\0\0\0\0\0\0\0\0\0\0\0\0\33nK\357s\2\0\0006t\2\0\0\0\0\0", 3200, MSG_DONTWAIT, NULL, NULL) = 32
30087 1783914085.005613 recvfrom(100, 0x7fc3986860, 3200, MSG_DONTWAIT, NULL, NULL) = -1 EAGAIN (Try again)
30087 1783914085.006215 recvfrom(121, 0x7d29777820, 2272, MSG_DONTWAIT, NULL, NULL) = -1 EAGAIN (Try again)
30087 1783914085.022151 recvfrom(100, 0x7fc3985d70, 3200, MSG_DONTWAIT, NULL, NULL) = -1 EAGAIN (Try again)
30197 1783914085.030026 sendmsg(177, {msg_name=NULL, msg_namelen=0, msg_iov=[{iov_base="l\1\1\1\374\0\0\0\352\1\0\0\235\0\0\0\1\1o\0;\0\0\0/re/frid"..., iov_len=428}], msg_iovlen=1, msg_controllen=0, msg_flags=0}, MSG_NOSIGNAL) = 428
30087 1783914085.037717 recvfrom(100, "nysv\0\0\0\0\0\0\0\0\0\0\0\0o\16H\361s\2\0\08t\2\0\0\0\0\0", 3200, MSG_DONTWAIT, NULL, NULL) = 32
30087 1783914085.038097 recvfrom(100, 0x7fc3986860, 3200, MSG_DONTWAIT, NULL, NULL) = -1 EAGAIN (Try again)
30087 1783914085.045711 recvfrom(100, 0x7fc3986760, 3200, MSG_DONTWAIT, NULL, NULL) = -1 EAGAIN (Try again)
30197 1783914085.053224 sendmsg(177, {msg_name=NULL, msg_namelen=0, msg_iov=[{iov_base="l\1\1\1\374\0\0\0\353\1\0\0\235\0\0\0\1\1o\0;\0\0\0/re/frid"..., iov_len=428}], msg_iovlen=1, msg_controllen=0, msg_flags=0}, MSG_NOSIGNAL) = 428
30087 1783914085.054117 recvfrom(100, "nysv\0\0\0\0\0\0\0\0\0\0\0\0\203\263F\362s\2\0\09t\2\0\0\0\0\0", 3200, MSG_DONTWAIT, NULL, NULL) = 32
30087 1783914085.054310 recvfrom(100, 0x7fc3986860, 3200, MSG_DONTWAIT, NULL, NULL) = -1 EAGAIN (Try again)
30197 1783914085.059818 sendmsg(177, {msg_name=NULL, msg_namelen=0, msg_iov=[{iov_base="l\1\1\1\374\0\0\0\354\1\0\0\235\0\0\0\1\1o\0;\0\0\0/re/frid"..., iov_len=428}], msg_iovlen=1, msg_controllen=0, msg_flags=0}, MSG_NOSIGNAL) = 428
30087 1783914085.498814 recvfrom(100, 0x7fc3986420, 3200, MSG_DONTWAIT, NULL, NULL) = -1 EAGAIN (Try again)
30087 1783914085.502886 recvfrom(100, "nysv\0\0\0\0\0\0\0\0\0\0\0\0\276\v\31\rt\2\0\0Tt\2\0\0\0\0\0", 3200, MSG_DONTWAIT, NULL, NULL) = 32
30087 1783914085.503265 recvfrom(100, 0x7fc3986860, 3200, MSG_DONTWAIT, NULL, NULL) = -1 EAGAIN (Try again)
30087 1783914085.503926 recvfrom(121, 0x7d29777820, 2272, MSG_DONTWAIT, NULL, NULL) = -1 EAGAIN (Try again)
30087 1783914085.523043 recvfrom(100, 0x7fc3985d70, 3200, MSG_DONTWAIT, NULL, NULL) = -1 EAGAIN (Try again)
30197 1783914085.532511 sendmsg(177, {msg_name=NULL, msg_namelen=0, msg_iov=[{iov_base="l\1\1\1\374\0\0\0\355\1\0\0\235\0\0\0\1\1o\0;\0\0\0/re/frid"..., iov_len=428}], msg_iovlen=1, msg_controllen=0, msg_flags=0}, MSG_NOSIGNAL) = 428
30087 1783914085.536546 recvfrom(100, "nysv\0\0\0\0\0\0\0\0\0\0\0\0\316\231\25\17t\2\0\0Vt\2\0\0\0\0\0", 3200, MSG_DONTWAIT, NULL, NULL) = 32
30087 1783914085.537202 recvfrom(100, 0x7fc3986860, 3200, MSG_DONTWAIT, NULL, NULL) = -1 EAGAIN (Try again)
30087 1783914085.543981 recvfrom(100, 0x7fc3986760, 3200, MSG_DONTWAIT, NULL, NULL) = -1 EAGAIN (Try again)
30197 1783914085.552409 sendmsg(177, {msg_name=NULL, msg_namelen=0, msg_iov=[{iov_base="l\1\1\1\374\0\0\0\356\1\0\0\235\0\0\0\1\1o\0;\0\0\0/re/frid"..., iov_len=428}], msg_iovlen=1, msg_controllen=0, msg_flags=0}, MSG_NOSIGNAL) = 428
30087 1783914085.552604 recvfrom(100, "nysv\0\0\0\0\0\0\0\0\0\0\0\0-;\24\20t\2\0\0Wt\2\0\0\0\0\0", 3200, MSG_DONTWAIT, NULL, NULL) = 32
30087 1783914085.552927 recvfrom(100, 0x7fc3986860, 3200, MSG_DONTWAIT, NULL, NULL) = -1 EAGAIN (Try again)
30197 1783914085.558588 sendmsg(177, {msg_name=NULL, msg_namelen=0, msg_iov=[{iov_base="l\1\1\1\374\0\0\0\357\1\0\0\235\0\0\0\1\1o\0;\0\0\0/re/frid"..., iov_len=428}], msg_iovlen=1, msg_controllen=0, msg_flags=0}, MSG_NOSIGNAL) = 428
30087 1783914086.004996 recvfrom(100, 0x7fc3986420, 3200, MSG_DONTWAIT, NULL, NULL) = -1 EAGAIN (Try again)
30087 1783914086.021190 recvfrom(100, "nysv\0\0\0\0\0\0\0\0\0\0\0\0\35\210\344+t\2\0\0st\2\0\0\0\0\0", 3200, MSG_DONTWAIT, NULL, NULL) = 32
30087 1783914086.021879 recvfrom(100, 0x7fc3986860, 3200, MSG_DONTWAIT, NULL, NULL) = -1 EAGAIN (Try again)
30087 1783914086.022603 recvfrom(121, 0x7d29777820, 2272, MSG_DONTWAIT, NULL, NULL) = -1 EAGAIN (Try again)
30087 1783914086.040976 recvfrom(100, 0x7fc3985d70, 3200, MSG_DONTWAIT, NULL, NULL) = -1 EAGAIN (Try again)
30197 1783914086.049338 sendmsg(177, {msg_name=NULL, msg_namelen=0, msg_iov=[{iov_base="l\1\1\1\374\0\0\0\360\1\0\0\235\0\0\0\1\1o\0;\0\0\0/re/frid"..., iov_len=428}], msg_iovlen=1, msg_controllen=0, msg_flags=0}, MSG_NOSIGNAL) = 428
30087 1783914086.052606 recvfrom(100, "nysv\0\0\0\0\0\0\0\0\0\0\0\0\260k\341-t\2\0\0ut\2\0\0\0\0\0", 3200, MSG_DONTWAIT, NULL, NULL) = 32
30087 1783914086.053214 recvfrom(100, 0x7fc3986860, 3200, MSG_DONTWAIT, NULL, NULL) = -1 EAGAIN (Try again)
30087 1783914086.059362 recvfrom(100, 0x7fc3986760, 3200, MSG_DONTWAIT, NULL, NULL) = -1 EAGAIN (Try again)
30197 1783914086.066893 sendmsg(177, {msg_name=NULL, msg_namelen=0, msg_iov=[{iov_base="l\1\1\1\374\0\0\0\361\1\0\0\235\0\0\0\1\1o\0;\0\0\0/re/frid"..., iov_len=428}], msg_iovlen=1, msg_controllen=0, msg_flags=0}, MSG_NOSIGNAL) = 428
30087 1783914086.068814 recvfrom(100, "nysv\0\0\0\0\0\0\0\0\0\0\0\0?\v\340.t\2\0\0vt\2\0\0\0\0\0", 3200, MSG_DONTWAIT, NULL, NULL) = 32
30087 1783914086.069123 recvfrom(100, 0x7fc3986860, 3200, MSG_DONTWAIT, NULL, NULL) = -1 EAGAIN (Try again)
30197 1783914086.075003 sendmsg(177, {msg_name=NULL, msg_namelen=0, msg_iov=[{iov_base="l\1\1\1\374\0\0\0\362\1\0\0\235\0\0\0\1\1o\0;\0\0\0/re/frid"..., iov_len=428}], msg_iovlen=1, msg_controllen=0, msg_flags=0}, MSG_NOSIGNAL) = 428
30087 1783914086.509881 recvfrom(100, 0x7fc3986420, 3200, MSG_DONTWAIT, NULL, NULL) = -1 EAGAIN (Try again)
30087 1783914086.521964 recvfrom(100, "nysv\0\0\0\0\0\0\0\0\0\0\0\0\t\355\261It\2\0\0\221t\2\0\0\0\0\0", 3200, MSG_DONTWAIT, NULL, NULL) = 32
30087 1783914086.522368 recvfrom(100, 0x7fc3986860, 3200, MSG_DONTWAIT, NULL, NULL) = -1 EAGAIN (Try again)
30087 1783914086.523128 recvfrom(121, 0x7d29777820, 2272, MSG_DONTWAIT, NULL, NULL) = -1 EAGAIN (Try again)
30087 1783914086.541665 recvfrom(100, 0x7fc3985d70, 3200, MSG_DONTWAIT, NULL, NULL) = -1 EAGAIN (Try again)
30197 1783914086.550741 sendmsg(177, {msg_name=NULL, msg_namelen=0, msg_iov=[{iov_base="l\1\1\1\374\0\0\0\363\1\0\0\235\0\0\0\1\1o\0;\0\0\0/re/frid"..., iov_len=428}], msg_iovlen=1, msg_controllen=0, msg_flags=0}, MSG_NOSIGNAL) = 428
30087 1783914086.553452 recvfrom(100, "nysv\0\0\0\0\0\0\0\0\0\0\0\0005\343\256Kt\2\0\0\223t\2\0\0\0\0\0", 3200, MSG_DONTWAIT, NULL, NULL) = 32
30087 1783914086.557954 recvfrom(100, 0x7fc3986860, 3200, MSG_DONTWAIT, NULL, NULL) = -1 EAGAIN (Try again)
30087 1783914086.561136 recvfrom(100, 0x7fc3986760, 3200, MSG_DONTWAIT, NULL, NULL) = -1 EAGAIN (Try again)
30197 1783914086.567733 sendmsg(177, {msg_name=NULL, msg_namelen=0, msg_iov=[{iov_base="l\1\1\1\374\0\0\0\364\1\0\0\235\0\0\0\1\1o\0;\0\0\0/re/frid"..., iov_len=428}], msg_iovlen=1, msg_controllen=0, msg_flags=0}, MSG_NOSIGNAL) = 428
30087 1783914086.569097 recvfrom(100, "nysv\0\0\0\0\0\0\0\0\0\0\0\0j\206\255Lt\2\0\0\224t\2\0\0\0\0\0", 3200, MSG_DONTWAIT, NULL, NULL) = 32
30087 1783914086.569295 recvfrom(100, 0x7fc3986860, 3200, MSG_DONTWAIT, NULL, NULL) = -1 EAGAIN (Try again)
30197 1783914086.576139 sendmsg(177, {msg_name=NULL, msg_namelen=0, msg_iov=[{iov_base="l\1\1\1\374\0\0\0\365\1\0\0\235\0\0\0\1\1o\0;\0\0\0/re/frid"..., iov_len=428}], msg_iovlen=1, msg_controllen=0, msg_flags=0}, MSG_NOSIGNAL) = 428
30087 1783914087.014800 recvfrom(100, 0x7fc3986420, 3200, MSG_DONTWAIT, NULL, NULL) = -1 EAGAIN (Try again)
30087 1783914087.019512 recvfrom(100, "nysv\0\0\0\0\0\0\0\0\0\0\0\0s\240\177gt\2\0\0\257t\2\0\0\0\0\0", 3200, MSG_DONTWAIT, NULL, NULL) = 32
30087 1783914087.019968 recvfrom(100, 0x7fc3986860, 3200, MSG_DONTWAIT, NULL, NULL) = -1 EAGAIN (Try again)
30087 1783914087.020675 recvfrom(121, 0x7d29777820, 2272, MSG_DONTWAIT, NULL, NULL) = -1 EAGAIN (Try again)
30087 1783914087.039102 recvfrom(100, 0x7fc3985d70, 3200, MSG_DONTWAIT, NULL, NULL) = -1 EAGAIN (Try again)
30197 1783914087.049697 sendmsg(177, {msg_name=NULL, msg_namelen=0, msg_iov=[{iov_base="l\1\1\1\374\0\0\0\366\1\0\0\235\0\0\0\1\1o\0;\0\0\0/re/frid"..., iov_len=428}], msg_iovlen=1, msg_controllen=0, msg_flags=0}, MSG_NOSIGNAL) = 428
30087 1783914087.052810 recvfrom(100, "nysv\0\0\0\0\0\0\0\0\0\0\0\0\344#|it\2\0\0\261t\2\0\0\0\0\0", 3200, MSG_DONTWAIT, NULL, NULL) = 32
30087 1783914087.053431 recvfrom(100, 0x7fc3986860, 3200, MSG_DONTWAIT, NULL, NULL) = -1 EAGAIN (Try again)
30087 1783914087.059822 recvfrom(100, 0x7fc3986760, 3200, MSG_DONTWAIT, NULL, NULL) = -1 EAGAIN (Try again)
30197 1783914087.067214 sendmsg(177, {msg_name=NULL, msg_namelen=0, msg_iov=[{iov_base="l\1\1\1\374\0\0\0\367\1\0\0\235\0\0\0\1\1o\0;\0\0\0/re/frid"..., iov_len=428}], msg_iovlen=1, msg_controllen=0, msg_flags=0}, MSG_NOSIGNAL) = 428
30087 1783914087.068877 recvfrom(100, "nysv\0\0\0\0\0\0\0\0\0\0\0\0\341\311zjt\2\0\0\262t\2\0\0\0\0\0", 3200, MSG_DONTWAIT, NULL, NULL) = 32
30087 1783914087.069168 recvfrom(100, 0x7fc3986860, 3200, MSG_DONTWAIT, NULL, NULL) = -1 EAGAIN (Try again)
30197 1783914087.074783 sendmsg(177, {msg_name=NULL, msg_namelen=0, msg_iov=[{iov_base="l\1\1\1\374\0\0\0\370\1\0\0\235\0\0\0\1\1o\0;\0\0\0/re/frid"..., iov_len=428}], msg_iovlen=1, msg_controllen=0, msg_flags=0}, MSG_NOSIGNAL) = 428
30087 1783914087.518723 recvfrom(100, 0x7fc3986420, 3200, MSG_DONTWAIT, NULL, NULL) = -1 EAGAIN (Try again)
30087 1783914087.536440 recvfrom(100, "nysv\0\0\0\0\0\0\0\0\0\0\0\0\207wK\206t\2\0\0\316t\2\0\0\0\0\0", 3200, MSG_DONTWAIT, NULL, NULL) = 32
30087 1783914087.536648 recvfrom(100, 0x7fc3986860, 3200, MSG_DONTWAIT, NULL, NULL) = -1 EAGAIN (Try again)
30087 1783914087.537141 recvfrom(121, 0x7d29777820, 2272, MSG_DONTWAIT, NULL, NULL) = -1 EAGAIN (Try again)
30087 1783914087.549300 recvfrom(100, 0x7fc3985d70, 3200, MSG_DONTWAIT, NULL, NULL) = -1 EAGAIN (Try again)
30197 1783914087.561850 sendmsg(177, {msg_name=NULL, msg_namelen=0, msg_iov=[{iov_base="l\1\1\1\374\0\0\0\371\1\0\0\235\0\0\0\1\1o\0;\0\0\0/re/frid"..., iov_len=428}], msg_iovlen=1, msg_controllen=0, msg_flags=0}, MSG_NOSIGNAL) = 428
30087 1783914087.563186 recvfrom(100, "nysv\0\0\0\0\0\0\0\0\0\0\0\0\227\34J\207t\2\0\0\317t\2\0\0\0\0\0", 3200, MSG_DONTWAIT, NULL, NULL) = 32
30087 1783914087.563390 recvfrom(100, 0x7fc3986860, 3200, MSG_DONTWAIT, NULL, NULL) = -1 EAGAIN (Try again)
30087 1783914087.565243 recvfrom(100, 0x7fc3986760, 3200, MSG_DONTWAIT, NULL, NULL) = -1 EAGAIN (Try again)
30197 1783914087.570929 sendmsg(177, {msg_name=NULL, msg_namelen=0, msg_iov=[{iov_base="l\1\1\1\374\0\0\0\372\1\0\0\235\0\0\0\1\1o\0;\0\0\0/re/frid"..., iov_len=428}], msg_iovlen=1, msg_controllen=0, msg_flags=0}, MSG_NOSIGNAL) = 428
30087 1783914087.572661 recvfrom(100, "nysv\0\0\0\0\0\0\0\0\0\0\0\0\210\300H\210t\2\0\0\320t\2\0\0\0\0\0", 3200, MSG_DONTWAIT, NULL, NULL) = 32
30087 1783914087.572833 recvfrom(100, 0x7fc3986860, 3200, MSG_DONTWAIT, NULL, NULL) = -1 EAGAIN (Try again)
30197 1783914087.578708 sendmsg(177, {msg_name=NULL, msg_namelen=0, msg_iov=[{iov_base="l\1\1\1\374\0\0\0\373\1\0\0\235\0\0\0\1\1o\0;\0\0\0/re/frid"..., iov_len=428}], msg_iovlen=1, msg_controllen=0, msg_flags=0}, MSG_NOSIGNAL) = 428
30087 1783914088.024808 recvfrom(100, 0x7fc3986420, 3200, MSG_DONTWAIT, NULL, NULL) = -1 EAGAIN (Try again)
30087 1783914088.038169 recvfrom(100, "nysv\0\0\0\0\0\0\0\0\0\0\0\0\367k\30\244t\2\0\0\354t\2\0\0\0\0\0", 3200, MSG_DONTWAIT, NULL, NULL) = 32
30087 1783914088.038774 recvfrom(100, 0x7fc3986860, 3200, MSG_DONTWAIT, NULL, NULL) = -1 EAGAIN (Try again)
30087 1783914088.039546 recvfrom(121, 0x7d29777820, 2272, MSG_DONTWAIT, NULL, NULL) = -1 EAGAIN (Try again)
30087 1783914088.047179 recvfrom(100, 0x7fc3985d70, 3200, MSG_DONTWAIT, NULL, NULL) = -1 EAGAIN (Try again)
30197 1783914088.065057 sendmsg(177, {msg_name=NULL, msg_namelen=0, msg_iov=[{iov_base="l\1\1\1\374\0\0\0\374\1\0\0\235\0\0\0\1\1o\0;\0\0\0/re/frid"..., iov_len=428}], msg_iovlen=1, msg_controllen=0, msg_flags=0}, MSG_NOSIGNAL) = 428
30087 1783914088.070396 recvfrom(100, "nysv\0\0\0\0\0\0\0\0\0\0\0\0K\f\25\246t\2\0\0\356t\2\0\0\0\0\0", 3200, MSG_DONTWAIT, NULL, NULL) = 32
30087 1783914088.070881 recvfrom(100, 0x7fc3986860, 3200, MSG_DONTWAIT, NULL, NULL) = -1 EAGAIN (Try again)
30087 1783914088.078311 recvfrom(100, 0x7fc3986760, 3200, MSG_DONTWAIT, NULL, NULL) = -1 EAGAIN (Try again)
30197 1783914088.086483 sendmsg(177, {msg_name=NULL, msg_namelen=0, msg_iov=[{iov_base="l\1\1\1\374\0\0\0\375\1\0\0\235\0\0\0\1\1o\0;\0\0\0/re/frid"..., iov_len=428}], msg_iovlen=1, msg_controllen=0, msg_flags=0}, MSG_NOSIGNAL) = 428
30087 1783914088.087473 recvfrom(100, "nysv\0\0\0\0\0\0\0\0\0\0\0\0:\262\23\247t\2\0\0\357t\2\0\0\0\0\0", 3200, MSG_DONTWAIT, NULL, NULL) = 32
30087 1783914088.087691 recvfrom(100, 0x7fc3986860, 3200, MSG_DONTWAIT, NULL, NULL) = -1 EAGAIN (Try again)
30197 1783914088.093653 sendmsg(177, {msg_name=NULL, msg_namelen=0, msg_iov=[{iov_base="l\1\1\1\374\0\0\0\376\1\0\0\235\0\0\0\1\1o\0;\0\0\0/re/frid"..., iov_len=428}], msg_iovlen=1, msg_controllen=0, msg_flags=0}, MSG_NOSIGNAL) = 428
30087 1783914088.530255 recvfrom(100, 0x7fc3986420, 3200, MSG_DONTWAIT, NULL, NULL) = -1 EAGAIN (Try again)
30087 1783914088.536962 recvfrom(100, "nysv\0\0\0\0\0\0\0\0\0\0\0\0//\346\301t\2\0\0\nu\2\0\0\0\0\0", 3200, MSG_DONTWAIT, NULL, NULL) = 32
30087 1783914088.537372 recvfrom(100, 0x7fc3986860, 3200, MSG_DONTWAIT, NULL, NULL) = -1 EAGAIN (Try again)
30087 1783914088.538112 recvfrom(121, 0x7d29777820, 2272, MSG_DONTWAIT, NULL, NULL) = -1 EAGAIN (Try again)
30087 1783914088.554349 recvfrom(100, 0x7fc3985d70, 3200, MSG_DONTWAIT, NULL, NULL) = -1 EAGAIN (Try again)
30197 1783914088.561471 sendmsg(177, {msg_name=NULL, msg_namelen=0, msg_iov=[{iov_base="l\1\1\1\374\0\0\0\377\1\0\0\235\0\0\0\1\1o\0;\0\0\0/re/frid"..., iov_len=428}], msg_iovlen=1, msg_controllen=0, msg_flags=0}, MSG_NOSIGNAL) = 428
30087 1783914088.571768 recvfrom(100, "nysv\0\0\0\0\0\0\0\0\0\0\0\0h\260\342\303t\2\0\0\fu\2\0\0\0\0\0", 3200, MSG_DONTWAIT, NULL, NULL) = 32
30087 1783914088.572202 recvfrom(100, 0x7fc3986860, 3200, MSG_DONTWAIT, NULL, NULL) = -1 EAGAIN (Try again)
30087 1783914088.579430 recvfrom(100, 0x7fc3986760, 3200, MSG_DONTWAIT, NULL, NULL) = -1 EAGAIN (Try again)
30197 1783914088.586402 sendmsg(177, {msg_name=NULL, msg_namelen=0, msg_iov=[{iov_base="l\1\1\1\374\0\0\0\0\2\0\0\235\0\0\0\1\1o\0;\0\0\0/re/frid"..., iov_len=428}], msg_iovlen=1, msg_controllen=0, msg_flags=0}, MSG_NOSIGNAL) = 428
30087 1783914088.587587 recvfrom(100, "nysv\0\0\0\0\0\0\0\0\0\0\0\0\"Q\341\304t\2\0\0\ru\2\0\0\0\0\0", 3200, MSG_DONTWAIT, NULL, NULL) = 32
30087 1783914088.587796 recvfrom(100, 0x7fc3986860, 3200, MSG_DONTWAIT, NULL, NULL) = -1 EAGAIN (Try again)
30197 1783914088.593698 sendmsg(177, {msg_name=NULL, msg_namelen=0, msg_iov=[{iov_base="l\1\1\1\374\0\0\0\1\2\0\0\235\0\0\0\1\1o\0;\0\0\0/re/frid"..., iov_len=428}], msg_iovlen=1, msg_controllen=0, msg_flags=0}, MSG_NOSIGNAL) = 428
30087 1783914089.035477 recvfrom(100, 0x7fc3986420, 3200, MSG_DONTWAIT, NULL, NULL) = -1 EAGAIN (Try again)
30087 1783914089.053137 recvfrom(100, "nysv\0\0\0\0\0\0\0\0\0\0\0\0Ll\262\340t\2\0\0)u\2\0\0\0\0\0", 3200, MSG_DONTWAIT, NULL, NULL) = 32
30087 1783914089.053839 recvfrom(100, 0x7fc3986860, 3200, MSG_DONTWAIT, NULL, NULL) = -1 EAGAIN (Try again)
30087 1783914089.055157 recvfrom(121, 0x7d29777820, 2272, MSG_DONTWAIT, NULL, NULL) = -1 EAGAIN (Try again)
30087 1783914089.072137 recvfrom(100, 0x7fc3985d70, 3200, MSG_DONTWAIT, NULL, NULL) = -1 EAGAIN (Try again)
30197 1783914089.080536 sendmsg(177, {msg_name=NULL, msg_namelen=0, msg_iov=[{iov_base="l\1\1\1\374\0\0\0\2\2\0\0\235\0\0\0\1\1o\0;\0\0\0/re/frid"..., iov_len=428}], msg_iovlen=1, msg_controllen=0, msg_flags=0}, MSG_NOSIGNAL) = 428
30087 1783914089.088064 recvfrom(100, "nysv\0\0\0\0\0\0\0\0\0\0\0\0\340\243\256\342t\2\0\0+u\2\0\0\0\0\0", 3200, MSG_DONTWAIT, NULL, NULL) = 32
30087 1783914089.088401 recvfrom(100, 0x7fc3986860, 3200, MSG_DONTWAIT, NULL, NULL) = -1 EAGAIN (Try again)
30087 1783914089.092087 recvfrom(100, 0x7fc3986760, 3200, MSG_DONTWAIT, NULL, NULL) = -1 EAGAIN (Try again)
30197 1783914089.100372 sendmsg(177, {msg_name=NULL, msg_namelen=0, msg_iov=[{iov_base="l\1\1\1\374\0\0\0\3\2\0\0\235\0\0\0\1\1o\0;\0\0\0/re/frid"..., iov_len=428}], msg_iovlen=1, msg_controllen=0, msg_flags=0}, MSG_NOSIGNAL) = 428
30087 1783914089.102159 recvfrom(100, "nysv\0\0\0\0\0\0\0\0\0\0\0\0\252F\255\343t\2\0\0,u\2\0\0\0\0\0", 3200, MSG_DONTWAIT, NULL, NULL) = 32
30087 1783914089.102485 recvfrom(100, 0x7fc3986860, 3200, MSG_DONTWAIT, NULL, NULL) = -1 EAGAIN (Try again)
30197 1783914089.107824 sendmsg(177, {msg_name=NULL, msg_namelen=0, msg_iov=[{iov_base="l\1\1\1\374\0\0\0\4\2\0\0\235\0\0\0\1\1o\0;\0\0\0/re/frid"..., iov_len=428}], msg_iovlen=1, msg_controllen=0, msg_flags=0}, MSG_NOSIGNAL) = 428
30087 1783914089.539668 recvfrom(100, 0x7fc3986420, 3200, MSG_DONTWAIT, NULL, NULL) = -1 EAGAIN (Try again)
30087 1783914089.557512 recvfrom(100, "nysv\0\0\0\0\0\0\0\0\0\0\0\0\345\352~\376t\2\0\0Gu\2\0\0\0\0\0", 3200, MSG_DONTWAIT, NULL, NULL) = 32
30087 1783914089.558172 recvfrom(100, 0x7fc3986860, 3200, MSG_DONTWAIT, NULL, NULL) = -1 EAGAIN (Try again)
30087 1783914089.559492 recvfrom(121, 0x7d29777820, 2272, MSG_DONTWAIT, NULL, NULL) = -1 EAGAIN (Try again)
30087 1783914089.576318 recvfrom(100, 0x7fc3985d70, 3200, MSG_DONTWAIT, NULL, NULL) = -1 EAGAIN (Try again)
30197 1783914089.584670 sendmsg(177, {msg_name=NULL, msg_namelen=0, msg_iov=[{iov_base="l\1\1\1\374\0\0\0\5\2\0\0\235\0\0\0\1\1o\0;\0\0\0/re/frid"..., iov_len=428}], msg_iovlen=1, msg_controllen=0, msg_flags=0}, MSG_NOSIGNAL) = 428
30087 1783914089.586477 recvfrom(100, "nysv\0\0\0\0\0\0\0\0\0\0\0\0\3664|\0u\2\0\0Iu\2\0\0\0\0\0", 3200, MSG_DONTWAIT, NULL, NULL) = 32
30087 1783914089.586909 recvfrom(100, 0x7fc3986860, 3200, MSG_DONTWAIT, NULL, NULL) = -1 EAGAIN (Try again)
30087 1783914089.595736 recvfrom(100, 0x7fc3986760, 3200, MSG_DONTWAIT, NULL, NULL) = -1 EAGAIN (Try again)
30197 1783914089.601659 sendmsg(177, {msg_name=NULL, msg_namelen=0, msg_iov=[{iov_base="l\1\1\1\374\0\0\0\6\2\0\0\235\0\0\0\1\1o\0;\0\0\0/re/frid"..., iov_len=428}], msg_iovlen=1, msg_controllen=0, msg_flags=0}, MSG_NOSIGNAL) = 428
30087 1783914089.602969 recvfrom(100, "nysv\0\0\0\0\0\0\0\0\0\0\0\0\214\330z\1u\2\0\0Ju\2\0\0\0\0\0", 3200, MSG_DONTWAIT, NULL, NULL) = 32
30087 1783914089.603126 recvfrom(100, 0x7fc3986860, 3200, MSG_DONTWAIT, NULL, NULL) = -1 EAGAIN (Try again)
30197 1783914089.608266 sendmsg(177, {msg_name=NULL, msg_namelen=0, msg_iov=[{iov_base="l\1\1\1\374\0\0\0\7\2\0\0\235\0\0\0\1\1o\0;\0\0\0/re/frid"..., iov_len=428}], msg_iovlen=1, msg_controllen=0, msg_flags=0}, MSG_NOSIGNAL) = 428
30145 1783914089.736349 sendto(104, "\220\0\0\0\0\0\0\0\5\0\0\0\0\0\0\0\0\0\0\0\0\0\0\0Z\331\222/S\252\361\207"..., 144, MSG_NOSIGNAL, NULL, 0) = 144
30145 1783914089.736551 sendto(104, "\230\0\0\0\0\0\0\0\5\0\0\0\0\0\0\0\0\0\0\0\0\0\0\0Z\331\222/S\252\361\207"..., 152, MSG_NOSIGNAL, NULL, 0) = 152
30145 1783914089.737003 openat(AT_FDCWD, "/proc/self/statm", O_RDONLY) = 151
30145 1783914089.737734 openat(AT_FDCWD, "/proc/30087/status", O_RDONLY|O_CLOEXEC) = 153
30144 1783914089.737852 recvmsg(104, {msg_name=NULL, msg_namelen=0, msg_iov=[{iov_base="pa\0\0\0\0\0\0\5\0\0\0\0\0\0\0\0\0\0\0\0\0\0\0!\327\341\362a\234\2\347"..., iov_len=4096}], msg_iovlen=1, msg_controllen=0, msg_flags=0}, MSG_DONTWAIT) = 4096
30144 1783914089.738080 recvmsg(104, {msg_name=NULL, msg_namelen=0, msg_iov=[{iov_base="\336\226\37\10\271$\4\341\30\0\0\0\0\0\0\0\0\0\0\0\0\0\0\0(\0\0\0\0\0\0\0"..., iov_len=20848}], msg_iovlen=1, msg_controllen=0, msg_flags=0}, MSG_DONTWAIT) = 20848
30144 1783914089.739561 recvmsg(104, {msg_name=NULL, msg_namelen=0, msg_iov=[{iov_base="\330\t\0\0\0\0\0\0\5\0\0\0\0\0\0\0\0\0\0\0\0\0\0\0!\327\341\362a\234\2\347"..., iov_len=4096}], msg_iovlen=1, msg_controllen=0, msg_flags=0}, MSG_DONTWAIT) = 2520
30145 1783914089.740409 openat(AT_FDCWD, "/proc/30087/stat", O_RDONLY|O_CLOEXEC) = 153
30145 1783914089.742386 openat(AT_FDCWD, "/proc/self/status", O_RDONLY|O_CLOEXEC) = 153
30145 1783914089.744418 openat(AT_FDCWD, "/proc/self/clear_refs", O_WRONLY) = 153
30145 1783914089.744901 openat(AT_FDCWD, "/proc/self/pagemap", O_RDONLY) = 153
30087 1783914090.043029 recvfrom(100, 0x7fc3986420, 3200, MSG_DONTWAIT, NULL, NULL) = -1 EAGAIN (Try again)
30087 1783914090.055999 recvfrom(100, "nysv\0\0\0\0\0\0\0\0\0\0\0\0\321OL\34u\2\0\0eu\2\0\0\0\0\0", 3200, MSG_DONTWAIT, NULL, NULL) = 32
30087 1783914090.056169 recvfrom(100, 0x7fc3986860, 3200, MSG_DONTWAIT, NULL, NULL) = -1 EAGAIN (Try again)
30087 1783914090.056877 recvfrom(121, 0x7d29777820, 2272, MSG_DONTWAIT, NULL, NULL) = -1 EAGAIN (Try again)
30087 1783914090.073500 recvfrom(100, 0x7fc3985d70, 3200, MSG_DONTWAIT, NULL, NULL) = -1 EAGAIN (Try again)
30197 1783914090.080151 sendmsg(177, {msg_name=NULL, msg_namelen=0, msg_iov=[{iov_base="l\1\1\1\374\0\0\0\10\2\0\0\235\0\0\0\1\1o\0;\0\0\0/re/frid"..., iov_len=428}], msg_iovlen=1, msg_controllen=0, msg_flags=0}, MSG_NOSIGNAL) = 428
30087 1783914090.087406 recvfrom(100, "nysv\0\0\0\0\0\0\0\0\0\0\0\0%\360H\36u\2\0\0gu\2\0\0\0\0\0", 3200, MSG_DONTWAIT, NULL, NULL) = 32
30087 1783914090.087904 recvfrom(100, 0x7fc3986860, 3200, MSG_DONTWAIT, NULL, NULL) = -1 EAGAIN (Try again)
30087 1783914090.094887 recvfrom(100, 0x7fc3986760, 3200, MSG_DONTWAIT, NULL, NULL) = -1 EAGAIN (Try again)
30197 1783914090.101699 sendmsg(177, {msg_name=NULL, msg_namelen=0, msg_iov=[{iov_base="l\1\1\1\374\0\0\0\t\2\0\0\235\0\0\0\1\1o\0;\0\0\0/re/frid"..., iov_len=428}], msg_iovlen=1, msg_controllen=0, msg_flags=0}, MSG_NOSIGNAL) = 428
30087 1783914090.103163 recvfrom(100, "nysv\0\0\0\0\0\0\0\0\0\0\0\0\v\224G\37u\2\0\0hu\2\0\0\0\0\0", 3200, MSG_DONTWAIT, NULL, NULL) = 32
30087 1783914090.103332 recvfrom(100, 0x7fc3986860, 3200, MSG_DONTWAIT, NULL, NULL) = -1 EAGAIN (Try again)
30197 1783914090.108562 sendmsg(177, {msg_name=NULL, msg_namelen=0, msg_iov=[{iov_base="l\1\1\1\374\0\0\0\n\2\0\0\235\0\0\0\1\1o\0;\0\0\0/re/frid"..., iov_len=428}], msg_iovlen=1, msg_controllen=0, msg_flags=0}, MSG_NOSIGNAL) = 428
30087 1783914090.546815 recvfrom(100, 0x7fc3986420, 3200, MSG_DONTWAIT, NULL, NULL) = -1 EAGAIN (Try again)
30087 1783914090.553529 recvfrom(100, "nysv\0\0\0\0\0\0\0\0\0\0\0\0\353\305\31:u\2\0\0\203u\2\0\0\0\0\0", 3200, MSG_DONTWAIT, NULL, NULL) = 32
30087 1783914090.553945 recvfrom(100, 0x7fc3986860, 3200, MSG_DONTWAIT, NULL, NULL) = -1 EAGAIN (Try again)
30087 1783914090.554671 recvfrom(121, 0x7d29777820, 2272, MSG_DONTWAIT, NULL, NULL) = -1 EAGAIN (Try again)
30087 1783914090.569492 recvfrom(100, 0x7fc3985d70, 3200, MSG_DONTWAIT, NULL, NULL) = -1 EAGAIN (Try again)
30197 1783914090.583680 sendmsg(177, {msg_name=NULL, msg_namelen=0, msg_iov=[{iov_base="l\1\1\1\374\0\0\0\v\2\0\0\235\0\0\0\1\1o\0;\0\0\0/re/frid"..., iov_len=428}], msg_iovlen=1, msg_controllen=0, msg_flags=0}, MSG_NOSIGNAL) = 428
30087 1783914090.585552 recvfrom(100, "nysv\0\0\0\0\0\0\0\0\0\0\0\0\274\257\26<u\2\0\0\205u\2\0\0\0\0\0", 3200, MSG_DONTWAIT, NULL, NULL) = 32
30087 1783914090.585751 recvfrom(100, 0x7fc3986860, 3200, MSG_DONTWAIT, NULL, NULL) = -1 EAGAIN (Try again)
30087 1783914090.587385 recvfrom(100, 0x7fc3986760, 3200, MSG_DONTWAIT, NULL, NULL) = -1 EAGAIN (Try again)
30197 1783914090.593551 sendmsg(177, {msg_name=NULL, msg_namelen=0, msg_iov=[{iov_base="l\1\1\1\374\0\0\0\f\2\0\0\235\0\0\0\1\1o\0;\0\0\0/re/frid"..., iov_len=428}], msg_iovlen=1, msg_controllen=0, msg_flags=0}, MSG_NOSIGNAL) = 428
30087 1783914090.603656 recvfrom(100, "nysv\0\0\0\0\0\0\0\0\0\0\0\0\264\363\24=u\2\0\0\206u\2\0\0\0\0\0", 3200, MSG_DONTWAIT, NULL, NULL) = 32
30087 1783914090.603812 recvfrom(100, 0x7fc3986860, 3200, MSG_DONTWAIT, NULL, NULL) = -1 EAGAIN (Try again)
30197 1783914090.609852 sendmsg(177, {msg_name=NULL, msg_namelen=0, msg_iov=[{iov_base="l\1\1\1\374\0\0\0\r\2\0\0\235\0\0\0\1\1o\0;\0\0\0/re/frid"..., iov_len=428}], msg_iovlen=1, msg_controllen=0, msg_flags=0}, MSG_NOSIGNAL) = 428
30087 1783914091.055592 recvfrom(100, 0x7fc3986420, 3200, MSG_DONTWAIT, NULL, NULL) = -1 EAGAIN (Try again)
30087 1783914091.071300 recvfrom(100, "nysv\0\0\0\0\0\0\0\0\0\0\0\0\323i\345Xu\2\0\0\242u\2\0\0\0\0\0", 3200, MSG_DONTWAIT, NULL, NULL) = 32
30087 1783914091.072005 recvfrom(100, 0x7fc3986860, 3200, MSG_DONTWAIT, NULL, NULL) = -1 EAGAIN (Try again)
30087 1783914091.072683 recvfrom(121, 0x7d29777820, 2272, MSG_DONTWAIT, NULL, NULL) = -1 EAGAIN (Try again)
30087 1783914091.089707 recvfrom(100, 0x7fc3985d70, 3200, MSG_DONTWAIT, NULL, NULL) = -1 EAGAIN (Try again)
30197 1783914091.096538 sendmsg(177, {msg_name=NULL, msg_namelen=0, msg_iov=[{iov_base="l\1\1\1\374\0\0\0\16\2\0\0\235\0\0\0\1\1o\0;\0\0\0/re/frid"..., iov_len=428}], msg_iovlen=1, msg_controllen=0, msg_flags=0}, MSG_NOSIGNAL) = 428
30087 1783914091.104413 recvfrom(100, "nysv\0\0\0\0\0\0\0\0\0\0\0\0'\n\342Zu\2\0\0\244u\2\0\0\0\0\0", 3200, MSG_DONTWAIT, NULL, NULL) = 32
30087 1783914091.104780 recvfrom(100, 0x7fc3986860, 3200, MSG_DONTWAIT, NULL, NULL) = -1 EAGAIN (Try again)
30087 1783914091.112389 recvfrom(100, 0x7fc3986760, 3200, MSG_DONTWAIT, NULL, NULL) = -1 EAGAIN (Try again)
30197 1783914091.119889 sendmsg(177, {msg_name=NULL, msg_namelen=0, msg_iov=[{iov_base="l\1\1\1\374\0\0\0\17\2\0\0\235\0\0\0\1\1o\0;\0\0\0/re/frid"..., iov_len=428}], msg_iovlen=1, msg_controllen=0, msg_flags=0}, MSG_NOSIGNAL) = 428
30087 1783914091.121212 recvfrom(100, "nysv\0\0\0\0\0\0\0\0\0\0\0\0:\257\340[u\2\0\0\245u\2\0\0\0\0\0", 3200, MSG_DONTWAIT, NULL, NULL) = 32
30087 1783914091.121376 recvfrom(100, 0x7fc3986860, 3200, MSG_DONTWAIT, NULL, NULL) = -1 EAGAIN (Try again)
30197 1783914091.126441 sendmsg(177, {msg_name=NULL, msg_namelen=0, msg_iov=[{iov_base="l\1\1\1\374\0\0\0\20\2\0\0\235\0\0\0\1\1o\0;\0\0\0/re/frid"..., iov_len=428}], msg_iovlen=1, msg_controllen=0, msg_flags=0}, MSG_NOSIGNAL) = 428
30087 1783914091.560804 recvfrom(100, 0x7fc3986420, 3200, MSG_DONTWAIT, NULL, NULL) = -1 EAGAIN (Try again)
30087 1783914091.571171 recvfrom(100, "nysv\0\0\0\0\0\0\0\0\0\0\0\0\277\316\262vu\2\0\0\300u\2\0\0\0\0\0", 3200, MSG_DONTWAIT, NULL, NULL) = 32
30087 1783914091.571750 recvfrom(100, 0x7fc3986860, 3200, MSG_DONTWAIT, NULL, NULL) = -1 EAGAIN (Try again)
30087 1783914091.572664 recvfrom(121, 0x7d29777820, 2272, MSG_DONTWAIT, NULL, NULL) = -1 EAGAIN (Try again)
30087 1783914091.589816 recvfrom(100, 0x7fc3985d70, 3200, MSG_DONTWAIT, NULL, NULL) = -1 EAGAIN (Try again)
30197 1783914091.597889 sendmsg(177, {msg_name=NULL, msg_namelen=0, msg_iov=[{iov_base="l\1\1\1\374\0\0\0\21\2\0\0\235\0\0\0\1\1o\0;\0\0\0/re/frid"..., iov_len=428}], msg_iovlen=1, msg_controllen=0, msg_flags=0}, MSG_NOSIGNAL) = 428
30087 1783914091.605102 recvfrom(100, "nysv\0\0\0\0\0\0\0\0\0\0\0\0\374\260\257xu\2\0\0\302u\2\0\0\0\0\0", 3200, MSG_DONTWAIT, NULL, NULL) = 32
30087 1783914091.605416 recvfrom(100, 0x7fc3986860, 3200, MSG_DONTWAIT, NULL, NULL) = -1 EAGAIN (Try again)
30087 1783914091.611410 recvfrom(100, 0x7fc3986760, 3200, MSG_DONTWAIT, NULL, NULL) = -1 EAGAIN (Try again)
30197 1783914091.619440 sendmsg(177, {msg_name=NULL, msg_namelen=0, msg_iov=[{iov_base="l\1\1\1\374\0\0\0\22\2\0\0\235\0\0\0\1\1o\0;\0\0\0/re/frid"..., iov_len=428}], msg_iovlen=1, msg_controllen=0, msg_flags=0}, MSG_NOSIGNAL) = 428
30087 1783914091.620281 recvfrom(100, "nysv\0\0\0\0\0\0\0\0\0\0\0\0000T\256yu\2\0\0\303u\2\0\0\0\0\0", 3200, MSG_DONTWAIT, NULL, NULL) = 32
30087 1783914091.620431 recvfrom(100, 0x7fc3986860, 3200, MSG_DONTWAIT, NULL, NULL) = -1 EAGAIN (Try again)
30197 1783914091.625217 sendmsg(177, {msg_name=NULL, msg_namelen=0, msg_iov=[{iov_base="l\1\1\1\374\0\0\0\23\2\0\0\235\0\0\0\1\1o\0;\0\0\0/re/frid"..., iov_len=428}], msg_iovlen=1, msg_controllen=0, msg_flags=0}, MSG_NOSIGNAL) = 428
30087 1783914092.064403 recvfrom(100, 0x7fc3986420, 3200, MSG_DONTWAIT, NULL, NULL) = -1 EAGAIN (Try again)
30087 1783914092.069823 recvfrom(100, "nysv\0\0\0\0\0\0\0\0\0\0\0\0VY\200\224u\2\0\0\336u\2\0\0\0\0\0", 3200, MSG_DONTWAIT, NULL, NULL) = 32
30087 1783914092.070198 recvfrom(100, 0x7fc3986860, 3200, MSG_DONTWAIT, NULL, NULL) = -1 EAGAIN (Try again)
30087 1783914092.070964 recvfrom(121, 0x7d29777820, 2272, MSG_DONTWAIT, NULL, NULL) = -1 EAGAIN (Try again)
30087 1783914092.087909 recvfrom(100, 0x7fc3985d70, 3200, MSG_DONTWAIT, NULL, NULL) = -1 EAGAIN (Try again)
30197 1783914092.093595 sendmsg(177, {msg_name=NULL, msg_namelen=0, msg_iov=[{iov_base="l\1\1\1\374\0\0\0\24\2\0\0\235\0\0\0\1\1o\0;\0\0\0/re/frid"..., iov_len=428}], msg_iovlen=1, msg_controllen=0, msg_flags=0}, MSG_NOSIGNAL) = 428
30087 1783914092.103437 recvfrom(100, "nysv\0\0\0\0\0\0\0\0\0\0\0\0\233\352|\226u\2\0\0\340u\2\0\0\0\0\0", 3200, MSG_DONTWAIT, NULL, NULL) = 32
30087 1783914092.103992 recvfrom(100, 0x7fc3986860, 3200, MSG_DONTWAIT, NULL, NULL) = -1 EAGAIN (Try again)
30087 1783914092.110918 recvfrom(100, 0x7fc3986760, 3200, MSG_DONTWAIT, NULL, NULL) = -1 EAGAIN (Try again)
30197 1783914092.117944 sendmsg(177, {msg_name=NULL, msg_namelen=0, msg_iov=[{iov_base="l\1\1\1\374\0\0\0\25\2\0\0\235\0\0\0\1\1o\0;\0\0\0/re/frid"..., iov_len=428}], msg_iovlen=1, msg_controllen=0, msg_flags=0}, MSG_NOSIGNAL) = 428
30087 1783914092.119916 recvfrom(100, "nysv\0\0\0\0\0\0\0\0\0\0\0\0\360\210{\227u\2\0\0\341u\2\0\0\0\0\0", 3200, MSG_DONTWAIT, NULL, NULL) = 32
30087 1783914092.120117 recvfrom(100, 0x7fc3986860, 3200, MSG_DONTWAIT, NULL, NULL) = -1 EAGAIN (Try again)
30197 1783914092.125127 sendmsg(177, {msg_name=NULL, msg_namelen=0, msg_iov=[{iov_base="l\1\1\1\374\0\0\0\26\2\0\0\235\0\0\0\1\1o\0;\0\0\0/re/frid"..., iov_len=428}], msg_iovlen=1, msg_controllen=0, msg_flags=0}, MSG_NOSIGNAL) = 428
30087 1783914092.572777 recvfrom(100, 0x7fc3986420, 3200, MSG_DONTWAIT, NULL, NULL) = -1 EAGAIN (Try again)
30087 1783914092.585824 recvfrom(100, "nysv\0\0\0\0\0\0\0\0\0\0\0\0\0305L\263u\2\0\0\375u\2\0\0\0\0\0", 3200, MSG_DONTWAIT, NULL, NULL) = 32
30087 1783914092.586156 recvfrom(100, 0x7fc3986860, 3200, MSG_DONTWAIT, NULL, NULL) = -1 EAGAIN (Try again)
30087 1783914092.586971 recvfrom(121, 0x7d29777820, 2272, MSG_DONTWAIT, NULL, NULL) = -1 EAGAIN (Try again)
30197 1783914092.607198 sendmsg(177, {msg_name=NULL, msg_namelen=0, msg_iov=[{iov_base="l\1\1\1\374\0\0\0\27\2\0\0\235\0\0\0\1\1o\0;\0\0\0/re/frid"..., iov_len=428}], msg_iovlen=1, msg_controllen=0, msg_flags=0}, MSG_NOSIGNAL) = 428
30087 1783914092.608473 recvfrom(100, 0x7fc3985d70, 3200, MSG_DONTWAIT, NULL, NULL) = -1 EAGAIN (Try again)
30087 1783914092.622703 recvfrom(100, "nysv\0\0\0\0\0\0\0\0\0\0\0\0\25\211H\265u\2\0\0\377u\2\0\0\0\0\0", 3200, MSG_DONTWAIT, NULL, NULL) = 32
30087 1783914092.623201 recvfrom(100, 0x7fc3986860, 3200, MSG_DONTWAIT, NULL, NULL) = -1 EAGAIN (Try again)
30087 1783914092.630111 recvfrom(100, 0x7fc3986760, 3200, MSG_DONTWAIT, NULL, NULL) = -1 EAGAIN (Try again)
30197 1783914092.635960 sendmsg(177, {msg_name=NULL, msg_namelen=0, msg_iov=[{iov_base="l\1\1\1\374\0\0\0\30\2\0\0\235\0\0\0\1\1o\0;\0\0\0/re/frid"..., iov_len=428}], msg_iovlen=1, msg_controllen=0, msg_flags=0}, MSG_NOSIGNAL) = 428
30087 1783914092.637257 recvfrom(100, "nysv\0\0\0\0\0\0\0\0\0\0\0\0\344+G\266u\2\0\0\0v\2\0\200\0\0\0", 3200, MSG_DONTWAIT, NULL, NULL) = 32
30087 1783914092.637412 recvfrom(100, 0x7fc3986860, 3200, MSG_DONTWAIT, NULL, NULL) = -1 EAGAIN (Try again)
30197 1783914092.644147 sendmsg(177, {msg_name=NULL, msg_namelen=0, msg_iov=[{iov_base="l\1\1\1\374\0\0\0\31\2\0\0\235\0\0\0\1\1o\0;\0\0\0/re/frid"..., iov_len=428}], msg_iovlen=1, msg_controllen=0, msg_flags=0}, MSG_NOSIGNAL) = 428
30087 1783914093.078203 recvfrom(100, 0x7fc3986420, 3200, MSG_DONTWAIT, NULL, NULL) = -1 EAGAIN (Try again)
30087 1783914093.087194 recvfrom(100, "nysv\0\0\0\0\0\0\0\0\0\0\0\0\34U\31\321u\2\0\0\33v\2\0\0\0\0\0", 3200, MSG_DONTWAIT, NULL, NULL) = 32
30087 1783914093.087684 recvfrom(100, 0x7fc3986860, 3200, MSG_DONTWAIT, NULL, NULL) = -1 EAGAIN (Try again)
30087 1783914093.088543 recvfrom(121, 0x7d29777820, 2272, MSG_DONTWAIT, NULL, NULL) = -1 EAGAIN (Try again)
30087 1783914093.101360 recvfrom(100, 0x7fc3985d70, 3200, MSG_DONTWAIT, NULL, NULL) = -1 EAGAIN (Try again)
30197 1783914093.112962 sendmsg(177, {msg_name=NULL, msg_namelen=0, msg_iov=[{iov_base="l\1\1\1\374\0\0\0\32\2\0\0\235\0\0\0\1\1o\0;\0\0\0/re/frid"..., iov_len=428}], msg_iovlen=1, msg_controllen=0, msg_flags=0}, MSG_NOSIGNAL) = 428
30087 1783914093.114271 recvfrom(100, "nysv\0\0\0\0\0\0\0\0\0\0\0\0(\372\27\322u\2\0\0\34v\2\0\0\0\0\0", 3200, MSG_DONTWAIT, NULL, NULL) = 32
30087 1783914093.114425 recvfrom(100, 0x7fc3986860, 3200, MSG_DONTWAIT, NULL, NULL) = -1 EAGAIN (Try again)
30087 1783914093.115504 recvfrom(100, 0x7fc3986760, 3200, MSG_DONTWAIT, NULL, NULL) = -1 EAGAIN (Try again)
30197 1783914093.122266 sendmsg(177, {msg_name=NULL, msg_namelen=0, msg_iov=[{iov_base="l\1\1\1\374\0\0\0\33\2\0\0\235\0\0\0\1\1o\0;\0\0\0/re/frid"..., iov_len=428}], msg_iovlen=1, msg_controllen=0, msg_flags=0}, MSG_NOSIGNAL) = 428
30087 1783914093.123454 recvfrom(100, "nysv\0\0\0\0\0\0\0\0\0\0\0\0\326\233\26\323u\2\0\0\35v\2\0\0\0\0\0", 3200, MSG_DONTWAIT, NULL, NULL) = 32
30087 1783914093.123616 recvfrom(100, 0x7fc3986860, 3200, MSG_DONTWAIT, NULL, NULL) = -1 EAGAIN (Try again)
30197 1783914093.127990 sendmsg(177, {msg_name=NULL, msg_namelen=0, msg_iov=[{iov_base="l\1\1\1\374\0\0\0\34\2\0\0\235\0\0\0\1\1o\0;\0\0\0/re/frid"..., iov_len=428}], msg_iovlen=1, msg_controllen=0, msg_flags=0}, MSG_NOSIGNAL) = 428
30087 1783914093.582746 recvfrom(100, 0x7fc3986420, 3200, MSG_DONTWAIT, NULL, NULL) = -1 EAGAIN (Try again)
30087 1783914093.586614 recvfrom(100, "nysv\0\0\0\0\0\0\0\0\0\0\0\0\255\22\347\356u\2\0\09v\2\0\0\0\0\0", 3200, MSG_DONTWAIT, NULL, NULL) = 32
30087 1783914093.586990 recvfrom(100, 0x7fc3986860, 3200, MSG_DONTWAIT, NULL, NULL) = -1 EAGAIN (Try again)
30087 1783914093.587326 recvfrom(121, 0x7d29777820, 2272, MSG_DONTWAIT, NULL, NULL) = -1 EAGAIN (Try again)
30197 1783914093.608716 sendmsg(177, {msg_name=NULL, msg_namelen=0, msg_iov=[{iov_base="l\1\1\1\374\0\0\0\35\2\0\0\235\0\0\0\1\1o\0;\0\0\0/re/frid"..., iov_len=428}], msg_iovlen=1, msg_controllen=0, msg_flags=0}, MSG_NOSIGNAL) = 428
30087 1783914093.609963 recvfrom(100, 0x7fc3985d70, 3200, MSG_DONTWAIT, NULL, NULL) = -1 EAGAIN (Try again)
30087 1783914093.620964 recvfrom(100, "nysv\0\0\0\0\0\0\0\0\0\0\0\0{\251\343\360u\2\0\0;v\2\0\0\0\0\0", 3200, MSG_DONTWAIT, NULL, NULL) = 32
30087 1783914093.621414 recvfrom(100, 0x7fc3986860, 3200, MSG_DONTWAIT, NULL, NULL) = -1 EAGAIN (Try again)
30087 1783914093.630020 recvfrom(100, 0x7fc3986760, 3200, MSG_DONTWAIT, NULL, NULL) = -1 EAGAIN (Try again)
30197 1783914093.636925 sendmsg(177, {msg_name=NULL, msg_namelen=0, msg_iov=[{iov_base="l\1\1\1\374\0\0\0\36\2\0\0\235\0\0\0\1\1o\0;\0\0\0/re/frid"..., iov_len=428}], msg_iovlen=1, msg_controllen=0, msg_flags=0}, MSG_NOSIGNAL) = 428
30087 1783914093.638313 recvfrom(100, "nysv\0\0\0\0\0\0\0\0\0\0\0\0001M\342\361u\2\0\0<v\2\0\0\0\0\0", 3200, MSG_DONTWAIT, NULL, NULL) = 32
30087 1783914093.638567 recvfrom(100, 0x7fc3986860, 3200, MSG_DONTWAIT, NULL, NULL) = -1 EAGAIN (Try again)
30197 1783914093.645668 sendmsg(177, {msg_name=NULL, msg_namelen=0, msg_iov=[{iov_base="l\1\1\1\374\0\0\0\37\2\0\0\235\0\0\0\1\1o\0;\0\0\0/re/frid"..., iov_len=428}], msg_iovlen=1, msg_controllen=0, msg_flags=0}, MSG_NOSIGNAL) = 428
30197 1783914094.009637 sendmsg(177, {msg_name=NULL, msg_namelen=0, msg_iov=[{iov_base="l\1\1\1\374\0\0\0 \2\0\0\235\0\0\0\1\1o\0;\0\0\0/re/frid"..., iov_len=428}], msg_iovlen=1, msg_controllen=0, msg_flags=0}, MSG_NOSIGNAL) = 428
30087 1783914094.011235 recvfrom(100, 0x7fc39862c0, 3200, MSG_DONTWAIT, NULL, NULL) = -1 EAGAIN (Try again)
30087 1783914094.020960 recvfrom(100, "nysv\0\0\0\0\0\0\0\0\0\0\0\0s\34\274\10v\2\0\0Sv\2\0\0\0\0\0", 3200, MSG_DONTWAIT, NULL, NULL) = 32
30087 1783914094.021211 recvfrom(100, 0x7fc3986860, 3200, MSG_DONTWAIT, NULL, NULL) = -1 EAGAIN (Try again)
30087 1783914094.027260 recvfrom(121, 0x7d29777820, 2272, MSG_DONTWAIT, NULL, NULL) = -1 EAGAIN (Try again)
30087 1783914094.052429 recvfrom(100, 0x7fc3985d70, 3200, MSG_DONTWAIT, NULL, NULL) = -1 EAGAIN (Try again)
30197 1783914094.067706 sendmsg(177, {msg_name=NULL, msg_namelen=0, msg_iov=[{iov_base="l\1\1\1\374\0\0\0!\2\0\0\235\0\0\0\1\1o\0;\0\0\0/re/frid"..., iov_len=428}], msg_iovlen=1, msg_controllen=0, msg_flags=0}, MSG_NOSIGNAL) = 428
30087 1783914094.069949 recvfrom(100, "nysv\0\0\0\0\0\0\0\0\0\0\0\0\n\312\267\vv\2\0\0Vv\2\0\0\0\0\0", 3200, MSG_DONTWAIT, NULL, NULL) = 32
30087 1783914094.073262 recvfrom(100, 0x7fc3986860, 3200, MSG_DONTWAIT, NULL, NULL) = -1 EAGAIN (Try again)
30087 1783914094.077682 recvfrom(100, 0x7fc3986760, 3200, MSG_DONTWAIT, NULL, NULL) = -1 EAGAIN (Try again)
30197 1783914094.092384 sendmsg(177, {msg_name=NULL, msg_namelen=0, msg_iov=[{iov_base="l\1\1\1\374\0\0\0\"\2\0\0\235\0\0\0\1\1o\0;\0\0\0/re/frid"..., iov_len=428}], msg_iovlen=1, msg_controllen=0, msg_flags=0}, MSG_NOSIGNAL) = 428
30087 1783914094.093911 recvfrom(100, "nysv\0\0\0\0\0\0\0\0\0\0\0\0\20g\266\fv\2\0\0Wv\2\0\0\0\0\0", 3200, MSG_DONTWAIT, NULL, NULL) = 32
30087 1783914094.094939 recvfrom(100, 0x7fc3986860, 3200, MSG_DONTWAIT, NULL, NULL) = -1 EAGAIN (Try again)
30197 1783914094.101503 sendmsg(177, {msg_name=NULL, msg_namelen=0, msg_iov=[{iov_base="l\1\1\1\374\0\0\0#\2\0\0\235\0\0\0\1\1o\0;\0\0\0/re/frid"..., iov_len=428}], msg_iovlen=1, msg_controllen=0, msg_flags=0}, MSG_NOSIGNAL) = 428
30087 1783914094.257753 recvfrom(100, 0x7fc3985fd0, 3200, MSG_DONTWAIT, NULL, NULL) = -1 EAGAIN (Try again)
30197 1783914094.258886 sendmsg(177, {msg_name=NULL, msg_namelen=0, msg_iov=[{iov_base="l\1\1\1\374\0\0\0$\2\0\0\235\0\0\0\1\1o\0;\0\0\0/re/frid"..., iov_len=428}], msg_iovlen=1, msg_controllen=0, msg_flags=0}, MSG_NOSIGNAL) = 428
30087 1783914094.270097 recvfrom(100, "nysv\0\0\0\0\0\0\0\0\0\0\0\0\223\22\244\27v\2\0\0bv\2\0\0\0\0\0", 3200, MSG_DONTWAIT, NULL, NULL) = 32
30087 1783914094.270513 recvfrom(100, 0x7fc3986860, 3200, MSG_DONTWAIT, NULL, NULL) = -1 EAGAIN (Try again)
30087 1783914094.275989 recvfrom(121, 0x7d29777820, 2272, MSG_DONTWAIT, NULL, NULL) = -1 EAGAIN (Try again)
30197 1783914094.313960 sendmsg(177, {msg_name=NULL, msg_namelen=0, msg_iov=[{iov_base="l\1\1\1\374\0\0\0%\2\0\0\235\0\0\0\1\1o\0;\0\0\0/re/frid"..., iov_len=428}], msg_iovlen=1, msg_controllen=0, msg_flags=0}, MSG_NOSIGNAL) = 428
30087 1783914094.314836 recvfrom(100, 0x7fc3985d70, 3200, MSG_DONTWAIT, NULL, NULL) = -1 EAGAIN (Try again)
30087 1783914094.320191 recvfrom(100, "nysv\0\0\0\0\0\0\0\0\0\0\0\0_~\237\32v\2\0\0ev\2\0\0\0\0\0", 3200, MSG_DONTWAIT, NULL, NULL) = 32
30087 1783914094.320423 recvfrom(100, 0x7fc3986860, 3200, MSG_DONTWAIT, NULL, NULL) = -1 EAGAIN (Try again)
30087 1783914094.327174 recvfrom(100, 0x7fc3986760, 3200, MSG_DONTWAIT, NULL, NULL) = -1 EAGAIN (Try again)
30197 1783914094.336552 sendmsg(177, {msg_name=NULL, msg_namelen=0, msg_iov=[{iov_base="l\1\1\1\374\0\0\0&\2\0\0\235\0\0\0\1\1o\0;\0\0\0/re/frid"..., iov_len=428}], msg_iovlen=1, msg_controllen=0, msg_flags=0}, MSG_NOSIGNAL) = 428
30087 1783914094.341989 recvfrom(100, "nysv\0\0\0\0\0\0\0\0\0\0\0\0z\30\236\33v\2\0\0fv\2\0\0\0\0\0", 3200, MSG_DONTWAIT, NULL, NULL) = 32
30087 1783914094.342148 recvfrom(100, 0x7fc3986860, 3200, MSG_DONTWAIT, NULL, NULL) = -1 EAGAIN (Try again)
30197 1783914094.346441 sendmsg(177, {msg_name=NULL, msg_namelen=0, msg_iov=[{iov_base="l\1\1\1\374\0\0\0'\2\0\0\235\0\0\0\1\1o\0;\0\0\0/re/frid"..., iov_len=428}], msg_iovlen=1, msg_controllen=0, msg_flags=0}, MSG_NOSIGNAL) = 428
30087 1783914094.766544 recvfrom(100, 0x7fc3986420, 3200, MSG_DONTWAIT, NULL, NULL) = -1 EAGAIN (Try again)
30087 1783914094.769709 recvfrom(100, "nysv\0\0\0\0\0\0\0\0\0\0\0\0\252\177o5v\2\0\0\200v\2\0\0\0\0\0", 3200, MSG_DONTWAIT, NULL, NULL) = 32
30087 1783914094.769926 recvfrom(100, 0x7fc3986860, 3200, MSG_DONTWAIT, NULL, NULL) = -1 EAGAIN (Try again)
30087 1783914094.773744 recvfrom(121, 0x7d29777820, 2272, MSG_DONTWAIT, NULL, NULL) = -1 EAGAIN (Try again)
30087 1783914094.786162 recvfrom(100, 0x7fc3985d70, 3200, MSG_DONTWAIT, NULL, NULL) = -1 EAGAIN (Try again)
30197 1783914094.804527 sendmsg(177, {msg_name=NULL, msg_namelen=0, msg_iov=[{iov_base="l\1\1\1\374\0\0\0(\2\0\0\235\0\0\0\1\1o\0;\0\0\0/re/frid"..., iov_len=428}], msg_iovlen=1, msg_controllen=0, msg_flags=0}, MSG_NOSIGNAL) = 428
30087 1783914094.807917 recvfrom(100, "nysv\0\0\0\0\0\0\0\0\0\0\0\0aql7v\2\0\0\202v\2\0\0\0\0\0", 3200, MSG_DONTWAIT, NULL, NULL) = 32
30087 1783914094.808063 recvfrom(100, 0x7fc3986860, 3200, MSG_DONTWAIT, NULL, NULL) = -1 EAGAIN (Try again)
30087 1783914094.809274 recvfrom(100, 0x7fc3986760, 3200, MSG_DONTWAIT, NULL, NULL) = -1 EAGAIN (Try again)
30197 1783914094.814185 sendmsg(177, {msg_name=NULL, msg_namelen=0, msg_iov=[{iov_base="l\1\1\1\374\0\0\0)\2\0\0\235\0\0\0\1\1o\0;\0\0\0/re/frid"..., iov_len=428}], msg_iovlen=1, msg_controllen=0, msg_flags=0}, MSG_NOSIGNAL) = 428
30087 1783914094.820441 recvfrom(100, "nysv\0\0\0\0\0\0\0\0\0\0\0\0\315\262j8v\2\0\0\203v\2\0\0\0\0\0", 3200, MSG_DONTWAIT, NULL, NULL) = 32
30087 1783914094.820753 recvfrom(100, 0x7fc3986860, 3200, MSG_DONTWAIT, NULL, NULL) = -1 EAGAIN (Try again)
30197 1783914094.829532 sendmsg(177, {msg_name=NULL, msg_namelen=0, msg_iov=[{iov_base="l\1\1\1\374\0\0\0*\2\0\0\235\0\0\0\1\1o\0;\0\0\0/re/frid"..., iov_len=428}], msg_iovlen=1, msg_controllen=0, msg_flags=0}, MSG_NOSIGNAL) = 428
30197 1783914095.191518 sendmsg(177, {msg_name=NULL, msg_namelen=0, msg_iov=[{iov_base="l\1\1\1\374\0\0\0+\2\0\0\235\0\0\0\1\1o\0;\0\0\0/re/frid"..., iov_len=428}], msg_iovlen=1, msg_controllen=0, msg_flags=0}, MSG_NOSIGNAL) = 428
30087 1783914095.271901 recvfrom(100, 0x7fc3986420, 3200, MSG_DONTWAIT, NULL, NULL) = -1 EAGAIN (Try again)
30087 1783914095.290296 recvfrom(100, "nysv\0\0\0\0\0\0\0\0\0\0\0\0U\243:Tv\2\0\0\235v\2\0\0\0\0\0", 3200, MSG_DONTWAIT, NULL, NULL) = 32
30087 1783914095.290535 recvfrom(100, 0x7fc3986860, 3200, MSG_DONTWAIT, NULL, NULL) = -1 EAGAIN (Try again)
30087 1783914095.290886 recvfrom(121, 0x7d29777820, 2272, MSG_DONTWAIT, NULL, NULL) = -1 EAGAIN (Try again)
30087 1783914095.300891 recvfrom(100, 0x7fc3985d70, 3200, MSG_DONTWAIT, NULL, NULL) = -1 EAGAIN (Try again)
30197 1783914095.311336 sendmsg(177, {msg_name=NULL, msg_namelen=0, msg_iov=[{iov_base="l\1\1\1\374\0\0\0,\2\0\0\235\0\0\0\1\1o\0;\0\0\0/re/frid"..., iov_len=428}], msg_iovlen=1, msg_controllen=0, msg_flags=0}, MSG_NOSIGNAL) = 428
30087 1783914095.312556 recvfrom(100, "nysv\0\0\0\0\0\0\0\0\0\0\0\0\341H9Uv\2\0\0\236v\2\0\0\0\0\0", 3200, MSG_DONTWAIT, NULL, NULL) = 32
30087 1783914095.312715 recvfrom(100, 0x7fc3986860, 3200, MSG_DONTWAIT, NULL, NULL) = -1 EAGAIN (Try again)
30087 1783914095.313865 recvfrom(100, 0x7fc3986760, 3200, MSG_DONTWAIT, NULL, NULL) = -1 EAGAIN (Try again)
30197 1783914095.320136 sendmsg(177, {msg_name=NULL, msg_namelen=0, msg_iov=[{iov_base="l\1\1\1\374\0\0\0-\2\0\0\235\0\0\0\1\1o\0;\0\0\0/re/frid"..., iov_len=428}], msg_iovlen=1, msg_controllen=0, msg_flags=0}, MSG_NOSIGNAL <unfinished ...>
30087 1783914095.320156 recvfrom(100,  <unfinished ...>
30197 1783914095.320258 <... sendmsg resumed> ) = 428
30087 1783914095.320269 <... recvfrom resumed> "nysv\0\0\0\0\0\0\0\0\0\0\0\0\364\3517Vv\2\0\0\237v\2\0\0\0\0\0", 3200, MSG_DONTWAIT, NULL, NULL) = 32
30087 1783914095.320371 recvfrom(100, 0x7fc3986860, 3200, MSG_DONTWAIT, NULL, NULL) = -1 EAGAIN (Try again)
30197 1783914095.324746 sendmsg(177, {msg_name=NULL, msg_namelen=0, msg_iov=[{iov_base="l\1\1\1\374\0\0\0.\2\0\0\235\0\0\0\1\1o\0;\0\0\0/re/frid"..., iov_len=428}], msg_iovlen=1, msg_controllen=0, msg_flags=0}, MSG_NOSIGNAL) = 428
30087 1783914095.774576 recvfrom(100, 0x7fc3986420, 3200, MSG_DONTWAIT, NULL, NULL) = -1 EAGAIN (Try again)
30087 1783914095.789988 recvfrom(100, "nysv\0\0\0\0\0\0\0\0\0\0\0\0A\10\10rv\2\0\0\272v\2\0\0\0\0\0", 3200, MSG_DONTWAIT, NULL, NULL) = 32
30087 1783914095.790305 recvfrom(100, 0x7fc3986860, 3200, MSG_DONTWAIT, NULL, NULL) = -1 EAGAIN (Try again)
30087 1783914095.790769 recvfrom(121, 0x7d29777820, 2272, MSG_DONTWAIT, NULL, NULL) = -1 EAGAIN (Try again)
30087 1783914095.803300 recvfrom(100, 0x7fc3985d70, 3200, MSG_DONTWAIT, NULL, NULL) = -1 EAGAIN (Try again)
30197 1783914095.812954 sendmsg(177, {msg_name=NULL, msg_namelen=0, msg_iov=[{iov_base="l\1\1\1\374\0\0\0/\2\0\0\235\0\0\0\1\1o\0;\0\0\0/re/frid"..., iov_len=428}], msg_iovlen=1, msg_controllen=0, msg_flags=0}, MSG_NOSIGNAL) = 428
30087 1783914095.820893 recvfrom(100, "nysv\0\0\0\0\0\0\0\0\0\0\0\0\225\250\4tv\2\0\0\274v\2\0\0\0\0\0", 3200, MSG_DONTWAIT, NULL, NULL) = 32
30087 1783914095.821084 recvfrom(100, 0x7fc3986860, 3200, MSG_DONTWAIT, NULL, NULL) = -1 EAGAIN (Try again)
30087 1783914095.822677 recvfrom(100, 0x7fc3986760, 3200, MSG_DONTWAIT, NULL, NULL) = -1 EAGAIN (Try again)
30197 1783914095.829170 sendmsg(177, {msg_name=NULL, msg_namelen=0, msg_iov=[{iov_base="l\1\1\1\374\0\0\0000\2\0\0\235\0\0\0\1\1o\0;\0\0\0/re/frid"..., iov_len=428}], msg_iovlen=1, msg_controllen=0, msg_flags=0}, MSG_NOSIGNAL) = 428
30087 1783914095.838047 recvfrom(100, "nysv\0\0\0\0\0\0\0\0\0\0\0\0\277\370\2uv\2\0\0\275v\2\0\0\0\0\0", 3200, MSG_DONTWAIT, NULL, NULL) = 32
30087 1783914095.838228 recvfrom(100, 0x7fc3986860, 3200, MSG_DONTWAIT, NULL, NULL) = -1 EAGAIN (Try again)
30197 1783914095.843511 sendmsg(177, {msg_name=NULL, msg_namelen=0, msg_iov=[{iov_base="l\1\1\1\374\0\0\0001\2\0\0\235\0\0\0\1\1o\0;\0\0\0/re/frid"..., iov_len=428}], msg_iovlen=1, msg_controllen=0, msg_flags=0}, MSG_NOSIGNAL) = 428
30197 1783914096.203247 sendmsg(177, {msg_name=NULL, msg_namelen=0, msg_iov=[{iov_base="l\1\1\1\374\0\0\0002\2\0\0\235\0\0\0\1\1o\0;\0\0\0/re/frid"..., iov_len=428}], msg_iovlen=1, msg_controllen=0, msg_flags=0}, MSG_NOSIGNAL) = 428
30197 1783914096.217783 sendmsg(177, {msg_name=NULL, msg_namelen=0, msg_iov=[{iov_base="l\1\1\1\374\0\0\0003\2\0\0\235\0\0\0\1\1o\0;\0\0\0/re/frid"..., iov_len=428}], msg_iovlen=1, msg_controllen=0, msg_flags=0}, MSG_NOSIGNAL) = 428
30197 1783914096.234145 sendmsg(177, {msg_name=NULL, msg_namelen=0, msg_iov=[{iov_base="l\1\1\1\374\0\0\0004\2\0\0\235\0\0\0\1\1o\0;\0\0\0/re/frid"..., iov_len=428}], msg_iovlen=1, msg_controllen=0, msg_flags=0}, MSG_NOSIGNAL) = 428
30087 1783914096.278137 recvfrom(100, 0x7fc3986420, 3200, MSG_DONTWAIT, NULL, NULL) = -1 EAGAIN (Try again)
30087 1783914096.285960 recvfrom(100, "nysv\0\0\0\0\0\0\0\0\0\0\0\0C\355\326\217v\2\0\0\330v\2\0\0\0\0\0", 3200, MSG_DONTWAIT, NULL, NULL) = 32
30087 1783914096.286175 recvfrom(100, 0x7fc3986860, 3200, MSG_DONTWAIT, NULL, NULL) = -1 EAGAIN (Try again)
30087 1783914096.286581 recvfrom(121, 0x7d29777820, 2272, MSG_DONTWAIT, NULL, NULL) = -1 EAGAIN (Try again)
30087 1783914096.297144 recvfrom(100, 0x7fc3985d70, 3200, MSG_DONTWAIT, NULL, NULL) = -1 EAGAIN (Try again)
30197 1783914096.307862 sendmsg(177, {msg_name=NULL, msg_namelen=0, msg_iov=[{iov_base="l\1\1\1\374\0\0\0005\2\0\0\235\0\0\0\1\1o\0;\0\0\0/re/frid"..., iov_len=428}], msg_iovlen=1, msg_controllen=0, msg_flags=0}, MSG_NOSIGNAL) = 428
30087 1783914096.310874 recvfrom(100, "nysv\0\0\0\0\0\0\0\0\0\0\0\0\333\213\325\220v\2\0\0\331v\2\0\0\0\0\0", 3200, MSG_DONTWAIT, NULL, NULL) = 32
30087 1783914096.311030 recvfrom(100, 0x7fc3986860, 3200, MSG_DONTWAIT, NULL, NULL) = -1 EAGAIN (Try again)
30087 1783914096.312165 recvfrom(100, 0x7fc3986760, 3200, MSG_DONTWAIT, NULL, NULL) = -1 EAGAIN (Try again)
30197 1783914096.317576 sendmsg(177, {msg_name=NULL, msg_namelen=0, msg_iov=[{iov_base="l\1\1\1\374\0\0\0006\2\0\0\235\0\0\0\1\1o\0;\0\0\0/re/frid"..., iov_len=428}], msg_iovlen=1, msg_controllen=0, msg_flags=0}, MSG_NOSIGNAL) = 428
30087 1783914096.319271 recvfrom(100, "nysv\0\0\0\0\0\0\0\0\0\0\0\0\376)\324\221v\2\0\0\332v\2\0\0\0\0\0", 3200, MSG_DONTWAIT, NULL, NULL) = 32
30087 1783914096.319422 recvfrom(100, 0x7fc3986860, 3200, MSG_DONTWAIT, NULL, NULL) = -1 EAGAIN (Try again)
30197 1783914096.324223 sendmsg(177, {msg_name=NULL, msg_namelen=0, msg_iov=[{iov_base="l\1\1\1\374\0\0\0007\2\0\0\235\0\0\0\1\1o\0;\0\0\0/re/frid"..., iov_len=428}], msg_iovlen=1, msg_controllen=0, msg_flags=0}, MSG_NOSIGNAL) = 428
30181 1783914096.774231 socketpair(AF_UNIX, SOCK_STREAM, 0, [132, 133]) = 0
30181 1783914096.774418 shutdown(132, SHUT_RDWR) = 0
30181 1783914096.774439 getsockopt(133, SOL_SOCKET, SO_ERROR, [0], [4]) = 0
30181 1783914096.774519 getsockopt(133, SOL_SOCKET, SO_LINGER, {l_onoff=0, l_linger=0}, [8]) = 0
30181 1783914096.774627 getsockopt(132, SOL_SOCKET, SO_ERROR, [0], [4]) = 0
30181 1783914096.774643 getsockopt(132, SOL_SOCKET, SO_LINGER, {l_onoff=0, l_linger=0}, [8]) = 0
30181 1783914096.774668 getsockopt(119, SOL_SOCKET, SO_ERROR, [0], [4]) = 0
30181 1783914096.774682 getsockopt(119, SOL_SOCKET, SO_LINGER, {l_onoff=0, l_linger=0}, [8]) = 0
30181 1783914096.775303 exit(0)         = ?
30181 1783914096.775394 +++ exited with 0 +++
30184 1783914096.777733 exit(0)         = ?
30184 1783914096.778153 +++ exited with 0 +++
30087 1783914096.780335 recvfrom(100, 0x7fc3986420, 3200, MSG_DONTWAIT, NULL, NULL) = -1 EAGAIN (Try again)
30087 1783914096.787064 recvfrom(100, "nysv\0\0\0\0\0\0\0\0\0\0\0\0\305\330\242\255v\2\0\0\365v\2\0\0\0\0\0", 3200, MSG_DONTWAIT, NULL, NULL) = 32
30087 1783914096.787385 recvfrom(100, 0x7fc3986860, 3200, MSG_DONTWAIT, NULL, NULL) = -1 EAGAIN (Try again)
30087 1783914096.787972 recvfrom(121, 0x7d29777820, 2272, MSG_DONTWAIT, NULL, NULL) = -1 EAGAIN (Try again)
30087 1783914096.805940 recvfrom(100, 0x7fc3985d70, 3200, MSG_DONTWAIT, NULL, NULL) = -1 EAGAIN (Try again)
30197 1783914096.814785 sendmsg(177, {msg_name=NULL, msg_namelen=0, msg_iov=[{iov_base="l\1\1\1\374\0\0\08\2\0\0\235\0\0\0\1\1o\0;\0\0\0/re/frid"..., iov_len=428}], msg_iovlen=1, msg_controllen=0, msg_flags=0}, MSG_NOSIGNAL) = 428
30087 1783914096.820002 recvfrom(100, "nysv\0\0\0\0\0\0\0\0\0\0\0\0\344\230\237\257v\2\0\0\367v\2\0\0\0\0\0", 3200, MSG_DONTWAIT, NULL, NULL) = 32
30087 1783914096.820417 recvfrom(100, 0x7fc3986860, 3200, MSG_DONTWAIT, NULL, NULL) = -1 EAGAIN (Try again)
30087 1783914096.825187 recvfrom(100, 0x7fc3986760, 3200, MSG_DONTWAIT, NULL, NULL) = -1 EAGAIN (Try again)
30194 1783914096.825908 faccessat(AT_FDCWD, "/proc/self/task/30181", F_OK) = -1 ENOENT (No such file or directory)
30194 1783914096.826227 faccessat(AT_FDCWD, "/proc/self/task/30184", F_OK) = -1 ENOENT (No such file or directory)
30197 1783914096.832965 sendmsg(177, {msg_name=NULL, msg_namelen=0, msg_iov=[{iov_base="l\1\1\1\374\0\0\09\2\0\0\235\0\0\0\1\1o\0;\0\0\0/re/frid"..., iov_len=428}], msg_iovlen=1, msg_controllen=0, msg_flags=0}, MSG_NOSIGNAL) = 428
30087 1783914096.835708 recvfrom(100, "nysv\0\0\0\0\0\0\0\0\0\0\0\0\246-\236\260v\2\0\0\370v\2\0\0\0\0\0", 3200, MSG_DONTWAIT, NULL, NULL) = 32
30087 1783914096.835905 recvfrom(100, 0x7fc3986860, 3200, MSG_DONTWAIT, NULL, NULL) = -1 EAGAIN (Try again)
30197 1783914096.843105 sendmsg(177, {msg_name=NULL, msg_namelen=0, msg_iov=[{iov_base="l\1\1\1\374\0\0\0:\2\0\0\235\0\0\0\1\1o\0;\0\0\0/re/frid"..., iov_len=428}], msg_iovlen=1, msg_controllen=0, msg_flags=0}, MSG_NOSIGNAL) = 428
30186 1783914096.965272 socketpair(AF_UNIX, SOCK_STREAM, 0, [119, 132]) = 0
30186 1783914096.965329 shutdown(119, SHUT_RDWR) = 0
30186 1783914096.965347 getsockopt(132, SOL_SOCKET, SO_ERROR, [0], [4]) = 0
30186 1783914096.965471 getsockopt(132, SOL_SOCKET, SO_LINGER, {l_onoff=0, l_linger=0}, [8]) = 0
30186 1783914096.965574 getsockopt(119, SOL_SOCKET, SO_ERROR, [0], [4]) = 0
30186 1783914096.965592 getsockopt(119, SOL_SOCKET, SO_LINGER, {l_onoff=0, l_linger=0}, [8]) = 0
30186 1783914096.965617 getsockopt(147, SOL_SOCKET, SO_ERROR, [0], [4]) = 0
30186 1783914096.965631 getsockopt(147, SOL_SOCKET, SO_LINGER, {l_onoff=0, l_linger=0}, [8]) = 0
30186 1783914096.965967 exit(0)         = ?
30186 1783914096.966008 +++ exited with 0 +++
30188 1783914096.968727 exit(0)         = ?
30188 1783914096.969038 +++ exited with 0 +++
30194 1783914097.023535 faccessat(AT_FDCWD, "/proc/self/task/30186", F_OK) = -1 ENOENT (No such file or directory)
30194 1783914097.024717 faccessat(AT_FDCWD, "/proc/self/task/30188", F_OK) = -1 ENOENT (No such file or directory)
30087 1783914097.283920 recvfrom(100, 0x7fc3986420, 3200, MSG_DONTWAIT, NULL, NULL) = -1 EAGAIN (Try again)
30087 1783914097.286618 recvfrom(100, "nysv\0\0\0\0\0\0\0\0\0\0\0\0_\202p\313v\2\0\0\23w\2\0\0\0\0\0", 3200, MSG_DONTWAIT, NULL, NULL) = 32
30087 1783914097.286964 recvfrom(100, 0x7fc3986860, 3200, MSG_DONTWAIT, NULL, NULL) = -1 EAGAIN (Try again)
30087 1783914097.287283 recvfrom(121, 0x7d29777820, 2272, MSG_DONTWAIT, NULL, NULL) = -1 EAGAIN (Try again)
30087 1783914097.306092 recvfrom(100, 0x7fc3985d70, 3200, MSG_DONTWAIT, NULL, NULL) = -1 EAGAIN (Try again)
30197 1783914097.317094 sendmsg(177, {msg_name=NULL, msg_namelen=0, msg_iov=[{iov_base="l\1\1\1\374\0\0\0;\2\0\0\235\0\0\0\1\1o\0;\0\0\0/re/frid"..., iov_len=428}], msg_iovlen=1, msg_controllen=0, msg_flags=0}, MSG_NOSIGNAL) = 428
30087 1783914097.319347 recvfrom(100, "nysv\0\0\0\0\0\0\0\0\0\0\0\0\221\36m\315v\2\0\0\25w\2\0\0\0\0\0", 3200, MSG_DONTWAIT, NULL, NULL) = 32
30087 1783914097.319964 recvfrom(100, 0x7fc3986860, 3200, MSG_DONTWAIT, NULL, NULL) = -1 EAGAIN (Try again)
30087 1783914097.321749 recvfrom(100, 0x7fc3986760, 3200, MSG_DONTWAIT, NULL, NULL) = -1 EAGAIN (Try again)
30197 1783914097.332796 sendmsg(177, {msg_name=NULL, msg_namelen=0, msg_iov=[{iov_base="l\1\1\1\374\0\0\0<\2\0\0\235\0\0\0\1\1o\0;\0\0\0/re/frid"..., iov_len=428}], msg_iovlen=1, msg_controllen=0, msg_flags=0}, MSG_NOSIGNAL) = 428
30087 1783914097.336065 recvfrom(100, "nysv\0\0\0\0\0\0\0\0\0\0\0\0\354\237k\316v\2\0\0\26w\2\0\0\0\0\0", 3200, MSG_DONTWAIT, NULL, NULL) = 32
30087 1783914097.336242 recvfrom(100, 0x7fc3986860, 3200, MSG_DONTWAIT, NULL, NULL) = -1 EAGAIN (Try again)
30197 1783914097.341899 sendmsg(177, {msg_name=NULL, msg_namelen=0, msg_iov=[{iov_base="l\1\1\1\374\0\0\0=\2\0\0\235\0\0\0\1\1o\0;\0\0\0/re/frid"..., iov_len=428}], msg_iovlen=1, msg_controllen=0, msg_flags=0}, MSG_NOSIGNAL) = 428
30152 1783914097.492724 getsockopt(143, SOL_TCP, TCP_INFO, "\10\0\0\0\0\0\0\1`[\3\0@\234\0\0\264\5\0\0\240\5\0\0\0\0\0\0\0\0\0\0"..., [232->192]) = 0
30152 1783914097.493651 getsockopt(143, SOL_TCP, TCP_INFO, "\10\0\0\0\0\0\0\1`[\3\0@\234\0\0\264\5\0\0\240\5\0\0\0\0\0\0\0\0\0\0"..., [232->192]) = 0
30087 1783914097.790392 recvfrom(100, 0x7fc3986420, 3200, MSG_DONTWAIT, NULL, NULL) = -1 EAGAIN (Try again)
30087 1783914097.807153 recvfrom(100, "nysv\0\0\0\0\0\0\0\0\0\0\0\0\33\354;\352v\2\0\0001w\2\0\0\0\0\0", 3200, MSG_DONTWAIT, NULL, NULL) = 32
30087 1783914097.807820 recvfrom(100, 0x7fc3986860, 3200, MSG_DONTWAIT, NULL, NULL) = -1 EAGAIN (Try again)
30087 1783914097.808911 recvfrom(121, 0x7d29777820, 2272, MSG_DONTWAIT, NULL, NULL) = -1 EAGAIN (Try again)
30087 1783914097.826578 recvfrom(100, 0x7fc3985d70, 3200, MSG_DONTWAIT, NULL, NULL) = -1 EAGAIN (Try again)
30197 1783914097.836248 sendmsg(177, {msg_name=NULL, msg_namelen=0, msg_iov=[{iov_base="l\1\1\1\374\0\0\0>\2\0\0\235\0\0\0\1\1o\0;\0\0\0/re/frid"..., iov_len=428}], msg_iovlen=1, msg_controllen=0, msg_flags=0}, MSG_NOSIGNAL) = 428
30087 1783914097.841524 recvfrom(100, "nysv\0\0\0\0\0\0\0\0\0\0\0\0\330\239\354v\2\0\0003w\2\0\0\0\0\0", 3200, MSG_DONTWAIT, NULL, NULL) = 32
30087 1783914097.842492 recvfrom(100, 0x7fc3986860, 3200, MSG_DONTWAIT, NULL, NULL) = -1 EAGAIN (Try again)
30087 1783914097.844854 recvfrom(100, 0x7fc3986760, 3200, MSG_DONTWAIT, NULL, NULL) = -1 EAGAIN (Try again)
30197 1783914097.852479 sendmsg(177, {msg_name=NULL, msg_namelen=0, msg_iov=[{iov_base="l\1\1\1\374\0\0\0?\2\0\0\235\0\0\0\1\1o\0;\0\0\0/re/frid"..., iov_len=428}], msg_iovlen=1, msg_controllen=0, msg_flags=0}, MSG_NOSIGNAL) = 428
30087 1783914097.853442 recvfrom(100, "nysv\0\0\0\0\0\0\0\0\0\0\0\0\5\2637\355v\2\0\0004w\2\0\0\0\0\0", 3200, MSG_DONTWAIT, NULL, NULL) = 32
30087 1783914097.853633 recvfrom(100, 0x7fc3986860, 3200, MSG_DONTWAIT, NULL, NULL) = -1 EAGAIN (Try again)
30197 1783914097.858854 sendmsg(177, {msg_name=NULL, msg_namelen=0, msg_iov=[{iov_base="l\1\1\1\374\0\0\0@\2\0\0\235\0\0\0\1\1o\0;\0\0\0/re/frid"..., iov_len=428}], msg_iovlen=1, msg_controllen=0, msg_flags=0}, MSG_NOSIGNAL) = 428
30087 1783914098.294139 recvfrom(100, 0x7fc3986420, 3200, MSG_DONTWAIT, NULL, NULL) = -1 EAGAIN (Try again)
30087 1783914098.304838 recvfrom(100, "nysv\0\0\0\0\0\0\0\0\0\0\0\0\7Q\t\10w\2\0\0Ow\2\0\0\0\0\0", 3200, MSG_DONTWAIT, NULL, NULL) = 32
30087 1783914098.305078 recvfrom(100, 0x7fc3986860, 3200, MSG_DONTWAIT, NULL, NULL) = -1 EAGAIN (Try again)
30087 1783914098.305549 recvfrom(121, 0x7d29777820, 2272, MSG_DONTWAIT, NULL, NULL) = -1 EAGAIN (Try again)
30087 1783914098.318342 recvfrom(100, 0x7fc3985d70, 3200, MSG_DONTWAIT, NULL, NULL) = -1 EAGAIN (Try again)
30197 1783914098.329216 sendmsg(177, {msg_name=NULL, msg_namelen=0, msg_iov=[{iov_base="l\1\1\1\374\0\0\0A\2\0\0\235\0\0\0\1\1o\0;\0\0\0/re/frid"..., iov_len=428}], msg_iovlen=1, msg_controllen=0, msg_flags=0}, MSG_NOSIGNAL) = 428
30146 1783914098.334488 openat(AT_FDCWD, "/data/user/0/app.fedilab.mobilizon/app_webview/Default", O_RDONLY|O_CLOEXEC) = 119
30087 1783914098.336960 recvfrom(100, "nysv\0\0\0\0\0\0\0\0\0\0\0\0\32E\6\nw\2\0\0Qw\2\0\0\0\0\0", 3200, MSG_DONTWAIT, NULL, NULL) = 32
30087 1783914098.337236 recvfrom(100, 0x7fc3986860, 3200, MSG_DONTWAIT, NULL, NULL) = -1 EAGAIN (Try again)
30087 1783914098.339231 recvfrom(100, 0x7fc3986760, 3200, MSG_DONTWAIT, NULL, NULL) = -1 EAGAIN (Try again)
30197 1783914098.345081 sendmsg(177, {msg_name=NULL, msg_namelen=0, msg_iov=[{iov_base="l\1\1\1\374\0\0\0B\2\0\0\235\0\0\0\1\1o\0;\0\0\0/re/frid"..., iov_len=428}], msg_iovlen=1, msg_controllen=0, msg_flags=0}, MSG_NOSIGNAL) = 428
30087 1783914098.352732 recvfrom(100, "nysv\0\0\0\0\0\0\0\0\0\0\0\0\347\301\4\vw\2\0\0Rw\2\0\0\0\0\0", 3200, MSG_DONTWAIT, NULL, NULL) = 32
30087 1783914098.352897 recvfrom(100, 0x7fc3986860, 3200, MSG_DONTWAIT, NULL, NULL) = -1 EAGAIN (Try again)
30197 1783914098.357662 sendmsg(177, {msg_name=NULL, msg_namelen=0, msg_iov=[{iov_base="l\1\1\1\374\0\0\0C\2\0\0\235\0\0\0\1\1o\0;\0\0\0/re/frid"..., iov_len=428}], msg_iovlen=1, msg_controllen=0, msg_flags=0}, MSG_NOSIGNAL) = 428
30087 1783914098.799266 recvfrom(100, 0x7fc3986420, 3200, MSG_DONTWAIT, NULL, NULL) = -1 EAGAIN (Try again)
30087 1783914098.802788 recvfrom(100, "nysv\0\0\0\0\0\0\0\0\0\0\0\0\7\377\326%w\2\0\0mw\2\0\0\0\0\0", 3200, MSG_DONTWAIT, NULL, NULL) = 32
30087 1783914098.803168 recvfrom(100, 0x7fc3986860, 3200, MSG_DONTWAIT, NULL, NULL) = -1 EAGAIN (Try again)
30087 1783914098.803798 recvfrom(121, 0x7d29777820, 2272, MSG_DONTWAIT, NULL, NULL) = -1 EAGAIN (Try again)
30087 1783914098.822766 recvfrom(100,  <unfinished ...>
30152 1783914098.822962 getsockopt(126, SOL_TCP, TCP_INFO,  <unfinished ...>
30087 1783914098.822992 <... recvfrom resumed> 0x7fc3985d70, 3200, MSG_DONTWAIT, NULL, NULL) = -1 EAGAIN (Try again)
30152 1783914098.823197 <... getsockopt resumed> "\10\0\0\0\0\0\0\1\200,\3\0@\234\0\0\264\5\0\0\240\5\0\0\0\0\0\0\0\0\0\0"..., [232->192]) = 0
30152 1783914098.824988 getsockopt(126, SOL_TCP, TCP_INFO, "\10\0\0\0\0\0\0\1\200,\3\0@\234\0\0\264\5\0\0\240\5\0\0\0\0\0\0\0\0\0\0"..., [232->192]) = 0
30197 1783914098.834602 sendmsg(177, {msg_name=NULL, msg_namelen=0, msg_iov=[{iov_base="l\1\1\1\374\0\0\0D\2\0\0\235\0\0\0\1\1o\0;\0\0\0/re/frid"..., iov_len=428}], msg_iovlen=1, msg_controllen=0, msg_flags=0}, MSG_NOSIGNAL) = 428
30087 1783914098.836072 recvfrom(100, "nysv\0\0\0\0\0\0\0\0\0\0\0\0\321\251\323'w\2\0\0ow\2\0\0\0\0\0", 3200, MSG_DONTWAIT, NULL, NULL) = 32
30087 1783914098.836517 recvfrom(100, 0x7fc3986860, 3200, MSG_DONTWAIT, NULL, NULL) = -1 EAGAIN (Try again)
30087 1783914098.844930 recvfrom(100, 0x7fc3986760, 3200, MSG_DONTWAIT, NULL, NULL) = -1 EAGAIN (Try again)
30197 1783914098.851742 sendmsg(177, {msg_name=NULL, msg_namelen=0, msg_iov=[{iov_base="l\1\1\1\374\0\0\0E\2\0\0\235\0\0\0\1\1o\0;\0\0\0/re/frid"..., iov_len=428}], msg_iovlen=1, msg_controllen=0, msg_flags=0}, MSG_NOSIGNAL) = 428
30087 1783914098.853326 recvfrom(100, "nysv\0\0\0\0\0\0\0\0\0\0\0\0(L\322(w\2\0\0pw\2\0\0\0\0\0", 3200, MSG_DONTWAIT, NULL, NULL) = 32
30087 1783914098.853503 recvfrom(100, 0x7fc3986860, 3200, MSG_DONTWAIT, NULL, NULL) = -1 EAGAIN (Try again)
30197 1783914098.864342 sendmsg(177, {msg_name=NULL, msg_namelen=0, msg_iov=[{iov_base="l\1\1\1\374\0\0\0F\2\0\0\235\0\0\0\1\1o\0;\0\0\0/re/frid"..., iov_len=428}], msg_iovlen=1, msg_controllen=0, msg_flags=0}, MSG_NOSIGNAL) = 428
30087 1783914099.307304 recvfrom(100, 0x7fc3986420, 3200, MSG_DONTWAIT, NULL, NULL) = -1 EAGAIN (Try again)
30087 1783914099.324110 recvfrom(100, "nysv\0\0\0\0\0\0\0\0\0\0\0\0\tk\242Dw\2\0\0\214w\2\0\0\0\0\0", 3200, MSG_DONTWAIT, NULL, NULL) = 32
30087 1783914099.324833 recvfrom(100, 0x7fc3986860, 3200, MSG_DONTWAIT, NULL, NULL) = -1 EAGAIN (Try again)
30087 1783914099.326142 recvfrom(121, 0x7d29777820, 2272, MSG_DONTWAIT, NULL, NULL) = -1 EAGAIN (Try again)
30087 1783914099.345663 recvfrom(100, 0x7fc3985d70, 3200, MSG_DONTWAIT, NULL, NULL) = -1 EAGAIN (Try again)
30197 1783914099.361151 sendmsg(177, {msg_name=NULL, msg_namelen=0, msg_iov=[{iov_base="l\1\1\1\374\0\0\0G\2\0\0\235\0\0\0\1\1o\0;\0\0\0/re/frid"..., iov_len=428}], msg_iovlen=1, msg_controllen=0, msg_flags=0}, MSG_NOSIGNAL) = 428
30087 1783914099.362584 recvfrom(100, "nysv\0\0\0\0\0\0\0\0\0\0\0\0$\247\237Fw\2\0\0\216w\2\0\0\0\0\0", 3200, MSG_DONTWAIT, NULL, NULL) = 32
30087 1783914099.362835 recvfrom(100, 0x7fc3986860, 3200, MSG_DONTWAIT, NULL, NULL) = -1 EAGAIN (Try again)
30087 1783914099.364904 recvfrom(100, 0x7fc3986760, 3200, MSG_DONTWAIT, NULL, NULL) = -1 EAGAIN (Try again)
30197 1783914099.371475 sendmsg(177, {msg_name=NULL, msg_namelen=0, msg_iov=[{iov_base="l\1\1\1\374\0\0\0H\2\0\0\235\0\0\0\1\1o\0;\0\0\0/re/frid"..., iov_len=428}], msg_iovlen=1, msg_controllen=0, msg_flags=0}, MSG_NOSIGNAL) = 428
30087 1783914099.372836 recvfrom(100, "nysv\0\0\0\0\0\0\0\0\0\0\0\0\266K\236Gw\2\0\0\217w\2\0\0\0\0\0", 3200, MSG_DONTWAIT, NULL, NULL) = 32
30087 1783914099.373019 recvfrom(100, 0x7fc3986860, 3200, MSG_DONTWAIT, NULL, NULL) = -1 EAGAIN (Try again)
30197 1783914099.378309 sendmsg(177, {msg_name=NULL, msg_namelen=0, msg_iov=[{iov_base="l\1\1\1\374\0\0\0I\2\0\0\235\0\0\0\1\1o\0;\0\0\0/re/frid"..., iov_len=428}], msg_iovlen=1, msg_controllen=0, msg_flags=0}, MSG_NOSIGNAL) = 428
30087 1783914099.812342 recvfrom(100, 0x7fc3986420, 3200, MSG_DONTWAIT, NULL, NULL) = -1 EAGAIN (Try again)
30087 1783914099.819993 recvfrom(100, "nysv\0\0\0\0\0\0\0\0\0\0\0\0\316\373obw\2\0\0\252w\2\0\0\0\0\0", 3200, MSG_DONTWAIT, NULL, NULL) = 32
30087 1783914099.820422 recvfrom(100, 0x7fc3986860, 3200, MSG_DONTWAIT, NULL, NULL) = -1 EAGAIN (Try again)
30087 1783914099.821178 recvfrom(121, 0x7d29777820, 2272, MSG_DONTWAIT, NULL, NULL) = -1 EAGAIN (Try again)
30087 1783914099.839162 recvfrom(100, 0x7fc3985d70, 3200, MSG_DONTWAIT, NULL, NULL) = -1 EAGAIN (Try again)
30197 1783914099.848257 sendmsg(177, {msg_name=NULL, msg_namelen=0, msg_iov=[{iov_base="l\1\1\1\374\0\0\0J\2\0\0\235\0\0\0\1\1o\0;\0\0\0/re/frid"..., iov_len=428}], msg_iovlen=1, msg_controllen=0, msg_flags=0}, MSG_NOSIGNAL) = 428
30087 1783914099.854007 recvfrom(100, "nysv\0\0\0\0\0\0\0\0\0\0\0\0\306\200ldw\2\0\0\254w\2\0\0\0\0\0", 3200, MSG_DONTWAIT, NULL, NULL) = 32
30087 1783914099.854216 recvfrom(100, 0x7fc3986860, 3200, MSG_DONTWAIT, NULL, NULL) = -1 EAGAIN (Try again)
30087 1783914099.863052 recvfrom(100, 0x7fc3986760, 3200, MSG_DONTWAIT, NULL, NULL) = -1 EAGAIN (Try again)
30197 1783914099.871083 sendmsg(177, {msg_name=NULL, msg_namelen=0, msg_iov=[{iov_base="l\1\1\1\374\0\0\0K\2\0\0\235\0\0\0\1\1o\0;\0\0\0/re/frid"..., iov_len=428}], msg_iovlen=1, msg_controllen=0, msg_flags=0}, MSG_NOSIGNAL) = 428
30087 1783914099.871268 recvfrom(100, "nysv\0\0\0\0\0\0\0\0\0\0\0\0\272#kew\2\0\0\255w\2\0\0\0\0\0", 3200, MSG_DONTWAIT, NULL, NULL) = 32
30087 1783914099.871531 recvfrom(100, 0x7fc3986860, 3200, MSG_DONTWAIT, NULL, NULL) = -1 EAGAIN (Try again)
30197 1783914099.876899 sendmsg(177, {msg_name=NULL, msg_namelen=0, msg_iov=[{iov_base="l\1\1\1\374\0\0\0L\2\0\0\235\0\0\0\1\1o\0;\0\0\0/re/frid"..., iov_len=428}], msg_iovlen=1, msg_controllen=0, msg_flags=0}, MSG_NOSIGNAL) = 428
30087 1783914100.317700 recvfrom(100, 0x7fc3986420, 3200, MSG_DONTWAIT, NULL, NULL) = -1 EAGAIN (Try again)
30087 1783914100.342577 recvfrom(100, "nysv\0\0\0\0\0\0\0\0\0\0\0\0\v\205;\201w\2\0\0\311w\2\0\0\0\0\0", 3200, MSG_DONTWAIT, NULL, NULL) = 32
30087 1783914100.343229 recvfrom(100, 0x7fc3986860, 3200, MSG_DONTWAIT, NULL, NULL) = -1 EAGAIN (Try again)
30087 1783914100.343930 recvfrom(121, 0x7d29777820, 2272, MSG_DONTWAIT, NULL, NULL) = -1 EAGAIN (Try again)
30087 1783914100.362624 recvfrom(100, 0x7fc3985d70, 3200, MSG_DONTWAIT, NULL, NULL) = -1 EAGAIN (Try again)
30197 1783914100.379139 sendmsg(177, {msg_name=NULL, msg_namelen=0, msg_iov=[{iov_base="l\1\1\1\374\0\0\0M\2\0\0\235\0\0\0\1\1o\0;\0\0\0/re/frid"..., iov_len=428}], msg_iovlen=1, msg_controllen=0, msg_flags=0}, MSG_NOSIGNAL) = 428
30087 1783914100.379582 recvfrom(100, "nysv\0\0\0\0\0\0\0\0\0\0\0\0\230\3138\203w\2\0\0\313w\2\0\0\0\0\0", 3200, MSG_DONTWAIT, NULL, NULL) = 32
30087 1783914100.380066 recvfrom(100, 0x7fc3986860, 3200, MSG_DONTWAIT, NULL, NULL) = -1 EAGAIN (Try again)
30087 1783914100.381615 recvfrom(100, 0x7fc3986760, 3200, MSG_DONTWAIT, NULL, NULL) = -1 EAGAIN (Try again)
30197 1783914100.388095 sendmsg(177, {msg_name=NULL, msg_namelen=0, msg_iov=[{iov_base="l\1\1\1\374\0\0\0N\2\0\0\235\0\0\0\1\1o\0;\0\0\0/re/frid"..., iov_len=428}], msg_iovlen=1, msg_controllen=0, msg_flags=0}, MSG_NOSIGNAL) = 428
30087 1783914100.389444 recvfrom(100, "nysv\0\0\0\0\0\0\0\0\0\0\0\0\365n7\204w\2\0\0\314w\2\0\0\0\0\0", 3200, MSG_DONTWAIT, NULL, NULL) = 32
30087 1783914100.389653 recvfrom(100, 0x7fc3986860, 3200, MSG_DONTWAIT, NULL, NULL) = -1 EAGAIN (Try again)
30197 1783914100.395501 sendmsg(177, {msg_name=NULL, msg_namelen=0, msg_iov=[{iov_base="l\1\1\1\374\0\0\0O\2\0\0\235\0\0\0\1\1o\0;\0\0\0/re/frid"..., iov_len=428}], msg_iovlen=1, msg_controllen=0, msg_flags=0}, MSG_NOSIGNAL) = 428
30087 1783914100.823934 recvfrom(100, 0x7fc3986420, 3200, MSG_DONTWAIT, NULL, NULL) = -1 EAGAIN (Try again)
30087 1783914100.836904 recvfrom(100, "nysv\0\0\0\0\0\0\0\0\0\0\0\0\t\356\10\237w\2\0\0\346w\2\0\0\0\0\0", 3200, MSG_DONTWAIT, NULL, NULL) = 32
30087 1783914100.837167 recvfrom(100, 0x7fc3986860, 3200, MSG_DONTWAIT, NULL, NULL) = -1 EAGAIN (Try again)
30087 1783914100.837657 recvfrom(121, 0x7d29777820, 2272, MSG_DONTWAIT, NULL, NULL) = -1 EAGAIN (Try again)
30087 1783914100.851040 recvfrom(100, 0x7fc3985d70, 3200, MSG_DONTWAIT, NULL, NULL) = -1 EAGAIN (Try again)
30197 1783914100.863386 sendmsg(177, {msg_name=NULL, msg_namelen=0, msg_iov=[{iov_base="l\1\1\1\374\0\0\0P\2\0\0\235\0\0\0\1\1o\0;\0\0\0/re/frid"..., iov_len=428}], msg_iovlen=1, msg_controllen=0, msg_flags=0}, MSG_NOSIGNAL) = 428
30087 1783914100.864808 recvfrom(100, "nysv\0\0\0\0\0\0\0\0\0\0\0\0\237\224\7\240w\2\0\0\347w\2\0\0\0\0\0", 3200, MSG_DONTWAIT, NULL, NULL) = 32
30087 1783914100.865010 recvfrom(100, 0x7fc3986860, 3200, MSG_DONTWAIT, NULL, NULL) = -1 EAGAIN (Try again)
30087 1783914100.866284 recvfrom(100, 0x7fc3986760, 3200, MSG_DONTWAIT, NULL, NULL) = -1 EAGAIN (Try again)
30197 1783914100.873449 sendmsg(177, {msg_name=NULL, msg_namelen=0, msg_iov=[{iov_base="l\1\1\1\374\0\0\0Q\2\0\0\235\0\0\0\1\1o\0;\0\0\0/re/frid"..., iov_len=428}], msg_iovlen=1, msg_controllen=0, msg_flags=0}, MSG_NOSIGNAL) = 428
30087 1783914100.873730 recvfrom(100, "nysv\0\0\0\0\0\0\0\0\0\0\0\0X:\6\241w\2\0\0\350w\2\0\0\0\0\0", 3200, MSG_DONTWAIT, NULL, NULL) = 32
30087 1783914100.874041 recvfrom(100, 0x7fc3986860, 3200, MSG_DONTWAIT, NULL, NULL) = -1 EAGAIN (Try again)
30197 1783914100.878659 sendmsg(177, {msg_name=NULL, msg_namelen=0, msg_iov=[{iov_base="l\1\1\1\374\0\0\0R\2\0\0\235\0\0\0\1\1o\0;\0\0\0/re/frid"..., iov_len=428}], msg_iovlen=1, msg_controllen=0, msg_flags=0}, MSG_NOSIGNAL) = 428
30087 1783914101.326012 recvfrom(100, 0x7fc3986420, 3200, MSG_DONTWAIT, NULL, NULL) = -1 EAGAIN (Try again)
30087 1783914101.337557 recvfrom(100, "nysv\0\0\0\0\0\0\0\0\0\0\0\0\377S\326\274w\2\0\0\3x\2\0\0\0\0\0", 3200, MSG_DONTWAIT, NULL, NULL) = 32
30087 1783914101.338062 recvfrom(100, 0x7fc3986860, 3200, MSG_DONTWAIT, NULL, NULL) = -1 EAGAIN (Try again)
30087 1783914101.338911 recvfrom(121, 0x7d29777820, 2272, MSG_DONTWAIT, NULL, NULL) = -1 EAGAIN (Try again)
30087 1783914101.357053 recvfrom(100, 0x7fc3985d70, 3200, MSG_DONTWAIT, NULL, NULL) = -1 EAGAIN (Try again)
30197 1783914101.365466 sendmsg(177, {msg_name=NULL, msg_namelen=0, msg_iov=[{iov_base="l\1\1\1\374\0\0\0S\2\0\0\235\0\0\0\1\1o\0;\0\0\0/re/frid"..., iov_len=428}], msg_iovlen=1, msg_controllen=0, msg_flags=0}, MSG_NOSIGNAL) = 428
30087 1783914101.370104 recvfrom(100, "nysv\0\0\0\0\0\0\0\0\0\0\0\0\356\34\323\276w\2\0\0\5x\2\0\0\0\0\0", 3200, MSG_DONTWAIT, NULL, NULL) = 32
30087 1783914101.370411 recvfrom(100, 0x7fc3986860, 3200, MSG_DONTWAIT, NULL, NULL) = -1 EAGAIN (Try again)
30087 1783914101.380204 recvfrom(100, 0x7fc3986760, 3200, MSG_DONTWAIT, NULL, NULL) = -1 EAGAIN (Try again)
30197 1783914101.387548 sendmsg(177, {msg_name=NULL, msg_namelen=0, msg_iov=[{iov_base="l\1\1\1\374\0\0\0T\2\0\0\235\0\0\0\1\1o\0;\0\0\0/re/frid"..., iov_len=428}], msg_iovlen=1, msg_controllen=0, msg_flags=0}, MSG_NOSIGNAL) = 428
30087 1783914101.388855 recvfrom(100, "nysv\0\0\0\0\0\0\0\0\0\0\0\0=\301\321\277w\2\0\0\6x\2\0\0\0\0\0", 3200, MSG_DONTWAIT, NULL, NULL) = 32
30087 1783914101.389043 recvfrom(100, 0x7fc3986860, 3200, MSG_DONTWAIT, NULL, NULL) = -1 EAGAIN (Try again)
30197 1783914101.394319 sendmsg(177, {msg_name=NULL, msg_namelen=0, msg_iov=[{iov_base="l\1\1\1\374\0\0\0U\2\0\0\235\0\0\0\1\1o\0;\0\0\0/re/frid"..., iov_len=428}], msg_iovlen=1, msg_controllen=0, msg_flags=0}, MSG_NOSIGNAL) = 428
30087 1783914101.831083 recvfrom(100, 0x7fc3986420, 3200, MSG_DONTWAIT, NULL, NULL) = -1 EAGAIN (Try again)
30087 1783914101.836437 recvfrom(100, "nysv\0\0\0\0\0\0\0\0\0\0\0\0\36\343\243\332w\2\0\0 x\2\0\0\0\0\0", 3200, MSG_DONTWAIT, NULL, NULL) = 32
30087 1783914101.836798 recvfrom(100, 0x7fc3986860, 3200, MSG_DONTWAIT, NULL, NULL) = -1 EAGAIN (Try again)
30087 1783914101.837485 recvfrom(121, 0x7d29777820, 2272, MSG_DONTWAIT, NULL, NULL) = -1 EAGAIN (Try again)
30197 1783914101.863042 sendmsg(177, {msg_name=NULL, msg_namelen=0, msg_iov=[{iov_base="l\1\1\1\374\0\0\0V\2\0\0\235\0\0\0\1\1o\0;\0\0\0/re/frid"..., iov_len=428}], msg_iovlen=1, msg_controllen=0, msg_flags=0}, MSG_NOSIGNAL) = 428
30087 1783914101.865443 recvfrom(100, 0x7fc3985d70, 3200, MSG_DONTWAIT, NULL, NULL) = -1 EAGAIN (Try again)
30087 1783914101.869901 recvfrom(100, "nysv\0\0\0\0\0\0\0\0\0\0\0\0\22\216\240\334w\2\0\0\"x\2\0\0\0\0\0", 3200, MSG_DONTWAIT, NULL, NULL) = 32
30087 1783914101.870196 recvfrom(100, 0x7fc3986860, 3200, MSG_DONTWAIT, NULL, NULL) = -1 EAGAIN (Try again)
30087 1783914101.877131 recvfrom(100, 0x7fc3986760, 3200, MSG_DONTWAIT, NULL, NULL) = -1 EAGAIN (Try again)
30197 1783914101.884066 sendmsg(177, {msg_name=NULL, msg_namelen=0, msg_iov=[{iov_base="l\1\1\1\374\0\0\0W\2\0\0\235\0\0\0\1\1o\0;\0\0\0/re/frid"..., iov_len=428}], msg_iovlen=1, msg_controllen=0, msg_flags=0}, MSG_NOSIGNAL) = 428
30087 1783914101.885852 recvfrom(100, "nysv\0\0\0\0\0\0\0\0\0\0\0\0\2722\237\335w\2\0\0#x\2\0\0\0\0\0", 3200, MSG_DONTWAIT, NULL, NULL) = 32
30087 1783914101.886036 recvfrom(100, 0x7fc3986860, 3200, MSG_DONTWAIT, NULL, NULL) = -1 EAGAIN (Try again)
30197 1783914101.891966 sendmsg(177, {msg_name=NULL, msg_namelen=0, msg_iov=[{iov_base="l\1\1\1\374\0\0\0X\2\0\0\235\0\0\0\1\1o\0;\0\0\0/re/frid"..., iov_len=428}], msg_iovlen=1, msg_controllen=0, msg_flags=0}, MSG_NOSIGNAL) = 428
30087 1783914102.340116 recvfrom(100, 0x7fc3986420, 3200, MSG_DONTWAIT, NULL, NULL) = -1 EAGAIN (Try again)
30087 1783914102.356473 recvfrom(100, "nysv\0\0\0\0\0\0\0\0\0\0\0\0\345ho\371w\2\0\0?x\2\0\0\0\0\0", 3200, MSG_DONTWAIT, NULL, NULL) = 32
30087 1783914102.357150 recvfrom(100, 0x7fc3986860, 3200, MSG_DONTWAIT, NULL, NULL) = -1 EAGAIN (Try again)
30087 1783914102.358864 recvfrom(121, 0x7d29777820, 2272, MSG_DONTWAIT, NULL, NULL) = -1 EAGAIN (Try again)
30087 1783914102.372797 recvfrom(100, 0x7fc3985d70, 3200, MSG_DONTWAIT, NULL, NULL) = -1 EAGAIN (Try again)
30197 1783914102.380620 sendmsg(177, {msg_name=NULL, msg_namelen=0, msg_iov=[{iov_base="l\1\1\1\374\0\0\0Y\2\0\0\235\0\0\0\1\1o\0;\0\0\0/re/frid"..., iov_len=428}], msg_iovlen=1, msg_controllen=0, msg_flags=0}, MSG_NOSIGNAL) = 428
30087 1783914102.386951 recvfrom(100, "nysv\0\0\0\0\0\0\0\0\0\0\0\0\275ll\373w\2\0\0Ax\2\0\0\0\0\0", 3200, MSG_DONTWAIT, NULL, NULL) = 32
30087 1783914102.387105 recvfrom(100, 0x7fc3986860, 3200, MSG_DONTWAIT, NULL, NULL) = -1 EAGAIN (Try again)
30087 1783914102.390492 recvfrom(100, 0x7fc3986760, 3200, MSG_DONTWAIT, NULL, NULL) = -1 EAGAIN (Try again)
30197 1783914102.398832 sendmsg(177, {msg_name=NULL, msg_namelen=0, msg_iov=[{iov_base="l\1\1\1\374\0\0\0Z\2\0\0\235\0\0\0\1\1o\0;\0\0\0/re/frid"..., iov_len=428}], msg_iovlen=1, msg_controllen=0, msg_flags=0}, MSG_NOSIGNAL) = 428
30087 1783914102.403135 recvfrom(100, "nysv\0\0\0\0\0\0\0\0\0\0\0\0\235\323j\374w\2\0\0Bx\2\0\0\0\0\0", 3200, MSG_DONTWAIT, NULL, NULL) = 32
30087 1783914102.403300 recvfrom(100, 0x7fc3986860, 3200, MSG_DONTWAIT, NULL, NULL) = -1 EAGAIN (Try again)
30197 1783914102.409454 sendmsg(177, {msg_name=NULL, msg_namelen=0, msg_iov=[{iov_base="l\1\1\1\374\0\0\0[\2\0\0\235\0\0\0\1\1o\0;\0\0\0/re/frid"..., iov_len=428}], msg_iovlen=1, msg_controllen=0, msg_flags=0}, MSG_NOSIGNAL) = 428
30087 1783914102.845476 recvfrom(100, 0x7fc3986420, 3200, MSG_DONTWAIT, NULL, NULL) = -1 EAGAIN (Try again)
30087 1783914102.854494 recvfrom(100, "nysv\0\0\0\0\0\0\0\0\0\0\0\0\321\315<\27x\2\0\0]x\2\0\0\0\0\0", 3200, MSG_DONTWAIT, NULL, NULL) = 32
30087 1783914102.854995 recvfrom(100, 0x7fc3986860, 3200, MSG_DONTWAIT, NULL, NULL) = -1 EAGAIN (Try again)
30087 1783914102.855817 recvfrom(121, 0x7d29777820, 2272, MSG_DONTWAIT, NULL, NULL) = -1 EAGAIN (Try again)
30087 1783914102.872017 recvfrom(100, 0x7fc3985d70, 3200, MSG_DONTWAIT, NULL, NULL) = -1 EAGAIN (Try again)
30197 1783914102.878104 sendmsg(177, {msg_name=NULL, msg_namelen=0, msg_iov=[{iov_base="l\1\1\1\374\0\0\0\\\2\0\0\235\0\0\0\1\1o\0;\0\0\0/re/frid"..., iov_len=428}], msg_iovlen=1, msg_controllen=0, msg_flags=0}, MSG_NOSIGNAL) = 428
30087 1783914102.886526 recvfrom(100, "nysv\0\0\0\0\0\0\0\0\0\0\0\0\205\2249\31x\2\0\0_x\2\0\0\0\0\0", 3200, MSG_DONTWAIT, NULL, NULL) = 32
30087 1783914102.887245 recvfrom(100, 0x7fc3986860, 3200, MSG_DONTWAIT, NULL, NULL) = -1 EAGAIN (Try again)
30087 1783914102.889496 recvfrom(100, 0x7fc3986760, 3200, MSG_DONTWAIT, NULL, NULL) = -1 EAGAIN (Try again)
30197 1783914102.901700 sendmsg(177, {msg_name=NULL, msg_namelen=0, msg_iov=[{iov_base="l\1\1\1\374\0\0\0]\2\0\0\235\0\0\0\1\1o\0;\0\0\0/re/frid"..., iov_len=428}], msg_iovlen=1, msg_controllen=0, msg_flags=0}, MSG_NOSIGNAL) = 428
30087 1783914102.902847 recvfrom(100, "nysv\0\0\0\0\0\0\0\0\0\0\0\0\3198\32x\2\0\0`x\2\0\0\0\0\0", 3200, MSG_DONTWAIT, NULL, NULL) = 32
30087 1783914102.903055 recvfrom(100, 0x7fc3986860, 3200, MSG_DONTWAIT, NULL, NULL) = -1 EAGAIN (Try again)
30197 1783914102.908673 sendmsg(177, {msg_name=NULL, msg_namelen=0, msg_iov=[{iov_base="l\1\1\1\374\0\0\0^\2\0\0\235\0\0\0\1\1o\0;\0\0\0/re/frid"..., iov_len=428}], msg_iovlen=1, msg_controllen=0, msg_flags=0}, MSG_NOSIGNAL) = 428
30087 1783914103.354099 recvfrom(100, 0x7fc3986420, 3200, MSG_DONTWAIT, NULL, NULL) = -1 EAGAIN (Try again)
30087 1783914103.369411 recvfrom(100, "nysv\0\0\0\0\0\0\0\0\0\0\0\0L\317\0106x\2\0\0|x\2\0\0\0\0\0", 3200, MSG_DONTWAIT, NULL, NULL) = 32
30087 1783914103.369584 recvfrom(100, 0x7fc3986860, 3200, MSG_DONTWAIT, NULL, NULL) = -1 EAGAIN (Try again)
30087 1783914103.369897 recvfrom(121, 0x7d29777820, 2272, MSG_DONTWAIT, NULL, NULL) = -1 EAGAIN (Try again)
30087 1783914103.382534 recvfrom(100, 0x7fc3985d70, 3200, MSG_DONTWAIT, NULL, NULL) = -1 EAGAIN (Try again)
30197 1783914103.395070 sendmsg(177, {msg_name=NULL, msg_namelen=0, msg_iov=[{iov_base="l\1\1\1\374\0\0\0_\2\0\0\235\0\0\0\1\1o\0;\0\0\0/re/frid"..., iov_len=428}], msg_iovlen=1, msg_controllen=0, msg_flags=0}, MSG_NOSIGNAL) = 428
30087 1783914103.395446 recvfrom(100, "nysv\0\0\0\0\0\0\0\0\0\0\0\0et\0077x\2\0\0}x\2\0\0\0\0\0", 3200, MSG_DONTWAIT, NULL, NULL) = 32
30087 1783914103.395881 recvfrom(100, 0x7fc3986860, 3200, MSG_DONTWAIT, NULL, NULL) = -1 EAGAIN (Try again)
30087 1783914103.397286 recvfrom(100, 0x7fc3986760, 3200, MSG_DONTWAIT, NULL, NULL) = -1 EAGAIN (Try again)
30197 1783914103.404409 sendmsg(177, {msg_name=NULL, msg_namelen=0, msg_iov=[{iov_base="l\1\1\1\374\0\0\0`\2\0\0\235\0\0\0\1\1o\0;\0\0\0/re/frid"..., iov_len=428}], msg_iovlen=1, msg_controllen=0, msg_flags=0}, MSG_NOSIGNAL) = 428
30087 1783914103.405330 recvfrom(100, "nysv\0\0\0\0\0\0\0\0\0\0\0\0\21\31\68x\2\0\0~x\2\0\0\0\0\0", 3200, MSG_DONTWAIT, NULL, NULL) = 32
30087 1783914103.405508 recvfrom(100, 0x7fc3986860, 3200, MSG_DONTWAIT, NULL, NULL) = -1 EAGAIN (Try again)
30197 1783914103.410611 sendmsg(177, {msg_name=NULL, msg_namelen=0, msg_iov=[{iov_base="l\1\1\1\374\0\0\0a\2\0\0\235\0\0\0\1\1o\0;\0\0\0/re/frid"..., iov_len=428}], msg_iovlen=1, msg_controllen=0, msg_flags=0}, MSG_NOSIGNAL) = 428
30087 1783914103.857971 recvfrom(100, 0x7fc3986420, 3200, MSG_DONTWAIT, NULL, NULL) = -1 EAGAIN (Try again)
30087 1783914103.871664 recvfrom(100, "nysv\0\0\0\0\0\0\0\0\0\0\0\0\323\347\325Sx\2\0\0\232x\2\0\0\0\0\0", 3200, MSG_DONTWAIT, NULL, NULL) = 32
30087 1783914103.872326 recvfrom(100, 0x7fc3986860, 3200, MSG_DONTWAIT, NULL, NULL) = -1 EAGAIN (Try again)
30087 1783914103.873721 recvfrom(121, 0x7d29777820, 2272, MSG_DONTWAIT, NULL, NULL) = -1 EAGAIN (Try again)
30087 1783914103.890330 recvfrom(100, 0x7fc3985d70, 3200, MSG_DONTWAIT, NULL, NULL) = -1 EAGAIN (Try again)
30197 1783914103.896911 sendmsg(177, {msg_name=NULL, msg_namelen=0, msg_iov=[{iov_base="l\1\1\1\374\0\0\0b\2\0\0\235\0\0\0\1\1o\0;\0\0\0/re/frid"..., iov_len=428}], msg_iovlen=1, msg_controllen=0, msg_flags=0}, MSG_NOSIGNAL) = 428
30087 1783914103.904201 recvfrom(100, "nysv\0\0\0\0\0\0\0\0\0\0\0\0\213\221\322Ux\2\0\0\234x\2\0\0\0\0\0", 3200, MSG_DONTWAIT, NULL, NULL) = 32
30087 1783914103.905063 recvfrom(100, 0x7fc3986860, 3200, MSG_DONTWAIT, NULL, NULL) = -1 EAGAIN (Try again)
30087 1783914103.911333 recvfrom(100, 0x7fc3986760, 3200, MSG_DONTWAIT, NULL, NULL) = -1 EAGAIN (Try again)
30197 1783914103.917735 sendmsg(177, {msg_name=NULL, msg_namelen=0, msg_iov=[{iov_base="l\1\1\1\374\0\0\0c\2\0\0\235\0\0\0\1\1o\0;\0\0\0/re/frid"..., iov_len=428}], msg_iovlen=1, msg_controllen=0, msg_flags=0}, MSG_NOSIGNAL) = 428
30087 1783914103.919522 recvfrom(100, "nysv\0\0\0\0\0\0\0\0\0\0\0\0D7\321Vx\2\0\0\235x\2\0\0\0\0\0", 3200, MSG_DONTWAIT, NULL, NULL) = 32
30087 1783914103.919734 recvfrom(100, 0x7fc3986860, 3200, MSG_DONTWAIT, NULL, NULL) = -1 EAGAIN (Try again)
30197 1783914103.924994 sendmsg(177, {msg_name=NULL, msg_namelen=0, msg_iov=[{iov_base="l\1\1\1\374\0\0\0d\2\0\0\235\0\0\0\1\1o\0;\0\0\0/re/frid"..., iov_len=428}], msg_iovlen=1, msg_controllen=0, msg_flags=0}, MSG_NOSIGNAL) = 428
30087 1783914104.363259 recvfrom(100, 0x7fc3986420, 3200, MSG_DONTWAIT, NULL, NULL) = -1 EAGAIN (Try again)
30087 1783914104.368965 recvfrom(100, "nysv\0\0\0\0\0\0\0\0\0\0\0\0\356\221\243qx\2\0\0\270x\2\0\0\0\0\0", 3200, MSG_DONTWAIT, NULL, NULL) = 32
30087 1783914104.369144 recvfrom(100, 0x7fc3986860, 3200, MSG_DONTWAIT, NULL, NULL) = -1 EAGAIN (Try again)
30087 1783914104.369741 recvfrom(121, 0x7d29777820, 2272, MSG_DONTWAIT, NULL, NULL) = -1 EAGAIN (Try again)
30087 1783914104.383863 recvfrom(100, 0x7fc3985d70, 3200, MSG_DONTWAIT, NULL, NULL) = -1 EAGAIN (Try again)
30197 1783914104.395941 sendmsg(177, {msg_name=NULL, msg_namelen=0, msg_iov=[{iov_base="l\1\1\1\374\0\0\0e\2\0\0\235\0\0\0\1\1o\0;\0\0\0/re/frid"..., iov_len=428}], msg_iovlen=1, msg_controllen=0, msg_flags=0}, MSG_NOSIGNAL) = 428
30087 1783914104.396661 recvfrom(100, "nysv\0\0\0\0\0\0\0\0\0\0\0\0\3207\242rx\2\0\0\271x\2\0\0\0\0\0", 3200, MSG_DONTWAIT, NULL, NULL) = 32
30087 1783914104.396840 recvfrom(100, 0x7fc3986860, 3200, MSG_DONTWAIT, NULL, NULL) = -1 EAGAIN (Try again)
30087 1783914104.398109 recvfrom(100, 0x7fc3986760, 3200, MSG_DONTWAIT, NULL, NULL) = -1 EAGAIN (Try again)
30087 1783914104.405692 recvfrom(100, "nysv\0\0\0\0\0\0\0\0\0\0\0\0\313\331\240sx\2\0\0\272x\2\0\0\0\0\0", 3200, MSG_DONTWAIT, NULL, NULL) = 32
30197 1783914104.405906 sendmsg(177, {msg_name=NULL, msg_namelen=0, msg_iov=[{iov_base="l\1\1\1\374\0\0\0f\2\0\0\235\0\0\0\1\1o\0;\0\0\0/re/frid"..., iov_len=428}], msg_iovlen=1, msg_controllen=0, msg_flags=0}, MSG_NOSIGNAL <unfinished ...>
30087 1783914104.405925 recvfrom(100,  <unfinished ...>
30197 1783914104.406058 <... sendmsg resumed> ) = 428
30087 1783914104.406063 <... recvfrom resumed> 0x7fc3986860, 3200, MSG_DONTWAIT, NULL, NULL) = -1 EAGAIN (Try again)
30197 1783914104.411205 sendmsg(177, {msg_name=NULL, msg_namelen=0, msg_iov=[{iov_base="l\1\1\1\374\0\0\0g\2\0\0\235\0\0\0\1\1o\0;\0\0\0/re/frid"..., iov_len=428}], msg_iovlen=1, msg_controllen=0, msg_flags=0}, MSG_NOSIGNAL) = 428
30087 1783914104.869392 recvfrom(100, 0x7fc3986420, 3200, MSG_DONTWAIT, NULL, NULL) = -1 EAGAIN (Try again)
30087 1783914104.890037 recvfrom(100, "nysv\0\0\0\0\0\0\0\0\0\0\0\0\325\1o\220x\2\0\0\327x\2\0\0\0\0\0", 3200, MSG_DONTWAIT, NULL, NULL) = 32
30087 1783914104.890698 recvfrom(100, 0x7fc3986860, 3200, MSG_DONTWAIT, NULL, NULL) = -1 EAGAIN (Try again)
30087 1783914104.891907 recvfrom(121, 0x7d29777820, 2272, MSG_DONTWAIT, NULL, NULL) = -1 EAGAIN (Try again)
30087 1783914104.911191 recvfrom(100, 0x7fc3985d70, 3200, MSG_DONTWAIT, NULL, NULL) = -1 EAGAIN (Try again)
30087 1783914104.926010 recvfrom(100,  <unfinished ...>
30197 1783914104.926122 sendmsg(177, {msg_name=NULL, msg_namelen=0, msg_iov=[{iov_base="l\1\1\1\374\0\0\0h\2\0\0\235\0\0\0\1\1o\0;\0\0\0/re/frid"..., iov_len=428}], msg_iovlen=1, msg_controllen=0, msg_flags=0}, MSG_NOSIGNAL <unfinished ...>
30087 1783914104.926154 <... recvfrom resumed> "nysv\0\0\0\0\0\0\0\0\0\0\0\0\323Cl\222x\2\0\0\331x\2\0\0\0\0\0", 3200, MSG_DONTWAIT, NULL, NULL) = 32
30197 1783914104.926433 <... sendmsg resumed> ) = 428
30087 1783914104.926439 recvfrom(100, 0x7fc3986860, 3200, MSG_DONTWAIT, NULL, NULL) = -1 EAGAIN (Try again)
30087 1783914104.929766 recvfrom(100, 0x7fc3986760, 3200, MSG_DONTWAIT, NULL, NULL) = -1 EAGAIN (Try again)
30197 1783914104.936428 sendmsg(177, {msg_name=NULL, msg_namelen=0, msg_iov=[{iov_base="l\1\1\1\374\0\0\0i\2\0\0\235\0\0\0\1\1o\0;\0\0\0/re/frid"..., iov_len=428}], msg_iovlen=1, msg_controllen=0, msg_flags=0}, MSG_NOSIGNAL) = 428
30087 1783914104.938020 recvfrom(100, "nysv\0\0\0\0\0\0\0\0\0\0\0\0\376\344j\223x\2\0\0\332x\2\0\0\0\0\0", 3200, MSG_DONTWAIT, NULL, NULL) = 32
30087 1783914104.938205 recvfrom(100, 0x7fc3986860, 3200, MSG_DONTWAIT, NULL, NULL) = -1 EAGAIN (Try again)
30197 1783914104.943606 sendmsg(177, {msg_name=NULL, msg_namelen=0, msg_iov=[{iov_base="l\1\1\1\374\0\0\0j\2\0\0\235\0\0\0\1\1o\0;\0\0\0/re/frid"..., iov_len=428}], msg_iovlen=1, msg_controllen=0, msg_flags=0}, MSG_NOSIGNAL) = 428
30087 1783914105.372135 recvfrom(100, 0x7fc3986420, 3200, MSG_DONTWAIT, NULL, NULL) = -1 EAGAIN (Try again)
30087 1783914105.389864 recvfrom(100, "nysv\0\0\0\0\0\0\0\0\0\0\0\0\301f<\256x\2\0\0\365x\2\0\0\0\0\0", 3200, MSG_DONTWAIT, NULL, NULL) = 32
30087 1783914105.390533 recvfrom(100, 0x7fc3986860, 3200, MSG_DONTWAIT, NULL, NULL) = -1 EAGAIN (Try again)
30087 1783914105.391542 recvfrom(121, 0x7d29777820, 2272, MSG_DONTWAIT, NULL, NULL) = -1 EAGAIN (Try again)
30087 1783914105.408679 recvfrom(100, 0x7fc3985d70, 3200, MSG_DONTWAIT, NULL, NULL) = -1 EAGAIN (Try again)
30197 1783914105.418239 sendmsg(177, {msg_name=NULL, msg_namelen=0, msg_iov=[{iov_base="l\1\1\1\374\0\0\0k\2\0\0\235\0\0\0\1\1o\0;\0\0\0/re/frid"..., iov_len=428}], msg_iovlen=1, msg_controllen=0, msg_flags=0}, MSG_NOSIGNAL) = 428
30087 1783914105.418998 recvfrom(100, "nysv\0\0\0\0\0\0\0\0\0\0\0\0\354e9\260x\2\0\0\367x\2\0\0\0\0\0", 3200, MSG_DONTWAIT, NULL, NULL) = 32
30087 1783914105.419478 recvfrom(100, 0x7fc3986860, 3200, MSG_DONTWAIT, NULL, NULL) = -1 EAGAIN (Try again)
30087 1783914105.423531 recvfrom(100, 0x7fc3986760, 3200, MSG_DONTWAIT, NULL, NULL) = -1 EAGAIN (Try again)
30197 1783914105.432252 sendmsg(177, {msg_name=NULL, msg_namelen=0, msg_iov=[{iov_base="l\1\1\1\374\0\0\0l\2\0\0\235\0\0\0\1\1o\0;\0\0\0/re/frid"..., iov_len=428}], msg_iovlen=1, msg_controllen=0, msg_flags=0}, MSG_NOSIGNAL) = 428
30087 1783914105.436424 recvfrom(100, "nysv\0\0\0\0\0\0\0\0\0\0\0\0n\3267\261x\2\0\0\370x\2\0\0\0\0\0", 3200, MSG_DONTWAIT, NULL, NULL) = 32
30087 1783914105.436635 recvfrom(100, 0x7fc3986860, 3200, MSG_DONTWAIT, NULL, NULL) = -1 EAGAIN (Try again)
30197 1783914105.443966 sendmsg(177, {msg_name=NULL, msg_namelen=0, msg_iov=[{iov_base="l\1\1\1\374\0\0\0m\2\0\0\235\0\0\0\1\1o\0;\0\0\0/re/frid"..., iov_len=428}], msg_iovlen=1, msg_controllen=0, msg_flags=0}, MSG_NOSIGNAL) = 428
30087 1783914105.874812 recvfrom(100, 0x7fc3986420, 3200, MSG_DONTWAIT, NULL, NULL) = -1 EAGAIN (Try again)
30087 1783914105.889581 recvfrom(100, "nysv\0\0\0\0\0\0\0\0\0\0\0\0\255\313\t\314x\2\0\0\22y\2\0\0\0\0\0", 3200, MSG_DONTWAIT, NULL, NULL) = 32
30087 1783914105.889982 recvfrom(100, 0x7fc3986860, 3200, MSG_DONTWAIT, NULL, NULL) = -1 EAGAIN (Try again)
30087 1783914105.890648 recvfrom(121, 0x7d29777820, 2272, MSG_DONTWAIT, NULL, NULL) = -1 EAGAIN (Try again)
30087 1783914105.906542 recvfrom(100, 0x7fc3985d70, 3200, MSG_DONTWAIT, NULL, NULL) = -1 EAGAIN (Try again)
30197 1783914105.912377 sendmsg(177, {msg_name=NULL, msg_namelen=0, msg_iov=[{iov_base="l\1\1\1\374\0\0\0n\2\0\0\235\0\0\0\1\1o\0;\0\0\0/re/frid"..., iov_len=428}], msg_iovlen=1, msg_controllen=0, msg_flags=0}, MSG_NOSIGNAL) = 428
30087 1783914105.919811 recvfrom(100, "nysv\0\0\0\0\0\0\0\0\0\0\0\0>\231\6\316x\2\0\0\24y\2\0\0\0\0\0", 3200, MSG_DONTWAIT, NULL, NULL) = 32
30087 1783914105.920239 recvfrom(100, 0x7fc3986860, 3200, MSG_DONTWAIT, NULL, NULL) = -1 EAGAIN (Try again)
30087 1783914105.928093 recvfrom(100, 0x7fc3986760, 3200, MSG_DONTWAIT, NULL, NULL) = -1 EAGAIN (Try again)
30087 1783914105.936677 recvfrom(100,  <unfinished ...>
30197 1783914105.936743 sendmsg(177, {msg_name=NULL, msg_namelen=0, msg_iov=[{iov_base="l\1\1\1\374\0\0\0o\2\0\0\235\0\0\0\1\1o\0;\0\0\0/re/frid"..., iov_len=428}], msg_iovlen=1, msg_controllen=0, msg_flags=0}, MSG_NOSIGNAL <unfinished ...>
30087 1783914105.936765 <... recvfrom resumed> "nysv\0\0\0\0\0\0\0\0\0\0\0\0\357=\5\317x\2\0\0\25y\2\0\0\0\0\0", 3200, MSG_DONTWAIT, NULL, NULL) = 32
30197 1783914105.936941 <... sendmsg resumed> ) = 428
30087 1783914105.936954 recvfrom(100, 0x7fc3986860, 3200, MSG_DONTWAIT, NULL, NULL) = -1 EAGAIN (Try again)
30197 1783914105.943037 sendmsg(177, {msg_name=NULL, msg_namelen=0, msg_iov=[{iov_base="l\1\1\1\374\0\0\0p\2\0\0\235\0\0\0\1\1o\0;\0\0\0/re/frid"..., iov_len=428}], msg_iovlen=1, msg_controllen=0, msg_flags=0}, MSG_NOSIGNAL) = 428
30087 1783914106.379494 recvfrom(100, 0x7fc3986420, 3200, MSG_DONTWAIT, NULL, NULL) = -1 EAGAIN (Try again)
30087 1783914106.386319 recvfrom(100, "nysv\0\0\0\0\0\0\0\0\0\0\0\0\204j\327\351x\2\0\0000y\2\0\0\0\0\0", 3200, MSG_DONTWAIT, NULL, NULL) = 32
30087 1783914106.386672 recvfrom(100, 0x7fc3986860, 3200, MSG_DONTWAIT, NULL, NULL) = -1 EAGAIN (Try again)
30087 1783914106.387365 recvfrom(121, 0x7d29777820, 2272, MSG_DONTWAIT, NULL, NULL) = -1 EAGAIN (Try again)
30087 1783914106.404159 recvfrom(100, 0x7fc3985d70, 3200, MSG_DONTWAIT, NULL, NULL) = -1 EAGAIN (Try again)
30197 1783914106.411272 sendmsg(177, {msg_name=NULL, msg_namelen=0, msg_iov=[{iov_base="l\1\1\1\374\0\0\0q\2\0\0\235\0\0\0\1\1o\0;\0\0\0/re/frid"..., iov_len=428}], msg_iovlen=1, msg_controllen=0, msg_flags=0}, MSG_NOSIGNAL) = 428
30108 1783914106.415331 openat(AT_FDCWD, "/data/misc/profiles/cur/0/app.fedilab.mobilizon/primary.prof", O_RDWR|O_NOFOLLOW|O_CLOEXEC) = 119
30108 1783914106.415826 newfstatat(AT_FDCWD, "/data/misc/profiles/cur/0/app.fedilab.mobilizon/primary.prof", {st_mode=S_IFREG|0600, st_size=8675, ...}, 0) = 0
30087 1783914106.422507 recvfrom(100, "nysv\0\0\0\0\0\0\0\0\0\0\0\0\355\320\323\353x\2\0\0002y\2\0\0\0\0\0", 3200, MSG_DONTWAIT, NULL, NULL) = 32
30087 1783914106.422866 recvfrom(100, 0x7fc3986860, 3200, MSG_DONTWAIT, NULL, NULL) = -1 EAGAIN (Try again)
30087 1783914106.428941 recvfrom(100, 0x7fc3986760, 3200, MSG_DONTWAIT, NULL, NULL) = -1 EAGAIN (Try again)
30197 1783914106.436426 sendmsg(177, {msg_name=NULL, msg_namelen=0, msg_iov=[{iov_base="l\1\1\1\374\0\0\0r\2\0\0\235\0\0\0\1\1o\0;\0\0\0/re/frid"..., iov_len=428}], msg_iovlen=1, msg_controllen=0, msg_flags=0}, MSG_NOSIGNAL) = 428
30087 1783914106.437278 recvfrom(100, "nysv\0\0\0\0\0\0\0\0\0\0\0\0\374q\322\354x\2\0\0003y\2\0\0\0\0\0", 3200, MSG_DONTWAIT, NULL, NULL) = 32
30087 1783914106.437467 recvfrom(100, 0x7fc3986860, 3200, MSG_DONTWAIT, NULL, NULL) = -1 EAGAIN (Try again)
30197 1783914106.442947 sendmsg(177, {msg_name=NULL, msg_namelen=0, msg_iov=[{iov_base="l\1\1\1\374\0\0\0s\2\0\0\235\0\0\0\1\1o\0;\0\0\0/re/frid"..., iov_len=428}], msg_iovlen=1, msg_controllen=0, msg_flags=0}, MSG_NOSIGNAL) = 428
30087 1783914106.884003 recvfrom(100, 0x7fc3986420, 3200, MSG_DONTWAIT, NULL, NULL) = -1 EAGAIN (Try again)
30087 1783914106.886889 recvfrom(100, "nysv\0\0\0\0\0\0\0\0\0\0\0\0\231\343\244\7y\2\0\0My\2\0\0\0\0\0", 3200, MSG_DONTWAIT, NULL, NULL) = 32
30087 1783914106.887261 recvfrom(100, 0x7fc3986860, 3200, MSG_DONTWAIT, NULL, NULL) = -1 EAGAIN (Try again)
30087 1783914106.887576 recvfrom(121, 0x7d29777820, 2272, MSG_DONTWAIT, NULL, NULL) = -1 EAGAIN (Try again)
30087 1783914106.905110 recvfrom(100, 0x7fc3985d70, 3200, MSG_DONTWAIT, NULL, NULL) = -1 EAGAIN (Try again)
30197 1783914106.912076 sendmsg(177, {msg_name=NULL, msg_namelen=0, msg_iov=[{iov_base="l\1\1\1\374\0\0\0t\2\0\0\235\0\0\0\1\1o\0;\0\0\0/re/frid"..., iov_len=428}], msg_iovlen=1, msg_controllen=0, msg_flags=0}, MSG_NOSIGNAL) = 428
30087 1783914106.922262 recvfrom(100, "nysv\0\0\0\0\0\0\0\0\0\0\0\0&I\241\ty\2\0\0Oy\2\0\0\0\0\0", 3200, MSG_DONTWAIT, NULL, NULL) = 32
30087 1783914106.922799 recvfrom(100, 0x7fc3986860, 3200, MSG_DONTWAIT, NULL, NULL) = -1 EAGAIN (Try again)
30087 1783914106.925629 recvfrom(100, 0x7fc3986760, 3200, MSG_DONTWAIT, NULL, NULL) = -1 EAGAIN (Try again)
30197 1783914106.935674 sendmsg(177, {msg_name=NULL, msg_namelen=0, msg_iov=[{iov_base="l\1\1\1\374\0\0\0u\2\0\0\235\0\0\0\1\1o\0;\0\0\0/re/frid"..., iov_len=428}], msg_iovlen=1, msg_controllen=0, msg_flags=0}, MSG_NOSIGNAL) = 428
30087 1783914106.936497 recvfrom(100, "nysv\0\0\0\0\0\0\0\0\0\0\0\0=\355\237\ny\2\0\0Py\2\0\0\0\0\0", 3200, MSG_DONTWAIT, NULL, NULL) = 32
30087 1783914106.936662 recvfrom(100, 0x7fc3986860, 3200, MSG_DONTWAIT, NULL, NULL) = -1 EAGAIN (Try again)
30197 1783914106.943562 sendmsg(177, {msg_name=NULL, msg_namelen=0, msg_iov=[{iov_base="l\1\1\1\374\0\0\0v\2\0\0\235\0\0\0\1\1o\0;\0\0\0/re/frid"..., iov_len=428}], msg_iovlen=1, msg_controllen=0, msg_flags=0}, MSG_NOSIGNAL) = 428
30087 1783914107.388486 recvfrom(100, 0x7fc3986420, 3200, MSG_DONTWAIT, NULL, NULL) = -1 EAGAIN (Try again)
30087 1783914107.406625 recvfrom(100, "nysv\0\0\0\0\0\0\0\0\0\0\0\0\233Jp&y\2\0\0ly\2\0\0\0\0\0", 3200, MSG_DONTWAIT, NULL, NULL) = 32
30087 1783914107.407196 recvfrom(100, 0x7fc3986860, 3200, MSG_DONTWAIT, NULL, NULL) = -1 EAGAIN (Try again)
30087 1783914107.408009 recvfrom(121, 0x7d29777820, 2272, MSG_DONTWAIT, NULL, NULL) = -1 EAGAIN (Try again)
30087 1783914107.425562 recvfrom(100, 0x7fc3985d70, 3200, MSG_DONTWAIT, NULL, NULL) = -1 EAGAIN (Try again)
30197 1783914107.434128 sendmsg(177, {msg_name=NULL, msg_namelen=0, msg_iov=[{iov_base="l\1\1\1\374\0\0\0w\2\0\0\235\0\0\0\1\1o\0;\0\0\0/re/frid"..., iov_len=428}], msg_iovlen=1, msg_controllen=0, msg_flags=0}, MSG_NOSIGNAL) = 428
30087 1783914107.436350 recvfrom(100, "nysv\0\0\0\0\0\0\0\0\0\0\0\0\273Jm(y\2\0\0ny\2\0\0\0\0\0", 3200, MSG_DONTWAIT, NULL, NULL) = 32
30087 1783914107.436645 recvfrom(100, 0x7fc3986860, 3200, MSG_DONTWAIT, NULL, NULL) = -1 EAGAIN (Try again)
30087 1783914107.446061 recvfrom(100, 0x7fc3986760, 3200, MSG_DONTWAIT, NULL, NULL) = -1 EAGAIN (Try again)
30197 1783914107.451450 sendmsg(177, {msg_name=NULL, msg_namelen=0, msg_iov=[{iov_base="l\1\1\1\374\0\0\0x\2\0\0\235\0\0\0\1\1o\0;\0\0\0/re/frid"..., iov_len=428}], msg_iovlen=1, msg_controllen=0, msg_flags=0}, MSG_NOSIGNAL) = 428
30087 1783914107.452962 recvfrom(100, "nysv\0\0\0\0\0\0\0\0\0\0\0\0{\355k)y\2\0\0oy\2\0\0\0\0\0", 3200, MSG_DONTWAIT, NULL, NULL) = 32
30087 1783914107.453187 recvfrom(100, 0x7fc3986860, 3200, MSG_DONTWAIT, NULL, NULL) = -1 EAGAIN (Try again)
30197 1783914107.458237 sendmsg(177, {msg_name=NULL, msg_namelen=0, msg_iov=[{iov_base="l\1\1\1\374\0\0\0y\2\0\0\235\0\0\0\1\1o\0;\0\0\0/re/frid"..., iov_len=428}], msg_iovlen=1, msg_controllen=0, msg_flags=0}, MSG_NOSIGNAL) = 428
30087 1783914107.891859 recvfrom(100, 0x7fc3986420, 3200, MSG_DONTWAIT, NULL, NULL) = -1 EAGAIN (Try again)
30087 1783914107.906285 recvfrom(100, "nysv\0\0\0\0\0\0\0\0\0\0\0\0\207\257=Dy\2\0\0\211y\2\0\0\0\0\0", 3200, MSG_DONTWAIT, NULL, NULL) = 32
30087 1783914107.906913 recvfrom(100, 0x7fc3986860, 3200, MSG_DONTWAIT, NULL, NULL) = -1 EAGAIN (Try again)
30087 1783914107.907781 recvfrom(121, 0x7d29777820, 2272, MSG_DONTWAIT, NULL, NULL) = -1 EAGAIN (Try again)
30087 1783914107.924954 recvfrom(100, 0x7fc3985d70, 3200, MSG_DONTWAIT, NULL, NULL) = -1 EAGAIN (Try again)
30197 1783914107.932277 sendmsg(177, {msg_name=NULL, msg_namelen=0, msg_iov=[{iov_base="l\1\1\1\374\0\0\0z\2\0\0\235\0\0\0\1\1o\0;\0\0\0/re/frid"..., iov_len=428}], msg_iovlen=1, msg_controllen=0, msg_flags=0}, MSG_NOSIGNAL) = 428
30087 1783914107.936357 recvfrom(100, "nysv\0\0\0\0\0\0\0\0\0\0\0\0\t\251:Fy\2\0\0\213y\2\0\0\0\0\0", 3200, MSG_DONTWAIT, NULL, NULL) = 32
30087 1783914107.936510 recvfrom(100, 0x7fc3986860, 3200, MSG_DONTWAIT, NULL, NULL) = -1 EAGAIN (Try again)
30087 1783914107.944654 recvfrom(100, 0x7fc3986760, 3200, MSG_DONTWAIT, NULL, NULL) = -1 EAGAIN (Try again)
30197 1783914107.951642 sendmsg(177, {msg_name=NULL, msg_namelen=0, msg_iov=[{iov_base="l\1\1\1\374\0\0\0{\2\0\0\235\0\0\0\1\1o\0;\0\0\0/re/frid"..., iov_len=428}], msg_iovlen=1, msg_controllen=0, msg_flags=0}, MSG_NOSIGNAL) = 428
30087 1783914107.952692 recvfrom(100, "nysv\0\0\0\0\0\0\0\0\0\0\0\0WN9Gy\2\0\0\214y\2\0\0\0\0\0", 3200, MSG_DONTWAIT, NULL, NULL) = 32
30087 1783914107.952876 recvfrom(100, 0x7fc3986860, 3200, MSG_DONTWAIT, NULL, NULL) = -1 EAGAIN (Try again)
30197 1783914107.959519 sendmsg(177, {msg_name=NULL, msg_namelen=0, msg_iov=[{iov_base="l\1\1\1\374\0\0\0|\2\0\0\235\0\0\0\1\1o\0;\0\0\0/re/frid"..., iov_len=428}], msg_iovlen=1, msg_controllen=0, msg_flags=0}, MSG_NOSIGNAL) = 428
30087 1783914108.399362 recvfrom(100, 0x7fc3986420, 3200, MSG_DONTWAIT, NULL, NULL) = -1 EAGAIN (Try again)
30087 1783914108.424842 recvfrom(100, "nysv\0\0\0\0\0\0\0\0\0\0\0\0\235d\tcy\2\0\0\247y\2\0\0\0\0\0", 3200, MSG_DONTWAIT, NULL, NULL) = 32
30087 1783914108.425577 recvfrom(100, 0x7fc3986860, 3200, MSG_DONTWAIT, NULL, NULL) = -1 EAGAIN (Try again)
30087 1783914108.426254 recvfrom(121, 0x7d29777820, 2272, MSG_DONTWAIT, NULL, NULL) = -1 EAGAIN (Try again)
30087 1783914108.441320 recvfrom(100, 0x7fc3985d70, 3200, MSG_DONTWAIT, NULL, NULL) = -1 EAGAIN (Try again)
30197 1783914108.448549 sendmsg(177, {msg_name=NULL, msg_namelen=0, msg_iov=[{iov_base="l\1\1\1\374\0\0\0}\2\0\0\235\0\0\0\1\1o\0;\0\0\0/re/frid"..., iov_len=428}], msg_iovlen=1, msg_controllen=0, msg_flags=0}, MSG_NOSIGNAL) = 428
30087 1783914108.453803 recvfrom(100, "nysv\0\0\0\0\0\0\0\0\0\0\0\0\360n\6ey\2\0\0\251y\2\0\0\0\0\0", 3200, MSG_DONTWAIT, NULL, NULL) = 32
30087 1783914108.454186 recvfrom(100, 0x7fc3986860, 3200, MSG_DONTWAIT, NULL, NULL) = -1 EAGAIN (Try again)
30087 1783914108.463132 recvfrom(100, 0x7fc3986760, 3200, MSG_DONTWAIT, NULL, NULL) = -1 EAGAIN (Try again)
30197 1783914108.468851 sendmsg(177, {msg_name=NULL, msg_namelen=0, msg_iov=[{iov_base="l\1\1\1\374\0\0\0~\2\0\0\235\0\0\0\1\1o\0;\0\0\0/re/frid"..., iov_len=428}], msg_iovlen=1, msg_controllen=0, msg_flags=0}, MSG_NOSIGNAL) = 428
30087 1783914108.470156 recvfrom(100, "nysv\0\0\0\0\0\0\0\0\0\0\0\0\317\22\5fy\2\0\0\252y\2\0\0\0\0\0", 3200, MSG_DONTWAIT, NULL, NULL) = 32
30087 1783914108.470361 recvfrom(100, 0x7fc3986860, 3200, MSG_DONTWAIT, NULL, NULL) = -1 EAGAIN (Try again)
30197 1783914108.476414 sendmsg(177, {msg_name=NULL, msg_namelen=0, msg_iov=[{iov_base="l\1\1\1\374\0\0\0\177\2\0\0\235\0\0\0\1\1o\0;\0\0\0/re/frid"..., iov_len=428}], msg_iovlen=1, msg_controllen=0, msg_flags=0}, MSG_NOSIGNAL) = 428
30087 1783914108.905846 recvfrom(100, 0x7fc3986420, 3200, MSG_DONTWAIT, NULL, NULL) = -1 EAGAIN (Try again)
30087 1783914108.921643 recvfrom(100, "nysv\0\0\0\0\0\0\0\0\0\0\0\0\211\311\326\200y\2\0\0\305y\2\0\0\0\0\0", 3200, MSG_DONTWAIT, NULL, NULL) = 32
30087 1783914108.922372 recvfrom(100, 0x7fc3986860, 3200, MSG_DONTWAIT, NULL, NULL) = -1 EAGAIN (Try again)
30087 1783914108.923683 recvfrom(121, 0x7d29777820, 2272, MSG_DONTWAIT, NULL, NULL) = -1 EAGAIN (Try again)
30087 1783914108.940228 recvfrom(100, 0x7fc3985d70, 3200, MSG_DONTWAIT, NULL, NULL) = -1 EAGAIN (Try again)
30197 1783914108.948536 sendmsg(177, {msg_name=NULL, msg_namelen=0, msg_iov=[{iov_base="l\1\1\1\374\0\0\0\200\2\0\0\235\0\0\0\1\1o\0;\0\0\0/re/frid"..., iov_len=428}], msg_iovlen=1, msg_controllen=0, msg_flags=0}, MSG_NOSIGNAL) = 428
30087 1783914108.954197 recvfrom(100, "nysv\0\0\0\0\0\0\0\0\0\0\0\0\35\304\323\202y\2\0\0\307y\2\0\0\0\0\0", 3200, MSG_DONTWAIT, NULL, NULL) = 32
30087 1783914108.954434 recvfrom(100, 0x7fc3986860, 3200, MSG_DONTWAIT, NULL, NULL) = -1 EAGAIN (Try again)
30087 1783914108.963011 recvfrom(100, 0x7fc3986760, 3200, MSG_DONTWAIT, NULL, NULL) = -1 EAGAIN (Try again)
30197 1783914108.968928 sendmsg(177, {msg_name=NULL, msg_namelen=0, msg_iov=[{iov_base="l\1\1\1\374\0\0\0\201\2\0\0\235\0\0\0\1\1o\0;\0\0\0/re/frid"..., iov_len=428}], msg_iovlen=1, msg_controllen=0, msg_flags=0}, MSG_NOSIGNAL) = 428
30087 1783914108.970036 recvfrom(100, "nysv\0\0\0\0\0\0\0\0\0\0\0\0\320f\322\203y\2\0\0\310y\2\0\0\0\0\0", 3200, MSG_DONTWAIT, NULL, NULL) = 32
30087 1783914108.970233 recvfrom(100, 0x7fc3986860, 3200, MSG_DONTWAIT, NULL, NULL) = -1 EAGAIN (Try again)
30197 1783914108.975657 sendmsg(177, {msg_name=NULL, msg_namelen=0, msg_iov=[{iov_base="l\1\1\1\374\0\0\0\202\2\0\0\235\0\0\0\1\1o\0;\0\0\0/re/frid"..., iov_len=428}], msg_iovlen=1, msg_controllen=0, msg_flags=0}, MSG_NOSIGNAL) = 428
30087 1783914109.411592 recvfrom(100, 0x7fc3986420, 3200, MSG_DONTWAIT, NULL, NULL) = -1 EAGAIN (Try again)
30087 1783914109.421421 recvfrom(100, "nysv\0\0\0\0\0\0\0\0\0\0\0\0\3670\244\236y\2\0\0\343y\2\0\0\0\0\0", 3200, MSG_DONTWAIT, NULL, NULL) = 32
30087 1783914109.421906 recvfrom(100, 0x7fc3986860, 3200, MSG_DONTWAIT, NULL, NULL) = -1 EAGAIN (Try again)
30087 1783914109.422919 recvfrom(121, 0x7d29777820, 2272, MSG_DONTWAIT, NULL, NULL) = -1 EAGAIN (Try again)
30087 1783914109.440391 recvfrom(100, 0x7fc3985d70, 3200, MSG_DONTWAIT, NULL, NULL) = -1 EAGAIN (Try again)
30197 1783914109.447875 sendmsg(177, {msg_name=NULL, msg_namelen=0, msg_iov=[{iov_base="l\1\1\1\374\0\0\0\203\2\0\0\235\0\0\0\1\1o\0;\0\0\0/re/frid"..., iov_len=428}], msg_iovlen=1, msg_controllen=0, msg_flags=0}, MSG_NOSIGNAL) = 428
30087 1783914109.453810 recvfrom(100, "nysv\0\0\0\0\0\0\0\0\0\0\0\0\271\327\240\240y\2\0\0\345y\2\0\0\0\0\0", 3200, MSG_DONTWAIT, NULL, NULL) = 32
30087 1783914109.454714 recvfrom(100, 0x7fc3986860, 3200, MSG_DONTWAIT, NULL, NULL) = -1 EAGAIN (Try again)
30087 1783914109.462946 recvfrom(100, 0x7fc3986760, 3200, MSG_DONTWAIT, NULL, NULL) = -1 EAGAIN (Try again)
30197 1783914109.469506 sendmsg(177, {msg_name=NULL, msg_namelen=0, msg_iov=[{iov_base="l\1\1\1\374\0\0\0\204\2\0\0\235\0\0\0\1\1o\0;\0\0\0/re/frid"..., iov_len=428}], msg_iovlen=1, msg_controllen=0, msg_flags=0}, MSG_NOSIGNAL) = 428
30087 1783914109.470946 recvfrom(100, "nysv\0\0\0\0\0\0\0\0\0\0\0\0\256|\237\241y\2\0\0\346y\2\0\0\0\0\0", 3200, MSG_DONTWAIT, NULL, NULL) = 32
30087 1783914109.471128 recvfrom(100, 0x7fc3986860, 3200, MSG_DONTWAIT, NULL, NULL) = -1 EAGAIN (Try again)
30197 1783914109.475844 sendmsg(177, {msg_name=NULL, msg_namelen=0, msg_iov=[{iov_base="l\1\1\1\374\0\0\0\205\2\0\0\235\0\0\0\1\1o\0;\0\0\0/re/frid"..., iov_len=428}], msg_iovlen=1, msg_controllen=0, msg_flags=0}, MSG_NOSIGNAL) = 428
30087 1783914109.918616 recvfrom(100, 0x7fc3986420, 3200, MSG_DONTWAIT, NULL, NULL) = -1 EAGAIN (Try again)
30087 1783914109.937584 recvfrom(100, "nysv\0\0\0\0\0\0\0\0\0\0\0\0\352\17p\275y\2\0\0\2z\2\0\0\0\0\0", 3200, MSG_DONTWAIT, NULL, NULL) = 32
30087 1783914109.937758 recvfrom(100, 0x7fc3986860, 3200, MSG_DONTWAIT, NULL, NULL) = -1 EAGAIN (Try again)
30087 1783914109.938069 recvfrom(121, 0x7d29777820, 2272, MSG_DONTWAIT, NULL, NULL) = -1 EAGAIN (Try again)
30087 1783914109.947795 recvfrom(100, 0x7fc3985d70, 3200, MSG_DONTWAIT, NULL, NULL) = -1 EAGAIN (Try again)
30197 1783914109.959356 sendmsg(177, {msg_name=NULL, msg_namelen=0, msg_iov=[{iov_base="l\1\1\1\374\0\0\0\206\2\0\0\235\0\0\0\1\1o\0;\0\0\0/re/frid"..., iov_len=428}], msg_iovlen=1, msg_controllen=0, msg_flags=0}, MSG_NOSIGNAL) = 428
30087 1783914109.959521 recvfrom(100, "nysv\0\0\0\0\0\0\0\0\0\0\0\0\25\265n\276y\2\0\0\3z\2\0\0\0\0\0", 3200, MSG_DONTWAIT, NULL, NULL) = 32
30087 1783914109.959803 recvfrom(100, 0x7fc3986860, 3200, MSG_DONTWAIT, NULL, NULL) = -1 EAGAIN (Try again)
30087 1783914109.961432 recvfrom(100, 0x7fc3986760, 3200, MSG_DONTWAIT, NULL, NULL) = -1 EAGAIN (Try again)
30197 1783914109.967001 sendmsg(177, {msg_name=NULL, msg_namelen=0, msg_iov=[{iov_base="l\1\1\1\374\0\0\0\207\2\0\0\235\0\0\0\1\1o\0;\0\0\0/re/frid"..., iov_len=428}], msg_iovlen=1, msg_controllen=0, msg_flags=0}, MSG_NOSIGNAL) = 428
30087 1783914109.969177 recvfrom(100, "nysv\0\0\0\0\0\0\0\0\0\0\0\0e?m\277y\2\0\0\4z\2\0\0\0\0\0", 3200, MSG_DONTWAIT, NULL, NULL) = 32
30087 1783914109.969320 recvfrom(100, 0x7fc3986860, 3200, MSG_DONTWAIT, NULL, NULL) = -1 EAGAIN (Try again)
30197 1783914109.974020 sendmsg(177, {msg_name=NULL, msg_namelen=0, msg_iov=[{iov_base="l\1\1\1\374\0\0\0\210\2\0\0\235\0\0\0\1\1o\0;\0\0\0/re/frid"..., iov_len=428}], msg_iovlen=1, msg_controllen=0, msg_flags=0}, MSG_NOSIGNAL) = 428
30197 1783914110.066494 sendmsg(177, {msg_name=NULL, msg_namelen=0, msg_iov=[{iov_base="l\1\1\1\374\0\0\0\211\2\0\0\235\0\0\0\1\1o\0;\0\0\0/re/frid"..., iov_len=428}], msg_iovlen=1, msg_controllen=0, msg_flags=0}, MSG_NOSIGNAL) = 428
30087 1783914110.067798 recvfrom(100, 0x7fc39862c0, 3200, MSG_DONTWAIT, NULL, NULL) = -1 EAGAIN (Try again)
30087 1783914110.074996 recvfrom(100, "nysv\0\0\0\0\0\0\0\0\0\0\0\0006rc\305y\2\0\0\nz\2\0\0\0\0\0", 3200, MSG_DONTWAIT, NULL, NULL) = 32
30087 1783914110.075264 recvfrom(100, 0x7fc3986860, 3200, MSG_DONTWAIT, NULL, NULL) = -1 EAGAIN (Try again)
30087 1783914110.075568 recvfrom(121, 0x7d29777820, 2272, MSG_DONTWAIT, NULL, NULL) = -1 EAGAIN (Try again)
30087 1783914110.094293 recvfrom(100, 0x7fc3985d70, 3200, MSG_DONTWAIT, NULL, NULL) = -1 EAGAIN (Try again)
30197 1783914110.109557 sendmsg(177, {msg_name=NULL, msg_namelen=0, msg_iov=[{iov_base="l\1\1\1\374\0\0\0\212\2\0\0\235\0\0\0\1\1o\0;\0\0\0/re/frid"..., iov_len=428}], msg_iovlen=1, msg_controllen=0, msg_flags=0}, MSG_NOSIGNAL) = 428
30087 1783914110.111273 recvfrom(100, "nysv\0\0\0\0\0\0\0\0\0\0\0\0*\220`\307y\2\0\0\fz\2\0\0\0\0\0", 3200, MSG_DONTWAIT, NULL, NULL) = 32
30087 1783914110.112046 recvfrom(100, 0x7fc3986860, 3200, MSG_DONTWAIT, NULL, NULL) = -1 EAGAIN (Try again)
30087 1783914110.116111 recvfrom(100, 0x7fc3986760, 3200, MSG_DONTWAIT, NULL, NULL) = -1 EAGAIN (Try again)
30197 1783914110.131441 sendmsg(177, {msg_name=NULL, msg_namelen=0, msg_iov=[{iov_base="l\1\1\1\374\0\0\0\213\2\0\0\235\0\0\0\1\1o\0;\0\0\0/re/frid"..., iov_len=428}], msg_iovlen=1, msg_controllen=0, msg_flags=0}, MSG_NOSIGNAL) = 428
30087 1783914110.132508 recvfrom(100, "nysv\0\0\0\0\0\0\0\0\0\0\0\0\37,_\310y\2\0\0\rz\2\0\0\0\0\0", 3200, MSG_DONTWAIT, NULL, NULL) = 32
30087 1783914110.132679 recvfrom(100, 0x7fc3986860, 3200, MSG_DONTWAIT, NULL, NULL) = -1 EAGAIN (Try again)
30197 1783914110.144314 sendmsg(177, {msg_name=NULL, msg_namelen=0, msg_iov=[{iov_base="l\1\1\1\374\0\0\0\214\2\0\0\235\0\0\0\1\1o\0;\0\0\0/re/frid"..., iov_len=428}], msg_iovlen=1, msg_controllen=0, msg_flags=0}, MSG_NOSIGNAL) = 428
30197 1783914110.318317 sendmsg(177, {msg_name=NULL, msg_namelen=0, msg_iov=[{iov_base="l\1\1\1\374\0\0\0\215\2\0\0\235\0\0\0\1\1o\0;\0\0\0/re/frid"..., iov_len=428}], msg_iovlen=1, msg_controllen=0, msg_flags=0}, MSG_NOSIGNAL) = 428
30087 1783914110.319539 recvfrom(100, 0x7fc3985fd0, 3200, MSG_DONTWAIT, NULL, NULL) = -1 EAGAIN (Try again)
30087 1783914110.335941 recvfrom(100, "nysv\0\0\0\0\0\0\0\0\0\0\0\0u\320J\325y\2\0\0\32z\2\0\0\0\0\0", 3200, MSG_DONTWAIT, NULL, NULL) = 32
30087 1783914110.336424 recvfrom(100, 0x7fc3986860, 3200, MSG_DONTWAIT, NULL, NULL) = -1 EAGAIN (Try again)
30087 1783914110.337059 recvfrom(121, 0x7d29777820, 2272, MSG_DONTWAIT, NULL, NULL) = -1 EAGAIN (Try again)
30087 1783914110.364991 recvfrom(100, 0x7fc3985d70, 3200, MSG_DONTWAIT, NULL, NULL) = -1 EAGAIN (Try again)
30197 1783914110.376417 sendmsg(177, {msg_name=NULL, msg_namelen=0, msg_iov=[{iov_base="l\1\1\1\374\0\0\0\216\2\0\0\235\0\0\0\1\1o\0;\0\0\0/re/frid"..., iov_len=428}], msg_iovlen=1, msg_controllen=0, msg_flags=0}, MSG_NOSIGNAL) = 428
30087 1783914110.378940 recvfrom(100, "nysv\0\0\0\0\0\0\0\0\0\0\0\0\374\376G\327y\2\0\0\34z\2\0\0\0\0\0", 3200, MSG_DONTWAIT, NULL, NULL) = 32
30087 1783914110.379275 recvfrom(100, 0x7fc3986860, 3200, MSG_DONTWAIT, NULL, NULL) = -1 EAGAIN (Try again)
30087 1783914110.382572 recvfrom(100, 0x7fc3986760, 3200, MSG_DONTWAIT, NULL, NULL) = -1 EAGAIN (Try again)
30197 1783914110.393374 sendmsg(177, {msg_name=NULL, msg_namelen=0, msg_iov=[{iov_base="l\1\1\1\374\0\0\0\217\2\0\0\235\0\0\0\1\1o\0;\0\0\0/re/frid"..., iov_len=428}], msg_iovlen=1, msg_controllen=0, msg_flags=0}, MSG_NOSIGNAL) = 428
30087 1783914110.394357 recvfrom(100, "nysv\0\0\0\0\0\0\0\0\0\0\0\0{\333F\330y\2\0\0\35z\2\0\0\0\0\0", 3200, MSG_DONTWAIT, NULL, NULL) = 32
30087 1783914110.394511 recvfrom(100, 0x7fc3986860, 3200, MSG_DONTWAIT, NULL, NULL) = -1 EAGAIN (Try again)
30197 1783914110.400047 sendmsg(177, {msg_name=NULL, msg_namelen=0, msg_iov=[{iov_base="l\1\1\1\374\0\0\0\220\2\0\0\235\0\0\0\1\1o\0;\0\0\0/re/frid"..., iov_len=428}], msg_iovlen=1, msg_controllen=0, msg_flags=0}, MSG_NOSIGNAL) = 428
30087 1783914110.824817 recvfrom(100, 0x7fc3986420, 3200, MSG_DONTWAIT, NULL, NULL) = -1 EAGAIN (Try again)
30087 1783914110.835901 recvfrom(100, "nysv\0\0\0\0\0\0\0\0\0\0\0\0\342\237\26\363y\2\0\08z\2\0\0\0\0\0", 3200, MSG_DONTWAIT, NULL, NULL) = 32
30087 1783914110.836344 recvfrom(100, 0x7fc3986860, 3200, MSG_DONTWAIT, NULL, NULL) = -1 EAGAIN (Try again)
30087 1783914110.836714 recvfrom(121, 0x7d29777820, 2272, MSG_DONTWAIT, NULL, NULL) = -1 EAGAIN (Try again)
30087 1783914110.853153 recvfrom(100, 0x7fc3985d70, 3200, MSG_DONTWAIT, NULL, NULL) = -1 EAGAIN (Try again)
30197 1783914110.864190 sendmsg(177, {msg_name=NULL, msg_namelen=0, msg_iov=[{iov_base="l\1\1\1\374\0\0\0\221\2\0\0\235\0\0\0\1\1o\0;\0\0\0/re/frid"..., iov_len=428}], msg_iovlen=1, msg_controllen=0, msg_flags=0}, MSG_NOSIGNAL) = 428
30087 1783914110.871036 recvfrom(100, "nysv\0\0\0\0\0\0\0\0\0\0\0\0kS\23\365y\2\0\0:z\2\0\0\0\0\0", 3200, MSG_DONTWAIT, NULL, NULL) = 32
30087 1783914110.871354 recvfrom(100, 0x7fc3986860, 3200, MSG_DONTWAIT, NULL, NULL) = -1 EAGAIN (Try again)
30087 1783914110.878010 recvfrom(100, 0x7fc3986760, 3200, MSG_DONTWAIT, NULL, NULL) = -1 EAGAIN (Try again)
30197 1783914110.883989 sendmsg(177, {msg_name=NULL, msg_namelen=0, msg_iov=[{iov_base="l\1\1\1\374\0\0\0\222\2\0\0\235\0\0\0\1\1o\0;\0\0\0/re/frid"..., iov_len=428}], msg_iovlen=1, msg_controllen=0, msg_flags=0}, MSG_NOSIGNAL) = 428
30087 1783914110.886155 recvfrom(100, "nysv\0\0\0\0\0\0\0\0\0\0\0\0\211\345\21\366y\2\0\0;z\2\0\0\0\0\0", 3200, MSG_DONTWAIT, NULL, NULL) = 32
30087 1783914110.886496 recvfrom(100, 0x7fc3986860, 3200, MSG_DONTWAIT, NULL, NULL) = -1 EAGAIN (Try again)
30197 1783914110.898597 sendmsg(177, {msg_name=NULL, msg_namelen=0, msg_iov=[{iov_base="l\1\1\1\374\0\0\0\223\2\0\0\235\0\0\0\1\1o\0;\0\0\0/re/frid"..., iov_len=428}], msg_iovlen=1, msg_controllen=0, msg_flags=0}, MSG_NOSIGNAL) = 428
30197 1783914111.270320 sendmsg(177, {msg_name=NULL, msg_namelen=0, msg_iov=[{iov_base="l\1\1\1\374\0\0\0\224\2\0\0\235\0\0\0\1\1o\0;\0\0\0/re/frid"..., iov_len=428}], msg_iovlen=1, msg_controllen=0, msg_flags=0}, MSG_NOSIGNAL) = 428
30087 1783914111.326195 recvfrom(100, 0x7fc3986420, 3200, MSG_DONTWAIT, NULL, NULL) = -1 EAGAIN (Try again)
30087 1783914111.340921 recvfrom(100, "nysv\0\0\0\0\0\0\0\0\0\0\0\0M\305\344\20z\2\0\0Vz\2\0\0\0\0\0", 3200, MSG_DONTWAIT, NULL, NULL) = 32
30087 1783914111.340976 recvfrom(100, 0x7fc3986860, 3200, MSG_DONTWAIT, NULL, NULL) = -1 EAGAIN (Try again)
30087 1783914111.341019 recvfrom(121, 0x7d29777820, 2272, MSG_DONTWAIT, NULL, NULL) = -1 EAGAIN (Try again)
30197 1783914111.357210 sendmsg(177, {msg_name=NULL, msg_namelen=0, msg_iov=[{iov_base="l\1\1\1\374\0\0\0\225\2\0\0\235\0\0\0\1\1o\0;\0\0\0/re/frid"..., iov_len=428}], msg_iovlen=1, msg_controllen=0, msg_flags=0}, MSG_NOSIGNAL) = 428
30087 1783914111.363627 recvfrom(100, 0x7fc3985d70, 3200, MSG_DONTWAIT, NULL, NULL) = -1 EAGAIN (Try again)
30087 1783914111.371425 recvfrom(100, "nysv\0\0\0\0\0\0\0\0\0\0\0\0\240%\341\22z\2\0\0Xz\2\0\0\0\0\0", 3200, MSG_DONTWAIT, NULL, NULL) = 32
30087 1783914111.371470 recvfrom(100, 0x7fc3986860, 3200, MSG_DONTWAIT, NULL, NULL) = -1 EAGAIN (Try again)
30087 1783914111.375193 recvfrom(100, 0x7fc3986760, 3200, MSG_DONTWAIT, NULL, NULL) = -1 EAGAIN (Try again)
30197 1783914111.379484 sendmsg(177, {msg_name=NULL, msg_namelen=0, msg_iov=[{iov_base="l\1\1\1\374\0\0\0\226\2\0\0\235\0\0\0\1\1o\0;\0\0\0/re/frid"..., iov_len=428}], msg_iovlen=1, msg_controllen=0, msg_flags=0}, MSG_NOSIGNAL) = 428
30087 1783914111.387309 recvfrom(100, "nysv\0\0\0\0\0\0\0\0\0\0\0\0\207o\337\23z\2\0\0Yz\2\0\0\0\0\0", 3200, MSG_DONTWAIT, NULL, NULL) = 32
30087 1783914111.387331 recvfrom(100, 0x7fc3986860, 3200, MSG_DONTWAIT, NULL, NULL) = -1 EAGAIN (Try again)
30197 1783914111.388876 sendmsg(177, {msg_name=NULL, msg_namelen=0, msg_iov=[{iov_base="l\1\1\1\374\0\0\0\227\2\0\0\235\0\0\0\1\1o\0;\0\0\0/re/frid"..., iov_len=428}], msg_iovlen=1, msg_controllen=0, msg_flags=0}, MSG_NOSIGNAL) = 428
30087 1783914111.828063 recvfrom(100, 0x7fc3986420, 3200, MSG_DONTWAIT, NULL, NULL) = -1 EAGAIN (Try again)
30087 1783914111.838652 recvfrom(100, "nysv\0\0\0\0\0\0\0\0\0\0\0\0?\226\257.z\2\0\0tz\2\0\0\0\0\0", 3200, MSG_DONTWAIT, NULL, NULL) = 32
30087 1783914111.838822 recvfrom(100, 0x7fc3986860, 3200, MSG_DONTWAIT, NULL, NULL) = -1 EAGAIN (Try again)
30087 1783914111.839316 recvfrom(121, 0x7d29777820, 2272, MSG_DONTWAIT, NULL, NULL) = -1 EAGAIN (Try again)
30087 1783914111.847682 recvfrom(100, 0x7fc3985d70, 3200, MSG_DONTWAIT, NULL, NULL) = -1 EAGAIN (Try again)
30197 1783914111.849047 sendmsg(177, {msg_name=NULL, msg_namelen=0, msg_iov=[{iov_base="l\1\1\1\374\0\0\0\230\2\0\0\235\0\0\0\1\1o\0;\0\0\0/re/frid"..., iov_len=428}], msg_iovlen=1, msg_controllen=0, msg_flags=0}, MSG_NOSIGNAL) = 428
30087 1783914111.858073 recvfrom(100, "nysv\0\0\0\0\0\0\0\0\0\0\0\0\324\t\256/z\2\0\0uz\2\0\0\0\0\0", 3200, MSG_DONTWAIT, NULL, NULL) = 32
30087 1783914111.858122 recvfrom(100, 0x7fc3986860, 3200, MSG_DONTWAIT, NULL, NULL) = -1 EAGAIN (Try again)
30087 1783914111.860212 recvfrom(100, 0x7fc3986760, 3200, MSG_DONTWAIT, NULL, NULL) = -1 EAGAIN (Try again)
30197 1783914111.862053 sendmsg(177, {msg_name=NULL, msg_namelen=0, msg_iov=[{iov_base="l\1\1\1\374\0\0\0\231\2\0\0\235\0\0\0\1\1o\0;\0\0\0/re/frid"..., iov_len=428}], msg_iovlen=1, msg_controllen=0, msg_flags=0}, MSG_NOSIGNAL) = 428
30087 1783914111.868817 recvfrom(100, "nysv\0\0\0\0\0\0\0\0\0\0\0\0002\243\2540z\2\0\0vz\2\0\0\0\0\0", 3200, MSG_DONTWAIT, NULL, NULL) = 32
30087 1783914111.868857 recvfrom(100, 0x7fc3986860, 3200, MSG_DONTWAIT, NULL, NULL) = -1 EAGAIN (Try again)
30197 1783914111.878569 sendmsg(177, {msg_name=NULL, msg_namelen=0, msg_iov=[{iov_base="l\1\1\1\374\0\0\0\232\2\0\0\235\0\0\0\1\1o\0;\0\0\0/re/frid"..., iov_len=428}], msg_iovlen=1, msg_controllen=0, msg_flags=0}, MSG_NOSIGNAL) = 428
30197 1783914112.284465 sendmsg(177, {msg_name=NULL, msg_namelen=0, msg_iov=[{iov_base="l\1\1\1\374\0\0\0\233\2\0\0\235\0\0\0\1\1o\0;\0\0\0/re/frid"..., iov_len=428}], msg_iovlen=1, msg_controllen=0, msg_flags=0}, MSG_NOSIGNAL) = 428
30197 1783914112.297284 sendmsg(177, {msg_name=NULL, msg_namelen=0, msg_iov=[{iov_base="l\1\1\1\374\0\0\0\234\2\0\0\235\0\0\0\1\1o\0;\0\0\0/re/frid"..., iov_len=428}], msg_iovlen=1, msg_controllen=0, msg_flags=0}, MSG_NOSIGNAL) = 428
30197 1783914112.311796 sendmsg(177, {msg_name=NULL, msg_namelen=0, msg_iov=[{iov_base="l\1\1\1\374\0\0\0\235\2\0\0\235\0\0\0\1\1o\0;\0\0\0/re/frid"..., iov_len=428}], msg_iovlen=1, msg_controllen=0, msg_flags=0}, MSG_NOSIGNAL) = 428
30087 1783914112.328697 recvfrom(100, 0x7fc3986420, 3200, MSG_DONTWAIT, NULL, NULL) = -1 EAGAIN (Try again)
30087 1783914112.335515 recvfrom(100, "nysv\0\0\0\0\0\0\0\0\0\0\0\0v\34~Lz\2\0\0\222z\2\0\0\0\0\0", 3200, MSG_DONTWAIT, NULL, NULL) = 32
30087 1783914112.335635 recvfrom(100, 0x7fc3986860, 3200, MSG_DONTWAIT, NULL, NULL) = -1 EAGAIN (Try again)
30087 1783914112.335665 recvfrom(121, 0x7d29777820, 2272, MSG_DONTWAIT, NULL, NULL) = -1 EAGAIN (Try again)
30087 1783914112.339161 recvfrom(100, 0x7fc3985d70, 3200, MSG_DONTWAIT, NULL, NULL) = -1 EAGAIN (Try again)
30197 1783914112.340371 sendmsg(177, {msg_name=NULL, msg_namelen=0, msg_iov=[{iov_base="l\1\1\1\374\0\0\0\236\2\0\0\235\0\0\0\1\1o\0;\0\0\0/re/frid"..., iov_len=428}], msg_iovlen=1, msg_controllen=0, msg_flags=0}, MSG_NOSIGNAL) = 428
30087 1783914112.352510 recvfrom(100, "nysv\0\0\0\0\0\0\0\0\0\0\0\0\362\252|Mz\2\0\0\223z\2\0\0\0\0\0", 3200, MSG_DONTWAIT, NULL, NULL) = 32
30087 1783914112.352540 recvfrom(100, 0x7fc3986860, 3200, MSG_DONTWAIT, NULL, NULL) = -1 EAGAIN (Try again)
30087 1783914112.359065 recvfrom(100, 0x7fc3986760, 3200, MSG_DONTWAIT, NULL, NULL) = -1 EAGAIN (Try again)
30197 1783914112.360218 sendmsg(177, {msg_name=NULL, msg_namelen=0, msg_iov=[{iov_base="l\1\1\1\374\0\0\0\237\2\0\0\235\0\0\0\1\1o\0;\0\0\0/re/frid"..., iov_len=428}], msg_iovlen=1, msg_controllen=0, msg_flags=0}, MSG_NOSIGNAL) = 428
30087 1783914112.369285 recvfrom(100, "nysv\0\0\0\0\0\0\0\0\0\0\0\0L${Nz\2\0\0\224z\2\0\0\0\0\0", 3200, MSG_DONTWAIT, NULL, NULL) = 32
30087 1783914112.369308 recvfrom(100, 0x7fc3986860, 3200, MSG_DONTWAIT, NULL, NULL) = -1 EAGAIN (Try again)
30197 1783914112.370329 sendmsg(177, {msg_name=NULL, msg_namelen=0, msg_iov=[{iov_base="l\1\1\1\374\0\0\0\240\2\0\0\235\0\0\0\1\1o\0;\0\0\0/re/frid"..., iov_len=428}], msg_iovlen=1, msg_controllen=0, msg_flags=0}, MSG_NOSIGNAL) = 428
30087 1783914112.832725 recvfrom(100, 0x7fc3986420, 3200, MSG_DONTWAIT, NULL, NULL) = -1 EAGAIN (Try again)
30087 1783914112.837773 recvfrom(100, "nysv\0\0\0\0\0\0\0\0\0\0\0\0\27`Jjz\2\0\0\260z\2\0\0\0\0\0", 3200, MSG_DONTWAIT, NULL, NULL) = 32
30087 1783914112.837896 recvfrom(100, 0x7fc3986860, 3200, MSG_DONTWAIT, NULL, NULL) = -1 EAGAIN (Try again)
30087 1783914112.838249 recvfrom(121, 0x7d29777820, 2272, MSG_DONTWAIT, NULL, NULL) = -1 EAGAIN (Try again)
30197 1783914112.846573 sendmsg(177, {msg_name=NULL, msg_namelen=0, msg_iov=[{iov_base="l\1\1\1\374\0\0\0\241\2\0\0\235\0\0\0\1\1o\0;\0\0\0/re/frid"..., iov_len=428}], msg_iovlen=1, msg_controllen=0, msg_flags=0}, MSG_NOSIGNAL) = 428
30087 1783914112.856025 recvfrom(100, 0x7fc3985d70, 3200, MSG_DONTWAIT, NULL, NULL) = -1 EAGAIN (Try again)
30087 1783914112.875296 recvfrom(100, "nysv\0\0\0\0\0\0\0\0\0\0\0\0k\0Glz\2\0\0\262z\2\0\0\0\0\0", 3200, MSG_DONTWAIT, NULL, NULL) = 32
30087 1783914112.875794 recvfrom(100, 0x7fc3986860, 3200, MSG_DONTWAIT, NULL, NULL) = -1 EAGAIN (Try again)
30087 1783914112.885561 recvfrom(100, 0x7fc3986760, 3200, MSG_DONTWAIT, NULL, NULL) = -1 EAGAIN (Try again)
30087 1783914112.886866 recvfrom(100, "nysv\0\0\0\0\0\0\0\0\0\0\0\0E\205Emz\2\0\0\263z\2\0\0\0\0\0", 3200, MSG_DONTWAIT, NULL, NULL) = 32
30087 1783914112.886950 recvfrom(100, 0x7fc3986860, 3200, MSG_DONTWAIT, NULL, NULL) = -1 EAGAIN (Try again)
30197 1783914112.887532 sendmsg(177, {msg_name=NULL, msg_namelen=0, msg_iov=[{iov_base="l\1\1\1\374\0\0\0\242\2\0\0\235\0\0\0\1\1o\0;\0\0\0/re/frid"..., iov_len=428}], msg_iovlen=1, msg_controllen=0, msg_flags=0}, MSG_NOSIGNAL) = 428
30197 1783914112.888500 sendmsg(177, {msg_name=NULL, msg_namelen=0, msg_iov=[{iov_base="l\1\1\1\374\0\0\0\243\2\0\0\235\0\0\0\1\1o\0;\0\0\0/re/frid"..., iov_len=428}], msg_iovlen=1, msg_controllen=0, msg_flags=0}, MSG_NOSIGNAL) = 428
30087 1783914113.337594 recvfrom(100, 0x7fc3986420, 3200, MSG_DONTWAIT, NULL, NULL) = -1 EAGAIN (Try again)
30087 1783914113.357659 recvfrom(100, "nysv\0\0\0\0\0\0\0\0\0\0\0\0-\25\26\211z\2\0\0\317z\2\0\0\0\0\0", 3200, MSG_DONTWAIT, NULL, NULL) = 32
30087 1783914113.357756 recvfrom(100, 0x7fc3986860, 3200, MSG_DONTWAIT, NULL, NULL) = -1 EAGAIN (Try again)
30087 1783914113.357858 recvfrom(121, 0x7d29777820, 2272, MSG_DONTWAIT, NULL, NULL) = -1 EAGAIN (Try again)
30197 1783914113.365906 sendmsg(177, {msg_name=NULL, msg_namelen=0, msg_iov=[{iov_base="l\1\1\1\374\0\0\0\244\2\0\0\235\0\0\0\1\1o\0;\0\0\0/re/frid"..., iov_len=428}], msg_iovlen=1, msg_controllen=0, msg_flags=0}, MSG_NOSIGNAL) = 428
30087 1783914113.375327 recvfrom(100, 0x7fc3985d70, 3200, MSG_DONTWAIT, NULL, NULL) = -1 EAGAIN (Try again)
30087 1783914113.386625 recvfrom(100, "nysv\0\0\0\0\0\0\0\0\0\0\0\0\374\22\23\213z\2\0\0\321z\2\0\0\0\0\0", 3200, MSG_DONTWAIT, NULL, NULL) = 32
30087 1783914113.386813 recvfrom(100, 0x7fc3986860, 3200, MSG_DONTWAIT, NULL, NULL) = -1 EAGAIN (Try again)
30087 1783914113.395577 recvfrom(100, 0x7fc3986760, 3200, MSG_DONTWAIT, NULL, NULL) = -1 EAGAIN (Try again)
30197 1783914113.398487 sendmsg(177, {msg_name=NULL, msg_namelen=0, msg_iov=[{iov_base="l\1\1\1\374\0\0\0\245\2\0\0\235\0\0\0\1\1o\0;\0\0\0/re/frid"..., iov_len=428}], msg_iovlen=1, msg_controllen=0, msg_flags=0}, MSG_NOSIGNAL) = 428
30087 1783914113.403151 recvfrom(100, "nysv\0\0\0\0\0\0\0\0\0\0\0\0005x\21\214z\2\0\0\322z\2\0\0\0\0\0", 3200, MSG_DONTWAIT, NULL, NULL) = 32
30087 1783914113.403185 recvfrom(100, 0x7fc3986860, 3200, MSG_DONTWAIT, NULL, NULL) = -1 EAGAIN (Try again)
30197 1783914113.404689 sendmsg(177, {msg_name=NULL, msg_namelen=0, msg_iov=[{iov_base="l\1\1\1\374\0\0\0\246\2\0\0\235\0\0\0\1\1o\0;\0\0\0/re/frid"..., iov_len=428}], msg_iovlen=1, msg_controllen=0, msg_flags=0}, MSG_NOSIGNAL) = 428
30087 1783914113.838765 recvfrom(100, 0x7fc3986420, 3200, MSG_DONTWAIT, NULL, NULL) = -1 EAGAIN (Try again)
30087 1783914113.853853 recvfrom(100, "nysv\0\0\0\0\0\0\0\0\0\0\0\0(\200\343\246z\2\0\0\355z\2\0\0\0\0\0", 3200, MSG_DONTWAIT, NULL, NULL) = 32
30087 1783914113.854223 recvfrom(100, 0x7fc3986860, 3200, MSG_DONTWAIT, NULL, NULL) = -1 EAGAIN (Try again)
30087 1783914113.854350 recvfrom(121, 0x7d29777820, 2272, MSG_DONTWAIT, NULL, NULL) = -1 EAGAIN (Try again)
30197 1783914113.862585 sendmsg(177, {msg_name=NULL, msg_namelen=0, msg_iov=[{iov_base="l\1\1\1\374\0\0\0\247\2\0\0\235\0\0\0\1\1o\0;\0\0\0/re/frid"..., iov_len=428}], msg_iovlen=1, msg_controllen=0, msg_flags=0}, MSG_NOSIGNAL) = 428
30087 1783914113.872479 recvfrom(100, 0x7fc3985d70, 3200, MSG_DONTWAIT, NULL, NULL) = -1 EAGAIN (Try again)
30087 1783914113.889875 recvfrom(100, "nysv\0\0\0\0\0\0\0\0\0\0\0\0m\32\340\250z\2\0\0\357z\2\0\0\0\0\0", 3200, MSG_DONTWAIT, NULL, NULL) = 32
30087 1783914113.890022 recvfrom(100, 0x7fc3986860, 3200, MSG_DONTWAIT, NULL, NULL) = -1 EAGAIN (Try again)
30087 1783914113.900690 recvfrom(100, 0x7fc3986760, 3200, MSG_DONTWAIT, NULL, NULL) = -1 EAGAIN (Try again)
30087 1783914113.901943 recvfrom(100, "nysv\0\0\0\0\0\0\0\0\0\0\0\0\373\276\336\251z\2\0\0\360z\2\0\0\0\0\0", 3200, MSG_DONTWAIT, NULL, NULL) = 32
30087 1783914113.902109 recvfrom(100, 0x7fc3986860, 3200, MSG_DONTWAIT, NULL, NULL) = -1 EAGAIN (Try again)
30197 1783914113.902547 sendmsg(177, {msg_name=NULL, msg_namelen=0, msg_iov=[{iov_base="l\1\1\1\374\0\0\0\250\2\0\0\235\0\0\0\1\1o\0;\0\0\0/re/frid"..., iov_len=428}], msg_iovlen=1, msg_controllen=0, msg_flags=0}, MSG_NOSIGNAL) = 428
30197 1783914113.905112 sendmsg(177, {msg_name=NULL, msg_namelen=0, msg_iov=[{iov_base="l\1\1\1\374\0\0\0\251\2\0\0\235\0\0\0\1\1o\0;\0\0\0/re/frid"..., iov_len=428}], msg_iovlen=1, msg_controllen=0, msg_flags=0}, MSG_NOSIGNAL) = 428
30087 1783914114.340681 recvfrom(100, 0x7fc3986420, 3200, MSG_DONTWAIT, NULL, NULL) = -1 EAGAIN (Try again)
30087 1783914114.352694 recvfrom(100, "nysv\0\0\0\0\0\0\0\0\0\0\0\0\v\30\261\304z\2\0\0\v{\2\0\0\0\0\0", 3200, MSG_DONTWAIT, NULL, NULL) = 32
30087 1783914114.353018 recvfrom(100, 0x7fc3986860, 3200, MSG_DONTWAIT, NULL, NULL) = -1 EAGAIN (Try again)
30087 1783914114.353290 recvfrom(121, 0x7d29777820, 2272, MSG_DONTWAIT, NULL, NULL) = -1 EAGAIN (Try again)
30087 1783914114.372624 recvfrom(100, 0x7fc3985d70, 3200, MSG_DONTWAIT, NULL, NULL) = -1 EAGAIN (Try again)
30197 1783914114.373780 sendmsg(177, {msg_name=NULL, msg_namelen=0, msg_iov=[{iov_base="l\1\1\1\374\0\0\0\252\2\0\0\235\0\0\0\1\1o\0;\0\0\0/re/frid"..., iov_len=428}], msg_iovlen=1, msg_controllen=0, msg_flags=0}, MSG_NOSIGNAL) = 428
30087 1783914114.390528 recvfrom(100, "nysv\0\0\0\0\0\0\0\0\0\0\0\0Y\177\255\306z\2\0\0\r{\2\0\0\0\0\0", 3200, MSG_DONTWAIT, NULL, NULL) = 32
30087 1783914114.390568 recvfrom(100, 0x7fc3986860, 3200, MSG_DONTWAIT, NULL, NULL) = -1 EAGAIN (Try again)
30087 1783914114.402311 recvfrom(100, 0x7fc3986760, 3200, MSG_DONTWAIT, NULL, NULL) = -1 EAGAIN (Try again)
30197 1783914114.403725 sendmsg(177, {msg_name=NULL, msg_namelen=0, msg_iov=[{iov_base="l\1\1\1\374\0\0\0\253\2\0\0\235\0\0\0\1\1o\0;\0\0\0/re/frid"..., iov_len=428}], msg_iovlen=1, msg_controllen=0, msg_flags=0}, MSG_NOSIGNAL) = 428
30087 1783914114.419804 recvfrom(100, "nysv\0\0\0\0\0\0\0\0\0\0\0\0\tt\252\310z\2\0\0\17{\2\0\0\0\0\0", 3200, MSG_DONTWAIT, NULL, NULL) = 32
30087 1783914114.419904 recvfrom(100, 0x7fc3986860, 3200, MSG_DONTWAIT, NULL, NULL) = -1 EAGAIN (Try again)
30197 1783914114.421168 sendmsg(177, {msg_name=NULL, msg_namelen=0, msg_iov=[{iov_base="l\1\1\1\374\0\0\0\254\2\0\0\235\0\0\0\1\1o\0;\0\0\0/re/frid"..., iov_len=428}], msg_iovlen=1, msg_controllen=0, msg_flags=0}, MSG_NOSIGNAL) = 428
30087 1783914114.843209 recvfrom(100, 0x7fc3986420, 3200, MSG_DONTWAIT, NULL, NULL) = -1 EAGAIN (Try again)
30087 1783914114.854676 recvfrom(100, "nysv\0\0\0\0\0\0\0\0\0\0\0\0\361C~\342z\2\0\0){\2\0\0\0\0\0", 3200, MSG_DONTWAIT, NULL, NULL) = 32
30087 1783914114.854803 recvfrom(100, 0x7fc3986860, 3200, MSG_DONTWAIT, NULL, NULL) = -1 EAGAIN (Try again)
30087 1783914114.855136 recvfrom(121, 0x7d29777820, 2272, MSG_DONTWAIT, NULL, NULL) = -1 EAGAIN (Try again)
30087 1783914114.872737 recvfrom(100, 0x7fc3985d70, 3200, MSG_DONTWAIT, NULL, NULL) = -1 EAGAIN (Try again)
30197 1783914114.874463 sendmsg(177, {msg_name=NULL, msg_namelen=0, msg_iov=[{iov_base="l\1\1\1\374\0\0\0\255\2\0\0\235\0\0\0\1\1o\0;\0\0\0/re/frid"..., iov_len=428}], msg_iovlen=1, msg_controllen=0, msg_flags=0}, MSG_NOSIGNAL) = 428
30087 1783914114.889500 recvfrom(100, "nysv\0\0\0\0\0\0\0\0\0\0\0\0E\344z\344z\2\0\0+{\2\0\0\0\0\0", 3200, MSG_DONTWAIT, NULL, NULL) = 32
30087 1783914114.889701 recvfrom(100, 0x7fc3986860, 3200, MSG_DONTWAIT, NULL, NULL) = -1 EAGAIN (Try again)
30087 1783914114.900369 recvfrom(100, 0x7fc3986760, 3200, MSG_DONTWAIT, NULL, NULL) = -1 EAGAIN (Try again)
30087 1783914114.902287 recvfrom(100, "nysv\0\0\0\0\0\0\0\0\0\0\0\0H\177y\345z\2\0\0,{\2\0\0\0\0\0", 3200, MSG_DONTWAIT, NULL, NULL) = 32
30087 1783914114.902314 recvfrom(100, 0x7fc3986860, 3200, MSG_DONTWAIT, NULL, NULL) = -1 EAGAIN (Try again)
30197 1783914114.903426 sendmsg(177, {msg_name=NULL, msg_namelen=0, msg_iov=[{iov_base="l\1\1\1\374\0\0\0\256\2\0\0\235\0\0\0\1\1o\0;\0\0\0/re/frid"..., iov_len=428}], msg_iovlen=1, msg_controllen=0, msg_flags=0}, MSG_NOSIGNAL) = 428
30197 1783914114.904445 sendmsg(177, {msg_name=NULL, msg_namelen=0, msg_iov=[{iov_base="l\1\1\1\374\0\0\0\257\2\0\0\235\0\0\0\1\1o\0;\0\0\0/re/frid"..., iov_len=428}], msg_iovlen=1, msg_controllen=0, msg_flags=0}, MSG_NOSIGNAL) = 428
30087 1783914115.349298 recvfrom(100, 0x7fc3986420, 3200, MSG_DONTWAIT, NULL, NULL) = -1 EAGAIN (Try again)
30087 1783914115.353172 recvfrom(100, "nysv\0\0\0\0\0\0\0\0\0\0\0\0x\350K\0{\2\0\0G{\2\0\0\0\0\0", 3200, MSG_DONTWAIT, NULL, NULL) = 32
30087 1783914115.353290 recvfrom(100, 0x7fc3986860, 3200, MSG_DONTWAIT, NULL, NULL) = -1 EAGAIN (Try again)
30087 1783914115.353341 recvfrom(121, 0x7d29777820, 2272, MSG_DONTWAIT, NULL, NULL) = -1 EAGAIN (Try again)
30087 1783914115.359123 recvfrom(100, 0x7fc3985d70, 3200, MSG_DONTWAIT, NULL, NULL) = -1 EAGAIN (Try again)
30197 1783914115.360771 sendmsg(177, {msg_name=NULL, msg_namelen=0, msg_iov=[{iov_base="l\1\1\1\374\0\0\0\260\2\0\0\235\0\0\0\1\1o\0;\0\0\0/re/frid"..., iov_len=428}], msg_iovlen=1, msg_controllen=0, msg_flags=0}, MSG_NOSIGNAL) = 428
30087 1783914115.369950 recvfrom(100, "nysv\0\0\0\0\0\0\0\0\0\0\0\0N\215J\1{\2\0\0H{\2\0\0\0\0\0", 3200, MSG_DONTWAIT, NULL, NULL) = 32
30087 1783914115.369994 recvfrom(100, 0x7fc3986860, 3200, MSG_DONTWAIT, NULL, NULL) = -1 EAGAIN (Try again)
30087 1783914115.378130 recvfrom(100, 0x7fc3986760, 3200, MSG_DONTWAIT, NULL, NULL) = -1 EAGAIN (Try again)
30197 1783914115.380345 sendmsg(177, {msg_name=NULL, msg_namelen=0, msg_iov=[{iov_base="l\1\1\1\374\0\0\0\261\2\0\0\235\0\0\0\1\1o\0;\0\0\0/re/frid"..., iov_len=428}], msg_iovlen=1, msg_controllen=0, msg_flags=0}, MSG_NOSIGNAL) = 428
30087 1783914115.386254 recvfrom(100, "nysv\0\0\0\0\0\0\0\0\0\0\0\0\360\364H\2{\2\0\0I{\2\0\0\0\0\0", 3200, MSG_DONTWAIT, NULL, NULL) = 32
30087 1783914115.386408 recvfrom(100, 0x7fc3986860, 3200, MSG_DONTWAIT, NULL, NULL) = -1 EAGAIN (Try again)
30197 1783914115.387711 sendmsg(177, {msg_name=NULL, msg_namelen=0, msg_iov=[{iov_base="l\1\1\1\374\0\0\0\262\2\0\0\235\0\0\0\1\1o\0;\0\0\0/re/frid"..., iov_len=428}], msg_iovlen=1, msg_controllen=0, msg_flags=0}, MSG_NOSIGNAL) = 428
30087 1783914115.854748 recvfrom(100, 0x7fc3986420, 3200, MSG_DONTWAIT, NULL, NULL) = -1 EAGAIN (Try again)
30087 1783914115.874181 recvfrom(100, "nysv\0\0\0\0\0\0\0\0\0\0\0\0\363]\27\37{\2\0\0d{\2\0\0\0\0\0", 3200, MSG_DONTWAIT, NULL, NULL) = 32
30087 1783914115.874455 recvfrom(100, 0x7fc3986860, 3200, MSG_DONTWAIT, NULL, NULL) = -1 EAGAIN (Try again)
30087 1783914115.874572 recvfrom(121, 0x7d29777820, 2272, MSG_DONTWAIT, NULL, NULL) = -1 EAGAIN (Try again)
30197 1783914115.881891 sendmsg(177, {msg_name=NULL, msg_namelen=0, msg_iov=[{iov_base="l\1\1\1\374\0\0\0\263\2\0\0\235\0\0\0\1\1o\0;\0\0\0/re/frid"..., iov_len=428}], msg_iovlen=1, msg_controllen=0, msg_flags=0}, MSG_NOSIGNAL) = 428
30087 1783914115.891186 recvfrom(100, 0x7fc3985d70, 3200, MSG_DONTWAIT, NULL, NULL) = -1 EAGAIN (Try again)
30087 1783914115.905022 recvfrom(100, "nysv\0\0\0\0\0\0\0\0\0\0\0\0\351S\24!{\2\0\0f{\2\0\0\0\0\0", 3200, MSG_DONTWAIT, NULL, NULL) = 32
30087 1783914115.905190 recvfrom(100, 0x7fc3986860, 3200, MSG_DONTWAIT, NULL, NULL) = -1 EAGAIN (Try again)
30087 1783914115.915769 recvfrom(100, 0x7fc3986760, 3200, MSG_DONTWAIT, NULL, NULL) = -1 EAGAIN (Try again)
30197 1783914115.917997 sendmsg(177, {msg_name=NULL, msg_namelen=0, msg_iov=[{iov_base="l\1\1\1\374\0\0\0\264\2\0\0\235\0\0\0\1\1o\0;\0\0\0/re/frid"..., iov_len=428}], msg_iovlen=1, msg_controllen=0, msg_flags=0}, MSG_NOSIGNAL) = 428
30087 1783914115.918927 recvfrom(100, "nysv\0\0\0\0\0\0\0\0\0\0\0\0A\356\22\"{\2\0\0g{\2\0\0\0\0\0", 3200, MSG_DONTWAIT, NULL, NULL) = 32
30087 1783914115.918953 recvfrom(100, 0x7fc3986860, 3200, MSG_DONTWAIT, NULL, NULL) = -1 EAGAIN (Try again)
30197 1783914115.920725 sendmsg(177, {msg_name=NULL, msg_namelen=0, msg_iov=[{iov_base="l\1\1\1\374\0\0\0\265\2\0\0\235\0\0\0\1\1o\0;\0\0\0/re/frid"..., iov_len=428}], msg_iovlen=1, msg_controllen=0, msg_flags=0}, MSG_NOSIGNAL) = 428
30087 1783914116.356404 recvfrom(100, 0x7fc3986420, 3200, MSG_DONTWAIT, NULL, NULL) = -1 EAGAIN (Try again)
30087 1783914116.370300 recvfrom(100, "nysv\0\0\0\0\0\0\0\0\0\0\0\0\337\302\344<{\2\0\0\201{\2\0\0\0\0\0", 3200, MSG_DONTWAIT, NULL, NULL) = 32
30087 1783914116.370820 recvfrom(100, 0x7fc3986860, 3200, MSG_DONTWAIT, NULL, NULL) = -1 EAGAIN (Try again)
30087 1783914116.370998 recvfrom(121, 0x7d29777820, 2272, MSG_DONTWAIT, NULL, NULL) = -1 EAGAIN (Try again)
30087 1783914116.392817 recvfrom(100, 0x7fc3985d70, 3200, MSG_DONTWAIT, NULL, NULL) = -1 EAGAIN (Try again)
30197 1783914116.393847 sendmsg(177, {msg_name=NULL, msg_namelen=0, msg_iov=[{iov_base="l\1\1\1\374\0\0\0\266\2\0\0\235\0\0\0\1\1o\0;\0\0\0/re/frid"..., iov_len=428}], msg_iovlen=1, msg_controllen=0, msg_flags=0}, MSG_NOSIGNAL) = 428
30087 1783914116.405590 recvfrom(100, "nysv\0\0\0\0\0\0\0\0\0\0\0\0003c\341>{\2\0\0\203{\2\0\0\0\0\0", 3200, MSG_DONTWAIT, NULL, NULL) = 32
30087 1783914116.405929 recvfrom(100, 0x7fc3986860, 3200, MSG_DONTWAIT, NULL, NULL) = -1 EAGAIN (Try again)
30087 1783914116.416417 recvfrom(100, 0x7fc3986760, 3200, MSG_DONTWAIT, NULL, NULL) = -1 EAGAIN (Try again)
30197 1783914116.418003 sendmsg(177, {msg_name=NULL, msg_namelen=0, msg_iov=[{iov_base="l\1\1\1\374\0\0\0\267\2\0\0\235\0\0\0\1\1o\0;\0\0\0/re/frid"..., iov_len=428}], msg_iovlen=1, msg_controllen=0, msg_flags=0}, MSG_NOSIGNAL) = 428
30087 1783914116.418809 recvfrom(100, "nysv\0\0\0\0\0\0\0\0\0\0\0\0\231\10\340?{\2\0\0\204{\2\0\0\0\0\0", 3200, MSG_DONTWAIT, NULL, NULL) = 32
30087 1783914116.418951 recvfrom(100, 0x7fc3986860, 3200, MSG_DONTWAIT, NULL, NULL) = -1 EAGAIN (Try again)
30197 1783914116.420064 sendmsg(177, {msg_name=NULL, msg_namelen=0, msg_iov=[{iov_base="l\1\1\1\374\0\0\0\270\2\0\0\235\0\0\0\1\1o\0;\0\0\0/re/frid"..., iov_len=428}], msg_iovlen=1, msg_controllen=0, msg_flags=0}, MSG_NOSIGNAL) = 428
30087 1783914116.857378 recvfrom(100, 0x7fc3986420, 3200, MSG_DONTWAIT, NULL, NULL) = -1 EAGAIN (Try again)
30087 1783914116.874312 recvfrom(100, "nysv\0\0\0\0\0\0\0\0\0\0\0\0\313'\262Z{\2\0\0\237{\2\0\0\0\0\0", 3200, MSG_DONTWAIT, NULL, NULL) = 32
30087 1783914116.874746 recvfrom(100, 0x7fc3986860, 3200, MSG_DONTWAIT, NULL, NULL) = -1 EAGAIN (Try again)
30087 1783914116.875032 recvfrom(121, 0x7d29777820, 2272, MSG_DONTWAIT, NULL, NULL) = -1 EAGAIN (Try again)
30197 1783914116.883811 sendmsg(177, {msg_name=NULL, msg_namelen=0, msg_iov=[{iov_base="l\1\1\1\374\0\0\0\271\2\0\0\235\0\0\0\1\1o\0;\0\0\0/re/frid"..., iov_len=428}], msg_iovlen=1, msg_controllen=0, msg_flags=0}, MSG_NOSIGNAL) = 428
30087 1783914116.892781 recvfrom(100, 0x7fc3985d70, 3200, MSG_DONTWAIT, NULL, NULL) = -1 EAGAIN (Try again)
30087 1783914116.903869 recvfrom(100, "nysv\0\0\0\0\0\0\0\0\0\0\0\0{\375\256\\{\2\0\0\241{\2\0\0\0\0\0", 3200, MSG_DONTWAIT, NULL, NULL) = 32
30087 1783914116.904306 recvfrom(100, 0x7fc3986860, 3200, MSG_DONTWAIT, NULL, NULL) = -1 EAGAIN (Try again)
30087 1783914116.915319 recvfrom(100, 0x7fc3986760, 3200, MSG_DONTWAIT, NULL, NULL) = -1 EAGAIN (Try again)
30197 1783914116.917119 sendmsg(177, {msg_name=NULL, msg_namelen=0, msg_iov=[{iov_base="l\1\1\1\374\0\0\0\272\2\0\0\235\0\0\0\1\1o\0;\0\0\0/re/frid"..., iov_len=428}], msg_iovlen=1, msg_controllen=0, msg_flags=0}, MSG_NOSIGNAL) = 428
30087 1783914116.918847 recvfrom(100, "nysv\0\0\0\0\0\0\0\0\0\0\0\0k\220\255]{\2\0\0\242{\2\0\0\0\0\0", 3200, MSG_DONTWAIT, NULL, NULL) = 32
30087 1783914116.919013 recvfrom(100, 0x7fc3986860, 3200, MSG_DONTWAIT, NULL, NULL) = -1 EAGAIN (Try again)
30197 1783914116.920455 sendmsg(177, {msg_name=NULL, msg_namelen=0, msg_iov=[{iov_base="l\1\1\1\374\0\0\0\273\2\0\0\235\0\0\0\1\1o\0;\0\0\0/re/frid"..., iov_len=428}], msg_iovlen=1, msg_controllen=0, msg_flags=0}, MSG_NOSIGNAL) = 428
30087 1783914117.361106 recvfrom(100, 0x7fc3986420, 3200, MSG_DONTWAIT, NULL, NULL) = -1 EAGAIN (Try again)
30087 1783914117.371641 recvfrom(100, "nysv\0\0\0\0\0\0\0\0\0\0\0\0\267\214\177x{\2\0\0\275{\2\0\0\0\0\0", 3200, MSG_DONTWAIT, NULL, NULL) = 32
30087 1783914117.372262 recvfrom(100, 0x7fc3986860, 3200, MSG_DONTWAIT, NULL, NULL) = -1 EAGAIN (Try again)
30087 1783914117.372461 recvfrom(121, 0x7d29777820, 2272, MSG_DONTWAIT, NULL, NULL) = -1 EAGAIN (Try again)
30197 1783914117.381168 sendmsg(177, {msg_name=NULL, msg_namelen=0, msg_iov=[{iov_base="l\1\1\1\374\0\0\0\274\2\0\0\235\0\0\0\1\1o\0;\0\0\0/re/frid"..., iov_len=428}], msg_iovlen=1, msg_controllen=0, msg_flags=0}, MSG_NOSIGNAL) = 428
30087 1783914117.390619 recvfrom(100, 0x7fc3985d70, 3200, MSG_DONTWAIT, NULL, NULL) = -1 EAGAIN (Try again)
30087 1783914117.407346 recvfrom(100, "nysv\0\0\0\0\0\0\0\0\0\0\0\0\v-|z{\2\0\0\277{\2\0\0\0\0\0", 3200, MSG_DONTWAIT, NULL, NULL) = 32
30087 1783914117.407463 recvfrom(100, 0x7fc3986860, 3200, MSG_DONTWAIT, NULL, NULL) = -1 EAGAIN (Try again)
30087 1783914117.413447 recvfrom(100, 0x7fc3986760, 3200, MSG_DONTWAIT, NULL, NULL) = -1 EAGAIN (Try again)
30197 1783914117.416211 sendmsg(177, {msg_name=NULL, msg_namelen=0, msg_iov=[{iov_base="l\1\1\1\374\0\0\0\275\2\0\0\235\0\0\0\1\1o\0;\0\0\0/re/frid"..., iov_len=428}], msg_iovlen=1, msg_controllen=0, msg_flags=0}, MSG_NOSIGNAL) = 428
30087 1783914117.419032 recvfrom(100, "nysv\0\0\0\0\0\0\0\0\0\0\0\0)\264z{{\2\0\0\300{\2\0\0\0\0\0", 3200, MSG_DONTWAIT, NULL, NULL) = 32
30087 1783914117.419103 recvfrom(100, 0x7fc3986860, 3200, MSG_DONTWAIT, NULL, NULL) = -1 EAGAIN (Try again)
30197 1783914117.420281 sendmsg(177, {msg_name=NULL, msg_namelen=0, msg_iov=[{iov_base="l\1\1\1\374\0\0\0\276\2\0\0\235\0\0\0\1\1o\0;\0\0\0/re/frid"..., iov_len=428}], msg_iovlen=1, msg_controllen=0, msg_flags=0}, MSG_NOSIGNAL) = 428
30087 1783914117.863347 recvfrom(100, 0x7fc3986420, 3200, MSG_DONTWAIT, NULL, NULL) = -1 EAGAIN (Try again)
30087 1783914117.871498 recvfrom(100, "nysv\0\0\0\0\0\0\0\0\0\0\0\0\243\361L\226{\2\0\0\333{\2\0\0\0\0\0", 3200, MSG_DONTWAIT, NULL, NULL) = 32
30087 1783914117.871734 recvfrom(100, 0x7fc3986860, 3200, MSG_DONTWAIT, NULL, NULL) = -1 EAGAIN (Try again)
30087 1783914117.871832 recvfrom(121, 0x7d29777820, 2272, MSG_DONTWAIT, NULL, NULL) = -1 EAGAIN (Try again)
30197 1783914117.879433 sendmsg(177, {msg_name=NULL, msg_namelen=0, msg_iov=[{iov_base="l\1\1\1\374\0\0\0\277\2\0\0\235\0\0\0\1\1o\0;\0\0\0/re/frid"..., iov_len=428}], msg_iovlen=1, msg_controllen=0, msg_flags=0}, MSG_NOSIGNAL) = 428
30087 1783914117.887933 recvfrom(100, 0x7fc3985d70, 3200, MSG_DONTWAIT, NULL, NULL) = -1 EAGAIN (Try again)
30087 1783914117.902685 recvfrom(100, "nysv\0\0\0\0\0\0\0\0\0\0\0\0C\313I\230{\2\0\0\335{\2\0\0\0\0\0", 3200, MSG_DONTWAIT, NULL, NULL) = 32
30087 1783914117.903071 recvfrom(100, 0x7fc3986860, 3200, MSG_DONTWAIT, NULL, NULL) = -1 EAGAIN (Try again)
30087 1783914117.911379 recvfrom(100, 0x7fc3986760, 3200, MSG_DONTWAIT, NULL, NULL) = -1 EAGAIN (Try again)
30197 1783914117.916149 sendmsg(177, {msg_name=NULL, msg_namelen=0, msg_iov=[{iov_base="l\1\1\1\374\0\0\0\300\2\0\0\235\0\0\0\1\1o\0;\0\0\0/re/frid"..., iov_len=428}], msg_iovlen=1, msg_controllen=0, msg_flags=0}, MSG_NOSIGNAL) = 428
30087 1783914117.919485 recvfrom(100, "nysv\0\0\0\0\0\0\0\0\0\0\0\0\216=H\231{\2\0\0\336{\2\0\0\0\0\0", 3200, MSG_DONTWAIT, NULL, NULL) = 32
30087 1783914117.919512 recvfrom(100, 0x7fc3986860, 3200, MSG_DONTWAIT, NULL, NULL) = -1 EAGAIN (Try again)
30197 1783914117.920942 sendmsg(177, {msg_name=NULL, msg_namelen=0, msg_iov=[{iov_base="l\1\1\1\374\0\0\0\301\2\0\0\235\0\0\0\1\1o\0;\0\0\0/re/frid"..., iov_len=428}], msg_iovlen=1, msg_controllen=0, msg_flags=0}, MSG_NOSIGNAL) = 428
30087 1783914118.370870 recvfrom(100, 0x7fc3986420, 3200, MSG_DONTWAIT, NULL, NULL) = -1 EAGAIN (Try again)
30087 1783914118.392218 recvfrom(100, "nysv\0\0\0\0\0\0\0\0\0\0\0\0\271\246\30\265{\2\0\0\372{\2\0\0\0\0\0", 3200, MSG_DONTWAIT, NULL, NULL) = 32
30087 1783914118.392341 recvfrom(100, 0x7fc3986860, 3200, MSG_DONTWAIT, NULL, NULL) = -1 EAGAIN (Try again)
30087 1783914118.392453 recvfrom(121, 0x7d29777820, 2272, MSG_DONTWAIT, NULL, NULL) = -1 EAGAIN (Try again)
30197 1783914118.405250 sendmsg(177, {msg_name=NULL, msg_namelen=0, msg_iov=[{iov_base="l\1\1\1\374\0\0\0\302\2\0\0\235\0\0\0\1\1o\0;\0\0\0/re/frid"..., iov_len=428}], msg_iovlen=1, msg_controllen=0, msg_flags=0}, MSG_NOSIGNAL) = 428
30087 1783914118.412774 recvfrom(100, 0x7fc3985d70, 3200, MSG_DONTWAIT, NULL, NULL) = -1 EAGAIN (Try again)
30087 1783914118.421323 recvfrom(100, "nysv\0\0\0\0\0\0\0\0\0\0\0\0\rG\25\267{\2\0\0\374{\2\0\0\0\0\0", 3200, MSG_DONTWAIT, NULL, NULL) = 32
30087 1783914118.421358 recvfrom(100, 0x7fc3986860, 3200, MSG_DONTWAIT, NULL, NULL) = -1 EAGAIN (Try again)
30087 1783914118.426906 recvfrom(100, 0x7fc3986760, 3200, MSG_DONTWAIT, NULL, NULL) = -1 EAGAIN (Try again)
30197 1783914118.432765 sendmsg(177, {msg_name=NULL, msg_namelen=0, msg_iov=[{iov_base="l\1\1\1\374\0\0\0\303\2\0\0\235\0\0\0\1\1o\0;\0\0\0/re/frid"..., iov_len=428}], msg_iovlen=1, msg_controllen=0, msg_flags=0}, MSG_NOSIGNAL) = 428
30087 1783914118.435276 recvfrom(100, "nysv\0\0\0\0\0\0\0\0\0\0\0\0\10\350\23\270{\2\0\0\375{\2\0\0\0\0\0", 3200, MSG_DONTWAIT, NULL, NULL) = 32
30087 1783914118.435300 recvfrom(100, 0x7fc3986860, 3200, MSG_DONTWAIT, NULL, NULL) = -1 EAGAIN (Try again)
30197 1783914118.436909 sendmsg(177, {msg_name=NULL, msg_namelen=0, msg_iov=[{iov_base="l\1\1\1\374\0\0\0\304\2\0\0\235\0\0\0\1\1o\0;\0\0\0/re/frid"..., iov_len=428}], msg_iovlen=1, msg_controllen=0, msg_flags=0}, MSG_NOSIGNAL) = 428
30087 1783914118.875136 recvfrom(100, 0x7fc3986420, 3200, MSG_DONTWAIT, NULL, NULL) = -1 EAGAIN (Try again)
30087 1783914118.890434 recvfrom(100, "nysv\0\0\0\0\0\0\0\0\0\0\0\0\245\v\346\322{\2\0\0\30|\2\0\0\0\0\0", 3200, MSG_DONTWAIT, NULL, NULL) = 32
30087 1783914118.891048 recvfrom(100, 0x7fc3986860, 3200, MSG_DONTWAIT, NULL, NULL) = -1 EAGAIN (Try again)
30087 1783914118.891162 recvfrom(121, 0x7d29777820, 2272, MSG_DONTWAIT, NULL, NULL) = -1 EAGAIN (Try again)
30197 1783914118.898710 sendmsg(177, {msg_name=NULL, msg_namelen=0, msg_iov=[{iov_base="l\1\1\1\374\0\0\0\305\2\0\0\235\0\0\0\1\1o\0;\0\0\0/re/frid"..., iov_len=428}], msg_iovlen=1, msg_controllen=0, msg_flags=0}, MSG_NOSIGNAL) = 428
30087 1783914118.904251 recvfrom(100, 0x7fc3985d70, 3200, MSG_DONTWAIT, NULL, NULL) = -1 EAGAIN (Try again)
30087 1783914118.923723 recvfrom(100, "nysv\0\0\0\0\0\0\0\0\0\0\0\0\214\1\343\324{\2\0\0\32|\2\0\0\0\0\0", 3200, MSG_DONTWAIT, NULL, NULL) = 32
30087 1783914118.923765 recvfrom(100, 0x7fc3986860, 3200, MSG_DONTWAIT, NULL, NULL) = -1 EAGAIN (Try again)
30087 1783914118.933923 recvfrom(100, 0x7fc3986760, 3200, MSG_DONTWAIT, NULL, NULL) = -1 EAGAIN (Try again)
30087 1783914118.935466 recvfrom(100, "nysv\0\0\0\0\0\0\0\0\0\0\0\0\210\240\341\325{\2\0\0\33|\2\0\0\0\0\0", 3200, MSG_DONTWAIT, NULL, NULL) = 32
30087 1783914118.935502 recvfrom(100, 0x7fc3986860, 3200, MSG_DONTWAIT, NULL, NULL) = -1 EAGAIN (Try again)
30197 1783914118.936874 sendmsg(177, {msg_name=NULL, msg_namelen=0, msg_iov=[{iov_base="l\1\1\1\374\0\0\0\306\2\0\0\235\0\0\0\1\1o\0;\0\0\0/re/frid"..., iov_len=428}], msg_iovlen=1, msg_controllen=0, msg_flags=0}, MSG_NOSIGNAL) = 428
30197 1783914118.937430 sendmsg(177, {msg_name=NULL, msg_namelen=0, msg_iov=[{iov_base="l\1\1\1\374\0\0\0\307\2\0\0\235\0\0\0\1\1o\0;\0\0\0/re/frid"..., iov_len=428}], msg_iovlen=1, msg_controllen=0, msg_flags=0}, MSG_NOSIGNAL) = 428
30087 1783914119.376218 recvfrom(100, 0x7fc3986420, 3200, MSG_DONTWAIT, NULL, NULL) = -1 EAGAIN (Try again)
30087 1783914119.389953 recvfrom(100, "nysv\0\0\0\0\0\0\0\0\0\0\0\0\221p\263\360{\2\0\0006|\2\0\0\0\0\0", 3200, MSG_DONTWAIT, NULL, NULL) = 32
30087 1783914119.390070 recvfrom(100, 0x7fc3986860, 3200, MSG_DONTWAIT, NULL, NULL) = -1 EAGAIN (Try again)
30087 1783914119.390195 recvfrom(121, 0x7d29777820, 2272, MSG_DONTWAIT, NULL, NULL) = -1 EAGAIN (Try again)
30197 1783914119.397145 sendmsg(177, {msg_name=NULL, msg_namelen=0, msg_iov=[{iov_base="l\1\1\1\374\0\0\0\310\2\0\0\235\0\0\0\1\1o\0;\0\0\0/re/frid"..., iov_len=428}], msg_iovlen=1, msg_controllen=0, msg_flags=0}, MSG_NOSIGNAL) = 428
30087 1783914119.404109 recvfrom(100, 0x7fc3985d70, 3200, MSG_DONTWAIT, NULL, NULL) = -1 EAGAIN (Try again)
30087 1783914119.420955 recvfrom(100, "nysv\0\0\0\0\0\0\0\0\0\0\0\0\267+\260\362{\2\0\08|\2\0\0\0\0\0", 3200, MSG_DONTWAIT, NULL, NULL) = 32
30087 1783914119.421049 recvfrom(100, 0x7fc3986860, 3200, MSG_DONTWAIT, NULL, NULL) = -1 EAGAIN (Try again)
30087 1783914119.430781 recvfrom(100, 0x7fc3986760, 3200, MSG_DONTWAIT, NULL, NULL) = -1 EAGAIN (Try again)
30197 1783914119.432675 sendmsg(177, {msg_name=NULL, msg_namelen=0, msg_iov=[{iov_base="l\1\1\1\374\0\0\0\311\2\0\0\235\0\0\0\1\1o\0;\0\0\0/re/frid"..., iov_len=428}], msg_iovlen=1, msg_controllen=0, msg_flags=0}, MSG_NOSIGNAL) = 428
30087 1783914119.435477 recvfrom(100, "nysv\0\0\0\0\0\0\0\0\0\0\0\0X\302\256\363{\2\0\09|\2\0\0\0\0\0", 3200, MSG_DONTWAIT, NULL, NULL) = 32
30087 1783914119.435598 recvfrom(100, 0x7fc3986860, 3200, MSG_DONTWAIT, NULL, NULL) = -1 EAGAIN (Try again)
30197 1783914119.438043 sendmsg(177, {msg_name=NULL, msg_namelen=0, msg_iov=[{iov_base="l\1\1\1\374\0\0\0\312\2\0\0\235\0\0\0\1\1o\0;\0\0\0/re/frid"..., iov_len=428}], msg_iovlen=1, msg_controllen=0, msg_flags=0}, MSG_NOSIGNAL) = 428
30087 1783914119.877891 recvfrom(100, 0x7fc3986420, 3200, MSG_DONTWAIT, NULL, NULL) = -1 EAGAIN (Try again)
30087 1783914119.886779 recvfrom(100, "nysv\0\0\0\0\0\0\0\0\0\0\0\0}\325\200\16|\2\0\0S|\2\0\0\0\0\0", 3200, MSG_DONTWAIT, NULL, NULL) = 32
30087 1783914119.886861 recvfrom(100, 0x7fc3986860, 3200, MSG_DONTWAIT, NULL, NULL) = -1 EAGAIN (Try again)
30087 1783914119.887028 recvfrom(121, 0x7d29777820, 2272, MSG_DONTWAIT, NULL, NULL) = -1 EAGAIN (Try again)
30087 1783914119.892602 recvfrom(100, 0x7fc3985d70, 3200, MSG_DONTWAIT, NULL, NULL) = -1 EAGAIN (Try again)
30197 1783914119.896180 sendmsg(177, {msg_name=NULL, msg_namelen=0, msg_iov=[{iov_base="l\1\1\1\374\0\0\0\313\2\0\0\235\0\0\0\1\1o\0;\0\0\0/re/frid"..., iov_len=428}], msg_iovlen=1, msg_controllen=0, msg_flags=0}, MSG_NOSIGNAL) = 428
30087 1783914119.904115 recvfrom(100, "nysv\0\0\0\0\0\0\0\0\0\0\0\0\265{\177\17|\2\0\0T|\2\0\0\0\0\0", 3200, MSG_DONTWAIT, NULL, NULL) = 32
30087 1783914119.904146 recvfrom(100, 0x7fc3986860, 3200, MSG_DONTWAIT, NULL, NULL) = -1 EAGAIN (Try again)
30087 1783914119.905312 recvfrom(100, 0x7fc3986760, 3200, MSG_DONTWAIT, NULL, NULL) = -1 EAGAIN (Try again)
30197 1783914119.906319 sendmsg(177, {msg_name=NULL, msg_namelen=0, msg_iov=[{iov_base="l\1\1\1\374\0\0\0\314\2\0\0\235\0\0\0\1\1o\0;\0\0\0/re/frid"..., iov_len=428}], msg_iovlen=1, msg_controllen=0, msg_flags=0}, MSG_NOSIGNAL) = 428
30087 1783914119.919306 recvfrom(100, "nysv\0\0\0\0\0\0\0\0\0\0\0\0\210\367}\20|\2\0\0U|\2\0\0\0\0\0", 3200, MSG_DONTWAIT, NULL, NULL) = 32
30087 1783914119.919374 recvfrom(100, 0x7fc3986860, 3200, MSG_DONTWAIT, NULL, NULL) = -1 EAGAIN (Try again)
30197 1783914119.928587 sendmsg(177, {msg_name=NULL, msg_namelen=0, msg_iov=[{iov_base="l\1\1\1\374\0\0\0\315\2\0\0\235\0\0\0\1\1o\0;\0\0\0/re/frid"..., iov_len=428}], msg_iovlen=1, msg_controllen=0, msg_flags=0}, MSG_NOSIGNAL) = 428
30087 1783914120.379577 recvfrom(100, 0x7fc3986420, 3200, MSG_DONTWAIT, NULL, NULL) = -1 EAGAIN (Try again)
30087 1783914120.389199 recvfrom(100, "nysv\0\0\0\0\0\0\0\0\0\0\0\0\20zN,|\2\0\0q|\2\0\0\0\0\0", 3200, MSG_DONTWAIT, NULL, NULL) = 32
30087 1783914120.389467 recvfrom(100, 0x7fc3986860, 3200, MSG_DONTWAIT, NULL, NULL) = -1 EAGAIN (Try again)
30087 1783914120.389565 recvfrom(121, 0x7d29777820, 2272, MSG_DONTWAIT, NULL, NULL) = -1 EAGAIN (Try again)
30197 1783914120.401597 sendmsg(177, {msg_name=NULL, msg_namelen=0, msg_iov=[{iov_base="l\1\1\1\374\0\0\0\316\2\0\0\235\0\0\0\1\1o\0;\0\0\0/re/frid"..., iov_len=428}], msg_iovlen=1, msg_controllen=0, msg_flags=0}, MSG_NOSIGNAL) = 428
30087 1783914120.408870 recvfrom(100, 0x7fc3985d70, 3200, MSG_DONTWAIT, NULL, NULL) = -1 EAGAIN (Try again)
30087 1783914120.420597 recvfrom(100, "nysv\0\0\0\0\0\0\0\0\0\0\0\0\217^K.|\2\0\0s|\2\0\0\0\0\0", 3200, MSG_DONTWAIT, NULL, NULL) = 32
30087 1783914120.420646 recvfrom(100, 0x7fc3986860, 3200, MSG_DONTWAIT, NULL, NULL) = -1 EAGAIN (Try again)
30087 1783914120.424120 recvfrom(100, 0x7fc3986760, 3200, MSG_DONTWAIT, NULL, NULL) = -1 EAGAIN (Try again)
30197 1783914120.427756 sendmsg(177, {msg_name=NULL, msg_namelen=0, msg_iov=[{iov_base="l\1\1\1\374\0\0\0\317\2\0\0\235\0\0\0\1\1o\0;\0\0\0/re/frid"..., iov_len=428}], msg_iovlen=1, msg_controllen=0, msg_flags=0}, MSG_NOSIGNAL) = 428
30087 1783914120.436402 recvfrom(100, "nysv\0\0\0\0\0\0\0\0\0\0\0\0\257\276I/|\2\0\0t|\2\0\0\0\0\0", 3200, MSG_DONTWAIT, NULL, NULL) = 32
30087 1783914120.436440 recvfrom(100, 0x7fc3986860, 3200, MSG_DONTWAIT, NULL, NULL) = -1 EAGAIN (Try again)
30197 1783914120.438043 sendmsg(177, {msg_name=NULL, msg_namelen=0, msg_iov=[{iov_base="l\1\1\1\374\0\0\0\320\2\0\0\235\0\0\0\1\1o\0;\0\0\0/re/frid"..., iov_len=428}], msg_iovlen=1, msg_controllen=0, msg_flags=0}, MSG_NOSIGNAL) = 428
30087 1783914120.885532 recvfrom(100, 0x7fc3986420, 3200, MSG_DONTWAIT, NULL, NULL) = -1 EAGAIN (Try again)
30087 1783914120.908697 recvfrom(100, "nysv\0\0\0\0\0\0\0\0\0\0\0\0\177\357\31K|\2\0\0\220|\2\0\0\0\0\0", 3200, MSG_DONTWAIT, NULL, NULL) = 32
30087 1783914120.908821 recvfrom(100, 0x7fc3986860, 3200, MSG_DONTWAIT, NULL, NULL) = -1 EAGAIN (Try again)
30087 1783914120.908953 recvfrom(121, 0x7d29777820, 2272, MSG_DONTWAIT, NULL, NULL) = -1 EAGAIN (Try again)
30087 1783914120.916145 recvfrom(100, 0x7fc3985d70, 3200, MSG_DONTWAIT, NULL, NULL) = -1 EAGAIN (Try again)
30197 1783914120.917384 sendmsg(177, {msg_name=NULL, msg_namelen=0, msg_iov=[{iov_base="l\1\1\1\374\0\0\0\321\2\0\0\235\0\0\0\1\1o\0;\0\0\0/re/frid"..., iov_len=428}], msg_iovlen=1, msg_controllen=0, msg_flags=0}, MSG_NOSIGNAL) = 428
30087 1783914120.939802 recvfrom(100, "nysv\0\0\0\0\0\0\0\0\0\0\0\0\323\217\26M|\2\0\0\222|\2\0\0\0\0\0", 3200, MSG_DONTWAIT, NULL, NULL) = 32
30087 1783914120.939935 recvfrom(100, 0x7fc3986860, 3200, MSG_DONTWAIT, NULL, NULL) = -1 EAGAIN (Try again)
30087 1783914120.945250 recvfrom(100, 0x7fc3986760, 3200, MSG_DONTWAIT, NULL, NULL) = -1 EAGAIN (Try again)
30197 1783914120.949550 sendmsg(177, {msg_name=NULL, msg_namelen=0, msg_iov=[{iov_base="l\1\1\1\374\0\0\0\322\2\0\0\235\0\0\0\1\1o\0;\0\0\0/re/frid"..., iov_len=428}], msg_iovlen=1, msg_controllen=0, msg_flags=0}, MSG_NOSIGNAL) = 428
30087 1783914120.952413 recvfrom(100, "nysv\0\0\0\0\0\0\0\0\0\0\0\0(\35\25N|\2\0\0\223|\2\0\0\0\0\0", 3200, MSG_DONTWAIT, NULL, NULL) = 32
30087 1783914120.952447 recvfrom(100, 0x7fc3986860, 3200, MSG_DONTWAIT, NULL, NULL) = -1 EAGAIN (Try again)
30197 1783914120.954318 sendmsg(177, {msg_name=NULL, msg_namelen=0, msg_iov=[{iov_base="l\1\1\1\374\0\0\0\323\2\0\0\235\0\0\0\1\1o\0;\0\0\0/re/frid"..., iov_len=428}], msg_iovlen=1, msg_controllen=0, msg_flags=0}, MSG_NOSIGNAL) = 428
30087 1783914121.387532 recvfrom(100, 0x7fc3986420, 3200, MSG_DONTWAIT, NULL, NULL) = -1 EAGAIN (Try again)
30087 1783914121.406064 recvfrom(100, "nysv\0\0\0\0\0\0\0\0\0\0\0\0kT\347h|\2\0\0\256|\2\0\0\0\0\0", 3200, MSG_DONTWAIT, NULL, NULL) = 32
30087 1783914121.406191 recvfrom(100, 0x7fc3986860, 3200, MSG_DONTWAIT, NULL, NULL) = -1 EAGAIN (Try again)
30087 1783914121.406563 recvfrom(121, 0x7d29777820, 2272, MSG_DONTWAIT, NULL, NULL) = -1 EAGAIN (Try again)
30197 1783914121.415528 sendmsg(177, {msg_name=NULL, msg_namelen=0, msg_iov=[{iov_base="l\1\1\1\374\0\0\0\324\2\0\0\235\0\0\0\1\1o\0;\0\0\0/re/frid"..., iov_len=428}], msg_iovlen=1, msg_controllen=0, msg_flags=0}, MSG_NOSIGNAL) = 428
30087 1783914121.421859 recvfrom(100, 0x7fc3985d70, 3200, MSG_DONTWAIT, NULL, NULL) = -1 EAGAIN (Try again)
30087 1783914121.437883 recvfrom(100, "nysv\0\0\0\0\0\0\0\0\0\0\0\0(J\344j|\2\0\0\260|\2\0\0\0\0\0", 3200, MSG_DONTWAIT, NULL, NULL) = 32
30087 1783914121.437927 recvfrom(100, 0x7fc3986860, 3200, MSG_DONTWAIT, NULL, NULL) = -1 EAGAIN (Try again)
30087 1783914121.440564 recvfrom(100, 0x7fc3986760, 3200, MSG_DONTWAIT, NULL, NULL) = -1 EAGAIN (Try again)
30197 1783914121.445340 sendmsg(177, {msg_name=NULL, msg_namelen=0, msg_iov=[{iov_base="l\1\1\1\374\0\0\0\325\2\0\0\235\0\0\0\1\1o\0;\0\0\0/re/frid"..., iov_len=428}], msg_iovlen=1, msg_controllen=0, msg_flags=0}, MSG_NOSIGNAL) = 428
30087 1783914121.452159 recvfrom(100, "nysv\0\0\0\0\0\0\0\0\0\0\0\0u\337\342k|\2\0\0\261|\2\0\0\0\0\0", 3200, MSG_DONTWAIT, NULL, NULL) = 32
30087 1783914121.452197 recvfrom(100, 0x7fc3986860, 3200, MSG_DONTWAIT, NULL, NULL) = -1 EAGAIN (Try again)
30197 1783914121.454102 sendmsg(177, {msg_name=NULL, msg_namelen=0, msg_iov=[{iov_base="l\1\1\1\374\0\0\0\326\2\0\0\235\0\0\0\1\1o\0;\0\0\0/re/frid"..., iov_len=428}], msg_iovlen=1, msg_controllen=0, msg_flags=0}, MSG_NOSIGNAL) = 428
30087 1783914121.893812 recvfrom(100, 0x7fc3986420, 3200, MSG_DONTWAIT, NULL, NULL) = -1 EAGAIN (Try again)
30087 1783914121.902876 recvfrom(100, "nysv\0\0\0\0\0\0\0\0\0\0\0\0Z\352\264\206|\2\0\0\314|\2\0\0\0\0\0", 3200, MSG_DONTWAIT, NULL, NULL) = 32
30087 1783914121.903016 recvfrom(100, 0x7fc3986860, 3200, MSG_DONTWAIT, NULL, NULL) = -1 EAGAIN (Try again)
30087 1783914121.903154 recvfrom(121, 0x7d29777820, 2272, MSG_DONTWAIT, NULL, NULL) = -1 EAGAIN (Try again)
30197 1783914121.912737 sendmsg(177, {msg_name=NULL, msg_namelen=0, msg_iov=[{iov_base="l\1\1\1\374\0\0\0\327\2\0\0\235\0\0\0\1\1o\0;\0\0\0/re/frid"..., iov_len=428}], msg_iovlen=1, msg_controllen=0, msg_flags=0}, MSG_NOSIGNAL) = 428
30087 1783914121.920039 recvfrom(100, 0x7fc3985d70, 3200, MSG_DONTWAIT, NULL, NULL) = -1 EAGAIN (Try again)
30087 1783914121.937954 recvfrom(100, "nysv\0\0\0\0\0\0\0\0\0\0\0\0\265c\261\210|\2\0\0\316|\2\0\0\0\0\0", 3200, MSG_DONTWAIT, NULL, NULL) = 32
30087 1783914121.937985 recvfrom(100, 0x7fc3986860, 3200, MSG_DONTWAIT, NULL, NULL) = -1 EAGAIN (Try again)
30087 1783914121.946695 recvfrom(100, 0x7fc3986760, 3200, MSG_DONTWAIT, NULL, NULL) = -1 EAGAIN (Try again)
30197 1783914121.948905 sendmsg(177, {msg_name=NULL, msg_namelen=0, msg_iov=[{iov_base="l\1\1\1\374\0\0\0\330\2\0\0\235\0\0\0\1\1o\0;\0\0\0/re/frid"..., iov_len=428}], msg_iovlen=1, msg_controllen=0, msg_flags=0}, MSG_NOSIGNAL) = 428
30087 1783914121.952826 recvfrom(100, "nysv\0\0\0\0\0\0\0\0\0\0\0\0H\324\257\211|\2\0\0\317|\2\0\0\0\0\0", 3200, MSG_DONTWAIT, NULL, NULL) = 32
30087 1783914121.952864 recvfrom(100, 0x7fc3986860, 3200, MSG_DONTWAIT, NULL, NULL) = -1 EAGAIN (Try again)
30197 1783914121.954714 sendmsg(177, {msg_name=NULL, msg_namelen=0, msg_iov=[{iov_base="l\1\1\1\374\0\0\0\331\2\0\0\235\0\0\0\1\1o\0;\0\0\0/re/frid"..., iov_len=428}], msg_iovlen=1, msg_controllen=0, msg_flags=0}, MSG_NOSIGNAL) = 428
30087 1783914122.397397 recvfrom(100, 0x7fc3986420, 3200, MSG_DONTWAIT, NULL, NULL) = -1 EAGAIN (Try again)
30087 1783914122.404966 recvfrom(100, "nysv\0\0\0\0\0\0\0\0\0\0\0\0C\36\202\244|\2\0\0\352|\2\0\0\0\0\0", 3200, MSG_DONTWAIT, NULL, NULL) = 32
30087 1783914122.404986 recvfrom(100, 0x7fc3986860, 3200, MSG_DONTWAIT, NULL, NULL) = -1 EAGAIN (Try again)
30087 1783914122.405009 recvfrom(121, 0x7d29777820, 2272, MSG_DONTWAIT, NULL, NULL) = -1 EAGAIN (Try again)
30087 1783914122.409760 recvfrom(100, 0x7fc3985d70, 3200, MSG_DONTWAIT, NULL, NULL) = -1 EAGAIN (Try again)
30197 1783914122.411359 sendmsg(177, {msg_name=NULL, msg_namelen=0, msg_iov=[{iov_base="l\1\1\1\374\0\0\0\332\2\0\0\235\0\0\0\1\1o\0;\0\0\0/re/frid"..., iov_len=428}], msg_iovlen=1, msg_controllen=0, msg_flags=0}, MSG_NOSIGNAL) = 428
30087 1783914122.421522 recvfrom(100, "nysv\0\0\0\0\0\0\0\0\0\0\0\0mn\200\245|\2\0\0\353|\2\0\0\0\0\0", 3200, MSG_DONTWAIT, NULL, NULL) = 32
30087 1783914122.421572 recvfrom(100, 0x7fc3986860, 3200, MSG_DONTWAIT, NULL, NULL) = -1 EAGAIN (Try again)
30087 1783914122.422812 recvfrom(100, 0x7fc3986760, 3200, MSG_DONTWAIT, NULL, NULL) = -1 EAGAIN (Try again)
30197 1783914122.424046 sendmsg(177, {msg_name=NULL, msg_namelen=0, msg_iov=[{iov_base="l\1\1\1\374\0\0\0\333\2\0\0\235\0\0\0\1\1o\0;\0\0\0/re/frid"..., iov_len=428}], msg_iovlen=1, msg_controllen=0, msg_flags=0}, MSG_NOSIGNAL) = 428
30087 1783914122.440116 recvfrom(100, "nysv\0\0\0\0\0\0\0\0\0\0\0\0\227\276~\246|\2\0\0\354|\2\0\0\0\0\0", 3200, MSG_DONTWAIT, NULL, NULL) = 32
30087 1783914122.440135 recvfrom(100, 0x7fc3986860, 3200, MSG_DONTWAIT, NULL, NULL) = -1 EAGAIN (Try again)
30197 1783914122.447529 sendmsg(177, {msg_name=NULL, msg_namelen=0, msg_iov=[{iov_base="l\1\1\1\374\0\0\0\334\2\0\0\235\0\0\0\1\1o\0;\0\0\0/re/frid"..., iov_len=428}], msg_iovlen=1, msg_controllen=0, msg_flags=0}, MSG_NOSIGNAL) = 428
30087 1783914122.902448 recvfrom(100, 0x7fc3986420, 3200, MSG_DONTWAIT, NULL, NULL) = -1 EAGAIN (Try again)
30087 1783914122.905248 recvfrom(100, "nysv\0\0\0\0\0\0\0\0\0\0\0\0/\203O\302|\2\0\0\10}\2\0\0\0\0\0", 3200, MSG_DONTWAIT, NULL, NULL) = 32
30087 1783914122.905347 recvfrom(100, 0x7fc3986860, 3200, MSG_DONTWAIT, NULL, NULL) = -1 EAGAIN (Try again)
30087 1783914122.905426 recvfrom(121, 0x7d29777820, 2272, MSG_DONTWAIT, NULL, NULL) = -1 EAGAIN (Try again)
30197 1783914122.913732 sendmsg(177, {msg_name=NULL, msg_namelen=0, msg_iov=[{iov_base="l\1\1\1\374\0\0\0\335\2\0\0\235\0\0\0\1\1o\0;\0\0\0/re/frid"..., iov_len=428}], msg_iovlen=1, msg_controllen=0, msg_flags=0}, MSG_NOSIGNAL) = 428
30087 1783914122.921140 recvfrom(100, 0x7fc3985d70, 3200, MSG_DONTWAIT, NULL, NULL) = -1 EAGAIN (Try again)
30087 1783914122.941880 recvfrom(100, "nysv\0\0\0\0\0\0\0\0\0\0\0\0\203#L\304|\2\0\0\n}\2\0\0\0\0\0", 3200, MSG_DONTWAIT, NULL, NULL) = 32
30087 1783914122.942156 recvfrom(100, 0x7fc3986860, 3200, MSG_DONTWAIT, NULL, NULL) = -1 EAGAIN (Try again)
30087 1783914122.944785 recvfrom(100, 0x7fc3986760, 3200, MSG_DONTWAIT, NULL, NULL) = -1 EAGAIN (Try again)
30197 1783914122.952419 sendmsg(177, {msg_name=NULL, msg_namelen=0, msg_iov=[{iov_base="l\1\1\1\374\0\0\0\336\2\0\0\235\0\0\0\1\1o\0;\0\0\0/re/frid"..., iov_len=428}], msg_iovlen=1, msg_controllen=0, msg_flags=0}, MSG_NOSIGNAL <unfinished ...>
30087 1783914122.952452 recvfrom(100, "nysv\0\0\0\0\0\0\0\0\0\0\0\0\320\264J\305|\2\0\0\v}\2\0\0\0\0\0", 3200, MSG_DONTWAIT, NULL, NULL) = 32
30087 1783914122.952471 recvfrom(100, 0x7fc3986860, 3200, MSG_DONTWAIT, NULL, NULL) = -1 EAGAIN (Try again)
30197 1783914122.952579 <... sendmsg resumed> ) = 428
30197 1783914122.955175 sendmsg(177, {msg_name=NULL, msg_namelen=0, msg_iov=[{iov_base="l\1\1\1\374\0\0\0\337\2\0\0\235\0\0\0\1\1o\0;\0\0\0/re/frid"..., iov_len=428}], msg_iovlen=1, msg_controllen=0, msg_flags=0}, MSG_NOSIGNAL) = 428
30087 1783914123.406173 recvfrom(100, 0x7fc3986420, 3200, MSG_DONTWAIT, NULL, NULL) = -1 EAGAIN (Try again)
30087 1783914123.419381 recvfrom(100, "nysv\0\0\0\0\0\0\0\0\0\0\0\0\357k\33\341|\2\0\0'}\2\0\0\0\0\0", 3200, MSG_DONTWAIT, NULL, NULL) = 32
30087 1783914123.419715 recvfrom(100, 0x7fc3986860, 3200, MSG_DONTWAIT, NULL, NULL) = -1 EAGAIN (Try again)
30087 1783914123.419947 recvfrom(121, 0x7d29777820, 2272, MSG_DONTWAIT, NULL, NULL) = -1 EAGAIN (Try again)
30087 1783914123.427117 recvfrom(100, 0x7fc3985d70, 3200, MSG_DONTWAIT, NULL, NULL) = -1 EAGAIN (Try again)
30197 1783914123.429789 sendmsg(177, {msg_name=NULL, msg_namelen=0, msg_iov=[{iov_base="l\1\1\1\374\0\0\0\340\2\0\0\235\0\0\0\1\1o\0;\0\0\0/re/frid"..., iov_len=428}], msg_iovlen=1, msg_controllen=0, msg_flags=0}, MSG_NOSIGNAL) = 428
30087 1783914123.436915 recvfrom(100, "nysv\0\0\0\0\0\0\0\0\0\0\0\0\246\20\32\342|\2\0\0(}\2\0\0\0\0\0", 3200, MSG_DONTWAIT, NULL, NULL) = 32
30087 1783914123.436957 recvfrom(100, 0x7fc3986860, 3200, MSG_DONTWAIT, NULL, NULL) = -1 EAGAIN (Try again)
30087 1783914123.439355 recvfrom(100, 0x7fc3986760, 3200, MSG_DONTWAIT, NULL, NULL) = -1 EAGAIN (Try again)
30197 1783914123.441483 sendmsg(177, {msg_name=NULL, msg_namelen=0, msg_iov=[{iov_base="l\1\1\1\374\0\0\0\341\2\0\0\235\0\0\0\1\1o\0;\0\0\0/re/frid"..., iov_len=428}], msg_iovlen=1, msg_controllen=0, msg_flags=0}, MSG_NOSIGNAL) = 428
30087 1783914123.457335 recvfrom(100, "nysv\0\0\0\0\0\0\0\0\0\0\0\0\231\330\27\343|\2\0\0)}\2\0\0\0\0\0", 3200, MSG_DONTWAIT, NULL, NULL) = 32
30087 1783914123.457368 recvfrom(100, 0x7fc3986860, 3200, MSG_DONTWAIT, NULL, NULL) = -1 EAGAIN (Try again)
30197 1783914123.469325 sendmsg(177, {msg_name=NULL, msg_namelen=0, msg_iov=[{iov_base="l\1\1\1\374\0\0\0\342\2\0\0\235\0\0\0\1\1o\0;\0\0\0/re/frid"..., iov_len=428}], msg_iovlen=1, msg_controllen=0, msg_flags=0}, MSG_NOSIGNAL) = 428
30087 1783914123.909180 recvfrom(100, 0x7fc3986420, 3200, MSG_DONTWAIT, NULL, NULL) = -1 EAGAIN (Try again)
30087 1783914123.923520 recvfrom(100, "nysv\0\0\0\0\0\0\0\0\0\0\0\0001\235\350\376|\2\0\0E}\2\0\0\0\0\0", 3200, MSG_DONTWAIT, NULL, NULL) = 32
30087 1783914123.923776 recvfrom(100, 0x7fc3986860, 3200, MSG_DONTWAIT, NULL, NULL) = -1 EAGAIN (Try again)
30087 1783914123.923900 recvfrom(121, 0x7d29777820, 2272, MSG_DONTWAIT, NULL, NULL) = -1 EAGAIN (Try again)
30197 1783914123.931466 sendmsg(177, {msg_name=NULL, msg_namelen=0, msg_iov=[{iov_base="l\1\1\1\374\0\0\0\343\2\0\0\235\0\0\0\1\1o\0;\0\0\0/re/frid"..., iov_len=428}], msg_iovlen=1, msg_controllen=0, msg_flags=0}, MSG_NOSIGNAL) = 428
30087 1783914123.940125 recvfrom(100, 0x7fc3985d70, 3200, MSG_DONTWAIT, NULL, NULL) = -1 EAGAIN (Try again)
30087 1783914123.958070 recvfrom(100, "nysv\0\0\0\0\0\0\0\0\0\0\0\0\205=\345\0}\2\0\0G}\2\0\0\0\0\0", 3200, MSG_DONTWAIT, NULL, NULL) = 32
30087 1783914123.958124 recvfrom(100, 0x7fc3986860, 3200, MSG_DONTWAIT, NULL, NULL) = -1 EAGAIN (Try again)
30087 1783914123.968004 recvfrom(100, 0x7fc3986760, 3200, MSG_DONTWAIT, NULL, NULL) = -1 EAGAIN (Try again)
30087 1783914123.968814 recvfrom(100, "nysv\0\0\0\0\0\0\0\0\0\0\0\0f\344\343\1}\2\0\0H}\2\0\0\0\0\0", 3200, MSG_DONTWAIT, NULL, NULL) = 32
30087 1783914123.968837 recvfrom(100, 0x7fc3986860, 3200, MSG_DONTWAIT, NULL, NULL) = -1 EAGAIN (Try again)
30197 1783914123.969199 sendmsg(177, {msg_name=NULL, msg_namelen=0, msg_iov=[{iov_base="l\1\1\1\374\0\0\0\344\2\0\0\235\0\0\0\1\1o\0;\0\0\0/re/frid"..., iov_len=428}], msg_iovlen=1, msg_controllen=0, msg_flags=0}, MSG_NOSIGNAL) = 428
30197 1783914123.970342 sendmsg(177, {msg_name=NULL, msg_namelen=0, msg_iov=[{iov_base="l\1\1\1\374\0\0\0\345\2\0\0\235\0\0\0\1\1o\0;\0\0\0/re/frid"..., iov_len=428}], msg_iovlen=1, msg_controllen=0, msg_flags=0}, MSG_NOSIGNAL) = 428
30087 1783914124.412607 recvfrom(100, 0x7fc3986420, 3200, MSG_DONTWAIT, NULL, NULL) = -1 EAGAIN (Try again)
30087 1783914124.421772 recvfrom(100, "nysv\0\0\0\0\0\0\0\0\0\0\0\0\35\2\266\34}\2\0\0b}\2\0\0\0\0\0", 3200, MSG_DONTWAIT, NULL, NULL) = 32
30087 1783914124.422003 recvfrom(100, 0x7fc3986860, 3200, MSG_DONTWAIT, NULL, NULL) = -1 EAGAIN (Try again)
30087 1783914124.422110 recvfrom(121, 0x7d29777820, 2272, MSG_DONTWAIT, NULL, NULL) = -1 EAGAIN (Try again)
30197 1783914124.430273 sendmsg(177, {msg_name=NULL, msg_namelen=0, msg_iov=[{iov_base="l\1\1\1\374\0\0\0\346\2\0\0\235\0\0\0\1\1o\0;\0\0\0/re/frid"..., iov_len=428}], msg_iovlen=1, msg_controllen=0, msg_flags=0}, MSG_NOSIGNAL) = 428
30087 1783914124.439907 recvfrom(100, 0x7fc3985d70, 3200, MSG_DONTWAIT, NULL, NULL) = -1 EAGAIN (Try again)
30087 1783914124.453737 recvfrom(100, "nysv\0\0\0\0\0\0\0\0\0\0\0\0\31\354\262\36}\2\0\0d}\2\0\0\0\0\0", 3200, MSG_DONTWAIT, NULL, NULL) = 32
30087 1783914124.453780 recvfrom(100, 0x7fc3986860, 3200, MSG_DONTWAIT, NULL, NULL) = -1 EAGAIN (Try again)
30087 1783914124.462754 recvfrom(100, 0x7fc3986760, 3200, MSG_DONTWAIT, NULL, NULL) = -1 EAGAIN (Try again)
30197 1783914124.466671 sendmsg(177, {msg_name=NULL, msg_namelen=0, msg_iov=[{iov_base="l\1\1\1\374\0\0\0\347\2\0\0\235\0\0\0\1\1o\0;\0\0\0/re/frid"..., iov_len=428}], msg_iovlen=1, msg_controllen=0, msg_flags=0}, MSG_NOSIGNAL) = 428
30087 1783914124.469037 recvfrom(100, "nysv\0\0\0\0\0\0\0\0\0\0\0\0}v\261\37}\2\0\0e}\2\0\0\0\0\0", 3200, MSG_DONTWAIT, NULL, NULL) = 32
30087 1783914124.469065 recvfrom(100, 0x7fc3986860, 3200, MSG_DONTWAIT, NULL, NULL) = -1 EAGAIN (Try again)
30197 1783914124.472406 sendmsg(177, {msg_name=NULL, msg_namelen=0, msg_iov=[{iov_base="l\1\1\1\374\0\0\0\350\2\0\0\235\0\0\0\1\1o\0;\0\0\0/re/frid"..., iov_len=428}], msg_iovlen=1, msg_controllen=0, msg_flags=0}, MSG_NOSIGNAL) = 428
30087 1783914124.914548 recvfrom(100, 0x7fc3986420, 3200, MSG_DONTWAIT, NULL, NULL) = -1 EAGAIN (Try again)
30087 1783914124.920120 recvfrom(100, "nysv\0\0\0\0\0\0\0\0\0\0\0\0\tg\203:}\2\0\0\200}\2\0\0\0\0\0", 3200, MSG_DONTWAIT, NULL, NULL) = 32
30087 1783914124.920154 recvfrom(100, 0x7fc3986860, 3200, MSG_DONTWAIT, NULL, NULL) = -1 EAGAIN (Try again)
30087 1783914124.920187 recvfrom(121, 0x7d29777820, 2272, MSG_DONTWAIT, NULL, NULL) = -1 EAGAIN (Try again)
30087 1783914124.924791 recvfrom(100, 0x7fc3985d70, 3200, MSG_DONTWAIT, NULL, NULL) = -1 EAGAIN (Try again)
30197 1783914124.925629 sendmsg(177, {msg_name=NULL, msg_namelen=0, msg_iov=[{iov_base="l\1\1\1\374\0\0\0\351\2\0\0\235\0\0\0\1\1o\0;\0\0\0/re/frid"..., iov_len=428}], msg_iovlen=1, msg_controllen=0, msg_flags=0}, MSG_NOSIGNAL) = 428
30087 1783914124.936737 recvfrom(100, "nysv\0\0\0\0\0\0\0\0\0\0\0\0+\276\201;}\2\0\0\201}\2\0\0\0\0\0", 3200, MSG_DONTWAIT, NULL, NULL) = 32
30087 1783914124.936776 recvfrom(100, 0x7fc3986860, 3200, MSG_DONTWAIT, NULL, NULL) = -1 EAGAIN (Try again)
30087 1783914124.941282 recvfrom(100, 0x7fc3986760, 3200, MSG_DONTWAIT, NULL, NULL) = -1 EAGAIN (Try again)
30197 1783914124.945851 sendmsg(177, {msg_name=NULL, msg_namelen=0, msg_iov=[{iov_base="l\1\1\1\374\0\0\0\352\2\0\0\235\0\0\0\1\1o\0;\0\0\0/re/frid"..., iov_len=428}], msg_iovlen=1, msg_controllen=0, msg_flags=0}, MSG_NOSIGNAL) = 428
30087 1783914124.952574 recvfrom(100, "nysv\0\0\0\0\0\0\0\0\0\0\0\0o9\200<}\2\0\0\202}\2\0\0\0\0\0", 3200, MSG_DONTWAIT, NULL, NULL) = 32
30087 1783914124.952646 recvfrom(100, 0x7fc3986860, 3200, MSG_DONTWAIT, NULL, NULL) = -1 EAGAIN (Try again)
30197 1783914124.953768 sendmsg(177, {msg_name=NULL, msg_namelen=0, msg_iov=[{iov_base="l\1\1\1\374\0\0\0\353\2\0\0\235\0\0\0\1\1o\0;\0\0\0/re/frid"..., iov_len=428}], msg_iovlen=1, msg_controllen=0, msg_flags=0}, MSG_NOSIGNAL) = 428
30087 1783914125.419505 recvfrom(100, 0x7fc3986420, 3200, MSG_DONTWAIT, NULL, NULL) = -1 EAGAIN (Try again)
30087 1783914125.437065 recvfrom(100, "nysv\0\0\0\0\0\0\0\0\0\0\0\0nDOY}\2\0\0\237}\2\0\0\0\0\0", 3200, MSG_DONTWAIT, NULL, NULL) = 32
30087 1783914125.437329 recvfrom(100, 0x7fc3986860, 3200, MSG_DONTWAIT, NULL, NULL) = -1 EAGAIN (Try again)
30087 1783914125.437451 recvfrom(121, 0x7d29777820, 2272, MSG_DONTWAIT, NULL, NULL) = -1 EAGAIN (Try again)
30087 1783914125.450128 recvfrom(100, 0x7fc3985d70, 3200, MSG_DONTWAIT, NULL, NULL) = -1 EAGAIN (Try again)
30197 1783914125.451427 sendmsg(177, {msg_name=NULL, msg_namelen=0, msg_iov=[{iov_base="l\1\1\1\374\0\0\0\354\2\0\0\235\0\0\0\1\1o\0;\0\0\0/re/frid"..., iov_len=428}], msg_iovlen=1, msg_controllen=0, msg_flags=0}, MSG_NOSIGNAL) = 428
30087 1783914125.452249 recvfrom(100, "nysv\0\0\0\0\0\0\0\0\0\0\0\0\306\347MZ}\2\0\0\240}\2\0\0\0\0\0", 3200, MSG_DONTWAIT, NULL, NULL) = 32
30087 1783914125.452285 recvfrom(100, 0x7fc3986860, 3200, MSG_DONTWAIT, NULL, NULL) = -1 EAGAIN (Try again)
30087 1783914125.456330 recvfrom(100, 0x7fc3986760, 3200, MSG_DONTWAIT, NULL, NULL) = -1 EAGAIN (Try again)
30197 1783914125.463142 sendmsg(177, {msg_name=NULL, msg_namelen=0, msg_iov=[{iov_base="l\1\1\1\374\0\0\0\355\2\0\0\235\0\0\0\1\1o\0;\0\0\0/re/frid"..., iov_len=428}], msg_iovlen=1, msg_controllen=0, msg_flags=0}, MSG_NOSIGNAL) = 428
30087 1783914125.470176 recvfrom(100, "nysv\0\0\0\0\0\0\0\0\0\0\0\08.L[}\2\0\0\241}\2\0\0\0\0\0", 3200, MSG_DONTWAIT, NULL, NULL) = 32
30087 1783914125.470203 recvfrom(100, 0x7fc3986860, 3200, MSG_DONTWAIT, NULL, NULL) = -1 EAGAIN (Try again)
30197 1783914125.471841 sendmsg(177, {msg_name=NULL, msg_namelen=0, msg_iov=[{iov_base="l\1\1\1\374\0\0\0\356\2\0\0\235\0\0\0\1\1o\0;\0\0\0/re/frid"..., iov_len=428}], msg_iovlen=1, msg_controllen=0, msg_flags=0}, MSG_NOSIGNAL) = 428
30087 1783914125.920772 recvfrom(100, 0x7fc3986420, 3200, MSG_DONTWAIT, NULL, NULL) = -1 EAGAIN (Try again)
30087 1783914125.937281 recvfrom(100, "nysv\0\0\0\0\0\0\0\0\0\0\0\0\v\201\34w}\2\0\0\275}\2\0\0\0\0\0", 3200, MSG_DONTWAIT, NULL, NULL) = 32
30087 1783914125.937589 recvfrom(100, 0x7fc3986860, 3200, MSG_DONTWAIT, NULL, NULL) = -1 EAGAIN (Try again)
30087 1783914125.937721 recvfrom(121, 0x7d29777820, 2272, MSG_DONTWAIT, NULL, NULL) = -1 EAGAIN (Try again)
30197 1783914125.945546 sendmsg(177, {msg_name=NULL, msg_namelen=0, msg_iov=[{iov_base="l\1\1\1\374\0\0\0\357\2\0\0\235\0\0\0\1\1o\0;\0\0\0/re/frid"..., iov_len=428}], msg_iovlen=1, msg_controllen=0, msg_flags=0}, MSG_NOSIGNAL) = 428
30087 1783914125.953691 recvfrom(100, 0x7fc3985d70, 3200, MSG_DONTWAIT, NULL, NULL) = -1 EAGAIN (Try again)
30087 1783914125.969410 recvfrom(100, "nysv\0\0\0\0\0\0\0\0\0\0\0\0y\231\31y}\2\0\0\277}\2\0\0\0\0\0", 3200, MSG_DONTWAIT, NULL, NULL) = 32
30087 1783914125.969436 recvfrom(100, 0x7fc3986860, 3200, MSG_DONTWAIT, NULL, NULL) = -1 EAGAIN (Try again)
30087 1783914125.971704 recvfrom(100, 0x7fc3986760, 3200, MSG_DONTWAIT, NULL, NULL) = -1 EAGAIN (Try again)
30197 1783914125.977021 sendmsg(177, {msg_name=NULL, msg_namelen=0, msg_iov=[{iov_base="l\1\1\1\374\0\0\0\360\2\0\0\235\0\0\0\1\1o\0;\0\0\0/re/frid"..., iov_len=428}], msg_iovlen=1, msg_controllen=0, msg_flags=0}, MSG_NOSIGNAL) = 428
30087 1783914125.985562 recvfrom(100, "nysv\0\0\0\0\0\0\0\0\0\0\0\0m(\30z}\2\0\0\300}\2\0\0\0\0\0", 3200, MSG_DONTWAIT, NULL, NULL) = 32
30087 1783914125.985588 recvfrom(100, 0x7fc3986860, 3200, MSG_DONTWAIT, NULL, NULL) = -1 EAGAIN (Try again)
30197 1783914125.986758 sendmsg(177, {msg_name=NULL, msg_namelen=0, msg_iov=[{iov_base="l\1\1\1\374\0\0\0\361\2\0\0\235\0\0\0\1\1o\0;\0\0\0/re/frid"..., iov_len=428}], msg_iovlen=1, msg_controllen=0, msg_flags=0}, MSG_NOSIGNAL) = 428
30087 1783914126.422065 recvfrom(100, 0x7fc3986420, 3200, MSG_DONTWAIT, NULL, NULL) = -1 EAGAIN (Try again)
30087 1783914126.440493 recvfrom(100, "nysv\0\0\0\0\0\0\0\0\0\0\0\0\367\345\351\224}\2\0\0\331}\2\0\0\0\0\0", 3200, MSG_DONTWAIT, NULL, NULL) = 32
30087 1783914126.440623 recvfrom(100, 0x7fc3986860, 3200, MSG_DONTWAIT, NULL, NULL) = -1 EAGAIN (Try again)
30087 1783914126.440778 recvfrom(121, 0x7d29777820, 2272, MSG_DONTWAIT, NULL, NULL) = -1 EAGAIN (Try again)
30087 1783914126.446965 recvfrom(100, 0x7fc3985d70, 3200, MSG_DONTWAIT, NULL, NULL) = -1 EAGAIN (Try again)
30197 1783914126.448265 sendmsg(177, {msg_name=NULL, msg_namelen=0, msg_iov=[{iov_base="l\1\1\1\374\0\0\0\362\2\0\0\235\0\0\0\1\1o\0;\0\0\0/re/frid"..., iov_len=428}], msg_iovlen=1, msg_controllen=0, msg_flags=0}, MSG_NOSIGNAL) = 428
30087 1783914126.457540 recvfrom(100, "nysv\0\0\0\0\0\0\0\0\0\0\0\0\274Y\350\225}\2\0\0\332}\2\0\0\0\0\0", 3200, MSG_DONTWAIT, NULL, NULL) = 32
30087 1783914126.457578 recvfrom(100, 0x7fc3986860, 3200, MSG_DONTWAIT, NULL, NULL) = -1 EAGAIN (Try again)
30087 1783914126.458722 recvfrom(100, 0x7fc3986760, 3200, MSG_DONTWAIT, NULL, NULL) = -1 EAGAIN (Try again)
30197 1783914126.459706 sendmsg(177, {msg_name=NULL, msg_namelen=0, msg_iov=[{iov_base="l\1\1\1\374\0\0\0\363\2\0\0\235\0\0\0\1\1o\0;\0\0\0/re/frid"..., iov_len=428}], msg_iovlen=1, msg_controllen=0, msg_flags=0}, MSG_NOSIGNAL) = 428
30087 1783914126.471093 recvfrom(100, "nysv\0\0\0\0\0\0\0\0\0\0\0\0K\206\346\226}\2\0\0\333}\2\0\0\0\0\0", 3200, MSG_DONTWAIT, NULL, NULL) = 32
30087 1783914126.471115 recvfrom(100, 0x7fc3986860, 3200, MSG_DONTWAIT, NULL, NULL) = -1 EAGAIN (Try again)
30197 1783914126.477986 sendmsg(177, {msg_name=NULL, msg_namelen=0, msg_iov=[{iov_base="l\1\1\1\374\0\0\0\364\2\0\0\235\0\0\0\1\1o\0;\0\0\0/re/frid"..., iov_len=428}], msg_iovlen=1, msg_controllen=0, msg_flags=0}, MSG_NOSIGNAL) = 428
30087 1783914126.923058 recvfrom(100, 0x7fc3986420, 3200, MSG_DONTWAIT, NULL, NULL) = -1 EAGAIN (Try again)
30087 1783914126.938851 recvfrom(100, "nysv\0\0\0\0\0\0\0\0\0\0\0\0\343J\267\262}\2\0\0\367}\2\0\0\0\0\0", 3200, MSG_DONTWAIT, NULL, NULL) = 32
30087 1783914126.938976 recvfrom(100, 0x7fc3986860, 3200, MSG_DONTWAIT, NULL, NULL) = -1 EAGAIN (Try again)
30087 1783914126.939107 recvfrom(121, 0x7d29777820, 2272, MSG_DONTWAIT, NULL, NULL) = -1 EAGAIN (Try again)
30197 1783914126.950728 sendmsg(177, {msg_name=NULL, msg_namelen=0, msg_iov=[{iov_base="l\1\1\1\374\0\0\0\365\2\0\0\235\0\0\0\1\1o\0;\0\0\0/re/frid"..., iov_len=428}], msg_iovlen=1, msg_controllen=0, msg_flags=0}, MSG_NOSIGNAL) = 428
30087 1783914126.956547 recvfrom(100, 0x7fc3985d70, 3200, MSG_DONTWAIT, NULL, NULL) = -1 EAGAIN (Try again)
30087 1783914126.972664 recvfrom(100, "nysv\0\0\0\0\0\0\0\0\0\0\0\0007\353\263\264}\2\0\0\371}\2\0\0\0\0\0", 3200, MSG_DONTWAIT, NULL, NULL) = 32
30087 1783914126.972715 recvfrom(100, 0x7fc3986860, 3200, MSG_DONTWAIT, NULL, NULL) = -1 EAGAIN (Try again)
30087 1783914126.980740 recvfrom(100, 0x7fc3986760, 3200, MSG_DONTWAIT, NULL, NULL) = -1 EAGAIN (Try again)
30197 1783914126.983955 sendmsg(177, {msg_name=NULL, msg_namelen=0, msg_iov=[{iov_base="l\1\1\1\374\0\0\0\366\2\0\0\235\0\0\0\1\1o\0;\0\0\0/re/frid"..., iov_len=428}], msg_iovlen=1, msg_controllen=0, msg_flags=0}, MSG_NOSIGNAL) = 428
30087 1783914126.985328 recvfrom(100, "nysv\0\0\0\0\0\0\0\0\0\0\0\0\365\213\262\265}\2\0\0\372}\2\0\0\0\0\0", 3200, MSG_DONTWAIT, NULL, NULL) = 32
30087 1783914126.985353 recvfrom(100, 0x7fc3986860, 3200, MSG_DONTWAIT, NULL, NULL) = -1 EAGAIN (Try again)
30197 1783914126.986346 sendmsg(177, {msg_name=NULL, msg_namelen=0, msg_iov=[{iov_base="l\1\1\1\374\0\0\0\367\2\0\0\235\0\0\0\1\1o\0;\0\0\0/re/frid"..., iov_len=428}], msg_iovlen=1, msg_controllen=0, msg_flags=0}, MSG_NOSIGNAL) = 428
30087 1783914127.424367 recvfrom(100, 0x7fc3986420, 3200, MSG_DONTWAIT, NULL, NULL) = -1 EAGAIN (Try again)
30087 1783914127.440658 recvfrom(100, "nysv\0\0\0\0\0\0\0\0\0\0\0\0\317\257\204\320}\2\0\0\25~\2\0\0\0\0\0", 3200, MSG_DONTWAIT, NULL, NULL) = 32
30087 1783914127.440757 recvfrom(100, 0x7fc3986860, 3200, MSG_DONTWAIT, NULL, NULL) = -1 EAGAIN (Try again)
30087 1783914127.440795 recvfrom(121, 0x7d29777820, 2272, MSG_DONTWAIT, NULL, NULL) = -1 EAGAIN (Try again)
30087 1783914127.445123 recvfrom(100, 0x7fc3985d70, 3200, MSG_DONTWAIT, NULL, NULL) = -1 EAGAIN (Try again)
30197 1783914127.446438 sendmsg(177, {msg_name=NULL, msg_namelen=0, msg_iov=[{iov_base="l\1\1\1\374\0\0\0\370\2\0\0\235\0\0\0\1\1o\0;\0\0\0/re/frid"..., iov_len=428}], msg_iovlen=1, msg_controllen=0, msg_flags=0}, MSG_NOSIGNAL) = 428
30087 1783914127.452356 recvfrom(100, "nysv\0\0\0\0\0\0\0\0\0\0\0\0FV\203\321}\2\0\0\26~\2\0\0\0\0\0", 3200, MSG_DONTWAIT, NULL, NULL) = 32
30087 1783914127.452447 recvfrom(100, 0x7fc3986860, 3200, MSG_DONTWAIT, NULL, NULL) = -1 EAGAIN (Try again)
30087 1783914127.456211 recvfrom(100, 0x7fc3986760, 3200, MSG_DONTWAIT, NULL, NULL) = -1 EAGAIN (Try again)
30197 1783914127.460325 sendmsg(177, {msg_name=NULL, msg_namelen=0, msg_iov=[{iov_base="l\1\1\1\374\0\0\0\371\2\0\0\235\0\0\0\1\1o\0;\0\0\0/re/frid"..., iov_len=428}], msg_iovlen=1, msg_controllen=0, msg_flags=0}, MSG_NOSIGNAL) = 428
30087 1783914127.468568 recvfrom(100, "nysv\0\0\0\0\0\0\0\0\0\0\0\0\22\371\201\322}\2\0\0\27~\2\0\0\0\0\0", 3200, MSG_DONTWAIT, NULL, NULL) = 32
30087 1783914127.468676 recvfrom(100, 0x7fc3986860, 3200, MSG_DONTWAIT, NULL, NULL) = -1 EAGAIN (Try again)
30197 1783914127.471434 sendmsg(177, {msg_name=NULL, msg_namelen=0, msg_iov=[{iov_base="l\1\1\1\374\0\0\0\372\2\0\0\235\0\0\0\1\1o\0;\0\0\0/re/frid"..., iov_len=428}], msg_iovlen=1, msg_controllen=0, msg_flags=0}, MSG_NOSIGNAL) = 428
30087 1783914127.641372 recvfrom(100, 0x7fc39862c0, 3200, MSG_DONTWAIT, NULL, NULL) = -1 EAGAIN (Try again)
30197 1783914127.642867 sendmsg(177, {msg_name=NULL, msg_namelen=0, msg_iov=[{iov_base="l\1\1\1\374\0\0\0\373\2\0\0\235\0\0\0\1\1o\0;\0\0\0/re/frid"..., iov_len=428}], msg_iovlen=1, msg_controllen=0, msg_flags=0}, MSG_NOSIGNAL) = 428
30087 1783914127.653920 recvfrom(100, "nysv\0\0\0\0\0\0\0\0\0\0\0\0\237\32o\335}\2\0\0\"~\2\0\0\0\0\0", 3200, MSG_DONTWAIT, NULL, NULL) = 32
30087 1783914127.653947 recvfrom(100, 0x7fc3986860, 3200, MSG_DONTWAIT, NULL, NULL) = -1 EAGAIN (Try again)
30087 1783914127.653968 recvfrom(121, 0x7d29777820, 2272, MSG_DONTWAIT, NULL, NULL) = -1 EAGAIN (Try again)
30197 1783914127.662654 sendmsg(177, {msg_name=NULL, msg_namelen=0, msg_iov=[{iov_base="l\1\1\1\374\0\0\0\374\2\0\0\235\0\0\0\1\1o\0;\0\0\0/re/frid"..., iov_len=428}], msg_iovlen=1, msg_controllen=0, msg_flags=0}, MSG_NOSIGNAL) = 428
30087 1783914127.682066 recvfrom(100, 0x7fc3985d70, 3200, MSG_DONTWAIT, NULL, NULL) = -1 EAGAIN (Try again)
30087 1783914127.687144 recvfrom(100, "nysv\0\0\0\0\0\0\0\0\0\0\0\0Hel\337}\2\0\0$~\2\0\0\0\0\0", 3200, MSG_DONTWAIT, NULL, NULL) = 32
30087 1783914127.687173 recvfrom(100, 0x7fc3986860, 3200, MSG_DONTWAIT, NULL, NULL) = -1 EAGAIN (Try again)
30087 1783914127.693751 recvfrom(100, 0x7fc3986760, 3200, MSG_DONTWAIT, NULL, NULL) = -1 EAGAIN (Try again)
30197 1783914127.698427 sendmsg(177, {msg_name=NULL, msg_namelen=0, msg_iov=[{iov_base="l\1\1\1\374\0\0\0\375\2\0\0\235\0\0\0\1\1o\0;\0\0\0/re/frid"..., iov_len=428}], msg_iovlen=1, msg_controllen=0, msg_flags=0}, MSG_NOSIGNAL) = 428
30087 1783914127.703327 recvfrom(100, "nysv\0\0\0\0\0\0\0\0\0\0\0\0B\267j\340}\2\0\0%~\2\0\0\0\0\0", 3200, MSG_DONTWAIT, NULL, NULL) = 32
30087 1783914127.703348 recvfrom(100, 0x7fc3986860, 3200, MSG_DONTWAIT, NULL, NULL) = -1 EAGAIN (Try again)
30197 1783914127.710514 sendmsg(177, {msg_name=NULL, msg_namelen=0, msg_iov=[{iov_base="l\1\1\1\374\0\0\0\376\2\0\0\235\0\0\0\1\1o\0;\0\0\0/re/frid"..., iov_len=428}], msg_iovlen=1, msg_controllen=0, msg_flags=0}, MSG_NOSIGNAL) = 428
30087 1783914127.895378 recvfrom(100, 0x7fc3985fd0, 3200, MSG_DONTWAIT, NULL, NULL) = -1 EAGAIN (Try again)
30197 1783914127.899244 sendmsg(177, {msg_name=NULL, msg_namelen=0, msg_iov=[{iov_base="l\1\1\1\374\0\0\0\377\2\0\0\235\0\0\0\1\1o\0;\0\0\0/re/frid"..., iov_len=428}], msg_iovlen=1, msg_controllen=0, msg_flags=0}, MSG_NOSIGNAL) = 428
30087 1783914127.902393 recvfrom(100, "nysv\0\0\0\0\0\0\0\0\0\0\0\0kaX\354}\2\0\0001~\2\0\0\0\0\0", 3200, MSG_DONTWAIT, NULL, NULL) = 32
30087 1783914127.902419 recvfrom(100, 0x7fc3986860, 3200, MSG_DONTWAIT, NULL, NULL) = -1 EAGAIN (Try again)
30087 1783914127.902643 recvfrom(121, 0x7d29777820, 2272, MSG_DONTWAIT, NULL, NULL) = -1 EAGAIN (Try again)
30087 1783914127.908748 recvfrom(100, 0x7fc3985920, 3200, MSG_DONTWAIT, NULL, NULL) = -1 EAGAIN (Try again)
30087 1783914127.918803 recvfrom(100, "nysv\0\0\0\0\0\0\0\0\0\0\0\0\277\373V\355}\2\0\0002~\2\0\0\0\0\0", 3200, MSG_DONTWAIT, NULL, NULL) = 32
30087 1783914127.918831 recvfrom(100, 0x7fc3986860, 3200, MSG_DONTWAIT, NULL, NULL) = -1 EAGAIN (Try again)
30087 1783914127.918850 recvfrom(121, 0x7d29777820, 2272, MSG_DONTWAIT, NULL, NULL) = -1 EAGAIN (Try again)
30087 1783914127.937382 recvfrom(100, 0x7fc3986760, 3200, MSG_DONTWAIT, NULL, NULL) = -1 EAGAIN (Try again)
30087 1783914127.952831 recvfrom(100, "nysv\0\0\0\0\0\0\0\0\0\0\0\0U/T\357}\2\0\0004~\2\0\0\0\0\0", 3200, MSG_DONTWAIT, NULL, NULL) = 32
30087 1783914127.952885 recvfrom(100, 0x7fc3986860, 3200, MSG_DONTWAIT, NULL, NULL) = -1 EAGAIN (Try again)
30197 1783914127.959186 sendmsg(177, {msg_name=NULL, msg_namelen=0, msg_iov=[{iov_base="l\1\1\1\374\0\0\0\0\3\0\0\235\0\0\0\1\1o\0;\0\0\0/re/frid"..., iov_len=428}], msg_iovlen=1, msg_controllen=0, msg_flags=0}, MSG_NOSIGNAL) = 428
30197 1783914127.960044 sendmsg(177, {msg_name=NULL, msg_namelen=0, msg_iov=[{iov_base="l\1\1\1\374\0\0\0\1\3\0\0\235\0\0\0\1\1o\0;\0\0\0/re/frid"..., iov_len=428}], msg_iovlen=1, msg_controllen=0, msg_flags=0}, MSG_NOSIGNAL) = 428
30087 1783914127.961279 recvfrom(100, 0x7fc3985d70, 3200, MSG_DONTWAIT, NULL, NULL) = -1 EAGAIN (Try again)
30087 1783914127.969360 recvfrom(100, "nysv\0\0\0\0\0\0\0\0\0\0\0\0\255\363R\360}\2\0\0005~\2\0\0\0\0\0", 3200, MSG_DONTWAIT, NULL, NULL) = 32
30087 1783914127.969444 recvfrom(100, 0x7fc3986860, 3200, MSG_DONTWAIT, NULL, NULL) = -1 EAGAIN (Try again)
30087 1783914127.976405 recvfrom(100, 0x7fc3986760, 3200, MSG_DONTWAIT, NULL, NULL) = -1 EAGAIN (Try again)
30197 1783914127.978951 sendmsg(177, {msg_name=NULL, msg_namelen=0, msg_iov=[{iov_base="l\1\1\1\374\0\0\0\2\3\0\0\235\0\0\0\1\1o\0;\0\0\0/re/frid"..., iov_len=428}], msg_iovlen=1, msg_controllen=0, msg_flags=0}, MSG_NOSIGNAL) = 428
30087 1783914127.986658 recvfrom(100, "nysv\0\0\0\0\0\0\0\0\0\0\0\0pMQ\361}\2\0\0006~\2\0\0\0\0\0", 3200, MSG_DONTWAIT, NULL, NULL) = 32
30087 1783914127.986804 recvfrom(100, 0x7fc3986860, 3200, MSG_DONTWAIT, NULL, NULL) = -1 EAGAIN (Try again)
30197 1783914127.990550 sendmsg(177, {msg_name=NULL, msg_namelen=0, msg_iov=[{iov_base="l\1\1\1\374\0\0\0\3\3\0\0\235\0\0\0\1\1o\0;\0\0\0/re/frid"..., iov_len=428}], msg_iovlen=1, msg_controllen=0, msg_flags=0}, MSG_NOSIGNAL) = 428
30087 1783914128.419375 recvfrom(100, 0x7fc3986420, 3200, MSG_DONTWAIT, NULL, NULL) = -1 EAGAIN (Try again)
30087 1783914128.436674 recvfrom(100, "nysv\0\0\0\0\0\0\0\0\0\0\0\0\236\237\37\f~\2\0\0P~\2\0\0\0\0\0", 3200, MSG_DONTWAIT, NULL, NULL) = 32
30087 1783914128.436710 recvfrom(100, 0x7fc3986860, 3200, MSG_DONTWAIT, NULL, NULL) = -1 EAGAIN (Try again)
30087 1783914128.436744 recvfrom(121, 0x7d29777820, 2272, MSG_DONTWAIT, NULL, NULL) = -1 EAGAIN (Try again)
30087 1783914128.448666 recvfrom(100, 0x7fc3985d70, 3200, MSG_DONTWAIT, NULL, NULL) = -1 EAGAIN (Try again)
30197 1783914128.449832 sendmsg(177, {msg_name=NULL, msg_namelen=0, msg_iov=[{iov_base="l\1\1\1\374\0\0\0\4\3\0\0\235\0\0\0\1\1o\0;\0\0\0/re/frid"..., iov_len=428}], msg_iovlen=1, msg_controllen=0, msg_flags=0}, MSG_NOSIGNAL) = 428
30087 1783914128.454977 recvfrom(100, "nysv\0\0\0\0\0\0\0\0\0\0\0\0\247\334\35\r~\2\0\0Q~\2\0\0\0\0\0", 3200, MSG_DONTWAIT, NULL, NULL) = 32
30087 1783914128.455005 recvfrom(100, 0x7fc3986860, 3200, MSG_DONTWAIT, NULL, NULL) = -1 EAGAIN (Try again)
30087 1783914128.458537 recvfrom(100, 0x7fc3986760, 3200, MSG_DONTWAIT, NULL, NULL) = -1 EAGAIN (Try again)
30197 1783914128.462531 sendmsg(177, {msg_name=NULL, msg_namelen=0, msg_iov=[{iov_base="l\1\1\1\374\0\0\0\5\3\0\0\235\0\0\0\1\1o\0;\0\0\0/re/frid"..., iov_len=428}], msg_iovlen=1, msg_controllen=0, msg_flags=0}, MSG_NOSIGNAL) = 428
30087 1783914128.471480 recvfrom(100, "nysv\0\0\0\0\0\0\0\0\0\0\0\0\373\31\34\16~\2\0\0R~\2\0\0\0\0\0", 3200, MSG_DONTWAIT, NULL, NULL) = 32
30087 1783914128.471605 recvfrom(100, 0x7fc3986860, 3200, MSG_DONTWAIT, NULL, NULL) = -1 EAGAIN (Try again)
30197 1783914128.474696 sendmsg(177, {msg_name=NULL, msg_namelen=0, msg_iov=[{iov_base="l\1\1\1\374\0\0\0\6\3\0\0\235\0\0\0\1\1o\0;\0\0\0/re/frid"..., iov_len=428}], msg_iovlen=1, msg_controllen=0, msg_flags=0}, MSG_NOSIGNAL) = 428
30197 1783914128.858344 sendmsg(177, {msg_name=NULL, msg_namelen=0, msg_iov=[{iov_base="l\1\1\1\374\0\0\0\7\3\0\0\235\0\0\0\1\1o\0;\0\0\0/re/frid"..., iov_len=428}], msg_iovlen=1, msg_controllen=0, msg_flags=0}, MSG_NOSIGNAL) = 428
30087 1783914128.920408 recvfrom(100, 0x7fc3986420, 3200, MSG_DONTWAIT, NULL, NULL) = -1 EAGAIN (Try again)
30087 1783914128.935876 recvfrom(100, "nysv\0\0\0\0\0\0\0\0\0\0\0\0\25\203\357)~\2\0\0n~\2\0\0\0\0\0", 3200, MSG_DONTWAIT, NULL, NULL) = 32
30087 1783914128.936002 recvfrom(100, 0x7fc3986860, 3200, MSG_DONTWAIT, NULL, NULL) = -1 EAGAIN (Try again)
30087 1783914128.936032 recvfrom(121, 0x7d29777820, 2272, MSG_DONTWAIT, NULL, NULL) = -1 EAGAIN (Try again)
30197 1783914128.940654 sendmsg(177, {msg_name=NULL, msg_namelen=0, msg_iov=[{iov_base="l\1\1\1\374\0\0\0\10\3\0\0\235\0\0\0\1\1o\0;\0\0\0/re/frid"..., iov_len=428}], msg_iovlen=1, msg_controllen=0, msg_flags=0}, MSG_NOSIGNAL) = 428
30087 1783914128.946822 recvfrom(100, 0x7fc3985d70, 3200, MSG_DONTWAIT, NULL, NULL) = -1 EAGAIN (Try again)
30087 1783914128.954482 recvfrom(100, "nysv\0\0\0\0\0\0\0\0\0\0\0\0?\323\355*~\2\0\0o~\2\0\0\0\0\0", 3200, MSG_DONTWAIT, NULL, NULL) = 32
30087 1783914128.954510 recvfrom(100, 0x7fc3986860, 3200, MSG_DONTWAIT, NULL, NULL) = -1 EAGAIN (Try again)
30087 1783914128.962848 recvfrom(100, 0x7fc3986760, 3200, MSG_DONTWAIT, NULL, NULL) = -1 EAGAIN (Try again)
30197 1783914128.964132 sendmsg(177, {msg_name=NULL, msg_namelen=0, msg_iov=[{iov_base="l\1\1\1\374\0\0\0\t\3\0\0\235\0\0\0\1\1o\0;\0\0\0/re/frid"..., iov_len=428}], msg_iovlen=1, msg_controllen=0, msg_flags=0}, MSG_NOSIGNAL) = 428
30087 1783914128.969334 recvfrom(100, "nysv\0\0\0\0\0\0\0\0\0\0\0\0\320H\354+~\2\0\0p~\2\0\0\0\0\0", 3200, MSG_DONTWAIT, NULL, NULL) = 32
30087 1783914128.969358 recvfrom(100, 0x7fc3986860, 3200, MSG_DONTWAIT, NULL, NULL) = -1 EAGAIN (Try again)
30197 1783914128.970560 sendmsg(177, {msg_name=NULL, msg_namelen=0, msg_iov=[{iov_base="l\1\1\1\374\0\0\0\n\3\0\0\235\0\0\0\1\1o\0;\0\0\0/re/frid"..., iov_len=428}], msg_iovlen=1, msg_controllen=0, msg_flags=0}, MSG_NOSIGNAL) = 428
30087 1783914129.431277 recvfrom(100, 0x7fc3986420, 3200, MSG_DONTWAIT, NULL, NULL) = -1 EAGAIN (Try again)
30087 1783914129.439141 recvfrom(100, "nysv\0\0\0\0\0\0\0\0\0\0\0\0\177C\272G~\2\0\0\213~\2\0\0\0\0\0", 3200, MSG_DONTWAIT, NULL, NULL) = 32
30087 1783914129.439324 recvfrom(100, 0x7fc3986860, 3200, MSG_DONTWAIT, NULL, NULL) = -1 EAGAIN (Try again)
30087 1783914129.439505 recvfrom(121, 0x7d29777820, 2272, MSG_DONTWAIT, NULL, NULL) = -1 EAGAIN (Try again)
30087 1783914129.460906 recvfrom(100, 0x7fc3985d70, 3200, MSG_DONTWAIT, NULL, NULL) = -1 EAGAIN (Try again)
30197 1783914129.462003 sendmsg(177, {msg_name=NULL, msg_namelen=0, msg_iov=[{iov_base="l\1\1\1\374\0\0\0\v\3\0\0\235\0\0\0\1\1o\0;\0\0\0/re/frid"..., iov_len=428}], msg_iovlen=1, msg_controllen=0, msg_flags=0}, MSG_NOSIGNAL) = 428
30087 1783914129.471629 recvfrom(100, "nysv\0\0\0\0\0\0\0\0\0\0\0\0\323\343\266I~\2\0\0\215~\2\0\0\0\0\0", 3200, MSG_DONTWAIT, NULL, NULL) = 32
30087 1783914129.471783 recvfrom(100, 0x7fc3986860, 3200, MSG_DONTWAIT, NULL, NULL) = -1 EAGAIN (Try again)
30087 1783914129.481872 recvfrom(100, 0x7fc3986760, 3200, MSG_DONTWAIT, NULL, NULL) = -1 EAGAIN (Try again)
30197 1783914129.483404 sendmsg(177, {msg_name=NULL, msg_namelen=0, msg_iov=[{iov_base="l\1\1\1\374\0\0\0\f\3\0\0\235\0\0\0\1\1o\0;\0\0\0/re/frid"..., iov_len=428}], msg_iovlen=1, msg_controllen=0, msg_flags=0}, MSG_NOSIGNAL) = 428
30087 1783914129.485236 recvfrom(100, "nysv\0\0\0\0\0\0\0\0\0\0\0\0d\210\265J~\2\0\0\216~\2\0\0\0\0\0", 3200, MSG_DONTWAIT, NULL, NULL) = 32
30087 1783914129.485263 recvfrom(100, 0x7fc3986860, 3200, MSG_DONTWAIT, NULL, NULL) = -1 EAGAIN (Try again)
30197 1783914129.486779 sendmsg(177, {msg_name=NULL, msg_namelen=0, msg_iov=[{iov_base="l\1\1\1\374\0\0\0\r\3\0\0\235\0\0\0\1\1o\0;\0\0\0/re/frid"..., iov_len=428}], msg_iovlen=1, msg_controllen=0, msg_flags=0}, MSG_NOSIGNAL) = 428
30197 1783914129.873228 sendmsg(177, {msg_name=NULL, msg_namelen=0, msg_iov=[{iov_base="l\1\1\1\374\0\0\0\16\3\0\0\235\0\0\0\1\1o\0;\0\0\0/re/frid"..., iov_len=428}], msg_iovlen=1, msg_controllen=0, msg_flags=0}, MSG_NOSIGNAL) = 428
30197 1783914129.882299 sendmsg(177, {msg_name=NULL, msg_namelen=0, msg_iov=[{iov_base="l\1\1\1\374\0\0\0\17\3\0\0\235\0\0\0\1\1o\0;\0\0\0/re/frid"..., iov_len=428}], msg_iovlen=1, msg_controllen=0, msg_flags=0}, MSG_NOSIGNAL) = 428
30197 1783914129.891998 sendmsg(177, {msg_name=NULL, msg_namelen=0, msg_iov=[{iov_base="l\1\1\1\374\0\0\0\20\3\0\0\235\0\0\0\1\1o\0;\0\0\0/re/frid"..., iov_len=428}], msg_iovlen=1, msg_controllen=0, msg_flags=0}, MSG_NOSIGNAL) = 428
30087 1783914129.932581 recvfrom(100, 0x7fc3986420, 3200, MSG_DONTWAIT, NULL, NULL) = -1 EAGAIN (Try again)
30087 1783914129.935857 recvfrom(100, "nysv\0\0\0\0\0\0\0\0\0\0\0\0\276/\210e~\2\0\0\251~\2\0\0\0\0\0", 3200, MSG_DONTWAIT, NULL, NULL) = 32
30087 1783914129.935887 recvfrom(100, 0x7fc3986860, 3200, MSG_DONTWAIT, NULL, NULL) = -1 EAGAIN (Try again)
30087 1783914129.935924 recvfrom(121, 0x7d29777820, 2272, MSG_DONTWAIT, NULL, NULL) = -1 EAGAIN (Try again)
30197 1783914129.939620 sendmsg(177, {msg_name=NULL, msg_namelen=0, msg_iov=[{iov_base="l\1\1\1\374\0\0\0\21\3\0\0\235\0\0\0\1\1o\0;\0\0\0/re/frid"..., iov_len=428}], msg_iovlen=1, msg_controllen=0, msg_flags=0}, MSG_NOSIGNAL) = 428
30087 1783914129.940419 recvfrom(100, 0x7fc3985d70, 3200, MSG_DONTWAIT, NULL, NULL) = -1 EAGAIN (Try again)
30087 1783914129.952514 recvfrom(100, "nysv\0\0\0\0\0\0\0\0\0\0\0\0\350\177\206f~\2\0\0\252~\2\0\0\0\0\0", 3200, MSG_DONTWAIT, NULL, NULL) = 32
30087 1783914129.952547 recvfrom(100, 0x7fc3986860, 3200, MSG_DONTWAIT, NULL, NULL) = -1 EAGAIN (Try again)
30087 1783914129.959887 recvfrom(100, 0x7fc3986760, 3200, MSG_DONTWAIT, NULL, NULL) = -1 EAGAIN (Try again)
30197 1783914129.961174 sendmsg(177, {msg_name=NULL, msg_namelen=0, msg_iov=[{iov_base="l\1\1\1\374\0\0\0\22\3\0\0\235\0\0\0\1\1o\0;\0\0\0/re/frid"..., iov_len=428}], msg_iovlen=1, msg_controllen=0, msg_flags=0}, MSG_NOSIGNAL) = 428
30087 1783914129.969457 recvfrom(100, "nysv\0\0\0\0\0\0\0\0\0\0\0\0\22\320\204g~\2\0\0\253~\2\0\0\0\0\0", 3200, MSG_DONTWAIT, NULL, NULL) = 32
30087 1783914129.969485 recvfrom(100, 0x7fc3986860, 3200, MSG_DONTWAIT, NULL, NULL) = -1 EAGAIN (Try again)
30197 1783914129.970459 sendmsg(177, {msg_name=NULL, msg_namelen=0, msg_iov=[{iov_base="l\1\1\1\374\0\0\0\23\3\0\0\235\0\0\0\1\1o\0;\0\0\0/re/frid"..., iov_len=428}], msg_iovlen=1, msg_controllen=0, msg_flags=0}, MSG_NOSIGNAL) = 428
30087 1783914130.440474 recvfrom(100, 0x7fc3986420, 3200, MSG_DONTWAIT, NULL, NULL) = -1 EAGAIN (Try again)
30087 1783914130.458569 recvfrom(100, "nysv\0\0\0\0\0\0\0\0\0\0\0\0\201]S\204~\2\0\0\307~\2\0\0\0\0\0", 3200, MSG_DONTWAIT, NULL, NULL) = 32
30087 1783914130.458696 recvfrom(100, 0x7fc3986860, 3200, MSG_DONTWAIT, NULL, NULL) = -1 EAGAIN (Try again)
30087 1783914130.458835 recvfrom(121, 0x7d29777820, 2272, MSG_DONTWAIT, NULL, NULL) = -1 EAGAIN (Try again)
30197 1783914130.473271 sendmsg(177, {msg_name=NULL, msg_namelen=0, msg_iov=[{iov_base="l\1\1\1\374\0\0\0\24\3\0\0\235\0\0\0\1\1o\0;\0\0\0/re/frid"..., iov_len=428}], msg_iovlen=1, msg_controllen=0, msg_flags=0}, MSG_NOSIGNAL) = 428
30087 1783914130.479246 recvfrom(100, 0x7fc3985d70, 3200, MSG_DONTWAIT, NULL, NULL) = -1 EAGAIN (Try again)
30087 1783914130.488227 recvfrom(100, "nysv\0\0\0\0\0\0\0\0\0\0\0\0\325\375O\206~\2\0\0\311~\2\0\0\0\0\0", 3200, MSG_DONTWAIT, NULL, NULL) = 32
30087 1783914130.488478 recvfrom(100, 0x7fc3986860, 3200, MSG_DONTWAIT, NULL, NULL) = -1 EAGAIN (Try again)
30087 1783914130.493508 recvfrom(100, 0x7fc3986760, 3200, MSG_DONTWAIT, NULL, NULL) = -1 EAGAIN (Try again)
30197 1783914130.499275 sendmsg(177, {msg_name=NULL, msg_namelen=0, msg_iov=[{iov_base="l\1\1\1\374\0\0\0\25\3\0\0\235\0\0\0\1\1o\0;\0\0\0/re/frid"..., iov_len=428}], msg_iovlen=1, msg_controllen=0, msg_flags=0}, MSG_NOSIGNAL) = 428
30087 1783914130.502613 recvfrom(100, "nysv\0\0\0\0\0\0\0\0\0\0\0\0\225~N\207~\2\0\0\312~\2\0\0\0\0\0", 3200, MSG_DONTWAIT, NULL, NULL) = 32
30087 1783914130.502645 recvfrom(100, 0x7fc3986860, 3200, MSG_DONTWAIT, NULL, NULL) = -1 EAGAIN (Try again)
30197 1783914130.504116 sendmsg(177, {msg_name=NULL, msg_namelen=0, msg_iov=[{iov_base="l\1\1\1\374\0\0\0\26\3\0\0\235\0\0\0\1\1o\0;\0\0\0/re/frid"..., iov_len=428}], msg_iovlen=1, msg_controllen=0, msg_flags=0}, MSG_NOSIGNAL) = 428
30087 1783914130.943588 recvfrom(100, 0x7fc3986420, 3200, MSG_DONTWAIT, NULL, NULL) = -1 EAGAIN (Try again)
30087 1783914130.952589 recvfrom(100, "nysv\0\0\0\0\0\0\0\0\0\0\0\0\261\375 \242~\2\0\0\345~\2\0\0\0\0\0", 3200, MSG_DONTWAIT, NULL, NULL) = 32
30087 1783914130.952704 recvfrom(100, 0x7fc3986860, 3200, MSG_DONTWAIT, NULL, NULL) = -1 EAGAIN (Try again)
30087 1783914130.952809 recvfrom(121, 0x7d29777820, 2272, MSG_DONTWAIT, NULL, NULL) = -1 EAGAIN (Try again)
30197 1783914130.961864 sendmsg(177, {msg_name=NULL, msg_namelen=0, msg_iov=[{iov_base="l\1\1\1\374\0\0\0\27\3\0\0\235\0\0\0\1\1o\0;\0\0\0/re/frid"..., iov_len=428}], msg_iovlen=1, msg_controllen=0, msg_flags=0}, MSG_NOSIGNAL) = 428
30087 1783914130.970226 recvfrom(100, 0x7fc3985d70, 3200, MSG_DONTWAIT, NULL, NULL) = -1 EAGAIN (Try again)
30087 1783914130.990135 recvfrom(100, "nysv\0\0\0\0\0\0\0\0\0\0\0\0\301b\35\244~\2\0\0\347~\2\0\0\0\0\0", 3200, MSG_DONTWAIT, NULL, NULL) = 32
30087 1783914130.990182 recvfrom(100, 0x7fc3986860, 3200, MSG_DONTWAIT, NULL, NULL) = -1 EAGAIN (Try again)
30087 1783914130.993008 recvfrom(100, 0x7fc3986760, 3200, MSG_DONTWAIT, NULL, NULL) = -1 EAGAIN (Try again)
30197 1783914131.002805 sendmsg(177, {msg_name=NULL, msg_namelen=0, msg_iov=[{iov_base="l\1\1\1\374\0\0\0\30\3\0\0\235\0\0\0\1\1o\0;\0\0\0/re/frid"..., iov_len=428}], msg_iovlen=1, msg_controllen=0, msg_flags=0}, MSG_NOSIGNAL) = 428
30087 1783914131.003200 recvfrom(100, "nysv\0\0\0\0\0\0\0\0\0\0\0\0\353\262\33\245~\2\0\0\350~\2\0\0\0\0\0", 3200, MSG_DONTWAIT, NULL, NULL) = 32
30087 1783914131.003231 recvfrom(100, 0x7fc3986860, 3200, MSG_DONTWAIT, NULL, NULL) = -1 EAGAIN (Try again)
30197 1783914131.005222 sendmsg(177, {msg_name=NULL, msg_namelen=0, msg_iov=[{iov_base="l\1\1\1\374\0\0\0\31\3\0\0\235\0\0\0\1\1o\0;\0\0\0/re/frid"..., iov_len=428}], msg_iovlen=1, msg_controllen=0, msg_flags=0}, MSG_NOSIGNAL) = 428
30087 1783914131.449409 recvfrom(100, 0x7fc3986420, 3200, MSG_DONTWAIT, NULL, NULL) = -1 EAGAIN (Try again)
30087 1783914131.453439 recvfrom(100, "nysv\0\0\0\0\0\0\0\0\0\0\0\0 6\356\277~\2\0\0\3\177\2\0\0\0\0\0", 3200, MSG_DONTWAIT, NULL, NULL) = 32
30087 1783914131.453550 recvfrom(100, 0x7fc3986860, 3200, MSG_DONTWAIT, NULL, NULL) = -1 EAGAIN (Try again)
30087 1783914131.453657 recvfrom(121, 0x7d29777820, 2272, MSG_DONTWAIT, NULL, NULL) = -1 EAGAIN (Try again)
30087 1783914131.462370 recvfrom(100, 0x7fc3985d70, 3200, MSG_DONTWAIT, NULL, NULL) = -1 EAGAIN (Try again)
30197 1783914131.463904 sendmsg(177, {msg_name=NULL, msg_namelen=0, msg_iov=[{iov_base="l\1\1\1\374\0\0\0\32\3\0\0\235\0\0\0\1\1o\0;\0\0\0/re/frid"..., iov_len=428}], msg_iovlen=1, msg_controllen=0, msg_flags=0}, MSG_NOSIGNAL) = 428
30087 1783914131.472826 recvfrom(100, "nysv\0\0\0\0\0\0\0\0\0\0\0\0J\206\354\300~\2\0\0\4\177\2\0\0\0\0\0", 3200, MSG_DONTWAIT, NULL, NULL) = 32
30087 1783914131.472868 recvfrom(100, 0x7fc3986860, 3200, MSG_DONTWAIT, NULL, NULL) = -1 EAGAIN (Try again)
30087 1783914131.475887 recvfrom(100, 0x7fc3986760, 3200, MSG_DONTWAIT, NULL, NULL) = -1 EAGAIN (Try again)
30197 1783914131.477574 sendmsg(177, {msg_name=NULL, msg_namelen=0, msg_iov=[{iov_base="l\1\1\1\374\0\0\0\33\3\0\0\235\0\0\0\1\1o\0;\0\0\0/re/frid"..., iov_len=428}], msg_iovlen=1, msg_controllen=0, msg_flags=0}, MSG_NOSIGNAL) = 428
30087 1783914131.488768 recvfrom(100, "nysv\0\0\0\0\0\0\0\0\0\0\0\0\255\307\352\301~\2\0\0\5\177\2\0\0\0\0\0", 3200, MSG_DONTWAIT, NULL, NULL) = 32
30087 1783914131.488795 recvfrom(100, 0x7fc3986860, 3200, MSG_DONTWAIT, NULL, NULL) = -1 EAGAIN (Try again)
30197 1783914131.499085 sendmsg(177, {msg_name=NULL, msg_namelen=0, msg_iov=[{iov_base="l\1\1\1\374\0\0\0\34\3\0\0\235\0\0\0\1\1o\0;\0\0\0/re/frid"..., iov_len=428}], msg_iovlen=1, msg_controllen=0, msg_flags=0}, MSG_NOSIGNAL) = 428
30087 1783914131.958127 recvfrom(100, 0x7fc3986420, 3200, MSG_DONTWAIT, NULL, NULL) = -1 EAGAIN (Try again)
30087 1783914131.969636 recvfrom(100, "nysv\0\0\0\0\0\0\0\0\0\0\0\0004\361\271\336~\2\0\0!\177\2\0\0\0\0\0", 3200, MSG_DONTWAIT, NULL, NULL) = 32
30087 1783914131.969688 recvfrom(100, 0x7fc3986860, 3200, MSG_DONTWAIT, NULL, NULL) = -1 EAGAIN (Try again)
30087 1783914131.969716 recvfrom(121, 0x7d29777820, 2272, MSG_DONTWAIT, NULL, NULL) = -1 EAGAIN (Try again)
30087 1783914131.972710 recvfrom(100, 0x7fc3985d70, 3200, MSG_DONTWAIT, NULL, NULL) = -1 EAGAIN (Try again)
30197 1783914131.973213 sendmsg(177, {msg_name=NULL, msg_namelen=0, msg_iov=[{iov_base="l\1\1\1\374\0\0\0\35\3\0\0\235\0\0\0\1\1o\0;\0\0\0/re/frid"..., iov_len=428}], msg_iovlen=1, msg_controllen=0, msg_flags=0}, MSG_NOSIGNAL) = 428
30087 1783914131.986644 recvfrom(100, "nysv\0\0\0\0\0\0\0\0\0\0\0\0\24J\270\337~\2\0\0\"\177\2\0\0\0\0\0", 3200, MSG_DONTWAIT, NULL, NULL) = 32
30087 1783914131.986764 recvfrom(100, 0x7fc3986860, 3200, MSG_DONTWAIT, NULL, NULL) = -1 EAGAIN (Try again)
30087 1783914131.992816 recvfrom(100, 0x7fc3986760, 3200, MSG_DONTWAIT, NULL, NULL) = -1 EAGAIN (Try again)
30197 1783914131.994075 sendmsg(177, {msg_name=NULL, msg_namelen=0, msg_iov=[{iov_base="l\1\1\1\374\0\0\0\36\3\0\0\235\0\0\0\1\1o\0;\0\0\0/re/frid"..., iov_len=428}], msg_iovlen=1, msg_controllen=0, msg_flags=0}, MSG_NOSIGNAL) = 428
30087 1783914132.002686 recvfrom(100, "nysv\0\0\0\0\0\0\0\0\0\0\0\0\225\301\266\340~\2\0\0#\177\2\0\0\0\0\0", 3200, MSG_DONTWAIT, NULL, NULL) = 32
30087 1783914132.002715 recvfrom(100, 0x7fc3986860, 3200, MSG_DONTWAIT, NULL, NULL) = -1 EAGAIN (Try again)
30197 1783914132.004541 sendmsg(177, {msg_name=NULL, msg_namelen=0, msg_iov=[{iov_base="l\1\1\1\374\0\0\0\37\3\0\0\235\0\0\0\1\1o\0;\0\0\0/re/frid"..., iov_len=428}], msg_iovlen=1, msg_controllen=0, msg_flags=0}, MSG_NOSIGNAL) = 428
30087 1783914132.464680 recvfrom(100, 0x7fc3986420, 3200, MSG_DONTWAIT, NULL, NULL) = -1 EAGAIN (Try again)
30087 1783914132.468697 recvfrom(100, "nysv\0\0\0\0\0\0\0\0\0\0\0\0\257\212\207\374~\2\0\0?\177\2\0\0\0\0\0", 3200, MSG_DONTWAIT, NULL, NULL) = 32
30087 1783914132.468739 recvfrom(100, 0x7fc3986860, 3200, MSG_DONTWAIT, NULL, NULL) = -1 EAGAIN (Try again)
30087 1783914132.468768 recvfrom(121, 0x7d29777820, 2272, MSG_DONTWAIT, NULL, NULL) = -1 EAGAIN (Try again)
30197 1783914132.472445 sendmsg(177, {msg_name=NULL, msg_namelen=0, msg_iov=[{iov_base="l\1\1\1\374\0\0\0 \3\0\0\235\0\0\0\1\1o\0;\0\0\0/re/frid"..., iov_len=428}], msg_iovlen=1, msg_controllen=0, msg_flags=0}, MSG_NOSIGNAL) = 428
30087 1783914132.477367 recvfrom(100, 0x7fc3985d70, 3200, MSG_DONTWAIT, NULL, NULL) = -1 EAGAIN (Try again)
30087 1783914132.488390 recvfrom(100, "nysv\0\0\0\0\0\0\0\0\0\0\0\0\331\332\205\375~\2\0\0@\177\2\0\0\0\0\0", 3200, MSG_DONTWAIT, NULL, NULL) = 32
30087 1783914132.488495 recvfrom(100, 0x7fc3986860, 3200, MSG_DONTWAIT, NULL, NULL) = -1 EAGAIN (Try again)
30087 1783914132.493947 recvfrom(100, 0x7fc3986760, 3200, MSG_DONTWAIT, NULL, NULL) = -1 EAGAIN (Try again)
30197 1783914132.496099 sendmsg(177, {msg_name=NULL, msg_namelen=0, msg_iov=[{iov_base="l\1\1\1\374\0\0\0!\3\0\0\235\0\0\0\1\1o\0;\0\0\0/re/frid"..., iov_len=428}], msg_iovlen=1, msg_controllen=0, msg_flags=0}, MSG_NOSIGNAL) = 428
30087 1783914132.503165 recvfrom(100, "nysv\0\0\0\0\0\0\0\0\0\0\0\0\3624\204\376~\2\0\0A\177\2\0\0\0\0\0", 3200, MSG_DONTWAIT, NULL, NULL) = 32
30087 1783914132.503213 recvfrom(100, 0x7fc3986860, 3200, MSG_DONTWAIT, NULL, NULL) = -1 EAGAIN (Try again)
30197 1783914132.505452 sendmsg(177, {msg_name=NULL, msg_namelen=0, msg_iov=[{iov_base="l\1\1\1\374\0\0\0\"\3\0\0\235\0\0\0\1\1o\0;\0\0\0/re/frid"..., iov_len=428}], msg_iovlen=1, msg_controllen=0, msg_flags=0}, MSG_NOSIGNAL) = 428
30087 1783914132.973741 recvfrom(100, 0x7fc3986420, 3200, MSG_DONTWAIT, NULL, NULL) = -1 EAGAIN (Try again)
30087 1783914132.988545 recvfrom(100, "nysv\0\0\0\0\0\0\0\0\0\0\0\0q\366R\33\177\2\0\0]\177\2\0\0\0\0\0", 3200, MSG_DONTWAIT, NULL, NULL) = 32
30087 1783914132.988581 recvfrom(100, 0x7fc3986860, 3200, MSG_DONTWAIT, NULL, NULL) = -1 EAGAIN (Try again)
30087 1783914132.988609 recvfrom(121, 0x7d29777820, 2272, MSG_DONTWAIT, NULL, NULL) = -1 EAGAIN (Try again)
30197 1783914132.992106 sendmsg(177, {msg_name=NULL, msg_namelen=0, msg_iov=[{iov_base="l\1\1\1\374\0\0\0#\3\0\0\235\0\0\0\1\1o\0;\0\0\0/re/frid"..., iov_len=428}], msg_iovlen=1, msg_controllen=0, msg_flags=0}, MSG_NOSIGNAL) = 428
30087 1783914132.997837 recvfrom(100, 0x7fc3985d70, 3200, MSG_DONTWAIT, NULL, NULL) = -1 EAGAIN (Try again)
30087 1783914133.003770 recvfrom(100, "nysv\0\0\0\0\0\0\0\0\0\0\0\0\233FQ\34\177\2\0\0^\177\2\0\0\0\0\0", 3200, MSG_DONTWAIT, NULL, NULL) = 32
30087 1783914133.003890 recvfrom(100, 0x7fc3986860, 3200, MSG_DONTWAIT, NULL, NULL) = -1 EAGAIN (Try again)
30087 1783914133.009607 recvfrom(100, 0x7fc3986760, 3200, MSG_DONTWAIT, NULL, NULL) = -1 EAGAIN (Try again)
30197 1783914133.011258 sendmsg(177, {msg_name=NULL, msg_namelen=0, msg_iov=[{iov_base="l\1\1\1\374\0\0\0$\3\0\0\235\0\0\0\1\1o\0;\0\0\0/re/frid"..., iov_len=428}], msg_iovlen=1, msg_controllen=0, msg_flags=0}, MSG_NOSIGNAL) = 428
30087 1783914133.020357 recvfrom(100, "nysv\0\0\0\0\0\0\0\0\0\0\0\0\305\226O\35\177\2\0\0_\177\2\0\0\0\0\0", 3200, MSG_DONTWAIT, NULL, NULL) = 32
30087 1783914133.020393 recvfrom(100, 0x7fc3986860, 3200, MSG_DONTWAIT, NULL, NULL) = -1 EAGAIN (Try again)
30197 1783914133.022291 sendmsg(177, {msg_name=NULL, msg_namelen=0, msg_iov=[{iov_base="l\1\1\1\374\0\0\0%\3\0\0\235\0\0\0\1\1o\0;\0\0\0/re/frid"..., iov_len=428}], msg_iovlen=1, msg_controllen=0, msg_flags=0}, MSG_NOSIGNAL) = 428
30087 1783914133.484489 recvfrom(100, 0x7fc3986420, 3200, MSG_DONTWAIT, NULL, NULL) = -1 EAGAIN (Try again)
30087 1783914133.485371 recvfrom(100, "nysv\0\0\0\0\0\0\0\0\0\0\0\0\302\244 9\177\2\0\0z\177\2\0\0\0\0\0", 3200, MSG_DONTWAIT, NULL, NULL) = 32
30087 1783914133.485402 recvfrom(100, 0x7fc3986860, 3200, MSG_DONTWAIT, NULL, NULL) = -1 EAGAIN (Try again)
30087 1783914133.485429 recvfrom(121, 0x7d29777820, 2272, MSG_DONTWAIT, NULL, NULL) = -1 EAGAIN (Try again)
30197 1783914133.489693 sendmsg(177, {msg_name=NULL, msg_namelen=0, msg_iov=[{iov_base="l\1\1\1\374\0\0\0&\3\0\0\235\0\0\0\1\1o\0;\0\0\0/re/frid"..., iov_len=428}], msg_iovlen=1, msg_controllen=0, msg_flags=0}, MSG_NOSIGNAL) = 428
30087 1783914133.494966 recvfrom(100, 0x7fc3985d70, 3200, MSG_DONTWAIT, NULL, NULL) = -1 EAGAIN (Try again)
30087 1783914133.503132 recvfrom(100, "nysv\0\0\0\0\0\0\0\0\0\0\0\0\256\n\37:\177\2\0\0{\177\2\0\0\0\0\0", 3200, MSG_DONTWAIT, NULL, NULL) = 32
30087 1783914133.503226 recvfrom(100, 0x7fc3986860, 3200, MSG_DONTWAIT, NULL, NULL) = -1 EAGAIN (Try again)
30087 1783914133.506366 recvfrom(100, 0x7fc3986760, 3200, MSG_DONTWAIT, NULL, NULL) = -1 EAGAIN (Try again)
30197 1783914133.509968 sendmsg(177, {msg_name=NULL, msg_namelen=0, msg_iov=[{iov_base="l\1\1\1\374\0\0\0'\3\0\0\235\0\0\0\1\1o\0;\0\0\0/re/frid"..., iov_len=428}], msg_iovlen=1, msg_controllen=0, msg_flags=0}, MSG_NOSIGNAL) = 428
30087 1783914133.521264 recvfrom(100, "nysv\0\0\0\0\0\0\0\0\0\0\0\0N\n\35;\177\2\0\0|\177\2\0\0\0\0\0", 3200, MSG_DONTWAIT, NULL, NULL) = 32
30087 1783914133.521292 recvfrom(100, 0x7fc3986860, 3200, MSG_DONTWAIT, NULL, NULL) = -1 EAGAIN (Try again)
30197 1783914133.522291 sendmsg(177, {msg_name=NULL, msg_namelen=0, msg_iov=[{iov_base="l\1\1\1\374\0\0\0(\3\0\0\235\0\0\0\1\1o\0;\0\0\0/re/frid"..., iov_len=428}], msg_iovlen=1, msg_controllen=0, msg_flags=0}, MSG_NOSIGNAL) = 428
30087 1783914133.986393 recvfrom(100, 0x7fc3986420, 3200, MSG_DONTWAIT, NULL, NULL) = -1 EAGAIN (Try again)
30087 1783914134.002011 recvfrom(100, "nysv\0\0\0\0\0\0\0\0\0\0\0\0\377g\354W\177\2\0\0\231\177\2\0\0\0\0\0", 3200, MSG_DONTWAIT, NULL, NULL) = 32
30087 1783914134.002042 recvfrom(100, 0x7fc3986860, 3200, MSG_DONTWAIT, NULL, NULL) = -1 EAGAIN (Try again)
30087 1783914134.002066 recvfrom(121, 0x7d29777820, 2272, MSG_DONTWAIT, NULL, NULL) = -1 EAGAIN (Try again)
30197 1783914134.005531 sendmsg(177, {msg_name=NULL, msg_namelen=0, msg_iov=[{iov_base="l\1\1\1\374\0\0\0)\3\0\0\235\0\0\0\1\1o\0;\0\0\0/re/frid"..., iov_len=428}], msg_iovlen=1, msg_controllen=0, msg_flags=0}, MSG_NOSIGNAL) = 428
30087 1783914134.010716 recvfrom(100, 0x7fc3985d70, 3200, MSG_DONTWAIT, NULL, NULL) = -1 EAGAIN (Try again)
30087 1783914134.022573 recvfrom(100, "nysv\0\0\0\0\0\0\0\0\0\0\0\0\235`\352X\177\2\0\0\232\177\2\0\0\0\0\0", 3200, MSG_DONTWAIT, NULL, NULL) = 32
30087 1783914134.022707 recvfrom(100, 0x7fc3986860, 3200, MSG_DONTWAIT, NULL, NULL) = -1 EAGAIN (Try again)
30087 1783914134.031374 recvfrom(100, 0x7fc3986760, 3200, MSG_DONTWAIT, NULL, NULL) = -1 EAGAIN (Try again)
30197 1783914134.032805 sendmsg(177, {msg_name=NULL, msg_namelen=0, msg_iov=[{iov_base="l\1\1\1\374\0\0\0*\3\0\0\235\0\0\0\1\1o\0;\0\0\0/re/frid"..., iov_len=428}], msg_iovlen=1, msg_controllen=0, msg_flags=0}, MSG_NOSIGNAL) = 428
30087 1783914134.035851 recvfrom(100, "nysv\0\0\0\0\0\0\0\0\0\0\0\0\307\260\350Y\177\2\0\0\233\177\2\0\0\0\0\0", 3200, MSG_DONTWAIT, NULL, NULL) = 32
30087 1783914134.035890 recvfrom(100, 0x7fc3986860, 3200, MSG_DONTWAIT, NULL, NULL) = -1 EAGAIN (Try again)
30197 1783914134.036730 sendmsg(177, {msg_name=NULL, msg_namelen=0, msg_iov=[{iov_base="l\1\1\1\374\0\0\0+\3\0\0\235\0\0\0\1\1o\0;\0\0\0/re/frid"..., iov_len=428}], msg_iovlen=1, msg_controllen=0, msg_flags=0}, MSG_NOSIGNAL) = 428
30087 1783914134.489534 recvfrom(100, 0x7fc3986420, 3200, MSG_DONTWAIT, NULL, NULL) = -1 EAGAIN (Try again)
30087 1783914134.507936 recvfrom(100, "nysv\0\0\0\0\0\0\0\0\0\0\0\0_u\271u\177\2\0\0\267\177\2\0\0\0\0\0", 3200, MSG_DONTWAIT, NULL, NULL) = 32
30087 1783914134.507971 recvfrom(100, 0x7fc3986860, 3200, MSG_DONTWAIT, NULL, NULL) = -1 EAGAIN (Try again)
30087 1783914134.507998 recvfrom(121, 0x7d29777820, 2272, MSG_DONTWAIT, NULL, NULL) = -1 EAGAIN (Try again)
30197 1783914134.511362 sendmsg(177, {msg_name=NULL, msg_namelen=0, msg_iov=[{iov_base="l\1\1\1\374\0\0\0,\3\0\0\235\0\0\0\1\1o\0;\0\0\0/re/frid"..., iov_len=428}], msg_iovlen=1, msg_controllen=0, msg_flags=0}, MSG_NOSIGNAL) = 428
30087 1783914134.517071 recvfrom(100, 0x7fc3985d70, 3200, MSG_DONTWAIT, NULL, NULL) = -1 EAGAIN (Try again)
30087 1783914134.519060 recvfrom(100, "nysv\0\0\0\0\0\0\0\0\0\0\0\0\316\4\270v\177\2\0\0\270\177\2\0\0\0\0\0", 3200, MSG_DONTWAIT, NULL, NULL) = 32
30087 1783914134.519185 recvfrom(100, 0x7fc3986860, 3200, MSG_DONTWAIT, NULL, NULL) = -1 EAGAIN (Try again)
30087 1783914134.522187 recvfrom(100, 0x7fc3986760, 3200, MSG_DONTWAIT, NULL, NULL) = -1 EAGAIN (Try again)
30197 1783914134.525623 sendmsg(177, {msg_name=NULL, msg_namelen=0, msg_iov=[{iov_base="l\1\1\1\374\0\0\0-\3\0\0\235\0\0\0\1\1o\0;\0\0\0/re/frid"..., iov_len=428}], msg_iovlen=1, msg_controllen=0, msg_flags=0}, MSG_NOSIGNAL) = 428
30087 1783914134.537293 recvfrom(100, "nysv\0\0\0\0\0\0\0\0\0\0\0\0\355*\266w\177\2\0\0\271\177\2\0\0\0\0\0", 3200, MSG_DONTWAIT, NULL, NULL) = 32
30087 1783914134.537324 recvfrom(100, 0x7fc3986860, 3200, MSG_DONTWAIT, NULL, NULL) = -1 EAGAIN (Try again)
30197 1783914134.539204 sendmsg(177, {msg_name=NULL, msg_namelen=0, msg_iov=[{iov_base="l\1\1\1\374\0\0\0.\3\0\0\235\0\0\0\1\1o\0;\0\0\0/re/frid"..., iov_len=428}], msg_iovlen=1, msg_controllen=0, msg_flags=0}, MSG_NOSIGNAL) = 428
30087 1783914134.995746 recvfrom(100, 0x7fc3986420, 3200, MSG_DONTWAIT, NULL, NULL) = -1 EAGAIN (Try again)
30087 1783914135.003233 recvfrom(100, "nysv\0\0\0\0\0\0\0\0\0\0\0\0\301\354\206\223\177\2\0\0\325\177\2\0\0\0\0\0", 3200, MSG_DONTWAIT, NULL, NULL) = 32
30087 1783914135.003335 recvfrom(100, 0x7fc3986860, 3200, MSG_DONTWAIT, NULL, NULL) = -1 EAGAIN (Try again)
30087 1783914135.003435 recvfrom(121, 0x7d29777820, 2272, MSG_DONTWAIT, NULL, NULL) = -1 EAGAIN (Try again)
30087 1783914135.010379 recvfrom(100, 0x7fc3985d70, 3200, MSG_DONTWAIT, NULL, NULL) = -1 EAGAIN (Try again)
30197 1783914135.012017 sendmsg(177, {msg_name=NULL, msg_namelen=0, msg_iov=[{iov_base="l\1\1\1\374\0\0\0/\3\0\0\235\0\0\0\1\1o\0;\0\0\0/re/frid"..., iov_len=428}], msg_iovlen=1, msg_controllen=0, msg_flags=0}, MSG_NOSIGNAL) = 428
30087 1783914135.020174 recvfrom(100, "nysv\0\0\0\0\0\0\0\0\0\0\0\0\21\215\205\224\177\2\0\0\326\177\2\0\0\0\0\0", 3200, MSG_DONTWAIT, NULL, NULL) = 32
30087 1783914135.020230 recvfrom(100, 0x7fc3986860, 3200, MSG_DONTWAIT, NULL, NULL) = -1 EAGAIN (Try again)
30087 1783914135.022390 recvfrom(100, 0x7fc3986760, 3200, MSG_DONTWAIT, NULL, NULL) = -1 EAGAIN (Try again)
30197 1783914135.024166 sendmsg(177, {msg_name=NULL, msg_namelen=0, msg_iov=[{iov_base="l\1\1\1\374\0\0\0000\3\0\0\235\0\0\0\1\1o\0;\0\0\0/re/frid"..., iov_len=428}], msg_iovlen=1, msg_controllen=0, msg_flags=0}, MSG_NOSIGNAL) = 428
30087 1783914135.040527 recvfrom(100, "nysv\0\0\0\0\0\0\0\0\0\0\0\0\237z\203\225\177\2\0\0\327\177\2\0\0\0\0\0", 3200, MSG_DONTWAIT, NULL, NULL) = 32
30087 1783914135.040556 recvfrom(100, 0x7fc3986860, 3200, MSG_DONTWAIT, NULL, NULL) = -1 EAGAIN (Try again)
30197 1783914135.044891 sendmsg(177, {msg_name=NULL, msg_namelen=0, msg_iov=[{iov_base="l\1\1\1\374\0\0\0001\3\0\0\235\0\0\0\1\1o\0;\0\0\0/re/frid"..., iov_len=428}], msg_iovlen=1, msg_controllen=0, msg_flags=0}, MSG_NOSIGNAL) = 428
30087 1783914135.501689 recvfrom(100, 0x7fc3986420, 3200, MSG_DONTWAIT, NULL, NULL) = -1 EAGAIN (Try again)
30087 1783914135.521753 recvfrom(100, "nysv\0\0\0\0\0\0\0\0\0\0\0\0a\217R\262\177\2\0\0\364\177\2\0\0\0\0\0", 3200, MSG_DONTWAIT, NULL, NULL) = 32
30087 1783914135.521870 recvfrom(100, 0x7fc3986860, 3200, MSG_DONTWAIT, NULL, NULL) = -1 EAGAIN (Try again)
30087 1783914135.521979 recvfrom(121, 0x7d29777820, 2272, MSG_DONTWAIT, NULL, NULL) = -1 EAGAIN (Try again)
30197 1783914135.531653 sendmsg(177, {msg_name=NULL, msg_namelen=0, msg_iov=[{iov_base="l\1\1\1\374\0\0\0002\3\0\0\235\0\0\0\1\1o\0;\0\0\0/re/frid"..., iov_len=428}], msg_iovlen=1, msg_controllen=0, msg_flags=0}, MSG_NOSIGNAL) = 428
30087 1783914135.540098 recvfrom(100, 0x7fc3985d70, 3200, MSG_DONTWAIT, NULL, NULL) = -1 EAGAIN (Try again)
30087 1783914135.554817 recvfrom(100, "nysv\0\0\0\0\0\0\0\0\0\0\0\0\265/O\264\177\2\0\0\366\177\2\0\0\0\0\0", 3200, MSG_DONTWAIT, NULL, NULL) = 32
30087 1783914135.554987 recvfrom(100, 0x7fc3986860, 3200, MSG_DONTWAIT, NULL, NULL) = -1 EAGAIN (Try again)
30087 1783914135.564831 recvfrom(100, 0x7fc3986760, 3200, MSG_DONTWAIT, NULL, NULL) = -1 EAGAIN (Try again)
30197 1783914135.567347 sendmsg(177, {msg_name=NULL, msg_namelen=0, msg_iov=[{iov_base="l\1\1\1\374\0\0\0003\3\0\0\235\0\0\0\1\1o\0;\0\0\0/re/frid"..., iov_len=428}], msg_iovlen=1, msg_controllen=0, msg_flags=0}, MSG_NOSIGNAL) = 428
30087 1783914135.568648 recvfrom(100, "nysv\0\0\0\0\0\0\0\0\0\0\0\0Y\321M\265\177\2\0\0\367\177\2\0\0\0\0\0", 3200, MSG_DONTWAIT, NULL, NULL) = 32
30087 1783914135.568679 recvfrom(100, 0x7fc3986860, 3200, MSG_DONTWAIT, NULL, NULL) = -1 EAGAIN (Try again)
30197 1783914135.570584 sendmsg(177, {msg_name=NULL, msg_namelen=0, msg_iov=[{iov_base="l\1\1\1\374\0\0\0004\3\0\0\235\0\0\0\1\1o\0;\0\0\0/re/frid"..., iov_len=428}], msg_iovlen=1, msg_controllen=0, msg_flags=0}, MSG_NOSIGNAL) = 428
30087 1783914136.010824 recvfrom(100, 0x7fc3986420, 3200, MSG_DONTWAIT, NULL, NULL) = -1 EAGAIN (Try again)
30087 1783914136.022612 recvfrom(100, "nysv\0\0\0\0\0\0\0\0\0\0\0\0M\364\37\320\177\2\0\0\22\200\2\0\0\0\0\0", 3200, MSG_DONTWAIT, NULL, NULL) = 32
30087 1783914136.022741 recvfrom(100, 0x7fc3986860, 3200, MSG_DONTWAIT, NULL, NULL) = -1 EAGAIN (Try again)
30087 1783914136.022871 recvfrom(121, 0x7d29777820, 2272, MSG_DONTWAIT, NULL, NULL) = -1 EAGAIN (Try again)
30197 1783914136.032002 sendmsg(177, {msg_name=NULL, msg_namelen=0, msg_iov=[{iov_base="l\1\1\1\374\0\0\0005\3\0\0\235\0\0\0\1\1o\0;\0\0\0/re/frid"..., iov_len=428}], msg_iovlen=1, msg_controllen=0, msg_flags=0}, MSG_NOSIGNAL) = 428
30087 1783914136.041130 recvfrom(100, 0x7fc3985d70, 3200, MSG_DONTWAIT, NULL, NULL) = -1 EAGAIN (Try again)
30087 1783914136.055458 recvfrom(100, "nysv\0\0\0\0\0\0\0\0\0\0\0\0\241\224\34\322\177\2\0\0\24\200\2\0\0\0\0\0", 3200, MSG_DONTWAIT, NULL, NULL) = 32
30087 1783914136.055501 recvfrom(100, 0x7fc3986860, 3200, MSG_DONTWAIT, NULL, NULL) = -1 EAGAIN (Try again)
30087 1783914136.063295 recvfrom(100, 0x7fc3986760, 3200, MSG_DONTWAIT, NULL, NULL) = -1 EAGAIN (Try again)
30197 1783914136.067410 sendmsg(177, {msg_name=NULL, msg_namelen=0, msg_iov=[{iov_base="l\1\1\1\374\0\0\0006\3\0\0\235\0\0\0\1\1o\0;\0\0\0/re/frid"..., iov_len=428}], msg_iovlen=1, msg_controllen=0, msg_flags=0}, MSG_NOSIGNAL) = 428
30087 1783914136.068758 recvfrom(100, "nysv\0\0\0\0\0\0\0\0\0\0\0\0\v6\33\323\177\2\0\0\25\200\2\0\0\0\0\0", 3200, MSG_DONTWAIT, NULL, NULL) = 32
30087 1783914136.068790 recvfrom(100, 0x7fc3986860, 3200, MSG_DONTWAIT, NULL, NULL) = -1 EAGAIN (Try again)
30197 1783914136.070295 sendmsg(177, {msg_name=NULL, msg_namelen=0, msg_iov=[{iov_base="l\1\1\1\374\0\0\0007\3\0\0\235\0\0\0\1\1o\0;\0\0\0/re/frid"..., iov_len=428}], msg_iovlen=1, msg_controllen=0, msg_flags=0}, MSG_NOSIGNAL) = 428
30087 1783914136.512024 recvfrom(100, 0x7fc3986420, 3200, MSG_DONTWAIT, NULL, NULL) = -1 EAGAIN (Try again)
30087 1783914136.522782 recvfrom(100, "nysv\0\0\0\0\0\0\0\0\0\0\0\09Y\355\355\177\2\0\0000\200\2\0\0\0\0\0", 3200, MSG_DONTWAIT, NULL, NULL) = 32
30087 1783914136.522819 recvfrom(100, 0x7fc3986860, 3200, MSG_DONTWAIT, NULL, NULL) = -1 EAGAIN (Try again)
30087 1783914136.522857 recvfrom(121, 0x7d29777820, 2272, MSG_DONTWAIT, NULL, NULL) = -1 EAGAIN (Try again)
30087 1783914136.527819 recvfrom(100, 0x7fc3985d70, 3200, MSG_DONTWAIT, NULL, NULL) = -1 EAGAIN (Try again)
30197 1783914136.529219 sendmsg(177, {msg_name=NULL, msg_namelen=0, msg_iov=[{iov_base="l\1\1\1\374\0\0\08\3\0\0\235\0\0\0\1\1o\0;\0\0\0/re/frid"..., iov_len=428}], msg_iovlen=1, msg_controllen=0, msg_flags=0}, MSG_NOSIGNAL) = 428
30087 1783914136.537452 recvfrom(100, "nysv\0\0\0\0\0\0\0\0\0\0\0\0c\251\353\356\177\2\0\0001\200\2\0\0\0\0\0", 3200, MSG_DONTWAIT, NULL, NULL) = 32
30087 1783914136.537501 recvfrom(100, 0x7fc3986860, 3200, MSG_DONTWAIT, NULL, NULL) = -1 EAGAIN (Try again)
30087 1783914136.539455 recvfrom(100, 0x7fc3986760, 3200, MSG_DONTWAIT, NULL, NULL) = -1 EAGAIN (Try again)
30197 1783914136.540894 sendmsg(177, {msg_name=NULL, msg_namelen=0, msg_iov=[{iov_base="l\1\1\1\374\0\0\09\3\0\0\235\0\0\0\1\1o\0;\0\0\0/re/frid"..., iov_len=428}], msg_iovlen=1, msg_controllen=0, msg_flags=0}, MSG_NOSIGNAL) = 428
30087 1783914136.557119 recvfrom(100, "nysv\0\0\0\0\0\0\0\0\0\0\0\0\215\371\351\357\177\2\0\0002\200\2\0\0\0\0\0", 3200, MSG_DONTWAIT, NULL, NULL) = 32
30087 1783914136.557152 recvfrom(100, 0x7fc3986860, 3200, MSG_DONTWAIT, NULL, NULL) = -1 EAGAIN (Try again)
30197 1783914136.560394 sendmsg(177, {msg_name=NULL, msg_namelen=0, msg_iov=[{iov_base="l\1\1\1\374\0\0\0:\3\0\0\235\0\0\0\1\1o\0;\0\0\0/re/frid"..., iov_len=428}], msg_iovlen=1, msg_controllen=0, msg_flags=0}, MSG_NOSIGNAL) = 428
30087 1783914137.013384 recvfrom(100, 0x7fc3986420, 3200, MSG_DONTWAIT, NULL, NULL) = -1 EAGAIN (Try again)
30087 1783914137.019027 recvfrom(100, "nysv\0\0\0\0\0\0\0\0\0\0\0\0!\0\273\v\200\2\0\0N\200\2\0\0\0\0\0", 3200, MSG_DONTWAIT, NULL, NULL) = 32
30087 1783914137.019125 recvfrom(100, 0x7fc3986860, 3200, MSG_DONTWAIT, NULL, NULL) = -1 EAGAIN (Try again)
30087 1783914137.019223 recvfrom(121, 0x7d29777820, 2272, MSG_DONTWAIT, NULL, NULL) = -1 EAGAIN (Try again)
30197 1783914137.027073 sendmsg(177, {msg_name=NULL, msg_namelen=0, msg_iov=[{iov_base="l\1\1\1\374\0\0\0;\3\0\0\235\0\0\0\1\1o\0;\0\0\0/re/frid"..., iov_len=428}], msg_iovlen=1, msg_controllen=0, msg_flags=0}, MSG_NOSIGNAL) = 428
30087 1783914137.037009 recvfrom(100, 0x7fc3985d70, 3200, MSG_DONTWAIT, NULL, NULL) = -1 EAGAIN (Try again)
30087 1783914137.059499 recvfrom(100, "nysv\0\0\0\0\0\0\0\0\0\0\0\0y^\267\r\200\2\0\0P\200\2\0\0\0\0\0", 3200, MSG_DONTWAIT, NULL, NULL) = 32
30087 1783914137.059535 recvfrom(100, 0x7fc3986860, 3200, MSG_DONTWAIT, NULL, NULL) = -1 EAGAIN (Try again)
30087 1783914137.069986 recvfrom(100, 0x7fc3986760, 3200, MSG_DONTWAIT, NULL, NULL) = -1 EAGAIN (Try again)
30197 1783914137.072145 sendmsg(177, {msg_name=NULL, msg_namelen=0, msg_iov=[{iov_base="l\1\1\1\374\0\0\0<\3\0\0\235\0\0\0\1\1o\0;\0\0\0/re/frid"..., iov_len=428}], msg_iovlen=1, msg_controllen=0, msg_flags=0}, MSG_NOSIGNAL) = 428
30087 1783914137.086109 recvfrom(100, "nysv\0\0\0\0\0\0\0\0\0\0\0\0\30q\264\17\200\2\0\0Q\200\2\0\0\0\0\0", 3200, MSG_DONTWAIT, NULL, NULL) = 32
30087 1783914137.086145 recvfrom(100, 0x7fc3986860, 3200, MSG_DONTWAIT, NULL, NULL) = -1 EAGAIN (Try again)
30197 1783914137.087903 sendmsg(177, {msg_name=NULL, msg_namelen=0, msg_iov=[{iov_base="l\1\1\1\374\0\0\0=\3\0\0\235\0\0\0\1\1o\0;\0\0\0/re/frid"..., iov_len=428}], msg_iovlen=1, msg_controllen=0, msg_flags=0}, MSG_NOSIGNAL) = 428
30087 1783914137.521130 recvfrom(100, 0x7fc3986420, 3200, MSG_DONTWAIT, NULL, NULL) = -1 EAGAIN (Try again)
30087 1783914137.537564 recvfrom(100, "nysv\0\0\0\0\0\0\0\0\0\0\0\0;s\206*\200\2\0\0l\200\2\0\0\0\0\0", 3200, MSG_DONTWAIT, NULL, NULL) = 32
30087 1783914137.537679 recvfrom(100, 0x7fc3986860, 3200, MSG_DONTWAIT, NULL, NULL) = -1 EAGAIN (Try again)
30087 1783914137.537796 recvfrom(121, 0x7d29777820, 2272, MSG_DONTWAIT, NULL, NULL) = -1 EAGAIN (Try again)
30087 1783914137.545008 recvfrom(100, 0x7fc3985d70, 3200, MSG_DONTWAIT, NULL, NULL) = -1 EAGAIN (Try again)
30197 1783914137.546649 sendmsg(177, {msg_name=NULL, msg_namelen=0, msg_iov=[{iov_base="l\1\1\1\374\0\0\0>\3\0\0\235\0\0\0\1\1o\0;\0\0\0/re/frid"..., iov_len=428}], msg_iovlen=1, msg_controllen=0, msg_flags=0}, MSG_NOSIGNAL) = 428
30087 1783914137.553958 recvfrom(100, "nysv\0\0\0\0\0\0\0\0\0\0\0\0\243\364\204+\200\2\0\0m\200\2\0\0\0\0\0", 3200, MSG_DONTWAIT, NULL, NULL) = 32
30087 1783914137.554006 recvfrom(100, 0x7fc3986860, 3200, MSG_DONTWAIT, NULL, NULL) = -1 EAGAIN (Try again)
30087 1783914137.555361 recvfrom(100, 0x7fc3986760, 3200, MSG_DONTWAIT, NULL, NULL) = -1 EAGAIN (Try again)
30197 1783914137.556943 sendmsg(177, {msg_name=NULL, msg_namelen=0, msg_iov=[{iov_base="l\1\1\1\374\0\0\0?\3\0\0\235\0\0\0\1\1o\0;\0\0\0/re/frid"..., iov_len=428}], msg_iovlen=1, msg_controllen=0, msg_flags=0}, MSG_NOSIGNAL) = 428
30087 1783914137.573929 recvfrom(100, "nysv\0\0\0\0\0\0\0\0\0\0\0\0\217\23\203,\200\2\0\0n\200\2\0\0\0\0\0", 3200, MSG_DONTWAIT, NULL, NULL) = 32
30087 1783914137.574369 recvfrom(100, 0x7fc3986860, 3200, MSG_DONTWAIT, NULL, NULL) = -1 EAGAIN (Try again)
30197 1783914137.584269 sendmsg(177, {msg_name=NULL, msg_namelen=0, msg_iov=[{iov_base="l\1\1\1\374\0\0\0@\3\0\0\235\0\0\0\1\1o\0;\0\0\0/re/frid"..., iov_len=428}], msg_iovlen=1, msg_controllen=0, msg_flags=0}, MSG_NOSIGNAL) = 428
30087 1783914138.031217 recvfrom(100, 0x7fc3986420, 3200, MSG_DONTWAIT, NULL, NULL) = -1 EAGAIN (Try again)
30087 1783914138.036148 recvfrom(100, "nysv\0\0\0\0\0\0\0\0\0\0\0\0\303\370SH\200\2\0\0\212\200\2\0\0\0\0\0", 3200, MSG_DONTWAIT, NULL, NULL) = 32
30087 1783914138.036193 recvfrom(100, 0x7fc3986860, 3200, MSG_DONTWAIT, NULL, NULL) = -1 EAGAIN (Try again)
30087 1783914138.036235 recvfrom(121, 0x7d29777820, 2272, MSG_DONTWAIT, NULL, NULL) = -1 EAGAIN (Try again)
30087 1783914138.041250 recvfrom(100, 0x7fc3985d70, 3200, MSG_DONTWAIT, NULL, NULL) = -1 EAGAIN (Try again)
30197 1783914138.042302 sendmsg(177, {msg_name=NULL, msg_namelen=0, msg_iov=[{iov_base="l\1\1\1\374\0\0\0A\3\0\0\235\0\0\0\1\1o\0;\0\0\0/re/frid"..., iov_len=428}], msg_iovlen=1, msg_controllen=0, msg_flags=0}, MSG_NOSIGNAL) = 428
30087 1783914138.053893 recvfrom(100, "nysv\0\0\0\0\0\0\0\0\0\0\0\0{7RI\200\2\0\0\213\200\2\0\0\0\0\0", 3200, MSG_DONTWAIT, NULL, NULL) = 32
30087 1783914138.054031 recvfrom(100, 0x7fc3986860, 3200, MSG_DONTWAIT, NULL, NULL) = -1 EAGAIN (Try again)
30087 1783914138.062929 recvfrom(100, 0x7fc3986760, 3200, MSG_DONTWAIT, NULL, NULL) = -1 EAGAIN (Try again)
30197 1783914138.064425 sendmsg(177, {msg_name=NULL, msg_namelen=0, msg_iov=[{iov_base="l\1\1\1\374\0\0\0B\3\0\0\235\0\0\0\1\1o\0;\0\0\0/re/frid"..., iov_len=428}], msg_iovlen=1, msg_controllen=0, msg_flags=0}, MSG_NOSIGNAL) = 428
30087 1783914138.069287 recvfrom(100, "nysv\0\0\0\0\0\0\0\0\0\0\0\0T\264PJ\200\2\0\0\214\200\2\0\0\0\0\0", 3200, MSG_DONTWAIT, NULL, NULL) = 32
30087 1783914138.069323 recvfrom(100, 0x7fc3986860, 3200, MSG_DONTWAIT, NULL, NULL) = -1 EAGAIN (Try again)
30197 1783914138.070686 sendmsg(177, {msg_name=NULL, msg_namelen=0, msg_iov=[{iov_base="l\1\1\1\374\0\0\0C\3\0\0\235\0\0\0\1\1o\0;\0\0\0/re/frid"..., iov_len=428}], msg_iovlen=1, msg_controllen=0, msg_flags=0}, MSG_NOSIGNAL) = 428
30087 1783914138.531891 recvfrom(100, 0x7fc3986420, 3200, MSG_DONTWAIT, NULL, NULL) = -1 EAGAIN (Try again)
30087 1783914138.537276 recvfrom(100, "nysv\0\0\0\0\0\0\0\0\0\0\0\0=q!f\200\2\0\0\250\200\2\0\0\0\0\0", 3200, MSG_DONTWAIT, NULL, NULL) = 32
30087 1783914138.537399 recvfrom(100, 0x7fc3986860, 3200, MSG_DONTWAIT, NULL, NULL) = -1 EAGAIN (Try again)
30087 1783914138.537523 recvfrom(121, 0x7d29777820, 2272, MSG_DONTWAIT, NULL, NULL) = -1 EAGAIN (Try again)
30197 1783914138.545439 sendmsg(177, {msg_name=NULL, msg_namelen=0, msg_iov=[{iov_base="l\1\1\1\374\0\0\0D\3\0\0\235\0\0\0\1\1o\0;\0\0\0/re/frid"..., iov_len=428}], msg_iovlen=1, msg_controllen=0, msg_flags=0}, MSG_NOSIGNAL) = 428
30087 1783914138.554349 recvfrom(100, 0x7fc3985d70, 3200, MSG_DONTWAIT, NULL, NULL) = -1 EAGAIN (Try again)
30087 1783914138.569145 recvfrom(100, "nysv\0\0\0\0\0\0\0\0\0\0\0\0\320'\36h\200\2\0\0\252\200\2\0\0\0\0\0", 3200, MSG_DONTWAIT, NULL, NULL) = 32
30087 1783914138.569233 recvfrom(100, 0x7fc3986860, 3200, MSG_DONTWAIT, NULL, NULL) = -1 EAGAIN (Try again)
30087 1783914138.579445 recvfrom(100, 0x7fc3986760, 3200, MSG_DONTWAIT, NULL, NULL) = -1 EAGAIN (Try again)
30197 1783914138.581854 sendmsg(177, {msg_name=NULL, msg_namelen=0, msg_iov=[{iov_base="l\1\1\1\374\0\0\0E\3\0\0\235\0\0\0\1\1o\0;\0\0\0/re/frid"..., iov_len=428}], msg_iovlen=1, msg_controllen=0, msg_flags=0}, MSG_NOSIGNAL) = 428
30087 1783914138.585535 recvfrom(100, "nysv\0\0\0\0\0\0\0\0\0\0\0\0,\272\34i\200\2\0\0\253\200\2\0\0\0\0\0", 3200, MSG_DONTWAIT, NULL, NULL) = 32
30087 1783914138.585563 recvfrom(100, 0x7fc3986860, 3200, MSG_DONTWAIT, NULL, NULL) = -1 EAGAIN (Try again)
30197 1783914138.587111 sendmsg(177, {msg_name=NULL, msg_namelen=0, msg_iov=[{iov_base="l\1\1\1\374\0\0\0F\3\0\0\235\0\0\0\1\1o\0;\0\0\0/re/frid"..., iov_len=428}], msg_iovlen=1, msg_controllen=0, msg_flags=0}, MSG_NOSIGNAL) = 428
30087 1783914139.035730 recvfrom(100, 0x7fc3986420, 3200, MSG_DONTWAIT, NULL, NULL) = -1 EAGAIN (Try again)
30087 1783914139.059848 recvfrom(100, "nysv\0\0\0\0\0\0\0\0\0\0\0\0)\362\354\204\200\2\0\0\307\200\2\0\0\0\0\0", 3200, MSG_DONTWAIT, NULL, NULL) = 32
30087 1783914139.059889 recvfrom(100, 0x7fc3986860, 3200, MSG_DONTWAIT, NULL, NULL) = -1 EAGAIN (Try again)
30087 1783914139.059929 recvfrom(121, 0x7d29777820, 2272, MSG_DONTWAIT, NULL, NULL) = -1 EAGAIN (Try again)
30087 1783914139.064462 recvfrom(100, 0x7fc3985d70, 3200, MSG_DONTWAIT, NULL, NULL) = -1 EAGAIN (Try again)
30197 1783914139.065054 sendmsg(177, {msg_name=NULL, msg_namelen=0, msg_iov=[{iov_base="l\1\1\1\374\0\0\0G\3\0\0\235\0\0\0\1\1o\0;\0\0\0/re/frid"..., iov_len=428}], msg_iovlen=1, msg_controllen=0, msg_flags=0}, MSG_NOSIGNAL) = 428
30087 1783914139.089426 recvfrom(100, "nysv\0\0\0\0\0\0\0\0\0\0\0\0}\222\351\206\200\2\0\0\310\200\2\0\0\0\0\0", 3200, MSG_DONTWAIT, NULL, NULL) = 32
30087 1783914139.089469 recvfrom(100, 0x7fc3986860, 3200, MSG_DONTWAIT, NULL, NULL) = -1 EAGAIN (Try again)
30087 1783914139.097149 recvfrom(100, 0x7fc3986760, 3200, MSG_DONTWAIT, NULL, NULL) = -1 EAGAIN (Try again)
30197 1783914139.098655 sendmsg(177, {msg_name=NULL, msg_namelen=0, msg_iov=[{iov_base="l\1\1\1\374\0\0\0H\3\0\0\235\0\0\0\1\1o\0;\0\0\0/re/frid"..., iov_len=428}], msg_iovlen=1, msg_controllen=0, msg_flags=0}, MSG_NOSIGNAL) = 428
30087 1783914139.103090 recvfrom(100, "nysv\0\0\0\0\0\0\0\0\0\0\0\0\300\357\347\207\200\2\0\0\311\200\2\0\0\0\0\0", 3200, MSG_DONTWAIT, NULL, NULL) = 32
30087 1783914139.103123 recvfrom(100, 0x7fc3986860, 3200, MSG_DONTWAIT, NULL, NULL) = -1 EAGAIN (Try again)
30197 1783914139.104311 sendmsg(177, {msg_name=NULL, msg_namelen=0, msg_iov=[{iov_base="l\1\1\1\374\0\0\0I\3\0\0\235\0\0\0\1\1o\0;\0\0\0/re/frid"..., iov_len=428}], msg_iovlen=1, msg_controllen=0, msg_flags=0}, MSG_NOSIGNAL) = 428
30087 1783914139.537056 recvfrom(100, 0x7fc3986420, 3200, MSG_DONTWAIT, NULL, NULL) = -1 EAGAIN (Try again)
30087 1783914139.538121 recvfrom(100, "nysv\0\0\0\0\0\0\0\0\0\0\0\0\353\6\274\241\200\2\0\0\343\200\2\0\0\0\0\0", 3200, MSG_DONTWAIT, NULL, NULL) = 32
30087 1783914139.538232 recvfrom(100, 0x7fc3986860, 3200, MSG_DONTWAIT, NULL, NULL) = -1 EAGAIN (Try again)
30087 1783914139.538340 recvfrom(121, 0x7d29777820, 2272, MSG_DONTWAIT, NULL, NULL) = -1 EAGAIN (Try again)
30197 1783914139.555250 sendmsg(177, {msg_name=NULL, msg_namelen=0, msg_iov=[{iov_base="l\1\1\1\374\0\0\0J\3\0\0\235\0\0\0\1\1o\0;\0\0\0/re/frid"..., iov_len=428}], msg_iovlen=1, msg_controllen=0, msg_flags=0}, MSG_NOSIGNAL) = 428
30087 1783914139.556985 recvfrom(100, 0x7fc3985d70, 3200, MSG_DONTWAIT, NULL, NULL) = -1 EAGAIN (Try again)
30087 1783914139.570921 recvfrom(100, "nysv\0\0\0\0\0\0\0\0\0\0\0\0?\247\270\243\200\2\0\0\345\200\2\0\0\0\0\0", 3200, MSG_DONTWAIT, NULL, NULL) = 32
30087 1783914139.571136 recvfrom(100, 0x7fc3986860, 3200, MSG_DONTWAIT, NULL, NULL) = -1 EAGAIN (Try again)
30087 1783914139.579836 recvfrom(100, 0x7fc3986760, 3200, MSG_DONTWAIT, NULL, NULL) = -1 EAGAIN (Try again)
30197 1783914139.581657 sendmsg(177, {msg_name=NULL, msg_namelen=0, msg_iov=[{iov_base="l\1\1\1\374\0\0\0K\3\0\0\235\0\0\0\1\1o\0;\0\0\0/re/frid"..., iov_len=428}], msg_iovlen=1, msg_controllen=0, msg_flags=0}, MSG_NOSIGNAL) = 428
30087 1783914139.585606 recvfrom(100, "nysv\0\0\0\0\0\0\0\0\0\0\0\0a9\267\244\200\2\0\0\346\200\2\0\0\0\0\0", 3200, MSG_DONTWAIT, NULL, NULL) = 32
30087 1783914139.585638 recvfrom(100, 0x7fc3986860, 3200, MSG_DONTWAIT, NULL, NULL) = -1 EAGAIN (Try again)
30197 1783914139.586731 sendmsg(177, {msg_name=NULL, msg_namelen=0, msg_iov=[{iov_base="l\1\1\1\374\0\0\0L\3\0\0\235\0\0\0\1\1o\0;\0\0\0/re/frid"..., iov_len=428}], msg_iovlen=1, msg_controllen=0, msg_flags=0}, MSG_NOSIGNAL) = 428
30087 1783914140.037810 recvfrom(100, 0x7fc3986420, 3200, MSG_DONTWAIT, NULL, NULL) = -1 EAGAIN (Try again)
30087 1783914140.057059 recvfrom(100, "nysv\0\0\0\0\0\0\0\0\0\0\0\0\1\274\207\300\200\2\0\0\1\201\2\0\0\0\0\0", 3200, MSG_DONTWAIT, NULL, NULL) = 32
30087 1783914140.057177 recvfrom(100, 0x7fc3986860, 3200, MSG_DONTWAIT, NULL, NULL) = -1 EAGAIN (Try again)
30087 1783914140.057304 recvfrom(121, 0x7d29777820, 2272, MSG_DONTWAIT, NULL, NULL) = -1 EAGAIN (Try again)
30197 1783914140.065549 sendmsg(177, {msg_name=NULL, msg_namelen=0, msg_iov=[{iov_base="l\1\1\1\374\0\0\0M\3\0\0\235\0\0\0\1\1o\0;\0\0\0/re/frid"..., iov_len=428}], msg_iovlen=1, msg_controllen=0, msg_flags=0}, MSG_NOSIGNAL) = 428
30087 1783914140.074609 recvfrom(100, 0x7fc3985d70, 3200, MSG_DONTWAIT, NULL, NULL) = -1 EAGAIN (Try again)
30087 1783914140.090018 recvfrom(100, "nysv\0\0\0\0\0\0\0\0\0\0\0\0U\\\204\302\200\2\0\0\3\201\2\0\0\0\0\0", 3200, MSG_DONTWAIT, NULL, NULL) = 32
30087 1783914140.090059 recvfrom(100, 0x7fc3986860, 3200, MSG_DONTWAIT, NULL, NULL) = -1 EAGAIN (Try again)
30087 1783914140.100459 recvfrom(100, 0x7fc3986760, 3200, MSG_DONTWAIT, NULL, NULL) = -1 EAGAIN (Try again)
30197 1783914140.102647 sendmsg(177, {msg_name=NULL, msg_namelen=0, msg_iov=[{iov_base="l\1\1\1\374\0\0\0N\3\0\0\235\0\0\0\1\1o\0;\0\0\0/re/frid"..., iov_len=428}], msg_iovlen=1, msg_controllen=0, msg_flags=0}, MSG_NOSIGNAL <unfinished ...>
30087 1783914140.102706 recvfrom(100, "nysv\0\0\0\0\0\0\0\0\0\0\0\0B\343\202\303\200\2\0\0\4\201\2\0\0\0\0\0", 3200, MSG_DONTWAIT, NULL, NULL) = 32
30087 1783914140.102737 recvfrom(100, 0x7fc3986860, 3200, MSG_DONTWAIT, NULL, NULL) = -1 EAGAIN (Try again)
30197 1783914140.102796 <... sendmsg resumed> ) = 428
30197 1783914140.104630 sendmsg(177, {msg_name=NULL, msg_namelen=0, msg_iov=[{iov_base="l\1\1\1\374\0\0\0O\3\0\0\235\0\0\0\1\1o\0;\0\0\0/re/frid"..., iov_len=428}], msg_iovlen=1, msg_controllen=0, msg_flags=0}, MSG_NOSIGNAL) = 428
30087 1783914140.541403 recvfrom(100, 0x7fc3986420, 3200, MSG_DONTWAIT, NULL, NULL) = -1 EAGAIN (Try again)
30087 1783914140.553610 recvfrom(100, "nysv\0\0\0\0\0\0\0\0\0\0\0\0\350$U\336\200\2\0\0\36\201\2\0\0\0\0\0", 3200, MSG_DONTWAIT, NULL, NULL) = 32
30087 1783914140.553723 recvfrom(100, 0x7fc3986860, 3200, MSG_DONTWAIT, NULL, NULL) = -1 EAGAIN (Try again)
30087 1783914140.553829 recvfrom(121, 0x7d29777820, 2272, MSG_DONTWAIT, NULL, NULL) = -1 EAGAIN (Try again)
30197 1783914140.563329 sendmsg(177, {msg_name=NULL, msg_namelen=0, msg_iov=[{iov_base="l\1\1\1\374\0\0\0P\3\0\0\235\0\0\0\1\1o\0;\0\0\0/re/frid"..., iov_len=428}], msg_iovlen=1, msg_controllen=0, msg_flags=0}, MSG_NOSIGNAL) = 428
30087 1783914140.570301 recvfrom(100, 0x7fc3985d70, 3200, MSG_DONTWAIT, NULL, NULL) = -1 EAGAIN (Try again)
30087 1783914140.586136 recvfrom(100, "nysv\0\0\0\0\0\0\0\0\0\0\0\0\300\354Q\340\200\2\0\0 \201\2\0\0\0\0\0", 3200, MSG_DONTWAIT, NULL, NULL) = 32
30087 1783914140.586168 recvfrom(100, 0x7fc3986860, 3200, MSG_DONTWAIT, NULL, NULL) = -1 EAGAIN (Try again)
30087 1783914140.597427 recvfrom(100, 0x7fc3986760, 3200, MSG_DONTWAIT, NULL, NULL) = -1 EAGAIN (Try again)
30197 1783914140.599301 sendmsg(177, {msg_name=NULL, msg_namelen=0, msg_iov=[{iov_base="l\1\1\1\374\0\0\0Q\3\0\0\235\0\0\0\1\1o\0;\0\0\0/re/frid"..., iov_len=428}], msg_iovlen=1, msg_controllen=0, msg_flags=0}, MSG_NOSIGNAL) = 428
30087 1783914140.602717 recvfrom(100, "nysv\0\0\0\0\0\0\0\0\0\0\0\0\341aP\341\200\2\0\0!\201\2\0\0\0\0\0", 3200, MSG_DONTWAIT, NULL, NULL) = 32
30087 1783914140.602752 recvfrom(100, 0x7fc3986860, 3200, MSG_DONTWAIT, NULL, NULL) = -1 EAGAIN (Try again)
30197 1783914140.604263 sendmsg(177, {msg_name=NULL, msg_namelen=0, msg_iov=[{iov_base="l\1\1\1\374\0\0\0R\3\0\0\235\0\0\0\1\1o\0;\0\0\0/re/frid"..., iov_len=428}], msg_iovlen=1, msg_controllen=0, msg_flags=0}, MSG_NOSIGNAL) = 428
30087 1783914141.050965 recvfrom(100, 0x7fc3986420, 3200, MSG_DONTWAIT, NULL, NULL) = -1 EAGAIN (Try again)
30087 1783914141.053500 recvfrom(100, "nysv\0\0\0\0\0\0\0\0\0\0\0\0\205\236\"\374\200\2\0\0;\201\2\0\0\0\0\0", 3200, MSG_DONTWAIT, NULL, NULL) = 32
30087 1783914141.053606 recvfrom(100, 0x7fc3986860, 3200, MSG_DONTWAIT, NULL, NULL) = -1 EAGAIN (Try again)
30087 1783914141.053716 recvfrom(121, 0x7d29777820, 2272, MSG_DONTWAIT, NULL, NULL) = -1 EAGAIN (Try again)
30197 1783914141.065821 sendmsg(177, {msg_name=NULL, msg_namelen=0, msg_iov=[{iov_base="l\1\1\1\374\0\0\0S\3\0\0\235\0\0\0\1\1o\0;\0\0\0/re/frid"..., iov_len=428}], msg_iovlen=1, msg_controllen=0, msg_flags=0}, MSG_NOSIGNAL) = 428
30087 1783914141.071956 recvfrom(100, 0x7fc3985d70, 3200, MSG_DONTWAIT, NULL, NULL) = -1 EAGAIN (Try again)
30087 1783914141.091732 recvfrom(100, "nysv\0\0\0\0\0\0\0\0\0\0\0\0-&\37\376\200\2\0\0=\201\2\0\0\0\0\0", 3200, MSG_DONTWAIT, NULL, NULL) = 32
30087 1783914141.091766 recvfrom(100, 0x7fc3986860, 3200, MSG_DONTWAIT, NULL, NULL) = -1 EAGAIN (Try again)
30087 1783914141.103338 recvfrom(100, 0x7fc3986760, 3200, MSG_DONTWAIT, NULL, NULL) = -1 EAGAIN (Try again)
30197 1783914141.104771 sendmsg(177, {msg_name=NULL, msg_namelen=0, msg_iov=[{iov_base="l\1\1\1\374\0\0\0T\3\0\0\235\0\0\0\1\1o\0;\0\0\0/re/frid"..., iov_len=428}], msg_iovlen=1, msg_controllen=0, msg_flags=0}, MSG_NOSIGNAL) = 428
30087 1783914141.121938 recvfrom(100, "nysv\0\0\0\0\0\0\0\0\0\0\0\0\201\306\33\0\201\2\0\0?\201\2\0\0\0\0\0", 3200, MSG_DONTWAIT, NULL, NULL) = 32
30087 1783914141.121982 recvfrom(100, 0x7fc3986860, 3200, MSG_DONTWAIT, NULL, NULL) = -1 EAGAIN (Try again)
30197 1783914141.123472 sendmsg(177, {msg_name=NULL, msg_namelen=0, msg_iov=[{iov_base="l\1\1\1\374\0\0\0U\3\0\0\235\0\0\0\1\1o\0;\0\0\0/re/frid"..., iov_len=428}], msg_iovlen=1, msg_controllen=0, msg_flags=0}, MSG_NOSIGNAL) = 428
30087 1783914141.552645 recvfrom(100, 0x7fc3986420, 3200, MSG_DONTWAIT, NULL, NULL) = -1 EAGAIN (Try again)
30087 1783914141.553560 recvfrom(100, "nysv\0\0\0\0\0\0\0\0\0\0\0\0\305\352\357\31\201\2\0\0Y\201\2\0\0\0\0\0", 3200, MSG_DONTWAIT, NULL, NULL) = 32
30087 1783914141.553589 recvfrom(100, 0x7fc3986860, 3200, MSG_DONTWAIT, NULL, NULL) = -1 EAGAIN (Try again)
30087 1783914141.553614 recvfrom(121, 0x7d29777820, 2272, MSG_DONTWAIT, NULL, NULL) = -1 EAGAIN (Try again)
30087 1783914141.558381 recvfrom(100, 0x7fc3985d70, 3200, MSG_DONTWAIT, NULL, NULL) = -1 EAGAIN (Try again)
30197 1783914141.559500 sendmsg(177, {msg_name=NULL, msg_namelen=0, msg_iov=[{iov_base="l\1\1\1\374\0\0\0V\3\0\0\235\0\0\0\1\1o\0;\0\0\0/re/frid"..., iov_len=428}], msg_iovlen=1, msg_controllen=0, msg_flags=0}, MSG_NOSIGNAL) = 428
30087 1783914141.569417 recvfrom(100, "nysv\0\0\0\0\0\0\0\0\0\0\0\0\215b\356\32\201\2\0\0Z\201\2\0\0\0\0\0", 3200, MSG_DONTWAIT, NULL, NULL) = 32
30087 1783914141.569457 recvfrom(100, 0x7fc3986860, 3200, MSG_DONTWAIT, NULL, NULL) = -1 EAGAIN (Try again)
30087 1783914141.574054 recvfrom(100, 0x7fc3986760, 3200, MSG_DONTWAIT, NULL, NULL) = -1 EAGAIN (Try again)
30197 1783914141.578073 sendmsg(177, {msg_name=NULL, msg_namelen=0, msg_iov=[{iov_base="l\1\1\1\374\0\0\0W\3\0\0\235\0\0\0\1\1o\0;\0\0\0/re/frid"..., iov_len=428}], msg_iovlen=1, msg_controllen=0, msg_flags=0}, MSG_NOSIGNAL) = 428
30087 1783914141.587555 recvfrom(100, "nysv\0\0\0\0\0\0\0\0\0\0\0\0\31\213\354\33\201\2\0\0[\201\2\0\0\0\0\0", 3200, MSG_DONTWAIT, NULL, NULL) = 32
30087 1783914141.587587 recvfrom(100, 0x7fc3986860, 3200, MSG_DONTWAIT, NULL, NULL) = -1 EAGAIN (Try again)
30197 1783914141.588515 sendmsg(177, {msg_name=NULL, msg_namelen=0, msg_iov=[{iov_base="l\1\1\1\374\0\0\0X\3\0\0\235\0\0\0\1\1o\0;\0\0\0/re/frid"..., iov_len=428}], msg_iovlen=1, msg_controllen=0, msg_flags=0}, MSG_NOSIGNAL) = 428
30087 1783914142.054073 recvfrom(100, 0x7fc3986420, 3200, MSG_DONTWAIT, NULL, NULL) = -1 EAGAIN (Try again)
30087 1783914142.071806 recvfrom(100, "nysv\0\0\0\0\0\0\0\0\0\0\0\0\333\237\2738\201\2\0\0x\201\2\0\0\0\0\0", 3200, MSG_DONTWAIT, NULL, NULL) = 32
30087 1783914142.071928 recvfrom(100, 0x7fc3986860, 3200, MSG_DONTWAIT, NULL, NULL) = -1 EAGAIN (Try again)
30087 1783914142.072084 recvfrom(121, 0x7d29777820, 2272, MSG_DONTWAIT, NULL, NULL) = -1 EAGAIN (Try again)
30197 1783914142.083252 sendmsg(177, {msg_name=NULL, msg_namelen=0, msg_iov=[{iov_base="l\1\1\1\374\0\0\0Y\3\0\0\235\0\0\0\1\1o\0;\0\0\0/re/frid"..., iov_len=428}], msg_iovlen=1, msg_controllen=0, msg_flags=0}, MSG_NOSIGNAL) = 428
30087 1783914142.090959 recvfrom(100, 0x7fc3985d70, 3200, MSG_DONTWAIT, NULL, NULL) = -1 EAGAIN (Try again)
30087 1783914142.104587 recvfrom(100, "nysv\0\0\0\0\0\0\0\0\0\0\0\0\353B\270:\201\2\0\0z\201\2\0\0\0\0\0", 3200, MSG_DONTWAIT, NULL, NULL) = 32
30087 1783914142.104613 recvfrom(100, 0x7fc3986860, 3200, MSG_DONTWAIT, NULL, NULL) = -1 EAGAIN (Try again)
30087 1783914142.113751 recvfrom(100, 0x7fc3986760, 3200, MSG_DONTWAIT, NULL, NULL) = -1 EAGAIN (Try again)
30197 1783914142.115937 sendmsg(177, {msg_name=NULL, msg_namelen=0, msg_iov=[{iov_base="l\1\1\1\374\0\0\0Z\3\0\0\235\0\0\0\1\1o\0;\0\0\0/re/frid"..., iov_len=428}], msg_iovlen=1, msg_controllen=0, msg_flags=0}, MSG_NOSIGNAL) = 428
30087 1783914142.119294 recvfrom(100, "nysv\0\0\0\0\0\0\0\0\0\0\0\0\1\275\266;\201\2\0\0{\201\2\0\0\0\0\0", 3200, MSG_DONTWAIT, NULL, NULL) = 32
30087 1783914142.119328 recvfrom(100, 0x7fc3986860, 3200, MSG_DONTWAIT, NULL, NULL) = -1 EAGAIN (Try again)
30197 1783914142.121499 sendmsg(177, {msg_name=NULL, msg_namelen=0, msg_iov=[{iov_base="l\1\1\1\374\0\0\0[\3\0\0\235\0\0\0\1\1o\0;\0\0\0/re/frid"..., iov_len=428}], msg_iovlen=1, msg_controllen=0, msg_flags=0}, MSG_NOSIGNAL) = 428
30087 1783914142.555133 recvfrom(100, 0x7fc3986420, 3200, MSG_DONTWAIT, NULL, NULL) = -1 EAGAIN (Try again)
30087 1783914142.572263 recvfrom(100, "nysv\0\0\0\0\0\0\0\0\0\0\0\0\307\4\211V\201\2\0\0\226\201\2\0\0\0\0\0", 3200, MSG_DONTWAIT, NULL, NULL) = 32
30087 1783914142.572388 recvfrom(100, 0x7fc3986860, 3200, MSG_DONTWAIT, NULL, NULL) = -1 EAGAIN (Try again)
30087 1783914142.572517 recvfrom(121, 0x7d29777820, 2272, MSG_DONTWAIT, NULL, NULL) = -1 EAGAIN (Try again)
30197 1783914142.582744 sendmsg(177, {msg_name=NULL, msg_namelen=0, msg_iov=[{iov_base="l\1\1\1\374\0\0\0\\\3\0\0\235\0\0\0\1\1o\0;\0\0\0/re/frid"..., iov_len=428}], msg_iovlen=1, msg_controllen=0, msg_flags=0}, MSG_NOSIGNAL) = 428
30087 1783914142.591446 recvfrom(100, 0x7fc3985d70, 3200, MSG_DONTWAIT, NULL, NULL) = -1 EAGAIN (Try again)
30087 1783914142.606193 recvfrom(100, "nysv\0\0\0\0\0\0\0\0\0\0\0\0\33\245\205X\201\2\0\0\230\201\2\0\0\0\0\0", 3200, MSG_DONTWAIT, NULL, NULL) = 32
30087 1783914142.606242 recvfrom(100, 0x7fc3986860, 3200, MSG_DONTWAIT, NULL, NULL) = -1 EAGAIN (Try again)
30087 1783914142.612518 recvfrom(100, 0x7fc3986760, 3200, MSG_DONTWAIT, NULL, NULL) = -1 EAGAIN (Try again)
30197 1783914142.616947 sendmsg(177, {msg_name=NULL, msg_namelen=0, msg_iov=[{iov_base="l\1\1\1\374\0\0\0]\3\0\0\235\0\0\0\1\1o\0;\0\0\0/re/frid"..., iov_len=428}], msg_iovlen=1, msg_controllen=0, msg_flags=0}, MSG_NOSIGNAL) = 428
30087 1783914142.618778 recvfrom(100, "nysv\0\0\0\0\0\0\0\0\0\0\0\0P>\204Y\201\2\0\0\231\201\2\0\0\0\0\0", 3200, MSG_DONTWAIT, NULL, NULL) = 32
30087 1783914142.618816 recvfrom(100, 0x7fc3986860, 3200, MSG_DONTWAIT, NULL, NULL) = -1 EAGAIN (Try again)
30197 1783914142.620267 sendmsg(177, {msg_name=NULL, msg_namelen=0, msg_iov=[{iov_base="l\1\1\1\374\0\0\0^\3\0\0\235\0\0\0\1\1o\0;\0\0\0/re/frid"..., iov_len=428}], msg_iovlen=1, msg_controllen=0, msg_flags=0}, MSG_NOSIGNAL) = 428
30087 1783914143.060198 recvfrom(100, 0x7fc3986420, 3200, MSG_DONTWAIT, NULL, NULL) = -1 EAGAIN (Try again)
30087 1783914143.072134 recvfrom(100, "nysv\0\0\0\0\0\0\0\0\0\0\0\0\263iVt\201\2\0\0\264\201\2\0\0\0\0\0", 3200, MSG_DONTWAIT, NULL, NULL) = 32
30087 1783914143.072274 recvfrom(100, 0x7fc3986860, 3200, MSG_DONTWAIT, NULL, NULL) = -1 EAGAIN (Try again)
30087 1783914143.072404 recvfrom(121, 0x7d29777820, 2272, MSG_DONTWAIT, NULL, NULL) = -1 EAGAIN (Try again)
30197 1783914143.081545 sendmsg(177, {msg_name=NULL, msg_namelen=0, msg_iov=[{iov_base="l\1\1\1\374\0\0\0_\3\0\0\235\0\0\0\1\1o\0;\0\0\0/re/frid"..., iov_len=428}], msg_iovlen=1, msg_controllen=0, msg_flags=0}, MSG_NOSIGNAL) = 428
30087 1783914143.089908 recvfrom(100, 0x7fc3985d70, 3200, MSG_DONTWAIT, NULL, NULL) = -1 EAGAIN (Try again)
30087 1783914143.108316 recvfrom(100, "nysv\0\0\0\0\0\0\0\0\0\0\0\0\7\nSv\201\2\0\0\266\201\2\0\0\0\0\0", 3200, MSG_DONTWAIT, NULL, NULL) = 32
30087 1783914143.108820 recvfrom(100, 0x7fc3986860, 3200, MSG_DONTWAIT, NULL, NULL) = -1 EAGAIN (Try again)
30087 1783914143.119726 recvfrom(100, 0x7fc3986760, 3200, MSG_DONTWAIT, NULL, NULL) = -1 EAGAIN (Try again)
30197 1783914143.121151 sendmsg(177, {msg_name=NULL, msg_namelen=0, msg_iov=[{iov_base="l\1\1\1\374\0\0\0`\3\0\0\235\0\0\0\1\1o\0;\0\0\0/re/frid"..., iov_len=428}], msg_iovlen=1, msg_controllen=0, msg_flags=0}, MSG_NOSIGNAL) = 428
30087 1783914143.137453 recvfrom(100, "nysv\0\0\0\0\0\0\0\0\0\0\0\0[\252Ox\201\2\0\0\270\201\2\0\0\0\0\0", 3200, MSG_DONTWAIT, NULL, NULL) = 32
30087 1783914143.137476 recvfrom(100, 0x7fc3986860, 3200, MSG_DONTWAIT, NULL, NULL) = -1 EAGAIN (Try again)
30197 1783914143.139045 sendmsg(177, {msg_name=NULL, msg_namelen=0, msg_iov=[{iov_base="l\1\1\1\374\0\0\0a\3\0\0\235\0\0\0\1\1o\0;\0\0\0/re/frid"..., iov_len=428}], msg_iovlen=1, msg_controllen=0, msg_flags=0}, MSG_NOSIGNAL) = 428
30087 1783914143.567205 recvfrom(100, 0x7fc3986420, 3200, MSG_DONTWAIT, NULL, NULL) = -1 EAGAIN (Try again)
30087 1783914143.570136 recvfrom(100, "nysv\0\0\0\0\0\0\0\0\0\0\0\0\237\316#\222\201\2\0\0\322\201\2\0\0\0\0\0", 3200, MSG_DONTWAIT, NULL, NULL) = 32
30087 1783914143.570220 recvfrom(100, 0x7fc3986860, 3200, MSG_DONTWAIT, NULL, NULL) = -1 EAGAIN (Try again)
30087 1783914143.570293 recvfrom(121, 0x7d29777820, 2272, MSG_DONTWAIT, NULL, NULL) = -1 EAGAIN (Try again)
30087 1783914143.576764 recvfrom(100, 0x7fc3985d70, 3200, MSG_DONTWAIT, NULL, NULL) = -1 EAGAIN (Try again)
30197 1783914143.577793 sendmsg(177, {msg_name=NULL, msg_namelen=0, msg_iov=[{iov_base="l\1\1\1\374\0\0\0b\3\0\0\235\0\0\0\1\1o\0;\0\0\0/re/frid"..., iov_len=428}], msg_iovlen=1, msg_controllen=0, msg_flags=0}, MSG_NOSIGNAL) = 428
30087 1783914143.585941 recvfrom(100, "nysv\0\0\0\0\0\0\0\0\0\0\0\0\323m\"\223\201\2\0\0\323\201\2\0\0\0\0\0", 3200, MSG_DONTWAIT, NULL, NULL) = 32
30087 1783914143.586135 recvfrom(100, 0x7fc3986860, 3200, MSG_DONTWAIT, NULL, NULL) = -1 EAGAIN (Try again)
30087 1783914143.595147 recvfrom(100, 0x7fc3986760, 3200, MSG_DONTWAIT, NULL, NULL) = -1 EAGAIN (Try again)
30197 1783914143.596511 sendmsg(177, {msg_name=NULL, msg_namelen=0, msg_iov=[{iov_base="l\1\1\1\374\0\0\0c\3\0\0\235\0\0\0\1\1o\0;\0\0\0/re/frid"..., iov_len=428}], msg_iovlen=1, msg_controllen=0, msg_flags=0}, MSG_NOSIGNAL) = 428
30087 1783914143.602350 recvfrom(100, "nysv\0\0\0\0\0\0\0\0\0\0\0\0\30\377 \224\201\2\0\0\324\201\2\0\0\0\0\0", 3200, MSG_DONTWAIT, NULL, NULL) = 32
30087 1783914143.602384 recvfrom(100, 0x7fc3986860, 3200, MSG_DONTWAIT, NULL, NULL) = -1 EAGAIN (Try again)
30197 1783914143.603784 sendmsg(177, {msg_name=NULL, msg_namelen=0, msg_iov=[{iov_base="l\1\1\1\374\0\0\0d\3\0\0\235\0\0\0\1\1o\0;\0\0\0/re/frid"..., iov_len=428}], msg_iovlen=1, msg_controllen=0, msg_flags=0}, MSG_NOSIGNAL) = 428
30087 1783914144.070576 recvfrom(100, 0x7fc3986420, 3200, MSG_DONTWAIT, NULL, NULL) = -1 EAGAIN (Try again)
30087 1783914144.088437 recvfrom(100, "nysv\0\0\0\0\0\0\0\0\0\0\0\0\265\203\357\260\201\2\0\0\361\201\2\0\0\0\0\0", 3200, MSG_DONTWAIT, NULL, NULL) = 32
30087 1783914144.088488 recvfrom(100, 0x7fc3986860, 3200, MSG_DONTWAIT, NULL, NULL) = -1 EAGAIN (Try again)
30087 1783914144.088610 recvfrom(121, 0x7d29777820, 2272, MSG_DONTWAIT, NULL, NULL) = -1 EAGAIN (Try again)
30087 1783914144.092121 recvfrom(100, 0x7fc3985d70, 3200, MSG_DONTWAIT, NULL, NULL) = -1 EAGAIN (Try again)
30197 1783914144.093331 sendmsg(177, {msg_name=NULL, msg_namelen=0, msg_iov=[{iov_base="l\1\1\1\374\0\0\0e\3\0\0\235\0\0\0\1\1o\0;\0\0\0/re/frid"..., iov_len=428}], msg_iovlen=1, msg_controllen=0, msg_flags=0}, MSG_NOSIGNAL) = 428
30087 1783914144.102771 recvfrom(100, "nysv\0\0\0\0\0\0\0\0\0\0\0\0\337\323\355\261\201\2\0\0\362\201\2\0\0\0\0\0", 3200, MSG_DONTWAIT, NULL, NULL) = 32
30087 1783914144.102809 recvfrom(100, 0x7fc3986860, 3200, MSG_DONTWAIT, NULL, NULL) = -1 EAGAIN (Try again)
30087 1783914144.109067 recvfrom(100, 0x7fc3986760, 3200, MSG_DONTWAIT, NULL, NULL) = -1 EAGAIN (Try again)
30197 1783914144.111762 sendmsg(177, {msg_name=NULL, msg_namelen=0, msg_iov=[{iov_base="l\1\1\1\374\0\0\0f\3\0\0\235\0\0\0\1\1o\0;\0\0\0/re/frid"..., iov_len=428}], msg_iovlen=1, msg_controllen=0, msg_flags=0}, MSG_NOSIGNAL) = 428
30087 1783914144.120605 recvfrom(100, "nysv\0\0\0\0\0\0\0\0\0\0\0\0\t$\354\262\201\2\0\0\363\201\2\0\0\0\0\0", 3200, MSG_DONTWAIT, NULL, NULL) = 32
30087 1783914144.120636 recvfrom(100, 0x7fc3986860, 3200, MSG_DONTWAIT, NULL, NULL) = -1 EAGAIN (Try again)
30197 1783914144.122065 sendmsg(177, {msg_name=NULL, msg_namelen=0, msg_iov=[{iov_base="l\1\1\1\374\0\0\0g\3\0\0\235\0\0\0\1\1o\0;\0\0\0/re/frid"..., iov_len=428}], msg_iovlen=1, msg_controllen=0, msg_flags=0}, MSG_NOSIGNAL) = 428
30087 1783914144.574829 recvfrom(100, 0x7fc3986420, 3200, MSG_DONTWAIT, NULL, NULL) = -1 EAGAIN (Try again)
30087 1783914144.585857 recvfrom(100, "nysv\0\0\0\0\0\0\0\0\0\0\0\0>&\275\316\201\2\0\0\17\202\2\0\0\0\0\0", 3200, MSG_DONTWAIT, NULL, NULL) = 32
30087 1783914144.585963 recvfrom(100, 0x7fc3986860, 3200, MSG_DONTWAIT, NULL, NULL) = -1 EAGAIN (Try again)
30087 1783914144.586089 recvfrom(121, 0x7d29777820, 2272, MSG_DONTWAIT, NULL, NULL) = -1 EAGAIN (Try again)
30087 1783914144.603455 recvfrom(100, 0x7fc3985d70, 3200, MSG_DONTWAIT, NULL, NULL) = -1 EAGAIN (Try again)
30197 1783914144.605555 sendmsg(177, {msg_name=NULL, msg_namelen=0, msg_iov=[{iov_base="l\1\1\1\374\0\0\0h\3\0\0\235\0\0\0\1\1o\0;\0\0\0/re/frid"..., iov_len=428}], msg_iovlen=1, msg_controllen=0, msg_flags=0}, MSG_NOSIGNAL) = 428
30087 1783914144.620876 recvfrom(100, "nysv\0\0\0\0\0\0\0\0\0\0\0\0\254\224\271\320\201\2\0\0\21\202\2\0\0\0\0\0", 3200, MSG_DONTWAIT, NULL, NULL) = 32
30087 1783914144.621045 recvfrom(100, 0x7fc3986860, 3200, MSG_DONTWAIT, NULL, NULL) = -1 EAGAIN (Try again)
30087 1783914144.623106 recvfrom(100, 0x7fc3986760, 3200, MSG_DONTWAIT, NULL, NULL) = -1 EAGAIN (Try again)
30197 1783914144.624240 sendmsg(177, {msg_name=NULL, msg_namelen=0, msg_iov=[{iov_base="l\1\1\1\374\0\0\0i\3\0\0\235\0\0\0\1\1o\0;\0\0\0/re/frid"..., iov_len=428}], msg_iovlen=1, msg_controllen=0, msg_flags=0}, MSG_NOSIGNAL) = 428
30087 1783914144.635347 recvfrom(100, "nysv\0\0\0\0\0\0\0\0\0\0\0\0\3401\270\321\201\2\0\0\22\202\2\0\0\0\0\0", 3200, MSG_DONTWAIT, NULL, NULL) = 32
30087 1783914144.635366 recvfrom(100, 0x7fc3986860, 3200, MSG_DONTWAIT, NULL, NULL) = -1 EAGAIN (Try again)
30197 1783914144.637299 sendmsg(177, {msg_name=NULL, msg_namelen=0, msg_iov=[{iov_base="l\1\1\1\374\0\0\0j\3\0\0\235\0\0\0\1\1o\0;\0\0\0/re/frid"..., iov_len=428}], msg_iovlen=1, msg_controllen=0, msg_flags=0}, MSG_NOSIGNAL) = 428
30087 1783914145.080711 recvfrom(100, 0x7fc3986420, 3200, MSG_DONTWAIT, NULL, NULL) = -1 EAGAIN (Try again)
30087 1783914145.089119 recvfrom(100, "nysv\0\0\0\0\0\0\0\0\0\0\0\0\215M\212\354\201\2\0\0-\202\2\0\0\0\0\0", 3200, MSG_DONTWAIT, NULL, NULL) = 32
30087 1783914145.089314 recvfrom(100, 0x7fc3986860, 3200, MSG_DONTWAIT, NULL, NULL) = -1 EAGAIN (Try again)
30087 1783914145.089500 recvfrom(121, 0x7d29777820, 2272, MSG_DONTWAIT, NULL, NULL) = -1 EAGAIN (Try again)
30197 1783914145.099556 sendmsg(177, {msg_name=NULL, msg_namelen=0, msg_iov=[{iov_base="l\1\1\1\374\0\0\0k\3\0\0\235\0\0\0\1\1o\0;\0\0\0/re/frid"..., iov_len=428}], msg_iovlen=1, msg_controllen=0, msg_flags=0}, MSG_NOSIGNAL) = 428
30087 1783914145.108433 recvfrom(100, 0x7fc3985d70, 3200, MSG_DONTWAIT, NULL, NULL) = -1 EAGAIN (Try again)
30087 1783914145.123724 recvfrom(100, "nysv\0\0\0\0\0\0\0\0\0\0\0\0\341\355\206\356\201\2\0\0/\202\2\0\0\0\0\0", 3200, MSG_DONTWAIT, NULL, NULL) = 32
30087 1783914145.123750 recvfrom(100, 0x7fc3986860, 3200, MSG_DONTWAIT, NULL, NULL) = -1 EAGAIN (Try again)
30087 1783914145.133127 recvfrom(100, 0x7fc3986760, 3200, MSG_DONTWAIT, NULL, NULL) = -1 EAGAIN (Try again)
30197 1783914145.134682 sendmsg(177, {msg_name=NULL, msg_namelen=0, msg_iov=[{iov_base="l\1\1\1\374\0\0\0l\3\0\0\235\0\0\0\1\1o\0;\0\0\0/re/frid"..., iov_len=428}], msg_iovlen=1, msg_controllen=0, msg_flags=0}, MSG_NOSIGNAL) = 428
30087 1783914145.135264 recvfrom(100, "nysv\0\0\0\0\0\0\0\0\0\0\0\0\235\217\205\357\201\2\0\0000\202\2\0\0\0\0\0", 3200, MSG_DONTWAIT, NULL, NULL) = 32
30087 1783914145.135283 recvfrom(100, 0x7fc3986860, 3200, MSG_DONTWAIT, NULL, NULL) = -1 EAGAIN (Try again)
30197 1783914145.136888 sendmsg(177, {msg_name=NULL, msg_namelen=0, msg_iov=[{iov_base="l\1\1\1\374\0\0\0m\3\0\0\235\0\0\0\1\1o\0;\0\0\0/re/frid"..., iov_len=428}], msg_iovlen=1, msg_controllen=0, msg_flags=0}, MSG_NOSIGNAL) = 428
30087 1783914145.586330 recvfrom(100, 0x7fc3986420, 3200, MSG_DONTWAIT, NULL, NULL) = -1 EAGAIN (Try again)
30087 1783914145.588465 recvfrom(100, "nysv\0\0\0\0\0\0\0\0\0\0\0\0y\262W\n\202\2\0\0J\202\2\0\0\0\0\0", 3200, MSG_DONTWAIT, NULL, NULL) = 32
30087 1783914145.588538 recvfrom(100, 0x7fc3986860, 3200, MSG_DONTWAIT, NULL, NULL) = -1 EAGAIN (Try again)
30087 1783914145.589061 recvfrom(121, 0x7d29777820, 2272, MSG_DONTWAIT, NULL, NULL) = -1 EAGAIN (Try again)
30197 1783914145.597057 sendmsg(177, {msg_name=NULL, msg_namelen=0, msg_iov=[{iov_base="l\1\1\1\374\0\0\0n\3\0\0\235\0\0\0\1\1o\0;\0\0\0/re/frid"..., iov_len=428}], msg_iovlen=1, msg_controllen=0, msg_flags=0}, MSG_NOSIGNAL) = 428
30087 1783914145.604963 recvfrom(100, 0x7fc3985d70, 3200, MSG_DONTWAIT, NULL, NULL) = -1 EAGAIN (Try again)
30087 1783914145.622563 recvfrom(100, "nysv\0\0\0\0\0\0\0\0\0\0\0\0\315RT\f\202\2\0\0L\202\2\0\0\0\0\0", 3200, MSG_DONTWAIT, NULL, NULL) = 32
30087 1783914145.622590 recvfrom(100, 0x7fc3986860, 3200, MSG_DONTWAIT, NULL, NULL) = -1 EAGAIN (Try again)
30087 1783914145.632301 recvfrom(100, 0x7fc3986760, 3200, MSG_DONTWAIT, NULL, NULL) = -1 EAGAIN (Try again)
30197 1783914145.634092 sendmsg(177, {msg_name=NULL, msg_namelen=0, msg_iov=[{iov_base="l\1\1\1\374\0\0\0o\3\0\0\235\0\0\0\1\1o\0;\0\0\0/re/frid"..., iov_len=428}], msg_iovlen=1, msg_controllen=0, msg_flags=0}, MSG_NOSIGNAL) = 428
30087 1783914145.635259 recvfrom(100, "nysv\0\0\0\0\0\0\0\0\0\0\0\0\263\361R\r\202\2\0\0M\202\2\0\0\0\0\0", 3200, MSG_DONTWAIT, NULL, NULL) = 32
30087 1783914145.635284 recvfrom(100, 0x7fc3986860, 3200, MSG_DONTWAIT, NULL, NULL) = -1 EAGAIN (Try again)
30197 1783914145.636331 sendmsg(177, {msg_name=NULL, msg_namelen=0, msg_iov=[{iov_base="l\1\1\1\374\0\0\0p\3\0\0\235\0\0\0\1\1o\0;\0\0\0/re/frid"..., iov_len=428}], msg_iovlen=1, msg_controllen=0, msg_flags=0}, MSG_NOSIGNAL) = 428
30087 1783914146.088600 recvfrom(100, 0x7fc3986420, 3200, MSG_DONTWAIT, NULL, NULL) = -1 EAGAIN (Try again)
30087 1783914146.091581 recvfrom(100, "nysv\0\0\0\0\0\0\0\0\0\0\0\0e\27%(\202\2\0\0h\202\2\0\0\0\0\0", 3200, MSG_DONTWAIT, NULL, NULL) = 32
30087 1783914146.091706 recvfrom(100, 0x7fc3986860, 3200, MSG_DONTWAIT, NULL, NULL) = -1 EAGAIN (Try again)
30087 1783914146.091833 recvfrom(121, 0x7d29777820, 2272, MSG_DONTWAIT, NULL, NULL) = -1 EAGAIN (Try again)
30197 1783914146.101884 sendmsg(177, {msg_name=NULL, msg_namelen=0, msg_iov=[{iov_base="l\1\1\1\374\0\0\0q\3\0\0\235\0\0\0\1\1o\0;\0\0\0/re/frid"..., iov_len=428}], msg_iovlen=1, msg_controllen=0, msg_flags=0}, MSG_NOSIGNAL) = 428
30087 1783914146.110536 recvfrom(100, 0x7fc3985d70, 3200, MSG_DONTWAIT, NULL, NULL) = -1 EAGAIN (Try again)
30087 1783914146.121867 recvfrom(100, "nysv\0\0\0\0\0\0\0\0\0\0\0\0Z\305!*\202\2\0\0j\202\2\0\0\0\0\0", 3200, MSG_DONTWAIT, NULL, NULL) = 32
30087 1783914146.122199 recvfrom(100, 0x7fc3986860, 3200, MSG_DONTWAIT, NULL, NULL) = -1 EAGAIN (Try again)
30087 1783914146.131210 recvfrom(100, 0x7fc3986760, 3200, MSG_DONTWAIT, NULL, NULL) = -1 EAGAIN (Try again)
30197 1783914146.133427 sendmsg(177, {msg_name=NULL, msg_namelen=0, msg_iov=[{iov_base="l\1\1\1\374\0\0\0r\3\0\0\235\0\0\0\1\1o\0;\0\0\0/re/frid"..., iov_len=428}], msg_iovlen=1, msg_controllen=0, msg_flags=0}, MSG_NOSIGNAL) = 428
30087 1783914146.135610 recvfrom(100, "nysv\0\0\0\0\0\0\0\0\0\0\0\0;R +\202\2\0\0k\202\2\0\0\0\0\0", 3200, MSG_DONTWAIT, NULL, NULL) = 32
30087 1783914146.135642 recvfrom(100, 0x7fc3986860, 3200, MSG_DONTWAIT, NULL, NULL) = -1 EAGAIN (Try again)
30197 1783914146.136652 sendmsg(177, {msg_name=NULL, msg_namelen=0, msg_iov=[{iov_base="l\1\1\1\374\0\0\0s\3\0\0\235\0\0\0\1\1o\0;\0\0\0/re/frid"..., iov_len=428}], msg_iovlen=1, msg_controllen=0, msg_flags=0}, MSG_NOSIGNAL) = 428
30087 1783914146.591621 recvfrom(100, 0x7fc3986420, 3200, MSG_DONTWAIT, NULL, NULL) = -1 EAGAIN (Try again)
30087 1783914146.604865 recvfrom(100, "nysv\0\0\0\0\0\0\0\0\0\0\0\0{\314\360F\202\2\0\0\206\202\2\0\0\0\0\0", 3200, MSG_DONTWAIT, NULL, NULL) = 32
30087 1783914146.604998 recvfrom(100, 0x7fc3986860, 3200, MSG_DONTWAIT, NULL, NULL) = -1 EAGAIN (Try again)
30087 1783914146.605207 recvfrom(121, 0x7d29777820, 2272, MSG_DONTWAIT, NULL, NULL) = -1 EAGAIN (Try again)
30197 1783914146.614102 sendmsg(177, {msg_name=NULL, msg_namelen=0, msg_iov=[{iov_base="l\1\1\1\374\0\0\0t\3\0\0\235\0\0\0\1\1o\0;\0\0\0/re/frid"..., iov_len=428}], msg_iovlen=1, msg_controllen=0, msg_flags=0}, MSG_NOSIGNAL) = 428
30087 1783914146.621465 recvfrom(100, 0x7fc3985d70, 3200, MSG_DONTWAIT, NULL, NULL) = -1 EAGAIN (Try again)
30087 1783914146.636483 recvfrom(100, "nysv\0\0\0\0\0\0\0\0\0\0\0\0zw\355H\202\2\0\0\210\202\2\0\0\0\0\0", 3200, MSG_DONTWAIT, NULL, NULL) = 32
30087 1783914146.636528 recvfrom(100, 0x7fc3986860, 3200, MSG_DONTWAIT, NULL, NULL) = -1 EAGAIN (Try again)
30087 1783914146.640752 recvfrom(100, 0x7fc3986760, 3200, MSG_DONTWAIT, NULL, NULL) = -1 EAGAIN (Try again)
30197 1783914146.643145 sendmsg(177, {msg_name=NULL, msg_namelen=0, msg_iov=[{iov_base="l\1\1\1\374\0\0\0u\3\0\0\235\0\0\0\1\1o\0;\0\0\0/re/frid"..., iov_len=428}], msg_iovlen=1, msg_controllen=0, msg_flags=0}, MSG_NOSIGNAL) = 428
30087 1783914146.654613 recvfrom(100, "nysv\0\0\0\0\0\0\0\0\0\0\0\0\371\274\353I\202\2\0\0\211\202\2\0\0\0\0\0", 3200, MSG_DONTWAIT, NULL, NULL) = 32
30087 1783914146.654638 recvfrom(100, 0x7fc3986860, 3200, MSG_DONTWAIT, NULL, NULL) = -1 EAGAIN (Try again)
30197 1783914146.655560 sendmsg(177, {msg_name=NULL, msg_namelen=0, msg_iov=[{iov_base="l\1\1\1\374\0\0\0v\3\0\0\235\0\0\0\1\1o\0;\0\0\0/re/frid"..., iov_len=428}], msg_iovlen=1, msg_controllen=0, msg_flags=0}, MSG_NOSIGNAL) = 428
30087 1783914147.096873 recvfrom(100, 0x7fc3986420, 3200, MSG_DONTWAIT, NULL, NULL) = -1 EAGAIN (Try again)
30087 1783914147.104566 recvfrom(100, "nysv\0\0\0\0\0\0\0\0\0\0\0\0g1\276d\202\2\0\0\244\202\2\0\0\0\0\0", 3200, MSG_DONTWAIT, NULL, NULL) = 32
30087 1783914147.104662 recvfrom(100, 0x7fc3986860, 3200, MSG_DONTWAIT, NULL, NULL) = -1 EAGAIN (Try again)
30087 1783914147.104762 recvfrom(121, 0x7d29777820, 2272, MSG_DONTWAIT, NULL, NULL) = -1 EAGAIN (Try again)
30197 1783914147.113196 sendmsg(177, {msg_name=NULL, msg_namelen=0, msg_iov=[{iov_base="l\1\1\1\374\0\0\0w\3\0\0\235\0\0\0\1\1o\0;\0\0\0/re/frid"..., iov_len=428}], msg_iovlen=1, msg_controllen=0, msg_flags=0}, MSG_NOSIGNAL) = 428
30087 1783914147.120783 recvfrom(100, 0x7fc3985d70, 3200, MSG_DONTWAIT, NULL, NULL) = -1 EAGAIN (Try again)
30087 1783914147.135473 recvfrom(100, "nysv\0\0\0\0\0\0\0\0\0\0\0\0k1\273f\202\2\0\0\246\202\2\0\0\0\0\0", 3200, MSG_DONTWAIT, NULL, NULL) = 32
30087 1783914147.135641 recvfrom(100, 0x7fc3986860, 3200, MSG_DONTWAIT, NULL, NULL) = -1 EAGAIN (Try again)
30087 1783914147.145228 recvfrom(100, 0x7fc3986760, 3200, MSG_DONTWAIT, NULL, NULL) = -1 EAGAIN (Try again)
30197 1783914147.147154 sendmsg(177, {msg_name=NULL, msg_namelen=0, msg_iov=[{iov_base="l\1\1\1\374\0\0\0x\3\0\0\235\0\0\0\1\1o\0;\0\0\0/re/frid"..., iov_len=428}], msg_iovlen=1, msg_controllen=0, msg_flags=0}, MSG_NOSIGNAL) = 428
30087 1783914147.153068 recvfrom(100, "nysv\0\0\0\0\0\0\0\0\0\0\0\0\23\217\271g\202\2\0\0\247\202\2\0\0\0\0\0", 3200, MSG_DONTWAIT, NULL, NULL) = 32
30087 1783914147.153091 recvfrom(100, 0x7fc3986860, 3200, MSG_DONTWAIT, NULL, NULL) = -1 EAGAIN (Try again)
30197 1783914147.153951 sendmsg(177, {msg_name=NULL, msg_namelen=0, msg_iov=[{iov_base="l\1\1\1\374\0\0\0y\3\0\0\235\0\0\0\1\1o\0;\0\0\0/re/frid"..., iov_len=428}], msg_iovlen=1, msg_controllen=0, msg_flags=0}, MSG_NOSIGNAL) = 428
30087 1783914147.326038 recvfrom(100, 0x7fc39862c0, 3200, MSG_DONTWAIT, NULL, NULL) = -1 EAGAIN (Try again)
30197 1783914147.329892 sendmsg(177, {msg_name=NULL, msg_namelen=0, msg_iov=[{iov_base="l\1\1\1\374\0\0\0z\3\0\0\235\0\0\0\1\1o\0;\0\0\0/re/frid"..., iov_len=428}], msg_iovlen=1, msg_controllen=0, msg_flags=0}, MSG_NOSIGNAL) = 428
30087 1783914147.336069 recvfrom(100, "nysv\0\0\0\0\0\0\0\0\0\0\0\0\263\223\246r\202\2\0\0\262\202\2\0\0\0\0\0", 3200, MSG_DONTWAIT, NULL, NULL) = 32
30087 1783914147.336095 recvfrom(100, 0x7fc3986860, 3200, MSG_DONTWAIT, NULL, NULL) = -1 EAGAIN (Try again)
30087 1783914147.336124 recvfrom(121, 0x7d29777820, 2272, MSG_DONTWAIT, NULL, NULL) = -1 EAGAIN (Try again)
30087 1783914147.350286 recvfrom(100, 0x7fc3985d70, 3200, MSG_DONTWAIT, NULL, NULL) = -1 EAGAIN (Try again)
30197 1783914147.350861 sendmsg(177, {msg_name=NULL, msg_namelen=0, msg_iov=[{iov_base="l\1\1\1\374\0\0\0{\3\0\0\235\0\0\0\1\1o\0;\0\0\0/re/frid"..., iov_len=428}], msg_iovlen=1, msg_controllen=0, msg_flags=0}, MSG_NOSIGNAL) = 428
30087 1783914147.356178 recvfrom(100, "nysv\0\0\0\0\0\0\0\0\0\0\0\0\\3\245s\202\2\0\0\263\202\2\0\0\0\0\0", 3200, MSG_DONTWAIT, NULL, NULL) = 32
30087 1783914147.356216 recvfrom(100, 0x7fc3986860, 3200, MSG_DONTWAIT, NULL, NULL) = -1 EAGAIN (Try again)
30087 1783914147.363791 recvfrom(100, 0x7fc3986760, 3200, MSG_DONTWAIT, NULL, NULL) = -1 EAGAIN (Try again)
30087 1783914147.369279 recvfrom(100, "nysv\0\0\0\0\0\0\0\0\0\0\0\0~\326\243t\202\2\0\0\264\202\2\0\0\0\0\0", 3200, MSG_DONTWAIT, NULL, NULL) = 32
30197 1783914147.369308 sendmsg(177, {msg_name=NULL, msg_namelen=0, msg_iov=[{iov_base="l\1\1\1\374\0\0\0|\3\0\0\235\0\0\0\1\1o\0;\0\0\0/re/frid"..., iov_len=428}], msg_iovlen=1, msg_controllen=0, msg_flags=0}, MSG_NOSIGNAL <unfinished ...>
30087 1783914147.369336 recvfrom(100, 0x7fc3986860, 3200, MSG_DONTWAIT, NULL, NULL) = -1 EAGAIN (Try again)
30197 1783914147.369448 <... sendmsg resumed> ) = 428
30197 1783914147.376231 sendmsg(177, {msg_name=NULL, msg_namelen=0, msg_iov=[{iov_base="l\1\1\1\374\0\0\0}\3\0\0\235\0\0\0\1\1o\0;\0\0\0/re/frid"..., iov_len=428}], msg_iovlen=1, msg_controllen=0, msg_flags=0}, MSG_NOSIGNAL) = 428
30197 1783914147.581007 sendmsg(177, {msg_name=NULL, msg_namelen=0, msg_iov=[{iov_base="l\1\1\1\374\0\0\0~\3\0\0\235\0\0\0\1\1o\0;\0\0\0/re/frid"..., iov_len=428}], msg_iovlen=1, msg_controllen=0, msg_flags=0}, MSG_NOSIGNAL) = 428
30087 1783914147.584289 recvfrom(100, 0x7fc3985fd0, 3200, MSG_DONTWAIT, NULL, NULL) = -1 EAGAIN (Try again)
30087 1783914147.585715 recvfrom(100, "nysv\0\0\0\0\0\0\0\0\0\0\0\0;\323\217\201\202\2\0\0\301\202\2\0\0\0\0\0", 3200, MSG_DONTWAIT, NULL, NULL) = 32
30087 1783914147.585750 recvfrom(100, 0x7fc3986860, 3200, MSG_DONTWAIT, NULL, NULL) = -1 EAGAIN (Try again)
30087 1783914147.585775 recvfrom(121, 0x7d29777820, 2272, MSG_DONTWAIT, NULL, NULL) = -1 EAGAIN (Try again)
30087 1783914147.589328 recvfrom(100, 0x7fc3985920, 3200, MSG_DONTWAIT, NULL, NULL) = -1 EAGAIN (Try again)
30087 1783914147.607621 recvfrom(100, "nysv\0\0\0\0\0\0\0\0\0\0\0\0e#\216\202\202\2\0\0\302\202\2\0\0\0\0\0", 3200, MSG_DONTWAIT, NULL, NULL) = 32
30087 1783914147.607661 recvfrom(100, 0x7fc3986860, 3200, MSG_DONTWAIT, NULL, NULL) = -1 EAGAIN (Try again)
30087 1783914147.607689 recvfrom(121, 0x7d29777820, 2272, MSG_DONTWAIT, NULL, NULL) = -1 EAGAIN (Try again)
30087 1783914147.615454 recvfrom(100, 0x7fc3986760, 3200, MSG_DONTWAIT, NULL, NULL) = -1 EAGAIN (Try again)
30087 1783914147.645376 recvfrom(100, "nysv\0\0\0\0\0\0\0\0\0\0\0\0Z\273\214\203\202\2\0\0\303\202\2\0\0\0\0\0", 3200, MSG_DONTWAIT, NULL, NULL) = 32
30087 1783914147.645422 recvfrom(100, 0x7fc3986860, 3200, MSG_DONTWAIT, NULL, NULL) = -1 EAGAIN (Try again)
30087 1783914147.647004 recvfrom(121, 0x7d29777820, 2272, MSG_DONTWAIT, NULL, NULL) = -1 EAGAIN (Try again)
30087 1783914147.658790 recvfrom(100, 0x7fc3986760, 3200, MSG_DONTWAIT, NULL, NULL) = -1 EAGAIN (Try again)
30087 1783914147.678082 recvfrom(100, "nysv\0\0\0\0\0\0\0\0\0\0\0\0\4R\210\206\202\2\0\0\306\202\2\0\0\0\0\0", 3200, MSG_DONTWAIT, NULL, NULL) = 32
30087 1783914147.678133 recvfrom(100, 0x7fc3986860, 3200, MSG_DONTWAIT, NULL, NULL) = -1 EAGAIN (Try again)
30087 1783914147.686132 recvfrom(100, 0x7fc3985d70, 3200, MSG_DONTWAIT, NULL, NULL) = -1 EAGAIN (Try again)
30197 1783914147.688983 sendmsg(177, {msg_name=NULL, msg_namelen=0, msg_iov=[{iov_base="l\1\1\1\374\0\0\0\177\3\0\0\235\0\0\0\1\1o\0;\0\0\0/re/frid"..., iov_len=428}], msg_iovlen=1, msg_controllen=0, msg_flags=0}, MSG_NOSIGNAL) = 428
30087 1783914147.702278 recvfrom(100, "nysv\0\0\0\0\0\0\0\0\0\0\0\0\0251\205\210\202\2\0\0\310\202\2\0\0\0\0\0", 3200, MSG_DONTWAIT, NULL, NULL) = 32
30087 1783914147.702313 recvfrom(100, 0x7fc3986860, 3200, MSG_DONTWAIT, NULL, NULL) = -1 EAGAIN (Try again)
30108 1783914147.704744 openat(AT_FDCWD, "/data/misc/profiles/cur/0/app.fedilab.mobilizon/primary.prof", O_RDWR|O_NOFOLLOW|O_CLOEXEC) = 119
30087 1783914147.705068 recvfrom(100, 0x7fc3986760, 3200, MSG_DONTWAIT, NULL, NULL) = -1 EAGAIN (Try again)
30197 1783914147.706581 sendmsg(177, {msg_name=NULL, msg_namelen=0, msg_iov=[{iov_base="l\1\1\1\374\0\0\0\200\3\0\0\235\0\0\0\1\1o\0;\0\0\0/re/frid"..., iov_len=428}], msg_iovlen=1, msg_controllen=0, msg_flags=0}, MSG_NOSIGNAL) = 428
30108 1783914147.709410 newfstatat(AT_FDCWD, "/data/misc/profiles/cur/0/app.fedilab.mobilizon/primary.prof", {st_mode=S_IFREG|0600, st_size=8675, ...}, 0) = 0
30087 1783914147.719187 recvfrom(100, "nysv\0\0\0\0\0\0\0\0\0\0\0\0kv\203\211\202\2\0\0\311\202\2\0\0\0\0\0", 3200, MSG_DONTWAIT, NULL, NULL) = 32
30087 1783914147.719214 recvfrom(100, 0x7fc3986860, 3200, MSG_DONTWAIT, NULL, NULL) = -1 EAGAIN (Try again)
30197 1783914147.722688 sendmsg(177, {msg_name=NULL, msg_namelen=0, msg_iov=[{iov_base="l\1\1\1\374\0\0\0\201\3\0\0\235\0\0\0\1\1o\0;\0\0\0/re/frid"..., iov_len=428}], msg_iovlen=1, msg_controllen=0, msg_flags=0}, MSG_NOSIGNAL) = 428
30087 1783914148.151311 recvfrom(100, 0x7fc3986420, 3200, MSG_DONTWAIT, NULL, NULL) = -1 EAGAIN (Try again)
30087 1783914148.152998 recvfrom(100, "nysv\0\0\0\0\0\0\0\0\0\0\0\0|\357T\243\202\2\0\0\342\202\2\0\0\0\0\0", 3200, MSG_DONTWAIT, NULL, NULL) = 32
30087 1783914148.153032 recvfrom(100, 0x7fc3986860, 3200, MSG_DONTWAIT, NULL, NULL) = -1 EAGAIN (Try again)
30087 1783914148.153065 recvfrom(121, 0x7d29777820, 2272, MSG_DONTWAIT, NULL, NULL) = -1 EAGAIN (Try again)
30197 1783914148.171070 sendmsg(177, {msg_name=NULL, msg_namelen=0, msg_iov=[{iov_base="l\1\1\1\374\0\0\0\202\3\0\0\235\0\0\0\1\1o\0;\0\0\0/re/frid"..., iov_len=428}], msg_iovlen=1, msg_controllen=0, msg_flags=0}, MSG_NOSIGNAL) = 428
30087 1783914148.178612 recvfrom(100, 0x7fc3985d70, 3200, MSG_DONTWAIT, NULL, NULL) = -1 EAGAIN (Try again)
30087 1783914148.186526 recvfrom(100, "nysv\0\0\0\0\0\0\0\0\0\0\0\0J\33R\245\202\2\0\0\344\202\2\0\0\0\0\0", 3200, MSG_DONTWAIT, NULL, NULL) = 32
30087 1783914148.186564 recvfrom(100, 0x7fc3986860, 3200, MSG_DONTWAIT, NULL, NULL) = -1 EAGAIN (Try again)
30087 1783914148.188957 recvfrom(100, 0x7fc3986760, 3200, MSG_DONTWAIT, NULL, NULL) = -1 EAGAIN (Try again)
30197 1783914148.192769 sendmsg(177, {msg_name=NULL, msg_namelen=0, msg_iov=[{iov_base="l\1\1\1\374\0\0\0\203\3\0\0\235\0\0\0\1\1o\0;\0\0\0/re/frid"..., iov_len=428}], msg_iovlen=1, msg_controllen=0, msg_flags=0}, MSG_NOSIGNAL) = 428
30087 1783914148.203767 recvfrom(100, "nysv\0\0\0\0\0\0\0\0\0\0\0\0&PP\246\202\2\0\0\345\202\2\0\0\0\0\0", 3200, MSG_DONTWAIT, NULL, NULL) = 32
30087 1783914148.203796 recvfrom(100, 0x7fc3986860, 3200, MSG_DONTWAIT, NULL, NULL) = -1 EAGAIN (Try again)
30197 1783914148.205968 sendmsg(177, {msg_name=NULL, msg_namelen=0, msg_iov=[{iov_base="l\1\1\1\374\0\0\0\204\3\0\0\235\0\0\0\1\1o\0;\0\0\0/re/frid"..., iov_len=428}], msg_iovlen=1, msg_controllen=0, msg_flags=0}, MSG_NOSIGNAL) = 428
30197 1783914148.633761 sendmsg(177, {msg_name=NULL, msg_namelen=0, msg_iov=[{iov_base="l\1\1\1\374\0\0\0\205\3\0\0\235\0\0\0\1\1o\0;\0\0\0/re/frid"..., iov_len=428}], msg_iovlen=1, msg_controllen=0, msg_flags=0}, MSG_NOSIGNAL) = 428
30087 1783914148.651693 recvfrom(100, 0x7fc3986420, 3200, MSG_DONTWAIT, NULL, NULL) = -1 EAGAIN (Try again)
30087 1783914148.652390 recvfrom(100, "nysv\0\0\0\0\0\0\0\0\0\0\0\0L\373#\301\202\2\0\0\377\202\2\0\0\0\0\0", 3200, MSG_DONTWAIT, NULL, NULL) = 32
30087 1783914148.652442 recvfrom(100, 0x7fc3986860, 3200, MSG_DONTWAIT, NULL, NULL) = -1 EAGAIN (Try again)
30087 1783914148.652496 recvfrom(121, 0x7d29777820, 2272, MSG_DONTWAIT, NULL, NULL) = -1 EAGAIN (Try again)
30087 1783914148.658399 recvfrom(100, 0x7fc3985d70, 3200, MSG_DONTWAIT, NULL, NULL) = -1 EAGAIN (Try again)
30197 1783914148.659324 sendmsg(177, {msg_name=NULL, msg_namelen=0, msg_iov=[{iov_base="l\1\1\1\374\0\0\0\206\3\0\0\235\0\0\0\1\1o\0;\0\0\0/re/frid"..., iov_len=428}], msg_iovlen=1, msg_controllen=0, msg_flags=0}, MSG_NOSIGNAL) = 428
30087 1783914148.669017 recvfrom(100, "nysv\0\0\0\0\0\0\0\0\0\0\0\0vK\"\302\202\2\0\0\0\203\2\0\200\0\0\0", 3200, MSG_DONTWAIT, NULL, NULL) = 32
30087 1783914148.669051 recvfrom(100, 0x7fc3986860, 3200, MSG_DONTWAIT, NULL, NULL) = -1 EAGAIN (Try again)
30087 1783914148.679120 recvfrom(100, 0x7fc3986760, 3200, MSG_DONTWAIT, NULL, NULL) = -1 EAGAIN (Try again)
30197 1783914148.681898 sendmsg(177, {msg_name=NULL, msg_namelen=0, msg_iov=[{iov_base="l\1\1\1\374\0\0\0\207\3\0\0\235\0\0\0\1\1o\0;\0\0\0/re/frid"..., iov_len=428}], msg_iovlen=1, msg_controllen=0, msg_flags=0}, MSG_NOSIGNAL) = 428
30087 1783914148.686651 recvfrom(100, "nysv\0\0\0\0\0\0\0\0\0\0\0\0S\245 \303\202\2\0\0\1\203\2\0\0\0\0\0", 3200, MSG_DONTWAIT, NULL, NULL) = 32
30087 1783914148.686787 recvfrom(100, 0x7fc3986860, 3200, MSG_DONTWAIT, NULL, NULL) = -1 EAGAIN (Try again)
30197 1783914148.688477 sendmsg(177, {msg_name=NULL, msg_namelen=0, msg_iov=[{iov_base="l\1\1\1\374\0\0\0\210\3\0\0\235\0\0\0\1\1o\0;\0\0\0/re/frid"..., iov_len=428}], msg_iovlen=1, msg_controllen=0, msg_flags=0}, MSG_NOSIGNAL) = 428
30087 1783914149.157180 recvfrom(100, 0x7fc3986420, 3200, MSG_DONTWAIT, NULL, NULL) = -1 EAGAIN (Try again)
30087 1783914149.171410 recvfrom(100, "nysv\0\0\0\0\0\0\0\0\0\0\0\0\277\5\355\337\202\2\0\0\36\203\2\0\0\0\0\0", 3200, MSG_DONTWAIT, NULL, NULL) = 32
30087 1783914149.171570 recvfrom(100, 0x7fc3986860, 3200, MSG_DONTWAIT, NULL, NULL) = -1 EAGAIN (Try again)
30087 1783914149.171992 recvfrom(121, 0x7d29777820, 2272, MSG_DONTWAIT, NULL, NULL) = -1 EAGAIN (Try again)
30197 1783914149.183004 sendmsg(177, {msg_name=NULL, msg_namelen=0, msg_iov=[{iov_base="l\1\1\1\374\0\0\0\211\3\0\0\235\0\0\0\1\1o\0;\0\0\0/re/frid"..., iov_len=428}], msg_iovlen=1, msg_controllen=0, msg_flags=0}, MSG_NOSIGNAL) = 428
30087 1783914149.191256 recvfrom(100, 0x7fc3985d70, 3200, MSG_DONTWAIT, NULL, NULL) = -1 EAGAIN (Try again)
30087 1783914149.207263 recvfrom(100, "nysv\0\0\0\0\0\0\0\0\0\0\0\0\23\246\351\341\202\2\0\0 \203\2\0\0\0\0\0", 3200, MSG_DONTWAIT, NULL, NULL) = 32
30087 1783914149.207312 recvfrom(100, 0x7fc3986860, 3200, MSG_DONTWAIT, NULL, NULL) = -1 EAGAIN (Try again)
30087 1783914149.210569 recvfrom(100, 0x7fc3986760, 3200, MSG_DONTWAIT, NULL, NULL) = -1 EAGAIN (Try again)
30197 1783914149.218547 sendmsg(177, {msg_name=NULL, msg_namelen=0, msg_iov=[{iov_base="l\1\1\1\374\0\0\0\212\3\0\0\235\0\0\0\1\1o\0;\0\0\0/re/frid"..., iov_len=428}], msg_iovlen=1, msg_controllen=0, msg_flags=0}, MSG_NOSIGNAL <unfinished ...>
30087 1783914149.218942 recvfrom(100, "nysv\0\0\0\0\0\0\0\0\0\0\0\0\334D\350\342\202\2\0\0!\203\2\0\0\0\0\0", 3200, MSG_DONTWAIT, NULL, NULL) = 32
30087 1783914149.218968 recvfrom(100, 0x7fc3986860, 3200, MSG_DONTWAIT, NULL, NULL) = -1 EAGAIN (Try again)
30197 1783914149.219181 <... sendmsg resumed> ) = 428
30197 1783914149.223115 sendmsg(177, {msg_name=NULL, msg_namelen=0, msg_iov=[{iov_base="l\1\1\1\374\0\0\0\213\3\0\0\235\0\0\0\1\1o\0;\0\0\0/re/frid"..., iov_len=428}], msg_iovlen=1, msg_controllen=0, msg_flags=0}, MSG_NOSIGNAL) = 428
30197 1783914149.646157 sendmsg(177, {msg_name=NULL, msg_namelen=0, msg_iov=[{iov_base="l\1\1\1\374\0\0\0\214\3\0\0\235\0\0\0\1\1o\0;\0\0\0/re/frid"..., iov_len=428}], msg_iovlen=1, msg_controllen=0, msg_flags=0}, MSG_NOSIGNAL) = 428
30087 1783914149.658349 recvfrom(100, 0x7fc3986420, 3200, MSG_DONTWAIT, NULL, NULL) = -1 EAGAIN (Try again)
30197 1783914149.660103 sendmsg(177, {msg_name=NULL, msg_namelen=0, msg_iov=[{iov_base="l\1\1\1\374\0\0\0\215\3\0\0\235\0\0\0\1\1o\0;\0\0\0/re/frid"..., iov_len=428}], msg_iovlen=1, msg_controllen=0, msg_flags=0}, MSG_NOSIGNAL) = 428
30087 1783914149.669813 recvfrom(100, "nysv\0\0\0\0\0\0\0\0\0\0\0\0\324:\273\375\202\2\0\0<\203\2\0\0\0\0\0", 3200, MSG_DONTWAIT, NULL, NULL) = 32
30087 1783914149.669843 recvfrom(100, 0x7fc3986860, 3200, MSG_DONTWAIT, NULL, NULL) = -1 EAGAIN (Try again)
30087 1783914149.669875 recvfrom(121, 0x7d29777820, 2272, MSG_DONTWAIT, NULL, NULL) = -1 EAGAIN (Try again)
30197 1783914149.698942 sendmsg(177, {msg_name=NULL, msg_namelen=0, msg_iov=[{iov_base="l\1\1\1\374\0\0\0\216\3\0\0\235\0\0\0\1\1o\0;\0\0\0/re/frid"..., iov_len=428}], msg_iovlen=1, msg_controllen=0, msg_flags=0}, MSG_NOSIGNAL) = 428
30087 1783914149.704580 recvfrom(100, 0x7fc3985d70, 3200, MSG_DONTWAIT, NULL, NULL) = -1 EAGAIN (Try again)
30087 1783914149.719227 recvfrom(100, "nysv\0\0\0\0\0\0\0\0\0\0\0\0\30\351\266\0\203\2\0\0?\203\2\0\0\0\0\0", 3200, MSG_DONTWAIT, NULL, NULL) = 32
30087 1783914149.719257 recvfrom(100, 0x7fc3986860, 3200, MSG_DONTWAIT, NULL, NULL) = -1 EAGAIN (Try again)
30087 1783914149.728260 recvfrom(100, 0x7fc3986760, 3200, MSG_DONTWAIT, NULL, NULL) = -1 EAGAIN (Try again)
30197 1783914149.729649 sendmsg(177, {msg_name=NULL, msg_namelen=0, msg_iov=[{iov_base="l\1\1\1\374\0\0\0\217\3\0\0\235\0\0\0\1\1o\0;\0\0\0/re/frid"..., iov_len=428}], msg_iovlen=1, msg_controllen=0, msg_flags=0}, MSG_NOSIGNAL) = 428
30087 1783914149.736580 recvfrom(100, "nysv\0\0\0\0\0\0\0\0\0\0\0\0\323=\265\1\203\2\0\0@\203\2\0\0\0\0\0", 3200, MSG_DONTWAIT, NULL, NULL) = 32
30087 1783914149.736613 recvfrom(100, 0x7fc3986860, 3200, MSG_DONTWAIT, NULL, NULL) = -1 EAGAIN (Try again)
30197 1783914149.737857 sendmsg(177, {msg_name=NULL, msg_namelen=0, msg_iov=[{iov_base="l\1\1\1\374\0\0\0\220\3\0\0\235\0\0\0\1\1o\0;\0\0\0/re/frid"..., iov_len=428}], msg_iovlen=1, msg_controllen=0, msg_flags=0}, MSG_NOSIGNAL) = 428
30087 1783914150.159682 recvfrom(100, 0x7fc3986420, 3200, MSG_DONTWAIT, NULL, NULL) = -1 EAGAIN (Try again)
30087 1783914150.171562 recvfrom(100, "nysv\0\0\0\0\0\0\0\0\0\0\0\0\227\317\207\33\203\2\0\0Z\203\2\0\0\0\0\0", 3200, MSG_DONTWAIT, NULL, NULL) = 32
30087 1783914150.171843 recvfrom(100, 0x7fc3986860, 3200, MSG_DONTWAIT, NULL, NULL) = -1 EAGAIN (Try again)
30087 1783914150.172000 recvfrom(121, 0x7d29777820, 2272, MSG_DONTWAIT, NULL, NULL) = -1 EAGAIN (Try again)
30087 1783914150.188786 recvfrom(100, 0x7fc3985d70, 3200, MSG_DONTWAIT, NULL, NULL) = -1 EAGAIN (Try again)
30197 1783914150.190944 sendmsg(177, {msg_name=NULL, msg_namelen=0, msg_iov=[{iov_base="l\1\1\1\374\0\0\0\221\3\0\0\235\0\0\0\1\1o\0;\0\0\0/re/frid"..., iov_len=428}], msg_iovlen=1, msg_controllen=0, msg_flags=0}, MSG_NOSIGNAL) = 428
30087 1783914150.206862 recvfrom(100, "nysv\0\0\0\0\0\0\0\0\0\0\0\0\353o\204\35\203\2\0\0\\\203\2\0\0\0\0\0", 3200, MSG_DONTWAIT, NULL, NULL) = 32
30087 1783914150.206905 recvfrom(100, 0x7fc3986860, 3200, MSG_DONTWAIT, NULL, NULL) = -1 EAGAIN (Try again)
30087 1783914150.210135 recvfrom(100, 0x7fc3986760, 3200, MSG_DONTWAIT, NULL, NULL) = -1 EAGAIN (Try again)
30197 1783914150.214620 sendmsg(177, {msg_name=NULL, msg_namelen=0, msg_iov=[{iov_base="l\1\1\1\374\0\0\0\222\3\0\0\235\0\0\0\1\1o\0;\0\0\0/re/frid"..., iov_len=428}], msg_iovlen=1, msg_controllen=0, msg_flags=0}, MSG_NOSIGNAL) = 428
30087 1783914150.220142 recvfrom(100, "nysv\0\0\0\0\0\0\0\0\0\0\0\0\345\305\202\36\203\2\0\0]\203\2\0\0\0\0\0", 3200, MSG_DONTWAIT, NULL, NULL) = 32
30087 1783914150.220240 recvfrom(100, 0x7fc3986860, 3200, MSG_DONTWAIT, NULL, NULL) = -1 EAGAIN (Try again)
30197 1783914150.222463 sendmsg(177, {msg_name=NULL, msg_namelen=0, msg_iov=[{iov_base="l\1\1\1\374\0\0\0\223\3\0\0\235\0\0\0\1\1o\0;\0\0\0/re/frid"..., iov_len=428}], msg_iovlen=1, msg_controllen=0, msg_flags=0}, MSG_NOSIGNAL) = 428
30087 1783914150.663036 recvfrom(100, 0x7fc3986420, 3200, MSG_DONTWAIT, NULL, NULL) = -1 EAGAIN (Try again)
30087 1783914150.675399 recvfrom(100, "nysv\0\0\0\0\0\0\0\0\0\0\0\0\2034U9\203\2\0\0x\203\2\0\0\0\0\0", 3200, MSG_DONTWAIT, NULL, NULL) = 32
30087 1783914150.675428 recvfrom(100, 0x7fc3986860, 3200, MSG_DONTWAIT, NULL, NULL) = -1 EAGAIN (Try again)
30087 1783914150.675544 recvfrom(121, 0x7d29777820, 2272, MSG_DONTWAIT, NULL, NULL) = -1 EAGAIN (Try again)
30087 1783914150.679658 recvfrom(100, 0x7fc3985d70, 3200, MSG_DONTWAIT, NULL, NULL) = -1 EAGAIN (Try again)
30197 1783914150.681237 sendmsg(177, {msg_name=NULL, msg_namelen=0, msg_iov=[{iov_base="l\1\1\1\374\0\0\0\224\3\0\0\235\0\0\0\1\1o\0;\0\0\0/re/frid"..., iov_len=428}], msg_iovlen=1, msg_controllen=0, msg_flags=0}, MSG_NOSIGNAL) = 428
30087 1783914150.687028 recvfrom(100, "nysv\0\0\0\0\0\0\0\0\0\0\0\0000\240S:\203\2\0\0y\203\2\0\0\0\0\0", 3200, MSG_DONTWAIT, NULL, NULL) = 32
30087 1783914150.687056 recvfrom(100, 0x7fc3986860, 3200, MSG_DONTWAIT, NULL, NULL) = -1 EAGAIN (Try again)
30087 1783914150.688694 recvfrom(100, 0x7fc3986760, 3200, MSG_DONTWAIT, NULL, NULL) = -1 EAGAIN (Try again)
30197 1783914150.690566 sendmsg(177, {msg_name=NULL, msg_namelen=0, msg_iov=[{iov_base="l\1\1\1\374\0\0\0\225\3\0\0\235\0\0\0\1\1o\0;\0\0\0/re/frid"..., iov_len=428}], msg_iovlen=1, msg_controllen=0, msg_flags=0}, MSG_NOSIGNAL) = 428
30087 1783914150.707084 recvfrom(100, "nysv\0\0\0\0\0\0\0\0\0\0\0\0\327\324Q;\203\2\0\0z\203\2\0\0\0\0\0", 3200, MSG_DONTWAIT, NULL, NULL) = 32
30087 1783914150.707108 recvfrom(100, 0x7fc3986860, 3200, MSG_DONTWAIT, NULL, NULL) = -1 EAGAIN (Try again)
30197 1783914150.716577 sendmsg(177, {msg_name=NULL, msg_namelen=0, msg_iov=[{iov_base="l\1\1\1\374\0\0\0\226\3\0\0\235\0\0\0\1\1o\0;\0\0\0/re/frid"..., iov_len=428}], msg_iovlen=1, msg_controllen=0, msg_flags=0}, MSG_NOSIGNAL) = 428
30087 1783914151.166573 recvfrom(100, 0x7fc3986420, 3200, MSG_DONTWAIT, NULL, NULL) = -1 EAGAIN (Try again)
30087 1783914151.173012 recvfrom(100, "nysv\0\0\0\0\0\0\0\0\0\0\0\0o\231\"W\203\2\0\0\226\203\2\0\0\0\0\0", 3200, MSG_DONTWAIT, NULL, NULL) = 32
30087 1783914151.173132 recvfrom(100, 0x7fc3986860, 3200, MSG_DONTWAIT, NULL, NULL) = -1 EAGAIN (Try again)
30087 1783914151.173293 recvfrom(121, 0x7d29777820, 2272, MSG_DONTWAIT, NULL, NULL) = -1 EAGAIN (Try again)
30087 1783914151.190269 recvfrom(100, 0x7fc3985d70, 3200, MSG_DONTWAIT, NULL, NULL) = -1 EAGAIN (Try again)
30197 1783914151.192594 sendmsg(177, {msg_name=NULL, msg_namelen=0, msg_iov=[{iov_base="l\1\1\1\374\0\0\0\227\3\0\0\235\0\0\0\1\1o\0;\0\0\0/re/frid"..., iov_len=428}], msg_iovlen=1, msg_controllen=0, msg_flags=0}, MSG_NOSIGNAL) = 428
30087 1783914151.205912 recvfrom(100, "nysv\0\0\0\0\0\0\0\0\0\0\0\0\3039\37Y\203\2\0\0\230\203\2\0\0\0\0\0", 3200, MSG_DONTWAIT, NULL, NULL) = 32
30087 1783914151.205948 recvfrom(100, 0x7fc3986860, 3200, MSG_DONTWAIT, NULL, NULL) = -1 EAGAIN (Try again)
30087 1783914151.212681 recvfrom(100, 0x7fc3986760, 3200, MSG_DONTWAIT, NULL, NULL) = -1 EAGAIN (Try again)
30197 1783914151.216468 sendmsg(177, {msg_name=NULL, msg_namelen=0, msg_iov=[{iov_base="l\1\1\1\374\0\0\0\230\3\0\0\235\0\0\0\1\1o\0;\0\0\0/re/frid"..., iov_len=428}], msg_iovlen=1, msg_controllen=0, msg_flags=0}, MSG_NOSIGNAL) = 428
30087 1783914151.218897 recvfrom(100, "nysv\0\0\0\0\0\0\0\0\0\0\0\0\366\310\35Z\203\2\0\0\231\203\2\0\0\0\0\0", 3200, MSG_DONTWAIT, NULL, NULL) = 32
30087 1783914151.218925 recvfrom(100, 0x7fc3986860, 3200, MSG_DONTWAIT, NULL, NULL) = -1 EAGAIN (Try again)
30197 1783914151.221375 sendmsg(177, {msg_name=NULL, msg_namelen=0, msg_iov=[{iov_base="l\1\1\1\374\0\0\0\231\3\0\0\235\0\0\0\1\1o\0;\0\0\0/re/frid"..., iov_len=428}], msg_iovlen=1, msg_controllen=0, msg_flags=0}, MSG_NOSIGNAL) = 428
30087 1783914151.671446 recvfrom(100, 0x7fc3986420, 3200, MSG_DONTWAIT, NULL, NULL) = -1 EAGAIN (Try again)
30087 1783914151.688761 recvfrom(100, "nysv\0\0\0\0\0\0\0\0\0\0\0\0\205N\356u\203\2\0\0\264\203\2\0\0\0\0\0", 3200, MSG_DONTWAIT, NULL, NULL) = 32
30087 1783914151.689011 recvfrom(100, 0x7fc3986860, 3200, MSG_DONTWAIT, NULL, NULL) = -1 EAGAIN (Try again)
30087 1783914151.689111 recvfrom(121, 0x7d29777820, 2272, MSG_DONTWAIT, NULL, NULL) = -1 EAGAIN (Try again)
30087 1783914151.707272 recvfrom(100, 0x7fc3985d70, 3200, MSG_DONTWAIT, NULL, NULL) = -1 EAGAIN (Try again)
30197 1783914151.709338 sendmsg(177, {msg_name=NULL, msg_namelen=0, msg_iov=[{iov_base="l\1\1\1\374\0\0\0\232\3\0\0\235\0\0\0\1\1o\0;\0\0\0/re/frid"..., iov_len=428}], msg_iovlen=1, msg_controllen=0, msg_flags=0}, MSG_NOSIGNAL) = 428
30087 1783914151.719380 recvfrom(100, "nysv\0\0\0\0\0\0\0\0\0\0\0\0\36^\353w\203\2\0\0\266\203\2\0\0\0\0\0", 3200, MSG_DONTWAIT, NULL, NULL) = 32
30087 1783914151.719420 recvfrom(100, 0x7fc3986860, 3200, MSG_DONTWAIT, NULL, NULL) = -1 EAGAIN (Try again)
30087 1783914151.731922 recvfrom(100, 0x7fc3986760, 3200, MSG_DONTWAIT, NULL, NULL) = -1 EAGAIN (Try again)
30197 1783914151.733569 sendmsg(177, {msg_name=NULL, msg_namelen=0, msg_iov=[{iov_base="l\1\1\1\374\0\0\0\233\3\0\0\235\0\0\0\1\1o\0;\0\0\0/re/frid"..., iov_len=428}], msg_iovlen=1, msg_controllen=0, msg_flags=0}, MSG_NOSIGNAL) = 428
30087 1783914151.735236 recvfrom(100, "nysv\0\0\0\0\0\0\0\0\0\0\0\09\1\352x\203\2\0\0\267\203\2\0\0\0\0\0", 3200, MSG_DONTWAIT, NULL, NULL) = 32
30087 1783914151.735263 recvfrom(100, 0x7fc3986860, 3200, MSG_DONTWAIT, NULL, NULL) = -1 EAGAIN (Try again)
30197 1783914151.737601 sendmsg(177, {msg_name=NULL, msg_namelen=0, msg_iov=[{iov_base="l\1\1\1\374\0\0\0\234\3\0\0\235\0\0\0\1\1o\0;\0\0\0/re/frid"..., iov_len=428}], msg_iovlen=1, msg_controllen=0, msg_flags=0}, MSG_NOSIGNAL) = 428
30087 1783914152.173365 recvfrom(100, 0x7fc3986420, 3200, MSG_DONTWAIT, NULL, NULL) = -1 EAGAIN (Try again)
30087 1783914152.187403 recvfrom(100, "nysv\0\0\0\0\0\0\0\0\0\0\0\0V\313\273\223\203\2\0\0\321\203\2\0\0\0\0\0", 3200, MSG_DONTWAIT, NULL, NULL) = 32
30087 1783914152.187637 recvfrom(100, 0x7fc3986860, 3200, MSG_DONTWAIT, NULL, NULL) = -1 EAGAIN (Try again)
30087 1783914152.187760 recvfrom(121, 0x7d29777820, 2272, MSG_DONTWAIT, NULL, NULL) = -1 EAGAIN (Try again)
30197 1783914152.197159 sendmsg(177, {msg_name=NULL, msg_namelen=0, msg_iov=[{iov_base="l\1\1\1\374\0\0\0\235\3\0\0\235\0\0\0\1\1o\0;\0\0\0/re/frid"..., iov_len=428}], msg_iovlen=1, msg_controllen=0, msg_flags=0}, MSG_NOSIGNAL) = 428
30087 1783914152.205258 recvfrom(100, 0x7fc3985d70, 3200, MSG_DONTWAIT, NULL, NULL) = -1 EAGAIN (Try again)
30087 1783914152.225226 recvfrom(100, "nysv\0\0\0\0\0\0\0\0\0\0\0\0\305S\270\225\203\2\0\0\323\203\2\0\0\0\0\0", 3200, MSG_DONTWAIT, NULL, NULL) = 32
30087 1783914152.225262 recvfrom(100, 0x7fc3986860, 3200, MSG_DONTWAIT, NULL, NULL) = -1 EAGAIN (Try again)
30087 1783914152.228562 recvfrom(100, 0x7fc3986760, 3200, MSG_DONTWAIT, NULL, NULL) = -1 EAGAIN (Try again)
30087 1783914152.235391 recvfrom(100, "nysv\0\0\0\0\0\0\0\0\0\0\0\0\321\366\266\226\203\2\0\0\324\203\2\0\0\0\0\0", 3200, MSG_DONTWAIT, NULL, NULL) = 32
30087 1783914152.235444 recvfrom(100, 0x7fc3986860, 3200, MSG_DONTWAIT, NULL, NULL) = -1 EAGAIN (Try again)
30197 1783914152.236466 sendmsg(177, {msg_name=NULL, msg_namelen=0, msg_iov=[{iov_base="l\1\1\1\374\0\0\0\236\3\0\0\235\0\0\0\1\1o\0;\0\0\0/re/frid"..., iov_len=428}], msg_iovlen=1, msg_controllen=0, msg_flags=0}, MSG_NOSIGNAL) = 428
30197 1783914152.237159 sendmsg(177, {msg_name=NULL, msg_namelen=0, msg_iov=[{iov_base="l\1\1\1\374\0\0\0\237\3\0\0\235\0\0\0\1\1o\0;\0\0\0/re/frid"..., iov_len=428}], msg_iovlen=1, msg_controllen=0, msg_flags=0}, MSG_NOSIGNAL) = 428
30087 1783914152.675249 recvfrom(100, 0x7fc3986420, 3200, MSG_DONTWAIT, NULL, NULL) = -1 EAGAIN (Try again)
30087 1783914152.686152 recvfrom(100, "nysv\0\0\0\0\0\0\0\0\0\0\0\0ZK\211\261\203\2\0\0\357\203\2\0\0\0\0\0", 3200, MSG_DONTWAIT, NULL, NULL) = 32
30087 1783914152.686292 recvfrom(100, 0x7fc3986860, 3200, MSG_DONTWAIT, NULL, NULL) = -1 EAGAIN (Try again)
30087 1783914152.686953 recvfrom(121, 0x7d29777820, 2272, MSG_DONTWAIT, NULL, NULL) = -1 EAGAIN (Try again)
30197 1783914152.696986 sendmsg(177, {msg_name=NULL, msg_namelen=0, msg_iov=[{iov_base="l\1\1\1\374\0\0\0\240\3\0\0\235\0\0\0\1\1o\0;\0\0\0/re/frid"..., iov_len=428}], msg_iovlen=1, msg_controllen=0, msg_flags=0}, MSG_NOSIGNAL) = 428
30087 1783914152.705183 recvfrom(100, 0x7fc3985d70, 3200, MSG_DONTWAIT, NULL, NULL) = -1 EAGAIN (Try again)
30087 1783914152.725105 recvfrom(100, "nysv\0\0\0\0\0\0\0\0\0\0\0\0\261\270\205\263\203\2\0\0\361\203\2\0\0\0\0\0", 3200, MSG_DONTWAIT, NULL, NULL) = 32
30087 1783914152.725560 recvfrom(100, 0x7fc3986860, 3200, MSG_DONTWAIT, NULL, NULL) = -1 EAGAIN (Try again)
30087 1783914152.734453 recvfrom(100, 0x7fc3986760, 3200, MSG_DONTWAIT, NULL, NULL) = -1 EAGAIN (Try again)
30087 1783914152.737009 recvfrom(100, "nysv\0\0\0\0\0\0\0\0\0\0\0\0\211@\204\264\203\2\0\0\362\203\2\0\0\0\0\0", 3200, MSG_DONTWAIT, NULL, NULL) = 32
30087 1783914152.737058 recvfrom(100, 0x7fc3986860, 3200, MSG_DONTWAIT, NULL, NULL) = -1 EAGAIN (Try again)
30197 1783914152.738904 sendmsg(177, {msg_name=NULL, msg_namelen=0, msg_iov=[{iov_base="l\1\1\1\374\0\0\0\241\3\0\0\235\0\0\0\1\1o\0;\0\0\0/re/frid"..., iov_len=428}], msg_iovlen=1, msg_controllen=0, msg_flags=0}, MSG_NOSIGNAL) = 428
30197 1783914152.739707 sendmsg(177, {msg_name=NULL, msg_namelen=0, msg_iov=[{iov_base="l\1\1\1\374\0\0\0\242\3\0\0\235\0\0\0\1\1o\0;\0\0\0/re/frid"..., iov_len=428}], msg_iovlen=1, msg_controllen=0, msg_flags=0}, MSG_NOSIGNAL) = 428
30087 1783914153.181003 recvfrom(100, 0x7fc3986420, 3200, MSG_DONTWAIT, NULL, NULL) = -1 EAGAIN (Try again)
30087 1783914153.186923 recvfrom(100, "nysv\0\0\0\0\0\0\0\0\0\0\0\0\v\360V\317\203\2\0\0\r\204\2\0\0\0\0\0", 3200, MSG_DONTWAIT, NULL, NULL) = 32
30087 1783914153.186955 recvfrom(100, 0x7fc3986860, 3200, MSG_DONTWAIT, NULL, NULL) = -1 EAGAIN (Try again)
30087 1783914153.186994 recvfrom(121, 0x7d29777820, 2272, MSG_DONTWAIT, NULL, NULL) = -1 EAGAIN (Try again)
30197 1783914153.192956 sendmsg(177, {msg_name=NULL, msg_namelen=0, msg_iov=[{iov_base="l\1\1\1\374\0\0\0\243\3\0\0\235\0\0\0\1\1o\0;\0\0\0/re/frid"..., iov_len=428}], msg_iovlen=1, msg_controllen=0, msg_flags=0}, MSG_NOSIGNAL) = 428
30087 1783914153.199369 recvfrom(100, 0x7fc3985d70, 3200, MSG_DONTWAIT, NULL, NULL) = -1 EAGAIN (Try again)
30087 1783914153.203011 recvfrom(100, "nysv\0\0\0\0\0\0\0\0\0\0\0\0HRU\320\203\2\0\0\16\204\2\0\0\0\0\0", 3200, MSG_DONTWAIT, NULL, NULL) = 32
30087 1783914153.203367 recvfrom(100, 0x7fc3986860, 3200, MSG_DONTWAIT, NULL, NULL) = -1 EAGAIN (Try again)
30087 1783914153.211300 recvfrom(100, 0x7fc3986760, 3200, MSG_DONTWAIT, NULL, NULL) = -1 EAGAIN (Try again)
30197 1783914153.212453 sendmsg(177, {msg_name=NULL, msg_namelen=0, msg_iov=[{iov_base="l\1\1\1\374\0\0\0\244\3\0\0\235\0\0\0\1\1o\0;\0\0\0/re/frid"..., iov_len=428}], msg_iovlen=1, msg_controllen=0, msg_flags=0}, MSG_NOSIGNAL) = 428
30087 1783914153.220283 recvfrom(100, "nysv\0\0\0\0\0\0\0\0\0\0\0\0\253\217S\321\203\2\0\0\17\204\2\0\0\0\0\0", 3200, MSG_DONTWAIT, NULL, NULL) = 32
30087 1783914153.220442 recvfrom(100, 0x7fc3986860, 3200, MSG_DONTWAIT, NULL, NULL) = -1 EAGAIN (Try again)
30197 1783914153.221461 sendmsg(177, {msg_name=NULL, msg_namelen=0, msg_iov=[{iov_base="l\1\1\1\374\0\0\0\245\3\0\0\235\0\0\0\1\1o\0;\0\0\0/re/frid"..., iov_len=428}], msg_iovlen=1, msg_controllen=0, msg_flags=0}, MSG_NOSIGNAL) = 428
30087 1783914153.684891 recvfrom(100, 0x7fc3986420, 3200, MSG_DONTWAIT, NULL, NULL) = -1 EAGAIN (Try again)
30087 1783914153.686435 recvfrom(100, "nysv\0\0\0\0\0\0\0\0\0\0\0\0(\35$\355\203\2\0\0+\204\2\0\0\0\0\0", 3200, MSG_DONTWAIT, NULL, NULL) = 32
30087 1783914153.686788 recvfrom(100, 0x7fc3986860, 3200, MSG_DONTWAIT, NULL, NULL) = -1 EAGAIN (Try again)
30087 1783914153.686892 recvfrom(121, 0x7d29777820, 2272, MSG_DONTWAIT, NULL, NULL) = -1 EAGAIN (Try again)
30197 1783914153.696771 sendmsg(177, {msg_name=NULL, msg_namelen=0, msg_iov=[{iov_base="l\1\1\1\374\0\0\0\246\3\0\0\235\0\0\0\1\1o\0;\0\0\0/re/frid"..., iov_len=428}], msg_iovlen=1, msg_controllen=0, msg_flags=0}, MSG_NOSIGNAL) = 428
30087 1783914153.704755 recvfrom(100, 0x7fc3985d70, 3200, MSG_DONTWAIT, NULL, NULL) = -1 EAGAIN (Try again)
30087 1783914153.725215 recvfrom(100, "nysv\0\0\0\0\0\0\0\0\0\0\0\0\211\202 \357\203\2\0\0-\204\2\0\0\0\0\0", 3200, MSG_DONTWAIT, NULL, NULL) = 32
30087 1783914153.725251 recvfrom(100, 0x7fc3986860, 3200, MSG_DONTWAIT, NULL, NULL) = -1 EAGAIN (Try again)
30087 1783914153.736286 recvfrom(100, 0x7fc3986760, 3200, MSG_DONTWAIT, NULL, NULL) = -1 EAGAIN (Try again)
30197 1783914153.738219 sendmsg(177, {msg_name=NULL, msg_namelen=0, msg_iov=[{iov_base="l\1\1\1\374\0\0\0\247\3\0\0\235\0\0\0\1\1o\0;\0\0\0/re/frid"..., iov_len=428}], msg_iovlen=1, msg_controllen=0, msg_flags=0}, MSG_NOSIGNAL) = 428
30087 1783914153.753083 recvfrom(100, "nysv\0\0\0\0\0\0\0\0\0\0\0\08]\35\361\203\2\0\0/\204\2\0\0\0\0\0", 3200, MSG_DONTWAIT, NULL, NULL) = 32
30087 1783914153.753105 recvfrom(100, 0x7fc3986860, 3200, MSG_DONTWAIT, NULL, NULL) = -1 EAGAIN (Try again)
30197 1783914153.756098 sendmsg(177, {msg_name=NULL, msg_namelen=0, msg_iov=[{iov_base="l\1\1\1\374\0\0\0\250\3\0\0\235\0\0\0\1\1o\0;\0\0\0/re/frid"..., iov_len=428}], msg_iovlen=1, msg_controllen=0, msg_flags=0}, MSG_NOSIGNAL) = 428
30087 1783914154.188727 recvfrom(100, 0x7fc3986420, 3200, MSG_DONTWAIT, NULL, NULL) = -1 EAGAIN (Try again)
30087 1783914154.204019 recvfrom(100, "nysv\0\0\0\0\0\0\0\0\0\0\0\0K\227\357\v\204\2\0\0J\204\2\0\0\0\0\0", 3200, MSG_DONTWAIT, NULL, NULL) = 32
30087 1783914154.204141 recvfrom(100, 0x7fc3986860, 3200, MSG_DONTWAIT, NULL, NULL) = -1 EAGAIN (Try again)
30087 1783914154.204493 recvfrom(121, 0x7d29777820, 2272, MSG_DONTWAIT, NULL, NULL) = -1 EAGAIN (Try again)
30197 1783914154.213456 sendmsg(177, {msg_name=NULL, msg_namelen=0, msg_iov=[{iov_base="l\1\1\1\374\0\0\0\251\3\0\0\235\0\0\0\1\1o\0;\0\0\0/re/frid"..., iov_len=428}], msg_iovlen=1, msg_controllen=0, msg_flags=0}, MSG_NOSIGNAL) = 428
30087 1783914154.221663 recvfrom(100, 0x7fc3985d70, 3200, MSG_DONTWAIT, NULL, NULL) = -1 EAGAIN (Try again)
30087 1783914154.242358 recvfrom(100, "nysv\0\0\0\0\0\0\0\0\0\0\0\0\2377\354\r\204\2\0\0L\204\2\0\0\0\0\0", 3200, MSG_DONTWAIT, NULL, NULL) = 32
30087 1783914154.242569 recvfrom(100, 0x7fc3986860, 3200, MSG_DONTWAIT, NULL, NULL) = -1 EAGAIN (Try again)
30087 1783914154.245671 recvfrom(100, 0x7fc3986760, 3200, MSG_DONTWAIT, NULL, NULL) = -1 EAGAIN (Try again)
30197 1783914154.251412 sendmsg(177, {msg_name=NULL, msg_namelen=0, msg_iov=[{iov_base="l\1\1\1\374\0\0\0\252\3\0\0\235\0\0\0\1\1o\0;\0\0\0/re/frid"..., iov_len=428}], msg_iovlen=1, msg_controllen=0, msg_flags=0}, MSG_NOSIGNAL) = 428
30087 1783914154.253045 recvfrom(100, "nysv\0\0\0\0\0\0\0\0\0\0\0\0\16\326\352\16\204\2\0\0M\204\2\0\0\0\0\0", 3200, MSG_DONTWAIT, NULL, NULL) = 32
30087 1783914154.253067 recvfrom(100, 0x7fc3986860, 3200, MSG_DONTWAIT, NULL, NULL) = -1 EAGAIN (Try again)
30197 1783914154.255995 sendmsg(177, {msg_name=NULL, msg_namelen=0, msg_iov=[{iov_base="l\1\1\1\374\0\0\0\253\3\0\0\235\0\0\0\1\1o\0;\0\0\0/re/frid"..., iov_len=428}], msg_iovlen=1, msg_controllen=0, msg_flags=0}, MSG_NOSIGNAL) = 428
30087 1783914154.690169 recvfrom(100, 0x7fc3986420, 3200, MSG_DONTWAIT, NULL, NULL) = -1 EAGAIN (Try again)
30087 1783914154.705456 recvfrom(100, "nysv\0\0\0\0\0\0\0\0\0\0\0\0007\374\274)\204\2\0\0h\204\2\0\0\0\0\0", 3200, MSG_DONTWAIT, NULL, NULL) = 32
30087 1783914154.705579 recvfrom(100, 0x7fc3986860, 3200, MSG_DONTWAIT, NULL, NULL) = -1 EAGAIN (Try again)
30087 1783914154.705937 recvfrom(121, 0x7d29777820, 2272, MSG_DONTWAIT, NULL, NULL) = -1 EAGAIN (Try again)
30197 1783914154.714901 sendmsg(177, {msg_name=NULL, msg_namelen=0, msg_iov=[{iov_base="l\1\1\1\374\0\0\0\254\3\0\0\235\0\0\0\1\1o\0;\0\0\0/re/frid"..., iov_len=428}], msg_iovlen=1, msg_controllen=0, msg_flags=0}, MSG_NOSIGNAL) = 428
30087 1783914154.723363 recvfrom(100, 0x7fc3985d70, 3200, MSG_DONTWAIT, NULL, NULL) = -1 EAGAIN (Try again)
30087 1783914154.737080 recvfrom(100, "nysv\0\0\0\0\0\0\0\0\0\0\0\0006\327\271+\204\2\0\0j\204\2\0\0\0\0\0", 3200, MSG_DONTWAIT, NULL, NULL) = 32
30087 1783914154.737128 recvfrom(100, 0x7fc3986860, 3200, MSG_DONTWAIT, NULL, NULL) = -1 EAGAIN (Try again)
30087 1783914154.746767 recvfrom(100, 0x7fc3986760, 3200, MSG_DONTWAIT, NULL, NULL) = -1 EAGAIN (Try again)
30197 1783914154.751244 sendmsg(177, {msg_name=NULL, msg_namelen=0, msg_iov=[{iov_base="l\1\1\1\374\0\0\0\255\3\0\0\235\0\0\0\1\1o\0;\0\0\0/re/frid"..., iov_len=428}], msg_iovlen=1, msg_controllen=0, msg_flags=0}, MSG_NOSIGNAL) = 428
30087 1783914154.752035 recvfrom(100, "nysv\0\0\0\0\0\0\0\0\0\0\0\0\vz\270,\204\2\0\0k\204\2\0\0\0\0\0", 3200, MSG_DONTWAIT, NULL, NULL) = 32
30087 1783914154.752060 recvfrom(100, 0x7fc3986860, 3200, MSG_DONTWAIT, NULL, NULL) = -1 EAGAIN (Try again)
30197 1783914154.753533 sendmsg(177, {msg_name=NULL, msg_namelen=0, msg_iov=[{iov_base="l\1\1\1\374\0\0\0\256\3\0\0\235\0\0\0\1\1o\0;\0\0\0/re/frid"..., iov_len=428}], msg_iovlen=1, msg_controllen=0, msg_flags=0}, MSG_NOSIGNAL) = 428
30087 1783914155.191966 recvfrom(100, 0x7fc3986420, 3200, MSG_DONTWAIT, NULL, NULL) = -1 EAGAIN (Try again)
30087 1783914155.205660 recvfrom(100, "nysv\0\0\0\0\0\0\0\0\0\0\0\0#a\212G\204\2\0\0\206\204\2\0\0\0\0\0", 3200, MSG_DONTWAIT, NULL, NULL) = 32
30087 1783914155.205757 recvfrom(100, 0x7fc3986860, 3200, MSG_DONTWAIT, NULL, NULL) = -1 EAGAIN (Try again)
30087 1783914155.206023 recvfrom(121, 0x7d29777820, 2272, MSG_DONTWAIT, NULL, NULL) = -1 EAGAIN (Try again)
30197 1783914155.215311 sendmsg(177, {msg_name=NULL, msg_namelen=0, msg_iov=[{iov_base="l\1\1\1\374\0\0\0\257\3\0\0\235\0\0\0\1\1o\0;\0\0\0/re/frid"..., iov_len=428}], msg_iovlen=1, msg_controllen=0, msg_flags=0}, MSG_NOSIGNAL) = 428
30087 1783914155.223899 recvfrom(100, 0x7fc3985d70, 3200, MSG_DONTWAIT, NULL, NULL) = -1 EAGAIN (Try again)
30087 1783914155.240974 recvfrom(100, "nysv\0\0\0\0\0\0\0\0\0\0\0\0w\1\207I\204\2\0\0\210\204\2\0\0\0\0\0", 3200, MSG_DONTWAIT, NULL, NULL) = 32
30087 1783914155.241169 recvfrom(100, 0x7fc3986860, 3200, MSG_DONTWAIT, NULL, NULL) = -1 EAGAIN (Try again)
30087 1783914155.244832 recvfrom(100, 0x7fc3986760, 3200, MSG_DONTWAIT, NULL, NULL) = -1 EAGAIN (Try again)
30197 1783914155.251025 sendmsg(177, {msg_name=NULL, msg_namelen=0, msg_iov=[{iov_base="l\1\1\1\374\0\0\0\260\3\0\0\235\0\0\0\1\1o\0;\0\0\0/re/frid"..., iov_len=428}], msg_iovlen=1, msg_controllen=0, msg_flags=0}, MSG_NOSIGNAL) = 428
30087 1783914155.252588 recvfrom(100, "nysv\0\0\0\0\0\0\0\0\0\0\0\09\242\205J\204\2\0\0\211\204\2\0\0\0\0\0", 3200, MSG_DONTWAIT, NULL, NULL) = 32
30087 1783914155.252617 recvfrom(100, 0x7fc3986860, 3200, MSG_DONTWAIT, NULL, NULL) = -1 EAGAIN (Try again)
30197 1783914155.255346 sendmsg(177, {msg_name=NULL, msg_namelen=0, msg_iov=[{iov_base="l\1\1\1\374\0\0\0\261\3\0\0\235\0\0\0\1\1o\0;\0\0\0/re/frid"..., iov_len=428}], msg_iovlen=1, msg_controllen=0, msg_flags=0}, MSG_NOSIGNAL) = 428
30087 1783914155.695159 recvfrom(100, 0x7fc3986420, 3200, MSG_DONTWAIT, NULL, NULL) = -1 EAGAIN (Try again)
30087 1783914155.705167 recvfrom(100, "nysv\0\0\0\0\0\0\0\0\0\0\0\0\17\306We\204\2\0\0\244\204\2\0\0\0\0\0", 3200, MSG_DONTWAIT, NULL, NULL) = 32
30087 1783914155.705201 recvfrom(100, 0x7fc3986860, 3200, MSG_DONTWAIT, NULL, NULL) = -1 EAGAIN (Try again)
30087 1783914155.705239 recvfrom(121, 0x7d29777820, 2272, MSG_DONTWAIT, NULL, NULL) = -1 EAGAIN (Try again)
30087 1783914155.709869 recvfrom(100, 0x7fc3985d70, 3200, MSG_DONTWAIT, NULL, NULL) = -1 EAGAIN (Try again)
30197 1783914155.711657 sendmsg(177, {msg_name=NULL, msg_namelen=0, msg_iov=[{iov_base="l\1\1\1\374\0\0\0\262\3\0\0\235\0\0\0\1\1o\0;\0\0\0/re/frid"..., iov_len=428}], msg_iovlen=1, msg_controllen=0, msg_flags=0}, MSG_NOSIGNAL) = 428
30087 1783914155.718944 recvfrom(100, "nysv\0\0\0\0\0\0\0\0\0\0\0\0\353ZVf\204\2\0\0\245\204\2\0\0\0\0\0", 3200, MSG_DONTWAIT, NULL, NULL) = 32
30087 1783914155.718977 recvfrom(100, 0x7fc3986860, 3200, MSG_DONTWAIT, NULL, NULL) = -1 EAGAIN (Try again)
30087 1783914155.727118 recvfrom(100, 0x7fc3986760, 3200, MSG_DONTWAIT, NULL, NULL) = -1 EAGAIN (Try again)
30197 1783914155.729855 sendmsg(177, {msg_name=NULL, msg_namelen=0, msg_iov=[{iov_base="l\1\1\1\374\0\0\0\263\3\0\0\235\0\0\0\1\1o\0;\0\0\0/re/frid"..., iov_len=428}], msg_iovlen=1, msg_controllen=0, msg_flags=0}, MSG_NOSIGNAL) = 428
30087 1783914155.736505 recvfrom(100, "nysv\0\0\0\0\0\0\0\0\0\0\0\0t\261Tg\204\2\0\0\246\204\2\0\0\0\0\0", 3200, MSG_DONTWAIT, NULL, NULL) = 32
30087 1783914155.736525 recvfrom(100, 0x7fc3986860, 3200, MSG_DONTWAIT, NULL, NULL) = -1 EAGAIN (Try again)
30197 1783914155.738359 sendmsg(177, {msg_name=NULL, msg_namelen=0, msg_iov=[{iov_base="l\1\1\1\374\0\0\0\264\3\0\0\235\0\0\0\1\1o\0;\0\0\0/re/frid"..., iov_len=428}], msg_iovlen=1, msg_controllen=0, msg_flags=0}, MSG_NOSIGNAL) = 428
30087 1783914156.196292 recvfrom(100, 0x7fc3986420, 3200, MSG_DONTWAIT, NULL, NULL) = -1 EAGAIN (Try again)
30087 1783914156.204067 recvfrom(100, "nysv\0\0\0\0\0\0\0\0\0\0\0\0\373*%\203\204\2\0\0\302\204\2\0\0\0\0\0", 3200, MSG_DONTWAIT, NULL, NULL) = 32
30087 1783914156.204529 recvfrom(100, 0x7fc3986860, 3200, MSG_DONTWAIT, NULL, NULL) = -1 EAGAIN (Try again)
30087 1783914156.204667 recvfrom(121, 0x7d29777820, 2272, MSG_DONTWAIT, NULL, NULL) = -1 EAGAIN (Try again)
30197 1783914156.214326 sendmsg(177, {msg_name=NULL, msg_namelen=0, msg_iov=[{iov_base="l\1\1\1\374\0\0\0\265\3\0\0\235\0\0\0\1\1o\0;\0\0\0/re/frid"..., iov_len=428}], msg_iovlen=1, msg_controllen=0, msg_flags=0}, MSG_NOSIGNAL) = 428
30087 1783914156.222004 recvfrom(100, 0x7fc3985d70, 3200, MSG_DONTWAIT, NULL, NULL) = -1 EAGAIN (Try again)
30087 1783914156.239384 recvfrom(100, "nysv\0\0\0\0\0\0\0\0\0\0\0\0O\313!\205\204\2\0\0\304\204\2\0\0\0\0\0", 3200, MSG_DONTWAIT, NULL, NULL) = 32
30087 1783914156.239624 recvfrom(100, 0x7fc3986860, 3200, MSG_DONTWAIT, NULL, NULL) = -1 EAGAIN (Try again)
30087 1783914156.247919 recvfrom(100, 0x7fc3986760, 3200, MSG_DONTWAIT, NULL, NULL) = -1 EAGAIN (Try again)
30197 1783914156.251400 sendmsg(177, {msg_name=NULL, msg_namelen=0, msg_iov=[{iov_base="l\1\1\1\374\0\0\0\266\3\0\0\235\0\0\0\1\1o\0;\0\0\0/re/frid"..., iov_len=428}], msg_iovlen=1, msg_controllen=0, msg_flags=0}, MSG_NOSIGNAL) = 428
30087 1783914156.252665 recvfrom(100, "nysv\0\0\0\0\0\0\0\0\0\0\0\0\375N \206\204\2\0\0\305\204\2\0\0\0\0\0", 3200, MSG_DONTWAIT, NULL, NULL) = 32
30087 1783914156.252691 recvfrom(100, 0x7fc3986860, 3200, MSG_DONTWAIT, NULL, NULL) = -1 EAGAIN (Try again)
30197 1783914156.255226 sendmsg(177, {msg_name=NULL, msg_namelen=0, msg_iov=[{iov_base="l\1\1\1\374\0\0\0\267\3\0\0\235\0\0\0\1\1o\0;\0\0\0/re/frid"..., iov_len=428}], msg_iovlen=1, msg_controllen=0, msg_flags=0}, MSG_NOSIGNAL) = 428
30087 1783914156.701624 recvfrom(100, 0x7fc3986420, 3200, MSG_DONTWAIT, NULL, NULL) = -1 EAGAIN (Try again)
30087 1783914156.705031 recvfrom(100, "nysv\0\0\0\0\0\0\0\0\0\0\0\0\347\217\362\240\204\2\0\0\340\204\2\0\0\0\0\0", 3200, MSG_DONTWAIT, NULL, NULL) = 32
30087 1783914156.705152 recvfrom(100, 0x7fc3986860, 3200, MSG_DONTWAIT, NULL, NULL) = -1 EAGAIN (Try again)
30087 1783914156.705277 recvfrom(121, 0x7d29777820, 2272, MSG_DONTWAIT, NULL, NULL) = -1 EAGAIN (Try again)
30197 1783914156.714842 sendmsg(177, {msg_name=NULL, msg_namelen=0, msg_iov=[{iov_base="l\1\1\1\374\0\0\0\270\3\0\0\235\0\0\0\1\1o\0;\0\0\0/re/frid"..., iov_len=428}], msg_iovlen=1, msg_controllen=0, msg_flags=0}, MSG_NOSIGNAL) = 428
30087 1783914156.722663 recvfrom(100, 0x7fc3985d70, 3200, MSG_DONTWAIT, NULL, NULL) = -1 EAGAIN (Try again)
30087 1783914156.738642 recvfrom(100, "nysv\0\0\0\0\0\0\0\0\0\0\0\0;0\357\242\204\2\0\0\342\204\2\0\0\0\0\0", 3200, MSG_DONTWAIT, NULL, NULL) = 32
30087 1783914156.738676 recvfrom(100, 0x7fc3986860, 3200, MSG_DONTWAIT, NULL, NULL) = -1 EAGAIN (Try again)
30087 1783914156.747760 recvfrom(100, 0x7fc3986760, 3200, MSG_DONTWAIT, NULL, NULL) = -1 EAGAIN (Try again)
30197 1783914156.750642 sendmsg(177, {msg_name=NULL, msg_namelen=0, msg_iov=[{iov_base="l\1\1\1\374\0\0\0\271\3\0\0\235\0\0\0\1\1o\0;\0\0\0/re/frid"..., iov_len=428}], msg_iovlen=1, msg_controllen=0, msg_flags=0}, MSG_NOSIGNAL) = 428
30087 1783914156.751971 recvfrom(100, "nysv\0\0\0\0\0\0\0\0\0\0\0\0^\323\355\243\204\2\0\0\343\204\2\0\0\0\0\0", 3200, MSG_DONTWAIT, NULL, NULL) = 32
30087 1783914156.751992 recvfrom(100, 0x7fc3986860, 3200, MSG_DONTWAIT, NULL, NULL) = -1 EAGAIN (Try again)
30197 1783914156.753990 sendmsg(177, {msg_name=NULL, msg_namelen=0, msg_iov=[{iov_base="l\1\1\1\374\0\0\0\272\3\0\0\235\0\0\0\1\1o\0;\0\0\0/re/frid"..., iov_len=428}], msg_iovlen=1, msg_controllen=0, msg_flags=0}, MSG_NOSIGNAL) = 428
30087 1783914157.203450 recvfrom(100, 0x7fc3986420, 3200, MSG_DONTWAIT, NULL, NULL) = -1 EAGAIN (Try again)
30087 1783914157.222922 recvfrom(100, "nysv\0\0\0\0\0\0\0\0\0\0\0\0\375D\276\277\204\2\0\0\377\204\2\0\0\0\0\0", 3200, MSG_DONTWAIT, NULL, NULL) = 32
30087 1783914157.223040 recvfrom(100, 0x7fc3986860, 3200, MSG_DONTWAIT, NULL, NULL) = -1 EAGAIN (Try again)
30087 1783914157.223176 recvfrom(121, 0x7d29777820, 2272, MSG_DONTWAIT, NULL, NULL) = -1 EAGAIN (Try again)
30197 1783914157.230584 sendmsg(177, {msg_name=NULL, msg_namelen=0, msg_iov=[{iov_base="l\1\1\1\374\0\0\0\273\3\0\0\235\0\0\0\1\1o\0;\0\0\0/re/frid"..., iov_len=428}], msg_iovlen=1, msg_controllen=0, msg_flags=0}, MSG_NOSIGNAL) = 428
30087 1783914157.238442 recvfrom(100, 0x7fc3985d70, 3200, MSG_DONTWAIT, NULL, NULL) = -1 EAGAIN (Try again)
30087 1783914157.252896 recvfrom(100, "nysv\0\0\0\0\0\0\0\0\0\0\0\0\241\374\272\301\204\2\0\0\1\205\2\0\0\0\0\0", 3200, MSG_DONTWAIT, NULL, NULL) = 32
30087 1783914157.252923 recvfrom(100, 0x7fc3986860, 3200, MSG_DONTWAIT, NULL, NULL) = -1 EAGAIN (Try again)
30087 1783914157.258193 recvfrom(100, 0x7fc3986760, 3200, MSG_DONTWAIT, NULL, NULL) = -1 EAGAIN (Try again)
30197 1783914157.262798 sendmsg(177, {msg_name=NULL, msg_namelen=0, msg_iov=[{iov_base="l\1\1\1\374\0\0\0\274\3\0\0\235\0\0\0\1\1o\0;\0\0\0/re/frid"..., iov_len=428}], msg_iovlen=1, msg_controllen=0, msg_flags=0}, MSG_NOSIGNAL) = 428
30087 1783914157.270814 recvfrom(100, "nysv\0\0\0\0\0\0\0\0\0\0\0\0{5\271\302\204\2\0\0\2\205\2\0\0\0\0\0", 3200, MSG_DONTWAIT, NULL, NULL) = 32
30087 1783914157.270849 recvfrom(100, 0x7fc3986860, 3200, MSG_DONTWAIT, NULL, NULL) = -1 EAGAIN (Try again)
30197 1783914157.273584 sendmsg(177, {msg_name=NULL, msg_namelen=0, msg_iov=[{iov_base="l\1\1\1\374\0\0\0\275\3\0\0\235\0\0\0\1\1o\0;\0\0\0/re/frid"..., iov_len=428}], msg_iovlen=1, msg_controllen=0, msg_flags=0}, MSG_NOSIGNAL) = 428
30087 1783914157.704857 recvfrom(100, 0x7fc3986420, 3200, MSG_DONTWAIT, NULL, NULL) = -1 EAGAIN (Try again)
30087 1783914157.725854 recvfrom(100, "nysv\0\0\0\0\0\0\0\0\0\0\0\0\351\251\213\335\204\2\0\0\35\205\2\0\0\0\0\0", 3200, MSG_DONTWAIT, NULL, NULL) = 32
30087 1783914157.725963 recvfrom(100, 0x7fc3986860, 3200, MSG_DONTWAIT, NULL, NULL) = -1 EAGAIN (Try again)
30087 1783914157.726302 recvfrom(121, 0x7d29777820, 2272, MSG_DONTWAIT, NULL, NULL) = -1 EAGAIN (Try again)
30197 1783914157.737297 sendmsg(177, {msg_name=NULL, msg_namelen=0, msg_iov=[{iov_base="l\1\1\1\374\0\0\0\276\3\0\0\235\0\0\0\1\1o\0;\0\0\0/re/frid"..., iov_len=428}], msg_iovlen=1, msg_controllen=0, msg_flags=0}, MSG_NOSIGNAL) = 428
30087 1783914157.744258 recvfrom(100, 0x7fc3985d70, 3200, MSG_DONTWAIT, NULL, NULL) = -1 EAGAIN (Try again)
30087 1783914157.753023 recvfrom(100, "nysv\0\0\0\0\0\0\0\0\0\0\0\0\347y\210\337\204\2\0\0\37\205\2\0\0\0\0\0", 3200, MSG_DONTWAIT, NULL, NULL) = 32
30087 1783914157.753051 recvfrom(100, 0x7fc3986860, 3200, MSG_DONTWAIT, NULL, NULL) = -1 EAGAIN (Try again)
30087 1783914157.755551 recvfrom(100, 0x7fc3986760, 3200, MSG_DONTWAIT, NULL, NULL) = -1 EAGAIN (Try again)
30197 1783914157.761286 sendmsg(177, {msg_name=NULL, msg_namelen=0, msg_iov=[{iov_base="l\1\1\1\374\0\0\0\277\3\0\0\235\0\0\0\1\1o\0;\0\0\0/re/frid"..., iov_len=428}], msg_iovlen=1, msg_controllen=0, msg_flags=0}, MSG_NOSIGNAL) = 428
30087 1783914157.769282 recvfrom(100, "nysv\0\0\0\0\0\0\0\0\0\0\0\0\306\357\206\340\204\2\0\0 \205\2\0\0\0\0\0", 3200, MSG_DONTWAIT, NULL, NULL) = 32
30087 1783914157.769310 recvfrom(100, 0x7fc3986860, 3200, MSG_DONTWAIT, NULL, NULL) = -1 EAGAIN (Try again)
30197 1783914157.770595 sendmsg(177, {msg_name=NULL, msg_namelen=0, msg_iov=[{iov_base="l\1\1\1\374\0\0\0\300\3\0\0\235\0\0\0\1\1o\0;\0\0\0/re/frid"..., iov_len=428}], msg_iovlen=1, msg_controllen=0, msg_flags=0}, MSG_NOSIGNAL) = 428
30087 1783914158.209910 recvfrom(100, 0x7fc3986420, 3200, MSG_DONTWAIT, NULL, NULL) = -1 EAGAIN (Try again)
30087 1783914158.243526 recvfrom(100, "nysv\0\0\0\0\0\0\0\0\0\0\0\0\377^W\374\204\2\0\0;\205\2\0\0\0\0\0", 3200, MSG_DONTWAIT, NULL, NULL) = 32
30087 1783914158.243569 recvfrom(100, 0x7fc3986860, 3200, MSG_DONTWAIT, NULL, NULL) = -1 EAGAIN (Try again)
30087 1783914158.243759 recvfrom(121, 0x7d29777820, 2272, MSG_DONTWAIT, NULL, NULL) = -1 EAGAIN (Try again)
30087 1783914158.248789 recvfrom(100, 0x7fc3985d70, 3200, MSG_DONTWAIT, NULL, NULL) = -1 EAGAIN (Try again)
30197 1783914158.250306 sendmsg(177, {msg_name=NULL, msg_namelen=0, msg_iov=[{iov_base="l\1\1\1\374\0\0\0\301\3\0\0\235\0\0\0\1\1o\0;\0\0\0/re/frid"..., iov_len=428}], msg_iovlen=1, msg_controllen=0, msg_flags=0}, MSG_NOSIGNAL) = 428
30087 1783914158.274303 recvfrom(100, "nysv\0\0\0\0\0\0\0\0\0\0\0\0S\377S\376\204\2\0\0<\205\2\0\0\0\0\0", 3200, MSG_DONTWAIT, NULL, NULL) = 32
30087 1783914158.274344 recvfrom(100, 0x7fc3986860, 3200, MSG_DONTWAIT, NULL, NULL) = -1 EAGAIN (Try again)
30087 1783914158.277617 recvfrom(100, 0x7fc3986760, 3200, MSG_DONTWAIT, NULL, NULL) = -1 EAGAIN (Try again)
30197 1783914158.281087 sendmsg(177, {msg_name=NULL, msg_namelen=0, msg_iov=[{iov_base="l\1\1\1\374\0\0\0\302\3\0\0\235\0\0\0\1\1o\0;\0\0\0/re/frid"..., iov_len=428}], msg_iovlen=1, msg_controllen=0, msg_flags=0}, MSG_NOSIGNAL) = 428
30087 1783914158.285578 recvfrom(100, "nysv\0\0\0\0\0\0\0\0\0\0\0\0004\217R\377\204\2\0\0=\205\2\0\0\0\0\0", 3200, MSG_DONTWAIT, NULL, NULL) = 32
30087 1783914158.285607 recvfrom(100, 0x7fc3986860, 3200, MSG_DONTWAIT, NULL, NULL) = -1 EAGAIN (Try again)
30197 1783914158.288347 sendmsg(177, {msg_name=NULL, msg_namelen=0, msg_iov=[{iov_base="l\1\1\1\374\0\0\0\303\3\0\0\235\0\0\0\1\1o\0;\0\0\0/re/frid"..., iov_len=428}], msg_iovlen=1, msg_controllen=0, msg_flags=0}, MSG_NOSIGNAL) = 428
30087 1783914158.711438 recvfrom(100, 0x7fc3986420, 3200, MSG_DONTWAIT, NULL, NULL) = -1 EAGAIN (Try again)
30087 1783914158.719654 recvfrom(100, "nysv\0\0\0\0\0\0\0\0\0\0\0\0\300\224&\31\205\2\0\0W\205\2\0\0\0\0\0", 3200, MSG_DONTWAIT, NULL, NULL) = 32
30087 1783914158.719943 recvfrom(100, 0x7fc3986860, 3200, MSG_DONTWAIT, NULL, NULL) = -1 EAGAIN (Try again)
30087 1783914158.720052 recvfrom(121, 0x7d29777820, 2272, MSG_DONTWAIT, NULL, NULL) = -1 EAGAIN (Try again)
30197 1783914158.726978 sendmsg(177, {msg_name=NULL, msg_namelen=0, msg_iov=[{iov_base="l\1\1\1\374\0\0\0\304\3\0\0\235\0\0\0\1\1o\0;\0\0\0/re/frid"..., iov_len=428}], msg_iovlen=1, msg_controllen=0, msg_flags=0}, MSG_NOSIGNAL) = 428
30087 1783914158.734090 recvfrom(100, 0x7fc3985d70, 3200, MSG_DONTWAIT, NULL, NULL) = -1 EAGAIN (Try again)
30087 1783914158.735795 recvfrom(100, "nysv\0\0\0\0\0\0\0\0\0\0\0\0*\31%\32\205\2\0\0X\205\2\0\0\0\0\0", 3200, MSG_DONTWAIT, NULL, NULL) = 32
30087 1783914158.735826 recvfrom(100, 0x7fc3986860, 3200, MSG_DONTWAIT, NULL, NULL) = -1 EAGAIN (Try again)
30087 1783914158.743283 recvfrom(100, 0x7fc3986760, 3200, MSG_DONTWAIT, NULL, NULL) = -1 EAGAIN (Try again)
30197 1783914158.747921 sendmsg(177, {msg_name=NULL, msg_namelen=0, msg_iov=[{iov_base="l\1\1\1\374\0\0\0\305\3\0\0\235\0\0\0\1\1o\0;\0\0\0/re/frid"..., iov_len=428}], msg_iovlen=1, msg_controllen=0, msg_flags=0}, MSG_NOSIGNAL) = 428
30087 1783914158.753295 recvfrom(100, "nysv\0\0\0\0\0\0\0\0\0\0\0\0hg#\33\205\2\0\0Y\205\2\0\0\0\0\0", 3200, MSG_DONTWAIT, NULL, NULL) = 32
30087 1783914158.753328 recvfrom(100, 0x7fc3986860, 3200, MSG_DONTWAIT, NULL, NULL) = -1 EAGAIN (Try again)
30197 1783914158.755891 sendmsg(177, {msg_name=NULL, msg_namelen=0, msg_iov=[{iov_base="l\1\1\1\374\0\0\0\306\3\0\0\235\0\0\0\1\1o\0;\0\0\0/re/frid"..., iov_len=428}], msg_iovlen=1, msg_controllen=0, msg_flags=0}, MSG_NOSIGNAL) = 428
30087 1783914159.214442 recvfrom(100, 0x7fc3986420, 3200, MSG_DONTWAIT, NULL, NULL) = -1 EAGAIN (Try again)
30087 1783914159.221825 recvfrom(100, "nysv\0\0\0\0\0\0\0\0\0\0\0\0\255\330\3636\205\2\0\0s\205\2\0\0\0\0\0", 3200, MSG_DONTWAIT, NULL, NULL) = 32
30087 1783914159.222030 recvfrom(100, 0x7fc3986860, 3200, MSG_DONTWAIT, NULL, NULL) = -1 EAGAIN (Try again)
30087 1783914159.222433 recvfrom(121, 0x7d29777820, 2272, MSG_DONTWAIT, NULL, NULL) = -1 EAGAIN (Try again)
30197 1783914159.233508 sendmsg(177, {msg_name=NULL, msg_namelen=0, msg_iov=[{iov_base="l\1\1\1\374\0\0\0\307\3\0\0\235\0\0\0\1\1o\0;\0\0\0/re/frid"..., iov_len=428}], msg_iovlen=1, msg_controllen=0, msg_flags=0}, MSG_NOSIGNAL) = 428
30087 1783914159.241575 recvfrom(100, 0x7fc3985d70, 3200, MSG_DONTWAIT, NULL, NULL) = -1 EAGAIN (Try again)
30087 1783914159.257092 recvfrom(100, "nysv\0\0\0\0\0\0\0\0\0\0\0\0\1y\3608\205\2\0\0u\205\2\0\0\0\0\0", 3200, MSG_DONTWAIT, NULL, NULL) = 32
30087 1783914159.257124 recvfrom(100, 0x7fc3986860, 3200, MSG_DONTWAIT, NULL, NULL) = -1 EAGAIN (Try again)
30087 1783914159.267223 recvfrom(100, 0x7fc3986760, 3200, MSG_DONTWAIT, NULL, NULL) = -1 EAGAIN (Try again)
30087 1783914159.269058 recvfrom(100, "nysv\0\0\0\0\0\0\0\0\0\0\0\0\365\r\3579\205\2\0\0v\205\2\0\0\0\0\0", 3200, MSG_DONTWAIT, NULL, NULL) = 32
30087 1783914159.269081 recvfrom(100, 0x7fc3986860, 3200, MSG_DONTWAIT, NULL, NULL) = -1 EAGAIN (Try again)
30197 1783914159.269332 sendmsg(177, {msg_name=NULL, msg_namelen=0, msg_iov=[{iov_base="l\1\1\1\374\0\0\0\310\3\0\0\235\0\0\0\1\1o\0;\0\0\0/re/frid"..., iov_len=428}], msg_iovlen=1, msg_controllen=0, msg_flags=0}, MSG_NOSIGNAL) = 428
30197 1783914159.270889 sendmsg(177, {msg_name=NULL, msg_namelen=0, msg_iov=[{iov_base="l\1\1\1\374\0\0\0\311\3\0\0\235\0\0\0\1\1o\0;\0\0\0/re/frid"..., iov_len=428}], msg_iovlen=1, msg_controllen=0, msg_flags=0}, MSG_NOSIGNAL) = 428
30087 1783914159.720803 recvfrom(100, 0x7fc3986420, 3200, MSG_DONTWAIT, NULL, NULL) = -1 EAGAIN (Try again)
30087 1783914159.722131 recvfrom(100, "nysv\0\0\0\0\0\0\0\0\0\0\0\0\231=\301T\205\2\0\0\221\205\2\0\0\0\0\0", 3200, MSG_DONTWAIT, NULL, NULL) = 32
30087 1783914159.722232 recvfrom(100, 0x7fc3986860, 3200, MSG_DONTWAIT, NULL, NULL) = -1 EAGAIN (Try again)
30087 1783914159.722372 recvfrom(121, 0x7d29777820, 2272, MSG_DONTWAIT, NULL, NULL) = -1 EAGAIN (Try again)
30087 1783914159.740298 recvfrom(100, 0x7fc3985d70, 3200, MSG_DONTWAIT, NULL, NULL) = -1 EAGAIN (Try again)
30197 1783914159.741514 sendmsg(177, {msg_name=NULL, msg_namelen=0, msg_iov=[{iov_base="l\1\1\1\374\0\0\0\312\3\0\0\235\0\0\0\1\1o\0;\0\0\0/re/frid"..., iov_len=428}], msg_iovlen=1, msg_controllen=0, msg_flags=0}, MSG_NOSIGNAL) = 428
30087 1783914159.752877 recvfrom(100, "nysv\0\0\0\0\0\0\0\0\0\0\0\0006\f\276V\205\2\0\0\223\205\2\0\0\0\0\0", 3200, MSG_DONTWAIT, NULL, NULL) = 32
30087 1783914159.753143 recvfrom(100, 0x7fc3986860, 3200, MSG_DONTWAIT, NULL, NULL) = -1 EAGAIN (Try again)
30087 1783914159.763241 recvfrom(100, 0x7fc3986760, 3200, MSG_DONTWAIT, NULL, NULL) = -1 EAGAIN (Try again)
30087 1783914159.784214 recvfrom(100, "nysv\0\0\0\0\0\0\0\0\0\0\0\0\27.\274W\205\2\0\0\224\205\2\0\0\0\0\0", 3200, MSG_DONTWAIT, NULL, NULL) = 32
30087 1783914159.784271 recvfrom(100, 0x7fc3986860, 3200, MSG_DONTWAIT, NULL, NULL) = -1 EAGAIN (Try again)
30197 1783914159.798270 sendmsg(177, {msg_name=NULL, msg_namelen=0, msg_iov=[{iov_base="l\1\1\1\374\0\0\0\313\3\0\0\235\0\0\0\1\1o\0;\0\0\0/re/frid"..., iov_len=428}], msg_iovlen=1, msg_controllen=0, msg_flags=0}, MSG_NOSIGNAL) = 428
30197 1783914159.799115 sendmsg(177, {msg_name=NULL, msg_namelen=0, msg_iov=[{iov_base="l\1\1\1\374\0\0\0\314\3\0\0\235\0\0\0\1\1o\0;\0\0\0/re/frid"..., iov_len=428}], msg_iovlen=1, msg_controllen=0, msg_flags=0}, MSG_NOSIGNAL) = 428
30087 1783914160.226314 recvfrom(100, 0x7fc3986420, 3200, MSG_DONTWAIT, NULL, NULL) = -1 EAGAIN (Try again)
30087 1783914160.238050 recvfrom(100, "nysv\0\0\0\0\0\0\0\0\0\0\0\0\257\362\214s\205\2\0\0\257\205\2\0\0\0\0\0", 3200, MSG_DONTWAIT, NULL, NULL) = 32
30087 1783914160.238148 recvfrom(100, 0x7fc3986860, 3200, MSG_DONTWAIT, NULL, NULL) = -1 EAGAIN (Try again)
30087 1783914160.238387 recvfrom(121, 0x7d29777820, 2272, MSG_DONTWAIT, NULL, NULL) = -1 EAGAIN (Try again)
30197 1783914160.247602 sendmsg(177, {msg_name=NULL, msg_namelen=0, msg_iov=[{iov_base="l\1\1\1\374\0\0\0\315\3\0\0\235\0\0\0\1\1o\0;\0\0\0/re/frid"..., iov_len=428}], msg_iovlen=1, msg_controllen=0, msg_flags=0}, MSG_NOSIGNAL) = 428
30087 1783914160.256568 recvfrom(100, 0x7fc3985d70, 3200, MSG_DONTWAIT, NULL, NULL) = -1 EAGAIN (Try again)
30087 1783914160.274915 recvfrom(100, "nysv\0\0\0\0\0\0\0\0\0\0\0\0\3\223\211u\205\2\0\0\261\205\2\0\0\0\0\0", 3200, MSG_DONTWAIT, NULL, NULL) = 32
30087 1783914160.274967 recvfrom(100, 0x7fc3986860, 3200, MSG_DONTWAIT, NULL, NULL) = -1 EAGAIN (Try again)
30087 1783914160.283740 recvfrom(100, 0x7fc3986760, 3200, MSG_DONTWAIT, NULL, NULL) = -1 EAGAIN (Try again)
30087 1783914160.286100 recvfrom(100, "nysv\0\0\0\0\0\0\0\0\0\0\0\0I\v\210v\205\2\0\0\262\205\2\0\0\0\0\0", 3200, MSG_DONTWAIT, NULL, NULL) = 32
30087 1783914160.286137 recvfrom(100, 0x7fc3986860, 3200, MSG_DONTWAIT, NULL, NULL) = -1 EAGAIN (Try again)
30197 1783914160.286600 sendmsg(177, {msg_name=NULL, msg_namelen=0, msg_iov=[{iov_base="l\1\1\1\374\0\0\0\316\3\0\0\235\0\0\0\1\1o\0;\0\0\0/re/frid"..., iov_len=428}], msg_iovlen=1, msg_controllen=0, msg_flags=0}, MSG_NOSIGNAL) = 428
30197 1783914160.289088 sendmsg(177, {msg_name=NULL, msg_namelen=0, msg_iov=[{iov_base="l\1\1\1\374\0\0\0\317\3\0\0\235\0\0\0\1\1o\0;\0\0\0/re/frid"..., iov_len=428}], msg_iovlen=1, msg_controllen=0, msg_flags=0}, MSG_NOSIGNAL) = 428
30087 1783914160.728974 recvfrom(100, 0x7fc3986420, 3200, MSG_DONTWAIT, NULL, NULL) = -1 EAGAIN (Try again)
30087 1783914160.738802 recvfrom(100, "nysv\0\0\0\0\0\0\0\0\0\0\0\0\233WZ\221\205\2\0\0\315\205\2\0\0\0\0\0", 3200, MSG_DONTWAIT, NULL, NULL) = 32
30087 1783914160.738836 recvfrom(100, 0x7fc3986860, 3200, MSG_DONTWAIT, NULL, NULL) = -1 EAGAIN (Try again)
30087 1783914160.738927 recvfrom(121, 0x7d29777820, 2272, MSG_DONTWAIT, NULL, NULL) = -1 EAGAIN (Try again)
30197 1783914160.746532 sendmsg(177, {msg_name=NULL, msg_namelen=0, msg_iov=[{iov_base="l\1\1\1\374\0\0\0\320\3\0\0\235\0\0\0\1\1o\0;\0\0\0/re/frid"..., iov_len=428}], msg_iovlen=1, msg_controllen=0, msg_flags=0}, MSG_NOSIGNAL) = 428
30087 1783914160.753701 recvfrom(100, 0x7fc3985d70, 3200, MSG_DONTWAIT, NULL, NULL) = -1 EAGAIN (Try again)
30087 1783914160.769766 recvfrom(100, "nysv\0\0\0\0\0\0\0\0\0\0\0\0U+W\223\205\2\0\0\317\205\2\0\0\0\0\0", 3200, MSG_DONTWAIT, NULL, NULL) = 32
30087 1783914160.769791 recvfrom(100, 0x7fc3986860, 3200, MSG_DONTWAIT, NULL, NULL) = -1 EAGAIN (Try again)
30087 1783914160.780799 recvfrom(100, 0x7fc3986760, 3200, MSG_DONTWAIT, NULL, NULL) = -1 EAGAIN (Try again)
30197 1783914160.783676 sendmsg(177, {msg_name=NULL, msg_namelen=0, msg_iov=[{iov_base="l\1\1\1\374\0\0\0\321\3\0\0\235\0\0\0\1\1o\0;\0\0\0/re/frid"..., iov_len=428}], msg_iovlen=1, msg_controllen=0, msg_flags=0}, MSG_NOSIGNAL) = 428
30087 1783914160.785423 recvfrom(100, "nysv\0\0\0\0\0\0\0\0\0\0\0\0\6\302U\224\205\2\0\0\320\205\2\0\0\0\0\0", 3200, MSG_DONTWAIT, NULL, NULL) = 32
30087 1783914160.785453 recvfrom(100, 0x7fc3986860, 3200, MSG_DONTWAIT, NULL, NULL) = -1 EAGAIN (Try again)
30197 1783914160.787751 sendmsg(177, {msg_name=NULL, msg_namelen=0, msg_iov=[{iov_base="l\1\1\1\374\0\0\0\322\3\0\0\235\0\0\0\1\1o\0;\0\0\0/re/frid"..., iov_len=428}], msg_iovlen=1, msg_controllen=0, msg_flags=0}, MSG_NOSIGNAL) = 428
30087 1783914161.231567 recvfrom(100, 0x7fc3986420, 3200, MSG_DONTWAIT, NULL, NULL) = -1 EAGAIN (Try again)
30087 1783914161.236642 recvfrom(100, "nysv\0\0\0\0\0\0\0\0\0\0\0\0~\315'\257\205\2\0\0\353\205\2\0\0\0\0\0", 3200, MSG_DONTWAIT, NULL, NULL) = 32
30087 1783914161.236789 recvfrom(100, 0x7fc3986860, 3200, MSG_DONTWAIT, NULL, NULL) = -1 EAGAIN (Try again)
30087 1783914161.236918 recvfrom(121, 0x7d29777820, 2272, MSG_DONTWAIT, NULL, NULL) = -1 EAGAIN (Try again)
30087 1783914161.254400 recvfrom(100, 0x7fc3985d70, 3200, MSG_DONTWAIT, NULL, NULL) = -1 EAGAIN (Try again)
30197 1783914161.255497 sendmsg(177, {msg_name=NULL, msg_namelen=0, msg_iov=[{iov_base="l\1\1\1\374\0\0\0\323\3\0\0\235\0\0\0\1\1o\0;\0\0\0/re/frid"..., iov_len=428}], msg_iovlen=1, msg_controllen=0, msg_flags=0}, MSG_NOSIGNAL) = 428
30087 1783914161.268599 recvfrom(100, "nysv\0\0\0\0\0\0\0\0\0\0\0\0:\301$\261\205\2\0\0\355\205\2\0\0\0\0\0", 3200, MSG_DONTWAIT, NULL, NULL) = 32
30087 1783914161.268640 recvfrom(100, 0x7fc3986860, 3200, MSG_DONTWAIT, NULL, NULL) = -1 EAGAIN (Try again)
30087 1783914161.274254 recvfrom(100, 0x7fc3986760, 3200, MSG_DONTWAIT, NULL, NULL) = -1 EAGAIN (Try again)
30197 1783914161.279208 sendmsg(177, {msg_name=NULL, msg_namelen=0, msg_iov=[{iov_base="l\1\1\1\374\0\0\0\324\3\0\0\235\0\0\0\1\1o\0;\0\0\0/re/frid"..., iov_len=428}], msg_iovlen=1, msg_controllen=0, msg_flags=0}, MSG_NOSIGNAL) = 428
30087 1783914161.286579 recvfrom(100, "nysv\0\0\0\0\0\0\0\0\0\0\0\0q\20#\262\205\2\0\0\356\205\2\0\0\0\0\0", 3200, MSG_DONTWAIT, NULL, NULL) = 32
30087 1783914161.286604 recvfrom(100, 0x7fc3986860, 3200, MSG_DONTWAIT, NULL, NULL) = -1 EAGAIN (Try again)
30197 1783914161.288229 sendmsg(177, {msg_name=NULL, msg_namelen=0, msg_iov=[{iov_base="l\1\1\1\374\0\0\0\325\3\0\0\235\0\0\0\1\1o\0;\0\0\0/re/frid"..., iov_len=428}], msg_iovlen=1, msg_controllen=0, msg_flags=0}, MSG_NOSIGNAL) = 428
30087 1783914161.735052 recvfrom(100, 0x7fc3986420, 3200, MSG_DONTWAIT, NULL, NULL) = -1 EAGAIN (Try again)
30087 1783914161.736533 recvfrom(100, "nysv\0\0\0\0\0\0\0\0\0\0\0\0\27|\365\314\205\2\0\0\t\206\2\0\0\0\0\0", 3200, MSG_DONTWAIT, NULL, NULL) = 32
30087 1783914161.736639 recvfrom(100, 0x7fc3986860, 3200, MSG_DONTWAIT, NULL, NULL) = -1 EAGAIN (Try again)
30087 1783914161.736770 recvfrom(121, 0x7d29777820, 2272, MSG_DONTWAIT, NULL, NULL) = -1 EAGAIN (Try again)
30197 1783914161.745961 sendmsg(177, {msg_name=NULL, msg_namelen=0, msg_iov=[{iov_base="l\1\1\1\374\0\0\0\326\3\0\0\235\0\0\0\1\1o\0;\0\0\0/re/frid"..., iov_len=428}], msg_iovlen=1, msg_controllen=0, msg_flags=0}, MSG_NOSIGNAL) = 428
30087 1783914161.752650 recvfrom(100, 0x7fc3985d70, 3200, MSG_DONTWAIT, NULL, NULL) = -1 EAGAIN (Try again)
30087 1783914161.752773 recvfrom(100, "nysv\0\0\0\0\0\0\0\0\0\0\0\0A\314\363\315\205\2\0\0\n\206\2\0\0\0\0\0", 3200, MSG_DONTWAIT, NULL, NULL) = 32
30087 1783914161.752814 recvfrom(100, 0x7fc3986860, 3200, MSG_DONTWAIT, NULL, NULL) = -1 EAGAIN (Try again)
30087 1783914161.759779 recvfrom(100, 0x7fc3986760, 3200, MSG_DONTWAIT, NULL, NULL) = -1 EAGAIN (Try again)
30197 1783914161.763110 sendmsg(177, {msg_name=NULL, msg_namelen=0, msg_iov=[{iov_base="l\1\1\1\374\0\0\0\327\3\0\0\235\0\0\0\1\1o\0;\0\0\0/re/frid"..., iov_len=428}], msg_iovlen=1, msg_controllen=0, msg_flags=0}, MSG_NOSIGNAL) = 428
30087 1783914161.770907 recvfrom(100, "nysv\0\0\0\0\0\0\0\0\0\0\0\0}\351\361\316\205\2\0\0\v\206\2\0\0\0\0\0", 3200, MSG_DONTWAIT, NULL, NULL) = 32
30087 1783914161.771044 recvfrom(100, 0x7fc3986860, 3200, MSG_DONTWAIT, NULL, NULL) = -1 EAGAIN (Try again)
30197 1783914161.773692 sendmsg(177, {msg_name=NULL, msg_namelen=0, msg_iov=[{iov_base="l\1\1\1\374\0\0\0\330\3\0\0\235\0\0\0\1\1o\0;\0\0\0/re/frid"..., iov_len=428}], msg_iovlen=1, msg_controllen=0, msg_flags=0}, MSG_NOSIGNAL) = 428
30087 1783914162.237018 recvfrom(100, 0x7fc3986420, 3200, MSG_DONTWAIT, NULL, NULL) = -1 EAGAIN (Try again)
30087 1783914162.259215 recvfrom(100, "nysv\0\0\0\0\0\0\0\0\0\0\0\0\211\326\300\353\205\2\0\0(\206\2\0\0\0\0\0", 3200, MSG_DONTWAIT, NULL, NULL) = 32
30087 1783914162.259339 recvfrom(100, 0x7fc3986860, 3200, MSG_DONTWAIT, NULL, NULL) = -1 EAGAIN (Try again)
30087 1783914162.259484 recvfrom(121, 0x7d29777820, 2272, MSG_DONTWAIT, NULL, NULL) = -1 EAGAIN (Try again)
30197 1783914162.270336 sendmsg(177, {msg_name=NULL, msg_namelen=0, msg_iov=[{iov_base="l\1\1\1\374\0\0\0\331\3\0\0\235\0\0\0\1\1o\0;\0\0\0/re/frid"..., iov_len=428}], msg_iovlen=1, msg_controllen=0, msg_flags=0}, MSG_NOSIGNAL) = 428
30087 1783914162.279184 recvfrom(100, 0x7fc3985d70, 3200, MSG_DONTWAIT, NULL, NULL) = -1 EAGAIN (Try again)
30087 1783914162.288412 recvfrom(100, "nysv\0\0\0\0\0\0\0\0\0\0\0\0\335v\275\355\205\2\0\0*\206\2\0\0\0\0\0", 3200, MSG_DONTWAIT, NULL, NULL) = 32
30087 1783914162.288456 recvfrom(100, 0x7fc3986860, 3200, MSG_DONTWAIT, NULL, NULL) = -1 EAGAIN (Try again)
30087 1783914162.297820 recvfrom(100, 0x7fc3986760, 3200, MSG_DONTWAIT, NULL, NULL) = -1 EAGAIN (Try again)
30197 1783914162.299664 sendmsg(177, {msg_name=NULL, msg_namelen=0, msg_iov=[{iov_base="l\1\1\1\374\0\0\0\332\3\0\0\235\0\0\0\1\1o\0;\0\0\0/re/frid"..., iov_len=428}], msg_iovlen=1, msg_controllen=0, msg_flags=0}, MSG_NOSIGNAL) = 428
30087 1783914162.302612 recvfrom(100, "nysv\0\0\0\0\0\0\0\0\0\0\0\0\364\355\273\356\205\2\0\0+\206\2\0\0\0\0\0", 3200, MSG_DONTWAIT, NULL, NULL) = 32
30087 1783914162.302635 recvfrom(100, 0x7fc3986860, 3200, MSG_DONTWAIT, NULL, NULL) = -1 EAGAIN (Try again)
30197 1783914162.304875 sendmsg(177, {msg_name=NULL, msg_namelen=0, msg_iov=[{iov_base="l\1\1\1\374\0\0\0\333\3\0\0\235\0\0\0\1\1o\0;\0\0\0/re/frid"..., iov_len=428}], msg_iovlen=1, msg_controllen=0, msg_flags=0}, MSG_NOSIGNAL) = 428
30087 1783914162.739235 recvfrom(100, 0x7fc3986420, 3200, MSG_DONTWAIT, NULL, NULL) = -1 EAGAIN (Try again)
30087 1783914162.754797 recvfrom(100, "nysv\0\0\0\0\0\0\0\0\0\0\0\0u;\216\t\206\2\0\0F\206\2\0\0\0\0\0", 3200, MSG_DONTWAIT, NULL, NULL) = 32
30087 1783914162.754876 recvfrom(100, 0x7fc3986860, 3200, MSG_DONTWAIT, NULL, NULL) = -1 EAGAIN (Try again)
30087 1783914162.754948 recvfrom(121, 0x7d29777820, 2272, MSG_DONTWAIT, NULL, NULL) = -1 EAGAIN (Try again)
30087 1783914162.773691 recvfrom(100, 0x7fc3985d70, 3200, MSG_DONTWAIT, NULL, NULL) = -1 EAGAIN (Try again)
30197 1783914162.775476 sendmsg(177, {msg_name=NULL, msg_namelen=0, msg_iov=[{iov_base="l\1\1\1\374\0\0\0\334\3\0\0\235\0\0\0\1\1o\0;\0\0\0/re/frid"..., iov_len=428}], msg_iovlen=1, msg_controllen=0, msg_flags=0}, MSG_NOSIGNAL) = 428
30087 1783914162.785956 recvfrom(100, "nysv\0\0\0\0\0\0\0\0\0\0\0\0+\r\213\v\206\2\0\0H\206\2\0\0\0\0\0", 3200, MSG_DONTWAIT, NULL, NULL) = 32
30087 1783914162.786120 recvfrom(100, 0x7fc3986860, 3200, MSG_DONTWAIT, NULL, NULL) = -1 EAGAIN (Try again)
30087 1783914162.795570 recvfrom(100, 0x7fc3986760, 3200, MSG_DONTWAIT, NULL, NULL) = -1 EAGAIN (Try again)
30197 1783914162.797533 sendmsg(177, {msg_name=NULL, msg_namelen=0, msg_iov=[{iov_base="l\1\1\1\374\0\0\0\335\3\0\0\235\0\0\0\1\1o\0;\0\0\0/re/frid"..., iov_len=428}], msg_iovlen=1, msg_controllen=0, msg_flags=0}, MSG_NOSIGNAL) = 428
30087 1783914162.803551 recvfrom(100, "nysv\0\0\0\0\0\0\0\0\0\0\0\0\340Q\211\f\206\2\0\0I\206\2\0\0\0\0\0", 3200, MSG_DONTWAIT, NULL, NULL) = 32
30087 1783914162.803580 recvfrom(100, 0x7fc3986860, 3200, MSG_DONTWAIT, NULL, NULL) = -1 EAGAIN (Try again)
30197 1783914162.805723 sendmsg(177, {msg_name=NULL, msg_namelen=0, msg_iov=[{iov_base="l\1\1\1\374\0\0\0\336\3\0\0\235\0\0\0\1\1o\0;\0\0\0/re/frid"..., iov_len=428}], msg_iovlen=1, msg_controllen=0, msg_flags=0}, MSG_NOSIGNAL) = 428
30087 1783914163.241793 recvfrom(100, 0x7fc3986420, 3200, MSG_DONTWAIT, NULL, NULL) = -1 EAGAIN (Try again)
30087 1783914163.254500 recvfrom(100, "nysv\0\0\0\0\0\0\0\0\0\0\0\0a\240['\206\2\0\0c\206\2\0\0\0\0\0", 3200, MSG_DONTWAIT, NULL, NULL) = 32
30087 1783914163.254546 recvfrom(100, 0x7fc3986860, 3200, MSG_DONTWAIT, NULL, NULL) = -1 EAGAIN (Try again)
30087 1783914163.254580 recvfrom(121, 0x7d29777820, 2272, MSG_DONTWAIT, NULL, NULL) = -1 EAGAIN (Try again)
30197 1783914163.258798 sendmsg(177, {msg_name=NULL, msg_namelen=0, msg_iov=[{iov_base="l\1\1\1\374\0\0\0\337\3\0\0\235\0\0\0\1\1o\0;\0\0\0/re/frid"..., iov_len=428}], msg_iovlen=1, msg_controllen=0, msg_flags=0}, MSG_NOSIGNAL) = 428
30087 1783914163.264653 recvfrom(100, 0x7fc3985d70, 3200, MSG_DONTWAIT, NULL, NULL) = -1 EAGAIN (Try again)
30087 1783914163.270546 recvfrom(100, "nysv\0\0\0\0\0\0\0\0\0\0\0\0\213\360Y(\206\2\0\0d\206\2\0\0\0\0\0", 3200, MSG_DONTWAIT, NULL, NULL) = 32
30087 1783914163.270685 recvfrom(100, 0x7fc3986860, 3200, MSG_DONTWAIT, NULL, NULL) = -1 EAGAIN (Try again)
30087 1783914163.278785 recvfrom(100, 0x7fc3986760, 3200, MSG_DONTWAIT, NULL, NULL) = -1 EAGAIN (Try again)
30197 1783914163.280930 sendmsg(177, {msg_name=NULL, msg_namelen=0, msg_iov=[{iov_base="l\1\1\1\374\0\0\0\340\3\0\0\235\0\0\0\1\1o\0;\0\0\0/re/frid"..., iov_len=428}], msg_iovlen=1, msg_controllen=0, msg_flags=0}, MSG_NOSIGNAL) = 428
30087 1783914163.286874 recvfrom(100, "nysv\0\0\0\0\0\0\0\0\0\0\0\0\265@X)\206\2\0\0e\206\2\0\0\0\0\0", 3200, MSG_DONTWAIT, NULL, NULL) = 32
30087 1783914163.286904 recvfrom(100, 0x7fc3986860, 3200, MSG_DONTWAIT, NULL, NULL) = -1 EAGAIN (Try again)
30197 1783914163.288648 sendmsg(177, {msg_name=NULL, msg_namelen=0, msg_iov=[{iov_base="l\1\1\1\374\0\0\0\341\3\0\0\235\0\0\0\1\1o\0;\0\0\0/re/frid"..., iov_len=428}], msg_iovlen=1, msg_controllen=0, msg_flags=0}, MSG_NOSIGNAL) = 428
30087 1783914163.743286 recvfrom(100, 0x7fc3986420, 3200, MSG_DONTWAIT, NULL, NULL) = -1 EAGAIN (Try again)
30087 1783914163.755201 recvfrom(100, "nysv\0\0\0\0\0\0\0\0\0\0\0\0M\5)E\206\2\0\0\201\206\2\0\0\0\0\0", 3200, MSG_DONTWAIT, NULL, NULL) = 32
30087 1783914163.755308 recvfrom(100, 0x7fc3986860, 3200, MSG_DONTWAIT, NULL, NULL) = -1 EAGAIN (Try again)
30087 1783914163.755418 recvfrom(121, 0x7d29777820, 2272, MSG_DONTWAIT, NULL, NULL) = -1 EAGAIN (Try again)
30197 1783914163.764958 sendmsg(177, {msg_name=NULL, msg_namelen=0, msg_iov=[{iov_base="l\1\1\1\374\0\0\0\342\3\0\0\235\0\0\0\1\1o\0;\0\0\0/re/frid"..., iov_len=428}], msg_iovlen=1, msg_controllen=0, msg_flags=0}, MSG_NOSIGNAL) = 428
30087 1783914163.772671 recvfrom(100, 0x7fc3985d70, 3200, MSG_DONTWAIT, NULL, NULL) = -1 EAGAIN (Try again)
30087 1783914163.785470 recvfrom(100, "nysv\0\0\0\0\0\0\0\0\0\0\0\0\0\374%G\206\2\0\0\203\206\2\0\0\0\0\0", 3200, MSG_DONTWAIT, NULL, NULL) = 32
30087 1783914163.785495 recvfrom(100, 0x7fc3986860, 3200, MSG_DONTWAIT, NULL, NULL) = -1 EAGAIN (Try again)
30087 1783914163.795357 recvfrom(100, 0x7fc3986760, 3200, MSG_DONTWAIT, NULL, NULL) = -1 EAGAIN (Try again)
30197 1783914163.797255 sendmsg(177, {msg_name=NULL, msg_namelen=0, msg_iov=[{iov_base="l\1\1\1\374\0\0\0\343\3\0\0\235\0\0\0\1\1o\0;\0\0\0/re/frid"..., iov_len=428}], msg_iovlen=1, msg_controllen=0, msg_flags=0}, MSG_NOSIGNAL) = 428
30087 1783914163.803684 recvfrom(100, "nysv\0\0\0\0\0\0\0\0\0\0\0\0\367<$H\206\2\0\0\204\206\2\0\0\0\0\0", 3200, MSG_DONTWAIT, NULL, NULL) = 32
30087 1783914163.803716 recvfrom(100, 0x7fc3986860, 3200, MSG_DONTWAIT, NULL, NULL) = -1 EAGAIN (Try again)
30197 1783914163.806180 sendmsg(177, {msg_name=NULL, msg_namelen=0, msg_iov=[{iov_base="l\1\1\1\374\0\0\0\344\3\0\0\235\0\0\0\1\1o\0;\0\0\0/re/frid"..., iov_len=428}], msg_iovlen=1, msg_controllen=0, msg_flags=0}, MSG_NOSIGNAL) = 428
30087 1783914164.246217 recvfrom(100, 0x7fc3986420, 3200, MSG_DONTWAIT, NULL, NULL) = -1 EAGAIN (Try again)
30087 1783914164.256784 recvfrom(100, "nysv\0\0\0\0\0\0\0\0\0\0\0\09j\366b\206\2\0\0\237\206\2\0\0\0\0\0", 3200, MSG_DONTWAIT, NULL, NULL) = 32
30087 1783914164.256895 recvfrom(100, 0x7fc3986860, 3200, MSG_DONTWAIT, NULL, NULL) = -1 EAGAIN (Try again)
30087 1783914164.257004 recvfrom(121, 0x7d29777820, 2272, MSG_DONTWAIT, NULL, NULL) = -1 EAGAIN (Try again)
30087 1783914164.274892 recvfrom(100, 0x7fc3985d70, 3200, MSG_DONTWAIT, NULL, NULL) = -1 EAGAIN (Try again)
30197 1783914164.276798 sendmsg(177, {msg_name=NULL, msg_namelen=0, msg_iov=[{iov_base="l\1\1\1\374\0\0\0\345\3\0\0\235\0\0\0\1\1o\0;\0\0\0/re/frid"..., iov_len=428}], msg_iovlen=1, msg_controllen=0, msg_flags=0}, MSG_NOSIGNAL) = 428
30087 1783914164.288815 recvfrom(100, "nysv\0\0\0\0\0\0\0\0\0\0\0\0\215\n\363d\206\2\0\0\241\206\2\0\0\0\0\0", 3200, MSG_DONTWAIT, NULL, NULL) = 32
30087 1783914164.288862 recvfrom(100, 0x7fc3986860, 3200, MSG_DONTWAIT, NULL, NULL) = -1 EAGAIN (Try again)
30087 1783914164.294594 recvfrom(100, 0x7fc3986760, 3200, MSG_DONTWAIT, NULL, NULL) = -1 EAGAIN (Try again)
30197 1783914164.300688 sendmsg(177, {msg_name=NULL, msg_namelen=0, msg_iov=[{iov_base="l\1\1\1\374\0\0\0\346\3\0\0\235\0\0\0\1\1o\0;\0\0\0/re/frid"..., iov_len=428}], msg_iovlen=1, msg_controllen=0, msg_flags=0}, MSG_NOSIGNAL) = 428
30087 1783914164.302019 recvfrom(100, "nysv\0\0\0\0\0\0\0\0\0\0\0\0-\245\361e\206\2\0\0\242\206\2\0\0\0\0\0", 3200, MSG_DONTWAIT, NULL, NULL) = 32
30087 1783914164.302041 recvfrom(100, 0x7fc3986860, 3200, MSG_DONTWAIT, NULL, NULL) = -1 EAGAIN (Try again)
30197 1783914164.303809 sendmsg(177, {msg_name=NULL, msg_namelen=0, msg_iov=[{iov_base="l\1\1\1\374\0\0\0\347\3\0\0\235\0\0\0\1\1o\0;\0\0\0/re/frid"..., iov_len=428}], msg_iovlen=1, msg_controllen=0, msg_flags=0}, MSG_NOSIGNAL) = 428
30087 1783914164.747631 recvfrom(100, 0x7fc3986420, 3200, MSG_DONTWAIT, NULL, NULL) = -1 EAGAIN (Try again)
30087 1783914164.755197 recvfrom(100, "nysv\0\0\0\0\0\0\0\0\0\0\0\0%\317\303\200\206\2\0\0\275\206\2\0\0\0\0\0", 3200, MSG_DONTWAIT, NULL, NULL) = 32
30087 1783914164.755307 recvfrom(100, 0x7fc3986860, 3200, MSG_DONTWAIT, NULL, NULL) = -1 EAGAIN (Try again)
30087 1783914164.755631 recvfrom(121, 0x7d29777820, 2272, MSG_DONTWAIT, NULL, NULL) = -1 EAGAIN (Try again)
30197 1783914164.765084 sendmsg(177, {msg_name=NULL, msg_namelen=0, msg_iov=[{iov_base="l\1\1\1\374\0\0\0\350\3\0\0\235\0\0\0\1\1o\0;\0\0\0/re/frid"..., iov_len=428}], msg_iovlen=1, msg_controllen=0, msg_flags=0}, MSG_NOSIGNAL) = 428
30087 1783914164.772652 recvfrom(100, 0x7fc3985d70, 3200, MSG_DONTWAIT, NULL, NULL) = -1 EAGAIN (Try again)
30087 1783914164.789723 recvfrom(100, "nysv\0\0\0\0\0\0\0\0\0\0\0\0yo\300\202\206\2\0\0\277\206\2\0\0\0\0\0", 3200, MSG_DONTWAIT, NULL, NULL) = 32
30087 1783914164.789745 recvfrom(100, 0x7fc3986860, 3200, MSG_DONTWAIT, NULL, NULL) = -1 EAGAIN (Try again)
30087 1783914164.799547 recvfrom(100, 0x7fc3986760, 3200, MSG_DONTWAIT, NULL, NULL) = -1 EAGAIN (Try again)
30197 1783914164.802532 sendmsg(177, {msg_name=NULL, msg_namelen=0, msg_iov=[{iov_base="l\1\1\1\374\0\0\0\351\3\0\0\235\0\0\0\1\1o\0;\0\0\0/re/frid"..., iov_len=428}], msg_iovlen=1, msg_controllen=0, msg_flags=0}, MSG_NOSIGNAL <unfinished ...>
30087 1783914164.802574 recvfrom(100, "nysv\0\0\0\0\0\0\0\0\0\0\0\0\232\361\276\203\206\2\0\0\300\206\2\0\0\0\0\0", 3200, MSG_DONTWAIT, NULL, NULL) = 32
30087 1783914164.802607 recvfrom(100, 0x7fc3986860, 3200, MSG_DONTWAIT, NULL, NULL) = -1 EAGAIN (Try again)
30197 1783914164.802751 <... sendmsg resumed> ) = 428
30197 1783914164.805509 sendmsg(177, {msg_name=NULL, msg_namelen=0, msg_iov=[{iov_base="l\1\1\1\374\0\0\0\352\3\0\0\235\0\0\0\1\1o\0;\0\0\0/re/frid"..., iov_len=428}], msg_iovlen=1, msg_controllen=0, msg_flags=0}, MSG_NOSIGNAL) = 428
30087 1783914165.249873 recvfrom(100, 0x7fc3986420, 3200, MSG_DONTWAIT, NULL, NULL) = -1 EAGAIN (Try again)
30087 1783914165.253548 recvfrom(100, "nysv\0\0\0\0\0\0\0\0\0\0\0\0\0214\221\236\206\2\0\0\333\206\2\0\0\0\0\0", 3200, MSG_DONTWAIT, NULL, NULL) = 32
30087 1783914165.253784 recvfrom(100, 0x7fc3986860, 3200, MSG_DONTWAIT, NULL, NULL) = -1 EAGAIN (Try again)
30087 1783914165.253945 recvfrom(121, 0x7d29777820, 2272, MSG_DONTWAIT, NULL, NULL) = -1 EAGAIN (Try again)
30197 1783914165.261738 sendmsg(177, {msg_name=NULL, msg_namelen=0, msg_iov=[{iov_base="l\1\1\1\374\0\0\0\353\3\0\0\235\0\0\0\1\1o\0;\0\0\0/re/frid"..., iov_len=428}], msg_iovlen=1, msg_controllen=0, msg_flags=0}, MSG_NOSIGNAL) = 428
30087 1783914165.270268 recvfrom(100, 0x7fc3985d70, 3200, MSG_DONTWAIT, NULL, NULL) = -1 EAGAIN (Try again)
30087 1783914165.286683 recvfrom(100, "nysv\0\0\0\0\0\0\0\0\0\0\0\0\257\334\215\240\206\2\0\0\335\206\2\0\0\0\0\0", 3200, MSG_DONTWAIT, NULL, NULL) = 32
30087 1783914165.286734 recvfrom(100, 0x7fc3986860, 3200, MSG_DONTWAIT, NULL, NULL) = -1 EAGAIN (Try again)
30087 1783914165.288634 recvfrom(100, 0x7fc3986760, 3200, MSG_DONTWAIT, NULL, NULL) = -1 EAGAIN (Try again)
30197 1783914165.290919 sendmsg(177, {msg_name=NULL, msg_namelen=0, msg_iov=[{iov_base="l\1\1\1\374\0\0\0\354\3\0\0\235\0\0\0\1\1o\0;\0\0\0/re/frid"..., iov_len=428}], msg_iovlen=1, msg_controllen=0, msg_flags=0}, MSG_NOSIGNAL) = 428
30087 1783914165.306906 recvfrom(100, "nysv\0\0\0\0\0\0\0\0\0\0\0\0\217$\214\241\206\2\0\0\336\206\2\0\0\0\0\0", 3200, MSG_DONTWAIT, NULL, NULL) = 32
30087 1783914165.306929 recvfrom(100, 0x7fc3986860, 3200, MSG_DONTWAIT, NULL, NULL) = -1 EAGAIN (Try again)
30197 1783914165.308804 sendmsg(177, {msg_name=NULL, msg_namelen=0, msg_iov=[{iov_base="l\1\1\1\374\0\0\0\355\3\0\0\235\0\0\0\1\1o\0;\0\0\0/re/frid"..., iov_len=428}], msg_iovlen=1, msg_controllen=0, msg_flags=0}, MSG_NOSIGNAL) = 428
30087 1783914165.754042 recvfrom(100, 0x7fc3986420, 3200, MSG_DONTWAIT, NULL, NULL) = -1 EAGAIN (Try again)
30087 1783914165.770596 recvfrom(100, "nysv\0\0\0\0\0\0\0\0\0\0\0\0'\351\\\275\206\2\0\0\372\206\2\0\0\0\0\0", 3200, MSG_DONTWAIT, NULL, NULL) = 32
30087 1783914165.770632 recvfrom(100, 0x7fc3986860, 3200, MSG_DONTWAIT, NULL, NULL) = -1 EAGAIN (Try again)
30087 1783914165.770906 recvfrom(121, 0x7d29777820, 2272, MSG_DONTWAIT, NULL, NULL) = -1 EAGAIN (Try again)
30197 1783914165.777409 sendmsg(177, {msg_name=NULL, msg_namelen=0, msg_iov=[{iov_base="l\1\1\1\374\0\0\0\356\3\0\0\235\0\0\0\1\1o\0;\0\0\0/re/frid"..., iov_len=428}], msg_iovlen=1, msg_controllen=0, msg_flags=0}, MSG_NOSIGNAL) = 428
30087 1783914165.782604 recvfrom(100, 0x7fc3985d70, 3200, MSG_DONTWAIT, NULL, NULL) = -1 EAGAIN (Try again)
30087 1783914165.786607 recvfrom(100, "nysv\0\0\0\0\0\0\0\0\0\0\0\0\302E[\276\206\2\0\0\373\206\2\0\0\0\0\0", 3200, MSG_DONTWAIT, NULL, NULL) = 32
30087 1783914165.786630 recvfrom(100, 0x7fc3986860, 3200, MSG_DONTWAIT, NULL, NULL) = -1 EAGAIN (Try again)
30087 1783914165.793442 recvfrom(100, 0x7fc3986760, 3200, MSG_DONTWAIT, NULL, NULL) = -1 EAGAIN (Try again)
30197 1783914165.795920 sendmsg(177, {msg_name=NULL, msg_namelen=0, msg_iov=[{iov_base="l\1\1\1\374\0\0\0\357\3\0\0\235\0\0\0\1\1o\0;\0\0\0/re/frid"..., iov_len=428}], msg_iovlen=1, msg_controllen=0, msg_flags=0}, MSG_NOSIGNAL) = 428
30087 1783914165.803363 recvfrom(100, "nysv\0\0\0\0\0\0\0\0\0\0\0\0\350\216Y\277\206\2\0\0\374\206\2\0\0\0\0\0", 3200, MSG_DONTWAIT, NULL, NULL) = 32
30087 1783914165.803386 recvfrom(100, 0x7fc3986860, 3200, MSG_DONTWAIT, NULL, NULL) = -1 EAGAIN (Try again)
30197 1783914165.805160 sendmsg(177, {msg_name=NULL, msg_namelen=0, msg_iov=[{iov_base="l\1\1\1\374\0\0\0\360\3\0\0\235\0\0\0\1\1o\0;\0\0\0/re/frid"..., iov_len=428}], msg_iovlen=1, msg_controllen=0, msg_flags=0}, MSG_NOSIGNAL) = 428
30087 1783914165.916338 recvfrom(100, 0x7fc39862c0, 3200, MSG_DONTWAIT, NULL, NULL) = -1 EAGAIN (Try again)
30197 1783914165.916690 sendmsg(177, {msg_name=NULL, msg_namelen=0, msg_iov=[{iov_base="l\1\1\1\374\0\0\0\361\3\0\0\235\0\0\0\1\1o\0;\0\0\0/re/frid"..., iov_len=428}], msg_iovlen=1, msg_controllen=0, msg_flags=0}, MSG_NOSIGNAL) = 428
30197 1783914165.917478 sendmsg(177, {msg_name=NULL, msg_namelen=0, msg_iov=[{iov_base="l\1\1\1\374\0\0\0\362\3\0\0\235\0\0\0\1\1o\0;\0\0\0/re/frid"..., iov_len=428}], msg_iovlen=1, msg_controllen=0, msg_flags=0}, MSG_NOSIGNAL) = 428
30087 1783914165.918784 recvfrom(100, "nysv\0\0\0\0\0\0\0\0\0\0\0\0\33EN\306\206\2\0\0\3\207\2\0\0\0\0\0", 3200, MSG_DONTWAIT, NULL, NULL) = 32
30087 1783914165.918818 recvfrom(100, 0x7fc3986860, 3200, MSG_DONTWAIT, NULL, NULL) = -1 EAGAIN (Try again)
30087 1783914165.918849 recvfrom(121, 0x7d29777820, 2272, MSG_DONTWAIT, NULL, NULL) = -1 EAGAIN (Try again)
30087 1783914165.935085 recvfrom(100,  <unfinished ...>
30197 1783914165.935599 sendmsg(177, {msg_name=NULL, msg_namelen=0, msg_iov=[{iov_base="l\1\1\1\374\0\0\0\363\3\0\0\235\0\0\0\1\1o\0;\0\0\0/re/frid"..., iov_len=428}], msg_iovlen=1, msg_controllen=0, msg_flags=0}, MSG_NOSIGNAL) = 428
30087 1783914165.948394 <... recvfrom resumed> 0x7fc3985d70, 3200, MSG_DONTWAIT, NULL, NULL) = -1 EAGAIN (Try again)
30087 1783914165.953160 recvfrom(100, "nysv\0\0\0\0\0\0\0\0\0\0\0\0GkK\310\206\2\0\0\5\207\2\0\0\0\0\0", 3200, MSG_DONTWAIT, NULL, NULL) = 32
30087 1783914165.953189 recvfrom(100, 0x7fc3986860, 3200, MSG_DONTWAIT, NULL, NULL) = -1 EAGAIN (Try again)
30087 1783914165.960517 recvfrom(100, 0x7fc3986760, 3200, MSG_DONTWAIT, NULL, NULL) = -1 EAGAIN (Try again)
30197 1783914165.963383 sendmsg(177, {msg_name=NULL, msg_namelen=0, msg_iov=[{iov_base="l\1\1\1\374\0\0\0\364\3\0\0\235\0\0\0\1\1o\0;\0\0\0/re/frid"..., iov_len=428}], msg_iovlen=1, msg_controllen=0, msg_flags=0}, MSG_NOSIGNAL) = 428
30087 1783914165.970000 recvfrom(100, "nysv\0\0\0\0\0\0\0\0\0\0\0\0\374\320I\311\206\2\0\0\6\207\2\0\0\0\0\0", 3200, MSG_DONTWAIT, NULL, NULL) = 32
30087 1783914165.970354 recvfrom(100, 0x7fc3986860, 3200, MSG_DONTWAIT, NULL, NULL) = -1 EAGAIN (Try again)
30197 1783914165.974694 sendmsg(177, {msg_name=NULL, msg_namelen=0, msg_iov=[{iov_base="l\1\1\1\374\0\0\0\365\3\0\0\235\0\0\0\1\1o\0;\0\0\0/re/frid"..., iov_len=428}], msg_iovlen=1, msg_controllen=0, msg_flags=0}, MSG_NOSIGNAL) = 428
30087 1783914166.162336 recvfrom(100, 0x7fc3985fd0, 3200, MSG_DONTWAIT, NULL, NULL) = -1 EAGAIN (Try again)
30197 1783914166.166924 sendmsg(177, {msg_name=NULL, msg_namelen=0, msg_iov=[{iov_base="l\1\1\1\374\0\0\0\366\3\0\0\235\0\0\0\1\1o\0;\0\0\0/re/frid"..., iov_len=428}], msg_iovlen=1, msg_controllen=0, msg_flags=0}, MSG_NOSIGNAL) = 428
30087 1783914166.169405 recvfrom(100, "nysv\0\0\0\0\0\0\0\0\0\0\0\0\246\3417\325\206\2\0\0\22\207\2\0\0\0\0\0", 3200, MSG_DONTWAIT, NULL, NULL) = 32
30087 1783914166.169433 recvfrom(100, 0x7fc3986860, 3200, MSG_DONTWAIT, NULL, NULL) = -1 EAGAIN (Try again)
30087 1783914166.169461 recvfrom(121, 0x7d29777820, 2272, MSG_DONTWAIT, NULL, NULL) = -1 EAGAIN (Try again)
30087 1783914166.186386 recvfrom(100, 0x7fc3985920, 3200, MSG_DONTWAIT, NULL, NULL) = -1 EAGAIN (Try again)
30087 1783914166.202624 recvfrom(100, "nysv\0\0\0\0\0\0\0\0\0\0\0\0\4\3504\327\206\2\0\0\24\207\2\0\0\0\0\0", 3200, MSG_DONTWAIT, NULL, NULL) = 32
30087 1783914166.202662 recvfrom(100, 0x7fc3986860, 3200, MSG_DONTWAIT, NULL, NULL) = -1 EAGAIN (Try again)
30087 1783914166.221832 recvfrom(121, 0x7d29777820, 2272, MSG_DONTWAIT, NULL, NULL) = -1 EAGAIN (Try again)
30087 1783914166.228134 recvfrom(100, 0x7fc3986760, 3200, MSG_DONTWAIT, NULL, NULL) = -1 EAGAIN (Try again)
30197 1783914166.234240 sendmsg(177, {msg_name=NULL, msg_namelen=0, msg_iov=[{iov_base="l\1\1\1\374\0\0\0\367\3\0\0\235\0\0\0\1\1o\0;\0\0\0/re/frid"..., iov_len=428}], msg_iovlen=1, msg_controllen=0, msg_flags=0}, MSG_NOSIGNAL) = 428
30087 1783914166.239272 recvfrom(100, "nysv\0\0\0\0\0\0\0\0\0\0\0\0\310\0202\331\206\2\0\0\26\207\2\0\0\0\0\0", 3200, MSG_DONTWAIT, NULL, NULL) = 32
30087 1783914166.239487 recvfrom(100, 0x7fc3986860, 3200, MSG_DONTWAIT, NULL, NULL) = -1 EAGAIN (Try again)
30087 1783914166.247510 recvfrom(100, 0x7fc3986760, 3200, MSG_DONTWAIT, NULL, NULL) = -1 EAGAIN (Try again)
30087 1783914166.252414 recvfrom(100, "nysv\0\0\0\0\0\0\0\0\0\0\0\0\n\2460\332\206\2\0\0\27\207\2\0\0\0\0\0", 3200, MSG_DONTWAIT, NULL, NULL) = 32
30087 1783914166.252441 recvfrom(100, 0x7fc3986860, 3200, MSG_DONTWAIT, NULL, NULL) = -1 EAGAIN (Try again)
30197 1783914166.260754 sendmsg(177, {msg_name=NULL, msg_namelen=0, msg_iov=[{iov_base="l\1\1\1\374\0\0\0\370\3\0\0\235\0\0\0\1\1o\0;\0\0\0/re/frid"..., iov_len=428}], msg_iovlen=1, msg_controllen=0, msg_flags=0}, MSG_NOSIGNAL) = 428
30197 1783914166.261948 sendmsg(177, {msg_name=NULL, msg_namelen=0, msg_iov=[{iov_base="l\1\1\1\374\0\0\0\371\3\0\0\235\0\0\0\1\1o\0;\0\0\0/re/frid"..., iov_len=428}], msg_iovlen=1, msg_controllen=0, msg_flags=0}, MSG_NOSIGNAL) = 428
30087 1783914166.689387 recvfrom(100, 0x7fc3986420, 3200, MSG_DONTWAIT, NULL, NULL) = -1 EAGAIN (Try again)
30087 1783914166.703932 recvfrom(100, "nysv\0\0\0\0\0\0\0\0\0\0\0\0\2031\0\365\206\2\0\0001\207\2\0\0\0\0\0", 3200, MSG_DONTWAIT, NULL, NULL) = 32
30087 1783914166.703972 recvfrom(100, 0x7fc3986860, 3200, MSG_DONTWAIT, NULL, NULL) = -1 EAGAIN (Try again)
30087 1783914166.704008 recvfrom(121, 0x7d29777820, 2272, MSG_DONTWAIT, NULL, NULL) = -1 EAGAIN (Try again)
30197 1783914166.728819 sendmsg(177, {msg_name=NULL, msg_namelen=0, msg_iov=[{iov_base="l\1\1\1\374\0\0\0\372\3\0\0\235\0\0\0\1\1o\0;\0\0\0/re/frid"..., iov_len=428}], msg_iovlen=1, msg_controllen=0, msg_flags=0}, MSG_NOSIGNAL) = 428
30087 1783914166.735284 recvfrom(100, 0x7fc3985d70, 3200, MSG_DONTWAIT, NULL, NULL) = -1 EAGAIN (Try again)
30087 1783914166.735510 recvfrom(100, "nysv\0\0\0\0\0\0\0\0\0\0\0\0'p\375\366\206\2\0\0003\207\2\0\0\0\0\0", 3200, MSG_DONTWAIT, NULL, NULL) = 32
30087 1783914166.735540 recvfrom(100, 0x7fc3986860, 3200, MSG_DONTWAIT, NULL, NULL) = -1 EAGAIN (Try again)
30087 1783914166.738221 recvfrom(100, 0x7fc3986760, 3200, MSG_DONTWAIT, NULL, NULL) = -1 EAGAIN (Try again)
30197 1783914166.740282 sendmsg(177, {msg_name=NULL, msg_namelen=0, msg_iov=[{iov_base="l\1\1\1\374\0\0\0\373\3\0\0\235\0\0\0\1\1o\0;\0\0\0/re/frid"..., iov_len=428}], msg_iovlen=1, msg_controllen=0, msg_flags=0}, MSG_NOSIGNAL) = 428
30087 1783914166.752668 recvfrom(100, "nysv\0\0\0\0\0\0\0\0\0\0\0\0\17\355\373\367\206\2\0\0004\207\2\0\0\0\0\0", 3200, MSG_DONTWAIT, NULL, NULL) = 32
30087 1783914166.752698 recvfrom(100, 0x7fc3986860, 3200, MSG_DONTWAIT, NULL, NULL) = -1 EAGAIN (Try again)
30197 1783914166.755258 sendmsg(177, {msg_name=NULL, msg_namelen=0, msg_iov=[{iov_base="l\1\1\1\374\0\0\0\374\3\0\0\235\0\0\0\1\1o\0;\0\0\0/re/frid"..., iov_len=428}], msg_iovlen=1, msg_controllen=0, msg_flags=0}, MSG_NOSIGNAL) = 428
30087 1783914167.190402 recvfrom(100, 0x7fc3986420, 3200, MSG_DONTWAIT, NULL, NULL) = -1 EAGAIN (Try again)
30087 1783914167.204284 recvfrom(100, "nysv\0\0\0\0\0\0\0\0\0\0\0\0\v\31\317\22\207\2\0\0O\207\2\0\0\0\0\0", 3200, MSG_DONTWAIT, NULL, NULL) = 32
30087 1783914167.204337 recvfrom(100, 0x7fc3986860, 3200, MSG_DONTWAIT, NULL, NULL) = -1 EAGAIN (Try again)
30087 1783914167.204452 recvfrom(121, 0x7d29777820, 2272, MSG_DONTWAIT, NULL, NULL) = -1 EAGAIN (Try again)
30087 1783914167.249815 recvfrom(100, 0x7fc3985d70, 3200, MSG_DONTWAIT, NULL, NULL) = -1 EAGAIN (Try again)
30087 1783914167.252595 recvfrom(100, "nysv\0\0\0\0\0\0\0\0\0\0\0\0H\332\312\25\207\2\0\0R\207\2\0\0\0\0\0", 3200, MSG_DONTWAIT, NULL, NULL) = 32
30087 1783914167.252640 recvfrom(100, 0x7fc3986860, 3200, MSG_DONTWAIT, NULL, NULL) = -1 EAGAIN (Try again)
30197 1783914167.261162 sendmsg(177, {msg_name=NULL, msg_namelen=0, msg_iov=[{iov_base="l\1\1\1\374\0\0\0\375\3\0\0\235\0\0\0\1\1o\0;\0\0\0/re/frid"..., iov_len=428}], msg_iovlen=1, msg_controllen=0, msg_flags=0}, MSG_NOSIGNAL) = 428
30087 1783914167.265972 recvfrom(100, 0x7fc3986760, 3200, MSG_DONTWAIT, NULL, NULL) = -1 EAGAIN (Try again)
30197 1783914167.267823 sendmsg(177, {msg_name=NULL, msg_namelen=0, msg_iov=[{iov_base="l\1\1\1\374\0\0\0\376\3\0\0\235\0\0\0\1\1o\0;\0\0\0/re/frid"..., iov_len=428}], msg_iovlen=1, msg_controllen=0, msg_flags=0}, MSG_NOSIGNAL) = 428
30087 1783914167.269450 recvfrom(100, "nysv\0\0\0\0\0\0\0\0\0\0\0\0\33f\311\26\207\2\0\0S\207\2\0\0\0\0\0", 3200, MSG_DONTWAIT, NULL, NULL) = 32
30087 1783914167.269485 recvfrom(100, 0x7fc3986860, 3200, MSG_DONTWAIT, NULL, NULL) = -1 EAGAIN (Try again)
30197 1783914167.271192 sendmsg(177, {msg_name=NULL, msg_namelen=0, msg_iov=[{iov_base="l\1\1\1\374\0\0\0\377\3\0\0\235\0\0\0\1\1o\0;\0\0\0/re/frid"..., iov_len=428}], msg_iovlen=1, msg_controllen=0, msg_flags=0}, MSG_NOSIGNAL) = 428
30087 1783914167.692772 recvfrom(100, 0x7fc3986420, 3200, MSG_DONTWAIT, NULL, NULL) = -1 EAGAIN (Try again)
30087 1783914167.705315 recvfrom(100, "nysv\0\0\0\0\0\0\0\0\0\0\0\0/<\2310\207\2\0\0m\207\2\0\0\0\0\0", 3200, MSG_DONTWAIT, NULL, NULL) = 32
30087 1783914167.705633 recvfrom(100, 0x7fc3986860, 3200, MSG_DONTWAIT, NULL, NULL) = -1 EAGAIN (Try again)
30087 1783914167.705781 recvfrom(121, 0x7d29777820, 2272, MSG_DONTWAIT, NULL, NULL) = -1 EAGAIN (Try again)
30087 1783914167.724386 recvfrom(100, 0x7fc3985d70, 3200, MSG_DONTWAIT, NULL, NULL) = -1 EAGAIN (Try again)
30197 1783914167.725175 sendmsg(177, {msg_name=NULL, msg_namelen=0, msg_iov=[{iov_base="l\1\1\1\374\0\0\0\0\4\0\0\235\0\0\0\1\1o\0;\0\0\0/re/frid"..., iov_len=428}], msg_iovlen=1, msg_controllen=0, msg_flags=0}, MSG_NOSIGNAL) = 428
30087 1783914167.739903 recvfrom(100, "nysv\0\0\0\0\0\0\0\0\0\0\0\0\203\334\2252\207\2\0\0o\207\2\0\0\0\0\0", 3200, MSG_DONTWAIT, NULL, NULL) = 32
30087 1783914167.739943 recvfrom(100, 0x7fc3986860, 3200, MSG_DONTWAIT, NULL, NULL) = -1 EAGAIN (Try again)
30087 1783914167.750137 recvfrom(100, 0x7fc3986760, 3200, MSG_DONTWAIT, NULL, NULL) = -1 EAGAIN (Try again)
30197 1783914167.751746 sendmsg(177, {msg_name=NULL, msg_namelen=0, msg_iov=[{iov_base="l\1\1\1\374\0\0\0\1\4\0\0\235\0\0\0\1\1o\0;\0\0\0/re/frid"..., iov_len=428}], msg_iovlen=1, msg_controllen=0, msg_flags=0}, MSG_NOSIGNAL) = 428
30087 1783914167.751934 recvfrom(100, "nysv\0\0\0\0\0\0\0\0\0\0\0\0,\203\2243\207\2\0\0p\207\2\0\0\0\0\0", 3200, MSG_DONTWAIT, NULL, NULL) = 32
30087 1783914167.751967 recvfrom(100, 0x7fc3986860, 3200, MSG_DONTWAIT, NULL, NULL) = -1 EAGAIN (Try again)
30197 1783914167.753550 sendmsg(177, {msg_name=NULL, msg_namelen=0, msg_iov=[{iov_base="l\1\1\1\374\0\0\0\2\4\0\0\235\0\0\0\1\1o\0;\0\0\0/re/frid"..., iov_len=428}], msg_iovlen=1, msg_controllen=0, msg_flags=0}, MSG_NOSIGNAL) = 428
30087 1783914168.194018 recvfrom(100, 0x7fc3986420, 3200, MSG_DONTWAIT, NULL, NULL) = -1 EAGAIN (Try again)
30087 1783914168.207248 recvfrom(100, "nysv\0\0\0\0\0\0\0\0\0\0\0\0\33\241fN\207\2\0\0\213\207\2\0\0\0\0\0", 3200, MSG_DONTWAIT, NULL, NULL) = 32
30087 1783914168.207294 recvfrom(100, 0x7fc3986860, 3200, MSG_DONTWAIT, NULL, NULL) = -1 EAGAIN (Try again)
30087 1783914168.207333 recvfrom(121, 0x7d29777820, 2272, MSG_DONTWAIT, NULL, NULL) = -1 EAGAIN (Try again)
30197 1783914168.213081 sendmsg(177, {msg_name=NULL, msg_namelen=0, msg_iov=[{iov_base="l\1\1\1\374\0\0\0\3\4\0\0\235\0\0\0\1\1o\0;\0\0\0/re/frid"..., iov_len=428}], msg_iovlen=1, msg_controllen=0, msg_flags=0}, MSG_NOSIGNAL) = 428
30087 1783914168.220827 recvfrom(100, 0x7fc3985d70, 3200, MSG_DONTWAIT, NULL, NULL) = -1 EAGAIN (Try again)
30087 1783914168.242644 recvfrom(100, "nysv\0\0\0\0\0\0\0\0\0\0\0\0oAcP\207\2\0\0\215\207\2\0\0\0\0\0", 3200, MSG_DONTWAIT, NULL, NULL) = 32
30087 1783914168.242684 recvfrom(100, 0x7fc3986860, 3200, MSG_DONTWAIT, NULL, NULL) = -1 EAGAIN (Try again)
30087 1783914168.252031 recvfrom(100, 0x7fc3986760, 3200, MSG_DONTWAIT, NULL, NULL) = -1 EAGAIN (Try again)
30197 1783914168.254899 sendmsg(177, {msg_name=NULL, msg_namelen=0, msg_iov=[{iov_base="l\1\1\1\374\0\0\0\4\4\0\0\235\0\0\0\1\1o\0;\0\0\0/re/frid"..., iov_len=428}], msg_iovlen=1, msg_controllen=0, msg_flags=0}, MSG_NOSIGNAL) = 428
30197 1783914168.261047 sendmsg(177, {msg_name=NULL, msg_namelen=0, msg_iov=[{iov_base="l\1\1\1\374\0\0\0\5\4\0\0\235\0\0\0\1\1o\0;\0\0\0/re/frid"..., iov_len=428}], msg_iovlen=1, msg_controllen=0, msg_flags=0}, MSG_NOSIGNAL) = 428
30197 1783914168.268281 sendmsg(177, {msg_name=NULL, msg_namelen=0, msg_iov=[{iov_base="l\1\1\1\374\0\0\0\6\4\0\0\235\0\0\0\1\1o\0;\0\0\0/re/frid"..., iov_len=428}], msg_iovlen=1, msg_controllen=0, msg_flags=0}, MSG_NOSIGNAL) = 428
30087 1783914168.269802 recvfrom(100, "nysv\0\0\0\0\0\0\0\0\0\0\0\0\246\214`R\207\2\0\0\216\207\2\0\0\0\0\0", 3200, MSG_DONTWAIT, NULL, NULL) = 32
30087 1783914168.269825 recvfrom(100, 0x7fc3986860, 3200, MSG_DONTWAIT, NULL, NULL) = -1 EAGAIN (Try again)
30197 1783914168.277705 sendmsg(177, {msg_name=NULL, msg_namelen=0, msg_iov=[{iov_base="l\1\1\1\374\0\0\0\7\4\0\0\235\0\0\0\1\1o\0;\0\0\0/re/frid"..., iov_len=428}], msg_iovlen=1, msg_controllen=0, msg_flags=0}, MSG_NOSIGNAL) = 428
30087 1783914168.696565 recvfrom(100, 0x7fc3986420, 3200, MSG_DONTWAIT, NULL, NULL) = -1 EAGAIN (Try again)
30087 1783914168.704834 recvfrom(100, "nysv\0\0\0\0\0\0\0\0\0\0\0\0\7\0064l\207\2\0\0\247\207\2\0\0\0\0\0", 3200, MSG_DONTWAIT, NULL, NULL) = 32
30087 1783914168.704939 recvfrom(100, 0x7fc3986860, 3200, MSG_DONTWAIT, NULL, NULL) = -1 EAGAIN (Try again)
30087 1783914168.705056 recvfrom(121, 0x7d29777820, 2272, MSG_DONTWAIT, NULL, NULL) = -1 EAGAIN (Try again)
30087 1783914168.722681 recvfrom(100, 0x7fc3985d70, 3200, MSG_DONTWAIT, NULL, NULL) = -1 EAGAIN (Try again)
30197 1783914168.724113 sendmsg(177, {msg_name=NULL, msg_namelen=0, msg_iov=[{iov_base="l\1\1\1\374\0\0\0\10\4\0\0\235\0\0\0\1\1o\0;\0\0\0/re/frid"..., iov_len=428}], msg_iovlen=1, msg_controllen=0, msg_flags=0}, MSG_NOSIGNAL) = 428
30087 1783914168.740784 recvfrom(100, "nysv\0\0\0\0\0\0\0\0\0\0\0\0[\2460n\207\2\0\0\251\207\2\0\0\0\0\0", 3200, MSG_DONTWAIT, NULL, NULL) = 32
30087 1783914168.740845 recvfrom(100, 0x7fc3986860, 3200, MSG_DONTWAIT, NULL, NULL) = -1 EAGAIN (Try again)
30087 1783914168.750691 recvfrom(100, 0x7fc3986760, 3200, MSG_DONTWAIT, NULL, NULL) = -1 EAGAIN (Try again)
30087 1783914168.752329 recvfrom(100, "nysv\0\0\0\0\0\0\0\0\0\0\0\0v>/o\207\2\0\0\252\207\2\0\0\0\0\0", 3200, MSG_DONTWAIT, NULL, NULL) = 32
30087 1783914168.752358 recvfrom(100, 0x7fc3986860, 3200, MSG_DONTWAIT, NULL, NULL) = -1 EAGAIN (Try again)
30197 1783914168.752386 sendmsg(177, {msg_name=NULL, msg_namelen=0, msg_iov=[{iov_base="l\1\1\1\374\0\0\0\t\4\0\0\235\0\0\0\1\1o\0;\0\0\0/re/frid"..., iov_len=428}], msg_iovlen=1, msg_controllen=0, msg_flags=0}, MSG_NOSIGNAL) = 428
30197 1783914168.754115 sendmsg(177, {msg_name=NULL, msg_namelen=0, msg_iov=[{iov_base="l\1\1\1\374\0\0\0\n\4\0\0\235\0\0\0\1\1o\0;\0\0\0/re/frid"..., iov_len=428}], msg_iovlen=1, msg_controllen=0, msg_flags=0}, MSG_NOSIGNAL) = 428
30087 1783914169.203054 recvfrom(100, 0x7fc3986420, 3200, MSG_DONTWAIT, NULL, NULL) = -1 EAGAIN (Try again)
30087 1783914169.205308 recvfrom(100, "nysv\0\0\0\0\0\0\0\0\0\0\0\0\363j\1\212\207\2\0\0\304\207\2\0\0\0\0\0", 3200, MSG_DONTWAIT, NULL, NULL) = 32
30087 1783914169.205417 recvfrom(100, 0x7fc3986860, 3200, MSG_DONTWAIT, NULL, NULL) = -1 EAGAIN (Try again)
30087 1783914169.205522 recvfrom(121, 0x7d29777820, 2272, MSG_DONTWAIT, NULL, NULL) = -1 EAGAIN (Try again)
30087 1783914169.212852 recvfrom(100, 0x7fc3985d70, 3200, MSG_DONTWAIT, NULL, NULL) = -1 EAGAIN (Try again)
30197 1783914169.213899 sendmsg(177, {msg_name=NULL, msg_namelen=0, msg_iov=[{iov_base="l\1\1\1\374\0\0\0\v\4\0\0\235\0\0\0\1\1o\0;\0\0\0/re/frid"..., iov_len=428}], msg_iovlen=1, msg_controllen=0, msg_flags=0}, MSG_NOSIGNAL) = 428
30087 1783914169.223083 recvfrom(100, "nysv\0\0\0\0\0\0\0\0\0\0\0\0\35\273\377\212\207\2\0\0\305\207\2\0\0\0\0\0", 3200, MSG_DONTWAIT, NULL, NULL) = 32
30087 1783914169.223122 recvfrom(100, 0x7fc3986860, 3200, MSG_DONTWAIT, NULL, NULL) = -1 EAGAIN (Try again)
30087 1783914169.225196 recvfrom(100, 0x7fc3986760, 3200, MSG_DONTWAIT, NULL, NULL) = -1 EAGAIN (Try again)
30197 1783914169.226716 sendmsg(177, {msg_name=NULL, msg_namelen=0, msg_iov=[{iov_base="l\1\1\1\374\0\0\0\f\4\0\0\235\0\0\0\1\1o\0;\0\0\0/re/frid"..., iov_len=428}], msg_iovlen=1, msg_controllen=0, msg_flags=0}, MSG_NOSIGNAL) = 428
30087 1783914169.239248 recvfrom(100, "nysv\0\0\0\0\0\0\0\0\0\0\0\0G\v\376\213\207\2\0\0\306\207\2\0\0\0\0\0", 3200, MSG_DONTWAIT, NULL, NULL) = 32
30087 1783914169.239454 recvfrom(100, 0x7fc3986860, 3200, MSG_DONTWAIT, NULL, NULL) = -1 EAGAIN (Try again)
30197 1783914169.247883 sendmsg(177, {msg_name=NULL, msg_namelen=0, msg_iov=[{iov_base="l\1\1\1\374\0\0\0\r\4\0\0\235\0\0\0\1\1o\0;\0\0\0/re/frid"..., iov_len=428}], msg_iovlen=1, msg_controllen=0, msg_flags=0}, MSG_NOSIGNAL) = 428
30087 1783914169.704175 recvfrom(100, 0x7fc3986420, 3200, MSG_DONTWAIT, NULL, NULL) = -1 EAGAIN (Try again)
30087 1783914169.721851 recvfrom(100, "nysv\0\0\0\0\0\0\0\0\0\0\0\0\t \315\250\207\2\0\0\343\207\2\0\0\0\0\0", 3200, MSG_DONTWAIT, NULL, NULL) = 32
30087 1783914169.721964 recvfrom(100, 0x7fc3986860, 3200, MSG_DONTWAIT, NULL, NULL) = -1 EAGAIN (Try again)
30087 1783914169.722108 recvfrom(121, 0x7d29777820, 2272, MSG_DONTWAIT, NULL, NULL) = -1 EAGAIN (Try again)
30197 1783914169.731090 sendmsg(177, {msg_name=NULL, msg_namelen=0, msg_iov=[{iov_base="l\1\1\1\374\0\0\0\16\4\0\0\235\0\0\0\1\1o\0;\0\0\0/re/frid"..., iov_len=428}], msg_iovlen=1, msg_controllen=0, msg_flags=0}, MSG_NOSIGNAL) = 428
30087 1783914169.740474 recvfrom(100, 0x7fc3985d70, 3200, MSG_DONTWAIT, NULL, NULL) = -1 EAGAIN (Try again)
30150 1783914169.740701 openat(AT_FDCWD, "/proc/30087/stat", O_RDONLY|O_CLOEXEC) = 119
30150 1783914169.740922 openat(AT_FDCWD, "/proc/30087/task", O_RDONLY|O_DIRECTORY) = 119
30150 1783914169.740977 openat(AT_FDCWD, "/proc/30087/task/30087/stat", O_RDONLY|O_CLOEXEC) = 126
30150 1783914169.741043 openat(AT_FDCWD, "/proc/30087/task/30092/stat", O_RDONLY|O_CLOEXEC) = 126
30150 1783914169.741093 openat(AT_FDCWD, "/proc/30087/task/30098/stat", O_RDONLY|O_CLOEXEC) = 126
30150 1783914169.741142 openat(AT_FDCWD, "/proc/30087/task/30099/stat", O_RDONLY|O_CLOEXEC) = 126
30150 1783914169.741199 openat(AT_FDCWD, "/proc/30087/task/30100/stat", O_RDONLY|O_CLOEXEC) = 126
30150 1783914169.741247 openat(AT_FDCWD, "/proc/30087/task/30101/stat", O_RDONLY|O_CLOEXEC) = 126
30150 1783914169.741293 openat(AT_FDCWD, "/proc/30087/task/30102/stat", O_RDONLY|O_CLOEXEC) = 126
30150 1783914169.741348 openat(AT_FDCWD, "/proc/30087/task/30103/stat", O_RDONLY|O_CLOEXEC) = 126
30150 1783914169.741395 openat(AT_FDCWD, "/proc/30087/task/30104/stat", O_RDONLY|O_CLOEXEC) = 126
30150 1783914169.741441 openat(AT_FDCWD, "/proc/30087/task/30105/stat", O_RDONLY|O_CLOEXEC) = 126
30150 1783914169.741487 openat(AT_FDCWD, "/proc/30087/task/30106/stat", O_RDONLY|O_CLOEXEC) = 126
30150 1783914169.741534 openat(AT_FDCWD, "/proc/30087/task/30107/stat", O_RDONLY|O_CLOEXEC) = 126
30150 1783914169.741580 openat(AT_FDCWD, "/proc/30087/task/30108/stat", O_RDONLY|O_CLOEXEC) = 126
30150 1783914169.741626 openat(AT_FDCWD, "/proc/30087/task/30109/stat", O_RDONLY|O_CLOEXEC) = 126
30150 1783914169.741701 openat(AT_FDCWD, "/proc/30087/task/30116/stat", O_RDONLY|O_CLOEXEC) = 126
30150 1783914169.741775 openat(AT_FDCWD, "/proc/30087/task/30118/stat", O_RDONLY|O_CLOEXEC) = 126
30150 1783914169.741831 openat(AT_FDCWD, "/proc/30087/task/30140/stat", O_RDONLY|O_CLOEXEC) = 126
30150 1783914169.741878 openat(AT_FDCWD, "/proc/30087/task/30141/stat", O_RDONLY|O_CLOEXEC) = 126
30150 1783914169.741924 openat(AT_FDCWD, "/proc/30087/task/30142/stat", O_RDONLY|O_CLOEXEC) = 126
30150 1783914169.741971 openat(AT_FDCWD, "/proc/30087/task/30144/stat", O_RDONLY|O_CLOEXEC) = 126
30150 1783914169.742017 openat(AT_FDCWD, "/proc/30087/task/30145/stat", O_RDONLY|O_CLOEXEC) = 126
30150 1783914169.742063 openat(AT_FDCWD, "/proc/30087/task/30146/stat", O_RDONLY|O_CLOEXEC) = 126
30150 1783914169.742108 openat(AT_FDCWD, "/proc/30087/task/30147/stat", O_RDONLY|O_CLOEXEC) = 126
30150 1783914169.742154 openat(AT_FDCWD, "/proc/30087/task/30148/stat", O_RDONLY|O_CLOEXEC) = 126
30150 1783914169.742200 openat(AT_FDCWD, "/proc/30087/task/30149/stat", O_RDONLY|O_CLOEXEC) = 126
30150 1783914169.742246 openat(AT_FDCWD, "/proc/30087/task/30150/stat", O_RDONLY|O_CLOEXEC) = 126
30150 1783914169.742291 openat(AT_FDCWD, "/proc/30087/task/30151/stat", O_RDONLY|O_CLOEXEC) = 126
30150 1783914169.742337 openat(AT_FDCWD, "/proc/30087/task/30152/stat", O_RDONLY|O_CLOEXEC) = 126
30150 1783914169.742398 openat(AT_FDCWD, "/proc/30087/task/30153/stat", O_RDONLY|O_CLOEXEC) = 126
30150 1783914169.742445 openat(AT_FDCWD, "/proc/30087/task/30154/stat", O_RDONLY|O_CLOEXEC) = 126
30150 1783914169.742578 openat(AT_FDCWD, "/proc/30087/task/30155/stat", O_RDONLY|O_CLOEXEC) = 126
30150 1783914169.742628 openat(AT_FDCWD, "/proc/30087/task/30156/stat", O_RDONLY|O_CLOEXEC) = 126
30150 1783914169.742674 openat(AT_FDCWD, "/proc/30087/task/30158/stat", O_RDONLY|O_CLOEXEC) = 126
30150 1783914169.742720 openat(AT_FDCWD, "/proc/30087/task/30159/stat", O_RDONLY|O_CLOEXEC) = 126
30150 1783914169.742779 openat(AT_FDCWD, "/proc/30087/task/30161/stat", O_RDONLY|O_CLOEXEC) = 126
30150 1783914169.742828 openat(AT_FDCWD, "/proc/30087/task/30162/stat", O_RDONLY|O_CLOEXEC) = 126
30150 1783914169.742875 openat(AT_FDCWD, "/proc/30087/task/30175/stat", O_RDONLY|O_CLOEXEC) = 126
30150 1783914169.742921 openat(AT_FDCWD, "/proc/30087/task/30178/stat", O_RDONLY|O_CLOEXEC) = 126
30150 1783914169.742967 openat(AT_FDCWD, "/proc/30087/task/30179/stat", O_RDONLY|O_CLOEXEC) = 126
30150 1783914169.743013 openat(AT_FDCWD, "/proc/30087/task/30180/stat", O_RDONLY|O_CLOEXEC) = 126
30150 1783914169.743059 openat(AT_FDCWD, "/proc/30087/task/30182/stat", O_RDONLY|O_CLOEXEC) = 126
30150 1783914169.743106 openat(AT_FDCWD, "/proc/30087/task/30187/stat", O_RDONLY|O_CLOEXEC) = 126
30150 1783914169.743152 openat(AT_FDCWD, "/proc/30087/task/30194/stat", O_RDONLY|O_CLOEXEC) = 126
30150 1783914169.743199 openat(AT_FDCWD, "/proc/30087/task/30195/stat", O_RDONLY|O_CLOEXEC) = 126
30150 1783914169.743251 openat(AT_FDCWD, "/proc/30087/task/30197/stat", O_RDONLY|O_CLOEXEC) = 126
30150 1783914169.743298 openat(AT_FDCWD, "/proc/30087/task/30198/stat", O_RDONLY|O_CLOEXEC) = 126
30087 1783914169.755165 recvfrom(100, "nysv\0\0\0\0\0\0\0\0\0\0\0\0]\300\311\252\207\2\0\0\345\207\2\0\0\0\0\0", 3200, MSG_DONTWAIT, NULL, NULL) = 32
30087 1783914169.755205 recvfrom(100, 0x7fc3986860, 3200, MSG_DONTWAIT, NULL, NULL) = -1 EAGAIN (Try again)
30087 1783914169.765721 recvfrom(100, 0x7fc3986760, 3200, MSG_DONTWAIT, NULL, NULL) = -1 EAGAIN (Try again)
30197 1783914169.767345 sendmsg(177, {msg_name=NULL, msg_namelen=0, msg_iov=[{iov_base="l\1\1\1\374\0\0\0\17\4\0\0\235\0\0\0\1\1o\0;\0\0\0/re/frid"..., iov_len=428}], msg_iovlen=1, msg_controllen=0, msg_flags=0}, MSG_NOSIGNAL) = 428
30087 1783914169.769069 recvfrom(100, "nysv\0\0\0\0\0\0\0\0\0\0\0\0\272X\310\253\207\2\0\0\346\207\2\0\0\0\0\0", 3200, MSG_DONTWAIT, NULL, NULL) = 32
30087 1783914169.769197 recvfrom(100, 0x7fc3986860, 3200, MSG_DONTWAIT, NULL, NULL) = -1 EAGAIN (Try again)
30197 1783914169.770311 sendmsg(177, {msg_name=NULL, msg_namelen=0, msg_iov=[{iov_base="l\1\1\1\374\0\0\0\20\4\0\0\235\0\0\0\1\1o\0;\0\0\0/re/frid"..., iov_len=428}], msg_iovlen=1, msg_controllen=0, msg_flags=0}, MSG_NOSIGNAL) = 428
30087 1783914170.207193 recvfrom(100, 0x7fc3986420, 3200, MSG_DONTWAIT, NULL, NULL) = -1 EAGAIN (Try again)
30087 1783914170.223621 recvfrom(100, "nysv\0\0\0\0\0\0\0\0\0\0\0\0\365\204\232\306\207\2\0\0\1\210\2\0\0\0\0\0", 3200, MSG_DONTWAIT, NULL, NULL) = 32
30087 1783914170.223737 recvfrom(100, 0x7fc3986860, 3200, MSG_DONTWAIT, NULL, NULL) = -1 EAGAIN (Try again)
30087 1783914170.223866 recvfrom(121, 0x7d29777820, 2272, MSG_DONTWAIT, NULL, NULL) = -1 EAGAIN (Try again)
30197 1783914170.231817 sendmsg(177, {msg_name=NULL, msg_namelen=0, msg_iov=[{iov_base="l\1\1\1\374\0\0\0\21\4\0\0\235\0\0\0\1\1o\0;\0\0\0/re/frid"..., iov_len=428}], msg_iovlen=1, msg_controllen=0, msg_flags=0}, MSG_NOSIGNAL) = 428
30087 1783914170.240952 recvfrom(100, 0x7fc3985d70, 3200, MSG_DONTWAIT, NULL, NULL) = -1 EAGAIN (Try again)
30087 1783914170.255647 recvfrom(100, "nysv\0\0\0\0\0\0\0\0\0\0\0\0I%\227\310\207\2\0\0\3\210\2\0\0\0\0\0", 3200, MSG_DONTWAIT, NULL, NULL) = 32
30087 1783914170.255976 recvfrom(100, 0x7fc3986860, 3200, MSG_DONTWAIT, NULL, NULL) = -1 EAGAIN (Try again)
30087 1783914170.265597 recvfrom(100, 0x7fc3986760, 3200, MSG_DONTWAIT, NULL, NULL) = -1 EAGAIN (Try again)
30197 1783914170.267532 sendmsg(177, {msg_name=NULL, msg_namelen=0, msg_iov=[{iov_base="l\1\1\1\374\0\0\0\22\4\0\0\235\0\0\0\1\1o\0;\0\0\0/re/frid"..., iov_len=428}], msg_iovlen=1, msg_controllen=0, msg_flags=0}, MSG_NOSIGNAL) = 428
30087 1783914170.268827 recvfrom(100, "nysv\0\0\0\0\0\0\0\0\0\0\0\0]\310\225\311\207\2\0\0\4\210\2\0\0\0\0\0", 3200, MSG_DONTWAIT, NULL, NULL) = 32
30087 1783914170.268850 recvfrom(100, 0x7fc3986860, 3200, MSG_DONTWAIT, NULL, NULL) = -1 EAGAIN (Try again)
30197 1783914170.270195 sendmsg(177, {msg_name=NULL, msg_namelen=0, msg_iov=[{iov_base="l\1\1\1\374\0\0\0\23\4\0\0\235\0\0\0\1\1o\0;\0\0\0/re/frid"..., iov_len=428}], msg_iovlen=1, msg_controllen=0, msg_flags=0}, MSG_NOSIGNAL) = 428
30087 1783914170.707549 recvfrom(100, 0x7fc3986420, 3200, MSG_DONTWAIT, NULL, NULL) = -1 EAGAIN (Try again)
30087 1783914170.724816 recvfrom(100, "nysv\0\0\0\0\0\0\0\0\0\0\0\0\341\351g\344\207\2\0\0\37\210\2\0\0\0\0\0", 3200, MSG_DONTWAIT, NULL, NULL) = 32
30087 1783914170.724851 recvfrom(100, 0x7fc3986860, 3200, MSG_DONTWAIT, NULL, NULL) = -1 EAGAIN (Try again)
30087 1783914170.724890 recvfrom(121, 0x7d29777820, 2272, MSG_DONTWAIT, NULL, NULL) = -1 EAGAIN (Try again)
30197 1783914170.730773 sendmsg(177, {msg_name=NULL, msg_namelen=0, msg_iov=[{iov_base="l\1\1\1\374\0\0\0\24\4\0\0\235\0\0\0\1\1o\0;\0\0\0/re/frid"..., iov_len=428}], msg_iovlen=1, msg_controllen=0, msg_flags=0}, MSG_NOSIGNAL) = 428
30087 1783914170.738408 recvfrom(100, 0x7fc3985d70, 3200, MSG_DONTWAIT, NULL, NULL) = -1 EAGAIN (Try again)
30087 1783914170.759175 recvfrom(100, "nysv\0\0\0\0\0\0\0\0\0\0\0\0005\212d\346\207\2\0\0!\210\2\0\0\0\0\0", 3200, MSG_DONTWAIT, NULL, NULL) = 32
30087 1783914170.759206 recvfrom(100, 0x7fc3986860, 3200, MSG_DONTWAIT, NULL, NULL) = -1 EAGAIN (Try again)
30087 1783914170.769264 recvfrom(100, 0x7fc3986760, 3200, MSG_DONTWAIT, NULL, NULL) = -1 EAGAIN (Try again)
30197 1783914170.770637 sendmsg(177, {msg_name=NULL, msg_namelen=0, msg_iov=[{iov_base="l\1\1\1\374\0\0\0\25\4\0\0\235\0\0\0\1\1o\0;\0\0\0/re/frid"..., iov_len=428}], msg_iovlen=1, msg_controllen=0, msg_flags=0}, MSG_NOSIGNAL) = 428
30087 1783914170.788899 recvfrom(100, "nysv\0\0\0\0\0\0\0\0\0\0\0\0\211*a\350\207\2\0\0\"\210\2\0\0\0\0\0", 3200, MSG_DONTWAIT, NULL, NULL) = 32
30087 1783914170.788935 recvfrom(100, 0x7fc3986860, 3200, MSG_DONTWAIT, NULL, NULL) = -1 EAGAIN (Try again)
30197 1783914170.790327 sendmsg(177, {msg_name=NULL, msg_namelen=0, msg_iov=[{iov_base="l\1\1\1\374\0\0\0\26\4\0\0\235\0\0\0\1\1o\0;\0\0\0/re/frid"..., iov_len=428}], msg_iovlen=1, msg_controllen=0, msg_flags=0}, MSG_NOSIGNAL) = 428
30087 1783914171.210698 recvfrom(100, 0x7fc3986420, 3200, MSG_DONTWAIT, NULL, NULL) = -1 EAGAIN (Try again)
30087 1783914171.223223 recvfrom(100, "nysv\0\0\0\0\0\0\0\0\0\0\0\0\315N5\2\210\2\0\0<\210\2\0\0\0\0\0", 3200, MSG_DONTWAIT, NULL, NULL) = 32
30087 1783914171.223336 recvfrom(100, 0x7fc3986860, 3200, MSG_DONTWAIT, NULL, NULL) = -1 EAGAIN (Try again)
30087 1783914171.223469 recvfrom(121, 0x7d29777820, 2272, MSG_DONTWAIT, NULL, NULL) = -1 EAGAIN (Try again)
30197 1783914171.231108 sendmsg(177, {msg_name=NULL, msg_namelen=0, msg_iov=[{iov_base="l\1\1\1\374\0\0\0\27\4\0\0\235\0\0\0\1\1o\0;\0\0\0/re/frid"..., iov_len=428}], msg_iovlen=1, msg_controllen=0, msg_flags=0}, MSG_NOSIGNAL) = 428
30087 1783914171.239899 recvfrom(100, 0x7fc3985d70, 3200, MSG_DONTWAIT, NULL, NULL) = -1 EAGAIN (Try again)
30087 1783914171.258594 recvfrom(100, "nysv\0\0\0\0\0\0\0\0\0\0\0\0!\3571\4\210\2\0\0>\210\2\0\0\0\0\0", 3200, MSG_DONTWAIT, NULL, NULL) = 32
30087 1783914171.258631 recvfrom(100, 0x7fc3986860, 3200, MSG_DONTWAIT, NULL, NULL) = -1 EAGAIN (Try again)
30087 1783914171.269499 recvfrom(100, 0x7fc3986760, 3200, MSG_DONTWAIT, NULL, NULL) = -1 EAGAIN (Try again)
30197 1783914171.270925 sendmsg(177, {msg_name=NULL, msg_namelen=0, msg_iov=[{iov_base="l\1\1\1\374\0\0\0\30\4\0\0\235\0\0\0\1\1o\0;\0\0\0/re/frid"..., iov_len=428}], msg_iovlen=1, msg_controllen=0, msg_flags=0}, MSG_NOSIGNAL) = 428
30087 1783914171.291878 recvfrom(100, "nysv\0\0\0\0\0\0\0\0\0\0\0\0u\217.\6\210\2\0\0@\210\2\0\0\0\0\0", 3200, MSG_DONTWAIT, NULL, NULL) = 32
30087 1783914171.291902 recvfrom(100, 0x7fc3986860, 3200, MSG_DONTWAIT, NULL, NULL) = -1 EAGAIN (Try again)
30197 1783914171.292613 sendmsg(177, {msg_name=NULL, msg_namelen=0, msg_iov=[{iov_base="l\1\1\1\374\0\0\0\31\4\0\0\235\0\0\0\1\1o\0;\0\0\0/re/frid"..., iov_len=428}], msg_iovlen=1, msg_controllen=0, msg_flags=0}, MSG_NOSIGNAL) = 428
30087 1783914171.712856 recvfrom(100, 0x7fc3986420, 3200, MSG_DONTWAIT, NULL, NULL) = -1 EAGAIN (Try again)
30087 1783914171.723394 recvfrom(100, "nysv\0\0\0\0\0\0\0\0\0\0\0\0\271\263\2 \210\2\0\0Z\210\2\0\0\0\0\0", 3200, MSG_DONTWAIT, NULL, NULL) = 32
30087 1783914171.723494 recvfrom(100, 0x7fc3986860, 3200, MSG_DONTWAIT, NULL, NULL) = -1 EAGAIN (Try again)
30087 1783914171.723594 recvfrom(121, 0x7d29777820, 2272, MSG_DONTWAIT, NULL, NULL) = -1 EAGAIN (Try again)
30087 1783914171.741817 recvfrom(100, 0x7fc3985d70, 3200, MSG_DONTWAIT, NULL, NULL) = -1 EAGAIN (Try again)
30197 1783914171.742738 sendmsg(177, {msg_name=NULL, msg_namelen=0, msg_iov=[{iov_base="l\1\1\1\374\0\0\0\32\4\0\0\235\0\0\0\1\1o\0;\0\0\0/re/frid"..., iov_len=428}], msg_iovlen=1, msg_controllen=0, msg_flags=0}, MSG_NOSIGNAL) = 428
30087 1783914171.755201 recvfrom(100, "nysv\0\0\0\0\0\0\0\0\0\0\0\0\rT\377!\210\2\0\0\\\210\2\0\0\0\0\0", 3200, MSG_DONTWAIT, NULL, NULL) = 32
30087 1783914171.755582 recvfrom(100, 0x7fc3986860, 3200, MSG_DONTWAIT, NULL, NULL) = -1 EAGAIN (Try again)
30087 1783914171.760716 recvfrom(100, 0x7fc3986760, 3200, MSG_DONTWAIT, NULL, NULL) = -1 EAGAIN (Try again)
30197 1783914171.766088 sendmsg(177, {msg_name=NULL, msg_namelen=0, msg_iov=[{iov_base="l\1\1\1\374\0\0\0\33\4\0\0\235\0\0\0\1\1o\0;\0\0\0/re/frid"..., iov_len=428}], msg_iovlen=1, msg_controllen=0, msg_flags=0}, MSG_NOSIGNAL) = 428
30087 1783914171.769349 recvfrom(100, "nysv\0\0\0\0\0\0\0\0\0\0\0\0\343\320\375\"\210\2\0\0]\210\2\0\0\0\0\0", 3200, MSG_DONTWAIT, NULL, NULL) = 32
30087 1783914171.769374 recvfrom(100, 0x7fc3986860, 3200, MSG_DONTWAIT, NULL, NULL) = -1 EAGAIN (Try again)
30197 1783914171.770448 sendmsg(177, {msg_name=NULL, msg_namelen=0, msg_iov=[{iov_base="l\1\1\1\374\0\0\0\34\4\0\0\235\0\0\0\1\1o\0;\0\0\0/re/frid"..., iov_len=428}], msg_iovlen=1, msg_controllen=0, msg_flags=0}, MSG_NOSIGNAL) = 428
30087 1783914172.214611 recvfrom(100, 0x7fc3986420, 3200, MSG_DONTWAIT, NULL, NULL) = -1 EAGAIN (Try again)
30087 1783914172.221757 recvfrom(100, "nysv\0\0\0\0\0\0\0\0\0\0\0\0\245\30\320=\210\2\0\0w\210\2\0\0\0\0\0", 3200, MSG_DONTWAIT, NULL, NULL) = 32
30087 1783914172.221865 recvfrom(100, 0x7fc3986860, 3200, MSG_DONTWAIT, NULL, NULL) = -1 EAGAIN (Try again)
30087 1783914172.222003 recvfrom(121, 0x7d29777820, 2272, MSG_DONTWAIT, NULL, NULL) = -1 EAGAIN (Try again)
30197 1783914172.230222 sendmsg(177, {msg_name=NULL, msg_namelen=0, msg_iov=[{iov_base="l\1\1\1\374\0\0\0\35\4\0\0\235\0\0\0\1\1o\0;\0\0\0/re/frid"..., iov_len=428}], msg_iovlen=1, msg_controllen=0, msg_flags=0}, MSG_NOSIGNAL) = 428
30087 1783914172.239022 recvfrom(100, 0x7fc3985d70, 3200, MSG_DONTWAIT, NULL, NULL) = -1 EAGAIN (Try again)
30087 1783914172.254955 recvfrom(100, "nysv\0\0\0\0\0\0\0\0\0\0\0\0\371\270\314?\210\2\0\0y\210\2\0\0\0\0\0", 3200, MSG_DONTWAIT, NULL, NULL) = 32
30087 1783914172.254997 recvfrom(100, 0x7fc3986860, 3200, MSG_DONTWAIT, NULL, NULL) = -1 EAGAIN (Try again)
30087 1783914172.257823 recvfrom(100, 0x7fc3986760, 3200, MSG_DONTWAIT, NULL, NULL) = -1 EAGAIN (Try again)
30197 1783914172.266652 sendmsg(177, {msg_name=NULL, msg_namelen=0, msg_iov=[{iov_base="l\1\1\1\374\0\0\0\36\4\0\0\235\0\0\0\1\1o\0;\0\0\0/re/frid"..., iov_len=428}], msg_iovlen=1, msg_controllen=0, msg_flags=0}, MSG_NOSIGNAL) = 428
30087 1783914172.269081 recvfrom(100, "nysv\0\0\0\0\0\0\0\0\0\0\0\0AJ\313@\210\2\0\0z\210\2\0\0\0\0\0", 3200, MSG_DONTWAIT, NULL, NULL) = 32
30087 1783914172.269108 recvfrom(100, 0x7fc3986860, 3200, MSG_DONTWAIT, NULL, NULL) = -1 EAGAIN (Try again)
30197 1783914172.270340 sendmsg(177, {msg_name=NULL, msg_namelen=0, msg_iov=[{iov_base="l\1\1\1\374\0\0\0\37\4\0\0\235\0\0\0\1\1o\0;\0\0\0/re/frid"..., iov_len=428}], msg_iovlen=1, msg_controllen=0, msg_flags=0}, MSG_NOSIGNAL) = 428
30087 1783914172.720634 recvfrom(100, 0x7fc3986420, 3200, MSG_DONTWAIT, NULL, NULL) = -1 EAGAIN (Try again)
30087 1783914172.742913 recvfrom(100, "nysv\0\0\0\0\0\0\0\0\0\0\0\0\273\315\233\\\210\2\0\0\226\210\2\0\0\0\0\0", 3200, MSG_DONTWAIT, NULL, NULL) = 32
30087 1783914172.743037 recvfrom(100, 0x7fc3986860, 3200, MSG_DONTWAIT, NULL, NULL) = -1 EAGAIN (Try again)
30087 1783914172.743171 recvfrom(121, 0x7d29777820, 2272, MSG_DONTWAIT, NULL, NULL) = -1 EAGAIN (Try again)
30087 1783914172.751325 recvfrom(100, 0x7fc3985d70, 3200, MSG_DONTWAIT, NULL, NULL) = -1 EAGAIN (Try again)
30197 1783914172.752506 sendmsg(177, {msg_name=NULL, msg_namelen=0, msg_iov=[{iov_base="l\1\1\1\374\0\0\0 \4\0\0\235\0\0\0\1\1o\0;\0\0\0/re/frid"..., iov_len=428}], msg_iovlen=1, msg_controllen=0, msg_flags=0}, MSG_NOSIGNAL) = 428
30087 1783914172.761578 recvfrom(100, "nysv\0\0\0\0\0\0\0\0\0\0\0\0\345\35\232]\210\2\0\0\227\210\2\0\0\0\0\0", 3200, MSG_DONTWAIT, NULL, NULL) = 32
30087 1783914172.761616 recvfrom(100, 0x7fc3986860, 3200, MSG_DONTWAIT, NULL, NULL) = -1 EAGAIN (Try again)
30087 1783914172.763823 recvfrom(100, 0x7fc3986760, 3200, MSG_DONTWAIT, NULL, NULL) = -1 EAGAIN (Try again)
30197 1783914172.765278 sendmsg(177, {msg_name=NULL, msg_namelen=0, msg_iov=[{iov_base="l\1\1\1\374\0\0\0!\4\0\0\235\0\0\0\1\1o\0;\0\0\0/re/frid"..., iov_len=428}], msg_iovlen=1, msg_controllen=0, msg_flags=0}, MSG_NOSIGNAL) = 428
30087 1783914172.769927 recvfrom(100, "nysv\0\0\0\0\0\0\0\0\0\0\0\0\340\203\230^\210\2\0\0\230\210\2\0\0\0\0\0", 3200, MSG_DONTWAIT, NULL, NULL) = 32
30087 1783914172.769952 recvfrom(100, 0x7fc3986860, 3200, MSG_DONTWAIT, NULL, NULL) = -1 EAGAIN (Try again)
30197 1783914172.779047 sendmsg(177, {msg_name=NULL, msg_namelen=0, msg_iov=[{iov_base="l\1\1\1\374\0\0\0\"\4\0\0\235\0\0\0\1\1o\0;\0\0\0/re/frid"..., iov_len=428}], msg_iovlen=1, msg_controllen=0, msg_flags=0}, MSG_NOSIGNAL) = 428
30087 1783914173.224837 recvfrom(100, 0x7fc3986420, 3200, MSG_DONTWAIT, NULL, NULL) = -1 EAGAIN (Try again)
30087 1783914173.240476 recvfrom(100, "nysv\0\0\0\0\0\0\0\0\0\0\0\0\2472iz\210\2\0\0\263\210\2\0\0\0\0\0", 3200, MSG_DONTWAIT, NULL, NULL) = 32
30087 1783914173.240513 recvfrom(100, 0x7fc3986860, 3200, MSG_DONTWAIT, NULL, NULL) = -1 EAGAIN (Try again)
30087 1783914173.240555 recvfrom(121, 0x7d29777820, 2272, MSG_DONTWAIT, NULL, NULL) = -1 EAGAIN (Try again)
30197 1783914173.247000 sendmsg(177, {msg_name=NULL, msg_namelen=0, msg_iov=[{iov_base="l\1\1\1\374\0\0\0#\4\0\0\235\0\0\0\1\1o\0;\0\0\0/re/frid"..., iov_len=428}], msg_iovlen=1, msg_controllen=0, msg_flags=0}, MSG_NOSIGNAL) = 428
30087 1783914173.254262 recvfrom(100, 0x7fc3985d70, 3200, MSG_DONTWAIT, NULL, NULL) = -1 EAGAIN (Try again)
30087 1783914173.276288 recvfrom(100, "nysv\0\0\0\0\0\0\0\0\0\0\0\0\373\322e|\210\2\0\0\265\210\2\0\0\0\0\0", 3200, MSG_DONTWAIT, NULL, NULL) = 32
30087 1783914173.276322 recvfrom(100, 0x7fc3986860, 3200, MSG_DONTWAIT, NULL, NULL) = -1 EAGAIN (Try again)
30087 1783914173.285940 recvfrom(100, 0x7fc3986760, 3200, MSG_DONTWAIT, NULL, NULL) = -1 EAGAIN (Try again)
30197 1783914173.287443 sendmsg(177, {msg_name=NULL, msg_namelen=0, msg_iov=[{iov_base="l\1\1\1\374\0\0\0$\4\0\0\235\0\0\0\1\1o\0;\0\0\0/re/frid"..., iov_len=428}], msg_iovlen=1, msg_controllen=0, msg_flags=0}, MSG_NOSIGNAL) = 428
30087 1783914173.305874 recvfrom(100, "nysv\0\0\0\0\0\0\0\0\0\0\0\0Osb~\210\2\0\0\266\210\2\0\0\0\0\0", 3200, MSG_DONTWAIT, NULL, NULL) = 32
30087 1783914173.305908 recvfrom(100, 0x7fc3986860, 3200, MSG_DONTWAIT, NULL, NULL) = -1 EAGAIN (Try again)
30197 1783914173.307252 sendmsg(177, {msg_name=NULL, msg_namelen=0, msg_iov=[{iov_base="l\1\1\1\374\0\0\0%\4\0\0\235\0\0\0\1\1o\0;\0\0\0/re/frid"..., iov_len=428}], msg_iovlen=1, msg_controllen=0, msg_flags=0}, MSG_NOSIGNAL) = 428
30087 1783914173.725625 recvfrom(100, 0x7fc3986420, 3200, MSG_DONTWAIT, NULL, NULL) = -1 EAGAIN (Try again)
30087 1783914173.736858 recvfrom(100, "nysv\0\0\0\0\0\0\0\0\0\0\0\0\223\2276\230\210\2\0\0\320\210\2\0\0\0\0\0", 3200, MSG_DONTWAIT, NULL, NULL) = 32
30087 1783914173.736956 recvfrom(100, 0x7fc3986860, 3200, MSG_DONTWAIT, NULL, NULL) = -1 EAGAIN (Try again)
30087 1783914173.737077 recvfrom(121, 0x7d29777820, 2272, MSG_DONTWAIT, NULL, NULL) = -1 EAGAIN (Try again)
30087 1783914173.754334 recvfrom(100, 0x7fc3985d70, 3200, MSG_DONTWAIT, NULL, NULL) = -1 EAGAIN (Try again)
30197 1783914173.755219 sendmsg(177, {msg_name=NULL, msg_namelen=0, msg_iov=[{iov_base="l\1\1\1\374\0\0\0&\4\0\0\235\0\0\0\1\1o\0;\0\0\0/re/frid"..., iov_len=428}], msg_iovlen=1, msg_controllen=0, msg_flags=0}, MSG_NOSIGNAL) = 428
30087 1783914173.773102 recvfrom(100, "nysv\0\0\0\0\0\0\0\0\0\0\0\0\34773\232\210\2\0\0\322\210\2\0\0\0\0\0", 3200, MSG_DONTWAIT, NULL, NULL) = 32
30087 1783914173.773451 recvfrom(100, 0x7fc3986860, 3200, MSG_DONTWAIT, NULL, NULL) = -1 EAGAIN (Try again)
30087 1783914173.781536 recvfrom(100, 0x7fc3986760, 3200, MSG_DONTWAIT, NULL, NULL) = -1 EAGAIN (Try again)
30197 1783914173.784298 sendmsg(177, {msg_name=NULL, msg_namelen=0, msg_iov=[{iov_base="l\1\1\1\374\0\0\0'\4\0\0\235\0\0\0\1\1o\0;\0\0\0/re/frid"..., iov_len=428}], msg_iovlen=1, msg_controllen=0, msg_flags=0}, MSG_NOSIGNAL) = 428
30087 1783914173.785730 recvfrom(100, "nysv\0\0\0\0\0\0\0\0\0\0\0\0\260\3171\233\210\2\0\0\323\210\2\0\0\0\0\0", 3200, MSG_DONTWAIT, NULL, NULL) = 32
30087 1783914173.785759 recvfrom(100, 0x7fc3986860, 3200, MSG_DONTWAIT, NULL, NULL) = -1 EAGAIN (Try again)
30197 1783914173.787045 sendmsg(177, {msg_name=NULL, msg_namelen=0, msg_iov=[{iov_base="l\1\1\1\374\0\0\0(\4\0\0\235\0\0\0\1\1o\0;\0\0\0/re/frid"..., iov_len=428}], msg_iovlen=1, msg_controllen=0, msg_flags=0}, MSG_NOSIGNAL) = 428
30087 1783914174.229490 recvfrom(100, 0x7fc3986420, 3200, MSG_DONTWAIT, NULL, NULL) = -1 EAGAIN (Try again)
30087 1783914174.241839 recvfrom(100, "nysv\0\0\0\0\0\0\0\0\0\0\0\0\177\374\3\266\210\2\0\0\356\210\2\0\0\0\0\0", 3200, MSG_DONTWAIT, NULL, NULL) = 32
30087 1783914174.241960 recvfrom(100, 0x7fc3986860, 3200, MSG_DONTWAIT, NULL, NULL) = -1 EAGAIN (Try again)
30087 1783914174.242085 recvfrom(121, 0x7d29777820, 2272, MSG_DONTWAIT, NULL, NULL) = -1 EAGAIN (Try again)
30087 1783914174.249963 recvfrom(100, 0x7fc3985d70, 3200, MSG_DONTWAIT, NULL, NULL) = -1 EAGAIN (Try again)
30197 1783914174.250857 sendmsg(177, {msg_name=NULL, msg_namelen=0, msg_iov=[{iov_base="l\1\1\1\374\0\0\0)\4\0\0\235\0\0\0\1\1o\0;\0\0\0/re/frid"..., iov_len=428}], msg_iovlen=1, msg_controllen=0, msg_flags=0}, MSG_NOSIGNAL) = 428
30087 1783914174.271564 recvfrom(100, "nysv\0\0\0\0\0\0\0\0\0\0\0\0002\252\0\270\210\2\0\0\360\210\2\0\0\0\0\0", 3200, MSG_DONTWAIT, NULL, NULL) = 32
30087 1783914174.271599 recvfrom(100, 0x7fc3986860, 3200, MSG_DONTWAIT, NULL, NULL) = -1 EAGAIN (Try again)
30087 1783914174.281533 recvfrom(100, 0x7fc3986760, 3200, MSG_DONTWAIT, NULL, NULL) = -1 EAGAIN (Try again)
30197 1783914174.283090 sendmsg(177, {msg_name=NULL, msg_namelen=0, msg_iov=[{iov_base="l\1\1\1\374\0\0\0*\4\0\0\235\0\0\0\1\1o\0;\0\0\0/re/frid"..., iov_len=428}], msg_iovlen=1, msg_controllen=0, msg_flags=0}, MSG_NOSIGNAL) = 428
30087 1783914174.285881 recvfrom(100, "nysv\0\0\0\0\0\0\0\0\0\0\0\0\0222\377\270\210\2\0\0\361\210\2\0\0\0\0\0", 3200, MSG_DONTWAIT, NULL, NULL) = 32
30087 1783914174.285905 recvfrom(100, 0x7fc3986860, 3200, MSG_DONTWAIT, NULL, NULL) = -1 EAGAIN (Try again)
30197 1783914174.286701 sendmsg(177, {msg_name=NULL, msg_namelen=0, msg_iov=[{iov_base="l\1\1\1\374\0\0\0+\4\0\0\235\0\0\0\1\1o\0;\0\0\0/re/frid"..., iov_len=428}], msg_iovlen=1, msg_controllen=0, msg_flags=0}, MSG_NOSIGNAL) = 428
30087 1783914174.734926 recvfrom(100, 0x7fc3986420, 3200, MSG_DONTWAIT, NULL, NULL) = -1 EAGAIN (Try again)
30087 1783914174.740806 recvfrom(100, "nysv\0\0\0\0\0\0\0\0\0\0\0\0ka\321\323\210\2\0\0\f\211\2\0\0\0\0\0", 3200, MSG_DONTWAIT, NULL, NULL) = 32
30087 1783914174.740922 recvfrom(100, 0x7fc3986860, 3200, MSG_DONTWAIT, NULL, NULL) = -1 EAGAIN (Try again)
30087 1783914174.741066 recvfrom(121, 0x7d29777820, 2272, MSG_DONTWAIT, NULL, NULL) = -1 EAGAIN (Try again)
30197 1783914174.748981 sendmsg(177, {msg_name=NULL, msg_namelen=0, msg_iov=[{iov_base="l\1\1\1\374\0\0\0,\4\0\0\235\0\0\0\1\1o\0;\0\0\0/re/frid"..., iov_len=428}], msg_iovlen=1, msg_controllen=0, msg_flags=0}, MSG_NOSIGNAL) = 428
30087 1783914174.755859 recvfrom(100, 0x7fc3985d70, 3200, MSG_DONTWAIT, NULL, NULL) = -1 EAGAIN (Try again)
30087 1783914174.770780 recvfrom(100, "nysv\0\0\0\0\0\0\0\0\0\0\0\0\277\1\316\325\210\2\0\0\16\211\2\0\0\0\0\0", 3200, MSG_DONTWAIT, NULL, NULL) = 32
30087 1783914174.770823 recvfrom(100, 0x7fc3986860, 3200, MSG_DONTWAIT, NULL, NULL) = -1 EAGAIN (Try again)
30087 1783914174.781524 recvfrom(100, 0x7fc3986760, 3200, MSG_DONTWAIT, NULL, NULL) = -1 EAGAIN (Try again)
30197 1783914174.782526 sendmsg(177, {msg_name=NULL, msg_namelen=0, msg_iov=[{iov_base="l\1\1\1\374\0\0\0-\4\0\0\235\0\0\0\1\1o\0;\0\0\0/re/frid"..., iov_len=428}], msg_iovlen=1, msg_controllen=0, msg_flags=0}, MSG_NOSIGNAL) = 428
30087 1783914174.786343 recvfrom(100, "nysv\0\0\0\0\0\0\0\0\0\0\0\0\366k\314\326\210\2\0\0\17\211\2\0\0\0\0\0", 3200, MSG_DONTWAIT, NULL, NULL) = 32
30087 1783914174.786373 recvfrom(100, 0x7fc3986860, 3200, MSG_DONTWAIT, NULL, NULL) = -1 EAGAIN (Try again)
30197 1783914174.787336 sendmsg(177, {msg_name=NULL, msg_namelen=0, msg_iov=[{iov_base="l\1\1\1\374\0\0\0.\4\0\0\235\0\0\0\1\1o\0;\0\0\0/re/frid"..., iov_len=428}], msg_iovlen=1, msg_controllen=0, msg_flags=0}, MSG_NOSIGNAL) = 428
30087 1783914175.238342 recvfrom(100, 0x7fc3986420, 3200, MSG_DONTWAIT, NULL, NULL) = -1 EAGAIN (Try again)
30087 1783914175.257971 recvfrom(100, "nysv\0\0\0\0\0\0\0\0\0\0\0\0\201\26\235\362\210\2\0\0+\211\2\0\0\0\0\0", 3200, MSG_DONTWAIT, NULL, NULL) = 32
30087 1783914175.258301 recvfrom(100, 0x7fc3986860, 3200, MSG_DONTWAIT, NULL, NULL) = -1 EAGAIN (Try again)
30087 1783914175.258412 recvfrom(121, 0x7d29777820, 2272, MSG_DONTWAIT, NULL, NULL) = -1 EAGAIN (Try again)
30087 1783914175.265006 recvfrom(100, 0x7fc3985d70, 3200, MSG_DONTWAIT, NULL, NULL) = -1 EAGAIN (Try again)
30197 1783914175.265706 sendmsg(177, {msg_name=NULL, msg_namelen=0, msg_iov=[{iov_base="l\1\1\1\374\0\0\0/\4\0\0\235\0\0\0\1\1o\0;\0\0\0/re/frid"..., iov_len=428}], msg_iovlen=1, msg_controllen=0, msg_flags=0}, MSG_NOSIGNAL) = 428
30087 1783914175.274354 recvfrom(100, "nysv\0\0\0\0\0\0\0\0\0\0\0\0\227\215\233\363\210\2\0\0,\211\2\0\0\0\0\0", 3200, MSG_DONTWAIT, NULL, NULL) = 32
30087 1783914175.274428 recvfrom(100, 0x7fc3986860, 3200, MSG_DONTWAIT, NULL, NULL) = -1 EAGAIN (Try again)
30087 1783914175.276738 recvfrom(100, 0x7fc3986760, 3200, MSG_DONTWAIT, NULL, NULL) = -1 EAGAIN (Try again)
30197 1783914175.278335 sendmsg(177, {msg_name=NULL, msg_namelen=0, msg_iov=[{iov_base="l\1\1\1\374\0\0\0000\4\0\0\235\0\0\0\1\1o\0;\0\0\0/re/frid"..., iov_len=428}], msg_iovlen=1, msg_controllen=0, msg_flags=0}, MSG_NOSIGNAL) = 428
30087 1783914175.288635 recvfrom(100, "nysv\0\0\0\0\0\0\0\0\0\0\0\0\325\266\231\364\210\2\0\0-\211\2\0\0\0\0\0", 3200, MSG_DONTWAIT, NULL, NULL) = 32
30087 1783914175.288664 recvfrom(100, 0x7fc3986860, 3200, MSG_DONTWAIT, NULL, NULL) = -1 EAGAIN (Try again)
30197 1783914175.292208 sendmsg(177, {msg_name=NULL, msg_namelen=0, msg_iov=[{iov_base="l\1\1\1\374\0\0\0001\4\0\0\235\0\0\0\1\1o\0;\0\0\0/re/frid"..., iov_len=428}], msg_iovlen=1, msg_controllen=0, msg_flags=0}, MSG_NOSIGNAL) = 428
30087 1783914175.739513 recvfrom(100, 0x7fc3986420, 3200, MSG_DONTWAIT, NULL, NULL) = -1 EAGAIN (Try again)
30087 1783914175.753319 recvfrom(100, "nysv\0\0\0\0\0\0\0\0\0\0\0\0\276\207j\20\211\2\0\0I\211\2\0\0\0\0\0", 3200, MSG_DONTWAIT, NULL, NULL) = 32
30087 1783914175.753390 recvfrom(100, 0x7fc3986860, 3200, MSG_DONTWAIT, NULL, NULL) = -1 EAGAIN (Try again)
30087 1783914175.753457 recvfrom(121, 0x7d29777820, 2272, MSG_DONTWAIT, NULL, NULL) = -1 EAGAIN (Try again)
30197 1783914175.758776 sendmsg(177, {msg_name=NULL, msg_namelen=0, msg_iov=[{iov_base="l\1\1\1\374\0\0\0002\4\0\0\235\0\0\0\1\1o\0;\0\0\0/re/frid"..., iov_len=428}], msg_iovlen=1, msg_controllen=0, msg_flags=0}, MSG_NOSIGNAL) = 428
30087 1783914175.766561 recvfrom(100, 0x7fc3985d70, 3200, MSG_DONTWAIT, NULL, NULL) = -1 EAGAIN (Try again)
30087 1783914175.769917 recvfrom(100, "nysv\0\0\0\0\0\0\0\0\0\0\0\0\332\356h\21\211\2\0\0J\211\2\0\0\0\0\0", 3200, MSG_DONTWAIT, NULL, NULL) = 32
30087 1783914175.769957 recvfrom(100, 0x7fc3986860, 3200, MSG_DONTWAIT, NULL, NULL) = -1 EAGAIN (Try again)
30087 1783914175.775479 recvfrom(100, 0x7fc3986760, 3200, MSG_DONTWAIT, NULL, NULL) = -1 EAGAIN (Try again)
30197 1783914175.777284 sendmsg(177, {msg_name=NULL, msg_namelen=0, msg_iov=[{iov_base="l\1\1\1\374\0\0\0003\4\0\0\235\0\0\0\1\1o\0;\0\0\0/re/frid"..., iov_len=428}], msg_iovlen=1, msg_controllen=0, msg_flags=0}, MSG_NOSIGNAL) = 428
30087 1783914175.789412 recvfrom(100, "nysv\0\0\0\0\0\0\0\0\0\0\0\0\301\33g\22\211\2\0\0K\211\2\0\0\0\0\0", 3200, MSG_DONTWAIT, NULL, NULL) = 32
30087 1783914175.789460 recvfrom(100, 0x7fc3986860, 3200, MSG_DONTWAIT, NULL, NULL) = -1 EAGAIN (Try again)
30197 1783914175.792312 sendmsg(177, {msg_name=NULL, msg_namelen=0, msg_iov=[{iov_base="l\1\1\1\374\0\0\0004\4\0\0\235\0\0\0\1\1o\0;\0\0\0/re/frid"..., iov_len=428}], msg_iovlen=1, msg_controllen=0, msg_flags=0}, MSG_NOSIGNAL) = 428
30087 1783914176.242296 recvfrom(100, 0x7fc3986420, 3200, MSG_DONTWAIT, NULL, NULL) = -1 EAGAIN (Try again)
30087 1783914176.255090 recvfrom(100, "nysv\0\0\0\0\0\0\0\0\0\0\0\0Y\3407.\211\2\0\0g\211\2\0\0\0\0\0", 3200, MSG_DONTWAIT, NULL, NULL) = 32
30087 1783914176.255214 recvfrom(100, 0x7fc3986860, 3200, MSG_DONTWAIT, NULL, NULL) = -1 EAGAIN (Try again)
30087 1783914176.255311 recvfrom(121, 0x7d29777820, 2272, MSG_DONTWAIT, NULL, NULL) = -1 EAGAIN (Try again)
30087 1783914176.261813 recvfrom(100, 0x7fc3985d70, 3200, MSG_DONTWAIT, NULL, NULL) = -1 EAGAIN (Try again)
30197 1783914176.263000 sendmsg(177, {msg_name=NULL, msg_namelen=0, msg_iov=[{iov_base="l\1\1\1\374\0\0\0005\4\0\0\235\0\0\0\1\1o\0;\0\0\0/re/frid"..., iov_len=428}], msg_iovlen=1, msg_controllen=0, msg_flags=0}, MSG_NOSIGNAL) = 428
30087 1783914176.271287 recvfrom(100, "nysv\0\0\0\0\0\0\0\0\0\0\0\0\20306/\211\2\0\0h\211\2\0\0\0\0\0", 3200, MSG_DONTWAIT, NULL, NULL) = 32
30087 1783914176.271328 recvfrom(100, 0x7fc3986860, 3200, MSG_DONTWAIT, NULL, NULL) = -1 EAGAIN (Try again)
30087 1783914176.273297 recvfrom(100, 0x7fc3986760, 3200, MSG_DONTWAIT, NULL, NULL) = -1 EAGAIN (Try again)
30197 1783914176.274815 sendmsg(177, {msg_name=NULL, msg_namelen=0, msg_iov=[{iov_base="l\1\1\1\374\0\0\0006\4\0\0\235\0\0\0\1\1o\0;\0\0\0/re/frid"..., iov_len=428}], msg_iovlen=1, msg_controllen=0, msg_flags=0}, MSG_NOSIGNAL) = 428
30087 1783914176.290519 recvfrom(100, "nysv\0\0\0\0\0\0\0\0\0\0\0\0\255\20040\211\2\0\0i\211\2\0\0\0\0\0", 3200, MSG_DONTWAIT, NULL, NULL) = 32
30087 1783914176.290536 recvfrom(100, 0x7fc3986860, 3200, MSG_DONTWAIT, NULL, NULL) = -1 EAGAIN (Try again)
30197 1783914176.292171 sendmsg(177, {msg_name=NULL, msg_namelen=0, msg_iov=[{iov_base="l\1\1\1\374\0\0\0007\4\0\0\235\0\0\0\1\1o\0;\0\0\0/re/frid"..., iov_len=428}], msg_iovlen=1, msg_controllen=0, msg_flags=0}, MSG_NOSIGNAL) = 428
30087 1783914176.744730 recvfrom(100, 0x7fc3986420, 3200, MSG_DONTWAIT, NULL, NULL) = -1 EAGAIN (Try again)
30087 1783914176.756800 recvfrom(100, "nysv\0\0\0\0\0\0\0\0\0\0\0\0EE\5L\211\2\0\0\205\211\2\0\0\0\0\0", 3200, MSG_DONTWAIT, NULL, NULL) = 32
30087 1783914176.756921 recvfrom(100, 0x7fc3986860, 3200, MSG_DONTWAIT, NULL, NULL) = -1 EAGAIN (Try again)
30087 1783914176.757082 recvfrom(121, 0x7d29777820, 2272, MSG_DONTWAIT, NULL, NULL) = -1 EAGAIN (Try again)
30087 1783914176.775347 recvfrom(100, 0x7fc3985d70, 3200, MSG_DONTWAIT, NULL, NULL) = -1 EAGAIN (Try again)
30197 1783914176.775592 sendmsg(177, {msg_name=NULL, msg_namelen=0, msg_iov=[{iov_base="l\1\1\1\374\0\0\08\4\0\0\235\0\0\0\1\1o\0;\0\0\0/re/frid"..., iov_len=428}], msg_iovlen=1, msg_controllen=0, msg_flags=0}, MSG_NOSIGNAL) = 428
30087 1783914176.790061 recvfrom(100, "nysv\0\0\0\0\0\0\0\0\0\0\0\0\231\345\1N\211\2\0\0\207\211\2\0\0\0\0\0", 3200, MSG_DONTWAIT, NULL, NULL) = 32
30087 1783914176.790089 recvfrom(100, 0x7fc3986860, 3200, MSG_DONTWAIT, NULL, NULL) = -1 EAGAIN (Try again)
30087 1783914176.799683 recvfrom(100, 0x7fc3986760, 3200, MSG_DONTWAIT, NULL, NULL) = -1 EAGAIN (Try again)
30197 1783914176.801402 sendmsg(177, {msg_name=NULL, msg_namelen=0, msg_iov=[{iov_base="l\1\1\1\374\0\0\09\4\0\0\235\0\0\0\1\1o\0;\0\0\0/re/frid"..., iov_len=428}], msg_iovlen=1, msg_controllen=0, msg_flags=0}, MSG_NOSIGNAL) = 428
30087 1783914176.802715 recvfrom(100, "nysv\0\0\0\0\0\0\0\0\0\0\0\0jn\0O\211\2\0\0\210\211\2\0\0\0\0\0", 3200, MSG_DONTWAIT, NULL, NULL) = 32
30087 1783914176.802748 recvfrom(100, 0x7fc3986860, 3200, MSG_DONTWAIT, NULL, NULL) = -1 EAGAIN (Try again)
30197 1783914176.804053 sendmsg(177, {msg_name=NULL, msg_namelen=0, msg_iov=[{iov_base="l\1\1\1\374\0\0\0:\4\0\0\235\0\0\0\1\1o\0;\0\0\0/re/frid"..., iov_len=428}], msg_iovlen=1, msg_controllen=0, msg_flags=0}, MSG_NOSIGNAL) = 428
30087 1783914177.245308 recvfrom(100, 0x7fc3986420, 3200, MSG_DONTWAIT, NULL, NULL) = -1 EAGAIN (Try again)
30087 1783914177.257041 recvfrom(100, "nysv\0\0\0\0\0\0\0\0\0\0\0\0001\252\322i\211\2\0\0\243\211\2\0\0\0\0\0", 3200, MSG_DONTWAIT, NULL, NULL) = 32
30087 1783914177.257144 recvfrom(100, 0x7fc3986860, 3200, MSG_DONTWAIT, NULL, NULL) = -1 EAGAIN (Try again)
30087 1783914177.257254 recvfrom(121, 0x7d29777820, 2272, MSG_DONTWAIT, NULL, NULL) = -1 EAGAIN (Try again)
30197 1783914177.266581 sendmsg(177, {msg_name=NULL, msg_namelen=0, msg_iov=[{iov_base="l\1\1\1\374\0\0\0;\4\0\0\235\0\0\0\1\1o\0;\0\0\0/re/frid"..., iov_len=428}], msg_iovlen=1, msg_controllen=0, msg_flags=0}, MSG_NOSIGNAL) = 428
30087 1783914177.274984 recvfrom(100, 0x7fc3985d70, 3200, MSG_DONTWAIT, NULL, NULL) = -1 EAGAIN (Try again)
30087 1783914177.286296 recvfrom(100, "nysv\0\0\0\0\0\0\0\0\0\0\0\0\344\336\317k\211\2\0\0\245\211\2\0\0\0\0\0", 3200, MSG_DONTWAIT, NULL, NULL) = 32
30087 1783914177.286351 recvfrom(100, 0x7fc3986860, 3200, MSG_DONTWAIT, NULL, NULL) = -1 EAGAIN (Try again)
30087 1783914177.296011 recvfrom(100, 0x7fc3986760, 3200, MSG_DONTWAIT, NULL, NULL) = -1 EAGAIN (Try again)
30197 1783914177.297748 sendmsg(177, {msg_name=NULL, msg_namelen=0, msg_iov=[{iov_base="l\1\1\1\374\0\0\0<\4\0\0\235\0\0\0\1\1o\0;\0\0\0/re/frid"..., iov_len=428}], msg_iovlen=1, msg_controllen=0, msg_flags=0}, MSG_NOSIGNAL) = 428
30087 1783914177.303638 recvfrom(100, "nysv\0\0\0\0\0\0\0\0\0\0\0\0*!\316l\211\2\0\0\246\211\2\0\0\0\0\0", 3200, MSG_DONTWAIT, NULL, NULL) = 32
30087 1783914177.303674 recvfrom(100, 0x7fc3986860, 3200, MSG_DONTWAIT, NULL, NULL) = -1 EAGAIN (Try again)
30197 1783914177.304905 sendmsg(177, {msg_name=NULL, msg_namelen=0, msg_iov=[{iov_base="l\1\1\1\374\0\0\0=\4\0\0\235\0\0\0\1\1o\0;\0\0\0/re/frid"..., iov_len=428}], msg_iovlen=1, msg_controllen=0, msg_flags=0}, MSG_NOSIGNAL) = 428
30087 1783914177.749788 recvfrom(100, 0x7fc3986420, 3200, MSG_DONTWAIT, NULL, NULL) = -1 EAGAIN (Try again)
30087 1783914177.754234 recvfrom(100, "nysv\0\0\0\0\0\0\0\0\0\0\0\0\35\17\240\207\211\2\0\0\301\211\2\0\0\0\0\0", 3200, MSG_DONTWAIT, NULL, NULL) = 32
30087 1783914177.754350 recvfrom(100, 0x7fc3986860, 3200, MSG_DONTWAIT, NULL, NULL) = -1 EAGAIN (Try again)
30087 1783914177.754578 recvfrom(121, 0x7d29777820, 2272, MSG_DONTWAIT, NULL, NULL) = -1 EAGAIN (Try again)
30197 1783914177.762809 sendmsg(177, {msg_name=NULL, msg_namelen=0, msg_iov=[{iov_base="l\1\1\1\374\0\0\0>\4\0\0\235\0\0\0\1\1o\0;\0\0\0/re/frid"..., iov_len=428}], msg_iovlen=1, msg_controllen=0, msg_flags=0}, MSG_NOSIGNAL) = 428
30087 1783914177.770868 recvfrom(100, 0x7fc3985d70, 3200, MSG_DONTWAIT, NULL, NULL) = -1 EAGAIN (Try again)
30087 1783914177.788873 recvfrom(100, "nysv\0\0\0\0\0\0\0\0\0\0\0\0q\257\234\211\211\2\0\0\303\211\2\0\0\0\0\0", 3200, MSG_DONTWAIT, NULL, NULL) = 32
30087 1783914177.789003 recvfrom(100, 0x7fc3986860, 3200, MSG_DONTWAIT, NULL, NULL) = -1 EAGAIN (Try again)
30087 1783914177.798269 recvfrom(100, 0x7fc3986760, 3200, MSG_DONTWAIT, NULL, NULL) = -1 EAGAIN (Try again)
30197 1783914177.801085 sendmsg(177, {msg_name=NULL, msg_namelen=0, msg_iov=[{iov_base="l\1\1\1\374\0\0\0?\4\0\0\235\0\0\0\1\1o\0;\0\0\0/re/frid"..., iov_len=428}], msg_iovlen=1, msg_controllen=0, msg_flags=0}, MSG_NOSIGNAL) = 428
30087 1783914177.802037 recvfrom(100, "nysv\0\0\0\0\0\0\0\0\0\0\0\0\322S\233\212\211\2\0\0\304\211\2\0\0\0\0\0", 3200, MSG_DONTWAIT, NULL, NULL) = 32
30087 1783914177.802060 recvfrom(100, 0x7fc3986860, 3200, MSG_DONTWAIT, NULL, NULL) = -1 EAGAIN (Try again)
30197 1783914177.802860 sendmsg(177, {msg_name=NULL, msg_namelen=0, msg_iov=[{iov_base="l\1\1\1\374\0\0\0@\4\0\0\235\0\0\0\1\1o\0;\0\0\0/re/frid"..., iov_len=428}], msg_iovlen=1, msg_controllen=0, msg_flags=0}, MSG_NOSIGNAL) = 428
30087 1783914178.250326 recvfrom(100, 0x7fc3986420, 3200, MSG_DONTWAIT, NULL, NULL) = -1 EAGAIN (Try again)
30087 1783914178.254607 recvfrom(100, "nysv\0\0\0\0\0\0\0\0\0\0\0\0\ttm\245\211\2\0\0\336\211\2\0\0\0\0\0", 3200, MSG_DONTWAIT, NULL, NULL) = 32
30087 1783914178.254691 recvfrom(100, 0x7fc3986860, 3200, MSG_DONTWAIT, NULL, NULL) = -1 EAGAIN (Try again)
30087 1783914178.254761 recvfrom(121, 0x7d29777820, 2272, MSG_DONTWAIT, NULL, NULL) = -1 EAGAIN (Try again)
30197 1783914178.262901 sendmsg(177, {msg_name=NULL, msg_namelen=0, msg_iov=[{iov_base="l\1\1\1\374\0\0\0A\4\0\0\235\0\0\0\1\1o\0;\0\0\0/re/frid"..., iov_len=428}], msg_iovlen=1, msg_controllen=0, msg_flags=0}, MSG_NOSIGNAL) = 428
30087 1783914178.270908 recvfrom(100, 0x7fc3985d70, 3200, MSG_DONTWAIT, NULL, NULL) = -1 EAGAIN (Try again)
30087 1783914178.286743 recvfrom(100, "nysv\0\0\0\0\0\0\0\0\0\0\0\0\216'j\247\211\2\0\0\340\211\2\0\0\0\0\0", 3200, MSG_DONTWAIT, NULL, NULL) = 32
30087 1783914178.286796 recvfrom(100, 0x7fc3986860, 3200, MSG_DONTWAIT, NULL, NULL) = -1 EAGAIN (Try again)
30087 1783914178.290012 recvfrom(100, 0x7fc3986760, 3200, MSG_DONTWAIT, NULL, NULL) = -1 EAGAIN (Try again)
30197 1783914178.292223 sendmsg(177, {msg_name=NULL, msg_namelen=0, msg_iov=[{iov_base="l\1\1\1\374\0\0\0B\4\0\0\235\0\0\0\1\1o\0;\0\0\0/re/frid"..., iov_len=428}], msg_iovlen=1, msg_controllen=0, msg_flags=0}, MSG_NOSIGNAL) = 428
30087 1783914178.303943 recvfrom(100, "nysv\0\0\0\0\0\0\0\0\0\0\0\0\207dh\250\211\2\0\0\341\211\2\0\0\0\0\0", 3200, MSG_DONTWAIT, NULL, NULL) = 32
30087 1783914178.303976 recvfrom(100, 0x7fc3986860, 3200, MSG_DONTWAIT, NULL, NULL) = -1 EAGAIN (Try again)
30197 1783914178.304993 sendmsg(177, {msg_name=NULL, msg_namelen=0, msg_iov=[{iov_base="l\1\1\1\374\0\0\0C\4\0\0\235\0\0\0\1\1o\0;\0\0\0/re/frid"..., iov_len=428}], msg_iovlen=1, msg_controllen=0, msg_flags=0}, MSG_NOSIGNAL) = 428
30087 1783914178.754317 recvfrom(100, 0x7fc3986420, 3200, MSG_DONTWAIT, NULL, NULL) = -1 EAGAIN (Try again)
30087 1783914178.771354 recvfrom(100, "nysv\0\0\0\0\0\0\0\0\0\0\0\0\37)9\304\211\2\0\0\375\211\2\0\0\0\0\0", 3200, MSG_DONTWAIT, NULL, NULL) = 32
30087 1783914178.771460 recvfrom(100, 0x7fc3986860, 3200, MSG_DONTWAIT, NULL, NULL) = -1 EAGAIN (Try again)
30087 1783914178.771579 recvfrom(121, 0x7d29777820, 2272, MSG_DONTWAIT, NULL, NULL) = -1 EAGAIN (Try again)
30197 1783914178.779307 sendmsg(177, {msg_name=NULL, msg_namelen=0, msg_iov=[{iov_base="l\1\1\1\374\0\0\0D\4\0\0\235\0\0\0\1\1o\0;\0\0\0/re/frid"..., iov_len=428}], msg_iovlen=1, msg_controllen=0, msg_flags=0}, MSG_NOSIGNAL) = 428
30087 1783914178.787262 recvfrom(100, 0x7fc3985d70, 3200, MSG_DONTWAIT, NULL, NULL) = -1 EAGAIN (Try again)
30087 1783914178.810382 recvfrom(100, "nysv\0\0\0\0\0\0\0\0\0\0\0\0s\3115\306\211\2\0\0\377\211\2\0\0\0\0\0", 3200, MSG_DONTWAIT, NULL, NULL) = 32
30087 1783914178.810447 recvfrom(100, 0x7fc3986860, 3200, MSG_DONTWAIT, NULL, NULL) = -1 EAGAIN (Try again)
30087 1783914178.813035 recvfrom(100, 0x7fc3986760, 3200, MSG_DONTWAIT, NULL, NULL) = -1 EAGAIN (Try again)
30197 1783914178.817124 sendmsg(177, {msg_name=NULL, msg_namelen=0, msg_iov=[{iov_base="l\1\1\1\374\0\0\0E\4\0\0\235\0\0\0\1\1o\0;\0\0\0/re/frid"..., iov_len=428}], msg_iovlen=1, msg_controllen=0, msg_flags=0}, MSG_NOSIGNAL) = 428
30087 1783914178.836197 recvfrom(100, "nysv\0\0\0\0\0\0\0\0\0\0\0\0K\3322\310\211\2\0\0\0\212\2\0\200\0\0\0", 3200, MSG_DONTWAIT, NULL, NULL) = 32
30087 1783914178.836236 recvfrom(100, 0x7fc3986860, 3200, MSG_DONTWAIT, NULL, NULL) = -1 EAGAIN (Try again)
30197 1783914178.837632 sendmsg(177, {msg_name=NULL, msg_namelen=0, msg_iov=[{iov_base="l\1\1\1\374\0\0\0F\4\0\0\235\0\0\0\1\1o\0;\0\0\0/re/frid"..., iov_len=428}], msg_iovlen=1, msg_controllen=0, msg_flags=0}, MSG_NOSIGNAL) = 428
30087 1783914179.257237 recvfrom(100, 0x7fc3986420, 3200, MSG_DONTWAIT, NULL, NULL) = -1 EAGAIN (Try again)
30087 1783914179.270989 recvfrom(100, "nysv\0\0\0\0\0\0\0\0\0\0\0\0\v\216\6\342\211\2\0\0\32\212\2\0\0\0\0\0", 3200, MSG_DONTWAIT, NULL, NULL) = 32
30087 1783914179.271102 recvfrom(100, 0x7fc3986860, 3200, MSG_DONTWAIT, NULL, NULL) = -1 EAGAIN (Try again)
30087 1783914179.271227 recvfrom(121, 0x7d29777820, 2272, MSG_DONTWAIT, NULL, NULL) = -1 EAGAIN (Try again)
30087 1783914179.287411 recvfrom(100, 0x7fc3985d70, 3200, MSG_DONTWAIT, NULL, NULL) = -1 EAGAIN (Try again)
30197 1783914179.288575 sendmsg(177, {msg_name=NULL, msg_namelen=0, msg_iov=[{iov_base="l\1\1\1\374\0\0\0G\4\0\0\235\0\0\0\1\1o\0;\0\0\0/re/frid"..., iov_len=428}], msg_iovlen=1, msg_controllen=0, msg_flags=0}, MSG_NOSIGNAL) = 428
30087 1783914179.302811 recvfrom(100, "nysv\0\0\0\0\0\0\0\0\0\0\0\0005]\3\344\211\2\0\0\34\212\2\0\0\0\0\0", 3200, MSG_DONTWAIT, NULL, NULL) = 32
30087 1783914179.302840 recvfrom(100, 0x7fc3986860, 3200, MSG_DONTWAIT, NULL, NULL) = -1 EAGAIN (Try again)
30087 1783914179.310617 recvfrom(100, 0x7fc3986760, 3200, MSG_DONTWAIT, NULL, NULL) = -1 EAGAIN (Try again)
30197 1783914179.312750 sendmsg(177, {msg_name=NULL, msg_namelen=0, msg_iov=[{iov_base="l\1\1\1\374\0\0\0H\4\0\0\235\0\0\0\1\1o\0;\0\0\0/re/frid"..., iov_len=428}], msg_iovlen=1, msg_controllen=0, msg_flags=0}, MSG_NOSIGNAL) = 428
30087 1783914179.320943 recvfrom(100, "nysv\0\0\0\0\0\0\0\0\0\0\0\0\211~\1\345\211\2\0\0\35\212\2\0\0\0\0\0", 3200, MSG_DONTWAIT, NULL, NULL) = 32
30087 1783914179.320974 recvfrom(100, 0x7fc3986860, 3200, MSG_DONTWAIT, NULL, NULL) = -1 EAGAIN (Try again)
30197 1783914179.322172 sendmsg(177, {msg_name=NULL, msg_namelen=0, msg_iov=[{iov_base="l\1\1\1\374\0\0\0I\4\0\0\235\0\0\0\1\1o\0;\0\0\0/re/frid"..., iov_len=428}], msg_iovlen=1, msg_controllen=0, msg_flags=0}, MSG_NOSIGNAL) = 428
30087 1783914179.759311 recvfrom(100, 0x7fc3986420, 3200, MSG_DONTWAIT, NULL, NULL) = -1 EAGAIN (Try again)
30087 1783914179.769676 recvfrom(100, "nysv\0\0\0\0\0\0\0\0\0\0\0\0\24E\324\377\211\2\0\08\212\2\0\0\0\0\0", 3200, MSG_DONTWAIT, NULL, NULL) = 32
30087 1783914179.769795 recvfrom(100, 0x7fc3986860, 3200, MSG_DONTWAIT, NULL, NULL) = -1 EAGAIN (Try again)
30087 1783914179.769940 recvfrom(121, 0x7d29777820, 2272, MSG_DONTWAIT, NULL, NULL) = -1 EAGAIN (Try again)
30197 1783914179.781297 sendmsg(177, {msg_name=NULL, msg_namelen=0, msg_iov=[{iov_base="l\1\1\1\374\0\0\0J\4\0\0\235\0\0\0\1\1o\0;\0\0\0/re/frid"..., iov_len=428}], msg_iovlen=1, msg_controllen=0, msg_flags=0}, MSG_NOSIGNAL) = 428
30087 1783914179.786745 recvfrom(100, 0x7fc3985d70, 3200, MSG_DONTWAIT, NULL, NULL) = -1 EAGAIN (Try again)
30087 1783914179.803534 recvfrom(100, "nysv\0\0\0\0\0\0\0\0\0\0\0\0C\34\321\1\212\2\0\0:\212\2\0\0\0\0\0", 3200, MSG_DONTWAIT, NULL, NULL) = 32
30087 1783914179.803581 recvfrom(100, 0x7fc3986860, 3200, MSG_DONTWAIT, NULL, NULL) = -1 EAGAIN (Try again)
30087 1783914179.805265 recvfrom(100, 0x7fc3986760, 3200, MSG_DONTWAIT, NULL, NULL) = -1 EAGAIN (Try again)
30197 1783914179.807399 sendmsg(177, {msg_name=NULL, msg_namelen=0, msg_iov=[{iov_base="l\1\1\1\374\0\0\0K\4\0\0\235\0\0\0\1\1o\0;\0\0\0/re/frid"..., iov_len=428}], msg_iovlen=1, msg_controllen=0, msg_flags=0}, MSG_NOSIGNAL) = 428
30087 1783914179.820032 recvfrom(100, "nysv\0\0\0\0\0\0\0\0\0\0\0\0\3g\317\2\212\2\0\0;\212\2\0\0\0\0\0", 3200, MSG_DONTWAIT, NULL, NULL) = 32
30087 1783914179.820048 recvfrom(100, 0x7fc3986860, 3200, MSG_DONTWAIT, NULL, NULL) = -1 EAGAIN (Try again)
30197 1783914179.820914 sendmsg(177, {msg_name=NULL, msg_namelen=0, msg_iov=[{iov_base="l\1\1\1\374\0\0\0L\4\0\0\235\0\0\0\1\1o\0;\0\0\0/re/frid"..., iov_len=428}], msg_iovlen=1, msg_controllen=0, msg_flags=0}, MSG_NOSIGNAL) = 428
30087 1783914180.260545 recvfrom(100, 0x7fc3986420, 3200, MSG_DONTWAIT, NULL, NULL) = -1 EAGAIN (Try again)
30087 1783914180.273644 recvfrom(100, "nysv\0\0\0\0\0\0\0\0\0\0\0\0\343W\241\35\212\2\0\0V\212\2\0\0\0\0\0", 3200, MSG_DONTWAIT, NULL, NULL) = 32
30087 1783914180.273769 recvfrom(100, 0x7fc3986860, 3200, MSG_DONTWAIT, NULL, NULL) = -1 EAGAIN (Try again)
30087 1783914180.273952 recvfrom(121, 0x7d29777820, 2272, MSG_DONTWAIT, NULL, NULL) = -1 EAGAIN (Try again)
30087 1783914180.279972 recvfrom(100, 0x7fc3985d70, 3200, MSG_DONTWAIT, NULL, NULL) = -1 EAGAIN (Try again)
30197 1783914180.281913 sendmsg(177, {msg_name=NULL, msg_namelen=0, msg_iov=[{iov_base="l\1\1\1\374\0\0\0M\4\0\0\235\0\0\0\1\1o\0;\0\0\0/re/frid"..., iov_len=428}], msg_iovlen=1, msg_controllen=0, msg_flags=0}, MSG_NOSIGNAL) = 428
30087 1783914180.290594 recvfrom(100, "nysv\0\0\0\0\0\0\0\0\0\0\0\0\332\354\237\36\212\2\0\0W\212\2\0\0\0\0\0", 3200, MSG_DONTWAIT, NULL, NULL) = 32
30087 1783914180.290655 recvfrom(100, 0x7fc3986860, 3200, MSG_DONTWAIT, NULL, NULL) = -1 EAGAIN (Try again)
30087 1783914180.292062 recvfrom(100, 0x7fc3986760, 3200, MSG_DONTWAIT, NULL, NULL) = -1 EAGAIN (Try again)
30197 1783914180.293207 sendmsg(177, {msg_name=NULL, msg_namelen=0, msg_iov=[{iov_base="l\1\1\1\374\0\0\0N\4\0\0\235\0\0\0\1\1o\0;\0\0\0/re/frid"..., iov_len=428}], msg_iovlen=1, msg_controllen=0, msg_flags=0}, MSG_NOSIGNAL) = 428
30087 1783914180.306033 recvfrom(100, "nysv\0\0\0\0\0\0\0\0\0\0\0\0007\370\235\37\212\2\0\0X\212\2\0\0\0\0\0", 3200, MSG_DONTWAIT, NULL, NULL) = 32
30087 1783914180.306055 recvfrom(100, 0x7fc3986860, 3200, MSG_DONTWAIT, NULL, NULL) = -1 EAGAIN (Try again)
30197 1783914180.308356 sendmsg(177, {msg_name=NULL, msg_namelen=0, msg_iov=[{iov_base="l\1\1\1\374\0\0\0O\4\0\0\235\0\0\0\1\1o\0;\0\0\0/re/frid"..., iov_len=428}], msg_iovlen=1, msg_controllen=0, msg_flags=0}, MSG_NOSIGNAL) = 428
30087 1783914180.762678 recvfrom(100, 0x7fc3986420, 3200, MSG_DONTWAIT, NULL, NULL) = -1 EAGAIN (Try again)
30087 1783914180.770436 recvfrom(100, "nysv\0\0\0\0\0\0\0\0\0\0\0\0\260\275n;\212\2\0\0t\212\2\0\0\0\0\0", 3200, MSG_DONTWAIT, NULL, NULL) = 32
30087 1783914180.770651 recvfrom(100, 0x7fc3986860, 3200, MSG_DONTWAIT, NULL, NULL) = -1 EAGAIN (Try again)
30087 1783914180.770797 recvfrom(121, 0x7d29777820, 2272, MSG_DONTWAIT, NULL, NULL) = -1 EAGAIN (Try again)
30197 1783914180.779970 sendmsg(177, {msg_name=NULL, msg_namelen=0, msg_iov=[{iov_base="l\1\1\1\374\0\0\0P\4\0\0\235\0\0\0\1\1o\0;\0\0\0/re/frid"..., iov_len=428}], msg_iovlen=1, msg_controllen=0, msg_flags=0}, MSG_NOSIGNAL) = 428
30087 1783914180.788139 recvfrom(100, 0x7fc3985d70, 3200, MSG_DONTWAIT, NULL, NULL) = -1 EAGAIN (Try again)
30087 1783914180.804538 recvfrom(100, "nysv\0\0\0\0\0\0\0\0\0\0\0\0#]k=\212\2\0\0u\212\2\0\0\0\0\0", 3200, MSG_DONTWAIT, NULL, NULL) = 32
30087 1783914180.804651 recvfrom(100, 0x7fc3986860, 3200, MSG_DONTWAIT, NULL, NULL) = -1 EAGAIN (Try again)
30087 1783914180.813126 recvfrom(100, 0x7fc3986760, 3200, MSG_DONTWAIT, NULL, NULL) = -1 EAGAIN (Try again)
30197 1783914180.816655 sendmsg(177, {msg_name=NULL, msg_namelen=0, msg_iov=[{iov_base="l\1\1\1\374\0\0\0Q\4\0\0\235\0\0\0\1\1o\0;\0\0\0/re/frid"..., iov_len=428}], msg_iovlen=1, msg_controllen=0, msg_flags=0}, MSG_NOSIGNAL) = 428
30087 1783914180.819024 recvfrom(100, "nysv\0\0\0\0\0\0\0\0\0\0\0\0z\360i>\212\2\0\0v\212\2\0\0\0\0\0", 3200, MSG_DONTWAIT, NULL, NULL) = 32
30087 1783914180.819051 recvfrom(100, 0x7fc3986860, 3200, MSG_DONTWAIT, NULL, NULL) = -1 EAGAIN (Try again)
30197 1783914180.820053 sendmsg(177, {msg_name=NULL, msg_namelen=0, msg_iov=[{iov_base="l\1\1\1\374\0\0\0R\4\0\0\235\0\0\0\1\1o\0;\0\0\0/re/frid"..., iov_len=428}], msg_iovlen=1, msg_controllen=0, msg_flags=0}, MSG_NOSIGNAL) = 428
30087 1783914181.263830 recvfrom(100, 0x7fc3986420, 3200, MSG_DONTWAIT, NULL, NULL) = -1 EAGAIN (Try again)
30087 1783914181.271583 recvfrom(100, "nysv\0\0\0\0\0\0\0\0\0\0\0\0\273!<Y\212\2\0\0\221\212\2\0\0\0\0\0", 3200, MSG_DONTWAIT, NULL, NULL) = 32
30087 1783914181.271705 recvfrom(100, 0x7fc3986860, 3200, MSG_DONTWAIT, NULL, NULL) = -1 EAGAIN (Try again)
30087 1783914181.271861 recvfrom(121, 0x7d29777820, 2272, MSG_DONTWAIT, NULL, NULL) = -1 EAGAIN (Try again)
30197 1783914181.280616 sendmsg(177, {msg_name=NULL, msg_namelen=0, msg_iov=[{iov_base="l\1\1\1\374\0\0\0S\4\0\0\235\0\0\0\1\1o\0;\0\0\0/re/frid"..., iov_len=428}], msg_iovlen=1, msg_controllen=0, msg_flags=0}, MSG_NOSIGNAL) = 428
30087 1783914181.288757 recvfrom(100, 0x7fc3985d70, 3200, MSG_DONTWAIT, NULL, NULL) = -1 EAGAIN (Try again)
30087 1783914181.309080 recvfrom(100, "nysv\0\0\0\0\0\0\0\0\0\0\0\0\17\3028[\212\2\0\0\222\212\2\0\0\0\0\0", 3200, MSG_DONTWAIT, NULL, NULL) = 32
30087 1783914181.309121 recvfrom(100, 0x7fc3986860, 3200, MSG_DONTWAIT, NULL, NULL) = -1 EAGAIN (Try again)
30087 1783914181.314255 recvfrom(100, 0x7fc3986760, 3200, MSG_DONTWAIT, NULL, NULL) = -1 EAGAIN (Try again)
30197 1783914181.320120 sendmsg(177, {msg_name=NULL, msg_namelen=0, msg_iov=[{iov_base="l\1\1\1\374\0\0\0T\4\0\0\235\0\0\0\1\1o\0;\0\0\0/re/frid"..., iov_len=428}], msg_iovlen=1, msg_controllen=0, msg_flags=0}, MSG_NOSIGNAL) = 428
30087 1783914181.320943 recvfrom(100, "nysv\0\0\0\0\0\0\0\0\0\0\0\09\0227\\\212\2\0\0\223\212\2\0\0\0\0\0", 3200, MSG_DONTWAIT, NULL, NULL) = 32
30087 1783914181.320970 recvfrom(100, 0x7fc3986860, 3200, MSG_DONTWAIT, NULL, NULL) = -1 EAGAIN (Try again)
30197 1783914181.322224 sendmsg(177, {msg_name=NULL, msg_namelen=0, msg_iov=[{iov_base="l\1\1\1\374\0\0\0U\4\0\0\235\0\0\0\1\1o\0;\0\0\0/re/frid"..., iov_len=428}], msg_iovlen=1, msg_controllen=0, msg_flags=0}, MSG_NOSIGNAL) = 428
30087 1783914181.769096 recvfrom(100, 0x7fc3986420, 3200, MSG_DONTWAIT, NULL, NULL) = -1 EAGAIN (Try again)
30087 1783914181.772009 recvfrom(100, "nysv\0\0\0\0\0\0\0\0\0\0\0\0\247\206\tw\212\2\0\0\256\212\2\0\0\0\0\0", 3200, MSG_DONTWAIT, NULL, NULL) = 32
30087 1783914181.772116 recvfrom(100, 0x7fc3986860, 3200, MSG_DONTWAIT, NULL, NULL) = -1 EAGAIN (Try again)
30087 1783914181.772246 recvfrom(121, 0x7d29777820, 2272, MSG_DONTWAIT, NULL, NULL) = -1 EAGAIN (Try again)
30197 1783914181.781246 sendmsg(177, {msg_name=NULL, msg_namelen=0, msg_iov=[{iov_base="l\1\1\1\374\0\0\0V\4\0\0\235\0\0\0\1\1o\0;\0\0\0/re/frid"..., iov_len=428}], msg_iovlen=1, msg_controllen=0, msg_flags=0}, MSG_NOSIGNAL) = 428
30087 1783914181.788806 recvfrom(100, 0x7fc3985d70, 3200, MSG_DONTWAIT, NULL, NULL) = -1 EAGAIN (Try again)
30087 1783914181.809218 recvfrom(100, "nysv\0\0\0\0\0\0\0\0\0\0\0\0\373&\6y\212\2\0\0\260\212\2\0\0\0\0\0", 3200, MSG_DONTWAIT, NULL, NULL) = 32
30087 1783914181.809263 recvfrom(100, 0x7fc3986860, 3200, MSG_DONTWAIT, NULL, NULL) = -1 EAGAIN (Try again)
30087 1783914181.817567 recvfrom(100, 0x7fc3986760, 3200, MSG_DONTWAIT, NULL, NULL) = -1 EAGAIN (Try again)
30087 1783914181.819465 recvfrom(100, "nysv\0\0\0\0\0\0\0\0\0\0\0\0\323\242\4z\212\2\0\0\261\212\2\0\0\0\0\0", 3200, MSG_DONTWAIT, NULL, NULL) = 32
30087 1783914181.819504 recvfrom(100, 0x7fc3986860, 3200, MSG_DONTWAIT, NULL, NULL) = -1 EAGAIN (Try again)
30197 1783914181.819750 sendmsg(177, {msg_name=NULL, msg_namelen=0, msg_iov=[{iov_base="l\1\1\1\374\0\0\0W\4\0\0\235\0\0\0\1\1o\0;\0\0\0/re/frid"..., iov_len=428}], msg_iovlen=1, msg_controllen=0, msg_flags=0}, MSG_NOSIGNAL) = 428
30197 1783914181.821471 sendmsg(177, {msg_name=NULL, msg_namelen=0, msg_iov=[{iov_base="l\1\1\1\374\0\0\0X\4\0\0\235\0\0\0\1\1o\0;\0\0\0/re/frid"..., iov_len=428}], msg_iovlen=1, msg_controllen=0, msg_flags=0}, MSG_NOSIGNAL) = 428
30087 1783914182.270869 recvfrom(100, 0x7fc3986420, 3200, MSG_DONTWAIT, NULL, NULL) = -1 EAGAIN (Try again)
30087 1783914182.272055 recvfrom(100, "nysv\0\0\0\0\0\0\0\0\0\0\0\0X\371\326\224\212\2\0\0\314\212\2\0\0\0\0\0", 3200, MSG_DONTWAIT, NULL, NULL) = 32
30087 1783914182.272140 recvfrom(100, 0x7fc3986860, 3200, MSG_DONTWAIT, NULL, NULL) = -1 EAGAIN (Try again)
30087 1783914182.272252 recvfrom(121, 0x7d29777820, 2272, MSG_DONTWAIT, NULL, NULL) = -1 EAGAIN (Try again)
30197 1783914182.281118 sendmsg(177, {msg_name=NULL, msg_namelen=0, msg_iov=[{iov_base="l\1\1\1\374\0\0\0Y\4\0\0\235\0\0\0\1\1o\0;\0\0\0/re/frid"..., iov_len=428}], msg_iovlen=1, msg_controllen=0, msg_flags=0}, MSG_NOSIGNAL) = 428
30087 1783914182.288015 recvfrom(100, 0x7fc3985d70, 3200, MSG_DONTWAIT, NULL, NULL) = -1 EAGAIN (Try again)
30087 1783914182.309101 recvfrom(100, "nysv\0\0\0\0\0\0\0\0\0\0\0\0\347\213\323\226\212\2\0\0\316\212\2\0\0\0\0\0", 3200, MSG_DONTWAIT, NULL, NULL) = 32
30087 1783914182.309287 recvfrom(100, 0x7fc3986860, 3200, MSG_DONTWAIT, NULL, NULL) = -1 EAGAIN (Try again)
30087 1783914182.315853 recvfrom(100, 0x7fc3986760, 3200, MSG_DONTWAIT, NULL, NULL) = -1 EAGAIN (Try again)
30197 1783914182.317293 sendmsg(177, {msg_name=NULL, msg_namelen=0, msg_iov=[{iov_base="l\1\1\1\374\0\0\0Z\4\0\0\235\0\0\0\1\1o\0;\0\0\0/re/frid"..., iov_len=428}], msg_iovlen=1, msg_controllen=0, msg_flags=0}, MSG_NOSIGNAL) = 428
30087 1783914182.341499 recvfrom(100, "nysv\0\0\0\0\0\0\0\0\0\0\0\0;,\320\230\212\2\0\0\317\212\2\0\0\0\0\0", 3200, MSG_DONTWAIT, NULL, NULL) = 32
30087 1783914182.341529 recvfrom(100, 0x7fc3986860, 3200, MSG_DONTWAIT, NULL, NULL) = -1 EAGAIN (Try again)
30197 1783914182.342415 sendmsg(177, {msg_name=NULL, msg_namelen=0, msg_iov=[{iov_base="l\1\1\1\374\0\0\0[\4\0\0\235\0\0\0\1\1o\0;\0\0\0/re/frid"..., iov_len=428}], msg_iovlen=1, msg_controllen=0, msg_flags=0}, MSG_NOSIGNAL) = 428
30087 1783914182.771917 recvfrom(100, 0x7fc3986420, 3200, MSG_DONTWAIT, NULL, NULL) = -1 EAGAIN (Try again)
30087 1783914182.788538 recvfrom(100, "nysv\0\0\0\0\0\0\0\0\0\0\0\0\251\240\242\263\212\2\0\0\352\212\2\0\0\0\0\0", 3200, MSG_DONTWAIT, NULL, NULL) = 32
30087 1783914182.788640 recvfrom(100, 0x7fc3986860, 3200, MSG_DONTWAIT, NULL, NULL) = -1 EAGAIN (Try again)
30087 1783914182.788739 recvfrom(121, 0x7d29777820, 2272, MSG_DONTWAIT, NULL, NULL) = -1 EAGAIN (Try again)
30197 1783914182.799526 sendmsg(177, {msg_name=NULL, msg_namelen=0, msg_iov=[{iov_base="l\1\1\1\374\0\0\0\\\4\0\0\235\0\0\0\1\1o\0;\0\0\0/re/frid"..., iov_len=428}], msg_iovlen=1, msg_controllen=0, msg_flags=0}, MSG_NOSIGNAL) = 428
30087 1783914182.806893 recvfrom(100, 0x7fc3985d70, 3200, MSG_DONTWAIT, NULL, NULL) = -1 EAGAIN (Try again)
30087 1783914182.825002 recvfrom(100, "nysv\0\0\0\0\0\0\0\0\0\0\0\0\375@\237\265\212\2\0\0\354\212\2\0\0\0\0\0", 3200, MSG_DONTWAIT, NULL, NULL) = 32
30087 1783914182.825047 recvfrom(100, 0x7fc3986860, 3200, MSG_DONTWAIT, NULL, NULL) = -1 EAGAIN (Try again)
30087 1783914182.833887 recvfrom(100, 0x7fc3986760, 3200, MSG_DONTWAIT, NULL, NULL) = -1 EAGAIN (Try again)
30087 1783914182.836199 recvfrom(100, "nysv\0\0\0\0\0\0\0\0\0\0\0\0\n\274\235\266\212\2\0\0\355\212\2\0\0\0\0\0", 3200, MSG_DONTWAIT, NULL, NULL) = 32
30087 1783914182.836217 recvfrom(100, 0x7fc3986860, 3200, MSG_DONTWAIT, NULL, NULL) = -1 EAGAIN (Try again)
30197 1783914182.836313 sendmsg(177, {msg_name=NULL, msg_namelen=0, msg_iov=[{iov_base="l\1\1\1\374\0\0\0]\4\0\0\235\0\0\0\1\1o\0;\0\0\0/re/frid"..., iov_len=428}], msg_iovlen=1, msg_controllen=0, msg_flags=0}, MSG_NOSIGNAL) = 428
30197 1783914182.838581 sendmsg(177, {msg_name=NULL, msg_namelen=0, msg_iov=[{iov_base="l\1\1\1\374\0\0\0^\4\0\0\235\0\0\0\1\1o\0;\0\0\0/re/frid"..., iov_len=428}], msg_iovlen=1, msg_controllen=0, msg_flags=0}, MSG_NOSIGNAL) = 428
30087 1783914183.273044 recvfrom(100, 0x7fc3986420, 3200, MSG_DONTWAIT, NULL, NULL) = -1 EAGAIN (Try again)
30087 1783914183.286677 recvfrom(100, "nysv\0\0\0\0\0\0\0\0\0\0\0\0\n)p\321\212\2\0\0\6\213\2\0\0\0\0\0", 3200, MSG_DONTWAIT, NULL, NULL) = 32
30087 1783914183.286786 recvfrom(100, 0x7fc3986860, 3200, MSG_DONTWAIT, NULL, NULL) = -1 EAGAIN (Try again)
30087 1783914183.286882 recvfrom(121, 0x7d29777820, 2272, MSG_DONTWAIT, NULL, NULL) = -1 EAGAIN (Try again)
30197 1783914183.293971 sendmsg(177, {msg_name=NULL, msg_namelen=0, msg_iov=[{iov_base="l\1\1\1\374\0\0\0_\4\0\0\235\0\0\0\1\1o\0;\0\0\0/re/frid"..., iov_len=428}], msg_iovlen=1, msg_controllen=0, msg_flags=0}, MSG_NOSIGNAL) = 428
30087 1783914183.301073 recvfrom(100, 0x7fc3985d70, 3200, MSG_DONTWAIT, NULL, NULL) = -1 EAGAIN (Try again)
30087 1783914183.302680 recvfrom(100, "nysv\0\0\0\0\0\0\0\0\0\0\0\0\346\263n\322\212\2\0\0\7\213\2\0\0\0\0\0", 3200, MSG_DONTWAIT, NULL, NULL) = 32
30087 1783914183.302813 recvfrom(100, 0x7fc3986860, 3200, MSG_DONTWAIT, NULL, NULL) = -1 EAGAIN (Try again)
30087 1783914183.310197 recvfrom(100, 0x7fc3986760, 3200, MSG_DONTWAIT, NULL, NULL) = -1 EAGAIN (Try again)
30197 1783914183.313333 sendmsg(177, {msg_name=NULL, msg_namelen=0, msg_iov=[{iov_base="l\1\1\1\374\0\0\0`\4\0\0\235\0\0\0\1\1o\0;\0\0\0/re/frid"..., iov_len=428}], msg_iovlen=1, msg_controllen=0, msg_flags=0}, MSG_NOSIGNAL) = 428
30087 1783914183.320793 recvfrom(100, "nysv\0\0\0\0\0\0\0\0\0\0\0\0\30\332l\323\212\2\0\0\10\213\2\0\0\0\0\0", 3200, MSG_DONTWAIT, NULL, NULL) = 32
30087 1783914183.320820 recvfrom(100, 0x7fc3986860, 3200, MSG_DONTWAIT, NULL, NULL) = -1 EAGAIN (Try again)
30197 1783914183.322017 sendmsg(177, {msg_name=NULL, msg_namelen=0, msg_iov=[{iov_base="l\1\1\1\374\0\0\0a\4\0\0\235\0\0\0\1\1o\0;\0\0\0/re/frid"..., iov_len=428}], msg_iovlen=1, msg_controllen=0, msg_flags=0}, MSG_NOSIGNAL) = 428
30087 1783914183.713342 recvfrom(100, 0x7fc39862c0, 3200, MSG_DONTWAIT, NULL, NULL) = -1 EAGAIN (Try again)
30197 1783914183.714093 sendmsg(177, {msg_name=NULL, msg_namelen=0, msg_iov=[{iov_base="l\1\1\1\374\0\0\0b\4\0\0\235\0\0\0\1\1o\0;\0\0\0/re/frid"..., iov_len=428}], msg_iovlen=1, msg_controllen=0, msg_flags=0}, MSG_NOSIGNAL) = 428
30197 1783914183.716042 sendmsg(177, {msg_name=NULL, msg_namelen=0, msg_iov=[{iov_base="l\1\1\1\374\0\0\0c\4\0\0\235\0\0\0\1\1o\0;\0\0\0/re/frid"..., iov_len=428}], msg_iovlen=1, msg_controllen=0, msg_flags=0}, MSG_NOSIGNAL) = 428
30087 1783914183.720472 recvfrom(100, "nysv\0\0\0\0\0\0\0\0\0\0\0\0q\"F\353\212\2\0\0 \213\2\0\0\0\0\0", 3200, MSG_DONTWAIT, NULL, NULL) = 32
30087 1783914183.720539 recvfrom(100, 0x7fc3986860, 3200, MSG_DONTWAIT, NULL, NULL) = -1 EAGAIN (Try again)
30087 1783914183.720601 recvfrom(121, 0x7d29777820, 2272, MSG_DONTWAIT, NULL, NULL) = -1 EAGAIN (Try again)
30087 1783914183.735040 recvfrom(100, 0x7fc3985d70, 3200, MSG_DONTWAIT, NULL, NULL) = -1 EAGAIN (Try again)
30197 1783914183.736262 sendmsg(177, {msg_name=NULL, msg_namelen=0, msg_iov=[{iov_base="l\1\1\1\374\0\0\0d\4\0\0\235\0\0\0\1\1o\0;\0\0\0/re/frid"..., iov_len=428}], msg_iovlen=1, msg_controllen=0, msg_flags=0}, MSG_NOSIGNAL) = 428
30087 1783914183.747067 recvfrom(100, "nysv\0\0\0\0\0\0\0\0\0\0\0\0\222\243D\354\212\2\0\0!\213\2\0\0\0\0\0", 3200, MSG_DONTWAIT, NULL, NULL) = 32
30087 1783914183.747125 recvfrom(100, 0x7fc3986860, 3200, MSG_DONTWAIT, NULL, NULL) = -1 EAGAIN (Try again)
30087 1783914183.751021 recvfrom(100, 0x7fc3986760, 3200, MSG_DONTWAIT, NULL, NULL) = -1 EAGAIN (Try again)
30087 1783914183.752572 recvfrom(100, "nysv\0\0\0\0\0\0\0\0\0\0\0\0T;C\355\212\2\0\0\"\213\2\0\0\0\0\0", 3200, MSG_DONTWAIT, NULL, NULL) = 32
30087 1783914183.752598 recvfrom(100, 0x7fc3986860, 3200, MSG_DONTWAIT, NULL, NULL) = -1 EAGAIN (Try again)
30197 1783914183.757038 sendmsg(177, {msg_name=NULL, msg_namelen=0, msg_iov=[{iov_base="l\1\1\1\374\0\0\0e\4\0\0\235\0\0\0\1\1o\0;\0\0\0/re/frid"..., iov_len=428}], msg_iovlen=1, msg_controllen=0, msg_flags=0}, MSG_NOSIGNAL) = 428
30197 1783914183.760124 sendmsg(177, {msg_name=NULL, msg_namelen=0, msg_iov=[{iov_base="l\1\1\1\374\0\0\0f\4\0\0\235\0\0\0\1\1o\0;\0\0\0/re/frid"..., iov_len=428}], msg_iovlen=1, msg_controllen=0, msg_flags=0}, MSG_NOSIGNAL) = 428
30087 1783914183.946862 recvfrom(100, 0x7fc3985fd0, 3200, MSG_DONTWAIT, NULL, NULL) = -1 EAGAIN (Try again)
30197 1783914183.950075 sendmsg(177, {msg_name=NULL, msg_namelen=0, msg_iov=[{iov_base="l\1\1\1\374\0\0\0g\4\0\0\235\0\0\0\1\1o\0;\0\0\0/re/frid"..., iov_len=428}], msg_iovlen=1, msg_controllen=0, msg_flags=0}, MSG_NOSIGNAL) = 428
30087 1783914183.952728 recvfrom(100, "nysv\0\0\0\0\0\0\0\0\0\0\0\0\340\0240\371\212\2\0\0.\213\2\0\0\0\0\0", 3200, MSG_DONTWAIT, NULL, NULL) = 32
30087 1783914183.952863 recvfrom(100, 0x7fc3986860, 3200, MSG_DONTWAIT, NULL, NULL) = -1 EAGAIN (Try again)
30087 1783914183.952965 recvfrom(121, 0x7d29777820, 2272, MSG_DONTWAIT, NULL, NULL) = -1 EAGAIN (Try again)
30087 1783914183.984283 recvfrom(100, 0x7fc3985920, 3200, MSG_DONTWAIT, NULL, NULL) = -1 EAGAIN (Try again)
30087 1783914183.985907 recvfrom(100, "nysv\0\0\0\0\0\0\0\0\0\0\0\0t\371,\373\212\2\0\0000\213\2\0\0\0\0\0", 3200, MSG_DONTWAIT, NULL, NULL) = 32
30087 1783914183.985936 recvfrom(100, 0x7fc3986860, 3200, MSG_DONTWAIT, NULL, NULL) = -1 EAGAIN (Try again)
30087 1783914183.986053 recvfrom(121, 0x7d29777820, 2272, MSG_DONTWAIT, NULL, NULL) = -1 EAGAIN (Try again)
30087 1783914184.003389 recvfrom(100, 0x7fc3986760, 3200, MSG_DONTWAIT, NULL, NULL) = -1 EAGAIN (Try again)
30087 1783914184.013801 recvfrom(100, "nysv\0\0\0\0\0\0\0\0\0\0\0\0%.+\374\212\2\0\0001\213\2\0\0\0\0\0", 3200, MSG_DONTWAIT, NULL, NULL) = 32
30087 1783914184.013831 recvfrom(100, 0x7fc3986860, 3200, MSG_DONTWAIT, NULL, NULL) = -1 EAGAIN (Try again)
30197 1783914184.016299 sendmsg(177, {msg_name=NULL, msg_namelen=0, msg_iov=[{iov_base="l\1\1\1\374\0\0\0h\4\0\0\235\0\0\0\1\1o\0;\0\0\0/re/frid"..., iov_len=428}], msg_iovlen=1, msg_controllen=0, msg_flags=0}, MSG_NOSIGNAL) = 428
30087 1783914184.020096 recvfrom(100, 0x7fc3985d70, 3200, MSG_DONTWAIT, NULL, NULL) = -1 EAGAIN (Try again)
30087 1783914184.037233 recvfrom(100, "nysv\0\0\0\0\0\0\0\0\0\0\0\0\255\2(\376\212\2\0\0003\213\2\0\0\0\0\0", 3200, MSG_DONTWAIT, NULL, NULL) = 32
30087 1783914184.037255 recvfrom(100, 0x7fc3986860, 3200, MSG_DONTWAIT, NULL, NULL) = -1 EAGAIN (Try again)
30087 1783914184.041763 recvfrom(100, 0x7fc3986760, 3200, MSG_DONTWAIT, NULL, NULL) = -1 EAGAIN (Try again)
30197 1783914184.043510 sendmsg(177, {msg_name=NULL, msg_namelen=0, msg_iov=[{iov_base="l\1\1\1\374\0\0\0i\4\0\0\235\0\0\0\1\1o\0;\0\0\0/re/frid"..., iov_len=428}], msg_iovlen=1, msg_controllen=0, msg_flags=0}, MSG_NOSIGNAL) = 428
30087 1783914184.052348 recvfrom(100, "nysv\0\0\0\0\0\0\0\0\0\0\0\0\334\224&\377\212\2\0\0004\213\2\0\0\0\0\0", 3200, MSG_DONTWAIT, NULL, NULL) = 32
30087 1783914184.052364 recvfrom(100, 0x7fc3986860, 3200, MSG_DONTWAIT, NULL, NULL) = -1 EAGAIN (Try again)
30197 1783914184.053520 sendmsg(177, {msg_name=NULL, msg_namelen=0, msg_iov=[{iov_base="l\1\1\1\374\0\0\0j\4\0\0\235\0\0\0\1\1o\0;\0\0\0/re/frid"..., iov_len=428}], msg_iovlen=1, msg_controllen=0, msg_flags=0}, MSG_NOSIGNAL) = 428
30087 1783914184.484628 recvfrom(100, 0x7fc3986420, 3200, MSG_DONTWAIT, NULL, NULL) = -1 EAGAIN (Try again)
30087 1783914184.486319 recvfrom(100, "nysv\0\0\0\0\0\0\0\0\0\0\0\0\223\250\366\30\213\2\0\0N\213\2\0\0\0\0\0", 3200, MSG_DONTWAIT, NULL, NULL) = 32
30087 1783914184.486354 recvfrom(100, 0x7fc3986860, 3200, MSG_DONTWAIT, NULL, NULL) = -1 EAGAIN (Try again)
30087 1783914184.486379 recvfrom(121, 0x7d29777820, 2272, MSG_DONTWAIT, NULL, NULL) = -1 EAGAIN (Try again)
30087 1783914184.495763 recvfrom(100, 0x7fc3985d70, 3200, MSG_DONTWAIT, NULL, NULL) = -1 EAGAIN (Try again)
30197 1783914184.497061 sendmsg(177, {msg_name=NULL, msg_namelen=0, msg_iov=[{iov_base="l\1\1\1\374\0\0\0k\4\0\0\235\0\0\0\1\1o\0;\0\0\0/re/frid"..., iov_len=428}], msg_iovlen=1, msg_controllen=0, msg_flags=0}, MSG_NOSIGNAL) = 428
30087 1783914184.503066 recvfrom(100, "nysv\0\0\0\0\0\0\0\0\0\0\0\0R \365\31\213\2\0\0O\213\2\0\0\0\0\0", 3200, MSG_DONTWAIT, NULL, NULL) = 32
30087 1783914184.503089 recvfrom(100, 0x7fc3986860, 3200, MSG_DONTWAIT, NULL, NULL) = -1 EAGAIN (Try again)
30087 1783914184.509262 recvfrom(100, 0x7fc3986760, 3200, MSG_DONTWAIT, NULL, NULL) = -1 EAGAIN (Try again)
30197 1783914184.510815 sendmsg(177, {msg_name=NULL, msg_namelen=0, msg_iov=[{iov_base="l\1\1\1\374\0\0\0l\4\0\0\235\0\0\0\1\1o\0;\0\0\0/re/frid"..., iov_len=428}], msg_iovlen=1, msg_controllen=0, msg_flags=0}, MSG_NOSIGNAL) = 428
30087 1783914184.520363 recvfrom(100, "nysv\0\0\0\0\0\0\0\0\0\0\0\0\tb\363\32\213\2\0\0P\213\2\0\0\0\0\0", 3200, MSG_DONTWAIT, NULL, NULL) = 32
30087 1783914184.520387 recvfrom(100, 0x7fc3986860, 3200, MSG_DONTWAIT, NULL, NULL) = -1 EAGAIN (Try again)
30197 1783914184.521586 sendmsg(177, {msg_name=NULL, msg_namelen=0, msg_iov=[{iov_base="l\1\1\1\374\0\0\0m\4\0\0\235\0\0\0\1\1o\0;\0\0\0/re/frid"..., iov_len=428}], msg_iovlen=1, msg_controllen=0, msg_flags=0}, MSG_NOSIGNAL) = 428
30197 1783914184.913007 sendmsg(177, {msg_name=NULL, msg_namelen=0, msg_iov=[{iov_base="l\1\1\1\374\0\0\0n\4\0\0\235\0\0\0\1\1o\0;\0\0\0/re/frid"..., iov_len=428}], msg_iovlen=1, msg_controllen=0, msg_flags=0}, MSG_NOSIGNAL) = 428
30087 1783914184.986580 recvfrom(100, 0x7fc3986420, 3200, MSG_DONTWAIT, NULL, NULL) = -1 EAGAIN (Try again)
30087 1783914185.003257 recvfrom(100, "nysv\0\0\0\0\0\0\0\0\0\0\0\0\377\262\3047\213\2\0\0m\213\2\0\0\0\0\0", 3200, MSG_DONTWAIT, NULL, NULL) = 32
30087 1783914185.003489 recvfrom(100, 0x7fc3986860, 3200, MSG_DONTWAIT, NULL, NULL) = -1 EAGAIN (Try again)
30087 1783914185.003839 recvfrom(121, 0x7d29777820, 2272, MSG_DONTWAIT, NULL, NULL) = -1 EAGAIN (Try again)
30197 1783914185.014991 sendmsg(177, {msg_name=NULL, msg_namelen=0, msg_iov=[{iov_base="l\1\1\1\374\0\0\0o\4\0\0\235\0\0\0\1\1o\0;\0\0\0/re/frid"..., iov_len=428}], msg_iovlen=1, msg_controllen=0, msg_flags=0}, MSG_NOSIGNAL) = 428
30087 1783914185.032133 recvfrom(100, 0x7fc3985d70, 3200, MSG_DONTWAIT, NULL, NULL) = -1 EAGAIN (Try again)
30087 1783914185.035712 recvfrom(100, "nysv\0\0\0\0\0\0\0\0\0\0\0\0\22\354\3019\213\2\0\0o\213\2\0\0\0\0\0", 3200, MSG_DONTWAIT, NULL, NULL) = 32
30087 1783914185.036055 recvfrom(100, 0x7fc3986860, 3200, MSG_DONTWAIT, NULL, NULL) = -1 EAGAIN (Try again)
30087 1783914185.037525 recvfrom(100, 0x7fc3986760, 3200, MSG_DONTWAIT, NULL, NULL) = -1 EAGAIN (Try again)
30197 1783914185.048424 sendmsg(177, {msg_name=NULL, msg_namelen=0, msg_iov=[{iov_base="l\1\1\1\374\0\0\0p\4\0\0\235\0\0\0\1\1o\0;\0\0\0/re/frid"..., iov_len=428}], msg_iovlen=1, msg_controllen=0, msg_flags=0}, MSG_NOSIGNAL) = 428
30087 1783914185.053594 recvfrom(100, "nysv\0\0\0\0\0\0\0\0\0\0\0\0QY\300:\213\2\0\0p\213\2\0\0\0\0\0", 3200, MSG_DONTWAIT, NULL, NULL) = 32
30087 1783914185.053801 recvfrom(100, 0x7fc3986860, 3200, MSG_DONTWAIT, NULL, NULL) = -1 EAGAIN (Try again)
30197 1783914185.067043 sendmsg(177, {msg_name=NULL, msg_namelen=0, msg_iov=[{iov_base="l\1\1\1\374\0\0\0q\4\0\0\235\0\0\0\1\1o\0;\0\0\0/re/frid"..., iov_len=428}], msg_iovlen=1, msg_controllen=0, msg_flags=0}, MSG_NOSIGNAL) = 428
30087 1783914185.490928 recvfrom(100, 0x7fc3986420, 3200, MSG_DONTWAIT, NULL, NULL) = -1 EAGAIN (Try again)
30087 1783914185.505783 recvfrom(100, "nysv\0\0\0\0\0\0\0\0\0\0\0\0g\253\217U\213\2\0\0\213\213\2\0\0\0\0\0", 3200, MSG_DONTWAIT, NULL, NULL) = 32
30087 1783914185.506324 recvfrom(100, 0x7fc3986860, 3200, MSG_DONTWAIT, NULL, NULL) = -1 EAGAIN (Try again)
30087 1783914185.507037 recvfrom(121, 0x7d29777820, 2272, MSG_DONTWAIT, NULL, NULL) = -1 EAGAIN (Try again)
30197 1783914185.527182 sendmsg(177, {msg_name=NULL, msg_namelen=0, msg_iov=[{iov_base="l\1\1\1\374\0\0\0r\4\0\0\235\0\0\0\1\1o\0;\0\0\0/re/frid"..., iov_len=428}], msg_iovlen=1, msg_controllen=0, msg_flags=0}, MSG_NOSIGNAL) = 428
30087 1783914185.549796 recvfrom(100, 0x7fc3985d70, 3200, MSG_DONTWAIT, NULL, NULL) = -1 EAGAIN (Try again)
30087 1783914185.552309 recvfrom(100, "nysv\0\0\0\0\0\0\0\0\0\0\0\0\30\222\213X\213\2\0\0\216\213\2\0\0\0\0\0", 3200, MSG_DONTWAIT, NULL, NULL) = 32
30087 1783914185.552579 recvfrom(100, 0x7fc3986860, 3200, MSG_DONTWAIT, NULL, NULL) = -1 EAGAIN (Try again)
30087 1783914185.553610 recvfrom(100, 0x7fc3986760, 3200, MSG_DONTWAIT, NULL, NULL) = -1 EAGAIN (Try again)
30197 1783914185.563176 sendmsg(177, {msg_name=NULL, msg_namelen=0, msg_iov=[{iov_base="l\1\1\1\374\0\0\0s\4\0\0\235\0\0\0\1\1o\0;\0\0\0/re/frid"..., iov_len=428}], msg_iovlen=1, msg_controllen=0, msg_flags=0}, MSG_NOSIGNAL) = 428
30087 1783914185.570776 recvfrom(100, "nysv\0\0\0\0\0\0\0\0\0\0\0\0\230\276\211Y\213\2\0\0\217\213\2\0\0\0\0\0", 3200, MSG_DONTWAIT, NULL, NULL) = 32
30087 1783914185.571552 recvfrom(100, 0x7fc3986860, 3200, MSG_DONTWAIT, NULL, NULL) = -1 EAGAIN (Try again)
30197 1783914185.582693 sendmsg(177, {msg_name=NULL, msg_namelen=0, msg_iov=[{iov_base="l\1\1\1\374\0\0\0t\4\0\0\235\0\0\0\1\1o\0;\0\0\0/re/frid"..., iov_len=428}], msg_iovlen=1, msg_controllen=0, msg_flags=0}, MSG_NOSIGNAL) = 428
30197 1783914185.945758 sendmsg(177, {msg_name=NULL, msg_namelen=0, msg_iov=[{iov_base="l\1\1\1\374\0\0\0u\4\0\0\235\0\0\0\1\1o\0;\0\0\0/re/frid"..., iov_len=428}], msg_iovlen=1, msg_controllen=0, msg_flags=0}, MSG_NOSIGNAL) = 428
30197 1783914185.967743 sendmsg(177, {msg_name=NULL, msg_namelen=0, msg_iov=[{iov_base="l\1\1\1\374\0\0\0v\4\0\0\235\0\0\0\1\1o\0;\0\0\0/re/frid"..., iov_len=428}], msg_iovlen=1, msg_controllen=0, msg_flags=0}, MSG_NOSIGNAL) = 428
30197 1783914185.984318 sendmsg(177, {msg_name=NULL, msg_namelen=0, msg_iov=[{iov_base="l\1\1\1\374\0\0\0w\4\0\0\235\0\0\0\1\1o\0;\0\0\0/re/frid"..., iov_len=428}], msg_iovlen=1, msg_controllen=0, msg_flags=0}, MSG_NOSIGNAL) = 428
30087 1783914185.995697 recvfrom(100, 0x7fc3986420, 3200, MSG_DONTWAIT, NULL, NULL) = -1 EAGAIN (Try again)
30087 1783914186.003447 recvfrom(100, "nysv\0\0\0\0\0\0\0\0\0\0\0\0002\254^s\213\2\0\0\250\213\2\0\0\0\0\0", 3200, MSG_DONTWAIT, NULL, NULL) = 32
30087 1783914186.003617 recvfrom(100, 0x7fc3986860, 3200, MSG_DONTWAIT, NULL, NULL) = -1 EAGAIN (Try again)
30087 1783914186.003921 recvfrom(121, 0x7d29777820, 2272, MSG_DONTWAIT, NULL, NULL) = -1 EAGAIN (Try again)
30197 1783914186.011765 sendmsg(177, {msg_name=NULL, msg_namelen=0, msg_iov=[{iov_base="l\1\1\1\374\0\0\0x\4\0\0\235\0\0\0\1\1o\0;\0\0\0/re/frid"..., iov_len=428}], msg_iovlen=1, msg_controllen=0, msg_flags=0}, MSG_NOSIGNAL) = 428
30087 1783914186.027172 recvfrom(100, 0x7fc3985d70, 3200, MSG_DONTWAIT, NULL, NULL) = -1 EAGAIN (Try again)
30087 1783914186.035782 recvfrom(100, "nysv\0\0\0\0\0\0\0\0\0\0\0\0m\351[u\213\2\0\0\252\213\2\0\0\0\0\0", 3200, MSG_DONTWAIT, NULL, NULL) = 32
30087 1783914186.036189 recvfrom(100, 0x7fc3986860, 3200, MSG_DONTWAIT, NULL, NULL) = -1 EAGAIN (Try again)
30087 1783914186.040207 recvfrom(100, 0x7fc3986760, 3200, MSG_DONTWAIT, NULL, NULL) = -1 EAGAIN (Try again)
30197 1783914186.047637 sendmsg(177, {msg_name=NULL, msg_namelen=0, msg_iov=[{iov_base="l\1\1\1\374\0\0\0y\4\0\0\235\0\0\0\1\1o\0;\0\0\0/re/frid"..., iov_len=428}], msg_iovlen=1, msg_controllen=0, msg_flags=0}, MSG_NOSIGNAL) = 428
30087 1783914186.052647 recvfrom(100, "nysv\0\0\0\0\0\0\0\0\0\0\0\0%lZv\213\2\0\0\253\213\2\0\0\0\0\0", 3200, MSG_DONTWAIT, NULL, NULL) = 32
30087 1783914186.052800 recvfrom(100, 0x7fc3986860, 3200, MSG_DONTWAIT, NULL, NULL) = -1 EAGAIN (Try again)
30197 1783914186.058385 sendmsg(177, {msg_name=NULL, msg_namelen=0, msg_iov=[{iov_base="l\1\1\1\374\0\0\0z\4\0\0\235\0\0\0\1\1o\0;\0\0\0/re/frid"..., iov_len=428}], msg_iovlen=1, msg_controllen=0, msg_flags=0}, MSG_NOSIGNAL) = 428
30087 1783914186.497705 recvfrom(100, 0x7fc3986420, 3200, MSG_DONTWAIT, NULL, NULL) = -1 EAGAIN (Try again)
30087 1783914186.503639 recvfrom(100, "nysv\0\0\0\0\0\0\0\0\0\0\0\0\303|*\221\213\2\0\0\306\213\2\0\0\0\0\0", 3200, MSG_DONTWAIT, NULL, NULL) = 32
30087 1783914186.503934 recvfrom(100, 0x7fc3986860, 3200, MSG_DONTWAIT, NULL, NULL) = -1 EAGAIN (Try again)
30087 1783914186.504488 recvfrom(121, 0x7d29777820, 2272, MSG_DONTWAIT, NULL, NULL) = -1 EAGAIN (Try again)
30197 1783914186.516773 sendmsg(177, {msg_name=NULL, msg_namelen=0, msg_iov=[{iov_base="l\1\1\1\374\0\0\0{\4\0\0\235\0\0\0\1\1o\0;\0\0\0/re/frid"..., iov_len=428}], msg_iovlen=1, msg_controllen=0, msg_flags=0}, MSG_NOSIGNAL) = 428
30087 1783914186.538285 recvfrom(100, 0x7fc3985d70, 3200, MSG_DONTWAIT, NULL, NULL) = -1 EAGAIN (Try again)
30087 1783914186.554055 recvfrom(100, "nysv\0\0\0\0\0\0\0\0\0\0\0\0\210\0&\224\213\2\0\0\311\213\2\0\0\0\0\0", 3200, MSG_DONTWAIT, NULL, NULL) = 32
30087 1783914186.554642 recvfrom(100, 0x7fc3986860, 3200, MSG_DONTWAIT, NULL, NULL) = -1 EAGAIN (Try again)
30087 1783914186.556125 recvfrom(100, 0x7fc3986760, 3200, MSG_DONTWAIT, NULL, NULL) = -1 EAGAIN (Try again)
30197 1783914186.565380 sendmsg(177, {msg_name=NULL, msg_namelen=0, msg_iov=[{iov_base="l\1\1\1\374\0\0\0|\4\0\0\235\0\0\0\1\1o\0;\0\0\0/re/frid"..., iov_len=428}], msg_iovlen=1, msg_controllen=0, msg_flags=0}, MSG_NOSIGNAL) = 428
30087 1783914186.569230 recvfrom(100, "nysv\0\0\0\0\0\0\0\0\0\0\0\0\222\205$\225\213\2\0\0\312\213\2\0\0\0\0\0", 3200, MSG_DONTWAIT, NULL, NULL) = 32
30087 1783914186.569443 recvfrom(100, 0x7fc3986860, 3200, MSG_DONTWAIT, NULL, NULL) = -1 EAGAIN (Try again)
30197 1783914186.575255 sendmsg(177, {msg_name=NULL, msg_namelen=0, msg_iov=[{iov_base="l\1\1\1\374\0\0\0}\4\0\0\235\0\0\0\1\1o\0;\0\0\0/re/frid"..., iov_len=428}], msg_iovlen=1, msg_controllen=0, msg_flags=0}, MSG_NOSIGNAL) = 428
30087 1783914187.001656 recvfrom(100, 0x7fc3986420, 3200, MSG_DONTWAIT, NULL, NULL) = -1 EAGAIN (Try again)
30087 1783914187.023854 recvfrom(100, "nysv\0\0\0\0\0\0\0\0\0\0\0\0U*\366\257\213\2\0\0\345\213\2\0\0\0\0\0", 3200, MSG_DONTWAIT, NULL, NULL) = 32
30087 1783914187.024672 recvfrom(100, 0x7fc3986860, 3200, MSG_DONTWAIT, NULL, NULL) = -1 EAGAIN (Try again)
30087 1783914187.025967 recvfrom(121, 0x7d29777820, 2272, MSG_DONTWAIT, NULL, NULL) = -1 EAGAIN (Try again)
30197 1783914187.044376 sendmsg(177, {msg_name=NULL, msg_namelen=0, msg_iov=[{iov_base="l\1\1\1\374\0\0\0~\4\0\0\235\0\0\0\1\1o\0;\0\0\0/re/frid"..., iov_len=428}], msg_iovlen=1, msg_controllen=0, msg_flags=0}, MSG_NOSIGNAL) = 428
30087 1783914187.066920 recvfrom(100, 0x7fc3985d70, 3200, MSG_DONTWAIT, NULL, NULL) = -1 EAGAIN (Try again)
30087 1783914187.068852 recvfrom(100, "nysv\0\0\0\0\0\0\0\0\0\0\0\0\25\27\362\262\213\2\0\0\350\213\2\0\0\0\0\0", 3200, MSG_DONTWAIT, NULL, NULL) = 32
30087 1783914187.069122 recvfrom(100, 0x7fc3986860, 3200, MSG_DONTWAIT, NULL, NULL) = -1 EAGAIN (Try again)
30087 1783914187.070157 recvfrom(100, 0x7fc3986760, 3200, MSG_DONTWAIT, NULL, NULL) = -1 EAGAIN (Try again)
30197 1783914187.080994 sendmsg(177, {msg_name=NULL, msg_namelen=0, msg_iov=[{iov_base="l\1\1\1\374\0\0\0\177\4\0\0\235\0\0\0\1\1o\0;\0\0\0/re/frid"..., iov_len=428}], msg_iovlen=1, msg_controllen=0, msg_flags=0}, MSG_NOSIGNAL) = 428
30087 1783914187.086451 recvfrom(100, "nysv\0\0\0\0\0\0\0\0\0\0\0\0\261\210\360\263\213\2\0\0\351\213\2\0\0\0\0\0", 3200, MSG_DONTWAIT, NULL, NULL) = 32
30087 1783914187.087025 recvfrom(100, 0x7fc3986860, 3200, MSG_DONTWAIT, NULL, NULL) = -1 EAGAIN (Try again)
30197 1783914187.098670 sendmsg(177, {msg_name=NULL, msg_namelen=0, msg_iov=[{iov_base="l\1\1\1\374\0\0\0\200\4\0\0\235\0\0\0\1\1o\0;\0\0\0/re/frid"..., iov_len=428}], msg_iovlen=1, msg_controllen=0, msg_flags=0}, MSG_NOSIGNAL) = 428
30087 1783914187.505909 recvfrom(100, 0x7fc3986420, 3200, MSG_DONTWAIT, NULL, NULL) = -1 EAGAIN (Try again)
30087 1783914187.521116 recvfrom(100, "nysv\0\0\0\0\0\0\0\0\0\0\0\0A\217\303\315\213\2\0\0\3\214\2\0\0\0\0\0", 3200, MSG_DONTWAIT, NULL, NULL) = 32
30087 1783914187.521924 recvfrom(100, 0x7fc3986860, 3200, MSG_DONTWAIT, NULL, NULL) = -1 EAGAIN (Try again)
30087 1783914187.522666 recvfrom(121, 0x7d29777820, 2272, MSG_DONTWAIT, NULL, NULL) = -1 EAGAIN (Try again)
30197 1783914187.542129 sendmsg(177, {msg_name=NULL, msg_namelen=0, msg_iov=[{iov_base="l\1\1\1\374\0\0\0\201\4\0\0\235\0\0\0\1\1o\0;\0\0\0/re/frid"..., iov_len=428}], msg_iovlen=1, msg_controllen=0, msg_flags=0}, MSG_NOSIGNAL) = 428
30087 1783914187.564848 recvfrom(100, 0x7fc3985d70, 3200, MSG_DONTWAIT, NULL, NULL) = -1 EAGAIN (Try again)
30087 1783914187.569219 recvfrom(100, "nysv\0\0\0\0\0\0\0\0\0\0\0\0\347y\277\320\213\2\0\0\6\214\2\0\0\0\0\0", 3200, MSG_DONTWAIT, NULL, NULL) = 32
30087 1783914187.569632 recvfrom(100, 0x7fc3986860, 3200, MSG_DONTWAIT, NULL, NULL) = -1 EAGAIN (Try again)
30087 1783914187.572324 recvfrom(100, 0x7fc3986760, 3200, MSG_DONTWAIT, NULL, NULL) = -1 EAGAIN (Try again)
30197 1783914187.579715 sendmsg(177, {msg_name=NULL, msg_namelen=0, msg_iov=[{iov_base="l\1\1\1\374\0\0\0\202\4\0\0\235\0\0\0\1\1o\0;\0\0\0/re/frid"..., iov_len=428}], msg_iovlen=1, msg_controllen=0, msg_flags=0}, MSG_NOSIGNAL) = 428
30087 1783914187.586770 recvfrom(100, "nysv\0\0\0\0\0\0\0\0\0\0\0\0\360\345\275\321\213\2\0\0\7\214\2\0\0\0\0\0", 3200, MSG_DONTWAIT, NULL, NULL) = 32
30087 1783914187.587263 recvfrom(100, 0x7fc3986860, 3200, MSG_DONTWAIT, NULL, NULL) = -1 EAGAIN (Try again)
30197 1783914187.598508 sendmsg(177, {msg_name=NULL, msg_namelen=0, msg_iov=[{iov_base="l\1\1\1\374\0\0\0\203\4\0\0\235\0\0\0\1\1o\0;\0\0\0/re/frid"..., iov_len=428}], msg_iovlen=1, msg_controllen=0, msg_flags=0}, MSG_NOSIGNAL) = 428
30087 1783914188.008440 recvfrom(100, 0x7fc3986420, 3200, MSG_DONTWAIT, NULL, NULL) = -1 EAGAIN (Try again)
30087 1783914188.021303 recvfrom(100, "nysv\0\0\0\0\0\0\0\0\0\0\0\0-\364\220\353\213\2\0\0!\214\2\0\0\0\0\0", 3200, MSG_DONTWAIT, NULL, NULL) = 32
30087 1783914188.021913 recvfrom(100, 0x7fc3986860, 3200, MSG_DONTWAIT, NULL, NULL) = -1 EAGAIN (Try again)
30087 1783914188.022869 recvfrom(121, 0x7d29777820, 2272, MSG_DONTWAIT, NULL, NULL) = -1 EAGAIN (Try again)
30197 1783914188.039585 sendmsg(177, {msg_name=NULL, msg_namelen=0, msg_iov=[{iov_base="l\1\1\1\374\0\0\0\204\4\0\0\235\0\0\0\1\1o\0;\0\0\0/re/frid"..., iov_len=428}], msg_iovlen=1, msg_controllen=0, msg_flags=0}, MSG_NOSIGNAL) = 428
30087 1783914188.064041 recvfrom(100, 0x7fc3985d70, 3200, MSG_DONTWAIT, NULL, NULL) = -1 EAGAIN (Try again)
30087 1783914188.068896 recvfrom(100, "nysv\0\0\0\0\0\0\0\0\0\0\0\0\304\337\214\356\213\2\0\0$\214\2\0\0\0\0\0", 3200, MSG_DONTWAIT, NULL, NULL) = 32
30087 1783914188.069355 recvfrom(100, 0x7fc3986860, 3200, MSG_DONTWAIT, NULL, NULL) = -1 EAGAIN (Try again)
30087 1783914188.072253 recvfrom(100, 0x7fc3986760, 3200, MSG_DONTWAIT, NULL, NULL) = -1 EAGAIN (Try again)
30197 1783914188.080201 sendmsg(177, {msg_name=NULL, msg_namelen=0, msg_iov=[{iov_base="l\1\1\1\374\0\0\0\205\4\0\0\235\0\0\0\1\1o\0;\0\0\0/re/frid"..., iov_len=428}], msg_iovlen=1, msg_controllen=0, msg_flags=0}, MSG_NOSIGNAL) = 428
30087 1783914188.086848 recvfrom(100, "nysv\0\0\0\0\0\0\0\0\0\0\0\0\312-\213\357\213\2\0\0%\214\2\0\0\0\0\0", 3200, MSG_DONTWAIT, NULL, NULL) = 32
30087 1783914188.087420 recvfrom(100, 0x7fc3986860, 3200, MSG_DONTWAIT, NULL, NULL) = -1 EAGAIN (Try again)
30197 1783914188.097481 sendmsg(177, {msg_name=NULL, msg_namelen=0, msg_iov=[{iov_base="l\1\1\1\374\0\0\0\206\4\0\0\235\0\0\0\1\1o\0;\0\0\0/re/frid"..., iov_len=428}], msg_iovlen=1, msg_controllen=0, msg_flags=0}, MSG_NOSIGNAL) = 428
30087 1783914188.510995 recvfrom(100, 0x7fc3986420, 3200, MSG_DONTWAIT, NULL, NULL) = -1 EAGAIN (Try again)
30087 1783914188.520313 recvfrom(100, "nysv\0\0\0\0\0\0\0\0\0\0\0\0Gf^\t\214\2\0\0?\214\2\0\0\0\0\0", 3200, MSG_DONTWAIT, NULL, NULL) = 32
30087 1783914188.520784 recvfrom(100, 0x7fc3986860, 3200, MSG_DONTWAIT, NULL, NULL) = -1 EAGAIN (Try again)
30087 1783914188.521501 recvfrom(121, 0x7d29777820, 2272, MSG_DONTWAIT, NULL, NULL) = -1 EAGAIN (Try again)
30197 1783914188.541131 sendmsg(177, {msg_name=NULL, msg_namelen=0, msg_iov=[{iov_base="l\1\1\1\374\0\0\0\207\4\0\0\235\0\0\0\1\1o\0;\0\0\0/re/frid"..., iov_len=428}], msg_iovlen=1, msg_controllen=0, msg_flags=0}, MSG_NOSIGNAL) = 428
30087 1783914188.563074 recvfrom(100, 0x7fc3985d70, 3200, MSG_DONTWAIT, NULL, NULL) = -1 EAGAIN (Try again)
30087 1783914188.569052 recvfrom(100, "nysv\0\0\0\0\0\0\0\0\0\0\0\0\274NZ\f\214\2\0\0B\214\2\0\0\0\0\0", 3200, MSG_DONTWAIT, NULL, NULL) = 32
30087 1783914188.569423 recvfrom(100, 0x7fc3986860, 3200, MSG_DONTWAIT, NULL, NULL) = -1 EAGAIN (Try again)
30087 1783914188.571828 recvfrom(100, 0x7fc3986760, 3200, MSG_DONTWAIT, NULL, NULL) = -1 EAGAIN (Try again)
30197 1783914188.578984 sendmsg(177, {msg_name=NULL, msg_namelen=0, msg_iov=[{iov_base="l\1\1\1\374\0\0\0\210\4\0\0\235\0\0\0\1\1o\0;\0\0\0/re/frid"..., iov_len=428}], msg_iovlen=1, msg_controllen=0, msg_flags=0}, MSG_NOSIGNAL) = 428
30087 1783914188.586940 recvfrom(100, "nysv\0\0\0\0\0\0\0\0\0\0\0\0u\243X\r\214\2\0\0C\214\2\0\0\0\0\0", 3200, MSG_DONTWAIT, NULL, NULL) = 32
30087 1783914188.587480 recvfrom(100, 0x7fc3986860, 3200, MSG_DONTWAIT, NULL, NULL) = -1 EAGAIN (Try again)
30197 1783914188.600401 sendmsg(177, {msg_name=NULL, msg_namelen=0, msg_iov=[{iov_base="l\1\1\1\374\0\0\0\211\4\0\0\235\0\0\0\1\1o\0;\0\0\0/re/frid"..., iov_len=428}], msg_iovlen=1, msg_controllen=0, msg_flags=0}, MSG_NOSIGNAL) = 428
30087 1783914189.016780 recvfrom(100, 0x7fc3986420, 3200, MSG_DONTWAIT, NULL, NULL) = -1 EAGAIN (Try again)
30087 1783914189.019689 recvfrom(100, "nysv\0\0\0\0\0\0\0\0\0\0\0\0F\f,'\214\2\0\0]\214\2\0\0\0\0\0", 3200, MSG_DONTWAIT, NULL, NULL) = 32
30087 1783914189.020103 recvfrom(100, 0x7fc3986860, 3200, MSG_DONTWAIT, NULL, NULL) = -1 EAGAIN (Try again)
30087 1783914189.020807 recvfrom(121, 0x7d29777820, 2272, MSG_DONTWAIT, NULL, NULL) = -1 EAGAIN (Try again)
30197 1783914189.039132 sendmsg(177, {msg_name=NULL, msg_namelen=0, msg_iov=[{iov_base="l\1\1\1\374\0\0\0\212\4\0\0\235\0\0\0\1\1o\0;\0\0\0/re/frid"..., iov_len=428}], msg_iovlen=1, msg_controllen=0, msg_flags=0}, MSG_NOSIGNAL) = 428
30087 1783914189.058870 recvfrom(100, 0x7fc3985d70, 3200, MSG_DONTWAIT, NULL, NULL) = -1 EAGAIN (Try again)
30087 1783914189.069069 recvfrom(100, "nysv\0\0\0\0\0\0\0\0\0\0\0\0\361\352'*\214\2\0\0`\214\2\0\0\0\0\0", 3200, MSG_DONTWAIT, NULL, NULL) = 32
30087 1783914189.069700 recvfrom(100, 0x7fc3986860, 3200, MSG_DONTWAIT, NULL, NULL) = -1 EAGAIN (Try again)
30087 1783914189.075298 recvfrom(100, 0x7fc3986760, 3200, MSG_DONTWAIT, NULL, NULL) = -1 EAGAIN (Try again)
30197 1783914189.082489 sendmsg(177, {msg_name=NULL, msg_namelen=0, msg_iov=[{iov_base="l\1\1\1\374\0\0\0\213\4\0\0\235\0\0\0\1\1o\0;\0\0\0/re/frid"..., iov_len=428}], msg_iovlen=1, msg_controllen=0, msg_flags=0}, MSG_NOSIGNAL) = 428
30087 1783914189.085775 recvfrom(100, "nysv\0\0\0\0\0\0\0\0\0\0\0\0\330y&+\214\2\0\0a\214\2\0\0\0\0\0", 3200, MSG_DONTWAIT, NULL, NULL) = 32
30087 1783914189.085989 recvfrom(100, 0x7fc3986860, 3200, MSG_DONTWAIT, NULL, NULL) = -1 EAGAIN (Try again)
30197 1783914189.091852 sendmsg(177, {msg_name=NULL, msg_namelen=0, msg_iov=[{iov_base="l\1\1\1\374\0\0\0\214\4\0\0\235\0\0\0\1\1o\0;\0\0\0/re/frid"..., iov_len=428}], msg_iovlen=1, msg_controllen=0, msg_flags=0}, MSG_NOSIGNAL) = 428
30087 1783914189.524311 recvfrom(100, 0x7fc3986420, 3200, MSG_DONTWAIT, NULL, NULL) = -1 EAGAIN (Try again)
30087 1783914189.539065 recvfrom(100, "nysv\0\0\0\0\0\0\0\0\0\0\0\0\33s\367E\214\2\0\0|\214\2\0\0\0\0\0", 3200, MSG_DONTWAIT, NULL, NULL) = 32
30087 1783914189.539862 recvfrom(100, 0x7fc3986860, 3200, MSG_DONTWAIT, NULL, NULL) = -1 EAGAIN (Try again)
30087 1783914189.540673 recvfrom(121, 0x7d29777820, 2272, MSG_DONTWAIT, NULL, NULL) = -1 EAGAIN (Try again)
30197 1783914189.556793 sendmsg(177, {msg_name=NULL, msg_namelen=0, msg_iov=[{iov_base="l\1\1\1\374\0\0\0\215\4\0\0\235\0\0\0\1\1o\0;\0\0\0/re/frid"..., iov_len=428}], msg_iovlen=1, msg_controllen=0, msg_flags=0}, MSG_NOSIGNAL) = 428
30087 1783914189.580938 recvfrom(100, 0x7fc3985d70, 3200, MSG_DONTWAIT, NULL, NULL) = -1 EAGAIN (Try again)
30087 1783914189.585816 recvfrom(100, "nysv\0\0\0\0\0\0\0\0\0\0\0\0j^\363H\214\2\0\0\177\214\2\0\0\0\0\0", 3200, MSG_DONTWAIT, NULL, NULL) = 32
30087 1783914189.586224 recvfrom(100, 0x7fc3986860, 3200, MSG_DONTWAIT, NULL, NULL) = -1 EAGAIN (Try again)
30087 1783914189.588301 recvfrom(100, 0x7fc3986760, 3200, MSG_DONTWAIT, NULL, NULL) = -1 EAGAIN (Try again)
30197 1783914189.596439 sendmsg(177, {msg_name=NULL, msg_namelen=0, msg_iov=[{iov_base="l\1\1\1\374\0\0\0\216\4\0\0\235\0\0\0\1\1o\0;\0\0\0/re/frid"..., iov_len=428}], msg_iovlen=1, msg_controllen=0, msg_flags=0}, MSG_NOSIGNAL) = 428
30087 1783914189.604056 recvfrom(100, "nysv\0\0\0\0\0\0\0\0\0\0\0\0\370\237\361I\214\2\0\0\200\214\2\0\0\0\0\0", 3200, MSG_DONTWAIT, NULL, NULL) = 32
30087 1783914189.604577 recvfrom(100, 0x7fc3986860, 3200, MSG_DONTWAIT, NULL, NULL) = -1 EAGAIN (Try again)
30197 1783914189.615023 sendmsg(177, {msg_name=NULL, msg_namelen=0, msg_iov=[{iov_base="l\1\1\1\374\0\0\0\217\4\0\0\235\0\0\0\1\1o\0;\0\0\0/re/frid"..., iov_len=428}], msg_iovlen=1, msg_controllen=0, msg_flags=0}, MSG_NOSIGNAL) = 428
30087 1783914190.027269 recvfrom(100, 0x7fc3986420, 3200, MSG_DONTWAIT, NULL, NULL) = -1 EAGAIN (Try again)
30087 1783914190.037739 recvfrom(100, "nysv\0\0\0\0\0\0\0\0\0\0\0\0\7\330\304c\214\2\0\0\232\214\2\0\0\0\0\0", 3200, MSG_DONTWAIT, NULL, NULL) = 32
30087 1783914190.038364 recvfrom(100, 0x7fc3986860, 3200, MSG_DONTWAIT, NULL, NULL) = -1 EAGAIN (Try again)
30087 1783914190.039305 recvfrom(121, 0x7d29777820, 2272, MSG_DONTWAIT, NULL, NULL) = -1 EAGAIN (Try again)
30197 1783914190.059410 sendmsg(177, {msg_name=NULL, msg_namelen=0, msg_iov=[{iov_base="l\1\1\1\374\0\0\0\220\4\0\0\235\0\0\0\1\1o\0;\0\0\0/re/frid"..., iov_len=428}], msg_iovlen=1, msg_controllen=0, msg_flags=0}, MSG_NOSIGNAL) = 428
30087 1783914190.080581 recvfrom(100, 0x7fc3985d70, 3200, MSG_DONTWAIT, NULL, NULL) = -1 EAGAIN (Try again)
30087 1783914190.085766 recvfrom(100, "nysv\0\0\0\0\0\0\0\0\0\0\0\0\30\277\300f\214\2\0\0\235\214\2\0\0\0\0\0", 3200, MSG_DONTWAIT, NULL, NULL) = 32
30087 1783914190.086254 recvfrom(100, 0x7fc3986860, 3200, MSG_DONTWAIT, NULL, NULL) = -1 EAGAIN (Try again)
30087 1783914190.087694 recvfrom(100, 0x7fc3986760, 3200, MSG_DONTWAIT, NULL, NULL) = -1 EAGAIN (Try again)
30197 1783914190.095820 sendmsg(177, {msg_name=NULL, msg_namelen=0, msg_iov=[{iov_base="l\1\1\1\374\0\0\0\221\4\0\0\235\0\0\0\1\1o\0;\0\0\0/re/frid"..., iov_len=428}], msg_iovlen=1, msg_controllen=0, msg_flags=0}, MSG_NOSIGNAL) = 428
30087 1783914190.104249 recvfrom(100, "nysv\0\0\0\0\0\0\0\0\0\0\0\0\230\345\276g\214\2\0\0\236\214\2\0\0\0\0\0", 3200, MSG_DONTWAIT, NULL, NULL) = 32
30087 1783914190.104758 recvfrom(100, 0x7fc3986860, 3200, MSG_DONTWAIT, NULL, NULL) = -1 EAGAIN (Try again)
30197 1783914190.115601 sendmsg(177, {msg_name=NULL, msg_namelen=0, msg_iov=[{iov_base="l\1\1\1\374\0\0\0\222\4\0\0\235\0\0\0\1\1o\0;\0\0\0/re/frid"..., iov_len=428}], msg_iovlen=1, msg_controllen=0, msg_flags=0}, MSG_NOSIGNAL) = 428
30087 1783914190.534181 recvfrom(100, 0x7fc3986420, 3200, MSG_DONTWAIT, NULL, NULL) = -1 EAGAIN (Try again)
30087 1783914190.557396 recvfrom(100, "nysv\0\0\0\0\0\0\0\0\0\0\0\0\35\215\220\202\214\2\0\0\271\214\2\0\0\0\0\0", 3200, MSG_DONTWAIT, NULL, NULL) = 32
30087 1783914190.557726 recvfrom(100, 0x7fc3986860, 3200, MSG_DONTWAIT, NULL, NULL) = -1 EAGAIN (Try again)
30087 1783914190.558113 recvfrom(121, 0x7d29777820, 2272, MSG_DONTWAIT, NULL, NULL) = -1 EAGAIN (Try again)
30197 1783914190.573178 sendmsg(177, {msg_name=NULL, msg_namelen=0, msg_iov=[{iov_base="l\1\1\1\374\0\0\0\223\4\0\0\235\0\0\0\1\1o\0;\0\0\0/re/frid"..., iov_len=428}], msg_iovlen=1, msg_controllen=0, msg_flags=0}, MSG_NOSIGNAL) = 428
30087 1783914190.591070 recvfrom(100, 0x7fc3985d70, 3200, MSG_DONTWAIT, NULL, NULL) = -1 EAGAIN (Try again)
30087 1783914190.602596 recvfrom(100, "nysv\0\0\0\0\0\0\0\0\0\0\0\0\350i\214\205\214\2\0\0\274\214\2\0\0\0\0\0", 3200, MSG_DONTWAIT, NULL, NULL) = 32
30087 1783914190.603077 recvfrom(100, 0x7fc3986860, 3200, MSG_DONTWAIT, NULL, NULL) = -1 EAGAIN (Try again)
30087 1783914190.609559 recvfrom(100, 0x7fc3986760, 3200, MSG_DONTWAIT, NULL, NULL) = -1 EAGAIN (Try again)
30197 1783914190.616474 sendmsg(177, {msg_name=NULL, msg_namelen=0, msg_iov=[{iov_base="l\1\1\1\374\0\0\0\224\4\0\0\235\0\0\0\1\1o\0;\0\0\0/re/frid"..., iov_len=428}], msg_iovlen=1, msg_controllen=0, msg_flags=0}, MSG_NOSIGNAL) = 428
30087 1783914190.618705 recvfrom(100, "nysv\0\0\0\0\0\0\0\0\0\0\0\0\222\v\213\206\214\2\0\0\275\214\2\0\0\0\0\0", 3200, MSG_DONTWAIT, NULL, NULL) = 32
30087 1783914190.618945 recvfrom(100, 0x7fc3986860, 3200, MSG_DONTWAIT, NULL, NULL) = -1 EAGAIN (Try again)
30197 1783914190.625030 sendmsg(177, {msg_name=NULL, msg_namelen=0, msg_iov=[{iov_base="l\1\1\1\374\0\0\0\225\4\0\0\235\0\0\0\1\1o\0;\0\0\0/re/frid"..., iov_len=428}], msg_iovlen=1, msg_controllen=0, msg_flags=0}, MSG_NOSIGNAL) = 428
30087 1783914191.037971 recvfrom(100, 0x7fc3986420, 3200, MSG_DONTWAIT, NULL, NULL) = -1 EAGAIN (Try again)
30087 1783914191.055935 recvfrom(100, "nysv\0\0\0\0\0\0\0\0\0\0\0\0\t\362]\240\214\2\0\0\327\214\2\0\0\0\0\0", 3200, MSG_DONTWAIT, NULL, NULL) = 32
30087 1783914191.056682 recvfrom(100, 0x7fc3986860, 3200, MSG_DONTWAIT, NULL, NULL) = -1 EAGAIN (Try again)
30087 1783914191.057529 recvfrom(121, 0x7d29777820, 2272, MSG_DONTWAIT, NULL, NULL) = -1 EAGAIN (Try again)
30197 1783914191.077495 sendmsg(177, {msg_name=NULL, msg_namelen=0, msg_iov=[{iov_base="l\1\1\1\374\0\0\0\226\4\0\0\235\0\0\0\1\1o\0;\0\0\0/re/frid"..., iov_len=428}], msg_iovlen=1, msg_controllen=0, msg_flags=0}, MSG_NOSIGNAL) = 428
30087 1783914191.099324 recvfrom(100, 0x7fc3985d70, 3200, MSG_DONTWAIT, NULL, NULL) = -1 EAGAIN (Try again)
30087 1783914191.102062 recvfrom(100, "nysv\0\0\0\0\0\0\0\0\0\0\0\0\34\332Y\243\214\2\0\0\332\214\2\0\0\0\0\0", 3200, MSG_DONTWAIT, NULL, NULL) = 32
30087 1783914191.102337 recvfrom(100, 0x7fc3986860, 3200, MSG_DONTWAIT, NULL, NULL) = -1 EAGAIN (Try again)
30087 1783914191.103434 recvfrom(100, 0x7fc3986760, 3200, MSG_DONTWAIT, NULL, NULL) = -1 EAGAIN (Try again)
30197 1783914191.113253 sendmsg(177, {msg_name=NULL, msg_namelen=0, msg_iov=[{iov_base="l\1\1\1\374\0\0\0\227\4\0\0\235\0\0\0\1\1o\0;\0\0\0/re/frid"..., iov_len=428}], msg_iovlen=1, msg_controllen=0, msg_flags=0}, MSG_NOSIGNAL) = 428
30087 1783914191.120954 recvfrom(100, "nysv\0\0\0\0\0\0\0\0\0\0\0\0\t\31X\244\214\2\0\0\333\214\2\0\0\0\0\0", 3200, MSG_DONTWAIT, NULL, NULL) = 32
30087 1783914191.121254 recvfrom(100, 0x7fc3986860, 3200, MSG_DONTWAIT, NULL, NULL) = -1 EAGAIN (Try again)
30197 1783914191.130078 sendmsg(177, {msg_name=NULL, msg_namelen=0, msg_iov=[{iov_base="l\1\1\1\374\0\0\0\230\4\0\0\235\0\0\0\1\1o\0;\0\0\0/re/frid"..., iov_len=428}], msg_iovlen=1, msg_controllen=0, msg_flags=0}, MSG_NOSIGNAL) = 428
30087 1783914191.541838 recvfrom(100, 0x7fc3986420, 3200, MSG_DONTWAIT, NULL, NULL) = -1 EAGAIN (Try again)
30087 1783914191.552561 recvfrom(100, "nysv\0\0\0\0\0\0\0\0\0\0\0\0\226\247+\276\214\2\0\0\365\214\2\0\0\0\0\0", 3200, MSG_DONTWAIT, NULL, NULL) = 32
30087 1783914191.553015 recvfrom(100, 0x7fc3986860, 3200, MSG_DONTWAIT, NULL, NULL) = -1 EAGAIN (Try again)
30087 1783914191.553705 recvfrom(121, 0x7d29777820, 2272, MSG_DONTWAIT, NULL, NULL) = -1 EAGAIN (Try again)
30197 1783914191.569087 sendmsg(177, {msg_name=NULL, msg_namelen=0, msg_iov=[{iov_base="l\1\1\1\374\0\0\0\231\4\0\0\235\0\0\0\1\1o\0;\0\0\0/re/frid"..., iov_len=428}], msg_iovlen=1, msg_controllen=0, msg_flags=0}, MSG_NOSIGNAL) = 428
30087 1783914191.593338 recvfrom(100, 0x7fc3985d70, 3200, MSG_DONTWAIT, NULL, NULL) = -1 EAGAIN (Try again)
30087 1783914191.602571 recvfrom(100, "nysv\0\0\0\0\0\0\0\0\0\0\0\0\324|'\301\214\2\0\0\370\214\2\0\0\0\0\0", 3200, MSG_DONTWAIT, NULL, NULL) = 32
30087 1783914191.602803 recvfrom(100, 0x7fc3986860, 3200, MSG_DONTWAIT, NULL, NULL) = -1 EAGAIN (Try again)
30087 1783914191.604332 recvfrom(100, 0x7fc3986760, 3200, MSG_DONTWAIT, NULL, NULL) = -1 EAGAIN (Try again)
30197 1783914191.614572 sendmsg(177, {msg_name=NULL, msg_namelen=0, msg_iov=[{iov_base="l\1\1\1\374\0\0\0\232\4\0\0\235\0\0\0\1\1o\0;\0\0\0/re/frid"..., iov_len=428}], msg_iovlen=1, msg_controllen=0, msg_flags=0}, MSG_NOSIGNAL) = 428
30087 1783914191.618994 recvfrom(100, "nysv\0\0\0\0\0\0\0\0\0\0\0\0\37\30&\302\214\2\0\0\371\214\2\0\0\0\0\0", 3200, MSG_DONTWAIT, NULL, NULL) = 32
30087 1783914191.619194 recvfrom(100, 0x7fc3986860, 3200, MSG_DONTWAIT, NULL, NULL) = -1 EAGAIN (Try again)
30197 1783914191.625033 sendmsg(177, {msg_name=NULL, msg_namelen=0, msg_iov=[{iov_base="l\1\1\1\374\0\0\0\233\4\0\0\235\0\0\0\1\1o\0;\0\0\0/re/frid"..., iov_len=428}], msg_iovlen=1, msg_controllen=0, msg_flags=0}, MSG_NOSIGNAL) = 428
30087 1783914192.049096 recvfrom(100, 0x7fc3986420, 3200, MSG_DONTWAIT, NULL, NULL) = -1 EAGAIN (Try again)
30087 1783914192.052494 recvfrom(100, "nysv\0\0\0\0\0\0\0\0\0\0\0\0\215\20\371\333\214\2\0\0\23\215\2\0\0\0\0\0", 3200, MSG_DONTWAIT, NULL, NULL) = 32
30087 1783914192.052857 recvfrom(100, 0x7fc3986860, 3200, MSG_DONTWAIT, NULL, NULL) = -1 EAGAIN (Try again)
30087 1783914192.053418 recvfrom(121, 0x7d29777820, 2272, MSG_DONTWAIT, NULL, NULL) = -1 EAGAIN (Try again)
30197 1783914192.069328 sendmsg(177, {msg_name=NULL, msg_namelen=0, msg_iov=[{iov_base="l\1\1\1\374\0\0\0\234\4\0\0\235\0\0\0\1\1o\0;\0\0\0/re/frid"..., iov_len=428}], msg_iovlen=1, msg_controllen=0, msg_flags=0}, MSG_NOSIGNAL) = 428
30087 1783914192.092534 recvfrom(100, 0x7fc3985d70, 3200, MSG_DONTWAIT, NULL, NULL) = -1 EAGAIN (Try again)
30087 1783914192.102166 recvfrom(100, "nysv\0\0\0\0\0\0\0\0\0\0\0\0\232\362\364\336\214\2\0\0\26\215\2\0\0\0\0\0", 3200, MSG_DONTWAIT, NULL, NULL) = 32
30087 1783914192.102829 recvfrom(100, 0x7fc3986860, 3200, MSG_DONTWAIT, NULL, NULL) = -1 EAGAIN (Try again)
30087 1783914192.108122 recvfrom(100, 0x7fc3986760, 3200, MSG_DONTWAIT, NULL, NULL) = -1 EAGAIN (Try again)
30197 1783914192.115689 sendmsg(177, {msg_name=NULL, msg_namelen=0, msg_iov=[{iov_base="l\1\1\1\374\0\0\0\235\4\0\0\235\0\0\0\1\1o\0;\0\0\0/re/frid"..., iov_len=428}], msg_iovlen=1, msg_controllen=0, msg_flags=0}, MSG_NOSIGNAL) = 428
30087 1783914192.119373 recvfrom(100, "nysv\0\0\0\0\0\0\0\0\0\0\0\0\215q\363\337\214\2\0\0\27\215\2\0\0\0\0\0", 3200, MSG_DONTWAIT, NULL, NULL) = 32
30087 1783914192.119578 recvfrom(100, 0x7fc3986860, 3200, MSG_DONTWAIT, NULL, NULL) = -1 EAGAIN (Try again)
30197 1783914192.125114 sendmsg(177, {msg_name=NULL, msg_namelen=0, msg_iov=[{iov_base="l\1\1\1\374\0\0\0\236\4\0\0\235\0\0\0\1\1o\0;\0\0\0/re/frid"..., iov_len=428}], msg_iovlen=1, msg_controllen=0, msg_flags=0}, MSG_NOSIGNAL) = 428
30087 1783914192.553893 recvfrom(100, 0x7fc3986420, 3200, MSG_DONTWAIT, NULL, NULL) = -1 EAGAIN (Try again)
30087 1783914192.571691 recvfrom(100, "nysv\0\0\0\0\0\0\0\0\0\0\0\0\367p\304\372\214\2\0\0001\215\2\0\0\0\0\0", 3200, MSG_DONTWAIT, NULL, NULL) = 32
30087 1783914192.572480 recvfrom(100, 0x7fc3986860, 3200, MSG_DONTWAIT, NULL, NULL) = -1 EAGAIN (Try again)
30087 1783914192.573108 recvfrom(121, 0x7d29777820, 2272, MSG_DONTWAIT, NULL, NULL) = -1 EAGAIN (Try again)
30197 1783914192.587003 sendmsg(177, {msg_name=NULL, msg_namelen=0, msg_iov=[{iov_base="l\1\1\1\374\0\0\0\237\4\0\0\235\0\0\0\1\1o\0;\0\0\0/re/frid"..., iov_len=428}], msg_iovlen=1, msg_controllen=0, msg_flags=0}, MSG_NOSIGNAL) = 428
30087 1783914192.609219 recvfrom(100, 0x7fc3985d70, 3200, MSG_DONTWAIT, NULL, NULL) = -1 EAGAIN (Try again)
30087 1783914192.619297 recvfrom(100, "nysv\0\0\0\0\0\0\0\0\0\0\0\0R\252\277\375\214\2\0\0004\215\2\0\0\0\0\0", 3200, MSG_DONTWAIT, NULL, NULL) = 32
30087 1783914192.619800 recvfrom(100, 0x7fc3986860, 3200, MSG_DONTWAIT, NULL, NULL) = -1 EAGAIN (Try again)
30087 1783914192.621131 recvfrom(100, 0x7fc3986760, 3200, MSG_DONTWAIT, NULL, NULL) = -1 EAGAIN (Try again)
30197 1783914192.630658 sendmsg(177, {msg_name=NULL, msg_namelen=0, msg_iov=[{iov_base="l\1\1\1\374\0\0\0\240\4\0\0\235\0\0\0\1\1o\0;\0\0\0/re/frid"..., iov_len=428}], msg_iovlen=1, msg_controllen=0, msg_flags=0}, MSG_NOSIGNAL) = 428
30087 1783914192.635882 recvfrom(100, "nysv\0\0\0\0\0\0\0\0\0\0\0\0\364.\276\376\214\2\0\0005\215\2\0\0\0\0\0", 3200, MSG_DONTWAIT, NULL, NULL) = 32
30087 1783914192.636177 recvfrom(100, 0x7fc3986860, 3200, MSG_DONTWAIT, NULL, NULL) = -1 EAGAIN (Try again)
30197 1783914192.642125 sendmsg(177, {msg_name=NULL, msg_namelen=0, msg_iov=[{iov_base="l\1\1\1\374\0\0\0\241\4\0\0\235\0\0\0\1\1o\0;\0\0\0/re/frid"..., iov_len=428}], msg_iovlen=1, msg_controllen=0, msg_flags=0}, MSG_NOSIGNAL) = 428
30087 1783914193.056129 recvfrom(100, 0x7fc3986420, 3200, MSG_DONTWAIT, NULL, NULL) = -1 EAGAIN (Try again)
30087 1783914193.059149 recvfrom(100, "nysv\0\0\0\0\0\0\0\0\0\0\0\0\271\205\223\27\215\2\0\0N\215\2\0\0\0\0\0", 3200, MSG_DONTWAIT, NULL, NULL) = 32
30087 1783914193.059453 recvfrom(100, 0x7fc3986860, 3200, MSG_DONTWAIT, NULL, NULL) = -1 EAGAIN (Try again)
30087 1783914193.059995 recvfrom(121, 0x7d29777820, 2272, MSG_DONTWAIT, NULL, NULL) = -1 EAGAIN (Try again)
30197 1783914193.071007 sendmsg(177, {msg_name=NULL, msg_namelen=0, msg_iov=[{iov_base="l\1\1\1\374\0\0\0\242\4\0\0\235\0\0\0\1\1o\0;\0\0\0/re/frid"..., iov_len=428}], msg_iovlen=1, msg_controllen=0, msg_flags=0}, MSG_NOSIGNAL) = 428
30087 1783914193.090826 recvfrom(100, 0x7fc3985d70, 3200, MSG_DONTWAIT, NULL, NULL) = -1 EAGAIN (Try again)
30087 1783914193.103843 recvfrom(100, "nysv\0\0\0\0\0\0\0\0\0\0\0\0\263\343\216\32\215\2\0\0P\215\2\0\0\0\0\0", 3200, MSG_DONTWAIT, NULL, NULL) = 32
30087 1783914193.104309 recvfrom(100, 0x7fc3986860, 3200, MSG_DONTWAIT, NULL, NULL) = -1 EAGAIN (Try again)
30087 1783914193.106825 recvfrom(100, 0x7fc3986760, 3200, MSG_DONTWAIT, NULL, NULL) = -1 EAGAIN (Try again)
30197 1783914193.115368 sendmsg(177, {msg_name=NULL, msg_namelen=0, msg_iov=[{iov_base="l\1\1\1\374\0\0\0\243\4\0\0\235\0\0\0\1\1o\0;\0\0\0/re/frid"..., iov_len=428}], msg_iovlen=1, msg_controllen=0, msg_flags=0}, MSG_NOSIGNAL) = 428
30087 1783914193.121103 recvfrom(100, "nysv\0\0\0\0\0\0\0\0\0\0\0\0\3329\215\33\215\2\0\0Q\215\2\0\0\0\0\0", 3200, MSG_DONTWAIT, NULL, NULL) = 32
30087 1783914193.121284 recvfrom(100, 0x7fc3986860, 3200, MSG_DONTWAIT, NULL, NULL) = -1 EAGAIN (Try again)
30197 1783914193.126971 sendmsg(177, {msg_name=NULL, msg_namelen=0, msg_iov=[{iov_base="l\1\1\1\374\0\0\0\244\4\0\0\235\0\0\0\1\1o\0;\0\0\0/re/frid"..., iov_len=428}], msg_iovlen=1, msg_controllen=0, msg_flags=0}, MSG_NOSIGNAL) = 428
30087 1783914193.559374 recvfrom(100, 0x7fc3986420, 3200, MSG_DONTWAIT, NULL, NULL) = -1 EAGAIN (Try again)
30087 1783914193.570402 recvfrom(100, "nysv\0\0\0\0\0\0\0\0\0\0\0\0\206E_6\215\2\0\0l\215\2\0\0\0\0\0", 3200, MSG_DONTWAIT, NULL, NULL) = 32
30087 1783914193.571048 recvfrom(100, 0x7fc3986860, 3200, MSG_DONTWAIT, NULL, NULL) = -1 EAGAIN (Try again)
30087 1783914193.571844 recvfrom(121, 0x7d29777820, 2272, MSG_DONTWAIT, NULL, NULL) = -1 EAGAIN (Try again)
30197 1783914193.584753 sendmsg(177, {msg_name=NULL, msg_namelen=0, msg_iov=[{iov_base="l\1\1\1\374\0\0\0\245\4\0\0\235\0\0\0\1\1o\0;\0\0\0/re/frid"..., iov_len=428}], msg_iovlen=1, msg_controllen=0, msg_flags=0}, MSG_NOSIGNAL) = 428
30087 1783914193.607353 recvfrom(100, 0x7fc3985d70, 3200, MSG_DONTWAIT, NULL, NULL) = -1 EAGAIN (Try again)
30087 1783914193.609385 recvfrom(100, "nysv\0\0\0\0\0\0\0\0\0\0\0\0#\333[8\215\2\0\0n\215\2\0\0\0\0\0", 3200, MSG_DONTWAIT, NULL, NULL) = 32
30087 1783914193.609565 recvfrom(100, 0x7fc3986860, 3200, MSG_DONTWAIT, NULL, NULL) = -1 EAGAIN (Try again)
30087 1783914193.610477 recvfrom(100, 0x7fc3986760, 3200, MSG_DONTWAIT, NULL, NULL) = -1 EAGAIN (Try again)
30197 1783914193.626352 sendmsg(177, {msg_name=NULL, msg_namelen=0, msg_iov=[{iov_base="l\1\1\1\374\0\0\0\246\4\0\0\235\0\0\0\1\1o\0;\0\0\0/re/frid"..., iov_len=428}], msg_iovlen=1, msg_controllen=0, msg_flags=0}, MSG_NOSIGNAL) = 428
30087 1783914193.628771 recvfrom(100, "nysv\0\0\0\0\0\0\0\0\0\0\0\0OIZ9\215\2\0\0o\215\2\0\0\0\0\0", 3200, MSG_DONTWAIT, NULL, NULL) = 32
30087 1783914193.628973 recvfrom(100, 0x7fc3986860, 3200, MSG_DONTWAIT, NULL, NULL) = -1 EAGAIN (Try again)
30197 1783914193.634543 sendmsg(177, {msg_name=NULL, msg_namelen=0, msg_iov=[{iov_base="l\1\1\1\374\0\0\0\247\4\0\0\235\0\0\0\1\1o\0;\0\0\0/re/frid"..., iov_len=428}], msg_iovlen=1, msg_controllen=0, msg_flags=0}, MSG_NOSIGNAL) = 428
30087 1783914194.066752 recvfrom(100, 0x7fc3986420, 3200, MSG_DONTWAIT, NULL, NULL) = -1 EAGAIN (Try again)
30087 1783914194.074846 recvfrom(100, "nysv\0\0\0\0\0\0\0\0\0\0\0\0\273\237,T\215\2\0\0\212\215\2\0\0\0\0\0", 3200, MSG_DONTWAIT, NULL, NULL) = 32
30087 1783914194.075509 recvfrom(100, 0x7fc3986860, 3200, MSG_DONTWAIT, NULL, NULL) = -1 EAGAIN (Try again)
30087 1783914194.076304 recvfrom(121, 0x7d29777820, 2272, MSG_DONTWAIT, NULL, NULL) = -1 EAGAIN (Try again)
30197 1783914194.090134 sendmsg(177, {msg_name=NULL, msg_namelen=0, msg_iov=[{iov_base="l\1\1\1\374\0\0\0\250\4\0\0\235\0\0\0\1\1o\0;\0\0\0/re/frid"..., iov_len=428}], msg_iovlen=1, msg_controllen=0, msg_flags=0}, MSG_NOSIGNAL) = 428
30087 1783914194.111635 recvfrom(100, 0x7fc3985d70, 3200, MSG_DONTWAIT, NULL, NULL) = -1 EAGAIN (Try again)
30087 1783914194.120138 recvfrom(100, "nysv\0\0\0\0\0\0\0\0\0\0\0\0\330\354'W\215\2\0\0\215\215\2\0\0\0\0\0", 3200, MSG_DONTWAIT, NULL, NULL) = 32
30087 1783914194.120462 recvfrom(100, 0x7fc3986860, 3200, MSG_DONTWAIT, NULL, NULL) = -1 EAGAIN (Try again)
30087 1783914194.121510 recvfrom(100, 0x7fc3986760, 3200, MSG_DONTWAIT, NULL, NULL) = -1 EAGAIN (Try again)
30197 1783914194.129390 sendmsg(177, {msg_name=NULL, msg_namelen=0, msg_iov=[{iov_base="l\1\1\1\374\0\0\0\251\4\0\0\235\0\0\0\1\1o\0;\0\0\0/re/frid"..., iov_len=428}], msg_iovlen=1, msg_controllen=0, msg_flags=0}, MSG_NOSIGNAL) = 428
30087 1783914194.137699 recvfrom(100, "nysv\0\0\0\0\0\0\0\0\0\0\0\0\356\22&X\215\2\0\0\216\215\2\0\0\0\0\0", 3200, MSG_DONTWAIT, NULL, NULL) = 32
30087 1783914194.138409 recvfrom(100, 0x7fc3986860, 3200, MSG_DONTWAIT, NULL, NULL) = -1 EAGAIN (Try again)
30197 1783914194.148947 sendmsg(177, {msg_name=NULL, msg_namelen=0, msg_iov=[{iov_base="l\1\1\1\374\0\0\0\252\4\0\0\235\0\0\0\1\1o\0;\0\0\0/re/frid"..., iov_len=428}], msg_iovlen=1, msg_controllen=0, msg_flags=0}, MSG_NOSIGNAL) = 428
30087 1783914194.572002 recvfrom(100, 0x7fc3986420, 3200, MSG_DONTWAIT, NULL, NULL) = -1 EAGAIN (Try again)
30087 1783914194.586606 recvfrom(100, "nysv\0\0\0\0\0\0\0\0\0\0\0\0\253\6\371r\215\2\0\0\250\215\2\0\0\0\0\0", 3200, MSG_DONTWAIT, NULL, NULL) = 32
30087 1783914194.587137 recvfrom(100, 0x7fc3986860, 3200, MSG_DONTWAIT, NULL, NULL) = -1 EAGAIN (Try again)
30087 1783914194.587830 recvfrom(121, 0x7d29777820, 2272, MSG_DONTWAIT, NULL, NULL) = -1 EAGAIN (Try again)
30197 1783914194.603923 sendmsg(177, {msg_name=NULL, msg_namelen=0, msg_iov=[{iov_base="l\1\1\1\374\0\0\0\253\4\0\0\235\0\0\0\1\1o\0;\0\0\0/re/frid"..., iov_len=428}], msg_iovlen=1, msg_controllen=0, msg_flags=0}, MSG_NOSIGNAL) = 428
30087 1783914194.623258 recvfrom(100, 0x7fc3985d70, 3200, MSG_DONTWAIT, NULL, NULL) = -1 EAGAIN (Try again)
30087 1783914194.635989 recvfrom(100, "nysv\0\0\0\0\0\0\0\0\0\0\0\0\267\310\364u\215\2\0\0\253\215\2\0\0\0\0\0", 3200, MSG_DONTWAIT, NULL, NULL) = 32
30087 1783914194.636367 recvfrom(100, 0x7fc3986860, 3200, MSG_DONTWAIT, NULL, NULL) = -1 EAGAIN (Try again)
30087 1783914194.637796 recvfrom(100, 0x7fc3986760, 3200, MSG_DONTWAIT, NULL, NULL) = -1 EAGAIN (Try again)
30197 1783914194.646713 sendmsg(177, {msg_name=NULL, msg_namelen=0, msg_iov=[{iov_base="l\1\1\1\374\0\0\0\254\4\0\0\235\0\0\0\1\1o\0;\0\0\0/re/frid"..., iov_len=428}], msg_iovlen=1, msg_controllen=0, msg_flags=0}, MSG_NOSIGNAL) = 428
30087 1783914194.652363 recvfrom(100, "nysv\0\0\0\0\0\0\0\0\0\0\0\0\375Z\363v\215\2\0\0\254\215\2\0\0\0\0\0", 3200, MSG_DONTWAIT, NULL, NULL) = 32
30087 1783914194.652607 recvfrom(100, 0x7fc3986860, 3200, MSG_DONTWAIT, NULL, NULL) = -1 EAGAIN (Try again)
30197 1783914194.658694 sendmsg(177, {msg_name=NULL, msg_namelen=0, msg_iov=[{iov_base="l\1\1\1\374\0\0\0\255\4\0\0\235\0\0\0\1\1o\0;\0\0\0/re/frid"..., iov_len=428}], msg_iovlen=1, msg_controllen=0, msg_flags=0}, MSG_NOSIGNAL) = 428
30087 1783914195.075201 recvfrom(100, 0x7fc3986420, 3200, MSG_DONTWAIT, NULL, NULL) = -1 EAGAIN (Try again)
30087 1783914195.087664 recvfrom(100, "nysv\0\0\0\0\0\0\0\0\0\0\0\0\275\271\305\220\215\2\0\0\306\215\2\0\0\0\0\0", 3200, MSG_DONTWAIT, NULL, NULL) = 32
30087 1783914195.088261 recvfrom(100, 0x7fc3986860, 3200, MSG_DONTWAIT, NULL, NULL) = -1 EAGAIN (Try again)
30087 1783914195.088983 recvfrom(121, 0x7d29777820, 2272, MSG_DONTWAIT, NULL, NULL) = -1 EAGAIN (Try again)
30197 1783914195.102076 sendmsg(177, {msg_name=NULL, msg_namelen=0, msg_iov=[{iov_base="l\1\1\1\374\0\0\0\256\4\0\0\235\0\0\0\1\1o\0;\0\0\0/re/frid"..., iov_len=428}], msg_iovlen=1, msg_controllen=0, msg_flags=0}, MSG_NOSIGNAL) = 428
30087 1783914195.125349 recvfrom(100, 0x7fc3985d70, 3200, MSG_DONTWAIT, NULL, NULL) = -1 EAGAIN (Try again)
30087 1783914195.135484 recvfrom(100, "nysv\0\0\0\0\0\0\0\0\0\0\0\0;\240\301\223\215\2\0\0\311\215\2\0\0\0\0\0", 3200, MSG_DONTWAIT, NULL, NULL) = 32
30087 1783914195.136251 recvfrom(100, 0x7fc3986860, 3200, MSG_DONTWAIT, NULL, NULL) = -1 EAGAIN (Try again)
30087 1783914195.139138 recvfrom(100, 0x7fc3986760, 3200, MSG_DONTWAIT, NULL, NULL) = -1 EAGAIN (Try again)
30197 1783914195.147334 sendmsg(177, {msg_name=NULL, msg_namelen=0, msg_iov=[{iov_base="l\1\1\1\374\0\0\0\257\4\0\0\235\0\0\0\1\1o\0;\0\0\0/re/frid"..., iov_len=428}], msg_iovlen=1, msg_controllen=0, msg_flags=0}, MSG_NOSIGNAL) = 428
30087 1783914195.153400 recvfrom(100, "nysv\0\0\0\0\0\0\0\0\0\0\0\0C\361\277\224\215\2\0\0\312\215\2\0\0\0\0\0", 3200, MSG_DONTWAIT, NULL, NULL) = 32
30087 1783914195.153646 recvfrom(100, 0x7fc3986860, 3200, MSG_DONTWAIT, NULL, NULL) = -1 EAGAIN (Try again)
30197 1783914195.159458 sendmsg(177, {msg_name=NULL, msg_namelen=0, msg_iov=[{iov_base="l\1\1\1\374\0\0\0\260\4\0\0\235\0\0\0\1\1o\0;\0\0\0/re/frid"..., iov_len=428}], msg_iovlen=1, msg_controllen=0, msg_flags=0}, MSG_NOSIGNAL) = 428
30087 1783914195.577743 recvfrom(100, 0x7fc3986420, 3200, MSG_DONTWAIT, NULL, NULL) = -1 EAGAIN (Try again)
30087 1783914195.585393 recvfrom(100, "nysv\0\0\0\0\0\0\0\0\0\0\0\0\204q\223\256\215\2\0\0\344\215\2\0\0\0\0\0", 3200, MSG_DONTWAIT, NULL, NULL) = 32
30087 1783914195.585604 recvfrom(100, 0x7fc3986860, 3200, MSG_DONTWAIT, NULL, NULL) = -1 EAGAIN (Try again)
30087 1783914195.586380 recvfrom(121, 0x7d29777820, 2272, MSG_DONTWAIT, NULL, NULL) = -1 EAGAIN (Try again)
30197 1783914195.599267 sendmsg(177, {msg_name=NULL, msg_namelen=0, msg_iov=[{iov_base="l\1\1\1\374\0\0\0\261\4\0\0\235\0\0\0\1\1o\0;\0\0\0/re/frid"..., iov_len=428}], msg_iovlen=1, msg_controllen=0, msg_flags=0}, MSG_NOSIGNAL) = 428
30087 1783914195.617307 recvfrom(100, 0x7fc3985d70, 3200, MSG_DONTWAIT, NULL, NULL) = -1 EAGAIN (Try again)
30087 1783914195.619346 recvfrom(100, "nysv\0\0\0\0\0\0\0\0\0\0\0\0\346\270\220\260\215\2\0\0\346\215\2\0\0\0\0\0", 3200, MSG_DONTWAIT, NULL, NULL) = 32
30087 1783914195.619571 recvfrom(100, 0x7fc3986860, 3200, MSG_DONTWAIT, NULL, NULL) = -1 EAGAIN (Try again)
30087 1783914195.620715 recvfrom(100, 0x7fc3986760, 3200, MSG_DONTWAIT, NULL, NULL) = -1 EAGAIN (Try again)
30197 1783914195.630394 sendmsg(177, {msg_name=NULL, msg_namelen=0, msg_iov=[{iov_base="l\1\1\1\374\0\0\0\262\4\0\0\235\0\0\0\1\1o\0;\0\0\0/re/frid"..., iov_len=428}], msg_iovlen=1, msg_controllen=0, msg_flags=0}, MSG_NOSIGNAL) = 428
30087 1783914195.636578 recvfrom(100, "nysv\0\0\0\0\0\0\0\0\0\0\0\0\31\36\217\261\215\2\0\0\347\215\2\0\0\0\0\0", 3200, MSG_DONTWAIT, NULL, NULL) = 32
30087 1783914195.637117 recvfrom(100, 0x7fc3986860, 3200, MSG_DONTWAIT, NULL, NULL) = -1 EAGAIN (Try again)
30197 1783914195.648160 sendmsg(177, {msg_name=NULL, msg_namelen=0, msg_iov=[{iov_base="l\1\1\1\374\0\0\0\263\4\0\0\235\0\0\0\1\1o\0;\0\0\0/re/frid"..., iov_len=428}], msg_iovlen=1, msg_controllen=0, msg_flags=0}, MSG_NOSIGNAL) = 428
30087 1783914196.079299 recvfrom(100, 0x7fc3986420, 3200, MSG_DONTWAIT, NULL, NULL) = -1 EAGAIN (Try again)
30087 1783914196.085870 recvfrom(100, "nysv\0\0\0\0\0\0\0\0\0\0\0\0\1\307`\314\215\2\0\0\1\216\2\0\0\0\0\0", 3200, MSG_DONTWAIT, NULL, NULL) = 32
30087 1783914196.086270 recvfrom(100, 0x7fc3986860, 3200, MSG_DONTWAIT, NULL, NULL) = -1 EAGAIN (Try again)
30087 1783914196.087108 recvfrom(121, 0x7d29777820, 2272, MSG_DONTWAIT, NULL, NULL) = -1 EAGAIN (Try again)
30197 1783914196.096499 sendmsg(177, {msg_name=NULL, msg_namelen=0, msg_iov=[{iov_base="l\1\1\1\374\0\0\0\264\4\0\0\235\0\0\0\1\1o\0;\0\0\0/re/frid"..., iov_len=428}], msg_iovlen=1, msg_controllen=0, msg_flags=0}, MSG_NOSIGNAL) = 428
30087 1783914196.119867 recvfrom(100, 0x7fc3985d70, 3200, MSG_DONTWAIT, NULL, NULL) = -1 EAGAIN (Try again)
30087 1783914196.138221 recvfrom(100, "nysv\0\0\0\0\0\0\0\0\0\0\0\0N\17\\\317\215\2\0\0\4\216\2\0\0\0\0\0", 3200, MSG_DONTWAIT, NULL, NULL) = 32
30087 1783914196.138810 recvfrom(100, 0x7fc3986860, 3200, MSG_DONTWAIT, NULL, NULL) = -1 EAGAIN (Try again)
30087 1783914196.140408 recvfrom(100, 0x7fc3986760, 3200, MSG_DONTWAIT, NULL, NULL) = -1 EAGAIN (Try again)
30197 1783914196.150257 sendmsg(177, {msg_name=NULL, msg_namelen=0, msg_iov=[{iov_base="l\1\1\1\374\0\0\0\265\4\0\0\235\0\0\0\1\1o\0;\0\0\0/re/frid"..., iov_len=428}], msg_iovlen=1, msg_controllen=0, msg_flags=0}, MSG_NOSIGNAL) = 428
30087 1783914196.153091 recvfrom(100, "nysv\0\0\0\0\0\0\0\0\0\0\0\0\267\263Z\320\215\2\0\0\5\216\2\0\0\0\0\0", 3200, MSG_DONTWAIT, NULL, NULL) = 32
30087 1783914196.153256 recvfrom(100, 0x7fc3986860, 3200, MSG_DONTWAIT, NULL, NULL) = -1 EAGAIN (Try again)
30197 1783914196.158526 sendmsg(177, {msg_name=NULL, msg_namelen=0, msg_iov=[{iov_base="l\1\1\1\374\0\0\0\266\4\0\0\235\0\0\0\1\1o\0;\0\0\0/re/frid"..., iov_len=428}], msg_iovlen=1, msg_controllen=0, msg_flags=0}, MSG_NOSIGNAL) = 428
30087 1783914196.588232 recvfrom(100, 0x7fc3986420, 3200, MSG_DONTWAIT, NULL, NULL) = -1 EAGAIN (Try again)
30087 1783914196.603620 recvfrom(100, "nysv\0\0\0\0\0\0\0\0\0\0\0\0\372{,\353\215\2\0\0 \216\2\0\0\0\0\0", 3200, MSG_DONTWAIT, NULL, NULL) = 32
30087 1783914196.604045 recvfrom(100, 0x7fc3986860, 3200, MSG_DONTWAIT, NULL, NULL) = -1 EAGAIN (Try again)
30087 1783914196.604779 recvfrom(121, 0x7d29777820, 2272, MSG_DONTWAIT, NULL, NULL) = -1 EAGAIN (Try again)
30197 1783914196.621723 sendmsg(177, {msg_name=NULL, msg_namelen=0, msg_iov=[{iov_base="l\1\1\1\374\0\0\0\267\4\0\0\235\0\0\0\1\1o\0;\0\0\0/re/frid"..., iov_len=428}], msg_iovlen=1, msg_controllen=0, msg_flags=0}, MSG_NOSIGNAL) = 428
30087 1783914196.643533 recvfrom(100, 0x7fc3985d70, 3200, MSG_DONTWAIT, NULL, NULL) = -1 EAGAIN (Try again)
30087 1783914196.652223 recvfrom(100, "nysv\0\0\0\0\0\0\0\0\0\0\0\0-c(\356\215\2\0\0#\216\2\0\0\0\0\0", 3200, MSG_DONTWAIT, NULL, NULL) = 32
30087 1783914196.652702 recvfrom(100, 0x7fc3986860, 3200, MSG_DONTWAIT, NULL, NULL) = -1 EAGAIN (Try again)
30087 1783914196.654191 recvfrom(100, 0x7fc3986760, 3200, MSG_DONTWAIT, NULL, NULL) = -1 EAGAIN (Try again)
30197 1783914196.665272 sendmsg(177, {msg_name=NULL, msg_namelen=0, msg_iov=[{iov_base="l\1\1\1\374\0\0\0\270\4\0\0\235\0\0\0\1\1o\0;\0\0\0/re/frid"..., iov_len=428}], msg_iovlen=1, msg_controllen=0, msg_flags=0}, MSG_NOSIGNAL) = 428
30087 1783914196.669310 recvfrom(100, "nysv\0\0\0\0\0\0\0\0\0\0\0\0\377\341&\357\215\2\0\0$\216\2\0\0\0\0\0", 3200, MSG_DONTWAIT, NULL, NULL) = 32
30087 1783914196.669553 recvfrom(100, 0x7fc3986860, 3200, MSG_DONTWAIT, NULL, NULL) = -1 EAGAIN (Try again)
30197 1783914196.675129 sendmsg(177, {msg_name=NULL, msg_namelen=0, msg_iov=[{iov_base="l\1\1\1\374\0\0\0\271\4\0\0\235\0\0\0\1\1o\0;\0\0\0/re/frid"..., iov_len=428}], msg_iovlen=1, msg_controllen=0, msg_flags=0}, MSG_NOSIGNAL) = 428
30087 1783914197.091992 recvfrom(100, 0x7fc3986420, 3200, MSG_DONTWAIT, NULL, NULL) = -1 EAGAIN (Try again)
30087 1783914197.106211 recvfrom(100, "nysv\0\0\0\0\0\0\0\0\0\0\0\0\227\235\371\10\216\2\0\0=\216\2\0\0\0\0\0", 3200, MSG_DONTWAIT, NULL, NULL) = 32
30087 1783914197.106935 recvfrom(100, 0x7fc3986860, 3200, MSG_DONTWAIT, NULL, NULL) = -1 EAGAIN (Try again)
30087 1783914197.107881 recvfrom(121, 0x7d29777820, 2272, MSG_DONTWAIT, NULL, NULL) = -1 EAGAIN (Try again)
30197 1783914197.126847 sendmsg(177, {msg_name=NULL, msg_namelen=0, msg_iov=[{iov_base="l\1\1\1\374\0\0\0\272\4\0\0\235\0\0\0\1\1o\0;\0\0\0/re/frid"..., iov_len=428}], msg_iovlen=1, msg_controllen=0, msg_flags=0}, MSG_NOSIGNAL) = 428
30087 1783914197.148035 recvfrom(100, 0x7fc3985d70, 3200, MSG_DONTWAIT, NULL, NULL) = -1 EAGAIN (Try again)
30087 1783914197.152313 recvfrom(100, "nysv\0\0\0\0\0\0\0\0\0\0\0\0\r\213\365\v\216\2\0\0@\216\2\0\0\0\0\0", 3200, MSG_DONTWAIT, NULL, NULL) = 32
30087 1783914197.152774 recvfrom(100, 0x7fc3986860, 3200, MSG_DONTWAIT, NULL, NULL) = -1 EAGAIN (Try again)
30087 1783914197.155265 recvfrom(100, 0x7fc3986760, 3200, MSG_DONTWAIT, NULL, NULL) = -1 EAGAIN (Try again)
30197 1783914197.163229 sendmsg(177, {msg_name=NULL, msg_namelen=0, msg_iov=[{iov_base="l\1\1\1\374\0\0\0\273\4\0\0\235\0\0\0\1\1o\0;\0\0\0/re/frid"..., iov_len=428}], msg_iovlen=1, msg_controllen=0, msg_flags=0}, MSG_NOSIGNAL) = 428
30087 1783914197.170362 recvfrom(100, "nysv\0\0\0\0\0\0\0\0\0\0\0\0\336\323\363\f\216\2\0\0A\216\2\0\0\0\0\0", 3200, MSG_DONTWAIT, NULL, NULL) = 32
30087 1783914197.171035 recvfrom(100, 0x7fc3986860, 3200, MSG_DONTWAIT, NULL, NULL) = -1 EAGAIN (Try again)
30197 1783914197.181359 sendmsg(177, {msg_name=NULL, msg_namelen=0, msg_iov=[{iov_base="l\1\1\1\374\0\0\0\274\4\0\0\235\0\0\0\1\1o\0;\0\0\0/re/frid"..., iov_len=428}], msg_iovlen=1, msg_controllen=0, msg_flags=0}, MSG_NOSIGNAL) = 428
30087 1783914197.597402 recvfrom(100, 0x7fc3986420, 3200, MSG_DONTWAIT, NULL, NULL) = -1 EAGAIN (Try again)
30087 1783914197.602896 recvfrom(100, "nysv\0\0\0\0\0\0\0\0\0\0\0\0\0367\307&\216\2\0\0[\216\2\0\0\0\0\0", 3200, MSG_DONTWAIT, NULL, NULL) = 32
30087 1783914197.603555 recvfrom(100, 0x7fc3986860, 3200, MSG_DONTWAIT, NULL, NULL) = -1 EAGAIN (Try again)
30087 1783914197.604319 recvfrom(121, 0x7d29777820, 2272, MSG_DONTWAIT, NULL, NULL) = -1 EAGAIN (Try again)
30197 1783914197.619180 sendmsg(177, {msg_name=NULL, msg_namelen=0, msg_iov=[{iov_base="l\1\1\1\374\0\0\0\275\4\0\0\235\0\0\0\1\1o\0;\0\0\0/re/frid"..., iov_len=428}], msg_iovlen=1, msg_controllen=0, msg_flags=0}, MSG_NOSIGNAL) = 428
30087 1783914197.639180 recvfrom(100, 0x7fc3985d70, 3200, MSG_DONTWAIT, NULL, NULL) = -1 EAGAIN (Try again)
30087 1783914197.653102 recvfrom(100, "nysv\0\0\0\0\0\0\0\0\0\0\0\0`\352\302)\216\2\0\0^\216\2\0\0\0\0\0", 3200, MSG_DONTWAIT, NULL, NULL) = 32
30087 1783914197.653464 recvfrom(100, 0x7fc3986860, 3200, MSG_DONTWAIT, NULL, NULL) = -1 EAGAIN (Try again)
30087 1783914197.658594 recvfrom(100, 0x7fc3986760, 3200, MSG_DONTWAIT, NULL, NULL) = -1 EAGAIN (Try again)
30197 1783914197.667393 sendmsg(177, {msg_name=NULL, msg_namelen=0, msg_iov=[{iov_base="l\1\1\1\374\0\0\0\276\4\0\0\235\0\0\0\1\1o\0;\0\0\0/re/frid"..., iov_len=428}], msg_iovlen=1, msg_controllen=0, msg_flags=0}, MSG_NOSIGNAL) = 428
30087 1783914197.669279 recvfrom(100, "nysv\0\0\0\0\0\0\0\0\0\0\0\0T\215\301*\216\2\0\0_\216\2\0\0\0\0\0", 3200, MSG_DONTWAIT, NULL, NULL) = 32
30087 1783914197.669440 recvfrom(100, 0x7fc3986860, 3200, MSG_DONTWAIT, NULL, NULL) = -1 EAGAIN (Try again)
30197 1783914197.675058 sendmsg(177, {msg_name=NULL, msg_namelen=0, msg_iov=[{iov_base="l\1\1\1\374\0\0\0\277\4\0\0\235\0\0\0\1\1o\0;\0\0\0/re/frid"..., iov_len=428}], msg_iovlen=1, msg_controllen=0, msg_flags=0}, MSG_NOSIGNAL) = 428
30087 1783914198.104844 recvfrom(100, 0x7fc3986420, 3200, MSG_DONTWAIT, NULL, NULL) = -1 EAGAIN (Try again)
30087 1783914198.123037 recvfrom(100, "nysv\0\0\0\0\0\0\0\0\0\0\0\0\231\267\222E\216\2\0\0z\216\2\0\0\0\0\0", 3200, MSG_DONTWAIT, NULL, NULL) = 32
30087 1783914198.123467 recvfrom(100, 0x7fc3986860, 3200, MSG_DONTWAIT, NULL, NULL) = -1 EAGAIN (Try again)
30087 1783914198.124207 recvfrom(121, 0x7d29777820, 2272, MSG_DONTWAIT, NULL, NULL) = -1 EAGAIN (Try again)
30197 1783914198.140313 sendmsg(177, {msg_name=NULL, msg_namelen=0, msg_iov=[{iov_base="l\1\1\1\374\0\0\0\300\4\0\0\235\0\0\0\1\1o\0;\0\0\0/re/frid"..., iov_len=428}], msg_iovlen=1, msg_controllen=0, msg_flags=0}, MSG_NOSIGNAL) = 428
30087 1783914198.160065 recvfrom(100, 0x7fc3985d70, 3200, MSG_DONTWAIT, NULL, NULL) = -1 EAGAIN (Try again)
30087 1783914198.169289 recvfrom(100, "nysv\0\0\0\0\0\0\0\0\0\0\0\0\247\244\216H\216\2\0\0}\216\2\0\0\0\0\0", 3200, MSG_DONTWAIT, NULL, NULL) = 32
30087 1783914198.169611 recvfrom(100, 0x7fc3986860, 3200, MSG_DONTWAIT, NULL, NULL) = -1 EAGAIN (Try again)
30087 1783914198.176043 recvfrom(100, 0x7fc3986760, 3200, MSG_DONTWAIT, NULL, NULL) = -1 EAGAIN (Try again)
30197 1783914198.182962 sendmsg(177, {msg_name=NULL, msg_namelen=0, msg_iov=[{iov_base="l\1\1\1\374\0\0\0\301\4\0\0\235\0\0\0\1\1o\0;\0\0\0/re/frid"..., iov_len=428}], msg_iovlen=1, msg_controllen=0, msg_flags=0}, MSG_NOSIGNAL) = 428
30087 1783914198.185344 recvfrom(100, "nysv\0\0\0\0\0\0\0\0\0\0\0\0\315G\215I\216\2\0\0~\216\2\0\0\0\0\0", 3200, MSG_DONTWAIT, NULL, NULL) = 32
30087 1783914198.185555 recvfrom(100, 0x7fc3986860, 3200, MSG_DONTWAIT, NULL, NULL) = -1 EAGAIN (Try again)
30197 1783914198.191279 sendmsg(177, {msg_name=NULL, msg_namelen=0, msg_iov=[{iov_base="l\1\1\1\374\0\0\0\302\4\0\0\235\0\0\0\1\1o\0;\0\0\0/re/frid"..., iov_len=428}], msg_iovlen=1, msg_controllen=0, msg_flags=0}, MSG_NOSIGNAL) = 428
30087 1783914198.607628 recvfrom(100, 0x7fc3986420, 3200, MSG_DONTWAIT, NULL, NULL) = -1 EAGAIN (Try again)
30087 1783914198.620536 recvfrom(100, "nysv\0\0\0\0\0\0\0\0\0\0\0\0\251>`c\216\2\0\0\230\216\2\0\0\0\0\0", 3200, MSG_DONTWAIT, NULL, NULL) = 32
30087 1783914198.621100 recvfrom(100, 0x7fc3986860, 3200, MSG_DONTWAIT, NULL, NULL) = -1 EAGAIN (Try again)
30087 1783914198.621864 recvfrom(121, 0x7d29777820, 2272, MSG_DONTWAIT, NULL, NULL) = -1 EAGAIN (Try again)
30197 1783914198.635610 sendmsg(177, {msg_name=NULL, msg_namelen=0, msg_iov=[{iov_base="l\1\1\1\374\0\0\0\303\4\0\0\235\0\0\0\1\1o\0;\0\0\0/re/frid"..., iov_len=428}], msg_iovlen=1, msg_controllen=0, msg_flags=0}, MSG_NOSIGNAL) = 428
30087 1783914198.658892 recvfrom(100, 0x7fc3985d70, 3200, MSG_DONTWAIT, NULL, NULL) = -1 EAGAIN (Try again)
30087 1783914198.668677 recvfrom(100, "nysv\0\0\0\0\0\0\0\0\0\0\0\0\240#\\f\216\2\0\0\233\216\2\0\0\0\0\0", 3200, MSG_DONTWAIT, NULL, NULL) = 32
30087 1783914198.669030 recvfrom(100, 0x7fc3986860, 3200, MSG_DONTWAIT, NULL, NULL) = -1 EAGAIN (Try again)
30087 1783914198.672522 recvfrom(100, 0x7fc3986760, 3200, MSG_DONTWAIT, NULL, NULL) = -1 EAGAIN (Try again)
30197 1783914198.682820 sendmsg(177, {msg_name=NULL, msg_namelen=0, msg_iov=[{iov_base="l\1\1\1\374\0\0\0\304\4\0\0\235\0\0\0\1\1o\0;\0\0\0/re/frid"..., iov_len=428}], msg_iovlen=1, msg_controllen=0, msg_flags=0}, MSG_NOSIGNAL) = 428
30087 1783914198.686031 recvfrom(100, "nysv\0\0\0\0\0\0\0\0\0\0\0\0\351\235Zg\216\2\0\0\234\216\2\0\0\0\0\0", 3200, MSG_DONTWAIT, NULL, NULL) = 32
30087 1783914198.686300 recvfrom(100, 0x7fc3986860, 3200, MSG_DONTWAIT, NULL, NULL) = -1 EAGAIN (Try again)
30197 1783914198.693736 sendmsg(177, {msg_name=NULL, msg_namelen=0, msg_iov=[{iov_base="l\1\1\1\374\0\0\0\305\4\0\0\235\0\0\0\1\1o\0;\0\0\0/re/frid"..., iov_len=428}], msg_iovlen=1, msg_controllen=0, msg_flags=0}, MSG_NOSIGNAL) = 428
30087 1783914199.112750 recvfrom(100, 0x7fc3986420, 3200, MSG_DONTWAIT, NULL, NULL) = -1 EAGAIN (Try again)
30087 1783914199.119882 recvfrom(100, "nysv\0\0\0\0\0\0\0\0\0\0\0\0\202\240-\201\216\2\0\0\266\216\2\0\0\0\0\0", 3200, MSG_DONTWAIT, NULL, NULL) = 32
30087 1783914199.120515 recvfrom(100, 0x7fc3986860, 3200, MSG_DONTWAIT, NULL, NULL) = -1 EAGAIN (Try again)
30087 1783914199.121296 recvfrom(121, 0x7d29777820, 2272, MSG_DONTWAIT, NULL, NULL) = -1 EAGAIN (Try again)
30197 1783914199.138598 sendmsg(177, {msg_name=NULL, msg_namelen=0, msg_iov=[{iov_base="l\1\1\1\374\0\0\0\306\4\0\0\235\0\0\0\1\1o\0;\0\0\0/re/frid"..., iov_len=428}], msg_iovlen=1, msg_controllen=0, msg_flags=0}, MSG_NOSIGNAL) = 428
30087 1783914199.159834 recvfrom(100, 0x7fc3985d70, 3200, MSG_DONTWAIT, NULL, NULL) = -1 EAGAIN (Try again)
30087 1783914199.168715 recvfrom(100, "nysv\0\0\0\0\0\0\0\0\0\0\0\0\217\204)\204\216\2\0\0\271\216\2\0\0\0\0\0", 3200, MSG_DONTWAIT, NULL, NULL) = 32
30087 1783914199.169056 recvfrom(100, 0x7fc3986860, 3200, MSG_DONTWAIT, NULL, NULL) = -1 EAGAIN (Try again)
30087 1783914199.170403 recvfrom(100, 0x7fc3986760, 3200, MSG_DONTWAIT, NULL, NULL) = -1 EAGAIN (Try again)
30197 1783914199.184223 sendmsg(177, {msg_name=NULL, msg_namelen=0, msg_iov=[{iov_base="l\1\1\1\374\0\0\0\307\4\0\0\235\0\0\0\1\1o\0;\0\0\0/re/frid"..., iov_len=428}], msg_iovlen=1, msg_controllen=0, msg_flags=0}, MSG_NOSIGNAL) = 428
30087 1783914199.185478 recvfrom(100, "nysv\0\0\0\0\0\0\0\0\0\0\0\0\270%(\205\216\2\0\0\272\216\2\0\0\0\0\0", 3200, MSG_DONTWAIT, NULL, NULL) = 32
30087 1783914199.185685 recvfrom(100, 0x7fc3986860, 3200, MSG_DONTWAIT, NULL, NULL) = -1 EAGAIN (Try again)
30197 1783914199.191790 sendmsg(177, {msg_name=NULL, msg_namelen=0, msg_iov=[{iov_base="l\1\1\1\374\0\0\0\310\4\0\0\235\0\0\0\1\1o\0;\0\0\0/re/frid"..., iov_len=428}], msg_iovlen=1, msg_controllen=0, msg_flags=0}, MSG_NOSIGNAL) = 428
30087 1783914199.622132 recvfrom(100, 0x7fc3986420, 3200, MSG_DONTWAIT, NULL, NULL) = -1 EAGAIN (Try again)
30087 1783914199.637292 recvfrom(100, "nysv\0\0\0\0\0\0\0\0\0\0\0\0\3?\371\237\216\2\0\0\325\216\2\0\0\0\0\0", 3200, MSG_DONTWAIT, NULL, NULL) = 32
30087 1783914199.638092 recvfrom(100, 0x7fc3986860, 3200, MSG_DONTWAIT, NULL, NULL) = -1 EAGAIN (Try again)
30087 1783914199.638728 recvfrom(121, 0x7d29777820, 2272, MSG_DONTWAIT, NULL, NULL) = -1 EAGAIN (Try again)
30197 1783914199.651798 sendmsg(177, {msg_name=NULL, msg_namelen=0, msg_iov=[{iov_base="l\1\1\1\374\0\0\0\311\4\0\0\235\0\0\0\1\1o\0;\0\0\0/re/frid"..., iov_len=428}], msg_iovlen=1, msg_controllen=0, msg_flags=0}, MSG_NOSIGNAL) = 428
30087 1783914199.674195 recvfrom(100, 0x7fc3985d70, 3200, MSG_DONTWAIT, NULL, NULL) = -1 EAGAIN (Try again)
30087 1783914199.685829 recvfrom(100, "nysv\0\0\0\0\0\0\0\0\0\0\0\0\271)\365\242\216\2\0\0\330\216\2\0\0\0\0\0", 3200, MSG_DONTWAIT, NULL, NULL) = 32
30087 1783914199.686207 recvfrom(100, 0x7fc3986860, 3200, MSG_DONTWAIT, NULL, NULL) = -1 EAGAIN (Try again)
30087 1783914199.695341 recvfrom(100, 0x7fc3986760, 3200, MSG_DONTWAIT, NULL, NULL) = -1 EAGAIN (Try again)
30087 1783914199.702840 recvfrom(100, "nysv\0\0\0\0\0\0\0\0\0\0\0\0(\313\363\243\216\2\0\0\331\216\2\0\0\0\0\0", 3200, MSG_DONTWAIT, NULL, NULL) = 32
30087 1783914199.703082 recvfrom(100, 0x7fc3986860, 3200, MSG_DONTWAIT, NULL, NULL) = -1 EAGAIN (Try again)
30197 1783914199.703300 sendmsg(177, {msg_name=NULL, msg_namelen=0, msg_iov=[{iov_base="l\1\1\1\374\0\0\0\312\4\0\0\235\0\0\0\1\1o\0;\0\0\0/re/frid"..., iov_len=428}], msg_iovlen=1, msg_controllen=0, msg_flags=0}, MSG_NOSIGNAL) = 428
30197 1783914199.709659 sendmsg(177, {msg_name=NULL, msg_namelen=0, msg_iov=[{iov_base="l\1\1\1\374\0\0\0\313\4\0\0\235\0\0\0\1\1o\0;\0\0\0/re/frid"..., iov_len=428}], msg_iovlen=1, msg_controllen=0, msg_flags=0}, MSG_NOSIGNAL) = 428
30087 1783914200.125606 recvfrom(100, 0x7fc3986420, 3200, MSG_DONTWAIT, NULL, NULL) = -1 EAGAIN (Try again)
30087 1783914200.137754 recvfrom(100, "nysv\0\0\0\0\0\0\0\0\0\0\0\0s\233\306\275\216\2\0\0\362\216\2\0\0\0\0\0", 3200, MSG_DONTWAIT, NULL, NULL) = 32
30087 1783914200.138985 recvfrom(100, 0x7fc3986860, 3200, MSG_DONTWAIT, NULL, NULL) = -1 EAGAIN (Try again)
30087 1783914200.139774 recvfrom(121, 0x7d29777820, 2272, MSG_DONTWAIT, NULL, NULL) = -1 EAGAIN (Try again)
30197 1783914200.154552 sendmsg(177, {msg_name=NULL, msg_namelen=0, msg_iov=[{iov_base="l\1\1\1\374\0\0\0\314\4\0\0\235\0\0\0\1\1o\0;\0\0\0/re/frid"..., iov_len=428}], msg_iovlen=1, msg_controllen=0, msg_flags=0}, MSG_NOSIGNAL) = 428
30087 1783914200.175386 recvfrom(100, 0x7fc3985d70, 3200, MSG_DONTWAIT, NULL, NULL) = -1 EAGAIN (Try again)
30087 1783914200.185756 recvfrom(100, "nysv\0\0\0\0\0\0\0\0\0\0\0\0\233\204\302\300\216\2\0\0\365\216\2\0\0\0\0\0", 3200, MSG_DONTWAIT, NULL, NULL) = 32
30087 1783914200.186317 recvfrom(100, 0x7fc3986860, 3200, MSG_DONTWAIT, NULL, NULL) = -1 EAGAIN (Try again)
30087 1783914200.187928 recvfrom(100, 0x7fc3986760, 3200, MSG_DONTWAIT, NULL, NULL) = -1 EAGAIN (Try again)
30197 1783914200.198007 sendmsg(177, {msg_name=NULL, msg_namelen=0, msg_iov=[{iov_base="l\1\1\1\374\0\0\0\315\4\0\0\235\0\0\0\1\1o\0;\0\0\0/re/frid"..., iov_len=428}], msg_iovlen=1, msg_controllen=0, msg_flags=0}, MSG_NOSIGNAL) = 428
30087 1783914200.202965 recvfrom(100, "nysv\0\0\0\0\0\0\0\0\0\0\0\0~\373\300\301\216\2\0\0\366\216\2\0\0\0\0\0", 3200, MSG_DONTWAIT, NULL, NULL) = 32
30087 1783914200.203132 recvfrom(100, 0x7fc3986860, 3200, MSG_DONTWAIT, NULL, NULL) = -1 EAGAIN (Try again)
30197 1783914200.208937 sendmsg(177, {msg_name=NULL, msg_namelen=0, msg_iov=[{iov_base="l\1\1\1\374\0\0\0\316\4\0\0\235\0\0\0\1\1o\0;\0\0\0/re/frid"..., iov_len=428}], msg_iovlen=1, msg_controllen=0, msg_flags=0}, MSG_NOSIGNAL) = 428
30087 1783914200.627867 recvfrom(100, 0x7fc3986420, 3200, MSG_DONTWAIT, NULL, NULL) = -1 EAGAIN (Try again)
30087 1783914200.638534 recvfrom(100, "nysv\0\0\0\0\0\0\0\0\0\0\0\0_\0\224\333\216\2\0\0\16\217\2\0\0\0\0\0", 3200, MSG_DONTWAIT, NULL, NULL) = 32
30087 1783914200.639143 recvfrom(100, 0x7fc3986860, 3200, MSG_DONTWAIT, NULL, NULL) = -1 EAGAIN (Try again)
30087 1783914200.639913 recvfrom(121, 0x7d29777820, 2272, MSG_DONTWAIT, NULL, NULL) = -1 EAGAIN (Try again)
30197 1783914200.649842 sendmsg(177, {msg_name=NULL, msg_namelen=0, msg_iov=[{iov_base="l\1\1\1\374\0\0\0\317\4\0\0\235\0\0\0\1\1o\0;\0\0\0/re/frid"..., iov_len=428}], msg_iovlen=1, msg_controllen=0, msg_flags=0}, MSG_NOSIGNAL) = 428
