31740 1783932319.812272 recvfrom(79, "h\0\0\0vor_\v\0\0\0\0\0\0\0\322z\23\243!\4\0\0\271\\-?\322\302\354\263"..., 26624, MSG_DONTWAIT, NULL, NULL) = 104
31740 1783932319.812637 recvfrom(79, 0x7007512840, 26624, MSG_DONTWAIT, NULL, NULL) = -1 EAGAIN (Try again)
31740 1783932319.828684 recvfrom(79, "h\0\0\0vor_\v\0\0\0\0\0\0\0q\360\327\243!\4\0\0\275\\-?\221$\266\263"..., 26624, MSG_DONTWAIT, NULL, NULL) = 104
31740 1783932319.829615 recvfrom(79, 0x7007512840, 26624, MSG_DONTWAIT, NULL, NULL) = -1 EAGAIN (Try again)
31740 1783932319.837088 recvfrom(79, "h\0\0\0vor_\v\0\0\0\0\0\0\0W\200\202\244!\4\0\0\301\\-?0\361\205\263"..., 26624, MSG_DONTWAIT, NULL, NULL) = 104
31740 1783932319.837641 recvfrom(79, 0x7007512840, 26624, MSG_DONTWAIT, NULL, NULL) = -1 EAGAIN (Try again)
31740 1783932319.847021 recvfrom(79, "h\0\0\0vor_\v\0\0\0\0\0\0\0F\7%\245!\4\0\0\305\\-?\330(.\263"..., 26624, MSG_DONTWAIT, NULL, NULL) = 104
31740 1783932319.850499 recvfrom(79, 0x7007512840, 26624, MSG_DONTWAIT, NULL, NULL) = -1 EAGAIN (Try again)
31740 1783932319.864156 recvfrom(79, "h\0\0\0vor_\v\0\0\0\0\0\0\0`Q\365\245!\4\0\0\312\\-?~\3N\262"..., 26624, MSG_DONTWAIT, NULL, NULL) = 104
31740 1783932319.865555 recvfrom(79, 0x7007512840, 26624, MSG_DONTWAIT, NULL, NULL) = -1 EAGAIN (Try again)
31740 1783932319.872048 recvfrom(79, "h\0\0\0vor_\v\0\0\0\0\0\0\0M\375\231\246!\4\0\0\316\\-??\200>2"..., 26624, MSG_DONTWAIT, NULL, NULL) = 104
31740 1783932319.872824 recvfrom(79, 0x7007512840, 26624, MSG_DONTWAIT, NULL, NULL) = -1 EAGAIN (Try again)
31740 1783932319.882390 recvfrom(79, "h\0\0\0vor_\v\0\0\0\0\0\0\0\366\0363\247!\4\0\0\322\\-?^\233\r3"..., 26624, MSG_DONTWAIT, NULL, NULL) = 104
31740 1783932319.883168 recvfrom(79, 0x7007512840, 26624, MSG_DONTWAIT, NULL, NULL) = -1 EAGAIN (Try again)
31740 1783932319.896708 recvfrom(79, "h\0\0\0vor_\v\0\0\0\0\0\0\0\223\4\26\250!\4\0\0\327\\-?\225S\2143"..., 26624, MSG_DONTWAIT, NULL, NULL) = 104
31740 1783932319.897422 recvfrom(79, 0x7007512840, 26624, MSG_DONTWAIT, NULL, NULL) = -1 EAGAIN (Try again)
31740 1783932319.908777 recvfrom(79, "h\0\0\0vor_\v\0\0\0\0\0\0\0W\372\277\250!\4\0\0\333\\-?\255\27\3023"..., 26624, MSG_DONTWAIT, NULL, NULL) = 104
31740 1783932319.909415 recvfrom(79, 0x7007512840, 26624, MSG_DONTWAIT, NULL, NULL) = -1 EAGAIN (Try again)
31740 1783932319.919965 recvfrom(79, "h\0\0\0vor_\v\0\0\0\0\0\0\0Uoo\251!\4\0\0\337\\-?\3011\3723"..., 26624, MSG_DONTWAIT, NULL, NULL) = 104
31740 1783932319.920779 recvfrom(79, 0x7007512840, 26624, MSG_DONTWAIT, NULL, NULL) = -1 EAGAIN (Try again)
31740 1783932319.932044 recvfrom(79, "h\0\0\0vor_\v\0\0\0\0\0\0\0\7Y.\252!\4\0\0\343\\-?\251\307\0334"..., 26624, MSG_DONTWAIT, NULL, NULL) = 104
31740 1783932319.932725 recvfrom(79, 0x7007512840, 26624, MSG_DONTWAIT, NULL, NULL) = -1 EAGAIN (Try again)
31740 1783932319.943465 recvfrom(79, "h\0\0\0vor_\v\0\0\0\0\0\0\0\267M\342\252!\4\0\0\337\\-?\346\4\0044"..., 26624, MSG_DONTWAIT, NULL, NULL) = 104
31740 1783932319.943911 recvfrom(79, 0x7007512840, 26624, MSG_DONTWAIT, NULL, NULL) = -1 EAGAIN (Try again)
31740 1783932319.963284 recvfrom(79, "h\0\0\0vor_\v\0\0\0\0\0\0\0\351\357\366\253!\4\0\0\331\\-?\235\260\2723"..., 26624, MSG_DONTWAIT, NULL, NULL) = 104
31740 1783932319.963856 recvfrom(79, 0x7007512840, 26624, MSG_DONTWAIT, NULL, NULL) = -1 EAGAIN (Try again)
31740 1783932319.973274 recvfrom(79, "h\0\0\0vor_\v\0\0\0\0\0\0\0\326\266\251\254!\4\0\0\325\\-?p\222\2103"..., 26624, MSG_DONTWAIT, NULL, NULL) = 104
31740 1783932319.973663 recvfrom(79, 0x7007512840, 26624, MSG_DONTWAIT, NULL, NULL) = -1 EAGAIN (Try again)
31740 1783932319.988111 recvfrom(79, "h\0\0\0vor_\v\0\0\0\0\0\0\0\371\233Y\255!\4\0\0\320\\-?Fl,3"..., 26624, MSG_DONTWAIT, NULL, NULL) = 104
31740 1783932319.988165 recvfrom(79, 0x7007512840, 26624, MSG_DONTWAIT, NULL, NULL) = -1 EAGAIN (Try again)
31740 1783932320.019676 recvfrom(79, "h\0\0\0vor_\v\0\0\0\0\0\0\0:X4\256!\4\0\0\313\\-?\3U12"..., 26624, MSG_DONTWAIT, NULL, NULL) = 104
31740 1783932320.019754 recvfrom(79, "h\0\0\0vor_\v\0\0\0\0\0\0\0\353\327\367\256!\4\0\0\306\\-?\236\315\220\262"..., 26624, MSG_DONTWAIT, NULL, NULL) = 104
31740 1783932320.019809 recvfrom(79, 0x7007512840, 26624, MSG_DONTWAIT, NULL, NULL) = -1 EAGAIN (Try again)
31740 1783932320.021909 recvfrom(79, "h\0\0\0vor_\v\0\0\0\0\0\0\0e\324\224\257!\4\0\0\303\\-?\243`(\263"..., 26624, MSG_DONTWAIT, NULL, NULL) = 104
31740 1783932320.021933 recvfrom(79, 0x7007512840, 26624, MSG_DONTWAIT, NULL, NULL) = -1 EAGAIN (Try again)
31740 1783932320.033840 recvfrom(79, "h\0\0\0vor_\v\0\0\0\0\0\0\0\220[I\260!\4\0\0\277\\-?\265\341\213\263"..., 26624, MSG_DONTWAIT, NULL, NULL) = 104
31740 1783932320.033872 recvfrom(79, 0x7007512840, 26624, MSG_DONTWAIT, NULL, NULL) = -1 EAGAIN (Try again)
31740 1783932320.046203 recvfrom(79, "h\0\0\0vor_\v\0\0\0\0\0\0\0fl\4\261!\4\0\0\273\\-?!U\306\263"..., 26624, MSG_DONTWAIT, NULL, NULL) = 104
31740 1783932320.046278 recvfrom(79, 0x7007512840, 26624, MSG_DONTWAIT, NULL, NULL) = -1 EAGAIN (Try again)
31740 1783932320.058109 recvfrom(79, "h\0\0\0vor_\v\0\0\0\0\0\0\0\321p\275\261!\4\0\0\266\\-?{~\0\264"..., 26624, MSG_DONTWAIT, NULL, NULL) = 104
31740 1783932320.058179 recvfrom(79, 0x7007512840, 26624, MSG_DONTWAIT, NULL, NULL) = -1 EAGAIN (Try again)
31740 1783932320.081868 recvfrom(79, "h\0\0\0vor_\v\0\0\0\0\0\0\08\226\202\262!\4\0\0\261\\-?P\375\37\264"..., 26624, MSG_DONTWAIT, NULL, NULL) = 104
31740 1783932320.081925 recvfrom(79, 0x7007512840, 26624, MSG_DONTWAIT, NULL, NULL) = -1 EAGAIN (Try again)
31740 1783932320.082398 recvfrom(79, "h\0\0\0vor_\v\0\0\0\0\0\0\0Z\262*\263!\4\0\0\266\\-?2\343\t\264"..., 26624, MSG_DONTWAIT, NULL, NULL) = 104
31740 1783932320.082470 recvfrom(79, 0x7007512840, 26624, MSG_DONTWAIT, NULL, NULL) = -1 EAGAIN (Try again)
31740 1783932320.095169 recvfrom(79, "h\0\0\0vor_\v\0\0\0\0\0\0\0/f\342\263!\4\0\0\272\\-?\320\307\341\263"..., 26624, MSG_DONTWAIT, NULL, NULL) = 104
31740 1783932320.095220 recvfrom(79, 0x7007512840, 26624, MSG_DONTWAIT, NULL, NULL) = -1 EAGAIN (Try again)
31740 1783932320.103636 recvfrom(79, "h\0\0\0vor_\v\0\0\0\0\0\0\0\315@p\264!\4\0\0\275\\-?\220\363\272\263"..., 26624, MSG_DONTWAIT, NULL, NULL) = 104
31740 1783932320.103673 recvfrom(79, 0x7007512840, 26624, MSG_DONTWAIT, NULL, NULL) = -1 EAGAIN (Try again)
31740 1783932320.118443 recvfrom(79, "h\0\0\0vor_\v\0\0\0\0\0\0\0Q+T\265!\4\0\0\302\\-?\212\204s\263"..., 26624, MSG_DONTWAIT, NULL, NULL) = 104
31740 1783932320.118533 recvfrom(79, 0x7007512840, 26624, MSG_DONTWAIT, NULL, NULL) = -1 EAGAIN (Try again)
31740 1783932320.130271 recvfrom(79, "h\0\0\0vor_\v\0\0\0\0\0\0\0P1\374\265!\4\0\0\306\\-?M\343\21\263"..., 26624, MSG_DONTWAIT, NULL, NULL) = 104
31740 1783932320.130308 recvfrom(79, 0x7007512840, 26624, MSG_DONTWAIT, NULL, NULL) = -1 EAGAIN (Try again)
31740 1783932320.141769 recvfrom(79, "h\0\0\0vor_\v\0\0\0\0\0\0\0\3,\267\266!\4\0\0\312\\-?\35\251\f\262"..., 26624, MSG_DONTWAIT, NULL, NULL) = 104
31740 1783932320.141821 recvfrom(79, 0x7007512840, 26624, MSG_DONTWAIT, NULL, NULL) = -1 EAGAIN (Try again)
31740 1783932320.153553 recvfrom(79, "h\0\0\0vor_\v\0\0\0\0\0\0\0\274\3d\267!\4\0\0\317\\-?H]\2122"..., 26624, MSG_DONTWAIT, NULL, NULL) = 104
31740 1783932320.153599 recvfrom(79, 0x7007512840, 26624, MSG_DONTWAIT, NULL, NULL) = -1 EAGAIN (Try again)
31740 1783932320.165356 recvfrom(79, "h\0\0\0vor_\v\0\0\0\0\0\0\0\3058\"\270!\4\0\0\323\\-?\372\20493"..., 26624, MSG_DONTWAIT, NULL, NULL) = 104
31740 1783932320.165431 recvfrom(79, 0x7007512840, 26624, MSG_DONTWAIT, NULL, NULL) = -1 EAGAIN (Try again)
31740 1783932320.176450 recvfrom(79, "h\0\0\0vor_\v\0\0\0\0\0\0\0,\4\312\270!\4\0\0\327\\-?\3574\2213"..., 26624, MSG_DONTWAIT, NULL, NULL) = 104
31740 1783932320.176481 recvfrom(79, 0x7007512840, 26624, MSG_DONTWAIT, NULL, NULL) = -1 EAGAIN (Try again)
31740 1783932320.189312 recvfrom(79, "h\0\0\0vor_\v\0\0\0\0\0\0\0\212J}\271!\4\0\0\333\\-?\v\310\3113"..., 26624, MSG_DONTWAIT, NULL, NULL) = 104
31740 1783932320.189376 recvfrom(79, 0x7007512840, 26624, MSG_DONTWAIT, NULL, NULL) = -1 EAGAIN (Try again)
31740 1783932320.200382 recvfrom(79, "h\0\0\0vor_\v\0\0\0\0\0\0\0r\3326\272!\4\0\0\337\\-?U{\0024"..., 26624, MSG_DONTWAIT, NULL, NULL) = 104
31740 1783932320.200424 recvfrom(79, 0x7007512840, 26624, MSG_DONTWAIT, NULL, NULL) = -1 EAGAIN (Try again)
31740 1783932320.211185 recvfrom(79, "h\0\0\0vor_\v\0\0\0\0\0\0\0l\\\335\272!\4\0\0\333\\-?*\321\3303"..., 26624, MSG_DONTWAIT, NULL, NULL) = 104
31740 1783932320.211211 recvfrom(79, 0x7007512840, 26624, MSG_DONTWAIT, NULL, NULL) = -1 EAGAIN (Try again)
31740 1783932320.223747 recvfrom(79, "h\0\0\0vor_\v\0\0\0\0\0\0\0i-\226\273!\4\0\0\327\\-?\252\37\2463"..., 26624, MSG_DONTWAIT, NULL, NULL) = 104
31740 1783932320.223785 recvfrom(79, 0x7007512840, 26624, MSG_DONTWAIT, NULL, NULL) = -1 EAGAIN (Try again)
31740 1783932320.236618 recvfrom(79, "h\0\0\0vor_\v\0\0\0\0\0\0\0\355\330[\274!\4\0\0\322\\-?D\352\\3"..., 26624, MSG_DONTWAIT, NULL, NULL) = 104
31740 1783932320.236662 recvfrom(79, 0x7007512840, 26624, MSG_DONTWAIT, NULL, NULL) = -1 EAGAIN (Try again)
31740 1783932320.248522 recvfrom(79, "h\0\0\0vor_\v\0\0\0\0\0\0\0\202g\24\275!\4\0\0\316\\-?#\363\3452"..., 26624, MSG_DONTWAIT, NULL, NULL) = 104
31740 1783932320.248615 recvfrom(79, 0x7007512840, 26624, MSG_DONTWAIT, NULL, NULL) = -1 EAGAIN (Try again)
31740 1783932320.262165 recvfrom(79, "h\0\0\0vor_\v\0\0\0\0\0\0\0dV\350\275!\4\0\0\311\\-?\26\373\23\261"..., 26624, MSG_DONTWAIT, NULL, NULL) = 104
31740 1783932320.262199 recvfrom(79, 0x7007512840, 26624, MSG_DONTWAIT, NULL, NULL) = -1 EAGAIN (Try again)
31740 1783932320.277589 recvfrom(79, "h\0\0\0vor_\v\0\0\0\0\0\0\0\246S\315\276!\4\0\0\304\\-?\207\323\21\263"..., 26624, MSG_DONTWAIT, NULL, NULL) = 104
31740 1783932320.277734 recvfrom(79, 0x7007512840, 26624, MSG_DONTWAIT, NULL, NULL) = -1 EAGAIN (Try again)
31740 1783932320.290056 recvfrom(79, "h\0\0\0vor_\v\0\0\0\0\0\0\0\7\272\205\277!\4\0\0\300\\-?\362.\201\263"..., 26624, MSG_DONTWAIT, NULL, NULL) = 104
31740 1783932320.290144 recvfrom(79, 0x7007512840, 26624, MSG_DONTWAIT, NULL, NULL) = -1 EAGAIN (Try again)
31740 1783932320.300935 recvfrom(79, "h\0\0\0vor_\v\0\0\0\0\0\0\0\350%5\300!\4\0\0\274\\-?2\252\267\263"..., 26624, MSG_DONTWAIT, NULL, NULL) = 104
31740 1783932320.301017 recvfrom(79, 0x7007512840, 26624, MSG_DONTWAIT, NULL, NULL) = -1 EAGAIN (Try again)
31740 1783932320.312890 recvfrom(79, "h\0\0\0vor_\v\0\0\0\0\0\0\0\275\346\353\300!\4\0\0\267\\-?\323\24\361\263"..., 26624, MSG_DONTWAIT, NULL, NULL) = 104
31740 1783932320.312951 recvfrom(79, 0x7007512840, 26624, MSG_DONTWAIT, NULL, NULL) = -1 EAGAIN (Try again)
31740 1783932320.328171 recvfrom(79, "h\0\0\0vor_\v\0\0\0\0\0\0\0\332\367\320\301!\4\0\0\274\\-?H\210\261\263"..., 26624, MSG_DONTWAIT, NULL, NULL) = 104
31740 1783932320.328249 recvfrom(79, 0x7007512840, 26624, MSG_DONTWAIT, NULL, NULL) = -1 EAGAIN (Try again)
31740 1783932320.340358 recvfrom(79, "h\0\0\0vor_\v\0\0\0\0\0\0\0\216C\221\302!\4\0\0\301\\-?\326\336v\263"..., 26624, MSG_DONTWAIT, NULL, NULL) = 104
31740 1783932320.340398 recvfrom(79, 0x7007512840, 26624, MSG_DONTWAIT, NULL, NULL) = -1 EAGAIN (Try again)
31740 1783932320.356989 recvfrom(79, "h\0\0\0vor_\v\0\0\0\0\0\0\0\330\265Y\303!\4\0\0\305\\-?\356\214\3\263"..., 26624, MSG_DONTWAIT, NULL, NULL) = 104
31740 1783932320.357046 recvfrom(79, 0x7007512840, 26624, MSG_DONTWAIT, NULL, NULL) = -1 EAGAIN (Try again)
31740 1783932320.366494 recvfrom(79, "h\0\0\0vor_\v\0\0\0\0\0\0\0\202\247\37\304!\4\0\0\312\\-?\327\7w\261"..., 26624, MSG_DONTWAIT, NULL, NULL) = 104
31740 1783932320.366536 recvfrom(79, 0x7007512840, 26624, MSG_DONTWAIT, NULL, NULL) = -1 EAGAIN (Try again)
31740 1783932320.376820 recvfrom(79, "h\0\0\0vor_\v\0\0\0\0\0\0\0\225\204\265\304!\4\0\0\316\\-?\376\275\2242"..., 26624, MSG_DONTWAIT, NULL, NULL) = 104
31740 1783932320.376883 recvfrom(79, 0x7007512840, 26624, MSG_DONTWAIT, NULL, NULL) = -1 EAGAIN (Try again)
31740 1783932320.386883 recvfrom(79, "h\0\0\0vor_\v\0\0\0\0\0\0\0\323\356U\305!\4\0\0\322\\-?\232\355+3"..., 26624, MSG_DONTWAIT, NULL, NULL) = 104
31740 1783932320.386932 recvfrom(79, 0x7007512840, 26624, MSG_DONTWAIT, NULL, NULL) = -1 EAGAIN (Try again)
31740 1783932320.401845 recvfrom(79, "h\0\0\0vor_\v\0\0\0\0\0\0\0\376P;\306!\4\0\0\327\\-?\3\345\2333"..., 26624, MSG_DONTWAIT, NULL, NULL) = 104
31740 1783932320.401897 recvfrom(79, 0x7007512840, 26624, MSG_DONTWAIT, NULL, NULL) = -1 EAGAIN (Try again)
31740 1783932320.413225 recvfrom(79, "h\0\0\0vor_\v\0\0\0\0\0\0\0\306u\344\306!\4\0\0\333\\-?\4\31\3213"..., 26624, MSG_DONTWAIT, NULL, NULL) = 104
31740 1783932320.413269 recvfrom(79, 0x7007512840, 26624, MSG_DONTWAIT, NULL, NULL) = -1 EAGAIN (Try again)
31740 1783932320.428607 recvfrom(79, "h\0\0\0vor_\v\0\0\0\0\0\0\0|v\322\307!\4\0\0\325\\-?C\251\2163"..., 26624, MSG_DONTWAIT, NULL, NULL) = 104
31740 1783932320.428653 recvfrom(79, 0x7007512840, 26624, MSG_DONTWAIT, NULL, NULL) = -1 EAGAIN (Try again)
31740 1783932320.444158 recvfrom(79, "h\0\0\0vor_\v\0\0\0\0\0\0\0\370\243\262\310!\4\0\0\320\\-?\25\275\0353"..., 26624, MSG_DONTWAIT, NULL, NULL) = 104
31740 1783932320.444213 recvfrom(79, 0x7007512840, 26624, MSG_DONTWAIT, NULL, NULL) = -1 EAGAIN (Try again)
31740 1783932320.459914 recvfrom(79, "h\0\0\0vor_\v\0\0\0\0\0\0\0\306\213\221\311!\4\0\0\313\\-?F\207\3421"..., 26624, MSG_DONTWAIT, NULL, NULL) = 104
31740 1783932320.459960 recvfrom(79, 0x7007512840, 26624, MSG_DONTWAIT, NULL, NULL) = -1 EAGAIN (Try again)
31740 1783932320.468286 recvfrom(79, "h\0\0\0vor_\v\0\0\0\0\0\0\0\235\303,\312!\4\0\0\307\\-?(!~\262"..., 26624, MSG_DONTWAIT, NULL, NULL) = 104
31740 1783932320.468319 recvfrom(79, 0x7007512840, 26624, MSG_DONTWAIT, NULL, NULL) = -1 EAGAIN (Try again)
31740 1783932320.480297 recvfrom(79, "h\0\0\0vor_\v\0\0\0\0\0\0\0\245\n\350\312!\4\0\0\303\\-?\6\361/\263"..., 26624, MSG_DONTWAIT, NULL, NULL) = 104
31740 1783932320.480341 recvfrom(79, 0x7007512840, 26624, MSG_DONTWAIT, NULL, NULL) = -1 EAGAIN (Try again)
31740 1783932320.496333 recvfrom(79, "h\0\0\0vor_\v\0\0\0\0\0\0\0\241H\322\313!\4\0\0\276\\-?d\373\236\263"..., 26624, MSG_DONTWAIT, NULL, NULL) = 104
31740 1783932320.496375 recvfrom(79, 0x7007512840, 26624, MSG_DONTWAIT, NULL, NULL) = -1 EAGAIN (Try again)
31740 1783932320.506363 recvfrom(79, "h\0\0\0vor_\v\0\0\0\0\0\0\0\363Pf\314!\4\0\0\273\\-?M\240\315\263"..., 26624, MSG_DONTWAIT, NULL, NULL) = 104
31740 1783932320.506429 recvfrom(79, 0x7007512840, 26624, MSG_DONTWAIT, NULL, NULL) = -1 EAGAIN (Try again)
31740 1783932320.518535 recvfrom(79, "h\0\0\0vor_\v\0\0\0\0\0\0\0\353\3#\315!\4\0\0\277\\-?FX\231\263"..., 26624, MSG_DONTWAIT, NULL, NULL) = 104
31740 1783932320.518565 recvfrom(79, 0x7007512840, 26624, MSG_DONTWAIT, NULL, NULL) = -1 EAGAIN (Try again)
31740 1783932320.532345 recvfrom(79, "h\0\0\0vor_\v\0\0\0\0\0\0\0\345\262\0\316!\4\0\0\304\\-?\303I4\263"..., 26624, MSG_DONTWAIT, NULL, NULL) = 104
31740 1783932320.532397 recvfrom(79, 0x7007512840, 26624, MSG_DONTWAIT, NULL, NULL) = -1 EAGAIN (Try again)
31740 1783932320.544145 recvfrom(79, "h\0\0\0vor_\v\0\0\0\0\0\0\0\212z\266\316!\4\0\0\310\\-?R\325\225\262"..., 26624, MSG_DONTWAIT, NULL, NULL) = 104
31740 1783932320.544229 recvfrom(79, 0x7007512840, 26624, MSG_DONTWAIT, NULL, NULL) = -1 EAGAIN (Try again)
31740 1783932320.557766 recvfrom(79, "h\0\0\0vor_\v\0\0\0\0\0\0\0\235\345\203\317!\4\0\0\315\\-?\t\30392"..., 26624, MSG_DONTWAIT, NULL, NULL) = 104
31740 1783932320.557862 recvfrom(79, 0x7007512840, 26624, MSG_DONTWAIT, NULL, NULL) = -1 EAGAIN (Try again)
31740 1783932320.568739 recvfrom(79, "h\0\0\0vor_\v\0\0\0\0\0\0\0\363/+\320!\4\0\0\321\\-?\205g\0233"..., 26624, MSG_DONTWAIT, NULL, NULL) = 104
31740 1783932320.568798 recvfrom(79, 0x7007512840, 26624, MSG_DONTWAIT, NULL, NULL) = -1 EAGAIN (Try again)
31740 1783932320.580048 recvfrom(79, "h\0\0\0vor_\v\0\0\0\0\0\0\0`\327\331\320!\4\0\0\325\\-?\v[~3"..., 26624, MSG_DONTWAIT, NULL, NULL) = 104
31740 1783932320.580092 recvfrom(79, 0x7007512840, 26624, MSG_DONTWAIT, NULL, NULL) = -1 EAGAIN (Try again)
31740 1783932320.594862 recvfrom(79, "h\0\0\0vor_\v\0\0\0\0\0\0\0\363\350\256\321!\4\0\0\320\\-?\273\267\0053"..., 26624, MSG_DONTWAIT, NULL, NULL) = 104
31740 1783932320.594934 recvfrom(79, 0x7007512840, 26624, MSG_DONTWAIT, NULL, NULL) = -1 EAGAIN (Try again)
31740 1783932320.610366 recvfrom(79, "h\0\0\0vor_\v\0\0\0\0\0\0\0\363\347\247\322!\4\0\0\312\\-?\206+*\261"..., 26624, MSG_DONTWAIT, NULL, NULL) = 104
31740 1783932320.610429 recvfrom(79, 0x7007512840, 26624, MSG_DONTWAIT, NULL, NULL) = -1 EAGAIN (Try again)
31740 1783932320.618082 recvfrom(79, "h\0\0\0vor_\v\0\0\0\0\0\0\0|(\32\323!\4\0\0\307\\-?v\31\234\262"..., 26624, MSG_DONTWAIT, NULL, NULL) = 104
31740 1783932320.618159 recvfrom(79, 0x7007512840, 26624, MSG_DONTWAIT, NULL, NULL) = -1 EAGAIN (Try again)
31740 1783932320.628078 recvfrom(79, "h\0\0\0vor_\v\0\0\0\0\0\0\0\242\264\265\323!\4\0\0\304\\-?&\16+\263"..., 26624, MSG_DONTWAIT, NULL, NULL) = 104
31740 1783932320.628123 recvfrom(79, 0x7007512840, 26624, MSG_DONTWAIT, NULL, NULL) = -1 EAGAIN (Try again)
31740 1783932320.639872 recvfrom(79, "h\0\0\0vor_\v\0\0\0\0\0\0\0[se\324!\4\0\0\300\\-?\37\305\212\263"..., 26624, MSG_DONTWAIT, NULL, NULL) = 104
31740 1783932320.639910 recvfrom(79, 0x7007512840, 26624, MSG_DONTWAIT, NULL, NULL) = -1 EAGAIN (Try again)
31740 1783932320.654091 recvfrom(79, "h\0\0\0vor_\v\0\0\0\0\0\0\0\227\255@\325!\4\0\0\305\\-?l1\30\263"..., 26624, MSG_DONTWAIT, NULL, NULL) = 104
31740 1783932320.654146 recvfrom(79, 0x7007512840, 26624, MSG_DONTWAIT, NULL, NULL) = -1 EAGAIN (Try again)
31740 1783932320.663844 recvfrom(79, "h\0\0\0vor_\v\0\0\0\0\0\0\0=\251\325\325!\4\0\0\310\\-?\225\272\203\262"..., 26624, MSG_DONTWAIT, NULL, NULL) = 104
31740 1783932320.663871 recvfrom(79, 0x7007512840, 26624, MSG_DONTWAIT, NULL, NULL) = -1 EAGAIN (Try again)
31740 1783932320.681496 recvfrom(79, "h\0\0\0vor_\v\0\0\0\0\0\0\0\216\17\334\326!\4\0\0\316\\-?\260R\2622"..., 26624, MSG_DONTWAIT, NULL, NULL) = 104
31740 1783932320.681549 recvfrom(79, 0x7007512840, 26624, MSG_DONTWAIT, NULL, NULL) = -1 EAGAIN (Try again)
31740 1783932320.694700 recvfrom(79, "h\0\0\0vor_\v\0\0\0\0\0\0\0\362q\237\327!\4\0\0\323\\-?\327LO3"..., 26624, MSG_DONTWAIT, NULL, NULL) = 104
31740 1783932320.694772 recvfrom(79, 0x7007512840, 26624, MSG_DONTWAIT, NULL, NULL) = -1 EAGAIN (Try again)
31740 1783932320.705005 recvfrom(79, "h\0\0\0vor_\v\0\0\0\0\0\0\0n\201I\330!\4\0\0\327\\-?\212-\2343"..., 26624, MSG_DONTWAIT, NULL, NULL) = 104
31740 1783932320.705059 recvfrom(79, 0x7007512840, 26624, MSG_DONTWAIT, NULL, NULL) = -1 EAGAIN (Try again)
31740 1783932320.715861 recvfrom(79, "h\0\0\0vor_\v\0\0\0\0\0\0\0\206g\361\330!\4\0\0\323\\-?2$[3"..., 26624, MSG_DONTWAIT, NULL, NULL) = 104
31740 1783932320.715916 recvfrom(79, 0x7007512840, 26624, MSG_DONTWAIT, NULL, NULL) = -1 EAGAIN (Try again)
31740 1783932320.728154 recvfrom(79, "h\0\0\0vor_\v\0\0\0\0\0\0\0\274{\252\331!\4\0\0\317\\-?\242n\3432"..., 26624, MSG_DONTWAIT, NULL, NULL) = 104
31740 1783932320.728197 recvfrom(79, 0x7007512840, 26624, MSG_DONTWAIT, NULL, NULL) = -1 EAGAIN (Try again)
31740 1783932320.741872 recvfrom(79, "h\0\0\0vor_\v\0\0\0\0\0\0\0\\t}\332!\4\0\0\312\\-?(B\22\261"..., 26624, MSG_DONTWAIT, NULL, NULL) = 104
31740 1783932320.741937 recvfrom(79, 0x7007512840, 26624, MSG_DONTWAIT, NULL, NULL) = -1 EAGAIN (Try again)
31740 1783932320.754160 recvfrom(79, "h\0\0\0vor_\v\0\0\0\0\0\0\0\16\2471\333!\4\0\0\305\\-?\364+\350\262"..., 26624, MSG_DONTWAIT, NULL, NULL) = 104
31740 1783932320.754203 recvfrom(79, 0x7007512840, 26624, MSG_DONTWAIT, NULL, NULL) = -1 EAGAIN (Try again)
31740 1783932320.765189 recvfrom(79, "h\0\0\0vor_\v\0\0\0\0\0\0\0\2641\332\333!\4\0\0\301\\-?V\372Y\263"..., 26624, MSG_DONTWAIT, NULL, NULL) = 104
31740 1783932320.765255 recvfrom(79, 0x7007512840, 26624, MSG_DONTWAIT, NULL, NULL) = -1 EAGAIN (Try again)
31740 1783932320.778065 recvfrom(79, "h\0\0\0vor_\v\0\0\0\0\0\0\0?\220\247\334!\4\0\0\274\\-?\316\240\253\263"..., 26624, MSG_DONTWAIT, NULL, NULL) = 104
31740 1783932320.778101 recvfrom(79, 0x7007512840, 26624, MSG_DONTWAIT, NULL, NULL) = -1 EAGAIN (Try again)
31740 1783932320.792472 recvfrom(79, "h\0\0\0vor_\v\0\0\0\0\0\0\0}0\201\335!\4\0\0\267\\-?L\327\356\263"..., 26624, MSG_DONTWAIT, NULL, NULL) = 104
31740 1783932320.792532 recvfrom(79, 0x7007512840, 26624, MSG_DONTWAIT, NULL, NULL) = -1 EAGAIN (Try again)
31740 1783932320.804707 recvfrom(79, "h\0\0\0vor_\v\0\0\0\0\0\0\0\314\2536\336!\4\0\0\273\\-?5\v\275\263"..., 26624, MSG_DONTWAIT, NULL, NULL) = 104
31740 1783932320.804754 recvfrom(79, 0x7007512840, 26624, MSG_DONTWAIT, NULL, NULL) = -1 EAGAIN (Try again)
31740 1783932320.816851 recvfrom(79, "h\0\0\0vor_\v\0\0\0\0\0\0\0m\32\364\336!\4\0\0\300\\-?\366\275\207\263"..., 26624, MSG_DONTWAIT, NULL, NULL) = 104
31740 1783932320.816904 recvfrom(79, 0x7007512840, 26624, MSG_DONTWAIT, NULL, NULL) = -1 EAGAIN (Try again)
31740 1783932320.826567 recvfrom(79, "h\0\0\0vor_\v\0\0\0\0\0\0\0\216!\215\337!\4\0\0\304\\-?\316 8\263"..., 26624, MSG_DONTWAIT, NULL, NULL) = 104
31740 1783932320.826599 recvfrom(79, 0x7007512840, 26624, MSG_DONTWAIT, NULL, NULL) = -1 EAGAIN (Try again)
31740 1783932320.847486 recvfrom(79, "h\0\0\0vor_\v\0\0\0\0\0\0\0\351\374\261\340!\4\0\0\312\\-?\314KE\261"..., 26624, MSG_DONTWAIT, NULL, NULL) = 104
31740 1783932320.847565 recvfrom(79, 0x7007512840, 26624, MSG_DONTWAIT, NULL, NULL) = -1 EAGAIN (Try again)
31740 1783932320.851962 recvfrom(79, "h\0\0\0vor_\v\0\0\0\0\0\0\0\2643\17\341!\4\0\0\314\\-?\244G22"..., 26624, MSG_DONTWAIT, NULL, NULL) = 104
31740 1783932320.852000 recvfrom(79, 0x7007512840, 26624, MSG_DONTWAIT, NULL, NULL) = -1 EAGAIN (Try again)
31740 1783932320.866006 recvfrom(79, "h\0\0\0vor_\v\0\0\0\0\0\0\0\16\251\335\341!\4\0\0\321\\-?\225P)3"..., 26624, MSG_DONTWAIT, NULL, NULL) = 104
31740 1783932320.867097 recvfrom(79, 0x7007512840, 26624, MSG_DONTWAIT, NULL, NULL) = -1 EAGAIN (Try again)
31740 1783932320.876501 recvfrom(79, "h\0\0\0vor_\v\0\0\0\0\0\0\0\3159\202\342!\4\0\0\325\\-?8\247\2073"..., 26624, MSG_DONTWAIT, NULL, NULL) = 104
31740 1783932320.876548 recvfrom(79, 0x7007512840, 26624, MSG_DONTWAIT, NULL, NULL) = -1 EAGAIN (Try again)
31740 1783932320.890671 recvfrom(79, "h\0\0\0vor_\v\0\0\0\0\0\0\0!\214V\343!\4\0\0\332\\-?j\177\3113"..., 26624, MSG_DONTWAIT, NULL, NULL) = 104
31740 1783932320.890712 recvfrom(79, 0x7007512840, 26624, MSG_DONTWAIT, NULL, NULL) = -1 EAGAIN (Try again)
31740 1783932320.899125 recvfrom(79, "h\0\0\0vor_\v\0\0\0\0\0\0\0\253R\332\343!\4\0\0\335\\-?(x\3643"..., 26624, MSG_DONTWAIT, NULL, NULL) = 104
31740 1783932320.899185 recvfrom(79, 0x7007512840, 26624, MSG_DONTWAIT, NULL, NULL) = -1 EAGAIN (Try again)
31740 1783932320.909149 recvfrom(79, "h\0\0\0vor_\v\0\0\0\0\0\0\0{\tw\344!\4\0\0\332\\-?/\242\3123"..., 26624, MSG_DONTWAIT, NULL, NULL) = 104
31740 1783932320.909187 recvfrom(79, 0x7007512840, 26624, MSG_DONTWAIT, NULL, NULL) = -1 EAGAIN (Try again)
31740 1783932320.920813 recvfrom(79, "h\0\0\0vor_\v\0\0\0\0\0\0\0T.#\345!\4\0\0\326\\-?b/\2333"..., 26624, MSG_DONTWAIT, NULL, NULL) = 104
31740 1783932320.920856 recvfrom(79, 0x7007512840, 26624, MSG_DONTWAIT, NULL, NULL) = -1 EAGAIN (Try again)
31740 1783932320.933209 recvfrom(79, "h\0\0\0vor_\v\0\0\0\0\0\0\0\306\364\344\345!\4\0\0\321\\-?5\207H3"..., 26624, MSG_DONTWAIT, NULL, NULL) = 104
31740 1783932320.933253 recvfrom(79, 0x7007512840, 26624, MSG_DONTWAIT, NULL, NULL) = -1 EAGAIN (Try again)
31740 1783932320.944805 recvfrom(79, "h\0\0\0vor_\v\0\0\0\0\0\0\0\223\230\221\346!\4\0\0\315\\-?M\322\3112"..., 26624, MSG_DONTWAIT, NULL, NULL) = 104
31740 1783932320.944854 recvfrom(79, 0x7007512840, 26624, MSG_DONTWAIT, NULL, NULL) = -1 EAGAIN (Try again)
31740 1783932320.955864 recvfrom(79, "h\0\0\0vor_\v\0\0\0\0\0\0\0\320Z>\347!\4\0\0\311\\-?\20\2515\257"..., 26624, MSG_DONTWAIT, NULL, NULL) = 104
31740 1783932320.955966 recvfrom(79, 0x7007512840, 26624, MSG_DONTWAIT, NULL, NULL) = -1 EAGAIN (Try again)
31740 1783932320.970011 recvfrom(79, "h\0\0\0vor_\v\0\0\0\0\0\0\0003\205\17\350!\4\0\0\304\\-?i]\373\262"..., 26624, MSG_DONTWAIT, NULL, NULL) = 104
31740 1783932320.970066 recvfrom(79, 0x7007512840, 26624, MSG_DONTWAIT, NULL, NULL) = -1 EAGAIN (Try again)
31740 1783932320.983017 recvfrom(79, "h\0\0\0vor_\v\0\0\0\0\0\0\0Z,\317\350!\4\0\0\300\\-?\37hr\263"..., 26624, MSG_DONTWAIT, NULL, NULL) = 104
31740 1783932320.983063 recvfrom(79, 0x7007512840, 26624, MSG_DONTWAIT, NULL, NULL) = -1 EAGAIN (Try again)
31740 1783932320.997313 recvfrom(79, "h\0\0\0vor_\v\0\0\0\0\0\0\0R2\270\351!\4\0\0\273\\-?U\262\300\263"..., 26624, MSG_DONTWAIT, NULL, NULL) = 104
31740 1783932320.997358 recvfrom(79, 0x7007512840, 26624, MSG_DONTWAIT, NULL, NULL) = -1 EAGAIN (Try again)
31740 1783932321.014748 recvfrom(79, "h\0\0\0vor_\v\0\0\0\0\0\0\0\r:l\352!\4\0\0\266\\-?\343\226\371\263"..., 26624, MSG_DONTWAIT, NULL, NULL) = 104
31740 1783932321.014815 recvfrom(79, 0x7007512840, 26624, MSG_DONTWAIT, NULL, NULL) = -1 EAGAIN (Try again)
31740 1783932321.022042 recvfrom(79, "h\0\0\0vor_\v\0\0\0\0\0\0\0\305\f1\353!\4\0\0\273\\-?\324\321\303\263"..., 26624, MSG_DONTWAIT, NULL, NULL) = 104
31740 1783932321.022075 recvfrom(79, 0x7007512840, 26624, MSG_DONTWAIT, NULL, NULL) = -1 EAGAIN (Try again)
31740 1783932321.033356 recvfrom(79, "h\0\0\0vor_\v\0\0\0\0\0\0\0\258\333\353!\4\0\0\277\\-?\353\253\224\263"..., 26624, MSG_DONTWAIT, NULL, NULL) = 104
31740 1783932321.033393 recvfrom(79, 0x7007512840, 26624, MSG_DONTWAIT, NULL, NULL) = -1 EAGAIN (Try again)
31740 1783932321.044766 recvfrom(79, "h\0\0\0vor_\v\0\0\0\0\0\0\0v\v\203\354!\4\0\0\303\\-?\37RJ\263"..., 26624, MSG_DONTWAIT, NULL, NULL) = 104
31740 1783932321.044834 recvfrom(79, 0x7007512840, 26624, MSG_DONTWAIT, NULL, NULL) = -1 EAGAIN (Try again)
31740 1783932321.056955 recvfrom(79, "h\0\0\0vor_\v\0\0\0\0\0\0\0\240\336/\355!\4\0\0\307\\-?\226\272\314\262"..., 26624, MSG_DONTWAIT, NULL, NULL) = 104
31740 1783932321.059796 recvfrom(79, 0x7007512840, 26624, MSG_DONTWAIT, NULL, NULL) = -1 EAGAIN (Try again)
31740 1783932321.069879 recvfrom(79, "h\0\0\0vor_\v\0\0\0\0\0\0\0&\273\375\355!\4\0\0\314\\-?\252b\2301"..., 26624, MSG_DONTWAIT, NULL, NULL) = 104
31740 1783932321.070112 recvfrom(79, 0x7007512840, 26624, MSG_DONTWAIT, NULL, NULL) = -1 EAGAIN (Try again)
31740 1783932321.079977 recvfrom(79, "h\0\0\0vor_\v\0\0\0\0\0\0\0l0\225\356!\4\0\0\320\\-?\245\354\3342"..., 26624, MSG_DONTWAIT, NULL, NULL) = 104
31740 1783932321.080020 recvfrom(79, 0x7007512840, 26624, MSG_DONTWAIT, NULL, NULL) = -1 EAGAIN (Try again)
31740 1783932321.090435 recvfrom(79, "h\0\0\0vor_\v\0\0\0\0\0\0\0]\325A\357!\4\0\0\324\\-?J\342W3"..., 26624, MSG_DONTWAIT, NULL, NULL) = 104
31740 1783932321.090476 recvfrom(79, 0x7007512840, 26624, MSG_DONTWAIT, NULL, NULL) = -1 EAGAIN (Try again)
31740 1783932321.114427 recvfrom(79, "h\0\0\0vor_\v\0\0\0\0\0\0\0\354\330$\360!\4\0\0\331\\-?%\210\2613"..., 26624, MSG_DONTWAIT, NULL, NULL) = 104
31740 1783932321.114518 recvfrom(79, 0x7007512840, 26624, MSG_DONTWAIT, NULL, NULL) = -1 EAGAIN (Try again)
31740 1783932321.115816 recvfrom(79, "h\0\0\0vor_\v\0\0\0\0\0\0\0]z\306\360!\4\0\0\335\\-?1\326\3443"..., 26624, MSG_DONTWAIT, NULL, NULL) = 104
31740 1783932321.115863 recvfrom(79, 0x7007512840, 26624, MSG_DONTWAIT, NULL, NULL) = -1 EAGAIN (Try again)
31740 1783932321.127367 recvfrom(79, "h\0\0\0vor_\v\0\0\0\0\0\0\0\322\227o\361!\4\0\0\331\\-?\356\5\2673"..., 26624, MSG_DONTWAIT, NULL, NULL) = 104
31740 1783932321.127435 recvfrom(79, 0x7007512840, 26624, MSG_DONTWAIT, NULL, NULL) = -1 EAGAIN (Try again)
31740 1783932321.137223 recvfrom(79, "h\0\0\0vor_\v\0\0\0\0\0\0\0W\256\f\362!\4\0\0\325\\-?\213\252\2133"..., 26624, MSG_DONTWAIT, NULL, NULL) = 104
31740 1783932321.137266 recvfrom(79, 0x7007512840, 26624, MSG_DONTWAIT, NULL, NULL) = -1 EAGAIN (Try again)
31740 1783932321.149529 recvfrom(79, "h\0\0\0vor_\v\0\0\0\0\0\0\0\220b\307\362!\4\0\0\321\\-?\371%-3"..., 26624, MSG_DONTWAIT, NULL, NULL) = 104
31740 1783932321.149586 recvfrom(79, 0x7007512840, 26624, MSG_DONTWAIT, NULL, NULL) = -1 EAGAIN (Try again)
31740 1783932321.163999 recvfrom(79, "h\0\0\0vor_\v\0\0\0\0\0\0\0\203?\241\363!\4\0\0\314\\-?\326\20292"..., 26624, MSG_DONTWAIT, NULL, NULL) = 104
31740 1783932321.164121 recvfrom(79, 0x7007512840, 26624, MSG_DONTWAIT, NULL, NULL) = -1 EAGAIN (Try again)
31740 1783932321.181054 recvfrom(79, "h\0\0\0vor_\v\0\0\0\0\0\0\0U\233\234\364!\4\0\0\306\\-?8\"\315\262"..., 26624, MSG_DONTWAIT, NULL, NULL) = 104
31740 1783932321.181126 recvfrom(79, 0x7007512840, 26624, MSG_DONTWAIT, NULL, NULL) = -1 EAGAIN (Try again)
31740 1783932321.193066 recvfrom(79, "h\0\0\0vor_\v\0\0\0\0\0\0\0\236\310]\365!\4\0\0\301\\-?{\264[\263"..., 26624, MSG_DONTWAIT, NULL, NULL) = 104
31740 1783932321.193205 recvfrom(79, 0x7007512840, 26624, MSG_DONTWAIT, NULL, NULL) = -1 EAGAIN (Try again)
31740 1783932321.204239 recvfrom(79, "h\0\0\0vor_\v\0\0\0\0\0\0\0\3H\5\366!\4\0\0\275\\-?\32\301\241\263"..., 26624, MSG_DONTWAIT, NULL, NULL) = 104
31740 1783932321.204275 recvfrom(79, 0x7007512840, 26624, MSG_DONTWAIT, NULL, NULL) = -1 EAGAIN (Try again)
31740 1783932321.214230 recvfrom(79, "h\0\0\0vor_\v\0\0\0\0\0\0\0\367\356\245\366!\4\0\0\271\\-?\324^\324\263"..., 26624, MSG_DONTWAIT, NULL, NULL) = 104
31740 1783932321.214278 recvfrom(79, 0x7007512840, 26624, MSG_DONTWAIT, NULL, NULL) = -1 EAGAIN (Try again)
31740 1783932321.230704 recvfrom(79, "h\0\0\0vor_\v\0\0\0\0\0\0\0r\244\240\367!\4\0\0\263\\-?\306!\21\264"..., 26624, MSG_DONTWAIT, NULL, NULL) = 104
31740 1783932321.230752 recvfrom(79, 0x7007512840, 26624, MSG_DONTWAIT, NULL, NULL) = -1 EAGAIN (Try again)
31740 1783932321.246648 recvfrom(79, "h\0\0\0vor_\v\0\0\0\0\0\0\0\6\337\222\370!\4\0\0\271\\-?\377\210\337\263"..., 26624, MSG_DONTWAIT, NULL, NULL) = 104
31740 1783932321.246690 recvfrom(79, 0x7007512840, 26624, MSG_DONTWAIT, NULL, NULL) = -1 EAGAIN (Try again)
31740 1783932321.254974 recvfrom(79, "h\0\0\0vor_\v\0\0\0\0\0\0\0\244\220\22\371!\4\0\0\274\\-?\0$\275\263"..., 26624, MSG_DONTWAIT, NULL, NULL) = 104
31740 1783932321.255073 recvfrom(79, 0x7007512840, 26624, MSG_DONTWAIT, NULL, NULL) = -1 EAGAIN (Try again)
31740 1783932321.264755 recvfrom(79, "h\0\0\0vor_\v\0\0\0\0\0\0\09g\251\371!\4\0\0\300\\-?@\r\223\263"..., 26624, MSG_DONTWAIT, NULL, NULL) = 104
31740 1783932321.264831 recvfrom(79, 0x7007512840, 26624, MSG_DONTWAIT, NULL, NULL) = -1 EAGAIN (Try again)
31740 1783932321.277737 recvfrom(79, "h\0\0\0vor_\v\0\0\0\0\0\0\0\252ed\372!\4\0\0\304\\-?F\261:\263"..., 26624, MSG_DONTWAIT, NULL, NULL) = 104
31740 1783932321.277791 recvfrom(79, 0x7007512840, 26624, MSG_DONTWAIT, NULL, NULL) = -1 EAGAIN (Try again)
31740 1783932321.288470 recvfrom(79, "h\0\0\0vor_\v\0\0\0\0\0\0\0\345\347\16\373!\4\0\0\310\\-?w\310\255\262"..., 26624, MSG_DONTWAIT, NULL, NULL) = 104
31740 1783932321.288514 recvfrom(79, 0x7007512840, 26624, MSG_DONTWAIT, NULL, NULL) = -1 EAGAIN (Try again)
31740 1783932321.305128 recvfrom(79, "h\0\0\0vor_\v\0\0\0\0\0\0\0tz\5\374!\4\0\0\316\\-?\374\350n2"..., 26624, MSG_DONTWAIT, NULL, NULL) = 104
31740 1783932321.305199 recvfrom(79, 0x7007512840, 26624, MSG_DONTWAIT, NULL, NULL) = -1 EAGAIN (Try again)
31740 1783932321.316254 recvfrom(79, "h\0\0\0vor_\v\0\0\0\0\0\0\0\237q\273\374!\4\0\0\322\\-?\327\257*3"..., 26624, MSG_DONTWAIT, NULL, NULL) = 104
31740 1783932321.316300 recvfrom(79, 0x7007512840, 26624, MSG_DONTWAIT, NULL, NULL) = -1 EAGAIN (Try again)
31740 1783932321.331504 recvfrom(79, "h\0\0\0vor_\v\0\0\0\0\0\0\0/\361\235\375!\4\0\0\327\\-?\240\331\2323"..., 26624, MSG_DONTWAIT, NULL, NULL) = 104
31740 1783932321.331582 recvfrom(79, 0x7007512840, 26624, MSG_DONTWAIT, NULL, NULL) = -1 EAGAIN (Try again)
31740 1783932321.343688 recvfrom(79, "h\0\0\0vor_\v\0\0\0\0\0\0\0/\325\\\376!\4\0\0\334\\-?\355\337\3263"..., 26624, MSG_DONTWAIT, NULL, NULL) = 104
31740 1783932321.343755 recvfrom(79, 0x7007512840, 26624, MSG_DONTWAIT, NULL, NULL) = -1 EAGAIN (Try again)
31740 1783932321.354292 recvfrom(79, "h\0\0\0vor_\v\0\0\0\0\0\0\0\22\7\373\376!\4\0\0\340\\-?N\4\0054"..., 26624, MSG_DONTWAIT, NULL, NULL) = 104
31740 1783932321.354331 recvfrom(79, 0x7007512840, 26624, MSG_DONTWAIT, NULL, NULL) = -1 EAGAIN (Try again)
31740 1783932321.365261 recvfrom(79, "h\0\0\0vor_\v\0\0\0\0\0\0\0\227\266\247\377!\4\0\0\333\\-?\326\370\3333"..., 26624, MSG_DONTWAIT, NULL, NULL) = 104
31740 1783932321.365340 recvfrom(79, 0x7007512840, 26624, MSG_DONTWAIT, NULL, NULL) = -1 EAGAIN (Try again)
31740 1783932321.375833 recvfrom(79, "h\0\0\0vor_\v\0\0\0\0\0\0\0q~I\0\"\4\0\0\327\\-?\264\371\2573"..., 26624, MSG_DONTWAIT, NULL, NULL) = 104
31740 1783932321.375861 recvfrom(79, 0x7007512840, 26624, MSG_DONTWAIT, NULL, NULL) = -1 EAGAIN (Try again)
31740 1783932321.387096 recvfrom(79, "h\0\0\0vor_\v\0\0\0\0\0\0\0\336\222\347\0\"\4\0\0\324\\-?7\7\2043"..., 26624, MSG_DONTWAIT, NULL, NULL) = 104
31740 1783932321.387199 recvfrom(79, 0x7007512840, 26624, MSG_DONTWAIT, NULL, NULL) = -1 EAGAIN (Try again)
31740 1783932321.400119 recvfrom(79, "h\0\0\0vor_\v\0\0\0\0\0\0\0x\214\272\1\"\4\0\0\317\\-?\\\362\0163"..., 26624, MSG_DONTWAIT, NULL, NULL) = 104
31740 1783932321.400198 recvfrom(79, 0x7007512840, 26624, MSG_DONTWAIT, NULL, NULL) = -1 EAGAIN (Try again)
31740 1783932321.414443 recvfrom(79, "h\0\0\0vor_\v\0\0\0\0\0\0\0c\213W\2\"\4\0\0\313\\-?\323nM2"..., 26624, MSG_DONTWAIT, NULL, NULL) = 104
31740 1783932321.414532 recvfrom(79, 0x7007512840, 26624, MSG_DONTWAIT, NULL, NULL) = -1 EAGAIN (Try again)
31740 1783932321.421947 recvfrom(79, "h\0\0\0vor_\v\0\0\0\0\0\0\0\303\307\7\3\"\4\0\0\307\\-?4>U\262"..., 26624, MSG_DONTWAIT, NULL, NULL) = 104
31740 1783932321.421997 recvfrom(79, 0x7007512840, 26624, MSG_DONTWAIT, NULL, NULL) = -1 EAGAIN (Try again)
31740 1783932321.437778 recvfrom(79, "h\0\0\0vor_\v\0\0\0\0\0\0\0[\\\363\3\"\4\0\0\301\\-?\257\337B\263"..., 26624, MSG_DONTWAIT, NULL, NULL) = 104
31740 1783932321.437831 recvfrom(79, 0x7007512840, 26624, MSG_DONTWAIT, NULL, NULL) = -1 EAGAIN (Try again)
31740 1783932321.448302 recvfrom(79, "h\0\0\0vor_\v\0\0\0\0\0\0\0\325!\230\4\"\4\0\0\275\\-?\2s\224\263"..., 26624, MSG_DONTWAIT, NULL, NULL) = 104
31740 1783932321.448354 recvfrom(79, 0x7007512840, 26624, MSG_DONTWAIT, NULL, NULL) = -1 EAGAIN (Try again)
31740 1783932321.463824 recvfrom(79, "h\0\0\0vor_\v\0\0\0\0\0\0\0+\260\207\5\"\4\0\0\267\\-?\16L\336\263"..., 26624, MSG_DONTWAIT, NULL, NULL) = 104
31740 1783932321.463914 recvfrom(79, 0x7007512840, 26624, MSG_DONTWAIT, NULL, NULL) = -1 EAGAIN (Try again)
31740 1783932321.477313 recvfrom(79, "h\0\0\0vor_\v\0\0\0\0\0\0\0\234AS\6\"\4\0\0\263\\-?%J\17\264"..., 26624, MSG_DONTWAIT, NULL, NULL) = 104
31740 1783932321.477359 recvfrom(79, 0x7007512840, 26624, MSG_DONTWAIT, NULL, NULL) = -1 EAGAIN (Try again)
31740 1783932321.489716 recvfrom(79, "h\0\0\0vor_\v\0\0\0\0\0\0\0\236\t\22\7\"\4\0\0\267\\-?5\37\353\263"..., 26624, MSG_DONTWAIT, NULL, NULL) = 104
31740 1783932321.489814 recvfrom(79, 0x7007512840, 26624, MSG_DONTWAIT, NULL, NULL) = -1 EAGAIN (Try again)
31740 1783932321.502035 recvfrom(79, "h\0\0\0vor_\v\0\0\0\0\0\0\0\223\203\314\7\"\4\0\0\273\\-?6\256\267\263"..., 26624, MSG_DONTWAIT, NULL, NULL) = 104
31740 1783932321.502081 recvfrom(79, 0x7007512840, 26624, MSG_DONTWAIT, NULL, NULL) = -1 EAGAIN (Try again)
31740 1783932321.516913 recvfrom(79, "h\0\0\0vor_\v\0\0\0\0\0\0\0gRm\10\"\4\0\0\277\\-?\264\247\212\263"..., 26624, MSG_DONTWAIT, NULL, NULL) = 104
31740 1783932321.517030 recvfrom(79, 0x7007512840, 26624, MSG_DONTWAIT, NULL, NULL) = -1 EAGAIN (Try again)
31740 1783932321.531140 recvfrom(79, "h\0\0\0vor_\v\0\0\0\0\0\0\0M\207Q\t\"\4\0\0\304\\-?\364t\21\263"..., 26624, MSG_DONTWAIT, NULL, NULL) = 104
31740 1783932321.531182 recvfrom(79, 0x7007512840, 26624, MSG_DONTWAIT, NULL, NULL) = -1 EAGAIN (Try again)
31740 1783932321.535646 recvfrom(79, "h\0\0\0vor_\v\0\0\0\0\0\0\0C\212\310\t\"\4\0\0\307\\-?\0066\227\262"..., 26624, MSG_DONTWAIT, NULL, NULL) = 104
31740 1783932321.535683 recvfrom(79, 0x7007512840, 26624, MSG_DONTWAIT, NULL, NULL) = -1 EAGAIN (Try again)
31740 1783932321.546574 recvfrom(79, "h\0\0\0vor_\v\0\0\0\0\0\0\0k.o\n\"\4\0\0\313\\-?M\213\2751"..., 26624, MSG_DONTWAIT, NULL, NULL) = 104
31740 1783932321.546624 recvfrom(79, 0x7007512840, 26624, MSG_DONTWAIT, NULL, NULL) = -1 EAGAIN (Try again)
31740 1783932321.561401 recvfrom(79, "h\0\0\0vor_\v\0\0\0\0\0\0\0\306\377U\v\"\4\0\0\320\\-?\341\243\"3"..., 26624, MSG_DONTWAIT, NULL, NULL) = 104
31740 1783932321.561453 recvfrom(79, 0x7007512840, 26624, MSG_DONTWAIT, NULL, NULL) = -1 EAGAIN (Try again)
31740 1783932321.579411 recvfrom(79, "h\0\0\0vor_\v\0\0\0\0\0\0\0\342|?\f\"\4\0\0\325\\-?d\270\2303"..., 26624, MSG_DONTWAIT, NULL, NULL) = 104
31740 1783932321.579501 recvfrom(79, 0x7007512840, 26624, MSG_DONTWAIT, NULL, NULL) = -1 EAGAIN (Try again)
31740 1783932321.586904 recvfrom(79, "h\0\0\0vor_\v\0\0\0\0\0\0\0.]\333\f\"\4\0\0\331\\-?\20D\3123"..., 26624, MSG_DONTWAIT, NULL, NULL) = 104
31740 1783932321.586971 recvfrom(79, 0x7007512840, 26624, MSG_DONTWAIT, NULL, NULL) = -1 EAGAIN (Try again)
31740 1783932321.597129 recvfrom(79, "h\0\0\0vor_\v\0\0\0\0\0\0\0\255mx\r\"\4\0\0\335\\-?Z\311\3743"..., 26624, MSG_DONTWAIT, NULL, NULL) = 104
31740 1783932321.597169 recvfrom(79, 0x7007512840, 26624, MSG_DONTWAIT, NULL, NULL) = -1 EAGAIN (Try again)
31740 1783932321.610997 recvfrom(79, "h\0\0\0vor_\v\0\0\0\0\0\0\0\v\rH\16\"\4\0\0\342\\-?\305k\0374"..., 26624, MSG_DONTWAIT, NULL, NULL) = 104
31740 1783932321.611104 recvfrom(79, 0x7007512840, 26624, MSG_DONTWAIT, NULL, NULL) = -1 EAGAIN (Try again)
31740 1783932321.623628 recvfrom(79, "h\0\0\0vor_\v\0\0\0\0\0\0\0\177\333\3\17\"\4\0\0\336\\-?\6j\0064"..., 26624, MSG_DONTWAIT, NULL, NULL) = 104
31740 1783932321.623726 recvfrom(79, 0x7007512840, 26624, MSG_DONTWAIT, NULL, NULL) = -1 EAGAIN (Try again)
31740 1783932321.633249 recvfrom(79, "h\0\0\0vor_\v\0\0\0\0\0\0\0\367\212\237\17\"\4\0\0\332\\-?m\t\3433"..., 26624, MSG_DONTWAIT, NULL, NULL) = 104
31740 1783932321.633358 recvfrom(79, 0x7007512840, 26624, MSG_DONTWAIT, NULL, NULL) = -1 EAGAIN (Try again)
31740 1783932321.645019 recvfrom(79, "h\0\0\0vor_\v\0\0\0\0\0\0\0\342\362S\20\"\4\0\0\326\\-?\2\345\2603"..., 26624, MSG_DONTWAIT, NULL, NULL) = 104
31740 1783932321.645051 recvfrom(79, 0x7007512840, 26624, MSG_DONTWAIT, NULL, NULL) = -1 EAGAIN (Try again)
31740 1783932321.657586 recvfrom(79, "h\0\0\0vor_\v\0\0\0\0\0\0\0\262(\t\21\"\4\0\0\322\\-?\201\312z3"..., 26624, MSG_DONTWAIT, NULL, NULL) = 104
31740 1783932321.657791 recvfrom(79, 0x7007512840, 26624, MSG_DONTWAIT, NULL, NULL) = -1 EAGAIN (Try again)
31750 1783932321.665691 exit(0)         = ?
31750 1783932321.665764 +++ exited with 0 +++
31749 1783932321.665844 exit(0)         = ?
31749 1783932321.665883 +++ exited with 0 +++
31748 1783932321.665980 exit(0)         = ?
31748 1783932321.665996 +++ exited with 0 +++
31744 1783932321.666110 exit(0)         = ?
31744 1783932321.666147 +++ exited with 0 +++
31740 1783932321.667493 recvfrom(79, "h\0\0\0vor_\v\0\0\0\0\0\0\0\347[\250\21\"\4\0\0\316\\-?h\254\0363"..., 26624, MSG_DONTWAIT, NULL, NULL) = 104
31740 1783932321.667530 recvfrom(79, 0x7007512840, 26624, MSG_DONTWAIT, NULL, NULL) = -1 EAGAIN (Try again)
31761 1783932321.668841 newfstatat(AT_FDCWD, "/data", {st_mode=S_IFDIR|0771, st_size=4096, ...}, AT_SYMLINK_NOFOLLOW) = 0
31761 1783932321.669502 newfstatat(AT_FDCWD, "/data/app", {st_mode=S_IFDIR|0771, st_size=4096, ...}, AT_SYMLINK_NOFOLLOW) = 0
31761 1783932321.670073 newfstatat(AT_FDCWD, "/data/app/app.organicmaps-D_Fd5zsIQfFvDx42oBl64Q==", {st_mode=S_IFDIR|0775, st_size=4096, ...}, AT_SYMLINK_NOFOLLOW) = 0
31761 1783932321.670453 newfstatat(AT_FDCWD, "/data/app/app.organicmaps-D_Fd5zsIQfFvDx42oBl64Q==/base.apk", {st_mode=S_IFREG|0644, st_size=71446367, ...}, AT_SYMLINK_NOFOLLOW) = 0
31761 1783932321.670686 getcwd("/", 4096) = 2
31761 1783932321.670905 newfstatat(AT_FDCWD, "/base.apk", 0x70758b3690, AT_SYMLINK_NOFOLLOW) = -1 ENOENT (No such file or directory)
31740 1783932321.678124 recvfrom(79, "h\0\0\0vor_\v\0\0\0\0\0\0\0U\306I\22\"\4\0\0\312\\-?4\320}2"..., 26624, MSG_DONTWAIT, NULL, NULL) = 104
31740 1783932321.678186 recvfrom(79, 0x7007512840, 26624, MSG_DONTWAIT, NULL, NULL) = -1 EAGAIN (Try again)
31740 1783932321.690641 recvfrom(79, "h\0\0\0vor_\v\0\0\0\0\0\0\0qS\t\23\"\4\0\0\306\\-?|4M\262"..., 26624, MSG_DONTWAIT, NULL, NULL) = 104
31740 1783932321.690708 recvfrom(79, 0x7007512840, 26624, MSG_DONTWAIT, NULL, NULL) = -1 EAGAIN (Try again)
31740 1783932321.702086 recvfrom(79, "h\0\0\0vor_\v\0\0\0\0\0\0\0\4.\272\23\"\4\0\0\302\\-?[M\37\263"..., 26624, MSG_DONTWAIT, NULL, NULL) = 104
31740 1783932321.702115 recvfrom(79, 0x7007512840, 26624, MSG_DONTWAIT, NULL, NULL) = -1 EAGAIN (Try again)
31740 1783932321.714426 recvfrom(79, "h\0\0\0vor_\v\0\0\0\0\0\0\0Z\257o\24\"\4\0\0\276\\-?-\335\207\263"..., 26624, MSG_DONTWAIT, NULL, NULL) = 104
31740 1783932321.714487 recvfrom(79, 0x7007512840, 26624, MSG_DONTWAIT, NULL, NULL) = -1 EAGAIN (Try again)
31740 1783932321.727608 recvfrom(79, "h\0\0\0vor_\v\0\0\0\0\0\0\0(^>\25\"\4\0\0\271\\-?\371T\310\263"..., 26624, MSG_DONTWAIT, NULL, NULL) = 104
31740 1783932321.727708 recvfrom(79, 0x7007512840, 26624, MSG_DONTWAIT, NULL, NULL) = -1 EAGAIN (Try again)
31740 1783932321.743901 recvfrom(79, "h\0\0\0vor_\v\0\0\0\0\0\0\0\257\3040\26\"\4\0\0\263\\-?/ \n\264"..., 26624, MSG_DONTWAIT, NULL, NULL) = 104
31740 1783932321.743953 recvfrom(79, 0x7007512840, 26624, MSG_DONTWAIT, NULL, NULL) = -1 EAGAIN (Try again)
31740 1783932321.753770 recvfrom(79, "h\0\0\0vor_\v\0\0\0\0\0\0\0m\t\316\26\"\4\0\0\260\\-?\5\4$\264"..., 26624, MSG_DONTWAIT, NULL, NULL) = 104
31740 1783932321.753816 recvfrom(79, 0x7007512840, 26624, MSG_DONTWAIT, NULL, NULL) = -1 EAGAIN (Try again)
31740 1783932321.769642 recvfrom(79, "h\0\0\0vor_\v\0\0\0\0\0\0\0\343\10\267\27\"\4\0\0\265\\-?^}\4\264"..., 26624, MSG_DONTWAIT, NULL, NULL) = 104
31740 1783932321.769682 recvfrom(79, 0x7007512840, 26624, MSG_DONTWAIT, NULL, NULL) = -1 EAGAIN (Try again)
31740 1783932321.779900 recvfrom(79, "h\0\0\0vor_\v\0\0\0\0\0\0\0U\30X\30\"\4\0\0\271\\-?\345\253\335\263"..., 26624, MSG_DONTWAIT, NULL, NULL) = 104
31740 1783932321.779995 recvfrom(79, 0x7007512840, 26624, MSG_DONTWAIT, NULL, NULL) = -1 EAGAIN (Try again)
31740 1783932321.792551 recvfrom(79, "h\0\0\0vor_\v\0\0\0\0\0\0\0\342\371\35\31\"\4\0\0\275\\-?-h\246\263"..., 26624, MSG_DONTWAIT, NULL, NULL) = 104
31740 1783932321.792596 recvfrom(79, 0x7007512840, 26624, MSG_DONTWAIT, NULL, NULL) = -1 EAGAIN (Try again)
31740 1783932321.805720 recvfrom(79, "h\0\0\0vor_\v\0\0\0\0\0\0\0004\236\304\31\"\4\0\0\301\\-?\300Un\263"..., 26624, MSG_DONTWAIT, NULL, NULL) = 104
31740 1783932321.805803 recvfrom(79, 0x7007512840, 26624, MSG_DONTWAIT, NULL, NULL) = -1 EAGAIN (Try again)
31740 1783932321.809977 clone(child_stack=0x707197bd40, flags=CLONE_VM|CLONE_FS|CLONE_FILES|CLONE_SIGHAND|CLONE_THREAD|CLONE_SYSVSEM|CLONE_SETTLS|CLONE_PARENT_SETTID|CLONE_CHILD_CLEARTID, parent_tidptr=0x707197bd60, tls=0x707197c020, child_tidptr=0x707197bd60) = 31870
31740 1783932321.814533 recvfrom(79, "h\0\0\0vor_\v\0\0\0\0\0\0\0\353\340e\32\"\4\0\0\305\\-?\2\21\21\263"..., 26624, MSG_DONTWAIT, NULL, NULL) = 104
31740 1783932321.814590 recvfrom(79, 0x7007512840, 26624, MSG_DONTWAIT, NULL, NULL) = -1 EAGAIN (Try again)
31870 1783932321.821324 faccessat(AT_FDCWD, "/data/user/0/app.organicmaps/files", F_OK) = 0
31870 1783932321.821711 faccessat(AT_FDCWD, "/data/user/0/app.organicmaps/files/profileinstaller_profileWrittenFor_lastUpdateTime.dat", F_OK) = 0
31870 1783932321.822070 openat(AT_FDCWD, "/data/user/0/app.organicmaps/files/profileinstaller_profileWrittenFor_lastUpdateTime.dat", O_RDONLY) = 64
31870 1783932321.823256 getsockopt(64, SOL_SOCKET, SO_ERROR, 0x707197a254, [4]) = -1 ENOTSOCK (Socket operation on non-socket)
31740 1783932321.824287 recvfrom(79, "h\0\0\0vor_\v\0\0\0\0\0\0\0J\256\377\32\"\4\0\0\311\\-?\33\224Y\262"..., 26624, MSG_DONTWAIT, NULL, NULL) = 104
31740 1783932321.824326 recvfrom(79, 0x7007512840, 26624, MSG_DONTWAIT, NULL, NULL) = -1 EAGAIN (Try again)
31870 1783932321.826770 openat(AT_FDCWD, "/data/app/app.organicmaps-D_Fd5zsIQfFvDx42oBl64Q==/base.apk", O_RDONLY) = 257
31870 1783932321.827674 getsockopt(257, SOL_SOCKET, SO_ERROR, 0x7071979c74, [4]) = -1 ENOTSOCK (Socket operation on non-socket)
31870 1783932321.828436 newfstatat(AT_FDCWD, "/data/misc/profiles/ref/app.organicmaps/primary.prof", 0x7071979c18, 0) = -1 ENOENT (No such file or directory)
31870 1783932321.828820 faccessat(AT_FDCWD, "/data/misc/profiles/ref/app.organicmaps/primary.prof", F_OK) = -1 ENOENT (No such file or directory)
31870 1783932321.829232 newfstatat(AT_FDCWD, "/data/misc/profiles/cur/0/app.organicmaps/primary.prof", {st_mode=S_IFREG|0600, st_size=21174, ...}, 0) = 0
31870 1783932321.829603 faccessat(AT_FDCWD, "/data/misc/profiles/cur/0/app.organicmaps/primary.prof", F_OK) = 0
31870 1783932321.830625 faccessat(AT_FDCWD, "/data/user/0/app.organicmaps/files", F_OK) = 0
31870 1783932321.831004 faccessat(AT_FDCWD, "/data/user/0/app.organicmaps/files/profileInstalled", F_OK) = 0
31870 1783932321.831579 openat(AT_FDCWD, "/data/user/0/app.organicmaps/files/profileInstalled", O_RDONLY) = 257
31870 1783932321.834429 getsockopt(257, SOL_SOCKET, SO_ERROR, 0x7071979594, [4]) = -1 ENOTSOCK (Socket operation on non-socket)
31740 1783932321.840315 recvfrom(79, "h\0\0\0vor_\v\0\0\0\0\0\0\0K\341\355\33\"\4\0\0\316\\-?\274\235\2572"..., 26624, MSG_DONTWAIT, NULL, NULL) = 104
31740 1783932321.850201 recvfrom(79, 0x7007512840, 26624, MSG_DONTWAIT, NULL, NULL) = -1 EAGAIN (Try again)
31740 1783932321.851766 recvfrom(79, "h\0\0\0vor_\v\0\0\0\0\0\0\0\354\302\231\34\"\4\0\0\322\\-?\3468A3"..., 26624, MSG_DONTWAIT, NULL, NULL) = 104
31740 1783932321.851811 recvfrom(79, 0x7007512840, 26624, MSG_DONTWAIT, NULL, NULL) = -1 EAGAIN (Try again)
31870 1783932321.852895 exit(0)         = ?
31870 1783932321.853254 +++ exited with 0 +++
31740 1783932321.864264 recvfrom(79, "h\0\0\0vor_\v\0\0\0\0\0\0\0ANa\35\"\4\0\0\327\\-?UK\2363"..., 26624, MSG_DONTWAIT, NULL, NULL) = 104
31740 1783932321.864298 recvfrom(79, 0x7007512840, 26624, MSG_DONTWAIT, NULL, NULL) = -1 EAGAIN (Try again)
31740 1783932321.877567 recvfrom(79, "h\0\0\0vor_\v\0\0\0\0\0\0\0\fV\30\36\"\4\0\0\333\\-?\274\375\3273"..., 26624, MSG_DONTWAIT, NULL, NULL) = 104
31740 1783932321.877618 recvfrom(79, 0x7007512840, 26624, MSG_DONTWAIT, NULL, NULL) = -1 EAGAIN (Try again)
31831 1783932321.891194 faccessat(AT_FDCWD, "/proc/self/task/31870", F_OK) = -1 ENOENT (No such file or directory)
31740 1783932321.891374 recvfrom(79, "h\0\0\0vor_\v\0\0\0\0\0\0\0\216\361\323\36\"\4\0\0\337\\-? \346\t4"..., 26624, MSG_DONTWAIT, NULL, NULL) = 104
31740 1783932321.891437 recvfrom(79, 0x7007512840, 26624, MSG_DONTWAIT, NULL, NULL) = -1 EAGAIN (Try again)
31740 1783932321.900496 recvfrom(79, "h\0\0\0vor_\v\0\0\0\0\0\0\0b\271\212\37\"\4\0\0\343\\-?\254t'4"..., 26624, MSG_DONTWAIT, NULL, NULL) = 104
31740 1783932321.900550 recvfrom(79, 0x7007512840, 26624, MSG_DONTWAIT, NULL, NULL) = -1 EAGAIN (Try again)
31740 1783932321.913686 recvfrom(79, "h\0\0\0vor_\v\0\0\0\0\0\0\0\321\31U \"\4\0\0\337\\-?\317k\f4"..., 26624, MSG_DONTWAIT, NULL, NULL) = 104
31740 1783932321.913758 recvfrom(79, 0x7007512840, 26624, MSG_DONTWAIT, NULL, NULL) = -1 EAGAIN (Try again)
31740 1783932321.924506 recvfrom(79, "h\0\0\0vor_\v\0\0\0\0\0\0\0\236\3\364 \"\4\0\0\333\\-?*B\3563"..., 26624, MSG_DONTWAIT, NULL, NULL) = 104
31740 1783932321.924582 recvfrom(79, 0x7007512840, 26624, MSG_DONTWAIT, NULL, NULL) = -1 EAGAIN (Try again)
31740 1783932321.936488 recvfrom(79, "h\0\0\0vor_\v\0\0\0\0\0\0\0\246\357\255!\"\4\0\0\327\\-?\0\237\2723"..., 26624, MSG_DONTWAIT, NULL, NULL) = 104
31740 1783932321.936690 recvfrom(79, 0x7007512840, 26624, MSG_DONTWAIT, NULL, NULL) = -1 EAGAIN (Try again)
31740 1783932321.946466 recvfrom(79, "h\0\0\0vor_\v\0\0\0\0\0\0\0\272\373I\"\"\4\0\0\323\\-?\212\250\2163"..., 26624, MSG_DONTWAIT, NULL, NULL) = 104
31740 1783932321.946515 recvfrom(79, 0x7007512840, 26624, MSG_DONTWAIT, NULL, NULL) = -1 EAGAIN (Try again)
31740 1783932321.968909 recvfrom(79, "h\0\0\0vor_\v\0\0\0\0\0\0\0\35\311h#\"\4\0\0\314\\-?\202j\3542"..., 26624, MSG_DONTWAIT, NULL, NULL) = 104
31740 1783932321.972579 recvfrom(79, 0x7007512840, 26624, MSG_DONTWAIT, NULL, NULL) = -1 EAGAIN (Try again)
31740 1783932321.973600 recvfrom(79, "h\0\0\0vor_\v\0\0\0\0\0\0\0\353\224\340#\"\4\0\0\311\\-?\\\307:2"..., 26624, MSG_DONTWAIT, NULL, NULL) = 104
31740 1783932321.974326 recvfrom(79, 0x7007512840, 26624, MSG_DONTWAIT, NULL, NULL) = -1 EAGAIN (Try again)
31740 1783932321.986680 recvfrom(79, "h\0\0\0vor_\v\0\0\0\0\0\0\0\253\204\257$\"\4\0\0\305\\-?\334'\233\262"..., 26624, MSG_DONTWAIT, NULL, NULL) = 104
31740 1783932321.986731 recvfrom(79, 0x7007512840, 26624, MSG_DONTWAIT, NULL, NULL) = -1 EAGAIN (Try again)
31740 1783932321.998061 recvfrom(79, "h\0\0\0vor_\v\0\0\0\0\0\0\0\322\336P%\"\4\0\0\301\\-?\202\3710\263"..., 26624, MSG_DONTWAIT, NULL, NULL) = 104
31740 1783932321.998383 recvfrom(79, 0x7007512840, 26624, MSG_DONTWAIT, NULL, NULL) = -1 EAGAIN (Try again)
31740 1783932322.026465 recvfrom(79, "h\0\0\0vor_\v\0\0\0\0\0\0\0q~\10'\"\4\0\0\267\\-?\214F\301\263"..., 26624, MSG_DONTWAIT, NULL, NULL) = 104
31740 1783932322.026530 recvfrom(79, 0x7007512840, 26624, MSG_DONTWAIT, NULL, NULL) = -1 EAGAIN (Try again)
31740 1783932322.206131 recvfrom(79, "h\0\0\0vor_\v\0\0\0\0\0\0\0\373\204\217(\"\4\0\0\256\\-?k\307\35\264"..., 26624, MSG_DONTWAIT, NULL, NULL) = 104
31740 1783932322.206940 recvfrom(79, "h\0\0\0vor_\v\0\0\0\0\0\0\0\7mG*\"\4\0\0\245\\-?\3213c\264"..., 26624, MSG_DONTWAIT, NULL, NULL) = 104
31740 1783932322.207710 recvfrom(79, "h\0\0\0vor_\v\0\0\0\0\0\0\0\25_\243+\"\4\0\0\255\\-?x\3424\264"..., 26624, MSG_DONTWAIT, NULL, NULL) = 104
31740 1783932322.208215 recvfrom(79, "h\0\0\0vor_\v\0\0\0\0\0\0\0\242\227\333,\"\4\0\0\264\\-?C\201\n\264"..., 26624, MSG_DONTWAIT, NULL, NULL) = 104
31740 1783932322.208746 recvfrom(79, "h\0\0\0vor_\v\0\0\0\0\0\0\0E\333\247.\"\4\0\0\277\\-?\247\2\222\263"..., 26624, MSG_DONTWAIT, NULL, NULL) = 104
31740 1783932322.209457 recvfrom(79, "h\0\0\0vor_\v\0\0\0\0\0\0\0\233\321*0\"\4\0\0\310\\-?\17\246\206\262"..., 26624, MSG_DONTWAIT, NULL, NULL) = 104
31740 1783932322.210234 recvfrom(79, "h\0\0\0vor_\v\0\0\0\0\0\0\0g\323\2601\"\4\0\0\321\\-?C\25$3"..., 26624, MSG_DONTWAIT, NULL, NULL) = 104
31740 1783932322.210966 recvfrom(79, 0x7007512840, 26624, MSG_DONTWAIT, NULL, NULL) = -1 EAGAIN (Try again)
31740 1783932322.226980 recvfrom(79, "h\0\0\0vor_\v\0\0\0\0\0\0\0;\225\3732\"\4\0\0\331\\-?\36\177\2663"..., 26624, MSG_DONTWAIT, NULL, NULL) = 104
31740 1783932322.227652 recvfrom(79, 0x7007512840, 26624, MSG_DONTWAIT, NULL, NULL) = -1 EAGAIN (Try again)
31740 1783932322.254680 recvfrom(79, "h\0\0\0vor_\v\0\0\0\0\0\0\0\310\300\2334\"\4\0\0\343\\-?\207\n\0334"..., 26624, MSG_DONTWAIT, NULL, NULL) = 104
31740 1783932322.255077 recvfrom(79, 0x7007512840, 26624, MSG_DONTWAIT, NULL, NULL) = -1 EAGAIN (Try again)
31740 1783932322.277765 recvfrom(79, "h\0\0\0vor_\v\0\0\0\0\0\0\0!?\3515\"\4\0\0\351\\-?\v\256O4"..., 26624, MSG_DONTWAIT, NULL, NULL) = 104
31740 1783932322.278342 recvfrom(79, 0x7007512840, 26624, MSG_DONTWAIT, NULL, NULL) = -1 EAGAIN (Try again)
31740 1783932322.299553 recvfrom(79, "h\0\0\0vor_\v\0\0\0\0\0\0\0R\23P7\"\4\0\0\341\\-?\310\206\0364"..., 26624, MSG_DONTWAIT, NULL, NULL) = 104
31740 1783932322.300145 recvfrom(79, 0x7007512840, 26624, MSG_DONTWAIT, NULL, NULL) = -1 EAGAIN (Try again)
31740 1783932322.321806 recvfrom(79, "h\0\0\0vor_\v\0\0\0\0\0\0\0\37z\2308\"\4\0\0\331\\-?{5\3413"..., 26624, MSG_DONTWAIT, NULL, NULL) = 104
31740 1783932322.322671 recvfrom(79, 0x7007512840, 26624, MSG_DONTWAIT, NULL, NULL) = -1 EAGAIN (Try again)
31740 1783932322.352065 recvfrom(79, "h\0\0\0vor_\v\0\0\0\0\0\0\0\272\326g:\"\4\0\0\316\\-?\364N63"..., 26624, MSG_DONTWAIT, NULL, NULL) = 104
31740 1783932322.352734 recvfrom(79, 0x7007512840, 26624, MSG_DONTWAIT, NULL, NULL) = -1 EAGAIN (Try again)
31740 1783932322.373841 recvfrom(79, "h\0\0\0vor_\v\0\0\0\0\0\0\0-\206\272;\"\4\0\0\306\\-?\363a\215\261"..., 26624, MSG_DONTWAIT, NULL, NULL) = 104
31740 1783932322.374683 recvfrom(79, 0x7007512840, 26624, MSG_DONTWAIT, NULL, NULL) = -1 EAGAIN (Try again)
31740 1783932322.402802 recvfrom(79, "h\0\0\0vor_\v\0\0\0\0\0\0\0\341\311s=\"\4\0\0\274\\-?[1\215\263"..., 26624, MSG_DONTWAIT, NULL, NULL) = 104
31740 1783932322.403872 recvfrom(79, 0x7007512840, 26624, MSG_DONTWAIT, NULL, NULL) = -1 EAGAIN (Try again)
31740 1783932322.431634 recvfrom(79, "h\0\0\0vor_\v\0\0\0\0\0\0\0\22\372\36?\"\4\0\0\263\\-? \351\7\264"..., 26624, MSG_DONTWAIT, NULL, NULL) = 104
31740 1783932322.432125 recvfrom(79, 0x7007512840, 26624, MSG_DONTWAIT, NULL, NULL) = -1 EAGAIN (Try again)
31740 1783932322.446230 recvfrom(79, "h\0\0\0vor_\v\0\0\0\0\0\0\0up\r@\"\4\0\0\255\\-?\332a.\264"..., 26624, MSG_DONTWAIT, NULL, NULL) = 104
31740 1783932322.446882 recvfrom(79, 0x7007512840, 26624, MSG_DONTWAIT, NULL, NULL) = -1 EAGAIN (Try again)
31740 1783932322.468817 recvfrom(79, "h\0\0\0vor_\v\0\0\0\0\0\0\0\2\216\\A\"\4\0\0\265\\-?!m\0\264"..., 26624, MSG_DONTWAIT, NULL, NULL) = 104
31740 1783932322.469902 recvfrom(79, 0x7007512840, 26624, MSG_DONTWAIT, NULL, NULL) = -1 EAGAIN (Try again)
31740 1783932322.493561 recvfrom(79, "h\0\0\0vor_\v\0\0\0\0\0\0\0\21N\276B\"\4\0\0\275\\-?* \235\263"..., 26624, MSG_DONTWAIT, NULL, NULL) = 104
31740 1783932322.494171 recvfrom(79, 0x7007512840, 26624, MSG_DONTWAIT, NULL, NULL) = -1 EAGAIN (Try again)
31740 1783932322.524102 recvfrom(79, "h\0\0\0vor_\v\0\0\0\0\0\0\0v\225|D\"\4\0\0\307\\-?\24\333]\262"..., 26624, MSG_DONTWAIT, NULL, NULL) = 104
31740 1783932322.524874 recvfrom(79, 0x7007512840, 26624, MSG_DONTWAIT, NULL, NULL) = -1 EAGAIN (Try again)
31740 1783932322.541293 recvfrom(79, "h\0\0\0vor_\v\0\0\0\0\0\0\0\264\327\270E\"\4\0\0\317\\-?\273\244\0033"..., 26624, MSG_DONTWAIT, NULL, NULL) = 104
31740 1783932322.541928 recvfrom(79, 0x7007512840, 26624, MSG_DONTWAIT, NULL, NULL) = -1 EAGAIN (Try again)
31740 1783932322.570314 recvfrom(79, "h\0\0\0vor_\v\0\0\0\0\0\0\0\211\266NG\"\4\0\0\330\\-?L\255\2733"..., 26624, MSG_DONTWAIT, NULL, NULL) = 104
31740 1783932322.571023 recvfrom(79, 0x7007512840, 26624, MSG_DONTWAIT, NULL, NULL) = -1 EAGAIN (Try again)
31740 1783932322.574439 recvfrom(79, "h\0\0\0vor_\v\0\0\0\0\0\0\0^\337\236G\"\4\0\0\332\\-?VF\3273"..., 26624, MSG_DONTWAIT, NULL, NULL) = 104
31740 1783932322.575342 recvfrom(79, 0x7007512840, 26624, MSG_DONTWAIT, NULL, NULL) = -1 EAGAIN (Try again)
31740 1783932322.624034 recvfrom(79, "h\0\0\0vor_\v\0\0\0\0\0\0\0\357\"\244J\"\4\0\0\332\\-?v\205\3323"..., 26624, MSG_DONTWAIT, NULL, NULL) = 104
31740 1783932322.624736 recvfrom(79, 0x7007512840, 26624, MSG_DONTWAIT, NULL, NULL) = -1 EAGAIN (Try again)
31740 1783932322.675749 recvfrom(79, "h\0\0\0vor_\v\0\0\0\0\0\0\0\231v\267M\"\4\0\0\332\\-?\351U\3353"..., 26624, MSG_DONTWAIT, NULL, NULL) = 104
31740 1783932322.676361 recvfrom(79, 0x7007512840, 26624, MSG_DONTWAIT, NULL, NULL) = -1 EAGAIN (Try again)
31740 1783932322.731567 recvfrom(79, "h\0\0\0vor_\v\0\0\0\0\0\0\0]\17\nQ\"\4\0\0\332\\-?\22\302\3373"..., 26624, MSG_DONTWAIT, NULL, NULL) = 104
31740 1783932322.732198 recvfrom(79, 0x7007512840, 26624, MSG_DONTWAIT, NULL, NULL) = -1 EAGAIN (Try again)
31740 1783932322.787162 recvfrom(79, "h\0\0\0vor_\v\0\0\0\0\0\0\0\306\363DT\"\4\0\0\332\\-?F\323\3413"..., 26624, MSG_DONTWAIT, NULL, NULL) = 104
31740 1783932322.787788 recvfrom(79, 0x7007512840, 26624, MSG_DONTWAIT, NULL, NULL) = -1 EAGAIN (Try again)
31740 1783932322.840279 recvfrom(79, "h\0\0\0vor_\v\0\0\0\0\0\0\0\37oHW\"\4\0\0\332\\-?\360\221\3433"..., 26624, MSG_DONTWAIT, NULL, NULL) = 104
31740 1783932322.841081 recvfrom(79, 0x7007512840, 26624, MSG_DONTWAIT, NULL, NULL) = -1 EAGAIN (Try again)
31740 1783932322.894227 recvfrom(79, "h\0\0\0vor_\v\0\0\0\0\0\0\0\261\201\217Z\"\4\0\0\332\\-?\245\5\3453"..., 26624, MSG_DONTWAIT, NULL, NULL) = 104
31740 1783932322.895186 recvfrom(79, 0x7007512840, 26624, MSG_DONTWAIT, NULL, NULL) = -1 EAGAIN (Try again)
31740 1783932322.960036 recvfrom(79, "h\0\0\0vor_\v\0\0\0\0\0\0\0\270W\244^\"\4\0\0\332\\-?A5\3463"..., 26624, MSG_DONTWAIT, NULL, NULL) = 104
31740 1783932322.960624 recvfrom(79, 0x7007512840, 26624, MSG_DONTWAIT, NULL, NULL) = -1 EAGAIN (Try again)
31740 1783932323.005482 recvfrom(79, "h\0\0\0vor_\v\0\0\0\0\0\0\0\256\214Za\"\4\0\0\312\\-?G2{2"..., 26624, MSG_DONTWAIT, NULL, NULL) = 104
31740 1783932323.006807 recvfrom(79, 0x7007512840, 26624, MSG_DONTWAIT, NULL, NULL) = -1 EAGAIN (Try again)
31740 1783932323.057658 recvfrom(79, "h\0\0\0vor_\v\0\0\0\0\0\0\0\360\250\200d\"\4\0\0\312\\-?\360\357s2"..., 26624, MSG_DONTWAIT, NULL, NULL) = 104
31740 1783932323.058467 recvfrom(79, 0x7007512840, 26624, MSG_DONTWAIT, NULL, NULL) = -1 EAGAIN (Try again)
31740 1783932323.109861 recvfrom(79, "h\0\0\0vor_\v\0\0\0\0\0\0\0\347\345\227g\"\4\0\0\312\\-?[\rm2"..., 26624, MSG_DONTWAIT, NULL, NULL) = 104
31740 1783932323.110331 recvfrom(79, 0x7007512840, 26624, MSG_DONTWAIT, NULL, NULL) = -1 EAGAIN (Try again)
31740 1783932323.158670 recvfrom(79, "h\0\0\0vor_\v\0\0\0\0\0\0\0UN\203j\"\4\0\0\271\\-?R\4\272\263"..., 26624, MSG_DONTWAIT, NULL, NULL) = 104
31740 1783932323.159396 recvfrom(79, 0x7007512840, 26624, MSG_DONTWAIT, NULL, NULL) = -1 EAGAIN (Try again)
31740 1783932323.216044 recvfrom(79, "h\0\0\0vor_\v\0\0\0\0\0\0\0001\315\231m\"\4\0\0\271\\-?4\221\274\263"..., 26624, MSG_DONTWAIT, NULL, NULL) = 104
31740 1783932323.216594 recvfrom(79, 0x7007512840, 26624, MSG_DONTWAIT, NULL, NULL) = -1 EAGAIN (Try again)
31740 1783932323.260673 recvfrom(79, "h\0\0\0vor_\v\0\0\0\0\0\0\0)\244\225p\"\4\0\0\271\\-?\305\320\276\263"..., 26624, MSG_DONTWAIT, NULL, NULL) = 104
31740 1783932323.261416 recvfrom(79, 0x7007512840, 26624, MSG_DONTWAIT, NULL, NULL) = -1 EAGAIN (Try again)
31740 1783932323.311856 recvfrom(79, "h\0\0\0vor_\v\0\0\0\0\0\0\0<\346\240s\"\4\0\0\271\\-?d\311\300\263"..., 26624, MSG_DONTWAIT, NULL, NULL) = 104
31740 1783932323.312538 recvfrom(79, 0x7007512840, 26624, MSG_DONTWAIT, NULL, NULL) = -1 EAGAIN (Try again)
31740 1783932323.361743 recvfrom(79, "h\0\0\0vor_\v\0\0\0\0\0\0\0\247\30\234v\"\4\0\0\271\\-?\342\200\302\263"..., 26624, MSG_DONTWAIT, NULL, NULL) = 104
31740 1783932323.366815 recvfrom(79, 0x7007512840, 26624, MSG_DONTWAIT, NULL, NULL) = -1 EAGAIN (Try again)
31740 1783932323.411560 recvfrom(79, "h\0\0\0vor_\v\0\0\0\0\0\0\0\322)\225y\"\4\0\0\247\\-?\364\256N\264"..., 26624, MSG_DONTWAIT, NULL, NULL) = 104
31740 1783932323.416482 recvfrom(79, 0x7007512840, 26624, MSG_DONTWAIT, NULL, NULL) = -1 EAGAIN (Try again)
31740 1783932323.466161 recvfrom(79, "h\0\0\0vor_\v\0\0\0\0\0\0\0G\346\323|\"\4\0\0\247\\-?~\35P\264"..., 26624, MSG_DONTWAIT, NULL, NULL) = 104
31740 1783932323.466985 recvfrom(79, 0x7007512840, 26624, MSG_DONTWAIT, NULL, NULL) = -1 EAGAIN (Try again)
31740 1783932323.528935 recvfrom(79, "h\0\0\0vor_\v\0\0\0\0\0\0\0007\302+\200\"\4\0\0\247\\-?\354SQ\264"..., 26624, MSG_DONTWAIT, NULL, NULL) = 104
31740 1783932323.537828 recvfrom(79, 0x7007512840, 26624, MSG_DONTWAIT, NULL, NULL) = -1 EAGAIN (Try again)
31740 1783932323.574663 recvfrom(79, "h\0\0\0vor_\v\0\0\0\0\0\0\0\365/\34\203\"\4\0\0\271\\-?L%\321\263"..., 26624, MSG_DONTWAIT, NULL, NULL) = 104
31740 1783932323.587052 recvfrom(79, 0x7007512840, 26624, MSG_DONTWAIT, NULL, NULL) = -1 EAGAIN (Try again)
31740 1783932323.633573 recvfrom(79, "h\0\0\0vor_\v\0\0\0\0\0\0\0\\J)\206\"\4\0\0\271\\-?\244\t\322\263"..., 26624, MSG_DONTWAIT, NULL, NULL) = 104
31740 1783932323.634063 recvfrom(79, 0x7007512840, 26624, MSG_DONTWAIT, NULL, NULL) = -1 EAGAIN (Try again)
31740 1783932323.676263 recvfrom(79, "h\0\0\0vor_\v\0\0\0\0\0\0\0\342\305`\211\"\4\0\0\271\\-?\201\300\322\263"..., 26624, MSG_DONTWAIT, NULL, NULL) = 104
31740 1783932323.676609 recvfrom(79, 0x7007512840, 26624, MSG_DONTWAIT, NULL, NULL) = -1 EAGAIN (Try again)
31740 1783932323.737549 recvfrom(79, "h\0\0\0vor_\v\0\0\0\0\0\0\0O\271\311\214\"\4\0\0\271\\-?\240M\323\263"..., 26624, MSG_DONTWAIT, NULL, NULL) = 104
31740 1783932323.738368 recvfrom(79, 0x7007512840, 26624, MSG_DONTWAIT, NULL, NULL) = -1 EAGAIN (Try again)
31740 1783932323.791813 recvfrom(79, "h\0\0\0vor_\v\0\0\0\0\0\0\0\351\2528\220\"\4\0\0\271\\-?l\264\323\263"..., 26624, MSG_DONTWAIT, NULL, NULL) = 104
31740 1783932323.792792 recvfrom(79, 0x7007512840, 26624, MSG_DONTWAIT, NULL, NULL) = -1 EAGAIN (Try again)
31740 1783932323.836688 recvfrom(79, "h\0\0\0vor_\v\0\0\0\0\0\0\0\207y\322\222\"\4\0\0\311\\-? JL\262"..., 26624, MSG_DONTWAIT, NULL, NULL) = 104
31740 1783932323.837492 recvfrom(79, 0x7007512840, 26624, MSG_DONTWAIT, NULL, NULL) = -1 EAGAIN (Try again)
31740 1783932323.887711 recvfrom(79, "h\0\0\0vor_\v\0\0\0\0\0\0\0\274\311\362\225\"\4\0\0\311\\-?\215CH\262"..., 26624, MSG_DONTWAIT, NULL, NULL) = 104
31740 1783932323.888510 recvfrom(79, 0x7007512840, 26624, MSG_DONTWAIT, NULL, NULL) = -1 EAGAIN (Try again)
31740 1783932323.940805 recvfrom(79, "h\0\0\0vor_\v\0\0\0\0\0\0\0;\"\365\230\"\4\0\0\311\\-?9fD\262"..., 26624, MSG_DONTWAIT, NULL, NULL) = 104
31740 1783932323.941263 recvfrom(79, 0x7007512840, 26624, MSG_DONTWAIT, NULL, NULL) = -1 EAGAIN (Try again)
31740 1783932323.996597 recvfrom(79, "h\0\0\0vor_\v\0\0\0\0\0\0\0.Wq\234\"\4\0\0\311\\-?\334\257@\262"..., 26624, MSG_DONTWAIT, NULL, NULL) = 104
31740 1783932323.997121 recvfrom(79, 0x7007512840, 26624, MSG_DONTWAIT, NULL, NULL) = -1 EAGAIN (Try again)
31740 1783932324.047560 recvfrom(79, "h\0\0\0vor_\v\0\0\0\0\0\0\0V\321y\237\"\4\0\0\311\\-?Y\36=\262"..., 26624, MSG_DONTWAIT, NULL, NULL) = 104
31740 1783932324.048182 recvfrom(79, 0x7007512840, 26624, MSG_DONTWAIT, NULL, NULL) = -1 EAGAIN (Try again)
31740 1783932324.105143 recvfrom(79, "h\0\0\0vor_\v\0\0\0\0\0\0\0\244~\334\242\"\4\0\0\311\\-?\266\2579\262"..., 26624, MSG_DONTWAIT, NULL, NULL) = 104
31740 1783932324.105692 recvfrom(79, 0x7007512840, 26624, MSG_DONTWAIT, NULL, NULL) = -1 EAGAIN (Try again)
31740 1783932324.156121 recvfrom(79, "h\0\0\0vor_\v\0\0\0\0\0\0\0kR\361\245\"\4\0\0\311\\-?\32b6\262"..., 26624, MSG_DONTWAIT, NULL, NULL) = 104
31740 1783932324.156648 recvfrom(79, 0x7007512840, 26624, MSG_DONTWAIT, NULL, NULL) = -1 EAGAIN (Try again)
31740 1783932324.208736 recvfrom(79, "h\0\0\0vor_\v\0\0\0\0\0\0\0\302\227\32\251\"\4\0\0\311\\-?\31533\262"..., 26624, MSG_DONTWAIT, NULL, NULL) = 104
31740 1783932324.209344 recvfrom(79, 0x7007512840, 26624, MSG_DONTWAIT, NULL, NULL) = -1 EAGAIN (Try again)
31740 1783932324.265697 recvfrom(79, "h\0\0\0vor_\v\0\0\0\0\0\0\0\243k}\254\"\4\0\0\311\\-?2#0\262"..., 26624, MSG_DONTWAIT, NULL, NULL) = 104
31740 1783932324.266408 recvfrom(79, 0x7007512840, 26624, MSG_DONTWAIT, NULL, NULL) = -1 EAGAIN (Try again)
31740 1783932324.317444 recvfrom(79, "h\0\0\0vor_\v\0\0\0\0\0\0\0si\224\257\"\4\0\0\311\\-?\310.-\262"..., 26624, MSG_DONTWAIT, NULL, NULL) = 104
31740 1783932324.317875 recvfrom(79, 0x7007512840, 26624, MSG_DONTWAIT, NULL, NULL) = -1 EAGAIN (Try again)
31740 1783932324.378998 recvfrom(79, "h\0\0\0vor_\v\0\0\0\0\0\0\0E\325\300\262\"\4\0\0\311\\-?%U*\262"..., 26624, MSG_DONTWAIT, NULL, NULL) = 104
31740 1783932324.384084 recvfrom(79, 0x7007512840, 26624, MSG_DONTWAIT, NULL, NULL) = -1 EAGAIN (Try again)
31740 1783932324.421526 recvfrom(79, "h\0\0\0vor_\v\0\0\0\0\0\0\0\224\33\305\265\"\4\0\0\311\\-?\367\224'\262"..., 26624, MSG_DONTWAIT, NULL, NULL) = 104
31740 1783932324.422081 recvfrom(79, 0x7007512840, 26624, MSG_DONTWAIT, NULL, NULL) = -1 EAGAIN (Try again)
31740 1783932324.477292 recvfrom(79, "h\0\0\0vor_\v\0\0\0\0\0\0\0\236\310\33\271\"\4\0\0\311\\-?\377\354$\262"..., 26624, MSG_DONTWAIT, NULL, NULL) = 104
31740 1783932324.477769 recvfrom(79, 0x7007512840, 26624, MSG_DONTWAIT, NULL, NULL) = -1 EAGAIN (Try again)
31740 1783932324.536703 recvfrom(79, "h\0\0\0vor_\v\0\0\0\0\0\0\0\325fT\274\"\4\0\0\311\\-?\23\\\"\262"..., 26624, MSG_DONTWAIT, NULL, NULL) = 104
31740 1783932324.537299 recvfrom(79, 0x7007512840, 26624, MSG_DONTWAIT, NULL, NULL) = -1 EAGAIN (Try again)
31740 1783932324.590136 recvfrom(79, "h\0\0\0vor_\v\0\0\0\0\0\0\0\311\206\244\277\"\4\0\0\311\\-?\33\341\37\262"..., 26624, MSG_DONTWAIT, NULL, NULL) = 104
31740 1783932324.590819 recvfrom(79, 0x7007512840, 26624, MSG_DONTWAIT, NULL, NULL) = -1 EAGAIN (Try again)
31740 1783932324.642038 recvfrom(79, "h\0\0\0vor_\v\0\0\0\0\0\0\0\364\310\302\302\"\4\0\0\311\\-?\17{\35\262"..., 26624, MSG_DONTWAIT, NULL, NULL) = 104
31740 1783932324.642574 recvfrom(79, 0x7007512840, 26624, MSG_DONTWAIT, NULL, NULL) = -1 EAGAIN (Try again)
31740 1783932324.700822 recvfrom(79, "h\0\0\0vor_\v\0\0\0\0\0\0\0\202/6\306\"\4\0\0\311\\-?\367(\33\262"..., 26624, MSG_DONTWAIT, NULL, NULL) = 104
31740 1783932324.701521 recvfrom(79, 0x7007512840, 26624, MSG_DONTWAIT, NULL, NULL) = -1 EAGAIN (Try again)
31740 1783932324.750893 recvfrom(79, "h\0\0\0vor_\v\0\0\0\0\0\0\0q\373f\311\"\4\0\0\311\\-?\351\351\30\262"..., 26624, MSG_DONTWAIT, NULL, NULL) = 104
31740 1783932324.751916 recvfrom(79, 0x7007512840, 26624, MSG_DONTWAIT, NULL, NULL) = -1 EAGAIN (Try again)
31740 1783932324.807961 recvfrom(79, "h\0\0\0vor_\v\0\0\0\0\0\0\0\n!\322\314\"\4\0\0\311\\-?\10\275\26\262"..., 26624, MSG_DONTWAIT, NULL, NULL) = 104
31740 1783932324.808495 recvfrom(79, 0x7007512840, 26624, MSG_DONTWAIT, NULL, NULL) = -1 EAGAIN (Try again)
31740 1783932324.865258 recvfrom(79, "h\0\0\0vor_\v\0\0\0\0\0\0\0\225*3\320\"\4\0\0\311\\-?\205\241\24\262"..., 26624, MSG_DONTWAIT, NULL, NULL) = 104
31740 1783932324.866213 recvfrom(79, 0x7007512840, 26624, MSG_DONTWAIT, NULL, NULL) = -1 EAGAIN (Try again)
31740 1783932324.918899 recvfrom(79, "h\0\0\0vor_\v\0\0\0\0\0\0\0\241oV\323\"\4\0\0\311\\-?\233\226\22\262"..., 26624, MSG_DONTWAIT, NULL, NULL) = 104
31740 1783932324.919962 recvfrom(79, 0x7007512840, 26624, MSG_DONTWAIT, NULL, NULL) = -1 EAGAIN (Try again)
31740 1783932324.966069 recvfrom(79, "h\0\0\0vor_\v\0\0\0\0\0\0\0\6\243;\326\"\4\0\0\332\\-?\234M\2673"..., 26624, MSG_DONTWAIT, NULL, NULL) = 104
31740 1783932324.967128 recvfrom(79, 0x7007512840, 26624, MSG_DONTWAIT, NULL, NULL) = -1 EAGAIN (Try again)
31740 1783932325.022287 recvfrom(79, "h\0\0\0vor_\v\0\0\0\0\0\0\0\363\23\227\331\"\4\0\0\332\\-?\336l\2673"..., 26624, MSG_DONTWAIT, NULL, NULL) = 104
31740 1783932325.022958 recvfrom(79, 0x7007512840, 26624, MSG_DONTWAIT, NULL, NULL) = -1 EAGAIN (Try again)
31740 1783932325.081215 recvfrom(79, "h\0\0\0vor_\v\0\0\0\0\0\0\0\20\177\n\335\"\4\0\0\332\\-?\204x\2673"..., 26624, MSG_DONTWAIT, NULL, NULL) = 104
31740 1783932325.081693 recvfrom(79, 0x7007512840, 26624, MSG_DONTWAIT, NULL, NULL) = -1 EAGAIN (Try again)
31740 1783932325.141963 recvfrom(79, "h\0\0\0vor_\v\0\0\0\0\0\0\0\213\333\252\340\"\4\0\0\332\\-?\344q\2673"..., 26624, MSG_DONTWAIT, NULL, NULL) = 104
31740 1783932325.142836 recvfrom(79, 0x7007512840, 26624, MSG_DONTWAIT, NULL, NULL) = -1 EAGAIN (Try again)
31740 1783932325.197385 recvfrom(79, "h\0\0\0vor_\v\0\0\0\0\0\0\0\256\306\5\344\"\4\0\0\332\\-?<Z\2673"..., 26624, MSG_DONTWAIT, NULL, NULL) = 104
31740 1783932325.198130 recvfrom(79, 0x7007512840, 26624, MSG_DONTWAIT, NULL, NULL) = -1 EAGAIN (Try again)
31740 1783932325.250129 recvfrom(79, "h\0\0\0vor_\v\0\0\0\0\0\0\0\344\341/\347\"\4\0\0\332\\-?\2642\2673"..., 26624, MSG_DONTWAIT, NULL, NULL) = 104
31740 1783932325.250638 recvfrom(79, 0x7007512840, 26624, MSG_DONTWAIT, NULL, NULL) = -1 EAGAIN (Try again)
31740 1783932325.304292 recvfrom(79, "h\0\0\0vor_\v\0\0\0\0\0\0\0j\32[\352\"\4\0\0\332\\-?b\374\2663"..., 26624, MSG_DONTWAIT, NULL, NULL) = 104
31740 1783932325.304899 recvfrom(79, 0x7007512840, 26624, MSG_DONTWAIT, NULL, NULL) = -1 EAGAIN (Try again)
31740 1783932325.364352 recvfrom(79, "h\0\0\0vor_\v\0\0\0\0\0\0\0/\321\222\355\"\4\0\0\332\\-?H\270\2663"..., 26624, MSG_DONTWAIT, NULL, NULL) = 104
31740 1783932325.366469 recvfrom(79, 0x7007512840, 26624, MSG_DONTWAIT, NULL, NULL) = -1 EAGAIN (Try again)
31740 1783932325.410435 recvfrom(79, "h\0\0\0vor_\v\0\0\0\0\0\0\0\336\306\270\360\"\4\0\0\332\\-?Yg\2663"..., 26624, MSG_DONTWAIT, NULL, NULL) = 104
31740 1783932325.410912 recvfrom(79, 0x7007512840, 26624, MSG_DONTWAIT, NULL, NULL) = -1 EAGAIN (Try again)
31740 1783932325.468897 recvfrom(79, "h\0\0\0vor_\v\0\0\0\0\0\0\0\374l0\364\"\4\0\0\332\\-?x\n\2663"..., 26624, MSG_DONTWAIT, NULL, NULL) = 104
31740 1783932325.469544 recvfrom(79, 0x7007512840, 26624, MSG_DONTWAIT, NULL, NULL) = -1 EAGAIN (Try again)
31740 1783932325.529225 recvfrom(79, "h\0\0\0vor_\v\0\0\0\0\0\0\0\274\25g\367\"\4\0\0\332\\-?y\242\2653"..., 26624, MSG_DONTWAIT, NULL, NULL) = 104
31740 1783932325.530061 recvfrom(79, 0x7007512840, 26624, MSG_DONTWAIT, NULL, NULL) = -1 EAGAIN (Try again)
31740 1783932325.574311 recvfrom(79, "h\0\0\0vor_\v\0\0\0\0\0\0\0e\fw\372\"\4\0\0\332\\-?\"0\2653"..., 26624, MSG_DONTWAIT, NULL, NULL) = 104
31740 1783932325.574886 recvfrom(79, 0x7007512840, 26624, MSG_DONTWAIT, NULL, NULL) = -1 EAGAIN (Try again)
31740 1783932325.626326 recvfrom(79, "h\0\0\0vor_\v\0\0\0\0\0\0\0y\256\227\375\"\4\0\0\332\\-?.\264\2643"..., 26624, MSG_DONTWAIT, NULL, NULL) = 104
31740 1783932325.626904 recvfrom(79, 0x7007512840, 26624, MSG_DONTWAIT, NULL, NULL) = -1 EAGAIN (Try again)
31740 1783932325.687183 recvfrom(79, "h\0\0\0vor_\v\0\0\0\0\0\0\0\350\365&\1#\4\0\0\332\\-?I/\2643"..., 26624, MSG_DONTWAIT, NULL, NULL) = 104
31740 1783932325.689925 recvfrom(79, 0x7007512840, 26624, MSG_DONTWAIT, NULL, NULL) = -1 EAGAIN (Try again)
31740 1783932325.741521 recvfrom(79, "h\0\0\0vor_\v\0\0\0\0\0\0\0\310cu\4#\4\0\0\332\\-?\30\242\2633"..., 26624, MSG_DONTWAIT, NULL, NULL) = 104
31740 1783932325.742167 recvfrom(79, 0x7007512840, 26624, MSG_DONTWAIT, NULL, NULL) = -1 EAGAIN (Try again)
31740 1783932325.792251 recvfrom(79, "h\0\0\0vor_\v\0\0\0\0\0\0\0\36\232x\7#\4\0\0\332\\-?4\r\2633"..., 26624, MSG_DONTWAIT, NULL, NULL) = 104
31740 1783932325.792694 recvfrom(79, 0x7007512840, 26624, MSG_DONTWAIT, NULL, NULL) = -1 EAGAIN (Try again)
31740 1783932325.850567 recvfrom(79, "h\0\0\0vor_\v\0\0\0\0\0\0\0 \6\367\n#\4\0\0\332\\-?,q\2623"..., 26624, MSG_DONTWAIT, NULL, NULL) = 104
31740 1783932325.850999 recvfrom(79, 0x7007512840, 26624, MSG_DONTWAIT, NULL, NULL) = -1 EAGAIN (Try again)
31740 1783932325.905295 recvfrom(79, "h\0\0\0vor_\v\0\0\0\0\0\0\0\217^1\16#\4\0\0\332\\-?\207\316\2613"..., 26624, MSG_DONTWAIT, NULL, NULL) = 104
31740 1783932325.905791 recvfrom(79, 0x7007512840, 26624, MSG_DONTWAIT, NULL, NULL) = -1 EAGAIN (Try again)
31740 1783932325.955853 recvfrom(79, "h\0\0\0vor_\v\0\0\0\0\0\0\0^p\"\21#\4\0\0\310\\-?1\3677\262"..., 26624, MSG_DONTWAIT, NULL, NULL) = 104
31740 1783932325.957254 recvfrom(79, 0x7007512840, 26624, MSG_DONTWAIT, NULL, NULL) = -1 EAGAIN (Try again)
31740 1783932326.005619 recvfrom(79, "h\0\0\0vor_\v\0\0\0\0\0\0\0\244\331,\24#\4\0\0\310\\-?\252\248\262"..., 26624, MSG_DONTWAIT, NULL, NULL) = 104
31740 1783932326.006447 recvfrom(79, 0x7007512840, 26624, MSG_DONTWAIT, NULL, NULL) = -1 EAGAIN (Try again)
31740 1783932326.057075 recvfrom(79, "h\0\0\0vor_\v\0\0\0\0\0\0\0\344\230@\27#\4\0\0\310\\-?\333!8\262"..., 26624, MSG_DONTWAIT, NULL, NULL) = 104
31740 1783932326.057914 recvfrom(79, 0x7007512840, 26624, MSG_DONTWAIT, NULL, NULL) = -1 EAGAIN (Try again)
31740 1783932326.117687 recvfrom(79, "h\0\0\0vor_\v\0\0\0\0\0\0\0 \370\330\32#\4\0\0\310\\-?\273\378\262"..., 26624, MSG_DONTWAIT, NULL, NULL) = 104
31740 1783932326.118553 recvfrom(79, 0x7007512840, 26624, MSG_DONTWAIT, NULL, NULL) = -1 EAGAIN (Try again)
31740 1783932326.175649 recvfrom(79, "h\0\0\0vor_\v\0\0\0\0\0\0\0\376NX\36#\4\0\0\310\\-?2\178\262"..., 26624, MSG_DONTWAIT, NULL, NULL) = 104
31740 1783932326.176087 recvfrom(79, 0x7007512840, 26624, MSG_DONTWAIT, NULL, NULL) = -1 EAGAIN (Try again)
31740 1783932326.236573 recvfrom(79, "h\0\0\0vor_\v\0\0\0\0\0\0\0\2\365\303!#\4\0\0\310\\-?\34\3617\262"..., 26624, MSG_DONTWAIT, NULL, NULL) = 104
31740 1783932326.237606 recvfrom(79, 0x7007512840, 26624, MSG_DONTWAIT, NULL, NULL) = -1 EAGAIN (Try again)
31740 1783932326.285885 recvfrom(79, "h\0\0\0vor_\v\0\0\0\0\0\0\0k\344\345$#\4\0\0\310\\-?H\3067\262"..., 26624, MSG_DONTWAIT, NULL, NULL) = 104
31740 1783932326.286891 recvfrom(79, 0x7007512840, 26624, MSG_DONTWAIT, NULL, NULL) = -1 EAGAIN (Try again)
31740 1783932326.338895 recvfrom(79, "h\0\0\0vor_\v\0\0\0\0\0\0\0\352\350\v(#\4\0\0\310\\-?z\2177\262"..., 26624, MSG_DONTWAIT, NULL, NULL) = 104
31740 1783932326.339662 recvfrom(79, 0x7007512840, 26624, MSG_DONTWAIT, NULL, NULL) = -1 EAGAIN (Try again)
31740 1783932326.389650 recvfrom(79, "h\0\0\0vor_\v\0\0\0\0\0\0\0\334\326\27+#\4\0\0\310\\-?iM7\262"..., 26624, MSG_DONTWAIT, NULL, NULL) = 104
31740 1783932326.390390 recvfrom(79, 0x7007512840, 26624, MSG_DONTWAIT, NULL, NULL) = -1 EAGAIN (Try again)
31740 1783932326.448545 recvfrom(79, "h\0\0\0vor_\v\0\0\0\0\0\0\0\277\300\231.#\4\0\0\310\\-?\303\0007\262"..., 26624, MSG_DONTWAIT, NULL, NULL) = 104
31740 1783932326.449365 recvfrom(79, 0x7007512840, 26624, MSG_DONTWAIT, NULL, NULL) = -1 EAGAIN (Try again)
31740 1783932326.503687 recvfrom(79, "h\0\0\0vor_\v\0\0\0\0\0\0\0\302@\3441#\4\0\0\310\\-?,\2526\262"..., 26624, MSG_DONTWAIT, NULL, NULL) = 104
31740 1783932326.504380 recvfrom(79, 0x7007512840, 26624, MSG_DONTWAIT, NULL, NULL) = -1 EAGAIN (Try again)
31740 1783932326.553733 recvfrom(79, "h\0\0\0vor_\v\0\0\0\0\0\0\0Xh\3334#\4\0\0\266\\-?_\35\340\263"..., 26624, MSG_DONTWAIT, NULL, NULL) = 104
31740 1783932326.554560 recvfrom(79, 0x7007512840, 26624, MSG_DONTWAIT, NULL, NULL) = -1 EAGAIN (Try again)
31740 1783932326.607587 recvfrom(79, "h\0\0\0vor_\v\0\0\0\0\0\0\0\316\274\228#\4\0\0\266\\-?h\257\337\263"..., 26624, MSG_DONTWAIT, NULL, NULL) = 104
31740 1783932326.608105 recvfrom(79, 0x7007512840, 26624, MSG_DONTWAIT, NULL, NULL) = -1 EAGAIN (Try again)
31740 1783932326.661351 recvfrom(79, "h\0\0\0vor_\v\0\0\0\0\0\0\0<\\G;#\4\0\0\266\\-?\0027\337\263"..., 26624, MSG_DONTWAIT, NULL, NULL) = 104
31740 1783932326.661837 recvfrom(79, 0x7007512840, 26624, MSG_DONTWAIT, NULL, NULL) = -1 EAGAIN (Try again)
31740 1783932326.716596 recvfrom(79, "h\0\0\0vor_\v\0\0\0\0\0\0\0\345[\224>#\4\0\0\266\\-?\325\264\336\263"..., 26624, MSG_DONTWAIT, NULL, NULL) = 104
31740 1783932326.717107 recvfrom(79, 0x7007512840, 26624, MSG_DONTWAIT, NULL, NULL) = -1 EAGAIN (Try again)
31740 1783932326.786560 recvfrom(79, "h\0\0\0vor_\v\0\0\0\0\0\0\0\323\363\373A#\4\0\0\266\\-?~)\336\263"..., 26624, MSG_DONTWAIT, NULL, NULL) = 104
31740 1783932326.787197 recvfrom(79, 0x7007512840, 26624, MSG_DONTWAIT, NULL, NULL) = -1 EAGAIN (Try again)
31740 1783932326.826501 recvfrom(79, "h\0\0\0vor_\v\0\0\0\0\0\0\0v\345\"E#\4\0\0\266\\-?\221\225\335\263"..., 26624, MSG_DONTWAIT, NULL, NULL) = 104
31740 1783932326.827313 recvfrom(79, 0x7007512840, 26624, MSG_DONTWAIT, NULL, NULL) = -1 EAGAIN (Try again)
31740 1783932326.885181 recvfrom(79, "h\0\0\0vor_\v\0\0\0\0\0\0\0^\10\240H#\4\0\0\266\\-?\232\371\334\263"..., 26624, MSG_DONTWAIT, NULL, NULL) = 104
31740 1783932326.885946 recvfrom(79, 0x7007512840, 26624, MSG_DONTWAIT, NULL, NULL) = -1 EAGAIN (Try again)
31740 1783932326.939072 recvfrom(79, "h\0\0\0vor_\v\0\0\0\0\0\0\0\3i\300K#\4\0\0\266\\-?\36V\334\263"..., 26624, MSG_DONTWAIT, NULL, NULL) = 104
31740 1783932326.945272 recvfrom(79, 0x7007512840, 26624, MSG_DONTWAIT, NULL, NULL) = -1 EAGAIN (Try again)
31740 1783932326.988057 recvfrom(79, "h\0\0\0vor_\v\0\0\0\0\0\0\0\233[\272N#\4\0\0\310\\-?\265J\32\262"..., 26624, MSG_DONTWAIT, NULL, NULL) = 104
31740 1783932326.988665 recvfrom(79, 0x7007512840, 26624, MSG_DONTWAIT, NULL, NULL) = -1 EAGAIN (Try again)
31740 1783932327.038324 recvfrom(79, "h\0\0\0vor_\v\0\0\0\0\0\0\0\231\235\272Q#\4\0\0\310\\-?\"\246\31\262"..., 26624, MSG_DONTWAIT, NULL, NULL) = 104
31740 1783932327.039416 recvfrom(79, 0x7007512840, 26624, MSG_DONTWAIT, NULL, NULL) = -1 EAGAIN (Try again)
31740 1783932327.097302 recvfrom(79, "h\0\0\0vor_\v\0\0\0\0\0\0\0{\211>U#\4\0\0\310\\-?`\377\30\262"..., 26624, MSG_DONTWAIT, NULL, NULL) = 104
31740 1783932327.097891 recvfrom(79, 0x7007512840, 26624, MSG_DONTWAIT, NULL, NULL) = -1 EAGAIN (Try again)
31740 1783932327.148664 recvfrom(79, "h\0\0\0vor_\v\0\0\0\0\0\0\0\357\322SX#\4\0\0\310\\-?\242V\30\262"..., 26624, MSG_DONTWAIT, NULL, NULL) = 104
31740 1783932327.149338 recvfrom(79, 0x7007512840, 26624, MSG_DONTWAIT, NULL, NULL) = -1 EAGAIN (Try again)
31740 1783932327.200470 recvfrom(79, "h\0\0\0vor_\v\0\0\0\0\0\0\0\231\244h[#\4\0\0\310\\-?\32\254\27\262"..., 26624, MSG_DONTWAIT, NULL, NULL) = 104
31740 1783932327.201083 recvfrom(79, 0x7007512840, 26624, MSG_DONTWAIT, NULL, NULL) = -1 EAGAIN (Try again)
31740 1783932327.257109 recvfrom(79, "h\0\0\0vor_\v\0\0\0\0\0\0\0x\23\316^#\4\0\0\310\\-?\365\377\26\262"..., 26624, MSG_DONTWAIT, NULL, NULL) = 104
31740 1783932327.257596 recvfrom(79, 0x7007512840, 26624, MSG_DONTWAIT, NULL, NULL) = -1 EAGAIN (Try again)
31740 1783932327.310373 recvfrom(79, "h\0\0\0vor_\v\0\0\0\0\0\0\0\304?\342a#\4\0\0\310\\-?^R\26\262"..., 26624, MSG_DONTWAIT, NULL, NULL) = 104
31740 1783932327.311199 recvfrom(79, 0x7007512840, 26624, MSG_DONTWAIT, NULL, NULL) = -1 EAGAIN (Try again)
31740 1783932327.362895 recvfrom(79, "h\0\0\0vor_\v\0\0\0\0\0\0\0+\264\fe#\4\0\0\310\\-?}\243\25\262"..., 26624, MSG_DONTWAIT, NULL, NULL) = 104
31740 1783932327.363928 recvfrom(79, 0x7007512840, 26624, MSG_DONTWAIT, NULL, NULL) = -1 EAGAIN (Try again)
31740 1783932327.415383 recvfrom(79, "h\0\0\0vor_\v\0\0\0\0\0\0\0u\0175h#\4\0\0\310\\-?y\363\24\262"..., 26624, MSG_DONTWAIT, NULL, NULL) = 104
31740 1783932327.416089 recvfrom(79, 0x7007512840, 26624, MSG_DONTWAIT, NULL, NULL) = -1 EAGAIN (Try again)
31740 1783932327.468752 recvfrom(79, "h\0\0\0vor_\v\0\0\0\0\0\0\0\217\2\\k#\4\0\0\310\\-?uB\24\262"..., 26624, MSG_DONTWAIT, NULL, NULL) = 104
31740 1783932327.469628 recvfrom(79, 0x7007512840, 26624, MSG_DONTWAIT, NULL, NULL) = -1 EAGAIN (Try again)
31740 1783932327.521941 recvfrom(79, "h\0\0\0vor_\v\0\0\0\0\0\0\0\35\1\215n#\4\0\0\310\\-?\223\220\23\262"..., 26624, MSG_DONTWAIT, NULL, NULL) = 104
31740 1783932327.522337 recvfrom(79, 0x7007512840, 26624, MSG_DONTWAIT, NULL, NULL) = -1 EAGAIN (Try again)
31740 1783932327.571780 recvfrom(79, "h\0\0\0vor_\v\0\0\0\0\0\0\0g\334\214q#\4\0\0\310\\-?\363\335\22\262"..., 26624, MSG_DONTWAIT, NULL, NULL) = 104
31740 1783932327.572377 recvfrom(79, 0x7007512840, 26624, MSG_DONTWAIT, NULL, NULL) = -1 EAGAIN (Try again)
31740 1783932327.622562 recvfrom(79, "h\0\0\0vor_\v\0\0\0\0\0\0\0\r\246\230t#\4\0\0\310\\-?\262*\22\262"..., 26624, MSG_DONTWAIT, NULL, NULL) = 104
31740 1783932327.623100 recvfrom(79, 0x7007512840, 26624, MSG_DONTWAIT, NULL, NULL) = -1 EAGAIN (Try again)
31740 1783932327.678414 recvfrom(79, "h\0\0\0vor_\v\0\0\0\0\0\0\0\270\r\272w#\4\0\0\310\\-?\354v\21\262"..., 26624, MSG_DONTWAIT, NULL, NULL) = 104
31740 1783932327.678867 recvfrom(79, 0x7007512840, 26624, MSG_DONTWAIT, NULL, NULL) = -1 EAGAIN (Try again)
31740 1783932327.727006 recvfrom(79, "h\0\0\0vor_\v\0\0\0\0\0\0\0Dm\315z#\4\0\0\310\\-?\274\302\20\262"..., 26624, MSG_DONTWAIT, NULL, NULL) = 104
31740 1783932327.727349 recvfrom(79, 0x7007512840, 26624, MSG_DONTWAIT, NULL, NULL) = -1 EAGAIN (Try again)
31740 1783932327.777023 recvfrom(79, "h\0\0\0vor_\v\0\0\0\0\0\0\0^\332\314}#\4\0\0\310\\-?:\16\20\262"..., 26624, MSG_DONTWAIT, NULL, NULL) = 104
31740 1783932327.777636 recvfrom(79, 0x7007512840, 26624, MSG_DONTWAIT, NULL, NULL) = -1 EAGAIN (Try again)
31740 1783932327.829226 recvfrom(79, "h\0\0\0vor_\v\0\0\0\0\0\0\0\374\355\352\200#\4\0\0\310\\-?}Y\17\262"..., 26624, MSG_DONTWAIT, NULL, NULL) = 104
31740 1783932327.829584 recvfrom(79, 0x7007512840, 26624, MSG_DONTWAIT, NULL, NULL) = -1 EAGAIN (Try again)
31740 1783932327.888989 recvfrom(79, "h\0\0\0vor_\v\0\0\0\0\0\0\0\301\200y\204#\4\0\0\310\\-?\233\244\16\262"..., 26624, MSG_DONTWAIT, NULL, NULL) = 104
31740 1783932327.889295 recvfrom(79, 0x7007512840, 26624, MSG_DONTWAIT, NULL, NULL) = -1 EAGAIN (Try again)
31740 1783932327.944113 recvfrom(79, "h\0\0\0vor_\v\0\0\0\0\0\0\0zC\303\207#\4\0\0\310\\-?\250\357\r\262"..., 26624, MSG_DONTWAIT, NULL, NULL) = 104
31740 1783932327.944415 recvfrom(79, 0x7007512840, 26624, MSG_DONTWAIT, NULL, NULL) = -1 EAGAIN (Try again)
31740 1783932327.994184 recvfrom(79, "h\0\0\0vor_\v\0\0\0\0\0\0\0\346\326\276\212#\4\0\0\310\\-?\270:\r\262"..., 26624, MSG_DONTWAIT, NULL, NULL) = 104
31740 1783932327.994733 recvfrom(79, 0x7007512840, 26624, MSG_DONTWAIT, NULL, NULL) = -1 EAGAIN (Try again)
31740 1783932328.048159 recvfrom(79, "h\0\0\0vor_\v\0\0\0\0\0\0\0\4\23\371\215#\4\0\0\310\\-?\334\205\f\262"..., 26624, MSG_DONTWAIT, NULL, NULL) = 104
31740 1783932328.048580 recvfrom(79, 0x7007512840, 26624, MSG_DONTWAIT, NULL, NULL) = -1 EAGAIN (Try again)
31740 1783932328.100815 recvfrom(79, "h\0\0\0vor_\v\0\0\0\0\0\0\0\204\377\33\221#\4\0\0\310\\-?&\321\v\262"..., 26624, MSG_DONTWAIT, NULL, NULL) = 104
31740 1783932328.101082 recvfrom(79, 0x7007512840, 26624, MSG_DONTWAIT, NULL, NULL) = -1 EAGAIN (Try again)
31740 1783932328.156394 recvfrom(79, "h\0\0\0vor_\v\0\0\0\0\0\0\0B\277j\224#\4\0\0\310\\-?\245\34\v\262"..., 26624, MSG_DONTWAIT, NULL, NULL) = 104
31740 1783932328.156708 recvfrom(79, 0x7007512840, 26624, MSG_DONTWAIT, NULL, NULL) = -1 EAGAIN (Try again)
31740 1783932328.215190 recvfrom(79, "h\0\0\0vor_\v\0\0\0\0\0\0\0\342\4\343\227#\4\0\0\310\\-?ih\n\262"..., 26624, MSG_DONTWAIT, NULL, NULL) = 104
31740 1783932328.215780 recvfrom(79, 0x7007512840, 26624, MSG_DONTWAIT, NULL, NULL) = -1 EAGAIN (Try again)
31740 1783932328.268991 recvfrom(79, "h\0\0\0vor_\v\0\0\0\0\0\0\0M\34!\233#\4\0\0\310\\-?~\264\t\262"..., 26624, MSG_DONTWAIT, NULL, NULL) = 104
31740 1783932328.269463 recvfrom(79, 0x7007512840, 26624, MSG_DONTWAIT, NULL, NULL) = -1 EAGAIN (Try again)
31740 1783932328.324109 recvfrom(79, "h\0\0\0vor_\v\0\0\0\0\0\0\0002\255i\236#\4\0\0\310\\-?\362\0\t\262"..., 26624, MSG_DONTWAIT, NULL, NULL) = 104
31740 1783932328.324331 recvfrom(79, 0x7007512840, 26624, MSG_DONTWAIT, NULL, NULL) = -1 EAGAIN (Try again)
31740 1783932328.376589 recvfrom(79, "h\0\0\0vor_\v\0\0\0\0\0\0\09%\200\241#\4\0\0\310\\-?\321M\10\262"..., 26624, MSG_DONTWAIT, NULL, NULL) = 104
31740 1783932328.377110 recvfrom(79, 0x7007512840, 26624, MSG_DONTWAIT, NULL, NULL) = -1 EAGAIN (Try again)
31740 1783932328.429770 recvfrom(79, "h\0\0\0vor_\v\0\0\0\0\0\0\0\25g\265\244#\4\0\0\310\\-?(\233\7\262"..., 26624, MSG_DONTWAIT, NULL, NULL) = 104
31740 1783932328.430144 recvfrom(79, 0x7007512840, 26624, MSG_DONTWAIT, NULL, NULL) = -1 EAGAIN (Try again)
31740 1783932328.484964 recvfrom(79, "h\0\0\0vor_\v\0\0\0\0\0\0\0\255u\0\250#\4\0\0\310\\-?\0\351\6\262"..., 26624, MSG_DONTWAIT, NULL, NULL) = 104
31740 1783932328.485252 recvfrom(79, 0x7007512840, 26624, MSG_DONTWAIT, NULL, NULL) = -1 EAGAIN (Try again)
31740 1783932328.544525 recvfrom(79, "h\0\0\0vor_\v\0\0\0\0\0\0\0\0\32\216\253#\4\0\0\310\\-?d7\6\262"..., 26624, MSG_DONTWAIT, NULL, NULL) = 104
31740 1783932328.544776 recvfrom(79, 0x7007512840, 26624, MSG_DONTWAIT, NULL, NULL) = -1 EAGAIN (Try again)
31740 1783932328.599457 recvfrom(79, "h\0\0\0vor_\v\0\0\0\0\0\0\0$u\324\256#\4\0\0\310\\-?]\206\5\262"..., 26624, MSG_DONTWAIT, NULL, NULL) = 104
31740 1783932328.599757 recvfrom(79, 0x7007512840, 26624, MSG_DONTWAIT, NULL, NULL) = -1 EAGAIN (Try again)
31740 1783932328.658589 recvfrom(79, "h\0\0\0vor_\v\0\0\0\0\0\0\0\350\16T\262#\4\0\0\310\\-?\363\325\4\262"..., 26624, MSG_DONTWAIT, NULL, NULL) = 104
31740 1783932328.658966 recvfrom(79, 0x7007512840, 26624, MSG_DONTWAIT, NULL, NULL) = -1 EAGAIN (Try again)
31740 1783932328.714903 recvfrom(79, "h\0\0\0vor_\v\0\0\0\0\0\0\0\36m\257\265#\4\0\0\310\\-?/&\4\262"..., 26624, MSG_DONTWAIT, NULL, NULL) = 104
31740 1783932328.717802 recvfrom(79, 0x7007512840, 26624, MSG_DONTWAIT, NULL, NULL) = -1 EAGAIN (Try again)
31740 1783932328.769576 recvfrom(79, "h\0\0\0vor_\v\0\0\0\0\0\0\0\201\17\336\270#\4\0\0\310\\-?\31w\3\262"..., 26624, MSG_DONTWAIT, NULL, NULL) = 104
31740 1783932328.770188 recvfrom(79, 0x7007512840, 26624, MSG_DONTWAIT, NULL, NULL) = -1 EAGAIN (Try again)
31740 1783932328.822365 recvfrom(79, "h\0\0\0vor_\v\0\0\0\0\0\0\0\225}\30\274#\4\0\0\310\\-?\267\310\2\262"..., 26624, MSG_DONTWAIT, NULL, NULL) = 104
31740 1783932328.823089 recvfrom(79, 0x7007512840, 26624, MSG_DONTWAIT, NULL, NULL) = -1 EAGAIN (Try again)
31740 1783932328.880878 recvfrom(79, "h\0\0\0vor_\v\0\0\0\0\0\0\0\313\323\210\277#\4\0\0\310\\-?\20\33\2\262"..., 26624, MSG_DONTWAIT, NULL, NULL) = 104
31740 1783932328.881581 recvfrom(79, 0x7007512840, 26624, MSG_DONTWAIT, NULL, NULL) = -1 EAGAIN (Try again)
31740 1783932328.933470 recvfrom(79, "h\0\0\0vor_\v\0\0\0\0\0\0\0~\211\255\302#\4\0\0\310\\-?*n\1\262"..., 26624, MSG_DONTWAIT, NULL, NULL) = 104
31740 1783932328.933962 recvfrom(79, 0x7007512840, 26624, MSG_DONTWAIT, NULL, NULL) = -1 EAGAIN (Try again)
31740 1783932328.985608 recvfrom(79, "h\0\0\0vor_\v\0\0\0\0\0\0\0\373:\275\305#\4\0\0\310\\-?\n\302\0\262"..., 26624, MSG_DONTWAIT, NULL, NULL) = 104
31740 1783932328.986134 recvfrom(79, 0x7007512840, 26624, MSG_DONTWAIT, NULL, NULL) = -1 EAGAIN (Try again)
31740 1783932329.036045 recvfrom(79, "h\0\0\0vor_\v\0\0\0\0\0\0\0$\35\306\310#\4\0\0\310\\-?\266\26\0\262"..., 26624, MSG_DONTWAIT, NULL, NULL) = 104
31740 1783932329.036828 recvfrom(79, 0x7007512840, 26624, MSG_DONTWAIT, NULL, NULL) = -1 EAGAIN (Try again)
31740 1783932329.088948 recvfrom(79, "h\0\0\0vor_\v\0\0\0\0\0\0\0\37\"\2\314#\4\0\0\310\\-?e\330\376\261"..., 26624, MSG_DONTWAIT, NULL, NULL) = 104
31740 1783932329.089187 recvfrom(79, 0x7007512840, 26624, MSG_DONTWAIT, NULL, NULL) = -1 EAGAIN (Try again)
31740 1783932329.139693 recvfrom(79, "h\0\0\0vor_\v\0\0\0\0\0\0\0\321\303\2\317#\4\0\0\310\\-?\t\205\375\261"..., 26624, MSG_DONTWAIT, NULL, NULL) = 104
31740 1783932329.140039 recvfrom(79, 0x7007512840, 26624, MSG_DONTWAIT, NULL, NULL) = -1 EAGAIN (Try again)
31740 1783932329.190936 recvfrom(79, "h\0\0\0vor_\v\0\0\0\0\0\0\0000\4\22\322#\4\0\0\310\\-?_3\374\261"..., 26624, MSG_DONTWAIT, NULL, NULL) = 104
31740 1783932329.191552 recvfrom(79, 0x7007512840, 26624, MSG_DONTWAIT, NULL, NULL) = -1 EAGAIN (Try again)
31740 1783932329.249330 recvfrom(79, "h\0\0\0vor_\v\0\0\0\0\0\0\0\235/m\325#\4\0\0\310\\-?o\343\372\261"..., 26624, MSG_DONTWAIT, NULL, NULL) = 104
31740 1783932329.249967 recvfrom(79, 0x7007512840, 26624, MSG_DONTWAIT, NULL, NULL) = -1 EAGAIN (Try again)
31740 1783932329.303231 recvfrom(79, "h\0\0\0vor_\v\0\0\0\0\0\0\0\230\250\256\330#\4\0\0\310\\-?@\225\371\261"..., 26624, MSG_DONTWAIT, NULL, NULL) = 104
31740 1783932329.304571 recvfrom(79, 0x7007512840, 26624, MSG_DONTWAIT, NULL, NULL) = -1 EAGAIN (Try again)
31740 1783932329.354596 recvfrom(79, "h\0\0\0vor_\v\0\0\0\0\0\0\0\242-\314\333#\4\0\0\310\\-?\331H\370\261"..., 26624, MSG_DONTWAIT, NULL, NULL) = 104
31740 1783932329.355212 recvfrom(79, 0x7007512840, 26624, MSG_DONTWAIT, NULL, NULL) = -1 EAGAIN (Try again)
31740 1783932329.406964 recvfrom(79, "h\0\0\0vor_\v\0\0\0\0\0\0\0\204*\345\336#\4\0\0\310\\-??\376\366\261"..., 26624, MSG_DONTWAIT, NULL, NULL) = 104
31740 1783932329.409467 recvfrom(79, 0x7007512840, 26624, MSG_DONTWAIT, NULL, NULL) = -1 EAGAIN (Try again)
31740 1783932329.464668 recvfrom(79, "h\0\0\0vor_\v\0\0\0\0\0\0\0\255rZ\342#\4\0\0\310\\-?w\265\365\261"..., 26624, MSG_DONTWAIT, NULL, NULL) = 104
31740 1783932329.465183 recvfrom(79, 0x7007512840, 26624, MSG_DONTWAIT, NULL, NULL) = -1 EAGAIN (Try again)
31740 1783932329.518925 recvfrom(79, "h\0\0\0vor_\v\0\0\0\0\0\0\0\342G\222\345#\4\0\0\310\\-?\205n\364\261"..., 26624, MSG_DONTWAIT, NULL, NULL) = 104
31740 1783932329.519429 recvfrom(79, 0x7007512840, 26624, MSG_DONTWAIT, NULL, NULL) = -1 EAGAIN (Try again)
31740 1783932329.569769 recvfrom(79, "h\0\0\0vor_\v\0\0\0\0\0\0\0\200\t\224\350#\4\0\0\310\\-?n)\363\261"..., 26624, MSG_DONTWAIT, NULL, NULL) = 104
31740 1783932329.570478 recvfrom(79, 0x7007512840, 26624, MSG_DONTWAIT, NULL, NULL) = -1 EAGAIN (Try again)
31740 1783932329.625299 recvfrom(79, "h\0\0\0vor_\v\0\0\0\0\0\0\0\352!\351\353#\4\0\0\310\\-?7\346\361\261"..., 26624, MSG_DONTWAIT, NULL, NULL) = 104
31740 1783932329.625971 recvfrom(79, 0x7007512840, 26624, MSG_DONTWAIT, NULL, NULL) = -1 EAGAIN (Try again)
31740 1783932329.682729 recvfrom(79, "h\0\0\0vor_\v\0\0\0\0\0\0\0\303\342i\357#\4\0\0\310\\-?\342\244\360\261"..., 26624, MSG_DONTWAIT, NULL, NULL) = 104
31740 1783932329.682932 recvfrom(79, 0x7007512840, 26624, MSG_DONTWAIT, NULL, NULL) = -1 EAGAIN (Try again)
31740 1783932329.741904 recvfrom(79, "h\0\0\0vor_\v\0\0\0\0\0\0\0\362R\355\362#\4\0\0\310\\-?re\357\261"..., 26624, MSG_DONTWAIT, NULL, NULL) = 104
31740 1783932329.742155 recvfrom(79, 0x7007512840, 26624, MSG_DONTWAIT, NULL, NULL) = -1 EAGAIN (Try again)
31740 1783932329.798672 recvfrom(79, "h\0\0\0vor_\v\0\0\0\0\0\0\0E:6\366#\4\0\0\310\\-?\351'\356\261"..., 26624, MSG_DONTWAIT, NULL, NULL) = 104
31740 1783932329.799106 recvfrom(79, 0x7007512840, 26624, MSG_DONTWAIT, NULL, NULL) = -1 EAGAIN (Try again)
31740 1783932329.848252 recvfrom(79, "h\0\0\0vor_\v\0\0\0\0\0\0\0\326(H\371#\4\0\0\310\\-?J\354\354\261"..., 26624, MSG_DONTWAIT, NULL, NULL) = 104
31740 1783932329.848524 recvfrom(79, 0x7007512840, 26624, MSG_DONTWAIT, NULL, NULL) = -1 EAGAIN (Try again)
31740 1783932329.906949 recvfrom(79, "h\0\0\0vor_\v\0\0\0\0\0\0\0\336\r\304\374#\4\0\0\310\\-?\227\262\353\261"..., 26624, MSG_DONTWAIT, NULL, NULL) = 104
31740 1783932329.907131 recvfrom(79, 0x7007512840, 26624, MSG_DONTWAIT, NULL, NULL) = -1 EAGAIN (Try again)
31740 1783932329.959052 recvfrom(79, "h\0\0\0vor_\v\0\0\0\0\0\0\0\274\334\336\377#\4\0\0\310\\-?\322z\352\261"..., 26624, MSG_DONTWAIT, NULL, NULL) = 104
31740 1783932329.959697 recvfrom(79, 0x7007512840, 26624, MSG_DONTWAIT, NULL, NULL) = -1 EAGAIN (Try again)
31740 1783932330.010602 recvfrom(79, "h\0\0\0vor_\v\0\0\0\0\0\0\0*\275\361\2$\4\0\0\310\\-?\373D\351\261"..., 26624, MSG_DONTWAIT, NULL, NULL) = 104
31740 1783932330.010994 recvfrom(79, 0x7007512840, 26624, MSG_DONTWAIT, NULL, NULL) = -1 EAGAIN (Try again)
31740 1783932330.068875 recvfrom(79, "h\0\0\0vor_\v\0\0\0\0\0\0\0aKj\6$\4\0\0\310\\-?\24\21\350\261"..., 26624, MSG_DONTWAIT, NULL, NULL) = 104
31740 1783932330.069067 recvfrom(79, 0x7007512840, 26624, MSG_DONTWAIT, NULL, NULL) = -1 EAGAIN (Try again)
31740 1783932330.119772 recvfrom(79, "h\0\0\0vor_\v\0\0\0\0\0\0\0'\16t\t$\4\0\0\310\\-?\34\337\346\261"..., 26624, MSG_DONTWAIT, NULL, NULL) = 104
31740 1783932330.120076 recvfrom(79, 0x7007512840, 26624, MSG_DONTWAIT, NULL, NULL) = -1 EAGAIN (Try again)
31740 1783932330.177311 recvfrom(79, "h\0\0\0vor_\v\0\0\0\0\0\0\0d\242\300\f$\4\0\0\310\\-?\25\257\345\261"..., 26624, MSG_DONTWAIT, NULL, NULL) = 104
31740 1783932330.177775 recvfrom(79, 0x7007512840, 26624, MSG_DONTWAIT, NULL, NULL) = -1 EAGAIN (Try again)
31740 1783932330.229792 recvfrom(79, "h\0\0\0vor_\v\0\0\0\0\0\0\0\207+\4\20$\4\0\0\310\\-?\377\200\344\261"..., 26624, MSG_DONTWAIT, NULL, NULL) = 104
31740 1783932330.230146 recvfrom(79, 0x7007512840, 26624, MSG_DONTWAIT, NULL, NULL) = -1 EAGAIN (Try again)
31740 1783932330.281570 recvfrom(79, "h\0\0\0vor_\v\0\0\0\0\0\0\0\330r\30\23$\4\0\0\310\\-?\331T\343\261"..., 26624, MSG_DONTWAIT, NULL, NULL) = 104
31740 1783932330.281806 recvfrom(79, 0x7007512840, 26624, MSG_DONTWAIT, NULL, NULL) = -1 EAGAIN (Try again)
31740 1783932330.336222 recvfrom(79, "h\0\0\0vor_\v\0\0\0\0\0\0\0\34>W\26$\4\0\0\310\\-?\244*\342\261"..., 26624, MSG_DONTWAIT, NULL, NULL) = 104
31740 1783932330.336458 recvfrom(79, 0x7007512840, 26624, MSG_DONTWAIT, NULL, NULL) = -1 EAGAIN (Try again)
31740 1783932330.391409 recvfrom(79, "h\0\0\0vor_\v\0\0\0\0\0\0\0\215\242\236\31$\4\0\0\310\\-?_\2\341\261"..., 26624, MSG_DONTWAIT, NULL, NULL) = 104
31740 1783932330.391845 recvfrom(79, 0x7007512840, 26624, MSG_DONTWAIT, NULL, NULL) = -1 EAGAIN (Try again)
31740 1783932330.445778 recvfrom(79, "h\0\0\0vor_\v\0\0\0\0\0\0\0\244\235\343\34$\4\0\0\310\\-?\n\334\337\261"..., 26624, MSG_DONTWAIT, NULL, NULL) = 104
31740 1783932330.446160 recvfrom(79, 0x7007512840, 26624, MSG_DONTWAIT, NULL, NULL) = -1 EAGAIN (Try again)
31740 1783932330.497694 recvfrom(79, "h\0\0\0vor_\v\0\0\0\0\0\0\0\266\230\373\37$\4\0\0\310\\-?\244\267\336\261"..., 26624, MSG_DONTWAIT, NULL, NULL) = 104
31740 1783932330.497928 recvfrom(79, 0x7007512840, 26624, MSG_DONTWAIT, NULL, NULL) = -1 EAGAIN (Try again)
31740 1783932330.558016 recvfrom(79, "h\0\0\0vor_\v\0\0\0\0\0\0\0e\373\215#$\4\0\0\310\\-?+\225\335\261"..., 26624, MSG_DONTWAIT, NULL, NULL) = 104
31740 1783932330.558419 recvfrom(79, 0x7007512840, 26624, MSG_DONTWAIT, NULL, NULL) = -1 EAGAIN (Try again)
31740 1783932330.610726 recvfrom(79, "h\0\0\0vor_\v\0\0\0\0\0\0\0G\25\267&$\4\0\0\310\\-?\236t\334\261"..., 26624, MSG_DONTWAIT, NULL, NULL) = 104
31740 1783932330.611074 recvfrom(79, 0x7007512840, 26624, MSG_DONTWAIT, NULL, NULL) = -1 EAGAIN (Try again)
31740 1783932330.660332 recvfrom(79, "h\0\0\0vor_\v\0\0\0\0\0\0\0\367\7\256)$\4\0\0\332\\-?\205\353\2633"..., 26624, MSG_DONTWAIT, NULL, NULL) = 104
31740 1783932330.660527 recvfrom(79, 0x7007512840, 26624, MSG_DONTWAIT, NULL, NULL) = -1 EAGAIN (Try again)
31740 1783932330.719338 recvfrom(79, "h\0\0\0vor_\v\0\0\0\0\0\0\0,\227.-$\4\0\0\332\\-?aQ\2633"..., 26624, MSG_DONTWAIT, NULL, NULL) = 104
31740 1783932330.719536 recvfrom(79, 0x7007512840, 26624, MSG_DONTWAIT, NULL, NULL) = -1 EAGAIN (Try again)
31740 1783932330.775190 recvfrom(79, "h\0\0\0vor_\v\0\0\0\0\0\0\0001\254\2040$\4\0\0\332\\-?\330\265\2623"..., 26624, MSG_DONTWAIT, NULL, NULL) = 104
31740 1783932330.775421 recvfrom(79, 0x7007512840, 26624, MSG_DONTWAIT, NULL, NULL) = -1 EAGAIN (Try again)
31740 1783932330.826305 recvfrom(79, "h\0\0\0vor_\v\0\0\0\0\0\0\0\27'\2213$\4\0\0\332\\-?\1\31\2623"..., 26624, MSG_DONTWAIT, NULL, NULL) = 104
31740 1783932330.826740 recvfrom(79, 0x7007512840, 26624, MSG_DONTWAIT, NULL, NULL) = -1 EAGAIN (Try again)
31740 1783932330.884123 recvfrom(79, "h\0\0\0vor_\v\0\0\0\0\0\0\0ZU\0057$\4\0\0\332\\-?\362z\2613"..., 26624, MSG_DONTWAIT, NULL, NULL) = 104
31740 1783932330.884328 recvfrom(79, 0x7007512840, 26624, MSG_DONTWAIT, NULL, NULL) = -1 EAGAIN (Try again)
31740 1783932330.935995 recvfrom(79, "h\0\0\0vor_\v\0\0\0\0\0\0\0\\;\32:$\4\0\0\332\\-?\277\333\2603"..., 26624, MSG_DONTWAIT, NULL, NULL) = 104
31740 1783932330.936224 recvfrom(79, 0x7007512840, 26624, MSG_DONTWAIT, NULL, NULL) = -1 EAGAIN (Try again)
31740 1783932330.997300 recvfrom(79, "h\0\0\0vor_\v\0\0\0\0\0\0\0Z\205\247=$\4\0\0\332\\-?};\2603"..., 26624, MSG_DONTWAIT, NULL, NULL) = 104
31740 1783932330.997889 recvfrom(79, 0x7007512840, 26624, MSG_DONTWAIT, NULL, NULL) = -1 EAGAIN (Try again)
31740 1783932331.047174 recvfrom(79, "h\0\0\0vor_\v\0\0\0\0\0\0\0B\262\271@$\4\0\0\332\\-?@\232\2573"..., 26624, MSG_DONTWAIT, NULL, NULL) = 104
31740 1783932331.047490 recvfrom(79, 0x7007512840, 26624, MSG_DONTWAIT, NULL, NULL) = -1 EAGAIN (Try again)
31740 1783932331.099231 recvfrom(79, "h\0\0\0vor_\v\0\0\0\0\0\0\0bj\326C$\4\0\0\332\\-?\33\370\2563"..., 26624, MSG_DONTWAIT, NULL, NULL) = 104
31740 1783932331.099455 recvfrom(79, 0x7007512840, 26624, MSG_DONTWAIT, NULL, NULL) = -1 EAGAIN (Try again)
31740 1783932331.155566 recvfrom(79, "h\0\0\0vor_\v\0\0\0\0\0\0\0;\243-G$\4\0\0\332\\-?\36U\2563"..., 26624, MSG_DONTWAIT, NULL, NULL) = 104
31740 1783932331.155826 recvfrom(79, 0x7007512840, 26624, MSG_DONTWAIT, NULL, NULL) = -1 EAGAIN (Try again)
31740 1783932331.206859 recvfrom(79, "h\0\0\0vor_\v\0\0\0\0\0\0\0\0230<J$\4\0\0\332\\-?\\\261\2553"..., 26624, MSG_DONTWAIT, NULL, NULL) = 104
31740 1783932331.207433 recvfrom(79, 0x7007512840, 26624, MSG_DONTWAIT, NULL, NULL) = -1 EAGAIN (Try again)
31740 1783932331.256530 recvfrom(79, "h\0\0\0vor_\v\0\0\0\0\0\0\0\361@6M$\4\0\0\354\\-?\333784"..., 26624, MSG_DONTWAIT, NULL, NULL) = 104
31740 1783932331.256845 recvfrom(79, 0x7007512840, 26624, MSG_DONTWAIT, NULL, NULL) = -1 EAGAIN (Try again)
31740 1783932331.315838 recvfrom(79, "h\0\0\0vor_\v\0\0\0\0\0\0\0\7\273\277P$\4\0\0\354\\-?r\32074"..., 26624, MSG_DONTWAIT, NULL, NULL) = 104
31740 1783932331.316056 recvfrom(79, 0x7007512840, 26624, MSG_DONTWAIT, NULL, NULL) = -1 EAGAIN (Try again)
31740 1783932331.368915 recvfrom(79, "h\0\0\0vor_\v\0\0\0\0\0\0\0\236\250\347S$\4\0\0\354\\-?pf74"..., 26624, MSG_DONTWAIT, NULL, NULL) = 104
31740 1783932331.369272 recvfrom(79, 0x7007512840, 26624, MSG_DONTWAIT, NULL, NULL) = -1 EAGAIN (Try again)
31740 1783932331.422191 recvfrom(79, "h\0\0\0vor_\v\0\0\0\0\0\0\0\0242\377V$\4\0\0\354\\-?\364\37164"..., 26624, MSG_DONTWAIT, NULL, NULL) = 104
31740 1783932331.422554 recvfrom(79, 0x7007512840, 26624, MSG_DONTWAIT, NULL, NULL) = -1 EAGAIN (Try again)
31740 1783932331.472802 recvfrom(79, "h\0\0\0vor_\v\0\0\0\0\0\0\0\222\n\33Z$\4\0\0\354\\-?\33\21364"..., 26624, MSG_DONTWAIT, NULL, NULL) = 104
31740 1783932331.472978 recvfrom(79, 0x7007512840, 26624, MSG_DONTWAIT, NULL, NULL) = -1 EAGAIN (Try again)
31740 1783932331.530720 recvfrom(79, "h\0\0\0vor_\v\0\0\0\0\0\0\0^<\215]$\4\0\0\354\\-?\2\03264"..., 26624, MSG_DONTWAIT, NULL, NULL) = 104
31740 1783932331.530926 recvfrom(79, 0x7007512840, 26624, MSG_DONTWAIT, NULL, NULL) = -1 EAGAIN (Try again)
31740 1783932331.585617 recvfrom(79, "h\0\0\0vor_\v\0\0\0\0\0\0\0I\354\322`$\4\0\0\354\\-?\304\24654"..., 26624, MSG_DONTWAIT, NULL, NULL) = 104
31740 1783932331.585815 recvfrom(79, 0x7007512840, 26624, MSG_DONTWAIT, NULL, NULL) = -1 EAGAIN (Try again)
31740 1783932331.641372 recvfrom(79, "h\0\0\0vor_\v\0\0\0\0\0\0\0\306\5%d$\4\0\0\354\\-?|154"..., 26624, MSG_DONTWAIT, NULL, NULL) = 104
31740 1783932331.641596 recvfrom(79, 0x7007512840, 26624, MSG_DONTWAIT, NULL, NULL) = -1 EAGAIN (Try again)
31740 1783932331.696717 recvfrom(79, "h\0\0\0vor_\v\0\0\0\0\0\0\0\326tng$\4\0\0\354\\-?D\27244"..., 26624, MSG_DONTWAIT, NULL, NULL) = 104
31740 1783932331.697031 recvfrom(79, 0x7007512840, 26624, MSG_DONTWAIT, NULL, NULL) = -1 EAGAIN (Try again)
31740 1783932331.754407 recvfrom(79, "h\0\0\0vor_\v\0\0\0\0\0\0\0gs\323j$\4\0\0\354\\-?4A44"..., 26624, MSG_DONTWAIT, NULL, NULL) = 104
31740 1783932331.755321 recvfrom(79, 0x7007512840, 26624, MSG_DONTWAIT, NULL, NULL) = -1 EAGAIN (Try again)
31740 1783932331.809329 recvfrom(79, "h\0\0\0vor_\v\0\0\0\0\0\0\0)\23\27n$\4\0\0\354\\-?d\30634"..., 26624, MSG_DONTWAIT, NULL, NULL) = 104
31740 1783932331.809971 recvfrom(79, 0x7007512840, 26624, MSG_DONTWAIT, NULL, NULL) = -1 EAGAIN (Try again)
31740 1783932331.860255 recvfrom(79, "h\0\0\0vor_\v\0\0\0\0\0\0\0\314A\37q$\4\0\0\354\\-?\352I34"..., 26624, MSG_DONTWAIT, NULL, NULL) = 104
31740 1783932331.861033 recvfrom(79, 0x7007512840, 26624, MSG_DONTWAIT, NULL, NULL) = -1 EAGAIN (Try again)
31740 1783932331.913158 recvfrom(79, "h\0\0\0vor_\v\0\0\0\0\0\0\0\311aSt$\4\0\0\354\\-?\335\31324"..., 26624, MSG_DONTWAIT, NULL, NULL) = 104
31740 1783932331.913764 recvfrom(79, 0x7007512840, 26624, MSG_DONTWAIT, NULL, NULL) = -1 EAGAIN (Try again)
31740 1783932331.968035 recvfrom(79, "h\0\0\0vor_\v\0\0\0\0\0\0\0\0\33\232w$\4\0\0\354\\-?QL24"..., 26624, MSG_DONTWAIT, NULL, NULL) = 104
31740 1783932331.968662 recvfrom(79, 0x7007512840, 26624, MSG_DONTWAIT, NULL, NULL) = -1 EAGAIN (Try again)
31740 1783932332.021326 recvfrom(79, "h\0\0\0vor_\v\0\0\0\0\0\0\0\4\217\272z$\4\0\0\354\\-?Z\31314"..., 26624, MSG_DONTWAIT, NULL, NULL) = 104
31740 1783932332.021718 recvfrom(79, 0x7007512840, 26624, MSG_DONTWAIT, NULL, NULL) = -1 EAGAIN (Try again)
31740 1783932332.078680 recvfrom(79, "h\0\0\0vor_\v\0\0\0\0\0\0\0\3\222(~$\4\0\0\354\\-?\fI14"..., 26624, MSG_DONTWAIT, NULL, NULL) = 104
31740 1783932332.080880 recvfrom(79, 0x7007512840, 26624, MSG_DONTWAIT, NULL, NULL) = -1 EAGAIN (Try again)
31740 1783932332.133493 recvfrom(79, "h\0\0\0vor_\v\0\0\0\0\0\0\0\346\271v\201$\4\0\0\354\\-?z\30504"..., 26624, MSG_DONTWAIT, NULL, NULL) = 104
31740 1783932332.134494 recvfrom(79, 0x7007512840, 26624, MSG_DONTWAIT, NULL, NULL) = -1 EAGAIN (Try again)
31740 1783932332.185170 recvfrom(79, "h\0\0\0vor_\v\0\0\0\0\0\0\0R\247y\204$\4\0\0\354\\-?\265@04"..., 26624, MSG_DONTWAIT, NULL, NULL) = 104
31740 1783932332.185764 recvfrom(79, 0x7007512840, 26624, MSG_DONTWAIT, NULL, NULL) = -1 EAGAIN (Try again)
31740 1783932332.244253 recvfrom(79, "h\0\0\0vor_\v\0\0\0\0\0\0\0\257\224\5\210$\4\0\0\354\\-?\317\272/4"..., 26624, MSG_DONTWAIT, NULL, NULL) = 104
31740 1783932332.244887 recvfrom(79, 0x7007512840, 26624, MSG_DONTWAIT, NULL, NULL) = -1 EAGAIN (Try again)
31740 1783932332.300021 recvfrom(79, "h\0\0\0vor_\v\0\0\0\0\0\0\0\361\256U\213$\4\0\0\354\\-?\3313/4"..., 26624, MSG_DONTWAIT, NULL, NULL) = 104
31740 1783932332.300654 recvfrom(79, 0x7007512840, 26624, MSG_DONTWAIT, NULL, NULL) = -1 EAGAIN (Try again)
31740 1783932332.356363 recvfrom(79, "h\0\0\0vor_\v\0\0\0\0\0\0\0Oz\266\216$\4\0\0\354\\-?\343\253.4"..., 26624, MSG_DONTWAIT, NULL, NULL) = 104
31740 1783932332.356790 recvfrom(79, 0x7007512840, 26624, MSG_DONTWAIT, NULL, NULL) = -1 EAGAIN (Try again)
31740 1783932332.407825 recvfrom(79, "h\0\0\0vor_\v\0\0\0\0\0\0\0\250O\327\221$\4\0\0\354\\-?\374\".4"..., 26624, MSG_DONTWAIT, NULL, NULL) = 104
31740 1783932332.408041 recvfrom(79, 0x7007512840, 26624, MSG_DONTWAIT, NULL, NULL) = -1 EAGAIN (Try again)
31740 1783932332.460035 recvfrom(79, "h\0\0\0vor_\v\0\0\0\0\0\0\0\365g\354\224$\4\0\0\354\\-?3\231-4"..., 26624, MSG_DONTWAIT, NULL, NULL) = 104
31740 1783932332.460380 recvfrom(79, 0x7007512840, 26624, MSG_DONTWAIT, NULL, NULL) = -1 EAGAIN (Try again)
31740 1783932332.519285 recvfrom(79, "h\0\0\0vor_\v\0\0\0\0\0\0\0\r\237b\230$\4\0\0\354\\-?\226\16-4"..., 26624, MSG_DONTWAIT, NULL, NULL) = 104
31740 1783932332.519884 recvfrom(79, 0x7007512840, 26624, MSG_DONTWAIT, NULL, NULL) = -1 EAGAIN (Try again)
31740 1783932332.576267 recvfrom(79, "h\0\0\0vor_\v\0\0\0\0\0\0\0,\336\323\233$\4\0\0\354\\-?4\203,4"..., 26624, MSG_DONTWAIT, NULL, NULL) = 104
31740 1783932332.576728 recvfrom(79, 0x7007512840, 26624, MSG_DONTWAIT, NULL, NULL) = -1 EAGAIN (Try again)
31740 1783932332.624298 recvfrom(79, "h\0\0\0vor_\v\0\0\0\0\0\0\0'\364\272\236$\4\0\0\332\\-?D\225\2343"..., 26624, MSG_DONTWAIT, NULL, NULL) = 104
31740 1783932332.624623 recvfrom(79, 0x7007512840, 26624, MSG_DONTWAIT, NULL, NULL) = -1 EAGAIN (Try again)
31740 1783932332.675554 recvfrom(79, "h\0\0\0vor_\v\0\0\0\0\0\0\0\373\317\313\241$\4\0\0\332\\-?\332?\2343"..., 26624, MSG_DONTWAIT, NULL, NULL) = 104
31740 1783932332.675766 recvfrom(79, 0x7007512840, 26624, MSG_DONTWAIT, NULL, NULL) = -1 EAGAIN (Try again)
31740 1783932332.728533 recvfrom(79, "h\0\0\0vor_\v\0\0\0\0\0\0\0\374\332\361\244$\4\0\0\332\\-?\327\350\2333"..., 26624, MSG_DONTWAIT, NULL, NULL) = 104
31740 1783932332.728744 recvfrom(79, 0x7007512840, 26624, MSG_DONTWAIT, NULL, NULL) = -1 EAGAIN (Try again)
31740 1783932332.788986 recvfrom(79, "h\0\0\0vor_\v\0\0\0\0\0\0\0F\260\205\250$\4\0\0\332\\-?L\220\2333"..., 26624, MSG_DONTWAIT, NULL, NULL) = 104
31740 1783932332.789278 recvfrom(79, 0x7007512840, 26624, MSG_DONTWAIT, NULL, NULL) = -1 EAGAIN (Try again)
31740 1783932332.841514 recvfrom(79, "h\0\0\0vor_\v\0\0\0\0\0\0\0\35-\257\253$\4\0\0\332\\-?K6\2333"..., 26624, MSG_DONTWAIT, NULL, NULL) = 104
31740 1783932332.841912 recvfrom(79, 0x7007512840, 26624, MSG_DONTWAIT, NULL, NULL) = -1 EAGAIN (Try again)
31740 1783932332.895584 recvfrom(79, "h\0\0\0vor_\v\0\0\0\0\0\0\0'\215\347\256$\4\0\0\332\\-?\345\332\2323"..., 26624, MSG_DONTWAIT, NULL, NULL) = 104
31740 1783932332.895804 recvfrom(79, 0x7007512840, 26624, MSG_DONTWAIT, NULL, NULL) = -1 EAGAIN (Try again)
31740 1783932332.947084 recvfrom(79, "h\0\0\0vor_\v\0\0\0\0\0\0\0\361\263\374\261$\4\0\0\332\\-?,~\2323"..., 26624, MSG_DONTWAIT, NULL, NULL) = 104
31740 1783932332.947395 recvfrom(79, 0x7007512840, 26624, MSG_DONTWAIT, NULL, NULL) = -1 EAGAIN (Try again)
31740 1783932333.004748 recvfrom(79, "h\0\0\0vor_\v\0\0\0\0\0\0\0\267\263N\265$\4\0\0\332\\-?/ \2323"..., 26624, MSG_DONTWAIT, NULL, NULL) = 104
31740 1783932333.007081 recvfrom(79, 0x7007512840, 26624, MSG_DONTWAIT, NULL, NULL) = -1 EAGAIN (Try again)
31740 1783932333.054066 recvfrom(79, "h\0\0\0vor_\v\0\0\0\0\0\0\0\305bW\270$\4\0\0\332\\-?\376\300\2313"..., 26624, MSG_DONTWAIT, NULL, NULL) = 104
31740 1783932333.054264 recvfrom(79, 0x7007512840, 26624, MSG_DONTWAIT, NULL, NULL) = -1 EAGAIN (Try again)
31740 1783932333.106424 recvfrom(79, "h\0\0\0vor_\v\0\0\0\0\0\0\0\21By\273$\4\0\0\332\\-?\247`\2313"..., 26624, MSG_DONTWAIT, NULL, NULL) = 104
31740 1783932333.106632 recvfrom(79, 0x7007512840, 26624, MSG_DONTWAIT, NULL, NULL) = -1 EAGAIN (Try again)
31740 1783932333.161586 recvfrom(79, "h\0\0\0vor_\v\0\0\0\0\0\0\0\364~\300\276$\4\0\0\332\\-?8\377\2303"..., 26624, MSG_DONTWAIT, NULL, NULL) = 104
31740 1783932333.161833 recvfrom(79, 0x7007512840, 26624, MSG_DONTWAIT, NULL, NULL) = -1 EAGAIN (Try again)
31740 1783932333.213875 recvfrom(79, "h\0\0\0vor_\v\0\0\0\0\0\0\0\236\16\340\301$\4\0\0\332\\-?\300\234\2303"..., 26624, MSG_DONTWAIT, NULL, NULL) = 104
31740 1783932333.214233 recvfrom(79, 0x7007512840, 26624, MSG_DONTWAIT, NULL, NULL) = -1 EAGAIN (Try again)
31740 1783932333.265036 recvfrom(79, "h\0\0\0vor_\v\0\0\0\0\0\0\0\20\255\357\304$\4\0\0\332\\-?L9\2303"..., 26624, MSG_DONTWAIT, NULL, NULL) = 104
31740 1783932333.265304 recvfrom(79, 0x7007512840, 26624, MSG_DONTWAIT, NULL, NULL) = -1 EAGAIN (Try again)
31740 1783932333.318500 recvfrom(79, "h\0\0\0vor_\v\0\0\0\0\0\0\0\7\335\35\310$\4\0\0\332\\-?\351\324\2273"..., 26624, MSG_DONTWAIT, NULL, NULL) = 104
31740 1783932333.318809 recvfrom(79, 0x7007512840, 26624, MSG_DONTWAIT, NULL, NULL) = -1 EAGAIN (Try again)
31740 1783932333.373453 recvfrom(79, "h\0\0\0vor_\v\0\0\0\0\0\0\0\311\374d\313$\4\0\0\332\\-?\243o\2273"..., 26624, MSG_DONTWAIT, NULL, NULL) = 104
31740 1783932333.373734 recvfrom(79, 0x7007512840, 26624, MSG_DONTWAIT, NULL, NULL) = -1 EAGAIN (Try again)
31740 1783932333.425419 recvfrom(79, "h\0\0\0vor_\v\0\0\0\0\0\0\0\21\241s\316$\4\0\0\332\\-?\207\t\2273"..., 26624, MSG_DONTWAIT, NULL, NULL) = 104
31740 1783932333.427269 recvfrom(79, 0x7007512840, 26624, MSG_DONTWAIT, NULL, NULL) = -1 EAGAIN (Try again)
31740 1783932333.475778 recvfrom(79, "h\0\0\0vor_\v\0\0\0\0\0\0\0I\367u\321$\4\0\0\332\\-?\237\242\2263"..., 26624, MSG_DONTWAIT, NULL, NULL) = 104
31740 1783932333.475979 recvfrom(79, 0x7007512840, 26624, MSG_DONTWAIT, NULL, NULL) = -1 EAGAIN (Try again)
31740 1783932333.535684 recvfrom(79, "h\0\0\0vor_\v\0\0\0\0\0\0\0C\335\r\325$\4\0\0\332\\-?\370:\2263"..., 26624, MSG_DONTWAIT, NULL, NULL) = 104
31740 1783932333.535914 recvfrom(79, 0x7007512840, 26624, MSG_DONTWAIT, NULL, NULL) = -1 EAGAIN (Try again)
31740 1783932333.586358 recvfrom(79, "h\0\0\0vor_\v\0\0\0\0\0\0\0Y3\n\330$\4\0\0\332\\-?\233\322\2253"..., 26624, MSG_DONTWAIT, NULL, NULL) = 104
31740 1783932333.587224 recvfrom(79, 0x7007512840, 26624, MSG_DONTWAIT, NULL, NULL) = -1 EAGAIN (Try again)
31740 1783932333.637178 recvfrom(79, "h\0\0\0vor_\v\0\0\0\0\0\0\0\270\204\25\333$\4\0\0\332\\-?\224i\2253"..., 26624, MSG_DONTWAIT, NULL, NULL) = 104
31740 1783932333.637803 recvfrom(79, 0x7007512840, 26624, MSG_DONTWAIT, NULL, NULL) = -1 EAGAIN (Try again)
31740 1783932333.692218 recvfrom(79, "h\0\0\0vor_\v\0\0\0\0\0\0\0\273pd\336$\4\0\0\332\\-?\353\377\2243"..., 26624, MSG_DONTWAIT, NULL, NULL) = 104
31740 1783932333.692432 recvfrom(79, 0x7007512840, 26624, MSG_DONTWAIT, NULL, NULL) = -1 EAGAIN (Try again)
31740 1783932333.749671 recvfrom(79, "h\0\0\0vor_\v\0\0\0\0\0\0\0/-\317\341$\4\0\0\332\\-?\253\225\2243"..., 26624, MSG_DONTWAIT, NULL, NULL) = 104
31740 1783932333.749905 recvfrom(79, 0x7007512840, 26624, MSG_DONTWAIT, NULL, NULL) = -1 EAGAIN (Try again)
31740 1783932333.802119 recvfrom(79, "h\0\0\0vor_\v\0\0\0\0\0\0\0^4\352\344$\4\0\0\332\\-?\335*\2243"..., 26624, MSG_DONTWAIT, NULL, NULL) = 104
31740 1783932333.802323 recvfrom(79, 0x7007512840, 26624, MSG_DONTWAIT, NULL, NULL) = -1 EAGAIN (Try again)
31740 1783932333.853121 recvfrom(79, "h\0\0\0vor_\v\0\0\0\0\0\0\0\364I\372\347$\4\0\0\332\\-?\211\277\2233"..., 26624, MSG_DONTWAIT, NULL, NULL) = 104
31740 1783932333.853508 recvfrom(79, 0x7007512840, 26624, MSG_DONTWAIT, NULL, NULL) = -1 EAGAIN (Try again)
31740 1783932333.902844 recvfrom(79, "h\0\0\0vor_\v\0\0\0\0\0\0\0:\255\357\352$\4\0\0\310\\-?\300;\260\262"..., 26624, MSG_DONTWAIT, NULL, NULL) = 104
31740 1783932333.903058 recvfrom(79, 0x7007512840, 26624, MSG_DONTWAIT, NULL, NULL) = -1 EAGAIN (Try again)
31740 1783932333.953126 recvfrom(79, "h\0\0\0vor_\v\0\0\0\0\0\0\0\351#\356\355$\4\0\0\310\\-?N\243\260\262"..., 26624, MSG_DONTWAIT, NULL, NULL) = 104
31740 1783932333.953373 recvfrom(79, 0x7007512840, 26624, MSG_DONTWAIT, NULL, NULL) = -1 EAGAIN (Try again)
31740 1783932334.004115 recvfrom(79, "h\0\0\0vor_\v\0\0\0\0\0\0\0\212\210\364\360$\4\0\0\310\\-?\347\3\261\262"..., 26624, MSG_DONTWAIT, NULL, NULL) = 104
31740 1783932334.004422 recvfrom(79, 0x7007512840, 26624, MSG_DONTWAIT, NULL, NULL) = -1 EAGAIN (Try again)
31740 1783932334.057063 recvfrom(79, "h\0\0\0vor_\v\0\0\0\0\0\0\0_\240 \364$\4\0\0\310\\-?\300]\261\262"..., 26624, MSG_DONTWAIT, NULL, NULL) = 104
31740 1783932334.057424 recvfrom(79, 0x7007512840, 26624, MSG_DONTWAIT, NULL, NULL) = -1 EAGAIN (Try again)
31740 1783932334.110375 recvfrom(79, "h\0\0\0vor_\v\0\0\0\0\0\0\0,OQ\367$\4\0\0\310\\-?\r\261\261\262"..., 26624, MSG_DONTWAIT, NULL, NULL) = 104
31740 1783932334.110581 recvfrom(79, 0x7007512840, 26624, MSG_DONTWAIT, NULL, NULL) = -1 EAGAIN (Try again)
31740 1783932334.161311 recvfrom(79, "h\0\0\0vor_\v\0\0\0\0\0\0\0E\207Z\372$\4\0\0\310\\-?\1\376\261\262"..., 26624, MSG_DONTWAIT, NULL, NULL) = 104
31740 1783932334.161498 recvfrom(79, 0x7007512840, 26624, MSG_DONTWAIT, NULL, NULL) = -1 EAGAIN (Try again)
31740 1783932334.212865 recvfrom(79, "h\0\0\0vor_\v\0\0\0\0\0\0\0|\265e\375$\4\0\0\310\\-?\314D\262\262"..., 26624, MSG_DONTWAIT, NULL, NULL) = 104
31740 1783932334.213189 recvfrom(79, 0x7007512840, 26624, MSG_DONTWAIT, NULL, NULL) = -1 EAGAIN (Try again)
31740 1783932334.262034 recvfrom(79, "h\0\0\0vor_\v\0\0\0\0\0\0\0]\262Y\0%\4\0\0\267\\-?(\17\355\263"..., 26624, MSG_DONTWAIT, NULL, NULL) = 104
31740 1783932334.262243 recvfrom(79, 0x7007512840, 26624, MSG_DONTWAIT, NULL, NULL) = -1 EAGAIN (Try again)
31740 1783932334.314357 recvfrom(79, "h\0\0\0vor_\v\0\0\0\0\0\0\0_dy\3%\4\0\0\267\\-?\17R\355\263"..., 26624, MSG_DONTWAIT, NULL, NULL) = 104
31740 1783932334.314551 recvfrom(79, 0x7007512840, 26624, MSG_DONTWAIT, NULL, NULL) = -1 EAGAIN (Try again)
31740 1783932334.374759 recvfrom(79, "h\0\0\0vor_\v\0\0\0\0\0\0\0\36\317\17\7%\4\0\0\267\\-?\370\215\355\263"..., 26624, MSG_DONTWAIT, NULL, NULL) = 104
31740 1783932334.375033 recvfrom(79, 0x7007512840, 26624, MSG_DONTWAIT, NULL, NULL) = -1 EAGAIN (Try again)
31740 1783932334.433135 recvfrom(79, "h\0\0\0vor_\v\0\0\0\0\0\0\0\316Fo\n%\4\0\0\267\\-?\32\303\355\263"..., 26624, MSG_DONTWAIT, NULL, NULL) = 104
31740 1783932334.433472 recvfrom(79, 0x7007512840, 26624, MSG_DONTWAIT, NULL, NULL) = -1 EAGAIN (Try again)
31740 1783932334.482862 recvfrom(79, "h\0\0\0vor_\v\0\0\0\0\0\0\0\315\341\204\r%\4\0\0\267\\-?\255\361\355\263"..., 26624, MSG_DONTWAIT, NULL, NULL) = 104
31740 1783932334.483052 recvfrom(79, 0x7007512840, 26624, MSG_DONTWAIT, NULL, NULL) = -1 EAGAIN (Try again)
31740 1783932334.541136 recvfrom(79, "h\0\0\0vor_\v\0\0\0\0\0\0\0\16\244\373\20%\4\0\0\267\\-?\345\31\356\263"..., 26624, MSG_DONTWAIT, NULL, NULL) = 104
31740 1783932334.541366 recvfrom(79, 0x7007512840, 26624, MSG_DONTWAIT, NULL, NULL) = -1 EAGAIN (Try again)
31740 1783932334.592775 recvfrom(79, "h\0\0\0vor_\v\0\0\0\0\0\0\0t\302\f\24%\4\0\0\267\\-?\367;\356\263"..., 26624, MSG_DONTWAIT, NULL, NULL) = 104
31740 1783932334.593217 recvfrom(79, 0x7007512840, 26624, MSG_DONTWAIT, NULL, NULL) = -1 EAGAIN (Try again)
31740 1783932334.647973 recvfrom(79, "h\0\0\0vor_\v\0\0\0\0\0\0\0\221 U\27%\4\0\0\267\\-?\24X\356\263"..., 26624, MSG_DONTWAIT, NULL, NULL) = 104
31740 1783932334.648314 recvfrom(79, 0x7007512840, 26624, MSG_DONTWAIT, NULL, NULL) = -1 EAGAIN (Try again)
31740 1783932334.703832 recvfrom(79, "h\0\0\0vor_\v\0\0\0\0\0\0\0\222>\245\32%\4\0\0\267\\-?ln\356\263"..., 26624, MSG_DONTWAIT, NULL, NULL) = 104
31740 1783932334.704404 recvfrom(79, 0x7007512840, 26624, MSG_DONTWAIT, NULL, NULL) = -1 EAGAIN (Try again)
31833 1783932334.750434 exit(0)         = ?
31833 1783932334.750784 +++ exited with 0 +++
31740 1783932334.763180 recvfrom(79, "h\0\0\0vor_\v\0\0\0\0\0\0\0\337\252)\36%\4\0\0\267\\-?.\177\356\263"..., 26624, MSG_DONTWAIT, NULL, NULL) = 104
31740 1783932334.763858 recvfrom(79, 0x7007512840, 26624, MSG_DONTWAIT, NULL, NULL) = -1 EAGAIN (Try again)
31831 1783932334.802657 faccessat(AT_FDCWD, "/proc/self/task/31833", F_OK) = -1 ENOENT (No such file or directory)
31740 1783932334.816919 recvfrom(79, "h\0\0\0vor_\v\0\0\0\0\0\0\0\257\357_!%\4\0\0\267\\-?\207\212\356\263"..., 26624, MSG_DONTWAIT, NULL, NULL) = 104
31740 1783932334.817360 recvfrom(79, 0x7007512840, 26624, MSG_DONTWAIT, NULL, NULL) = -1 EAGAIN (Try again)
31740 1783932334.865859 recvfrom(79, "h\0\0\0vor_\v\0\0\0\0\0\0\0\265)Y$%\4\0\0\245\\-?\374\256X\264"..., 26624, MSG_DONTWAIT, NULL, NULL) = 104
31740 1783932334.866311 recvfrom(79, 0x7007512840, 26624, MSG_DONTWAIT, NULL, NULL) = -1 EAGAIN (Try again)
31740 1783932334.923842 recvfrom(79, "h\0\0\0vor_\v\0\0\0\0\0\0\0\23,\310'%\4\0\0\245\\-?\330\1Y\264"..., 26624, MSG_DONTWAIT, NULL, NULL) = 104
31740 1783932334.924144 recvfrom(79, 0x7007512840, 26624, MSG_DONTWAIT, NULL, NULL) = -1 EAGAIN (Try again)
31740 1783932334.974604 recvfrom(79, "h\0\0\0vor_\v\0\0\0\0\0\0\0\374\r\315*%\4\0\0\245\\-?\361MY\264"..., 26624, MSG_DONTWAIT, NULL, NULL) = 104
31740 1783932334.974936 recvfrom(79, 0x7007512840, 26624, MSG_DONTWAIT, NULL, NULL) = -1 EAGAIN (Try again)
31740 1783932335.027339 recvfrom(79, "h\0\0\0vor_\v\0\0\0\0\0\0\0?\0\344-%\4\0\0\245\\-?~\223Y\264"..., 26624, MSG_DONTWAIT, NULL, NULL) = 104
31740 1783932335.028061 recvfrom(79, 0x7007512840, 26624, MSG_DONTWAIT, NULL, NULL) = -1 EAGAIN (Try again)
31740 1783932335.082791 recvfrom(79, "h\0\0\0vor_\v\0\0\0\0\0\0\0d\314;1%\4\0\0\245\\-?\262\322Y\264"..., 26624, MSG_DONTWAIT, NULL, NULL) = 104
31740 1783932335.083220 recvfrom(79, 0x7007512840, 26624, MSG_DONTWAIT, NULL, NULL) = -1 EAGAIN (Try again)
31740 1783932335.135631 recvfrom(79, "h\0\0\0vor_\v\0\0\0\0\0\0\0fvZ4%\4\0\0\245\\-?\300\vZ\264"..., 26624, MSG_DONTWAIT, NULL, NULL) = 104
31740 1783932335.136255 recvfrom(79, 0x7007512840, 26624, MSG_DONTWAIT, NULL, NULL) = -1 EAGAIN (Try again)
31740 1783932335.193912 recvfrom(79, "h\0\0\0vor_\v\0\0\0\0\0\0\0\330\17\3237%\4\0\0\245\\-?\332>Z\264"..., 26624, MSG_DONTWAIT, NULL, NULL) = 104
31740 1783932335.194346 recvfrom(79, 0x7007512840, 26624, MSG_DONTWAIT, NULL, NULL) = -1 EAGAIN (Try again)
31740 1783932335.249503 recvfrom(79, "h\0\0\0vor_\v\0\0\0\0\0\0\0\220\215+;%\4\0\0\245\\-?.lZ\264"..., 26624, MSG_DONTWAIT, NULL, NULL) = 104
31740 1783932335.250040 recvfrom(79, 0x7007512840, 26624, MSG_DONTWAIT, NULL, NULL) = -1 EAGAIN (Try again)
31740 1783932335.302474 recvfrom(79, "h\0\0\0vor_\v\0\0\0\0\0\0\0n\323G>%\4\0\0\245\\-?\353\223Z\264"..., 26624, MSG_DONTWAIT, NULL, NULL) = 104
31740 1783932335.303072 recvfrom(79, 0x7007512840, 26624, MSG_DONTWAIT, NULL, NULL) = -1 EAGAIN (Try again)
31740 1783932335.361308 recvfrom(79, "h\0\0\0vor_\v\0\0\0\0\0\0\0kk\317A%\4\0\0\245\\-?>\266Z\264"..., 26624, MSG_DONTWAIT, NULL, NULL) = 104
31740 1783932335.362057 recvfrom(79, 0x7007512840, 26624, MSG_DONTWAIT, NULL, NULL) = -1 EAGAIN (Try again)
31740 1783932335.417201 recvfrom(79, "h\0\0\0vor_\v\0\0\0\0\0\0\0\221\34(E%\4\0\0\245\\-?Q\323Z\264"..., 26624, MSG_DONTWAIT, NULL, NULL) = 104
31740 1783932335.417616 recvfrom(79, 0x7007512840, 26624, MSG_DONTWAIT, NULL, NULL) = -1 EAGAIN (Try again)
31740 1783932335.466598 recvfrom(79, "h\0\0\0vor_\v\0\0\0\0\0\0\0\346G\37H%\4\0\0\223\\-?\252E\236\264"..., 26624, MSG_DONTWAIT, NULL, NULL) = 104
31740 1783932335.467361 recvfrom(79, 0x7007512840, 26624, MSG_DONTWAIT, NULL, NULL) = -1 EAGAIN (Try again)
31740 1783932335.524640 recvfrom(79, "h\0\0\0vor_\v\0\0\0\0\0\0\0_\233\211K%\4\0\0\223\\-?\314\221\236\264"..., 26624, MSG_DONTWAIT, NULL, NULL) = 104
31740 1783932335.525026 recvfrom(79, 0x7007512840, 26624, MSG_DONTWAIT, NULL, NULL) = -1 EAGAIN (Try again)
31740 1783932335.579886 recvfrom(79, "h\0\0\0vor_\v\0\0\0\0\0\0\0\3762\315N%\4\0\0\223\\-?\256\330\236\264"..., 26624, MSG_DONTWAIT, NULL, NULL) = 104
31740 1783932335.580404 recvfrom(79, 0x7007512840, 26624, MSG_DONTWAIT, NULL, NULL) = -1 EAGAIN (Try again)
31740 1783932335.632633 recvfrom(79, "h\0\0\0vor_\v\0\0\0\0\0\0\0\27H\tR%\4\0\0\223\\-?y\32\237\264"..., 26624, MSG_DONTWAIT, NULL, NULL) = 104
31740 1783932335.633080 recvfrom(79, 0x7007512840, 26624, MSG_DONTWAIT, NULL, NULL) = -1 EAGAIN (Try again)
31740 1783932335.682632 recvfrom(79, "h\0\0\0vor_\v\0\0\0\0\0\0\0\224\325\10U%\4\0\0\223\\-?VW\237\264"..., 26624, MSG_DONTWAIT, NULL, NULL) = 104
31740 1783932335.682819 recvfrom(79, 0x7007512840, 26624, MSG_DONTWAIT, NULL, NULL) = -1 EAGAIN (Try again)
31740 1783932335.733773 recvfrom(79, "h\0\0\0vor_\v\0\0\0\0\0\0\0\354\306\23X%\4\0\0\223\\-?k\217\237\264"..., 26624, MSG_DONTWAIT, NULL, NULL) = 104
31740 1783932335.733978 recvfrom(79, 0x7007512840, 26624, MSG_DONTWAIT, NULL, NULL) = -1 EAGAIN (Try again)
31740 1783932335.790519 recvfrom(79, "h\0\0\0vor_\v\0\0\0\0\0\0\0\254ss[%\4\0\0\223\\-?\336\302\237\264"..., 26624, MSG_DONTWAIT, NULL, NULL) = 104
31740 1783932335.790751 recvfrom(79, 0x7007512840, 26624, MSG_DONTWAIT, NULL, NULL) = -1 EAGAIN (Try again)
31740 1783932335.843183 recvfrom(79, "h\0\0\0vor_\v\0\0\0\0\0\0\0N\31\223^%\4\0\0\223\\-?\324\361\237\264"..., 26624, MSG_DONTWAIT, NULL, NULL) = 104
31740 1783932335.843631 recvfrom(79, 0x7007512840, 26624, MSG_DONTWAIT, NULL, NULL) = -1 EAGAIN (Try again)
31740 1783932335.893364 recvfrom(79, "h\0\0\0vor_\v\0\0\0\0\0\0\0v6\230a%\4\0\0\223\\-?p\34\240\264"..., 26624, MSG_DONTWAIT, NULL, NULL) = 104
31740 1783932335.893580 recvfrom(79, 0x7007512840, 26624, MSG_DONTWAIT, NULL, NULL) = -1 EAGAIN (Try again)
31740 1783932335.945404 recvfrom(79, "h\0\0\0vor_\v\0\0\0\0\0\0\0\267+\262d%\4\0\0\223\\-?\324B\240\264"..., 26624, MSG_DONTWAIT, NULL, NULL) = 104
31740 1783932335.945568 recvfrom(79, 0x7007512840, 26624, MSG_DONTWAIT, NULL, NULL) = -1 EAGAIN (Try again)
31740 1783932336.003022 recvfrom(79, "h\0\0\0vor_\v\0\0\0\0\0\0\0\216\241\35h%\4\0\0\223\\-?\"e\240\264"..., 26624, MSG_DONTWAIT, NULL, NULL) = 104
31740 1783932336.003350 recvfrom(79, 0x7007512840, 26624, MSG_DONTWAIT, NULL, NULL) = -1 EAGAIN (Try again)
31740 1783932336.054753 recvfrom(79, "h\0\0\0vor_\v\0\0\0\0\0\0\0\322w4k%\4\0\0\223\\-?y\203\240\264"..., 26624, MSG_DONTWAIT, NULL, NULL) = 104
31740 1783932336.055031 recvfrom(79, 0x7007512840, 26624, MSG_DONTWAIT, NULL, NULL) = -1 EAGAIN (Try again)
31740 1783932336.114700 recvfrom(79, "h\0\0\0vor_\v\0\0\0\0\0\0\0\224\256\307n%\4\0\0\223\\-?\371\235\240\264"..., 26624, MSG_DONTWAIT, NULL, NULL) = 104
31740 1783932336.114918 recvfrom(79, 0x7007512840, 26624, MSG_DONTWAIT, NULL, NULL) = -1 EAGAIN (Try again)
31740 1783932336.169015 recvfrom(79, "h\0\0\0vor_\v\0\0\0\0\0\0\0X\322\4r%\4\0\0\223\\-?\301\264\240\264"..., 26624, MSG_DONTWAIT, NULL, NULL) = 104
31740 1783932336.169292 recvfrom(79, 0x7007512840, 26624, MSG_DONTWAIT, NULL, NULL) = -1 EAGAIN (Try again)
31740 1783932336.223571 recvfrom(79, "h\0\0\0vor_\v\0\0\0\0\0\0\0\310R6u%\4\0\0\223\\-?\354\307\240\264"..., 26624, MSG_DONTWAIT, NULL, NULL) = 104
31740 1783932336.223973 recvfrom(79, 0x7007512840, 26624, MSG_DONTWAIT, NULL, NULL) = -1 EAGAIN (Try again)
31740 1783932336.276293 recvfrom(79, "h\0\0\0vor_\v\0\0\0\0\0\0\0\377\204jx%\4\0\0\223\\-?\230\327\240\264"..., 26624, MSG_DONTWAIT, NULL, NULL) = 104
31740 1783932336.276475 recvfrom(79, 0x7007512840, 26624, MSG_DONTWAIT, NULL, NULL) = -1 EAGAIN (Try again)
31740 1783932336.329407 recvfrom(79, "h\0\0\0vor_\v\0\0\0\0\0\0\0\315B\225{%\4\0\0\223\\-?\340\343\240\264"..., 26624, MSG_DONTWAIT, NULL, NULL) = 104
31740 1783932336.329591 recvfrom(79, 0x7007512840, 26624, MSG_DONTWAIT, NULL, NULL) = -1 EAGAIN (Try again)
31740 1783932336.381973 recvfrom(79, "h\0\0\0vor_\v\0\0\0\0\0\0\0\374(\262~%\4\0\0\223\\-?\340\354\240\264"..., 26624, MSG_DONTWAIT, NULL, NULL) = 104
31740 1783932336.382295 recvfrom(79, 0x7007512840, 26624, MSG_DONTWAIT, NULL, NULL) = -1 EAGAIN (Try again)
31740 1783932336.432567 recvfrom(79, "h\0\0\0vor_\v\0\0\0\0\0\0\0\317\375\263\201%\4\0\0\223\\-?\260\362\240\264"..., 26624, MSG_DONTWAIT, NULL, NULL) = 104
31740 1783932336.433391 recvfrom(79, 0x7007512840, 26624, MSG_DONTWAIT, NULL, NULL) = -1 EAGAIN (Try again)
31740 1783932336.482417 recvfrom(79, "h\0\0\0vor_\v\0\0\0\0\0\0\0\336\307\264\204%\4\0\0\223\\-?i\365\240\264"..., 26624, MSG_DONTWAIT, NULL, NULL) = 104
31740 1783932336.482655 recvfrom(79, 0x7007512840, 26624, MSG_DONTWAIT, NULL, NULL) = -1 EAGAIN (Try again)
31740 1783932336.542141 recvfrom(79, "h\0\0\0vor_\v\0\0\0\0\0\0\0\266VB\210%\4\0\0\223\\-?$\365\240\264"..., 26624, MSG_DONTWAIT, NULL, NULL) = 104
31740 1783932336.542345 recvfrom(79, 0x7007512840, 26624, MSG_DONTWAIT, NULL, NULL) = -1 EAGAIN (Try again)
31740 1783932336.601199 recvfrom(79, "h\0\0\0vor_\v\0\0\0\0\0\0\0<\"\300\213%\4\0\0\223\\-?\370\361\240\264"..., 26624, MSG_DONTWAIT, NULL, NULL) = 104
31740 1783932336.601996 recvfrom(79, 0x7007512840, 26624, MSG_DONTWAIT, NULL, NULL) = -1 EAGAIN (Try again)
31740 1783932336.653124 recvfrom(79, "h\0\0\0vor_\v\0\0\0\0\0\0\0\221\330\334\216%\4\0\0\223\\-?\375\353\240\264"..., 26624, MSG_DONTWAIT, NULL, NULL) = 104
31740 1783932336.655720 recvfrom(79, 0x7007512840, 26624, MSG_DONTWAIT, NULL, NULL) = -1 EAGAIN (Try again)
31740 1783932336.711992 recvfrom(79, "h\0\0\0vor_\v\0\0\0\0\0\0\0\356^b\222%\4\0\0\223\\-?I\343\240\264"..., 26624, MSG_DONTWAIT, NULL, NULL) = 104
31740 1783932336.712193 recvfrom(79, 0x7007512840, 26624, MSG_DONTWAIT, NULL, NULL) = -1 EAGAIN (Try again)
31740 1783932336.773068 recvfrom(79, "h\0\0\0vor_\v\0\0\0\0\0\0\0bh\1\226%\4\0\0\223\\-?\360\327\240\264"..., 26624, MSG_DONTWAIT, NULL, NULL) = 104
31740 1783932336.773428 recvfrom(79, 0x7007512840, 26624, MSG_DONTWAIT, NULL, NULL) = -1 EAGAIN (Try again)
31740 1783932336.827179 recvfrom(79, "h\0\0\0vor_\v\0\0\0\0\0\0\0$\3407\231%\4\0\0\223\\-?\10\312\240\264"..., 26624, MSG_DONTWAIT, NULL, NULL) = 104
31740 1783932336.827603 recvfrom(79, 0x7007512840, 26624, MSG_DONTWAIT, NULL, NULL) = -1 EAGAIN (Try again)
31740 1783932336.877478 recvfrom(79, "h\0\0\0vor_\v\0\0\0\0\0\0\0\217F>\234%\4\0\0\223\\-?\245\271\240\264"..., 26624, MSG_DONTWAIT, NULL, NULL) = 104
31740 1783932336.877692 recvfrom(79, 0x7007512840, 26624, MSG_DONTWAIT, NULL, NULL) = -1 EAGAIN (Try again)
31740 1783932336.936996 recvfrom(79, "h\0\0\0vor_\v\0\0\0\0\0\0\0\"\250\312\237%\4\0\0\223\\-?\332\246\240\264"..., 26624, MSG_DONTWAIT, NULL, NULL) = 104
31740 1783932336.937212 recvfrom(79, 0x7007512840, 26624, MSG_DONTWAIT, NULL, NULL) = -1 EAGAIN (Try again)
31740 1783932336.988373 recvfrom(79, "h\0\0\0vor_\v\0\0\0\0\0\0\0\362\304\335\242%\4\0\0\223\\-?\273\221\240\264"..., 26624, MSG_DONTWAIT, NULL, NULL) = 104
31740 1783932336.988696 recvfrom(79, 0x7007512840, 26624, MSG_DONTWAIT, NULL, NULL) = -1 EAGAIN (Try again)
31740 1783932337.046150 recvfrom(79, "h\0\0\0vor_\v\0\0\0\0\0\0\0\235\204F\246%\4\0\0\223\\-?Zz\240\264"..., 26624, MSG_DONTWAIT, NULL, NULL) = 104
31740 1783932337.046586 recvfrom(79, 0x7007512840, 26624, MSG_DONTWAIT, NULL, NULL) = -1 EAGAIN (Try again)
31740 1783932337.095797 recvfrom(79, "h\0\0\0vor_\v\0\0\0\0\0\0\0x\310B\251%\4\0\0\223\\-?\311`\240\264"..., 26624, MSG_DONTWAIT, NULL, NULL) = 104
31740 1783932337.096275 recvfrom(79, 0x7007512840, 26624, MSG_DONTWAIT, NULL, NULL) = -1 EAGAIN (Try again)
31740 1783932337.152279 recvfrom(79, "h\0\0\0vor_\v\0\0\0\0\0\0\0ou\235\254%\4\0\0\223\\-?\32E\240\264"..., 26624, MSG_DONTWAIT, NULL, NULL) = 104
31740 1783932337.152452 recvfrom(79, 0x7007512840, 26624, MSG_DONTWAIT, NULL, NULL) = -1 EAGAIN (Try again)
31740 1783932337.207090 recvfrom(79, "h\0\0\0vor_\v\0\0\0\0\0\0\0\316?\347\257%\4\0\0\223\\-?]'\240\264"..., 26624, MSG_DONTWAIT, NULL, NULL) = 104
31740 1783932337.207401 recvfrom(79, 0x7007512840, 26624, MSG_DONTWAIT, NULL, NULL) = -1 EAGAIN (Try again)
31740 1783932337.261230 recvfrom(79, "h\0\0\0vor_\v\0\0\0\0\0\0\0\362\373\36\263%\4\0\0\223\\-?\242\7\240\264"..., 26624, MSG_DONTWAIT, NULL, NULL) = 104
31740 1783932337.261692 recvfrom(79, 0x7007512840, 26624, MSG_DONTWAIT, NULL, NULL) = -1 EAGAIN (Try again)
31740 1783932337.312210 recvfrom(79, "h\0\0\0vor_\v\0\0\0\0\0\0\0\316\302)\266%\4\0\0\223\\-?\372\345\237\264"..., 26624, MSG_DONTWAIT, NULL, NULL) = 104
31740 1783932337.312446 recvfrom(79, 0x7007512840, 26624, MSG_DONTWAIT, NULL, NULL) = -1 EAGAIN (Try again)
31740 1783932337.366750 recvfrom(79, "h\0\0\0vor_\v\0\0\0\0\0\0\0\353\350i\271%\4\0\0\223\\-?t\302\237\264"..., 26624, MSG_DONTWAIT, NULL, NULL) = 104
31740 1783932337.366964 recvfrom(79, 0x7007512840, 26624, MSG_DONTWAIT, NULL, NULL) = -1 EAGAIN (Try again)
31740 1783932337.417507 recvfrom(79, "h\0\0\0vor_\v\0\0\0\0\0\0\0\245\257n\274%\4\0\0\223\\-?\37\235\237\264"..., 26624, MSG_DONTWAIT, NULL, NULL) = 104
31740 1783932337.417726 recvfrom(79, 0x7007512840, 26624, MSG_DONTWAIT, NULL, NULL) = -1 EAGAIN (Try again)
31740 1783932337.470328 recvfrom(79, "h\0\0\0vor_\v\0\0\0\0\0\0\0\346\340\224\277%\4\0\0\223\\-?\tv\237\264"..., 26624, MSG_DONTWAIT, NULL, NULL) = 104
31740 1783932337.470751 recvfrom(79, 0x7007512840, 26624, MSG_DONTWAIT, NULL, NULL) = -1 EAGAIN (Try again)
31740 1783932337.523051 recvfrom(79, "h\0\0\0vor_\v\0\0\0\0\0\0\0\306B\271\302%\4\0\0\223\\-?BM\237\264"..., 26624, MSG_DONTWAIT, NULL, NULL) = 104
31740 1783932337.523379 recvfrom(79, 0x7007512840, 26624, MSG_DONTWAIT, NULL, NULL) = -1 EAGAIN (Try again)
31740 1783932337.573240 recvfrom(79, "h\0\0\0vor_\v\0\0\0\0\0\0\0\351\t\263\305%\4\0\0\245\\-?\307;_\264"..., 26624, MSG_DONTWAIT, NULL, NULL) = 104
31740 1783932337.573452 recvfrom(79, 0x7007512840, 26624, MSG_DONTWAIT, NULL, NULL) = -1 EAGAIN (Try again)
31740 1783932337.625957 recvfrom(79, "h\0\0\0vor_\v\0\0\0\0\0\0\0s\213\333\310%\4\0\0\245\\-?8\37_\264"..., 26624, MSG_DONTWAIT, NULL, NULL) = 104
31740 1783932337.626201 recvfrom(79, 0x7007512840, 26624, MSG_DONTWAIT, NULL, NULL) = -1 EAGAIN (Try again)
31740 1783932337.676945 recvfrom(79, "h\0\0\0vor_\v\0\0\0\0\0\0\0^>\342\313%\4\0\0\245\\-?\232\377^\264"..., 26624, MSG_DONTWAIT, NULL, NULL) = 104
31740 1783932337.677225 recvfrom(79, 0x7007512840, 26624, MSG_DONTWAIT, NULL, NULL) = -1 EAGAIN (Try again)
31740 1783932337.728330 recvfrom(79, "h\0\0\0vor_\v\0\0\0\0\0\0\0\325\200\360\316%\4\0\0\245\\-?\5\335^\264"..., 26624, MSG_DONTWAIT, NULL, NULL) = 104
31740 1783932337.728742 recvfrom(79, 0x7007512840, 26624, MSG_DONTWAIT, NULL, NULL) = -1 EAGAIN (Try again)
31740 1783932337.782813 recvfrom(79, "h\0\0\0vor_\v\0\0\0\0\0\0\0\26^$\322%\4\0\0\245\\-?\222\267^\264"..., 26624, MSG_DONTWAIT, NULL, NULL) = 104
31740 1783932337.783229 recvfrom(79, 0x7007512840, 26624, MSG_DONTWAIT, NULL, NULL) = -1 EAGAIN (Try again)
31740 1783932337.839156 recvfrom(79, "h\0\0\0vor_\v\0\0\0\0\0\0\0\276\2\206\325%\4\0\0\245\\-?V\217^\264"..., 26624, MSG_DONTWAIT, NULL, NULL) = 104
31740 1783932337.839653 recvfrom(79, 0x7007512840, 26624, MSG_DONTWAIT, NULL, NULL) = -1 EAGAIN (Try again)
31740 1783932337.894089 recvfrom(79, "h\0\0\0vor_\v\0\0\0\0\0\0\0tE\304\330%\4\0\0\245\\-?jd^\264"..., 26624, MSG_DONTWAIT, NULL, NULL) = 104
31740 1783932337.894581 recvfrom(79, 0x7007512840, 26624, MSG_DONTWAIT, NULL, NULL) = -1 EAGAIN (Try again)
31740 1783932337.944648 recvfrom(79, "h\0\0\0vor_\v\0\0\0\0\0\0\0\364\303\321\333%\4\0\0\245\\-?\3426^\264"..., 26624, MSG_DONTWAIT, NULL, NULL) = 104
31740 1783932337.945172 recvfrom(79, 0x7007512840, 26624, MSG_DONTWAIT, NULL, NULL) = -1 EAGAIN (Try again)
31740 1783932337.996907 recvfrom(79, "h\0\0\0vor_\v\0\0\0\0\0\0\0\357\221\332\336%\4\0\0\245\\-?\324\6^\264"..., 26624, MSG_DONTWAIT, NULL, NULL) = 104
31740 1783932337.997719 recvfrom(79, 0x7007512840, 26624, MSG_DONTWAIT, NULL, NULL) = -1 EAGAIN (Try again)
31740 1783932338.049899 recvfrom(79, "h\0\0\0vor_\v\0\0\0\0\0\0\0u\351\27\342%\4\0\0\245\\-?U\324]\264"..., 26624, MSG_DONTWAIT, NULL, NULL) = 104
31740 1783932338.051971 recvfrom(79, 0x7007512840, 26624, MSG_DONTWAIT, NULL, NULL) = -1 EAGAIN (Try again)
31740 1783932338.103094 recvfrom(79, "h\0\0\0vor_\v\0\0\0\0\0\0\0\224\35J\345%\4\0\0\245\\-?x\237]\264"..., 26624, MSG_DONTWAIT, NULL, NULL) = 104
31740 1783932338.103464 recvfrom(79, 0x7007512840, 26624, MSG_DONTWAIT, NULL, NULL) = -1 EAGAIN (Try again)
31740 1783932338.154425 recvfrom(79, "h\0\0\0vor_\v\0\0\0\0\0\0\0\254GZ\350%\4\0\0\245\\-?Qh]\264"..., 26624, MSG_DONTWAIT, NULL, NULL) = 104
31740 1783932338.154823 recvfrom(79, 0x7007512840, 26624, MSG_DONTWAIT, NULL, NULL) = -1 EAGAIN (Try again)
31740 1783932338.212108 recvfrom(79, "h\0\0\0vor_\v\0\0\0\0\0\0\0\352\2\311\353%\4\0\0\245\\-?\362.]\264"..., 26624, MSG_DONTWAIT, NULL, NULL) = 104
31740 1783932338.212396 recvfrom(79, 0x7007512840, 26624, MSG_DONTWAIT, NULL, NULL) = -1 EAGAIN (Try again)
31740 1783932338.263255 recvfrom(79, "h\0\0\0vor_\v\0\0\0\0\0\0\0O\271\331\356%\4\0\0\245\\-?m\363\\\264"..., 26624, MSG_DONTWAIT, NULL, NULL) = 104
31740 1783932338.263607 recvfrom(79, 0x7007512840, 26624, MSG_DONTWAIT, NULL, NULL) = -1 EAGAIN (Try again)
31740 1783932338.325366 recvfrom(79, "h\0\0\0vor_\v\0\0\0\0\0\0\0\267\257x\362%\4\0\0\245\\-?\326\265\\\264"..., 26624, MSG_DONTWAIT, NULL, NULL) = 104
31740 1783932338.325975 recvfrom(79, 0x7007512840, 26624, MSG_DONTWAIT, NULL, NULL) = -1 EAGAIN (Try again)
31740 1783932338.380654 recvfrom(79, "h\0\0\0vor_\v\0\0\0\0\0\0\0r\213\316\365%\4\0\0\245\\-?<v\\\264"..., 26624, MSG_DONTWAIT, NULL, NULL) = 104
31740 1783932338.381002 recvfrom(79, 0x7007512840, 26624, MSG_DONTWAIT, NULL, NULL) = -1 EAGAIN (Try again)
31740 1783932338.432763 recvfrom(79, "h\0\0\0vor_\v\0\0\0\0\0\0\0\370\264\351\370%\4\0\0\245\\-?\2604\\\264"..., 26624, MSG_DONTWAIT, NULL, NULL) = 104
31740 1783932338.433496 recvfrom(79, 0x7007512840, 26624, MSG_DONTWAIT, NULL, NULL) = -1 EAGAIN (Try again)
31740 1783932338.487062 recvfrom(79, "h\0\0\0vor_\v\0\0\0\0\0\0\0\372o\32\374%\4\0\0\245\\-?C\361[\264"..., 26624, MSG_DONTWAIT, NULL, NULL) = 104
31740 1783932338.487481 recvfrom(79, 0x7007512840, 26624, MSG_DONTWAIT, NULL, NULL) = -1 EAGAIN (Try again)
31740 1783932338.539690 recvfrom(79, "h\0\0\0vor_\v\0\0\0\0\0\0\0\241\16B\377%\4\0\0\245\\-?\4\254[\264"..., 26624, MSG_DONTWAIT, NULL, NULL) = 104
31740 1783932338.541031 recvfrom(79, 0x7007512840, 26624, MSG_DONTWAIT, NULL, NULL) = -1 EAGAIN (Try again)
31740 1783932338.597989 recvfrom(79, "h\0\0\0vor_\v\0\0\0\0\0\0\0a\246\267\2&\4\0\0\245\\-?\2e[\264"..., 26624, MSG_DONTWAIT, NULL, NULL) = 104
31740 1783932338.598803 recvfrom(79, 0x7007512840, 26624, MSG_DONTWAIT, NULL, NULL) = -1 EAGAIN (Try again)
31740 1783932338.648517 recvfrom(79, "h\0\0\0vor_\v\0\0\0\0\0\0\0\370\262\305\5&\4\0\0\245\\-?M\34[\264"..., 26624, MSG_DONTWAIT, NULL, NULL) = 104
31740 1783932338.648912 recvfrom(79, 0x7007512840, 26624, MSG_DONTWAIT, NULL, NULL) = -1 EAGAIN (Try again)
31740 1783932338.698913 recvfrom(79, "h\0\0\0vor_\v\0\0\0\0\0\0\0\230\10\322\10&\4\0\0\245\\-?\363\321Z\264"..., 26624, MSG_DONTWAIT, NULL, NULL) = 104
31740 1783932338.699187 recvfrom(79, 0x7007512840, 26624, MSG_DONTWAIT, NULL, NULL) = -1 EAGAIN (Try again)
31740 1783932338.756789 recvfrom(79, "h\0\0\0vor_\v\0\0\0\0\0\0\0\215SA\f&\4\0\0\245\\-?\2\206Z\264"..., 26624, MSG_DONTWAIT, NULL, NULL) = 104
31740 1783932338.757005 recvfrom(79, 0x7007512840, 26624, MSG_DONTWAIT, NULL, NULL) = -1 EAGAIN (Try again)
31740 1783932338.808018 recvfrom(79, "h\0\0\0vor_\v\0\0\0\0\0\0\0\33\262L\17&\4\0\0\245\\-?\2108Z\264"..., 26624, MSG_DONTWAIT, NULL, NULL) = 104
31740 1783932338.808279 recvfrom(79, 0x7007512840, 26624, MSG_DONTWAIT, NULL, NULL) = -1 EAGAIN (Try again)
31740 1783932338.863019 recvfrom(79, "h\0\0\0vor_\v\0\0\0\0\0\0\0\317\375\223\22&\4\0\0\245\\-?\220\351Y\264"..., 26624, MSG_DONTWAIT, NULL, NULL) = 104
31740 1783932338.863592 recvfrom(79, 0x7007512840, 26624, MSG_DONTWAIT, NULL, NULL) = -1 EAGAIN (Try again)
31740 1783932338.912875 recvfrom(79, "h\0\0\0vor_\v\0\0\0\0\0\0\0\370!\222\25&\4\0\0\245\\-?*\231Y\264"..., 26624, MSG_DONTWAIT, NULL, NULL) = 104
31740 1783932338.913115 recvfrom(79, 0x7007512840, 26624, MSG_DONTWAIT, NULL, NULL) = -1 EAGAIN (Try again)
31740 1783932338.963148 recvfrom(79, "h\0\0\0vor_\v\0\0\0\0\0\0\0c;\220\30&\4\0\0\245\\-?aGY\264"..., 26624, MSG_DONTWAIT, NULL, NULL) = 104
31740 1783932338.963356 recvfrom(79, 0x7007512840, 26624, MSG_DONTWAIT, NULL, NULL) = -1 EAGAIN (Try again)
31740 1783932339.018393 recvfrom(79, "h\0\0\0vor_\v\0\0\0\0\0\0\0\362\v\332\33&\4\0\0\245\\-?A\364X\264"..., 26624, MSG_DONTWAIT, NULL, NULL) = 104
31740 1783932339.018816 recvfrom(79, 0x7007512840, 26624, MSG_DONTWAIT, NULL, NULL) = -1 EAGAIN (Try again)
31740 1783932339.068526 recvfrom(79, "h\0\0\0vor_\v\0\0\0\0\0\0\0X\264\324\36&\4\0\0\267\\-?\16U\362\263"..., 26624, MSG_DONTWAIT, NULL, NULL) = 104
31740 1783932339.068862 recvfrom(79, 0x7007512840, 26624, MSG_DONTWAIT, NULL, NULL) = -1 EAGAIN (Try again)
31740 1783932339.118083 recvfrom(79, "h\0\0\0vor_\v\0\0\0\0\0\0\0005[\314!&\4\0\0\311\\-?\315\5\307\262"..., 26624, MSG_DONTWAIT, NULL, NULL) = 104
31740 1783932339.118331 recvfrom(79, 0x7007512840, 26624, MSG_DONTWAIT, NULL, NULL) = -1 EAGAIN (Try again)
31740 1783932339.170859 recvfrom(79, "h\0\0\0vor_\v\0\0\0\0\0\0\0b\345\355$&\4\0\0\311\\-?7\177\302\262"..., 26624, MSG_DONTWAIT, NULL, NULL) = 104
31740 1783932339.171189 recvfrom(79, 0x7007512840, 26624, MSG_DONTWAIT, NULL, NULL) = -1 EAGAIN (Try again)
31740 1783932339.223523 recvfrom(79, "h\0\0\0vor_\v\0\0\0\0\0\0\0E\20\375'&\4\0\0\311\\-?O\20\276\262"..., 26624, MSG_DONTWAIT, NULL, NULL) = 104
31740 1783932339.223989 recvfrom(79, 0x7007512840, 26624, MSG_DONTWAIT, NULL, NULL) = -1 EAGAIN (Try again)
31740 1783932339.274799 recvfrom(79, "h\0\0\0vor_\v\0\0\0\0\0\0\0\271c$+&\4\0\0\311\\-?\211\270\271\262"..., 26624, MSG_DONTWAIT, NULL, NULL) = 104
31740 1783932339.275176 recvfrom(79, 0x7007512840, 26624, MSG_DONTWAIT, NULL, NULL) = -1 EAGAIN (Try again)
31740 1783932339.325462 recvfrom(79, "h\0\0\0vor_\v\0\0\0\0\0\0\0q\354(.&\4\0\0\311\\-?^w\265\262"..., 26624, MSG_DONTWAIT, NULL, NULL) = 104
31740 1783932339.325682 recvfrom(79, 0x7007512840, 26624, MSG_DONTWAIT, NULL, NULL) = -1 EAGAIN (Try again)
31740 1783932339.383780 recvfrom(79, "h\0\0\0vor_\v\0\0\0\0\0\0\0v\34\2431&\4\0\0\311\\-?JL\261\262"..., 26624, MSG_DONTWAIT, NULL, NULL) = 104
31740 1783932339.383961 recvfrom(79, 0x7007512840, 26624, MSG_DONTWAIT, NULL, NULL) = -1 EAGAIN (Try again)
31740 1783932339.440047 recvfrom(79, "h\0\0\0vor_\v\0\0\0\0\0\0\0\214\257\3474&\4\0\0\311\\-?\3146\255\262"..., 26624, MSG_DONTWAIT, NULL, NULL) = 104
31740 1783932339.440526 recvfrom(79, 0x7007512840, 26624, MSG_DONTWAIT, NULL, NULL) = -1 EAGAIN (Try again)
31740 1783932339.492895 recvfrom(79, "h\0\0\0vor_\v\0\0\0\0\0\0\0]\r\3577&\4\0\0\311\\-?h6\251\262"..., 26624, MSG_DONTWAIT, NULL, NULL) = 104
31740 1783932339.493138 recvfrom(79, 0x7007512840, 26624, MSG_DONTWAIT, NULL, NULL) = -1 EAGAIN (Try again)
31740 1783932339.541380 recvfrom(79, "h\0\0\0vor_\v\0\0\0\0\0\0\0\244\221\7;&\4\0\0\311\\-?\243J\245\262"..., 26624, MSG_DONTWAIT, NULL, NULL) = 104
31740 1783932339.541648 recvfrom(79, 0x7007512840, 26624, MSG_DONTWAIT, NULL, NULL) = -1 EAGAIN (Try again)
31740 1783932339.591848 recvfrom(79, "h\0\0\0vor_\v\0\0\0\0\0\0\0\252\344\375=&\4\0\0\332\\-?c\217\2303"..., 26624, MSG_DONTWAIT, NULL, NULL) = 104
31740 1783932339.592186 recvfrom(79, 0x7007512840, 26624, MSG_DONTWAIT, NULL, NULL) = -1 EAGAIN (Try again)
31740 1783932339.642946 recvfrom(79, "h\0\0\0vor_\v\0\0\0\0\0\0\0\303\362\rA&\4\0\0\332\\-?\232y\2323"..., 26624, MSG_DONTWAIT, NULL, NULL) = 104
31740 1783932339.643339 recvfrom(79, 0x7007512840, 26624, MSG_DONTWAIT, NULL, NULL) = -1 EAGAIN (Try again)
31740 1783932339.692598 recvfrom(79, "h\0\0\0vor_\v\0\0\0\0\0\0\0\3;\nD&\4\0\0\332\\-?\307U\2343"..., 26624, MSG_DONTWAIT, NULL, NULL) = 104
31740 1783932339.692787 recvfrom(79, 0x7007512840, 26624, MSG_DONTWAIT, NULL, NULL) = -1 EAGAIN (Try again)
31740 1783932339.743697 recvfrom(79, "h\0\0\0vor_\v\0\0\0\0\0\0\0\7.\27G&\4\0\0\332\\-?F$\2363"..., 26624, MSG_DONTWAIT, NULL, NULL) = 104
31740 1783932339.743873 recvfrom(79, 0x7007512840, 26624, MSG_DONTWAIT, NULL, NULL) = -1 EAGAIN (Try again)
31740 1783932339.797415 recvfrom(79, "h\0\0\0vor_\v\0\0\0\0\0\0\0-SIJ&\4\0\0\332\\-?p\345\2373"..., 26624, MSG_DONTWAIT, NULL, NULL) = 104
31740 1783932339.797727 recvfrom(79, 0x7007512840, 26624, MSG_DONTWAIT, NULL, NULL) = -1 EAGAIN (Try again)
31740 1783932339.847530 recvfrom(79, "h\0\0\0vor_\v\0\0\0\0\0\0\0\177\303?M&\4\0\0\354\\-?\232\00424"..., 26624, MSG_DONTWAIT, NULL, NULL) = 104
31740 1783932339.847885 recvfrom(79, 0x7007512840, 26624, MSG_DONTWAIT, NULL, NULL) = -1 EAGAIN (Try again)
31740 1783932339.897246 recvfrom(79, "h\0\0\0vor_\v\0\0\0\0\0\0\0+\350>P&\4\0\0\354\\-?\r\22334"..., 26624, MSG_DONTWAIT, NULL, NULL) = 104
31740 1783932339.897507 recvfrom(79, 0x7007512840, 26624, MSG_DONTWAIT, NULL, NULL) = -1 EAGAIN (Try again)
31740 1783932339.951109 recvfrom(79, "h\0\0\0vor_\v\0\0\0\0\0\0\0\36\374kS&\4\0\0\354\\-?\302\02454"..., 26624, MSG_DONTWAIT, NULL, NULL) = 104
31740 1783932339.951776 recvfrom(79, 0x7007512840, 26624, MSG_DONTWAIT, NULL, NULL) = -1 EAGAIN (Try again)
31740 1783932340.003596 recvfrom(79, "h\0\0\0vor_\v\0\0\0\0\0\0\0\1\247\215V&\4\0\0\354\\-?\17\21264"..., 26624, MSG_DONTWAIT, NULL, NULL) = 104
31740 1783932340.003920 recvfrom(79, 0x7007512840, 26624, MSG_DONTWAIT, NULL, NULL) = -1 EAGAIN (Try again)
31740 1783932340.064934 recvfrom(79, "h\0\0\0vor_\v\0\0\0\0\0\0\0\36\3154Z&\4\0\0\354\\-?K\36374"..., 26624, MSG_DONTWAIT, NULL, NULL) = 104
31740 1783932340.065156 recvfrom(79, 0x7007512840, 26624, MSG_DONTWAIT, NULL, NULL) = -1 EAGAIN (Try again)
31740 1783932340.114737 recvfrom(79, "h\0\0\0vor_\v\0\0\0\0\0\0\0\0S6]&\4\0\0\354\\-?\310P94"..., 26624, MSG_DONTWAIT, NULL, NULL) = 104
31740 1783932340.115014 recvfrom(79, 0x7007512840, 26624, MSG_DONTWAIT, NULL, NULL) = -1 EAGAIN (Try again)
31740 1783932340.174666 recvfrom(79, "h\0\0\0vor_\v\0\0\0\0\0\0\0\301\313\305`&\4\0\0\354\\-?\327\242:4"..., 26624, MSG_DONTWAIT, NULL, NULL) = 104
31740 1783932340.174955 recvfrom(79, 0x7007512840, 26624, MSG_DONTWAIT, NULL, NULL) = -1 EAGAIN (Try again)
31740 1783932340.234677 recvfrom(79, "h\0\0\0vor_\v\0\0\0\0\0\0\0\371\f[d&\4\0\0\354\\-?\306\351;4"..., 26624, MSG_DONTWAIT, NULL, NULL) = 104
31740 1783932340.234943 recvfrom(79, 0x7007512840, 26624, MSG_DONTWAIT, NULL, NULL) = -1 EAGAIN (Try again)
31740 1783932340.287037 recvfrom(79, "h\0\0\0vor_\v\0\0\0\0\0\0\0O\273vg&\4\0\0\354\\-?\341%=4"..., 26624, MSG_DONTWAIT, NULL, NULL) = 104
31740 1783932340.287266 recvfrom(79, 0x7007512840, 26624, MSG_DONTWAIT, NULL, NULL) = -1 EAGAIN (Try again)
31740 1783932340.337896 recvfrom(79, "h\0\0\0vor_\v\0\0\0\0\0\0\0\225+\201j&\4\0\0\354\\-?qW>4"..., 26624, MSG_DONTWAIT, NULL, NULL) = 104
31740 1783932340.338086 recvfrom(79, 0x7007512840, 26624, MSG_DONTWAIT, NULL, NULL) = -1 EAGAIN (Try again)
31740 1783932340.397471 recvfrom(79, "h\0\0\0vor_\v\0\0\0\0\0\0\0#r\rn&\4\0\0\354\\-?\276~?4"..., 26624, MSG_DONTWAIT, NULL, NULL) = 104
31740 1783932340.397771 recvfrom(79, 0x7007512840, 26624, MSG_DONTWAIT, NULL, NULL) = -1 EAGAIN (Try again)
31740 1783932340.454319 recvfrom(79, "h\0\0\0vor_\v\0\0\0\0\0\0\0g\213kq&\4\0\0\354\\-?\16\234@4"..., 26624, MSG_DONTWAIT, NULL, NULL) = 104
31740 1783932340.454988 recvfrom(79, 0x7007512840, 26624, MSG_DONTWAIT, NULL, NULL) = -1 EAGAIN (Try again)
31740 1783932340.506940 recvfrom(79, "h\0\0\0vor_\v\0\0\0\0\0\0\0\226U\217t&\4\0\0\354\\-?\243\257A4"..., 26624, MSG_DONTWAIT, NULL, NULL) = 104
31740 1783932340.507599 recvfrom(79, 0x7007512840, 26624, MSG_DONTWAIT, NULL, NULL) = -1 EAGAIN (Try again)
31740 1783932340.562329 recvfrom(79, "h\0\0\0vor_\v\0\0\0\0\0\0\0\333\232\341w&\4\0\0\354\\-?\277\271B4"..., 26624, MSG_DONTWAIT, NULL, NULL) = 104
31740 1783932340.562546 recvfrom(79, 0x7007512840, 26624, MSG_DONTWAIT, NULL, NULL) = -1 EAGAIN (Try again)
31740 1783932340.619156 recvfrom(79, "h\0\0\0vor_\v\0\0\0\0\0\0\0&\312:{&\4\0\0\354\\-?\241\272C4"..., 26624, MSG_DONTWAIT, NULL, NULL) = 104
31740 1783932340.619437 recvfrom(79, 0x7007512840, 26624, MSG_DONTWAIT, NULL, NULL) = -1 EAGAIN (Try again)
31740 1783932340.668379 recvfrom(79, "h\0\0\0vor_\v\0\0\0\0\0\0\0\353\3375~&\4\0\0\354\\-?\210\262D4"..., 26624, MSG_DONTWAIT, NULL, NULL) = 104
31740 1783932340.668673 recvfrom(79, 0x7007512840, 26624, MSG_DONTWAIT, NULL, NULL) = -1 EAGAIN (Try again)
31740 1783932340.724650 recvfrom(79, "h\0\0\0vor_\v\0\0\0\0\0\0\0\221\374\212\201&\4\0\0\354\\-?\257\241E4"..., 26624, MSG_DONTWAIT, NULL, NULL) = 104
31740 1783932340.724951 recvfrom(79, 0x7007512840, 26624, MSG_DONTWAIT, NULL, NULL) = -1 EAGAIN (Try again)
31740 1783932340.795975 recvfrom(79, "h\0\0\0vor_\v\0\0\0\0\0\0\0\225y\314\205&\4\0\0\354\\-?P\210F4"..., 26624, MSG_DONTWAIT, NULL, NULL) = 104
31740 1783932340.796302 recvfrom(79, 0x7007512840, 26624, MSG_DONTWAIT, NULL, NULL) = -1 EAGAIN (Try again)
31740 1783932340.852744 recvfrom(79, "h\0\0\0vor_\v\0\0\0\0\0\0\0\276O\31\211&\4\0\0\354\\-?\244fG4"..., 26624, MSG_DONTWAIT, NULL, NULL) = 104
31740 1783932340.853149 recvfrom(79, 0x7007512840, 26624, MSG_DONTWAIT, NULL, NULL) = -1 EAGAIN (Try again)
31740 1783932340.902621 recvfrom(79, "h\0\0\0vor_\v\0\0\0\0\0\0\0\34?#\214&\4\0\0\354\\-?\343<H4"..., 26624, MSG_DONTWAIT, NULL, NULL) = 104
31740 1783932340.902991 recvfrom(79, 0x7007512840, 26624, MSG_DONTWAIT, NULL, NULL) = -1 EAGAIN (Try again)
31740 1783932340.956643 recvfrom(79, "h\0\0\0vor_\v\0\0\0\0\0\0\0s\347d\217&\4\0\0\354\\-?A\vI4"..., 26624, MSG_DONTWAIT, NULL, NULL) = 104
31740 1783932340.956902 recvfrom(79, 0x7007512840, 26624, MSG_DONTWAIT, NULL, NULL) = -1 EAGAIN (Try again)
31740 1783932340.968217 recvfrom(73, "\2\0\0\0\0\0\0\0\261\20\0\0\0\0\0\0\300#\375\217&\4\0\0\1\0\0\0\2\20\0\0"..., 2272, MSG_DONTWAIT, NULL, NULL) = 232
31740 1783932340.969195 sendto(73, "\3\0\0\0\0\0\0\0\261\20\0\0\1\0\0\0", 16, MSG_DONTWAIT|MSG_NOSIGNAL, NULL, 0) = 16
31740 1783932340.969409 recvfrom(73, "\2\0\0\0\0\0\0\0\263\20\0\0\0\0\0\0\300#\375\217&\4\0\0\1\0\0\0\2\20\0\0"..., 2272, MSG_DONTWAIT, NULL, NULL) = 232
31740 1783932340.969731 recvfrom(38, 0x7fd67a7ea0, 3200, MSG_DONTWAIT, NULL, NULL) = -1 EAGAIN (Try again)
31740 1783932340.970573 sendto(73, "\3\0\0\0\0\0\0\0\263\20\0\0\1\0\0\0", 16, MSG_DONTWAIT|MSG_NOSIGNAL, NULL, 0) = 16
31740 1783932340.970755 recvfrom(73, 0x70706dd020, 2272, MSG_DONTWAIT, NULL, NULL) = -1 EAGAIN (Try again)
31740 1783932340.984987 recvfrom(38, "nysv\0\0\0\0\0\0\0\0\0\0\0\0\301\217\26\221&\4\0\0C*\4\0\0\0\0\0", 3200, MSG_DONTWAIT, NULL, NULL) = 32
31740 1783932340.985215 recvfrom(38, 0x7fd67ab450, 3200, MSG_DONTWAIT, NULL, NULL) = -1 EAGAIN (Try again)
31740 1783932340.985542 recvfrom(73, 0x70706dd020, 2272, MSG_DONTWAIT, NULL, NULL) = -1 EAGAIN (Try again)
31740 1783932340.985714 recvfrom(38, 0x7fd67ab3b0, 3200, MSG_DONTWAIT, NULL, NULL) = -1 EAGAIN (Try again)
31740 1783932340.988023 socket(AF_UNIX, SOCK_DGRAM|SOCK_CLOEXEC|SOCK_NONBLOCK, 0) = 257
31740 1783932340.988176 setsockopt(257, SOL_SOCKET, SO_SNDBUF, [1048576], 4) = 0
31740 1783932340.988327 connect(257, {sa_family=AF_UNIX, sun_path="/dev/socket/statsdw"}, 110) = 0
31768 1783932341.009168 recvfrom(51, 0x70707e8eb0, 3200, MSG_DONTWAIT, NULL, NULL) = -1 EAGAIN (Try again)
31768 1783932341.019699 recvfrom(51, "nysv\0\0\0\0\0\0\0\0\0\0\0\0\340\240\22\223&\4\0\0E*\4\0\0\0\0\0", 3200, MSG_DONTWAIT, NULL, NULL) = 32
31768 1783932341.020047 recvfrom(51, 0x70707e8c80, 3200, MSG_DONTWAIT, NULL, NULL) = -1 EAGAIN (Try again)
31834 1783932341.028680 sendmsg(258, {msg_name=NULL, msg_namelen=0, msg_iov=[{iov_base="l\1\1\1\24\1\0\0L\0\0\0\235\0\0\0\1\1o\0;\0\0\0/re/frid"..., iov_len=452}], msg_iovlen=1, msg_controllen=0, msg_flags=0}, MSG_NOSIGNAL) = 452
31768 1783932341.034366 recvfrom(51, 0x70707e8eb0, 3200, MSG_DONTWAIT, NULL, NULL) = -1 EAGAIN (Try again)
31768 1783932341.035775 recvfrom(51, "nysv\0\0\0\0\0\0\0\0\0\0\0\0\270#\21\224&\4\0\0F*\4\0\0\0\0\0", 3200, MSG_DONTWAIT, NULL, NULL) = 32
31768 1783932341.036009 recvfrom(51, 0x70707e8c80, 3200, MSG_DONTWAIT, NULL, NULL) = -1 EAGAIN (Try again)
31768 1783932341.049629 recvfrom(51, 0x70707e8eb0, 3200, MSG_DONTWAIT, NULL, NULL) = -1 EAGAIN (Try again)
31768 1783932341.053481 recvfrom(51, "nysv\0\0\0\0\0\0\0\0\0\0\0\0\260\177\17\225&\4\0\0G*\4\0\0\0\0\0", 3200, MSG_DONTWAIT, NULL, NULL) = 32
31768 1783932341.054057 recvfrom(51, 0x70707e8c80, 3200, MSG_DONTWAIT, NULL, NULL) = -1 EAGAIN (Try again)
31740 1783932341.059970 recvfrom(38, "nysv\0\0\0\0\0\0\0\0\0\0\0\0\241I\24\222&\4\0\0D*\4\0\0\0\0\0", 3200, MSG_DONTWAIT, NULL, NULL) = 32
31740 1783932341.060219 recvfrom(38, 0x7fd67ab450, 3200, MSG_DONTWAIT, NULL, NULL) = -1 EAGAIN (Try again)
31740 1783932341.060407 recvfrom(79, "h\0\0\0vor_\v\0\0\0\0\0\0\0\336\350|\222&\4\0\0\354\\-?\363\321I4"..., 26624, MSG_DONTWAIT, NULL, NULL) = 104
31740 1783932341.060555 recvfrom(79, "h\0\0\0vor_\v\0\0\0\0\0\0\0\26\3\211\225&\4\0\0\354\\-?*\221J4"..., 26624, MSG_DONTWAIT, NULL, NULL) = 104
31740 1783932341.060696 recvfrom(79, 0x7007512840, 26624, MSG_DONTWAIT, NULL, NULL) = -1 EAGAIN (Try again)
31740 1783932341.061497 recvfrom(261, 0x6ffd11b420, 2272, MSG_DONTWAIT, NULL, NULL) = -1 EAGAIN (Try again)
31740 1783932341.061658 recvfrom(38, 0x7fd67ab3b0, 3200, MSG_DONTWAIT, NULL, NULL) = -1 EAGAIN (Try again)
31768 1783932341.066373 recvfrom(51, 0x70707e8eb0, 3200, MSG_DONTWAIT, NULL, NULL) = -1 EAGAIN (Try again)
31834 1783932341.069375 sendmsg(258, {msg_name=NULL, msg_namelen=0, msg_iov=[{iov_base="l\1\1\1\0\1\0\0M\0\0\0\235\0\0\0\1\1o\0;\0\0\0/re/frid"..., iov_len=432}], msg_iovlen=1, msg_controllen=0, msg_flags=0}, MSG_NOSIGNAL) = 432
31768 1783932341.070434 recvfrom(51, "nysv\0\0\0\0\0\0\0\0\0\0\0\0\364\315\r\226&\4\0\0H*\4\0\0\0\0\0", 3200, MSG_DONTWAIT, NULL, NULL) = 32
31768 1783932341.070570 recvfrom(51, 0x70707e8c80, 3200, MSG_DONTWAIT, NULL, NULL) = -1 EAGAIN (Try again)
31834 1783932341.080226 sendmsg(258, {msg_name=NULL, msg_namelen=0, msg_iov=[{iov_base="l\1\1\1\0\1\0\0N\0\0\0\235\0\0\0\1\1o\0;\0\0\0/re/frid"..., iov_len=432}], msg_iovlen=1, msg_controllen=0, msg_flags=0}, MSG_NOSIGNAL) = 432
31768 1783932341.082675 recvfrom(51, 0x70707e8eb0, 3200, MSG_DONTWAIT, NULL, NULL) = -1 EAGAIN (Try again)
31768 1783932341.087071 recvfrom(51, "nysv\0\0\0\0\0\0\0\0\0\0\0\0_\v\f\227&\4\0\0I*\4\0\0\0\0\0", 3200, MSG_DONTWAIT, NULL, NULL) = 32
31768 1783932341.093315 recvfrom(51, 0x70707e8c80, 3200, MSG_DONTWAIT, NULL, NULL) = -1 EAGAIN (Try again)
31834 1783932341.093638 sendmsg(258, {msg_name=NULL, msg_namelen=0, msg_iov=[{iov_base="l\1\1\1\0\1\0\0O\0\0\0\235\0\0\0\1\1o\0;\0\0\0/re/frid"..., iov_len=432}], msg_iovlen=1, msg_controllen=0, msg_flags=0}, MSG_NOSIGNAL) = 432
31768 1783932341.101575 recvfrom(51, 0x70707e8eb0, 3200, MSG_DONTWAIT, NULL, NULL) = -1 EAGAIN (Try again)
31768 1783932341.102757 recvfrom(51, "nysv\0\0\0\0\0\0\0\0\0\0\0\0z\213\n\230&\4\0\0J*\4\0\0\0\0\0", 3200, MSG_DONTWAIT, NULL, NULL) = 32
31834 1783932341.103125 sendmsg(258, {msg_name=NULL, msg_namelen=0, msg_iov=[{iov_base="l\1\1\1\0\1\0\0P\0\0\0\235\0\0\0\1\1o\0;\0\0\0/re/frid"..., iov_len=432}], msg_iovlen=1, msg_controllen=0, msg_flags=0}, MSG_NOSIGNAL) = 432
31768 1783932341.103189 recvfrom(51, 0x70707e8c80, 3200, MSG_DONTWAIT, NULL, NULL) = -1 EAGAIN (Try again)
31768 1783932341.115135 recvfrom(51, 0x70707e8eb0, 3200, MSG_DONTWAIT, NULL, NULL) = -1 EAGAIN (Try again)
31768 1783932341.122177 recvfrom(51, "nysv\0\0\0\0\0\0\0\0\0\0\0\0`\256\10\231&\4\0\0K*\4\0\0\0\0\0", 3200, MSG_DONTWAIT, NULL, NULL) = 32
31768 1783932341.122512 recvfrom(51, 0x70707e8c80, 3200, MSG_DONTWAIT, NULL, NULL) = -1 EAGAIN (Try again)
31768 1783932341.134513 recvfrom(51, 0x70707e8eb0, 3200, MSG_DONTWAIT, NULL, NULL) = -1 EAGAIN (Try again)
31768 1783932341.135970 recvfrom(51, "nysv\0\0\0\0\0\0\0\0\0\0\0\0\231$\7\232&\4\0\0L*\4\0\0\0\0\0", 3200, MSG_DONTWAIT, NULL, NULL) = 32
31768 1783932341.136498 recvfrom(51, 0x70707e8c80, 3200, MSG_DONTWAIT, NULL, NULL) = -1 EAGAIN (Try again)
31834 1783932341.145077 sendmsg(258, {msg_name=NULL, msg_namelen=0, msg_iov=[{iov_base="l\1\1\1\0\1\0\0Q\0\0\0\235\0\0\0\1\1o\0;\0\0\0/re/frid"..., iov_len=432}], msg_iovlen=1, msg_controllen=0, msg_flags=0}, MSG_NOSIGNAL) = 432
31768 1783932341.149679 recvfrom(51, 0x70707e8eb0, 3200, MSG_DONTWAIT, NULL, NULL) = -1 EAGAIN (Try again)
31768 1783932341.153551 recvfrom(51, "nysv\0\0\0\0\0\0\0\0\0\0\0\0\372k\5\233&\4\0\0M*\4\0\0\0\0\0", 3200, MSG_DONTWAIT, NULL, NULL) = 32
31768 1783932341.154068 recvfrom(51, 0x70707e8c80, 3200, MSG_DONTWAIT, NULL, NULL) = -1 EAGAIN (Try again)
31834 1783932341.154357 sendmsg(258, {msg_name=NULL, msg_namelen=0, msg_iov=[{iov_base="l\1\1\1\0\1\0\0R\0\0\0\235\0\0\0\1\1o\0;\0\0\0/re/frid"..., iov_len=432}], msg_iovlen=1, msg_controllen=0, msg_flags=0}, MSG_NOSIGNAL) = 432
31768 1783932341.168182 recvfrom(51, 0x70707e8eb0, 3200, MSG_DONTWAIT, NULL, NULL) = -1 EAGAIN (Try again)
31834 1783932341.168455 sendmsg(258, {msg_name=NULL, msg_namelen=0, msg_iov=[{iov_base="l\1\1\1\0\1\0\0S\0\0\0\235\0\0\0\1\1o\0;\0\0\0/re/frid"..., iov_len=432}], msg_iovlen=1, msg_controllen=0, msg_flags=0}, MSG_NOSIGNAL) = 432
31768 1783932341.169332 recvfrom(51, "nysv\0\0\0\0\0\0\0\0\0\0\0\0@\364\3\234&\4\0\0N*\4\0\0\0\0\0", 3200, MSG_DONTWAIT, NULL, NULL) = 32
31768 1783932341.169815 recvfrom(51, 0x70707e8c80, 3200, MSG_DONTWAIT, NULL, NULL) = -1 EAGAIN (Try again)
31834 1783932341.181818 sendmsg(258, {msg_name=NULL, msg_namelen=0, msg_iov=[{iov_base="l\1\1\1\0\1\0\0T\0\0\0\235\0\0\0\1\1o\0;\0\0\0/re/frid"..., iov_len=432}], msg_iovlen=1, msg_controllen=0, msg_flags=0}, MSG_NOSIGNAL) = 432
31768 1783932341.182836 recvfrom(51, 0x70707e8eb0, 3200, MSG_DONTWAIT, NULL, NULL) = -1 EAGAIN (Try again)
31768 1783932341.190123 recvfrom(51, "nysv\0\0\0\0\0\0\0\0\0\0\0\0\22h\2\235&\4\0\0O*\4\0\0\0\0\0", 3200, MSG_DONTWAIT, NULL, NULL) = 32
31768 1783932341.191193 recvfrom(51, 0x70707e8c80, 3200, MSG_DONTWAIT, NULL, NULL) = -1 EAGAIN (Try again)
31834 1783932341.198598 sendmsg(258, {msg_name=NULL, msg_namelen=0, msg_iov=[{iov_base="l\1\1\1\0\1\0\0U\0\0\0\235\0\0\0\1\1o\0;\0\0\0/re/frid"..., iov_len=432}], msg_iovlen=1, msg_controllen=0, msg_flags=0}, MSG_NOSIGNAL) = 432
31768 1783932341.199738 recvfrom(51, 0x70707e8eb0, 3200, MSG_DONTWAIT, NULL, NULL) = -1 EAGAIN (Try again)
31768 1783932341.204111 recvfrom(51, "nysv\0\0\0\0\0\0\0\0\0\0\0\0\324\310\0\236&\4\0\0P*\4\0\0\0\0\0", 3200, MSG_DONTWAIT, NULL, NULL) = 32
31768 1783932341.209711 recvfrom(51, 0x70707e8c80, 3200, MSG_DONTWAIT, NULL, NULL) = -1 EAGAIN (Try again)
31834 1783932341.217455 sendmsg(258, {msg_name=NULL, msg_namelen=0, msg_iov=[{iov_base="l\1\1\1\0\1\0\0V\0\0\0\235\0\0\0\1\1o\0;\0\0\0/re/frid"..., iov_len=432}], msg_iovlen=1, msg_controllen=0, msg_flags=0}, MSG_NOSIGNAL) = 432
31768 1783932341.232830 recvfrom(51, "nysv\0\0\0\0\0\0\0\0\0\0\0\0Tk\377\236&\4\0\0Q*\4\0\0\0\0\0", 3200, MSG_DONTWAIT, NULL, NULL) = 32
31768 1783932341.232999 recvfrom(51, 0x70707e8eb0, 3200, MSG_DONTWAIT, NULL, NULL) = -1 EAGAIN (Try again)
31834 1783932341.240614 sendmsg(258, {msg_name=NULL, msg_namelen=0, msg_iov=[{iov_base="l\1\1\1\0\1\0\0W\0\0\0\235\0\0\0\1\1o\0;\0\0\0/re/frid"..., iov_len=432}], msg_iovlen=1, msg_controllen=0, msg_flags=0}, MSG_NOSIGNAL) = 432
31768 1783932341.250945 recvfrom(51, "nysv\0\0\0\0\0\0\0\0\0\0\0\0\223v\375\237&\4\0\0R*\4\0\0\0\0\0", 3200, MSG_DONTWAIT, NULL, NULL) = 32
31768 1783932341.251122 recvfrom(51, 0x70707e8c80, 3200, MSG_DONTWAIT, NULL, NULL) = -1 EAGAIN (Try again)
31834 1783932341.266610 sendmsg(258, {msg_name=NULL, msg_namelen=0, msg_iov=[{iov_base="l\1\1\1\0\1\0\0X\0\0\0\235\0\0\0\1\1o\0;\0\0\0/re/frid"..., iov_len=432}], msg_iovlen=1, msg_controllen=0, msg_flags=0}, MSG_NOSIGNAL) = 432
31834 1783932341.282808 sendmsg(258, {msg_name=NULL, msg_namelen=0, msg_iov=[{iov_base="l\1\1\1\0\1\0\0Y\0\0\0\235\0\0\0\1\1o\0;\0\0\0/re/frid"..., iov_len=432}], msg_iovlen=1, msg_controllen=0, msg_flags=0}, MSG_NOSIGNAL) = 432
31740 1783932341.393302 recvfrom(38, "nysv\0\0\0\0\0\0\0\0\0\0\0\0\364\315\r\226&\4\0\0H*\4\0\0\0\0\0", 3200, MSG_DONTWAIT, NULL, NULL) = 32
31740 1783932341.393519 recvfrom(38, 0x7fd67ab450, 3200, MSG_DONTWAIT, NULL, NULL) = -1 EAGAIN (Try again)
31740 1783932341.393710 recvfrom(79, "h\0\0\0vor_\v\0\0\0\0\0\0\0\7\37\222\230&\4\0\0\354\\-?\30IK4"..., 26624, MSG_DONTWAIT, NULL, NULL) = 104
31740 1783932341.393958 recvfrom(79, "h\0\0\0vor_\v\0\0\0\0\0\0\0\275;\203\233&\4\0\0\376\\-?8B\2264"..., 26624, MSG_DONTWAIT, NULL, NULL) = 104
31740 1783932341.394139 recvfrom(79, "h\0\0\0vor_\v\0\0\0\0\0\0\0R\264\234\236&\4\0\0\376\\-?\274\367\2264"..., 26624, MSG_DONTWAIT, NULL, NULL) = 104
31740 1783932341.394313 recvfrom(79, "h\0\0\0vor_\v\0\0\0\0\0\0\0|\341\225\241&\4\0\0\20]-?c\332\3104"..., 26624, MSG_DONTWAIT, NULL, NULL) = 104
31740 1783932341.394489 recvfrom(79, "h\0\0\0vor_\v\0\0\0\0\0\0\0/\222\246\244&\4\0\0\20]-?\5\6\3124"..., 26624, MSG_DONTWAIT, NULL, NULL) = 104
31740 1783932341.394647 recvfrom(79, "h\0\0\0vor_\v\0\0\0\0\0\0\0\363\27\252\247&\4\0\0\20]-?\346&\3134"..., 26624, MSG_DONTWAIT, NULL, NULL) = 104
31740 1783932341.394804 recvfrom(79, 0x7007512840, 26624, MSG_DONTWAIT, NULL, NULL) = -1 EAGAIN (Try again)
31740 1783932341.402181 recvfrom(261, 0x6ffd11b420, 2272, MSG_DONTWAIT, NULL, NULL) = -1 EAGAIN (Try again)
31740 1783932341.402801 recvfrom(73, 0x70706dd020, 2272, MSG_DONTWAIT, NULL, NULL) = -1 EAGAIN (Try again)
31740 1783932341.403231 recvfrom(38, 0x7fd67ab3b0, 3200, MSG_DONTWAIT, NULL, NULL) = -1 EAGAIN (Try again)
31834 1783932341.413971 sendmsg(258, {msg_name=NULL, msg_namelen=0, msg_iov=[{iov_base="l\1\1\1\0\1\0\0Z\0\0\0\235\0\0\0\1\1o\0;\0\0\0/re/frid"..., iov_len=432}], msg_iovlen=1, msg_controllen=0, msg_flags=0}, MSG_NOSIGNAL) = 432
31834 1783932341.428488 sendmsg(258, {msg_name=NULL, msg_namelen=0, msg_iov=[{iov_base="l\1\1\1\0\1\0\0[\0\0\0\235\0\0\0\1\1o\0;\0\0\0/re/frid"..., iov_len=432}], msg_iovlen=1, msg_controllen=0, msg_flags=0}, MSG_NOSIGNAL) = 432
31834 1783932341.436837 sendmsg(258, {msg_name=NULL, msg_namelen=0, msg_iov=[{iov_base="l\1\1\1\0\1\0\0\\\0\0\0\235\0\0\0\1\1o\0;\0\0\0/re/frid"..., iov_len=432}], msg_iovlen=1, msg_controllen=0, msg_flags=0}, MSG_NOSIGNAL) = 432
31834 1783932341.452540 sendmsg(258, {msg_name=NULL, msg_namelen=0, msg_iov=[{iov_base="l\1\1\1\0\1\0\0]\0\0\0\235\0\0\0\1\1o\0;\0\0\0/re/frid"..., iov_len=432}], msg_iovlen=1, msg_controllen=0, msg_flags=0}, MSG_NOSIGNAL) = 432
31834 1783932341.469138 sendmsg(258, {msg_name=NULL, msg_namelen=0, msg_iov=[{iov_base="l\1\1\1\0\1\0\0^\0\0\0\235\0\0\0\1\1o\0;\0\0\0/re/frid"..., iov_len=432}], msg_iovlen=1, msg_controllen=0, msg_flags=0}, MSG_NOSIGNAL) = 432
31834 1783932341.483024 sendmsg(258, {msg_name=NULL, msg_namelen=0, msg_iov=[{iov_base="l\1\1\1\0\1\0\0_\0\0\0\235\0\0\0\1\1o\0;\0\0\0/re/frid"..., iov_len=432}], msg_iovlen=1, msg_controllen=0, msg_flags=0}, MSG_NOSIGNAL) = 432
31834 1783932341.497219 sendmsg(258, {msg_name=NULL, msg_namelen=0, msg_iov=[{iov_base="l\1\1\1\0\1\0\0`\0\0\0\235\0\0\0\1\1o\0;\0\0\0/re/frid"..., iov_len=432}], msg_iovlen=1, msg_controllen=0, msg_flags=0}, MSG_NOSIGNAL) = 432
31834 1783932341.514586 sendmsg(258, {msg_name=NULL, msg_namelen=0, msg_iov=[{iov_base="l\1\1\1\0\1\0\0a\0\0\0\235\0\0\0\1\1o\0;\0\0\0/re/frid"..., iov_len=432}], msg_iovlen=1, msg_controllen=0, msg_flags=0}, MSG_NOSIGNAL) = 432
31740 1783932341.560869 recvfrom(79, "h\0\0\0vor_\v\0\0\0\0\0\0\0\336\10\270\252&\4\0\0\20]-?R=\3144"..., 26624, MSG_DONTWAIT, NULL, NULL) = 104
31740 1783932341.561272 recvfrom(79, "h\0\0\0vor_\v\0\0\0\0\0\0\0O|\324\255&\4\0\0\20]-?\224I\3154"..., 26624, MSG_DONTWAIT, NULL, NULL) = 104
31740 1783932341.561971 recvfrom(79, "h\0\0\0vor_\v\0\0\0\0\0\0\0\213\21\321\260&\4\0\0\20]-?\363K\3164"..., 26624, MSG_DONTWAIT, NULL, NULL) = 104
31740 1783932341.562205 recvfrom(79, 0x7007512840, 26624, MSG_DONTWAIT, NULL, NULL) = -1 EAGAIN (Try again)
31740 1783932341.562464 recvfrom(38, "nysv\0\0\0\0\0\0\0\0\0\0\0\0E\330\353\252&\4\0\0]*\4\0\0\0\0\0", 3200, MSG_DONTWAIT, NULL, NULL) = 32
31740 1783932341.562936 recvfrom(38, 0x7fd67ab450, 3200, MSG_DONTWAIT, NULL, NULL) = -1 EAGAIN (Try again)
31740 1783932341.568197 recvfrom(79, "h\0\0\0vor_\v\0\0\0\0\0\0\0\334\305\324\263&\4\0\0\20]-?\265D\3174"..., 26624, MSG_DONTWAIT, NULL, NULL) = 104
31740 1783932341.568525 recvfrom(79, 0x7007512840, 26624, MSG_DONTWAIT, NULL, NULL) = -1 EAGAIN (Try again)
31768 1783932341.580243 recvfrom(51, 0x70707e8eb0, 3200, MSG_DONTWAIT, NULL, NULL) = -1 EAGAIN (Try again)
31740 1783932341.580672 recvfrom(261, 0x6ffd11b420, 2272, MSG_DONTWAIT, NULL, NULL) = -1 EAGAIN (Try again)
31740 1783932341.580842 recvfrom(73, 0x70706dd020, 2272, MSG_DONTWAIT, NULL, NULL) = -1 EAGAIN (Try again)
31768 1783932341.581431 recvfrom(51,  <unfinished ...>
31740 1783932341.581447 recvfrom(38,  <unfinished ...>
31768 1783932341.581547 <... recvfrom resumed> 0x70707e8eb0, 3200, MSG_DONTWAIT, NULL, NULL) = -1 EAGAIN (Try again)
31740 1783932341.581584 <... recvfrom resumed> 0x7fd67ab3b0, 3200, MSG_DONTWAIT, NULL, NULL) = -1 EAGAIN (Try again)
31768 1783932341.586246 recvfrom(51, "nysv\0\0\0\0\0\0\0\0\0\0\0\0\277\30\335\264&\4\0\0g*\4\0\0\0\0\0", 3200, MSG_DONTWAIT, NULL, NULL) = 32
31768 1783932341.586645 recvfrom(51, 0x70707e8c80, 3200, MSG_DONTWAIT, NULL, NULL) = -1 EAGAIN (Try again)
31834 1783932341.594149 sendmsg(258, {msg_name=NULL, msg_namelen=0, msg_iov=[{iov_base="l\1\1\1\0\1\0\0b\0\0\0\235\0\0\0\1\1o\0;\0\0\0/re/frid"..., iov_len=432}], msg_iovlen=1, msg_controllen=0, msg_flags=0}, MSG_NOSIGNAL) = 432
31768 1783932341.615517 recvfrom(51, "nysv\0\0\0\0\0\0\0\0\0\0\0\0\267\201\333\265&\4\0\0h*\4\0\0\0\0\0", 3200, MSG_DONTWAIT, NULL, NULL) = 32
31768 1783932341.615856 recvfrom(51,  <unfinished ...>
31834 1783932341.615998 sendmsg(258, {msg_name=NULL, msg_namelen=0, msg_iov=[{iov_base="l\1\1\1\0\1\0\0c\0\0\0\235\0\0\0\1\1o\0;\0\0\0/re/frid"..., iov_len=432}], msg_iovlen=1, msg_controllen=0, msg_flags=0}, MSG_NOSIGNAL) = 432
31768 1783932341.616109 <... recvfrom resumed> 0x70707e8c80, 3200, MSG_DONTWAIT, NULL, NULL) = -1 EAGAIN (Try again)
31834 1783932341.626577 sendmsg(258, {msg_name=NULL, msg_namelen=0, msg_iov=[{iov_base="l\1\1\1\0\1\0\0d\0\0\0\235\0\0\0\1\1o\0;\0\0\0/re/frid"..., iov_len=432}], msg_iovlen=1, msg_controllen=0, msg_flags=0}, MSG_NOSIGNAL) = 432
31834 1783932341.650242 sendmsg(258, {msg_name=NULL, msg_namelen=0, msg_iov=[{iov_base="l\1\1\1\0\1\0\0e\0\0\0\235\0\0\0\1\1o\0;\0\0\0/re/frid"..., iov_len=432}], msg_iovlen=1, msg_controllen=0, msg_flags=0}, MSG_NOSIGNAL) = 432
31834 1783932341.670120 sendmsg(258, {msg_name=NULL, msg_namelen=0, msg_iov=[{iov_base="l\1\1\1\0\1\0\0f\0\0\0\235\0\0\0\1\1o\0;\0\0\0/re/frid"..., iov_len=432}], msg_iovlen=1, msg_controllen=0, msg_flags=0}, MSG_NOSIGNAL) = 432
31834 1783932341.691567 sendmsg(258, {msg_name=NULL, msg_namelen=0, msg_iov=[{iov_base="l\1\1\1\0\1\0\0g\0\0\0\235\0\0\0\1\1o\0;\0\0\0/re/frid"..., iov_len=432}], msg_iovlen=1, msg_controllen=0, msg_flags=0}, MSG_NOSIGNAL) = 432
31834 1783932341.707661 sendmsg(258, {msg_name=NULL, msg_namelen=0, msg_iov=[{iov_base="l\1\1\1\0\1\0\0h\0\0\0\235\0\0\0\1\1o\0;\0\0\0/re/frid"..., iov_len=432}], msg_iovlen=1, msg_controllen=0, msg_flags=0}, MSG_NOSIGNAL) = 432
31834 1783932341.728647 sendmsg(258, {msg_name=NULL, msg_namelen=0, msg_iov=[{iov_base="l\1\1\1\0\1\0\0i\0\0\0\235\0\0\0\1\1o\0;\0\0\0/re/frid"..., iov_len=432}], msg_iovlen=1, msg_controllen=0, msg_flags=0}, MSG_NOSIGNAL) = 432
31740 1783932341.775093 recvfrom(38, "nysv\0\0\0\0\0\0\0\0\0\0\0\0\277\30\335\264&\4\0\0g*\4\0\0\0\0\0", 3200, MSG_DONTWAIT, NULL, NULL) = 32
31740 1783932341.776732 recvfrom(38, 0x7fd67ab450, 3200, MSG_DONTWAIT, NULL, NULL) = -1 EAGAIN (Try again)
31740 1783932341.776953 recvfrom(79, "h\0\0\0vor_\v\0\0\0\0\0\0\0\3\247\343\266&\4\0\0\20]-?\0354\3204"..., 26624, MSG_DONTWAIT, NULL, NULL) = 104
31740 1783932341.777146 recvfrom(79, "h\0\0\0vor_\v\0\0\0\0\0\0\0z\16\355\271&\4\0\0\20]-?n\32\3214"..., 26624, MSG_DONTWAIT, NULL, NULL) = 104
31740 1783932341.777324 recvfrom(79, "h\0\0\0vor_\v\0\0\0\0\0\0\0\204\214\364\274&\4\0\0\20]-?\345\367\3214"..., 26624, MSG_DONTWAIT, NULL, NULL) = 104
31740 1783932341.777669 recvfrom(79, 0x7007512840, 26624, MSG_DONTWAIT, NULL, NULL) = -1 EAGAIN (Try again)
31740 1783932341.778272 recvfrom(261, 0x6ffd11b420, 2272, MSG_DONTWAIT, NULL, NULL) = -1 EAGAIN (Try again)
31740 1783932341.801795 recvfrom(79, "h\0\0\0vor_\v\0\0\0\0\0\0\0\261\257\214\300&\4\0\0\20]-?\302\314\3224"..., 26624, MSG_DONTWAIT, NULL, NULL) = 104
31740 1783932341.802031 recvfrom(79, 0x7007512840, 26624, MSG_DONTWAIT, NULL, NULL) = -1 EAGAIN (Try again)
31740 1783932341.831824 recvfrom(79, "h\0\0\0vor_\v\0\0\0\0\0\0\0{\204\205\303&\4\0\0!]-?\24~\0025"..., 26624, MSG_DONTWAIT, NULL, NULL) = 104
31740 1783932341.832321 recvfrom(79, 0x7007512840, 26624, MSG_DONTWAIT, NULL, NULL) = -1 EAGAIN (Try again)
31740 1783932341.884075 recvfrom(79, "h\0\0\0vor_\v\0\0\0\0\0\0\0\20\235\230\306&\4\0\0!]-?\22*\0035"..., 26624, MSG_DONTWAIT, NULL, NULL) = 104
31740 1783932341.884693 recvfrom(79, 0x7007512840, 26624, MSG_DONTWAIT, NULL, NULL) = -1 EAGAIN (Try again)
31740 1783932341.937450 recvfrom(79, "h\0\0\0vor_\v\0\0\0\0\0\0\0/\30\324\311&\4\0\0!]-?\223\317\0035"..., 26624, MSG_DONTWAIT, NULL, NULL) = 104
31740 1783932341.937750 recvfrom(79, 0x7007512840, 26624, MSG_DONTWAIT, NULL, NULL) = -1 EAGAIN (Try again)
31740 1783932341.990651 recvfrom(79, "h\0\0\0vor_\v\0\0\0\0\0\0\0\244\222\342\314&\4\0\0!]-?\305n\0045"..., 26624, MSG_DONTWAIT, NULL, NULL) = 104
31740 1783932341.990716 recvfrom(79, 0x7007512840, 26624, MSG_DONTWAIT, NULL, NULL) = -1 EAGAIN (Try again)
31740 1783932342.040532 recvfrom(79, "h\0\0\0vor_\v\0\0\0\0\0\0\0\214\367\374\317&\4\0\0!]-?\326\7\0055"..., 26624, MSG_DONTWAIT, NULL, NULL) = 104
31740 1783932342.040626 recvfrom(79, 0x7007512840, 26624, MSG_DONTWAIT, NULL, NULL) = -1 EAGAIN (Try again)
31740 1783932342.096454 recvfrom(79, "h\0\0\0vor_\v\0\0\0\0\0\0\0\305\266Q\323&\4\0\0!]-?\363\232\0055"..., 26624, MSG_DONTWAIT, NULL, NULL) = 104
31740 1783932342.098361 recvfrom(79, 0x7007512840, 26624, MSG_DONTWAIT, NULL, NULL) = -1 EAGAIN (Try again)
31740 1783932342.148830 recvfrom(79, "h\0\0\0vor_\v\0\0\0\0\0\0\0\"8r\326&\4\0\0!]-?E(\0065"..., 26624, MSG_DONTWAIT, NULL, NULL) = 104
31740 1783932342.148893 recvfrom(79, 0x7007512840, 26624, MSG_DONTWAIT, NULL, NULL) = -1 EAGAIN (Try again)
31740 1783932342.201044 recvfrom(79, "h\0\0\0vor_\v\0\0\0\0\0\0\0\302!\220\331&\4\0\0!]-?\366\257\0065"..., 26624, MSG_DONTWAIT, NULL, NULL) = 104
31740 1783932342.201076 recvfrom(79, 0x7007512840, 26624, MSG_DONTWAIT, NULL, NULL) = -1 EAGAIN (Try again)
31740 1783932342.254522 recvfrom(79, "h\0\0\0vor_\v\0\0\0\0\0\0\0l\324\276\334&\4\0\0!]-?.2\0075"..., 26624, MSG_DONTWAIT, NULL, NULL) = 104
31740 1783932342.254616 recvfrom(79, 0x7007512840, 26624, MSG_DONTWAIT, NULL, NULL) = -1 EAGAIN (Try again)
31740 1783932342.313030 recvfrom(79, "h\0\0\0vor_\v\0\0\0\0\0\0\0\234\271+\340&\4\0\0!]-?\24\257\0075"..., 26624, MSG_DONTWAIT, NULL, NULL) = 104
31740 1783932342.313111 recvfrom(79, 0x7007512840, 26624, MSG_DONTWAIT, NULL, NULL) = -1 EAGAIN (Try again)
31740 1783932342.361662 recvfrom(79, "h\0\0\0vor_\v\0\0\0\0\0\0\0\225\222\"\343&\4\0\0\17]-?\326\374\3404"..., 26624, MSG_DONTWAIT, NULL, NULL) = 104
31740 1783932342.361728 recvfrom(79, 0x7007512840, 26624, MSG_DONTWAIT, NULL, NULL) = -1 EAGAIN (Try again)
31740 1783932342.415921 recvfrom(79, "h\0\0\0vor_\v\0\0\0\0\0\0\0\\\255V\346&\4\0\0\17]-?\20\347\3414"..., 26624, MSG_DONTWAIT, NULL, NULL) = 104
31740 1783932342.416063 recvfrom(79, 0x7007512840, 26624, MSG_DONTWAIT, NULL, NULL) = -1 EAGAIN (Try again)
31740 1783932342.466783 recvfrom(79, "h\0\0\0vor_\v\0\0\0\0\0\0\0c\322e\351&\4\0\0\17]-?|\307\3424"..., 26624, MSG_DONTWAIT, NULL, NULL) = 104
31740 1783932342.466904 recvfrom(79, 0x7007512840, 26624, MSG_DONTWAIT, NULL, NULL) = -1 EAGAIN (Try again)
31740 1783932342.526082 recvfrom(79, "h\0\0\0vor_\v\0\0\0\0\0\0\0\235>\356\354&\4\0\0\17]-?d\236\3434"..., 26624, MSG_DONTWAIT, NULL, NULL) = 104
31740 1783932342.526142 recvfrom(79, 0x7007512840, 26624, MSG_DONTWAIT, NULL, NULL) = -1 EAGAIN (Try again)
31740 1783932342.575641 recvfrom(79, "h\0\0\0vor_\v\0\0\0\0\0\0\0\2123\343\357&\4\0\0\375\\-?[\322\2644"..., 26624, MSG_DONTWAIT, NULL, NULL) = 104
31740 1783932342.575686 recvfrom(79, 0x7007512840, 26624, MSG_DONTWAIT, NULL, NULL) = -1 EAGAIN (Try again)
31740 1783932342.634741 recvfrom(79, "h\0\0\0vor_\v\0\0\0\0\0\0\0\264\37e\363&\4\0\0\375\\-?^z\2654"..., 26624, MSG_DONTWAIT, NULL, NULL) = 104
31740 1783932342.634805 recvfrom(79, 0x7007512840, 26624, MSG_DONTWAIT, NULL, NULL) = -1 EAGAIN (Try again)
31740 1783932342.689623 recvfrom(79, "h\0\0\0vor_\v\0\0\0\0\0\0\0\25\322\253\366&\4\0\0\375\\-?\242\32\2664"..., 26624, MSG_DONTWAIT, NULL, NULL) = 104
31740 1783932342.689722 recvfrom(79, 0x7007512840, 26624, MSG_DONTWAIT, NULL, NULL) = -1 EAGAIN (Try again)
31740 1783932342.742578 recvfrom(79, "h\0\0\0vor_\v\0\0\0\0\0\0\0\343\233\324\371&\4\0\0\375\\-?b\263\2664"..., 26624, MSG_DONTWAIT, NULL, NULL) = 104
31740 1783932342.742640 recvfrom(79, 0x7007512840, 26624, MSG_DONTWAIT, NULL, NULL) = -1 EAGAIN (Try again)
31740 1783932342.802877 recvfrom(79, "h\0\0\0vor_\v\0\0\0\0\0\0\0\202\272l\375&\4\0\0\375\\-?\331D\2674"..., 26624, MSG_DONTWAIT, NULL, NULL) = 104
31740 1783932342.802910 recvfrom(79, 0x7007512840, 26624, MSG_DONTWAIT, NULL, NULL) = -1 EAGAIN (Try again)
31740 1783932342.854887 recvfrom(79, "h\0\0\0vor_\v\0\0\0\0\0\0\0\304\36\207\0'\4\0\0\375\\-??\317\2674"..., 26624, MSG_DONTWAIT, NULL, NULL) = 104
31740 1783932342.854964 recvfrom(79, 0x7007512840, 26624, MSG_DONTWAIT, NULL, NULL) = -1 EAGAIN (Try again)
31740 1783932342.910325 recvfrom(79, "h\0\0\0vor_\v\0\0\0\0\0\0\0\302\2\324\3'\4\0\0\375\\-?\312R\2704"..., 26624, MSG_DONTWAIT, NULL, NULL) = 104
31740 1783932342.910407 recvfrom(79, 0x7007512840, 26624, MSG_DONTWAIT, NULL, NULL) = -1 EAGAIN (Try again)
31740 1783932342.964911 recvfrom(79, "h\0\0\0vor_\v\0\0\0\0\0\0\0\16\214\27\7'\4\0\0\375\\-?\260\317\2704"..., 26624, MSG_DONTWAIT, NULL, NULL) = 104
31740 1783932342.964970 recvfrom(79, 0x7007512840, 26624, MSG_DONTWAIT, NULL, NULL) = -1 EAGAIN (Try again)
31740 1783932343.017617 recvfrom(79, "h\0\0\0vor_\v\0\0\0\0\0\0\0=\0102\n'\4\0\0\375\\-?#F\2714"..., 26624, MSG_DONTWAIT, NULL, NULL) = 104
31740 1783932343.017681 recvfrom(79, 0x7007512840, 26624, MSG_DONTWAIT, NULL, NULL) = -1 EAGAIN (Try again)
31740 1783932343.070235 recvfrom(79, "h\0\0\0vor_\v\0\0\0\0\0\0\0[\242Z\r'\4\0\0\375\\-?T\266\2714"..., 26624, MSG_DONTWAIT, NULL, NULL) = 104
31740 1783932343.070319 recvfrom(79, 0x7007512840, 26624, MSG_DONTWAIT, NULL, NULL) = -1 EAGAIN (Try again)
31740 1783932343.130052 recvfrom(79, "h\0\0\0vor_\v\0\0\0\0\0\0\0\216\22\346\20'\4\0\0\375\\-?t \2724"..., 26624, MSG_DONTWAIT, NULL, NULL) = 104
31740 1783932343.130144 recvfrom(79, 0x7007512840, 26624, MSG_DONTWAIT, NULL, NULL) = -1 EAGAIN (Try again)
31740 1783932343.183196 recvfrom(79, "h\0\0\0vor_\v\0\0\0\0\0\0\0\375\3\32\24'\4\0\0\375\\-?\260\204\2724"..., 26624, MSG_DONTWAIT, NULL, NULL) = 104
31740 1783932343.183313 recvfrom(79, 0x7007512840, 26624, MSG_DONTWAIT, NULL, NULL) = -1 EAGAIN (Try again)
31740 1783932343.246331 recvfrom(79, "h\0\0\0vor_\v\0\0\0\0\0\0\0\244\303d\27'\4\0\0\375\\-?5\343\2724"..., 26624, MSG_DONTWAIT, NULL, NULL) = 104
31740 1783932343.246417 recvfrom(79, 0x7007512840, 26624, MSG_DONTWAIT, NULL, NULL) = -1 EAGAIN (Try again)
31740 1783932343.289430 recvfrom(79, "h\0\0\0vor_\v\0\0\0\0\0\0\0J\273m\32'\4\0\0\375\\-?0<\2734"..., 26624, MSG_DONTWAIT, NULL, NULL) = 104
31740 1783932343.289498 recvfrom(79, 0x7007512840, 26624, MSG_DONTWAIT, NULL, NULL) = -1 EAGAIN (Try again)
31740 1783932343.340958 recvfrom(79, "h\0\0\0vor_\v\0\0\0\0\0\0\0~\362\201\35'\4\0\0\375\\-?\312\217\2734"..., 26624, MSG_DONTWAIT, NULL, NULL) = 104
31740 1783932343.341023 recvfrom(79, 0x7007512840, 26624, MSG_DONTWAIT, NULL, NULL) = -1 EAGAIN (Try again)
31740 1783932343.391997 recvfrom(79, "h\0\0\0vor_\v\0\0\0\0\0\0\0NG\216 '\4\0\0\375\\-?+\336\2734"..., 26624, MSG_DONTWAIT, NULL, NULL) = 104
31740 1783932343.392034 recvfrom(79, 0x7007512840, 26624, MSG_DONTWAIT, NULL, NULL) = -1 EAGAIN (Try again)
31740 1783932343.461953 recvfrom(79, "h\0\0\0vor_\v\0\0\0\0\0\0\0M\3553$'\4\0\0\375\\-?{'\2744"..., 26624, MSG_DONTWAIT, NULL, NULL) = 104
31740 1783932343.462021 recvfrom(79, 0x7007512840, 26624, MSG_DONTWAIT, NULL, NULL) = -1 EAGAIN (Try again)
31740 1783932343.503410 recvfrom(79, "h\0\0\0vor_\v\0\0\0\0\0\0\0\2564&''\4\0\0\354\\-?\221\316\2144"..., 26624, MSG_DONTWAIT, NULL, NULL) = 104
31740 1783932343.503461 recvfrom(79, 0x7007512840, 26624, MSG_DONTWAIT, NULL, NULL) = -1 EAGAIN (Try again)
31740 1783932343.554109 recvfrom(79, "h\0\0\0vor_\v\0\0\0\0\0\0\0\337\3401*'\4\0\0\354\\-?K\341\2144"..., 26624, MSG_DONTWAIT, NULL, NULL) = 104
31740 1783932343.554160 recvfrom(79, 0x7007512840, 26624, MSG_DONTWAIT, NULL, NULL) = -1 EAGAIN (Try again)
31740 1783932343.612400 recvfrom(79, "h\0\0\0vor_\v\0\0\0\0\0\0\0\205\346\260-'\4\0\0\354\\-?\365\360\2144"..., 26624, MSG_DONTWAIT, NULL, NULL) = 104
31740 1783932343.612430 recvfrom(79, 0x7007512840, 26624, MSG_DONTWAIT, NULL, NULL) = -1 EAGAIN (Try again)
31740 1783932343.666130 recvfrom(79, "h\0\0\0vor_\v\0\0\0\0\0\0\0bW\3350'\4\0\0\354\\-?\251\375\2144"..., 26624, MSG_DONTWAIT, NULL, NULL) = 104
31740 1783932343.666184 recvfrom(79, 0x7007512840, 26624, MSG_DONTWAIT, NULL, NULL) = -1 EAGAIN (Try again)
31740 1783932343.721148 recvfrom(79, "h\0\0\0vor_\v\0\0\0\0\0\0\0\375\273$4'\4\0\0\354\\-?\177\7\2154"..., 26624, MSG_DONTWAIT, NULL, NULL) = 104
31740 1783932343.721199 recvfrom(79, 0x7007512840, 26624, MSG_DONTWAIT, NULL, NULL) = -1 EAGAIN (Try again)
31740 1783932343.775773 recvfrom(79, "h\0\0\0vor_\v\0\0\0\0\0\0\0+\242m7'\4\0\0\354\\-?\220\16\2154"..., 26624, MSG_DONTWAIT, NULL, NULL) = 104
31740 1783932343.775830 recvfrom(79, 0x7007512840, 26624, MSG_DONTWAIT, NULL, NULL) = -1 EAGAIN (Try again)
31740 1783932343.827915 recvfrom(79, "h\0\0\0vor_\v\0\0\0\0\0\0\0=\t\212:'\4\0\0\354\\-?\363\22\2154"..., 26624, MSG_DONTWAIT, NULL, NULL) = 104
31740 1783932343.827944 recvfrom(79, 0x7007512840, 26624, MSG_DONTWAIT, NULL, NULL) = -1 EAGAIN (Try again)
31740 1783932343.883130 recvfrom(79, "h\0\0\0vor_\v\0\0\0\0\0\0\0%c\323='\4\0\0\354\\-?\275\24\2154"..., 26624, MSG_DONTWAIT, NULL, NULL) = 104
31740 1783932343.883159 recvfrom(79, 0x7007512840, 26624, MSG_DONTWAIT, NULL, NULL) = -1 EAGAIN (Try again)
31740 1783932343.934456 recvfrom(79, "h\0\0\0vor_\v\0\0\0\0\0\0\0};\341@'\4\0\0\354\\-?\5\24\2154"..., 26624, MSG_DONTWAIT, NULL, NULL) = 104
31740 1783932343.934537 recvfrom(79, 0x7007512840, 26624, MSG_DONTWAIT, NULL, NULL) = -1 EAGAIN (Try again)
31740 1783932343.985943 recvfrom(79, "h\0\0\0vor_\v\0\0\0\0\0\0\0\204Y\360C'\4\0\0\354\\-?\337\20\2154"..., 26624, MSG_DONTWAIT, NULL, NULL) = 104
31740 1783932343.985983 recvfrom(79, 0x7007512840, 26624, MSG_DONTWAIT, NULL, NULL) = -1 EAGAIN (Try again)
31740 1783932344.037377 recvfrom(79, "h\0\0\0vor_\v\0\0\0\0\0\0\00038\5G'\4\0\0\354\\-?_\v\2154"..., 26624, MSG_DONTWAIT, NULL, NULL) = 104
31740 1783932344.037411 recvfrom(79, 0x7007512840, 26624, MSG_DONTWAIT, NULL, NULL) = -1 EAGAIN (Try again)
31740 1783932344.092606 recvfrom(79, "h\0\0\0vor_\v\0\0\0\0\0\0\0004\rJJ'\4\0\0\354\\-?\230\3\2154"..., 26624, MSG_DONTWAIT, NULL, NULL) = 104
31740 1783932344.092747 recvfrom(79, 0x7007512840, 26624, MSG_DONTWAIT, NULL, NULL) = -1 EAGAIN (Try again)
31740 1783932344.148878 recvfrom(79, "h\0\0\0vor_\v\0\0\0\0\0\0\0\365\353\234M'\4\0\0\354\\-?\237\371\2144"..., 26624, MSG_DONTWAIT, NULL, NULL) = 104
31740 1783932344.149011 recvfrom(79, 0x7007512840, 26624, MSG_DONTWAIT, NULL, NULL) = -1 EAGAIN (Try again)
31740 1783932344.202563 recvfrom(79, "h\0\0\0vor_\v\0\0\0\0\0\0\0F\301\303P'\4\0\0\354\\-?\205\355\2144"..., 26624, MSG_DONTWAIT, NULL, NULL) = 104
31740 1783932344.202717 recvfrom(79, 0x7007512840, 26624, MSG_DONTWAIT, NULL, NULL) = -1 EAGAIN (Try again)
31740 1783932344.260222 recvfrom(79, "h\0\0\0vor_\v\0\0\0\0\0\0\0\372\227FT'\4\0\0\354\\-?\\\337\2144"..., 26624, MSG_DONTWAIT, NULL, NULL) = 104
31740 1783932344.260366 recvfrom(79, 0x7007512840, 26624, MSG_DONTWAIT, NULL, NULL) = -1 EAGAIN (Try again)
31740 1783932344.314042 recvfrom(79, "h\0\0\0vor_\v\0\0\0\0\0\0\0\345\270xW'\4\0\0\354\\-?4\317\2144"..., 26624, MSG_DONTWAIT, NULL, NULL) = 104
31740 1783932344.314212 recvfrom(79, 0x7007512840, 26624, MSG_DONTWAIT, NULL, NULL) = -1 EAGAIN (Try again)
31740 1783932344.368851 recvfrom(79, "h\0\0\0vor_\v\0\0\0\0\0\0\0\323\341\263Z'\4\0\0\354\\-?\37\275\2144"..., 26624, MSG_DONTWAIT, NULL, NULL) = 104
31740 1783932344.369022 recvfrom(79, 0x7007512840, 26624, MSG_DONTWAIT, NULL, NULL) = -1 EAGAIN (Try again)
31740 1783932344.419468 recvfrom(79, "h\0\0\0vor_\v\0\0\0\0\0\0\0\362+\273]'\4\0\0\354\\-?-\251\2144"..., 26624, MSG_DONTWAIT, NULL, NULL) = 104
31740 1783932344.419652 recvfrom(79, 0x7007512840, 26624, MSG_DONTWAIT, NULL, NULL) = -1 EAGAIN (Try again)
31740 1783932344.478074 recvfrom(79, "h\0\0\0vor_\v\0\0\0\0\0\0\0k\271Ea'\4\0\0\354\\-?m\223\2144"..., 26624, MSG_DONTWAIT, NULL, NULL) = 104
31740 1783932344.478178 recvfrom(79, 0x7007512840, 26624, MSG_DONTWAIT, NULL, NULL) = -1 EAGAIN (Try again)
31740 1783932344.530682 recvfrom(79, "h\0\0\0vor_\v\0\0\0\0\0\0\0\236Xad'\4\0\0\354\\-?\356{\2144"..., 26624, MSG_DONTWAIT, NULL, NULL) = 104
31740 1783932344.530879 recvfrom(79, 0x7007512840, 26624, MSG_DONTWAIT, NULL, NULL) = -1 EAGAIN (Try again)
31740 1783932344.580809 recvfrom(79, "h\0\0\0vor_\v\0\0\0\0\0\0\0d\277ag'\4\0\0\354\\-?\300b\2144"..., 26624, MSG_DONTWAIT, NULL, NULL) = 104
31740 1783932344.580995 recvfrom(79, 0x7007512840, 26624, MSG_DONTWAIT, NULL, NULL) = -1 EAGAIN (Try again)
31740 1783932344.633133 recvfrom(79, "h\0\0\0vor_\v\0\0\0\0\0\0\0\375wvj'\4\0\0\354\\-?\360G\2144"..., 26624, MSG_DONTWAIT, NULL, NULL) = 104
31740 1783932344.633309 recvfrom(79, 0x7007512840, 26624, MSG_DONTWAIT, NULL, NULL) = -1 EAGAIN (Try again)
31740 1783932344.687765 recvfrom(79, "h\0\0\0vor_\v\0\0\0\0\0\0\0\354\227\305m'\4\0\0\354\\-?\214+\2144"..., 26624, MSG_DONTWAIT, NULL, NULL) = 104
31740 1783932344.687842 recvfrom(79, 0x7007512840, 26624, MSG_DONTWAIT, NULL, NULL) = -1 EAGAIN (Try again)
31740 1783932344.747617 recvfrom(79, "h\0\0\0vor_\v\0\0\0\0\0\0\0L?Qq'\4\0\0\354\\-?\241\r\2144"..., 26624, MSG_DONTWAIT, NULL, NULL) = 104
31740 1783932344.747704 recvfrom(79, 0x7007512840, 26624, MSG_DONTWAIT, NULL, NULL) = -1 EAGAIN (Try again)
31740 1783932344.802657 recvfrom(79, "h\0\0\0vor_\v\0\0\0\0\0\0\0\310\201\242t'\4\0\0\354\\-?=\356\2134"..., 26624, MSG_DONTWAIT, NULL, NULL) = 104
31740 1783932344.802707 recvfrom(79, 0x7007512840, 26624, MSG_DONTWAIT, NULL, NULL) = -1 EAGAIN (Try again)
31740 1783932344.855865 recvfrom(79, "h\0\0\0vor_\v\0\0\0\0\0\0\0\221\232\315w'\4\0\0\354\\-?k\315\2134"..., 26624, MSG_DONTWAIT, NULL, NULL) = 104
31740 1783932344.855908 recvfrom(79, 0x7007512840, 26624, MSG_DONTWAIT, NULL, NULL) = -1 EAGAIN (Try again)
31740 1783932344.915311 recvfrom(79, "h\0\0\0vor_\v\0\0\0\0\0\0\0j\226Y{'\4\0\0\354\\-?8\253\2134"..., 26624, MSG_DONTWAIT, NULL, NULL) = 104
31740 1783932344.915374 recvfrom(79, 0x7007512840, 26624, MSG_DONTWAIT, NULL, NULL) = -1 EAGAIN (Try again)
31740 1783932344.972783 recvfrom(79, "h\0\0\0vor_\v\0\0\0\0\0\0\0p\241\302~'\4\0\0\354\\-?\260\207\2134"..., 26624, MSG_DONTWAIT, NULL, NULL) = 104
31740 1783932344.972835 recvfrom(79, 0x7007512840, 26624, MSG_DONTWAIT, NULL, NULL) = -1 EAGAIN (Try again)
31740 1783932345.024361 recvfrom(79, "h\0\0\0vor_\v\0\0\0\0\0\0\0\230L\332\201'\4\0\0\354\\-?\336b\2134"..., 26624, MSG_DONTWAIT, NULL, NULL) = 104
31740 1783932345.024393 recvfrom(79, 0x7007512840, 26624, MSG_DONTWAIT, NULL, NULL) = -1 EAGAIN (Try again)
31740 1783932345.077139 recvfrom(79, "h\0\0\0vor_\v\0\0\0\0\0\0\0\245\235\364\204'\4\0\0\354\\-?\315<\2134"..., 26624, MSG_DONTWAIT, NULL, NULL) = 104
31740 1783932345.077225 recvfrom(79, 0x7007512840, 26624, MSG_DONTWAIT, NULL, NULL) = -1 EAGAIN (Try again)
31740 1783932345.131752 recvfrom(79, "h\0\0\0vor_\v\0\0\0\0\0\0\0\376}>\210'\4\0\0\354\\-?\210\25\2134"..., 26624, MSG_DONTWAIT, NULL, NULL) = 104
31740 1783932345.131800 recvfrom(79, 0x7007512840, 26624, MSG_DONTWAIT, NULL, NULL) = -1 EAGAIN (Try again)
31740 1783932345.186036 recvfrom(79, "h\0\0\0vor_\v\0\0\0\0\0\0\0002\276y\213'\4\0\0\354\\-?\30\355\2124"..., 26624, MSG_DONTWAIT, NULL, NULL) = 104
31740 1783932345.186093 recvfrom(79, 0x7007512840, 26624, MSG_DONTWAIT, NULL, NULL) = -1 EAGAIN (Try again)
31740 1783932345.241581 recvfrom(79, "h\0\0\0vor_\v\0\0\0\0\0\0\0\211\211\312\216'\4\0\0\354\\-?\212\303\2124"..., 26624, MSG_DONTWAIT, NULL, NULL) = 104
31740 1783932345.241609 recvfrom(79, 0x7007512840, 26624, MSG_DONTWAIT, NULL, NULL) = -1 EAGAIN (Try again)
31740 1783932345.294804 recvfrom(79, "h\0\0\0vor_\v\0\0\0\0\0\0\0\30\1\370\221'\4\0\0\354\\-?\346\230\2124"..., 26624, MSG_DONTWAIT, NULL, NULL) = 104
31740 1783932345.294864 recvfrom(79, 0x7007512840, 26624, MSG_DONTWAIT, NULL, NULL) = -1 EAGAIN (Try again)
31740 1783932345.350932 recvfrom(79, "h\0\0\0vor_\v\0\0\0\0\0\0\0\322\\Q\225'\4\0\0\354\\-?5m\2124"..., 26624, MSG_DONTWAIT, NULL, NULL) = 104
31740 1783932345.350983 recvfrom(79, 0x7007512840, 26624, MSG_DONTWAIT, NULL, NULL) = -1 EAGAIN (Try again)
31740 1783932345.401847 recvfrom(79, "h\0\0\0vor_\v\0\0\0\0\0\0\0\22\346W\230'\4\0\0\354\\-?\201@\2124"..., 26624, MSG_DONTWAIT, NULL, NULL) = 104
31740 1783932345.401879 recvfrom(79, 0x7007512840, 26624, MSG_DONTWAIT, NULL, NULL) = -1 EAGAIN (Try again)
31740 1783932345.458410 recvfrom(79, "h\0\0\0vor_\v\0\0\0\0\0\0\0\323|\266\233'\4\0\0\354\\-?\323\22\2124"..., 26624, MSG_DONTWAIT, NULL, NULL) = 104
31740 1783932345.458482 recvfrom(79, 0x7007512840, 26624, MSG_DONTWAIT, NULL, NULL) = -1 EAGAIN (Try again)
31740 1783932345.508246 recvfrom(79, "h\0\0\0vor_\v\0\0\0\0\0\0\0\342\233\252\236'\4\0\0\332\\-?\30\20444"..., 26624, MSG_DONTWAIT, NULL, NULL) = 104
31740 1783932345.508329 recvfrom(79, 0x7007512840, 26624, MSG_DONTWAIT, NULL, NULL) = -1 EAGAIN (Try again)
31740 1783932345.560970 recvfrom(79, "h\0\0\0vor_\v\0\0\0\0\0\0\0\227l\326\241'\4\0\0\332\\-?Q\32034"..., 26624, MSG_DONTWAIT, NULL, NULL) = 104
31740 1783932345.561020 recvfrom(79, 0x7007512840, 26624, MSG_DONTWAIT, NULL, NULL) = -1 EAGAIN (Try again)
31740 1783932345.621344 recvfrom(79, "h\0\0\0vor_\v\0\0\0\0\0\0\0\300\347k\245'\4\0\0\332\\-?\325\03534"..., 26624, MSG_DONTWAIT, NULL, NULL) = 104
31740 1783932345.621385 recvfrom(79, 0x7007512840, 26624, MSG_DONTWAIT, NULL, NULL) = -1 EAGAIN (Try again)
31740 1783932345.676818 recvfrom(79, "h\0\0\0vor_\v\0\0\0\0\0\0\0\t\372\273\250'\4\0\0\332\\-?\241l24"..., 26624, MSG_DONTWAIT, NULL, NULL) = 104
31740 1783932345.676873 recvfrom(79, 0x7007512840, 26624, MSG_DONTWAIT, NULL, NULL) = -1 EAGAIN (Try again)
31740 1783932345.732439 recvfrom(79, "h\0\0\0vor_\v\0\0\0\0\0\0\0\307\17\16\254'\4\0\0\332\\-?\261\27414"..., 26624, MSG_DONTWAIT, NULL, NULL) = 104
31740 1783932345.732491 recvfrom(79, 0x7007512840, 26624, MSG_DONTWAIT, NULL, NULL) = -1 EAGAIN (Try again)
31740 1783932345.783465 recvfrom(79, "h\0\0\0vor_\v\0\0\0\0\0\0\0\350+\30\257'\4\0\0\332\\-?\3\01614"..., 26624, MSG_DONTWAIT, NULL, NULL) = 104
31740 1783932345.783494 recvfrom(79, 0x7007512840, 26624, MSG_DONTWAIT, NULL, NULL) = -1 EAGAIN (Try again)
31740 1783932345.836075 recvfrom(79, "h\0\0\0vor_\v\0\0\0\0\0\0\0\334X;\262'\4\0\0\332\\-?\224`04"..., 26624, MSG_DONTWAIT, NULL, NULL) = 104
31740 1783932345.836105 recvfrom(79, 0x7007512840, 26624, MSG_DONTWAIT, NULL, NULL) = -1 EAGAIN (Try again)
31740 1783932345.886562 recvfrom(79, "h\0\0\0vor_\v\0\0\0\0\0\0\0\231 :\265'\4\0\0\332\\-?`\264/4"..., 26624, MSG_DONTWAIT, NULL, NULL) = 104
31740 1783932345.886668 recvfrom(79, 0x7007512840, 26624, MSG_DONTWAIT, NULL, NULL) = -1 EAGAIN (Try again)
31740 1783932345.936287 recvfrom(79, "h\0\0\0vor_\v\0\0\0\0\0\0\0Wr1\270'\4\0\0\310\\-?\314]\2353"..., 26624, MSG_DONTWAIT, NULL, NULL) = 104
31740 1783932345.936335 recvfrom(79, 0x7007512840, 26624, MSG_DONTWAIT, NULL, NULL) = -1 EAGAIN (Try again)
31740 1783932345.986880 recvfrom(79, "h\0\0\0vor_\v\0\0\0\0\0\0\0\302\3307\273'\4\0\0\310\\-?@\354\2323"..., 26624, MSG_DONTWAIT, NULL, NULL) = 104
31740 1783932345.986925 recvfrom(79, 0x7007512840, 26624, MSG_DONTWAIT, NULL, NULL) = -1 EAGAIN (Try again)
31740 1783932346.041059 recvfrom(79, "h\0\0\0vor_\v\0\0\0\0\0\0\0\314\227u\276'\4\0\0\310\\-?\227\206\2303"..., 26624, MSG_DONTWAIT, NULL, NULL) = 104
31740 1783932346.041083 recvfrom(79, 0x7007512840, 26624, MSG_DONTWAIT, NULL, NULL) = -1 EAGAIN (Try again)
31740 1783932346.096585 recvfrom(79, "h\0\0\0vor_\v\0\0\0\0\0\0\0\354v\264\301'\4\0\0\310\\-?\212,\2263"..., 26624, MSG_DONTWAIT, NULL, NULL) = 104
31740 1783932346.096692 recvfrom(79, 0x7007512840, 26624, MSG_DONTWAIT, NULL, NULL) = -1 EAGAIN (Try again)
31740 1783932346.147964 recvfrom(79, "h\0\0\0vor_\v\0\0\0\0\0\0\0\365\t\322\304'\4\0\0\310\\-?\326\335\2233"..., 26624, MSG_DONTWAIT, NULL, NULL) = 104
31740 1783932346.148010 recvfrom(79, 0x7007512840, 26624, MSG_DONTWAIT, NULL, NULL) = -1 EAGAIN (Try again)
31740 1783932346.200810 recvfrom(79, "h\0\0\0vor_\v\0\0\0\0\0\0\0\326\310\371\307'\4\0\0\310\\-?:\232\2213"..., 26624, MSG_DONTWAIT, NULL, NULL) = 104
31740 1783932346.200845 recvfrom(79, 0x7007512840, 26624, MSG_DONTWAIT, NULL, NULL) = -1 EAGAIN (Try again)
31740 1783932346.261272 recvfrom(79, "h\0\0\0vor_\v\0\0\0\0\0\0\0\230_\223\313'\4\0\0\310\\-?ua\2173"..., 26624, MSG_DONTWAIT, NULL, NULL) = 104
31740 1783932346.261312 recvfrom(79, 0x7007512840, 26624, MSG_DONTWAIT, NULL, NULL) = -1 EAGAIN (Try again)
31740 1783932346.316052 recvfrom(79, "h\0\0\0vor_\v\0\0\0\0\0\0\08\373\323\316'\4\0\0\310\\-?J3\2153"..., 26624, MSG_DONTWAIT, NULL, NULL) = 104
31740 1783932346.316178 recvfrom(79, 0x7007512840, 26624, MSG_DONTWAIT, NULL, NULL) = -1 EAGAIN (Try again)
31740 1783932346.366650 recvfrom(79, "h\0\0\0vor_\v\0\0\0\0\0\0\0v\36\334\321'\4\0\0\310\\-?|\17\2133"..., 26624, MSG_DONTWAIT, NULL, NULL) = 104
31740 1783932346.366700 recvfrom(79, 0x7007512840, 26624, MSG_DONTWAIT, NULL, NULL) = -1 EAGAIN (Try again)
31740 1783932346.422806 recvfrom(79, "h\0\0\0vor_\v\0\0\0\0\0\0\0UW4\325'\4\0\0\310\\-?\320\365\2103"..., 26624, MSG_DONTWAIT, NULL, NULL) = 104
31740 1783932346.422858 recvfrom(79, 0x7007512840, 26624, MSG_DONTWAIT, NULL, NULL) = -1 EAGAIN (Try again)
31740 1783932346.481026 recvfrom(79, "h\0\0\0vor_\v\0\0\0\0\0\0\0\344\221\254\330'\4\0\0\310\\-?\r\346\2063"..., 26624, MSG_DONTWAIT, NULL, NULL) = 104
31740 1783932346.481052 recvfrom(79, 0x7007512840, 26624, MSG_DONTWAIT, NULL, NULL) = -1 EAGAIN (Try again)
31740 1783932346.532483 recvfrom(79, "h\0\0\0vor_\v\0\0\0\0\0\0\0001>\275\333'\4\0\0\310\\-?\373\337\2043"..., 26624, MSG_DONTWAIT, NULL, NULL) = 104
31740 1783932346.532542 recvfrom(79, 0x7007512840, 26624, MSG_DONTWAIT, NULL, NULL) = -1 EAGAIN (Try again)
31740 1783932346.586797 recvfrom(79, "h\0\0\0vor_\v\0\0\0\0\0\0\0u\263\370\336'\4\0\0\310\\-?d\343\2023"..., 26624, MSG_DONTWAIT, NULL, NULL) = 104
31740 1783932346.586851 recvfrom(79, 0x7007512840, 26624, MSG_DONTWAIT, NULL, NULL) = -1 EAGAIN (Try again)
31740 1783932346.638806 recvfrom(79, "h\0\0\0vor_\v\0\0\0\0\0\0\0\227\307\20\342'\4\0\0\310\\-?\22\360\2003"..., 26624, MSG_DONTWAIT, NULL, NULL) = 104
31740 1783932346.638838 recvfrom(79, 0x7007512840, 26624, MSG_DONTWAIT, NULL, NULL) = -1 EAGAIN (Try again)
31740 1783932346.689522 recvfrom(79, "h\0\0\0vor_\v\0\0\0\0\0\0\0d\10\26\345'\4\0\0\310\\-?\246\v~3"..., 26624, MSG_DONTWAIT, NULL, NULL) = 104
31740 1783932346.689561 recvfrom(79, 0x7007512840, 26624, MSG_DONTWAIT, NULL, NULL) = -1 EAGAIN (Try again)
31740 1783932346.747555 recvfrom(79, "h\0\0\0vor_\v\0\0\0\0\0\0\0B\22\215\350'\4\0\0\310\\-?\347Hz3"..., 26624, MSG_DONTWAIT, NULL, NULL) = 104
31740 1783932346.747594 recvfrom(79, 0x7007512840, 26624, MSG_DONTWAIT, NULL, NULL) = -1 EAGAIN (Try again)
31740 1783932346.798809 recvfrom(79, "h\0\0\0vor_\v\0\0\0\0\0\0\0\30\22\221\353'\4\0\0\310\\-?\206\227v3"..., 26624, MSG_DONTWAIT, NULL, NULL) = 104
31740 1783932346.799032 recvfrom(79, 0x7007512840, 26624, MSG_DONTWAIT, NULL, NULL) = -1 EAGAIN (Try again)
31740 1783932346.847575 recvfrom(79, "h\0\0\0vor_\v\0\0\0\0\0\0\0\tf}\356'\4\0\0\267\\-?pI\n\263"..., 26624, MSG_DONTWAIT, NULL, NULL) = 104
31740 1783932346.847753 recvfrom(79, 0x7007512840, 26624, MSG_DONTWAIT, NULL, NULL) = -1 EAGAIN (Try again)
31740 1783932346.908670 recvfrom(79, "h\0\0\0vor_\v\0\0\0\0\0\0\0i1\31\362'\4\0\0\267\\-?\243\213\20\263"..., 26624, MSG_DONTWAIT, NULL, NULL) = 104
31740 1783932346.908839 recvfrom(79, 0x7007512840, 26624, MSG_DONTWAIT, NULL, NULL) = -1 EAGAIN (Try again)
31740 1783932346.964438 recvfrom(79, "h\0\0\0vor_\v\0\0\0\0\0\0\09\317k\365'\4\0\0\267\\-?@\247\26\263"..., 26624, MSG_DONTWAIT, NULL, NULL) = 104
31740 1783932346.964661 recvfrom(79, 0x7007512840, 26624, MSG_DONTWAIT, NULL, NULL) = -1 EAGAIN (Try again)
31740 1783932347.017143 recvfrom(79, "h\0\0\0vor_\v\0\0\0\0\0\0\0\20N\227\370'\4\0\0\267\\-?7\235\34\263"..., 26624, MSG_DONTWAIT, NULL, NULL) = 104
31740 1783932347.017282 recvfrom(79, 0x7007512840, 26624, MSG_DONTWAIT, NULL, NULL) = -1 EAGAIN (Try again)
31740 1783932347.077513 recvfrom(79, "h\0\0\0vor_\v\0\0\0\0\0\0\0\265\346-\374'\4\0\0\267\\-?qn\"\263"..., 26624, MSG_DONTWAIT, NULL, NULL) = 104
31740 1783932347.077663 recvfrom(79, 0x7007512840, 26624, MSG_DONTWAIT, NULL, NULL) = -1 EAGAIN (Try again)
31740 1783932347.132425 recvfrom(79, "h\0\0\0vor_\v\0\0\0\0\0\0\0\37:x\377'\4\0\0\267\\-?\321\33(\263"..., 26624, MSG_DONTWAIT, NULL, NULL) = 104
31740 1783932347.132583 recvfrom(79, 0x7007512840, 26624, MSG_DONTWAIT, NULL, NULL) = -1 EAGAIN (Try again)
31740 1783932347.182529 recvfrom(79, "h\0\0\0vor_\v\0\0\0\0\0\0\0000\5s\2(\4\0\0\245\\-?\fB\r\264"..., 26624, MSG_DONTWAIT, NULL, NULL) = 104
31740 1783932347.182727 recvfrom(79, 0x7007512840, 26624, MSG_DONTWAIT, NULL, NULL) = -1 EAGAIN (Try again)
31740 1783932347.239216 recvfrom(79, "h\0\0\0vor_\v\0\0\0\0\0\0\0\301`\333\5(\4\0\0\245\\-?\372\203\17\264"..., 26624, MSG_DONTWAIT, NULL, NULL) = 104
31740 1783932347.239308 recvfrom(79, 0x7007512840, 26624, MSG_DONTWAIT, NULL, NULL) = -1 EAGAIN (Try again)
31740 1783932347.293726 recvfrom(79, "h\0\0\0vor_\v\0\0\0\0\0\0\0\303j\26\t(\4\0\0\245\\-?\7\266\21\264"..., 26624, MSG_DONTWAIT, NULL, NULL) = 104
31740 1783932347.293814 recvfrom(79, 0x7007512840, 26624, MSG_DONTWAIT, NULL, NULL) = -1 EAGAIN (Try again)
31740 1783932347.346806 recvfrom(79, "h\0\0\0vor_\v\0\0\0\0\0\0\0\314\306;\f(\4\0\0\245\\-?\233\330\23\264"..., 26624, MSG_DONTWAIT, NULL, NULL) = 104
31740 1783932347.346867 recvfrom(79, 0x7007512840, 26624, MSG_DONTWAIT, NULL, NULL) = -1 EAGAIN (Try again)
31740 1783932347.397215 recvfrom(79, "h\0\0\0vor_\v\0\0\0\0\0\0\0\256\216H\17(\4\0\0\245\\-?\36\354\25\264"..., 26624, MSG_DONTWAIT, NULL, NULL) = 104
31740 1783932347.397267 recvfrom(79, 0x7007512840, 26624, MSG_DONTWAIT, NULL, NULL) = -1 EAGAIN (Try again)
31740 1783932347.452455 recvfrom(79, "h\0\0\0vor_\v\0\0\0\0\0\0\0\354'\223\22(\4\0\0\245\\-?\363\360\27\264"..., 26624, MSG_DONTWAIT, NULL, NULL) = 104
31740 1783932347.452485 recvfrom(79, 0x7007512840, 26624, MSG_DONTWAIT, NULL, NULL) = -1 EAGAIN (Try again)
31740 1783932347.512396 recvfrom(79, "h\0\0\0vor_\v\0\0\0\0\0\0\0j\241&\26(\4\0\0\245\\-?y\347\31\264"..., 26624, MSG_DONTWAIT, NULL, NULL) = 104
31740 1783932347.512420 recvfrom(79, 0x7007512840, 26624, MSG_DONTWAIT, NULL, NULL) = -1 EAGAIN (Try again)
31740 1783932347.567977 recvfrom(79, "h\0\0\0vor_\v\0\0\0\0\0\0\0\267Wu\31(\4\0\0\245\\-?\r\320\33\264"..., 26624, MSG_DONTWAIT, NULL, NULL) = 104
31740 1783932347.568041 recvfrom(79, 0x7007512840, 26624, MSG_DONTWAIT, NULL, NULL) = -1 EAGAIN (Try again)
31740 1783932347.625050 recvfrom(79, "h\0\0\0vor_\v\0\0\0\0\0\0\0c\305\320\34(\4\0\0\245\\-?\n\253\35\264"..., 26624, MSG_DONTWAIT, NULL, NULL) = 104
31740 1783932347.625218 recvfrom(79, 0x7007512840, 26624, MSG_DONTWAIT, NULL, NULL) = -1 EAGAIN (Try again)
31740 1783932347.678500 recvfrom(79, "h\0\0\0vor_\v\0\0\0\0\0\0\0F\0\7 (\4\0\0\245\\-?\311x\37\264"..., 26624, MSG_DONTWAIT, NULL, NULL) = 104
31740 1783932347.678564 recvfrom(79, 0x7007512840, 26624, MSG_DONTWAIT, NULL, NULL) = -1 EAGAIN (Try again)
31740 1783932347.734334 recvfrom(79, "h\0\0\0vor_\v\0\0\0\0\0\0\0\314\250_#(\4\0\0\245\\-?\2379!\264"..., 26624, MSG_DONTWAIT, NULL, NULL) = 104
31740 1783932347.734446 recvfrom(79, 0x7007512840, 26624, MSG_DONTWAIT, NULL, NULL) = -1 EAGAIN (Try again)
31740 1783932347.786778 recvfrom(79, "h\0\0\0vor_\v\0\0\0\0\0\0\08\351\177&(\4\0\0\245\\-?\337\355\"\264"..., 26624, MSG_DONTWAIT, NULL, NULL) = 104
31740 1783932347.786829 recvfrom(79, 0x7007512840, 26624, MSG_DONTWAIT, NULL, NULL) = -1 EAGAIN (Try again)
31740 1783932347.837163 recvfrom(79, "h\0\0\0vor_\v\0\0\0\0\0\0\0\374f\202)(\4\0\0\245\\-?\332\225$\264"..., 26624, MSG_DONTWAIT, NULL, NULL) = 104
31740 1783932347.837187 recvfrom(79, 0x7007512840, 26624, MSG_DONTWAIT, NULL, NULL) = -1 EAGAIN (Try again)
31740 1783932347.889488 recvfrom(79, "h\0\0\0vor_\v\0\0\0\0\0\0\0G\244\231,(\4\0\0\245\\-?\3361&\264"..., 26624, MSG_DONTWAIT, NULL, NULL) = 104
31740 1783932347.889549 recvfrom(79, 0x7007512840, 26624, MSG_DONTWAIT, NULL, NULL) = -1 EAGAIN (Try again)
31740 1783932347.942506 recvfrom(79, "h\0\0\0vor_\v\0\0\0\0\0\0\0q\245\303/(\4\0\0\245\\-?8\302'\264"..., 26624, MSG_DONTWAIT, NULL, NULL) = 104
31740 1783932347.942587 recvfrom(79, 0x7007512840, 26624, MSG_DONTWAIT, NULL, NULL) = -1 EAGAIN (Try again)
31740 1783932347.990949 recvfrom(79, "h\0\0\0vor_\v\0\0\0\0\0\0\0\275c\2542(\4\0\0\224\\-?\216\222\204\264"..., 26624, MSG_DONTWAIT, NULL, NULL) = 104
31740 1783932347.991004 recvfrom(79, 0x7007512840, 26624, MSG_DONTWAIT, NULL, NULL) = -1 EAGAIN (Try again)
31740 1783932348.041786 recvfrom(79, "h\0\0\0vor_\v\0\0\0\0\0\0\0U\214\2635(\4\0\0\224\\-?\271\315\205\264"..., 26624, MSG_DONTWAIT, NULL, NULL) = 104
31740 1783932348.041832 recvfrom(79, 0x7007512840, 26624, MSG_DONTWAIT, NULL, NULL) = -1 EAGAIN (Try again)
31740 1783932348.100549 recvfrom(79, "h\0\0\0vor_\v\0\0\0\0\0\0\0\3\34,9(\4\0\0\224\\-?d\377\206\264"..., 26624, MSG_DONTWAIT, NULL, NULL) = 104
31740 1783932348.100595 recvfrom(79, 0x7007512840, 26624, MSG_DONTWAIT, NULL, NULL) = -1 EAGAIN (Try again)
31740 1783932348.152524 recvfrom(79, "h\0\0\0vor_\v\0\0\0\0\0\0\0\205\202L<(\4\0\0\224\\-?\316'\210\264"..., 26624, MSG_DONTWAIT, NULL, NULL) = 104
31740 1783932348.152576 recvfrom(79, 0x7007512840, 26624, MSG_DONTWAIT, NULL, NULL) = -1 EAGAIN (Try again)
31740 1783932348.205953 recvfrom(79, "h\0\0\0vor_\v\0\0\0\0\0\0\0\215(~?(\4\0\0\224\\-?5G\211\264"..., 26624, MSG_DONTWAIT, NULL, NULL) = 104
31740 1783932348.205977 recvfrom(79, 0x7007512840, 26624, MSG_DONTWAIT, NULL, NULL) = -1 EAGAIN (Try again)
31740 1783932348.257560 recvfrom(79, "h\0\0\0vor_\v\0\0\0\0\0\0\0\300\215\217B(\4\0\0\224\\-?\326]\212\264"..., 26624, MSG_DONTWAIT, NULL, NULL) = 104
31740 1783932348.258188 recvfrom(79, 0x7007512840, 26624, MSG_DONTWAIT, NULL, NULL) = -1 EAGAIN (Try again)
31740 1783932348.308152 recvfrom(79, "h\0\0\0vor_\v\0\0\0\0\0\0\0\252h\224E(\4\0\0\224\\-?\353k\213\264"..., 26624, MSG_DONTWAIT, NULL, NULL) = 104
31740 1783932348.308202 recvfrom(79, 0x7007512840, 26624, MSG_DONTWAIT, NULL, NULL) = -1 EAGAIN (Try again)
31740 1783932348.359833 recvfrom(79, "h\0\0\0vor_\v\0\0\0\0\0\0\0\327\241\251H(\4\0\0\224\\-?\253q\214\264"..., 26624, MSG_DONTWAIT, NULL, NULL) = 104
31740 1783932348.359881 recvfrom(79, 0x7007512840, 26624, MSG_DONTWAIT, NULL, NULL) = -1 EAGAIN (Try again)
31740 1783932348.413452 recvfrom(79, "h\0\0\0vor_\v\0\0\0\0\0\0\0\30\214\334K(\4\0\0\224\\-?Po\215\264"..., 26624, MSG_DONTWAIT, NULL, NULL) = 104
31740 1783932348.413473 recvfrom(79, 0x7007512840, 26624, MSG_DONTWAIT, NULL, NULL) = -1 EAGAIN (Try again)
31740 1783932348.467237 recvfrom(79, "h\0\0\0vor_\v\0\0\0\0\0\0\0\242\304\17O(\4\0\0\224\\-?\re\216\264"..., 26624, MSG_DONTWAIT, NULL, NULL) = 104
31740 1783932348.467365 recvfrom(79, 0x7007512840, 26624, MSG_DONTWAIT, NULL, NULL) = -1 EAGAIN (Try again)
31740 1783932348.518735 recvfrom(79, "h\0\0\0vor_\v\0\0\0\0\0\0\0\33N R(\4\0\0\224\\-?\27S\217\264"..., 26624, MSG_DONTWAIT, NULL, NULL) = 104
31740 1783932348.518784 recvfrom(79, 0x7007512840, 26624, MSG_DONTWAIT, NULL, NULL) = -1 EAGAIN (Try again)
31740 1783932348.568757 recvfrom(79, "h\0\0\0vor_\v\0\0\0\0\0\0\0\214s\35U(\4\0\0\224\\-?\2409\220\264"..., 26624, MSG_DONTWAIT, NULL, NULL) = 104
31740 1783932348.568803 recvfrom(79, 0x7007512840, 26624, MSG_DONTWAIT, NULL, NULL) = -1 EAGAIN (Try again)
31740 1783932348.624122 recvfrom(79, "h\0\0\0vor_\v\0\0\0\0\0\0\0\5\30hX(\4\0\0\224\\-?\331\30\221\264"..., 26624, MSG_DONTWAIT, NULL, NULL) = 104
31740 1783932348.624147 recvfrom(79, 0x7007512840, 26624, MSG_DONTWAIT, NULL, NULL) = -1 EAGAIN (Try again)
31740 1783932348.673920 recvfrom(79, "h\0\0\0vor_\v\0\0\0\0\0\0\0\316\223Z[(\4\0\0\203\\-?\316\254\302\264"..., 26624, MSG_DONTWAIT, NULL, NULL) = 104
31740 1783932348.673971 recvfrom(79, 0x7007512840, 26624, MSG_DONTWAIT, NULL, NULL) = -1 EAGAIN (Try again)
31740 1783932348.730820 recvfrom(79, "h\0\0\0vor_\v\0\0\0\0\0\0\0fi\301^(\4\0\0\203\\-?\354\n\304\264"..., 26624, MSG_DONTWAIT, NULL, NULL) = 104
31740 1783932348.730887 recvfrom(79, 0x7007512840, 26624, MSG_DONTWAIT, NULL, NULL) = -1 EAGAIN (Try again)
31740 1783932348.786498 recvfrom(79, "h\0\0\0vor_\v\0\0\0\0\0\0\0\227\321\27b(\4\0\0\203\\-?\256]\305\264"..., 26624, MSG_DONTWAIT, NULL, NULL) = 104
31740 1783932348.786548 recvfrom(79, 0x7007512840, 26624, MSG_DONTWAIT, NULL, NULL) = -1 EAGAIN (Try again)
31740 1783932348.838664 recvfrom(79, "h\0\0\0vor_\v\0\0\0\0\0\0\0\335\3073e(\4\0\0\203\\-?b\245\306\264"..., 26624, MSG_DONTWAIT, NULL, NULL) = 104
31740 1783932348.838694 recvfrom(79, 0x7007512840, 26624, MSG_DONTWAIT, NULL, NULL) = -1 EAGAIN (Try again)
31740 1783932348.900130 recvfrom(79, "h\0\0\0vor_\v\0\0\0\0\0\0\0r\375\323h(\4\0\0\203\\-?T\342\307\264"..., 26624, MSG_DONTWAIT, NULL, NULL) = 104
31740 1783932348.900194 recvfrom(79, 0x7007512840, 26624, MSG_DONTWAIT, NULL, NULL) = -1 EAGAIN (Try again)
31740 1783932348.952236 recvfrom(79, "h\0\0\0vor_\v\0\0\0\0\0\0\0\30\312\370k(\4\0\0\203\\-?\315\24\311\264"..., 26624, MSG_DONTWAIT, NULL, NULL) = 104
31740 1783932348.952283 recvfrom(79, 0x7007512840, 26624, MSG_DONTWAIT, NULL, NULL) = -1 EAGAIN (Try again)
31740 1783932349.001826 recvfrom(79, "h\0\0\0vor_\v\0\0\0\0\0\0\0\23\223\355n(\4\0\0q\\-?\225p\373\264"..., 26624, MSG_DONTWAIT, NULL, NULL) = 104
31740 1783932349.001871 recvfrom(79, 0x7007512840, 26624, MSG_DONTWAIT, NULL, NULL) = -1 EAGAIN (Try again)
31740 1783932349.057829 recvfrom(79, "h\0\0\0vor_\v\0\0\0\0\0\0\0\221qCr(\4\0\0q\\-?\v5\375\264"..., 26624, MSG_DONTWAIT, NULL, NULL) = 104
31740 1783932349.057869 recvfrom(79, 0x7007512840, 26624, MSG_DONTWAIT, NULL, NULL) = -1 EAGAIN (Try again)
31740 1783932349.110693 recvfrom(79, "h\0\0\0vor_\v\0\0\0\0\0\0\0\310\22Su(\4\0\0q\\-?G\352\376\264"..., 26624, MSG_DONTWAIT, NULL, NULL) = 104
31740 1783932349.110747 recvfrom(79, 0x7007512840, 26624, MSG_DONTWAIT, NULL, NULL) = -1 EAGAIN (Try again)
31740 1783932349.164002 recvfrom(79, "h\0\0\0vor_\v\0\0\0\0\0\0\0\n\24\220x(\4\0\0q\\-?ZH\0\265"..., 26624, MSG_DONTWAIT, NULL, NULL) = 104
31740 1783932349.164047 recvfrom(79, 0x7007512840, 26624, MSG_DONTWAIT, NULL, NULL) = -1 EAGAIN (Try again)
31740 1783932349.221477 recvfrom(79, "h\0\0\0vor_\v\0\0\0\0\0\0\0\203\251\5|(\4\0\0q\\-?]\24\1\265"..., 26624, MSG_DONTWAIT, NULL, NULL) = 104
31740 1783932349.221504 recvfrom(79, 0x7007512840, 26624, MSG_DONTWAIT, NULL, NULL) = -1 EAGAIN (Try again)
31740 1783932349.278822 recvfrom(79, "h\0\0\0vor_\v\0\0\0\0\0\0\0\2\224o\177(\4\0\0q\\-?`\331\1\265"..., 26624, MSG_DONTWAIT, NULL, NULL) = 104
31740 1783932349.278855 recvfrom(79, 0x7007512840, 26624, MSG_DONTWAIT, NULL, NULL) = -1 EAGAIN (Try again)
31740 1783932349.331208 recvfrom(79, "h\0\0\0vor_\v\0\0\0\0\0\0\0\321\6\215\202(\4\0\0q\\-?\223\227\2\265"..., 26624, MSG_DONTWAIT, NULL, NULL) = 104
31740 1783932349.331332 recvfrom(79, 0x7007512840, 26624, MSG_DONTWAIT, NULL, NULL) = -1 EAGAIN (Try again)
31740 1783932349.387190 recvfrom(79, "h\0\0\0vor_\v\0\0\0\0\0\0\0\233\210\345\205(\4\0\0q\\-?&O\3\265"..., 26624, MSG_DONTWAIT, NULL, NULL) = 104
31740 1783932349.387268 recvfrom(79, 0x7007512840, 26624, MSG_DONTWAIT, NULL, NULL) = -1 EAGAIN (Try again)
31740 1783932349.445832 recvfrom(79, "h\0\0\0vor_\v\0\0\0\0\0\0\0Y\rd\211(\4\0\0q\\-?G\0\4\265"..., 26624, MSG_DONTWAIT, NULL, NULL) = 104
31740 1783932349.445859 recvfrom(79, 0x7007512840, 26624, MSG_DONTWAIT, NULL, NULL) = -1 EAGAIN (Try again)
31740 1783932349.498094 recvfrom(79, "h\0\0\0vor_\v\0\0\0\0\0\0\0p\f\201\214(\4\0\0q\\-?\"\253\4\265"..., 26624, MSG_DONTWAIT, NULL, NULL) = 104
31740 1783932349.498123 recvfrom(79, 0x7007512840, 26624, MSG_DONTWAIT, NULL, NULL) = -1 EAGAIN (Try again)
31740 1783932349.552449 recvfrom(79, "h\0\0\0vor_\v\0\0\0\0\0\0\0:\236\276\217(\4\0\0q\\-?\343O\5\265"..., 26624, MSG_DONTWAIT, NULL, NULL) = 104
31740 1783932349.552508 recvfrom(79, 0x7007512840, 26624, MSG_DONTWAIT, NULL, NULL) = -1 EAGAIN (Try again)
31740 1783932349.606559 recvfrom(79, "h\0\0\0vor_\v\0\0\0\0\0\0\0\213\373\370\222(\4\0\0q\\-?\265\356\5\265"..., 26624, MSG_DONTWAIT, NULL, NULL) = 104
31740 1783932349.606603 recvfrom(79, 0x7007512840, 26624, MSG_DONTWAIT, NULL, NULL) = -1 EAGAIN (Try again)
31740 1783932349.657275 recvfrom(79, "h\0\0\0vor_\v\0\0\0\0\0\0\0\326\235\376\225(\4\0\0q\\-?\300\207\6\265"..., 26624, MSG_DONTWAIT, NULL, NULL) = 104
31740 1783932349.657303 recvfrom(79, 0x7007512840, 26624, MSG_DONTWAIT, NULL, NULL) = -1 EAGAIN (Try again)
31740 1783932349.716228 recvfrom(79, "h\0\0\0vor_\v\0\0\0\0\0\0\0\375Y\200\231(\4\0\0q\\-?,\33\7\265"..., 26624, MSG_DONTWAIT, NULL, NULL) = 104
31740 1783932349.716288 recvfrom(79, 0x7007512840, 26624, MSG_DONTWAIT, NULL, NULL) = -1 EAGAIN (Try again)
31740 1783932349.770127 recvfrom(79, "h\0\0\0vor_\v\0\0\0\0\0\0\0\273\247\265\234(\4\0\0q\\-? \251\7\265"..., 26624, MSG_DONTWAIT, NULL, NULL) = 104
31740 1783932349.770174 recvfrom(79, 0x7007512840, 26624, MSG_DONTWAIT, NULL, NULL) = -1 EAGAIN (Try again)
31740 1783932349.823975 recvfrom(79, "h\0\0\0vor_\v\0\0\0\0\0\0\0uP\353\237(\4\0\0q\\-?\2771\10\265"..., 26624, MSG_DONTWAIT, NULL, NULL) = 104
31740 1783932349.824023 recvfrom(79, 0x7007512840, 26624, MSG_DONTWAIT, NULL, NULL) = -1 EAGAIN (Try again)
31740 1783932349.882459 recvfrom(79, "h\0\0\0vor_\v\0\0\0\0\0\0\0\31\336_\243(\4\0\0q\\-?0\265\10\265"..., 26624, MSG_DONTWAIT, NULL, NULL) = 104
31740 1783932349.882624 recvfrom(79, 0x7007512840, 26624, MSG_DONTWAIT, NULL, NULL) = -1 EAGAIN (Try again)
31740 1783932349.934284 recvfrom(79, "h\0\0\0vor_\v\0\0\0\0\0\0\0G\366v\246(\4\0\0q\\-?\2253\t\265"..., 26624, MSG_DONTWAIT, NULL, NULL) = 104
31740 1783932349.934452 recvfrom(79, 0x7007512840, 26624, MSG_DONTWAIT, NULL, NULL) = -1 EAGAIN (Try again)
31740 1783932349.984896 recvfrom(79, "h\0\0\0vor_\v\0\0\0\0\0\0\0\32\304x\251(\4\0\0q\\-?\20\255\t\265"..., 26624, MSG_DONTWAIT, NULL, NULL) = 104
31740 1783932349.985074 recvfrom(79, 0x7007512840, 26624, MSG_DONTWAIT, NULL, NULL) = -1 EAGAIN (Try again)
31740 1783932350.036935 recvfrom(79, "h\0\0\0vor_\v\0\0\0\0\0\0\0A\213\220\254(\4\0\0q\\-?\303!\n\265"..., 26624, MSG_DONTWAIT, NULL, NULL) = 104
31740 1783932350.037115 recvfrom(79, 0x7007512840, 26624, MSG_DONTWAIT, NULL, NULL) = -1 EAGAIN (Try again)
31740 1783932350.096097 recvfrom(79, "h\0\0\0vor_\v\0\0\0\0\0\0\0\201\364\26\260(\4\0\0q\\-?\316\221\n\265"..., 26624, MSG_DONTWAIT, NULL, NULL) = 104
31740 1783932350.096236 recvfrom(79, 0x7007512840, 26624, MSG_DONTWAIT, NULL, NULL) = -1 EAGAIN (Try again)
31740 1783932350.149124 recvfrom(79, "h\0\0\0vor_\v\0\0\0\0\0\0\0\35gA\263(\4\0\0q\\-?P\375\n\265"..., 26624, MSG_DONTWAIT, NULL, NULL) = 104
31740 1783932350.149289 recvfrom(79, 0x7007512840, 26624, MSG_DONTWAIT, NULL, NULL) = -1 EAGAIN (Try again)
31740 1783932350.200527 recvfrom(79, "h\0\0\0vor_\v\0\0\0\0\0\0\0\216\303L\266(\4\0\0q\\-?hd\v\265"..., 26624, MSG_DONTWAIT, NULL, NULL) = 104
31740 1783932350.200731 recvfrom(79, 0x7007512840, 26624, MSG_DONTWAIT, NULL, NULL) = -1 EAGAIN (Try again)
31740 1783932350.252096 recvfrom(79, "h\0\0\0vor_\v\0\0\0\0\0\0\0\377\333`\271(\4\0\0q\\-?5\307\v\265"..., 26624, MSG_DONTWAIT, NULL, NULL) = 104
31740 1783932350.252276 recvfrom(79, 0x7007512840, 26624, MSG_DONTWAIT, NULL, NULL) = -1 EAGAIN (Try again)
31740 1783932350.305020 recvfrom(79, "h\0\0\0vor_\v\0\0\0\0\0\0\0\226\361\225\274(\4\0\0q\\-?\322%\f\265"..., 26624, MSG_DONTWAIT, NULL, NULL) = 104
31740 1783932350.305180 recvfrom(79, 0x7007512840, 26624, MSG_DONTWAIT, NULL, NULL) = -1 EAGAIN (Try again)
31740 1783932350.358448 recvfrom(79, "h\0\0\0vor_\v\0\0\0\0\0\0\0\303T\272\277(\4\0\0q\\-?[\200\f\265"..., 26624, MSG_DONTWAIT, NULL, NULL) = 104
31740 1783932350.358644 recvfrom(79, 0x7007512840, 26624, MSG_DONTWAIT, NULL, NULL) = -1 EAGAIN (Try again)
31740 1783932350.414127 recvfrom(79, "h\0\0\0vor_\v\0\0\0\0\0\0\0\371\350\f\303(\4\0\0q\\-?\353\326\f\265"..., 26624, MSG_DONTWAIT, NULL, NULL) = 104
31740 1783932350.414314 recvfrom(79, 0x7007512840, 26624, MSG_DONTWAIT, NULL, NULL) = -1 EAGAIN (Try again)
31740 1783932350.474097 recvfrom(79, "h\0\0\0vor_\v\0\0\0\0\0\0\0\27\30\231\306(\4\0\0q\\-?\235)\r\265"..., 26624, MSG_DONTWAIT, NULL, NULL) = 104
31740 1783932350.474292 recvfrom(79, 0x7007512840, 26624, MSG_DONTWAIT, NULL, NULL) = -1 EAGAIN (Try again)
31740 1783932350.528842 recvfrom(79, "h\0\0\0vor_\v\0\0\0\0\0\0\0]\200\344\311(\4\0\0q\\-?\213x\r\265"..., 26624, MSG_DONTWAIT, NULL, NULL) = 104
31740 1783932350.529020 recvfrom(79, 0x7007512840, 26624, MSG_DONTWAIT, NULL, NULL) = -1 EAGAIN (Try again)
31740 1783932350.579900 recvfrom(79, "h\0\0\0vor_\v\0\0\0\0\0\0\0\373]\365\314(\4\0\0q\\-?\316\303\r\265"..., 26624, MSG_DONTWAIT, NULL, NULL) = 104
31740 1783932350.579991 recvfrom(79, 0x7007512840, 26624, MSG_DONTWAIT, NULL, NULL) = -1 EAGAIN (Try again)
31740 1783932350.630986 recvfrom(79, "h\0\0\0vor_\v\0\0\0\0\0\0\0\362\331\357\317(\4\0\0\203\\-?F\300\354\264"..., 26624, MSG_DONTWAIT, NULL, NULL) = 104
31740 1783932350.631040 recvfrom(79, 0x7007512840, 26624, MSG_DONTWAIT, NULL, NULL) = -1 EAGAIN (Try again)
31740 1783932350.683507 recvfrom(79, "h\0\0\0vor_\v\0\0\0\0\0\0\0L\375\22\323(\4\0\0\203\\-?(P\355\264"..., 26624, MSG_DONTWAIT, NULL, NULL) = 104
31740 1783932350.683704 recvfrom(79, 0x7007512840, 26624, MSG_DONTWAIT, NULL, NULL) = -1 EAGAIN (Try again)
31740 1783932350.732405 recvfrom(79, "h\0\0\0vor_\v\0\0\0\0\0\0\0\327\342\22\326(\4\0\0\203\\-?3\331\355\264"..., 26624, MSG_DONTWAIT, NULL, NULL) = 104
31740 1783932350.732520 recvfrom(79, 0x7007512840, 26624, MSG_DONTWAIT, NULL, NULL) = -1 EAGAIN (Try again)
31740 1783932350.785075 recvfrom(79, "h\0\0\0vor_\v\0\0\0\0\0\0\0\276B6\331(\4\0\0\203\\-?\227[\356\264"..., 26624, MSG_DONTWAIT, NULL, NULL) = 104
31740 1783932350.785122 recvfrom(79, 0x7007512840, 26624, MSG_DONTWAIT, NULL, NULL) = -1 EAGAIN (Try again)
31740 1783932350.842383 recvfrom(79, "h\0\0\0vor_\v\0\0\0\0\0\0\0\303B\242\334(\4\0\0\203\\-?\201\327\356\264"..., 26624, MSG_DONTWAIT, NULL, NULL) = 104
31740 1783932350.842418 recvfrom(79, 0x7007512840, 26624, MSG_DONTWAIT, NULL, NULL) = -1 EAGAIN (Try again)
31740 1783932350.893095 recvfrom(79, "h\0\0\0vor_\v\0\0\0\0\0\0\0,\26\237\337(\4\0\0\203\\-?\37M\357\264"..., 26624, MSG_DONTWAIT, NULL, NULL) = 104
31740 1783932350.893141 recvfrom(79, 0x7007512840, 26624, MSG_DONTWAIT, NULL, NULL) = -1 EAGAIN (Try again)
31740 1783932350.945069 recvfrom(79, "h\0\0\0vor_\v\0\0\0\0\0\0\0%\32\274\342(\4\0\0\203\\-?\234\274\357\264"..., 26624, MSG_DONTWAIT, NULL, NULL) = 104
31740 1783932350.945176 recvfrom(79, 0x7007512840, 26624, MSG_DONTWAIT, NULL, NULL) = -1 EAGAIN (Try again)
31740 1783932350.997171 recvfrom(79, "h\0\0\0vor_\v\0\0\0\0\0\0\0\347\24\334\345(\4\0\0\203\\-?$&\360\264"..., 26624, MSG_DONTWAIT, NULL, NULL) = 104
31740 1783932350.997221 recvfrom(79, 0x7007512840, 26624, MSG_DONTWAIT, NULL, NULL) = -1 EAGAIN (Try again)
31740 1783932351.048275 recvfrom(79, "h\0\0\0vor_\v\0\0\0\0\0\0\0\350j\343\350(\4\0\0\203\\-?\336\211\360\264"..., 26624, MSG_DONTWAIT, NULL, NULL) = 104
31740 1783932351.048301 recvfrom(79, 0x7007512840, 26624, MSG_DONTWAIT, NULL, NULL) = -1 EAGAIN (Try again)
31740 1783932351.100482 recvfrom(79, "h\0\0\0vor_\v\0\0\0\0\0\0\0\330\231\0\354(\4\0\0\203\\-?\364\347\360\264"..., 26624, MSG_DONTWAIT, NULL, NULL) = 104
31740 1783932351.100529 recvfrom(79, 0x7007512840, 26624, MSG_DONTWAIT, NULL, NULL) = -1 EAGAIN (Try again)
31740 1783932351.150676 recvfrom(79, "h\0\0\0vor_\v\0\0\0\0\0\0\0\235\246\0\357(\4\0\0\203\\-?\214@\361\264"..., 26624, MSG_DONTWAIT, NULL, NULL) = 104
31740 1783932351.150749 recvfrom(79, 0x7007512840, 26624, MSG_DONTWAIT, NULL, NULL) = -1 EAGAIN (Try again)
31740 1783932351.204198 recvfrom(79, "h\0\0\0vor_\v\0\0\0\0\0\0\0\263'2\362(\4\0\0\203\\-?\313\223\361\264"..., 26624, MSG_DONTWAIT, NULL, NULL) = 104
31740 1783932351.204252 recvfrom(79, 0x7007512840, 26624, MSG_DONTWAIT, NULL, NULL) = -1 EAGAIN (Try again)
31740 1783932351.256289 recvfrom(79, "h\0\0\0vor_\v\0\0\0\0\0\0\0B\255I\365(\4\0\0\203\\-?\327\341\361\264"..., 26624, MSG_DONTWAIT, NULL, NULL) = 104
31740 1783932351.256320 recvfrom(79, 0x7007512840, 26624, MSG_DONTWAIT, NULL, NULL) = -1 EAGAIN (Try again)
31740 1783932351.316198 recvfrom(79, "h\0\0\0vor_\v\0\0\0\0\0\0\0g\311\254\370(\4\0\0\203\\-?\323*\362\264"..., 26624, MSG_DONTWAIT, NULL, NULL) = 104
31740 1783932351.316264 recvfrom(79, 0x7007512840, 26624, MSG_DONTWAIT, NULL, NULL) = -1 EAGAIN (Try again)
31740 1783932351.366753 recvfrom(79, "h\0\0\0vor_\v\0\0\0\0\0\0\0%\216\343\373(\4\0\0\203\\-?\342n\362\264"..., 26624, MSG_DONTWAIT, NULL, NULL) = 104
31740 1783932351.366800 recvfrom(79, 0x7007512840, 26624, MSG_DONTWAIT, NULL, NULL) = -1 EAGAIN (Try again)
31740 1783932351.426269 recvfrom(79, "h\0\0\0vor_\v\0\0\0\0\0\0\09\225o\377(\4\0\0\203\\-?&\256\362\264"..., 26624, MSG_DONTWAIT, NULL, NULL) = 104
31740 1783932351.426321 recvfrom(79, 0x7007512840, 26624, MSG_DONTWAIT, NULL, NULL) = -1 EAGAIN (Try again)
31740 1783932351.484799 recvfrom(79, "h\0\0\0vor_\v\0\0\0\0\0\0\0\301C\354\2)\4\0\0\203\\-?\277\350\362\264"..., 26624, MSG_DONTWAIT, NULL, NULL) = 104
31740 1783932351.484833 recvfrom(79, 0x7007512840, 26624, MSG_DONTWAIT, NULL, NULL) = -1 EAGAIN (Try again)
31740 1783932351.538158 recvfrom(79, "h\0\0\0vor_\v\0\0\0\0\0\0\0%F\32\6)\4\0\0\203\\-?\316\36\363\264"..., 26624, MSG_DONTWAIT, NULL, NULL) = 104
31740 1783932351.538215 recvfrom(79, 0x7007512840, 26624, MSG_DONTWAIT, NULL, NULL) = -1 EAGAIN (Try again)
31740 1783932351.591316 recvfrom(79, "h\0\0\0vor_\v\0\0\0\0\0\0\0\227<E\t)\4\0\0\203\\-?rP\363\264"..., 26624, MSG_DONTWAIT, NULL, NULL) = 104
31740 1783932351.591364 recvfrom(79, 0x7007512840, 26624, MSG_DONTWAIT, NULL, NULL) = -1 EAGAIN (Try again)
31740 1783932351.650038 recvfrom(79, "h\0\0\0vor_\v\0\0\0\0\0\0\0}j\306\f)\4\0\0\203\\-?\310}\363\264"..., 26624, MSG_DONTWAIT, NULL, NULL) = 104
31740 1783932351.650069 recvfrom(79, 0x7007512840, 26624, MSG_DONTWAIT, NULL, NULL) = -1 EAGAIN (Try again)
31740 1783932351.703396 recvfrom(79, "h\0\0\0vor_\v\0\0\0\0\0\0\0\37\233\346\17)\4\0\0\203\\-?\357\246\363\264"..., 26624, MSG_DONTWAIT, NULL, NULL) = 104
31740 1783932351.703468 recvfrom(79, 0x7007512840, 26624, MSG_DONTWAIT, NULL, NULL) = -1 EAGAIN (Try again)
31740 1783932351.752694 recvfrom(79, "h\0\0\0vor_\v\0\0\0\0\0\0\0\350p\340\22)\4\0\0\224\\-?\303C\304\264"..., 26624, MSG_DONTWAIT, NULL, NULL) = 104
31740 1783932351.752763 recvfrom(79, 0x7007512840, 26624, MSG_DONTWAIT, NULL, NULL) = -1 EAGAIN (Try again)
31740 1783932351.805245 recvfrom(79, "h\0\0\0vor_\v\0\0\0\0\0\0\0-U\6\26)\4\0\0\224\\-?sU\304\264"..., 26624, MSG_DONTWAIT, NULL, NULL) = 104
31740 1783932351.805299 recvfrom(79, 0x7007512840, 26624, MSG_DONTWAIT, NULL, NULL) = -1 EAGAIN (Try again)
31740 1783932351.855321 recvfrom(79, "h\0\0\0vor_\v\0\0\0\0\0\0\0\367\n\3\31)\4\0\0\224\\-?\345c\304\264"..., 26624, MSG_DONTWAIT, NULL, NULL) = 104
31740 1783932351.855346 recvfrom(79, 0x7007512840, 26624, MSG_DONTWAIT, NULL, NULL) = -1 EAGAIN (Try again)
31740 1783932351.910773 recvfrom(79, "h\0\0\0vor_\v\0\0\0\0\0\0\0\247g>\34)\4\0\0\224\\-?0o\304\264"..., 26624, MSG_DONTWAIT, NULL, NULL) = 104
31740 1783932351.910807 recvfrom(79, 0x7007512840, 26624, MSG_DONTWAIT, NULL, NULL) = -1 EAGAIN (Try again)
31740 1783932351.963293 recvfrom(79, "h\0\0\0vor_\v\0\0\0\0\0\0\0?\302d\37)\4\0\0\224\\-?mw\304\264"..., 26624, MSG_DONTWAIT, NULL, NULL) = 104
31740 1783932351.963339 recvfrom(79, 0x7007512840, 26624, MSG_DONTWAIT, NULL, NULL) = -1 EAGAIN (Try again)
31740 1783932352.015133 recvfrom(79, "h\0\0\0vor_\v\0\0\0\0\0\0\0\234\256\210\")\4\0\0\224\\-?\262|\304\264"..., 26624, MSG_DONTWAIT, NULL, NULL) = 104
31740 1783932352.015182 recvfrom(79, 0x7007512840, 26624, MSG_DONTWAIT, NULL, NULL) = -1 EAGAIN (Try again)
31740 1783932352.067537 recvfrom(79, "h\0\0\0vor_\v\0\0\0\0\0\0\0]H\250%)\4\0\0\224\\-?\24\177\304\264"..., 26624, MSG_DONTWAIT, NULL, NULL) = 104
31740 1783932352.067560 recvfrom(79, 0x7007512840, 26624, MSG_DONTWAIT, NULL, NULL) = -1 EAGAIN (Try again)
31740 1783932352.120469 recvfrom(79, "h\0\0\0vor_\v\0\0\0\0\0\0\0`\317\306()\4\0\0\224\\-?\252~\304\264"..., 26624, MSG_DONTWAIT, NULL, NULL) = 104
31740 1783932352.120508 recvfrom(79, 0x7007512840, 26624, MSG_DONTWAIT, NULL, NULL) = -1 EAGAIN (Try again)
31740 1783932352.170646 recvfrom(79, "h\0\0\0vor_\v\0\0\0\0\0\0\0\347&\302+)\4\0\0\224\\-?\207{\304\264"..., 26624, MSG_DONTWAIT, NULL, NULL) = 104
31740 1783932352.170690 recvfrom(79, 0x7007512840, 26624, MSG_DONTWAIT, NULL, NULL) = -1 EAGAIN (Try again)
31740 1783932352.225696 recvfrom(79, "h\0\0\0vor_\v\0\0\0\0\0\0\0\35\301\23/)\4\0\0\224\\-?\277u\304\264"..., 26624, MSG_DONTWAIT, NULL, NULL) = 104
31740 1783932352.225753 recvfrom(79, 0x7007512840, 26624, MSG_DONTWAIT, NULL, NULL) = -1 EAGAIN (Try again)
31740 1783932352.278212 recvfrom(79, "h\0\0\0vor_\v\0\0\0\0\0\0\0\245\02252)\4\0\0\224\\-?hm\304\264"..., 26624, MSG_DONTWAIT, NULL, NULL) = 104
31740 1783932352.278272 recvfrom(79, 0x7007512840, 26624, MSG_DONTWAIT, NULL, NULL) = -1 EAGAIN (Try again)
31740 1783932352.329591 recvfrom(79, "h\0\0\0vor_\v\0\0\0\0\0\0\0T\25D5)\4\0\0\224\\-?\223b\304\264"..., 26624, MSG_DONTWAIT, NULL, NULL) = 104
31740 1783932352.329692 recvfrom(79, 0x7007512840, 26624, MSG_DONTWAIT, NULL, NULL) = -1 EAGAIN (Try again)
31740 1783932352.380167 recvfrom(79, "h\0\0\0vor_\v\0\0\0\0\0\0\0\0201K8)\4\0\0\224\\-?RU\304\264"..., 26624, MSG_DONTWAIT, NULL, NULL) = 104
31740 1783932352.380218 recvfrom(79, 0x7007512840, 26624, MSG_DONTWAIT, NULL, NULL) = -1 EAGAIN (Try again)
31740 1783932352.440073 recvfrom(79, "h\0\0\0vor_\v\0\0\0\0\0\0\0S\253\334;)\4\0\0\224\\-?\270E\304\264"..., 26624, MSG_DONTWAIT, NULL, NULL) = 104
31740 1783932352.440131 recvfrom(79, 0x7007512840, 26624, MSG_DONTWAIT, NULL, NULL) = -1 EAGAIN (Try again)
31740 1783932352.498524 recvfrom(79, "h\0\0\0vor_\v\0\0\0\0\0\0\0\177\34Y?)\4\0\0\224\\-?\3253\304\264"..., 26624, MSG_DONTWAIT, NULL, NULL) = 104
31740 1783932352.498561 recvfrom(79, 0x7007512840, 26624, MSG_DONTWAIT, NULL, NULL) = -1 EAGAIN (Try again)
31740 1783932352.550558 recvfrom(79, "h\0\0\0vor_\v\0\0\0\0\0\0\0[\37pB)\4\0\0\224\\-?\274\37\304\264"..., 26624, MSG_DONTWAIT, NULL, NULL) = 104
31740 1783932352.550656 recvfrom(79, 0x7007512840, 26624, MSG_DONTWAIT, NULL, NULL) = -1 EAGAIN (Try again)
31740 1783932352.601427 recvfrom(79, "h\0\0\0vor_\v\0\0\0\0\0\0\0\222\320zE)\4\0\0\224\\-?|\t\304\264"..., 26624, MSG_DONTWAIT, NULL, NULL) = 104
31740 1783932352.601473 recvfrom(79, 0x7007512840, 26624, MSG_DONTWAIT, NULL, NULL) = -1 EAGAIN (Try again)
31740 1783932352.655940 recvfrom(79, "h\0\0\0vor_\v\0\0\0\0\0\0\0\213~\271H)\4\0\0\224\\-?&\361\303\264"..., 26624, MSG_DONTWAIT, NULL, NULL) = 104
31740 1783932352.655977 recvfrom(79, 0x7007512840, 26624, MSG_DONTWAIT, NULL, NULL) = -1 EAGAIN (Try again)
31740 1783932352.709099 recvfrom(79, "h\0\0\0vor_\v\0\0\0\0\0\0\0'g\344K)\4\0\0\224\\-?\310\326\303\264"..., 26624, MSG_DONTWAIT, NULL, NULL) = 104
31740 1783932352.709135 recvfrom(79, 0x7007512840, 26624, MSG_DONTWAIT, NULL, NULL) = -1 EAGAIN (Try again)
31740 1783932352.759788 recvfrom(79, "h\0\0\0vor_\v\0\0\0\0\0\0\0\27\32\354N)\4\0\0\224\\-?s\272\303\264"..., 26624, MSG_DONTWAIT, NULL, NULL) = 104
31740 1783932352.759814 recvfrom(79, 0x7007512840, 26624, MSG_DONTWAIT, NULL, NULL) = -1 EAGAIN (Try again)
31740 1783932352.813488 recvfrom(79, "h\0\0\0vor_\v\0\0\0\0\0\0\0k\346\37R)\4\0\0\224\\-?5\234\303\264"..., 26624, MSG_DONTWAIT, NULL, NULL) = 104
31740 1783932352.813509 recvfrom(79, 0x7007512840, 26624, MSG_DONTWAIT, NULL, NULL) = -1 EAGAIN (Try again)
31740 1783932352.870091 recvfrom(79, "h\0\0\0vor_\v\0\0\0\0\0\0\0.ShU)\4\0\0\224\\-?\33|\303\264"..., 26624, MSG_DONTWAIT, NULL, NULL) = 104
31740 1783932352.870245 recvfrom(79, 0x7007512840, 26624, MSG_DONTWAIT, NULL, NULL) = -1 EAGAIN (Try again)
31740 1783932352.928500 recvfrom(79, "h\0\0\0vor_\v\0\0\0\0\0\0\0003\324\330X)\4\0\0\224\\-?4Z\303\264"..., 26624, MSG_DONTWAIT, NULL, NULL) = 104
31740 1783932352.928631 recvfrom(79, 0x7007512840, 26624, MSG_DONTWAIT, NULL, NULL) = -1 EAGAIN (Try again)
31740 1783932352.981820 recvfrom(79, "h\0\0\0vor_\v\0\0\0\0\0\0\0\234\221\26\\)\4\0\0\224\\-?\2156\303\264"..., 26624, MSG_DONTWAIT, NULL, NULL) = 104
31740 1783932352.981930 recvfrom(79, 0x7007512840, 26624, MSG_DONTWAIT, NULL, NULL) = -1 EAGAIN (Try again)
31740 1783932353.033082 recvfrom(79, "h\0\0\0vor_\v\0\0\0\0\0\0\0\26.4_)\4\0\0\224\\-?4\21\303\264"..., 26624, MSG_DONTWAIT, NULL, NULL) = 104
31740 1783932353.033102 recvfrom(79, 0x7007512840, 26624, MSG_DONTWAIT, NULL, NULL) = -1 EAGAIN (Try again)
31740 1783932353.086949 recvfrom(79, "h\0\0\0vor_\v\0\0\0\0\0\0\0\221\217kb)\4\0\0\224\\-?5\352\302\264"..., 26624, MSG_DONTWAIT, NULL, NULL) = 104
31740 1783932353.086978 recvfrom(79, 0x7007512840, 26624, MSG_DONTWAIT, NULL, NULL) = -1 EAGAIN (Try again)
31740 1783932353.140807 recvfrom(79, "h\0\0\0vor_\v\0\0\0\0\0\0\0\21 \242e)\4\0\0\224\\-?\235\301\302\264"..., 26624, MSG_DONTWAIT, NULL, NULL) = 104
31740 1783932353.140829 recvfrom(79, 0x7007512840, 26624, MSG_DONTWAIT, NULL, NULL) = -1 EAGAIN (Try again)
31740 1783932353.196899 recvfrom(79, "h\0\0\0vor_\v\0\0\0\0\0\0\0\363N\360h)\4\0\0\224\\-?x\227\302\264"..., 26624, MSG_DONTWAIT, NULL, NULL) = 104
31740 1783932353.197045 recvfrom(79, 0x7007512840, 26624, MSG_DONTWAIT, NULL, NULL) = -1 EAGAIN (Try again)
31740 1783932353.251636 recvfrom(79, "h\0\0\0vor_\v\0\0\0\0\0\0\0\347\347-l)\4\0\0\224\\-?\322k\302\264"..., 26624, MSG_DONTWAIT, NULL, NULL) = 104
31740 1783932353.251789 recvfrom(79, 0x7007512840, 26624, MSG_DONTWAIT, NULL, NULL) = -1 EAGAIN (Try again)
31740 1783932353.309460 recvfrom(79, "h\0\0\0vor_\v\0\0\0\0\0\0\0\33\316\243o)\4\0\0\224\\-?\266>\302\264"..., 26624, MSG_DONTWAIT, NULL, NULL) = 104
31740 1783932353.311655 recvfrom(79, 0x7007512840, 26624, MSG_DONTWAIT, NULL, NULL) = -1 EAGAIN (Try again)
31740 1783932353.361534 recvfrom(79, "h\0\0\0vor_\v\0\0\0\0\0\0\0\340\255\275r)\4\0\0\224\\-?/\20\302\264"..., 26624, MSG_DONTWAIT, NULL, NULL) = 104
31740 1783932353.361684 recvfrom(79, 0x7007512840, 26624, MSG_DONTWAIT, NULL, NULL) = -1 EAGAIN (Try again)
31740 1783932353.418159 recvfrom(79, "h\0\0\0vor_\v\0\0\0\0\0\0\0\2427\35v)\4\0\0\224\\-?H\340\301\264"..., 26624, MSG_DONTWAIT, NULL, NULL) = 104
31740 1783932353.418316 recvfrom(79, 0x7007512840, 26624, MSG_DONTWAIT, NULL, NULL) = -1 EAGAIN (Try again)
31740 1783932353.473412 recvfrom(79, "h\0\0\0vor_\v\0\0\0\0\0\0\0\302!oy)\4\0\0\224\\-?\f\257\301\264"..., 26624, MSG_DONTWAIT, NULL, NULL) = 104
31740 1783932353.473610 recvfrom(79, 0x7007512840, 26624, MSG_DONTWAIT, NULL, NULL) = -1 EAGAIN (Try again)
31740 1783932353.525509 recvfrom(79, "h\0\0\0vor_\v\0\0\0\0\0\0\0?\313}|)\4\0\0\224\\-?\204|\301\264"..., 26624, MSG_DONTWAIT, NULL, NULL) = 104
31740 1783932353.525613 recvfrom(79, 0x7007512840, 26624, MSG_DONTWAIT, NULL, NULL) = -1 EAGAIN (Try again)
31740 1783932353.576665 recvfrom(79, "h\0\0\0vor_\v\0\0\0\0\0\0\0W\177\215\177)\4\0\0\224\\-?\273H\301\264"..., 26624, MSG_DONTWAIT, NULL, NULL) = 104
31740 1783932353.576819 recvfrom(79, 0x7007512840, 26624, MSG_DONTWAIT, NULL, NULL) = -1 EAGAIN (Try again)
31740 1783932353.629606 recvfrom(79, "h\0\0\0vor_\v\0\0\0\0\0\0\0004\256\304\202)\4\0\0\224\\-?\273\23\301\264"..., 26624, MSG_DONTWAIT, NULL, NULL) = 104
31740 1783932353.629653 recvfrom(79, 0x7007512840, 26624, MSG_DONTWAIT, NULL, NULL) = -1 EAGAIN (Try again)
31740 1783932353.685019 recvfrom(79, "h\0\0\0vor_\v\0\0\0\0\0\0\0\33\261\t\206)\4\0\0\224\\-?\215\335\300\264"..., 26624, MSG_DONTWAIT, NULL, NULL) = 104
31740 1783932353.685131 recvfrom(79, 0x7007512840, 26624, MSG_DONTWAIT, NULL, NULL) = -1 EAGAIN (Try again)
31740 1783932353.736196 recvfrom(79, "h\0\0\0vor_\v\0\0\0\0\0\0\09X\33\211)\4\0\0\224\\-?:\246\300\264"..., 26624, MSG_DONTWAIT, NULL, NULL) = 104
31740 1783932353.736263 recvfrom(79, 0x7007512840, 26624, MSG_DONTWAIT, NULL, NULL) = -1 EAGAIN (Try again)
31740 1783932353.788630 recvfrom(79, "h\0\0\0vor_\v\0\0\0\0\0\0\0{\10=\214)\4\0\0\224\\-?\313m\300\264"..., 26624, MSG_DONTWAIT, NULL, NULL) = 104
31740 1783932353.788684 recvfrom(79, 0x7007512840, 26624, MSG_DONTWAIT, NULL, NULL) = -1 EAGAIN (Try again)
31740 1783932353.842618 recvfrom(79, "h\0\0\0vor_\v\0\0\0\0\0\0\0Pbt\217)\4\0\0\224\\-?I4\300\264"..., 26624, MSG_DONTWAIT, NULL, NULL) = 104
31740 1783932353.842691 recvfrom(79, 0x7007512840, 26624, MSG_DONTWAIT, NULL, NULL) = -1 EAGAIN (Try again)
31740 1783932353.898930 recvfrom(79, "h\0\0\0vor_\v\0\0\0\0\0\0\0\212`\321\222)\4\0\0\224\\-?\275\371\277\264"..., 26624, MSG_DONTWAIT, NULL, NULL) = 104
31740 1783932353.898990 recvfrom(79, 0x7007512840, 26624, MSG_DONTWAIT, NULL, NULL) = -1 EAGAIN (Try again)
31740 1783932353.950607 recvfrom(79, "h\0\0\0vor_\v\0\0\0\0\0\0\0001\363\344\225)\4\0\0\224\\-?/\276\277\264"..., 26624, MSG_DONTWAIT, NULL, NULL) = 104
31740 1783932353.950668 recvfrom(79, 0x7007512840, 26624, MSG_DONTWAIT, NULL, NULL) = -1 EAGAIN (Try again)
31740 1783932354.000744 recvfrom(79, "h\0\0\0vor_\v\0\0\0\0\0\0\0\16\1\343\230)\4\0\0\224\\-?\246\201\277\264"..., 26624, MSG_DONTWAIT, NULL, NULL) = 104
31740 1783932354.000793 recvfrom(79, 0x7007512840, 26624, MSG_DONTWAIT, NULL, NULL) = -1 EAGAIN (Try again)
31740 1783932354.058367 recvfrom(79, "h\0\0\0vor_\v\0\0\0\0\0\0\0\273_S\234)\4\0\0\224\\-?+D\277\264"..., 26624, MSG_DONTWAIT, NULL, NULL) = 104
31740 1783932354.058393 recvfrom(79, 0x7007512840, 26624, MSG_DONTWAIT, NULL, NULL) = -1 EAGAIN (Try again)
31740 1783932354.110771 recvfrom(79, "h\0\0\0vor_\v\0\0\0\0\0\0\0?#p\237)\4\0\0\224\\-?\305\5\277\264"..., 26624, MSG_DONTWAIT, NULL, NULL) = 104
31740 1783932354.110814 recvfrom(79, 0x7007512840, 26624, MSG_DONTWAIT, NULL, NULL) = -1 EAGAIN (Try again)
31740 1783932354.166005 recvfrom(79, "h\0\0\0vor_\v\0\0\0\0\0\0\0\257\0\273\242)\4\0\0\224\\-?|\306\276\264"..., 26624, MSG_DONTWAIT, NULL, NULL) = 104
31740 1783932354.166057 recvfrom(79, 0x7007512840, 26624, MSG_DONTWAIT, NULL, NULL) = -1 EAGAIN (Try again)
31740 1783932354.219557 recvfrom(79, "h\0\0\0vor_\v\0\0\0\0\0\0\0\37m\355\245)\4\0\0\224\\-?V\206\276\264"..., 26624, MSG_DONTWAIT, NULL, NULL) = 104
31740 1783932354.219622 recvfrom(79, 0x7007512840, 26624, MSG_DONTWAIT, NULL, NULL) = -1 EAGAIN (Try again)
31740 1783932354.275455 recvfrom(79, "h\0\0\0vor_\v\0\0\0\0\0\0\0G\32B\251)\4\0\0\224\\-?\\E\276\264"..., 26624, MSG_DONTWAIT, NULL, NULL) = 104
31740 1783932354.275492 recvfrom(79, 0x7007512840, 26624, MSG_DONTWAIT, NULL, NULL) = -1 EAGAIN (Try again)
31740 1783932354.331090 recvfrom(79, "h\0\0\0vor_\v\0\0\0\0\0\0\0\35\233\205\254)\4\0\0\224\\-?\223\3\276\264"..., 26624, MSG_DONTWAIT, NULL, NULL) = 104
31740 1783932354.331176 recvfrom(79, 0x7007512840, 26624, MSG_DONTWAIT, NULL, NULL) = -1 EAGAIN (Try again)
31740 1783932354.383926 recvfrom(79, "h\0\0\0vor_\v\0\0\0\0\0\0\0\274\26\272\257)\4\0\0\224\\-?\4\301\275\264"..., 26624, MSG_DONTWAIT, NULL, NULL) = 104
31740 1783932354.383976 recvfrom(79, 0x7007512840, 26624, MSG_DONTWAIT, NULL, NULL) = -1 EAGAIN (Try again)
31740 1783932354.442231 recvfrom(79, "h\0\0\0vor_\v\0\0\0\0\0\0\0\321\2140\263)\4\0\0\224\\-?\264}\275\264"..., 26624, MSG_DONTWAIT, NULL, NULL) = 104
31740 1783932354.442294 recvfrom(79, 0x7007512840, 26624, MSG_DONTWAIT, NULL, NULL) = -1 EAGAIN (Try again)
31740 1783932354.497371 recvfrom(79, "h\0\0\0vor_\v\0\0\0\0\0\0\0wM|\266)\4\0\0\224\\-?\2519\275\264"..., 26624, MSG_DONTWAIT, NULL, NULL) = 104
31740 1783932354.497407 recvfrom(79, 0x7007512840, 26624, MSG_DONTWAIT, NULL, NULL) = -1 EAGAIN (Try again)
31740 1783932354.548363 recvfrom(79, "h\0\0\0vor_\v\0\0\0\0\0\0\0\262-\206\271)\4\0\0\224\\-?\351\364\274\264"..., 26624, MSG_DONTWAIT, NULL, NULL) = 104
31740 1783932354.548429 recvfrom(79, 0x7007512840, 26624, MSG_DONTWAIT, NULL, NULL) = -1 EAGAIN (Try again)
31740 1783932354.602279 recvfrom(79, "h\0\0\0vor_\v\0\0\0\0\0\0\0\327\350\274\274)\4\0\0\224\\-?z\257\274\264"..., 26624, MSG_DONTWAIT, NULL, NULL) = 104
31740 1783932354.602329 recvfrom(79, 0x7007512840, 26624, MSG_DONTWAIT, NULL, NULL) = -1 EAGAIN (Try again)
31740 1783932354.652936 recvfrom(79, "h\0\0\0vor_\v\0\0\0\0\0\0\0&\254\301\277)\4\0\0\224\\-?ci\274\264"..., 26624, MSG_DONTWAIT, NULL, NULL) = 104
31740 1783932354.652986 recvfrom(79, 0x7007512840, 26624, MSG_DONTWAIT, NULL, NULL) = -1 EAGAIN (Try again)
31740 1783932354.705272 recvfrom(79, "h\0\0\0vor_\v\0\0\0\0\0\0\0002\243\333\302)\4\0\0\224\\-?\252\"\274\264"..., 26624, MSG_DONTWAIT, NULL, NULL) = 104
31740 1783932354.705323 recvfrom(79, 0x7007512840, 26624, MSG_DONTWAIT, NULL, NULL) = -1 EAGAIN (Try again)
31740 1783932354.756949 recvfrom(79, "h\0\0\0vor_\v\0\0\0\0\0\0\0G\334\363\305)\4\0\0\224\\-?S\333\273\264"..., 26624, MSG_DONTWAIT, NULL, NULL) = 104
31740 1783932354.757016 recvfrom(79, 0x7007512840, 26624, MSG_DONTWAIT, NULL, NULL) = -1 EAGAIN (Try again)
31740 1783932354.807320 recvfrom(79, "h\0\0\0vor_\v\0\0\0\0\0\0\0\254\344\364\310)\4\0\0\224\\-?d\223\273\264"..., 26624, MSG_DONTWAIT, NULL, NULL) = 104
31740 1783932354.807382 recvfrom(79, 0x7007512840, 26624, MSG_DONTWAIT, NULL, NULL) = -1 EAGAIN (Try again)
31740 1783932354.859442 recvfrom(79, "h\0\0\0vor_\v\0\0\0\0\0\0\0001\27\22\314)\4\0\0\224\\-?\343J\273\264"..., 26624, MSG_DONTWAIT, NULL, NULL) = 104
31740 1783932354.859480 recvfrom(79, 0x7007512840, 26624, MSG_DONTWAIT, NULL, NULL) = -1 EAGAIN (Try again)
31740 1783932354.917617 recvfrom(79, "h\0\0\0vor_\v\0\0\0\0\0\0\0\2002\212\317)\4\0\0\224\\-?\325\1\273\264"..., 26624, MSG_DONTWAIT, NULL, NULL) = 104
31740 1783932354.917643 recvfrom(79, 0x7007512840, 26624, MSG_DONTWAIT, NULL, NULL) = -1 EAGAIN (Try again)
31740 1783932354.982663 recvfrom(79, "h\0\0\0vor_\v\0\0\0\0\0\0\0\202x\f\323)\4\0\0\224\\-??\270\272\264"..., 26624, MSG_DONTWAIT, NULL, NULL) = 104
31740 1783932354.982710 recvfrom(79, 0x7007512840, 26624, MSG_DONTWAIT, NULL, NULL) = -1 EAGAIN (Try again)
31740 1783932355.025934 recvfrom(79, "h\0\0\0vor_\v\0\0\0\0\0\0\0\245g\375\325)\4\0\0\246\\-?\270\230\213\264"..., 26624, MSG_DONTWAIT, NULL, NULL) = 104
31740 1783932355.025989 recvfrom(79, 0x7007512840, 26624, MSG_DONTWAIT, NULL, NULL) = -1 EAGAIN (Try again)
31740 1783932355.077412 recvfrom(79, "h\0\0\0vor_\v\0\0\0\0\0\0\0\4\32\20\331)\4\0\0\246\\-?\324>\213\264"..., 26624, MSG_DONTWAIT, NULL, NULL) = 104
31740 1783932355.077436 recvfrom(79, 0x7007512840, 26624, MSG_DONTWAIT, NULL, NULL) = -1 EAGAIN (Try again)
31740 1783932355.134161 recvfrom(79, "h\0\0\0vor_\v\0\0\0\0\0\0\0.Up\334)\4\0\0\246\\-? \345\212\264"..., 26624, MSG_DONTWAIT, NULL, NULL) = 104
31740 1783932355.134192 recvfrom(79, 0x7007512840, 26624, MSG_DONTWAIT, NULL, NULL) = -1 EAGAIN (Try again)
31740 1783932355.185670 recvfrom(79, "h\0\0\0vor_\v\0\0\0\0\0\0\0\243H{\337)\4\0\0\246\\-?\237\213\212\264"..., 26624, MSG_DONTWAIT, NULL, NULL) = 104
31740 1783932355.185758 recvfrom(79, 0x7007512840, 26624, MSG_DONTWAIT, NULL, NULL) = -1 EAGAIN (Try again)
31740 1783932355.238994 recvfrom(79, "h\0\0\0vor_\v\0\0\0\0\0\0\0\246R\257\342)\4\0\0\246\\-?Q2\212\264"..., 26624, MSG_DONTWAIT, NULL, NULL) = 104
31740 1783932355.239043 recvfrom(79, 0x7007512840, 26624, MSG_DONTWAIT, NULL, NULL) = -1 EAGAIN (Try again)
31740 1783932355.291738 recvfrom(79, "h\0\0\0vor_\v\0\0\0\0\0\0\0\303\16\327\345)\4\0\0\246\\-?8\331\211\264"..., 26624, MSG_DONTWAIT, NULL, NULL) = 104
31740 1783932355.291768 recvfrom(79, 0x7007512840, 26624, MSG_DONTWAIT, NULL, NULL) = -1 EAGAIN (Try again)
31740 1783932355.350941 recvfrom(79, "h\0\0\0vor_\v\0\0\0\0\0\0\0\300dS\351)\4\0\0\246\\-?T\200\211\264"..., 26624, MSG_DONTWAIT, NULL, NULL) = 104
31740 1783932355.351050 recvfrom(79, 0x7007512840, 26624, MSG_DONTWAIT, NULL, NULL) = -1 EAGAIN (Try again)
31740 1783932355.408077 recvfrom(79, "h\0\0\0vor_\v\0\0\0\0\0\0\0\235f\272\354)\4\0\0\246\\-?\246'\211\264"..., 26624, MSG_DONTWAIT, NULL, NULL) = 104
31740 1783932355.408130 recvfrom(79, 0x7007512840, 26624, MSG_DONTWAIT, NULL, NULL) = -1 EAGAIN (Try again)
31740 1783932355.459212 recvfrom(79, "h\0\0\0vor_\v\0\0\0\0\0\0\0\212\23\321\357)\4\0\0\246\\-?/\317\210\264"..., 26624, MSG_DONTWAIT, NULL, NULL) = 104
31740 1783932355.459306 recvfrom(79, 0x7007512840, 26624, MSG_DONTWAIT, NULL, NULL) = -1 EAGAIN (Try again)
31740 1783932355.512477 recvfrom(79, "h\0\0\0vor_\v\0\0\0\0\0\0\0\307m\375\362)\4\0\0\246\\-?\360v\210\264"..., 26624, MSG_DONTWAIT, NULL, NULL) = 104
31740 1783932355.512520 recvfrom(79, 0x7007512840, 26624, MSG_DONTWAIT, NULL, NULL) = -1 EAGAIN (Try again)
31740 1783932355.565424 recvfrom(79, "h\0\0\0vor_\v\0\0\0\0\0\0\0003\203#\366)\4\0\0\246\\-?\352\36\210\264"..., 26624, MSG_DONTWAIT, NULL, NULL) = 104
31740 1783932355.565474 recvfrom(79, 0x7007512840, 26624, MSG_DONTWAIT, NULL, NULL) = -1 EAGAIN (Try again)
31740 1783932355.621787 recvfrom(79, "h\0\0\0vor_\v\0\0\0\0\0\0\0\r ~\371)\4\0\0\246\\-?\36\307\207\264"..., 26624, MSG_DONTWAIT, NULL, NULL) = 104
31740 1783932355.621849 recvfrom(79, 0x7007512840, 26624, MSG_DONTWAIT, NULL, NULL) = -1 EAGAIN (Try again)
31740 1783932355.674507 recvfrom(79, "h\0\0\0vor_\v\0\0\0\0\0\0\0\320\316\245\374)\4\0\0\246\\-?\214o\207\264"..., 26624, MSG_DONTWAIT, NULL, NULL) = 104
31740 1783932355.674536 recvfrom(79, 0x7007512840, 26624, MSG_DONTWAIT, NULL, NULL) = -1 EAGAIN (Try again)
31740 1783932355.724746 recvfrom(79, "h\0\0\0vor_\v\0\0\0\0\0\0\0\325\217\242\377)\4\0\0\246\\-?6\30\207\264"..., 26624, MSG_DONTWAIT, NULL, NULL) = 104
31740 1783932355.724796 recvfrom(79, 0x7007512840, 26624, MSG_DONTWAIT, NULL, NULL) = -1 EAGAIN (Try again)
31740 1783932355.779741 recvfrom(79, "h\0\0\0vor_\v\0\0\0\0\0\0\0\366\263\350\2*\4\0\0\246\\-?\33\301\206\264"..., 26624, MSG_DONTWAIT, NULL, NULL) = 104
31740 1783932355.779842 recvfrom(79, 0x7007512840, 26624, MSG_DONTWAIT, NULL, NULL) = -1 EAGAIN (Try again)
31740 1783932355.831728 recvfrom(79, "h\0\0\0vor_\v\0\0\0\0\0\0\0\rX\375\5*\4\0\0\246\\-?=j\206\264"..., 26624, MSG_DONTWAIT, NULL, NULL) = 104
31740 1783932355.831799 recvfrom(79, 0x7007512840, 26624, MSG_DONTWAIT, NULL, NULL) = -1 EAGAIN (Try again)
31740 1783932355.882591 recvfrom(79, "h\0\0\0vor_\v\0\0\0\0\0\0\0003z\7\t*\4\0\0\246\\-?\234\23\206\264"..., 26624, MSG_DONTWAIT, NULL, NULL) = 104
31740 1783932355.882754 recvfrom(79, 0x7007512840, 26624, MSG_DONTWAIT, NULL, NULL) = -1 EAGAIN (Try again)
31740 1783932355.936417 recvfrom(79, "h\0\0\0vor_\v\0\0\0\0\0\0\0G\f<\f*\4\0\0\246\\-?:\275\205\264"..., 26624, MSG_DONTWAIT, NULL, NULL) = 104
31740 1783932355.936568 recvfrom(79, 0x7007512840, 26624, MSG_DONTWAIT, NULL, NULL) = -1 EAGAIN (Try again)
31740 1783932355.989712 recvfrom(79, "h\0\0\0vor_\v\0\0\0\0\0\0\0$%c\17*\4\0\0\246\\-?\26g\205\264"..., 26624, MSG_DONTWAIT, NULL, NULL) = 104
31740 1783932355.989901 recvfrom(79, 0x7007512840, 26624, MSG_DONTWAIT, NULL, NULL) = -1 EAGAIN (Try again)
31740 1783932356.048002 recvfrom(79, "h\0\0\0vor_\v\0\0\0\0\0\0\0\323c\345\22*\4\0\0\246\\-?1\21\205\264"..., 26624, MSG_DONTWAIT, NULL, NULL) = 104
31740 1783932356.048139 recvfrom(79, 0x7007512840, 26624, MSG_DONTWAIT, NULL, NULL) = -1 EAGAIN (Try again)
31740 1783932356.103178 recvfrom(79, "h\0\0\0vor_\v\0\0\0\0\0\0\0\330\307/\26*\4\0\0\246\\-?\213\273\204\264"..., 26624, MSG_DONTWAIT, NULL, NULL) = 104
31740 1783932356.103285 recvfrom(79, 0x7007512840, 26624, MSG_DONTWAIT, NULL, NULL) = -1 EAGAIN (Try again)
31740 1783932356.156597 recvfrom(79, "h\0\0\0vor_\v\0\0\0\0\0\0\0\37X\\\31*\4\0\0\246\\-?%f\204\264"..., 26624, MSG_DONTWAIT, NULL, NULL) = 104
31740 1783932356.156682 recvfrom(79, 0x7007512840, 26624, MSG_DONTWAIT, NULL, NULL) = -1 EAGAIN (Try again)
31740 1783932356.211810 recvfrom(79, "h\0\0\0vor_\v\0\0\0\0\0\0\0V\210\244\34*\4\0\0\246\\-?\0\21\204\264"..., 26624, MSG_DONTWAIT, NULL, NULL) = 104
31740 1783932356.211940 recvfrom(79, 0x7007512840, 26624, MSG_DONTWAIT, NULL, NULL) = -1 EAGAIN (Try again)
31740 1783932356.269641 recvfrom(79, "h\0\0\0vor_\v\0\0\0\0\0\0\0\210\376\t *\4\0\0\246\\-?\33\274\203\264"..., 26624, MSG_DONTWAIT, NULL, NULL) = 104
31740 1783932356.269744 recvfrom(79, 0x7007512840, 26624, MSG_DONTWAIT, NULL, NULL) = -1 EAGAIN (Try again)
31740 1783932356.324422 recvfrom(79, "h\0\0\0vor_\v\0\0\0\0\0\0\0H\177X#*\4\0\0\246\\-?xg\203\264"..., 26624, MSG_DONTWAIT, NULL, NULL) = 104
31740 1783932356.324570 recvfrom(79, 0x7007512840, 26624, MSG_DONTWAIT, NULL, NULL) = -1 EAGAIN (Try again)
31740 1783932356.376794 recvfrom(79, "h\0\0\0vor_\v\0\0\0\0\0\0\0,v\201&*\4\0\0\246\\-?\27\23\203\264"..., 26624, MSG_DONTWAIT, NULL, NULL) = 104
31740 1783932356.376860 recvfrom(79, 0x7007512840, 26624, MSG_DONTWAIT, NULL, NULL) = -1 EAGAIN (Try again)
31740 1783932356.426666 recvfrom(79, "h\0\0\0vor_\v\0\0\0\0\0\0\0\25\231z)*\4\0\0\270\\-?\364Y&\264"..., 26624, MSG_DONTWAIT, NULL, NULL) = 104
31740 1783932356.426732 recvfrom(79, 0x7007512840, 26624, MSG_DONTWAIT, NULL, NULL) = -1 EAGAIN (Try again)
31740 1783932356.477416 recvfrom(79, "h\0\0\0vor_\v\0\0\0\0\0\0\0l\210t,*\4\0\0\312\\-?\245{\212\263"..., 26624, MSG_DONTWAIT, NULL, NULL) = 104
31740 1783932356.477514 recvfrom(79, 0x7007512840, 26624, MSG_DONTWAIT, NULL, NULL) = -1 EAGAIN (Try again)
31740 1783932356.534125 recvfrom(79, "h\0\0\0vor_\v\0\0\0\0\0\0\0\234\266\326/*\4\0\0\312\\-?\242c\207\263"..., 26624, MSG_DONTWAIT, NULL, NULL) = 104
31740 1783932356.534262 recvfrom(79, 0x7007512840, 26624, MSG_DONTWAIT, NULL, NULL) = -1 EAGAIN (Try again)
31740 1783932356.584993 recvfrom(79, "h\0\0\0vor_\v\0\0\0\0\0\0\0\204\5\3412*\4\0\0\312\\-?\260Y\204\263"..., 26624, MSG_DONTWAIT, NULL, NULL) = 104
31740 1783932356.585126 recvfrom(79, 0x7007512840, 26624, MSG_DONTWAIT, NULL, NULL) = -1 EAGAIN (Try again)
31740 1783932356.646156 recvfrom(79, "h\0\0\0vor_\v\0\0\0\0\0\0\0\5\34506*\4\0\0\312\\-?\205]\201\263"..., 26624, MSG_DONTWAIT, NULL, NULL) = 104
31740 1783932356.646231 recvfrom(79, 0x7007512840, 26624, MSG_DONTWAIT, NULL, NULL) = -1 EAGAIN (Try again)
31740 1783932356.692711 recvfrom(79, "h\0\0\0vor_\v\0\0\0\0\0\0\0\364\nS9*\4\0\0\312\\-?\263\335|\263"..., 26624, MSG_DONTWAIT, NULL, NULL) = 104
31740 1783932356.692795 recvfrom(79, 0x7007512840, 26624, MSG_DONTWAIT, NULL, NULL) = -1 EAGAIN (Try again)
31740 1783932356.746454 recvfrom(79, "h\0\0\0vor_\v\0\0\0\0\0\0\0m>\205<*\4\0\0\312\\-?\322\32w\263"..., 26624, MSG_DONTWAIT, NULL, NULL) = 104
31740 1783932356.746522 recvfrom(79, 0x7007512840, 26624, MSG_DONTWAIT, NULL, NULL) = -1 EAGAIN (Try again)
31740 1783932356.802583 recvfrom(79, "h\0\0\0vor_\v\0\0\0\0\0\0\0\232}\333?*\4\0\0\312\\-?\337qq\263"..., 26624, MSG_DONTWAIT, NULL, NULL) = 104
31740 1783932356.802667 recvfrom(79, 0x7007512840, 26624, MSG_DONTWAIT, NULL, NULL) = -1 EAGAIN (Try again)
31740 1783932356.854904 recvfrom(79, "h\0\0\0vor_\v\0\0\0\0\0\0\0\300\317\335B*\4\0\0\312\\-?W\342k\263"..., 26624, MSG_DONTWAIT, NULL, NULL) = 104
31740 1783932356.854982 recvfrom(79, 0x7007512840, 26624, MSG_DONTWAIT, NULL, NULL) = -1 EAGAIN (Try again)
31740 1783932356.910327 recvfrom(79, "h\0\0\0vor_\v\0\0\0\0\0\0\0\17\31LF*\4\0\0\312\\-?\270kf\263"..., 26624, MSG_DONTWAIT, NULL, NULL) = 104
31740 1783932356.910388 recvfrom(79, 0x7007512840, 26624, MSG_DONTWAIT, NULL, NULL) = -1 EAGAIN (Try again)
31740 1783932356.963515 recvfrom(79, "h\0\0\0vor_\v\0\0\0\0\0\0\0o\255rI*\4\0\0\312\\-?\204\ra\263"..., 26624, MSG_DONTWAIT, NULL, NULL) = 104
31740 1783932356.963618 recvfrom(79, 0x7007512840, 26624, MSG_DONTWAIT, NULL, NULL) = -1 EAGAIN (Try again)
31740 1783932357.013926 recvfrom(79, "h\0\0\0vor_\v\0\0\0\0\0\0\0x\326wL*\4\0\0\312\\-?@\307[\263"..., 26624, MSG_DONTWAIT, NULL, NULL) = 104
31740 1783932357.013998 recvfrom(79, 0x7007512840, 26624, MSG_DONTWAIT, NULL, NULL) = -1 EAGAIN (Try again)
31740 1783932357.070854 recvfrom(79, "h\0\0\0vor_\v\0\0\0\0\0\0\0\16\23\326O*\4\0\0\312\\-?t\230V\263"..., 26624, MSG_DONTWAIT, NULL, NULL) = 104
31740 1783932357.070966 recvfrom(79, 0x7007512840, 26624, MSG_DONTWAIT, NULL, NULL) = -1 EAGAIN (Try again)
31740 1783932357.125510 recvfrom(79, "h\0\0\0vor_\v\0\0\0\0\0\0\0\255\360!S*\4\0\0\312\\-?\252\200Q\263"..., 26624, MSG_DONTWAIT, NULL, NULL) = 104
31740 1783932357.125555 recvfrom(79, 0x7007512840, 26624, MSG_DONTWAIT, NULL, NULL) = -1 EAGAIN (Try again)
31740 1783932357.178001 recvfrom(79, "h\0\0\0vor_\v\0\0\0\0\0\0\0=\314<V*\4\0\0\312\\-?o\177L\263"..., 26624, MSG_DONTWAIT, NULL, NULL) = 104
31740 1783932357.178099 recvfrom(79, 0x7007512840, 26624, MSG_DONTWAIT, NULL, NULL) = -1 EAGAIN (Try again)
31740 1783932357.228025 recvfrom(79, "h\0\0\0vor_\v\0\0\0\0\0\0\0\251g9Y*\4\0\0\312\\-?R\224G\263"..., 26624, MSG_DONTWAIT, NULL, NULL) = 104
31740 1783932357.228114 recvfrom(79, 0x7007512840, 26624, MSG_DONTWAIT, NULL, NULL) = -1 EAGAIN (Try again)
31740 1783932357.278708 recvfrom(79, "h\0\0\0vor_\v\0\0\0\0\0\0\0\300q=\\*\4\0\0\312\\-?\347\276B\263"..., 26624, MSG_DONTWAIT, NULL, NULL) = 104
31740 1783932357.278794 recvfrom(79, 0x7007512840, 26624, MSG_DONTWAIT, NULL, NULL) = -1 EAGAIN (Try again)
31740 1783932357.336165 recvfrom(79, "h\0\0\0vor_\v\0\0\0\0\0\0\0\211\4\250_*\4\0\0\312\\-?\302\376=\263"..., 26624, MSG_DONTWAIT, NULL, NULL) = 104
31740 1783932357.336253 recvfrom(79, 0x7007512840, 26624, MSG_DONTWAIT, NULL, NULL) = -1 EAGAIN (Try again)
31740 1783932357.387863 recvfrom(79, "h\0\0\0vor_\v\0\0\0\0\0\0\0T.\271b*\4\0\0\312\\-?zS9\263"..., 26624, MSG_DONTWAIT, NULL, NULL) = 104
31740 1783932357.387937 recvfrom(79, 0x7007512840, 26624, MSG_DONTWAIT, NULL, NULL) = -1 EAGAIN (Try again)
31740 1783932357.438688 recvfrom(79, "h\0\0\0vor_\v\0\0\0\0\0\0\0B5\272e*\4\0\0\312\\-?\250\2744\263"..., 26624, MSG_DONTWAIT, NULL, NULL) = 104
31740 1783932357.438769 recvfrom(79, 0x7007512840, 26624, MSG_DONTWAIT, NULL, NULL) = -1 EAGAIN (Try again)
31740 1783932357.499015 recvfrom(79, "h\0\0\0vor_\v\0\0\0\0\0\0\0c\6`i*\4\0\0\312\\-?\35290\263"..., 26624, MSG_DONTWAIT, NULL, NULL) = 104
31740 1783932357.499102 recvfrom(79, 0x7007512840, 26624, MSG_DONTWAIT, NULL, NULL) = -1 EAGAIN (Try again)
31740 1783932357.543765 recvfrom(79, "h\0\0\0vor_\v\0\0\0\0\0\0\0006\205\6l*\4\0\0\332\\-?\300g,3"..., 26624, MSG_DONTWAIT, NULL, NULL) = 104
31740 1783932357.543854 recvfrom(79, 0x7007512840, 26624, MSG_DONTWAIT, NULL, NULL) = -1 EAGAIN (Try again)
31740 1783932357.599169 recvfrom(79, "h\0\0\0vor_\v\0\0\0\0\0\0\0/\273Bo*\4\0\0\332\\-?\246|33"..., 26624, MSG_DONTWAIT, NULL, NULL) = 104
31740 1783932357.599446 recvfrom(79, 0x7007512840, 26624, MSG_DONTWAIT, NULL, NULL) = -1 EAGAIN (Try again)
31740 1783932357.649007 recvfrom(79, "h\0\0\0vor_\v\0\0\0\0\0\0\0\306\301Qr*\4\0\0\332\\-?\273k:3"..., 26624, MSG_DONTWAIT, NULL, NULL) = 104
31740 1783932357.649117 recvfrom(79, 0x7007512840, 26624, MSG_DONTWAIT, NULL, NULL) = -1 EAGAIN (Try again)
31740 1783932357.702283 recvfrom(79, "h\0\0\0vor_\v\0\0\0\0\0\0\0\302\250|u*\4\0\0\332\\-?\3125A3"..., 26624, MSG_DONTWAIT, NULL, NULL) = 104
31740 1783932357.702355 recvfrom(79, 0x7007512840, 26624, MSG_DONTWAIT, NULL, NULL) = -1 EAGAIN (Try again)
31740 1783932357.756720 recvfrom(79, "h\0\0\0vor_\v\0\0\0\0\0\0\0\330\320\275x*\4\0\0\332\\-?\232\333G3"..., 26624, MSG_DONTWAIT, NULL, NULL) = 104
31740 1783932357.756786 recvfrom(79, 0x7007512840, 26624, MSG_DONTWAIT, NULL, NULL) = -1 EAGAIN (Try again)
31740 1783932357.808836 recvfrom(79, "h\0\0\0vor_\v\0\0\0\0\0\0\0\351Q\330{*\4\0\0\332\\-?\360]N3"..., 26624, MSG_DONTWAIT, NULL, NULL) = 104
31740 1783932357.808969 recvfrom(79, 0x7007512840, 26624, MSG_DONTWAIT, NULL, NULL) = -1 EAGAIN (Try again)
31740 1783932357.863357 recvfrom(79, "h\0\0\0vor_\v\0\0\0\0\0\0\0\n\34\27\177*\4\0\0\332\\-?\212\275T3"..., 26624, MSG_DONTWAIT, NULL, NULL) = 104
31740 1783932357.863446 recvfrom(79, 0x7007512840, 26624, MSG_DONTWAIT, NULL, NULL) = -1 EAGAIN (Try again)
31740 1783932357.915360 recvfrom(79, "h\0\0\0vor_\v\0\0\0\0\0\0\0\275|2\202*\4\0\0\332\\-? \373Z3"..., 26624, MSG_DONTWAIT, NULL, NULL) = 104
31740 1783932357.915436 recvfrom(79, 0x7007512840, 26624, MSG_DONTWAIT, NULL, NULL) = -1 EAGAIN (Try again)
31740 1783932357.969294 recvfrom(79, "h\0\0\0vor_\v\0\0\0\0\0\0\0\232\0]\205*\4\0\0\332\\-?h\27a3"..., 26624, MSG_DONTWAIT, NULL, NULL) = 104
31740 1783932357.969380 recvfrom(79, 0x7007512840, 26624, MSG_DONTWAIT, NULL, NULL) = -1 EAGAIN (Try again)
31740 1783932358.019139 recvfrom(79, "h\0\0\0vor_\v\0\0\0\0\0\0\0\16hW\210*\4\0\0\354\\-?m\375\0324"..., 26624, MSG_DONTWAIT, NULL, NULL) = 104
31740 1783932358.019477 recvfrom(79, 0x7007512840, 26624, MSG_DONTWAIT, NULL, NULL) = -1 EAGAIN (Try again)
31740 1783932358.070752 recvfrom(79, "h\0\0\0vor_\v\0\0\0\0\0\0\0\235#f\213*\4\0\0\354\\-?\270a\0354"..., 26624, MSG_DONTWAIT, NULL, NULL) = 104
31740 1783932358.070924 recvfrom(79, 0x7007512840, 26624, MSG_DONTWAIT, NULL, NULL) = -1 EAGAIN (Try again)
31740 1783932358.132560 recvfrom(79, "h\0\0\0vor_\v\0\0\0\0\0\0\0f=\324\216*\4\0\0\354\\-?\231\267\0374"..., 26624, MSG_DONTWAIT, NULL, NULL) = 104
31740 1783932358.132842 recvfrom(79, 0x7007512840, 26624, MSG_DONTWAIT, NULL, NULL) = -1 EAGAIN (Try again)
31740 1783932358.181804 recvfrom(79, "h\0\0\0vor_\v\0\0\0\0\0\0\0G\327\352\221*\4\0\0\354\\-?a\377!4"..., 26624, MSG_DONTWAIT, NULL, NULL) = 104
31740 1783932358.181922 recvfrom(79, 0x7007512840, 26624, MSG_DONTWAIT, NULL, NULL) = -1 EAGAIN (Try again)
31740 1783932358.245620 recvfrom(79, "h\0\0\0vor_\v\0\0\0\0\0\0\0\327=\276\225*\4\0\0\354\\-?c9$4"..., 26624, MSG_DONTWAIT, NULL, NULL) = 104
31740 1783932358.245781 recvfrom(79, 0x7007512840, 26624, MSG_DONTWAIT, NULL, NULL) = -1 EAGAIN (Try again)
31740 1783932358.307788 recvfrom(79, "h\0\0\0vor_\v\0\0\0\0\0\0\0r\271\324\230*\4\0\0\354\\-?\354e&4"..., 26624, MSG_DONTWAIT, NULL, NULL) = 104
31740 1783932358.317843 recvfrom(79, 0x7007512840, 26624, MSG_DONTWAIT, NULL, NULL) = -1 EAGAIN (Try again)
31740 1783932358.346190 recvfrom(79, "h\0\0\0vor_\v\0\0\0\0\0\0\0Y\241\337\233*\4\0\0\354\\-?I\205(4"..., 26624, MSG_DONTWAIT, NULL, NULL) = 104
31740 1783932358.346283 recvfrom(79, 0x7007512840, 26624, MSG_DONTWAIT, NULL, NULL) = -1 EAGAIN (Try again)
31740 1783932358.412001 recvfrom(79, "h\0\0\0vor_\v\0\0\0\0\0\0\0\262\34\214\237*\4\0\0\354\\-?\304\227*4"..., 26624, MSG_DONTWAIT, NULL, NULL) = 104
31740 1783932358.412088 recvfrom(79, 0x7007512840, 26624, MSG_DONTWAIT, NULL, NULL) = -1 EAGAIN (Try again)
31740 1783932358.465710 recvfrom(79, "h\0\0\0vor_\v\0\0\0\0\0\0\0$\367\370\242*\4\0\0\354\\-?\247\235,4"..., 26624, MSG_DONTWAIT, NULL, NULL) = 104
31740 1783932358.465805 recvfrom(79, 0x7007512840, 26624, MSG_DONTWAIT, NULL, NULL) = -1 EAGAIN (Try again)
31740 1783932358.525263 recvfrom(79, "h\0\0\0vor_\v\0\0\0\0\0\0\0\302\313_\246*\4\0\0\354\\-?9\227.4"..., 26624, MSG_DONTWAIT, NULL, NULL) = 104
31740 1783932358.525371 recvfrom(79, 0x7007512840, 26624, MSG_DONTWAIT, NULL, NULL) = -1 EAGAIN (Try again)
31740 1783932358.571488 recvfrom(79, "h\0\0\0vor_\v\0\0\0\0\0\0\0*\265G\251*\4\0\0\375\\-?\345\376\2074"..., 26624, MSG_DONTWAIT, NULL, NULL) = 104
31740 1783932358.571566 recvfrom(79, 0x7007512840, 26624, MSG_DONTWAIT, NULL, NULL) = -1 EAGAIN (Try again)
31740 1783932358.621378 recvfrom(79, "h\0\0\0vor_\v\0\0\0\0\0\0\0\254\203C\254*\4\0\0\375\\-?~{\2114"..., 26624, MSG_DONTWAIT, NULL, NULL) = 104
31740 1783932358.621468 recvfrom(79, 0x7007512840, 26624, MSG_DONTWAIT, NULL, NULL) = -1 EAGAIN (Try again)
31740 1783932358.676811 recvfrom(79, "h\0\0\0vor_\v\0\0\0\0\0\0\0\211\213\223\257*\4\0\0\375\\-?V\356\2124"..., 26624, MSG_DONTWAIT, NULL, NULL) = 104
31740 1783932358.676911 recvfrom(79, 0x7007512840, 26624, MSG_DONTWAIT, NULL, NULL) = -1 EAGAIN (Try again)
31740 1783932358.739931 recvfrom(79, "h\0\0\0vor_\v\0\0\0\0\0\0\0i1\0\263*\4\0\0\375\\-?\250W\2144"..., 26624, MSG_DONTWAIT, NULL, NULL) = 104
31740 1783932358.740039 recvfrom(79, 0x7007512840, 26624, MSG_DONTWAIT, NULL, NULL) = -1 EAGAIN (Try again)
31740 1783932358.785171 recvfrom(79, "h\0\0\0vor_\v\0\0\0\0\0\0\0\331\242\v\266*\4\0\0\375\\-?\253\267\2154"..., 26624, MSG_DONTWAIT, NULL, NULL) = 104
31740 1783932358.785516 recvfrom(79, 0x7007512840, 26624, MSG_DONTWAIT, NULL, NULL) = -1 EAGAIN (Try again)
31740 1783932358.844063 recvfrom(79, "h\0\0\0vor_\v\0\0\0\0\0\0\0\263\270\216\271*\4\0\0\375\\-?\231\16\2174"..., 26624, MSG_DONTWAIT, NULL, NULL) = 104
31740 1783932358.844108 recvfrom(79, 0x7007512840, 26624, MSG_DONTWAIT, NULL, NULL) = -1 EAGAIN (Try again)
31740 1783932358.896451 recvfrom(79, "h\0\0\0vor_\v\0\0\0\0\0\0\0\347\277\252\274*\4\0\0\375\\-?\246\\\2204"..., 26624, MSG_DONTWAIT, NULL, NULL) = 104
31740 1783932358.896582 recvfrom(79, 0x7007512840, 26624, MSG_DONTWAIT, NULL, NULL) = -1 EAGAIN (Try again)
31740 1783932358.950786 recvfrom(79, "h\0\0\0vor_\v\0\0\0\0\0\0\0\261N\354\277*\4\0\0\375\\-?\7\242\2214"..., 26624, MSG_DONTWAIT, NULL, NULL) = 104
31740 1783932358.950843 recvfrom(79, 0x7007512840, 26624, MSG_DONTWAIT, NULL, NULL) = -1 EAGAIN (Try again)
31740 1783932359.008046 recvfrom(79, "h\0\0\0vor_\v\0\0\0\0\0\0\0\300\235U\303*\4\0\0\375\\-?\360\336\2224"..., 26624, MSG_DONTWAIT, NULL, NULL) = 104
31740 1783932359.008096 recvfrom(79, 0x7007512840, 26624, MSG_DONTWAIT, NULL, NULL) = -1 EAGAIN (Try again)
31740 1783932359.060196 recvfrom(79, "h\0\0\0vor_\v\0\0\0\0\0\0\0M\261p\306*\4\0\0\375\\-?\222\23\2244"..., 26624, MSG_DONTWAIT, NULL, NULL) = 104
31740 1783932359.060241 recvfrom(79, 0x7007512840, 26624, MSG_DONTWAIT, NULL, NULL) = -1 EAGAIN (Try again)
31740 1783932359.120463 recvfrom(79, "h\0\0\0vor_\v\0\0\0\0\0\0\0\322\f\3\312*\4\0\0\375\\-?\37@\2254"..., 26624, MSG_DONTWAIT, NULL, NULL) = 104
31740 1783932359.120584 recvfrom(79, 0x7007512840, 26624, MSG_DONTWAIT, NULL, NULL) = -1 EAGAIN (Try again)
31740 1783932359.177269 recvfrom(79, "h\0\0\0vor_\v\0\0\0\0\0\0\0\17H_\315*\4\0\0\375\\-?\305d\2264"..., 26624, MSG_DONTWAIT, NULL, NULL) = 104
31740 1783932359.177435 recvfrom(79, 0x7007512840, 26624, MSG_DONTWAIT, NULL, NULL) = -1 EAGAIN (Try again)
31740 1783932359.229276 recvfrom(79, "h\0\0\0vor_\v\0\0\0\0\0\0\0\270i\177\320*\4\0\0\375\\-?\263\201\2274"..., 26624, MSG_DONTWAIT, NULL, NULL) = 104
31740 1783932359.229395 recvfrom(79, 0x7007512840, 26624, MSG_DONTWAIT, NULL, NULL) = -1 EAGAIN (Try again)
31740 1783932359.283531 recvfrom(79, "h\0\0\0vor_\v\0\0\0\0\0\0\0\206\315\270\323*\4\0\0\375\\-?\25\227\2304"..., 26624, MSG_DONTWAIT, NULL, NULL) = 104
31740 1783932359.283803 recvfrom(79, 0x7007512840, 26624, MSG_DONTWAIT, NULL, NULL) = -1 EAGAIN (Try again)
31740 1783932359.340410 recvfrom(79, "h\0\0\0vor_\v\0\0\0\0\0\0\0W~\30\327*\4\0\0\375\\-?\30\245\2314"..., 26624, MSG_DONTWAIT, NULL, NULL) = 104
31740 1783932359.340526 recvfrom(79, 0x7007512840, 26624, MSG_DONTWAIT, NULL, NULL) = -1 EAGAIN (Try again)
31740 1783932359.395496 recvfrom(79, "h\0\0\0vor_\v\0\0\0\0\0\0\0\39f\332*\4\0\0\375\\-?\346\253\2324"..., 26624, MSG_DONTWAIT, NULL, NULL) = 104
31740 1783932359.395655 recvfrom(79, 0x7007512840, 26624, MSG_DONTWAIT, NULL, NULL) = -1 EAGAIN (Try again)
31740 1783932359.445770 recvfrom(79, "h\0\0\0vor_\v\0\0\0\0\0\0\0VYg\335*\4\0\0\375\\-?\250\253\2334"..., 26624, MSG_DONTWAIT, NULL, NULL) = 104
31740 1783932359.445880 recvfrom(79, 0x7007512840, 26624, MSG_DONTWAIT, NULL, NULL) = -1 EAGAIN (Try again)
31740 1783932359.501028 recvfrom(79, "h\0\0\0vor_\v\0\0\0\0\0\0\0d\363\261\340*\4\0\0\375\\-?\207\244\2344"..., 26624, MSG_DONTWAIT, NULL, NULL) = 104
31740 1783932359.501181 recvfrom(79, 0x7007512840, 26624, MSG_DONTWAIT, NULL, NULL) = -1 EAGAIN (Try again)
31740 1783932359.554184 recvfrom(79, "h\0\0\0vor_\v\0\0\0\0\0\0\0\354\317\323\343*\4\0\0\375\\-?\254\226\2354"..., 26624, MSG_DONTWAIT, NULL, NULL) = 104
31740 1783932359.554331 recvfrom(79, 0x7007512840, 26624, MSG_DONTWAIT, NULL, NULL) = -1 EAGAIN (Try again)
31740 1783932359.608480 recvfrom(79, "h\0\0\0vor_\v\0\0\0\0\0\0\0C\304\34\347*\4\0\0\375\\-?=\202\2364"..., 26624, MSG_DONTWAIT, NULL, NULL) = 104
31740 1783932359.608649 recvfrom(79, 0x7007512840, 26624, MSG_DONTWAIT, NULL, NULL) = -1 EAGAIN (Try again)
31740 1783932359.661018 recvfrom(79, "h\0\0\0vor_\v\0\0\0\0\0\0\0\362\20\"\352*\4\0\0\375\\-?^g\2374"..., 26624, MSG_DONTWAIT, NULL, NULL) = 104
31740 1783932359.661082 recvfrom(79, 0x7007512840, 26624, MSG_DONTWAIT, NULL, NULL) = -1 EAGAIN (Try again)
31740 1783932359.711423 recvfrom(79, "h\0\0\0vor_\v\0\0\0\0\0\0\0hxA\355*\4\0\0\375\\-?5F\2404"..., 26624, MSG_DONTWAIT, NULL, NULL) = 104
31740 1783932359.711480 recvfrom(79, 0x7007512840, 26624, MSG_DONTWAIT, NULL, NULL) = -1 EAGAIN (Try again)
31740 1783932359.768278 recvfrom(79, "h\0\0\0vor_\v\0\0\0\0\0\0\0\205\220\201\360*\4\0\0\375\\-?\346\36\2414"..., 26624, MSG_DONTWAIT, NULL, NULL) = 104
31740 1783932359.768363 recvfrom(79, 0x7007512840, 26624, MSG_DONTWAIT, NULL, NULL) = -1 EAGAIN (Try again)
31740 1783932359.816563 recvfrom(79, "h\0\0\0vor_\v\0\0\0\0\0\0\0)\274\206\363*\4\0\0\375\\-?\223\361\2414"..., 26624, MSG_DONTWAIT, NULL, NULL) = 104
31740 1783932359.816635 recvfrom(79, 0x7007512840, 26624, MSG_DONTWAIT, NULL, NULL) = -1 EAGAIN (Try again)
31740 1783932359.873863 recvfrom(79, "h\0\0\0vor_\v\0\0\0\0\0\0\0\300\n\361\366*\4\0\0\375\\-?`\276\2424"..., 26624, MSG_DONTWAIT, NULL, NULL) = 104
31740 1783932359.873940 recvfrom(79, 0x7007512840, 26624, MSG_DONTWAIT, NULL, NULL) = -1 EAGAIN (Try again)
31740 1783932359.926886 recvfrom(79, "h\0\0\0vor_\v\0\0\0\0\0\0\0;\310\33\372*\4\0\0\375\\-?l\205\2434"..., 26624, MSG_DONTWAIT, NULL, NULL) = 104
31740 1783932359.926930 recvfrom(79, 0x7007512840, 26624, MSG_DONTWAIT, NULL, NULL) = -1 EAGAIN (Try again)
31740 1783932359.978995 recvfrom(79, "h\0\0\0vor_\v\0\0\0\0\0\0\0\220\0314\375*\4\0\0\375\\-?\331F\2444"..., 26624, MSG_DONTWAIT, NULL, NULL) = 104
31740 1783932359.979064 recvfrom(79, 0x7007512840, 26624, MSG_DONTWAIT, NULL, NULL) = -1 EAGAIN (Try again)
31740 1783932360.033083 recvfrom(79, "h\0\0\0vor_\v\0\0\0\0\0\0\0\315\323f\0+\4\0\0\375\\-?\306\2\2454"..., 26624, MSG_DONTWAIT, NULL, NULL) = 104
31740 1783932360.033163 recvfrom(79, 0x7007512840, 26624, MSG_DONTWAIT, NULL, NULL) = -1 EAGAIN (Try again)
31740 1783932360.083906 recvfrom(79, "h\0\0\0vor_\v\0\0\0\0\0\0\0\370bw\3+\4\0\0\375\\-?Q\271\2454"..., 26624, MSG_DONTWAIT, NULL, NULL) = 104
31740 1783932360.083974 recvfrom(79, 0x7007512840, 26624, MSG_DONTWAIT, NULL, NULL) = -1 EAGAIN (Try again)
31740 1783932360.135706 recvfrom(79, "h\0\0\0vor_\v\0\0\0\0\0\0\0\277\307\213\6+\4\0\0\375\\-?\232j\2464"..., 26624, MSG_DONTWAIT, NULL, NULL) = 104
31740 1783932360.135763 recvfrom(79, 0x7007512840, 26624, MSG_DONTWAIT, NULL, NULL) = -1 EAGAIN (Try again)
31740 1783932360.187018 recvfrom(79, "h\0\0\0vor_\v\0\0\0\0\0\0\0\342\3\233\t+\4\0\0\375\\-?\275\26\2474"..., 26624, MSG_DONTWAIT, NULL, NULL) = 104
31740 1783932360.187085 recvfrom(79, 0x7007512840, 26624, MSG_DONTWAIT, NULL, NULL) = -1 EAGAIN (Try again)
31740 1783932360.237670 recvfrom(79, "h\0\0\0vor_\v\0\0\0\0\0\0\0I\\\240\f+\4\0\0\375\\-?\327\275\2474"..., 26624, MSG_DONTWAIT, NULL, NULL) = 104
31740 1783932360.237752 recvfrom(79, 0x7007512840, 26624, MSG_DONTWAIT, NULL, NULL) = -1 EAGAIN (Try again)
31740 1783932360.294178 recvfrom(79, "h\0\0\0vor_\v\0\0\0\0\0\0\0E{\377\17+\4\0\0\375\\-?\4`\2504"..., 26624, MSG_DONTWAIT, NULL, NULL) = 104
31740 1783932360.294231 recvfrom(79, 0x7007512840, 26624, MSG_DONTWAIT, NULL, NULL) = -1 EAGAIN (Try again)
31740 1783932360.348522 recvfrom(79, "h\0\0\0vor_\v\0\0\0\0\0\0\0P\27=\23+\4\0\0\375\\-?`\375\2504"..., 26624, MSG_DONTWAIT, NULL, NULL) = 104
31740 1783932360.348588 recvfrom(79, 0x7007512840, 26624, MSG_DONTWAIT, NULL, NULL) = -1 EAGAIN (Try again)
31740 1783932360.407595 recvfrom(79, "h\0\0\0vor_\v\0\0\0\0\0\0\0\330Dz\26+\4\0\0\375\\-?\5\226\2514"..., 26624, MSG_DONTWAIT, NULL, NULL) = 104
31740 1783932360.407658 recvfrom(79, 0x7007512840, 26624, MSG_DONTWAIT, NULL, NULL) = -1 EAGAIN (Try again)
31740 1783932360.454542 recvfrom(79, "h\0\0\0vor_\v\0\0\0\0\0\0\0\3768\216\31+\4\0\0\375\\-?\16*\2524"..., 26624, MSG_DONTWAIT, NULL, NULL) = 104
31740 1783932360.454598 recvfrom(79, 0x7007512840, 26624, MSG_DONTWAIT, NULL, NULL) = -1 EAGAIN (Try again)
31740 1783932360.505028 recvfrom(79, "h\0\0\0vor_\v\0\0\0\0\0\0\0\337\340\216\34+\4\0\0\375\\-?\224\271\2524"..., 26624, MSG_DONTWAIT, NULL, NULL) = 104
31740 1783932360.505140 recvfrom(79, 0x7007512840, 26624, MSG_DONTWAIT, NULL, NULL) = -1 EAGAIN (Try again)
31740 1783932360.556275 recvfrom(79, "h\0\0\0vor_\v\0\0\0\0\0\0\0\322\351\222\37+\4\0\0\375\\-?\260D\2534"..., 26624, MSG_DONTWAIT, NULL, NULL) = 104
31740 1783932360.556413 recvfrom(79, 0x7007512840, 26624, MSG_DONTWAIT, NULL, NULL) = -1 EAGAIN (Try again)
31740 1783932360.612105 recvfrom(79, "h\0\0\0vor_\v\0\0\0\0\0\0\0k.\344\"+\4\0\0\375\\-?z\313\2534"..., 26624, MSG_DONTWAIT, NULL, NULL) = 104
31740 1783932360.612236 recvfrom(79, 0x7007512840, 26624, MSG_DONTWAIT, NULL, NULL) = -1 EAGAIN (Try again)
31740 1783932360.659354 recvfrom(79, "h\0\0\0vor_\v\0\0\0\0\0\0\0\5\237\302%+\4\0\0\16]-?\270B\3334"..., 26624, MSG_DONTWAIT, NULL, NULL) = 104
31740 1783932360.659414 recvfrom(79, 0x7007512840, 26624, MSG_DONTWAIT, NULL, NULL) = -1 EAGAIN (Try again)
31740 1783932360.714313 recvfrom(79, "h\0\0\0vor_\v\0\0\0\0\0\0\0\335\311\n)+\4\0\0\16]-?\314:\3344"..., 26624, MSG_DONTWAIT, NULL, NULL) = 104
31740 1783932360.714358 recvfrom(79, 0x7007512840, 26624, MSG_DONTWAIT, NULL, NULL) = -1 EAGAIN (Try again)
31740 1783932360.765623 recvfrom(79, "h\0\0\0vor_\v\0\0\0\0\0\0\0|.\30,+\4\0\0\16]-?\212+\3354"..., 26624, MSG_DONTWAIT, NULL, NULL) = 104
31740 1783932360.765673 recvfrom(79, 0x7007512840, 26624, MSG_DONTWAIT, NULL, NULL) = -1 EAGAIN (Try again)
31740 1783932360.821517 recvfrom(79, "h\0\0\0vor_\v\0\0\0\0\0\0\0g\32j/+\4\0\0\16]-?\33\25\3364"..., 26624, MSG_DONTWAIT, NULL, NULL) = 104
31740 1783932360.821695 recvfrom(79, 0x7007512840, 26624, MSG_DONTWAIT, NULL, NULL) = -1 EAGAIN (Try again)
31740 1783932360.875934 recvfrom(79, "h\0\0\0vor_\v\0\0\0\0\0\0\0\7-\2542+\4\0\0\16]-?\252\367\3364"..., 26624, MSG_DONTWAIT, NULL, NULL) = 104
31740 1783932360.875994 recvfrom(79, 0x7007512840, 26624, MSG_DONTWAIT, NULL, NULL) = -1 EAGAIN (Try again)
31740 1783932360.928894 recvfrom(79, "h\0\0\0vor_\v\0\0\0\0\0\0\0\375\226\3255+\4\0\0\16]-?^\323\3374"..., 26624, MSG_DONTWAIT, NULL, NULL) = 104
31740 1783932360.928933 recvfrom(79, 0x7007512840, 26624, MSG_DONTWAIT, NULL, NULL) = -1 EAGAIN (Try again)
31740 1783932360.983195 recvfrom(79, "h\0\0\0vor_\v\0\0\0\0\0\0\0v\270\n9+\4\0\0\16]-?_\250\3404"..., 26624, MSG_DONTWAIT, NULL, NULL) = 104
31740 1783932360.983400 recvfrom(79, 0x7007512840, 26624, MSG_DONTWAIT, NULL, NULL) = -1 EAGAIN (Try again)
31740 1783932361.037546 recvfrom(79, "h\0\0\0vor_\v\0\0\0\0\0\0\0\267YH<+\4\0\0\16]-?\324v\3414"..., 26624, MSG_DONTWAIT, NULL, NULL) = 104
31740 1783932361.037630 recvfrom(79, 0x7007512840, 26624, MSG_DONTWAIT, NULL, NULL) = -1 EAGAIN (Try again)
31740 1783932361.094182 recvfrom(79, "h\0\0\0vor_\v\0\0\0\0\0\0\0S\333\256?+\4\0\0\16]-?\341>\3424"..., 26624, MSG_DONTWAIT, NULL, NULL) = 104
31740 1783932361.094251 recvfrom(79, 0x7007512840, 26624, MSG_DONTWAIT, NULL, NULL) = -1 EAGAIN (Try again)
31740 1783932361.149059 recvfrom(79, "h\0\0\0vor_\v\0\0\0\0\0\0\0N\261\363B+\4\0\0\16]-?\254\0\3434"..., 26624, MSG_DONTWAIT, NULL, NULL) = 104
31740 1783932361.149093 recvfrom(79, 0x7007512840, 26624, MSG_DONTWAIT, NULL, NULL) = -1 EAGAIN (Try again)
31740 1783932361.208033 recvfrom(79, "h\0\0\0vor_\v\0\0\0\0\0\0\0\363d1F+\4\0\0\16]-?X\274\3434"..., 26624, MSG_DONTWAIT, NULL, NULL) = 104
31740 1783932361.208094 recvfrom(79, 0x7007512840, 26624, MSG_DONTWAIT, NULL, NULL) = -1 EAGAIN (Try again)
31740 1783932361.256316 recvfrom(79, "h\0\0\0vor_\v\0\0\0\0\0\0\0~SXI+\4\0\0\16]-?\7r\3444"..., 26624, MSG_DONTWAIT, NULL, NULL) = 104
31740 1783932361.256375 recvfrom(79, 0x7007512840, 26624, MSG_DONTWAIT, NULL, NULL) = -1 EAGAIN (Try again)
31740 1783932361.313118 recvfrom(79, "h\0\0\0vor_\v\0\0\0\0\0\0\0\367\321\274L+\4\0\0\16]-?\333!\3454"..., 26624, MSG_DONTWAIT, NULL, NULL) = 104
31740 1783932361.313152 recvfrom(79, 0x7007512840, 26624, MSG_DONTWAIT, NULL, NULL) = -1 EAGAIN (Try again)
31740 1783932361.366927 recvfrom(79, "h\0\0\0vor_\v\0\0\0\0\0\0\0\344Y\356O+\4\0\0\16]-?\366\313\3454"..., 26624, MSG_DONTWAIT, NULL, NULL) = 104
31740 1783932361.366990 recvfrom(79, 0x7007512840, 26624, MSG_DONTWAIT, NULL, NULL) = -1 EAGAIN (Try again)
31740 1783932361.419057 recvfrom(79, "h\0\0\0vor_\v\0\0\0\0\0\0\0<\220\0S+\4\0\0\16]-?wp\3464"..., 26624, MSG_DONTWAIT, NULL, NULL) = 104
31740 1783932361.419113 recvfrom(79, 0x7007512840, 26624, MSG_DONTWAIT, NULL, NULL) = -1 EAGAIN (Try again)
31740 1783932361.471374 recvfrom(79, "h\0\0\0vor_\v\0\0\0\0\0\0\0\231\5#V+\4\0\0\16]-?\177\17\3474"..., 26624, MSG_DONTWAIT, NULL, NULL) = 104
31740 1783932361.471574 recvfrom(79, 0x7007512840, 26624, MSG_DONTWAIT, NULL, NULL) = -1 EAGAIN (Try again)
31740 1783932361.521178 recvfrom(79, "h\0\0\0vor_\v\0\0\0\0\0\0\0U\331\37Y+\4\0\0\16]-?,\251\3474"..., 26624, MSG_DONTWAIT, NULL, NULL) = 104
31740 1783932361.521205 recvfrom(79, 0x7007512840, 26624, MSG_DONTWAIT, NULL, NULL) = -1 EAGAIN (Try again)
31740 1783932361.575978 recvfrom(79, "h\0\0\0vor_\v\0\0\0\0\0\0\0\0302Z\\+\4\0\0\16]-?\234=\3504"..., 26624, MSG_DONTWAIT, NULL, NULL) = 104
31740 1783932361.576054 recvfrom(79, 0x7007512840, 26624, MSG_DONTWAIT, NULL, NULL) = -1 EAGAIN (Try again)
31740 1783932361.626475 recvfrom(79, "h\0\0\0vor_\v\0\0\0\0\0\0\0\344\322e_+\4\0\0\16]-?\355\314\3504"..., 26624, MSG_DONTWAIT, NULL, NULL) = 104
31740 1783932361.626638 recvfrom(79, 0x7007512840, 26624, MSG_DONTWAIT, NULL, NULL) = -1 EAGAIN (Try again)
31740 1783932361.679176 recvfrom(79, "h\0\0\0vor_\v\0\0\0\0\0\0\0p\271\213b+\4\0\0\16]-?;W\3514"..., 26624, MSG_DONTWAIT, NULL, NULL) = 104
31740 1783932361.679233 recvfrom(79, 0x7007512840, 26624, MSG_DONTWAIT, NULL, NULL) = -1 EAGAIN (Try again)
31761 1783932361.691034 openat(AT_FDCWD, "/data/misc/profiles/cur/0/app.organicmaps/primary.prof", O_RDWR|O_NOFOLLOW|O_CLOEXEC) = 80
31761 1783932361.691843 newfstatat(AT_FDCWD, "/data/misc/profiles/cur/0/app.organicmaps/primary.prof", {st_mode=S_IFREG|0600, st_size=21174, ...}, 0) = 0
31740 1783932361.729475 recvfrom(79, "h\0\0\0vor_\v\0\0\0\0\0\0\0\275\315\215e+\4\0\0\16]-?\242\334\3514"..., 26624, MSG_DONTWAIT, NULL, NULL) = 104
31740 1783932361.729509 recvfrom(79, 0x7007512840, 26624, MSG_DONTWAIT, NULL, NULL) = -1 EAGAIN (Try again)
31740 1783932361.785536 recvfrom(79, "h\0\0\0vor_\v\0\0\0\0\0\0\0B\260\341h+\4\0\0\16]-?>]\3524"..., 26624, MSG_DONTWAIT, NULL, NULL) = 104
31740 1783932361.785574 recvfrom(79, 0x7007512840, 26624, MSG_DONTWAIT, NULL, NULL) = -1 EAGAIN (Try again)
31740 1783932361.836489 recvfrom(79, "h\0\0\0vor_\v\0\0\0\0\0\0\0%\336\354k+\4\0\0\16]-?)\331\3524"..., 26624, MSG_DONTWAIT, NULL, NULL) = 104
31740 1783932361.836610 recvfrom(79, 0x7007512840, 26624, MSG_DONTWAIT, NULL, NULL) = -1 EAGAIN (Try again)
31740 1783932361.895869 recvfrom(79, "h\0\0\0vor_\v\0\0\0\0\0\0\0 \30wo+\4\0\0\16]-?}P\3534"..., 26624, MSG_DONTWAIT, NULL, NULL) = 104
31740 1783932361.895899 recvfrom(79, 0x7007512840, 26624, MSG_DONTWAIT, NULL, NULL) = -1 EAGAIN (Try again)
31740 1783932361.956393 recvfrom(79, "h\0\0\0vor_\v\0\0\0\0\0\0\0\0244\5s+\4\0\0\16]-?T\303\3534"..., 26624, MSG_DONTWAIT, NULL, NULL) = 104
31740 1783932361.956559 recvfrom(79, 0x7007512840, 26624, MSG_DONTWAIT, NULL, NULL) = -1 EAGAIN (Try again)
31740 1783932362.008357 recvfrom(79, "h\0\0\0vor_\v\0\0\0\0\0\0\0\5\362\37v+\4\0\0\16]-?\3061\3544"..., 26624, MSG_DONTWAIT, NULL, NULL) = 104
31740 1783932362.008516 recvfrom(79, 0x7007512840, 26624, MSG_DONTWAIT, NULL, NULL) = -1 EAGAIN (Try again)
31740 1783932362.064165 recvfrom(79, "h\0\0\0vor_\v\0\0\0\0\0\0\0w\215ny+\4\0\0\16]-?\355\233\3544"..., 26624, MSG_DONTWAIT, NULL, NULL) = 104
31740 1783932362.064313 recvfrom(79, 0x7007512840, 26624, MSG_DONTWAIT, NULL, NULL) = -1 EAGAIN (Try again)
31740 1783932362.117034 recvfrom(79, "h\0\0\0vor_\v\0\0\0\0\0\0\0\26>\231|+\4\0\0\16]-?\336\1\3554"..., 26624, MSG_DONTWAIT, NULL, NULL) = 104
31740 1783932362.117188 recvfrom(79, 0x7007512840, 26624, MSG_DONTWAIT, NULL, NULL) = -1 EAGAIN (Try again)
31740 1783932362.168434 recvfrom(79, "h\0\0\0vor_\v\0\0\0\0\0\0\0>K\262\177+\4\0\0\16]-?\263c\3554"..., 26624, MSG_DONTWAIT, NULL, NULL) = 104
31740 1783932362.168479 recvfrom(79, 0x7007512840, 26624, MSG_DONTWAIT, NULL, NULL) = -1 EAGAIN (Try again)
31740 1783932362.222951 recvfrom(79, "h\0\0\0vor_\v\0\0\0\0\0\0\0\274\243\366\202+\4\0\0\16]-?\202\301\3554"..., 26624, MSG_DONTWAIT, NULL, NULL) = 104
31740 1783932362.223012 recvfrom(79, 0x7007512840, 26624, MSG_DONTWAIT, NULL, NULL) = -1 EAGAIN (Try again)
31740 1783932362.273838 recvfrom(79, "h\0\0\0vor_\v\0\0\0\0\0\0\0\263P\0\206+\4\0\0\16]-?`\33\3564"..., 26624, MSG_DONTWAIT, NULL, NULL) = 104
31740 1783932362.273871 recvfrom(79, 0x7007512840, 26624, MSG_DONTWAIT, NULL, NULL) = -1 EAGAIN (Try again)
31740 1783932362.325685 recvfrom(79, "h\0\0\0vor_\v\0\0\0\0\0\0\0o\5\27\211+\4\0\0\16]-?dq\3564"..., 26624, MSG_DONTWAIT, NULL, NULL) = 104
31740 1783932362.325748 recvfrom(79, 0x7007512840, 26624, MSG_DONTWAIT, NULL, NULL) = -1 EAGAIN (Try again)
31740 1783932362.378553 recvfrom(79, "h\0\0\0vor_\v\0\0\0\0\0\0\0>\331;\214+\4\0\0\16]-?\243\303\3564"..., 26624, MSG_DONTWAIT, NULL, NULL) = 104
31740 1783932362.378828 recvfrom(79, 0x7007512840, 26624, MSG_DONTWAIT, NULL, NULL) = -1 EAGAIN (Try again)
31740 1783932362.389963 recvfrom(261, "\2\0\0\0\0\0\0\0\267\20\0\0\0\0\0\0\0\251\307\214+\4\0\0\1\0\0\0\2\20\0\0"..., 2272, MSG_DONTWAIT, NULL, NULL) = 232
31740 1783932362.390875 sendto(261, "\3\0\0\0\0\0\0\0\267\20\0\0\1\0\0\0", 16, MSG_DONTWAIT|MSG_NOSIGNAL, NULL, 0) = 16
31740 1783932362.391101 recvfrom(261, 0x6ffd11b420, 2272, MSG_DONTWAIT, NULL, NULL) = -1 EAGAIN (Try again)
31740 1783932362.392082 recvfrom(261, "\2\0\0\0\0\0\0\0\271\20\0\0\0\0\0\0\0\251\307\214+\4\0\0\1\0\0\0\2\20\0\0"..., 2272, MSG_DONTWAIT, NULL, NULL) = 232
31740 1783932362.392570 sendto(261, "\3\0\0\0\0\0\0\0\271\20\0\0\1\0\0\0", 16, MSG_DONTWAIT|MSG_NOSIGNAL, NULL, 0) = 16
31740 1783932362.392977 recvfrom(261, 0x6ffd11b420, 2272, MSG_DONTWAIT, NULL, NULL) = -1 EAGAIN (Try again)
31834 1783932362.398488 sendmsg(258, {msg_name=NULL, msg_namelen=0, msg_iov=[{iov_base="l\1\1\1\310\0\0\0j\0\0\0\235\0\0\0\1\1o\0;\0\0\0/re/frid"..., iov_len=376}], msg_iovlen=1, msg_controllen=0, msg_flags=0}, MSG_NOSIGNAL) = 376
31740 1783932362.401897 openat(AT_FDCWD, "/data/user/0/app.organicmaps/files/settings.ini", O_WRONLY|O_CREAT|O_TRUNC, 0666) = 80
31740 1783932362.403162 recvfrom(38, 0x7fd67a9c40, 3200, MSG_DONTWAIT, NULL, NULL) = -1 EAGAIN (Try again)
31740 1783932362.479076 recvfrom(38, "nysv\0\0\0\0\0\0\0\0\0\0\0\0\304\271\235\216+\4\0\09/\4\0\0\0\0\0", 3200, MSG_DONTWAIT, NULL, NULL) = 32
31740 1783932362.481447 recvfrom(38, 0x7fd67ab450, 3200, MSG_DONTWAIT, NULL, NULL) = -1 EAGAIN (Try again)
31740 1783932362.481912 recvfrom(79, "h\0\0\0vor_\v\0\0\0\0\0\0\0003\200r\217+\4\0\0\16]-?0\22\3574"..., 26624, MSG_DONTWAIT, NULL, NULL) = 104
31740 1783932362.482450 recvfrom(79, 0x7007512840, 26624, MSG_DONTWAIT, NULL, NULL) = -1 EAGAIN (Try again)
31740 1783932362.482844 recvfrom(261, 0x6ffd11b420, 2272, MSG_DONTWAIT, NULL, NULL) = -1 EAGAIN (Try again)
31740 1783932362.483221 recvfrom(73, 0x70706dd020, 2272, MSG_DONTWAIT, NULL, NULL) = -1 EAGAIN (Try again)
31765 1783932362.500009 faccessat(AT_FDCWD, "/data/user/0/app.organicmaps/shared_prefs/OrganicMapsPrefs.xml", F_OK) = 0
31765 1783932362.500302 faccessat(AT_FDCWD, "/data/user/0/app.organicmaps/shared_prefs/OrganicMapsPrefs.xml.bak", F_OK) = -1 ENOENT (No such file or directory)
31765 1783932362.501120 renameat(AT_FDCWD, "/data/user/0/app.organicmaps/shared_prefs/OrganicMapsPrefs.xml", AT_FDCWD, "/data/user/0/app.organicmaps/shared_prefs/OrganicMapsPrefs.xml.bak") = 0
31765 1783932362.526278 openat(AT_FDCWD, "/data/user/0/app.organicmaps/shared_prefs/OrganicMapsPrefs.xml", O_WRONLY|O_CREAT|O_TRUNC, 0600) = 80
31765 1783932362.568961 getsockopt(80, SOL_SOCKET, SO_ERROR, 0x70756b0454, [4]) = -1 ENOTSOCK (Socket operation on non-socket)
31765 1783932362.570283 fchmodat(AT_FDCWD, "/data/user/0/app.organicmaps/shared_prefs/OrganicMapsPrefs.xml", 0660) = 0
31765 1783932362.585584 newfstatat(AT_FDCWD, "/data/user/0/app.organicmaps/shared_prefs/OrganicMapsPrefs.xml", {st_mode=S_IFREG|0660, st_size=513, ...}, 0) = 0
31765 1783932362.647713 unlinkat(AT_FDCWD, "/data/user/0/app.organicmaps/shared_prefs/OrganicMapsPrefs.xml.bak", 0) = 0
31834 1783932362.653162 sendmsg(258, {msg_name=NULL, msg_namelen=0, msg_iov=[{iov_base="l\1\1\1\f\1\0\0k\0\0\0\235\0\0\0\1\1o\0;\0\0\0/re/frid"..., iov_len=444}], msg_iovlen=1, msg_controllen=0, msg_flags=0}, MSG_NOSIGNAL) = 444
31740 1783932362.799731 recvfrom(79, "h\0\0\0vor_\v\0\0\0\0\0\0\0o\343\240\222+\4\0\0\16]-?!]\3574"..., 26624, MSG_DONTWAIT, NULL, NULL) = 104
31740 1783932362.800974 recvfrom(79, "h\0\0\0vor_\v\0\0\0\0\0\0\0\2321$\226+\4\0\0\16]-?\212\244\3574"..., 26624, MSG_DONTWAIT, NULL, NULL) = 104
31740 1783932362.801536 recvfrom(79, "h\0\0\0vor_\v\0\0\0\0\0\0\0V%\10\231+\4\0\0\37]-?\306\221\0175"..., 26624, MSG_DONTWAIT, NULL, NULL) = 104
31740 1783932362.802791 recvfrom(79, "h\0\0\0vor_\v\0\0\0\0\0\0\0\260df\234+\4\0\0\37]-?z\354\0175"..., 26624, MSG_DONTWAIT, NULL, NULL) = 104
31740 1783932362.803712 recvfrom(79, "h\0\0\0vor_\v\0\0\0\0\0\0\0005\267j\237+\4\0\0\37]-?\2D\0205"..., 26624, MSG_DONTWAIT, NULL, NULL) = 104
31740 1783932362.804799 recvfrom(79, "h\0\0\0vor_\v\0\0\0\0\0\0\0O'|\242+\4\0\0\37]-?q\230\0205"..., 26624, MSG_DONTWAIT, NULL, NULL) = 104
31740 1783932362.807056 recvfrom(79, "h\0\0\0vor_\v\0\0\0\0\0\0\0\4\271\211\245+\4\0\0\37]-?\330\351\0205"..., 26624, MSG_DONTWAIT, NULL, NULL) = 104
31740 1783932362.809833 recvfrom(79, 0x7007512840, 26624, MSG_DONTWAIT, NULL, NULL) = -1 EAGAIN (Try again)
31740 1783932362.821115 recvfrom(38, 0x7fd67aaa60, 3200, MSG_DONTWAIT, NULL, NULL) = -1 EAGAIN (Try again)
31740 1783932362.837959 recvfrom(38, "nysv\0\0\0\0\0\0\0\0\0\0\0\0.gx\247+\4\0\0R/\4\0\0\0\0\0", 3200, MSG_DONTWAIT, NULL, NULL) = 32
31740 1783932362.838584 recvfrom(38, 0x7fd67ab450, 3200, MSG_DONTWAIT, NULL, NULL) = -1 EAGAIN (Try again)
31740 1783932362.839899 recvfrom(261, 0x6ffd11b420, 2272, MSG_DONTWAIT, NULL, NULL) = -1 EAGAIN (Try again)
31834 1783932362.882647 sendmsg(258, {msg_name=NULL, msg_namelen=0, msg_iov=[{iov_base="l\1\1\1\0\1\0\0l\0\0\0\235\0\0\0\1\1o\0;\0\0\0/re/frid"..., iov_len=432}], msg_iovlen=1, msg_controllen=0, msg_flags=0}, MSG_NOSIGNAL) = 432
31834 1783932362.906100 sendmsg(258, {msg_name=NULL, msg_namelen=0, msg_iov=[{iov_base="l\1\1\1\0\1\0\0m\0\0\0\235\0\0\0\1\1o\0;\0\0\0/re/frid"..., iov_len=432}], msg_iovlen=1, msg_controllen=0, msg_flags=0}, MSG_NOSIGNAL) = 432
31834 1783932362.938737 sendmsg(258, {msg_name=NULL, msg_namelen=0, msg_iov=[{iov_base="l\1\1\1\0\1\0\0n\0\0\0\235\0\0\0\1\1o\0;\0\0\0/re/frid"..., iov_len=432}], msg_iovlen=1, msg_controllen=0, msg_flags=0}, MSG_NOSIGNAL) = 432
31834 1783932362.975811 sendmsg(258, {msg_name=NULL, msg_namelen=0, msg_iov=[{iov_base="l\1\1\1\0\1\0\0o\0\0\0\235\0\0\0\1\1o\0;\0\0\0/re/frid"..., iov_len=432}], msg_iovlen=1, msg_controllen=0, msg_flags=0}, MSG_NOSIGNAL) = 432
31834 1783932363.002691 sendmsg(258, {msg_name=NULL, msg_namelen=0, msg_iov=[{iov_base="l\1\1\1\0\1\0\0p\0\0\0\235\0\0\0\1\1o\0;\0\0\0/re/frid"..., iov_len=432}], msg_iovlen=1, msg_controllen=0, msg_flags=0}, MSG_NOSIGNAL) = 432
31834 1783932363.044221 sendmsg(258, {msg_name=NULL, msg_namelen=0, msg_iov=[{iov_base="l\1\1\1\0\1\0\0q\0\0\0\235\0\0\0\1\1o\0;\0\0\0/re/frid"..., iov_len=432}], msg_iovlen=1, msg_controllen=0, msg_flags=0}, MSG_NOSIGNAL) = 432
31834 1783932363.094505 sendmsg(258, {msg_name=NULL, msg_namelen=0, msg_iov=[{iov_base="l\1\1\1\0\1\0\0r\0\0\0\235\0\0\0\1\1o\0;\0\0\0/re/frid"..., iov_len=432}], msg_iovlen=1, msg_controllen=0, msg_flags=0}, MSG_NOSIGNAL) = 432
31834 1783932363.122122 sendmsg(258, {msg_name=NULL, msg_namelen=0, msg_iov=[{iov_base="l\1\1\1\0\1\0\0s\0\0\0\235\0\0\0\1\1o\0;\0\0\0/re/frid"..., iov_len=432}], msg_iovlen=1, msg_controllen=0, msg_flags=0}, MSG_NOSIGNAL) = 432
31834 1783932363.154695 sendmsg(258, {msg_name=NULL, msg_namelen=0, msg_iov=[{iov_base="l\1\1\1\0\1\0\0t\0\0\0\235\0\0\0\1\1o\0;\0\0\0/re/frid"..., iov_len=432}], msg_iovlen=1, msg_controllen=0, msg_flags=0}, MSG_NOSIGNAL) = 432
31834 1783932363.181017 sendmsg(258, {msg_name=NULL, msg_namelen=0, msg_iov=[{iov_base="l\1\1\1\0\1\0\0u\0\0\0\235\0\0\0\1\1o\0;\0\0\0/re/frid"..., iov_len=432}], msg_iovlen=1, msg_controllen=0, msg_flags=0}, MSG_NOSIGNAL) = 432
31740 1783932363.186363 recvfrom(38, 0x7fd67aa6d0, 3200, MSG_DONTWAIT, NULL, NULL) = -1 EAGAIN (Try again)
31740 1783932363.216083 recvfrom(38, "nysv\0\0\0\0\0\0\0\0\0\0\0\0\333\372V\275+\4\0\0h/\4\0\0\0\0\0", 3200, MSG_DONTWAIT, NULL, NULL) = 32
31740 1783932363.216750 recvfrom(38, 0x7fd67ab450, 3200, MSG_DONTWAIT, NULL, NULL) = -1 EAGAIN (Try again)
31740 1783932363.217616 recvfrom(79, "h\0\0\0vor_\v\0\0\0\0\0\0\0U\232\230\250+\4\0\0\37]-?G8\0215"..., 26624, MSG_DONTWAIT, NULL, NULL) = 104
31740 1783932363.218329 recvfrom(79, "h\0\0\0vor_\v\0\0\0\0\0\0\0\35\344\303\253+\4\0\0\37]-?\320\203\0215"..., 26624, MSG_DONTWAIT, NULL, NULL) = 104
31740 1783932363.218907 recvfrom(79, "h\0\0\0vor_\v\0\0\0\0\0\0\0\4\177-\257+\4\0\0\37]-?\203\314\0215"..., 26624, MSG_DONTWAIT, NULL, NULL) = 104
31740 1783932363.220401 recvfrom(79, "h\0\0\0vor_\v\0\0\0\0\0\0\00036S\262+\4\0\0\37]-?p\22\0225"..., 26624, MSG_DONTWAIT, NULL, NULL) = 104
31740 1783932363.221341 recvfrom(79, "h\0\0\0vor_\v\0\0\0\0\0\0\0\261\322b\265+\4\0\0\37]-?\246U\0225"..., 26624, MSG_DONTWAIT, NULL, NULL) = 104
31740 1783932363.222279 recvfrom(79, "h\0\0\0vor_\v\0\0\0\0\0\0\0\253\264j\270+\4\0\0\37]-?4\226\0225"..., 26624, MSG_DONTWAIT, NULL, NULL) = 104
31740 1783932363.222768 recvfrom(79, "h\0\0\0vor_\v\0\0\0\0\0\0\0\21&\203\273+\4\0\0\37]-?)\324\0225"..., 26624, MSG_DONTWAIT, NULL, NULL) = 104
31740 1783932363.223777 recvfrom(79, 0x7007512840, 26624, MSG_DONTWAIT, NULL, NULL) = -1 EAGAIN (Try again)
31740 1783932363.231059 recvfrom(79, "h\0\0\0vor_\v\0\0\0\0\0\0\0DQ\361\276+\4\0\0\37]-?\224\17\0235"..., 26624, MSG_DONTWAIT, NULL, NULL) = 104
31740 1783932363.232718 recvfrom(79, 0x7007512840, 26624, MSG_DONTWAIT, NULL, NULL) = -1 EAGAIN (Try again)
31740 1783932363.234474 recvfrom(261, 0x6ffd11b420, 2272, MSG_DONTWAIT, NULL, NULL) = -1 EAGAIN (Try again)
31834 1783932363.275702 sendmsg(258, {msg_name=NULL, msg_namelen=0, msg_iov=[{iov_base="l\1\1\1\0\1\0\0v\0\0\0\235\0\0\0\1\1o\0;\0\0\0/re/frid"..., iov_len=432}], msg_iovlen=1, msg_controllen=0, msg_flags=0}, MSG_NOSIGNAL) = 432
31834 1783932363.302252 sendmsg(258, {msg_name=NULL, msg_namelen=0, msg_iov=[{iov_base="l\1\1\1\0\1\0\0w\0\0\0\235\0\0\0\1\1o\0;\0\0\0/re/frid"..., iov_len=432}], msg_iovlen=1, msg_controllen=0, msg_flags=0}, MSG_NOSIGNAL) = 432
31834 1783932363.342908 sendmsg(258, {msg_name=NULL, msg_namelen=0, msg_iov=[{iov_base="l\1\1\1\0\1\0\0x\0\0\0\235\0\0\0\1\1o\0;\0\0\0/re/frid"..., iov_len=432}], msg_iovlen=1, msg_controllen=0, msg_flags=0}, MSG_NOSIGNAL) = 432
31834 1783932363.385935 sendmsg(258, {msg_name=NULL, msg_namelen=0, msg_iov=[{iov_base="l\1\1\1\0\1\0\0y\0\0\0\235\0\0\0\1\1o\0;\0\0\0/re/frid"..., iov_len=432}], msg_iovlen=1, msg_controllen=0, msg_flags=0}, MSG_NOSIGNAL) = 432
31834 1783932363.432837 sendmsg(258, {msg_name=NULL, msg_namelen=0, msg_iov=[{iov_base="l\1\1\1\0\1\0\0z\0\0\0\235\0\0\0\1\1o\0;\0\0\0/re/frid"..., iov_len=432}], msg_iovlen=1, msg_controllen=0, msg_flags=0}, MSG_NOSIGNAL) = 432
31834 1783932363.503220 sendmsg(258, {msg_name=NULL, msg_namelen=0, msg_iov=[{iov_base="l\1\1\1\0\1\0\0{\0\0\0\235\0\0\0\1\1o\0;\0\0\0/re/frid"..., iov_len=432}], msg_iovlen=1, msg_controllen=0, msg_flags=0}, MSG_NOSIGNAL) = 432
31834 1783932363.504495 sendmsg(258, {msg_name=NULL, msg_namelen=0, msg_iov=[{iov_base="l\1\1\1\0\1\0\0|\0\0\0\235\0\0\0\1\1o\0;\0\0\0/re/frid"..., iov_len=432}], msg_iovlen=1, msg_controllen=0, msg_flags=0}, MSG_NOSIGNAL) = 432
31740 1783932363.505665 recvfrom(79, "h\0\0\0vor_\v\0\0\0\0\0\0\0f2\351\301+\4\0\0001]-?`\247+5"..., 26624, MSG_DONTWAIT, NULL, NULL) = 104
31740 1783932363.505705 recvfrom(79, "h\0\0\0vor_\v\0\0\0\0\0\0\0\254\272\5\305+\4\0\0001]-?\242#,5"..., 26624, MSG_DONTWAIT, NULL, NULL) = 104
31740 1783932363.505718 recvfrom(79, "h\0\0\0vor_\v\0\0\0\0\0\0\0\322\24D\310+\4\0\0001]-?\251\233,5"..., 26624, MSG_DONTWAIT, NULL, NULL) = 104
31740 1783932363.505729 recvfrom(79, "h\0\0\0vor_\v\0\0\0\0\0\0\0{\225=\313+\4\0\0B]-?\33\260E5"..., 26624, MSG_DONTWAIT, NULL, NULL) = 104
31740 1783932363.505741 recvfrom(79, "h\0\0\0vor_\v\0\0\0\0\0\0\0\362;{\316+\4\0\0A]-?DvF5"..., 26624, MSG_DONTWAIT, NULL, NULL) = 104
31740 1783932363.505751 recvfrom(79, 0x7007512840, 26624, MSG_DONTWAIT, NULL, NULL) = -1 EAGAIN (Try again)
31740 1783932363.505775 recvfrom(38, 0x7fd67aac40, 3200, MSG_DONTWAIT, NULL, NULL) = -1 EAGAIN (Try again)
31834 1783932363.506051 sendmsg(258, {msg_name=NULL, msg_namelen=0, msg_iov=[{iov_base="l\1\1\1\0\1\0\0}\0\0\0\235\0\0\0\1\1o\0;\0\0\0/re/frid"..., iov_len=432}], msg_iovlen=1, msg_controllen=0, msg_flags=0}, MSG_NOSIGNAL) = 432
31740 1783932363.519545 recvfrom(38, "nysv\0\0\0\0\0\0\0\0\0\0\0\0Z\2219\320+\4\0\0{/\4\0\0\0\0\0", 3200, MSG_DONTWAIT, NULL, NULL) = 32
31740 1783932363.519737 recvfrom(38, 0x7fd67ab450, 3200, MSG_DONTWAIT, NULL, NULL) = -1 EAGAIN (Try again)
31740 1783932363.519871 recvfrom(261, 0x6ffd11b420, 2272, MSG_DONTWAIT, NULL, NULL) = -1 EAGAIN (Try again)
31740 1783932363.520000 recvfrom(38, 0x7fd67ab3b0, 3200, MSG_DONTWAIT, NULL, NULL) = -1 EAGAIN (Try again)
31834 1783932363.522964 sendmsg(258, {msg_name=NULL, msg_namelen=0, msg_iov=[{iov_base="l\1\1\1\0\1\0\0~\0\0\0\235\0\0\0\1\1o\0;\0\0\0/re/frid"..., iov_len=432}], msg_iovlen=1, msg_controllen=0, msg_flags=0}, MSG_NOSIGNAL) = 432
31834 1783932363.524463 sendmsg(258, {msg_name=NULL, msg_namelen=0, msg_iov=[{iov_base="l\1\1\1\0\1\0\0\177\0\0\0\235\0\0\0\1\1o\0;\0\0\0/re/frid"..., iov_len=432}], msg_iovlen=1, msg_controllen=0, msg_flags=0}, MSG_NOSIGNAL) = 432
31740 1783932363.537200 recvfrom(38, "nysv\0\0\0\0\0\0\0\0\0\0\0\09\3147\321+\4\0\0|/\4\0\0\0\0\0", 3200, MSG_DONTWAIT, NULL, NULL) = 32
31740 1783932363.537522 recvfrom(38, 0x7fd67ab450, 3200, MSG_DONTWAIT, NULL, NULL) = -1 EAGAIN (Try again)
31740 1783932363.537649 recvfrom(38, 0x7fd67aaa60, 3200, MSG_DONTWAIT, NULL, NULL) = -1 EAGAIN (Try again)
31740 1783932363.591789 recvfrom(38, "nysv\0\0\0\0\0\0\0\0\0\0\0\0*>6\322+\4\0\0}/\4\0\0\0\0\0", 3200, MSG_DONTWAIT, NULL, NULL) = 32
31740 1783932363.591835 recvfrom(38, 0x7fd67ab450, 3200, MSG_DONTWAIT, NULL, NULL) = -1 EAGAIN (Try again)
31740 1783932363.591914 recvfrom(79, "h\0\0\0vor_\v\0\0\0\0\0\0\0\34\n\326\321+\4\0\0A]-?\r6G5"..., 26624, MSG_DONTWAIT, NULL, NULL) = 104
31740 1783932363.591957 recvfrom(79, 0x7007512840, 26624, MSG_DONTWAIT, NULL, NULL) = -1 EAGAIN (Try again)
31740 1783932363.592041 recvfrom(261, 0x6ffd11b420, 2272, MSG_DONTWAIT, NULL, NULL) = -1 EAGAIN (Try again)
31740 1783932363.592100 recvfrom(38, 0x7fd67aaa60, 3200, MSG_DONTWAIT, NULL, NULL) = -1 EAGAIN (Try again)
31740 1783932363.675406 recvfrom(38, "nysv\0\0\0\0\0\0\0\0\0\0\0\0\255\2161\325+\4\0\0\200/\4\0\0\0\0\0", 3200, MSG_DONTWAIT, NULL, NULL) = 32
31740 1783932363.675460 recvfrom(38, 0x7fd67ab450, 3200, MSG_DONTWAIT, NULL, NULL) = -1 EAGAIN (Try again)
31740 1783932363.675486 recvfrom(79, "h\0\0\0vor_\v\0\0\0\0\0\0\0\3134\10\325+\4\0\0A]-?\230\357G5"..., 26624, MSG_DONTWAIT, NULL, NULL) = 104
31740 1783932363.675556 recvfrom(79, "h\0\0\0vor_\v\0\0\0\0\0\0\0r\270\236\330+\4\0\0A]-?\r\243H5"..., 26624, MSG_DONTWAIT, NULL, NULL) = 104
31740 1783932363.675572 recvfrom(79, 0x7007512840, 26624, MSG_DONTWAIT, NULL, NULL) = -1 EAGAIN (Try again)
31740 1783932363.675591 recvfrom(261, 0x6ffd11b420, 2272, MSG_DONTWAIT, NULL, NULL) = -1 EAGAIN (Try again)
31740 1783932363.675665 recvfrom(38, 0x7fd67aaa60, 3200, MSG_DONTWAIT, NULL, NULL) = -1 EAGAIN (Try again)
31740 1783932363.701189 recvfrom(38, "nysv\0\0\0\0\0\0\0\0\0\0\0\0\216\310)\332+\4\0\0\205/\4\0\0\0\0\0", 3200, MSG_DONTWAIT, NULL, NULL) = 32
31740 1783932363.701311 recvfrom(38, 0x7fd67ab450, 3200, MSG_DONTWAIT, NULL, NULL) = -1 EAGAIN (Try again)
31740 1783932363.701639 recvfrom(261, 0x6ffd11b420, 2272, MSG_DONTWAIT, NULL, NULL) = -1 EAGAIN (Try again)
31740 1783932363.701700 recvfrom(38, 0x7fd67aaa60, 3200, MSG_DONTWAIT, NULL, NULL) = -1 EAGAIN (Try again)
31740 1783932363.731413 recvfrom(38, "nysv\0\0\0\0\0\0\0\0\0\0\0\0H5(\333+\4\0\0\206/\4\0\0\0\0\0", 3200, MSG_DONTWAIT, NULL, NULL) = 32
31740 1783932363.731586 recvfrom(38, 0x7fd67ab450, 3200, MSG_DONTWAIT, NULL, NULL) = -1 EAGAIN (Try again)
31740 1783932363.731887 recvfrom(79, "h\0\0\0vor_\v\0\0\0\0\0\0\0\26\233\304\333+\4\0\0A]-?\221PI5"..., 26624, MSG_DONTWAIT, NULL, NULL) = 104
31740 1783932363.731977 recvfrom(79, 0x7007512840, 26624, MSG_DONTWAIT, NULL, NULL) = -1 EAGAIN (Try again)
31740 1783932363.732007 recvfrom(261, 0x6ffd11b420, 2272, MSG_DONTWAIT, NULL, NULL) = -1 EAGAIN (Try again)
31740 1783932363.732079 recvfrom(38, 0x7fd67aaa60, 3200, MSG_DONTWAIT, NULL, NULL) = -1 EAGAIN (Try again)
31740 1783932363.763624 recvfrom(38, "nysv\0\0\0\0\0\0\0\0\0\0\0\0\257\221$\335+\4\0\0\210/\4\0\0\0\0\0", 3200, MSG_DONTWAIT, NULL, NULL) = 32
31740 1783932363.763673 recvfrom(38, 0x7fd67ab450, 3200, MSG_DONTWAIT, NULL, NULL) = -1 EAGAIN (Try again)
31740 1783932363.763734 recvfrom(261, 0x6ffd11b420, 2272, MSG_DONTWAIT, NULL, NULL) = -1 EAGAIN (Try again)
31740 1783932363.763787 recvfrom(38, 0x7fd67aaa60, 3200, MSG_DONTWAIT, NULL, NULL) = -1 EAGAIN (Try again)
31740 1783932363.801498 recvfrom(79, "h\0\0\0vor_\v\0\0\0\0\0\0\0T\213\375\336+\4\0\0A]-?H\370I5"..., 26624, MSG_DONTWAIT, NULL, NULL) = 104
31740 1783932363.801566 recvfrom(79, 0x7007512840, 26624, MSG_DONTWAIT, NULL, NULL) = -1 EAGAIN (Try again)
31740 1783932363.801579 recvfrom(38, "nysv\0\0\0\0\0\0\0\0\0\0\0\0\0235!\337+\4\0\0\212/\4\0\0\0\0\0", 3200, MSG_DONTWAIT, NULL, NULL) = 32
31740 1783932363.801595 recvfrom(38, 0x7fd67ab450, 3200, MSG_DONTWAIT, NULL, NULL) = -1 EAGAIN (Try again)
31740 1783932363.801624 recvfrom(261, 0x6ffd11b420, 2272, MSG_DONTWAIT, NULL, NULL) = -1 EAGAIN (Try again)
31740 1783932363.801672 recvfrom(38, 0x7fd67aaa60, 3200, MSG_DONTWAIT, NULL, NULL) = -1 EAGAIN (Try again)
31740 1783932363.834635 recvfrom(79, "h\0\0\0vor_\v\0\0\0\0\0\0\0 K\5\342+\4\0\0A]-?T\232J5"..., 26624, MSG_DONTWAIT, NULL, NULL) = 104
31740 1783932363.834729 recvfrom(79, 0x7007512840, 26624, MSG_DONTWAIT, NULL, NULL) = -1 EAGAIN (Try again)
31740 1783932363.834745 recvfrom(38, "nysv\0\0\0\0\0\0\0\0\0\0\0\0002&\36\341+\4\0\0\214/\4\0\0\0\0\0", 3200, MSG_DONTWAIT, NULL, NULL) = 32
31740 1783932363.834766 recvfrom(38, 0x7fd67ab450, 3200, MSG_DONTWAIT, NULL, NULL) = -1 EAGAIN (Try again)
31740 1783932363.834997 recvfrom(261, 0x6ffd11b420, 2272, MSG_DONTWAIT, NULL, NULL) = -1 EAGAIN (Try again)
31740 1783932363.835046 recvfrom(38, 0x7fd67aaa60, 3200, MSG_DONTWAIT, NULL, NULL) = -1 EAGAIN (Try again)
31740 1783932363.873659 recvfrom(38, "nysv\0\0\0\0\0\0\0\0\0\0\0\0D\375\32\343+\4\0\0\216/\4\0\0\0\0\0", 3200, MSG_DONTWAIT, NULL, NULL) = 32
31740 1783932363.873702 recvfrom(38, 0x7fd67ab450, 3200, MSG_DONTWAIT, NULL, NULL) = -1 EAGAIN (Try again)
31740 1783932363.873793 recvfrom(261, 0x6ffd11b420, 2272, MSG_DONTWAIT, NULL, NULL) = -1 EAGAIN (Try again)
31740 1783932363.873855 recvfrom(38, 0x7fd67aaa60, 3200, MSG_DONTWAIT, NULL, NULL) = -1 EAGAIN (Try again)
31740 1783932363.903110 recvfrom(79, "h\0\0\0vor_\v\0\0\0\0\0\0\0\374\315\206\345+\4\0\0A]-?\3306K5"..., 26624, MSG_DONTWAIT, NULL, NULL) = 104
31740 1783932363.903206 recvfrom(79, 0x7007512840, 26624, MSG_DONTWAIT, NULL, NULL) = -1 EAGAIN (Try again)
31740 1783932363.903218 recvfrom(38, "nysv\0\0\0\0\0\0\0\0\0\0\0\0\276\5\26\346+\4\0\0\221/\4\0\0\0\0\0", 3200, MSG_DONTWAIT, NULL, NULL) = 32
31740 1783932363.903236 recvfrom(38, 0x7fd67ab450, 3200, MSG_DONTWAIT, NULL, NULL) = -1 EAGAIN (Try again)
31740 1783932363.903573 recvfrom(261, 0x6ffd11b420, 2272, MSG_DONTWAIT, NULL, NULL) = -1 EAGAIN (Try again)
31740 1783932363.926913 recvfrom(79, "h\0\0\0vor_\v\0\0\0\0\0\0\0\214D\207\350+\4\0\0A]-?\364\315K5"..., 26624, MSG_DONTWAIT, NULL, NULL) = 104
31740 1783932363.926965 recvfrom(79, 0x7007512840, 26624, MSG_DONTWAIT, NULL, NULL) = -1 EAGAIN (Try again)
31740 1783932363.978422 recvfrom(79, "h\0\0\0vor_\v\0\0\0\0\0\0\0\32\1\227\353+\4\0\0A]-?\311_L5"..., 26624, MSG_DONTWAIT, NULL, NULL) = 104
31740 1783932363.978485 recvfrom(79, 0x7007512840, 26624, MSG_DONTWAIT, NULL, NULL) = -1 EAGAIN (Try again)
31740 1783932364.029624 recvfrom(79, "h\0\0\0vor_\v\0\0\0\0\0\0\0\372d\247\356+\4\0\0A]-?v\354L5"..., 26624, MSG_DONTWAIT, NULL, NULL) = 104
31740 1783932364.029676 recvfrom(79, 0x7007512840, 26624, MSG_DONTWAIT, NULL, NULL) = -1 EAGAIN (Try again)
31740 1783932364.080537 recvfrom(79, "h\0\0\0vor_\v\0\0\0\0\0\0\0\rG\254\361+\4\0\0A]-?\32tM5"..., 26624, MSG_DONTWAIT, NULL, NULL) = 104
31740 1783932364.080588 recvfrom(79, 0x7007512840, 26624, MSG_DONTWAIT, NULL, NULL) = -1 EAGAIN (Try again)
31740 1783932364.135884 recvfrom(79, "h\0\0\0vor_\v\0\0\0\0\0\0\0%\353\373\364+\4\0\0A]-?\323\366M5"..., 26624, MSG_DONTWAIT, NULL, NULL) = 104
31740 1783932364.135933 recvfrom(79, 0x7007512840, 26624, MSG_DONTWAIT, NULL, NULL) = -1 EAGAIN (Try again)
31740 1783932364.188467 recvfrom(79, "h\0\0\0vor_\v\0\0\0\0\0\0\0\2634\35\370+\4\0\0A]-?\276tN5"..., 26624, MSG_DONTWAIT, NULL, NULL) = 104
31740 1783932364.188526 recvfrom(79, 0x7007512840, 26624, MSG_DONTWAIT, NULL, NULL) = -1 EAGAIN (Try again)
31740 1783932364.243446 recvfrom(79, "h\0\0\0vor_\v\0\0\0\0\0\0\0\221\211_\373+\4\0\0A]-?\370\355N5"..., 26624, MSG_DONTWAIT, NULL, NULL) = 104
31740 1783932364.243523 recvfrom(79, 0x7007512840, 26624, MSG_DONTWAIT, NULL, NULL) = -1 EAGAIN (Try again)
31740 1783932364.299053 recvfrom(79, "h\0\0\0vor_\v\0\0\0\0\0\0\0\313\232\244\376+\4\0\0A]-?\234bO5"..., 26624, MSG_DONTWAIT, NULL, NULL) = 104
31740 1783932364.299144 recvfrom(79, 0x7007512840, 26624, MSG_DONTWAIT, NULL, NULL) = -1 EAGAIN (Try again)
31740 1783932364.352267 recvfrom(79, "h\0\0\0vor_\v\0\0\0\0\0\0\0\205\233\337\1,\4\0\0A]-?\305\322O5"..., 26624, MSG_DONTWAIT, NULL, NULL) = 104
31740 1783932364.352328 recvfrom(79, 0x7007512840, 26624, MSG_DONTWAIT, NULL, NULL) = -1 EAGAIN (Try again)
31740 1783932364.406110 recvfrom(79, "h\0\0\0vor_\v\0\0\0\0\0\0\0003\336\24\5,\4\0\0A]-?\215>P5"..., 26624, MSG_DONTWAIT, NULL, NULL) = 104
31740 1783932364.406141 recvfrom(79, 0x7007512840, 26624, MSG_DONTWAIT, NULL, NULL) = -1 EAGAIN (Try again)
31740 1783932364.463465 recvfrom(79, "h\0\0\0vor_\v\0\0\0\0\0\0\0X\251\201\10,\4\0\0A]-?\17\246P5"..., 26624, MSG_DONTWAIT, NULL, NULL) = 104
31740 1783932364.463503 recvfrom(79, 0x7007512840, 26624, MSG_DONTWAIT, NULL, NULL) = -1 EAGAIN (Try again)
31740 1783932364.513600 recvfrom(79, "h\0\0\0vor_\v\0\0\0\0\0\0\0\0352\201\v,\4\0\0A]-?c\tQ5"..., 26624, MSG_DONTWAIT, NULL, NULL) = 104
31740 1783932364.513653 recvfrom(79, 0x7007512840, 26624, MSG_DONTWAIT, NULL, NULL) = -1 EAGAIN (Try again)
31740 1783932364.567003 recvfrom(79, "h\0\0\0vor_\v\0\0\0\0\0\0\0zf\257\16,\4\0\0A]-?\242hQ5"..., 26624, MSG_DONTWAIT, NULL, NULL) = 104
31740 1783932364.567052 recvfrom(79, 0x7007512840, 26624, MSG_DONTWAIT, NULL, NULL) = -1 EAGAIN (Try again)
31740 1783932364.623337 recvfrom(79, "h\0\0\0vor_\v\0\0\0\0\0\0\0\231\236\n\22,\4\0\0A]-?\344\303Q5"..., 26624, MSG_DONTWAIT, NULL, NULL) = 104
31740 1783932364.623382 recvfrom(79, 0x7007512840, 26624, MSG_DONTWAIT, NULL, NULL) = -1 EAGAIN (Try again)
31740 1783932364.678279 recvfrom(79, "h\0\0\0vor_\v\0\0\0\0\0\0\0001\313P\25,\4\0\0A]-?@\33R5"..., 26624, MSG_DONTWAIT, NULL, NULL) = 104
31740 1783932364.678332 recvfrom(79, 0x7007512840, 26624, MSG_DONTWAIT, NULL, NULL) = -1 EAGAIN (Try again)
31740 1783932364.731942 recvfrom(79, "h\0\0\0vor_\v\0\0\0\0\0\0\0\16\225\203\30,\4\0\0A]-?\314nR5"..., 26624, MSG_DONTWAIT, NULL, NULL) = 104
31740 1783932364.731990 recvfrom(79, 0x7007512840, 26624, MSG_DONTWAIT, NULL, NULL) = -1 EAGAIN (Try again)
31740 1783932364.783927 recvfrom(79, "h\0\0\0vor_\v\0\0\0\0\0\0\0\241\237\235\33,\4\0\0A]-?\240\276R5"..., 26624, MSG_DONTWAIT, NULL, NULL) = 104
31740 1783932364.783968 recvfrom(79, 0x7007512840, 26624, MSG_DONTWAIT, NULL, NULL) = -1 EAGAIN (Try again)
31740 1783932364.836965 recvfrom(79, "h\0\0\0vor_\v\0\0\0\0\0\0\0\1\34\310\36,\4\0\0A]-?\320\nS5"..., 26624, MSG_DONTWAIT, NULL, NULL) = 104
31740 1783932364.837000 recvfrom(79, 0x7007512840, 26624, MSG_DONTWAIT, NULL, NULL) = -1 EAGAIN (Try again)
31740 1783932364.889330 recvfrom(79, "h\0\0\0vor_\v\0\0\0\0\0\0\0\352\4\343!,\4\0\0A]-?rSS5"..., 26624, MSG_DONTWAIT, NULL, NULL) = 104
31740 1783932364.889407 recvfrom(79, 0x7007512840, 26624, MSG_DONTWAIT, NULL, NULL) = -1 EAGAIN (Try again)
31740 1783932364.940319 recvfrom(79, "h\0\0\0vor_\v\0\0\0\0\0\0\0\232\230\352$,\4\0\0A]-?\232\230S5"..., 26624, MSG_DONTWAIT, NULL, NULL) = 104
31740 1783932364.940382 recvfrom(79, 0x7007512840, 26624, MSG_DONTWAIT, NULL, NULL) = -1 EAGAIN (Try again)
31740 1783932364.991986 recvfrom(79, "h\0\0\0vor_\v\0\0\0\0\0\0\0001\262\367',\4\0\0A]-?]\332S5"..., 26624, MSG_DONTWAIT, NULL, NULL) = 104
31740 1783932364.992077 recvfrom(79, 0x7007512840, 26624, MSG_DONTWAIT, NULL, NULL) = -1 EAGAIN (Try again)
31740 1783932365.044880 recvfrom(79, "h\0\0\0vor_\v\0\0\0\0\0\0\0S$*+,\4\0\0A]-?\316\30T5"..., 26624, MSG_DONTWAIT, NULL, NULL) = 104
31740 1783932365.044940 recvfrom(79, 0x7007512840, 26624, MSG_DONTWAIT, NULL, NULL) = -1 EAGAIN (Try again)
31740 1783932365.099766 recvfrom(79, "h\0\0\0vor_\v\0\0\0\0\0\0\0\5$q.,\4\0\0A]-?\1TT5"..., 26624, MSG_DONTWAIT, NULL, NULL) = 104
31740 1783932365.099810 recvfrom(79, 0x7007512840, 26624, MSG_DONTWAIT, NULL, NULL) = -1 EAGAIN (Try again)
31740 1783932365.159818 recvfrom(79, "h\0\0\0vor_\v\0\0\0\0\0\0\0b\306\0052,\4\0\0A]-?\7\214T5"..., 26624, MSG_DONTWAIT, NULL, NULL) = 104
31740 1783932365.160135 recvfrom(79, 0x7007512840, 26624, MSG_DONTWAIT, NULL, NULL) = -1 EAGAIN (Try again)
31740 1783932365.213417 recvfrom(79, "h\0\0\0vor_\v\0\0\0\0\0\0\0U\34(5,\4\0\0A]-?\364\300T5"..., 26624, MSG_DONTWAIT, NULL, NULL) = 104
31740 1783932365.213564 recvfrom(79, 0x7007512840, 26624, MSG_DONTWAIT, NULL, NULL) = -1 EAGAIN (Try again)
31740 1783932365.271633 recvfrom(79, "h\0\0\0vor_\v\0\0\0\0\0\0\0\217G\2468,\4\0\0A]-?\331\362T5"..., 26624, MSG_DONTWAIT, NULL, NULL) = 104
31740 1783932365.271788 recvfrom(79, 0x7007512840, 26624, MSG_DONTWAIT, NULL, NULL) = -1 EAGAIN (Try again)
31740 1783932365.324792 recvfrom(79, "h\0\0\0vor_\v\0\0\0\0\0\0\0\250\244\326;,\4\0\0A]-?\310!U5"..., 26624, MSG_DONTWAIT, NULL, NULL) = 104
31740 1783932365.324878 recvfrom(79, 0x7007512840, 26624, MSG_DONTWAIT, NULL, NULL) = -1 EAGAIN (Try again)
31740 1783932365.384101 recvfrom(79, "h\0\0\0vor_\v\0\0\0\0\0\0\0#EX?,\4\0\0A]-?\322MU5"..., 26624, MSG_DONTWAIT, NULL, NULL) = 104
31740 1783932365.384255 recvfrom(79, 0x7007512840, 26624, MSG_DONTWAIT, NULL, NULL) = -1 EAGAIN (Try again)
31740 1783932365.437822 recvfrom(79, "h\0\0\0vor_\v\0\0\0\0\0\0\0\276~\217B,\4\0\0A]-?\10wU5"..., 26624, MSG_DONTWAIT, NULL, NULL) = 104
31740 1783932365.437976 recvfrom(79, 0x7007512840, 26624, MSG_DONTWAIT, NULL, NULL) = -1 EAGAIN (Try again)
31740 1783932365.487812 recvfrom(79, "h\0\0\0vor_\v\0\0\0\0\0\0\0\215\33\220E,\4\0\0A]-?y\235U5"..., 26624, MSG_DONTWAIT, NULL, NULL) = 104
31740 1783932365.487873 recvfrom(79, 0x7007512840, 26624, MSG_DONTWAIT, NULL, NULL) = -1 EAGAIN (Try again)
31740 1783932365.542797 recvfrom(79, "h\0\0\0vor_\v\0\0\0\0\0\0\0\273\35\331H,\4\0\0A]-?6\301U5"..., 26624, MSG_DONTWAIT, NULL, NULL) = 104
31740 1783932365.542831 recvfrom(79, 0x7007512840, 26624, MSG_DONTWAIT, NULL, NULL) = -1 EAGAIN (Try again)
31740 1783932365.599703 recvfrom(79, "h\0\0\0vor_\v\0\0\0\0\0\0\0]\3246L,\4\0\0A]-?N\342U5"..., 26624, MSG_DONTWAIT, NULL, NULL) = 104
31740 1783932365.599809 recvfrom(79, 0x7007512840, 26624, MSG_DONTWAIT, NULL, NULL) = -1 EAGAIN (Try again)
31740 1783932365.655783 recvfrom(79, "h\0\0\0vor_\v\0\0\0\0\0\0\0r\2\215O,\4\0\0A]-?\321\0V5"..., 26624, MSG_DONTWAIT, NULL, NULL) = 104
31740 1783932365.655850 recvfrom(79, 0x7007512840, 26624, MSG_DONTWAIT, NULL, NULL) = -1 EAGAIN (Try again)
31740 1783932365.707865 recvfrom(79, "h\0\0\0vor_\v\0\0\0\0\0\0\0\201\16\257R,\4\0\0A]-?\315\34V5"..., 26624, MSG_DONTWAIT, NULL, NULL) = 104
31740 1783932365.707917 recvfrom(79, 0x7007512840, 26624, MSG_DONTWAIT, NULL, NULL) = -1 EAGAIN (Try again)
31740 1783932365.763103 recvfrom(79, "h\0\0\0vor_\v\0\0\0\0\0\0\0\353\337\372U,\4\0\0A]-?P6V5"..., 26624, MSG_DONTWAIT, NULL, NULL) = 104
31740 1783932365.763158 recvfrom(79, 0x7007512840, 26624, MSG_DONTWAIT, NULL, NULL) = -1 EAGAIN (Try again)
31740 1783932365.816044 recvfrom(79, "h\0\0\0vor_\v\0\0\0\0\0\0\0\324\t Y,\4\0\0A]-?iMV5"..., 26624, MSG_DONTWAIT, NULL, NULL) = 104
31740 1783932365.816104 recvfrom(79, 0x7007512840, 26624, MSG_DONTWAIT, NULL, NULL) = -1 EAGAIN (Try again)
31740 1783932365.866127 recvfrom(79, "h\0\0\0vor_\v\0\0\0\0\0\0\0K\"\37\\,\4\0\0A]-?&bV5"..., 26624, MSG_DONTWAIT, NULL, NULL) = 104
31740 1783932365.866184 recvfrom(79, 0x7007512840, 26624, MSG_DONTWAIT, NULL, NULL) = -1 EAGAIN (Try again)
31740 1783932365.919783 recvfrom(79, "h\0\0\0vor_\v\0\0\0\0\0\0\0N8Q_,\4\0\0A]-?\224tV5"..., 26624, MSG_DONTWAIT, NULL, NULL) = 104
31740 1783932365.919807 recvfrom(79, 0x7007512840, 26624, MSG_DONTWAIT, NULL, NULL) = -1 EAGAIN (Try again)
31740 1783932365.974820 recvfrom(79, "h\0\0\0vor_\v\0\0\0\0\0\0\0\f!\230b,\4\0\0A]-?\300\204V5"..., 26624, MSG_DONTWAIT, NULL, NULL) = 104
31740 1783932365.975010 recvfrom(79, 0x7007512840, 26624, MSG_DONTWAIT, NULL, NULL) = -1 EAGAIN (Try again)
31740 1783932366.025655 recvfrom(79, "h\0\0\0vor_\v\0\0\0\0\0\0\0\214\312\237e,\4\0\0A]-?\267\222V5"..., 26624, MSG_DONTWAIT, NULL, NULL) = 104
31740 1783932366.025713 recvfrom(79, 0x7007512840, 26624, MSG_DONTWAIT, NULL, NULL) = -1 EAGAIN (Try again)
31740 1783932366.075992 recvfrom(79, "h\0\0\0vor_\v\0\0\0\0\0\0\0\1\0\240h,\4\0\0A]-?\206\236V5"..., 26624, MSG_DONTWAIT, NULL, NULL) = 104
31740 1783932366.076042 recvfrom(79, 0x7007512840, 26624, MSG_DONTWAIT, NULL, NULL) = -1 EAGAIN (Try again)
31740 1783932366.130918 recvfrom(79, "h\0\0\0vor_\v\0\0\0\0\0\0\0CQ\350k,\4\0\0A]-?9\250V5"..., 26624, MSG_DONTWAIT, NULL, NULL) = 104
31740 1783932366.130955 recvfrom(79, 0x7007512840, 26624, MSG_DONTWAIT, NULL, NULL) = -1 EAGAIN (Try again)
31740 1783932366.181513 recvfrom(79, "h\0\0\0vor_\v\0\0\0\0\0\0\0]&\350n,\4\0\0A]-?\335\257V5"..., 26624, MSG_DONTWAIT, NULL, NULL) = 104
31740 1783932366.181543 recvfrom(79, 0x7007512840, 26624, MSG_DONTWAIT, NULL, NULL) = -1 EAGAIN (Try again)
31740 1783932366.233637 recvfrom(79, "h\0\0\0vor_\v\0\0\0\0\0\0\0001\310\4r,\4\0\0A]-?|\265V5"..., 26624, MSG_DONTWAIT, NULL, NULL) = 104
31740 1783932366.233712 recvfrom(79, 0x7007512840, 26624, MSG_DONTWAIT, NULL, NULL) = -1 EAGAIN (Try again)
31740 1783932366.289083 recvfrom(79, "h\0\0\0vor_\v\0\0\0\0\0\0\0\"&Tu,\4\0\0A]-?#\271V5"..., 26624, MSG_DONTWAIT, NULL, NULL) = 104
31740 1783932366.289132 recvfrom(79, 0x7007512840, 26624, MSG_DONTWAIT, NULL, NULL) = -1 EAGAIN (Try again)
31740 1783932366.344117 recvfrom(79, "h\0\0\0vor_\v\0\0\0\0\0\0\0\306>\235x,\4\0\0A]-?\334\272V5"..., 26624, MSG_DONTWAIT, NULL, NULL) = 104
31740 1783932366.344146 recvfrom(79, 0x7007512840, 26624, MSG_DONTWAIT, NULL, NULL) = -1 EAGAIN (Try again)
31740 1783932366.401586 recvfrom(79, "h\0\0\0vor_\v\0\0\0\0\0\0\0\3311\5|,\4\0\0A]-?\264\272V5"..., 26624, MSG_DONTWAIT, NULL, NULL) = 104
31740 1783932366.401628 recvfrom(79, 0x7007512840, 26624, MSG_DONTWAIT, NULL, NULL) = -1 EAGAIN (Try again)
31740 1783932366.452246 recvfrom(79, "h\0\0\0vor_\v\0\0\0\0\0\0\0\300\242\16\177,\4\0\0A]-?\263\270V5"..., 26624, MSG_DONTWAIT, NULL, NULL) = 104
31740 1783932366.452315 recvfrom(79, 0x7007512840, 26624, MSG_DONTWAIT, NULL, NULL) = -1 EAGAIN (Try again)
31740 1783932366.503056 recvfrom(79, "h\0\0\0vor_\v\0\0\0\0\0\0\0\275\334\24\202,\4\0\0A]-?\346\264V5"..., 26624, MSG_DONTWAIT, NULL, NULL) = 104
31740 1783932366.503196 recvfrom(79, 0x7007512840, 26624, MSG_DONTWAIT, NULL, NULL) = -1 EAGAIN (Try again)
31740 1783932366.559431 recvfrom(79, "h\0\0\0vor_\v\0\0\0\0\0\0\0X\264o\205,\4\0\0A]-?V\257V5"..., 26624, MSG_DONTWAIT, NULL, NULL) = 104
31740 1783932366.559455 recvfrom(79, 0x7007512840, 26624, MSG_DONTWAIT, NULL, NULL) = -1 EAGAIN (Try again)
31740 1783932366.613192 recvfrom(79, "h\0\0\0vor_\v\0\0\0\0\0\0\0Z{\236\210,\4\0\0A]-?\16\250V5"..., 26624, MSG_DONTWAIT, NULL, NULL) = 104
31740 1783932366.613254 recvfrom(79, 0x7007512840, 26624, MSG_DONTWAIT, NULL, NULL) = -1 EAGAIN (Try again)
31740 1783932366.623921 recvfrom(38, 0x7fd67aa930, 3200, MSG_DONTWAIT, NULL, NULL) = -1 EAGAIN (Try again)
31740 1783932366.635764 recvfrom(38, "nysv\0\0\0\0\0\0\0\0\0\0\0\0&\26\362\211,\4\0\00060\4\0\0\0\0\0", 3200, MSG_DONTWAIT, NULL, NULL) = 32
31740 1783932366.635797 recvfrom(38, 0x7fd67ab450, 3200, MSG_DONTWAIT, NULL, NULL) = -1 EAGAIN (Try again)
31740 1783932366.635952 recvfrom(261, 0x6ffd11b420, 2272, MSG_DONTWAIT, NULL, NULL) = -1 EAGAIN (Try again)
31740 1783932366.636360 recvfrom(38, 0x7fd67ab3b0, 3200, MSG_DONTWAIT, NULL, NULL) = -1 EAGAIN (Try again)
31740 1783932366.651783 recvfrom(38, "nysv\0\0\0\0\0\0\0\0\0\0\0\0-\260\360\212,\4\0\00070\4\0\0\0\0\0", 3200, MSG_DONTWAIT, NULL, NULL) = 32
31740 1783932366.651909 recvfrom(38, 0x7fd67ab450, 3200, MSG_DONTWAIT, NULL, NULL) = -1 EAGAIN (Try again)
31740 1783932366.652004 recvfrom(38, 0x7fd67aaa60, 3200, MSG_DONTWAIT, NULL, NULL) = -1 EAGAIN (Try again)
31740 1783932366.668794 recvfrom(38, "nysv\0\0\0\0\0\0\0\0\0\0\0\0\314C\357\213,\4\0\080\4\0\0\0\0\0", 3200, MSG_DONTWAIT, NULL, NULL) = 32
31740 1783932366.668861 recvfrom(38, 0x7fd67ab450, 3200, MSG_DONTWAIT, NULL, NULL) = -1 EAGAIN (Try again)
31740 1783932366.669304 recvfrom(261, 0x6ffd11b420, 2272, MSG_DONTWAIT, NULL, NULL) = -1 EAGAIN (Try again)
31740 1783932366.669596 recvfrom(38, 0x7fd67aaa60, 3200, MSG_DONTWAIT, NULL, NULL) = -1 EAGAIN (Try again)
31740 1783932366.674709 recvfrom(79, "h\0\0\0vor_\v\0\0\0\0\0\0\0\200\n\377\213,\4\0\0A]-?\30\237V5"..., 26624, MSG_DONTWAIT, NULL, NULL) = 104
31740 1783932366.674749 recvfrom(79, 0x7007512840, 26624, MSG_DONTWAIT, NULL, NULL) = -1 EAGAIN (Try again)
31740 1783932366.684847 recvfrom(38, "nysv\0\0\0\0\0\0\0\0\0\0\0\0V\347\355\214,\4\0\090\4\0\0\0\0\0", 3200, MSG_DONTWAIT, NULL, NULL) = 32
31740 1783932366.684869 recvfrom(38, 0x7fd67ab450, 3200, MSG_DONTWAIT, NULL, NULL) = -1 EAGAIN (Try again)
31740 1783932366.684902 recvfrom(261, 0x6ffd11b420, 2272, MSG_DONTWAIT, NULL, NULL) = -1 EAGAIN (Try again)
31740 1783932366.684943 recvfrom(38, 0x7fd67aaa60, 3200, MSG_DONTWAIT, NULL, NULL) = -1 EAGAIN (Try again)
31740 1783932366.710332 recvfrom(38, "nysv\0\0\0\0\0\0\0\0\0\0\0\0\30i\354\215,\4\0\0:0\4\0\0\0\0\0", 3200, MSG_DONTWAIT, NULL, NULL) = 32
31740 1783932366.710399 recvfrom(38, 0x7fd67ab450, 3200, MSG_DONTWAIT, NULL, NULL) = -1 EAGAIN (Try again)
31740 1783932366.710458 recvfrom(261, 0x6ffd11b420, 2272, MSG_DONTWAIT, NULL, NULL) = -1 EAGAIN (Try again)
31740 1783932366.710532 recvfrom(38, 0x7fd67aaa60, 3200, MSG_DONTWAIT, NULL, NULL) = -1 EAGAIN (Try again)
31740 1783932366.726499 recvfrom(38, "nysv\0\0\0\0\0\0\0\0\0\0\0\0W\t\353\216,\4\0\0;0\4\0\0\0\0\0", 3200, MSG_DONTWAIT, NULL, NULL) = 32
31740 1783932366.726529 recvfrom(38, 0x7fd67ab450, 3200, MSG_DONTWAIT, NULL, NULL) = -1 EAGAIN (Try again)
31740 1783932366.726556 recvfrom(79, "h\0\0\0vor_\v\0\0\0\0\0\0\0E/\373\216,\4\0\0A]-?|\224V5"..., 26624, MSG_DONTWAIT, NULL, NULL) = 104
31740 1783932366.726585 recvfrom(79, 0x7007512840, 26624, MSG_DONTWAIT, NULL, NULL) = -1 EAGAIN (Try again)
31740 1783932366.726597 recvfrom(261, 0x6ffd11b420, 2272, MSG_DONTWAIT, NULL, NULL) = -1 EAGAIN (Try again)
31740 1783932366.726635 recvfrom(38, 0x7fd67aaa60, 3200, MSG_DONTWAIT, NULL, NULL) = -1 EAGAIN (Try again)
31740 1783932366.745099 recvfrom(38, "nysv\0\0\0\0\0\0\0\0\0\0\0\0\177\250\351\217,\4\0\0<0\4\0\0\0\0\0", 3200, MSG_DONTWAIT, NULL, NULL) = 32
31740 1783932366.745186 recvfrom(38, 0x7fd67ab450, 3200, MSG_DONTWAIT, NULL, NULL) = -1 EAGAIN (Try again)
31740 1783932366.745247 recvfrom(261, 0x6ffd11b420, 2272, MSG_DONTWAIT, NULL, NULL) = -1 EAGAIN (Try again)
31740 1783932366.745363 recvfrom(38, 0x7fd67aaa60, 3200, MSG_DONTWAIT, NULL, NULL) = -1 EAGAIN (Try again)
31740 1783932366.760621 recvfrom(38, "nysv\0\0\0\0\0\0\0\0\0\0\0\0\203\210\350\220,\4\0\0=0\4\0\0\0\0\0", 3200, MSG_DONTWAIT, NULL, NULL) = 32
31740 1783932366.760657 recvfrom(38, 0x7fd67ab450, 3200, MSG_DONTWAIT, NULL, NULL) = -1 EAGAIN (Try again)
31740 1783932366.760692 recvfrom(261, 0x6ffd11b420, 2272, MSG_DONTWAIT, NULL, NULL) = -1 EAGAIN (Try again)
31740 1783932366.760735 recvfrom(38, 0x7fd67aaa60, 3200, MSG_DONTWAIT, NULL, NULL) = -1 EAGAIN (Try again)
31740 1783932366.773700 recvfrom(38, "nysv\0\0\0\0\0\0\0\0\0\0\0\0\177%\347\221,\4\0\0>0\4\0\0\0\0\0", 3200, MSG_DONTWAIT, NULL, NULL) = 32
31740 1783932366.773758 recvfrom(38, 0x7fd67ab450, 3200, MSG_DONTWAIT, NULL, NULL) = -1 EAGAIN (Try again)
31740 1783932366.773802 recvfrom(79, "h\0\0\0vor_\v\0\0\0\0\0\0\0\265y\363\221,\4\0\0/]-?9S?5"..., 26624, MSG_DONTWAIT, NULL, NULL) = 104
31740 1783932366.773848 recvfrom(79, 0x7007512840, 26624, MSG_DONTWAIT, NULL, NULL) = -1 EAGAIN (Try again)
31740 1783932366.773869 recvfrom(261, 0x6ffd11b420, 2272, MSG_DONTWAIT, NULL, NULL) = -1 EAGAIN (Try again)
31740 1783932366.773938 recvfrom(38, 0x7fd67aaa60, 3200, MSG_DONTWAIT, NULL, NULL) = -1 EAGAIN (Try again)
31740 1783932366.791042 recvfrom(38, "nysv\0\0\0\0\0\0\0\0\0\0\0\0\364\276\345\222,\4\0\0?0\4\0\0\0\0\0", 3200, MSG_DONTWAIT, NULL, NULL) = 32
31740 1783932366.791085 recvfrom(38, 0x7fd67ab450, 3200, MSG_DONTWAIT, NULL, NULL) = -1 EAGAIN (Try again)
31740 1783932366.791122 recvfrom(261, 0x6ffd11b420, 2272, MSG_DONTWAIT, NULL, NULL) = -1 EAGAIN (Try again)
31740 1783932366.791176 recvfrom(38, 0x7fd67aaa60, 3200, MSG_DONTWAIT, NULL, NULL) = -1 EAGAIN (Try again)
31740 1783932366.808778 recvfrom(38, "nysv\0\0\0\0\0\0\0\0\0\0\0\0\277S\344\223,\4\0\0@0\4\0\0\0\0\0", 3200, MSG_DONTWAIT, NULL, NULL) = 32
31740 1783932366.808805 recvfrom(38, 0x7fd67ab450, 3200, MSG_DONTWAIT, NULL, NULL) = -1 EAGAIN (Try again)
31740 1783932366.808886 recvfrom(261, 0x6ffd11b420, 2272, MSG_DONTWAIT, NULL, NULL) = -1 EAGAIN (Try again)
31740 1783932366.808913 recvfrom(38, 0x7fd67aaa60, 3200, MSG_DONTWAIT, NULL, NULL) = -1 EAGAIN (Try again)
31740 1783932366.831839 recvfrom(38, "nysv\0\0\0\0\0\0\0\0\0\0\0\0C\342\342\224,\4\0\0A0\4\0\0\0\0\0", 3200, MSG_DONTWAIT, NULL, NULL) = 32
31740 1783932366.831872 recvfrom(38, 0x7fd67ab450, 3200, MSG_DONTWAIT, NULL, NULL) = -1 EAGAIN (Try again)
31740 1783932366.831910 recvfrom(79, "h\0\0\0vor_\v\0\0\0\0\0\0\0#\212\24\225,\4\0\0/]-?bU?5"..., 26624, MSG_DONTWAIT, NULL, NULL) = 104
31740 1783932366.831951 recvfrom(79, 0x7007512840, 26624, MSG_DONTWAIT, NULL, NULL) = -1 EAGAIN (Try again)
31740 1783932366.832030 recvfrom(261, 0x6ffd11b420, 2272, MSG_DONTWAIT, NULL, NULL) = -1 EAGAIN (Try again)
31740 1783932366.832130 recvfrom(38, 0x7fd67aaa60, 3200, MSG_DONTWAIT, NULL, NULL) = -1 EAGAIN (Try again)
31740 1783932366.866575 recvfrom(38, "nysv\0\0\0\0\0\0\0\0\0\0\0\0\200y\341\225,\4\0\0B0\4\0\0\0\0\0", 3200, MSG_DONTWAIT, NULL, NULL) = 32
31740 1783932366.866667 recvfrom(38, 0x7fd67ab450, 3200, MSG_DONTWAIT, NULL, NULL) = -1 EAGAIN (Try again)
31740 1783932366.866730 recvfrom(261, 0x6ffd11b420, 2272, MSG_DONTWAIT, NULL, NULL) = -1 EAGAIN (Try again)
31740 1783932366.866873 recvfrom(38, 0x7fd67aaa60, 3200, MSG_DONTWAIT, NULL, NULL) = -1 EAGAIN (Try again)
31740 1783932366.893110 recvfrom(38, "nysv\0\0\0\0\0\0\0\0\0\0\0\0\324\240\336\227,\4\0\0D0\4\0\0\0\0\0", 3200, MSG_DONTWAIT, NULL, NULL) = 32
31740 1783932366.893144 recvfrom(38, 0x7fd67ab450, 3200, MSG_DONTWAIT, NULL, NULL) = -1 EAGAIN (Try again)
31740 1783932366.893184 recvfrom(79, "h\0\0\0vor_\v\0\0\0\0\0\0\0H\271I\230,\4\0\0/]-?\265U?5"..., 26624, MSG_DONTWAIT, NULL, NULL) = 104
31740 1783932366.893225 recvfrom(79, 0x7007512840, 26624, MSG_DONTWAIT, NULL, NULL) = -1 EAGAIN (Try again)
31740 1783932366.893263 recvfrom(261, 0x6ffd11b420, 2272, MSG_DONTWAIT, NULL, NULL) = -1 EAGAIN (Try again)
31740 1783932366.893312 recvfrom(38, 0x7fd67aaa60, 3200, MSG_DONTWAIT, NULL, NULL) = -1 EAGAIN (Try again)
31740 1783932366.909940 recvfrom(38, "nysv\0\0\0\0\0\0\0\0\0\0\0\0\360\243\333\231,\4\0\0F0\4\0\0\0\0\0", 3200, MSG_DONTWAIT, NULL, NULL) = 32
31740 1783932366.909973 recvfrom(38, 0x7fd67ab450, 3200, MSG_DONTWAIT, NULL, NULL) = -1 EAGAIN (Try again)
31740 1783932366.910008 recvfrom(261, 0x6ffd11b420, 2272, MSG_DONTWAIT, NULL, NULL) = -1 EAGAIN (Try again)
31740 1783932366.910054 recvfrom(38, 0x7fd67aaa60, 3200, MSG_DONTWAIT, NULL, NULL) = -1 EAGAIN (Try again)
31740 1783932366.930170 recvfrom(38, "nysv\0\0\0\0\0\0\0\0\0\0\0\0Z3\332\232,\4\0\0G0\4\0\0\0\0\0", 3200, MSG_DONTWAIT, NULL, NULL) = 32
31740 1783932366.930202 recvfrom(38, 0x7fd67ab450, 3200, MSG_DONTWAIT, NULL, NULL) = -1 EAGAIN (Try again)
31740 1783932366.930229 recvfrom(79, "h\0\0\0vor_\v\0\0\0\0\0\0\0/\231\177\233,\4\0\0/]-?>T?5"..., 26624, MSG_DONTWAIT, NULL, NULL) = 104
31740 1783932366.930254 recvfrom(79, 0x7007512840, 26624, MSG_DONTWAIT, NULL, NULL) = -1 EAGAIN (Try again)
31740 1783932366.930285 recvfrom(261, 0x6ffd11b420, 2272, MSG_DONTWAIT, NULL, NULL) = -1 EAGAIN (Try again)
31740 1783932366.930344 recvfrom(38, 0x7fd67aaa60, 3200, MSG_DONTWAIT, NULL, NULL) = -1 EAGAIN (Try again)
31740 1783932366.946116 recvfrom(38, "nysv\0\0\0\0\0\0\0\0\0\0\0\0\353\272\330\233,\4\0\0H0\4\0\0\0\0\0", 3200, MSG_DONTWAIT, NULL, NULL) = 32
31740 1783932366.946158 recvfrom(38, 0x7fd67ab450, 3200, MSG_DONTWAIT, NULL, NULL) = -1 EAGAIN (Try again)
31740 1783932366.946196 recvfrom(261, 0x6ffd11b420, 2272, MSG_DONTWAIT, NULL, NULL) = -1 EAGAIN (Try again)
31740 1783932366.946244 recvfrom(38, 0x7fd67aaa60, 3200, MSG_DONTWAIT, NULL, NULL) = -1 EAGAIN (Try again)
31740 1783932366.963813 recvfrom(38, "nysv\0\0\0\0\0\0\0\0\0\0\0\0\5G\327\234,\4\0\0I0\4\0\0\0\0\0", 3200, MSG_DONTWAIT, NULL, NULL) = 32
31740 1783932366.963847 recvfrom(38, 0x7fd67ab450, 3200, MSG_DONTWAIT, NULL, NULL) = -1 EAGAIN (Try again)
31740 1783932366.963880 recvfrom(261, 0x6ffd11b420, 2272, MSG_DONTWAIT, NULL, NULL) = -1 EAGAIN (Try again)
31740 1783932366.963934 recvfrom(38, 0x7fd67aaa60, 3200, MSG_DONTWAIT, NULL, NULL) = -1 EAGAIN (Try again)
31740 1783932366.981539 recvfrom(38, "nysv\0\0\0\0\0\0\0\0\0\0\0\0:\f\326\235,\4\0\0J0\4\0\0\0\0\0", 3200, MSG_DONTWAIT, NULL, NULL) = 32
31740 1783932366.981576 recvfrom(38, 0x7fd67ab450, 3200, MSG_DONTWAIT, NULL, NULL) = -1 EAGAIN (Try again)
31740 1783932366.981628 recvfrom(261, 0x6ffd11b420, 2272, MSG_DONTWAIT, NULL, NULL) = -1 EAGAIN (Try again)
31740 1783932366.981690 recvfrom(38, 0x7fd67aaa60, 3200, MSG_DONTWAIT, NULL, NULL) = -1 EAGAIN (Try again)
31740 1783932366.996157 recvfrom(38, "nysv\0\0\0\0\0\0\0\0\0\0\0\0k\232\324\236,\4\0\0K0\4\0\0\0\0\0", 3200, MSG_DONTWAIT, NULL, NULL) = 32
31740 1783932366.996189 recvfrom(38, 0x7fd67ab450, 3200, MSG_DONTWAIT, NULL, NULL) = -1 EAGAIN (Try again)
31740 1783932366.996219 recvfrom(79, "h\0\0\0vor_\v\0\0\0\0\0\0\0E\177\265\236,\4\0\0/]-?\7Q?5"..., 26624, MSG_DONTWAIT, NULL, NULL) = 104
31740 1783932366.996251 recvfrom(79, 0x7007512840, 26624, MSG_DONTWAIT, NULL, NULL) = -1 EAGAIN (Try again)
31740 1783932366.996263 recvfrom(261, 0x6ffd11b420, 2272, MSG_DONTWAIT, NULL, NULL) = -1 EAGAIN (Try again)
31740 1783932366.996305 recvfrom(38, 0x7fd67aaa60, 3200, MSG_DONTWAIT, NULL, NULL) = -1 EAGAIN (Try again)
31740 1783932367.009190 recvfrom(38, "nysv\0\0\0\0\0\0\0\0\0\0\0\0E(\323\237,\4\0\0L0\4\0\0\0\0\0", 3200, MSG_DONTWAIT, NULL, NULL) = 32
31740 1783932367.009223 recvfrom(38, 0x7fd67ab450, 3200, MSG_DONTWAIT, NULL, NULL) = -1 EAGAIN (Try again)
31740 1783932367.009289 recvfrom(261, 0x6ffd11b420, 2272, MSG_DONTWAIT, NULL, NULL) = -1 EAGAIN (Try again)
31740 1783932367.038488 recvfrom(79, "h\0\0\0vor_\v\0\0\0\0\0\0\0\17\200\372\241,\4\0\0/]-?\33L?5"..., 26624, MSG_DONTWAIT, NULL, NULL) = 104
31740 1783932367.038542 recvfrom(79, 0x7007512840, 26624, MSG_DONTWAIT, NULL, NULL) = -1 EAGAIN (Try again)
31740 1783932367.088359 recvfrom(79, "h\0\0\0vor_\v\0\0\0\0\0\0\0\227\272\364\244,\4\0\0\35]-?\312\311'5"..., 26624, MSG_DONTWAIT, NULL, NULL) = 104
31740 1783932367.088416 recvfrom(79, 0x7007512840, 26624, MSG_DONTWAIT, NULL, NULL) = -1 EAGAIN (Try again)
31740 1783932367.140330 recvfrom(79, "h\0\0\0vor_\v\0\0\0\0\0\0\0\277M\20\250,\4\0\0\35]-?\t\277'5"..., 26624, MSG_DONTWAIT, NULL, NULL) = 104
31740 1783932367.140383 recvfrom(79, 0x7007512840, 26624, MSG_DONTWAIT, NULL, NULL) = -1 EAGAIN (Try again)
31740 1783932367.191680 recvfrom(79, "h\0\0\0vor_\v\0\0\0\0\0\0\0\264\353\37\253,\4\0\0\35]-?\276\262'5"..., 26624, MSG_DONTWAIT, NULL, NULL) = 104
31740 1783932367.191713 recvfrom(79, 0x7007512840, 26624, MSG_DONTWAIT, NULL, NULL) = -1 EAGAIN (Try again)
31740 1783932367.247685 recvfrom(79, "h\0\0\0vor_\v\0\0\0\0\0\0\0\24QO\256,\4\0\0\35]-?\362\244'5"..., 26624, MSG_DONTWAIT, NULL, NULL) = 104
31740 1783932367.247735 recvfrom(79, 0x7007512840, 26624, MSG_DONTWAIT, NULL, NULL) = -1 EAGAIN (Try again)
31740 1783932367.298103 recvfrom(79, "h\0\0\0vor_\v\0\0\0\0\0\0\0l\216w\261,\4\0\0\35]-?\260\225'5"..., 26624, MSG_DONTWAIT, NULL, NULL) = 104
31740 1783932367.298160 recvfrom(79, 0x7007512840, 26624, MSG_DONTWAIT, NULL, NULL) = -1 EAGAIN (Try again)
31740 1783932367.357425 recvfrom(79, "h\0\0\0vor_\v\0\0\0\0\0\0\0\243-\2\265,\4\0\0\35]-?\1\205'5"..., 26624, MSG_DONTWAIT, NULL, NULL) = 104
31740 1783932367.357475 recvfrom(79, 0x7007512840, 26624, MSG_DONTWAIT, NULL, NULL) = -1 EAGAIN (Try again)
31740 1783932367.415005 recvfrom(79, "h\0\0\0vor_\v\0\0\0\0\0\0\0?\220l\270,\4\0\0\35]-?\357r'5"..., 26624, MSG_DONTWAIT, NULL, NULL) = 104
31740 1783932367.415094 recvfrom(79, 0x7007512840, 26624, MSG_DONTWAIT, NULL, NULL) = -1 EAGAIN (Try again)
31740 1783932367.467052 recvfrom(79, "h\0\0\0vor_\v\0\0\0\0\0\0\0\336\231\207\273,\4\0\0\35]-?\203_'5"..., 26624, MSG_DONTWAIT, NULL, NULL) = 104
31740 1783932367.467145 recvfrom(79, 0x7007512840, 26624, MSG_DONTWAIT, NULL, NULL) = -1 EAGAIN (Try again)
31740 1783932367.522711 recvfrom(79, "h\0\0\0vor_\v\0\0\0\0\0\0\0\10*\333\276,\4\0\0\35]-?\306J'5"..., 26624, MSG_DONTWAIT, NULL, NULL) = 104
31740 1783932367.522775 recvfrom(79, 0x7007512840, 26624, MSG_DONTWAIT, NULL, NULL) = -1 EAGAIN (Try again)
31740 1783932367.573184 recvfrom(79, "h\0\0\0vor_\v\0\0\0\0\0\0\0[*\337\301,\4\0\0\35]-?\3014'5"..., 26624, MSG_DONTWAIT, NULL, NULL) = 104
31740 1783932367.573215 recvfrom(79, 0x7007512840, 26624, MSG_DONTWAIT, NULL, NULL) = -1 EAGAIN (Try again)
31740 1783932367.635208 recvfrom(79, "h\0\0\0vor_\v\0\0\0\0\0\0\0\345g&\305,\4\0\0\35]-?|\35'5"..., 26624, MSG_DONTWAIT, NULL, NULL) = 104
31740 1783932367.635351 recvfrom(79, 0x7007512840, 26624, MSG_DONTWAIT, NULL, NULL) = -1 EAGAIN (Try again)
31740 1783932367.679179 recvfrom(79, "h\0\0\0vor_\v\0\0\0\0\0\0\0\274S+\310,\4\0\0\35]-?\0\5'5"..., 26624, MSG_DONTWAIT, NULL, NULL) = 104
31740 1783932367.679353 recvfrom(79, 0x7007512840, 26624, MSG_DONTWAIT, NULL, NULL) = -1 EAGAIN (Try again)
31740 1783932367.738745 recvfrom(79, "h\0\0\0vor_\v\0\0\0\0\0\0\0\306\33\274\313,\4\0\0\35]-?U\353&5"..., 26624, MSG_DONTWAIT, NULL, NULL) = 104
31740 1783932367.738861 recvfrom(79, 0x7007512840, 26624, MSG_DONTWAIT, NULL, NULL) = -1 EAGAIN (Try again)
31740 1783932367.799114 recvfrom(79, "h\0\0\0vor_\v\0\0\0\0\0\0\0axS\317,\4\0\0\35]-?\203\320&5"..., 26624, MSG_DONTWAIT, NULL, NULL) = 104
31740 1783932367.799152 recvfrom(79, 0x7007512840, 26624, MSG_DONTWAIT, NULL, NULL) = -1 EAGAIN (Try again)
31740 1783932367.855938 recvfrom(79, "h\0\0\0vor_\v\0\0\0\0\0\0\0\356a\267\322,\4\0\0\35]-?\221\264&5"..., 26624, MSG_DONTWAIT, NULL, NULL) = 104
31740 1783932367.855981 recvfrom(79, 0x7007512840, 26624, MSG_DONTWAIT, NULL, NULL) = -1 EAGAIN (Try again)
31740 1783932367.907396 recvfrom(79, "h\0\0\0vor_\v\0\0\0\0\0\0\0)\217\311\325,\4\0\0\35]-?\207\227&5"..., 26624, MSG_DONTWAIT, NULL, NULL) = 104
31740 1783932367.907433 recvfrom(79, 0x7007512840, 26624, MSG_DONTWAIT, NULL, NULL) = -1 EAGAIN (Try again)
31740 1783932367.964881 recvfrom(79, "h\0\0\0vor_\v\0\0\0\0\0\0\0Nh6\331,\4\0\0\35]-?my&5"..., 26624, MSG_DONTWAIT, NULL, NULL) = 104
31740 1783932367.964935 recvfrom(79, 0x7007512840, 26624, MSG_DONTWAIT, NULL, NULL) = -1 EAGAIN (Try again)
31740 1783932368.016441 recvfrom(79, "h\0\0\0vor_\v\0\0\0\0\0\0\0\332=J\334,\4\0\0\35]-?JZ&5"..., 26624, MSG_DONTWAIT, NULL, NULL) = 104
31740 1783932368.016475 recvfrom(79, 0x7007512840, 26624, MSG_DONTWAIT, NULL, NULL) = -1 EAGAIN (Try again)
31740 1783932368.072958 recvfrom(79, "h\0\0\0vor_\v\0\0\0\0\0\0\0wm\243\337,\4\0\0\35]-?%:&5"..., 26624, MSG_DONTWAIT, NULL, NULL) = 104
31740 1783932368.072999 recvfrom(79, 0x7007512840, 26624, MSG_DONTWAIT, NULL, NULL) = -1 EAGAIN (Try again)
31740 1783932368.124867 recvfrom(79, "h\0\0\0vor_\v\0\0\0\0\0\0\0005\216\267\342,\4\0\0\35]-?\4\31&5"..., 26624, MSG_DONTWAIT, NULL, NULL) = 104
31740 1783932368.125077 recvfrom(79, 0x7007512840, 26624, MSG_DONTWAIT, NULL, NULL) = -1 EAGAIN (Try again)
31740 1783932368.182291 recvfrom(79, "h\0\0\0vor_\v\0\0\0\0\0\0\0\314y\37\346,\4\0\0\35]-?\356\366%5"..., 26624, MSG_DONTWAIT, NULL, NULL) = 104
31740 1783932368.182455 recvfrom(79, 0x7007512840, 26624, MSG_DONTWAIT, NULL, NULL) = -1 EAGAIN (Try again)
31740 1783932368.234515 recvfrom(79, "h\0\0\0vor_\v\0\0\0\0\0\0\0_\374;\351,\4\0\0\35]-?\352\323%5"..., 26624, MSG_DONTWAIT, NULL, NULL) = 104
31740 1783932368.234707 recvfrom(79, 0x7007512840, 26624, MSG_DONTWAIT, NULL, NULL) = -1 EAGAIN (Try again)
31740 1783932368.288388 recvfrom(79, "h\0\0\0vor_\v\0\0\0\0\0\0\0D\177u\354,\4\0\0\35]-?\376\257%5"..., 26624, MSG_DONTWAIT, NULL, NULL) = 104
31740 1783932368.288966 recvfrom(79, 0x7007512840, 26624, MSG_DONTWAIT, NULL, NULL) = -1 EAGAIN (Try again)
31740 1783932368.342389 recvfrom(79, "h\0\0\0vor_\v\0\0\0\0\0\0\0\2734\255\357,\4\0\0\35]-?0\213%5"..., 26624, MSG_DONTWAIT, NULL, NULL) = 104
31740 1783932368.342621 recvfrom(79, 0x7007512840, 26624, MSG_DONTWAIT, NULL, NULL) = -1 EAGAIN (Try again)
31740 1783932368.398644 recvfrom(79, "h\0\0\0vor_\v\0\0\0\0\0\0\0\23Q\3\363,\4\0\0\35]-?\210e%5"..., 26624, MSG_DONTWAIT, NULL, NULL) = 104
31740 1783932368.398993 recvfrom(79, 0x7007512840, 26624, MSG_DONTWAIT, NULL, NULL) = -1 EAGAIN (Try again)
31740 1783932368.456215 recvfrom(79, "h\0\0\0vor_\v\0\0\0\0\0\0\0\"ju\366,\4\0\0\35]-?\n?%5"..., 26624, MSG_DONTWAIT, NULL, NULL) = 104
31740 1783932368.456691 recvfrom(79, 0x7007512840, 26624, MSG_DONTWAIT, NULL, NULL) = -1 EAGAIN (Try again)
31740 1783932368.506086 recvfrom(79, "h\0\0\0vor_\v\0\0\0\0\0\0\0\235Jm\371,\4\0\0\f]-?\272\214\r5"..., 26624, MSG_DONTWAIT, NULL, NULL) = 104
31740 1783932368.506252 recvfrom(79, 0x7007512840, 26624, MSG_DONTWAIT, NULL, NULL) = -1 EAGAIN (Try again)
31740 1783932368.561028 recvfrom(79, "h\0\0\0vor_\v\0\0\0\0\0\0\0j\351\270\374,\4\0\0\f]-?\"V\r5"..., 26624, MSG_DONTWAIT, NULL, NULL) = 104
31740 1783932368.561323 recvfrom(79, 0x7007512840, 26624, MSG_DONTWAIT, NULL, NULL) = -1 EAGAIN (Try again)
31740 1783932368.614442 recvfrom(79, "h\0\0\0vor_\v\0\0\0\0\0\0\0;\271\350\377,\4\0\0\f]-?\33\37\r5"..., 26624, MSG_DONTWAIT, NULL, NULL) = 104
31740 1783932368.614671 recvfrom(79, 0x7007512840, 26624, MSG_DONTWAIT, NULL, NULL) = -1 EAGAIN (Try again)
31740 1783932368.672294 recvfrom(79, "h\0\0\0vor_\v\0\0\0\0\0\0\0\255\242V\3-\4\0\0\f]-?\252\347\f5"..., 26624, MSG_DONTWAIT, NULL, NULL) = 104
31740 1783932368.672390 recvfrom(79, 0x7007512840, 26624, MSG_DONTWAIT, NULL, NULL) = -1 EAGAIN (Try again)
31740 1783932368.724299 recvfrom(79, "h\0\0\0vor_\v\0\0\0\0\0\0\0\327hu\6-\4\0\0\f]-?\322\257\f5"..., 26624, MSG_DONTWAIT, NULL, NULL) = 104
31740 1783932368.724354 recvfrom(79, 0x7007512840, 26624, MSG_DONTWAIT, NULL, NULL) = -1 EAGAIN (Try again)
31740 1783932368.776069 recvfrom(79, "h\0\0\0vor_\v\0\0\0\0\0\0\0\24\246\221\t-\4\0\0\f]-?\230w\f5"..., 26624, MSG_DONTWAIT, NULL, NULL) = 104
31740 1783932368.776122 recvfrom(79, 0x7007512840, 26624, MSG_DONTWAIT, NULL, NULL) = -1 EAGAIN (Try again)
31740 1783932368.828209 recvfrom(79, "h\0\0\0vor_\v\0\0\0\0\0\0\0n\233\250\f-\4\0\0\f]-?\0?\f5"..., 26624, MSG_DONTWAIT, NULL, NULL) = 104
31740 1783932368.828247 recvfrom(79, 0x7007512840, 26624, MSG_DONTWAIT, NULL, NULL) = -1 EAGAIN (Try again)
31740 1783932368.881602 recvfrom(79, "h\0\0\0vor_\v\0\0\0\0\0\0\0^\334\330\17-\4\0\0\f]-?\r\6\f5"..., 26624, MSG_DONTWAIT, NULL, NULL) = 104
31740 1783932368.881685 recvfrom(79, 0x7007512840, 26624, MSG_DONTWAIT, NULL, NULL) = -1 EAGAIN (Try again)
31740 1783932368.937698 recvfrom(79, "h\0\0\0vor_\v\0\0\0\0\0\0\0jS1\23-\4\0\0\f]-?\302\314\v5"..., 26624, MSG_DONTWAIT, NULL, NULL) = 104
31740 1783932368.937751 recvfrom(79, 0x7007512840, 26624, MSG_DONTWAIT, NULL, NULL) = -1 EAGAIN (Try again)
31740 1783932368.988598 recvfrom(79, "h\0\0\0vor_\v\0\0\0\0\0\0\0-@;\26-\4\0\0\f]-?$\223\v5"..., 26624, MSG_DONTWAIT, NULL, NULL) = 104
31740 1783932368.988636 recvfrom(79, 0x7007512840, 26624, MSG_DONTWAIT, NULL, NULL) = -1 EAGAIN (Try again)
31740 1783932369.047973 recvfrom(79, "h\0\0\0vor_\v\0\0\0\0\0\0\0V\272\252\31-\4\0\0\f]-?6Y\v5"..., 26624, MSG_DONTWAIT, NULL, NULL) = 104
31740 1783932369.048073 recvfrom(79, 0x7007512840, 26624, MSG_DONTWAIT, NULL, NULL) = -1 EAGAIN (Try again)
31740 1783932369.101548 recvfrom(79, "h\0\0\0vor_\v\0\0\0\0\0\0\0\256P\303\34-\4\0\0\f]-?\373\36\v5"..., 26624, MSG_DONTWAIT, NULL, NULL) = 104
31740 1783932369.101596 recvfrom(79, 0x7007512840, 26624, MSG_DONTWAIT, NULL, NULL) = -1 EAGAIN (Try again)
31740 1783932369.151666 recvfrom(79, "h\0\0\0vor_\v\0\0\0\0\0\0\0\300?\363\37-\4\0\0\f]-?w\344\n5"..., 26624, MSG_DONTWAIT, NULL, NULL) = 104
31740 1783932369.151716 recvfrom(79, 0x7007512840, 26624, MSG_DONTWAIT, NULL, NULL) = -1 EAGAIN (Try again)
31740 1783932369.208837 recvfrom(79, "h\0\0\0vor_\v\0\0\0\0\0\0\0\255oZ#-\4\0\0\f]-?\254\251\n5"..., 26624, MSG_DONTWAIT, NULL, NULL) = 104
31740 1783932369.208908 recvfrom(79, 0x7007512840, 26624, MSG_DONTWAIT, NULL, NULL) = -1 EAGAIN (Try again)
31740 1783932369.258656 recvfrom(79, "h\0\0\0vor_\v\0\0\0\0\0\0\00063S&-\4\0\0\372\\-?vb\3454"..., 26624, MSG_DONTWAIT, NULL, NULL) = 104
31740 1783932369.258719 recvfrom(79, 0x7007512840, 26624, MSG_DONTWAIT, NULL, NULL) = -1 EAGAIN (Try again)
31740 1783932369.309904 recvfrom(79, "h\0\0\0vor_\v\0\0\0\0\0\0\0y@b)-\4\0\0\372\\-?c\262\3444"..., 26624, MSG_DONTWAIT, NULL, NULL) = 104
31740 1783932369.309962 recvfrom(79, 0x7007512840, 26624, MSG_DONTWAIT, NULL, NULL) = -1 EAGAIN (Try again)
31740 1783932369.362826 recvfrom(79, "h\0\0\0vor_\v\0\0\0\0\0\0\0\37d\213,-\4\0\0\372\\-?/\3\3444"..., 26624, MSG_DONTWAIT, NULL, NULL) = 104
31740 1783932369.362861 recvfrom(79, 0x7007512840, 26624, MSG_DONTWAIT, NULL, NULL) = -1 EAGAIN (Try again)
31740 1783932369.414344 recvfrom(79, "h\0\0\0vor_\v\0\0\0\0\0\0\0\233\246\232/-\4\0\0\372\\-?\331T\3434"..., 26624, MSG_DONTWAIT, NULL, NULL) = 104
31740 1783932369.414377 recvfrom(79, 0x7007512840, 26624, MSG_DONTWAIT, NULL, NULL) = -1 EAGAIN (Try again)
31740 1783932369.469270 recvfrom(79, "h\0\0\0vor_\v\0\0\0\0\0\0\0\334\27\3402-\4\0\0\372\\-?_\247\3424"..., 26624, MSG_DONTWAIT, NULL, NULL) = 104
31740 1783932369.469329 recvfrom(79, 0x7007512840, 26624, MSG_DONTWAIT, NULL, NULL) = -1 EAGAIN (Try again)
31740 1783932369.523379 recvfrom(79, "h\0\0\0vor_\v\0\0\0\0\0\0\0\374\253\0306-\4\0\0\372\\-?\301\372\3414"..., 26624, MSG_DONTWAIT, NULL, NULL) = 104
31740 1783932369.523429 recvfrom(79, 0x7007512840, 26624, MSG_DONTWAIT, NULL, NULL) = -1 EAGAIN (Try again)
31740 1783932369.581352 recvfrom(79, "h\0\0\0vor_\v\0\0\0\0\0\0\0\177O\2209-\4\0\0\372\\-?\376N\3414"..., 26624, MSG_DONTWAIT, NULL, NULL) = 104
31740 1783932369.581392 recvfrom(79, 0x7007512840, 26624, MSG_DONTWAIT, NULL, NULL) = -1 EAGAIN (Try again)
31740 1783932369.633527 recvfrom(79, "h\0\0\0vor_\v\0\0\0\0\0\0\0Z\323\253<-\4\0\0\372\\-?\24\244\3404"..., 26624, MSG_DONTWAIT, NULL, NULL) = 104
31740 1783932369.633561 recvfrom(79, 0x7007512840, 26624, MSG_DONTWAIT, NULL, NULL) = -1 EAGAIN (Try again)
31740 1783932369.686379 recvfrom(79, "h\0\0\0vor_\v\0\0\0\0\0\0\0\237\261\322?-\4\0\0\372\\-?\3\372\3374"..., 26624, MSG_DONTWAIT, NULL, NULL) = 104
31740 1783932369.686434 recvfrom(79, 0x7007512840, 26624, MSG_DONTWAIT, NULL, NULL) = -1 EAGAIN (Try again)
31740 1783932369.741328 recvfrom(79, "h\0\0\0vor_\v\0\0\0\0\0\0\0\2H\31C-\4\0\0\372\\-?\312P\3374"..., 26624, MSG_DONTWAIT, NULL, NULL) = 104
31740 1783932369.741381 recvfrom(79, 0x7007512840, 26624, MSG_DONTWAIT, NULL, NULL) = -1 EAGAIN (Try again)
31740 1783932369.791379 recvfrom(79, "h\0\0\0vor_\v\0\0\0\0\0\0\0\326(\22F-\4\0\0\350\\-?$\321\2564"..., 26624, MSG_DONTWAIT, NULL, NULL) = 104
31740 1783932369.791435 recvfrom(79, 0x7007512840, 26624, MSG_DONTWAIT, NULL, NULL) = -1 EAGAIN (Try again)
31740 1783932369.846779 recvfrom(79, "h\0\0\0vor_\v\0\0\0\0\0\0\0004\312TI-\4\0\0\350\\-?]\323\2554"..., 26624, MSG_DONTWAIT, NULL, NULL) = 104
31740 1783932369.846829 recvfrom(79, 0x7007512840, 26624, MSG_DONTWAIT, NULL, NULL) = -1 EAGAIN (Try again)
31740 1783932369.898732 recvfrom(79, "h\0\0\0vor_\v\0\0\0\0\0\0\0\217\315zL-\4\0\0\350\\-?\207\330\2544"..., 26624, MSG_DONTWAIT, NULL, NULL) = 104
31740 1783932369.898785 recvfrom(79, 0x7007512840, 26624, MSG_DONTWAIT, NULL, NULL) = -1 EAGAIN (Try again)
31740 1783932369.950559 recvfrom(79, "h\0\0\0vor_\v\0\0\0\0\0\0\0\177\253\222O-\4\0\0\350\\-?\225\340\2534"..., 26624, MSG_DONTWAIT, NULL, NULL) = 104
31740 1783932369.950585 recvfrom(79, 0x7007512840, 26624, MSG_DONTWAIT, NULL, NULL) = -1 EAGAIN (Try again)
31740 1783932370.008270 recvfrom(79, "h\0\0\0vor_\v\0\0\0\0\0\0\0\313&\2S-\4\0\0\350\\-?{\353\2524"..., 26624, MSG_DONTWAIT, NULL, NULL) = 104
31740 1783932370.008313 recvfrom(79, 0x7007512840, 26624, MSG_DONTWAIT, NULL, NULL) = -1 EAGAIN (Try again)
31740 1783932370.060502 recvfrom(79, "h\0\0\0vor_\v\0\0\0\0\0\0\0\0\31\36V-\4\0\0\350\\-?-\371\2514"..., 26624, MSG_DONTWAIT, NULL, NULL) = 104
31740 1783932370.060572 recvfrom(79, 0x7007512840, 26624, MSG_DONTWAIT, NULL, NULL) = -1 EAGAIN (Try again)
31740 1783932370.117468 recvfrom(79, "h\0\0\0vor_\v\0\0\0\0\0\0\0\247\255\204Y-\4\0\0\350\\-?\237\t\2514"..., 26624, MSG_DONTWAIT, NULL, NULL) = 104
31740 1783932370.117508 recvfrom(79, 0x7007512840, 26624, MSG_DONTWAIT, NULL, NULL) = -1 EAGAIN (Try again)
31740 1783932370.169213 recvfrom(79, "h\0\0\0vor_\v\0\0\0\0\0\0\0\346\362\232\\-\4\0\0\350\\-?\306\34\2504"..., 26624, MSG_DONTWAIT, NULL, NULL) = 104
31740 1783932370.169241 recvfrom(79, 0x7007512840, 26624, MSG_DONTWAIT, NULL, NULL) = -1 EAGAIN (Try again)
31740 1783932370.223181 recvfrom(79, "h\0\0\0vor_\v\0\0\0\0\0\0\0004\245\317_-\4\0\0\350\\-?\2272\2474"..., 26624, MSG_DONTWAIT, NULL, NULL) = 104
31740 1783932370.223580 recvfrom(79, 0x7007512840, 26624, MSG_DONTWAIT, NULL, NULL) = -1 EAGAIN (Try again)
31740 1783932370.281920 recvfrom(79, "h\0\0\0vor_\v\0\0\0\0\0\0\0\227cOc-\4\0\0\350\\-?\5K\2464"..., 26624, MSG_DONTWAIT, NULL, NULL) = 104
31740 1783932370.282016 recvfrom(79, 0x7007512840, 26624, MSG_DONTWAIT, NULL, NULL) = -1 EAGAIN (Try again)
31740 1783932370.338260 recvfrom(79, "h\0\0\0vor_\v\0\0\0\0\0\0\0\334\326\255f-\4\0\0\350\\-?\7f\2454"..., 26624, MSG_DONTWAIT, NULL, NULL) = 104
31740 1783932370.338314 recvfrom(79, 0x7007512840, 26624, MSG_DONTWAIT, NULL, NULL) = -1 EAGAIN (Try again)
31740 1783932370.393332 recvfrom(79, "h\0\0\0vor_\v\0\0\0\0\0\0\0\221\212\365i-\4\0\0\350\\-?\222\203\2444"..., 26624, MSG_DONTWAIT, NULL, NULL) = 104
31740 1783932370.393390 recvfrom(79, 0x7007512840, 26624, MSG_DONTWAIT, NULL, NULL) = -1 EAGAIN (Try again)
31740 1783932370.448370 recvfrom(79, "h\0\0\0vor_\v\0\0\0\0\0\0\0\v*;m-\4\0\0\350\\-?\233\243\2434"..., 26624, MSG_DONTWAIT, NULL, NULL) = 104
31740 1783932370.448422 recvfrom(79, 0x7007512840, 26624, MSG_DONTWAIT, NULL, NULL) = -1 EAGAIN (Try again)
31740 1783932370.500892 recvfrom(79, "h\0\0\0vor_\v\0\0\0\0\0\0\0B@`p-\4\0\0\350\\-?\30\306\2424"..., 26624, MSG_DONTWAIT, NULL, NULL) = 104
31740 1783932370.500943 recvfrom(79, 0x7007512840, 26624, MSG_DONTWAIT, NULL, NULL) = -1 EAGAIN (Try again)
31740 1783932370.555586 recvfrom(79, "h\0\0\0vor_\v\0\0\0\0\0\0\0uq\241s-\4\0\0\350\\-?\377\352\2414"..., 26624, MSG_DONTWAIT, NULL, NULL) = 104
31740 1783932370.555632 recvfrom(79, 0x7007512840, 26624, MSG_DONTWAIT, NULL, NULL) = -1 EAGAIN (Try again)
31740 1783932370.613386 recvfrom(79, "h\0\0\0vor_\v\0\0\0\0\0\0\0\275.\24w-\4\0\0\350\\-?F\22\2414"..., 26624, MSG_DONTWAIT, NULL, NULL) = 104
31740 1783932370.613418 recvfrom(79, 0x7007512840, 26624, MSG_DONTWAIT, NULL, NULL) = -1 EAGAIN (Try again)
31740 1783932370.666073 recvfrom(79, "h\0\0\0vor_\v\0\0\0\0\0\0\0C=7z-\4\0\0\350\\-?\344;\2404"..., 26624, MSG_DONTWAIT, NULL, NULL) = 104
31740 1783932370.666132 recvfrom(79, 0x7007512840, 26624, MSG_DONTWAIT, NULL, NULL) = -1 EAGAIN (Try again)
31740 1783932370.721112 recvfrom(79, "h\0\0\0vor_\v\0\0\0\0\0\0\0\324_\200}-\4\0\0\350\\-?\320g\2374"..., 26624, MSG_DONTWAIT, NULL, NULL) = 104
31740 1783932370.721170 recvfrom(79, 0x7007512840, 26624, MSG_DONTWAIT, NULL, NULL) = -1 EAGAIN (Try again)
31740 1783932370.776051 recvfrom(79, "h\0\0\0vor_\v\0\0\0\0\0\0\0\302\266\307\200-\4\0\0\350\\-?\1\226\2364"..., 26624, MSG_DONTWAIT, NULL, NULL) = 104
31740 1783932370.776076 recvfrom(79, 0x7007512840, 26624, MSG_DONTWAIT, NULL, NULL) = -1 EAGAIN (Try again)
31740 1783932370.826916 recvfrom(79, "h\0\0\0vor_\v\0\0\0\0\0\0\0\336\315\313\203-\4\0\0\350\\-?l\306\2354"..., 26624, MSG_DONTWAIT, NULL, NULL) = 104
31740 1783932370.826960 recvfrom(79, 0x7007512840, 26624, MSG_DONTWAIT, NULL, NULL) = -1 EAGAIN (Try again)
31740 1783932370.880793 recvfrom(79, "h\0\0\0vor_\v\0\0\0\0\0\0\0\302j\3\207-\4\0\0\350\\-?\n\371\2344"..., 26624, MSG_DONTWAIT, NULL, NULL) = 104
31740 1783932370.880876 recvfrom(79, 0x7007512840, 26624, MSG_DONTWAIT, NULL, NULL) = -1 EAGAIN (Try again)
31740 1783932370.932193 recvfrom(79, "h\0\0\0vor_\v\0\0\0\0\0\0\0000\371\17\212-\4\0\0\350\\-?\321-\2344"..., 26624, MSG_DONTWAIT, NULL, NULL) = 104
31740 1783932370.932386 recvfrom(79, 0x7007512840, 26624, MSG_DONTWAIT, NULL, NULL) = -1 EAGAIN (Try again)
31740 1783932370.992618 recvfrom(79, "h\0\0\0vor_\v\0\0\0\0\0\0\0\220\310\250\215-\4\0\0\350\\-?\272d\2334"..., 26624, MSG_DONTWAIT, NULL, NULL) = 104
31740 1783932370.992731 recvfrom(79, 0x7007512840, 26624, MSG_DONTWAIT, NULL, NULL) = -1 EAGAIN (Try again)
31740 1783932371.044253 recvfrom(79, "h\0\0\0vor_\v\0\0\0\0\0\0\0\257d\266\220-\4\0\0\350\\-?\274\235\2324"..., 26624, MSG_DONTWAIT, NULL, NULL) = 104
31740 1783932371.044432 recvfrom(79, 0x7007512840, 26624, MSG_DONTWAIT, NULL, NULL) = -1 EAGAIN (Try again)
31740 1783932371.098739 recvfrom(79, "h\0\0\0vor_\v\0\0\0\0\0\0\0\244\350\363\223-\4\0\0\350\\-?\317\330\2314"..., 26624, MSG_DONTWAIT, NULL, NULL) = 104
31740 1783932371.098885 recvfrom(79, 0x7007512840, 26624, MSG_DONTWAIT, NULL, NULL) = -1 EAGAIN (Try again)
31740 1783932371.149071 recvfrom(79, "h\0\0\0vor_\v\0\0\0\0\0\0\0b\370\365\226-\4\0\0\350\\-?\353\25\2314"..., 26624, MSG_DONTWAIT, NULL, NULL) = 104
31740 1783932371.149240 recvfrom(79, 0x7007512840, 26624, MSG_DONTWAIT, NULL, NULL) = -1 EAGAIN (Try again)
31740 1783932371.206976 recvfrom(79, "h\0\0\0vor_\v\0\0\0\0\0\0\0]st\232-\4\0\0\350\\-?\10U\2304"..., 26624, MSG_DONTWAIT, NULL, NULL) = 104
31740 1783932371.207028 recvfrom(79, 0x7007512840, 26624, MSG_DONTWAIT, NULL, NULL) = -1 EAGAIN (Try again)
31740 1783932371.267040 recvfrom(79, "h\0\0\0vor_\v\0\0\0\0\0\0\0U\256\6\236-\4\0\0\350\\-?\37\226\2274"..., 26624, MSG_DONTWAIT, NULL, NULL) = 104
31740 1783932371.267080 recvfrom(79, 0x7007512840, 26624, MSG_DONTWAIT, NULL, NULL) = -1 EAGAIN (Try again)
31740 1783932371.317333 recvfrom(79, "h\0\0\0vor_\v\0\0\0\0\0\0\0U\271\7\241-\4\0\0\350\\-?(\331\2264"..., 26624, MSG_DONTWAIT, NULL, NULL) = 104
31740 1783932371.317372 recvfrom(79, 0x7007512840, 26624, MSG_DONTWAIT, NULL, NULL) = -1 EAGAIN (Try again)
31740 1783932371.376276 recvfrom(79, "h\0\0\0vor_\v\0\0\0\0\0\0\0\314n\201\244-\4\0\0\350\\-?\33\36\2264"..., 26624, MSG_DONTWAIT, NULL, NULL) = 104
31740 1783932371.376418 recvfrom(79, 0x7007512840, 26624, MSG_DONTWAIT, NULL, NULL) = -1 EAGAIN (Try again)
31740 1783932371.432212 recvfrom(79, "h\0\0\0vor_\v\0\0\0\0\0\0\0\366<\334\247-\4\0\0\350\\-?\361d\2254"..., 26624, MSG_DONTWAIT, NULL, NULL) = 104
31740 1783932371.432349 recvfrom(79, 0x7007512840, 26624, MSG_DONTWAIT, NULL, NULL) = -1 EAGAIN (Try again)
31740 1783932371.485936 recvfrom(79, "h\0\0\0vor_\v\0\0\0\0\0\0\0\21t\t\253-\4\0\0\350\\-?\244\255\2244"..., 26624, MSG_DONTWAIT, NULL, NULL) = 104
31740 1783932371.486060 recvfrom(79, 0x7007512840, 26624, MSG_DONTWAIT, NULL, NULL) = -1 EAGAIN (Try again)
31740 1783932371.540328 recvfrom(79, "h\0\0\0vor_\v\0\0\0\0\0\0\0\227\36N\256-\4\0\0\350\\-?,\370\2234"..., 26624, MSG_DONTWAIT, NULL, NULL) = 104
31740 1783932371.540462 recvfrom(79, 0x7007512840, 26624, MSG_DONTWAIT, NULL, NULL) = -1 EAGAIN (Try again)
31740 1783932371.593592 recvfrom(79, "h\0\0\0vor_\v\0\0\0\0\0\0\0+]s\261-\4\0\0\350\\-?\203D\2234"..., 26624, MSG_DONTWAIT, NULL, NULL) = 104
31740 1783932371.593763 recvfrom(79, 0x7007512840, 26624, MSG_DONTWAIT, NULL, NULL) = -1 EAGAIN (Try again)
31740 1783932371.649882 recvfrom(79, "h\0\0\0vor_\v\0\0\0\0\0\0\0\\\250\317\264-\4\0\0\350\\-?\241\222\2224"..., 26624, MSG_DONTWAIT, NULL, NULL) = 104
31740 1783932371.650078 recvfrom(79, 0x7007512840, 26624, MSG_DONTWAIT, NULL, NULL) = -1 EAGAIN (Try again)
31740 1783932371.706625 recvfrom(79, "h\0\0\0vor_\v\0\0\0\0\0\0\0\270\3607\270-\4\0\0\350\\-?\200\342\2214"..., 26624, MSG_DONTWAIT, NULL, NULL) = 104
31740 1783932371.706847 recvfrom(79, 0x7007512840, 26624, MSG_DONTWAIT, NULL, NULL) = -1 EAGAIN (Try again)
31740 1783932371.759844 recvfrom(79, "h\0\0\0vor_\v\0\0\0\0\0\0\0\343\227Z\273-\4\0\0\350\\-?\0324\2214"..., 26624, MSG_DONTWAIT, NULL, NULL) = 104
31740 1783932371.760018 recvfrom(79, 0x7007512840, 26624, MSG_DONTWAIT, NULL, NULL) = -1 EAGAIN (Try again)
31740 1783932371.820197 recvfrom(79, "h\0\0\0vor_\v\0\0\0\0\0\0\0OU\370\276-\4\0\0\350\\-?h\207\2204"..., 26624, MSG_DONTWAIT, NULL, NULL) = 104
31740 1783932371.820381 recvfrom(79, 0x7007512840, 26624, MSG_DONTWAIT, NULL, NULL) = -1 EAGAIN (Try again)
31740 1783932371.871081 recvfrom(79, "h\0\0\0vor_\v\0\0\0\0\0\0\0\3r\6\302-\4\0\0\350\\-?d\334\2174"..., 26624, MSG_DONTWAIT, NULL, NULL) = 104
31740 1783932371.871140 recvfrom(79, 0x7007512840, 26624, MSG_DONTWAIT, NULL, NULL) = -1 EAGAIN (Try again)
31740 1783932371.923923 recvfrom(79, "h\0\0\0vor_\v\0\0\0\0\0\0\0H00\305-\4\0\0\350\\-?\0103\2174"..., 26624, MSG_DONTWAIT, NULL, NULL) = 104
31740 1783932371.924051 recvfrom(79, 0x7007512840, 26624, MSG_DONTWAIT, NULL, NULL) = -1 EAGAIN (Try again)
31740 1783932371.976044 recvfrom(79, "h\0\0\0vor_\v\0\0\0\0\0\0\0S\34M\310-\4\0\0\350\\-?N\213\2164"..., 26624, MSG_DONTWAIT, NULL, NULL) = 104
31740 1783932371.976100 recvfrom(79, 0x7007512840, 26624, MSG_DONTWAIT, NULL, NULL) = -1 EAGAIN (Try again)
31740 1783932372.028469 recvfrom(79, "h\0\0\0vor_\v\0\0\0\0\0\0\0\240\362l\313-\4\0\0\350\\-?0\345\2154"..., 26624, MSG_DONTWAIT, NULL, NULL) = 104
31740 1783932372.028512 recvfrom(79, 0x7007512840, 26624, MSG_DONTWAIT, NULL, NULL) = -1 EAGAIN (Try again)
31740 1783932372.080546 recvfrom(79, "h\0\0\0vor_\v\0\0\0\0\0\0\0\36\25\177\316-\4\0\0\350\\-?\251@\2154"..., 26624, MSG_DONTWAIT, NULL, NULL) = 104
31740 1783932372.080618 recvfrom(79, 0x7007512840, 26624, MSG_DONTWAIT, NULL, NULL) = -1 EAGAIN (Try again)
31740 1783932372.133878 recvfrom(79, "h\0\0\0vor_\v\0\0\0\0\0\0\0(\375\264\321-\4\0\0\350\\-?\262\235\2144"..., 26624, MSG_DONTWAIT, NULL, NULL) = 104
31740 1783932372.133932 recvfrom(79, 0x7007512840, 26624, MSG_DONTWAIT, NULL, NULL) = -1 EAGAIN (Try again)
31740 1783932372.189087 recvfrom(79, "h\0\0\0vor_\v\0\0\0\0\0\0\0\377\301\376\324-\4\0\0\350\\-?F\374\2134"..., 26624, MSG_DONTWAIT, NULL, NULL) = 104
31740 1783932372.189121 recvfrom(79, 0x7007512840, 26624, MSG_DONTWAIT, NULL, NULL) = -1 EAGAIN (Try again)
31740 1783932372.244267 recvfrom(79, "h\0\0\0vor_\v\0\0\0\0\0\0\0\262\356I\330-\4\0\0\350\\-?`\\\2134"..., 26624, MSG_DONTWAIT, NULL, NULL) = 104
31740 1783932372.244298 recvfrom(79, 0x7007512840, 26624, MSG_DONTWAIT, NULL, NULL) = -1 EAGAIN (Try again)
31740 1783932372.302974 recvfrom(79, "h\0\0\0vor_\v\0\0\0\0\0\0\0\321v\306\333-\4\0\0\350\\-?\372\275\2124"..., 26624, MSG_DONTWAIT, NULL, NULL) = 104
31740 1783932372.303040 recvfrom(79, 0x7007512840, 26624, MSG_DONTWAIT, NULL, NULL) = -1 EAGAIN (Try again)
31740 1783932372.354382 recvfrom(79, "h\0\0\0vor_\v\0\0\0\0\0\0\0\310\312\330\336-\4\0\0\350\\-?\17!\2124"..., 26624, MSG_DONTWAIT, NULL, NULL) = 104
31740 1783932372.354435 recvfrom(79, 0x7007512840, 26624, MSG_DONTWAIT, NULL, NULL) = -1 EAGAIN (Try again)
31740 1783932372.406323 recvfrom(79, "h\0\0\0vor_\v\0\0\0\0\0\0\0\20:\361\341-\4\0\0\350\\-?\232\205\2114"..., 26624, MSG_DONTWAIT, NULL, NULL) = 104
31740 1783932372.406347 recvfrom(79, 0x7007512840, 26624, MSG_DONTWAIT, NULL, NULL) = -1 EAGAIN (Try again)
31740 1783932372.464941 recvfrom(79, "h\0\0\0vor_\v\0\0\0\0\0\0\0\336\7o\345-\4\0\0\350\\-?\225\353\2104"..., 26624, MSG_DONTWAIT, NULL, NULL) = 104
31740 1783932372.465033 recvfrom(79, 0x7007512840, 26624, MSG_DONTWAIT, NULL, NULL) = -1 EAGAIN (Try again)
31740 1783932372.516335 recvfrom(79, "h\0\0\0vor_\v\0\0\0\0\0\0\0\25\376\200\350-\4\0\0\350\\-?\374R\2104"..., 26624, MSG_DONTWAIT, NULL, NULL) = 104
31740 1783932372.516388 recvfrom(79, 0x7007512840, 26624, MSG_DONTWAIT, NULL, NULL) = -1 EAGAIN (Try again)
31740 1783932372.574070 recvfrom(79, "h\0\0\0vor_\v\0\0\0\0\0\0\0\252S\362\353-\4\0\0\350\\-?\312\273\2074"..., 26624, MSG_DONTWAIT, NULL, NULL) = 104
31740 1783932372.574126 recvfrom(79, 0x7007512840, 26624, MSG_DONTWAIT, NULL, NULL) = -1 EAGAIN (Try again)
31740 1783932372.626623 recvfrom(79, "h\0\0\0vor_\v\0\0\0\0\0\0\0\223\27\22\357-\4\0\0\350\\-?\372%\2074"..., 26624, MSG_DONTWAIT, NULL, NULL) = 104
31740 1783932372.626649 recvfrom(79, 0x7007512840, 26624, MSG_DONTWAIT, NULL, NULL) = -1 EAGAIN (Try again)
31740 1783932372.678418 recvfrom(79, "h\0\0\0vor_\v\0\0\0\0\0\0\0\246\26'\362-\4\0\0\350\\-?\207\221\2064"..., 26624, MSG_DONTWAIT, NULL, NULL) = 104
31740 1783932372.678522 recvfrom(79, 0x7007512840, 26624, MSG_DONTWAIT, NULL, NULL) = -1 EAGAIN (Try again)
31740 1783932372.732051 recvfrom(79, "h\0\0\0vor_\v\0\0\0\0\0\0\0I7[\365-\4\0\0\350\\-?m\376\2054"..., 26624, MSG_DONTWAIT, NULL, NULL) = 104
31740 1783932372.732097 recvfrom(79, 0x7007512840, 26624, MSG_DONTWAIT, NULL, NULL) = -1 EAGAIN (Try again)
31740 1783932372.786598 recvfrom(79, "h\0\0\0vor_\v\0\0\0\0\0\0\0006^\233\370-\4\0\0\350\\-?\246l\2054"..., 26624, MSG_DONTWAIT, NULL, NULL) = 104
31740 1783932372.786680 recvfrom(79, 0x7007512840, 26624, MSG_DONTWAIT, NULL, NULL) = -1 EAGAIN (Try again)
31740 1783932372.842546 recvfrom(79, "h\0\0\0vor_\v\0\0\0\0\0\0\0\346#\356\373-\4\0\0\350\\-?/\334\2044"..., 26624, MSG_DONTWAIT, NULL, NULL) = 104
31740 1783932372.842577 recvfrom(79, 0x7007512840, 26624, MSG_DONTWAIT, NULL, NULL) = -1 EAGAIN (Try again)
31740 1783932372.891989 recvfrom(79, "h\0\0\0vor_\v\0\0\0\0\0\0\0\314\235\343\376-\4\0\0\327\\-?\264\247)4"..., 26624, MSG_DONTWAIT, NULL, NULL) = 104
31740 1783932372.892107 recvfrom(79, 0x7007512840, 26624, MSG_DONTWAIT, NULL, NULL) = -1 EAGAIN (Try again)
31740 1783932372.945272 recvfrom(79, "h\0\0\0vor_\v\0\0\0\0\0\0\0\302l\21\2.\4\0\0\327\\-?\225\372'4"..., 26624, MSG_DONTWAIT, NULL, NULL) = 104
31740 1783932372.945324 recvfrom(79, 0x7007512840, 26624, MSG_DONTWAIT, NULL, NULL) = -1 EAGAIN (Try again)
31740 1783932373.000095 recvfrom(79, "h\0\0\0vor_\v\0\0\0\0\0\0\0?\334W\5.\4\0\0\327\\-?dS&4"..., 26624, MSG_DONTWAIT, NULL, NULL) = 104
31740 1783932373.000121 recvfrom(79, 0x7007512840, 26624, MSG_DONTWAIT, NULL, NULL) = -1 EAGAIN (Try again)
31740 1783932373.055347 recvfrom(79, "h\0\0\0vor_\v\0\0\0\0\0\0\0\335]\241\10.\4\0\0\327\\-?\7\262$4"..., 26624, MSG_DONTWAIT, NULL, NULL) = 104
31740 1783932373.055376 recvfrom(79, 0x7007512840, 26624, MSG_DONTWAIT, NULL, NULL) = -1 EAGAIN (Try again)
31740 1783932373.115066 recvfrom(79, "h\0\0\0vor_\v\0\0\0\0\0\0\0y\7+\f.\4\0\0\327\\-?e\26#4"..., 26624, MSG_DONTWAIT, NULL, NULL) = 104
31740 1783932373.115124 recvfrom(79, 0x7007512840, 26624, MSG_DONTWAIT, NULL, NULL) = -1 EAGAIN (Try again)
31740 1783932373.169432 recvfrom(79, "h\0\0\0vor_\v\0\0\0\0\0\0\0\350#o\17.\4\0\0\327\\-?d\200!4"..., 26624, MSG_DONTWAIT, NULL, NULL) = 104
31740 1783932373.169478 recvfrom(79, 0x7007512840, 26624, MSG_DONTWAIT, NULL, NULL) = -1 EAGAIN (Try again)
31740 1783932373.221666 recvfrom(79, "h\0\0\0vor_\v\0\0\0\0\0\0\0\277\372\211\22.\4\0\0\327\\-?\354\357\0374"..., 26624, MSG_DONTWAIT, NULL, NULL) = 104
31740 1783932373.221694 recvfrom(79, 0x7007512840, 26624, MSG_DONTWAIT, NULL, NULL) = -1 EAGAIN (Try again)
31740 1783932373.281416 recvfrom(79, "h\0\0\0vor_\v\0\0\0\0\0\0\0\346\305\33\26.\4\0\0\327\\-?\346d\0364"..., 26624, MSG_DONTWAIT, NULL, NULL) = 104
31740 1783932373.281444 recvfrom(79, 0x7007512840, 26624, MSG_DONTWAIT, NULL, NULL) = -1 EAGAIN (Try again)
31740 1783932373.332365 recvfrom(79, "h\0\0\0vor_\v\0\0\0\0\0\0\0004)!\31.\4\0\0\327\\-?:\337\0344"..., 26624, MSG_DONTWAIT, NULL, NULL) = 104
31740 1783932373.332411 recvfrom(79, 0x7007512840, 26624, MSG_DONTWAIT, NULL, NULL) = -1 EAGAIN (Try again)
31740 1783932373.389821 recvfrom(79, "h\0\0\0vor_\v\0\0\0\0\0\0\0%\334\217\34.\4\0\0\327\\-?\322^\0334"..., 26624, MSG_DONTWAIT, NULL, NULL) = 104
31740 1783932373.389874 recvfrom(79, 0x7007512840, 26624, MSG_DONTWAIT, NULL, NULL) = -1 EAGAIN (Try again)
31740 1783932373.448019 recvfrom(79, "h\0\0\0vor_\v\0\0\0\0\0\0\0\313\23\t .\4\0\0\327\\-?\227\343\0314"..., 26624, MSG_DONTWAIT, NULL, NULL) = 104
31740 1783932373.448056 recvfrom(79, 0x7007512840, 26624, MSG_DONTWAIT, NULL, NULL) = -1 EAGAIN (Try again)
31740 1783932373.503741 recvfrom(79, "h\0\0\0vor_\v\0\0\0\0\0\0\0Q\220W#.\4\0\0\327\\-?tm\0304"..., 26624, MSG_DONTWAIT, NULL, NULL) = 104
31740 1783932373.503799 recvfrom(79, 0x7007512840, 26624, MSG_DONTWAIT, NULL, NULL) = -1 EAGAIN (Try again)
31740 1783932373.554348 recvfrom(79, "h\0\0\0vor_\v\0\0\0\0\0\0\0\30\253_&.\4\0\0\327\\-?R\374\0264"..., 26624, MSG_DONTWAIT, NULL, NULL) = 104
31740 1783932373.554403 recvfrom(79, 0x7007512840, 26624, MSG_DONTWAIT, NULL, NULL) = -1 EAGAIN (Try again)
31740 1783932373.605231 recvfrom(79, "h\0\0\0vor_\v\0\0\0\0\0\0\0G\224i).\4\0\0\327\\-?\35\220\0254"..., 26624, MSG_DONTWAIT, NULL, NULL) = 104
31740 1783932373.605261 recvfrom(79, 0x7007512840, 26624, MSG_DONTWAIT, NULL, NULL) = -1 EAGAIN (Try again)
31740 1783932373.664930 recvfrom(79, "h\0\0\0vor_\v\0\0\0\0\0\0\0]^\367,.\4\0\0\327\\-?\300(\0244"..., 26624, MSG_DONTWAIT, NULL, NULL) = 104
31740 1783932373.664962 recvfrom(79, 0x7007512840, 26624, MSG_DONTWAIT, NULL, NULL) = -1 EAGAIN (Try again)
31740 1783932373.719751 recvfrom(79, "h\0\0\0vor_\v\0\0\0\0\0\0\0\222\35290.\4\0\0\327\\-?&\306\0224"..., 26624, MSG_DONTWAIT, NULL, NULL) = 104
31740 1783932373.721910 recvfrom(79, 0x7007512840, 26624, MSG_DONTWAIT, NULL, NULL) = -1 EAGAIN (Try again)
31740 1783932373.769606 recvfrom(79, "h\0\0\0vor_\v\0\0\0\0\0\0\0]\00653.\4\0\0\327\\-?=h\0214"..., 26624, MSG_DONTWAIT, NULL, NULL) = 104
31740 1783932373.769657 recvfrom(79, 0x7007512840, 26624, MSG_DONTWAIT, NULL, NULL) = -1 EAGAIN (Try again)
31740 1783932373.822616 recvfrom(79, "h\0\0\0vor_\v\0\0\0\0\0\0\0\356\221Z6.\4\0\0\327\\-?\360\16\0204"..., 26624, MSG_DONTWAIT, NULL, NULL) = 104
31740 1783932373.822663 recvfrom(79, 0x7007512840, 26624, MSG_DONTWAIT, NULL, NULL) = -1 EAGAIN (Try again)
31740 1783932373.875034 recvfrom(79, "h\0\0\0vor_\v\0\0\0\0\0\0\0u\361{9.\4\0\0\327\\-?,\272\0164"..., 26624, MSG_DONTWAIT, NULL, NULL) = 104
31740 1783932373.875097 recvfrom(79, 0x7007512840, 26624, MSG_DONTWAIT, NULL, NULL) = -1 EAGAIN (Try again)
31740 1783932373.930421 recvfrom(79, "h\0\0\0vor_\v\0\0\0\0\0\0\0EI\306<.\4\0\0\327\\-?\337i\r4"..., 26624, MSG_DONTWAIT, NULL, NULL) = 104
31740 1783932373.930506 recvfrom(79, 0x7007512840, 26624, MSG_DONTWAIT, NULL, NULL) = -1 EAGAIN (Try again)
31740 1783932373.986044 recvfrom(79, "h\0\0\0vor_\v\0\0\0\0\0\0\0\307\6\27@.\4\0\0\327\\-?\366\35\f4"..., 26624, MSG_DONTWAIT, NULL, NULL) = 104
31740 1783932373.986121 recvfrom(79, 0x7007512840, 26624, MSG_DONTWAIT, NULL, NULL) = -1 EAGAIN (Try again)
31740 1783932374.042194 recvfrom(79, "h\0\0\0vor_\v\0\0\0\0\0\0\0'\336nC.\4\0\0\327\\-?_\326\n4"..., 26624, MSG_DONTWAIT, NULL, NULL) = 104
31740 1783932374.042351 recvfrom(79, 0x7007512840, 26624, MSG_DONTWAIT, NULL, NULL) = -1 EAGAIN (Try again)
31740 1783932374.094325 recvfrom(79, "h\0\0\0vor_\v\0\0\0\0\0\0\0&\377\206F.\4\0\0\327\\-?\t\223\t4"..., 26624, MSG_DONTWAIT, NULL, NULL) = 104
31740 1783932374.094480 recvfrom(79, 0x7007512840, 26624, MSG_DONTWAIT, NULL, NULL) = -1 EAGAIN (Try again)
31740 1783932374.153969 recvfrom(79, "h\0\0\0vor_\v\0\0\0\0\0\0\0\351\345\16J.\4\0\0\327\\-?\342S\0104"..., 26624, MSG_DONTWAIT, NULL, NULL) = 104
31740 1783932374.154146 recvfrom(79, 0x7007512840, 26624, MSG_DONTWAIT, NULL, NULL) = -1 EAGAIN (Try again)
31740 1783932374.204727 recvfrom(79, "h\0\0\0vor_\v\0\0\0\0\0\0\0\361w\34M.\4\0\0\327\\-?\331\30\0074"..., 26624, MSG_DONTWAIT, NULL, NULL) = 104
31740 1783932374.204892 recvfrom(79, 0x7007512840, 26624, MSG_DONTWAIT, NULL, NULL) = -1 EAGAIN (Try again)
31740 1783932374.263734 recvfrom(79, "h\0\0\0vor_\v\0\0\0\0\0\0\0\202J\234P.\4\0\0\327\\-?\336\341\0054"..., 26624, MSG_DONTWAIT, NULL, NULL) = 104
31740 1783932374.263891 recvfrom(79, 0x7007512840, 26624, MSG_DONTWAIT, NULL, NULL) = -1 EAGAIN (Try again)
31740 1783932374.314525 recvfrom(79, "h\0\0\0vor_\v\0\0\0\0\0\0\0\332\237\252S.\4\0\0\327\\-?\340\256\0044"..., 26624, MSG_DONTWAIT, NULL, NULL) = 104
31740 1783932374.314655 recvfrom(79, 0x7007512840, 26624, MSG_DONTWAIT, NULL, NULL) = -1 EAGAIN (Try again)
31740 1783932374.369717 recvfrom(79, "h\0\0\0vor_\v\0\0\0\0\0\0\0+\345\350V.\4\0\0\327\\-?\320\177\0034"..., 26624, MSG_DONTWAIT, NULL, NULL) = 104
31740 1783932374.369832 recvfrom(79, 0x7007512840, 26624, MSG_DONTWAIT, NULL, NULL) = -1 EAGAIN (Try again)
31740 1783932374.425020 recvfrom(79, "h\0\0\0vor_\v\0\0\0\0\0\0\0hu8Z.\4\0\0\327\\-?\235T\0024"..., 26624, MSG_DONTWAIT, NULL, NULL) = 104
31740 1783932374.425188 recvfrom(79, 0x7007512840, 26624, MSG_DONTWAIT, NULL, NULL) = -1 EAGAIN (Try again)
31740 1783932374.475593 recvfrom(79, "h\0\0\0vor_\v\0\0\0\0\0\0\0\333\270?].\4\0\0\327\\-?8-\0014"..., 26624, MSG_DONTWAIT, NULL, NULL) = 104
31740 1783932374.475707 recvfrom(79, 0x7007512840, 26624, MSG_DONTWAIT, NULL, NULL) = -1 EAGAIN (Try again)
31740 1783932374.524947 recvfrom(79, "h\0\0\0vor_\v\0\0\0\0\0\0\0\252\n:`.\4\0\0\305\\-?'\247\0003"..., 26624, MSG_DONTWAIT, NULL, NULL) = 104
31740 1783932374.524988 recvfrom(79, 0x7007512840, 26624, MSG_DONTWAIT, NULL, NULL) = -1 EAGAIN (Try again)
31740 1783932374.584903 recvfrom(79, "h\0\0\0vor_\v\0\0\0\0\0\0\0\222\263\310c.\4\0\0\305\\-?L\335\3622"..., 26624, MSG_DONTWAIT, NULL, NULL) = 104
31740 1783932374.584975 recvfrom(79, 0x7007512840, 26624, MSG_DONTWAIT, NULL, NULL) = -1 EAGAIN (Try again)
31740 1783932374.639760 recvfrom(79, "h\0\0\0vor_\v\0\0\0\0\0\0\0\240\231\4g.\4\0\0\305\\-?\204\251\3442"..., 26624, MSG_DONTWAIT, NULL, NULL) = 104
31740 1783932374.639854 recvfrom(79, 0x7007512840, 26624, MSG_DONTWAIT, NULL, NULL) = -1 EAGAIN (Try again)
31740 1783932374.702673 recvfrom(79, "h\0\0\0vor_\v\0\0\0\0\0\0\0\224\r]j.\4\0\0\305\\-?\334\261\3262"..., 26624, MSG_DONTWAIT, NULL, NULL) = 104
31740 1783932374.702759 recvfrom(79, 0x7007512840, 26624, MSG_DONTWAIT, NULL, NULL) = -1 EAGAIN (Try again)
31740 1783932374.747166 recvfrom(79, "h\0\0\0vor_\v\0\0\0\0\0\0\0(\5ym.\4\0\0\305\\-?A\365\3102"..., 26624, MSG_DONTWAIT, NULL, NULL) = 104
31740 1783932374.747221 recvfrom(79, 0x7007512840, 26624, MSG_DONTWAIT, NULL, NULL) = -1 EAGAIN (Try again)
31740 1783932374.801160 recvfrom(79, "h\0\0\0vor_\v\0\0\0\0\0\0\0u\317\260p.\4\0\0\305\\-?\247r\2732"..., 26624, MSG_DONTWAIT, NULL, NULL) = 104
31740 1783932374.801224 recvfrom(79, 0x7007512840, 26624, MSG_DONTWAIT, NULL, NULL) = -1 EAGAIN (Try again)
31740 1783932374.851808 recvfrom(79, "h\0\0\0vor_\v\0\0\0\0\0\0\0\337\245\251s.\4\0\0\263\\-?\344k\225\263"..., 26624, MSG_DONTWAIT, NULL, NULL) = 104
31740 1783932374.851836 recvfrom(79, 0x7007512840, 26624, MSG_DONTWAIT, NULL, NULL) = -1 EAGAIN (Try again)
31740 1783932374.902056 recvfrom(79, "h\0\0\0vor_\v\0\0\0\0\0\0\0f\301\256v.\4\0\0\263\\-?\256\215\232\263"..., 26624, MSG_DONTWAIT, NULL, NULL) = 104
31740 1783932374.902126 recvfrom(79, 0x7007512840, 26624, MSG_DONTWAIT, NULL, NULL) = -1 EAGAIN (Try again)
31760 1783932374.933202 clone(child_stack=0x7070e51d40, flags=CLONE_VM|CLONE_FS|CLONE_FILES|CLONE_SIGHAND|CLONE_THREAD|CLONE_SYSVSEM|CLONE_SETTLS|CLONE_PARENT_SETTID|CLONE_CHILD_CLEARTID, parent_tidptr=0x7070e51d60, tls=0x7070e52020, child_tidptr=0x7070e51d60) = 31958
31958 1783932374.942972 openat(AT_FDCWD, "/proc/31958/timerslack_ns", O_WRONLY|O_CREAT|O_TRUNC|O_NOFOLLOW|O_CLOEXEC, 0666) = 80
31740 1783932374.952901 recvfrom(79, "h\0\0\0vor_\v\0\0\0\0\0\0\0/\31\275y.\4\0\0\263\\-?0\226\237\263"..., 26624, MSG_DONTWAIT, NULL, NULL) = 104
31740 1783932374.952946 recvfrom(79, 0x7007512840, 26624, MSG_DONTWAIT, NULL, NULL) = -1 EAGAIN (Try again)
31740 1783932375.004878 recvfrom(79, "h\0\0\0vor_\v\0\0\0\0\0\0\0\3B\326|.\4\0\0\263\\-?\351\205\244\263"..., 26624, MSG_DONTWAIT, NULL, NULL) = 104
31740 1783932375.004905 recvfrom(79, 0x7007512840, 26624, MSG_DONTWAIT, NULL, NULL) = -1 EAGAIN (Try again)
31740 1783932375.059663 recvfrom(79, "h\0\0\0vor_\v\0\0\0\0\0\0\0m\315\31\200.\4\0\0\263\\-?U]\251\263"..., 26624, MSG_DONTWAIT, NULL, NULL) = 104
31740 1783932375.059695 recvfrom(79, 0x7007512840, 26624, MSG_DONTWAIT, NULL, NULL) = -1 EAGAIN (Try again)
31740 1783932375.113099 recvfrom(79, "h\0\0\0vor_\v\0\0\0\0\0\0\0\375\254G\203.\4\0\0\263\\-?\354\34\256\263"..., 26624, MSG_DONTWAIT, NULL, NULL) = 104
31740 1783932375.113160 recvfrom(79, 0x7007512840, 26624, MSG_DONTWAIT, NULL, NULL) = -1 EAGAIN (Try again)
31740 1783932375.169362 recvfrom(79, "h\0\0\0vor_\v\0\0\0\0\0\0\0\357J\240\206.\4\0\0\263\\-?%\305\262\263"..., 26624, MSG_DONTWAIT, NULL, NULL) = 104
31740 1783932375.169432 recvfrom(79, 0x7007512840, 26624, MSG_DONTWAIT, NULL, NULL) = -1 EAGAIN (Try again)
31740 1783932375.228324 recvfrom(79, "h\0\0\0vor_\v\0\0\0\0\0\0\0\354X(\212.\4\0\0\263\\-?uV\267\263"..., 26624, MSG_DONTWAIT, NULL, NULL) = 104
31740 1783932375.228365 recvfrom(79, 0x7007512840, 26624, MSG_DONTWAIT, NULL, NULL) = -1 EAGAIN (Try again)
31740 1783932375.280718 recvfrom(79, "h\0\0\0vor_\v\0\0\0\0\0\0\0\262\264A\215.\4\0\0\263\\-?M\321\273\263"..., 26624, MSG_DONTWAIT, NULL, NULL) = 104
31740 1783932375.280815 recvfrom(79, 0x7007512840, 26624, MSG_DONTWAIT, NULL, NULL) = -1 EAGAIN (Try again)
31740 1783932375.329769 recvfrom(79, "h\0\0\0vor_\v\0\0\0\0\0\0\0\306\3771\220.\4\0\0\241\\-?\357/@\264"..., 26624, MSG_DONTWAIT, NULL, NULL) = 104
31740 1783932375.329835 recvfrom(79, 0x7007512840, 26624, MSG_DONTWAIT, NULL, NULL) = -1 EAGAIN (Try again)
31740 1783932375.381877 recvfrom(79, "h\0\0\0vor_\v\0\0\0\0\0\0\0_\207M\223.\4\0\0\241\\-?OyC\264"..., 26624, MSG_DONTWAIT, NULL, NULL) = 104
31740 1783932375.381932 recvfrom(79, 0x7007512840, 26624, MSG_DONTWAIT, NULL, NULL) = -1 EAGAIN (Try again)
31740 1783932375.440177 recvfrom(79, "h\0\0\0vor_\v\0\0\0\0\0\0\0zn\307\226.\4\0\0\241\\-?\273\260F\264"..., 26624, MSG_DONTWAIT, NULL, NULL) = 104
31740 1783932375.440239 recvfrom(79, 0x7007512840, 26624, MSG_DONTWAIT, NULL, NULL) = -1 EAGAIN (Try again)
31740 1783932375.492670 recvfrom(79, "h\0\0\0vor_\v\0\0\0\0\0\0\0\231\24\347\231.\4\0\0\241\\-?\224\326I\264"..., 26624, MSG_DONTWAIT, NULL, NULL) = 104
31740 1783932375.492732 recvfrom(79, 0x7007512840, 26624, MSG_DONTWAIT, NULL, NULL) = -1 EAGAIN (Try again)
31740 1783932375.552839 recvfrom(79, "h\0\0\0vor_\v\0\0\0\0\0\0\0W\225~\235.\4\0\0\241\\-?8\353L\264"..., 26624, MSG_DONTWAIT, NULL, NULL) = 104
31740 1783932375.552892 recvfrom(79, 0x7007512840, 26624, MSG_DONTWAIT, NULL, NULL) = -1 EAGAIN (Try again)
31740 1783932375.611828 recvfrom(79, "h\0\0\0vor_\v\0\0\0\0\0\0\0\306\257\2\241.\4\0\0\241\\-?\2\357O\264"..., 26624, MSG_DONTWAIT, NULL, NULL) = 104
31740 1783932375.611857 recvfrom(79, 0x7007512840, 26624, MSG_DONTWAIT, NULL, NULL) = -1 EAGAIN (Try again)
31740 1783932375.665335 recvfrom(79, "h\0\0\0vor_\v\0\0\0\0\0\0\0\301\1772\244.\4\0\0\241\\-?J\342R\264"..., 26624, MSG_DONTWAIT, NULL, NULL) = 104
31740 1783932375.665401 recvfrom(79, 0x7007512840, 26624, MSG_DONTWAIT, NULL, NULL) = -1 EAGAIN (Try again)
31740 1783932375.715791 recvfrom(79, "h\0\0\0vor_\v\0\0\0\0\0\0\0GQ2\247.\4\0\0\241\\-?h\305U\264"..., 26624, MSG_DONTWAIT, NULL, NULL) = 104
31740 1783932375.715862 recvfrom(79, 0x7007512840, 26624, MSG_DONTWAIT, NULL, NULL) = -1 EAGAIN (Try again)
31740 1783932375.766987 recvfrom(79, "h\0\0\0vor_\v\0\0\0\0\0\0\0\325(A\252.\4\0\0\241\\-?\260\230X\264"..., 26624, MSG_DONTWAIT, NULL, NULL) = 104
31740 1783932375.767045 recvfrom(79, 0x7007512840, 26624, MSG_DONTWAIT, NULL, NULL) = -1 EAGAIN (Try again)
31740 1783932375.818783 recvfrom(79, "h\0\0\0vor_\v\0\0\0\0\0\0\0\223\246X\255.\4\0\0\241\\-?v\\[\264"..., 26624, MSG_DONTWAIT, NULL, NULL) = 104
31740 1783932375.818812 recvfrom(79, 0x7007512840, 26624, MSG_DONTWAIT, NULL, NULL) = -1 EAGAIN (Try again)
31740 1783932375.870973 recvfrom(79, "h\0\0\0vor_\v\0\0\0\0\0\0\0\334\213q\260.\4\0\0\241\\-?\n\21^\264"..., 26624, MSG_DONTWAIT, NULL, NULL) = 104
31740 1783932375.871015 recvfrom(79, 0x7007512840, 26624, MSG_DONTWAIT, NULL, NULL) = -1 EAGAIN (Try again)
31740 1783932375.923600 recvfrom(79, "h\0\0\0vor_\v\0\0\0\0\0\0\0\214\355\224\263.\4\0\0\241\\-?\274\266`\264"..., 26624, MSG_DONTWAIT, NULL, NULL) = 104
31740 1783932375.923665 recvfrom(79, 0x7007512840, 26624, MSG_DONTWAIT, NULL, NULL) = -1 EAGAIN (Try again)
31740 1783932375.976075 recvfrom(79, "h\0\0\0vor_\v\0\0\0\0\0\0\0\245&\265\266.\4\0\0\241\\-?\331Mc\264"..., 26624, MSG_DONTWAIT, NULL, NULL) = 104
31740 1783932375.976132 recvfrom(79, 0x7007512840, 26624, MSG_DONTWAIT, NULL, NULL) = -1 EAGAIN (Try again)
31740 1783932376.033340 recvfrom(79, "h\0\0\0vor_\v\0\0\0\0\0\0\0\335d\"\272.\4\0\0\241\\-?\254\326e\264"..., 26624, MSG_DONTWAIT, NULL, NULL) = 104
31740 1783932376.033381 recvfrom(79, 0x7007512840, 26624, MSG_DONTWAIT, NULL, NULL) = -1 EAGAIN (Try again)
31740 1783932376.082568 recvfrom(79, "h\0\0\0vor_\v\0\0\0\0\0\0\0\346+\20\275.\4\0\0\220\\-?\371F\244\264"..., 26624, MSG_DONTWAIT, NULL, NULL) = 104
31740 1783932376.082682 recvfrom(79, 0x7007512840, 26624, MSG_DONTWAIT, NULL, NULL) = -1 EAGAIN (Try again)
31740 1783932376.137427 recvfrom(79, "h\0\0\0vor_\v\0\0\0\0\0\0\0\312\351T\300.\4\0\0\220\\-?\216\36\246\264"..., 26624, MSG_DONTWAIT, NULL, NULL) = 104
31740 1783932376.137753 recvfrom(79, 0x7007512840, 26624, MSG_DONTWAIT, NULL, NULL) = -1 EAGAIN (Try again)
31740 1783932376.190108 recvfrom(79, "h\0\0\0vor_\v\0\0\0\0\0\0\0\373\372z\303.\4\0\0\220\\-?3\353\247\264"..., 26624, MSG_DONTWAIT, NULL, NULL) = 104
31740 1783932376.190164 recvfrom(79, 0x7007512840, 26624, MSG_DONTWAIT, NULL, NULL) = -1 EAGAIN (Try again)
31740 1783932376.242490 recvfrom(79, "h\0\0\0vor_\v\0\0\0\0\0\0\0j\364\231\306.\4\0\0\220\\-?$\255\251\264"..., 26624, MSG_DONTWAIT, NULL, NULL) = 104
31740 1783932376.242518 recvfrom(79, 0x7007512840, 26624, MSG_DONTWAIT, NULL, NULL) = -1 EAGAIN (Try again)
31740 1783932376.302530 recvfrom(79, "h\0\0\0vor_\v\0\0\0\0\0\0\0aQ+\312.\4\0\0\220\\-?\235d\253\264"..., 26624, MSG_DONTWAIT, NULL, NULL) = 104
31740 1783932376.302608 recvfrom(79, 0x7007512840, 26624, MSG_DONTWAIT, NULL, NULL) = -1 EAGAIN (Try again)
31740 1783932376.351541 recvfrom(79, "h\0\0\0vor_\v\0\0\0\0\0\0\0006\352\31\315.\4\0\0~\\-?,\233\335\264"..., 26624, MSG_DONTWAIT, NULL, NULL) = 104
31740 1783932376.351593 recvfrom(79, 0x7007512840, 26624, MSG_DONTWAIT, NULL, NULL) = -1 EAGAIN (Try again)
31740 1783932376.402070 recvfrom(79, "h\0\0\0vor_\v\0\0\0\0\0\0\0\2655\35\320.\4\0\0~\\-?\271\373\337\264"..., 26624, MSG_DONTWAIT, NULL, NULL) = 104
31740 1783932376.402098 recvfrom(79, 0x7007512840, 26624, MSG_DONTWAIT, NULL, NULL) = -1 EAGAIN (Try again)
31740 1783932376.457300 recvfrom(79, "h\0\0\0vor_\v\0\0\0\0\0\0\0\0;g\323.\4\0\0~\\-?2M\342\264"..., 26624, MSG_DONTWAIT, NULL, NULL) = 104
31740 1783932376.457340 recvfrom(79, 0x7007512840, 26624, MSG_DONTWAIT, NULL, NULL) = -1 EAGAIN (Try again)
31740 1783932376.508979 recvfrom(79, "h\0\0\0vor_\v\0\0\0\0\0\0\0\365\327u\326.\4\0\0~\\-?\357\217\344\264"..., 26624, MSG_DONTWAIT, NULL, NULL) = 104
31740 1783932376.509097 recvfrom(79, 0x7007512840, 26624, MSG_DONTWAIT, NULL, NULL) = -1 EAGAIN (Try again)
31740 1783932376.562658 recvfrom(79, "h\0\0\0vor_\v\0\0\0\0\0\0\0\355\212\243\331.\4\0\0~\\-?G\304\346\264"..., 26624, MSG_DONTWAIT, NULL, NULL) = 104
31740 1783932376.562713 recvfrom(79, 0x7007512840, 26624, MSG_DONTWAIT, NULL, NULL) = -1 EAGAIN (Try again)
31740 1783932376.612539 recvfrom(79, "h\0\0\0vor_\v\0\0\0\0\0\0\0\307\245\247\334.\4\0\0~\\-?\217\352\350\264"..., 26624, MSG_DONTWAIT, NULL, NULL) = 104
31740 1783932376.612578 recvfrom(79, 0x7007512840, 26624, MSG_DONTWAIT, NULL, NULL) = -1 EAGAIN (Try again)
31740 1783932376.665227 recvfrom(79, "h\0\0\0vor_\v\0\0\0\0\0\0\0N\205\314\337.\4\0\0~\\-?\27\3\353\264"..., 26624, MSG_DONTWAIT, NULL, NULL) = 104
31740 1783932376.665255 recvfrom(79, 0x7007512840, 26624, MSG_DONTWAIT, NULL, NULL) = -1 EAGAIN (Try again)
31740 1783932376.717107 recvfrom(79, "h\0\0\0vor_\v\0\0\0\0\0\0\0\352t\341\342.\4\0\0~\\-?/\16\355\264"..., 26624, MSG_DONTWAIT, NULL, NULL) = 104
31740 1783932376.717263 recvfrom(79, 0x7007512840, 26624, MSG_DONTWAIT, NULL, NULL) = -1 EAGAIN (Try again)
31740 1783932376.769810 recvfrom(79, "h\0\0\0vor_\v\0\0\0\0\0\0\0U\237\7\346.\4\0\0~\\-?%\f\357\264"..., 26624, MSG_DONTWAIT, NULL, NULL) = 104
31740 1783932376.769869 recvfrom(79, 0x7007512840, 26624, MSG_DONTWAIT, NULL, NULL) = -1 EAGAIN (Try again)
31740 1783932376.828941 recvfrom(79, "h\0\0\0vor_\v\0\0\0\0\0\0\0d\260\216\351.\4\0\0~\\-?C\375\360\264"..., 26624, MSG_DONTWAIT, NULL, NULL) = 104
31740 1783932376.828978 recvfrom(79, 0x7007512840, 26624, MSG_DONTWAIT, NULL, NULL) = -1 EAGAIN (Try again)
31740 1783932376.881049 recvfrom(79, "h\0\0\0vor_\v\0\0\0\0\0\0\0i\260\251\354.\4\0\0~\\-?\325\341\362\264"..., 26624, MSG_DONTWAIT, NULL, NULL) = 104
31740 1783932376.881090 recvfrom(79, 0x7007512840, 26624, MSG_DONTWAIT, NULL, NULL) = -1 EAGAIN (Try again)
31740 1783932376.940746 recvfrom(79, "h\0\0\0vor_\v\0\0\0\0\0\0\0\245\3437\360.\4\0\0~\\-?\"\272\364\264"..., 26624, MSG_DONTWAIT, NULL, NULL) = 104
31740 1783932376.940800 recvfrom(79, 0x7007512840, 26624, MSG_DONTWAIT, NULL, NULL) = -1 EAGAIN (Try again)
31740 1783932376.996419 recvfrom(79, "h\0\0\0vor_\v\0\0\0\0\0\0\0^\207o\363.\4\0\0~\\-?o\206\366\264"..., 26624, MSG_DONTWAIT, NULL, NULL) = 104
31740 1783932376.996499 recvfrom(79, 0x7007512840, 26624, MSG_DONTWAIT, NULL, NULL) = -1 EAGAIN (Try again)
31740 1783932377.045167 recvfrom(79, "h\0\0\0vor_\v\0\0\0\0\0\0\0~\355o\366.\4\0\0~\\-?\2G\370\264"..., 26624, MSG_DONTWAIT, NULL, NULL) = 104
31740 1783932377.045214 recvfrom(79, 0x7007512840, 26624, MSG_DONTWAIT, NULL, NULL) = -1 EAGAIN (Try again)
31740 1783932377.095819 recvfrom(79, "h\0\0\0vor_\v\0\0\0\0\0\0\0q\345w\371.\4\0\0~\\-?\35\374\371\264"..., 26624, MSG_DONTWAIT, NULL, NULL) = 104
31740 1783932377.095851 recvfrom(79, 0x7007512840, 26624, MSG_DONTWAIT, NULL, NULL) = -1 EAGAIN (Try again)
31740 1783932377.149019 recvfrom(79, "h\0\0\0vor_\v\0\0\0\0\0\0\08\356\230\374.\4\0\0~\\-?\0\246\373\264"..., 26624, MSG_DONTWAIT, NULL, NULL) = 104
31740 1783932377.149195 recvfrom(79, 0x7007512840, 26624, MSG_DONTWAIT, NULL, NULL) = -1 EAGAIN (Try again)
31740 1783932377.207193 recvfrom(79, "h\0\0\0vor_\v\0\0\0\0\0\0\0L\353\22\0/\4\0\0~\\-?\354D\375\264"..., 26624, MSG_DONTWAIT, NULL, NULL) = 104
31740 1783932377.207539 recvfrom(79, 0x7007512840, 26624, MSG_DONTWAIT, NULL, NULL) = -1 EAGAIN (Try again)
31740 1783932377.264929 recvfrom(79, "h\0\0\0vor_\v\0\0\0\0\0\0\0\210.\206\3/\4\0\0~\\-?\36\331\376\264"..., 26624, MSG_DONTWAIT, NULL, NULL) = 104
31740 1783932377.264992 recvfrom(79, 0x7007512840, 26624, MSG_DONTWAIT, NULL, NULL) = -1 EAGAIN (Try again)
31740 1783932377.319561 recvfrom(79, "h\0\0\0vor_\v\0\0\0\0\0\0\0007\341\313\6/\4\0\0~\\-?i1\0\265"..., 26624, MSG_DONTWAIT, NULL, NULL) = 104
31740 1783932377.319620 recvfrom(79, 0x7007512840, 26624, MSG_DONTWAIT, NULL, NULL) = -1 EAGAIN (Try again)
31740 1783932377.372331 recvfrom(79, "h\0\0\0vor_\v\0\0\0\0\0\0\0(I\362\t/\4\0\0~\\-?\"\361\0\265"..., 26624, MSG_DONTWAIT, NULL, NULL) = 104
31740 1783932377.372367 recvfrom(79, 0x7007512840, 26624, MSG_DONTWAIT, NULL, NULL) = -1 EAGAIN (Try again)
31740 1783932377.429316 recvfrom(79, "h\0\0\0vor_\v\0\0\0\0\0\0\0\233\303X\r/\4\0\0~\\-?\326\253\1\265"..., 26624, MSG_DONTWAIT, NULL, NULL) = 104
31740 1783932377.429340 recvfrom(79, 0x7007512840, 26624, MSG_DONTWAIT, NULL, NULL) = -1 EAGAIN (Try again)
31740 1783932377.483369 recvfrom(79, "h\0\0\0vor_\v\0\0\0\0\0\0\0O\211\207\20/\4\0\0~\\-?\241a\2\265"..., 26624, MSG_DONTWAIT, NULL, NULL) = 104
31740 1783932377.483490 recvfrom(79, 0x7007512840, 26624, MSG_DONTWAIT, NULL, NULL) = -1 EAGAIN (Try again)
31740 1783932377.542290 recvfrom(79, "h\0\0\0vor_\v\0\0\0\0\0\0\0*\215\r\24/\4\0\0~\\-?\236\22\3\265"..., 26624, MSG_DONTWAIT, NULL, NULL) = 104
31740 1783932377.542398 recvfrom(79, 0x7007512840, 26624, MSG_DONTWAIT, NULL, NULL) = -1 EAGAIN (Try again)
31740 1783932377.602870 recvfrom(79, "h\0\0\0vor_\v\0\0\0\0\0\0\0\273\315\242\27/\4\0\0~\\-?\350\276\3\265"..., 26624, MSG_DONTWAIT, NULL, NULL) = 104
31740 1783932377.603062 recvfrom(79, 0x7007512840, 26624, MSG_DONTWAIT, NULL, NULL) = -1 EAGAIN (Try again)
31740 1783932377.656993 recvfrom(79, "h\0\0\0vor_\v\0\0\0\0\0\0\0\"\0\330\32/\4\0\0~\\-?\232f\4\265"..., 26624, MSG_DONTWAIT, NULL, NULL) = 104
31740 1783932377.657200 recvfrom(79, 0x7007512840, 26624, MSG_DONTWAIT, NULL, NULL) = -1 EAGAIN (Try again)
31740 1783932377.708588 recvfrom(79, "h\0\0\0vor_\v\0\0\0\0\0\0\0\361\201\340\35/\4\0\0~\\-?\314\t\5\265"..., 26624, MSG_DONTWAIT, NULL, NULL) = 104
31740 1783932377.708664 recvfrom(79, 0x7007512840, 26624, MSG_DONTWAIT, NULL, NULL) = -1 EAGAIN (Try again)
31740 1783932377.759159 recvfrom(79, "h\0\0\0vor_\v\0\0\0\0\0\0\0\26-\377 /\4\0\0~\\-?\227\250\5\265"..., 26624, MSG_DONTWAIT, NULL, NULL) = 104
31740 1783932377.759344 recvfrom(79, 0x7007512840, 26624, MSG_DONTWAIT, NULL, NULL) = -1 EAGAIN (Try again)
31740 1783932377.812452 recvfrom(79, "h\0\0\0vor_\v\0\0\0\0\0\0\0007d-$/\4\0\0~\\-?\24C\6\265"..., 26624, MSG_DONTWAIT, NULL, NULL) = 104
31740 1783932377.813656 recvfrom(79, 0x7007512840, 26624, MSG_DONTWAIT, NULL, NULL) = -1 EAGAIN (Try again)
31740 1783932377.863233 recvfrom(79, "h\0\0\0vor_\v\0\0\0\0\0\0\0\330\3230'/\4\0\0~\\-?Z\331\6\265"..., 26624, MSG_DONTWAIT, NULL, NULL) = 104
31740 1783932377.863349 recvfrom(79, 0x7007512840, 26624, MSG_DONTWAIT, NULL, NULL) = -1 EAGAIN (Try again)
31740 1783932377.913863 recvfrom(79, "h\0\0\0vor_\v\0\0\0\0\0\0\0\"20*/\4\0\0~\\-?\200k\7\265"..., 26624, MSG_DONTWAIT, NULL, NULL) = 104
31740 1783932377.913967 recvfrom(79, 0x7007512840, 26624, MSG_DONTWAIT, NULL, NULL) = -1 EAGAIN (Try again)
31740 1783932377.970306 recvfrom(79, "h\0\0\0vor_\v\0\0\0\0\0\0\0b\370\224-/\4\0\0~\\-?\235\371\7\265"..., 26624, MSG_DONTWAIT, NULL, NULL) = 104
31740 1783932377.970364 recvfrom(79, 0x7007512840, 26624, MSG_DONTWAIT, NULL, NULL) = -1 EAGAIN (Try again)
31740 1783932378.020618 recvfrom(79, "h\0\0\0vor_\v\0\0\0\0\0\0\0\260\17\2230/\4\0\0~\\-?\306\203\10\265"..., 26624, MSG_DONTWAIT, NULL, NULL) = 104
31740 1783932378.020682 recvfrom(79, 0x7007512840, 26624, MSG_DONTWAIT, NULL, NULL) = -1 EAGAIN (Try again)
31740 1783932378.070779 recvfrom(79, "h\0\0\0vor_\v\0\0\0\0\0\0\0\302#\2223/\4\0\0~\\-?\22\n\t\265"..., 26624, MSG_DONTWAIT, NULL, NULL) = 104
31740 1783932378.070836 recvfrom(79, 0x7007512840, 26624, MSG_DONTWAIT, NULL, NULL) = -1 EAGAIN (Try again)
31740 1783932378.130816 recvfrom(79, "h\0\0\0vor_\v\0\0\0\0\0\0\0v\226\3736/\4\0\0~\\-?\225\214\t\265"..., 26624, MSG_DONTWAIT, NULL, NULL) = 104
31740 1783932378.131039 recvfrom(79, 0x7007512840, 26624, MSG_DONTWAIT, NULL, NULL) = -1 EAGAIN (Try again)
31740 1783932378.181814 recvfrom(79, "h\0\0\0vor_\v\0\0\0\0\0\0\0\265\f0:/\4\0\0~\\-?c\v\n\265"..., 26624, MSG_DONTWAIT, NULL, NULL) = 104
31740 1783932378.181869 recvfrom(79, 0x7007512840, 26624, MSG_DONTWAIT, NULL, NULL) = -1 EAGAIN (Try again)
31740 1783932378.235930 recvfrom(79, "h\0\0\0vor_\v\0\0\0\0\0\0\0X\17i=/\4\0\0~\\-?\221\206\n\265"..., 26624, MSG_DONTWAIT, NULL, NULL) = 104
31740 1783932378.235981 recvfrom(79, 0x7007512840, 26624, MSG_DONTWAIT, NULL, NULL) = -1 EAGAIN (Try again)
31821 1783932378.250407 shutdown(61, SHUT_WR) = 0
31821 1783932378.253383 socketpair(AF_UNIX, SOCK_STREAM, 0, [65, 67]) = 0
31821 1783932378.253656 shutdown(65, SHUT_RDWR) = 0
31821 1783932378.253899 getsockopt(67, SOL_SOCKET, SO_ERROR, [0], [4]) = 0
31821 1783932378.254120 getsockopt(67, SOL_SOCKET, SO_LINGER, {l_onoff=0, l_linger=0}, [8]) = 0
31821 1783932378.256216 getsockopt(65, SOL_SOCKET, SO_ERROR, [0], [4]) = 0
31821 1783932378.256403 getsockopt(65, SOL_SOCKET, SO_LINGER, {l_onoff=0, l_linger=0}, [8]) = 0
31821 1783932378.256840 getsockopt(61, SOL_SOCKET, SO_ERROR, [0], [4]) = 0
31821 1783932378.257026 getsockopt(61, SOL_SOCKET, SO_LINGER, {l_onoff=0, l_linger=0}, [8]) = 0
31740 1783932378.290143 recvfrom(79, "h\0\0\0vor_\v\0\0\0\0\0\0\0\332\25\231@/\4\0\0k\\-?H\316\37\265"..., 26624, MSG_DONTWAIT, NULL, NULL) = 104
31740 1783932378.290204 recvfrom(79, 0x7007512840, 26624, MSG_DONTWAIT, NULL, NULL) = -1 EAGAIN (Try again)
31740 1783932378.309557 recvfrom(79, "h\0\0\0vor_\v\0\0\0\0\0\0\0\266\262\314A/\4\0\0d\\-?\351L+\265"..., 26624, MSG_DONTWAIT, NULL, NULL) = 104
31740 1783932378.309616 recvfrom(79, 0x7007512840, 26624, MSG_DONTWAIT, NULL, NULL) = -1 EAGAIN (Try again)
31740 1783932378.333365 recvfrom(79, "h\0\0\0vor_\v\0\0\0\0\0\0\0\305C7C/\4\0\0\\\\-?\344\3478\265"..., 26624, MSG_DONTWAIT, NULL, NULL) = 104
31740 1783932378.333439 recvfrom(79, 0x7007512840, 26624, MSG_DONTWAIT, NULL, NULL) = -1 EAGAIN (Try again)
31740 1783932378.354536 recvfrom(79, "h\0\0\0vor_\v\0\0\0\0\0\0\0\211\17{D/\4\0\0U\\-?m\255E\265"..., 26624, MSG_DONTWAIT, NULL, NULL) = 104
31740 1783932378.354583 recvfrom(79, 0x7007512840, 26624, MSG_DONTWAIT, NULL, NULL) = -1 EAGAIN (Try again)
31740 1783932378.378040 recvfrom(79, "h\0\0\0vor_\v\0\0\0\0\0\0\0\337\264\342E/\4\0\0N\\-?M\0T\265"..., 26624, MSG_DONTWAIT, NULL, NULL) = 104
31740 1783932378.378073 recvfrom(79, 0x7007512840, 26624, MSG_DONTWAIT, NULL, NULL) = -1 EAGAIN (Try again)
31740 1783932378.397614 recvfrom(79, "h\0\0\0vor_\v\0\0\0\0\0\0\0\307\200\17G/\4\0\0H\\-?6\334`\265"..., 26624, MSG_DONTWAIT, NULL, NULL) = 104
31740 1783932378.397632 recvfrom(79, 0x7007512840, 26624, MSG_DONTWAIT, NULL, NULL) = -1 EAGAIN (Try again)
31813 1783932378.417246 shutdown(68, SHUT_WR) = 0
31740 1783932378.417815 recvfrom(79, "h\0\0\0vor_\v\0\0\0\0\0\0\0\2\256CH/\4\0\0B\\-?\333\\n\265"..., 26624, MSG_DONTWAIT, NULL, NULL) = 104
31740 1783932378.417836 recvfrom(79, 0x7007512840, 26624, MSG_DONTWAIT, NULL, NULL) = -1 EAGAIN (Try again)
31813 1783932378.419538 socketpair(AF_UNIX, SOCK_STREAM, 0, [64, 65]) = 0
31813 1783932378.419727 shutdown(64, SHUT_RDWR) = 0
31813 1783932378.419895 getsockopt(65, SOL_SOCKET, SO_ERROR, [0], [4]) = 0
31813 1783932378.420066 getsockopt(65, SOL_SOCKET, SO_LINGER, {l_onoff=0, l_linger=0}, [8]) = 0
31813 1783932378.420597 getsockopt(64, SOL_SOCKET, SO_ERROR, [0], [4]) = 0
31813 1783932378.420767 getsockopt(64, SOL_SOCKET, SO_LINGER, {l_onoff=0, l_linger=0}, [8]) = 0
31813 1783932378.421110 getsockopt(68, SOL_SOCKET, SO_ERROR, [0], [4]) = 0
31813 1783932378.421326 getsockopt(68, SOL_SOCKET, SO_LINGER, {l_onoff=0, l_linger=0}, [8]) = 0
31740 1783932378.440644 recvfrom(79, "h\0\0\0vor_\v\0\0\0\0\0\0\0\24\325\235I/\4\0\0;\\-?k\204}\265"..., 26624, MSG_DONTWAIT, NULL, NULL) = 104
31740 1783932378.440689 recvfrom(79, 0x7007512840, 26624, MSG_DONTWAIT, NULL, NULL) = -1 EAGAIN (Try again)
31740 1783932378.464828 recvfrom(79, "h\0\0\0vor_\v\0\0\0\0\0\0\0\30\231\20K/\4\0\0004\\-?\242\366\206\265"..., 26624, MSG_DONTWAIT, NULL, NULL) = 104
31740 1783932378.464847 recvfrom(79, 0x7007512840, 26624, MSG_DONTWAIT, NULL, NULL) = -1 EAGAIN (Try again)
31740 1783932378.488619 recvfrom(79, "h\0\0\0vor_\v\0\0\0\0\0\0\0\10UwL/\4\0\0,\\-?T5\217\265"..., 26624, MSG_DONTWAIT, NULL, NULL) = 104
31740 1783932378.488678 recvfrom(79, 0x7007512840, 26624, MSG_DONTWAIT, NULL, NULL) = -1 EAGAIN (Try again)
31740 1783932378.509225 recvfrom(79, "h\0\0\0vor_\v\0\0\0\0\0\0\0\343\312\264M/\4\0\0&\\-?\324\1\227\265"..., 26624, MSG_DONTWAIT, NULL, NULL) = 104
31740 1783932378.509279 recvfrom(79, 0x7007512840, 26624, MSG_DONTWAIT, NULL, NULL) = -1 EAGAIN (Try again)
31740 1783932378.532854 recvfrom(79, "h\0\0\0vor_\v\0\0\0\0\0\0\0\314>\27O/\4\0\0\37\\-?\344\241\237\265"..., 26624, MSG_DONTWAIT, NULL, NULL) = 104
31740 1783932378.532972 recvfrom(79, 0x7007512840, 26624, MSG_DONTWAIT, NULL, NULL) = -1 EAGAIN (Try again)
31740 1783932378.553275 recvfrom(79, "h\0\0\0vor_\v\0\0\0\0\0\0\0D\245PP/\4\0\0\31\\-?x\316\247\265"..., 26624, MSG_DONTWAIT, NULL, NULL) = 104
31740 1783932378.553344 recvfrom(79, 0x7007512840, 26624, MSG_DONTWAIT, NULL, NULL) = -1 EAGAIN (Try again)
31826 1783932378.554482 exit(0)         = ?
31826 1783932378.554835 +++ exited with 0 +++
31808 1783932378.554850 exit(0)         = ?
31808 1783932378.555150 +++ exited with 0 +++
31812 1783932378.555655 exit(0)         = ?
31812 1783932378.555844 +++ exited with 0 +++
31824 1783932378.562103 shutdown(248, SHUT_WR) = 0
31824 1783932378.563761 socketpair(AF_UNIX, SOCK_STREAM, 0, [64, 65]) = 0
31824 1783932378.563951 shutdown(64, SHUT_RDWR) = 0
31824 1783932378.564212 getsockopt(65, SOL_SOCKET, SO_ERROR, [0], [4]) = 0
31824 1783932378.564397 getsockopt(65, SOL_SOCKET, SO_LINGER, {l_onoff=0, l_linger=0}, [8]) = 0
31824 1783932378.564962 getsockopt(64, SOL_SOCKET, SO_ERROR, [0], [4]) = 0
31824 1783932378.565136 getsockopt(64, SOL_SOCKET, SO_LINGER, {l_onoff=0, l_linger=0}, [8]) = 0
31824 1783932378.565469 getsockopt(248, SOL_SOCKET, SO_ERROR, [0], [4]) = 0
31824 1783932378.565641 getsockopt(248, SOL_SOCKET, SO_LINGER, {l_onoff=0, l_linger=0}, [8]) = 0
31740 1783932378.577189 recvfrom(79, "h\0\0\0vor_\v\0\0\0\0\0\0\0\35\r\301Q/\4\0\0\22\\-?\273\32\261\265"..., 26624, MSG_DONTWAIT, NULL, NULL) = 104
31740 1783932378.577209 recvfrom(79, 0x7007512840, 26624, MSG_DONTWAIT, NULL, NULL) = -1 EAGAIN (Try again)
31740 1783932378.601117 recvfrom(79, "h\0\0\0vor_\v\0\0\0\0\0\0\0\2630.S/\4\0\0\v\\-?+\224\272\265"..., 26624, MSG_DONTWAIT, NULL, NULL) = 104
31740 1783932378.601165 recvfrom(79, 0x7007512840, 26624, MSG_DONTWAIT, NULL, NULL) = -1 EAGAIN (Try again)
31831 1783932378.606248 faccessat(AT_FDCWD, "/proc/self/task/31812", F_OK) = -1 ENOENT (No such file or directory)
31740 1783932378.626999 recvfrom(79, "h\0\0\0vor_\v\0\0\0\0\0\0\0\222\206\270T/\4\0\0\4\\-?\231\304\304\265"..., 26624, MSG_DONTWAIT, NULL, NULL) = 104
31740 1783932378.627021 recvfrom(79, 0x7007512840, 26624, MSG_DONTWAIT, NULL, NULL) = -1 EAGAIN (Try again)
31740 1783932378.653974 recvfrom(79, "h\0\0\0vor_\v\0\0\0\0\0\0\0TTVV/\4\0\0\375[-?&\205\317\265"..., 26624, MSG_DONTWAIT, NULL, NULL) = 104
31740 1783932378.654004 recvfrom(79, 0x7007512840, 26624, MSG_DONTWAIT, NULL, NULL) = -1 EAGAIN (Try again)
31740 1783932378.675994 recvfrom(79, "h\0\0\0vor_\v\0\0\0\0\0\0\0aK\241W/\4\0\0\367[-?]\35\331\265"..., 26624, MSG_DONTWAIT, NULL, NULL) = 104
31740 1783932378.676048 recvfrom(79, 0x7007512840, 26624, MSG_DONTWAIT, NULL, NULL) = -1 EAGAIN (Try again)
31740 1783932378.697284 recvfrom(79, "h\0\0\0vor_\v\0\0\0\0\0\0\0\321\n\347X/\4\0\0\361[-?C\317\342\265"..., 26624, MSG_DONTWAIT, NULL, NULL) = 104
31740 1783932378.697368 recvfrom(79, 0x7007512840, 26624, MSG_DONTWAIT, NULL, NULL) = -1 EAGAIN (Try again)
31740 1783932378.723100 recvfrom(79, "h\0\0\0vor_\v\0\0\0\0\0\0\0\361\341rZ/\4\0\0\352[-?G\337\355\265"..., 26624, MSG_DONTWAIT, NULL, NULL) = 104
31740 1783932378.723496 recvfrom(79, 0x7007512840, 26624, MSG_DONTWAIT, NULL, NULL) = -1 EAGAIN (Try again)
31740 1783932378.746023 recvfrom(79, "h\0\0\0vor_\v\0\0\0\0\0\0\0f%\320[/\4\0\0\345[-?\242Y\370\265"..., 26624, MSG_DONTWAIT, NULL, NULL) = 104
31740 1783932378.746078 recvfrom(79, 0x7007512840, 26624, MSG_DONTWAIT, NULL, NULL) = -1 EAGAIN (Try again)
31740 1783932378.765855 recvfrom(79, "h\0\0\0vor_\v\0\0\0\0\0\0\0\30\212\373\\/\4\0\0\341[-?\34\23\1\266"..., 26624, MSG_DONTWAIT, NULL, NULL) = 104
31740 1783932378.765902 recvfrom(79, 0x7007512840, 26624, MSG_DONTWAIT, NULL, NULL) = -1 EAGAIN (Try again)
31740 1783932378.792290 recvfrom(79, "h\0\0\0vor_\v\0\0\0\0\0\0\0\"b\223^/\4\0\0\332[-?D\370\6\266"..., 26624, MSG_DONTWAIT, NULL, NULL) = 104
31740 1783932378.792317 recvfrom(79, 0x7007512840, 26624, MSG_DONTWAIT, NULL, NULL) = -1 EAGAIN (Try again)
31740 1783932378.812568 recvfrom(79, "h\0\0\0vor_\v\0\0\0\0\0\0\0\212\255\312_/\4\0\0\326[-?@!\f\266"..., 26624, MSG_DONTWAIT, NULL, NULL) = 104
31740 1783932378.812591 recvfrom(79, 0x7007512840, 26624, MSG_DONTWAIT, NULL, NULL) = -1 EAGAIN (Try again)
31740 1783932378.813455 recvfrom(79, "h\0\0\0vor_\v\0\0\0\0\0\0\0000\376\325_/\4\0\0\331[-?\205\304\16\266"..., 26624, MSG_DONTWAIT, NULL, NULL) = 104
31740 1783932378.813472 recvfrom(79, 0x7007512840, 26624, MSG_DONTWAIT, NULL, NULL) = -1 EAGAIN (Try again)
31740 1783932378.870306 recvfrom(79, "h\0\0\0vor_\v\0\0\0\0\0\0\0B66c/\4\0\0\334[-?R\341\20\266"..., 26624, MSG_DONTWAIT, NULL, NULL) = 104
31740 1783932378.870358 recvfrom(79, 0x7007512840, 26624, MSG_DONTWAIT, NULL, NULL) = -1 EAGAIN (Try again)
31740 1783932378.930169 recvfrom(79, "h\0\0\0vor_\v\0\0\0\0\0\0\0\373l\300f/\4\0\0\337[-?.\333\22\266"..., 26624, MSG_DONTWAIT, NULL, NULL) = 104
31740 1783932378.930233 recvfrom(79, 0x7007512840, 26624, MSG_DONTWAIT, NULL, NULL) = -1 EAGAIN (Try again)
31740 1783932378.979541 recvfrom(79, "h\0\0\0vor_\v\0\0\0\0\0\0\0H\33\275i/\4\0\0\342[-?\t\264\24\266"..., 26624, MSG_DONTWAIT, NULL, NULL) = 104
31740 1783932378.979601 recvfrom(79, 0x7007512840, 26624, MSG_DONTWAIT, NULL, NULL) = -1 EAGAIN (Try again)
31740 1783932379.033673 recvfrom(79, "h\0\0\0vor_\v\0\0\0\0\0\0\0c\377\370l/\4\0\0\345[-?\263m\26\266"..., 26624, MSG_DONTWAIT, NULL, NULL) = 104
31740 1783932379.033702 recvfrom(79, 0x7007512840, 26624, MSG_DONTWAIT, NULL, NULL) = -1 EAGAIN (Try again)
31740 1783932379.091895 recvfrom(79, "h\0\0\0vor_\v\0\0\0\0\0\0\0a|kp/\4\0\0\347[-?\337\t\30\266"..., 26624, MSG_DONTWAIT, NULL, NULL) = 104
31740 1783932379.091983 recvfrom(79, 0x7007512840, 26624, MSG_DONTWAIT, NULL, NULL) = -1 EAGAIN (Try again)
31740 1783932379.138701 recvfrom(79, "h\0\0\0vor_\v\0\0\0\0\0\0\0\7p5s/\4\0\0\372[-?F\314\23\266"..., 26624, MSG_DONTWAIT, NULL, NULL) = 104
31740 1783932379.138828 recvfrom(79, 0x7007512840, 26624, MSG_DONTWAIT, NULL, NULL) = -1 EAGAIN (Try again)
31740 1783932379.190295 recvfrom(79, "h\0\0\0vor_\v\0\0\0\0\0\0\0tYJv/\4\0\0\374[-?\234!\25\266"..., 26624, MSG_DONTWAIT, NULL, NULL) = 104
31740 1783932379.190353 recvfrom(79, 0x7007512840, 26624, MSG_DONTWAIT, NULL, NULL) = -1 EAGAIN (Try again)
31740 1783932379.243559 recvfrom(79, "h\0\0\0vor_\v\0\0\0\0\0\0\0\202\22{y/\4\0\0\376[-?\r^\26\266"..., 26624, MSG_DONTWAIT, NULL, NULL) = 104
31740 1783932379.243597 recvfrom(79, 0x7007512840, 26624, MSG_DONTWAIT, NULL, NULL) = -1 EAGAIN (Try again)
31740 1783932379.296692 recvfrom(79, "h\0\0\0vor_\v\0\0\0\0\0\0\0F\306\240|/\4\0\0\0\\-?\370\202\27\266"..., 26624, MSG_DONTWAIT, NULL, NULL) = 104
31740 1783932379.296753 recvfrom(79, 0x7007512840, 26624, MSG_DONTWAIT, NULL, NULL) = -1 EAGAIN (Try again)
31740 1783932379.349997 recvfrom(79, "h\0\0\0vor_\v\0\0\0\0\0\0\0\342\213\274\177/\4\0\0\2\\-?\247\221\30\266"..., 26624, MSG_DONTWAIT, NULL, NULL) = 104
31740 1783932379.350056 recvfrom(79, 0x7007512840, 26624, MSG_DONTWAIT, NULL, NULL) = -1 EAGAIN (Try again)
31740 1783932379.403626 recvfrom(79, "h\0\0\0vor_\v\0\0\0\0\0\0\0\311|\4\203/\4\0\0\4\\-?P\213\31\266"..., 26624, MSG_DONTWAIT, NULL, NULL) = 104
31740 1783932379.403677 recvfrom(79, 0x7007512840, 26624, MSG_DONTWAIT, NULL, NULL) = -1 EAGAIN (Try again)
31740 1783932379.454128 recvfrom(79, "h\0\0\0vor_\v\0\0\0\0\0\0\0\250C\10\206/\4\0\0\6\\-?\27q\32\266"..., 26624, MSG_DONTWAIT, NULL, NULL) = 104
31740 1783932379.454163 recvfrom(79, 0x7007512840, 26624, MSG_DONTWAIT, NULL, NULL) = -1 EAGAIN (Try again)
31740 1783932379.505322 recvfrom(79, "h\0\0\0vor_\v\0\0\0\0\0\0\0\240M\16\211/\4\0\0\10\\-?\16D\33\266"..., 26624, MSG_DONTWAIT, NULL, NULL) = 104
31740 1783932379.505574 recvfrom(79, 0x7007512840, 26624, MSG_DONTWAIT, NULL, NULL) = -1 EAGAIN (Try again)
31740 1783932379.555746 recvfrom(79, "h\0\0\0vor_\v\0\0\0\0\0\0\0\210Q\22\214/\4\0\0\n\\-?7\5\34\266"..., 26624, MSG_DONTWAIT, NULL, NULL) = 104
31740 1783932379.555809 recvfrom(79, 0x7007512840, 26624, MSG_DONTWAIT, NULL, NULL) = -1 EAGAIN (Try again)
31740 1783932379.609739 recvfrom(79, "h\0\0\0vor_\v\0\0\0\0\0\0\0@\vK\217/\4\0\0\f\\-?\206\265\34\266"..., 26624, MSG_DONTWAIT, NULL, NULL) = 104
31740 1783932379.609796 recvfrom(79, 0x7007512840, 26624, MSG_DONTWAIT, NULL, NULL) = -1 EAGAIN (Try again)
31740 1783932379.665798 recvfrom(79, "h\0\0\0vor_\v\0\0\0\0\0\0\0\351M\244\222/\4\0\0\17\\-?\340U\35\266"..., 26624, MSG_DONTWAIT, NULL, NULL) = 104
31740 1783932379.665854 recvfrom(79, 0x7007512840, 26624, MSG_DONTWAIT, NULL, NULL) = -1 EAGAIN (Try again)
31740 1783932379.716955 recvfrom(79, "h\0\0\0vor_\v\0\0\0\0\0\0\0\242\300\247\225/\4\0\0\21\\-?\33\347\35\266"..., 26624, MSG_DONTWAIT, NULL, NULL) = 104
31740 1783932379.717043 recvfrom(79, 0x7007512840, 26624, MSG_DONTWAIT, NULL, NULL) = -1 EAGAIN (Try again)
31740 1783932379.772341 recvfrom(79, "h\0\0\0vor_\v\0\0\0\0\0\0\0\231\r\374\230/\4\0\0\23\\-?\6j\36\266"..., 26624, MSG_DONTWAIT, NULL, NULL) = 104
31740 1783932379.772402 recvfrom(79, 0x7007512840, 26624, MSG_DONTWAIT, NULL, NULL) = -1 EAGAIN (Try again)
31740 1783932379.824952 recvfrom(79, "h\0\0\0vor_\v\0\0\0\0\0\0\0\203\235\37\234/\4\0\0\25\\-?a\337\36\266"..., 26624, MSG_DONTWAIT, NULL, NULL) = 104
31740 1783932379.825007 recvfrom(79, 0x7007512840, 26624, MSG_DONTWAIT, NULL, NULL) = -1 EAGAIN (Try again)
31740 1783932379.875108 recvfrom(79, "h\0\0\0vor_\v\0\0\0\0\0\0\0\31\310\31\237/\4\0\0(\\-?k&\31\266"..., 26624, MSG_DONTWAIT, NULL, NULL) = 104
31740 1783932379.875193 recvfrom(79, 0x7007512840, 26624, MSG_DONTWAIT, NULL, NULL) = -1 EAGAIN (Try again)
31740 1783932379.925804 recvfrom(79, "h\0\0\0vor_\v\0\0\0\0\0\0\0}I\36\242/\4\0\0*\\-?mt\31\266"..., 26624, MSG_DONTWAIT, NULL, NULL) = 104
31740 1783932379.925852 recvfrom(79, 0x7007512840, 26624, MSG_DONTWAIT, NULL, NULL) = -1 EAGAIN (Try again)
31740 1783932379.981457 recvfrom(79, "h\0\0\0vor_\v\0\0\0\0\0\0\0vgt\245/\4\0\0+\\-?'\267\31\266"..., 26624, MSG_DONTWAIT, NULL, NULL) = 104
31740 1783932379.981515 recvfrom(79, 0x7007512840, 26624, MSG_DONTWAIT, NULL, NULL) = -1 EAGAIN (Try again)
31740 1783932380.036910 recvfrom(79, "h\0\0\0vor_\v\0\0\0\0\0\0\0\202g\265\250/\4\0\0,\\-?6\357\31\266"..., 26624, MSG_DONTWAIT, NULL, NULL) = 104
31740 1783932380.037534 recvfrom(79, 0x7007512840, 26624, MSG_DONTWAIT, NULL, NULL) = -1 EAGAIN (Try again)
31740 1783932380.088320 recvfrom(79, "h\0\0\0vor_\v\0\0\0\0\0\0\0\335k\306\253/\4\0\0-\\-?-\35\32\266"..., 26624, MSG_DONTWAIT, NULL, NULL) = 104
31740 1783932380.088546 recvfrom(79, 0x7007512840, 26624, MSG_DONTWAIT, NULL, NULL) = -1 EAGAIN (Try again)
31740 1783932380.142317 recvfrom(79, "h\0\0\0vor_\v\0\0\0\0\0\0\0\240'\3\257/\4\0\0.\\-?\227A\32\266"..., 26624, MSG_DONTWAIT, NULL, NULL) = 104
31740 1783932380.142475 recvfrom(79, 0x7007512840, 26624, MSG_DONTWAIT, NULL, NULL) = -1 EAGAIN (Try again)
31740 1783932380.197320 recvfrom(79, "h\0\0\0vor_\v\0\0\0\0\0\0\0\35\30G\262/\4\0\0/\\-?\372\\\32\266"..., 26624, MSG_DONTWAIT, NULL, NULL) = 104
31740 1783932380.197482 recvfrom(79, 0x7007512840, 26624, MSG_DONTWAIT, NULL, NULL) = -1 EAGAIN (Try again)
31740 1783932380.247102 recvfrom(79, "h\0\0\0vor_\v\0\0\0\0\0\0\0\203\276?\265/\4\0\0B\\-?*L\24\266"..., 26624, MSG_DONTWAIT, NULL, NULL) = 104
31740 1783932380.247760 recvfrom(79, 0x7007512840, 26624, MSG_DONTWAIT, NULL, NULL) = -1 EAGAIN (Try again)
31740 1783932380.304485 recvfrom(79, "h\0\0\0vor_\v\0\0\0\0\0\0\0\274Y\260\270/\4\0\0C\\-?\7H\24\266"..., 26624, MSG_DONTWAIT, NULL, NULL) = 104
31740 1783932380.304642 recvfrom(79, 0x7007512840, 26624, MSG_DONTWAIT, NULL, NULL) = -1 EAGAIN (Try again)
31740 1783932380.355287 recvfrom(79, "h\0\0\0vor_\v\0\0\0\0\0\0\0;{\272\273/\4\0\0D\\-?\245<\24\266"..., 26624, MSG_DONTWAIT, NULL, NULL) = 104
31740 1783932380.355344 recvfrom(79, 0x7007512840, 26624, MSG_DONTWAIT, NULL, NULL) = -1 EAGAIN (Try again)
31740 1783932380.412350 recvfrom(79, "h\0\0\0vor_\v\0\0\0\0\0\0\0\303\225%\277/\4\0\0E\\-?k*\24\266"..., 26624, MSG_DONTWAIT, NULL, NULL) = 104
31740 1783932380.412387 recvfrom(79, 0x7007512840, 26624, MSG_DONTWAIT, NULL, NULL) = -1 EAGAIN (Try again)
31740 1783932380.467121 recvfrom(79, "h\0\0\0vor_\v\0\0\0\0\0\0\0\346\372X\302/\4\0\0F\\-?\276\21\24\266"..., 26624, MSG_DONTWAIT, NULL, NULL) = 104
31740 1783932380.467813 recvfrom(79, 0x7007512840, 26624, MSG_DONTWAIT, NULL, NULL) = -1 EAGAIN (Try again)
31740 1783932380.525460 recvfrom(79, "h\0\0\0vor_\v\0\0\0\0\0\0\0\304r\326\305/\4\0\0G\\-?\372\362\23\266"..., 26624, MSG_DONTWAIT, NULL, NULL) = 104
31740 1783932380.525610 recvfrom(79, 0x7007512840, 26624, MSG_DONTWAIT, NULL, NULL) = -1 EAGAIN (Try again)
31740 1783932380.581989 recvfrom(79, "h\0\0\0vor_\v\0\0\0\0\0\0\0006$5\311/\4\0\0H\\-?x\316\23\266"..., 26624, MSG_DONTWAIT, NULL, NULL) = 104
31740 1783932380.582142 recvfrom(79, 0x7007512840, 26624, MSG_DONTWAIT, NULL, NULL) = -1 EAGAIN (Try again)
31740 1783932380.633707 recvfrom(79, "h\0\0\0vor_\v\0\0\0\0\0\0\0\\\206H\314/\4\0\0I\\-?\214\244\23\266"..., 26624, MSG_DONTWAIT, NULL, NULL) = 104
31740 1783932380.633816 recvfrom(79, 0x7007512840, 26624, MSG_DONTWAIT, NULL, NULL) = -1 EAGAIN (Try again)
31740 1783932380.693011 recvfrom(79, "h\0\0\0vor_\v\0\0\0\0\0\0\0\376\7\306\317/\4\0\0J\\-?\205u\23\266"..., 26624, MSG_DONTWAIT, NULL, NULL) = 104
31740 1783932380.693165 recvfrom(79, 0x7007512840, 26624, MSG_DONTWAIT, NULL, NULL) = -1 EAGAIN (Try again)
31740 1783932380.744254 recvfrom(79, "h\0\0\0vor_\v\0\0\0\0\0\0\0\242\374\350\322/\4\0\0K\\-?\256A\23\266"..., 26624, MSG_DONTWAIT, NULL, NULL) = 104
31740 1783932380.744342 recvfrom(79, 0x7007512840, 26624, MSG_DONTWAIT, NULL, NULL) = -1 EAGAIN (Try again)
31740 1783932380.797727 recvfrom(79, "h\0\0\0vor_\v\0\0\0\0\0\0\0\17&\35\326/\4\0\0L\\-?L\t\23\266"..., 26624, MSG_DONTWAIT, NULL, NULL) = 104
31740 1783932380.797787 recvfrom(79, 0x7007512840, 26624, MSG_DONTWAIT, NULL, NULL) = -1 EAGAIN (Try again)
31740 1783932380.857632 recvfrom(79, "h\0\0\0vor_\v\0\0\0\0\0\0\0\251\274\257\331/\4\0\0M\\-?\244\314\22\266"..., 26624, MSG_DONTWAIT, NULL, NULL) = 104
31740 1783932380.857686 recvfrom(79, 0x7007512840, 26624, MSG_DONTWAIT, NULL, NULL) = -1 EAGAIN (Try again)
31740 1783932380.912400 recvfrom(79, "h\0\0\0vor_\v\0\0\0\0\0\0\0R@\347\334/\4\0\0N\\-?\364\213\22\266"..., 26624, MSG_DONTWAIT, NULL, NULL) = 104
31740 1783932380.912458 recvfrom(79, 0x7007512840, 26624, MSG_DONTWAIT, NULL, NULL) = -1 EAGAIN (Try again)
31740 1783932380.965856 recvfrom(79, "h\0\0\0vor_\v\0\0\0\0\0\0\0\16\233\"\340/\4\0\0O\\-?yG\22\266"..., 26624, MSG_DONTWAIT, NULL, NULL) = 104
31740 1783932380.965912 recvfrom(79, 0x7007512840, 26624, MSG_DONTWAIT, NULL, NULL) = -1 EAGAIN (Try again)
31740 1783932381.018409 recvfrom(79, "h\0\0\0vor_\v\0\0\0\0\0\0\0\232\240D\343/\4\0\0P\\-?l\377\21\266"..., 26624, MSG_DONTWAIT, NULL, NULL) = 104
31740 1783932381.018468 recvfrom(79, 0x7007512840, 26624, MSG_DONTWAIT, NULL, NULL) = -1 EAGAIN (Try again)
31740 1783932381.069298 recvfrom(79, "h\0\0\0vor_\v\0\0\0\0\0\0\0\366<N\346/\4\0\0Q\\-?\2\264\21\266"..., 26624, MSG_DONTWAIT, NULL, NULL) = 104
31740 1783932381.069326 recvfrom(79, 0x7007512840, 26624, MSG_DONTWAIT, NULL, NULL) = -1 EAGAIN (Try again)
31740 1783932381.120052 recvfrom(79, "h\0\0\0vor_\v\0\0\0\0\0\0\0c\244N\351/\4\0\0R\\-?oe\21\266"..., 26624, MSG_DONTWAIT, NULL, NULL) = 104
31740 1783932381.120155 recvfrom(79, 0x7007512840, 26624, MSG_DONTWAIT, NULL, NULL) = -1 EAGAIN (Try again)
31740 1783932381.174513 recvfrom(79, "h\0\0\0vor_\v\0\0\0\0\0\0\0\177J\222\354/\4\0\0S\\-?\342\23\21\266"..., 26624, MSG_DONTWAIT, NULL, NULL) = 104
31740 1783932381.174569 recvfrom(79, 0x7007512840, 26624, MSG_DONTWAIT, NULL, NULL) = -1 EAGAIN (Try again)
31740 1783932381.225568 recvfrom(79, "h\0\0\0vor_\v\0\0\0\0\0\0\0\231T\236\357/\4\0\0T\\-?\212\277\20\266"..., 26624, MSG_DONTWAIT, NULL, NULL) = 104
31740 1783932381.225597 recvfrom(79, 0x7007512840, 26624, MSG_DONTWAIT, NULL, NULL) = -1 EAGAIN (Try again)
31740 1783932381.278761 recvfrom(79, "h\0\0\0vor_\v\0\0\0\0\0\0\0\250\231\311\362/\4\0\0U\\-?\222h\20\266"..., 26624, MSG_DONTWAIT, NULL, NULL) = 104
31740 1783932381.278799 recvfrom(79, 0x7007512840, 26624, MSG_DONTWAIT, NULL, NULL) = -1 EAGAIN (Try again)
31740 1783932381.333932 recvfrom(79, "h\0\0\0vor_\v\0\0\0\0\0\0\0\327\204\20\366/\4\0\0V\\-?#\17\20\266"..., 26624, MSG_DONTWAIT, NULL, NULL) = 104
31740 1783932381.334008 recvfrom(79, 0x7007512840, 26624, MSG_DONTWAIT, NULL, NULL) = -1 EAGAIN (Try again)
31740 1783932381.386576 recvfrom(79, "h\0\0\0vor_\v\0\0\0\0\0\0\0\255\2626\371/\4\0\0W\\-?d\263\17\266"..., 26624, MSG_DONTWAIT, NULL, NULL) = 104
31740 1783932381.386633 recvfrom(79, 0x7007512840, 26624, MSG_DONTWAIT, NULL, NULL) = -1 EAGAIN (Try again)
31740 1783932381.437619 recvfrom(79, "h\0\0\0vor_\v\0\0\0\0\0\0\0_\217B\374/\4\0\0Y\\-?|U\17\266"..., 26624, MSG_DONTWAIT, NULL, NULL) = 104
31740 1783932381.437651 recvfrom(79, 0x7007512840, 26624, MSG_DONTWAIT, NULL, NULL) = -1 EAGAIN (Try again)
31740 1783932381.490360 recvfrom(79, "h\0\0\0vor_\v\0\0\0\0\0\0\0\2348c\377/\4\0\0Z\\-?\214\365\16\266"..., 26624, MSG_DONTWAIT, NULL, NULL) = 104
31740 1783932381.490394 recvfrom(79, 0x7007512840, 26624, MSG_DONTWAIT, NULL, NULL) = -1 EAGAIN (Try again)
31740 1783932381.544049 recvfrom(79, "h\0\0\0vor_\v\0\0\0\0\0\0\0_\271\224\0020\4\0\0[\\-?\265\223\16\266"..., 26624, MSG_DONTWAIT, NULL, NULL) = 104
31740 1783932381.544121 recvfrom(79, 0x7007512840, 26624, MSG_DONTWAIT, NULL, NULL) = -1 EAGAIN (Try again)
31740 1783932381.595738 recvfrom(79, "h\0\0\0vor_\v\0\0\0\0\0\0\0\332\333\255\0050\4\0\0\\\\-?\0310\16\266"..., 26624, MSG_DONTWAIT, NULL, NULL) = 104
31740 1783932381.595790 recvfrom(79, 0x7007512840, 26624, MSG_DONTWAIT, NULL, NULL) = -1 EAGAIN (Try again)
31740 1783932381.652491 recvfrom(79, "h\0\0\0vor_\v\0\0\0\0\0\0\0G\200\f\t0\4\0\0]\\-?\325\312\r\266"..., 26624, MSG_DONTWAIT, NULL, NULL) = 104
31740 1783932381.652530 recvfrom(79, 0x7007512840, 26624, MSG_DONTWAIT, NULL, NULL) = -1 EAGAIN (Try again)
31740 1783932381.709522 recvfrom(79, "h\0\0\0vor_\v\0\0\0\0\0\0\0\273\\^\f0\4\0\0^\\-?\5d\r\266"..., 26624, MSG_DONTWAIT, NULL, NULL) = 104
31740 1783932381.709583 recvfrom(79, 0x7007512840, 26624, MSG_DONTWAIT, NULL, NULL) = -1 EAGAIN (Try again)
31740 1783932381.758133 recvfrom(79, "h\0\0\0vor_\v\0\0\0\0\0\0\0x\33[\0170\4\0\0_\\-?\304\373\f\266"..., 26624, MSG_DONTWAIT, NULL, NULL) = 104
31740 1783932381.758209 recvfrom(79, 0x7007512840, 26624, MSG_DONTWAIT, NULL, NULL) = -1 EAGAIN (Try again)
31740 1783932381.817771 recvfrom(79, "h\0\0\0vor_\v\0\0\0\0\0\0\0;\370\346\0220\4\0\0`\\-?-\222\f\266"..., 26624, MSG_DONTWAIT, NULL, NULL) = 104
31740 1783932381.817824 recvfrom(79, 0x7007512840, 26624, MSG_DONTWAIT, NULL, NULL) = -1 EAGAIN (Try again)
31740 1783932381.874032 recvfrom(79, "h\0\0\0vor_\v\0\0\0\0\0\0\0\211?D\0260\4\0\0a\\-?X'\f\266"..., 26624, MSG_DONTWAIT, NULL, NULL) = 104
31740 1783932381.874064 recvfrom(79, 0x7007512840, 26624, MSG_DONTWAIT, NULL, NULL) = -1 EAGAIN (Try again)
31740 1783932381.924758 recvfrom(79, "h\0\0\0vor_\v\0\0\0\0\0\0\0Z\310E\0310\4\0\0b\\-?\\\273\v\266"..., 26624, MSG_DONTWAIT, NULL, NULL) = 104
31740 1783932381.924865 recvfrom(79, 0x7007512840, 26624, MSG_DONTWAIT, NULL, NULL) = -1 EAGAIN (Try again)
31740 1783932381.983604 recvfrom(79, "h\0\0\0vor_\v\0\0\0\0\0\0\0001\34\310\0340\4\0\0c\\-?ON\v\266"..., 26624, MSG_DONTWAIT, NULL, NULL) = 104
31740 1783932381.983693 recvfrom(79, 0x7007512840, 26624, MSG_DONTWAIT, NULL, NULL) = -1 EAGAIN (Try again)
31740 1783932382.034084 recvfrom(79, "h\0\0\0vor_\v\0\0\0\0\0\0\0$\251\314\0370\4\0\0d\\-?G\340\n\266"..., 26624, MSG_DONTWAIT, NULL, NULL) = 104
31740 1783932382.034150 recvfrom(79, 0x7007512840, 26624, MSG_DONTWAIT, NULL, NULL) = -1 EAGAIN (Try again)
31740 1783932382.088061 recvfrom(79, "h\0\0\0vor_\v\0\0\0\0\0\0\0t\270\4#0\4\0\0e\\-?Xq\n\266"..., 26624, MSG_DONTWAIT, NULL, NULL) = 104
31740 1783932382.088104 recvfrom(79, 0x7007512840, 26624, MSG_DONTWAIT, NULL, NULL) = -1 EAGAIN (Try again)
31740 1783932382.142002 recvfrom(79, "h\0\0\0vor_\v\0\0\0\0\0\0\0\206w&&0\4\0\0f\\-?\224\1\n\266"..., 26624, MSG_DONTWAIT, NULL, NULL) = 104
31740 1783932382.142100 recvfrom(79, 0x7007512840, 26624, MSG_DONTWAIT, NULL, NULL) = -1 EAGAIN (Try again)
31740 1783932382.191389 recvfrom(79, "h\0\0\0vor_\v\0\0\0\0\0\0\0\373\377-)0\4\0\0g\\-?\r\221\t\266"..., 26624, MSG_DONTWAIT, NULL, NULL) = 104
31740 1783932382.191446 recvfrom(79, 0x7007512840, 26624, MSG_DONTWAIT, NULL, NULL) = -1 EAGAIN (Try again)
31740 1783932382.243484 recvfrom(79, "h\0\0\0vor_\v\0\0\0\0\0\0\09\271I,0\4\0\0h\\-?\325\37\t\266"..., 26624, MSG_DONTWAIT, NULL, NULL) = 104
31740 1783932382.243513 recvfrom(79, 0x7007512840, 26624, MSG_DONTWAIT, NULL, NULL) = -1 EAGAIN (Try again)
31740 1783932382.296291 recvfrom(79, "h\0\0\0vor_\v\0\0\0\0\0\0\0\317Co/0\4\0\0i\\-?\374\255\10\266"..., 26624, MSG_DONTWAIT, NULL, NULL) = 104
31740 1783932382.296329 recvfrom(79, 0x7007512840, 26624, MSG_DONTWAIT, NULL, NULL) = -1 EAGAIN (Try again)
31740 1783932382.348044 recvfrom(79, "h\0\0\0vor_\v\0\0\0\0\0\0\0 \204\20320\4\0\0j\\-?\221;\10\266"..., 26624, MSG_DONTWAIT, NULL, NULL) = 104
31740 1783932382.348123 recvfrom(79, 0x7007512840, 26624, MSG_DONTWAIT, NULL, NULL) = -1 EAGAIN (Try again)
31740 1783932382.398435 recvfrom(79, "h\0\0\0vor_\v\0\0\0\0\0\0\0\253d\20550\4\0\0k\\-?\244\310\7\266"..., 26624, MSG_DONTWAIT, NULL, NULL) = 104
31740 1783932382.398490 recvfrom(79, 0x7007512840, 26624, MSG_DONTWAIT, NULL, NULL) = -1 EAGAIN (Try again)
31740 1783932382.448981 recvfrom(79, "h\0\0\0vor_\v\0\0\0\0\0\0\0\225\264\21180\4\0\0l\\-?AU\7\266"..., 26624, MSG_DONTWAIT, NULL, NULL) = 104
31740 1783932382.449020 recvfrom(79, 0x7007512840, 26624, MSG_DONTWAIT, NULL, NULL) = -1 EAGAIN (Try again)
31740 1783932382.499218 recvfrom(79, "h\0\0\0vor_\v\0\0\0\0\0\0\0\33\2\211;0\4\0\0m\\-?w\341\6\266"..., 26624, MSG_DONTWAIT, NULL, NULL) = 104
31740 1783932382.499317 recvfrom(79, 0x7007512840, 26624, MSG_DONTWAIT, NULL, NULL) = -1 EAGAIN (Try again)
31740 1783932382.559563 recvfrom(79, "h\0\0\0vor_\v\0\0\0\0\0\0\0\f\324\363>0\4\0\0m\\-?Qm\6\266"..., 26624, MSG_DONTWAIT, NULL, NULL) = 104
31740 1783932382.559624 recvfrom(79, 0x7007512840, 26624, MSG_DONTWAIT, NULL, NULL) = -1 EAGAIN (Try again)
31740 1783932382.602424 recvfrom(79, "h\0\0\0vor_\v\0\0\0\0\0\0\0\244\311\256A0\4\0\0}\\-?[q\0\266"..., 26624, MSG_DONTWAIT, NULL, NULL) = 104
31740 1783932382.602487 recvfrom(79, 0x7007512840, 26624, MSG_DONTWAIT, NULL, NULL) = -1 EAGAIN (Try again)
31740 1783932382.659546 recvfrom(79, "h\0\0\0vor_\v\0\0\0\0\0\0\0\32\371\26E0\4\0\0}\\-?\31\361\377\265"..., 26624, MSG_DONTWAIT, NULL, NULL) = 104
31740 1783932382.659580 recvfrom(79, 0x7007512840, 26624, MSG_DONTWAIT, NULL, NULL) = -1 EAGAIN (Try again)
31740 1783932382.712754 recvfrom(79, "h\0\0\0vor_\v\0\0\0\0\0\0\0+\220AH0\4\0\0}\\-?R\377\376\265"..., 26624, MSG_DONTWAIT, NULL, NULL) = 104
31740 1783932382.712810 recvfrom(79, 0x7007512840, 26624, MSG_DONTWAIT, NULL, NULL) = -1 EAGAIN (Try again)
31740 1783932382.770119 recvfrom(79, "h\0\0\0vor_\v\0\0\0\0\0\0\0SV}K0\4\0\0}\\-?u\r\376\265"..., 26624, MSG_DONTWAIT, NULL, NULL) = 104
31740 1783932382.770209 recvfrom(79, 0x7007512840, 26624, MSG_DONTWAIT, NULL, NULL) = -1 EAGAIN (Try again)
31740 1783932382.817849 recvfrom(79, "h\0\0\0vor_\v\0\0\0\0\0\0\0)\307\203N0\4\0\0}\\-?\226\33\375\265"..., 26624, MSG_DONTWAIT, NULL, NULL) = 104
31740 1783932382.817923 recvfrom(79, 0x7007512840, 26624, MSG_DONTWAIT, NULL, NULL) = -1 EAGAIN (Try again)
31740 1783932382.871453 recvfrom(79, "h\0\0\0vor_\v\0\0\0\0\0\0\0\263\210\265Q0\4\0\0}\\-?\307)\374\265"..., 26624, MSG_DONTWAIT, NULL, NULL) = 104
31740 1783932382.871499 recvfrom(79, 0x7007512840, 26624, MSG_DONTWAIT, NULL, NULL) = -1 EAGAIN (Try again)
31740 1783932382.880642 recvfrom(261, "\2\0\0\0\0\0\0\0\275\20\0\0\0\0\0\0\0\3042R0\4\0\0\1\0\0\0\2\20\0\0"..., 2272, MSG_DONTWAIT, NULL, NULL) = 232
31740 1783932382.881071 sendto(261, "\3\0\0\0\0\0\0\0\275\20\0\0\1\0\0\0", 16, MSG_DONTWAIT|MSG_NOSIGNAL, NULL, 0) = 16
31740 1783932382.881106 recvfrom(261, 0x6ffd11b420, 2272, MSG_DONTWAIT, NULL, NULL) = -1 EAGAIN (Try again)
31740 1783932382.881247 recvfrom(261, "\2\0\0\0\0\0\0\0\277\20\0\0\0\0\0\0\0\3042R0\4\0\0\1\0\0\0\2\20\0\0"..., 2272, MSG_DONTWAIT, NULL, NULL) = 232
31740 1783932382.881387 sendto(261, "\3\0\0\0\0\0\0\0\277\20\0\0\1\0\0\0", 16, MSG_DONTWAIT|MSG_NOSIGNAL, NULL, 0) = 16
31740 1783932382.881419 recvfrom(261, 0x6ffd11b420, 2272, MSG_DONTWAIT, NULL, NULL) = -1 EAGAIN (Try again)
31740 1783932382.882511 openat(AT_FDCWD, "/data/user/0/app.organicmaps/files/settings.ini", O_WRONLY|O_CREAT|O_TRUNC, 0666) = 64
31740 1783932382.883013 recvfrom(38, 0x7fd67a9c40, 3200, MSG_DONTWAIT, NULL, NULL) = -1 EAGAIN (Try again)
31834 1783932382.883582 sendmsg(258, {msg_name=NULL, msg_namelen=0, msg_iov=[{iov_base="l\1\1\1\310\0\0\0\200\0\0\0\235\0\0\0\1\1o\0;\0\0\0/re/frid"..., iov_len=376}], msg_iovlen=1, msg_controllen=0, msg_flags=0}, MSG_NOSIGNAL) = 376
31740 1783932382.964648 recvfrom(38, "nysv\0\0\0\0\0\0\0\0\0\0\0\0\225/\206R0\4\0\0\0004\4\0\200\0\0\0", 3200, MSG_DONTWAIT, NULL, NULL) = 32
31740 1783932382.965167 recvfrom(38, 0x7fd67ab450, 3200, MSG_DONTWAIT, NULL, NULL) = -1 EAGAIN (Try again)
31740 1783932382.966185 recvfrom(261, 0x6ffd11b420, 2272, MSG_DONTWAIT, NULL, NULL) = -1 EAGAIN (Try again)
31740 1783932382.966612 recvfrom(73, 0x70706dd020, 2272, MSG_DONTWAIT, NULL, NULL) = -1 EAGAIN (Try again)
31765 1783932382.983763 faccessat(AT_FDCWD, "/data/user/0/app.organicmaps/shared_prefs/OrganicMapsPrefs.xml", F_OK) = 0
31740 1783932383.027360 recvfrom(79, "h\0\0\0vor_\v\0\0\0\0\0\0\0>F;U0\4\0\0}\\-?\278\373\265"..., 26624, MSG_DONTWAIT, NULL, NULL) = 104
31740 1783932383.027750 recvfrom(79, "h\0\0\0vor_\v\0\0\0\0\0\0\0\344\253CX0\4\0\0}\\-?\230F\372\265"..., 26624, MSG_DONTWAIT, NULL, NULL) = 104
31740 1783932383.028287 recvfrom(79, 0x7007512840, 26624, MSG_DONTWAIT, NULL, NULL) = -1 EAGAIN (Try again)
31740 1783932383.037234 recvfrom(79, "h\0\0\0vor_\v\0\0\0\0\0\0\0\360ke[0\4\0\0}\\-?YU\371\265"..., 26624, MSG_DONTWAIT, NULL, NULL) = 104
31740 1783932383.041105 recvfrom(79, 0x7007512840, 26624, MSG_DONTWAIT, NULL, NULL) = -1 EAGAIN (Try again)
31740 1783932383.090376 recvfrom(79, "h\0\0\0vor_\v\0\0\0\0\0\0\0I\7\267^0\4\0\0}\\-?gd\370\265"..., 26624, MSG_DONTWAIT, NULL, NULL) = 104
31740 1783932383.090756 recvfrom(79, 0x7007512840, 26624, MSG_DONTWAIT, NULL, NULL) = -1 EAGAIN (Try again)
31740 1783932383.148016 recvfrom(79, "h\0\0\0vor_\v\0\0\0\0\0\0\0x\26$b0\4\0\0}\\-?\320s\367\265"..., 26624, MSG_DONTWAIT, NULL, NULL) = 104
31740 1783932383.149051 recvfrom(79, 0x7007512840, 26624, MSG_DONTWAIT, NULL, NULL) = -1 EAGAIN (Try again)
31740 1783932383.201063 recvfrom(79, "h\0\0\0vor_\v\0\0\0\0\0\0\0\377\3472e0\4\0\0}\\-?\241\203\366\265"..., 26624, MSG_DONTWAIT, NULL, NULL) = 104
31740 1783932383.201790 recvfrom(79, 0x7007512840, 26624, MSG_DONTWAIT, NULL, NULL) = -1 EAGAIN (Try again)
31740 1783932383.249549 recvfrom(79, "h\0\0\0vor_\v\0\0\0\0\0\0\0\203\3612h0\4\0\0}\\-?\346\223\365\265"..., 26624, MSG_DONTWAIT, NULL, NULL) = 104
31740 1783932383.249959 recvfrom(79, 0x7007512840, 26624, MSG_DONTWAIT, NULL, NULL) = -1 EAGAIN (Try again)
31740 1783932383.300286 recvfrom(79, "h\0\0\0vor_\v\0\0\0\0\0\0\0\377\320?k0\4\0\0}\\-?\252\244\364\265"..., 26624, MSG_DONTWAIT, NULL, NULL) = 104
31740 1783932383.300704 recvfrom(79, 0x7007512840, 26624, MSG_DONTWAIT, NULL, NULL) = -1 EAGAIN (Try again)
31740 1783932383.360831 recvfrom(79, "h\0\0\0vor_\v\0\0\0\0\0\0\0\373y\331n0\4\0\0}\\-?\371\265\363\265"..., 26624, MSG_DONTWAIT, NULL, NULL) = 104
31740 1783932383.361137 recvfrom(79, 0x7007512840, 26624, MSG_DONTWAIT, NULL, NULL) = -1 EAGAIN (Try again)
31740 1783932383.418184 recvfrom(79, "h\0\0\0vor_\v\0\0\0\0\0\0\0{j\352q0\4\0\0}\\-?\334\307\362\265"..., 26624, MSG_DONTWAIT, NULL, NULL) = 104
31740 1783932383.418464 recvfrom(79, 0x7007512840, 26624, MSG_DONTWAIT, NULL, NULL) = -1 EAGAIN (Try again)
31740 1783932383.462762 recvfrom(79, "h\0\0\0vor_\v\0\0\0\0\0\0\0\4\\\357t0\4\0\0}\\-?]\332\361\265"..., 26624, MSG_DONTWAIT, NULL, NULL) = 104
31740 1783932383.463126 recvfrom(79, 0x7007512840, 26624, MSG_DONTWAIT, NULL, NULL) = -1 EAGAIN (Try again)
31740 1783932383.516942 recvfrom(79, "h\0\0\0vor_\v\0\0\0\0\0\0\0\207\27(x0\4\0\0}\\-?\205\355\360\265"..., 26624, MSG_DONTWAIT, NULL, NULL) = 104
31740 1783932383.517200 recvfrom(79, 0x7007512840, 26624, MSG_DONTWAIT, NULL, NULL) = -1 EAGAIN (Try again)
31740 1783932383.574923 recvfrom(79, "h\0\0\0vor_\v\0\0\0\0\0\0\0\240\25\216{0\4\0\0}\\-?\\\1\360\265"..., 26624, MSG_DONTWAIT, NULL, NULL) = 104
31740 1783932383.577271 recvfrom(79, 0x7007512840, 26624, MSG_DONTWAIT, NULL, NULL) = -1 EAGAIN (Try again)
31740 1783932383.624741 recvfrom(79, "h\0\0\0vor_\v\0\0\0\0\0\0\0\16\264\225~0\4\0\0}\\-?\352\25\357\265"..., 26624, MSG_DONTWAIT, NULL, NULL) = 104
31740 1783932383.625087 recvfrom(79, 0x7007512840, 26624, MSG_DONTWAIT, NULL, NULL) = -1 EAGAIN (Try again)
31740 1783932383.684959 recvfrom(79, "h\0\0\0vor_\v\0\0\0\0\0\0\0\244**\2020\4\0\0}\\-?6+\356\265"..., 26624, MSG_DONTWAIT, NULL, NULL) = 104
31740 1783932383.685795 recvfrom(79, 0x7007512840, 26624, MSG_DONTWAIT, NULL, NULL) = -1 EAGAIN (Try again)
31740 1783932383.737735 recvfrom(79, "h\0\0\0vor_\v\0\0\0\0\0\0\0\327>E\2050\4\0\0}\\-?HA\355\265"..., 26624, MSG_DONTWAIT, NULL, NULL) = 104
31740 1783932383.738185 recvfrom(79, 0x7007512840, 26624, MSG_DONTWAIT, NULL, NULL) = -1 EAGAIN (Try again)
31740 1783932383.805024 recvfrom(79, "h\0\0\0vor_\v\0\0\0\0\0\0\0\366\31\235\2100\4\0\0}\\-?&X\354\265"..., 26624, MSG_DONTWAIT, NULL, NULL) = 104
31740 1783932383.805372 recvfrom(79, 0x7007512840, 26624, MSG_DONTWAIT, NULL, NULL) = -1 EAGAIN (Try again)
31740 1783932383.841601 recvfrom(79, "h\0\0\0vor_\v\0\0\0\0\0\0\0\223\t\206\2130\4\0\0\216\\-?\1\244\337\265"..., 26624, MSG_DONTWAIT, NULL, NULL) = 104
31740 1783932383.841877 recvfrom(79, 0x7007512840, 26624, MSG_DONTWAIT, NULL, NULL) = -1 EAGAIN (Try again)
31740 1783932383.896677 recvfrom(79, "h\0\0\0vor_\v\0\0\0\0\0\0\0\237j\316\2160\4\0\0\216\\-?\227\262\336\265"..., 26624, MSG_DONTWAIT, NULL, NULL) = 104
31740 1783932383.897072 recvfrom(79, 0x7007512840, 26624, MSG_DONTWAIT, NULL, NULL) = -1 EAGAIN (Try again)
31740 1783932383.947190 recvfrom(79, "h\0\0\0vor_\v\0\0\0\0\0\0\0\334V\317\2210\4\0\0\216\\-?r\302\335\265"..., 26624, MSG_DONTWAIT, NULL, NULL) = 104
31740 1783932383.947724 recvfrom(79, 0x7007512840, 26624, MSG_DONTWAIT, NULL, NULL) = -1 EAGAIN (Try again)
31740 1783932384.003032 recvfrom(79, "h\0\0\0vor_\v\0\0\0\0\0\0\0\\t\27\2250\4\0\0\216\\-?\224\323\334\265"..., 26624, MSG_DONTWAIT, NULL, NULL) = 104
31740 1783932384.003437 recvfrom(79, 0x7007512840, 26624, MSG_DONTWAIT, NULL, NULL) = -1 EAGAIN (Try again)
31740 1783932384.053326 recvfrom(79, "h\0\0\0vor_\v\0\0\0\0\0\0\0\257\327\35\2300\4\0\0\216\\-?\377\345\333\265"..., 26624, MSG_DONTWAIT, NULL, NULL) = 104
31740 1783932384.053674 recvfrom(79, 0x7007512840, 26624, MSG_DONTWAIT, NULL, NULL) = -1 EAGAIN (Try again)
31740 1783932384.103827 recvfrom(79, "h\0\0\0vor_\v\0\0\0\0\0\0\0j\33#\2330\4\0\0\216\\-?\266\371\332\265"..., 26624, MSG_DONTWAIT, NULL, NULL) = 104
31740 1783932384.104085 recvfrom(79, 0x7007512840, 26624, MSG_DONTWAIT, NULL, NULL) = -1 EAGAIN (Try again)
31740 1783932384.156028 recvfrom(79, "h\0\0\0vor_\v\0\0\0\0\0\0\0#u?\2360\4\0\0\216\\-?\272\16\332\265"..., 26624, MSG_DONTWAIT, NULL, NULL) = 104
31740 1783932384.156364 recvfrom(79, 0x7007512840, 26624, MSG_DONTWAIT, NULL, NULL) = -1 EAGAIN (Try again)
31740 1783932384.217559 recvfrom(79, "h\0\0\0vor_\v\0\0\0\0\0\0\0\201\374\203\2410\4\0\0\216\\-?\16%\331\265"..., 26624, MSG_DONTWAIT, NULL, NULL) = 104
31740 1783932384.217988 recvfrom(79, 0x7007512840, 26624, MSG_DONTWAIT, NULL, NULL) = -1 EAGAIN (Try again)
31740 1783932384.263860 recvfrom(79, "h\0\0\0vor_\v\0\0\0\0\0\0\0\242?\260\2440\4\0\0\216\\-?\262<\330\265"..., 26624, MSG_DONTWAIT, NULL, NULL) = 104
31740 1783932384.264145 recvfrom(79, 0x7007512840, 26624, MSG_DONTWAIT, NULL, NULL) = -1 EAGAIN (Try again)
31740 1783932384.317050 recvfrom(79, "h\0\0\0vor_\v\0\0\0\0\0\0\0vg\336\2470\4\0\0\216\\-?\247U\327\265"..., 26624, MSG_DONTWAIT, NULL, NULL) = 104
31740 1783932384.317306 recvfrom(79, 0x7007512840, 26624, MSG_DONTWAIT, NULL, NULL) = -1 EAGAIN (Try again)
31740 1783932384.377387 recvfrom(79, "h\0\0\0vor_\v\0\0\0\0\0\0\0\356\331p\2530\4\0\0\216\\-?\357o\326\265"..., 26624, MSG_DONTWAIT, NULL, NULL) = 104
31740 1783932384.377810 recvfrom(79, 0x7007512840, 26624, MSG_DONTWAIT, NULL, NULL) = -1 EAGAIN (Try again)
31740 1783932384.423740 recvfrom(79, "h\0\0\0vor_\v\0\0\0\0\0\0\0\v\3533\2560\4\0\0\237\\-?\333L\312\265"..., 26624, MSG_DONTWAIT, NULL, NULL) = 104
31740 1783932384.424006 recvfrom(79, 0x7007512840, 26624, MSG_DONTWAIT, NULL, NULL) = -1 EAGAIN (Try again)
31740 1783932384.483493 recvfrom(79, "h\0\0\0vor_\v\0\0\0\0\0\0\0\325\370\310\2610\4\0\0\237\\-?=[\311\265"..., 26624, MSG_DONTWAIT, NULL, NULL) = 104
31740 1783932384.483725 recvfrom(79, 0x7007512840, 26624, MSG_DONTWAIT, NULL, NULL) = -1 EAGAIN (Try again)
31740 1783932384.540849 recvfrom(79, "h\0\0\0vor_\v\0\0\0\0\0\0\0c\325&\2650\4\0\0\237\\-?\177k\310\265"..., 26624, MSG_DONTWAIT, NULL, NULL) = 104
31740 1783932384.541163 recvfrom(79, 0x7007512840, 26624, MSG_DONTWAIT, NULL, NULL) = -1 EAGAIN (Try again)
31740 1783932384.588763 recvfrom(79, "h\0\0\0vor_\v\0\0\0\0\0\0\0\36Q\17\2700\4\0\0\260\\-?\343\214\273\265"..., 26624, MSG_DONTWAIT, NULL, NULL) = 104
31740 1783932384.589013 recvfrom(79, 0x7007512840, 26624, MSG_DONTWAIT, NULL, NULL) = -1 EAGAIN (Try again)
31740 1783932384.642808 recvfrom(79, "h\0\0\0vor_\v\0\0\0\0\0\0\0\235\342F\2730\4\0\0\260\\-?\372\211\272\265"..., 26624, MSG_DONTWAIT, NULL, NULL) = 104
31740 1783932384.643039 recvfrom(79, 0x7007512840, 26624, MSG_DONTWAIT, NULL, NULL) = -1 EAGAIN (Try again)
31740 1783932384.696966 recvfrom(79, "h\0\0\0vor_\v\0\0\0\0\0\0\0\323i\204\2760\4\0\0\260\\-?\303\211\271\265"..., 26624, MSG_DONTWAIT, NULL, NULL) = 104
31740 1783932384.697180 recvfrom(79, 0x7007512840, 26624, MSG_DONTWAIT, NULL, NULL) = -1 EAGAIN (Try again)
31740 1783932384.750301 recvfrom(79, "h\0\0\0vor_\v\0\0\0\0\0\0\0\220\371\237\3010\4\0\0\260\\-?4\214\270\265"..., 26624, MSG_DONTWAIT, NULL, NULL) = 104
31740 1783932384.750721 recvfrom(79, 0x7007512840, 26624, MSG_DONTWAIT, NULL, NULL) = -1 EAGAIN (Try again)
31740 1783932384.807072 recvfrom(79, "h\0\0\0vor_\v\0\0\0\0\0\0\0\37\346\16\3050\4\0\0\260\\-?B\221\267\265"..., 26624, MSG_DONTWAIT, NULL, NULL) = 104
31740 1783932384.807327 recvfrom(79, 0x7007512840, 26624, MSG_DONTWAIT, NULL, NULL) = -1 EAGAIN (Try again)
31740 1783932384.858289 recvfrom(79, "h\0\0\0vor_\v\0\0\0\0\0\0\0cP!\3100\4\0\0\260\\-?\344\230\266\265"..., 26624, MSG_DONTWAIT, NULL, NULL) = 104
31740 1783932384.858502 recvfrom(79, 0x7007512840, 26624, MSG_DONTWAIT, NULL, NULL) = -1 EAGAIN (Try again)
31740 1783932384.909086 recvfrom(79, "h\0\0\0vor_\v\0\0\0\0\0\0\0\217\v&\3130\4\0\0\260\\-?\20\243\265\265"..., 26624, MSG_DONTWAIT, NULL, NULL) = 104
31740 1783932384.909330 recvfrom(79, 0x7007512840, 26624, MSG_DONTWAIT, NULL, NULL) = -1 EAGAIN (Try again)
31740 1783932384.960716 recvfrom(79, "h\0\0\0vor_\v\0\0\0\0\0\0\0\222\366\"\3160\4\0\0\260\\-?\274\257\264\265"..., 26624, MSG_DONTWAIT, NULL, NULL) = 104
31740 1783932384.962146 recvfrom(79, 0x7007512840, 26624, MSG_DONTWAIT, NULL, NULL) = -1 EAGAIN (Try again)
31740 1783932385.013895 recvfrom(79, "h\0\0\0vor_\v\0\0\0\0\0\0\0\322]V\3210\4\0\0\260\\-?\337\276\263\265"..., 26624, MSG_DONTWAIT, NULL, NULL) = 104
31740 1783932385.014151 recvfrom(79, 0x7007512840, 26624, MSG_DONTWAIT, NULL, NULL) = -1 EAGAIN (Try again)
31740 1783932385.070815 recvfrom(79, "h\0\0\0vor_\v\0\0\0\0\0\0\0\21\207\304\3240\4\0\0\260\\-?o\320\262\265"..., 26624, MSG_DONTWAIT, NULL, NULL) = 104
31740 1783932385.071040 recvfrom(79, 0x7007512840, 26624, MSG_DONTWAIT, NULL, NULL) = -1 EAGAIN (Try again)
31740 1783932385.123912 recvfrom(79, "h\0\0\0vor_\v\0\0\0\0\0\0\0\3602\365\3270\4\0\0\260\\-?d\344\261\265"..., 26624, MSG_DONTWAIT, NULL, NULL) = 104
31740 1783932385.124146 recvfrom(79, 0x7007512840, 26624, MSG_DONTWAIT, NULL, NULL) = -1 EAGAIN (Try again)
31740 1783932385.177075 recvfrom(79, "h\0\0\0vor_\v\0\0\0\0\0\0\0\242\212\377\3320\4\0\0\260\\-?\265\372\260\265"..., 26624, MSG_DONTWAIT, NULL, NULL) = 104
31740 1783932385.177649 recvfrom(79, 0x7007512840, 26624, MSG_DONTWAIT, NULL, NULL) = -1 EAGAIN (Try again)
31740 1783932385.228320 recvfrom(79, "h\0\0\0vor_\v\0\0\0\0\0\0\0005'0\3360\4\0\0\260\\-?X\23\260\265"..., 26624, MSG_DONTWAIT, NULL, NULL) = 104
31740 1783932385.228512 recvfrom(79, 0x7007512840, 26624, MSG_DONTWAIT, NULL, NULL) = -1 EAGAIN (Try again)
31740 1783932385.287950 recvfrom(79, "h\0\0\0vor_\v\0\0\0\0\0\0\0^U\275\3410\4\0\0\260\\-?E.\257\265"..., 26624, MSG_DONTWAIT, NULL, NULL) = 104
31740 1783932385.288148 recvfrom(79, 0x7007512840, 26624, MSG_DONTWAIT, NULL, NULL) = -1 EAGAIN (Try again)
31740 1783932385.340606 recvfrom(79, "h\0\0\0vor_\v\0\0\0\0\0\0\0`\227\333\3440\4\0\0\260\\-?uK\256\265"..., 26624, MSG_DONTWAIT, NULL, NULL) = 104
31740 1783932385.340941 recvfrom(79, 0x7007512840, 26624, MSG_DONTWAIT, NULL, NULL) = -1 EAGAIN (Try again)
31740 1783932385.393307 recvfrom(79, "h\0\0\0vor_\v\0\0\0\0\0\0\0\204\34\5\3500\4\0\0\260\\-?\337j\255\265"..., 26624, MSG_DONTWAIT, NULL, NULL) = 104
31740 1783932385.393537 recvfrom(79, 0x7007512840, 26624, MSG_DONTWAIT, NULL, NULL) = -1 EAGAIN (Try again)
31740 1783932385.452144 recvfrom(79, "h\0\0\0vor_\v\0\0\0\0\0\0\0AT\202\3530\4\0\0\260\\-?z\214\254\265"..., 26624, MSG_DONTWAIT, NULL, NULL) = 104
31740 1783932385.452338 recvfrom(79, 0x7007512840, 26624, MSG_DONTWAIT, NULL, NULL) = -1 EAGAIN (Try again)
31740 1783932385.507894 recvfrom(79, "h\0\0\0vor_\v\0\0\0\0\0\0\0\356e\324\3560\4\0\0\260\\-??\260\253\265"..., 26624, MSG_DONTWAIT, NULL, NULL) = 104
31740 1783932385.508118 recvfrom(79, 0x7007512840, 26624, MSG_DONTWAIT, NULL, NULL) = -1 EAGAIN (Try again)
31740 1783932385.561713 recvfrom(79, "h\0\0\0vor_\v\0\0\0\0\0\0\0Zy\370\3610\4\0\0\260\\-?%\326\252\265"..., 26624, MSG_DONTWAIT, NULL, NULL) = 104
31740 1783932385.562101 recvfrom(79, 0x7007512840, 26624, MSG_DONTWAIT, NULL, NULL) = -1 EAGAIN (Try again)
31740 1783932385.612762 recvfrom(79, "h\0\0\0vor_\v\0\0\0\0\0\0\0=\315\25\3650\4\0\0\260\\-?&\376\251\265"..., 26624, MSG_DONTWAIT, NULL, NULL) = 104
31740 1783932385.613033 recvfrom(79, 0x7007512840, 26624, MSG_DONTWAIT, NULL, NULL) = -1 EAGAIN (Try again)
31740 1783932385.664955 recvfrom(79, "h\0\0\0vor_\v\0\0\0\0\0\0\0\303\3136\3700\4\0\0\260\\-?8(\251\265"..., 26624, MSG_DONTWAIT, NULL, NULL) = 104
31740 1783932385.665158 recvfrom(79, 0x7007512840, 26624, MSG_DONTWAIT, NULL, NULL) = -1 EAGAIN (Try again)
31740 1783932385.719472 recvfrom(79, "h\0\0\0vor_\v\0\0\0\0\0\0\0;Us\3730\4\0\0\260\\-?VT\250\265"..., 26624, MSG_DONTWAIT, NULL, NULL) = 104
31740 1783932385.719737 recvfrom(79, 0x7007512840, 26624, MSG_DONTWAIT, NULL, NULL) = -1 EAGAIN (Try again)
31740 1783932385.771348 recvfrom(79, "h\0\0\0vor_\v\0\0\0\0\0\0\0y&\213\3760\4\0\0\260\\-?x\202\247\265"..., 26624, MSG_DONTWAIT, NULL, NULL) = 104
31740 1783932385.771676 recvfrom(79, 0x7007512840, 26624, MSG_DONTWAIT, NULL, NULL) = -1 EAGAIN (Try again)
31740 1783932385.824244 recvfrom(79, "h\0\0\0vor_\v\0\0\0\0\0\0\09X\252\0011\4\0\0\260\\-?\226\262\246\265"..., 26624, MSG_DONTWAIT, NULL, NULL) = 104
31740 1783932385.825649 recvfrom(79, 0x7007512840, 26624, MSG_DONTWAIT, NULL, NULL) = -1 EAGAIN (Try again)
31740 1783932385.882933 recvfrom(79, "h\0\0\0vor_\v\0\0\0\0\0\0\0\301\2613\0051\4\0\0\260\\-?\252\344\245\265"..., 26624, MSG_DONTWAIT, NULL, NULL) = 104
31740 1783932385.883135 recvfrom(79, 0x7007512840, 26624, MSG_DONTWAIT, NULL, NULL) = -1 EAGAIN (Try again)
31740 1783932385.938946 recvfrom(79, "h\0\0\0vor_\v\0\0\0\0\0\0\0k\343\211\0101\4\0\0\260\\-?\255\30\245\265"..., 26624, MSG_DONTWAIT, NULL, NULL) = 104
31740 1783932385.939151 recvfrom(79, 0x7007512840, 26624, MSG_DONTWAIT, NULL, NULL) = -1 EAGAIN (Try again)
31740 1783932385.990372 recvfrom(79, "h\0\0\0vor_\v\0\0\0\0\0\0\0_\260\227\v1\4\0\0\260\\-?\227N\244\265"..., 26624, MSG_DONTWAIT, NULL, NULL) = 104
31740 1783932385.990641 recvfrom(79, 0x7007512840, 26624, MSG_DONTWAIT, NULL, NULL) = -1 EAGAIN (Try again)
31740 1783932386.044078 recvfrom(79, "h\0\0\0vor_\v\0\0\0\0\0\0\0\276\347\320\0161\4\0\0\260\\-?d\206\243\265"..., 26624, MSG_DONTWAIT, NULL, NULL) = 104
31740 1783932386.044436 recvfrom(79, 0x7007512840, 26624, MSG_DONTWAIT, NULL, NULL) = -1 EAGAIN (Try again)
31740 1783932386.097787 recvfrom(79, "h\0\0\0vor_\v\0\0\0\0\0\0\0\265\322\367\0211\4\0\0\260\\-?\v\300\242\265"..., 26624, MSG_DONTWAIT, NULL, NULL) = 104
31740 1783932386.098229 recvfrom(79, 0x7007512840, 26624, MSG_DONTWAIT, NULL, NULL) = -1 EAGAIN (Try again)
31740 1783932386.147877 recvfrom(79, "h\0\0\0vor_\v\0\0\0\0\0\0\0~\335\375\0241\4\0\0\260\\-?\206\373\241\265"..., 26624, MSG_DONTWAIT, NULL, NULL) = 104
31740 1783932386.148260 recvfrom(79, 0x7007512840, 26624, MSG_DONTWAIT, NULL, NULL) = -1 EAGAIN (Try again)
31740 1783932386.205895 recvfrom(79, "h\0\0\0vor_\v\0\0\0\0\0\0\0\205\211p\0301\4\0\0\260\\-?\3178\241\265"..., 26624, MSG_DONTWAIT, NULL, NULL) = 104
31740 1783932386.206546 recvfrom(79, 0x7007512840, 26624, MSG_DONTWAIT, NULL, NULL) = -1 EAGAIN (Try again)
31740 1783932386.256366 recvfrom(79, "h\0\0\0vor_\v\0\0\0\0\0\0\0\331\261k\0331\4\0\0\260\\-?\340w\240\265"..., 26624, MSG_DONTWAIT, NULL, NULL) = 104
31740 1783932386.256840 recvfrom(79, 0x7007512840, 26624, MSG_DONTWAIT, NULL, NULL) = -1 EAGAIN (Try again)
31740 1783932386.309625 recvfrom(79, "h\0\0\0vor_\v\0\0\0\0\0\0\0\212\203\220\0361\4\0\0\260\\-?\263\270\237\265"..., 26624, MSG_DONTWAIT, NULL, NULL) = 104
31740 1783932386.310039 recvfrom(79, 0x7007512840, 26624, MSG_DONTWAIT, NULL, NULL) = -1 EAGAIN (Try again)
31740 1783932386.364396 recvfrom(79, "h\0\0\0vor_\v\0\0\0\0\0\0\0M\237\323!1\4\0\0\260\\-?B\373\236\265"..., 26624, MSG_DONTWAIT, NULL, NULL) = 104
31740 1783932386.364853 recvfrom(79, 0x7007512840, 26624, MSG_DONTWAIT, NULL, NULL) = -1 EAGAIN (Try again)
31740 1783932386.424872 recvfrom(79, "h\0\0\0vor_\v\0\0\0\0\0\0\0\223\7Z%1\4\0\0\260\\-?\207?\236\265"..., 26624, MSG_DONTWAIT, NULL, NULL) = 104
31740 1783932386.425379 recvfrom(79, 0x7007512840, 26624, MSG_DONTWAIT, NULL, NULL) = -1 EAGAIN (Try again)
31740 1783932386.477266 recvfrom(79, "h\0\0\0vor_\v\0\0\0\0\0\0\0%\350\227(1\4\0\0\260\\-?|\205\235\265"..., 26624, MSG_DONTWAIT, NULL, NULL) = 104
31740 1783932386.477689 recvfrom(79, 0x7007512840, 26624, MSG_DONTWAIT, NULL, NULL) = -1 EAGAIN (Try again)
31740 1783932386.527956 recvfrom(79, "h\0\0\0vor_\v\0\0\0\0\0\0\0hh\225+1\4\0\0\260\\-?\34\315\234\265"..., 26624, MSG_DONTWAIT, NULL, NULL) = 104
31740 1783932386.528502 recvfrom(79, 0x7007512840, 26624, MSG_DONTWAIT, NULL, NULL) = -1 EAGAIN (Try again)
31740 1783932386.588691 recvfrom(79, "h\0\0\0vor_\v\0\0\0\0\0\0\0\262\247+/1\4\0\0\260\\-?`\26\234\265"..., 26624, MSG_DONTWAIT, NULL, NULL) = 104
31740 1783932386.589576 recvfrom(79, 0x7007512840, 26624, MSG_DONTWAIT, NULL, NULL) = -1 EAGAIN (Try again)
31740 1783932386.642715 recvfrom(79, "h\0\0\0vor_\v\0\0\0\0\0\0\0n7s21\4\0\0\260\\-?Ca\233\265"..., 26624, MSG_DONTWAIT, NULL, NULL) = 104
31740 1783932386.643158 recvfrom(79, 0x7007512840, 26624, MSG_DONTWAIT, NULL, NULL) = -1 EAGAIN (Try again)
31740 1783932386.702352 recvfrom(79, "h\0\0\0vor_\v\0\0\0\0\0\0\0\205\274\36251\4\0\0\260\\-?\301\255\232\265"..., 26624, MSG_DONTWAIT, NULL, NULL) = 104
31740 1783932386.702918 recvfrom(79, 0x7007512840, 26624, MSG_DONTWAIT, NULL, NULL) = -1 EAGAIN (Try again)
31740 1783932386.754535 recvfrom(79, "h\0\0\0vor_\v\0\0\0\0\0\0\0\302\351\2391\4\0\0\260\\-?\324\373\231\265"..., 26624, MSG_DONTWAIT, NULL, NULL) = 104
31740 1783932386.755016 recvfrom(79, 0x7007512840, 26624, MSG_DONTWAIT, NULL, NULL) = -1 EAGAIN (Try again)
31740 1783932386.803854 recvfrom(79, "h\0\0\0vor_\v\0\0\0\0\0\0\0C\322\r<1\4\0\0\302\\-?\22-\215\265"..., 26624, MSG_DONTWAIT, NULL, NULL) = 104
31740 1783932386.804737 recvfrom(79, 0x7007512840, 26624, MSG_DONTWAIT, NULL, NULL) = -1 EAGAIN (Try again)
31740 1783932386.855539 recvfrom(79, "h\0\0\0vor_\v\0\0\0\0\0\0\0\31),?1\4\0\0\302\\-?\376l\214\265"..., 26624, MSG_DONTWAIT, NULL, NULL) = 104
31740 1783932386.855720 recvfrom(79, 0x7007512840, 26624, MSG_DONTWAIT, NULL, NULL) = -1 EAGAIN (Try again)
31740 1783932386.905874 recvfrom(79, "h\0\0\0vor_\v\0\0\0\0\0\0\0y$-B1\4\0\0\302\\-?\16\257\213\265"..., 26624, MSG_DONTWAIT, NULL, NULL) = 104
31740 1783932386.906073 recvfrom(79, 0x7007512840, 26624, MSG_DONTWAIT, NULL, NULL) = -1 EAGAIN (Try again)
31740 1783932386.962810 recvfrom(79, "h\0\0\0vor_\v\0\0\0\0\0\0\0\36]VE1\4\0\0\302\\-?9\363\212\265"..., 26624, MSG_DONTWAIT, NULL, NULL) = 104
31740 1783932386.965711 recvfrom(79, 0x7007512840, 26624, MSG_DONTWAIT, NULL, NULL) = -1 EAGAIN (Try again)
31740 1783932387.010045 recvfrom(79, "h\0\0\0vor_\v\0\0\0\0\0\0\0\341\253RH1\4\0\0\302\\-?u9\212\265"..., 26624, MSG_DONTWAIT, NULL, NULL) = 104
31740 1783932387.010354 recvfrom(79, 0x7007512840, 26624, MSG_DONTWAIT, NULL, NULL) = -1 EAGAIN (Try again)
31740 1783932387.069312 recvfrom(79, "h\0\0\0vor_\v\0\0\0\0\0\0\0fs\351K1\4\0\0\302\\-?\272\201\211\265"..., 26624, MSG_DONTWAIT, NULL, NULL) = 104
31740 1783932387.069519 recvfrom(79, 0x7007512840, 26624, MSG_DONTWAIT, NULL, NULL) = -1 EAGAIN (Try again)
31740 1783932387.122761 recvfrom(79, "h\0\0\0vor_\v\0\0\0\0\0\0\0P\301\27O1\4\0\0\302\\-?\377\313\210\265"..., 26624, MSG_DONTWAIT, NULL, NULL) = 104
31740 1783932387.123003 recvfrom(79, 0x7007512840, 26624, MSG_DONTWAIT, NULL, NULL) = -1 EAGAIN (Try again)
31740 1783932387.172958 recvfrom(79, "h\0\0\0vor_\v\0\0\0\0\0\0\0*\204\26R1\4\0\0\302\\-?<\30\210\265"..., 26624, MSG_DONTWAIT, NULL, NULL) = 104
31740 1783932387.173200 recvfrom(79, 0x7007512840, 26624, MSG_DONTWAIT, NULL, NULL) = -1 EAGAIN (Try again)
31740 1783932387.227625 recvfrom(79, "h\0\0\0vor_\v\0\0\0\0\0\0\0\241\264=U1\4\0\0\302\\-?gf\207\265"..., 26624, MSG_DONTWAIT, NULL, NULL) = 104
31740 1783932387.227922 recvfrom(79, 0x7007512840, 26624, MSG_DONTWAIT, NULL, NULL) = -1 EAGAIN (Try again)
31740 1783932387.281668 recvfrom(79, "h\0\0\0vor_\v\0\0\0\0\0\0\0\252\17\216X1\4\0\0\302\\-?y\266\206\265"..., 26624, MSG_DONTWAIT, NULL, NULL) = 104
31740 1783932387.281880 recvfrom(79, 0x7007512840, 26624, MSG_DONTWAIT, NULL, NULL) = -1 EAGAIN (Try again)
31740 1783932387.336704 recvfrom(79, "h\0\0\0vor_\v\0\0\0\0\0\0\0(\316\327[1\4\0\0\302\\-?j\10\206\265"..., 26624, MSG_DONTWAIT, NULL, NULL) = 104
31740 1783932387.336958 recvfrom(79, 0x7007512840, 26624, MSG_DONTWAIT, NULL, NULL) = -1 EAGAIN (Try again)
31740 1783932387.386366 recvfrom(79, "h\0\0\0vor_\v\0\0\0\0\0\0\0\264O\315^1\4\0\0\324\\-?\372~r\265"..., 26624, MSG_DONTWAIT, NULL, NULL) = 104
31740 1783932387.386790 recvfrom(79, 0x7007512840, 26624, MSG_DONTWAIT, NULL, NULL) = -1 EAGAIN (Try again)
31740 1783932387.438407 recvfrom(79, "h\0\0\0vor_\v\0\0\0\0\0\0\0\206\25\353a1\4\0\0\324\\-?\"\374p\265"..., 26624, MSG_DONTWAIT, NULL, NULL) = 104
31740 1783932387.438608 recvfrom(79, 0x7007512840, 26624, MSG_DONTWAIT, NULL, NULL) = -1 EAGAIN (Try again)
31740 1783932387.491846 recvfrom(79, "h\0\0\0vor_\v\0\0\0\0\0\0\0vc\32e1\4\0\0\324\\-?o~o\265"..., 26624, MSG_DONTWAIT, NULL, NULL) = 104
31740 1783932387.492038 recvfrom(79, 0x7007512840, 26624, MSG_DONTWAIT, NULL, NULL) = -1 EAGAIN (Try again)
31740 1783932387.552515 recvfrom(79, "h\0\0\0vor_\v\0\0\0\0\0\0\0\341\315\260h1\4\0\0\324\\-?\306\5n\265"..., 26624, MSG_DONTWAIT, NULL, NULL) = 104
31740 1783932387.553311 recvfrom(79, 0x7007512840, 26624, MSG_DONTWAIT, NULL, NULL) = -1 EAGAIN (Try again)
31740 1783932387.606026 recvfrom(79, "h\0\0\0vor_\v\0\0\0\0\0\0\0_$\270k1\4\0\0\324\\-?\17\222l\265"..., 26624, MSG_DONTWAIT, NULL, NULL) = 104
31740 1783932387.607265 recvfrom(79, 0x7007512840, 26624, MSG_DONTWAIT, NULL, NULL) = -1 EAGAIN (Try again)
31740 1783932387.654377 recvfrom(79, "h\0\0\0vor_\v\0\0\0\0\0\0\0~\260\312n1\4\0\0\324\\-?0#k\265"..., 26624, MSG_DONTWAIT, NULL, NULL) = 104
31740 1783932387.654570 recvfrom(79, 0x7007512840, 26624, MSG_DONTWAIT, NULL, NULL) = -1 EAGAIN (Try again)
31740 1783932387.712480 recvfrom(79, "h\0\0\0vor_\v\0\0\0\0\0\0\0\254\226?r1\4\0\0\324\\-?\21\271i\265"..., 26624, MSG_DONTWAIT, NULL, NULL) = 104
31740 1783932387.712734 recvfrom(79, 0x7007512840, 26624, MSG_DONTWAIT, NULL, NULL) = -1 EAGAIN (Try again)
31740 1783932387.764659 recvfrom(79, "h\0\0\0vor_\v\0\0\0\0\0\0\0\245=Ru1\4\0\0\324\\-?\233Sh\265"..., 26624, MSG_DONTWAIT, NULL, NULL) = 104
31740 1783932387.764991 recvfrom(79, 0x7007512840, 26624, MSG_DONTWAIT, NULL, NULL) = -1 EAGAIN (Try again)
31740 1783932387.819333 recvfrom(79, "h\0\0\0vor_\v\0\0\0\0\0\0\0\346c\221x1\4\0\0\324\\-?\267\362f\265"..., 26624, MSG_DONTWAIT, NULL, NULL) = 104
31740 1783932387.819516 recvfrom(79, 0x7007512840, 26624, MSG_DONTWAIT, NULL, NULL) = -1 EAGAIN (Try again)
31740 1783932387.872056 recvfrom(79, "h\0\0\0vor_\v\0\0\0\0\0\0\0#\"\301{1\4\0\0\324\\-?N\226e\265"..., 26624, MSG_DONTWAIT, NULL, NULL) = 104
31740 1783932387.872256 recvfrom(79, 0x7007512840, 26624, MSG_DONTWAIT, NULL, NULL) = -1 EAGAIN (Try again)
31740 1783932387.922994 recvfrom(79, "h\0\0\0vor_\v\0\0\0\0\0\0\0\247e\313~1\4\0\0\324\\-?K>d\265"..., 26624, MSG_DONTWAIT, NULL, NULL) = 104
31740 1783932387.923236 recvfrom(79, 0x7007512840, 26624, MSG_DONTWAIT, NULL, NULL) = -1 EAGAIN (Try again)
31740 1783932387.976635 recvfrom(79, "h\0\0\0vor_\v\0\0\0\0\0\0\0l:\376\2011\4\0\0\324\\-?\232\352b\265"..., 26624, MSG_DONTWAIT, NULL, NULL) = 104
31740 1783932387.976823 recvfrom(79, 0x7007512840, 26624, MSG_DONTWAIT, NULL, NULL) = -1 EAGAIN (Try again)
31740 1783932388.029558 recvfrom(79, "h\0\0\0vor_\v\0\0\0\0\0\0\0w\340\374\2041\4\0\0\324\\-?$\233a\265"..., 26624, MSG_DONTWAIT, NULL, NULL) = 104
31740 1783932388.029849 recvfrom(79, 0x7007512840, 26624, MSG_DONTWAIT, NULL, NULL) = -1 EAGAIN (Try again)
31740 1783932388.081607 recvfrom(79, "h\0\0\0vor_\v\0\0\0\0\0\0\0MMA\2101\4\0\0\324\\-?\327O`\265"..., 26624, MSG_DONTWAIT, NULL, NULL) = 104
31740 1783932388.081830 recvfrom(79, 0x7007512840, 26624, MSG_DONTWAIT, NULL, NULL) = -1 EAGAIN (Try again)
31740 1783932388.140236 recvfrom(79, "h\0\0\0vor_\v\0\0\0\0\0\0\0\262\n\271\2131\4\0\0\324\\-?\236\10_\265"..., 26624, MSG_DONTWAIT, NULL, NULL) = 104
31740 1783932388.140523 recvfrom(79, 0x7007512840, 26624, MSG_DONTWAIT, NULL, NULL) = -1 EAGAIN (Try again)
31740 1783932388.194447 recvfrom(79, "h\0\0\0vor_\v\0\0\0\0\0\0\0\344\1\341\2161\4\0\0\324\\-?f\305]\265"..., 26624, MSG_DONTWAIT, NULL, NULL) = 104
31740 1783932388.194627 recvfrom(79, 0x7007512840, 26624, MSG_DONTWAIT, NULL, NULL) = -1 EAGAIN (Try again)
31740 1783932388.246133 recvfrom(79, "h\0\0\0vor_\v\0\0\0\0\0\0\0e\"\17\2221\4\0\0\324\\-?\34\206\\\265"..., 26624, MSG_DONTWAIT, NULL, NULL) = 104
31740 1783932388.246323 recvfrom(79, 0x7007512840, 26624, MSG_DONTWAIT, NULL, NULL) = -1 EAGAIN (Try again)
31740 1783932388.301154 recvfrom(79, "h\0\0\0vor_\v\0\0\0\0\0\0\0)zW\2251\4\0\0\324\\-?\256J[\265"..., 26624, MSG_DONTWAIT, NULL, NULL) = 104
31740 1783932388.301354 recvfrom(79, 0x7007512840, 26624, MSG_DONTWAIT, NULL, NULL) = -1 EAGAIN (Try again)
31740 1783932388.362747 recvfrom(79, "h\0\0\0vor_\v\0\0\0\0\0\0\0K\277\345\2301\4\0\0\324\\-?\t\23Z\265"..., 26624, MSG_DONTWAIT, NULL, NULL) = 104
31740 1783932388.363090 recvfrom(79, 0x7007512840, 26624, MSG_DONTWAIT, NULL, NULL) = -1 EAGAIN (Try again)
31740 1783932388.413587 recvfrom(79, "h\0\0\0vor_\v\0\0\0\0\0\0\0\257\f\v\2341\4\0\0\324\\-?\35\337X\265"..., 26624, MSG_DONTWAIT, NULL, NULL) = 104
31740 1783932388.413791 recvfrom(79, 0x7007512840, 26624, MSG_DONTWAIT, NULL, NULL) = -1 EAGAIN (Try again)
31740 1783932388.464199 recvfrom(79, "h\0\0\0vor_\v\0\0\0\0\0\0\0\353\177\17\2371\4\0\0\324\\-?\331\256W\265"..., 26624, MSG_DONTWAIT, NULL, NULL) = 104
31740 1783932388.464384 recvfrom(79, 0x7007512840, 26624, MSG_DONTWAIT, NULL, NULL) = -1 EAGAIN (Try again)
31740 1783932388.523670 recvfrom(79, "h\0\0\0vor_\v\0\0\0\0\0\0\0=\317\232\2421\4\0\0\324\\-?,\202V\265"..., 26624, MSG_DONTWAIT, NULL, NULL) = 104
31740 1783932388.523886 recvfrom(79, 0x7007512840, 26624, MSG_DONTWAIT, NULL, NULL) = -1 EAGAIN (Try again)
31740 1783932388.585152 recvfrom(79, "h\0\0\0vor_\v\0\0\0\0\0\0\0\260p9\2461\4\0\0\324\\-?\6YU\265"..., 26624, MSG_DONTWAIT, NULL, NULL) = 104
31740 1783932388.585553 recvfrom(79, 0x7007512840, 26624, MSG_DONTWAIT, NULL, NULL) = -1 EAGAIN (Try again)
31740 1783932388.640369 recvfrom(79, "h\0\0\0vor_\v\0\0\0\0\0\0\0+\247\214\2511\4\0\0\324\\-?W3T\265"..., 26624, MSG_DONTWAIT, NULL, NULL) = 104
31740 1783932388.640801 recvfrom(79, 0x7007512840, 26624, MSG_DONTWAIT, NULL, NULL) = -1 EAGAIN (Try again)
31740 1783932388.691978 recvfrom(79, "h\0\0\0vor_\v\0\0\0\0\0\0\0\223\6\241\2541\4\0\0\324\\-?\17\21S\265"..., 26624, MSG_DONTWAIT, NULL, NULL) = 104
31740 1783932388.692182 recvfrom(79, 0x7007512840, 26624, MSG_DONTWAIT, NULL, NULL) = -1 EAGAIN (Try again)
31740 1783932388.752306 recvfrom(79, "h\0\0\0vor_\v\0\0\0\0\0\0\0D\2278\2601\4\0\0\324\\-? \362Q\265"..., 26624, MSG_DONTWAIT, NULL, NULL) = 104
31740 1783932388.752684 recvfrom(79, 0x7007512840, 26624, MSG_DONTWAIT, NULL, NULL) = -1 EAGAIN (Try again)
31740 1783932388.804970 recvfrom(79, "h\0\0\0vor_\v\0\0\0\0\0\0\0\317\33]\2631\4\0\0\324\\-?z\326P\265"..., 26624, MSG_DONTWAIT, NULL, NULL) = 104
31740 1783932388.805195 recvfrom(79, 0x7007512840, 26624, MSG_DONTWAIT, NULL, NULL) = -1 EAGAIN (Try again)
31740 1783932388.856651 recvfrom(79, "h\0\0\0vor_\v\0\0\0\0\0\0\0\243hp\2661\4\0\0\324\\-?\17\276O\265"..., 26624, MSG_DONTWAIT, NULL, NULL) = 104
31740 1783932388.856853 recvfrom(79, 0x7007512840, 26624, MSG_DONTWAIT, NULL, NULL) = -1 EAGAIN (Try again)
31740 1783932388.907557 recvfrom(79, "h\0\0\0vor_\v\0\0\0\0\0\0\0p\364{\2711\4\0\0\324\\-?\320\250N\265"..., 26624, MSG_DONTWAIT, NULL, NULL) = 104
31740 1783932388.907750 recvfrom(79, 0x7007512840, 26624, MSG_DONTWAIT, NULL, NULL) = -1 EAGAIN (Try again)
31740 1783932388.960324 recvfrom(79, "h\0\0\0vor_\v\0\0\0\0\0\0\0\10\\\241\2741\4\0\0\324\\-?\260\226M\265"..., 26624, MSG_DONTWAIT, NULL, NULL) = 104
31740 1783932388.960527 recvfrom(79, 0x7007512840, 26624, MSG_DONTWAIT, NULL, NULL) = -1 EAGAIN (Try again)
31740 1783932389.014224 recvfrom(79, "h\0\0\0vor_\v\0\0\0\0\0\0\08\236\326\2771\4\0\0\324\\-?\242\207L\265"..., 26624, MSG_DONTWAIT, NULL, NULL) = 104
31740 1783932389.014492 recvfrom(79, 0x7007512840, 26624, MSG_DONTWAIT, NULL, NULL) = -1 EAGAIN (Try again)
31740 1783932389.074113 recvfrom(79, "h\0\0\0vor_\v\0\0\0\0\0\0\0\361\303d\3031\4\0\0\324\\-?\231{K\265"..., 26624, MSG_DONTWAIT, NULL, NULL) = 104
31740 1783932389.074423 recvfrom(79, 0x7007512840, 26624, MSG_DONTWAIT, NULL, NULL) = -1 EAGAIN (Try again)
31740 1783932389.125821 recvfrom(79, "h\0\0\0vor_\v\0\0\0\0\0\0\0}\240x\3061\4\0\0\324\\-?\207rJ\265"..., 26624, MSG_DONTWAIT, NULL, NULL) = 104
31740 1783932389.126203 recvfrom(79, 0x7007512840, 26624, MSG_DONTWAIT, NULL, NULL) = -1 EAGAIN (Try again)
31740 1783932389.177658 recvfrom(79, "h\0\0\0vor_\v\0\0\0\0\0\0\0\236\234\205\3111\4\0\0\324\\-?`lI\265"..., 26624, MSG_DONTWAIT, NULL, NULL) = 104
31740 1783932389.178022 recvfrom(79, 0x7007512840, 26624, MSG_DONTWAIT, NULL, NULL) = -1 EAGAIN (Try again)
31740 1783932389.227634 recvfrom(79, "h\0\0\0vor_\v\0\0\0\0\0\0\0\206\370x\3141\4\0\0\346\\-?nU0\265"..., 26624, MSG_DONTWAIT, NULL, NULL) = 104
31740 1783932389.228056 recvfrom(79, 0x7007512840, 26624, MSG_DONTWAIT, NULL, NULL) = -1 EAGAIN (Try again)
31740 1783932389.280385 recvfrom(79, "h\0\0\0vor_\v\0\0\0\0\0\0\0\234\265\240\3171\4\0\0\346\\-?n)/\265"..., 26624, MSG_DONTWAIT, NULL, NULL) = 104
31740 1783932389.280784 recvfrom(79, 0x7007512840, 26624, MSG_DONTWAIT, NULL, NULL) = -1 EAGAIN (Try again)
31740 1783932389.338101 recvfrom(79, "h\0\0\0vor_\v\0\0\0\0\0\0\0\345\255\10\3231\4\0\0\346\\-?\227\1.\265"..., 26624, MSG_DONTWAIT, NULL, NULL) = 104
31740 1783932389.339236 recvfrom(79, 0x7007512840, 26624, MSG_DONTWAIT, NULL, NULL) = -1 EAGAIN (Try again)
31740 1783932389.391234 recvfrom(79, "h\0\0\0vor_\v\0\0\0\0\0\0\0\231\312,\3261\4\0\0\346\\-?\323\335,\265"..., 26624, MSG_DONTWAIT, NULL, NULL) = 104
31740 1783932389.391804 recvfrom(79, 0x7007512840, 26624, MSG_DONTWAIT, NULL, NULL) = -1 EAGAIN (Try again)
31740 1783932389.442063 recvfrom(79, "h\0\0\0vor_\v\0\0\0\0\0\0\0\243vV\3311\4\0\0\346\\-?\20\276+\265"..., 26624, MSG_DONTWAIT, NULL, NULL) = 104
31740 1783932389.442330 recvfrom(79, 0x7007512840, 26624, MSG_DONTWAIT, NULL, NULL) = -1 EAGAIN (Try again)
31740 1783932389.497656 recvfrom(79, "h\0\0\0vor_\v\0\0\0\0\0\0\0R\373\245\3341\4\0\0\346\\-?8\242*\265"..., 26624, MSG_DONTWAIT, NULL, NULL) = 104
31740 1783932389.497930 recvfrom(79, 0x7007512840, 26624, MSG_DONTWAIT, NULL, NULL) = -1 EAGAIN (Try again)
31740 1783932389.551628 recvfrom(79, "h\0\0\0vor_\v\0\0\0\0\0\0\0\37\261\326\3371\4\0\0\346\\-?8\212)\265"..., 26624, MSG_DONTWAIT, NULL, NULL) = 104
31740 1783932389.552381 recvfrom(79, 0x7007512840, 26624, MSG_DONTWAIT, NULL, NULL) = -1 EAGAIN (Try again)
31740 1783932389.611260 recvfrom(79, "h\0\0\0vor_\v\0\0\0\0\0\0\0X\24d\3431\4\0\0\346\\-?\375u(\265"..., 26624, MSG_DONTWAIT, NULL, NULL) = 104
31740 1783932389.611641 recvfrom(79, 0x7007512840, 26624, MSG_DONTWAIT, NULL, NULL) = -1 EAGAIN (Try again)
31740 1783932389.665498 recvfrom(79, "h\0\0\0vor_\v\0\0\0\0\0\0\0002\323\240\3461\4\0\0\346\\-?ue'\265"..., 26624, MSG_DONTWAIT, NULL, NULL) = 104
31740 1783932389.666081 recvfrom(79, 0x7007512840, 26624, MSG_DONTWAIT, NULL, NULL) = -1 EAGAIN (Try again)
31740 1783932389.716599 recvfrom(79, "h\0\0\0vor_\v\0\0\0\0\0\0\0\333\257\243\3511\4\0\0\346\\-?\216X&\265"..., 26624, MSG_DONTWAIT, NULL, NULL) = 104
31740 1783932389.717183 recvfrom(79, 0x7007512840, 26624, MSG_DONTWAIT, NULL, NULL) = -1 EAGAIN (Try again)
31740 1783932389.777370 recvfrom(79, "h\0\0\0vor_\v\0\0\0\0\0\0\0\312\366\24\3551\4\0\0\346\\-?6O%\265"..., 26624, MSG_DONTWAIT, NULL, NULL) = 104
31740 1783932389.780678 recvfrom(79, 0x7007512840, 26624, MSG_DONTWAIT, NULL, NULL) = -1 EAGAIN (Try again)
31740 1783932389.824811 recvfrom(79, "h\0\0\0vor_\v\0\0\0\0\0\0\0\5\305!\3601\4\0\0\346\\-?]I$\265"..., 26624, MSG_DONTWAIT, NULL, NULL) = 104
31740 1783932389.825055 recvfrom(79, 0x7007512840, 26624, MSG_DONTWAIT, NULL, NULL) = -1 EAGAIN (Try again)
31740 1783932389.874634 recvfrom(79, "h\0\0\0vor_\v\0\0\0\0\0\0\0\361\211\36\3631\4\0\0\346\\-?\361F#\265"..., 26624, MSG_DONTWAIT, NULL, NULL) = 104
31740 1783932389.874823 recvfrom(79, 0x7007512840, 26624, MSG_DONTWAIT, NULL, NULL) = -1 EAGAIN (Try again)
31740 1783932389.928185 recvfrom(79, "h\0\0\0vor_\v\0\0\0\0\0\0\0*)Q\3661\4\0\0\346\\-?\342G\"\265"..., 26624, MSG_DONTWAIT, NULL, NULL) = 104
31740 1783932389.928438 recvfrom(79, 0x7007512840, 26624, MSG_DONTWAIT, NULL, NULL) = -1 EAGAIN (Try again)
31740 1783932389.984777 recvfrom(79, "h\0\0\0vor_\v\0\0\0\0\0\0\0\252\322\251\3711\4\0\0\346\\-?!L!\265"..., 26624, MSG_DONTWAIT, NULL, NULL) = 104
31740 1783932389.985543 recvfrom(79, 0x7007512840, 26624, MSG_DONTWAIT, NULL, NULL) = -1 EAGAIN (Try again)
31740 1783932390.044563 recvfrom(79, "h\0\0\0vor_\v\0\0\0\0\0\0\0\374\34!\3751\4\0\0\346\\-?\234S \265"..., 26624, MSG_DONTWAIT, NULL, NULL) = 104
31740 1783932390.044855 recvfrom(79, 0x7007512840, 26624, MSG_DONTWAIT, NULL, NULL) = -1 EAGAIN (Try again)
31740 1783932390.093800 recvfrom(79, "h\0\0\0vor_\v\0\0\0\0\0\0\0\10P1\0002\4\0\0\346\\-?F^\37\265"..., 26624, MSG_DONTWAIT, NULL, NULL) = 104
31740 1783932390.093996 recvfrom(79, 0x7007512840, 26624, MSG_DONTWAIT, NULL, NULL) = -1 EAGAIN (Try again)
31740 1783932390.148016 recvfrom(79, "h\0\0\0vor_\v\0\0\0\0\0\0\0R\274k\0032\4\0\0\346\\-?\17l\36\265"..., 26624, MSG_DONTWAIT, NULL, NULL) = 104
31740 1783932390.149817 recvfrom(79, 0x7007512840, 26624, MSG_DONTWAIT, NULL, NULL) = -1 EAGAIN (Try again)
31740 1783932390.200720 recvfrom(79, "h\0\0\0vor_\v\0\0\0\0\0\0\0\357\231\203\0062\4\0\0\346\\-?\352|\35\265"..., 26624, MSG_DONTWAIT, NULL, NULL) = 104
31740 1783932390.201256 recvfrom(79, 0x7007512840, 26624, MSG_DONTWAIT, NULL, NULL) = -1 EAGAIN (Try again)
31740 1783932390.249798 recvfrom(79, "h\0\0\0vor_\v\0\0\0\0\0\0\0\245\215|\t2\4\0\0\367\\-?}>\4\265"..., 26624, MSG_DONTWAIT, NULL, NULL) = 104
31740 1783932390.249990 recvfrom(79, 0x7007512840, 26624, MSG_DONTWAIT, NULL, NULL) = -1 EAGAIN (Try again)
31740 1783932390.301134 recvfrom(79, "h\0\0\0vor_\v\0\0\0\0\0\0\0u\274\214\f2\4\0\0\367\\-?\16\"\3\265"..., 26624, MSG_DONTWAIT, NULL, NULL) = 104
31740 1783932390.301319 recvfrom(79, 0x7007512840, 26624, MSG_DONTWAIT, NULL, NULL) = -1 EAGAIN (Try again)
31740 1783932390.355596 recvfrom(79, "h\0\0\0vor_\v\0\0\0\0\0\0\0\347H\313\0172\4\0\0\367\\-?\30\n\2\265"..., 26624, MSG_DONTWAIT, NULL, NULL) = 104
31740 1783932390.356035 recvfrom(79, 0x7007512840, 26624, MSG_DONTWAIT, NULL, NULL) = -1 EAGAIN (Try again)
31740 1783932390.406508 recvfrom(79, "h\0\0\0vor_\v\0\0\0\0\0\0\0\273\r\313\0222\4\0\0\367\\-?\201\366\0\265"..., 26624, MSG_DONTWAIT, NULL, NULL) = 104
31740 1783932390.406803 recvfrom(79, 0x7007512840, 26624, MSG_DONTWAIT, NULL, NULL) = -1 EAGAIN (Try again)
31740 1783932390.457085 recvfrom(79, "h\0\0\0vor_\v\0\0\0\0\0\0\0\24@\331\0252\4\0\0\367\\-?h\316\377\264"..., 26624, MSG_DONTWAIT, NULL, NULL) = 104
31740 1783932390.457280 recvfrom(79, 0x7007512840, 26624, MSG_DONTWAIT, NULL, NULL) = -1 EAGAIN (Try again)
31740 1783932390.510677 recvfrom(79, "h\0\0\0vor_\v\0\0\0\0\0\0\0\250\301\n\0312\4\0\0\367\\-?4\270\375\264"..., 26624, MSG_DONTWAIT, NULL, NULL) = 104
31740 1783932390.510867 recvfrom(79, 0x7007512840, 26624, MSG_DONTWAIT, NULL, NULL) = -1 EAGAIN (Try again)
31740 1783932390.562352 recvfrom(79, "h\0\0\0vor_\v\0\0\0\0\0\0\08\322\33\0342\4\0\0\367\\-?:\252\373\264"..., 26624, MSG_DONTWAIT, NULL, NULL) = 104
31740 1783932390.562603 recvfrom(79, 0x7007512840, 26624, MSG_DONTWAIT, NULL, NULL) = -1 EAGAIN (Try again)
31740 1783932390.615271 recvfrom(79, "h\0\0\0vor_\v\0\0\0\0\0\0\0\211\21E\0372\4\0\0\367\\-?Q\244\371\264"..., 26624, MSG_DONTWAIT, NULL, NULL) = 104
31740 1783932390.615508 recvfrom(79, 0x7007512840, 26624, MSG_DONTWAIT, NULL, NULL) = -1 EAGAIN (Try again)
31740 1783932390.666483 recvfrom(79, "h\0\0\0vor_\v\0\0\0\0\0\0\0{\364S\"2\4\0\0\367\\-?M\246\367\264"..., 26624, MSG_DONTWAIT, NULL, NULL) = 104
31740 1783932390.666673 recvfrom(79, 0x7007512840, 26624, MSG_DONTWAIT, NULL, NULL) = -1 EAGAIN (Try again)
31740 1783932390.722854 recvfrom(79, "h\0\0\0vor_\v\0\0\0\0\0\0\0\30\264\253%2\4\0\0\367\\-?\6\260\365\264"..., 26624, MSG_DONTWAIT, NULL, NULL) = 104
31740 1783932390.723041 recvfrom(79, 0x7007512840, 26624, MSG_DONTWAIT, NULL, NULL) = -1 EAGAIN (Try again)
31740 1783932390.774210 recvfrom(79, "h\0\0\0vor_\v\0\0\0\0\0\0\0\26\234\272(2\4\0\0\367\\-?T\301\363\264"..., 26624, MSG_DONTWAIT, NULL, NULL) = 104
31740 1783932390.774455 recvfrom(79, 0x7007512840, 26624, MSG_DONTWAIT, NULL, NULL) = -1 EAGAIN (Try again)
31740 1783932390.832123 recvfrom(79, "h\0\0\0vor_\v\0\0\0\0\0\0\0Y:0,2\4\0\0\367\\-?\17\332\361\264"..., 26624, MSG_DONTWAIT, NULL, NULL) = 104
31740 1783932390.832390 recvfrom(79, 0x7007512840, 26624, MSG_DONTWAIT, NULL, NULL) = -1 EAGAIN (Try again)
31740 1783932390.887958 recvfrom(79, "h\0\0\0vor_\v\0\0\0\0\0\0\0006\257\205/2\4\0\0\367\\-?\23\372\357\264"..., 26624, MSG_DONTWAIT, NULL, NULL) = 104
31740 1783932390.888152 recvfrom(79, 0x7007512840, 26624, MSG_DONTWAIT, NULL, NULL) = -1 EAGAIN (Try again)
31740 1783932390.942328 recvfrom(79, "h\0\0\0vor_\v\0\0\0\0\0\0\0\300)\30422\4\0\0\367\\-?;!\356\264"..., 26624, MSG_DONTWAIT, NULL, NULL) = 104
31740 1783932390.942546 recvfrom(79, 0x7007512840, 26624, MSG_DONTWAIT, NULL, NULL) = -1 EAGAIN (Try again)
31740 1783932390.992161 recvfrom(79, "h\0\0\0vor_\v\0\0\0\0\0\0\0003V\27252\4\0\0\t]-?\375\241\273\264"..., 26624, MSG_DONTWAIT, NULL, NULL) = 104
31740 1783932390.992576 recvfrom(79, 0x7007512840, 26624, MSG_DONTWAIT, NULL, NULL) = -1 EAGAIN (Try again)
31740 1783932391.043143 recvfrom(79, "h\0\0\0vor_\v\0\0\0\0\0\0\0V\270\30582\4\0\0\t]-?C]\271\264"..., 26624, MSG_DONTWAIT, NULL, NULL) = 104
31740 1783932391.043394 recvfrom(79, 0x7007512840, 26624, MSG_DONTWAIT, NULL, NULL) = -1 EAGAIN (Try again)
31740 1783932391.102183 recvfrom(79, "h\0\0\0vor_\v\0\0\0\0\0\0\0\250,L<2\4\0\0\t]-?\360\"\267\264"..., 26624, MSG_DONTWAIT, NULL, NULL) = 104
31740 1783932391.102375 recvfrom(79, 0x7007512840, 26624, MSG_DONTWAIT, NULL, NULL) = -1 EAGAIN (Try again)
31740 1783932391.154506 recvfrom(79, "h\0\0\0vor_\v\0\0\0\0\0\0\0002\23c?2\4\0\0\t]-?\312\362\264\264"..., 26624, MSG_DONTWAIT, NULL, NULL) = 104
31740 1783932391.154755 recvfrom(79, 0x7007512840, 26624, MSG_DONTWAIT, NULL, NULL) = -1 EAGAIN (Try again)
31740 1783932391.214780 recvfrom(79, "h\0\0\0vor_\v\0\0\0\0\0\0\0\25[\377B2\4\0\0\t]-?\226\314\262\264"..., 26624, MSG_DONTWAIT, NULL, NULL) = 104
31740 1783932391.214995 recvfrom(79, 0x7007512840, 26624, MSG_DONTWAIT, NULL, NULL) = -1 EAGAIN (Try again)
31740 1783932391.264947 recvfrom(79, "h\0\0\0vor_\v\0\0\0\0\0\0\0\3\345\377E2\4\0\0\t]-?\36\260\260\264"..., 26624, MSG_DONTWAIT, NULL, NULL) = 104
31740 1783932391.265142 recvfrom(79, 0x7007512840, 26624, MSG_DONTWAIT, NULL, NULL) = -1 EAGAIN (Try again)
31740 1783932391.323123 recvfrom(79, "h\0\0\0vor_\v\0\0\0\0\0\0\0aGuI2\4\0\0\t]-?,\235\256\264"..., 26624, MSG_DONTWAIT, NULL, NULL) = 104
31740 1783932391.323366 recvfrom(79, 0x7007512840, 26624, MSG_DONTWAIT, NULL, NULL) = -1 EAGAIN (Try again)
31740 1783932391.374976 recvfrom(79, "h\0\0\0vor_\v\0\0\0\0\0\0\0\225\325\215L2\4\0\0\t]-?\214\223\254\264"..., 26624, MSG_DONTWAIT, NULL, NULL) = 104
31740 1783932391.375210 recvfrom(79, 0x7007512840, 26624, MSG_DONTWAIT, NULL, NULL) = -1 EAGAIN (Try again)
31740 1783932391.425992 recvfrom(79, "h\0\0\0vor_\v\0\0\0\0\0\0\0000)\227O2\4\0\0\t]-?\t\223\252\264"..., 26624, MSG_DONTWAIT, NULL, NULL) = 104
31740 1783932391.426174 recvfrom(79, 0x7007512840, 26624, MSG_DONTWAIT, NULL, NULL) = -1 EAGAIN (Try again)
31740 1783932391.480938 recvfrom(79, "h\0\0\0vor_\v\0\0\0\0\0\0\0001v\336R2\4\0\0\t]-?r\233\250\264"..., 26624, MSG_DONTWAIT, NULL, NULL) = 104
31740 1783932391.481126 recvfrom(79, 0x7007512840, 26624, MSG_DONTWAIT, NULL, NULL) = -1 EAGAIN (Try again)
31740 1783932391.536071 recvfrom(79, "h\0\0\0vor_\v\0\0\0\0\0\0\0+\366\37V2\4\0\0\t]-?\226\254\246\264"..., 26624, MSG_DONTWAIT, NULL, NULL) = 104
31740 1783932391.536279 recvfrom(79, 0x7007512840, 26624, MSG_DONTWAIT, NULL, NULL) = -1 EAGAIN (Try again)
31740 1783932391.592622 recvfrom(79, "h\0\0\0vor_\v\0\0\0\0\0\0\0006R\200Y2\4\0\0\t]-?F\306\244\264"..., 26624, MSG_DONTWAIT, NULL, NULL) = 104
31740 1783932391.593153 recvfrom(79, 0x7007512840, 26624, MSG_DONTWAIT, NULL, NULL) = -1 EAGAIN (Try again)
31740 1783932391.648559 recvfrom(79, "h\0\0\0vor_\v\0\0\0\0\0\0\0*\331\326\\2\4\0\0\t]-?T\350\242\264"..., 26624, MSG_DONTWAIT, NULL, NULL) = 104
31740 1783932391.648893 recvfrom(79, 0x7007512840, 26624, MSG_DONTWAIT, NULL, NULL) = -1 EAGAIN (Try again)
31740 1783932391.700361 recvfrom(79, "h\0\0\0vor_\v\0\0\0\0\0\0\0\303\344\362_2\4\0\0\t]-?\223\22\241\264"..., 26624, MSG_DONTWAIT, NULL, NULL) = 104
31740 1783932391.700571 recvfrom(79, 0x7007512840, 26624, MSG_DONTWAIT, NULL, NULL) = -1 EAGAIN (Try again)
31740 1783932391.760523 recvfrom(79, "h\0\0\0vor_\v\0\0\0\0\0\0\0\232C\210c2\4\0\0\t]-?\327D\237\264"..., 26624, MSG_DONTWAIT, NULL, NULL) = 104
31740 1783932391.760749 recvfrom(79, 0x7007512840, 26624, MSG_DONTWAIT, NULL, NULL) = -1 EAGAIN (Try again)
31740 1783932391.819702 recvfrom(79, "h\0\0\0vor_\v\0\0\0\0\0\0\0uu\4g2\4\0\0\t]-?\365~\235\264"..., 26624, MSG_DONTWAIT, NULL, NULL) = 104
31740 1783932391.820100 recvfrom(79, 0x7007512840, 26624, MSG_DONTWAIT, NULL, NULL) = -1 EAGAIN (Try again)
31740 1783932391.876676 recvfrom(79, "h\0\0\0vor_\v\0\0\0\0\0\0\0r?pj2\4\0\0\t]-?\303\300\233\264"..., 26624, MSG_DONTWAIT, NULL, NULL) = 104
31740 1783932391.876915 recvfrom(79, 0x7007512840, 26624, MSG_DONTWAIT, NULL, NULL) = -1 EAGAIN (Try again)
31740 1783932391.928370 recvfrom(79, "h\0\0\0vor_\v\0\0\0\0\0\0\0\5X\212m2\4\0\0\t]-?\31\n\232\264"..., 26624, MSG_DONTWAIT, NULL, NULL) = 104
31740 1783932391.928564 recvfrom(79, 0x7007512840, 26624, MSG_DONTWAIT, NULL, NULL) = -1 EAGAIN (Try again)
31740 1783932391.978607 recvfrom(79, "h\0\0\0vor_\v\0\0\0\0\0\0\0\346\34\205p2\4\0\0\33]-?\366\207N\264"..., 26624, MSG_DONTWAIT, NULL, NULL) = 104
31740 1783932391.979112 recvfrom(79, 0x7007512840, 26624, MSG_DONTWAIT, NULL, NULL) = -1 EAGAIN (Try again)
31740 1783932392.031024 recvfrom(79, "h\0\0\0vor_\v\0\0\0\0\0\0\0\275\326\245s2\4\0\0\33]-?\7,J\264"..., 26624, MSG_DONTWAIT, NULL, NULL) = 104
31740 1783932392.031270 recvfrom(79, 0x7007512840, 26624, MSG_DONTWAIT, NULL, NULL) = -1 EAGAIN (Try again)
31740 1783932392.085839 recvfrom(79, "h\0\0\0vor_\v\0\0\0\0\0\0\0\324w\343v2\4\0\0\33]-?5\346E\264"..., 26624, MSG_DONTWAIT, NULL, NULL) = 104
31740 1783932392.086196 recvfrom(79, 0x7007512840, 26624, MSG_DONTWAIT, NULL, NULL) = -1 EAGAIN (Try again)
31740 1783932392.138173 recvfrom(79, "h\0\0\0vor_\v\0\0\0\0\0\0\0\323+\366y2\4\0\0\33]-?\1\266A\264"..., 26624, MSG_DONTWAIT, NULL, NULL) = 104
31740 1783932392.138631 recvfrom(79, 0x7007512840, 26624, MSG_DONTWAIT, NULL, NULL) = -1 EAGAIN (Try again)
31740 1783932392.191621 recvfrom(79, "h\0\0\0vor_\v\0\0\0\0\0\0\0c\246\37}2\4\0\0\33]-?\356\232=\264"..., 26624, MSG_DONTWAIT, NULL, NULL) = 104
31740 1783932392.192088 recvfrom(79, 0x7007512840, 26624, MSG_DONTWAIT, NULL, NULL) = -1 EAGAIN (Try again)
31740 1783932392.241882 recvfrom(79, "h\0\0\0vor_\v\0\0\0\0\0\0\0\344\354\35\2002\4\0\0\33]-?\203\2249\264"..., 26624, MSG_DONTWAIT, NULL, NULL) = 104
31740 1783932392.242695 recvfrom(79, 0x7007512840, 26624, MSG_DONTWAIT, NULL, NULL) = -1 EAGAIN (Try again)
31740 1783932392.295147 recvfrom(79, "h\0\0\0vor_\v\0\0\0\0\0\0\0\352;R\2032\4\0\0\33]-?J\2425\264"..., 26624, MSG_DONTWAIT, NULL, NULL) = 104
31740 1783932392.295720 recvfrom(79, 0x7007512840, 26624, MSG_DONTWAIT, NULL, NULL) = -1 EAGAIN (Try again)
31740 1783932392.346974 recvfrom(79, "h\0\0\0vor_\v\0\0\0\0\0\0\0\276\330p\2062\4\0\0\33]-?\317\3031\264"..., 26624, MSG_DONTWAIT, NULL, NULL) = 104
31740 1783932392.347382 recvfrom(79, 0x7007512840, 26624, MSG_DONTWAIT, NULL, NULL) = -1 EAGAIN (Try again)
31740 1783932392.398310 recvfrom(79, "h\0\0\0vor_\v\0\0\0\0\0\0\0(+\177\2112\4\0\0\33]-?\244\370-\264"..., 26624, MSG_DONTWAIT, NULL, NULL) = 104
31740 1783932392.399007 recvfrom(79, 0x7007512840, 26624, MSG_DONTWAIT, NULL, NULL) = -1 EAGAIN (Try again)
31740 1783932392.448830 recvfrom(79, "h\0\0\0vor_\v\0\0\0\0\0\0\0\327\352\201\2142\4\0\0\33]-?[@*\264"..., 26624, MSG_DONTWAIT, NULL, NULL) = 104
31740 1783932392.449565 recvfrom(79, 0x7007512840, 26624, MSG_DONTWAIT, NULL, NULL) = -1 EAGAIN (Try again)
31740 1783932392.505060 recvfrom(79, "h\0\0\0vor_\v\0\0\0\0\0\0\0\215\326\321\2172\4\0\0\33]-?\211\232&\264"..., 26624, MSG_DONTWAIT, NULL, NULL) = 104
31740 1783932392.505492 recvfrom(79, 0x7007512840, 26624, MSG_DONTWAIT, NULL, NULL) = -1 EAGAIN (Try again)
31740 1783932392.558872 recvfrom(79, "h\0\0\0vor_\v\0\0\0\0\0\0\0\2306\31\2232\4\0\0\33]-?\310\6#\264"..., 26624, MSG_DONTWAIT, NULL, NULL) = 104
31740 1783932392.559540 recvfrom(79, 0x7007512840, 26624, MSG_DONTWAIT, NULL, NULL) = -1 EAGAIN (Try again)
31740 1783932392.611615 recvfrom(79, "h\0\0\0vor_\v\0\0\0\0\0\0\0\276]7\2262\4\0\0\33]-?\263\204\37\264"..., 26624, MSG_DONTWAIT, NULL, NULL) = 104
31740 1783932392.612058 recvfrom(79, 0x7007512840, 26624, MSG_DONTWAIT, NULL, NULL) = -1 EAGAIN (Try again)
31740 1783932392.669249 recvfrom(79, "h\0\0\0vor_\v\0\0\0\0\0\0\0007l\232\2312\4\0\0\33]-?\346\23\34\264"..., 26624, MSG_DONTWAIT, NULL, NULL) = 104
31740 1783932392.669761 recvfrom(79, 0x7007512840, 26624, MSG_DONTWAIT, NULL, NULL) = -1 EAGAIN (Try again)
31740 1783932392.718325 recvfrom(79, "h\0\0\0vor_\v\0\0\0\0\0\0\0\305\5\233\2342\4\0\0\33]-?\4\264\30\264"..., 26624, MSG_DONTWAIT, NULL, NULL) = 104
31740 1783932392.718766 recvfrom(79, 0x7007512840, 26624, MSG_DONTWAIT, NULL, NULL) = -1 EAGAIN (Try again)
31740 1783932392.772314 recvfrom(79, "h\0\0\0vor_\v\0\0\0\0\0\0\0d^\326\2372\4\0\0\33]-?\256d\25\264"..., 26624, MSG_DONTWAIT, NULL, NULL) = 104
31740 1783932392.772572 recvfrom(79, 0x7007512840, 26624, MSG_DONTWAIT, NULL, NULL) = -1 EAGAIN (Try again)
31740 1783932392.829593 recvfrom(79, "h\0\0\0vor_\v\0\0\0\0\0\0\0`\303=\2432\4\0\0\33]-?\212%\22\264"..., 26624, MSG_DONTWAIT, NULL, NULL) = 104
31740 1783932392.830096 recvfrom(79, 0x7007512840, 26624, MSG_DONTWAIT, NULL, NULL) = -1 EAGAIN (Try again)
31740 1783932392.883713 recvfrom(79, "h\0\0\0vor_\v\0\0\0\0\0\0\0\317\216f\2462\4\0\0\33]-?>\366\16\264"..., 26624, MSG_DONTWAIT, NULL, NULL) = 104
31740 1783932392.884470 recvfrom(79, 0x7007512840, 26624, MSG_DONTWAIT, NULL, NULL) = -1 EAGAIN (Try again)
31740 1783932392.938901 recvfrom(79, "h\0\0\0vor_\v\0\0\0\0\0\0\0Z\202\267\2512\4\0\0\33]-?u\326\v\264"..., 26624, MSG_DONTWAIT, NULL, NULL) = 104
31740 1783932392.940116 recvfrom(79, 0x7007512840, 26624, MSG_DONTWAIT, NULL, NULL) = -1 EAGAIN (Try again)
31740 1783932392.990768 recvfrom(79, "h\0\0\0vor_\v\0\0\0\0\0\0\0\274\325\314\2542\4\0\0\33]-?\332\305\10\264"..., 26624, MSG_DONTWAIT, NULL, NULL) = 104
31740 1783932392.992204 recvfrom(79, 0x7007512840, 26624, MSG_DONTWAIT, NULL, NULL) = -1 EAGAIN (Try again)
31740 1783932393.040427 recvfrom(79, "h\0\0\0vor_\v\0\0\0\0\0\0\0\337\327\321\2572\4\0\0\33]-?\33\304\5\264"..., 26624, MSG_DONTWAIT, NULL, NULL) = 104
31740 1783932393.040652 recvfrom(79, 0x7007512840, 26624, MSG_DONTWAIT, NULL, NULL) = -1 EAGAIN (Try again)
31740 1783932393.091652 recvfrom(79, "h\0\0\0vor_\v\0\0\0\0\0\0\0 \t\342\2622\4\0\0\33]-?\347\320\2\264"..., 26624, MSG_DONTWAIT, NULL, NULL) = 104
31740 1783932393.091836 recvfrom(79, 0x7007512840, 26624, MSG_DONTWAIT, NULL, NULL) = -1 EAGAIN (Try again)
31740 1783932393.152462 recvfrom(79, "h\0\0\0vor_\v\0\0\0\0\0\0\0\24\363|\2662\4\0\0\33]-?\341\327\377\263"..., 26624, MSG_DONTWAIT, NULL, NULL) = 104
31740 1783932393.152697 recvfrom(79, 0x7007512840, 26624, MSG_DONTWAIT, NULL, NULL) = -1 EAGAIN (Try again)
31740 1783932393.203659 recvfrom(79, "h\0\0\0vor_\v\0\0\0\0\0\0\0\326\27\200\2712\4\0\0\33]-?\326)\372\263"..., 26624, MSG_DONTWAIT, NULL, NULL) = 104
31740 1783932393.203904 recvfrom(79, 0x7007512840, 26624, MSG_DONTWAIT, NULL, NULL) = -1 EAGAIN (Try again)
31740 1783932393.253334 recvfrom(79, "h\0\0\0vor_\v\0\0\0\0\0\0\0\213\10}\2742\4\0\0\33]-?\30\227\364\263"..., 26624, MSG_DONTWAIT, NULL, NULL) = 104
31740 1783932393.253948 recvfrom(79, 0x7007512840, 26624, MSG_DONTWAIT, NULL, NULL) = -1 EAGAIN (Try again)
31740 1783932393.311608 recvfrom(79, "h\0\0\0vor_\v\0\0\0\0\0\0\0\334>\374\2772\4\0\0\33]-?\25\37\357\263"..., 26624, MSG_DONTWAIT, NULL, NULL) = 104
31740 1783932393.311808 recvfrom(79, 0x7007512840, 26624, MSG_DONTWAIT, NULL, NULL) = -1 EAGAIN (Try again)
31740 1783932393.370653 recvfrom(79, "h\0\0\0vor_\v\0\0\0\0\0\0\00067}\3032\4\0\0\33]-??\301\351\263"..., 26624, MSG_DONTWAIT, NULL, NULL) = 104
31740 1783932393.370912 recvfrom(79, 0x7007512840, 26624, MSG_DONTWAIT, NULL, NULL) = -1 EAGAIN (Try again)
31740 1783932393.428194 recvfrom(79, "h\0\0\0vor_\v\0\0\0\0\0\0\0'\225\342\3062\4\0\0\33]-?\16}\344\263"..., 26624, MSG_DONTWAIT, NULL, NULL) = 104
31740 1783932393.429305 recvfrom(79, 0x7007512840, 26624, MSG_DONTWAIT, NULL, NULL) = -1 EAGAIN (Try again)
31740 1783932393.479220 recvfrom(79, "h\0\0\0vor_\v\0\0\0\0\0\0\0\275\n\371\3112\4\0\0\33]-?\370Q\337\263"..., 26624, MSG_DONTWAIT, NULL, NULL) = 104
31740 1783932393.479524 recvfrom(79, 0x7007512840, 26624, MSG_DONTWAIT, NULL, NULL) = -1 EAGAIN (Try again)
31740 1783932393.532843 recvfrom(79, "h\0\0\0vor_\v\0\0\0\0\0\0\0\351\254,\3152\4\0\0\33]-?|?\332\263"..., 26624, MSG_DONTWAIT, NULL, NULL) = 104
31740 1783932393.533045 recvfrom(79, 0x7007512840, 26624, MSG_DONTWAIT, NULL, NULL) = -1 EAGAIN (Try again)
31740 1783932393.590366 recvfrom(79, "h\0\0\0vor_\v\0\0\0\0\0\0\0\355\301\230\3202\4\0\0\33]-?\27E\325\263"..., 26624, MSG_DONTWAIT, NULL, NULL) = 104
31740 1783932393.590584 recvfrom(79, 0x7007512840, 26624, MSG_DONTWAIT, NULL, NULL) = -1 EAGAIN (Try again)
31740 1783932393.644438 recvfrom(79, "h\0\0\0vor_\v\0\0\0\0\0\0\0/\351\321\3232\4\0\0\33]-?Lb\320\263"..., 26624, MSG_DONTWAIT, NULL, NULL) = 104
31740 1783932393.644820 recvfrom(79, 0x7007512840, 26624, MSG_DONTWAIT, NULL, NULL) = -1 EAGAIN (Try again)
31740 1783932393.697434 recvfrom(79, "h\0\0\0vor_\v\0\0\0\0\0\0\0\377|\374\3262\4\0\0\33]-?\241\226\313\263"..., 26624, MSG_DONTWAIT, NULL, NULL) = 104
31740 1783932393.697626 recvfrom(79, 0x7007512840, 26624, MSG_DONTWAIT, NULL, NULL) = -1 EAGAIN (Try again)
31740 1783932393.749617 recvfrom(79, "h\0\0\0vor_\v\0\0\0\0\0\0\0\321G\30\3322\4\0\0\33]-?\236\341\306\263"..., 26624, MSG_DONTWAIT, NULL, NULL) = 104
31740 1783932393.749812 recvfrom(79, 0x7007512840, 26624, MSG_DONTWAIT, NULL, NULL) = -1 EAGAIN (Try again)
31740 1783932393.804655 recvfrom(79, "h\0\0\0vor_\v\0\0\0\0\0\0\0\330\253[\3352\4\0\0\33]-?\316B\302\263"..., 26624, MSG_DONTWAIT, NULL, NULL) = 104
31740 1783932393.805087 recvfrom(79, 0x7007512840, 26624, MSG_DONTWAIT, NULL, NULL) = -1 EAGAIN (Try again)
31740 1783932393.856271 recvfrom(79, "h\0\0\0vor_\v\0\0\0\0\0\0\0\20}r\3402\4\0\0\33]-?\276\271\275\263"..., 26624, MSG_DONTWAIT, NULL, NULL) = 104
31740 1783932393.856517 recvfrom(79, 0x7007512840, 26624, MSG_DONTWAIT, NULL, NULL) = -1 EAGAIN (Try again)
31740 1783932393.906348 recvfrom(79, "h\0\0\0vor_\v\0\0\0\0\0\0\0)\375o\3432\4\0\0\33]-?\377E\271\263"..., 26624, MSG_DONTWAIT, NULL, NULL) = 104
31740 1783932393.906572 recvfrom(79, 0x7007512840, 26624, MSG_DONTWAIT, NULL, NULL) = -1 EAGAIN (Try again)
31740 1783932393.961943 recvfrom(79, "h\0\0\0vor_\v\0\0\0\0\0\0\0\177\362\300\3462\4\0\0\33]-?$\347\264\263"..., 26624, MSG_DONTWAIT, NULL, NULL) = 104
31740 1783932393.962107 recvfrom(79, 0x7007512840, 26624, MSG_DONTWAIT, NULL, NULL) = -1 EAGAIN (Try again)
31740 1783932394.012087 recvfrom(79, "h\0\0\0vor_\v\0\0\0\0\0\0\0Er\276\3512\4\0\0\33]-?\302\234\260\263"..., 26624, MSG_DONTWAIT, NULL, NULL) = 104
31740 1783932394.012310 recvfrom(79, 0x7007512840, 26624, MSG_DONTWAIT, NULL, NULL) = -1 EAGAIN (Try again)
31740 1783932394.065751 recvfrom(79, "h\0\0\0vor_\v\0\0\0\0\0\0\0:\277\355\3542\4\0\0\33]-?rf\254\263"..., 26624, MSG_DONTWAIT, NULL, NULL) = 104
31740 1783932394.065957 recvfrom(79, 0x7007512840, 26624, MSG_DONTWAIT, NULL, NULL) = -1 EAGAIN (Try again)
31740 1783932394.119888 recvfrom(79, "h\0\0\0vor_\v\0\0\0\0\0\0\0\2202*\3602\4\0\0\33]-?\316C\250\263"..., 26624, MSG_DONTWAIT, NULL, NULL) = 104
31740 1783932394.120085 recvfrom(79, 0x7007512840, 26624, MSG_DONTWAIT, NULL, NULL) = -1 EAGAIN (Try again)
31740 1783932394.171533 recvfrom(79, "h\0\0\0vor_\v\0\0\0\0\0\0\0YX>\3632\4\0\0\33]-?r4\244\263"..., 26624, MSG_DONTWAIT, NULL, NULL) = 104
31740 1783932394.171793 recvfrom(79, 0x7007512840, 26624, MSG_DONTWAIT, NULL, NULL) = -1 EAGAIN (Try again)
31740 1783932394.229599 recvfrom(79, "h\0\0\0vor_\v\0\0\0\0\0\0\0\25\345s\3662\4\0\0\33]-?\3767\240\263"..., 26624, MSG_DONTWAIT, NULL, NULL) = 104
31740 1783932394.229923 recvfrom(79, 0x7007512840, 26624, MSG_DONTWAIT, NULL, NULL) = -1 EAGAIN (Try again)
31740 1783932394.273357 recvfrom(79, "h\0\0\0vor_\v\0\0\0\0\0\0\0\237\346G\3712\4\0\0,]-?@xi2"..., 26624, MSG_DONTWAIT, NULL, NULL) = 104
31740 1783932394.273774 recvfrom(79, 0x7007512840, 26624, MSG_DONTWAIT, NULL, NULL) = -1 EAGAIN (Try again)
31740 1783932394.323929 recvfrom(79, "h\0\0\0vor_\v\0\0\0\0\0\0\0\270\233Q\3742\4\0\0,]-?\255T\2132"..., 26624, MSG_DONTWAIT, NULL, NULL) = 104
31740 1783932394.324140 recvfrom(79, 0x7007512840, 26624, MSG_DONTWAIT, NULL, NULL) = -1 EAGAIN (Try again)
31740 1783932394.383353 recvfrom(79, "h\0\0\0vor_\v\0\0\0\0\0\0\0\310\366\335\3772\4\0\0,]-?\7t\2412"..., 26624, MSG_DONTWAIT, NULL, NULL) = 104
31740 1783932394.383553 recvfrom(79, 0x7007512840, 26624, MSG_DONTWAIT, NULL, NULL) = -1 EAGAIN (Try again)
31740 1783932394.434606 recvfrom(79, "h\0\0\0vor_\v\0\0\0\0\0\0\0\373!\345\0023\4\0\0,]-?\304\34\2672"..., 26624, MSG_DONTWAIT, NULL, NULL) = 104
31740 1783932394.435091 recvfrom(79, 0x7007512840, 26624, MSG_DONTWAIT, NULL, NULL) = -1 EAGAIN (Try again)
31740 1783932394.483161 recvfrom(79, "h\0\0\0vor_\v\0\0\0\0\0\0\0\361\233\316\0053\4\0\0=]-?\265|\3633"..., 26624, MSG_DONTWAIT, NULL, NULL) = 104
31740 1783932394.483453 recvfrom(79, 0x7007512840, 26624, MSG_DONTWAIT, NULL, NULL) = -1 EAGAIN (Try again)
31740 1783932394.532642 recvfrom(79, "h\0\0\0vor_\v\0\0\0\0\0\0\0\332\303\305\0103\4\0\0N]-?\223L`4"..., 26624, MSG_DONTWAIT, NULL, NULL) = 104
31740 1783932394.532848 recvfrom(79, 0x7007512840, 26624, MSG_DONTWAIT, NULL, NULL) = -1 EAGAIN (Try again)
31740 1783932394.592024 recvfrom(79, "h\0\0\0vor_\v\0\0\0\0\0\0\0\247\355L\f3\4\0\0M]-?\261ee4"..., 26624, MSG_DONTWAIT, NULL, NULL) = 104
31740 1783932394.592289 recvfrom(79, 0x7007512840, 26624, MSG_DONTWAIT, NULL, NULL) = -1 EAGAIN (Try again)
31740 1783932394.643471 recvfrom(79, "h\0\0\0vor_\v\0\0\0\0\0\0\0\365\220[\0173\4\0\0L]-?\373]j4"..., 26624, MSG_DONTWAIT, NULL, NULL) = 104
31740 1783932394.643749 recvfrom(79, 0x7007512840, 26624, MSG_DONTWAIT, NULL, NULL) = -1 EAGAIN (Try again)
31740 1783932394.696036 recvfrom(79, "h\0\0\0vor_\v\0\0\0\0\0\0\0\243\241\200\0223\4\0\0K]-??6o4"..., 26624, MSG_DONTWAIT, NULL, NULL) = 104
31740 1783932394.696225 recvfrom(79, 0x7007512840, 26624, MSG_DONTWAIT, NULL, NULL) = -1 EAGAIN (Try again)
31740 1783932394.750918 recvfrom(79, "h\0\0\0vor_\v\0\0\0\0\0\0\0\37\216\307\0253\4\0\0J]-?D\357s4"..., 26624, MSG_DONTWAIT, NULL, NULL) = 104
31740 1783932394.751136 recvfrom(79, 0x7007512840, 26624, MSG_DONTWAIT, NULL, NULL) = -1 EAGAIN (Try again)
31740 1783932394.806759 recvfrom(79, "h\0\0\0vor_\v\0\0\0\0\0\0\0\vW\31\0313\4\0\0I]-?\316\211x4"..., 26624, MSG_DONTWAIT, NULL, NULL) = 104
31740 1783932394.806940 recvfrom(79, 0x7007512840, 26624, MSG_DONTWAIT, NULL, NULL) = -1 EAGAIN (Try again)
31740 1783932394.864015 recvfrom(79, "h\0\0\0vor_\v\0\0\0\0\0\0\0\316\6n\0343\4\0\0H]-?\226\6}4"..., 26624, MSG_DONTWAIT, NULL, NULL) = 104
31740 1783932394.864255 recvfrom(79, 0x7007512840, 26624, MSG_DONTWAIT, NULL, NULL) = -1 EAGAIN (Try again)
31740 1783932394.912422 recvfrom(79, "h\0\0\0vor_\v\0\0\0\0\0\0\0\37\367g\0373\4\0\0X]-?\334\222\2624"..., 26624, MSG_DONTWAIT, NULL, NULL) = 104
31740 1783932394.912626 recvfrom(79, 0x7007512840, 26624, MSG_DONTWAIT, NULL, NULL) = -1 EAGAIN (Try again)
31740 1783932394.965911 recvfrom(79, "h\0\0\0vor_\v\0\0\0\0\0\0\0F\37\226\"3\4\0\0W]-?\366\202\2654"..., 26624, MSG_DONTWAIT, NULL, NULL) = 104
31740 1783932394.966134 recvfrom(79, 0x7007512840, 26624, MSG_DONTWAIT, NULL, NULL) = -1 EAGAIN (Try again)
31740 1783932395.021323 recvfrom(79, "h\0\0\0vor_\v\0\0\0\0\0\0\0\341\324\342%3\4\0\0V]-?\307^\2704"..., 26624, MSG_DONTWAIT, NULL, NULL) = 104
31740 1783932395.021522 recvfrom(79, 0x7007512840, 26624, MSG_DONTWAIT, NULL, NULL) = -1 EAGAIN (Try again)
31740 1783932395.076057 recvfrom(79, "h\0\0\0vor_\v\0\0\0\0\0\0\0.\301()3\4\0\0U]-?\324&\2734"..., 26624, MSG_DONTWAIT, NULL, NULL) = 104
31740 1783932395.076215 recvfrom(79, 0x7007512840, 26624, MSG_DONTWAIT, NULL, NULL) = -1 EAGAIN (Try again)
31740 1783932395.129860 recvfrom(79, "h\0\0\0vor_\v\0\0\0\0\0\0\0\227\361T,3\4\0\0T]-?\235\333\2754"..., 26624, MSG_DONTWAIT, NULL, NULL) = 104
31740 1783932395.130213 recvfrom(79, 0x7007512840, 26624, MSG_DONTWAIT, NULL, NULL) = -1 EAGAIN (Try again)
31740 1783932395.184862 recvfrom(79, "h\0\0\0vor_\v\0\0\0\0\0\0\0\3329\205/3\4\0\0S]-?\237}\3004"..., 26624, MSG_DONTWAIT, NULL, NULL) = 104
31740 1783932395.186967 recvfrom(79, 0x7007512840, 26624, MSG_DONTWAIT, NULL, NULL) = -1 EAGAIN (Try again)
31740 1783932395.234026 recvfrom(79, "h\0\0\0vor_\v\0\0\0\0\0\0\0\202\356\22023\4\0\0R]-?S\r\3034"..., 26624, MSG_DONTWAIT, NULL, NULL) = 104
31740 1783932395.234216 recvfrom(79, 0x7007512840, 26624, MSG_DONTWAIT, NULL, NULL) = -1 EAGAIN (Try again)
31740 1783932395.286095 recvfrom(79, "h\0\0\0vor_\v\0\0\0\0\0\0\0\7\333\24553\4\0\0Q]-?.\213\3054"..., 26624, MSG_DONTWAIT, NULL, NULL) = 104
31740 1783932395.286443 recvfrom(79, 0x7007512840, 26624, MSG_DONTWAIT, NULL, NULL) = -1 EAGAIN (Try again)
31740 1783932395.349612 recvfrom(79, "h\0\0\0vor_\v\0\0\0\0\0\0\00069B93\4\0\0P]-?\243\367\3074"..., 26624, MSG_DONTWAIT, NULL, NULL) = 104
31740 1783932395.350106 recvfrom(79, 0x7007512840, 26624, MSG_DONTWAIT, NULL, NULL) = -1 EAGAIN (Try again)
31740 1783932395.400313 recvfrom(79, "h\0\0\0vor_\v\0\0\0\0\0\0\0\nrl<3\4\0\0O]-?!S\3124"..., 26624, MSG_DONTWAIT, NULL, NULL) = 104
31740 1783932395.400870 recvfrom(79, 0x7007512840, 26624, MSG_DONTWAIT, NULL, NULL) = -1 EAGAIN (Try again)
31740 1783932395.450598 recvfrom(79, "h\0\0\0vor_\v\0\0\0\0\0\0\0C\304j?3\4\0\0N]-?\26\236\3144"..., 26624, MSG_DONTWAIT, NULL, NULL) = 104
31740 1783932395.451022 recvfrom(79, 0x7007512840, 26624, MSG_DONTWAIT, NULL, NULL) = -1 EAGAIN (Try again)
31740 1783932395.505357 recvfrom(79, "h\0\0\0vor_\v\0\0\0\0\0\0\0\265$\256B3\4\0\0M]-?\350\330\3164"..., 26624, MSG_DONTWAIT, NULL, NULL) = 104
31740 1783932395.505751 recvfrom(79, 0x7007512840, 26624, MSG_DONTWAIT, NULL, NULL) = -1 EAGAIN (Try again)
31740 1783932395.560853 recvfrom(79, "h\0\0\0vor_\v\0\0\0\0\0\0\0\256p\372E3\4\0\0L]-?\376\3\3214"..., 26624, MSG_DONTWAIT, NULL, NULL) = 104
31740 1783932395.561325 recvfrom(79, 0x7007512840, 26624, MSG_DONTWAIT, NULL, NULL) = -1 EAGAIN (Try again)
31740 1783932395.614435 recvfrom(79, "h\0\0\0vor_\v\0\0\0\0\0\0\0\355\1.I3\4\0\0K]-?\274\37\3234"..., 26624, MSG_DONTWAIT, NULL, NULL) = 104
31740 1783932395.614840 recvfrom(79, 0x7007512840, 26624, MSG_DONTWAIT, NULL, NULL) = -1 EAGAIN (Try again)
31740 1783932395.672401 recvfrom(79, "h\0\0\0vor_\v\0\0\0\0\0\0\0\216$\246L3\4\0\0J]-?\202,\3254"..., 26624, MSG_DONTWAIT, NULL, NULL) = 104
31740 1783932395.672874 recvfrom(79, 0x7007512840, 26624, MSG_DONTWAIT, NULL, NULL) = -1 EAGAIN (Try again)
31740 1783932395.727075 recvfrom(79, "h\0\0\0vor_\v\0\0\0\0\0\0\0-Y\347O3\4\0\0I]-?\257*\3274"..., 26624, MSG_DONTWAIT, NULL, NULL) = 104
31740 1783932395.727500 recvfrom(79, 0x7007512840, 26624, MSG_DONTWAIT, NULL, NULL) = -1 EAGAIN (Try again)
31740 1783932395.786281 recvfrom(79, "h\0\0\0vor_\v\0\0\0\0\0\0\0001\teS3\4\0\0H]-?\235\32\3314"..., 26624, MSG_DONTWAIT, NULL, NULL) = 104
31740 1783932395.786682 recvfrom(79, 0x7007512840, 26624, MSG_DONTWAIT, NULL, NULL) = -1 EAGAIN (Try again)
31740 1783932395.837060 recvfrom(79, "h\0\0\0vor_\v\0\0\0\0\0\0\0\277\10\201V3\4\0\0G]-?\245\374\3324"..., 26624, MSG_DONTWAIT, NULL, NULL) = 104
31740 1783932395.837305 recvfrom(79, 0x7007512840, 26624, MSG_DONTWAIT, NULL, NULL) = -1 EAGAIN (Try again)
31740 1783932395.887512 recvfrom(79, "h\0\0\0vor_\v\0\0\0\0\0\0\0X.\205Y3\4\0\0F]-?\37\321\3344"..., 26624, MSG_DONTWAIT, NULL, NULL) = 104
31740 1783932395.887710 recvfrom(79, 0x7007512840, 26624, MSG_DONTWAIT, NULL, NULL) = -1 EAGAIN (Try again)
31740 1783932395.937295 recvfrom(79, "h\0\0\0vor_\v\0\0\0\0\0\0\0\231\351~\\3\4\0\0W]-?\3128\0105"..., 26624, MSG_DONTWAIT, NULL, NULL) = 104
31740 1783932395.937462 recvfrom(79, 0x7007512840, 26624, MSG_DONTWAIT, NULL, NULL) = -1 EAGAIN (Try again)
31740 1783932395.988305 recvfrom(79, "h\0\0\0vor_\v\0\0\0\0\0\0\0\f+\204_3\4\0\0V]-?\350z\t5"..., 26624, MSG_DONTWAIT, NULL, NULL) = 104
31740 1783932395.988560 recvfrom(79, 0x7007512840, 26624, MSG_DONTWAIT, NULL, NULL) = -1 EAGAIN (Try again)
31740 1783932396.049237 recvfrom(79, "h\0\0\0vor_\v\0\0\0\0\0\0\0\227\346\7c3\4\0\0U]-?\232\263\n5"..., 26624, MSG_DONTWAIT, NULL, NULL) = 104
31740 1783932396.049718 recvfrom(79, 0x7007512840, 26624, MSG_DONTWAIT, NULL, NULL) = -1 EAGAIN (Try again)
31740 1783932396.098177 recvfrom(79, "h\0\0\0vor_\v\0\0\0\0\0\0\0\n\246\16f3\4\0\0T]-?\36\343\v5"..., 26624, MSG_DONTWAIT, NULL, NULL) = 104
31740 1783932396.098415 recvfrom(79, 0x7007512840, 26624, MSG_DONTWAIT, NULL, NULL) = -1 EAGAIN (Try again)
31740 1783932396.152828 recvfrom(79, "h\0\0\0vor_\v\0\0\0\0\0\0\0\235\236Wi3\4\0\0S]-?\260\t\r5"..., 26624, MSG_DONTWAIT, NULL, NULL) = 104
31740 1783932396.152999 recvfrom(79, 0x7007512840, 26624, MSG_DONTWAIT, NULL, NULL) = -1 EAGAIN (Try again)
31740 1783932396.203872 recvfrom(79, "h\0\0\0vor_\v\0\0\0\0\0\0\0[\236^l3\4\0\0R]-?\212'\0165"..., 26624, MSG_DONTWAIT, NULL, NULL) = 104
31740 1783932396.204130 recvfrom(79, 0x7007512840, 26624, MSG_DONTWAIT, NULL, NULL) = -1 EAGAIN (Try again)
31740 1783932396.255367 recvfrom(79, "h\0\0\0vor_\v\0\0\0\0\0\0\0\365\274qo3\4\0\0Q]-?\343<\0175"..., 26624, MSG_DONTWAIT, NULL, NULL) = 104
31740 1783932396.255557 recvfrom(79, 0x7007512840, 26624, MSG_DONTWAIT, NULL, NULL) = -1 EAGAIN (Try again)
31740 1783932396.308512 recvfrom(79, "h\0\0\0vor_\v\0\0\0\0\0\0\0\235\245\236r3\4\0\0P]-?\363I\0205"..., 26624, MSG_DONTWAIT, NULL, NULL) = 104
31740 1783932396.308709 recvfrom(79, 0x7007512840, 26624, MSG_DONTWAIT, NULL, NULL) = -1 EAGAIN (Try again)
31740 1783932396.358942 recvfrom(79, "h\0\0\0vor_\v\0\0\0\0\0\0\0\236\31\241u3\4\0\0O]-?\360N\0215"..., 26624, MSG_DONTWAIT, NULL, NULL) = 104
31740 1783932396.359150 recvfrom(79, 0x7007512840, 26624, MSG_DONTWAIT, NULL, NULL) = -1 EAGAIN (Try again)
31740 1783932396.409901 recvfrom(79, "h\0\0\0vor_\v\0\0\0\0\0\0\0\6\306\247x3\4\0\0N]-?\fL\0225"..., 26624, MSG_DONTWAIT, NULL, NULL) = 104
31740 1783932396.410158 recvfrom(79, 0x7007512840, 26624, MSG_DONTWAIT, NULL, NULL) = -1 EAGAIN (Try again)
31740 1783932396.465367 recvfrom(79, "h\0\0\0vor_\v\0\0\0\0\0\0\0\325\233\363{3\4\0\0M]-?zA\0235"..., 26624, MSG_DONTWAIT, NULL, NULL) = 104
31740 1783932396.465611 recvfrom(79, 0x7007512840, 26624, MSG_DONTWAIT, NULL, NULL) = -1 EAGAIN (Try again)
31740 1783932396.515901 recvfrom(79, "h\0\0\0vor_\v\0\0\0\0\0\0\0\235\257\373~3\4\0\0L]-?l/\0245"..., 26624, MSG_DONTWAIT, NULL, NULL) = 104
31740 1783932396.516112 recvfrom(79, 0x7007512840, 26624, MSG_DONTWAIT, NULL, NULL) = -1 EAGAIN (Try again)
31740 1783932396.571930 recvfrom(79, "h\0\0\0vor_\v\0\0\0\0\0\0\0E\32S\2023\4\0\0K]-?\20\26\0255"..., 26624, MSG_DONTWAIT, NULL, NULL) = 104
31740 1783932396.572090 recvfrom(79, 0x7007512840, 26624, MSG_DONTWAIT, NULL, NULL) = -1 EAGAIN (Try again)
31740 1783932396.626544 recvfrom(79, "h\0\0\0vor_\v\0\0\0\0\0\0\0;u\221\2053\4\0\0J]-?\226\365\0255"..., 26624, MSG_DONTWAIT, NULL, NULL) = 104
31740 1783932396.626831 recvfrom(79, 0x7007512840, 26624, MSG_DONTWAIT, NULL, NULL) = -1 EAGAIN (Try again)
31740 1783932396.680759 recvfrom(79, "h\0\0\0vor_\v\0\0\0\0\0\0\0\300\377\311\2103\4\0\0I]-?*\316\0265"..., 26624, MSG_DONTWAIT, NULL, NULL) = 104
31740 1783932396.680991 recvfrom(79, 0x7007512840, 26624, MSG_DONTWAIT, NULL, NULL) = -1 EAGAIN (Try again)
31740 1783932396.733863 recvfrom(79, "h\0\0\0vor_\v\0\0\0\0\0\0\0\203\246\367\2133\4\0\0H]-?\367\237\0275"..., 26624, MSG_DONTWAIT, NULL, NULL) = 104
31740 1783932396.734066 recvfrom(79, 0x7007512840, 26624, MSG_DONTWAIT, NULL, NULL) = -1 EAGAIN (Try again)
31740 1783932396.784630 recvfrom(79, "h\0\0\0vor_\v\0\0\0\0\0\0\0\233\217\375\2163\4\0\0H]-?)k\0305"..., 26624, MSG_DONTWAIT, NULL, NULL) = 104
31740 1783932396.784982 recvfrom(79, 0x7007512840, 26624, MSG_DONTWAIT, NULL, NULL) = -1 EAGAIN (Try again)
31740 1783932396.843280 recvfrom(79, "h\0\0\0vor_\v\0\0\0\0\0\0\0o%m\2223\4\0\0G]-?\350/\0315"..., 26624, MSG_DONTWAIT, NULL, NULL) = 104
31740 1783932396.843895 recvfrom(79, 0x7007512840, 26624, MSG_DONTWAIT, NULL, NULL) = -1 EAGAIN (Try again)
31740 1783932396.893672 recvfrom(79, "h\0\0\0vor_\v\0\0\0\0\0\0\0(\271}\2253\4\0\0F]-?^\356\0315"..., 26624, MSG_DONTWAIT, NULL, NULL) = 104
31740 1783932396.893866 recvfrom(79, 0x7007512840, 26624, MSG_DONTWAIT, NULL, NULL) = -1 EAGAIN (Try again)
31740 1783932396.947804 recvfrom(79, "h\0\0\0vor_\v\0\0\0\0\0\0\0\341Y\271\2303\4\0\0F]-?\262\246\0325"..., 26624, MSG_DONTWAIT, NULL, NULL) = 104
31740 1783932396.947996 recvfrom(79, 0x7007512840, 26624, MSG_DONTWAIT, NULL, NULL) = -1 EAGAIN (Try again)
31740 1783932397.003621 recvfrom(79, "h\0\0\0vor_\v\0\0\0\0\0\0\0\203}\6\2343\4\0\0F]-?\tY\0335"..., 26624, MSG_DONTWAIT, NULL, NULL) = 104
31740 1783932397.003853 recvfrom(79, 0x7007512840, 26624, MSG_DONTWAIT, NULL, NULL) = -1 EAGAIN (Try again)
31740 1783932397.054148 recvfrom(79, "h\0\0\0vor_\v\0\0\0\0\0\0\0\2132\r\2373\4\0\0E]-?\211\5\0345"..., 26624, MSG_DONTWAIT, NULL, NULL) = 104
31740 1783932397.054438 recvfrom(79, 0x7007512840, 26624, MSG_DONTWAIT, NULL, NULL) = -1 EAGAIN (Try again)
31740 1783932397.105896 recvfrom(79, "h\0\0\0vor_\v\0\0\0\0\0\0\0h\32%\2423\4\0\0E]-?V\254\0345"..., 26624, MSG_DONTWAIT, NULL, NULL) = 104
31740 1783932397.106105 recvfrom(79, 0x7007512840, 26624, MSG_DONTWAIT, NULL, NULL) = -1 EAGAIN (Try again)
31740 1783932397.156330 recvfrom(79, "h\0\0\0vor_\v\0\0\0\0\0\0\0}\336'\2453\4\0\0E]-?\223M\0355"..., 26624, MSG_DONTWAIT, NULL, NULL) = 104
31740 1783932397.156521 recvfrom(79, 0x7007512840, 26624, MSG_DONTWAIT, NULL, NULL) = -1 EAGAIN (Try again)
31740 1783932397.210330 recvfrom(79, "h\0\0\0vor_\v\0\0\0\0\0\0\0\262\254_\2503\4\0\0E]-?c\351\0355"..., 26624, MSG_DONTWAIT, NULL, NULL) = 104
31740 1783932397.210498 recvfrom(79, 0x7007512840, 26624, MSG_DONTWAIT, NULL, NULL) = -1 EAGAIN (Try again)
31740 1783932397.264144 recvfrom(79, "h\0\0\0vor_\v\0\0\0\0\0\0\0\223L\213\2533\4\0\0E]-?\347\177\0365"..., 26624, MSG_DONTWAIT, NULL, NULL) = 104
31740 1783932397.264409 recvfrom(79, 0x7007512840, 26624, MSG_DONTWAIT, NULL, NULL) = -1 EAGAIN (Try again)
31740 1783932397.316000 recvfrom(79, "h\0\0\0vor_\v\0\0\0\0\0\0\0\342\26\246\2563\4\0\0E]-?@\21\0375"..., 26624, MSG_DONTWAIT, NULL, NULL) = 104
31740 1783932397.316353 recvfrom(79, 0x7007512840, 26624, MSG_DONTWAIT, NULL, NULL) = -1 EAGAIN (Try again)
31740 1783932397.366487 recvfrom(79, "h\0\0\0vor_\v\0\0\0\0\0\0\0a\325\255\2613\4\0\0E]-?\216\235\0375"..., 26624, MSG_DONTWAIT, NULL, NULL) = 104
31740 1783932397.366696 recvfrom(79, 0x7007512840, 26624, MSG_DONTWAIT, NULL, NULL) = -1 EAGAIN (Try again)
31740 1783932397.418518 recvfrom(79, "h\0\0\0vor_\v\0\0\0\0\0\0\0\275\223\305\2643\4\0\0E]-?\357$ 5"..., 26624, MSG_DONTWAIT, NULL, NULL) = 104
31740 1783932397.418851 recvfrom(79, 0x7007512840, 26624, MSG_DONTWAIT, NULL, NULL) = -1 EAGAIN (Try again)
31740 1783932397.470647 recvfrom(79, "h\0\0\0vor_\v\0\0\0\0\0\0\0\320-\300\2673\4\0\0V]-?2\20095"..., 26624, MSG_DONTWAIT, NULL, NULL) = 104
31740 1783932397.470895 recvfrom(79, 0x7007512840, 26624, MSG_DONTWAIT, NULL, NULL) = -1 EAGAIN (Try again)
31740 1783932397.518743 recvfrom(79, "h\0\0\0vor_\v\0\0\0\0\0\0\0AR\274\2723\4\0\0U]-?AY:5"..., 26624, MSG_DONTWAIT, NULL, NULL) = 104
31740 1783932397.518989 recvfrom(79, 0x7007512840, 26624, MSG_DONTWAIT, NULL, NULL) = -1 EAGAIN (Try again)
31740 1783932397.569975 recvfrom(79, "h\0\0\0vor_\v\0\0\0\0\0\0\0\2008\315\2753\4\0\0T]-?\v+;5"..., 26624, MSG_DONTWAIT, NULL, NULL) = 104
31740 1783932397.570185 recvfrom(79, 0x7007512840, 26624, MSG_DONTWAIT, NULL, NULL) = -1 EAGAIN (Try again)
31740 1783932397.624214 recvfrom(79, "h\0\0\0vor_\v\0\0\0\0\0\0\0q\236\7\3013\4\0\0S]-?\276\365;5"..., 26624, MSG_DONTWAIT, NULL, NULL) = 104
31740 1783932397.624426 recvfrom(79, 0x7007512840, 26624, MSG_DONTWAIT, NULL, NULL) = -1 EAGAIN (Try again)
31740 1783932397.676873 recvfrom(79, "h\0\0\0vor_\v\0\0\0\0\0\0\0o\1+\3043\4\0\0Q]-?\207\271<5"..., 26624, MSG_DONTWAIT, NULL, NULL) = 104
31740 1783932397.677096 recvfrom(79, 0x7007512840, 26624, MSG_DONTWAIT, NULL, NULL) = -1 EAGAIN (Try again)
31740 1783932397.735203 recvfrom(79, "h\0\0\0vor_\v\0\0\0\0\0\0\0\225\221\242\3073\4\0\0P]-?\224v=5"..., 26624, MSG_DONTWAIT, NULL, NULL) = 104
31740 1783932397.735552 recvfrom(79, 0x7007512840, 26624, MSG_DONTWAIT, NULL, NULL) = -1 EAGAIN (Try again)
31740 1783932397.792549 recvfrom(79, "h\0\0\0vor_\v\0\0\0\0\0\0\0004\16\23\3133\4\0\0O]-?\16->5"..., 26624, MSG_DONTWAIT, NULL, NULL) = 104
31740 1783932397.792749 recvfrom(79, 0x7007512840, 26624, MSG_DONTWAIT, NULL, NULL) = -1 EAGAIN (Try again)
31740 1783932397.843957 recvfrom(79, "h\0\0\0vor_\v\0\0\0\0\0\0\0\336\206!\3163\4\0\0N]-?\36\335>5"..., 26624, MSG_DONTWAIT, NULL, NULL) = 104
31740 1783932397.844229 recvfrom(79, 0x7007512840, 26624, MSG_DONTWAIT, NULL, NULL) = -1 EAGAIN (Try again)
31740 1783932397.898273 recvfrom(79, "h\0\0\0vor_\v\0\0\0\0\0\0\0{v[\3213\4\0\0N]-?\357\206?5"..., 26624, MSG_DONTWAIT, NULL, NULL) = 104
31740 1783932397.898552 recvfrom(79, 0x7007512840, 26624, MSG_DONTWAIT, NULL, NULL) = -1 EAGAIN (Try again)
31740 1783932397.951375 recvfrom(79, "h\0\0\0vor_\v\0\0\0\0\0\0\0\374.\211\3243\4\0\0M]-?\245*@5"..., 26624, MSG_DONTWAIT, NULL, NULL) = 104
31740 1783932397.951684 recvfrom(79, 0x7007512840, 26624, MSG_DONTWAIT, NULL, NULL) = -1 EAGAIN (Try again)
31740 1783932398.005183 recvfrom(79, "h\0\0\0vor_\v\0\0\0\0\0\0\0\"\304\274\3273\4\0\0M]-?j\310@5"..., 26624, MSG_DONTWAIT, NULL, NULL) = 104
31740 1783932398.005386 recvfrom(79, 0x7007512840, 26624, MSG_DONTWAIT, NULL, NULL) = -1 EAGAIN (Try again)
31740 1783932398.060549 recvfrom(79, "h\0\0\0vor_\v\0\0\0\0\0\0\0005m\t\3333\4\0\0L]-?_`A5"..., 26624, MSG_DONTWAIT, NULL, NULL) = 104
31740 1783932398.060796 recvfrom(79, 0x7007512840, 26624, MSG_DONTWAIT, NULL, NULL) = -1 EAGAIN (Try again)
31740 1783932398.120375 recvfrom(79, "h\0\0\0vor_\v\0\0\0\0\0\0\0\374S\231\3363\4\0\0K]-?\252\362A5"..., 26624, MSG_DONTWAIT, NULL, NULL) = 104
31740 1783932398.120717 recvfrom(79, 0x7007512840, 26624, MSG_DONTWAIT, NULL, NULL) = -1 EAGAIN (Try again)
31740 1783932398.177472 recvfrom(79, "h\0\0\0vor_\v\0\0\0\0\0\0\0O\235\371\3413\4\0\0K]-?p\177B5"..., 26624, MSG_DONTWAIT, NULL, NULL) = 104
31740 1783932398.178038 recvfrom(79, 0x7007512840, 26624, MSG_DONTWAIT, NULL, NULL) = -1 EAGAIN (Try again)
31740 1783932398.231407 recvfrom(79, "h\0\0\0vor_\v\0\0\0\0\0\0\0\334\3513\3453\4\0\0K]-?\322\6C5"..., 26624, MSG_DONTWAIT, NULL, NULL) = 104
31740 1783932398.231812 recvfrom(79, 0x7007512840, 26624, MSG_DONTWAIT, NULL, NULL) = -1 EAGAIN (Try again)
31740 1783932398.286738 recvfrom(79, "h\0\0\0vor_\v\0\0\0\0\0\0\0[\375\177\3503\4\0\0J]-?\360\210C5"..., 26624, MSG_DONTWAIT, NULL, NULL) = 104
31740 1783932398.287076 recvfrom(79, 0x7007512840, 26624, MSG_DONTWAIT, NULL, NULL) = -1 EAGAIN (Try again)
31740 1783932398.344776 recvfrom(79, "h\0\0\0vor_\v\0\0\0\0\0\0\0\214w\351\3533\4\0\0J]-?\354\5D5"..., 26624, MSG_DONTWAIT, NULL, NULL) = 104
31740 1783932398.345154 recvfrom(79, 0x7007512840, 26624, MSG_DONTWAIT, NULL, NULL) = -1 EAGAIN (Try again)
31740 1783932398.394244 recvfrom(79, "h\0\0\0vor_\v\0\0\0\0\0\0\0\t\223\345\3563\4\0\0J]-?\346}D5"..., 26624, MSG_DONTWAIT, NULL, NULL) = 104
31740 1783932398.394646 recvfrom(79, 0x7007512840, 26624, MSG_DONTWAIT, NULL, NULL) = -1 EAGAIN (Try again)
31740 1783932398.445075 recvfrom(79, "h\0\0\0vor_\v\0\0\0\0\0\0\0\375\225\352\3613\4\0\0J]-?\375\360D5"..., 26624, MSG_DONTWAIT, NULL, NULL) = 104
31740 1783932398.445535 recvfrom(79, 0x7007512840, 26624, MSG_DONTWAIT, NULL, NULL) = -1 EAGAIN (Try again)
31740 1783932398.494832 recvfrom(79, "h\0\0\0vor_\v\0\0\0\0\0\0\0\313e\346\3643\4\0\0J]-?N_E5"..., 26624, MSG_DONTWAIT, NULL, NULL) = 104
31740 1783932398.495383 recvfrom(79, 0x7007512840, 26624, MSG_DONTWAIT, NULL, NULL) = -1 EAGAIN (Try again)
31740 1783932398.548384 recvfrom(79, "h\0\0\0vor_\v\0\0\0\0\0\0\0\310_\36\3703\4\0\0J]-?\370\310E5"..., 26624, MSG_DONTWAIT, NULL, NULL) = 104
31740 1783932398.548642 recvfrom(79, 0x7007512840, 26624, MSG_DONTWAIT, NULL, NULL) = -1 EAGAIN (Try again)
31740 1783932398.604220 recvfrom(79, "h\0\0\0vor_\v\0\0\0\0\0\0\0\305@o\3733\4\0\0J]-?\27.F5"..., 26624, MSG_DONTWAIT, NULL, NULL) = 104
31740 1783932398.604549 recvfrom(79, 0x7007512840, 26624, MSG_DONTWAIT, NULL, NULL) = -1 EAGAIN (Try again)
31740 1783932398.657994 recvfrom(79, "h\0\0\0vor_\v\0\0\0\0\0\0\0ts\242\3763\4\0\0J]-?\310\216F5"..., 26624, MSG_DONTWAIT, NULL, NULL) = 104
31740 1783932398.658409 recvfrom(79, 0x7007512840, 26624, MSG_DONTWAIT, NULL, NULL) = -1 EAGAIN (Try again)
31740 1783932398.716197 recvfrom(79, "h\0\0\0vor_\v\0\0\0\0\0\0\0ZN\34\0024\4\0\0J]-?%\353F5"..., 26624, MSG_DONTWAIT, NULL, NULL) = 104
31740 1783932398.716685 recvfrom(79, 0x7007512840, 26624, MSG_DONTWAIT, NULL, NULL) = -1 EAGAIN (Try again)
31740 1783932398.774596 recvfrom(79, "h\0\0\0vor_\v\0\0\0\0\0\0\0\271\34\217\0054\4\0\0J]-?HCG5"..., 26624, MSG_DONTWAIT, NULL, NULL) = 104
31740 1783932398.775403 recvfrom(79, 0x7007512840, 26624, MSG_DONTWAIT, NULL, NULL) = -1 EAGAIN (Try again)
31740 1783932398.828712 recvfrom(79, "h\0\0\0vor_\v\0\0\0\0\0\0\0\225\263\267\0104\4\0\0J]-?L\227G5"..., 26624, MSG_DONTWAIT, NULL, NULL) = 104
31740 1783932398.829451 recvfrom(79, 0x7007512840, 26624, MSG_DONTWAIT, NULL, NULL) = -1 EAGAIN (Try again)
31740 1783932398.880755 recvfrom(79, "h\0\0\0vor_\v\0\0\0\0\0\0\0h\362\321\v4\4\0\0J]-?J\347G5"..., 26624, MSG_DONTWAIT, NULL, NULL) = 104
31740 1783932398.881117 recvfrom(79, 0x7007512840, 26624, MSG_DONTWAIT, NULL, NULL) = -1 EAGAIN (Try again)
31740 1783932398.932428 recvfrom(79, "h\0\0\0vor_\v\0\0\0\0\0\0\0\301\326\2\0174\4\0\0J]-?Z3H5"..., 26624, MSG_DONTWAIT, NULL, NULL) = 104
31740 1783932398.932634 recvfrom(79, 0x7007512840, 26624, MSG_DONTWAIT, NULL, NULL) = -1 EAGAIN (Try again)
31740 1783932398.987953 recvfrom(79, "h\0\0\0vor_\v\0\0\0\0\0\0\0U\244Q\0224\4\0\0J]-?\224{H5"..., 26624, MSG_DONTWAIT, NULL, NULL) = 104
31740 1783932398.988152 recvfrom(79, 0x7007512840, 26624, MSG_DONTWAIT, NULL, NULL) = -1 EAGAIN (Try again)
31740 1783932399.039067 recvfrom(79, "h\0\0\0vor_\v\0\0\0\0\0\0\0\223\243_\0254\4\0\0J]-?\20\300H5"..., 26624, MSG_DONTWAIT, NULL, NULL) = 104
31740 1783932399.039337 recvfrom(79, 0x7007512840, 26624, MSG_DONTWAIT, NULL, NULL) = -1 EAGAIN (Try again)
31740 1783932399.096862 recvfrom(79, "h\0\0\0vor_\v\0\0\0\0\0\0\0\357\354\310\0304\4\0\0J]-?\344\0I5"..., 26624, MSG_DONTWAIT, NULL, NULL) = 104
31740 1783932399.097109 recvfrom(79, 0x7007512840, 26624, MSG_DONTWAIT, NULL, NULL) = -1 EAGAIN (Try again)
31740 1783932399.147306 recvfrom(79, "h\0\0\0vor_\v\0\0\0\0\0\0\0*\331\320\0334\4\0\0J]-?'>I5"..., 26624, MSG_DONTWAIT, NULL, NULL) = 104
31740 1783932399.147561 recvfrom(79, 0x7007512840, 26624, MSG_DONTWAIT, NULL, NULL) = -1 EAGAIN (Try again)
31740 1783932399.203545 recvfrom(79, "h\0\0\0vor_\v\0\0\0\0\0\0\0'r-\0374\4\0\0J]-?\356wI5"..., 26624, MSG_DONTWAIT, NULL, NULL) = 104
31740 1783932399.203755 recvfrom(79, 0x7007512840, 26624, MSG_DONTWAIT, NULL, NULL) = -1 EAGAIN (Try again)
31740 1783932399.255488 recvfrom(79, "h\0\0\0vor_\v\0\0\0\0\0\0\0e\336@\"4\4\0\0J]-?O\256I5"..., 26624, MSG_DONTWAIT, NULL, NULL) = 104
31740 1783932399.255732 recvfrom(79, 0x7007512840, 26624, MSG_DONTWAIT, NULL, NULL) = -1 EAGAIN (Try again)
31740 1783932399.313672 recvfrom(79, "h\0\0\0vor_\v\0\0\0\0\0\0\0\335\226\266%4\4\0\0J]-?^\341I5"..., 26624, MSG_DONTWAIT, NULL, NULL) = 104
31740 1783932399.314048 recvfrom(79, 0x7007512840, 26624, MSG_DONTWAIT, NULL, NULL) = -1 EAGAIN (Try again)
31740 1783932399.364770 recvfrom(79, "h\0\0\0vor_\v\0\0\0\0\0\0\0\247\272\310(4\4\0\0J]-?/\21J5"..., 26624, MSG_DONTWAIT, NULL, NULL) = 104
31740 1783932399.364970 recvfrom(79, 0x7007512840, 26624, MSG_DONTWAIT, NULL, NULL) = -1 EAGAIN (Try again)
31740 1783932399.421149 recvfrom(79, "h\0\0\0vor_\v\0\0\0\0\0\0\0]\340\",4\4\0\0J]-?\326=J5"..., 26624, MSG_DONTWAIT, NULL, NULL) = 104
31740 1783932399.421353 recvfrom(79, 0x7007512840, 26624, MSG_DONTWAIT, NULL, NULL) = -1 EAGAIN (Try again)
31740 1783932399.479615 recvfrom(79, "h\0\0\0vor_\v\0\0\0\0\0\0\0=\347j/4\4\0\0J]-?fgJ5"..., 26624, MSG_DONTWAIT, NULL, NULL) = 104
31740 1783932399.479858 recvfrom(79, 0x7007512840, 26624, MSG_DONTWAIT, NULL, NULL) = -1 EAGAIN (Try again)
31740 1783932399.526035 recvfrom(79, "h\0\0\0vor_\v\0\0\0\0\0\0\0\307\202e24\4\0\08]-?+M35"..., 26624, MSG_DONTWAIT, NULL, NULL) = 104
31740 1783932399.526240 recvfrom(79, 0x7007512840, 26624, MSG_DONTWAIT, NULL, NULL) = -1 EAGAIN (Try again)
31740 1783932399.586261 recvfrom(79, "h\0\0\0vor_\v\0\0\0\0\0\0\0\36&\37254\4\0\08]-?Y\22135"..., 26624, MSG_DONTWAIT, NULL, NULL) = 104
31740 1783932399.586451 recvfrom(79, 0x7007512840, 26624, MSG_DONTWAIT, NULL, NULL) = -1 EAGAIN (Try again)
31740 1783932399.641402 recvfrom(79, "h\0\0\0vor_\v\0\0\0\0\0\0\0!\263C94\4\0\08]-?\374\32135"..., 26624, MSG_DONTWAIT, NULL, NULL) = 104
31740 1783932399.641638 recvfrom(79, 0x7007512840, 26624, MSG_DONTWAIT, NULL, NULL) = -1 EAGAIN (Try again)
31740 1783932399.694109 recvfrom(79, "h\0\0\0vor_\v\0\0\0\0\0\0\0\274rg<4\4\0\08]-?,\01745"..., 26624, MSG_DONTWAIT, NULL, NULL) = 104
31740 1783932399.694380 recvfrom(79, 0x7007512840, 26624, MSG_DONTWAIT, NULL, NULL) = -1 EAGAIN (Try again)
31740 1783932399.746827 recvfrom(79, "h\0\0\0vor_\v\0\0\0\0\0\0\0\273\35\216?4\4\0\08]-?\375H45"..., 26624, MSG_DONTWAIT, NULL, NULL) = 104
31740 1783932399.747019 recvfrom(79, 0x7007512840, 26624, MSG_DONTWAIT, NULL, NULL) = -1 EAGAIN (Try again)
31740 1783932399.799777 recvfrom(79, "h\0\0\0vor_\v\0\0\0\0\0\0\0005\206\266B4\4\0\08]-?\204\17745"..., 26624, MSG_DONTWAIT, NULL, NULL) = 104
31740 1783932399.799980 recvfrom(79, 0x7007512840, 26624, MSG_DONTWAIT, NULL, NULL) = -1 EAGAIN (Try again)
31740 1783932399.851161 recvfrom(79, "h\0\0\0vor_\v\0\0\0\0\0\0\0\357\20\305E4\4\0\08]-?\327\26245"..., 26624, MSG_DONTWAIT, NULL, NULL) = 104
31740 1783932399.851710 recvfrom(79, 0x7007512840, 26624, MSG_DONTWAIT, NULL, NULL) = -1 EAGAIN (Try again)
31740 1783932399.902766 recvfrom(79, "h\0\0\0vor_\v\0\0\0\0\0\0\0\363\235\314H4\4\0\08]-?\10\34345"..., 26624, MSG_DONTWAIT, NULL, NULL) = 104
31740 1783932399.902992 recvfrom(79, 0x7007512840, 26624, MSG_DONTWAIT, NULL, NULL) = -1 EAGAIN (Try again)
31740 1783932399.953196 recvfrom(79, "h\0\0\0vor_\v\0\0\0\0\0\0\0\322\267\327K4\4\0\08]-?,\02055"..., 26624, MSG_DONTWAIT, NULL, NULL) = 104
31740 1783932399.953388 recvfrom(79, 0x7007512840, 26624, MSG_DONTWAIT, NULL, NULL) = -1 EAGAIN (Try again)
31740 1783932400.004809 recvfrom(79, "h\0\0\0vor_\v\0\0\0\0\0\0\0\242Q\353N4\4\0\08]-?V:55"..., 26624, MSG_DONTWAIT, NULL, NULL) = 104
31740 1783932400.005038 recvfrom(79, 0x7007512840, 26624, MSG_DONTWAIT, NULL, NULL) = -1 EAGAIN (Try again)
31740 1783932400.062304 recvfrom(79, "h\0\0\0vor_\v\0\0\0\0\0\0\0\317\rXR4\4\0\08]-?\230a55"..., 26624, MSG_DONTWAIT, NULL, NULL) = 104
31740 1783932400.062667 recvfrom(79, 0x7007512840, 26624, MSG_DONTWAIT, NULL, NULL) = -1 EAGAIN (Try again)
31740 1783932400.117848 recvfrom(79, "h\0\0\0vor_\v\0\0\0\0\0\0\0\307\325\252U4\4\0\08]-?\5\20655"..., 26624, MSG_DONTWAIT, NULL, NULL) = 104
31740 1783932400.118042 recvfrom(79, 0x7007512840, 26624, MSG_DONTWAIT, NULL, NULL) = -1 EAGAIN (Try again)
31740 1783932400.168957 recvfrom(79, "h\0\0\0vor_\v\0\0\0\0\0\0\0.\372\263X4\4\0\08]-?\255\24755"..., 26624, MSG_DONTWAIT, NULL, NULL) = 104
31740 1783932400.169169 recvfrom(79, 0x7007512840, 26624, MSG_DONTWAIT, NULL, NULL) = -1 EAGAIN (Try again)
31740 1783932400.221247 recvfrom(79, "h\0\0\0vor_\v\0\0\0\0\0\0\0E^\325[4\4\0\08]-?\243\30655"..., 26624, MSG_DONTWAIT, NULL, NULL) = 104
31740 1783932400.222550 recvfrom(79, 0x7007512840, 26624, MSG_DONTWAIT, NULL, NULL) = -1 EAGAIN (Try again)
31740 1783932400.272717 recvfrom(79, "h\0\0\0vor_\v\0\0\0\0\0\0\0\33\221\343^4\4\0\08]-?\367\34255"..., 26624, MSG_DONTWAIT, NULL, NULL) = 104
31740 1783932400.272948 recvfrom(79, 0x7007512840, 26624, MSG_DONTWAIT, NULL, NULL) = -1 EAGAIN (Try again)
31740 1783932400.329801 recvfrom(79, "h\0\0\0vor_\v\0\0\0\0\0\0\0\263\3149b4\4\0\08]-?\271\37455"..., 26624, MSG_DONTWAIT, NULL, NULL) = 104
31740 1783932400.330485 recvfrom(79, 0x7007512840, 26624, MSG_DONTWAIT, NULL, NULL) = -1 EAGAIN (Try again)
31740 1783932400.382632 recvfrom(79, "h\0\0\0vor_\v\0\0\0\0\0\0\0^\236se4\4\0\08]-?\371\02365"..., 26624, MSG_DONTWAIT, NULL, NULL) = 104
31740 1783932400.382839 recvfrom(79, 0x7007512840, 26624, MSG_DONTWAIT, NULL, NULL) = -1 EAGAIN (Try again)
31740 1783932400.437772 recvfrom(79, "h\0\0\0vor_\v\0\0\0\0\0\0\0\343L\274h4\4\0\08]-?\307(65"..., 26624, MSG_DONTWAIT, NULL, NULL) = 104
31740 1783932400.438029 recvfrom(79, 0x7007512840, 26624, MSG_DONTWAIT, NULL, NULL) = -1 EAGAIN (Try again)
31740 1783932400.493391 recvfrom(79, "h\0\0\0vor_\v\0\0\0\0\0\0\0\3264\4l4\4\0\08]-?2;65"..., 26624, MSG_DONTWAIT, NULL, NULL) = 104
31740 1783932400.494559 recvfrom(79, 0x7007512840, 26624, MSG_DONTWAIT, NULL, NULL) = -1 EAGAIN (Try again)
31740 1783932400.543310 recvfrom(79, "h\0\0\0vor_\v\0\0\0\0\0\0\0\277#\10o4\4\0\08]-?IK65"..., 26624, MSG_DONTWAIT, NULL, NULL) = 104
31740 1783932400.543509 recvfrom(79, 0x7007512840, 26624, MSG_DONTWAIT, NULL, NULL) = -1 EAGAIN (Try again)
31740 1783932400.593838 recvfrom(79, "h\0\0\0vor_\v\0\0\0\0\0\0\0\373\241\tr4\4\0\08]-?\31Y65"..., 26624, MSG_DONTWAIT, NULL, NULL) = 104
31740 1783932400.594024 recvfrom(79, 0x7007512840, 26624, MSG_DONTWAIT, NULL, NULL) = -1 EAGAIN (Try again)
31740 1783932400.644374 recvfrom(79, "h\0\0\0vor_\v\0\0\0\0\0\0\0W\322\16u4\4\0\08]-?\262d65"..., 26624, MSG_DONTWAIT, NULL, NULL) = 104
31740 1783932400.644781 recvfrom(79, 0x7007512840, 26624, MSG_DONTWAIT, NULL, NULL) = -1 EAGAIN (Try again)
31740 1783932400.697206 recvfrom(79, "h\0\0\0vor_\v\0\0\0\0\0\0\0o\2042x4\4\0\08]-?\"n65"..., 26624, MSG_DONTWAIT, NULL, NULL) = 104
31740 1783932400.697430 recvfrom(79, 0x7007512840, 26624, MSG_DONTWAIT, NULL, NULL) = -1 EAGAIN (Try again)
31740 1783932400.747478 recvfrom(79, "h\0\0\0vor_\v\0\0\0\0\0\0\0H\3561{4\4\0\08]-?uu65"..., 26624, MSG_DONTWAIT, NULL, NULL) = 104
31740 1783932400.747704 recvfrom(79, 0x7007512840, 26624, MSG_DONTWAIT, NULL, NULL) = -1 EAGAIN (Try again)
31740 1783932400.798259 recvfrom(79, "h\0\0\0vor_\v\0\0\0\0\0\0\0G\345:~4\4\0\08]-?\271z65"..., 26624, MSG_DONTWAIT, NULL, NULL) = 104
31740 1783932400.798448 recvfrom(79, 0x7007512840, 26624, MSG_DONTWAIT, NULL, NULL) = -1 EAGAIN (Try again)
31740 1783932400.848480 recvfrom(79, "h\0\0\0vor_\v\0\0\0\0\0\0\0b\3035\2014\4\0\0&]-?B\22\0375"..., 26624, MSG_DONTWAIT, NULL, NULL) = 104
31740 1783932400.848740 recvfrom(79, 0x7007512840, 26624, MSG_DONTWAIT, NULL, NULL) = -1 EAGAIN (Try again)
31740 1783932400.899067 recvfrom(79, "h\0\0\0vor_\v\0\0\0\0\0\0\0001\3409\2044\4\0\0&]-?\241#\0375"..., 26624, MSG_DONTWAIT, NULL, NULL) = 104
31740 1783932400.899450 recvfrom(79, 0x7007512840, 26624, MSG_DONTWAIT, NULL, NULL) = -1 EAGAIN (Try again)
31740 1783932400.949807 recvfrom(79, "h\0\0\0vor_\v\0\0\0\0\0\0\0Y\361@\2074\4\0\0&]-?\3202\0375"..., 26624, MSG_DONTWAIT, NULL, NULL) = 104
31740 1783932400.950077 recvfrom(79, 0x7007512840, 26624, MSG_DONTWAIT, NULL, NULL) = -1 EAGAIN (Try again)
31740 1783932401.004202 recvfrom(79, "h\0\0\0vor_\v\0\0\0\0\0\0\0\314\317~\2124\4\0\0&]-?\334?\0375"..., 26624, MSG_DONTWAIT, NULL, NULL) = 104
31740 1783932401.004416 recvfrom(79, 0x7007512840, 26624, MSG_DONTWAIT, NULL, NULL) = -1 EAGAIN (Try again)
31740 1783932401.061169 recvfrom(79, "h\0\0\0vor_\v\0\0\0\0\0\0\0\17\342\343\2154\4\0\0&]-?\325J\0375"..., 26624, MSG_DONTWAIT, NULL, NULL) = 104
31740 1783932401.061395 recvfrom(79, 0x7007512840, 26624, MSG_DONTWAIT, NULL, NULL) = -1 EAGAIN (Try again)
31740 1783932401.112152 recvfrom(79, "h\0\0\0vor_\v\0\0\0\0\0\0\0X\31\355\2204\4\0\0&]-?\307S\0375"..., 26624, MSG_DONTWAIT, NULL, NULL) = 104
31740 1783932401.112383 recvfrom(79, 0x7007512840, 26624, MSG_DONTWAIT, NULL, NULL) = -1 EAGAIN (Try again)
31740 1783932401.169880 recvfrom(79, "h\0\0\0vor_\v\0\0\0\0\0\0\0w\301_\2244\4\0\0&]-?\277Z\0375"..., 26624, MSG_DONTWAIT, NULL, NULL) = 104
31740 1783932401.170097 recvfrom(79, 0x7007512840, 26624, MSG_DONTWAIT, NULL, NULL) = -1 EAGAIN (Try again)
31740 1783932401.221830 recvfrom(79, "h\0\0\0vor_\v\0\0\0\0\0\0\0\376\27p\2274\4\0\0&]-?\312_\0375"..., 26624, MSG_DONTWAIT, NULL, NULL) = 104
31740 1783932401.222186 recvfrom(79, 0x7007512840, 26624, MSG_DONTWAIT, NULL, NULL) = -1 EAGAIN (Try again)
31740 1783932401.280003 recvfrom(79, "h\0\0\0vor_\v\0\0\0\0\0\0\0006\10\352\2324\4\0\0&]-?\365b\0375"..., 26624, MSG_DONTWAIT, NULL, NULL) = 104
31740 1783932401.280356 recvfrom(79, 0x7007512840, 26624, MSG_DONTWAIT, NULL, NULL) = -1 EAGAIN (Try again)
31740 1783932401.333590 recvfrom(79, "h\0\0\0vor_\v\0\0\0\0\0\0\0\n\226\35\2364\4\0\0&]-?Md\0375"..., 26624, MSG_DONTWAIT, NULL, NULL) = 104
31740 1783932401.334004 recvfrom(79, 0x7007512840, 26624, MSG_DONTWAIT, NULL, NULL) = -1 EAGAIN (Try again)
31740 1783932401.392407 recvfrom(79, "h\0\0\0vor_\v\0\0\0\0\0\0\0\353\25\216\2414\4\0\0&]-?\334c\0375"..., 26624, MSG_DONTWAIT, NULL, NULL) = 104
31740 1783932401.392869 recvfrom(79, 0x7007512840, 26624, MSG_DONTWAIT, NULL, NULL) = -1 EAGAIN (Try again)
31740 1783932401.442165 recvfrom(79, "h\0\0\0vor_\v\0\0\0\0\0\0\0\216\324\224\2444\4\0\0&]-?\256a\0375"..., 26624, MSG_DONTWAIT, NULL, NULL) = 104
31740 1783932401.442542 recvfrom(79, 0x7007512840, 26624, MSG_DONTWAIT, NULL, NULL) = -1 EAGAIN (Try again)
31740 1783932401.496789 recvfrom(79, "h\0\0\0vor_\v\0\0\0\0\0\0\0\206\270\312\2474\4\0\0&]-?\317]\0375"..., 26624, MSG_DONTWAIT, NULL, NULL) = 104
31740 1783932401.497257 recvfrom(79, 0x7007512840, 26624, MSG_DONTWAIT, NULL, NULL) = -1 EAGAIN (Try again)
31740 1783932401.551170 recvfrom(79, "h\0\0\0vor_\v\0\0\0\0\0\0\0x\371\t\2534\4\0\0&]-?JX\0375"..., 26624, MSG_DONTWAIT, NULL, NULL) = 104
31740 1783932401.551893 recvfrom(79, 0x7007512840, 26624, MSG_DONTWAIT, NULL, NULL) = -1 EAGAIN (Try again)
31740 1783932401.607958 recvfrom(79, "h\0\0\0vor_\v\0\0\0\0\0\0\0\317`m\2564\4\0\0&]-?)Q\0375"..., 26624, MSG_DONTWAIT, NULL, NULL) = 104
31740 1783932401.608438 recvfrom(79, 0x7007512840, 26624, MSG_DONTWAIT, NULL, NULL) = -1 EAGAIN (Try again)
31740 1783932401.662990 recvfrom(79, "h\0\0\0vor_\v\0\0\0\0\0\0\0006`\275\2614\4\0\0&]-?wH\0375"..., 26624, MSG_DONTWAIT, NULL, NULL) = 104
31740 1783932401.663492 recvfrom(79, 0x7007512840, 26624, MSG_DONTWAIT, NULL, NULL) = -1 EAGAIN (Try again)
31761 1783932401.708079 openat(AT_FDCWD, "/data/misc/profiles/cur/0/app.organicmaps/primary.prof", O_RDWR|O_NOFOLLOW|O_CLOEXEC) = 64
31761 1783932401.708916 newfstatat(AT_FDCWD, "/data/misc/profiles/cur/0/app.organicmaps/primary.prof", {st_mode=S_IFREG|0600, st_size=21174, ...}, 0) = 0
31740 1783932401.716482 recvfrom(79, "h\0\0\0vor_\v\0\0\0\0\0\0\0y\21\357\2644\4\0\0&]-?=>\0375"..., 26624, MSG_DONTWAIT, NULL, NULL) = 104
31740 1783932401.716851 recvfrom(79, 0x7007512840, 26624, MSG_DONTWAIT, NULL, NULL) = -1 EAGAIN (Try again)
31740 1783932401.772817 recvfrom(79, "h\0\0\0vor_\v\0\0\0\0\0\0\0\177\241C\2704\4\0\0&]-?\2062\0375"..., 26624, MSG_DONTWAIT, NULL, NULL) = 104
31740 1783932401.773210 recvfrom(79, 0x7007512840, 26624, MSG_DONTWAIT, NULL, NULL) = -1 EAGAIN (Try again)
