13908 1783915441.417668 exit(0)         = ?
13908 1783915441.417759 +++ exited with 0 +++
13909 1783915441.418608 exit(0)         = ?
13909 1783915441.418775 +++ exited with 0 +++
13906 1783915441.418855 exit(0 <unfinished ...>
13907 1783915441.418928 exit(0 <unfinished ...>
13906 1783915441.418939 <... exit resumed>) = ?
13907 1783915441.419097 <... exit resumed>) = ?
13906 1783915441.419105 +++ exited with 0 +++
13907 1783915441.419184 +++ exited with 0 +++
13922 1783915441.420269 newfstatat(AT_FDCWD, "/data", {st_mode=S_IFDIR|0771, st_size=4096, ...}, AT_SYMLINK_NOFOLLOW) = 0
13922 1783915441.420454 newfstatat(AT_FDCWD, "/data/app", {st_mode=S_IFDIR|0771, st_size=4096, ...}, AT_SYMLINK_NOFOLLOW) = 0
13922 1783915441.420604 newfstatat(AT_FDCWD, "/data/app/app.fedilab.nitterizeme-BlDpoydNnubDQuLIDqtEnw==", {st_mode=S_IFDIR|0775, st_size=4096, ...}, AT_SYMLINK_NOFOLLOW) = 0
13922 1783915441.420749 newfstatat(AT_FDCWD, "/data/app/app.fedilab.nitterizeme-BlDpoydNnubDQuLIDqtEnw==/base.apk", {st_mode=S_IFREG|0644, st_size=3714928, ...}, AT_SYMLINK_NOFOLLOW) = 0
13922 1783915441.420892 getcwd("/", 4096) = 2
13922 1783915441.421029 newfstatat(AT_FDCWD, "/base.apk", 0x7d86f4d690, AT_SYMLINK_NOFOLLOW) = -1 ENOENT (No such file or directory)
13937 1783915454.286447 exit(0)         = ?
13937 1783915454.286815 +++ exited with 0 +++
13935 1783915454.336084 faccessat(AT_FDCWD, "/proc/self/task/13937", F_OK) = -1 ENOENT (No such file or directory)
13902 1783915476.200852 recvfrom(48, "\2\0\0\0\0\0\0\0_\22\0\0\0\0\0\0\0\17\26\331\267\3\0\0\1\0\0\0\2\20\0\0"..., 2272, MSG_DONTWAIT, NULL, NULL) = 232
13902 1783915476.201593 sendto(48, "\3\0\0\0\0\0\0\0_\22\0\0\1\0\0\0", 16, MSG_DONTWAIT|MSG_NOSIGNAL, NULL, 0) = 16
13902 1783915476.201800 recvfrom(48, 0x7d2a8bb020, 2272, MSG_DONTWAIT, NULL, NULL) = -1 EAGAIN (Try again)
13902 1783915476.202525 recvfrom(48, "\2\0\0\0\0\0\0\0a\22\0\0\0\0\0\0\0\17\26\331\267\3\0\0\1\0\0\0\2\20\0\0"..., 2272, MSG_DONTWAIT, NULL, NULL) = 232
13902 1783915476.203064 sendto(48, "\3\0\0\0\0\0\0\0a\22\0\0\1\0\0\0", 16, MSG_DONTWAIT|MSG_NOSIGNAL, NULL, 0) = 16
13902 1783915476.203268 recvfrom(48, 0x7d2a8bb020, 2272, MSG_DONTWAIT, NULL, NULL) = -1 EAGAIN (Try again)
13902 1783915476.203890 socket(AF_UNIX, SOCK_DGRAM|SOCK_CLOEXEC|SOCK_NONBLOCK, 0) = 67
13902 1783915476.204063 setsockopt(67, SOL_SOCKET, SO_SNDBUF, [1048576], 4) = 0
13902 1783915476.204212 connect(67, {sa_family=AF_UNIX, sun_path="/dev/socket/statsdw"}, 110) = 0
13902 1783915476.208490 recvfrom(46, 0x7fc3985d30, 3200, MSG_DONTWAIT, NULL, NULL) = -1 EAGAIN (Try again)
13938 1783915476.225994 sendmsg(68, {msg_name=NULL, msg_namelen=0, msg_iov=[{iov_base="l\1\1\1\370\0\0\0L\0\0\0\235\0\0\0\1\1o\0;\0\0\0/re/frid"..., iov_len=424}], msg_iovlen=1, msg_controllen=0, msg_flags=0}, MSG_NOSIGNAL) = 424
13938 1783915476.233601 sendmsg(68, {msg_name=NULL, msg_namelen=0, msg_iov=[{iov_base="l\1\1\1\370\0\0\0M\0\0\0\235\0\0\0\1\1o\0;\0\0\0/re/frid"..., iov_len=424}], msg_iovlen=1, msg_controllen=0, msg_flags=0}, MSG_NOSIGNAL) = 424
13938 1783915476.240256 sendmsg(68, {msg_name=NULL, msg_namelen=0, msg_iov=[{iov_base="l\1\1\1\370\0\0\0N\0\0\0\235\0\0\0\1\1o\0;\0\0\0/re/frid"..., iov_len=424}], msg_iovlen=1, msg_controllen=0, msg_flags=0}, MSG_NOSIGNAL) = 424
13938 1783915476.246153 sendmsg(68, {msg_name=NULL, msg_namelen=0, msg_iov=[{iov_base="l\1\1\1\374\0\0\0O\0\0\0\235\0\0\0\1\1o\0;\0\0\0/re/frid"..., iov_len=428}], msg_iovlen=1, msg_controllen=0, msg_flags=0}, MSG_NOSIGNAL) = 428
13938 1783915476.254017 sendmsg(68, {msg_name=NULL, msg_namelen=0, msg_iov=[{iov_base="l\1\1\1\374\0\0\0P\0\0\0\235\0\0\0\1\1o\0;\0\0\0/re/frid"..., iov_len=428}], msg_iovlen=1, msg_controllen=0, msg_flags=0}, MSG_NOSIGNAL) = 428
13938 1783915476.259611 sendmsg(68, {msg_name=NULL, msg_namelen=0, msg_iov=[{iov_base="l\1\1\1\374\0\0\0Q\0\0\0\235\0\0\0\1\1o\0;\0\0\0/re/frid"..., iov_len=428}], msg_iovlen=1, msg_controllen=0, msg_flags=0}, MSG_NOSIGNAL) = 428
13938 1783915476.267261 sendmsg(68, {msg_name=NULL, msg_namelen=0, msg_iov=[{iov_base="l\1\1\1\370\0\0\0R\0\0\0\235\0\0\0\1\1o\0;\0\0\0/re/frid"..., iov_len=424}], msg_iovlen=1, msg_controllen=0, msg_flags=0}, MSG_NOSIGNAL) = 424
13938 1783915476.273896 sendmsg(68, {msg_name=NULL, msg_namelen=0, msg_iov=[{iov_base="l\1\1\1\370\0\0\0S\0\0\0\235\0\0\0\1\1o\0;\0\0\0/re/frid"..., iov_len=424}], msg_iovlen=1, msg_controllen=0, msg_flags=0}, MSG_NOSIGNAL) = 424
13938 1783915476.281986 sendmsg(68, {msg_name=NULL, msg_namelen=0, msg_iov=[{iov_base="l\1\1\1\370\0\0\0T\0\0\0\235\0\0\0\1\1o\0;\0\0\0/re/frid"..., iov_len=424}], msg_iovlen=1, msg_controllen=0, msg_flags=0}, MSG_NOSIGNAL) = 424
13938 1783915476.288693 sendmsg(68, {msg_name=NULL, msg_namelen=0, msg_iov=[{iov_base="l\1\1\1\374\0\0\0U\0\0\0\235\0\0\0\1\1o\0;\0\0\0/re/frid"..., iov_len=428}], msg_iovlen=1, msg_controllen=0, msg_flags=0}, MSG_NOSIGNAL) = 428
13938 1783915476.295610 sendmsg(68, {msg_name=NULL, msg_namelen=0, msg_iov=[{iov_base="l\1\1\1\374\0\0\0V\0\0\0\235\0\0\0\1\1o\0;\0\0\0/re/frid"..., iov_len=428}], msg_iovlen=1, msg_controllen=0, msg_flags=0}, MSG_NOSIGNAL) = 428
13938 1783915476.303762 sendmsg(68, {msg_name=NULL, msg_namelen=0, msg_iov=[{iov_base="l\1\1\1\374\0\0\0W\0\0\0\235\0\0\0\1\1o\0;\0\0\0/re/frid"..., iov_len=428}], msg_iovlen=1, msg_controllen=0, msg_flags=0}, MSG_NOSIGNAL) = 428
13938 1783915476.311599 sendmsg(68, {msg_name=NULL, msg_namelen=0, msg_iov=[{iov_base="l\1\1\1\370\0\0\0X\0\0\0\235\0\0\0\1\1o\0;\0\0\0/re/frid"..., iov_len=424}], msg_iovlen=1, msg_controllen=0, msg_flags=0}, MSG_NOSIGNAL) = 424
13938 1783915476.319973 sendmsg(68, {msg_name=NULL, msg_namelen=0, msg_iov=[{iov_base="l\1\1\1\370\0\0\0Y\0\0\0\235\0\0\0\1\1o\0;\0\0\0/re/frid"..., iov_len=424}], msg_iovlen=1, msg_controllen=0, msg_flags=0}, MSG_NOSIGNAL) = 424
13938 1783915476.326979 sendmsg(68, {msg_name=NULL, msg_namelen=0, msg_iov=[{iov_base="l\1\1\1\370\0\0\0Z\0\0\0\235\0\0\0\1\1o\0;\0\0\0/re/frid"..., iov_len=424}], msg_iovlen=1, msg_controllen=0, msg_flags=0}, MSG_NOSIGNAL) = 424
13938 1783915476.334034 sendmsg(68, {msg_name=NULL, msg_namelen=0, msg_iov=[{iov_base="l\1\1\1\374\0\0\0[\0\0\0\235\0\0\0\1\1o\0;\0\0\0/re/frid"..., iov_len=428}], msg_iovlen=1, msg_controllen=0, msg_flags=0}, MSG_NOSIGNAL) = 428
13938 1783915476.341454 sendmsg(68, {msg_name=NULL, msg_namelen=0, msg_iov=[{iov_base="l\1\1\1\374\0\0\0\\\0\0\0\235\0\0\0\1\1o\0;\0\0\0/re/frid"..., iov_len=428}], msg_iovlen=1, msg_controllen=0, msg_flags=0}, MSG_NOSIGNAL) = 428
13938 1783915476.348614 sendmsg(68, {msg_name=NULL, msg_namelen=0, msg_iov=[{iov_base="l\1\1\1\374\0\0\0]\0\0\0\235\0\0\0\1\1o\0;\0\0\0/re/frid"..., iov_len=428}], msg_iovlen=1, msg_controllen=0, msg_flags=0}, MSG_NOSIGNAL) = 428
13938 1783915476.356832 sendmsg(68, {msg_name=NULL, msg_namelen=0, msg_iov=[{iov_base="l\1\1\1\370\0\0\0^\0\0\0\235\0\0\0\1\1o\0;\0\0\0/re/frid"..., iov_len=424}], msg_iovlen=1, msg_controllen=0, msg_flags=0}, MSG_NOSIGNAL) = 424
13938 1783915476.364661 sendmsg(68, {msg_name=NULL, msg_namelen=0, msg_iov=[{iov_base="l\1\1\1\370\0\0\0_\0\0\0\235\0\0\0\1\1o\0;\0\0\0/re/frid"..., iov_len=424}], msg_iovlen=1, msg_controllen=0, msg_flags=0}, MSG_NOSIGNAL) = 424
13938 1783915476.370624 sendmsg(68, {msg_name=NULL, msg_namelen=0, msg_iov=[{iov_base="l\1\1\1\370\0\0\0`\0\0\0\235\0\0\0\1\1o\0;\0\0\0/re/frid"..., iov_len=424}], msg_iovlen=1, msg_controllen=0, msg_flags=0}, MSG_NOSIGNAL) = 424
13938 1783915476.379733 sendmsg(68, {msg_name=NULL, msg_namelen=0, msg_iov=[{iov_base="l\1\1\1\374\0\0\0a\0\0\0\235\0\0\0\1\1o\0;\0\0\0/re/frid"..., iov_len=428}], msg_iovlen=1, msg_controllen=0, msg_flags=0}, MSG_NOSIGNAL) = 428
13938 1783915476.386285 sendmsg(68, {msg_name=NULL, msg_namelen=0, msg_iov=[{iov_base="l\1\1\1\374\0\0\0b\0\0\0\235\0\0\0\1\1o\0;\0\0\0/re/frid"..., iov_len=428}], msg_iovlen=1, msg_controllen=0, msg_flags=0}, MSG_NOSIGNAL) = 428
13938 1783915476.393754 sendmsg(68, {msg_name=NULL, msg_namelen=0, msg_iov=[{iov_base="l\1\1\1\374\0\0\0c\0\0\0\235\0\0\0\1\1o\0;\0\0\0/re/frid"..., iov_len=428}], msg_iovlen=1, msg_controllen=0, msg_flags=0}, MSG_NOSIGNAL) = 428
13938 1783915476.399481 sendmsg(68, {msg_name=NULL, msg_namelen=0, msg_iov=[{iov_base="l\1\1\1\370\0\0\0d\0\0\0\235\0\0\0\1\1o\0;\0\0\0/re/frid"..., iov_len=424}], msg_iovlen=1, msg_controllen=0, msg_flags=0}, MSG_NOSIGNAL) = 424
13938 1783915476.407218 sendmsg(68, {msg_name=NULL, msg_namelen=0, msg_iov=[{iov_base="l\1\1\1\370\0\0\0e\0\0\0\235\0\0\0\1\1o\0;\0\0\0/re/frid"..., iov_len=424}], msg_iovlen=1, msg_controllen=0, msg_flags=0}, MSG_NOSIGNAL) = 424
13938 1783915476.413390 sendmsg(68, {msg_name=NULL, msg_namelen=0, msg_iov=[{iov_base="l\1\1\1\370\0\0\0f\0\0\0\235\0\0\0\1\1o\0;\0\0\0/re/frid"..., iov_len=424}], msg_iovlen=1, msg_controllen=0, msg_flags=0}, MSG_NOSIGNAL) = 424
13938 1783915476.422148 sendmsg(68, {msg_name=NULL, msg_namelen=0, msg_iov=[{iov_base="l\1\1\1\374\0\0\0g\0\0\0\235\0\0\0\1\1o\0;\0\0\0/re/frid"..., iov_len=428}], msg_iovlen=1, msg_controllen=0, msg_flags=0}, MSG_NOSIGNAL) = 428
13938 1783915476.428433 sendmsg(68, {msg_name=NULL, msg_namelen=0, msg_iov=[{iov_base="l\1\1\1\374\0\0\0h\0\0\0\235\0\0\0\1\1o\0;\0\0\0/re/frid"..., iov_len=428}], msg_iovlen=1, msg_controllen=0, msg_flags=0}, MSG_NOSIGNAL) = 428
13938 1783915476.435631 sendmsg(68, {msg_name=NULL, msg_namelen=0, msg_iov=[{iov_base="l\1\1\1\374\0\0\0i\0\0\0\235\0\0\0\1\1o\0;\0\0\0/re/frid"..., iov_len=428}], msg_iovlen=1, msg_controllen=0, msg_flags=0}, MSG_NOSIGNAL) = 428
13938 1783915476.441734 sendmsg(68, {msg_name=NULL, msg_namelen=0, msg_iov=[{iov_base="l\1\1\1\370\0\0\0j\0\0\0\235\0\0\0\1\1o\0;\0\0\0/re/frid"..., iov_len=424}], msg_iovlen=1, msg_controllen=0, msg_flags=0}, MSG_NOSIGNAL) = 424
13938 1783915476.449044 sendmsg(68, {msg_name=NULL, msg_namelen=0, msg_iov=[{iov_base="l\1\1\1\370\0\0\0k\0\0\0\235\0\0\0\1\1o\0;\0\0\0/re/frid"..., iov_len=424}], msg_iovlen=1, msg_controllen=0, msg_flags=0}, MSG_NOSIGNAL) = 424
13938 1783915476.454441 sendmsg(68, {msg_name=NULL, msg_namelen=0, msg_iov=[{iov_base="l\1\1\1\370\0\0\0l\0\0\0\235\0\0\0\1\1o\0;\0\0\0/re/frid"..., iov_len=424}], msg_iovlen=1, msg_controllen=0, msg_flags=0}, MSG_NOSIGNAL) = 424
13938 1783915476.461387 sendmsg(68, {msg_name=NULL, msg_namelen=0, msg_iov=[{iov_base="l\1\1\1\374\0\0\0m\0\0\0\235\0\0\0\1\1o\0;\0\0\0/re/frid"..., iov_len=428}], msg_iovlen=1, msg_controllen=0, msg_flags=0}, MSG_NOSIGNAL) = 428
13938 1783915476.468011 sendmsg(68, {msg_name=NULL, msg_namelen=0, msg_iov=[{iov_base="l\1\1\1\374\0\0\0n\0\0\0\235\0\0\0\1\1o\0;\0\0\0/re/frid"..., iov_len=428}], msg_iovlen=1, msg_controllen=0, msg_flags=0}, MSG_NOSIGNAL) = 428
13938 1783915476.479257 sendmsg(68, {msg_name=NULL, msg_namelen=0, msg_iov=[{iov_base="l\1\1\1\374\0\0\0o\0\0\0\235\0\0\0\1\1o\0;\0\0\0/re/frid"..., iov_len=428}], msg_iovlen=1, msg_controllen=0, msg_flags=0}, MSG_NOSIGNAL) = 428
13938 1783915476.486665 sendmsg(68, {msg_name=NULL, msg_namelen=0, msg_iov=[{iov_base="l\1\1\1\370\0\0\0p\0\0\0\235\0\0\0\1\1o\0;\0\0\0/re/frid"..., iov_len=424}], msg_iovlen=1, msg_controllen=0, msg_flags=0}, MSG_NOSIGNAL) = 424
13938 1783915476.493639 sendmsg(68, {msg_name=NULL, msg_namelen=0, msg_iov=[{iov_base="l\1\1\1\370\0\0\0q\0\0\0\235\0\0\0\1\1o\0;\0\0\0/re/frid"..., iov_len=424}], msg_iovlen=1, msg_controllen=0, msg_flags=0}, MSG_NOSIGNAL) = 424
13938 1783915476.502052 sendmsg(68, {msg_name=NULL, msg_namelen=0, msg_iov=[{iov_base="l\1\1\1\370\0\0\0r\0\0\0\235\0\0\0\1\1o\0;\0\0\0/re/frid"..., iov_len=424}], msg_iovlen=1, msg_controllen=0, msg_flags=0}, MSG_NOSIGNAL) = 424
13938 1783915476.510422 sendmsg(68, {msg_name=NULL, msg_namelen=0, msg_iov=[{iov_base="l\1\1\1\374\0\0\0s\0\0\0\235\0\0\0\1\1o\0;\0\0\0/re/frid"..., iov_len=428}], msg_iovlen=1, msg_controllen=0, msg_flags=0}, MSG_NOSIGNAL) = 428
13938 1783915476.518011 sendmsg(68, {msg_name=NULL, msg_namelen=0, msg_iov=[{iov_base="l\1\1\1\374\0\0\0t\0\0\0\235\0\0\0\1\1o\0;\0\0\0/re/frid"..., iov_len=428}], msg_iovlen=1, msg_controllen=0, msg_flags=0}, MSG_NOSIGNAL) = 428
13938 1783915476.525998 sendmsg(68, {msg_name=NULL, msg_namelen=0, msg_iov=[{iov_base="l\1\1\1\374\0\0\0u\0\0\0\235\0\0\0\1\1o\0;\0\0\0/re/frid"..., iov_len=428}], msg_iovlen=1, msg_controllen=0, msg_flags=0}, MSG_NOSIGNAL) = 428
13938 1783915476.532729 sendmsg(68, {msg_name=NULL, msg_namelen=0, msg_iov=[{iov_base="l\1\1\1\370\0\0\0v\0\0\0\235\0\0\0\1\1o\0;\0\0\0/re/frid"..., iov_len=424}], msg_iovlen=1, msg_controllen=0, msg_flags=0}, MSG_NOSIGNAL) = 424
13938 1783915476.539176 sendmsg(68, {msg_name=NULL, msg_namelen=0, msg_iov=[{iov_base="l\1\1\1\370\0\0\0w\0\0\0\235\0\0\0\1\1o\0;\0\0\0/re/frid"..., iov_len=424}], msg_iovlen=1, msg_controllen=0, msg_flags=0}, MSG_NOSIGNAL) = 424
13938 1783915476.546568 sendmsg(68, {msg_name=NULL, msg_namelen=0, msg_iov=[{iov_base="l\1\1\1\370\0\0\0x\0\0\0\235\0\0\0\1\1o\0;\0\0\0/re/frid"..., iov_len=424}], msg_iovlen=1, msg_controllen=0, msg_flags=0}, MSG_NOSIGNAL) = 424
13938 1783915476.553505 sendmsg(68, {msg_name=NULL, msg_namelen=0, msg_iov=[{iov_base="l\1\1\1\374\0\0\0y\0\0\0\235\0\0\0\1\1o\0;\0\0\0/re/frid"..., iov_len=428}], msg_iovlen=1, msg_controllen=0, msg_flags=0}, MSG_NOSIGNAL) = 428
13938 1783915476.561619 sendmsg(68, {msg_name=NULL, msg_namelen=0, msg_iov=[{iov_base="l\1\1\1\374\0\0\0z\0\0\0\235\0\0\0\1\1o\0;\0\0\0/re/frid"..., iov_len=428}], msg_iovlen=1, msg_controllen=0, msg_flags=0}, MSG_NOSIGNAL) = 428
13938 1783915476.567961 sendmsg(68, {msg_name=NULL, msg_namelen=0, msg_iov=[{iov_base="l\1\1\1\374\0\0\0{\0\0\0\235\0\0\0\1\1o\0;\0\0\0/re/frid"..., iov_len=428}], msg_iovlen=1, msg_controllen=0, msg_flags=0}, MSG_NOSIGNAL) = 428
13938 1783915476.575660 sendmsg(68, {msg_name=NULL, msg_namelen=0, msg_iov=[{iov_base="l\1\1\1\370\0\0\0|\0\0\0\235\0\0\0\1\1o\0;\0\0\0/re/frid"..., iov_len=424}], msg_iovlen=1, msg_controllen=0, msg_flags=0}, MSG_NOSIGNAL) = 424
13938 1783915476.584291 sendmsg(68, {msg_name=NULL, msg_namelen=0, msg_iov=[{iov_base="l\1\1\1\370\0\0\0}\0\0\0\235\0\0\0\1\1o\0;\0\0\0/re/frid"..., iov_len=424}], msg_iovlen=1, msg_controllen=0, msg_flags=0}, MSG_NOSIGNAL) = 424
13938 1783915476.591897 sendmsg(68, {msg_name=NULL, msg_namelen=0, msg_iov=[{iov_base="l\1\1\1\370\0\0\0~\0\0\0\235\0\0\0\1\1o\0;\0\0\0/re/frid"..., iov_len=424}], msg_iovlen=1, msg_controllen=0, msg_flags=0}, MSG_NOSIGNAL) = 424
13938 1783915476.599889 sendmsg(68, {msg_name=NULL, msg_namelen=0, msg_iov=[{iov_base="l\1\1\1\374\0\0\0\177\0\0\0\235\0\0\0\1\1o\0;\0\0\0/re/frid"..., iov_len=428}], msg_iovlen=1, msg_controllen=0, msg_flags=0}, MSG_NOSIGNAL) = 428
13938 1783915476.606791 sendmsg(68, {msg_name=NULL, msg_namelen=0, msg_iov=[{iov_base="l\1\1\1\374\0\0\0\200\0\0\0\235\0\0\0\1\1o\0;\0\0\0/re/frid"..., iov_len=428}], msg_iovlen=1, msg_controllen=0, msg_flags=0}, MSG_NOSIGNAL) = 428
13938 1783915476.614924 sendmsg(68, {msg_name=NULL, msg_namelen=0, msg_iov=[{iov_base="l\1\1\1\374\0\0\0\201\0\0\0\235\0\0\0\1\1o\0;\0\0\0/re/frid"..., iov_len=428}], msg_iovlen=1, msg_controllen=0, msg_flags=0}, MSG_NOSIGNAL) = 428
13938 1783915476.622474 sendmsg(68, {msg_name=NULL, msg_namelen=0, msg_iov=[{iov_base="l\1\1\1\370\0\0\0\202\0\0\0\235\0\0\0\1\1o\0;\0\0\0/re/frid"..., iov_len=424}], msg_iovlen=1, msg_controllen=0, msg_flags=0}, MSG_NOSIGNAL) = 424
13938 1783915476.630438 sendmsg(68, {msg_name=NULL, msg_namelen=0, msg_iov=[{iov_base="l\1\1\1\370\0\0\0\203\0\0\0\235\0\0\0\1\1o\0;\0\0\0/re/frid"..., iov_len=424}], msg_iovlen=1, msg_controllen=0, msg_flags=0}, MSG_NOSIGNAL) = 424
13938 1783915476.636736 sendmsg(68, {msg_name=NULL, msg_namelen=0, msg_iov=[{iov_base="l\1\1\1\370\0\0\0\204\0\0\0\235\0\0\0\1\1o\0;\0\0\0/re/frid"..., iov_len=424}], msg_iovlen=1, msg_controllen=0, msg_flags=0}, MSG_NOSIGNAL) = 424
13938 1783915476.642589 sendmsg(68, {msg_name=NULL, msg_namelen=0, msg_iov=[{iov_base="l\1\1\1\374\0\0\0\205\0\0\0\235\0\0\0\1\1o\0;\0\0\0/re/frid"..., iov_len=428}], msg_iovlen=1, msg_controllen=0, msg_flags=0}, MSG_NOSIGNAL) = 428
13938 1783915476.652005 sendmsg(68, {msg_name=NULL, msg_namelen=0, msg_iov=[{iov_base="l\1\1\1\374\0\0\0\206\0\0\0\235\0\0\0\1\1o\0;\0\0\0/re/frid"..., iov_len=428}], msg_iovlen=1, msg_controllen=0, msg_flags=0}, MSG_NOSIGNAL) = 428
13938 1783915476.657802 sendmsg(68, {msg_name=NULL, msg_namelen=0, msg_iov=[{iov_base="l\1\1\1\374\0\0\0\207\0\0\0\235\0\0\0\1\1o\0;\0\0\0/re/frid"..., iov_len=428}], msg_iovlen=1, msg_controllen=0, msg_flags=0}, MSG_NOSIGNAL) = 428
13938 1783915476.665156 sendmsg(68, {msg_name=NULL, msg_namelen=0, msg_iov=[{iov_base="l\1\1\1\370\0\0\0\210\0\0\0\235\0\0\0\1\1o\0;\0\0\0/re/frid"..., iov_len=424}], msg_iovlen=1, msg_controllen=0, msg_flags=0}, MSG_NOSIGNAL) = 424
13938 1783915476.672546 sendmsg(68, {msg_name=NULL, msg_namelen=0, msg_iov=[{iov_base="l\1\1\1\370\0\0\0\211\0\0\0\235\0\0\0\1\1o\0;\0\0\0/re/frid"..., iov_len=424}], msg_iovlen=1, msg_controllen=0, msg_flags=0}, MSG_NOSIGNAL) = 424
13938 1783915476.680062 sendmsg(68, {msg_name=NULL, msg_namelen=0, msg_iov=[{iov_base="l\1\1\1\370\0\0\0\212\0\0\0\235\0\0\0\1\1o\0;\0\0\0/re/frid"..., iov_len=424}], msg_iovlen=1, msg_controllen=0, msg_flags=0}, MSG_NOSIGNAL) = 424
13938 1783915476.687101 sendmsg(68, {msg_name=NULL, msg_namelen=0, msg_iov=[{iov_base="l\1\1\1\374\0\0\0\213\0\0\0\235\0\0\0\1\1o\0;\0\0\0/re/frid"..., iov_len=428}], msg_iovlen=1, msg_controllen=0, msg_flags=0}, MSG_NOSIGNAL) = 428
13938 1783915476.694944 sendmsg(68, {msg_name=NULL, msg_namelen=0, msg_iov=[{iov_base="l\1\1\1\374\0\0\0\214\0\0\0\235\0\0\0\1\1o\0;\0\0\0/re/frid"..., iov_len=428}], msg_iovlen=1, msg_controllen=0, msg_flags=0}, MSG_NOSIGNAL) = 428
13938 1783915476.703960 sendmsg(68, {msg_name=NULL, msg_namelen=0, msg_iov=[{iov_base="l\1\1\1\374\0\0\0\215\0\0\0\235\0\0\0\1\1o\0;\0\0\0/re/frid"..., iov_len=428}], msg_iovlen=1, msg_controllen=0, msg_flags=0}, MSG_NOSIGNAL) = 428
13938 1783915476.711579 sendmsg(68, {msg_name=NULL, msg_namelen=0, msg_iov=[{iov_base="l\1\1\1\370\0\0\0\216\0\0\0\235\0\0\0\1\1o\0;\0\0\0/re/frid"..., iov_len=424}], msg_iovlen=1, msg_controllen=0, msg_flags=0}, MSG_NOSIGNAL) = 424
13938 1783915476.718461 sendmsg(68, {msg_name=NULL, msg_namelen=0, msg_iov=[{iov_base="l\1\1\1\370\0\0\0\217\0\0\0\235\0\0\0\1\1o\0;\0\0\0/re/frid"..., iov_len=424}], msg_iovlen=1, msg_controllen=0, msg_flags=0}, MSG_NOSIGNAL) = 424
13938 1783915476.725737 sendmsg(68, {msg_name=NULL, msg_namelen=0, msg_iov=[{iov_base="l\1\1\1\370\0\0\0\220\0\0\0\235\0\0\0\1\1o\0;\0\0\0/re/frid"..., iov_len=424}], msg_iovlen=1, msg_controllen=0, msg_flags=0}, MSG_NOSIGNAL) = 424
13938 1783915476.733619 sendmsg(68, {msg_name=NULL, msg_namelen=0, msg_iov=[{iov_base="l\1\1\1\374\0\0\0\221\0\0\0\235\0\0\0\1\1o\0;\0\0\0/re/frid"..., iov_len=428}], msg_iovlen=1, msg_controllen=0, msg_flags=0}, MSG_NOSIGNAL) = 428
13938 1783915476.740552 sendmsg(68, {msg_name=NULL, msg_namelen=0, msg_iov=[{iov_base="l\1\1\1\374\0\0\0\222\0\0\0\235\0\0\0\1\1o\0;\0\0\0/re/frid"..., iov_len=428}], msg_iovlen=1, msg_controllen=0, msg_flags=0}, MSG_NOSIGNAL) = 428
13938 1783915476.748250 sendmsg(68, {msg_name=NULL, msg_namelen=0, msg_iov=[{iov_base="l\1\1\1\374\0\0\0\223\0\0\0\235\0\0\0\1\1o\0;\0\0\0/re/frid"..., iov_len=428}], msg_iovlen=1, msg_controllen=0, msg_flags=0}, MSG_NOSIGNAL) = 428
13938 1783915476.755939 sendmsg(68, {msg_name=NULL, msg_namelen=0, msg_iov=[{iov_base="l\1\1\1\370\0\0\0\224\0\0\0\235\0\0\0\1\1o\0;\0\0\0/re/frid"..., iov_len=424}], msg_iovlen=1, msg_controllen=0, msg_flags=0}, MSG_NOSIGNAL) = 424
13938 1783915476.762455 sendmsg(68, {msg_name=NULL, msg_namelen=0, msg_iov=[{iov_base="l\1\1\1\370\0\0\0\225\0\0\0\235\0\0\0\1\1o\0;\0\0\0/re/frid"..., iov_len=424}], msg_iovlen=1, msg_controllen=0, msg_flags=0}, MSG_NOSIGNAL) = 424
13938 1783915476.770778 sendmsg(68, {msg_name=NULL, msg_namelen=0, msg_iov=[{iov_base="l\1\1\1\370\0\0\0\226\0\0\0\235\0\0\0\1\1o\0;\0\0\0/re/frid"..., iov_len=424}], msg_iovlen=1, msg_controllen=0, msg_flags=0}, MSG_NOSIGNAL) = 424
13938 1783915476.777468 sendmsg(68, {msg_name=NULL, msg_namelen=0, msg_iov=[{iov_base="l\1\1\1\374\0\0\0\227\0\0\0\235\0\0\0\1\1o\0;\0\0\0/re/frid"..., iov_len=428}], msg_iovlen=1, msg_controllen=0, msg_flags=0}, MSG_NOSIGNAL) = 428
13938 1783915476.787592 sendmsg(68, {msg_name=NULL, msg_namelen=0, msg_iov=[{iov_base="l\1\1\1\374\0\0\0\230\0\0\0\235\0\0\0\1\1o\0;\0\0\0/re/frid"..., iov_len=428}], msg_iovlen=1, msg_controllen=0, msg_flags=0}, MSG_NOSIGNAL) = 428
13938 1783915476.794493 sendmsg(68, {msg_name=NULL, msg_namelen=0, msg_iov=[{iov_base="l\1\1\1\374\0\0\0\231\0\0\0\235\0\0\0\1\1o\0;\0\0\0/re/frid"..., iov_len=428}], msg_iovlen=1, msg_controllen=0, msg_flags=0}, MSG_NOSIGNAL) = 428
13938 1783915476.803174 sendmsg(68, {msg_name=NULL, msg_namelen=0, msg_iov=[{iov_base="l\1\1\1\370\0\0\0\232\0\0\0\235\0\0\0\1\1o\0;\0\0\0/re/frid"..., iov_len=424}], msg_iovlen=1, msg_controllen=0, msg_flags=0}, MSG_NOSIGNAL) = 424
13938 1783915476.810738 sendmsg(68, {msg_name=NULL, msg_namelen=0, msg_iov=[{iov_base="l\1\1\1\370\0\0\0\233\0\0\0\235\0\0\0\1\1o\0;\0\0\0/re/frid"..., iov_len=424}], msg_iovlen=1, msg_controllen=0, msg_flags=0}, MSG_NOSIGNAL) = 424
13938 1783915476.818920 sendmsg(68, {msg_name=NULL, msg_namelen=0, msg_iov=[{iov_base="l\1\1\1\370\0\0\0\234\0\0\0\235\0\0\0\1\1o\0;\0\0\0/re/frid"..., iov_len=424}], msg_iovlen=1, msg_controllen=0, msg_flags=0}, MSG_NOSIGNAL) = 424
13938 1783915476.827831 sendmsg(68, {msg_name=NULL, msg_namelen=0, msg_iov=[{iov_base="l\1\1\1\374\0\0\0\235\0\0\0\235\0\0\0\1\1o\0;\0\0\0/re/frid"..., iov_len=428}], msg_iovlen=1, msg_controllen=0, msg_flags=0}, MSG_NOSIGNAL) = 428
13938 1783915476.835650 sendmsg(68, {msg_name=NULL, msg_namelen=0, msg_iov=[{iov_base="l\1\1\1\374\0\0\0\236\0\0\0\235\0\0\0\1\1o\0;\0\0\0/re/frid"..., iov_len=428}], msg_iovlen=1, msg_controllen=0, msg_flags=0}, MSG_NOSIGNAL) = 428
13938 1783915476.843987 sendmsg(68, {msg_name=NULL, msg_namelen=0, msg_iov=[{iov_base="l\1\1\1\374\0\0\0\237\0\0\0\235\0\0\0\1\1o\0;\0\0\0/re/frid"..., iov_len=428}], msg_iovlen=1, msg_controllen=0, msg_flags=0}, MSG_NOSIGNAL) = 428
13938 1783915476.851792 sendmsg(68, {msg_name=NULL, msg_namelen=0, msg_iov=[{iov_base="l\1\1\1\370\0\0\0\240\0\0\0\235\0\0\0\1\1o\0;\0\0\0/re/frid"..., iov_len=424}], msg_iovlen=1, msg_controllen=0, msg_flags=0}, MSG_NOSIGNAL) = 424
13938 1783915476.859076 sendmsg(68, {msg_name=NULL, msg_namelen=0, msg_iov=[{iov_base="l\1\1\1\370\0\0\0\241\0\0\0\235\0\0\0\1\1o\0;\0\0\0/re/frid"..., iov_len=424}], msg_iovlen=1, msg_controllen=0, msg_flags=0}, MSG_NOSIGNAL) = 424
13938 1783915476.866912 sendmsg(68, {msg_name=NULL, msg_namelen=0, msg_iov=[{iov_base="l\1\1\1\370\0\0\0\242\0\0\0\235\0\0\0\1\1o\0;\0\0\0/re/frid"..., iov_len=424}], msg_iovlen=1, msg_controllen=0, msg_flags=0}, MSG_NOSIGNAL) = 424
13938 1783915476.875467 sendmsg(68, {msg_name=NULL, msg_namelen=0, msg_iov=[{iov_base="l\1\1\1\374\0\0\0\243\0\0\0\235\0\0\0\1\1o\0;\0\0\0/re/frid"..., iov_len=428}], msg_iovlen=1, msg_controllen=0, msg_flags=0}, MSG_NOSIGNAL) = 428
13938 1783915476.882822 sendmsg(68, {msg_name=NULL, msg_namelen=0, msg_iov=[{iov_base="l\1\1\1\374\0\0\0\244\0\0\0\235\0\0\0\1\1o\0;\0\0\0/re/frid"..., iov_len=428}], msg_iovlen=1, msg_controllen=0, msg_flags=0}, MSG_NOSIGNAL) = 428
13938 1783915476.890612 sendmsg(68, {msg_name=NULL, msg_namelen=0, msg_iov=[{iov_base="l\1\1\1\374\0\0\0\245\0\0\0\235\0\0\0\1\1o\0;\0\0\0/re/frid"..., iov_len=428}], msg_iovlen=1, msg_controllen=0, msg_flags=0}, MSG_NOSIGNAL) = 428
13902 1783915476.893466 recvfrom(46, "nysv\0\0\0\0\0\0\0\0\0\0\0\0\264\312D\332\267\3\0\0V\270\3\0\0\0\0\0", 3200, MSG_DONTWAIT, NULL, NULL) = 32
13902 1783915476.893628 recvfrom(46, 0x7fc3986860, 3200, MSG_DONTWAIT, NULL, NULL) = -1 EAGAIN (Try again)
13902 1783915476.894153 recvfrom(48, 0x7d2a8bb020, 2272, MSG_DONTWAIT, NULL, NULL) = -1 EAGAIN (Try again)
13902 1783915476.894328 recvfrom(46, 0x7fc39867c0, 3200, MSG_DONTWAIT, NULL, NULL) = -1 EAGAIN (Try again)
13938 1783915476.904976 sendmsg(68, {msg_name=NULL, msg_namelen=0, msg_iov=[{iov_base="l\1\1\1\370\0\0\0\246\0\0\0\235\0\0\0\1\1o\0;\0\0\0/re/frid"..., iov_len=424}], msg_iovlen=1, msg_controllen=0, msg_flags=0}, MSG_NOSIGNAL) = 424
13938 1783915476.914890 sendmsg(68, {msg_name=NULL, msg_namelen=0, msg_iov=[{iov_base="l\1\1\1\370\0\0\0\247\0\0\0\235\0\0\0\1\1o\0;\0\0\0/re/frid"..., iov_len=424}], msg_iovlen=1, msg_controllen=0, msg_flags=0}, MSG_NOSIGNAL) = 424
13938 1783915476.921480 sendmsg(68, {msg_name=NULL, msg_namelen=0, msg_iov=[{iov_base="l\1\1\1\370\0\0\0\250\0\0\0\235\0\0\0\1\1o\0;\0\0\0/re/frid"..., iov_len=424}], msg_iovlen=1, msg_controllen=0, msg_flags=0}, MSG_NOSIGNAL) = 424
13938 1783915476.929219 sendmsg(68, {msg_name=NULL, msg_namelen=0, msg_iov=[{iov_base="l\1\1\1\374\0\0\0\251\0\0\0\235\0\0\0\1\1o\0;\0\0\0/re/frid"..., iov_len=428}], msg_iovlen=1, msg_controllen=0, msg_flags=0}, MSG_NOSIGNAL) = 428
13938 1783915476.935382 sendmsg(68, {msg_name=NULL, msg_namelen=0, msg_iov=[{iov_base="l\1\1\1\374\0\0\0\252\0\0\0\235\0\0\0\1\1o\0;\0\0\0/re/frid"..., iov_len=428}], msg_iovlen=1, msg_controllen=0, msg_flags=0}, MSG_NOSIGNAL) = 428
13938 1783915476.944555 sendmsg(68, {msg_name=NULL, msg_namelen=0, msg_iov=[{iov_base="l\1\1\1\374\0\0\0\253\0\0\0\235\0\0\0\1\1o\0;\0\0\0/re/frid"..., iov_len=428}], msg_iovlen=1, msg_controllen=0, msg_flags=0}, MSG_NOSIGNAL) = 428
13938 1783915476.952739 sendmsg(68, {msg_name=NULL, msg_namelen=0, msg_iov=[{iov_base="l\1\1\1\370\0\0\0\254\0\0\0\235\0\0\0\1\1o\0;\0\0\0/re/frid"..., iov_len=424}], msg_iovlen=1, msg_controllen=0, msg_flags=0}, MSG_NOSIGNAL) = 424
13938 1783915476.960926 sendmsg(68, {msg_name=NULL, msg_namelen=0, msg_iov=[{iov_base="l\1\1\1\370\0\0\0\255\0\0\0\235\0\0\0\1\1o\0;\0\0\0/re/frid"..., iov_len=424}], msg_iovlen=1, msg_controllen=0, msg_flags=0}, MSG_NOSIGNAL) = 424
13938 1783915476.968295 sendmsg(68, {msg_name=NULL, msg_namelen=0, msg_iov=[{iov_base="l\1\1\1\370\0\0\0\256\0\0\0\235\0\0\0\1\1o\0;\0\0\0/re/frid"..., iov_len=424}], msg_iovlen=1, msg_controllen=0, msg_flags=0}, MSG_NOSIGNAL) = 424
13938 1783915476.974650 sendmsg(68, {msg_name=NULL, msg_namelen=0, msg_iov=[{iov_base="l\1\1\1\374\0\0\0\257\0\0\0\235\0\0\0\1\1o\0;\0\0\0/re/frid"..., iov_len=428}], msg_iovlen=1, msg_controllen=0, msg_flags=0}, MSG_NOSIGNAL) = 428
13938 1783915476.981957 sendmsg(68, {msg_name=NULL, msg_namelen=0, msg_iov=[{iov_base="l\1\1\1\374\0\0\0\260\0\0\0\235\0\0\0\1\1o\0;\0\0\0/re/frid"..., iov_len=428}], msg_iovlen=1, msg_controllen=0, msg_flags=0}, MSG_NOSIGNAL) = 428
13938 1783915476.989071 sendmsg(68, {msg_name=NULL, msg_namelen=0, msg_iov=[{iov_base="l\1\1\1\374\0\0\0\261\0\0\0\235\0\0\0\1\1o\0;\0\0\0/re/frid"..., iov_len=428}], msg_iovlen=1, msg_controllen=0, msg_flags=0}, MSG_NOSIGNAL) = 428
13938 1783915476.996908 sendmsg(68, {msg_name=NULL, msg_namelen=0, msg_iov=[{iov_base="l\1\1\1\370\0\0\0\262\0\0\0\235\0\0\0\1\1o\0;\0\0\0/re/frid"..., iov_len=424}], msg_iovlen=1, msg_controllen=0, msg_flags=0}, MSG_NOSIGNAL) = 424
13938 1783915477.003464 sendmsg(68, {msg_name=NULL, msg_namelen=0, msg_iov=[{iov_base="l\1\1\1\370\0\0\0\263\0\0\0\235\0\0\0\1\1o\0;\0\0\0/re/frid"..., iov_len=424}], msg_iovlen=1, msg_controllen=0, msg_flags=0}, MSG_NOSIGNAL) = 424
13938 1783915477.010743 sendmsg(68, {msg_name=NULL, msg_namelen=0, msg_iov=[{iov_base="l\1\1\1\370\0\0\0\264\0\0\0\235\0\0\0\1\1o\0;\0\0\0/re/frid"..., iov_len=424}], msg_iovlen=1, msg_controllen=0, msg_flags=0}, MSG_NOSIGNAL) = 424
13938 1783915477.017552 sendmsg(68, {msg_name=NULL, msg_namelen=0, msg_iov=[{iov_base="l\1\1\1\374\0\0\0\265\0\0\0\235\0\0\0\1\1o\0;\0\0\0/re/frid"..., iov_len=428}], msg_iovlen=1, msg_controllen=0, msg_flags=0}, MSG_NOSIGNAL) = 428
13938 1783915477.024484 sendmsg(68, {msg_name=NULL, msg_namelen=0, msg_iov=[{iov_base="l\1\1\1\374\0\0\0\266\0\0\0\235\0\0\0\1\1o\0;\0\0\0/re/frid"..., iov_len=428}], msg_iovlen=1, msg_controllen=0, msg_flags=0}, MSG_NOSIGNAL) = 428
13938 1783915477.033065 sendmsg(68, {msg_name=NULL, msg_namelen=0, msg_iov=[{iov_base="l\1\1\1\374\0\0\0\267\0\0\0\235\0\0\0\1\1o\0;\0\0\0/re/frid"..., iov_len=428}], msg_iovlen=1, msg_controllen=0, msg_flags=0}, MSG_NOSIGNAL) = 428
13938 1783915477.039817 sendmsg(68, {msg_name=NULL, msg_namelen=0, msg_iov=[{iov_base="l\1\1\1\370\0\0\0\270\0\0\0\235\0\0\0\1\1o\0;\0\0\0/re/frid"..., iov_len=424}], msg_iovlen=1, msg_controllen=0, msg_flags=0}, MSG_NOSIGNAL) = 424
13938 1783915477.045873 sendmsg(68, {msg_name=NULL, msg_namelen=0, msg_iov=[{iov_base="l\1\1\1\370\0\0\0\271\0\0\0\235\0\0\0\1\1o\0;\0\0\0/re/frid"..., iov_len=424}], msg_iovlen=1, msg_controllen=0, msg_flags=0}, MSG_NOSIGNAL) = 424
13938 1783915477.054176 sendmsg(68, {msg_name=NULL, msg_namelen=0, msg_iov=[{iov_base="l\1\1\1\370\0\0\0\272\0\0\0\235\0\0\0\1\1o\0;\0\0\0/re/frid"..., iov_len=424}], msg_iovlen=1, msg_controllen=0, msg_flags=0}, MSG_NOSIGNAL) = 424
13938 1783915477.057718 sendmsg(68, {msg_name=NULL, msg_namelen=0, msg_iov=[{iov_base="l\1\1\1\374\0\0\0\273\0\0\0\235\0\0\0\1\1o\0;\0\0\0/re/frid"..., iov_len=428}], msg_iovlen=1, msg_controllen=0, msg_flags=0}, MSG_NOSIGNAL) = 428
13938 1783915477.065721 sendmsg(68, {msg_name=NULL, msg_namelen=0, msg_iov=[{iov_base="l\1\1\1\374\0\0\0\274\0\0\0\235\0\0\0\1\1o\0;\0\0\0/re/frid"..., iov_len=428}], msg_iovlen=1, msg_controllen=0, msg_flags=0}, MSG_NOSIGNAL) = 428
13938 1783915477.073972 sendmsg(68, {msg_name=NULL, msg_namelen=0, msg_iov=[{iov_base="l\1\1\1\374\0\0\0\275\0\0\0\235\0\0\0\1\1o\0;\0\0\0/re/frid"..., iov_len=428}], msg_iovlen=1, msg_controllen=0, msg_flags=0}, MSG_NOSIGNAL) = 428
13938 1783915477.081245 sendmsg(68, {msg_name=NULL, msg_namelen=0, msg_iov=[{iov_base="l\1\1\1\370\0\0\0\276\0\0\0\235\0\0\0\1\1o\0;\0\0\0/re/frid"..., iov_len=424}], msg_iovlen=1, msg_controllen=0, msg_flags=0}, MSG_NOSIGNAL) = 424
13938 1783915477.089596 sendmsg(68, {msg_name=NULL, msg_namelen=0, msg_iov=[{iov_base="l\1\1\1\370\0\0\0\277\0\0\0\235\0\0\0\1\1o\0;\0\0\0/re/frid"..., iov_len=424}], msg_iovlen=1, msg_controllen=0, msg_flags=0}, MSG_NOSIGNAL) = 424
13938 1783915477.096288 sendmsg(68, {msg_name=NULL, msg_namelen=0, msg_iov=[{iov_base="l\1\1\1\370\0\0\0\300\0\0\0\235\0\0\0\1\1o\0;\0\0\0/re/frid"..., iov_len=424}], msg_iovlen=1, msg_controllen=0, msg_flags=0}, MSG_NOSIGNAL) = 424
13938 1783915477.103555 sendmsg(68, {msg_name=NULL, msg_namelen=0, msg_iov=[{iov_base="l\1\1\1\374\0\0\0\301\0\0\0\235\0\0\0\1\1o\0;\0\0\0/re/frid"..., iov_len=428}], msg_iovlen=1, msg_controllen=0, msg_flags=0}, MSG_NOSIGNAL) = 428
13938 1783915477.110343 sendmsg(68, {msg_name=NULL, msg_namelen=0, msg_iov=[{iov_base="l\1\1\1\374\0\0\0\302\0\0\0\235\0\0\0\1\1o\0;\0\0\0/re/frid"..., iov_len=428}], msg_iovlen=1, msg_controllen=0, msg_flags=0}, MSG_NOSIGNAL) = 428
13938 1783915477.117215 sendmsg(68, {msg_name=NULL, msg_namelen=0, msg_iov=[{iov_base="l\1\1\1\374\0\0\0\303\0\0\0\235\0\0\0\1\1o\0;\0\0\0/re/frid"..., iov_len=428}], msg_iovlen=1, msg_controllen=0, msg_flags=0}, MSG_NOSIGNAL) = 428
13938 1783915477.124514 sendmsg(68, {msg_name=NULL, msg_namelen=0, msg_iov=[{iov_base="l\1\1\1\370\0\0\0\304\0\0\0\235\0\0\0\1\1o\0;\0\0\0/re/frid"..., iov_len=424}], msg_iovlen=1, msg_controllen=0, msg_flags=0}, MSG_NOSIGNAL) = 424
13938 1783915477.131957 sendmsg(68, {msg_name=NULL, msg_namelen=0, msg_iov=[{iov_base="l\1\1\1\370\0\0\0\305\0\0\0\235\0\0\0\1\1o\0;\0\0\0/re/frid"..., iov_len=424}], msg_iovlen=1, msg_controllen=0, msg_flags=0}, MSG_NOSIGNAL) = 424
13938 1783915477.139885 sendmsg(68, {msg_name=NULL, msg_namelen=0, msg_iov=[{iov_base="l\1\1\1\370\0\0\0\306\0\0\0\235\0\0\0\1\1o\0;\0\0\0/re/frid"..., iov_len=424}], msg_iovlen=1, msg_controllen=0, msg_flags=0}, MSG_NOSIGNAL) = 424
13938 1783915477.150091 sendmsg(68, {msg_name=NULL, msg_namelen=0, msg_iov=[{iov_base="l\1\1\1\374\0\0\0\307\0\0\0\235\0\0\0\1\1o\0;\0\0\0/re/frid"..., iov_len=428}], msg_iovlen=1, msg_controllen=0, msg_flags=0}, MSG_NOSIGNAL) = 428
13938 1783915477.158719 sendmsg(68, {msg_name=NULL, msg_namelen=0, msg_iov=[{iov_base="l\1\1\1\374\0\0\0\310\0\0\0\235\0\0\0\1\1o\0;\0\0\0/re/frid"..., iov_len=428}], msg_iovlen=1, msg_controllen=0, msg_flags=0}, MSG_NOSIGNAL) = 428
13938 1783915477.167482 sendmsg(68, {msg_name=NULL, msg_namelen=0, msg_iov=[{iov_base="l\1\1\1\374\0\0\0\311\0\0\0\235\0\0\0\1\1o\0;\0\0\0/re/frid"..., iov_len=428}], msg_iovlen=1, msg_controllen=0, msg_flags=0}, MSG_NOSIGNAL) = 428
13938 1783915477.175949 sendmsg(68, {msg_name=NULL, msg_namelen=0, msg_iov=[{iov_base="l\1\1\1\370\0\0\0\312\0\0\0\235\0\0\0\1\1o\0;\0\0\0/re/frid"..., iov_len=424}], msg_iovlen=1, msg_controllen=0, msg_flags=0}, MSG_NOSIGNAL) = 424
13938 1783915477.183306 sendmsg(68, {msg_name=NULL, msg_namelen=0, msg_iov=[{iov_base="l\1\1\1\370\0\0\0\313\0\0\0\235\0\0\0\1\1o\0;\0\0\0/re/frid"..., iov_len=424}], msg_iovlen=1, msg_controllen=0, msg_flags=0}, MSG_NOSIGNAL) = 424
13938 1783915477.191635 sendmsg(68, {msg_name=NULL, msg_namelen=0, msg_iov=[{iov_base="l\1\1\1\370\0\0\0\314\0\0\0\235\0\0\0\1\1o\0;\0\0\0/re/frid"..., iov_len=424}], msg_iovlen=1, msg_controllen=0, msg_flags=0}, MSG_NOSIGNAL) = 424
13938 1783915477.198436 sendmsg(68, {msg_name=NULL, msg_namelen=0, msg_iov=[{iov_base="l\1\1\1\374\0\0\0\315\0\0\0\235\0\0\0\1\1o\0;\0\0\0/re/frid"..., iov_len=428}], msg_iovlen=1, msg_controllen=0, msg_flags=0}, MSG_NOSIGNAL) = 428
13938 1783915477.205708 sendmsg(68, {msg_name=NULL, msg_namelen=0, msg_iov=[{iov_base="l\1\1\1\374\0\0\0\316\0\0\0\235\0\0\0\1\1o\0;\0\0\0/re/frid"..., iov_len=428}], msg_iovlen=1, msg_controllen=0, msg_flags=0}, MSG_NOSIGNAL) = 428
13938 1783915477.212892 sendmsg(68, {msg_name=NULL, msg_namelen=0, msg_iov=[{iov_base="l\1\1\1\374\0\0\0\317\0\0\0\235\0\0\0\1\1o\0;\0\0\0/re/frid"..., iov_len=428}], msg_iovlen=1, msg_controllen=0, msg_flags=0}, MSG_NOSIGNAL) = 428
13938 1783915477.220851 sendmsg(68, {msg_name=NULL, msg_namelen=0, msg_iov=[{iov_base="l\1\1\1\370\0\0\0\320\0\0\0\235\0\0\0\1\1o\0;\0\0\0/re/frid"..., iov_len=424}], msg_iovlen=1, msg_controllen=0, msg_flags=0}, MSG_NOSIGNAL) = 424
13938 1783915477.229367 sendmsg(68, {msg_name=NULL, msg_namelen=0, msg_iov=[{iov_base="l\1\1\1\370\0\0\0\321\0\0\0\235\0\0\0\1\1o\0;\0\0\0/re/frid"..., iov_len=424}], msg_iovlen=1, msg_controllen=0, msg_flags=0}, MSG_NOSIGNAL) = 424
13938 1783915477.234853 sendmsg(68, {msg_name=NULL, msg_namelen=0, msg_iov=[{iov_base="l\1\1\1\370\0\0\0\322\0\0\0\235\0\0\0\1\1o\0;\0\0\0/re/frid"..., iov_len=424}], msg_iovlen=1, msg_controllen=0, msg_flags=0}, MSG_NOSIGNAL) = 424
13938 1783915477.243067 sendmsg(68, {msg_name=NULL, msg_namelen=0, msg_iov=[{iov_base="l\1\1\1\374\0\0\0\323\0\0\0\235\0\0\0\1\1o\0;\0\0\0/re/frid"..., iov_len=428}], msg_iovlen=1, msg_controllen=0, msg_flags=0}, MSG_NOSIGNAL) = 428
13938 1783915477.252016 sendmsg(68, {msg_name=NULL, msg_namelen=0, msg_iov=[{iov_base="l\1\1\1\374\0\0\0\324\0\0\0\235\0\0\0\1\1o\0;\0\0\0/re/frid"..., iov_len=428}], msg_iovlen=1, msg_controllen=0, msg_flags=0}, MSG_NOSIGNAL) = 428
13938 1783915477.258525 sendmsg(68, {msg_name=NULL, msg_namelen=0, msg_iov=[{iov_base="l\1\1\1\374\0\0\0\325\0\0\0\235\0\0\0\1\1o\0;\0\0\0/re/frid"..., iov_len=428}], msg_iovlen=1, msg_controllen=0, msg_flags=0}, MSG_NOSIGNAL) = 428
13938 1783915477.264327 sendmsg(68, {msg_name=NULL, msg_namelen=0, msg_iov=[{iov_base="l\1\1\1\370\0\0\0\326\0\0\0\235\0\0\0\1\1o\0;\0\0\0/re/frid"..., iov_len=424}], msg_iovlen=1, msg_controllen=0, msg_flags=0}, MSG_NOSIGNAL) = 424
13938 1783915477.272030 sendmsg(68, {msg_name=NULL, msg_namelen=0, msg_iov=[{iov_base="l\1\1\1\370\0\0\0\327\0\0\0\235\0\0\0\1\1o\0;\0\0\0/re/frid"..., iov_len=424}], msg_iovlen=1, msg_controllen=0, msg_flags=0}, MSG_NOSIGNAL) = 424
13938 1783915477.278847 sendmsg(68, {msg_name=NULL, msg_namelen=0, msg_iov=[{iov_base="l\1\1\1\370\0\0\0\330\0\0\0\235\0\0\0\1\1o\0;\0\0\0/re/frid"..., iov_len=424}], msg_iovlen=1, msg_controllen=0, msg_flags=0}, MSG_NOSIGNAL) = 424
13938 1783915477.286254 sendmsg(68, {msg_name=NULL, msg_namelen=0, msg_iov=[{iov_base="l\1\1\1\374\0\0\0\331\0\0\0\235\0\0\0\1\1o\0;\0\0\0/re/frid"..., iov_len=428}], msg_iovlen=1, msg_controllen=0, msg_flags=0}, MSG_NOSIGNAL) = 428
13938 1783915477.293872 sendmsg(68, {msg_name=NULL, msg_namelen=0, msg_iov=[{iov_base="l\1\1\1\374\0\0\0\332\0\0\0\235\0\0\0\1\1o\0;\0\0\0/re/frid"..., iov_len=428}], msg_iovlen=1, msg_controllen=0, msg_flags=0}, MSG_NOSIGNAL) = 428
13938 1783915477.302970 sendmsg(68, {msg_name=NULL, msg_namelen=0, msg_iov=[{iov_base="l\1\1\1\374\0\0\0\333\0\0\0\235\0\0\0\1\1o\0;\0\0\0/re/frid"..., iov_len=428}], msg_iovlen=1, msg_controllen=0, msg_flags=0}, MSG_NOSIGNAL) = 428
13938 1783915477.310375 sendmsg(68, {msg_name=NULL, msg_namelen=0, msg_iov=[{iov_base="l\1\1\1\370\0\0\0\334\0\0\0\235\0\0\0\1\1o\0;\0\0\0/re/frid"..., iov_len=424}], msg_iovlen=1, msg_controllen=0, msg_flags=0}, MSG_NOSIGNAL) = 424
13938 1783915477.316033 sendmsg(68, {msg_name=NULL, msg_namelen=0, msg_iov=[{iov_base="l\1\1\1\370\0\0\0\335\0\0\0\235\0\0\0\1\1o\0;\0\0\0/re/frid"..., iov_len=424}], msg_iovlen=1, msg_controllen=0, msg_flags=0}, MSG_NOSIGNAL) = 424
13938 1783915477.324403 sendmsg(68, {msg_name=NULL, msg_namelen=0, msg_iov=[{iov_base="l\1\1\1\370\0\0\0\336\0\0\0\235\0\0\0\1\1o\0;\0\0\0/re/frid"..., iov_len=424}], msg_iovlen=1, msg_controllen=0, msg_flags=0}, MSG_NOSIGNAL) = 424
13938 1783915477.332329 sendmsg(68, {msg_name=NULL, msg_namelen=0, msg_iov=[{iov_base="l\1\1\1\374\0\0\0\337\0\0\0\235\0\0\0\1\1o\0;\0\0\0/re/frid"..., iov_len=428}], msg_iovlen=1, msg_controllen=0, msg_flags=0}, MSG_NOSIGNAL) = 428
13938 1783915477.339081 sendmsg(68, {msg_name=NULL, msg_namelen=0, msg_iov=[{iov_base="l\1\1\1\374\0\0\0\340\0\0\0\235\0\0\0\1\1o\0;\0\0\0/re/frid"..., iov_len=428}], msg_iovlen=1, msg_controllen=0, msg_flags=0}, MSG_NOSIGNAL) = 428
13938 1783915477.345632 sendmsg(68, {msg_name=NULL, msg_namelen=0, msg_iov=[{iov_base="l\1\1\1\374\0\0\0\341\0\0\0\235\0\0\0\1\1o\0;\0\0\0/re/frid"..., iov_len=428}], msg_iovlen=1, msg_controllen=0, msg_flags=0}, MSG_NOSIGNAL) = 428
13938 1783915477.353547 sendmsg(68, {msg_name=NULL, msg_namelen=0, msg_iov=[{iov_base="l\1\1\1\370\0\0\0\342\0\0\0\235\0\0\0\1\1o\0;\0\0\0/re/frid"..., iov_len=424}], msg_iovlen=1, msg_controllen=0, msg_flags=0}, MSG_NOSIGNAL) = 424
13938 1783915477.360080 sendmsg(68, {msg_name=NULL, msg_namelen=0, msg_iov=[{iov_base="l\1\1\1\370\0\0\0\343\0\0\0\235\0\0\0\1\1o\0;\0\0\0/re/frid"..., iov_len=424}], msg_iovlen=1, msg_controllen=0, msg_flags=0}, MSG_NOSIGNAL) = 424
13938 1783915477.367374 sendmsg(68, {msg_name=NULL, msg_namelen=0, msg_iov=[{iov_base="l\1\1\1\370\0\0\0\344\0\0\0\235\0\0\0\1\1o\0;\0\0\0/re/frid"..., iov_len=424}], msg_iovlen=1, msg_controllen=0, msg_flags=0}, MSG_NOSIGNAL) = 424
13938 1783915477.375742 sendmsg(68, {msg_name=NULL, msg_namelen=0, msg_iov=[{iov_base="l\1\1\1\374\0\0\0\345\0\0\0\235\0\0\0\1\1o\0;\0\0\0/re/frid"..., iov_len=428}], msg_iovlen=1, msg_controllen=0, msg_flags=0}, MSG_NOSIGNAL) = 428
13938 1783915477.382273 sendmsg(68, {msg_name=NULL, msg_namelen=0, msg_iov=[{iov_base="l\1\1\1\374\0\0\0\346\0\0\0\235\0\0\0\1\1o\0;\0\0\0/re/frid"..., iov_len=428}], msg_iovlen=1, msg_controllen=0, msg_flags=0}, MSG_NOSIGNAL) = 428
13938 1783915477.388229 sendmsg(68, {msg_name=NULL, msg_namelen=0, msg_iov=[{iov_base="l\1\1\1\374\0\0\0\347\0\0\0\235\0\0\0\1\1o\0;\0\0\0/re/frid"..., iov_len=428}], msg_iovlen=1, msg_controllen=0, msg_flags=0}, MSG_NOSIGNAL) = 428
13938 1783915477.394796 sendmsg(68, {msg_name=NULL, msg_namelen=0, msg_iov=[{iov_base="l\1\1\1\370\0\0\0\350\0\0\0\235\0\0\0\1\1o\0;\0\0\0/re/frid"..., iov_len=424}], msg_iovlen=1, msg_controllen=0, msg_flags=0}, MSG_NOSIGNAL) = 424
13938 1783915477.400354 sendmsg(68, {msg_name=NULL, msg_namelen=0, msg_iov=[{iov_base="l\1\1\1\370\0\0\0\351\0\0\0\235\0\0\0\1\1o\0;\0\0\0/re/frid"..., iov_len=424}], msg_iovlen=1, msg_controllen=0, msg_flags=0}, MSG_NOSIGNAL) = 424
13938 1783915477.406979 sendmsg(68, {msg_name=NULL, msg_namelen=0, msg_iov=[{iov_base="l\1\1\1\370\0\0\0\352\0\0\0\235\0\0\0\1\1o\0;\0\0\0/re/frid"..., iov_len=424}], msg_iovlen=1, msg_controllen=0, msg_flags=0}, MSG_NOSIGNAL) = 424
13938 1783915477.413169 sendmsg(68, {msg_name=NULL, msg_namelen=0, msg_iov=[{iov_base="l\1\1\1\374\0\0\0\353\0\0\0\235\0\0\0\1\1o\0;\0\0\0/re/frid"..., iov_len=428}], msg_iovlen=1, msg_controllen=0, msg_flags=0}, MSG_NOSIGNAL) = 428
13938 1783915477.420922 sendmsg(68, {msg_name=NULL, msg_namelen=0, msg_iov=[{iov_base="l\1\1\1\374\0\0\0\354\0\0\0\235\0\0\0\1\1o\0;\0\0\0/re/frid"..., iov_len=428}], msg_iovlen=1, msg_controllen=0, msg_flags=0}, MSG_NOSIGNAL) = 428
13938 1783915477.428956 sendmsg(68, {msg_name=NULL, msg_namelen=0, msg_iov=[{iov_base="l\1\1\1\374\0\0\0\355\0\0\0\235\0\0\0\1\1o\0;\0\0\0/re/frid"..., iov_len=428}], msg_iovlen=1, msg_controllen=0, msg_flags=0}, MSG_NOSIGNAL) = 428
13902 1783915477.432933 recvfrom(46, "nysv\0\0\0\0\0\0\0\0\0\0\0\0|\350\7\3\270\3\0\0\177\270\3\0\0\0\0\0", 3200, MSG_DONTWAIT, NULL, NULL) = 32
13902 1783915477.433230 recvfrom(46, 0x7fc3986860, 3200, MSG_DONTWAIT, NULL, NULL) = -1 EAGAIN (Try again)
13902 1783915477.434488 recvfrom(48, 0x7d2a8bb020, 2272, MSG_DONTWAIT, NULL, NULL) = -1 EAGAIN (Try again)
13902 1783915477.434865 recvfrom(46, 0x7fc39867c0, 3200, MSG_DONTWAIT, NULL, NULL) = -1 EAGAIN (Try again)
13902 1783915477.448294 recvfrom(46, "nysv\0\0\0\0\0\0\0\0\0\0\0\0\0177\325\"\270\3\0\0\237\270\3\0\0\0\0\0", 3200, MSG_DONTWAIT, NULL, NULL) = 32
13902 1783915477.448562 recvfrom(46, 0x7fc3986860, 3200, MSG_DONTWAIT, NULL, NULL) = -1 EAGAIN (Try again)
13902 1783915477.464468 recvfrom(46, 0x7fc3985c70, 3200, MSG_DONTWAIT, NULL, NULL) = -1 EAGAIN (Try again)
13902 1783915477.470109 recvfrom(46, "nysv\0\0\0\0\0\0\0\0\0\0\0\0\33\"\322$\270\3\0\0\241\270\3\0\0\0\0\0", 3200, MSG_DONTWAIT, NULL, NULL) = 32
13902 1783915477.470396 recvfrom(46, 0x7fc3986860, 3200, MSG_DONTWAIT, NULL, NULL) = -1 EAGAIN (Try again)
13902 1783915477.476179 recvfrom(48, 0x7d2a8bb020, 2272, MSG_DONTWAIT, NULL, NULL) = -1 EAGAIN (Try again)
13902 1783915477.476791 recvfrom(46, 0x7fc39867c0, 3200, MSG_DONTWAIT, NULL, NULL) = -1 EAGAIN (Try again)
13902 1783915477.486854 recvfrom(46, "nysv\0\0\0\0\0\0\0\0\0\0\0\0\310\223\320%\270\3\0\0\242\270\3\0\0\0\0\0", 3200, MSG_DONTWAIT, NULL, NULL) = 32
13902 1783915477.487067 recvfrom(46, 0x7fc3986860, 3200, MSG_DONTWAIT, NULL, NULL) = -1 EAGAIN (Try again)
13902 1783915477.488702 recvfrom(48, 0x7d2a8bb020, 2272, MSG_DONTWAIT, NULL, NULL) = -1 EAGAIN (Try again)
13902 1783915477.489014 recvfrom(46, 0x7fc39867c0, 3200, MSG_DONTWAIT, NULL, NULL) = -1 EAGAIN (Try again)
13902 1783915477.503306 recvfrom(46, "nysv\0\0\0\0\0\0\0\0\0\0\0\0\362\343\316&\270\3\0\0\243\270\3\0\0\0\0\0", 3200, MSG_DONTWAIT, NULL, NULL) = 32
13902 1783915477.503552 recvfrom(46, 0x7fc3986860, 3200, MSG_DONTWAIT, NULL, NULL) = -1 EAGAIN (Try again)
13902 1783915477.504322 recvfrom(48, 0x7d2a8bb020, 2272, MSG_DONTWAIT, NULL, NULL) = -1 EAGAIN (Try again)
13902 1783915477.504553 recvfrom(46, 0x7fc39867c0, 3200, MSG_DONTWAIT, NULL, NULL) = -1 EAGAIN (Try again)
13902 1783915477.519585 recvfrom(46, "nysv\0\0\0\0\0\0\0\0\0\0\0\0YX\315'\270\3\0\0\244\270\3\0\0\0\0\0", 3200, MSG_DONTWAIT, NULL, NULL) = 32
13902 1783915477.520062 recvfrom(46, 0x7fc3986860, 3200, MSG_DONTWAIT, NULL, NULL) = -1 EAGAIN (Try again)
13902 1783915477.521156 recvfrom(48, 0x7d2a8bb020, 2272, MSG_DONTWAIT, NULL, NULL) = -1 EAGAIN (Try again)
13902 1783915477.521624 recvfrom(46, 0x7fc39867c0, 3200, MSG_DONTWAIT, NULL, NULL) = -1 EAGAIN (Try again)
13902 1783915477.536933 recvfrom(46, "nysv\0\0\0\0\0\0\0\0\0\0\0\0\241\305\313(\270\3\0\0\245\270\3\0\0\0\0\0", 3200, MSG_DONTWAIT, NULL, NULL) = 32
13902 1783915477.537165 recvfrom(46, 0x7fc3986860, 3200, MSG_DONTWAIT, NULL, NULL) = -1 EAGAIN (Try again)
13902 1783915477.537704 recvfrom(48, 0x7d2a8bb020, 2272, MSG_DONTWAIT, NULL, NULL) = -1 EAGAIN (Try again)
13902 1783915477.538033 recvfrom(46, 0x7fc39867c0, 3200, MSG_DONTWAIT, NULL, NULL) = -1 EAGAIN (Try again)
13902 1783915477.565462 recvfrom(46, "nysv\0\0\0\0\0\0\0\0\0\0\0\0\313\25\312)\270\3\0\0\246\270\3\0\0\0\0\0", 3200, MSG_DONTWAIT, NULL, NULL) = 32
13902 1783915477.565697 recvfrom(46, 0x7fc3986860, 3200, MSG_DONTWAIT, NULL, NULL) = -1 EAGAIN (Try again)
13902 1783915477.569164 recvfrom(48, 0x7d2a8bb020, 2272, MSG_DONTWAIT, NULL, NULL) = -1 EAGAIN (Try again)
13902 1783915477.570057 recvfrom(46, 0x7fc39867c0, 3200, MSG_DONTWAIT, NULL, NULL) = -1 EAGAIN (Try again)
13902 1783915477.586405 recvfrom(46, "nysv\0\0\0\0\0\0\0\0\0\0\0\0\26\24\307+\270\3\0\0\250\270\3\0\0\0\0\0", 3200, MSG_DONTWAIT, NULL, NULL) = 32
13902 1783915477.590942 recvfrom(46, 0x7fc3986860, 3200, MSG_DONTWAIT, NULL, NULL) = -1 EAGAIN (Try again)
13902 1783915477.591233 recvfrom(48, 0x7d2a8bb020, 2272, MSG_DONTWAIT, NULL, NULL) = -1 EAGAIN (Try again)
13902 1783915477.591458 recvfrom(46, 0x7fc39867c0, 3200, MSG_DONTWAIT, NULL, NULL) = -1 EAGAIN (Try again)
13902 1783915477.605348 recvfrom(46, "nysv\0\0\0\0\0\0\0\0\0\0\0\0\351\206\305,\270\3\0\0\251\270\3\0\0\0\0\0", 3200, MSG_DONTWAIT, NULL, NULL) = 32
13902 1783915477.607206 recvfrom(46, 0x7fc3986860, 3200, MSG_DONTWAIT, NULL, NULL) = -1 EAGAIN (Try again)
13902 1783915477.608748 recvfrom(48, 0x7d2a8bb020, 2272, MSG_DONTWAIT, NULL, NULL) = -1 EAGAIN (Try again)
13902 1783915477.609105 recvfrom(46, 0x7fc39867c0, 3200, MSG_DONTWAIT, NULL, NULL) = -1 EAGAIN (Try again)
13902 1783915477.620210 recvfrom(46, "nysv\0\0\0\0\0\0\0\0\0\0\0\0\251\343\303-\270\3\0\0\252\270\3\0\0\0\0\0", 3200, MSG_DONTWAIT, NULL, NULL) = 32
13902 1783915477.620960 recvfrom(46, 0x7fc3986860, 3200, MSG_DONTWAIT, NULL, NULL) = -1 EAGAIN (Try again)
13902 1783915477.621858 recvfrom(48, 0x7d2a8bb020, 2272, MSG_DONTWAIT, NULL, NULL) = -1 EAGAIN (Try again)
13902 1783915477.622248 recvfrom(46, 0x7fc39867c0, 3200, MSG_DONTWAIT, NULL, NULL) = -1 EAGAIN (Try again)
13902 1783915477.636364 recvfrom(46, "nysv\0\0\0\0\0\0\0\0\0\0\0\0\3233\302.\270\3\0\0\253\270\3\0\0\0\0\0", 3200, MSG_DONTWAIT, NULL, NULL) = 32
13902 1783915477.636848 recvfrom(46, 0x7fc3986860, 3200, MSG_DONTWAIT, NULL, NULL) = -1 EAGAIN (Try again)
13902 1783915477.639921 recvfrom(48, 0x7d2a8bb020, 2272, MSG_DONTWAIT, NULL, NULL) = -1 EAGAIN (Try again)
13902 1783915477.640300 recvfrom(46, 0x7fc39867c0, 3200, MSG_DONTWAIT, NULL, NULL) = -1 EAGAIN (Try again)
13902 1783915477.654076 recvfrom(46, "nysv\0\0\0\0\0\0\0\0\0\0\0\0\n\234\300/\270\3\0\0\254\270\3\0\0\0\0\0", 3200, MSG_DONTWAIT, NULL, NULL) = 32
13902 1783915477.654341 recvfrom(46, 0x7fc3986860, 3200, MSG_DONTWAIT, NULL, NULL) = -1 EAGAIN (Try again)
13902 1783915477.654680 recvfrom(48, 0x7d2a8bb020, 2272, MSG_DONTWAIT, NULL, NULL) = -1 EAGAIN (Try again)
13902 1783915477.654848 recvfrom(46, 0x7fc39867c0, 3200, MSG_DONTWAIT, NULL, NULL) = -1 EAGAIN (Try again)
13902 1783915477.669998 recvfrom(46, "nysv\0\0\0\0\0\0\0\0\0\0\0\0\355\1\2770\270\3\0\0\255\270\3\0\0\0\0\0", 3200, MSG_DONTWAIT, NULL, NULL) = 32
13902 1783915477.670368 recvfrom(46, 0x7fc3986860, 3200, MSG_DONTWAIT, NULL, NULL) = -1 EAGAIN (Try again)
13902 1783915477.673503 recvfrom(48, 0x7d2a8bb020, 2272, MSG_DONTWAIT, NULL, NULL) = -1 EAGAIN (Try again)
13902 1783915477.673795 recvfrom(46, 0x7fc39867c0, 3200, MSG_DONTWAIT, NULL, NULL) = -1 EAGAIN (Try again)
13902 1783915477.686602 recvfrom(46, "nysv\0\0\0\0\0\0\0\0\0\0\0\0\272\220\2751\270\3\0\0\256\270\3\0\0\0\0\0", 3200, MSG_DONTWAIT, NULL, NULL) = 32
13902 1783915477.686929 recvfrom(46, 0x7fc3986860, 3200, MSG_DONTWAIT, NULL, NULL) = -1 EAGAIN (Try again)
13902 1783915477.688832 recvfrom(48, 0x7d2a8bb020, 2272, MSG_DONTWAIT, NULL, NULL) = -1 EAGAIN (Try again)
13902 1783915477.689330 recvfrom(46, 0x7fc39867c0, 3200, MSG_DONTWAIT, NULL, NULL) = -1 EAGAIN (Try again)
13902 1783915477.703696 recvfrom(46, "nysv\0\0\0\0\0\0\0\0\0\0\0\0w\375\2732\270\3\0\0\257\270\3\0\0\0\0\0", 3200, MSG_DONTWAIT, NULL, NULL) = 32
13902 1783915477.704035 recvfrom(46, 0x7fc3986860, 3200, MSG_DONTWAIT, NULL, NULL) = -1 EAGAIN (Try again)
13902 1783915477.704690 recvfrom(48, 0x7d2a8bb020, 2272, MSG_DONTWAIT, NULL, NULL) = -1 EAGAIN (Try again)
13902 1783915477.705011 recvfrom(46, 0x7fc39867c0, 3200, MSG_DONTWAIT, NULL, NULL) = -1 EAGAIN (Try again)
13902 1783915477.720067 recvfrom(46, "nysv\0\0\0\0\0\0\0\0\0\0\0\0\243V\2723\270\3\0\0\260\270\3\0\0\0\0\0", 3200, MSG_DONTWAIT, NULL, NULL) = 32
13902 1783915477.720449 recvfrom(46, 0x7fc3986860, 3200, MSG_DONTWAIT, NULL, NULL) = -1 EAGAIN (Try again)
13902 1783915477.722495 recvfrom(48, 0x7d2a8bb020, 2272, MSG_DONTWAIT, NULL, NULL) = -1 EAGAIN (Try again)
13902 1783915477.723526 recvfrom(46, 0x7fc3984a90, 3200, MSG_DONTWAIT, NULL, NULL) = -1 EAGAIN (Try again)
13902 1783915477.736642 recvfrom(46, "nysv\0\0\0\0\0\0\0\0\0\0\0\0/\273\2704\270\3\0\0\261\270\3\0\0\0\0\0", 3200, MSG_DONTWAIT, NULL, NULL) = 32
13902 1783915477.737059 recvfrom(46, 0x7fc3986860, 3200, MSG_DONTWAIT, NULL, NULL) = -1 EAGAIN (Try again)
13902 1783915477.737546 recvfrom(48, 0x7d2a8bb020, 2272, MSG_DONTWAIT, NULL, NULL) = -1 EAGAIN (Try again)
13922 1783915481.427470 openat(AT_FDCWD, "/data/misc/profiles/cur/0/app.fedilab.nitterizeme/primary.prof", O_RDWR|O_NOFOLLOW|O_CLOEXEC) = 70
13922 1783915481.428469 newfstatat(AT_FDCWD, "/data/misc/profiles/cur/0/app.fedilab.nitterizeme/primary.prof", {st_mode=S_IFREG|0600, st_size=8703, ...}, 0) = 0
13902 1783915521.429683 recvfrom(48, "\2\0\0\0\0\0\0\0e\22\0\0\0\0\0\0@\324\361`\302\3\0\0\1\0\0\0\2\20\0\0"..., 2272, MSG_DONTWAIT, NULL, NULL) = 232
13902 1783915521.430338 sendto(48, "\3\0\0\0\0\0\0\0e\22\0\0\1\0\0\0", 16, MSG_DONTWAIT|MSG_NOSIGNAL, NULL, 0) = 16
13902 1783915521.430621 recvfrom(48, 0x7d2a8bb020, 2272, MSG_DONTWAIT, NULL, NULL) = -1 EAGAIN (Try again)
13902 1783915521.431498 recvfrom(48, "\2\0\0\0\0\0\0\0g\22\0\0\0\0\0\0@\324\361`\302\3\0\0\1\0\0\0\2\20\0\0"..., 2272, MSG_DONTWAIT, NULL, NULL) = 232
13902 1783915521.431926 sendto(48, "\3\0\0\0\0\0\0\0g\22\0\0\1\0\0\0", 16, MSG_DONTWAIT|MSG_NOSIGNAL, NULL, 0) = 16
13902 1783915521.432115 recvfrom(48, 0x7d2a8bb020, 2272, MSG_DONTWAIT, NULL, NULL) = -1 EAGAIN (Try again)
13902 1783915521.434272 recvfrom(46, 0x7fc3985d30, 3200, MSG_DONTWAIT, NULL, NULL) = -1 EAGAIN (Try again)
13938 1783915521.440368 sendmsg(68, {msg_name=NULL, msg_namelen=0, msg_iov=[{iov_base="l\1\1\1\370\0\0\0\356\0\0\0\235\0\0\0\1\1o\0;\0\0\0/re/frid"..., iov_len=424}], msg_iovlen=1, msg_controllen=0, msg_flags=0}, MSG_NOSIGNAL) = 424
13938 1783915521.447675 sendmsg(68, {msg_name=NULL, msg_namelen=0, msg_iov=[{iov_base="l\1\1\1\370\0\0\0\357\0\0\0\235\0\0\0\1\1o\0;\0\0\0/re/frid"..., iov_len=424}], msg_iovlen=1, msg_controllen=0, msg_flags=0}, MSG_NOSIGNAL) = 424
13938 1783915521.455954 sendmsg(68, {msg_name=NULL, msg_namelen=0, msg_iov=[{iov_base="l\1\1\1\370\0\0\0\360\0\0\0\235\0\0\0\1\1o\0;\0\0\0/re/frid"..., iov_len=424}], msg_iovlen=1, msg_controllen=0, msg_flags=0}, MSG_NOSIGNAL) = 424
13938 1783915521.463183 sendmsg(68, {msg_name=NULL, msg_namelen=0, msg_iov=[{iov_base="l\1\1\1\374\0\0\0\361\0\0\0\235\0\0\0\1\1o\0;\0\0\0/re/frid"..., iov_len=428}], msg_iovlen=1, msg_controllen=0, msg_flags=0}, MSG_NOSIGNAL) = 428
13938 1783915521.469400 sendmsg(68, {msg_name=NULL, msg_namelen=0, msg_iov=[{iov_base="l\1\1\1\374\0\0\0\362\0\0\0\235\0\0\0\1\1o\0;\0\0\0/re/frid"..., iov_len=428}], msg_iovlen=1, msg_controllen=0, msg_flags=0}, MSG_NOSIGNAL) = 428
13938 1783915521.476255 sendmsg(68, {msg_name=NULL, msg_namelen=0, msg_iov=[{iov_base="l\1\1\1\374\0\0\0\363\0\0\0\235\0\0\0\1\1o\0;\0\0\0/re/frid"..., iov_len=428}], msg_iovlen=1, msg_controllen=0, msg_flags=0}, MSG_NOSIGNAL) = 428
13938 1783915521.483000 sendmsg(68, {msg_name=NULL, msg_namelen=0, msg_iov=[{iov_base="l\1\1\1\370\0\0\0\364\0\0\0\235\0\0\0\1\1o\0;\0\0\0/re/frid"..., iov_len=424}], msg_iovlen=1, msg_controllen=0, msg_flags=0}, MSG_NOSIGNAL) = 424
13938 1783915521.490854 sendmsg(68, {msg_name=NULL, msg_namelen=0, msg_iov=[{iov_base="l\1\1\1\370\0\0\0\365\0\0\0\235\0\0\0\1\1o\0;\0\0\0/re/frid"..., iov_len=424}], msg_iovlen=1, msg_controllen=0, msg_flags=0}, MSG_NOSIGNAL) = 424
13938 1783915521.497640 sendmsg(68, {msg_name=NULL, msg_namelen=0, msg_iov=[{iov_base="l\1\1\1\370\0\0\0\366\0\0\0\235\0\0\0\1\1o\0;\0\0\0/re/frid"..., iov_len=424}], msg_iovlen=1, msg_controllen=0, msg_flags=0}, MSG_NOSIGNAL) = 424
13938 1783915521.504007 sendmsg(68, {msg_name=NULL, msg_namelen=0, msg_iov=[{iov_base="l\1\1\1\374\0\0\0\367\0\0\0\235\0\0\0\1\1o\0;\0\0\0/re/frid"..., iov_len=428}], msg_iovlen=1, msg_controllen=0, msg_flags=0}, MSG_NOSIGNAL) = 428
13938 1783915521.511354 sendmsg(68, {msg_name=NULL, msg_namelen=0, msg_iov=[{iov_base="l\1\1\1\374\0\0\0\370\0\0\0\235\0\0\0\1\1o\0;\0\0\0/re/frid"..., iov_len=428}], msg_iovlen=1, msg_controllen=0, msg_flags=0}, MSG_NOSIGNAL) = 428
13938 1783915521.517826 sendmsg(68, {msg_name=NULL, msg_namelen=0, msg_iov=[{iov_base="l\1\1\1\374\0\0\0\371\0\0\0\235\0\0\0\1\1o\0;\0\0\0/re/frid"..., iov_len=428}], msg_iovlen=1, msg_controllen=0, msg_flags=0}, MSG_NOSIGNAL) = 428
13938 1783915521.523693 sendmsg(68, {msg_name=NULL, msg_namelen=0, msg_iov=[{iov_base="l\1\1\1\370\0\0\0\372\0\0\0\235\0\0\0\1\1o\0;\0\0\0/re/frid"..., iov_len=424}], msg_iovlen=1, msg_controllen=0, msg_flags=0}, MSG_NOSIGNAL) = 424
13938 1783915521.531638 sendmsg(68, {msg_name=NULL, msg_namelen=0, msg_iov=[{iov_base="l\1\1\1\370\0\0\0\373\0\0\0\235\0\0\0\1\1o\0;\0\0\0/re/frid"..., iov_len=424}], msg_iovlen=1, msg_controllen=0, msg_flags=0}, MSG_NOSIGNAL) = 424
13938 1783915521.537864 sendmsg(68, {msg_name=NULL, msg_namelen=0, msg_iov=[{iov_base="l\1\1\1\370\0\0\0\374\0\0\0\235\0\0\0\1\1o\0;\0\0\0/re/frid"..., iov_len=424}], msg_iovlen=1, msg_controllen=0, msg_flags=0}, MSG_NOSIGNAL) = 424
13938 1783915521.544619 sendmsg(68, {msg_name=NULL, msg_namelen=0, msg_iov=[{iov_base="l\1\1\1\374\0\0\0\375\0\0\0\235\0\0\0\1\1o\0;\0\0\0/re/frid"..., iov_len=428}], msg_iovlen=1, msg_controllen=0, msg_flags=0}, MSG_NOSIGNAL) = 428
13938 1783915521.553215 sendmsg(68, {msg_name=NULL, msg_namelen=0, msg_iov=[{iov_base="l\1\1\1\374\0\0\0\376\0\0\0\235\0\0\0\1\1o\0;\0\0\0/re/frid"..., iov_len=428}], msg_iovlen=1, msg_controllen=0, msg_flags=0}, MSG_NOSIGNAL) = 428
13938 1783915521.559900 sendmsg(68, {msg_name=NULL, msg_namelen=0, msg_iov=[{iov_base="l\1\1\1\374\0\0\0\377\0\0\0\235\0\0\0\1\1o\0;\0\0\0/re/frid"..., iov_len=428}], msg_iovlen=1, msg_controllen=0, msg_flags=0}, MSG_NOSIGNAL) = 428
13938 1783915521.566950 sendmsg(68, {msg_name=NULL, msg_namelen=0, msg_iov=[{iov_base="l\1\1\1\370\0\0\0\0\1\0\0\235\0\0\0\1\1o\0;\0\0\0/re/frid"..., iov_len=424}], msg_iovlen=1, msg_controllen=0, msg_flags=0}, MSG_NOSIGNAL) = 424
13938 1783915521.574977 sendmsg(68, {msg_name=NULL, msg_namelen=0, msg_iov=[{iov_base="l\1\1\1\370\0\0\0\1\1\0\0\235\0\0\0\1\1o\0;\0\0\0/re/frid"..., iov_len=424}], msg_iovlen=1, msg_controllen=0, msg_flags=0}, MSG_NOSIGNAL) = 424
13938 1783915521.581574 sendmsg(68, {msg_name=NULL, msg_namelen=0, msg_iov=[{iov_base="l\1\1\1\370\0\0\0\2\1\0\0\235\0\0\0\1\1o\0;\0\0\0/re/frid"..., iov_len=424}], msg_iovlen=1, msg_controllen=0, msg_flags=0}, MSG_NOSIGNAL) = 424
13938 1783915521.587714 sendmsg(68, {msg_name=NULL, msg_namelen=0, msg_iov=[{iov_base="l\1\1\1\374\0\0\0\3\1\0\0\235\0\0\0\1\1o\0;\0\0\0/re/frid"..., iov_len=428}], msg_iovlen=1, msg_controllen=0, msg_flags=0}, MSG_NOSIGNAL) = 428
13938 1783915521.594756 sendmsg(68, {msg_name=NULL, msg_namelen=0, msg_iov=[{iov_base="l\1\1\1\374\0\0\0\4\1\0\0\235\0\0\0\1\1o\0;\0\0\0/re/frid"..., iov_len=428}], msg_iovlen=1, msg_controllen=0, msg_flags=0}, MSG_NOSIGNAL) = 428
13938 1783915521.602040 sendmsg(68, {msg_name=NULL, msg_namelen=0, msg_iov=[{iov_base="l\1\1\1\374\0\0\0\5\1\0\0\235\0\0\0\1\1o\0;\0\0\0/re/frid"..., iov_len=428}], msg_iovlen=1, msg_controllen=0, msg_flags=0}, MSG_NOSIGNAL) = 428
13938 1783915521.609942 sendmsg(68, {msg_name=NULL, msg_namelen=0, msg_iov=[{iov_base="l\1\1\1\370\0\0\0\6\1\0\0\235\0\0\0\1\1o\0;\0\0\0/re/frid"..., iov_len=424}], msg_iovlen=1, msg_controllen=0, msg_flags=0}, MSG_NOSIGNAL) = 424
13938 1783915521.617604 sendmsg(68, {msg_name=NULL, msg_namelen=0, msg_iov=[{iov_base="l\1\1\1\370\0\0\0\7\1\0\0\235\0\0\0\1\1o\0;\0\0\0/re/frid"..., iov_len=424}], msg_iovlen=1, msg_controllen=0, msg_flags=0}, MSG_NOSIGNAL) = 424
13938 1783915521.623563 sendmsg(68, {msg_name=NULL, msg_namelen=0, msg_iov=[{iov_base="l\1\1\1\370\0\0\0\10\1\0\0\235\0\0\0\1\1o\0;\0\0\0/re/frid"..., iov_len=424}], msg_iovlen=1, msg_controllen=0, msg_flags=0}, MSG_NOSIGNAL) = 424
13938 1783915521.629892 sendmsg(68, {msg_name=NULL, msg_namelen=0, msg_iov=[{iov_base="l\1\1\1\374\0\0\0\t\1\0\0\235\0\0\0\1\1o\0;\0\0\0/re/frid"..., iov_len=428}], msg_iovlen=1, msg_controllen=0, msg_flags=0}, MSG_NOSIGNAL) = 428
13938 1783915521.638264 sendmsg(68, {msg_name=NULL, msg_namelen=0, msg_iov=[{iov_base="l\1\1\1\374\0\0\0\n\1\0\0\235\0\0\0\1\1o\0;\0\0\0/re/frid"..., iov_len=428}], msg_iovlen=1, msg_controllen=0, msg_flags=0}, MSG_NOSIGNAL) = 428
13938 1783915521.646206 sendmsg(68, {msg_name=NULL, msg_namelen=0, msg_iov=[{iov_base="l\1\1\1\374\0\0\0\v\1\0\0\235\0\0\0\1\1o\0;\0\0\0/re/frid"..., iov_len=428}], msg_iovlen=1, msg_controllen=0, msg_flags=0}, MSG_NOSIGNAL) = 428
13938 1783915521.652637 sendmsg(68, {msg_name=NULL, msg_namelen=0, msg_iov=[{iov_base="l\1\1\1\370\0\0\0\f\1\0\0\235\0\0\0\1\1o\0;\0\0\0/re/frid"..., iov_len=424}], msg_iovlen=1, msg_controllen=0, msg_flags=0}, MSG_NOSIGNAL) = 424
13938 1783915521.660377 sendmsg(68, {msg_name=NULL, msg_namelen=0, msg_iov=[{iov_base="l\1\1\1\370\0\0\0\r\1\0\0\235\0\0\0\1\1o\0;\0\0\0/re/frid"..., iov_len=424}], msg_iovlen=1, msg_controllen=0, msg_flags=0}, MSG_NOSIGNAL) = 424
13938 1783915521.667830 sendmsg(68, {msg_name=NULL, msg_namelen=0, msg_iov=[{iov_base="l\1\1\1\370\0\0\0\16\1\0\0\235\0\0\0\1\1o\0;\0\0\0/re/frid"..., iov_len=424}], msg_iovlen=1, msg_controllen=0, msg_flags=0}, MSG_NOSIGNAL) = 424
13938 1783915521.674433 sendmsg(68, {msg_name=NULL, msg_namelen=0, msg_iov=[{iov_base="l\1\1\1\374\0\0\0\17\1\0\0\235\0\0\0\1\1o\0;\0\0\0/re/frid"..., iov_len=428}], msg_iovlen=1, msg_controllen=0, msg_flags=0}, MSG_NOSIGNAL) = 428
13938 1783915521.682434 sendmsg(68, {msg_name=NULL, msg_namelen=0, msg_iov=[{iov_base="l\1\1\1\374\0\0\0\20\1\0\0\235\0\0\0\1\1o\0;\0\0\0/re/frid"..., iov_len=428}], msg_iovlen=1, msg_controllen=0, msg_flags=0}, MSG_NOSIGNAL) = 428
13938 1783915521.689735 sendmsg(68, {msg_name=NULL, msg_namelen=0, msg_iov=[{iov_base="l\1\1\1\374\0\0\0\21\1\0\0\235\0\0\0\1\1o\0;\0\0\0/re/frid"..., iov_len=428}], msg_iovlen=1, msg_controllen=0, msg_flags=0}, MSG_NOSIGNAL) = 428
13938 1783915521.695553 sendmsg(68, {msg_name=NULL, msg_namelen=0, msg_iov=[{iov_base="l\1\1\1\370\0\0\0\22\1\0\0\235\0\0\0\1\1o\0;\0\0\0/re/frid"..., iov_len=424}], msg_iovlen=1, msg_controllen=0, msg_flags=0}, MSG_NOSIGNAL) = 424
13938 1783915521.703672 sendmsg(68, {msg_name=NULL, msg_namelen=0, msg_iov=[{iov_base="l\1\1\1\370\0\0\0\23\1\0\0\235\0\0\0\1\1o\0;\0\0\0/re/frid"..., iov_len=424}], msg_iovlen=1, msg_controllen=0, msg_flags=0}, MSG_NOSIGNAL) = 424
13938 1783915521.710624 sendmsg(68, {msg_name=NULL, msg_namelen=0, msg_iov=[{iov_base="l\1\1\1\370\0\0\0\24\1\0\0\235\0\0\0\1\1o\0;\0\0\0/re/frid"..., iov_len=424}], msg_iovlen=1, msg_controllen=0, msg_flags=0}, MSG_NOSIGNAL) = 424
13938 1783915521.716920 sendmsg(68, {msg_name=NULL, msg_namelen=0, msg_iov=[{iov_base="l\1\1\1\374\0\0\0\25\1\0\0\235\0\0\0\1\1o\0;\0\0\0/re/frid"..., iov_len=428}], msg_iovlen=1, msg_controllen=0, msg_flags=0}, MSG_NOSIGNAL) = 428
13938 1783915521.724808 sendmsg(68, {msg_name=NULL, msg_namelen=0, msg_iov=[{iov_base="l\1\1\1\374\0\0\0\26\1\0\0\235\0\0\0\1\1o\0;\0\0\0/re/frid"..., iov_len=428}], msg_iovlen=1, msg_controllen=0, msg_flags=0}, MSG_NOSIGNAL) = 428
13938 1783915521.732598 sendmsg(68, {msg_name=NULL, msg_namelen=0, msg_iov=[{iov_base="l\1\1\1\374\0\0\0\27\1\0\0\235\0\0\0\1\1o\0;\0\0\0/re/frid"..., iov_len=428}], msg_iovlen=1, msg_controllen=0, msg_flags=0}, MSG_NOSIGNAL) = 428
13938 1783915521.739079 sendmsg(68, {msg_name=NULL, msg_namelen=0, msg_iov=[{iov_base="l\1\1\1\370\0\0\0\30\1\0\0\235\0\0\0\1\1o\0;\0\0\0/re/frid"..., iov_len=424}], msg_iovlen=1, msg_controllen=0, msg_flags=0}, MSG_NOSIGNAL) = 424
13938 1783915521.746619 sendmsg(68, {msg_name=NULL, msg_namelen=0, msg_iov=[{iov_base="l\1\1\1\370\0\0\0\31\1\0\0\235\0\0\0\1\1o\0;\0\0\0/re/frid"..., iov_len=424}], msg_iovlen=1, msg_controllen=0, msg_flags=0}, MSG_NOSIGNAL) = 424
13938 1783915521.752205 sendmsg(68, {msg_name=NULL, msg_namelen=0, msg_iov=[{iov_base="l\1\1\1\370\0\0\0\32\1\0\0\235\0\0\0\1\1o\0;\0\0\0/re/frid"..., iov_len=424}], msg_iovlen=1, msg_controllen=0, msg_flags=0}, MSG_NOSIGNAL) = 424
13938 1783915521.759887 sendmsg(68, {msg_name=NULL, msg_namelen=0, msg_iov=[{iov_base="l\1\1\1\374\0\0\0\33\1\0\0\235\0\0\0\1\1o\0;\0\0\0/re/frid"..., iov_len=428}], msg_iovlen=1, msg_controllen=0, msg_flags=0}, MSG_NOSIGNAL) = 428
13938 1783915521.767531 sendmsg(68, {msg_name=NULL, msg_namelen=0, msg_iov=[{iov_base="l\1\1\1\374\0\0\0\34\1\0\0\235\0\0\0\1\1o\0;\0\0\0/re/frid"..., iov_len=428}], msg_iovlen=1, msg_controllen=0, msg_flags=0}, MSG_NOSIGNAL) = 428
13938 1783915521.773961 sendmsg(68, {msg_name=NULL, msg_namelen=0, msg_iov=[{iov_base="l\1\1\1\374\0\0\0\35\1\0\0\235\0\0\0\1\1o\0;\0\0\0/re/frid"..., iov_len=428}], msg_iovlen=1, msg_controllen=0, msg_flags=0}, MSG_NOSIGNAL) = 428
13938 1783915521.780645 sendmsg(68, {msg_name=NULL, msg_namelen=0, msg_iov=[{iov_base="l\1\1\1\370\0\0\0\36\1\0\0\235\0\0\0\1\1o\0;\0\0\0/re/frid"..., iov_len=424}], msg_iovlen=1, msg_controllen=0, msg_flags=0}, MSG_NOSIGNAL) = 424
13938 1783915521.787903 sendmsg(68, {msg_name=NULL, msg_namelen=0, msg_iov=[{iov_base="l\1\1\1\370\0\0\0\37\1\0\0\235\0\0\0\1\1o\0;\0\0\0/re/frid"..., iov_len=424}], msg_iovlen=1, msg_controllen=0, msg_flags=0}, MSG_NOSIGNAL) = 424
13938 1783915521.795758 sendmsg(68, {msg_name=NULL, msg_namelen=0, msg_iov=[{iov_base="l\1\1\1\370\0\0\0 \1\0\0\235\0\0\0\1\1o\0;\0\0\0/re/frid"..., iov_len=424}], msg_iovlen=1, msg_controllen=0, msg_flags=0}, MSG_NOSIGNAL) = 424
13938 1783915521.803251 sendmsg(68, {msg_name=NULL, msg_namelen=0, msg_iov=[{iov_base="l\1\1\1\374\0\0\0!\1\0\0\235\0\0\0\1\1o\0;\0\0\0/re/frid"..., iov_len=428}], msg_iovlen=1, msg_controllen=0, msg_flags=0}, MSG_NOSIGNAL) = 428
13938 1783915521.808954 sendmsg(68, {msg_name=NULL, msg_namelen=0, msg_iov=[{iov_base="l\1\1\1\374\0\0\0\"\1\0\0\235\0\0\0\1\1o\0;\0\0\0/re/frid"..., iov_len=428}], msg_iovlen=1, msg_controllen=0, msg_flags=0}, MSG_NOSIGNAL) = 428
13938 1783915521.816507 sendmsg(68, {msg_name=NULL, msg_namelen=0, msg_iov=[{iov_base="l\1\1\1\374\0\0\0#\1\0\0\235\0\0\0\1\1o\0;\0\0\0/re/frid"..., iov_len=428}], msg_iovlen=1, msg_controllen=0, msg_flags=0}, MSG_NOSIGNAL) = 428
13938 1783915521.824546 sendmsg(68, {msg_name=NULL, msg_namelen=0, msg_iov=[{iov_base="l\1\1\1\370\0\0\0$\1\0\0\235\0\0\0\1\1o\0;\0\0\0/re/frid"..., iov_len=424}], msg_iovlen=1, msg_controllen=0, msg_flags=0}, MSG_NOSIGNAL) = 424
13938 1783915521.831722 sendmsg(68, {msg_name=NULL, msg_namelen=0, msg_iov=[{iov_base="l\1\1\1\370\0\0\0%\1\0\0\235\0\0\0\1\1o\0;\0\0\0/re/frid"..., iov_len=424}], msg_iovlen=1, msg_controllen=0, msg_flags=0}, MSG_NOSIGNAL) = 424
13938 1783915521.839659 sendmsg(68, {msg_name=NULL, msg_namelen=0, msg_iov=[{iov_base="l\1\1\1\370\0\0\0&\1\0\0\235\0\0\0\1\1o\0;\0\0\0/re/frid"..., iov_len=424}], msg_iovlen=1, msg_controllen=0, msg_flags=0}, MSG_NOSIGNAL) = 424
13938 1783915521.845138 sendmsg(68, {msg_name=NULL, msg_namelen=0, msg_iov=[{iov_base="l\1\1\1\374\0\0\0'\1\0\0\235\0\0\0\1\1o\0;\0\0\0/re/frid"..., iov_len=428}], msg_iovlen=1, msg_controllen=0, msg_flags=0}, MSG_NOSIGNAL) = 428
13938 1783915521.850935 sendmsg(68, {msg_name=NULL, msg_namelen=0, msg_iov=[{iov_base="l\1\1\1\374\0\0\0(\1\0\0\235\0\0\0\1\1o\0;\0\0\0/re/frid"..., iov_len=428}], msg_iovlen=1, msg_controllen=0, msg_flags=0}, MSG_NOSIGNAL) = 428
13938 1783915521.859042 sendmsg(68, {msg_name=NULL, msg_namelen=0, msg_iov=[{iov_base="l\1\1\1\374\0\0\0)\1\0\0\235\0\0\0\1\1o\0;\0\0\0/re/frid"..., iov_len=428}], msg_iovlen=1, msg_controllen=0, msg_flags=0}, MSG_NOSIGNAL) = 428
13938 1783915521.865823 sendmsg(68, {msg_name=NULL, msg_namelen=0, msg_iov=[{iov_base="l\1\1\1\370\0\0\0*\1\0\0\235\0\0\0\1\1o\0;\0\0\0/re/frid"..., iov_len=424}], msg_iovlen=1, msg_controllen=0, msg_flags=0}, MSG_NOSIGNAL) = 424
13938 1783915521.874220 sendmsg(68, {msg_name=NULL, msg_namelen=0, msg_iov=[{iov_base="l\1\1\1\370\0\0\0+\1\0\0\235\0\0\0\1\1o\0;\0\0\0/re/frid"..., iov_len=424}], msg_iovlen=1, msg_controllen=0, msg_flags=0}, MSG_NOSIGNAL) = 424
13938 1783915521.879603 sendmsg(68, {msg_name=NULL, msg_namelen=0, msg_iov=[{iov_base="l\1\1\1\370\0\0\0,\1\0\0\235\0\0\0\1\1o\0;\0\0\0/re/frid"..., iov_len=424}], msg_iovlen=1, msg_controllen=0, msg_flags=0}, MSG_NOSIGNAL) = 424
13938 1783915521.887015 sendmsg(68, {msg_name=NULL, msg_namelen=0, msg_iov=[{iov_base="l\1\1\1\374\0\0\0-\1\0\0\235\0\0\0\1\1o\0;\0\0\0/re/frid"..., iov_len=428}], msg_iovlen=1, msg_controllen=0, msg_flags=0}, MSG_NOSIGNAL) = 428
13938 1783915521.893411 sendmsg(68, {msg_name=NULL, msg_namelen=0, msg_iov=[{iov_base="l\1\1\1\374\0\0\0.\1\0\0\235\0\0\0\1\1o\0;\0\0\0/re/frid"..., iov_len=428}], msg_iovlen=1, msg_controllen=0, msg_flags=0}, MSG_NOSIGNAL) = 428
13938 1783915521.900584 sendmsg(68, {msg_name=NULL, msg_namelen=0, msg_iov=[{iov_base="l\1\1\1\374\0\0\0/\1\0\0\235\0\0\0\1\1o\0;\0\0\0/re/frid"..., iov_len=428}], msg_iovlen=1, msg_controllen=0, msg_flags=0}, MSG_NOSIGNAL) = 428
13938 1783915521.908939 sendmsg(68, {msg_name=NULL, msg_namelen=0, msg_iov=[{iov_base="l\1\1\1\370\0\0\0000\1\0\0\235\0\0\0\1\1o\0;\0\0\0/re/frid"..., iov_len=424}], msg_iovlen=1, msg_controllen=0, msg_flags=0}, MSG_NOSIGNAL) = 424
13938 1783915521.917316 sendmsg(68, {msg_name=NULL, msg_namelen=0, msg_iov=[{iov_base="l\1\1\1\370\0\0\0001\1\0\0\235\0\0\0\1\1o\0;\0\0\0/re/frid"..., iov_len=424}], msg_iovlen=1, msg_controllen=0, msg_flags=0}, MSG_NOSIGNAL) = 424
13938 1783915521.924999 sendmsg(68, {msg_name=NULL, msg_namelen=0, msg_iov=[{iov_base="l\1\1\1\370\0\0\0002\1\0\0\235\0\0\0\1\1o\0;\0\0\0/re/frid"..., iov_len=424}], msg_iovlen=1, msg_controllen=0, msg_flags=0}, MSG_NOSIGNAL) = 424
13938 1783915521.932692 sendmsg(68, {msg_name=NULL, msg_namelen=0, msg_iov=[{iov_base="l\1\1\1\374\0\0\0003\1\0\0\235\0\0\0\1\1o\0;\0\0\0/re/frid"..., iov_len=428}], msg_iovlen=1, msg_controllen=0, msg_flags=0}, MSG_NOSIGNAL) = 428
13938 1783915521.940240 sendmsg(68, {msg_name=NULL, msg_namelen=0, msg_iov=[{iov_base="l\1\1\1\374\0\0\0004\1\0\0\235\0\0\0\1\1o\0;\0\0\0/re/frid"..., iov_len=428}], msg_iovlen=1, msg_controllen=0, msg_flags=0}, MSG_NOSIGNAL) = 428
13938 1783915521.947924 sendmsg(68, {msg_name=NULL, msg_namelen=0, msg_iov=[{iov_base="l\1\1\1\374\0\0\0005\1\0\0\235\0\0\0\1\1o\0;\0\0\0/re/frid"..., iov_len=428}], msg_iovlen=1, msg_controllen=0, msg_flags=0}, MSG_NOSIGNAL) = 428
13938 1783915521.954116 sendmsg(68, {msg_name=NULL, msg_namelen=0, msg_iov=[{iov_base="l\1\1\1\370\0\0\0006\1\0\0\235\0\0\0\1\1o\0;\0\0\0/re/frid"..., iov_len=424}], msg_iovlen=1, msg_controllen=0, msg_flags=0}, MSG_NOSIGNAL) = 424
13938 1783915521.961664 sendmsg(68, {msg_name=NULL, msg_namelen=0, msg_iov=[{iov_base="l\1\1\1\370\0\0\0007\1\0\0\235\0\0\0\1\1o\0;\0\0\0/re/frid"..., iov_len=424}], msg_iovlen=1, msg_controllen=0, msg_flags=0}, MSG_NOSIGNAL) = 424
13938 1783915521.968161 sendmsg(68, {msg_name=NULL, msg_namelen=0, msg_iov=[{iov_base="l\1\1\1\370\0\0\08\1\0\0\235\0\0\0\1\1o\0;\0\0\0/re/frid"..., iov_len=424}], msg_iovlen=1, msg_controllen=0, msg_flags=0}, MSG_NOSIGNAL) = 424
13938 1783915521.976571 sendmsg(68, {msg_name=NULL, msg_namelen=0, msg_iov=[{iov_base="l\1\1\1\374\0\0\09\1\0\0\235\0\0\0\1\1o\0;\0\0\0/re/frid"..., iov_len=428}], msg_iovlen=1, msg_controllen=0, msg_flags=0}, MSG_NOSIGNAL) = 428
13938 1783915521.984527 sendmsg(68, {msg_name=NULL, msg_namelen=0, msg_iov=[{iov_base="l\1\1\1\374\0\0\0:\1\0\0\235\0\0\0\1\1o\0;\0\0\0/re/frid"..., iov_len=428}], msg_iovlen=1, msg_controllen=0, msg_flags=0}, MSG_NOSIGNAL) = 428
13938 1783915521.990955 sendmsg(68, {msg_name=NULL, msg_namelen=0, msg_iov=[{iov_base="l\1\1\1\374\0\0\0;\1\0\0\235\0\0\0\1\1o\0;\0\0\0/re/frid"..., iov_len=428}], msg_iovlen=1, msg_controllen=0, msg_flags=0}, MSG_NOSIGNAL) = 428
13938 1783915521.997176 sendmsg(68, {msg_name=NULL, msg_namelen=0, msg_iov=[{iov_base="l\1\1\1\370\0\0\0<\1\0\0\235\0\0\0\1\1o\0;\0\0\0/re/frid"..., iov_len=424}], msg_iovlen=1, msg_controllen=0, msg_flags=0}, MSG_NOSIGNAL) = 424
13938 1783915522.006858 sendmsg(68, {msg_name=NULL, msg_namelen=0, msg_iov=[{iov_base="l\1\1\1\370\0\0\0=\1\0\0\235\0\0\0\1\1o\0;\0\0\0/re/frid"..., iov_len=424}], msg_iovlen=1, msg_controllen=0, msg_flags=0}, MSG_NOSIGNAL) = 424
13938 1783915522.014346 sendmsg(68, {msg_name=NULL, msg_namelen=0, msg_iov=[{iov_base="l\1\1\1\370\0\0\0>\1\0\0\235\0\0\0\1\1o\0;\0\0\0/re/frid"..., iov_len=424}], msg_iovlen=1, msg_controllen=0, msg_flags=0}, MSG_NOSIGNAL) = 424
13938 1783915522.024359 sendmsg(68, {msg_name=NULL, msg_namelen=0, msg_iov=[{iov_base="l\1\1\1\374\0\0\0?\1\0\0\235\0\0\0\1\1o\0;\0\0\0/re/frid"..., iov_len=428}], msg_iovlen=1, msg_controllen=0, msg_flags=0}, MSG_NOSIGNAL) = 428
13938 1783915522.031695 sendmsg(68, {msg_name=NULL, msg_namelen=0, msg_iov=[{iov_base="l\1\1\1\374\0\0\0@\1\0\0\235\0\0\0\1\1o\0;\0\0\0/re/frid"..., iov_len=428}], msg_iovlen=1, msg_controllen=0, msg_flags=0}, MSG_NOSIGNAL) = 428
13938 1783915522.041155 sendmsg(68, {msg_name=NULL, msg_namelen=0, msg_iov=[{iov_base="l\1\1\1\374\0\0\0A\1\0\0\235\0\0\0\1\1o\0;\0\0\0/re/frid"..., iov_len=428}], msg_iovlen=1, msg_controllen=0, msg_flags=0}, MSG_NOSIGNAL) = 428
13938 1783915522.046450 sendmsg(68, {msg_name=NULL, msg_namelen=0, msg_iov=[{iov_base="l\1\1\1\370\0\0\0B\1\0\0\235\0\0\0\1\1o\0;\0\0\0/re/frid"..., iov_len=424}], msg_iovlen=1, msg_controllen=0, msg_flags=0}, MSG_NOSIGNAL) = 424
13938 1783915522.058168 sendmsg(68, {msg_name=NULL, msg_namelen=0, msg_iov=[{iov_base="l\1\1\1\370\0\0\0C\1\0\0\235\0\0\0\1\1o\0;\0\0\0/re/frid"..., iov_len=424}], msg_iovlen=1, msg_controllen=0, msg_flags=0}, MSG_NOSIGNAL) = 424
13938 1783915522.066415 sendmsg(68, {msg_name=NULL, msg_namelen=0, msg_iov=[{iov_base="l\1\1\1\370\0\0\0D\1\0\0\235\0\0\0\1\1o\0;\0\0\0/re/frid"..., iov_len=424}], msg_iovlen=1, msg_controllen=0, msg_flags=0}, MSG_NOSIGNAL) = 424
13938 1783915522.072886 sendmsg(68, {msg_name=NULL, msg_namelen=0, msg_iov=[{iov_base="l\1\1\1\374\0\0\0E\1\0\0\235\0\0\0\1\1o\0;\0\0\0/re/frid"..., iov_len=428}], msg_iovlen=1, msg_controllen=0, msg_flags=0}, MSG_NOSIGNAL) = 428
13938 1783915522.082232 sendmsg(68, {msg_name=NULL, msg_namelen=0, msg_iov=[{iov_base="l\1\1\1\374\0\0\0F\1\0\0\235\0\0\0\1\1o\0;\0\0\0/re/frid"..., iov_len=428}], msg_iovlen=1, msg_controllen=0, msg_flags=0}, MSG_NOSIGNAL) = 428
13938 1783915522.089039 sendmsg(68, {msg_name=NULL, msg_namelen=0, msg_iov=[{iov_base="l\1\1\1\374\0\0\0G\1\0\0\235\0\0\0\1\1o\0;\0\0\0/re/frid"..., iov_len=428}], msg_iovlen=1, msg_controllen=0, msg_flags=0}, MSG_NOSIGNAL) = 428
13938 1783915522.096273 sendmsg(68, {msg_name=NULL, msg_namelen=0, msg_iov=[{iov_base="l\1\1\1\370\0\0\0H\1\0\0\235\0\0\0\1\1o\0;\0\0\0/re/frid"..., iov_len=424}], msg_iovlen=1, msg_controllen=0, msg_flags=0}, MSG_NOSIGNAL) = 424
13938 1783915522.103100 sendmsg(68, {msg_name=NULL, msg_namelen=0, msg_iov=[{iov_base="l\1\1\1\370\0\0\0I\1\0\0\235\0\0\0\1\1o\0;\0\0\0/re/frid"..., iov_len=424}], msg_iovlen=1, msg_controllen=0, msg_flags=0}, MSG_NOSIGNAL) = 424
13938 1783915522.111783 sendmsg(68, {msg_name=NULL, msg_namelen=0, msg_iov=[{iov_base="l\1\1\1\370\0\0\0J\1\0\0\235\0\0\0\1\1o\0;\0\0\0/re/frid"..., iov_len=424}], msg_iovlen=1, msg_controllen=0, msg_flags=0}, MSG_NOSIGNAL) = 424
13938 1783915522.117912 sendmsg(68, {msg_name=NULL, msg_namelen=0, msg_iov=[{iov_base="l\1\1\1\374\0\0\0K\1\0\0\235\0\0\0\1\1o\0;\0\0\0/re/frid"..., iov_len=428}], msg_iovlen=1, msg_controllen=0, msg_flags=0}, MSG_NOSIGNAL) = 428
13938 1783915522.124684 sendmsg(68, {msg_name=NULL, msg_namelen=0, msg_iov=[{iov_base="l\1\1\1\374\0\0\0L\1\0\0\235\0\0\0\1\1o\0;\0\0\0/re/frid"..., iov_len=428}], msg_iovlen=1, msg_controllen=0, msg_flags=0}, MSG_NOSIGNAL) = 428
13938 1783915522.131431 sendmsg(68, {msg_name=NULL, msg_namelen=0, msg_iov=[{iov_base="l\1\1\1\374\0\0\0M\1\0\0\235\0\0\0\1\1o\0;\0\0\0/re/frid"..., iov_len=428}], msg_iovlen=1, msg_controllen=0, msg_flags=0}, MSG_NOSIGNAL) = 428
13938 1783915522.138856 sendmsg(68, {msg_name=NULL, msg_namelen=0, msg_iov=[{iov_base="l\1\1\1\370\0\0\0N\1\0\0\235\0\0\0\1\1o\0;\0\0\0/re/frid"..., iov_len=424}], msg_iovlen=1, msg_controllen=0, msg_flags=0}, MSG_NOSIGNAL) = 424
13938 1783915522.146481 sendmsg(68, {msg_name=NULL, msg_namelen=0, msg_iov=[{iov_base="l\1\1\1\370\0\0\0O\1\0\0\235\0\0\0\1\1o\0;\0\0\0/re/frid"..., iov_len=424}], msg_iovlen=1, msg_controllen=0, msg_flags=0}, MSG_NOSIGNAL) = 424
13938 1783915522.153531 sendmsg(68, {msg_name=NULL, msg_namelen=0, msg_iov=[{iov_base="l\1\1\1\370\0\0\0P\1\0\0\235\0\0\0\1\1o\0;\0\0\0/re/frid"..., iov_len=424}], msg_iovlen=1, msg_controllen=0, msg_flags=0}, MSG_NOSIGNAL) = 424
13938 1783915522.158873 sendmsg(68, {msg_name=NULL, msg_namelen=0, msg_iov=[{iov_base="l\1\1\1\374\0\0\0Q\1\0\0\235\0\0\0\1\1o\0;\0\0\0/re/frid"..., iov_len=428}], msg_iovlen=1, msg_controllen=0, msg_flags=0}, MSG_NOSIGNAL) = 428
13938 1783915522.168156 sendmsg(68, {msg_name=NULL, msg_namelen=0, msg_iov=[{iov_base="l\1\1\1\374\0\0\0R\1\0\0\235\0\0\0\1\1o\0;\0\0\0/re/frid"..., iov_len=428}], msg_iovlen=1, msg_controllen=0, msg_flags=0}, MSG_NOSIGNAL) = 428
13938 1783915522.174804 sendmsg(68, {msg_name=NULL, msg_namelen=0, msg_iov=[{iov_base="l\1\1\1\374\0\0\0S\1\0\0\235\0\0\0\1\1o\0;\0\0\0/re/frid"..., iov_len=428}], msg_iovlen=1, msg_controllen=0, msg_flags=0}, MSG_NOSIGNAL) = 428
13902 1783915522.178466 recvfrom(46, "nysv\0\0\0\0\0\0\0\0\0\0\0\0ugda\302\3\0\0\350\302\3\0\0\0\0\0", 3200, MSG_DONTWAIT, NULL, NULL) = 32
13902 1783915522.178631 recvfrom(46, 0x7fc3986860, 3200, MSG_DONTWAIT, NULL, NULL) = -1 EAGAIN (Try again)
13902 1783915522.179149 recvfrom(48, 0x7d2a8bb020, 2272, MSG_DONTWAIT, NULL, NULL) = -1 EAGAIN (Try again)
13902 1783915522.179325 recvfrom(46, 0x7fc39867c0, 3200, MSG_DONTWAIT, NULL, NULL) = -1 EAGAIN (Try again)
13938 1783915522.187336 sendmsg(68, {msg_name=NULL, msg_namelen=0, msg_iov=[{iov_base="l\1\1\1\370\0\0\0T\1\0\0\235\0\0\0\1\1o\0;\0\0\0/re/frid"..., iov_len=424}], msg_iovlen=1, msg_controllen=0, msg_flags=0}, MSG_NOSIGNAL) = 424
13938 1783915522.195500 sendmsg(68, {msg_name=NULL, msg_namelen=0, msg_iov=[{iov_base="l\1\1\1\370\0\0\0U\1\0\0\235\0\0\0\1\1o\0;\0\0\0/re/frid"..., iov_len=424}], msg_iovlen=1, msg_controllen=0, msg_flags=0}, MSG_NOSIGNAL) = 424
13938 1783915522.202355 sendmsg(68, {msg_name=NULL, msg_namelen=0, msg_iov=[{iov_base="l\1\1\1\370\0\0\0V\1\0\0\235\0\0\0\1\1o\0;\0\0\0/re/frid"..., iov_len=424}], msg_iovlen=1, msg_controllen=0, msg_flags=0}, MSG_NOSIGNAL) = 424
13938 1783915522.210042 sendmsg(68, {msg_name=NULL, msg_namelen=0, msg_iov=[{iov_base="l\1\1\1\374\0\0\0W\1\0\0\235\0\0\0\1\1o\0;\0\0\0/re/frid"..., iov_len=428}], msg_iovlen=1, msg_controllen=0, msg_flags=0}, MSG_NOSIGNAL) = 428
13938 1783915522.217403 sendmsg(68, {msg_name=NULL, msg_namelen=0, msg_iov=[{iov_base="l\1\1\1\374\0\0\0X\1\0\0\235\0\0\0\1\1o\0;\0\0\0/re/frid"..., iov_len=428}], msg_iovlen=1, msg_controllen=0, msg_flags=0}, MSG_NOSIGNAL) = 428
13938 1783915522.226313 sendmsg(68, {msg_name=NULL, msg_namelen=0, msg_iov=[{iov_base="l\1\1\1\374\0\0\0Y\1\0\0\235\0\0\0\1\1o\0;\0\0\0/re/frid"..., iov_len=428}], msg_iovlen=1, msg_controllen=0, msg_flags=0}, MSG_NOSIGNAL) = 428
13938 1783915522.233919 sendmsg(68, {msg_name=NULL, msg_namelen=0, msg_iov=[{iov_base="l\1\1\1\370\0\0\0Z\1\0\0\235\0\0\0\1\1o\0;\0\0\0/re/frid"..., iov_len=424}], msg_iovlen=1, msg_controllen=0, msg_flags=0}, MSG_NOSIGNAL) = 424
13938 1783915522.241538 sendmsg(68, {msg_name=NULL, msg_namelen=0, msg_iov=[{iov_base="l\1\1\1\370\0\0\0[\1\0\0\235\0\0\0\1\1o\0;\0\0\0/re/frid"..., iov_len=424}], msg_iovlen=1, msg_controllen=0, msg_flags=0}, MSG_NOSIGNAL) = 424
13938 1783915522.248793 sendmsg(68, {msg_name=NULL, msg_namelen=0, msg_iov=[{iov_base="l\1\1\1\370\0\0\0\\\1\0\0\235\0\0\0\1\1o\0;\0\0\0/re/frid"..., iov_len=424}], msg_iovlen=1, msg_controllen=0, msg_flags=0}, MSG_NOSIGNAL) = 424
13938 1783915522.254420 sendmsg(68, {msg_name=NULL, msg_namelen=0, msg_iov=[{iov_base="l\1\1\1\374\0\0\0]\1\0\0\235\0\0\0\1\1o\0;\0\0\0/re/frid"..., iov_len=428}], msg_iovlen=1, msg_controllen=0, msg_flags=0}, MSG_NOSIGNAL) = 428
13938 1783915522.261338 sendmsg(68, {msg_name=NULL, msg_namelen=0, msg_iov=[{iov_base="l\1\1\1\374\0\0\0^\1\0\0\235\0\0\0\1\1o\0;\0\0\0/re/frid"..., iov_len=428}], msg_iovlen=1, msg_controllen=0, msg_flags=0}, MSG_NOSIGNAL) = 428
13938 1783915522.268879 sendmsg(68, {msg_name=NULL, msg_namelen=0, msg_iov=[{iov_base="l\1\1\1\374\0\0\0_\1\0\0\235\0\0\0\1\1o\0;\0\0\0/re/frid"..., iov_len=428}], msg_iovlen=1, msg_controllen=0, msg_flags=0}, MSG_NOSIGNAL) = 428
13938 1783915522.275989 sendmsg(68, {msg_name=NULL, msg_namelen=0, msg_iov=[{iov_base="l\1\1\1\370\0\0\0`\1\0\0\235\0\0\0\1\1o\0;\0\0\0/re/frid"..., iov_len=424}], msg_iovlen=1, msg_controllen=0, msg_flags=0}, MSG_NOSIGNAL) = 424
13938 1783915522.282957 sendmsg(68, {msg_name=NULL, msg_namelen=0, msg_iov=[{iov_base="l\1\1\1\370\0\0\0a\1\0\0\235\0\0\0\1\1o\0;\0\0\0/re/frid"..., iov_len=424}], msg_iovlen=1, msg_controllen=0, msg_flags=0}, MSG_NOSIGNAL) = 424
13938 1783915522.290282 sendmsg(68, {msg_name=NULL, msg_namelen=0, msg_iov=[{iov_base="l\1\1\1\370\0\0\0b\1\0\0\235\0\0\0\1\1o\0;\0\0\0/re/frid"..., iov_len=424}], msg_iovlen=1, msg_controllen=0, msg_flags=0}, MSG_NOSIGNAL) = 424
13938 1783915522.296431 sendmsg(68, {msg_name=NULL, msg_namelen=0, msg_iov=[{iov_base="l\1\1\1\374\0\0\0c\1\0\0\235\0\0\0\1\1o\0;\0\0\0/re/frid"..., iov_len=428}], msg_iovlen=1, msg_controllen=0, msg_flags=0}, MSG_NOSIGNAL) = 428
13938 1783915522.303158 sendmsg(68, {msg_name=NULL, msg_namelen=0, msg_iov=[{iov_base="l\1\1\1\374\0\0\0d\1\0\0\235\0\0\0\1\1o\0;\0\0\0/re/frid"..., iov_len=428}], msg_iovlen=1, msg_controllen=0, msg_flags=0}, MSG_NOSIGNAL) = 428
13938 1783915522.310510 sendmsg(68, {msg_name=NULL, msg_namelen=0, msg_iov=[{iov_base="l\1\1\1\374\0\0\0e\1\0\0\235\0\0\0\1\1o\0;\0\0\0/re/frid"..., iov_len=428}], msg_iovlen=1, msg_controllen=0, msg_flags=0}, MSG_NOSIGNAL) = 428
13938 1783915522.318892 sendmsg(68, {msg_name=NULL, msg_namelen=0, msg_iov=[{iov_base="l\1\1\1\370\0\0\0f\1\0\0\235\0\0\0\1\1o\0;\0\0\0/re/frid"..., iov_len=424}], msg_iovlen=1, msg_controllen=0, msg_flags=0}, MSG_NOSIGNAL) = 424
13938 1783915522.325328 sendmsg(68, {msg_name=NULL, msg_namelen=0, msg_iov=[{iov_base="l\1\1\1\370\0\0\0g\1\0\0\235\0\0\0\1\1o\0;\0\0\0/re/frid"..., iov_len=424}], msg_iovlen=1, msg_controllen=0, msg_flags=0}, MSG_NOSIGNAL) = 424
13938 1783915522.331236 sendmsg(68, {msg_name=NULL, msg_namelen=0, msg_iov=[{iov_base="l\1\1\1\370\0\0\0h\1\0\0\235\0\0\0\1\1o\0;\0\0\0/re/frid"..., iov_len=424}], msg_iovlen=1, msg_controllen=0, msg_flags=0}, MSG_NOSIGNAL) = 424
13938 1783915522.337265 sendmsg(68, {msg_name=NULL, msg_namelen=0, msg_iov=[{iov_base="l\1\1\1\374\0\0\0i\1\0\0\235\0\0\0\1\1o\0;\0\0\0/re/frid"..., iov_len=428}], msg_iovlen=1, msg_controllen=0, msg_flags=0}, MSG_NOSIGNAL) = 428
13938 1783915522.344876 sendmsg(68, {msg_name=NULL, msg_namelen=0, msg_iov=[{iov_base="l\1\1\1\374\0\0\0j\1\0\0\235\0\0\0\1\1o\0;\0\0\0/re/frid"..., iov_len=428}], msg_iovlen=1, msg_controllen=0, msg_flags=0}, MSG_NOSIGNAL) = 428
13938 1783915522.352471 sendmsg(68, {msg_name=NULL, msg_namelen=0, msg_iov=[{iov_base="l\1\1\1\374\0\0\0k\1\0\0\235\0\0\0\1\1o\0;\0\0\0/re/frid"..., iov_len=428}], msg_iovlen=1, msg_controllen=0, msg_flags=0}, MSG_NOSIGNAL) = 428
13938 1783915522.359305 sendmsg(68, {msg_name=NULL, msg_namelen=0, msg_iov=[{iov_base="l\1\1\1\370\0\0\0l\1\0\0\235\0\0\0\1\1o\0;\0\0\0/re/frid"..., iov_len=424}], msg_iovlen=1, msg_controllen=0, msg_flags=0}, MSG_NOSIGNAL) = 424
13938 1783915522.365128 sendmsg(68, {msg_name=NULL, msg_namelen=0, msg_iov=[{iov_base="l\1\1\1\370\0\0\0m\1\0\0\235\0\0\0\1\1o\0;\0\0\0/re/frid"..., iov_len=424}], msg_iovlen=1, msg_controllen=0, msg_flags=0}, MSG_NOSIGNAL) = 424
13938 1783915522.371925 sendmsg(68, {msg_name=NULL, msg_namelen=0, msg_iov=[{iov_base="l\1\1\1\370\0\0\0n\1\0\0\235\0\0\0\1\1o\0;\0\0\0/re/frid"..., iov_len=424}], msg_iovlen=1, msg_controllen=0, msg_flags=0}, MSG_NOSIGNAL) = 424
13938 1783915522.380690 sendmsg(68, {msg_name=NULL, msg_namelen=0, msg_iov=[{iov_base="l\1\1\1\374\0\0\0o\1\0\0\235\0\0\0\1\1o\0;\0\0\0/re/frid"..., iov_len=428}], msg_iovlen=1, msg_controllen=0, msg_flags=0}, MSG_NOSIGNAL) = 428
13938 1783915522.391802 sendmsg(68, {msg_name=NULL, msg_namelen=0, msg_iov=[{iov_base="l\1\1\1\374\0\0\0p\1\0\0\235\0\0\0\1\1o\0;\0\0\0/re/frid"..., iov_len=428}], msg_iovlen=1, msg_controllen=0, msg_flags=0}, MSG_NOSIGNAL) = 428
13938 1783915522.398840 sendmsg(68, {msg_name=NULL, msg_namelen=0, msg_iov=[{iov_base="l\1\1\1\374\0\0\0q\1\0\0\235\0\0\0\1\1o\0;\0\0\0/re/frid"..., iov_len=428}], msg_iovlen=1, msg_controllen=0, msg_flags=0}, MSG_NOSIGNAL) = 428
13938 1783915522.408629 sendmsg(68, {msg_name=NULL, msg_namelen=0, msg_iov=[{iov_base="l\1\1\1\370\0\0\0r\1\0\0\235\0\0\0\1\1o\0;\0\0\0/re/frid"..., iov_len=424}], msg_iovlen=1, msg_controllen=0, msg_flags=0}, MSG_NOSIGNAL) = 424
13938 1783915522.417568 sendmsg(68, {msg_name=NULL, msg_namelen=0, msg_iov=[{iov_base="l\1\1\1\370\0\0\0s\1\0\0\235\0\0\0\1\1o\0;\0\0\0/re/frid"..., iov_len=424}], msg_iovlen=1, msg_controllen=0, msg_flags=0}, MSG_NOSIGNAL) = 424
13938 1783915522.424656 sendmsg(68, {msg_name=NULL, msg_namelen=0, msg_iov=[{iov_base="l\1\1\1\370\0\0\0t\1\0\0\235\0\0\0\1\1o\0;\0\0\0/re/frid"..., iov_len=424}], msg_iovlen=1, msg_controllen=0, msg_flags=0}, MSG_NOSIGNAL) = 424
13938 1783915522.431900 sendmsg(68, {msg_name=NULL, msg_namelen=0, msg_iov=[{iov_base="l\1\1\1\374\0\0\0u\1\0\0\235\0\0\0\1\1o\0;\0\0\0/re/frid"..., iov_len=428}], msg_iovlen=1, msg_controllen=0, msg_flags=0}, MSG_NOSIGNAL) = 428
13938 1783915522.438439 sendmsg(68, {msg_name=NULL, msg_namelen=0, msg_iov=[{iov_base="l\1\1\1\374\0\0\0v\1\0\0\235\0\0\0\1\1o\0;\0\0\0/re/frid"..., iov_len=428}], msg_iovlen=1, msg_controllen=0, msg_flags=0}, MSG_NOSIGNAL) = 428
13938 1783915522.444882 sendmsg(68, {msg_name=NULL, msg_namelen=0, msg_iov=[{iov_base="l\1\1\1\374\0\0\0w\1\0\0\235\0\0\0\1\1o\0;\0\0\0/re/frid"..., iov_len=428}], msg_iovlen=1, msg_controllen=0, msg_flags=0}, MSG_NOSIGNAL) = 428
13938 1783915522.451759 sendmsg(68, {msg_name=NULL, msg_namelen=0, msg_iov=[{iov_base="l\1\1\1\370\0\0\0x\1\0\0\235\0\0\0\1\1o\0;\0\0\0/re/frid"..., iov_len=424}], msg_iovlen=1, msg_controllen=0, msg_flags=0}, MSG_NOSIGNAL) = 424
13938 1783915522.458665 sendmsg(68, {msg_name=NULL, msg_namelen=0, msg_iov=[{iov_base="l\1\1\1\370\0\0\0y\1\0\0\235\0\0\0\1\1o\0;\0\0\0/re/frid"..., iov_len=424}], msg_iovlen=1, msg_controllen=0, msg_flags=0}, MSG_NOSIGNAL) = 424
13938 1783915522.464399 sendmsg(68, {msg_name=NULL, msg_namelen=0, msg_iov=[{iov_base="l\1\1\1\370\0\0\0z\1\0\0\235\0\0\0\1\1o\0;\0\0\0/re/frid"..., iov_len=424}], msg_iovlen=1, msg_controllen=0, msg_flags=0}, MSG_NOSIGNAL) = 424
13938 1783915522.472863 sendmsg(68, {msg_name=NULL, msg_namelen=0, msg_iov=[{iov_base="l\1\1\1\374\0\0\0{\1\0\0\235\0\0\0\1\1o\0;\0\0\0/re/frid"..., iov_len=428}], msg_iovlen=1, msg_controllen=0, msg_flags=0}, MSG_NOSIGNAL) = 428
13938 1783915522.481039 sendmsg(68, {msg_name=NULL, msg_namelen=0, msg_iov=[{iov_base="l\1\1\1\374\0\0\0|\1\0\0\235\0\0\0\1\1o\0;\0\0\0/re/frid"..., iov_len=428}], msg_iovlen=1, msg_controllen=0, msg_flags=0}, MSG_NOSIGNAL) = 428
13938 1783915522.487737 sendmsg(68, {msg_name=NULL, msg_namelen=0, msg_iov=[{iov_base="l\1\1\1\374\0\0\0}\1\0\0\235\0\0\0\1\1o\0;\0\0\0/re/frid"..., iov_len=428}], msg_iovlen=1, msg_controllen=0, msg_flags=0}, MSG_NOSIGNAL) = 428
13938 1783915522.494853 sendmsg(68, {msg_name=NULL, msg_namelen=0, msg_iov=[{iov_base="l\1\1\1\370\0\0\0~\1\0\0\235\0\0\0\1\1o\0;\0\0\0/re/frid"..., iov_len=424}], msg_iovlen=1, msg_controllen=0, msg_flags=0}, MSG_NOSIGNAL) = 424
13938 1783915522.501178 sendmsg(68, {msg_name=NULL, msg_namelen=0, msg_iov=[{iov_base="l\1\1\1\370\0\0\0\177\1\0\0\235\0\0\0\1\1o\0;\0\0\0/re/frid"..., iov_len=424}], msg_iovlen=1, msg_controllen=0, msg_flags=0}, MSG_NOSIGNAL) = 424
13938 1783915522.507392 sendmsg(68, {msg_name=NULL, msg_namelen=0, msg_iov=[{iov_base="l\1\1\1\370\0\0\0\200\1\0\0\235\0\0\0\1\1o\0;\0\0\0/re/frid"..., iov_len=424}], msg_iovlen=1, msg_controllen=0, msg_flags=0}, MSG_NOSIGNAL) = 424
13938 1783915522.515729 sendmsg(68, {msg_name=NULL, msg_namelen=0, msg_iov=[{iov_base="l\1\1\1\374\0\0\0\201\1\0\0\235\0\0\0\1\1o\0;\0\0\0/re/frid"..., iov_len=428}], msg_iovlen=1, msg_controllen=0, msg_flags=0}, MSG_NOSIGNAL) = 428
13938 1783915522.523321 sendmsg(68, {msg_name=NULL, msg_namelen=0, msg_iov=[{iov_base="l\1\1\1\374\0\0\0\202\1\0\0\235\0\0\0\1\1o\0;\0\0\0/re/frid"..., iov_len=428}], msg_iovlen=1, msg_controllen=0, msg_flags=0}, MSG_NOSIGNAL) = 428
13938 1783915522.530306 sendmsg(68, {msg_name=NULL, msg_namelen=0, msg_iov=[{iov_base="l\1\1\1\374\0\0\0\203\1\0\0\235\0\0\0\1\1o\0;\0\0\0/re/frid"..., iov_len=428}], msg_iovlen=1, msg_controllen=0, msg_flags=0}, MSG_NOSIGNAL) = 428
13938 1783915522.538844 sendmsg(68, {msg_name=NULL, msg_namelen=0, msg_iov=[{iov_base="l\1\1\1\370\0\0\0\204\1\0\0\235\0\0\0\1\1o\0;\0\0\0/re/frid"..., iov_len=424}], msg_iovlen=1, msg_controllen=0, msg_flags=0}, MSG_NOSIGNAL) = 424
13938 1783915522.546722 sendmsg(68, {msg_name=NULL, msg_namelen=0, msg_iov=[{iov_base="l\1\1\1\370\0\0\0\205\1\0\0\235\0\0\0\1\1o\0;\0\0\0/re/frid"..., iov_len=424}], msg_iovlen=1, msg_controllen=0, msg_flags=0}, MSG_NOSIGNAL) = 424
13938 1783915522.553238 sendmsg(68, {msg_name=NULL, msg_namelen=0, msg_iov=[{iov_base="l\1\1\1\370\0\0\0\206\1\0\0\235\0\0\0\1\1o\0;\0\0\0/re/frid"..., iov_len=424}], msg_iovlen=1, msg_controllen=0, msg_flags=0}, MSG_NOSIGNAL) = 424
13938 1783915522.559695 sendmsg(68, {msg_name=NULL, msg_namelen=0, msg_iov=[{iov_base="l\1\1\1\374\0\0\0\207\1\0\0\235\0\0\0\1\1o\0;\0\0\0/re/frid"..., iov_len=428}], msg_iovlen=1, msg_controllen=0, msg_flags=0}, MSG_NOSIGNAL) = 428
13938 1783915522.568307 sendmsg(68, {msg_name=NULL, msg_namelen=0, msg_iov=[{iov_base="l\1\1\1\374\0\0\0\210\1\0\0\235\0\0\0\1\1o\0;\0\0\0/re/frid"..., iov_len=428}], msg_iovlen=1, msg_controllen=0, msg_flags=0}, MSG_NOSIGNAL) = 428
13938 1783915522.574519 sendmsg(68, {msg_name=NULL, msg_namelen=0, msg_iov=[{iov_base="l\1\1\1\374\0\0\0\211\1\0\0\235\0\0\0\1\1o\0;\0\0\0/re/frid"..., iov_len=428}], msg_iovlen=1, msg_controllen=0, msg_flags=0}, MSG_NOSIGNAL) = 428
13938 1783915522.580307 sendmsg(68, {msg_name=NULL, msg_namelen=0, msg_iov=[{iov_base="l\1\1\1\370\0\0\0\212\1\0\0\235\0\0\0\1\1o\0;\0\0\0/re/frid"..., iov_len=424}], msg_iovlen=1, msg_controllen=0, msg_flags=0}, MSG_NOSIGNAL) = 424
13938 1783915522.588105 sendmsg(68, {msg_name=NULL, msg_namelen=0, msg_iov=[{iov_base="l\1\1\1\370\0\0\0\213\1\0\0\235\0\0\0\1\1o\0;\0\0\0/re/frid"..., iov_len=424}], msg_iovlen=1, msg_controllen=0, msg_flags=0}, MSG_NOSIGNAL) = 424
13938 1783915522.594904 sendmsg(68, {msg_name=NULL, msg_namelen=0, msg_iov=[{iov_base="l\1\1\1\370\0\0\0\214\1\0\0\235\0\0\0\1\1o\0;\0\0\0/re/frid"..., iov_len=424}], msg_iovlen=1, msg_controllen=0, msg_flags=0}, MSG_NOSIGNAL) = 424
13938 1783915522.603359 sendmsg(68, {msg_name=NULL, msg_namelen=0, msg_iov=[{iov_base="l\1\1\1\374\0\0\0\215\1\0\0\235\0\0\0\1\1o\0;\0\0\0/re/frid"..., iov_len=428}], msg_iovlen=1, msg_controllen=0, msg_flags=0}, MSG_NOSIGNAL) = 428
13938 1783915522.610210 sendmsg(68, {msg_name=NULL, msg_namelen=0, msg_iov=[{iov_base="l\1\1\1\374\0\0\0\216\1\0\0\235\0\0\0\1\1o\0;\0\0\0/re/frid"..., iov_len=428}], msg_iovlen=1, msg_controllen=0, msg_flags=0}, MSG_NOSIGNAL) = 428
13938 1783915522.616612 sendmsg(68, {msg_name=NULL, msg_namelen=0, msg_iov=[{iov_base="l\1\1\1\374\0\0\0\217\1\0\0\235\0\0\0\1\1o\0;\0\0\0/re/frid"..., iov_len=428}], msg_iovlen=1, msg_controllen=0, msg_flags=0}, MSG_NOSIGNAL) = 428
13938 1783915522.624723 sendmsg(68, {msg_name=NULL, msg_namelen=0, msg_iov=[{iov_base="l\1\1\1\370\0\0\0\220\1\0\0\235\0\0\0\1\1o\0;\0\0\0/re/frid"..., iov_len=424}], msg_iovlen=1, msg_controllen=0, msg_flags=0}, MSG_NOSIGNAL) = 424
13938 1783915522.633016 sendmsg(68, {msg_name=NULL, msg_namelen=0, msg_iov=[{iov_base="l\1\1\1\370\0\0\0\221\1\0\0\235\0\0\0\1\1o\0;\0\0\0/re/frid"..., iov_len=424}], msg_iovlen=1, msg_controllen=0, msg_flags=0}, MSG_NOSIGNAL) = 424
13938 1783915522.639985 sendmsg(68, {msg_name=NULL, msg_namelen=0, msg_iov=[{iov_base="l\1\1\1\370\0\0\0\222\1\0\0\235\0\0\0\1\1o\0;\0\0\0/re/frid"..., iov_len=424}], msg_iovlen=1, msg_controllen=0, msg_flags=0}, MSG_NOSIGNAL) = 424
13938 1783915522.645882 sendmsg(68, {msg_name=NULL, msg_namelen=0, msg_iov=[{iov_base="l\1\1\1\374\0\0\0\223\1\0\0\235\0\0\0\1\1o\0;\0\0\0/re/frid"..., iov_len=428}], msg_iovlen=1, msg_controllen=0, msg_flags=0}, MSG_NOSIGNAL) = 428
13938 1783915522.653318 sendmsg(68, {msg_name=NULL, msg_namelen=0, msg_iov=[{iov_base="l\1\1\1\374\0\0\0\224\1\0\0\235\0\0\0\1\1o\0;\0\0\0/re/frid"..., iov_len=428}], msg_iovlen=1, msg_controllen=0, msg_flags=0}, MSG_NOSIGNAL) = 428
13938 1783915522.659254 sendmsg(68, {msg_name=NULL, msg_namelen=0, msg_iov=[{iov_base="l\1\1\1\374\0\0\0\225\1\0\0\235\0\0\0\1\1o\0;\0\0\0/re/frid"..., iov_len=428}], msg_iovlen=1, msg_controllen=0, msg_flags=0}, MSG_NOSIGNAL) = 428
13938 1783915522.664857 sendmsg(68, {msg_name=NULL, msg_namelen=0, msg_iov=[{iov_base="l\1\1\1\370\0\0\0\226\1\0\0\235\0\0\0\1\1o\0;\0\0\0/re/frid"..., iov_len=424}], msg_iovlen=1, msg_controllen=0, msg_flags=0}, MSG_NOSIGNAL) = 424
13938 1783915522.673530 sendmsg(68, {msg_name=NULL, msg_namelen=0, msg_iov=[{iov_base="l\1\1\1\370\0\0\0\227\1\0\0\235\0\0\0\1\1o\0;\0\0\0/re/frid"..., iov_len=424}], msg_iovlen=1, msg_controllen=0, msg_flags=0}, MSG_NOSIGNAL) = 424
13938 1783915522.678845 sendmsg(68, {msg_name=NULL, msg_namelen=0, msg_iov=[{iov_base="l\1\1\1\370\0\0\0\230\1\0\0\235\0\0\0\1\1o\0;\0\0\0/re/frid"..., iov_len=424}], msg_iovlen=1, msg_controllen=0, msg_flags=0}, MSG_NOSIGNAL) = 424
13938 1783915522.685805 sendmsg(68, {msg_name=NULL, msg_namelen=0, msg_iov=[{iov_base="l\1\1\1\374\0\0\0\231\1\0\0\235\0\0\0\1\1o\0;\0\0\0/re/frid"..., iov_len=428}], msg_iovlen=1, msg_controllen=0, msg_flags=0}, MSG_NOSIGNAL) = 428
13938 1783915522.691747 sendmsg(68, {msg_name=NULL, msg_namelen=0, msg_iov=[{iov_base="l\1\1\1\374\0\0\0\232\1\0\0\235\0\0\0\1\1o\0;\0\0\0/re/frid"..., iov_len=428}], msg_iovlen=1, msg_controllen=0, msg_flags=0}, MSG_NOSIGNAL) = 428
13938 1783915522.699359 sendmsg(68, {msg_name=NULL, msg_namelen=0, msg_iov=[{iov_base="l\1\1\1\374\0\0\0\233\1\0\0\235\0\0\0\1\1o\0;\0\0\0/re/frid"..., iov_len=428}], msg_iovlen=1, msg_controllen=0, msg_flags=0}, MSG_NOSIGNAL) = 428
13902 1783915522.703375 recvfrom(46, "nysv\0\0\0\0\0\0\0\0\0\0\0\0Q^!\216\302\3\0\0\25\303\3\0\0\0\0\0", 3200, MSG_DONTWAIT, NULL, NULL) = 32
13902 1783915522.703589 recvfrom(46, 0x7fc3986860, 3200, MSG_DONTWAIT, NULL, NULL) = -1 EAGAIN (Try again)
13902 1783915522.705162 recvfrom(48, 0x7d2a8bb020, 2272, MSG_DONTWAIT, NULL, NULL) = -1 EAGAIN (Try again)
13902 1783915522.705401 recvfrom(46, 0x7fc39867c0, 3200, MSG_DONTWAIT, NULL, NULL) = -1 EAGAIN (Try again)
13902 1783915522.720011 recvfrom(46, "nysv\0\0\0\0\0\0\0\0\0\0\0\0\344\205\356\255\302\3\0\0005\303\3\0\0\0\0\0", 3200, MSG_DONTWAIT, NULL, NULL) = 32
13902 1783915522.720268 recvfrom(46, 0x7fc3986860, 3200, MSG_DONTWAIT, NULL, NULL) = -1 EAGAIN (Try again)
13902 1783915522.731408 recvfrom(46, 0x7fc3985c70, 3200, MSG_DONTWAIT, NULL, NULL) = -1 EAGAIN (Try again)
13902 1783915522.736482 recvfrom(46, "nysv\0\0\0\0\0\0\0\0\0\0\0\0\356\371\354\256\302\3\0\0006\303\3\0\0\0\0\0", 3200, MSG_DONTWAIT, NULL, NULL) = 32
13902 1783915522.737010 recvfrom(46, 0x7fc3986860, 3200, MSG_DONTWAIT, NULL, NULL) = -1 EAGAIN (Try again)
13902 1783915522.741345 recvfrom(48, 0x7d2a8bb020, 2272, MSG_DONTWAIT, NULL, NULL) = -1 EAGAIN (Try again)
13902 1783915522.741628 recvfrom(46, 0x7fc39867c0, 3200, MSG_DONTWAIT, NULL, NULL) = -1 EAGAIN (Try again)
13902 1783915522.752946 recvfrom(46, "nysv\0\0\0\0\0\0\0\0\0\0\0\0\247k\353\257\302\3\0\0007\303\3\0\0\0\0\0", 3200, MSG_DONTWAIT, NULL, NULL) = 32
13902 1783915522.753461 recvfrom(46, 0x7fc3986860, 3200, MSG_DONTWAIT, NULL, NULL) = -1 EAGAIN (Try again)
13902 1783915522.757394 recvfrom(48, 0x7d2a8bb020, 2272, MSG_DONTWAIT, NULL, NULL) = -1 EAGAIN (Try again)
13902 1783915522.757642 recvfrom(46, 0x7fc39867c0, 3200, MSG_DONTWAIT, NULL, NULL) = -1 EAGAIN (Try again)
13902 1783915522.769990 recvfrom(46, "nysv\0\0\0\0\0\0\0\0\0\0\0\0\321\273\351\260\302\3\0\08\303\3\0\0\0\0\0", 3200, MSG_DONTWAIT, NULL, NULL) = 32
13902 1783915522.770207 recvfrom(46, 0x7fc3986860, 3200, MSG_DONTWAIT, NULL, NULL) = -1 EAGAIN (Try again)
13902 1783915522.772933 recvfrom(48, 0x7d2a8bb020, 2272, MSG_DONTWAIT, NULL, NULL) = -1 EAGAIN (Try again)
13902 1783915522.773383 recvfrom(46, 0x7fc39867c0, 3200, MSG_DONTWAIT, NULL, NULL) = -1 EAGAIN (Try again)
13902 1783915522.786868 recvfrom(46, "nysv\0\0\0\0\0\0\0\0\0\0\0\0\330,\350\261\302\3\0\09\303\3\0\0\0\0\0", 3200, MSG_DONTWAIT, NULL, NULL) = 32
13902 1783915522.787267 recvfrom(46, 0x7fc3986860, 3200, MSG_DONTWAIT, NULL, NULL) = -1 EAGAIN (Try again)
13902 1783915522.787583 recvfrom(48, 0x7d2a8bb020, 2272, MSG_DONTWAIT, NULL, NULL) = -1 EAGAIN (Try again)
13902 1783915522.787981 recvfrom(46, 0x7fc39867c0, 3200, MSG_DONTWAIT, NULL, NULL) = -1 EAGAIN (Try again)
13902 1783915522.805188 recvfrom(46, "nysv\0\0\0\0\0\0\0\0\0\0\0\0\230\235\346\262\302\3\0\0:\303\3\0\0\0\0\0", 3200, MSG_DONTWAIT, NULL, NULL) = 32
13902 1783915522.806197 recvfrom(46, 0x7fc3986860, 3200, MSG_DONTWAIT, NULL, NULL) = -1 EAGAIN (Try again)
13902 1783915522.806711 recvfrom(48, 0x7d2a8bb020, 2272, MSG_DONTWAIT, NULL, NULL) = -1 EAGAIN (Try again)
13902 1783915522.807070 recvfrom(46, 0x7fc39867c0, 3200, MSG_DONTWAIT, NULL, NULL) = -1 EAGAIN (Try again)
13902 1783915522.824668 recvfrom(46, "nysv\0\0\0\0\0\0\0\0\0\0\0\0.\17\345\263\302\3\0\0;\303\3\0\0\0\0\0", 3200, MSG_DONTWAIT, NULL, NULL) = 32
13902 1783915522.825002 recvfrom(46, 0x7fc3986860, 3200, MSG_DONTWAIT, NULL, NULL) = -1 EAGAIN (Try again)
13902 1783915522.827057 recvfrom(48, 0x7d2a8bb020, 2272, MSG_DONTWAIT, NULL, NULL) = -1 EAGAIN (Try again)
13902 1783915522.827377 recvfrom(46, 0x7fc39867c0, 3200, MSG_DONTWAIT, NULL, NULL) = -1 EAGAIN (Try again)
13902 1783915522.836949 recvfrom(46, "nysv\0\0\0\0\0\0\0\0\0\0\0\0a\201\343\264\302\3\0\0<\303\3\0\0\0\0\0", 3200, MSG_DONTWAIT, NULL, NULL) = 32
13902 1783915522.839625 recvfrom(46, 0x7fc3986860, 3200, MSG_DONTWAIT, NULL, NULL) = -1 EAGAIN (Try again)
13902 1783915522.840473 recvfrom(48, 0x7d2a8bb020, 2272, MSG_DONTWAIT, NULL, NULL) = -1 EAGAIN (Try again)
13902 1783915522.841739 recvfrom(46, 0x7fc39867c0, 3200, MSG_DONTWAIT, NULL, NULL) = -1 EAGAIN (Try again)
13902 1783915522.853615 recvfrom(46, "nysv\0\0\0\0\0\0\0\0\0\0\0\0)\344\341\265\302\3\0\0=\303\3\0\0\0\0\0", 3200, MSG_DONTWAIT, NULL, NULL) = 32
13902 1783915522.854607 recvfrom(46, 0x7fc3986860, 3200, MSG_DONTWAIT, NULL, NULL) = -1 EAGAIN (Try again)
13902 1783915522.857033 recvfrom(48, 0x7d2a8bb020, 2272, MSG_DONTWAIT, NULL, NULL) = -1 EAGAIN (Try again)
13902 1783915522.857588 recvfrom(46, 0x7fc39867c0, 3200, MSG_DONTWAIT, NULL, NULL) = -1 EAGAIN (Try again)
13902 1783915522.869675 recvfrom(46, "nysv\0\0\0\0\0\0\0\0\0\0\0\0AT\340\266\302\3\0\0>\303\3\0\0\0\0\0", 3200, MSG_DONTWAIT, NULL, NULL) = 32
13902 1783915522.870292 recvfrom(46, 0x7fc3986860, 3200, MSG_DONTWAIT, NULL, NULL) = -1 EAGAIN (Try again)
13902 1783915522.872435 recvfrom(48, 0x7d2a8bb020, 2272, MSG_DONTWAIT, NULL, NULL) = -1 EAGAIN (Try again)
13902 1783915522.872945 recvfrom(46, 0x7fc39867c0, 3200, MSG_DONTWAIT, NULL, NULL) = -1 EAGAIN (Try again)
13902 1783915522.886629 recvfrom(46, "nysv\0\0\0\0\0\0\0\0\0\0\0\0\357\270\336\267\302\3\0\0?\303\3\0\0\0\0\0", 3200, MSG_DONTWAIT, NULL, NULL) = 32
13902 1783915522.886912 recvfrom(46, 0x7fc3986860, 3200, MSG_DONTWAIT, NULL, NULL) = -1 EAGAIN (Try again)
13902 1783915522.887334 recvfrom(48, 0x7d2a8bb020, 2272, MSG_DONTWAIT, NULL, NULL) = -1 EAGAIN (Try again)
13902 1783915522.887825 recvfrom(46, 0x7fc39867c0, 3200, MSG_DONTWAIT, NULL, NULL) = -1 EAGAIN (Try again)
13902 1783915522.904054 recvfrom(46, "nysv\0\0\0\0\0\0\0\0\0\0\0\0\3\372\334\270\302\3\0\0@\303\3\0\0\0\0\0", 3200, MSG_DONTWAIT, NULL, NULL) = 32
13902 1783915522.904532 recvfrom(46, 0x7fc3986860, 3200, MSG_DONTWAIT, NULL, NULL) = -1 EAGAIN (Try again)
13902 1783915522.905017 recvfrom(48, 0x7d2a8bb020, 2272, MSG_DONTWAIT, NULL, NULL) = -1 EAGAIN (Try again)
13902 1783915522.905284 recvfrom(46, 0x7fc39867c0, 3200, MSG_DONTWAIT, NULL, NULL) = -1 EAGAIN (Try again)
13902 1783915522.919763 recvfrom(46, "nysv\0\0\0\0\0\0\0\0\0\0\0\0\336j\333\271\302\3\0\0A\303\3\0\0\0\0\0", 3200, MSG_DONTWAIT, NULL, NULL) = 32
13902 1783915522.920192 recvfrom(46, 0x7fc3986860, 3200, MSG_DONTWAIT, NULL, NULL) = -1 EAGAIN (Try again)
13902 1783915522.921944 recvfrom(48, 0x7d2a8bb020, 2272, MSG_DONTWAIT, NULL, NULL) = -1 EAGAIN (Try again)
13902 1783915522.923792 recvfrom(46, 0x7fc39867c0, 3200, MSG_DONTWAIT, NULL, NULL) = -1 EAGAIN (Try again)
13902 1783915522.936610 recvfrom(46, "nysv\0\0\0\0\0\0\0\0\0\0\0\0k\372\331\272\302\3\0\0B\303\3\0\0\0\0\0", 3200, MSG_DONTWAIT, NULL, NULL) = 32
13902 1783915522.937129 recvfrom(46, 0x7fc3986860, 3200, MSG_DONTWAIT, NULL, NULL) = -1 EAGAIN (Try again)
13902 1783915522.937607 recvfrom(48, 0x7d2a8bb020, 2272, MSG_DONTWAIT, NULL, NULL) = -1 EAGAIN (Try again)
13902 1783915522.937792 recvfrom(46, 0x7fc39867c0, 3200, MSG_DONTWAIT, NULL, NULL) = -1 EAGAIN (Try again)
13902 1783915522.953342 recvfrom(46, "nysv\0\0\0\0\0\0\0\0\0\0\0\0\304e\330\273\302\3\0\0C\303\3\0\0\0\0\0", 3200, MSG_DONTWAIT, NULL, NULL) = 32
13902 1783915522.953636 recvfrom(46, 0x7fc3986860, 3200, MSG_DONTWAIT, NULL, NULL) = -1 EAGAIN (Try again)
13902 1783915522.955580 recvfrom(48, 0x7d2a8bb020, 2272, MSG_DONTWAIT, NULL, NULL) = -1 EAGAIN (Try again)
13902 1783915522.955984 recvfrom(46, 0x7fc39867c0, 3200, MSG_DONTWAIT, NULL, NULL) = -1 EAGAIN (Try again)
13902 1783915522.970533 recvfrom(46, "nysv\0\0\0\0\0\0\0\0\0\0\0\0\341\257\326\274\302\3\0\0D\303\3\0\0\0\0\0", 3200, MSG_DONTWAIT, NULL, NULL) = 32
13902 1783915522.970805 recvfrom(46, 0x7fc3986860, 3200, MSG_DONTWAIT, NULL, NULL) = -1 EAGAIN (Try again)
13902 1783915522.973664 recvfrom(48, 0x7d2a8bb020, 2272, MSG_DONTWAIT, NULL, NULL) = -1 EAGAIN (Try again)
13902 1783915522.974224 recvfrom(46, 0x7fc39867c0, 3200, MSG_DONTWAIT, NULL, NULL) = -1 EAGAIN (Try again)
13902 1783915522.986555 recvfrom(46, "nysv\0\0\0\0\0\0\0\0\0\0\0\0S\36\325\275\302\3\0\0E\303\3\0\0\0\0\0", 3200, MSG_DONTWAIT, NULL, NULL) = 32
13902 1783915522.987080 recvfrom(46, 0x7fc3986860, 3200, MSG_DONTWAIT, NULL, NULL) = -1 EAGAIN (Try again)
13902 1783915522.988904 recvfrom(48, 0x7d2a8bb020, 2272, MSG_DONTWAIT, NULL, NULL) = -1 EAGAIN (Try again)
13902 1783915522.989455 recvfrom(46, 0x7fc39867c0, 3200, MSG_DONTWAIT, NULL, NULL) = -1 EAGAIN (Try again)
13902 1783915523.003506 recvfrom(46, "nysv\0\0\0\0\0\0\0\0\0\0\0\0\331r\323\276\302\3\0\0F\303\3\0\0\0\0\0", 3200, MSG_DONTWAIT, NULL, NULL) = 32
13902 1783915523.003914 recvfrom(46, 0x7fc3986860, 3200, MSG_DONTWAIT, NULL, NULL) = -1 EAGAIN (Try again)
13902 1783915523.004454 recvfrom(48, 0x7d2a8bb020, 2272, MSG_DONTWAIT, NULL, NULL) = -1 EAGAIN (Try again)
13902 1783915523.007890 recvfrom(46, 0x7fc3984a90, 3200, MSG_DONTWAIT, NULL, NULL) = -1 EAGAIN (Try again)
13902 1783915523.019951 recvfrom(46, "nysv\0\0\0\0\0\0\0\0\0\0\0\0\376\335\321\277\302\3\0\0G\303\3\0\0\0\0\0", 3200, MSG_DONTWAIT, NULL, NULL) = 32
13902 1783915523.020262 recvfrom(46, 0x7fc3986860, 3200, MSG_DONTWAIT, NULL, NULL) = -1 EAGAIN (Try again)
13902 1783915523.020645 recvfrom(48, 0x7d2a8bb020, 2272, MSG_DONTWAIT, NULL, NULL) = -1 EAGAIN (Try again)
13922 1783915523.760375 openat(AT_FDCWD, "/data/misc/profiles/cur/0/app.fedilab.nitterizeme/primary.prof", O_RDWR|O_NOFOLLOW|O_CLOEXEC) = 70
13922 1783915523.761593 newfstatat(AT_FDCWD, "/data/misc/profiles/cur/0/app.fedilab.nitterizeme/primary.prof", {st_mode=S_IFREG|0600, st_size=8703, ...}, 0) = 0
13902 1783915533.676594 recvfrom(48, "\2\0\0\0\0\0\0\0k\22\0\0\0\0\0\0\08\354:\305\3\0\0\1\0\0\0\2\20\0\0"..., 2272, MSG_DONTWAIT, NULL, NULL) = 232
13902 1783915533.677133 sendto(48, "\3\0\0\0\0\0\0\0k\22\0\0\1\0\0\0", 16, MSG_DONTWAIT|MSG_NOSIGNAL, NULL, 0) = 16
13902 1783915533.677329 recvfrom(48, 0x7d2a8bb020, 2272, MSG_DONTWAIT, NULL, NULL) = -1 EAGAIN (Try again)
13902 1783915533.677856 recvfrom(48, "\2\0\0\0\0\0\0\0m\22\0\0\0\0\0\0\08\354:\305\3\0\0\1\0\0\0\2\20\0\0"..., 2272, MSG_DONTWAIT, NULL, NULL) = 232
13902 1783915533.678217 sendto(48, "\3\0\0\0\0\0\0\0m\22\0\0\1\0\0\0", 16, MSG_DONTWAIT|MSG_NOSIGNAL, NULL, 0) = 16
13902 1783915533.678432 recvfrom(48, 0x7d2a8bb020, 2272, MSG_DONTWAIT, NULL, NULL) = -1 EAGAIN (Try again)
13902 1783915533.680396 recvfrom(46, 0x7fc3985d30, 3200, MSG_DONTWAIT, NULL, NULL) = -1 EAGAIN (Try again)
13938 1783915533.686249 sendmsg(68, {msg_name=NULL, msg_namelen=0, msg_iov=[{iov_base="l\1\1\1\370\0\0\0\234\1\0\0\235\0\0\0\1\1o\0;\0\0\0/re/frid"..., iov_len=424}], msg_iovlen=1, msg_controllen=0, msg_flags=0}, MSG_NOSIGNAL) = 424
13938 1783915533.693087 sendmsg(68, {msg_name=NULL, msg_namelen=0, msg_iov=[{iov_base="l\1\1\1\370\0\0\0\235\1\0\0\235\0\0\0\1\1o\0;\0\0\0/re/frid"..., iov_len=424}], msg_iovlen=1, msg_controllen=0, msg_flags=0}, MSG_NOSIGNAL) = 424
13938 1783915533.701313 sendmsg(68, {msg_name=NULL, msg_namelen=0, msg_iov=[{iov_base="l\1\1\1\370\0\0\0\236\1\0\0\235\0\0\0\1\1o\0;\0\0\0/re/frid"..., iov_len=424}], msg_iovlen=1, msg_controllen=0, msg_flags=0}, MSG_NOSIGNAL) = 424
13938 1783915533.707629 sendmsg(68, {msg_name=NULL, msg_namelen=0, msg_iov=[{iov_base="l\1\1\1\374\0\0\0\237\1\0\0\235\0\0\0\1\1o\0;\0\0\0/re/frid"..., iov_len=428}], msg_iovlen=1, msg_controllen=0, msg_flags=0}, MSG_NOSIGNAL) = 428
13938 1783915533.716491 sendmsg(68, {msg_name=NULL, msg_namelen=0, msg_iov=[{iov_base="l\1\1\1\374\0\0\0\240\1\0\0\235\0\0\0\1\1o\0;\0\0\0/re/frid"..., iov_len=428}], msg_iovlen=1, msg_controllen=0, msg_flags=0}, MSG_NOSIGNAL) = 428
13938 1783915533.723520 sendmsg(68, {msg_name=NULL, msg_namelen=0, msg_iov=[{iov_base="l\1\1\1\374\0\0\0\241\1\0\0\235\0\0\0\1\1o\0;\0\0\0/re/frid"..., iov_len=428}], msg_iovlen=1, msg_controllen=0, msg_flags=0}, MSG_NOSIGNAL) = 428
13938 1783915533.730118 sendmsg(68, {msg_name=NULL, msg_namelen=0, msg_iov=[{iov_base="l\1\1\1\370\0\0\0\242\1\0\0\235\0\0\0\1\1o\0;\0\0\0/re/frid"..., iov_len=424}], msg_iovlen=1, msg_controllen=0, msg_flags=0}, MSG_NOSIGNAL) = 424
13938 1783915533.736493 sendmsg(68, {msg_name=NULL, msg_namelen=0, msg_iov=[{iov_base="l\1\1\1\370\0\0\0\243\1\0\0\235\0\0\0\1\1o\0;\0\0\0/re/frid"..., iov_len=424}], msg_iovlen=1, msg_controllen=0, msg_flags=0}, MSG_NOSIGNAL) = 424
13938 1783915533.743820 sendmsg(68, {msg_name=NULL, msg_namelen=0, msg_iov=[{iov_base="l\1\1\1\370\0\0\0\244\1\0\0\235\0\0\0\1\1o\0;\0\0\0/re/frid"..., iov_len=424}], msg_iovlen=1, msg_controllen=0, msg_flags=0}, MSG_NOSIGNAL) = 424
13938 1783915533.751437 sendmsg(68, {msg_name=NULL, msg_namelen=0, msg_iov=[{iov_base="l\1\1\1\374\0\0\0\245\1\0\0\235\0\0\0\1\1o\0;\0\0\0/re/frid"..., iov_len=428}], msg_iovlen=1, msg_controllen=0, msg_flags=0}, MSG_NOSIGNAL) = 428
13938 1783915533.760090 sendmsg(68, {msg_name=NULL, msg_namelen=0, msg_iov=[{iov_base="l\1\1\1\374\0\0\0\246\1\0\0\235\0\0\0\1\1o\0;\0\0\0/re/frid"..., iov_len=428}], msg_iovlen=1, msg_controllen=0, msg_flags=0}, MSG_NOSIGNAL) = 428
13938 1783915533.765977 sendmsg(68, {msg_name=NULL, msg_namelen=0, msg_iov=[{iov_base="l\1\1\1\374\0\0\0\247\1\0\0\235\0\0\0\1\1o\0;\0\0\0/re/frid"..., iov_len=428}], msg_iovlen=1, msg_controllen=0, msg_flags=0}, MSG_NOSIGNAL) = 428
13938 1783915533.773613 sendmsg(68, {msg_name=NULL, msg_namelen=0, msg_iov=[{iov_base="l\1\1\1\370\0\0\0\250\1\0\0\235\0\0\0\1\1o\0;\0\0\0/re/frid"..., iov_len=424}], msg_iovlen=1, msg_controllen=0, msg_flags=0}, MSG_NOSIGNAL) = 424
13938 1783915533.780863 sendmsg(68, {msg_name=NULL, msg_namelen=0, msg_iov=[{iov_base="l\1\1\1\370\0\0\0\251\1\0\0\235\0\0\0\1\1o\0;\0\0\0/re/frid"..., iov_len=424}], msg_iovlen=1, msg_controllen=0, msg_flags=0}, MSG_NOSIGNAL) = 424
13938 1783915533.788548 sendmsg(68, {msg_name=NULL, msg_namelen=0, msg_iov=[{iov_base="l\1\1\1\370\0\0\0\252\1\0\0\235\0\0\0\1\1o\0;\0\0\0/re/frid"..., iov_len=424}], msg_iovlen=1, msg_controllen=0, msg_flags=0}, MSG_NOSIGNAL) = 424
13938 1783915533.795937 sendmsg(68, {msg_name=NULL, msg_namelen=0, msg_iov=[{iov_base="l\1\1\1\374\0\0\0\253\1\0\0\235\0\0\0\1\1o\0;\0\0\0/re/frid"..., iov_len=428}], msg_iovlen=1, msg_controllen=0, msg_flags=0}, MSG_NOSIGNAL) = 428
13938 1783915533.801898 sendmsg(68, {msg_name=NULL, msg_namelen=0, msg_iov=[{iov_base="l\1\1\1\374\0\0\0\254\1\0\0\235\0\0\0\1\1o\0;\0\0\0/re/frid"..., iov_len=428}], msg_iovlen=1, msg_controllen=0, msg_flags=0}, MSG_NOSIGNAL) = 428
13938 1783915533.810391 sendmsg(68, {msg_name=NULL, msg_namelen=0, msg_iov=[{iov_base="l\1\1\1\374\0\0\0\255\1\0\0\235\0\0\0\1\1o\0;\0\0\0/re/frid"..., iov_len=428}], msg_iovlen=1, msg_controllen=0, msg_flags=0}, MSG_NOSIGNAL) = 428
13938 1783915533.817549 sendmsg(68, {msg_name=NULL, msg_namelen=0, msg_iov=[{iov_base="l\1\1\1\370\0\0\0\256\1\0\0\235\0\0\0\1\1o\0;\0\0\0/re/frid"..., iov_len=424}], msg_iovlen=1, msg_controllen=0, msg_flags=0}, MSG_NOSIGNAL) = 424
13938 1783915533.824885 sendmsg(68, {msg_name=NULL, msg_namelen=0, msg_iov=[{iov_base="l\1\1\1\370\0\0\0\257\1\0\0\235\0\0\0\1\1o\0;\0\0\0/re/frid"..., iov_len=424}], msg_iovlen=1, msg_controllen=0, msg_flags=0}, MSG_NOSIGNAL) = 424
13938 1783915533.831023 sendmsg(68, {msg_name=NULL, msg_namelen=0, msg_iov=[{iov_base="l\1\1\1\370\0\0\0\260\1\0\0\235\0\0\0\1\1o\0;\0\0\0/re/frid"..., iov_len=424}], msg_iovlen=1, msg_controllen=0, msg_flags=0}, MSG_NOSIGNAL) = 424
13938 1783915533.837804 sendmsg(68, {msg_name=NULL, msg_namelen=0, msg_iov=[{iov_base="l\1\1\1\374\0\0\0\261\1\0\0\235\0\0\0\1\1o\0;\0\0\0/re/frid"..., iov_len=428}], msg_iovlen=1, msg_controllen=0, msg_flags=0}, MSG_NOSIGNAL) = 428
13938 1783915533.847332 sendmsg(68, {msg_name=NULL, msg_namelen=0, msg_iov=[{iov_base="l\1\1\1\374\0\0\0\262\1\0\0\235\0\0\0\1\1o\0;\0\0\0/re/frid"..., iov_len=428}], msg_iovlen=1, msg_controllen=0, msg_flags=0}, MSG_NOSIGNAL) = 428
13938 1783915533.852953 sendmsg(68, {msg_name=NULL, msg_namelen=0, msg_iov=[{iov_base="l\1\1\1\374\0\0\0\263\1\0\0\235\0\0\0\1\1o\0;\0\0\0/re/frid"..., iov_len=428}], msg_iovlen=1, msg_controllen=0, msg_flags=0}, MSG_NOSIGNAL) = 428
13938 1783915533.860643 sendmsg(68, {msg_name=NULL, msg_namelen=0, msg_iov=[{iov_base="l\1\1\1\370\0\0\0\264\1\0\0\235\0\0\0\1\1o\0;\0\0\0/re/frid"..., iov_len=424}], msg_iovlen=1, msg_controllen=0, msg_flags=0}, MSG_NOSIGNAL) = 424
13938 1783915533.866007 sendmsg(68, {msg_name=NULL, msg_namelen=0, msg_iov=[{iov_base="l\1\1\1\370\0\0\0\265\1\0\0\235\0\0\0\1\1o\0;\0\0\0/re/frid"..., iov_len=424}], msg_iovlen=1, msg_controllen=0, msg_flags=0}, MSG_NOSIGNAL) = 424
13938 1783915533.875351 sendmsg(68, {msg_name=NULL, msg_namelen=0, msg_iov=[{iov_base="l\1\1\1\370\0\0\0\266\1\0\0\235\0\0\0\1\1o\0;\0\0\0/re/frid"..., iov_len=424}], msg_iovlen=1, msg_controllen=0, msg_flags=0}, MSG_NOSIGNAL) = 424
13938 1783915533.881267 sendmsg(68, {msg_name=NULL, msg_namelen=0, msg_iov=[{iov_base="l\1\1\1\374\0\0\0\267\1\0\0\235\0\0\0\1\1o\0;\0\0\0/re/frid"..., iov_len=428}], msg_iovlen=1, msg_controllen=0, msg_flags=0}, MSG_NOSIGNAL) = 428
13938 1783915533.889967 sendmsg(68, {msg_name=NULL, msg_namelen=0, msg_iov=[{iov_base="l\1\1\1\374\0\0\0\270\1\0\0\235\0\0\0\1\1o\0;\0\0\0/re/frid"..., iov_len=428}], msg_iovlen=1, msg_controllen=0, msg_flags=0}, MSG_NOSIGNAL) = 428
13938 1783915533.897128 sendmsg(68, {msg_name=NULL, msg_namelen=0, msg_iov=[{iov_base="l\1\1\1\374\0\0\0\271\1\0\0\235\0\0\0\1\1o\0;\0\0\0/re/frid"..., iov_len=428}], msg_iovlen=1, msg_controllen=0, msg_flags=0}, MSG_NOSIGNAL) = 428
13938 1783915533.904970 sendmsg(68, {msg_name=NULL, msg_namelen=0, msg_iov=[{iov_base="l\1\1\1\370\0\0\0\272\1\0\0\235\0\0\0\1\1o\0;\0\0\0/re/frid"..., iov_len=424}], msg_iovlen=1, msg_controllen=0, msg_flags=0}, MSG_NOSIGNAL) = 424
13938 1783915533.912748 sendmsg(68, {msg_name=NULL, msg_namelen=0, msg_iov=[{iov_base="l\1\1\1\370\0\0\0\273\1\0\0\235\0\0\0\1\1o\0;\0\0\0/re/frid"..., iov_len=424}], msg_iovlen=1, msg_controllen=0, msg_flags=0}, MSG_NOSIGNAL) = 424
13938 1783915533.920373 sendmsg(68, {msg_name=NULL, msg_namelen=0, msg_iov=[{iov_base="l\1\1\1\370\0\0\0\274\1\0\0\235\0\0\0\1\1o\0;\0\0\0/re/frid"..., iov_len=424}], msg_iovlen=1, msg_controllen=0, msg_flags=0}, MSG_NOSIGNAL) = 424
13938 1783915533.927847 sendmsg(68, {msg_name=NULL, msg_namelen=0, msg_iov=[{iov_base="l\1\1\1\374\0\0\0\275\1\0\0\235\0\0\0\1\1o\0;\0\0\0/re/frid"..., iov_len=428}], msg_iovlen=1, msg_controllen=0, msg_flags=0}, MSG_NOSIGNAL) = 428
13938 1783915533.934851 sendmsg(68, {msg_name=NULL, msg_namelen=0, msg_iov=[{iov_base="l\1\1\1\374\0\0\0\276\1\0\0\235\0\0\0\1\1o\0;\0\0\0/re/frid"..., iov_len=428}], msg_iovlen=1, msg_controllen=0, msg_flags=0}, MSG_NOSIGNAL) = 428
13938 1783915533.942375 sendmsg(68, {msg_name=NULL, msg_namelen=0, msg_iov=[{iov_base="l\1\1\1\374\0\0\0\277\1\0\0\235\0\0\0\1\1o\0;\0\0\0/re/frid"..., iov_len=428}], msg_iovlen=1, msg_controllen=0, msg_flags=0}, MSG_NOSIGNAL) = 428
13938 1783915533.949643 sendmsg(68, {msg_name=NULL, msg_namelen=0, msg_iov=[{iov_base="l\1\1\1\370\0\0\0\300\1\0\0\235\0\0\0\1\1o\0;\0\0\0/re/frid"..., iov_len=424}], msg_iovlen=1, msg_controllen=0, msg_flags=0}, MSG_NOSIGNAL) = 424
13938 1783915533.957668 sendmsg(68, {msg_name=NULL, msg_namelen=0, msg_iov=[{iov_base="l\1\1\1\370\0\0\0\301\1\0\0\235\0\0\0\1\1o\0;\0\0\0/re/frid"..., iov_len=424}], msg_iovlen=1, msg_controllen=0, msg_flags=0}, MSG_NOSIGNAL) = 424
13938 1783915533.967597 sendmsg(68, {msg_name=NULL, msg_namelen=0, msg_iov=[{iov_base="l\1\1\1\370\0\0\0\302\1\0\0\235\0\0\0\1\1o\0;\0\0\0/re/frid"..., iov_len=424}], msg_iovlen=1, msg_controllen=0, msg_flags=0}, MSG_NOSIGNAL) = 424
13938 1783915533.973423 sendmsg(68, {msg_name=NULL, msg_namelen=0, msg_iov=[{iov_base="l\1\1\1\374\0\0\0\303\1\0\0\235\0\0\0\1\1o\0;\0\0\0/re/frid"..., iov_len=428}], msg_iovlen=1, msg_controllen=0, msg_flags=0}, MSG_NOSIGNAL) = 428
13938 1783915533.979767 sendmsg(68, {msg_name=NULL, msg_namelen=0, msg_iov=[{iov_base="l\1\1\1\374\0\0\0\304\1\0\0\235\0\0\0\1\1o\0;\0\0\0/re/frid"..., iov_len=428}], msg_iovlen=1, msg_controllen=0, msg_flags=0}, MSG_NOSIGNAL) = 428
13938 1783915533.989149 sendmsg(68, {msg_name=NULL, msg_namelen=0, msg_iov=[{iov_base="l\1\1\1\374\0\0\0\305\1\0\0\235\0\0\0\1\1o\0;\0\0\0/re/frid"..., iov_len=428}], msg_iovlen=1, msg_controllen=0, msg_flags=0}, MSG_NOSIGNAL) = 428
13938 1783915533.995173 sendmsg(68, {msg_name=NULL, msg_namelen=0, msg_iov=[{iov_base="l\1\1\1\370\0\0\0\306\1\0\0\235\0\0\0\1\1o\0;\0\0\0/re/frid"..., iov_len=424}], msg_iovlen=1, msg_controllen=0, msg_flags=0}, MSG_NOSIGNAL) = 424
13938 1783915534.003947 sendmsg(68, {msg_name=NULL, msg_namelen=0, msg_iov=[{iov_base="l\1\1\1\370\0\0\0\307\1\0\0\235\0\0\0\1\1o\0;\0\0\0/re/frid"..., iov_len=424}], msg_iovlen=1, msg_controllen=0, msg_flags=0}, MSG_NOSIGNAL) = 424
13938 1783915534.011928 sendmsg(68, {msg_name=NULL, msg_namelen=0, msg_iov=[{iov_base="l\1\1\1\370\0\0\0\310\1\0\0\235\0\0\0\1\1o\0;\0\0\0/re/frid"..., iov_len=424}], msg_iovlen=1, msg_controllen=0, msg_flags=0}, MSG_NOSIGNAL) = 424
13938 1783915534.018003 sendmsg(68, {msg_name=NULL, msg_namelen=0, msg_iov=[{iov_base="l\1\1\1\374\0\0\0\311\1\0\0\235\0\0\0\1\1o\0;\0\0\0/re/frid"..., iov_len=428}], msg_iovlen=1, msg_controllen=0, msg_flags=0}, MSG_NOSIGNAL) = 428
13938 1783915534.025436 sendmsg(68, {msg_name=NULL, msg_namelen=0, msg_iov=[{iov_base="l\1\1\1\374\0\0\0\312\1\0\0\235\0\0\0\1\1o\0;\0\0\0/re/frid"..., iov_len=428}], msg_iovlen=1, msg_controllen=0, msg_flags=0}, MSG_NOSIGNAL) = 428
13938 1783915534.033482 sendmsg(68, {msg_name=NULL, msg_namelen=0, msg_iov=[{iov_base="l\1\1\1\374\0\0\0\313\1\0\0\235\0\0\0\1\1o\0;\0\0\0/re/frid"..., iov_len=428}], msg_iovlen=1, msg_controllen=0, msg_flags=0}, MSG_NOSIGNAL) = 428
13938 1783915534.040105 sendmsg(68, {msg_name=NULL, msg_namelen=0, msg_iov=[{iov_base="l\1\1\1\370\0\0\0\314\1\0\0\235\0\0\0\1\1o\0;\0\0\0/re/frid"..., iov_len=424}], msg_iovlen=1, msg_controllen=0, msg_flags=0}, MSG_NOSIGNAL) = 424
13938 1783915534.049408 sendmsg(68, {msg_name=NULL, msg_namelen=0, msg_iov=[{iov_base="l\1\1\1\370\0\0\0\315\1\0\0\235\0\0\0\1\1o\0;\0\0\0/re/frid"..., iov_len=424}], msg_iovlen=1, msg_controllen=0, msg_flags=0}, MSG_NOSIGNAL) = 424
13938 1783915534.055706 sendmsg(68, {msg_name=NULL, msg_namelen=0, msg_iov=[{iov_base="l\1\1\1\370\0\0\0\316\1\0\0\235\0\0\0\1\1o\0;\0\0\0/re/frid"..., iov_len=424}], msg_iovlen=1, msg_controllen=0, msg_flags=0}, MSG_NOSIGNAL) = 424
13938 1783915534.063699 sendmsg(68, {msg_name=NULL, msg_namelen=0, msg_iov=[{iov_base="l\1\1\1\374\0\0\0\317\1\0\0\235\0\0\0\1\1o\0;\0\0\0/re/frid"..., iov_len=428}], msg_iovlen=1, msg_controllen=0, msg_flags=0}, MSG_NOSIGNAL) = 428
13938 1783915534.071848 sendmsg(68, {msg_name=NULL, msg_namelen=0, msg_iov=[{iov_base="l\1\1\1\374\0\0\0\320\1\0\0\235\0\0\0\1\1o\0;\0\0\0/re/frid"..., iov_len=428}], msg_iovlen=1, msg_controllen=0, msg_flags=0}, MSG_NOSIGNAL) = 428
13938 1783915534.079263 sendmsg(68, {msg_name=NULL, msg_namelen=0, msg_iov=[{iov_base="l\1\1\1\374\0\0\0\321\1\0\0\235\0\0\0\1\1o\0;\0\0\0/re/frid"..., iov_len=428}], msg_iovlen=1, msg_controllen=0, msg_flags=0}, MSG_NOSIGNAL) = 428
13938 1783915534.086820 sendmsg(68, {msg_name=NULL, msg_namelen=0, msg_iov=[{iov_base="l\1\1\1\370\0\0\0\322\1\0\0\235\0\0\0\1\1o\0;\0\0\0/re/frid"..., iov_len=424}], msg_iovlen=1, msg_controllen=0, msg_flags=0}, MSG_NOSIGNAL) = 424
13938 1783915534.093835 sendmsg(68, {msg_name=NULL, msg_namelen=0, msg_iov=[{iov_base="l\1\1\1\370\0\0\0\323\1\0\0\235\0\0\0\1\1o\0;\0\0\0/re/frid"..., iov_len=424}], msg_iovlen=1, msg_controllen=0, msg_flags=0}, MSG_NOSIGNAL) = 424
13938 1783915534.105177 sendmsg(68, {msg_name=NULL, msg_namelen=0, msg_iov=[{iov_base="l\1\1\1\370\0\0\0\324\1\0\0\235\0\0\0\1\1o\0;\0\0\0/re/frid"..., iov_len=424}], msg_iovlen=1, msg_controllen=0, msg_flags=0}, MSG_NOSIGNAL) = 424
13938 1783915534.111748 sendmsg(68, {msg_name=NULL, msg_namelen=0, msg_iov=[{iov_base="l\1\1\1\374\0\0\0\325\1\0\0\235\0\0\0\1\1o\0;\0\0\0/re/frid"..., iov_len=428}], msg_iovlen=1, msg_controllen=0, msg_flags=0}, MSG_NOSIGNAL) = 428
13938 1783915534.117648 sendmsg(68, {msg_name=NULL, msg_namelen=0, msg_iov=[{iov_base="l\1\1\1\374\0\0\0\326\1\0\0\235\0\0\0\1\1o\0;\0\0\0/re/frid"..., iov_len=428}], msg_iovlen=1, msg_controllen=0, msg_flags=0}, MSG_NOSIGNAL) = 428
13938 1783915534.125851 sendmsg(68, {msg_name=NULL, msg_namelen=0, msg_iov=[{iov_base="l\1\1\1\374\0\0\0\327\1\0\0\235\0\0\0\1\1o\0;\0\0\0/re/frid"..., iov_len=428}], msg_iovlen=1, msg_controllen=0, msg_flags=0}, MSG_NOSIGNAL) = 428
13938 1783915534.132419 sendmsg(68, {msg_name=NULL, msg_namelen=0, msg_iov=[{iov_base="l\1\1\1\370\0\0\0\330\1\0\0\235\0\0\0\1\1o\0;\0\0\0/re/frid"..., iov_len=424}], msg_iovlen=1, msg_controllen=0, msg_flags=0}, MSG_NOSIGNAL) = 424
13938 1783915534.140759 sendmsg(68, {msg_name=NULL, msg_namelen=0, msg_iov=[{iov_base="l\1\1\1\370\0\0\0\331\1\0\0\235\0\0\0\1\1o\0;\0\0\0/re/frid"..., iov_len=424}], msg_iovlen=1, msg_controllen=0, msg_flags=0}, MSG_NOSIGNAL) = 424
13938 1783915534.147582 sendmsg(68, {msg_name=NULL, msg_namelen=0, msg_iov=[{iov_base="l\1\1\1\370\0\0\0\332\1\0\0\235\0\0\0\1\1o\0;\0\0\0/re/frid"..., iov_len=424}], msg_iovlen=1, msg_controllen=0, msg_flags=0}, MSG_NOSIGNAL) = 424
13938 1783915534.154635 sendmsg(68, {msg_name=NULL, msg_namelen=0, msg_iov=[{iov_base="l\1\1\1\374\0\0\0\333\1\0\0\235\0\0\0\1\1o\0;\0\0\0/re/frid"..., iov_len=428}], msg_iovlen=1, msg_controllen=0, msg_flags=0}, MSG_NOSIGNAL) = 428
13938 1783915534.162837 sendmsg(68, {msg_name=NULL, msg_namelen=0, msg_iov=[{iov_base="l\1\1\1\374\0\0\0\334\1\0\0\235\0\0\0\1\1o\0;\0\0\0/re/frid"..., iov_len=428}], msg_iovlen=1, msg_controllen=0, msg_flags=0}, MSG_NOSIGNAL) = 428
13938 1783915534.169707 sendmsg(68, {msg_name=NULL, msg_namelen=0, msg_iov=[{iov_base="l\1\1\1\374\0\0\0\335\1\0\0\235\0\0\0\1\1o\0;\0\0\0/re/frid"..., iov_len=428}], msg_iovlen=1, msg_controllen=0, msg_flags=0}, MSG_NOSIGNAL) = 428
13938 1783915534.176982 sendmsg(68, {msg_name=NULL, msg_namelen=0, msg_iov=[{iov_base="l\1\1\1\370\0\0\0\336\1\0\0\235\0\0\0\1\1o\0;\0\0\0/re/frid"..., iov_len=424}], msg_iovlen=1, msg_controllen=0, msg_flags=0}, MSG_NOSIGNAL) = 424
13938 1783915534.183060 sendmsg(68, {msg_name=NULL, msg_namelen=0, msg_iov=[{iov_base="l\1\1\1\370\0\0\0\337\1\0\0\235\0\0\0\1\1o\0;\0\0\0/re/frid"..., iov_len=424}], msg_iovlen=1, msg_controllen=0, msg_flags=0}, MSG_NOSIGNAL) = 424
13938 1783915534.189568 sendmsg(68, {msg_name=NULL, msg_namelen=0, msg_iov=[{iov_base="l\1\1\1\370\0\0\0\340\1\0\0\235\0\0\0\1\1o\0;\0\0\0/re/frid"..., iov_len=424}], msg_iovlen=1, msg_controllen=0, msg_flags=0}, MSG_NOSIGNAL) = 424
13938 1783915534.195773 sendmsg(68, {msg_name=NULL, msg_namelen=0, msg_iov=[{iov_base="l\1\1\1\374\0\0\0\341\1\0\0\235\0\0\0\1\1o\0;\0\0\0/re/frid"..., iov_len=428}], msg_iovlen=1, msg_controllen=0, msg_flags=0}, MSG_NOSIGNAL) = 428
13938 1783915534.203300 sendmsg(68, {msg_name=NULL, msg_namelen=0, msg_iov=[{iov_base="l\1\1\1\374\0\0\0\342\1\0\0\235\0\0\0\1\1o\0;\0\0\0/re/frid"..., iov_len=428}], msg_iovlen=1, msg_controllen=0, msg_flags=0}, MSG_NOSIGNAL) = 428
13938 1783915534.209546 sendmsg(68, {msg_name=NULL, msg_namelen=0, msg_iov=[{iov_base="l\1\1\1\374\0\0\0\343\1\0\0\235\0\0\0\1\1o\0;\0\0\0/re/frid"..., iov_len=428}], msg_iovlen=1, msg_controllen=0, msg_flags=0}, MSG_NOSIGNAL) = 428
13938 1783915534.217709 sendmsg(68, {msg_name=NULL, msg_namelen=0, msg_iov=[{iov_base="l\1\1\1\370\0\0\0\344\1\0\0\235\0\0\0\1\1o\0;\0\0\0/re/frid"..., iov_len=424}], msg_iovlen=1, msg_controllen=0, msg_flags=0}, MSG_NOSIGNAL) = 424
13938 1783915534.224770 sendmsg(68, {msg_name=NULL, msg_namelen=0, msg_iov=[{iov_base="l\1\1\1\370\0\0\0\345\1\0\0\235\0\0\0\1\1o\0;\0\0\0/re/frid"..., iov_len=424}], msg_iovlen=1, msg_controllen=0, msg_flags=0}, MSG_NOSIGNAL) = 424
13938 1783915534.231562 sendmsg(68, {msg_name=NULL, msg_namelen=0, msg_iov=[{iov_base="l\1\1\1\370\0\0\0\346\1\0\0\235\0\0\0\1\1o\0;\0\0\0/re/frid"..., iov_len=424}], msg_iovlen=1, msg_controllen=0, msg_flags=0}, MSG_NOSIGNAL) = 424
13938 1783915534.240102 sendmsg(68, {msg_name=NULL, msg_namelen=0, msg_iov=[{iov_base="l\1\1\1\374\0\0\0\347\1\0\0\235\0\0\0\1\1o\0;\0\0\0/re/frid"..., iov_len=428}], msg_iovlen=1, msg_controllen=0, msg_flags=0}, MSG_NOSIGNAL) = 428
13938 1783915534.246945 sendmsg(68, {msg_name=NULL, msg_namelen=0, msg_iov=[{iov_base="l\1\1\1\374\0\0\0\350\1\0\0\235\0\0\0\1\1o\0;\0\0\0/re/frid"..., iov_len=428}], msg_iovlen=1, msg_controllen=0, msg_flags=0}, MSG_NOSIGNAL) = 428
13938 1783915534.255538 sendmsg(68, {msg_name=NULL, msg_namelen=0, msg_iov=[{iov_base="l\1\1\1\374\0\0\0\351\1\0\0\235\0\0\0\1\1o\0;\0\0\0/re/frid"..., iov_len=428}], msg_iovlen=1, msg_controllen=0, msg_flags=0}, MSG_NOSIGNAL) = 428
13938 1783915534.261358 sendmsg(68, {msg_name=NULL, msg_namelen=0, msg_iov=[{iov_base="l\1\1\1\370\0\0\0\352\1\0\0\235\0\0\0\1\1o\0;\0\0\0/re/frid"..., iov_len=424}], msg_iovlen=1, msg_controllen=0, msg_flags=0}, MSG_NOSIGNAL) = 424
13938 1783915534.268554 sendmsg(68, {msg_name=NULL, msg_namelen=0, msg_iov=[{iov_base="l\1\1\1\370\0\0\0\353\1\0\0\235\0\0\0\1\1o\0;\0\0\0/re/frid"..., iov_len=424}], msg_iovlen=1, msg_controllen=0, msg_flags=0}, MSG_NOSIGNAL) = 424
13938 1783915534.276231 sendmsg(68, {msg_name=NULL, msg_namelen=0, msg_iov=[{iov_base="l\1\1\1\370\0\0\0\354\1\0\0\235\0\0\0\1\1o\0;\0\0\0/re/frid"..., iov_len=424}], msg_iovlen=1, msg_controllen=0, msg_flags=0}, MSG_NOSIGNAL) = 424
13938 1783915534.282580 sendmsg(68, {msg_name=NULL, msg_namelen=0, msg_iov=[{iov_base="l\1\1\1\374\0\0\0\355\1\0\0\235\0\0\0\1\1o\0;\0\0\0/re/frid"..., iov_len=428}], msg_iovlen=1, msg_controllen=0, msg_flags=0}, MSG_NOSIGNAL) = 428
13938 1783915534.289892 sendmsg(68, {msg_name=NULL, msg_namelen=0, msg_iov=[{iov_base="l\1\1\1\374\0\0\0\356\1\0\0\235\0\0\0\1\1o\0;\0\0\0/re/frid"..., iov_len=428}], msg_iovlen=1, msg_controllen=0, msg_flags=0}, MSG_NOSIGNAL) = 428
13938 1783915534.295526 sendmsg(68, {msg_name=NULL, msg_namelen=0, msg_iov=[{iov_base="l\1\1\1\374\0\0\0\357\1\0\0\235\0\0\0\1\1o\0;\0\0\0/re/frid"..., iov_len=428}], msg_iovlen=1, msg_controllen=0, msg_flags=0}, MSG_NOSIGNAL) = 428
13938 1783915534.303684 sendmsg(68, {msg_name=NULL, msg_namelen=0, msg_iov=[{iov_base="l\1\1\1\370\0\0\0\360\1\0\0\235\0\0\0\1\1o\0;\0\0\0/re/frid"..., iov_len=424}], msg_iovlen=1, msg_controllen=0, msg_flags=0}, MSG_NOSIGNAL) = 424
13938 1783915534.311443 sendmsg(68, {msg_name=NULL, msg_namelen=0, msg_iov=[{iov_base="l\1\1\1\370\0\0\0\361\1\0\0\235\0\0\0\1\1o\0;\0\0\0/re/frid"..., iov_len=424}], msg_iovlen=1, msg_controllen=0, msg_flags=0}, MSG_NOSIGNAL) = 424
13938 1783915534.317856 sendmsg(68, {msg_name=NULL, msg_namelen=0, msg_iov=[{iov_base="l\1\1\1\370\0\0\0\362\1\0\0\235\0\0\0\1\1o\0;\0\0\0/re/frid"..., iov_len=424}], msg_iovlen=1, msg_controllen=0, msg_flags=0}, MSG_NOSIGNAL) = 424
13938 1783915534.326337 sendmsg(68, {msg_name=NULL, msg_namelen=0, msg_iov=[{iov_base="l\1\1\1\374\0\0\0\363\1\0\0\235\0\0\0\1\1o\0;\0\0\0/re/frid"..., iov_len=428}], msg_iovlen=1, msg_controllen=0, msg_flags=0}, MSG_NOSIGNAL) = 428
13938 1783915534.332465 sendmsg(68, {msg_name=NULL, msg_namelen=0, msg_iov=[{iov_base="l\1\1\1\374\0\0\0\364\1\0\0\235\0\0\0\1\1o\0;\0\0\0/re/frid"..., iov_len=428}], msg_iovlen=1, msg_controllen=0, msg_flags=0}, MSG_NOSIGNAL) = 428
13938 1783915534.340399 sendmsg(68, {msg_name=NULL, msg_namelen=0, msg_iov=[{iov_base="l\1\1\1\374\0\0\0\365\1\0\0\235\0\0\0\1\1o\0;\0\0\0/re/frid"..., iov_len=428}], msg_iovlen=1, msg_controllen=0, msg_flags=0}, MSG_NOSIGNAL) = 428
13938 1783915534.348450 sendmsg(68, {msg_name=NULL, msg_namelen=0, msg_iov=[{iov_base="l\1\1\1\370\0\0\0\366\1\0\0\235\0\0\0\1\1o\0;\0\0\0/re/frid"..., iov_len=424}], msg_iovlen=1, msg_controllen=0, msg_flags=0}, MSG_NOSIGNAL) = 424
13938 1783915534.355243 sendmsg(68, {msg_name=NULL, msg_namelen=0, msg_iov=[{iov_base="l\1\1\1\370\0\0\0\367\1\0\0\235\0\0\0\1\1o\0;\0\0\0/re/frid"..., iov_len=424}], msg_iovlen=1, msg_controllen=0, msg_flags=0}, MSG_NOSIGNAL) = 424
13938 1783915534.360673 sendmsg(68, {msg_name=NULL, msg_namelen=0, msg_iov=[{iov_base="l\1\1\1\370\0\0\0\370\1\0\0\235\0\0\0\1\1o\0;\0\0\0/re/frid"..., iov_len=424}], msg_iovlen=1, msg_controllen=0, msg_flags=0}, MSG_NOSIGNAL) = 424
13938 1783915534.367543 sendmsg(68, {msg_name=NULL, msg_namelen=0, msg_iov=[{iov_base="l\1\1\1\374\0\0\0\371\1\0\0\235\0\0\0\1\1o\0;\0\0\0/re/frid"..., iov_len=428}], msg_iovlen=1, msg_controllen=0, msg_flags=0}, MSG_NOSIGNAL) = 428
13938 1783915534.374027 sendmsg(68, {msg_name=NULL, msg_namelen=0, msg_iov=[{iov_base="l\1\1\1\374\0\0\0\372\1\0\0\235\0\0\0\1\1o\0;\0\0\0/re/frid"..., iov_len=428}], msg_iovlen=1, msg_controllen=0, msg_flags=0}, MSG_NOSIGNAL) = 428
13938 1783915534.379482 sendmsg(68, {msg_name=NULL, msg_namelen=0, msg_iov=[{iov_base="l\1\1\1\374\0\0\0\373\1\0\0\235\0\0\0\1\1o\0;\0\0\0/re/frid"..., iov_len=428}], msg_iovlen=1, msg_controllen=0, msg_flags=0}, MSG_NOSIGNAL) = 428
13938 1783915534.387789 sendmsg(68, {msg_name=NULL, msg_namelen=0, msg_iov=[{iov_base="l\1\1\1\370\0\0\0\374\1\0\0\235\0\0\0\1\1o\0;\0\0\0/re/frid"..., iov_len=424}], msg_iovlen=1, msg_controllen=0, msg_flags=0}, MSG_NOSIGNAL) = 424
13938 1783915534.393744 sendmsg(68, {msg_name=NULL, msg_namelen=0, msg_iov=[{iov_base="l\1\1\1\370\0\0\0\375\1\0\0\235\0\0\0\1\1o\0;\0\0\0/re/frid"..., iov_len=424}], msg_iovlen=1, msg_controllen=0, msg_flags=0}, MSG_NOSIGNAL) = 424
13938 1783915534.401791 sendmsg(68, {msg_name=NULL, msg_namelen=0, msg_iov=[{iov_base="l\1\1\1\370\0\0\0\376\1\0\0\235\0\0\0\1\1o\0;\0\0\0/re/frid"..., iov_len=424}], msg_iovlen=1, msg_controllen=0, msg_flags=0}, MSG_NOSIGNAL) = 424
13938 1783915534.409428 sendmsg(68, {msg_name=NULL, msg_namelen=0, msg_iov=[{iov_base="l\1\1\1\374\0\0\0\377\1\0\0\235\0\0\0\1\1o\0;\0\0\0/re/frid"..., iov_len=428}], msg_iovlen=1, msg_controllen=0, msg_flags=0}, MSG_NOSIGNAL) = 428
13938 1783915534.416111 sendmsg(68, {msg_name=NULL, msg_namelen=0, msg_iov=[{iov_base="l\1\1\1\374\0\0\0\0\2\0\0\235\0\0\0\1\1o\0;\0\0\0/re/frid"..., iov_len=428}], msg_iovlen=1, msg_controllen=0, msg_flags=0}, MSG_NOSIGNAL) = 428
13938 1783915534.424678 sendmsg(68, {msg_name=NULL, msg_namelen=0, msg_iov=[{iov_base="l\1\1\1\374\0\0\0\1\2\0\0\235\0\0\0\1\1o\0;\0\0\0/re/frid"..., iov_len=428}], msg_iovlen=1, msg_controllen=0, msg_flags=0}, MSG_NOSIGNAL) = 428
13902 1783915534.426549 recvfrom(46, "nysv\0\0\0\0\0\0\0\0\0\0\0\0\236\307\214;\305\3\0\0\306\305\3\0\0\0\0\0", 3200, MSG_DONTWAIT, NULL, NULL) = 32
13902 1783915534.426714 recvfrom(46, 0x7fc3986860, 3200, MSG_DONTWAIT, NULL, NULL) = -1 EAGAIN (Try again)
13902 1783915534.427215 recvfrom(48, 0x7d2a8bb020, 2272, MSG_DONTWAIT, NULL, NULL) = -1 EAGAIN (Try again)
13902 1783915534.427400 recvfrom(46, 0x7fc39867c0, 3200, MSG_DONTWAIT, NULL, NULL) = -1 EAGAIN (Try again)
13938 1783915534.435942 sendmsg(68, {msg_name=NULL, msg_namelen=0, msg_iov=[{iov_base="l\1\1\1\370\0\0\0\2\2\0\0\235\0\0\0\1\1o\0;\0\0\0/re/frid"..., iov_len=424}], msg_iovlen=1, msg_controllen=0, msg_flags=0}, MSG_NOSIGNAL) = 424
13938 1783915534.444737 sendmsg(68, {msg_name=NULL, msg_namelen=0, msg_iov=[{iov_base="l\1\1\1\370\0\0\0\3\2\0\0\235\0\0\0\1\1o\0;\0\0\0/re/frid"..., iov_len=424}], msg_iovlen=1, msg_controllen=0, msg_flags=0}, MSG_NOSIGNAL) = 424
13938 1783915534.451830 sendmsg(68, {msg_name=NULL, msg_namelen=0, msg_iov=[{iov_base="l\1\1\1\370\0\0\0\4\2\0\0\235\0\0\0\1\1o\0;\0\0\0/re/frid"..., iov_len=424}], msg_iovlen=1, msg_controllen=0, msg_flags=0}, MSG_NOSIGNAL) = 424
13938 1783915534.459301 sendmsg(68, {msg_name=NULL, msg_namelen=0, msg_iov=[{iov_base="l\1\1\1\374\0\0\0\5\2\0\0\235\0\0\0\1\1o\0;\0\0\0/re/frid"..., iov_len=428}], msg_iovlen=1, msg_controllen=0, msg_flags=0}, MSG_NOSIGNAL) = 428
13938 1783915534.467686 sendmsg(68, {msg_name=NULL, msg_namelen=0, msg_iov=[{iov_base="l\1\1\1\374\0\0\0\6\2\0\0\235\0\0\0\1\1o\0;\0\0\0/re/frid"..., iov_len=428}], msg_iovlen=1, msg_controllen=0, msg_flags=0}, MSG_NOSIGNAL) = 428
13938 1783915534.474135 sendmsg(68, {msg_name=NULL, msg_namelen=0, msg_iov=[{iov_base="l\1\1\1\374\0\0\0\7\2\0\0\235\0\0\0\1\1o\0;\0\0\0/re/frid"..., iov_len=428}], msg_iovlen=1, msg_controllen=0, msg_flags=0}, MSG_NOSIGNAL) = 428
13938 1783915534.482109 sendmsg(68, {msg_name=NULL, msg_namelen=0, msg_iov=[{iov_base="l\1\1\1\370\0\0\0\10\2\0\0\235\0\0\0\1\1o\0;\0\0\0/re/frid"..., iov_len=424}], msg_iovlen=1, msg_controllen=0, msg_flags=0}, MSG_NOSIGNAL) = 424
13938 1783915534.495537 sendmsg(68, {msg_name=NULL, msg_namelen=0, msg_iov=[{iov_base="l\1\1\1\370\0\0\0\t\2\0\0\235\0\0\0\1\1o\0;\0\0\0/re/frid"..., iov_len=424}], msg_iovlen=1, msg_controllen=0, msg_flags=0}, MSG_NOSIGNAL) = 424
13938 1783915534.504013 sendmsg(68, {msg_name=NULL, msg_namelen=0, msg_iov=[{iov_base="l\1\1\1\370\0\0\0\n\2\0\0\235\0\0\0\1\1o\0;\0\0\0/re/frid"..., iov_len=424}], msg_iovlen=1, msg_controllen=0, msg_flags=0}, MSG_NOSIGNAL) = 424
13938 1783915534.512069 sendmsg(68, {msg_name=NULL, msg_namelen=0, msg_iov=[{iov_base="l\1\1\1\374\0\0\0\v\2\0\0\235\0\0\0\1\1o\0;\0\0\0/re/frid"..., iov_len=428}], msg_iovlen=1, msg_controllen=0, msg_flags=0}, MSG_NOSIGNAL) = 428
13938 1783915534.519273 sendmsg(68, {msg_name=NULL, msg_namelen=0, msg_iov=[{iov_base="l\1\1\1\374\0\0\0\f\2\0\0\235\0\0\0\1\1o\0;\0\0\0/re/frid"..., iov_len=428}], msg_iovlen=1, msg_controllen=0, msg_flags=0}, MSG_NOSIGNAL) = 428
13938 1783915534.526714 sendmsg(68, {msg_name=NULL, msg_namelen=0, msg_iov=[{iov_base="l\1\1\1\374\0\0\0\r\2\0\0\235\0\0\0\1\1o\0;\0\0\0/re/frid"..., iov_len=428}], msg_iovlen=1, msg_controllen=0, msg_flags=0}, MSG_NOSIGNAL) = 428
13938 1783915534.535468 sendmsg(68, {msg_name=NULL, msg_namelen=0, msg_iov=[{iov_base="l\1\1\1\370\0\0\0\16\2\0\0\235\0\0\0\1\1o\0;\0\0\0/re/frid"..., iov_len=424}], msg_iovlen=1, msg_controllen=0, msg_flags=0}, MSG_NOSIGNAL) = 424
13938 1783915534.543390 sendmsg(68, {msg_name=NULL, msg_namelen=0, msg_iov=[{iov_base="l\1\1\1\370\0\0\0\17\2\0\0\235\0\0\0\1\1o\0;\0\0\0/re/frid"..., iov_len=424}], msg_iovlen=1, msg_controllen=0, msg_flags=0}, MSG_NOSIGNAL) = 424
13938 1783915534.550585 sendmsg(68, {msg_name=NULL, msg_namelen=0, msg_iov=[{iov_base="l\1\1\1\370\0\0\0\20\2\0\0\235\0\0\0\1\1o\0;\0\0\0/re/frid"..., iov_len=424}], msg_iovlen=1, msg_controllen=0, msg_flags=0}, MSG_NOSIGNAL) = 424
13938 1783915534.557180 sendmsg(68, {msg_name=NULL, msg_namelen=0, msg_iov=[{iov_base="l\1\1\1\374\0\0\0\21\2\0\0\235\0\0\0\1\1o\0;\0\0\0/re/frid"..., iov_len=428}], msg_iovlen=1, msg_controllen=0, msg_flags=0}, MSG_NOSIGNAL) = 428
13938 1783915534.564475 sendmsg(68, {msg_name=NULL, msg_namelen=0, msg_iov=[{iov_base="l\1\1\1\374\0\0\0\22\2\0\0\235\0\0\0\1\1o\0;\0\0\0/re/frid"..., iov_len=428}], msg_iovlen=1, msg_controllen=0, msg_flags=0}, MSG_NOSIGNAL) = 428
13938 1783915534.571192 sendmsg(68, {msg_name=NULL, msg_namelen=0, msg_iov=[{iov_base="l\1\1\1\374\0\0\0\23\2\0\0\235\0\0\0\1\1o\0;\0\0\0/re/frid"..., iov_len=428}], msg_iovlen=1, msg_controllen=0, msg_flags=0}, MSG_NOSIGNAL) = 428
13938 1783915534.577052 sendmsg(68, {msg_name=NULL, msg_namelen=0, msg_iov=[{iov_base="l\1\1\1\370\0\0\0\24\2\0\0\235\0\0\0\1\1o\0;\0\0\0/re/frid"..., iov_len=424}], msg_iovlen=1, msg_controllen=0, msg_flags=0}, MSG_NOSIGNAL) = 424
13938 1783915534.584507 sendmsg(68, {msg_name=NULL, msg_namelen=0, msg_iov=[{iov_base="l\1\1\1\370\0\0\0\25\2\0\0\235\0\0\0\1\1o\0;\0\0\0/re/frid"..., iov_len=424}], msg_iovlen=1, msg_controllen=0, msg_flags=0}, MSG_NOSIGNAL) = 424
13938 1783915534.591413 sendmsg(68, {msg_name=NULL, msg_namelen=0, msg_iov=[{iov_base="l\1\1\1\370\0\0\0\26\2\0\0\235\0\0\0\1\1o\0;\0\0\0/re/frid"..., iov_len=424}], msg_iovlen=1, msg_controllen=0, msg_flags=0}, MSG_NOSIGNAL) = 424
13938 1783915534.598688 sendmsg(68, {msg_name=NULL, msg_namelen=0, msg_iov=[{iov_base="l\1\1\1\374\0\0\0\27\2\0\0\235\0\0\0\1\1o\0;\0\0\0/re/frid"..., iov_len=428}], msg_iovlen=1, msg_controllen=0, msg_flags=0}, MSG_NOSIGNAL) = 428
13938 1783915534.606653 sendmsg(68, {msg_name=NULL, msg_namelen=0, msg_iov=[{iov_base="l\1\1\1\374\0\0\0\30\2\0\0\235\0\0\0\1\1o\0;\0\0\0/re/frid"..., iov_len=428}], msg_iovlen=1, msg_controllen=0, msg_flags=0}, MSG_NOSIGNAL) = 428
13938 1783915534.613454 sendmsg(68, {msg_name=NULL, msg_namelen=0, msg_iov=[{iov_base="l\1\1\1\374\0\0\0\31\2\0\0\235\0\0\0\1\1o\0;\0\0\0/re/frid"..., iov_len=428}], msg_iovlen=1, msg_controllen=0, msg_flags=0}, MSG_NOSIGNAL) = 428
13938 1783915534.625175 sendmsg(68, {msg_name=NULL, msg_namelen=0, msg_iov=[{iov_base="l\1\1\1\370\0\0\0\32\2\0\0\235\0\0\0\1\1o\0;\0\0\0/re/frid"..., iov_len=424}], msg_iovlen=1, msg_controllen=0, msg_flags=0}, MSG_NOSIGNAL) = 424
13938 1783915534.632992 sendmsg(68, {msg_name=NULL, msg_namelen=0, msg_iov=[{iov_base="l\1\1\1\370\0\0\0\33\2\0\0\235\0\0\0\1\1o\0;\0\0\0/re/frid"..., iov_len=424}], msg_iovlen=1, msg_controllen=0, msg_flags=0}, MSG_NOSIGNAL) = 424
13938 1783915534.642523 sendmsg(68, {msg_name=NULL, msg_namelen=0, msg_iov=[{iov_base="l\1\1\1\370\0\0\0\34\2\0\0\235\0\0\0\1\1o\0;\0\0\0/re/frid"..., iov_len=424}], msg_iovlen=1, msg_controllen=0, msg_flags=0}, MSG_NOSIGNAL) = 424
13938 1783915534.649557 sendmsg(68, {msg_name=NULL, msg_namelen=0, msg_iov=[{iov_base="l\1\1\1\374\0\0\0\35\2\0\0\235\0\0\0\1\1o\0;\0\0\0/re/frid"..., iov_len=428}], msg_iovlen=1, msg_controllen=0, msg_flags=0}, MSG_NOSIGNAL) = 428
13938 1783915534.655615 sendmsg(68, {msg_name=NULL, msg_namelen=0, msg_iov=[{iov_base="l\1\1\1\374\0\0\0\36\2\0\0\235\0\0\0\1\1o\0;\0\0\0/re/frid"..., iov_len=428}], msg_iovlen=1, msg_controllen=0, msg_flags=0}, MSG_NOSIGNAL) = 428
13938 1783915534.664122 sendmsg(68, {msg_name=NULL, msg_namelen=0, msg_iov=[{iov_base="l\1\1\1\374\0\0\0\37\2\0\0\235\0\0\0\1\1o\0;\0\0\0/re/frid"..., iov_len=428}], msg_iovlen=1, msg_controllen=0, msg_flags=0}, MSG_NOSIGNAL) = 428
13938 1783915534.670595 sendmsg(68, {msg_name=NULL, msg_namelen=0, msg_iov=[{iov_base="l\1\1\1\370\0\0\0 \2\0\0\235\0\0\0\1\1o\0;\0\0\0/re/frid"..., iov_len=424}], msg_iovlen=1, msg_controllen=0, msg_flags=0}, MSG_NOSIGNAL) = 424
13938 1783915534.678394 sendmsg(68, {msg_name=NULL, msg_namelen=0, msg_iov=[{iov_base="l\1\1\1\370\0\0\0!\2\0\0\235\0\0\0\1\1o\0;\0\0\0/re/frid"..., iov_len=424}], msg_iovlen=1, msg_controllen=0, msg_flags=0}, MSG_NOSIGNAL) = 424
13938 1783915534.686613 sendmsg(68, {msg_name=NULL, msg_namelen=0, msg_iov=[{iov_base="l\1\1\1\370\0\0\0\"\2\0\0\235\0\0\0\1\1o\0;\0\0\0/re/frid"..., iov_len=424}], msg_iovlen=1, msg_controllen=0, msg_flags=0}, MSG_NOSIGNAL) = 424
13938 1783915534.694589 sendmsg(68, {msg_name=NULL, msg_namelen=0, msg_iov=[{iov_base="l\1\1\1\374\0\0\0#\2\0\0\235\0\0\0\1\1o\0;\0\0\0/re/frid"..., iov_len=428}], msg_iovlen=1, msg_controllen=0, msg_flags=0}, MSG_NOSIGNAL) = 428
13938 1783915534.701065 sendmsg(68, {msg_name=NULL, msg_namelen=0, msg_iov=[{iov_base="l\1\1\1\374\0\0\0$\2\0\0\235\0\0\0\1\1o\0;\0\0\0/re/frid"..., iov_len=428}], msg_iovlen=1, msg_controllen=0, msg_flags=0}, MSG_NOSIGNAL) = 428
13938 1783915534.707405 sendmsg(68, {msg_name=NULL, msg_namelen=0, msg_iov=[{iov_base="l\1\1\1\374\0\0\0%\2\0\0\235\0\0\0\1\1o\0;\0\0\0/re/frid"..., iov_len=428}], msg_iovlen=1, msg_controllen=0, msg_flags=0}, MSG_NOSIGNAL) = 428
13938 1783915534.714389 sendmsg(68, {msg_name=NULL, msg_namelen=0, msg_iov=[{iov_base="l\1\1\1\370\0\0\0&\2\0\0\235\0\0\0\1\1o\0;\0\0\0/re/frid"..., iov_len=424}], msg_iovlen=1, msg_controllen=0, msg_flags=0}, MSG_NOSIGNAL) = 424
13938 1783915534.720086 sendmsg(68, {msg_name=NULL, msg_namelen=0, msg_iov=[{iov_base="l\1\1\1\370\0\0\0'\2\0\0\235\0\0\0\1\1o\0;\0\0\0/re/frid"..., iov_len=424}], msg_iovlen=1, msg_controllen=0, msg_flags=0}, MSG_NOSIGNAL) = 424
13938 1783915534.729253 sendmsg(68, {msg_name=NULL, msg_namelen=0, msg_iov=[{iov_base="l\1\1\1\370\0\0\0(\2\0\0\235\0\0\0\1\1o\0;\0\0\0/re/frid"..., iov_len=424}], msg_iovlen=1, msg_controllen=0, msg_flags=0}, MSG_NOSIGNAL) = 424
13938 1783915534.737648 sendmsg(68, {msg_name=NULL, msg_namelen=0, msg_iov=[{iov_base="l\1\1\1\374\0\0\0)\2\0\0\235\0\0\0\1\1o\0;\0\0\0/re/frid"..., iov_len=428}], msg_iovlen=1, msg_controllen=0, msg_flags=0}, MSG_NOSIGNAL) = 428
13938 1783915534.744265 sendmsg(68, {msg_name=NULL, msg_namelen=0, msg_iov=[{iov_base="l\1\1\1\374\0\0\0*\2\0\0\235\0\0\0\1\1o\0;\0\0\0/re/frid"..., iov_len=428}], msg_iovlen=1, msg_controllen=0, msg_flags=0}, MSG_NOSIGNAL) = 428
13938 1783915534.751380 sendmsg(68, {msg_name=NULL, msg_namelen=0, msg_iov=[{iov_base="l\1\1\1\374\0\0\0+\2\0\0\235\0\0\0\1\1o\0;\0\0\0/re/frid"..., iov_len=428}], msg_iovlen=1, msg_controllen=0, msg_flags=0}, MSG_NOSIGNAL) = 428
13938 1783915534.759324 sendmsg(68, {msg_name=NULL, msg_namelen=0, msg_iov=[{iov_base="l\1\1\1\370\0\0\0,\2\0\0\235\0\0\0\1\1o\0;\0\0\0/re/frid"..., iov_len=424}], msg_iovlen=1, msg_controllen=0, msg_flags=0}, MSG_NOSIGNAL) = 424
13938 1783915534.767589 sendmsg(68, {msg_name=NULL, msg_namelen=0, msg_iov=[{iov_base="l\1\1\1\370\0\0\0-\2\0\0\235\0\0\0\1\1o\0;\0\0\0/re/frid"..., iov_len=424}], msg_iovlen=1, msg_controllen=0, msg_flags=0}, MSG_NOSIGNAL) = 424
13938 1783915534.774827 sendmsg(68, {msg_name=NULL, msg_namelen=0, msg_iov=[{iov_base="l\1\1\1\370\0\0\0.\2\0\0\235\0\0\0\1\1o\0;\0\0\0/re/frid"..., iov_len=424}], msg_iovlen=1, msg_controllen=0, msg_flags=0}, MSG_NOSIGNAL) = 424
13938 1783915534.782160 sendmsg(68, {msg_name=NULL, msg_namelen=0, msg_iov=[{iov_base="l\1\1\1\374\0\0\0/\2\0\0\235\0\0\0\1\1o\0;\0\0\0/re/frid"..., iov_len=428}], msg_iovlen=1, msg_controllen=0, msg_flags=0}, MSG_NOSIGNAL) = 428
13938 1783915534.789977 sendmsg(68, {msg_name=NULL, msg_namelen=0, msg_iov=[{iov_base="l\1\1\1\374\0\0\0000\2\0\0\235\0\0\0\1\1o\0;\0\0\0/re/frid"..., iov_len=428}], msg_iovlen=1, msg_controllen=0, msg_flags=0}, MSG_NOSIGNAL) = 428
13938 1783915534.797757 sendmsg(68, {msg_name=NULL, msg_namelen=0, msg_iov=[{iov_base="l\1\1\1\374\0\0\0001\2\0\0\235\0\0\0\1\1o\0;\0\0\0/re/frid"..., iov_len=428}], msg_iovlen=1, msg_controllen=0, msg_flags=0}, MSG_NOSIGNAL) = 428
13938 1783915534.805702 sendmsg(68, {msg_name=NULL, msg_namelen=0, msg_iov=[{iov_base="l\1\1\1\370\0\0\0002\2\0\0\235\0\0\0\1\1o\0;\0\0\0/re/frid"..., iov_len=424}], msg_iovlen=1, msg_controllen=0, msg_flags=0}, MSG_NOSIGNAL) = 424
13938 1783915534.812581 sendmsg(68, {msg_name=NULL, msg_namelen=0, msg_iov=[{iov_base="l\1\1\1\370\0\0\0003\2\0\0\235\0\0\0\1\1o\0;\0\0\0/re/frid"..., iov_len=424}], msg_iovlen=1, msg_controllen=0, msg_flags=0}, MSG_NOSIGNAL) = 424
13938 1783915534.821268 sendmsg(68, {msg_name=NULL, msg_namelen=0, msg_iov=[{iov_base="l\1\1\1\370\0\0\0004\2\0\0\235\0\0\0\1\1o\0;\0\0\0/re/frid"..., iov_len=424}], msg_iovlen=1, msg_controllen=0, msg_flags=0}, MSG_NOSIGNAL) = 424
13938 1783915534.830396 sendmsg(68, {msg_name=NULL, msg_namelen=0, msg_iov=[{iov_base="l\1\1\1\374\0\0\0005\2\0\0\235\0\0\0\1\1o\0;\0\0\0/re/frid"..., iov_len=428}], msg_iovlen=1, msg_controllen=0, msg_flags=0}, MSG_NOSIGNAL) = 428
13938 1783915534.837714 sendmsg(68, {msg_name=NULL, msg_namelen=0, msg_iov=[{iov_base="l\1\1\1\374\0\0\0006\2\0\0\235\0\0\0\1\1o\0;\0\0\0/re/frid"..., iov_len=428}], msg_iovlen=1, msg_controllen=0, msg_flags=0}, MSG_NOSIGNAL) = 428
13938 1783915534.843252 sendmsg(68, {msg_name=NULL, msg_namelen=0, msg_iov=[{iov_base="l\1\1\1\374\0\0\0007\2\0\0\235\0\0\0\1\1o\0;\0\0\0/re/frid"..., iov_len=428}], msg_iovlen=1, msg_controllen=0, msg_flags=0}, MSG_NOSIGNAL) = 428
13938 1783915534.849367 sendmsg(68, {msg_name=NULL, msg_namelen=0, msg_iov=[{iov_base="l\1\1\1\370\0\0\08\2\0\0\235\0\0\0\1\1o\0;\0\0\0/re/frid"..., iov_len=424}], msg_iovlen=1, msg_controllen=0, msg_flags=0}, MSG_NOSIGNAL) = 424
13938 1783915534.855878 sendmsg(68, {msg_name=NULL, msg_namelen=0, msg_iov=[{iov_base="l\1\1\1\370\0\0\09\2\0\0\235\0\0\0\1\1o\0;\0\0\0/re/frid"..., iov_len=424}], msg_iovlen=1, msg_controllen=0, msg_flags=0}, MSG_NOSIGNAL) = 424
13938 1783915534.864719 sendmsg(68, {msg_name=NULL, msg_namelen=0, msg_iov=[{iov_base="l\1\1\1\370\0\0\0:\2\0\0\235\0\0\0\1\1o\0;\0\0\0/re/frid"..., iov_len=424}], msg_iovlen=1, msg_controllen=0, msg_flags=0}, MSG_NOSIGNAL) = 424
13938 1783915534.873320 sendmsg(68, {msg_name=NULL, msg_namelen=0, msg_iov=[{iov_base="l\1\1\1\374\0\0\0;\2\0\0\235\0\0\0\1\1o\0;\0\0\0/re/frid"..., iov_len=428}], msg_iovlen=1, msg_controllen=0, msg_flags=0}, MSG_NOSIGNAL) = 428
13938 1783915534.883270 sendmsg(68, {msg_name=NULL, msg_namelen=0, msg_iov=[{iov_base="l\1\1\1\374\0\0\0<\2\0\0\235\0\0\0\1\1o\0;\0\0\0/re/frid"..., iov_len=428}], msg_iovlen=1, msg_controllen=0, msg_flags=0}, MSG_NOSIGNAL) = 428
13938 1783915534.892776 sendmsg(68, {msg_name=NULL, msg_namelen=0, msg_iov=[{iov_base="l\1\1\1\374\0\0\0=\2\0\0\235\0\0\0\1\1o\0;\0\0\0/re/frid"..., iov_len=428}], msg_iovlen=1, msg_controllen=0, msg_flags=0}, MSG_NOSIGNAL) = 428
13938 1783915534.899074 sendmsg(68, {msg_name=NULL, msg_namelen=0, msg_iov=[{iov_base="l\1\1\1\370\0\0\0>\2\0\0\235\0\0\0\1\1o\0;\0\0\0/re/frid"..., iov_len=424}], msg_iovlen=1, msg_controllen=0, msg_flags=0}, MSG_NOSIGNAL) = 424
13938 1783915534.908725 sendmsg(68, {msg_name=NULL, msg_namelen=0, msg_iov=[{iov_base="l\1\1\1\370\0\0\0?\2\0\0\235\0\0\0\1\1o\0;\0\0\0/re/frid"..., iov_len=424}], msg_iovlen=1, msg_controllen=0, msg_flags=0}, MSG_NOSIGNAL) = 424
13938 1783915534.915782 sendmsg(68, {msg_name=NULL, msg_namelen=0, msg_iov=[{iov_base="l\1\1\1\370\0\0\0@\2\0\0\235\0\0\0\1\1o\0;\0\0\0/re/frid"..., iov_len=424}], msg_iovlen=1, msg_controllen=0, msg_flags=0}, MSG_NOSIGNAL) = 424
13938 1783915534.923039 sendmsg(68, {msg_name=NULL, msg_namelen=0, msg_iov=[{iov_base="l\1\1\1\374\0\0\0A\2\0\0\235\0\0\0\1\1o\0;\0\0\0/re/frid"..., iov_len=428}], msg_iovlen=1, msg_controllen=0, msg_flags=0}, MSG_NOSIGNAL) = 428
13938 1783915534.929358 sendmsg(68, {msg_name=NULL, msg_namelen=0, msg_iov=[{iov_base="l\1\1\1\374\0\0\0B\2\0\0\235\0\0\0\1\1o\0;\0\0\0/re/frid"..., iov_len=428}], msg_iovlen=1, msg_controllen=0, msg_flags=0}, MSG_NOSIGNAL) = 428
13938 1783915534.934655 sendmsg(68, {msg_name=NULL, msg_namelen=0, msg_iov=[{iov_base="l\1\1\1\374\0\0\0C\2\0\0\235\0\0\0\1\1o\0;\0\0\0/re/frid"..., iov_len=428}], msg_iovlen=1, msg_controllen=0, msg_flags=0}, MSG_NOSIGNAL) = 428
13938 1783915534.941467 sendmsg(68, {msg_name=NULL, msg_namelen=0, msg_iov=[{iov_base="l\1\1\1\370\0\0\0D\2\0\0\235\0\0\0\1\1o\0;\0\0\0/re/frid"..., iov_len=424}], msg_iovlen=1, msg_controllen=0, msg_flags=0}, MSG_NOSIGNAL) = 424
13938 1783915534.947302 sendmsg(68, {msg_name=NULL, msg_namelen=0, msg_iov=[{iov_base="l\1\1\1\370\0\0\0E\2\0\0\235\0\0\0\1\1o\0;\0\0\0/re/frid"..., iov_len=424}], msg_iovlen=1, msg_controllen=0, msg_flags=0}, MSG_NOSIGNAL) = 424
13938 1783915534.953781 sendmsg(68, {msg_name=NULL, msg_namelen=0, msg_iov=[{iov_base="l\1\1\1\370\0\0\0F\2\0\0\235\0\0\0\1\1o\0;\0\0\0/re/frid"..., iov_len=424}], msg_iovlen=1, msg_controllen=0, msg_flags=0}, MSG_NOSIGNAL) = 424
13938 1783915534.961662 sendmsg(68, {msg_name=NULL, msg_namelen=0, msg_iov=[{iov_base="l\1\1\1\374\0\0\0G\2\0\0\235\0\0\0\1\1o\0;\0\0\0/re/frid"..., iov_len=428}], msg_iovlen=1, msg_controllen=0, msg_flags=0}, MSG_NOSIGNAL) = 428
13938 1783915534.968948 sendmsg(68, {msg_name=NULL, msg_namelen=0, msg_iov=[{iov_base="l\1\1\1\374\0\0\0H\2\0\0\235\0\0\0\1\1o\0;\0\0\0/re/frid"..., iov_len=428}], msg_iovlen=1, msg_controllen=0, msg_flags=0}, MSG_NOSIGNAL) = 428
13938 1783915534.975469 sendmsg(68, {msg_name=NULL, msg_namelen=0, msg_iov=[{iov_base="l\1\1\1\374\0\0\0I\2\0\0\235\0\0\0\1\1o\0;\0\0\0/re/frid"..., iov_len=428}], msg_iovlen=1, msg_controllen=0, msg_flags=0}, MSG_NOSIGNAL) = 428
13938 1783915534.983058 sendmsg(68, {msg_name=NULL, msg_namelen=0, msg_iov=[{iov_base="l\1\1\1\370\0\0\0J\2\0\0\235\0\0\0\1\1o\0;\0\0\0/re/frid"..., iov_len=424}], msg_iovlen=1, msg_controllen=0, msg_flags=0}, MSG_NOSIGNAL) = 424
13938 1783915534.990849 sendmsg(68, {msg_name=NULL, msg_namelen=0, msg_iov=[{iov_base="l\1\1\1\370\0\0\0K\2\0\0\235\0\0\0\1\1o\0;\0\0\0/re/frid"..., iov_len=424}], msg_iovlen=1, msg_controllen=0, msg_flags=0}, MSG_NOSIGNAL) = 424
13938 1783915534.998971 sendmsg(68, {msg_name=NULL, msg_namelen=0, msg_iov=[{iov_base="l\1\1\1\370\0\0\0L\2\0\0\235\0\0\0\1\1o\0;\0\0\0/re/frid"..., iov_len=424}], msg_iovlen=1, msg_controllen=0, msg_flags=0}, MSG_NOSIGNAL) = 424
13938 1783915535.004839 sendmsg(68, {msg_name=NULL, msg_namelen=0, msg_iov=[{iov_base="l\1\1\1\374\0\0\0M\2\0\0\235\0\0\0\1\1o\0;\0\0\0/re/frid"..., iov_len=428}], msg_iovlen=1, msg_controllen=0, msg_flags=0}, MSG_NOSIGNAL) = 428
13938 1783915535.012536 sendmsg(68, {msg_name=NULL, msg_namelen=0, msg_iov=[{iov_base="l\1\1\1\374\0\0\0N\2\0\0\235\0\0\0\1\1o\0;\0\0\0/re/frid"..., iov_len=428}], msg_iovlen=1, msg_controllen=0, msg_flags=0}, MSG_NOSIGNAL) = 428
13938 1783915535.019095 sendmsg(68, {msg_name=NULL, msg_namelen=0, msg_iov=[{iov_base="l\1\1\1\374\0\0\0O\2\0\0\235\0\0\0\1\1o\0;\0\0\0/re/frid"..., iov_len=428}], msg_iovlen=1, msg_controllen=0, msg_flags=0}, MSG_NOSIGNAL) = 428
13938 1783915535.025522 sendmsg(68, {msg_name=NULL, msg_namelen=0, msg_iov=[{iov_base="l\1\1\1\370\0\0\0P\2\0\0\235\0\0\0\1\1o\0;\0\0\0/re/frid"..., iov_len=424}], msg_iovlen=1, msg_controllen=0, msg_flags=0}, MSG_NOSIGNAL) = 424
13938 1783915535.032400 sendmsg(68, {msg_name=NULL, msg_namelen=0, msg_iov=[{iov_base="l\1\1\1\370\0\0\0Q\2\0\0\235\0\0\0\1\1o\0;\0\0\0/re/frid"..., iov_len=424}], msg_iovlen=1, msg_controllen=0, msg_flags=0}, MSG_NOSIGNAL) = 424
13938 1783915535.038736 sendmsg(68, {msg_name=NULL, msg_namelen=0, msg_iov=[{iov_base="l\1\1\1\370\0\0\0R\2\0\0\235\0\0\0\1\1o\0;\0\0\0/re/frid"..., iov_len=424}], msg_iovlen=1, msg_controllen=0, msg_flags=0}, MSG_NOSIGNAL) = 424
13938 1783915535.046825 sendmsg(68, {msg_name=NULL, msg_namelen=0, msg_iov=[{iov_base="l\1\1\1\374\0\0\0S\2\0\0\235\0\0\0\1\1o\0;\0\0\0/re/frid"..., iov_len=428}], msg_iovlen=1, msg_controllen=0, msg_flags=0}, MSG_NOSIGNAL) = 428
13938 1783915535.052997 sendmsg(68, {msg_name=NULL, msg_namelen=0, msg_iov=[{iov_base="l\1\1\1\374\0\0\0T\2\0\0\235\0\0\0\1\1o\0;\0\0\0/re/frid"..., iov_len=428}], msg_iovlen=1, msg_controllen=0, msg_flags=0}, MSG_NOSIGNAL) = 428
13938 1783915535.060006 sendmsg(68, {msg_name=NULL, msg_namelen=0, msg_iov=[{iov_base="l\1\1\1\374\0\0\0U\2\0\0\235\0\0\0\1\1o\0;\0\0\0/re/frid"..., iov_len=428}], msg_iovlen=1, msg_controllen=0, msg_flags=0}, MSG_NOSIGNAL) = 428
13902 1783915535.063907 recvfrom(46, "nysv\0\0\0\0\0\0\0\0\0\0\0\0\367UIh\305\3\0\0\363\305\3\0\0\0\0\0", 3200, MSG_DONTWAIT, NULL, NULL) = 32
13902 1783915535.064166 recvfrom(46, 0x7fc3986860, 3200, MSG_DONTWAIT, NULL, NULL) = -1 EAGAIN (Try again)
13902 1783915535.065287 recvfrom(48, 0x7d2a8bb020, 2272, MSG_DONTWAIT, NULL, NULL) = -1 EAGAIN (Try again)
13902 1783915535.065590 recvfrom(46, 0x7fc39867c0, 3200, MSG_DONTWAIT, NULL, NULL) = -1 EAGAIN (Try again)
13902 1783915535.076587 recvfrom(46, "nysv\0\0\0\0\0\0\0\0\0\0\0\0\370[\r\216\305\3\0\0\31\306\3\0\0\0\0\0", 3200, MSG_DONTWAIT, NULL, NULL) = 32
13902 1783915535.076838 recvfrom(46, 0x7fc3986860, 3200, MSG_DONTWAIT, NULL, NULL) = -1 EAGAIN (Try again)
13902 1783915535.086983 recvfrom(46, 0x7fc3985c70, 3200, MSG_DONTWAIT, NULL, NULL) = -1 EAGAIN (Try again)
13902 1783915535.103753 recvfrom(46, "nysv\0\0\0\0\0\0\0\0\0\0\0\0l\35\n\220\305\3\0\0\33\306\3\0\0\0\0\0", 3200, MSG_DONTWAIT, NULL, NULL) = 32
13902 1783915535.104081 recvfrom(46, 0x7fc3986860, 3200, MSG_DONTWAIT, NULL, NULL) = -1 EAGAIN (Try again)
13902 1783915535.104958 recvfrom(48, 0x7d2a8bb020, 2272, MSG_DONTWAIT, NULL, NULL) = -1 EAGAIN (Try again)
13902 1783915535.105382 recvfrom(46, 0x7fc39867c0, 3200, MSG_DONTWAIT, NULL, NULL) = -1 EAGAIN (Try again)
13902 1783915535.119592 recvfrom(46, "nysv\0\0\0\0\0\0\0\0\0\0\0\0?\215\10\221\305\3\0\0\34\306\3\0\0\0\0\0", 3200, MSG_DONTWAIT, NULL, NULL) = 32
13902 1783915535.119981 recvfrom(46, 0x7fc3986860, 3200, MSG_DONTWAIT, NULL, NULL) = -1 EAGAIN (Try again)
13902 1783915535.120512 recvfrom(48, 0x7d2a8bb020, 2272, MSG_DONTWAIT, NULL, NULL) = -1 EAGAIN (Try again)
13902 1783915535.120707 recvfrom(46, 0x7fc39867c0, 3200, MSG_DONTWAIT, NULL, NULL) = -1 EAGAIN (Try again)
13902 1783915535.136417 recvfrom(46, "nysv\0\0\0\0\0\0\0\0\0\0\0\0\206\367\6\222\305\3\0\0\35\306\3\0\0\0\0\0", 3200, MSG_DONTWAIT, NULL, NULL) = 32
13902 1783915535.136898 recvfrom(46, 0x7fc3986860, 3200, MSG_DONTWAIT, NULL, NULL) = -1 EAGAIN (Try again)
13902 1783915535.139328 recvfrom(48, 0x7d2a8bb020, 2272, MSG_DONTWAIT, NULL, NULL) = -1 EAGAIN (Try again)
13902 1783915535.140198 recvfrom(46, 0x7fc39867c0, 3200, MSG_DONTWAIT, NULL, NULL) = -1 EAGAIN (Try again)
13902 1783915535.153067 recvfrom(46, "nysv\0\0\0\0\0\0\0\0\0\0\0\0\305f\5\223\305\3\0\0\36\306\3\0\0\0\0\0", 3200, MSG_DONTWAIT, NULL, NULL) = 32
13902 1783915535.153520 recvfrom(46, 0x7fc3986860, 3200, MSG_DONTWAIT, NULL, NULL) = -1 EAGAIN (Try again)
13902 1783915535.153939 recvfrom(48, 0x7d2a8bb020, 2272, MSG_DONTWAIT, NULL, NULL) = -1 EAGAIN (Try again)
13902 1783915535.154198 recvfrom(46, 0x7fc39867c0, 3200, MSG_DONTWAIT, NULL, NULL) = -1 EAGAIN (Try again)
13902 1783915535.170701 recvfrom(46, "nysv\0\0\0\0\0\0\0\0\0\0\0\0\16\232\3\224\305\3\0\0\37\306\3\0\0\0\0\0", 3200, MSG_DONTWAIT, NULL, NULL) = 32
13902 1783915535.171098 recvfrom(46, 0x7fc3986860, 3200, MSG_DONTWAIT, NULL, NULL) = -1 EAGAIN (Try again)
13902 1783915535.171535 recvfrom(48, 0x7d2a8bb020, 2272, MSG_DONTWAIT, NULL, NULL) = -1 EAGAIN (Try again)
13902 1783915535.173254 recvfrom(46, 0x7fc39867c0, 3200, MSG_DONTWAIT, NULL, NULL) = -1 EAGAIN (Try again)
13902 1783915535.186427 recvfrom(46, "nysv\0\0\0\0\0\0\0\0\0\0\0\0v\6\2\225\305\3\0\0 \306\3\0\0\0\0\0", 3200, MSG_DONTWAIT, NULL, NULL) = 32
13902 1783915535.186743 recvfrom(46, 0x7fc3986860, 3200, MSG_DONTWAIT, NULL, NULL) = -1 EAGAIN (Try again)
13902 1783915535.187310 recvfrom(48, 0x7d2a8bb020, 2272, MSG_DONTWAIT, NULL, NULL) = -1 EAGAIN (Try again)
13902 1783915535.187541 recvfrom(46, 0x7fc39867c0, 3200, MSG_DONTWAIT, NULL, NULL) = -1 EAGAIN (Try again)
13902 1783915535.203507 recvfrom(46, "nysv\0\0\0\0\0\0\0\0\0\0\0\0\262T\0\226\305\3\0\0!\306\3\0\0\0\0\0", 3200, MSG_DONTWAIT, NULL, NULL) = 32
13902 1783915535.203935 recvfrom(46, 0x7fc3986860, 3200, MSG_DONTWAIT, NULL, NULL) = -1 EAGAIN (Try again)
13902 1783915535.206101 recvfrom(48, 0x7d2a8bb020, 2272, MSG_DONTWAIT, NULL, NULL) = -1 EAGAIN (Try again)
13902 1783915535.206684 recvfrom(46, 0x7fc39867c0, 3200, MSG_DONTWAIT, NULL, NULL) = -1 EAGAIN (Try again)
13902 1783915535.220097 recvfrom(46, "nysv\0\0\0\0\0\0\0\0\0\0\0\0\233\256\376\226\305\3\0\0\"\306\3\0\0\0\0\0", 3200, MSG_DONTWAIT, NULL, NULL) = 32
13902 1783915535.220470 recvfrom(46, 0x7fc3986860, 3200, MSG_DONTWAIT, NULL, NULL) = -1 EAGAIN (Try again)
13902 1783915535.222485 recvfrom(48, 0x7d2a8bb020, 2272, MSG_DONTWAIT, NULL, NULL) = -1 EAGAIN (Try again)
13902 1783915535.222719 recvfrom(46, 0x7fc39867c0, 3200, MSG_DONTWAIT, NULL, NULL) = -1 EAGAIN (Try again)
13902 1783915535.236791 recvfrom(46, "nysv\0\0\0\0\0\0\0\0\0\0\0\0\333\10\375\227\305\3\0\0#\306\3\0\0\0\0\0", 3200, MSG_DONTWAIT, NULL, NULL) = 32
13902 1783915535.237098 recvfrom(46, 0x7fc3986860, 3200, MSG_DONTWAIT, NULL, NULL) = -1 EAGAIN (Try again)
13902 1783915535.237529 recvfrom(48, 0x7d2a8bb020, 2272, MSG_DONTWAIT, NULL, NULL) = -1 EAGAIN (Try again)
13902 1783915535.238020 recvfrom(46, 0x7fc39867c0, 3200, MSG_DONTWAIT, NULL, NULL) = -1 EAGAIN (Try again)
13902 1783915535.253751 recvfrom(46, "nysv\0\0\0\0\0\0\0\0\0\0\0\0\7G\373\230\305\3\0\0$\306\3\0\0\0\0\0", 3200, MSG_DONTWAIT, NULL, NULL) = 32
13902 1783915535.254033 recvfrom(46, 0x7fc3986860, 3200, MSG_DONTWAIT, NULL, NULL) = -1 EAGAIN (Try again)
13902 1783915535.254484 recvfrom(48, 0x7d2a8bb020, 2272, MSG_DONTWAIT, NULL, NULL) = -1 EAGAIN (Try again)
13902 1783915535.255117 recvfrom(46, 0x7fc39867c0, 3200, MSG_DONTWAIT, NULL, NULL) = -1 EAGAIN (Try again)
13902 1783915535.269732 recvfrom(46, "nysv\0\0\0\0\0\0\0\0\0\0\0\0001\227\371\231\305\3\0\0%\306\3\0\0\0\0\0", 3200, MSG_DONTWAIT, NULL, NULL) = 32
13902 1783915535.269977 recvfrom(46, 0x7fc3986860, 3200, MSG_DONTWAIT, NULL, NULL) = -1 EAGAIN (Try again)
13902 1783915535.270407 recvfrom(48, 0x7d2a8bb020, 2272, MSG_DONTWAIT, NULL, NULL) = -1 EAGAIN (Try again)
13902 1783915535.270866 recvfrom(46, 0x7fc39867c0, 3200, MSG_DONTWAIT, NULL, NULL) = -1 EAGAIN (Try again)
13902 1783915535.287537 recvfrom(46, "nysv\0\0\0\0\0\0\0\0\0\0\0\0\307\300\367\232\305\3\0\0&\306\3\0\0\0\0\0", 3200, MSG_DONTWAIT, NULL, NULL) = 32
13902 1783915535.287924 recvfrom(46, 0x7fc3986860, 3200, MSG_DONTWAIT, NULL, NULL) = -1 EAGAIN (Try again)
13902 1783915535.290523 recvfrom(48, 0x7d2a8bb020, 2272, MSG_DONTWAIT, NULL, NULL) = -1 EAGAIN (Try again)
13902 1783915535.290895 recvfrom(46, 0x7fc39867c0, 3200, MSG_DONTWAIT, NULL, NULL) = -1 EAGAIN (Try again)
13902 1783915535.303038 recvfrom(46, "nysv\0\0\0\0\0\0\0\0\0\0\0\0T*\366\233\305\3\0\0'\306\3\0\0\0\0\0", 3200, MSG_DONTWAIT, NULL, NULL) = 32
13902 1783915535.303529 recvfrom(46, 0x7fc3986860, 3200, MSG_DONTWAIT, NULL, NULL) = -1 EAGAIN (Try again)
13902 1783915535.304129 recvfrom(48, 0x7d2a8bb020, 2272, MSG_DONTWAIT, NULL, NULL) = -1 EAGAIN (Try again)
13902 1783915535.304501 recvfrom(46, 0x7fc39867c0, 3200, MSG_DONTWAIT, NULL, NULL) = -1 EAGAIN (Try again)
13902 1783915535.320789 recvfrom(46, "nysv\0\0\0\0\0\0\0\0\0\0\0\0\355[\364\234\305\3\0\0(\306\3\0\0\0\0\0", 3200, MSG_DONTWAIT, NULL, NULL) = 32
13902 1783915535.321109 recvfrom(46, 0x7fc3986860, 3200, MSG_DONTWAIT, NULL, NULL) = -1 EAGAIN (Try again)
13902 1783915535.324190 recvfrom(48, 0x7d2a8bb020, 2272, MSG_DONTWAIT, NULL, NULL) = -1 EAGAIN (Try again)
13902 1783915535.324564 recvfrom(46, 0x7fc39867c0, 3200, MSG_DONTWAIT, NULL, NULL) = -1 EAGAIN (Try again)
13902 1783915535.336502 recvfrom(46, "nysv\0\0\0\0\0\0\0\0\0\0\0\0\3\312\362\235\305\3\0\0)\306\3\0\0\0\0\0", 3200, MSG_DONTWAIT, NULL, NULL) = 32
13902 1783915535.336864 recvfrom(46, 0x7fc3986860, 3200, MSG_DONTWAIT, NULL, NULL) = -1 EAGAIN (Try again)
13902 1783915535.337745 recvfrom(48, 0x7d2a8bb020, 2272, MSG_DONTWAIT, NULL, NULL) = -1 EAGAIN (Try again)
13902 1783915535.338157 recvfrom(46, 0x7fc39867c0, 3200, MSG_DONTWAIT, NULL, NULL) = -1 EAGAIN (Try again)
13902 1783915535.353954 recvfrom(46, "nysv\0\0\0\0\0\0\0\0\0\0\0\0\365\2\361\236\305\3\0\0*\306\3\0\0\0\0\0", 3200, MSG_DONTWAIT, NULL, NULL) = 32
13902 1783915535.354260 recvfrom(46, 0x7fc3986860, 3200, MSG_DONTWAIT, NULL, NULL) = -1 EAGAIN (Try again)
13902 1783915535.354680 recvfrom(48, 0x7d2a8bb020, 2272, MSG_DONTWAIT, NULL, NULL) = -1 EAGAIN (Try again)
13902 1783915535.357933 recvfrom(46, 0x7fc3984a90, 3200, MSG_DONTWAIT, NULL, NULL) = -1 EAGAIN (Try again)
13902 1783915535.369879 recvfrom(46, "nysv\0\0\0\0\0\0\0\0\0\0\0\0hq\357\237\305\3\0\0+\306\3\0\0\0\0\0", 3200, MSG_DONTWAIT, NULL, NULL) = 32
13902 1783915535.370426 recvfrom(46, 0x7fc3986860, 3200, MSG_DONTWAIT, NULL, NULL) = -1 EAGAIN (Try again)
13902 1783915535.372492 recvfrom(48, 0x7d2a8bb020, 2272, MSG_DONTWAIT, NULL, NULL) = -1 EAGAIN (Try again)
13902 1783915549.239372 recvfrom(48, "\2\0\0\0\0\0\0\0q\22\0\0\0\0\0\0\300\300\214\332\310\3\0\0\1\0\0\0\2\20\0\0"..., 2272, MSG_DONTWAIT, NULL, NULL) = 232
13902 1783915549.240139 sendto(48, "\3\0\0\0\0\0\0\0q\22\0\0\1\0\0\0", 16, MSG_DONTWAIT|MSG_NOSIGNAL, NULL, 0) = 16
13902 1783915549.240300 recvfrom(48, 0x7d2a8bb020, 2272, MSG_DONTWAIT, NULL, NULL) = -1 EAGAIN (Try again)
13902 1783915549.240958 recvfrom(48, "\2\0\0\0\0\0\0\0s\22\0\0\0\0\0\0\300\300\214\332\310\3\0\0\1\0\0\0\2\20\0\0"..., 2272, MSG_DONTWAIT, NULL, NULL) = 232
13902 1783915549.241308 sendto(48, "\3\0\0\0\0\0\0\0s\22\0\0\1\0\0\0", 16, MSG_DONTWAIT|MSG_NOSIGNAL, NULL, 0) = 16
13902 1783915549.241493 recvfrom(48, 0x7d2a8bb020, 2272, MSG_DONTWAIT, NULL, NULL) = -1 EAGAIN (Try again)
13902 1783915549.243237 recvfrom(46, 0x7fc3985d30, 3200, MSG_DONTWAIT, NULL, NULL) = -1 EAGAIN (Try again)
13938 1783915549.248587 sendmsg(68, {msg_name=NULL, msg_namelen=0, msg_iov=[{iov_base="l\1\1\1\370\0\0\0V\2\0\0\235\0\0\0\1\1o\0;\0\0\0/re/frid"..., iov_len=424}], msg_iovlen=1, msg_controllen=0, msg_flags=0}, MSG_NOSIGNAL) = 424
13938 1783915549.254153 sendmsg(68, {msg_name=NULL, msg_namelen=0, msg_iov=[{iov_base="l\1\1\1\370\0\0\0W\2\0\0\235\0\0\0\1\1o\0;\0\0\0/re/frid"..., iov_len=424}], msg_iovlen=1, msg_controllen=0, msg_flags=0}, MSG_NOSIGNAL) = 424
13938 1783915549.261349 sendmsg(68, {msg_name=NULL, msg_namelen=0, msg_iov=[{iov_base="l\1\1\1\370\0\0\0X\2\0\0\235\0\0\0\1\1o\0;\0\0\0/re/frid"..., iov_len=424}], msg_iovlen=1, msg_controllen=0, msg_flags=0}, MSG_NOSIGNAL) = 424
13938 1783915549.268077 sendmsg(68, {msg_name=NULL, msg_namelen=0, msg_iov=[{iov_base="l\1\1\1\374\0\0\0Y\2\0\0\235\0\0\0\1\1o\0;\0\0\0/re/frid"..., iov_len=428}], msg_iovlen=1, msg_controllen=0, msg_flags=0}, MSG_NOSIGNAL) = 428
13938 1783915549.274857 sendmsg(68, {msg_name=NULL, msg_namelen=0, msg_iov=[{iov_base="l\1\1\1\374\0\0\0Z\2\0\0\235\0\0\0\1\1o\0;\0\0\0/re/frid"..., iov_len=428}], msg_iovlen=1, msg_controllen=0, msg_flags=0}, MSG_NOSIGNAL) = 428
13938 1783915549.282729 sendmsg(68, {msg_name=NULL, msg_namelen=0, msg_iov=[{iov_base="l\1\1\1\374\0\0\0[\2\0\0\235\0\0\0\1\1o\0;\0\0\0/re/frid"..., iov_len=428}], msg_iovlen=1, msg_controllen=0, msg_flags=0}, MSG_NOSIGNAL) = 428
13938 1783915549.291027 sendmsg(68, {msg_name=NULL, msg_namelen=0, msg_iov=[{iov_base="l\1\1\1\370\0\0\0\\\2\0\0\235\0\0\0\1\1o\0;\0\0\0/re/frid"..., iov_len=424}], msg_iovlen=1, msg_controllen=0, msg_flags=0}, MSG_NOSIGNAL) = 424
13938 1783915549.298118 sendmsg(68, {msg_name=NULL, msg_namelen=0, msg_iov=[{iov_base="l\1\1\1\370\0\0\0]\2\0\0\235\0\0\0\1\1o\0;\0\0\0/re/frid"..., iov_len=424}], msg_iovlen=1, msg_controllen=0, msg_flags=0}, MSG_NOSIGNAL) = 424
13938 1783915549.305126 sendmsg(68, {msg_name=NULL, msg_namelen=0, msg_iov=[{iov_base="l\1\1\1\370\0\0\0^\2\0\0\235\0\0\0\1\1o\0;\0\0\0/re/frid"..., iov_len=424}], msg_iovlen=1, msg_controllen=0, msg_flags=0}, MSG_NOSIGNAL) = 424
13938 1783915549.311105 sendmsg(68, {msg_name=NULL, msg_namelen=0, msg_iov=[{iov_base="l\1\1\1\374\0\0\0_\2\0\0\235\0\0\0\1\1o\0;\0\0\0/re/frid"..., iov_len=428}], msg_iovlen=1, msg_controllen=0, msg_flags=0}, MSG_NOSIGNAL) = 428
13938 1783915549.317587 sendmsg(68, {msg_name=NULL, msg_namelen=0, msg_iov=[{iov_base="l\1\1\1\374\0\0\0`\2\0\0\235\0\0\0\1\1o\0;\0\0\0/re/frid"..., iov_len=428}], msg_iovlen=1, msg_controllen=0, msg_flags=0}, MSG_NOSIGNAL) = 428
13938 1783915549.326032 sendmsg(68, {msg_name=NULL, msg_namelen=0, msg_iov=[{iov_base="l\1\1\1\374\0\0\0a\2\0\0\235\0\0\0\1\1o\0;\0\0\0/re/frid"..., iov_len=428}], msg_iovlen=1, msg_controllen=0, msg_flags=0}, MSG_NOSIGNAL) = 428
13938 1783915549.333069 sendmsg(68, {msg_name=NULL, msg_namelen=0, msg_iov=[{iov_base="l\1\1\1\370\0\0\0b\2\0\0\235\0\0\0\1\1o\0;\0\0\0/re/frid"..., iov_len=424}], msg_iovlen=1, msg_controllen=0, msg_flags=0}, MSG_NOSIGNAL) = 424
13938 1783915549.339869 sendmsg(68, {msg_name=NULL, msg_namelen=0, msg_iov=[{iov_base="l\1\1\1\370\0\0\0c\2\0\0\235\0\0\0\1\1o\0;\0\0\0/re/frid"..., iov_len=424}], msg_iovlen=1, msg_controllen=0, msg_flags=0}, MSG_NOSIGNAL) = 424
13938 1783915549.347798 sendmsg(68, {msg_name=NULL, msg_namelen=0, msg_iov=[{iov_base="l\1\1\1\370\0\0\0d\2\0\0\235\0\0\0\1\1o\0;\0\0\0/re/frid"..., iov_len=424}], msg_iovlen=1, msg_controllen=0, msg_flags=0}, MSG_NOSIGNAL) = 424
13938 1783915549.354423 sendmsg(68, {msg_name=NULL, msg_namelen=0, msg_iov=[{iov_base="l\1\1\1\374\0\0\0e\2\0\0\235\0\0\0\1\1o\0;\0\0\0/re/frid"..., iov_len=428}], msg_iovlen=1, msg_controllen=0, msg_flags=0}, MSG_NOSIGNAL) = 428
13938 1783915549.360948 sendmsg(68, {msg_name=NULL, msg_namelen=0, msg_iov=[{iov_base="l\1\1\1\374\0\0\0f\2\0\0\235\0\0\0\1\1o\0;\0\0\0/re/frid"..., iov_len=428}], msg_iovlen=1, msg_controllen=0, msg_flags=0}, MSG_NOSIGNAL) = 428
13938 1783915549.370129 sendmsg(68, {msg_name=NULL, msg_namelen=0, msg_iov=[{iov_base="l\1\1\1\374\0\0\0g\2\0\0\235\0\0\0\1\1o\0;\0\0\0/re/frid"..., iov_len=428}], msg_iovlen=1, msg_controllen=0, msg_flags=0}, MSG_NOSIGNAL) = 428
13938 1783915549.376833 sendmsg(68, {msg_name=NULL, msg_namelen=0, msg_iov=[{iov_base="l\1\1\1\370\0\0\0h\2\0\0\235\0\0\0\1\1o\0;\0\0\0/re/frid"..., iov_len=424}], msg_iovlen=1, msg_controllen=0, msg_flags=0}, MSG_NOSIGNAL) = 424
13938 1783915549.384149 sendmsg(68, {msg_name=NULL, msg_namelen=0, msg_iov=[{iov_base="l\1\1\1\370\0\0\0i\2\0\0\235\0\0\0\1\1o\0;\0\0\0/re/frid"..., iov_len=424}], msg_iovlen=1, msg_controllen=0, msg_flags=0}, MSG_NOSIGNAL) = 424
13938 1783915549.393256 sendmsg(68, {msg_name=NULL, msg_namelen=0, msg_iov=[{iov_base="l\1\1\1\370\0\0\0j\2\0\0\235\0\0\0\1\1o\0;\0\0\0/re/frid"..., iov_len=424}], msg_iovlen=1, msg_controllen=0, msg_flags=0}, MSG_NOSIGNAL) = 424
13938 1783915549.400156 sendmsg(68, {msg_name=NULL, msg_namelen=0, msg_iov=[{iov_base="l\1\1\1\374\0\0\0k\2\0\0\235\0\0\0\1\1o\0;\0\0\0/re/frid"..., iov_len=428}], msg_iovlen=1, msg_controllen=0, msg_flags=0}, MSG_NOSIGNAL) = 428
13938 1783915549.405876 sendmsg(68, {msg_name=NULL, msg_namelen=0, msg_iov=[{iov_base="l\1\1\1\374\0\0\0l\2\0\0\235\0\0\0\1\1o\0;\0\0\0/re/frid"..., iov_len=428}], msg_iovlen=1, msg_controllen=0, msg_flags=0}, MSG_NOSIGNAL) = 428
13938 1783915549.413886 sendmsg(68, {msg_name=NULL, msg_namelen=0, msg_iov=[{iov_base="l\1\1\1\374\0\0\0m\2\0\0\235\0\0\0\1\1o\0;\0\0\0/re/frid"..., iov_len=428}], msg_iovlen=1, msg_controllen=0, msg_flags=0}, MSG_NOSIGNAL) = 428
13938 1783915549.421864 sendmsg(68, {msg_name=NULL, msg_namelen=0, msg_iov=[{iov_base="l\1\1\1\370\0\0\0n\2\0\0\235\0\0\0\1\1o\0;\0\0\0/re/frid"..., iov_len=424}], msg_iovlen=1, msg_controllen=0, msg_flags=0}, MSG_NOSIGNAL) = 424
13938 1783915549.431087 sendmsg(68, {msg_name=NULL, msg_namelen=0, msg_iov=[{iov_base="l\1\1\1\370\0\0\0o\2\0\0\235\0\0\0\1\1o\0;\0\0\0/re/frid"..., iov_len=424}], msg_iovlen=1, msg_controllen=0, msg_flags=0}, MSG_NOSIGNAL) = 424
13938 1783915549.437495 sendmsg(68, {msg_name=NULL, msg_namelen=0, msg_iov=[{iov_base="l\1\1\1\370\0\0\0p\2\0\0\235\0\0\0\1\1o\0;\0\0\0/re/frid"..., iov_len=424}], msg_iovlen=1, msg_controllen=0, msg_flags=0}, MSG_NOSIGNAL) = 424
13938 1783915549.444488 sendmsg(68, {msg_name=NULL, msg_namelen=0, msg_iov=[{iov_base="l\1\1\1\374\0\0\0q\2\0\0\235\0\0\0\1\1o\0;\0\0\0/re/frid"..., iov_len=428}], msg_iovlen=1, msg_controllen=0, msg_flags=0}, MSG_NOSIGNAL) = 428
13938 1783915549.451100 sendmsg(68, {msg_name=NULL, msg_namelen=0, msg_iov=[{iov_base="l\1\1\1\374\0\0\0r\2\0\0\235\0\0\0\1\1o\0;\0\0\0/re/frid"..., iov_len=428}], msg_iovlen=1, msg_controllen=0, msg_flags=0}, MSG_NOSIGNAL) = 428
13938 1783915549.457700 sendmsg(68, {msg_name=NULL, msg_namelen=0, msg_iov=[{iov_base="l\1\1\1\374\0\0\0s\2\0\0\235\0\0\0\1\1o\0;\0\0\0/re/frid"..., iov_len=428}], msg_iovlen=1, msg_controllen=0, msg_flags=0}, MSG_NOSIGNAL) = 428
13938 1783915549.464751 sendmsg(68, {msg_name=NULL, msg_namelen=0, msg_iov=[{iov_base="l\1\1\1\370\0\0\0t\2\0\0\235\0\0\0\1\1o\0;\0\0\0/re/frid"..., iov_len=424}], msg_iovlen=1, msg_controllen=0, msg_flags=0}, MSG_NOSIGNAL) = 424
13938 1783915549.472407 sendmsg(68, {msg_name=NULL, msg_namelen=0, msg_iov=[{iov_base="l\1\1\1\370\0\0\0u\2\0\0\235\0\0\0\1\1o\0;\0\0\0/re/frid"..., iov_len=424}], msg_iovlen=1, msg_controllen=0, msg_flags=0}, MSG_NOSIGNAL) = 424
13938 1783915549.478733 sendmsg(68, {msg_name=NULL, msg_namelen=0, msg_iov=[{iov_base="l\1\1\1\370\0\0\0v\2\0\0\235\0\0\0\1\1o\0;\0\0\0/re/frid"..., iov_len=424}], msg_iovlen=1, msg_controllen=0, msg_flags=0}, MSG_NOSIGNAL) = 424
13938 1783915549.487283 sendmsg(68, {msg_name=NULL, msg_namelen=0, msg_iov=[{iov_base="l\1\1\1\374\0\0\0w\2\0\0\235\0\0\0\1\1o\0;\0\0\0/re/frid"..., iov_len=428}], msg_iovlen=1, msg_controllen=0, msg_flags=0}, MSG_NOSIGNAL) = 428
13938 1783915549.493596 sendmsg(68, {msg_name=NULL, msg_namelen=0, msg_iov=[{iov_base="l\1\1\1\374\0\0\0x\2\0\0\235\0\0\0\1\1o\0;\0\0\0/re/frid"..., iov_len=428}], msg_iovlen=1, msg_controllen=0, msg_flags=0}, MSG_NOSIGNAL) = 428
13938 1783915549.501387 sendmsg(68, {msg_name=NULL, msg_namelen=0, msg_iov=[{iov_base="l\1\1\1\374\0\0\0y\2\0\0\235\0\0\0\1\1o\0;\0\0\0/re/frid"..., iov_len=428}], msg_iovlen=1, msg_controllen=0, msg_flags=0}, MSG_NOSIGNAL) = 428
13938 1783915549.509517 sendmsg(68, {msg_name=NULL, msg_namelen=0, msg_iov=[{iov_base="l\1\1\1\370\0\0\0z\2\0\0\235\0\0\0\1\1o\0;\0\0\0/re/frid"..., iov_len=424}], msg_iovlen=1, msg_controllen=0, msg_flags=0}, MSG_NOSIGNAL) = 424
13938 1783915549.516440 sendmsg(68, {msg_name=NULL, msg_namelen=0, msg_iov=[{iov_base="l\1\1\1\370\0\0\0{\2\0\0\235\0\0\0\1\1o\0;\0\0\0/re/frid"..., iov_len=424}], msg_iovlen=1, msg_controllen=0, msg_flags=0}, MSG_NOSIGNAL) = 424
13938 1783915549.523612 sendmsg(68, {msg_name=NULL, msg_namelen=0, msg_iov=[{iov_base="l\1\1\1\370\0\0\0|\2\0\0\235\0\0\0\1\1o\0;\0\0\0/re/frid"..., iov_len=424}], msg_iovlen=1, msg_controllen=0, msg_flags=0}, MSG_NOSIGNAL) = 424
13938 1783915549.532071 sendmsg(68, {msg_name=NULL, msg_namelen=0, msg_iov=[{iov_base="l\1\1\1\374\0\0\0}\2\0\0\235\0\0\0\1\1o\0;\0\0\0/re/frid"..., iov_len=428}], msg_iovlen=1, msg_controllen=0, msg_flags=0}, MSG_NOSIGNAL) = 428
13938 1783915549.537768 sendmsg(68, {msg_name=NULL, msg_namelen=0, msg_iov=[{iov_base="l\1\1\1\374\0\0\0~\2\0\0\235\0\0\0\1\1o\0;\0\0\0/re/frid"..., iov_len=428}], msg_iovlen=1, msg_controllen=0, msg_flags=0}, MSG_NOSIGNAL) = 428
13938 1783915549.548437 sendmsg(68, {msg_name=NULL, msg_namelen=0, msg_iov=[{iov_base="l\1\1\1\374\0\0\0\177\2\0\0\235\0\0\0\1\1o\0;\0\0\0/re/frid"..., iov_len=428}], msg_iovlen=1, msg_controllen=0, msg_flags=0}, MSG_NOSIGNAL) = 428
13938 1783915549.553965 sendmsg(68, {msg_name=NULL, msg_namelen=0, msg_iov=[{iov_base="l\1\1\1\370\0\0\0\200\2\0\0\235\0\0\0\1\1o\0;\0\0\0/re/frid"..., iov_len=424}], msg_iovlen=1, msg_controllen=0, msg_flags=0}, MSG_NOSIGNAL) = 424
13938 1783915549.561544 sendmsg(68, {msg_name=NULL, msg_namelen=0, msg_iov=[{iov_base="l\1\1\1\370\0\0\0\201\2\0\0\235\0\0\0\1\1o\0;\0\0\0/re/frid"..., iov_len=424}], msg_iovlen=1, msg_controllen=0, msg_flags=0}, MSG_NOSIGNAL) = 424
13938 1783915549.568290 sendmsg(68, {msg_name=NULL, msg_namelen=0, msg_iov=[{iov_base="l\1\1\1\370\0\0\0\202\2\0\0\235\0\0\0\1\1o\0;\0\0\0/re/frid"..., iov_len=424}], msg_iovlen=1, msg_controllen=0, msg_flags=0}, MSG_NOSIGNAL) = 424
13938 1783915549.575110 sendmsg(68, {msg_name=NULL, msg_namelen=0, msg_iov=[{iov_base="l\1\1\1\374\0\0\0\203\2\0\0\235\0\0\0\1\1o\0;\0\0\0/re/frid"..., iov_len=428}], msg_iovlen=1, msg_controllen=0, msg_flags=0}, MSG_NOSIGNAL) = 428
13938 1783915549.582419 sendmsg(68, {msg_name=NULL, msg_namelen=0, msg_iov=[{iov_base="l\1\1\1\374\0\0\0\204\2\0\0\235\0\0\0\1\1o\0;\0\0\0/re/frid"..., iov_len=428}], msg_iovlen=1, msg_controllen=0, msg_flags=0}, MSG_NOSIGNAL) = 428
13938 1783915549.588680 sendmsg(68, {msg_name=NULL, msg_namelen=0, msg_iov=[{iov_base="l\1\1\1\374\0\0\0\205\2\0\0\235\0\0\0\1\1o\0;\0\0\0/re/frid"..., iov_len=428}], msg_iovlen=1, msg_controllen=0, msg_flags=0}, MSG_NOSIGNAL) = 428
13938 1783915549.596372 sendmsg(68, {msg_name=NULL, msg_namelen=0, msg_iov=[{iov_base="l\1\1\1\370\0\0\0\206\2\0\0\235\0\0\0\1\1o\0;\0\0\0/re/frid"..., iov_len=424}], msg_iovlen=1, msg_controllen=0, msg_flags=0}, MSG_NOSIGNAL) = 424
13938 1783915549.603067 sendmsg(68, {msg_name=NULL, msg_namelen=0, msg_iov=[{iov_base="l\1\1\1\370\0\0\0\207\2\0\0\235\0\0\0\1\1o\0;\0\0\0/re/frid"..., iov_len=424}], msg_iovlen=1, msg_controllen=0, msg_flags=0}, MSG_NOSIGNAL) = 424
13938 1783915549.609877 sendmsg(68, {msg_name=NULL, msg_namelen=0, msg_iov=[{iov_base="l\1\1\1\370\0\0\0\210\2\0\0\235\0\0\0\1\1o\0;\0\0\0/re/frid"..., iov_len=424}], msg_iovlen=1, msg_controllen=0, msg_flags=0}, MSG_NOSIGNAL) = 424
13938 1783915549.617415 sendmsg(68, {msg_name=NULL, msg_namelen=0, msg_iov=[{iov_base="l\1\1\1\374\0\0\0\211\2\0\0\235\0\0\0\1\1o\0;\0\0\0/re/frid"..., iov_len=428}], msg_iovlen=1, msg_controllen=0, msg_flags=0}, MSG_NOSIGNAL) = 428
13938 1783915549.623428 sendmsg(68, {msg_name=NULL, msg_namelen=0, msg_iov=[{iov_base="l\1\1\1\374\0\0\0\212\2\0\0\235\0\0\0\1\1o\0;\0\0\0/re/frid"..., iov_len=428}], msg_iovlen=1, msg_controllen=0, msg_flags=0}, MSG_NOSIGNAL) = 428
13938 1783915549.631015 sendmsg(68, {msg_name=NULL, msg_namelen=0, msg_iov=[{iov_base="l\1\1\1\374\0\0\0\213\2\0\0\235\0\0\0\1\1o\0;\0\0\0/re/frid"..., iov_len=428}], msg_iovlen=1, msg_controllen=0, msg_flags=0}, MSG_NOSIGNAL) = 428
13938 1783915549.637379 sendmsg(68, {msg_name=NULL, msg_namelen=0, msg_iov=[{iov_base="l\1\1\1\370\0\0\0\214\2\0\0\235\0\0\0\1\1o\0;\0\0\0/re/frid"..., iov_len=424}], msg_iovlen=1, msg_controllen=0, msg_flags=0}, MSG_NOSIGNAL) = 424
13938 1783915549.646403 sendmsg(68, {msg_name=NULL, msg_namelen=0, msg_iov=[{iov_base="l\1\1\1\370\0\0\0\215\2\0\0\235\0\0\0\1\1o\0;\0\0\0/re/frid"..., iov_len=424}], msg_iovlen=1, msg_controllen=0, msg_flags=0}, MSG_NOSIGNAL) = 424
13938 1783915549.653742 sendmsg(68, {msg_name=NULL, msg_namelen=0, msg_iov=[{iov_base="l\1\1\1\370\0\0\0\216\2\0\0\235\0\0\0\1\1o\0;\0\0\0/re/frid"..., iov_len=424}], msg_iovlen=1, msg_controllen=0, msg_flags=0}, MSG_NOSIGNAL) = 424
13938 1783915549.662267 sendmsg(68, {msg_name=NULL, msg_namelen=0, msg_iov=[{iov_base="l\1\1\1\374\0\0\0\217\2\0\0\235\0\0\0\1\1o\0;\0\0\0/re/frid"..., iov_len=428}], msg_iovlen=1, msg_controllen=0, msg_flags=0}, MSG_NOSIGNAL) = 428
13938 1783915549.669247 sendmsg(68, {msg_name=NULL, msg_namelen=0, msg_iov=[{iov_base="l\1\1\1\374\0\0\0\220\2\0\0\235\0\0\0\1\1o\0;\0\0\0/re/frid"..., iov_len=428}], msg_iovlen=1, msg_controllen=0, msg_flags=0}, MSG_NOSIGNAL) = 428
13938 1783915549.677712 sendmsg(68, {msg_name=NULL, msg_namelen=0, msg_iov=[{iov_base="l\1\1\1\374\0\0\0\221\2\0\0\235\0\0\0\1\1o\0;\0\0\0/re/frid"..., iov_len=428}], msg_iovlen=1, msg_controllen=0, msg_flags=0}, MSG_NOSIGNAL) = 428
13938 1783915549.684852 sendmsg(68, {msg_name=NULL, msg_namelen=0, msg_iov=[{iov_base="l\1\1\1\370\0\0\0\222\2\0\0\235\0\0\0\1\1o\0;\0\0\0/re/frid"..., iov_len=424}], msg_iovlen=1, msg_controllen=0, msg_flags=0}, MSG_NOSIGNAL) = 424
13938 1783915549.691474 sendmsg(68, {msg_name=NULL, msg_namelen=0, msg_iov=[{iov_base="l\1\1\1\370\0\0\0\223\2\0\0\235\0\0\0\1\1o\0;\0\0\0/re/frid"..., iov_len=424}], msg_iovlen=1, msg_controllen=0, msg_flags=0}, MSG_NOSIGNAL) = 424
13938 1783915549.700289 sendmsg(68, {msg_name=NULL, msg_namelen=0, msg_iov=[{iov_base="l\1\1\1\370\0\0\0\224\2\0\0\235\0\0\0\1\1o\0;\0\0\0/re/frid"..., iov_len=424}], msg_iovlen=1, msg_controllen=0, msg_flags=0}, MSG_NOSIGNAL) = 424
13938 1783915549.706253 sendmsg(68, {msg_name=NULL, msg_namelen=0, msg_iov=[{iov_base="l\1\1\1\374\0\0\0\225\2\0\0\235\0\0\0\1\1o\0;\0\0\0/re/frid"..., iov_len=428}], msg_iovlen=1, msg_controllen=0, msg_flags=0}, MSG_NOSIGNAL) = 428
13938 1783915549.713561 sendmsg(68, {msg_name=NULL, msg_namelen=0, msg_iov=[{iov_base="l\1\1\1\374\0\0\0\226\2\0\0\235\0\0\0\1\1o\0;\0\0\0/re/frid"..., iov_len=428}], msg_iovlen=1, msg_controllen=0, msg_flags=0}, MSG_NOSIGNAL) = 428
13938 1783915549.721112 sendmsg(68, {msg_name=NULL, msg_namelen=0, msg_iov=[{iov_base="l\1\1\1\374\0\0\0\227\2\0\0\235\0\0\0\1\1o\0;\0\0\0/re/frid"..., iov_len=428}], msg_iovlen=1, msg_controllen=0, msg_flags=0}, MSG_NOSIGNAL) = 428
13938 1783915549.728472 sendmsg(68, {msg_name=NULL, msg_namelen=0, msg_iov=[{iov_base="l\1\1\1\370\0\0\0\230\2\0\0\235\0\0\0\1\1o\0;\0\0\0/re/frid"..., iov_len=424}], msg_iovlen=1, msg_controllen=0, msg_flags=0}, MSG_NOSIGNAL) = 424
13938 1783915549.734379 sendmsg(68, {msg_name=NULL, msg_namelen=0, msg_iov=[{iov_base="l\1\1\1\370\0\0\0\231\2\0\0\235\0\0\0\1\1o\0;\0\0\0/re/frid"..., iov_len=424}], msg_iovlen=1, msg_controllen=0, msg_flags=0}, MSG_NOSIGNAL) = 424
13938 1783915549.742293 sendmsg(68, {msg_name=NULL, msg_namelen=0, msg_iov=[{iov_base="l\1\1\1\370\0\0\0\232\2\0\0\235\0\0\0\1\1o\0;\0\0\0/re/frid"..., iov_len=424}], msg_iovlen=1, msg_controllen=0, msg_flags=0}, MSG_NOSIGNAL) = 424
13938 1783915549.751278 sendmsg(68, {msg_name=NULL, msg_namelen=0, msg_iov=[{iov_base="l\1\1\1\374\0\0\0\233\2\0\0\235\0\0\0\1\1o\0;\0\0\0/re/frid"..., iov_len=428}], msg_iovlen=1, msg_controllen=0, msg_flags=0}, MSG_NOSIGNAL) = 428
13938 1783915549.757554 sendmsg(68, {msg_name=NULL, msg_namelen=0, msg_iov=[{iov_base="l\1\1\1\374\0\0\0\234\2\0\0\235\0\0\0\1\1o\0;\0\0\0/re/frid"..., iov_len=428}], msg_iovlen=1, msg_controllen=0, msg_flags=0}, MSG_NOSIGNAL) = 428
13938 1783915549.765538 sendmsg(68, {msg_name=NULL, msg_namelen=0, msg_iov=[{iov_base="l\1\1\1\374\0\0\0\235\2\0\0\235\0\0\0\1\1o\0;\0\0\0/re/frid"..., iov_len=428}], msg_iovlen=1, msg_controllen=0, msg_flags=0}, MSG_NOSIGNAL) = 428
13938 1783915549.771907 sendmsg(68, {msg_name=NULL, msg_namelen=0, msg_iov=[{iov_base="l\1\1\1\370\0\0\0\236\2\0\0\235\0\0\0\1\1o\0;\0\0\0/re/frid"..., iov_len=424}], msg_iovlen=1, msg_controllen=0, msg_flags=0}, MSG_NOSIGNAL) = 424
13938 1783915549.780288 sendmsg(68, {msg_name=NULL, msg_namelen=0, msg_iov=[{iov_base="l\1\1\1\370\0\0\0\237\2\0\0\235\0\0\0\1\1o\0;\0\0\0/re/frid"..., iov_len=424}], msg_iovlen=1, msg_controllen=0, msg_flags=0}, MSG_NOSIGNAL) = 424
13938 1783915549.786230 sendmsg(68, {msg_name=NULL, msg_namelen=0, msg_iov=[{iov_base="l\1\1\1\370\0\0\0\240\2\0\0\235\0\0\0\1\1o\0;\0\0\0/re/frid"..., iov_len=424}], msg_iovlen=1, msg_controllen=0, msg_flags=0}, MSG_NOSIGNAL) = 424
13938 1783915549.793090 sendmsg(68, {msg_name=NULL, msg_namelen=0, msg_iov=[{iov_base="l\1\1\1\374\0\0\0\241\2\0\0\235\0\0\0\1\1o\0;\0\0\0/re/frid"..., iov_len=428}], msg_iovlen=1, msg_controllen=0, msg_flags=0}, MSG_NOSIGNAL) = 428
13938 1783915549.798638 sendmsg(68, {msg_name=NULL, msg_namelen=0, msg_iov=[{iov_base="l\1\1\1\374\0\0\0\242\2\0\0\235\0\0\0\1\1o\0;\0\0\0/re/frid"..., iov_len=428}], msg_iovlen=1, msg_controllen=0, msg_flags=0}, MSG_NOSIGNAL) = 428
13938 1783915549.807898 sendmsg(68, {msg_name=NULL, msg_namelen=0, msg_iov=[{iov_base="l\1\1\1\374\0\0\0\243\2\0\0\235\0\0\0\1\1o\0;\0\0\0/re/frid"..., iov_len=428}], msg_iovlen=1, msg_controllen=0, msg_flags=0}, MSG_NOSIGNAL) = 428
13938 1783915549.815187 sendmsg(68, {msg_name=NULL, msg_namelen=0, msg_iov=[{iov_base="l\1\1\1\370\0\0\0\244\2\0\0\235\0\0\0\1\1o\0;\0\0\0/re/frid"..., iov_len=424}], msg_iovlen=1, msg_controllen=0, msg_flags=0}, MSG_NOSIGNAL) = 424
13938 1783915549.823500 sendmsg(68, {msg_name=NULL, msg_namelen=0, msg_iov=[{iov_base="l\1\1\1\370\0\0\0\245\2\0\0\235\0\0\0\1\1o\0;\0\0\0/re/frid"..., iov_len=424}], msg_iovlen=1, msg_controllen=0, msg_flags=0}, MSG_NOSIGNAL) = 424
13938 1783915549.830733 sendmsg(68, {msg_name=NULL, msg_namelen=0, msg_iov=[{iov_base="l\1\1\1\370\0\0\0\246\2\0\0\235\0\0\0\1\1o\0;\0\0\0/re/frid"..., iov_len=424}], msg_iovlen=1, msg_controllen=0, msg_flags=0}, MSG_NOSIGNAL) = 424
13938 1783915549.837460 sendmsg(68, {msg_name=NULL, msg_namelen=0, msg_iov=[{iov_base="l\1\1\1\374\0\0\0\247\2\0\0\235\0\0\0\1\1o\0;\0\0\0/re/frid"..., iov_len=428}], msg_iovlen=1, msg_controllen=0, msg_flags=0}, MSG_NOSIGNAL) = 428
13938 1783915549.846274 sendmsg(68, {msg_name=NULL, msg_namelen=0, msg_iov=[{iov_base="l\1\1\1\374\0\0\0\250\2\0\0\235\0\0\0\1\1o\0;\0\0\0/re/frid"..., iov_len=428}], msg_iovlen=1, msg_controllen=0, msg_flags=0}, MSG_NOSIGNAL) = 428
13938 1783915549.852314 sendmsg(68, {msg_name=NULL, msg_namelen=0, msg_iov=[{iov_base="l\1\1\1\374\0\0\0\251\2\0\0\235\0\0\0\1\1o\0;\0\0\0/re/frid"..., iov_len=428}], msg_iovlen=1, msg_controllen=0, msg_flags=0}, MSG_NOSIGNAL) = 428
13938 1783915549.861057 sendmsg(68, {msg_name=NULL, msg_namelen=0, msg_iov=[{iov_base="l\1\1\1\370\0\0\0\252\2\0\0\235\0\0\0\1\1o\0;\0\0\0/re/frid"..., iov_len=424}], msg_iovlen=1, msg_controllen=0, msg_flags=0}, MSG_NOSIGNAL) = 424
13938 1783915549.868246 sendmsg(68, {msg_name=NULL, msg_namelen=0, msg_iov=[{iov_base="l\1\1\1\370\0\0\0\253\2\0\0\235\0\0\0\1\1o\0;\0\0\0/re/frid"..., iov_len=424}], msg_iovlen=1, msg_controllen=0, msg_flags=0}, MSG_NOSIGNAL) = 424
13938 1783915549.876550 sendmsg(68, {msg_name=NULL, msg_namelen=0, msg_iov=[{iov_base="l\1\1\1\370\0\0\0\254\2\0\0\235\0\0\0\1\1o\0;\0\0\0/re/frid"..., iov_len=424}], msg_iovlen=1, msg_controllen=0, msg_flags=0}, MSG_NOSIGNAL) = 424
13938 1783915549.884417 sendmsg(68, {msg_name=NULL, msg_namelen=0, msg_iov=[{iov_base="l\1\1\1\374\0\0\0\255\2\0\0\235\0\0\0\1\1o\0;\0\0\0/re/frid"..., iov_len=428}], msg_iovlen=1, msg_controllen=0, msg_flags=0}, MSG_NOSIGNAL) = 428
13938 1783915549.892686 sendmsg(68, {msg_name=NULL, msg_namelen=0, msg_iov=[{iov_base="l\1\1\1\374\0\0\0\256\2\0\0\235\0\0\0\1\1o\0;\0\0\0/re/frid"..., iov_len=428}], msg_iovlen=1, msg_controllen=0, msg_flags=0}, MSG_NOSIGNAL) = 428
13938 1783915549.900374 sendmsg(68, {msg_name=NULL, msg_namelen=0, msg_iov=[{iov_base="l\1\1\1\374\0\0\0\257\2\0\0\235\0\0\0\1\1o\0;\0\0\0/re/frid"..., iov_len=428}], msg_iovlen=1, msg_controllen=0, msg_flags=0}, MSG_NOSIGNAL) = 428
13938 1783915549.906760 sendmsg(68, {msg_name=NULL, msg_namelen=0, msg_iov=[{iov_base="l\1\1\1\370\0\0\0\260\2\0\0\235\0\0\0\1\1o\0;\0\0\0/re/frid"..., iov_len=424}], msg_iovlen=1, msg_controllen=0, msg_flags=0}, MSG_NOSIGNAL) = 424
13938 1783915549.912832 sendmsg(68, {msg_name=NULL, msg_namelen=0, msg_iov=[{iov_base="l\1\1\1\370\0\0\0\261\2\0\0\235\0\0\0\1\1o\0;\0\0\0/re/frid"..., iov_len=424}], msg_iovlen=1, msg_controllen=0, msg_flags=0}, MSG_NOSIGNAL) = 424
13938 1783915549.920969 sendmsg(68, {msg_name=NULL, msg_namelen=0, msg_iov=[{iov_base="l\1\1\1\370\0\0\0\262\2\0\0\235\0\0\0\1\1o\0;\0\0\0/re/frid"..., iov_len=424}], msg_iovlen=1, msg_controllen=0, msg_flags=0}, MSG_NOSIGNAL) = 424
13938 1783915549.928801 sendmsg(68, {msg_name=NULL, msg_namelen=0, msg_iov=[{iov_base="l\1\1\1\374\0\0\0\263\2\0\0\235\0\0\0\1\1o\0;\0\0\0/re/frid"..., iov_len=428}], msg_iovlen=1, msg_controllen=0, msg_flags=0}, MSG_NOSIGNAL) = 428
13938 1783915549.936135 sendmsg(68, {msg_name=NULL, msg_namelen=0, msg_iov=[{iov_base="l\1\1\1\374\0\0\0\264\2\0\0\235\0\0\0\1\1o\0;\0\0\0/re/frid"..., iov_len=428}], msg_iovlen=1, msg_controllen=0, msg_flags=0}, MSG_NOSIGNAL) = 428
13938 1783915549.943247 sendmsg(68, {msg_name=NULL, msg_namelen=0, msg_iov=[{iov_base="l\1\1\1\374\0\0\0\265\2\0\0\235\0\0\0\1\1o\0;\0\0\0/re/frid"..., iov_len=428}], msg_iovlen=1, msg_controllen=0, msg_flags=0}, MSG_NOSIGNAL) = 428
13938 1783915549.950835 sendmsg(68, {msg_name=NULL, msg_namelen=0, msg_iov=[{iov_base="l\1\1\1\370\0\0\0\266\2\0\0\235\0\0\0\1\1o\0;\0\0\0/re/frid"..., iov_len=424}], msg_iovlen=1, msg_controllen=0, msg_flags=0}, MSG_NOSIGNAL) = 424
13938 1783915549.958120 sendmsg(68, {msg_name=NULL, msg_namelen=0, msg_iov=[{iov_base="l\1\1\1\370\0\0\0\267\2\0\0\235\0\0\0\1\1o\0;\0\0\0/re/frid"..., iov_len=424}], msg_iovlen=1, msg_controllen=0, msg_flags=0}, MSG_NOSIGNAL) = 424
13938 1783915549.965704 sendmsg(68, {msg_name=NULL, msg_namelen=0, msg_iov=[{iov_base="l\1\1\1\370\0\0\0\270\2\0\0\235\0\0\0\1\1o\0;\0\0\0/re/frid"..., iov_len=424}], msg_iovlen=1, msg_controllen=0, msg_flags=0}, MSG_NOSIGNAL) = 424
13938 1783915549.973566 sendmsg(68, {msg_name=NULL, msg_namelen=0, msg_iov=[{iov_base="l\1\1\1\374\0\0\0\271\2\0\0\235\0\0\0\1\1o\0;\0\0\0/re/frid"..., iov_len=428}], msg_iovlen=1, msg_controllen=0, msg_flags=0}, MSG_NOSIGNAL) = 428
13938 1783915549.980191 sendmsg(68, {msg_name=NULL, msg_namelen=0, msg_iov=[{iov_base="l\1\1\1\374\0\0\0\272\2\0\0\235\0\0\0\1\1o\0;\0\0\0/re/frid"..., iov_len=428}], msg_iovlen=1, msg_controllen=0, msg_flags=0}, MSG_NOSIGNAL) = 428
13938 1783915549.988087 sendmsg(68, {msg_name=NULL, msg_namelen=0, msg_iov=[{iov_base="l\1\1\1\374\0\0\0\273\2\0\0\235\0\0\0\1\1o\0;\0\0\0/re/frid"..., iov_len=428}], msg_iovlen=1, msg_controllen=0, msg_flags=0}, MSG_NOSIGNAL) = 428
13902 1783915549.990565 recvfrom(46, "nysv\0\0\0\0\0\0\0\0\0\0\0\0 2e\333\310\3\0\0g\311\3\0\0\0\0\0", 3200, MSG_DONTWAIT, NULL, NULL) = 32
13902 1783915549.990724 recvfrom(46, 0x7fc3986860, 3200, MSG_DONTWAIT, NULL, NULL) = -1 EAGAIN (Try again)
13902 1783915549.991226 recvfrom(48, 0x7d2a8bb020, 2272, MSG_DONTWAIT, NULL, NULL) = -1 EAGAIN (Try again)
13902 1783915549.991379 recvfrom(46, 0x7fc39867c0, 3200, MSG_DONTWAIT, NULL, NULL) = -1 EAGAIN (Try again)
13938 1783915549.999503 sendmsg(68, {msg_name=NULL, msg_namelen=0, msg_iov=[{iov_base="l\1\1\1\370\0\0\0\274\2\0\0\235\0\0\0\1\1o\0;\0\0\0/re/frid"..., iov_len=424}], msg_iovlen=1, msg_controllen=0, msg_flags=0}, MSG_NOSIGNAL) = 424
13938 1783915550.008945 sendmsg(68, {msg_name=NULL, msg_namelen=0, msg_iov=[{iov_base="l\1\1\1\370\0\0\0\275\2\0\0\235\0\0\0\1\1o\0;\0\0\0/re/frid"..., iov_len=424}], msg_iovlen=1, msg_controllen=0, msg_flags=0}, MSG_NOSIGNAL) = 424
13938 1783915550.018391 sendmsg(68, {msg_name=NULL, msg_namelen=0, msg_iov=[{iov_base="l\1\1\1\370\0\0\0\276\2\0\0\235\0\0\0\1\1o\0;\0\0\0/re/frid"..., iov_len=424}], msg_iovlen=1, msg_controllen=0, msg_flags=0}, MSG_NOSIGNAL) = 424
13938 1783915550.027266 sendmsg(68, {msg_name=NULL, msg_namelen=0, msg_iov=[{iov_base="l\1\1\1\374\0\0\0\277\2\0\0\235\0\0\0\1\1o\0;\0\0\0/re/frid"..., iov_len=428}], msg_iovlen=1, msg_controllen=0, msg_flags=0}, MSG_NOSIGNAL) = 428
13938 1783915550.034686 sendmsg(68, {msg_name=NULL, msg_namelen=0, msg_iov=[{iov_base="l\1\1\1\374\0\0\0\300\2\0\0\235\0\0\0\1\1o\0;\0\0\0/re/frid"..., iov_len=428}], msg_iovlen=1, msg_controllen=0, msg_flags=0}, MSG_NOSIGNAL) = 428
13938 1783915550.040919 sendmsg(68, {msg_name=NULL, msg_namelen=0, msg_iov=[{iov_base="l\1\1\1\374\0\0\0\301\2\0\0\235\0\0\0\1\1o\0;\0\0\0/re/frid"..., iov_len=428}], msg_iovlen=1, msg_controllen=0, msg_flags=0}, MSG_NOSIGNAL) = 428
13938 1783915550.049658 sendmsg(68, {msg_name=NULL, msg_namelen=0, msg_iov=[{iov_base="l\1\1\1\370\0\0\0\302\2\0\0\235\0\0\0\1\1o\0;\0\0\0/re/frid"..., iov_len=424}], msg_iovlen=1, msg_controllen=0, msg_flags=0}, MSG_NOSIGNAL) = 424
13938 1783915550.056346 sendmsg(68, {msg_name=NULL, msg_namelen=0, msg_iov=[{iov_base="l\1\1\1\370\0\0\0\303\2\0\0\235\0\0\0\1\1o\0;\0\0\0/re/frid"..., iov_len=424}], msg_iovlen=1, msg_controllen=0, msg_flags=0}, MSG_NOSIGNAL) = 424
13938 1783915550.063761 sendmsg(68, {msg_name=NULL, msg_namelen=0, msg_iov=[{iov_base="l\1\1\1\370\0\0\0\304\2\0\0\235\0\0\0\1\1o\0;\0\0\0/re/frid"..., iov_len=424}], msg_iovlen=1, msg_controllen=0, msg_flags=0}, MSG_NOSIGNAL) = 424
13938 1783915550.070935 sendmsg(68, {msg_name=NULL, msg_namelen=0, msg_iov=[{iov_base="l\1\1\1\374\0\0\0\305\2\0\0\235\0\0\0\1\1o\0;\0\0\0/re/frid"..., iov_len=428}], msg_iovlen=1, msg_controllen=0, msg_flags=0}, MSG_NOSIGNAL) = 428
13938 1783915550.080839 sendmsg(68, {msg_name=NULL, msg_namelen=0, msg_iov=[{iov_base="l\1\1\1\374\0\0\0\306\2\0\0\235\0\0\0\1\1o\0;\0\0\0/re/frid"..., iov_len=428}], msg_iovlen=1, msg_controllen=0, msg_flags=0}, MSG_NOSIGNAL) = 428
13938 1783915550.089791 sendmsg(68, {msg_name=NULL, msg_namelen=0, msg_iov=[{iov_base="l\1\1\1\374\0\0\0\307\2\0\0\235\0\0\0\1\1o\0;\0\0\0/re/frid"..., iov_len=428}], msg_iovlen=1, msg_controllen=0, msg_flags=0}, MSG_NOSIGNAL) = 428
13938 1783915550.096885 sendmsg(68, {msg_name=NULL, msg_namelen=0, msg_iov=[{iov_base="l\1\1\1\370\0\0\0\310\2\0\0\235\0\0\0\1\1o\0;\0\0\0/re/frid"..., iov_len=424}], msg_iovlen=1, msg_controllen=0, msg_flags=0}, MSG_NOSIGNAL) = 424
13938 1783915550.103579 sendmsg(68, {msg_name=NULL, msg_namelen=0, msg_iov=[{iov_base="l\1\1\1\370\0\0\0\311\2\0\0\235\0\0\0\1\1o\0;\0\0\0/re/frid"..., iov_len=424}], msg_iovlen=1, msg_controllen=0, msg_flags=0}, MSG_NOSIGNAL) = 424
13938 1783915550.113639 sendmsg(68, {msg_name=NULL, msg_namelen=0, msg_iov=[{iov_base="l\1\1\1\370\0\0\0\312\2\0\0\235\0\0\0\1\1o\0;\0\0\0/re/frid"..., iov_len=424}], msg_iovlen=1, msg_controllen=0, msg_flags=0}, MSG_NOSIGNAL) = 424
13921 1783915550.121542 clone(child_stack=0x7d39e86d40, flags=CLONE_VM|CLONE_FS|CLONE_FILES|CLONE_SIGHAND|CLONE_THREAD|CLONE_SYSVSEM|CLONE_SETTLS|CLONE_PARENT_SETTID|CLONE_CHILD_CLEARTID, parent_tidptr=0x7d39e86d60, tls=0x7d39e87020, child_tidptr=0x7d39e86d60) = 14175
14175 1783915550.125562 openat(AT_FDCWD, "/proc/14175/timerslack_ns", O_WRONLY|O_CREAT|O_TRUNC|O_NOFOLLOW|O_CLOEXEC, 0666) = 70
13938 1783915550.128398 sendmsg(68, {msg_name=NULL, msg_namelen=0, msg_iov=[{iov_base="l\1\1\1\374\0\0\0\313\2\0\0\235\0\0\0\1\1o\0;\0\0\0/re/frid"..., iov_len=428}], msg_iovlen=1, msg_controllen=0, msg_flags=0}, MSG_NOSIGNAL) = 428
13938 1783915550.135970 sendmsg(68, {msg_name=NULL, msg_namelen=0, msg_iov=[{iov_base="l\1\1\1\374\0\0\0\314\2\0\0\235\0\0\0\1\1o\0;\0\0\0/re/frid"..., iov_len=428}], msg_iovlen=1, msg_controllen=0, msg_flags=0}, MSG_NOSIGNAL) = 428
13938 1783915550.141854 sendmsg(68, {msg_name=NULL, msg_namelen=0, msg_iov=[{iov_base="l\1\1\1\374\0\0\0\315\2\0\0\235\0\0\0\1\1o\0;\0\0\0/re/frid"..., iov_len=428}], msg_iovlen=1, msg_controllen=0, msg_flags=0}, MSG_NOSIGNAL) = 428
13938 1783915550.149382 sendmsg(68, {msg_name=NULL, msg_namelen=0, msg_iov=[{iov_base="l\1\1\1\370\0\0\0\316\2\0\0\235\0\0\0\1\1o\0;\0\0\0/re/frid"..., iov_len=424}], msg_iovlen=1, msg_controllen=0, msg_flags=0}, MSG_NOSIGNAL) = 424
13938 1783915550.155761 sendmsg(68, {msg_name=NULL, msg_namelen=0, msg_iov=[{iov_base="l\1\1\1\370\0\0\0\317\2\0\0\235\0\0\0\1\1o\0;\0\0\0/re/frid"..., iov_len=424}], msg_iovlen=1, msg_controllen=0, msg_flags=0}, MSG_NOSIGNAL) = 424
13938 1783915550.162880 sendmsg(68, {msg_name=NULL, msg_namelen=0, msg_iov=[{iov_base="l\1\1\1\370\0\0\0\320\2\0\0\235\0\0\0\1\1o\0;\0\0\0/re/frid"..., iov_len=424}], msg_iovlen=1, msg_controllen=0, msg_flags=0}, MSG_NOSIGNAL) = 424
13938 1783915550.170728 sendmsg(68, {msg_name=NULL, msg_namelen=0, msg_iov=[{iov_base="l\1\1\1\374\0\0\0\321\2\0\0\235\0\0\0\1\1o\0;\0\0\0/re/frid"..., iov_len=428}], msg_iovlen=1, msg_controllen=0, msg_flags=0}, MSG_NOSIGNAL) = 428
13938 1783915550.176416 sendmsg(68, {msg_name=NULL, msg_namelen=0, msg_iov=[{iov_base="l\1\1\1\374\0\0\0\322\2\0\0\235\0\0\0\1\1o\0;\0\0\0/re/frid"..., iov_len=428}], msg_iovlen=1, msg_controllen=0, msg_flags=0}, MSG_NOSIGNAL) = 428
13938 1783915550.183793 sendmsg(68, {msg_name=NULL, msg_namelen=0, msg_iov=[{iov_base="l\1\1\1\374\0\0\0\323\2\0\0\235\0\0\0\1\1o\0;\0\0\0/re/frid"..., iov_len=428}], msg_iovlen=1, msg_controllen=0, msg_flags=0}, MSG_NOSIGNAL) = 428
13938 1783915550.193321 sendmsg(68, {msg_name=NULL, msg_namelen=0, msg_iov=[{iov_base="l\1\1\1\370\0\0\0\324\2\0\0\235\0\0\0\1\1o\0;\0\0\0/re/frid"..., iov_len=424}], msg_iovlen=1, msg_controllen=0, msg_flags=0}, MSG_NOSIGNAL) = 424
13938 1783915550.200195 sendmsg(68, {msg_name=NULL, msg_namelen=0, msg_iov=[{iov_base="l\1\1\1\370\0\0\0\325\2\0\0\235\0\0\0\1\1o\0;\0\0\0/re/frid"..., iov_len=424}], msg_iovlen=1, msg_controllen=0, msg_flags=0}, MSG_NOSIGNAL) = 424
13938 1783915550.206609 sendmsg(68, {msg_name=NULL, msg_namelen=0, msg_iov=[{iov_base="l\1\1\1\370\0\0\0\326\2\0\0\235\0\0\0\1\1o\0;\0\0\0/re/frid"..., iov_len=424}], msg_iovlen=1, msg_controllen=0, msg_flags=0}, MSG_NOSIGNAL) = 424
13938 1783915550.212585 sendmsg(68, {msg_name=NULL, msg_namelen=0, msg_iov=[{iov_base="l\1\1\1\374\0\0\0\327\2\0\0\235\0\0\0\1\1o\0;\0\0\0/re/frid"..., iov_len=428}], msg_iovlen=1, msg_controllen=0, msg_flags=0}, MSG_NOSIGNAL) = 428
13938 1783915550.223445 sendmsg(68, {msg_name=NULL, msg_namelen=0, msg_iov=[{iov_base="l\1\1\1\374\0\0\0\330\2\0\0\235\0\0\0\1\1o\0;\0\0\0/re/frid"..., iov_len=428}], msg_iovlen=1, msg_controllen=0, msg_flags=0}, MSG_NOSIGNAL) = 428
13938 1783915550.238369 sendmsg(68, {msg_name=NULL, msg_namelen=0, msg_iov=[{iov_base="l\1\1\1\374\0\0\0\331\2\0\0\235\0\0\0\1\1o\0;\0\0\0/re/frid"..., iov_len=428}], msg_iovlen=1, msg_controllen=0, msg_flags=0}, MSG_NOSIGNAL) = 428
13938 1783915550.249866 sendmsg(68, {msg_name=NULL, msg_namelen=0, msg_iov=[{iov_base="l\1\1\1\370\0\0\0\332\2\0\0\235\0\0\0\1\1o\0;\0\0\0/re/frid"..., iov_len=424}], msg_iovlen=1, msg_controllen=0, msg_flags=0}, MSG_NOSIGNAL) = 424
13938 1783915550.260308 sendmsg(68, {msg_name=NULL, msg_namelen=0, msg_iov=[{iov_base="l\1\1\1\370\0\0\0\333\2\0\0\235\0\0\0\1\1o\0;\0\0\0/re/frid"..., iov_len=424}], msg_iovlen=1, msg_controllen=0, msg_flags=0}, MSG_NOSIGNAL) = 424
13938 1783915550.266385 sendmsg(68, {msg_name=NULL, msg_namelen=0, msg_iov=[{iov_base="l\1\1\1\370\0\0\0\334\2\0\0\235\0\0\0\1\1o\0;\0\0\0/re/frid"..., iov_len=424}], msg_iovlen=1, msg_controllen=0, msg_flags=0}, MSG_NOSIGNAL) = 424
13938 1783915550.273261 sendmsg(68, {msg_name=NULL, msg_namelen=0, msg_iov=[{iov_base="l\1\1\1\374\0\0\0\335\2\0\0\235\0\0\0\1\1o\0;\0\0\0/re/frid"..., iov_len=428}], msg_iovlen=1, msg_controllen=0, msg_flags=0}, MSG_NOSIGNAL) = 428
13938 1783915550.280759 sendmsg(68, {msg_name=NULL, msg_namelen=0, msg_iov=[{iov_base="l\1\1\1\374\0\0\0\336\2\0\0\235\0\0\0\1\1o\0;\0\0\0/re/frid"..., iov_len=428}], msg_iovlen=1, msg_controllen=0, msg_flags=0}, MSG_NOSIGNAL) = 428
13938 1783915550.289227 sendmsg(68, {msg_name=NULL, msg_namelen=0, msg_iov=[{iov_base="l\1\1\1\374\0\0\0\337\2\0\0\235\0\0\0\1\1o\0;\0\0\0/re/frid"..., iov_len=428}], msg_iovlen=1, msg_controllen=0, msg_flags=0}, MSG_NOSIGNAL) = 428
13938 1783915550.296046 sendmsg(68, {msg_name=NULL, msg_namelen=0, msg_iov=[{iov_base="l\1\1\1\370\0\0\0\340\2\0\0\235\0\0\0\1\1o\0;\0\0\0/re/frid"..., iov_len=424}], msg_iovlen=1, msg_controllen=0, msg_flags=0}, MSG_NOSIGNAL) = 424
13938 1783915550.305223 sendmsg(68, {msg_name=NULL, msg_namelen=0, msg_iov=[{iov_base="l\1\1\1\370\0\0\0\341\2\0\0\235\0\0\0\1\1o\0;\0\0\0/re/frid"..., iov_len=424}], msg_iovlen=1, msg_controllen=0, msg_flags=0}, MSG_NOSIGNAL) = 424
13938 1783915550.312192 sendmsg(68, {msg_name=NULL, msg_namelen=0, msg_iov=[{iov_base="l\1\1\1\370\0\0\0\342\2\0\0\235\0\0\0\1\1o\0;\0\0\0/re/frid"..., iov_len=424}], msg_iovlen=1, msg_controllen=0, msg_flags=0}, MSG_NOSIGNAL) = 424
13938 1783915550.320196 sendmsg(68, {msg_name=NULL, msg_namelen=0, msg_iov=[{iov_base="l\1\1\1\374\0\0\0\343\2\0\0\235\0\0\0\1\1o\0;\0\0\0/re/frid"..., iov_len=428}], msg_iovlen=1, msg_controllen=0, msg_flags=0}, MSG_NOSIGNAL) = 428
13938 1783915550.325737 sendmsg(68, {msg_name=NULL, msg_namelen=0, msg_iov=[{iov_base="l\1\1\1\374\0\0\0\344\2\0\0\235\0\0\0\1\1o\0;\0\0\0/re/frid"..., iov_len=428}], msg_iovlen=1, msg_controllen=0, msg_flags=0}, MSG_NOSIGNAL) = 428
13938 1783915550.333036 sendmsg(68, {msg_name=NULL, msg_namelen=0, msg_iov=[{iov_base="l\1\1\1\374\0\0\0\345\2\0\0\235\0\0\0\1\1o\0;\0\0\0/re/frid"..., iov_len=428}], msg_iovlen=1, msg_controllen=0, msg_flags=0}, MSG_NOSIGNAL) = 428
13938 1783915550.338684 sendmsg(68, {msg_name=NULL, msg_namelen=0, msg_iov=[{iov_base="l\1\1\1\370\0\0\0\346\2\0\0\235\0\0\0\1\1o\0;\0\0\0/re/frid"..., iov_len=424}], msg_iovlen=1, msg_controllen=0, msg_flags=0}, MSG_NOSIGNAL) = 424
13938 1783915550.346846 sendmsg(68, {msg_name=NULL, msg_namelen=0, msg_iov=[{iov_base="l\1\1\1\370\0\0\0\347\2\0\0\235\0\0\0\1\1o\0;\0\0\0/re/frid"..., iov_len=424}], msg_iovlen=1, msg_controllen=0, msg_flags=0}, MSG_NOSIGNAL) = 424
13938 1783915550.354595 sendmsg(68, {msg_name=NULL, msg_namelen=0, msg_iov=[{iov_base="l\1\1\1\370\0\0\0\350\2\0\0\235\0\0\0\1\1o\0;\0\0\0/re/frid"..., iov_len=424}], msg_iovlen=1, msg_controllen=0, msg_flags=0}, MSG_NOSIGNAL) = 424
13938 1783915550.361523 sendmsg(68, {msg_name=NULL, msg_namelen=0, msg_iov=[{iov_base="l\1\1\1\374\0\0\0\351\2\0\0\235\0\0\0\1\1o\0;\0\0\0/re/frid"..., iov_len=428}], msg_iovlen=1, msg_controllen=0, msg_flags=0}, MSG_NOSIGNAL) = 428
13938 1783915550.368547 sendmsg(68, {msg_name=NULL, msg_namelen=0, msg_iov=[{iov_base="l\1\1\1\374\0\0\0\352\2\0\0\235\0\0\0\1\1o\0;\0\0\0/re/frid"..., iov_len=428}], msg_iovlen=1, msg_controllen=0, msg_flags=0}, MSG_NOSIGNAL) = 428
13938 1783915550.375470 sendmsg(68, {msg_name=NULL, msg_namelen=0, msg_iov=[{iov_base="l\1\1\1\374\0\0\0\353\2\0\0\235\0\0\0\1\1o\0;\0\0\0/re/frid"..., iov_len=428}], msg_iovlen=1, msg_controllen=0, msg_flags=0}, MSG_NOSIGNAL) = 428
13938 1783915550.382606 sendmsg(68, {msg_name=NULL, msg_namelen=0, msg_iov=[{iov_base="l\1\1\1\370\0\0\0\354\2\0\0\235\0\0\0\1\1o\0;\0\0\0/re/frid"..., iov_len=424}], msg_iovlen=1, msg_controllen=0, msg_flags=0}, MSG_NOSIGNAL) = 424
13938 1783915550.389776 sendmsg(68, {msg_name=NULL, msg_namelen=0, msg_iov=[{iov_base="l\1\1\1\370\0\0\0\355\2\0\0\235\0\0\0\1\1o\0;\0\0\0/re/frid"..., iov_len=424}], msg_iovlen=1, msg_controllen=0, msg_flags=0}, MSG_NOSIGNAL) = 424
13938 1783915550.395174 sendmsg(68, {msg_name=NULL, msg_namelen=0, msg_iov=[{iov_base="l\1\1\1\370\0\0\0\356\2\0\0\235\0\0\0\1\1o\0;\0\0\0/re/frid"..., iov_len=424}], msg_iovlen=1, msg_controllen=0, msg_flags=0}, MSG_NOSIGNAL) = 424
13938 1783915550.402703 sendmsg(68, {msg_name=NULL, msg_namelen=0, msg_iov=[{iov_base="l\1\1\1\374\0\0\0\357\2\0\0\235\0\0\0\1\1o\0;\0\0\0/re/frid"..., iov_len=428}], msg_iovlen=1, msg_controllen=0, msg_flags=0}, MSG_NOSIGNAL) = 428
13938 1783915550.410416 sendmsg(68, {msg_name=NULL, msg_namelen=0, msg_iov=[{iov_base="l\1\1\1\374\0\0\0\360\2\0\0\235\0\0\0\1\1o\0;\0\0\0/re/frid"..., iov_len=428}], msg_iovlen=1, msg_controllen=0, msg_flags=0}, MSG_NOSIGNAL) = 428
13938 1783915550.416637 sendmsg(68, {msg_name=NULL, msg_namelen=0, msg_iov=[{iov_base="l\1\1\1\374\0\0\0\361\2\0\0\235\0\0\0\1\1o\0;\0\0\0/re/frid"..., iov_len=428}], msg_iovlen=1, msg_controllen=0, msg_flags=0}, MSG_NOSIGNAL) = 428
13938 1783915550.422888 sendmsg(68, {msg_name=NULL, msg_namelen=0, msg_iov=[{iov_base="l\1\1\1\370\0\0\0\362\2\0\0\235\0\0\0\1\1o\0;\0\0\0/re/frid"..., iov_len=424}], msg_iovlen=1, msg_controllen=0, msg_flags=0}, MSG_NOSIGNAL) = 424
13938 1783915550.430855 sendmsg(68, {msg_name=NULL, msg_namelen=0, msg_iov=[{iov_base="l\1\1\1\370\0\0\0\363\2\0\0\235\0\0\0\1\1o\0;\0\0\0/re/frid"..., iov_len=424}], msg_iovlen=1, msg_controllen=0, msg_flags=0}, MSG_NOSIGNAL) = 424
13938 1783915550.437690 sendmsg(68, {msg_name=NULL, msg_namelen=0, msg_iov=[{iov_base="l\1\1\1\370\0\0\0\364\2\0\0\235\0\0\0\1\1o\0;\0\0\0/re/frid"..., iov_len=424}], msg_iovlen=1, msg_controllen=0, msg_flags=0}, MSG_NOSIGNAL) = 424
13938 1783915550.445385 sendmsg(68, {msg_name=NULL, msg_namelen=0, msg_iov=[{iov_base="l\1\1\1\374\0\0\0\365\2\0\0\235\0\0\0\1\1o\0;\0\0\0/re/frid"..., iov_len=428}], msg_iovlen=1, msg_controllen=0, msg_flags=0}, MSG_NOSIGNAL) = 428
13938 1783915550.452737 sendmsg(68, {msg_name=NULL, msg_namelen=0, msg_iov=[{iov_base="l\1\1\1\374\0\0\0\366\2\0\0\235\0\0\0\1\1o\0;\0\0\0/re/frid"..., iov_len=428}], msg_iovlen=1, msg_controllen=0, msg_flags=0}, MSG_NOSIGNAL) = 428
13938 1783915550.460045 sendmsg(68, {msg_name=NULL, msg_namelen=0, msg_iov=[{iov_base="l\1\1\1\374\0\0\0\367\2\0\0\235\0\0\0\1\1o\0;\0\0\0/re/frid"..., iov_len=428}], msg_iovlen=1, msg_controllen=0, msg_flags=0}, MSG_NOSIGNAL) = 428
13938 1783915550.468296 sendmsg(68, {msg_name=NULL, msg_namelen=0, msg_iov=[{iov_base="l\1\1\1\370\0\0\0\370\2\0\0\235\0\0\0\1\1o\0;\0\0\0/re/frid"..., iov_len=424}], msg_iovlen=1, msg_controllen=0, msg_flags=0}, MSG_NOSIGNAL) = 424
13938 1783915550.478591 sendmsg(68, {msg_name=NULL, msg_namelen=0, msg_iov=[{iov_base="l\1\1\1\370\0\0\0\371\2\0\0\235\0\0\0\1\1o\0;\0\0\0/re/frid"..., iov_len=424}], msg_iovlen=1, msg_controllen=0, msg_flags=0}, MSG_NOSIGNAL) = 424
13938 1783915550.485764 sendmsg(68, {msg_name=NULL, msg_namelen=0, msg_iov=[{iov_base="l\1\1\1\370\0\0\0\372\2\0\0\235\0\0\0\1\1o\0;\0\0\0/re/frid"..., iov_len=424}], msg_iovlen=1, msg_controllen=0, msg_flags=0}, MSG_NOSIGNAL) = 424
13938 1783915550.493184 sendmsg(68, {msg_name=NULL, msg_namelen=0, msg_iov=[{iov_base="l\1\1\1\374\0\0\0\373\2\0\0\235\0\0\0\1\1o\0;\0\0\0/re/frid"..., iov_len=428}], msg_iovlen=1, msg_controllen=0, msg_flags=0}, MSG_NOSIGNAL) = 428
13938 1783915550.499661 sendmsg(68, {msg_name=NULL, msg_namelen=0, msg_iov=[{iov_base="l\1\1\1\374\0\0\0\374\2\0\0\235\0\0\0\1\1o\0;\0\0\0/re/frid"..., iov_len=428}], msg_iovlen=1, msg_controllen=0, msg_flags=0}, MSG_NOSIGNAL) = 428
13938 1783915550.507554 sendmsg(68, {msg_name=NULL, msg_namelen=0, msg_iov=[{iov_base="l\1\1\1\374\0\0\0\375\2\0\0\235\0\0\0\1\1o\0;\0\0\0/re/frid"..., iov_len=428}], msg_iovlen=1, msg_controllen=0, msg_flags=0}, MSG_NOSIGNAL) = 428
13938 1783915550.513817 sendmsg(68, {msg_name=NULL, msg_namelen=0, msg_iov=[{iov_base="l\1\1\1\370\0\0\0\376\2\0\0\235\0\0\0\1\1o\0;\0\0\0/re/frid"..., iov_len=424}], msg_iovlen=1, msg_controllen=0, msg_flags=0}, MSG_NOSIGNAL) = 424
13938 1783915550.520085 sendmsg(68, {msg_name=NULL, msg_namelen=0, msg_iov=[{iov_base="l\1\1\1\370\0\0\0\377\2\0\0\235\0\0\0\1\1o\0;\0\0\0/re/frid"..., iov_len=424}], msg_iovlen=1, msg_controllen=0, msg_flags=0}, MSG_NOSIGNAL) = 424
13938 1783915550.526919 sendmsg(68, {msg_name=NULL, msg_namelen=0, msg_iov=[{iov_base="l\1\1\1\370\0\0\0\0\3\0\0\235\0\0\0\1\1o\0;\0\0\0/re/frid"..., iov_len=424}], msg_iovlen=1, msg_controllen=0, msg_flags=0}, MSG_NOSIGNAL) = 424
13938 1783915550.534194 sendmsg(68, {msg_name=NULL, msg_namelen=0, msg_iov=[{iov_base="l\1\1\1\374\0\0\0\1\3\0\0\235\0\0\0\1\1o\0;\0\0\0/re/frid"..., iov_len=428}], msg_iovlen=1, msg_controllen=0, msg_flags=0}, MSG_NOSIGNAL) = 428
13938 1783915550.540472 sendmsg(68, {msg_name=NULL, msg_namelen=0, msg_iov=[{iov_base="l\1\1\1\374\0\0\0\2\3\0\0\235\0\0\0\1\1o\0;\0\0\0/re/frid"..., iov_len=428}], msg_iovlen=1, msg_controllen=0, msg_flags=0}, MSG_NOSIGNAL) = 428
13938 1783915550.548897 sendmsg(68, {msg_name=NULL, msg_namelen=0, msg_iov=[{iov_base="l\1\1\1\374\0\0\0\3\3\0\0\235\0\0\0\1\1o\0;\0\0\0/re/frid"..., iov_len=428}], msg_iovlen=1, msg_controllen=0, msg_flags=0}, MSG_NOSIGNAL) = 428
13902 1783915550.552009 recvfrom(46, "nysv\0\0\0\0\0\0\0\0\0\0\0\0N\215\"\10\311\3\0\0\224\311\3\0\0\0\0\0", 3200, MSG_DONTWAIT, NULL, NULL) = 32
13902 1783915550.552250 recvfrom(46, 0x7fc3986860, 3200, MSG_DONTWAIT, NULL, NULL) = -1 EAGAIN (Try again)
13902 1783915550.554027 recvfrom(48, 0x7d2a8bb020, 2272, MSG_DONTWAIT, NULL, NULL) = -1 EAGAIN (Try again)
13902 1783915550.554258 recvfrom(46, 0x7fc39867c0, 3200, MSG_DONTWAIT, NULL, NULL) = -1 EAGAIN (Try again)
13902 1783915550.569885 recvfrom(46, "nysv\0\0\0\0\0\0\0\0\0\0\0\0@\375\354)\311\3\0\0\266\311\3\0\0\0\0\0", 3200, MSG_DONTWAIT, NULL, NULL) = 32
13902 1783915550.570306 recvfrom(46, 0x7fc3986860, 3200, MSG_DONTWAIT, NULL, NULL) = -1 EAGAIN (Try again)
13902 1783915550.581544 recvfrom(46, 0x7fc3985c70, 3200, MSG_DONTWAIT, NULL, NULL) = -1 EAGAIN (Try again)
13902 1783915550.587063 recvfrom(46, "nysv\0\0\0\0\0\0\0\0\0\0\0\0\177l\353*\311\3\0\0\267\311\3\0\0\0\0\0", 3200, MSG_DONTWAIT, NULL, NULL) = 32
13902 1783915550.588794 recvfrom(46, 0x7fc3986860, 3200, MSG_DONTWAIT, NULL, NULL) = -1 EAGAIN (Try again)
13902 1783915550.591526 recvfrom(48, 0x7d2a8bb020, 2272, MSG_DONTWAIT, NULL, NULL) = -1 EAGAIN (Try again)
13902 1783915550.591843 recvfrom(46, 0x7fc39867c0, 3200, MSG_DONTWAIT, NULL, NULL) = -1 EAGAIN (Try again)
13902 1783915550.603329 recvfrom(46, "nysv\0\0\0\0\0\0\0\0\0\0\0\0\177\333\351+\311\3\0\0\270\311\3\0\0\0\0\0", 3200, MSG_DONTWAIT, NULL, NULL) = 32
13902 1783915550.603694 recvfrom(46, 0x7fc3986860, 3200, MSG_DONTWAIT, NULL, NULL) = -1 EAGAIN (Try again)
13902 1783915550.605774 recvfrom(48, 0x7d2a8bb020, 2272, MSG_DONTWAIT, NULL, NULL) = -1 EAGAIN (Try again)
13902 1783915550.606179 recvfrom(46, 0x7fc39867c0, 3200, MSG_DONTWAIT, NULL, NULL) = -1 EAGAIN (Try again)
13902 1783915550.620261 recvfrom(46, "nysv\0\0\0\0\0\0\0\0\0\0\0\0\256J\350,\311\3\0\0\271\311\3\0\0\0\0\0", 3200, MSG_DONTWAIT, NULL, NULL) = 32
13902 1783915550.620731 recvfrom(46, 0x7fc3986860, 3200, MSG_DONTWAIT, NULL, NULL) = -1 EAGAIN (Try again)
13902 1783915550.621217 recvfrom(48, 0x7d2a8bb020, 2272, MSG_DONTWAIT, NULL, NULL) = -1 EAGAIN (Try again)
13902 1783915550.622118 recvfrom(46, 0x7fc39867c0, 3200, MSG_DONTWAIT, NULL, NULL) = -1 EAGAIN (Try again)
13902 1783915550.637024 recvfrom(46, "nysv\0\0\0\0\0\0\0\0\0\0\0\0\330\232\346-\311\3\0\0\272\311\3\0\0\0\0\0", 3200, MSG_DONTWAIT, NULL, NULL) = 32
13902 1783915550.637299 recvfrom(46, 0x7fc3986860, 3200, MSG_DONTWAIT, NULL, NULL) = -1 EAGAIN (Try again)
13902 1783915550.640532 recvfrom(48, 0x7d2a8bb020, 2272, MSG_DONTWAIT, NULL, NULL) = -1 EAGAIN (Try again)
13902 1783915550.641074 recvfrom(46, 0x7fc39867c0, 3200, MSG_DONTWAIT, NULL, NULL) = -1 EAGAIN (Try again)
13902 1783915550.653474 recvfrom(46, "nysv\0\0\0\0\0\0\0\0\0\0\0\0\226\10\345.\311\3\0\0\273\311\3\0\0\0\0\0", 3200, MSG_DONTWAIT, NULL, NULL) = 32
13902 1783915550.653860 recvfrom(46, 0x7fc3986860, 3200, MSG_DONTWAIT, NULL, NULL) = -1 EAGAIN (Try again)
13902 1783915550.654660 recvfrom(48, 0x7d2a8bb020, 2272, MSG_DONTWAIT, NULL, NULL) = -1 EAGAIN (Try again)
13902 1783915550.655172 recvfrom(46, 0x7fc39867c0, 3200, MSG_DONTWAIT, NULL, NULL) = -1 EAGAIN (Try again)
13902 1783915550.670131 recvfrom(46, "nysv\0\0\0\0\0\0\0\0\0\0\0\0Uu\343/\311\3\0\0\274\311\3\0\0\0\0\0", 3200, MSG_DONTWAIT, NULL, NULL) = 32
13902 1783915550.670338 recvfrom(46, 0x7fc3986860, 3200, MSG_DONTWAIT, NULL, NULL) = -1 EAGAIN (Try again)
13902 1783915550.673294 recvfrom(48, 0x7d2a8bb020, 2272, MSG_DONTWAIT, NULL, NULL) = -1 EAGAIN (Try again)
13902 1783915550.673644 recvfrom(46, 0x7fc39867c0, 3200, MSG_DONTWAIT, NULL, NULL) = -1 EAGAIN (Try again)
13902 1783915550.687177 recvfrom(46, "nysv\0\0\0\0\0\0\0\0\0\0\0\0o\375\3410\311\3\0\0\275\311\3\0\0\0\0\0", 3200, MSG_DONTWAIT, NULL, NULL) = 32
13902 1783915550.689536 recvfrom(46, 0x7fc3986860, 3200, MSG_DONTWAIT, NULL, NULL) = -1 EAGAIN (Try again)
13902 1783915550.690776 recvfrom(48, 0x7d2a8bb020, 2272, MSG_DONTWAIT, NULL, NULL) = -1 EAGAIN (Try again)
13902 1783915550.690996 recvfrom(46, 0x7fc39867c0, 3200, MSG_DONTWAIT, NULL, NULL) = -1 EAGAIN (Try again)
13902 1783915550.703288 recvfrom(46, "nysv\0\0\0\0\0\0\0\0\0\0\0\0\217h\3401\311\3\0\0\276\311\3\0\0\0\0\0", 3200, MSG_DONTWAIT, NULL, NULL) = 32
13902 1783915550.703908 recvfrom(46, 0x7fc3986860, 3200, MSG_DONTWAIT, NULL, NULL) = -1 EAGAIN (Try again)
13902 1783915550.704981 recvfrom(48, 0x7d2a8bb020, 2272, MSG_DONTWAIT, NULL, NULL) = -1 EAGAIN (Try again)
13902 1783915550.705346 recvfrom(46, 0x7fc39867c0, 3200, MSG_DONTWAIT, NULL, NULL) = -1 EAGAIN (Try again)
13902 1783915550.720167 recvfrom(46, "nysv\0\0\0\0\0\0\0\0\0\0\0\0p\323\3362\311\3\0\0\277\311\3\0\0\0\0\0", 3200, MSG_DONTWAIT, NULL, NULL) = 32
13902 1783915550.720981 recvfrom(46, 0x7fc3986860, 3200, MSG_DONTWAIT, NULL, NULL) = -1 EAGAIN (Try again)
13902 1783915550.722556 recvfrom(48, 0x7d2a8bb020, 2272, MSG_DONTWAIT, NULL, NULL) = -1 EAGAIN (Try again)
13902 1783915550.723087 recvfrom(46, 0x7fc39867c0, 3200, MSG_DONTWAIT, NULL, NULL) = -1 EAGAIN (Try again)
13902 1783915550.738042 recvfrom(46, "nysv\0\0\0\0\0\0\0\0\0\0\0\0v;\3353\311\3\0\0\300\311\3\0\0\0\0\0", 3200, MSG_DONTWAIT, NULL, NULL) = 32
13902 1783915550.738472 recvfrom(46, 0x7fc3986860, 3200, MSG_DONTWAIT, NULL, NULL) = -1 EAGAIN (Try again)
13902 1783915550.739305 recvfrom(48, 0x7d2a8bb020, 2272, MSG_DONTWAIT, NULL, NULL) = -1 EAGAIN (Try again)
13902 1783915550.740114 recvfrom(46, 0x7fc39867c0, 3200, MSG_DONTWAIT, NULL, NULL) = -1 EAGAIN (Try again)
13902 1783915550.753270 recvfrom(46, "nysv\0\0\0\0\0\0\0\0\0\0\0\0.\246\3334\311\3\0\0\301\311\3\0\0\0\0\0", 3200, MSG_DONTWAIT, NULL, NULL) = 32
13902 1783915550.753575 recvfrom(46, 0x7fc3986860, 3200, MSG_DONTWAIT, NULL, NULL) = -1 EAGAIN (Try again)
13902 1783915550.757236 recvfrom(48, 0x7d2a8bb020, 2272, MSG_DONTWAIT, NULL, NULL) = -1 EAGAIN (Try again)
13902 1783915550.757554 recvfrom(46, 0x7fc39867c0, 3200, MSG_DONTWAIT, NULL, NULL) = -1 EAGAIN (Try again)
13902 1783915550.769986 recvfrom(46, "nysv\0\0\0\0\0\0\0\0\0\0\0\09\20\3325\311\3\0\0\302\311\3\0\0\0\0\0", 3200, MSG_DONTWAIT, NULL, NULL) = 32
13902 1783915550.770367 recvfrom(46, 0x7fc3986860, 3200, MSG_DONTWAIT, NULL, NULL) = -1 EAGAIN (Try again)
13902 1783915550.771508 recvfrom(48, 0x7d2a8bb020, 2272, MSG_DONTWAIT, NULL, NULL) = -1 EAGAIN (Try again)
13902 1783915550.771744 recvfrom(46, 0x7fc39867c0, 3200, MSG_DONTWAIT, NULL, NULL) = -1 EAGAIN (Try again)
13902 1783915550.786858 recvfrom(46, "nysv\0\0\0\0\0\0\0\0\0\0\0\0\247z\3306\311\3\0\0\303\311\3\0\0\0\0\0", 3200, MSG_DONTWAIT, NULL, NULL) = 32
13902 1783915550.787304 recvfrom(46, 0x7fc3986860, 3200, MSG_DONTWAIT, NULL, NULL) = -1 EAGAIN (Try again)
13902 1783915550.788000 recvfrom(48, 0x7d2a8bb020, 2272, MSG_DONTWAIT, NULL, NULL) = -1 EAGAIN (Try again)
13902 1783915550.788327 recvfrom(46, 0x7fc39867c0, 3200, MSG_DONTWAIT, NULL, NULL) = -1 EAGAIN (Try again)
13902 1783915550.803295 recvfrom(46, "nysv\0\0\0\0\0\0\0\0\0\0\0\0\357\344\3267\311\3\0\0\304\311\3\0\0\0\0\0", 3200, MSG_DONTWAIT, NULL, NULL) = 32
13902 1783915550.803708 recvfrom(46, 0x7fc3986860, 3200, MSG_DONTWAIT, NULL, NULL) = -1 EAGAIN (Try again)
13902 1783915550.806093 recvfrom(48, 0x7d2a8bb020, 2272, MSG_DONTWAIT, NULL, NULL) = -1 EAGAIN (Try again)
13902 1783915550.806625 recvfrom(46, 0x7fc39867c0, 3200, MSG_DONTWAIT, NULL, NULL) = -1 EAGAIN (Try again)
13902 1783915550.819856 recvfrom(46, "nysv\0\0\0\0\0\0\0\0\0\0\0\0\276J\3258\311\3\0\0\305\311\3\0\0\0\0\0", 3200, MSG_DONTWAIT, NULL, NULL) = 32
13902 1783915550.820331 recvfrom(46, 0x7fc3986860, 3200, MSG_DONTWAIT, NULL, NULL) = -1 EAGAIN (Try again)
13902 1783915550.821020 recvfrom(48, 0x7d2a8bb020, 2272, MSG_DONTWAIT, NULL, NULL) = -1 EAGAIN (Try again)
13902 1783915550.822085 recvfrom(46, 0x7fc39867c0, 3200, MSG_DONTWAIT, NULL, NULL) = -1 EAGAIN (Try again)
13902 1783915550.836542 recvfrom(46, "nysv\0\0\0\0\0\0\0\0\0\0\0\0\217\251\3239\311\3\0\0\306\311\3\0\0\0\0\0", 3200, MSG_DONTWAIT, NULL, NULL) = 32
13902 1783915550.836965 recvfrom(46, 0x7fc3986860, 3200, MSG_DONTWAIT, NULL, NULL) = -1 EAGAIN (Try again)
13902 1783915550.837495 recvfrom(48, 0x7d2a8bb020, 2272, MSG_DONTWAIT, NULL, NULL) = -1 EAGAIN (Try again)
13902 1783915550.839323 recvfrom(46, 0x7fc39867c0, 3200, MSG_DONTWAIT, NULL, NULL) = -1 EAGAIN (Try again)
13902 1783915550.853385 recvfrom(46, "nysv\0\0\0\0\0\0\0\0\0\0\0\0\271\371\321:\311\3\0\0\307\311\3\0\0\0\0\0", 3200, MSG_DONTWAIT, NULL, NULL) = 32
13902 1783915550.853651 recvfrom(46, 0x7fc3986860, 3200, MSG_DONTWAIT, NULL, NULL) = -1 EAGAIN (Try again)
13902 1783915550.856442 recvfrom(48, 0x7d2a8bb020, 2272, MSG_DONTWAIT, NULL, NULL) = -1 EAGAIN (Try again)
13902 1783915550.857283 recvfrom(46, 0x7fc3984a90, 3200, MSG_DONTWAIT, NULL, NULL) = -1 EAGAIN (Try again)
13902 1783915550.869837 recvfrom(46, "nysv\0\0\0\0\0\0\0\0\0\0\0\0\343I\320;\311\3\0\0\310\311\3\0\0\0\0\0", 3200, MSG_DONTWAIT, NULL, NULL) = 32
13902 1783915550.870406 recvfrom(46, 0x7fc3986860, 3200, MSG_DONTWAIT, NULL, NULL) = -1 EAGAIN (Try again)
13902 1783915550.871073 recvfrom(48, 0x7d2a8bb020, 2272, MSG_DONTWAIT, NULL, NULL) = -1 EAGAIN (Try again)
13902 1783915589.974855 recvfrom(48, "\2\0\0\0\0\0\0\0w\22\0\0\0\0\0\0\200\206\213V\322\3\0\0\1\0\0\0\2\20\0\0"..., 2272, MSG_DONTWAIT, NULL, NULL) = 232
13902 1783915589.975806 sendto(48, "\3\0\0\0\0\0\0\0w\22\0\0\1\0\0\0", 16, MSG_DONTWAIT|MSG_NOSIGNAL, NULL, 0) = 16
13902 1783915589.976056 recvfrom(48, 0x7d2a8bb020, 2272, MSG_DONTWAIT, NULL, NULL) = -1 EAGAIN (Try again)
13902 1783915589.976626 recvfrom(48, "\2\0\0\0\0\0\0\0y\22\0\0\0\0\0\0\200\206\213V\322\3\0\0\1\0\0\0\2\20\0\0"..., 2272, MSG_DONTWAIT, NULL, NULL) = 232
13902 1783915589.977031 sendto(48, "\3\0\0\0\0\0\0\0y\22\0\0\1\0\0\0", 16, MSG_DONTWAIT|MSG_NOSIGNAL, NULL, 0) = 16
13902 1783915589.977228 recvfrom(48, 0x7d2a8bb020, 2272, MSG_DONTWAIT, NULL, NULL) = -1 EAGAIN (Try again)
13902 1783915589.978967 recvfrom(46, 0x7fc3985d30, 3200, MSG_DONTWAIT, NULL, NULL) = -1 EAGAIN (Try again)
13938 1783915589.985549 sendmsg(68, {msg_name=NULL, msg_namelen=0, msg_iov=[{iov_base="l\1\1\1\370\0\0\0\4\3\0\0\235\0\0\0\1\1o\0;\0\0\0/re/frid"..., iov_len=424}], msg_iovlen=1, msg_controllen=0, msg_flags=0}, MSG_NOSIGNAL) = 424
13938 1783915589.994746 sendmsg(68, {msg_name=NULL, msg_namelen=0, msg_iov=[{iov_base="l\1\1\1\370\0\0\0\5\3\0\0\235\0\0\0\1\1o\0;\0\0\0/re/frid"..., iov_len=424}], msg_iovlen=1, msg_controllen=0, msg_flags=0}, MSG_NOSIGNAL) = 424
13938 1783915590.001772 sendmsg(68, {msg_name=NULL, msg_namelen=0, msg_iov=[{iov_base="l\1\1\1\370\0\0\0\6\3\0\0\235\0\0\0\1\1o\0;\0\0\0/re/frid"..., iov_len=424}], msg_iovlen=1, msg_controllen=0, msg_flags=0}, MSG_NOSIGNAL) = 424
13938 1783915590.010158 sendmsg(68, {msg_name=NULL, msg_namelen=0, msg_iov=[{iov_base="l\1\1\1\374\0\0\0\7\3\0\0\235\0\0\0\1\1o\0;\0\0\0/re/frid"..., iov_len=428}], msg_iovlen=1, msg_controllen=0, msg_flags=0}, MSG_NOSIGNAL) = 428
13938 1783915590.016721 sendmsg(68, {msg_name=NULL, msg_namelen=0, msg_iov=[{iov_base="l\1\1\1\374\0\0\0\10\3\0\0\235\0\0\0\1\1o\0;\0\0\0/re/frid"..., iov_len=428}], msg_iovlen=1, msg_controllen=0, msg_flags=0}, MSG_NOSIGNAL) = 428
13938 1783915590.024393 sendmsg(68, {msg_name=NULL, msg_namelen=0, msg_iov=[{iov_base="l\1\1\1\374\0\0\0\t\3\0\0\235\0\0\0\1\1o\0;\0\0\0/re/frid"..., iov_len=428}], msg_iovlen=1, msg_controllen=0, msg_flags=0}, MSG_NOSIGNAL) = 428
13938 1783915590.033511 sendmsg(68, {msg_name=NULL, msg_namelen=0, msg_iov=[{iov_base="l\1\1\1\370\0\0\0\n\3\0\0\235\0\0\0\1\1o\0;\0\0\0/re/frid"..., iov_len=424}], msg_iovlen=1, msg_controllen=0, msg_flags=0}, MSG_NOSIGNAL) = 424
13938 1783915590.042131 sendmsg(68, {msg_name=NULL, msg_namelen=0, msg_iov=[{iov_base="l\1\1\1\370\0\0\0\v\3\0\0\235\0\0\0\1\1o\0;\0\0\0/re/frid"..., iov_len=424}], msg_iovlen=1, msg_controllen=0, msg_flags=0}, MSG_NOSIGNAL) = 424
13938 1783915590.050612 sendmsg(68, {msg_name=NULL, msg_namelen=0, msg_iov=[{iov_base="l\1\1\1\370\0\0\0\f\3\0\0\235\0\0\0\1\1o\0;\0\0\0/re/frid"..., iov_len=424}], msg_iovlen=1, msg_controllen=0, msg_flags=0}, MSG_NOSIGNAL) = 424
13938 1783915590.057787 sendmsg(68, {msg_name=NULL, msg_namelen=0, msg_iov=[{iov_base="l\1\1\1\374\0\0\0\r\3\0\0\235\0\0\0\1\1o\0;\0\0\0/re/frid"..., iov_len=428}], msg_iovlen=1, msg_controllen=0, msg_flags=0}, MSG_NOSIGNAL) = 428
13938 1783915590.065818 sendmsg(68, {msg_name=NULL, msg_namelen=0, msg_iov=[{iov_base="l\1\1\1\374\0\0\0\16\3\0\0\235\0\0\0\1\1o\0;\0\0\0/re/frid"..., iov_len=428}], msg_iovlen=1, msg_controllen=0, msg_flags=0}, MSG_NOSIGNAL) = 428
13938 1783915590.073609 sendmsg(68, {msg_name=NULL, msg_namelen=0, msg_iov=[{iov_base="l\1\1\1\374\0\0\0\17\3\0\0\235\0\0\0\1\1o\0;\0\0\0/re/frid"..., iov_len=428}], msg_iovlen=1, msg_controllen=0, msg_flags=0}, MSG_NOSIGNAL) = 428
13938 1783915590.081850 sendmsg(68, {msg_name=NULL, msg_namelen=0, msg_iov=[{iov_base="l\1\1\1\370\0\0\0\20\3\0\0\235\0\0\0\1\1o\0;\0\0\0/re/frid"..., iov_len=424}], msg_iovlen=1, msg_controllen=0, msg_flags=0}, MSG_NOSIGNAL) = 424
13938 1783915590.090702 sendmsg(68, {msg_name=NULL, msg_namelen=0, msg_iov=[{iov_base="l\1\1\1\370\0\0\0\21\3\0\0\235\0\0\0\1\1o\0;\0\0\0/re/frid"..., iov_len=424}], msg_iovlen=1, msg_controllen=0, msg_flags=0}, MSG_NOSIGNAL) = 424
13938 1783915590.096941 sendmsg(68, {msg_name=NULL, msg_namelen=0, msg_iov=[{iov_base="l\1\1\1\370\0\0\0\22\3\0\0\235\0\0\0\1\1o\0;\0\0\0/re/frid"..., iov_len=424}], msg_iovlen=1, msg_controllen=0, msg_flags=0}, MSG_NOSIGNAL) = 424
13938 1783915590.104507 sendmsg(68, {msg_name=NULL, msg_namelen=0, msg_iov=[{iov_base="l\1\1\1\374\0\0\0\23\3\0\0\235\0\0\0\1\1o\0;\0\0\0/re/frid"..., iov_len=428}], msg_iovlen=1, msg_controllen=0, msg_flags=0}, MSG_NOSIGNAL) = 428
13938 1783915590.111336 sendmsg(68, {msg_name=NULL, msg_namelen=0, msg_iov=[{iov_base="l\1\1\1\374\0\0\0\24\3\0\0\235\0\0\0\1\1o\0;\0\0\0/re/frid"..., iov_len=428}], msg_iovlen=1, msg_controllen=0, msg_flags=0}, MSG_NOSIGNAL) = 428
13938 1783915590.119902 sendmsg(68, {msg_name=NULL, msg_namelen=0, msg_iov=[{iov_base="l\1\1\1\374\0\0\0\25\3\0\0\235\0\0\0\1\1o\0;\0\0\0/re/frid"..., iov_len=428}], msg_iovlen=1, msg_controllen=0, msg_flags=0}, MSG_NOSIGNAL) = 428
13938 1783915590.127286 sendmsg(68, {msg_name=NULL, msg_namelen=0, msg_iov=[{iov_base="l\1\1\1\370\0\0\0\26\3\0\0\235\0\0\0\1\1o\0;\0\0\0/re/frid"..., iov_len=424}], msg_iovlen=1, msg_controllen=0, msg_flags=0}, MSG_NOSIGNAL) = 424
13938 1783915590.136288 sendmsg(68, {msg_name=NULL, msg_namelen=0, msg_iov=[{iov_base="l\1\1\1\370\0\0\0\27\3\0\0\235\0\0\0\1\1o\0;\0\0\0/re/frid"..., iov_len=424}], msg_iovlen=1, msg_controllen=0, msg_flags=0}, MSG_NOSIGNAL) = 424
13938 1783915590.143581 sendmsg(68, {msg_name=NULL, msg_namelen=0, msg_iov=[{iov_base="l\1\1\1\370\0\0\0\30\3\0\0\235\0\0\0\1\1o\0;\0\0\0/re/frid"..., iov_len=424}], msg_iovlen=1, msg_controllen=0, msg_flags=0}, MSG_NOSIGNAL) = 424
13938 1783915590.151331 sendmsg(68, {msg_name=NULL, msg_namelen=0, msg_iov=[{iov_base="l\1\1\1\374\0\0\0\31\3\0\0\235\0\0\0\1\1o\0;\0\0\0/re/frid"..., iov_len=428}], msg_iovlen=1, msg_controllen=0, msg_flags=0}, MSG_NOSIGNAL) = 428
13938 1783915590.158098 sendmsg(68, {msg_name=NULL, msg_namelen=0, msg_iov=[{iov_base="l\1\1\1\374\0\0\0\32\3\0\0\235\0\0\0\1\1o\0;\0\0\0/re/frid"..., iov_len=428}], msg_iovlen=1, msg_controllen=0, msg_flags=0}, MSG_NOSIGNAL) = 428
13938 1783915590.166787 sendmsg(68, {msg_name=NULL, msg_namelen=0, msg_iov=[{iov_base="l\1\1\1\374\0\0\0\33\3\0\0\235\0\0\0\1\1o\0;\0\0\0/re/frid"..., iov_len=428}], msg_iovlen=1, msg_controllen=0, msg_flags=0}, MSG_NOSIGNAL) = 428
13938 1783915590.173925 sendmsg(68, {msg_name=NULL, msg_namelen=0, msg_iov=[{iov_base="l\1\1\1\370\0\0\0\34\3\0\0\235\0\0\0\1\1o\0;\0\0\0/re/frid"..., iov_len=424}], msg_iovlen=1, msg_controllen=0, msg_flags=0}, MSG_NOSIGNAL) = 424
13938 1783915590.183828 sendmsg(68, {msg_name=NULL, msg_namelen=0, msg_iov=[{iov_base="l\1\1\1\370\0\0\0\35\3\0\0\235\0\0\0\1\1o\0;\0\0\0/re/frid"..., iov_len=424}], msg_iovlen=1, msg_controllen=0, msg_flags=0}, MSG_NOSIGNAL) = 424
13938 1783915590.193240 sendmsg(68, {msg_name=NULL, msg_namelen=0, msg_iov=[{iov_base="l\1\1\1\370\0\0\0\36\3\0\0\235\0\0\0\1\1o\0;\0\0\0/re/frid"..., iov_len=424}], msg_iovlen=1, msg_controllen=0, msg_flags=0}, MSG_NOSIGNAL) = 424
13938 1783915590.202059 sendmsg(68, {msg_name=NULL, msg_namelen=0, msg_iov=[{iov_base="l\1\1\1\374\0\0\0\37\3\0\0\235\0\0\0\1\1o\0;\0\0\0/re/frid"..., iov_len=428}], msg_iovlen=1, msg_controllen=0, msg_flags=0}, MSG_NOSIGNAL) = 428
13938 1783915590.210501 sendmsg(68, {msg_name=NULL, msg_namelen=0, msg_iov=[{iov_base="l\1\1\1\374\0\0\0 \3\0\0\235\0\0\0\1\1o\0;\0\0\0/re/frid"..., iov_len=428}], msg_iovlen=1, msg_controllen=0, msg_flags=0}, MSG_NOSIGNAL) = 428
13938 1783915590.221192 sendmsg(68, {msg_name=NULL, msg_namelen=0, msg_iov=[{iov_base="l\1\1\1\374\0\0\0!\3\0\0\235\0\0\0\1\1o\0;\0\0\0/re/frid"..., iov_len=428}], msg_iovlen=1, msg_controllen=0, msg_flags=0}, MSG_NOSIGNAL) = 428
13938 1783915590.228467 sendmsg(68, {msg_name=NULL, msg_namelen=0, msg_iov=[{iov_base="l\1\1\1\370\0\0\0\"\3\0\0\235\0\0\0\1\1o\0;\0\0\0/re/frid"..., iov_len=424}], msg_iovlen=1, msg_controllen=0, msg_flags=0}, MSG_NOSIGNAL) = 424
13938 1783915590.237619 sendmsg(68, {msg_name=NULL, msg_namelen=0, msg_iov=[{iov_base="l\1\1\1\370\0\0\0#\3\0\0\235\0\0\0\1\1o\0;\0\0\0/re/frid"..., iov_len=424}], msg_iovlen=1, msg_controllen=0, msg_flags=0}, MSG_NOSIGNAL) = 424
13938 1783915590.245725 sendmsg(68, {msg_name=NULL, msg_namelen=0, msg_iov=[{iov_base="l\1\1\1\370\0\0\0$\3\0\0\235\0\0\0\1\1o\0;\0\0\0/re/frid"..., iov_len=424}], msg_iovlen=1, msg_controllen=0, msg_flags=0}, MSG_NOSIGNAL) = 424
13938 1783915590.254239 sendmsg(68, {msg_name=NULL, msg_namelen=0, msg_iov=[{iov_base="l\1\1\1\374\0\0\0%\3\0\0\235\0\0\0\1\1o\0;\0\0\0/re/frid"..., iov_len=428}], msg_iovlen=1, msg_controllen=0, msg_flags=0}, MSG_NOSIGNAL) = 428
13938 1783915590.261592 sendmsg(68, {msg_name=NULL, msg_namelen=0, msg_iov=[{iov_base="l\1\1\1\374\0\0\0&\3\0\0\235\0\0\0\1\1o\0;\0\0\0/re/frid"..., iov_len=428}], msg_iovlen=1, msg_controllen=0, msg_flags=0}, MSG_NOSIGNAL) = 428
13938 1783915590.268805 sendmsg(68, {msg_name=NULL, msg_namelen=0, msg_iov=[{iov_base="l\1\1\1\374\0\0\0'\3\0\0\235\0\0\0\1\1o\0;\0\0\0/re/frid"..., iov_len=428}], msg_iovlen=1, msg_controllen=0, msg_flags=0}, MSG_NOSIGNAL) = 428
13938 1783915590.278068 sendmsg(68, {msg_name=NULL, msg_namelen=0, msg_iov=[{iov_base="l\1\1\1\370\0\0\0(\3\0\0\235\0\0\0\1\1o\0;\0\0\0/re/frid"..., iov_len=424}], msg_iovlen=1, msg_controllen=0, msg_flags=0}, MSG_NOSIGNAL) = 424
13938 1783915590.285301 sendmsg(68, {msg_name=NULL, msg_namelen=0, msg_iov=[{iov_base="l\1\1\1\370\0\0\0)\3\0\0\235\0\0\0\1\1o\0;\0\0\0/re/frid"..., iov_len=424}], msg_iovlen=1, msg_controllen=0, msg_flags=0}, MSG_NOSIGNAL) = 424
13938 1783915590.293474 sendmsg(68, {msg_name=NULL, msg_namelen=0, msg_iov=[{iov_base="l\1\1\1\370\0\0\0*\3\0\0\235\0\0\0\1\1o\0;\0\0\0/re/frid"..., iov_len=424}], msg_iovlen=1, msg_controllen=0, msg_flags=0}, MSG_NOSIGNAL) = 424
13938 1783915590.302033 sendmsg(68, {msg_name=NULL, msg_namelen=0, msg_iov=[{iov_base="l\1\1\1\374\0\0\0+\3\0\0\235\0\0\0\1\1o\0;\0\0\0/re/frid"..., iov_len=428}], msg_iovlen=1, msg_controllen=0, msg_flags=0}, MSG_NOSIGNAL) = 428
13938 1783915590.310954 sendmsg(68, {msg_name=NULL, msg_namelen=0, msg_iov=[{iov_base="l\1\1\1\374\0\0\0,\3\0\0\235\0\0\0\1\1o\0;\0\0\0/re/frid"..., iov_len=428}], msg_iovlen=1, msg_controllen=0, msg_flags=0}, MSG_NOSIGNAL) = 428
13938 1783915590.317025 sendmsg(68, {msg_name=NULL, msg_namelen=0, msg_iov=[{iov_base="l\1\1\1\374\0\0\0-\3\0\0\235\0\0\0\1\1o\0;\0\0\0/re/frid"..., iov_len=428}], msg_iovlen=1, msg_controllen=0, msg_flags=0}, MSG_NOSIGNAL) = 428
13938 1783915590.325786 sendmsg(68, {msg_name=NULL, msg_namelen=0, msg_iov=[{iov_base="l\1\1\1\370\0\0\0.\3\0\0\235\0\0\0\1\1o\0;\0\0\0/re/frid"..., iov_len=424}], msg_iovlen=1, msg_controllen=0, msg_flags=0}, MSG_NOSIGNAL) = 424
13938 1783915590.332394 sendmsg(68, {msg_name=NULL, msg_namelen=0, msg_iov=[{iov_base="l\1\1\1\370\0\0\0/\3\0\0\235\0\0\0\1\1o\0;\0\0\0/re/frid"..., iov_len=424}], msg_iovlen=1, msg_controllen=0, msg_flags=0}, MSG_NOSIGNAL) = 424
13938 1783915590.339123 sendmsg(68, {msg_name=NULL, msg_namelen=0, msg_iov=[{iov_base="l\1\1\1\370\0\0\0000\3\0\0\235\0\0\0\1\1o\0;\0\0\0/re/frid"..., iov_len=424}], msg_iovlen=1, msg_controllen=0, msg_flags=0}, MSG_NOSIGNAL) = 424
13938 1783915590.347763 sendmsg(68, {msg_name=NULL, msg_namelen=0, msg_iov=[{iov_base="l\1\1\1\374\0\0\0001\3\0\0\235\0\0\0\1\1o\0;\0\0\0/re/frid"..., iov_len=428}], msg_iovlen=1, msg_controllen=0, msg_flags=0}, MSG_NOSIGNAL) = 428
13938 1783915590.356993 sendmsg(68, {msg_name=NULL, msg_namelen=0, msg_iov=[{iov_base="l\1\1\1\374\0\0\0002\3\0\0\235\0\0\0\1\1o\0;\0\0\0/re/frid"..., iov_len=428}], msg_iovlen=1, msg_controllen=0, msg_flags=0}, MSG_NOSIGNAL) = 428
13938 1783915590.365379 sendmsg(68, {msg_name=NULL, msg_namelen=0, msg_iov=[{iov_base="l\1\1\1\374\0\0\0003\3\0\0\235\0\0\0\1\1o\0;\0\0\0/re/frid"..., iov_len=428}], msg_iovlen=1, msg_controllen=0, msg_flags=0}, MSG_NOSIGNAL) = 428
13938 1783915590.373323 sendmsg(68, {msg_name=NULL, msg_namelen=0, msg_iov=[{iov_base="l\1\1\1\370\0\0\0004\3\0\0\235\0\0\0\1\1o\0;\0\0\0/re/frid"..., iov_len=424}], msg_iovlen=1, msg_controllen=0, msg_flags=0}, MSG_NOSIGNAL) = 424
13938 1783915590.380924 sendmsg(68, {msg_name=NULL, msg_namelen=0, msg_iov=[{iov_base="l\1\1\1\370\0\0\0005\3\0\0\235\0\0\0\1\1o\0;\0\0\0/re/frid"..., iov_len=424}], msg_iovlen=1, msg_controllen=0, msg_flags=0}, MSG_NOSIGNAL) = 424
13938 1783915590.387162 sendmsg(68, {msg_name=NULL, msg_namelen=0, msg_iov=[{iov_base="l\1\1\1\370\0\0\0006\3\0\0\235\0\0\0\1\1o\0;\0\0\0/re/frid"..., iov_len=424}], msg_iovlen=1, msg_controllen=0, msg_flags=0}, MSG_NOSIGNAL) = 424
13938 1783915590.396050 sendmsg(68, {msg_name=NULL, msg_namelen=0, msg_iov=[{iov_base="l\1\1\1\374\0\0\0007\3\0\0\235\0\0\0\1\1o\0;\0\0\0/re/frid"..., iov_len=428}], msg_iovlen=1, msg_controllen=0, msg_flags=0}, MSG_NOSIGNAL) = 428
13938 1783915590.403827 sendmsg(68, {msg_name=NULL, msg_namelen=0, msg_iov=[{iov_base="l\1\1\1\374\0\0\08\3\0\0\235\0\0\0\1\1o\0;\0\0\0/re/frid"..., iov_len=428}], msg_iovlen=1, msg_controllen=0, msg_flags=0}, MSG_NOSIGNAL) = 428
13938 1783915590.412494 sendmsg(68, {msg_name=NULL, msg_namelen=0, msg_iov=[{iov_base="l\1\1\1\374\0\0\09\3\0\0\235\0\0\0\1\1o\0;\0\0\0/re/frid"..., iov_len=428}], msg_iovlen=1, msg_controllen=0, msg_flags=0}, MSG_NOSIGNAL) = 428
13938 1783915590.418778 sendmsg(68, {msg_name=NULL, msg_namelen=0, msg_iov=[{iov_base="l\1\1\1\370\0\0\0:\3\0\0\235\0\0\0\1\1o\0;\0\0\0/re/frid"..., iov_len=424}], msg_iovlen=1, msg_controllen=0, msg_flags=0}, MSG_NOSIGNAL) = 424
13938 1783915590.427652 sendmsg(68, {msg_name=NULL, msg_namelen=0, msg_iov=[{iov_base="l\1\1\1\370\0\0\0;\3\0\0\235\0\0\0\1\1o\0;\0\0\0/re/frid"..., iov_len=424}], msg_iovlen=1, msg_controllen=0, msg_flags=0}, MSG_NOSIGNAL) = 424
13938 1783915590.437397 sendmsg(68, {msg_name=NULL, msg_namelen=0, msg_iov=[{iov_base="l\1\1\1\370\0\0\0<\3\0\0\235\0\0\0\1\1o\0;\0\0\0/re/frid"..., iov_len=424}], msg_iovlen=1, msg_controllen=0, msg_flags=0}, MSG_NOSIGNAL) = 424
13938 1783915590.444985 sendmsg(68, {msg_name=NULL, msg_namelen=0, msg_iov=[{iov_base="l\1\1\1\374\0\0\0=\3\0\0\235\0\0\0\1\1o\0;\0\0\0/re/frid"..., iov_len=428}], msg_iovlen=1, msg_controllen=0, msg_flags=0}, MSG_NOSIGNAL) = 428
13938 1783915590.454007 sendmsg(68, {msg_name=NULL, msg_namelen=0, msg_iov=[{iov_base="l\1\1\1\374\0\0\0>\3\0\0\235\0\0\0\1\1o\0;\0\0\0/re/frid"..., iov_len=428}], msg_iovlen=1, msg_controllen=0, msg_flags=0}, MSG_NOSIGNAL) = 428
13938 1783915590.463206 sendmsg(68, {msg_name=NULL, msg_namelen=0, msg_iov=[{iov_base="l\1\1\1\374\0\0\0?\3\0\0\235\0\0\0\1\1o\0;\0\0\0/re/frid"..., iov_len=428}], msg_iovlen=1, msg_controllen=0, msg_flags=0}, MSG_NOSIGNAL) = 428
13938 1783915590.471580 sendmsg(68, {msg_name=NULL, msg_namelen=0, msg_iov=[{iov_base="l\1\1\1\370\0\0\0@\3\0\0\235\0\0\0\1\1o\0;\0\0\0/re/frid"..., iov_len=424}], msg_iovlen=1, msg_controllen=0, msg_flags=0}, MSG_NOSIGNAL) = 424
13938 1783915590.480908 sendmsg(68, {msg_name=NULL, msg_namelen=0, msg_iov=[{iov_base="l\1\1\1\370\0\0\0A\3\0\0\235\0\0\0\1\1o\0;\0\0\0/re/frid"..., iov_len=424}], msg_iovlen=1, msg_controllen=0, msg_flags=0}, MSG_NOSIGNAL) = 424
13938 1783915590.489698 sendmsg(68, {msg_name=NULL, msg_namelen=0, msg_iov=[{iov_base="l\1\1\1\370\0\0\0B\3\0\0\235\0\0\0\1\1o\0;\0\0\0/re/frid"..., iov_len=424}], msg_iovlen=1, msg_controllen=0, msg_flags=0}, MSG_NOSIGNAL) = 424
13938 1783915590.495689 sendmsg(68, {msg_name=NULL, msg_namelen=0, msg_iov=[{iov_base="l\1\1\1\374\0\0\0C\3\0\0\235\0\0\0\1\1o\0;\0\0\0/re/frid"..., iov_len=428}], msg_iovlen=1, msg_controllen=0, msg_flags=0}, MSG_NOSIGNAL) = 428
13938 1783915590.504709 sendmsg(68, {msg_name=NULL, msg_namelen=0, msg_iov=[{iov_base="l\1\1\1\374\0\0\0D\3\0\0\235\0\0\0\1\1o\0;\0\0\0/re/frid"..., iov_len=428}], msg_iovlen=1, msg_controllen=0, msg_flags=0}, MSG_NOSIGNAL) = 428
13938 1783915590.510882 sendmsg(68, {msg_name=NULL, msg_namelen=0, msg_iov=[{iov_base="l\1\1\1\374\0\0\0E\3\0\0\235\0\0\0\1\1o\0;\0\0\0/re/frid"..., iov_len=428}], msg_iovlen=1, msg_controllen=0, msg_flags=0}, MSG_NOSIGNAL) = 428
13938 1783915590.519196 sendmsg(68, {msg_name=NULL, msg_namelen=0, msg_iov=[{iov_base="l\1\1\1\370\0\0\0F\3\0\0\235\0\0\0\1\1o\0;\0\0\0/re/frid"..., iov_len=424}], msg_iovlen=1, msg_controllen=0, msg_flags=0}, MSG_NOSIGNAL) = 424
13938 1783915590.528034 sendmsg(68, {msg_name=NULL, msg_namelen=0, msg_iov=[{iov_base="l\1\1\1\370\0\0\0G\3\0\0\235\0\0\0\1\1o\0;\0\0\0/re/frid"..., iov_len=424}], msg_iovlen=1, msg_controllen=0, msg_flags=0}, MSG_NOSIGNAL) = 424
13938 1783915590.535550 sendmsg(68, {msg_name=NULL, msg_namelen=0, msg_iov=[{iov_base="l\1\1\1\370\0\0\0H\3\0\0\235\0\0\0\1\1o\0;\0\0\0/re/frid"..., iov_len=424}], msg_iovlen=1, msg_controllen=0, msg_flags=0}, MSG_NOSIGNAL) = 424
13938 1783915590.543375 sendmsg(68, {msg_name=NULL, msg_namelen=0, msg_iov=[{iov_base="l\1\1\1\374\0\0\0I\3\0\0\235\0\0\0\1\1o\0;\0\0\0/re/frid"..., iov_len=428}], msg_iovlen=1, msg_controllen=0, msg_flags=0}, MSG_NOSIGNAL) = 428
13938 1783915590.552542 sendmsg(68, {msg_name=NULL, msg_namelen=0, msg_iov=[{iov_base="l\1\1\1\374\0\0\0J\3\0\0\235\0\0\0\1\1o\0;\0\0\0/re/frid"..., iov_len=428}], msg_iovlen=1, msg_controllen=0, msg_flags=0}, MSG_NOSIGNAL) = 428
13938 1783915590.562767 sendmsg(68, {msg_name=NULL, msg_namelen=0, msg_iov=[{iov_base="l\1\1\1\374\0\0\0K\3\0\0\235\0\0\0\1\1o\0;\0\0\0/re/frid"..., iov_len=428}], msg_iovlen=1, msg_controllen=0, msg_flags=0}, MSG_NOSIGNAL) = 428
13938 1783915590.569556 sendmsg(68, {msg_name=NULL, msg_namelen=0, msg_iov=[{iov_base="l\1\1\1\370\0\0\0L\3\0\0\235\0\0\0\1\1o\0;\0\0\0/re/frid"..., iov_len=424}], msg_iovlen=1, msg_controllen=0, msg_flags=0}, MSG_NOSIGNAL) = 424
13938 1783915590.578124 sendmsg(68, {msg_name=NULL, msg_namelen=0, msg_iov=[{iov_base="l\1\1\1\370\0\0\0M\3\0\0\235\0\0\0\1\1o\0;\0\0\0/re/frid"..., iov_len=424}], msg_iovlen=1, msg_controllen=0, msg_flags=0}, MSG_NOSIGNAL) = 424
13938 1783915590.586001 sendmsg(68, {msg_name=NULL, msg_namelen=0, msg_iov=[{iov_base="l\1\1\1\370\0\0\0N\3\0\0\235\0\0\0\1\1o\0;\0\0\0/re/frid"..., iov_len=424}], msg_iovlen=1, msg_controllen=0, msg_flags=0}, MSG_NOSIGNAL) = 424
13938 1783915590.592637 sendmsg(68, {msg_name=NULL, msg_namelen=0, msg_iov=[{iov_base="l\1\1\1\374\0\0\0O\3\0\0\235\0\0\0\1\1o\0;\0\0\0/re/frid"..., iov_len=428}], msg_iovlen=1, msg_controllen=0, msg_flags=0}, MSG_NOSIGNAL) = 428
13938 1783915590.601378 sendmsg(68, {msg_name=NULL, msg_namelen=0, msg_iov=[{iov_base="l\1\1\1\374\0\0\0P\3\0\0\235\0\0\0\1\1o\0;\0\0\0/re/frid"..., iov_len=428}], msg_iovlen=1, msg_controllen=0, msg_flags=0}, MSG_NOSIGNAL) = 428
13938 1783915590.610525 sendmsg(68, {msg_name=NULL, msg_namelen=0, msg_iov=[{iov_base="l\1\1\1\374\0\0\0Q\3\0\0\235\0\0\0\1\1o\0;\0\0\0/re/frid"..., iov_len=428}], msg_iovlen=1, msg_controllen=0, msg_flags=0}, MSG_NOSIGNAL) = 428
13938 1783915590.618429 sendmsg(68, {msg_name=NULL, msg_namelen=0, msg_iov=[{iov_base="l\1\1\1\370\0\0\0R\3\0\0\235\0\0\0\1\1o\0;\0\0\0/re/frid"..., iov_len=424}], msg_iovlen=1, msg_controllen=0, msg_flags=0}, MSG_NOSIGNAL) = 424
13938 1783915590.627535 sendmsg(68, {msg_name=NULL, msg_namelen=0, msg_iov=[{iov_base="l\1\1\1\370\0\0\0S\3\0\0\235\0\0\0\1\1o\0;\0\0\0/re/frid"..., iov_len=424}], msg_iovlen=1, msg_controllen=0, msg_flags=0}, MSG_NOSIGNAL) = 424
13938 1783915590.634966 sendmsg(68, {msg_name=NULL, msg_namelen=0, msg_iov=[{iov_base="l\1\1\1\370\0\0\0T\3\0\0\235\0\0\0\1\1o\0;\0\0\0/re/frid"..., iov_len=424}], msg_iovlen=1, msg_controllen=0, msg_flags=0}, MSG_NOSIGNAL) = 424
13938 1783915590.642123 sendmsg(68, {msg_name=NULL, msg_namelen=0, msg_iov=[{iov_base="l\1\1\1\374\0\0\0U\3\0\0\235\0\0\0\1\1o\0;\0\0\0/re/frid"..., iov_len=428}], msg_iovlen=1, msg_controllen=0, msg_flags=0}, MSG_NOSIGNAL) = 428
13938 1783915590.651237 sendmsg(68, {msg_name=NULL, msg_namelen=0, msg_iov=[{iov_base="l\1\1\1\374\0\0\0V\3\0\0\235\0\0\0\1\1o\0;\0\0\0/re/frid"..., iov_len=428}], msg_iovlen=1, msg_controllen=0, msg_flags=0}, MSG_NOSIGNAL) = 428
13938 1783915590.662957 sendmsg(68, {msg_name=NULL, msg_namelen=0, msg_iov=[{iov_base="l\1\1\1\374\0\0\0W\3\0\0\235\0\0\0\1\1o\0;\0\0\0/re/frid"..., iov_len=428}], msg_iovlen=1, msg_controllen=0, msg_flags=0}, MSG_NOSIGNAL) = 428
13938 1783915590.671151 sendmsg(68, {msg_name=NULL, msg_namelen=0, msg_iov=[{iov_base="l\1\1\1\370\0\0\0X\3\0\0\235\0\0\0\1\1o\0;\0\0\0/re/frid"..., iov_len=424}], msg_iovlen=1, msg_controllen=0, msg_flags=0}, MSG_NOSIGNAL) = 424
13938 1783915590.678216 sendmsg(68, {msg_name=NULL, msg_namelen=0, msg_iov=[{iov_base="l\1\1\1\370\0\0\0Y\3\0\0\235\0\0\0\1\1o\0;\0\0\0/re/frid"..., iov_len=424}], msg_iovlen=1, msg_controllen=0, msg_flags=0}, MSG_NOSIGNAL) = 424
13938 1783915590.688416 sendmsg(68, {msg_name=NULL, msg_namelen=0, msg_iov=[{iov_base="l\1\1\1\370\0\0\0Z\3\0\0\235\0\0\0\1\1o\0;\0\0\0/re/frid"..., iov_len=424}], msg_iovlen=1, msg_controllen=0, msg_flags=0}, MSG_NOSIGNAL) = 424
13938 1783915590.694804 sendmsg(68, {msg_name=NULL, msg_namelen=0, msg_iov=[{iov_base="l\1\1\1\374\0\0\0[\3\0\0\235\0\0\0\1\1o\0;\0\0\0/re/frid"..., iov_len=428}], msg_iovlen=1, msg_controllen=0, msg_flags=0}, MSG_NOSIGNAL) = 428
13938 1783915590.701259 sendmsg(68, {msg_name=NULL, msg_namelen=0, msg_iov=[{iov_base="l\1\1\1\374\0\0\0\\\3\0\0\235\0\0\0\1\1o\0;\0\0\0/re/frid"..., iov_len=428}], msg_iovlen=1, msg_controllen=0, msg_flags=0}, MSG_NOSIGNAL) = 428
13938 1783915590.710692 sendmsg(68, {msg_name=NULL, msg_namelen=0, msg_iov=[{iov_base="l\1\1\1\374\0\0\0]\3\0\0\235\0\0\0\1\1o\0;\0\0\0/re/frid"..., iov_len=428}], msg_iovlen=1, msg_controllen=0, msg_flags=0}, MSG_NOSIGNAL) = 428
13938 1783915590.717033 sendmsg(68, {msg_name=NULL, msg_namelen=0, msg_iov=[{iov_base="l\1\1\1\370\0\0\0^\3\0\0\235\0\0\0\1\1o\0;\0\0\0/re/frid"..., iov_len=424}], msg_iovlen=1, msg_controllen=0, msg_flags=0}, MSG_NOSIGNAL) = 424
13938 1783915590.726510 sendmsg(68, {msg_name=NULL, msg_namelen=0, msg_iov=[{iov_base="l\1\1\1\370\0\0\0_\3\0\0\235\0\0\0\1\1o\0;\0\0\0/re/frid"..., iov_len=424}], msg_iovlen=1, msg_controllen=0, msg_flags=0}, MSG_NOSIGNAL) = 424
13938 1783915590.734126 sendmsg(68, {msg_name=NULL, msg_namelen=0, msg_iov=[{iov_base="l\1\1\1\370\0\0\0`\3\0\0\235\0\0\0\1\1o\0;\0\0\0/re/frid"..., iov_len=424}], msg_iovlen=1, msg_controllen=0, msg_flags=0}, MSG_NOSIGNAL) = 424
13938 1783915590.741149 sendmsg(68, {msg_name=NULL, msg_namelen=0, msg_iov=[{iov_base="l\1\1\1\374\0\0\0a\3\0\0\235\0\0\0\1\1o\0;\0\0\0/re/frid"..., iov_len=428}], msg_iovlen=1, msg_controllen=0, msg_flags=0}, MSG_NOSIGNAL) = 428
13938 1783915590.750145 sendmsg(68, {msg_name=NULL, msg_namelen=0, msg_iov=[{iov_base="l\1\1\1\374\0\0\0b\3\0\0\235\0\0\0\1\1o\0;\0\0\0/re/frid"..., iov_len=428}], msg_iovlen=1, msg_controllen=0, msg_flags=0}, MSG_NOSIGNAL) = 428
13938 1783915590.759511 sendmsg(68, {msg_name=NULL, msg_namelen=0, msg_iov=[{iov_base="l\1\1\1\374\0\0\0c\3\0\0\235\0\0\0\1\1o\0;\0\0\0/re/frid"..., iov_len=428}], msg_iovlen=1, msg_controllen=0, msg_flags=0}, MSG_NOSIGNAL) = 428
13938 1783915590.767151 sendmsg(68, {msg_name=NULL, msg_namelen=0, msg_iov=[{iov_base="l\1\1\1\370\0\0\0d\3\0\0\235\0\0\0\1\1o\0;\0\0\0/re/frid"..., iov_len=424}], msg_iovlen=1, msg_controllen=0, msg_flags=0}, MSG_NOSIGNAL) = 424
13938 1783915590.775926 sendmsg(68, {msg_name=NULL, msg_namelen=0, msg_iov=[{iov_base="l\1\1\1\370\0\0\0e\3\0\0\235\0\0\0\1\1o\0;\0\0\0/re/frid"..., iov_len=424}], msg_iovlen=1, msg_controllen=0, msg_flags=0}, MSG_NOSIGNAL) = 424
13938 1783915590.783329 sendmsg(68, {msg_name=NULL, msg_namelen=0, msg_iov=[{iov_base="l\1\1\1\370\0\0\0f\3\0\0\235\0\0\0\1\1o\0;\0\0\0/re/frid"..., iov_len=424}], msg_iovlen=1, msg_controllen=0, msg_flags=0}, MSG_NOSIGNAL) = 424
13938 1783915590.791834 sendmsg(68, {msg_name=NULL, msg_namelen=0, msg_iov=[{iov_base="l\1\1\1\374\0\0\0g\3\0\0\235\0\0\0\1\1o\0;\0\0\0/re/frid"..., iov_len=428}], msg_iovlen=1, msg_controllen=0, msg_flags=0}, MSG_NOSIGNAL) = 428
13938 1783915590.797988 sendmsg(68, {msg_name=NULL, msg_namelen=0, msg_iov=[{iov_base="l\1\1\1\374\0\0\0h\3\0\0\235\0\0\0\1\1o\0;\0\0\0/re/frid"..., iov_len=428}], msg_iovlen=1, msg_controllen=0, msg_flags=0}, MSG_NOSIGNAL) = 428
13938 1783915590.807145 sendmsg(68, {msg_name=NULL, msg_namelen=0, msg_iov=[{iov_base="l\1\1\1\374\0\0\0i\3\0\0\235\0\0\0\1\1o\0;\0\0\0/re/frid"..., iov_len=428}], msg_iovlen=1, msg_controllen=0, msg_flags=0}, MSG_NOSIGNAL) = 428
13902 1783915590.809232 recvfrom(46, "nysv\0\0\0\0\0\0\0\0\0\0\0\0\363\222KW\322\3\0\0\356\322\3\0\0\0\0\0", 3200, MSG_DONTWAIT, NULL, NULL) = 32
13902 1783915590.809413 recvfrom(46, 0x7fc3986860, 3200, MSG_DONTWAIT, NULL, NULL) = -1 EAGAIN (Try again)
13902 1783915590.809975 recvfrom(48, 0x7d2a8bb020, 2272, MSG_DONTWAIT, NULL, NULL) = -1 EAGAIN (Try again)
13902 1783915590.810142 recvfrom(46, 0x7fc39867c0, 3200, MSG_DONTWAIT, NULL, NULL) = -1 EAGAIN (Try again)
13922 1783915590.817772 openat(AT_FDCWD, "/data/misc/profiles/cur/0/app.fedilab.nitterizeme/primary.prof", O_RDWR|O_NOFOLLOW|O_CLOEXEC) = 70
13922 1783915590.819049 newfstatat(AT_FDCWD, "/data/misc/profiles/cur/0/app.fedilab.nitterizeme/primary.prof", {st_mode=S_IFREG|0600, st_size=8703, ...}, 0) = 0
13938 1783915590.819991 sendmsg(68, {msg_name=NULL, msg_namelen=0, msg_iov=[{iov_base="l\1\1\1\370\0\0\0j\3\0\0\235\0\0\0\1\1o\0;\0\0\0/re/frid"..., iov_len=424}], msg_iovlen=1, msg_controllen=0, msg_flags=0}, MSG_NOSIGNAL) = 424
13938 1783915590.830339 sendmsg(68, {msg_name=NULL, msg_namelen=0, msg_iov=[{iov_base="l\1\1\1\370\0\0\0k\3\0\0\235\0\0\0\1\1o\0;\0\0\0/re/frid"..., iov_len=424}], msg_iovlen=1, msg_controllen=0, msg_flags=0}, MSG_NOSIGNAL) = 424
13938 1783915590.840598 sendmsg(68, {msg_name=NULL, msg_namelen=0, msg_iov=[{iov_base="l\1\1\1\370\0\0\0l\3\0\0\235\0\0\0\1\1o\0;\0\0\0/re/frid"..., iov_len=424}], msg_iovlen=1, msg_controllen=0, msg_flags=0}, MSG_NOSIGNAL) = 424
13938 1783915590.848833 sendmsg(68, {msg_name=NULL, msg_namelen=0, msg_iov=[{iov_base="l\1\1\1\374\0\0\0m\3\0\0\235\0\0\0\1\1o\0;\0\0\0/re/frid"..., iov_len=428}], msg_iovlen=1, msg_controllen=0, msg_flags=0}, MSG_NOSIGNAL) = 428
13938 1783915590.858230 sendmsg(68, {msg_name=NULL, msg_namelen=0, msg_iov=[{iov_base="l\1\1\1\374\0\0\0n\3\0\0\235\0\0\0\1\1o\0;\0\0\0/re/frid"..., iov_len=428}], msg_iovlen=1, msg_controllen=0, msg_flags=0}, MSG_NOSIGNAL) = 428
13938 1783915590.866602 sendmsg(68, {msg_name=NULL, msg_namelen=0, msg_iov=[{iov_base="l\1\1\1\374\0\0\0o\3\0\0\235\0\0\0\1\1o\0;\0\0\0/re/frid"..., iov_len=428}], msg_iovlen=1, msg_controllen=0, msg_flags=0}, MSG_NOSIGNAL) = 428
13938 1783915590.876115 sendmsg(68, {msg_name=NULL, msg_namelen=0, msg_iov=[{iov_base="l\1\1\1\370\0\0\0p\3\0\0\235\0\0\0\1\1o\0;\0\0\0/re/frid"..., iov_len=424}], msg_iovlen=1, msg_controllen=0, msg_flags=0}, MSG_NOSIGNAL) = 424
13938 1783915590.883767 sendmsg(68, {msg_name=NULL, msg_namelen=0, msg_iov=[{iov_base="l\1\1\1\370\0\0\0q\3\0\0\235\0\0\0\1\1o\0;\0\0\0/re/frid"..., iov_len=424}], msg_iovlen=1, msg_controllen=0, msg_flags=0}, MSG_NOSIGNAL) = 424
13938 1783915590.891011 sendmsg(68, {msg_name=NULL, msg_namelen=0, msg_iov=[{iov_base="l\1\1\1\370\0\0\0r\3\0\0\235\0\0\0\1\1o\0;\0\0\0/re/frid"..., iov_len=424}], msg_iovlen=1, msg_controllen=0, msg_flags=0}, MSG_NOSIGNAL) = 424
13938 1783915590.897981 sendmsg(68, {msg_name=NULL, msg_namelen=0, msg_iov=[{iov_base="l\1\1\1\374\0\0\0s\3\0\0\235\0\0\0\1\1o\0;\0\0\0/re/frid"..., iov_len=428}], msg_iovlen=1, msg_controllen=0, msg_flags=0}, MSG_NOSIGNAL) = 428
13938 1783915590.907882 sendmsg(68, {msg_name=NULL, msg_namelen=0, msg_iov=[{iov_base="l\1\1\1\374\0\0\0t\3\0\0\235\0\0\0\1\1o\0;\0\0\0/re/frid"..., iov_len=428}], msg_iovlen=1, msg_controllen=0, msg_flags=0}, MSG_NOSIGNAL) = 428
13938 1783915590.915930 sendmsg(68, {msg_name=NULL, msg_namelen=0, msg_iov=[{iov_base="l\1\1\1\374\0\0\0u\3\0\0\235\0\0\0\1\1o\0;\0\0\0/re/frid"..., iov_len=428}], msg_iovlen=1, msg_controllen=0, msg_flags=0}, MSG_NOSIGNAL) = 428
13938 1783915590.925736 sendmsg(68, {msg_name=NULL, msg_namelen=0, msg_iov=[{iov_base="l\1\1\1\370\0\0\0v\3\0\0\235\0\0\0\1\1o\0;\0\0\0/re/frid"..., iov_len=424}], msg_iovlen=1, msg_controllen=0, msg_flags=0}, MSG_NOSIGNAL) = 424
13938 1783915590.933160 sendmsg(68, {msg_name=NULL, msg_namelen=0, msg_iov=[{iov_base="l\1\1\1\370\0\0\0w\3\0\0\235\0\0\0\1\1o\0;\0\0\0/re/frid"..., iov_len=424}], msg_iovlen=1, msg_controllen=0, msg_flags=0}, MSG_NOSIGNAL) = 424
13938 1783915590.943196 sendmsg(68, {msg_name=NULL, msg_namelen=0, msg_iov=[{iov_base="l\1\1\1\370\0\0\0x\3\0\0\235\0\0\0\1\1o\0;\0\0\0/re/frid"..., iov_len=424}], msg_iovlen=1, msg_controllen=0, msg_flags=0}, MSG_NOSIGNAL) = 424
13938 1783915590.961770 sendmsg(68, {msg_name=NULL, msg_namelen=0, msg_iov=[{iov_base="l\1\1\1\374\0\0\0y\3\0\0\235\0\0\0\1\1o\0;\0\0\0/re/frid"..., iov_len=428}], msg_iovlen=1, msg_controllen=0, msg_flags=0}, MSG_NOSIGNAL) = 428
13938 1783915590.969094 sendmsg(68, {msg_name=NULL, msg_namelen=0, msg_iov=[{iov_base="l\1\1\1\374\0\0\0z\3\0\0\235\0\0\0\1\1o\0;\0\0\0/re/frid"..., iov_len=428}], msg_iovlen=1, msg_controllen=0, msg_flags=0}, MSG_NOSIGNAL) = 428
13938 1783915590.979687 sendmsg(68, {msg_name=NULL, msg_namelen=0, msg_iov=[{iov_base="l\1\1\1\374\0\0\0{\3\0\0\235\0\0\0\1\1o\0;\0\0\0/re/frid"..., iov_len=428}], msg_iovlen=1, msg_controllen=0, msg_flags=0}, MSG_NOSIGNAL) = 428
13938 1783915590.987428 sendmsg(68, {msg_name=NULL, msg_namelen=0, msg_iov=[{iov_base="l\1\1\1\370\0\0\0|\3\0\0\235\0\0\0\1\1o\0;\0\0\0/re/frid"..., iov_len=424}], msg_iovlen=1, msg_controllen=0, msg_flags=0}, MSG_NOSIGNAL) = 424
13938 1783915590.994926 sendmsg(68, {msg_name=NULL, msg_namelen=0, msg_iov=[{iov_base="l\1\1\1\370\0\0\0}\3\0\0\235\0\0\0\1\1o\0;\0\0\0/re/frid"..., iov_len=424}], msg_iovlen=1, msg_controllen=0, msg_flags=0}, MSG_NOSIGNAL) = 424
13938 1783915591.001568 sendmsg(68, {msg_name=NULL, msg_namelen=0, msg_iov=[{iov_base="l\1\1\1\370\0\0\0~\3\0\0\235\0\0\0\1\1o\0;\0\0\0/re/frid"..., iov_len=424}], msg_iovlen=1, msg_controllen=0, msg_flags=0}, MSG_NOSIGNAL) = 424
13938 1783915591.011016 sendmsg(68, {msg_name=NULL, msg_namelen=0, msg_iov=[{iov_base="l\1\1\1\374\0\0\0\177\3\0\0\235\0\0\0\1\1o\0;\0\0\0/re/frid"..., iov_len=428}], msg_iovlen=1, msg_controllen=0, msg_flags=0}, MSG_NOSIGNAL) = 428
13938 1783915591.017628 sendmsg(68, {msg_name=NULL, msg_namelen=0, msg_iov=[{iov_base="l\1\1\1\374\0\0\0\200\3\0\0\235\0\0\0\1\1o\0;\0\0\0/re/frid"..., iov_len=428}], msg_iovlen=1, msg_controllen=0, msg_flags=0}, MSG_NOSIGNAL) = 428
13938 1783915591.025846 sendmsg(68, {msg_name=NULL, msg_namelen=0, msg_iov=[{iov_base="l\1\1\1\374\0\0\0\201\3\0\0\235\0\0\0\1\1o\0;\0\0\0/re/frid"..., iov_len=428}], msg_iovlen=1, msg_controllen=0, msg_flags=0}, MSG_NOSIGNAL) = 428
13938 1783915591.034879 sendmsg(68, {msg_name=NULL, msg_namelen=0, msg_iov=[{iov_base="l\1\1\1\370\0\0\0\202\3\0\0\235\0\0\0\1\1o\0;\0\0\0/re/frid"..., iov_len=424}], msg_iovlen=1, msg_controllen=0, msg_flags=0}, MSG_NOSIGNAL) = 424
13938 1783915591.042547 sendmsg(68, {msg_name=NULL, msg_namelen=0, msg_iov=[{iov_base="l\1\1\1\370\0\0\0\203\3\0\0\235\0\0\0\1\1o\0;\0\0\0/re/frid"..., iov_len=424}], msg_iovlen=1, msg_controllen=0, msg_flags=0}, MSG_NOSIGNAL) = 424
13938 1783915591.049021 sendmsg(68, {msg_name=NULL, msg_namelen=0, msg_iov=[{iov_base="l\1\1\1\370\0\0\0\204\3\0\0\235\0\0\0\1\1o\0;\0\0\0/re/frid"..., iov_len=424}], msg_iovlen=1, msg_controllen=0, msg_flags=0}, MSG_NOSIGNAL) = 424
13938 1783915591.056711 sendmsg(68, {msg_name=NULL, msg_namelen=0, msg_iov=[{iov_base="l\1\1\1\374\0\0\0\205\3\0\0\235\0\0\0\1\1o\0;\0\0\0/re/frid"..., iov_len=428}], msg_iovlen=1, msg_controllen=0, msg_flags=0}, MSG_NOSIGNAL) = 428
13938 1783915591.066920 sendmsg(68, {msg_name=NULL, msg_namelen=0, msg_iov=[{iov_base="l\1\1\1\374\0\0\0\206\3\0\0\235\0\0\0\1\1o\0;\0\0\0/re/frid"..., iov_len=428}], msg_iovlen=1, msg_controllen=0, msg_flags=0}, MSG_NOSIGNAL) = 428
13938 1783915591.074480 sendmsg(68, {msg_name=NULL, msg_namelen=0, msg_iov=[{iov_base="l\1\1\1\374\0\0\0\207\3\0\0\235\0\0\0\1\1o\0;\0\0\0/re/frid"..., iov_len=428}], msg_iovlen=1, msg_controllen=0, msg_flags=0}, MSG_NOSIGNAL) = 428
13938 1783915591.081640 sendmsg(68, {msg_name=NULL, msg_namelen=0, msg_iov=[{iov_base="l\1\1\1\370\0\0\0\210\3\0\0\235\0\0\0\1\1o\0;\0\0\0/re/frid"..., iov_len=424}], msg_iovlen=1, msg_controllen=0, msg_flags=0}, MSG_NOSIGNAL) = 424
13938 1783915591.088135 sendmsg(68, {msg_name=NULL, msg_namelen=0, msg_iov=[{iov_base="l\1\1\1\370\0\0\0\211\3\0\0\235\0\0\0\1\1o\0;\0\0\0/re/frid"..., iov_len=424}], msg_iovlen=1, msg_controllen=0, msg_flags=0}, MSG_NOSIGNAL) = 424
13938 1783915591.096092 sendmsg(68, {msg_name=NULL, msg_namelen=0, msg_iov=[{iov_base="l\1\1\1\370\0\0\0\212\3\0\0\235\0\0\0\1\1o\0;\0\0\0/re/frid"..., iov_len=424}], msg_iovlen=1, msg_controllen=0, msg_flags=0}, MSG_NOSIGNAL) = 424
13938 1783915591.103486 sendmsg(68, {msg_name=NULL, msg_namelen=0, msg_iov=[{iov_base="l\1\1\1\374\0\0\0\213\3\0\0\235\0\0\0\1\1o\0;\0\0\0/re/frid"..., iov_len=428}], msg_iovlen=1, msg_controllen=0, msg_flags=0}, MSG_NOSIGNAL) = 428
13938 1783915591.109478 sendmsg(68, {msg_name=NULL, msg_namelen=0, msg_iov=[{iov_base="l\1\1\1\374\0\0\0\214\3\0\0\235\0\0\0\1\1o\0;\0\0\0/re/frid"..., iov_len=428}], msg_iovlen=1, msg_controllen=0, msg_flags=0}, MSG_NOSIGNAL) = 428
13938 1783915591.120646 sendmsg(68, {msg_name=NULL, msg_namelen=0, msg_iov=[{iov_base="l\1\1\1\374\0\0\0\215\3\0\0\235\0\0\0\1\1o\0;\0\0\0/re/frid"..., iov_len=428}], msg_iovlen=1, msg_controllen=0, msg_flags=0}, MSG_NOSIGNAL) = 428
13938 1783915591.127390 sendmsg(68, {msg_name=NULL, msg_namelen=0, msg_iov=[{iov_base="l\1\1\1\370\0\0\0\216\3\0\0\235\0\0\0\1\1o\0;\0\0\0/re/frid"..., iov_len=424}], msg_iovlen=1, msg_controllen=0, msg_flags=0}, MSG_NOSIGNAL) = 424
13938 1783915591.136045 sendmsg(68, {msg_name=NULL, msg_namelen=0, msg_iov=[{iov_base="l\1\1\1\370\0\0\0\217\3\0\0\235\0\0\0\1\1o\0;\0\0\0/re/frid"..., iov_len=424}], msg_iovlen=1, msg_controllen=0, msg_flags=0}, MSG_NOSIGNAL) = 424
13938 1783915591.143167 sendmsg(68, {msg_name=NULL, msg_namelen=0, msg_iov=[{iov_base="l\1\1\1\370\0\0\0\220\3\0\0\235\0\0\0\1\1o\0;\0\0\0/re/frid"..., iov_len=424}], msg_iovlen=1, msg_controllen=0, msg_flags=0}, MSG_NOSIGNAL) = 424
13938 1783915591.151703 sendmsg(68, {msg_name=NULL, msg_namelen=0, msg_iov=[{iov_base="l\1\1\1\374\0\0\0\221\3\0\0\235\0\0\0\1\1o\0;\0\0\0/re/frid"..., iov_len=428}], msg_iovlen=1, msg_controllen=0, msg_flags=0}, MSG_NOSIGNAL) = 428
13938 1783915591.159927 sendmsg(68, {msg_name=NULL, msg_namelen=0, msg_iov=[{iov_base="l\1\1\1\374\0\0\0\222\3\0\0\235\0\0\0\1\1o\0;\0\0\0/re/frid"..., iov_len=428}], msg_iovlen=1, msg_controllen=0, msg_flags=0}, MSG_NOSIGNAL) = 428
13938 1783915591.172289 sendmsg(68, {msg_name=NULL, msg_namelen=0, msg_iov=[{iov_base="l\1\1\1\374\0\0\0\223\3\0\0\235\0\0\0\1\1o\0;\0\0\0/re/frid"..., iov_len=428}], msg_iovlen=1, msg_controllen=0, msg_flags=0}, MSG_NOSIGNAL) = 428
13938 1783915591.180703 sendmsg(68, {msg_name=NULL, msg_namelen=0, msg_iov=[{iov_base="l\1\1\1\370\0\0\0\224\3\0\0\235\0\0\0\1\1o\0;\0\0\0/re/frid"..., iov_len=424}], msg_iovlen=1, msg_controllen=0, msg_flags=0}, MSG_NOSIGNAL) = 424
13938 1783915591.192606 sendmsg(68, {msg_name=NULL, msg_namelen=0, msg_iov=[{iov_base="l\1\1\1\370\0\0\0\225\3\0\0\235\0\0\0\1\1o\0;\0\0\0/re/frid"..., iov_len=424}], msg_iovlen=1, msg_controllen=0, msg_flags=0}, MSG_NOSIGNAL) = 424
13938 1783915591.201762 sendmsg(68, {msg_name=NULL, msg_namelen=0, msg_iov=[{iov_base="l\1\1\1\370\0\0\0\226\3\0\0\235\0\0\0\1\1o\0;\0\0\0/re/frid"..., iov_len=424}], msg_iovlen=1, msg_controllen=0, msg_flags=0}, MSG_NOSIGNAL) = 424
13938 1783915591.209657 sendmsg(68, {msg_name=NULL, msg_namelen=0, msg_iov=[{iov_base="l\1\1\1\374\0\0\0\227\3\0\0\235\0\0\0\1\1o\0;\0\0\0/re/frid"..., iov_len=428}], msg_iovlen=1, msg_controllen=0, msg_flags=0}, MSG_NOSIGNAL) = 428
13938 1783915591.218501 sendmsg(68, {msg_name=NULL, msg_namelen=0, msg_iov=[{iov_base="l\1\1\1\374\0\0\0\230\3\0\0\235\0\0\0\1\1o\0;\0\0\0/re/frid"..., iov_len=428}], msg_iovlen=1, msg_controllen=0, msg_flags=0}, MSG_NOSIGNAL) = 428
13938 1783915591.226488 sendmsg(68, {msg_name=NULL, msg_namelen=0, msg_iov=[{iov_base="l\1\1\1\374\0\0\0\231\3\0\0\235\0\0\0\1\1o\0;\0\0\0/re/frid"..., iov_len=428}], msg_iovlen=1, msg_controllen=0, msg_flags=0}, MSG_NOSIGNAL) = 428
13938 1783915591.235585 sendmsg(68, {msg_name=NULL, msg_namelen=0, msg_iov=[{iov_base="l\1\1\1\370\0\0\0\232\3\0\0\235\0\0\0\1\1o\0;\0\0\0/re/frid"..., iov_len=424}], msg_iovlen=1, msg_controllen=0, msg_flags=0}, MSG_NOSIGNAL) = 424
13938 1783915591.241589 sendmsg(68, {msg_name=NULL, msg_namelen=0, msg_iov=[{iov_base="l\1\1\1\370\0\0\0\233\3\0\0\235\0\0\0\1\1o\0;\0\0\0/re/frid"..., iov_len=424}], msg_iovlen=1, msg_controllen=0, msg_flags=0}, MSG_NOSIGNAL) = 424
13938 1783915591.250208 sendmsg(68, {msg_name=NULL, msg_namelen=0, msg_iov=[{iov_base="l\1\1\1\370\0\0\0\234\3\0\0\235\0\0\0\1\1o\0;\0\0\0/re/frid"..., iov_len=424}], msg_iovlen=1, msg_controllen=0, msg_flags=0}, MSG_NOSIGNAL) = 424
13938 1783915591.257391 sendmsg(68, {msg_name=NULL, msg_namelen=0, msg_iov=[{iov_base="l\1\1\1\374\0\0\0\235\3\0\0\235\0\0\0\1\1o\0;\0\0\0/re/frid"..., iov_len=428}], msg_iovlen=1, msg_controllen=0, msg_flags=0}, MSG_NOSIGNAL) = 428
13938 1783915591.264153 sendmsg(68, {msg_name=NULL, msg_namelen=0, msg_iov=[{iov_base="l\1\1\1\374\0\0\0\236\3\0\0\235\0\0\0\1\1o\0;\0\0\0/re/frid"..., iov_len=428}], msg_iovlen=1, msg_controllen=0, msg_flags=0}, MSG_NOSIGNAL) = 428
13938 1783915591.274477 sendmsg(68, {msg_name=NULL, msg_namelen=0, msg_iov=[{iov_base="l\1\1\1\374\0\0\0\237\3\0\0\235\0\0\0\1\1o\0;\0\0\0/re/frid"..., iov_len=428}], msg_iovlen=1, msg_controllen=0, msg_flags=0}, MSG_NOSIGNAL) = 428
13938 1783915591.280730 sendmsg(68, {msg_name=NULL, msg_namelen=0, msg_iov=[{iov_base="l\1\1\1\370\0\0\0\240\3\0\0\235\0\0\0\1\1o\0;\0\0\0/re/frid"..., iov_len=424}], msg_iovlen=1, msg_controllen=0, msg_flags=0}, MSG_NOSIGNAL) = 424
13938 1783915591.288431 sendmsg(68, {msg_name=NULL, msg_namelen=0, msg_iov=[{iov_base="l\1\1\1\370\0\0\0\241\3\0\0\235\0\0\0\1\1o\0;\0\0\0/re/frid"..., iov_len=424}], msg_iovlen=1, msg_controllen=0, msg_flags=0}, MSG_NOSIGNAL) = 424
13938 1783915591.296743 sendmsg(68, {msg_name=NULL, msg_namelen=0, msg_iov=[{iov_base="l\1\1\1\370\0\0\0\242\3\0\0\235\0\0\0\1\1o\0;\0\0\0/re/frid"..., iov_len=424}], msg_iovlen=1, msg_controllen=0, msg_flags=0}, MSG_NOSIGNAL) = 424
13938 1783915591.306218 sendmsg(68, {msg_name=NULL, msg_namelen=0, msg_iov=[{iov_base="l\1\1\1\374\0\0\0\243\3\0\0\235\0\0\0\1\1o\0;\0\0\0/re/frid"..., iov_len=428}], msg_iovlen=1, msg_controllen=0, msg_flags=0}, MSG_NOSIGNAL) = 428
13938 1783915591.313331 sendmsg(68, {msg_name=NULL, msg_namelen=0, msg_iov=[{iov_base="l\1\1\1\374\0\0\0\244\3\0\0\235\0\0\0\1\1o\0;\0\0\0/re/frid"..., iov_len=428}], msg_iovlen=1, msg_controllen=0, msg_flags=0}, MSG_NOSIGNAL) = 428
13938 1783915591.326202 sendmsg(68, {msg_name=NULL, msg_namelen=0, msg_iov=[{iov_base="l\1\1\1\374\0\0\0\245\3\0\0\235\0\0\0\1\1o\0;\0\0\0/re/frid"..., iov_len=428}], msg_iovlen=1, msg_controllen=0, msg_flags=0}, MSG_NOSIGNAL) = 428
13938 1783915591.334493 sendmsg(68, {msg_name=NULL, msg_namelen=0, msg_iov=[{iov_base="l\1\1\1\370\0\0\0\246\3\0\0\235\0\0\0\1\1o\0;\0\0\0/re/frid"..., iov_len=424}], msg_iovlen=1, msg_controllen=0, msg_flags=0}, MSG_NOSIGNAL) = 424
13938 1783915591.342427 sendmsg(68, {msg_name=NULL, msg_namelen=0, msg_iov=[{iov_base="l\1\1\1\370\0\0\0\247\3\0\0\235\0\0\0\1\1o\0;\0\0\0/re/frid"..., iov_len=424}], msg_iovlen=1, msg_controllen=0, msg_flags=0}, MSG_NOSIGNAL) = 424
13938 1783915591.352536 sendmsg(68, {msg_name=NULL, msg_namelen=0, msg_iov=[{iov_base="l\1\1\1\370\0\0\0\250\3\0\0\235\0\0\0\1\1o\0;\0\0\0/re/frid"..., iov_len=424}], msg_iovlen=1, msg_controllen=0, msg_flags=0}, MSG_NOSIGNAL) = 424
13938 1783915591.358990 sendmsg(68, {msg_name=NULL, msg_namelen=0, msg_iov=[{iov_base="l\1\1\1\374\0\0\0\251\3\0\0\235\0\0\0\1\1o\0;\0\0\0/re/frid"..., iov_len=428}], msg_iovlen=1, msg_controllen=0, msg_flags=0}, MSG_NOSIGNAL) = 428
13938 1783915591.366863 sendmsg(68, {msg_name=NULL, msg_namelen=0, msg_iov=[{iov_base="l\1\1\1\374\0\0\0\252\3\0\0\235\0\0\0\1\1o\0;\0\0\0/re/frid"..., iov_len=428}], msg_iovlen=1, msg_controllen=0, msg_flags=0}, MSG_NOSIGNAL) = 428
13938 1783915591.375016 sendmsg(68, {msg_name=NULL, msg_namelen=0, msg_iov=[{iov_base="l\1\1\1\374\0\0\0\253\3\0\0\235\0\0\0\1\1o\0;\0\0\0/re/frid"..., iov_len=428}], msg_iovlen=1, msg_controllen=0, msg_flags=0}, MSG_NOSIGNAL) = 428
13938 1783915591.384854 sendmsg(68, {msg_name=NULL, msg_namelen=0, msg_iov=[{iov_base="l\1\1\1\370\0\0\0\254\3\0\0\235\0\0\0\1\1o\0;\0\0\0/re/frid"..., iov_len=424}], msg_iovlen=1, msg_controllen=0, msg_flags=0}, MSG_NOSIGNAL) = 424
13938 1783915591.393759 sendmsg(68, {msg_name=NULL, msg_namelen=0, msg_iov=[{iov_base="l\1\1\1\370\0\0\0\255\3\0\0\235\0\0\0\1\1o\0;\0\0\0/re/frid"..., iov_len=424}], msg_iovlen=1, msg_controllen=0, msg_flags=0}, MSG_NOSIGNAL) = 424
13938 1783915591.400318 sendmsg(68, {msg_name=NULL, msg_namelen=0, msg_iov=[{iov_base="l\1\1\1\370\0\0\0\256\3\0\0\235\0\0\0\1\1o\0;\0\0\0/re/frid"..., iov_len=424}], msg_iovlen=1, msg_controllen=0, msg_flags=0}, MSG_NOSIGNAL) = 424
13938 1783915591.409773 sendmsg(68, {msg_name=NULL, msg_namelen=0, msg_iov=[{iov_base="l\1\1\1\374\0\0\0\257\3\0\0\235\0\0\0\1\1o\0;\0\0\0/re/frid"..., iov_len=428}], msg_iovlen=1, msg_controllen=0, msg_flags=0}, MSG_NOSIGNAL) = 428
13938 1783915591.421107 sendmsg(68, {msg_name=NULL, msg_namelen=0, msg_iov=[{iov_base="l\1\1\1\374\0\0\0\260\3\0\0\235\0\0\0\1\1o\0;\0\0\0/re/frid"..., iov_len=428}], msg_iovlen=1, msg_controllen=0, msg_flags=0}, MSG_NOSIGNAL) = 428
13938 1783915591.428597 sendmsg(68, {msg_name=NULL, msg_namelen=0, msg_iov=[{iov_base="l\1\1\1\374\0\0\0\261\3\0\0\235\0\0\0\1\1o\0;\0\0\0/re/frid"..., iov_len=428}], msg_iovlen=1, msg_controllen=0, msg_flags=0}, MSG_NOSIGNAL) = 428
13938 1783915591.435641 sendmsg(68, {msg_name=NULL, msg_namelen=0, msg_iov=[{iov_base="l\1\1\1\370\0\0\0\262\3\0\0\235\0\0\0\1\1o\0;\0\0\0/re/frid"..., iov_len=424}], msg_iovlen=1, msg_controllen=0, msg_flags=0}, MSG_NOSIGNAL) = 424
13938 1783915591.447443 sendmsg(68, {msg_name=NULL, msg_namelen=0, msg_iov=[{iov_base="l\1\1\1\370\0\0\0\263\3\0\0\235\0\0\0\1\1o\0;\0\0\0/re/frid"..., iov_len=424}], msg_iovlen=1, msg_controllen=0, msg_flags=0}, MSG_NOSIGNAL) = 424
13938 1783915591.455755 sendmsg(68, {msg_name=NULL, msg_namelen=0, msg_iov=[{iov_base="l\1\1\1\370\0\0\0\264\3\0\0\235\0\0\0\1\1o\0;\0\0\0/re/frid"..., iov_len=424}], msg_iovlen=1, msg_controllen=0, msg_flags=0}, MSG_NOSIGNAL) = 424
13938 1783915591.464264 sendmsg(68, {msg_name=NULL, msg_namelen=0, msg_iov=[{iov_base="l\1\1\1\374\0\0\0\265\3\0\0\235\0\0\0\1\1o\0;\0\0\0/re/frid"..., iov_len=428}], msg_iovlen=1, msg_controllen=0, msg_flags=0}, MSG_NOSIGNAL) = 428
13938 1783915591.471627 sendmsg(68, {msg_name=NULL, msg_namelen=0, msg_iov=[{iov_base="l\1\1\1\374\0\0\0\266\3\0\0\235\0\0\0\1\1o\0;\0\0\0/re/frid"..., iov_len=428}], msg_iovlen=1, msg_controllen=0, msg_flags=0}, MSG_NOSIGNAL) = 428
13938 1783915591.479352 sendmsg(68, {msg_name=NULL, msg_namelen=0, msg_iov=[{iov_base="l\1\1\1\374\0\0\0\267\3\0\0\235\0\0\0\1\1o\0;\0\0\0/re/frid"..., iov_len=428}], msg_iovlen=1, msg_controllen=0, msg_flags=0}, MSG_NOSIGNAL) = 428
13938 1783915591.486490 sendmsg(68, {msg_name=NULL, msg_namelen=0, msg_iov=[{iov_base="l\1\1\1\370\0\0\0\270\3\0\0\235\0\0\0\1\1o\0;\0\0\0/re/frid"..., iov_len=424}], msg_iovlen=1, msg_controllen=0, msg_flags=0}, MSG_NOSIGNAL) = 424
13938 1783915591.492692 sendmsg(68, {msg_name=NULL, msg_namelen=0, msg_iov=[{iov_base="l\1\1\1\370\0\0\0\271\3\0\0\235\0\0\0\1\1o\0;\0\0\0/re/frid"..., iov_len=424}], msg_iovlen=1, msg_controllen=0, msg_flags=0}, MSG_NOSIGNAL) = 424
13938 1783915591.501852 sendmsg(68, {msg_name=NULL, msg_namelen=0, msg_iov=[{iov_base="l\1\1\1\370\0\0\0\272\3\0\0\235\0\0\0\1\1o\0;\0\0\0/re/frid"..., iov_len=424}], msg_iovlen=1, msg_controllen=0, msg_flags=0}, MSG_NOSIGNAL) = 424
13938 1783915591.508193 sendmsg(68, {msg_name=NULL, msg_namelen=0, msg_iov=[{iov_base="l\1\1\1\374\0\0\0\273\3\0\0\235\0\0\0\1\1o\0;\0\0\0/re/frid"..., iov_len=428}], msg_iovlen=1, msg_controllen=0, msg_flags=0}, MSG_NOSIGNAL) = 428
13938 1783915591.516752 sendmsg(68, {msg_name=NULL, msg_namelen=0, msg_iov=[{iov_base="l\1\1\1\374\0\0\0\274\3\0\0\235\0\0\0\1\1o\0;\0\0\0/re/frid"..., iov_len=428}], msg_iovlen=1, msg_controllen=0, msg_flags=0}, MSG_NOSIGNAL) = 428
13938 1783915591.525893 sendmsg(68, {msg_name=NULL, msg_namelen=0, msg_iov=[{iov_base="l\1\1\1\374\0\0\0\275\3\0\0\235\0\0\0\1\1o\0;\0\0\0/re/frid"..., iov_len=428}], msg_iovlen=1, msg_controllen=0, msg_flags=0}, MSG_NOSIGNAL) = 428
13902 1783915591.529969 recvfrom(46, "nysv\0\0\0\0\0\0\0\0\0\0\0\0\31\n\1\211\322\3\0\0 \323\3\0\0\0\0\0", 3200, MSG_DONTWAIT, NULL, NULL) = 32
13902 1783915591.530208 recvfrom(46, 0x7fc3986860, 3200, MSG_DONTWAIT, NULL, NULL) = -1 EAGAIN (Try again)
13902 1783915591.531564 recvfrom(48, 0x7d2a8bb020, 2272, MSG_DONTWAIT, NULL, NULL) = -1 EAGAIN (Try again)
13902 1783915591.531812 recvfrom(46, 0x7fc39867c0, 3200, MSG_DONTWAIT, NULL, NULL) = -1 EAGAIN (Try again)
13902 1783915591.543930 recvfrom(46, "nysv\0\0\0\0\0\0\0\0\0\0\0\0d\372\274\263\322\3\0\0K\323\3\0\0\0\0\0", 3200, MSG_DONTWAIT, NULL, NULL) = 32
13902 1783915591.544181 recvfrom(46, 0x7fc3986860, 3200, MSG_DONTWAIT, NULL, NULL) = -1 EAGAIN (Try again)
13902 1783915591.558520 recvfrom(46, 0x7fc3985c70, 3200, MSG_DONTWAIT, NULL, NULL) = -1 EAGAIN (Try again)
13902 1783915591.571359 recvfrom(46, "nysv\0\0\0\0\0\0\0\0\0\0\0\0\243n\271\265\322\3\0\0M\323\3\0\0\0\0\0", 3200, MSG_DONTWAIT, NULL, NULL) = 32
13902 1783915591.571799 recvfrom(46, 0x7fc3986860, 3200, MSG_DONTWAIT, NULL, NULL) = -1 EAGAIN (Try again)
13902 1783915591.572686 recvfrom(48, 0x7d2a8bb020, 2272, MSG_DONTWAIT, NULL, NULL) = -1 EAGAIN (Try again)
13902 1783915591.573235 recvfrom(46, 0x7fc39867c0, 3200, MSG_DONTWAIT, NULL, NULL) = -1 EAGAIN (Try again)
13902 1783915591.586933 recvfrom(46, "nysv\0\0\0\0\0\0\0\0\0\0\0\0\307\303\267\266\322\3\0\0N\323\3\0\0\0\0\0", 3200, MSG_DONTWAIT, NULL, NULL) = 32
13902 1783915591.587532 recvfrom(46, 0x7fc3986860, 3200, MSG_DONTWAIT, NULL, NULL) = -1 EAGAIN (Try again)
13902 1783915591.588228 recvfrom(48, 0x7d2a8bb020, 2272, MSG_DONTWAIT, NULL, NULL) = -1 EAGAIN (Try again)
13902 1783915591.588689 recvfrom(46, 0x7fc39867c0, 3200, MSG_DONTWAIT, NULL, NULL) = -1 EAGAIN (Try again)
13902 1783915591.603206 recvfrom(46, "nysv\0\0\0\0\0\0\0\0\0\0\0\0\361\23\266\267\322\3\0\0O\323\3\0\0\0\0\0", 3200, MSG_DONTWAIT, NULL, NULL) = 32
13902 1783915591.603989 recvfrom(46, 0x7fc3986860, 3200, MSG_DONTWAIT, NULL, NULL) = -1 EAGAIN (Try again)
13902 1783915591.606147 recvfrom(48, 0x7d2a8bb020, 2272, MSG_DONTWAIT, NULL, NULL) = -1 EAGAIN (Try again)
13902 1783915591.606811 recvfrom(46, 0x7fc39867c0, 3200, MSG_DONTWAIT, NULL, NULL) = -1 EAGAIN (Try again)
13902 1783915591.620053 recvfrom(46, "nysv\0\0\0\0\0\0\0\0\0\0\0\0\264p\264\270\322\3\0\0P\323\3\0\0\0\0\0", 3200, MSG_DONTWAIT, NULL, NULL) = 32
13902 1783915591.620276 recvfrom(46, 0x7fc3986860, 3200, MSG_DONTWAIT, NULL, NULL) = -1 EAGAIN (Try again)
13902 1783915591.620957 recvfrom(48, 0x7d2a8bb020, 2272, MSG_DONTWAIT, NULL, NULL) = -1 EAGAIN (Try again)
13902 1783915591.624330 recvfrom(46, 0x7fc39867c0, 3200, MSG_DONTWAIT, NULL, NULL) = -1 EAGAIN (Try again)
13902 1783915591.636913 recvfrom(46, "nysv\0\0\0\0\0\0\0\0\0\0\0\0<\310\262\271\322\3\0\0Q\323\3\0\0\0\0\0", 3200, MSG_DONTWAIT, NULL, NULL) = 32
13902 1783915591.637390 recvfrom(46, 0x7fc3986860, 3200, MSG_DONTWAIT, NULL, NULL) = -1 EAGAIN (Try again)
13902 1783915591.639599 recvfrom(48, 0x7d2a8bb020, 2272, MSG_DONTWAIT, NULL, NULL) = -1 EAGAIN (Try again)
13902 1783915591.639878 recvfrom(46, 0x7fc39867c0, 3200, MSG_DONTWAIT, NULL, NULL) = -1 EAGAIN (Try again)
13902 1783915591.653466 recvfrom(46, "nysv\0\0\0\0\0\0\0\0\0\0\0\0^$\261\272\322\3\0\0R\323\3\0\0\0\0\0", 3200, MSG_DONTWAIT, NULL, NULL) = 32
13902 1783915591.654073 recvfrom(46, 0x7fc3986860, 3200, MSG_DONTWAIT, NULL, NULL) = -1 EAGAIN (Try again)
13902 1783915591.654788 recvfrom(48, 0x7d2a8bb020, 2272, MSG_DONTWAIT, NULL, NULL) = -1 EAGAIN (Try again)
13902 1783915591.655190 recvfrom(46, 0x7fc39867c0, 3200, MSG_DONTWAIT, NULL, NULL) = -1 EAGAIN (Try again)
13902 1783915591.670433 recvfrom(46, "nysv\0\0\0\0\0\0\0\0\0\0\0\0\4n\257\273\322\3\0\0S\323\3\0\0\0\0\0", 3200, MSG_DONTWAIT, NULL, NULL) = 32
13902 1783915591.671396 recvfrom(46, 0x7fc3986860, 3200, MSG_DONTWAIT, NULL, NULL) = -1 EAGAIN (Try again)
13902 1783915591.673464 recvfrom(48, 0x7d2a8bb020, 2272, MSG_DONTWAIT, NULL, NULL) = -1 EAGAIN (Try again)
13902 1783915591.674028 recvfrom(46, 0x7fc39867c0, 3200, MSG_DONTWAIT, NULL, NULL) = -1 EAGAIN (Try again)
13902 1783915591.687255 recvfrom(46, "nysv\0\0\0\0\0\0\0\0\0\0\0\0002\253\255\274\322\3\0\0T\323\3\0\0\0\0\0", 3200, MSG_DONTWAIT, NULL, NULL) = 32
13902 1783915591.687736 recvfrom(46, 0x7fc3986860, 3200, MSG_DONTWAIT, NULL, NULL) = -1 EAGAIN (Try again)
13902 1783915591.688473 recvfrom(48, 0x7d2a8bb020, 2272, MSG_DONTWAIT, NULL, NULL) = -1 EAGAIN (Try again)
13902 1783915591.688889 recvfrom(46, 0x7fc39867c0, 3200, MSG_DONTWAIT, NULL, NULL) = -1 EAGAIN (Try again)
13902 1783915591.703303 recvfrom(46, "nysv\0\0\0\0\0\0\0\0\0\0\0\0\"\v\254\275\322\3\0\0U\323\3\0\0\0\0\0", 3200, MSG_DONTWAIT, NULL, NULL) = 32
13902 1783915591.705298 recvfrom(46, 0x7fc3986860, 3200, MSG_DONTWAIT, NULL, NULL) = -1 EAGAIN (Try again)
13902 1783915591.706044 recvfrom(48, 0x7d2a8bb020, 2272, MSG_DONTWAIT, NULL, NULL) = -1 EAGAIN (Try again)
13902 1783915591.706927 recvfrom(46, 0x7fc39867c0, 3200, MSG_DONTWAIT, NULL, NULL) = -1 EAGAIN (Try again)
13902 1783915591.720265 recvfrom(46, "nysv\0\0\0\0\0\0\0\0\0\0\0\0L[\252\276\322\3\0\0V\323\3\0\0\0\0\0", 3200, MSG_DONTWAIT, NULL, NULL) = 32
13902 1783915591.720993 recvfrom(46, 0x7fc3986860, 3200, MSG_DONTWAIT, NULL, NULL) = -1 EAGAIN (Try again)
13902 1783915591.724541 recvfrom(48, 0x7d2a8bb020, 2272, MSG_DONTWAIT, NULL, NULL) = -1 EAGAIN (Try again)
13902 1783915591.724757 recvfrom(46, 0x7fc39867c0, 3200, MSG_DONTWAIT, NULL, NULL) = -1 EAGAIN (Try again)
13902 1783915591.737477 recvfrom(46, "nysv\0\0\0\0\0\0\0\0\0\0\0\0\241\265\250\277\322\3\0\0W\323\3\0\0\0\0\0", 3200, MSG_DONTWAIT, NULL, NULL) = 32
13902 1783915591.738676 recvfrom(46, 0x7fc3986860, 3200, MSG_DONTWAIT, NULL, NULL) = -1 EAGAIN (Try again)
13902 1783915591.741290 recvfrom(48, 0x7d2a8bb020, 2272, MSG_DONTWAIT, NULL, NULL) = -1 EAGAIN (Try again)
13902 1783915591.741468 recvfrom(46, 0x7fc39867c0, 3200, MSG_DONTWAIT, NULL, NULL) = -1 EAGAIN (Try again)
13902 1783915591.754498 recvfrom(46, "nysv\0\0\0\0\0\0\0\0\0\0\0\0\227\16\247\300\322\3\0\0X\323\3\0\0\0\0\0", 3200, MSG_DONTWAIT, NULL, NULL) = 32
13902 1783915591.755233 recvfrom(46, 0x7fc3986860, 3200, MSG_DONTWAIT, NULL, NULL) = -1 EAGAIN (Try again)
13902 1783915591.759228 recvfrom(48, 0x7d2a8bb020, 2272, MSG_DONTWAIT, NULL, NULL) = -1 EAGAIN (Try again)
13902 1783915591.759547 recvfrom(46, 0x7fc39867c0, 3200, MSG_DONTWAIT, NULL, NULL) = -1 EAGAIN (Try again)
13902 1783915591.770087 recvfrom(46, "nysv\0\0\0\0\0\0\0\0\0\0\0\0\342d\245\301\322\3\0\0Y\323\3\0\0\0\0\0", 3200, MSG_DONTWAIT, NULL, NULL) = 32
13902 1783915591.775452 recvfrom(46, 0x7fc3986860, 3200, MSG_DONTWAIT, NULL, NULL) = -1 EAGAIN (Try again)
13902 1783915591.779507 recvfrom(48, 0x7d2a8bb020, 2272, MSG_DONTWAIT, NULL, NULL) = -1 EAGAIN (Try again)
13902 1783915591.779903 recvfrom(46, 0x7fc39867c0, 3200, MSG_DONTWAIT, NULL, NULL) = -1 EAGAIN (Try again)
13902 1783915591.787179 recvfrom(46, "nysv\0\0\0\0\0\0\0\0\0\0\0\0@\303\243\302\322\3\0\0Z\323\3\0\0\0\0\0", 3200, MSG_DONTWAIT, NULL, NULL) = 32
13902 1783915591.787485 recvfrom(46, 0x7fc3986860, 3200, MSG_DONTWAIT, NULL, NULL) = -1 EAGAIN (Try again)
13902 1783915591.788808 recvfrom(48, 0x7d2a8bb020, 2272, MSG_DONTWAIT, NULL, NULL) = -1 EAGAIN (Try again)
13902 1783915591.789231 recvfrom(46, 0x7fc39867c0, 3200, MSG_DONTWAIT, NULL, NULL) = -1 EAGAIN (Try again)
13902 1783915591.803863 recvfrom(46, "nysv\0\0\0\0\0\0\0\0\0\0\0\0%\"\242\303\322\3\0\0[\323\3\0\0\0\0\0", 3200, MSG_DONTWAIT, NULL, NULL) = 32
13902 1783915591.804100 recvfrom(46, 0x7fc3986860, 3200, MSG_DONTWAIT, NULL, NULL) = -1 EAGAIN (Try again)
13902 1783915591.806184 recvfrom(48, 0x7d2a8bb020, 2272, MSG_DONTWAIT, NULL, NULL) = -1 EAGAIN (Try again)
13902 1783915591.806651 recvfrom(46, 0x7fc39867c0, 3200, MSG_DONTWAIT, NULL, NULL) = -1 EAGAIN (Try again)
13902 1783915591.820294 recvfrom(46, "nysv\0\0\0\0\0\0\0\0\0\0\0\0\306\203\240\304\322\3\0\0\\\323\3\0\0\0\0\0", 3200, MSG_DONTWAIT, NULL, NULL) = 32
13902 1783915591.820551 recvfrom(46, 0x7fc3986860, 3200, MSG_DONTWAIT, NULL, NULL) = -1 EAGAIN (Try again)
13902 1783915591.824186 recvfrom(48, 0x7d2a8bb020, 2272, MSG_DONTWAIT, NULL, NULL) = -1 EAGAIN (Try again)
13902 1783915591.824789 recvfrom(46, 0x7fc3984a90, 3200, MSG_DONTWAIT, NULL, NULL) = -1 EAGAIN (Try again)
13902 1783915591.837123 recvfrom(46, "nysv\0\0\0\0\0\0\0\0\0\0\0\0\351\345\236\305\322\3\0\0]\323\3\0\0\0\0\0", 3200, MSG_DONTWAIT, NULL, NULL) = 32
13902 1783915591.837374 recvfrom(46, 0x7fc3986860, 3200, MSG_DONTWAIT, NULL, NULL) = -1 EAGAIN (Try again)
13902 1783915591.840399 recvfrom(48, 0x7d2a8bb020, 2272, MSG_DONTWAIT, NULL, NULL) = -1 EAGAIN (Try again)
