24249 1784070420.610422 recvfrom(38, 0x7ff90a9a20, 3200, MSG_DONTWAIT, NULL, NULL) = -1 EAGAIN (Try again)
24249 1784070420.619787 recvfrom(38, "nysv\0\0\0\0\0\0\0\0\0\0\0\0\326\31\222\313B\1\0\0\274A\1\0\0\0\0\0", 3200, MSG_DONTWAIT, NULL, NULL) = 32
24249 1784070420.620235 recvfrom(38, 0x7ff90aa020, 3200, MSG_DONTWAIT, NULL, NULL) = -1 EAGAIN (Try again)
24249 1784070420.621274 recvfrom(55, 0x71fb447820, 2272, MSG_DONTWAIT, NULL, NULL) = -1 EAGAIN (Try again)
24249 1784070420.633163 newfstatat(AT_FDCWD, "/system/framework/framework-res.apk", {st_mode=S_IFREG|0644, st_size=45992421, ...}, 0) = 0
24249 1784070420.633401 newfstatat(AT_FDCWD, "/product/overlay/GoogleConfigOverlay.apk", {st_mode=S_IFREG|0644, st_size=25070, ...}, 0) = 0
24249 1784070420.633651 newfstatat(AT_FDCWD, "/product/overlay/GoogleWebViewOverlay.apk", {st_mode=S_IFREG|0644, st_size=16815, ...}, 0) = 0
24249 1784070420.633867 newfstatat(AT_FDCWD, "/product/overlay/PixelConfigOverlayCommon.apk", {st_mode=S_IFREG|0644, st_size=52833, ...}, 0) = 0
24249 1784070420.634070 newfstatat(AT_FDCWD, "/product/overlay/EmulatorConfigOverlay.apk", {st_mode=S_IFREG|0644, st_size=16734, ...}, 0) = 0
24249 1784070420.634269 newfstatat(AT_FDCWD, "/data/app/barilyuk.batterytemperature-sL6ly13WXTe3-qOWgO1Ang==/base.apk", {st_mode=S_IFREG|0644, st_size=4634705, ...}, 0) = 0
24249 1784070420.636266 clone( <unfinished ...>
24271 1784070420.640451 clone( <unfinished ...>
24249 1784070420.640636 <... clone resumed> child_stack=0x710adcdd40, flags=CLONE_VM|CLONE_FS|CLONE_FILES|CLONE_SIGHAND|CLONE_THREAD|CLONE_SYSVSEM|CLONE_SETTLS|CLONE_PARENT_SETTID|CLONE_CHILD_CLEARTID, parent_tidptr=0x710adcdd60, tls=0x710adce020, child_tidptr=0x710adcdd60) = 24671
24271 1784070420.640749 <... clone resumed> child_stack=0x71040cad40, flags=CLONE_VM|CLONE_FS|CLONE_FILES|CLONE_SIGHAND|CLONE_THREAD|CLONE_SYSVSEM|CLONE_SETTLS|CLONE_PARENT_SETTID|CLONE_CHILD_CLEARTID, parent_tidptr=0x71040cad60, tls=0x71040cb020, child_tidptr=0x71040cad60) = 24672
24671 1784070420.641264 exit(0)         = ?
24671 1784070420.641278 +++ exited with 0 +++
24249 1784070420.644647 newfstatat(AT_FDCWD, "/system/framework/framework-res.apk", {st_mode=S_IFREG|0644, st_size=45992421, ...}, 0) = 0
24249 1784070420.648093 newfstatat(AT_FDCWD, "/product/overlay/GoogleConfigOverlay.apk", {st_mode=S_IFREG|0644, st_size=25070, ...}, 0) = 0
24249 1784070420.648529 newfstatat(AT_FDCWD, "/product/overlay/GoogleWebViewOverlay.apk", {st_mode=S_IFREG|0644, st_size=16815, ...}, 0) = 0
24249 1784070420.648802 newfstatat(AT_FDCWD, "/product/overlay/PixelConfigOverlayCommon.apk", {st_mode=S_IFREG|0644, st_size=52833, ...}, 0) = 0
24249 1784070420.649035 newfstatat(AT_FDCWD, "/product/overlay/EmulatorConfigOverlay.apk", {st_mode=S_IFREG|0644, st_size=16734, ...}, 0) = 0
24249 1784070420.649243 newfstatat(AT_FDCWD, "/data/app/barilyuk.batterytemperature-sL6ly13WXTe3-qOWgO1Ang==/base.apk", {st_mode=S_IFREG|0644, st_size=4634705, ...}, 0) = 0
24672 1784070420.649622 exit(0)         = ?
24672 1784070420.649788 +++ exited with 0 +++
24249 1784070420.650870 newfstatat(AT_FDCWD, "/system/framework/framework-res.apk", {st_mode=S_IFREG|0644, st_size=45992421, ...}, 0) = 0
24249 1784070420.651012 newfstatat(AT_FDCWD, "/product/overlay/GoogleConfigOverlay.apk", {st_mode=S_IFREG|0644, st_size=25070, ...}, 0) = 0
24249 1784070420.651143 newfstatat(AT_FDCWD, "/product/overlay/GoogleWebViewOverlay.apk", {st_mode=S_IFREG|0644, st_size=16815, ...}, 0) = 0
24249 1784070420.651494 newfstatat(AT_FDCWD, "/product/overlay/PixelConfigOverlayCommon.apk", {st_mode=S_IFREG|0644, st_size=52833, ...}, 0) = 0
24249 1784070420.651639 newfstatat(AT_FDCWD, "/product/overlay/EmulatorConfigOverlay.apk", {st_mode=S_IFREG|0644, st_size=16734, ...}, 0) = 0
24249 1784070420.651796 newfstatat(AT_FDCWD, "/data/app/barilyuk.batterytemperature-sL6ly13WXTe3-qOWgO1Ang==/base.apk", {st_mode=S_IFREG|0644, st_size=4634705, ...}, 0) = 0
24249 1784070420.667051 faccessat(AT_FDCWD, "/data/user/0/barilyuk.batterytemperature", F_OK) = 0
24249 1784070420.667304 faccessat(AT_FDCWD, "/data/user/0/barilyuk.batterytemperature/shared_prefs", F_OK) = 0
24644 1784070420.673057 sendmsg(71, {msg_name=NULL, msg_namelen=0, msg_iov=[{iov_base="l\1\1\1\344\0\0\0L\0\0\0\235\0\0\0\1\1o\0;\0\0\0/re/frid"..., iov_len=404}], msg_iovlen=1, msg_controllen=0, msg_flags=0}, MSG_NOSIGNAL) = 404
24249 1784070420.674849 faccessat(AT_FDCWD, "/storage/emulated/0/Android/data/barilyuk.batterytemperature/files/Documents", F_OK) = 0
24644 1784070420.677849 sendmsg(71, {msg_name=NULL, msg_namelen=0, msg_iov=[{iov_base="l\1\1\1\344\0\0\0M\0\0\0\235\0\0\0\1\1o\0;\0\0\0/re/frid"..., iov_len=404}], msg_iovlen=1, msg_controllen=0, msg_flags=0}, MSG_NOSIGNAL) = 404
24644 1784070420.681540 sendmsg(71, {msg_name=NULL, msg_namelen=0, msg_iov=[{iov_base="l\1\1\1\344\0\0\0N\0\0\0\235\0\0\0\1\1o\0;\0\0\0/re/frid"..., iov_len=404}], msg_iovlen=1, msg_controllen=0, msg_flags=0}, MSG_NOSIGNAL) = 404
24249 1784070420.692928 recvfrom(38, 0x7ff90a9cf0, 3200, MSG_DONTWAIT, NULL, NULL) = -1 EAGAIN (Try again)
24644 1784070420.700850 sendmsg(71, {msg_name=NULL, msg_namelen=0, msg_iov=[{iov_base="l\1\1\1\344\0\0\0O\0\0\0\235\0\0\0\1\1o\0;\0\0\0/re/frid"..., iov_len=404}], msg_iovlen=1, msg_controllen=0, msg_flags=0}, MSG_NOSIGNAL) = 404
24249 1784070420.709885 recvfrom(38, "nysv\0\0\0\0\0\0\0\0\0\0\0\0v\16\213\320B\1\0\0\301A\1\0\0\0\0\0", 3200, MSG_DONTWAIT, NULL, NULL) = 32
24249 1784070420.710036 recvfrom(38, 0x7ff90aa020, 3200, MSG_DONTWAIT, NULL, NULL) = -1 EAGAIN (Try again)
24249 1784070420.711347 recvfrom(72, 0x7165c6d820, 2272, MSG_DONTWAIT, NULL, NULL) = -1 EAGAIN (Try again)
24249 1784070420.711809 recvfrom(38, 0x7ff90a9930, 3200, MSG_DONTWAIT, NULL, NULL) = -1 EAGAIN (Try again)
24644 1784070420.731664 sendmsg(71, {msg_name=NULL, msg_namelen=0, msg_iov=[{iov_base="l\1\1\1\374\0\0\0P\0\0\0\235\0\0\0\1\1o\0;\0\0\0/re/frid"..., iov_len=428}], msg_iovlen=1, msg_controllen=0, msg_flags=0}, MSG_NOSIGNAL) = 428
24644 1784070420.743545 sendmsg(71, {msg_name=NULL, msg_namelen=0, msg_iov=[{iov_base="l\1\1\1\0\1\0\0Q\0\0\0\235\0\0\0\1\1o\0;\0\0\0/re/frid"..., iov_len=432}], msg_iovlen=1, msg_controllen=0, msg_flags=0}, MSG_NOSIGNAL) = 432
24644 1784070420.750753 sendmsg(71, {msg_name=NULL, msg_namelen=0, msg_iov=[{iov_base="l\1\1\1\374\0\0\0R\0\0\0\235\0\0\0\1\1o\0;\0\0\0/re/frid"..., iov_len=428}], msg_iovlen=1, msg_controllen=0, msg_flags=0}, MSG_NOSIGNAL) = 428
24644 1784070420.762850 sendmsg(71, {msg_name=NULL, msg_namelen=0, msg_iov=[{iov_base="l\1\1\1\0\1\0\0S\0\0\0\235\0\0\0\1\1o\0;\0\0\0/re/frid"..., iov_len=432}], msg_iovlen=1, msg_controllen=0, msg_flags=0}, MSG_NOSIGNAL) = 432
24249 1784070420.832186 recvfrom(38, "nysv\0\0\0\0\0\0\0\0\0\0\0\0Y\346\211\321B\1\0\0\302A\1\0\0\0\0\0", 3200, MSG_DONTWAIT, NULL, NULL) = 32
24249 1784070420.832358 recvfrom(38, 0x7ff90aa020, 3200, MSG_DONTWAIT, NULL, NULL) = -1 EAGAIN (Try again)
24249 1784070420.834390 recvfrom(72, 0x7165c6d820, 2272, MSG_DONTWAIT, NULL, NULL) = -1 EAGAIN (Try again)
24249 1784070420.834753 recvfrom(38, 0x7ff90a9f80, 3200, MSG_DONTWAIT, NULL, NULL) = -1 EAGAIN (Try again)
24249 1784070420.845316 recvfrom(38, "nysv\0\0\0\0\0\0\0\0\0\0\0\0_\312\177\330B\1\0\0\311A\1\0\0\0\0\0", 3200, MSG_DONTWAIT, NULL, NULL) = 32
24249 1784070420.845546 recvfrom(38, 0x7ff90aa020, 3200, MSG_DONTWAIT, NULL, NULL) = -1 EAGAIN (Try again)
24644 1784070420.858519 sendmsg(71, {msg_name=NULL, msg_namelen=0, msg_iov=[{iov_base="l\1\1\1\344\0\0\0T\0\0\0\235\0\0\0\1\1o\0;\0\0\0/re/frid"..., iov_len=404}], msg_iovlen=1, msg_controllen=0, msg_flags=0}, MSG_NOSIGNAL) = 404
24644 1784070420.866811 sendmsg(71, {msg_name=NULL, msg_namelen=0, msg_iov=[{iov_base="l\1\1\1\310\0\0\0U\0\0\0\235\0\0\0\1\1o\0;\0\0\0/re/frid"..., iov_len=376}], msg_iovlen=1, msg_controllen=0, msg_flags=0}, MSG_NOSIGNAL) = 376
24644 1784070420.890232 sendmsg(71, {msg_name=NULL, msg_namelen=0, msg_iov=[{iov_base="l\1\1\1H\1\0\0V\0\0\0\235\0\0\0\1\1o\0;\0\0\0/re/frid"..., iov_len=504}], msg_iovlen=1, msg_controllen=0, msg_flags=0}, MSG_NOSIGNAL) = 504
24249 1784070420.900665 recvfrom(72, 0x7165c6d820, 2272, MSG_DONTWAIT, NULL, NULL) = -1 EAGAIN (Try again)
24249 1784070420.901419 recvfrom(38, 0x7ff90a9f80, 3200, MSG_DONTWAIT, NULL, NULL) = -1 EAGAIN (Try again)
24249 1784070420.907134 recvfrom(38, "nysv\0\0\0\0\0\0\0\0\0\0\0\0T\361y\334B\1\0\0\315A\1\0\0\0\0\0", 3200, MSG_DONTWAIT, NULL, NULL) = 32
24249 1784070420.907570 recvfrom(38, 0x7ff90aa020, 3200, MSG_DONTWAIT, NULL, NULL) = -1 EAGAIN (Try again)
24644 1784070420.917686 sendmsg(71, {msg_name=NULL, msg_namelen=0, msg_iov=[{iov_base="l\1\1\1\344\0\0\0W\0\0\0\235\0\0\0\1\1o\0;\0\0\0/re/frid"..., iov_len=404}], msg_iovlen=1, msg_controllen=0, msg_flags=0}, MSG_NOSIGNAL) = 404
24644 1784070420.932382 sendmsg(71, {msg_name=NULL, msg_namelen=0, msg_iov=[{iov_base="l\1\1\1\334\0\0\0X\0\0\0\235\0\0\0\1\1o\0;\0\0\0/re/frid"..., iov_len=396}], msg_iovlen=1, msg_controllen=0, msg_flags=0}, MSG_NOSIGNAL) = 396
24644 1784070420.935017 sendmsg(71, {msg_name=NULL, msg_namelen=0, msg_iov=[{iov_base="l\1\1\1\350\0\0\0Y\0\0\0\235\0\0\0\1\1o\0;\0\0\0/re/frid"..., iov_len=408}], msg_iovlen=1, msg_controllen=0, msg_flags=0}, MSG_NOSIGNAL) = 408
24644 1784070420.943381 sendmsg(71, {msg_name=NULL, msg_namelen=0, msg_iov=[{iov_base="l\1\1\1\354\0\0\0Z\0\0\0\235\0\0\0\1\1o\0;\0\0\0/re/frid"..., iov_len=412}], msg_iovlen=1, msg_controllen=0, msg_flags=0}, MSG_NOSIGNAL) = 412
24249 1784070420.948644 faccessat(AT_FDCWD, "/data/user/0/barilyuk.batterytemperature/shared_prefs/MyPrefs.xml", F_OK) = 0
24249 1784070420.949589 recvfrom(38, 0x7ff90a9080, 3200, MSG_DONTWAIT, NULL, NULL) = -1 EAGAIN (Try again)
24249 1784070420.952942 recvfrom(38, "nysv\0\0\0\0\0\0\0\0\0\0\0\0\352\272u\337B\1\0\0\320A\1\0\0\0\0\0", 3200, MSG_DONTWAIT, NULL, NULL) = 32
24249 1784070420.953326 recvfrom(38, 0x7ff90aa020, 3200, MSG_DONTWAIT, NULL, NULL) = -1 EAGAIN (Try again)
24249 1784070420.955623 recvfrom(72, 0x7165c6d820, 2272, MSG_DONTWAIT, NULL, NULL) = -1 EAGAIN (Try again)
24644 1784070421.211393 sendmsg(71, {msg_name=NULL, msg_namelen=0, msg_iov=[{iov_base="l\1\1\1\344\0\0\0[\0\0\0\235\0\0\0\1\1o\0;\0\0\0/re/frid"..., iov_len=404}], msg_iovlen=1, msg_controllen=0, msg_flags=0}, MSG_NOSIGNAL) = 404
24249 1784070421.212007 recvfrom(38, 0x7ff90a89b0, 3200, MSG_DONTWAIT, NULL, NULL) = -1 EAGAIN (Try again)
24249 1784070421.220888 recvfrom(38, "nysv\0\0\0\0\0\0\0\0\0\0\0\0h\314Z\357B\1\0\0\337A\1\0\0\0\0\0", 3200, MSG_DONTWAIT, NULL, NULL) = 32
24249 1784070421.221287 recvfrom(38, 0x7ff90aa020, 3200, MSG_DONTWAIT, NULL, NULL) = -1 EAGAIN (Try again)
24249 1784070421.221879 recvfrom(55, 0x71fb447820, 2272, MSG_DONTWAIT, NULL, NULL) = -1 EAGAIN (Try again)
24249 1784070421.258248 recvfrom(38, 0x7ff90aa070, 3200, MSG_DONTWAIT, NULL, NULL) = -1 EAGAIN (Try again)
24249 1784070421.270501 recvfrom(38, "nysv\0\0\0\0\0\0\0\0\0\0\0\0\215\244U\362B\1\0\0\342A\1\0\0\0\0\0", 3200, MSG_DONTWAIT, NULL, NULL) = 32
24249 1784070421.270856 recvfrom(38, 0x7ff90aa020, 3200, MSG_DONTWAIT, NULL, NULL) = -1 EAGAIN (Try again)
24249 1784070421.272839 recvfrom(55, 0x71fb447820, 2272, MSG_DONTWAIT, NULL, NULL) = -1 EAGAIN (Try again)
24249 1784070421.287200 recvfrom(38, 0x7ff90a91a0, 3200, MSG_DONTWAIT, NULL, NULL) = -1 EAGAIN (Try again)
24249 1784070421.310314 recvfrom(38, "nysv\0\0\0\0\0\0\0\0\0\0\0\0aPR\364B\1\0\0\344A\1\0\0\0\0\0", 3200, MSG_DONTWAIT, NULL, NULL) = 32
24249 1784070421.310460 recvfrom(38, 0x7ff90aa020, 3200, MSG_DONTWAIT, NULL, NULL) = -1 EAGAIN (Try again)
24268 1784070421.325988 clone(child_stack=0x711e04ad40, flags=CLONE_VM|CLONE_FS|CLONE_FILES|CLONE_SIGHAND|CLONE_THREAD|CLONE_SYSVSEM|CLONE_SETTLS|CLONE_PARENT_SETTID|CLONE_CHILD_CLEARTID, parent_tidptr=0x711e04ad60, tls=0x711e04b020, child_tidptr=0x711e04ad60) = 24674
24674 1784070421.328695 openat(AT_FDCWD, "/proc/24674/timerslack_ns", O_WRONLY|O_CREAT|O_TRUNC|O_NOFOLLOW|O_CLOEXEC, 0666) = 55
24644 1784070421.403789 sendmsg(71, {msg_name=NULL, msg_namelen=0, msg_iov=[{iov_base="l\1\1\1\344\0\0\0\\\0\0\0\235\0\0\0\1\1o\0;\0\0\0/re/frid"..., iov_len=404}], msg_iovlen=1, msg_controllen=0, msg_flags=0}, MSG_NOSIGNAL) = 404
24644 1784070421.406891 sendmsg(71, {msg_name=NULL, msg_namelen=0, msg_iov=[{iov_base="l\1\1\1\310\0\0\0]\0\0\0\235\0\0\0\1\1o\0;\0\0\0/re/frid"..., iov_len=376}], msg_iovlen=1, msg_controllen=0, msg_flags=0}, MSG_NOSIGNAL) = 376
24277 1784070421.508682 faccessat(AT_FDCWD, "/data/user/0/barilyuk.batterytemperature/shared_prefs/MyPrefs.xml", F_OK) = 0
24644 1784070422.690732 sendmsg(71, {msg_name=NULL, msg_namelen=0, msg_iov=[{iov_base="l\1\1\1\344\0\0\0^\0\0\0\235\0\0\0\1\1o\0;\0\0\0/re/frid"..., iov_len=404}], msg_iovlen=1, msg_controllen=0, msg_flags=0}, MSG_NOSIGNAL) = 404
24249 1784070422.692056 recvfrom(38, 0x7ff90a89b0, 3200, MSG_DONTWAIT, NULL, NULL) = -1 EAGAIN (Try again)
24249 1784070422.702915 recvfrom(38, "nysv\0\0\0\0\0\0\0\0\0\0\0\0\27\216\275GC\1\0\0007B\1\0\0\0\0\0", 3200, MSG_DONTWAIT, NULL, NULL) = 32
24249 1784070422.703195 recvfrom(38, 0x7ff90aa020, 3200, MSG_DONTWAIT, NULL, NULL) = -1 EAGAIN (Try again)
24249 1784070422.703641 recvfrom(72, 0x7165c6d820, 2272, MSG_DONTWAIT, NULL, NULL) = -1 EAGAIN (Try again)
24644 1784070424.710565 sendmsg(71, {msg_name=NULL, msg_namelen=0, msg_iov=[{iov_base="l\1\1\1\344\0\0\0_\0\0\0\235\0\0\0\1\1o\0;\0\0\0/re/frid"..., iov_len=404}], msg_iovlen=1, msg_controllen=0, msg_flags=0}, MSG_NOSIGNAL) = 404
24249 1784070424.712509 recvfrom(38, 0x7ff90a89b0, 3200, MSG_DONTWAIT, NULL, NULL) = -1 EAGAIN (Try again)
24249 1784070424.720232 recvfrom(38, "nysv\0\0\0\0\0\0\0\0\0\0\0\0\v\3\361\277C\1\0\0\256B\1\0\0\0\0\0", 3200, MSG_DONTWAIT, NULL, NULL) = 32
24249 1784070424.720804 recvfrom(38, 0x7ff90aa020, 3200, MSG_DONTWAIT, NULL, NULL) = -1 EAGAIN (Try again)
24249 1784070424.721434 recvfrom(72, 0x7165c6d820, 2272, MSG_DONTWAIT, NULL, NULL) = -1 EAGAIN (Try again)
24249 1784070425.832102 recvfrom(72, "\2\0\0\0\0\0\0\0\365\7\0\0\0\0\0\0\200i.\2D\1\0\0\1\0\0\0\2\20\0\0"..., 2272, MSG_DONTWAIT, NULL, NULL) = 232
24249 1784070425.832583 recvfrom(38, 0x7ff90a9320, 3200, MSG_DONTWAIT, NULL, NULL) = -1 EAGAIN (Try again)
24249 1784070425.833317 sendto(72, "\3\0\0\0\0\0\0\0\365\7\0\0\1\0\0\0", 16, MSG_DONTWAIT|MSG_NOSIGNAL, NULL, 0) = 16
24249 1784070425.833578 recvfrom(72, 0x7165c6d820, 2272, MSG_DONTWAIT, NULL, NULL) = -1 EAGAIN (Try again)
24249 1784070425.833945 recvfrom(72, "\2\0\0\0\0\0\0\0\367\7\0\0\0\0\0\0\200i.\2D\1\0\0\1\0\0\0\2\20\0\0"..., 2272, MSG_DONTWAIT, NULL, NULL) = 232
24249 1784070425.834117 sendto(72, "\3\0\0\0\0\0\0\0\367\7\0\0\1\0\0\0", 16, MSG_DONTWAIT|MSG_NOSIGNAL, NULL, 0) = 16
24249 1784070425.834328 recvfrom(72, 0x7165c6d820, 2272, MSG_DONTWAIT, NULL, NULL) = -1 EAGAIN (Try again)
24249 1784070425.835706 recvfrom(38, "nysv\0\0\0\0\0\0\0\0\0\0\0\0\375\n\201\2D\1\0\0\361B\1\0\0\0\0\0", 3200, MSG_DONTWAIT, NULL, NULL) = 32
24249 1784070425.836023 recvfrom(38, 0x7ff90aa020, 3200, MSG_DONTWAIT, NULL, NULL) = -1 EAGAIN (Try again)
24249 1784070425.836582 recvfrom(72, 0x7165c6d820, 2272, MSG_DONTWAIT, NULL, NULL) = -1 EAGAIN (Try again)
24249 1784070425.836817 recvfrom(38, 0x7ff90a9f80, 3200, MSG_DONTWAIT, NULL, NULL) = -1 EAGAIN (Try again)
24249 1784070425.839501 socket(AF_UNIX, SOCK_DGRAM|SOCK_CLOEXEC|SOCK_NONBLOCK, 0) = 55
24249 1784070425.839715 setsockopt(55, SOL_SOCKET, SO_SNDBUF, [1048576], 4) = 0
24249 1784070425.840076 connect(55, {sa_family=AF_UNIX, sun_path="/dev/socket/statsdw"}, 110) = 0
24644 1784070425.845917 sendmsg(71, {msg_name=NULL, msg_namelen=0, msg_iov=[{iov_base="l\1\1\1\310\0\0\0`\0\0\0\235\0\0\0\1\1o\0;\0\0\0/re/frid"..., iov_len=376}], msg_iovlen=1, msg_controllen=0, msg_flags=0}, MSG_NOSIGNAL) = 376
24271 1784070425.848649 recvfrom(42, 0x716ad86eb0, 3200, MSG_DONTWAIT, NULL, NULL) = -1 EAGAIN (Try again)
24271 1784070425.849507 recvfrom(42, 0x716ad86eb0, 3200, MSG_DONTWAIT, NULL, NULL) = -1 EAGAIN (Try again)
24271 1784070425.852746 recvfrom(42, "nysv\0\0\0\0\0\0\0\0\0\0\0\0005j\177\3D\1\0\0\362B\1\0\0\0\0\0", 3200, MSG_DONTWAIT, NULL, NULL) = 32
24271 1784070425.853331 recvfrom(42, 0x716ad86c80, 3200, MSG_DONTWAIT, NULL, NULL) = -1 EAGAIN (Try again)
24271 1784070425.867463 recvfrom(42, 0x716ad86eb0, 3200, MSG_DONTWAIT, NULL, NULL) = -1 EAGAIN (Try again)
24271 1784070425.869349 recvfrom(42, "nysv\0\0\0\0\0\0\0\0\0\0\0\0\37\3~\4D\1\0\0\363B\1\0\0\0\0\0", 3200, MSG_DONTWAIT, NULL, NULL) = 32
24271 1784070425.869843 recvfrom(42, 0x716ad86c80, 3200, MSG_DONTWAIT, NULL, NULL) = -1 EAGAIN (Try again)
24249 1784070425.876553 recvfrom(38, "nysv\0\0\0\0\0\0\0\0\0\0\0\0005j\177\3D\1\0\0\362B\1\0\0\0\0\0", 3200, MSG_DONTWAIT, NULL, NULL) = 32
24249 1784070425.876781 recvfrom(38, 0x7ff90aa020, 3200, MSG_DONTWAIT, NULL, NULL) = -1 EAGAIN (Try again)
24249 1784070425.878253 recvfrom(72, 0x7165c6d820, 2272, MSG_DONTWAIT, NULL, NULL) = -1 EAGAIN (Try again)
24249 1784070425.878528 recvfrom(61, 0x71fb447820, 2272, MSG_DONTWAIT, NULL, NULL) = -1 EAGAIN (Try again)
24249 1784070425.878715 recvfrom(38, 0x7ff90a9f80, 3200, MSG_DONTWAIT, NULL, NULL) = -1 EAGAIN (Try again)
24271 1784070425.882376 recvfrom(42, 0x716ad86eb0, 3200, MSG_DONTWAIT, NULL, NULL) = -1 EAGAIN (Try again)
24271 1784070425.883299 recvfrom(42, 0x716ad86eb0, 3200, MSG_DONTWAIT, NULL, NULL) = -1 EAGAIN (Try again)
24271 1784070425.886448 recvfrom(42, "nysv\0\0\0\0\0\0\0\0\0\0\0\0\2\204|\5D\1\0\0\364B\1\0\0\0\0\0", 3200, MSG_DONTWAIT, NULL, NULL) = 32
24271 1784070425.886735 recvfrom(42, 0x716ad86c80, 3200, MSG_DONTWAIT, NULL, NULL) = -1 EAGAIN (Try again)
24271 1784070425.899601 recvfrom(42, 0x716ad86eb0, 3200, MSG_DONTWAIT, NULL, NULL) = -1 EAGAIN (Try again)
24271 1784070425.909233 recvfrom(42, "nysv\0\0\0\0\0\0\0\0\0\0\0\0~\n{\6D\1\0\0\365B\1\0\0\0\0\0", 3200, MSG_DONTWAIT, NULL, NULL) = 32
24271 1784070425.909385 recvfrom(42, 0x716ad86c80, 3200, MSG_DONTWAIT, NULL, NULL) = -1 EAGAIN (Try again)
24277 1784070425.946279 faccessat(AT_FDCWD, "/data/user/0/barilyuk.batterytemperature/shared_prefs/MyPrefs.xml", F_OK) = 0
24277 1784070425.946825 faccessat(AT_FDCWD, "/data/user/0/barilyuk.batterytemperature/shared_prefs/MyPrefs.xml.bak", F_OK) = -1 ENOENT (No such file or directory)
24277 1784070425.947184 renameat(AT_FDCWD, "/data/user/0/barilyuk.batterytemperature/shared_prefs/MyPrefs.xml", AT_FDCWD, "/data/user/0/barilyuk.batterytemperature/shared_prefs/MyPrefs.xml.bak") = 0
24277 1784070425.947788 openat(AT_FDCWD, "/data/user/0/barilyuk.batterytemperature/shared_prefs/MyPrefs.xml", O_WRONLY|O_CREAT|O_TRUNC, 0600) = 56
24277 1784070425.951783 getsockopt(56, SOL_SOCKET, SO_ERROR, 0x710da96454, [4]) = -1 ENOTSOCK (Socket operation on non-socket)
24277 1784070425.952616 fchmodat(AT_FDCWD, "/data/user/0/barilyuk.batterytemperature/shared_prefs/MyPrefs.xml", 0660) = 0
24277 1784070425.953073 newfstatat(AT_FDCWD, "/data/user/0/barilyuk.batterytemperature/shared_prefs/MyPrefs.xml", {st_mode=S_IFREG|0660, st_size=206, ...}, 0) = 0
24644 1784070425.962142 sendmsg(71, {msg_name=NULL, msg_namelen=0, msg_iov=[{iov_base="l\1\1\1\20\1\0\0a\0\0\0\235\0\0\0\1\1o\0;\0\0\0/re/frid"..., iov_len=448}], msg_iovlen=1, msg_controllen=0, msg_flags=0}, MSG_NOSIGNAL <unfinished ...>
24277 1784070425.962318 unlinkat(AT_FDCWD, "/data/user/0/barilyuk.batterytemperature/shared_prefs/MyPrefs.xml.bak", 0 <unfinished ...>
24644 1784070425.962455 <... sendmsg resumed> ) = 448
24277 1784070425.962458 <... unlinkat resumed> ) = 0
24271 1784070425.980114 recvfrom(42, "nysv\0\0\0\0\0\0\0\0\0\0\0\0\316\22u\nD\1\0\0\371B\1\0\0\0\0\0", 3200, MSG_DONTWAIT, NULL, NULL) = 32
24271 1784070425.980271 recvfrom(42, 0x716ad86eb0, 3200, MSG_DONTWAIT, NULL, NULL) = -1 EAGAIN (Try again)
24249 1784070425.981067 recvfrom(38, "nysv\0\0\0\0\0\0\0\0\0\0\0\0\2\204|\5D\1\0\0\364B\1\0\0\0\0\0", 3200, MSG_DONTWAIT, NULL, NULL) = 32
24249 1784070425.981081 recvfrom(38, 0x7ff90aa020, 3200, MSG_DONTWAIT, NULL, NULL) = -1 EAGAIN (Try again)
24271 1784070425.992412 recvfrom(42, "nysv\0\0\0\0\0\0\0\0\0\0\0\0\354\214s\vD\1\0\0\372B\1\0\0\0\0\0", 3200, MSG_DONTWAIT, NULL, NULL) = 32
24271 1784070425.992561 recvfrom(42, 0x716ad86eb0, 3200, MSG_DONTWAIT, NULL, NULL) = -1 EAGAIN (Try again)
24249 1784070425.993549 recvfrom(72, 0x7165c6d820, 2272, MSG_DONTWAIT, NULL, NULL) = -1 EAGAIN (Try again)
24249 1784070425.993566 recvfrom(61, 0x71fb447820, 2272, MSG_DONTWAIT, NULL, NULL) = -1 EAGAIN (Try again)
24249 1784070425.993641 recvfrom(38, 0x7ff90a9f80, 3200, MSG_DONTWAIT, NULL, NULL) = -1 EAGAIN (Try again)
24271 1784070426.006235 recvfrom(42, "nysv\0\0\0\0\0\0\0\0\0\0\0\0\206\33r\fD\1\0\0\373B\1\0\0\0\0\0", 3200, MSG_DONTWAIT, NULL, NULL) = 32
24271 1784070426.006465 recvfrom(42, 0x716ad86eb0, 3200, MSG_DONTWAIT, NULL, NULL) = -1 EAGAIN (Try again)
24271 1784070426.026698 recvfrom(42, "nysv\0\0\0\0\0\0\0\0\0\0\0\0$wp\rD\1\0\0\374B\1\0\0\0\0\0", 3200, MSG_DONTWAIT, NULL, NULL) = 32
24271 1784070426.026870 recvfrom(42, 0x716ad86eb0, 3200, MSG_DONTWAIT, NULL, NULL) = -1 EAGAIN (Try again)
24249 1784070426.030004 recvfrom(38, "nysv\0\0\0\0\0\0\0\0\0\0\0\0\206\33r\fD\1\0\0\373B\1\0\0\0\0\0", 3200, MSG_DONTWAIT, NULL, NULL) = 32
24249 1784070426.030028 recvfrom(38, 0x7ff90aa020, 3200, MSG_DONTWAIT, NULL, NULL) = -1 EAGAIN (Try again)
24249 1784070426.030231 recvfrom(61, 0x71fb447820, 2272, MSG_DONTWAIT, NULL, NULL) = -1 EAGAIN (Try again)
24249 1784070426.030247 recvfrom(72, 0x7165c6d820, 2272, MSG_DONTWAIT, NULL, NULL) = -1 EAGAIN (Try again)
24249 1784070426.030259 recvfrom(38, 0x7ff90a9f80, 3200, MSG_DONTWAIT, NULL, NULL) = -1 EAGAIN (Try again)
24271 1784070426.054360 recvfrom(42, "nysv\0\0\0\0\0\0\0\0\0\0\0\0N\307n\16D\1\0\0\375B\1\0\0\0\0\0", 3200, MSG_DONTWAIT, NULL, NULL) = 32
24271 1784070426.054558 recvfrom(42, 0x716ad86eb0, 3200, MSG_DONTWAIT, NULL, NULL) = -1 EAGAIN (Try again)
24249 1784070426.055737 recvfrom(38, "nysv\0\0\0\0\0\0\0\0\0\0\0\0N\307n\16D\1\0\0\375B\1\0\0\0\0\0", 3200, MSG_DONTWAIT, NULL, NULL) = 32
24249 1784070426.055762 recvfrom(38, 0x7ff90aa020, 3200, MSG_DONTWAIT, NULL, NULL) = -1 EAGAIN (Try again)
24271 1784070426.056221 recvfrom(42, 0x716ad86eb0, 3200, MSG_DONTWAIT, NULL, NULL) = -1 EAGAIN (Try again)
24249 1784070426.056615 recvfrom(38, 0x7ff90a9f80, 3200, MSG_DONTWAIT, NULL, NULL) = -1 EAGAIN (Try again)
24249 1784070426.069735 recvfrom(38, "nysv\0\0\0\0\0\0\0\0\0\0\0\0\242gk\20D\1\0\0\377B\1\0\0\0\0\0", 3200, MSG_DONTWAIT, NULL, NULL) = 32
24249 1784070426.069754 recvfrom(38, 0x7ff90aa020, 3200, MSG_DONTWAIT, NULL, NULL) = -1 EAGAIN (Try again)
24271 1784070426.069776 recvfrom(42,  <unfinished ...>
24249 1784070426.069806 recvfrom(38,  <unfinished ...>
24271 1784070426.069809 <... recvfrom resumed> "nysv\0\0\0\0\0\0\0\0\0\0\0\0\242gk\20D\1\0\0\377B\1\0\0\0\0\0", 3200, MSG_DONTWAIT, NULL, NULL) = 32
24249 1784070426.069822 <... recvfrom resumed> 0x7ff90a9f80, 3200, MSG_DONTWAIT, NULL, NULL) = -1 EAGAIN (Try again)
24271 1784070426.069974 recvfrom(42, 0x716ad86c80, 3200, MSG_DONTWAIT, NULL, NULL) = -1 EAGAIN (Try again)
24271 1784070426.083981 recvfrom(42, 0x716ad86eb0, 3200, MSG_DONTWAIT, NULL, NULL) = -1 EAGAIN (Try again)
24249 1784070426.086649 recvfrom(38, "nysv\0\0\0\0\0\0\0\0\0\0\0\0_\304i\21D\1\0\0\0C\1\0\200\0\0\0", 3200, MSG_DONTWAIT, NULL, NULL) = 32
24249 1784070426.086671 recvfrom(38, 0x7ff90aa020, 3200, MSG_DONTWAIT, NULL, NULL) = -1 EAGAIN (Try again)
24249 1784070426.086701 recvfrom(38, 0x7ff90a9f80, 3200, MSG_DONTWAIT, NULL, NULL) = -1 EAGAIN (Try again)
24271 1784070426.087027 recvfrom(42, "nysv\0\0\0\0\0\0\0\0\0\0\0\0_\304i\21D\1\0\0\0C\1\0\200\0\0\0", 3200, MSG_DONTWAIT, NULL, NULL) = 32
24271 1784070426.087553 recvfrom(42, 0x716ad86c80, 3200, MSG_DONTWAIT, NULL, NULL) = -1 EAGAIN (Try again)
24271 1784070426.099198 recvfrom(42, 0x716ad86eb0, 3200, MSG_DONTWAIT, NULL, NULL) = -1 EAGAIN (Try again)
24249 1784070426.106109 recvfrom(38, "nysv\0\0\0\0\0\0\0\0\0\0\0\0\3tg\22D\1\0\0\1C\1\0\0\0\0\0", 3200, MSG_DONTWAIT, NULL, NULL) = 32
24249 1784070426.106130 recvfrom(38, 0x7ff90aa020, 3200, MSG_DONTWAIT, NULL, NULL) = -1 EAGAIN (Try again)
24249 1784070426.106172 recvfrom(38, 0x7ff90a9f80, 3200, MSG_DONTWAIT, NULL, NULL) = -1 EAGAIN (Try again)
24271 1784070426.106521 recvfrom(42, "nysv\0\0\0\0\0\0\0\0\0\0\0\0\3tg\22D\1\0\0\1C\1\0\0\0\0\0", 3200, MSG_DONTWAIT, NULL, NULL) = 32
24271 1784070426.106772 recvfrom(42, 0x716ad86c80, 3200, MSG_DONTWAIT, NULL, NULL) = -1 EAGAIN (Try again)
24271 1784070426.118806 recvfrom(42, 0x716ad86eb0, 3200, MSG_DONTWAIT, NULL, NULL) = -1 EAGAIN (Try again)
24249 1784070426.119347 recvfrom(38, "nysv\0\0\0\0\0\0\0\0\0\0\0\0-\304e\23D\1\0\0\2C\1\0\0\0\0\0", 3200, MSG_DONTWAIT, NULL, NULL) = 32
24249 1784070426.119468 recvfrom(38, 0x7ff90aa020, 3200, MSG_DONTWAIT, NULL, NULL) = -1 EAGAIN (Try again)
24249 1784070426.119511 recvfrom(38, 0x7ff90a9f80, 3200, MSG_DONTWAIT, NULL, NULL) = -1 EAGAIN (Try again)
24271 1784070426.120033 recvfrom(42, "nysv\0\0\0\0\0\0\0\0\0\0\0\0-\304e\23D\1\0\0\2C\1\0\0\0\0\0", 3200, MSG_DONTWAIT, NULL, NULL) = 32
24271 1784070426.120408 recvfrom(42, 0x716ad86c80, 3200, MSG_DONTWAIT, NULL, NULL) = -1 EAGAIN (Try again)
24271 1784070426.133700 recvfrom(42, 0x716ad86eb0, 3200, MSG_DONTWAIT, NULL, NULL) = -1 EAGAIN (Try again)
24249 1784070426.136520 recvfrom(38, "nysv\0\0\0\0\0\0\0\0\0\0\0\0\245)d\24D\1\0\0\3C\1\0\0\0\0\0", 3200, MSG_DONTWAIT, NULL, NULL) = 32
24249 1784070426.136537 recvfrom(38, 0x7ff90aa020, 3200, MSG_DONTWAIT, NULL, NULL) = -1 EAGAIN (Try again)
24249 1784070426.136629 recvfrom(38, 0x7ff90a9f80, 3200, MSG_DONTWAIT, NULL, NULL) = -1 EAGAIN (Try again)
24271 1784070426.136656 recvfrom(42, "nysv\0\0\0\0\0\0\0\0\0\0\0\0\245)d\24D\1\0\0\3C\1\0\0\0\0\0", 3200, MSG_DONTWAIT, NULL, NULL) = 32
24271 1784070426.137075 recvfrom(42, 0x716ad86c80, 3200, MSG_DONTWAIT, NULL, NULL) = -1 EAGAIN (Try again)
24271 1784070426.150019 recvfrom(42, 0x716ad86eb0, 3200, MSG_DONTWAIT, NULL, NULL) = -1 EAGAIN (Try again)
24249 1784070426.153033 recvfrom(38, "nysv\0\0\0\0\0\0\0\0\0\0\0\0\317yb\25D\1\0\0\4C\1\0\0\0\0\0", 3200, MSG_DONTWAIT, NULL, NULL) = 32
24249 1784070426.153054 recvfrom(38, 0x7ff90aa020, 3200, MSG_DONTWAIT, NULL, NULL) = -1 EAGAIN (Try again)
24249 1784070426.153125 recvfrom(38, 0x7ff90a9f80, 3200, MSG_DONTWAIT, NULL, NULL) = -1 EAGAIN (Try again)
24271 1784070426.153193 recvfrom(42, "nysv\0\0\0\0\0\0\0\0\0\0\0\0\317yb\25D\1\0\0\4C\1\0\0\0\0\0", 3200, MSG_DONTWAIT, NULL, NULL) = 32
24271 1784070426.153373 recvfrom(42, 0x716ad86c80, 3200, MSG_DONTWAIT, NULL, NULL) = -1 EAGAIN (Try again)
24271 1784070426.165410 recvfrom(42, 0x716ad86eb0, 3200, MSG_DONTWAIT, NULL, NULL) = -1 EAGAIN (Try again)
24249 1784070426.169804 recvfrom(38, "nysv\0\0\0\0\0\0\0\0\0\0\0\0\240\341`\26D\1\0\0\5C\1\0\0\0\0\0", 3200, MSG_DONTWAIT, NULL, NULL) = 32
24249 1784070426.169831 recvfrom(38, 0x7ff90aa020, 3200, MSG_DONTWAIT, NULL, NULL) = -1 EAGAIN (Try again)
24249 1784070426.169894 recvfrom(38, 0x7ff90a9f80, 3200, MSG_DONTWAIT, NULL, NULL) = -1 EAGAIN (Try again)
24271 1784070426.169924 recvfrom(42, "nysv\0\0\0\0\0\0\0\0\0\0\0\0\240\341`\26D\1\0\0\5C\1\0\0\0\0\0", 3200, MSG_DONTWAIT, NULL, NULL) = 32
24271 1784070426.170268 recvfrom(42, 0x716ad86c80, 3200, MSG_DONTWAIT, NULL, NULL) = -1 EAGAIN (Try again)
24271 1784070426.182830 recvfrom(42, 0x716ad86eb0, 3200, MSG_DONTWAIT, NULL, NULL) = -1 EAGAIN (Try again)
24249 1784070426.186214 recvfrom(38, "nysv\0\0\0\0\0\0\0\0\0\0\0\0ZX_\27D\1\0\0\6C\1\0\0\0\0\0", 3200, MSG_DONTWAIT, NULL, NULL) = 32
24249 1784070426.186241 recvfrom(38, 0x7ff90aa020, 3200, MSG_DONTWAIT, NULL, NULL) = -1 EAGAIN (Try again)
24249 1784070426.186280 recvfrom(38, 0x7ff90a9f80, 3200, MSG_DONTWAIT, NULL, NULL) = -1 EAGAIN (Try again)
24271 1784070426.186388 recvfrom(42, "nysv\0\0\0\0\0\0\0\0\0\0\0\0ZX_\27D\1\0\0\6C\1\0\0\0\0\0", 3200, MSG_DONTWAIT, NULL, NULL) = 32
24271 1784070426.186651 recvfrom(42, 0x716ad86c80, 3200, MSG_DONTWAIT, NULL, NULL) = -1 EAGAIN (Try again)
24271 1784070426.199318 recvfrom(42, 0x716ad86eb0, 3200, MSG_DONTWAIT, NULL, NULL) = -1 EAGAIN (Try again)
24249 1784070426.203880 recvfrom(38,  <unfinished ...>
24271 1784070426.203978 recvfrom(42,  <unfinished ...>
24249 1784070426.203988 <... recvfrom resumed> "nysv\0\0\0\0\0\0\0\0\0\0\0\0\204\250]\30D\1\0\0\7C\1\0\0\0\0\0", 3200, MSG_DONTWAIT, NULL, NULL) = 32
24249 1784070426.204003 recvfrom(38, 0x7ff90aa020, 3200, MSG_DONTWAIT, NULL, NULL) = -1 EAGAIN (Try again)
24271 1784070426.204130 <... recvfrom resumed> "nysv\0\0\0\0\0\0\0\0\0\0\0\0\204\250]\30D\1\0\0\7C\1\0\0\0\0\0", 3200, MSG_DONTWAIT, NULL, NULL) = 32
24271 1784070426.204271 recvfrom(42, 0x716ad86c80, 3200, MSG_DONTWAIT, NULL, NULL) = -1 EAGAIN (Try again)
24271 1784070426.216108 recvfrom(42, 0x716ad86eb0, 3200, MSG_DONTWAIT, NULL, NULL) = -1 EAGAIN (Try again)
24271 1784070426.221226 recvfrom(42, "nysv\0\0\0\0\0\0\0\0\0\0\0\0\5\312[\31D\1\0\0\10C\1\0\0\0\0\0", 3200, MSG_DONTWAIT, NULL, NULL) = 32
24271 1784070426.221512 recvfrom(42, 0x716ad86c80, 3200, MSG_DONTWAIT, NULL, NULL) = -1 EAGAIN (Try again)
24271 1784070426.234965 recvfrom(42, 0x716ad86eb0, 3200, MSG_DONTWAIT, NULL, NULL) = -1 EAGAIN (Try again)
24271 1784070426.236649 recvfrom(42, "nysv\0\0\0\0\0\0\0\0\0\0\0\0/\32Z\32D\1\0\0\tC\1\0\0\0\0\0", 3200, MSG_DONTWAIT, NULL, NULL) = 32
24271 1784070426.236951 recvfrom(42, 0x716ad86c80, 3200, MSG_DONTWAIT, NULL, NULL) = -1 EAGAIN (Try again)
24271 1784070426.249303 recvfrom(42, 0x716ad86eb0, 3200, MSG_DONTWAIT, NULL, NULL) = -1 EAGAIN (Try again)
24271 1784070426.253637 recvfrom(42, "nysv\0\0\0\0\0\0\0\0\0\0\0\0YjX\33D\1\0\0\nC\1\0\0\0\0\0", 3200, MSG_DONTWAIT, NULL, NULL) = 32
24271 1784070426.254002 recvfrom(42, 0x716ad86c80, 3200, MSG_DONTWAIT, NULL, NULL) = -1 EAGAIN (Try again)
24271 1784070426.265577 recvfrom(42, 0x716ad86eb0, 3200, MSG_DONTWAIT, NULL, NULL) = -1 EAGAIN (Try again)
24271 1784070426.269545 recvfrom(42, "nysv\0\0\0\0\0\0\0\0\0\0\0\0j\270V\34D\1\0\0\vC\1\0\0\0\0\0", 3200, MSG_DONTWAIT, NULL, NULL) = 32
24271 1784070426.269865 recvfrom(42, 0x716ad86c80, 3200, MSG_DONTWAIT, NULL, NULL) = -1 EAGAIN (Try again)
24271 1784070426.282188 recvfrom(42, 0x716ad86eb0, 3200, MSG_DONTWAIT, NULL, NULL) = -1 EAGAIN (Try again)
24271 1784070426.285982 recvfrom(42, "nysv\0\0\0\0\0\0\0\0\0\0\0\0\302LU\35D\1\0\0\fC\1\0\0\0\0\0", 3200, MSG_DONTWAIT, NULL, NULL) = 32
24271 1784070426.286282 recvfrom(42, 0x716ad86c80, 3200, MSG_DONTWAIT, NULL, NULL) = -1 EAGAIN (Try again)
24271 1784070426.297642 recvfrom(42, 0x716ad86eb0, 3200, MSG_DONTWAIT, NULL, NULL) = -1 EAGAIN (Try again)
24271 1784070426.303645 recvfrom(42, "nysv\0\0\0\0\0\0\0\0\0\0\0\0\354\234S\36D\1\0\0\rC\1\0\0\0\0\0", 3200, MSG_DONTWAIT, NULL, NULL) = 32
24271 1784070426.303977 recvfrom(42, 0x716ad86c80, 3200, MSG_DONTWAIT, NULL, NULL) = -1 EAGAIN (Try again)
24271 1784070426.315449 recvfrom(42, 0x716ad86eb0, 3200, MSG_DONTWAIT, NULL, NULL) = -1 EAGAIN (Try again)
24271 1784070426.320493 recvfrom(42, "nysv\0\0\0\0\0\0\0\0\0\0\0\0003\361Q\37D\1\0\0\16C\1\0\0\0\0\0", 3200, MSG_DONTWAIT, NULL, NULL) = 32
24271 1784070426.320794 recvfrom(42, 0x716ad86c80, 3200, MSG_DONTWAIT, NULL, NULL) = -1 EAGAIN (Try again)
24271 1784070426.332129 recvfrom(42, 0x716ad86eb0, 3200, MSG_DONTWAIT, NULL, NULL) = -1 EAGAIN (Try again)
24271 1784070426.336362 recvfrom(42, "nysv\0\0\0\0\0\0\0\0\0\0\0\0\203sP D\1\0\0\17C\1\0\0\0\0\0", 3200, MSG_DONTWAIT, NULL, NULL) = 32
24271 1784070426.336654 recvfrom(42, 0x716ad86c80, 3200, MSG_DONTWAIT, NULL, NULL) = -1 EAGAIN (Try again)
24271 1784070426.348990 recvfrom(42, 0x716ad86eb0, 3200, MSG_DONTWAIT, NULL, NULL) = -1 EAGAIN (Try again)
24271 1784070426.353854 recvfrom(42, "nysv\0\0\0\0\0\0\0\0\0\0\0\0F\305N!D\1\0\0\20C\1\0\0\0\0\0", 3200, MSG_DONTWAIT, NULL, NULL) = 32
24271 1784070426.354108 recvfrom(42, 0x716ad86c80, 3200, MSG_DONTWAIT, NULL, NULL) = -1 EAGAIN (Try again)
24271 1784070426.366554 recvfrom(42, 0x716ad86eb0, 3200, MSG_DONTWAIT, NULL, NULL) = -1 EAGAIN (Try again)
24271 1784070426.369504 recvfrom(42, "nysv\0\0\0\0\0\0\0\0\0\0\0\0#TM\"D\1\0\0\21C\1\0\0\0\0\0", 3200, MSG_DONTWAIT, NULL, NULL) = 32
24271 1784070426.369838 recvfrom(42, 0x716ad86c80, 3200, MSG_DONTWAIT, NULL, NULL) = -1 EAGAIN (Try again)
24249 1784070426.375288 recvfrom(38, 0x7ff90a9d00, 3200, MSG_DONTWAIT, NULL, NULL) = -1 EAGAIN (Try again)
24249 1784070426.385879 recvfrom(38, "nysv\0\0\0\0\0\0\0\0\0\0\0\0\356\336K#D\1\0\0\22C\1\0\0\0\0\0", 3200, MSG_DONTWAIT, NULL, NULL) = 32
24249 1784070426.385908 recvfrom(38, 0x7ff90aa020, 3200, MSG_DONTWAIT, NULL, NULL) = -1 EAGAIN (Try again)
24249 1784070426.385943 recvfrom(72, 0x7165c6d820, 2272, MSG_DONTWAIT, NULL, NULL) = -1 EAGAIN (Try again)
24271 1784070426.386101 recvfrom(42, "nysv\0\0\0\0\0\0\0\0\0\0\0\0\356\336K#D\1\0\0\22C\1\0\0\0\0\0", 3200, MSG_DONTWAIT, NULL, NULL) = 32
24271 1784070426.386379 recvfrom(42, 0x716ad86c80, 3200, MSG_DONTWAIT, NULL, NULL) = -1 EAGAIN (Try again)
24249 1784070426.723555 recvfrom(38, 0x7ff90a89b0, 3200, MSG_DONTWAIT, NULL, NULL) = -1 EAGAIN (Try again)
24644 1784070426.724901 sendmsg(71, {msg_name=NULL, msg_namelen=0, msg_iov=[{iov_base="l\1\1\1\344\0\0\0b\0\0\0\235\0\0\0\1\1o\0;\0\0\0/re/frid"..., iov_len=404}], msg_iovlen=1, msg_controllen=0, msg_flags=0}, MSG_NOSIGNAL) = 404
24249 1784070426.737530 recvfrom(38, "nysv\0\0\0\0\0\0\0\0\0\0\0\0)\3$8D\1\0\0'C\1\0\0\0\0\0", 3200, MSG_DONTWAIT, NULL, NULL) = 32
24249 1784070426.737621 recvfrom(38, 0x7ff90aa020, 3200, MSG_DONTWAIT, NULL, NULL) = -1 EAGAIN (Try again)
24249 1784070426.737698 recvfrom(72, 0x7165c6d820, 2272, MSG_DONTWAIT, NULL, NULL) = -1 EAGAIN (Try again)
24249 1784070427.478500 recvfrom(38, 0x7ff90a9e30, 3200, MSG_DONTWAIT, NULL, NULL) = -1 EAGAIN (Try again)
24249 1784070427.488461 recvfrom(38, "nysv\0\0\0\0\0\0\0\0\0\0\0\0\213\32\330dD\1\0\0TC\1\0\0\0\0\0", 3200, MSG_DONTWAIT, NULL, NULL) = 32
24249 1784070427.488656 recvfrom(38, 0x7ff90aa020, 3200, MSG_DONTWAIT, NULL, NULL) = -1 EAGAIN (Try again)
24249 1784070427.488809 recvfrom(61, 0x71fb447820, 2272, MSG_DONTWAIT, NULL, NULL) = -1 EAGAIN (Try again)
24249 1784070427.489126 recvfrom(38, 0x7ff90a9160, 3200, MSG_DONTWAIT, NULL, NULL) = -1 EAGAIN (Try again)
24249 1784070427.502881 recvfrom(38, "nysv\0\0\0\0\0\0\0\0\0\0\0\0V\260\326eD\1\0\0UC\1\0\0\0\0\0", 3200, MSG_DONTWAIT, NULL, NULL) = 32
24249 1784070427.502984 recvfrom(38, 0x7ff90aa020, 3200, MSG_DONTWAIT, NULL, NULL) = -1 EAGAIN (Try again)
24249 1784070427.503091 recvfrom(61, 0x71fb447820, 2272, MSG_DONTWAIT, NULL, NULL) = -1 EAGAIN (Try again)
24249 1784070427.503265 recvfrom(38, 0x7ff90a9160, 3200, MSG_DONTWAIT, NULL, NULL) = -1 EAGAIN (Try again)
24249 1784070427.519520 recvfrom(38, "nysv\0\0\0\0\0\0\0\0\0\0\0\0b0\325fD\1\0\0VC\1\0\0\0\0\0", 3200, MSG_DONTWAIT, NULL, NULL) = 32
24249 1784070427.519544 recvfrom(38, 0x7ff90aa020, 3200, MSG_DONTWAIT, NULL, NULL) = -1 EAGAIN (Try again)
24249 1784070427.519577 recvfrom(61, 0x71fb447820, 2272, MSG_DONTWAIT, NULL, NULL) = -1 EAGAIN (Try again)
24249 1784070427.519632 recvfrom(38, 0x7ff90a9160, 3200, MSG_DONTWAIT, NULL, NULL) = -1 EAGAIN (Try again)
24249 1784070427.535512 recvfrom(38, "nysv\0\0\0\0\0\0\0\0\0\0\0\0\"\324\323gD\1\0\0WC\1\0\0\0\0\0", 3200, MSG_DONTWAIT, NULL, NULL) = 32
24249 1784070427.535540 recvfrom(38, 0x7ff90aa020, 3200, MSG_DONTWAIT, NULL, NULL) = -1 EAGAIN (Try again)
24249 1784070427.535578 recvfrom(61, 0x71fb447820, 2272, MSG_DONTWAIT, NULL, NULL) = -1 EAGAIN (Try again)
24249 1784070427.535670 recvfrom(38, 0x7ff90a9160, 3200, MSG_DONTWAIT, NULL, NULL) = -1 EAGAIN (Try again)
24249 1784070427.552425 recvfrom(38, "nysv\0\0\0\0\0\0\0\0\0\0\0\0\1v\322hD\1\0\0XC\1\0\0\0\0\0", 3200, MSG_DONTWAIT, NULL, NULL) = 32
24249 1784070427.552458 recvfrom(38, 0x7ff90aa020, 3200, MSG_DONTWAIT, NULL, NULL) = -1 EAGAIN (Try again)
24249 1784070427.552796 recvfrom(61, 0x71fb447820, 2272, MSG_DONTWAIT, NULL, NULL) = -1 EAGAIN (Try again)
24249 1784070427.552880 recvfrom(38, 0x7ff90a9160, 3200, MSG_DONTWAIT, NULL, NULL) = -1 EAGAIN (Try again)
24249 1784070427.568882 recvfrom(38, "nysv\0\0\0\0\0\0\0\0\0\0\0\0\263\26\321iD\1\0\0YC\1\0\0\0\0\0", 3200, MSG_DONTWAIT, NULL, NULL) = 32
24249 1784070427.568917 recvfrom(38, 0x7ff90aa020, 3200, MSG_DONTWAIT, NULL, NULL) = -1 EAGAIN (Try again)
24249 1784070427.568959 recvfrom(61, 0x71fb447820, 2272, MSG_DONTWAIT, NULL, NULL) = -1 EAGAIN (Try again)
24249 1784070427.569061 recvfrom(38, 0x7ff90a9160, 3200, MSG_DONTWAIT, NULL, NULL) = -1 EAGAIN (Try again)
24249 1784070427.586023 recvfrom(38, "nysv\0\0\0\0\0\0\0\0\0\0\0\0\205\225\317jD\1\0\0ZC\1\0\0\0\0\0", 3200, MSG_DONTWAIT, NULL, NULL) = 32
24249 1784070427.586048 recvfrom(38, 0x7ff90aa020, 3200, MSG_DONTWAIT, NULL, NULL) = -1 EAGAIN (Try again)
24249 1784070427.586077 recvfrom(61, 0x71fb447820, 2272, MSG_DONTWAIT, NULL, NULL) = -1 EAGAIN (Try again)
24249 1784070427.586235 recvfrom(38, 0x7ff90a9160, 3200, MSG_DONTWAIT, NULL, NULL) = -1 EAGAIN (Try again)
24249 1784070427.602855 recvfrom(38, "nysv\0\0\0\0\0\0\0\0\0\0\0\0\326\f\316kD\1\0\0[C\1\0\0\0\0\0", 3200, MSG_DONTWAIT, NULL, NULL) = 32
24249 1784070427.602877 recvfrom(38, 0x7ff90aa020, 3200, MSG_DONTWAIT, NULL, NULL) = -1 EAGAIN (Try again)
24249 1784070427.602915 recvfrom(61, 0x71fb447820, 2272, MSG_DONTWAIT, NULL, NULL) = -1 EAGAIN (Try again)
24249 1784070427.603084 recvfrom(38, 0x7ff90a9160, 3200, MSG_DONTWAIT, NULL, NULL) = -1 EAGAIN (Try again)
24249 1784070427.618884 recvfrom(38, "nysv\0\0\0\0\0\0\0\0\0\0\0\0G\252\314lD\1\0\0\\C\1\0\0\0\0\0", 3200, MSG_DONTWAIT, NULL, NULL) = 32
24249 1784070427.618909 recvfrom(38, 0x7ff90aa020, 3200, MSG_DONTWAIT, NULL, NULL) = -1 EAGAIN (Try again)
24249 1784070427.618946 recvfrom(61, 0x71fb447820, 2272, MSG_DONTWAIT, NULL, NULL) = -1 EAGAIN (Try again)
24249 1784070427.619136 recvfrom(38, 0x7ff90a9160, 3200, MSG_DONTWAIT, NULL, NULL) = -1 EAGAIN (Try again)
24249 1784070427.635533 recvfrom(38, "nysv\0\0\0\0\0\0\0\0\0\0\0\0\343\v\313mD\1\0\0]C\1\0\0\0\0\0", 3200, MSG_DONTWAIT, NULL, NULL) = 32
24249 1784070427.635556 recvfrom(38, 0x7ff90aa020, 3200, MSG_DONTWAIT, NULL, NULL) = -1 EAGAIN (Try again)
24249 1784070427.635587 recvfrom(61, 0x71fb447820, 2272, MSG_DONTWAIT, NULL, NULL) = -1 EAGAIN (Try again)
24249 1784070427.635653 recvfrom(38, 0x7ff90a9160, 3200, MSG_DONTWAIT, NULL, NULL) = -1 EAGAIN (Try again)
24249 1784070427.653683 recvfrom(38, "nysv\0\0\0\0\0\0\0\0\0\0\0\0*S\311nD\1\0\0^C\1\0\0\0\0\0", 3200, MSG_DONTWAIT, NULL, NULL) = 32
24249 1784070427.653715 recvfrom(38, 0x7ff90aa020, 3200, MSG_DONTWAIT, NULL, NULL) = -1 EAGAIN (Try again)
24249 1784070427.653889 recvfrom(61, 0x71fb447820, 2272, MSG_DONTWAIT, NULL, NULL) = -1 EAGAIN (Try again)
24249 1784070427.653959 recvfrom(38, 0x7ff90a9160, 3200, MSG_DONTWAIT, NULL, NULL) = -1 EAGAIN (Try again)
24249 1784070427.671234 recvfrom(38, "nysv\0\0\0\0\0\0\0\0\0\0\0\0}c\307oD\1\0\0_C\1\0\0\0\0\0", 3200, MSG_DONTWAIT, NULL, NULL) = 32
24249 1784070427.671263 recvfrom(38, 0x7ff90aa020, 3200, MSG_DONTWAIT, NULL, NULL) = -1 EAGAIN (Try again)
24249 1784070427.671287 recvfrom(61, 0x71fb447820, 2272, MSG_DONTWAIT, NULL, NULL) = -1 EAGAIN (Try again)
24249 1784070427.671330 recvfrom(38, 0x7ff90a9160, 3200, MSG_DONTWAIT, NULL, NULL) = -1 EAGAIN (Try again)
24249 1784070427.685653 recvfrom(38, "nysv\0\0\0\0\0\0\0\0\0\0\0\0*\373\305pD\1\0\0`C\1\0\0\0\0\0", 3200, MSG_DONTWAIT, NULL, NULL) = 32
24249 1784070427.685674 recvfrom(38, 0x7ff90aa020, 3200, MSG_DONTWAIT, NULL, NULL) = -1 EAGAIN (Try again)
24249 1784070427.685695 recvfrom(61, 0x71fb447820, 2272, MSG_DONTWAIT, NULL, NULL) = -1 EAGAIN (Try again)
24249 1784070427.685729 recvfrom(38, 0x7ff90a9160, 3200, MSG_DONTWAIT, NULL, NULL) = -1 EAGAIN (Try again)
24249 1784070427.702546 recvfrom(38, "nysv\0\0\0\0\0\0\0\0\0\0\0\0\266\210\304qD\1\0\0aC\1\0\0\0\0\0", 3200, MSG_DONTWAIT, NULL, NULL) = 32
24249 1784070427.702573 recvfrom(38, 0x7ff90aa020, 3200, MSG_DONTWAIT, NULL, NULL) = -1 EAGAIN (Try again)
24249 1784070427.702594 recvfrom(61, 0x71fb447820, 2272, MSG_DONTWAIT, NULL, NULL) = -1 EAGAIN (Try again)
24249 1784070427.702634 recvfrom(38, 0x7ff90a9160, 3200, MSG_DONTWAIT, NULL, NULL) = -1 EAGAIN (Try again)
24249 1784070427.720716 recvfrom(38, "nysv\0\0\0\0\0\0\0\0\0\0\0\0\5\272\302rD\1\0\0bC\1\0\0\0\0\0", 3200, MSG_DONTWAIT, NULL, NULL) = 32
24249 1784070427.720737 recvfrom(38, 0x7ff90aa020, 3200, MSG_DONTWAIT, NULL, NULL) = -1 EAGAIN (Try again)
24249 1784070427.720760 recvfrom(61, 0x71fb447820, 2272, MSG_DONTWAIT, NULL, NULL) = -1 EAGAIN (Try again)
24249 1784070427.720805 recvfrom(38, 0x7ff90a9160, 3200, MSG_DONTWAIT, NULL, NULL) = -1 EAGAIN (Try again)
24249 1784070427.737633 recvfrom(38, "nysv\0\0\0\0\0\0\0\0\0\0\0\0\302\334\300sD\1\0\0cC\1\0\0\0\0\0", 3200, MSG_DONTWAIT, NULL, NULL) = 32
24249 1784070427.737651 recvfrom(38, 0x7ff90aa020, 3200, MSG_DONTWAIT, NULL, NULL) = -1 EAGAIN (Try again)
24249 1784070427.737675 recvfrom(61, 0x71fb447820, 2272, MSG_DONTWAIT, NULL, NULL) = -1 EAGAIN (Try again)
24249 1784070427.737787 recvfrom(38, 0x7ff90a9160, 3200, MSG_DONTWAIT, NULL, NULL) = -1 EAGAIN (Try again)
24249 1784070427.753443 recvfrom(38, "nysv\0\0\0\0\0\0\0\0\0\0\0\0\313/\277tD\1\0\0dC\1\0\0\0\0\0", 3200, MSG_DONTWAIT, NULL, NULL) = 32
24249 1784070427.753465 recvfrom(38, 0x7ff90aa020, 3200, MSG_DONTWAIT, NULL, NULL) = -1 EAGAIN (Try again)
24249 1784070427.753491 recvfrom(61, 0x71fb447820, 2272, MSG_DONTWAIT, NULL, NULL) = -1 EAGAIN (Try again)
24249 1784070428.726969 recvfrom(38, 0x7ff90a89b0, 3200, MSG_DONTWAIT, NULL, NULL) = -1 EAGAIN (Try again)
24644 1784070428.729883 sendmsg(71, {msg_name=NULL, msg_namelen=0, msg_iov=[{iov_base="l\1\1\1\344\0\0\0c\0\0\0\235\0\0\0\1\1o\0;\0\0\0/re/frid"..., iov_len=404}], msg_iovlen=1, msg_controllen=0, msg_flags=0}, MSG_NOSIGNAL) = 404
24249 1784070428.736787 recvfrom(38, "nysv\0\0\0\0\0\0\0\0\0\0\0\0\37\346Y\257D\1\0\0\237C\1\0\0\0\0\0", 3200, MSG_DONTWAIT, NULL, NULL) = 32
24249 1784070428.736817 recvfrom(38, 0x7ff90aa020, 3200, MSG_DONTWAIT, NULL, NULL) = -1 EAGAIN (Try again)
24249 1784070428.736851 recvfrom(72, 0x7165c6d820, 2272, MSG_DONTWAIT, NULL, NULL) = -1 EAGAIN (Try again)
24249 1784070428.812415 recvfrom(61, "\2\0\0\0\0\0\0\0\373\7\0\0\0\0\0\0\300\334\334\263D\1\0\0\1\0\0\0\2\20\0\0"..., 2272, MSG_DONTWAIT, NULL, NULL) = 232
24249 1784070428.812516 sendto(61, "\3\0\0\0\0\0\0\0\373\7\0\0\1\0\0\0", 16, MSG_DONTWAIT|MSG_NOSIGNAL, NULL, 0) = 16
24249 1784070428.812539 recvfrom(61, 0x71fb447820, 2272, MSG_DONTWAIT, NULL, NULL) = -1 EAGAIN (Try again)
24249 1784070428.812829 recvfrom(61, "\2\0\0\0\0\0\0\0\375\7\0\0\0\0\0\0\300\334\334\263D\1\0\0\1\0\0\0\2\20\0\0"..., 2272, MSG_DONTWAIT, NULL, NULL) = 232
24249 1784070428.812903 sendto(61, "\3\0\0\0\0\0\0\0\375\7\0\0\1\0\0\0", 16, MSG_DONTWAIT|MSG_NOSIGNAL, NULL, 0) = 16
24249 1784070428.812922 recvfrom(61, 0x71fb447820, 2272, MSG_DONTWAIT, NULL, NULL) = -1 EAGAIN (Try again)
24249 1784070428.816950 recvfrom(38, 0x7ff90a9440, 3200, MSG_DONTWAIT, NULL, NULL) = -1 EAGAIN (Try again)
24249 1784070428.837339 recvfrom(38, "nysv\0\0\0\0\0\0\0\0\0\0\0\0\344\27R\264D\1\0\0\244C\1\0\0\0\0\0", 3200, MSG_DONTWAIT, NULL, NULL) = 32
24249 1784070428.837371 recvfrom(38, 0x7ff90aa020, 3200, MSG_DONTWAIT, NULL, NULL) = -1 EAGAIN (Try again)
24249 1784070428.848637 recvfrom(38, 0x7ff90a9a20, 3200, MSG_DONTWAIT, NULL, NULL) = -1 EAGAIN (Try again)
24249 1784070428.852634 recvfrom(38, "nysv\0\0\0\0\0\0\0\0\0\0\0\0\243DO\266D\1\0\0\246C\1\0\0\0\0\0", 3200, MSG_DONTWAIT, NULL, NULL) = 32
24249 1784070428.852696 recvfrom(38, 0x7ff90aa020, 3200, MSG_DONTWAIT, NULL, NULL) = -1 EAGAIN (Try again)
24249 1784070428.852724 recvfrom(72, 0x7165c6d820, 2272, MSG_DONTWAIT, NULL, NULL) = -1 EAGAIN (Try again)
24249 1784070428.870354 recvfrom(38, 0x7ff90a9a20, 3200, MSG_DONTWAIT, NULL, NULL) = -1 EAGAIN (Try again)
24249 1784070428.886305 recvfrom(38, "nysv\0\0\0\0\0\0\0\0\0\0\0\0B}L\270D\1\0\0\250C\1\0\0\0\0\0", 3200, MSG_DONTWAIT, NULL, NULL) = 32
24249 1784070428.887047 recvfrom(38, 0x7ff90aa020, 3200, MSG_DONTWAIT, NULL, NULL) = -1 EAGAIN (Try again)
24249 1784070428.892482 recvfrom(72, 0x7165c6d820, 2272, MSG_DONTWAIT, NULL, NULL) = -1 EAGAIN (Try again)
24266 1784070429.056319 clone(child_stack=0x711cf1dd40, flags=CLONE_VM|CLONE_FS|CLONE_FILES|CLONE_SIGHAND|CLONE_THREAD|CLONE_SYSVSEM|CLONE_SETTLS|CLONE_PARENT_SETTID|CLONE_CHILD_CLEARTID, parent_tidptr=0x711cf1dd60, tls=0x711cf1e020, child_tidptr=0x711cf1dd60) = 24841
24841 1784070429.061787 openat(AT_FDCWD, "/proc/24841/timerslack_ns", O_WRONLY|O_CREAT|O_TRUNC|O_NOFOLLOW|O_CLOEXEC, 0666) = 56
24249 1784070429.271367 recvfrom(38, 0x7ff90aa070, 3200, MSG_DONTWAIT, NULL, NULL) = -1 EAGAIN (Try again)
24249 1784070429.287015 recvfrom(38, "nysv\0\0\0\0\0\0\0\0\0\0\0\0W1*\320D\1\0\0\300C\1\0\0\0\0\0", 3200, MSG_DONTWAIT, NULL, NULL) = 32
24249 1784070429.294667 recvfrom(38, 0x7ff90aa020, 3200, MSG_DONTWAIT, NULL, NULL) = -1 EAGAIN (Try again)
24249 1784070429.299030 recvfrom(72, 0x7165c6d820, 2272, MSG_DONTWAIT, NULL, NULL) = -1 EAGAIN (Try again)
24249 1784070429.364415 recvfrom(38, 0x7ff90a9da0, 3200, MSG_DONTWAIT, NULL, NULL) = -1 EAGAIN (Try again)
24249 1784070429.369936 recvfrom(38, "nysv\0\0\0\0\0\0\0\0\0\0\0\0\215\237\"\325D\1\0\0\305C\1\0\0\0\0\0", 3200, MSG_DONTWAIT, NULL, NULL) = 32
24249 1784070429.370325 recvfrom(38, 0x7ff90aa020, 3200, MSG_DONTWAIT, NULL, NULL) = -1 EAGAIN (Try again)
24249 1784070429.370980 recvfrom(72, 0x7165c6d820, 2272, MSG_DONTWAIT, NULL, NULL) = -1 EAGAIN (Try again)
24644 1784070430.747013 sendmsg(71, {msg_name=NULL, msg_namelen=0, msg_iov=[{iov_base="l\1\1\1\344\0\0\0d\0\0\0\235\0\0\0\1\1o\0;\0\0\0/re/frid"..., iov_len=404}], msg_iovlen=1, msg_controllen=0, msg_flags=0}, MSG_NOSIGNAL) = 404
24249 1784070430.748537 recvfrom(38, 0x7ff90a89b0, 3200, MSG_DONTWAIT, NULL, NULL) = -1 EAGAIN (Try again)
24249 1784070430.758199 recvfrom(38, "nysv\0\0\0\0\0\0\0\0\0\0\0\0\263z\215'E\1\0\0\27D\1\0\0\0\0\0", 3200, MSG_DONTWAIT, NULL, NULL) = 32
24249 1784070430.758575 recvfrom(38, 0x7ff90aa020, 3200, MSG_DONTWAIT, NULL, NULL) = -1 EAGAIN (Try again)
24249 1784070430.759105 recvfrom(72, 0x7165c6d820, 2272, MSG_DONTWAIT, NULL, NULL) = -1 EAGAIN (Try again)
24249 1784070430.996254 newfstatat(AT_FDCWD, "/system/framework/framework-res.apk", {st_mode=S_IFREG|0644, st_size=45992421, ...}, 0) = 0
24249 1784070430.996557 newfstatat(AT_FDCWD, "/product/overlay/GoogleConfigOverlay.apk", {st_mode=S_IFREG|0644, st_size=25070, ...}, 0) = 0
24249 1784070430.996791 newfstatat(AT_FDCWD, "/product/overlay/GoogleWebViewOverlay.apk", {st_mode=S_IFREG|0644, st_size=16815, ...}, 0) = 0
24249 1784070430.997024 newfstatat(AT_FDCWD, "/product/overlay/PixelConfigOverlayCommon.apk", {st_mode=S_IFREG|0644, st_size=52833, ...}, 0) = 0
24249 1784070430.997160 newfstatat(AT_FDCWD, "/product/overlay/EmulatorConfigOverlay.apk", {st_mode=S_IFREG|0644, st_size=16734, ...}, 0) = 0
24249 1784070430.997293 newfstatat(AT_FDCWD, "/data/app/barilyuk.batterytemperature-sL6ly13WXTe3-qOWgO1Ang==/base.apk", {st_mode=S_IFREG|0644, st_size=4634705, ...}, 0) = 0
24249 1784070430.998155 clone( <unfinished ...>
24271 1784070430.998458 clone( <unfinished ...>
24249 1784070430.998488 <... clone resumed> child_stack=0x711cdf0d40, flags=CLONE_VM|CLONE_FS|CLONE_FILES|CLONE_SIGHAND|CLONE_THREAD|CLONE_SYSVSEM|CLONE_SETTLS|CLONE_PARENT_SETTID|CLONE_CHILD_CLEARTID, parent_tidptr=0x711cdf0d60, tls=0x711cdf1020, child_tidptr=0x711cdf0d60) = 24875
24271 1784070430.998928 <... clone resumed> child_stack=0x711ccf3d40, flags=CLONE_VM|CLONE_FS|CLONE_FILES|CLONE_SIGHAND|CLONE_THREAD|CLONE_SYSVSEM|CLONE_SETTLS|CLONE_PARENT_SETTID|CLONE_CHILD_CLEARTID, parent_tidptr=0x711ccf3d60, tls=0x711ccf4020, child_tidptr=0x711ccf3d60) = 24876
24249 1784070430.999860 newfstatat(AT_FDCWD, "/system/framework/framework-res.apk", {st_mode=S_IFREG|0644, st_size=45992421, ...}, 0) = 0
24249 1784070431.000346 newfstatat(AT_FDCWD, "/product/overlay/GoogleConfigOverlay.apk", {st_mode=S_IFREG|0644, st_size=25070, ...}, 0) = 0
24249 1784070431.000715 newfstatat(AT_FDCWD, "/product/overlay/GoogleWebViewOverlay.apk", {st_mode=S_IFREG|0644, st_size=16815, ...}, 0) = 0
24249 1784070431.000961 newfstatat(AT_FDCWD, "/product/overlay/PixelConfigOverlayCommon.apk", {st_mode=S_IFREG|0644, st_size=52833, ...}, 0) = 0
24249 1784070431.001299 newfstatat(AT_FDCWD, "/product/overlay/EmulatorConfigOverlay.apk", {st_mode=S_IFREG|0644, st_size=16734, ...}, 0) = 0
24249 1784070431.001735 newfstatat(AT_FDCWD, "/data/app/barilyuk.batterytemperature-sL6ly13WXTe3-qOWgO1Ang==/base.apk", {st_mode=S_IFREG|0644, st_size=4634705, ...}, 0) = 0
24875 1784070431.006187 exit(0 <unfinished ...>
24876 1784070431.006540 exit(0 <unfinished ...>
24875 1784070431.006545 <... exit resumed>) = ?
24876 1784070431.006877 <... exit resumed>) = ?
24875 1784070431.006883 +++ exited with 0 +++
24876 1784070431.007106 +++ exited with 0 +++
24249 1784070431.010242 newfstatat(AT_FDCWD, "/system/framework/framework-res.apk", {st_mode=S_IFREG|0644, st_size=45992421, ...}, 0) = 0
24249 1784070431.010542 newfstatat(AT_FDCWD, "/product/overlay/GoogleConfigOverlay.apk", {st_mode=S_IFREG|0644, st_size=25070, ...}, 0) = 0
24249 1784070431.010742 newfstatat(AT_FDCWD, "/product/overlay/GoogleWebViewOverlay.apk", {st_mode=S_IFREG|0644, st_size=16815, ...}, 0) = 0
24249 1784070431.010894 newfstatat(AT_FDCWD, "/product/overlay/PixelConfigOverlayCommon.apk", {st_mode=S_IFREG|0644, st_size=52833, ...}, 0) = 0
24249 1784070431.011032 newfstatat(AT_FDCWD, "/product/overlay/EmulatorConfigOverlay.apk", {st_mode=S_IFREG|0644, st_size=16734, ...}, 0) = 0
24249 1784070431.011171 newfstatat(AT_FDCWD, "/data/app/barilyuk.batterytemperature-sL6ly13WXTe3-qOWgO1Ang==/base.apk", {st_mode=S_IFREG|0644, st_size=4634705, ...}, 0) = 0
24249 1784070431.030186 faccessat(AT_FDCWD, "/data/user/0/barilyuk.batterytemperature", F_OK) = 0
24249 1784070431.030361 faccessat(AT_FDCWD, "/data/user/0/barilyuk.batterytemperature/shared_prefs", F_OK) = 0
24644 1784070431.033792 sendmsg(71, {msg_name=NULL, msg_namelen=0, msg_iov=[{iov_base="l\1\1\1\344\0\0\0e\0\0\0\235\0\0\0\1\1o\0;\0\0\0/re/frid"..., iov_len=404}], msg_iovlen=1, msg_controllen=0, msg_flags=0}, MSG_NOSIGNAL) = 404
24249 1784070431.035160 faccessat(AT_FDCWD, "/storage/emulated/0/Android/data/barilyuk.batterytemperature/files/Documents", F_OK) = 0
24644 1784070431.047025 sendmsg(71, {msg_name=NULL, msg_namelen=0, msg_iov=[{iov_base="l\1\1\1\344\0\0\0f\0\0\0\235\0\0\0\1\1o\0;\0\0\0/re/frid"..., iov_len=404}], msg_iovlen=1, msg_controllen=0, msg_flags=0}, MSG_NOSIGNAL) = 404
24644 1784070431.051524 sendmsg(71, {msg_name=NULL, msg_namelen=0, msg_iov=[{iov_base="l\1\1\1\344\0\0\0g\0\0\0\235\0\0\0\1\1o\0;\0\0\0/re/frid"..., iov_len=404}], msg_iovlen=1, msg_controllen=0, msg_flags=0}, MSG_NOSIGNAL) = 404
24249 1784070431.063417 recvfrom(38, 0x7ff90a9cf0, 3200, MSG_DONTWAIT, NULL, NULL) = -1 EAGAIN (Try again)
24644 1784070431.070643 sendmsg(71, {msg_name=NULL, msg_namelen=0, msg_iov=[{iov_base="l\1\1\1\344\0\0\0h\0\0\0\235\0\0\0\1\1o\0;\0\0\0/re/frid"..., iov_len=404}], msg_iovlen=1, msg_controllen=0, msg_flags=0}, MSG_NOSIGNAL) = 404
24249 1784070431.081964 recvfrom(38, "nysv\0\0\0\0\0\0\0\0\0\0\0\0\360\363o:E\1\0\0*D\1\0\0\0\0\0", 3200, MSG_DONTWAIT, NULL, NULL) = 32
24249 1784070431.082138 recvfrom(38, 0x7ff90aa020, 3200, MSG_DONTWAIT, NULL, NULL) = -1 EAGAIN (Try again)
24249 1784070431.083035 recvfrom(61, 0x71fb447820, 2272, MSG_DONTWAIT, NULL, NULL) = -1 EAGAIN (Try again)
24249 1784070431.083527 recvfrom(38, 0x7ff90a9930, 3200, MSG_DONTWAIT, NULL, NULL) = -1 EAGAIN (Try again)
24644 1784070431.096494 sendmsg(71, {msg_name=NULL, msg_namelen=0, msg_iov=[{iov_base="l\1\1\1\374\0\0\0i\0\0\0\235\0\0\0\1\1o\0;\0\0\0/re/frid"..., iov_len=428}], msg_iovlen=1, msg_controllen=0, msg_flags=0}, MSG_NOSIGNAL) = 428
24644 1784070431.110762 sendmsg(71, {msg_name=NULL, msg_namelen=0, msg_iov=[{iov_base="l\1\1\1\0\1\0\0j\0\0\0\235\0\0\0\1\1o\0;\0\0\0/re/frid"..., iov_len=432}], msg_iovlen=1, msg_controllen=0, msg_flags=0}, MSG_NOSIGNAL) = 432
24644 1784070431.120429 sendmsg(71, {msg_name=NULL, msg_namelen=0, msg_iov=[{iov_base="l\1\1\1\374\0\0\0k\0\0\0\235\0\0\0\1\1o\0;\0\0\0/re/frid"..., iov_len=428}], msg_iovlen=1, msg_controllen=0, msg_flags=0}, MSG_NOSIGNAL) = 428
24644 1784070431.131367 sendmsg(71, {msg_name=NULL, msg_namelen=0, msg_iov=[{iov_base="l\1\1\1\0\1\0\0l\0\0\0\235\0\0\0\1\1o\0;\0\0\0/re/frid"..., iov_len=432}], msg_iovlen=1, msg_controllen=0, msg_flags=0}, MSG_NOSIGNAL) = 432
24249 1784070431.196678 recvfrom(38, "nysv\0\0\0\0\0\0\0\0\0\0\0\0\223fn;E\1\0\0+D\1\0\0\0\0\0", 3200, MSG_DONTWAIT, NULL, NULL) = 32
24249 1784070431.196847 recvfrom(38, 0x7ff90aa020, 3200, MSG_DONTWAIT, NULL, NULL) = -1 EAGAIN (Try again)
24249 1784070431.198097 recvfrom(61, 0x71fb447820, 2272, MSG_DONTWAIT, NULL, NULL) = -1 EAGAIN (Try again)
24249 1784070431.198509 recvfrom(38, 0x7ff90a9f80, 3200, MSG_DONTWAIT, NULL, NULL) = -1 EAGAIN (Try again)
24249 1784070431.208932 recvfrom(38, "nysv\0\0\0\0\0\0\0\0\0\0\0\0\245\257cBE\1\0\0002D\1\0\0\0\0\0", 3200, MSG_DONTWAIT, NULL, NULL) = 32
24249 1784070431.209355 recvfrom(38, 0x7ff90aa020, 3200, MSG_DONTWAIT, NULL, NULL) = -1 EAGAIN (Try again)
24644 1784070431.215375 sendmsg(71, {msg_name=NULL, msg_namelen=0, msg_iov=[{iov_base="l\1\1\1\344\0\0\0m\0\0\0\235\0\0\0\1\1o\0;\0\0\0/re/frid"..., iov_len=404}], msg_iovlen=1, msg_controllen=0, msg_flags=0}, MSG_NOSIGNAL) = 404
24644 1784070431.219801 sendmsg(71, {msg_name=NULL, msg_namelen=0, msg_iov=[{iov_base="l\1\1\1\310\0\0\0n\0\0\0\235\0\0\0\1\1o\0;\0\0\0/re/frid"..., iov_len=376}], msg_iovlen=1, msg_controllen=0, msg_flags=0}, MSG_NOSIGNAL) = 376
24644 1784070431.233402 sendmsg(71, {msg_name=NULL, msg_namelen=0, msg_iov=[{iov_base="l\1\1\1H\1\0\0o\0\0\0\235\0\0\0\1\1o\0;\0\0\0/re/frid"..., iov_len=504}], msg_iovlen=1, msg_controllen=0, msg_flags=0}, MSG_NOSIGNAL) = 504
24249 1784070431.243340 recvfrom(61, 0x71fb447820, 2272, MSG_DONTWAIT, NULL, NULL) = -1 EAGAIN (Try again)
24249 1784070431.243820 recvfrom(38, 0x7ff90a9f80, 3200, MSG_DONTWAIT, NULL, NULL) = -1 EAGAIN (Try again)
24644 1784070431.257311 sendmsg(71, {msg_name=NULL, msg_namelen=0, msg_iov=[{iov_base="l\1\1\1\344\0\0\0p\0\0\0\235\0\0\0\1\1o\0;\0\0\0/re/frid"..., iov_len=404}], msg_iovlen=1, msg_controllen=0, msg_flags=0}, MSG_NOSIGNAL) = 404
24644 1784070431.263841 sendmsg(71, {msg_name=NULL, msg_namelen=0, msg_iov=[{iov_base="l\1\1\1\334\0\0\0q\0\0\0\235\0\0\0\1\1o\0;\0\0\0/re/frid"..., iov_len=396}], msg_iovlen=1, msg_controllen=0, msg_flags=0}, MSG_NOSIGNAL) = 396
24644 1784070431.265589 sendmsg(71, {msg_name=NULL, msg_namelen=0, msg_iov=[{iov_base="l\1\1\1\350\0\0\0r\0\0\0\235\0\0\0\1\1o\0;\0\0\0/re/frid"..., iov_len=408}], msg_iovlen=1, msg_controllen=0, msg_flags=0}, MSG_NOSIGNAL) = 408
24644 1784070431.267929 sendmsg(71, {msg_name=NULL, msg_namelen=0, msg_iov=[{iov_base="l\1\1\1\354\0\0\0s\0\0\0\235\0\0\0\1\1o\0;\0\0\0/re/frid"..., iov_len=412}], msg_iovlen=1, msg_controllen=0, msg_flags=0}, MSG_NOSIGNAL) = 412
24249 1784070431.270927 faccessat(AT_FDCWD, "/data/user/0/barilyuk.batterytemperature/shared_prefs/MyPrefs.xml", F_OK) = 0
24249 1784070431.271553 recvfrom(38, "nysv\0\0\0\0\0\0\0\0\0\0\0\0\26(_EE\1\0\0005D\1\0\0\0\0\0", 3200, MSG_DONTWAIT, NULL, NULL) = 32
24249 1784070431.271709 recvfrom(38, 0x7ff90aa020, 3200, MSG_DONTWAIT, NULL, NULL) = -1 EAGAIN (Try again)
24249 1784070431.278801 recvfrom(38, 0x7ff90a9f80, 3200, MSG_DONTWAIT, NULL, NULL) = -1 EAGAIN (Try again)
24249 1784070431.286081 recvfrom(38, "nysv\0\0\0\0\0\0\0\0\0\0\0\0)\276[GE\1\0\0007D\1\0\0\0\0\0", 3200, MSG_DONTWAIT, NULL, NULL) = 32
24249 1784070431.287067 recvfrom(38, 0x7ff90aa020, 3200, MSG_DONTWAIT, NULL, NULL) = -1 EAGAIN (Try again)
24644 1784070431.741747 sendmsg(71, {msg_name=NULL, msg_namelen=0, msg_iov=[{iov_base="l\1\1\1\344\0\0\0t\0\0\0\235\0\0\0\1\1o\0;\0\0\0/re/frid"..., iov_len=404}], msg_iovlen=1, msg_controllen=0, msg_flags=0}, MSG_NOSIGNAL) = 404
24644 1784070431.744905 sendmsg(71, {msg_name=NULL, msg_namelen=0, msg_iov=[{iov_base="l\1\1\1\310\0\0\0u\0\0\0\235\0\0\0\1\1o\0;\0\0\0/re/frid"..., iov_len=376}], msg_iovlen=1, msg_controllen=0, msg_flags=0}, MSG_NOSIGNAL) = 376
24277 1784070431.847689 faccessat(AT_FDCWD, "/data/user/0/barilyuk.batterytemperature/shared_prefs/MyPrefs.xml", F_OK) = 0
24644 1784070432.769592 sendmsg(71, {msg_name=NULL, msg_namelen=0, msg_iov=[{iov_base="l\1\1\1\344\0\0\0v\0\0\0\235\0\0\0\1\1o\0;\0\0\0/re/frid"..., iov_len=404}], msg_iovlen=1, msg_controllen=0, msg_flags=0}, MSG_NOSIGNAL) = 404
24644 1784070433.062825 sendmsg(71, {msg_name=NULL, msg_namelen=0, msg_iov=[{iov_base="l\1\1\1\344\0\0\0w\0\0\0\235\0\0\0\1\1o\0;\0\0\0/re/frid"..., iov_len=404}], msg_iovlen=1, msg_controllen=0, msg_flags=0}, MSG_NOSIGNAL) = 404
24249 1784070433.064557 recvfrom(38, 0x7ff90a9de0, 3200, MSG_DONTWAIT, NULL, NULL) = -1 EAGAIN (Try again)
24249 1784070433.069408 recvfrom(38, "nysv\0\0\0\0\0\0\0\0\0\0\0\0\205\244\243\261E\1\0\0\242D\1\0\0\0\0\0", 3200, MSG_DONTWAIT, NULL, NULL) = 32
24249 1784070433.069785 recvfrom(38, 0x7ff90aa020, 3200, MSG_DONTWAIT, NULL, NULL) = -1 EAGAIN (Try again)
24249 1784070433.070400 recvfrom(61, 0x71fb447820, 2272, MSG_DONTWAIT, NULL, NULL) = -1 EAGAIN (Try again)
24249 1784070434.193194 recvfrom(61, "\2\0\0\0\0\0\0\0\1\10\0\0\0\0\0\0\0h\230\364E\1\0\0\1\0\0\0\2\20\0\0"..., 2272, MSG_DONTWAIT, NULL, NULL) = 232
24249 1784070434.193488 recvfrom(38, 0x7ff90a8590, 3200, MSG_DONTWAIT, NULL, NULL) = -1 EAGAIN (Try again)
24249 1784070434.194033 sendto(61, "\3\0\0\0\0\0\0\0\1\10\0\0\1\0\0\0", 16, MSG_DONTWAIT|MSG_NOSIGNAL, NULL, 0) = 16
24249 1784070434.194308 recvfrom(61, 0x71fb447820, 2272, MSG_DONTWAIT, NULL, NULL) = -1 EAGAIN (Try again)
24249 1784070434.194734 recvfrom(61, "\2\0\0\0\0\0\0\0\3\10\0\0\0\0\0\0\0h\230\364E\1\0\0\1\0\0\0\2\20\0\0"..., 2272, MSG_DONTWAIT, NULL, NULL) = 232
24249 1784070434.194882 sendto(61, "\3\0\0\0\0\0\0\0\3\10\0\0\1\0\0\0", 16, MSG_DONTWAIT|MSG_NOSIGNAL, NULL, 0) = 16
24249 1784070434.195158 recvfrom(61, 0x71fb447820, 2272, MSG_DONTWAIT, NULL, NULL) = -1 EAGAIN (Try again)
24249 1784070434.203145 recvfrom(38, "nysv\0\0\0\0\0\0\0\0\0\0\0\0b\3510\365E\1\0\0\345D\1\0\0\0\0\0", 3200, MSG_DONTWAIT, NULL, NULL) = 32
24249 1784070434.203312 recvfrom(38, 0x7ff90aa020, 3200, MSG_DONTWAIT, NULL, NULL) = -1 EAGAIN (Try again)
24249 1784070434.203616 recvfrom(61, 0x71fb447820, 2272, MSG_DONTWAIT, NULL, NULL) = -1 EAGAIN (Try again)
24249 1784070434.203784 recvfrom(38, 0x7ff90a9f80, 3200, MSG_DONTWAIT, NULL, NULL) = -1 EAGAIN (Try again)
24644 1784070434.208754 sendmsg(71, {msg_name=NULL, msg_namelen=0, msg_iov=[{iov_base="l\1\1\1\310\0\0\0x\0\0\0\235\0\0\0\1\1o\0;\0\0\0/re/frid"..., iov_len=376}], msg_iovlen=1, msg_controllen=0, msg_flags=0}, MSG_NOSIGNAL) = 376
24271 1784070434.213053 recvfrom(42, 0x716ad86eb0, 3200, MSG_DONTWAIT, NULL, NULL) = -1 EAGAIN (Try again)
24271 1784070434.213817 recvfrom(42, 0x716ad86eb0, 3200, MSG_DONTWAIT, NULL, NULL) = -1 EAGAIN (Try again)
24271 1784070434.219023 recvfrom(42,  <unfinished ...>
24249 1784070434.219231 recvfrom(38,  <unfinished ...>
24271 1784070434.219482 <... recvfrom resumed> "nysv\0\0\0\0\0\0\0\0\0\0\0\0\316\341/\366E\1\0\0\346D\1\0\0\0\0\0", 3200, MSG_DONTWAIT, NULL, NULL) = 32
24249 1784070434.219505 <... recvfrom resumed> "nysv\0\0\0\0\0\0\0\0\0\0\0\0\316\341/\366E\1\0\0\346D\1\0\0\0\0\0", 3200, MSG_DONTWAIT, NULL, NULL) = 32
24271 1784070434.219678 recvfrom(42,  <unfinished ...>
24249 1784070434.219693 recvfrom(38,  <unfinished ...>
24271 1784070434.219758 <... recvfrom resumed> 0x716ad86c80, 3200, MSG_DONTWAIT, NULL, NULL) = -1 EAGAIN (Try again)
24249 1784070434.219769 <... recvfrom resumed> 0x7ff90aa020, 3200, MSG_DONTWAIT, NULL, NULL) = -1 EAGAIN (Try again)
24249 1784070434.221512 recvfrom(61, 0x71fb447820, 2272, MSG_DONTWAIT, NULL, NULL) = -1 EAGAIN (Try again)
24249 1784070434.221863 recvfrom(38, 0x7ff90a9f80, 3200, MSG_DONTWAIT, NULL, NULL) = -1 EAGAIN (Try again)
24271 1784070434.222973 recvfrom(42, 0x716ad86eb0, 3200, MSG_DONTWAIT, NULL, NULL) = -1 EAGAIN (Try again)
24271 1784070434.231908 recvfrom(42, 0x716ad86eb0, 3200, MSG_DONTWAIT, NULL, NULL) = -1 EAGAIN (Try again)
24271 1784070434.235973 recvfrom(42,  <unfinished ...>
24249 1784070434.235987 recvfrom(38,  <unfinished ...>
24271 1784070434.236155 <... recvfrom resumed> "nysv\0\0\0\0\0\0\0\0\0\0\0\0\26\204.\367E\1\0\0\347D\1\0\0\0\0\0", 3200, MSG_DONTWAIT, NULL, NULL) = 32
24249 1784070434.236195 <... recvfrom resumed> "nysv\0\0\0\0\0\0\0\0\0\0\0\0\26\204.\367E\1\0\0\347D\1\0\0\0\0\0", 3200, MSG_DONTWAIT, NULL, NULL) = 32
24271 1784070434.236330 recvfrom(42,  <unfinished ...>
24249 1784070434.236334 recvfrom(38,  <unfinished ...>
24271 1784070434.236382 <... recvfrom resumed> 0x716ad86c80, 3200, MSG_DONTWAIT, NULL, NULL) = -1 EAGAIN (Try again)
24249 1784070434.236396 <... recvfrom resumed> 0x7ff90aa020, 3200, MSG_DONTWAIT, NULL, NULL) = -1 EAGAIN (Try again)
24249 1784070434.238532 recvfrom(61, 0x71fb447820, 2272, MSG_DONTWAIT, NULL, NULL) = -1 EAGAIN (Try again)
24249 1784070434.238973 recvfrom(38, 0x7ff90a9f80, 3200, MSG_DONTWAIT, NULL, NULL) = -1 EAGAIN (Try again)
24271 1784070434.246918 recvfrom(42, 0x716ad86eb0, 3200, MSG_DONTWAIT, NULL, NULL) = -1 EAGAIN (Try again)
24271 1784070434.248076 recvfrom(42, 0x716ad86eb0, 3200, MSG_DONTWAIT, NULL, NULL) = -1 EAGAIN (Try again)
24271 1784070434.252478 recvfrom(42,  <unfinished ...>
24249 1784070434.252491 recvfrom(38,  <unfinished ...>
24271 1784070434.252579 <... recvfrom resumed> "nysv\0\0\0\0\0\0\0\0\0\0\0\0P%-\370E\1\0\0\350D\1\0\0\0\0\0", 3200, MSG_DONTWAIT, NULL, NULL) = 32
24249 1784070434.252623 <... recvfrom resumed> "nysv\0\0\0\0\0\0\0\0\0\0\0\0P%-\370E\1\0\0\350D\1\0\0\0\0\0", 3200, MSG_DONTWAIT, NULL, NULL) = 32
24271 1784070434.252763 recvfrom(42,  <unfinished ...>
24249 1784070434.252766 recvfrom(38,  <unfinished ...>
24271 1784070434.252836 <... recvfrom resumed> 0x716ad86c80, 3200, MSG_DONTWAIT, NULL, NULL) = -1 EAGAIN (Try again)
24249 1784070434.252849 <... recvfrom resumed> 0x7ff90aa020, 3200, MSG_DONTWAIT, NULL, NULL) = -1 EAGAIN (Try again)
24249 1784070434.253068 recvfrom(38, 0x7ff90a9f80, 3200, MSG_DONTWAIT, NULL, NULL) = -1 EAGAIN (Try again)
24271 1784070434.264255 recvfrom(42, 0x716ad86eb0, 3200, MSG_DONTWAIT, NULL, NULL) = -1 EAGAIN (Try again)
24271 1784070434.269152 recvfrom(42,  <unfinished ...>
24249 1784070434.269163 recvfrom(38,  <unfinished ...>
24271 1784070434.269307 <... recvfrom resumed> "nysv\0\0\0\0\0\0\0\0\0\0\0\0\17\305+\371E\1\0\0\351D\1\0\0\0\0\0", 3200, MSG_DONTWAIT, NULL, NULL) = 32
24249 1784070434.269336 <... recvfrom resumed> "nysv\0\0\0\0\0\0\0\0\0\0\0\0\17\305+\371E\1\0\0\351D\1\0\0\0\0\0", 3200, MSG_DONTWAIT, NULL, NULL) = 32
24271 1784070434.269496 recvfrom(42,  <unfinished ...>
24249 1784070434.269509 recvfrom(38,  <unfinished ...>
24271 1784070434.269561 <... recvfrom resumed> 0x716ad86c80, 3200, MSG_DONTWAIT, NULL, NULL) = -1 EAGAIN (Try again)
24249 1784070434.269571 <... recvfrom resumed> 0x7ff90aa020, 3200, MSG_DONTWAIT, NULL, NULL) = -1 EAGAIN (Try again)
24249 1784070434.269801 recvfrom(38, 0x7ff90a9f80, 3200, MSG_DONTWAIT, NULL, NULL) = -1 EAGAIN (Try again)
24271 1784070434.280275 recvfrom(42, 0x716ad86eb0, 3200, MSG_DONTWAIT, NULL, NULL) = -1 EAGAIN (Try again)
24271 1784070434.285882 recvfrom(42,  <unfinished ...>
24249 1784070434.285908 recvfrom(38,  <unfinished ...>
24271 1784070434.286173 <... recvfrom resumed> "nysv\0\0\0\0\0\0\0\0\0\0\0\0\250c*\372E\1\0\0\352D\1\0\0\0\0\0", 3200, MSG_DONTWAIT, NULL, NULL) = 32
24249 1784070434.286199 <... recvfrom resumed> "nysv\0\0\0\0\0\0\0\0\0\0\0\0\250c*\372E\1\0\0\352D\1\0\0\0\0\0", 3200, MSG_DONTWAIT, NULL, NULL) = 32
24271 1784070434.286276 recvfrom(42,  <unfinished ...>
24249 1784070434.286287 recvfrom(38,  <unfinished ...>
24271 1784070434.286345 <... recvfrom resumed> 0x716ad86c80, 3200, MSG_DONTWAIT, NULL, NULL) = -1 EAGAIN (Try again)
24249 1784070434.286355 <... recvfrom resumed> 0x7ff90aa020, 3200, MSG_DONTWAIT, NULL, NULL) = -1 EAGAIN (Try again)
24249 1784070434.287919 recvfrom(38, 0x7ff90a9f80, 3200, MSG_DONTWAIT, NULL, NULL) = -1 EAGAIN (Try again)
24271 1784070434.298995 recvfrom(42, 0x716ad86eb0, 3200, MSG_DONTWAIT, NULL, NULL) = -1 EAGAIN (Try again)
24271 1784070434.302716 recvfrom(42,  <unfinished ...>
24249 1784070434.302732 recvfrom(38,  <unfinished ...>
24271 1784070434.302939 <... recvfrom resumed> "nysv\0\0\0\0\0\0\0\0\0\0\0\0\367\0)\373E\1\0\0\353D\1\0\0\0\0\0", 3200, MSG_DONTWAIT, NULL, NULL) = 32
24249 1784070434.302952 <... recvfrom resumed> "nysv\0\0\0\0\0\0\0\0\0\0\0\0\367\0)\373E\1\0\0\353D\1\0\0\0\0\0", 3200, MSG_DONTWAIT, NULL, NULL) = 32
24271 1784070434.303081 recvfrom(42,  <unfinished ...>
24249 1784070434.303091 recvfrom(38,  <unfinished ...>
24271 1784070434.303239 <... recvfrom resumed> 0x716ad86c80, 3200, MSG_DONTWAIT, NULL, NULL) = -1 EAGAIN (Try again)
24249 1784070434.303250 <... recvfrom resumed> 0x7ff90aa020, 3200, MSG_DONTWAIT, NULL, NULL) = -1 EAGAIN (Try again)
24249 1784070434.305474 recvfrom(38, 0x7ff90a9f80, 3200, MSG_DONTWAIT, NULL, NULL) = -1 EAGAIN (Try again)
24277 1784070434.308218 faccessat(AT_FDCWD, "/data/user/0/barilyuk.batterytemperature/shared_prefs/MyPrefs.xml", F_OK) = 0
24277 1784070434.308518 faccessat(AT_FDCWD, "/data/user/0/barilyuk.batterytemperature/shared_prefs/MyPrefs.xml.bak", F_OK) = -1 ENOENT (No such file or directory)
24277 1784070434.308865 renameat(AT_FDCWD, "/data/user/0/barilyuk.batterytemperature/shared_prefs/MyPrefs.xml", AT_FDCWD, "/data/user/0/barilyuk.batterytemperature/shared_prefs/MyPrefs.xml.bak") = 0
24277 1784070434.309421 openat(AT_FDCWD, "/data/user/0/barilyuk.batterytemperature/shared_prefs/MyPrefs.xml", O_WRONLY|O_CREAT|O_TRUNC, 0600) = 56
24277 1784070434.312730 getsockopt(56, SOL_SOCKET, SO_ERROR, 0x710da96454, [4]) = -1 ENOTSOCK (Socket operation on non-socket)
24277 1784070434.313306 fchmodat(AT_FDCWD, "/data/user/0/barilyuk.batterytemperature/shared_prefs/MyPrefs.xml", 0660) = 0
24277 1784070434.313603 newfstatat(AT_FDCWD, "/data/user/0/barilyuk.batterytemperature/shared_prefs/MyPrefs.xml", {st_mode=S_IFREG|0660, st_size=258, ...}, 0) = 0
24644 1784070434.318736 sendmsg(71, {msg_name=NULL, msg_namelen=0, msg_iov=[{iov_base="l\1\1\1\20\1\0\0y\0\0\0\235\0\0\0\1\1o\0;\0\0\0/re/frid"..., iov_len=448}], msg_iovlen=1, msg_controllen=0, msg_flags=0}, MSG_NOSIGNAL) = 448
24277 1784070434.319056 unlinkat(AT_FDCWD, "/data/user/0/barilyuk.batterytemperature/shared_prefs/MyPrefs.xml.bak", 0) = 0
24271 1784070434.319308 recvfrom(42, 0x716ad86eb0, 3200, MSG_DONTWAIT, NULL, NULL) = -1 EAGAIN (Try again)
24249 1784070434.320693 recvfrom(38,  <unfinished ...>
24271 1784070434.320749 recvfrom(42,  <unfinished ...>
24249 1784070434.320759 <... recvfrom resumed> "nysv\0\0\0\0\0\0\0\0\0\0\0\0\324t'\374E\1\0\0\354D\1\0\0\0\0\0", 3200, MSG_DONTWAIT, NULL, NULL) = 32
24271 1784070434.320812 <... recvfrom resumed> "nysv\0\0\0\0\0\0\0\0\0\0\0\0\324t'\374E\1\0\0\354D\1\0\0\0\0\0", 3200, MSG_DONTWAIT, NULL, NULL) = 32
24249 1784070434.320828 recvfrom(38,  <unfinished ...>
24271 1784070434.320888 recvfrom(42,  <unfinished ...>
24249 1784070434.320901 <... recvfrom resumed> 0x7ff90aa020, 3200, MSG_DONTWAIT, NULL, NULL) = -1 EAGAIN (Try again)
24271 1784070434.321217 <... recvfrom resumed> 0x716ad86c80, 3200, MSG_DONTWAIT, NULL, NULL) = -1 EAGAIN (Try again)
24249 1784070434.321533 recvfrom(38, 0x7ff90a9f80, 3200, MSG_DONTWAIT, NULL, NULL) = -1 EAGAIN (Try again)
24271 1784070434.331770 recvfrom(42, 0x716ad86eb0, 3200, MSG_DONTWAIT, NULL, NULL) = -1 EAGAIN (Try again)
24271 1784070434.338384 recvfrom(42,  <unfinished ...>
24249 1784070434.338397 recvfrom(38,  <unfinished ...>
24271 1784070434.338585 <... recvfrom resumed> "nysv\0\0\0\0\0\0\0\0\0\0\0\0\5\205%\375E\1\0\0\355D\1\0\0\0\0\0", 3200, MSG_DONTWAIT, NULL, NULL) = 32
24249 1784070434.338599 <... recvfrom resumed> "nysv\0\0\0\0\0\0\0\0\0\0\0\0\5\205%\375E\1\0\0\355D\1\0\0\0\0\0", 3200, MSG_DONTWAIT, NULL, NULL) = 32
24271 1784070434.338741 recvfrom(42,  <unfinished ...>
24249 1784070434.338754 recvfrom(38,  <unfinished ...>
24271 1784070434.338825 <... recvfrom resumed> 0x716ad86c80, 3200, MSG_DONTWAIT, NULL, NULL) = -1 EAGAIN (Try again)
24249 1784070434.338838 <... recvfrom resumed> 0x7ff90aa020, 3200, MSG_DONTWAIT, NULL, NULL) = -1 EAGAIN (Try again)
24249 1784070434.339111 recvfrom(38, 0x7ff90a9f80, 3200, MSG_DONTWAIT, NULL, NULL) = -1 EAGAIN (Try again)
24271 1784070434.348734 recvfrom(42, 0x716ad86eb0, 3200, MSG_DONTWAIT, NULL, NULL) = -1 EAGAIN (Try again)
24271 1784070434.353940 recvfrom(42,  <unfinished ...>
24249 1784070434.353967 recvfrom(38,  <unfinished ...>
24271 1784070434.354112 <... recvfrom resumed> "nysv\0\0\0\0\0\0\0\0\0\0\0\0\301\307#\376E\1\0\0\356D\1\0\0\0\0\0", 3200, MSG_DONTWAIT, NULL, NULL) = 32
24249 1784070434.354140 <... recvfrom resumed> "nysv\0\0\0\0\0\0\0\0\0\0\0\0\301\307#\376E\1\0\0\356D\1\0\0\0\0\0", 3200, MSG_DONTWAIT, NULL, NULL) = 32
24271 1784070434.354307 recvfrom(42,  <unfinished ...>
24249 1784070434.354341 recvfrom(38,  <unfinished ...>
24271 1784070434.354506 <... recvfrom resumed> 0x716ad86c80, 3200, MSG_DONTWAIT, NULL, NULL) = -1 EAGAIN (Try again)
24249 1784070434.354510 <... recvfrom resumed> 0x7ff90aa020, 3200, MSG_DONTWAIT, NULL, NULL) = -1 EAGAIN (Try again)
24249 1784070434.354864 recvfrom(38, 0x7ff90a9f80, 3200, MSG_DONTWAIT, NULL, NULL) = -1 EAGAIN (Try again)
24271 1784070434.364886 recvfrom(42, 0x716ad86eb0, 3200, MSG_DONTWAIT, NULL, NULL) = -1 EAGAIN (Try again)
24271 1784070434.371488 recvfrom(42,  <unfinished ...>
24249 1784070434.371501 recvfrom(38,  <unfinished ...>
24271 1784070434.371611 <... recvfrom resumed> "nysv\0\0\0\0\0\0\0\0\0\0\0\0\315\331!\377E\1\0\0\357D\1\0\0\0\0\0", 3200, MSG_DONTWAIT, NULL, NULL) = 32
24249 1784070434.371647 <... recvfrom resumed> "nysv\0\0\0\0\0\0\0\0\0\0\0\0\315\331!\377E\1\0\0\357D\1\0\0\0\0\0", 3200, MSG_DONTWAIT, NULL, NULL) = 32
24271 1784070434.371776 recvfrom(42,  <unfinished ...>
24249 1784070434.371790 recvfrom(38,  <unfinished ...>
24271 1784070434.372003 <... recvfrom resumed> 0x716ad86c80, 3200, MSG_DONTWAIT, NULL, NULL) = -1 EAGAIN (Try again)
24249 1784070434.372017 <... recvfrom resumed> 0x7ff90aa020, 3200, MSG_DONTWAIT, NULL, NULL) = -1 EAGAIN (Try again)
24249 1784070434.372289 recvfrom(38, 0x7ff90a9f80, 3200, MSG_DONTWAIT, NULL, NULL) = -1 EAGAIN (Try again)
24271 1784070434.381962 recvfrom(42, 0x716ad86eb0, 3200, MSG_DONTWAIT, NULL, NULL) = -1 EAGAIN (Try again)
24271 1784070434.388326 recvfrom(42,  <unfinished ...>
24249 1784070434.388346 recvfrom(38,  <unfinished ...>
24271 1784070434.388618 <... recvfrom resumed> "nysv\0\0\0\0\0\0\0\0\0\0\0\0\361\354\37\0F\1\0\0\360D\1\0\0\0\0\0", 3200, MSG_DONTWAIT, NULL, NULL) = 32
24249 1784070434.388637 <... recvfrom resumed> "nysv\0\0\0\0\0\0\0\0\0\0\0\0\361\354\37\0F\1\0\0\360D\1\0\0\0\0\0", 3200, MSG_DONTWAIT, NULL, NULL) = 32
24271 1784070434.388727 recvfrom(42,  <unfinished ...>
24249 1784070434.388739 recvfrom(38,  <unfinished ...>
24271 1784070434.388804 <... recvfrom resumed> 0x716ad86c80, 3200, MSG_DONTWAIT, NULL, NULL) = -1 EAGAIN (Try again)
24249 1784070434.388815 <... recvfrom resumed> 0x7ff90aa020, 3200, MSG_DONTWAIT, NULL, NULL) = -1 EAGAIN (Try again)
24249 1784070434.389060 recvfrom(38, 0x7ff90a9f80, 3200, MSG_DONTWAIT, NULL, NULL) = -1 EAGAIN (Try again)
24271 1784070434.399522 recvfrom(42, 0x716ad86eb0, 3200, MSG_DONTWAIT, NULL, NULL) = -1 EAGAIN (Try again)
24271 1784070434.404336 recvfrom(42,  <unfinished ...>
24249 1784070434.404357 recvfrom(38,  <unfinished ...>
24271 1784070434.404467 <... recvfrom resumed> "nysv\0\0\0\0\0\0\0\0\0\0\0\0\227\35\36\1F\1\0\0\361D\1\0\0\0\0\0", 3200, MSG_DONTWAIT, NULL, NULL) = 32
24249 1784070434.404496 <... recvfrom resumed> "nysv\0\0\0\0\0\0\0\0\0\0\0\0\227\35\36\1F\1\0\0\361D\1\0\0\0\0\0", 3200, MSG_DONTWAIT, NULL, NULL) = 32
24271 1784070434.404670 recvfrom(42,  <unfinished ...>
24249 1784070434.404674 recvfrom(38,  <unfinished ...>
24271 1784070434.404772 <... recvfrom resumed> 0x716ad86c80, 3200, MSG_DONTWAIT, NULL, NULL) = -1 EAGAIN (Try again)
24249 1784070434.404785 <... recvfrom resumed> 0x7ff90aa020, 3200, MSG_DONTWAIT, NULL, NULL) = -1 EAGAIN (Try again)
24249 1784070434.405024 recvfrom(38, 0x7ff90a9f80, 3200, MSG_DONTWAIT, NULL, NULL) = -1 EAGAIN (Try again)
24271 1784070434.414339 recvfrom(42, 0x716ad86eb0, 3200, MSG_DONTWAIT, NULL, NULL) = -1 EAGAIN (Try again)
24271 1784070434.421898 recvfrom(42,  <unfinished ...>
24249 1784070434.421922 recvfrom(38,  <unfinished ...>
24271 1784070434.422032 <... recvfrom resumed> "nysv\0\0\0\0\0\0\0\0\0\0\0\0\302\25\34\2F\1\0\0\362D\1\0\0\0\0\0", 3200, MSG_DONTWAIT, NULL, NULL) = 32
24249 1784070434.422088 <... recvfrom resumed> "nysv\0\0\0\0\0\0\0\0\0\0\0\0\302\25\34\2F\1\0\0\362D\1\0\0\0\0\0", 3200, MSG_DONTWAIT, NULL, NULL) = 32
24271 1784070434.422227 recvfrom(42,  <unfinished ...>
24249 1784070434.422266 recvfrom(38,  <unfinished ...>
24271 1784070434.422406 <... recvfrom resumed> 0x716ad86c80, 3200, MSG_DONTWAIT, NULL, NULL) = -1 EAGAIN (Try again)
24249 1784070434.422419 <... recvfrom resumed> 0x7ff90aa020, 3200, MSG_DONTWAIT, NULL, NULL) = -1 EAGAIN (Try again)
24249 1784070434.422700 recvfrom(38, 0x7ff90a9f80, 3200, MSG_DONTWAIT, NULL, NULL) = -1 EAGAIN (Try again)
24271 1784070434.432532 recvfrom(42, 0x716ad86eb0, 3200, MSG_DONTWAIT, NULL, NULL) = -1 EAGAIN (Try again)
24271 1784070434.437816 recvfrom(42,  <unfinished ...>
24249 1784070434.437820 recvfrom(38,  <unfinished ...>
24271 1784070434.437941 <... recvfrom resumed> "nysv\0\0\0\0\0\0\0\0\0\0\0\0!=\32\3F\1\0\0\363D\1\0\0\0\0\0", 3200, MSG_DONTWAIT, NULL, NULL) = 32
24249 1784070434.437966 <... recvfrom resumed> "nysv\0\0\0\0\0\0\0\0\0\0\0\0!=\32\3F\1\0\0\363D\1\0\0\0\0\0", 3200, MSG_DONTWAIT, NULL, NULL) = 32
24271 1784070434.438113 recvfrom(42,  <unfinished ...>
24249 1784070434.438128 recvfrom(38,  <unfinished ...>
24271 1784070434.438280 <... recvfrom resumed> 0x716ad86c80, 3200, MSG_DONTWAIT, NULL, NULL) = -1 EAGAIN (Try again)
24249 1784070434.438284 <... recvfrom resumed> 0x7ff90aa020, 3200, MSG_DONTWAIT, NULL, NULL) = -1 EAGAIN (Try again)
24249 1784070434.438535 recvfrom(38, 0x7ff90a9f80, 3200, MSG_DONTWAIT, NULL, NULL) = -1 EAGAIN (Try again)
24271 1784070434.449124 recvfrom(42, 0x716ad86eb0, 3200, MSG_DONTWAIT, NULL, NULL) = -1 EAGAIN (Try again)
24271 1784070434.454072 recvfrom(42,  <unfinished ...>
24249 1784070434.454129 recvfrom(38,  <unfinished ...>
24271 1784070434.454269 <... recvfrom resumed> "nysv\0\0\0\0\0\0\0\0\0\0\0\0\332\203\30\4F\1\0\0\364D\1\0\0\0\0\0", 3200, MSG_DONTWAIT, NULL, NULL) = 32
24249 1784070434.454300 <... recvfrom resumed> "nysv\0\0\0\0\0\0\0\0\0\0\0\0\332\203\30\4F\1\0\0\364D\1\0\0\0\0\0", 3200, MSG_DONTWAIT, NULL, NULL) = 32
24271 1784070434.454455 recvfrom(42,  <unfinished ...>
24249 1784070434.454459 recvfrom(38,  <unfinished ...>
24271 1784070434.454522 <... recvfrom resumed> 0x716ad86c80, 3200, MSG_DONTWAIT, NULL, NULL) = -1 EAGAIN (Try again)
24249 1784070434.454533 <... recvfrom resumed> 0x7ff90aa020, 3200, MSG_DONTWAIT, NULL, NULL) = -1 EAGAIN (Try again)
24249 1784070434.455115 recvfrom(38, 0x7ff90a9f80, 3200, MSG_DONTWAIT, NULL, NULL) = -1 EAGAIN (Try again)
24271 1784070434.464521 recvfrom(42, 0x716ad86eb0, 3200, MSG_DONTWAIT, NULL, NULL) = -1 EAGAIN (Try again)
24271 1784070434.471695 recvfrom(42,  <unfinished ...>
24249 1784070434.471709 recvfrom(38,  <unfinished ...>
24271 1784070434.471992 <... recvfrom resumed> "nysv\0\0\0\0\0\0\0\0\0\0\0\0N\203\26\5F\1\0\0\365D\1\0\0\0\0\0", 3200, MSG_DONTWAIT, NULL, NULL) = 32
24249 1784070434.472026 <... recvfrom resumed> "nysv\0\0\0\0\0\0\0\0\0\0\0\0N\203\26\5F\1\0\0\365D\1\0\0\0\0\0", 3200, MSG_DONTWAIT, NULL, NULL) = 32
24271 1784070434.472167 recvfrom(42,  <unfinished ...>
24249 1784070434.472170 recvfrom(38,  <unfinished ...>
24271 1784070434.472278 <... recvfrom resumed> 0x716ad86c80, 3200, MSG_DONTWAIT, NULL, NULL) = -1 EAGAIN (Try again)
24249 1784070434.472282 <... recvfrom resumed> 0x7ff90aa020, 3200, MSG_DONTWAIT, NULL, NULL) = -1 EAGAIN (Try again)
24249 1784070434.474075 recvfrom(38, 0x7ff90a9f80, 3200, MSG_DONTWAIT, NULL, NULL) = -1 EAGAIN (Try again)
24271 1784070434.482120 recvfrom(42, 0x716ad86eb0, 3200, MSG_DONTWAIT, NULL, NULL) = -1 EAGAIN (Try again)
24271 1784070434.488013 recvfrom(42,  <unfinished ...>
24249 1784070434.488054 recvfrom(38,  <unfinished ...>
24271 1784070434.488217 <... recvfrom resumed> "nysv\0\0\0\0\0\0\0\0\0\0\0\0\201\243\24\6F\1\0\0\366D\1\0\0\0\0\0", 3200, MSG_DONTWAIT, NULL, NULL) = 32
24249 1784070434.488239 <... recvfrom resumed> "nysv\0\0\0\0\0\0\0\0\0\0\0\0\201\243\24\6F\1\0\0\366D\1\0\0\0\0\0", 3200, MSG_DONTWAIT, NULL, NULL) = 32
24271 1784070434.488298 recvfrom(42,  <unfinished ...>
24249 1784070434.488309 recvfrom(38,  <unfinished ...>
24271 1784070434.488366 <... recvfrom resumed> 0x716ad86c80, 3200, MSG_DONTWAIT, NULL, NULL) = -1 EAGAIN (Try again)
24249 1784070434.488377 <... recvfrom resumed> 0x7ff90aa020, 3200, MSG_DONTWAIT, NULL, NULL) = -1 EAGAIN (Try again)
24249 1784070434.488775 recvfrom(38, 0x7ff90a9f80, 3200, MSG_DONTWAIT, NULL, NULL) = -1 EAGAIN (Try again)
24271 1784070434.498398 recvfrom(42, 0x716ad86eb0, 3200, MSG_DONTWAIT, NULL, NULL) = -1 EAGAIN (Try again)
24271 1784070434.504825 recvfrom(42,  <unfinished ...>
24249 1784070434.504828 recvfrom(38,  <unfinished ...>
24271 1784070434.504949 <... recvfrom resumed> "nysv\0\0\0\0\0\0\0\0\0\0\0\0B\270\22\7F\1\0\0\367D\1\0\0\0\0\0", 3200, MSG_DONTWAIT, NULL, NULL) = 32
24249 1784070434.504978 <... recvfrom resumed> "nysv\0\0\0\0\0\0\0\0\0\0\0\0B\270\22\7F\1\0\0\367D\1\0\0\0\0\0", 3200, MSG_DONTWAIT, NULL, NULL) = 32
24271 1784070434.505097 recvfrom(42,  <unfinished ...>
24249 1784070434.505109 recvfrom(38,  <unfinished ...>
24271 1784070434.505233 <... recvfrom resumed> 0x716ad86c80, 3200, MSG_DONTWAIT, NULL, NULL) = -1 EAGAIN (Try again)
24249 1784070434.505251 <... recvfrom resumed> 0x7ff90aa020, 3200, MSG_DONTWAIT, NULL, NULL) = -1 EAGAIN (Try again)
24249 1784070434.505472 recvfrom(38, 0x7ff90a9f80, 3200, MSG_DONTWAIT, NULL, NULL) = -1 EAGAIN (Try again)
24271 1784070434.514856 recvfrom(42, 0x716ad86eb0, 3200, MSG_DONTWAIT, NULL, NULL) = -1 EAGAIN (Try again)
24271 1784070434.521518 recvfrom(42,  <unfinished ...>
24249 1784070434.521529 recvfrom(38,  <unfinished ...>
24271 1784070434.521642 <... recvfrom resumed> "nysv\0\0\0\0\0\0\0\0\0\0\0\0\312\311\20\10F\1\0\0\370D\1\0\0\0\0\0", 3200, MSG_DONTWAIT, NULL, NULL) = 32
24249 1784070434.521664 <... recvfrom resumed> "nysv\0\0\0\0\0\0\0\0\0\0\0\0\312\311\20\10F\1\0\0\370D\1\0\0\0\0\0", 3200, MSG_DONTWAIT, NULL, NULL) = 32
24271 1784070434.521803 recvfrom(42,  <unfinished ...>
24249 1784070434.521833 recvfrom(38,  <unfinished ...>
24271 1784070434.521950 <... recvfrom resumed> 0x716ad86c80, 3200, MSG_DONTWAIT, NULL, NULL) = -1 EAGAIN (Try again)
24249 1784070434.521960 <... recvfrom resumed> 0x7ff90aa020, 3200, MSG_DONTWAIT, NULL, NULL) = -1 EAGAIN (Try again)
24249 1784070434.522187 recvfrom(38, 0x7ff90a9f80, 3200, MSG_DONTWAIT, NULL, NULL) = -1 EAGAIN (Try again)
24271 1784070434.532242 recvfrom(42, 0x716ad86eb0, 3200, MSG_DONTWAIT, NULL, NULL) = -1 EAGAIN (Try again)
24271 1784070434.536275 recvfrom(42,  <unfinished ...>
24249 1784070434.536288 recvfrom(38,  <unfinished ...>
24271 1784070434.536449 <... recvfrom resumed> "nysv\0\0\0\0\0\0\0\0\0\0\0\0\207\16\17\tF\1\0\0\371D\1\0\0\0\0\0", 3200, MSG_DONTWAIT, NULL, NULL) = 32
24249 1784070434.536472 <... recvfrom resumed> "nysv\0\0\0\0\0\0\0\0\0\0\0\0\207\16\17\tF\1\0\0\371D\1\0\0\0\0\0", 3200, MSG_DONTWAIT, NULL, NULL) = 32
24271 1784070434.536633 recvfrom(42,  <unfinished ...>
24249 1784070434.536658 recvfrom(38,  <unfinished ...>
24271 1784070434.536777 <... recvfrom resumed> 0x716ad86c80, 3200, MSG_DONTWAIT, NULL, NULL) = -1 EAGAIN (Try again)
24249 1784070434.536788 <... recvfrom resumed> 0x7ff90aa020, 3200, MSG_DONTWAIT, NULL, NULL) = -1 EAGAIN (Try again)
24249 1784070434.537009 recvfrom(38, 0x7ff90a9f80, 3200, MSG_DONTWAIT, NULL, NULL) = -1 EAGAIN (Try again)
24271 1784070434.547132 recvfrom(42, 0x716ad86eb0, 3200, MSG_DONTWAIT, NULL, NULL) = -1 EAGAIN (Try again)
24271 1784070434.554276 recvfrom(42,  <unfinished ...>
24249 1784070434.554287 recvfrom(38,  <unfinished ...>
24271 1784070434.554415 <... recvfrom resumed> "nysv\0\0\0\0\0\0\0\0\0\0\0\0\362?\r\nF\1\0\0\372D\1\0\0\0\0\0", 3200, MSG_DONTWAIT, NULL, NULL) = 32
24249 1784070434.554441 <... recvfrom resumed> "nysv\0\0\0\0\0\0\0\0\0\0\0\0\362?\r\nF\1\0\0\372D\1\0\0\0\0\0", 3200, MSG_DONTWAIT, NULL, NULL) = 32
24271 1784070434.554580 recvfrom(42,  <unfinished ...>
24249 1784070434.554583 recvfrom(38,  <unfinished ...>
24271 1784070434.554677 <... recvfrom resumed> 0x716ad86c80, 3200, MSG_DONTWAIT, NULL, NULL) = -1 EAGAIN (Try again)
24249 1784070434.554689 <... recvfrom resumed> 0x7ff90aa020, 3200, MSG_DONTWAIT, NULL, NULL) = -1 EAGAIN (Try again)
24249 1784070434.554912 recvfrom(38, 0x7ff90a9f80, 3200, MSG_DONTWAIT, NULL, NULL) = -1 EAGAIN (Try again)
24271 1784070434.565155 recvfrom(42, 0x716ad86eb0, 3200, MSG_DONTWAIT, NULL, NULL) = -1 EAGAIN (Try again)
24271 1784070434.569716 recvfrom(42,  <unfinished ...>
24249 1784070434.569735 recvfrom(38,  <unfinished ...>
24271 1784070434.569828 <... recvfrom resumed> "nysv\0\0\0\0\0\0\0\0\0\0\0\0\367\273\v\vF\1\0\0\373D\1\0\0\0\0\0", 3200, MSG_DONTWAIT, NULL, NULL) = 32
24249 1784070434.569870 <... recvfrom resumed> "nysv\0\0\0\0\0\0\0\0\0\0\0\0\367\273\v\vF\1\0\0\373D\1\0\0\0\0\0", 3200, MSG_DONTWAIT, NULL, NULL) = 32
24271 1784070434.569955 recvfrom(42,  <unfinished ...>
24249 1784070434.569983 recvfrom(38,  <unfinished ...>
24271 1784070434.570122 <... recvfrom resumed> 0x716ad86c80, 3200, MSG_DONTWAIT, NULL, NULL) = -1 EAGAIN (Try again)
24249 1784070434.570125 <... recvfrom resumed> 0x7ff90aa020, 3200, MSG_DONTWAIT, NULL, NULL) = -1 EAGAIN (Try again)
24249 1784070434.570343 recvfrom(38, 0x7ff90a9f80, 3200, MSG_DONTWAIT, NULL, NULL) = -1 EAGAIN (Try again)
24271 1784070434.580468 recvfrom(42, 0x716ad86eb0, 3200, MSG_DONTWAIT, NULL, NULL) = -1 EAGAIN (Try again)
24271 1784070434.588767 recvfrom(42,  <unfinished ...>
24249 1784070434.588796 recvfrom(38,  <unfinished ...>
24271 1784070434.588951 <... recvfrom resumed> "nysv\0\0\0\0\0\0\0\0\0\0\0\0D\254\t\fF\1\0\0\374D\1\0\0\0\0\0", 3200, MSG_DONTWAIT, NULL, NULL) = 32
24249 1784070434.588965 <... recvfrom resumed> "nysv\0\0\0\0\0\0\0\0\0\0\0\0D\254\t\fF\1\0\0\374D\1\0\0\0\0\0", 3200, MSG_DONTWAIT, NULL, NULL) = 32
24271 1784070434.589069 recvfrom(42,  <unfinished ...>
24249 1784070434.589071 recvfrom(38,  <unfinished ...>
24271 1784070434.589136 <... recvfrom resumed> 0x716ad86c80, 3200, MSG_DONTWAIT, NULL, NULL) = -1 EAGAIN (Try again)
24249 1784070434.589146 <... recvfrom resumed> 0x7ff90aa020, 3200, MSG_DONTWAIT, NULL, NULL) = -1 EAGAIN (Try again)
24271 1784070434.598729 recvfrom(42, 0x716ad86eb0, 3200, MSG_DONTWAIT, NULL, NULL) = -1 EAGAIN (Try again)
24271 1784070434.604552 recvfrom(42, "nysv\0\0\0\0\0\0\0\0\0\0\0\0\17\321\7\rF\1\0\0\375D\1\0\0\0\0\0", 3200, MSG_DONTWAIT, NULL, NULL) = 32
24271 1784070434.604864 recvfrom(42, 0x716ad86c80, 3200, MSG_DONTWAIT, NULL, NULL) = -1 EAGAIN (Try again)
24271 1784070434.614266 recvfrom(42, 0x716ad86eb0, 3200, MSG_DONTWAIT, NULL, NULL) = -1 EAGAIN (Try again)
24271 1784070434.621720 recvfrom(42, "nysv\0\0\0\0\0\0\0\0\0\0\0\0\303 \6\16F\1\0\0\376D\1\0\0\0\0\0", 3200, MSG_DONTWAIT, NULL, NULL) = 32
24271 1784070434.621997 recvfrom(42, 0x716ad86c80, 3200, MSG_DONTWAIT, NULL, NULL) = -1 EAGAIN (Try again)
24271 1784070434.631989 recvfrom(42, 0x716ad86eb0, 3200, MSG_DONTWAIT, NULL, NULL) = -1 EAGAIN (Try again)
24271 1784070434.637799 recvfrom(42, "nysv\0\0\0\0\0\0\0\0\0\0\0\0\355p\4\17F\1\0\0\377D\1\0\0\0\0\0", 3200, MSG_DONTWAIT, NULL, NULL) = 32
24271 1784070434.639365 recvfrom(42, 0x716ad86c80, 3200, MSG_DONTWAIT, NULL, NULL) = -1 EAGAIN (Try again)
24271 1784070434.648696 recvfrom(42, 0x716ad86eb0, 3200, MSG_DONTWAIT, NULL, NULL) = -1 EAGAIN (Try again)
24271 1784070434.653944 recvfrom(42, "nysv\0\0\0\0\0\0\0\0\0\0\0\0\27\301\2\20F\1\0\0\0E\1\0\200\0\0\0", 3200, MSG_DONTWAIT, NULL, NULL) = 32
24271 1784070434.654221 recvfrom(42, 0x716ad86c80, 3200, MSG_DONTWAIT, NULL, NULL) = -1 EAGAIN (Try again)
24271 1784070434.664983 recvfrom(42, 0x716ad86eb0, 3200, MSG_DONTWAIT, NULL, NULL) = -1 EAGAIN (Try again)
24271 1784070434.671454 recvfrom(42, "nysv\0\0\0\0\0\0\0\0\0\0\0\0A\21\1\21F\1\0\0\1E\1\0\0\0\0\0", 3200, MSG_DONTWAIT, NULL, NULL) = 32
24271 1784070434.671736 recvfrom(42, 0x716ad86c80, 3200, MSG_DONTWAIT, NULL, NULL) = -1 EAGAIN (Try again)
24271 1784070434.681397 recvfrom(42, 0x716ad86eb0, 3200, MSG_DONTWAIT, NULL, NULL) = -1 EAGAIN (Try again)
24271 1784070434.688133 recvfrom(42, "nysv\0\0\0\0\0\0\0\0\0\0\0\0ka\377\21F\1\0\0\2E\1\0\0\0\0\0", 3200, MSG_DONTWAIT, NULL, NULL) = 32
24271 1784070434.688495 recvfrom(42, 0x716ad86c80, 3200, MSG_DONTWAIT, NULL, NULL) = -1 EAGAIN (Try again)
24271 1784070434.698476 recvfrom(42, 0x716ad86eb0, 3200, MSG_DONTWAIT, NULL, NULL) = -1 EAGAIN (Try again)
24271 1784070434.704655 recvfrom(42, "nysv\0\0\0\0\0\0\0\0\0\0\0\0\225\261\375\22F\1\0\0\3E\1\0\0\0\0\0", 3200, MSG_DONTWAIT, NULL, NULL) = 32
24271 1784070434.704955 recvfrom(42, 0x716ad86c80, 3200, MSG_DONTWAIT, NULL, NULL) = -1 EAGAIN (Try again)
24271 1784070434.714634 recvfrom(42, 0x716ad86eb0, 3200, MSG_DONTWAIT, NULL, NULL) = -1 EAGAIN (Try again)
24271 1784070434.721491 recvfrom(42, "nysv\0\0\0\0\0\0\0\0\0\0\0\0\277\1\374\23F\1\0\0\4E\1\0\0\0\0\0", 3200, MSG_DONTWAIT, NULL, NULL) = 32
24271 1784070434.721855 recvfrom(42, 0x716ad86c80, 3200, MSG_DONTWAIT, NULL, NULL) = -1 EAGAIN (Try again)
24249 1784070434.725482 recvfrom(38, 0x7ff90a9d40, 3200, MSG_DONTWAIT, NULL, NULL) = -1 EAGAIN (Try again)
24271 1784070434.737503 recvfrom(42,  <unfinished ...>
24249 1784070434.737516 recvfrom(38,  <unfinished ...>
24271 1784070434.737664 <... recvfrom resumed> "nysv\0\0\0\0\0\0\0\0\0\0\0\0\351Q\372\24F\1\0\0\5E\1\0\0\0\0\0", 3200, MSG_DONTWAIT, NULL, NULL) = 32
24249 1784070434.737694 <... recvfrom resumed> "nysv\0\0\0\0\0\0\0\0\0\0\0\0\351Q\372\24F\1\0\0\5E\1\0\0\0\0\0", 3200, MSG_DONTWAIT, NULL, NULL) = 32
24271 1784070434.737808 recvfrom(42,  <unfinished ...>
24249 1784070434.737823 recvfrom(38,  <unfinished ...>
24271 1784070434.737935 <... recvfrom resumed> 0x716ad86c80, 3200, MSG_DONTWAIT, NULL, NULL) = -1 EAGAIN (Try again)
24249 1784070434.737954 <... recvfrom resumed> 0x7ff90aa020, 3200, MSG_DONTWAIT, NULL, NULL) = -1 EAGAIN (Try again)
24249 1784070434.738264 recvfrom(61, 0x71fb447820, 2272, MSG_DONTWAIT, NULL, NULL) = -1 EAGAIN (Try again)
24644 1784070434.777878 sendmsg(71, {msg_name=NULL, msg_namelen=0, msg_iov=[{iov_base="l\1\1\1\344\0\0\0z\0\0\0\235\0\0\0\1\1o\0;\0\0\0/re/frid"..., iov_len=404}], msg_iovlen=1, msg_controllen=0, msg_flags=0}, MSG_NOSIGNAL) = 404
24644 1784070435.084699 sendmsg(71, {msg_name=NULL, msg_namelen=0, msg_iov=[{iov_base="l\1\1\1\344\0\0\0{\0\0\0\235\0\0\0\1\1o\0;\0\0\0/re/frid"..., iov_len=404}], msg_iovlen=1, msg_controllen=0, msg_flags=0}, MSG_NOSIGNAL) = 404
24249 1784070435.086291 recvfrom(38, 0x7ff90a9de0, 3200, MSG_DONTWAIT, NULL, NULL) = -1 EAGAIN (Try again)
24249 1784070435.089862 recvfrom(38, "nysv\0\0\0\0\0\0\0\0\0\0\0\0[\345\326)F\1\0\0\32E\1\0\0\0\0\0", 3200, MSG_DONTWAIT, NULL, NULL) = 32
24249 1784070435.090215 recvfrom(38, 0x7ff90aa020, 3200, MSG_DONTWAIT, NULL, NULL) = -1 EAGAIN (Try again)
24249 1784070435.090556 recvfrom(61, 0x71fb447820, 2272, MSG_DONTWAIT, NULL, NULL) = -1 EAGAIN (Try again)
24644 1784070435.699023 sendmsg(71, {msg_name=NULL, msg_namelen=0, msg_iov=[{iov_base="l\1\1\1\344\0\0\0|\0\0\0\235\0\0\0\1\1o\0;\0\0\0/re/frid"..., iov_len=404}], msg_iovlen=1, msg_controllen=0, msg_flags=0}, MSG_NOSIGNAL) = 404
24643 1784070435.756984 exit(0)         = ?
24643 1784070435.757297 +++ exited with 0 +++
24641 1784070435.809105 faccessat(AT_FDCWD, "/proc/self/task/24643", F_OK) = -1 ENOENT (No such file or directory)
24644 1784070436.794768 sendmsg(71, {msg_name=NULL, msg_namelen=0, msg_iov=[{iov_base="l\1\1\1\344\0\0\0}\0\0\0\235\0\0\0\1\1o\0;\0\0\0/re/frid"..., iov_len=404}], msg_iovlen=1, msg_controllen=0, msg_flags=0}, MSG_NOSIGNAL) = 404
24644 1784070437.108982 sendmsg(71, {msg_name=NULL, msg_namelen=0, msg_iov=[{iov_base="l\1\1\1\344\0\0\0~\0\0\0\235\0\0\0\1\1o\0;\0\0\0/re/frid"..., iov_len=404}], msg_iovlen=1, msg_controllen=0, msg_flags=0}, MSG_NOSIGNAL) = 404
24249 1784070437.109244 recvfrom(38, 0x7ff90a9de0, 3200, MSG_DONTWAIT, NULL, NULL) = -1 EAGAIN (Try again)
24249 1784070437.125909 recvfrom(38, "nysv\0\0\0\0\0\0\0\0\0\0\0\0_\31\t\243F\1\0\0\223E\1\0\0\0\0\0", 3200, MSG_DONTWAIT, NULL, NULL) = 32
24249 1784070437.126522 recvfrom(38, 0x7ff90aa020, 3200, MSG_DONTWAIT, NULL, NULL) = -1 EAGAIN (Try again)
24249 1784070437.127447 recvfrom(61,  <unfinished ...>
24270 1784070437.127602 openat(AT_FDCWD, "/data/misc/profiles/cur/0/barilyuk.batterytemperature/primary.prof", O_RDWR|O_NOFOLLOW|O_CLOEXEC <unfinished ...>
24249 1784070437.127639 <... recvfrom resumed> 0x71fb447820, 2272, MSG_DONTWAIT, NULL, NULL) = -1 EAGAIN (Try again)
24270 1784070437.127850 <... openat resumed> ) = 56
24270 1784070437.128781 newfstatat(AT_FDCWD, "/data/misc/profiles/cur/0/barilyuk.batterytemperature/primary.prof", {st_mode=S_IFREG|0600, st_size=1768, ...}, 0) = 0
24270 1784070437.133392 openat(AT_FDCWD, "/data/misc/profiles/cur/0/barilyuk.batterytemperature/primary.prof", O_WRONLY|O_NOFOLLOW|O_CLOEXEC) = 56
24270 1784070437.134776 newfstatat(AT_FDCWD, "/data/misc/profiles/cur/0/barilyuk.batterytemperature/primary.prof", {st_mode=S_IFREG|0600, st_size=1768, ...}, 0) = 0
24270 1784070437.140157 newfstatat(AT_FDCWD, "/data/misc/profiles/cur/0/barilyuk.batterytemperature/primary.prof", {st_mode=S_IFREG|0600, st_size=3596, ...}, 0) = 0
24644 1784070437.711664 sendmsg(71, {msg_name=NULL, msg_namelen=0, msg_iov=[{iov_base="l\1\1\1\344\0\0\0\177\0\0\0\235\0\0\0\1\1o\0;\0\0\0/re/frid"..., iov_len=404}], msg_iovlen=1, msg_controllen=0, msg_flags=0}, MSG_NOSIGNAL) = 404
24249 1784070438.228939 recvfrom(61, "\2\0\0\0\0\0\0\0\7\10\0\0\0\0\0\0\300\236\31\345F\1\0\0\1\0\0\0\2\20\0\0"..., 2272, MSG_DONTWAIT, NULL, NULL) = 232
24249 1784070438.229192 recvfrom(38, 0x7ff90a85c0, 3200, MSG_DONTWAIT, NULL, NULL) = -1 EAGAIN (Try again)
24644 1784070438.236330 sendmsg(71, {msg_name=NULL, msg_namelen=0, msg_iov=[{iov_base="l\1\1\1\374\0\0\0\200\0\0\0\235\0\0\0\1\1o\0;\0\0\0/re/frid"..., iov_len=428}], msg_iovlen=1, msg_controllen=0, msg_flags=0}, MSG_NOSIGNAL) = 428
24644 1784070438.245600 sendmsg(71, {msg_name=NULL, msg_namelen=0, msg_iov=[{iov_base="l\1\1\1\0\1\0\0\201\0\0\0\235\0\0\0\1\1o\0;\0\0\0/re/frid"..., iov_len=432}], msg_iovlen=1, msg_controllen=0, msg_flags=0}, MSG_NOSIGNAL) = 432
24249 1784070438.246839 sendto(61, "\3\0\0\0\0\0\0\0\7\10\0\0\1\0\0\0", 16, MSG_DONTWAIT|MSG_NOSIGNAL, NULL, 0) = 16
24249 1784070438.247339 recvfrom(61, "\2\0\0\0\0\0\0\0\t\10\0\0\0\0\0\0\300\236\31\345F\1\0\0\1\0\0\0\2\20\0\0"..., 2272, MSG_DONTWAIT, NULL, NULL) = 232
24249 1784070438.247818 sendto(61, "\3\0\0\0\0\0\0\0\t\10\0\0\1\0\0\0", 16, MSG_DONTWAIT|MSG_NOSIGNAL, NULL, 0) = 16
24249 1784070438.248133 recvfrom(61, 0x71fb447820, 2272, MSG_DONTWAIT, NULL, NULL) = -1 EAGAIN (Try again)
24249 1784070438.248726 recvfrom(38, "nysv\0\0\0\0\0\0\0\0\0\0\0\0\366\1\232\345F\1\0\0\326E\1\0\0\0\0\0", 3200, MSG_DONTWAIT, NULL, NULL) = 32
24249 1784070438.249096 recvfrom(38, 0x7ff90aa020, 3200, MSG_DONTWAIT, NULL, NULL) = -1 EAGAIN (Try again)
24249 1784070438.249480 recvfrom(61, 0x71fb447820, 2272, MSG_DONTWAIT, NULL, NULL) = -1 EAGAIN (Try again)
24249 1784070438.249648 recvfrom(38, 0x7ff90a9f80, 3200, MSG_DONTWAIT, NULL, NULL) = -1 EAGAIN (Try again)
24249 1784070438.252939 recvfrom(38, "nysv\0\0\0\0\0\0\0\0\0\0\0\0\236\347\230\346F\1\0\0\327E\1\0\0\0\0\0", 3200, MSG_DONTWAIT, NULL, NULL) = 32
24249 1784070438.253140 recvfrom(38, 0x7ff90aa020, 3200, MSG_DONTWAIT, NULL, NULL) = -1 EAGAIN (Try again)
24644 1784070438.269465 sendmsg(71, {msg_name=NULL, msg_namelen=0, msg_iov=[{iov_base="l\1\1\1\374\0\0\0\202\0\0\0\235\0\0\0\1\1o\0;\0\0\0/re/frid"..., iov_len=428}], msg_iovlen=1, msg_controllen=0, msg_flags=0}, MSG_NOSIGNAL) = 428
24644 1784070438.279046 sendmsg(71, {msg_name=NULL, msg_namelen=0, msg_iov=[{iov_base="l\1\1\1\0\1\0\0\203\0\0\0\235\0\0\0\1\1o\0;\0\0\0/re/frid"..., iov_len=432}], msg_iovlen=1, msg_controllen=0, msg_flags=0}, MSG_NOSIGNAL) = 432
24271 1784070438.279624 recvfrom(42, 0x716ad86eb0, 3200, MSG_DONTWAIT, NULL, NULL) = -1 EAGAIN (Try again)
24271 1784070438.280560 recvfrom(42, 0x716ad86eb0, 3200, MSG_DONTWAIT, NULL, NULL) = -1 EAGAIN (Try again)
24249 1784070438.280960 recvfrom(61, 0x71fb447820, 2272, MSG_DONTWAIT, NULL, NULL) = -1 EAGAIN (Try again)
24249 1784070438.281120 recvfrom(38, 0x7ff90a9f80, 3200, MSG_DONTWAIT, NULL, NULL) = -1 EAGAIN (Try again)
24249 1784070438.286300 recvfrom(38, "nysv\0\0\0\0\0\0\0\0\0\0\0\0\367]\226\350F\1\0\0\331E\1\0\0\0\0\0", 3200, MSG_DONTWAIT, NULL, NULL) = 32
24249 1784070438.286930 recvfrom(38, 0x7ff90aa020, 3200, MSG_DONTWAIT, NULL, NULL) = -1 EAGAIN (Try again)
24249 1784070438.298139 recvfrom(38, 0x7ff90a9f80, 3200, MSG_DONTWAIT, NULL, NULL) = -1 EAGAIN (Try again)
24271 1784070438.298366 recvfrom(42, "nysv\0\0\0\0\0\0\0\0\0\0\0\0\367]\226\350F\1\0\0\331E\1\0\0\0\0\0", 3200, MSG_DONTWAIT, NULL, NULL) = 32
24271 1784070438.298770 recvfrom(42, 0x716ad86eb0, 3200, MSG_DONTWAIT, NULL, NULL) = -1 EAGAIN (Try again)
24271 1784070438.301180 recvfrom(42, 0x716ad86eb0, 3200, MSG_DONTWAIT, NULL, NULL) = -1 EAGAIN (Try again)
24271 1784070438.303326 recvfrom(42,  <unfinished ...>
24249 1784070438.303338 recvfrom(38,  <unfinished ...>
24271 1784070438.303528 <... recvfrom resumed> "nysv\0\0\0\0\0\0\0\0\0\0\0\0\363\352\224\351F\1\0\0\332E\1\0\0\0\0\0", 3200, MSG_DONTWAIT, NULL, NULL) = 32
24249 1784070438.303539 <... recvfrom resumed> "nysv\0\0\0\0\0\0\0\0\0\0\0\0\363\352\224\351F\1\0\0\332E\1\0\0\0\0\0", 3200, MSG_DONTWAIT, NULL, NULL) = 32
24271 1784070438.304794 recvfrom(42,  <unfinished ...>
24249 1784070438.305333 recvfrom(38,  <unfinished ...>
24271 1784070438.306621 <... recvfrom resumed> 0x716ad86c80, 3200, MSG_DONTWAIT, NULL, NULL) = -1 EAGAIN (Try again)
24249 1784070438.306675 <... recvfrom resumed> 0x7ff90aa020, 3200, MSG_DONTWAIT, NULL, NULL) = -1 EAGAIN (Try again)
24249 1784070438.307484 recvfrom(61, 0x71fb447820, 2272, MSG_DONTWAIT, NULL, NULL) = -1 EAGAIN (Try again)
24249 1784070438.307806 recvfrom(38, 0x7ff90a9f80, 3200, MSG_DONTWAIT, NULL, NULL) = -1 EAGAIN (Try again)
24271 1784070438.317542 recvfrom(42, 0x716ad86eb0, 3200, MSG_DONTWAIT, NULL, NULL) = -1 EAGAIN (Try again)
24271 1784070438.330596 recvfrom(42, "nysv\0\0\0\0\0\0\0\0\0\0\0\0\35;\223\352F\1\0\0\333E\1\0\0\0\0\0", 3200, MSG_DONTWAIT, NULL, NULL) = 32
24271 1784070438.331747 recvfrom(42, 0x716ad86eb0, 3200, MSG_DONTWAIT, NULL, NULL) = -1 EAGAIN (Try again)
24249 1784070438.338977 recvfrom(38, "nysv\0\0\0\0\0\0\0\0\0\0\0\0\35;\223\352F\1\0\0\333E\1\0\0\0\0\0", 3200, MSG_DONTWAIT, NULL, NULL) = 32
24249 1784070438.339457 recvfrom(38, 0x7ff90aa020, 3200, MSG_DONTWAIT, NULL, NULL) = -1 EAGAIN (Try again)
24249 1784070438.342167 recvfrom(38, 0x7ff90a9f80, 3200, MSG_DONTWAIT, NULL, NULL) = -1 EAGAIN (Try again)
24249 1784070438.353134 recvfrom(38, "nysv\0\0\0\0\0\0\0\0\0\0\0\0\2h\220\354F\1\0\0\335E\1\0\0\0\0\0", 3200, MSG_DONTWAIT, NULL, NULL) = 32
24249 1784070438.353633 recvfrom(38, 0x7ff90aa020, 3200, MSG_DONTWAIT, NULL, NULL) = -1 EAGAIN (Try again)
24249 1784070438.358360 recvfrom(38, 0x7ff90a9f80, 3200, MSG_DONTWAIT, NULL, NULL) = -1 EAGAIN (Try again)
24271 1784070438.362669 recvfrom(42, "nysv\0\0\0\0\0\0\0\0\0\0\0\0\2h\220\354F\1\0\0\335E\1\0\0\0\0\0", 3200, MSG_DONTWAIT, NULL, NULL) = 32
24271 1784070438.363130 recvfrom(42, 0x716ad86eb0, 3200, MSG_DONTWAIT, NULL, NULL) = -1 EAGAIN (Try again)
24249 1784070438.369335 recvfrom(38, "nysv\0\0\0\0\0\0\0\0\0\0\0\0\fC\217\355F\1\0\0\336E\1\0\0\0\0\0", 3200, MSG_DONTWAIT, NULL, NULL) = 32
24249 1784070438.369603 recvfrom(38, 0x7ff90aa020, 3200, MSG_DONTWAIT, NULL, NULL) = -1 EAGAIN (Try again)
24249 1784070438.370102 recvfrom(38, 0x7ff90a9f80, 3200, MSG_DONTWAIT, NULL, NULL) = -1 EAGAIN (Try again)
24271 1784070438.384045 recvfrom(42, "nysv\0\0\0\0\0\0\0\0\0\0\0\0\fC\217\355F\1\0\0\336E\1\0\0\0\0\0", 3200, MSG_DONTWAIT, NULL, NULL) = 32
24271 1784070438.384229 recvfrom(42, 0x716ad86eb0, 3200, MSG_DONTWAIT, NULL, NULL) = -1 EAGAIN (Try again)
24249 1784070438.386839 recvfrom(38, "nysv\0\0\0\0\0\0\0\0\0\0\0\0\36\327\215\356F\1\0\0\337E\1\0\0\0\0\0", 3200, MSG_DONTWAIT, NULL, NULL) = 32
24249 1784070438.387299 recvfrom(38, 0x7ff90aa020, 3200, MSG_DONTWAIT, NULL, NULL) = -1 EAGAIN (Try again)
24249 1784070438.393402 recvfrom(38, 0x7ff90a9f80, 3200, MSG_DONTWAIT, NULL, NULL) = -1 EAGAIN (Try again)
24249 1784070438.402849 recvfrom(38, "nysv\0\0\0\0\0\0\0\0\0\0\0\0\311j\214\357F\1\0\0\340E\1\0\0\0\0\0", 3200, MSG_DONTWAIT, NULL, NULL) = 32
24249 1784070438.403559 recvfrom(38, 0x7ff90aa020, 3200, MSG_DONTWAIT, NULL, NULL) = -1 EAGAIN (Try again)
24249 1784070438.408168 recvfrom(38, 0x7ff90a9f80, 3200, MSG_DONTWAIT, NULL, NULL) = -1 EAGAIN (Try again)
24271 1784070438.411236 recvfrom(42, "nysv\0\0\0\0\0\0\0\0\0\0\0\0\36\327\215\356F\1\0\0\337E\1\0\0\0\0\0", 3200, MSG_DONTWAIT, NULL, NULL) = 32
24271 1784070438.411683 recvfrom(42, 0x716ad86eb0, 3200, MSG_DONTWAIT, NULL, NULL) = -1 EAGAIN (Try again)
24249 1784070438.420499 recvfrom(38, "nysv\0\0\0\0\0\0\0\0\0\0\0\0s\321\212\360F\1\0\0\341E\1\0\0\0\0\0", 3200, MSG_DONTWAIT, NULL, NULL) = 32
24249 1784070438.420862 recvfrom(38, 0x7ff90aa020, 3200, MSG_DONTWAIT, NULL, NULL) = -1 EAGAIN (Try again)
24249 1784070438.421433 recvfrom(38, 0x7ff90a9f80, 3200, MSG_DONTWAIT, NULL, NULL) = -1 EAGAIN (Try again)
24271 1784070438.425119 recvfrom(42, "nysv\0\0\0\0\0\0\0\0\0\0\0\0s\321\212\360F\1\0\0\341E\1\0\0\0\0\0", 3200, MSG_DONTWAIT, NULL, NULL) = 32
24271 1784070438.425495 recvfrom(42, 0x716ad86eb0, 3200, MSG_DONTWAIT, NULL, NULL) = -1 EAGAIN (Try again)
24249 1784070438.436754 recvfrom(38, "nysv\0\0\0\0\0\0\0\0\0\0\0\0\235!\211\361F\1\0\0\342E\1\0\0\0\0\0", 3200, MSG_DONTWAIT, NULL, NULL) = 32
24249 1784070438.437012 recvfrom(38, 0x7ff90aa020, 3200, MSG_DONTWAIT, NULL, NULL) = -1 EAGAIN (Try again)
24271 1784070438.437420 recvfrom(42, "nysv\0\0\0\0\0\0\0\0\0\0\0\0\235!\211\361F\1\0\0\342E\1\0\0\0\0\0", 3200, MSG_DONTWAIT, NULL, NULL) = 32
24249 1784070438.439002 recvfrom(38,  <unfinished ...>
24271 1784070438.439159 recvfrom(42,  <unfinished ...>
24249 1784070438.439197 <... recvfrom resumed> 0x7ff90a9f80, 3200, MSG_DONTWAIT, NULL, NULL) = -1 EAGAIN (Try again)
24271 1784070438.439418 <... recvfrom resumed> 0x716ad86eb0, 3200, MSG_DONTWAIT, NULL, NULL) = -1 EAGAIN (Try again)
24249 1784070438.452960 recvfrom(38, "nysv\0\0\0\0\0\0\0\0\0\0\0\0\341\257\207\362F\1\0\0\343E\1\0\0\0\0\0", 3200, MSG_DONTWAIT, NULL, NULL) = 32
24249 1784070438.453179 recvfrom(38, 0x7ff90aa020, 3200, MSG_DONTWAIT, NULL, NULL) = -1 EAGAIN (Try again)
24271 1784070438.453457 recvfrom(42, "nysv\0\0\0\0\0\0\0\0\0\0\0\0\341\257\207\362F\1\0\0\343E\1\0\0\0\0\0", 3200, MSG_DONTWAIT, NULL, NULL) = 32
24271 1784070438.455242 recvfrom(42,  <unfinished ...>
24249 1784070438.455260 recvfrom(38, 0x7ff90a9f80, 3200, MSG_DONTWAIT, NULL, NULL) = -1 EAGAIN (Try again)
24271 1784070438.455576 <... recvfrom resumed> 0x716ad86eb0, 3200, MSG_DONTWAIT, NULL, NULL) = -1 EAGAIN (Try again)
24249 1784070438.471026 recvfrom(38, "nysv\0\0\0\0\0\0\0\0\0\0\0\0\373\336\205\363F\1\0\0\344E\1\0\0\0\0\0", 3200, MSG_DONTWAIT, NULL, NULL) = 32
24249 1784070438.471521 recvfrom(38, 0x7ff90aa020, 3200, MSG_DONTWAIT, NULL, NULL) = -1 EAGAIN (Try again)
24271 1784070438.473831 recvfrom(42,  <unfinished ...>
24249 1784070438.473895 recvfrom(38,  <unfinished ...>
24271 1784070438.473959 <... recvfrom resumed> "nysv\0\0\0\0\0\0\0\0\0\0\0\0\373\336\205\363F\1\0\0\344E\1\0\0\0\0\0", 3200, MSG_DONTWAIT, NULL, NULL) = 32
24249 1784070438.473980 <... recvfrom resumed> 0x7ff90a9f80, 3200, MSG_DONTWAIT, NULL, NULL) = -1 EAGAIN (Try again)
24271 1784070438.474101 recvfrom(42, 0x716ad86eb0, 3200, MSG_DONTWAIT, NULL, NULL) = -1 EAGAIN (Try again)
24249 1784070438.486593 recvfrom(38, "nysv\0\0\0\0\0\0\0\0\0\0\0\0%/\204\364F\1\0\0\345E\1\0\0\0\0\0", 3200, MSG_DONTWAIT, NULL, NULL) = 32
24249 1784070438.487073 recvfrom(38, 0x7ff90aa020, 3200, MSG_DONTWAIT, NULL, NULL) = -1 EAGAIN (Try again)
24271 1784070438.489285 recvfrom(42,  <unfinished ...>
24249 1784070438.489323 recvfrom(38,  <unfinished ...>
24271 1784070438.489389 <... recvfrom resumed> "nysv\0\0\0\0\0\0\0\0\0\0\0\0%/\204\364F\1\0\0\345E\1\0\0\0\0\0", 3200, MSG_DONTWAIT, NULL, NULL) = 32
24271 1784070438.490115 recvfrom(42,  <unfinished ...>
24249 1784070438.490145 <... recvfrom resumed> 0x7ff90a9f80, 3200, MSG_DONTWAIT, NULL, NULL) = -1 EAGAIN (Try again)
24271 1784070438.490251 <... recvfrom resumed> 0x716ad86eb0, 3200, MSG_DONTWAIT, NULL, NULL) = -1 EAGAIN (Try again)
24249 1784070438.504697 recvfrom(38, "nysv\0\0\0\0\0\0\0\0\0\0\0\0\334O\202\365F\1\0\0\346E\1\0\0\0\0\0", 3200, MSG_DONTWAIT, NULL, NULL) = 32
24249 1784070438.505188 recvfrom(38, 0x7ff90aa020, 3200, MSG_DONTWAIT, NULL, NULL) = -1 EAGAIN (Try again)
24271 1784070438.505389 recvfrom(42, "nysv\0\0\0\0\0\0\0\0\0\0\0\0\334O\202\365F\1\0\0\346E\1\0\0\0\0\0", 3200, MSG_DONTWAIT, NULL, NULL) = 32
24271 1784070438.507056 recvfrom(42, 0x716ad86eb0, 3200, MSG_DONTWAIT, NULL, NULL) = -1 EAGAIN (Try again)
24249 1784070438.507404 recvfrom(38, 0x7ff90a9f80, 3200, MSG_DONTWAIT, NULL, NULL) = -1 EAGAIN (Try again)
24249 1784070438.521645 recvfrom(38, "nysv\0\0\0\0\0\0\0\0\0\0\0\0\332h\200\366F\1\0\0\347E\1\0\0\0\0\0", 3200, MSG_DONTWAIT, NULL, NULL) = 32
24249 1784070438.521877 recvfrom(38, 0x7ff90aa020, 3200, MSG_DONTWAIT, NULL, NULL) = -1 EAGAIN (Try again)
24271 1784070438.522117 recvfrom(42, "nysv\0\0\0\0\0\0\0\0\0\0\0\0\332h\200\366F\1\0\0\347E\1\0\0\0\0\0", 3200, MSG_DONTWAIT, NULL, NULL) = 32
24271 1784070438.522502 recvfrom(42, 0x716ad86eb0, 3200, MSG_DONTWAIT, NULL, NULL) = -1 EAGAIN (Try again)
24249 1784070438.523999 recvfrom(38, 0x7ff90a9f80, 3200, MSG_DONTWAIT, NULL, NULL) = -1 EAGAIN (Try again)
24249 1784070438.539035 recvfrom(38, "nysv\0\0\0\0\0\0\0\0\0\0\0\0eZ~\367F\1\0\0\350E\1\0\0\0\0\0", 3200, MSG_DONTWAIT, NULL, NULL) = 32
24249 1784070438.539353 recvfrom(38, 0x7ff90aa020, 3200, MSG_DONTWAIT, NULL, NULL) = -1 EAGAIN (Try again)
24271 1784070438.539558 recvfrom(42, "nysv\0\0\0\0\0\0\0\0\0\0\0\0eZ~\367F\1\0\0\350E\1\0\0\0\0\0", 3200, MSG_DONTWAIT, NULL, NULL) = 32
24271 1784070438.541082 recvfrom(42, 0x716ad86eb0, 3200, MSG_DONTWAIT, NULL, NULL) = -1 EAGAIN (Try again)
24249 1784070438.541259 recvfrom(38, 0x7ff90a9f80, 3200, MSG_DONTWAIT, NULL, NULL) = -1 EAGAIN (Try again)
24249 1784070438.554334 recvfrom(38, "nysv\0\0\0\0\0\0\0\0\0\0\0\0\217\252|\370F\1\0\0\351E\1\0\0\0\0\0", 3200, MSG_DONTWAIT, NULL, NULL) = 32
24249 1784070438.554794 recvfrom(38, 0x7ff90aa020, 3200, MSG_DONTWAIT, NULL, NULL) = -1 EAGAIN (Try again)
24271 1784070438.555177 recvfrom(42, "nysv\0\0\0\0\0\0\0\0\0\0\0\0\217\252|\370F\1\0\0\351E\1\0\0\0\0\0", 3200, MSG_DONTWAIT, NULL, NULL) = 32
24271 1784070438.556839 recvfrom(42,  <unfinished ...>
24249 1784070438.556856 recvfrom(38,  <unfinished ...>
24271 1784070438.557026 <... recvfrom resumed> 0x716ad86eb0, 3200, MSG_DONTWAIT, NULL, NULL) = -1 EAGAIN (Try again)
24249 1784070438.557040 <... recvfrom resumed> 0x7ff90a9f80, 3200, MSG_DONTWAIT, NULL, NULL) = -1 EAGAIN (Try again)
24249 1784070438.570172 recvfrom(38, "nysv\0\0\0\0\0\0\0\0\0\0\0\0\271\372z\371F\1\0\0\352E\1\0\0\0\0\0", 3200, MSG_DONTWAIT, NULL, NULL) = 32
24249 1784070438.570460 recvfrom(38, 0x7ff90aa020, 3200, MSG_DONTWAIT, NULL, NULL) = -1 EAGAIN (Try again)
24271 1784070438.572166 recvfrom(42, "nysv\0\0\0\0\0\0\0\0\0\0\0\0\271\372z\371F\1\0\0\352E\1\0\0\0\0\0", 3200, MSG_DONTWAIT, NULL, NULL) = 32
24249 1784070438.572429 recvfrom(38, 0x7ff90a9f80, 3200, MSG_DONTWAIT, NULL, NULL) = -1 EAGAIN (Try again)
24271 1784070438.572741 recvfrom(42, 0x716ad86eb0, 3200, MSG_DONTWAIT, NULL, NULL) = -1 EAGAIN (Try again)
24249 1784070438.586459 recvfrom(38, "nysv\0\0\0\0\0\0\0\0\0\0\0\0VUy\372F\1\0\0\353E\1\0\0\0\0\0", 3200, MSG_DONTWAIT, NULL, NULL) = 32
24249 1784070438.586776 recvfrom(38, 0x7ff90aa020, 3200, MSG_DONTWAIT, NULL, NULL) = -1 EAGAIN (Try again)
24271 1784070438.587514 recvfrom(42, "nysv\0\0\0\0\0\0\0\0\0\0\0\0VUy\372F\1\0\0\353E\1\0\0\0\0\0", 3200, MSG_DONTWAIT, NULL, NULL) = 32
24249 1784070438.587822 recvfrom(38,  <unfinished ...>
24271 1784070438.588032 recvfrom(42,  <unfinished ...>
24249 1784070438.588051 <... recvfrom resumed> 0x7ff90a9f80, 3200, MSG_DONTWAIT, NULL, NULL) = -1 EAGAIN (Try again)
24271 1784070438.588346 <... recvfrom resumed> 0x716ad86eb0, 3200, MSG_DONTWAIT, NULL, NULL) = -1 EAGAIN (Try again)
24249 1784070438.605442 recvfrom(38, "nysv\0\0\0\0\0\0\0\0\0\0\0\0\200\245w\373F\1\0\0\354E\1\0\0\0\0\0", 3200, MSG_DONTWAIT, NULL, NULL) = 32
24249 1784070438.605785 recvfrom(38, 0x7ff90aa020, 3200, MSG_DONTWAIT, NULL, NULL) = -1 EAGAIN (Try again)
24249 1784070438.606241 recvfrom(38, 0x7ff90a9f80, 3200, MSG_DONTWAIT, NULL, NULL) = -1 EAGAIN (Try again)
24271 1784070438.607957 recvfrom(42, "nysv\0\0\0\0\0\0\0\0\0\0\0\0\200\245w\373F\1\0\0\354E\1\0\0\0\0\0", 3200, MSG_DONTWAIT, NULL, NULL) = 32
24271 1784070438.608559 recvfrom(42, 0x716ad86eb0, 3200, MSG_DONTWAIT, NULL, NULL) = -1 EAGAIN (Try again)
24249 1784070438.620427 recvfrom(38, "nysv\0\0\0\0\0\0\0\0\0\0\0\0+\17v\374F\1\0\0\355E\1\0\0\0\0\0", 3200, MSG_DONTWAIT, NULL, NULL) = 32
24249 1784070438.620852 recvfrom(38, 0x7ff90aa020, 3200, MSG_DONTWAIT, NULL, NULL) = -1 EAGAIN (Try again)
24271 1784070438.622962 recvfrom(42, "nysv\0\0\0\0\0\0\0\0\0\0\0\0+\17v\374F\1\0\0\355E\1\0\0\0\0\0", 3200, MSG_DONTWAIT, NULL, NULL) = 32
24271 1784070438.623423 recvfrom(42, 0x716ad86eb0, 3200, MSG_DONTWAIT, NULL, NULL) = -1 EAGAIN (Try again)
24271 1784070438.640699 recvfrom(42, "nysv\0\0\0\0\0\0\0\0\0\0\0\0U_t\375F\1\0\0\356E\1\0\0\0\0\0", 3200, MSG_DONTWAIT, NULL, NULL) = 32
24271 1784070438.640864 recvfrom(42, 0x716ad86c80, 3200, MSG_DONTWAIT, NULL, NULL) = -1 EAGAIN (Try again)
24249 1784070438.746068 recvfrom(38, 0x7ff90aa070, 3200, MSG_DONTWAIT, NULL, NULL) = -1 EAGAIN (Try again)
24249 1784070438.762640 recvfrom(38, "nysv\0\0\0\0\0\0\0\0\0\0\0\0\200\37g\4G\1\0\0\365E\1\0\0\0\0\0", 3200, MSG_DONTWAIT, NULL, NULL) = 32
24249 1784070438.762804 recvfrom(38, 0x7ff90aa020, 3200, MSG_DONTWAIT, NULL, NULL) = -1 EAGAIN (Try again)
24644 1784070438.811547 sendmsg(71, {msg_name=NULL, msg_namelen=0, msg_iov=[{iov_base="l\1\1\1\344\0\0\0\204\0\0\0\235\0\0\0\1\1o\0;\0\0\0/re/frid"..., iov_len=404}], msg_iovlen=1, msg_controllen=0, msg_flags=0}, MSG_NOSIGNAL) = 404
24644 1784070439.733025 sendmsg(71, {msg_name=NULL, msg_namelen=0, msg_iov=[{iov_base="l\1\1\1\344\0\0\0\205\0\0\0\235\0\0\0\1\1o\0;\0\0\0/re/frid"..., iov_len=404}], msg_iovlen=1, msg_controllen=0, msg_flags=0}, MSG_NOSIGNAL) = 404
24249 1784070439.996228 newfstatat(AT_FDCWD, "/system/framework/framework-res.apk", {st_mode=S_IFREG|0644, st_size=45992421, ...}, 0) = 0
24249 1784070439.996462 newfstatat(AT_FDCWD, "/product/overlay/GoogleConfigOverlay.apk", {st_mode=S_IFREG|0644, st_size=25070, ...}, 0) = 0
24249 1784070439.996731 newfstatat(AT_FDCWD, "/product/overlay/GoogleWebViewOverlay.apk", {st_mode=S_IFREG|0644, st_size=16815, ...}, 0) = 0
24249 1784070439.996910 newfstatat(AT_FDCWD, "/product/overlay/PixelConfigOverlayCommon.apk", {st_mode=S_IFREG|0644, st_size=52833, ...}, 0) = 0
24249 1784070439.997057 newfstatat(AT_FDCWD, "/product/overlay/EmulatorConfigOverlay.apk", {st_mode=S_IFREG|0644, st_size=16734, ...}, 0) = 0
24249 1784070439.997203 newfstatat(AT_FDCWD, "/data/app/barilyuk.batterytemperature-sL6ly13WXTe3-qOWgO1Ang==/base.apk", {st_mode=S_IFREG|0644, st_size=4634705, ...}, 0) = 0
24249 1784070439.998352 clone(child_stack=0x711cdd0d40, flags=CLONE_VM|CLONE_FS|CLONE_FILES|CLONE_SIGHAND|CLONE_THREAD|CLONE_SYSVSEM|CLONE_SETTLS|CLONE_PARENT_SETTID|CLONE_CHILD_CLEARTID, parent_tidptr=0x711cdd0d60, tls=0x711cdd1020, child_tidptr=0x711cdd0d60) = 25022
24271 1784070439.998819 clone(child_stack=0x711ccd3d40, flags=CLONE_VM|CLONE_FS|CLONE_FILES|CLONE_SIGHAND|CLONE_THREAD|CLONE_SYSVSEM|CLONE_SETTLS|CLONE_PARENT_SETTID|CLONE_CHILD_CLEARTID, parent_tidptr=0x711ccd3d60, tls=0x711ccd4020, child_tidptr=0x711ccd3d60) = 25023
25023 1784070439.999789 exit(0)         = ?
25023 1784070439.999819 +++ exited with 0 +++
24249 1784070440.000012 newfstatat(AT_FDCWD, "/system/framework/framework-res.apk", {st_mode=S_IFREG|0644, st_size=45992421, ...}, 0) = 0
24249 1784070440.000302 newfstatat(AT_FDCWD, "/product/overlay/GoogleConfigOverlay.apk", {st_mode=S_IFREG|0644, st_size=25070, ...}, 0) = 0
24249 1784070440.000484 newfstatat(AT_FDCWD, "/product/overlay/GoogleWebViewOverlay.apk", {st_mode=S_IFREG|0644, st_size=16815, ...}, 0) = 0
24249 1784070440.000637 newfstatat(AT_FDCWD, "/product/overlay/PixelConfigOverlayCommon.apk", {st_mode=S_IFREG|0644, st_size=52833, ...}, 0) = 0
24249 1784070440.000774 newfstatat(AT_FDCWD, "/product/overlay/EmulatorConfigOverlay.apk", {st_mode=S_IFREG|0644, st_size=16734, ...}, 0) = 0
24249 1784070440.000913 newfstatat(AT_FDCWD, "/data/app/barilyuk.batterytemperature-sL6ly13WXTe3-qOWgO1Ang==/base.apk", {st_mode=S_IFREG|0644, st_size=4634705, ...}, 0) = 0
25022 1784070440.001574 exit(0)         = ?
25022 1784070440.001717 +++ exited with 0 +++
24249 1784070440.005551 newfstatat(AT_FDCWD, "/system/framework/framework-res.apk", {st_mode=S_IFREG|0644, st_size=45992421, ...}, 0) = 0
24249 1784070440.005918 newfstatat(AT_FDCWD, "/product/overlay/GoogleConfigOverlay.apk", {st_mode=S_IFREG|0644, st_size=25070, ...}, 0) = 0
24249 1784070440.006360 newfstatat(AT_FDCWD, "/product/overlay/GoogleWebViewOverlay.apk", {st_mode=S_IFREG|0644, st_size=16815, ...}, 0) = 0
24249 1784070440.006798 newfstatat(AT_FDCWD, "/product/overlay/PixelConfigOverlayCommon.apk", {st_mode=S_IFREG|0644, st_size=52833, ...}, 0) = 0
24249 1784070440.007111 newfstatat(AT_FDCWD, "/product/overlay/EmulatorConfigOverlay.apk", {st_mode=S_IFREG|0644, st_size=16734, ...}, 0) = 0
24249 1784070440.007509 newfstatat(AT_FDCWD, "/data/app/barilyuk.batterytemperature-sL6ly13WXTe3-qOWgO1Ang==/base.apk", {st_mode=S_IFREG|0644, st_size=4634705, ...}, 0) = 0
24249 1784070440.029243 faccessat(AT_FDCWD, "/data/user/0/barilyuk.batterytemperature", F_OK) = 0
24249 1784070440.029400 faccessat(AT_FDCWD, "/data/user/0/barilyuk.batterytemperature/shared_prefs", F_OK) = 0
24644 1784070440.032986 sendmsg(71, {msg_name=NULL, msg_namelen=0, msg_iov=[{iov_base="l\1\1\1\344\0\0\0\206\0\0\0\235\0\0\0\1\1o\0;\0\0\0/re/frid"..., iov_len=404}], msg_iovlen=1, msg_controllen=0, msg_flags=0}, MSG_NOSIGNAL) = 404
24249 1784070440.034576 faccessat(AT_FDCWD, "/storage/emulated/0/Android/data/barilyuk.batterytemperature/files/Documents", F_OK) = 0
24644 1784070440.043104 sendmsg(71, {msg_name=NULL, msg_namelen=0, msg_iov=[{iov_base="l\1\1\1\344\0\0\0\207\0\0\0\235\0\0\0\1\1o\0;\0\0\0/re/frid"..., iov_len=404}], msg_iovlen=1, msg_controllen=0, msg_flags=0}, MSG_NOSIGNAL) = 404
24644 1784070440.049509 sendmsg(71, {msg_name=NULL, msg_namelen=0, msg_iov=[{iov_base="l\1\1\1\344\0\0\0\210\0\0\0\235\0\0\0\1\1o\0;\0\0\0/re/frid"..., iov_len=404}], msg_iovlen=1, msg_controllen=0, msg_flags=0}, MSG_NOSIGNAL) = 404
24249 1784070440.067640 recvfrom(38, 0x7ff90a9cf0, 3200, MSG_DONTWAIT, NULL, NULL) = -1 EAGAIN (Try again)
24249 1784070440.074679 recvfrom(38, "nysv\0\0\0\0\0\0\0\0\0\0\0\0\261|\342RG\1\0\0CF\1\0\0\0\0\0", 3200, MSG_DONTWAIT, NULL, NULL) = 32
24249 1784070440.075008 recvfrom(38, 0x7ff90aa020, 3200, MSG_DONTWAIT, NULL, NULL) = -1 EAGAIN (Try again)
24249 1784070440.078963 newfstatat(AT_FDCWD, "/system/framework/framework-res.apk", {st_mode=S_IFREG|0644, st_size=45992421, ...}, 0) = 0
24249 1784070440.079224 newfstatat(AT_FDCWD, "/product/overlay/GoogleConfigOverlay.apk", {st_mode=S_IFREG|0644, st_size=25070, ...}, 0) = 0
24249 1784070440.079440 newfstatat(AT_FDCWD, "/product/overlay/GoogleWebViewOverlay.apk", {st_mode=S_IFREG|0644, st_size=16815, ...}, 0) = 0
24249 1784070440.079672 newfstatat(AT_FDCWD, "/product/overlay/PixelConfigOverlayCommon.apk", {st_mode=S_IFREG|0644, st_size=52833, ...}, 0) = 0
24249 1784070440.079908 newfstatat(AT_FDCWD, "/product/overlay/EmulatorConfigOverlay.apk", {st_mode=S_IFREG|0644, st_size=16734, ...}, 0) = 0
24249 1784070440.080254 newfstatat(AT_FDCWD, "/data/app/barilyuk.batterytemperature-sL6ly13WXTe3-qOWgO1Ang==/base.apk", {st_mode=S_IFREG|0644, st_size=4634705, ...}, 0) = 0
24249 1784070440.083585 faccessat(AT_FDCWD, "/data/user/0/barilyuk.batterytemperature", F_OK) = 0
24249 1784070440.083904 faccessat(AT_FDCWD, "/data/user/0/barilyuk.batterytemperature/shared_prefs", F_OK) = 0
24644 1784070440.097156 sendmsg(71, {msg_name=NULL, msg_namelen=0, msg_iov=[{iov_base="l\1\1\1\344\0\0\0\211\0\0\0\235\0\0\0\1\1o\0;\0\0\0/re/frid"..., iov_len=404}], msg_iovlen=1, msg_controllen=0, msg_flags=0}, MSG_NOSIGNAL) = 404
24249 1784070440.111143 recvfrom(61, 0x71fb447820, 2272, MSG_DONTWAIT, NULL, NULL) = -1 EAGAIN (Try again)
24249 1784070440.111648 recvfrom(38, 0x7ff90a9930, 3200, MSG_DONTWAIT, NULL, NULL) = -1 EAGAIN (Try again)
24644 1784070440.116024 sendmsg(71, {msg_name=NULL, msg_namelen=0, msg_iov=[{iov_base="l\1\1\1\374\0\0\0\212\0\0\0\235\0\0\0\1\1o\0;\0\0\0/re/frid"..., iov_len=428}], msg_iovlen=1, msg_controllen=0, msg_flags=0}, MSG_NOSIGNAL) = 428
24644 1784070440.128609 sendmsg(71, {msg_name=NULL, msg_namelen=0, msg_iov=[{iov_base="l\1\1\1\0\1\0\0\213\0\0\0\235\0\0\0\1\1o\0;\0\0\0/re/frid"..., iov_len=432}], msg_iovlen=1, msg_controllen=0, msg_flags=0}, MSG_NOSIGNAL) = 432
24644 1784070440.132751 sendmsg(71, {msg_name=NULL, msg_namelen=0, msg_iov=[{iov_base="l\1\1\1\374\0\0\0\214\0\0\0\235\0\0\0\1\1o\0;\0\0\0/re/frid"..., iov_len=428}], msg_iovlen=1, msg_controllen=0, msg_flags=0}, MSG_NOSIGNAL) = 428
24644 1784070440.145062 sendmsg(71, {msg_name=NULL, msg_namelen=0, msg_iov=[{iov_base="l\1\1\1\0\1\0\0\215\0\0\0\235\0\0\0\1\1o\0;\0\0\0/re/frid"..., iov_len=432}], msg_iovlen=1, msg_controllen=0, msg_flags=0}, MSG_NOSIGNAL) = 432
24249 1784070440.191077 recvfrom(38, "nysv\0\0\0\0\0\0\0\0\0\0\0\0\364:\336UG\1\0\0FF\1\0\0\0\0\0", 3200, MSG_DONTWAIT, NULL, NULL) = 32
24249 1784070440.191725 recvfrom(38, 0x7ff90aa020, 3200, MSG_DONTWAIT, NULL, NULL) = -1 EAGAIN (Try again)
24644 1784070440.202484 sendmsg(71, {msg_name=NULL, msg_namelen=0, msg_iov=[{iov_base="l\1\1\1\344\0\0\0\216\0\0\0\235\0\0\0\1\1o\0;\0\0\0/re/frid"..., iov_len=404}], msg_iovlen=1, msg_controllen=0, msg_flags=0}, MSG_NOSIGNAL) = 404
24644 1784070440.215158 sendmsg(71, {msg_name=NULL, msg_namelen=0, msg_iov=[{iov_base="l\1\1\1\334\0\0\0\217\0\0\0\235\0\0\0\1\1o\0;\0\0\0/re/frid"..., iov_len=396}], msg_iovlen=1, msg_controllen=0, msg_flags=0}, MSG_NOSIGNAL) = 396
24644 1784070440.217857 sendmsg(71, {msg_name=NULL, msg_namelen=0, msg_iov=[{iov_base="l\1\1\1\350\0\0\0\220\0\0\0\235\0\0\0\1\1o\0;\0\0\0/re/frid"..., iov_len=408}], msg_iovlen=1, msg_controllen=0, msg_flags=0}, MSG_NOSIGNAL) = 408
24644 1784070440.223850 sendmsg(71, {msg_name=NULL, msg_namelen=0, msg_iov=[{iov_base="l\1\1\1\354\0\0\0\221\0\0\0\235\0\0\0\1\1o\0;\0\0\0/re/frid"..., iov_len=412}], msg_iovlen=1, msg_controllen=0, msg_flags=0}, MSG_NOSIGNAL) = 412
24249 1784070440.230863 recvfrom(61, 0x71fb447820, 2272, MSG_DONTWAIT, NULL, NULL) = -1 EAGAIN (Try again)
24249 1784070440.231033 recvfrom(38, 0x7ff90a9f80, 3200, MSG_DONTWAIT, NULL, NULL) = -1 EAGAIN (Try again)
24249 1784070440.240373 recvfrom(38, "nysv\0\0\0\0\0\0\0\0\0\0\0\0\26\263\323\\G\1\0\0MF\1\0\0\0\0\0", 3200, MSG_DONTWAIT, NULL, NULL) = 32
24249 1784070440.240692 recvfrom(38, 0x7ff90aa020, 3200, MSG_DONTWAIT, NULL, NULL) = -1 EAGAIN (Try again)
24644 1784070440.247832 sendmsg(71, {msg_name=NULL, msg_namelen=0, msg_iov=[{iov_base="l\1\1\1\344\0\0\0\222\0\0\0\235\0\0\0\1\1o\0;\0\0\0/re/frid"..., iov_len=404}], msg_iovlen=1, msg_controllen=0, msg_flags=0}, MSG_NOSIGNAL) = 404
24644 1784070440.251974 sendmsg(71, {msg_name=NULL, msg_namelen=0, msg_iov=[{iov_base="l\1\1\1\310\0\0\0\223\0\0\0\235\0\0\0\1\1o\0;\0\0\0/re/frid"..., iov_len=376}], msg_iovlen=1, msg_controllen=0, msg_flags=0}, MSG_NOSIGNAL) = 376
24644 1784070440.261426 sendmsg(71, {msg_name=NULL, msg_namelen=0, msg_iov=[{iov_base="l\1\1\1H\1\0\0\224\0\0\0\235\0\0\0\1\1o\0;\0\0\0/re/frid"..., iov_len=504}], msg_iovlen=1, msg_controllen=0, msg_flags=0}, MSG_NOSIGNAL) = 504
24249 1784070440.266686 recvfrom(61, 0x71fb447820, 2272, MSG_DONTWAIT, NULL, NULL) = -1 EAGAIN (Try again)
24249 1784070440.266851 recvfrom(38, 0x7ff90a9f80, 3200, MSG_DONTWAIT, NULL, NULL) = -1 EAGAIN (Try again)
24249 1784070440.275493 recvfrom(38, "nysv\0\0\0\0\0\0\0\0\0\0\0\0\17\2\321^G\1\0\0OF\1\0\0\0\0\0", 3200, MSG_DONTWAIT, NULL, NULL) = 32
24249 1784070440.275995 recvfrom(38, 0x7ff90aa020, 3200, MSG_DONTWAIT, NULL, NULL) = -1 EAGAIN (Try again)
24644 1784070440.287025 sendmsg(71, {msg_name=NULL, msg_namelen=0, msg_iov=[{iov_base="l\1\1\1\344\0\0\0\225\0\0\0\235\0\0\0\1\1o\0;\0\0\0/re/frid"..., iov_len=404}], msg_iovlen=1, msg_controllen=0, msg_flags=0}, MSG_NOSIGNAL) = 404
24644 1784070440.297415 sendmsg(71, {msg_name=NULL, msg_namelen=0, msg_iov=[{iov_base="l\1\1\1\334\0\0\0\226\0\0\0\235\0\0\0\1\1o\0;\0\0\0/re/frid"..., iov_len=396}], msg_iovlen=1, msg_controllen=0, msg_flags=0}, MSG_NOSIGNAL) = 396
24644 1784070440.300354 sendmsg(71, {msg_name=NULL, msg_namelen=0, msg_iov=[{iov_base="l\1\1\1\350\0\0\0\227\0\0\0\235\0\0\0\1\1o\0;\0\0\0/re/frid"..., iov_len=408}], msg_iovlen=1, msg_controllen=0, msg_flags=0}, MSG_NOSIGNAL) = 408
24644 1784070440.303565 sendmsg(71, {msg_name=NULL, msg_namelen=0, msg_iov=[{iov_base="l\1\1\1\354\0\0\0\230\0\0\0\235\0\0\0\1\1o\0;\0\0\0/re/frid"..., iov_len=412}], msg_iovlen=1, msg_controllen=0, msg_flags=0}, MSG_NOSIGNAL) = 412
24249 1784070440.313322 faccessat(AT_FDCWD, "/data/user/0/barilyuk.batterytemperature/shared_prefs/MyPrefs.xml", F_OK) = 0
24249 1784070440.315677 recvfrom(38, 0x7ff90a9f80, 3200, MSG_DONTWAIT, NULL, NULL) = -1 EAGAIN (Try again)
24249 1784070440.320648 recvfrom(38, "nysv\0\0\0\0\0\0\0\0\0\0\0\0\314c\314aG\1\0\0RF\1\0\0\0\0\0", 3200, MSG_DONTWAIT, NULL, NULL) = 32
24249 1784070440.320964 recvfrom(38, 0x7ff90aa020, 3200, MSG_DONTWAIT, NULL, NULL) = -1 EAGAIN (Try again)
24644 1784070440.771118 sendmsg(71, {msg_name=NULL, msg_namelen=0, msg_iov=[{iov_base="l\1\1\1\344\0\0\0\231\0\0\0\235\0\0\0\1\1o\0;\0\0\0/re/frid"..., iov_len=404}], msg_iovlen=1, msg_controllen=0, msg_flags=0}, MSG_NOSIGNAL) = 404
24644 1784070440.774887 sendmsg(71, {msg_name=NULL, msg_namelen=0, msg_iov=[{iov_base="l\1\1\1\310\0\0\0\232\0\0\0\235\0\0\0\1\1o\0;\0\0\0/re/frid"..., iov_len=376}], msg_iovlen=1, msg_controllen=0, msg_flags=0}, MSG_NOSIGNAL) = 376
24644 1784070440.819855 sendmsg(71, {msg_name=NULL, msg_namelen=0, msg_iov=[{iov_base="l\1\1\1\344\0\0\0\233\0\0\0\235\0\0\0\1\1o\0;\0\0\0/re/frid"..., iov_len=404}], msg_iovlen=1, msg_controllen=0, msg_flags=0}, MSG_NOSIGNAL) = 404
24277 1784070440.877320 faccessat(AT_FDCWD, "/data/user/0/barilyuk.batterytemperature/shared_prefs/MyPrefs.xml", F_OK) = 0
24644 1784070441.746746 sendmsg(71, {msg_name=NULL, msg_namelen=0, msg_iov=[{iov_base="l\1\1\1\344\0\0\0\234\0\0\0\235\0\0\0\1\1o\0;\0\0\0/re/frid"..., iov_len=404}], msg_iovlen=1, msg_controllen=0, msg_flags=0}, MSG_NOSIGNAL) = 404
24644 1784070442.062406 sendmsg(71, {msg_name=NULL, msg_namelen=0, msg_iov=[{iov_base="l\1\1\1\344\0\0\0\235\0\0\0\235\0\0\0\1\1o\0;\0\0\0/re/frid"..., iov_len=404}], msg_iovlen=1, msg_controllen=0, msg_flags=0}, MSG_NOSIGNAL) = 404
24249 1784070442.065260 recvfrom(38, 0x7ff90a9de0, 3200, MSG_DONTWAIT, NULL, NULL) = -1 EAGAIN (Try again)
24249 1784070442.069903 recvfrom(38, "nysv\0\0\0\0\0\0\0\0\0\0\0\0o\310\24\312G\1\0\0\272F\1\0\0\0\0\0", 3200, MSG_DONTWAIT, NULL, NULL) = 32
24249 1784070442.070205 recvfrom(38, 0x7ff90aa020, 3200, MSG_DONTWAIT, NULL, NULL) = -1 EAGAIN (Try again)
24249 1784070442.070500 recvfrom(61, 0x71fb447820, 2272, MSG_DONTWAIT, NULL, NULL) = -1 EAGAIN (Try again)
24644 1784070442.834438 sendmsg(71, {msg_name=NULL, msg_namelen=0, msg_iov=[{iov_base="l\1\1\1\344\0\0\0\236\0\0\0\235\0\0\0\1\1o\0;\0\0\0/re/frid"..., iov_len=404}], msg_iovlen=1, msg_controllen=0, msg_flags=0}, MSG_NOSIGNAL) = 404
24249 1784070443.188476 recvfrom(61, "\2\0\0\0\0\0\0\0\r\10\0\0\0\0\0\0\3006\275\fH\1\0\0\1\0\0\0\2\20\0\0"..., 2272, MSG_DONTWAIT, NULL, NULL) = 232
24249 1784070443.188737 recvfrom(38, 0x7ff90a82b0, 3200, MSG_DONTWAIT, NULL, NULL) = -1 EAGAIN (Try again)
24249 1784070443.189314 sendto(61, "\3\0\0\0\0\0\0\0\r\10\0\0\1\0\0\0", 16, MSG_DONTWAIT|MSG_NOSIGNAL, NULL, 0) = 16
24249 1784070443.189632 recvfrom(61, 0x71fb447820, 2272, MSG_DONTWAIT, NULL, NULL) = -1 EAGAIN (Try again)
24249 1784070443.190109 recvfrom(61, "\2\0\0\0\0\0\0\0\17\10\0\0\0\0\0\0\3006\275\fH\1\0\0\1\0\0\0\2\20\0\0"..., 2272, MSG_DONTWAIT, NULL, NULL) = 232
24249 1784070443.190263 sendto(61, "\3\0\0\0\0\0\0\0\17\10\0\0\1\0\0\0", 16, MSG_DONTWAIT|MSG_NOSIGNAL, NULL, 0) = 16
24249 1784070443.190492 recvfrom(61, 0x71fb447820, 2272, MSG_DONTWAIT, NULL, NULL) = -1 EAGAIN (Try again)
24249 1784070443.202227 recvfrom(38, "nysv\0\0\0\0\0\0\0\0\0\0\0\0\34\252\242\rH\1\0\0\375F\1\0\0\0\0\0", 3200, MSG_DONTWAIT, NULL, NULL) = 32
24249 1784070443.202384 recvfrom(38, 0x7ff90aa020, 3200, MSG_DONTWAIT, NULL, NULL) = -1 EAGAIN (Try again)
24249 1784070443.202743 recvfrom(61, 0x71fb447820, 2272, MSG_DONTWAIT, NULL, NULL) = -1 EAGAIN (Try again)
24249 1784070443.202901 recvfrom(38, 0x7ff90a9f80, 3200, MSG_DONTWAIT, NULL, NULL) = -1 EAGAIN (Try again)
24271 1784070443.213444 recvfrom(42, 0x716ad86eb0, 3200, MSG_DONTWAIT, NULL, NULL) = -1 EAGAIN (Try again)
24271 1784070443.214003 recvfrom(42, 0x716ad86eb0, 3200, MSG_DONTWAIT, NULL, NULL) = -1 EAGAIN (Try again)
24249 1784070443.219512 recvfrom(38,  <unfinished ...>
24271 1784070443.219602 recvfrom(42,  <unfinished ...>
24249 1784070443.219634 <... recvfrom resumed> "nysv\0\0\0\0\0\0\0\0\0\0\0\08\4\241\16H\1\0\0\376F\1\0\0\0\0\0", 3200, MSG_DONTWAIT, NULL, NULL) = 32
24249 1784070443.219976 recvfrom(38,  <unfinished ...>
24271 1784070443.220192 <... recvfrom resumed> "nysv\0\0\0\0\0\0\0\0\0\0\0\08\4\241\16H\1\0\0\376F\1\0\0\0\0\0", 3200, MSG_DONTWAIT, NULL, NULL) = 32
24249 1784070443.220214 <... recvfrom resumed> 0x7ff90aa020, 3200, MSG_DONTWAIT, NULL, NULL) = -1 EAGAIN (Try again)
24271 1784070443.220323 recvfrom(42, 0x716ad86c80, 3200, MSG_DONTWAIT, NULL, NULL) = -1 EAGAIN (Try again)
24249 1784070443.220899 recvfrom(61, 0x71fb447820, 2272, MSG_DONTWAIT, NULL, NULL) = -1 EAGAIN (Try again)
24249 1784070443.222480 recvfrom(38, 0x7ff90a9f80, 3200, MSG_DONTWAIT, NULL, NULL) = -1 EAGAIN (Try again)
24271 1784070443.231130 recvfrom(42, 0x716ad86eb0, 3200, MSG_DONTWAIT, NULL, NULL) = -1 EAGAIN (Try again)
24271 1784070443.232120 recvfrom(42, 0x716ad86eb0, 3200, MSG_DONTWAIT, NULL, NULL) = -1 EAGAIN (Try again)
24271 1784070443.236766 recvfrom(42,  <unfinished ...>
24249 1784070443.236770 recvfrom(38, "nysv\0\0\0\0\0\0\0\0\0\0\0\0\nf\237\17H\1\0\0\377F\1\0\0\0\0\0", 3200, MSG_DONTWAIT, NULL, NULL) = 32
24249 1784070443.236988 recvfrom(38, 0x7ff90aa020, 3200, MSG_DONTWAIT, NULL, NULL) = -1 EAGAIN (Try again)
24271 1784070443.237232 <... recvfrom resumed> "nysv\0\0\0\0\0\0\0\0\0\0\0\0\nf\237\17H\1\0\0\377F\1\0\0\0\0\0", 3200, MSG_DONTWAIT, NULL, NULL) = 32
24271 1784070443.237340 recvfrom(42, 0x716ad86c80, 3200, MSG_DONTWAIT, NULL, NULL) = -1 EAGAIN (Try again)
24249 1784070443.237461 recvfrom(38, 0x7ff90a9f80, 3200, MSG_DONTWAIT, NULL, NULL) = -1 EAGAIN (Try again)
24271 1784070443.248060 recvfrom(42, 0x716ad86eb0, 3200, MSG_DONTWAIT, NULL, NULL) = -1 EAGAIN (Try again)
24271 1784070443.252898 recvfrom(42,  <unfinished ...>
24249 1784070443.252911 recvfrom(38, "nysv\0\0\0\0\0\0\0\0\0\0\0\0004\266\235\20H\1\0\0\0G\1\0\200\0\0\0", 3200, MSG_DONTWAIT, NULL, NULL) = 32
24249 1784070443.253170 recvfrom(38,  <unfinished ...>
24271 1784070443.253339 <... recvfrom resumed> "nysv\0\0\0\0\0\0\0\0\0\0\0\0004\266\235\20H\1\0\0\0G\1\0\200\0\0\0", 3200, MSG_DONTWAIT, NULL, NULL) = 32
24249 1784070443.253359 <... recvfrom resumed> 0x7ff90aa020, 3200, MSG_DONTWAIT, NULL, NULL) = -1 EAGAIN (Try again)
24271 1784070443.253441 recvfrom(42, 0x716ad86c80, 3200, MSG_DONTWAIT, NULL, NULL) = -1 EAGAIN (Try again)
24249 1784070443.253679 recvfrom(38, 0x7ff90a9f80, 3200, MSG_DONTWAIT, NULL, NULL) = -1 EAGAIN (Try again)
24271 1784070443.264687 recvfrom(42, 0x716ad86eb0, 3200, MSG_DONTWAIT, NULL, NULL) = -1 EAGAIN (Try again)
24249 1784070443.269508 recvfrom(38,  <unfinished ...>
24271 1784070443.269522 recvfrom(42,  <unfinished ...>
24249 1784070443.269578 <... recvfrom resumed> "nysv\0\0\0\0\0\0\0\0\0\0\0\0^\6\234\21H\1\0\0\1G\1\0\0\0\0\0", 3200, MSG_DONTWAIT, NULL, NULL) = 32
24271 1784070443.269612 <... recvfrom resumed> "nysv\0\0\0\0\0\0\0\0\0\0\0\0^\6\234\21H\1\0\0\1G\1\0\0\0\0\0", 3200, MSG_DONTWAIT, NULL, NULL) = 32
24249 1784070443.269736 recvfrom(38, 0x7ff90aa020, 3200, MSG_DONTWAIT, NULL, NULL) = -1 EAGAIN (Try again)
24271 1784070443.270133 recvfrom(42, 0x716ad86c80, 3200, MSG_DONTWAIT, NULL, NULL) = -1 EAGAIN (Try again)
24249 1784070443.270362 recvfrom(38, 0x7ff90a9f80, 3200, MSG_DONTWAIT, NULL, NULL) = -1 EAGAIN (Try again)
24271 1784070443.281088 recvfrom(42, 0x716ad86eb0, 3200, MSG_DONTWAIT, NULL, NULL) = -1 EAGAIN (Try again)
24249 1784070443.286279 recvfrom(38, "nysv\0\0\0\0\0\0\0\0\0\0\0\0\210V\232\22H\1\0\0\2G\1\0\0\0\0\0", 3200, MSG_DONTWAIT, NULL, NULL) = 32
24249 1784070443.286576 recvfrom(38,  <unfinished ...>
24271 1784070443.286589 recvfrom(42, "nysv\0\0\0\0\0\0\0\0\0\0\0\0\210V\232\22H\1\0\0\2G\1\0\0\0\0\0", 3200, MSG_DONTWAIT, NULL, NULL) = 32
24249 1784070443.286743 <... recvfrom resumed> 0x7ff90aa020, 3200, MSG_DONTWAIT, NULL, NULL) = -1 EAGAIN (Try again)
24271 1784070443.286844 recvfrom(42, 0x716ad86c80, 3200, MSG_DONTWAIT, NULL, NULL) = -1 EAGAIN (Try again)
24249 1784070443.289672 recvfrom(38, 0x7ff90a9f80, 3200, MSG_DONTWAIT, NULL, NULL) = -1 EAGAIN (Try again)
24271 1784070443.300642 recvfrom(42, 0x716ad86eb0, 3200, MSG_DONTWAIT, NULL, NULL) = -1 EAGAIN (Try again)
24271 1784070443.302590 recvfrom(42,  <unfinished ...>
24249 1784070443.302603 recvfrom(38,  <unfinished ...>
24271 1784070443.302780 <... recvfrom resumed> "nysv\0\0\0\0\0\0\0\0\0\0\0\0\207\365\230\23H\1\0\0\3G\1\0\0\0\0\0", 3200, MSG_DONTWAIT, NULL, NULL) = 32
24249 1784070443.302804 <... recvfrom resumed> "nysv\0\0\0\0\0\0\0\0\0\0\0\0\207\365\230\23H\1\0\0\3G\1\0\0\0\0\0", 3200, MSG_DONTWAIT, NULL, NULL) = 32
24249 1784070443.302932 recvfrom(38,  <unfinished ...>
24271 1784070443.302964 recvfrom(42, 0x716ad86c80, 3200, MSG_DONTWAIT, NULL, NULL) = -1 EAGAIN (Try again)
24249 1784070443.303219 <... recvfrom resumed> 0x7ff90aa020, 3200, MSG_DONTWAIT, NULL, NULL) = -1 EAGAIN (Try again)
24249 1784070443.303749 recvfrom(38, 0x7ff90a9f80, 3200, MSG_DONTWAIT, NULL, NULL) = -1 EAGAIN (Try again)
24271 1784070443.316352 recvfrom(42, 0x716ad86eb0, 3200, MSG_DONTWAIT, NULL, NULL) = -1 EAGAIN (Try again)
24249 1784070443.319210 recvfrom(38,  <unfinished ...>
24271 1784070443.319312 recvfrom(42,  <unfinished ...>
24249 1784070443.319376 <... recvfrom resumed> "nysv\0\0\0\0\0\0\0\0\0\0\0\0\250\254\227\24H\1\0\0\4G\1\0\0\0\0\0", 3200, MSG_DONTWAIT, NULL, NULL) = 32
24249 1784070443.319542 recvfrom(38,  <unfinished ...>
24271 1784070443.319721 <... recvfrom resumed> "nysv\0\0\0\0\0\0\0\0\0\0\0\0\250\254\227\24H\1\0\0\4G\1\0\0\0\0\0", 3200, MSG_DONTWAIT, NULL, NULL) = 32
24249 1784070443.319741 <... recvfrom resumed> 0x7ff90aa020, 3200, MSG_DONTWAIT, NULL, NULL) = -1 EAGAIN (Try again)
24271 1784070443.319872 recvfrom(42,  <unfinished ...>
24249 1784070443.320206 recvfrom(38,  <unfinished ...>
24271 1784070443.320524 <... recvfrom resumed> 0x716ad86c80, 3200, MSG_DONTWAIT, NULL, NULL) = -1 EAGAIN (Try again)
24249 1784070443.320561 <... recvfrom resumed> 0x7ff90a9f80, 3200, MSG_DONTWAIT, NULL, NULL) = -1 EAGAIN (Try again)
24271 1784070443.330626 recvfrom(42, 0x716ad86eb0, 3200, MSG_DONTWAIT, NULL, NULL) = -1 EAGAIN (Try again)
24249 1784070443.338054 recvfrom(38,  <unfinished ...>
24271 1784070443.338188 recvfrom(42,  <unfinished ...>
24249 1784070443.338393 <... recvfrom resumed> "nysv\0\0\0\0\0\0\0\0\0\0\0\0_\274\225\25H\1\0\0\5G\1\0\0\0\0\0", 3200, MSG_DONTWAIT, NULL, NULL) = 32
24249 1784070443.338537 recvfrom(38,  <unfinished ...>
24271 1784070443.338673 <... recvfrom resumed> "nysv\0\0\0\0\0\0\0\0\0\0\0\0_\274\225\25H\1\0\0\5G\1\0\0\0\0\0", 3200, MSG_DONTWAIT, NULL, NULL) = 32
24249 1784070443.338693 <... recvfrom resumed> 0x7ff90aa020, 3200, MSG_DONTWAIT, NULL, NULL) = -1 EAGAIN (Try again)
24271 1784070443.338801 recvfrom(42, 0x716ad86c80, 3200, MSG_DONTWAIT, NULL, NULL) = -1 EAGAIN (Try again)
24249 1784070443.339184 recvfrom(38, 0x7ff90a9f80, 3200, MSG_DONTWAIT, NULL, NULL) = -1 EAGAIN (Try again)
24271 1784070443.348130 recvfrom(42, 0x716ad86eb0, 3200, MSG_DONTWAIT, NULL, NULL) = -1 EAGAIN (Try again)
24249 1784070443.353681 recvfrom(38, "nysv\0\0\0\0\0\0\0\0\0\0\0\0a\33\224\26H\1\0\0\6G\1\0\0\0\0\0", 3200, MSG_DONTWAIT, NULL, NULL) = 32
24271 1784070443.354059 recvfrom(42,  <unfinished ...>
24249 1784070443.354072 recvfrom(38,  <unfinished ...>
24271 1784070443.354172 <... recvfrom resumed> "nysv\0\0\0\0\0\0\0\0\0\0\0\0a\33\224\26H\1\0\0\6G\1\0\0\0\0\0", 3200, MSG_DONTWAIT, NULL, NULL) = 32
24249 1784070443.354193 <... recvfrom resumed> 0x7ff90aa020, 3200, MSG_DONTWAIT, NULL, NULL) = -1 EAGAIN (Try again)
24271 1784070443.354292 recvfrom(42, 0x716ad86c80, 3200, MSG_DONTWAIT, NULL, NULL) = -1 EAGAIN (Try again)
24249 1784070443.354699 recvfrom(38, 0x7ff90a9f80, 3200, MSG_DONTWAIT, NULL, NULL) = -1 EAGAIN (Try again)
24271 1784070443.364096 recvfrom(42, 0x716ad86eb0, 3200, MSG_DONTWAIT, NULL, NULL) = -1 EAGAIN (Try again)
24249 1784070443.370435 recvfrom(38,  <unfinished ...>
24271 1784070443.370568 recvfrom(42,  <unfinished ...>
24249 1784070443.370572 <... recvfrom resumed> "nysv\0\0\0\0\0\0\0\0\0\0\0\0\213k\222\27H\1\0\0\7G\1\0\0\0\0\0", 3200, MSG_DONTWAIT, NULL, NULL) = 32
24249 1784070443.370709 recvfrom(38, 0x7ff90aa020, 3200, MSG_DONTWAIT, NULL, NULL) = -1 EAGAIN (Try again)
24271 1784070443.370932 <... recvfrom resumed> "nysv\0\0\0\0\0\0\0\0\0\0\0\0\213k\222\27H\1\0\0\7G\1\0\0\0\0\0", 3200, MSG_DONTWAIT, NULL, NULL) = 32
24271 1784070443.371037 recvfrom(42, 0x716ad86c80, 3200, MSG_DONTWAIT, NULL, NULL) = -1 EAGAIN (Try again)
24249 1784070443.371282 recvfrom(38, 0x7ff90a9f80, 3200, MSG_DONTWAIT, NULL, NULL) = -1 EAGAIN (Try again)
24271 1784070443.380670 recvfrom(42, 0x716ad86eb0, 3200, MSG_DONTWAIT, NULL, NULL) = -1 EAGAIN (Try again)
24271 1784070443.388760 recvfrom(42,  <unfinished ...>
24249 1784070443.388772 recvfrom(38, "nysv\0\0\0\0\0\0\0\0\0\0\0\0\265\273\220\30H\1\0\0\10G\1\0\0\0\0\0", 3200, MSG_DONTWAIT, NULL, NULL) = 32
24249 1784070443.389030 recvfrom(38,  <unfinished ...>
24271 1784070443.389202 <... recvfrom resumed> "nysv\0\0\0\0\0\0\0\0\0\0\0\0\265\273\220\30H\1\0\0\10G\1\0\0\0\0\0", 3200, MSG_DONTWAIT, NULL, NULL) = 32
24249 1784070443.389236 <... recvfrom resumed> 0x7ff90aa020, 3200, MSG_DONTWAIT, NULL, NULL) = -1 EAGAIN (Try again)
24271 1784070443.389280 recvfrom(42, 0x716ad86c80, 3200, MSG_DONTWAIT, NULL, NULL) = -1 EAGAIN (Try again)
24249 1784070443.391167 recvfrom(38, 0x7ff90a9f80, 3200, MSG_DONTWAIT, NULL, NULL) = -1 EAGAIN (Try again)
24271 1784070443.399456 recvfrom(42, 0x716ad86eb0, 3200, MSG_DONTWAIT, NULL, NULL) = -1 EAGAIN (Try again)
24249 1784070443.404259 recvfrom(38,  <unfinished ...>
24271 1784070443.404442 recvfrom(42,  <unfinished ...>
24249 1784070443.404445 <... recvfrom resumed> "nysv\0\0\0\0\0\0\0\0\0\0\0\0002\363\216\31H\1\0\0\tG\1\0\0\0\0\0", 3200, MSG_DONTWAIT, NULL, NULL) = 32
24249 1784070443.404676 recvfrom(38,  <unfinished ...>
24271 1784070443.404833 <... recvfrom resumed> "nysv\0\0\0\0\0\0\0\0\0\0\0\0002\363\216\31H\1\0\0\tG\1\0\0\0\0\0", 3200, MSG_DONTWAIT, NULL, NULL) = 32
24249 1784070443.404854 <... recvfrom resumed> 0x7ff90aa020, 3200, MSG_DONTWAIT, NULL, NULL) = -1 EAGAIN (Try again)
24271 1784070443.404949 recvfrom(42, 0x716ad86c80, 3200, MSG_DONTWAIT, NULL, NULL) = -1 EAGAIN (Try again)
24249 1784070443.405172 recvfrom(38, 0x7ff90a9f80, 3200, MSG_DONTWAIT, NULL, NULL) = -1 EAGAIN (Try again)
24271 1784070443.414657 recvfrom(42, 0x716ad86eb0, 3200, MSG_DONTWAIT, NULL, NULL) = -1 EAGAIN (Try again)
24249 1784070443.421900 recvfrom(38, "nysv\0\0\0\0\0\0\0\0\0\0\0\0\\C\215\32H\1\0\0\nG\1\0\0\0\0\0", 3200, MSG_DONTWAIT, NULL, NULL) = 32
24271 1784070443.422182 recvfrom(42,  <unfinished ...>
24249 1784070443.422194 recvfrom(38,  <unfinished ...>
24271 1784070443.422316 <... recvfrom resumed> "nysv\0\0\0\0\0\0\0\0\0\0\0\0\\C\215\32H\1\0\0\nG\1\0\0\0\0\0", 3200, MSG_DONTWAIT, NULL, NULL) = 32
24249 1784070443.422335 <... recvfrom resumed> 0x7ff90aa020, 3200, MSG_DONTWAIT, NULL, NULL) = -1 EAGAIN (Try again)
24271 1784070443.422411 recvfrom(42, 0x716ad86c80, 3200, MSG_DONTWAIT, NULL, NULL) = -1 EAGAIN (Try again)
24249 1784070443.422739 recvfrom(38, 0x7ff90a9f80, 3200, MSG_DONTWAIT, NULL, NULL) = -1 EAGAIN (Try again)
24271 1784070443.431775 recvfrom(42, 0x716ad86eb0, 3200, MSG_DONTWAIT, NULL, NULL) = -1 EAGAIN (Try again)
24249 1784070443.437966 recvfrom(38, "nysv\0\0\0\0\0\0\0\0\0\0\0\0{]\213\33H\1\0\0\vG\1\0\0\0\0\0", 3200, MSG_DONTWAIT, NULL, NULL) = 32
24271 1784070443.438269 recvfrom(42,  <unfinished ...>
24249 1784070443.438284 recvfrom(38,  <unfinished ...>
24271 1784070443.438386 <... recvfrom resumed> "nysv\0\0\0\0\0\0\0\0\0\0\0\0{]\213\33H\1\0\0\vG\1\0\0\0\0\0", 3200, MSG_DONTWAIT, NULL, NULL) = 32
24249 1784070443.438416 <... recvfrom resumed> 0x7ff90aa020, 3200, MSG_DONTWAIT, NULL, NULL) = -1 EAGAIN (Try again)
24271 1784070443.438510 recvfrom(42, 0x716ad86c80, 3200, MSG_DONTWAIT, NULL, NULL) = -1 EAGAIN (Try again)
24249 1784070443.438978 recvfrom(38, 0x7ff90a9f80, 3200, MSG_DONTWAIT, NULL, NULL) = -1 EAGAIN (Try again)
24271 1784070443.448993 recvfrom(42, 0x716ad86eb0, 3200, MSG_DONTWAIT, NULL, NULL) = -1 EAGAIN (Try again)
24271 1784070443.453963 recvfrom(42,  <unfinished ...>
24249 1784070443.453967 recvfrom(38, "nysv\0\0\0\0\0\0\0\0\0\0\0\0\245\255\211\34H\1\0\0\fG\1\0\0\0\0\0", 3200, MSG_DONTWAIT, NULL, NULL) = 32
24249 1784070443.454242 recvfrom(38,  <unfinished ...>
24271 1784070443.454319 <... recvfrom resumed> "nysv\0\0\0\0\0\0\0\0\0\0\0\0\245\255\211\34H\1\0\0\fG\1\0\0\0\0\0", 3200, MSG_DONTWAIT, NULL, NULL) = 32
24271 1784070443.454426 recvfrom(42,  <unfinished ...>
24249 1784070443.454436 <... recvfrom resumed> 0x7ff90aa020, 3200, MSG_DONTWAIT, NULL, NULL) = -1 EAGAIN (Try again)
24271 1784070443.454539 <... recvfrom resumed> 0x716ad86c80, 3200, MSG_DONTWAIT, NULL, NULL) = -1 EAGAIN (Try again)
24249 1784070443.455009 recvfrom(38, 0x7ff90a9f80, 3200, MSG_DONTWAIT, NULL, NULL) = -1 EAGAIN (Try again)
24271 1784070443.464805 recvfrom(42, 0x716ad86eb0, 3200, MSG_DONTWAIT, NULL, NULL) = -1 EAGAIN (Try again)
24249 1784070443.471702 recvfrom(38, "nysv\0\0\0\0\0\0\0\0\0\0\0\0\312\256\207\35H\1\0\0\rG\1\0\0\0\0\0", 3200, MSG_DONTWAIT, NULL, NULL) = 32
24249 1784070443.472081 recvfrom(38,  <unfinished ...>
24271 1784070443.472192 recvfrom(42, "nysv\0\0\0\0\0\0\0\0\0\0\0\0\312\256\207\35H\1\0\0\rG\1\0\0\0\0\0", 3200, MSG_DONTWAIT, NULL, NULL) = 32
24249 1784070443.472357 <... recvfrom resumed> 0x7ff90aa020, 3200, MSG_DONTWAIT, NULL, NULL) = -1 EAGAIN (Try again)
24271 1784070443.472586 recvfrom(42, 0x716ad86c80, 3200, MSG_DONTWAIT, NULL, NULL) = -1 EAGAIN (Try again)
24249 1784070443.473041 recvfrom(38, 0x7ff90a9f80, 3200, MSG_DONTWAIT, NULL, NULL) = -1 EAGAIN (Try again)
24271 1784070443.481877 recvfrom(42, 0x716ad86eb0, 3200, MSG_DONTWAIT, NULL, NULL) = -1 EAGAIN (Try again)
24271 1784070443.488212 recvfrom(42,  <unfinished ...>
24249 1784070443.488230 recvfrom(38,  <unfinished ...>
24271 1784070443.488409 <... recvfrom resumed> "nysv\0\0\0\0\0\0\0\0\0\0\0\0\364\376\205\36H\1\0\0\16G\1\0\0\0\0\0", 3200, MSG_DONTWAIT, NULL, NULL) = 32
24249 1784070443.488431 <... recvfrom resumed> "nysv\0\0\0\0\0\0\0\0\0\0\0\0\364\376\205\36H\1\0\0\16G\1\0\0\0\0\0", 3200, MSG_DONTWAIT, NULL, NULL) = 32
24271 1784070443.488464 recvfrom(42, 0x716ad86c80, 3200, MSG_DONTWAIT, NULL, NULL) = -1 EAGAIN (Try again)
24249 1784070443.488570 recvfrom(38, 0x7ff90aa020, 3200, MSG_DONTWAIT, NULL, NULL) = -1 EAGAIN (Try again)
24249 1784070443.491544 recvfrom(38, 0x7ff90a9f80, 3200, MSG_DONTWAIT, NULL, NULL) = -1 EAGAIN (Try again)
24271 1784070443.499102 recvfrom(42, 0x716ad86eb0, 3200, MSG_DONTWAIT, NULL, NULL) = -1 EAGAIN (Try again)
24271 1784070443.504584 recvfrom(42,  <unfinished ...>
24249 1784070443.504618 recvfrom(38, "nysv\0\0\0\0\0\0\0\0\0\0\0\0\36O\204\37H\1\0\0\17G\1\0\0\0\0\0", 3200, MSG_DONTWAIT, NULL, NULL) = 32
24271 1784070443.504815 <... recvfrom resumed> "nysv\0\0\0\0\0\0\0\0\0\0\0\0\36O\204\37H\1\0\0\17G\1\0\0\0\0\0", 3200, MSG_DONTWAIT, NULL, NULL) = 32
24271 1784070443.504934 recvfrom(42,  <unfinished ...>
24249 1784070443.504944 recvfrom(38,  <unfinished ...>
24271 1784070443.505028 <... recvfrom resumed> 0x716ad86c80, 3200, MSG_DONTWAIT, NULL, NULL) = -1 EAGAIN (Try again)
24249 1784070443.505039 <... recvfrom resumed> 0x7ff90aa020, 3200, MSG_DONTWAIT, NULL, NULL) = -1 EAGAIN (Try again)
24249 1784070443.505576 recvfrom(38, 0x7ff90a9f80, 3200, MSG_DONTWAIT, NULL, NULL) = -1 EAGAIN (Try again)
24271 1784070443.514324 recvfrom(42, 0x716ad86eb0, 3200, MSG_DONTWAIT, NULL, NULL) = -1 EAGAIN (Try again)
24271 1784070443.521910 recvfrom(42,  <unfinished ...>
24249 1784070443.521951 recvfrom(38, "nysv\0\0\0\0\0\0\0\0\0\0\0\0\301B\202 H\1\0\0\20G\1\0\0\0\0\0", 3200, MSG_DONTWAIT, NULL, NULL) = 32
24249 1784070443.522227 recvfrom(38,  <unfinished ...>
24271 1784070443.522351 <... recvfrom resumed> "nysv\0\0\0\0\0\0\0\0\0\0\0\0\301B\202 H\1\0\0\20G\1\0\0\0\0\0", 3200, MSG_DONTWAIT, NULL, NULL) = 32
24249 1784070443.522370 <... recvfrom resumed> 0x7ff90aa020, 3200, MSG_DONTWAIT, NULL, NULL) = -1 EAGAIN (Try again)
24271 1784070443.522458 recvfrom(42, 0x716ad86c80, 3200, MSG_DONTWAIT, NULL, NULL) = -1 EAGAIN (Try again)
24249 1784070443.524239 recvfrom(38, 0x7ff90a9f80, 3200, MSG_DONTWAIT, NULL, NULL) = -1 EAGAIN (Try again)
24271 1784070443.532953 recvfrom(42, 0x716ad86eb0, 3200, MSG_DONTWAIT, NULL, NULL) = -1 EAGAIN (Try again)
24249 1784070443.537538 recvfrom(38, "nysv\0\0\0\0\0\0\0\0\0\0\0\0\247y\200!H\1\0\0\21G\1\0\0\0\0\0", 3200, MSG_DONTWAIT, NULL, NULL) = 32
24271 1784070443.537795 recvfrom(42,  <unfinished ...>
24249 1784070443.537819 recvfrom(38,  <unfinished ...>
24271 1784070443.537931 <... recvfrom resumed> "nysv\0\0\0\0\0\0\0\0\0\0\0\0\247y\200!H\1\0\0\21G\1\0\0\0\0\0", 3200, MSG_DONTWAIT, NULL, NULL) = 32
24249 1784070443.537947 <... recvfrom resumed> 0x7ff90aa020, 3200, MSG_DONTWAIT, NULL, NULL) = -1 EAGAIN (Try again)
24271 1784070443.538040 recvfrom(42, 0x716ad86c80, 3200, MSG_DONTWAIT, NULL, NULL) = -1 EAGAIN (Try again)
24249 1784070443.538508 recvfrom(38, 0x7ff90a9f80, 3200, MSG_DONTWAIT, NULL, NULL) = -1 EAGAIN (Try again)
24271 1784070443.547517 recvfrom(42, 0x716ad86eb0, 3200, MSG_DONTWAIT, NULL, NULL) = -1 EAGAIN (Try again)
24249 1784070443.554561 recvfrom(38, "nysv\0\0\0\0\0\0\0\0\0\0\0\0\321\311~\"H\1\0\0\22G\1\0\0\0\0\0", 3200, MSG_DONTWAIT, NULL, NULL) = 32
24271 1784070443.554791 recvfrom(42, "nysv\0\0\0\0\0\0\0\0\0\0\0\0\321\311~\"H\1\0\0\22G\1\0\0\0\0\0", 3200, MSG_DONTWAIT, NULL, NULL) = 32
24249 1784070443.554892 recvfrom(38,  <unfinished ...>
24271 1784070443.554983 recvfrom(42,  <unfinished ...>
24249 1784070443.554994 <... recvfrom resumed> 0x7ff90aa020, 3200, MSG_DONTWAIT, NULL, NULL) = -1 EAGAIN (Try again)
24271 1784070443.555243 <... recvfrom resumed> 0x716ad86c80, 3200, MSG_DONTWAIT, NULL, NULL) = -1 EAGAIN (Try again)
24249 1784070443.555733 recvfrom(38, 0x7ff90a9f80, 3200, MSG_DONTWAIT, NULL, NULL) = -1 EAGAIN (Try again)
24271 1784070443.564270 recvfrom(42, 0x716ad86eb0, 3200, MSG_DONTWAIT, NULL, NULL) = -1 EAGAIN (Try again)
24249 1784070443.570204 recvfrom(38, "nysv\0\0\0\0\0\0\0\0\0\0\0\0\373\31}#H\1\0\0\23G\1\0\0\0\0\0", 3200, MSG_DONTWAIT, NULL, NULL) = 32
24271 1784070443.570572 recvfrom(42,  <unfinished ...>
24249 1784070443.570688 recvfrom(38,  <unfinished ...>
24271 1784070443.570699 <... recvfrom resumed> "nysv\0\0\0\0\0\0\0\0\0\0\0\0\373\31}#H\1\0\0\23G\1\0\0\0\0\0", 3200, MSG_DONTWAIT, NULL, NULL) = 32
24271 1784070443.570820 recvfrom(42,  <unfinished ...>
24249 1784070443.570830 <... recvfrom resumed> 0x7ff90aa020, 3200, MSG_DONTWAIT, NULL, NULL) = -1 EAGAIN (Try again)
24271 1784070443.570929 <... recvfrom resumed> 0x716ad86c80, 3200, MSG_DONTWAIT, NULL, NULL) = -1 EAGAIN (Try again)
24249 1784070443.571463 recvfrom(38, 0x7ff90a9f80, 3200, MSG_DONTWAIT, NULL, NULL) = -1 EAGAIN (Try again)
24271 1784070443.580352 recvfrom(42, 0x716ad86eb0, 3200, MSG_DONTWAIT, NULL, NULL) = -1 EAGAIN (Try again)
24249 1784070443.588844 recvfrom(38,  <unfinished ...>
24271 1784070443.588997 recvfrom(42,  <unfinished ...>
24249 1784070443.589008 <... recvfrom resumed> "nysv\0\0\0\0\0\0\0\0\0\0\0\0\317\373z$H\1\0\0\24G\1\0\0\0\0\0", 3200, MSG_DONTWAIT, NULL, NULL) = 32
24249 1784070443.589127 recvfrom(38, 0x7ff90aa020, 3200, MSG_DONTWAIT, NULL, NULL) = -1 EAGAIN (Try again)
24271 1784070443.589287 <... recvfrom resumed> "nysv\0\0\0\0\0\0\0\0\0\0\0\0\317\373z$H\1\0\0\24G\1\0\0\0\0\0", 3200, MSG_DONTWAIT, NULL, NULL) = 32
24271 1784070443.589437 recvfrom(42, 0x716ad86c80, 3200, MSG_DONTWAIT, NULL, NULL) = -1 EAGAIN (Try again)
24271 1784070443.603934 recvfrom(42, "nysv\0\0\0\0\0\0\0\0\0\0\0\0\331Cy%H\1\0\0\25G\1\0\0\0\0\0", 3200, MSG_DONTWAIT, NULL, NULL) = 32
24271 1784070443.604279 recvfrom(42, 0x716ad86c80, 3200, MSG_DONTWAIT, NULL, NULL) = -1 EAGAIN (Try again)
24644 1784070443.755726 sendmsg(71, {msg_name=NULL, msg_namelen=0, msg_iov=[{iov_base="l\1\1\1\344\0\0\0\237\0\0\0\235\0\0\0\1\1o\0;\0\0\0/re/frid"..., iov_len=404}], msg_iovlen=1, msg_controllen=0, msg_flags=0}, MSG_NOSIGNAL) = 404
24644 1784070444.077164 sendmsg(71, {msg_name=NULL, msg_namelen=0, msg_iov=[{iov_base="l\1\1\1\344\0\0\0\240\0\0\0\235\0\0\0\1\1o\0;\0\0\0/re/frid"..., iov_len=404}], msg_iovlen=1, msg_controllen=0, msg_flags=0}, MSG_NOSIGNAL) = 404
24249 1784070444.081084 recvfrom(38, 0x7ff90a9de0, 3200, MSG_DONTWAIT, NULL, NULL) = -1 EAGAIN (Try again)
24249 1784070444.086547 recvfrom(38, "nysv\0\0\0\0\0\0\0\0\0\0\0\0+NHBH\1\0\0002G\1\0\0\0\0\0", 3200, MSG_DONTWAIT, NULL, NULL) = 32
24249 1784070444.086822 recvfrom(38, 0x7ff90aa020, 3200, MSG_DONTWAIT, NULL, NULL) = -1 EAGAIN (Try again)
24249 1784070444.087397 recvfrom(61, 0x71fb447820, 2272, MSG_DONTWAIT, NULL, NULL) = -1 EAGAIN (Try again)
24644 1784070444.845907 sendmsg(71, {msg_name=NULL, msg_namelen=0, msg_iov=[{iov_base="l\1\1\1\344\0\0\0\241\0\0\0\235\0\0\0\1\1o\0;\0\0\0/re/frid"..., iov_len=404}], msg_iovlen=1, msg_controllen=0, msg_flags=0}, MSG_NOSIGNAL) = 404
24644 1784070445.760755 sendmsg(71, {msg_name=NULL, msg_namelen=0, msg_iov=[{iov_base="l\1\1\1\344\0\0\0\242\0\0\0\235\0\0\0\1\1o\0;\0\0\0/re/frid"..., iov_len=404}], msg_iovlen=1, msg_controllen=0, msg_flags=0}, MSG_NOSIGNAL) = 404
24644 1784070446.095263 sendmsg(71, {msg_name=NULL, msg_namelen=0, msg_iov=[{iov_base="l\1\1\1\344\0\0\0\243\0\0\0\235\0\0\0\1\1o\0;\0\0\0/re/frid"..., iov_len=404}], msg_iovlen=1, msg_controllen=0, msg_flags=0}, MSG_NOSIGNAL) = 404
24249 1784070446.097903 recvfrom(38, 0x7ff90a9de0, 3200, MSG_DONTWAIT, NULL, NULL) = -1 EAGAIN (Try again)
24249 1784070446.103016 recvfrom(38, "nysv\0\0\0\0\0\0\0\0\0\0\0\0\315[|\272H\1\0\0\253G\1\0\0\0\0\0", 3200, MSG_DONTWAIT, NULL, NULL) = 32
24249 1784070446.103367 recvfrom(38, 0x7ff90aa020, 3200, MSG_DONTWAIT, NULL, NULL) = -1 EAGAIN (Try again)
24249 1784070446.103989 recvfrom(61, 0x71fb447820, 2272, MSG_DONTWAIT, NULL, NULL) = -1 EAGAIN (Try again)
24644 1784070446.858036 sendmsg(71, {msg_name=NULL, msg_namelen=0, msg_iov=[{iov_base="l\1\1\1\344\0\0\0\244\0\0\0\235\0\0\0\1\1o\0;\0\0\0/re/frid"..., iov_len=404}], msg_iovlen=1, msg_controllen=0, msg_flags=0}, MSG_NOSIGNAL) = 404
24249 1784070447.224507 recvfrom(61, "\2\0\0\0\0\0\0\0\23\10\0\0\0\0\0\0\300\257M\375H\1\0\0\1\0\0\0\2\20\0\0"..., 2272, MSG_DONTWAIT, NULL, NULL) = 232
24249 1784070447.224747 recvfrom(38, 0x7ff90a82b0, 3200, MSG_DONTWAIT, NULL, NULL) = -1 EAGAIN (Try again)
24249 1784070447.225377 sendto(61, "\3\0\0\0\0\0\0\0\23\10\0\0\1\0\0\0", 16, MSG_DONTWAIT|MSG_NOSIGNAL, NULL, 0) = 16
24249 1784070447.225761 recvfrom(61, "\2\0\0\0\0\0\0\0\25\10\0\0\0\0\0\0\300\257M\375H\1\0\0\1\0\0\0\2\20\0\0"..., 2272, MSG_DONTWAIT, NULL, NULL) = 232
24249 1784070447.225989 sendto(61, "\3\0\0\0\0\0\0\0\25\10\0\0\1\0\0\0", 16, MSG_DONTWAIT|MSG_NOSIGNAL, NULL, 0) = 16
24249 1784070447.226185 recvfrom(61, 0x71fb447820, 2272, MSG_DONTWAIT, NULL, NULL) = -1 EAGAIN (Try again)
24249 1784070447.237355 recvfrom(38, "nysv\0\0\0\0\0\0\0\0\0\0\0\0\206|\n\376H\1\0\0\357G\1\0\0\0\0\0", 3200, MSG_DONTWAIT, NULL, NULL) = 32
24249 1784070447.237490 recvfrom(38, 0x7ff90aa020, 3200, MSG_DONTWAIT, NULL, NULL) = -1 EAGAIN (Try again)
24249 1784070447.237794 recvfrom(61, 0x71fb447820, 2272, MSG_DONTWAIT, NULL, NULL) = -1 EAGAIN (Try again)
24249 1784070447.237950 recvfrom(38, 0x7ff90a9f80, 3200, MSG_DONTWAIT, NULL, NULL) = -1 EAGAIN (Try again)
24644 1784070447.246806 sendmsg(71, {msg_name=NULL, msg_namelen=0, msg_iov=[{iov_base="l\1\1\1\310\0\0\0\245\0\0\0\235\0\0\0\1\1o\0;\0\0\0/re/frid"..., iov_len=376}], msg_iovlen=1, msg_controllen=0, msg_flags=0}, MSG_NOSIGNAL) = 376
24271 1784070447.248871 recvfrom(42, 0x716ad86eb0, 3200, MSG_DONTWAIT, NULL, NULL) = -1 EAGAIN (Try again)
24271 1784070447.249811 recvfrom(42, 0x716ad86eb0, 3200, MSG_DONTWAIT, NULL, NULL) = -1 EAGAIN (Try again)
24644 1784070447.250935 sendmsg(71, {msg_name=NULL, msg_namelen=0, msg_iov=[{iov_base="l\1\1\1H\1\0\0\246\0\0\0\235\0\0\0\1\1o\0;\0\0\0/re/frid"..., iov_len=504}], msg_iovlen=1, msg_controllen=0, msg_flags=0}, MSG_NOSIGNAL) = 504
24271 1784070447.252496 recvfrom(42, "nysv\0\0\0\0\0\0\0\0\0\0\0\0\271m\t\377H\1\0\0\360G\1\0\0\0\0\0", 3200, MSG_DONTWAIT, NULL, NULL) = 32
24271 1784070447.253409 recvfrom(42, 0x716ad86c80, 3200, MSG_DONTWAIT, NULL, NULL) = -1 EAGAIN (Try again)
24249 1784070447.259839 recvfrom(38, "nysv\0\0\0\0\0\0\0\0\0\0\0\0\271m\t\377H\1\0\0\360G\1\0\0\0\0\0", 3200, MSG_DONTWAIT, NULL, NULL) = 32
24249 1784070447.260171 recvfrom(38, 0x7ff90aa020, 3200, MSG_DONTWAIT, NULL, NULL) = -1 EAGAIN (Try again)
24249 1784070447.261764 recvfrom(61, 0x71fb447820, 2272, MSG_DONTWAIT, NULL, NULL) = -1 EAGAIN (Try again)
24249 1784070447.261965 recvfrom(38, 0x7ff90a9f80, 3200, MSG_DONTWAIT, NULL, NULL) = -1 EAGAIN (Try again)
24271 1784070447.267634 recvfrom(42, 0x716ad86eb0, 3200, MSG_DONTWAIT, NULL, NULL) = -1 EAGAIN (Try again)
24271 1784070447.268597 recvfrom(42, 0x716ad86eb0, 3200, MSG_DONTWAIT, NULL, NULL) = -1 EAGAIN (Try again)
24271 1784070447.269232 recvfrom(42, "nysv\0\0\0\0\0\0\0\0\0\0\0\0\230\10\10\0I\1\0\0\361G\1\0\0\0\0\0", 3200, MSG_DONTWAIT, NULL, NULL) = 32
24249 1784070447.269719 recvfrom(38,  <unfinished ...>
24271 1784070447.269822 recvfrom(42,  <unfinished ...>
24249 1784070447.269840 <... recvfrom resumed> "nysv\0\0\0\0\0\0\0\0\0\0\0\0\230\10\10\0I\1\0\0\361G\1\0\0\0\0\0", 3200, MSG_DONTWAIT, NULL, NULL) = 32
24271 1784070447.269939 <... recvfrom resumed> 0x716ad86c80, 3200, MSG_DONTWAIT, NULL, NULL) = -1 EAGAIN (Try again)
24249 1784070447.269951 recvfrom(38, 0x7ff90aa020, 3200, MSG_DONTWAIT, NULL, NULL) = -1 EAGAIN (Try again)
24644 1784070447.281436 sendmsg(71, {msg_name=NULL, msg_namelen=0, msg_iov=[{iov_base="l\1\1\1\344\0\0\0\247\0\0\0\235\0\0\0\1\1o\0;\0\0\0/re/frid"..., iov_len=404}], msg_iovlen=1, msg_controllen=0, msg_flags=0}, MSG_NOSIGNAL) = 404
24271 1784070447.286597 recvfrom(42, "nysv\0\0\0\0\0\0\0\0\0\0\0\0O\244\6\1I\1\0\0\362G\1\0\0\0\0\0", 3200, MSG_DONTWAIT, NULL, NULL) = 32
24271 1784070447.288392 recvfrom(42, 0x716ad86eb0, 3200, MSG_DONTWAIT, NULL, NULL) = -1 EAGAIN (Try again)
24644 1784070447.291870 sendmsg(71, {msg_name=NULL, msg_namelen=0, msg_iov=[{iov_base="l\1\1\1\334\0\0\0\250\0\0\0\235\0\0\0\1\1o\0;\0\0\0/re/frid"..., iov_len=396}], msg_iovlen=1, msg_controllen=0, msg_flags=0}, MSG_NOSIGNAL) = 396
24644 1784070447.293284 sendmsg(71, {msg_name=NULL, msg_namelen=0, msg_iov=[{iov_base="l\1\1\1\350\0\0\0\251\0\0\0\235\0\0\0\1\1o\0;\0\0\0/re/frid"..., iov_len=408}], msg_iovlen=1, msg_controllen=0, msg_flags=0}, MSG_NOSIGNAL) = 408
24644 1784070447.296108 sendmsg(71, {msg_name=NULL, msg_namelen=0, msg_iov=[{iov_base="l\1\1\1\354\0\0\0\252\0\0\0\235\0\0\0\1\1o\0;\0\0\0/re/frid"..., iov_len=412}], msg_iovlen=1, msg_controllen=0, msg_flags=0}, MSG_NOSIGNAL) = 412
24249 1784070447.300547 faccessat(AT_FDCWD, "/data/user/0/barilyuk.batterytemperature/shared_prefs/MyPrefs.xml", F_OK) = 0
24249 1784070447.301006 faccessat(AT_FDCWD, "/data/user/0/barilyuk.batterytemperature/shared_prefs/MyPrefs.xml.bak", F_OK) = -1 ENOENT (No such file or directory)
24249 1784070447.301531 renameat(AT_FDCWD, "/data/user/0/barilyuk.batterytemperature/shared_prefs/MyPrefs.xml", AT_FDCWD, "/data/user/0/barilyuk.batterytemperature/shared_prefs/MyPrefs.xml.bak") = 0
24249 1784070447.301823 openat(AT_FDCWD, "/data/user/0/barilyuk.batterytemperature/shared_prefs/MyPrefs.xml", O_WRONLY|O_CREAT|O_TRUNC, 0600) = 56
24271 1784070447.309705 recvfrom(42,  <unfinished ...>
24249 1784070447.309721 getsockopt(56, SOL_SOCKET, SO_ERROR,  <unfinished ...>
24271 1784070447.309752 <... recvfrom resumed> "nysv\0\0\0\0\0\0\0\0\0\0\0\0\241@\5\2I\1\0\0\363G\1\0\0\0\0\0", 3200, MSG_DONTWAIT, NULL, NULL) = 32
24249 1784070447.309780 <... getsockopt resumed> 0x7ff90aabe4, [4]) = -1 ENOTSOCK (Socket operation on non-socket)
24271 1784070447.309868 recvfrom(42, 0x716ad86eb0, 3200, MSG_DONTWAIT, NULL, NULL) = -1 EAGAIN (Try again)
24249 1784070447.310070 fchmodat(AT_FDCWD, "/data/user/0/barilyuk.batterytemperature/shared_prefs/MyPrefs.xml", 0660) = 0
24249 1784070447.310289 newfstatat(AT_FDCWD, "/data/user/0/barilyuk.batterytemperature/shared_prefs/MyPrefs.xml", {st_mode=S_IFREG|0660, st_size=312, ...}, 0) = 0
24644 1784070447.313796 sendmsg(71, {msg_name=NULL, msg_namelen=0, msg_iov=[{iov_base="l\1\1\1\20\1\0\0\253\0\0\0\235\0\0\0\1\1o\0;\0\0\0/re/frid"..., iov_len=448}], msg_iovlen=1, msg_controllen=0, msg_flags=0}, MSG_NOSIGNAL) = 448
24249 1784070447.314335 unlinkat(AT_FDCWD, "/data/user/0/barilyuk.batterytemperature/shared_prefs/MyPrefs.xml.bak", 0) = 0
24249 1784070447.316236 recvfrom(61, 0x71fb447820, 2272, MSG_DONTWAIT, NULL, NULL) = -1 EAGAIN (Try again)
24249 1784070447.316464 recvfrom(38, 0x7ff90a9f80, 3200, MSG_DONTWAIT, NULL, NULL) = -1 EAGAIN (Try again)
24271 1784070447.321846 recvfrom(42, "nysv\0\0\0\0\0\0\0\0\0\0\0\0\313\220\3\3I\1\0\0\364G\1\0\0\0\0\0", 3200, MSG_DONTWAIT, NULL, NULL) = 32
24271 1784070447.322008 recvfrom(42, 0x716ad86eb0, 3200, MSG_DONTWAIT, NULL, NULL) = -1 EAGAIN (Try again)
24249 1784070447.323794 recvfrom(38, "nysv\0\0\0\0\0\0\0\0\0\0\0\0\313\220\3\3I\1\0\0\364G\1\0\0\0\0\0", 3200, MSG_DONTWAIT, NULL, NULL) = 32
24249 1784070447.324156 recvfrom(38, 0x7ff90aa020, 3200, MSG_DONTWAIT, NULL, NULL) = -1 EAGAIN (Try again)
24249 1784070447.325130 recvfrom(38, 0x7ff90a9f80, 3200, MSG_DONTWAIT, NULL, NULL) = -1 EAGAIN (Try again)
24249 1784070447.335953 recvfrom(38, "nysv\0\0\0\0\0\0\0\0\0\0\0\0\322&\2\4I\1\0\0\365G\1\0\0\0\0\0", 3200, MSG_DONTWAIT, NULL, NULL) = 32
24249 1784070447.336244 recvfrom(38, 0x7ff90aa020, 3200, MSG_DONTWAIT, NULL, NULL) = -1 EAGAIN (Try again)
24249 1784070447.336731 recvfrom(38, 0x7ff90a9f80, 3200, MSG_DONTWAIT, NULL, NULL) = -1 EAGAIN (Try again)
24271 1784070447.341172 recvfrom(42, "nysv\0\0\0\0\0\0\0\0\0\0\0\0\322&\2\4I\1\0\0\365G\1\0\0\0\0\0", 3200, MSG_DONTWAIT, NULL, NULL) = 32
24271 1784070447.341469 recvfrom(42, 0x716ad86c80, 3200, MSG_DONTWAIT, NULL, NULL) = -1 EAGAIN (Try again)
24271 1784070447.341707 recvfrom(42, 0x716ad86eb0, 3200, MSG_DONTWAIT, NULL, NULL) = -1 EAGAIN (Try again)
24271 1784070447.353869 recvfrom(42, "nysv\0\0\0\0\0\0\0\0\0\0\0\0\220v\0\5I\1\0\0\366G\1\0\0\0\0\0", 3200, MSG_DONTWAIT, NULL, NULL) = 32
24271 1784070447.353884 recvfrom(42, 0x716ad86c80, 3200, MSG_DONTWAIT, NULL, NULL) = -1 EAGAIN (Try again)
24249 1784070447.353904 recvfrom(38, "nysv\0\0\0\0\0\0\0\0\0\0\0\0\220v\0\5I\1\0\0\366G\1\0\0\0\0\0", 3200, MSG_DONTWAIT, NULL, NULL) = 32
24249 1784070447.354262 recvfrom(38, 0x7ff90aa020, 3200, MSG_DONTWAIT, NULL, NULL) = -1 EAGAIN (Try again)
24249 1784070447.354868 recvfrom(38, 0x7ff90a9f80, 3200, MSG_DONTWAIT, NULL, NULL) = -1 EAGAIN (Try again)
24271 1784070447.362167 recvfrom(42, 0x716ad86eb0, 3200, MSG_DONTWAIT, NULL, NULL) = -1 EAGAIN (Try again)
24271 1784070447.369669 recvfrom(42, "nysv\0\0\0\0\0\0\0\0\0\0\0\0\272\306\376\5I\1\0\0\367G\1\0\0\0\0\0", 3200, MSG_DONTWAIT, NULL, NULL) = 32
24271 1784070447.369693 recvfrom(42, 0x716ad86c80, 3200, MSG_DONTWAIT, NULL, NULL) = -1 EAGAIN (Try again)
24249 1784070447.370028 recvfrom(38, "nysv\0\0\0\0\0\0\0\0\0\0\0\0\272\306\376\5I\1\0\0\367G\1\0\0\0\0\0", 3200, MSG_DONTWAIT, NULL, NULL) = 32
24249 1784070447.370246 recvfrom(38, 0x7ff90aa020, 3200, MSG_DONTWAIT, NULL, NULL) = -1 EAGAIN (Try again)
24249 1784070447.370938 recvfrom(38, 0x7ff90a9f80, 3200, MSG_DONTWAIT, NULL, NULL) = -1 EAGAIN (Try again)
24271 1784070447.377498 recvfrom(42, 0x716ad86eb0, 3200, MSG_DONTWAIT, NULL, NULL) = -1 EAGAIN (Try again)
24271 1784070447.387809 recvfrom(42, "nysv\0\0\0\0\0\0\0\0\0\0\0\0H\340\374\6I\1\0\0\370G\1\0\0\0\0\0", 3200, MSG_DONTWAIT, NULL, NULL) = 32
24271 1784070447.387829 recvfrom(42, 0x716ad86c80, 3200, MSG_DONTWAIT, NULL, NULL) = -1 EAGAIN (Try again)
24249 1784070447.388032 recvfrom(38, "nysv\0\0\0\0\0\0\0\0\0\0\0\0H\340\374\6I\1\0\0\370G\1\0\0\0\0\0", 3200, MSG_DONTWAIT, NULL, NULL) = 32
24249 1784070447.388352 recvfrom(38, 0x7ff90aa020, 3200, MSG_DONTWAIT, NULL, NULL) = -1 EAGAIN (Try again)
24249 1784070447.388657 recvfrom(38, 0x7ff90a9f80, 3200, MSG_DONTWAIT, NULL, NULL) = -1 EAGAIN (Try again)
24271 1784070447.396464 recvfrom(42, 0x716ad86eb0, 3200, MSG_DONTWAIT, NULL, NULL) = -1 EAGAIN (Try again)
24271 1784070447.402534 recvfrom(42, "nysv\0\0\0\0\0\0\0\0\0\0\0\0\313w\373\7I\1\0\0\371G\1\0\0\0\0\0", 3200, MSG_DONTWAIT, NULL, NULL) = 32
24271 1784070447.402550 recvfrom(42, 0x716ad86c80, 3200, MSG_DONTWAIT, NULL, NULL) = -1 EAGAIN (Try again)
24249 1784070447.403082 recvfrom(38, "nysv\0\0\0\0\0\0\0\0\0\0\0\0\313w\373\7I\1\0\0\371G\1\0\0\0\0\0", 3200, MSG_DONTWAIT, NULL, NULL) = 32
24249 1784070447.403435 recvfrom(38, 0x7ff90aa020, 3200, MSG_DONTWAIT, NULL, NULL) = -1 EAGAIN (Try again)
24271 1784070447.410734 recvfrom(42, 0x716ad86eb0, 3200, MSG_DONTWAIT, NULL, NULL) = -1 EAGAIN (Try again)
24249 1784070447.410753 recvfrom(38, 0x7ff90a9f80, 3200, MSG_DONTWAIT, NULL, NULL) = -1 EAGAIN (Try again)
24271 1784070447.420229 recvfrom(42, "nysv\0\0\0\0\0\0\0\0\0\0\0\0\365\307\371\10I\1\0\0\372G\1\0\0\0\0\0", 3200, MSG_DONTWAIT, NULL, NULL) = 32
24271 1784070447.420256 recvfrom(42, 0x716ad86c80, 3200, MSG_DONTWAIT, NULL, NULL) = -1 EAGAIN (Try again)
24249 1784070447.420484 recvfrom(38, "nysv\0\0\0\0\0\0\0\0\0\0\0\0\365\307\371\10I\1\0\0\372G\1\0\0\0\0\0", 3200, MSG_DONTWAIT, NULL, NULL) = 32
24249 1784070447.420758 recvfrom(38, 0x7ff90aa020, 3200, MSG_DONTWAIT, NULL, NULL) = -1 EAGAIN (Try again)
24249 1784070447.421085 recvfrom(38, 0x7ff90a9f80, 3200, MSG_DONTWAIT, NULL, NULL) = -1 EAGAIN (Try again)
24271 1784070447.428955 recvfrom(42, 0x716ad86eb0, 3200, MSG_DONTWAIT, NULL, NULL) = -1 EAGAIN (Try again)
24271 1784070447.437421 recvfrom(42, "nysv\0\0\0\0\0\0\0\0\0\0\0\0\37\30\370\tI\1\0\0\373G\1\0\0\0\0\0", 3200, MSG_DONTWAIT, NULL, NULL) = 32
24271 1784070447.437537 recvfrom(42, 0x716ad86c80, 3200, MSG_DONTWAIT, NULL, NULL) = -1 EAGAIN (Try again)
24249 1784070447.437807 recvfrom(38, "nysv\0\0\0\0\0\0\0\0\0\0\0\0\37\30\370\tI\1\0\0\373G\1\0\0\0\0\0", 3200, MSG_DONTWAIT, NULL, NULL) = 32
24249 1784070447.438003 recvfrom(38, 0x7ff90aa020, 3200, MSG_DONTWAIT, NULL, NULL) = -1 EAGAIN (Try again)
24249 1784070447.438275 recvfrom(38,  <unfinished ...>
24271 1784070447.445021 recvfrom(42, 0x716ad86eb0, 3200, MSG_DONTWAIT, NULL, NULL) = -1 EAGAIN (Try again)
24249 1784070447.445034 <... recvfrom resumed> 0x7ff90a9f80, 3200, MSG_DONTWAIT, NULL, NULL) = -1 EAGAIN (Try again)
24271 1784070447.453702 recvfrom(42, "nysv\0\0\0\0\0\0\0\0\0\0\0\0Ih\366\nI\1\0\0\374G\1\0\0\0\0\0", 3200, MSG_DONTWAIT, NULL, NULL) = 32
24271 1784070447.453723 recvfrom(42, 0x716ad86c80, 3200, MSG_DONTWAIT, NULL, NULL) = -1 EAGAIN (Try again)
24249 1784070447.454052 recvfrom(38, "nysv\0\0\0\0\0\0\0\0\0\0\0\0Ih\366\nI\1\0\0\374G\1\0\0\0\0\0", 3200, MSG_DONTWAIT, NULL, NULL) = 32
24249 1784070447.454282 recvfrom(38, 0x7ff90aa020, 3200, MSG_DONTWAIT, NULL, NULL) = -1 EAGAIN (Try again)
24249 1784070447.454565 recvfrom(38,  <unfinished ...>
24271 1784070447.461677 recvfrom(42, 0x716ad86eb0, 3200, MSG_DONTWAIT, NULL, NULL) = -1 EAGAIN (Try again)
24249 1784070447.461690 <... recvfrom resumed> 0x7ff90a9f80, 3200, MSG_DONTWAIT, NULL, NULL) = -1 EAGAIN (Try again)
24271 1784070447.469760 recvfrom(42, "nysv\0\0\0\0\0\0\0\0\0\0\0\0\265\226\364\vI\1\0\0\375G\1\0\0\0\0\0", 3200, MSG_DONTWAIT, NULL, NULL) = 32
24271 1784070447.469864 recvfrom(42, 0x716ad86c80, 3200, MSG_DONTWAIT, NULL, NULL) = -1 EAGAIN (Try again)
24249 1784070447.470131 recvfrom(38, "nysv\0\0\0\0\0\0\0\0\0\0\0\0\265\226\364\vI\1\0\0\375G\1\0\0\0\0\0", 3200, MSG_DONTWAIT, NULL, NULL) = 32
24249 1784070447.470367 recvfrom(38, 0x7ff90aa020, 3200, MSG_DONTWAIT, NULL, NULL) = -1 EAGAIN (Try again)
24249 1784070447.470656 recvfrom(38, 0x7ff90a9f80, 3200, MSG_DONTWAIT, NULL, NULL) = -1 EAGAIN (Try again)
24271 1784070447.477131 recvfrom(42, 0x716ad86eb0, 3200, MSG_DONTWAIT, NULL, NULL) = -1 EAGAIN (Try again)
24271 1784070447.487199 recvfrom(42, "nysv\0\0\0\0\0\0\0\0\0\0\0\0\337\346\362\fI\1\0\0\376G\1\0\0\0\0\0", 3200, MSG_DONTWAIT, NULL, NULL) = 32
24271 1784070447.487220 recvfrom(42, 0x716ad86c80, 3200, MSG_DONTWAIT, NULL, NULL) = -1 EAGAIN (Try again)
24249 1784070447.487540 recvfrom(38, "nysv\0\0\0\0\0\0\0\0\0\0\0\0\337\346\362\fI\1\0\0\376G\1\0\0\0\0\0", 3200, MSG_DONTWAIT, NULL, NULL) = 32
24249 1784070447.487729 recvfrom(38, 0x7ff90aa020, 3200, MSG_DONTWAIT, NULL, NULL) = -1 EAGAIN (Try again)
24271 1784070447.494997 recvfrom(42, 0x716ad86eb0, 3200, MSG_DONTWAIT, NULL, NULL) = -1 EAGAIN (Try again)
24249 1784070447.495009 recvfrom(38, 0x7ff90a9f80, 3200, MSG_DONTWAIT, NULL, NULL) = -1 EAGAIN (Try again)
24271 1784070447.505927 recvfrom(42, "nysv\0\0\0\0\0\0\0\0\0\0\0\0m\250\360\rI\1\0\0\377G\1\0\0\0\0\0", 3200, MSG_DONTWAIT, NULL, NULL) = 32
24271 1784070447.505944 recvfrom(42, 0x716ad86c80, 3200, MSG_DONTWAIT, NULL, NULL) = -1 EAGAIN (Try again)
24271 1784070447.514225 recvfrom(42, 0x716ad86eb0, 3200, MSG_DONTWAIT, NULL, NULL) = -1 EAGAIN (Try again)
24249 1784070447.514363 recvfrom(38, "nysv\0\0\0\0\0\0\0\0\0\0\0\0m\250\360\rI\1\0\0\377G\1\0\0\0\0\0", 3200, MSG_DONTWAIT, NULL, NULL) = 32
24249 1784070447.514539 recvfrom(38, 0x7ff90aa020, 3200, MSG_DONTWAIT, NULL, NULL) = -1 EAGAIN (Try again)
24249 1784070447.514866 recvfrom(38, 0x7ff90a9f80, 3200, MSG_DONTWAIT, NULL, NULL) = -1 EAGAIN (Try again)
24271 1784070447.521074 recvfrom(42, "nysv\0\0\0\0\0\0\0\0\0\0\0\0\227\370\356\16I\1\0\0\0H\1\0\200\0\0\0", 3200, MSG_DONTWAIT, NULL, NULL) = 32
24271 1784070447.521090 recvfrom(42, 0x716ad86c80, 3200, MSG_DONTWAIT, NULL, NULL) = -1 EAGAIN (Try again)
24249 1784070447.521268 recvfrom(38, "nysv\0\0\0\0\0\0\0\0\0\0\0\0\227\370\356\16I\1\0\0\0H\1\0\200\0\0\0", 3200, MSG_DONTWAIT, NULL, NULL) = 32
24249 1784070447.521614 recvfrom(38, 0x7ff90aa020, 3200, MSG_DONTWAIT, NULL, NULL) = -1 EAGAIN (Try again)
24249 1784070447.521928 recvfrom(38, 0x7ff90a9f80, 3200, MSG_DONTWAIT, NULL, NULL) = -1 EAGAIN (Try again)
24271 1784070447.528815 recvfrom(42, 0x716ad86eb0, 3200, MSG_DONTWAIT, NULL, NULL) = -1 EAGAIN (Try again)
24271 1784070447.537427 recvfrom(42, "nysv\0\0\0\0\0\0\0\0\0\0\0\0{0\355\17I\1\0\0\1H\1\0\0\0\0\0", 3200, MSG_DONTWAIT, NULL, NULL) = 32
24271 1784070447.537442 recvfrom(42, 0x716ad86c80, 3200, MSG_DONTWAIT, NULL, NULL) = -1 EAGAIN (Try again)
24249 1784070447.537704 recvfrom(38, "nysv\0\0\0\0\0\0\0\0\0\0\0\0{0\355\17I\1\0\0\1H\1\0\0\0\0\0", 3200, MSG_DONTWAIT, NULL, NULL) = 32
24249 1784070447.538001 recvfrom(38, 0x7ff90aa020, 3200, MSG_DONTWAIT, NULL, NULL) = -1 EAGAIN (Try again)
24249 1784070447.538374 recvfrom(38, 0x7ff90a9f80, 3200, MSG_DONTWAIT, NULL, NULL) = -1 EAGAIN (Try again)
24271 1784070447.545135 recvfrom(42, 0x716ad86eb0, 3200, MSG_DONTWAIT, NULL, NULL) = -1 EAGAIN (Try again)
24271 1784070447.553724 recvfrom(42, "nysv\0\0\0\0\0\0\0\0\0\0\0\0\245\200\353\20I\1\0\0\2H\1\0\0\0\0\0", 3200, MSG_DONTWAIT, NULL, NULL) = 32
24271 1784070447.553743 recvfrom(42, 0x716ad86c80, 3200, MSG_DONTWAIT, NULL, NULL) = -1 EAGAIN (Try again)
24249 1784070447.553982 recvfrom(38, "nysv\0\0\0\0\0\0\0\0\0\0\0\0\245\200\353\20I\1\0\0\2H\1\0\0\0\0\0", 3200, MSG_DONTWAIT, NULL, NULL) = 32
24249 1784070447.554395 recvfrom(38, 0x7ff90aa020, 3200, MSG_DONTWAIT, NULL, NULL) = -1 EAGAIN (Try again)
24249 1784070447.554701 recvfrom(38, 0x7ff90a9f80, 3200, MSG_DONTWAIT, NULL, NULL) = -1 EAGAIN (Try again)
24271 1784070447.561503 recvfrom(42, 0x716ad86eb0, 3200, MSG_DONTWAIT, NULL, NULL) = -1 EAGAIN (Try again)
24271 1784070447.569774 recvfrom(42, "nysv\0\0\0\0\0\0\0\0\0\0\0\0\317\320\351\21I\1\0\0\3H\1\0\0\0\0\0", 3200, MSG_DONTWAIT, NULL, NULL) = 32
24271 1784070447.569790 recvfrom(42, 0x716ad86c80, 3200, MSG_DONTWAIT, NULL, NULL) = -1 EAGAIN (Try again)
24249 1784070447.569963 recvfrom(38, "nysv\0\0\0\0\0\0\0\0\0\0\0\0\317\320\351\21I\1\0\0\3H\1\0\0\0\0\0", 3200, MSG_DONTWAIT, NULL, NULL) = 32
24249 1784070447.570380 recvfrom(38, 0x7ff90aa020, 3200, MSG_DONTWAIT, NULL, NULL) = -1 EAGAIN (Try again)
24249 1784070447.570720 recvfrom(38, 0x7ff90a9f80, 3200, MSG_DONTWAIT, NULL, NULL) = -1 EAGAIN (Try again)
24271 1784070447.578628 recvfrom(42, 0x716ad86eb0, 3200, MSG_DONTWAIT, NULL, NULL) = -1 EAGAIN (Try again)
24271 1784070447.585930 recvfrom(42, "nysv\0\0\0\0\0\0\0\0\0\0\0\0r_\350\22I\1\0\0\4H\1\0\0\0\0\0", 3200, MSG_DONTWAIT, NULL, NULL) = 32
24271 1784070447.585947 recvfrom(42, 0x716ad86c80, 3200, MSG_DONTWAIT, NULL, NULL) = -1 EAGAIN (Try again)
24249 1784070447.586279 recvfrom(38, "nysv\0\0\0\0\0\0\0\0\0\0\0\0r_\350\22I\1\0\0\4H\1\0\0\0\0\0", 3200, MSG_DONTWAIT, NULL, NULL) = 32
24249 1784070447.586600 recvfrom(38, 0x7ff90aa020, 3200, MSG_DONTWAIT, NULL, NULL) = -1 EAGAIN (Try again)
24249 1784070447.586917 recvfrom(38, 0x7ff90a9f80, 3200, MSG_DONTWAIT, NULL, NULL) = -1 EAGAIN (Try again)
24271 1784070447.593612 recvfrom(42, 0x716ad86eb0, 3200, MSG_DONTWAIT, NULL, NULL) = -1 EAGAIN (Try again)
24271 1784070447.603207 recvfrom(42, "nysv\0\0\0\0\0\0\0\0\0\0\0\0\207\306\346\23I\1\0\0\5H\1\0\0\0\0\0", 3200, MSG_DONTWAIT, NULL, NULL) = 32
24271 1784070447.603370 recvfrom(42, 0x716ad86c80, 3200, MSG_DONTWAIT, NULL, NULL) = -1 EAGAIN (Try again)
24249 1784070447.603674 recvfrom(38, "nysv\0\0\0\0\0\0\0\0\0\0\0\0\207\306\346\23I\1\0\0\5H\1\0\0\0\0\0", 3200, MSG_DONTWAIT, NULL, NULL) = 32
24249 1784070447.603859 recvfrom(38, 0x7ff90aa020, 3200, MSG_DONTWAIT, NULL, NULL) = -1 EAGAIN (Try again)
24271 1784070447.610968 recvfrom(42, 0x716ad86eb0, 3200, MSG_DONTWAIT, NULL, NULL) = -1 EAGAIN (Try again)
24271 1784070447.622159 recvfrom(42, "nysv\0\0\0\0\0\0\0\0\0\0\0\0r\243\344\24I\1\0\0\6H\1\0\0\0\0\0", 3200, MSG_DONTWAIT, NULL, NULL) = 32
24271 1784070447.622177 recvfrom(42, 0x716ad86c80, 3200, MSG_DONTWAIT, NULL, NULL) = -1 EAGAIN (Try again)
24271 1784070447.630205 recvfrom(42, 0x716ad86eb0, 3200, MSG_DONTWAIT, NULL, NULL) = -1 EAGAIN (Try again)
24271 1784070447.637709 recvfrom(42, "nysv\0\0\0\0\0\0\0\0\0\0\0\0\234\363\342\25I\1\0\0\7H\1\0\0\0\0\0", 3200, MSG_DONTWAIT, NULL, NULL) = 32
24271 1784070447.637723 recvfrom(42, 0x716ad86c80, 3200, MSG_DONTWAIT, NULL, NULL) = -1 EAGAIN (Try again)
24271 1784070447.645555 recvfrom(42, 0x716ad86eb0, 3200, MSG_DONTWAIT, NULL, NULL) = -1 EAGAIN (Try again)
24271 1784070447.653690 recvfrom(42, "nysv\0\0\0\0\0\0\0\0\0\0\0\0\306C\341\26I\1\0\0\10H\1\0\0\0\0\0", 3200, MSG_DONTWAIT, NULL, NULL) = 32
24271 1784070447.653705 recvfrom(42, 0x716ad86c80, 3200, MSG_DONTWAIT, NULL, NULL) = -1 EAGAIN (Try again)
24271 1784070447.661304 recvfrom(42, 0x716ad86eb0, 3200, MSG_DONTWAIT, NULL, NULL) = -1 EAGAIN (Try again)
24271 1784070447.669644 recvfrom(42, "nysv\0\0\0\0\0\0\0\0\0\0\0\0\360\223\337\27I\1\0\0\tH\1\0\0\0\0\0", 3200, MSG_DONTWAIT, NULL, NULL) = 32
24271 1784070447.669662 recvfrom(42, 0x716ad86c80, 3200, MSG_DONTWAIT, NULL, NULL) = -1 EAGAIN (Try again)
24271 1784070447.678070 recvfrom(42, 0x716ad86eb0, 3200, MSG_DONTWAIT, NULL, NULL) = -1 EAGAIN (Try again)
24271 1784070447.686286 recvfrom(42, "nysv\0\0\0\0\0\0\0\0\0\0\0\0\32\344\335\30I\1\0\0\nH\1\0\0\0\0\0", 3200, MSG_DONTWAIT, NULL, NULL) = 32
24271 1784070447.686308 recvfrom(42, 0x716ad86c80, 3200, MSG_DONTWAIT, NULL, NULL) = -1 EAGAIN (Try again)
24271 1784070447.694139 recvfrom(42, 0x716ad86eb0, 3200, MSG_DONTWAIT, NULL, NULL) = -1 EAGAIN (Try again)
24271 1784070447.703296 recvfrom(42, "nysv\0\0\0\0\0\0\0\0\0\0\0\0D4\334\31I\1\0\0\vH\1\0\0\0\0\0", 3200, MSG_DONTWAIT, NULL, NULL) = 32
24271 1784070447.703310 recvfrom(42, 0x716ad86c80, 3200, MSG_DONTWAIT, NULL, NULL) = -1 EAGAIN (Try again)
24271 1784070447.711688 recvfrom(42, 0x716ad86eb0, 3200, MSG_DONTWAIT, NULL, NULL) = -1 EAGAIN (Try again)
24271 1784070447.719772 recvfrom(42, "nysv\0\0\0\0\0\0\0\0\0\0\0\0\220\242\332\32I\1\0\0\fH\1\0\0\0\0\0", 3200, MSG_DONTWAIT, NULL, NULL) = 32
24271 1784070447.719792 recvfrom(42, 0x716ad86c80, 3200, MSG_DONTWAIT, NULL, NULL) = -1 EAGAIN (Try again)
24271 1784070447.728016 recvfrom(42, 0x716ad86eb0, 3200, MSG_DONTWAIT, NULL, NULL) = -1 EAGAIN (Try again)
24271 1784070447.738530 recvfrom(42, "nysv\0\0\0\0\0\0\0\0\0\0\0\0\276\223\330\33I\1\0\0\rH\1\0\0\0\0\0", 3200, MSG_DONTWAIT, NULL, NULL) = 32
24271 1784070447.738551 recvfrom(42, 0x716ad86c80, 3200, MSG_DONTWAIT, NULL, NULL) = -1 EAGAIN (Try again)
24271 1784070447.746651 recvfrom(42, 0x716ad86eb0, 3200, MSG_DONTWAIT, NULL, NULL) = -1 EAGAIN (Try again)
24271 1784070447.754074 recvfrom(42, "nysv\0\0\0\0\0\0\0\0\0\0\0\0\350\343\326\34I\1\0\0\16H\1\0\0\0\0\0", 3200, MSG_DONTWAIT, NULL, NULL) = 32
24271 1784070447.754091 recvfrom(42, 0x716ad86c80, 3200, MSG_DONTWAIT, NULL, NULL) = -1 EAGAIN (Try again)
24249 1784070447.762273 recvfrom(38, 0x7ff90a9cc0, 3200, MSG_DONTWAIT, NULL, NULL) = -1 EAGAIN (Try again)
24644 1784070447.766541 sendmsg(71, {msg_name=NULL, msg_namelen=0, msg_iov=[{iov_base="l\1\1\1\344\0\0\0\254\0\0\0\235\0\0\0\1\1o\0;\0\0\0/re/frid"..., iov_len=404}], msg_iovlen=1, msg_controllen=0, msg_flags=0}, MSG_NOSIGNAL) = 404
24271 1784070447.770042 recvfrom(42, "nysv\0\0\0\0\0\0\0\0\0\0\0\0\0224\325\35I\1\0\0\17H\1\0\0\0\0\0", 3200, MSG_DONTWAIT, NULL, NULL) = 32
24271 1784070447.770065 recvfrom(42, 0x716ad86c80, 3200, MSG_DONTWAIT, NULL, NULL) = -1 EAGAIN (Try again)
24249 1784070447.770303 recvfrom(38, "nysv\0\0\0\0\0\0\0\0\0\0\0\0\0224\325\35I\1\0\0\17H\1\0\0\0\0\0", 3200, MSG_DONTWAIT, NULL, NULL) = 32
24249 1784070447.770609 recvfrom(38, 0x7ff90aa020, 3200, MSG_DONTWAIT, NULL, NULL) = -1 EAGAIN (Try again)
24249 1784070447.770894 recvfrom(61, 0x71fb447820, 2272, MSG_DONTWAIT, NULL, NULL) = -1 EAGAIN (Try again)
24644 1784070448.107630 sendmsg(71, {msg_name=NULL, msg_namelen=0, msg_iov=[{iov_base="l\1\1\1\344\0\0\0\255\0\0\0\235\0\0\0\1\1o\0;\0\0\0/re/frid"..., iov_len=404}], msg_iovlen=1, msg_controllen=0, msg_flags=0}, MSG_NOSIGNAL) = 404
24249 1784070448.109693 recvfrom(38, 0x7ff90a9de0, 3200, MSG_DONTWAIT, NULL, NULL) = -1 EAGAIN (Try again)
24249 1784070448.119864 recvfrom(38, "nysv\0\0\0\0\0\0\0\0\0\0\0\0\230%\2602I\1\0\0$H\1\0\0\0\0\0", 3200, MSG_DONTWAIT, NULL, NULL) = 32
24249 1784070448.120163 recvfrom(38, 0x7ff90aa020, 3200, MSG_DONTWAIT, NULL, NULL) = -1 EAGAIN (Try again)
24249 1784070448.120543 recvfrom(61, 0x71fb447820, 2272, MSG_DONTWAIT, NULL, NULL) = -1 EAGAIN (Try again)
24644 1784070448.868534 sendmsg(71, {msg_name=NULL, msg_namelen=0, msg_iov=[{iov_base="l\1\1\1\344\0\0\0\256\0\0\0\235\0\0\0\1\1o\0;\0\0\0/re/frid"..., iov_len=404}], msg_iovlen=1, msg_controllen=0, msg_flags=0}, MSG_NOSIGNAL) = 404
24644 1784070449.778080 sendmsg(71, {msg_name=NULL, msg_namelen=0, msg_iov=[{iov_base="l\1\1\1\344\0\0\0\257\0\0\0\235\0\0\0\1\1o\0;\0\0\0/re/frid"..., iov_len=404}], msg_iovlen=1, msg_controllen=0, msg_flags=0}, MSG_NOSIGNAL) = 404
24644 1784070450.121047 sendmsg(71, {msg_name=NULL, msg_namelen=0, msg_iov=[{iov_base="l\1\1\1\344\0\0\0\260\0\0\0\235\0\0\0\1\1o\0;\0\0\0/re/frid"..., iov_len=404}], msg_iovlen=1, msg_controllen=0, msg_flags=0}, MSG_NOSIGNAL) = 404
24249 1784070450.124374 recvfrom(38, 0x7ff90a9de0, 3200, MSG_DONTWAIT, NULL, NULL) = -1 EAGAIN (Try again)
24249 1784070450.139504 recvfrom(38, "nysv\0\0\0\0\0\0\0\0\0\0\0\0\201\251\343\252I\1\0\0\235H\1\0\0\0\0\0", 3200, MSG_DONTWAIT, NULL, NULL) = 32
24249 1784070450.139859 recvfrom(38, 0x7ff90aa020, 3200, MSG_DONTWAIT, NULL, NULL) = -1 EAGAIN (Try again)
24249 1784070450.140555 recvfrom(61, 0x71fb447820, 2272, MSG_DONTWAIT, NULL, NULL) = -1 EAGAIN (Try again)
24644 1784070450.886226 sendmsg(71, {msg_name=NULL, msg_namelen=0, msg_iov=[{iov_base="l\1\1\1\344\0\0\0\261\0\0\0\235\0\0\0\1\1o\0;\0\0\0/re/frid"..., iov_len=404}], msg_iovlen=1, msg_controllen=0, msg_flags=0}, MSG_NOSIGNAL) = 404
24249 1784070451.246570 recvfrom(61, "\2\0\0\0\0\0\0\0\31\10\0\0\0\0\0\0@\211\10\355I\1\0\0\1\0\0\0\2\20\0\0"..., 2272, MSG_DONTWAIT, NULL, NULL) = 232
24249 1784070451.246959 recvfrom(38, 0x7ff90a8540, 3200, MSG_DONTWAIT, NULL, NULL) = -1 EAGAIN (Try again)
24249 1784070451.247504 sendto(61, "\3\0\0\0\0\0\0\0\31\10\0\0\1\0\0\0", 16, MSG_DONTWAIT|MSG_NOSIGNAL, NULL, 0) = 16
24249 1784070451.247789 recvfrom(61, "\2\0\0\0\0\0\0\0\33\10\0\0\0\0\0\0@\211\10\355I\1\0\0\1\0\0\0\2\20\0\0"..., 2272, MSG_DONTWAIT, NULL, NULL) = 232
24249 1784070451.264902 sendto(61, "\3\0\0\0\0\0\0\0\33\10\0\0\1\0\0\0", 16, MSG_DONTWAIT|MSG_NOSIGNAL, NULL, 0) = 16
24249 1784070451.265187 recvfrom(61, 0x71fb447820, 2272, MSG_DONTWAIT, NULL, NULL) = -1 EAGAIN (Try again)
24249 1784070451.266260 recvfrom(38, "nysv\0\0\0\0\0\0\0\0\0\0\0\0\224\212t\355I\1\0\0\340H\1\0\0\0\0\0", 3200, MSG_DONTWAIT, NULL, NULL) = 32
24249 1784070451.266432 recvfrom(38, 0x7ff90aa020, 3200, MSG_DONTWAIT, NULL, NULL) = -1 EAGAIN (Try again)
24249 1784070451.266736 recvfrom(61, 0x71fb447820, 2272, MSG_DONTWAIT, NULL, NULL) = -1 EAGAIN (Try again)
24249 1784070451.268940 recvfrom(38, 0x7ff90a8f60, 3200, MSG_DONTWAIT, NULL, NULL) = -1 EAGAIN (Try again)
24249 1784070451.288104 recvfrom(38, "nysv\0\0\0\0\0\0\0\0\0\0\0\0\267\22r\357I\1\0\0\342H\1\0\0\0\0\0", 3200, MSG_DONTWAIT, NULL, NULL) = 32
24249 1784070451.289831 recvfrom(38, 0x7ff90aa020, 3200, MSG_DONTWAIT, NULL, NULL) = -1 EAGAIN (Try again)
24249 1784070451.290848 recvfrom(62, 0x7165bd3420, 2272, MSG_DONTWAIT, NULL, NULL) = -1 EAGAIN (Try again)
24249 1784070451.291113 recvfrom(61, 0x71fb447820, 2272, MSG_DONTWAIT, NULL, NULL) = -1 EAGAIN (Try again)
24271 1784070451.296208 clone(child_stack=0x711cdd0d40, flags=CLONE_VM|CLONE_FS|CLONE_FILES|CLONE_SIGHAND|CLONE_THREAD|CLONE_SYSVSEM|CLONE_SETTLS|CLONE_PARENT_SETTID|CLONE_CHILD_CLEARTID, parent_tidptr=0x711cdd0d60, tls=0x711cdd1020, child_tidptr=0x711cdd0d60) = 25177
24271 1784070451.296278 clone(child_stack=0x711ccd3d40, flags=CLONE_VM|CLONE_FS|CLONE_FILES|CLONE_SIGHAND|CLONE_THREAD|CLONE_SYSVSEM|CLONE_SETTLS|CLONE_PARENT_SETTID|CLONE_CHILD_CLEARTID, parent_tidptr=0x711ccd3d60, tls=0x711ccd4020, child_tidptr=0x711ccd3d60) = 25178
24249 1784070451.315385 recvfrom(38, 0x7ff90aa070, 3200, MSG_DONTWAIT, NULL, NULL) = -1 EAGAIN (Try again)
24249 1784070451.320372 recvfrom(38, "nysv\0\0\0\0\0\0\0\0\0\0\0\0\210\376n\361I\1\0\0\344H\1\0\0\0\0\0", 3200, MSG_DONTWAIT, NULL, NULL) = 32
24249 1784070451.322167 recvfrom(38, 0x7ff90aa020, 3200, MSG_DONTWAIT, NULL, NULL) = -1 EAGAIN (Try again)
24249 1784070451.322488 recvfrom(62, 0x7165bd3420, 2272, MSG_DONTWAIT, NULL, NULL) = -1 EAGAIN (Try again)
24249 1784070451.347104 recvfrom(38, 0x7ff90aa070, 3200, MSG_DONTWAIT, NULL, NULL) = -1 EAGAIN (Try again)
24249 1784070451.357492 recvfrom(38, "nysv\0\0\0\0\0\0\0\0\0\0\0\0\334\236k\363I\1\0\0\346H\1\0\0\0\0\0", 3200, MSG_DONTWAIT, NULL, NULL) = 32
24249 1784070451.358294 recvfrom(38, 0x7ff90aa020, 3200, MSG_DONTWAIT, NULL, NULL) = -1 EAGAIN (Try again)
24249 1784070451.360018 recvfrom(61, 0x71fb447820, 2272, MSG_DONTWAIT, NULL, NULL) = -1 EAGAIN (Try again)
24249 1784070451.386355 recvfrom(38, 0x7ff90a9d00, 3200, MSG_DONTWAIT, NULL, NULL) = -1 EAGAIN (Try again)
24249 1784070451.403196 recvfrom(38, "nysv\0\0\0\0\0\0\0\0\0\0\0\0\307Sg\366I\1\0\0\351H\1\0\0\0\0\0", 3200, MSG_DONTWAIT, NULL, NULL) = 32
24249 1784070451.403763 recvfrom(38, 0x7ff90aa020, 3200, MSG_DONTWAIT, NULL, NULL) = -1 EAGAIN (Try again)
24249 1784070451.404655 recvfrom(61, 0x71fb447820, 2272, MSG_DONTWAIT, NULL, NULL) = -1 EAGAIN (Try again)
24249 1784070451.406900 recvfrom(38, 0x7ff90a9b50, 3200, MSG_DONTWAIT, NULL, NULL) = -1 EAGAIN (Try again)
24249 1784070451.428105 recvfrom(38, "nysv\0\0\0\0\0\0\0\0\0\0\0\0\224\350e\367I\1\0\0\352H\1\0\0\0\0\0", 3200, MSG_DONTWAIT, NULL, NULL) = 32
24249 1784070451.428606 recvfrom(38, 0x7ff90aa020, 3200, MSG_DONTWAIT, NULL, NULL) = -1 EAGAIN (Try again)
24249 1784070451.429380 recvfrom(61, 0x71fb447820, 2272, MSG_DONTWAIT, NULL, NULL) = -1 EAGAIN (Try again)
24249 1784070451.429781 recvfrom(38, 0x7ff90a8f80, 3200, MSG_DONTWAIT, NULL, NULL) = -1 EAGAIN (Try again)
24249 1784070451.441560 recvfrom(38, "nysv\0\0\0\0\0\0\0\0\0\0\0\0\355ud\370I\1\0\0\353H\1\0\0\0\0\0", 3200, MSG_DONTWAIT, NULL, NULL) = 32
24249 1784070451.443181 recvfrom(38, 0x7ff90aa020, 3200, MSG_DONTWAIT, NULL, NULL) = -1 EAGAIN (Try again)
24249 1784070451.445414 recvfrom(62, 0x7165bd3420, 2272, MSG_DONTWAIT, NULL, NULL) = -1 EAGAIN (Try again)
24249 1784070451.445865 recvfrom(61, 0x71fb447820, 2272, MSG_DONTWAIT, NULL, NULL) = -1 EAGAIN (Try again)
24249 1784070451.448803 recvfrom(38, 0x7ff90a8f80, 3200, MSG_DONTWAIT, NULL, NULL) = -1 EAGAIN (Try again)
24249 1784070451.452967 recvfrom(38, "nysv\0\0\0\0\0\0\0\0\0\0\0\0H\6c\371I\1\0\0\354H\1\0\0\0\0\0", 3200, MSG_DONTWAIT, NULL, NULL) = 32
24249 1784070451.454183 recvfrom(38, 0x7ff90aa020, 3200, MSG_DONTWAIT, NULL, NULL) = -1 EAGAIN (Try again)
24249 1784070451.456203 recvfrom(62, 0x7165bd3420, 2272, MSG_DONTWAIT, NULL, NULL) = -1 EAGAIN (Try again)
24249 1784070451.456407 recvfrom(61, 0x71fb447820, 2272, MSG_DONTWAIT, NULL, NULL) = -1 EAGAIN (Try again)
24249 1784070451.467589 recvfrom(38, 0x7ff90a8f80, 3200, MSG_DONTWAIT, NULL, NULL) = -1 EAGAIN (Try again)
24249 1784070451.479354 recvfrom(38, "nysv\0\0\0\0\0\0\0\0\0\0\0\0/\230a\372I\1\0\0\355H\1\0\0\0\0\0", 3200, MSG_DONTWAIT, NULL, NULL) = 32
24249 1784070451.479646 recvfrom(38, 0x7ff90aa020, 3200, MSG_DONTWAIT, NULL, NULL) = -1 EAGAIN (Try again)
24249 1784070451.481096 recvfrom(62, 0x7165bd3420, 2272, MSG_DONTWAIT, NULL, NULL) = -1 EAGAIN (Try again)
24249 1784070451.481325 recvfrom(61, 0x71fb447820, 2272, MSG_DONTWAIT, NULL, NULL) = -1 EAGAIN (Try again)
24249 1784070451.496342 recvfrom(38, 0x7ff90a8f80, 3200, MSG_DONTWAIT, NULL, NULL) = -1 EAGAIN (Try again)
24249 1784070451.503202 recvfrom(38, "nysv\0\0\0\0\0\0\0\0\0\0\0\0\271\355^\374I\1\0\0\357H\1\0\0\0\0\0", 3200, MSG_DONTWAIT, NULL, NULL) = 32
24249 1784070451.504108 recvfrom(38, 0x7ff90aa020, 3200, MSG_DONTWAIT, NULL, NULL) = -1 EAGAIN (Try again)
24249 1784070451.512424 recvfrom(62, 0x7165bd3420, 2272, MSG_DONTWAIT, NULL, NULL) = -1 EAGAIN (Try again)
24249 1784070451.512709 recvfrom(61, 0x71fb447820, 2272, MSG_DONTWAIT, NULL, NULL) = -1 EAGAIN (Try again)
24249 1784070451.515513 recvfrom(38, 0x7ff90a8f80, 3200, MSG_DONTWAIT, NULL, NULL) = -1 EAGAIN (Try again)
24249 1784070451.519262 recvfrom(38, "nysv\0\0\0\0\0\0\0\0\0\0\0\0\342}]\375I\1\0\0\360H\1\0\0\0\0\0", 3200, MSG_DONTWAIT, NULL, NULL) = 32
24249 1784070451.519492 recvfrom(38, 0x7ff90aa020, 3200, MSG_DONTWAIT, NULL, NULL) = -1 EAGAIN (Try again)
24249 1784070451.525251 recvfrom(62, 0x7165bd3420, 2272, MSG_DONTWAIT, NULL, NULL) = -1 EAGAIN (Try again)
24249 1784070451.525579 recvfrom(61, 0x71fb447820, 2272, MSG_DONTWAIT, NULL, NULL) = -1 EAGAIN (Try again)
24249 1784070451.533449 recvfrom(38, 0x7ff90a8f80, 3200, MSG_DONTWAIT, NULL, NULL) = -1 EAGAIN (Try again)
24249 1784070451.536994 recvfrom(38, "nysv\0\0\0\0\0\0\0\0\0\0\0\0w\f\\\376I\1\0\0\361H\1\0\0\0\0\0", 3200, MSG_DONTWAIT, NULL, NULL) = 32
24249 1784070451.537202 recvfrom(38, 0x7ff90aa020, 3200, MSG_DONTWAIT, NULL, NULL) = -1 EAGAIN (Try again)
24249 1784070451.541000 recvfrom(62, 0x7165bd3420, 2272, MSG_DONTWAIT, NULL, NULL) = -1 EAGAIN (Try again)
24249 1784070451.541199 recvfrom(61, 0x71fb447820, 2272, MSG_DONTWAIT, NULL, NULL) = -1 EAGAIN (Try again)
24249 1784070451.550065 recvfrom(38, 0x7ff90a8f80, 3200, MSG_DONTWAIT, NULL, NULL) = -1 EAGAIN (Try again)
24249 1784070451.558503 recvfrom(38, "nysv\0\0\0\0\0\0\0\0\0\0\0\0\225\233Z\377I\1\0\0\362H\1\0\0\0\0\0", 3200, MSG_DONTWAIT, NULL, NULL) = 32
24249 1784070451.558765 recvfrom(38, 0x7ff90aa020, 3200, MSG_DONTWAIT, NULL, NULL) = -1 EAGAIN (Try again)
24249 1784070451.559667 recvfrom(62, 0x7165bd3420, 2272, MSG_DONTWAIT, NULL, NULL) = -1 EAGAIN (Try again)
24249 1784070451.559940 recvfrom(61, 0x71fb447820, 2272, MSG_DONTWAIT, NULL, NULL) = -1 EAGAIN (Try again)
24249 1784070451.566627 recvfrom(38, 0x7ff90a8f80, 3200, MSG_DONTWAIT, NULL, NULL) = -1 EAGAIN (Try again)
24249 1784070451.570170 recvfrom(38, "nysv\0\0\0\0\0\0\0\0\0\0\0\0\343(Y\0J\1\0\0\363H\1\0\0\0\0\0", 3200, MSG_DONTWAIT, NULL, NULL) = 32
24249 1784070451.570418 recvfrom(38, 0x7ff90aa020, 3200, MSG_DONTWAIT, NULL, NULL) = -1 EAGAIN (Try again)
24249 1784070451.572054 recvfrom(62, 0x7165bd3420, 2272, MSG_DONTWAIT, NULL, NULL) = -1 EAGAIN (Try again)
24249 1784070451.572187 recvfrom(61, 0x71fb447820, 2272, MSG_DONTWAIT, NULL, NULL) = -1 EAGAIN (Try again)
24249 1784070451.583658 recvfrom(38, 0x7ff90a8f80, 3200, MSG_DONTWAIT, NULL, NULL) = -1 EAGAIN (Try again)
24249 1784070451.586781 recvfrom(38, "nysv\0\0\0\0\0\0\0\0\0\0\0\0L\262W\1J\1\0\0\364H\1\0\0\0\0\0", 3200, MSG_DONTWAIT, NULL, NULL) = 32
24249 1784070451.587016 recvfrom(38, 0x7ff90aa020, 3200, MSG_DONTWAIT, NULL, NULL) = -1 EAGAIN (Try again)
24249 1784070451.588885 recvfrom(62, 0x7165bd3420, 2272, MSG_DONTWAIT, NULL, NULL) = -1 EAGAIN (Try again)
24249 1784070451.589267 recvfrom(61, 0x71fb447820, 2272, MSG_DONTWAIT, NULL, NULL) = -1 EAGAIN (Try again)
24249 1784070451.600123 recvfrom(38, 0x7ff90a8f80, 3200, MSG_DONTWAIT, NULL, NULL) = -1 EAGAIN (Try again)
24249 1784070451.603818 recvfrom(38, "nysv\0\0\0\0\0\0\0\0\0\0\0\0W:V\2J\1\0\0\365H\1\0\0\0\0\0", 3200, MSG_DONTWAIT, NULL, NULL) = 32
24249 1784070451.604179 recvfrom(38, 0x7ff90aa020, 3200, MSG_DONTWAIT, NULL, NULL) = -1 EAGAIN (Try again)
24249 1784070451.606242 recvfrom(62, 0x7165bd3420, 2272, MSG_DONTWAIT, NULL, NULL) = -1 EAGAIN (Try again)
24249 1784070451.606516 recvfrom(61, 0x71fb447820, 2272, MSG_DONTWAIT, NULL, NULL) = -1 EAGAIN (Try again)
24249 1784070451.616698 recvfrom(38, 0x7ff90a9b50, 3200, MSG_DONTWAIT, NULL, NULL) = -1 EAGAIN (Try again)
24249 1784070451.623174 recvfrom(38, "nysv\0\0\0\0\0\0\0\0\0\0\0\0001\305T\3J\1\0\0\366H\1\0\0\0\0\0", 3200, MSG_DONTWAIT, NULL, NULL) = 32
24249 1784070451.625040 recvfrom(38, 0x7ff90aa020, 3200, MSG_DONTWAIT, NULL, NULL) = -1 EAGAIN (Try again)
24249 1784070451.626000 recvfrom(61, 0x71fb447820, 2272, MSG_DONTWAIT, NULL, NULL) = -1 EAGAIN (Try again)
24249 1784070451.626762 recvfrom(38, 0x7ff90a8f80, 3200, MSG_DONTWAIT, NULL, NULL) = -1 EAGAIN (Try again)
24249 1784070451.636365 recvfrom(38, "nysv\0\0\0\0\0\0\0\0\0\0\0\0\310NS\4J\1\0\0\367H\1\0\0\0\0\0", 3200, MSG_DONTWAIT, NULL, NULL) = 32
24249 1784070451.636814 recvfrom(38, 0x7ff90aa020, 3200, MSG_DONTWAIT, NULL, NULL) = -1 EAGAIN (Try again)
24249 1784070451.638460 recvfrom(62, 0x7165bd3420, 2272, MSG_DONTWAIT, NULL, NULL) = -1 EAGAIN (Try again)
24249 1784070451.638807 recvfrom(61, 0x71fb447820, 2272, MSG_DONTWAIT, NULL, NULL) = -1 EAGAIN (Try again)
24249 1784070451.647794 recvfrom(38, 0x7ff90a9d00, 3200, MSG_DONTWAIT, NULL, NULL) = -1 EAGAIN (Try again)
24249 1784070451.653015 recvfrom(38, "nysv\0\0\0\0\0\0\0\0\0\0\0\0\221\321Q\5J\1\0\0\370H\1\0\0\0\0\0", 3200, MSG_DONTWAIT, NULL, NULL) = 32
24249 1784070451.655019 recvfrom(38, 0x7ff90aa020, 3200, MSG_DONTWAIT, NULL, NULL) = -1 EAGAIN (Try again)
24249 1784070451.658363 recvfrom(61, 0x71fb447820, 2272, MSG_DONTWAIT, NULL, NULL) = -1 EAGAIN (Try again)
24249 1784070451.662006 recvfrom(38, 0x7ff90a9d00, 3200, MSG_DONTWAIT, NULL, NULL) = -1 EAGAIN (Try again)
24249 1784070451.669590 recvfrom(38, "nysv\0\0\0\0\0\0\0\0\0\0\0\0CIP\6J\1\0\0\371H\1\0\0\0\0\0", 3200, MSG_DONTWAIT, NULL, NULL) = 32
24249 1784070451.669946 recvfrom(38, 0x7ff90aa020, 3200, MSG_DONTWAIT, NULL, NULL) = -1 EAGAIN (Try again)
24249 1784070451.670513 recvfrom(61, 0x71fb447820, 2272, MSG_DONTWAIT, NULL, NULL) = -1 EAGAIN (Try again)
24249 1784070451.749397 recvfrom(38, 0x7ff90a9de0, 3200, MSG_DONTWAIT, NULL, NULL) = -1 EAGAIN (Try again)
24249 1784070451.752975 recvfrom(38, "nysv\0\0\0\0\0\0\0\0\0\0\0\0\312NG\vJ\1\0\0\376H\1\0\0\0\0\0", 3200, MSG_DONTWAIT, NULL, NULL) = 32
24249 1784070451.753146 recvfrom(38, 0x7ff90aa020, 3200, MSG_DONTWAIT, NULL, NULL) = -1 EAGAIN (Try again)
24249 1784070451.753541 recvfrom(61, 0x71fb447820, 2272, MSG_DONTWAIT, NULL, NULL) = -1 EAGAIN (Try again)
24644 1784070451.781543 sendmsg(71, {msg_name=NULL, msg_namelen=0, msg_iov=[{iov_base="l\1\1\1\344\0\0\0\262\0\0\0\235\0\0\0\1\1o\0;\0\0\0/re/frid"..., iov_len=404}], msg_iovlen=1, msg_controllen=0, msg_flags=0}, MSG_NOSIGNAL) = 404
24644 1784070452.135847 sendmsg(71, {msg_name=NULL, msg_namelen=0, msg_iov=[{iov_base="l\1\1\1\344\0\0\0\263\0\0\0\235\0\0\0\1\1o\0;\0\0\0/re/frid"..., iov_len=404}], msg_iovlen=1, msg_controllen=0, msg_flags=0}, MSG_NOSIGNAL) = 404
24249 1784070452.139659 recvfrom(38, 0x7ff90a9de0, 3200, MSG_DONTWAIT, NULL, NULL) = -1 EAGAIN (Try again)
24249 1784070452.157181 recvfrom(38, "nysv\0\0\0\0\0\0\0\0\0\0\0\0[\215\27#J\1\0\0\26I\1\0\0\0\0\0", 3200, MSG_DONTWAIT, NULL, NULL) = 32
24249 1784070452.157619 recvfrom(38, 0x7ff90aa020, 3200, MSG_DONTWAIT, NULL, NULL) = -1 EAGAIN (Try again)
24249 1784070452.158353 recvfrom(61, 0x71fb447820, 2272, MSG_DONTWAIT, NULL, NULL) = -1 EAGAIN (Try again)
24249 1784070452.255513 recvfrom(38, 0x7ff90a9de0, 3200, MSG_DONTWAIT, NULL, NULL) = -1 EAGAIN (Try again)
24249 1784070452.273134 recvfrom(38, "nysv\0\0\0\0\0\0\0\0\0\0\0\0\201\276\v*J\1\0\0\35I\1\0\0\0\0\0", 3200, MSG_DONTWAIT, NULL, NULL) = 32
24249 1784070452.273340 recvfrom(38, 0x7ff90aa020, 3200, MSG_DONTWAIT, NULL, NULL) = -1 EAGAIN (Try again)
24249 1784070452.273725 recvfrom(61, 0x71fb447820, 2272, MSG_DONTWAIT, NULL, NULL) = -1 EAGAIN (Try again)
24249 1784070452.757610 recvfrom(38, 0x7ff90a9de0, 3200, MSG_DONTWAIT, NULL, NULL) = -1 EAGAIN (Try again)
24249 1784070452.769365 recvfrom(38, "nysv\0\0\0\0\0\0\0\0\0\0\0\0\2`\331GJ\1\0\0;I\1\0\0\0\0\0", 3200, MSG_DONTWAIT, NULL, NULL) = 32
24249 1784070452.769777 recvfrom(38, 0x7ff90aa020, 3200, MSG_DONTWAIT, NULL, NULL) = -1 EAGAIN (Try again)
24249 1784070452.770557 recvfrom(61, 0x71fb447820, 2272, MSG_DONTWAIT, NULL, NULL) = -1 EAGAIN (Try again)
24644 1784070452.896708 sendmsg(71, {msg_name=NULL, msg_namelen=0, msg_iov=[{iov_base="l\1\1\1\344\0\0\0\264\0\0\0\235\0\0\0\1\1o\0;\0\0\0/re/frid"..., iov_len=404}], msg_iovlen=1, msg_controllen=0, msg_flags=0}, MSG_NOSIGNAL) = 404
24249 1784070453.262497 recvfrom(38, 0x7ff90a9de0, 3200, MSG_DONTWAIT, NULL, NULL) = -1 EAGAIN (Try again)
24249 1784070453.270310 recvfrom(38, "nysv\0\0\0\0\0\0\0\0\0\0\0\0:$\247eJ\1\0\0XI\1\0\0\0\0\0", 3200, MSG_DONTWAIT, NULL, NULL) = 32
24249 1784070453.270586 recvfrom(38, 0x7ff90aa020, 3200, MSG_DONTWAIT, NULL, NULL) = -1 EAGAIN (Try again)
24249 1784070453.271032 recvfrom(61, 0x71fb447820, 2272, MSG_DONTWAIT, NULL, NULL) = -1 EAGAIN (Try again)
24249 1784070453.765354 recvfrom(38, 0x7ff90a9de0, 3200, MSG_DONTWAIT, NULL, NULL) = -1 EAGAIN (Try again)
24249 1784070453.770091 recvfrom(38, "nysv\0\0\0\0\0\0\0\0\0\0\0\0&\270u\203J\1\0\0uI\1\0\0\0\0\0", 3200, MSG_DONTWAIT, NULL, NULL) = 32
24249 1784070453.770366 recvfrom(38, 0x7ff90aa020, 3200, MSG_DONTWAIT, NULL, NULL) = -1 EAGAIN (Try again)
24249 1784070453.770646 recvfrom(61, 0x71fb447820, 2272, MSG_DONTWAIT, NULL, NULL) = -1 EAGAIN (Try again)
24644 1784070453.792176 sendmsg(71, {msg_name=NULL, msg_namelen=0, msg_iov=[{iov_base="l\1\1\1\344\0\0\0\265\0\0\0\235\0\0\0\1\1o\0;\0\0\0/re/frid"..., iov_len=404}], msg_iovlen=1, msg_controllen=0, msg_flags=0}, MSG_NOSIGNAL) = 404
24644 1784070454.153919 sendmsg(71, {msg_name=NULL, msg_namelen=0, msg_iov=[{iov_base="l\1\1\1\344\0\0\0\266\0\0\0\235\0\0\0\1\1o\0;\0\0\0/re/frid"..., iov_len=404}], msg_iovlen=1, msg_controllen=0, msg_flags=0}, MSG_NOSIGNAL) = 404
24249 1784070454.156011 recvfrom(38, 0x7ff90a9de0, 3200, MSG_DONTWAIT, NULL, NULL) = -1 EAGAIN (Try again)
24249 1784070454.170906 recvfrom(38, "nysv\0\0\0\0\0\0\0\0\0\0\0\0j\30L\233J\1\0\0\215I\1\0\0\0\0\0", 3200, MSG_DONTWAIT, NULL, NULL) = 32
24249 1784070454.171367 recvfrom(38, 0x7ff90aa020, 3200, MSG_DONTWAIT, NULL, NULL) = -1 EAGAIN (Try again)
24249 1784070454.171985 recvfrom(61, 0x71fb447820, 2272, MSG_DONTWAIT, NULL, NULL) = -1 EAGAIN (Try again)
24249 1784070454.270732 recvfrom(38, 0x7ff90a9de0, 3200, MSG_DONTWAIT, NULL, NULL) = -1 EAGAIN (Try again)
24249 1784070454.291991 recvfrom(38, "nysv\0\0\0\0\0\0\0\0\0\0\0\0[\242?\242J\1\0\0\224I\1\0\0\0\0\0", 3200, MSG_DONTWAIT, NULL, NULL) = 32
24249 1784070454.292335 recvfrom(38, 0x7ff90aa020, 3200, MSG_DONTWAIT, NULL, NULL) = -1 EAGAIN (Try again)
24249 1784070454.292958 recvfrom(61, 0x71fb447820, 2272, MSG_DONTWAIT, NULL, NULL) = -1 EAGAIN (Try again)
24249 1784070454.773220 recvfrom(38, 0x7ff90a9de0, 3200, MSG_DONTWAIT, NULL, NULL) = -1 EAGAIN (Try again)
24249 1784070454.786311 recvfrom(38, "nysv\0\0\0\0\0\0\0\0\0\0\0\0fU\r\300J\1\0\0\262I\1\0\0\0\0\0", 3200, MSG_DONTWAIT, NULL, NULL) = 32
24249 1784070454.786554 recvfrom(38, 0x7ff90aa020, 3200, MSG_DONTWAIT, NULL, NULL) = -1 EAGAIN (Try again)
24249 1784070454.786988 recvfrom(61, 0x71fb447820, 2272, MSG_DONTWAIT, NULL, NULL) = -1 EAGAIN (Try again)
24644 1784070454.905925 sendmsg(71, {msg_name=NULL, msg_namelen=0, msg_iov=[{iov_base="l\1\1\1\344\0\0\0\267\0\0\0\235\0\0\0\1\1o\0;\0\0\0/re/frid"..., iov_len=404}], msg_iovlen=1, msg_controllen=0, msg_flags=0}, MSG_NOSIGNAL) = 404
24644 1784070455.062019 sendmsg(71, {msg_name=NULL, msg_namelen=0, msg_iov=[{iov_base="l\1\1\1\344\0\0\0\270\0\0\0\235\0\0\0\1\1o\0;\0\0\0/re/frid"..., iov_len=404}], msg_iovlen=1, msg_controllen=0, msg_flags=0}, MSG_NOSIGNAL) = 404
24249 1784070455.064496 recvfrom(38, 0x7ff90a9de0, 3200, MSG_DONTWAIT, NULL, NULL) = -1 EAGAIN (Try again)
24249 1784070455.069462 recvfrom(38, "nysv\0\0\0\0\0\0\0\0\0\0\0\0\354\270\360\320J\1\0\0\303I\1\0\0\0\0\0", 3200, MSG_DONTWAIT, NULL, NULL) = 32
24249 1784070455.069948 recvfrom(38, 0x7ff90aa020, 3200, MSG_DONTWAIT, NULL, NULL) = -1 EAGAIN (Try again)
24249 1784070455.070570 recvfrom(61, 0x71fb447820, 2272, MSG_DONTWAIT, NULL, NULL) = -1 EAGAIN (Try again)
24249 1784070455.298083 recvfrom(38, 0x7ff90a9de0, 3200, MSG_DONTWAIT, NULL, NULL) = -1 EAGAIN (Try again)
24249 1784070455.303295 recvfrom(38, "nysv\0\0\0\0\0\0\0\0\0\0\0\0E\"\331\336J\1\0\0\321I\1\0\0\0\0\0", 3200, MSG_DONTWAIT, NULL, NULL) = 32
24249 1784070455.304156 recvfrom(38, 0x7ff90aa020, 3200, MSG_DONTWAIT, NULL, NULL) = -1 EAGAIN (Try again)
24249 1784070455.305223 recvfrom(61, 0x71fb447820, 2272, MSG_DONTWAIT, NULL, NULL) = -1 EAGAIN (Try again)
24644 1784070455.806671 sendmsg(71, {msg_name=NULL, msg_namelen=0, msg_iov=[{iov_base="l\1\1\1\344\0\0\0\271\0\0\0\235\0\0\0\1\1o\0;\0\0\0/re/frid"..., iov_len=404}], msg_iovlen=1, msg_controllen=0, msg_flags=0}, MSG_NOSIGNAL) = 404
24249 1784070455.807828 recvfrom(38, 0x7ff90a9de0, 3200, MSG_DONTWAIT, NULL, NULL) = -1 EAGAIN (Try again)
24249 1784070455.820778 recvfrom(38, "nysv\0\0\0\0\0\0\0\0\0\0\0\0\30\34\245\375J\1\0\0\360I\1\0\0\0\0\0", 3200, MSG_DONTWAIT, NULL, NULL) = 32
24249 1784070455.821106 recvfrom(38, 0x7ff90aa020, 3200, MSG_DONTWAIT, NULL, NULL) = -1 EAGAIN (Try again)
24249 1784070455.821641 recvfrom(61, 0x71fb447820, 2272, MSG_DONTWAIT, NULL, NULL) = -1 EAGAIN (Try again)
24644 1784070456.162885 sendmsg(71, {msg_name=NULL, msg_namelen=0, msg_iov=[{iov_base="l\1\1\1\344\0\0\0\272\0\0\0\235\0\0\0\1\1o\0;\0\0\0/re/frid"..., iov_len=404}], msg_iovlen=1, msg_controllen=0, msg_flags=0}, MSG_NOSIGNAL) = 404
24249 1784070456.163772 recvfrom(38, 0x7ff90a9de0, 3200, MSG_DONTWAIT, NULL, NULL) = -1 EAGAIN (Try again)
24249 1784070456.168789 recvfrom(38, "nysv\0\0\0\0\0\0\0\0\0\0\0\0n\320\202\22K\1\0\0\4J\1\0\0\0\0\0", 3200, MSG_DONTWAIT, NULL, NULL) = 32
24249 1784070456.168932 recvfrom(38, 0x7ff90aa020, 3200, MSG_DONTWAIT, NULL, NULL) = -1 EAGAIN (Try again)
24249 1784070456.169201 recvfrom(61, 0x71fb447820, 2272, MSG_DONTWAIT, NULL, NULL) = -1 EAGAIN (Try again)
24249 1784070456.209535 recvfrom(38, 0x7ff90a8900, 3200, MSG_DONTWAIT, NULL, NULL) = -1 EAGAIN (Try again)
24249 1784070456.219126 recvfrom(38, "nysv\0\0\0\0\0\0\0\0\0\0\0\0'\307~\25K\1\0\0\7J\1\0\0\0\0\0", 3200, MSG_DONTWAIT, NULL, NULL) = 32
24249 1784070456.219373 recvfrom(38, 0x7ff90aa020, 3200, MSG_DONTWAIT, NULL, NULL) = -1 EAGAIN (Try again)
24249 1784070456.219675 recvfrom(61, 0x71fb447820, 2272, MSG_DONTWAIT, NULL, NULL) = -1 EAGAIN (Try again)
24644 1784070456.716663 sendmsg(71, {msg_name=NULL, msg_namelen=0, msg_iov=[{iov_base="l\1\1\1\344\0\0\0\273\0\0\0\235\0\0\0\1\1o\0;\0\0\0/re/frid"..., iov_len=404}], msg_iovlen=1, msg_controllen=0, msg_flags=0}, MSG_NOSIGNAL) = 404
24249 1784070456.721010 recvfrom(38, 0x7ff90a9de0, 3200, MSG_DONTWAIT, NULL, NULL) = -1 EAGAIN (Try again)
24249 1784070456.741908 recvfrom(38, "nysv\0\0\0\0\0\0\0\0\0\0\0\0/\370G4K\1\0\0%J\1\0\0\0\0\0", 3200, MSG_DONTWAIT, NULL, NULL) = 32
24249 1784070456.742506 recvfrom(38, 0x7ff90aa020, 3200, MSG_DONTWAIT, NULL, NULL) = -1 EAGAIN (Try again)
24249 1784070456.743274 recvfrom(61, 0x71fb447820, 2272, MSG_DONTWAIT, NULL, NULL) = -1 EAGAIN (Try again)
24644 1784070456.917202 sendmsg(71, {msg_name=NULL, msg_namelen=0, msg_iov=[{iov_base="l\1\1\1\344\0\0\0\274\0\0\0\235\0\0\0\1\1o\0;\0\0\0/re/frid"..., iov_len=404}], msg_iovlen=1, msg_controllen=0, msg_flags=0}, MSG_NOSIGNAL) = 404
24644 1784070457.081912 sendmsg(71, {msg_name=NULL, msg_namelen=0, msg_iov=[{iov_base="l\1\1\1\344\0\0\0\275\0\0\0\235\0\0\0\1\1o\0;\0\0\0/re/frid"..., iov_len=404}], msg_iovlen=1, msg_controllen=0, msg_flags=0}, MSG_NOSIGNAL) = 404
24249 1784070457.085086 recvfrom(38, 0x7ff90a9de0, 3200, MSG_DONTWAIT, NULL, NULL) = -1 EAGAIN (Try again)
24249 1784070457.109229 recvfrom(38, "nysv\0\0\0\0\0\0\0\0\0\0\0\0\25\216\"JK\1\0\0;J\1\0\0\0\0\0", 3200, MSG_DONTWAIT, NULL, NULL) = 32
24249 1784070457.109632 recvfrom(38, 0x7ff90aa020, 3200, MSG_DONTWAIT, NULL, NULL) = -1 EAGAIN (Try again)
24249 1784070457.110361 recvfrom(61, 0x71fb447820, 2272, MSG_DONTWAIT, NULL, NULL) = -1 EAGAIN (Try again)
24249 1784070457.223364 recvfrom(38, 0x7ff90a9de0, 3200, MSG_DONTWAIT, NULL, NULL) = -1 EAGAIN (Try again)
24249 1784070457.239141 recvfrom(38, "nysv\0\0\0\0\0\0\0\0\0\0\0\0e\17\25RK\1\0\0BJ\1\0\0\0\0\0", 3200, MSG_DONTWAIT, NULL, NULL) = 32
24249 1784070457.239365 recvfrom(38, 0x7ff90aa020, 3200, MSG_DONTWAIT, NULL, NULL) = -1 EAGAIN (Try again)
24249 1784070457.239779 recvfrom(61, 0x71fb447820, 2272, MSG_DONTWAIT, NULL, NULL) = -1 EAGAIN (Try again)
24249 1784070457.726103 recvfrom(38, 0x7ff90a9de0, 3200, MSG_DONTWAIT, NULL, NULL) = -1 EAGAIN (Try again)
24249 1784070457.738797 recvfrom(38, "nysv\0\0\0\0\0\0\0\0\0\0\0\0Qt\342oK\1\0\0`J\1\0\0\0\0\0", 3200, MSG_DONTWAIT, NULL, NULL) = 32
24249 1784070457.739241 recvfrom(38, 0x7ff90aa020, 3200, MSG_DONTWAIT, NULL, NULL) = -1 EAGAIN (Try again)
24249 1784070457.740028 recvfrom(61, 0x71fb447820, 2272, MSG_DONTWAIT, NULL, NULL) = -1 EAGAIN (Try again)
24644 1784070457.813953 sendmsg(71, {msg_name=NULL, msg_namelen=0, msg_iov=[{iov_base="l\1\1\1\344\0\0\0\276\0\0\0\235\0\0\0\1\1o\0;\0\0\0/re/frid"..., iov_len=404}], msg_iovlen=1, msg_controllen=0, msg_flags=0}, MSG_NOSIGNAL) = 404
24644 1784070458.173925 sendmsg(71, {msg_name=NULL, msg_namelen=0, msg_iov=[{iov_base="l\1\1\1\344\0\0\0\277\0\0\0\235\0\0\0\1\1o\0;\0\0\0/re/frid"..., iov_len=404}], msg_iovlen=1, msg_controllen=0, msg_flags=0}, MSG_NOSIGNAL) = 404
24249 1784070458.175228 recvfrom(38, 0x7ff90a9de0, 3200, MSG_DONTWAIT, NULL, NULL) = -1 EAGAIN (Try again)
24249 1784070458.190179 recvfrom(38, "nysv\0\0\0\0\0\0\0\0\0\0\0\0\277\350\264\212K\1\0\0{J\1\0\0\0\0\0", 3200, MSG_DONTWAIT, NULL, NULL) = 32
24249 1784070458.190368 recvfrom(38, 0x7ff90aa020, 3200, MSG_DONTWAIT, NULL, NULL) = -1 EAGAIN (Try again)
24249 1784070458.190735 recvfrom(61, 0x71fb447820, 2272, MSG_DONTWAIT, NULL, NULL) = -1 EAGAIN (Try again)
24249 1784070458.229017 recvfrom(38, 0x7ff90a9de0, 3200, MSG_DONTWAIT, NULL, NULL) = -1 EAGAIN (Try again)
24249 1784070458.236835 recvfrom(38, "nysv\0\0\0\0\0\0\0\0\0\0\0\0\25-\260\215K\1\0\0~J\1\0\0\0\0\0", 3200, MSG_DONTWAIT, NULL, NULL) = 32
24249 1784070458.237255 recvfrom(38, 0x7ff90aa020, 3200, MSG_DONTWAIT, NULL, NULL) = -1 EAGAIN (Try again)
24249 1784070458.237616 recvfrom(61, 0x71fb447820, 2272, MSG_DONTWAIT, NULL, NULL) = -1 EAGAIN (Try again)
24841 1784070458.614925 clone(child_stack=0x711cbd6d40, flags=CLONE_VM|CLONE_FS|CLONE_FILES|CLONE_SIGHAND|CLONE_THREAD|CLONE_SYSVSEM|CLONE_SETTLS|CLONE_PARENT_SETTID|CLONE_CHILD_CLEARTID, parent_tidptr=0x711cbd6d60, tls=0x711cbd7020, child_tidptr=0x711cbd6d60) = 25265
25265 1784070458.617175 openat(AT_FDCWD, "/proc/25265/timerslack_ns", O_WRONLY|O_CREAT|O_TRUNC|O_NOFOLLOW|O_CLOEXEC, 0666) = 56
24249 1784070458.733363 recvfrom(38, 0x7ff90a9de0, 3200, MSG_DONTWAIT, NULL, NULL) = -1 EAGAIN (Try again)
24249 1784070458.736140 recvfrom(38, "nysv\0\0\0\0\0\0\0\0\0\0\0\0o\243~\253K\1\0\0\234J\1\0\0\0\0\0", 3200, MSG_DONTWAIT, NULL, NULL) = 32
24249 1784070458.736356 recvfrom(38, 0x7ff90aa020, 3200, MSG_DONTWAIT, NULL, NULL) = -1 EAGAIN (Try again)
24249 1784070458.736688 recvfrom(61, 0x71fb447820, 2272, MSG_DONTWAIT, NULL, NULL) = -1 EAGAIN (Try again)
24644 1784070458.924178 sendmsg(71, {msg_name=NULL, msg_namelen=0, msg_iov=[{iov_base="l\1\1\1\344\0\0\0\300\0\0\0\235\0\0\0\1\1o\0;\0\0\0/re/frid"..., iov_len=404}], msg_iovlen=1, msg_controllen=0, msg_flags=0}, MSG_NOSIGNAL) = 404
24644 1784070459.096956 sendmsg(71, {msg_name=NULL, msg_namelen=0, msg_iov=[{iov_base="l\1\1\1\344\0\0\0\301\0\0\0\235\0\0\0\1\1o\0;\0\0\0/re/frid"..., iov_len=404}], msg_iovlen=1, msg_controllen=0, msg_flags=0}, MSG_NOSIGNAL) = 404
24249 1784070459.099783 recvfrom(38, 0x7ff90a9de0, 3200, MSG_DONTWAIT, NULL, NULL) = -1 EAGAIN (Try again)
24249 1784070459.102898 recvfrom(38, "nysv\0\0\0\0\0\0\0\0\0\0\0\0\ftX\301K\1\0\0\262J\1\0\0\0\0\0", 3200, MSG_DONTWAIT, NULL, NULL) = 32
24249 1784070459.103341 recvfrom(38, 0x7ff90aa020, 3200, MSG_DONTWAIT, NULL, NULL) = -1 EAGAIN (Try again)
24249 1784070459.103670 recvfrom(61, 0x71fb447820, 2272, MSG_DONTWAIT, NULL, NULL) = -1 EAGAIN (Try again)
24249 1784070459.234028 recvfrom(38, 0x7ff90a9de0, 3200, MSG_DONTWAIT, NULL, NULL) = -1 EAGAIN (Try again)
24249 1784070459.236472 recvfrom(38, "nysv\0\0\0\0\0\0\0\0\0\0\0\0\262\367J\311K\1\0\0\272J\1\0\0\0\0\0", 3200, MSG_DONTWAIT, NULL, NULL) = 32
24249 1784070459.236880 recvfrom(38, 0x7ff90aa020, 3200, MSG_DONTWAIT, NULL, NULL) = -1 EAGAIN (Try again)
24249 1784070459.237256 recvfrom(61, 0x71fb447820, 2272, MSG_DONTWAIT, NULL, NULL) = -1 EAGAIN (Try again)
24249 1784070459.741560 recvfrom(38, 0x7ff90a9de0, 3200, MSG_DONTWAIT, NULL, NULL) = -1 EAGAIN (Try again)
24249 1784070459.756549 recvfrom(38, "nysv\0\0\0\0\0\0\0\0\0\0\0\0+X\26\350K\1\0\0\331J\1\0\0\0\0\0", 3200, MSG_DONTWAIT, NULL, NULL) = 32
24249 1784070459.756802 recvfrom(38, 0x7ff90aa020, 3200, MSG_DONTWAIT, NULL, NULL) = -1 EAGAIN (Try again)
24249 1784070459.757238 recvfrom(61, 0x71fb447820, 2272, MSG_DONTWAIT, NULL, NULL) = -1 EAGAIN (Try again)
24644 1784070459.820630 sendmsg(71, {msg_name=NULL, msg_namelen=0, msg_iov=[{iov_base="l\1\1\1\344\0\0\0\302\0\0\0\235\0\0\0\1\1o\0;\0\0\0/re/frid"..., iov_len=404}], msg_iovlen=1, msg_controllen=0, msg_flags=0}, MSG_NOSIGNAL) = 404
24644 1784070460.179637 sendmsg(71, {msg_name=NULL, msg_namelen=0, msg_iov=[{iov_base="l\1\1\1\344\0\0\0\303\0\0\0\235\0\0\0\1\1o\0;\0\0\0/re/frid"..., iov_len=404}], msg_iovlen=1, msg_controllen=0, msg_flags=0}, MSG_NOSIGNAL) = 404
24249 1784070460.180675 recvfrom(38, 0x7ff90a9de0, 3200, MSG_DONTWAIT, NULL, NULL) = -1 EAGAIN (Try again)
24249 1784070460.185490 recvfrom(38, "nysv\0\0\0\0\0\0\0\0\0\0\0\0sm\353\1L\1\0\0\363J\1\0\0\0\0\0", 3200, MSG_DONTWAIT, NULL, NULL) = 32
24249 1784070460.185639 recvfrom(38, 0x7ff90aa020, 3200, MSG_DONTWAIT, NULL, NULL) = -1 EAGAIN (Try again)
24249 1784070460.186024 recvfrom(61, 0x71fb447820, 2272, MSG_DONTWAIT, NULL, NULL) = -1 EAGAIN (Try again)
24249 1784070460.237218 recvfrom(38, 0x7ff90a8900, 3200, MSG_DONTWAIT, NULL, NULL) = -1 EAGAIN (Try again)
24249 1784070460.253870 recvfrom(38, "nysv\0\0\0\0\0\0\0\0\0\0\0\0#\v\346\5L\1\0\0\367J\1\0\0\0\0\0", 3200, MSG_DONTWAIT, NULL, NULL) = 32
24249 1784070460.254229 recvfrom(38, 0x7ff90aa020, 3200, MSG_DONTWAIT, NULL, NULL) = -1 EAGAIN (Try again)
24249 1784070460.254746 recvfrom(61, 0x71fb447820, 2272, MSG_DONTWAIT, NULL, NULL) = -1 EAGAIN (Try again)
24644 1784070460.748821 sendmsg(71, {msg_name=NULL, msg_namelen=0, msg_iov=[{iov_base="l\1\1\1\344\0\0\0\304\0\0\0\235\0\0\0\1\1o\0;\0\0\0/re/frid"..., iov_len=404}], msg_iovlen=1, msg_controllen=0, msg_flags=0}, MSG_NOSIGNAL) = 404
24249 1784070460.751802 recvfrom(38, 0x7ff90a9de0, 3200, MSG_DONTWAIT, NULL, NULL) = -1 EAGAIN (Try again)
24249 1784070460.771466 recvfrom(38, "nysv\0\0\0\0\0\0\0\0\0\0\0\0\270\301\257$L\1\0\0\26K\1\0\0\0\0\0", 3200, MSG_DONTWAIT, NULL, NULL) = 32
24249 1784070460.771860 recvfrom(38, 0x7ff90aa020, 3200, MSG_DONTWAIT, NULL, NULL) = -1 EAGAIN (Try again)
24249 1784070460.772548 recvfrom(61, 0x71fb447820, 2272, MSG_DONTWAIT, NULL, NULL) = -1 EAGAIN (Try again)
24644 1784070460.937037 sendmsg(71, {msg_name=NULL, msg_namelen=0, msg_iov=[{iov_base="l\1\1\1\344\0\0\0\305\0\0\0\235\0\0\0\1\1o\0;\0\0\0/re/frid"..., iov_len=404}], msg_iovlen=1, msg_controllen=0, msg_flags=0}, MSG_NOSIGNAL) = 404
24644 1784070461.113472 sendmsg(71, {msg_name=NULL, msg_namelen=0, msg_iov=[{iov_base="l\1\1\1\344\0\0\0\306\0\0\0\235\0\0\0\1\1o\0;\0\0\0/re/frid"..., iov_len=404}], msg_iovlen=1, msg_controllen=0, msg_flags=0}, MSG_NOSIGNAL) = 404
24249 1784070461.117021 recvfrom(38, 0x7ff90a9de0, 3200, MSG_DONTWAIT, NULL, NULL) = -1 EAGAIN (Try again)
24249 1784070461.120157 recvfrom(38, "nysv\0\0\0\0\0\0\0\0\0\0\0\0jX\2149L\1\0\0+K\1\0\0\0\0\0", 3200, MSG_DONTWAIT, NULL, NULL) = 32
24249 1784070461.120662 recvfrom(38, 0x7ff90aa020, 3200, MSG_DONTWAIT, NULL, NULL) = -1 EAGAIN (Try again)
24249 1784070461.121006 recvfrom(61, 0x71fb447820, 2272, MSG_DONTWAIT, NULL, NULL) = -1 EAGAIN (Try again)
24249 1784070461.255405 recvfrom(38, 0x7ff90a9de0, 3200, MSG_DONTWAIT, NULL, NULL) = -1 EAGAIN (Try again)
24249 1784070461.274707 recvfrom(38, "nysv\0\0\0\0\0\0\0\0\0\0\0\0\31\327|BL\1\0\0004K\1\0\0\0\0\0", 3200, MSG_DONTWAIT, NULL, NULL) = 32
24249 1784070461.275134 recvfrom(38, 0x7ff90aa020, 3200, MSG_DONTWAIT, NULL, NULL) = -1 EAGAIN (Try again)
24249 1784070461.275900 recvfrom(61, 0x71fb447820, 2272, MSG_DONTWAIT, NULL, NULL) = -1 EAGAIN (Try again)
24249 1784070461.760226 recvfrom(38, 0x7ff90a9de0, 3200, MSG_DONTWAIT, NULL, NULL) = -1 EAGAIN (Try again)
24249 1784070461.772223 recvfrom(38, "nysv\0\0\0\0\0\0\0\0\0\0\0\0\5<J`L\1\0\0RK\1\0\0\0\0\0", 3200, MSG_DONTWAIT, NULL, NULL) = 32
24249 1784070461.772596 recvfrom(38, 0x7ff90aa020, 3200, MSG_DONTWAIT, NULL, NULL) = -1 EAGAIN (Try again)
24249 1784070461.773350 recvfrom(61, 0x71fb447820, 2272, MSG_DONTWAIT, NULL, NULL) = -1 EAGAIN (Try again)
24644 1784070461.826414 sendmsg(71, {msg_name=NULL, msg_namelen=0, msg_iov=[{iov_base="l\1\1\1\344\0\0\0\307\0\0\0\235\0\0\0\1\1o\0;\0\0\0/re/frid"..., iov_len=404}], msg_iovlen=1, msg_controllen=0, msg_flags=0}, MSG_NOSIGNAL) = 404
24644 1784070462.185721 sendmsg(71, {msg_name=NULL, msg_namelen=0, msg_iov=[{iov_base="l\1\1\1\344\0\0\0\310\0\0\0\235\0\0\0\1\1o\0;\0\0\0/re/frid"..., iov_len=404}], msg_iovlen=1, msg_controllen=0, msg_flags=0}, MSG_NOSIGNAL) = 404
24249 1784070462.186850 recvfrom(38, 0x7ff90a9de0, 3200, MSG_DONTWAIT, NULL, NULL) = -1 EAGAIN (Try again)
24249 1784070462.202732 recvfrom(38, "nysv\0\0\0\0\0\0\0\0\0\0\0\0\375\332\37zL\1\0\0lK\1\0\0\0\0\0", 3200, MSG_DONTWAIT, NULL, NULL) = 32
24249 1784070462.202922 recvfrom(38, 0x7ff90aa020, 3200, MSG_DONTWAIT, NULL, NULL) = -1 EAGAIN (Try again)
24249 1784070462.203287 recvfrom(61, 0x71fb447820, 2272, MSG_DONTWAIT, NULL, NULL) = -1 EAGAIN (Try again)
24249 1784070462.270186 recvfrom(38, 0x7ff90a9de0, 3200, MSG_DONTWAIT, NULL, NULL) = -1 EAGAIN (Try again)
24249 1784070462.286729 recvfrom(38, "nysv\0\0\0\0\0\0\0\0\0\0\0\0\33\361\25\177L\1\0\0qK\1\0\0\0\0\0", 3200, MSG_DONTWAIT, NULL, NULL) = 32
24249 1784070462.286982 recvfrom(38, 0x7ff90aa020, 3200, MSG_DONTWAIT, NULL, NULL) = -1 EAGAIN (Try again)
24249 1784070462.287352 recvfrom(61, 0x71fb447820, 2272, MSG_DONTWAIT, NULL, NULL) = -1 EAGAIN (Try again)
24249 1784070462.772395 recvfrom(38, 0x7ff90a9de0, 3200, MSG_DONTWAIT, NULL, NULL) = -1 EAGAIN (Try again)
24249 1784070462.789675 recvfrom(38, "nysv\0\0\0\0\0\0\0\0\0\0\0\0\7V\343\234L\1\0\0\217K\1\0\0\0\0\0", 3200, MSG_DONTWAIT, NULL, NULL) = 32
24249 1784070462.789846 recvfrom(38, 0x7ff90aa020, 3200, MSG_DONTWAIT, NULL, NULL) = -1 EAGAIN (Try again)
24249 1784070462.790170 recvfrom(61, 0x71fb447820, 2272, MSG_DONTWAIT, NULL, NULL) = -1 EAGAIN (Try again)
24644 1784070462.956154 sendmsg(71, {msg_name=NULL, msg_namelen=0, msg_iov=[{iov_base="l\1\1\1\344\0\0\0\311\0\0\0\235\0\0\0\1\1o\0;\0\0\0/re/frid"..., iov_len=404}], msg_iovlen=1, msg_controllen=0, msg_flags=0}, MSG_NOSIGNAL) = 404
24644 1784070463.129021 sendmsg(71, {msg_name=NULL, msg_namelen=0, msg_iov=[{iov_base="l\1\1\1\344\0\0\0\312\0\0\0\235\0\0\0\1\1o\0;\0\0\0/re/frid"..., iov_len=404}], msg_iovlen=1, msg_controllen=0, msg_flags=0}, MSG_NOSIGNAL) = 404
24249 1784070463.131221 recvfrom(38, 0x7ff90a9de0, 3200, MSG_DONTWAIT, NULL, NULL) = -1 EAGAIN (Try again)
24249 1784070463.136714 recvfrom(38, "nysv\0\0\0\0\0\0\0\0\0\0\0\0\3154\300\261L\1\0\0\244K\1\0\0\0\0\0", 3200, MSG_DONTWAIT, NULL, NULL) = 32
24249 1784070463.136961 recvfrom(38, 0x7ff90aa020, 3200, MSG_DONTWAIT, NULL, NULL) = -1 EAGAIN (Try again)
24249 1784070463.137436 recvfrom(61, 0x71fb447820, 2272, MSG_DONTWAIT, NULL, NULL) = -1 EAGAIN (Try again)
24249 1784070463.274428 recvfrom(38, 0x7ff90a9de0, 3200, MSG_DONTWAIT, NULL, NULL) = -1 EAGAIN (Try again)
24249 1784070463.290113 recvfrom(38, "nysv\0\0\0\0\0\0\0\0\0\0\0\0\363\272\260\272L\1\0\0\255K\1\0\0\0\0\0", 3200, MSG_DONTWAIT, NULL, NULL) = 32
24249 1784070463.290628 recvfrom(38, 0x7ff90aa020, 3200, MSG_DONTWAIT, NULL, NULL) = -1 EAGAIN (Try again)
24249 1784070463.291396 recvfrom(61, 0x71fb447820, 2272, MSG_DONTWAIT, NULL, NULL) = -1 EAGAIN (Try again)
24249 1784070463.783543 recvfrom(38, 0x7ff90a9de0, 3200, MSG_DONTWAIT, NULL, NULL) = -1 EAGAIN (Try again)
24249 1784070463.787541 recvfrom(38, "nysv\0\0\0\0\0\0\0\0\0\0\0\0\20\274~\330L\1\0\0\312K\1\0\0\0\0\0", 3200, MSG_DONTWAIT, NULL, NULL) = 32
24249 1784070463.787938 recvfrom(38, 0x7ff90aa020, 3200, MSG_DONTWAIT, NULL, NULL) = -1 EAGAIN (Try again)
24249 1784070463.788295 recvfrom(61, 0x71fb447820, 2272, MSG_DONTWAIT, NULL, NULL) = -1 EAGAIN (Try again)
24644 1784070463.840766 sendmsg(71, {msg_name=NULL, msg_namelen=0, msg_iov=[{iov_base="l\1\1\1\344\0\0\0\313\0\0\0\235\0\0\0\1\1o\0;\0\0\0/re/frid"..., iov_len=404}], msg_iovlen=1, msg_controllen=0, msg_flags=0}, MSG_NOSIGNAL) = 404
24644 1784070464.193305 sendmsg(71, {msg_name=NULL, msg_namelen=0, msg_iov=[{iov_base="l\1\1\1\344\0\0\0\314\0\0\0\235\0\0\0\1\1o\0;\0\0\0/re/frid"..., iov_len=404}], msg_iovlen=1, msg_controllen=0, msg_flags=0}, MSG_NOSIGNAL) = 404
24249 1784070464.194489 recvfrom(38, 0x7ff90a9de0, 3200, MSG_DONTWAIT, NULL, NULL) = -1 EAGAIN (Try again)
24249 1784070464.202717 recvfrom(38, "nysv\0\0\0\0\0\0\0\0\0\0\0\0%`U\361L\1\0\0\343K\1\0\0\0\0\0", 3200, MSG_DONTWAIT, NULL, NULL) = 32
24249 1784070464.202929 recvfrom(38, 0x7ff90aa020, 3200, MSG_DONTWAIT, NULL, NULL) = -1 EAGAIN (Try again)
24249 1784070464.203244 recvfrom(61, 0x71fb447820, 2272, MSG_DONTWAIT, NULL, NULL) = -1 EAGAIN (Try again)
24249 1784070464.266524 recvfrom(38, 0x7ff90a8900, 3200, MSG_DONTWAIT, NULL, NULL) = -1 EAGAIN (Try again)
24249 1784070464.269177 recvfrom(38, "nysv\0\0\0\0\0\0\0\0\0\0\0\0\326%P\365L\1\0\0\347K\1\0\0\0\0\0", 3200, MSG_DONTWAIT, NULL, NULL) = 32
24249 1784070464.269316 recvfrom(38, 0x7ff90aa020, 3200, MSG_DONTWAIT, NULL, NULL) = -1 EAGAIN (Try again)
24249 1784070464.269704 recvfrom(61, 0x71fb447820, 2272, MSG_DONTWAIT, NULL, NULL) = -1 EAGAIN (Try again)
24644 1784070464.777061 sendmsg(71, {msg_name=NULL, msg_namelen=0, msg_iov=[{iov_base="l\1\1\1\344\0\0\0\315\0\0\0\235\0\0\0\1\1o\0;\0\0\0/re/frid"..., iov_len=404}], msg_iovlen=1, msg_controllen=0, msg_flags=0}, MSG_NOSIGNAL) = 404
24249 1784070464.779503 recvfrom(38, 0x7ff90a9de0, 3200, MSG_DONTWAIT, NULL, NULL) = -1 EAGAIN (Try again)
24249 1784070464.787835 recvfrom(38, "nysv\0\0\0\0\0\0\0\0\0\0\0\0\267\351\30\24M\1\0\0\6L\1\0\0\0\0\0", 3200, MSG_DONTWAIT, NULL, NULL) = 32
24249 1784070464.788176 recvfrom(38, 0x7ff90aa020, 3200, MSG_DONTWAIT, NULL, NULL) = -1 EAGAIN (Try again)
24249 1784070464.788619 recvfrom(61, 0x71fb447820, 2272, MSG_DONTWAIT, NULL, NULL) = -1 EAGAIN (Try again)
24644 1784070464.966409 sendmsg(71, {msg_name=NULL, msg_namelen=0, msg_iov=[{iov_base="l\1\1\1\344\0\0\0\316\0\0\0\235\0\0\0\1\1o\0;\0\0\0/re/frid"..., iov_len=404}], msg_iovlen=1, msg_controllen=0, msg_flags=0}, MSG_NOSIGNAL) = 404
24644 1784070465.145755 sendmsg(71, {msg_name=NULL, msg_namelen=0, msg_iov=[{iov_base="l\1\1\1\344\0\0\0\317\0\0\0\235\0\0\0\1\1o\0;\0\0\0/re/frid"..., iov_len=404}], msg_iovlen=1, msg_controllen=0, msg_flags=0}, MSG_NOSIGNAL) = 404
24249 1784070465.148809 recvfrom(38, 0x7ff90a9de0, 3200, MSG_DONTWAIT, NULL, NULL) = -1 EAGAIN (Try again)
24249 1784070465.152479 recvfrom(38, "nysv\0\0\0\0\0\0\0\0\0\0\0\0\340\35\364)M\1\0\0\34L\1\0\0\0\0\0", 3200, MSG_DONTWAIT, NULL, NULL) = 32
24249 1784070465.153055 recvfrom(38, 0x7ff90aa020, 3200, MSG_DONTWAIT, NULL, NULL) = -1 EAGAIN (Try again)
24249 1784070465.153701 recvfrom(61, 0x71fb447820, 2272, MSG_DONTWAIT, NULL, NULL) = -1 EAGAIN (Try again)
24249 1784070465.286752 recvfrom(38, 0x7ff90a9de0, 3200, MSG_DONTWAIT, NULL, NULL) = -1 EAGAIN (Try again)
24249 1784070465.307527 recvfrom(38, "nysv\0\0\0\0\0\0\0\0\0\0\0\0\315\236\3442M\1\0\0%L\1\0\0\0\0\0", 3200, MSG_DONTWAIT, NULL, NULL) = 32
24249 1784070465.307945 recvfrom(38, 0x7ff90aa020, 3200, MSG_DONTWAIT, NULL, NULL) = -1 EAGAIN (Try again)
24249 1784070465.308661 recvfrom(61, 0x71fb447820, 2272, MSG_DONTWAIT, NULL, NULL) = -1 EAGAIN (Try again)
24249 1784070465.789450 recvfrom(38, 0x7ff90a9de0, 3200, MSG_DONTWAIT, NULL, NULL) = -1 EAGAIN (Try again)
24249 1784070465.806589 recvfrom(38, "nysv\0\0\0\0\0\0\0\0\0\0\0\0\271\3\262PM\1\0\0CL\1\0\0\0\0\0", 3200, MSG_DONTWAIT, NULL, NULL) = 32
24249 1784070465.807243 recvfrom(38, 0x7ff90aa020, 3200, MSG_DONTWAIT, NULL, NULL) = -1 EAGAIN (Try again)
24249 1784070465.808123 recvfrom(61, 0x71fb447820, 2272, MSG_DONTWAIT, NULL, NULL) = -1 EAGAIN (Try again)
24644 1784070465.844346 sendmsg(71, {msg_name=NULL, msg_namelen=0, msg_iov=[{iov_base="l\1\1\1\344\0\0\0\320\0\0\0\235\0\0\0\1\1o\0;\0\0\0/re/frid"..., iov_len=404}], msg_iovlen=1, msg_controllen=0, msg_flags=0}, MSG_NOSIGNAL) = 404
24644 1784070466.200048 sendmsg(71, {msg_name=NULL, msg_namelen=0, msg_iov=[{iov_base="l\1\1\1\344\0\0\0\321\0\0\0\235\0\0\0\1\1o\0;\0\0\0/re/frid"..., iov_len=404}], msg_iovlen=1, msg_controllen=0, msg_flags=0}, MSG_NOSIGNAL) = 404
24249 1784070466.201465 recvfrom(38, 0x7ff90a9de0, 3200, MSG_DONTWAIT, NULL, NULL) = -1 EAGAIN (Try again)
24249 1784070466.203135 recvfrom(38, "nysv\0\0\0\0\0\0\0\0\0\0\0\0\310/\212hM\1\0\0[L\1\0\0\0\0\0", 3200, MSG_DONTWAIT, NULL, NULL) = 32
24249 1784070466.203532 recvfrom(38, 0x7ff90aa020, 3200, MSG_DONTWAIT, NULL, NULL) = -1 EAGAIN (Try again)
24249 1784070466.203787 recvfrom(61, 0x71fb447820, 2272, MSG_DONTWAIT, NULL, NULL) = -1 EAGAIN (Try again)
24249 1784070466.293501 recvfrom(38, 0x7ff90a9de0, 3200, MSG_DONTWAIT, NULL, NULL) = -1 EAGAIN (Try again)
24249 1784070466.304375 recvfrom(38, "nysv\0\0\0\0\0\0\0\0\0\0\0\0\261\360\177nM\1\0\0aL\1\0\0\0\0\0", 3200, MSG_DONTWAIT, NULL, NULL) = 32
24249 1784070466.304589 recvfrom(38, 0x7ff90aa020, 3200, MSG_DONTWAIT, NULL, NULL) = -1 EAGAIN (Try again)
24249 1784070466.305012 recvfrom(61, 0x71fb447820, 2272, MSG_DONTWAIT, NULL, NULL) = -1 EAGAIN (Try again)
24249 1784070466.795709 recvfrom(38, 0x7ff90a9de0, 3200, MSG_DONTWAIT, NULL, NULL) = -1 EAGAIN (Try again)
24249 1784070466.802351 recvfrom(38, "nysv\0\0\0\0\0\0\0\0\0\0\0\0\371\32M\214M\1\0\0\177L\1\0\0\0\0\0", 3200, MSG_DONTWAIT, NULL, NULL) = 32
24249 1784070466.802521 recvfrom(38, 0x7ff90aa020, 3200, MSG_DONTWAIT, NULL, NULL) = -1 EAGAIN (Try again)
24249 1784070466.802840 recvfrom(61, 0x71fb447820, 2272, MSG_DONTWAIT, NULL, NULL) = -1 EAGAIN (Try again)
24644 1784070466.975861 sendmsg(71, {msg_name=NULL, msg_namelen=0, msg_iov=[{iov_base="l\1\1\1\344\0\0\0\322\0\0\0\235\0\0\0\1\1o\0;\0\0\0/re/frid"..., iov_len=404}], msg_iovlen=1, msg_controllen=0, msg_flags=0}, MSG_NOSIGNAL) = 404
24644 1784070467.159092 sendmsg(71, {msg_name=NULL, msg_namelen=0, msg_iov=[{iov_base="l\1\1\1\344\0\0\0\323\0\0\0\235\0\0\0\1\1o\0;\0\0\0/re/frid"..., iov_len=404}], msg_iovlen=1, msg_controllen=0, msg_flags=0}, MSG_NOSIGNAL) = 404
24249 1784070467.160480 recvfrom(38, 0x7ff90a9de0, 3200, MSG_DONTWAIT, NULL, NULL) = -1 EAGAIN (Try again)
24249 1784070467.171953 recvfrom(38, "nysv\0\0\0\0\0\0\0\0\0\0\0\0\375\270'\242M\1\0\0\225L\1\0\0\0\0\0", 3200, MSG_DONTWAIT, NULL, NULL) = 32
24249 1784070467.172152 recvfrom(38, 0x7ff90aa020, 3200, MSG_DONTWAIT, NULL, NULL) = -1 EAGAIN (Try again)
24249 1784070467.172512 recvfrom(61, 0x71fb447820, 2272, MSG_DONTWAIT, NULL, NULL) = -1 EAGAIN (Try again)
24249 1784070467.300288 recvfrom(38, 0x7ff90a9de0, 3200, MSG_DONTWAIT, NULL, NULL) = -1 EAGAIN (Try again)
24249 1784070467.302393 recvfrom(38, "nysv\0\0\0\0\0\0\0\0\0\0\0\0jx\32\252M\1\0\0\235L\1\0\0\0\0\0", 3200, MSG_DONTWAIT, NULL, NULL) = 32
24249 1784070467.302633 recvfrom(38, 0x7ff90aa020, 3200, MSG_DONTWAIT, NULL, NULL) = -1 EAGAIN (Try again)
24249 1784070467.302977 recvfrom(61, 0x71fb447820, 2272, MSG_DONTWAIT, NULL, NULL) = -1 EAGAIN (Try again)
24249 1784070467.805379 recvfrom(38, 0x7ff90a9de0, 3200, MSG_DONTWAIT, NULL, NULL) = -1 EAGAIN (Try again)
24249 1784070467.819374 recvfrom(38, "nysv\0\0\0\0\0\0\0\0\0\0\0\0\2330\346\310M\1\0\0\274L\1\0\0\0\0\0", 3200, MSG_DONTWAIT, NULL, NULL) = 32
24249 1784070467.819861 recvfrom(38, 0x7ff90aa020, 3200, MSG_DONTWAIT, NULL, NULL) = -1 EAGAIN (Try again)
24249 1784070467.820649 recvfrom(61, 0x71fb447820, 2272, MSG_DONTWAIT, NULL, NULL) = -1 EAGAIN (Try again)
24644 1784070467.852133 sendmsg(71, {msg_name=NULL, msg_namelen=0, msg_iov=[{iov_base="l\1\1\1\344\0\0\0\324\0\0\0\235\0\0\0\1\1o\0;\0\0\0/re/frid"..., iov_len=404}], msg_iovlen=1, msg_controllen=0, msg_flags=0}, MSG_NOSIGNAL) = 404
24644 1784070468.213636 sendmsg(71, {msg_name=NULL, msg_namelen=0, msg_iov=[{iov_base="l\1\1\1\344\0\0\0\325\0\0\0\235\0\0\0\1\1o\0;\0\0\0/re/frid"..., iov_len=404}], msg_iovlen=1, msg_controllen=0, msg_flags=0}, MSG_NOSIGNAL) = 404
24249 1784070468.213891 recvfrom(38, 0x7ff90a9de0, 3200, MSG_DONTWAIT, NULL, NULL) = -1 EAGAIN (Try again)
24249 1784070468.220083 recvfrom(38, "nysv\0\0\0\0\0\0\0\0\0\0\0\0\264\27\276\340M\1\0\0\324L\1\0\0\0\0\0", 3200, MSG_DONTWAIT, NULL, NULL) = 32
24249 1784070468.220312 recvfrom(38, 0x7ff90aa020, 3200, MSG_DONTWAIT, NULL, NULL) = -1 EAGAIN (Try again)
24249 1784070468.220656 recvfrom(61, 0x71fb447820, 2272, MSG_DONTWAIT, NULL, NULL) = -1 EAGAIN (Try again)
24249 1784070468.286330 recvfrom(38, 0x7ff90a8900, 3200, MSG_DONTWAIT, NULL, NULL) = -1 EAGAIN (Try again)
24249 1784070468.302758 recvfrom(38, "nysv\0\0\0\0\0\0\0\0\0\0\0\0&I\266\345M\1\0\0\331L\1\0\0\0\0\0", 3200, MSG_DONTWAIT, NULL, NULL) = 32
24249 1784070468.303264 recvfrom(38, 0x7ff90aa020, 3200, MSG_DONTWAIT, NULL, NULL) = -1 EAGAIN (Try again)
24249 1784070468.305611 recvfrom(61, 0x71fb447820, 2272, MSG_DONTWAIT, NULL, NULL) = -1 EAGAIN (Try again)
24644 1784070468.799526 sendmsg(71, {msg_name=NULL, msg_namelen=0, msg_iov=[{iov_base="l\1\1\1\344\0\0\0\326\0\0\0\235\0\0\0\1\1o\0;\0\0\0/re/frid"..., iov_len=404}], msg_iovlen=1, msg_controllen=0, msg_flags=0}, MSG_NOSIGNAL) = 404
24249 1784070468.801978 recvfrom(38, 0x7ff90a9de0, 3200, MSG_DONTWAIT, NULL, NULL) = -1 EAGAIN (Try again)
24249 1784070468.821127 recvfrom(38, "nysv\0\0\0\0\0\0\0\0\0\0\0\0Q\373\200\4N\1\0\0\367L\1\0\0\0\0\0", 3200, MSG_DONTWAIT, NULL, NULL) = 32
24249 1784070468.821529 recvfrom(38, 0x7ff90aa020, 3200, MSG_DONTWAIT, NULL, NULL) = -1 EAGAIN (Try again)
24249 1784070468.822263 recvfrom(61, 0x71fb447820, 2272, MSG_DONTWAIT, NULL, NULL) = -1 EAGAIN (Try again)
24644 1784070468.987743 sendmsg(71, {msg_name=NULL, msg_namelen=0, msg_iov=[{iov_base="l\1\1\1\344\0\0\0\327\0\0\0\235\0\0\0\1\1o\0;\0\0\0/re/frid"..., iov_len=404}], msg_iovlen=1, msg_controllen=0, msg_flags=0}, MSG_NOSIGNAL) = 404
24644 1784070469.173375 sendmsg(71, {msg_name=NULL, msg_namelen=0, msg_iov=[{iov_base="l\1\1\1\344\0\0\0\330\0\0\0\235\0\0\0\1\1o\0;\0\0\0/re/frid"..., iov_len=404}], msg_iovlen=1, msg_controllen=0, msg_flags=0}, MSG_NOSIGNAL) = 404
24249 1784070469.174945 recvfrom(38, 0x7ff90a9de0, 3200, MSG_DONTWAIT, NULL, NULL) = -1 EAGAIN (Try again)
24249 1784070469.189480 recvfrom(38, "nysv\0\0\0\0\0\0\0\0\0\0\0\0A\234[\32N\1\0\0\rM\1\0\0\0\0\0", 3200, MSG_DONTWAIT, NULL, NULL) = 32
24249 1784070469.189787 recvfrom(38, 0x7ff90aa020, 3200, MSG_DONTWAIT, NULL, NULL) = -1 EAGAIN (Try again)
24249 1784070469.190414 recvfrom(61, 0x71fb447820, 2272, MSG_DONTWAIT, NULL, NULL) = -1 EAGAIN (Try again)
24249 1784070469.307974 recvfrom(38, 0x7ff90a9de0, 3200, MSG_DONTWAIT, NULL, NULL) = -1 EAGAIN (Try again)
24249 1784070469.322574 recvfrom(38, "nysv\0\0\0\0\0\0\0\0\0\0\0\0W\26N\"N\1\0\0\25M\1\0\0\0\0\0", 3200, MSG_DONTWAIT, NULL, NULL) = 32
24249 1784070469.322911 recvfrom(38, 0x7ff90aa020, 3200, MSG_DONTWAIT, NULL, NULL) = -1 EAGAIN (Try again)
24249 1784070469.323661 recvfrom(61, 0x71fb447820, 2272, MSG_DONTWAIT, NULL, NULL) = -1 EAGAIN (Try again)
24249 1784070469.811770 recvfrom(38, 0x7ff90a9de0, 3200, MSG_DONTWAIT, NULL, NULL) = -1 EAGAIN (Try again)
24249 1784070469.819631 recvfrom(38, "nysv\0\0\0\0\0\0\0\0\0\0\0\0\t\266\33@N\1\0\0003M\1\0\0\0\0\0", 3200, MSG_DONTWAIT, NULL, NULL) = 32
24249 1784070469.820039 recvfrom(38, 0x7ff90aa020, 3200, MSG_DONTWAIT, NULL, NULL) = -1 EAGAIN (Try again)
24249 1784070469.820790 recvfrom(61, 0x71fb447820, 2272, MSG_DONTWAIT, NULL, NULL) = -1 EAGAIN (Try again)
24644 1784070469.866494 sendmsg(71, {msg_name=NULL, msg_namelen=0, msg_iov=[{iov_base="l\1\1\1\344\0\0\0\331\0\0\0\235\0\0\0\1\1o\0;\0\0\0/re/frid"..., iov_len=404}], msg_iovlen=1, msg_controllen=0, msg_flags=0}, MSG_NOSIGNAL) = 404
24644 1784070470.224695 sendmsg(71, {msg_name=NULL, msg_namelen=0, msg_iov=[{iov_base="l\1\1\1\344\0\0\0\332\0\0\0\235\0\0\0\1\1o\0;\0\0\0/re/frid"..., iov_len=404}], msg_iovlen=1, msg_controllen=0, msg_flags=0}, MSG_NOSIGNAL) = 404
24249 1784070470.227648 recvfrom(38, 0x7ff90a9de0, 3200, MSG_DONTWAIT, NULL, NULL) = -1 EAGAIN (Try again)
24249 1784070470.237673 recvfrom(38, "nysv\0\0\0\0\0\0\0\0\0\0\0\0\17z\362XN\1\0\0LM\1\0\0\0\0\0", 3200, MSG_DONTWAIT, NULL, NULL) = 32
24249 1784070470.237837 recvfrom(38, 0x7ff90aa020, 3200, MSG_DONTWAIT, NULL, NULL) = -1 EAGAIN (Try again)
24249 1784070470.238171 recvfrom(61, 0x71fb447820, 2272, MSG_DONTWAIT, NULL, NULL) = -1 EAGAIN (Try again)
24249 1784070470.317904 recvfrom(38, 0x7ff90a9de0, 3200, MSG_DONTWAIT, NULL, NULL) = -1 EAGAIN (Try again)
24249 1784070470.319431 recvfrom(38, "nysv\0\0\0\0\0\0\0\0\0\0\0\0\25\206\351]N\1\0\0QM\1\0\0\0\0\0", 3200, MSG_DONTWAIT, NULL, NULL) = 32
24249 1784070470.319637 recvfrom(38, 0x7ff90aa020, 3200, MSG_DONTWAIT, NULL, NULL) = -1 EAGAIN (Try again)
24249 1784070470.319841 recvfrom(61, 0x71fb447820, 2272, MSG_DONTWAIT, NULL, NULL) = -1 EAGAIN (Try again)
24841 1784070470.714229 clone(child_stack=0x711cad9d40, flags=CLONE_VM|CLONE_FS|CLONE_FILES|CLONE_SIGHAND|CLONE_THREAD|CLONE_SYSVSEM|CLONE_SETTLS|CLONE_PARENT_SETTID|CLONE_CHILD_CLEARTID, parent_tidptr=0x711cad9d60, tls=0x711cada020, child_tidptr=0x711cad9d60) = 25436
25436 1784070470.717105 openat(AT_FDCWD, "/proc/25436/timerslack_ns", O_WRONLY|O_CREAT|O_TRUNC|O_NOFOLLOW|O_CLOEXEC, 0666) = 56
24249 1784070470.820141 recvfrom(38, 0x7ff90a9de0, 3200, MSG_DONTWAIT, NULL, NULL) = -1 EAGAIN (Try again)
24249 1784070470.838838 recvfrom(38, "nysv\0\0\0\0\0\0\0\0\0\0\0\0E\225\264|N\1\0\0pM\1\0\0\0\0\0", 3200, MSG_DONTWAIT, NULL, NULL) = 32
24249 1784070470.839000 recvfrom(38, 0x7ff90aa020, 3200, MSG_DONTWAIT, NULL, NULL) = -1 EAGAIN (Try again)
24249 1784070470.839336 recvfrom(61, 0x71fb447820, 2272, MSG_DONTWAIT, NULL, NULL) = -1 EAGAIN (Try again)
24644 1784070470.995862 sendmsg(71, {msg_name=NULL, msg_namelen=0, msg_iov=[{iov_base="l\1\1\1\344\0\0\0\333\0\0\0\235\0\0\0\1\1o\0;\0\0\0/re/frid"..., iov_len=404}], msg_iovlen=1, msg_controllen=0, msg_flags=0}, MSG_NOSIGNAL) = 404
24644 1784070471.185016 sendmsg(71, {msg_name=NULL, msg_namelen=0, msg_iov=[{iov_base="l\1\1\1\344\0\0\0\334\0\0\0\235\0\0\0\1\1o\0;\0\0\0/re/frid"..., iov_len=404}], msg_iovlen=1, msg_controllen=0, msg_flags=0}, MSG_NOSIGNAL) = 404
24249 1784070471.188930 recvfrom(38, 0x7ff90a9de0, 3200, MSG_DONTWAIT, NULL, NULL) = -1 EAGAIN (Try again)
24249 1784070471.202950 recvfrom(38, "nysv\0\0\0\0\0\0\0\0\0\0\0\0a\2\220\222N\1\0\0\205M\1\0\0\0\0\0", 3200, MSG_DONTWAIT, NULL, NULL) = 32
24249 1784070471.203340 recvfrom(38, 0x7ff90aa020, 3200, MSG_DONTWAIT, NULL, NULL) = -1 EAGAIN (Try again)
24249 1784070471.204189 recvfrom(61, 0x71fb447820, 2272, MSG_DONTWAIT, NULL, NULL) = -1 EAGAIN (Try again)
24249 1784070471.324425 recvfrom(38, 0x7ff90a9de0, 3200, MSG_DONTWAIT, NULL, NULL) = -1 EAGAIN (Try again)
24249 1784070471.339214 recvfrom(38, "nysv\0\0\0\0\0\0\0\0\0\0\0\0001\372\201\232N\1\0\0\215M\1\0\0\0\0\0", 3200, MSG_DONTWAIT, NULL, NULL) = 32
24249 1784070471.339541 recvfrom(38, 0x7ff90aa020, 3200, MSG_DONTWAIT, NULL, NULL) = -1 EAGAIN (Try again)
24249 1784070471.340171 recvfrom(61, 0x71fb447820, 2272, MSG_DONTWAIT, NULL, NULL) = -1 EAGAIN (Try again)
24249 1784070471.827903 recvfrom(38, 0x7ff90a9de0, 3200, MSG_DONTWAIT, NULL, NULL) = -1 EAGAIN (Try again)
24249 1784070471.839131 recvfrom(38, "nysv\0\0\0\0\0\0\0\0\0\0\0\0\35_O\270N\1\0\0\247M\1\0\0\0\0\0", 3200, MSG_DONTWAIT, NULL, NULL) = 32
24249 1784070471.839577 recvfrom(38, 0x7ff90aa020, 3200, MSG_DONTWAIT, NULL, NULL) = -1 EAGAIN (Try again)
24249 1784070471.840167 recvfrom(61, 0x71fb447820, 2272, MSG_DONTWAIT, NULL, NULL) = -1 EAGAIN (Try again)
24644 1784070471.879024 sendmsg(71, {msg_name=NULL, msg_namelen=0, msg_iov=[{iov_base="l\1\1\1\344\0\0\0\335\0\0\0\235\0\0\0\1\1o\0;\0\0\0/re/frid"..., iov_len=404}], msg_iovlen=1, msg_controllen=0, msg_flags=0}, MSG_NOSIGNAL) = 404
24644 1784070472.232904 sendmsg(71, {msg_name=NULL, msg_namelen=0, msg_iov=[{iov_base="l\1\1\1\344\0\0\0\336\0\0\0\235\0\0\0\1\1o\0;\0\0\0/re/frid"..., iov_len=404}], msg_iovlen=1, msg_controllen=0, msg_flags=0}, MSG_NOSIGNAL) = 404
24249 1784070472.234142 recvfrom(38, 0x7ff90a9de0, 3200, MSG_DONTWAIT, NULL, NULL) = -1 EAGAIN (Try again)
24249 1784070472.235641 recvfrom(38, "nysv\0\0\0\0\0\0\0\0\0\0\0\0\230\366'\320N\1\0\0\276M\1\0\0\0\0\0", 3200, MSG_DONTWAIT, NULL, NULL) = 32
24249 1784070472.236083 recvfrom(38, 0x7ff90aa020, 3200, MSG_DONTWAIT, NULL, NULL) = -1 EAGAIN (Try again)
24249 1784070472.236567 recvfrom(61, 0x71fb447820, 2272, MSG_DONTWAIT, NULL, NULL) = -1 EAGAIN (Try again)
24249 1784070472.321665 recvfrom(38, 0x7ff90a8900, 3200, MSG_DONTWAIT, NULL, NULL) = -1 EAGAIN (Try again)
24249 1784070472.336150 recvfrom(38, "nysv\0\0\0\0\0\0\0\0\0\0\0\0j\226\35\326N\1\0\0\304M\1\0\0\0\0\0", 3200, MSG_DONTWAIT, NULL, NULL) = 32
24249 1784070472.336581 recvfrom(38, 0x7ff90aa020, 3200, MSG_DONTWAIT, NULL, NULL) = -1 EAGAIN (Try again)
24249 1784070472.338861 recvfrom(61, 0x71fb447820, 2272, MSG_DONTWAIT, NULL, NULL) = -1 EAGAIN (Try again)
24644 1784070472.950680 sendmsg(71, {msg_name=NULL, msg_namelen=0, msg_iov=[{iov_base="l\1\1\1\344\0\0\0\337\0\0\0\235\0\0\0\1\1o\0;\0\0\0/re/frid"..., iov_len=404}], msg_iovlen=1, msg_controllen=0, msg_flags=0}, MSG_NOSIGNAL) = 404
24249 1784070472.953412 recvfrom(38, 0x7ff90a9de0, 3200, MSG_DONTWAIT, NULL, NULL) = -1 EAGAIN (Try again)
24249 1784070472.971426 recvfrom(38, "nysv\0\0\0\0\0\0\0\0\0\0\0\00023\371\373N\1\0\0\336M\1\0\0\0\0\0", 3200, MSG_DONTWAIT, NULL, NULL) = 32
24249 1784070472.971688 recvfrom(38, 0x7ff90aa020, 3200, MSG_DONTWAIT, NULL, NULL) = -1 EAGAIN (Try again)
24249 1784070472.972216 recvfrom(61, 0x71fb447820, 2272, MSG_DONTWAIT, NULL, NULL) = -1 EAGAIN (Try again)
24644 1784070473.015735 sendmsg(71, {msg_name=NULL, msg_namelen=0, msg_iov=[{iov_base="l\1\1\1\344\0\0\0\340\0\0\0\235\0\0\0\1\1o\0;\0\0\0/re/frid"..., iov_len=404}], msg_iovlen=1, msg_controllen=0, msg_flags=0}, MSG_NOSIGNAL) = 404
24644 1784070473.199032 sendmsg(71, {msg_name=NULL, msg_namelen=0, msg_iov=[{iov_base="l\1\1\1\344\0\0\0\341\0\0\0\235\0\0\0\1\1o\0;\0\0\0/re/frid"..., iov_len=404}], msg_iovlen=1, msg_controllen=0, msg_flags=0}, MSG_NOSIGNAL) = 404
24249 1784070473.201609 recvfrom(38, 0x7ff90a9de0, 3200, MSG_DONTWAIT, NULL, NULL) = -1 EAGAIN (Try again)
24249 1784070473.204492 recvfrom(38, "nysv\0\0\0\0\0\0\0\0\0\0\0\0\7]\305\tO\1\0\0\353M\1\0\0\0\0\0", 3200, MSG_DONTWAIT, NULL, NULL) = 32
24249 1784070473.204777 recvfrom(38, 0x7ff90aa020, 3200, MSG_DONTWAIT, NULL, NULL) = -1 EAGAIN (Try again)
24249 1784070473.205056 recvfrom(61, 0x71fb447820, 2272, MSG_DONTWAIT, NULL, NULL) = -1 EAGAIN (Try again)
24249 1784070473.456489 recvfrom(38, 0x7ff90a9de0, 3200, MSG_DONTWAIT, NULL, NULL) = -1 EAGAIN (Try again)
24249 1784070473.472875 recvfrom(38, "nysv\0\0\0\0\0\0\0\0\0\0\0\0001\17\252\31O\1\0\0\372M\1\0\0\0\0\0", 3200, MSG_DONTWAIT, NULL, NULL) = 32
24249 1784070473.473491 recvfrom(38, 0x7ff90aa020, 3200, MSG_DONTWAIT, NULL, NULL) = -1 EAGAIN (Try again)
24249 1784070473.474533 recvfrom(61, 0x71fb447820, 2272, MSG_DONTWAIT, NULL, NULL) = -1 EAGAIN (Try again)
24644 1784070473.893451 sendmsg(71, {msg_name=NULL, msg_namelen=0, msg_iov=[{iov_base="l\1\1\1\344\0\0\0\342\0\0\0\235\0\0\0\1\1o\0;\0\0\0/re/frid"..., iov_len=404}], msg_iovlen=1, msg_controllen=0, msg_flags=0}, MSG_NOSIGNAL) = 404
24249 1784070473.960205 recvfrom(38, 0x7ff90a9de0, 3200, MSG_DONTWAIT, NULL, NULL) = -1 EAGAIN (Try again)
24249 1784070473.971333 recvfrom(38, "nysv\0\0\0\0\0\0\0\0\0\0\0\0\35tw7O\1\0\0\27N\1\0\0\0\0\0", 3200, MSG_DONTWAIT, NULL, NULL) = 32
24249 1784070473.971616 recvfrom(38, 0x7ff90aa020, 3200, MSG_DONTWAIT, NULL, NULL) = -1 EAGAIN (Try again)
24249 1784070473.972149 recvfrom(61, 0x71fb447820, 2272, MSG_DONTWAIT, NULL, NULL) = -1 EAGAIN (Try again)
24644 1784070474.248649 sendmsg(71, {msg_name=NULL, msg_namelen=0, msg_iov=[{iov_base="l\1\1\1\344\0\0\0\343\0\0\0\235\0\0\0\1\1o\0;\0\0\0/re/frid"..., iov_len=404}], msg_iovlen=1, msg_controllen=0, msg_flags=0}, MSG_NOSIGNAL) = 404
24249 1784070474.250228 recvfrom(38, 0x7ff90a9de0, 3200, MSG_DONTWAIT, NULL, NULL) = -1 EAGAIN (Try again)
24249 1784070474.253096 recvfrom(38, "nysv\0\0\0\0\0\0\0\0\0\0\0\0\211\255[HO\1\0\0(N\1\0\0\0\0\0", 3200, MSG_DONTWAIT, NULL, NULL) = 32
24249 1784070474.253400 recvfrom(38, 0x7ff90aa020, 3200, MSG_DONTWAIT, NULL, NULL) = -1 EAGAIN (Try again)
24249 1784070474.258034 recvfrom(61, 0x71fb447820, 2272, MSG_DONTWAIT, NULL, NULL) = -1 EAGAIN (Try again)
24249 1784070474.464276 recvfrom(38, 0x7ff90a9de0, 3200, MSG_DONTWAIT, NULL, NULL) = -1 EAGAIN (Try again)
24249 1784070474.470364 recvfrom(38, "nysv\0\0\0\0\0\0\0\0\0\0\0\0\t\331DUO\1\0\0005N\1\0\0\0\0\0", 3200, MSG_DONTWAIT, NULL, NULL) = 32
24249 1784070474.470563 recvfrom(38, 0x7ff90aa020, 3200, MSG_DONTWAIT, NULL, NULL) = -1 EAGAIN (Try again)
24249 1784070474.470942 recvfrom(61, 0x71fb447820, 2272, MSG_DONTWAIT, NULL, NULL) = -1 EAGAIN (Try again)
24249 1784070474.971513 recvfrom(38, 0x7ff90a9de0, 3200, MSG_DONTWAIT, NULL, NULL) = -1 EAGAIN (Try again)
24249 1784070474.991580 recvfrom(38, "nysv\0\0\0\0\0\0\0\0\0\0\0\0\37\216\20tO\1\0\0TN\1\0\0\0\0\0", 3200, MSG_DONTWAIT, NULL, NULL) = 32
24249 1784070474.991929 recvfrom(38, 0x7ff90aa020, 3200, MSG_DONTWAIT, NULL, NULL) = -1 EAGAIN (Try again)
24249 1784070474.992489 recvfrom(61, 0x71fb447820, 2272, MSG_DONTWAIT, NULL, NULL) = -1 EAGAIN (Try again)
24644 1784070475.036019 sendmsg(71, {msg_name=NULL, msg_namelen=0, msg_iov=[{iov_base="l\1\1\1\344\0\0\0\344\0\0\0\235\0\0\0\1\1o\0;\0\0\0/re/frid"..., iov_len=404}], msg_iovlen=1, msg_controllen=0, msg_flags=0}, MSG_NOSIGNAL) = 404
24644 1784070475.213044 sendmsg(71, {msg_name=NULL, msg_namelen=0, msg_iov=[{iov_base="l\1\1\1\344\0\0\0\345\0\0\0\235\0\0\0\1\1o\0;\0\0\0/re/frid"..., iov_len=404}], msg_iovlen=1, msg_controllen=0, msg_flags=0}, MSG_NOSIGNAL <unfinished ...>
24249 1784070475.213291 recvfrom(38,  <unfinished ...>
24644 1784070475.213350 <... sendmsg resumed> ) = 404
24249 1784070475.213565 <... recvfrom resumed> 0x7ff90a9de0, 3200, MSG_DONTWAIT, NULL, NULL) = -1 EAGAIN (Try again)
24249 1784070475.219499 recvfrom(38, "nysv\0\0\0\0\0\0\0\0\0\0\0\0006;\371\201O\1\0\0bN\1\0\0\0\0\0", 3200, MSG_DONTWAIT, NULL, NULL) = 32
24249 1784070475.219842 recvfrom(38, 0x7ff90aa020, 3200, MSG_DONTWAIT, NULL, NULL) = -1 EAGAIN (Try again)
24249 1784070475.220609 recvfrom(61, 0x71fb447820, 2272, MSG_DONTWAIT, NULL, NULL) = -1 EAGAIN (Try again)
24249 1784070475.476044 recvfrom(38, 0x7ff90a9de0, 3200, MSG_DONTWAIT, NULL, NULL) = -1 EAGAIN (Try again)
24249 1784070475.486494 recvfrom(38, "nysv\0\0\0\0\0\0\0\0\0\0\0\0DA\336\221O\1\0\0oN\1\0\0\0\0\0", 3200, MSG_DONTWAIT, NULL, NULL) = 32
24249 1784070475.487404 recvfrom(38, 0x7ff90aa020, 3200, MSG_DONTWAIT, NULL, NULL) = -1 EAGAIN (Try again)
24249 1784070475.488104 recvfrom(61, 0x71fb447820, 2272, MSG_DONTWAIT, NULL, NULL) = -1 EAGAIN (Try again)
24644 1784070475.911634 sendmsg(71, {msg_name=NULL, msg_namelen=0, msg_iov=[{iov_base="l\1\1\1\344\0\0\0\346\0\0\0\235\0\0\0\1\1o\0;\0\0\0/re/frid"..., iov_len=404}], msg_iovlen=1, msg_controllen=0, msg_flags=0}, MSG_NOSIGNAL) = 404
24249 1784070475.981394 recvfrom(38, 0x7ff90a9de0, 3200, MSG_DONTWAIT, NULL, NULL) = -1 EAGAIN (Try again)
24249 1784070475.985680 recvfrom(38, "nysv\0\0\0\0\0\0\0\0\0\0\0\0F\252\253\257O\1\0\0\214N\1\0\0\0\0\0", 3200, MSG_DONTWAIT, NULL, NULL) = 32
24249 1784070475.986126 recvfrom(38, 0x7ff90aa020, 3200, MSG_DONTWAIT, NULL, NULL) = -1 EAGAIN (Try again)
24249 1784070475.986693 recvfrom(61, 0x71fb447820, 2272, MSG_DONTWAIT, NULL, NULL) = -1 EAGAIN (Try again)
24644 1784070476.263143 sendmsg(71, {msg_name=NULL, msg_namelen=0, msg_iov=[{iov_base="l\1\1\1\344\0\0\0\347\0\0\0\235\0\0\0\1\1o\0;\0\0\0/re/frid"..., iov_len=404}], msg_iovlen=1, msg_controllen=0, msg_flags=0}, MSG_NOSIGNAL) = 404
24249 1784070476.265177 recvfrom(38, 0x7ff90a9de0, 3200, MSG_DONTWAIT, NULL, NULL) = -1 EAGAIN (Try again)
24249 1784070476.269032 recvfrom(38, "nysv\0\0\0\0\0\0\0\0\0\0\0\0\3509\220\300O\1\0\0\234N\1\0\0\0\0\0", 3200, MSG_DONTWAIT, NULL, NULL) = 32
24249 1784070476.269362 recvfrom(38, 0x7ff90aa020, 3200, MSG_DONTWAIT, NULL, NULL) = -1 EAGAIN (Try again)
24249 1784070476.269718 recvfrom(61, 0x71fb447820, 2272, MSG_DONTWAIT, NULL, NULL) = -1 EAGAIN (Try again)
24249 1784070476.351433 recvfrom(38, 0x7ff90a8900, 3200, MSG_DONTWAIT, NULL, NULL) = -1 EAGAIN (Try again)
24249 1784070476.358250 recvfrom(38, "nysv\0\0\0\0\0\0\0\0\0\0\0\0u\257\207\305O\1\0\0\241N\1\0\0\0\0\0", 3200, MSG_DONTWAIT, NULL, NULL) = 32
24249 1784070476.358471 recvfrom(38, 0x7ff90aa020, 3200, MSG_DONTWAIT, NULL, NULL) = -1 EAGAIN (Try again)
24249 1784070476.358627 recvfrom(61, 0x71fb447820, 2272, MSG_DONTWAIT, NULL, NULL) = -1 EAGAIN (Try again)
24644 1784070476.861607 sendmsg(71, {msg_name=NULL, msg_namelen=0, msg_iov=[{iov_base="l\1\1\1\344\0\0\0\350\0\0\0\235\0\0\0\1\1o\0;\0\0\0/re/frid"..., iov_len=404}], msg_iovlen=1, msg_controllen=0, msg_flags=0}, MSG_NOSIGNAL) = 404
24249 1784070476.865800 recvfrom(38, 0x7ff90a9de0, 3200, MSG_DONTWAIT, NULL, NULL) = -1 EAGAIN (Try again)
24249 1784070476.869317 recvfrom(38, "nysv\0\0\0\0\0\0\0\0\0\0\0\0e5R\344O\1\0\0\277N\1\0\0\0\0\0", 3200, MSG_DONTWAIT, NULL, NULL) = 32
24249 1784070476.869713 recvfrom(38, 0x7ff90aa020, 3200, MSG_DONTWAIT, NULL, NULL) = -1 EAGAIN (Try again)
24249 1784070476.870343 recvfrom(61, 0x71fb447820, 2272, MSG_DONTWAIT, NULL, NULL) = -1 EAGAIN (Try again)
24644 1784070477.049929 sendmsg(71, {msg_name=NULL, msg_namelen=0, msg_iov=[{iov_base="l\1\1\1\344\0\0\0\351\0\0\0\235\0\0\0\1\1o\0;\0\0\0/re/frid"..., iov_len=404}], msg_iovlen=1, msg_controllen=0, msg_flags=0}, MSG_NOSIGNAL) = 404
24270 1784070477.148582 openat(AT_FDCWD, "/data/misc/profiles/cur/0/barilyuk.batterytemperature/primary.prof", O_RDWR|O_NOFOLLOW|O_CLOEXEC) = 56
24270 1784070477.149676 newfstatat(AT_FDCWD, "/data/misc/profiles/cur/0/barilyuk.batterytemperature/primary.prof", {st_mode=S_IFREG|0600, st_size=3596, ...}, 0) = 0
24644 1784070477.223349 sendmsg(71, {msg_name=NULL, msg_namelen=0, msg_iov=[{iov_base="l\1\1\1\344\0\0\0\352\0\0\0\235\0\0\0\1\1o\0;\0\0\0/re/frid"..., iov_len=404}], msg_iovlen=1, msg_controllen=0, msg_flags=0}, MSG_NOSIGNAL) = 404
24249 1784070477.225174 recvfrom(38, 0x7ff90a9de0, 3200, MSG_DONTWAIT, NULL, NULL) = -1 EAGAIN (Try again)
24249 1784070477.239690 recvfrom(38, "nysv\0\0\0\0\0\0\0\0\0\0\0\0E\324,\372O\1\0\0\325N\1\0\0\0\0\0", 3200, MSG_DONTWAIT, NULL, NULL) = 32
24249 1784070477.239897 recvfrom(38, 0x7ff90aa020, 3200, MSG_DONTWAIT, NULL, NULL) = -1 EAGAIN (Try again)
24249 1784070477.240337 recvfrom(61, 0x71fb447820, 2272, MSG_DONTWAIT, NULL, NULL) = -1 EAGAIN (Try again)
24249 1784070477.369731 recvfrom(38, 0x7ff90a9de0, 3200, MSG_DONTWAIT, NULL, NULL) = -1 EAGAIN (Try again)
24249 1784070477.392569 recvfrom(38, "nysv\0\0\0\0\0\0\0\0\0\0\0\0\277\245\35\3P\1\0\0\336N\1\0\0\0\0\0", 3200, MSG_DONTWAIT, NULL, NULL) = 32
24249 1784070477.392965 recvfrom(38, 0x7ff90aa020, 3200, MSG_DONTWAIT, NULL, NULL) = -1 EAGAIN (Try again)
24249 1784070477.393745 recvfrom(61, 0x71fb447820, 2272, MSG_DONTWAIT, NULL, NULL) = -1 EAGAIN (Try again)
24249 1784070477.872362 recvfrom(38, 0x7ff90a9de0, 3200, MSG_DONTWAIT, NULL, NULL) = -1 EAGAIN (Try again)
24249 1784070477.890555 recvfrom(38, "nysv\0\0\0\0\0\0\0\0\0\0\0\0\253\n\353 P\1\0\0\372N\1\0\0\0\0\0", 3200, MSG_DONTWAIT, NULL, NULL) = 32
24249 1784070477.891246 recvfrom(38, 0x7ff90aa020, 3200, MSG_DONTWAIT, NULL, NULL) = -1 EAGAIN (Try again)
24249 1784070477.892183 recvfrom(61, 0x71fb447820, 2272, MSG_DONTWAIT, NULL, NULL) = -1 EAGAIN (Try again)
24644 1784070477.925804 sendmsg(71, {msg_name=NULL, msg_namelen=0, msg_iov=[{iov_base="l\1\1\1\344\0\0\0\353\0\0\0\235\0\0\0\1\1o\0;\0\0\0/re/frid"..., iov_len=404}], msg_iovlen=1, msg_controllen=0, msg_flags=0}, MSG_NOSIGNAL) = 404
24644 1784070478.281390 sendmsg(71, {msg_name=NULL, msg_namelen=0, msg_iov=[{iov_base="l\1\1\1\344\0\0\0\354\0\0\0\235\0\0\0\1\1o\0;\0\0\0/re/frid"..., iov_len=404}], msg_iovlen=1, msg_controllen=0, msg_flags=0}, MSG_NOSIGNAL) = 404
24249 1784070478.282327 recvfrom(38, 0x7ff90a9de0, 3200, MSG_DONTWAIT, NULL, NULL) = -1 EAGAIN (Try again)
24249 1784070478.286540 recvfrom(38, "nysv\0\0\0\0\0\0\0\0\0\0\0\0vl\3038P\1\0\0\22O\1\0\0\0\0\0", 3200, MSG_DONTWAIT, NULL, NULL) = 32
24249 1784070478.286704 recvfrom(38, 0x7ff90aa020, 3200, MSG_DONTWAIT, NULL, NULL) = -1 EAGAIN (Try again)
24249 1784070478.287049 recvfrom(61, 0x71fb447820, 2272, MSG_DONTWAIT, NULL, NULL) = -1 EAGAIN (Try again)
24249 1784070478.375343 recvfrom(38, 0x7ff90a9de0, 3200, MSG_DONTWAIT, NULL, NULL) = -1 EAGAIN (Try again)
24249 1784070478.386587 recvfrom(38, "nysv\0\0\0\0\0\0\0\0\0\0\0\0\t\213\270>P\1\0\0\30O\1\0\0\0\0\0", 3200, MSG_DONTWAIT, NULL, NULL) = 32
24249 1784070478.386810 recvfrom(38, 0x7ff90aa020, 3200, MSG_DONTWAIT, NULL, NULL) = -1 EAGAIN (Try again)
24249 1784070478.387269 recvfrom(61, 0x71fb447820, 2272, MSG_DONTWAIT, NULL, NULL) = -1 EAGAIN (Try again)
24249 1784070478.880331 recvfrom(38, 0x7ff90a9de0, 3200, MSG_DONTWAIT, NULL, NULL) = -1 EAGAIN (Try again)
24249 1784070478.885793 recvfrom(38, "nysv\0\0\0\0\0\0\0\0\0\0\0\0\304>\206\\P\1\0\0005O\1\0\0\0\0\0", 3200, MSG_DONTWAIT, NULL, NULL) = 32
24249 1784070478.886205 recvfrom(38, 0x7ff90aa020, 3200, MSG_DONTWAIT, NULL, NULL) = -1 EAGAIN (Try again)
24249 1784070478.886683 recvfrom(61, 0x71fb447820, 2272, MSG_DONTWAIT, NULL, NULL) = -1 EAGAIN (Try again)
24644 1784070479.064204 sendmsg(71, {msg_name=NULL, msg_namelen=0, msg_iov=[{iov_base="l\1\1\1\344\0\0\0\355\0\0\0\235\0\0\0\1\1o\0;\0\0\0/re/frid"..., iov_len=404}], msg_iovlen=1, msg_controllen=0, msg_flags=0}, MSG_NOSIGNAL) = 404
24644 1784070479.237058 sendmsg(71, {msg_name=NULL, msg_namelen=0, msg_iov=[{iov_base="l\1\1\1\344\0\0\0\356\0\0\0\235\0\0\0\1\1o\0;\0\0\0/re/frid"..., iov_len=404}], msg_iovlen=1, msg_controllen=0, msg_flags=0}, MSG_NOSIGNAL) = 404
24249 1784070479.240114 recvfrom(38, 0x7ff90a9de0, 3200, MSG_DONTWAIT, NULL, NULL) = -1 EAGAIN (Try again)
24249 1784070479.252819 recvfrom(38, "nysv\0\0\0\0\0\0\0\0\0\0\0\0N\233arP\1\0\0KO\1\0\0\0\0\0", 3200, MSG_DONTWAIT, NULL, NULL) = 32
24249 1784070479.253148 recvfrom(38, 0x7ff90aa020, 3200, MSG_DONTWAIT, NULL, NULL) = -1 EAGAIN (Try again)
24249 1784070479.253789 recvfrom(61, 0x71fb447820, 2272, MSG_DONTWAIT, NULL, NULL) = -1 EAGAIN (Try again)
24249 1784070479.384465 recvfrom(38, 0x7ff90a9de0, 3200, MSG_DONTWAIT, NULL, NULL) = -1 EAGAIN (Try again)
24249 1784070479.404844 recvfrom(38, "nysv\0\0\0\0\0\0\0\0\0\0\0\0;\242Q{P\1\0\0SO\1\0\0\0\0\0", 3200, MSG_DONTWAIT, NULL, NULL) = 32
24249 1784070479.405337 recvfrom(38, 0x7ff90aa020, 3200, MSG_DONTWAIT, NULL, NULL) = -1 EAGAIN (Try again)
24249 1784070479.405948 recvfrom(61, 0x71fb447820, 2272, MSG_DONTWAIT, NULL, NULL) = -1 EAGAIN (Try again)
24249 1784070479.886747 recvfrom(38, 0x7ff90a9de0, 3200, MSG_DONTWAIT, NULL, NULL) = -1 EAGAIN (Try again)
24249 1784070479.906053 recvfrom(38, "nysv\0\0\0\0\0\0\0\0\0\0\0\0\205\356\36\231P\1\0\0qO\1\0\0\0\0\0", 3200, MSG_DONTWAIT, NULL, NULL) = 32
24249 1784070479.906824 recvfrom(38, 0x7ff90aa020, 3200, MSG_DONTWAIT, NULL, NULL) = -1 EAGAIN (Try again)
24249 1784070479.907714 recvfrom(61, 0x71fb447820, 2272, MSG_DONTWAIT, NULL, NULL) = -1 EAGAIN (Try again)
24644 1784070479.937185 sendmsg(71, {msg_name=NULL, msg_namelen=0, msg_iov=[{iov_base="l\1\1\1\344\0\0\0\357\0\0\0\235\0\0\0\1\1o\0;\0\0\0/re/frid"..., iov_len=404}], msg_iovlen=1, msg_controllen=0, msg_flags=0}, MSG_NOSIGNAL) = 404
24644 1784070480.290068 sendmsg(71, {msg_name=NULL, msg_namelen=0, msg_iov=[{iov_base="l\1\1\1\344\0\0\0\360\0\0\0\235\0\0\0\1\1o\0;\0\0\0/re/frid"..., iov_len=404}], msg_iovlen=1, msg_controllen=0, msg_flags=0}, MSG_NOSIGNAL) = 404
24249 1784070480.292369 recvfrom(38, 0x7ff90a9de0, 3200, MSG_DONTWAIT, NULL, NULL) = -1 EAGAIN (Try again)
24249 1784070480.302860 recvfrom(38, "nysv\0\0\0\0\0\0\0\0\0\0\0\0\242\261\367\260P\1\0\0\211O\1\0\0\0\0\0", 3200, MSG_DONTWAIT, NULL, NULL) = 32
24249 1784070480.303526 recvfrom(38, 0x7ff90aa020, 3200, MSG_DONTWAIT, NULL, NULL) = -1 EAGAIN (Try again)
24249 1784070480.313967 recvfrom(61, 0x71fb447820, 2272, MSG_DONTWAIT, NULL, NULL) = -1 EAGAIN (Try again)
24249 1784070480.390203 recvfrom(38, 0x7ff90a9de0, 3200, MSG_DONTWAIT, NULL, NULL) = -1 EAGAIN (Try again)
24249 1784070480.403726 recvfrom(38, "nysv\0\0\0\0\0\0\0\0\0\0\0\0\"\322\356\266P\1\0\0\217O\1\0\0\0\0\0", 3200, MSG_DONTWAIT, NULL, NULL) = 32
24249 1784070480.409068 recvfrom(38, 0x7ff90aa020, 3200, MSG_DONTWAIT, NULL, NULL) = -1 EAGAIN (Try again)
24249 1784070480.410292 recvfrom(61, 0x71fb447820, 2272, MSG_DONTWAIT, NULL, NULL) = -1 EAGAIN (Try again)
24249 1784070480.418769 recvfrom(38, 0x7ff90a8900, 3200, MSG_DONTWAIT, NULL, NULL) = -1 EAGAIN (Try again)
24249 1784070480.437796 recvfrom(38, "nysv\0\0\0\0\0\0\0\0\0\0\0\0\265\220\353\270P\1\0\0\221O\1\0\0\0\0\0", 3200, MSG_DONTWAIT, NULL, NULL) = 32
24249 1784070480.438066 recvfrom(38, 0x7ff90aa020, 3200, MSG_DONTWAIT, NULL, NULL) = -1 EAGAIN (Try again)
24249 1784070480.438371 recvfrom(61, 0x71fb447820, 2272, MSG_DONTWAIT, NULL, NULL) = -1 EAGAIN (Try again)
24644 1784070480.929606 sendmsg(71, {msg_name=NULL, msg_namelen=0, msg_iov=[{iov_base="l\1\1\1\344\0\0\0\361\0\0\0\235\0\0\0\1\1o\0;\0\0\0/re/frid"..., iov_len=404}], msg_iovlen=1, msg_controllen=0, msg_flags=0}, MSG_NOSIGNAL) = 404
24249 1784070480.931212 recvfrom(38, 0x7ff90a9de0, 3200, MSG_DONTWAIT, NULL, NULL) = -1 EAGAIN (Try again)
24249 1784070480.938782 recvfrom(38, "nysv\0\0\0\0\0\0\0\0\0\0\0\0\322[\266\326P\1\0\0\257O\1\0\0\0\0\0", 3200, MSG_DONTWAIT, NULL, NULL) = 32
24249 1784070480.939034 recvfrom(38, 0x7ff90aa020, 3200, MSG_DONTWAIT, NULL, NULL) = -1 EAGAIN (Try again)
24249 1784070480.940197 recvfrom(61, 0x71fb447820, 2272, MSG_DONTWAIT, NULL, NULL) = -1 EAGAIN (Try again)
24644 1784070481.078739 sendmsg(71, {msg_name=NULL, msg_namelen=0, msg_iov=[{iov_base="l\1\1\1\344\0\0\0\362\0\0\0\235\0\0\0\1\1o\0;\0\0\0/re/frid"..., iov_len=404}], msg_iovlen=1, msg_controllen=0, msg_flags=0}, MSG_NOSIGNAL) = 404
24644 1784070481.255520 sendmsg(71, {msg_name=NULL, msg_namelen=0, msg_iov=[{iov_base="l\1\1\1\344\0\0\0\363\0\0\0\235\0\0\0\1\1o\0;\0\0\0/re/frid"..., iov_len=404}], msg_iovlen=1, msg_controllen=0, msg_flags=0}, MSG_NOSIGNAL) = 404
24249 1784070481.257454 recvfrom(38, 0x7ff90a9de0, 3200, MSG_DONTWAIT, NULL, NULL) = -1 EAGAIN (Try again)
24249 1784070481.273086 recvfrom(38, "nysv\0\0\0\0\0\0\0\0\0\0\0\0S\244\224\352P\1\0\0\303O\1\0\0\0\0\0", 3200, MSG_DONTWAIT, NULL, NULL) = 32
24249 1784070481.273522 recvfrom(38, 0x7ff90aa020, 3200, MSG_DONTWAIT, NULL, NULL) = -1 EAGAIN (Try again)
24249 1784070481.274074 recvfrom(61, 0x71fb447820, 2272, MSG_DONTWAIT, NULL, NULL) = -1 EAGAIN (Try again)
24249 1784070481.436081 recvfrom(38, 0x7ff90a9de0, 3200, MSG_DONTWAIT, NULL, NULL) = -1 EAGAIN (Try again)
24249 1784070481.456040 recvfrom(38, "nysv\0\0\0\0\0\0\0\0\0\0\0\0\307\r\202\365P\1\0\0\316O\1\0\0\0\0\0", 3200, MSG_DONTWAIT, NULL, NULL) = 32
24249 1784070481.456401 recvfrom(38, 0x7ff90aa020, 3200, MSG_DONTWAIT, NULL, NULL) = -1 EAGAIN (Try again)
24249 1784070481.456947 recvfrom(61, 0x71fb447820, 2272, MSG_DONTWAIT, NULL, NULL) = -1 EAGAIN (Try again)
24249 1784070481.942198 recvfrom(38, 0x7ff90a9de0, 3200, MSG_DONTWAIT, NULL, NULL) = -1 EAGAIN (Try again)
24249 1784070481.952570 recvfrom(38, "nysv\0\0\0\0\0\0\0\0\0\0\0\0P\301O\23Q\1\0\0\354O\1\0\0\0\0\0", 3200, MSG_DONTWAIT, NULL, NULL) = 32
24249 1784070481.953078 recvfrom(38, 0x7ff90aa020, 3200, MSG_DONTWAIT, NULL, NULL) = -1 EAGAIN (Try again)
24249 1784070481.953712 recvfrom(61, 0x71fb447820, 2272, MSG_DONTWAIT, NULL, NULL) = -1 EAGAIN (Try again)
24644 1784070481.966620 sendmsg(71, {msg_name=NULL, msg_namelen=0, msg_iov=[{iov_base="l\1\1\1\344\0\0\0\364\0\0\0\235\0\0\0\1\1o\0;\0\0\0/re/frid"..., iov_len=404}], msg_iovlen=1, msg_controllen=0, msg_flags=0}, MSG_NOSIGNAL) = 404
24644 1784070482.298199 sendmsg(71, {msg_name=NULL, msg_namelen=0, msg_iov=[{iov_base="l\1\1\1\344\0\0\0\365\0\0\0\235\0\0\0\1\1o\0;\0\0\0/re/frid"..., iov_len=404}], msg_iovlen=1, msg_controllen=0, msg_flags=0}, MSG_NOSIGNAL) = 404
24249 1784070482.300392 recvfrom(38, 0x7ff90a9de0, 3200, MSG_DONTWAIT, NULL, NULL) = -1 EAGAIN (Try again)
24249 1784070482.302697 recvfrom(38, "nysv\0\0\0\0\0\0\0\0\0\0\0\0\332Y-(Q\1\0\0\1P\1\0\0\0\0\0", 3200, MSG_DONTWAIT, NULL, NULL) = 32
24249 1784070482.302998 recvfrom(38, 0x7ff90aa020, 3200, MSG_DONTWAIT, NULL, NULL) = -1 EAGAIN (Try again)
24249 1784070482.303574 recvfrom(61, 0x71fb447820, 2272, MSG_DONTWAIT, NULL, NULL) = -1 EAGAIN (Try again)
24249 1784070482.447700 recvfrom(38, 0x7ff90a9de0, 3200, MSG_DONTWAIT, NULL, NULL) = -1 EAGAIN (Try again)
24249 1784070482.453726 recvfrom(38, "nysv\0\0\0\0\0\0\0\0\0\0\0\0\237\327\0341Q\1\0\0\nP\1\0\0\0\0\0", 3200, MSG_DONTWAIT, NULL, NULL) = 32
24249 1784070482.453965 recvfrom(38, 0x7ff90aa020, 3200, MSG_DONTWAIT, NULL, NULL) = -1 EAGAIN (Try again)
24249 1784070482.454400 recvfrom(61, 0x71fb447820, 2272, MSG_DONTWAIT, NULL, NULL) = -1 EAGAIN (Try again)
24249 1784070482.949479 recvfrom(38, 0x7ff90a9de0, 3200, MSG_DONTWAIT, NULL, NULL) = -1 EAGAIN (Try again)
24249 1784070482.954669 recvfrom(38, "nysv\0\0\0\0\0\0\0\0\0\0\0\0\3~\352NQ\1\0\0(P\1\0\0\0\0\0", 3200, MSG_DONTWAIT, NULL, NULL) = 32
24249 1784070482.954866 recvfrom(38, 0x7ff90aa020, 3200, MSG_DONTWAIT, NULL, NULL) = -1 EAGAIN (Try again)
24249 1784070482.955220 recvfrom(61, 0x71fb447820, 2272, MSG_DONTWAIT, NULL, NULL) = -1 EAGAIN (Try again)
24644 1784070483.089678 sendmsg(71, {msg_name=NULL, msg_namelen=0, msg_iov=[{iov_base="l\1\1\1\344\0\0\0\366\0\0\0\235\0\0\0\1\1o\0;\0\0\0/re/frid"..., iov_len=404}], msg_iovlen=1, msg_controllen=0, msg_flags=0}, MSG_NOSIGNAL) = 404
24644 1784070483.270270 sendmsg(71, {msg_name=NULL, msg_namelen=0, msg_iov=[{iov_base="l\1\1\1\344\0\0\0\367\0\0\0\235\0\0\0\1\1o\0;\0\0\0/re/frid"..., iov_len=404}], msg_iovlen=1, msg_controllen=0, msg_flags=0}, MSG_NOSIGNAL) = 404
24249 1784070483.273422 recvfrom(38, 0x7ff90a9de0, 3200, MSG_DONTWAIT, NULL, NULL) = -1 EAGAIN (Try again)
24249 1784070483.287418 recvfrom(38, "nysv\0\0\0\0\0\0\0\0\0\0\0\0X\301\310bQ\1\0\0<P\1\0\0\0\0\0", 3200, MSG_DONTWAIT, NULL, NULL) = 32
24249 1784070483.287754 recvfrom(38, 0x7ff90aa020, 3200, MSG_DONTWAIT, NULL, NULL) = -1 EAGAIN (Try again)
24249 1784070483.288406 recvfrom(61, 0x71fb447820, 2272, MSG_DONTWAIT, NULL, NULL) = -1 EAGAIN (Try again)
24249 1784070483.452591 recvfrom(38, 0x7ff90a9de0, 3200, MSG_DONTWAIT, NULL, NULL) = -1 EAGAIN (Try again)
24249 1784070483.470350 recvfrom(38, "nysv\0\0\0\0\0\0\0\0\0\0\0\0\31b\266mQ\1\0\0GP\1\0\0\0\0\0", 3200, MSG_DONTWAIT, NULL, NULL) = 32
24249 1784070483.471261 recvfrom(38, 0x7ff90aa020, 3200, MSG_DONTWAIT, NULL, NULL) = -1 EAGAIN (Try again)
24249 1784070483.472624 recvfrom(61, 0x71fb447820, 2272, MSG_DONTWAIT, NULL, NULL) = -1 EAGAIN (Try again)
24249 1784070483.957897 recvfrom(38, 0x7ff90a9de0, 3200, MSG_DONTWAIT, NULL, NULL) = -1 EAGAIN (Try again)
24249 1784070483.970202 recvfrom(38, "nysv\0\0\0\0\0\0\0\0\0\0\0\0\fj\203\213Q\1\0\0eP\1\0\0\0\0\0", 3200, MSG_DONTWAIT, NULL, NULL) = 32
24249 1784070483.970524 recvfrom(38, 0x7ff90aa020, 3200, MSG_DONTWAIT, NULL, NULL) = -1 EAGAIN (Try again)
24249 1784070483.971197 recvfrom(61, 0x71fb447820, 2272, MSG_DONTWAIT, NULL, NULL) = -1 EAGAIN (Try again)
24644 1784070483.986861 sendmsg(71, {msg_name=NULL, msg_namelen=0, msg_iov=[{iov_base="l\1\1\1\344\0\0\0\370\0\0\0\235\0\0\0\1\1o\0;\0\0\0/re/frid"..., iov_len=404}], msg_iovlen=1, msg_controllen=0, msg_flags=0}, MSG_NOSIGNAL) = 404
24644 1784070484.315615 sendmsg(71, {msg_name=NULL, msg_namelen=0, msg_iov=[{iov_base="l\1\1\1\344\0\0\0\371\0\0\0\235\0\0\0\1\1o\0;\0\0\0/re/frid"..., iov_len=404}], msg_iovlen=1, msg_controllen=0, msg_flags=0}, MSG_NOSIGNAL) = 404
24249 1784070484.317504 recvfrom(38, 0x7ff90a9de0, 3200, MSG_DONTWAIT, NULL, NULL) = -1 EAGAIN (Try again)
24249 1784070484.319373 recvfrom(38, "nysv\0\0\0\0\0\0\0\0\0\0\0\0\31\343`\240Q\1\0\0zP\1\0\0\0\0\0", 3200, MSG_DONTWAIT, NULL, NULL) = 32
24249 1784070484.319812 recvfrom(38, 0x7ff90aa020, 3200, MSG_DONTWAIT, NULL, NULL) = -1 EAGAIN (Try again)
24249 1784070484.325905 recvfrom(61, 0x71fb447820, 2272, MSG_DONTWAIT, NULL, NULL) = -1 EAGAIN (Try again)
24249 1784070484.408782 recvfrom(38, 0x7ff90a8900, 3200, MSG_DONTWAIT, NULL, NULL) = -1 EAGAIN (Try again)
24249 1784070484.419364 recvfrom(38, "nysv\0\0\0\0\0\0\0\0\0\0\0\0*\264X\246Q\1\0\0\200P\1\0\0\0\0\0", 3200, MSG_DONTWAIT, NULL, NULL) = 32
24249 1784070484.419542 recvfrom(38, 0x7ff90aa020, 3200, MSG_DONTWAIT, NULL, NULL) = -1 EAGAIN (Try again)
24249 1784070484.419850 recvfrom(61, 0x71fb447820, 2272, MSG_DONTWAIT, NULL, NULL) = -1 EAGAIN (Try again)
24249 1784070484.927125 recvfrom(38, 0x7ff90a90f0, 3200, MSG_DONTWAIT, NULL, NULL) = -1 EAGAIN (Try again)
24249 1784070484.937035 recvfrom(38, "nysv\0\0\0\0\0\0\0\0\0\0\0\0e\207!\305Q\1\0\0\237P\1\0\0\0\0\0", 3200, MSG_DONTWAIT, NULL, NULL) = 32
24249 1784070484.937378 recvfrom(38, 0x7ff90aa020, 3200, MSG_DONTWAIT, NULL, NULL) = -1 EAGAIN (Try again)
24249 1784070484.937979 recvfrom(61, 0x71fb447820, 2272, MSG_DONTWAIT, NULL, NULL) = -1 EAGAIN (Try again)
24249 1784070484.938662 recvfrom(38, 0x7ff90a9ca0, 3200, MSG_DONTWAIT, NULL, NULL) = -1 EAGAIN (Try again)
24249 1784070484.953186 recvfrom(38, "nysv\0\0\0\0\0\0\0\0\0\0\0\0*' \306Q\1\0\0\240P\1\0\0\0\0\0", 3200, MSG_DONTWAIT, NULL, NULL) = 32
24249 1784070484.953626 recvfrom(38, 0x7ff90aa020, 3200, MSG_DONTWAIT, NULL, NULL) = -1 EAGAIN (Try again)
24249 1784070484.954906 recvfrom(38, 0x7ff90a9cb0, 3200, MSG_DONTWAIT, NULL, NULL) = -1 EAGAIN (Try again)
24249 1784070484.971524 recvfrom(38, "nysv\0\0\0\0\0\0\0\0\0\0\0\0\315\307\36\307Q\1\0\0\241P\1\0\0\0\0\0", 3200, MSG_DONTWAIT, NULL, NULL) = 32
24249 1784070484.972205 recvfrom(38, 0x7ff90aa020, 3200, MSG_DONTWAIT, NULL, NULL) = -1 EAGAIN (Try again)
24249 1784070484.972890 recvfrom(61, 0x71fb447820, 2272, MSG_DONTWAIT, NULL, NULL) = -1 EAGAIN (Try again)
24644 1784070485.097360 sendmsg(71, {msg_name=NULL, msg_namelen=0, msg_iov=[{iov_base="l\1\1\1\344\0\0\0\372\0\0\0\235\0\0\0\1\1o\0;\0\0\0/re/frid"..., iov_len=404}], msg_iovlen=1, msg_controllen=0, msg_flags=0}, MSG_NOSIGNAL) = 404
24644 1784070485.285814 sendmsg(71, {msg_name=NULL, msg_namelen=0, msg_iov=[{iov_base="l\1\1\1\344\0\0\0\373\0\0\0\235\0\0\0\1\1o\0;\0\0\0/re/frid"..., iov_len=404}], msg_iovlen=1, msg_controllen=0, msg_flags=0}, MSG_NOSIGNAL) = 404
24249 1784070485.288372 recvfrom(38, 0x7ff90a9de0, 3200, MSG_DONTWAIT, NULL, NULL) = -1 EAGAIN (Try again)
24249 1784070485.302758 recvfrom(38, "nysv\0\0\0\0\0\0\0\0\0\0\0\0y\362\374\332Q\1\0\0\265P\1\0\0\0\0\0", 3200, MSG_DONTWAIT, NULL, NULL) = 32
24249 1784070485.303068 recvfrom(38, 0x7ff90aa020, 3200, MSG_DONTWAIT, NULL, NULL) = -1 EAGAIN (Try again)
24249 1784070485.303721 recvfrom(61, 0x71fb447820, 2272, MSG_DONTWAIT, NULL, NULL) = -1 EAGAIN (Try again)
24249 1784070485.432421 recvfrom(38, 0x7ff90a9de0, 3200, MSG_DONTWAIT, NULL, NULL) = -1 EAGAIN (Try again)
24644 1784070485.440785 sendmsg(71, {msg_name=NULL, msg_namelen=0, msg_iov=[{iov_base="l\1\1\1\344\0\0\0\374\0\0\0\235\0\0\0\1\1o\0;\0\0\0/re/frid"..., iov_len=404}], msg_iovlen=1, msg_controllen=0, msg_flags=0}, MSG_NOSIGNAL) = 404
24644 1784070485.446740 sendmsg(71, {msg_name=NULL, msg_namelen=0, msg_iov=[{iov_base="l\1\1\1\310\0\0\0\375\0\0\0\235\0\0\0\1\1o\0;\0\0\0/re/frid"..., iov_len=376}], msg_iovlen=1, msg_controllen=0, msg_flags=0}, MSG_NOSIGNAL) = 376
24249 1784070485.448083 recvfrom(38, "nysv\0\0\0\0\0\0\0\0\0\0\0\0F8\357\342Q\1\0\0\275P\1\0\0\0\0\0", 3200, MSG_DONTWAIT, NULL, NULL) = 32
24249 1784070485.448604 recvfrom(38, 0x7ff90aa020, 3200, MSG_DONTWAIT, NULL, NULL) = -1 EAGAIN (Try again)
24249 1784070485.448892 recvfrom(61, 0x71fb447820, 2272, MSG_DONTWAIT, NULL, NULL) = -1 EAGAIN (Try again)
24277 1784070485.550263 faccessat(AT_FDCWD, "/data/user/0/barilyuk.batterytemperature/shared_prefs/MyPrefs.xml", F_OK) = 0
24249 1784070485.937780 recvfrom(38, 0x7ff90a9de0, 3200, MSG_DONTWAIT, NULL, NULL) = -1 EAGAIN (Try again)
24249 1784070485.953173 recvfrom(38, "nysv\0\0\0\0\0\0\0\0\0\0\0\0\r\322\272\1R\1\0\0\334P\1\0\0\0\0\0", 3200, MSG_DONTWAIT, NULL, NULL) = 32
24249 1784070485.953754 recvfrom(38, 0x7ff90aa020, 3200, MSG_DONTWAIT, NULL, NULL) = -1 EAGAIN (Try again)
24249 1784070485.954839 recvfrom(61, 0x71fb447820, 2272, MSG_DONTWAIT, NULL, NULL) = -1 EAGAIN (Try again)
24644 1784070485.997589 sendmsg(71, {msg_name=NULL, msg_namelen=0, msg_iov=[{iov_base="l\1\1\1\344\0\0\0\376\0\0\0\235\0\0\0\1\1o\0;\0\0\0/re/frid"..., iov_len=404}], msg_iovlen=1, msg_controllen=0, msg_flags=0}, MSG_NOSIGNAL) = 404
24644 1784070486.332362 sendmsg(71, {msg_name=NULL, msg_namelen=0, msg_iov=[{iov_base="l\1\1\1\344\0\0\0\377\0\0\0\235\0\0\0\1\1o\0;\0\0\0/re/frid"..., iov_len=404}], msg_iovlen=1, msg_controllen=0, msg_flags=0}, MSG_NOSIGNAL) = 404
24249 1784070486.333634 recvfrom(38, 0x7ff90a9de0, 3200, MSG_DONTWAIT, NULL, NULL) = -1 EAGAIN (Try again)
24249 1784070486.336660 recvfrom(38, "nysv\0\0\0\0\0\0\0\0\0\0\0\0s\301\224\30R\1\0\0\363P\1\0\0\0\0\0", 3200, MSG_DONTWAIT, NULL, NULL) = 32
24249 1784070486.336923 recvfrom(38, 0x7ff90aa020, 3200, MSG_DONTWAIT, NULL, NULL) = -1 EAGAIN (Try again)
24249 1784070486.337255 recvfrom(61, 0x71fb447820, 2272, MSG_DONTWAIT, NULL, NULL) = -1 EAGAIN (Try again)
24249 1784070486.440572 recvfrom(38, 0x7ff90a9de0, 3200, MSG_DONTWAIT, NULL, NULL) = -1 EAGAIN (Try again)
24249 1784070486.452819 recvfrom(38, "nysv\0\0\0\0\0\0\0\0\0\0\0\0\3055\210\37R\1\0\0\372P\1\0\0\0\0\0", 3200, MSG_DONTWAIT, NULL, NULL) = 32
24249 1784070486.453065 recvfrom(38, 0x7ff90aa020, 3200, MSG_DONTWAIT, NULL, NULL) = -1 EAGAIN (Try again)
24249 1784070486.453507 recvfrom(61, 0x71fb447820, 2272, MSG_DONTWAIT, NULL, NULL) = -1 EAGAIN (Try again)
24249 1784070486.943668 recvfrom(38, 0x7ff90a9de0, 3200, MSG_DONTWAIT, NULL, NULL) = -1 EAGAIN (Try again)
24249 1784070486.955912 recvfrom(38, "nysv\0\0\0\0\0\0\0\0\0\0\0\09qV=R\1\0\0\30Q\1\0\0\0\0\0", 3200, MSG_DONTWAIT, NULL, NULL) = 32
24249 1784070486.956074 recvfrom(38, 0x7ff90aa020, 3200, MSG_DONTWAIT, NULL, NULL) = -1 EAGAIN (Try again)
24249 1784070486.956385 recvfrom(61, 0x71fb447820, 2272, MSG_DONTWAIT, NULL, NULL) = -1 EAGAIN (Try again)
24644 1784070487.112505 sendmsg(71, {msg_name=NULL, msg_namelen=0, msg_iov=[{iov_base="l\1\1\1\344\0\0\0\0\1\0\0\235\0\0\0\1\1o\0;\0\0\0/re/frid"..., iov_len=404}], msg_iovlen=1, msg_controllen=0, msg_flags=0}, MSG_NOSIGNAL) = 404
24644 1784070487.300026 sendmsg(71, {msg_name=NULL, msg_namelen=0, msg_iov=[{iov_base="l\1\1\1\344\0\0\0\1\1\0\0\235\0\0\0\1\1o\0;\0\0\0/re/frid"..., iov_len=404}], msg_iovlen=1, msg_controllen=0, msg_flags=0}, MSG_NOSIGNAL) = 404
24249 1784070487.302181 recvfrom(38, 0x7ff90a9de0, 3200, MSG_DONTWAIT, NULL, NULL) = -1 EAGAIN (Try again)
24249 1784070487.325843 recvfrom(38, "nysv\0\0\0\0\0\0\0\0\0\0\0\0\207G0SR\1\0\0.Q\1\0\0\0\0\0", 3200, MSG_DONTWAIT, NULL, NULL) = 32
24249 1784070487.326166 recvfrom(38, 0x7ff90aa020, 3200, MSG_DONTWAIT, NULL, NULL) = -1 EAGAIN (Try again)
24249 1784070487.326781 recvfrom(61, 0x71fb447820, 2272, MSG_DONTWAIT, NULL, NULL) = -1 EAGAIN (Try again)
24249 1784070487.446111 recvfrom(38, 0x7ff90a9de0, 3200, MSG_DONTWAIT, NULL, NULL) = -1 EAGAIN (Try again)
24249 1784070487.454338 recvfrom(38, "nysv\0\0\0\0\0\0\0\0\0\0\0\0\327\310\"[R\1\0\0006Q\1\0\0\0\0\0", 3200, MSG_DONTWAIT, NULL, NULL) = 32
24249 1784070487.454646 recvfrom(38, 0x7ff90aa020, 3200, MSG_DONTWAIT, NULL, NULL) = -1 EAGAIN (Try again)
24249 1784070487.455294 recvfrom(61, 0x71fb447820, 2272, MSG_DONTWAIT, NULL, NULL) = -1 EAGAIN (Try again)
24249 1784070487.953196 recvfrom(38, 0x7ff90a9de0, 3200, MSG_DONTWAIT, NULL, NULL) = -1 EAGAIN (Try again)
24249 1784070487.975097 recvfrom(38, "nysv\0\0\0\0\0\0\0\0\0\0\0\0\355}\356yR\1\0\0UQ\1\0\0\0\0\0", 3200, MSG_DONTWAIT, NULL, NULL) = 32
24249 1784070487.975849 recvfrom(38, 0x7ff90aa020, 3200, MSG_DONTWAIT, NULL, NULL) = -1 EAGAIN (Try again)
24249 1784070487.976671 recvfrom(61, 0x71fb447820, 2272, MSG_DONTWAIT, NULL, NULL) = -1 EAGAIN (Try again)
24644 1784070488.016809 sendmsg(71, {msg_name=NULL, msg_namelen=0, msg_iov=[{iov_base="l\1\1\1\344\0\0\0\2\1\0\0\235\0\0\0\1\1o\0;\0\0\0/re/frid"..., iov_len=404}], msg_iovlen=1, msg_controllen=0, msg_flags=0}, MSG_NOSIGNAL) = 404
24644 1784070488.349453 sendmsg(71, {msg_name=NULL, msg_namelen=0, msg_iov=[{iov_base="l\1\1\1\344\0\0\0\3\1\0\0\235\0\0\0\1\1o\0;\0\0\0/re/frid"..., iov_len=404}], msg_iovlen=1, msg_controllen=0, msg_flags=0}, MSG_NOSIGNAL) = 404
24249 1784070488.351130 recvfrom(38, 0x7ff90a9de0, 3200, MSG_DONTWAIT, NULL, NULL) = -1 EAGAIN (Try again)
24249 1784070488.353457 recvfrom(38, "nysv\0\0\0\0\0\0\0\0\0\0\0\0\\\232\310\220R\1\0\0lQ\1\0\0\0\0\0", 3200, MSG_DONTWAIT, NULL, NULL) = 32
24249 1784070488.353684 recvfrom(38, 0x7ff90aa020, 3200, MSG_DONTWAIT, NULL, NULL) = -1 EAGAIN (Try again)
24249 1784070488.353892 recvfrom(61, 0x71fb447820, 2272, MSG_DONTWAIT, NULL, NULL) = -1 EAGAIN (Try again)
24249 1784070488.438768 recvfrom(38, 0x7ff90a8900, 3200, MSG_DONTWAIT, NULL, NULL) = -1 EAGAIN (Try again)
24249 1784070488.452282 recvfrom(38, "nysv\0\0\0\0\0\0\0\0\0\0\0\0q\300\277\226R\1\0\0rQ\1\0\0\0\0\0", 3200, MSG_DONTWAIT, NULL, NULL) = 32
24249 1784070488.452507 recvfrom(38, 0x7ff90aa020, 3200, MSG_DONTWAIT, NULL, NULL) = -1 EAGAIN (Try again)
24249 1784070488.452827 recvfrom(61, 0x71fb447820, 2272, MSG_DONTWAIT, NULL, NULL) = -1 EAGAIN (Try again)
24644 1784070488.945570 sendmsg(71, {msg_name=NULL, msg_namelen=0, msg_iov=[{iov_base="l\1\1\1\344\0\0\0\4\1\0\0\235\0\0\0\1\1o\0;\0\0\0/re/frid"..., iov_len=404}], msg_iovlen=1, msg_controllen=0, msg_flags=0}, MSG_NOSIGNAL) = 404
24249 1784070488.948445 recvfrom(38, 0x7ff90a9de0, 3200, MSG_DONTWAIT, NULL, NULL) = -1 EAGAIN (Try again)
24249 1784070488.953298 recvfrom(38, "nysv\0\0\0\0\0\0\0\0\0\0\0\0\344\30\213\264R\1\0\0\220Q\1\0\0\0\0\0", 3200, MSG_DONTWAIT, NULL, NULL) = 32
24249 1784070488.953587 recvfrom(38, 0x7ff90aa020, 3200, MSG_DONTWAIT, NULL, NULL) = -1 EAGAIN (Try again)
24249 1784070488.954145 recvfrom(61, 0x71fb447820, 2272, MSG_DONTWAIT, NULL, NULL) = -1 EAGAIN (Try again)
24644 1784070489.124958 sendmsg(71, {msg_name=NULL, msg_namelen=0, msg_iov=[{iov_base="l\1\1\1\344\0\0\0\5\1\0\0\235\0\0\0\1\1o\0;\0\0\0/re/frid"..., iov_len=404}], msg_iovlen=1, msg_controllen=0, msg_flags=0}, MSG_NOSIGNAL) = 404
24644 1784070489.315208 sendmsg(71, {msg_name=NULL, msg_namelen=0, msg_iov=[{iov_base="l\1\1\1\344\0\0\0\6\1\0\0\235\0\0\0\1\1o\0;\0\0\0/re/frid"..., iov_len=404}], msg_iovlen=1, msg_controllen=0, msg_flags=0}, MSG_NOSIGNAL) = 404
24249 1784070489.318451 recvfrom(38, 0x7ff90a9de0, 3200, MSG_DONTWAIT, NULL, NULL) = -1 EAGAIN (Try again)
24249 1784070489.340321 recvfrom(38, "nysv\0\0\0\0\0\0\0\0\0\0\0\0a+d\313R\1\0\0\246Q\1\0\0\0\0\0", 3200, MSG_DONTWAIT, NULL, NULL) = 32
24249 1784070489.341235 recvfrom(38, 0x7ff90aa020, 3200, MSG_DONTWAIT, NULL, NULL) = -1 EAGAIN (Try again)
24249 1784070489.341873 recvfrom(61, 0x71fb447820, 2272, MSG_DONTWAIT, NULL, NULL) = -1 EAGAIN (Try again)
24249 1784070489.453864 recvfrom(38, 0x7ff90a9de0, 3200, MSG_DONTWAIT, NULL, NULL) = -1 EAGAIN (Try again)
24249 1784070489.474305 recvfrom(38, "nysv\0\0\0\0\0\0\0\0\0\0\0\0\261\254V\323R\1\0\0\256Q\1\0\0\0\0\0", 3200, MSG_DONTWAIT, NULL, NULL) = 32
24249 1784070489.474642 recvfrom(38, 0x7ff90aa020, 3200, MSG_DONTWAIT, NULL, NULL) = -1 EAGAIN (Try again)
24249 1784070489.475270 recvfrom(61, 0x71fb447820, 2272, MSG_DONTWAIT, NULL, NULL) = -1 EAGAIN (Try again)
24249 1784070489.958357 recvfrom(38, 0x7ff90a9de0, 3200, MSG_DONTWAIT, NULL, NULL) = -1 EAGAIN (Try again)
24249 1784070489.973268 recvfrom(38, "nysv\0\0\0\0\0\0\0\0\0\0\0\0\235\21$\361R\1\0\0\314Q\1\0\0\0\0\0", 3200, MSG_DONTWAIT, NULL, NULL) = 32
24249 1784070489.973677 recvfrom(38, 0x7ff90aa020, 3200, MSG_DONTWAIT, NULL, NULL) = -1 EAGAIN (Try again)
24249 1784070489.974412 recvfrom(61, 0x71fb447820, 2272, MSG_DONTWAIT, NULL, NULL) = -1 EAGAIN (Try again)
24644 1784070490.024477 sendmsg(71, {msg_name=NULL, msg_namelen=0, msg_iov=[{iov_base="l\1\1\1\344\0\0\0\7\1\0\0\235\0\0\0\1\1o\0;\0\0\0/re/frid"..., iov_len=404}], msg_iovlen=1, msg_controllen=0, msg_flags=0}, MSG_NOSIGNAL) = 404
24644 1784070490.366218 sendmsg(71, {msg_name=NULL, msg_namelen=0, msg_iov=[{iov_base="l\1\1\1\344\0\0\0\10\1\0\0\235\0\0\0\1\1o\0;\0\0\0/re/frid"..., iov_len=404}], msg_iovlen=1, msg_controllen=0, msg_flags=0}, MSG_NOSIGNAL) = 404
24249 1784070490.368050 recvfrom(38, 0x7ff90a9de0, 3200, MSG_DONTWAIT, NULL, NULL) = -1 EAGAIN (Try again)
24249 1784070490.370037 recvfrom(38, "nysv\0\0\0\0\0\0\0\0\0\0\0\0K\215\374\10S\1\0\0\344Q\1\0\0\0\0\0", 3200, MSG_DONTWAIT, NULL, NULL) = 32
24249 1784070490.370279 recvfrom(38, 0x7ff90aa020, 3200, MSG_DONTWAIT, NULL, NULL) = -1 EAGAIN (Try again)
24249 1784070490.372572 recvfrom(61, 0x71fb447820, 2272, MSG_DONTWAIT, NULL, NULL) = -1 EAGAIN (Try again)
24249 1784070490.461111 recvfrom(38, 0x7ff90a9de0, 3200, MSG_DONTWAIT, NULL, NULL) = -1 EAGAIN (Try again)
24249 1784070490.470413 recvfrom(38, "nysv\0\0\0\0\0\0\0\0\0\0\0\0\37\217\361\16S\1\0\0\352Q\1\0\0\0\0\0", 3200, MSG_DONTWAIT, NULL, NULL) = 32
24249 1784070490.470640 recvfrom(38, 0x7ff90aa020, 3200, MSG_DONTWAIT, NULL, NULL) = -1 EAGAIN (Try again)
24249 1784070490.471076 recvfrom(61, 0x71fb447820, 2272, MSG_DONTWAIT, NULL, NULL) = -1 EAGAIN (Try again)
24249 1784070490.962235 recvfrom(38, 0x7ff90a9de0, 3200, MSG_DONTWAIT, NULL, NULL) = -1 EAGAIN (Try again)
24249 1784070490.971689 recvfrom(38, "nysv\0\0\0\0\0\0\0\0\0\0\0\0\256\374\277,S\1\0\0\7R\1\0\0\0\0\0", 3200, MSG_DONTWAIT, NULL, NULL) = 32
24249 1784070490.971866 recvfrom(38, 0x7ff90aa020, 3200, MSG_DONTWAIT, NULL, NULL) = -1 EAGAIN (Try again)
24249 1784070490.972185 recvfrom(61, 0x71fb447820, 2272, MSG_DONTWAIT, NULL, NULL) = -1 EAGAIN (Try again)
24644 1784070491.134181 sendmsg(71, {msg_name=NULL, msg_namelen=0, msg_iov=[{iov_base="l\1\1\1\344\0\0\0\t\1\0\0\235\0\0\0\1\1o\0;\0\0\0/re/frid"..., iov_len=404}], msg_iovlen=1, msg_controllen=0, msg_flags=0}, MSG_NOSIGNAL) = 404
24644 1784070491.333139 sendmsg(71, {msg_name=NULL, msg_namelen=0, msg_iov=[{iov_base="l\1\1\1\344\0\0\0\n\1\0\0\235\0\0\0\1\1o\0;\0\0\0/re/frid"..., iov_len=404}], msg_iovlen=1, msg_controllen=0, msg_flags=0}, MSG_NOSIGNAL) = 404
24249 1784070491.334251 recvfrom(38, 0x7ff90a9de0, 3200, MSG_DONTWAIT, NULL, NULL) = -1 EAGAIN (Try again)
24249 1784070491.353549 recvfrom(38, "nysv\0\0\0\0\0\0\0\0\0\0\0\0H\250\230CS\1\0\0\36R\1\0\0\0\0\0", 3200, MSG_DONTWAIT, NULL, NULL) = 32
24249 1784070491.353783 recvfrom(38, 0x7ff90aa020, 3200, MSG_DONTWAIT, NULL, NULL) = -1 EAGAIN (Try again)
24249 1784070491.354199 recvfrom(61, 0x71fb447820, 2272, MSG_DONTWAIT, NULL, NULL) = -1 EAGAIN (Try again)
24249 1784070491.464808 recvfrom(38, 0x7ff90a9de0, 3200, MSG_DONTWAIT, NULL, NULL) = -1 EAGAIN (Try again)
24249 1784070491.474269 recvfrom(38, "nysv\0\0\0\0\0\0\0\0\0\0\0\0a@\214JS\1\0\0%R\1\0\0\0\0\0", 3200, MSG_DONTWAIT, NULL, NULL) = 32
24249 1784070491.474586 recvfrom(38, 0x7ff90aa020, 3200, MSG_DONTWAIT, NULL, NULL) = -1 EAGAIN (Try again)
24249 1784070491.475137 recvfrom(61, 0x71fb447820, 2272, MSG_DONTWAIT, NULL, NULL) = -1 EAGAIN (Try again)
24249 1784070491.972734 recvfrom(38, 0x7ff90a9de0, 3200, MSG_DONTWAIT, NULL, NULL) = -1 EAGAIN (Try again)
24249 1784070491.992642 recvfrom(38, "nysv\0\0\0\0\0\0\0\0\0\0\0\0w\365WiS\1\0\0CR\1\0\0\0\0\0", 3200, MSG_DONTWAIT, NULL, NULL) = 32
24249 1784070491.993215 recvfrom(38, 0x7ff90aa020, 3200, MSG_DONTWAIT, NULL, NULL) = -1 EAGAIN (Try again)
24249 1784070491.993956 recvfrom(61, 0x71fb447820, 2272, MSG_DONTWAIT, NULL, NULL) = -1 EAGAIN (Try again)
24644 1784070492.034434 sendmsg(71, {msg_name=NULL, msg_namelen=0, msg_iov=[{iov_base="l\1\1\1\344\0\0\0\v\1\0\0\235\0\0\0\1\1o\0;\0\0\0/re/frid"..., iov_len=404}], msg_iovlen=1, msg_controllen=0, msg_flags=0}, MSG_NOSIGNAL) = 404
24644 1784070492.382679 sendmsg(71, {msg_name=NULL, msg_namelen=0, msg_iov=[{iov_base="l\1\1\1\344\0\0\0\f\1\0\0\235\0\0\0\1\1o\0;\0\0\0/re/frid"..., iov_len=404}], msg_iovlen=1, msg_controllen=0, msg_flags=0}, MSG_NOSIGNAL) = 404
24249 1784070492.384582 recvfrom(38, 0x7ff90a9de0, 3200, MSG_DONTWAIT, NULL, NULL) = -1 EAGAIN (Try again)
24249 1784070492.385973 recvfrom(38, "nysv\0\0\0\0\0\0\0\0\0\0\0\0\355\r0\201S\1\0\0[R\1\0\0\0\0\0", 3200, MSG_DONTWAIT, NULL, NULL) = 32
24249 1784070492.386435 recvfrom(38, 0x7ff90aa020, 3200, MSG_DONTWAIT, NULL, NULL) = -1 EAGAIN (Try again)
24249 1784070492.386767 recvfrom(61, 0x71fb447820, 2272, MSG_DONTWAIT, NULL, NULL) = -1 EAGAIN (Try again)
24249 1784070492.474268 recvfrom(38, 0x7ff90a8900, 3200, MSG_DONTWAIT, NULL, NULL) = -1 EAGAIN (Try again)
24249 1784070492.486252 recvfrom(38, "nysv\0\0\0\0\0\0\0\0\0\0\0\0\332\345%\207S\1\0\0aR\1\0\0\0\0\0", 3200, MSG_DONTWAIT, NULL, NULL) = 32
24249 1784070492.486522 recvfrom(38, 0x7ff90aa020, 3200, MSG_DONTWAIT, NULL, NULL) = -1 EAGAIN (Try again)
24249 1784070492.487055 recvfrom(61, 0x71fb447820, 2272, MSG_DONTWAIT, NULL, NULL) = -1 EAGAIN (Try again)
24644 1784070492.984022 sendmsg(71, {msg_name=NULL, msg_namelen=0, msg_iov=[{iov_base="l\1\1\1\344\0\0\0\r\1\0\0\235\0\0\0\1\1o\0;\0\0\0/re/frid"..., iov_len=404}], msg_iovlen=1, msg_controllen=0, msg_flags=0}, MSG_NOSIGNAL) = 404
24249 1784070492.988106 recvfrom(38, 0x7ff90a9de0, 3200, MSG_DONTWAIT, NULL, NULL) = -1 EAGAIN (Try again)
24249 1784070493.008446 recvfrom(38, "nysv\0\0\0\0\0\0\0\0\0\0\0\0y\17\361\245S\1\0\0\177R\1\0\0\0\0\0", 3200, MSG_DONTWAIT, NULL, NULL) = 32
24249 1784070493.008820 recvfrom(38, 0x7ff90aa020, 3200, MSG_DONTWAIT, NULL, NULL) = -1 EAGAIN (Try again)
24249 1784070493.009577 recvfrom(61, 0x71fb447820, 2272, MSG_DONTWAIT, NULL, NULL) = -1 EAGAIN (Try again)
24644 1784070493.148660 sendmsg(71, {msg_name=NULL, msg_namelen=0, msg_iov=[{iov_base="l\1\1\1\344\0\0\0\16\1\0\0\235\0\0\0\1\1o\0;\0\0\0/re/frid"..., iov_len=404}], msg_iovlen=1, msg_controllen=0, msg_flags=0}, MSG_NOSIGNAL) = 404
24644 1784070493.348991 sendmsg(71, {msg_name=NULL, msg_namelen=0, msg_iov=[{iov_base="l\1\1\1\344\0\0\0\17\1\0\0\235\0\0\0\1\1o\0;\0\0\0/re/frid"..., iov_len=404}], msg_iovlen=1, msg_controllen=0, msg_flags=0}, MSG_NOSIGNAL) = 404
24249 1784070493.352334 recvfrom(38, 0x7ff90a9de0, 3200, MSG_DONTWAIT, NULL, NULL) = -1 EAGAIN (Try again)
24249 1784070493.376099 recvfrom(38, "nysv\0\0\0\0\0\0\0\0\0\0\0\0\25\363\313\273S\1\0\0\224R\1\0\0\0\0\0", 3200, MSG_DONTWAIT, NULL, NULL) = 32
24249 1784070493.376513 recvfrom(38, 0x7ff90aa020, 3200, MSG_DONTWAIT, NULL, NULL) = -1 EAGAIN (Try again)
24249 1784070493.377260 recvfrom(61, 0x71fb447820, 2272, MSG_DONTWAIT, NULL, NULL) = -1 EAGAIN (Try again)
24249 1784070493.492318 recvfrom(38, 0x7ff90a9de0, 3200, MSG_DONTWAIT, NULL, NULL) = -1 EAGAIN (Try again)
24249 1784070493.507042 recvfrom(38, "nysv\0\0\0\0\0\0\0\0\0\0\0\0et\276\303S\1\0\0\233R\1\0\0\0\0\0", 3200, MSG_DONTWAIT, NULL, NULL) = 32
24249 1784070493.507428 recvfrom(38, 0x7ff90aa020, 3200, MSG_DONTWAIT, NULL, NULL) = -1 EAGAIN (Try again)
24249 1784070493.508193 recvfrom(61, 0x71fb447820, 2272, MSG_DONTWAIT, NULL, NULL) = -1 EAGAIN (Try again)
24249 1784070493.996005 recvfrom(38, 0x7ff90a9de0, 3200, MSG_DONTWAIT, NULL, NULL) = -1 EAGAIN (Try again)
24249 1784070494.004865 recvfrom(38, "nysv\0\0\0\0\0\0\0\0\0\0\0\0Q\331\213\341S\1\0\0\270R\1\0\0\0\0\0", 3200, MSG_DONTWAIT, NULL, NULL) = 32
24249 1784070494.005305 recvfrom(38, 0x7ff90aa020, 3200, MSG_DONTWAIT, NULL, NULL) = -1 EAGAIN (Try again)
24249 1784070494.006113 recvfrom(61, 0x71fb447820, 2272, MSG_DONTWAIT, NULL, NULL) = -1 EAGAIN (Try again)
24644 1784070494.049187 sendmsg(71, {msg_name=NULL, msg_namelen=0, msg_iov=[{iov_base="l\1\1\1\344\0\0\0\20\1\0\0\235\0\0\0\1\1o\0;\0\0\0/re/frid"..., iov_len=404}], msg_iovlen=1, msg_controllen=0, msg_flags=0}, MSG_NOSIGNAL) = 404
24644 1784070494.397563 sendmsg(71, {msg_name=NULL, msg_namelen=0, msg_iov=[{iov_base="l\1\1\1\344\0\0\0\21\1\0\0\235\0\0\0\1\1o\0;\0\0\0/re/frid"..., iov_len=404}], msg_iovlen=1, msg_controllen=0, msg_flags=0}, MSG_NOSIGNAL) = 404
24249 1784070494.399115 recvfrom(38, 0x7ff90a9de0, 3200, MSG_DONTWAIT, NULL, NULL) = -1 EAGAIN (Try again)
24249 1784070494.403481 recvfrom(38, "nysv\0\0\0\0\0\0\0\0\0\0\0\0J\27d\371S\1\0\0\320R\1\0\0\0\0\0", 3200, MSG_DONTWAIT, NULL, NULL) = 32
24249 1784070494.403945 recvfrom(38, 0x7ff90aa020, 3200, MSG_DONTWAIT, NULL, NULL) = -1 EAGAIN (Try again)
24249 1784070494.408431 recvfrom(61, 0x71fb447820, 2272, MSG_DONTWAIT, NULL, NULL) = -1 EAGAIN (Try again)
24249 1784070494.501296 recvfrom(38, 0x7ff90a9de0, 3200, MSG_DONTWAIT, NULL, NULL) = -1 EAGAIN (Try again)
24249 1784070494.502977 recvfrom(38, "nysv\0\0\0\0\0\0\0\0\0\0\0\0\25hZ\377S\1\0\0\326R\1\0\0\0\0\0", 3200, MSG_DONTWAIT, NULL, NULL) = 32
24249 1784070494.503225 recvfrom(38, 0x7ff90aa020, 3200, MSG_DONTWAIT, NULL, NULL) = -1 EAGAIN (Try again)
24249 1784070494.503447 recvfrom(61, 0x71fb447820, 2272, MSG_DONTWAIT, NULL, NULL) = -1 EAGAIN (Try again)
24249 1784070495.008318 recvfrom(38, 0x7ff90a9de0, 3200, MSG_DONTWAIT, NULL, NULL) = -1 EAGAIN (Try again)
24249 1784070495.021669 recvfrom(38, "nysv\0\0\0\0\0\0\0\0\0\0\0\0\256\3%\36T\1\0\0\365R\1\0\0\0\0\0", 3200, MSG_DONTWAIT, NULL, NULL) = 32
24249 1784070495.021858 recvfrom(38, 0x7ff90aa020, 3200, MSG_DONTWAIT, NULL, NULL) = -1 EAGAIN (Try again)
24249 1784070495.022225 recvfrom(61, 0x71fb447820, 2272, MSG_DONTWAIT, NULL, NULL) = -1 EAGAIN (Try again)
24644 1784070495.156659 sendmsg(71, {msg_name=NULL, msg_namelen=0, msg_iov=[{iov_base="l\1\1\1\344\0\0\0\22\1\0\0\235\0\0\0\1\1o\0;\0\0\0/re/frid"..., iov_len=404}], msg_iovlen=1, msg_controllen=0, msg_flags=0}, MSG_NOSIGNAL) = 404
24644 1784070495.367468 sendmsg(71, {msg_name=NULL, msg_namelen=0, msg_iov=[{iov_base="l\1\1\1\344\0\0\0\23\1\0\0\235\0\0\0\1\1o\0;\0\0\0/re/frid"..., iov_len=404}], msg_iovlen=1, msg_controllen=0, msg_flags=0}, MSG_NOSIGNAL) = 404
24249 1784070495.370674 recvfrom(38, 0x7ff90a9de0, 3200, MSG_DONTWAIT, NULL, NULL) = -1 EAGAIN (Try again)
24249 1784070495.392156 recvfrom(38, "nysv\0\0\0\0\0\0\0\0\0\0\0\0\357\326\3773T\1\0\0\vS\1\0\0\0\0\0", 3200, MSG_DONTWAIT, NULL, NULL) = 32
24249 1784070495.392494 recvfrom(38, 0x7ff90aa020, 3200, MSG_DONTWAIT, NULL, NULL) = -1 EAGAIN (Try again)
24249 1784070495.393112 recvfrom(61, 0x71fb447820, 2272, MSG_DONTWAIT, NULL, NULL) = -1 EAGAIN (Try again)
24249 1784070495.508938 recvfrom(38, 0x7ff90a9de0, 3200, MSG_DONTWAIT, NULL, NULL) = -1 EAGAIN (Try again)
24249 1784070495.523369 recvfrom(38, "nysv\0\0\0\0\0\0\0\0\0\0\0\0?X\362;T\1\0\0\23S\1\0\0\0\0\0", 3200, MSG_DONTWAIT, NULL, NULL) = 32
24249 1784070495.523860 recvfrom(38, 0x7ff90aa020, 3200, MSG_DONTWAIT, NULL, NULL) = -1 EAGAIN (Try again)
24249 1784070495.524665 recvfrom(61, 0x71fb447820, 2272, MSG_DONTWAIT, NULL, NULL) = -1 EAGAIN (Try again)
24249 1784070496.012789 recvfrom(38, 0x7ff90a9de0, 3200, MSG_DONTWAIT, NULL, NULL) = -1 EAGAIN (Try again)
24249 1784070496.020857 recvfrom(38, "nysv\0\0\0\0\0\0\0\0\0\0\0\0+\275\277YT\1\0\0000S\1\0\0\0\0\0", 3200, MSG_DONTWAIT, NULL, NULL) = 32
24249 1784070496.021349 recvfrom(38, 0x7ff90aa020, 3200, MSG_DONTWAIT, NULL, NULL) = -1 EAGAIN (Try again)
24249 1784070496.022059 recvfrom(61, 0x71fb447820, 2272, MSG_DONTWAIT, NULL, NULL) = -1 EAGAIN (Try again)
24644 1784070496.064418 sendmsg(71, {msg_name=NULL, msg_namelen=0, msg_iov=[{iov_base="l\1\1\1\344\0\0\0\24\1\0\0\235\0\0\0\1\1o\0;\0\0\0/re/frid"..., iov_len=404}], msg_iovlen=1, msg_controllen=0, msg_flags=0}, MSG_NOSIGNAL) = 404
24644 1784070496.412178 sendmsg(71, {msg_name=NULL, msg_namelen=0, msg_iov=[{iov_base="l\1\1\1\344\0\0\0\25\1\0\0\235\0\0\0\1\1o\0;\0\0\0/re/frid"..., iov_len=404}], msg_iovlen=1, msg_controllen=0, msg_flags=0}, MSG_NOSIGNAL) = 404
24249 1784070496.413677 recvfrom(38, 0x7ff90a9de0, 3200, MSG_DONTWAIT, NULL, NULL) = -1 EAGAIN (Try again)
24249 1784070496.419051 recvfrom(38, "nysv\0\0\0\0\0\0\0\0\0\0\0\0\35\"\230qT\1\0\0HS\1\0\0\0\0\0", 3200, MSG_DONTWAIT, NULL, NULL) = 32
24249 1784070496.419332 recvfrom(38, 0x7ff90aa020, 3200, MSG_DONTWAIT, NULL, NULL) = -1 EAGAIN (Try again)
24249 1784070496.419619 recvfrom(61, 0x71fb447820, 2272, MSG_DONTWAIT, NULL, NULL) = -1 EAGAIN (Try again)
24249 1784070496.492822 recvfrom(38, 0x7ff90a8900, 3200, MSG_DONTWAIT, NULL, NULL) = -1 EAGAIN (Try again)
24249 1784070496.502692 recvfrom(38, "nysv\0\0\0\0\0\0\0\0\0\0\0\0\362\257\220vT\1\0\0MS\1\0\0\0\0\0", 3200, MSG_DONTWAIT, NULL, NULL) = 32
24249 1784070496.502896 recvfrom(38, 0x7ff90aa020, 3200, MSG_DONTWAIT, NULL, NULL) = -1 EAGAIN (Try again)
24249 1784070496.503210 recvfrom(61, 0x71fb447820, 2272, MSG_DONTWAIT, NULL, NULL) = -1 EAGAIN (Try again)
24249 1784070496.997673 recvfrom(38, 0x7ff90a9de0, 3200, MSG_DONTWAIT, NULL, NULL) = -1 EAGAIN (Try again)
24644 1784070496.999547 sendmsg(71, {msg_name=NULL, msg_namelen=0, msg_iov=[{iov_base="l\1\1\1\344\0\0\0\26\1\0\0\235\0\0\0\1\1o\0;\0\0\0/re/frid"..., iov_len=404}], msg_iovlen=1, msg_controllen=0, msg_flags=0}, MSG_NOSIGNAL) = 404
24249 1784070497.002297 recvfrom(38, "nysv\0\0\0\0\0\0\0\0\0\0\0\0\33~\\\224T\1\0\0kS\1\0\0\0\0\0", 3200, MSG_DONTWAIT, NULL, NULL) = 32
24249 1784070497.002384 recvfrom(38, 0x7ff90aa020, 3200, MSG_DONTWAIT, NULL, NULL) = -1 EAGAIN (Try again)
24249 1784070497.002535 recvfrom(61, 0x71fb447820, 2272, MSG_DONTWAIT, NULL, NULL) = -1 EAGAIN (Try again)
24644 1784070497.164071 sendmsg(71, {msg_name=NULL, msg_namelen=0, msg_iov=[{iov_base="l\1\1\1\344\0\0\0\27\1\0\0\235\0\0\0\1\1o\0;\0\0\0/re/frid"..., iov_len=404}], msg_iovlen=1, msg_controllen=0, msg_flags=0}, MSG_NOSIGNAL) = 404
24249 1784070497.379678 recvfrom(38, 0x7ff90a9de0, 3200, MSG_DONTWAIT, NULL, NULL) = -1 EAGAIN (Try again)
24644 1784070497.383524 sendmsg(71, {msg_name=NULL, msg_namelen=0, msg_iov=[{iov_base="l\1\1\1\344\0\0\0\30\1\0\0\235\0\0\0\1\1o\0;\0\0\0/re/frid"..., iov_len=404}], msg_iovlen=1, msg_controllen=0, msg_flags=0}, MSG_NOSIGNAL) = 404
24249 1784070497.407836 recvfrom(38, "nysv\0\0\0\0\0\0\0\0\0\0\0\0\311\2723\254T\1\0\0\201S\1\0\0\0\0\0", 3200, MSG_DONTWAIT, NULL, NULL) = 32
24249 1784070497.408064 recvfrom(38, 0x7ff90aa020, 3200, MSG_DONTWAIT, NULL, NULL) = -1 EAGAIN (Try again)
24249 1784070497.408188 recvfrom(61, 0x71fb447820, 2272, MSG_DONTWAIT, NULL, NULL) = -1 EAGAIN (Try again)
24249 1784070497.500648 recvfrom(38, 0x7ff90a9de0, 3200, MSG_DONTWAIT, NULL, NULL) = -1 EAGAIN (Try again)
24249 1784070497.502333 recvfrom(38, "nysv\0\0\0\0\0\0\0\0\0\0\0\0000\340)\262T\1\0\0\207S\1\0\0\0\0\0", 3200, MSG_DONTWAIT, NULL, NULL) = 32
24249 1784070497.502383 recvfrom(38, 0x7ff90aa020, 3200, MSG_DONTWAIT, NULL, NULL) = -1 EAGAIN (Try again)
24249 1784070497.502522 recvfrom(61, 0x71fb447820, 2272, MSG_DONTWAIT, NULL, NULL) = -1 EAGAIN (Try again)
24249 1784070498.006402 recvfrom(38, 0x7ff90a9de0, 3200, MSG_DONTWAIT, NULL, NULL) = -1 EAGAIN (Try again)
24249 1784070498.020958 recvfrom(38, "nysv\0\0\0\0\0\0\0\0\0\0\0\0\333P\365\320T\1\0\0\246S\1\0\0\0\0\0", 3200, MSG_DONTWAIT, NULL, NULL) = 32
24249 1784070498.021327 recvfrom(38, 0x7ff90aa020, 3200, MSG_DONTWAIT, NULL, NULL) = -1 EAGAIN (Try again)
24249 1784070498.021477 recvfrom(61, 0x71fb447820, 2272, MSG_DONTWAIT, NULL, NULL) = -1 EAGAIN (Try again)
24644 1784070498.070828 sendmsg(71, {msg_name=NULL, msg_namelen=0, msg_iov=[{iov_base="l\1\1\1\344\0\0\0\31\1\0\0\235\0\0\0\1\1o\0;\0\0\0/re/frid"..., iov_len=404}], msg_iovlen=1, msg_controllen=0, msg_flags=0}, MSG_NOSIGNAL) = 404
24249 1784070498.416621 recvfrom(38, 0x7ff90a9de0, 3200, MSG_DONTWAIT, NULL, NULL) = -1 EAGAIN (Try again)
24644 1784070498.417648 sendmsg(71, {msg_name=NULL, msg_namelen=0, msg_iov=[{iov_base="l\1\1\1\344\0\0\0\32\1\0\0\235\0\0\0\1\1o\0;\0\0\0/re/frid"..., iov_len=404}], msg_iovlen=1, msg_controllen=0, msg_flags=0}, MSG_NOSIGNAL) = 404
24249 1784070498.418782 recvfrom(38, "nysv\0\0\0\0\0\0\0\0\0\0\0\0}\235\315\350T\1\0\0\276S\1\0\0\0\0\0", 3200, MSG_DONTWAIT, NULL, NULL) = 32
24249 1784070498.418809 recvfrom(38, 0x7ff90aa020, 3200, MSG_DONTWAIT, NULL, NULL) = -1 EAGAIN (Try again)
24249 1784070498.418838 recvfrom(61, 0x71fb447820, 2272, MSG_DONTWAIT, NULL, NULL) = -1 EAGAIN (Try again)
24249 1784070498.506646 recvfrom(38, 0x7ff90a9de0, 3200, MSG_DONTWAIT, NULL, NULL) = -1 EAGAIN (Try again)
24249 1784070498.521931 recvfrom(38, "nysv\0\0\0\0\0\0\0\0\0\0\0\0\307\265\302\356T\1\0\0\304S\1\0\0\0\0\0", 3200, MSG_DONTWAIT, NULL, NULL) = 32
24249 1784070498.521966 recvfrom(38, 0x7ff90aa020, 3200, MSG_DONTWAIT, NULL, NULL) = -1 EAGAIN (Try again)
24249 1784070498.522076 recvfrom(61, 0x71fb447820, 2272, MSG_DONTWAIT, NULL, NULL) = -1 EAGAIN (Try again)
24249 1784070499.006678 recvfrom(38, 0x7ff90a9de0, 3200, MSG_DONTWAIT, NULL, NULL) = -1 EAGAIN (Try again)
24249 1784070499.023434 recvfrom(38, "nysv\0\0\0\0\0\0\0\0\0\0\0\0\225\335\220\fU\1\0\0\342S\1\0\0\0\0\0", 3200, MSG_DONTWAIT, NULL, NULL) = 32
24249 1784070499.023460 recvfrom(38, 0x7ff90aa020, 3200, MSG_DONTWAIT, NULL, NULL) = -1 EAGAIN (Try again)
24249 1784070499.023537 recvfrom(61, 0x71fb447820, 2272, MSG_DONTWAIT, NULL, NULL) = -1 EAGAIN (Try again)
24644 1784070499.168328 sendmsg(71, {msg_name=NULL, msg_namelen=0, msg_iov=[{iov_base="l\1\1\1\344\0\0\0\33\1\0\0\235\0\0\0\1\1o\0;\0\0\0/re/frid"..., iov_len=404}], msg_iovlen=1, msg_controllen=0, msg_flags=0}, MSG_NOSIGNAL) = 404
24249 1784070499.385660 recvfrom(38, 0x7ff90a9de0, 3200, MSG_DONTWAIT, NULL, NULL) = -1 EAGAIN (Try again)
24249 1784070499.388313 recvfrom(38, "nysv\0\0\0\0\0\0\0\0\0\0\0\0b\33k\"U\1\0\0\370S\1\0\0\0\0\0", 3200, MSG_DONTWAIT, NULL, NULL) = 32
24249 1784070499.388678 recvfrom(38, 0x7ff90aa020, 3200, MSG_DONTWAIT, NULL, NULL) = -1 EAGAIN (Try again)
24249 1784070499.388750 recvfrom(61, 0x71fb447820, 2272, MSG_DONTWAIT, NULL, NULL) = -1 EAGAIN (Try again)
24644 1784070499.391718 sendmsg(71, {msg_name=NULL, msg_namelen=0, msg_iov=[{iov_base="l\1\1\1\344\0\0\0\34\1\0\0\235\0\0\0\1\1o\0;\0\0\0/re/frid"..., iov_len=404}], msg_iovlen=1, msg_controllen=0, msg_flags=0}, MSG_NOSIGNAL) = 404
24249 1784070499.509490 recvfrom(38, 0x7ff90a9de0, 3200, MSG_DONTWAIT, NULL, NULL) = -1 EAGAIN (Try again)
24249 1784070499.523309 recvfrom(38, "nysv\0\0\0\0\0\0\0\0\0\0\0\0\237\177]*U\1\0\0\0T\1\0\200\0\0\0", 3200, MSG_DONTWAIT, NULL, NULL) = 32
24249 1784070499.523447 recvfrom(38, 0x7ff90aa020, 3200, MSG_DONTWAIT, NULL, NULL) = -1 EAGAIN (Try again)
24249 1784070499.523596 recvfrom(61, 0x71fb447820, 2272, MSG_DONTWAIT, NULL, NULL) = -1 EAGAIN (Try again)
24249 1784070500.013087 recvfrom(38, 0x7ff90a9de0, 3200, MSG_DONTWAIT, NULL, NULL) = -1 EAGAIN (Try again)
24249 1784070500.020506 recvfrom(38, "nysv\0\0\0\0\0\0\0\0\0\0\0\0\213\344*HU\1\0\0\36T\1\0\0\0\0\0", 3200, MSG_DONTWAIT, NULL, NULL) = 32
24249 1784070500.020653 recvfrom(38, 0x7ff90aa020, 3200, MSG_DONTWAIT, NULL, NULL) = -1 EAGAIN (Try again)
24249 1784070500.021121 recvfrom(61, 0x71fb447820, 2272, MSG_DONTWAIT, NULL, NULL) = -1 EAGAIN (Try again)
24644 1784070500.071188 sendmsg(71, {msg_name=NULL, msg_namelen=0, msg_iov=[{iov_base="l\1\1\1\344\0\0\0\35\1\0\0\235\0\0\0\1\1o\0;\0\0\0/re/frid"..., iov_len=404}], msg_iovlen=1, msg_controllen=0, msg_flags=0}, MSG_NOSIGNAL) = 404
24249 1784070500.417761 recvfrom(38, 0x7ff90a9de0, 3200, MSG_DONTWAIT, NULL, NULL) = -1 EAGAIN (Try again)
24249 1784070500.418961 recvfrom(38, "nysv\0\0\0\0\0\0\0\0\0\0\0\0I\267\2`U\1\0\0006T\1\0\0\0\0\0", 3200, MSG_DONTWAIT, NULL, NULL) = 32
24249 1784070500.418991 recvfrom(38, 0x7ff90aa020, 3200, MSG_DONTWAIT, NULL, NULL) = -1 EAGAIN (Try again)
24249 1784070500.419025 recvfrom(61, 0x71fb447820, 2272, MSG_DONTWAIT, NULL, NULL) = -1 EAGAIN (Try again)
24644 1784070500.420870 sendmsg(71, {msg_name=NULL, msg_namelen=0, msg_iov=[{iov_base="l\1\1\1\344\0\0\0\36\1\0\0\235\0\0\0\1\1o\0;\0\0\0/re/frid"..., iov_len=404}], msg_iovlen=1, msg_controllen=0, msg_flags=0}, MSG_NOSIGNAL) = 404
24249 1784070500.510334 recvfrom(38, 0x7ff90a8900, 3200, MSG_DONTWAIT, NULL, NULL) = -1 EAGAIN (Try again)
24249 1784070500.519816 recvfrom(38, "nysv\0\0\0\0\0\0\0\0\0\0\0\0\220=\371eU\1\0\0<T\1\0\0\0\0\0", 3200, MSG_DONTWAIT, NULL, NULL) = 32
24249 1784070500.519848 recvfrom(38, 0x7ff90aa020, 3200, MSG_DONTWAIT, NULL, NULL) = -1 EAGAIN (Try again)
24249 1784070500.519991 recvfrom(61, 0x71fb447820, 2272, MSG_DONTWAIT, NULL, NULL) = -1 EAGAIN (Try again)
24249 1784070501.016175 recvfrom(38, 0x7ff90a9de0, 3200, MSG_DONTWAIT, NULL, NULL) = -1 EAGAIN (Try again)
24644 1784070501.017270 sendmsg(71, {msg_name=NULL, msg_namelen=0, msg_iov=[{iov_base="l\1\1\1\344\0\0\0\37\1\0\0\235\0\0\0\1\1o\0;\0\0\0/re/frid"..., iov_len=404}], msg_iovlen=1, msg_controllen=0, msg_flags=0}, MSG_NOSIGNAL) = 404
24249 1784070501.019021 recvfrom(38, "nysv\0\0\0\0\0\0\0\0\0\0\0\0\20\371\305\203U\1\0\0ZT\1\0\0\0\0\0", 3200, MSG_DONTWAIT, NULL, NULL) = 32
24249 1784070501.019234 recvfrom(38, 0x7ff90aa020, 3200, MSG_DONTWAIT, NULL, NULL) = -1 EAGAIN (Try again)
24249 1784070501.019318 recvfrom(61, 0x71fb447820, 2272, MSG_DONTWAIT, NULL, NULL) = -1 EAGAIN (Try again)
24644 1784070501.178320 sendmsg(71, {msg_name=NULL, msg_namelen=0, msg_iov=[{iov_base="l\1\1\1\344\0\0\0 \1\0\0\235\0\0\0\1\1o\0;\0\0\0/re/frid"..., iov_len=404}], msg_iovlen=1, msg_controllen=0, msg_flags=0}, MSG_NOSIGNAL) = 404
24249 1784070501.390203 recvfrom(38, 0x7ff90a9de0, 3200, MSG_DONTWAIT, NULL, NULL) = -1 EAGAIN (Try again)
24644 1784070501.391584 sendmsg(71, {msg_name=NULL, msg_namelen=0, msg_iov=[{iov_base="l\1\1\1\344\0\0\0!\1\0\0\235\0\0\0\1\1o\0;\0\0\0/re/frid"..., iov_len=404}], msg_iovlen=1, msg_controllen=0, msg_flags=0}, MSG_NOSIGNAL) = 404
24249 1784070501.403234 recvfrom(38, "nysv\0\0\0\0\0\0\0\0\0\0\0\0f\356\236\232U\1\0\0qT\1\0\0\0\0\0", 3200, MSG_DONTWAIT, NULL, NULL) = 32
24249 1784070501.403270 recvfrom(38, 0x7ff90aa020, 3200, MSG_DONTWAIT, NULL, NULL) = -1 EAGAIN (Try again)
24249 1784070501.403378 recvfrom(61, 0x71fb447820, 2272, MSG_DONTWAIT, NULL, NULL) = -1 EAGAIN (Try again)
24249 1784070501.521433 recvfrom(38, 0x7ff90a9de0, 3200, MSG_DONTWAIT, NULL, NULL) = -1 EAGAIN (Try again)
24249 1784070501.538919 recvfrom(38, "nysv\0\0\0\0\0\0\0\0\0\0\0\0yc\221\242U\1\0\0yT\1\0\0\0\0\0", 3200, MSG_DONTWAIT, NULL, NULL) = 32
24249 1784070501.538982 recvfrom(38, 0x7ff90aa020, 3200, MSG_DONTWAIT, NULL, NULL) = -1 EAGAIN (Try again)
24249 1784070501.539031 recvfrom(61, 0x71fb447820, 2272, MSG_DONTWAIT, NULL, NULL) = -1 EAGAIN (Try again)
24249 1784070502.023136 recvfrom(38, 0x7ff90a9de0, 3200, MSG_DONTWAIT, NULL, NULL) = -1 EAGAIN (Try again)
24249 1784070502.040558 recvfrom(38, "nysv\0\0\0\0\0\0\0\0\0\0\0\0e\310^\300U\1\0\0\227T\1\0\0\0\0\0", 3200, MSG_DONTWAIT, NULL, NULL) = 32
24249 1784070502.040758 recvfrom(38, 0x7ff90aa020, 3200, MSG_DONTWAIT, NULL, NULL) = -1 EAGAIN (Try again)
24249 1784070502.040867 recvfrom(61, 0x71fb447820, 2272, MSG_DONTWAIT, NULL, NULL) = -1 EAGAIN (Try again)
24644 1784070502.080720 sendmsg(71, {msg_name=NULL, msg_namelen=0, msg_iov=[{iov_base="l\1\1\1\344\0\0\0\"\1\0\0\235\0\0\0\1\1o\0;\0\0\0/re/frid"..., iov_len=404}], msg_iovlen=1, msg_controllen=0, msg_flags=0}, MSG_NOSIGNAL) = 404
24249 1784070502.418720 recvfrom(38, 0x7ff90a9de0, 3200, MSG_DONTWAIT, NULL, NULL) = -1 EAGAIN (Try again)
24249 1784070502.419332 recvfrom(38, "nysv\0\0\0\0\0\0\0\0\0\0\0\0\35\2328\327U\1\0\0\256T\1\0\0\0\0\0", 3200, MSG_DONTWAIT, NULL, NULL) = 32
24249 1784070502.419386 recvfrom(38, 0x7ff90aa020, 3200, MSG_DONTWAIT, NULL, NULL) = -1 EAGAIN (Try again)
24249 1784070502.419410 recvfrom(61, 0x71fb447820, 2272, MSG_DONTWAIT, NULL, NULL) = -1 EAGAIN (Try again)
24644 1784070502.430305 sendmsg(71, {msg_name=NULL, msg_namelen=0, msg_iov=[{iov_base="l\1\1\1\344\0\0\0#\1\0\0\235\0\0\0\1\1o\0;\0\0\0/re/frid"..., iov_len=404}], msg_iovlen=1, msg_controllen=0, msg_flags=0}, MSG_NOSIGNAL) = 404
24249 1784070502.524002 recvfrom(38, 0x7ff90a9de0, 3200, MSG_DONTWAIT, NULL, NULL) = -1 EAGAIN (Try again)
24249 1784070502.538719 recvfrom(38, "nysv\0\0\0\0\0\0\0\0\0\0\0\0Y,-\336U\1\0\0\265T\1\0\0\0\0\0", 3200, MSG_DONTWAIT, NULL, NULL) = 32
24249 1784070502.538750 recvfrom(38, 0x7ff90aa020, 3200, MSG_DONTWAIT, NULL, NULL) = -1 EAGAIN (Try again)
24249 1784070502.538842 recvfrom(61, 0x71fb447820, 2272, MSG_DONTWAIT, NULL, NULL) = -1 EAGAIN (Try again)
25265 1784070502.900698 clone(child_stack=0x711c9dcd40, flags=CLONE_VM|CLONE_FS|CLONE_FILES|CLONE_SIGHAND|CLONE_THREAD|CLONE_SYSVSEM|CLONE_SETTLS|CLONE_PARENT_SETTID|CLONE_CHILD_CLEARTID, parent_tidptr=0x711c9dcd60, tls=0x711c9dd020, child_tidptr=0x711c9dcd60) = 25893
25893 1784070502.903849 openat(AT_FDCWD, "/proc/25893/timerslack_ns", O_WRONLY|O_CREAT|O_TRUNC|O_NOFOLLOW|O_CLOEXEC, 0666) = 56
24249 1784070503.026994 recvfrom(38, 0x7ff90a9de0, 3200, MSG_DONTWAIT, NULL, NULL) = -1 EAGAIN (Try again)
24249 1784070503.039390 recvfrom(38, "nysv\0\0\0\0\0\0\0\0\0\0\0\0\312\16\372\373U\1\0\0\322T\1\0\0\0\0\0", 3200, MSG_DONTWAIT, NULL, NULL) = 32
24249 1784070503.039421 recvfrom(38, 0x7ff90aa020, 3200, MSG_DONTWAIT, NULL, NULL) = -1 EAGAIN (Try again)
24249 1784070503.039496 recvfrom(61, 0x71fb447820, 2272, MSG_DONTWAIT, NULL, NULL) = -1 EAGAIN (Try again)
24644 1784070503.178136 sendmsg(71, {msg_name=NULL, msg_namelen=0, msg_iov=[{iov_base="l\1\1\1\344\0\0\0$\1\0\0\235\0\0\0\1\1o\0;\0\0\0/re/frid"..., iov_len=404}], msg_iovlen=1, msg_controllen=0, msg_flags=0}, MSG_NOSIGNAL) = 404
24249 1784070503.394165 recvfrom(38, 0x7ff90a9de0, 3200, MSG_DONTWAIT, NULL, NULL) = -1 EAGAIN (Try again)
24644 1784070503.396588 sendmsg(71, {msg_name=NULL, msg_namelen=0, msg_iov=[{iov_base="l\1\1\1\344\0\0\0%\1\0\0\235\0\0\0\1\1o\0;\0\0\0/re/frid"..., iov_len=404}], msg_iovlen=1, msg_controllen=0, msg_flags=0}, MSG_NOSIGNAL) = 404
24249 1784070503.404178 recvfrom(38, "nysv\0\0\0\0\0\0\0\0\0\0\0\0\331u\324\21V\1\0\0\350T\1\0\0\0\0\0", 3200, MSG_DONTWAIT, NULL, NULL) = 32
24249 1784070503.404262 recvfrom(38, 0x7ff90aa020, 3200, MSG_DONTWAIT, NULL, NULL) = -1 EAGAIN (Try again)
24249 1784070503.404443 recvfrom(61, 0x71fb447820, 2272, MSG_DONTWAIT, NULL, NULL) = -1 EAGAIN (Try again)
24249 1784070503.528284 recvfrom(38, 0x7ff90a9de0, 3200, MSG_DONTWAIT, NULL, NULL) = -1 EAGAIN (Try again)
24249 1784070503.538481 recvfrom(38, "nysv\0\0\0\0\0\0\0\0\0\0\0\0)\367\306\31V\1\0\0\360T\1\0\0\0\0\0", 3200, MSG_DONTWAIT, NULL, NULL) = 32
24249 1784070503.538550 recvfrom(38, 0x7ff90aa020, 3200, MSG_DONTWAIT, NULL, NULL) = -1 EAGAIN (Try again)
24249 1784070503.538733 recvfrom(61, 0x71fb447820, 2272, MSG_DONTWAIT, NULL, NULL) = -1 EAGAIN (Try again)
24249 1784070504.032894 recvfrom(38, 0x7ff90a9de0, 3200, MSG_DONTWAIT, NULL, NULL) = -1 EAGAIN (Try again)
24249 1784070504.035774 recvfrom(38, "nysv\0\0\0\0\0\0\0\0\0\0\0\0\24\233\2247V\1\0\0\16U\1\0\0\0\0\0", 3200, MSG_DONTWAIT, NULL, NULL) = 32
24249 1784070504.036200 recvfrom(38, 0x7ff90aa020, 3200, MSG_DONTWAIT, NULL, NULL) = -1 EAGAIN (Try again)
24249 1784070504.036308 recvfrom(61, 0x71fb447820, 2272, MSG_DONTWAIT, NULL, NULL) = -1 EAGAIN (Try again)
24644 1784070504.080656 sendmsg(71, {msg_name=NULL, msg_namelen=0, msg_iov=[{iov_base="l\1\1\1\344\0\0\0&\1\0\0\235\0\0\0\1\1o\0;\0\0\0/re/frid"..., iov_len=404}], msg_iovlen=1, msg_controllen=0, msg_flags=0}, MSG_NOSIGNAL) = 404
24249 1784070504.421629 recvfrom(38, 0x7ff90a9de0, 3200, MSG_DONTWAIT, NULL, NULL) = -1 EAGAIN (Try again)
24644 1784070504.429708 sendmsg(71, {msg_name=NULL, msg_namelen=0, msg_iov=[{iov_base="l\1\1\1\344\0\0\0'\1\0\0\235\0\0\0\1\1o\0;\0\0\0/re/frid"..., iov_len=404}], msg_iovlen=1, msg_controllen=0, msg_flags=0}, MSG_NOSIGNAL) = 404
24249 1784070504.436438 recvfrom(38, "nysv\0\0\0\0\0\0\0\0\0\0\0\0D\201lOV\1\0\0&U\1\0\0\0\0\0", 3200, MSG_DONTWAIT, NULL, NULL) = 32
24249 1784070504.436475 recvfrom(38, 0x7ff90aa020, 3200, MSG_DONTWAIT, NULL, NULL) = -1 EAGAIN (Try again)
24249 1784070504.436512 recvfrom(61, 0x71fb447820, 2272, MSG_DONTWAIT, NULL, NULL) = -1 EAGAIN (Try again)
24249 1784070504.527807 recvfrom(38, 0x7ff90a8900, 3200, MSG_DONTWAIT, NULL, NULL) = -1 EAGAIN (Try again)
24249 1784070504.535734 recvfrom(38, "nysv\0\0\0\0\0\0\0\0\0\0\0\0\t\353cUV\1\0\0,U\1\0\0\0\0\0", 3200, MSG_DONTWAIT, NULL, NULL) = 32
24249 1784070504.535760 recvfrom(38, 0x7ff90aa020, 3200, MSG_DONTWAIT, NULL, NULL) = -1 EAGAIN (Try again)
24249 1784070504.535792 recvfrom(61, 0x71fb447820, 2272, MSG_DONTWAIT, NULL, NULL) = -1 EAGAIN (Try again)
24249 1784070505.034253 recvfrom(38, 0x7ff90a9de0, 3200, MSG_DONTWAIT, NULL, NULL) = -1 EAGAIN (Try again)
24249 1784070505.036216 recvfrom(38, "nysv\0\0\0\0\0\0\0\0\0\0\0\0=\253/sV\1\0\0JU\1\0\0\0\0\0", 3200, MSG_DONTWAIT, NULL, NULL) = 32
24249 1784070505.036739 recvfrom(38, 0x7ff90aa020, 3200, MSG_DONTWAIT, NULL, NULL) = -1 EAGAIN (Try again)
24644 1784070505.036839 sendmsg(71, {msg_name=NULL, msg_namelen=0, msg_iov=[{iov_base="l\1\1\1\344\0\0\0(\1\0\0\235\0\0\0\1\1o\0;\0\0\0/re/frid"..., iov_len=404}], msg_iovlen=1, msg_controllen=0, msg_flags=0}, MSG_NOSIGNAL <unfinished ...>
24249 1784070505.036904 recvfrom(61, 0x71fb447820, 2272, MSG_DONTWAIT, NULL, NULL) = -1 EAGAIN (Try again)
24644 1784070505.037535 <... sendmsg resumed> ) = 404
24644 1784070505.180615 sendmsg(71, {msg_name=NULL, msg_namelen=0, msg_iov=[{iov_base="l\1\1\1\344\0\0\0)\1\0\0\235\0\0\0\1\1o\0;\0\0\0/re/frid"..., iov_len=404}], msg_iovlen=1, msg_controllen=0, msg_flags=0}, MSG_NOSIGNAL) = 404
24249 1784070505.397328 recvfrom(38, 0x7ff90a9de0, 3200, MSG_DONTWAIT, NULL, NULL) = -1 EAGAIN (Try again)
24644 1784070505.399258 sendmsg(71, {msg_name=NULL, msg_namelen=0, msg_iov=[{iov_base="l\1\1\1\344\0\0\0*\1\0\0\235\0\0\0\1\1o\0;\0\0\0/re/frid"..., iov_len=404}], msg_iovlen=1, msg_controllen=0, msg_flags=0}, MSG_NOSIGNAL) = 404
24249 1784070505.402834 recvfrom(38, "nysv\0\0\0\0\0\0\0\0\0\0\0\0k1\n\211V\1\0\0`U\1\0\0\0\0\0", 3200, MSG_DONTWAIT, NULL, NULL) = 32
24249 1784070505.402995 recvfrom(38, 0x7ff90aa020, 3200, MSG_DONTWAIT, NULL, NULL) = -1 EAGAIN (Try again)
24249 1784070505.403060 recvfrom(61, 0x71fb447820, 2272, MSG_DONTWAIT, NULL, NULL) = -1 EAGAIN (Try again)
24249 1784070505.539720 recvfrom(38, 0x7ff90a9de0, 3200, MSG_DONTWAIT, NULL, NULL) = -1 EAGAIN (Try again)
24249 1784070505.542896 recvfrom(38, "nysv\0\0\0\0\0\0\0\0\0\0\0\0\331\212\374\220V\1\0\0hU\1\0\0\0\0\0", 3200, MSG_DONTWAIT, NULL, NULL) = 32
24249 1784070505.542936 recvfrom(38, 0x7ff90aa020, 3200, MSG_DONTWAIT, NULL, NULL) = -1 EAGAIN (Try again)
24249 1784070505.543051 recvfrom(61, 0x71fb447820, 2272, MSG_DONTWAIT, NULL, NULL) = -1 EAGAIN (Try again)
24249 1784070506.041737 recvfrom(38, 0x7ff90a9de0, 3200, MSG_DONTWAIT, NULL, NULL) = -1 EAGAIN (Try again)
24249 1784070506.053843 recvfrom(38, "nysv\0\0\0\0\0\0\0\0\0\0\0\0\357?\310\257V\1\0\0\206U\1\0\0\0\0\0", 3200, MSG_DONTWAIT, NULL, NULL) = 32
24249 1784070506.054024 recvfrom(38, 0x7ff90aa020, 3200, MSG_DONTWAIT, NULL, NULL) = -1 EAGAIN (Try again)
24249 1784070506.054457 recvfrom(61, 0x71fb447820, 2272, MSG_DONTWAIT, NULL, NULL) = -1 EAGAIN (Try again)
24644 1784070506.078775 sendmsg(71, {msg_name=NULL, msg_namelen=0, msg_iov=[{iov_base="l\1\1\1\344\0\0\0+\1\0\0\235\0\0\0\1\1o\0;\0\0\0/re/frid"..., iov_len=404}], msg_iovlen=1, msg_controllen=0, msg_flags=0}, MSG_NOSIGNAL) = 404
24249 1784070506.426253 recvfrom(38, 0x7ff90a9de0, 3200, MSG_DONTWAIT, NULL, NULL) = -1 EAGAIN (Try again)
24644 1784070506.429773 sendmsg(71, {msg_name=NULL, msg_namelen=0, msg_iov=[{iov_base="l\1\1\1\344\0\0\0,\1\0\0\235\0\0\0\1\1o\0;\0\0\0/re/frid"..., iov_len=404}], msg_iovlen=1, msg_controllen=0, msg_flags=0}, MSG_NOSIGNAL) = 404
24249 1784070506.436034 recvfrom(38, "nysv\0\0\0\0\0\0\0\0\0\0\0\0>\20\242\306V\1\0\0\235U\1\0\0\0\0\0", 3200, MSG_DONTWAIT, NULL, NULL) = 32
24249 1784070506.436251 recvfrom(38, 0x7ff90aa020, 3200, MSG_DONTWAIT, NULL, NULL) = -1 EAGAIN (Try again)
24249 1784070506.436283 recvfrom(61, 0x71fb447820, 2272, MSG_DONTWAIT, NULL, NULL) = -1 EAGAIN (Try again)
24249 1784070506.544934 recvfrom(38, 0x7ff90a9de0, 3200, MSG_DONTWAIT, NULL, NULL) = -1 EAGAIN (Try again)
24249 1784070506.552589 recvfrom(38, "nysv\0\0\0\0\0\0\0\0\0\0\0\0\333\244\225\315V\1\0\0\244U\1\0\0\0\0\0", 3200, MSG_DONTWAIT, NULL, NULL) = 32
24249 1784070506.552637 recvfrom(38, 0x7ff90aa020, 3200, MSG_DONTWAIT, NULL, NULL) = -1 EAGAIN (Try again)
24249 1784070506.552743 recvfrom(61, 0x71fb447820, 2272, MSG_DONTWAIT, NULL, NULL) = -1 EAGAIN (Try again)
24249 1784070507.045778 recvfrom(38, 0x7ff90a9de0, 3200, MSG_DONTWAIT, NULL, NULL) = -1 EAGAIN (Try again)
24249 1784070507.055480 recvfrom(38, "nysv\0\0\0\0\0\0\0\0\0\0\0\0007Lc\353V\1\0\0\301U\1\0\0\0\0\0", 3200, MSG_DONTWAIT, NULL, NULL) = 32
24249 1784070507.055511 recvfrom(38, 0x7ff90aa020, 3200, MSG_DONTWAIT, NULL, NULL) = -1 EAGAIN (Try again)
24249 1784070507.055542 recvfrom(61, 0x71fb447820, 2272, MSG_DONTWAIT, NULL, NULL) = -1 EAGAIN (Try again)
24644 1784070507.187139 sendmsg(71, {msg_name=NULL, msg_namelen=0, msg_iov=[{iov_base="l\1\1\1\344\0\0\0-\1\0\0\235\0\0\0\1\1o\0;\0\0\0/re/frid"..., iov_len=404}], msg_iovlen=1, msg_controllen=0, msg_flags=0}, MSG_NOSIGNAL) = 404
24249 1784070507.402594 recvfrom(38, 0x7ff90a9de0, 3200, MSG_DONTWAIT, NULL, NULL) = -1 EAGAIN (Try again)
24249 1784070507.404124 recvfrom(38, "nysv\0\0\0\0\0\0\0\0\0\0\0\09\235?\0W\1\0\0\325U\1\0\0\0\0\0", 3200, MSG_DONTWAIT, NULL, NULL) = 32
24249 1784070507.404276 recvfrom(38, 0x7ff90aa020, 3200, MSG_DONTWAIT, NULL, NULL) = -1 EAGAIN (Try again)
24249 1784070507.404358 recvfrom(61, 0x71fb447820, 2272, MSG_DONTWAIT, NULL, NULL) = -1 EAGAIN (Try again)
24644 1784070507.406414 sendmsg(71, {msg_name=NULL, msg_namelen=0, msg_iov=[{iov_base="l\1\1\1\344\0\0\0.\1\0\0\235\0\0\0\1\1o\0;\0\0\0/re/frid"..., iov_len=404}], msg_iovlen=1, msg_controllen=0, msg_flags=0}, MSG_NOSIGNAL) = 404
24249 1784070507.547659 recvfrom(38, 0x7ff90a9de0, 3200, MSG_DONTWAIT, NULL, NULL) = -1 EAGAIN (Try again)
24249 1784070507.556518 recvfrom(38, "nysv\0\0\0\0\0\0\0\0\0\0\0\0\263n0\tW\1\0\0\336U\1\0\0\0\0\0", 3200, MSG_DONTWAIT, NULL, NULL) = 32
24249 1784070507.556648 recvfrom(38, 0x7ff90aa020, 3200, MSG_DONTWAIT, NULL, NULL) = -1 EAGAIN (Try again)
24249 1784070507.556854 recvfrom(61, 0x71fb447820, 2272, MSG_DONTWAIT, NULL, NULL) = -1 EAGAIN (Try again)
24249 1784070508.053990 recvfrom(38, 0x7ff90a9de0, 3200, MSG_DONTWAIT, NULL, NULL) = -1 EAGAIN (Try again)
24249 1784070508.058635 recvfrom(38, "nysv\0\0\0\0\0\0\0\0\0\0\0\0\237\323\375&W\1\0\0\373U\1\0\0\0\0\0", 3200, MSG_DONTWAIT, NULL, NULL) = 32
24249 1784070508.058689 recvfrom(38, 0x7ff90aa020, 3200, MSG_DONTWAIT, NULL, NULL) = -1 EAGAIN (Try again)
24249 1784070508.058740 recvfrom(61, 0x71fb447820, 2272, MSG_DONTWAIT, NULL, NULL) = -1 EAGAIN (Try again)
24644 1784070508.078713 sendmsg(71, {msg_name=NULL, msg_namelen=0, msg_iov=[{iov_base="l\1\1\1\344\0\0\0/\1\0\0\235\0\0\0\1\1o\0;\0\0\0/re/frid"..., iov_len=404}], msg_iovlen=1, msg_controllen=0, msg_flags=0}, MSG_NOSIGNAL) = 404
24249 1784070508.428546 recvfrom(38, 0x7ff90a9de0, 3200, MSG_DONTWAIT, NULL, NULL) = -1 EAGAIN (Try again)
24644 1784070508.429912 sendmsg(71, {msg_name=NULL, msg_namelen=0, msg_iov=[{iov_base="l\1\1\1\344\0\0\0000\1\0\0\235\0\0\0\1\1o\0;\0\0\0/re/frid"..., iov_len=404}], msg_iovlen=1, msg_controllen=0, msg_flags=0}, MSG_NOSIGNAL) = 404
24249 1784070508.436629 recvfrom(38, "nysv\0\0\0\0\0\0\0\0\0\0\0\0\205E\327=W\1\0\0\22V\1\0\0\0\0\0", 3200, MSG_DONTWAIT, NULL, NULL) = 32
24249 1784070508.436663 recvfrom(38, 0x7ff90aa020, 3200, MSG_DONTWAIT, NULL, NULL) = -1 EAGAIN (Try again)
24249 1784070508.436712 recvfrom(61, 0x71fb447820, 2272, MSG_DONTWAIT, NULL, NULL) = -1 EAGAIN (Try again)
24249 1784070508.530887 recvfrom(38, 0x7ff90a8900, 3200, MSG_DONTWAIT, NULL, NULL) = -1 EAGAIN (Try again)
24249 1784070508.535601 recvfrom(38, "nysv\0\0\0\0\0\0\0\0\0\0\0\0003\252\316CW\1\0\0\30V\1\0\0\0\0\0", 3200, MSG_DONTWAIT, NULL, NULL) = 32
24249 1784070508.535937 recvfrom(38, 0x7ff90aa020, 3200, MSG_DONTWAIT, NULL, NULL) = -1 EAGAIN (Try again)
24249 1784070508.536714 recvfrom(61, 0x71fb447820, 2272, MSG_DONTWAIT, NULL, NULL) = -1 EAGAIN (Try again)
24644 1784070509.041962 sendmsg(71, {msg_name=NULL, msg_namelen=0, msg_iov=[{iov_base="l\1\1\1\344\0\0\0001\1\0\0\235\0\0\0\1\1o\0;\0\0\0/re/frid"..., iov_len=404}], msg_iovlen=1, msg_controllen=0, msg_flags=0}, MSG_NOSIGNAL) = 404
24249 1784070509.044567 recvfrom(38, 0x7ff90a9de0, 3200, MSG_DONTWAIT, NULL, NULL) = -1 EAGAIN (Try again)
24249 1784070509.053322 recvfrom(38, "nysv\0\0\0\0\0\0\0\0\0\0\0\0\26\f\231bW\1\0\0007V\1\0\0\0\0\0", 3200, MSG_DONTWAIT, NULL, NULL) = 32
24249 1784070509.053746 recvfrom(38, 0x7ff90aa020, 3200, MSG_DONTWAIT, NULL, NULL) = -1 EAGAIN (Try again)
24249 1784070509.054517 recvfrom(61, 0x71fb447820, 2272, MSG_DONTWAIT, NULL, NULL) = -1 EAGAIN (Try again)
24644 1784070509.195259 sendmsg(71, {msg_name=NULL, msg_namelen=0, msg_iov=[{iov_base="l\1\1\1\344\0\0\0002\1\0\0\235\0\0\0\1\1o\0;\0\0\0/re/frid"..., iov_len=404}], msg_iovlen=1, msg_controllen=0, msg_flags=0}, MSG_NOSIGNAL) = 404
24644 1784070509.412318 sendmsg(71, {msg_name=NULL, msg_namelen=0, msg_iov=[{iov_base="l\1\1\1\344\0\0\0003\1\0\0\235\0\0\0\1\1o\0;\0\0\0/re/frid"..., iov_len=404}], msg_iovlen=1, msg_controllen=0, msg_flags=0}, MSG_NOSIGNAL) = 404
24249 1784070509.414954 recvfrom(38, 0x7ff90a9de0, 3200, MSG_DONTWAIT, NULL, NULL) = -1 EAGAIN (Try again)
24249 1784070509.419616 recvfrom(38, "nysv\0\0\0\0\0\0\0\0\0\0\0\0\360\ntxW\1\0\0MV\1\0\0\0\0\0", 3200, MSG_DONTWAIT, NULL, NULL) = 32
24249 1784070509.420075 recvfrom(38, 0x7ff90aa020, 3200, MSG_DONTWAIT, NULL, NULL) = -1 EAGAIN (Try again)
24249 1784070509.420704 recvfrom(61, 0x71fb447820, 2272, MSG_DONTWAIT, NULL, NULL) = -1 EAGAIN (Try again)
24249 1784070509.547408 recvfrom(38, 0x7ff90a9de0, 3200, MSG_DONTWAIT, NULL, NULL) = -1 EAGAIN (Try again)
24249 1784070509.553931 recvfrom(38, "nysv\0\0\0\0\0\0\0\0\0\0\0\0o\5f\200W\1\0\0UV\1\0\0\0\0\0", 3200, MSG_DONTWAIT, NULL, NULL) = 32
24249 1784070509.554269 recvfrom(38, 0x7ff90aa020, 3200, MSG_DONTWAIT, NULL, NULL) = -1 EAGAIN (Try again)
24249 1784070509.554957 recvfrom(61, 0x71fb447820, 2272, MSG_DONTWAIT, NULL, NULL) = -1 EAGAIN (Try again)
24249 1784070510.054345 recvfrom(38, 0x7ff90a9de0, 3200, MSG_DONTWAIT, NULL, NULL) = -1 EAGAIN (Try again)
24249 1784070510.057318 recvfrom(38, "nysv\0\0\0\0\0\0\0\0\0\0\0\0Og3\236W\1\0\0sV\1\0\0\0\0\0", 3200, MSG_DONTWAIT, NULL, NULL) = 32
24249 1784070510.057748 recvfrom(38, 0x7ff90aa020, 3200, MSG_DONTWAIT, NULL, NULL) = -1 EAGAIN (Try again)
24249 1784070510.058157 recvfrom(61, 0x71fb447820, 2272, MSG_DONTWAIT, NULL, NULL) = -1 EAGAIN (Try again)
24644 1784070510.085532 sendmsg(71, {msg_name=NULL, msg_namelen=0, msg_iov=[{iov_base="l\1\1\1\344\0\0\0004\1\0\0\235\0\0\0\1\1o\0;\0\0\0/re/frid"..., iov_len=404}], msg_iovlen=1, msg_controllen=0, msg_flags=0}, MSG_NOSIGNAL) = 404
24249 1784070510.441111 recvfrom(38, 0x7ff90a9de0, 3200, MSG_DONTWAIT, NULL, NULL) = -1 EAGAIN (Try again)
24644 1784070510.443438 sendmsg(71, {msg_name=NULL, msg_namelen=0, msg_iov=[{iov_base="l\1\1\1\344\0\0\0005\1\0\0\235\0\0\0\1\1o\0;\0\0\0/re/frid"..., iov_len=404}], msg_iovlen=1, msg_controllen=0, msg_flags=0}, MSG_NOSIGNAL) = 404
24249 1784070510.453012 recvfrom(38, "nysv\0\0\0\0\0\0\0\0\0\0\0\0Xs\v\266W\1\0\0\213V\1\0\0\0\0\0", 3200, MSG_DONTWAIT, NULL, NULL) = 32
24249 1784070510.454178 recvfrom(38, 0x7ff90aa020, 3200, MSG_DONTWAIT, NULL, NULL) = -1 EAGAIN (Try again)
24249 1784070510.454612 recvfrom(61, 0x71fb447820, 2272, MSG_DONTWAIT, NULL, NULL) = -1 EAGAIN (Try again)
24249 1784070510.558842 recvfrom(38, 0x7ff90a9de0, 3200, MSG_DONTWAIT, NULL, NULL) = -1 EAGAIN (Try again)
24249 1784070510.574750 recvfrom(38, "nysv\0\0\0\0\0\0\0\0\0\0\0\0e\34\377\274W\1\0\0\222V\1\0\0\0\0\0", 3200, MSG_DONTWAIT, NULL, NULL) = 32
24249 1784070510.575343 recvfrom(38, 0x7ff90aa020, 3200, MSG_DONTWAIT, NULL, NULL) = -1 EAGAIN (Try again)
24249 1784070510.575740 recvfrom(61, 0x71fb447820, 2272, MSG_DONTWAIT, NULL, NULL) = -1 EAGAIN (Try again)
24249 1784070511.063364 recvfrom(38, 0x7ff90a9de0, 3200, MSG_DONTWAIT, NULL, NULL) = -1 EAGAIN (Try again)
24249 1784070511.071448 recvfrom(38, "nysv\0\0\0\0\0\0\0\0\0\0\0\0\222\324\314\332W\1\0\0\260V\1\0\0\0\0\0", 3200, MSG_DONTWAIT, NULL, NULL) = 32
24249 1784070511.071665 recvfrom(38, 0x7ff90aa020, 3200, MSG_DONTWAIT, NULL, NULL) = -1 EAGAIN (Try again)
24249 1784070511.071980 recvfrom(61, 0x71fb447820, 2272, MSG_DONTWAIT, NULL, NULL) = -1 EAGAIN (Try again)
24644 1784070511.207762 sendmsg(71, {msg_name=NULL, msg_namelen=0, msg_iov=[{iov_base="l\1\1\1\344\0\0\0006\1\0\0\235\0\0\0\1\1o\0;\0\0\0/re/frid"..., iov_len=404}], msg_iovlen=1, msg_controllen=0, msg_flags=0}, MSG_NOSIGNAL) = 404
24644 1784070511.422956 sendmsg(71, {msg_name=NULL, msg_namelen=0, msg_iov=[{iov_base="l\1\1\1\344\0\0\0007\1\0\0\235\0\0\0\1\1o\0;\0\0\0/re/frid"..., iov_len=404}], msg_iovlen=1, msg_controllen=0, msg_flags=0}, MSG_NOSIGNAL) = 404
24249 1784070511.423880 recvfrom(38, 0x7ff90a9de0, 3200, MSG_DONTWAIT, NULL, NULL) = -1 EAGAIN (Try again)
24249 1784070511.440190 recvfrom(38, "nysv\0\0\0\0\0\0\0\0\0\0\0\0\355d\247\360W\1\0\0\306V\1\0\0\0\0\0", 3200, MSG_DONTWAIT, NULL, NULL) = 32
24249 1784070511.440441 recvfrom(38, 0x7ff90aa020, 3200, MSG_DONTWAIT, NULL, NULL) = -1 EAGAIN (Try again)
24249 1784070511.440916 recvfrom(61, 0x71fb447820, 2272, MSG_DONTWAIT, NULL, NULL) = -1 EAGAIN (Try again)
24249 1784070511.567794 recvfrom(38, 0x7ff90a9de0, 3200, MSG_DONTWAIT, NULL, NULL) = -1 EAGAIN (Try again)
24249 1784070511.573853 recvfrom(38, "nysv\0\0\0\0\0\0\0\0\0\0\0\0=\346\231\370W\1\0\0\316V\1\0\0\0\0\0", 3200, MSG_DONTWAIT, NULL, NULL) = 32
24249 1784070511.574304 recvfrom(38, 0x7ff90aa020, 3200, MSG_DONTWAIT, NULL, NULL) = -1 EAGAIN (Try again)
24249 1784070511.575048 recvfrom(61, 0x71fb447820, 2272, MSG_DONTWAIT, NULL, NULL) = -1 EAGAIN (Try again)
24249 1784070512.071125 recvfrom(38, 0x7ff90a9de0, 3200, MSG_DONTWAIT, NULL, NULL) = -1 EAGAIN (Try again)
24249 1784070512.087287 recvfrom(38, "nysv\0\0\0\0\0\0\0\0\0\0\0\0\232\245e\27X\1\0\0\355V\1\0\0\0\0\0", 3200, MSG_DONTWAIT, NULL, NULL) = 32
24249 1784070512.088124 recvfrom(38, 0x7ff90aa020, 3200, MSG_DONTWAIT, NULL, NULL) = -1 EAGAIN (Try again)
24249 1784070512.089124 recvfrom(61, 0x71fb447820, 2272, MSG_DONTWAIT, NULL, NULL) = -1 EAGAIN (Try again)
24644 1784070512.114973 sendmsg(71, {msg_name=NULL, msg_namelen=0, msg_iov=[{iov_base="l\1\1\1\344\0\0\08\1\0\0\235\0\0\0\1\1o\0;\0\0\0/re/frid"..., iov_len=404}], msg_iovlen=1, msg_controllen=0, msg_flags=0}, MSG_NOSIGNAL) = 404
24644 1784070512.461151 sendmsg(71, {msg_name=NULL, msg_namelen=0, msg_iov=[{iov_base="l\1\1\1\344\0\0\09\1\0\0\235\0\0\0\1\1o\0;\0\0\0/re/frid"..., iov_len=404}], msg_iovlen=1, msg_controllen=0, msg_flags=0}, MSG_NOSIGNAL <unfinished ...>
24249 1784070512.461203 recvfrom(38, 0x7ff90a9de0, 3200, MSG_DONTWAIT, NULL, NULL) = -1 EAGAIN (Try again)
24644 1784070512.462156 <... sendmsg resumed> ) = 404
24249 1784070512.469546 recvfrom(38, "nysv\0\0\0\0\0\0\0\0\0\0\0\0'\366?.X\1\0\0\3W\1\0\0\0\0\0", 3200, MSG_DONTWAIT, NULL, NULL) = 32
24249 1784070512.470172 recvfrom(38, 0x7ff90aa020, 3200, MSG_DONTWAIT, NULL, NULL) = -1 EAGAIN (Try again)
24249 1784070512.470590 recvfrom(61, 0x71fb447820, 2272, MSG_DONTWAIT, NULL, NULL) = -1 EAGAIN (Try again)
24249 1784070512.557418 recvfrom(38, 0x7ff90a8900, 3200, MSG_DONTWAIT, NULL, NULL) = -1 EAGAIN (Try again)
24249 1784070512.569438 recvfrom(38, "nysv\0\0\0\0\0\0\0\0\0\0\0\0\230#74X\1\0\0\tW\1\0\0\0\0\0", 3200, MSG_DONTWAIT, NULL, NULL) = 32
24249 1784070512.569600 recvfrom(38, 0x7ff90aa020, 3200, MSG_DONTWAIT, NULL, NULL) = -1 EAGAIN (Try again)
24249 1784070512.569930 recvfrom(61, 0x71fb447820, 2272, MSG_DONTWAIT, NULL, NULL) = -1 EAGAIN (Try again)
24644 1784070513.065106 sendmsg(71, {msg_name=NULL, msg_namelen=0, msg_iov=[{iov_base="l\1\1\1\344\0\0\0:\1\0\0\235\0\0\0\1\1o\0;\0\0\0/re/frid"..., iov_len=404}], msg_iovlen=1, msg_controllen=0, msg_flags=0}, MSG_NOSIGNAL) = 404
24249 1784070513.067166 recvfrom(38, 0x7ff90a9de0, 3200, MSG_DONTWAIT, NULL, NULL) = -1 EAGAIN (Try again)
24249 1784070513.070359 recvfrom(38, "nysv\0\0\0\0\0\0\0\0\0\0\0\0\1\25\2RX\1\0\0'W\1\0\0\0\0\0", 3200, MSG_DONTWAIT, NULL, NULL) = 32
24249 1784070513.070668 recvfrom(38, 0x7ff90aa020, 3200, MSG_DONTWAIT, NULL, NULL) = -1 EAGAIN (Try again)
24249 1784070513.071120 recvfrom(61, 0x71fb447820, 2272, MSG_DONTWAIT, NULL, NULL) = -1 EAGAIN (Try again)
24644 1784070513.216850 sendmsg(71, {msg_name=NULL, msg_namelen=0, msg_iov=[{iov_base="l\1\1\1\344\0\0\0;\1\0\0\235\0\0\0\1\1o\0;\0\0\0/re/frid"..., iov_len=404}], msg_iovlen=1, msg_controllen=0, msg_flags=0}, MSG_NOSIGNAL) = 404
24644 1784070513.437174 sendmsg(71, {msg_name=NULL, msg_namelen=0, msg_iov=[{iov_base="l\1\1\1\344\0\0\0<\1\0\0\235\0\0\0\1\1o\0;\0\0\0/re/frid"..., iov_len=404}], msg_iovlen=1, msg_controllen=0, msg_flags=0}, MSG_NOSIGNAL) = 404
24249 1784070513.439275 recvfrom(38, 0x7ff90a9de0, 3200, MSG_DONTWAIT, NULL, NULL) = -1 EAGAIN (Try again)
24249 1784070513.455225 recvfrom(38, "nysv\0\0\0\0\0\0\0\0\0\0\0\0\307H\333hX\1\0\0>W\1\0\0\0\0\0", 3200, MSG_DONTWAIT, NULL, NULL) = 32
24249 1784070513.455730 recvfrom(38, 0x7ff90aa020, 3200, MSG_DONTWAIT, NULL, NULL) = -1 EAGAIN (Try again)
24249 1784070513.456502 recvfrom(61, 0x71fb447820, 2272, MSG_DONTWAIT, NULL, NULL) = -1 EAGAIN (Try again)
24249 1784070513.571999 recvfrom(38, 0x7ff90a9de0, 3200, MSG_DONTWAIT, NULL, NULL) = -1 EAGAIN (Try again)
24249 1784070513.587009 recvfrom(38, "nysv\0\0\0\0\0\0\0\0\0\0\0\0>\33\316pX\1\0\0FW\1\0\0\0\0\0", 3200, MSG_DONTWAIT, NULL, NULL) = 32
24249 1784070513.587510 recvfrom(38, 0x7ff90aa020, 3200, MSG_DONTWAIT, NULL, NULL) = -1 EAGAIN (Try again)
24249 1784070513.588219 recvfrom(61, 0x71fb447820, 2272, MSG_DONTWAIT, NULL, NULL) = -1 EAGAIN (Try again)
24249 1784070514.075526 recvfrom(38, 0x7ff90a9de0, 3200, MSG_DONTWAIT, NULL, NULL) = -1 EAGAIN (Try again)
24249 1784070514.086590 recvfrom(38, "nysv\0\0\0\0\0\0\0\0\0\0\0\0\335\227\233\216X\1\0\0dW\1\0\0\0\0\0", 3200, MSG_DONTWAIT, NULL, NULL) = 32
24249 1784070514.087113 recvfrom(38, 0x7ff90aa020, 3200, MSG_DONTWAIT, NULL, NULL) = -1 EAGAIN (Try again)
24249 1784070514.088070 recvfrom(61, 0x71fb447820, 2272, MSG_DONTWAIT, NULL, NULL) = -1 EAGAIN (Try again)
24644 1784070514.124356 sendmsg(71, {msg_name=NULL, msg_namelen=0, msg_iov=[{iov_base="l\1\1\1\344\0\0\0=\1\0\0\235\0\0\0\1\1o\0;\0\0\0/re/frid"..., iov_len=404}], msg_iovlen=1, msg_controllen=0, msg_flags=0}, MSG_NOSIGNAL) = 404
24644 1784070514.480346 sendmsg(71, {msg_name=NULL, msg_namelen=0, msg_iov=[{iov_base="l\1\1\1\344\0\0\0>\1\0\0\235\0\0\0\1\1o\0;\0\0\0/re/frid"..., iov_len=404}], msg_iovlen=1, msg_controllen=0, msg_flags=0}, MSG_NOSIGNAL) = 404
24249 1784070514.481061 recvfrom(38, 0x7ff90a9de0, 3200, MSG_DONTWAIT, NULL, NULL) = -1 EAGAIN (Try again)
24249 1784070514.486771 recvfrom(38, "nysv\0\0\0\0\0\0\0\0\0\0\0\0I7s\246X\1\0\0|W\1\0\0\0\0\0", 3200, MSG_DONTWAIT, NULL, NULL) = 32
24249 1784070514.487049 recvfrom(38, 0x7ff90aa020, 3200, MSG_DONTWAIT, NULL, NULL) = -1 EAGAIN (Try again)
24249 1784070514.487414 recvfrom(61, 0x71fb447820, 2272, MSG_DONTWAIT, NULL, NULL) = -1 EAGAIN (Try again)
24249 1784070514.580390 recvfrom(38, 0x7ff90a9de0, 3200, MSG_DONTWAIT, NULL, NULL) = -1 EAGAIN (Try again)
24249 1784070514.586098 recvfrom(38, "nysv\0\0\0\0\0\0\0\0\0\0\0\0\271\250h\254X\1\0\0\202W\1\0\0\0\0\0", 3200, MSG_DONTWAIT, NULL, NULL) = 32
24249 1784070514.586347 recvfrom(38, 0x7ff90aa020, 3200, MSG_DONTWAIT, NULL, NULL) = -1 EAGAIN (Try again)
24249 1784070514.586781 recvfrom(61, 0x71fb447820, 2272, MSG_DONTWAIT, NULL, NULL) = -1 EAGAIN (Try again)
24249 1784070515.083093 recvfrom(38, 0x7ff90a9de0, 3200, MSG_DONTWAIT, NULL, NULL) = -1 EAGAIN (Try again)
24249 1784070515.086346 recvfrom(38, "nysv\0\0\0\0\0\0\0\0\0\0\0\0o\2627\312X\1\0\0\237W\1\0\0\0\0\0", 3200, MSG_DONTWAIT, NULL, NULL) = 32
24249 1784070515.086542 recvfrom(38, 0x7ff90aa020, 3200, MSG_DONTWAIT, NULL, NULL) = -1 EAGAIN (Try again)
24249 1784070515.086866 recvfrom(61, 0x71fb447820, 2272, MSG_DONTWAIT, NULL, NULL) = -1 EAGAIN (Try again)
24644 1784070515.226263 sendmsg(71, {msg_name=NULL, msg_namelen=0, msg_iov=[{iov_base="l\1\1\1\344\0\0\0?\1\0\0\235\0\0\0\1\1o\0;\0\0\0/re/frid"..., iov_len=404}], msg_iovlen=1, msg_controllen=0, msg_flags=0}, MSG_NOSIGNAL) = 404
24644 1784070515.450876 sendmsg(71, {msg_name=NULL, msg_namelen=0, msg_iov=[{iov_base="l\1\1\1\344\0\0\0@\1\0\0\235\0\0\0\1\1o\0;\0\0\0/re/frid"..., iov_len=404}], msg_iovlen=1, msg_controllen=0, msg_flags=0}, MSG_NOSIGNAL) = 404
24249 1784070515.452527 recvfrom(38, 0x7ff90a9de0, 3200, MSG_DONTWAIT, NULL, NULL) = -1 EAGAIN (Try again)
24249 1784070515.476717 recvfrom(38, "nysv\0\0\0\0\0\0\0\0\0\0\0\0\241,\17\341X\1\0\0\266W\1\0\0\0\0\0", 3200, MSG_DONTWAIT, NULL, NULL) = 32
24249 1784070515.477110 recvfrom(38, 0x7ff90aa020, 3200, MSG_DONTWAIT, NULL, NULL) = -1 EAGAIN (Try again)
24249 1784070515.477830 recvfrom(61, 0x71fb447820, 2272, MSG_DONTWAIT, NULL, NULL) = -1 EAGAIN (Try again)
24249 1784070515.585573 recvfrom(38, 0x7ff90a9de0, 3200, MSG_DONTWAIT, NULL, NULL) = -1 EAGAIN (Try again)
24249 1784070515.610394 recvfrom(38, "nysv\0\0\0\0\0\0\0\0\0\0\0\0\361\255\1\351X\1\0\0\276W\1\0\0\0\0\0", 3200, MSG_DONTWAIT, NULL, NULL) = 32
24249 1784070515.610761 recvfrom(38, 0x7ff90aa020, 3200, MSG_DONTWAIT, NULL, NULL) = -1 EAGAIN (Try again)
24249 1784070515.611304 recvfrom(61, 0x71fb447820, 2272, MSG_DONTWAIT, NULL, NULL) = -1 EAGAIN (Try again)
24249 1784070516.089263 recvfrom(38, 0x7ff90a9de0, 3200, MSG_DONTWAIT, NULL, NULL) = -1 EAGAIN (Try again)
24249 1784070516.108752 recvfrom(38, "nysv\0\0\0\0\0\0\0\0\0\0\0\0\335\22\317\6Y\1\0\0\333W\1\0\0\0\0\0", 3200, MSG_DONTWAIT, NULL, NULL) = 32
24249 1784070516.109453 recvfrom(38, 0x7ff90aa020, 3200, MSG_DONTWAIT, NULL, NULL) = -1 EAGAIN (Try again)
24249 1784070516.110749 recvfrom(61, 0x71fb447820, 2272, MSG_DONTWAIT, NULL, NULL) = -1 EAGAIN (Try again)
24644 1784070516.131424 sendmsg(71, {msg_name=NULL, msg_namelen=0, msg_iov=[{iov_base="l\1\1\1\344\0\0\0A\1\0\0\235\0\0\0\1\1o\0;\0\0\0/re/frid"..., iov_len=404}], msg_iovlen=1, msg_controllen=0, msg_flags=0}, MSG_NOSIGNAL) = 404
24644 1784070516.487306 sendmsg(71, {msg_name=NULL, msg_namelen=0, msg_iov=[{iov_base="l\1\1\1\344\0\0\0B\1\0\0\235\0\0\0\1\1o\0;\0\0\0/re/frid"..., iov_len=404}], msg_iovlen=1, msg_controllen=0, msg_flags=0}, MSG_NOSIGNAL) = 404
24249 1784070516.493797 recvfrom(38, 0x7ff90a9de0, 3200, MSG_DONTWAIT, NULL, NULL) = -1 EAGAIN (Try again)
24249 1784070516.502637 recvfrom(38, "nysv\0\0\0\0\0\0\0\0\0\0\0\0a\203\247\36Y\1\0\0\363W\1\0\0\0\0\0", 3200, MSG_DONTWAIT, NULL, NULL) = 32
24249 1784070516.503049 recvfrom(38, 0x7ff90aa020, 3200, MSG_DONTWAIT, NULL, NULL) = -1 EAGAIN (Try again)
24249 1784070516.503526 recvfrom(61, 0x71fb447820, 2272, MSG_DONTWAIT, NULL, NULL) = -1 EAGAIN (Try again)
24249 1784070516.583736 recvfrom(38, 0x7ff90a8900, 3200, MSG_DONTWAIT, NULL, NULL) = -1 EAGAIN (Try again)
24249 1784070516.585771 recvfrom(38, "nysv\0\0\0\0\0\0\0\0\0\0\0\0mf\240#Y\1\0\0\370W\1\0\0\0\0\0", 3200, MSG_DONTWAIT, NULL, NULL) = 32
24249 1784070516.585940 recvfrom(38, 0x7ff90aa020, 3200, MSG_DONTWAIT, NULL, NULL) = -1 EAGAIN (Try again)
24249 1784070516.586101 recvfrom(61, 0x71fb447820, 2272, MSG_DONTWAIT, NULL, NULL) = -1 EAGAIN (Try again)
24249 1784070517.092756 recvfrom(38, 0x7ff90a9260, 3200, MSG_DONTWAIT, NULL, NULL) = -1 EAGAIN (Try again)
24249 1784070517.104862 recvfrom(38, "nysv\0\0\0\0\0\0\0\0\0\0\0\0\265\334iBY\1\0\0\27X\1\0\0\0\0\0", 3200, MSG_DONTWAIT, NULL, NULL) = 32
24249 1784070517.105408 recvfrom(38, 0x7ff90aa020, 3200, MSG_DONTWAIT, NULL, NULL) = -1 EAGAIN (Try again)
24249 1784070517.106123 recvfrom(61, 0x71fb447820, 2272, MSG_DONTWAIT, NULL, NULL) = -1 EAGAIN (Try again)
24249 1784070517.106870 recvfrom(38, 0x7ff90a9ca0, 3200, MSG_DONTWAIT, NULL, NULL) = -1 EAGAIN (Try again)
24249 1784070517.120029 recvfrom(38, "nysv\0\0\0\0\0\0\0\0\0\0\0\0\214chCY\1\0\0\30X\1\0\0\0\0\0", 3200, MSG_DONTWAIT, NULL, NULL) = 32
24249 1784070517.120506 recvfrom(38, 0x7ff90aa020, 3200, MSG_DONTWAIT, NULL, NULL) = -1 EAGAIN (Try again)
24249 1784070517.124075 recvfrom(38, 0x7ff90a9cb0, 3200, MSG_DONTWAIT, NULL, NULL) = -1 EAGAIN (Try again)
24249 1784070517.137897 recvfrom(38, "nysv\0\0\0\0\0\0\0\0\0\0\0\0\321\315fDY\1\0\0\31X\1\0\0\0\0\0", 3200, MSG_DONTWAIT, NULL, NULL) = 32
24249 1784070517.138104 recvfrom(38, 0x7ff90aa020, 3200, MSG_DONTWAIT, NULL, NULL) = -1 EAGAIN (Try again)
24249 1784070517.144714 recvfrom(61, 0x71fb447820, 2272, MSG_DONTWAIT, NULL, NULL) = -1 EAGAIN (Try again)
24270 1784070517.160117 openat(AT_FDCWD, "/data/misc/profiles/cur/0/barilyuk.batterytemperature/primary.prof", O_RDWR|O_NOFOLLOW|O_CLOEXEC) = 56
24270 1784070517.161044 newfstatat(AT_FDCWD, "/data/misc/profiles/cur/0/barilyuk.batterytemperature/primary.prof", {st_mode=S_IFREG|0600, st_size=3596, ...}, 0) = 0
24644 1784070517.232085 sendmsg(71, {msg_name=NULL, msg_namelen=0, msg_iov=[{iov_base="l\1\1\1\344\0\0\0C\1\0\0\235\0\0\0\1\1o\0;\0\0\0/re/frid"..., iov_len=404}], msg_iovlen=1, msg_controllen=0, msg_flags=0}, MSG_NOSIGNAL) = 404
24644 1784070517.471622 sendmsg(71, {msg_name=NULL, msg_namelen=0, msg_iov=[{iov_base="l\1\1\1\344\0\0\0D\1\0\0\235\0\0\0\1\1o\0;\0\0\0/re/frid"..., iov_len=404}], msg_iovlen=1, msg_controllen=0, msg_flags=0}, MSG_NOSIGNAL) = 404
24249 1784070517.472611 recvfrom(38, 0x7ff90a9de0, 3200, MSG_DONTWAIT, NULL, NULL) = -1 EAGAIN (Try again)
24249 1784070517.488522 recvfrom(38, "nysv\0\0\0\0\0\0\0\0\0\0\0\0\6`CYY\1\0\0-X\1\0\0\0\0\0", 3200, MSG_DONTWAIT, NULL, NULL) = 32
24249 1784070517.488881 recvfrom(38, 0x7ff90aa020, 3200, MSG_DONTWAIT, NULL, NULL) = -1 EAGAIN (Try again)
24249 1784070517.489519 recvfrom(61, 0x71fb447820, 2272, MSG_DONTWAIT, NULL, NULL) = -1 EAGAIN (Try again)
24249 1784070517.594449 recvfrom(38, 0x7ff90a9de0, 3200, MSG_DONTWAIT, NULL, NULL) = -1 EAGAIN (Try again)
24249 1784070517.605010 recvfrom(38, "nysv\0\0\0\0\0\0\0\0\0\0\0\0\241A7`Y\1\0\0004X\1\0\0\0\0\0", 3200, MSG_DONTWAIT, NULL, NULL) = 32
24249 1784070517.605403 recvfrom(38, 0x7ff90aa020, 3200, MSG_DONTWAIT, NULL, NULL) = -1 EAGAIN (Try again)
24249 1784070517.606150 recvfrom(61, 0x71fb447820, 2272, MSG_DONTWAIT, NULL, NULL) = -1 EAGAIN (Try again)
24644 1784070517.628463 sendmsg(71, {msg_name=NULL, msg_namelen=0, msg_iov=[{iov_base="l\1\1\1\344\0\0\0E\1\0\0\235\0\0\0\1\1o\0;\0\0\0/re/frid"..., iov_len=404}], msg_iovlen=1, msg_controllen=0, msg_flags=0}, MSG_NOSIGNAL) = 404
24644 1784070517.632966 sendmsg(71, {msg_name=NULL, msg_namelen=0, msg_iov=[{iov_base="l\1\1\1\310\0\0\0F\1\0\0\235\0\0\0\1\1o\0;\0\0\0/re/frid"..., iov_len=376}], msg_iovlen=1, msg_controllen=0, msg_flags=0}, MSG_NOSIGNAL) = 376
24277 1784070517.734556 faccessat(AT_FDCWD, "/data/user/0/barilyuk.batterytemperature/shared_prefs/MyPrefs.xml", F_OK) = 0
24249 1784070518.100771 recvfrom(38, 0x7ff90a9de0, 3200, MSG_DONTWAIT, NULL, NULL) = -1 EAGAIN (Try again)
24249 1784070518.109346 recvfrom(38, "nysv\0\0\0\0\0\0\0\0\0\0\0\0\215\246\4~Y\1\0\0QX\1\0\0\0\0\0", 3200, MSG_DONTWAIT, NULL, NULL) = 32
24249 1784070518.109680 recvfrom(38, 0x7ff90aa020, 3200, MSG_DONTWAIT, NULL, NULL) = -1 EAGAIN (Try again)
24249 1784070518.110316 recvfrom(61, 0x71fb447820, 2272, MSG_DONTWAIT, NULL, NULL) = -1 EAGAIN (Try again)
24644 1784070518.147971 sendmsg(71, {msg_name=NULL, msg_namelen=0, msg_iov=[{iov_base="l\1\1\1\344\0\0\0G\1\0\0\235\0\0\0\1\1o\0;\0\0\0/re/frid"..., iov_len=404}], msg_iovlen=1, msg_controllen=0, msg_flags=0}, MSG_NOSIGNAL) = 404
24249 1784070518.509255 recvfrom(38, 0x7ff90a9de0, 3200, MSG_DONTWAIT, NULL, NULL) = -1 EAGAIN (Try again)
24644 1784070518.509691 sendmsg(71, {msg_name=NULL, msg_namelen=0, msg_iov=[{iov_base="l\1\1\1\344\0\0\0H\1\0\0\235\0\0\0\1\1o\0;\0\0\0/re/frid"..., iov_len=404}], msg_iovlen=1, msg_controllen=0, msg_flags=0}, MSG_NOSIGNAL) = 404
24249 1784070518.520607 recvfrom(38, "nysv\0\0\0\0\0\0\0\0\0\0\0\0u/\333\226Y\1\0\0jX\1\0\0\0\0\0", 3200, MSG_DONTWAIT, NULL, NULL) = 32
24249 1784070518.521084 recvfrom(38, 0x7ff90aa020, 3200, MSG_DONTWAIT, NULL, NULL) = -1 EAGAIN (Try again)
24249 1784070518.521454 recvfrom(61, 0x71fb447820, 2272, MSG_DONTWAIT, NULL, NULL) = -1 EAGAIN (Try again)
24249 1784070518.604125 recvfrom(38, 0x7ff90a9de0, 3200, MSG_DONTWAIT, NULL, NULL) = -1 EAGAIN (Try again)
24249 1784070518.619148 recvfrom(38, "nysv\0\0\0\0\0\0\0\0\0\0\0\0\26E\321\234Y\1\0\0pX\1\0\0\0\0\0", 3200, MSG_DONTWAIT, NULL, NULL) = 32
24249 1784070518.619431 recvfrom(38, 0x7ff90aa020, 3200, MSG_DONTWAIT, NULL, NULL) = -1 EAGAIN (Try again)
24249 1784070518.619868 recvfrom(61, 0x71fb447820, 2272, MSG_DONTWAIT, NULL, NULL) = -1 EAGAIN (Try again)
24249 1784070519.105378 recvfrom(38, 0x7ff90a9de0, 3200, MSG_DONTWAIT, NULL, NULL) = -1 EAGAIN (Try again)
24249 1784070519.125757 recvfrom(38, "nysv\0\0\0\0\0\0\0\0\0\0\0\0\217\300\235\272Y\1\0\0\216X\1\0\0\0\0\0", 3200, MSG_DONTWAIT, NULL, NULL) = 32
24249 1784070519.125937 recvfrom(38, 0x7ff90aa020, 3200, MSG_DONTWAIT, NULL, NULL) = -1 EAGAIN (Try again)
24249 1784070519.126249 recvfrom(61, 0x71fb447820, 2272, MSG_DONTWAIT, NULL, NULL) = -1 EAGAIN (Try again)
24644 1784070519.238390 sendmsg(71, {msg_name=NULL, msg_namelen=0, msg_iov=[{iov_base="l\1\1\1\344\0\0\0I\1\0\0\235\0\0\0\1\1o\0;\0\0\0/re/frid"..., iov_len=404}], msg_iovlen=1, msg_controllen=0, msg_flags=0}, MSG_NOSIGNAL) = 404
24249 1784070519.487411 recvfrom(38,  <unfinished ...>
24644 1784070519.487457 sendmsg(71, {msg_name=NULL, msg_namelen=0, msg_iov=[{iov_base="l\1\1\1\344\0\0\0J\1\0\0\235\0\0\0\1\1o\0;\0\0\0/re/frid"..., iov_len=404}], msg_iovlen=1, msg_controllen=0, msg_flags=0}, MSG_NOSIGNAL <unfinished ...>
24249 1784070519.487644 <... recvfrom resumed> 0x7ff90a9de0, 3200, MSG_DONTWAIT, NULL, NULL) = -1 EAGAIN (Try again)
24644 1784070519.487869 <... sendmsg resumed> ) = 404
24249 1784070519.508649 recvfrom(38, "nysv\0\0\0\0\0\0\0\0\0\0\0\0U\364v\321Y\1\0\0\245X\1\0\0\0\0\0", 3200, MSG_DONTWAIT, NULL, NULL) = 32
24249 1784070519.509045 recvfrom(38, 0x7ff90aa020, 3200, MSG_DONTWAIT, NULL, NULL) = -1 EAGAIN (Try again)
24249 1784070519.509646 recvfrom(61, 0x71fb447820, 2272, MSG_DONTWAIT, NULL, NULL) = -1 EAGAIN (Try again)
24249 1784070519.606710 recvfrom(38, 0x7ff90a9de0, 3200, MSG_DONTWAIT, NULL, NULL) = -1 EAGAIN (Try again)
24249 1784070519.625435 recvfrom(38, "nysv\0\0\0\0\0\0\0\0\0\0\0\0{%k\330Y\1\0\0\254X\1\0\0\0\0\0", 3200, MSG_DONTWAIT, NULL, NULL) = 32
24249 1784070519.626010 recvfrom(38, 0x7ff90aa020, 3200, MSG_DONTWAIT, NULL, NULL) = -1 EAGAIN (Try again)
24249 1784070519.626723 recvfrom(61, 0x71fb447820, 2272, MSG_DONTWAIT, NULL, NULL) = -1 EAGAIN (Try again)
24249 1784070520.112528 recvfrom(38, 0x7ff90a9de0, 3200, MSG_DONTWAIT, NULL, NULL) = -1 EAGAIN (Try again)
24249 1784070520.125148 recvfrom(38, "nysv\0\0\0\0\0\0\0\0\0\0\0\0g\2128\366Y\1\0\0\312X\1\0\0\0\0\0", 3200, MSG_DONTWAIT, NULL, NULL) = 32
24249 1784070520.126085 recvfrom(38, 0x7ff90aa020, 3200, MSG_DONTWAIT, NULL, NULL) = -1 EAGAIN (Try again)
24249 1784070520.126977 recvfrom(61, 0x71fb447820, 2272, MSG_DONTWAIT, NULL, NULL) = -1 EAGAIN (Try again)
24644 1784070520.166424 sendmsg(71, {msg_name=NULL, msg_namelen=0, msg_iov=[{iov_base="l\1\1\1\344\0\0\0K\1\0\0\235\0\0\0\1\1o\0;\0\0\0/re/frid"..., iov_len=404}], msg_iovlen=1, msg_controllen=0, msg_flags=0}, MSG_NOSIGNAL) = 404
24644 1784070520.531086 sendmsg(71, {msg_name=NULL, msg_namelen=0, msg_iov=[{iov_base="l\1\1\1\344\0\0\0L\1\0\0\235\0\0\0\1\1o\0;\0\0\0/re/frid"..., iov_len=404}], msg_iovlen=1, msg_controllen=0, msg_flags=0}, MSG_NOSIGNAL) = 404
24249 1784070520.531602 recvfrom(38, 0x7ff90a9de0, 3200, MSG_DONTWAIT, NULL, NULL) = -1 EAGAIN (Try again)
24249 1784070520.537413 recvfrom(38, "nysv\0\0\0\0\0\0\0\0\0\0\0\0s\344\16\17Z\1\0\0\343X\1\0\0\0\0\0", 3200, MSG_DONTWAIT, NULL, NULL) = 32
24249 1784070520.537600 recvfrom(38, 0x7ff90aa020, 3200, MSG_DONTWAIT, NULL, NULL) = -1 EAGAIN (Try again)
24249 1784070520.542594 recvfrom(61, 0x71fb447820, 2272, MSG_DONTWAIT, NULL, NULL) = -1 EAGAIN (Try again)
24249 1784070520.615608 recvfrom(38, 0x7ff90a9de0, 3200, MSG_DONTWAIT, NULL, NULL) = -1 EAGAIN (Try again)
24249 1784070520.618932 recvfrom(38, "nysv\0\0\0\0\0\0\0\0\0\0\0\0G\10\10\24Z\1\0\0\350X\1\0\0\0\0\0", 3200, MSG_DONTWAIT, NULL, NULL) = 32
24249 1784070520.619358 recvfrom(38, 0x7ff90aa020, 3200, MSG_DONTWAIT, NULL, NULL) = -1 EAGAIN (Try again)
24249 1784070520.620056 recvfrom(61, 0x71fb447820, 2272, MSG_DONTWAIT, NULL, NULL) = -1 EAGAIN (Try again)
24249 1784070520.630446 recvfrom(38, 0x7ff90a8900, 3200, MSG_DONTWAIT, NULL, NULL) = -1 EAGAIN (Try again)
24249 1784070520.636136 recvfrom(38, "nysv\0\0\0\0\0\0\0\0\0\0\0\0(_\6\25Z\1\0\0\351X\1\0\0\0\0\0", 3200, MSG_DONTWAIT, NULL, NULL) = 32
24249 1784070520.637062 recvfrom(38, 0x7ff90aa020, 3200, MSG_DONTWAIT, NULL, NULL) = -1 EAGAIN (Try again)
24249 1784070520.642744 recvfrom(61, 0x71fb447820, 2272, MSG_DONTWAIT, NULL, NULL) = -1 EAGAIN (Try again)
25436 1784070520.706607 clone(child_stack=0x71034e0d40, flags=CLONE_VM|CLONE_FS|CLONE_FILES|CLONE_SIGHAND|CLONE_THREAD|CLONE_SYSVSEM|CLONE_SETTLS|CLONE_PARENT_SETTID|CLONE_CHILD_CLEARTID, parent_tidptr=0x71034e0d60, tls=0x71034e1020, child_tidptr=0x71034e0d60) = 26175
26175 1784070520.710073 openat(AT_FDCWD, "/proc/26175/timerslack_ns", O_WRONLY|O_CREAT|O_TRUNC|O_NOFOLLOW|O_CLOEXEC, 0666) = 56
24644 1784070521.139248 sendmsg(71, {msg_name=NULL, msg_namelen=0, msg_iov=[{iov_base="l\1\1\1\344\0\0\0M\1\0\0\235\0\0\0\1\1o\0;\0\0\0/re/frid"..., iov_len=404}], msg_iovlen=1, msg_controllen=0, msg_flags=0}, MSG_NOSIGNAL) = 404
24249 1784070521.140768 recvfrom(38, 0x7ff90a9de0, 3200, MSG_DONTWAIT, NULL, NULL) = -1 EAGAIN (Try again)
24249 1784070521.158288 recvfrom(38, "nysv\0\0\0\0\0\0\0\0\0\0\0\0\223\364\3173Z\1\0\0\7Y\1\0\0\0\0\0", 3200, MSG_DONTWAIT, NULL, NULL) = 32
24249 1784070521.158654 recvfrom(38, 0x7ff90aa020, 3200, MSG_DONTWAIT, NULL, NULL) = -1 EAGAIN (Try again)
24249 1784070521.159287 recvfrom(61, 0x71fb447820, 2272, MSG_DONTWAIT, NULL, NULL) = -1 EAGAIN (Try again)
24644 1784070521.245200 sendmsg(71, {msg_name=NULL, msg_namelen=0, msg_iov=[{iov_base="l\1\1\1\344\0\0\0N\1\0\0\235\0\0\0\1\1o\0;\0\0\0/re/frid"..., iov_len=404}], msg_iovlen=1, msg_controllen=0, msg_flags=0}, MSG_NOSIGNAL) = 404
24644 1784070521.498906 sendmsg(71, {msg_name=NULL, msg_namelen=0, msg_iov=[{iov_base="l\1\1\1\344\0\0\0O\1\0\0\235\0\0\0\1\1o\0;\0\0\0/re/frid"..., iov_len=404}], msg_iovlen=1, msg_controllen=0, msg_flags=0}, MSG_NOSIGNAL) = 404
24249 1784070521.499958 recvfrom(38, 0x7ff90a9de0, 3200, MSG_DONTWAIT, NULL, NULL) = -1 EAGAIN (Try again)
24249 1784070521.503380 recvfrom(38, "nysv\0\0\0\0\0\0\0\0\0\0\0\0R\327\254HZ\1\0\0\33Y\1\0\0\0\0\0", 3200, MSG_DONTWAIT, NULL, NULL) = 32
24249 1784070521.503699 recvfrom(38, 0x7ff90aa020, 3200, MSG_DONTWAIT, NULL, NULL) = -1 EAGAIN (Try again)
24249 1784070521.504030 recvfrom(61, 0x71fb447820, 2272, MSG_DONTWAIT, NULL, NULL) = -1 EAGAIN (Try again)
24249 1784070521.644571 recvfrom(38, 0x7ff90a9de0, 3200, MSG_DONTWAIT, NULL, NULL) = -1 EAGAIN (Try again)
24249 1784070521.654235 recvfrom(38, "nysv\0\0\0\0\0\0\0\0\0\0\0\0\300r\235QZ\1\0\0$Y\1\0\0\0\0\0", 3200, MSG_DONTWAIT, NULL, NULL) = 32
24249 1784070521.655140 recvfrom(38, 0x7ff90aa020, 3200, MSG_DONTWAIT, NULL, NULL) = -1 EAGAIN (Try again)
24249 1784070521.656183 recvfrom(61, 0x71fb447820, 2272, MSG_DONTWAIT, NULL, NULL) = -1 EAGAIN (Try again)
24249 1784070522.150338 recvfrom(38, 0x7ff90a9de0, 3200, MSG_DONTWAIT, NULL, NULL) = -1 EAGAIN (Try again)
24249 1784070522.154203 recvfrom(38, "nysv\0\0\0\0\0\0\0\0\0\0\0\0k\276joZ\1\0\0BY\1\0\0\0\0\0", 3200, MSG_DONTWAIT, NULL, NULL) = 32
24249 1784070522.154705 recvfrom(38, 0x7ff90aa020, 3200, MSG_DONTWAIT, NULL, NULL) = -1 EAGAIN (Try again)
24249 1784070522.155456 recvfrom(61, 0x71fb447820, 2272, MSG_DONTWAIT, NULL, NULL) = -1 EAGAIN (Try again)
24644 1784070522.182494 sendmsg(71, {msg_name=NULL, msg_namelen=0, msg_iov=[{iov_base="l\1\1\1\344\0\0\0P\1\0\0\235\0\0\0\1\1o\0;\0\0\0/re/frid"..., iov_len=404}], msg_iovlen=1, msg_controllen=0, msg_flags=0}, MSG_NOSIGNAL) = 404
24644 1784070522.537897 sendmsg(71, {msg_name=NULL, msg_namelen=0, msg_iov=[{iov_base="l\1\1\1\344\0\0\0Q\1\0\0\235\0\0\0\1\1o\0;\0\0\0/re/frid"..., iov_len=404}], msg_iovlen=1, msg_controllen=0, msg_flags=0}, MSG_NOSIGNAL) = 404
24249 1784070522.543229 recvfrom(38, 0x7ff90a9de0, 3200, MSG_DONTWAIT, NULL, NULL) = -1 EAGAIN (Try again)
24249 1784070522.554017 recvfrom(38, "nysv\0\0\0\0\0\0\0\0\0\0\0\0P\375B\207Z\1\0\0ZY\1\0\0\0\0\0", 3200, MSG_DONTWAIT, NULL, NULL) = 32
24249 1784070522.554354 recvfrom(38, 0x7ff90aa020, 3200, MSG_DONTWAIT, NULL, NULL) = -1 EAGAIN (Try again)
24249 1784070522.554971 recvfrom(61, 0x71fb447820, 2272, MSG_DONTWAIT, NULL, NULL) = -1 EAGAIN (Try again)
24249 1784070522.657076 recvfrom(38, 0x7ff90a9de0, 3200, MSG_DONTWAIT, NULL, NULL) = -1 EAGAIN (Try again)
24249 1784070522.658313 recvfrom(38, "nysv\0\0\0\0\0\0\0\0\0\0\0\0/a8\215Z\1\0\0`Y\1\0\0\0\0\0", 3200, MSG_DONTWAIT, NULL, NULL) = 32
24249 1784070522.658550 recvfrom(38, 0x7ff90aa020, 3200, MSG_DONTWAIT, NULL, NULL) = -1 EAGAIN (Try again)
24249 1784070522.658789 recvfrom(61, 0x71fb447820, 2272, MSG_DONTWAIT, NULL, NULL) = -1 EAGAIN (Try again)
24249 1784070523.159290 recvfrom(38, 0x7ff90a9de0, 3200, MSG_DONTWAIT, NULL, NULL) = -1 EAGAIN (Try again)
24249 1784070523.176227 recvfrom(38, "nysv\0\0\0\0\0\0\0\0\0\0\0\0m\330\3\254Z\1\0\0~Y\1\0\0\0\0\0", 3200, MSG_DONTWAIT, NULL, NULL) = 32
24249 1784070523.176639 recvfrom(38, 0x7ff90aa020, 3200, MSG_DONTWAIT, NULL, NULL) = -1 EAGAIN (Try again)
24249 1784070523.176955 recvfrom(61, 0x71fb447820, 2272, MSG_DONTWAIT, NULL, NULL) = -1 EAGAIN (Try again)
24644 1784070523.250936 sendmsg(71, {msg_name=NULL, msg_namelen=0, msg_iov=[{iov_base="l\1\1\1\344\0\0\0R\1\0\0\235\0\0\0\1\1o\0;\0\0\0/re/frid"..., iov_len=404}], msg_iovlen=1, msg_controllen=0, msg_flags=0}, MSG_NOSIGNAL) = 404
24644 1784070523.515388 sendmsg(71, {msg_name=NULL, msg_namelen=0, msg_iov=[{iov_base="l\1\1\1\344\0\0\0S\1\0\0\235\0\0\0\1\1o\0;\0\0\0/re/frid"..., iov_len=404}], msg_iovlen=1, msg_controllen=0, msg_flags=0}, MSG_NOSIGNAL) = 404
24249 1784070523.516151 recvfrom(38, 0x7ff90a9de0, 3200, MSG_DONTWAIT, NULL, NULL) = -1 EAGAIN (Try again)
24249 1784070523.520824 recvfrom(38, "nysv\0\0\0\0\0\0\0\0\0\0\0\0\314\260\340\300Z\1\0\0\223Y\1\0\0\0\0\0", 3200, MSG_DONTWAIT, NULL, NULL) = 32
24249 1784070523.521186 recvfrom(38, 0x7ff90aa020, 3200, MSG_DONTWAIT, NULL, NULL) = -1 EAGAIN (Try again)
24249 1784070523.521530 recvfrom(61, 0x71fb447820, 2272, MSG_DONTWAIT, NULL, NULL) = -1 EAGAIN (Try again)
24249 1784070523.663344 recvfrom(38, 0x7ff90a9de0, 3200, MSG_DONTWAIT, NULL, NULL) = -1 EAGAIN (Try again)
24249 1784070523.672615 recvfrom(38, "nysv\0\0\0\0\0\0\0\0\0\0\0\0Y=\321\311Z\1\0\0\234Y\1\0\0\0\0\0", 3200, MSG_DONTWAIT, NULL, NULL) = 32
24249 1784070523.673465 recvfrom(38, 0x7ff90aa020, 3200, MSG_DONTWAIT, NULL, NULL) = -1 EAGAIN (Try again)
24249 1784070523.674178 recvfrom(61, 0x71fb447820, 2272, MSG_DONTWAIT, NULL, NULL) = -1 EAGAIN (Try again)
24249 1784070524.168930 recvfrom(38, 0x7ff90a9de0, 3200, MSG_DONTWAIT, NULL, NULL) = -1 EAGAIN (Try again)
24249 1784070524.187854 recvfrom(38, "nysv\0\0\0\0\0\0\0\0\0\0\0\0I:\235\350Z\1\0\0\273Y\1\0\0\0\0\0", 3200, MSG_DONTWAIT, NULL, NULL) = 32
24249 1784070524.188726 recvfrom(38, 0x7ff90aa020, 3200, MSG_DONTWAIT, NULL, NULL) = -1 EAGAIN (Try again)
24249 1784070524.189507 recvfrom(61, 0x71fb447820, 2272, MSG_DONTWAIT, NULL, NULL) = -1 EAGAIN (Try again)
24644 1784070524.216245 sendmsg(71, {msg_name=NULL, msg_namelen=0, msg_iov=[{iov_base="l\1\1\1\344\0\0\0T\1\0\0\235\0\0\0\1\1o\0;\0\0\0/re/frid"..., iov_len=404}], msg_iovlen=1, msg_controllen=0, msg_flags=0}, MSG_NOSIGNAL) = 404
24644 1784070524.551177 sendmsg(71, {msg_name=NULL, msg_namelen=0, msg_iov=[{iov_base="l\1\1\1\344\0\0\0U\1\0\0\235\0\0\0\1\1o\0;\0\0\0/re/frid"..., iov_len=404}], msg_iovlen=1, msg_controllen=0, msg_flags=0}, MSG_NOSIGNAL) = 404
24249 1784070524.560706 recvfrom(38, 0x7ff90a9de0, 3200, MSG_DONTWAIT, NULL, NULL) = -1 EAGAIN (Try again)
24249 1784070524.570385 recvfrom(38, "nysv\0\0\0\0\0\0\0\0\0\0\0\0/\307v\377Z\1\0\0\321Y\1\0\0\0\0\0", 3200, MSG_DONTWAIT, NULL, NULL) = 32
24249 1784070524.570797 recvfrom(38, 0x7ff90aa020, 3200, MSG_DONTWAIT, NULL, NULL) = -1 EAGAIN (Try again)
24249 1784070524.571317 recvfrom(61, 0x71fb447820, 2272, MSG_DONTWAIT, NULL, NULL) = -1 EAGAIN (Try again)
24249 1784070524.650217 recvfrom(38, 0x7ff90a8900, 3200, MSG_DONTWAIT, NULL, NULL) = -1 EAGAIN (Try again)
24249 1784070524.653092 recvfrom(38, "nysv\0\0\0\0\0\0\0\0\0\0\0\0\201\356o\4[\1\0\0\326Y\1\0\0\0\0\0", 3200, MSG_DONTWAIT, NULL, NULL) = 32
24249 1784070524.653251 recvfrom(38, 0x7ff90aa020, 3200, MSG_DONTWAIT, NULL, NULL) = -1 EAGAIN (Try again)
24249 1784070524.653750 recvfrom(61, 0x71fb447820, 2272, MSG_DONTWAIT, NULL, NULL) = -1 EAGAIN (Try again)
24644 1784070525.160931 sendmsg(71, {msg_name=NULL, msg_namelen=0, msg_iov=[{iov_base="l\1\1\1\344\0\0\0V\1\0\0\235\0\0\0\1\1o\0;\0\0\0/re/frid"..., iov_len=404}], msg_iovlen=1, msg_controllen=0, msg_flags=0}, MSG_NOSIGNAL) = 404
24249 1784070525.164444 recvfrom(38, 0x7ff90a9de0, 3200, MSG_DONTWAIT, NULL, NULL) = -1 EAGAIN (Try again)
24249 1784070525.171586 recvfrom(38, "nysv\0\0\0\0\0\0\0\0\0\0\0\0\35l9#[\1\0\0\364Y\1\0\0\0\0\0", 3200, MSG_DONTWAIT, NULL, NULL) = 32
24249 1784070525.171999 recvfrom(38, 0x7ff90aa020, 3200, MSG_DONTWAIT, NULL, NULL) = -1 EAGAIN (Try again)
24249 1784070525.172638 recvfrom(61, 0x71fb447820, 2272, MSG_DONTWAIT, NULL, NULL) = -1 EAGAIN (Try again)
24644 1784070525.259521 sendmsg(71, {msg_name=NULL, msg_namelen=0, msg_iov=[{iov_base="l\1\1\1\344\0\0\0W\1\0\0\235\0\0\0\1\1o\0;\0\0\0/re/frid"..., iov_len=404}], msg_iovlen=1, msg_controllen=0, msg_flags=0}, MSG_NOSIGNAL) = 404
24644 1784070525.525441 sendmsg(71, {msg_name=NULL, msg_namelen=0, msg_iov=[{iov_base="l\1\1\1\344\0\0\0X\1\0\0\235\0\0\0\1\1o\0;\0\0\0/re/frid"..., iov_len=404}], msg_iovlen=1, msg_controllen=0, msg_flags=0}, MSG_NOSIGNAL) = 404
24249 1784070525.526537 recvfrom(38, 0x7ff90a9de0, 3200, MSG_DONTWAIT, NULL, NULL) = -1 EAGAIN (Try again)
24249 1784070525.539307 recvfrom(38, "nysv\0\0\0\0\0\0\0\0\0\0\0\0\271O\249[\1\0\0\nZ\1\0\0\0\0\0", 3200, MSG_DONTWAIT, NULL, NULL) = 32
24249 1784070525.539535 recvfrom(38, 0x7ff90aa020, 3200, MSG_DONTWAIT, NULL, NULL) = -1 EAGAIN (Try again)
24249 1784070525.539904 recvfrom(61, 0x71fb447820, 2272, MSG_DONTWAIT, NULL, NULL) = -1 EAGAIN (Try again)
24249 1784070525.668722 recvfrom(38, 0x7ff90a9de0, 3200, MSG_DONTWAIT, NULL, NULL) = -1 EAGAIN (Try again)
24249 1784070525.693655 recvfrom(38, "nysv\0\0\0\0\0\0\0\0\0\0\0\0003!\5B[\1\0\0\23Z\1\0\0\0\0\0", 3200, MSG_DONTWAIT, NULL, NULL) = 32
24249 1784070525.694071 recvfrom(38, 0x7ff90aa020, 3200, MSG_DONTWAIT, NULL, NULL) = -1 EAGAIN (Try again)
24249 1784070525.694820 recvfrom(61, 0x71fb447820, 2272, MSG_DONTWAIT, NULL, NULL) = -1 EAGAIN (Try again)
24249 1784070526.173691 recvfrom(38, 0x7ff90a9de0, 3200, MSG_DONTWAIT, NULL, NULL) = -1 EAGAIN (Try again)
24249 1784070526.192817 recvfrom(38, "nysv\0\0\0\0\0\0\0\0\0\0\0\0\37\206\322_[\1\0\0001Z\1\0\0\0\0\0", 3200, MSG_DONTWAIT, NULL, NULL) = 32
24249 1784070526.193545 recvfrom(38, 0x7ff90aa020, 3200, MSG_DONTWAIT, NULL, NULL) = -1 EAGAIN (Try again)
24249 1784070526.194830 recvfrom(61, 0x71fb447820, 2272, MSG_DONTWAIT, NULL, NULL) = -1 EAGAIN (Try again)
24644 1784070526.231608 sendmsg(71, {msg_name=NULL, msg_namelen=0, msg_iov=[{iov_base="l\1\1\1\344\0\0\0Y\1\0\0\235\0\0\0\1\1o\0;\0\0\0/re/frid"..., iov_len=404}], msg_iovlen=1, msg_controllen=0, msg_flags=0}, MSG_NOSIGNAL) = 404
24644 1784070526.567847 sendmsg(71, {msg_name=NULL, msg_namelen=0, msg_iov=[{iov_base="l\1\1\1\344\0\0\0Z\1\0\0\235\0\0\0\1\1o\0;\0\0\0/re/frid"..., iov_len=404}], msg_iovlen=1, msg_controllen=0, msg_flags=0}, MSG_NOSIGNAL) = 404
24249 1784070526.570438 recvfrom(38, 0x7ff90a9de0, 3200, MSG_DONTWAIT, NULL, NULL) = -1 EAGAIN (Try again)
24249 1784070526.586659 recvfrom(38, "nysv\0\0\0\0\0\0\0\0\0\0\0\0\271\366\252w[\1\0\0IZ\1\0\0\0\0\0", 3200, MSG_DONTWAIT, NULL, NULL) = 32
24249 1784070526.586858 recvfrom(38, 0x7ff90aa020, 3200, MSG_DONTWAIT, NULL, NULL) = -1 EAGAIN (Try again)
24249 1784070526.587223 recvfrom(61, 0x71fb447820, 2272, MSG_DONTWAIT, NULL, NULL) = -1 EAGAIN (Try again)
24249 1784070526.676702 recvfrom(38, 0x7ff90a9de0, 3200, MSG_DONTWAIT, NULL, NULL) = -1 EAGAIN (Try again)
24249 1784070526.685813 recvfrom(38, "nysv\0\0\0\0\0\0\0\0\0\0\0\0\202:\240}[\1\0\0OZ\1\0\0\0\0\0", 3200, MSG_DONTWAIT, NULL, NULL) = 32
24249 1784070526.686056 recvfrom(38, 0x7ff90aa020, 3200, MSG_DONTWAIT, NULL, NULL) = -1 EAGAIN (Try again)
24249 1784070526.686482 recvfrom(61, 0x71fb447820, 2272, MSG_DONTWAIT, NULL, NULL) = -1 EAGAIN (Try again)
24249 1784070527.182349 recvfrom(38, 0x7ff90a9de0, 3200, MSG_DONTWAIT, NULL, NULL) = -1 EAGAIN (Try again)
24249 1784070527.186615 recvfrom(38, "nysv\0\0\0\0\0\0\0\0\0\0\0\0\7om\233[\1\0\0mZ\1\0\0\0\0\0", 3200, MSG_DONTWAIT, NULL, NULL) = 32
24249 1784070527.186797 recvfrom(38, 0x7ff90aa020, 3200, MSG_DONTWAIT, NULL, NULL) = -1 EAGAIN (Try again)
24249 1784070527.187116 recvfrom(61, 0x71fb447820, 2272, MSG_DONTWAIT, NULL, NULL) = -1 EAGAIN (Try again)
24644 1784070527.264680 sendmsg(71, {msg_name=NULL, msg_namelen=0, msg_iov=[{iov_base="l\1\1\1\344\0\0\0[\1\0\0\235\0\0\0\1\1o\0;\0\0\0/re/frid"..., iov_len=404}], msg_iovlen=1, msg_controllen=0, msg_flags=0}, MSG_NOSIGNAL) = 404
24644 1784070527.539804 sendmsg(71, {msg_name=NULL, msg_namelen=0, msg_iov=[{iov_base="l\1\1\1\344\0\0\0\\\1\0\0\235\0\0\0\1\1o\0;\0\0\0/re/frid"..., iov_len=404}], msg_iovlen=1, msg_controllen=0, msg_flags=0}, MSG_NOSIGNAL) = 404
24249 1784070527.540742 recvfrom(38, 0x7ff90a9de0, 3200, MSG_DONTWAIT, NULL, NULL) = -1 EAGAIN (Try again)
24249 1784070527.553837 recvfrom(38, "nysv\0\0\0\0\0\0\0\0\0\0\0\0\211\375H\261[\1\0\0\203Z\1\0\0\0\0\0", 3200, MSG_DONTWAIT, NULL, NULL) = 32
24249 1784070527.554189 recvfrom(38, 0x7ff90aa020, 3200, MSG_DONTWAIT, NULL, NULL) = -1 EAGAIN (Try again)
24249 1784070527.554829 recvfrom(61, 0x71fb447820, 2272, MSG_DONTWAIT, NULL, NULL) = -1 EAGAIN (Try again)
24249 1784070527.689153 recvfrom(38, 0x7ff90a9de0, 3200, MSG_DONTWAIT, NULL, NULL) = -1 EAGAIN (Try again)
24249 1784070527.703323 recvfrom(38, "nysv\0\0\0\0\0\0\0\0\0\0\0\0{#9\272[\1\0\0\214Z\1\0\0\0\0\0", 3200, MSG_DONTWAIT, NULL, NULL) = 32
24249 1784070527.703754 recvfrom(38, 0x7ff90aa020, 3200, MSG_DONTWAIT, NULL, NULL) = -1 EAGAIN (Try again)
24249 1784070527.704431 recvfrom(61, 0x71fb447820, 2272, MSG_DONTWAIT, NULL, NULL) = -1 EAGAIN (Try again)
24249 1784070528.192332 recvfrom(38, 0x7ff90a9de0, 3200, MSG_DONTWAIT, NULL, NULL) = -1 EAGAIN (Try again)
24249 1784070528.210036 recvfrom(38, "nysv\0\0\0\0\0\0\0\0\0\0\0\0\371i\6\330[\1\0\0\252Z\1\0\0\0\0\0", 3200, MSG_DONTWAIT, NULL, NULL) = 32
24249 1784070528.210746 recvfrom(38, 0x7ff90aa020, 3200, MSG_DONTWAIT, NULL, NULL) = -1 EAGAIN (Try again)
24249 1784070528.212070 recvfrom(61, 0x71fb447820, 2272, MSG_DONTWAIT, NULL, NULL) = -1 EAGAIN (Try again)
24644 1784070528.254152 sendmsg(71, {msg_name=NULL, msg_namelen=0, msg_iov=[{iov_base="l\1\1\1\344\0\0\0]\1\0\0\235\0\0\0\1\1o\0;\0\0\0/re/frid"..., iov_len=404}], msg_iovlen=1, msg_controllen=0, msg_flags=0}, MSG_NOSIGNAL) = 404
24644 1784070528.584142 sendmsg(71, {msg_name=NULL, msg_namelen=0, msg_iov=[{iov_base="l\1\1\1\344\0\0\0^\1\0\0\235\0\0\0\1\1o\0;\0\0\0/re/frid"..., iov_len=404}], msg_iovlen=1, msg_controllen=0, msg_flags=0}, MSG_NOSIGNAL) = 404
24249 1784070528.585358 recvfrom(38, 0x7ff90a9de0, 3200, MSG_DONTWAIT, NULL, NULL) = -1 EAGAIN (Try again)
24249 1784070528.602629 recvfrom(38, "nysv\0\0\0\0\0\0\0\0\0\0\0\0v\7\337\357[\1\0\0\302Z\1\0\0\0\0\0", 3200, MSG_DONTWAIT, NULL, NULL) = 32
24249 1784070528.602823 recvfrom(38, 0x7ff90aa020, 3200, MSG_DONTWAIT, NULL, NULL) = -1 EAGAIN (Try again)
24249 1784070528.603174 recvfrom(61, 0x71fb447820, 2272, MSG_DONTWAIT, NULL, NULL) = -1 EAGAIN (Try again)
24249 1784070528.680105 recvfrom(38, 0x7ff90a8900, 3200, MSG_DONTWAIT, NULL, NULL) = -1 EAGAIN (Try again)
24249 1784070528.686110 recvfrom(38, "nysv\0\0\0\0\0\0\0\0\0\0\0\0:.\330\364[\1\0\0\307Z\1\0\0\0\0\0", 3200, MSG_DONTWAIT, NULL, NULL) = 32
24249 1784070528.686320 recvfrom(38, 0x7ff90aa020, 3200, MSG_DONTWAIT, NULL, NULL) = -1 EAGAIN (Try again)
24249 1784070528.686647 recvfrom(61, 0x71fb447820, 2272, MSG_DONTWAIT, NULL, NULL) = -1 EAGAIN (Try again)
24644 1784070529.194278 sendmsg(71, {msg_name=NULL, msg_namelen=0, msg_iov=[{iov_base="l\1\1\1\344\0\0\0_\1\0\0\235\0\0\0\1\1o\0;\0\0\0/re/frid"..., iov_len=404}], msg_iovlen=1, msg_controllen=0, msg_flags=0}, MSG_NOSIGNAL) = 404
24249 1784070529.197001 recvfrom(38, 0x7ff90a9de0, 3200, MSG_DONTWAIT, NULL, NULL) = -1 EAGAIN (Try again)
24249 1784070529.205466 recvfrom(38, "nysv\0\0\0\0\0\0\0\0\0\0\0\0\3213\241\23\\\1\0\0\346Z\1\0\0\0\0\0", 3200, MSG_DONTWAIT, NULL, NULL) = 32
24249 1784070529.205875 recvfrom(38, 0x7ff90aa020, 3200, MSG_DONTWAIT, NULL, NULL) = -1 EAGAIN (Try again)
24249 1784070529.206502 recvfrom(61, 0x71fb447820, 2272, MSG_DONTWAIT, NULL, NULL) = -1 EAGAIN (Try again)
24644 1784070529.275598 sendmsg(71, {msg_name=NULL, msg_namelen=0, msg_iov=[{iov_base="l\1\1\1\344\0\0\0`\1\0\0\235\0\0\0\1\1o\0;\0\0\0/re/frid"..., iov_len=404}], msg_iovlen=1, msg_controllen=0, msg_flags=0}, MSG_NOSIGNAL) = 404
24644 1784070529.554410 sendmsg(71, {msg_name=NULL, msg_namelen=0, msg_iov=[{iov_base="l\1\1\1\344\0\0\0a\1\0\0\235\0\0\0\1\1o\0;\0\0\0/re/frid"..., iov_len=404}], msg_iovlen=1, msg_controllen=0, msg_flags=0}, MSG_NOSIGNAL) = 404
24249 1784070529.557388 recvfrom(38, 0x7ff90a9de0, 3200, MSG_DONTWAIT, NULL, NULL) = -1 EAGAIN (Try again)
24249 1784070529.573225 recvfrom(38, "nysv\0\0\0\0\0\0\0\0\0\0\0\0m\27|)\\\1\0\0\374Z\1\0\0\0\0\0", 3200, MSG_DONTWAIT, NULL, NULL) = 32
24249 1784070529.573806 recvfrom(38, 0x7ff90aa020, 3200, MSG_DONTWAIT, NULL, NULL) = -1 EAGAIN (Try again)
24249 1784070529.574580 recvfrom(61, 0x71fb447820, 2272, MSG_DONTWAIT, NULL, NULL) = -1 EAGAIN (Try again)
24249 1784070529.701176 recvfrom(38, 0x7ff90a9de0, 3200, MSG_DONTWAIT, NULL, NULL) = -1 EAGAIN (Try again)
24249 1784070529.703505 recvfrom(38, "nysv\0\0\0\0\0\0\0\0\0\0\0\0\373\250n1\\\1\0\0\4[\1\0\0\0\0\0", 3200, MSG_DONTWAIT, NULL, NULL) = 32
24249 1784070529.703734 recvfrom(38, 0x7ff90aa020, 3200, MSG_DONTWAIT, NULL, NULL) = -1 EAGAIN (Try again)
24249 1784070529.704173 recvfrom(61, 0x71fb447820, 2272, MSG_DONTWAIT, NULL, NULL) = -1 EAGAIN (Try again)
24249 1784070530.205146 recvfrom(38, 0x7ff90a9de0, 3200, MSG_DONTWAIT, NULL, NULL) = -1 EAGAIN (Try again)
24249 1784070530.225712 recvfrom(38, "nysv\0\0\0\0\0\0\0\0\0\0\0\0\323M:P\\\1\0\0\"[\1\0\0\0\0\0", 3200, MSG_DONTWAIT, NULL, NULL) = 32
24249 1784070530.226679 recvfrom(38, 0x7ff90aa020, 3200, MSG_DONTWAIT, NULL, NULL) = -1 EAGAIN (Try again)
24249 1784070530.228127 recvfrom(61, 0x71fb447820, 2272, MSG_DONTWAIT, NULL, NULL) = -1 EAGAIN (Try again)
24644 1784070530.272045 sendmsg(71, {msg_name=NULL, msg_namelen=0, msg_iov=[{iov_base="l\1\1\1\344\0\0\0b\1\0\0\235\0\0\0\1\1o\0;\0\0\0/re/frid"..., iov_len=404}], msg_iovlen=1, msg_controllen=0, msg_flags=0}, MSG_NOSIGNAL) = 404
24644 1784070530.599482 sendmsg(71, {msg_name=NULL, msg_namelen=0, msg_iov=[{iov_base="l\1\1\1\344\0\0\0c\1\0\0\235\0\0\0\1\1o\0;\0\0\0/re/frid"..., iov_len=404}], msg_iovlen=1, msg_controllen=0, msg_flags=0}, MSG_NOSIGNAL) = 404
24249 1784070530.600945 recvfrom(38, 0x7ff90a9de0, 3200, MSG_DONTWAIT, NULL, NULL) = -1 EAGAIN (Try again)
24249 1784070530.602935 recvfrom(38, "nysv\0\0\0\0\0\0\0\0\0\0\0\0\357L\24g\\\1\0\08[\1\0\0\0\0\0", 3200, MSG_DONTWAIT, NULL, NULL) = 32
24249 1784070530.603159 recvfrom(38, 0x7ff90aa020, 3200, MSG_DONTWAIT, NULL, NULL) = -1 EAGAIN (Try again)
24249 1784070530.603336 recvfrom(61, 0x71fb447820, 2272, MSG_DONTWAIT, NULL, NULL) = -1 EAGAIN (Try again)
24249 1784070530.709484 recvfrom(38, 0x7ff90a9de0, 3200, MSG_DONTWAIT, NULL, NULL) = -1 EAGAIN (Try again)
24249 1784070530.721293 recvfrom(38, "nysv\0\0\0\0\0\0\0\0\0\0\0\0\277\262\7n\\\1\0\0?[\1\0\0\0\0\0", 3200, MSG_DONTWAIT, NULL, NULL) = 32
24249 1784070530.721556 recvfrom(38, 0x7ff90aa020, 3200, MSG_DONTWAIT, NULL, NULL) = -1 EAGAIN (Try again)
24249 1784070530.722044 recvfrom(61, 0x71fb447820, 2272, MSG_DONTWAIT, NULL, NULL) = -1 EAGAIN (Try again)
24249 1784070531.211102 recvfrom(38, 0x7ff90a9de0, 3200, MSG_DONTWAIT, NULL, NULL) = -1 EAGAIN (Try again)
24249 1784070531.223401 recvfrom(38, "nysv\0\0\0\0\0\0\0\0\0\0\0\0\253\27\325\213\\\1\0\0][\1\0\0\0\0\0", 3200, MSG_DONTWAIT, NULL, NULL) = 32
24249 1784070531.223610 recvfrom(38, 0x7ff90aa020, 3200, MSG_DONTWAIT, NULL, NULL) = -1 EAGAIN (Try again)
24249 1784070531.224017 recvfrom(61, 0x71fb447820, 2272, MSG_DONTWAIT, NULL, NULL) = -1 EAGAIN (Try again)
24644 1784070531.283838 sendmsg(71, {msg_name=NULL, msg_namelen=0, msg_iov=[{iov_base="l\1\1\1\344\0\0\0d\1\0\0\235\0\0\0\1\1o\0;\0\0\0/re/frid"..., iov_len=404}], msg_iovlen=1, msg_controllen=0, msg_flags=0}, MSG_NOSIGNAL) = 404
24644 1784070531.569939 sendmsg(71, {msg_name=NULL, msg_namelen=0, msg_iov=[{iov_base="l\1\1\1\344\0\0\0e\1\0\0\235\0\0\0\1\1o\0;\0\0\0/re/frid"..., iov_len=404}], msg_iovlen=1, msg_controllen=0, msg_flags=0}, MSG_NOSIGNAL) = 404
24249 1784070531.572784 recvfrom(38, 0x7ff90a9de0, 3200, MSG_DONTWAIT, NULL, NULL) = -1 EAGAIN (Try again)
24249 1784070531.590017 recvfrom(38, "nysv\0\0\0\0\0\0\0\0\0\0\0\0G\373\257\241\\\1\0\0s[\1\0\0\0\0\0", 3200, MSG_DONTWAIT, NULL, NULL) = 32
24249 1784070531.590542 recvfrom(38, 0x7ff90aa020, 3200, MSG_DONTWAIT, NULL, NULL) = -1 EAGAIN (Try again)
24249 1784070531.591314 recvfrom(61, 0x71fb447820, 2272, MSG_DONTWAIT, NULL, NULL) = -1 EAGAIN (Try again)
24249 1784070531.715147 recvfrom(38, 0x7ff90a9de0, 3200, MSG_DONTWAIT, NULL, NULL) = -1 EAGAIN (Try again)
24249 1784070531.720722 recvfrom(38, "nysv\0\0\0\0\0\0\0\0\0\0\0\0\34\222\242\251\\\1\0\0{[\1\0\0\0\0\0", 3200, MSG_DONTWAIT, NULL, NULL) = 32
24249 1784070531.721401 recvfrom(38, 0x7ff90aa020, 3200, MSG_DONTWAIT, NULL, NULL) = -1 EAGAIN (Try again)
24249 1784070531.722066 recvfrom(61, 0x71fb447820, 2272, MSG_DONTWAIT, NULL, NULL) = -1 EAGAIN (Try again)
24249 1784070532.222014 recvfrom(38, 0x7ff90a9de0, 3200, MSG_DONTWAIT, NULL, NULL) = -1 EAGAIN (Try again)
24249 1784070532.242300 recvfrom(38, "nysv\0\0\0\0\0\0\0\0\0\0\0\0\2551n\310\\\1\0\0\230[\1\0\0\0\0\0", 3200, MSG_DONTWAIT, NULL, NULL) = 32
24249 1784070532.242640 recvfrom(38, 0x7ff90aa020, 3200, MSG_DONTWAIT, NULL, NULL) = -1 EAGAIN (Try again)
24249 1784070532.243282 recvfrom(61, 0x71fb447820, 2272, MSG_DONTWAIT, NULL, NULL) = -1 EAGAIN (Try again)
24644 1784070532.278649 sendmsg(71, {msg_name=NULL, msg_namelen=0, msg_iov=[{iov_base="l\1\1\1\344\0\0\0f\1\0\0\235\0\0\0\1\1o\0;\0\0\0/re/frid"..., iov_len=404}], msg_iovlen=1, msg_controllen=0, msg_flags=0}, MSG_NOSIGNAL) = 404
24644 1784070532.616899 sendmsg(71, {msg_name=NULL, msg_namelen=0, msg_iov=[{iov_base="l\1\1\1\344\0\0\0g\1\0\0\235\0\0\0\1\1o\0;\0\0\0/re/frid"..., iov_len=404}], msg_iovlen=1, msg_controllen=0, msg_flags=0}, MSG_NOSIGNAL) = 404
24249 1784070532.618109 recvfrom(38, 0x7ff90a9de0, 3200, MSG_DONTWAIT, NULL, NULL) = -1 EAGAIN (Try again)
24249 1784070532.620480 recvfrom(38, "nysv\0\0\0\0\0\0\0\0\0\0\0\0\261\25H\337\\\1\0\0\257[\1\0\0\0\0\0", 3200, MSG_DONTWAIT, NULL, NULL) = 32
24249 1784070532.620710 recvfrom(38, 0x7ff90aa020, 3200, MSG_DONTWAIT, NULL, NULL) = -1 EAGAIN (Try again)
24249 1784070532.626581 recvfrom(61, 0x71fb447820, 2272, MSG_DONTWAIT, NULL, NULL) = -1 EAGAIN (Try again)
24249 1784070532.701219 recvfrom(38, 0x7ff90a8900, 3200, MSG_DONTWAIT, NULL, NULL) = -1 EAGAIN (Try again)
24249 1784070532.703502 recvfrom(38, "nysv\0\0\0\0\0\0\0\0\0\0\0\09\23A\344\\\1\0\0\264[\1\0\0\0\0\0", 3200, MSG_DONTWAIT, NULL, NULL) = 32
24249 1784070532.704291 recvfrom(38, 0x7ff90aa020, 3200, MSG_DONTWAIT, NULL, NULL) = -1 EAGAIN (Try again)
24249 1784070532.707437 recvfrom(61, 0x71fb447820, 2272, MSG_DONTWAIT, NULL, NULL) = -1 EAGAIN (Try again)
24644 1784070533.220312 sendmsg(71, {msg_name=NULL, msg_namelen=0, msg_iov=[{iov_base="l\1\1\1\344\0\0\0h\1\0\0\235\0\0\0\1\1o\0;\0\0\0/re/frid"..., iov_len=404}], msg_iovlen=1, msg_controllen=0, msg_flags=0}, MSG_NOSIGNAL) = 404
24249 1784070533.220887 recvfrom(38, 0x7ff90a9de0, 3200, MSG_DONTWAIT, NULL, NULL) = -1 EAGAIN (Try again)
24249 1784070533.238598 recvfrom(38, "nysv\0\0\0\0\0\0\0\0\0\0\0\0\205\373\10\4]\1\0\0\323[\1\0\0\0\0\0", 3200, MSG_DONTWAIT, NULL, NULL) = 32
24249 1784070533.239105 recvfrom(38, 0x7ff90aa020, 3200, MSG_DONTWAIT, NULL, NULL) = -1 EAGAIN (Try again)
24249 1784070533.239852 recvfrom(61, 0x71fb447820, 2272, MSG_DONTWAIT, NULL, NULL) = -1 EAGAIN (Try again)
24644 1784070533.296213 sendmsg(71, {msg_name=NULL, msg_namelen=0, msg_iov=[{iov_base="l\1\1\1\344\0\0\0i\1\0\0\235\0\0\0\1\1o\0;\0\0\0/re/frid"..., iov_len=404}], msg_iovlen=1, msg_controllen=0, msg_flags=0}, MSG_NOSIGNAL) = 404
24644 1784070533.586807 sendmsg(71, {msg_name=NULL, msg_namelen=0, msg_iov=[{iov_base="l\1\1\1\344\0\0\0j\1\0\0\235\0\0\0\1\1o\0;\0\0\0/re/frid"..., iov_len=404}], msg_iovlen=1, msg_controllen=0, msg_flags=0}, MSG_NOSIGNAL) = 404
24249 1784070533.588974 recvfrom(38, 0x7ff90a9de0, 3200, MSG_DONTWAIT, NULL, NULL) = -1 EAGAIN (Try again)
24249 1784070533.602628 recvfrom(38, "nysv\0\0\0\0\0\0\0\0\0\0\0\0\"\265\344\31]\1\0\0\351[\1\0\0\0\0\0", 3200, MSG_DONTWAIT, NULL, NULL) = 32
24249 1784070533.602968 recvfrom(38, 0x7ff90aa020, 3200, MSG_DONTWAIT, NULL, NULL) = -1 EAGAIN (Try again)
24249 1784070533.603596 recvfrom(61, 0x71fb447820, 2272, MSG_DONTWAIT, NULL, NULL) = -1 EAGAIN (Try again)
24249 1784070533.724102 recvfrom(38, 0x7ff90a9de0, 3200, MSG_DONTWAIT, NULL, NULL) = -1 EAGAIN (Try again)
24249 1784070533.739371 recvfrom(38, "nysv\0\0\0\0\0\0\0\0\0\0\0\0q`\326!]\1\0\0\360[\1\0\0\0\0\0", 3200, MSG_DONTWAIT, NULL, NULL) = 32
24249 1784070533.740148 recvfrom(38, 0x7ff90aa020, 3200, MSG_DONTWAIT, NULL, NULL) = -1 EAGAIN (Try again)
24249 1784070533.741221 recvfrom(61, 0x71fb447820, 2272, MSG_DONTWAIT, NULL, NULL) = -1 EAGAIN (Try again)
24249 1784070534.230282 recvfrom(38, 0x7ff90a9de0, 3200, MSG_DONTWAIT, NULL, NULL) = -1 EAGAIN (Try again)
24249 1784070534.236799 recvfrom(38, "nysv\0\0\0\0\0\0\0\0\0\0\0\0 \335\243?]\1\0\0\16\\\1\0\0\0\0\0", 3200, MSG_DONTWAIT, NULL, NULL) = 32
24249 1784070534.237355 recvfrom(38, 0x7ff90aa020, 3200, MSG_DONTWAIT, NULL, NULL) = -1 EAGAIN (Try again)
24249 1784070534.238081 recvfrom(61, 0x71fb447820, 2272, MSG_DONTWAIT, NULL, NULL) = -1 EAGAIN (Try again)
24644 1784070534.291202 sendmsg(71, {msg_name=NULL, msg_namelen=0, msg_iov=[{iov_base="l\1\1\1\344\0\0\0k\1\0\0\235\0\0\0\1\1o\0;\0\0\0/re/frid"..., iov_len=404}], msg_iovlen=1, msg_controllen=0, msg_flags=0}, MSG_NOSIGNAL) = 404
24644 1784070534.632120 sendmsg(71, {msg_name=NULL, msg_namelen=0, msg_iov=[{iov_base="l\1\1\1\344\0\0\0l\1\0\0\235\0\0\0\1\1o\0;\0\0\0/re/frid"..., iov_len=404}], msg_iovlen=1, msg_controllen=0, msg_flags=0}, MSG_NOSIGNAL) = 404
24249 1784070534.633405 recvfrom(38, 0x7ff90a9de0, 3200, MSG_DONTWAIT, NULL, NULL) = -1 EAGAIN (Try again)
24249 1784070534.637288 recvfrom(38, "nysv\0\0\0\0\0\0\0\0\0\0\0\0\224\371{W]\1\0\0&\\\1\0\0\0\0\0", 3200, MSG_DONTWAIT, NULL, NULL) = 32
24249 1784070534.637900 recvfrom(38, 0x7ff90aa020, 3200, MSG_DONTWAIT, NULL, NULL) = -1 EAGAIN (Try again)
24249 1784070534.638281 recvfrom(61, 0x71fb447820, 2272, MSG_DONTWAIT, NULL, NULL) = -1 EAGAIN (Try again)
24249 1784070534.738031 recvfrom(38, 0x7ff90a9de0, 3200, MSG_DONTWAIT, NULL, NULL) = -1 EAGAIN (Try again)
24249 1784070534.753544 recvfrom(38, "nysv\0\0\0\0\0\0\0\0\0\0\0\0 \356o^]\1\0\0-\\\1\0\0\0\0\0", 3200, MSG_DONTWAIT, NULL, NULL) = 32
24249 1784070534.753794 recvfrom(38, 0x7ff90aa020, 3200, MSG_DONTWAIT, NULL, NULL) = -1 EAGAIN (Try again)
24249 1784070534.754245 recvfrom(61, 0x71fb447820, 2272, MSG_DONTWAIT, NULL, NULL) = -1 EAGAIN (Try again)
24249 1784070535.243091 recvfrom(38, 0x7ff90a9de0, 3200, MSG_DONTWAIT, NULL, NULL) = -1 EAGAIN (Try again)
24249 1784070535.256699 recvfrom(38, "nysv\0\0\0\0\0\0\0\0\0\0\0\0_\337<|]\1\0\0K\\\1\0\0\0\0\0", 3200, MSG_DONTWAIT, NULL, NULL) = 32
24249 1784070535.256877 recvfrom(38, 0x7ff90aa020, 3200, MSG_DONTWAIT, NULL, NULL) = -1 EAGAIN (Try again)
24249 1784070535.257203 recvfrom(61, 0x71fb447820, 2272, MSG_DONTWAIT, NULL, NULL) = -1 EAGAIN (Try again)
24644 1784070535.305624 sendmsg(71, {msg_name=NULL, msg_namelen=0, msg_iov=[{iov_base="l\1\1\1\344\0\0\0m\1\0\0\235\0\0\0\1\1o\0;\0\0\0/re/frid"..., iov_len=404}], msg_iovlen=1, msg_controllen=0, msg_flags=0}, MSG_NOSIGNAL) = 404
24644 1784070535.600943 sendmsg(71, {msg_name=NULL, msg_namelen=0, msg_iov=[{iov_base="l\1\1\1\344\0\0\0n\1\0\0\235\0\0\0\1\1o\0;\0\0\0/re/frid"..., iov_len=404}], msg_iovlen=1, msg_controllen=0, msg_flags=0}, MSG_NOSIGNAL) = 404
24249 1784070535.604113 recvfrom(38, 0x7ff90a9de0, 3200, MSG_DONTWAIT, NULL, NULL) = -1 EAGAIN (Try again)
24249 1784070535.625544 recvfrom(38, "nysv\0\0\0\0\0\0\0\0\0\0\0\0\373\302\27\222]\1\0\0a\\\1\0\0\0\0\0", 3200, MSG_DONTWAIT, NULL, NULL) = 32
24249 1784070535.625881 recvfrom(38, 0x7ff90aa020, 3200, MSG_DONTWAIT, NULL, NULL) = -1 EAGAIN (Try again)
24249 1784070535.626527 recvfrom(61, 0x71fb447820, 2272, MSG_DONTWAIT, NULL, NULL) = -1 EAGAIN (Try again)
24249 1784070535.744711 recvfrom(38, 0x7ff90a9de0, 3200, MSG_DONTWAIT, NULL, NULL) = -1 EAGAIN (Try again)
24249 1784070535.753940 recvfrom(38, "nysv\0\0\0\0\0\0\0\0\0\0\0\0KD\n\232]\1\0\0i\\\1\0\0\0\0\0", 3200, MSG_DONTWAIT, NULL, NULL) = 32
24249 1784070535.754510 recvfrom(38, 0x7ff90aa020, 3200, MSG_DONTWAIT, NULL, NULL) = -1 EAGAIN (Try again)
24249 1784070535.755129 recvfrom(61, 0x71fb447820, 2272, MSG_DONTWAIT, NULL, NULL) = -1 EAGAIN (Try again)
24249 1784070536.250373 recvfrom(38, 0x7ff90a9de0, 3200, MSG_DONTWAIT, NULL, NULL) = -1 EAGAIN (Try again)
24249 1784070536.258693 recvfrom(38, "nysv\0\0\0\0\0\0\0\0\0\0\0\0007\251\327\267]\1\0\0\206\\\1\0\0\0\0\0", 3200, MSG_DONTWAIT, NULL, NULL) = 32
24249 1784070536.259255 recvfrom(38, 0x7ff90aa020, 3200, MSG_DONTWAIT, NULL, NULL) = -1 EAGAIN (Try again)
24249 1784070536.260298 recvfrom(61, 0x71fb447820, 2272, MSG_DONTWAIT, NULL, NULL) = -1 EAGAIN (Try again)
24644 1784070536.304349 sendmsg(71, {msg_name=NULL, msg_namelen=0, msg_iov=[{iov_base="l\1\1\1\344\0\0\0o\1\0\0\235\0\0\0\1\1o\0;\0\0\0/re/frid"..., iov_len=404}], msg_iovlen=1, msg_controllen=0, msg_flags=0}, MSG_NOSIGNAL) = 404
24249 1784070536.649709 recvfrom(38,  <unfinished ...>
24644 1784070536.649846 sendmsg(71, {msg_name=NULL, msg_namelen=0, msg_iov=[{iov_base="l\1\1\1\344\0\0\0p\1\0\0\235\0\0\0\1\1o\0;\0\0\0/re/frid"..., iov_len=404}], msg_iovlen=1, msg_controllen=0, msg_flags=0}, MSG_NOSIGNAL <unfinished ...>
24249 1784070536.649878 <... recvfrom resumed> 0x7ff90a9de0, 3200, MSG_DONTWAIT, NULL, NULL) = -1 EAGAIN (Try again)
24644 1784070536.650072 <... sendmsg resumed> ) = 404
24249 1784070536.652808 recvfrom(38, "nysv\0\0\0\0\0\0\0\0\0\0\0\0\205\247\257\317]\1\0\0\236\\\1\0\0\0\0\0", 3200, MSG_DONTWAIT, NULL, NULL) = 32
24249 1784070536.653323 recvfrom(38, 0x7ff90aa020, 3200, MSG_DONTWAIT, NULL, NULL) = -1 EAGAIN (Try again)
24249 1784070536.653671 recvfrom(61, 0x71fb447820, 2272, MSG_DONTWAIT, NULL, NULL) = -1 EAGAIN (Try again)
24249 1784070536.731343 recvfrom(38, 0x7ff90a8900, 3200, MSG_DONTWAIT, NULL, NULL) = -1 EAGAIN (Try again)
24249 1784070536.735869 recvfrom(38, "nysv\0\0\0\0\0\0\0\0\0\0\0\0\31\313\250\324]\1\0\0\243\\\1\0\0\0\0\0", 3200, MSG_DONTWAIT, NULL, NULL) = 32
24249 1784070536.736295 recvfrom(38, 0x7ff90aa020, 3200, MSG_DONTWAIT, NULL, NULL) = -1 EAGAIN (Try again)
24249 1784070536.736616 recvfrom(61, 0x71fb447820, 2272, MSG_DONTWAIT, NULL, NULL) = -1 EAGAIN (Try again)
24644 1784070537.238967 sendmsg(71, {msg_name=NULL, msg_namelen=0, msg_iov=[{iov_base="l\1\1\1\344\0\0\0q\1\0\0\235\0\0\0\1\1o\0;\0\0\0/re/frid"..., iov_len=404}], msg_iovlen=1, msg_controllen=0, msg_flags=0}, MSG_NOSIGNAL) = 404
24249 1784070537.241132 recvfrom(38, 0x7ff90a9de0, 3200, MSG_DONTWAIT, NULL, NULL) = -1 EAGAIN (Try again)
24249 1784070537.256108 recvfrom(38, "nysv\0\0\0\0\0\0\0\0\0\0\0\0\17sr\363]\1\0\0\301\\\1\0\0\0\0\0", 3200, MSG_DONTWAIT, NULL, NULL) = 32
24249 1784070537.256475 recvfrom(38, 0x7ff90aa020, 3200, MSG_DONTWAIT, NULL, NULL) = -1 EAGAIN (Try again)
24249 1784070537.257030 recvfrom(61, 0x71fb447820, 2272, MSG_DONTWAIT, NULL, NULL) = -1 EAGAIN (Try again)
24644 1784070537.315343 sendmsg(71, {msg_name=NULL, msg_namelen=0, msg_iov=[{iov_base="l\1\1\1\344\0\0\0r\1\0\0\235\0\0\0\1\1o\0;\0\0\0/re/frid"..., iov_len=404}], msg_iovlen=1, msg_controllen=0, msg_flags=0}, MSG_NOSIGNAL) = 404
24644 1784070537.619382 sendmsg(71, {msg_name=NULL, msg_namelen=0, msg_iov=[{iov_base="l\1\1\1\344\0\0\0s\1\0\0\235\0\0\0\1\1o\0;\0\0\0/re/frid"..., iov_len=404}], msg_iovlen=1, msg_controllen=0, msg_flags=0}, MSG_NOSIGNAL) = 404
24249 1784070537.622008 recvfrom(38, 0x7ff90a9de0, 3200, MSG_DONTWAIT, NULL, NULL) = -1 EAGAIN (Try again)
24249 1784070537.641251 recvfrom(38, "nysv\0\0\0\0\0\0\0\0\0\0\0\0\325\246K\n^\1\0\0\327\\\1\0\0\0\0\0", 3200, MSG_DONTWAIT, NULL, NULL) = 32
24249 1784070537.641659 recvfrom(38, 0x7ff90aa020, 3200, MSG_DONTWAIT, NULL, NULL) = -1 EAGAIN (Try again)
24249 1784070537.642313 recvfrom(61, 0x71fb447820, 2272, MSG_DONTWAIT, NULL, NULL) = -1 EAGAIN (Try again)
24249 1784070537.746384 recvfrom(38, 0x7ff90a9de0, 3200, MSG_DONTWAIT, NULL, NULL) = -1 EAGAIN (Try again)
24249 1784070537.754302 recvfrom(38, "nysv\0\0\0\0\0\0\0\0\0\0\0\0G\352?\21^\1\0\0\336\\\1\0\0\0\0\0", 3200, MSG_DONTWAIT, NULL, NULL) = 32
24249 1784070537.754695 recvfrom(38, 0x7ff90aa020, 3200, MSG_DONTWAIT, NULL, NULL) = -1 EAGAIN (Try again)
24249 1784070537.755449 recvfrom(61, 0x71fb447820, 2272, MSG_DONTWAIT, NULL, NULL) = -1 EAGAIN (Try again)
24249 1784070538.250417 recvfrom(38, 0x7ff90a9de0, 3200, MSG_DONTWAIT, NULL, NULL) = -1 EAGAIN (Try again)
24249 1784070538.253988 recvfrom(38, "nysv\0\0\0\0\0\0\0\0\0\0\0\0\247@\r/^\1\0\0\374\\\1\0\0\0\0\0", 3200, MSG_DONTWAIT, NULL, NULL) = 32
24249 1784070538.254395 recvfrom(38, 0x7ff90aa020, 3200, MSG_DONTWAIT, NULL, NULL) = -1 EAGAIN (Try again)
24249 1784070538.254954 recvfrom(61, 0x71fb447820, 2272, MSG_DONTWAIT, NULL, NULL) = -1 EAGAIN (Try again)
24644 1784070538.315088 sendmsg(71, {msg_name=NULL, msg_namelen=0, msg_iov=[{iov_base="l\1\1\1\344\0\0\0t\1\0\0\235\0\0\0\1\1o\0;\0\0\0/re/frid"..., iov_len=404}], msg_iovlen=1, msg_controllen=0, msg_flags=0}, MSG_NOSIGNAL) = 404
24644 1784070538.664929 sendmsg(71, {msg_name=NULL, msg_namelen=0, msg_iov=[{iov_base="l\1\1\1\344\0\0\0u\1\0\0\235\0\0\0\1\1o\0;\0\0\0/re/frid"..., iov_len=404}], msg_iovlen=1, msg_controllen=0, msg_flags=0}, MSG_NOSIGNAL) = 404
24249 1784070538.666399 recvfrom(38, 0x7ff90a9de0, 3200, MSG_DONTWAIT, NULL, NULL) = -1 EAGAIN (Try again)
24249 1784070538.669309 recvfrom(38, "nysv\0\0\0\0\0\0\0\0\0\0\0\0\177\3\344G^\1\0\0\24]\1\0\0\0\0\0", 3200, MSG_DONTWAIT, NULL, NULL) = 32
24249 1784070538.670082 recvfrom(38, 0x7ff90aa020, 3200, MSG_DONTWAIT, NULL, NULL) = -1 EAGAIN (Try again)
24249 1784070538.670512 recvfrom(61, 0x71fb447820, 2272, MSG_DONTWAIT, NULL, NULL) = -1 EAGAIN (Try again)
24249 1784070538.753600 recvfrom(38, 0x7ff90a9de0, 3200, MSG_DONTWAIT, NULL, NULL) = -1 EAGAIN (Try again)
24249 1784070538.755575 recvfrom(38, "nysv\0\0\0\0\0\0\0\0\0\0\0\0\363\313\332L^\1\0\0\31]\1\0\0\0\0\0", 3200, MSG_DONTWAIT, NULL, NULL) = 32
24249 1784070538.755803 recvfrom(38, 0x7ff90aa020, 3200, MSG_DONTWAIT, NULL, NULL) = -1 EAGAIN (Try again)
24249 1784070538.756190 recvfrom(61, 0x71fb447820, 2272, MSG_DONTWAIT, NULL, NULL) = -1 EAGAIN (Try again)
24249 1784070539.255419 recvfrom(38, 0x7ff90a9de0, 3200, MSG_DONTWAIT, NULL, NULL) = -1 EAGAIN (Try again)
24249 1784070539.272416 recvfrom(38, "nysv\0\0\0\0\0\0\0\0\0\0\0\0N\272\247k^\1\0\08]\1\0\0\0\0\0", 3200, MSG_DONTWAIT, NULL, NULL) = 32
24249 1784070539.272594 recvfrom(38, 0x7ff90aa020, 3200, MSG_DONTWAIT, NULL, NULL) = -1 EAGAIN (Try again)
24249 1784070539.272893 recvfrom(61, 0x71fb447820, 2272, MSG_DONTWAIT, NULL, NULL) = -1 EAGAIN (Try again)
24644 1784070539.322590 sendmsg(71, {msg_name=NULL, msg_namelen=0, msg_iov=[{iov_base="l\1\1\1\344\0\0\0v\1\0\0\235\0\0\0\1\1o\0;\0\0\0/re/frid"..., iov_len=404}], msg_iovlen=1, msg_controllen=0, msg_flags=0}, MSG_NOSIGNAL) = 404
24644 1784070539.632282 sendmsg(71, {msg_name=NULL, msg_namelen=0, msg_iov=[{iov_base="l\1\1\1\344\0\0\0w\1\0\0\235\0\0\0\1\1o\0;\0\0\0/re/frid"..., iov_len=404}], msg_iovlen=1, msg_controllen=0, msg_flags=0}, MSG_NOSIGNAL) = 404
24249 1784070539.633366 recvfrom(38, 0x7ff90a9de0, 3200, MSG_DONTWAIT, NULL, NULL) = -1 EAGAIN (Try again)
24249 1784070539.636207 recvfrom(38, "nysv\0\0\0\0\0\0\0\0\0\0\0\0\262\203\201\201^\1\0\0M]\1\0\0\0\0\0", 3200, MSG_DONTWAIT, NULL, NULL) = 32
24249 1784070539.636477 recvfrom(38, 0x7ff90aa020, 3200, MSG_DONTWAIT, NULL, NULL) = -1 EAGAIN (Try again)
24249 1784070539.636737 recvfrom(61, 0x71fb447820, 2272, MSG_DONTWAIT, NULL, NULL) = -1 EAGAIN (Try again)
24249 1784070539.757552 recvfrom(38, 0x7ff90a9de0, 3200, MSG_DONTWAIT, NULL, NULL) = -1 EAGAIN (Try again)
24249 1784070539.771779 recvfrom(38, "nysv\0\0\0\0\0\0\0\0\0\0\0\0\325\273s\211^\1\0\0U]\1\0\0\0\0\0", 3200, MSG_DONTWAIT, NULL, NULL) = 32
24249 1784070539.772135 recvfrom(38, 0x7ff90aa020, 3200, MSG_DONTWAIT, NULL, NULL) = -1 EAGAIN (Try again)
24249 1784070539.772783 recvfrom(61, 0x71fb447820, 2272, MSG_DONTWAIT, NULL, NULL) = -1 EAGAIN (Try again)
24249 1784070540.260363 recvfrom(38, 0x7ff90a9de0, 3200, MSG_DONTWAIT, NULL, NULL) = -1 EAGAIN (Try again)
24249 1784070540.270754 recvfrom(38, "nysv\0\0\0\0\0\0\0\0\0\0\0\0\301 A\247^\1\0\0s]\1\0\0\0\0\0", 3200, MSG_DONTWAIT, NULL, NULL) = 32
24249 1784070540.271009 recvfrom(38, 0x7ff90aa020, 3200, MSG_DONTWAIT, NULL, NULL) = -1 EAGAIN (Try again)
24249 1784070540.271488 recvfrom(61, 0x71fb447820, 2272, MSG_DONTWAIT, NULL, NULL) = -1 EAGAIN (Try again)
24644 1784070540.322021 sendmsg(71, {msg_name=NULL, msg_namelen=0, msg_iov=[{iov_base="l\1\1\1\344\0\0\0x\1\0\0\235\0\0\0\1\1o\0;\0\0\0/re/frid"..., iov_len=404}], msg_iovlen=1, msg_controllen=0, msg_flags=0}, MSG_NOSIGNAL) = 404
24249 1784070540.683450 recvfrom(38, 0x7ff90a9de0, 3200, MSG_DONTWAIT, NULL, NULL) = -1 EAGAIN (Try again)
24644 1784070540.684934 sendmsg(71, {msg_name=NULL, msg_namelen=0, msg_iov=[{iov_base="l\1\1\1\344\0\0\0y\1\0\0\235\0\0\0\1\1o\0;\0\0\0/re/frid"..., iov_len=404}], msg_iovlen=1, msg_controllen=0, msg_flags=0}, MSG_NOSIGNAL) = 404
24249 1784070540.686368 recvfrom(38, "nysv\0\0\0\0\0\0\0\0\0\0\0\0\314\314\27\300^\1\0\0\214]\1\0\0\0\0\0", 3200, MSG_DONTWAIT, NULL, NULL) = 32
24249 1784070540.686886 recvfrom(38, 0x7ff90aa020, 3200, MSG_DONTWAIT, NULL, NULL) = -1 EAGAIN (Try again)
24249 1784070540.687242 recvfrom(61, 0x71fb447820, 2272, MSG_DONTWAIT, NULL, NULL) = -1 EAGAIN (Try again)
24249 1784070540.762047 recvfrom(38, 0x7ff90a9de0, 3200, MSG_DONTWAIT, NULL, NULL) = -1 EAGAIN (Try again)
24249 1784070540.769210 recvfrom(38, "nysv\0\0\0\0\0\0\0\0\0\0\0\0\376\376\17\305^\1\0\0\221]\1\0\0\0\0\0", 3200, MSG_DONTWAIT, NULL, NULL) = 32
24249 1784070540.769479 recvfrom(38, 0x7ff90aa020, 3200, MSG_DONTWAIT, NULL, NULL) = -1 EAGAIN (Try again)
24249 1784070540.770047 recvfrom(61, 0x71fb447820, 2272, MSG_DONTWAIT, NULL, NULL) = -1 EAGAIN (Try again)
24249 1784070540.779727 recvfrom(38, 0x7ff90a8900, 3200, MSG_DONTWAIT, NULL, NULL) = -1 EAGAIN (Try again)
24249 1784070540.785689 recvfrom(38, "nysv\0\0\0\0\0\0\0\0\0\0\0\0\306\360\16\306^\1\0\0\222]\1\0\0\0\0\0", 3200, MSG_DONTWAIT, NULL, NULL) = 32
24249 1784070540.786277 recvfrom(38, 0x7ff90aa020, 3200, MSG_DONTWAIT, NULL, NULL) = -1 EAGAIN (Try again)
24249 1784070540.788049 recvfrom(61, 0x71fb447820, 2272, MSG_DONTWAIT, NULL, NULL) = -1 EAGAIN (Try again)
24644 1784070541.290872 sendmsg(71, {msg_name=NULL, msg_namelen=0, msg_iov=[{iov_base="l\1\1\1\344\0\0\0z\1\0\0\235\0\0\0\1\1o\0;\0\0\0/re/frid"..., iov_len=404}], msg_iovlen=1, msg_controllen=0, msg_flags=0}, MSG_NOSIGNAL) = 404
24249 1784070541.291428 recvfrom(38, 0x7ff90a9de0, 3200, MSG_DONTWAIT, NULL, NULL) = -1 EAGAIN (Try again)
24249 1784070541.307058 recvfrom(38, "nysv\0\0\0\0\0\0\0\0\0\0\0\0\355\212\330\344^\1\0\0\261]\1\0\0\0\0\0", 3200, MSG_DONTWAIT, NULL, NULL) = 32
24249 1784070541.307359 recvfrom(38, 0x7ff90aa020, 3200, MSG_DONTWAIT, NULL, NULL) = -1 EAGAIN (Try again)
24249 1784070541.307827 recvfrom(61, 0x71fb447820, 2272, MSG_DONTWAIT, NULL, NULL) = -1 EAGAIN (Try again)
24644 1784070541.330893 sendmsg(71, {msg_name=NULL, msg_namelen=0, msg_iov=[{iov_base="l\1\1\1\344\0\0\0{\1\0\0\235\0\0\0\1\1o\0;\0\0\0/re/frid"..., iov_len=404}], msg_iovlen=1, msg_controllen=0, msg_flags=0}, MSG_NOSIGNAL) = 404
24644 1784070541.643962 sendmsg(71, {msg_name=NULL, msg_namelen=0, msg_iov=[{iov_base="l\1\1\1\344\0\0\0|\1\0\0\235\0\0\0\1\1o\0;\0\0\0/re/frid"..., iov_len=404}], msg_iovlen=1, msg_controllen=0, msg_flags=0}, MSG_NOSIGNAL) = 404
24249 1784070541.645716 recvfrom(38, 0x7ff90a9de0, 3200, MSG_DONTWAIT, NULL, NULL) = -1 EAGAIN (Try again)
24249 1784070541.653411 recvfrom(38, "nysv\0\0\0\0\0\0\0\0\0\0\0\0@\331\265\371^\1\0\0\306]\1\0\0\0\0\0", 3200, MSG_DONTWAIT, NULL, NULL) = 32
24249 1784070541.653766 recvfrom(38, 0x7ff90aa020, 3200, MSG_DONTWAIT, NULL, NULL) = -1 EAGAIN (Try again)
24249 1784070541.654479 recvfrom(61, 0x71fb447820, 2272, MSG_DONTWAIT, NULL, NULL) = -1 EAGAIN (Try again)
24249 1784070541.796798 recvfrom(38, 0x7ff90a9de0, 3200, MSG_DONTWAIT, NULL, NULL) = -1 EAGAIN (Try again)
24249 1784070541.804699 recvfrom(38, "nysv\0\0\0\0\0\0\0\0\0\0\0\0\203\1\246\2_\1\0\0\317]\1\0\0\0\0\0", 3200, MSG_DONTWAIT, NULL, NULL) = 32
24249 1784070541.805073 recvfrom(38, 0x7ff90aa020, 3200, MSG_DONTWAIT, NULL, NULL) = -1 EAGAIN (Try again)
24249 1784070541.805708 recvfrom(61, 0x71fb447820, 2272, MSG_DONTWAIT, NULL, NULL) = -1 EAGAIN (Try again)
24249 1784070542.306324 recvfrom(38, 0x7ff90a9de0, 3200, MSG_DONTWAIT, NULL, NULL) = -1 EAGAIN (Try again)
24249 1784070542.324104 recvfrom(38, "nysv\0\0\0\0\0\0\0\0\0\0\0\0\357\244q!_\1\0\0\356]\1\0\0\0\0\0", 3200, MSG_DONTWAIT, NULL, NULL) = 32
24249 1784070542.324936 recvfrom(38, 0x7ff90aa020, 3200, MSG_DONTWAIT, NULL, NULL) = -1 EAGAIN (Try again)
24249 1784070542.325750 recvfrom(61, 0x71fb447820, 2272, MSG_DONTWAIT, NULL, NULL) = -1 EAGAIN (Try again)
24644 1784070542.355514 sendmsg(71, {msg_name=NULL, msg_namelen=0, msg_iov=[{iov_base="l\1\1\1\344\0\0\0}\1\0\0\235\0\0\0\1\1o\0;\0\0\0/re/frid"..., iov_len=404}], msg_iovlen=1, msg_controllen=0, msg_flags=0}, MSG_NOSIGNAL) = 404
24249 1784070542.697981 recvfrom(38, 0x7ff90a9de0, 3200, MSG_DONTWAIT, NULL, NULL) = -1 EAGAIN (Try again)
24644 1784070542.698806 sendmsg(71, {msg_name=NULL, msg_namelen=0, msg_iov=[{iov_base="l\1\1\1\344\0\0\0~\1\0\0\235\0\0\0\1\1o\0;\0\0\0/re/frid"..., iov_len=404}], msg_iovlen=1, msg_controllen=0, msg_flags=0}, MSG_NOSIGNAL) = 404
24249 1784070542.703104 recvfrom(38, "nysv\0\0\0\0\0\0\0\0\0\0\0\0\257\226K8_\1\0\0\5^\1\0\0\0\0\0", 3200, MSG_DONTWAIT, NULL, NULL) = 32
24249 1784070542.703858 recvfrom(38, 0x7ff90aa020, 3200, MSG_DONTWAIT, NULL, NULL) = -1 EAGAIN (Try again)
24249 1784070542.707797 recvfrom(61, 0x71fb447820, 2272, MSG_DONTWAIT, NULL, NULL) = -1 EAGAIN (Try again)
24249 1784070542.810487 recvfrom(38, 0x7ff90a9de0, 3200, MSG_DONTWAIT, NULL, NULL) = -1 EAGAIN (Try again)
24249 1784070542.819557 recvfrom(38, "nysv\0\0\0\0\0\0\0\0\0\0\0\0\241\226??_\1\0\0\f^\1\0\0\0\0\0", 3200, MSG_DONTWAIT, NULL, NULL) = 32
24249 1784070542.819815 recvfrom(38, 0x7ff90aa020, 3200, MSG_DONTWAIT, NULL, NULL) = -1 EAGAIN (Try again)
24249 1784070542.820436 recvfrom(61, 0x71fb447820, 2272, MSG_DONTWAIT, NULL, NULL) = -1 EAGAIN (Try again)
24249 1784070543.315360 recvfrom(38, 0x7ff90a9de0, 3200, MSG_DONTWAIT, NULL, NULL) = -1 EAGAIN (Try again)
24249 1784070543.320928 recvfrom(38, "nysv\0\0\0\0\0\0\0\0\0\0\0\0!\0\16]_\1\0\0)^\1\0\0\0\0\0", 3200, MSG_DONTWAIT, NULL, NULL) = 32
24249 1784070543.321134 recvfrom(38, 0x7ff90aa020, 3200, MSG_DONTWAIT, NULL, NULL) = -1 EAGAIN (Try again)
24249 1784070543.321489 recvfrom(61, 0x71fb447820, 2272, MSG_DONTWAIT, NULL, NULL) = -1 EAGAIN (Try again)
24644 1784070543.345077 sendmsg(71, {msg_name=NULL, msg_namelen=0, msg_iov=[{iov_base="l\1\1\1\344\0\0\0\177\1\0\0\235\0\0\0\1\1o\0;\0\0\0/re/frid"..., iov_len=404}], msg_iovlen=1, msg_controllen=0, msg_flags=0}, MSG_NOSIGNAL) = 404
24644 1784070543.662955 sendmsg(71, {msg_name=NULL, msg_namelen=0, msg_iov=[{iov_base="l\1\1\1\344\0\0\0\200\1\0\0\235\0\0\0\1\1o\0;\0\0\0/re/frid"..., iov_len=404}], msg_iovlen=1, msg_controllen=0, msg_flags=0}, MSG_NOSIGNAL) = 404
24249 1784070543.663552 recvfrom(38, 0x7ff90a9de0, 3200, MSG_DONTWAIT, NULL, NULL) = -1 EAGAIN (Try again)
24249 1784070543.670088 recvfrom(38, "nysv\0\0\0\0\0\0\0\0\0\0\0\0\330t\351q_\1\0\0=^\1\0\0\0\0\0", 3200, MSG_DONTWAIT, NULL, NULL) = 32
24249 1784070543.670551 recvfrom(38, 0x7ff90aa020, 3200, MSG_DONTWAIT, NULL, NULL) = -1 EAGAIN (Try again)
24249 1784070543.671193 recvfrom(61, 0x71fb447820, 2272, MSG_DONTWAIT, NULL, NULL) = -1 EAGAIN (Try again)
24249 1784070543.821194 recvfrom(38, 0x7ff90a9de0, 3200, MSG_DONTWAIT, NULL, NULL) = -1 EAGAIN (Try again)
24249 1784070543.842756 recvfrom(38, "nysv\0\0\0\0\0\0\0\0\0\0\0\0\335#\330{_\1\0\0G^\1\0\0\0\0\0", 3200, MSG_DONTWAIT, NULL, NULL) = 32
24249 1784070543.843041 recvfrom(38, 0x7ff90aa020, 3200, MSG_DONTWAIT, NULL, NULL) = -1 EAGAIN (Try again)
24249 1784070543.843487 recvfrom(61, 0x71fb447820, 2272, MSG_DONTWAIT, NULL, NULL) = -1 EAGAIN (Try again)
24249 1784070544.323175 recvfrom(38, 0x7ff90a9de0, 3200, MSG_DONTWAIT, NULL, NULL) = -1 EAGAIN (Try again)
24249 1784070544.337389 recvfrom(38, "nysv\0\0\0\0\0\0\0\0\0\0\0\0\236\224\245\231_\1\0\0e^\1\0\0\0\0\0", 3200, MSG_DONTWAIT, NULL, NULL) = 32
24249 1784070544.338095 recvfrom(38, 0x7ff90aa020, 3200, MSG_DONTWAIT, NULL, NULL) = -1 EAGAIN (Try again)
24249 1784070544.339011 recvfrom(61, 0x71fb447820, 2272, MSG_DONTWAIT, NULL, NULL) = -1 EAGAIN (Try again)
24644 1784070544.367526 sendmsg(71, {msg_name=NULL, msg_namelen=0, msg_iov=[{iov_base="l\1\1\1\344\0\0\0\201\1\0\0\235\0\0\0\1\1o\0;\0\0\0/re/frid"..., iov_len=404}], msg_iovlen=1, msg_controllen=0, msg_flags=0}, MSG_NOSIGNAL) = 404
24644 1784070544.711123 sendmsg(71, {msg_name=NULL, msg_namelen=0, msg_iov=[{iov_base="l\1\1\1\344\0\0\0\202\1\0\0\235\0\0\0\1\1o\0;\0\0\0/re/frid"..., iov_len=404}], msg_iovlen=1, msg_controllen=0, msg_flags=0}, MSG_NOSIGNAL) = 404
24249 1784070544.712100 recvfrom(38, 0x7ff90a9de0, 3200, MSG_DONTWAIT, NULL, NULL) = -1 EAGAIN (Try again)
24249 1784070544.719810 recvfrom(38, "nysv\0\0\0\0\0\0\0\0\0\0\0\0\270\324\177\260_\1\0\0{^\1\0\0\0\0\0", 3200, MSG_DONTWAIT, NULL, NULL) = 32
24249 1784070544.720044 recvfrom(38, 0x7ff90aa020, 3200, MSG_DONTWAIT, NULL, NULL) = -1 EAGAIN (Try again)
24249 1784070544.720345 recvfrom(61, 0x71fb447820, 2272, MSG_DONTWAIT, NULL, NULL) = -1 EAGAIN (Try again)
24249 1784070544.781620 recvfrom(38, 0x7ff90a8900, 3200, MSG_DONTWAIT, NULL, NULL) = -1 EAGAIN (Try again)
24249 1784070544.786273 recvfrom(38, "nysv\0\0\0\0\0\0\0\0\0\0\0\0Npy\264_\1\0\0\177^\1\0\0\0\0\0", 3200, MSG_DONTWAIT, NULL, NULL) = 32
24249 1784070544.786544 recvfrom(38, 0x7ff90aa020, 3200, MSG_DONTWAIT, NULL, NULL) = -1 EAGAIN (Try again)
24249 1784070544.787181 recvfrom(61, 0x71fb447820, 2272, MSG_DONTWAIT, NULL, NULL) = -1 EAGAIN (Try again)
24644 1784070545.294259 sendmsg(71, {msg_name=NULL, msg_namelen=0, msg_iov=[{iov_base="l\1\1\1\344\0\0\0\203\1\0\0\235\0\0\0\1\1o\0;\0\0\0/re/frid"..., iov_len=404}], msg_iovlen=1, msg_controllen=0, msg_flags=0}, MSG_NOSIGNAL) = 404
24249 1784070545.295191 recvfrom(38, 0x7ff90a9de0, 3200, MSG_DONTWAIT, NULL, NULL) = -1 EAGAIN (Try again)
24249 1784070545.303819 recvfrom(38, "nysv\0\0\0\0\0\0\0\0\0\0\0\0\r\4D\323_\1\0\0\235^\1\0\0\0\0\0", 3200, MSG_DONTWAIT, NULL, NULL) = 32
24249 1784070545.304278 recvfrom(38, 0x7ff90aa020, 3200, MSG_DONTWAIT, NULL, NULL) = -1 EAGAIN (Try again)
24249 1784070545.304909 recvfrom(61, 0x71fb447820, 2272, MSG_DONTWAIT, NULL, NULL) = -1 EAGAIN (Try again)
24644 1784070545.352789 sendmsg(71, {msg_name=NULL, msg_namelen=0, msg_iov=[{iov_base="l\1\1\1\344\0\0\0\204\1\0\0\235\0\0\0\1\1o\0;\0\0\0/re/frid"..., iov_len=404}], msg_iovlen=1, msg_controllen=0, msg_flags=0}, MSG_NOSIGNAL) = 404
24644 1784070545.682088 sendmsg(71, {msg_name=NULL, msg_namelen=0, msg_iov=[{iov_base="l\1\1\1\344\0\0\0\205\1\0\0\235\0\0\0\1\1o\0;\0\0\0/re/frid"..., iov_len=404}], msg_iovlen=1, msg_controllen=0, msg_flags=0}, MSG_NOSIGNAL) = 404
24249 1784070545.685191 recvfrom(38, 0x7ff90a9de0, 3200, MSG_DONTWAIT, NULL, NULL) = -1 EAGAIN (Try again)
24249 1784070545.688357 recvfrom(38, "nysv\0\0\0\0\0\0\0\0\0\0\0\0'\23\35\352_\1\0\0\264^\1\0\0\0\0\0", 3200, MSG_DONTWAIT, NULL, NULL) = 32
24249 1784070545.688702 recvfrom(38, 0x7ff90aa020, 3200, MSG_DONTWAIT, NULL, NULL) = -1 EAGAIN (Try again)
24249 1784070545.689032 recvfrom(61, 0x71fb447820, 2272, MSG_DONTWAIT, NULL, NULL) = -1 EAGAIN (Try again)
24249 1784070545.800239 recvfrom(38, 0x7ff90a9de0, 3200, MSG_DONTWAIT, NULL, NULL) = -1 EAGAIN (Try again)
24249 1784070545.803574 recvfrom(38, "nysv\0\0\0\0\0\0\0\0\0\0\0\0002\311\21\361_\1\0\0\272^\1\0\0\0\0\0", 3200, MSG_DONTWAIT, NULL, NULL) = 32
24249 1784070545.804042 recvfrom(38, 0x7ff90aa020, 3200, MSG_DONTWAIT, NULL, NULL) = -1 EAGAIN (Try again)
24249 1784070545.804769 recvfrom(61, 0x71fb447820, 2272, MSG_DONTWAIT, NULL, NULL) = -1 EAGAIN (Try again)
24249 1784070546.305979 recvfrom(38, 0x7ff90a9de0, 3200, MSG_DONTWAIT, NULL, NULL) = -1 EAGAIN (Try again)
24249 1784070546.323204 recvfrom(38, "nysv\0\0\0\0\0\0\0\0\0\0\0\0O\314\334\17`\1\0\0\331^\1\0\0\0\0\0", 3200, MSG_DONTWAIT, NULL, NULL) = 32
24249 1784070546.323640 recvfrom(38, 0x7ff90aa020, 3200, MSG_DONTWAIT, NULL, NULL) = -1 EAGAIN (Try again)
24249 1784070546.324233 recvfrom(61, 0x71fb447820, 2272, MSG_DONTWAIT, NULL, NULL) = -1 EAGAIN (Try again)
24644 1784070546.374627 sendmsg(71, {msg_name=NULL, msg_namelen=0, msg_iov=[{iov_base="l\1\1\1\344\0\0\0\206\1\0\0\235\0\0\0\1\1o\0;\0\0\0/re/frid"..., iov_len=404}], msg_iovlen=1, msg_controllen=0, msg_flags=0}, MSG_NOSIGNAL) = 404
24644 1784070546.718554 sendmsg(71, {msg_name=NULL, msg_namelen=0, msg_iov=[{iov_base="l\1\1\1\344\0\0\0\207\1\0\0\235\0\0\0\1\1o\0;\0\0\0/re/frid"..., iov_len=404}], msg_iovlen=1, msg_controllen=0, msg_flags=0}, MSG_NOSIGNAL) = 404
24249 1784070546.723762 recvfrom(38, 0x7ff90a9de0, 3200, MSG_DONTWAIT, NULL, NULL) = -1 EAGAIN (Try again)
24249 1784070546.736820 recvfrom(38, "nysv\0\0\0\0\0\0\0\0\0\0\0\0\223C\263(`\1\0\0\361^\1\0\0\0\0\0", 3200, MSG_DONTWAIT, NULL, NULL) = 32
24249 1784070546.737024 recvfrom(38, 0x7ff90aa020, 3200, MSG_DONTWAIT, NULL, NULL) = -1 EAGAIN (Try again)
24249 1784070546.737389 recvfrom(61, 0x71fb447820, 2272, MSG_DONTWAIT, NULL, NULL) = -1 EAGAIN (Try again)
24249 1784070546.810540 recvfrom(38, 0x7ff90a9de0, 3200, MSG_DONTWAIT, NULL, NULL) = -1 EAGAIN (Try again)
24249 1784070546.820462 recvfrom(38, "nysv\0\0\0\0\0\0\0\0\0\0\0\0\2576\252-`\1\0\0\366^\1\0\0\0\0\0", 3200, MSG_DONTWAIT, NULL, NULL) = 32
24249 1784070546.820665 recvfrom(38, 0x7ff90aa020, 3200, MSG_DONTWAIT, NULL, NULL) = -1 EAGAIN (Try again)
24249 1784070546.821057 recvfrom(61, 0x71fb447820, 2272, MSG_DONTWAIT, NULL, NULL) = -1 EAGAIN (Try again)
24249 1784070547.315690 recvfrom(38, 0x7ff90a9de0, 3200, MSG_DONTWAIT, NULL, NULL) = -1 EAGAIN (Try again)
24249 1784070547.320671 recvfrom(38, "nysv\0\0\0\0\0\0\0\0\0\0\0\0\225\355yK`\1\0\0\23_\1\0\0\0\0\0", 3200, MSG_DONTWAIT, NULL, NULL) = 32
24249 1784070547.320886 recvfrom(38, 0x7ff90aa020, 3200, MSG_DONTWAIT, NULL, NULL) = -1 EAGAIN (Try again)
24249 1784070547.321202 recvfrom(61, 0x71fb447820, 2272, MSG_DONTWAIT, NULL, NULL) = -1 EAGAIN (Try again)
24644 1784070547.358958 sendmsg(71, {msg_name=NULL, msg_namelen=0, msg_iov=[{iov_base="l\1\1\1\344\0\0\0\210\1\0\0\235\0\0\0\1\1o\0;\0\0\0/re/frid"..., iov_len=404}], msg_iovlen=1, msg_controllen=0, msg_flags=0}, MSG_NOSIGNAL) = 404
24644 1784070547.700844 sendmsg(71, {msg_name=NULL, msg_namelen=0, msg_iov=[{iov_base="l\1\1\1\344\0\0\0\211\1\0\0\235\0\0\0\1\1o\0;\0\0\0/re/frid"..., iov_len=404}], msg_iovlen=1, msg_controllen=0, msg_flags=0}, MSG_NOSIGNAL) = 404
24249 1784070547.704558 recvfrom(38, 0x7ff90a9de0, 3200, MSG_DONTWAIT, NULL, NULL) = -1 EAGAIN (Try again)
24249 1784070547.725027 recvfrom(38, "nysv\0\0\0\0\0\0\0\0\0\0\0\0\27\32Oc`\1\0\0*_\1\0\0\0\0\0", 3200, MSG_DONTWAIT, NULL, NULL) = 32
24249 1784070547.725440 recvfrom(38, 0x7ff90aa020, 3200, MSG_DONTWAIT, NULL, NULL) = -1 EAGAIN (Try again)
24249 1784070547.726180 recvfrom(61, 0x71fb447820, 2272, MSG_DONTWAIT, NULL, NULL) = -1 EAGAIN (Try again)
24249 1784070547.821749 recvfrom(38, 0x7ff90a9de0, 3200, MSG_DONTWAIT, NULL, NULL) = -1 EAGAIN (Try again)
24249 1784070547.824559 recvfrom(38, "nysv\0\0\0\0\0\0\0\0\0\0\0\0\23\373Di`\1\0\0000_\1\0\0\0\0\0", 3200, MSG_DONTWAIT, NULL, NULL) = 32
24249 1784070547.824917 recvfrom(38, 0x7ff90aa020, 3200, MSG_DONTWAIT, NULL, NULL) = -1 EAGAIN (Try again)
24249 1784070547.825673 recvfrom(61, 0x71fb447820, 2272, MSG_DONTWAIT, NULL, NULL) = -1 EAGAIN (Try again)
24249 1784070548.324338 recvfrom(38, 0x7ff90a9de0, 3200, MSG_DONTWAIT, NULL, NULL) = -1 EAGAIN (Try again)
24249 1784070548.337679 recvfrom(38, "nysv\0\0\0\0\0\0\0\0\0\0\0\0)\260\20\210`\1\0\0O_\1\0\0\0\0\0", 3200, MSG_DONTWAIT, NULL, NULL) = 32
24249 1784070548.338362 recvfrom(38, 0x7ff90aa020, 3200, MSG_DONTWAIT, NULL, NULL) = -1 EAGAIN (Try again)
24249 1784070548.339041 recvfrom(61, 0x71fb447820, 2272, MSG_DONTWAIT, NULL, NULL) = -1 EAGAIN (Try again)
24644 1784070548.382191 sendmsg(71, {msg_name=NULL, msg_namelen=0, msg_iov=[{iov_base="l\1\1\1\344\0\0\0\212\1\0\0\235\0\0\0\1\1o\0;\0\0\0/re/frid"..., iov_len=404}], msg_iovlen=1, msg_controllen=0, msg_flags=0}, MSG_NOSIGNAL) = 404
24644 1784070548.746519 sendmsg(71, {msg_name=NULL, msg_namelen=0, msg_iov=[{iov_base="l\1\1\1\344\0\0\0\213\1\0\0\235\0\0\0\1\1o\0;\0\0\0/re/frid"..., iov_len=404}], msg_iovlen=1, msg_controllen=0, msg_flags=0}, MSG_NOSIGNAL) = 404
24249 1784070548.748444 recvfrom(38, 0x7ff90a9de0, 3200, MSG_DONTWAIT, NULL, NULL) = -1 EAGAIN (Try again)
24249 1784070548.753640 recvfrom(38, "nysv\0\0\0\0\0\0\0\0\0\0\0\0\252#\347\240`\1\0\0h_\1\0\0\0\0\0", 3200, MSG_DONTWAIT, NULL, NULL) = 32
24249 1784070548.753879 recvfrom(38, 0x7ff90aa020, 3200, MSG_DONTWAIT, NULL, NULL) = -1 EAGAIN (Try again)
24249 1784070548.754264 recvfrom(61, 0x71fb447820, 2272, MSG_DONTWAIT, NULL, NULL) = -1 EAGAIN (Try again)
24249 1784070548.825957 recvfrom(38, 0x7ff90a9de0, 3200, MSG_DONTWAIT, NULL, NULL) = -1 EAGAIN (Try again)
24249 1784070548.835595 recvfrom(38, "nysv\0\0\0\0\0\0\0\0\0\0\0\0\26:\340\245`\1\0\0m_\1\0\0\0\0\0", 3200, MSG_DONTWAIT, NULL, NULL) = 32
24249 1784070548.835872 recvfrom(38, 0x7ff90aa020, 3200, MSG_DONTWAIT, NULL, NULL) = -1 EAGAIN (Try again)
24249 1784070548.836678 recvfrom(61, 0x71fb447820, 2272, MSG_DONTWAIT, NULL, NULL) = -1 EAGAIN (Try again)
24249 1784070548.846336 recvfrom(38, 0x7ff90a8900, 3200, MSG_DONTWAIT, NULL, NULL) = -1 EAGAIN (Try again)
24249 1784070548.852902 recvfrom(38, "nysv\0\0\0\0\0\0\0\0\0\0\0\0@\212\336\246`\1\0\0n_\1\0\0\0\0\0", 3200, MSG_DONTWAIT, NULL, NULL) = 32
24249 1784070548.853248 recvfrom(38, 0x7ff90aa020, 3200, MSG_DONTWAIT, NULL, NULL) = -1 EAGAIN (Try again)
24249 1784070548.853784 recvfrom(61, 0x71fb447820, 2272, MSG_DONTWAIT, NULL, NULL) = -1 EAGAIN (Try again)
24249 1784070549.354780 recvfrom(38, 0x7ff90a9260, 3200, MSG_DONTWAIT, NULL, NULL) = -1 EAGAIN (Try again)
24249 1784070549.370521 recvfrom(38, "nysv\0\0\0\0\0\0\0\0\0\0\0\0\n<\250\305`\1\0\0\215_\1\0\0\0\0\0", 3200, MSG_DONTWAIT, NULL, NULL) = 32
24249 1784070549.371217 recvfrom(38, 0x7ff90aa020, 3200, MSG_DONTWAIT, NULL, NULL) = -1 EAGAIN (Try again)
24249 1784070549.372054 recvfrom(61, 0x71fb447820, 2272, MSG_DONTWAIT, NULL, NULL) = -1 EAGAIN (Try again)
24249 1784070549.372931 recvfrom(38, 0x7ff90a9ca0, 3200, MSG_DONTWAIT, NULL, NULL) = -1 EAGAIN (Try again)
24644 1784070549.397050 sendmsg(71, {msg_name=NULL, msg_namelen=0, msg_iov=[{iov_base="l\1\1\1\344\0\0\0\214\1\0\0\235\0\0\0\1\1o\0;\0\0\0/re/frid"..., iov_len=404}], msg_iovlen=1, msg_controllen=0, msg_flags=0}, MSG_NOSIGNAL) = 404
24249 1784070549.398864 recvfrom(38, "nysv\0\0\0\0\0\0\0\0\0\0\0\0/\335\246\306`\1\0\0\216_\1\0\0\0\0\0", 3200, MSG_DONTWAIT, NULL, NULL) = 32
24249 1784070549.399102 recvfrom(38, 0x7ff90aa020, 3200, MSG_DONTWAIT, NULL, NULL) = -1 EAGAIN (Try again)
24249 1784070549.401635 recvfrom(38, 0x7ff90a9cb0, 3200, MSG_DONTWAIT, NULL, NULL) = -1 EAGAIN (Try again)
24249 1784070549.408533 recvfrom(38, "nysv\0\0\0\0\0\0\0\0\0\0\0\0\373t\245\307`\1\0\0\217_\1\0\0\0\0\0", 3200, MSG_DONTWAIT, NULL, NULL) = 32
24249 1784070549.408721 recvfrom(38, 0x7ff90aa020, 3200, MSG_DONTWAIT, NULL, NULL) = -1 EAGAIN (Try again)
24249 1784070549.410057 recvfrom(61, 0x71fb447820, 2272, MSG_DONTWAIT, NULL, NULL) = -1 EAGAIN (Try again)
24644 1784070549.713237 sendmsg(71, {msg_name=NULL, msg_namelen=0, msg_iov=[{iov_base="l\1\1\1\344\0\0\0\215\1\0\0\235\0\0\0\1\1o\0;\0\0\0/re/frid"..., iov_len=404}], msg_iovlen=1, msg_controllen=0, msg_flags=0}, MSG_NOSIGNAL) = 404
24249 1784070549.714566 recvfrom(38, 0x7ff90a9de0, 3200, MSG_DONTWAIT, NULL, NULL) = -1 EAGAIN (Try again)
24249 1784070549.720175 recvfrom(38, "nysv\0\0\0\0\0\0\0\0\0\0\0\0\t\273\204\332`\1\0\0\242_\1\0\0\0\0\0", 3200, MSG_DONTWAIT, NULL, NULL) = 32
24249 1784070549.720403 recvfrom(38, 0x7ff90aa020, 3200, MSG_DONTWAIT, NULL, NULL) = -1 EAGAIN (Try again)
24249 1784070549.720869 recvfrom(61, 0x71fb447820, 2272, MSG_DONTWAIT, NULL, NULL) = -1 EAGAIN (Try again)
24249 1784070549.858125 recvfrom(38, 0x7ff90a9de0, 3200, MSG_DONTWAIT, NULL, NULL) = -1 EAGAIN (Try again)
24644 1784070549.866433 sendmsg(71, {msg_name=NULL, msg_namelen=0, msg_iov=[{iov_base="l\1\1\1\344\0\0\0\216\1\0\0\235\0\0\0\1\1o\0;\0\0\0/re/frid"..., iov_len=404}], msg_iovlen=1, msg_controllen=0, msg_flags=0}, MSG_NOSIGNAL) = 404
24644 1784070549.872482 sendmsg(71, {msg_name=NULL, msg_namelen=0, msg_iov=[{iov_base="l\1\1\1\310\0\0\0\217\1\0\0\235\0\0\0\1\1o\0;\0\0\0/re/frid"..., iov_len=376}], msg_iovlen=1, msg_controllen=0, msg_flags=0}, MSG_NOSIGNAL) = 376
24249 1784070549.874014 recvfrom(38, "nysv\0\0\0\0\0\0\0\0\0\0\0\0\23\371u\343`\1\0\0\253_\1\0\0\0\0\0", 3200, MSG_DONTWAIT, NULL, NULL) = 32
24249 1784070549.874275 recvfrom(38, 0x7ff90aa020, 3200, MSG_DONTWAIT, NULL, NULL) = -1 EAGAIN (Try again)
24249 1784070549.874528 recvfrom(61, 0x71fb447820, 2272, MSG_DONTWAIT, NULL, NULL) = -1 EAGAIN (Try again)
24277 1784070549.972421 faccessat(AT_FDCWD, "/data/user/0/barilyuk.batterytemperature/shared_prefs/MyPrefs.xml", F_OK) = 0
24249 1784070550.360516 recvfrom(38, 0x7ff90a9de0, 3200, MSG_DONTWAIT, NULL, NULL) = -1 EAGAIN (Try again)
24249 1784070550.373099 recvfrom(38, "nysv\0\0\0\0\0\0\0\0\0\0\0\0-\344B\1a\1\0\0\310_\1\0\0\0\0\0", 3200, MSG_DONTWAIT, NULL, NULL) = 32
24249 1784070550.373746 recvfrom(38, 0x7ff90aa020, 3200, MSG_DONTWAIT, NULL, NULL) = -1 EAGAIN (Try again)
24249 1784070550.374931 recvfrom(61, 0x71fb447820, 2272, MSG_DONTWAIT, NULL, NULL) = -1 EAGAIN (Try again)
24644 1784070550.401908 sendmsg(71, {msg_name=NULL, msg_namelen=0, msg_iov=[{iov_base="l\1\1\1\344\0\0\0\220\1\0\0\235\0\0\0\1\1o\0;\0\0\0/re/frid"..., iov_len=404}], msg_iovlen=1, msg_controllen=0, msg_flags=0}, MSG_NOSIGNAL) = 404
24644 1784070550.762170 sendmsg(71, {msg_name=NULL, msg_namelen=0, msg_iov=[{iov_base="l\1\1\1\344\0\0\0\221\1\0\0\235\0\0\0\1\1o\0;\0\0\0/re/frid"..., iov_len=404}], msg_iovlen=1, msg_controllen=0, msg_flags=0}, MSG_NOSIGNAL) = 404
24249 1784070550.763836 recvfrom(38, 0x7ff90a9de0, 3200, MSG_DONTWAIT, NULL, NULL) = -1 EAGAIN (Try again)
24249 1784070550.769802 recvfrom(38, "nysv\0\0\0\0\0\0\0\0\0\0\0\0\336\204\33\31a\1\0\0\337_\1\0\0\0\0\0", 3200, MSG_DONTWAIT, NULL, NULL) = 32
24249 1784070550.770156 recvfrom(38, 0x7ff90aa020, 3200, MSG_DONTWAIT, NULL, NULL) = -1 EAGAIN (Try again)
24249 1784070550.773989 recvfrom(61, 0x71fb447820, 2272, MSG_DONTWAIT, NULL, NULL) = -1 EAGAIN (Try again)
24249 1784070550.867573 recvfrom(38, 0x7ff90a9de0, 3200, MSG_DONTWAIT, NULL, NULL) = -1 EAGAIN (Try again)
24249 1784070550.869706 recvfrom(38, "nysv\0\0\0\0\0\0\0\0\0\0\0\0\31I\20\37a\1\0\0\345_\1\0\0\0\0\0", 3200, MSG_DONTWAIT, NULL, NULL) = 32
24249 1784070550.869952 recvfrom(38, 0x7ff90aa020, 3200, MSG_DONTWAIT, NULL, NULL) = -1 EAGAIN (Try again)
24249 1784070550.870401 recvfrom(61, 0x71fb447820, 2272, MSG_DONTWAIT, NULL, NULL) = -1 EAGAIN (Try again)
24249 1784070551.373109 recvfrom(38, 0x7ff90a9de0, 3200, MSG_DONTWAIT, NULL, NULL) = -1 EAGAIN (Try again)
24249 1784070551.387277 recvfrom(38, "nysv\0\0\0\0\0\0\0\0\0\0\0\0\240\303\334=a\1\0\0\4`\1\0\0\0\0\0", 3200, MSG_DONTWAIT, NULL, NULL) = 32
24249 1784070551.387468 recvfrom(38, 0x7ff90aa020, 3200, MSG_DONTWAIT, NULL, NULL) = -1 EAGAIN (Try again)
24249 1784070551.387839 recvfrom(61, 0x71fb447820, 2272, MSG_DONTWAIT, NULL, NULL) = -1 EAGAIN (Try again)
24644 1784070551.405956 sendmsg(71, {msg_name=NULL, msg_namelen=0, msg_iov=[{iov_base="l\1\1\1\344\0\0\0\222\1\0\0\235\0\0\0\1\1o\0;\0\0\0/re/frid"..., iov_len=404}], msg_iovlen=1, msg_controllen=0, msg_flags=0}, MSG_NOSIGNAL) = 404
24644 1784070551.728188 sendmsg(71, {msg_name=NULL, msg_namelen=0, msg_iov=[{iov_base="l\1\1\1\344\0\0\0\223\1\0\0\235\0\0\0\1\1o\0;\0\0\0/re/frid"..., iov_len=404}], msg_iovlen=1, msg_controllen=0, msg_flags=0}, MSG_NOSIGNAL) = 404
24249 1784070551.731558 recvfrom(38, 0x7ff90a9de0, 3200, MSG_DONTWAIT, NULL, NULL) = -1 EAGAIN (Try again)
24249 1784070551.736240 recvfrom(38, "nysv\0\0\0\0\0\0\0\0\0\0\0\0 \332\270Ra\1\0\0\31`\1\0\0\0\0\0", 3200, MSG_DONTWAIT, NULL, NULL) = 32
24249 1784070551.736593 recvfrom(38, 0x7ff90aa020, 3200, MSG_DONTWAIT, NULL, NULL) = -1 EAGAIN (Try again)
24249 1784070551.737147 recvfrom(61, 0x71fb447820, 2272, MSG_DONTWAIT, NULL, NULL) = -1 EAGAIN (Try again)
24249 1784070551.874215 recvfrom(38, 0x7ff90a9de0, 3200, MSG_DONTWAIT, NULL, NULL) = -1 EAGAIN (Try again)
24249 1784070551.887704 recvfrom(38, "nysv\0\0\0\0\0\0\0\0\0\0\0\0\33c\251[a\1\0\0!`\1\0\0\0\0\0", 3200, MSG_DONTWAIT, NULL, NULL) = 32
24249 1784070551.888138 recvfrom(38, 0x7ff90aa020, 3200, MSG_DONTWAIT, NULL, NULL) = -1 EAGAIN (Try again)
24249 1784070551.888787 recvfrom(61, 0x71fb447820, 2272, MSG_DONTWAIT, NULL, NULL) = -1 EAGAIN (Try again)
24249 1784070552.378309 recvfrom(38, 0x7ff90a9de0, 3200, MSG_DONTWAIT, NULL, NULL) = -1 EAGAIN (Try again)
24249 1784070552.390322 recvfrom(38, "nysv\0\0\0\0\0\0\0\0\0\0\0\0\7\310vya\1\0\0>`\1\0\0\0\0\0", 3200, MSG_DONTWAIT, NULL, NULL) = 32
24249 1784070552.390881 recvfrom(38, 0x7ff90aa020, 3200, MSG_DONTWAIT, NULL, NULL) = -1 EAGAIN (Try again)
24249 1784070552.391815 recvfrom(61, 0x71fb447820, 2272, MSG_DONTWAIT, NULL, NULL) = -1 EAGAIN (Try again)
24644 1784070552.419864 sendmsg(71, {msg_name=NULL, msg_namelen=0, msg_iov=[{iov_base="l\1\1\1\344\0\0\0\224\1\0\0\235\0\0\0\1\1o\0;\0\0\0/re/frid"..., iov_len=404}], msg_iovlen=1, msg_controllen=0, msg_flags=0}, MSG_NOSIGNAL) = 404
24249 1784070552.773801 recvfrom(38, 0x7ff90a9de0, 3200, MSG_DONTWAIT, NULL, NULL) = -1 EAGAIN (Try again)
24644 1784070552.775773 sendmsg(71, {msg_name=NULL, msg_namelen=0, msg_iov=[{iov_base="l\1\1\1\344\0\0\0\225\1\0\0\235\0\0\0\1\1o\0;\0\0\0/re/frid"..., iov_len=404}], msg_iovlen=1, msg_controllen=0, msg_flags=0}, MSG_NOSIGNAL) = 404
24249 1784070552.787082 recvfrom(38, "nysv\0\0\0\0\0\0\0\0\0\0\0\0\237`O\221a\1\0\0V`\1\0\0\0\0\0", 3200, MSG_DONTWAIT, NULL, NULL) = 32
24249 1784070552.787844 recvfrom(38, 0x7ff90aa020, 3200, MSG_DONTWAIT, NULL, NULL) = -1 EAGAIN (Try again)
24249 1784070552.791795 recvfrom(61, 0x71fb447820, 2272, MSG_DONTWAIT, NULL, NULL) = -1 EAGAIN (Try again)
24249 1784070552.862839 recvfrom(38, 0x7ff90a8900, 3200, MSG_DONTWAIT, NULL, NULL) = -1 EAGAIN (Try again)
24249 1784070552.869512 recvfrom(38, "nysv\0\0\0\0\0\0\0\0\0\0\0\0\rUH\226a\1\0\0[`\1\0\0\0\0\0", 3200, MSG_DONTWAIT, NULL, NULL) = 32
24249 1784070552.869695 recvfrom(38, 0x7ff90aa020, 3200, MSG_DONTWAIT, NULL, NULL) = -1 EAGAIN (Try again)
24249 1784070552.870009 recvfrom(61, 0x71fb447820, 2272, MSG_DONTWAIT, NULL, NULL) = -1 EAGAIN (Try again)
24644 1784070553.378747 sendmsg(71, {msg_name=NULL, msg_namelen=0, msg_iov=[{iov_base="l\1\1\1\344\0\0\0\226\1\0\0\235\0\0\0\1\1o\0;\0\0\0/re/frid"..., iov_len=404}], msg_iovlen=1, msg_controllen=0, msg_flags=0}, MSG_NOSIGNAL) = 404
24249 1784070553.379328 recvfrom(38, 0x7ff90a9de0, 3200, MSG_DONTWAIT, NULL, NULL) = -1 EAGAIN (Try again)
24249 1784070553.388203 recvfrom(38, "nysv\0\0\0\0\0\0\0\0\0\0\0\0\337\221\21\265a\1\0\0z`\1\0\0\0\0\0", 3200, MSG_DONTWAIT, NULL, NULL) = 32
24249 1784070553.388657 recvfrom(38, 0x7ff90aa020, 3200, MSG_DONTWAIT, NULL, NULL) = -1 EAGAIN (Try again)
24249 1784070553.389311 recvfrom(61, 0x71fb447820, 2272, MSG_DONTWAIT, NULL, NULL) = -1 EAGAIN (Try again)
24644 1784070553.416304 sendmsg(71, {msg_name=NULL, msg_namelen=0, msg_iov=[{iov_base="l\1\1\1\344\0\0\0\227\1\0\0\235\0\0\0\1\1o\0;\0\0\0/re/frid"..., iov_len=404}], msg_iovlen=1, msg_controllen=0, msg_flags=0}, MSG_NOSIGNAL) = 404
24644 1784070553.744119 sendmsg(71, {msg_name=NULL, msg_namelen=0, msg_iov=[{iov_base="l\1\1\1\344\0\0\0\230\1\0\0\235\0\0\0\1\1o\0;\0\0\0/re/frid"..., iov_len=404}], msg_iovlen=1, msg_controllen=0, msg_flags=0}, MSG_NOSIGNAL) = 404
24249 1784070553.746429 recvfrom(38, 0x7ff90a9de0, 3200, MSG_DONTWAIT, NULL, NULL) = -1 EAGAIN (Try again)
24249 1784070553.753965 recvfrom(38, "nysv\0\0\0\0\0\0\0\0\0\0\0\0{u\354\312a\1\0\0\220`\1\0\0\0\0\0", 3200, MSG_DONTWAIT, NULL, NULL) = 32
24249 1784070553.754374 recvfrom(38, 0x7ff90aa020, 3200, MSG_DONTWAIT, NULL, NULL) = -1 EAGAIN (Try again)
24249 1784070553.754995 recvfrom(61, 0x71fb447820, 2272, MSG_DONTWAIT, NULL, NULL) = -1 EAGAIN (Try again)
24249 1784070553.887298 recvfrom(38, 0x7ff90a9de0, 3200, MSG_DONTWAIT, NULL, NULL) = -1 EAGAIN (Try again)
24249 1784070553.909054 recvfrom(38, "nysv\0\0\0\0\0\0\0\0\0\0\0\0\365F\335\323a\1\0\0\231`\1\0\0\0\0\0", 3200, MSG_DONTWAIT, NULL, NULL) = 32
24249 1784070553.909451 recvfrom(38, 0x7ff90aa020, 3200, MSG_DONTWAIT, NULL, NULL) = -1 EAGAIN (Try again)
24249 1784070553.910082 recvfrom(61, 0x71fb447820, 2272, MSG_DONTWAIT, NULL, NULL) = -1 EAGAIN (Try again)
24249 1784070554.390550 recvfrom(38, 0x7ff90a9de0, 3200, MSG_DONTWAIT, NULL, NULL) = -1 EAGAIN (Try again)
24249 1784070554.408273 recvfrom(38, "nysv\0\0\0\0\0\0\0\0\0\0\0\0\341\253\252\361a\1\0\0\267`\1\0\0\0\0\0", 3200, MSG_DONTWAIT, NULL, NULL) = 32
24249 1784070554.409201 recvfrom(38, 0x7ff90aa020, 3200, MSG_DONTWAIT, NULL, NULL) = -1 EAGAIN (Try again)
24249 1784070554.410124 recvfrom(61, 0x71fb447820, 2272, MSG_DONTWAIT, NULL, NULL) = -1 EAGAIN (Try again)
24644 1784070554.429387 sendmsg(71, {msg_name=NULL, msg_namelen=0, msg_iov=[{iov_base="l\1\1\1\344\0\0\0\231\1\0\0\235\0\0\0\1\1o\0;\0\0\0/re/frid"..., iov_len=404}], msg_iovlen=1, msg_controllen=0, msg_flags=0}, MSG_NOSIGNAL) = 404
24644 1784070554.787242 sendmsg(71, {msg_name=NULL, msg_namelen=0, msg_iov=[{iov_base="l\1\1\1\344\0\0\0\232\1\0\0\235\0\0\0\1\1o\0;\0\0\0/re/frid"..., iov_len=404}], msg_iovlen=1, msg_controllen=0, msg_flags=0}, MSG_NOSIGNAL) = 404
24249 1784070554.787788 recvfrom(38, 0x7ff90a9de0, 3200, MSG_DONTWAIT, NULL, NULL) = -1 EAGAIN (Try again)
24249 1784070554.802641 recvfrom(38, "nysv\0\0\0\0\0\0\0\0\0\0\0\0\177c\203\tb\1\0\0\317`\1\0\0\0\0\0", 3200, MSG_DONTWAIT, NULL, NULL) = 32
24249 1784070554.802874 recvfrom(38, 0x7ff90aa020, 3200, MSG_DONTWAIT, NULL, NULL) = -1 EAGAIN (Try again)
24249 1784070554.803245 recvfrom(61, 0x71fb447820, 2272, MSG_DONTWAIT, NULL, NULL) = -1 EAGAIN (Try again)
24249 1784070554.893238 recvfrom(38, 0x7ff90a9de0, 3200, MSG_DONTWAIT, NULL, NULL) = -1 EAGAIN (Try again)
24249 1784070554.903395 recvfrom(38, "nysv\0\0\0\0\0\0\0\0\0\0\0\0\307\7y\17b\1\0\0\325`\1\0\0\0\0\0", 3200, MSG_DONTWAIT, NULL, NULL) = 32
24249 1784070554.903723 recvfrom(38, 0x7ff90aa020, 3200, MSG_DONTWAIT, NULL, NULL) = -1 EAGAIN (Try again)
24249 1784070554.904216 recvfrom(61, 0x71fb447820, 2272, MSG_DONTWAIT, NULL, NULL) = -1 EAGAIN (Try again)
24249 1784070555.398650 recvfrom(38, 0x7ff90a9de0, 3200, MSG_DONTWAIT, NULL, NULL) = -1 EAGAIN (Try again)
24249 1784070555.403956 recvfrom(38, "nysv\0\0\0\0\0\0\0\0\0\0\0\0\255\1G-b\1\0\0\363`\1\0\0\0\0\0", 3200, MSG_DONTWAIT, NULL, NULL) = 32
24249 1784070555.404135 recvfrom(38, 0x7ff90aa020, 3200, MSG_DONTWAIT, NULL, NULL) = -1 EAGAIN (Try again)
24249 1784070555.404464 recvfrom(61, 0x71fb447820, 2272, MSG_DONTWAIT, NULL, NULL) = -1 EAGAIN (Try again)
24644 1784070555.429819 sendmsg(71, {msg_name=NULL, msg_namelen=0, msg_iov=[{iov_base="l\1\1\1\344\0\0\0\233\1\0\0\235\0\0\0\1\1o\0;\0\0\0/re/frid"..., iov_len=404}], msg_iovlen=1, msg_controllen=0, msg_flags=0}, MSG_NOSIGNAL) = 404
24644 1784070555.762800 sendmsg(71, {msg_name=NULL, msg_namelen=0, msg_iov=[{iov_base="l\1\1\1\344\0\0\0\234\1\0\0\235\0\0\0\1\1o\0;\0\0\0/re/frid"..., iov_len=404}], msg_iovlen=1, msg_controllen=0, msg_flags=0}, MSG_NOSIGNAL) = 404
24249 1784070555.765307 recvfrom(38, 0x7ff90a9de0, 3200, MSG_DONTWAIT, NULL, NULL) = -1 EAGAIN (Try again)
24249 1784070555.769790 recvfrom(38, "nysv\0\0\0\0\0\0\0\0\0\0\0\0,\221 Cb\1\0\0\10a\1\0\0\0\0\0", 3200, MSG_DONTWAIT, NULL, NULL) = 32
24249 1784070555.770462 recvfrom(38, 0x7ff90aa020, 3200, MSG_DONTWAIT, NULL, NULL) = -1 EAGAIN (Try again)
24249 1784070555.771477 recvfrom(61, 0x71fb447820, 2272, MSG_DONTWAIT, NULL, NULL) = -1 EAGAIN (Try again)
24249 1784070555.904581 recvfrom(38, 0x7ff90a9de0, 3200, MSG_DONTWAIT, NULL, NULL) = -1 EAGAIN (Try again)
24249 1784070555.920296 recvfrom(38, "nysv\0\0\0\0\0\0\0\0\0\0\0\0\300e\21Lb\1\0\0\21a\1\0\0\0\0\0", 3200, MSG_DONTWAIT, NULL, NULL) = 32
24249 1784070555.920850 recvfrom(38, 0x7ff90aa020, 3200, MSG_DONTWAIT, NULL, NULL) = -1 EAGAIN (Try again)
24249 1784070555.921721 recvfrom(61, 0x71fb447820, 2272, MSG_DONTWAIT, NULL, NULL) = -1 EAGAIN (Try again)
24249 1784070556.407442 recvfrom(38, 0x7ff90a9de0, 3200, MSG_DONTWAIT, NULL, NULL) = -1 EAGAIN (Try again)
24249 1784070556.420485 recvfrom(38, "nysv\0\0\0\0\0\0\0\0\0\0\0\0\257\247\336ib\1\0\0/a\1\0\0\0\0\0", 3200, MSG_DONTWAIT, NULL, NULL) = 32
24249 1784070556.421005 recvfrom(38, 0x7ff90aa020, 3200, MSG_DONTWAIT, NULL, NULL) = -1 EAGAIN (Try again)
24249 1784070556.421679 recvfrom(61, 0x71fb447820, 2272, MSG_DONTWAIT, NULL, NULL) = -1 EAGAIN (Try again)
24644 1784070556.442712 sendmsg(71, {msg_name=NULL, msg_namelen=0, msg_iov=[{iov_base="l\1\1\1\344\0\0\0\235\1\0\0\235\0\0\0\1\1o\0;\0\0\0/re/frid"..., iov_len=404}], msg_iovlen=1, msg_controllen=0, msg_flags=0}, MSG_NOSIGNAL) = 404
24644 1784070556.804888 sendmsg(71, {msg_name=NULL, msg_namelen=0, msg_iov=[{iov_base="l\1\1\1\344\0\0\0\236\1\0\0\235\0\0\0\1\1o\0;\0\0\0/re/frid"..., iov_len=404}], msg_iovlen=1, msg_controllen=0, msg_flags=0}, MSG_NOSIGNAL) = 404
24249 1784070556.809925 recvfrom(38, 0x7ff90a9de0, 3200, MSG_DONTWAIT, NULL, NULL) = -1 EAGAIN (Try again)
24249 1784070556.819651 recvfrom(38, "nysv\0\0\0\0\0\0\0\0\0\0\0\0\340\22\267\201b\1\0\0Ga\1\0\0\0\0\0", 3200, MSG_DONTWAIT, NULL, NULL) = 32
24249 1784070556.820104 recvfrom(38, 0x7ff90aa020, 3200, MSG_DONTWAIT, NULL, NULL) = -1 EAGAIN (Try again)
24249 1784070556.820551 recvfrom(61, 0x71fb447820, 2272, MSG_DONTWAIT, NULL, NULL) = -1 EAGAIN (Try again)
24249 1784070556.897762 recvfrom(38, 0x7ff90a8900, 3200, MSG_DONTWAIT, NULL, NULL) = -1 EAGAIN (Try again)
24249 1784070556.902634 recvfrom(38, "nysv\0\0\0\0\0\0\0\0\0\0\0\0\37;\257\206b\1\0\0La\1\0\0\0\0\0", 3200, MSG_DONTWAIT, NULL, NULL) = 32
24249 1784070556.902796 recvfrom(38, 0x7ff90aa020, 3200, MSG_DONTWAIT, NULL, NULL) = -1 EAGAIN (Try again)
24249 1784070556.903095 recvfrom(61, 0x71fb447820, 2272, MSG_DONTWAIT, NULL, NULL) = -1 EAGAIN (Try again)
24644 1784070557.411413 sendmsg(71, {msg_name=NULL, msg_namelen=0, msg_iov=[{iov_base="l\1\1\1\344\0\0\0\237\1\0\0\235\0\0\0\1\1o\0;\0\0\0/re/frid"..., iov_len=404}], msg_iovlen=1, msg_controllen=0, msg_flags=0}, MSG_NOSIGNAL) = 404
24249 1784070557.414861 recvfrom(38, 0x7ff90a9de0, 3200, MSG_DONTWAIT, NULL, NULL) = -1 EAGAIN (Try again)
24249 1784070557.420870 recvfrom(38, "nysv\0\0\0\0\0\0\0\0\0\0\0\0\223Yy\245b\1\0\0ja\1\0\0\0\0\0", 3200, MSG_DONTWAIT, NULL, NULL) = 32
24249 1784070557.421213 recvfrom(38, 0x7ff90aa020, 3200, MSG_DONTWAIT, NULL, NULL) = -1 EAGAIN (Try again)
24249 1784070557.421825 recvfrom(61, 0x71fb447820, 2272, MSG_DONTWAIT, NULL, NULL) = -1 EAGAIN (Try again)
24644 1784070557.439147 sendmsg(71, {msg_name=NULL, msg_namelen=0, msg_iov=[{iov_base="l\1\1\1\344\0\0\0\240\1\0\0\235\0\0\0\1\1o\0;\0\0\0/re/frid"..., iov_len=404}], msg_iovlen=1, msg_controllen=0, msg_flags=0}, MSG_NOSIGNAL) = 404
24644 1784070557.780095 sendmsg(71, {msg_name=NULL, msg_namelen=0, msg_iov=[{iov_base="l\1\1\1\344\0\0\0\241\1\0\0\235\0\0\0\1\1o\0;\0\0\0/re/frid"..., iov_len=404}], msg_iovlen=1, msg_controllen=0, msg_flags=0}, MSG_NOSIGNAL <unfinished ...>
24249 1784070557.780359 recvfrom(38,  <unfinished ...>
24644 1784070557.780682 <... sendmsg resumed> ) = 404
24249 1784070557.780694 <... recvfrom resumed> 0x7ff90a9de0, 3200, MSG_DONTWAIT, NULL, NULL) = -1 EAGAIN (Try again)
24249 1784070557.786743 recvfrom(38, "nysv\0\0\0\0\0\0\0\0\0\0\0\0\337\246T\273b\1\0\0\200a\1\0\0\0\0\0", 3200, MSG_DONTWAIT, NULL, NULL) = 32
24249 1784070557.787112 recvfrom(38, 0x7ff90aa020, 3200, MSG_DONTWAIT, NULL, NULL) = -1 EAGAIN (Try again)
24249 1784070557.787795 recvfrom(61, 0x71fb447820, 2272, MSG_DONTWAIT, NULL, NULL) = -1 EAGAIN (Try again)
24249 1784070557.917451 recvfrom(38, 0x7ff90a9de0, 3200, MSG_DONTWAIT, NULL, NULL) = -1 EAGAIN (Try again)
24249 1784070557.919946 recvfrom(38, "nysv\0\0\0\0\0\0\0\0\0\0\0\0\2\372F\303b\1\0\0\210a\1\0\0\0\0\0", 3200, MSG_DONTWAIT, NULL, NULL) = 32
24249 1784070557.920365 recvfrom(38, 0x7ff90aa020, 3200, MSG_DONTWAIT, NULL, NULL) = -1 EAGAIN (Try again)
24249 1784070557.920759 recvfrom(61, 0x71fb447820, 2272, MSG_DONTWAIT, NULL, NULL) = -1 EAGAIN (Try again)
24249 1784070558.424996 recvfrom(38, 0x7ff90a9de0, 3200, MSG_DONTWAIT, NULL, NULL) = -1 EAGAIN (Try again)
24249 1784070558.437339 recvfrom(38, "nysv\0\0\0\0\0\0\0\0\0\0\0\0W|\22\342b\1\0\0\247a\1\0\0\0\0\0", 3200, MSG_DONTWAIT, NULL, NULL) = 32
24249 1784070558.437757 recvfrom(38, 0x7ff90aa020, 3200, MSG_DONTWAIT, NULL, NULL) = -1 EAGAIN (Try again)
24249 1784070558.438556 recvfrom(61, 0x71fb447820, 2272, MSG_DONTWAIT, NULL, NULL) = -1 EAGAIN (Try again)
24644 1784070558.467752 sendmsg(71, {msg_name=NULL, msg_namelen=0, msg_iov=[{iov_base="l\1\1\1\344\0\0\0\242\1\0\0\235\0\0\0\1\1o\0;\0\0\0/re/frid"..., iov_len=404}], msg_iovlen=1, msg_controllen=0, msg_flags=0}, MSG_NOSIGNAL) = 404
24644 1784070558.816446 sendmsg(71, {msg_name=NULL, msg_namelen=0, msg_iov=[{iov_base="l\1\1\1\344\0\0\0\243\1\0\0\235\0\0\0\1\1o\0;\0\0\0/re/frid"..., iov_len=404}], msg_iovlen=1, msg_controllen=0, msg_flags=0}, MSG_NOSIGNAL) = 404
24249 1784070558.817635 recvfrom(38, 0x7ff90a9de0, 3200, MSG_DONTWAIT, NULL, NULL) = -1 EAGAIN (Try again)
24249 1784070558.819780 recvfrom(38, "nysv\0\0\0\0\0\0\0\0\0\0\0\0\316\207\354\370b\1\0\0\276a\1\0\0\0\0\0", 3200, MSG_DONTWAIT, NULL, NULL) = 32
24249 1784070558.820151 recvfrom(38, 0x7ff90aa020, 3200, MSG_DONTWAIT, NULL, NULL) = -1 EAGAIN (Try again)
24249 1784070558.820543 recvfrom(61, 0x71fb447820, 2272, MSG_DONTWAIT, NULL, NULL) = -1 EAGAIN (Try again)
24249 1784070558.928302 recvfrom(38, 0x7ff90a9de0, 3200, MSG_DONTWAIT, NULL, NULL) = -1 EAGAIN (Try again)
24249 1784070558.936658 recvfrom(38, "nysv\0\0\0\0\0\0\0\0\0\0\0\0\340\t\340\377b\1\0\0\305a\1\0\0\0\0\0", 3200, MSG_DONTWAIT, NULL, NULL) = 32
24249 1784070558.936957 recvfrom(38, 0x7ff90aa020, 3200, MSG_DONTWAIT, NULL, NULL) = -1 EAGAIN (Try again)
24249 1784070558.937436 recvfrom(61, 0x71fb447820, 2272, MSG_DONTWAIT, NULL, NULL) = -1 EAGAIN (Try again)
24249 1784070559.432084 recvfrom(38, 0x7ff90a9de0, 3200, MSG_DONTWAIT, NULL, NULL) = -1 EAGAIN (Try again)
24249 1784070559.437199 recvfrom(38, "nysv\0\0\0\0\0\0\0\0\0\0\0\0\265X\256\35c\1\0\0\343a\1\0\0\0\0\0", 3200, MSG_DONTWAIT, NULL, NULL) = 32
24249 1784070559.437390 recvfrom(38, 0x7ff90aa020, 3200, MSG_DONTWAIT, NULL, NULL) = -1 EAGAIN (Try again)
24249 1784070559.437740 recvfrom(61, 0x71fb447820, 2272, MSG_DONTWAIT, NULL, NULL) = -1 EAGAIN (Try again)
24644 1784070559.448203 sendmsg(71, {msg_name=NULL, msg_namelen=0, msg_iov=[{iov_base="l\1\1\1\344\0\0\0\244\1\0\0\235\0\0\0\1\1o\0;\0\0\0/re/frid"..., iov_len=404}], msg_iovlen=1, msg_controllen=0, msg_flags=0}, MSG_NOSIGNAL) = 404
24644 1784070559.795310 sendmsg(71, {msg_name=NULL, msg_namelen=0, msg_iov=[{iov_base="l\1\1\1\344\0\0\0\245\1\0\0\235\0\0\0\1\1o\0;\0\0\0/re/frid"..., iov_len=404}], msg_iovlen=1, msg_controllen=0, msg_flags=0}, MSG_NOSIGNAL) = 404
24249 1784070559.797775 recvfrom(38, 0x7ff90a9de0, 3200, MSG_DONTWAIT, NULL, NULL) = -1 EAGAIN (Try again)
24249 1784070559.803307 recvfrom(38, "nysv\0\0\0\0\0\0\0\0\0\0\0\0\266X\2103c\1\0\0\371a\1\0\0\0\0\0", 3200, MSG_DONTWAIT, NULL, NULL) = 32
24249 1784070559.803664 recvfrom(38, 0x7ff90aa020, 3200, MSG_DONTWAIT, NULL, NULL) = -1 EAGAIN (Try again)
24249 1784070559.804284 recvfrom(61, 0x71fb447820, 2272, MSG_DONTWAIT, NULL, NULL) = -1 EAGAIN (Try again)
24249 1784070559.937349 recvfrom(38, 0x7ff90a9de0, 3200, MSG_DONTWAIT, NULL, NULL) = -1 EAGAIN (Try again)
24249 1784070559.944151 recvfrom(38, "nysv\0\0\0\0\0\0\0\0\0\0\0\0Y\242z;c\1\0\0\1b\1\0\0\0\0\0", 3200, MSG_DONTWAIT, NULL, NULL) = 32
24249 1784070559.944686 recvfrom(38, 0x7ff90aa020, 3200, MSG_DONTWAIT, NULL, NULL) = -1 EAGAIN (Try again)
24249 1784070559.945640 recvfrom(61, 0x71fb447820, 2272, MSG_DONTWAIT, NULL, NULL) = -1 EAGAIN (Try again)
24249 1784070560.442401 recvfrom(38, 0x7ff90a9de0, 3200, MSG_DONTWAIT, NULL, NULL) = -1 EAGAIN (Try again)
24249 1784070560.456628 recvfrom(38, "nysv\0\0\0\0\0\0\0\0\0\0\0\0oWFZc\1\0\0 b\1\0\0\0\0\0", 3200, MSG_DONTWAIT, NULL, NULL) = 32
24249 1784070560.457001 recvfrom(38, 0x7ff90aa020, 3200, MSG_DONTWAIT, NULL, NULL) = -1 EAGAIN (Try again)
24249 1784070560.457594 recvfrom(61, 0x71fb447820, 2272, MSG_DONTWAIT, NULL, NULL) = -1 EAGAIN (Try again)
24644 1784070560.480468 sendmsg(71, {msg_name=NULL, msg_namelen=0, msg_iov=[{iov_base="l\1\1\1\344\0\0\0\246\1\0\0\235\0\0\0\1\1o\0;\0\0\0/re/frid"..., iov_len=404}], msg_iovlen=1, msg_controllen=0, msg_flags=0}, MSG_NOSIGNAL) = 404
24249 1784070560.837203 recvfrom(38, 0x7ff90a9de0, 3200, MSG_DONTWAIT, NULL, NULL) = -1 EAGAIN (Try again)
24644 1784070560.838132 sendmsg(71, {msg_name=NULL, msg_namelen=0, msg_iov=[{iov_base="l\1\1\1\344\0\0\0\247\1\0\0\235\0\0\0\1\1o\0;\0\0\0/re/frid"..., iov_len=404}], msg_iovlen=1, msg_controllen=0, msg_flags=0}, MSG_NOSIGNAL) = 404
24249 1784070560.853799 recvfrom(38, "nysv\0\0\0\0\0\0\0\0\0\0\0\0,\246\36rc\1\0\0007b\1\0\0\0\0\0", 3200, MSG_DONTWAIT, NULL, NULL) = 32
24249 1784070560.854017 recvfrom(38, 0x7ff90aa020, 3200, MSG_DONTWAIT, NULL, NULL) = -1 EAGAIN (Try again)
24249 1784070560.854405 recvfrom(61, 0x71fb447820, 2272, MSG_DONTWAIT, NULL, NULL) = -1 EAGAIN (Try again)
24249 1784070560.931132 recvfrom(38, 0x7ff90a8900, 3200, MSG_DONTWAIT, NULL, NULL) = -1 EAGAIN (Try again)
24249 1784070560.935664 recvfrom(38, "nysv\0\0\0\0\0\0\0\0\0\0\0\0V\316\27wc\1\0\0<b\1\0\0\0\0\0", 3200, MSG_DONTWAIT, NULL, NULL) = 32
24249 1784070560.935857 recvfrom(38, 0x7ff90aa020, 3200, MSG_DONTWAIT, NULL, NULL) = -1 EAGAIN (Try again)
24249 1784070560.936427 recvfrom(61, 0x71fb447820, 2272, MSG_DONTWAIT, NULL, NULL) = -1 EAGAIN (Try again)
24644 1784070561.444720 sendmsg(71, {msg_name=NULL, msg_namelen=0, msg_iov=[{iov_base="l\1\1\1\344\0\0\0\250\1\0\0\235\0\0\0\1\1o\0;\0\0\0/re/frid"..., iov_len=404}], msg_iovlen=1, msg_controllen=0, msg_flags=0}, MSG_NOSIGNAL) = 404
24249 1784070561.447181 recvfrom(38, 0x7ff90a9de0, 3200, MSG_DONTWAIT, NULL, NULL) = -1 EAGAIN (Try again)
24249 1784070561.454812 recvfrom(38, "nysv\0\0\0\0\0\0\0\0\0\0\0\0G!\341\225c\1\0\0Zb\1\0\0\0\0\0", 3200, MSG_DONTWAIT, NULL, NULL) = 32
24249 1784070561.455385 recvfrom(38, 0x7ff90aa020, 3200, MSG_DONTWAIT, NULL, NULL) = -1 EAGAIN (Try again)
24249 1784070561.456137 recvfrom(61, 0x71fb447820, 2272, MSG_DONTWAIT, NULL, NULL) = -1 EAGAIN (Try again)
24644 1784070561.480894 sendmsg(71, {msg_name=NULL, msg_namelen=0, msg_iov=[{iov_base="l\1\1\1\344\0\0\0\251\1\0\0\235\0\0\0\1\1o\0;\0\0\0/re/frid"..., iov_len=404}], msg_iovlen=1, msg_controllen=0, msg_flags=0}, MSG_NOSIGNAL) = 404
24644 1784070561.809265 sendmsg(71, {msg_name=NULL, msg_namelen=0, msg_iov=[{iov_base="l\1\1\1\344\0\0\0\252\1\0\0\235\0\0\0\1\1o\0;\0\0\0/re/frid"..., iov_len=404}], msg_iovlen=1, msg_controllen=0, msg_flags=0}, MSG_NOSIGNAL) = 404
24249 1784070561.811602 recvfrom(38, 0x7ff90a9de0, 3200, MSG_DONTWAIT, NULL, NULL) = -1 EAGAIN (Try again)
24249 1784070561.820839 recvfrom(38, "nysv\0\0\0\0\0\0\0\0\0\0\0\0\343\4\274\253c\1\0\0pb\1\0\0\0\0\0", 3200, MSG_DONTWAIT, NULL, NULL) = 32
24249 1784070561.821200 recvfrom(38, 0x7ff90aa020, 3200, MSG_DONTWAIT, NULL, NULL) = -1 EAGAIN (Try again)
24249 1784070561.821911 recvfrom(61, 0x71fb447820, 2272, MSG_DONTWAIT, NULL, NULL) = -1 EAGAIN (Try again)
24249 1784070561.953989 recvfrom(38, 0x7ff90a9de0, 3200, MSG_DONTWAIT, NULL, NULL) = -1 EAGAIN (Try again)
24249 1784070561.972924 recvfrom(38, "nysv\0\0\0\0\0\0\0\0\0\0\0\0]\326\254\264c\1\0\0yb\1\0\0\0\0\0", 3200, MSG_DONTWAIT, NULL, NULL) = 32
24249 1784070561.973365 recvfrom(38, 0x7ff90aa020, 3200, MSG_DONTWAIT, NULL, NULL) = -1 EAGAIN (Try again)
24249 1784070561.974114 recvfrom(61, 0x71fb447820, 2272, MSG_DONTWAIT, NULL, NULL) = -1 EAGAIN (Try again)
24249 1784070562.458989 recvfrom(38, 0x7ff90a9de0, 3200, MSG_DONTWAIT, NULL, NULL) = -1 EAGAIN (Try again)
24249 1784070562.474359 recvfrom(38, "nysv\0\0\0\0\0\0\0\0\0\0\0\0I;z\322c\1\0\0\227b\1\0\0\0\0\0", 3200, MSG_DONTWAIT, NULL, NULL) = 32
24249 1784070562.475144 recvfrom(38, 0x7ff90aa020, 3200, MSG_DONTWAIT, NULL, NULL) = -1 EAGAIN (Try again)
24249 1784070562.476388 recvfrom(61, 0x71fb447820, 2272, MSG_DONTWAIT, NULL, NULL) = -1 EAGAIN (Try again)
24644 1784070562.497640 sendmsg(71, {msg_name=NULL, msg_namelen=0, msg_iov=[{iov_base="l\1\1\1\344\0\0\0\253\1\0\0\235\0\0\0\1\1o\0;\0\0\0/re/frid"..., iov_len=404}], msg_iovlen=1, msg_controllen=0, msg_flags=0}, MSG_NOSIGNAL) = 404
24644 1784070562.854332 sendmsg(71, {msg_name=NULL, msg_namelen=0, msg_iov=[{iov_base="l\1\1\1\344\0\0\0\254\1\0\0\235\0\0\0\1\1o\0;\0\0\0/re/frid"..., iov_len=404}], msg_iovlen=1, msg_controllen=0, msg_flags=0}, MSG_NOSIGNAL) = 404
24249 1784070562.860551 recvfrom(38, 0x7ff90a9de0, 3200, MSG_DONTWAIT, NULL, NULL) = -1 EAGAIN (Try again)
24249 1784070562.870089 recvfrom(38, "nysv\0\0\0\0\0\0\0\0\0\0\0\0\314\240R\352c\1\0\0\257b\1\0\0\0\0\0", 3200, MSG_DONTWAIT, NULL, NULL) = 32
24249 1784070562.870309 recvfrom(38, 0x7ff90aa020, 3200, MSG_DONTWAIT, NULL, NULL) = -1 EAGAIN (Try again)
24249 1784070562.870684 recvfrom(61, 0x71fb447820, 2272, MSG_DONTWAIT, NULL, NULL) = -1 EAGAIN (Try again)
24249 1784070562.964094 recvfrom(38, 0x7ff90a9de0, 3200, MSG_DONTWAIT, NULL, NULL) = -1 EAGAIN (Try again)
24249 1784070562.969727 recvfrom(38, "nysv\0\0\0\0\0\0\0\0\0\0\0\0W\360G\360c\1\0\0\265b\1\0\0\0\0\0", 3200, MSG_DONTWAIT, NULL, NULL) = 32
24249 1784070562.969920 recvfrom(38, 0x7ff90aa020, 3200, MSG_DONTWAIT, NULL, NULL) = -1 EAGAIN (Try again)
24249 1784070562.970268 recvfrom(61, 0x71fb447820, 2272, MSG_DONTWAIT, NULL, NULL) = -1 EAGAIN (Try again)
24249 1784070563.470852 recvfrom(38, 0x7ff90a9de0, 3200, MSG_DONTWAIT, NULL, NULL) = -1 EAGAIN (Try again)
24249 1784070563.486212 recvfrom(38, "nysv\0\0\0\0\0\0\0\0\0\0\0\0\230\r\24\17d\1\0\0\324b\1\0\0\0\0\0", 3200, MSG_DONTWAIT, NULL, NULL) = 32
24249 1784070563.486390 recvfrom(38, 0x7ff90aa020, 3200, MSG_DONTWAIT, NULL, NULL) = -1 EAGAIN (Try again)
24249 1784070563.486709 recvfrom(61, 0x71fb447820, 2272, MSG_DONTWAIT, NULL, NULL) = -1 EAGAIN (Try again)
24644 1784070563.496732 sendmsg(71, {msg_name=NULL, msg_namelen=0, msg_iov=[{iov_base="l\1\1\1\344\0\0\0\255\1\0\0\235\0\0\0\1\1o\0;\0\0\0/re/frid"..., iov_len=404}], msg_iovlen=1, msg_controllen=0, msg_flags=0}, MSG_NOSIGNAL) = 404
24644 1784070563.821586 sendmsg(71, {msg_name=NULL, msg_namelen=0, msg_iov=[{iov_base="l\1\1\1\344\0\0\0\256\1\0\0\235\0\0\0\1\1o\0;\0\0\0/re/frid"..., iov_len=404}], msg_iovlen=1, msg_controllen=0, msg_flags=0}, MSG_NOSIGNAL) = 404
24249 1784070563.823012 recvfrom(38, 0x7ff90a9de0, 3200, MSG_DONTWAIT, NULL, NULL) = -1 EAGAIN (Try again)
24249 1784070563.836824 recvfrom(38, "nysv\0\0\0\0\0\0\0\0\0\0\0\0\320#\360#d\1\0\0\351b\1\0\0\0\0\0", 3200, MSG_DONTWAIT, NULL, NULL) = 32
24249 1784070563.837068 recvfrom(38, 0x7ff90aa020, 3200, MSG_DONTWAIT, NULL, NULL) = -1 EAGAIN (Try again)
24249 1784070563.837520 recvfrom(61, 0x71fb447820, 2272, MSG_DONTWAIT, NULL, NULL) = -1 EAGAIN (Try again)
24249 1784070563.973491 recvfrom(38, 0x7ff90a9de0, 3200, MSG_DONTWAIT, NULL, NULL) = -1 EAGAIN (Try again)
24249 1784070563.991362 recvfrom(38, "nysv\0\0\0\0\0\0\0\0\0\0\0\0007\272\340,d\1\0\0\362b\1\0\0\0\0\0", 3200, MSG_DONTWAIT, NULL, NULL) = 32
24249 1784070563.991783 recvfrom(38, 0x7ff90aa020, 3200, MSG_DONTWAIT, NULL, NULL) = -1 EAGAIN (Try again)
24249 1784070563.992584 recvfrom(61, 0x71fb447820, 2272, MSG_DONTWAIT, NULL, NULL) = -1 EAGAIN (Try again)
24249 1784070564.476309 recvfrom(38, 0x7ff90a9de0, 3200, MSG_DONTWAIT, NULL, NULL) = -1 EAGAIN (Try again)
24249 1784070564.487260 recvfrom(38, "nysv\0\0\0\0\0\0\0\0\0\0\0\0\310*\256Jd\1\0\0\20c\1\0\0\0\0\0", 3200, MSG_DONTWAIT, NULL, NULL) = 32
24249 1784070564.488097 recvfrom(38, 0x7ff90aa020, 3200, MSG_DONTWAIT, NULL, NULL) = -1 EAGAIN (Try again)
24249 1784070564.490013 recvfrom(61, 0x71fb447820, 2272, MSG_DONTWAIT, NULL, NULL) = -1 EAGAIN (Try again)
24644 1784070564.516211 sendmsg(71, {msg_name=NULL, msg_namelen=0, msg_iov=[{iov_base="l\1\1\1\344\0\0\0\257\1\0\0\235\0\0\0\1\1o\0;\0\0\0/re/frid"..., iov_len=404}], msg_iovlen=1, msg_controllen=0, msg_flags=0}, MSG_NOSIGNAL) = 404
24644 1784070564.866919 sendmsg(71, {msg_name=NULL, msg_namelen=0, msg_iov=[{iov_base="l\1\1\1\344\0\0\0\260\1\0\0\235\0\0\0\1\1o\0;\0\0\0/re/frid"..., iov_len=404}], msg_iovlen=1, msg_controllen=0, msg_flags=0}, MSG_NOSIGNAL) = 404
24249 1784070564.868289 recvfrom(38, 0x7ff90a9de0, 3200, MSG_DONTWAIT, NULL, NULL) = -1 EAGAIN (Try again)
24249 1784070564.870161 recvfrom(38, "nysv\0\0\0\0\0\0\0\0\0\0\0\0\364\362\207ad\1\0\0'c\1\0\0\0\0\0", 3200, MSG_DONTWAIT, NULL, NULL) = 32
24249 1784070564.870339 recvfrom(38, 0x7ff90aa020, 3200, MSG_DONTWAIT, NULL, NULL) = -1 EAGAIN (Try again)
24249 1784070564.870510 recvfrom(61, 0x71fb447820, 2272, MSG_DONTWAIT, NULL, NULL) = -1 EAGAIN (Try again)
24249 1784070564.948926 recvfrom(38, 0x7ff90a8900, 3200, MSG_DONTWAIT, NULL, NULL) = -1 EAGAIN (Try again)
24249 1784070564.952531 recvfrom(38, "nysv\0\0\0\0\0\0\0\0\0\0\0\0y\345\200fd\1\0\0,c\1\0\0\0\0\0", 3200, MSG_DONTWAIT, NULL, NULL) = 32
24249 1784070564.952715 recvfrom(38, 0x7ff90aa020, 3200, MSG_DONTWAIT, NULL, NULL) = -1 EAGAIN (Try again)
24249 1784070564.953042 recvfrom(61, 0x71fb447820, 2272, MSG_DONTWAIT, NULL, NULL) = -1 EAGAIN (Try again)
24644 1784070565.458759 sendmsg(71, {msg_name=NULL, msg_namelen=0, msg_iov=[{iov_base="l\1\1\1\344\0\0\0\261\1\0\0\235\0\0\0\1\1o\0;\0\0\0/re/frid"..., iov_len=404}], msg_iovlen=1, msg_controllen=0, msg_flags=0}, MSG_NOSIGNAL) = 404
24249 1784070565.461451 recvfrom(38, 0x7ff90a9de0, 3200, MSG_DONTWAIT, NULL, NULL) = -1 EAGAIN (Try again)
24249 1784070565.470551 recvfrom(38, "nysv\0\0\0\0\0\0\0\0\0\0\0\0\321\230J\205d\1\0\0Kc\1\0\0\0\0\0", 3200, MSG_DONTWAIT, NULL, NULL) = 32
24249 1784070565.470900 recvfrom(38, 0x7ff90aa020, 3200, MSG_DONTWAIT, NULL, NULL) = -1 EAGAIN (Try again)
24249 1784070565.471370 recvfrom(61, 0x71fb447820, 2272, MSG_DONTWAIT, NULL, NULL) = -1 EAGAIN (Try again)
24644 1784070565.503070 sendmsg(71, {msg_name=NULL, msg_namelen=0, msg_iov=[{iov_base="l\1\1\1\344\0\0\0\262\1\0\0\235\0\0\0\1\1o\0;\0\0\0/re/frid"..., iov_len=404}], msg_iovlen=1, msg_controllen=0, msg_flags=0}, MSG_NOSIGNAL) = 404
24644 1784070565.833554 sendmsg(71, {msg_name=NULL, msg_namelen=0, msg_iov=[{iov_base="l\1\1\1\344\0\0\0\263\1\0\0\235\0\0\0\1\1o\0;\0\0\0/re/frid"..., iov_len=404}], msg_iovlen=1, msg_controllen=0, msg_flags=0}, MSG_NOSIGNAL) = 404
24249 1784070565.836483 recvfrom(38, 0x7ff90a9de0, 3200, MSG_DONTWAIT, NULL, NULL) = -1 EAGAIN (Try again)
24249 1784070565.852789 recvfrom(38, "nysv\0\0\0\0\0\0\0\0\0\0\0\0\247`$\234d\1\0\0ac\1\0\0\0\0\0", 3200, MSG_DONTWAIT, NULL, NULL) = 32
24249 1784070565.853135 recvfrom(38, 0x7ff90aa020, 3200, MSG_DONTWAIT, NULL, NULL) = -1 EAGAIN (Try again)
24249 1784070565.853783 recvfrom(61, 0x71fb447820, 2272, MSG_DONTWAIT, NULL, NULL) = -1 EAGAIN (Try again)
24249 1784070565.965756 recvfrom(38, 0x7ff90a9de0, 3200, MSG_DONTWAIT, NULL, NULL) = -1 EAGAIN (Try again)
24249 1784070565.970662 recvfrom(38, "nysv\0\0\0\0\0\0\0\0\0\0\0\0\275\375\27\243d\1\0\0hc\1\0\0\0\0\0", 3200, MSG_DONTWAIT, NULL, NULL) = 32
24249 1784070565.971057 recvfrom(38, 0x7ff90aa020, 3200, MSG_DONTWAIT, NULL, NULL) = -1 EAGAIN (Try again)
24249 1784070565.971796 recvfrom(61, 0x71fb447820, 2272, MSG_DONTWAIT, NULL, NULL) = -1 EAGAIN (Try again)
24249 1784070566.471337 recvfrom(38, 0x7ff90a9de0, 3200, MSG_DONTWAIT, NULL, NULL) = -1 EAGAIN (Try again)
24249 1784070566.490818 recvfrom(38, "nysv\0\0\0\0\0\0\0\0\0\0\0\0\323\262\343\301d\1\0\0\207c\1\0\0\0\0\0", 3200, MSG_DONTWAIT, NULL, NULL) = 32
24249 1784070566.491955 recvfrom(38, 0x7ff90aa020, 3200, MSG_DONTWAIT, NULL, NULL) = -1 EAGAIN (Try again)
24249 1784070566.493134 recvfrom(61, 0x71fb447820, 2272, MSG_DONTWAIT, NULL, NULL) = -1 EAGAIN (Try again)
24644 1784070566.537071 sendmsg(71, {msg_name=NULL, msg_namelen=0, msg_iov=[{iov_base="l\1\1\1\344\0\0\0\264\1\0\0\235\0\0\0\1\1o\0;\0\0\0/re/frid"..., iov_len=404}], msg_iovlen=1, msg_controllen=0, msg_flags=0}, MSG_NOSIGNAL) = 404
24644 1784070566.884237 sendmsg(71, {msg_name=NULL, msg_namelen=0, msg_iov=[{iov_base="l\1\1\1\344\0\0\0\265\1\0\0\235\0\0\0\1\1o\0;\0\0\0/re/frid"..., iov_len=404}], msg_iovlen=1, msg_controllen=0, msg_flags=0}, MSG_NOSIGNAL) = 404
24249 1784070566.884488 recvfrom(38, 0x7ff90a9de0, 3200, MSG_DONTWAIT, NULL, NULL) = -1 EAGAIN (Try again)
24249 1784070566.886434 recvfrom(38, "nysv\0\0\0\0\0\0\0\0\0\0\0\0\343\v\274\331d\1\0\0\237c\1\0\0\0\0\0", 3200, MSG_DONTWAIT, NULL, NULL) = 32
24249 1784070566.886772 recvfrom(38, 0x7ff90aa020, 3200, MSG_DONTWAIT, NULL, NULL) = -1 EAGAIN (Try again)
24249 1784070566.887111 recvfrom(61, 0x71fb447820, 2272, MSG_DONTWAIT, NULL, NULL) = -1 EAGAIN (Try again)
24249 1784070566.973470 recvfrom(38, 0x7ff90a9de0, 3200, MSG_DONTWAIT, NULL, NULL) = -1 EAGAIN (Try again)
24249 1784070566.988545 recvfrom(38, "nysv\0\0\0\0\0\0\0\0\0\0\0\0\277\27\261\337d\1\0\0\245c\1\0\0\0\0\0", 3200, MSG_DONTWAIT, NULL, NULL) = 32
24249 1784070566.988826 recvfrom(38, 0x7ff90aa020, 3200, MSG_DONTWAIT, NULL, NULL) = -1 EAGAIN (Try again)
24249 1784070566.989266 recvfrom(61, 0x71fb447820, 2272, MSG_DONTWAIT, NULL, NULL) = -1 EAGAIN (Try again)
24249 1784070567.476114 recvfrom(38, 0x7ff90a9de0, 3200, MSG_DONTWAIT, NULL, NULL) = -1 EAGAIN (Try again)
24249 1784070567.486841 recvfrom(38, "nysv\0\0\0\0\0\0\0\0\0\0\0\0a1\200\375d\1\0\0\302c\1\0\0\0\0\0", 3200, MSG_DONTWAIT, NULL, NULL) = 32
24249 1784070567.487041 recvfrom(38, 0x7ff90aa020, 3200, MSG_DONTWAIT, NULL, NULL) = -1 EAGAIN (Try again)
24249 1784070567.487361 recvfrom(61, 0x71fb447820, 2272, MSG_DONTWAIT, NULL, NULL) = -1 EAGAIN (Try again)
24644 1784070567.512177 sendmsg(71, {msg_name=NULL, msg_namelen=0, msg_iov=[{iov_base="l\1\1\1\344\0\0\0\266\1\0\0\235\0\0\0\1\1o\0;\0\0\0/re/frid"..., iov_len=404}], msg_iovlen=1, msg_controllen=0, msg_flags=0}, MSG_NOSIGNAL) = 404
24249 1784070567.849365 recvfrom(38, 0x7ff90a9de0, 3200, MSG_DONTWAIT, NULL, NULL) = -1 EAGAIN (Try again)
24644 1784070567.851246 sendmsg(71, {msg_name=NULL, msg_namelen=0, msg_iov=[{iov_base="l\1\1\1\344\0\0\0\267\1\0\0\235\0\0\0\1\1o\0;\0\0\0/re/frid"..., iov_len=404}], msg_iovlen=1, msg_controllen=0, msg_flags=0}, MSG_NOSIGNAL) = 404
24249 1784070567.854220 recvfrom(38, "nysv\0\0\0\0\0\0\0\0\0\0\0\0007\244Y\23e\1\0\0\330c\1\0\0\0\0\0", 3200, MSG_DONTWAIT, NULL, NULL) = 32
24249 1784070567.854570 recvfrom(38, 0x7ff90aa020, 3200, MSG_DONTWAIT, NULL, NULL) = -1 EAGAIN (Try again)
24249 1784070567.854894 recvfrom(61, 0x71fb447820, 2272, MSG_DONTWAIT, NULL, NULL) = -1 EAGAIN (Try again)
24249 1784070567.978652 recvfrom(38, 0x7ff90a9de0, 3200, MSG_DONTWAIT, NULL, NULL) = -1 EAGAIN (Try again)
24249 1784070567.988801 recvfrom(38, "nysv\0\0\0\0\0\0\0\0\0\0\0\0\227\341K\33e\1\0\0\340c\1\0\0\0\0\0", 3200, MSG_DONTWAIT, NULL, NULL) = 32
24249 1784070567.989038 recvfrom(38, 0x7ff90aa020, 3200, MSG_DONTWAIT, NULL, NULL) = -1 EAGAIN (Try again)
24249 1784070567.989417 recvfrom(61, 0x71fb447820, 2272, MSG_DONTWAIT, NULL, NULL) = -1 EAGAIN (Try again)
24249 1784070568.482902 recvfrom(38, 0x7ff90a9de0, 3200, MSG_DONTWAIT, NULL, NULL) = -1 EAGAIN (Try again)
24249 1784070568.487390 recvfrom(38, "nysv\0\0\0\0\0\0\0\0\0\0\0\0\357S\319e\1\0\0\376c\1\0\0\0\0\0", 3200, MSG_DONTWAIT, NULL, NULL) = 32
24249 1784070568.488734 recvfrom(38, 0x7ff90aa020, 3200, MSG_DONTWAIT, NULL, NULL) = -1 EAGAIN (Try again)
24249 1784070568.489381 recvfrom(61, 0x71fb447820, 2272, MSG_DONTWAIT, NULL, NULL) = -1 EAGAIN (Try again)
24644 1784070568.544867 sendmsg(71, {msg_name=NULL, msg_namelen=0, msg_iov=[{iov_base="l\1\1\1\344\0\0\0\270\1\0\0\235\0\0\0\1\1o\0;\0\0\0/re/frid"..., iov_len=404}], msg_iovlen=1, msg_controllen=0, msg_flags=0}, MSG_NOSIGNAL) = 404
24249 1784070568.898576 recvfrom(38, 0x7ff90a9de0, 3200, MSG_DONTWAIT, NULL, NULL) = -1 EAGAIN (Try again)
24644 1784070568.898920 sendmsg(71, {msg_name=NULL, msg_namelen=0, msg_iov=[{iov_base="l\1\1\1\344\0\0\0\271\1\0\0\235\0\0\0\1\1o\0;\0\0\0/re/frid"..., iov_len=404}], msg_iovlen=1, msg_controllen=0, msg_flags=0}, MSG_NOSIGNAL) = 404
24249 1784070568.902793 recvfrom(38, "nysv\0\0\0\0\0\0\0\0\0\0\0\0z\362\357Qe\1\0\0\27d\1\0\0\0\0\0", 3200, MSG_DONTWAIT, NULL, NULL) = 32
24249 1784070568.903169 recvfrom(38, 0x7ff90aa020, 3200, MSG_DONTWAIT, NULL, NULL) = -1 EAGAIN (Try again)
24249 1784070568.903619 recvfrom(61, 0x71fb447820, 2272, MSG_DONTWAIT, NULL, NULL) = -1 EAGAIN (Try again)
24249 1784070568.973706 recvfrom(38, 0x7ff90a8900, 3200, MSG_DONTWAIT, NULL, NULL) = -1 EAGAIN (Try again)
24249 1784070568.986698 recvfrom(38, "nysv\0\0\0\0\0\0\0\0\0\0\0\0:\376\350Ve\1\0\0\34d\1\0\0\0\0\0", 3200, MSG_DONTWAIT, NULL, NULL) = 32
24249 1784070568.986881 recvfrom(38, 0x7ff90aa020, 3200, MSG_DONTWAIT, NULL, NULL) = -1 EAGAIN (Try again)
24249 1784070568.990012 recvfrom(61, 0x71fb447820, 2272, MSG_DONTWAIT, NULL, NULL) = -1 EAGAIN (Try again)
24644 1784070569.483976 sendmsg(71, {msg_name=NULL, msg_namelen=0, msg_iov=[{iov_base="l\1\1\1\344\0\0\0\272\1\0\0\235\0\0\0\1\1o\0;\0\0\0/re/frid"..., iov_len=404}], msg_iovlen=1, msg_controllen=0, msg_flags=0}, MSG_NOSIGNAL) = 404
24249 1784070569.486778 recvfrom(38, 0x7ff90a9de0, 3200, MSG_DONTWAIT, NULL, NULL) = -1 EAGAIN (Try again)
24249 1784070569.503397 recvfrom(38, "nysv\0\0\0\0\0\0\0\0\0\0\0\0\374\36\263ue\1\0\0;d\1\0\0\0\0\0", 3200, MSG_DONTWAIT, NULL, NULL) = 32
24249 1784070569.503794 recvfrom(38, 0x7ff90aa020, 3200, MSG_DONTWAIT, NULL, NULL) = -1 EAGAIN (Try again)
24249 1784070569.504592 recvfrom(61, 0x71fb447820, 2272, MSG_DONTWAIT, NULL, NULL) = -1 EAGAIN (Try again)
24644 1784070569.522714 sendmsg(71, {msg_name=NULL, msg_namelen=0, msg_iov=[{iov_base="l\1\1\1\344\0\0\0\273\1\0\0\235\0\0\0\1\1o\0;\0\0\0/re/frid"..., iov_len=404}], msg_iovlen=1, msg_controllen=0, msg_flags=0}, MSG_NOSIGNAL) = 404
24644 1784070569.865627 sendmsg(71, {msg_name=NULL, msg_namelen=0, msg_iov=[{iov_base="l\1\1\1\344\0\0\0\274\1\0\0\235\0\0\0\1\1o\0;\0\0\0/re/frid"..., iov_len=404}], msg_iovlen=1, msg_controllen=0, msg_flags=0}, MSG_NOSIGNAL) = 404
24249 1784070569.866922 recvfrom(38, 0x7ff90a9de0, 3200, MSG_DONTWAIT, NULL, NULL) = -1 EAGAIN (Try again)
24249 1784070569.870292 recvfrom(38, "nysv\0\0\0\0\0\0\0\0\0\0\0\0\330\221\215\213e\1\0\0Qd\1\0\0\0\0\0", 3200, MSG_DONTWAIT, NULL, NULL) = 32
24249 1784070569.870648 recvfrom(38, 0x7ff90aa020, 3200, MSG_DONTWAIT, NULL, NULL) = -1 EAGAIN (Try again)
24249 1784070569.870969 recvfrom(61, 0x71fb447820, 2272, MSG_DONTWAIT, NULL, NULL) = -1 EAGAIN (Try again)
24249 1784070569.990736 recvfrom(38, 0x7ff90a9de0, 3200, MSG_DONTWAIT, NULL, NULL) = -1 EAGAIN (Try again)
24249 1784070570.004908 recvfrom(38, "nysv\0\0\0\0\0\0\0\0\0\0\0\0q\305\177\223e\1\0\0Yd\1\0\0\0\0\0", 3200, MSG_DONTWAIT, NULL, NULL) = 32
24249 1784070570.005248 recvfrom(38, 0x7ff90aa020, 3200, MSG_DONTWAIT, NULL, NULL) = -1 EAGAIN (Try again)
24249 1784070570.005853 recvfrom(61, 0x71fb447820, 2272, MSG_DONTWAIT, NULL, NULL) = -1 EAGAIN (Try again)
24249 1784070570.493853 recvfrom(38, 0x7ff90a9de0, 3200, MSG_DONTWAIT, NULL, NULL) = -1 EAGAIN (Try again)
24249 1784070570.509251 recvfrom(38, "nysv\0\0\0\0\0\0\0\0\0\0\0\0]*M\261e\1\0\0vd\1\0\0\0\0\0", 3200, MSG_DONTWAIT, NULL, NULL) = 32
24249 1784070570.509514 recvfrom(38, 0x7ff90aa020, 3200, MSG_DONTWAIT, NULL, NULL) = -1 EAGAIN (Try again)
24249 1784070570.509914 recvfrom(61, 0x71fb447820, 2272, MSG_DONTWAIT, NULL, NULL) = -1 EAGAIN (Try again)
24644 1784070570.550901 sendmsg(71, {msg_name=NULL, msg_namelen=0, msg_iov=[{iov_base="l\1\1\1\344\0\0\0\275\1\0\0\235\0\0\0\1\1o\0;\0\0\0/re/frid"..., iov_len=404}], msg_iovlen=1, msg_controllen=0, msg_flags=0}, MSG_NOSIGNAL) = 404
24249 1784070570.913909 recvfrom(38,  <unfinished ...>
24644 1784070570.914008 sendmsg(71, {msg_name=NULL, msg_namelen=0, msg_iov=[{iov_base="l\1\1\1\344\0\0\0\276\1\0\0\235\0\0\0\1\1o\0;\0\0\0/re/frid"..., iov_len=404}], msg_iovlen=1, msg_controllen=0, msg_flags=0}, MSG_NOSIGNAL) = 404
24249 1784070570.914122 <... recvfrom resumed> 0x7ff90a9de0, 3200, MSG_DONTWAIT, NULL, NULL) = -1 EAGAIN (Try again)
24249 1784070570.920559 recvfrom(38, "nysv\0\0\0\0\0\0\0\0\0\0\0\0\337p#\312e\1\0\0\217d\1\0\0\0\0\0", 3200, MSG_DONTWAIT, NULL, NULL) = 32
24249 1784070570.920912 recvfrom(38, 0x7ff90aa020, 3200, MSG_DONTWAIT, NULL, NULL) = -1 EAGAIN (Try again)
24249 1784070570.921676 recvfrom(61, 0x71fb447820, 2272, MSG_DONTWAIT, NULL, NULL) = -1 EAGAIN (Try again)
24249 1784070570.997608 recvfrom(38, 0x7ff90a9de0, 3200, MSG_DONTWAIT, NULL, NULL) = -1 EAGAIN (Try again)
24249 1784070571.004490 recvfrom(38, "nysv\0\0\0\0\0\0\0\0\0\0\0\0\347\22\33\317e\1\0\0\224d\1\0\0\0\0\0", 3200, MSG_DONTWAIT, NULL, NULL) = 32
24249 1784070571.004710 recvfrom(38, 0x7ff90aa020, 3200, MSG_DONTWAIT, NULL, NULL) = -1 EAGAIN (Try again)
24249 1784070571.005092 recvfrom(61, 0x71fb447820, 2272, MSG_DONTWAIT, NULL, NULL) = -1 EAGAIN (Try again)
24269 1784070571.364770 clone(child_stack=0x71033e3d40, flags=CLONE_VM|CLONE_FS|CLONE_FILES|CLONE_SIGHAND|CLONE_THREAD|CLONE_SYSVSEM|CLONE_SETTLS|CLONE_PARENT_SETTID|CLONE_CHILD_CLEARTID, parent_tidptr=0x71033e3d60, tls=0x71033e4020, child_tidptr=0x71033e3d60) = 26868
26868 1784070571.368550 openat(AT_FDCWD, "/proc/26868/timerslack_ns", O_WRONLY|O_CREAT|O_TRUNC|O_NOFOLLOW|O_CLOEXEC, 0666) = 56
24249 1784070571.499330 recvfrom(38, 0x7ff90a9de0, 3200, MSG_DONTWAIT, NULL, NULL) = -1 EAGAIN (Try again)
24249 1784070571.502395 recvfrom(38, "nysv\0\0\0\0\0\0\0\0\0\0\0\0\1\n\351\354e\1\0\0\262d\1\0\0\0\0\0", 3200, MSG_DONTWAIT, NULL, NULL) = 32
24249 1784070571.502677 recvfrom(38, 0x7ff90aa020, 3200, MSG_DONTWAIT, NULL, NULL) = -1 EAGAIN (Try again)
24249 1784070571.502999 recvfrom(61, 0x71fb447820, 2272, MSG_DONTWAIT, NULL, NULL) = -1 EAGAIN (Try again)
24644 1784070571.531575 sendmsg(71, {msg_name=NULL, msg_namelen=0, msg_iov=[{iov_base="l\1\1\1\344\0\0\0\277\1\0\0\235\0\0\0\1\1o\0;\0\0\0/re/frid"..., iov_len=404}], msg_iovlen=1, msg_controllen=0, msg_flags=0}, MSG_NOSIGNAL) = 404
24644 1784070571.879256 sendmsg(71, {msg_name=NULL, msg_namelen=0, msg_iov=[{iov_base="l\1\1\1\344\0\0\0\300\1\0\0\235\0\0\0\1\1o\0;\0\0\0/re/frid"..., iov_len=404}], msg_iovlen=1, msg_controllen=0, msg_flags=0}, MSG_NOSIGNAL) = 404
24249 1784070571.881734 recvfrom(38, 0x7ff90a9de0, 3200, MSG_DONTWAIT, NULL, NULL) = -1 EAGAIN (Try again)
24249 1784070571.885940 recvfrom(38, "nysv\0\0\0\0\0\0\0\0\0\0\0\0.s\301\3f\1\0\0\310d\1\0\0\0\0\0", 3200, MSG_DONTWAIT, NULL, NULL) = 32
24249 1784070571.886261 recvfrom(38, 0x7ff90aa020, 3200, MSG_DONTWAIT, NULL, NULL) = -1 EAGAIN (Try again)
24249 1784070571.886907 recvfrom(61, 0x71fb447820, 2272, MSG_DONTWAIT, NULL, NULL) = -1 EAGAIN (Try again)
24249 1784070572.000742 recvfrom(38, 0x7ff90a9de0, 3200, MSG_DONTWAIT, NULL, NULL) = -1 EAGAIN (Try again)
24249 1784070572.003432 recvfrom(38, "nysv\0\0\0\0\0\0\0\0\0\0\0\0\324\207\265\nf\1\0\0\317d\1\0\0\0\0\0", 3200, MSG_DONTWAIT, NULL, NULL) = 32
24249 1784070572.003758 recvfrom(38, 0x7ff90aa020, 3200, MSG_DONTWAIT, NULL, NULL) = -1 EAGAIN (Try again)
24249 1784070572.004390 recvfrom(61, 0x71fb447820, 2272, MSG_DONTWAIT, NULL, NULL) = -1 EAGAIN (Try again)
24249 1784070572.504442 recvfrom(38, 0x7ff90a9de0, 3200, MSG_DONTWAIT, NULL, NULL) = -1 EAGAIN (Try again)
24249 1784070572.520766 recvfrom(38, "nysv\0\0\0\0\0\0\0\0\0\0\0\0!\31\201)f\1\0\0\355d\1\0\0\0\0\0", 3200, MSG_DONTWAIT, NULL, NULL) = 32
24249 1784070572.521640 recvfrom(38, 0x7ff90aa020, 3200, MSG_DONTWAIT, NULL, NULL) = -1 EAGAIN (Try again)
24249 1784070572.522539 recvfrom(61, 0x71fb447820, 2272, MSG_DONTWAIT, NULL, NULL) = -1 EAGAIN (Try again)
24644 1784070572.562845 sendmsg(71, {msg_name=NULL, msg_namelen=0, msg_iov=[{iov_base="l\1\1\1\344\0\0\0\301\1\0\0\235\0\0\0\1\1o\0;\0\0\0/re/frid"..., iov_len=404}], msg_iovlen=1, msg_controllen=0, msg_flags=0}, MSG_NOSIGNAL) = 404
24644 1784070572.931315 sendmsg(71, {msg_name=NULL, msg_namelen=0, msg_iov=[{iov_base="l\1\1\1\344\0\0\0\302\1\0\0\235\0\0\0\1\1o\0;\0\0\0/re/frid"..., iov_len=404}], msg_iovlen=1, msg_controllen=0, msg_flags=0}, MSG_NOSIGNAL) = 404
24249 1784070572.932915 recvfrom(38, 0x7ff90a9de0, 3200, MSG_DONTWAIT, NULL, NULL) = -1 EAGAIN (Try again)
24249 1784070572.937673 recvfrom(38, "nysv\0\0\0\0\0\0\0\0\0\0\0\0n\271WBf\1\0\0\6e\1\0\0\0\0\0", 3200, MSG_DONTWAIT, NULL, NULL) = 32
24249 1784070572.937907 recvfrom(38, 0x7ff90aa020, 3200, MSG_DONTWAIT, NULL, NULL) = -1 EAGAIN (Try again)
24249 1784070572.938242 recvfrom(61, 0x71fb447820, 2272, MSG_DONTWAIT, NULL, NULL) = -1 EAGAIN (Try again)
24249 1784070573.005901 recvfrom(38, 0x7ff90a9de0, 3200, MSG_DONTWAIT, NULL, NULL) = -1 EAGAIN (Try again)
24249 1784070573.020275 recvfrom(38, "nysv\0\0\0\0\0\0\0\0\0\0\0\0&]OGf\1\0\0\ve\1\0\0\0\0\0", 3200, MSG_DONTWAIT, NULL, NULL) = 32
24249 1784070573.020466 recvfrom(38, 0x7ff90aa020, 3200, MSG_DONTWAIT, NULL, NULL) = -1 EAGAIN (Try again)
24249 1784070573.020843 recvfrom(61, 0x71fb447820, 2272, MSG_DONTWAIT, NULL, NULL) = -1 EAGAIN (Try again)
24249 1784070573.508404 recvfrom(38, 0x7ff90a9de0, 3200, MSG_DONTWAIT, NULL, NULL) = -1 EAGAIN (Try again)
24249 1784070573.521354 recvfrom(38, "nysv\0\0\0\0\0\0\0\0\0\0\0\0\17\330\33ef\1\0\0)e\1\0\0\0\0\0", 3200, MSG_DONTWAIT, NULL, NULL) = 32
24249 1784070573.521814 recvfrom(38, 0x7ff90aa020, 3200, MSG_DONTWAIT, NULL, NULL) = -1 EAGAIN (Try again)
24249 1784070573.522769 recvfrom(61, 0x71fb447820, 2272, MSG_DONTWAIT, NULL, NULL) = -1 EAGAIN (Try again)
24644 1784070573.545698 sendmsg(71, {msg_name=NULL, msg_namelen=0, msg_iov=[{iov_base="l\1\1\1\344\0\0\0\303\1\0\0\235\0\0\0\1\1o\0;\0\0\0/re/frid"..., iov_len=404}], msg_iovlen=1, msg_controllen=0, msg_flags=0}, MSG_NOSIGNAL) = 404
24249 1784070573.891555 recvfrom(38,  <unfinished ...>
24644 1784070573.891747 sendmsg(71, {msg_name=NULL, msg_namelen=0, msg_iov=[{iov_base="l\1\1\1\344\0\0\0\304\1\0\0\235\0\0\0\1\1o\0;\0\0\0/re/frid"..., iov_len=404}], msg_iovlen=1, msg_controllen=0, msg_flags=0}, MSG_NOSIGNAL) = 404
24249 1784070573.891874 <... recvfrom resumed> 0x7ff90a9de0, 3200, MSG_DONTWAIT, NULL, NULL) = -1 EAGAIN (Try again)
24249 1784070573.907308 recvfrom(38, "nysv\0\0\0\0\0\0\0\0\0\0\0\0\325\v\365{f\1\0\0@e\1\0\0\0\0\0", 3200, MSG_DONTWAIT, NULL, NULL) = 32
24249 1784070573.907595 recvfrom(38, 0x7ff90aa020, 3200, MSG_DONTWAIT, NULL, NULL) = -1 EAGAIN (Try again)
24249 1784070573.908202 recvfrom(61, 0x71fb447820, 2272, MSG_DONTWAIT, NULL, NULL) = -1 EAGAIN (Try again)
24249 1784070574.012782 recvfrom(38, 0x7ff90a9de0, 3200, MSG_DONTWAIT, NULL, NULL) = -1 EAGAIN (Try again)
24249 1784070574.025010 recvfrom(38, "nysv\0\0\0\0\0\0\0\0\0\0\0\0\373<\351\202f\1\0\0Ge\1\0\0\0\0\0", 3200, MSG_DONTWAIT, NULL, NULL) = 32
24249 1784070574.025306 recvfrom(38, 0x7ff90aa020, 3200, MSG_DONTWAIT, NULL, NULL) = -1 EAGAIN (Try again)
24249 1784070574.025874 recvfrom(61, 0x71fb447820, 2272, MSG_DONTWAIT, NULL, NULL) = -1 EAGAIN (Try again)
24249 1784070574.515865 recvfrom(38, 0x7ff90a9de0, 3200, MSG_DONTWAIT, NULL, NULL) = -1 EAGAIN (Try again)
24249 1784070574.520044 recvfrom(38, "nysv\0\0\0\0\0\0\0\0\0\0\0\0l\274\266\240f\1\0\0ee\1\0\0\0\0\0", 3200, MSG_DONTWAIT, NULL, NULL) = 32
24249 1784070574.520539 recvfrom(38, 0x7ff90aa020, 3200, MSG_DONTWAIT, NULL, NULL) = -1 EAGAIN (Try again)
24249 1784070574.521135 recvfrom(61, 0x71fb447820, 2272, MSG_DONTWAIT, NULL, NULL) = -1 EAGAIN (Try again)
24644 1784070574.577164 sendmsg(71, {msg_name=NULL, msg_namelen=0, msg_iov=[{iov_base="l\1\1\1\344\0\0\0\305\1\0\0\235\0\0\0\1\1o\0;\0\0\0/re/frid"..., iov_len=404}], msg_iovlen=1, msg_controllen=0, msg_flags=0}, MSG_NOSIGNAL) = 404
24644 1784070574.946413 sendmsg(71, {msg_name=NULL, msg_namelen=0, msg_iov=[{iov_base="l\1\1\1\344\0\0\0\306\1\0\0\235\0\0\0\1\1o\0;\0\0\0/re/frid"..., iov_len=404}], msg_iovlen=1, msg_controllen=0, msg_flags=0}, MSG_NOSIGNAL) = 404
24249 1784070574.947363 recvfrom(38, 0x7ff90a9de0, 3200, MSG_DONTWAIT, NULL, NULL) = -1 EAGAIN (Try again)
24249 1784070574.954980 recvfrom(38, "nysv\0\0\0\0\0\0\0\0\0\0\0\0+\306\212\272f\1\0\0\177e\1\0\0\0\0\0", 3200, MSG_DONTWAIT, NULL, NULL) = 32
24249 1784070574.955449 recvfrom(38, 0x7ff90aa020, 3200, MSG_DONTWAIT, NULL, NULL) = -1 EAGAIN (Try again)
24249 1784070574.956220 recvfrom(61, 0x71fb447820, 2272, MSG_DONTWAIT, NULL, NULL) = -1 EAGAIN (Try again)
24249 1784070575.021312 recvfrom(38, 0x7ff90a9de0, 3200, MSG_DONTWAIT, NULL, NULL) = -1 EAGAIN (Try again)
24249 1784070575.040393 recvfrom(38, "nysv\0\0\0\0\0\0\0\0\0\0\0\0\375V\202\277f\1\0\0\204e\1\0\0\0\0\0", 3200, MSG_DONTWAIT, NULL, NULL) = 32
24249 1784070575.040704 recvfrom(38, 0x7ff90aa020, 3200, MSG_DONTWAIT, NULL, NULL) = -1 EAGAIN (Try again)
24249 1784070575.041206 recvfrom(61, 0x71fb447820, 2272, MSG_DONTWAIT, NULL, NULL) = -1 EAGAIN (Try again)
24249 1784070575.524470 recvfrom(38, 0x7ff90a9de0, 3200, MSG_DONTWAIT, NULL, NULL) = -1 EAGAIN (Try again)
24249 1784070575.538858 recvfrom(38, "nysv\0\0\0\0\0\0\0\0\0\0\0\0\351\273O\335f\1\0\0\242e\1\0\0\0\0\0", 3200, MSG_DONTWAIT, NULL, NULL) = 32
24249 1784070575.539063 recvfrom(38, 0x7ff90aa020, 3200, MSG_DONTWAIT, NULL, NULL) = -1 EAGAIN (Try again)
24249 1784070575.539358 recvfrom(61, 0x71fb447820, 2272, MSG_DONTWAIT, NULL, NULL) = -1 EAGAIN (Try again)
24644 1784070575.563396 sendmsg(71, {msg_name=NULL, msg_namelen=0, msg_iov=[{iov_base="l\1\1\1\344\0\0\0\307\1\0\0\235\0\0\0\1\1o\0;\0\0\0/re/frid"..., iov_len=404}], msg_iovlen=1, msg_controllen=0, msg_flags=0}, MSG_NOSIGNAL) = 404
24644 1784070575.904402 sendmsg(71, {msg_name=NULL, msg_namelen=0, msg_iov=[{iov_base="l\1\1\1\344\0\0\0\310\1\0\0\235\0\0\0\1\1o\0;\0\0\0/re/frid"..., iov_len=404}], msg_iovlen=1, msg_controllen=0, msg_flags=0}, MSG_NOSIGNAL) = 404
24249 1784070575.906162 recvfrom(38, 0x7ff90a9de0, 3200, MSG_DONTWAIT, NULL, NULL) = -1 EAGAIN (Try again)
24249 1784070575.920144 recvfrom(38, "nysv\0\0\0\0\0\0\0\0\0\0\0\0y.)\364f\1\0\0\270e\1\0\0\0\0\0", 3200, MSG_DONTWAIT, NULL, NULL) = 32
24249 1784070575.920702 recvfrom(38, 0x7ff90aa020, 3200, MSG_DONTWAIT, NULL, NULL) = -1 EAGAIN (Try again)
24249 1784070575.921443 recvfrom(61, 0x71fb447820, 2272, MSG_DONTWAIT, NULL, NULL) = -1 EAGAIN (Try again)
24249 1784070576.026963 recvfrom(38, 0x7ff90a9de0, 3200, MSG_DONTWAIT, NULL, NULL) = -1 EAGAIN (Try again)
24249 1784070576.038897 recvfrom(38, "nysv\0\0\0\0\0\0\0\0\0\0\0\0\325 \35\373f\1\0\0\277e\1\0\0\0\0\0", 3200, MSG_DONTWAIT, NULL, NULL) = 32
24249 1784070576.039235 recvfrom(38, 0x7ff90aa020, 3200, MSG_DONTWAIT, NULL, NULL) = -1 EAGAIN (Try again)
24249 1784070576.039847 recvfrom(61, 0x71fb447820, 2272, MSG_DONTWAIT, NULL, NULL) = -1 EAGAIN (Try again)
24249 1784070576.532871 recvfrom(38, 0x7ff90a9de0, 3200, MSG_DONTWAIT, NULL, NULL) = -1 EAGAIN (Try again)
24249 1784070576.536621 recvfrom(38, "nysv\0\0\0\0\0\0\0\0\0\0\0\0m\314\352\30g\1\0\0\334e\1\0\0\0\0\0", 3200, MSG_DONTWAIT, NULL, NULL) = 32
24249 1784070576.536975 recvfrom(38, 0x7ff90aa020, 3200, MSG_DONTWAIT, NULL, NULL) = -1 EAGAIN (Try again)
24249 1784070576.537332 recvfrom(61, 0x71fb447820, 2272, MSG_DONTWAIT, NULL, NULL) = -1 EAGAIN (Try again)
24644 1784070576.586648 sendmsg(71, {msg_name=NULL, msg_namelen=0, msg_iov=[{iov_base="l\1\1\1\344\0\0\0\311\1\0\0\235\0\0\0\1\1o\0;\0\0\0/re/frid"..., iov_len=404}], msg_iovlen=1, msg_controllen=0, msg_flags=0}, MSG_NOSIGNAL) = 404
24644 1784070576.957783 sendmsg(71, {msg_name=NULL, msg_namelen=0, msg_iov=[{iov_base="l\1\1\1\344\0\0\0\312\1\0\0\235\0\0\0\1\1o\0;\0\0\0/re/frid"..., iov_len=404}], msg_iovlen=1, msg_controllen=0, msg_flags=0}, MSG_NOSIGNAL) = 404
24249 1784070576.959005 recvfrom(38, 0x7ff90a9de0, 3200, MSG_DONTWAIT, NULL, NULL) = -1 EAGAIN (Try again)
24249 1784070576.973654 recvfrom(38, "nysv\0\0\0\0\0\0\0\0\0\0\0\0\5\252\2762g\1\0\0\366e\1\0\0\0\0\0", 3200, MSG_DONTWAIT, NULL, NULL) = 32
24249 1784070576.974276 recvfrom(38, 0x7ff90aa020, 3200, MSG_DONTWAIT, NULL, NULL) = -1 EAGAIN (Try again)
24249 1784070576.975040 recvfrom(61, 0x71fb447820, 2272, MSG_DONTWAIT, NULL, NULL) = -1 EAGAIN (Try again)
24249 1784070577.035849 recvfrom(38, 0x7ff90a9de0, 3200, MSG_DONTWAIT, NULL, NULL) = -1 EAGAIN (Try again)
24249 1784070577.052841 recvfrom(38, "nysv\0\0\0\0\0\0\0\0\0\0\0\0i\325\2667g\1\0\0\373e\1\0\0\0\0\0", 3200, MSG_DONTWAIT, NULL, NULL) = 32
24249 1784070577.053114 recvfrom(38, 0x7ff90aa020, 3200, MSG_DONTWAIT, NULL, NULL) = -1 EAGAIN (Try again)
24249 1784070577.053606 recvfrom(61, 0x71fb447820, 2272, MSG_DONTWAIT, NULL, NULL) = -1 EAGAIN (Try again)
24249 1784070577.538407 recvfrom(38, 0x7ff90a9de0, 3200, MSG_DONTWAIT, NULL, NULL) = -1 EAGAIN (Try again)
24249 1784070577.553814 recvfrom(38, "nysv\0\0\0\0\0\0\0\0\0\0\0\0!\310\203Ug\1\0\0\31f\1\0\0\0\0\0", 3200, MSG_DONTWAIT, NULL, NULL) = 32
24249 1784070577.555305 recvfrom(38, 0x7ff90aa020, 3200, MSG_DONTWAIT, NULL, NULL) = -1 EAGAIN (Try again)
24249 1784070577.555956 recvfrom(61, 0x71fb447820, 2272, MSG_DONTWAIT, NULL, NULL) = -1 EAGAIN (Try again)
24644 1784070577.576577 sendmsg(71, {msg_name=NULL, msg_namelen=0, msg_iov=[{iov_base="l\1\1\1\344\0\0\0\313\1\0\0\235\0\0\0\1\1o\0;\0\0\0/re/frid"..., iov_len=404}], msg_iovlen=1, msg_controllen=0, msg_flags=0}, MSG_NOSIGNAL) = 404
24644 1784070577.915582 sendmsg(71, {msg_name=NULL, msg_namelen=0, msg_iov=[{iov_base="l\1\1\1\344\0\0\0\314\1\0\0\235\0\0\0\1\1o\0;\0\0\0/re/frid"..., iov_len=404}], msg_iovlen=1, msg_controllen=0, msg_flags=0}, MSG_NOSIGNAL) = 404
24249 1784070577.917342 recvfrom(38, 0x7ff90a9de0, 3200, MSG_DONTWAIT, NULL, NULL) = -1 EAGAIN (Try again)
24249 1784070577.920253 recvfrom(38, "nysv\0\0\0\0\0\0\0\0\0\0\0\0\34\230^kg\1\0\0/f\1\0\0\0\0\0", 3200, MSG_DONTWAIT, NULL, NULL) = 32
24249 1784070577.920581 recvfrom(38, 0x7ff90aa020, 3200, MSG_DONTWAIT, NULL, NULL) = -1 EAGAIN (Try again)
24249 1784070577.921238 recvfrom(61, 0x71fb447820, 2272, MSG_DONTWAIT, NULL, NULL) = -1 EAGAIN (Try again)
24249 1784070578.040324 recvfrom(38, 0x7ff90a9de0, 3200, MSG_DONTWAIT, NULL, NULL) = -1 EAGAIN (Try again)
24249 1784070578.057517 recvfrom(38, "nysv\0\0\0\0\0\0\0\0\0\0\0\0\257\4Qsg\1\0\0007f\1\0\0\0\0\0", 3200, MSG_DONTWAIT, NULL, NULL) = 32
24249 1784070578.057795 recvfrom(38, 0x7ff90aa020, 3200, MSG_DONTWAIT, NULL, NULL) = -1 EAGAIN (Try again)
24249 1784070578.058278 recvfrom(61, 0x71fb447820, 2272, MSG_DONTWAIT, NULL, NULL) = -1 EAGAIN (Try again)
24249 1784070578.544493 recvfrom(38, 0x7ff90a9de0, 3200, MSG_DONTWAIT, NULL, NULL) = -1 EAGAIN (Try again)
24249 1784070578.553541 recvfrom(38, "nysv\0\0\0\0\0\0\0\0\0\0\0\0\375\224\36\221g\1\0\0Tf\1\0\0\0\0\0", 3200, MSG_DONTWAIT, NULL, NULL) = 32
24249 1784070578.553969 recvfrom(38, 0x7ff90aa020, 3200, MSG_DONTWAIT, NULL, NULL) = -1 EAGAIN (Try again)
24249 1784070578.554729 recvfrom(61, 0x71fb447820, 2272, MSG_DONTWAIT, NULL, NULL) = -1 EAGAIN (Try again)
24644 1784070578.589503 sendmsg(71, {msg_name=NULL, msg_namelen=0, msg_iov=[{iov_base="l\1\1\1\344\0\0\0\315\1\0\0\235\0\0\0\1\1o\0;\0\0\0/re/frid"..., iov_len=404}], msg_iovlen=1, msg_controllen=0, msg_flags=0}, MSG_NOSIGNAL) = 404
24644 1784070578.970310 sendmsg(71, {msg_name=NULL, msg_namelen=0, msg_iov=[{iov_base="l\1\1\1\344\0\0\0\316\1\0\0\235\0\0\0\1\1o\0;\0\0\0/re/frid"..., iov_len=404}], msg_iovlen=1, msg_controllen=0, msg_flags=0}, MSG_NOSIGNAL) = 404
24249 1784070578.971236 recvfrom(38, 0x7ff90a9de0, 3200, MSG_DONTWAIT, NULL, NULL) = -1 EAGAIN (Try again)
24249 1784070578.990952 recvfrom(38, "nysv\0\0\0\0\0\0\0\0\0\0\0\0\337\215\362\252g\1\0\0mf\1\0\0\0\0\0", 3200, MSG_DONTWAIT, NULL, NULL) = 32
24249 1784070578.991355 recvfrom(38, 0x7ff90aa020, 3200, MSG_DONTWAIT, NULL, NULL) = -1 EAGAIN (Try again)
24249 1784070578.991981 recvfrom(61, 0x71fb447820, 2272, MSG_DONTWAIT, NULL, NULL) = -1 EAGAIN (Try again)
24249 1784070579.050549 recvfrom(38, 0x7ff90a9de0, 3200, MSG_DONTWAIT, NULL, NULL) = -1 EAGAIN (Try again)
24249 1784070579.053104 recvfrom(38, "nysv\0\0\0\0\0\0\0\0\0\0\0\0oB\354\256g\1\0\0qf\1\0\0\0\0\0", 3200, MSG_DONTWAIT, NULL, NULL) = 32
24249 1784070579.053319 recvfrom(38, 0x7ff90aa020, 3200, MSG_DONTWAIT, NULL, NULL) = -1 EAGAIN (Try again)
24249 1784070579.053881 recvfrom(61, 0x71fb447820, 2272, MSG_DONTWAIT, NULL, NULL) = -1 EAGAIN (Try again)
24249 1784070579.555496 recvfrom(38, 0x7ff90a9de0, 3200, MSG_DONTWAIT, NULL, NULL) = -1 EAGAIN (Try again)
24249 1784070579.576115 recvfrom(38, "nysv\0\0\0\0\0\0\0\0\0\0\0\0\235\203\267\315g\1\0\0\220f\1\0\0\0\0\0", 3200, MSG_DONTWAIT, NULL, NULL) = 32
24249 1784070579.576588 recvfrom(38, 0x7ff90aa020, 3200, MSG_DONTWAIT, NULL, NULL) = -1 EAGAIN (Try again)
24249 1784070579.577205 recvfrom(61, 0x71fb447820, 2272, MSG_DONTWAIT, NULL, NULL) = -1 EAGAIN (Try again)
24644 1784070579.595111 sendmsg(71, {msg_name=NULL, msg_namelen=0, msg_iov=[{iov_base="l\1\1\1\344\0\0\0\317\1\0\0\235\0\0\0\1\1o\0;\0\0\0/re/frid"..., iov_len=404}], msg_iovlen=1, msg_controllen=0, msg_flags=0}, MSG_NOSIGNAL) = 404
24644 1784070579.932275 sendmsg(71, {msg_name=NULL, msg_namelen=0, msg_iov=[{iov_base="l\1\1\1\344\0\0\0\320\1\0\0\235\0\0\0\1\1o\0;\0\0\0/re/frid"..., iov_len=404}], msg_iovlen=1, msg_controllen=0, msg_flags=0}, MSG_NOSIGNAL) = 404
24249 1784070579.932481 recvfrom(38, 0x7ff90a9de0, 3200, MSG_DONTWAIT, NULL, NULL) = -1 EAGAIN (Try again)
24249 1784070579.936616 recvfrom(38, "nysv\0\0\0\0\0\0\0\0\0\0\0\0\304\213\222\343g\1\0\0\246f\1\0\0\0\0\0", 3200, MSG_DONTWAIT, NULL, NULL) = 32
24249 1784070579.936968 recvfrom(38, 0x7ff90aa020, 3200, MSG_DONTWAIT, NULL, NULL) = -1 EAGAIN (Try again)
24249 1784070579.937403 recvfrom(61, 0x71fb447820, 2272, MSG_DONTWAIT, NULL, NULL) = -1 EAGAIN (Try again)
24249 1784070580.057996 recvfrom(38, 0x7ff90a9de0, 3200, MSG_DONTWAIT, NULL, NULL) = -1 EAGAIN (Try again)
24249 1784070580.071011 recvfrom(38, "nysv\0\0\0\0\0\0\0\0\0\0\0\0\211\350\204\353g\1\0\0\256f\1\0\0\0\0\0", 3200, MSG_DONTWAIT, NULL, NULL) = 32
24249 1784070580.071329 recvfrom(38, 0x7ff90aa020, 3200, MSG_DONTWAIT, NULL, NULL) = -1 EAGAIN (Try again)
24249 1784070580.071890 recvfrom(61, 0x71fb447820, 2272, MSG_DONTWAIT, NULL, NULL) = -1 EAGAIN (Try again)
24249 1784070580.561255 recvfrom(38, 0x7ff90a9de0, 3200, MSG_DONTWAIT, NULL, NULL) = -1 EAGAIN (Try again)
24249 1784070580.575557 recvfrom(38, "nysv\0\0\0\0\0\0\0\0\0\0\0\0uMR\th\1\0\0\313f\1\0\0\0\0\0", 3200, MSG_DONTWAIT, NULL, NULL) = 32
24249 1784070580.576263 recvfrom(38, 0x7ff90aa020, 3200, MSG_DONTWAIT, NULL, NULL) = -1 EAGAIN (Try again)
24249 1784070580.577480 recvfrom(61, 0x71fb447820, 2272, MSG_DONTWAIT, NULL, NULL) = -1 EAGAIN (Try again)
24644 1784070580.598459 sendmsg(71, {msg_name=NULL, msg_namelen=0, msg_iov=[{iov_base="l\1\1\1\344\0\0\0\321\1\0\0\235\0\0\0\1\1o\0;\0\0\0/re/frid"..., iov_len=404}], msg_iovlen=1, msg_controllen=0, msg_flags=0}, MSG_NOSIGNAL) = 404
24644 1784070580.982050 sendmsg(71, {msg_name=NULL, msg_namelen=0, msg_iov=[{iov_base="l\1\1\1\344\0\0\0\322\1\0\0\235\0\0\0\1\1o\0;\0\0\0/re/frid"..., iov_len=404}], msg_iovlen=1, msg_controllen=0, msg_flags=0}, MSG_NOSIGNAL) = 404
24249 1784070580.983025 recvfrom(38, 0x7ff90a9de0, 3200, MSG_DONTWAIT, NULL, NULL) = -1 EAGAIN (Try again)
24249 1784070580.987245 recvfrom(38, "nysv\0\0\0\0\0\0\0\0\0\0\0\0\4,(\"h\1\0\0\343f\1\0\0\0\0\0", 3200, MSG_DONTWAIT, NULL, NULL) = 32
24249 1784070580.987652 recvfrom(38, 0x7ff90aa020, 3200, MSG_DONTWAIT, NULL, NULL) = -1 EAGAIN (Try again)
24249 1784070580.988414 recvfrom(61, 0x71fb447820, 2272, MSG_DONTWAIT, NULL, NULL) = -1 EAGAIN (Try again)
24249 1784070581.065320 recvfrom(38, 0x7ff90a9de0, 3200, MSG_DONTWAIT, NULL, NULL) = -1 EAGAIN (Try again)
24249 1784070581.070699 recvfrom(38, "nysv\0\0\0\0\0\0\0\0\0\0\0\0a\262\37'h\1\0\0\350f\1\0\0\0\0\0", 3200, MSG_DONTWAIT, NULL, NULL) = 32
24249 1784070581.070999 recvfrom(38, 0x7ff90aa020, 3200, MSG_DONTWAIT, NULL, NULL) = -1 EAGAIN (Try again)
24249 1784070581.071544 recvfrom(61, 0x71fb447820, 2272, MSG_DONTWAIT, NULL, NULL) = -1 EAGAIN (Try again)
24249 1784070581.568827 recvfrom(38, 0x7ff90a9de0, 3200, MSG_DONTWAIT, NULL, NULL) = -1 EAGAIN (Try again)
24249 1784070581.573393 recvfrom(38, "nysv\0\0\0\0\0\0\0\0\0\0\0\0M\27\355Dh\1\0\0\5g\1\0\0\0\0\0", 3200, MSG_DONTWAIT, NULL, NULL) = 32
24249 1784070581.573810 recvfrom(38, 0x7ff90aa020, 3200, MSG_DONTWAIT, NULL, NULL) = -1 EAGAIN (Try again)
24249 1784070581.574156 recvfrom(61, 0x71fb447820, 2272, MSG_DONTWAIT, NULL, NULL) = -1 EAGAIN (Try again)
24644 1784070581.605977 sendmsg(71, {msg_name=NULL, msg_namelen=0, msg_iov=[{iov_base="l\1\1\1\344\0\0\0\323\1\0\0\235\0\0\0\1\1o\0;\0\0\0/re/frid"..., iov_len=404}], msg_iovlen=1, msg_controllen=0, msg_flags=0}, MSG_NOSIGNAL) = 404
24644 1784070581.946885 sendmsg(71, {msg_name=NULL, msg_namelen=0, msg_iov=[{iov_base="l\1\1\1\344\0\0\0\324\1\0\0\235\0\0\0\1\1o\0;\0\0\0/re/frid"..., iov_len=404}], msg_iovlen=1, msg_controllen=0, msg_flags=0}, MSG_NOSIGNAL) = 404
24249 1784070581.947467 recvfrom(38, 0x7ff90a9de0, 3200, MSG_DONTWAIT, NULL, NULL) = -1 EAGAIN (Try again)
24249 1784070581.953205 recvfrom(38, "nysv\0\0\0\0\0\0\0\0\0\0\0\0\t~\306[h\1\0\0\34g\1\0\0\0\0\0", 3200, MSG_DONTWAIT, NULL, NULL) = 32
24249 1784070581.953597 recvfrom(38, 0x7ff90aa020, 3200, MSG_DONTWAIT, NULL, NULL) = -1 EAGAIN (Try again)
24249 1784070581.954348 recvfrom(61, 0x71fb447820, 2272, MSG_DONTWAIT, NULL, NULL) = -1 EAGAIN (Try again)
24249 1784070582.072652 recvfrom(38, 0x7ff90a9de0, 3200, MSG_DONTWAIT, NULL, NULL) = -1 EAGAIN (Try again)
24249 1784070582.090085 recvfrom(38, "nysv\0\0\0\0\0\0\0\0\0\0\0\0%\360\270ch\1\0\0$g\1\0\0\0\0\0", 3200, MSG_DONTWAIT, NULL, NULL) = 32
24249 1784070582.090542 recvfrom(38, 0x7ff90aa020, 3200, MSG_DONTWAIT, NULL, NULL) = -1 EAGAIN (Try again)
24249 1784070582.091181 recvfrom(61, 0x71fb447820, 2272, MSG_DONTWAIT, NULL, NULL) = -1 EAGAIN (Try again)
24249 1784070582.574695 recvfrom(38, 0x7ff90a9de0, 3200, MSG_DONTWAIT, NULL, NULL) = -1 EAGAIN (Try again)
24249 1784070582.588559 recvfrom(38, "nysv\0\0\0\0\0\0\0\0\0\0\0\0O1\206\201h\1\0\0Bg\1\0\0\0\0\0", 3200, MSG_DONTWAIT, NULL, NULL) = 32
24249 1784070582.589081 recvfrom(38, 0x7ff90aa020, 3200, MSG_DONTWAIT, NULL, NULL) = -1 EAGAIN (Try again)
24249 1784070582.589858 recvfrom(61, 0x71fb447820, 2272, MSG_DONTWAIT, NULL, NULL) = -1 EAGAIN (Try again)
24644 1784070582.613369 sendmsg(71, {msg_name=NULL, msg_namelen=0, msg_iov=[{iov_base="l\1\1\1\344\0\0\0\325\1\0\0\235\0\0\0\1\1o\0;\0\0\0/re/frid"..., iov_len=404}], msg_iovlen=1, msg_controllen=0, msg_flags=0}, MSG_NOSIGNAL) = 404
24644 1784070582.990221 sendmsg(71, {msg_name=NULL, msg_namelen=0, msg_iov=[{iov_base="l\1\1\1\344\0\0\0\326\1\0\0\235\0\0\0\1\1o\0;\0\0\0/re/frid"..., iov_len=404}], msg_iovlen=1, msg_controllen=0, msg_flags=0}, MSG_NOSIGNAL) = 404
24249 1784070582.990630 recvfrom(38, 0x7ff90a9de0, 3200, MSG_DONTWAIT, NULL, NULL) = -1 EAGAIN (Try again)
24249 1784070583.007903 recvfrom(38, "nysv\0\0\0\0\0\0\0\0\0\0\0\0i\5\\\232h\1\0\0Zg\1\0\0\0\0\0", 3200, MSG_DONTWAIT, NULL, NULL) = 32
24249 1784070583.008150 recvfrom(38, 0x7ff90aa020, 3200, MSG_DONTWAIT, NULL, NULL) = -1 EAGAIN (Try again)
24249 1784070583.008588 recvfrom(61, 0x71fb447820, 2272, MSG_DONTWAIT, NULL, NULL) = -1 EAGAIN (Try again)
24249 1784070583.077445 recvfrom(38, 0x7ff90a9de0, 3200, MSG_DONTWAIT, NULL, NULL) = -1 EAGAIN (Try again)
24249 1784070583.091605 recvfrom(38, "nysv\0\0\0\0\0\0\0\0\0\0\0\0;\226S\237h\1\0\0_g\1\0\0\0\0\0", 3200, MSG_DONTWAIT, NULL, NULL) = 32
24249 1784070583.091892 recvfrom(38, 0x7ff90aa020, 3200, MSG_DONTWAIT, NULL, NULL) = -1 EAGAIN (Try again)
24249 1784070583.092332 recvfrom(61, 0x71fb447820, 2272, MSG_DONTWAIT, NULL, NULL) = -1 EAGAIN (Try again)
24249 1784070583.582410 recvfrom(38, 0x7ff90a9de0, 3200, MSG_DONTWAIT, NULL, NULL) = -1 EAGAIN (Try again)
24249 1784070583.586625 recvfrom(38, "nysv\0\0\0\0\0\0\0\0\0\0\0\0\2679!\275h\1\0\0|g\1\0\0\0\0\0", 3200, MSG_DONTWAIT, NULL, NULL) = 32
24249 1784070583.586953 recvfrom(38, 0x7ff90aa020, 3200, MSG_DONTWAIT, NULL, NULL) = -1 EAGAIN (Try again)
24249 1784070583.587257 recvfrom(61, 0x71fb447820, 2272, MSG_DONTWAIT, NULL, NULL) = -1 EAGAIN (Try again)
24644 1784070583.616130 sendmsg(71, {msg_name=NULL, msg_namelen=0, msg_iov=[{iov_base="l\1\1\1\344\0\0\0\327\1\0\0\235\0\0\0\1\1o\0;\0\0\0/re/frid"..., iov_len=404}], msg_iovlen=1, msg_controllen=0, msg_flags=0}, MSG_NOSIGNAL) = 404
24644 1784070583.958960 sendmsg(71, {msg_name=NULL, msg_namelen=0, msg_iov=[{iov_base="l\1\1\1\344\0\0\0\330\1\0\0\235\0\0\0\1\1o\0;\0\0\0/re/frid"..., iov_len=404}], msg_iovlen=1, msg_controllen=0, msg_flags=0}, MSG_NOSIGNAL) = 404
24249 1784070583.960253 recvfrom(38, 0x7ff90a9de0, 3200, MSG_DONTWAIT, NULL, NULL) = -1 EAGAIN (Try again)
24249 1784070583.973155 recvfrom(38, "nysv\0\0\0\0\0\0\0\0\0\0\0\0\355.\372\323h\1\0\0\223g\1\0\0\0\0\0", 3200, MSG_DONTWAIT, NULL, NULL) = 32
24249 1784070583.973534 recvfrom(38, 0x7ff90aa020, 3200, MSG_DONTWAIT, NULL, NULL) = -1 EAGAIN (Try again)
24249 1784070583.974282 recvfrom(61, 0x71fb447820, 2272, MSG_DONTWAIT, NULL, NULL) = -1 EAGAIN (Try again)
24249 1784070584.090952 recvfrom(38, 0x7ff90a9de0, 3200, MSG_DONTWAIT, NULL, NULL) = -1 EAGAIN (Try again)
24249 1784070584.106845 recvfrom(38, "nysv\0\0\0\0\0\0\0\0\0\0\0\0=\260\354\333h\1\0\0\233g\1\0\0\0\0\0", 3200, MSG_DONTWAIT, NULL, NULL) = 32
24249 1784070584.107229 recvfrom(38, 0x7ff90aa020, 3200, MSG_DONTWAIT, NULL, NULL) = -1 EAGAIN (Try again)
24249 1784070584.107856 recvfrom(61, 0x71fb447820, 2272, MSG_DONTWAIT, NULL, NULL) = -1 EAGAIN (Try again)
24249 1784070584.594910 recvfrom(38, 0x7ff90a9de0, 3200, MSG_DONTWAIT, NULL, NULL) = -1 EAGAIN (Try again)
24249 1784070584.605892 recvfrom(38, "nysv\0\0\0\0\0\0\0\0\0\0\0\0)\25\272\371h\1\0\0\271g\1\0\0\0\0\0", 3200, MSG_DONTWAIT, NULL, NULL) = 32
24249 1784070584.606279 recvfrom(38, 0x7ff90aa020, 3200, MSG_DONTWAIT, NULL, NULL) = -1 EAGAIN (Try again)
24249 1784070584.606979 recvfrom(61, 0x71fb447820, 2272, MSG_DONTWAIT, NULL, NULL) = -1 EAGAIN (Try again)
24644 1784070584.630092 sendmsg(71, {msg_name=NULL, msg_namelen=0, msg_iov=[{iov_base="l\1\1\1\344\0\0\0\331\1\0\0\235\0\0\0\1\1o\0;\0\0\0/re/frid"..., iov_len=404}], msg_iovlen=1, msg_controllen=0, msg_flags=0}, MSG_NOSIGNAL) = 404
24644 1784070585.000525 sendmsg(71, {msg_name=NULL, msg_namelen=0, msg_iov=[{iov_base="l\1\1\1\344\0\0\0\332\1\0\0\235\0\0\0\1\1o\0;\0\0\0/re/frid"..., iov_len=404}], msg_iovlen=1, msg_controllen=0, msg_flags=0}, MSG_NOSIGNAL) = 404
24249 1784070585.002156 recvfrom(38, 0x7ff90a9de0, 3200, MSG_DONTWAIT, NULL, NULL) = -1 EAGAIN (Try again)
24249 1784070585.021278 recvfrom(38, "nysv\0\0\0\0\0\0\0\0\0\0\0\0\0035\220\22i\1\0\0\322g\1\0\0\0\0\0", 3200, MSG_DONTWAIT, NULL, NULL) = 32
24249 1784070585.021670 recvfrom(38, 0x7ff90aa020, 3200, MSG_DONTWAIT, NULL, NULL) = -1 EAGAIN (Try again)
24249 1784070585.022438 recvfrom(61, 0x71fb447820, 2272, MSG_DONTWAIT, NULL, NULL) = -1 EAGAIN (Try again)
24249 1784070585.096885 recvfrom(38, 0x7ff90a9de0, 3200, MSG_DONTWAIT, NULL, NULL) = -1 EAGAIN (Try again)
24249 1784070585.104977 recvfrom(38, "nysv\0\0\0\0\0\0\0\0\0\0\0\0\355\3\210\27i\1\0\0\327g\1\0\0\0\0\0", 3200, MSG_DONTWAIT, NULL, NULL) = 32
24249 1784070585.105321 recvfrom(38, 0x7ff90aa020, 3200, MSG_DONTWAIT, NULL, NULL) = -1 EAGAIN (Try again)
24249 1784070585.105848 recvfrom(61, 0x71fb447820, 2272, MSG_DONTWAIT, NULL, NULL) = -1 EAGAIN (Try again)
24249 1784070585.599517 recvfrom(38, 0x7ff90a9de0, 3200, MSG_DONTWAIT, NULL, NULL) = -1 EAGAIN (Try again)
24249 1784070585.607804 recvfrom(38, "nysv\0\0\0\0\0\0\0\0\0\0\0\0\1\337T5i\1\0\0\365g\1\0\0\0\0\0", 3200, MSG_DONTWAIT, NULL, NULL) = 32
24249 1784070585.608194 recvfrom(38, 0x7ff90aa020, 3200, MSG_DONTWAIT, NULL, NULL) = -1 EAGAIN (Try again)
24249 1784070585.608929 recvfrom(61, 0x71fb447820, 2272, MSG_DONTWAIT, NULL, NULL) = -1 EAGAIN (Try again)
24644 1784070585.632698 sendmsg(71, {msg_name=NULL, msg_namelen=0, msg_iov=[{iov_base="l\1\1\1\344\0\0\0\333\1\0\0\235\0\0\0\1\1o\0;\0\0\0/re/frid"..., iov_len=404}], msg_iovlen=1, msg_controllen=0, msg_flags=0}, MSG_NOSIGNAL) = 404
24644 1784070585.973893 sendmsg(71, {msg_name=NULL, msg_namelen=0, msg_iov=[{iov_base="l\1\1\1\344\0\0\0\334\1\0\0\235\0\0\0\1\1o\0;\0\0\0/re/frid"..., iov_len=404}], msg_iovlen=1, msg_controllen=0, msg_flags=0}, MSG_NOSIGNAL) = 404
24249 1784070585.974666 recvfrom(38, 0x7ff90a9de0, 3200, MSG_DONTWAIT, NULL, NULL) = -1 EAGAIN (Try again)
24249 1784070585.991324 recvfrom(38, "nysv\0\0\0\0\0\0\0\0\0\0\0\0\307\22.Li\1\0\0\vh\1\0\0\0\0\0", 3200, MSG_DONTWAIT, NULL, NULL) = 32
24249 1784070585.991642 recvfrom(38, 0x7ff90aa020, 3200, MSG_DONTWAIT, NULL, NULL) = -1 EAGAIN (Try again)
24249 1784070585.992256 recvfrom(61, 0x71fb447820, 2272, MSG_DONTWAIT, NULL, NULL) = -1 EAGAIN (Try again)
24249 1784070586.103486 recvfrom(38, 0x7ff90a9de0, 3200, MSG_DONTWAIT, NULL, NULL) = -1 EAGAIN (Try again)
24249 1784070586.120690 recvfrom(38, "nysv\0\0\0\0\0\0\0\0\0\0\0\0\27\224 Ti\1\0\0\23h\1\0\0\0\0\0", 3200, MSG_DONTWAIT, NULL, NULL) = 32
24249 1784070586.121077 recvfrom(38, 0x7ff90aa020, 3200, MSG_DONTWAIT, NULL, NULL) = -1 EAGAIN (Try again)
24249 1784070586.121842 recvfrom(61, 0x71fb447820, 2272, MSG_DONTWAIT, NULL, NULL) = -1 EAGAIN (Try again)
24249 1784070586.608902 recvfrom(38, 0x7ff90a9de0, 3200, MSG_DONTWAIT, NULL, NULL) = -1 EAGAIN (Try again)
24249 1784070586.620494 recvfrom(38, "nysv\0\0\0\0\0\0\0\0\0\0\0\0d\6\356qi\1\0\0000h\1\0\0\0\0\0", 3200, MSG_DONTWAIT, NULL, NULL) = 32
24249 1784070586.620882 recvfrom(38, 0x7ff90aa020, 3200, MSG_DONTWAIT, NULL, NULL) = -1 EAGAIN (Try again)
24249 1784070586.621603 recvfrom(61, 0x71fb447820, 2272, MSG_DONTWAIT, NULL, NULL) = -1 EAGAIN (Try again)
24644 1784070586.646576 sendmsg(71, {msg_name=NULL, msg_namelen=0, msg_iov=[{iov_base="l\1\1\1\344\0\0\0\335\1\0\0\235\0\0\0\1\1o\0;\0\0\0/re/frid"..., iov_len=404}], msg_iovlen=1, msg_controllen=0, msg_flags=0}, MSG_NOSIGNAL) = 404
24644 1784070587.014105 sendmsg(71, {msg_name=NULL, msg_namelen=0, msg_iov=[{iov_base="l\1\1\1\344\0\0\0\336\1\0\0\235\0\0\0\1\1o\0;\0\0\0/re/frid"..., iov_len=404}], msg_iovlen=1, msg_controllen=0, msg_flags=0}, MSG_NOSIGNAL) = 404
24249 1784070587.015225 recvfrom(38, 0x7ff90a9de0, 3200, MSG_DONTWAIT, NULL, NULL) = -1 EAGAIN (Try again)
24249 1784070587.020971 recvfrom(38, "nysv\0\0\0\0\0\0\0\0\0\0\0\0\354\256\305\211i\1\0\0Gh\1\0\0\0\0\0", 3200, MSG_DONTWAIT, NULL, NULL) = 32
24249 1784070587.021343 recvfrom(38, 0x7ff90aa020, 3200, MSG_DONTWAIT, NULL, NULL) = -1 EAGAIN (Try again)
24249 1784070587.021966 recvfrom(61, 0x71fb447820, 2272, MSG_DONTWAIT, NULL, NULL) = -1 EAGAIN (Try again)
24249 1784070587.116119 recvfrom(38, 0x7ff90a9de0, 3200, MSG_DONTWAIT, NULL, NULL) = -1 EAGAIN (Try again)
24249 1784070587.119446 recvfrom(38, "nysv\0\0\0\0\0\0\0\0\0\0\0\0\270\237\273\217i\1\0\0Mh\1\0\0\0\0\0", 3200, MSG_DONTWAIT, NULL, NULL) = 32
24249 1784070587.119790 recvfrom(38, 0x7ff90aa020, 3200, MSG_DONTWAIT, NULL, NULL) = -1 EAGAIN (Try again)
24249 1784070587.120375 recvfrom(61, 0x71fb447820, 2272, MSG_DONTWAIT, NULL, NULL) = -1 EAGAIN (Try again)
24249 1784070587.621885 recvfrom(38, 0x7ff90a9de0, 3200, MSG_DONTWAIT, NULL, NULL) = -1 EAGAIN (Try again)
24249 1784070587.641314 recvfrom(38, "nysv\0\0\0\0\0\0\0\0\0\0\0\0\5\23\207\256i\1\0\0lh\1\0\0\0\0\0", 3200, MSG_DONTWAIT, NULL, NULL) = 32
24249 1784070587.641817 recvfrom(38, 0x7ff90aa020, 3200, MSG_DONTWAIT, NULL, NULL) = -1 EAGAIN (Try again)
24249 1784070587.642745 recvfrom(61, 0x71fb447820, 2272, MSG_DONTWAIT, NULL, NULL) = -1 EAGAIN (Try again)
24644 1784070587.654820 sendmsg(71, {msg_name=NULL, msg_namelen=0, msg_iov=[{iov_base="l\1\1\1\344\0\0\0\337\1\0\0\235\0\0\0\1\1o\0;\0\0\0/re/frid"..., iov_len=404}], msg_iovlen=1, msg_controllen=0, msg_flags=0}, MSG_NOSIGNAL) = 404
24644 1784070587.984061 sendmsg(71, {msg_name=NULL, msg_namelen=0, msg_iov=[{iov_base="l\1\1\1\344\0\0\0\340\1\0\0\235\0\0\0\1\1o\0;\0\0\0/re/frid"..., iov_len=404}], msg_iovlen=1, msg_controllen=0, msg_flags=0}, MSG_NOSIGNAL) = 404
24249 1784070587.984941 recvfrom(38, 0x7ff90a9de0, 3200, MSG_DONTWAIT, NULL, NULL) = -1 EAGAIN (Try again)
24249 1784070587.986398 recvfrom(38, "nysv\0\0\0\0\0\0\0\0\0\0\0\0004\35d\303i\1\0\0\201h\1\0\0\0\0\0", 3200, MSG_DONTWAIT, NULL, NULL) = 32
24249 1784070587.986636 recvfrom(38, 0x7ff90aa020, 3200, MSG_DONTWAIT, NULL, NULL) = -1 EAGAIN (Try again)
24249 1784070587.986873 recvfrom(61, 0x71fb447820, 2272, MSG_DONTWAIT, NULL, NULL) = -1 EAGAIN (Try again)
24249 1784070588.125992 recvfrom(38, 0x7ff90a9de0, 3200, MSG_DONTWAIT, NULL, NULL) = -1 EAGAIN (Try again)
24249 1784070588.140687 recvfrom(38, "nysv\0\0\0\0\0\0\0\0\0\0\0\0\361wT\314i\1\0\0\212h\1\0\0\0\0\0", 3200, MSG_DONTWAIT, NULL, NULL) = 32
24249 1784070588.141062 recvfrom(38, 0x7ff90aa020, 3200, MSG_DONTWAIT, NULL, NULL) = -1 EAGAIN (Try again)
24249 1784070588.141390 recvfrom(61, 0x71fb447820, 2272, MSG_DONTWAIT, NULL, NULL) = -1 EAGAIN (Try again)
24249 1784070588.628117 recvfrom(38, 0x7ff90a9de0, 3200, MSG_DONTWAIT, NULL, NULL) = -1 EAGAIN (Try again)
24249 1784070588.637175 recvfrom(38, "nysv\0\0\0\0\0\0\0\0\0\0\0\08\342!\352i\1\0\0\250h\1\0\0\0\0\0", 3200, MSG_DONTWAIT, NULL, NULL) = 32
24249 1784070588.637519 recvfrom(38, 0x7ff90aa020, 3200, MSG_DONTWAIT, NULL, NULL) = -1 EAGAIN (Try again)
24249 1784070588.638160 recvfrom(61, 0x71fb447820, 2272, MSG_DONTWAIT, NULL, NULL) = -1 EAGAIN (Try again)
24644 1784070588.666152 sendmsg(71, {msg_name=NULL, msg_namelen=0, msg_iov=[{iov_base="l\1\1\1\344\0\0\0\341\1\0\0\235\0\0\0\1\1o\0;\0\0\0/re/frid"..., iov_len=404}], msg_iovlen=1, msg_controllen=0, msg_flags=0}, MSG_NOSIGNAL) = 404
24644 1784070589.025058 sendmsg(71, {msg_name=NULL, msg_namelen=0, msg_iov=[{iov_base="l\1\1\1\344\0\0\0\342\1\0\0\235\0\0\0\1\1o\0;\0\0\0/re/frid"..., iov_len=404}], msg_iovlen=1, msg_controllen=0, msg_flags=0}, MSG_NOSIGNAL) = 404
24249 1784070589.025950 recvfrom(38, 0x7ff90a9de0, 3200, MSG_DONTWAIT, NULL, NULL) = -1 EAGAIN (Try again)
24249 1784070589.039510 recvfrom(38, "nysv\0\0\0\0\0\0\0\0\0\0\0\0\315`\371\1j\1\0\0\300h\1\0\0\0\0\0", 3200, MSG_DONTWAIT, NULL, NULL) = 32
24249 1784070589.039693 recvfrom(38, 0x7ff90aa020, 3200, MSG_DONTWAIT, NULL, NULL) = -1 EAGAIN (Try again)
24249 1784070589.040016 recvfrom(61, 0x71fb447820, 2272, MSG_DONTWAIT, NULL, NULL) = -1 EAGAIN (Try again)
24249 1784070589.129889 recvfrom(38, 0x7ff90a9de0, 3200, MSG_DONTWAIT, NULL, NULL) = -1 EAGAIN (Try again)
24249 1784070589.136184 recvfrom(38, "nysv\0\0\0\0\0\0\0\0\0\0\0\0kv\357\7j\1\0\0\306h\1\0\0\0\0\0", 3200, MSG_DONTWAIT, NULL, NULL) = 32
24249 1784070589.136347 recvfrom(38, 0x7ff90aa020, 3200, MSG_DONTWAIT, NULL, NULL) = -1 EAGAIN (Try again)
24249 1784070589.136733 recvfrom(61, 0x71fb447820, 2272, MSG_DONTWAIT, NULL, NULL) = -1 EAGAIN (Try again)
24249 1784070589.632412 recvfrom(38, 0x7ff90a9de0, 3200, MSG_DONTWAIT, NULL, NULL) = -1 EAGAIN (Try again)
24249 1784070589.637178 recvfrom(38, "nysv\0\0\0\0\0\0\0\0\0\0\0\0\265\246\274%j\1\0\0\344h\1\0\0\0\0\0", 3200, MSG_DONTWAIT, NULL, NULL) = 32
24249 1784070589.637429 recvfrom(38, 0x7ff90aa020, 3200, MSG_DONTWAIT, NULL, NULL) = -1 EAGAIN (Try again)
24249 1784070589.637889 recvfrom(61, 0x71fb447820, 2272, MSG_DONTWAIT, NULL, NULL) = -1 EAGAIN (Try again)
24644 1784070589.665323 sendmsg(71, {msg_name=NULL, msg_namelen=0, msg_iov=[{iov_base="l\1\1\1\344\0\0\0\343\1\0\0\235\0\0\0\1\1o\0;\0\0\0/re/frid"..., iov_len=404}], msg_iovlen=1, msg_controllen=0, msg_flags=0}, MSG_NOSIGNAL) = 404
24644 1784070589.998743 sendmsg(71, {msg_name=NULL, msg_namelen=0, msg_iov=[{iov_base="l\1\1\1\344\0\0\0\344\1\0\0\235\0\0\0\1\1o\0;\0\0\0/re/frid"..., iov_len=404}], msg_iovlen=1, msg_controllen=0, msg_flags=0}, MSG_NOSIGNAL) = 404
24249 1784070589.999813 recvfrom(38, 0x7ff90a9de0, 3200, MSG_DONTWAIT, NULL, NULL) = -1 EAGAIN (Try again)
24249 1784070590.003288 recvfrom(38, "nysv\0\0\0\0\0\0\0\0\0\0\0\08\256\227;j\1\0\0\372h\1\0\0\0\0\0", 3200, MSG_DONTWAIT, NULL, NULL) = 32
24249 1784070590.003617 recvfrom(38, 0x7ff90aa020, 3200, MSG_DONTWAIT, NULL, NULL) = -1 EAGAIN (Try again)
24249 1784070590.004333 recvfrom(61, 0x71fb447820, 2272, MSG_DONTWAIT, NULL, NULL) = -1 EAGAIN (Try again)
24249 1784070590.140876 recvfrom(38, 0x7ff90a9de0, 3200, MSG_DONTWAIT, NULL, NULL) = -1 EAGAIN (Try again)
24249 1784070590.152869 recvfrom(38, "nysv\0\0\0\0\0\0\0\0\0\0\0\0\240\252\210Dj\1\0\0\3i\1\0\0\0\0\0", 3200, MSG_DONTWAIT, NULL, NULL) = 32
24249 1784070590.153408 recvfrom(38, 0x7ff90aa020, 3200, MSG_DONTWAIT, NULL, NULL) = -1 EAGAIN (Try again)
24249 1784070590.154136 recvfrom(61, 0x71fb447820, 2272, MSG_DONTWAIT, NULL, NULL) = -1 EAGAIN (Try again)
24249 1784070590.645304 recvfrom(38, 0x7ff90a9de0, 3200, MSG_DONTWAIT, NULL, NULL) = -1 EAGAIN (Try again)
24249 1784070590.654181 recvfrom(38, "nysv\0\0\0\0\0\0\0\0\0\0\0\0\267\300Ubj\1\0\0!i\1\0\0\0\0\0", 3200, MSG_DONTWAIT, NULL, NULL) = 32
24249 1784070590.654699 recvfrom(38, 0x7ff90aa020, 3200, MSG_DONTWAIT, NULL, NULL) = -1 EAGAIN (Try again)
24249 1784070590.655565 recvfrom(61, 0x71fb447820, 2272, MSG_DONTWAIT, NULL, NULL) = -1 EAGAIN (Try again)
24644 1784070590.675803 sendmsg(71, {msg_name=NULL, msg_namelen=0, msg_iov=[{iov_base="l\1\1\1\344\0\0\0\345\1\0\0\235\0\0\0\1\1o\0;\0\0\0/re/frid"..., iov_len=404}], msg_iovlen=1, msg_controllen=0, msg_flags=0}, MSG_NOSIGNAL) = 404
24644 1784070591.037606 sendmsg(71, {msg_name=NULL, msg_namelen=0, msg_iov=[{iov_base="l\1\1\1\344\0\0\0\346\1\0\0\235\0\0\0\1\1o\0;\0\0\0/re/frid"..., iov_len=404}], msg_iovlen=1, msg_controllen=0, msg_flags=0}, MSG_NOSIGNAL) = 404
24249 1784070591.038741 recvfrom(38, 0x7ff90a9de0, 3200, MSG_DONTWAIT, NULL, NULL) = -1 EAGAIN (Try again)
24249 1784070591.059190 recvfrom(38, "nysv\0\0\0\0\0\0\0\0\0\0\0\0\247D-zj\1\0\09i\1\0\0\0\0\0", 3200, MSG_DONTWAIT, NULL, NULL) = 32
24249 1784070591.059492 recvfrom(38, 0x7ff90aa020, 3200, MSG_DONTWAIT, NULL, NULL) = -1 EAGAIN (Try again)
24249 1784070591.060039 recvfrom(61, 0x71fb447820, 2272, MSG_DONTWAIT, NULL, NULL) = -1 EAGAIN (Try again)
24249 1784070591.150320 recvfrom(38, 0x7ff90a9de0, 3200, MSG_DONTWAIT, NULL, NULL) = -1 EAGAIN (Try again)
24249 1784070591.153474 recvfrom(38, "nysv\0\0\0\0\0\0\0\0\0\0\0\0\311\350#\200j\1\0\0?i\1\0\0\0\0\0", 3200, MSG_DONTWAIT, NULL, NULL) = 32
24249 1784070591.153868 recvfrom(38, 0x7ff90aa020, 3200, MSG_DONTWAIT, NULL, NULL) = -1 EAGAIN (Try again)
24249 1784070591.154522 recvfrom(61, 0x71fb447820, 2272, MSG_DONTWAIT, NULL, NULL) = -1 EAGAIN (Try again)
24249 1784070591.654289 recvfrom(38, 0x7ff90a9de0, 3200, MSG_DONTWAIT, NULL, NULL) = -1 EAGAIN (Try again)
24249 1784070591.657869 recvfrom(38, "nysv\0\0\0\0\0\0\0\0\0\0\0\0\217\212\360\235j\1\0\0]i\1\0\0\0\0\0", 3200, MSG_DONTWAIT, NULL, NULL) = 32
24249 1784070591.658224 recvfrom(38, 0x7ff90aa020, 3200, MSG_DONTWAIT, NULL, NULL) = -1 EAGAIN (Try again)
24249 1784070591.658593 recvfrom(61, 0x71fb447820, 2272, MSG_DONTWAIT, NULL, NULL) = -1 EAGAIN (Try again)
24644 1784070591.678715 sendmsg(71, {msg_name=NULL, msg_namelen=0, msg_iov=[{iov_base="l\1\1\1\344\0\0\0\347\1\0\0\235\0\0\0\1\1o\0;\0\0\0/re/frid"..., iov_len=404}], msg_iovlen=1, msg_controllen=0, msg_flags=0}, MSG_NOSIGNAL) = 404
24644 1784070592.012066 sendmsg(71, {msg_name=NULL, msg_namelen=0, msg_iov=[{iov_base="l\1\1\1\344\0\0\0\350\1\0\0\235\0\0\0\1\1o\0;\0\0\0/re/frid"..., iov_len=404}], msg_iovlen=1, msg_controllen=0, msg_flags=0}, MSG_NOSIGNAL) = 404
24249 1784070592.013482 recvfrom(38, 0x7ff90a9de0, 3200, MSG_DONTWAIT, NULL, NULL) = -1 EAGAIN (Try again)
24249 1784070592.022183 recvfrom(38, "nysv\0\0\0\0\0\0\0\0\0\0\0\0+n\313\263j\1\0\0si\1\0\0\0\0\0", 3200, MSG_DONTWAIT, NULL, NULL) = 32
24249 1784070592.022596 recvfrom(38, 0x7ff90aa020, 3200, MSG_DONTWAIT, NULL, NULL) = -1 EAGAIN (Try again)
24249 1784070592.023359 recvfrom(61, 0x71fb447820, 2272, MSG_DONTWAIT, NULL, NULL) = -1 EAGAIN (Try again)
24249 1784070592.157143 recvfrom(38, 0x7ff90a9de0, 3200, MSG_DONTWAIT, NULL, NULL) = -1 EAGAIN (Try again)
24249 1784070592.174960 recvfrom(38, "nysv\0\0\0\0\0\0\0\0\0\0\0\0\245?\274\274j\1\0\0|i\1\0\0\0\0\0", 3200, MSG_DONTWAIT, NULL, NULL) = 32
24249 1784070592.175310 recvfrom(38, 0x7ff90aa020, 3200, MSG_DONTWAIT, NULL, NULL) = -1 EAGAIN (Try again)
24249 1784070592.175801 recvfrom(61, 0x71fb447820, 2272, MSG_DONTWAIT, NULL, NULL) = -1 EAGAIN (Try again)
24249 1784070592.661772 recvfrom(38, 0x7ff90a9de0, 3200, MSG_DONTWAIT, NULL, NULL) = -1 EAGAIN (Try again)
24249 1784070592.670225 recvfrom(38, "nysv\0\0\0\0\0\0\0\0\0\0\0\0\354\302\211\332j\1\0\0\232i\1\0\0\0\0\0", 3200, MSG_DONTWAIT, NULL, NULL) = 32
24249 1784070592.670663 recvfrom(38, 0x7ff90aa020, 3200, MSG_DONTWAIT, NULL, NULL) = -1 EAGAIN (Try again)
24249 1784070592.671373 recvfrom(61, 0x71fb447820, 2272, MSG_DONTWAIT, NULL, NULL) = -1 EAGAIN (Try again)
24644 1784070592.691832 sendmsg(71, {msg_name=NULL, msg_namelen=0, msg_iov=[{iov_base="l\1\1\1\344\0\0\0\351\1\0\0\235\0\0\0\1\1o\0;\0\0\0/re/frid"..., iov_len=404}], msg_iovlen=1, msg_controllen=0, msg_flags=0}, MSG_NOSIGNAL) = 404
24644 1784070593.045073 sendmsg(71, {msg_name=NULL, msg_namelen=0, msg_iov=[{iov_base="l\1\1\1\344\0\0\0\352\1\0\0\235\0\0\0\1\1o\0;\0\0\0/re/frid"..., iov_len=404}], msg_iovlen=1, msg_controllen=0, msg_flags=0}, MSG_NOSIGNAL) = 404
24249 1784070593.045627 recvfrom(38, 0x7ff90a9de0, 3200, MSG_DONTWAIT, NULL, NULL) = -1 EAGAIN (Try again)
24249 1784070593.053918 recvfrom(38, "nysv\0\0\0\0\0\0\0\0\0\0\0\0W\330b\361j\1\0\0\261i\1\0\0\0\0\0", 3200, MSG_DONTWAIT, NULL, NULL) = 32
24249 1784070593.054157 recvfrom(38, 0x7ff90aa020, 3200, MSG_DONTWAIT, NULL, NULL) = -1 EAGAIN (Try again)
24249 1784070593.054467 recvfrom(61, 0x71fb447820, 2272, MSG_DONTWAIT, NULL, NULL) = -1 EAGAIN (Try again)
24249 1784070593.163762 recvfrom(38, 0x7ff90a9de0, 3200, MSG_DONTWAIT, NULL, NULL) = -1 EAGAIN (Try again)
24249 1784070593.169681 recvfrom(38, "nysv\0\0\0\0\0\0\0\0\0\0\0\0\3020W\370j\1\0\0\270i\1\0\0\0\0\0", 3200, MSG_DONTWAIT, NULL, NULL) = 32
24249 1784070593.169853 recvfrom(38, 0x7ff90aa020, 3200, MSG_DONTWAIT, NULL, NULL) = -1 EAGAIN (Try again)
24249 1784070593.170539 recvfrom(61, 0x71fb447820, 2272, MSG_DONTWAIT, NULL, NULL) = -1 EAGAIN (Try again)
24249 1784070593.564461 recvfrom(38, 0x7ff90a9a20, 3200, MSG_DONTWAIT, NULL, NULL) = -1 EAGAIN (Try again)
24249 1784070593.569410 recvfrom(38, "nysv\0\0\0\0\0\0\0\0\0\0\0\0_2/\20k\1\0\0\320i\1\0\0\0\0\0", 3200, MSG_DONTWAIT, NULL, NULL) = 32
24249 1784070593.569806 recvfrom(38, 0x7ff90aa020, 3200, MSG_DONTWAIT, NULL, NULL) = -1 EAGAIN (Try again)
24249 1784070593.582346 recvfrom(61, 0x71fb447820, 2272, MSG_DONTWAIT, NULL, NULL) = -1 EAGAIN (Try again)
24249 1784070593.587454 recvfrom(38, 0x7ff90a8420, 3200, MSG_DONTWAIT, NULL, NULL) = -1 EAGAIN (Try again)
24249 1784070593.603530 recvfrom(38, "nysv\0\0\0\0\0\0\0\0\0\0\0\0AS,\22k\1\0\0\322i\1\0\0\0\0\0", 3200, MSG_DONTWAIT, NULL, NULL) = 32
24249 1784070593.603710 recvfrom(38, 0x7ff90aa020, 3200, MSG_DONTWAIT, NULL, NULL) = -1 EAGAIN (Try again)
24249 1784070593.605969 newfstatat(AT_FDCWD, "/system/framework/framework-res.apk", {st_mode=S_IFREG|0644, st_size=45992421, ...}, 0) = 0
24249 1784070593.606139 newfstatat(AT_FDCWD, "/product/overlay/GoogleConfigOverlay.apk", {st_mode=S_IFREG|0644, st_size=25070, ...}, 0) = 0
24249 1784070593.606287 newfstatat(AT_FDCWD, "/product/overlay/GoogleWebViewOverlay.apk", {st_mode=S_IFREG|0644, st_size=16815, ...}, 0) = 0
24249 1784070593.606424 newfstatat(AT_FDCWD, "/product/overlay/PixelConfigOverlayCommon.apk", {st_mode=S_IFREG|0644, st_size=52833, ...}, 0) = 0
24249 1784070593.606559 newfstatat(AT_FDCWD, "/product/overlay/EmulatorConfigOverlay.apk", {st_mode=S_IFREG|0644, st_size=16734, ...}, 0) = 0
24249 1784070593.606939 newfstatat(AT_FDCWD, "/data/app/barilyuk.batterytemperature-sL6ly13WXTe3-qOWgO1Ang==/base.apk", {st_mode=S_IFREG|0644, st_size=4634705, ...}, 0) = 0
24249 1784070593.609114 clone( <unfinished ...>
24271 1784070593.609269 clone(child_stack=0x71031e9d40, flags=CLONE_VM|CLONE_FS|CLONE_FILES|CLONE_SIGHAND|CLONE_THREAD|CLONE_SYSVSEM|CLONE_SETTLS|CLONE_PARENT_SETTID|CLONE_CHILD_CLEARTID, parent_tidptr=0x71031e9d60, tls=0x71031ea020, child_tidptr=0x71031e9d60) = 26911
24249 1784070593.609649 <... clone resumed> child_stack=0x71032e6d40, flags=CLONE_VM|CLONE_FS|CLONE_FILES|CLONE_SIGHAND|CLONE_THREAD|CLONE_SYSVSEM|CLONE_SETTLS|CLONE_PARENT_SETTID|CLONE_CHILD_CLEARTID, parent_tidptr=0x71032e6d60, tls=0x71032e7020, child_tidptr=0x71032e6d60) = 26910
26911 1784070593.610756 exit(0)         = ?
26911 1784070593.610783 +++ exited with 0 +++
24249 1784070593.610889 newfstatat(AT_FDCWD, "/system/framework/framework-res.apk", {st_mode=S_IFREG|0644, st_size=45992421, ...}, 0) = 0
24249 1784070593.611112 newfstatat(AT_FDCWD, "/product/overlay/GoogleConfigOverlay.apk", {st_mode=S_IFREG|0644, st_size=25070, ...}, 0) = 0
24249 1784070593.611325 newfstatat(AT_FDCWD, "/product/overlay/GoogleWebViewOverlay.apk", {st_mode=S_IFREG|0644, st_size=16815, ...}, 0) = 0
24249 1784070593.611620 newfstatat(AT_FDCWD, "/product/overlay/PixelConfigOverlayCommon.apk", {st_mode=S_IFREG|0644, st_size=52833, ...}, 0) = 0
24249 1784070593.611810 newfstatat(AT_FDCWD, "/product/overlay/EmulatorConfigOverlay.apk", {st_mode=S_IFREG|0644, st_size=16734, ...}, 0) = 0
24249 1784070593.612167 newfstatat(AT_FDCWD, "/data/app/barilyuk.batterytemperature-sL6ly13WXTe3-qOWgO1Ang==/base.apk", {st_mode=S_IFREG|0644, st_size=4634705, ...}, 0) = 0
26910 1784070593.612823 exit(0)         = ?
26910 1784070593.612983 +++ exited with 0 +++
24249 1784070593.614417 newfstatat(AT_FDCWD, "/system/framework/framework-res.apk", {st_mode=S_IFREG|0644, st_size=45992421, ...}, 0) = 0
24249 1784070593.614564 newfstatat(AT_FDCWD, "/product/overlay/GoogleConfigOverlay.apk", {st_mode=S_IFREG|0644, st_size=25070, ...}, 0) = 0
24249 1784070593.614709 newfstatat(AT_FDCWD, "/product/overlay/GoogleWebViewOverlay.apk", {st_mode=S_IFREG|0644, st_size=16815, ...}, 0) = 0
24249 1784070593.614854 newfstatat(AT_FDCWD, "/product/overlay/PixelConfigOverlayCommon.apk", {st_mode=S_IFREG|0644, st_size=52833, ...}, 0) = 0
24249 1784070593.614998 newfstatat(AT_FDCWD, "/product/overlay/EmulatorConfigOverlay.apk", {st_mode=S_IFREG|0644, st_size=16734, ...}, 0) = 0
24249 1784070593.615141 newfstatat(AT_FDCWD, "/data/app/barilyuk.batterytemperature-sL6ly13WXTe3-qOWgO1Ang==/base.apk", {st_mode=S_IFREG|0644, st_size=4634705, ...}, 0) = 0
24270 1784070593.626978 openat(AT_FDCWD, "/data/misc/profiles/cur/0/barilyuk.batterytemperature/primary.prof", O_RDWR|O_NOFOLLOW|O_CLOEXEC) = 56
24270 1784070593.627574 newfstatat(AT_FDCWD, "/data/misc/profiles/cur/0/barilyuk.batterytemperature/primary.prof", {st_mode=S_IFREG|0600, st_size=3596, ...}, 0) = 0
24249 1784070593.637403 faccessat(AT_FDCWD, "/data/user/0/barilyuk.batterytemperature", F_OK) = 0
24249 1784070593.639314 faccessat(AT_FDCWD, "/data/user/0/barilyuk.batterytemperature/shared_prefs", F_OK) = 0
24644 1784070593.644191 sendmsg(71, {msg_name=NULL, msg_namelen=0, msg_iov=[{iov_base="l\1\1\1\344\0\0\0\353\1\0\0\235\0\0\0\1\1o\0;\0\0\0/re/frid"..., iov_len=404}], msg_iovlen=1, msg_controllen=0, msg_flags=0}, MSG_NOSIGNAL) = 404
24249 1784070593.645758 faccessat(AT_FDCWD, "/storage/emulated/0/Android/data/barilyuk.batterytemperature/files/Documents", F_OK) = 0
24644 1784070593.649950 sendmsg(71, {msg_name=NULL, msg_namelen=0, msg_iov=[{iov_base="l\1\1\1\344\0\0\0\354\1\0\0\235\0\0\0\1\1o\0;\0\0\0/re/frid"..., iov_len=404}], msg_iovlen=1, msg_controllen=0, msg_flags=0}, MSG_NOSIGNAL) = 404
24644 1784070593.656240 sendmsg(71, {msg_name=NULL, msg_namelen=0, msg_iov=[{iov_base="l\1\1\1\344\0\0\0\355\1\0\0\235\0\0\0\1\1o\0;\0\0\0/re/frid"..., iov_len=404}], msg_iovlen=1, msg_controllen=0, msg_flags=0}, MSG_NOSIGNAL) = 404
24249 1784070593.670165 recvfrom(63, 0x7165c6d820, 2272, MSG_DONTWAIT, NULL, NULL) = -1 EAGAIN (Try again)
24249 1784070593.670713 recvfrom(38, 0x7ff90a9930, 3200, MSG_DONTWAIT, NULL, NULL) = -1 EAGAIN (Try again)
24644 1784070593.681260 sendmsg(71, {msg_name=NULL, msg_namelen=0, msg_iov=[{iov_base="l\1\1\1\374\0\0\0\356\1\0\0\235\0\0\0\1\1o\0;\0\0\0/re/frid"..., iov_len=428}], msg_iovlen=1, msg_controllen=0, msg_flags=0}, MSG_NOSIGNAL) = 428
24644 1784070593.692464 sendmsg(71, {msg_name=NULL, msg_namelen=0, msg_iov=[{iov_base="l\1\1\1\0\1\0\0\357\1\0\0\235\0\0\0\1\1o\0;\0\0\0/re/frid"..., iov_len=432}], msg_iovlen=1, msg_controllen=0, msg_flags=0}, MSG_NOSIGNAL) = 432
24644 1784070593.700334 sendmsg(71, {msg_name=NULL, msg_namelen=0, msg_iov=[{iov_base="l\1\1\1\374\0\0\0\360\1\0\0\235\0\0\0\1\1o\0;\0\0\0/re/frid"..., iov_len=428}], msg_iovlen=1, msg_controllen=0, msg_flags=0}, MSG_NOSIGNAL) = 428
24644 1784070593.712317 sendmsg(71, {msg_name=NULL, msg_namelen=0, msg_iov=[{iov_base="l\1\1\1\0\1\0\0\361\1\0\0\235\0\0\0\1\1o\0;\0\0\0/re/frid"..., iov_len=432}], msg_iovlen=1, msg_controllen=0, msg_flags=0}, MSG_NOSIGNAL) = 432
24249 1784070593.793956 recvfrom(38, "nysv\0\0\0\0\0\0\0\0\0\0\0\0\363\353$\27k\1\0\0\327i\1\0\0\0\0\0", 3200, MSG_DONTWAIT, NULL, NULL) = 32
24249 1784070593.795301 recvfrom(38, 0x7ff90aa020, 3200, MSG_DONTWAIT, NULL, NULL) = -1 EAGAIN (Try again)
24644 1784070593.803476 sendmsg(71, {msg_name=NULL, msg_namelen=0, msg_iov=[{iov_base="l\1\1\1\344\0\0\0\362\1\0\0\235\0\0\0\1\1o\0;\0\0\0/re/frid"..., iov_len=404}], msg_iovlen=1, msg_controllen=0, msg_flags=0}, MSG_NOSIGNAL) = 404
24249 1784070593.818065 recvfrom(63, 0x7165c6d820, 2272, MSG_DONTWAIT, NULL, NULL) = -1 EAGAIN (Try again)
24249 1784070593.818233 recvfrom(38, 0x7ff90a9f80, 3200, MSG_DONTWAIT, NULL, NULL) = -1 EAGAIN (Try again)
24249 1784070593.821156 recvfrom(38, "nysv\0\0\0\0\0\0\0\0\0\0\0\0S\351\30\37k\1\0\0\337i\1\0\0\0\0\0", 3200, MSG_DONTWAIT, NULL, NULL) = 32
24249 1784070593.827387 recvfrom(38, 0x7ff90aa020, 3200, MSG_DONTWAIT, NULL, NULL) = -1 EAGAIN (Try again)
24644 1784070593.853107 sendmsg(71, {msg_name=NULL, msg_namelen=0, msg_iov=[{iov_base="l\1\1\1\344\0\0\0\363\1\0\0\235\0\0\0\1\1o\0;\0\0\0/re/frid"..., iov_len=404}], msg_iovlen=1, msg_controllen=0, msg_flags=0}, MSG_NOSIGNAL) = 404
24644 1784070593.868728 sendmsg(71, {msg_name=NULL, msg_namelen=0, msg_iov=[{iov_base="l\1\1\1\310\0\0\0\364\1\0\0\235\0\0\0\1\1o\0;\0\0\0/re/frid"..., iov_len=376}], msg_iovlen=1, msg_controllen=0, msg_flags=0}, MSG_NOSIGNAL) = 376
24644 1784070593.886684 sendmsg(71, {msg_name=NULL, msg_namelen=0, msg_iov=[{iov_base="l\1\1\1H\1\0\0\365\1\0\0\235\0\0\0\1\1o\0;\0\0\0/re/frid"..., iov_len=504}], msg_iovlen=1, msg_controllen=0, msg_flags=0}, MSG_NOSIGNAL) = 504
24249 1784070593.901086 recvfrom(63, 0x7165c6d820, 2272, MSG_DONTWAIT, NULL, NULL) = -1 EAGAIN (Try again)
24249 1784070593.901290 recvfrom(38, 0x7ff90a9f80, 3200, MSG_DONTWAIT, NULL, NULL) = -1 EAGAIN (Try again)
24249 1784070593.914463 recvfrom(38, "nysv\0\0\0\0\0\0\0\0\0\0\0\0\261\232\21$k\1\0\0\344i\1\0\0\0\0\0", 3200, MSG_DONTWAIT, NULL, NULL) = 32
24249 1784070593.914824 recvfrom(38, 0x7ff90aa020, 3200, MSG_DONTWAIT, NULL, NULL) = -1 EAGAIN (Try again)
24644 1784070593.926631 sendmsg(71, {msg_name=NULL, msg_namelen=0, msg_iov=[{iov_base="l\1\1\1\344\0\0\0\366\1\0\0\235\0\0\0\1\1o\0;\0\0\0/re/frid"..., iov_len=404}], msg_iovlen=1, msg_controllen=0, msg_flags=0}, MSG_NOSIGNAL) = 404
24249 1784070593.931697 faccessat(AT_FDCWD, "/data/user/0/barilyuk.batterytemperature/shared_prefs/MyPrefs.xml", F_OK) = 0
24644 1784070593.932218 sendmsg(71, {msg_name=NULL, msg_namelen=0, msg_iov=[{iov_base="l\1\1\1\334\0\0\0\367\1\0\0\235\0\0\0\1\1o\0;\0\0\0/re/frid"..., iov_len=396}], msg_iovlen=1, msg_controllen=0, msg_flags=0}, MSG_NOSIGNAL) = 396
24644 1784070593.935086 sendmsg(71, {msg_name=NULL, msg_namelen=0, msg_iov=[{iov_base="l\1\1\1\350\0\0\0\370\1\0\0\235\0\0\0\1\1o\0;\0\0\0/re/frid"..., iov_len=408}], msg_iovlen=1, msg_controllen=0, msg_flags=0}, MSG_NOSIGNAL) = 408
24644 1784070593.937124 sendmsg(71, {msg_name=NULL, msg_namelen=0, msg_iov=[{iov_base="l\1\1\1\354\0\0\0\371\1\0\0\235\0\0\0\1\1o\0;\0\0\0/re/frid"..., iov_len=412}], msg_iovlen=1, msg_controllen=0, msg_flags=0}, MSG_NOSIGNAL) = 412
24249 1784070594.009923 recvfrom(38, 0x7ff90aa070, 3200, MSG_DONTWAIT, NULL, NULL) = -1 EAGAIN (Try again)
24249 1784070594.020259 recvfrom(38, "nysv\0\0\0\0\0\0\0\0\0\0\0\0\321\231\6+k\1\0\0\353i\1\0\0\0\0\0", 3200, MSG_DONTWAIT, NULL, NULL) = 32
24249 1784070594.020289 recvfrom(38, 0x7ff90aa020, 3200, MSG_DONTWAIT, NULL, NULL) = -1 EAGAIN (Try again)
24249 1784070594.020311 recvfrom(61, 0x71fb447820, 2272, MSG_DONTWAIT, NULL, NULL) = -1 EAGAIN (Try again)
24249 1784070594.030504 recvfrom(38, 0x7ff90a9d70, 3200, MSG_DONTWAIT, NULL, NULL) = -1 EAGAIN (Try again)
24249 1784070594.035986 recvfrom(38, "nysv\0\0\0\0\0\0\0\0\0\0\0\0\244$\5,k\1\0\0\354i\1\0\0\0\0\0", 3200, MSG_DONTWAIT, NULL, NULL) = 32
24249 1784070594.036006 recvfrom(38, 0x7ff90aa020, 3200, MSG_DONTWAIT, NULL, NULL) = -1 EAGAIN (Try again)
24644 1784070594.410726 sendmsg(71, {msg_name=NULL, msg_namelen=0, msg_iov=[{iov_base="l\1\1\1\344\0\0\0\372\1\0\0\235\0\0\0\1\1o\0;\0\0\0/re/frid"..., iov_len=404}], msg_iovlen=1, msg_controllen=0, msg_flags=0}, MSG_NOSIGNAL) = 404
24644 1784070594.412291 sendmsg(71, {msg_name=NULL, msg_namelen=0, msg_iov=[{iov_base="l\1\1\1\310\0\0\0\373\1\0\0\235\0\0\0\1\1o\0;\0\0\0/re/frid"..., iov_len=376}], msg_iovlen=1, msg_controllen=0, msg_flags=0}, MSG_NOSIGNAL) = 376
24277 1784070594.510094 faccessat(AT_FDCWD, "/data/user/0/barilyuk.batterytemperature/shared_prefs/MyPrefs.xml", F_OK) = 0
24249 1784070595.660154 recvfrom(38, 0x7ff90a9de0, 3200, MSG_DONTWAIT, NULL, NULL) = -1 EAGAIN (Try again)
24644 1784070595.660984 sendmsg(71, {msg_name=NULL, msg_namelen=0, msg_iov=[{iov_base="l\1\1\1\344\0\0\0\374\1\0\0\235\0\0\0\1\1o\0;\0\0\0/re/frid"..., iov_len=404}], msg_iovlen=1, msg_controllen=0, msg_flags=0}, MSG_NOSIGNAL) = 404
24249 1784070595.668936 recvfrom(38, "nysv\0\0\0\0\0\0\0\0\0\0\0\0\321\311Z\215k\1\0\0Mj\1\0\0\0\0\0", 3200, MSG_DONTWAIT, NULL, NULL) = 32
24249 1784070595.668968 recvfrom(38, 0x7ff90aa020, 3200, MSG_DONTWAIT, NULL, NULL) = -1 EAGAIN (Try again)
24249 1784070595.668994 recvfrom(63, 0x7165c6d820, 2272, MSG_DONTWAIT, NULL, NULL) = -1 EAGAIN (Try again)
24249 1784070597.665790 recvfrom(38, 0x7ff90a9de0, 3200, MSG_DONTWAIT, NULL, NULL) = -1 EAGAIN (Try again)
24644 1784070597.667761 sendmsg(71, {msg_name=NULL, msg_namelen=0, msg_iov=[{iov_base="l\1\1\1\344\0\0\0\375\1\0\0\235\0\0\0\1\1o\0;\0\0\0/re/frid"..., iov_len=404}], msg_iovlen=1, msg_controllen=0, msg_flags=0}, MSG_NOSIGNAL) = 404
24249 1784070597.668962 recvfrom(38, "nysv\0\0\0\0\0\0\0\0\0\0\0\0\301\351\217\4l\1\0\0\305j\1\0\0\0\0\0", 3200, MSG_DONTWAIT, NULL, NULL) = 32
24249 1784070597.669016 recvfrom(38, 0x7ff90aa020, 3200, MSG_DONTWAIT, NULL, NULL) = -1 EAGAIN (Try again)
24249 1784070597.669069 recvfrom(63, 0x7165c6d820, 2272, MSG_DONTWAIT, NULL, NULL) = -1 EAGAIN (Try again)
24249 1784070599.676618 recvfrom(38, 0x7ff90a9de0, 3200, MSG_DONTWAIT, NULL, NULL) = -1 EAGAIN (Try again)
24644 1784070599.678086 sendmsg(71, {msg_name=NULL, msg_namelen=0, msg_iov=[{iov_base="l\1\1\1\344\0\0\0\376\1\0\0\235\0\0\0\1\1o\0;\0\0\0/re/frid"..., iov_len=404}], msg_iovlen=1, msg_controllen=0, msg_flags=0}, MSG_NOSIGNAL) = 404
24249 1784070599.686069 recvfrom(38, "nysv\0\0\0\0\0\0\0\0\0\0\0\0\337\254\303|l\1\0\0>k\1\0\0\0\0\0", 3200, MSG_DONTWAIT, NULL, NULL) = 32
24249 1784070599.686111 recvfrom(38, 0x7ff90aa020, 3200, MSG_DONTWAIT, NULL, NULL) = -1 EAGAIN (Try again)
24249 1784070599.686153 recvfrom(63, 0x7165c6d820, 2272, MSG_DONTWAIT, NULL, NULL) = -1 EAGAIN (Try again)
24249 1784070601.684966 recvfrom(38, 0x7ff90a9de0, 3200, MSG_DONTWAIT, NULL, NULL) = -1 EAGAIN (Try again)
24249 1784070601.685773 recvfrom(38, "nysv\0\0\0\0\0\0\0\0\0\0\0\0So\371\363l\1\0\0\265k\1\0\0\0\0\0", 3200, MSG_DONTWAIT, NULL, NULL) = 32
24249 1784070601.686457 recvfrom(38, 0x7ff90aa020, 3200, MSG_DONTWAIT, NULL, NULL) = -1 EAGAIN (Try again)
24249 1784070601.686531 recvfrom(63, 0x7165c6d820, 2272, MSG_DONTWAIT, NULL, NULL) = -1 EAGAIN (Try again)
24644 1784070601.687720 sendmsg(71, {msg_name=NULL, msg_namelen=0, msg_iov=[{iov_base="l\1\1\1\344\0\0\0\377\1\0\0\235\0\0\0\1\1o\0;\0\0\0/re/frid"..., iov_len=404}], msg_iovlen=1, msg_controllen=0, msg_flags=0}, MSG_NOSIGNAL) = 404
24249 1784070603.691059 recvfrom(38, 0x7ff90a9de0, 3200, MSG_DONTWAIT, NULL, NULL) = -1 EAGAIN (Try again)
24644 1784070603.693058 sendmsg(71, {msg_name=NULL, msg_namelen=0, msg_iov=[{iov_base="l\1\1\1\344\0\0\0\0\2\0\0\235\0\0\0\1\1o\0;\0\0\0/re/frid"..., iov_len=404}], msg_iovlen=1, msg_controllen=0, msg_flags=0}, MSG_NOSIGNAL) = 404
24249 1784070603.702363 recvfrom(38, "nysv\0\0\0\0\0\0\0\0\0\0\0\0\261B-lm\1\0\0-l\1\0\0\0\0\0", 3200, MSG_DONTWAIT, NULL, NULL) = 32
24249 1784070603.702446 recvfrom(38, 0x7ff90aa020, 3200, MSG_DONTWAIT, NULL, NULL) = -1 EAGAIN (Try again)
24249 1784070603.702514 recvfrom(63, 0x7165c6d820, 2272, MSG_DONTWAIT, NULL, NULL) = -1 EAGAIN (Try again)
24249 1784070605.700325 recvfrom(38, 0x7ff90a9de0, 3200, MSG_DONTWAIT, NULL, NULL) = -1 EAGAIN (Try again)
24644 1784070605.702799 sendmsg(71, {msg_name=NULL, msg_namelen=0, msg_iov=[{iov_base="l\1\1\1\344\0\0\0\1\2\0\0\235\0\0\0\1\1o\0;\0\0\0/re/frid"..., iov_len=404}], msg_iovlen=1, msg_controllen=0, msg_flags=0}, MSG_NOSIGNAL) = 404
24249 1784070605.725585 recvfrom(38, "nysv\0\0\0\0\0\0\0\0\0\0\0\0\7\325`\344m\1\0\0\243l\1\0\0\0\0\0", 3200, MSG_DONTWAIT, NULL, NULL) = 32
24249 1784070605.725695 recvfrom(38, 0x7ff90aa020, 3200, MSG_DONTWAIT, NULL, NULL) = -1 EAGAIN (Try again)
24249 1784070605.725814 recvfrom(63, 0x7165c6d820, 2272, MSG_DONTWAIT, NULL, NULL) = -1 EAGAIN (Try again)
24249 1784070605.852475 recvfrom(63, "\2\0\0\0\0\0\0\0\315\10\0\0\0\0\0\0\300\340D\354m\1\0\0\1\0\0\0\2\20\0\0"..., 2272, MSG_DONTWAIT, NULL, NULL) = 232
24249 1784070605.852626 recvfrom(38, 0x7ff90a8420, 3200, MSG_DONTWAIT, NULL, NULL) = -1 EAGAIN (Try again)
24249 1784070605.852718 sendto(63, "\3\0\0\0\0\0\0\0\315\10\0\0\1\0\0\0", 16, MSG_DONTWAIT|MSG_NOSIGNAL, NULL, 0) = 16
24249 1784070605.852735 recvfrom(63, 0x7165c6d820, 2272, MSG_DONTWAIT, NULL, NULL) = -1 EAGAIN (Try again)
24249 1784070605.853007 recvfrom(63, "\2\0\0\0\0\0\0\0\317\10\0\0\0\0\0\0\300\340D\354m\1\0\0\1\0\0\0\2\20\0\0"..., 2272, MSG_DONTWAIT, NULL, NULL) = 232
24249 1784070605.853208 sendto(63, "\3\0\0\0\0\0\0\0\317\10\0\0\1\0\0\0", 16, MSG_DONTWAIT|MSG_NOSIGNAL, NULL, 0) = 16
24249 1784070605.853242 recvfrom(63, 0x7165c6d820, 2272, MSG_DONTWAIT, NULL, NULL) = -1 EAGAIN (Try again)
24249 1784070605.869335 recvfrom(38, "nysv\0\0\0\0\0\0\0\0\0\0\0\0\316?R\355m\1\0\0\254l\1\0\0\0\0\0", 3200, MSG_DONTWAIT, NULL, NULL) = 32
24249 1784070605.869353 recvfrom(38, 0x7ff90aa020, 3200, MSG_DONTWAIT, NULL, NULL) = -1 EAGAIN (Try again)
24249 1784070605.869378 recvfrom(63, 0x7165c6d820, 2272, MSG_DONTWAIT, NULL, NULL) = -1 EAGAIN (Try again)
24249 1784070605.869397 recvfrom(38, 0x7ff90a9f80, 3200, MSG_DONTWAIT, NULL, NULL) = -1 EAGAIN (Try again)
24644 1784070605.871931 sendmsg(71, {msg_name=NULL, msg_namelen=0, msg_iov=[{iov_base="l\1\1\1\310\0\0\0\2\2\0\0\235\0\0\0\1\1o\0;\0\0\0/re/frid"..., iov_len=376}], msg_iovlen=1, msg_controllen=0, msg_flags=0}, MSG_NOSIGNAL) = 376
24271 1784070605.877685 recvfrom(42, 0x716ad86eb0, 3200, MSG_DONTWAIT, NULL, NULL) = -1 EAGAIN (Try again)
24271 1784070605.878325 recvfrom(42, 0x716ad86eb0, 3200, MSG_DONTWAIT, NULL, NULL) = -1 EAGAIN (Try again)
24249 1784070605.885808 recvfrom(38, "nysv\0\0\0\0\0\0\0\0\0\0\0\0\264\321P\356m\1\0\0\255l\1\0\0\0\0\0", 3200, MSG_DONTWAIT, NULL, NULL) = 32
24249 1784070605.885968 recvfrom(38, 0x7ff90aa020, 3200, MSG_DONTWAIT, NULL, NULL) = -1 EAGAIN (Try again)
24271 1784070605.886247 recvfrom(42,  <unfinished ...>
24249 1784070605.886274 recvfrom(63, 0x7165c6d820, 2272, MSG_DONTWAIT, NULL, NULL) = -1 EAGAIN (Try again)
24271 1784070605.886289 <... recvfrom resumed> "nysv\0\0\0\0\0\0\0\0\0\0\0\0\264\321P\356m\1\0\0\255l\1\0\0\0\0\0", 3200, MSG_DONTWAIT, NULL, NULL) = 32
24249 1784070605.886393 recvfrom(38, 0x7ff90a9f80, 3200, MSG_DONTWAIT, NULL, NULL) = -1 EAGAIN (Try again)
24271 1784070605.886531 recvfrom(42, 0x716ad86c80, 3200, MSG_DONTWAIT, NULL, NULL) = -1 EAGAIN (Try again)
24271 1784070605.899180 recvfrom(42, 0x716ad86eb0, 3200, MSG_DONTWAIT, NULL, NULL) = -1 EAGAIN (Try again)
24249 1784070605.903192 recvfrom(38, "nysv\0\0\0\0\0\0\0\0\0\0\0\00059O\357m\1\0\0\256l\1\0\0\0\0\0", 3200, MSG_DONTWAIT, NULL, NULL) = 32
24249 1784070605.903214 recvfrom(38, 0x7ff90aa020, 3200, MSG_DONTWAIT, NULL, NULL) = -1 EAGAIN (Try again)
24249 1784070605.903268 recvfrom(63, 0x7165c6d820, 2272, MSG_DONTWAIT, NULL, NULL) = -1 EAGAIN (Try again)
24271 1784070605.903378 recvfrom(42,  <unfinished ...>
24249 1784070605.903388 recvfrom(38, 0x7ff90a9f80, 3200, MSG_DONTWAIT, NULL, NULL) = -1 EAGAIN (Try again)
24271 1784070605.903711 <... recvfrom resumed> "nysv\0\0\0\0\0\0\0\0\0\0\0\00059O\357m\1\0\0\256l\1\0\0\0\0\0", 3200, MSG_DONTWAIT, NULL, NULL) = 32
24271 1784070605.903832 recvfrom(42, 0x716ad86c80, 3200, MSG_DONTWAIT, NULL, NULL) = -1 EAGAIN (Try again)
24271 1784070605.914760 recvfrom(42, 0x716ad86eb0, 3200, MSG_DONTWAIT, NULL, NULL) = -1 EAGAIN (Try again)
24249 1784070605.920328 recvfrom(38, "nysv\0\0\0\0\0\0\0\0\0\0\0\0\206\223M\360m\1\0\0\257l\1\0\0\0\0\0", 3200, MSG_DONTWAIT, NULL, NULL) = 32
24249 1784070605.920350 recvfrom(38, 0x7ff90aa020, 3200, MSG_DONTWAIT, NULL, NULL) = -1 EAGAIN (Try again)
24271 1784070605.920644 recvfrom(42,  <unfinished ...>
24249 1784070605.920654 recvfrom(38, 0x7ff90a9f80, 3200, MSG_DONTWAIT, NULL, NULL) = -1 EAGAIN (Try again)
24271 1784070605.920732 <... recvfrom resumed> "nysv\0\0\0\0\0\0\0\0\0\0\0\0\206\223M\360m\1\0\0\257l\1\0\0\0\0\0", 3200, MSG_DONTWAIT, NULL, NULL) = 32
24271 1784070605.920839 recvfrom(42, 0x716ad86c80, 3200, MSG_DONTWAIT, NULL, NULL) = -1 EAGAIN (Try again)
24271 1784070605.931964 recvfrom(42, 0x716ad86eb0, 3200, MSG_DONTWAIT, NULL, NULL) = -1 EAGAIN (Try again)
24249 1784070605.937073 recvfrom(38, "nysv\0\0\0\0\0\0\0\0\0\0\0\0)\323K\361m\1\0\0\260l\1\0\0\0\0\0", 3200, MSG_DONTWAIT, NULL, NULL) = 32
24249 1784070605.937092 recvfrom(38, 0x7ff90aa020, 3200, MSG_DONTWAIT, NULL, NULL) = -1 EAGAIN (Try again)
24249 1784070605.937139 recvfrom(38, 0x7ff90a9f80, 3200, MSG_DONTWAIT, NULL, NULL) = -1 EAGAIN (Try again)
24271 1784070605.937547 recvfrom(42, "nysv\0\0\0\0\0\0\0\0\0\0\0\0)\323K\361m\1\0\0\260l\1\0\0\0\0\0", 3200, MSG_DONTWAIT, NULL, NULL) = 32
24271 1784070605.937715 recvfrom(42, 0x716ad86c80, 3200, MSG_DONTWAIT, NULL, NULL) = -1 EAGAIN (Try again)
24271 1784070605.948343 recvfrom(42, 0x716ad86eb0, 3200, MSG_DONTWAIT, NULL, NULL) = -1 EAGAIN (Try again)
24249 1784070605.953884 recvfrom(38, "nysv\0\0\0\0\0\0\0\0\0\0\0\0\306\nJ\362m\1\0\0\261l\1\0\0\0\0\0", 3200, MSG_DONTWAIT, NULL, NULL) = 32
24249 1784070605.953914 recvfrom(38, 0x7ff90aa020, 3200, MSG_DONTWAIT, NULL, NULL) = -1 EAGAIN (Try again)
24249 1784070605.954049 recvfrom(38, 0x7ff90a9f80, 3200, MSG_DONTWAIT, NULL, NULL) = -1 EAGAIN (Try again)
24271 1784070605.954343 recvfrom(42, "nysv\0\0\0\0\0\0\0\0\0\0\0\0\306\nJ\362m\1\0\0\261l\1\0\0\0\0\0", 3200, MSG_DONTWAIT, NULL, NULL) = 32
24271 1784070605.954509 recvfrom(42, 0x716ad86c80, 3200, MSG_DONTWAIT, NULL, NULL) = -1 EAGAIN (Try again)
24271 1784070605.965867 recvfrom(42, 0x716ad86eb0, 3200, MSG_DONTWAIT, NULL, NULL) = -1 EAGAIN (Try again)
24249 1784070605.969921 recvfrom(38, "nysv\0\0\0\0\0\0\0\0\0\0\0\0djH\363m\1\0\0\262l\1\0\0\0\0\0", 3200, MSG_DONTWAIT, NULL, NULL) = 32
24249 1784070605.969938 recvfrom(38, 0x7ff90aa020, 3200, MSG_DONTWAIT, NULL, NULL) = -1 EAGAIN (Try again)
24249 1784070605.970061 recvfrom(38, 0x7ff90a9f80, 3200, MSG_DONTWAIT, NULL, NULL) = -1 EAGAIN (Try again)
24271 1784070605.970355 recvfrom(42, "nysv\0\0\0\0\0\0\0\0\0\0\0\0djH\363m\1\0\0\262l\1\0\0\0\0\0", 3200, MSG_DONTWAIT, NULL, NULL) = 32
24277 1784070605.970560 faccessat(AT_FDCWD, "/data/user/0/barilyuk.batterytemperature/shared_prefs/MyPrefs.xml", F_OK <unfinished ...>
24271 1784070605.970575 recvfrom(42,  <unfinished ...>
24277 1784070605.970669 <... faccessat resumed> ) = 0
24271 1784070605.970680 <... recvfrom resumed> 0x716ad86c80, 3200, MSG_DONTWAIT, NULL, NULL) = -1 EAGAIN (Try again)
24277 1784070605.970777 faccessat(AT_FDCWD, "/data/user/0/barilyuk.batterytemperature/shared_prefs/MyPrefs.xml.bak", F_OK) = -1 ENOENT (No such file or directory)
24277 1784070605.971242 renameat(AT_FDCWD, "/data/user/0/barilyuk.batterytemperature/shared_prefs/MyPrefs.xml", AT_FDCWD, "/data/user/0/barilyuk.batterytemperature/shared_prefs/MyPrefs.xml.bak") = 0
24277 1784070605.972453 openat(AT_FDCWD, "/data/user/0/barilyuk.batterytemperature/shared_prefs/MyPrefs.xml", O_WRONLY|O_CREAT|O_TRUNC, 0600) = 56
24277 1784070605.976701 getsockopt(56, SOL_SOCKET, SO_ERROR, 0x710da96454, [4]) = -1 ENOTSOCK (Socket operation on non-socket)
24277 1784070605.977148 fchmodat(AT_FDCWD, "/data/user/0/barilyuk.batterytemperature/shared_prefs/MyPrefs.xml", 0660) = 0
24277 1784070605.977385 newfstatat(AT_FDCWD, "/data/user/0/barilyuk.batterytemperature/shared_prefs/MyPrefs.xml", {st_mode=S_IFREG|0660, st_size=313, ...}, 0) = 0
24644 1784070605.981700 sendmsg(71, {msg_name=NULL, msg_namelen=0, msg_iov=[{iov_base="l\1\1\1\20\1\0\0\3\2\0\0\235\0\0\0\1\1o\0;\0\0\0/re/frid"..., iov_len=448}], msg_iovlen=1, msg_controllen=0, msg_flags=0}, MSG_NOSIGNAL) = 448
24277 1784070605.982247 unlinkat(AT_FDCWD, "/data/user/0/barilyuk.batterytemperature/shared_prefs/MyPrefs.xml.bak", 0) = 0
24271 1784070605.984191 recvfrom(42, 0x716ad86eb0, 3200, MSG_DONTWAIT, NULL, NULL) = -1 EAGAIN (Try again)
24249 1784070605.985984 recvfrom(38, "nysv\0\0\0\0\0\0\0\0\0\0\0\0\"\360F\364m\1\0\0\263l\1\0\0\0\0\0", 3200, MSG_DONTWAIT, NULL, NULL) = 32
24249 1784070605.986003 recvfrom(38, 0x7ff90aa020, 3200, MSG_DONTWAIT, NULL, NULL) = -1 EAGAIN (Try again)
24249 1784070605.986132 recvfrom(38, 0x7ff90a9f80, 3200, MSG_DONTWAIT, NULL, NULL) = -1 EAGAIN (Try again)
24271 1784070605.986440 recvfrom(42, "nysv\0\0\0\0\0\0\0\0\0\0\0\0\"\360F\364m\1\0\0\263l\1\0\0\0\0\0", 3200, MSG_DONTWAIT, NULL, NULL) = 32
24271 1784070605.986660 recvfrom(42, 0x716ad86c80, 3200, MSG_DONTWAIT, NULL, NULL) = -1 EAGAIN (Try again)
24271 1784070605.997686 recvfrom(42, 0x716ad86eb0, 3200, MSG_DONTWAIT, NULL, NULL) = -1 EAGAIN (Try again)
24249 1784070606.002792 recvfrom(38, "nysv\0\0\0\0\0\0\0\0\0\0\0\0\10rE\365m\1\0\0\264l\1\0\0\0\0\0", 3200, MSG_DONTWAIT, NULL, NULL) = 32
24249 1784070606.002811 recvfrom(38, 0x7ff90aa020, 3200, MSG_DONTWAIT, NULL, NULL) = -1 EAGAIN (Try again)
24249 1784070606.003114 recvfrom(38, 0x7ff90a9f80, 3200, MSG_DONTWAIT, NULL, NULL) = -1 EAGAIN (Try again)
24271 1784070606.003122 recvfrom(42, "nysv\0\0\0\0\0\0\0\0\0\0\0\0\10rE\365m\1\0\0\264l\1\0\0\0\0\0", 3200, MSG_DONTWAIT, NULL, NULL) = 32
24271 1784070606.003321 recvfrom(42, 0x716ad86c80, 3200, MSG_DONTWAIT, NULL, NULL) = -1 EAGAIN (Try again)
24271 1784070606.015156 recvfrom(42, 0x716ad86eb0, 3200, MSG_DONTWAIT, NULL, NULL) = -1 EAGAIN (Try again)
24249 1784070606.020099 recvfrom(38, "nysv\0\0\0\0\0\0\0\0\0\0\0\0\343\307C\366m\1\0\0\265l\1\0\0\0\0\0", 3200, MSG_DONTWAIT, NULL, NULL) = 32
24249 1784070606.020126 recvfrom(38, 0x7ff90aa020, 3200, MSG_DONTWAIT, NULL, NULL) = -1 EAGAIN (Try again)
24249 1784070606.020165 recvfrom(38, 0x7ff90a9f80, 3200, MSG_DONTWAIT, NULL, NULL) = -1 EAGAIN (Try again)
24271 1784070606.020549 recvfrom(42, "nysv\0\0\0\0\0\0\0\0\0\0\0\0\343\307C\366m\1\0\0\265l\1\0\0\0\0\0", 3200, MSG_DONTWAIT, NULL, NULL) = 32
24271 1784070606.020703 recvfrom(42, 0x716ad86c80, 3200, MSG_DONTWAIT, NULL, NULL) = -1 EAGAIN (Try again)
24271 1784070606.031707 recvfrom(42, 0x716ad86eb0, 3200, MSG_DONTWAIT, NULL, NULL) = -1 EAGAIN (Try again)
24249 1784070606.037285 recvfrom(38, "nysv\0\0\0\0\0\0\0\0\0\0\0\0&\1B\367m\1\0\0\266l\1\0\0\0\0\0", 3200, MSG_DONTWAIT, NULL, NULL) = 32
24249 1784070606.037305 recvfrom(38, 0x7ff90aa020, 3200, MSG_DONTWAIT, NULL, NULL) = -1 EAGAIN (Try again)
24249 1784070606.037335 recvfrom(38, 0x7ff90a9f80, 3200, MSG_DONTWAIT, NULL, NULL) = -1 EAGAIN (Try again)
24271 1784070606.037795 recvfrom(42, "nysv\0\0\0\0\0\0\0\0\0\0\0\0&\1B\367m\1\0\0\266l\1\0\0\0\0\0", 3200, MSG_DONTWAIT, NULL, NULL) = 32
24271 1784070606.037948 recvfrom(42, 0x716ad86c80, 3200, MSG_DONTWAIT, NULL, NULL) = -1 EAGAIN (Try again)
24271 1784070606.049183 recvfrom(42, 0x716ad86eb0, 3200, MSG_DONTWAIT, NULL, NULL) = -1 EAGAIN (Try again)
24249 1784070606.053418 recvfrom(38, "nysv\0\0\0\0\0\0\0\0\0\0\0\0\322V@\370m\1\0\0\267l\1\0\0\0\0\0", 3200, MSG_DONTWAIT, NULL, NULL) = 32
24249 1784070606.053435 recvfrom(38, 0x7ff90aa020, 3200, MSG_DONTWAIT, NULL, NULL) = -1 EAGAIN (Try again)
24249 1784070606.053472 recvfrom(38, 0x7ff90a9f80, 3200, MSG_DONTWAIT, NULL, NULL) = -1 EAGAIN (Try again)
24271 1784070606.053583 recvfrom(42, "nysv\0\0\0\0\0\0\0\0\0\0\0\0\322V@\370m\1\0\0\267l\1\0\0\0\0\0", 3200, MSG_DONTWAIT, NULL, NULL) = 32
24271 1784070606.054044 recvfrom(42, 0x716ad86c80, 3200, MSG_DONTWAIT, NULL, NULL) = -1 EAGAIN (Try again)
24271 1784070606.064978 recvfrom(42, 0x716ad86eb0, 3200, MSG_DONTWAIT, NULL, NULL) = -1 EAGAIN (Try again)
24249 1784070606.070238 recvfrom(38, "nysv\0\0\0\0\0\0\0\0\0\0\0\0\34\252>\371m\1\0\0\270l\1\0\0\0\0\0", 3200, MSG_DONTWAIT, NULL, NULL) = 32
24249 1784070606.070253 recvfrom(38, 0x7ff90aa020, 3200, MSG_DONTWAIT, NULL, NULL) = -1 EAGAIN (Try again)
24249 1784070606.070318 recvfrom(38, 0x7ff90a9f80, 3200, MSG_DONTWAIT, NULL, NULL) = -1 EAGAIN (Try again)
24271 1784070606.070543 recvfrom(42, "nysv\0\0\0\0\0\0\0\0\0\0\0\0\34\252>\371m\1\0\0\270l\1\0\0\0\0\0", 3200, MSG_DONTWAIT, NULL, NULL) = 32
24271 1784070606.070738 recvfrom(42, 0x716ad86c80, 3200, MSG_DONTWAIT, NULL, NULL) = -1 EAGAIN (Try again)
24271 1784070606.081275 recvfrom(42, 0x716ad86eb0, 3200, MSG_DONTWAIT, NULL, NULL) = -1 EAGAIN (Try again)
24249 1784070606.085700 recvfrom(38, "nysv\0\0\0\0\0\0\0\0\0\0\0\0sF=\372m\1\0\0\271l\1\0\0\0\0\0", 3200, MSG_DONTWAIT, NULL, NULL) = 32
24249 1784070606.085725 recvfrom(38, 0x7ff90aa020, 3200, MSG_DONTWAIT, NULL, NULL) = -1 EAGAIN (Try again)
24249 1784070606.086051 recvfrom(38, 0x7ff90a9f80, 3200, MSG_DONTWAIT, NULL, NULL) = -1 EAGAIN (Try again)
24271 1784070606.086091 recvfrom(42, "nysv\0\0\0\0\0\0\0\0\0\0\0\0sF=\372m\1\0\0\271l\1\0\0\0\0\0", 3200, MSG_DONTWAIT, NULL, NULL) = 32
24271 1784070606.086283 recvfrom(42, 0x716ad86c80, 3200, MSG_DONTWAIT, NULL, NULL) = -1 EAGAIN (Try again)
24271 1784070606.098704 recvfrom(42, 0x716ad86eb0, 3200, MSG_DONTWAIT, NULL, NULL) = -1 EAGAIN (Try again)
24249 1784070606.102615 recvfrom(38, "nysv\0\0\0\0\0\0\0\0\0\0\0\0\266\f<\373m\1\0\0\272l\1\0\0\0\0\0", 3200, MSG_DONTWAIT, NULL, NULL) = 32
24249 1784070606.102637 recvfrom(38, 0x7ff90aa020, 3200, MSG_DONTWAIT, NULL, NULL) = -1 EAGAIN (Try again)
24271 1784070606.102819 recvfrom(42,  <unfinished ...>
24249 1784070606.102836 recvfrom(38, 0x7ff90a9f80, 3200, MSG_DONTWAIT, NULL, NULL) = -1 EAGAIN (Try again)
24271 1784070606.103073 <... recvfrom resumed> "nysv\0\0\0\0\0\0\0\0\0\0\0\0\266\f<\373m\1\0\0\272l\1\0\0\0\0\0", 3200, MSG_DONTWAIT, NULL, NULL) = 32
24271 1784070606.103262 recvfrom(42, 0x716ad86c80, 3200, MSG_DONTWAIT, NULL, NULL) = -1 EAGAIN (Try again)
24271 1784070606.116911 recvfrom(42, 0x716ad86eb0, 3200, MSG_DONTWAIT, NULL, NULL) = -1 EAGAIN (Try again)
24249 1784070606.119778 recvfrom(38, "nysv\0\0\0\0\0\0\0\0\0\0\0\0\347x:\374m\1\0\0\273l\1\0\0\0\0\0", 3200, MSG_DONTWAIT, NULL, NULL) = 32
24249 1784070606.119795 recvfrom(38, 0x7ff90aa020, 3200, MSG_DONTWAIT, NULL, NULL) = -1 EAGAIN (Try again)
24249 1784070606.119823 recvfrom(38, 0x7ff90a9f80, 3200, MSG_DONTWAIT, NULL, NULL) = -1 EAGAIN (Try again)
24271 1784070606.120297 recvfrom(42, "nysv\0\0\0\0\0\0\0\0\0\0\0\0\347x:\374m\1\0\0\273l\1\0\0\0\0\0", 3200, MSG_DONTWAIT, NULL, NULL) = 32
24271 1784070606.120473 recvfrom(42, 0x716ad86c80, 3200, MSG_DONTWAIT, NULL, NULL) = -1 EAGAIN (Try again)
24271 1784070606.131742 recvfrom(42, 0x716ad86eb0, 3200, MSG_DONTWAIT, NULL, NULL) = -1 EAGAIN (Try again)
24249 1784070606.137314 recvfrom(38, "nysv\0\0\0\0\0\0\0\0\0\0\0\0j\2548\375m\1\0\0\274l\1\0\0\0\0\0", 3200, MSG_DONTWAIT, NULL, NULL) = 32
24249 1784070606.137330 recvfrom(38, 0x7ff90aa020, 3200, MSG_DONTWAIT, NULL, NULL) = -1 EAGAIN (Try again)
24249 1784070606.137359 recvfrom(38, 0x7ff90a9f80, 3200, MSG_DONTWAIT, NULL, NULL) = -1 EAGAIN (Try again)
24271 1784070606.137885 recvfrom(42, "nysv\0\0\0\0\0\0\0\0\0\0\0\0j\2548\375m\1\0\0\274l\1\0\0\0\0\0", 3200, MSG_DONTWAIT, NULL, NULL) = 32
24271 1784070606.138040 recvfrom(42, 0x716ad86c80, 3200, MSG_DONTWAIT, NULL, NULL) = -1 EAGAIN (Try again)
24271 1784070606.148925 recvfrom(42, 0x716ad86eb0, 3200, MSG_DONTWAIT, NULL, NULL) = -1 EAGAIN (Try again)
24249 1784070606.153770 recvfrom(38, "nysv\0\0\0\0\0\0\0\0\0\0\0\0g\3576\376m\1\0\0\275l\1\0\0\0\0\0", 3200, MSG_DONTWAIT, NULL, NULL) = 32
24249 1784070606.153801 recvfrom(38, 0x7ff90aa020, 3200, MSG_DONTWAIT, NULL, NULL) = -1 EAGAIN (Try again)
24271 1784070606.153927 recvfrom(42, "nysv\0\0\0\0\0\0\0\0\0\0\0\0g\3576\376m\1\0\0\275l\1\0\0\0\0\0", 3200, MSG_DONTWAIT, NULL, NULL) = 32
24249 1784070606.153975 recvfrom(38, 0x7ff90a9f80, 3200, MSG_DONTWAIT, NULL, NULL) = -1 EAGAIN (Try again)
24271 1784070606.154212 recvfrom(42, 0x716ad86c80, 3200, MSG_DONTWAIT, NULL, NULL) = -1 EAGAIN (Try again)
24271 1784070606.165597 recvfrom(42, 0x716ad86eb0, 3200, MSG_DONTWAIT, NULL, NULL) = -1 EAGAIN (Try again)
24249 1784070606.168886 recvfrom(38, "nysv\0\0\0\0\0\0\0\0\0\0\0\0\360\2145\377m\1\0\0\276l\1\0\0\0\0\0", 3200, MSG_DONTWAIT, NULL, NULL) = 32
24249 1784070606.168960 recvfrom(38, 0x7ff90aa020, 3200, MSG_DONTWAIT, NULL, NULL) = -1 EAGAIN (Try again)
24249 1784070606.168988 recvfrom(38, 0x7ff90a9f80, 3200, MSG_DONTWAIT, NULL, NULL) = -1 EAGAIN (Try again)
24271 1784070606.169263 recvfrom(42, "nysv\0\0\0\0\0\0\0\0\0\0\0\0\360\2145\377m\1\0\0\276l\1\0\0\0\0\0", 3200, MSG_DONTWAIT, NULL, NULL) = 32
24271 1784070606.169452 recvfrom(42, 0x716ad86c80, 3200, MSG_DONTWAIT, NULL, NULL) = -1 EAGAIN (Try again)
24271 1784070606.181669 recvfrom(42, 0x716ad86eb0, 3200, MSG_DONTWAIT, NULL, NULL) = -1 EAGAIN (Try again)
24249 1784070606.185777 recvfrom(38, "nysv\0\0\0\0\0\0\0\0\0\0\0\0\347\0374\0n\1\0\0\277l\1\0\0\0\0\0", 3200, MSG_DONTWAIT, NULL, NULL) = 32
24249 1784070606.185912 recvfrom(38, 0x7ff90aa020, 3200, MSG_DONTWAIT, NULL, NULL) = -1 EAGAIN (Try again)
24271 1784070606.186215 recvfrom(42,  <unfinished ...>
24249 1784070606.186238 recvfrom(38, 0x7ff90a9f80, 3200, MSG_DONTWAIT, NULL, NULL) = -1 EAGAIN (Try again)
24271 1784070606.186281 <... recvfrom resumed> "nysv\0\0\0\0\0\0\0\0\0\0\0\0\347\0374\0n\1\0\0\277l\1\0\0\0\0\0", 3200, MSG_DONTWAIT, NULL, NULL) = 32
24271 1784070606.186417 recvfrom(42, 0x716ad86c80, 3200, MSG_DONTWAIT, NULL, NULL) = -1 EAGAIN (Try again)
24271 1784070606.198661 recvfrom(42, 0x716ad86eb0, 3200, MSG_DONTWAIT, NULL, NULL) = -1 EAGAIN (Try again)
24249 1784070606.203121 recvfrom(38, "nysv\0\0\0\0\0\0\0\0\0\0\0\0\24\2112\1n\1\0\0\300l\1\0\0\0\0\0", 3200, MSG_DONTWAIT, NULL, NULL) = 32
24249 1784070606.203136 recvfrom(38, 0x7ff90aa020, 3200, MSG_DONTWAIT, NULL, NULL) = -1 EAGAIN (Try again)
24249 1784070606.203222 recvfrom(38, 0x7ff90a9f80, 3200, MSG_DONTWAIT, NULL, NULL) = -1 EAGAIN (Try again)
24271 1784070606.203564 recvfrom(42, "nysv\0\0\0\0\0\0\0\0\0\0\0\0\24\2112\1n\1\0\0\300l\1\0\0\0\0\0", 3200, MSG_DONTWAIT, NULL, NULL) = 32
24271 1784070606.203850 recvfrom(42, 0x716ad86c80, 3200, MSG_DONTWAIT, NULL, NULL) = -1 EAGAIN (Try again)
24271 1784070606.214491 recvfrom(42, 0x716ad86eb0, 3200, MSG_DONTWAIT, NULL, NULL) = -1 EAGAIN (Try again)
24249 1784070606.220130 recvfrom(38, "nysv\0\0\0\0\0\0\0\0\0\0\0\0\342\3400\2n\1\0\0\301l\1\0\0\0\0\0", 3200, MSG_DONTWAIT, NULL, NULL) = 32
24249 1784070606.220146 recvfrom(38, 0x7ff90aa020, 3200, MSG_DONTWAIT, NULL, NULL) = -1 EAGAIN (Try again)
24249 1784070606.220260 recvfrom(38, 0x7ff90a9f80, 3200, MSG_DONTWAIT, NULL, NULL) = -1 EAGAIN (Try again)
24271 1784070606.220524 recvfrom(42, "nysv\0\0\0\0\0\0\0\0\0\0\0\0\342\3400\2n\1\0\0\301l\1\0\0\0\0\0", 3200, MSG_DONTWAIT, NULL, NULL) = 32
24271 1784070606.220704 recvfrom(42, 0x716ad86c80, 3200, MSG_DONTWAIT, NULL, NULL) = -1 EAGAIN (Try again)
24271 1784070606.231301 recvfrom(42, 0x716ad86eb0, 3200, MSG_DONTWAIT, NULL, NULL) = -1 EAGAIN (Try again)
24249 1784070606.237294 recvfrom(38, "nysv\0\0\0\0\0\0\0\0\0\0\0\0#\27/\3n\1\0\0\302l\1\0\0\0\0\0", 3200, MSG_DONTWAIT, NULL, NULL) = 32
24249 1784070606.237309 recvfrom(38, 0x7ff90aa020, 3200, MSG_DONTWAIT, NULL, NULL) = -1 EAGAIN (Try again)
24249 1784070606.237336 recvfrom(38, 0x7ff90a9f80, 3200, MSG_DONTWAIT, NULL, NULL) = -1 EAGAIN (Try again)
24271 1784070606.237874 recvfrom(42, "nysv\0\0\0\0\0\0\0\0\0\0\0\0#\27/\3n\1\0\0\302l\1\0\0\0\0\0", 3200, MSG_DONTWAIT, NULL, NULL) = 32
24271 1784070606.238012 recvfrom(42, 0x716ad86c80, 3200, MSG_DONTWAIT, NULL, NULL) = -1 EAGAIN (Try again)
24271 1784070606.248762 recvfrom(42, 0x716ad86eb0, 3200, MSG_DONTWAIT, NULL, NULL) = -1 EAGAIN (Try again)
24249 1784070606.253760 recvfrom(38, "nysv\0\0\0\0\0\0\0\0\0\0\0\0\216\\-\4n\1\0\0\303l\1\0\0\0\0\0", 3200, MSG_DONTWAIT, NULL, NULL) = 32
24249 1784070606.253782 recvfrom(38, 0x7ff90aa020, 3200, MSG_DONTWAIT, NULL, NULL) = -1 EAGAIN (Try again)
24271 1784070606.254290 recvfrom(42, "nysv\0\0\0\0\0\0\0\0\0\0\0\0\216\\-\4n\1\0\0\303l\1\0\0\0\0\0", 3200, MSG_DONTWAIT, NULL, NULL) = 32
24271 1784070606.254446 recvfrom(42, 0x716ad86c80, 3200, MSG_DONTWAIT, NULL, NULL) = -1 EAGAIN (Try again)
24271 1784070606.265267 recvfrom(42, 0x716ad86eb0, 3200, MSG_DONTWAIT, NULL, NULL) = -1 EAGAIN (Try again)
24271 1784070606.270286 recvfrom(42, "nysv\0\0\0\0\0\0\0\0\0\0\0\0\316\306+\5n\1\0\0\304l\1\0\0\0\0\0", 3200, MSG_DONTWAIT, NULL, NULL) = 32
24271 1784070606.270473 recvfrom(42, 0x716ad86c80, 3200, MSG_DONTWAIT, NULL, NULL) = -1 EAGAIN (Try again)
24271 1784070606.281858 recvfrom(42, 0x716ad86eb0, 3200, MSG_DONTWAIT, NULL, NULL) = -1 EAGAIN (Try again)
24271 1784070606.286317 recvfrom(42, "nysv\0\0\0\0\0\0\0\0\0\0\0\0aR*\6n\1\0\0\305l\1\0\0\0\0\0", 3200, MSG_DONTWAIT, NULL, NULL) = 32
24271 1784070606.286485 recvfrom(42, 0x716ad86c80, 3200, MSG_DONTWAIT, NULL, NULL) = -1 EAGAIN (Try again)
24271 1784070606.297240 recvfrom(42, 0x716ad86eb0, 3200, MSG_DONTWAIT, NULL, NULL) = -1 EAGAIN (Try again)
24271 1784070606.305031 recvfrom(42, "nysv\0\0\0\0\0\0\0\0\0\0\0\0\213\242(\7n\1\0\0\306l\1\0\0\0\0\0", 3200, MSG_DONTWAIT, NULL, NULL) = 32
24271 1784070606.305258 recvfrom(42, 0x716ad86c80, 3200, MSG_DONTWAIT, NULL, NULL) = -1 EAGAIN (Try again)
24271 1784070606.315874 recvfrom(42, 0x716ad86eb0, 3200, MSG_DONTWAIT, NULL, NULL) = -1 EAGAIN (Try again)
24271 1784070606.320480 recvfrom(42, "nysv\0\0\0\0\0\0\0\0\0\0\0\0[\356&\10n\1\0\0\307l\1\0\0\0\0\0", 3200, MSG_DONTWAIT, NULL, NULL) = 32
24271 1784070606.320839 recvfrom(42, 0x716ad86c80, 3200, MSG_DONTWAIT, NULL, NULL) = -1 EAGAIN (Try again)
24271 1784070606.331649 recvfrom(42, 0x716ad86eb0, 3200, MSG_DONTWAIT, NULL, NULL) = -1 EAGAIN (Try again)
24271 1784070606.337967 recvfrom(42, "nysv\0\0\0\0\0\0\0\0\0\0\0\0R\30%\tn\1\0\0\310l\1\0\0\0\0\0", 3200, MSG_DONTWAIT, NULL, NULL) = 32
24271 1784070606.338160 recvfrom(42, 0x716ad86c80, 3200, MSG_DONTWAIT, NULL, NULL) = -1 EAGAIN (Try again)
24271 1784070606.348246 recvfrom(42, 0x716ad86eb0, 3200, MSG_DONTWAIT, NULL, NULL) = -1 EAGAIN (Try again)
24271 1784070606.354603 recvfrom(42, "nysv\0\0\0\0\0\0\0\0\0\0\0\0\377C#\nn\1\0\0\311l\1\0\0\0\0\0", 3200, MSG_DONTWAIT, NULL, NULL) = 32
24271 1784070606.354776 recvfrom(42, 0x716ad86c80, 3200, MSG_DONTWAIT, NULL, NULL) = -1 EAGAIN (Try again)
24271 1784070606.364528 recvfrom(42, 0x716ad86eb0, 3200, MSG_DONTWAIT, NULL, NULL) = -1 EAGAIN (Try again)
24271 1784070606.370072 recvfrom(42, "nysv\0\0\0\0\0\0\0\0\0\0\0\0\251\262!\vn\1\0\0\312l\1\0\0\0\0\0", 3200, MSG_DONTWAIT, NULL, NULL) = 32
24271 1784070606.370234 recvfrom(42, 0x716ad86c80, 3200, MSG_DONTWAIT, NULL, NULL) = -1 EAGAIN (Try again)
24271 1784070606.381787 recvfrom(42, 0x716ad86eb0, 3200, MSG_DONTWAIT, NULL, NULL) = -1 EAGAIN (Try again)
24271 1784070606.387821 recvfrom(42, "nysv\0\0\0\0\0\0\0\0\0\0\0\0l\342\37\fn\1\0\0\313l\1\0\0\0\0\0", 3200, MSG_DONTWAIT, NULL, NULL) = 32
24271 1784070606.388043 recvfrom(42, 0x716ad86c80, 3200, MSG_DONTWAIT, NULL, NULL) = -1 EAGAIN (Try again)
24249 1784070606.390885 recvfrom(38, 0x7ff90a9d00, 3200, MSG_DONTWAIT, NULL, NULL) = -1 EAGAIN (Try again)
24249 1784070606.404068 recvfrom(38, "nysv\0\0\0\0\0\0\0\0\0\0\0\0\21\22\36\rn\1\0\0\314l\1\0\0\0\0\0", 3200, MSG_DONTWAIT, NULL, NULL) = 32
24249 1784070606.404089 recvfrom(38, 0x7ff90aa020, 3200, MSG_DONTWAIT, NULL, NULL) = -1 EAGAIN (Try again)
24249 1784070606.404116 recvfrom(63, 0x7165c6d820, 2272, MSG_DONTWAIT, NULL, NULL) = -1 EAGAIN (Try again)
24271 1784070606.404583 recvfrom(42, "nysv\0\0\0\0\0\0\0\0\0\0\0\0\21\22\36\rn\1\0\0\314l\1\0\0\0\0\0", 3200, MSG_DONTWAIT, NULL, NULL) = 32
24271 1784070606.404727 recvfrom(42, 0x716ad86c80, 3200, MSG_DONTWAIT, NULL, NULL) = -1 EAGAIN (Try again)
24249 1784070607.713754 recvfrom(38, 0x7ff90a9de0, 3200, MSG_DONTWAIT, NULL, NULL) = -1 EAGAIN (Try again)
24644 1784070607.715635 sendmsg(71, {msg_name=NULL, msg_namelen=0, msg_iov=[{iov_base="l\1\1\1\344\0\0\0\4\2\0\0\235\0\0\0\1\1o\0;\0\0\0/re/frid"..., iov_len=404}], msg_iovlen=1, msg_controllen=0, msg_flags=0}, MSG_NOSIGNAL) = 404
24249 1784070607.719564 recvfrom(38, "nysv\0\0\0\0\0\0\0\0\0\0\0\0\354\247\226[n\1\0\0\33m\1\0\0\0\0\0", 3200, MSG_DONTWAIT, NULL, NULL) = 32
24249 1784070607.719669 recvfrom(38, 0x7ff90aa020, 3200, MSG_DONTWAIT, NULL, NULL) = -1 EAGAIN (Try again)
24249 1784070607.719770 recvfrom(63, 0x7165c6d820, 2272, MSG_DONTWAIT, NULL, NULL) = -1 EAGAIN (Try again)
24249 1784070608.662863 recvfrom(38, 0x7ff90a9de0, 3200, MSG_DONTWAIT, NULL, NULL) = -1 EAGAIN (Try again)
24644 1784070608.664612 sendmsg(71, {msg_name=NULL, msg_namelen=0, msg_iov=[{iov_base="l\1\1\1\344\0\0\0\5\2\0\0\235\0\0\0\1\1o\0;\0\0\0/re/frid"..., iov_len=404}], msg_iovlen=1, msg_controllen=0, msg_flags=0}, MSG_NOSIGNAL) = 404
24249 1784070608.669797 recvfrom(38, "nysv\0\0\0\0\0\0\0\0\0\0\0\0\276[6\224n\1\0\0Sm\1\0\0\0\0\0", 3200, MSG_DONTWAIT, NULL, NULL) = 32
24249 1784070608.669882 recvfrom(38, 0x7ff90aa020, 3200, MSG_DONTWAIT, NULL, NULL) = -1 EAGAIN (Try again)
24249 1784070608.669953 recvfrom(63, 0x7165c6d820, 2272, MSG_DONTWAIT, NULL, NULL) = -1 EAGAIN (Try again)
24249 1784070609.717322 recvfrom(38, 0x7ff90a9de0, 3200, MSG_DONTWAIT, NULL, NULL) = -1 EAGAIN (Try again)
24644 1784070609.718274 sendmsg(71, {msg_name=NULL, msg_namelen=0, msg_iov=[{iov_base="l\1\1\1\344\0\0\0\6\2\0\0\235\0\0\0\1\1o\0;\0\0\0/re/frid"..., iov_len=404}], msg_iovlen=1, msg_controllen=0, msg_flags=0}, MSG_NOSIGNAL) = 404
24249 1784070609.718868 recvfrom(38, "nysv\0\0\0\0\0\0\0\0\0\0\0\0'\n\315\322n\1\0\0\222m\1\0\0\0\0\0", 3200, MSG_DONTWAIT, NULL, NULL) = 32
24249 1784070609.718890 recvfrom(38, 0x7ff90aa020, 3200, MSG_DONTWAIT, NULL, NULL) = -1 EAGAIN (Try again)
24249 1784070609.718914 recvfrom(63, 0x7165c6d820, 2272, MSG_DONTWAIT, NULL, NULL) = -1 EAGAIN (Try again)
24249 1784070610.675124 recvfrom(38, 0x7ff90a9de0, 3200, MSG_DONTWAIT, NULL, NULL) = -1 EAGAIN (Try again)
24644 1784070610.677175 sendmsg(71, {msg_name=NULL, msg_namelen=0, msg_iov=[{iov_base="l\1\1\1\344\0\0\0\7\2\0\0\235\0\0\0\1\1o\0;\0\0\0/re/frid"..., iov_len=404}], msg_iovlen=1, msg_controllen=0, msg_flags=0}, MSG_NOSIGNAL) = 404
24249 1784070610.687158 recvfrom(38, "nysv\0\0\0\0\0\0\0\0\0\0\0\0\353%j\fo\1\0\0\314m\1\0\0\0\0\0", 3200, MSG_DONTWAIT, NULL, NULL) = 32
24249 1784070610.687239 recvfrom(38, 0x7ff90aa020, 3200, MSG_DONTWAIT, NULL, NULL) = -1 EAGAIN (Try again)
24249 1784070610.687322 recvfrom(63, 0x7165c6d820, 2272, MSG_DONTWAIT, NULL, NULL) = -1 EAGAIN (Try again)
24249 1784070611.721843 recvfrom(38, 0x7ff90a9de0, 3200, MSG_DONTWAIT, NULL, NULL) = -1 EAGAIN (Try again)
24644 1784070611.723566 sendmsg(71, {msg_name=NULL, msg_namelen=0, msg_iov=[{iov_base="l\1\1\1\344\0\0\0\10\2\0\0\235\0\0\0\1\1o\0;\0\0\0/re/frid"..., iov_len=404}], msg_iovlen=1, msg_controllen=0, msg_flags=0}, MSG_NOSIGNAL) = 404
24249 1784070611.736494 recvfrom(38, "nysv\0\0\0\0\0\0\0\0\0\0\0\0-!\0Ko\1\0\0\vn\1\0\0\0\0\0", 3200, MSG_DONTWAIT, NULL, NULL) = 32
24249 1784070611.736595 recvfrom(38, 0x7ff90aa020, 3200, MSG_DONTWAIT, NULL, NULL) = -1 EAGAIN (Try again)
24249 1784070611.736693 recvfrom(63, 0x7165c6d820, 2272, MSG_DONTWAIT, NULL, NULL) = -1 EAGAIN (Try again)
24249 1784070612.687460 recvfrom(38, 0x7ff90a9de0, 3200, MSG_DONTWAIT, NULL, NULL) = -1 EAGAIN (Try again)
24644 1784070612.689100 sendmsg(71, {msg_name=NULL, msg_namelen=0, msg_iov=[{iov_base="l\1\1\1\344\0\0\0\t\2\0\0\235\0\0\0\1\1o\0;\0\0\0/re/frid"..., iov_len=404}], msg_iovlen=1, msg_controllen=0, msg_flags=0}, MSG_NOSIGNAL) = 404
24249 1784070612.707584 recvfrom(38, "nysv\0\0\0\0\0\0\0\0\0\0\0\0\305\t\236\204o\1\0\0En\1\0\0\0\0\0", 3200, MSG_DONTWAIT, NULL, NULL) = 32
24249 1784070612.707691 recvfrom(38, 0x7ff90aa020, 3200, MSG_DONTWAIT, NULL, NULL) = -1 EAGAIN (Try again)
24249 1784070612.707806 recvfrom(63, 0x7165c6d820, 2272, MSG_DONTWAIT, NULL, NULL) = -1 EAGAIN (Try again)
24249 1784070613.733947 recvfrom(38, 0x7ff90a9de0, 3200, MSG_DONTWAIT, NULL, NULL) = -1 EAGAIN (Try again)
24249 1784070613.736206 recvfrom(38, "nysv\0\0\0\0\0\0\0\0\0\0\0\0\16\2755\302o\1\0\0\203n\1\0\0\0\0\0", 3200, MSG_DONTWAIT, NULL, NULL) = 32
24249 1784070613.736270 recvfrom(38, 0x7ff90aa020, 3200, MSG_DONTWAIT, NULL, NULL) = -1 EAGAIN (Try again)
24249 1784070613.736324 recvfrom(63, 0x7165c6d820, 2272, MSG_DONTWAIT, NULL, NULL) = -1 EAGAIN (Try again)
24644 1784070613.737572 sendmsg(71, {msg_name=NULL, msg_namelen=0, msg_iov=[{iov_base="l\1\1\1\344\0\0\0\n\2\0\0\235\0\0\0\1\1o\0;\0\0\0/re/frid"..., iov_len=404}], msg_iovlen=1, msg_controllen=0, msg_flags=0}, MSG_NOSIGNAL) = 404
24249 1784070614.692883 recvfrom(38, 0x7ff90a9de0, 3200, MSG_DONTWAIT, NULL, NULL) = -1 EAGAIN (Try again)
24644 1784070614.694754 sendmsg(71, {msg_name=NULL, msg_namelen=0, msg_iov=[{iov_base="l\1\1\1\344\0\0\0\v\2\0\0\235\0\0\0\1\1o\0;\0\0\0/re/frid"..., iov_len=404}], msg_iovlen=1, msg_controllen=0, msg_flags=0}, MSG_NOSIGNAL) = 404
24249 1784070614.705354 recvfrom(38, "nysv\0\0\0\0\0\0\0\0\0\0\0\0u\235\323\373o\1\0\0\275n\1\0\0\0\0\0", 3200, MSG_DONTWAIT, NULL, NULL) = 32
24249 1784070614.705400 recvfrom(38, 0x7ff90aa020, 3200, MSG_DONTWAIT, NULL, NULL) = -1 EAGAIN (Try again)
24249 1784070614.705442 recvfrom(63, 0x7165c6d820, 2272, MSG_DONTWAIT, NULL, NULL) = -1 EAGAIN (Try again)
24249 1784070615.745062 recvfrom(38, 0x7ff90a9de0, 3200, MSG_DONTWAIT, NULL, NULL) = -1 EAGAIN (Try again)
24644 1784070615.747878 sendmsg(71, {msg_name=NULL, msg_namelen=0, msg_iov=[{iov_base="l\1\1\1\344\0\0\0\f\2\0\0\235\0\0\0\1\1o\0;\0\0\0/re/frid"..., iov_len=404}], msg_iovlen=1, msg_controllen=0, msg_flags=0}, MSG_NOSIGNAL) = 404
24249 1784070615.753216 recvfrom(38, "nysv\0\0\0\0\0\0\0\0\0\0\0\0\314ri:p\1\0\0\373n\1\0\0\0\0\0", 3200, MSG_DONTWAIT, NULL, NULL) = 32
24249 1784070615.753292 recvfrom(38, 0x7ff90aa020, 3200, MSG_DONTWAIT, NULL, NULL) = -1 EAGAIN (Try again)
24249 1784070615.753376 recvfrom(63, 0x7165c6d820, 2272, MSG_DONTWAIT, NULL, NULL) = -1 EAGAIN (Try again)
24249 1784070616.699420 recvfrom(38, 0x7ff90a9de0, 3200, MSG_DONTWAIT, NULL, NULL) = -1 EAGAIN (Try again)
24644 1784070616.701831 sendmsg(71, {msg_name=NULL, msg_namelen=0, msg_iov=[{iov_base="l\1\1\1\344\0\0\0\r\2\0\0\235\0\0\0\1\1o\0;\0\0\0/re/frid"..., iov_len=404}], msg_iovlen=1, msg_controllen=0, msg_flags=0}, MSG_NOSIGNAL) = 404
24249 1784070616.702451 recvfrom(38, "nysv\0\0\0\0\0\0\0\0\0\0\0\0\336\200\tsp\1\0\0004o\1\0\0\0\0\0", 3200, MSG_DONTWAIT, NULL, NULL) = 32
24249 1784070616.702545 recvfrom(38, 0x7ff90aa020, 3200, MSG_DONTWAIT, NULL, NULL) = -1 EAGAIN (Try again)
24249 1784070616.702602 recvfrom(63, 0x7165c6d820, 2272, MSG_DONTWAIT, NULL, NULL) = -1 EAGAIN (Try again)
24249 1784070617.748546 recvfrom(38, 0x7ff90a9de0, 3200, MSG_DONTWAIT, NULL, NULL) = -1 EAGAIN (Try again)
24644 1784070617.750426 sendmsg(71, {msg_name=NULL, msg_namelen=0, msg_iov=[{iov_base="l\1\1\1\344\0\0\0\16\2\0\0\235\0\0\0\1\1o\0;\0\0\0/re/frid"..., iov_len=404}], msg_iovlen=1, msg_controllen=0, msg_flags=0}, MSG_NOSIGNAL) = 404
24249 1784070617.752596 recvfrom(38, "nysv\0\0\0\0\0\0\0\0\0\0\0\0Jh\237\261p\1\0\0so\1\0\0\0\0\0", 3200, MSG_DONTWAIT, NULL, NULL) = 32
24249 1784070617.752651 recvfrom(38, 0x7ff90aa020, 3200, MSG_DONTWAIT, NULL, NULL) = -1 EAGAIN (Try again)
24249 1784070617.752707 recvfrom(63, 0x7165c6d820, 2272, MSG_DONTWAIT, NULL, NULL) = -1 EAGAIN (Try again)
24249 1784070618.710711 recvfrom(38, 0x7ff90a9de0, 3200, MSG_DONTWAIT, NULL, NULL) = -1 EAGAIN (Try again)
24644 1784070618.712546 sendmsg(71, {msg_name=NULL, msg_namelen=0, msg_iov=[{iov_base="l\1\1\1\344\0\0\0\17\2\0\0\235\0\0\0\1\1o\0;\0\0\0/re/frid"..., iov_len=404}], msg_iovlen=1, msg_controllen=0, msg_flags=0}, MSG_NOSIGNAL) = 404
24249 1784070618.720230 recvfrom(38, "nysv\0\0\0\0\0\0\0\0\0\0\0\0\377\24=\353p\1\0\0\255o\1\0\0\0\0\0", 3200, MSG_DONTWAIT, NULL, NULL) = 32
24249 1784070618.720322 recvfrom(38, 0x7ff90aa020, 3200, MSG_DONTWAIT, NULL, NULL) = -1 EAGAIN (Try again)
24249 1784070618.720399 recvfrom(63, 0x7165c6d820, 2272, MSG_DONTWAIT, NULL, NULL) = -1 EAGAIN (Try again)
24249 1784070619.752036 recvfrom(38, 0x7ff90a9de0, 3200, MSG_DONTWAIT, NULL, NULL) = -1 EAGAIN (Try again)
24644 1784070619.754452 sendmsg(71, {msg_name=NULL, msg_namelen=0, msg_iov=[{iov_base="l\1\1\1\344\0\0\0\20\2\0\0\235\0\0\0\1\1o\0;\0\0\0/re/frid"..., iov_len=404}], msg_iovlen=1, msg_controllen=0, msg_flags=0}, MSG_NOSIGNAL) = 404
24249 1784070619.775661 recvfrom(38, "nysv\0\0\0\0\0\0\0\0\0\0\0\0U\317\322)q\1\0\0\354o\1\0\0\0\0\0", 3200, MSG_DONTWAIT, NULL, NULL) = 32
24249 1784070619.775773 recvfrom(38, 0x7ff90aa020, 3200, MSG_DONTWAIT, NULL, NULL) = -1 EAGAIN (Try again)
24249 1784070619.775880 recvfrom(63, 0x7165c6d820, 2272, MSG_DONTWAIT, NULL, NULL) = -1 EAGAIN (Try again)
24249 1784070620.717662 recvfrom(38, 0x7ff90a9de0, 3200, MSG_DONTWAIT, NULL, NULL) = -1 EAGAIN (Try again)
24249 1784070620.719190 recvfrom(38, "nysv\0\0\0\0\0\0\0\0\0\0\0\0=\35sbq\1\0\0%p\1\0\0\0\0\0", 3200, MSG_DONTWAIT, NULL, NULL) = 32
24249 1784070620.719685 recvfrom(38, 0x7ff90aa020, 3200, MSG_DONTWAIT, NULL, NULL) = -1 EAGAIN (Try again)
24249 1784070620.719780 recvfrom(63, 0x7165c6d820, 2272, MSG_DONTWAIT, NULL, NULL) = -1 EAGAIN (Try again)
24644 1784070620.719880 sendmsg(71, {msg_name=NULL, msg_namelen=0, msg_iov=[{iov_base="l\1\1\1\344\0\0\0\21\2\0\0\235\0\0\0\1\1o\0;\0\0\0/re/frid"..., iov_len=404}], msg_iovlen=1, msg_controllen=0, msg_flags=0}, MSG_NOSIGNAL) = 404
24249 1784070621.755632 recvfrom(38, 0x7ff90a9de0, 3200, MSG_DONTWAIT, NULL, NULL) = -1 EAGAIN (Try again)
24644 1784070621.757345 sendmsg(71, {msg_name=NULL, msg_namelen=0, msg_iov=[{iov_base="l\1\1\1\344\0\0\0\22\2\0\0\235\0\0\0\1\1o\0;\0\0\0/re/frid"..., iov_len=404}], msg_iovlen=1, msg_controllen=0, msg_flags=0}, MSG_NOSIGNAL) = 404
24249 1784070621.770131 recvfrom(38, "nysv\0\0\0\0\0\0\0\0\0\0\0\0\315\242\10\241q\1\0\0dp\1\0\0\0\0\0", 3200, MSG_DONTWAIT, NULL, NULL) = 32
24249 1784070621.770285 recvfrom(38, 0x7ff90aa020, 3200, MSG_DONTWAIT, NULL, NULL) = -1 EAGAIN (Try again)
24249 1784070621.770730 recvfrom(63, 0x7165c6d820, 2272, MSG_DONTWAIT, NULL, NULL) = -1 EAGAIN (Try again)
24249 1784070622.723808 recvfrom(38, 0x7ff90a9de0, 3200, MSG_DONTWAIT, NULL, NULL) = -1 EAGAIN (Try again)
24644 1784070622.725900 sendmsg(71, {msg_name=NULL, msg_namelen=0, msg_iov=[{iov_base="l\1\1\1\344\0\0\0\23\2\0\0\235\0\0\0\1\1o\0;\0\0\0/re/frid"..., iov_len=404}], msg_iovlen=1, msg_controllen=0, msg_flags=0}, MSG_NOSIGNAL) = 404
24249 1784070622.737510 recvfrom(38, "nysv\0\0\0\0\0\0\0\0\0\0\0\0\37\215\246\332q\1\0\0\236p\1\0\0\0\0\0", 3200, MSG_DONTWAIT, NULL, NULL) = 32
24249 1784070622.737584 recvfrom(38, 0x7ff90aa020, 3200, MSG_DONTWAIT, NULL, NULL) = -1 EAGAIN (Try again)
24249 1784070622.737662 recvfrom(63, 0x7165c6d820, 2272, MSG_DONTWAIT, NULL, NULL) = -1 EAGAIN (Try again)
24249 1784070623.759004 recvfrom(38, 0x7ff90a9de0, 3200, MSG_DONTWAIT, NULL, NULL) = -1 EAGAIN (Try again)
24644 1784070623.760959 sendmsg(71, {msg_name=NULL, msg_namelen=0, msg_iov=[{iov_base="l\1\1\1\344\0\0\0\24\2\0\0\235\0\0\0\1\1o\0;\0\0\0/re/frid"..., iov_len=404}], msg_iovlen=1, msg_controllen=0, msg_flags=0}, MSG_NOSIGNAL) = 404
24249 1784070623.768935 recvfrom(38, "nysv\0\0\0\0\0\0\0\0\0\0\0\0mD>\30r\1\0\0\332p\1\0\0\0\0\0", 3200, MSG_DONTWAIT, NULL, NULL) = 32
24249 1784070623.768996 recvfrom(38, 0x7ff90aa020, 3200, MSG_DONTWAIT, NULL, NULL) = -1 EAGAIN (Try again)
24249 1784070623.769064 recvfrom(63, 0x7165c6d820, 2272, MSG_DONTWAIT, NULL, NULL) = -1 EAGAIN (Try again)
24249 1784070624.736122 recvfrom(38, 0x7ff90a9de0, 3200, MSG_DONTWAIT, NULL, NULL) = -1 EAGAIN (Try again)
24644 1784070624.738508 sendmsg(71, {msg_name=NULL, msg_namelen=0, msg_iov=[{iov_base="l\1\1\1\344\0\0\0\25\2\0\0\235\0\0\0\1\1o\0;\0\0\0/re/frid"..., iov_len=404}], msg_iovlen=1, msg_controllen=0, msg_flags=0}, MSG_NOSIGNAL) = 404
24249 1784070624.752490 recvfrom(38, "nysv\0\0\0\0\0\0\0\0\0\0\0\0v\301\332Rr\1\0\0\23q\1\0\0\0\0\0", 3200, MSG_DONTWAIT, NULL, NULL) = 32
24249 1784070624.752540 recvfrom(38, 0x7ff90aa020, 3200, MSG_DONTWAIT, NULL, NULL) = -1 EAGAIN (Try again)
24249 1784070624.752594 recvfrom(63, 0x7165c6d820, 2272, MSG_DONTWAIT, NULL, NULL) = -1 EAGAIN (Try again)
24249 1784070625.769003 recvfrom(38, 0x7ff90a9de0, 3200, MSG_DONTWAIT, NULL, NULL) = -1 EAGAIN (Try again)
24644 1784070625.771323 sendmsg(71, {msg_name=NULL, msg_namelen=0, msg_iov=[{iov_base="l\1\1\1\344\0\0\0\26\2\0\0\235\0\0\0\1\1o\0;\0\0\0/re/frid"..., iov_len=404}], msg_iovlen=1, msg_controllen=0, msg_flags=0}, MSG_NOSIGNAL) = 404
24249 1784070625.787144 recvfrom(38, "nysv\0\0\0\0\0\0\0\0\0\0\0\0j\364q\220r\1\0\0Pq\1\0\0\0\0\0", 3200, MSG_DONTWAIT, NULL, NULL) = 32
24249 1784070625.787218 recvfrom(38, 0x7ff90aa020, 3200, MSG_DONTWAIT, NULL, NULL) = -1 EAGAIN (Try again)
24249 1784070625.787307 recvfrom(63, 0x7165c6d820, 2272, MSG_DONTWAIT, NULL, NULL) = -1 EAGAIN (Try again)
24249 1784070626.739661 recvfrom(38, 0x7ff90a9de0, 3200, MSG_DONTWAIT, NULL, NULL) = -1 EAGAIN (Try again)
24644 1784070626.741843 sendmsg(71, {msg_name=NULL, msg_namelen=0, msg_iov=[{iov_base="l\1\1\1\344\0\0\0\27\2\0\0\235\0\0\0\1\1o\0;\0\0\0/re/frid"..., iov_len=404}], msg_iovlen=1, msg_controllen=0, msg_flags=0}, MSG_NOSIGNAL) = 404
24249 1784070626.753240 recvfrom(38, "nysv\0\0\0\0\0\0\0\0\0\0\0\0[!\20\312r\1\0\0\212q\1\0\0\0\0\0", 3200, MSG_DONTWAIT, NULL, NULL) = 32
24249 1784070626.753328 recvfrom(38, 0x7ff90aa020, 3200, MSG_DONTWAIT, NULL, NULL) = -1 EAGAIN (Try again)
24249 1784070626.753482 recvfrom(63, 0x7165c6d820, 2272, MSG_DONTWAIT, NULL, NULL) = -1 EAGAIN (Try again)
24249 1784070627.772551 recvfrom(38, 0x7ff90a9de0, 3200, MSG_DONTWAIT, NULL, NULL) = -1 EAGAIN (Try again)
24644 1784070627.774420 sendmsg(71, {msg_name=NULL, msg_namelen=0, msg_iov=[{iov_base="l\1\1\1\344\0\0\0\30\2\0\0\235\0\0\0\1\1o\0;\0\0\0/re/frid"..., iov_len=404}], msg_iovlen=1, msg_controllen=0, msg_flags=0}, MSG_NOSIGNAL) = 404
24249 1784070627.789865 recvfrom(38, "nysv\0\0\0\0\0\0\0\0\0\0\0\0?n\247\7s\1\0\0\310q\1\0\0\0\0\0", 3200, MSG_DONTWAIT, NULL, NULL) = 32
24249 1784070627.789954 recvfrom(38, 0x7ff90aa020, 3200, MSG_DONTWAIT, NULL, NULL) = -1 EAGAIN (Try again)
24249 1784070627.790061 recvfrom(63, 0x7165c6d820, 2272, MSG_DONTWAIT, NULL, NULL) = -1 EAGAIN (Try again)
24249 1784070628.745088 recvfrom(38, 0x7ff90a9de0, 3200, MSG_DONTWAIT, NULL, NULL) = -1 EAGAIN (Try again)
24644 1784070628.747205 sendmsg(71, {msg_name=NULL, msg_namelen=0, msg_iov=[{iov_base="l\1\1\1\344\0\0\0\31\2\0\0\235\0\0\0\1\1o\0;\0\0\0/re/frid"..., iov_len=404}], msg_iovlen=1, msg_controllen=0, msg_flags=0}, MSG_NOSIGNAL) = 404
24249 1784070628.752624 recvfrom(38, "nysv\0\0\0\0\0\0\0\0\0\0\0\0\26\321EAs\1\0\0\2r\1\0\0\0\0\0", 3200, MSG_DONTWAIT, NULL, NULL) = 32
24249 1784070628.752684 recvfrom(38, 0x7ff90aa020, 3200, MSG_DONTWAIT, NULL, NULL) = -1 EAGAIN (Try again)
24249 1784070628.752746 recvfrom(63, 0x7165c6d820, 2272, MSG_DONTWAIT, NULL, NULL) = -1 EAGAIN (Try again)
24249 1784070629.783754 recvfrom(38, 0x7ff90a9de0, 3200, MSG_DONTWAIT, NULL, NULL) = -1 EAGAIN (Try again)
24249 1784070629.785740 recvfrom(38, "nysv\0\0\0\0\0\0\0\0\0\0\0\0j\276\335~s\1\0\0>r\1\0\0\0\0\0", 3200, MSG_DONTWAIT, NULL, NULL) = 32
24249 1784070629.785986 recvfrom(38, 0x7ff90aa020, 3200, MSG_DONTWAIT, NULL, NULL) = -1 EAGAIN (Try again)
24249 1784070629.786094 recvfrom(63, 0x7165c6d820, 2272, MSG_DONTWAIT, NULL, NULL) = -1 EAGAIN (Try again)
24644 1784070629.787321 sendmsg(71, {msg_name=NULL, msg_namelen=0, msg_iov=[{iov_base="l\1\1\1\344\0\0\0\32\2\0\0\235\0\0\0\1\1o\0;\0\0\0/re/frid"..., iov_len=404}], msg_iovlen=1, msg_controllen=0, msg_flags=0}, MSG_NOSIGNAL) = 404
24249 1784070630.752438 recvfrom(38, 0x7ff90a9de0, 3200, MSG_DONTWAIT, NULL, NULL) = -1 EAGAIN (Try again)
24644 1784070630.754597 sendmsg(71, {msg_name=NULL, msg_namelen=0, msg_iov=[{iov_base="l\1\1\1\344\0\0\0\33\2\0\0\235\0\0\0\1\1o\0;\0\0\0/re/frid"..., iov_len=404}], msg_iovlen=1, msg_controllen=0, msg_flags=0}, MSG_NOSIGNAL) = 404
24249 1784070630.773227 recvfrom(38, "nysv\0\0\0\0\0\0\0\0\0\0\0\0\235{y\271s\1\0\0yr\1\0\0\0\0\0", 3200, MSG_DONTWAIT, NULL, NULL) = 32
24249 1784070630.773331 recvfrom(38, 0x7ff90aa020, 3200, MSG_DONTWAIT, NULL, NULL) = -1 EAGAIN (Try again)
24249 1784070630.773455 recvfrom(63, 0x7165c6d820, 2272, MSG_DONTWAIT, NULL, NULL) = -1 EAGAIN (Try again)
24249 1784070631.795058 recvfrom(38, 0x7ff90a9de0, 3200, MSG_DONTWAIT, NULL, NULL) = -1 EAGAIN (Try again)
24644 1784070631.797311 sendmsg(71, {msg_name=NULL, msg_namelen=0, msg_iov=[{iov_base="l\1\1\1\344\0\0\0\34\2\0\0\235\0\0\0\1\1o\0;\0\0\0/re/frid"..., iov_len=404}], msg_iovlen=1, msg_controllen=0, msg_flags=0}, MSG_NOSIGNAL) = 404
24249 1784070631.803037 recvfrom(38, "nysv\0\0\0\0\0\0\0\0\0\0\0\0\226\24\21\367s\1\0\0\266r\1\0\0\0\0\0", 3200, MSG_DONTWAIT, NULL, NULL) = 32
24249 1784070631.803119 recvfrom(38, 0x7ff90aa020, 3200, MSG_DONTWAIT, NULL, NULL) = -1 EAGAIN (Try again)
24249 1784070631.803230 recvfrom(63, 0x7165c6d820, 2272, MSG_DONTWAIT, NULL, NULL) = -1 EAGAIN (Try again)
24249 1784070632.760499 recvfrom(38, 0x7ff90a9de0, 3200, MSG_DONTWAIT, NULL, NULL) = -1 EAGAIN (Try again)
24644 1784070632.762240 sendmsg(71, {msg_name=NULL, msg_namelen=0, msg_iov=[{iov_base="l\1\1\1\344\0\0\0\35\2\0\0\235\0\0\0\1\1o\0;\0\0\0/re/frid"..., iov_len=404}], msg_iovlen=1, msg_controllen=0, msg_flags=0}, MSG_NOSIGNAL) = 404
24249 1784070632.771474 recvfrom(38, "nysv\0\0\0\0\0\0\0\0\0\0\0\0M\17\2570t\1\0\0\360r\1\0\0\0\0\0", 3200, MSG_DONTWAIT, NULL, NULL) = 32
24249 1784070632.771568 recvfrom(38, 0x7ff90aa020, 3200, MSG_DONTWAIT, NULL, NULL) = -1 EAGAIN (Try again)
24249 1784070632.771645 recvfrom(63, 0x7165c6d820, 2272, MSG_DONTWAIT, NULL, NULL) = -1 EAGAIN (Try again)
24249 1784070633.800347 recvfrom(38, 0x7ff90a9de0, 3200, MSG_DONTWAIT, NULL, NULL) = -1 EAGAIN (Try again)
24249 1784070633.802582 recvfrom(38, "nysv\0\0\0\0\0\0\0\0\0\0\0\0\265\314Fnt\1\0\0-s\1\0\0\0\0\0", 3200, MSG_DONTWAIT, NULL, NULL) = 32
24249 1784070633.802634 recvfrom(38, 0x7ff90aa020, 3200, MSG_DONTWAIT, NULL, NULL) = -1 EAGAIN (Try again)
24249 1784070633.802706 recvfrom(63, 0x7165c6d820, 2272, MSG_DONTWAIT, NULL, NULL) = -1 EAGAIN (Try again)
24644 1784070633.803938 sendmsg(71, {msg_name=NULL, msg_namelen=0, msg_iov=[{iov_base="l\1\1\1\344\0\0\0\36\2\0\0\235\0\0\0\1\1o\0;\0\0\0/re/frid"..., iov_len=404}], msg_iovlen=1, msg_controllen=0, msg_flags=0}, MSG_NOSIGNAL) = 404
24249 1784070634.763519 recvfrom(38, 0x7ff90a9de0, 3200, MSG_DONTWAIT, NULL, NULL) = -1 EAGAIN (Try again)
24644 1784070634.765599 sendmsg(71, {msg_name=NULL, msg_namelen=0, msg_iov=[{iov_base="l\1\1\1\344\0\0\0\37\2\0\0\235\0\0\0\1\1o\0;\0\0\0/re/frid"..., iov_len=404}], msg_iovlen=1, msg_controllen=0, msg_flags=0}, MSG_NOSIGNAL) = 404
24249 1784070634.770053 recvfrom(38, "nysv\0\0\0\0\0\0\0\0\0\0\0\0%\262\344\247t\1\0\0gs\1\0\0\0\0\0", 3200, MSG_DONTWAIT, NULL, NULL) = 32
24249 1784070634.770096 recvfrom(38, 0x7ff90aa020, 3200, MSG_DONTWAIT, NULL, NULL) = -1 EAGAIN (Try again)
24249 1784070634.770138 recvfrom(63, 0x7165c6d820, 2272, MSG_DONTWAIT, NULL, NULL) = -1 EAGAIN (Try again)
24249 1784070635.803272 recvfrom(38, 0x7ff90a9de0, 3200, MSG_DONTWAIT, NULL, NULL) = -1 EAGAIN (Try again)
24644 1784070635.806237 sendmsg(71, {msg_name=NULL, msg_namelen=0, msg_iov=[{iov_base="l\1\1\1\344\0\0\0 \2\0\0\235\0\0\0\1\1o\0;\0\0\0/re/frid"..., iov_len=404}], msg_iovlen=1, msg_controllen=0, msg_flags=0}, MSG_NOSIGNAL) = 404
24249 1784070635.819715 recvfrom(38, "nysv\0\0\0\0\0\0\0\0\0\0\0\0\325\30{\346t\1\0\0\246s\1\0\0\0\0\0", 3200, MSG_DONTWAIT, NULL, NULL) = 32
24249 1784070635.819747 recvfrom(38, 0x7ff90aa020, 3200, MSG_DONTWAIT, NULL, NULL) = -1 EAGAIN (Try again)
24249 1784070635.819788 recvfrom(63, 0x7165c6d820, 2272, MSG_DONTWAIT, NULL, NULL) = -1 EAGAIN (Try again)
24249 1784070636.766587 recvfrom(38, 0x7ff90a9de0, 3200, MSG_DONTWAIT, NULL, NULL) = -1 EAGAIN (Try again)
24644 1784070636.768947 sendmsg(71, {msg_name=NULL, msg_namelen=0, msg_iov=[{iov_base="l\1\1\1\344\0\0\0!\2\0\0\235\0\0\0\1\1o\0;\0\0\0/re/frid"..., iov_len=404}], msg_iovlen=1, msg_controllen=0, msg_flags=0}, MSG_NOSIGNAL) = 404
24249 1784070636.785771 recvfrom(38, "nysv\0\0\0\0\0\0\0\0\0\0\0\0\321\36\31 u\1\0\0\337s\1\0\0\0\0\0", 3200, MSG_DONTWAIT, NULL, NULL) = 32
24249 1784070636.785814 recvfrom(38, 0x7ff90aa020, 3200, MSG_DONTWAIT, NULL, NULL) = -1 EAGAIN (Try again)
24249 1784070636.785862 recvfrom(63, 0x7165c6d820, 2272, MSG_DONTWAIT, NULL, NULL) = -1 EAGAIN (Try again)
24249 1784070637.814723 recvfrom(38, 0x7ff90a9de0, 3200, MSG_DONTWAIT, NULL, NULL) = -1 EAGAIN (Try again)
24644 1784070637.817074 sendmsg(71, {msg_name=NULL, msg_namelen=0, msg_iov=[{iov_base="l\1\1\1\344\0\0\0\"\2\0\0\235\0\0\0\1\1o\0;\0\0\0/re/frid"..., iov_len=404}], msg_iovlen=1, msg_controllen=0, msg_flags=0}, MSG_NOSIGNAL) = 404
24249 1784070637.819214 recvfrom(38, "nysv\0\0\0\0\0\0\0\0\0\0\0\0--\260]u\1\0\0\35t\1\0\0\0\0\0", 3200, MSG_DONTWAIT, NULL, NULL) = 32
24249 1784070637.819271 recvfrom(38, 0x7ff90aa020, 3200, MSG_DONTWAIT, NULL, NULL) = -1 EAGAIN (Try again)
24249 1784070637.819355 recvfrom(63, 0x7165c6d820, 2272, MSG_DONTWAIT, NULL, NULL) = -1 EAGAIN (Try again)
24249 1784070638.772469 recvfrom(38, 0x7ff90a9de0, 3200, MSG_DONTWAIT, NULL, NULL) = -1 EAGAIN (Try again)
24644 1784070638.774893 sendmsg(71, {msg_name=NULL, msg_namelen=0, msg_iov=[{iov_base="l\1\1\1\344\0\0\0#\2\0\0\235\0\0\0\1\1o\0;\0\0\0/re/frid"..., iov_len=404}], msg_iovlen=1, msg_controllen=0, msg_flags=0}, MSG_NOSIGNAL) = 404
24249 1784070638.786338 recvfrom(38, "nysv\0\0\0\0\0\0\0\0\0\0\0\0\24AN\227u\1\0\0Vt\1\0\0\0\0\0", 3200, MSG_DONTWAIT, NULL, NULL) = 32
24249 1784070638.786409 recvfrom(38, 0x7ff90aa020, 3200, MSG_DONTWAIT, NULL, NULL) = -1 EAGAIN (Try again)
24249 1784070638.786486 recvfrom(63, 0x7165c6d820, 2272, MSG_DONTWAIT, NULL, NULL) = -1 EAGAIN (Try again)
24249 1784070639.827688 recvfrom(38, 0x7ff90a9de0, 3200, MSG_DONTWAIT, NULL, NULL) = -1 EAGAIN (Try again)
24644 1784070639.829843 sendmsg(71, {msg_name=NULL, msg_namelen=0, msg_iov=[{iov_base="l\1\1\1\344\0\0\0$\2\0\0\235\0\0\0\1\1o\0;\0\0\0/re/frid"..., iov_len=404}], msg_iovlen=1, msg_controllen=0, msg_flags=0}, MSG_NOSIGNAL) = 404
24249 1784070639.836863 recvfrom(38, "nysv\0\0\0\0\0\0\0\0\0\0\0\0|\331\343\325u\1\0\0\225t\1\0\0\0\0\0", 3200, MSG_DONTWAIT, NULL, NULL) = 32
24249 1784070639.836933 recvfrom(38, 0x7ff90aa020, 3200, MSG_DONTWAIT, NULL, NULL) = -1 EAGAIN (Try again)
24249 1784070639.837009 recvfrom(63, 0x7165c6d820, 2272, MSG_DONTWAIT, NULL, NULL) = -1 EAGAIN (Try again)
24249 1784070640.783502 recvfrom(38, 0x7ff90a9de0, 3200, MSG_DONTWAIT, NULL, NULL) = -1 EAGAIN (Try again)
24249 1784070640.785532 recvfrom(38, "nysv\0\0\0\0\0\0\0\0\0\0\0\0\t\0\204\16v\1\0\0\316t\1\0\0\0\0\0", 3200, MSG_DONTWAIT, NULL, NULL) = 32
24249 1784070640.785597 recvfrom(38, 0x7ff90aa020, 3200, MSG_DONTWAIT, NULL, NULL) = -1 EAGAIN (Try again)
24249 1784070640.785687 recvfrom(63, 0x7165c6d820, 2272, MSG_DONTWAIT, NULL, NULL) = -1 EAGAIN (Try again)
24644 1784070640.786707 sendmsg(71, {msg_name=NULL, msg_namelen=0, msg_iov=[{iov_base="l\1\1\1\344\0\0\0%\2\0\0\235\0\0\0\1\1o\0;\0\0\0/re/frid"..., iov_len=404}], msg_iovlen=1, msg_controllen=0, msg_flags=0}, MSG_NOSIGNAL) = 404
24249 1784070641.837658 recvfrom(38, 0x7ff90a9de0, 3200, MSG_DONTWAIT, NULL, NULL) = -1 EAGAIN (Try again)
24644 1784070641.839714 sendmsg(71, {msg_name=NULL, msg_namelen=0, msg_iov=[{iov_base="l\1\1\1\344\0\0\0&\2\0\0\235\0\0\0\1\1o\0;\0\0\0/re/frid"..., iov_len=404}], msg_iovlen=1, msg_controllen=0, msg_flags=0}, MSG_NOSIGNAL) = 404
24249 1784070641.857692 recvfrom(38, "nysv\0\0\0\0\0\0\0\0\0\0\0\0\267\270\27Nv\1\0\0\16u\1\0\0\0\0\0", 3200, MSG_DONTWAIT, NULL, NULL) = 32
24249 1784070641.857816 recvfrom(38, 0x7ff90aa020, 3200, MSG_DONTWAIT, NULL, NULL) = -1 EAGAIN (Try again)
24249 1784070641.857932 recvfrom(63, 0x7165c6d820, 2272, MSG_DONTWAIT, NULL, NULL) = -1 EAGAIN (Try again)
24249 1784070642.789776 recvfrom(38, 0x7ff90a9de0, 3200, MSG_DONTWAIT, NULL, NULL) = -1 EAGAIN (Try again)
24644 1784070642.791669 sendmsg(71, {msg_name=NULL, msg_namelen=0, msg_iov=[{iov_base="l\1\1\1\344\0\0\0'\2\0\0\235\0\0\0\1\1o\0;\0\0\0/re/frid"..., iov_len=404}], msg_iovlen=1, msg_controllen=0, msg_flags=0}, MSG_NOSIGNAL) = 404
24249 1784070642.803142 recvfrom(38, "nysv\0\0\0\0\0\0\0\0\0\0\0\0\33\260\267\206v\1\0\0Fu\1\0\0\0\0\0", 3200, MSG_DONTWAIT, NULL, NULL) = 32
24249 1784070642.803230 recvfrom(38, 0x7ff90aa020, 3200, MSG_DONTWAIT, NULL, NULL) = -1 EAGAIN (Try again)
24249 1784070642.803327 recvfrom(63, 0x7165c6d820, 2272, MSG_DONTWAIT, NULL, NULL) = -1 EAGAIN (Try again)
24249 1784070643.850286 recvfrom(38, 0x7ff90a9de0, 3200, MSG_DONTWAIT, NULL, NULL) = -1 EAGAIN (Try again)
24644 1784070643.852023 sendmsg(71, {msg_name=NULL, msg_namelen=0, msg_iov=[{iov_base="l\1\1\1\344\0\0\0(\2\0\0\235\0\0\0\1\1o\0;\0\0\0/re/frid"..., iov_len=404}], msg_iovlen=1, msg_controllen=0, msg_flags=0}, MSG_NOSIGNAL) = 404
24249 1784070643.852325 recvfrom(38, "nysv\0\0\0\0\0\0\0\0\0\0\0\0\330\302M\305v\1\0\0\205u\1\0\0\0\0\0", 3200, MSG_DONTWAIT, NULL, NULL) = 32
24249 1784070643.852358 recvfrom(38, 0x7ff90aa020, 3200, MSG_DONTWAIT, NULL, NULL) = -1 EAGAIN (Try again)
24249 1784070643.852416 recvfrom(63, 0x7165c6d820, 2272, MSG_DONTWAIT, NULL, NULL) = -1 EAGAIN (Try again)
24249 1784070644.794487 recvfrom(38, 0x7ff90a9de0, 3200, MSG_DONTWAIT, NULL, NULL) = -1 EAGAIN (Try again)
24644 1784070644.796425 sendmsg(71, {msg_name=NULL, msg_namelen=0, msg_iov=[{iov_base="l\1\1\1\344\0\0\0)\2\0\0\235\0\0\0\1\1o\0;\0\0\0/re/frid"..., iov_len=404}], msg_iovlen=1, msg_controllen=0, msg_flags=0}, MSG_NOSIGNAL) = 404
24249 1784070644.803877 recvfrom(38, "nysv\0\0\0\0\0\0\0\0\0\0\0\0\301%\355\375v\1\0\0\275u\1\0\0\0\0\0", 3200, MSG_DONTWAIT, NULL, NULL) = 32
24249 1784070644.804063 recvfrom(38, 0x7ff90aa020, 3200, MSG_DONTWAIT, NULL, NULL) = -1 EAGAIN (Try again)
24249 1784070644.804131 recvfrom(63, 0x7165c6d820, 2272, MSG_DONTWAIT, NULL, NULL) = -1 EAGAIN (Try again)
24249 1784070645.863235 recvfrom(38, 0x7ff90a9de0, 3200, MSG_DONTWAIT, NULL, NULL) = -1 EAGAIN (Try again)
24644 1784070645.865777 sendmsg(71, {msg_name=NULL, msg_namelen=0, msg_iov=[{iov_base="l\1\1\1\344\0\0\0*\2\0\0\235\0\0\0\1\1o\0;\0\0\0/re/frid"..., iov_len=404}], msg_iovlen=1, msg_controllen=0, msg_flags=0}, MSG_NOSIGNAL) = 404
24249 1784070645.869994 recvfrom(38, "nysv\0\0\0\0\0\0\0\0\0\0\0\0~C\201=w\1\0\0\375u\1\0\0\0\0\0", 3200, MSG_DONTWAIT, NULL, NULL) = 32
24249 1784070645.870055 recvfrom(38, 0x7ff90aa020, 3200, MSG_DONTWAIT, NULL, NULL) = -1 EAGAIN (Try again)
24249 1784070645.870133 recvfrom(63, 0x7165c6d820, 2272, MSG_DONTWAIT, NULL, NULL) = -1 EAGAIN (Try again)
24249 1784070646.805878 recvfrom(38, 0x7ff90a9de0, 3200, MSG_DONTWAIT, NULL, NULL) = -1 EAGAIN (Try again)
24644 1784070646.808670 sendmsg(71, {msg_name=NULL, msg_namelen=0, msg_iov=[{iov_base="l\1\1\1\344\0\0\0+\2\0\0\235\0\0\0\1\1o\0;\0\0\0/re/frid"..., iov_len=404}], msg_iovlen=1, msg_controllen=0, msg_flags=0}, MSG_NOSIGNAL) = 404
24249 1784070646.819533 recvfrom(38, "nysv\0\0\0\0\0\0\0\0\0\0\0\0\3406!vw\1\0\0006v\1\0\0\0\0\0", 3200, MSG_DONTWAIT, NULL, NULL) = 32
24249 1784070646.819637 recvfrom(38, 0x7ff90aa020, 3200, MSG_DONTWAIT, NULL, NULL) = -1 EAGAIN (Try again)
24249 1784070646.819726 recvfrom(63, 0x7165c6d820, 2272, MSG_DONTWAIT, NULL, NULL) = -1 EAGAIN (Try again)
24249 1784070647.876733 recvfrom(38, 0x7ff90a9de0, 3200, MSG_DONTWAIT, NULL, NULL) = -1 EAGAIN (Try again)
24644 1784070647.880206 sendmsg(71, {msg_name=NULL, msg_namelen=0, msg_iov=[{iov_base="l\1\1\1\344\0\0\0,\2\0\0\235\0\0\0\1\1o\0;\0\0\0/re/frid"..., iov_len=404}], msg_iovlen=1, msg_controllen=0, msg_flags=0}, MSG_NOSIGNAL) = 404
24249 1784070647.886402 recvfrom(38, "nysv\0\0\0\0\0\0\0\0\0\0\0\0\08\265\265w\1\0\0vv\1\0\0\0\0\0", 3200, MSG_DONTWAIT, NULL, NULL) = 32
24249 1784070647.886453 recvfrom(38, 0x7ff90aa020, 3200, MSG_DONTWAIT, NULL, NULL) = -1 EAGAIN (Try again)
24249 1784070647.886511 recvfrom(63, 0x7165c6d820, 2272, MSG_DONTWAIT, NULL, NULL) = -1 EAGAIN (Try again)
24249 1784070648.809387 recvfrom(38, 0x7ff90a9de0, 3200, MSG_DONTWAIT, NULL, NULL) = -1 EAGAIN (Try again)
24644 1784070648.811217 sendmsg(71, {msg_name=NULL, msg_namelen=0, msg_iov=[{iov_base="l\1\1\1\344\0\0\0-\2\0\0\235\0\0\0\1\1o\0;\0\0\0/re/frid"..., iov_len=404}], msg_iovlen=1, msg_controllen=0, msg_flags=0}, MSG_NOSIGNAL) = 404
24249 1784070648.822493 recvfrom(38, "nysv\0\0\0\0\0\0\0\0\0\0\0\0K\235V\355w\1\0\0\255v\1\0\0\0\0\0", 3200, MSG_DONTWAIT, NULL, NULL) = 32
24249 1784070648.822630 recvfrom(38, 0x7ff90aa020, 3200, MSG_DONTWAIT, NULL, NULL) = -1 EAGAIN (Try again)
24249 1784070648.822755 recvfrom(63, 0x7165c6d820, 2272, MSG_DONTWAIT, NULL, NULL) = -1 EAGAIN (Try again)
24249 1784070649.880166 recvfrom(38, 0x7ff90a9de0, 3200, MSG_DONTWAIT, NULL, NULL) = -1 EAGAIN (Try again)
24644 1784070649.881284 sendmsg(71, {msg_name=NULL, msg_namelen=0, msg_iov=[{iov_base="l\1\1\1\344\0\0\0.\2\0\0\235\0\0\0\1\1o\0;\0\0\0/re/frid"..., iov_len=404}], msg_iovlen=1, msg_controllen=0, msg_flags=0}, MSG_NOSIGNAL) = 404
24249 1784070649.885567 recvfrom(38, "nysv\0\0\0\0\0\0\0\0\0\0\0\0\241|\353,x\1\0\0\355v\1\0\0\0\0\0", 3200, MSG_DONTWAIT, NULL, NULL) = 32
24249 1784070649.885594 recvfrom(38, 0x7ff90aa020, 3200, MSG_DONTWAIT, NULL, NULL) = -1 EAGAIN (Try again)
24249 1784070649.885630 recvfrom(63, 0x7165c6d820, 2272, MSG_DONTWAIT, NULL, NULL) = -1 EAGAIN (Try again)
24249 1784070650.816512 recvfrom(38, 0x7ff90a9de0, 3200, MSG_DONTWAIT, NULL, NULL) = -1 EAGAIN (Try again)
24644 1784070650.818218 sendmsg(71, {msg_name=NULL, msg_namelen=0, msg_iov=[{iov_base="l\1\1\1\344\0\0\0/\2\0\0\235\0\0\0\1\1o\0;\0\0\0/re/frid"..., iov_len=404}], msg_iovlen=1, msg_controllen=0, msg_flags=0}, MSG_NOSIGNAL) = 404
24249 1784070650.819260 recvfrom(38, "nysv\0\0\0\0\0\0\0\0\0\0\0\0\214\202\214dx\1\0\0$w\1\0\0\0\0\0", 3200, MSG_DONTWAIT, NULL, NULL) = 32
24249 1784070650.819312 recvfrom(38, 0x7ff90aa020, 3200, MSG_DONTWAIT, NULL, NULL) = -1 EAGAIN (Try again)
24249 1784070650.819363 recvfrom(63, 0x7165c6d820, 2272, MSG_DONTWAIT, NULL, NULL) = -1 EAGAIN (Try again)
24249 1784070651.883673 recvfrom(38, 0x7ff90a9de0, 3200, MSG_DONTWAIT, NULL, NULL) = -1 EAGAIN (Try again)
24249 1784070651.885727 recvfrom(38, "nysv\0\0\0\0\0\0\0\0\0\0\0\0v\325 \244x\1\0\0dw\1\0\0\0\0\0", 3200, MSG_DONTWAIT, NULL, NULL) = 32
24249 1784070651.885787 recvfrom(38, 0x7ff90aa020, 3200, MSG_DONTWAIT, NULL, NULL) = -1 EAGAIN (Try again)
24249 1784070651.885880 recvfrom(63, 0x7165c6d820, 2272, MSG_DONTWAIT, NULL, NULL) = -1 EAGAIN (Try again)
24644 1784070651.886863 sendmsg(71, {msg_name=NULL, msg_namelen=0, msg_iov=[{iov_base="l\1\1\1\344\0\0\0000\2\0\0\235\0\0\0\1\1o\0;\0\0\0/re/frid"..., iov_len=404}], msg_iovlen=1, msg_controllen=0, msg_flags=0}, MSG_NOSIGNAL) = 404
24249 1784070652.826512 recvfrom(38, 0x7ff90a9de0, 3200, MSG_DONTWAIT, NULL, NULL) = -1 EAGAIN (Try again)
24644 1784070652.828619 sendmsg(71, {msg_name=NULL, msg_namelen=0, msg_iov=[{iov_base="l\1\1\1\344\0\0\0001\2\0\0\235\0\0\0\1\1o\0;\0\0\0/re/frid"..., iov_len=404}], msg_iovlen=1, msg_controllen=0, msg_flags=0}, MSG_NOSIGNAL) = 404
24249 1784070652.836822 recvfrom(38, "nysv\0\0\0\0\0\0\0\0\0\0\0\0\316\34\300\334x\1\0\0\235w\1\0\0\0\0\0", 3200, MSG_DONTWAIT, NULL, NULL) = 32
24249 1784070652.836893 recvfrom(38, 0x7ff90aa020, 3200, MSG_DONTWAIT, NULL, NULL) = -1 EAGAIN (Try again)
24249 1784070652.836970 recvfrom(63, 0x7165c6d820, 2272, MSG_DONTWAIT, NULL, NULL) = -1 EAGAIN (Try again)
24249 1784070653.896505 recvfrom(38, 0x7ff90a9de0, 3200, MSG_DONTWAIT, NULL, NULL) = -1 EAGAIN (Try again)
24644 1784070653.898002 sendmsg(71, {msg_name=NULL, msg_namelen=0, msg_iov=[{iov_base="l\1\1\1\344\0\0\0002\2\0\0\235\0\0\0\1\1o\0;\0\0\0/re/frid"..., iov_len=404}], msg_iovlen=1, msg_controllen=0, msg_flags=0}, MSG_NOSIGNAL) = 404
24249 1784070653.903846 recvfrom(38, "nysv\0\0\0\0\0\0\0\0\0\0\0\0U\37T\34y\1\0\0\335w\1\0\0\0\0\0", 3200, MSG_DONTWAIT, NULL, NULL) = 32
24249 1784070653.904078 recvfrom(38, 0x7ff90aa020, 3200, MSG_DONTWAIT, NULL, NULL) = -1 EAGAIN (Try again)
24249 1784070653.904124 recvfrom(63, 0x7165c6d820, 2272, MSG_DONTWAIT, NULL, NULL) = -1 EAGAIN (Try again)
24249 1784070654.839767 recvfrom(38, 0x7ff90a9de0, 3200, MSG_DONTWAIT, NULL, NULL) = -1 EAGAIN (Try again)
24644 1784070654.842657 sendmsg(71, {msg_name=NULL, msg_namelen=0, msg_iov=[{iov_base="l\1\1\1\344\0\0\0003\2\0\0\235\0\0\0\1\1o\0;\0\0\0/re/frid"..., iov_len=404}], msg_iovlen=1, msg_controllen=0, msg_flags=0}, MSG_NOSIGNAL) = 404
24249 1784070654.853018 recvfrom(38, "nysv\0\0\0\0\0\0\0\0\0\0\0\0\346!\364Ty\1\0\0\26x\1\0\0\0\0\0", 3200, MSG_DONTWAIT, NULL, NULL) = 32
24249 1784070654.853108 recvfrom(38, 0x7ff90aa020, 3200, MSG_DONTWAIT, NULL, NULL) = -1 EAGAIN (Try again)
24249 1784070654.853197 recvfrom(63, 0x7165c6d820, 2272, MSG_DONTWAIT, NULL, NULL) = -1 EAGAIN (Try again)
24249 1784070655.909415 recvfrom(38, 0x7ff90a9de0, 3200, MSG_DONTWAIT, NULL, NULL) = -1 EAGAIN (Try again)
24644 1784070655.912646 sendmsg(71, {msg_name=NULL, msg_namelen=0, msg_iov=[{iov_base="l\1\1\1\344\0\0\0004\2\0\0\235\0\0\0\1\1o\0;\0\0\0/re/frid"..., iov_len=404}], msg_iovlen=1, msg_controllen=0, msg_flags=0}, MSG_NOSIGNAL) = 404
24249 1784070655.921702 recvfrom(38, "nysv\0\0\0\0\0\0\0\0\0\0\0\0/\3\210\224y\1\0\0Vx\1\0\0\0\0\0", 3200, MSG_DONTWAIT, NULL, NULL) = 32
24249 1784070655.921771 recvfrom(38, 0x7ff90aa020, 3200, MSG_DONTWAIT, NULL, NULL) = -1 EAGAIN (Try again)
24249 1784070655.921850 recvfrom(63, 0x7165c6d820, 2272, MSG_DONTWAIT, NULL, NULL) = -1 EAGAIN (Try again)
24249 1784070656.854829 recvfrom(38, 0x7ff90a9de0, 3200, MSG_DONTWAIT, NULL, NULL) = -1 EAGAIN (Try again)
24644 1784070656.856842 sendmsg(71, {msg_name=NULL, msg_namelen=0, msg_iov=[{iov_base="l\1\1\1\344\0\0\0005\2\0\0\235\0\0\0\1\1o\0;\0\0\0/re/frid"..., iov_len=404}], msg_iovlen=1, msg_controllen=0, msg_flags=0}, MSG_NOSIGNAL) = 404
24249 1784070656.873964 recvfrom(38, "nysv\0\0\0\0\0\0\0\0\0\0\0\0\211\334'\315y\1\0\0\217x\1\0\0\0\0\0", 3200, MSG_DONTWAIT, NULL, NULL) = 32
24249 1784070656.874053 recvfrom(38, 0x7ff90aa020, 3200, MSG_DONTWAIT, NULL, NULL) = -1 EAGAIN (Try again)
24249 1784070656.874142 recvfrom(63, 0x7165c6d820, 2272, MSG_DONTWAIT, NULL, NULL) = -1 EAGAIN (Try again)
24249 1784070657.913338 recvfrom(38, 0x7ff90a9de0, 3200, MSG_DONTWAIT, NULL, NULL) = -1 EAGAIN (Try again)
24644 1784070657.915070 sendmsg(71, {msg_name=NULL, msg_namelen=0, msg_iov=[{iov_base="l\1\1\1\344\0\0\0006\2\0\0\235\0\0\0\1\1o\0;\0\0\0/re/frid"..., iov_len=404}], msg_iovlen=1, msg_controllen=0, msg_flags=0}, MSG_NOSIGNAL) = 404
24249 1784070657.920290 recvfrom(38, "nysv\0\0\0\0\0\0\0\0\0\0\0\0 \231\275\vz\1\0\0\316x\1\0\0\0\0\0", 3200, MSG_DONTWAIT, NULL, NULL) = 32
24249 1784070657.920363 recvfrom(38, 0x7ff90aa020, 3200, MSG_DONTWAIT, NULL, NULL) = -1 EAGAIN (Try again)
24249 1784070657.920438 recvfrom(63, 0x7165c6d820, 2272, MSG_DONTWAIT, NULL, NULL) = -1 EAGAIN (Try again)
24249 1784070658.858838 recvfrom(38, 0x7ff90a9de0, 3200, MSG_DONTWAIT, NULL, NULL) = -1 EAGAIN (Try again)
24644 1784070658.860026 sendmsg(71, {msg_name=NULL, msg_namelen=0, msg_iov=[{iov_base="l\1\1\1\344\0\0\0007\2\0\0\235\0\0\0\1\1o\0;\0\0\0/re/frid"..., iov_len=404}], msg_iovlen=1, msg_controllen=0, msg_flags=0}, MSG_NOSIGNAL) = 404
24249 1784070658.870602 recvfrom(38, "nysv\0\0\0\0\0\0\0\0\0\0\0\09p]Dz\1\0\0\7y\1\0\0\0\0\0", 3200, MSG_DONTWAIT, NULL, NULL) = 32
24249 1784070658.870627 recvfrom(38, 0x7ff90aa020, 3200, MSG_DONTWAIT, NULL, NULL) = -1 EAGAIN (Try again)
24249 1784070658.870655 recvfrom(63, 0x7165c6d820, 2272, MSG_DONTWAIT, NULL, NULL) = -1 EAGAIN (Try again)
24249 1784070659.918882 recvfrom(38, 0x7ff90a9de0, 3200, MSG_DONTWAIT, NULL, NULL) = -1 EAGAIN (Try again)
24644 1784070659.921298 sendmsg(71, {msg_name=NULL, msg_namelen=0, msg_iov=[{iov_base="l\1\1\1\344\0\0\08\2\0\0\235\0\0\0\1\1o\0;\0\0\0/re/frid"..., iov_len=404}], msg_iovlen=1, msg_controllen=0, msg_flags=0}, MSG_NOSIGNAL) = 404
24249 1784070659.940750 recvfrom(38, "nysv\0\0\0\0\0\0\0\0\0\0\0\0\271z\361\203z\1\0\0Fy\1\0\0\0\0\0", 3200, MSG_DONTWAIT, NULL, NULL) = 32
24249 1784070659.940900 recvfrom(38, 0x7ff90aa020, 3200, MSG_DONTWAIT, NULL, NULL) = -1 EAGAIN (Try again)
24249 1784070659.941031 recvfrom(63, 0x7165c6d820, 2272, MSG_DONTWAIT, NULL, NULL) = -1 EAGAIN (Try again)
24249 1784070660.859007 recvfrom(63, "\2\0\0\0\0\0\0\0\323\10\0\0\0\0\0\0\200\26\361\272z\1\0\0\1\0\0\0\2\20\0\0"..., 2272, MSG_DONTWAIT, NULL, NULL) = 232
24249 1784070660.859204 recvfrom(38, 0x7ff90a85c0, 3200, MSG_DONTWAIT, NULL, NULL) = -1 EAGAIN (Try again)
24644 1784070660.861343 sendmsg(71, {msg_name=NULL, msg_namelen=0, msg_iov=[{iov_base="l\1\1\1\374\0\0\09\2\0\0\235\0\0\0\1\1o\0;\0\0\0/re/frid"..., iov_len=428}], msg_iovlen=1, msg_controllen=0, msg_flags=0}, MSG_NOSIGNAL) = 428
24249 1784070660.861794 sendto(63, "\3\0\0\0\0\0\0\0\323\10\0\0\1\0\0\0", 16, MSG_DONTWAIT|MSG_NOSIGNAL, NULL, 0) = 16
24249 1784070660.861810 recvfrom(63, 0x7165c6d820, 2272, MSG_DONTWAIT, NULL, NULL) = -1 EAGAIN (Try again)
24644 1784070660.863405 sendmsg(71, {msg_name=NULL, msg_namelen=0, msg_iov=[{iov_base="l\1\1\1\0\1\0\0:\2\0\0\235\0\0\0\1\1o\0;\0\0\0/re/frid"..., iov_len=432}], msg_iovlen=1, msg_controllen=0, msg_flags=0}, MSG_NOSIGNAL) = 432
24249 1784070660.863641 recvfrom(63, "\2\0\0\0\0\0\0\0\325\10\0\0\0\0\0\0\200\26\361\272z\1\0\0\1\0\0\0\2\20\0\0"..., 2272, MSG_DONTWAIT, NULL, NULL) = 232
24249 1784070660.863703 sendto(63, "\3\0\0\0\0\0\0\0\325\10\0\0\1\0\0\0", 16, MSG_DONTWAIT|MSG_NOSIGNAL, NULL, 0) = 16
24249 1784070660.863717 recvfrom(63, 0x7165c6d820, 2272, MSG_DONTWAIT, NULL, NULL) = -1 EAGAIN (Try again)
24644 1784070660.864776 sendmsg(71, {msg_name=NULL, msg_namelen=0, msg_iov=[{iov_base="l\1\1\1\344\0\0\0;\2\0\0\235\0\0\0\1\1o\0;\0\0\0/re/frid"..., iov_len=404}], msg_iovlen=1, msg_controllen=0, msg_flags=0}, MSG_NOSIGNAL) = 404
24249 1784070660.868832 recvfrom(38, "nysv\0\0\0\0\0\0\0\0\0\0\0\0Q\253\224\273z\1\0\0}y\1\0\0\0\0\0", 3200, MSG_DONTWAIT, NULL, NULL) = 32
24249 1784070660.868849 recvfrom(38, 0x7ff90aa020, 3200, MSG_DONTWAIT, NULL, NULL) = -1 EAGAIN (Try again)
24249 1784070660.868872 recvfrom(63, 0x7165c6d820, 2272, MSG_DONTWAIT, NULL, NULL) = -1 EAGAIN (Try again)
24249 1784070660.868894 recvfrom(38, 0x7ff90a9f80, 3200, MSG_DONTWAIT, NULL, NULL) = -1 EAGAIN (Try again)
24644 1784070660.874409 sendmsg(71, {msg_name=NULL, msg_namelen=0, msg_iov=[{iov_base="l\1\1\1\374\0\0\0<\2\0\0\235\0\0\0\1\1o\0;\0\0\0/re/frid"..., iov_len=428}], msg_iovlen=1, msg_controllen=0, msg_flags=0}, MSG_NOSIGNAL) = 428
24644 1784070660.877006 sendmsg(71, {msg_name=NULL, msg_namelen=0, msg_iov=[{iov_base="l\1\1\1\0\1\0\0=\2\0\0\235\0\0\0\1\1o\0;\0\0\0/re/frid"..., iov_len=432}], msg_iovlen=1, msg_controllen=0, msg_flags=0}, MSG_NOSIGNAL) = 432
24271 1784070660.884002 recvfrom(42, 0x716ad86eb0, 3200, MSG_DONTWAIT, NULL, NULL) = -1 EAGAIN (Try again)
24271 1784070660.884663 recvfrom(42, 0x716ad86eb0, 3200, MSG_DONTWAIT, NULL, NULL) = -1 EAGAIN (Try again)
24249 1784070660.886269 recvfrom(38, "nysv\0\0\0\0\0\0\0\0\0\0\0\0006,\223\274z\1\0\0~y\1\0\0\0\0\0", 3200, MSG_DONTWAIT, NULL, NULL) = 32
24271 1784070660.886503 recvfrom(42,  <unfinished ...>
24249 1784070660.886553 recvfrom(38, 0x7ff90aa020, 3200, MSG_DONTWAIT, NULL, NULL) = -1 EAGAIN (Try again)
24271 1784070660.886659 <... recvfrom resumed> "nysv\0\0\0\0\0\0\0\0\0\0\0\0006,\223\274z\1\0\0~y\1\0\0\0\0\0", 3200, MSG_DONTWAIT, NULL, NULL) = 32
24249 1784070660.886676 recvfrom(63, 0x7165c6d820, 2272, MSG_DONTWAIT, NULL, NULL) = -1 EAGAIN (Try again)
24249 1784070660.886695 recvfrom(38,  <unfinished ...>
24271 1784070660.887011 recvfrom(42,  <unfinished ...>
24249 1784070660.887023 <... recvfrom resumed> 0x7ff90a9f80, 3200, MSG_DONTWAIT, NULL, NULL) = -1 EAGAIN (Try again)
24271 1784070660.887151 <... recvfrom resumed> 0x716ad86c80, 3200, MSG_DONTWAIT, NULL, NULL) = -1 EAGAIN (Try again)
24271 1784070660.901484 recvfrom(42, 0x716ad86eb0, 3200, MSG_DONTWAIT, NULL, NULL) = -1 EAGAIN (Try again)
24249 1784070660.903971 recvfrom(38, "nysv\0\0\0\0\0\0\0\0\0\0\0\0\31\310\221\275z\1\0\0\177y\1\0\0\0\0\0", 3200, MSG_DONTWAIT, NULL, NULL) = 32
24249 1784070660.903993 recvfrom(38, 0x7ff90aa020, 3200, MSG_DONTWAIT, NULL, NULL) = -1 EAGAIN (Try again)
24249 1784070660.904021 recvfrom(63, 0x7165c6d820, 2272, MSG_DONTWAIT, NULL, NULL) = -1 EAGAIN (Try again)
24249 1784070660.904040 recvfrom(38, 0x7ff90a9f80, 3200, MSG_DONTWAIT, NULL, NULL) = -1 EAGAIN (Try again)
24271 1784070660.906447 recvfrom(42, "nysv\0\0\0\0\0\0\0\0\0\0\0\0\31\310\221\275z\1\0\0\177y\1\0\0\0\0\0", 3200, MSG_DONTWAIT, NULL, NULL) = 32
24271 1784070660.907041 recvfrom(42, 0x716ad86c80, 3200, MSG_DONTWAIT, NULL, NULL) = -1 EAGAIN (Try again)
24249 1784070660.926942 recvfrom(38, "nysv\0\0\0\0\0\0\0\0\0\0\0\0\273f\220\276z\1\0\0\200y\1\0\0\0\0\0", 3200, MSG_DONTWAIT, NULL, NULL) = 32
24249 1784070660.927125 recvfrom(38, 0x7ff90aa020, 3200, MSG_DONTWAIT, NULL, NULL) = -1 EAGAIN (Try again)
24249 1784070660.927402 recvfrom(38, 0x7ff90a9f80, 3200, MSG_DONTWAIT, NULL, NULL) = -1 EAGAIN (Try again)
24249 1784070660.955620 recvfrom(38, "nysv\0\0\0\0\0\0\0\0\0\0\0\0G\4\217\277z\1\0\0\201y\1\0\0\0\0\0", 3200, MSG_DONTWAIT, NULL, NULL) = 32
24249 1784070660.955651 recvfrom(38, 0x7ff90aa020, 3200, MSG_DONTWAIT, NULL, NULL) = -1 EAGAIN (Try again)
24249 1784070660.955710 recvfrom(38, 0x7ff90a9f80, 3200, MSG_DONTWAIT, NULL, NULL) = -1 EAGAIN (Try again)
24249 1784070660.970609 recvfrom(38, "nysv\0\0\0\0\0\0\0\0\0\0\0\0#\37\214\301z\1\0\0\203y\1\0\0\0\0\0", 3200, MSG_DONTWAIT, NULL, NULL) = 32
24271 1784070660.974421 recvfrom(42,  <unfinished ...>
24249 1784070660.974428 recvfrom(38, 0x7ff90aa020, 3200, MSG_DONTWAIT, NULL, NULL) = -1 EAGAIN (Try again)
24271 1784070660.974737 <... recvfrom resumed> 0x716ad86eb0, 3200, MSG_DONTWAIT, NULL, NULL) = -1 EAGAIN (Try again)
24249 1784070660.974985 recvfrom(38, 0x7ff90a9f80, 3200, MSG_DONTWAIT, NULL, NULL) = -1 EAGAIN (Try again)
24249 1784070660.987812 recvfrom(38, "nysv\0\0\0\0\0\0\0\0\0\0\0\0\200\215\212\302z\1\0\0\204y\1\0\0\0\0\0", 3200, MSG_DONTWAIT, NULL, NULL) = 32
24249 1784070660.987841 recvfrom(38, 0x7ff90aa020, 3200, MSG_DONTWAIT, NULL, NULL) = -1 EAGAIN (Try again)
24249 1784070660.987882 recvfrom(38, 0x7ff90a9f80, 3200, MSG_DONTWAIT, NULL, NULL) = -1 EAGAIN (Try again)
24271 1784070660.996428 recvfrom(42, "nysv\0\0\0\0\0\0\0\0\0\0\0\0\200\215\212\302z\1\0\0\204y\1\0\0\0\0\0", 3200, MSG_DONTWAIT, NULL, NULL) = 32
24271 1784070660.997058 recvfrom(42, 0x716ad86c80, 3200, MSG_DONTWAIT, NULL, NULL) = -1 EAGAIN (Try again)
24249 1784070661.003251 recvfrom(38, "nysv\0\0\0\0\0\0\0\0\0\0\0\0 '\211\303z\1\0\0\205y\1\0\0\0\0\0", 3200, MSG_DONTWAIT, NULL, NULL) = 32
24249 1784070661.004072 recvfrom(38, 0x7ff90aa020, 3200, MSG_DONTWAIT, NULL, NULL) = -1 EAGAIN (Try again)
24249 1784070661.012271 recvfrom(38, 0x7ff90a9f80, 3200, MSG_DONTWAIT, NULL, NULL) = -1 EAGAIN (Try again)
24249 1784070661.019304 recvfrom(38, "nysv\0\0\0\0\0\0\0\0\0\0\0\0\260\267\207\304z\1\0\0\206y\1\0\0\0\0\0", 3200, MSG_DONTWAIT, NULL, NULL) = 32
24249 1784070661.019335 recvfrom(38, 0x7ff90aa020, 3200, MSG_DONTWAIT, NULL, NULL) = -1 EAGAIN (Try again)
24249 1784070661.019377 recvfrom(38, 0x7ff90a9f80, 3200, MSG_DONTWAIT, NULL, NULL) = -1 EAGAIN (Try again)
24271 1784070661.034230 recvfrom(42, "nysv\0\0\0\0\0\0\0\0\0\0\0\0 '\211\303z\1\0\0\205y\1\0\0\0\0\0", 3200, MSG_DONTWAIT, NULL, NULL) = 32
24271 1784070661.036313 recvfrom(42, 0x716ad86eb0, 3200, MSG_DONTWAIT, NULL, NULL) = -1 EAGAIN (Try again)
24249 1784070661.036887 recvfrom(38, "nysv\0\0\0\0\0\0\0\0\0\0\0\0\332\7\206\305z\1\0\0\207y\1\0\0\0\0\0", 3200, MSG_DONTWAIT, NULL, NULL) = 32
24249 1784070661.037228 recvfrom(38, 0x7ff90aa020, 3200, MSG_DONTWAIT, NULL, NULL) = -1 EAGAIN (Try again)
24249 1784070661.043286 recvfrom(38, 0x7ff90a9f80, 3200, MSG_DONTWAIT, NULL, NULL) = -1 EAGAIN (Try again)
24249 1784070661.053972 recvfrom(38, "nysv\0\0\0\0\0\0\0\0\0\0\0\0\357q\204\306z\1\0\0\210y\1\0\0\0\0\0", 3200, MSG_DONTWAIT, NULL, NULL) = 32
24249 1784070661.054711 recvfrom(38, 0x7ff90aa020, 3200, MSG_DONTWAIT, NULL, NULL) = -1 EAGAIN (Try again)
24249 1784070661.065250 recvfrom(38, 0x7ff90a9f80, 3200, MSG_DONTWAIT, NULL, NULL) = -1 EAGAIN (Try again)
24249 1784070661.076189 recvfrom(38, "nysv\0\0\0\0\0\0\0\0\0\0\0\0\264\325\202\307z\1\0\0\211y\1\0\0\0\0\0", 3200, MSG_DONTWAIT, NULL, NULL) = 32
24249 1784070661.081055 recvfrom(38, 0x7ff90aa020, 3200, MSG_DONTWAIT, NULL, NULL) = -1 EAGAIN (Try again)
24249 1784070661.082004 recvfrom(38, 0x7ff90a9f80, 3200, MSG_DONTWAIT, NULL, NULL) = -1 EAGAIN (Try again)
24249 1784070661.086438 recvfrom(38, "nysv\0\0\0\0\0\0\0\0\0\0\0\0\17^\201\310z\1\0\0\212y\1\0\0\0\0\0", 3200, MSG_DONTWAIT, NULL, NULL) = 32
24249 1784070661.086460 recvfrom(38, 0x7ff90aa020, 3200, MSG_DONTWAIT, NULL, NULL) = -1 EAGAIN (Try again)
24249 1784070661.086492 recvfrom(38, 0x7ff90a9f80, 3200, MSG_DONTWAIT, NULL, NULL) = -1 EAGAIN (Try again)
24249 1784070661.103048 recvfrom(38, "nysv\0\0\0\0\0\0\0\0\0\0\0\0!\345\177\311z\1\0\0\213y\1\0\0\0\0\0", 3200, MSG_DONTWAIT, NULL, NULL) = 32
24249 1784070661.103075 recvfrom(38, 0x7ff90aa020, 3200, MSG_DONTWAIT, NULL, NULL) = -1 EAGAIN (Try again)
24249 1784070661.103127 recvfrom(38, 0x7ff90a9f80, 3200, MSG_DONTWAIT, NULL, NULL) = -1 EAGAIN (Try again)
24249 1784070661.121313 recvfrom(38, "nysv\0\0\0\0\0\0\0\0\0\0\0\0\227<~\312z\1\0\0\214y\1\0\0\0\0\0", 3200, MSG_DONTWAIT, NULL, NULL) = 32
24249 1784070661.121422 recvfrom(38, 0x7ff90aa020, 3200, MSG_DONTWAIT, NULL, NULL) = -1 EAGAIN (Try again)
24249 1784070661.121471 recvfrom(38, 0x7ff90a9f80, 3200, MSG_DONTWAIT, NULL, NULL) = -1 EAGAIN (Try again)
24271 1784070661.129285 recvfrom(42, "nysv\0\0\0\0\0\0\0\0\0\0\0\0\357q\204\306z\1\0\0\210y\1\0\0\0\0\0", 3200, MSG_DONTWAIT, NULL, NULL) = 32
24271 1784070661.131615 recvfrom(42, 0x716ad86eb0, 3200, MSG_DONTWAIT, NULL, NULL) = -1 EAGAIN (Try again)
24249 1784070661.135699 recvfrom(38, "nysv\0\0\0\0\0\0\0\0\0\0\0\0\200\321|\313z\1\0\0\215y\1\0\0\0\0\0", 3200, MSG_DONTWAIT, NULL, NULL) = 32
24249 1784070661.135722 recvfrom(38, 0x7ff90aa020, 3200, MSG_DONTWAIT, NULL, NULL) = -1 EAGAIN (Try again)
24249 1784070661.136428 recvfrom(38, 0x7ff90a9f80, 3200, MSG_DONTWAIT, NULL, NULL) = -1 EAGAIN (Try again)
24249 1784070661.152553 recvfrom(38, "nysv\0\0\0\0\0\0\0\0\0\0\0\0\21_{\314z\1\0\0\216y\1\0\0\0\0\0", 3200, MSG_DONTWAIT, NULL, NULL) = 32
24249 1784070661.152581 recvfrom(38, 0x7ff90aa020, 3200, MSG_DONTWAIT, NULL, NULL) = -1 EAGAIN (Try again)
24249 1784070661.152627 recvfrom(38, 0x7ff90a9f80, 3200, MSG_DONTWAIT, NULL, NULL) = -1 EAGAIN (Try again)
24249 1784070661.170190 recvfrom(38, "nysv\0\0\0\0\0\0\0\0\0\0\0\0;\257y\315z\1\0\0\217y\1\0\0\0\0\0", 3200, MSG_DONTWAIT, NULL, NULL) = 32
24249 1784070661.170224 recvfrom(38, 0x7ff90aa020, 3200, MSG_DONTWAIT, NULL, NULL) = -1 EAGAIN (Try again)
24249 1784070661.170277 recvfrom(38, 0x7ff90a9f80, 3200, MSG_DONTWAIT, NULL, NULL) = -1 EAGAIN (Try again)
24249 1784070661.187603 recvfrom(38, "nysv\0\0\0\0\0\0\0\0\0\0\0\0ZAx\316z\1\0\0\220y\1\0\0\0\0\0", 3200, MSG_DONTWAIT, NULL, NULL) = 32
24249 1784070661.187696 recvfrom(38, 0x7ff90aa020, 3200, MSG_DONTWAIT, NULL, NULL) = -1 EAGAIN (Try again)
24249 1784070661.187751 recvfrom(38, 0x7ff90a9f80, 3200, MSG_DONTWAIT, NULL, NULL) = -1 EAGAIN (Try again)
24271 1784070661.193745 recvfrom(42, "nysv\0\0\0\0\0\0\0\0\0\0\0\0\200\321|\313z\1\0\0\215y\1\0\0\0\0\0", 3200, MSG_DONTWAIT, NULL, NULL) = 32
24271 1784070661.198836 recvfrom(42, 0x716ad86eb0, 3200, MSG_DONTWAIT, NULL, NULL) = -1 EAGAIN (Try again)
24249 1784070661.216941 recvfrom(38, "nysv\0\0\0\0\0\0\0\0\0\0\0\0\204\221v\317z\1\0\0\221y\1\0\0\0\0\0", 3200, MSG_DONTWAIT, NULL, NULL) = 32
24249 1784070661.217001 recvfrom(38, 0x7ff90aa020, 3200, MSG_DONTWAIT, NULL, NULL) = -1 EAGAIN (Try again)
24249 1784070661.217110 recvfrom(38, 0x7ff90a9f80, 3200, MSG_DONTWAIT, NULL, NULL) = -1 EAGAIN (Try again)
24271 1784070661.217382 recvfrom(42, "nysv\0\0\0\0\0\0\0\0\0\0\0\0\204\221v\317z\1\0\0\221y\1\0\0\0\0\0", 3200, MSG_DONTWAIT, NULL, NULL) = 32
24271 1784070661.217411 recvfrom(42, 0x716ad86eb0, 3200, MSG_DONTWAIT, NULL, NULL) = -1 EAGAIN (Try again)
24249 1784070661.219523 recvfrom(38, "nysv\0\0\0\0\0\0\0\0\0\0\0\0\200\33u\320z\1\0\0\222y\1\0\0\0\0\0", 3200, MSG_DONTWAIT, NULL, NULL) = 32
24249 1784070661.219615 recvfrom(38, 0x7ff90aa020, 3200, MSG_DONTWAIT, NULL, NULL) = -1 EAGAIN (Try again)
24249 1784070661.219654 recvfrom(38, 0x7ff90a9f80, 3200, MSG_DONTWAIT, NULL, NULL) = -1 EAGAIN (Try again)
24249 1784070661.236464 recvfrom(38, "nysv\0\0\0\0\0\0\0\0\0\0\0\0\310\244s\321z\1\0\0\223y\1\0\0\0\0\0", 3200, MSG_DONTWAIT, NULL, NULL) = 32
24249 1784070661.236581 recvfrom(38, 0x7ff90aa020, 3200, MSG_DONTWAIT, NULL, NULL) = -1 EAGAIN (Try again)
24249 1784070661.236625 recvfrom(38, 0x7ff90a9f80, 3200, MSG_DONTWAIT, NULL, NULL) = -1 EAGAIN (Try again)
24271 1784070661.247073 recvfrom(42, "nysv\0\0\0\0\0\0\0\0\0\0\0\0\200\33u\320z\1\0\0\222y\1\0\0\0\0\0", 3200, MSG_DONTWAIT, NULL, NULL) = 32
24271 1784070661.248693 recvfrom(42, 0x716ad86eb0, 3200, MSG_DONTWAIT, NULL, NULL) = -1 EAGAIN (Try again)
24249 1784070661.253373 recvfrom(38, "nysv\0\0\0\0\0\0\0\0\0\0\0\0\177/r\322z\1\0\0\224y\1\0\0\0\0\0", 3200, MSG_DONTWAIT, NULL, NULL) = 32
24249 1784070661.253405 recvfrom(38, 0x7ff90aa020, 3200, MSG_DONTWAIT, NULL, NULL) = -1 EAGAIN (Try again)
24271 1784070661.298110 recvfrom(42, "nysv\0\0\0\0\0\0\0\0\0\0\0\0\177/r\322z\1\0\0\224y\1\0\0\0\0\0", 3200, MSG_DONTWAIT, NULL, NULL) = 32
24271 1784070661.298280 recvfrom(42, 0x716ad86c80, 3200, MSG_DONTWAIT, NULL, NULL) = -1 EAGAIN (Try again)
24249 1784070661.400048 recvfrom(38, 0x7ff90aa070, 3200, MSG_DONTWAIT, NULL, NULL) = -1 EAGAIN (Try again)
24249 1784070661.428515 recvfrom(38, "nysv\0\0\0\0\0\0\0\0\0\0\0\0}+d\333z\1\0\0\235y\1\0\0\0\0\0", 3200, MSG_DONTWAIT, NULL, NULL) = 32
24249 1784070661.428915 recvfrom(38, 0x7ff90aa020, 3200, MSG_DONTWAIT, NULL, NULL) = -1 EAGAIN (Try again)
24249 1784070661.865380 newfstatat(AT_FDCWD, "/system/framework/framework-res.apk", {st_mode=S_IFREG|0644, st_size=45992421, ...}, 0) = 0
24249 1784070661.865630 newfstatat(AT_FDCWD, "/product/overlay/GoogleConfigOverlay.apk", {st_mode=S_IFREG|0644, st_size=25070, ...}, 0) = 0
24249 1784070661.865776 newfstatat(AT_FDCWD, "/product/overlay/GoogleWebViewOverlay.apk", {st_mode=S_IFREG|0644, st_size=16815, ...}, 0) = 0
24249 1784070661.865946 newfstatat(AT_FDCWD, "/product/overlay/PixelConfigOverlayCommon.apk", {st_mode=S_IFREG|0644, st_size=52833, ...}, 0) = 0
24249 1784070661.866095 newfstatat(AT_FDCWD, "/product/overlay/EmulatorConfigOverlay.apk", {st_mode=S_IFREG|0644, st_size=16734, ...}, 0) = 0
24249 1784070661.866245 newfstatat(AT_FDCWD, "/data/app/barilyuk.batterytemperature-sL6ly13WXTe3-qOWgO1Ang==/base.apk", {st_mode=S_IFREG|0644, st_size=4634705, ...}, 0) = 0
24249 1784070661.867517 clone( <unfinished ...>
24271 1784070661.867785 clone( <unfinished ...>
24249 1784070661.867790 <... clone resumed> child_stack=0x71070cad40, flags=CLONE_VM|CLONE_FS|CLONE_FILES|CLONE_SIGHAND|CLONE_THREAD|CLONE_SYSVSEM|CLONE_SETTLS|CLONE_PARENT_SETTID|CLONE_CHILD_CLEARTID, parent_tidptr=0x71070cad60, tls=0x71070cb020, child_tidptr=0x71070cad60) = 27125
24271 1784070661.868268 <... clone resumed> child_stack=0x7106fcdd40, flags=CLONE_VM|CLONE_FS|CLONE_FILES|CLONE_SIGHAND|CLONE_THREAD|CLONE_SYSVSEM|CLONE_SETTLS|CLONE_PARENT_SETTID|CLONE_CHILD_CLEARTID, parent_tidptr=0x7106fcdd60, tls=0x7106fce020, child_tidptr=0x7106fcdd60) = 27126
24249 1784070661.869194 newfstatat(AT_FDCWD, "/system/framework/framework-res.apk", {st_mode=S_IFREG|0644, st_size=45992421, ...}, 0) = 0
24249 1784070661.877657 newfstatat(AT_FDCWD, "/product/overlay/GoogleConfigOverlay.apk", {st_mode=S_IFREG|0644, st_size=25070, ...}, 0) = 0
24249 1784070661.878090 newfstatat(AT_FDCWD, "/product/overlay/GoogleWebViewOverlay.apk", {st_mode=S_IFREG|0644, st_size=16815, ...}, 0) = 0
24249 1784070661.878640 newfstatat(AT_FDCWD, "/product/overlay/PixelConfigOverlayCommon.apk", {st_mode=S_IFREG|0644, st_size=52833, ...}, 0) = 0
24249 1784070661.879348 newfstatat(AT_FDCWD, "/product/overlay/EmulatorConfigOverlay.apk", {st_mode=S_IFREG|0644, st_size=16734, ...}, 0) = 0
24249 1784070661.880396 newfstatat(AT_FDCWD, "/data/app/barilyuk.batterytemperature-sL6ly13WXTe3-qOWgO1Ang==/base.apk", {st_mode=S_IFREG|0644, st_size=4634705, ...}, 0) = 0
27125 1784070661.882759 exit(0)         = ?
27125 1784070661.883036 +++ exited with 0 +++
27126 1784070661.883374 exit(0)         = ?
27126 1784070661.883535 +++ exited with 0 +++
24249 1784070661.893785 newfstatat(AT_FDCWD, "/system/framework/framework-res.apk", {st_mode=S_IFREG|0644, st_size=45992421, ...}, 0) = 0
24249 1784070661.894048 newfstatat(AT_FDCWD, "/product/overlay/GoogleConfigOverlay.apk", {st_mode=S_IFREG|0644, st_size=25070, ...}, 0) = 0
24249 1784070661.894274 newfstatat(AT_FDCWD, "/product/overlay/GoogleWebViewOverlay.apk", {st_mode=S_IFREG|0644, st_size=16815, ...}, 0) = 0
24249 1784070661.894473 newfstatat(AT_FDCWD, "/product/overlay/PixelConfigOverlayCommon.apk", {st_mode=S_IFREG|0644, st_size=52833, ...}, 0) = 0
24249 1784070661.895591 newfstatat(AT_FDCWD, "/product/overlay/EmulatorConfigOverlay.apk", {st_mode=S_IFREG|0644, st_size=16734, ...}, 0) = 0
24249 1784070661.896805 newfstatat(AT_FDCWD, "/data/app/barilyuk.batterytemperature-sL6ly13WXTe3-qOWgO1Ang==/base.apk", {st_mode=S_IFREG|0644, st_size=4634705, ...}, 0) = 0
24249 1784070661.920126 faccessat(AT_FDCWD, "/data/user/0/barilyuk.batterytemperature", F_OK) = 0
24249 1784070661.920956 faccessat(AT_FDCWD, "/data/user/0/barilyuk.batterytemperature/shared_prefs", F_OK) = 0
24644 1784070661.935369 sendmsg(71, {msg_name=NULL, msg_namelen=0, msg_iov=[{iov_base="l\1\1\1\344\0\0\0>\2\0\0\235\0\0\0\1\1o\0;\0\0\0/re/frid"..., iov_len=404}], msg_iovlen=1, msg_controllen=0, msg_flags=0}, MSG_NOSIGNAL) = 404
24249 1784070661.936998 faccessat(AT_FDCWD, "/storage/emulated/0/Android/data/barilyuk.batterytemperature/files/Documents", F_OK) = 0
24644 1784070661.951678 sendmsg(71, {msg_name=NULL, msg_namelen=0, msg_iov=[{iov_base="l\1\1\1\344\0\0\0?\2\0\0\235\0\0\0\1\1o\0;\0\0\0/re/frid"..., iov_len=404}], msg_iovlen=1, msg_controllen=0, msg_flags=0}, MSG_NOSIGNAL) = 404
24644 1784070661.979318 sendmsg(71, {msg_name=NULL, msg_namelen=0, msg_iov=[{iov_base="l\1\1\1\344\0\0\0@\2\0\0\235\0\0\0\1\1o\0;\0\0\0/re/frid"..., iov_len=404}], msg_iovlen=1, msg_controllen=0, msg_flags=0}, MSG_NOSIGNAL) = 404
24249 1784070662.004624 recvfrom(38, 0x7ff90a9cf0, 3200, MSG_DONTWAIT, NULL, NULL) = -1 EAGAIN (Try again)
24249 1784070662.020936 recvfrom(38, "nysv\0\0\0\0\0\0\0\0\0\0\0\0003\263'\0{\1\0\0\302y\1\0\0\0\0\0", 3200, MSG_DONTWAIT, NULL, NULL) = 32
24249 1784070662.021813 recvfrom(38, 0x7ff90aa020, 3200, MSG_DONTWAIT, NULL, NULL) = -1 EAGAIN (Try again)
24249 1784070662.028594 newfstatat(AT_FDCWD, "/system/framework/framework-res.apk", {st_mode=S_IFREG|0644, st_size=45992421, ...}, 0) = 0
24249 1784070662.029099 newfstatat(AT_FDCWD, "/product/overlay/GoogleConfigOverlay.apk", {st_mode=S_IFREG|0644, st_size=25070, ...}, 0) = 0
24249 1784070662.029740 newfstatat(AT_FDCWD, "/product/overlay/GoogleWebViewOverlay.apk", {st_mode=S_IFREG|0644, st_size=16815, ...}, 0) = 0
24249 1784070662.030745 newfstatat(AT_FDCWD, "/product/overlay/PixelConfigOverlayCommon.apk", {st_mode=S_IFREG|0644, st_size=52833, ...}, 0) = 0
24249 1784070662.031100 newfstatat(AT_FDCWD, "/product/overlay/EmulatorConfigOverlay.apk", {st_mode=S_IFREG|0644, st_size=16734, ...}, 0) = 0
24249 1784070662.031425 newfstatat(AT_FDCWD, "/data/app/barilyuk.batterytemperature-sL6ly13WXTe3-qOWgO1Ang==/base.apk", {st_mode=S_IFREG|0644, st_size=4634705, ...}, 0) = 0
24249 1784070662.037266 faccessat(AT_FDCWD, "/data/user/0/barilyuk.batterytemperature", F_OK) = 0
24249 1784070662.037546 faccessat(AT_FDCWD, "/data/user/0/barilyuk.batterytemperature/shared_prefs", F_OK) = 0
24644 1784070662.052912 sendmsg(71, {msg_name=NULL, msg_namelen=0, msg_iov=[{iov_base="l\1\1\1\344\0\0\0A\2\0\0\235\0\0\0\1\1o\0;\0\0\0/re/frid"..., iov_len=404}], msg_iovlen=1, msg_controllen=0, msg_flags=0}, MSG_NOSIGNAL) = 404
24249 1784070662.082587 recvfrom(61, 0x7165c6d820, 2272, MSG_DONTWAIT, NULL, NULL) = -1 EAGAIN (Try again)
24249 1784070662.084202 recvfrom(38, 0x7ff90a9930, 3200, MSG_DONTWAIT, NULL, NULL) = -1 EAGAIN (Try again)
24644 1784070662.105954 sendmsg(71, {msg_name=NULL, msg_namelen=0, msg_iov=[{iov_base="l\1\1\1\374\0\0\0B\2\0\0\235\0\0\0\1\1o\0;\0\0\0/re/frid"..., iov_len=428}], msg_iovlen=1, msg_controllen=0, msg_flags=0}, MSG_NOSIGNAL) = 428
24644 1784070662.121540 sendmsg(71, {msg_name=NULL, msg_namelen=0, msg_iov=[{iov_base="l\1\1\1\0\1\0\0C\2\0\0\235\0\0\0\1\1o\0;\0\0\0/re/frid"..., iov_len=432}], msg_iovlen=1, msg_controllen=0, msg_flags=0}, MSG_NOSIGNAL) = 432
24644 1784070662.150668 sendmsg(71, {msg_name=NULL, msg_namelen=0, msg_iov=[{iov_base="l\1\1\1\374\0\0\0D\2\0\0\235\0\0\0\1\1o\0;\0\0\0/re/frid"..., iov_len=428}], msg_iovlen=1, msg_controllen=0, msg_flags=0}, MSG_NOSIGNAL) = 428
24644 1784070662.170793 sendmsg(71, {msg_name=NULL, msg_namelen=0, msg_iov=[{iov_base="l\1\1\1\0\1\0\0E\2\0\0\235\0\0\0\1\1o\0;\0\0\0/re/frid"..., iov_len=432}], msg_iovlen=1, msg_controllen=0, msg_flags=0}, MSG_NOSIGNAL) = 432
24249 1784070662.243168 recvfrom(38, "nysv\0\0\0\0\0\0\0\0\0\0\0\0]w!\4{\1\0\0\306y\1\0\0\0\0\0", 3200, MSG_DONTWAIT, NULL, NULL) = 32
24249 1784070662.243416 recvfrom(38, 0x7ff90aa020, 3200, MSG_DONTWAIT, NULL, NULL) = -1 EAGAIN (Try again)
24644 1784070662.251688 sendmsg(71, {msg_name=NULL, msg_namelen=0, msg_iov=[{iov_base="l\1\1\1\344\0\0\0F\2\0\0\235\0\0\0\1\1o\0;\0\0\0/re/frid"..., iov_len=404}], msg_iovlen=1, msg_controllen=0, msg_flags=0}, MSG_NOSIGNAL) = 404
24644 1784070662.260487 sendmsg(71, {msg_name=NULL, msg_namelen=0, msg_iov=[{iov_base="l\1\1\1\334\0\0\0G\2\0\0\235\0\0\0\1\1o\0;\0\0\0/re/frid"..., iov_len=396}], msg_iovlen=1, msg_controllen=0, msg_flags=0}, MSG_NOSIGNAL) = 396
24644 1784070662.261972 sendmsg(71, {msg_name=NULL, msg_namelen=0, msg_iov=[{iov_base="l\1\1\1\350\0\0\0H\2\0\0\235\0\0\0\1\1o\0;\0\0\0/re/frid"..., iov_len=408}], msg_iovlen=1, msg_controllen=0, msg_flags=0}, MSG_NOSIGNAL) = 408
24644 1784070662.264270 sendmsg(71, {msg_name=NULL, msg_namelen=0, msg_iov=[{iov_base="l\1\1\1\354\0\0\0I\2\0\0\235\0\0\0\1\1o\0;\0\0\0/re/frid"..., iov_len=412}], msg_iovlen=1, msg_controllen=0, msg_flags=0}, MSG_NOSIGNAL) = 412
24249 1784070662.267834 recvfrom(61, 0x7165c6d820, 2272, MSG_DONTWAIT, NULL, NULL) = -1 EAGAIN (Try again)
24249 1784070662.268015 recvfrom(38, 0x7ff90a9f80, 3200, MSG_DONTWAIT, NULL, NULL) = -1 EAGAIN (Try again)
24249 1784070662.276761 recvfrom(38, "nysv\0\0\0\0\0\0\0\0\0\0\0\0/\300\16\17{\1\0\0\321y\1\0\0\0\0\0", 3200, MSG_DONTWAIT, NULL, NULL) = 32
24249 1784070662.277107 recvfrom(38, 0x7ff90aa020, 3200, MSG_DONTWAIT, NULL, NULL) = -1 EAGAIN (Try again)
24644 1784070662.281747 sendmsg(71, {msg_name=NULL, msg_namelen=0, msg_iov=[{iov_base="l\1\1\1\344\0\0\0J\2\0\0\235\0\0\0\1\1o\0;\0\0\0/re/frid"..., iov_len=404}], msg_iovlen=1, msg_controllen=0, msg_flags=0}, MSG_NOSIGNAL) = 404
24644 1784070662.294790 sendmsg(71, {msg_name=NULL, msg_namelen=0, msg_iov=[{iov_base="l\1\1\1\310\0\0\0K\2\0\0\235\0\0\0\1\1o\0;\0\0\0/re/frid"..., iov_len=376}], msg_iovlen=1, msg_controllen=0, msg_flags=0}, MSG_NOSIGNAL) = 376
24644 1784070662.301621 sendmsg(71, {msg_name=NULL, msg_namelen=0, msg_iov=[{iov_base="l\1\1\1H\1\0\0L\2\0\0\235\0\0\0\1\1o\0;\0\0\0/re/frid"..., iov_len=504}], msg_iovlen=1, msg_controllen=0, msg_flags=0}, MSG_NOSIGNAL) = 504
24249 1784070662.311773 recvfrom(61, 0x7165c6d820, 2272, MSG_DONTWAIT, NULL, NULL) = -1 EAGAIN (Try again)
24249 1784070662.311979 recvfrom(38, 0x7ff90a9f80, 3200, MSG_DONTWAIT, NULL, NULL) = -1 EAGAIN (Try again)
24644 1784070662.327866 sendmsg(71, {msg_name=NULL, msg_namelen=0, msg_iov=[{iov_base="l\1\1\1\344\0\0\0M\2\0\0\235\0\0\0\1\1o\0;\0\0\0/re/frid"..., iov_len=404}], msg_iovlen=1, msg_controllen=0, msg_flags=0}, MSG_NOSIGNAL) = 404
24644 1784070662.331007 sendmsg(71, {msg_name=NULL, msg_namelen=0, msg_iov=[{iov_base="l\1\1\1\334\0\0\0N\2\0\0\235\0\0\0\1\1o\0;\0\0\0/re/frid"..., iov_len=396}], msg_iovlen=1, msg_controllen=0, msg_flags=0}, MSG_NOSIGNAL) = 396
24644 1784070662.332879 sendmsg(71, {msg_name=NULL, msg_namelen=0, msg_iov=[{iov_base="l\1\1\1\350\0\0\0O\2\0\0\235\0\0\0\1\1o\0;\0\0\0/re/frid"..., iov_len=408}], msg_iovlen=1, msg_controllen=0, msg_flags=0}, MSG_NOSIGNAL) = 408
24644 1784070662.335366 sendmsg(71, {msg_name=NULL, msg_namelen=0, msg_iov=[{iov_base="l\1\1\1\354\0\0\0P\2\0\0\235\0\0\0\1\1o\0;\0\0\0/re/frid"..., iov_len=412}], msg_iovlen=1, msg_controllen=0, msg_flags=0}, MSG_NOSIGNAL) = 412
24249 1784070662.345608 faccessat(AT_FDCWD, "/data/user/0/barilyuk.batterytemperature/shared_prefs/MyPrefs.xml", F_OK) = 0
24249 1784070662.346246 recvfrom(38, "nysv\0\0\0\0\0\0\0\0\0\0\0\0\200\241\t\22{\1\0\0\324y\1\0\0\0\0\0", 3200, MSG_DONTWAIT, NULL, NULL) = 32
24249 1784070662.346406 recvfrom(38, 0x7ff90aa020, 3200, MSG_DONTWAIT, NULL, NULL) = -1 EAGAIN (Try again)
24249 1784070662.347134 recvfrom(38, 0x7ff90a9f80, 3200, MSG_DONTWAIT, NULL, NULL) = -1 EAGAIN (Try again)
24249 1784070662.353865 recvfrom(38, "nysv\0\0\0\0\0\0\0\0\0\0\0\0001v\6\24{\1\0\0\326y\1\0\0\0\0\0", 3200, MSG_DONTWAIT, NULL, NULL) = 32
24249 1784070662.355999 recvfrom(38, 0x7ff90aa020, 3200, MSG_DONTWAIT, NULL, NULL) = -1 EAGAIN (Try again)
24644 1784070662.820358 sendmsg(71, {msg_name=NULL, msg_namelen=0, msg_iov=[{iov_base="l\1\1\1\344\0\0\0Q\2\0\0\235\0\0\0\1\1o\0;\0\0\0/re/frid"..., iov_len=404}], msg_iovlen=1, msg_controllen=0, msg_flags=0}, MSG_NOSIGNAL) = 404
24644 1784070662.827063 sendmsg(71, {msg_name=NULL, msg_namelen=0, msg_iov=[{iov_base="l\1\1\1\310\0\0\0R\2\0\0\235\0\0\0\1\1o\0;\0\0\0/re/frid"..., iov_len=376}], msg_iovlen=1, msg_controllen=0, msg_flags=0}, MSG_NOSIGNAL) = 376
24277 1784070662.928401 faccessat(AT_FDCWD, "/data/user/0/barilyuk.batterytemperature/shared_prefs/MyPrefs.xml", F_OK) = 0
24644 1784070663.988054 sendmsg(71, {msg_name=NULL, msg_namelen=0, msg_iov=[{iov_base="l\1\1\1\344\0\0\0S\2\0\0\235\0\0\0\1\1o\0;\0\0\0/re/frid"..., iov_len=404}], msg_iovlen=1, msg_controllen=0, msg_flags=0}, MSG_NOSIGNAL) = 404
24249 1784070663.991188 recvfrom(38, 0x7ff90a9de0, 3200, MSG_DONTWAIT, NULL, NULL) = -1 EAGAIN (Try again)
24249 1784070664.003545 recvfrom(38, "nysv\0\0\0\0\0\0\0\0\0\0\0\0b\4Vv{\1\0\08z\1\0\0\0\0\0", 3200, MSG_DONTWAIT, NULL, NULL) = 32
24249 1784070664.003894 recvfrom(38, 0x7ff90aa020, 3200, MSG_DONTWAIT, NULL, NULL) = -1 EAGAIN (Try again)
24249 1784070664.004535 recvfrom(61, 0x7165c6d820, 2272, MSG_DONTWAIT, NULL, NULL) = -1 EAGAIN (Try again)
24249 1784070666.005009 recvfrom(38, 0x7ff90a9de0, 3200, MSG_DONTWAIT, NULL, NULL) = -1 EAGAIN (Try again)
24644 1784070666.005550 sendmsg(71, {msg_name=NULL, msg_namelen=0, msg_iov=[{iov_base="l\1\1\1\344\0\0\0T\2\0\0\235\0\0\0\1\1o\0;\0\0\0/re/frid"..., iov_len=404}], msg_iovlen=1, msg_controllen=0, msg_flags=0}, MSG_NOSIGNAL) = 404
24249 1784070666.025173 recvfrom(38, "nysv\0\0\0\0\0\0\0\0\0\0\0\0\233\306\211\356{\1\0\0\256z\1\0\0\0\0\0", 3200, MSG_DONTWAIT, NULL, NULL) = 32
24249 1784070666.025502 recvfrom(38, 0x7ff90aa020, 3200, MSG_DONTWAIT, NULL, NULL) = -1 EAGAIN (Try again)
24249 1784070666.026131 recvfrom(61, 0x7165c6d820, 2272, MSG_DONTWAIT, NULL, NULL) = -1 EAGAIN (Try again)
24249 1784070668.019133 recvfrom(38, 0x7ff90a9de0, 3200, MSG_DONTWAIT, NULL, NULL) = -1 EAGAIN (Try again)
24644 1784070668.020382 sendmsg(71, {msg_name=NULL, msg_namelen=0, msg_iov=[{iov_base="l\1\1\1\344\0\0\0U\2\0\0\235\0\0\0\1\1o\0;\0\0\0/re/frid"..., iov_len=404}], msg_iovlen=1, msg_controllen=0, msg_flags=0}, MSG_NOSIGNAL) = 404
24249 1784070668.042717 recvfrom(38, "nysv\0\0\0\0\0\0\0\0\0\0\0\0u\252\275f|\1\0\0&{\1\0\0\0\0\0", 3200, MSG_DONTWAIT, NULL, NULL) = 32
24249 1784070668.042950 recvfrom(38, 0x7ff90aa020, 3200, MSG_DONTWAIT, NULL, NULL) = -1 EAGAIN (Try again)
24249 1784070668.043390 recvfrom(61, 0x7165c6d820, 2272, MSG_DONTWAIT, NULL, NULL) = -1 EAGAIN (Try again)
24249 1784070670.041836 recvfrom(38,  <unfinished ...>
24644 1784070670.041907 sendmsg(71, {msg_name=NULL, msg_namelen=0, msg_iov=[{iov_base="l\1\1\1\344\0\0\0V\2\0\0\235\0\0\0\1\1o\0;\0\0\0/re/frid"..., iov_len=404}], msg_iovlen=1, msg_controllen=0, msg_flags=0}, MSG_NOSIGNAL <unfinished ...>
24249 1784070670.042127 <... recvfrom resumed> 0x7ff90a9de0, 3200, MSG_DONTWAIT, NULL, NULL) = -1 EAGAIN (Try again)
24644 1784070670.042363 <... sendmsg resumed> ) = 404
24249 1784070670.056086 recvfrom(38, "nysv\0\0\0\0\0\0\0\0\0\0\0\0O\216\361\336|\1\0\0\235{\1\0\0\0\0\0", 3200, MSG_DONTWAIT, NULL, NULL) = 32
24249 1784070670.056409 recvfrom(38, 0x7ff90aa020, 3200, MSG_DONTWAIT, NULL, NULL) = -1 EAGAIN (Try again)
24249 1784070670.057120 recvfrom(61, 0x7165c6d820, 2272, MSG_DONTWAIT, NULL, NULL) = -1 EAGAIN (Try again)
24644 1784070672.061880 sendmsg(71, {msg_name=NULL, msg_namelen=0, msg_iov=[{iov_base="l\1\1\1\344\0\0\0W\2\0\0\235\0\0\0\1\1o\0;\0\0\0/re/frid"..., iov_len=404}], msg_iovlen=1, msg_controllen=0, msg_flags=0}, MSG_NOSIGNAL) = 404
24249 1784070672.062269 recvfrom(38, 0x7ff90a9de0, 3200, MSG_DONTWAIT, NULL, NULL) = -1 EAGAIN (Try again)
24249 1784070672.070729 recvfrom(38, "nysv\0\0\0\0\0\0\0\0\0\0\0\0)r%W}\1\0\0\26|\1\0\0\0\0\0", 3200, MSG_DONTWAIT, NULL, NULL) = 32
24249 1784070672.071126 recvfrom(38, 0x7ff90aa020, 3200, MSG_DONTWAIT, NULL, NULL) = -1 EAGAIN (Try again)
24249 1784070672.071849 recvfrom(61, 0x7165c6d820, 2272, MSG_DONTWAIT, NULL, NULL) = -1 EAGAIN (Try again)
24644 1784070674.086903 sendmsg(71, {msg_name=NULL, msg_namelen=0, msg_iov=[{iov_base="l\1\1\1\344\0\0\0X\2\0\0\235\0\0\0\1\1o\0;\0\0\0/re/frid"..., iov_len=404}], msg_iovlen=1, msg_controllen=0, msg_flags=0}, MSG_NOSIGNAL) = 404
24249 1784070674.087476 recvfrom(38, 0x7ff90a9de0, 3200, MSG_DONTWAIT, NULL, NULL) = -1 EAGAIN (Try again)
24249 1784070674.105197 recvfrom(38, "nysv\0\0\0\0\0\0\0\0\0\0\0\0-\246W\320}\1\0\0\216|\1\0\0\0\0\0", 3200, MSG_DONTWAIT, NULL, NULL) = 32
24249 1784070674.105514 recvfrom(38, 0x7ff90aa020, 3200, MSG_DONTWAIT, NULL, NULL) = -1 EAGAIN (Try again)
24249 1784070674.106098 recvfrom(61, 0x7165c6d820, 2272, MSG_DONTWAIT, NULL, NULL) = -1 EAGAIN (Try again)
24644 1784070676.100729 sendmsg(71, {msg_name=NULL, msg_namelen=0, msg_iov=[{iov_base="l\1\1\1\344\0\0\0Y\2\0\0\235\0\0\0\1\1o\0;\0\0\0/re/frid"..., iov_len=404}], msg_iovlen=1, msg_controllen=0, msg_flags=0}, MSG_NOSIGNAL) = 404
24249 1784070676.102194 recvfrom(38, 0x7ff90a9de0, 3200, MSG_DONTWAIT, NULL, NULL) = -1 EAGAIN (Try again)
24249 1784070676.126449 recvfrom(38, "nysv\0\0\0\0\0\0\0\0\0\0\0\0\7\212\213H~\1\0\0\7}\1\0\0\0\0\0", 3200, MSG_DONTWAIT, NULL, NULL) = 32
24249 1784070676.126858 recvfrom(38, 0x7ff90aa020, 3200, MSG_DONTWAIT, NULL, NULL) = -1 EAGAIN (Try again)
24249 1784070676.127630 recvfrom(61, 0x7165c6d820, 2272, MSG_DONTWAIT, NULL, NULL) = -1 EAGAIN (Try again)
24249 1784070676.984771 recvfrom(38, 0x7ff90a9de0, 3200, MSG_DONTWAIT, NULL, NULL) = -1 EAGAIN (Try again)
24644 1784070676.985016 sendmsg(71, {msg_name=NULL, msg_namelen=0, msg_iov=[{iov_base="l\1\1\1\344\0\0\0Z\2\0\0\235\0\0\0\1\1o\0;\0\0\0/re/frid"..., iov_len=404}], msg_iovlen=1, msg_controllen=0, msg_flags=0}, MSG_NOSIGNAL) = 404
24249 1784070676.986902 recvfrom(38, "nysv\0\0\0\0\0\0\0\0\0\0\0\0\f(4|~\1\0\09}\1\0\0\0\0\0", 3200, MSG_DONTWAIT, NULL, NULL) = 32
24249 1784070676.987068 recvfrom(38, 0x7ff90aa020, 3200, MSG_DONTWAIT, NULL, NULL) = -1 EAGAIN (Try again)
24249 1784070676.987235 recvfrom(61, 0x7165c6d820, 2272, MSG_DONTWAIT, NULL, NULL) = -1 EAGAIN (Try again)
24249 1784070678.114231 recvfrom(38, 0x7ff90a9de0, 3200, MSG_DONTWAIT, NULL, NULL) = -1 EAGAIN (Try again)
24644 1784070678.114453 sendmsg(71, {msg_name=NULL, msg_namelen=0, msg_iov=[{iov_base="l\1\1\1\344\0\0\0[\2\0\0\235\0\0\0\1\1o\0;\0\0\0/re/frid"..., iov_len=404}], msg_iovlen=1, msg_controllen=0, msg_flags=0}, MSG_NOSIGNAL) = 404
24249 1784070678.136306 recvfrom(38, "nysv\0\0\0\0\0\0\0\0\0\0\0\0\341m\277\300~\1\0\0{}\1\0\0\0\0\0", 3200, MSG_DONTWAIT, NULL, NULL) = 32
24249 1784070678.136469 recvfrom(38, 0x7ff90aa020, 3200, MSG_DONTWAIT, NULL, NULL) = -1 EAGAIN (Try again)
24249 1784070678.136758 recvfrom(61, 0x7165c6d820, 2272, MSG_DONTWAIT, NULL, NULL) = -1 EAGAIN (Try again)
24249 1784070679.007339 recvfrom(38,  <unfinished ...>
24644 1784070679.007380 sendmsg(71, {msg_name=NULL, msg_namelen=0, msg_iov=[{iov_base="l\1\1\1\344\0\0\0\\\2\0\0\235\0\0\0\1\1o\0;\0\0\0/re/frid"..., iov_len=404}], msg_iovlen=1, msg_controllen=0, msg_flags=0}, MSG_NOSIGNAL <unfinished ...>
24249 1784070679.007478 <... recvfrom resumed> 0x7ff90a9de0, 3200, MSG_DONTWAIT, NULL, NULL) = -1 EAGAIN (Try again)
24644 1784070679.007870 <... sendmsg resumed> ) = 404
24249 1784070679.023639 recvfrom(38, "nysv\0\0\0\0\0\0\0\0\0\0\0\0\223\6f\365~\1\0\0\257}\1\0\0\0\0\0", 3200, MSG_DONTWAIT, NULL, NULL) = 32
24249 1784070679.024025 recvfrom(38, 0x7ff90aa020, 3200, MSG_DONTWAIT, NULL, NULL) = -1 EAGAIN (Try again)
24249 1784070679.024760 recvfrom(61, 0x7165c6d820, 2272, MSG_DONTWAIT, NULL, NULL) = -1 EAGAIN (Try again)
24249 1784070680.133785 recvfrom(38, 0x7ff90a9de0, 3200, MSG_DONTWAIT, NULL, NULL) = -1 EAGAIN (Try again)
24644 1784070680.134425 sendmsg(71, {msg_name=NULL, msg_namelen=0, msg_iov=[{iov_base="l\1\1\1\344\0\0\0]\2\0\0\235\0\0\0\1\1o\0;\0\0\0/re/frid"..., iov_len=404}], msg_iovlen=1, msg_controllen=0, msg_flags=0}, MSG_NOSIGNAL) = 404
24249 1784070680.138053 recvfrom(38, "nysv\0\0\0\0\0\0\0\0\0\0\0\0XQ\3657\177\1\0\0\362}\1\0\0\0\0\0", 3200, MSG_DONTWAIT, NULL, NULL) = 32
24249 1784070680.138395 recvfrom(38, 0x7ff90aa020, 3200, MSG_DONTWAIT, NULL, NULL) = -1 EAGAIN (Try again)
24249 1784070680.138725 recvfrom(61, 0x7165c6d820, 2272, MSG_DONTWAIT, NULL, NULL) = -1 EAGAIN (Try again)
24249 1784070681.021653 recvfrom(38,  <unfinished ...>
24644 1784070681.022018 sendmsg(71, {msg_name=NULL, msg_namelen=0, msg_iov=[{iov_base="l\1\1\1\344\0\0\0^\2\0\0\235\0\0\0\1\1o\0;\0\0\0/re/frid"..., iov_len=404}], msg_iovlen=1, msg_controllen=0, msg_flags=0}, MSG_NOSIGNAL <unfinished ...>
24249 1784070681.022076 <... recvfrom resumed> 0x7ff90a9de0, 3200, MSG_DONTWAIT, NULL, NULL) = -1 EAGAIN (Try again)
24644 1784070681.022372 <... sendmsg resumed> ) = 404
24249 1784070681.040116 recvfrom(38, "nysv\0\0\0\0\0\0\0\0\0\0\0\0m\352\231m\177\1\0\0(~\1\0\0\0\0\0", 3200, MSG_DONTWAIT, NULL, NULL) = 32
24249 1784070681.040291 recvfrom(38, 0x7ff90aa020, 3200, MSG_DONTWAIT, NULL, NULL) = -1 EAGAIN (Try again)
24249 1784070681.040600 recvfrom(61, 0x7165c6d820, 2272, MSG_DONTWAIT, NULL, NULL) = -1 EAGAIN (Try again)
24249 1784070682.151857 recvfrom(38, 0x7ff90a9de0, 3200, MSG_DONTWAIT, NULL, NULL) = -1 EAGAIN (Try again)
24644 1784070682.152357 sendmsg(71, {msg_name=NULL, msg_namelen=0, msg_iov=[{iov_base="l\1\1\1\344\0\0\0_\2\0\0\235\0\0\0\1\1o\0;\0\0\0/re/frid"..., iov_len=404}], msg_iovlen=1, msg_controllen=0, msg_flags=0}, MSG_NOSIGNAL) = 404
24249 1784070682.155049 recvfrom(38, "nysv\0\0\0\0\0\0\0\0\0\0\0\0k\345(\260\177\1\0\0k~\1\0\0\0\0\0", 3200, MSG_DONTWAIT, NULL, NULL) = 32
24249 1784070682.155388 recvfrom(38, 0x7ff90aa020, 3200, MSG_DONTWAIT, NULL, NULL) = -1 EAGAIN (Try again)
24249 1784070682.155706 recvfrom(61, 0x7165c6d820, 2272, MSG_DONTWAIT, NULL, NULL) = -1 EAGAIN (Try again)
24644 1784070683.034239 sendmsg(71, {msg_name=NULL, msg_namelen=0, msg_iov=[{iov_base="l\1\1\1\344\0\0\0`\2\0\0\235\0\0\0\1\1o\0;\0\0\0/re/frid"..., iov_len=404}], msg_iovlen=1, msg_controllen=0, msg_flags=0}, MSG_NOSIGNAL) = 404
24249 1784070683.034545 recvfrom(38, 0x7ff90a9de0, 3200, MSG_DONTWAIT, NULL, NULL) = -1 EAGAIN (Try again)
24249 1784070683.052764 recvfrom(38, "nysv\0\0\0\0\0\0\0\0\0\0\0\0\216\376\316\345\177\1\0\0\236~\1\0\0\0\0\0", 3200, MSG_DONTWAIT, NULL, NULL) = 32
24249 1784070683.052998 recvfrom(38, 0x7ff90aa020, 3200, MSG_DONTWAIT, NULL, NULL) = -1 EAGAIN (Try again)
24249 1784070683.053432 recvfrom(61, 0x7165c6d820, 2272, MSG_DONTWAIT, NULL, NULL) = -1 EAGAIN (Try again)
24644 1784070684.163991 sendmsg(71, {msg_name=NULL, msg_namelen=0, msg_iov=[{iov_base="l\1\1\1\344\0\0\0a\2\0\0\235\0\0\0\1\1o\0;\0\0\0/re/frid"..., iov_len=404}], msg_iovlen=1, msg_controllen=0, msg_flags=0}, MSG_NOSIGNAL <unfinished ...>
24249 1784070684.164052 recvfrom(38, 0x7ff90a9de0, 3200, MSG_DONTWAIT, NULL, NULL) = -1 EAGAIN (Try again)
24644 1784070684.164583 <... sendmsg resumed> ) = 404
24249 1784070684.169943 recvfrom(38, "nysv\0\0\0\0\0\0\0\0\0\0\0\0\335\347\\(\200\1\0\0\341~\1\0\0\0\0\0", 3200, MSG_DONTWAIT, NULL, NULL) = 32
24249 1784070684.170343 recvfrom(38, 0x7ff90aa020, 3200, MSG_DONTWAIT, NULL, NULL) = -1 EAGAIN (Try again)
24249 1784070684.171181 recvfrom(61, 0x7165c6d820, 2272, MSG_DONTWAIT, NULL, NULL) = -1 EAGAIN (Try again)
24249 1784070685.049674 recvfrom(38, 0x7ff90a9de0, 3200, MSG_DONTWAIT, NULL, NULL) = -1 EAGAIN (Try again)
24644 1784070685.050134 sendmsg(71, {msg_name=NULL, msg_namelen=0, msg_iov=[{iov_base="l\1\1\1\344\0\0\0b\2\0\0\235\0\0\0\1\1o\0;\0\0\0/re/frid"..., iov_len=404}], msg_iovlen=1, msg_controllen=0, msg_flags=0}, MSG_NOSIGNAL) = 404
24249 1784070685.052845 recvfrom(38, "nysv\0\0\0\0\0\0\0\0\0\0\0\0\340\242\3]\200\1\0\0\26\177\1\0\0\0\0\0", 3200, MSG_DONTWAIT, NULL, NULL) = 32
24249 1784070685.053168 recvfrom(38, 0x7ff90aa020, 3200, MSG_DONTWAIT, NULL, NULL) = -1 EAGAIN (Try again)
24249 1784070685.053494 recvfrom(61, 0x7165c6d820, 2272, MSG_DONTWAIT, NULL, NULL) = -1 EAGAIN (Try again)
24644 1784070686.186248 sendmsg(71, {msg_name=NULL, msg_namelen=0, msg_iov=[{iov_base="l\1\1\1\344\0\0\0c\2\0\0\235\0\0\0\1\1o\0;\0\0\0/re/frid"..., iov_len=404}], msg_iovlen=1, msg_controllen=0, msg_flags=0}, MSG_NOSIGNAL) = 404
24249 1784070686.186778 recvfrom(38, 0x7ff90a9de0, 3200, MSG_DONTWAIT, NULL, NULL) = -1 EAGAIN (Try again)
24249 1784070686.206306 recvfrom(38, "nysv\0\0\0\0\0\0\0\0\0\0\0\0I\375\216\241\200\1\0\0[\177\1\0\0\0\0\0", 3200, MSG_DONTWAIT, NULL, NULL) = 32
24249 1784070686.206730 recvfrom(38, 0x7ff90aa020, 3200, MSG_DONTWAIT, NULL, NULL) = -1 EAGAIN (Try again)
24249 1784070686.207441 recvfrom(61, 0x7165c6d820, 2272, MSG_DONTWAIT, NULL, NULL) = -1 EAGAIN (Try again)
24249 1784070687.064970 recvfrom(38, 0x7ff90a9de0, 3200, MSG_DONTWAIT, NULL, NULL) = -1 EAGAIN (Try again)
24644 1784070687.065164 sendmsg(71, {msg_name=NULL, msg_namelen=0, msg_iov=[{iov_base="l\1\1\1\344\0\0\0d\2\0\0\235\0\0\0\1\1o\0;\0\0\0/re/frid"..., iov_len=404}], msg_iovlen=1, msg_controllen=0, msg_flags=0}, MSG_NOSIGNAL) = 404
24249 1784070687.069486 recvfrom(38, "nysv\0\0\0\0\0\0\0\0\0\0\0\0.\2037\325\200\1\0\0\217\177\1\0\0\0\0\0", 3200, MSG_DONTWAIT, NULL, NULL) = 32
24249 1784070687.069807 recvfrom(38, 0x7ff90aa020, 3200, MSG_DONTWAIT, NULL, NULL) = -1 EAGAIN (Try again)
24249 1784070687.070208 recvfrom(61, 0x7165c6d820, 2272, MSG_DONTWAIT, NULL, NULL) = -1 EAGAIN (Try again)
24249 1784070688.208183 recvfrom(38,  <unfinished ...>
24644 1784070688.208462 sendmsg(71, {msg_name=NULL, msg_namelen=0, msg_iov=[{iov_base="l\1\1\1\344\0\0\0e\2\0\0\235\0\0\0\1\1o\0;\0\0\0/re/frid"..., iov_len=404}], msg_iovlen=1, msg_controllen=0, msg_flags=0}, MSG_NOSIGNAL <unfinished ...>
24249 1784070688.208516 <... recvfrom resumed> 0x7ff90a9de0, 3200, MSG_DONTWAIT, NULL, NULL) = -1 EAGAIN (Try again)
24644 1784070688.208881 <... sendmsg resumed> ) = 404
24249 1784070688.221047 recvfrom(38, "nysv\0\0\0\0\0\0\0\0\0\0\0\0#\341\302\31\201\1\0\0\324\177\1\0\0\0\0\0", 3200, MSG_DONTWAIT, NULL, NULL) = 32
24249 1784070688.221465 recvfrom(38, 0x7ff90aa020, 3200, MSG_DONTWAIT, NULL, NULL) = -1 EAGAIN (Try again)
24249 1784070688.222249 recvfrom(61, 0x7165c6d820, 2272, MSG_DONTWAIT, NULL, NULL) = -1 EAGAIN (Try again)
24249 1784070689.078620 recvfrom(38, 0x7ff90a9de0, 3200, MSG_DONTWAIT, NULL, NULL) = -1 EAGAIN (Try again)
24644 1784070689.079569 sendmsg(71, {msg_name=NULL, msg_namelen=0, msg_iov=[{iov_base="l\1\1\1\344\0\0\0f\2\0\0\235\0\0\0\1\1o\0;\0\0\0/re/frid"..., iov_len=404}], msg_iovlen=1, msg_controllen=0, msg_flags=0}, MSG_NOSIGNAL) = 404
24249 1784070689.086146 recvfrom(38, "nysv\0\0\0\0\0\0\0\0\0\0\0\0\233mkM\201\1\0\0\7\200\1\0\0\0\0\0", 3200, MSG_DONTWAIT, NULL, NULL) = 32
24249 1784070689.086342 recvfrom(38, 0x7ff90aa020, 3200, MSG_DONTWAIT, NULL, NULL) = -1 EAGAIN (Try again)
24249 1784070689.086771 recvfrom(61, 0x7165c6d820, 2272, MSG_DONTWAIT, NULL, NULL) = -1 EAGAIN (Try again)
24249 1784070690.224807 recvfrom(38,  <unfinished ...>
24644 1784070690.225591 sendmsg(71, {msg_name=NULL, msg_namelen=0, msg_iov=[{iov_base="l\1\1\1\344\0\0\0g\2\0\0\235\0\0\0\1\1o\0;\0\0\0/re/frid"..., iov_len=404}], msg_iovlen=1, msg_controllen=0, msg_flags=0}, MSG_NOSIGNAL) = 404
24249 1784070690.226007 <... recvfrom resumed> 0x7ff90a9de0, 3200, MSG_DONTWAIT, NULL, NULL) = -1 EAGAIN (Try again)
24249 1784070690.239864 recvfrom(38, "nysv\0\0\0\0\0\0\0\0\0\0\0\0\375\304\366\221\201\1\0\0L\200\1\0\0\0\0\0", 3200, MSG_DONTWAIT, NULL, NULL) = 32
24249 1784070690.240299 recvfrom(38, 0x7ff90aa020, 3200, MSG_DONTWAIT, NULL, NULL) = -1 EAGAIN (Try again)
24249 1784070690.241036 recvfrom(61, 0x7165c6d820, 2272, MSG_DONTWAIT, NULL, NULL) = -1 EAGAIN (Try again)
24644 1784070691.092723 sendmsg(71, {msg_name=NULL, msg_namelen=0, msg_iov=[{iov_base="l\1\1\1\344\0\0\0h\2\0\0\235\0\0\0\1\1o\0;\0\0\0/re/frid"..., iov_len=404}], msg_iovlen=1, msg_controllen=0, msg_flags=0}, MSG_NOSIGNAL) = 404
24249 1784070691.093192 recvfrom(38, 0x7ff90a9de0, 3200, MSG_DONTWAIT, NULL, NULL) = -1 EAGAIN (Try again)
24249 1784070691.105667 recvfrom(38, "nysv\0\0\0\0\0\0\0\0\0\0\0\0\205\r\237\305\201\1\0\0\200\200\1\0\0\0\0\0", 3200, MSG_DONTWAIT, NULL, NULL) = 32
24249 1784070691.105846 recvfrom(38, 0x7ff90aa020, 3200, MSG_DONTWAIT, NULL, NULL) = -1 EAGAIN (Try again)
24249 1784070691.106559 recvfrom(61, 0x7165c6d820, 2272, MSG_DONTWAIT, NULL, NULL) = -1 EAGAIN (Try again)
24249 1784070692.236132 recvfrom(38, 0x7ff90a9de0, 3200, MSG_DONTWAIT, NULL, NULL) = -1 EAGAIN (Try again)
24644 1784070692.237240 sendmsg(71, {msg_name=NULL, msg_namelen=0, msg_iov=[{iov_base="l\1\1\1\344\0\0\0i\2\0\0\235\0\0\0\1\1o\0;\0\0\0/re/frid"..., iov_len=404}], msg_iovlen=1, msg_controllen=0, msg_flags=0}, MSG_NOSIGNAL) = 404
24249 1784070692.254636 recvfrom(38, "nysv\0\0\0\0\0\0\0\0\0\0\0\0\327\250*\n\202\1\0\0\304\200\1\0\0\0\0\0", 3200, MSG_DONTWAIT, NULL, NULL) = 32
24249 1784070692.254798 recvfrom(38, 0x7ff90aa020, 3200, MSG_DONTWAIT, NULL, NULL) = -1 EAGAIN (Try again)
24249 1784070692.255102 recvfrom(61, 0x7165c6d820, 2272, MSG_DONTWAIT, NULL, NULL) = -1 EAGAIN (Try again)
24249 1784070692.477577 recvfrom(61, "\2\0\0\0\0\0\0\0\331\10\0\0\0\0\0\0\0{\205\27\202\1\0\0\1\0\0\0\2\20\0\0"..., 2272, MSG_DONTWAIT, NULL, NULL) = 232
24249 1784070692.477838 recvfrom(38, 0x7ff90a85c0, 3200, MSG_DONTWAIT, NULL, NULL) = -1 EAGAIN (Try again)
24644 1784070692.483984 sendmsg(71, {msg_name=NULL, msg_namelen=0, msg_iov=[{iov_base="l\1\1\1\374\0\0\0j\2\0\0\235\0\0\0\1\1o\0;\0\0\0/re/frid"..., iov_len=428}], msg_iovlen=1, msg_controllen=0, msg_flags=0}, MSG_NOSIGNAL) = 428
24644 1784070692.488873 sendmsg(71, {msg_name=NULL, msg_namelen=0, msg_iov=[{iov_base="l\1\1\1\0\1\0\0k\2\0\0\235\0\0\0\1\1o\0;\0\0\0/re/frid"..., iov_len=432}], msg_iovlen=1, msg_controllen=0, msg_flags=0}, MSG_NOSIGNAL) = 432
24249 1784070692.489677 sendto(61, "\3\0\0\0\0\0\0\0\331\10\0\0\1\0\0\0", 16, MSG_DONTWAIT|MSG_NOSIGNAL, NULL, 0) = 16
24249 1784070692.489946 recvfrom(61, 0x7165c6d820, 2272, MSG_DONTWAIT, NULL, NULL) = -1 EAGAIN (Try again)
24249 1784070692.490457 recvfrom(61, "\2\0\0\0\0\0\0\0\333\10\0\0\0\0\0\0\0{\205\27\202\1\0\0\1\0\0\0\2\20\0\0"..., 2272, MSG_DONTWAIT, NULL, NULL) = 232
24249 1784070692.490621 sendto(61, "\3\0\0\0\0\0\0\0\333\10\0\0\1\0\0\0", 16, MSG_DONTWAIT|MSG_NOSIGNAL, NULL, 0) = 16
24249 1784070692.490890 recvfrom(61, 0x7165c6d820, 2272, MSG_DONTWAIT, NULL, NULL) = -1 EAGAIN (Try again)
24249 1784070692.491107 recvfrom(38, "nysv\0\0\0\0\0\0\0\0\0\0\0\0\253Z\23\30\202\1\0\0\322\200\1\0\0\0\0\0", 3200, MSG_DONTWAIT, NULL, NULL) = 32
24249 1784070692.491320 recvfrom(38, 0x7ff90aa020, 3200, MSG_DONTWAIT, NULL, NULL) = -1 EAGAIN (Try again)
24249 1784070692.491805 recvfrom(61, 0x7165c6d820, 2272, MSG_DONTWAIT, NULL, NULL) = -1 EAGAIN (Try again)
24249 1784070692.492003 recvfrom(38, 0x7ff90a9f80, 3200, MSG_DONTWAIT, NULL, NULL) = -1 EAGAIN (Try again)
24271 1784070692.505678 recvfrom(42, 0x716ad86eb0, 3200, MSG_DONTWAIT, NULL, NULL) = -1 EAGAIN (Try again)
24271 1784070692.506678 recvfrom(42, 0x716ad86eb0, 3200, MSG_DONTWAIT, NULL, NULL) = -1 EAGAIN (Try again)
24644 1784070692.508955 sendmsg(71, {msg_name=NULL, msg_namelen=0, msg_iov=[{iov_base="l\1\1\1\374\0\0\0l\2\0\0\235\0\0\0\1\1o\0;\0\0\0/re/frid"..., iov_len=428}], msg_iovlen=1, msg_controllen=0, msg_flags=0}, MSG_NOSIGNAL) = 428
24644 1784070692.513529 sendmsg(71, {msg_name=NULL, msg_namelen=0, msg_iov=[{iov_base="l\1\1\1\0\1\0\0m\2\0\0\235\0\0\0\1\1o\0;\0\0\0/re/frid"..., iov_len=432}], msg_iovlen=1, msg_controllen=0, msg_flags=0}, MSG_NOSIGNAL) = 432
24249 1784070692.514558 recvfrom(38, "nysv\0\0\0\0\0\0\0\0\0\0\0\0$\364\21\31\202\1\0\0\323\200\1\0\0\0\0\0", 3200, MSG_DONTWAIT, NULL, NULL) = 32
24249 1784070692.514714 recvfrom(38, 0x7ff90aa020, 3200, MSG_DONTWAIT, NULL, NULL) = -1 EAGAIN (Try again)
24249 1784070692.515441 recvfrom(61, 0x7165c6d820, 2272, MSG_DONTWAIT, NULL, NULL) = -1 EAGAIN (Try again)
24249 1784070692.515601 recvfrom(38, 0x7ff90a9f80, 3200, MSG_DONTWAIT, NULL, NULL) = -1 EAGAIN (Try again)
24249 1784070692.521563 recvfrom(38, "nysv\0\0\0\0\0\0\0\0\0\0\0\0TB\20\32\202\1\0\0\324\200\1\0\0\0\0\0", 3200, MSG_DONTWAIT, NULL, NULL) = 32
24249 1784070692.522051 recvfrom(38, 0x7ff90aa020, 3200, MSG_DONTWAIT, NULL, NULL) = -1 EAGAIN (Try again)
24249 1784070692.531764 recvfrom(61, 0x7165c6d820, 2272, MSG_DONTWAIT, NULL, NULL) = -1 EAGAIN (Try again)
24249 1784070692.531963 recvfrom(38, 0x7ff90a9f80, 3200, MSG_DONTWAIT, NULL, NULL) = -1 EAGAIN (Try again)
24271 1784070692.532601 recvfrom(42, "nysv\0\0\0\0\0\0\0\0\0\0\0\0TB\20\32\202\1\0\0\324\200\1\0\0\0\0\0", 3200, MSG_DONTWAIT, NULL, NULL) = 32
24271 1784070692.532758 recvfrom(42, 0x716ad86eb0, 3200, MSG_DONTWAIT, NULL, NULL) = -1 EAGAIN (Try again)
24249 1784070692.537487 recvfrom(38, "nysv\0\0\0\0\0\0\0\0\0\0\0\0\221\274\16\33\202\1\0\0\325\200\1\0\0\0\0\0", 3200, MSG_DONTWAIT, NULL, NULL) = 32
24249 1784070692.537945 recvfrom(38, 0x7ff90aa020, 3200, MSG_DONTWAIT, NULL, NULL) = -1 EAGAIN (Try again)
24249 1784070692.540988 recvfrom(38, 0x7ff90a9f80, 3200, MSG_DONTWAIT, NULL, NULL) = -1 EAGAIN (Try again)
24271 1784070692.551682 recvfrom(42, "nysv\0\0\0\0\0\0\0\0\0\0\0\0\221\274\16\33\202\1\0\0\325\200\1\0\0\0\0\0", 3200, MSG_DONTWAIT, NULL, NULL) = 32
24271 1784070692.551930 recvfrom(42, 0x716ad86eb0, 3200, MSG_DONTWAIT, NULL, NULL) = -1 EAGAIN (Try again)
24249 1784070692.553013 recvfrom(38, "nysv\0\0\0\0\0\0\0\0\0\0\0\0\324P\r\34\202\1\0\0\326\200\1\0\0\0\0\0", 3200, MSG_DONTWAIT, NULL, NULL) = 32
24249 1784070692.553670 recvfrom(38, 0x7ff90aa020, 3200, MSG_DONTWAIT, NULL, NULL) = -1 EAGAIN (Try again)
24249 1784070692.557707 recvfrom(38, 0x7ff90a9f80, 3200, MSG_DONTWAIT, NULL, NULL) = -1 EAGAIN (Try again)
24249 1784070692.570548 recvfrom(38, "nysv\0\0\0\0\0\0\0\0\0\0\0\0\231\317\v\35\202\1\0\0\327\200\1\0\0\0\0\0", 3200, MSG_DONTWAIT, NULL, NULL) = 32
24249 1784070692.572444 recvfrom(38, 0x7ff90aa020, 3200, MSG_DONTWAIT, NULL, NULL) = -1 EAGAIN (Try again)
24249 1784070692.574215 recvfrom(38, 0x7ff90a9f80, 3200, MSG_DONTWAIT, NULL, NULL) = -1 EAGAIN (Try again)
24271 1784070692.581841 recvfrom(42, "nysv\0\0\0\0\0\0\0\0\0\0\0\0\231\317\v\35\202\1\0\0\327\200\1\0\0\0\0\0", 3200, MSG_DONTWAIT, NULL, NULL) = 32
24271 1784070692.582154 recvfrom(42, 0x716ad86eb0, 3200, MSG_DONTWAIT, NULL, NULL) = -1 EAGAIN (Try again)
24249 1784070692.586031 recvfrom(38, "nysv\0\0\0\0\0\0\0\0\0\0\0\0\tp\n\36\202\1\0\0\330\200\1\0\0\0\0\0", 3200, MSG_DONTWAIT, NULL, NULL) = 32
24249 1784070692.586523 recvfrom(38, 0x7ff90aa020, 3200, MSG_DONTWAIT, NULL, NULL) = -1 EAGAIN (Try again)
24249 1784070692.594523 recvfrom(38, 0x7ff90a9f80, 3200, MSG_DONTWAIT, NULL, NULL) = -1 EAGAIN (Try again)
24249 1784070692.604525 recvfrom(38, "nysv\0\0\0\0\0\0\0\0\0\0\0\0\24\f\t\37\202\1\0\0\331\200\1\0\0\0\0\0", 3200, MSG_DONTWAIT, NULL, NULL) = 32
24249 1784070692.615606 recvfrom(38, 0x7ff90aa020, 3200, MSG_DONTWAIT, NULL, NULL) = -1 EAGAIN (Try again)
24249 1784070692.616367 recvfrom(38, 0x7ff90a9f80, 3200, MSG_DONTWAIT, NULL, NULL) = -1 EAGAIN (Try again)
24249 1784070692.619529 recvfrom(38, "nysv\0\0\0\0\0\0\0\0\0\0\0\0\361\250\7 \202\1\0\0\332\200\1\0\0\0\0\0", 3200, MSG_DONTWAIT, NULL, NULL) = 32
24271 1784070692.620728 recvfrom(42,  <unfinished ...>
24249 1784070692.620770 recvfrom(38, 0x7ff90aa020, 3200, MSG_DONTWAIT, NULL, NULL) = -1 EAGAIN (Try again)
24249 1784070692.630061 recvfrom(38, 0x7ff90a9f80, 3200, MSG_DONTWAIT, NULL, NULL) = -1 EAGAIN (Try again)
24271 1784070692.630308 <... recvfrom resumed> "nysv\0\0\0\0\0\0\0\0\0\0\0\0\tp\n\36\202\1\0\0\330\200\1\0\0\0\0\0", 3200, MSG_DONTWAIT, NULL, NULL) = 32
24271 1784070692.630326 recvfrom(42, 0x716ad86eb0, 3200, MSG_DONTWAIT, NULL, NULL) = -1 EAGAIN (Try again)
24249 1784070692.636342 recvfrom(38, "nysv\0\0\0\0\0\0\0\0\0\0\0\0\347\216\6!\202\1\0\0\333\200\1\0\0\0\0\0", 3200, MSG_DONTWAIT, NULL, NULL) = 32
24249 1784070692.636366 recvfrom(38, 0x7ff90aa020, 3200, MSG_DONTWAIT, NULL, NULL) = -1 EAGAIN (Try again)
24249 1784070692.636402 recvfrom(38, 0x7ff90a9f80, 3200, MSG_DONTWAIT, NULL, NULL) = -1 EAGAIN (Try again)
24249 1784070692.654285 recvfrom(38, "nysv\0\0\0\0\0\0\0\0\0\0\0\0\242&\5\"\202\1\0\0\334\200\1\0\0\0\0\0", 3200, MSG_DONTWAIT, NULL, NULL) = 32
24249 1784070692.654377 recvfrom(38, 0x7ff90aa020, 3200, MSG_DONTWAIT, NULL, NULL) = -1 EAGAIN (Try again)
24249 1784070692.654422 recvfrom(38, 0x7ff90a9f80, 3200, MSG_DONTWAIT, NULL, NULL) = -1 EAGAIN (Try again)
24271 1784070692.659265 recvfrom(42, "nysv\0\0\0\0\0\0\0\0\0\0\0\0\347\216\6!\202\1\0\0\333\200\1\0\0\0\0\0", 3200, MSG_DONTWAIT, NULL, NULL) = 32
24271 1784070692.659287 recvfrom(42, 0x716ad86eb0, 3200, MSG_DONTWAIT, NULL, NULL) = -1 EAGAIN (Try again)
24249 1784070692.672334 recvfrom(38, "nysv\0\0\0\0\0\0\0\0\0\0\0\0\5\245\3#\202\1\0\0\335\200\1\0\0\0\0\0", 3200, MSG_DONTWAIT, NULL, NULL) = 32
24249 1784070692.672854 recvfrom(38, 0x7ff90aa020, 3200, MSG_DONTWAIT, NULL, NULL) = -1 EAGAIN (Try again)
24249 1784070692.684791 recvfrom(38, 0x7ff90a9f80, 3200, MSG_DONTWAIT, NULL, NULL) = -1 EAGAIN (Try again)
24271 1784070692.693217 recvfrom(42, "nysv\0\0\0\0\0\0\0\0\0\0\0\0\5\245\3#\202\1\0\0\335\200\1\0\0\0\0\0", 3200, MSG_DONTWAIT, NULL, NULL) = 32
24271 1784070692.693528 recvfrom(42, 0x716ad86eb0, 3200, MSG_DONTWAIT, NULL, NULL) = -1 EAGAIN (Try again)
24249 1784070692.702907 recvfrom(38, "nysv\0\0\0\0\0\0\0\0\0\0\0\0\361\310\0%\202\1\0\0\337\200\1\0\0\0\0\0", 3200, MSG_DONTWAIT, NULL, NULL) = 32
24249 1784070692.703343 recvfrom(38, 0x7ff90aa020, 3200, MSG_DONTWAIT, NULL, NULL) = -1 EAGAIN (Try again)
24249 1784070692.710817 recvfrom(38, 0x7ff90a9f80, 3200, MSG_DONTWAIT, NULL, NULL) = -1 EAGAIN (Try again)
24271 1784070692.719452 recvfrom(42, "nysv\0\0\0\0\0\0\0\0\0\0\0\0\361\310\0%\202\1\0\0\337\200\1\0\0\0\0\0", 3200, MSG_DONTWAIT, NULL, NULL) = 32
24249 1784070692.719710 recvfrom(38,  <unfinished ...>
24271 1784070692.720032 recvfrom(42,  <unfinished ...>
24249 1784070692.720036 <... recvfrom resumed> "nysv\0\0\0\0\0\0\0\0\0\0\0\0\200`\377%\202\1\0\0\340\200\1\0\0\0\0\0", 3200, MSG_DONTWAIT, NULL, NULL) = 32
24271 1784070692.720122 <... recvfrom resumed> 0x716ad86eb0, 3200, MSG_DONTWAIT, NULL, NULL) = -1 EAGAIN (Try again)
24249 1784070692.720559 recvfrom(38, 0x7ff90aa020, 3200, MSG_DONTWAIT, NULL, NULL) = -1 EAGAIN (Try again)
24249 1784070692.728930 recvfrom(38, 0x7ff90a9f80, 3200, MSG_DONTWAIT, NULL, NULL) = -1 EAGAIN (Try again)
24249 1784070692.744244 recvfrom(38, "nysv\0\0\0\0\0\0\0\0\0\0\0\0\265\350\375&\202\1\0\0\341\200\1\0\0\0\0\0", 3200, MSG_DONTWAIT, NULL, NULL) = 32
24249 1784070692.747810 recvfrom(38, 0x7ff90aa020, 3200, MSG_DONTWAIT, NULL, NULL) = -1 EAGAIN (Try again)
24249 1784070692.749002 recvfrom(38, 0x7ff90a9f80, 3200, MSG_DONTWAIT, NULL, NULL) = -1 EAGAIN (Try again)
24249 1784070692.753689 recvfrom(38, "nysv\0\0\0\0\0\0\0\0\0\0\0\0>w\374'\202\1\0\0\342\200\1\0\0\0\0\0", 3200, MSG_DONTWAIT, NULL, NULL) = 32
24249 1784070692.754366 recvfrom(38, 0x7ff90aa020, 3200, MSG_DONTWAIT, NULL, NULL) = -1 EAGAIN (Try again)
24249 1784070692.754901 recvfrom(38, 0x7ff90a9f80, 3200, MSG_DONTWAIT, NULL, NULL) = -1 EAGAIN (Try again)
24249 1784070692.770105 recvfrom(38, "nysv\0\0\0\0\0\0\0\0\0\0\0\0\4\10\373(\202\1\0\0\343\200\1\0\0\0\0\0", 3200, MSG_DONTWAIT, NULL, NULL) = 32
24249 1784070692.770855 recvfrom(38, 0x7ff90aa020, 3200, MSG_DONTWAIT, NULL, NULL) = -1 EAGAIN (Try again)
24249 1784070692.773265 recvfrom(38, 0x7ff90a9f80, 3200, MSG_DONTWAIT, NULL, NULL) = -1 EAGAIN (Try again)
24271 1784070692.777947 recvfrom(42, "nysv\0\0\0\0\0\0\0\0\0\0\0\0\265\350\375&\202\1\0\0\341\200\1\0\0\0\0\0", 3200, MSG_DONTWAIT, NULL, NULL) = 32
24271 1784070692.778469 recvfrom(42, 0x716ad86eb0, 3200, MSG_DONTWAIT, NULL, NULL) = -1 EAGAIN (Try again)
24249 1784070692.790205 recvfrom(38, "nysv\0\0\0\0\0\0\0\0\0\0\0\0t0\371)\202\1\0\0\344\200\1\0\0\0\0\0", 3200, MSG_DONTWAIT, NULL, NULL) = 32
24249 1784070692.791241 recvfrom(38, 0x7ff90aa020, 3200, MSG_DONTWAIT, NULL, NULL) = -1 EAGAIN (Try again)
24249 1784070692.797881 recvfrom(38, 0x7ff90a9f80, 3200, MSG_DONTWAIT, NULL, NULL) = -1 EAGAIN (Try again)
24249 1784070692.816151 recvfrom(38, "nysv\0\0\0\0\0\0\0\0\0\0\0\0R\277\367*\202\1\0\0\345\200\1\0\0\0\0\0", 3200, MSG_DONTWAIT, NULL, NULL) = 32
24249 1784070692.816992 recvfrom(38, 0x7ff90aa020, 3200, MSG_DONTWAIT, NULL, NULL) = -1 EAGAIN (Try again)
24249 1784070692.818933 recvfrom(38, 0x7ff90a9f80, 3200, MSG_DONTWAIT, NULL, NULL) = -1 EAGAIN (Try again)
24249 1784070692.837623 recvfrom(38, "nysv\0\0\0\0\0\0\0\0\0\0\0\0\330\241\364,\202\1\0\0\347\200\1\0\0\0\0\0", 3200, MSG_DONTWAIT, NULL, NULL) = 32
24249 1784070692.837652 recvfrom(38, 0x7ff90aa020, 3200, MSG_DONTWAIT, NULL, NULL) = -1 EAGAIN (Try again)
24249 1784070692.838172 recvfrom(38, 0x7ff90a9f80, 3200, MSG_DONTWAIT, NULL, NULL) = -1 EAGAIN (Try again)
24249 1784070692.853941 recvfrom(38, "nysv\0\0\0\0\0\0\0\0\0\0\0\0%-\363-\202\1\0\0\350\200\1\0\0\0\0\0", 3200, MSG_DONTWAIT, NULL, NULL) = 32
24249 1784070692.853972 recvfrom(38, 0x7ff90aa020, 3200, MSG_DONTWAIT, NULL, NULL) = -1 EAGAIN (Try again)
24249 1784070692.854013 recvfrom(38, 0x7ff90a9f80, 3200, MSG_DONTWAIT, NULL, NULL) = -1 EAGAIN (Try again)
24271 1784070692.859087 recvfrom(42, "nysv\0\0\0\0\0\0\0\0\0\0\0\0t0\371)\202\1\0\0\344\200\1\0\0\0\0\0", 3200, MSG_DONTWAIT, NULL, NULL) = 32
24271 1784070692.859112 recvfrom(42, 0x716ad86eb0, 3200, MSG_DONTWAIT, NULL, NULL) = -1 EAGAIN (Try again)
24249 1784070692.869502 recvfrom(38, "nysv\0\0\0\0\0\0\0\0\0\0\0\0K\276\361.\202\1\0\0\351\200\1\0\0\0\0\0", 3200, MSG_DONTWAIT, NULL, NULL) = 32
24249 1784070692.869821 recvfrom(38, 0x7ff90aa020, 3200, MSG_DONTWAIT, NULL, NULL) = -1 EAGAIN (Try again)
24271 1784070692.870690 recvfrom(42, "nysv\0\0\0\0\0\0\0\0\0\0\0\0K\276\361.\202\1\0\0\351\200\1\0\0\0\0\0", 3200, MSG_DONTWAIT, NULL, NULL) = 32
24271 1784070692.870715 recvfrom(42, 0x716ad86eb0, 3200, MSG_DONTWAIT, NULL, NULL) = -1 EAGAIN (Try again)
24271 1784070692.893582 recvfrom(42, "nysv\0\0\0\0\0\0\0\0\0\0\0\0\240M\360/\202\1\0\0\352\200\1\0\0\0\0\0", 3200, MSG_DONTWAIT, NULL, NULL) = 32
24271 1784070692.895567 recvfrom(42, 0x716ad86c80, 3200, MSG_DONTWAIT, NULL, NULL) = -1 EAGAIN (Try again)
24249 1784070693.025610 recvfrom(38, 0x7ff90aa070, 3200, MSG_DONTWAIT, NULL, NULL) = -1 EAGAIN (Try again)
24249 1784070693.036859 recvfrom(38, "nysv\0\0\0\0\0\0\0\0\0\0\0\0.\264\3428\202\1\0\0\363\200\1\0\0\0\0\0", 3200, MSG_DONTWAIT, NULL, NULL) = 32
24249 1784070693.037151 recvfrom(38, 0x7ff90aa020, 3200, MSG_DONTWAIT, NULL, NULL) = -1 EAGAIN (Try again)
24249 1784070693.037183 recvfrom(61, 0x7165c6d820, 2272, MSG_DONTWAIT, NULL, NULL) = -1 EAGAIN (Try again)
24249 1784070693.051072 recvfrom(38, 0x7ff90a9d70, 3200, MSG_DONTWAIT, NULL, NULL) = -1 EAGAIN (Try again)
24249 1784070693.053206 recvfrom(38, "nysv\0\0\0\0\0\0\0\0\0\0\0\0\1773\3419\202\1\0\0\364\200\1\0\0\0\0\0", 3200, MSG_DONTWAIT, NULL, NULL) = 32
24249 1784070693.053229 recvfrom(38, 0x7ff90aa020, 3200, MSG_DONTWAIT, NULL, NULL) = -1 EAGAIN (Try again)
24249 1784070693.496520 newfstatat(AT_FDCWD, "/system/framework/framework-res.apk", {st_mode=S_IFREG|0644, st_size=45992421, ...}, 0) = 0
24249 1784070693.496581 newfstatat(AT_FDCWD, "/product/overlay/GoogleConfigOverlay.apk", {st_mode=S_IFREG|0644, st_size=25070, ...}, 0) = 0
24249 1784070693.496660 newfstatat(AT_FDCWD, "/product/overlay/GoogleWebViewOverlay.apk", {st_mode=S_IFREG|0644, st_size=16815, ...}, 0) = 0
24249 1784070693.496690 newfstatat(AT_FDCWD, "/product/overlay/PixelConfigOverlayCommon.apk", {st_mode=S_IFREG|0644, st_size=52833, ...}, 0) = 0
24249 1784070693.496699 newfstatat(AT_FDCWD, "/product/overlay/EmulatorConfigOverlay.apk", {st_mode=S_IFREG|0644, st_size=16734, ...}, 0) = 0
24249 1784070693.496707 newfstatat(AT_FDCWD, "/data/app/barilyuk.batterytemperature-sL6ly13WXTe3-qOWgO1Ang==/base.apk", {st_mode=S_IFREG|0644, st_size=4634705, ...}, 0) = 0
24249 1784070693.496811 clone( <unfinished ...>
24271 1784070693.496839 clone( <unfinished ...>
24249 1784070693.496841 <... clone resumed> child_stack=0x71070cad40, flags=CLONE_VM|CLONE_FS|CLONE_FILES|CLONE_SIGHAND|CLONE_THREAD|CLONE_SYSVSEM|CLONE_SETTLS|CLONE_PARENT_SETTID|CLONE_CHILD_CLEARTID, parent_tidptr=0x71070cad60, tls=0x71070cb020, child_tidptr=0x71070cad60) = 27235
24271 1784070693.496955 <... clone resumed> child_stack=0x7106fcdd40, flags=CLONE_VM|CLONE_FS|CLONE_FILES|CLONE_SIGHAND|CLONE_THREAD|CLONE_SYSVSEM|CLONE_SETTLS|CLONE_PARENT_SETTID|CLONE_CHILD_CLEARTID, parent_tidptr=0x7106fcdd60, tls=0x7106fce020, child_tidptr=0x7106fcdd60) = 27236
24249 1784070693.497030 newfstatat(AT_FDCWD, "/system/framework/framework-res.apk", {st_mode=S_IFREG|0644, st_size=45992421, ...}, 0) = 0
24249 1784070693.497048 newfstatat(AT_FDCWD, "/product/overlay/GoogleConfigOverlay.apk", {st_mode=S_IFREG|0644, st_size=25070, ...}, 0) = 0
24249 1784070693.497115 newfstatat(AT_FDCWD, "/product/overlay/GoogleWebViewOverlay.apk", {st_mode=S_IFREG|0644, st_size=16815, ...}, 0) = 0
24249 1784070693.497136 newfstatat(AT_FDCWD, "/product/overlay/PixelConfigOverlayCommon.apk", {st_mode=S_IFREG|0644, st_size=52833, ...}, 0) = 0
24249 1784070693.497144 newfstatat(AT_FDCWD, "/product/overlay/EmulatorConfigOverlay.apk", {st_mode=S_IFREG|0644, st_size=16734, ...}, 0) = 0
24249 1784070693.497151 newfstatat(AT_FDCWD, "/data/app/barilyuk.batterytemperature-sL6ly13WXTe3-qOWgO1Ang==/base.apk", {st_mode=S_IFREG|0644, st_size=4634705, ...}, 0) = 0
24249 1784070693.498392 newfstatat(AT_FDCWD, "/system/framework/framework-res.apk", {st_mode=S_IFREG|0644, st_size=45992421, ...}, 0) = 0
24249 1784070693.498406 newfstatat(AT_FDCWD, "/product/overlay/GoogleConfigOverlay.apk", {st_mode=S_IFREG|0644, st_size=25070, ...}, 0) = 0
24249 1784070693.498414 newfstatat(AT_FDCWD, "/product/overlay/GoogleWebViewOverlay.apk", {st_mode=S_IFREG|0644, st_size=16815, ...}, 0) = 0
24249 1784070693.498421 newfstatat(AT_FDCWD, "/product/overlay/PixelConfigOverlayCommon.apk", {st_mode=S_IFREG|0644, st_size=52833, ...}, 0) = 0
24249 1784070693.498512 newfstatat(AT_FDCWD, "/product/overlay/EmulatorConfigOverlay.apk", {st_mode=S_IFREG|0644, st_size=16734, ...}, 0) = 0
24249 1784070693.498551 newfstatat(AT_FDCWD, "/data/app/barilyuk.batterytemperature-sL6ly13WXTe3-qOWgO1Ang==/base.apk", {st_mode=S_IFREG|0644, st_size=4634705, ...}, 0) = 0
27236 1784070693.501322 exit(0)         = ?
27236 1784070693.501465 +++ exited with 0 +++
27235 1784070693.501485 exit(0)         = ?
27235 1784070693.501574 +++ exited with 0 +++
24249 1784070693.503555 faccessat(AT_FDCWD, "/data/user/0/barilyuk.batterytemperature", F_OK) = 0
24249 1784070693.503576 faccessat(AT_FDCWD, "/data/user/0/barilyuk.batterytemperature/shared_prefs", F_OK) = 0
24644 1784070693.505602 sendmsg(71, {msg_name=NULL, msg_namelen=0, msg_iov=[{iov_base="l\1\1\1\344\0\0\0n\2\0\0\235\0\0\0\1\1o\0;\0\0\0/re/frid"..., iov_len=404}], msg_iovlen=1, msg_controllen=0, msg_flags=0}, MSG_NOSIGNAL) = 404
24249 1784070693.505893 faccessat(AT_FDCWD, "/storage/emulated/0/Android/data/barilyuk.batterytemperature/files/Documents", F_OK) = 0
24644 1784070693.506046 sendmsg(71, {msg_name=NULL, msg_namelen=0, msg_iov=[{iov_base="l\1\1\1\344\0\0\0o\2\0\0\235\0\0\0\1\1o\0;\0\0\0/re/frid"..., iov_len=404}], msg_iovlen=1, msg_controllen=0, msg_flags=0}, MSG_NOSIGNAL) = 404
24644 1784070693.506514 sendmsg(71, {msg_name=NULL, msg_namelen=0, msg_iov=[{iov_base="l\1\1\1\344\0\0\0p\2\0\0\235\0\0\0\1\1o\0;\0\0\0/re/frid"..., iov_len=404}], msg_iovlen=1, msg_controllen=0, msg_flags=0}, MSG_NOSIGNAL) = 404
24249 1784070693.511644 recvfrom(38, 0x7ff90a9cf0, 3200, MSG_DONTWAIT, NULL, NULL) = -1 EAGAIN (Try again)
24249 1784070693.512833 newfstatat(AT_FDCWD, "/system/framework/framework-res.apk", {st_mode=S_IFREG|0644, st_size=45992421, ...}, 0) = 0
24249 1784070693.512852 newfstatat(AT_FDCWD, "/product/overlay/GoogleConfigOverlay.apk", {st_mode=S_IFREG|0644, st_size=25070, ...}, 0) = 0
24249 1784070693.512862 newfstatat(AT_FDCWD, "/product/overlay/GoogleWebViewOverlay.apk", {st_mode=S_IFREG|0644, st_size=16815, ...}, 0) = 0
24249 1784070693.512871 newfstatat(AT_FDCWD, "/product/overlay/PixelConfigOverlayCommon.apk", {st_mode=S_IFREG|0644, st_size=52833, ...}, 0) = 0
24249 1784070693.512879 newfstatat(AT_FDCWD, "/product/overlay/EmulatorConfigOverlay.apk", {st_mode=S_IFREG|0644, st_size=16734, ...}, 0) = 0
24249 1784070693.512887 newfstatat(AT_FDCWD, "/data/app/barilyuk.batterytemperature-sL6ly13WXTe3-qOWgO1Ang==/base.apk", {st_mode=S_IFREG|0644, st_size=4634705, ...}, 0) = 0
24249 1784070693.513306 faccessat(AT_FDCWD, "/data/user/0/barilyuk.batterytemperature", F_OK) = 0
24249 1784070693.513329 faccessat(AT_FDCWD, "/data/user/0/barilyuk.batterytemperature/shared_prefs", F_OK) = 0
24644 1784070693.514589 sendmsg(71, {msg_name=NULL, msg_namelen=0, msg_iov=[{iov_base="l\1\1\1\344\0\0\0q\2\0\0\235\0\0\0\1\1o\0;\0\0\0/re/frid"..., iov_len=404}], msg_iovlen=1, msg_controllen=0, msg_flags=0}, MSG_NOSIGNAL) = 404
24249 1784070693.519319 recvfrom(38, "nysv\0\0\0\0\0\0\0\0\0\0\0\0\202\323\261U\202\1\0\0\20\201\1\0\0\0\0\0", 3200, MSG_DONTWAIT, NULL, NULL) = 32
24249 1784070693.519424 recvfrom(38, 0x7ff90aa020, 3200, MSG_DONTWAIT, NULL, NULL) = -1 EAGAIN (Try again)
24249 1784070693.519514 recvfrom(61, 0x7165c6d820, 2272, MSG_DONTWAIT, NULL, NULL) = -1 EAGAIN (Try again)
24249 1784070693.520043 recvfrom(38, 0x7ff90a9930, 3200, MSG_DONTWAIT, NULL, NULL) = -1 EAGAIN (Try again)
24644 1784070693.520350 sendmsg(71, {msg_name=NULL, msg_namelen=0, msg_iov=[{iov_base="l\1\1\1\374\0\0\0r\2\0\0\235\0\0\0\1\1o\0;\0\0\0/re/frid"..., iov_len=428}], msg_iovlen=1, msg_controllen=0, msg_flags=0}, MSG_NOSIGNAL) = 428
24644 1784070693.520673 sendmsg(71, {msg_name=NULL, msg_namelen=0, msg_iov=[{iov_base="l\1\1\1\0\1\0\0s\2\0\0\235\0\0\0\1\1o\0;\0\0\0/re/frid"..., iov_len=432}], msg_iovlen=1, msg_controllen=0, msg_flags=0}, MSG_NOSIGNAL) = 432
24644 1784070693.520942 sendmsg(71, {msg_name=NULL, msg_namelen=0, msg_iov=[{iov_base="l\1\1\1\374\0\0\0t\2\0\0\235\0\0\0\1\1o\0;\0\0\0/re/frid"..., iov_len=428}], msg_iovlen=1, msg_controllen=0, msg_flags=0}, MSG_NOSIGNAL) = 428
24644 1784070693.521183 sendmsg(71, {msg_name=NULL, msg_namelen=0, msg_iov=[{iov_base="l\1\1\1\0\1\0\0u\2\0\0\235\0\0\0\1\1o\0;\0\0\0/re/frid"..., iov_len=432}], msg_iovlen=1, msg_controllen=0, msg_flags=0}, MSG_NOSIGNAL) = 432
24249 1784070693.553426 recvfrom(38, "nysv\0\0\0\0\0\0\0\0\0\0\0\0I]\260V\202\1\0\0\21\201\1\0\0\0\0\0", 3200, MSG_DONTWAIT, NULL, NULL) = 32
24249 1784070693.553524 recvfrom(38, 0x7ff90aa020, 3200, MSG_DONTWAIT, NULL, NULL) = -1 EAGAIN (Try again)
24644 1784070693.560162 sendmsg(71, {msg_name=NULL, msg_namelen=0, msg_iov=[{iov_base="l\1\1\1\344\0\0\0v\2\0\0\235\0\0\0\1\1o\0;\0\0\0/re/frid"..., iov_len=404}], msg_iovlen=1, msg_controllen=0, msg_flags=0}, MSG_NOSIGNAL) = 404
24644 1784070693.563614 sendmsg(71, {msg_name=NULL, msg_namelen=0, msg_iov=[{iov_base="l\1\1\1\334\0\0\0w\2\0\0\235\0\0\0\1\1o\0;\0\0\0/re/frid"..., iov_len=396}], msg_iovlen=1, msg_controllen=0, msg_flags=0}, MSG_NOSIGNAL) = 396
24644 1784070693.564139 sendmsg(71, {msg_name=NULL, msg_namelen=0, msg_iov=[{iov_base="l\1\1\1\350\0\0\0x\2\0\0\235\0\0\0\1\1o\0;\0\0\0/re/frid"..., iov_len=408}], msg_iovlen=1, msg_controllen=0, msg_flags=0}, MSG_NOSIGNAL) = 408
24644 1784070693.564432 sendmsg(71, {msg_name=NULL, msg_namelen=0, msg_iov=[{iov_base="l\1\1\1\354\0\0\0y\2\0\0\235\0\0\0\1\1o\0;\0\0\0/re/frid"..., iov_len=412}], msg_iovlen=1, msg_controllen=0, msg_flags=0}, MSG_NOSIGNAL) = 412
24644 1784070693.575169 sendmsg(71, {msg_name=NULL, msg_namelen=0, msg_iov=[{iov_base="l\1\1\1\344\0\0\0z\2\0\0\235\0\0\0\1\1o\0;\0\0\0/re/frid"..., iov_len=404}], msg_iovlen=1, msg_controllen=0, msg_flags=0}, MSG_NOSIGNAL) = 404
24644 1784070693.575435 sendmsg(71, {msg_name=NULL, msg_namelen=0, msg_iov=[{iov_base="l\1\1\1\310\0\0\0{\2\0\0\235\0\0\0\1\1o\0;\0\0\0/re/frid"..., iov_len=376}], msg_iovlen=1, msg_controllen=0, msg_flags=0}, MSG_NOSIGNAL) = 376
24644 1784070693.575789 sendmsg(71, {msg_name=NULL, msg_namelen=0, msg_iov=[{iov_base="l\1\1\1H\1\0\0|\2\0\0\235\0\0\0\1\1o\0;\0\0\0/re/frid"..., iov_len=504}], msg_iovlen=1, msg_controllen=0, msg_flags=0}, MSG_NOSIGNAL) = 504
24249 1784070693.576359 recvfrom(61, 0x7165c6d820, 2272, MSG_DONTWAIT, NULL, NULL) = -1 EAGAIN (Try again)
24249 1784070693.576378 recvfrom(38, 0x7ff90a9f80, 3200, MSG_DONTWAIT, NULL, NULL) = -1 EAGAIN (Try again)
24249 1784070693.589469 recvfrom(38, "nysv\0\0\0\0\0\0\0\0\0\0\0\0G$\254Y\202\1\0\0\24\201\1\0\0\0\0\0", 3200, MSG_DONTWAIT, NULL, NULL) = 32
24249 1784070693.589502 recvfrom(38, 0x7ff90aa020, 3200, MSG_DONTWAIT, NULL, NULL) = -1 EAGAIN (Try again)
24644 1784070693.592063 sendmsg(71, {msg_name=NULL, msg_namelen=0, msg_iov=[{iov_base="l\1\1\1\344\0\0\0}\2\0\0\235\0\0\0\1\1o\0;\0\0\0/re/frid"..., iov_len=404}], msg_iovlen=1, msg_controllen=0, msg_flags=0}, MSG_NOSIGNAL) = 404
24644 1784070693.596547 sendmsg(71, {msg_name=NULL, msg_namelen=0, msg_iov=[{iov_base="l\1\1\1\334\0\0\0~\2\0\0\235\0\0\0\1\1o\0;\0\0\0/re/frid"..., iov_len=396}], msg_iovlen=1, msg_controllen=0, msg_flags=0}, MSG_NOSIGNAL) = 396
24644 1784070693.596861 sendmsg(71, {msg_name=NULL, msg_namelen=0, msg_iov=[{iov_base="l\1\1\1\350\0\0\0\177\2\0\0\235\0\0\0\1\1o\0;\0\0\0/re/frid"..., iov_len=408}], msg_iovlen=1, msg_controllen=0, msg_flags=0}, MSG_NOSIGNAL) = 408
24644 1784070693.597132 sendmsg(71, {msg_name=NULL, msg_namelen=0, msg_iov=[{iov_base="l\1\1\1\354\0\0\0\200\2\0\0\235\0\0\0\1\1o\0;\0\0\0/re/frid"..., iov_len=412}], msg_iovlen=1, msg_controllen=0, msg_flags=0}, MSG_NOSIGNAL) = 412
24249 1784070693.597978 faccessat(AT_FDCWD, "/data/user/0/barilyuk.batterytemperature/shared_prefs/MyPrefs.xml", F_OK) = 0
24249 1784070693.598135 recvfrom(61, 0x7165c6d820, 2272, MSG_DONTWAIT, NULL, NULL) = -1 EAGAIN (Try again)
24249 1784070693.598179 recvfrom(38, 0x7ff90a9f80, 3200, MSG_DONTWAIT, NULL, NULL) = -1 EAGAIN (Try again)
24249 1784070693.603334 recvfrom(38, "nysv\0\0\0\0\0\0\0\0\0\0\0\0\334\234\252Z\202\1\0\0\25\201\1\0\0\0\0\0", 3200, MSG_DONTWAIT, NULL, NULL) = 32
24249 1784070693.603367 recvfrom(38, 0x7ff90aa020, 3200, MSG_DONTWAIT, NULL, NULL) = -1 EAGAIN (Try again)
24249 1784070693.603551 recvfrom(38, 0x7ff90a9f80, 3200, MSG_DONTWAIT, NULL, NULL) = -1 EAGAIN (Try again)
24249 1784070693.620051 recvfrom(38, "nysv\0\0\0\0\0\0\0\0\0\0\0\0\270\22\251[\202\1\0\0\26\201\1\0\0\0\0\0", 3200, MSG_DONTWAIT, NULL, NULL) = 32
24249 1784070693.620077 recvfrom(38, 0x7ff90aa020, 3200, MSG_DONTWAIT, NULL, NULL) = -1 EAGAIN (Try again)
24249 1784070693.620122 recvfrom(38, 0x7ff90a9f80, 3200, MSG_DONTWAIT, NULL, NULL) = -1 EAGAIN (Try again)
24249 1784070693.637962 recvfrom(38, "nysv\0\0\0\0\0\0\0\0\0\0\0\0\22!\247\\\202\1\0\0\27\201\1\0\0\0\0\0", 3200, MSG_DONTWAIT, NULL, NULL) = 32
24249 1784070693.638053 recvfrom(38, 0x7ff90aa020, 3200, MSG_DONTWAIT, NULL, NULL) = -1 EAGAIN (Try again)
24249 1784070693.638083 recvfrom(38, 0x7ff90a9f80, 3200, MSG_DONTWAIT, NULL, NULL) = -1 EAGAIN (Try again)
24249 1784070693.655170 recvfrom(38, "nysv\0\0\0\0\0\0\0\0\0\0\0\0K\246\245]\202\1\0\0\30\201\1\0\0\0\0\0", 3200, MSG_DONTWAIT, NULL, NULL) = 32
24249 1784070693.657782 recvfrom(38, 0x7ff90aa020, 3200, MSG_DONTWAIT, NULL, NULL) = -1 EAGAIN (Try again)
24249 1784070693.666236 recvfrom(38, 0x7ff90a9f80, 3200, MSG_DONTWAIT, NULL, NULL) = -1 EAGAIN (Try again)
24249 1784070693.670008 recvfrom(38, "nysv\0\0\0\0\0\0\0\0\0\0\0\0b(\244^\202\1\0\0\31\201\1\0\0\0\0\0", 3200, MSG_DONTWAIT, NULL, NULL) = 32
24249 1784070693.670735 recvfrom(38, 0x7ff90aa020, 3200, MSG_DONTWAIT, NULL, NULL) = -1 EAGAIN (Try again)
24644 1784070694.079442 sendmsg(71, {msg_name=NULL, msg_namelen=0, msg_iov=[{iov_base="l\1\1\1\344\0\0\0\201\2\0\0\235\0\0\0\1\1o\0;\0\0\0/re/frid"..., iov_len=404}], msg_iovlen=1, msg_controllen=0, msg_flags=0}, MSG_NOSIGNAL) = 404
24644 1784070694.079751 sendmsg(71, {msg_name=NULL, msg_namelen=0, msg_iov=[{iov_base="l\1\1\1\310\0\0\0\202\2\0\0\235\0\0\0\1\1o\0;\0\0\0/re/frid"..., iov_len=376}], msg_iovlen=1, msg_controllen=0, msg_flags=0}, MSG_NOSIGNAL) = 376
24277 1784070694.182247 faccessat(AT_FDCWD, "/data/user/0/barilyuk.batterytemperature/shared_prefs/MyPrefs.xml", F_OK) = 0
24644 1784070695.508350 sendmsg(71, {msg_name=NULL, msg_namelen=0, msg_iov=[{iov_base="l\1\1\1\344\0\0\0\203\2\0\0\235\0\0\0\1\1o\0;\0\0\0/re/frid"..., iov_len=404}], msg_iovlen=1, msg_controllen=0, msg_flags=0}, MSG_NOSIGNAL) = 404
24249 1784070695.508644 recvfrom(38, 0x7ff90a9de0, 3200, MSG_DONTWAIT, NULL, NULL) = -1 EAGAIN (Try again)
24249 1784070695.523705 recvfrom(38, "nysv\0\0\0\0\0\0\0\0\0\0\0\0\377\10\340\314\202\1\0\0\205\201\1\0\0\0\0\0", 3200, MSG_DONTWAIT, NULL, NULL) = 32
24249 1784070695.523742 recvfrom(38, 0x7ff90aa020, 3200, MSG_DONTWAIT, NULL, NULL) = -1 EAGAIN (Try again)
24249 1784070695.523835 recvfrom(61, 0x7165c6d820, 2272, MSG_DONTWAIT, NULL, NULL) = -1 EAGAIN (Try again)
24644 1784070697.511167 sendmsg(71, {msg_name=NULL, msg_namelen=0, msg_iov=[{iov_base="l\1\1\1\344\0\0\0\204\2\0\0\235\0\0\0\1\1o\0;\0\0\0/re/frid"..., iov_len=404}], msg_iovlen=1, msg_controllen=0, msg_flags=0}, MSG_NOSIGNAL) = 404
24249 1784070697.512489 recvfrom(38, 0x7ff90a9de0, 3200, MSG_DONTWAIT, NULL, NULL) = -1 EAGAIN (Try again)
24249 1784070697.519376 recvfrom(38, "nysv\0\0\0\0\0\0\0\0\0\0\0\0O\330\25D\203\1\0\0\374\201\1\0\0\0\0\0", 3200, MSG_DONTWAIT, NULL, NULL) = 32
24249 1784070697.519451 recvfrom(38, 0x7ff90aa020, 3200, MSG_DONTWAIT, NULL, NULL) = -1 EAGAIN (Try again)
24249 1784070697.519526 recvfrom(61, 0x7165c6d820, 2272, MSG_DONTWAIT, NULL, NULL) = -1 EAGAIN (Try again)
24644 1784070699.521335 sendmsg(71, {msg_name=NULL, msg_namelen=0, msg_iov=[{iov_base="l\1\1\1\344\0\0\0\205\2\0\0\235\0\0\0\1\1o\0;\0\0\0/re/frid"..., iov_len=404}], msg_iovlen=1, msg_controllen=0, msg_flags=0}, MSG_NOSIGNAL) = 404
24249 1784070699.522289 recvfrom(38, 0x7ff90a9de0, 3200, MSG_DONTWAIT, NULL, NULL) = -1 EAGAIN (Try again)
24249 1784070699.538553 recvfrom(38, "nysv\0\0\0\0\0\0\0\0\0\0\0\0\211\200I\274\203\1\0\0u\202\1\0\0\0\0\0", 3200, MSG_DONTWAIT, NULL, NULL) = 32
24249 1784070699.538646 recvfrom(38, 0x7ff90aa020, 3200, MSG_DONTWAIT, NULL, NULL) = -1 EAGAIN (Try again)
24249 1784070699.538742 recvfrom(61, 0x7165c6d820, 2272, MSG_DONTWAIT, NULL, NULL) = -1 EAGAIN (Try again)
24644 1784070701.526082 sendmsg(71, {msg_name=NULL, msg_namelen=0, msg_iov=[{iov_base="l\1\1\1\344\0\0\0\206\2\0\0\235\0\0\0\1\1o\0;\0\0\0/re/frid"..., iov_len=404}], msg_iovlen=1, msg_controllen=0, msg_flags=0}, MSG_NOSIGNAL) = 404
24249 1784070701.526891 recvfrom(38, 0x7ff90a9de0, 3200, MSG_DONTWAIT, NULL, NULL) = -1 EAGAIN (Try again)
24249 1784070701.536264 recvfrom(38, "nysv\0\0\0\0\0\0\0\0\0\0\0\0pN\1773\204\1\0\0\353\202\1\0\0\0\0\0", 3200, MSG_DONTWAIT, NULL, NULL) = 32
24249 1784070701.536351 recvfrom(38, 0x7ff90aa020, 3200, MSG_DONTWAIT, NULL, NULL) = -1 EAGAIN (Try again)
24249 1784070701.536530 recvfrom(61, 0x7165c6d820, 2272, MSG_DONTWAIT, NULL, NULL) = -1 EAGAIN (Try again)
24644 1784070703.534210 sendmsg(71, {msg_name=NULL, msg_namelen=0, msg_iov=[{iov_base="l\1\1\1\344\0\0\0\207\2\0\0\235\0\0\0\1\1o\0;\0\0\0/re/frid"..., iov_len=404}], msg_iovlen=1, msg_controllen=0, msg_flags=0}, MSG_NOSIGNAL) = 404
24249 1784070703.534732 recvfrom(38, 0x7ff90a9de0, 3200, MSG_DONTWAIT, NULL, NULL) = -1 EAGAIN (Try again)
24249 1784070703.535536 recvfrom(38, "nysv\0\0\0\0\0\0\0\0\0\0\0\0\232\375\264\252\204\1\0\0a\203\1\0\0\0\0\0", 3200, MSG_DONTWAIT, NULL, NULL) = 32
24249 1784070703.535709 recvfrom(38, 0x7ff90aa020, 3200, MSG_DONTWAIT, NULL, NULL) = -1 EAGAIN (Try again)
24249 1784070703.535761 recvfrom(61, 0x7165c6d820, 2272, MSG_DONTWAIT, NULL, NULL) = -1 EAGAIN (Try again)
24644 1784070705.538343 sendmsg(71, {msg_name=NULL, msg_namelen=0, msg_iov=[{iov_base="l\1\1\1\344\0\0\0\210\2\0\0\235\0\0\0\1\1o\0;\0\0\0/re/frid"..., iov_len=404}], msg_iovlen=1, msg_controllen=0, msg_flags=0}, MSG_NOSIGNAL) = 404
24249 1784070705.538595 recvfrom(38, 0x7ff90a9de0, 3200, MSG_DONTWAIT, NULL, NULL) = -1 EAGAIN (Try again)
24249 1784070705.558685 recvfrom(38, "nysv\0\0\0\0\0\0\0\0\0\0\0\0\303\213\350\"\205\1\0\0\332\203\1\0\0\0\0\0", 3200, MSG_DONTWAIT, NULL, NULL) = 32
24249 1784070705.558716 recvfrom(38, 0x7ff90aa020, 3200, MSG_DONTWAIT, NULL, NULL) = -1 EAGAIN (Try again)
24249 1784070705.558770 recvfrom(61, 0x7165c6d820, 2272, MSG_DONTWAIT, NULL, NULL) = -1 EAGAIN (Try again)
24644 1784070707.542243 sendmsg(71, {msg_name=NULL, msg_namelen=0, msg_iov=[{iov_base="l\1\1\1\344\0\0\0\211\2\0\0\235\0\0\0\1\1o\0;\0\0\0/re/frid"..., iov_len=404}], msg_iovlen=1, msg_controllen=0, msg_flags=0}, MSG_NOSIGNAL) = 404
24249 1784070707.542747 recvfrom(38, 0x7ff90a9de0, 3200, MSG_DONTWAIT, NULL, NULL) = -1 EAGAIN (Try again)
24249 1784070707.553666 recvfrom(38, "nysv\0\0\0\0\0\0\0\0\0\0\0\0\214\207\36\232\205\1\0\0P\204\1\0\0\0\0\0", 3200, MSG_DONTWAIT, NULL, NULL) = 32
24249 1784070707.553811 recvfrom(38, 0x7ff90aa020, 3200, MSG_DONTWAIT, NULL, NULL) = -1 EAGAIN (Try again)
24249 1784070707.553910 recvfrom(61, 0x7165c6d820, 2272, MSG_DONTWAIT, NULL, NULL) = -1 EAGAIN (Try again)
24249 1784070707.652953 recvfrom(61, "\2\0\0\0\0\0\0\0\337\10\0\0\0\0\0\0\300\232\5\240\205\1\0\0\1\0\0\0\2\20\0\0"..., 2272, MSG_DONTWAIT, NULL, NULL) = 232
24249 1784070707.653156 recvfrom(38, 0x7ff90a85c0, 3200, MSG_DONTWAIT, NULL, NULL) = -1 EAGAIN (Try again)
24644 1784070707.654065 sendmsg(71, {msg_name=NULL, msg_namelen=0, msg_iov=[{iov_base="l\1\1\1\374\0\0\0\212\2\0\0\235\0\0\0\1\1o\0;\0\0\0/re/frid"..., iov_len=428}], msg_iovlen=1, msg_controllen=0, msg_flags=0}, MSG_NOSIGNAL) = 428
24644 1784070707.654771 sendmsg(71, {msg_name=NULL, msg_namelen=0, msg_iov=[{iov_base="l\1\1\1\0\1\0\0\213\2\0\0\235\0\0\0\1\1o\0;\0\0\0/re/frid"..., iov_len=432}], msg_iovlen=1, msg_controllen=0, msg_flags=0}, MSG_NOSIGNAL) = 432
24249 1784070707.654988 sendto(61, "\3\0\0\0\0\0\0\0\337\10\0\0\1\0\0\0", 16, MSG_DONTWAIT|MSG_NOSIGNAL, NULL, 0) = 16
24249 1784070707.655023 recvfrom(61, 0x7165c6d820, 2272, MSG_DONTWAIT, NULL, NULL) = -1 EAGAIN (Try again)
24249 1784070707.655675 recvfrom(61, "\2\0\0\0\0\0\0\0\341\10\0\0\0\0\0\0\300\232\5\240\205\1\0\0\1\0\0\0\2\20\0\0"..., 2272, MSG_DONTWAIT, NULL, NULL) = 232
24249 1784070707.655722 sendto(61, "\3\0\0\0\0\0\0\0\341\10\0\0\1\0\0\0", 16, MSG_DONTWAIT|MSG_NOSIGNAL, NULL, 0) = 16
24249 1784070707.655748 recvfrom(61, 0x7165c6d820, 2272, MSG_DONTWAIT, NULL, NULL) = -1 EAGAIN (Try again)
24249 1784070707.669770 recvfrom(38, "nysv\0\0\0\0\0\0\0\0\0\0\0\0\213\274\22\241\205\1\0\0W\204\1\0\0\0\0\0", 3200, MSG_DONTWAIT, NULL, NULL) = 32
24249 1784070707.669795 recvfrom(38, 0x7ff90aa020, 3200, MSG_DONTWAIT, NULL, NULL) = -1 EAGAIN (Try again)
24249 1784070707.669830 recvfrom(61, 0x7165c6d820, 2272, MSG_DONTWAIT, NULL, NULL) = -1 EAGAIN (Try again)
24249 1784070707.669916 recvfrom(38, 0x7ff90a9f80, 3200, MSG_DONTWAIT, NULL, NULL) = -1 EAGAIN (Try again)
24271 1784070707.675039 recvfrom(42, 0x716ad86eb0, 3200, MSG_DONTWAIT, NULL, NULL) = -1 EAGAIN (Try again)
24271 1784070707.677039 recvfrom(42, 0x716ad86eb0, 3200, MSG_DONTWAIT, NULL, NULL) = -1 EAGAIN (Try again)
24644 1784070707.677510 sendmsg(71, {msg_name=NULL, msg_namelen=0, msg_iov=[{iov_base="l\1\1\1\374\0\0\0\214\2\0\0\235\0\0\0\1\1o\0;\0\0\0/re/frid"..., iov_len=428}], msg_iovlen=1, msg_controllen=0, msg_flags=0}, MSG_NOSIGNAL) = 428
24644 1784070707.678518 sendmsg(71, {msg_name=NULL, msg_namelen=0, msg_iov=[{iov_base="l\1\1\1\0\1\0\0\215\2\0\0\235\0\0\0\1\1o\0;\0\0\0/re/frid"..., iov_len=432}], msg_iovlen=1, msg_controllen=0, msg_flags=0}, MSG_NOSIGNAL) = 432
24271 1784070707.685967 recvfrom(42, "nysv\0\0\0\0\0\0\0\0\0\0\0\0\376J\21\242\205\1\0\0X\204\1\0\0\0\0\0", 3200, MSG_DONTWAIT, NULL, NULL) = 32
24271 1784070707.685991 recvfrom(42, 0x716ad86c80, 3200, MSG_DONTWAIT, NULL, NULL) = -1 EAGAIN (Try again)
24249 1784070707.686134 recvfrom(38, "nysv\0\0\0\0\0\0\0\0\0\0\0\0\376J\21\242\205\1\0\0X\204\1\0\0\0\0\0", 3200, MSG_DONTWAIT, NULL, NULL) = 32
24249 1784070707.686149 recvfrom(38, 0x7ff90aa020, 3200, MSG_DONTWAIT, NULL, NULL) = -1 EAGAIN (Try again)
24249 1784070707.686177 recvfrom(61, 0x7165c6d820, 2272, MSG_DONTWAIT, NULL, NULL) = -1 EAGAIN (Try again)
24249 1784070707.686196 recvfrom(38, 0x7ff90a9f80, 3200, MSG_DONTWAIT, NULL, NULL) = -1 EAGAIN (Try again)
24271 1784070707.697060 recvfrom(42, 0x716ad86eb0, 3200, MSG_DONTWAIT, NULL, NULL) = -1 EAGAIN (Try again)
24271 1784070707.704816 recvfrom(42, "nysv\0\0\0\0\0\0\0\0\0\0\0\0-R\17\243\205\1\0\0Y\204\1\0\0\0\0\0", 3200, MSG_DONTWAIT, NULL, NULL) = 32
24271 1784070707.704848 recvfrom(42, 0x716ad86c80, 3200, MSG_DONTWAIT, NULL, NULL) = -1 EAGAIN (Try again)
24249 1784070707.704872 recvfrom(38, "nysv\0\0\0\0\0\0\0\0\0\0\0\0-R\17\243\205\1\0\0Y\204\1\0\0\0\0\0", 3200, MSG_DONTWAIT, NULL, NULL) = 32
24249 1784070707.704885 recvfrom(38, 0x7ff90aa020, 3200, MSG_DONTWAIT, NULL, NULL) = -1 EAGAIN (Try again)
24249 1784070707.704941 recvfrom(38, 0x7ff90a9f80, 3200, MSG_DONTWAIT, NULL, NULL) = -1 EAGAIN (Try again)
24271 1784070707.715799 recvfrom(42, 0x716ad86eb0, 3200, MSG_DONTWAIT, NULL, NULL) = -1 EAGAIN (Try again)
24271 1784070707.720211 recvfrom(42, "nysv\0\0\0\0\0\0\0\0\0\0\0\0k\243\r\244\205\1\0\0Z\204\1\0\0\0\0\0", 3200, MSG_DONTWAIT, NULL, NULL) = 32
24271 1784070707.720240 recvfrom(42, 0x716ad86c80, 3200, MSG_DONTWAIT, NULL, NULL) = -1 EAGAIN (Try again)
24249 1784070707.720265 recvfrom(38, "nysv\0\0\0\0\0\0\0\0\0\0\0\0k\243\r\244\205\1\0\0Z\204\1\0\0\0\0\0", 3200, MSG_DONTWAIT, NULL, NULL) = 32
24249 1784070707.720278 recvfrom(38, 0x7ff90aa020, 3200, MSG_DONTWAIT, NULL, NULL) = -1 EAGAIN (Try again)
24249 1784070707.720333 recvfrom(38, 0x7ff90a9f80, 3200, MSG_DONTWAIT, NULL, NULL) = -1 EAGAIN (Try again)
24271 1784070707.729621 recvfrom(42, 0x716ad86eb0, 3200, MSG_DONTWAIT, NULL, NULL) = -1 EAGAIN (Try again)
24271 1784070707.737623 recvfrom(42, "nysv\0\0\0\0\0\0\0\0\0\0\0\0\302\305\v\245\205\1\0\0[\204\1\0\0\0\0\0", 3200, MSG_DONTWAIT, NULL, NULL) = 32
24271 1784070707.737695 recvfrom(42, 0x716ad86c80, 3200, MSG_DONTWAIT, NULL, NULL) = -1 EAGAIN (Try again)
24249 1784070707.737719 recvfrom(38, "nysv\0\0\0\0\0\0\0\0\0\0\0\0\302\305\v\245\205\1\0\0[\204\1\0\0\0\0\0", 3200, MSG_DONTWAIT, NULL, NULL) = 32
24249 1784070707.737732 recvfrom(38, 0x7ff90aa020, 3200, MSG_DONTWAIT, NULL, NULL) = -1 EAGAIN (Try again)
24249 1784070707.737781 recvfrom(38, 0x7ff90a9f80, 3200, MSG_DONTWAIT, NULL, NULL) = -1 EAGAIN (Try again)
24271 1784070707.746262 recvfrom(42, 0x716ad86eb0, 3200, MSG_DONTWAIT, NULL, NULL) = -1 EAGAIN (Try again)
24271 1784070707.754190 recvfrom(42, "nysv\0\0\0\0\0\0\0\0\0\0\0\0\227\361\t\246\205\1\0\0\\\204\1\0\0\0\0\0", 3200, MSG_DONTWAIT, NULL, NULL) = 32
24271 1784070707.754217 recvfrom(42, 0x716ad86c80, 3200, MSG_DONTWAIT, NULL, NULL) = -1 EAGAIN (Try again)
24249 1784070707.754239 recvfrom(38, "nysv\0\0\0\0\0\0\0\0\0\0\0\0\227\361\t\246\205\1\0\0\\\204\1\0\0\0\0\0", 3200, MSG_DONTWAIT, NULL, NULL) = 32
24249 1784070707.754251 recvfrom(38, 0x7ff90aa020, 3200, MSG_DONTWAIT, NULL, NULL) = -1 EAGAIN (Try again)
24249 1784070707.754306 recvfrom(38, 0x7ff90a9f80, 3200, MSG_DONTWAIT, NULL, NULL) = -1 EAGAIN (Try again)
24271 1784070707.763380 recvfrom(42, 0x716ad86eb0, 3200, MSG_DONTWAIT, NULL, NULL) = -1 EAGAIN (Try again)
24271 1784070707.771539 recvfrom(42, "nysv\0\0\0\0\0\0\0\0\0\0\0\0\2251\10\247\205\1\0\0]\204\1\0\0\0\0\0", 3200, MSG_DONTWAIT, NULL, NULL) = 32
24271 1784070707.771563 recvfrom(42, 0x716ad86c80, 3200, MSG_DONTWAIT, NULL, NULL) = -1 EAGAIN (Try again)
24249 1784070707.771584 recvfrom(38, "nysv\0\0\0\0\0\0\0\0\0\0\0\0\2251\10\247\205\1\0\0]\204\1\0\0\0\0\0", 3200, MSG_DONTWAIT, NULL, NULL) = 32
24249 1784070707.771596 recvfrom(38, 0x7ff90aa020, 3200, MSG_DONTWAIT, NULL, NULL) = -1 EAGAIN (Try again)
24249 1784070707.771633 recvfrom(38, 0x7ff90a9f80, 3200, MSG_DONTWAIT, NULL, NULL) = -1 EAGAIN (Try again)
24271 1784070707.780383 recvfrom(42, 0x716ad86eb0, 3200, MSG_DONTWAIT, NULL, NULL) = -1 EAGAIN (Try again)
24271 1784070707.787782 recvfrom(42, "nysv\0\0\0\0\0\0\0\0\0\0\0\0\277\201\6\250\205\1\0\0^\204\1\0\0\0\0\0", 3200, MSG_DONTWAIT, NULL, NULL) = 32
24271 1784070707.787807 recvfrom(42, 0x716ad86c80, 3200, MSG_DONTWAIT, NULL, NULL) = -1 EAGAIN (Try again)
24249 1784070707.787828 recvfrom(38, "nysv\0\0\0\0\0\0\0\0\0\0\0\0\277\201\6\250\205\1\0\0^\204\1\0\0\0\0\0", 3200, MSG_DONTWAIT, NULL, NULL) = 32
24249 1784070707.787840 recvfrom(38, 0x7ff90aa020, 3200, MSG_DONTWAIT, NULL, NULL) = -1 EAGAIN (Try again)
24249 1784070707.787947 recvfrom(38, 0x7ff90a9f80, 3200, MSG_DONTWAIT, NULL, NULL) = -1 EAGAIN (Try again)
24271 1784070707.796848 recvfrom(42, 0x716ad86eb0, 3200, MSG_DONTWAIT, NULL, NULL) = -1 EAGAIN (Try again)
24271 1784070707.802921 recvfrom(42, "nysv\0\0\0\0\0\0\0\0\0\0\0\0\205\374\4\251\205\1\0\0_\204\1\0\0\0\0\0", 3200, MSG_DONTWAIT, NULL, NULL) = 32
24271 1784070707.802950 recvfrom(42, 0x716ad86c80, 3200, MSG_DONTWAIT, NULL, NULL) = -1 EAGAIN (Try again)
24249 1784070707.802977 recvfrom(38, "nysv\0\0\0\0\0\0\0\0\0\0\0\0\205\374\4\251\205\1\0\0_\204\1\0\0\0\0\0", 3200, MSG_DONTWAIT, NULL, NULL) = 32
24249 1784070707.803005 recvfrom(38, 0x7ff90aa020, 3200, MSG_DONTWAIT, NULL, NULL) = -1 EAGAIN (Try again)
24249 1784070707.803105 recvfrom(38, 0x7ff90a9f80, 3200, MSG_DONTWAIT, NULL, NULL) = -1 EAGAIN (Try again)
24271 1784070707.812202 recvfrom(42, 0x716ad86eb0, 3200, MSG_DONTWAIT, NULL, NULL) = -1 EAGAIN (Try again)
24271 1784070707.822060 recvfrom(42, "nysv\0\0\0\0\0\0\0\0\0\0\0\0\23\"\3\252\205\1\0\0`\204\1\0\0\0\0\0", 3200, MSG_DONTWAIT, NULL, NULL) = 32
24271 1784070707.822087 recvfrom(42, 0x716ad86c80, 3200, MSG_DONTWAIT, NULL, NULL) = -1 EAGAIN (Try again)
24249 1784070707.822693 recvfrom(38, "nysv\0\0\0\0\0\0\0\0\0\0\0\0\23\"\3\252\205\1\0\0`\204\1\0\0\0\0\0", 3200, MSG_DONTWAIT, NULL, NULL) = 32
24249 1784070707.822795 recvfrom(38, 0x7ff90aa020, 3200, MSG_DONTWAIT, NULL, NULL) = -1 EAGAIN (Try again)
24249 1784070707.830730 recvfrom(38, 0x7ff90a9f80, 3200, MSG_DONTWAIT, NULL, NULL) = -1 EAGAIN (Try again)
24271 1784070707.831118 recvfrom(42, 0x716ad86eb0, 3200, MSG_DONTWAIT, NULL, NULL) = -1 EAGAIN (Try again)
24271 1784070707.837508 recvfrom(42, "nysv\0\0\0\0\0\0\0\0\0\0\0\0=r\1\253\205\1\0\0a\204\1\0\0\0\0\0", 3200, MSG_DONTWAIT, NULL, NULL) = 32
24271 1784070707.837759 recvfrom(42, 0x716ad86c80, 3200, MSG_DONTWAIT, NULL, NULL) = -1 EAGAIN (Try again)
24249 1784070707.837785 recvfrom(38, "nysv\0\0\0\0\0\0\0\0\0\0\0\0=r\1\253\205\1\0\0a\204\1\0\0\0\0\0", 3200, MSG_DONTWAIT, NULL, NULL) = 32
24249 1784070707.837798 recvfrom(38, 0x7ff90aa020, 3200, MSG_DONTWAIT, NULL, NULL) = -1 EAGAIN (Try again)
24249 1784070707.837830 recvfrom(38, 0x7ff90a9f80, 3200, MSG_DONTWAIT, NULL, NULL) = -1 EAGAIN (Try again)
24271 1784070707.846074 recvfrom(42, 0x716ad86eb0, 3200, MSG_DONTWAIT, NULL, NULL) = -1 EAGAIN (Try again)
24271 1784070707.852749 recvfrom(42, "nysv\0\0\0\0\0\0\0\0\0\0\0\0[\365\377\253\205\1\0\0b\204\1\0\0\0\0\0", 3200, MSG_DONTWAIT, NULL, NULL) = 32
24271 1784070707.852776 recvfrom(42, 0x716ad86c80, 3200, MSG_DONTWAIT, NULL, NULL) = -1 EAGAIN (Try again)
24249 1784070707.852799 recvfrom(38, "nysv\0\0\0\0\0\0\0\0\0\0\0\0[\365\377\253\205\1\0\0b\204\1\0\0\0\0\0", 3200, MSG_DONTWAIT, NULL, NULL) = 32
24249 1784070707.852811 recvfrom(38, 0x7ff90aa020, 3200, MSG_DONTWAIT, NULL, NULL) = -1 EAGAIN (Try again)
24249 1784070707.852859 recvfrom(38, 0x7ff90a9f80, 3200, MSG_DONTWAIT, NULL, NULL) = -1 EAGAIN (Try again)
24271 1784070707.862115 recvfrom(42, 0x716ad86eb0, 3200, MSG_DONTWAIT, NULL, NULL) = -1 EAGAIN (Try again)
24271 1784070707.869575 recvfrom(42, "nysv\0\0\0\0\0\0\0\0\0\0\0\0\326p\376\254\205\1\0\0c\204\1\0\0\0\0\0", 3200, MSG_DONTWAIT, NULL, NULL) = 32
24271 1784070707.869602 recvfrom(42, 0x716ad86c80, 3200, MSG_DONTWAIT, NULL, NULL) = -1 EAGAIN (Try again)
24249 1784070707.869624 recvfrom(38, "nysv\0\0\0\0\0\0\0\0\0\0\0\0\326p\376\254\205\1\0\0c\204\1\0\0\0\0\0", 3200, MSG_DONTWAIT, NULL, NULL) = 32
24249 1784070707.869636 recvfrom(38, 0x7ff90aa020, 3200, MSG_DONTWAIT, NULL, NULL) = -1 EAGAIN (Try again)
24249 1784070707.869692 recvfrom(38, 0x7ff90a9f80, 3200, MSG_DONTWAIT, NULL, NULL) = -1 EAGAIN (Try again)
24271 1784070707.877984 recvfrom(42, 0x716ad86eb0, 3200, MSG_DONTWAIT, NULL, NULL) = -1 EAGAIN (Try again)
24271 1784070707.887133 recvfrom(42, "nysv\0\0\0\0\0\0\0\0\0\0\0\0H\264\374\255\205\1\0\0d\204\1\0\0\0\0\0", 3200, MSG_DONTWAIT, NULL, NULL) = 32
24271 1784070707.887164 recvfrom(42, 0x716ad86c80, 3200, MSG_DONTWAIT, NULL, NULL) = -1 EAGAIN (Try again)
24249 1784070707.887190 recvfrom(38, "nysv\0\0\0\0\0\0\0\0\0\0\0\0H\264\374\255\205\1\0\0d\204\1\0\0\0\0\0", 3200, MSG_DONTWAIT, NULL, NULL) = 32
24249 1784070707.887205 recvfrom(38, 0x7ff90aa020, 3200, MSG_DONTWAIT, NULL, NULL) = -1 EAGAIN (Try again)
24249 1784070707.887326 recvfrom(38, 0x7ff90a9f80, 3200, MSG_DONTWAIT, NULL, NULL) = -1 EAGAIN (Try again)
24271 1784070707.896120 recvfrom(42, 0x716ad86eb0, 3200, MSG_DONTWAIT, NULL, NULL) = -1 EAGAIN (Try again)
24271 1784070707.902505 recvfrom(42, "nysv\0\0\0\0\0\0\0\0\0\0\0\0\371~\373\256\205\1\0\0e\204\1\0\0\0\0\0", 3200, MSG_DONTWAIT, NULL, NULL) = 32
24271 1784070707.902535 recvfrom(42, 0x716ad86c80, 3200, MSG_DONTWAIT, NULL, NULL) = -1 EAGAIN (Try again)
24249 1784070707.902558 recvfrom(38, "nysv\0\0\0\0\0\0\0\0\0\0\0\0\371~\373\256\205\1\0\0e\204\1\0\0\0\0\0", 3200, MSG_DONTWAIT, NULL, NULL) = 32
24249 1784070707.902569 recvfrom(38, 0x7ff90aa020, 3200, MSG_DONTWAIT, NULL, NULL) = -1 EAGAIN (Try again)
24249 1784070707.902616 recvfrom(38, 0x7ff90a9f80, 3200, MSG_DONTWAIT, NULL, NULL) = -1 EAGAIN (Try again)
24271 1784070707.911306 recvfrom(42, 0x716ad86eb0, 3200, MSG_DONTWAIT, NULL, NULL) = -1 EAGAIN (Try again)
24271 1784070707.921804 recvfrom(42, "nysv\0\0\0\0\0\0\0\0\0\0\0\0\222t\371\257\205\1\0\0f\204\1\0\0\0\0\0", 3200, MSG_DONTWAIT, NULL, NULL) = 32
24271 1784070707.921834 recvfrom(42, 0x716ad86c80, 3200, MSG_DONTWAIT, NULL, NULL) = -1 EAGAIN (Try again)
24249 1784070707.922870 recvfrom(38, "nysv\0\0\0\0\0\0\0\0\0\0\0\0\222t\371\257\205\1\0\0f\204\1\0\0\0\0\0", 3200, MSG_DONTWAIT, NULL, NULL) = 32
24249 1784070707.923054 recvfrom(38, 0x7ff90aa020, 3200, MSG_DONTWAIT, NULL, NULL) = -1 EAGAIN (Try again)
24249 1784070707.932325 recvfrom(38, 0x7ff90a9f80, 3200, MSG_DONTWAIT, NULL, NULL) = -1 EAGAIN (Try again)
24271 1784070707.932647 recvfrom(42, 0x716ad86eb0, 3200, MSG_DONTWAIT, NULL, NULL) = -1 EAGAIN (Try again)
24271 1784070707.936792 recvfrom(42, "nysv\0\0\0\0\0\0\0\0\0\0\0\0s\312\367\260\205\1\0\0g\204\1\0\0\0\0\0", 3200, MSG_DONTWAIT, NULL, NULL) = 32
24271 1784070707.936824 recvfrom(42, 0x716ad86c80, 3200, MSG_DONTWAIT, NULL, NULL) = -1 EAGAIN (Try again)
24249 1784070707.936848 recvfrom(38, "nysv\0\0\0\0\0\0\0\0\0\0\0\0s\312\367\260\205\1\0\0g\204\1\0\0\0\0\0", 3200, MSG_DONTWAIT, NULL, NULL) = 32
24249 1784070707.936861 recvfrom(38, 0x7ff90aa020, 3200, MSG_DONTWAIT, NULL, NULL) = -1 EAGAIN (Try again)
24249 1784070707.936892 recvfrom(38, 0x7ff90a9f80, 3200, MSG_DONTWAIT, NULL, NULL) = -1 EAGAIN (Try again)
24271 1784070707.945860 recvfrom(42, 0x716ad86eb0, 3200, MSG_DONTWAIT, NULL, NULL) = -1 EAGAIN (Try again)
24271 1784070707.954863 recvfrom(42, "nysv\0\0\0\0\0\0\0\0\0\0\0\0F\315\365\261\205\1\0\0h\204\1\0\0\0\0\0", 3200, MSG_DONTWAIT, NULL, NULL) = 32
24271 1784070707.954895 recvfrom(42, 0x716ad86c80, 3200, MSG_DONTWAIT, NULL, NULL) = -1 EAGAIN (Try again)
24249 1784070707.954920 recvfrom(38, "nysv\0\0\0\0\0\0\0\0\0\0\0\0F\315\365\261\205\1\0\0h\204\1\0\0\0\0\0", 3200, MSG_DONTWAIT, NULL, NULL) = 32
24249 1784070707.954933 recvfrom(38, 0x7ff90aa020, 3200, MSG_DONTWAIT, NULL, NULL) = -1 EAGAIN (Try again)
24249 1784070707.955003 recvfrom(38, 0x7ff90a9f80, 3200, MSG_DONTWAIT, NULL, NULL) = -1 EAGAIN (Try again)
24271 1784070707.964429 recvfrom(42, 0x716ad86eb0, 3200, MSG_DONTWAIT, NULL, NULL) = -1 EAGAIN (Try again)
24271 1784070707.969640 recvfrom(42, "nysv\0\0\0\0\0\0\0\0\0\0\0\0\4D\364\262\205\1\0\0i\204\1\0\0\0\0\0", 3200, MSG_DONTWAIT, NULL, NULL) = 32
24271 1784070707.969711 recvfrom(42, 0x716ad86c80, 3200, MSG_DONTWAIT, NULL, NULL) = -1 EAGAIN (Try again)
24249 1784070707.969734 recvfrom(38, "nysv\0\0\0\0\0\0\0\0\0\0\0\0\4D\364\262\205\1\0\0i\204\1\0\0\0\0\0", 3200, MSG_DONTWAIT, NULL, NULL) = 32
24249 1784070707.969746 recvfrom(38, 0x7ff90aa020, 3200, MSG_DONTWAIT, NULL, NULL) = -1 EAGAIN (Try again)
24249 1784070707.969791 recvfrom(38, 0x7ff90a9f80, 3200, MSG_DONTWAIT, NULL, NULL) = -1 EAGAIN (Try again)
24271 1784070707.979286 recvfrom(42, 0x716ad86eb0, 3200, MSG_DONTWAIT, NULL, NULL) = -1 EAGAIN (Try again)
24271 1784070707.988498 recvfrom(42, "nysv\0\0\0\0\0\0\0\0\0\0\0\0\267C\362\263\205\1\0\0j\204\1\0\0\0\0\0", 3200, MSG_DONTWAIT, NULL, NULL) = 32
24271 1784070707.988564 recvfrom(42, 0x716ad86c80, 3200, MSG_DONTWAIT, NULL, NULL) = -1 EAGAIN (Try again)
24249 1784070707.989361 recvfrom(38, "nysv\0\0\0\0\0\0\0\0\0\0\0\0\267C\362\263\205\1\0\0j\204\1\0\0\0\0\0", 3200, MSG_DONTWAIT, NULL, NULL) = 32
24249 1784070707.989379 recvfrom(38, 0x7ff90aa020, 3200, MSG_DONTWAIT, NULL, NULL) = -1 EAGAIN (Try again)
24249 1784070707.989535 recvfrom(38, 0x7ff90a9f80, 3200, MSG_DONTWAIT, NULL, NULL) = -1 EAGAIN (Try again)
24271 1784070708.001071 recvfrom(42, 0x716ad86eb0, 3200, MSG_DONTWAIT, NULL, NULL) = -1 EAGAIN (Try again)
24271 1784070708.002648 recvfrom(42, "nysv\0\0\0\0\0\0\0\0\0\0\0\0\203\322\360\264\205\1\0\0k\204\1\0\0\0\0\0", 3200, MSG_DONTWAIT, NULL, NULL) = 32
24271 1784070708.002680 recvfrom(42, 0x716ad86c80, 3200, MSG_DONTWAIT, NULL, NULL) = -1 EAGAIN (Try again)
24249 1784070708.002704 recvfrom(38, "nysv\0\0\0\0\0\0\0\0\0\0\0\0\203\322\360\264\205\1\0\0k\204\1\0\0\0\0\0", 3200, MSG_DONTWAIT, NULL, NULL) = 32
24249 1784070708.002716 recvfrom(38, 0x7ff90aa020, 3200, MSG_DONTWAIT, NULL, NULL) = -1 EAGAIN (Try again)
24249 1784070708.002750 recvfrom(38, 0x7ff90a9f80, 3200, MSG_DONTWAIT, NULL, NULL) = -1 EAGAIN (Try again)
24271 1784070708.012001 recvfrom(42, 0x716ad86eb0, 3200, MSG_DONTWAIT, NULL, NULL) = -1 EAGAIN (Try again)
24271 1784070708.021638 recvfrom(42, "nysv\0\0\0\0\0\0\0\0\0\0\0\0\v\344\356\265\205\1\0\0l\204\1\0\0\0\0\0", 3200, MSG_DONTWAIT, NULL, NULL) = 32
24271 1784070708.021674 recvfrom(42, 0x716ad86c80, 3200, MSG_DONTWAIT, NULL, NULL) = -1 EAGAIN (Try again)
24249 1784070708.022697 recvfrom(38, "nysv\0\0\0\0\0\0\0\0\0\0\0\0\v\344\356\265\205\1\0\0l\204\1\0\0\0\0\0", 3200, MSG_DONTWAIT, NULL, NULL) = 32
24249 1784070708.022731 recvfrom(38, 0x7ff90aa020, 3200, MSG_DONTWAIT, NULL, NULL) = -1 EAGAIN (Try again)
24249 1784070708.022901 recvfrom(38, 0x7ff90a9f80, 3200, MSG_DONTWAIT, NULL, NULL) = -1 EAGAIN (Try again)
24271 1784070708.031034 recvfrom(42, 0x716ad86eb0, 3200, MSG_DONTWAIT, NULL, NULL) = -1 EAGAIN (Try again)
24271 1784070708.037953 recvfrom(42, "nysv\0\0\0\0\0\0\0\0\0\0\0\00054\355\266\205\1\0\0m\204\1\0\0\0\0\0", 3200, MSG_DONTWAIT, NULL, NULL) = 32
24271 1784070708.038116 recvfrom(42, 0x716ad86c80, 3200, MSG_DONTWAIT, NULL, NULL) = -1 EAGAIN (Try again)
24249 1784070708.038146 recvfrom(38, "nysv\0\0\0\0\0\0\0\0\0\0\0\00054\355\266\205\1\0\0m\204\1\0\0\0\0\0", 3200, MSG_DONTWAIT, NULL, NULL) = 32
24249 1784070708.038162 recvfrom(38, 0x7ff90aa020, 3200, MSG_DONTWAIT, NULL, NULL) = -1 EAGAIN (Try again)
24249 1784070708.038219 recvfrom(38, 0x7ff90a9f80, 3200, MSG_DONTWAIT, NULL, NULL) = -1 EAGAIN (Try again)
24271 1784070708.048318 recvfrom(42, 0x716ad86eb0, 3200, MSG_DONTWAIT, NULL, NULL) = -1 EAGAIN (Try again)
24271 1784070708.053480 recvfrom(42, "nysv\0\0\0\0\0\0\0\0\0\0\0\0B\212\353\267\205\1\0\0n\204\1\0\0\0\0\0", 3200, MSG_DONTWAIT, NULL, NULL) = 32
24271 1784070708.053508 recvfrom(42, 0x716ad86c80, 3200, MSG_DONTWAIT, NULL, NULL) = -1 EAGAIN (Try again)
24249 1784070708.053531 recvfrom(38, "nysv\0\0\0\0\0\0\0\0\0\0\0\0B\212\353\267\205\1\0\0n\204\1\0\0\0\0\0", 3200, MSG_DONTWAIT, NULL, NULL) = 32
24249 1784070708.053546 recvfrom(38, 0x7ff90aa020, 3200, MSG_DONTWAIT, NULL, NULL) = -1 EAGAIN (Try again)
24271 1784070708.070068 recvfrom(42, "nysv\0\0\0\0\0\0\0\0\0\0\0\0<\347\351\270\205\1\0\0o\204\1\0\0\0\0\0", 3200, MSG_DONTWAIT, NULL, NULL) = 32
24271 1784070708.070093 recvfrom(42, 0x716ad86c80, 3200, MSG_DONTWAIT, NULL, NULL) = -1 EAGAIN (Try again)
24644 1784070708.508852 sendmsg(71, {msg_name=NULL, msg_namelen=0, msg_iov=[{iov_base="l\1\1\1\344\0\0\0\216\2\0\0\235\0\0\0\1\1o\0;\0\0\0/re/frid"..., iov_len=404}], msg_iovlen=1, msg_controllen=0, msg_flags=0}, MSG_NOSIGNAL) = 404
24249 1784070708.509095 recvfrom(38, 0x7ff90a9de0, 3200, MSG_DONTWAIT, NULL, NULL) = -1 EAGAIN (Try again)
24249 1784070708.519748 recvfrom(38, "nysv\0\0\0\0\0\0\0\0\0\0\0\0\337\272\274\323\205\1\0\0\212\204\1\0\0\0\0\0", 3200, MSG_DONTWAIT, NULL, NULL) = 32
24249 1784070708.519781 recvfrom(38, 0x7ff90aa020, 3200, MSG_DONTWAIT, NULL, NULL) = -1 EAGAIN (Try again)
24249 1784070708.519821 recvfrom(61, 0x7165c6d820, 2272, MSG_DONTWAIT, NULL, NULL) = -1 EAGAIN (Try again)
24644 1784070709.545839 sendmsg(71, {msg_name=NULL, msg_namelen=0, msg_iov=[{iov_base="l\1\1\1\344\0\0\0\217\2\0\0\235\0\0\0\1\1o\0;\0\0\0/re/frid"..., iov_len=404}], msg_iovlen=1, msg_controllen=0, msg_flags=0}, MSG_NOSIGNAL) = 404
24249 1784070709.546269 recvfrom(38, 0x7ff90a9de0, 3200, MSG_DONTWAIT, NULL, NULL) = -1 EAGAIN (Try again)
24249 1784070709.554043 recvfrom(38, "nysv\0\0\0\0\0\0\0\0\0\0\0\0#\263S\21\206\1\0\0\310\204\1\0\0\0\0\0", 3200, MSG_DONTWAIT, NULL, NULL) = 32
24249 1784070709.554157 recvfrom(38, 0x7ff90aa020, 3200, MSG_DONTWAIT, NULL, NULL) = -1 EAGAIN (Try again)
24249 1784070709.554242 recvfrom(61, 0x7165c6d820, 2272, MSG_DONTWAIT, NULL, NULL) = -1 EAGAIN (Try again)
24644 1784070710.511136 sendmsg(71, {msg_name=NULL, msg_namelen=0, msg_iov=[{iov_base="l\1\1\1\344\0\0\0\220\2\0\0\235\0\0\0\1\1o\0;\0\0\0/re/frid"..., iov_len=404}], msg_iovlen=1, msg_controllen=0, msg_flags=0}, MSG_NOSIGNAL) = 404
24249 1784070710.511411 recvfrom(38, 0x7ff90a9de0, 3200, MSG_DONTWAIT, NULL, NULL) = -1 EAGAIN (Try again)
24249 1784070710.522149 recvfrom(38, "nysv\0\0\0\0\0\0\0\0\0\0\0\0\247\334\361J\206\1\0\0\0\205\1\0\200\0\0\0", 3200, MSG_DONTWAIT, NULL, NULL) = 32
24249 1784070710.522190 recvfrom(38, 0x7ff90aa020, 3200, MSG_DONTWAIT, NULL, NULL) = -1 EAGAIN (Try again)
24249 1784070710.522281 recvfrom(61, 0x7165c6d820, 2272, MSG_DONTWAIT, NULL, NULL) = -1 EAGAIN (Try again)
24644 1784070711.547506 sendmsg(71, {msg_name=NULL, msg_namelen=0, msg_iov=[{iov_base="l\1\1\1\344\0\0\0\221\2\0\0\235\0\0\0\1\1o\0;\0\0\0/re/frid"..., iov_len=404}], msg_iovlen=1, msg_controllen=0, msg_flags=0}, MSG_NOSIGNAL) = 404
24249 1784070711.547796 recvfrom(38, 0x7ff90a9de0, 3200, MSG_DONTWAIT, NULL, NULL) = -1 EAGAIN (Try again)
24249 1784070711.554219 recvfrom(38, "nysv\0\0\0\0\0\0\0\0\0\0\0\0\342\314\211\210\206\1\0\0>\205\1\0\0\0\0\0", 3200, MSG_DONTWAIT, NULL, NULL) = 32
24249 1784070711.554250 recvfrom(38, 0x7ff90aa020, 3200, MSG_DONTWAIT, NULL, NULL) = -1 EAGAIN (Try again)
24249 1784070711.554282 recvfrom(61, 0x7165c6d820, 2272, MSG_DONTWAIT, NULL, NULL) = -1 EAGAIN (Try again)
24644 1784070712.515331 sendmsg(71, {msg_name=NULL, msg_namelen=0, msg_iov=[{iov_base="l\1\1\1\344\0\0\0\222\2\0\0\235\0\0\0\1\1o\0;\0\0\0/re/frid"..., iov_len=404}], msg_iovlen=1, msg_controllen=0, msg_flags=0}, MSG_NOSIGNAL) = 404
24249 1784070712.516278 recvfrom(38, 0x7ff90a9de0, 3200, MSG_DONTWAIT, NULL, NULL) = -1 EAGAIN (Try again)
24249 1784070712.519874 recvfrom(38, "nysv\0\0\0\0\0\0\0\0\0\0\0\0\215\205'\302\206\1\0\0x\205\1\0\0\0\0\0", 3200, MSG_DONTWAIT, NULL, NULL) = 32
24249 1784070712.520004 recvfrom(38, 0x7ff90aa020, 3200, MSG_DONTWAIT, NULL, NULL) = -1 EAGAIN (Try again)
24249 1784070712.520132 recvfrom(61, 0x7165c6d820, 2272, MSG_DONTWAIT, NULL, NULL) = -1 EAGAIN (Try again)
24644 1784070713.552736 sendmsg(71, {msg_name=NULL, msg_namelen=0, msg_iov=[{iov_base="l\1\1\1\344\0\0\0\223\2\0\0\235\0\0\0\1\1o\0;\0\0\0/re/frid"..., iov_len=404}], msg_iovlen=1, msg_controllen=0, msg_flags=0}, MSG_NOSIGNAL) = 404
24249 1784070713.553746 recvfrom(38, 0x7ff90a9de0, 3200, MSG_DONTWAIT, NULL, NULL) = -1 EAGAIN (Try again)
24249 1784070713.576307 recvfrom(38, "nysv\0\0\0\0\0\0\0\0\0\0\0\0\255*\275\0\207\1\0\0\267\205\1\0\0\0\0\0", 3200, MSG_DONTWAIT, NULL, NULL) = 32
24249 1784070713.576569 recvfrom(38, 0x7ff90aa020, 3200, MSG_DONTWAIT, NULL, NULL) = -1 EAGAIN (Try again)
24249 1784070713.576694 recvfrom(61, 0x7165c6d820, 2272, MSG_DONTWAIT, NULL, NULL) = -1 EAGAIN (Try again)
24644 1784070714.518138 sendmsg(71, {msg_name=NULL, msg_namelen=0, msg_iov=[{iov_base="l\1\1\1\344\0\0\0\224\2\0\0\235\0\0\0\1\1o\0;\0\0\0/re/frid"..., iov_len=404}], msg_iovlen=1, msg_controllen=0, msg_flags=0}, MSG_NOSIGNAL) = 404
24249 1784070714.518455 recvfrom(38, 0x7ff90a9de0, 3200, MSG_DONTWAIT, NULL, NULL) = -1 EAGAIN (Try again)
24249 1784070714.519166 recvfrom(38, "nysv\0\0\0\0\0\0\0\0\0\0\0\0=X]9\207\1\0\0\357\205\1\0\0\0\0\0", 3200, MSG_DONTWAIT, NULL, NULL) = 32
24249 1784070714.519215 recvfrom(38, 0x7ff90aa020, 3200, MSG_DONTWAIT, NULL, NULL) = -1 EAGAIN (Try again)
24249 1784070714.519299 recvfrom(61, 0x7165c6d820, 2272, MSG_DONTWAIT, NULL, NULL) = -1 EAGAIN (Try again)
24644 1784070715.560261 sendmsg(71, {msg_name=NULL, msg_namelen=0, msg_iov=[{iov_base="l\1\1\1\344\0\0\0\225\2\0\0\235\0\0\0\1\1o\0;\0\0\0/re/frid"..., iov_len=404}], msg_iovlen=1, msg_controllen=0, msg_flags=0}, MSG_NOSIGNAL) = 404
24249 1784070715.560565 recvfrom(38, 0x7ff90a9de0, 3200, MSG_DONTWAIT, NULL, NULL) = -1 EAGAIN (Try again)
24249 1784070715.593603 recvfrom(38, "nysv\0\0\0\0\0\0\0\0\0\0\0\0\207\16\361x\207\1\0\0-\206\1\0\0\0\0\0", 3200, MSG_DONTWAIT, NULL, NULL) = 32
24249 1784070715.593643 recvfrom(38, 0x7ff90aa020, 3200, MSG_DONTWAIT, NULL, NULL) = -1 EAGAIN (Try again)
24249 1784070715.593679 recvfrom(61, 0x7165c6d820, 2272, MSG_DONTWAIT, NULL, NULL) = -1 EAGAIN (Try again)
24644 1784070716.525550 sendmsg(71, {msg_name=NULL, msg_namelen=0, msg_iov=[{iov_base="l\1\1\1\344\0\0\0\226\2\0\0\235\0\0\0\1\1o\0;\0\0\0/re/frid"..., iov_len=404}], msg_iovlen=1, msg_controllen=0, msg_flags=0}, MSG_NOSIGNAL) = 404
24249 1784070716.526305 recvfrom(38, 0x7ff90a9de0, 3200, MSG_DONTWAIT, NULL, NULL) = -1 EAGAIN (Try again)
24249 1784070716.536237 recvfrom(38, "nysv\0\0\0\0\0\0\0\0\0\0\0\0\0\37\221\261\207\1\0\0d\206\1\0\0\0\0\0", 3200, MSG_DONTWAIT, NULL, NULL) = 32
24249 1784070716.536440 recvfrom(38, 0x7ff90aa020, 3200, MSG_DONTWAIT, NULL, NULL) = -1 EAGAIN (Try again)
24249 1784070716.536535 recvfrom(61, 0x7165c6d820, 2272, MSG_DONTWAIT, NULL, NULL) = -1 EAGAIN (Try again)
24644 1784070717.565125 sendmsg(71, {msg_name=NULL, msg_namelen=0, msg_iov=[{iov_base="l\1\1\1\344\0\0\0\227\2\0\0\235\0\0\0\1\1o\0;\0\0\0/re/frid"..., iov_len=404}], msg_iovlen=1, msg_controllen=0, msg_flags=0}, MSG_NOSIGNAL) = 404
24249 1784070717.565878 recvfrom(38, 0x7ff90a9de0, 3200, MSG_DONTWAIT, NULL, NULL) = -1 EAGAIN (Try again)
24249 1784070717.570021 recvfrom(38, "nysv\0\0\0\0\0\0\0\0\0\0\0\0\353\212(\357\207\1\0\0\241\206\1\0\0\0\0\0", 3200, MSG_DONTWAIT, NULL, NULL) = 32
24249 1784070717.570079 recvfrom(38, 0x7ff90aa020, 3200, MSG_DONTWAIT, NULL, NULL) = -1 EAGAIN (Try again)
24249 1784070717.570199 recvfrom(61, 0x7165c6d820, 2272, MSG_DONTWAIT, NULL, NULL) = -1 EAGAIN (Try again)
24644 1784070718.531102 sendmsg(71, {msg_name=NULL, msg_namelen=0, msg_iov=[{iov_base="l\1\1\1\344\0\0\0\230\2\0\0\235\0\0\0\1\1o\0;\0\0\0/re/frid"..., iov_len=404}], msg_iovlen=1, msg_controllen=0, msg_flags=0}, MSG_NOSIGNAL) = 404
24249 1784070718.532324 recvfrom(38, 0x7ff90a9de0, 3200, MSG_DONTWAIT, NULL, NULL) = -1 EAGAIN (Try again)
24249 1784070718.535612 recvfrom(38, "nysv\0\0\0\0\0\0\0\0\0\0\0\0B\323\306(\210\1\0\0\333\206\1\0\0\0\0\0", 3200, MSG_DONTWAIT, NULL, NULL) = 32
24249 1784070718.535754 recvfrom(38, 0x7ff90aa020, 3200, MSG_DONTWAIT, NULL, NULL) = -1 EAGAIN (Try again)
24249 1784070718.535813 recvfrom(61, 0x7165c6d820, 2272, MSG_DONTWAIT, NULL, NULL) = -1 EAGAIN (Try again)
24644 1784070719.575237 sendmsg(71, {msg_name=NULL, msg_namelen=0, msg_iov=[{iov_base="l\1\1\1\344\0\0\0\231\2\0\0\235\0\0\0\1\1o\0;\0\0\0/re/frid"..., iov_len=404}], msg_iovlen=1, msg_controllen=0, msg_flags=0}, MSG_NOSIGNAL) = 404
24249 1784070719.575813 recvfrom(38, 0x7ff90a9de0, 3200, MSG_DONTWAIT, NULL, NULL) = -1 EAGAIN (Try again)
24249 1784070719.590021 recvfrom(38, "nysv\0\0\0\0\0\0\0\0\0\0\0\0\3475\\g\210\1\0\0\30\207\1\0\0\0\0\0", 3200, MSG_DONTWAIT, NULL, NULL) = 32
24249 1784070719.590274 recvfrom(38, 0x7ff90aa020, 3200, MSG_DONTWAIT, NULL, NULL) = -1 EAGAIN (Try again)
24249 1784070719.590389 recvfrom(61, 0x7165c6d820, 2272, MSG_DONTWAIT, NULL, NULL) = -1 EAGAIN (Try again)
24644 1784070720.539290 sendmsg(71, {msg_name=NULL, msg_namelen=0, msg_iov=[{iov_base="l\1\1\1\344\0\0\0\232\2\0\0\235\0\0\0\1\1o\0;\0\0\0/re/frid"..., iov_len=404}], msg_iovlen=1, msg_controllen=0, msg_flags=0}, MSG_NOSIGNAL) = 404
24249 1784070720.539753 recvfrom(38, 0x7ff90a9de0, 3200, MSG_DONTWAIT, NULL, NULL) = -1 EAGAIN (Try again)
24249 1784070720.553402 recvfrom(38, "nysv\0\0\0\0\0\0\0\0\0\0\0\0\324e\372\240\210\1\0\0R\207\1\0\0\0\0\0", 3200, MSG_DONTWAIT, NULL, NULL) = 32
24249 1784070720.553466 recvfrom(38, 0x7ff90aa020, 3200, MSG_DONTWAIT, NULL, NULL) = -1 EAGAIN (Try again)
24249 1784070720.553555 recvfrom(61, 0x7165c6d820, 2272, MSG_DONTWAIT, NULL, NULL) = -1 EAGAIN (Try again)
24644 1784070721.579769 sendmsg(71, {msg_name=NULL, msg_namelen=0, msg_iov=[{iov_base="l\1\1\1\344\0\0\0\233\2\0\0\235\0\0\0\1\1o\0;\0\0\0/re/frid"..., iov_len=404}], msg_iovlen=1, msg_controllen=0, msg_flags=0}, MSG_NOSIGNAL) = 404
24249 1784070721.581561 recvfrom(38, 0x7ff90a9de0, 3200, MSG_DONTWAIT, NULL, NULL) = -1 EAGAIN (Try again)
24249 1784070721.587244 recvfrom(38, "nysv\0\0\0\0\0\0\0\0\0\0\0\0\227\311\221\336\210\1\0\0\217\207\1\0\0\0\0\0", 3200, MSG_DONTWAIT, NULL, NULL) = 32
24249 1784070721.587465 recvfrom(38, 0x7ff90aa020, 3200, MSG_DONTWAIT, NULL, NULL) = -1 EAGAIN (Try again)
24249 1784070721.587575 recvfrom(61, 0x7165c6d820, 2272, MSG_DONTWAIT, NULL, NULL) = -1 EAGAIN (Try again)
24644 1784070722.545545 sendmsg(71, {msg_name=NULL, msg_namelen=0, msg_iov=[{iov_base="l\1\1\1\344\0\0\0\234\2\0\0\235\0\0\0\1\1o\0;\0\0\0/re/frid"..., iov_len=404}], msg_iovlen=1, msg_controllen=0, msg_flags=0}, MSG_NOSIGNAL) = 404
24249 1784070722.546419 recvfrom(38, 0x7ff90a9de0, 3200, MSG_DONTWAIT, NULL, NULL) = -1 EAGAIN (Try again)
24249 1784070722.552366 recvfrom(38, "nysv\0\0\0\0\0\0\0\0\0\0\0\0\226\3130\30\211\1\0\0\311\207\1\0\0\0\0\0", 3200, MSG_DONTWAIT, NULL, NULL) = 32
24249 1784070722.552446 recvfrom(38, 0x7ff90aa020, 3200, MSG_DONTWAIT, NULL, NULL) = -1 EAGAIN (Try again)
24249 1784070722.552581 recvfrom(61, 0x7165c6d820, 2272, MSG_DONTWAIT, NULL, NULL) = -1 EAGAIN (Try again)
24644 1784070723.588954 sendmsg(71, {msg_name=NULL, msg_namelen=0, msg_iov=[{iov_base="l\1\1\1\344\0\0\0\235\2\0\0\235\0\0\0\1\1o\0;\0\0\0/re/frid"..., iov_len=404}], msg_iovlen=1, msg_controllen=0, msg_flags=0}, MSG_NOSIGNAL) = 404
24249 1784070723.589460 recvfrom(38, 0x7ff90a9de0, 3200, MSG_DONTWAIT, NULL, NULL) = -1 EAGAIN (Try again)
24249 1784070723.604630 recvfrom(38, "nysv\0\0\0\0\0\0\0\0\0\0\0\0\215\273\305V\211\1\0\0\10\210\1\0\0\0\0\0", 3200, MSG_DONTWAIT, NULL, NULL) = 32
24249 1784070723.604853 recvfrom(38, 0x7ff90aa020, 3200, MSG_DONTWAIT, NULL, NULL) = -1 EAGAIN (Try again)
24249 1784070723.604976 recvfrom(61, 0x7165c6d820, 2272, MSG_DONTWAIT, NULL, NULL) = -1 EAGAIN (Try again)
24249 1784070724.499617 recvfrom(61, "\2\0\0\0\0\0\0\0\345\10\0\0\0\0\0\0\200l.\214\211\1\0\0\1\0\0\0\2\20\0\0"..., 2272, MSG_DONTWAIT, NULL, NULL) = 232
24249 1784070724.499808 recvfrom(38, 0x7ff90a8420, 3200, MSG_DONTWAIT, NULL, NULL) = -1 EAGAIN (Try again)
24249 1784070724.500002 sendto(61, "\3\0\0\0\0\0\0\0\345\10\0\0\1\0\0\0", 16, MSG_DONTWAIT|MSG_NOSIGNAL, NULL, 0) = 16
24249 1784070724.500037 recvfrom(61, 0x7165c6d820, 2272, MSG_DONTWAIT, NULL, NULL) = -1 EAGAIN (Try again)
24249 1784070724.500311 recvfrom(61, "\2\0\0\0\0\0\0\0\347\10\0\0\0\0\0\0\200l.\214\211\1\0\0\1\0\0\0\2\20\0\0"..., 2272, MSG_DONTWAIT, NULL, NULL) = 232
24249 1784070724.500343 sendto(61, "\3\0\0\0\0\0\0\0\347\10\0\0\1\0\0\0", 16, MSG_DONTWAIT|MSG_NOSIGNAL, NULL, 0) = 16
24249 1784070724.500369 recvfrom(61, 0x7165c6d820, 2272, MSG_DONTWAIT, NULL, NULL) = -1 EAGAIN (Try again)
24249 1784070724.502288 recvfrom(38, "nysv\0\0\0\0\0\0\0\0\0\0\0\0\371\34l\214\211\1\0\0>\210\1\0\0\0\0\0", 3200, MSG_DONTWAIT, NULL, NULL) = 32
24249 1784070724.502339 recvfrom(38, 0x7ff90aa020, 3200, MSG_DONTWAIT, NULL, NULL) = -1 EAGAIN (Try again)
24249 1784070724.502363 recvfrom(61, 0x7165c6d820, 2272, MSG_DONTWAIT, NULL, NULL) = -1 EAGAIN (Try again)
24249 1784070724.502378 recvfrom(38, 0x7ff90a9f80, 3200, MSG_DONTWAIT, NULL, NULL) = -1 EAGAIN (Try again)
24644 1784070724.505588 sendmsg(71, {msg_name=NULL, msg_namelen=0, msg_iov=[{iov_base="l\1\1\1\310\0\0\0\236\2\0\0\235\0\0\0\1\1o\0;\0\0\0/re/frid"..., iov_len=376}], msg_iovlen=1, msg_controllen=0, msg_flags=0}, MSG_NOSIGNAL) = 376
24271 1784070724.509605 recvfrom(42, 0x716ad86eb0, 3200, MSG_DONTWAIT, NULL, NULL) = -1 EAGAIN (Try again)
24271 1784070724.509667 recvfrom(42, 0x716ad86eb0, 3200, MSG_DONTWAIT, NULL, NULL) = -1 EAGAIN (Try again)
24271 1784070724.518827 recvfrom(42, "nysv\0\0\0\0\0\0\0\0\0\0\0\0d\273j\215\211\1\0\0?\210\1\0\0\0\0\0", 3200, MSG_DONTWAIT, NULL, NULL) = 32
24271 1784070724.519328 recvfrom(42, 0x716ad86c80, 3200, MSG_DONTWAIT, NULL, NULL) = -1 EAGAIN (Try again)
24249 1784070724.519388 recvfrom(38, "nysv\0\0\0\0\0\0\0\0\0\0\0\0d\273j\215\211\1\0\0?\210\1\0\0\0\0\0", 3200, MSG_DONTWAIT, NULL, NULL) = 32
24249 1784070724.519406 recvfrom(38, 0x7ff90aa020, 3200, MSG_DONTWAIT, NULL, NULL) = -1 EAGAIN (Try again)
24249 1784070724.519642 recvfrom(61, 0x7165c6d820, 2272, MSG_DONTWAIT, NULL, NULL) = -1 EAGAIN (Try again)
24249 1784070724.519654 recvfrom(63, 0x71fb447820, 2272, MSG_DONTWAIT, NULL, NULL) = -1 EAGAIN (Try again)
24249 1784070724.519670 recvfrom(38, 0x7ff90a9f80, 3200, MSG_DONTWAIT, NULL, NULL) = -1 EAGAIN (Try again)
24271 1784070724.529211 recvfrom(42, 0x716ad86eb0, 3200, MSG_DONTWAIT, NULL, NULL) = -1 EAGAIN (Try again)
24271 1784070724.538150 recvfrom(42, "nysv\0\0\0\0\0\0\0\0\0\0\0\0X[i\216\211\1\0\0@\210\1\0\0\0\0\0", 3200, MSG_DONTWAIT, NULL, NULL) = 32
24271 1784070724.538202 recvfrom(42, 0x716ad86c80, 3200, MSG_DONTWAIT, NULL, NULL) = -1 EAGAIN (Try again)
24249 1784070724.538284 recvfrom(38, "nysv\0\0\0\0\0\0\0\0\0\0\0\0X[i\216\211\1\0\0@\210\1\0\0\0\0\0", 3200, MSG_DONTWAIT, NULL, NULL) = 32
24249 1784070724.538303 recvfrom(38, 0x7ff90aa020, 3200, MSG_DONTWAIT, NULL, NULL) = -1 EAGAIN (Try again)
24271 1784070724.547009 recvfrom(42, 0x716ad86eb0, 3200, MSG_DONTWAIT, NULL, NULL) = -1 EAGAIN (Try again)
24249 1784070724.547219 recvfrom(61, 0x7165c6d820, 2272, MSG_DONTWAIT, NULL, NULL) = -1 EAGAIN (Try again)
24249 1784070724.547253 recvfrom(63, 0x71fb447820, 2272, MSG_DONTWAIT, NULL, NULL) = -1 EAGAIN (Try again)
24249 1784070724.547282 recvfrom(38, 0x7ff90a9f80, 3200, MSG_DONTWAIT, NULL, NULL) = -1 EAGAIN (Try again)
24271 1784070724.547590 recvfrom(42, 0x716ad86eb0, 3200, MSG_DONTWAIT, NULL, NULL) = -1 EAGAIN (Try again)
24271 1784070724.550993 recvfrom(42, 0x716ad86eb0, 3200, MSG_DONTWAIT, NULL, NULL) = -1 EAGAIN (Try again)
24644 1784070724.551276 sendmsg(71, {msg_name=NULL, msg_namelen=0, msg_iov=[{iov_base="l\1\1\1\344\0\0\0\237\2\0\0\235\0\0\0\1\1o\0;\0\0\0/re/frid"..., iov_len=404}], msg_iovlen=1, msg_controllen=0, msg_flags=0}, MSG_NOSIGNAL) = 404
24271 1784070724.552940 recvfrom(42, "nysv\0\0\0\0\0\0\0\0\0\0\0\0\232\366g\217\211\1\0\0A\210\1\0\0\0\0\0", 3200, MSG_DONTWAIT, NULL, NULL) = 32
24271 1784070724.553215 recvfrom(42, 0x716ad86c80, 3200, MSG_DONTWAIT, NULL, NULL) = -1 EAGAIN (Try again)
24249 1784070724.553244 recvfrom(38, "nysv\0\0\0\0\0\0\0\0\0\0\0\0\232\366g\217\211\1\0\0A\210\1\0\0\0\0\0", 3200, MSG_DONTWAIT, NULL, NULL) = 32
24249 1784070724.553255 recvfrom(38, 0x7ff90aa020, 3200, MSG_DONTWAIT, NULL, NULL) = -1 EAGAIN (Try again)
24249 1784070724.553410 recvfrom(63, 0x71fb447820, 2272, MSG_DONTWAIT, NULL, NULL) = -1 EAGAIN (Try again)
24249 1784070724.553417 recvfrom(61, 0x7165c6d820, 2272, MSG_DONTWAIT, NULL, NULL) = -1 EAGAIN (Try again)
24249 1784070724.553436 recvfrom(38, 0x7ff90a9f80, 3200, MSG_DONTWAIT, NULL, NULL) = -1 EAGAIN (Try again)
24271 1784070724.561427 recvfrom(42, 0x716ad86eb0, 3200, MSG_DONTWAIT, NULL, NULL) = -1 EAGAIN (Try again)
24271 1784070724.569494 recvfrom(42, "nysv\0\0\0\0\0\0\0\0\0\0\0\0\v\224f\220\211\1\0\0B\210\1\0\0\0\0\0", 3200, MSG_DONTWAIT, NULL, NULL) = 32
24271 1784070724.569515 recvfrom(42, 0x716ad86c80, 3200, MSG_DONTWAIT, NULL, NULL) = -1 EAGAIN (Try again)
24249 1784070724.569760 recvfrom(38, "nysv\0\0\0\0\0\0\0\0\0\0\0\0\v\224f\220\211\1\0\0B\210\1\0\0\0\0\0", 3200, MSG_DONTWAIT, NULL, NULL) = 32
24249 1784070724.569789 recvfrom(38, 0x7ff90aa020, 3200, MSG_DONTWAIT, NULL, NULL) = -1 EAGAIN (Try again)
24249 1784070724.569825 recvfrom(38, 0x7ff90a9f80, 3200, MSG_DONTWAIT, NULL, NULL) = -1 EAGAIN (Try again)
24271 1784070724.576514 recvfrom(42, 0x716ad86eb0, 3200, MSG_DONTWAIT, NULL, NULL) = -1 EAGAIN (Try again)
24271 1784070724.585724 recvfrom(42, "nysv\0\0\0\0\0\0\0\0\0\0\0\0\325.e\221\211\1\0\0C\210\1\0\0\0\0\0", 3200, MSG_DONTWAIT, NULL, NULL) = 32
24271 1784070724.585794 recvfrom(42, 0x716ad86c80, 3200, MSG_DONTWAIT, NULL, NULL) = -1 EAGAIN (Try again)
24249 1784070724.585909 recvfrom(38, "nysv\0\0\0\0\0\0\0\0\0\0\0\0\325.e\221\211\1\0\0C\210\1\0\0\0\0\0", 3200, MSG_DONTWAIT, NULL, NULL) = 32
24249 1784070724.585923 recvfrom(38, 0x7ff90aa020, 3200, MSG_DONTWAIT, NULL, NULL) = -1 EAGAIN (Try again)
24249 1784070724.586042 recvfrom(38, 0x7ff90a9f80, 3200, MSG_DONTWAIT, NULL, NULL) = -1 EAGAIN (Try again)
24271 1784070724.597522 recvfrom(42, 0x716ad86eb0, 3200, MSG_DONTWAIT, NULL, NULL) = -1 EAGAIN (Try again)
24271 1784070724.602242 recvfrom(42, "nysv\0\0\0\0\0\0\0\0\0\0\0\0\257\311c\222\211\1\0\0D\210\1\0\0\0\0\0", 3200, MSG_DONTWAIT, NULL, NULL) = 32
24271 1784070724.602323 recvfrom(42, 0x716ad86c80, 3200, MSG_DONTWAIT, NULL, NULL) = -1 EAGAIN (Try again)
24249 1784070724.602354 recvfrom(38, "nysv\0\0\0\0\0\0\0\0\0\0\0\0\257\311c\222\211\1\0\0D\210\1\0\0\0\0\0", 3200, MSG_DONTWAIT, NULL, NULL) = 32
24249 1784070724.602368 recvfrom(38, 0x7ff90aa020, 3200, MSG_DONTWAIT, NULL, NULL) = -1 EAGAIN (Try again)
24249 1784070724.602393 recvfrom(38, 0x7ff90a9f80, 3200, MSG_DONTWAIT, NULL, NULL) = -1 EAGAIN (Try again)
24277 1784070724.610821 faccessat(AT_FDCWD, "/data/user/0/barilyuk.batterytemperature/shared_prefs/MyPrefs.xml", F_OK) = 0
24277 1784070724.610956 faccessat(AT_FDCWD, "/data/user/0/barilyuk.batterytemperature/shared_prefs/MyPrefs.xml.bak", F_OK) = -1 ENOENT (No such file or directory)
24277 1784070724.611125 renameat(AT_FDCWD, "/data/user/0/barilyuk.batterytemperature/shared_prefs/MyPrefs.xml", AT_FDCWD, "/data/user/0/barilyuk.batterytemperature/shared_prefs/MyPrefs.xml.bak") = 0
24277 1784070724.611276 openat(AT_FDCWD, "/data/user/0/barilyuk.batterytemperature/shared_prefs/MyPrefs.xml", O_WRONLY|O_CREAT|O_TRUNC, 0600) = 56
24271 1784070724.613808 recvfrom(42, 0x716ad86eb0, 3200, MSG_DONTWAIT, NULL, NULL) = -1 EAGAIN (Try again)
24277 1784070724.613931 getsockopt(56, SOL_SOCKET, SO_ERROR, 0x710da96454, [4]) = -1 ENOTSOCK (Socket operation on non-socket)
24277 1784070724.614372 fchmodat(AT_FDCWD, "/data/user/0/barilyuk.batterytemperature/shared_prefs/MyPrefs.xml", 0660) = 0
24277 1784070724.614516 newfstatat(AT_FDCWD, "/data/user/0/barilyuk.batterytemperature/shared_prefs/MyPrefs.xml", {st_mode=S_IFREG|0660, st_size=312, ...}, 0) = 0
24644 1784070724.616452 sendmsg(71, {msg_name=NULL, msg_namelen=0, msg_iov=[{iov_base="l\1\1\1\20\1\0\0\240\2\0\0\235\0\0\0\1\1o\0;\0\0\0/re/frid"..., iov_len=448}], msg_iovlen=1, msg_controllen=0, msg_flags=0}, MSG_NOSIGNAL) = 448
24277 1784070724.617387 unlinkat(AT_FDCWD, "/data/user/0/barilyuk.batterytemperature/shared_prefs/MyPrefs.xml.bak", 0) = 0
24271 1784070724.618980 recvfrom(42, "nysv\0\0\0\0\0\0\0\0\0\0\0\0\312`b\223\211\1\0\0E\210\1\0\0\0\0\0", 3200, MSG_DONTWAIT, NULL, NULL) = 32
24271 1784070724.618996 recvfrom(42, 0x716ad86c80, 3200, MSG_DONTWAIT, NULL, NULL) = -1 EAGAIN (Try again)
24249 1784070724.619050 recvfrom(38, "nysv\0\0\0\0\0\0\0\0\0\0\0\0\312`b\223\211\1\0\0E\210\1\0\0\0\0\0", 3200, MSG_DONTWAIT, NULL, NULL) = 32
24249 1784070724.619061 recvfrom(38, 0x7ff90aa020, 3200, MSG_DONTWAIT, NULL, NULL) = -1 EAGAIN (Try again)
24249 1784070724.619194 recvfrom(38, 0x7ff90a9f80, 3200, MSG_DONTWAIT, NULL, NULL) = -1 EAGAIN (Try again)
24271 1784070724.630668 recvfrom(42, 0x716ad86eb0, 3200, MSG_DONTWAIT, NULL, NULL) = -1 EAGAIN (Try again)
24271 1784070724.636517 recvfrom(42, "nysv\0\0\0\0\0\0\0\0\0\0\0\0\227\305`\224\211\1\0\0F\210\1\0\0\0\0\0", 3200, MSG_DONTWAIT, NULL, NULL) = 32
24271 1784070724.636607 recvfrom(42, 0x716ad86c80, 3200, MSG_DONTWAIT, NULL, NULL) = -1 EAGAIN (Try again)
24249 1784070724.636629 recvfrom(38, "nysv\0\0\0\0\0\0\0\0\0\0\0\0\227\305`\224\211\1\0\0F\210\1\0\0\0\0\0", 3200, MSG_DONTWAIT, NULL, NULL) = 32
24249 1784070724.636663 recvfrom(38, 0x7ff90aa020, 3200, MSG_DONTWAIT, NULL, NULL) = -1 EAGAIN (Try again)
24249 1784070724.636744 recvfrom(38, 0x7ff90a9f80, 3200, MSG_DONTWAIT, NULL, NULL) = -1 EAGAIN (Try again)
24271 1784070724.648346 recvfrom(42, 0x716ad86eb0, 3200, MSG_DONTWAIT, NULL, NULL) = -1 EAGAIN (Try again)
24271 1784070724.654139 recvfrom(42, "nysv\0\0\0\0\0\0\0\0\0\0\0\0\261\360^\225\211\1\0\0G\210\1\0\0\0\0\0", 3200, MSG_DONTWAIT, NULL, NULL) = 32
24271 1784070724.654173 recvfrom(42, 0x716ad86c80, 3200, MSG_DONTWAIT, NULL, NULL) = -1 EAGAIN (Try again)
24249 1784070724.654264 recvfrom(38, "nysv\0\0\0\0\0\0\0\0\0\0\0\0\261\360^\225\211\1\0\0G\210\1\0\0\0\0\0", 3200, MSG_DONTWAIT, NULL, NULL) = 32
24249 1784070724.654289 recvfrom(38, 0x7ff90aa020, 3200, MSG_DONTWAIT, NULL, NULL) = -1 EAGAIN (Try again)
24249 1784070724.654588 recvfrom(38, 0x7ff90a9f80, 3200, MSG_DONTWAIT, NULL, NULL) = -1 EAGAIN (Try again)
24271 1784070724.665768 recvfrom(42, 0x716ad86eb0, 3200, MSG_DONTWAIT, NULL, NULL) = -1 EAGAIN (Try again)
24271 1784070724.670543 recvfrom(42, "nysv\0\0\0\0\0\0\0\0\0\0\0\0m*]\226\211\1\0\0H\210\1\0\0\0\0\0", 3200, MSG_DONTWAIT, NULL, NULL) = 32
24271 1784070724.670657 recvfrom(42, 0x716ad86c80, 3200, MSG_DONTWAIT, NULL, NULL) = -1 EAGAIN (Try again)
24249 1784070724.670703 recvfrom(38, "nysv\0\0\0\0\0\0\0\0\0\0\0\0m*]\226\211\1\0\0H\210\1\0\0\0\0\0", 3200, MSG_DONTWAIT, NULL, NULL) = 32
24249 1784070724.670772 recvfrom(38, 0x7ff90aa020, 3200, MSG_DONTWAIT, NULL, NULL) = -1 EAGAIN (Try again)
24249 1784070724.670870 recvfrom(38, 0x7ff90a9f80, 3200, MSG_DONTWAIT, NULL, NULL) = -1 EAGAIN (Try again)
24271 1784070724.683915 recvfrom(42, 0x716ad86eb0, 3200, MSG_DONTWAIT, NULL, NULL) = -1 EAGAIN (Try again)
24271 1784070724.685998 recvfrom(42, "nysv\0\0\0\0\0\0\0\0\0\0\0\0j\261[\227\211\1\0\0I\210\1\0\0\0\0\0", 3200, MSG_DONTWAIT, NULL, NULL) = 32
24271 1784070724.686020 recvfrom(42, 0x716ad86c80, 3200, MSG_DONTWAIT, NULL, NULL) = -1 EAGAIN (Try again)
24249 1784070724.686040 recvfrom(38, "nysv\0\0\0\0\0\0\0\0\0\0\0\0j\261[\227\211\1\0\0I\210\1\0\0\0\0\0", 3200, MSG_DONTWAIT, NULL, NULL) = 32
24249 1784070724.686052 recvfrom(38, 0x7ff90aa020, 3200, MSG_DONTWAIT, NULL, NULL) = -1 EAGAIN (Try again)
24249 1784070724.686091 recvfrom(38, 0x7ff90a9f80, 3200, MSG_DONTWAIT, NULL, NULL) = -1 EAGAIN (Try again)
24271 1784070724.699702 recvfrom(42, 0x716ad86eb0, 3200, MSG_DONTWAIT, NULL, NULL) = -1 EAGAIN (Try again)
24271 1784070724.703115 recvfrom(42, "nysv\0\0\0\0\0\0\0\0\0\0\0\0$\30Z\230\211\1\0\0J\210\1\0\0\0\0\0", 3200, MSG_DONTWAIT, NULL, NULL) = 32
24271 1784070724.703135 recvfrom(42, 0x716ad86c80, 3200, MSG_DONTWAIT, NULL, NULL) = -1 EAGAIN (Try again)
24249 1784070724.703154 recvfrom(38, "nysv\0\0\0\0\0\0\0\0\0\0\0\0$\30Z\230\211\1\0\0J\210\1\0\0\0\0\0", 3200, MSG_DONTWAIT, NULL, NULL) = 32
24249 1784070724.703194 recvfrom(38, 0x7ff90aa020, 3200, MSG_DONTWAIT, NULL, NULL) = -1 EAGAIN (Try again)
24249 1784070724.703781 recvfrom(38, 0x7ff90a9f80, 3200, MSG_DONTWAIT, NULL, NULL) = -1 EAGAIN (Try again)
24271 1784070724.715379 recvfrom(42, 0x716ad86eb0, 3200, MSG_DONTWAIT, NULL, NULL) = -1 EAGAIN (Try again)
24271 1784070724.720938 recvfrom(42, "nysv\0\0\0\0\0\0\0\0\0\0\0\0\326OX\231\211\1\0\0K\210\1\0\0\0\0\0", 3200, MSG_DONTWAIT, NULL, NULL) = 32
24271 1784070724.720961 recvfrom(42, 0x716ad86c80, 3200, MSG_DONTWAIT, NULL, NULL) = -1 EAGAIN (Try again)
24249 1784070724.720983 recvfrom(38, "nysv\0\0\0\0\0\0\0\0\0\0\0\0\326OX\231\211\1\0\0K\210\1\0\0\0\0\0", 3200, MSG_DONTWAIT, NULL, NULL) = 32
24249 1784070724.720994 recvfrom(38, 0x7ff90aa020, 3200, MSG_DONTWAIT, NULL, NULL) = -1 EAGAIN (Try again)
24249 1784070724.721286 recvfrom(38, 0x7ff90a9f80, 3200, MSG_DONTWAIT, NULL, NULL) = -1 EAGAIN (Try again)
24271 1784070724.733152 recvfrom(42, 0x716ad86eb0, 3200, MSG_DONTWAIT, NULL, NULL) = -1 EAGAIN (Try again)
24271 1784070724.737164 recvfrom(42, "nysv\0\0\0\0\0\0\0\0\0\0\0\0\324\241V\232\211\1\0\0L\210\1\0\0\0\0\0", 3200, MSG_DONTWAIT, NULL, NULL) = 32
24271 1784070724.737190 recvfrom(42, 0x716ad86c80, 3200, MSG_DONTWAIT, NULL, NULL) = -1 EAGAIN (Try again)
24249 1784070724.737210 recvfrom(38, "nysv\0\0\0\0\0\0\0\0\0\0\0\0\324\241V\232\211\1\0\0L\210\1\0\0\0\0\0", 3200, MSG_DONTWAIT, NULL, NULL) = 32
24249 1784070724.737222 recvfrom(38, 0x7ff90aa020, 3200, MSG_DONTWAIT, NULL, NULL) = -1 EAGAIN (Try again)
24249 1784070724.737279 recvfrom(38, 0x7ff90a9f80, 3200, MSG_DONTWAIT, NULL, NULL) = -1 EAGAIN (Try again)
24271 1784070724.748455 recvfrom(42, 0x716ad86eb0, 3200, MSG_DONTWAIT, NULL, NULL) = -1 EAGAIN (Try again)
24271 1784070724.753532 recvfrom(42, "nysv\0\0\0\0\0\0\0\0\0\0\0\0000\363T\233\211\1\0\0M\210\1\0\0\0\0\0", 3200, MSG_DONTWAIT, NULL, NULL) = 32
24271 1784070724.753565 recvfrom(42, 0x716ad86c80, 3200, MSG_DONTWAIT, NULL, NULL) = -1 EAGAIN (Try again)
24249 1784070724.753585 recvfrom(38, "nysv\0\0\0\0\0\0\0\0\0\0\0\0000\363T\233\211\1\0\0M\210\1\0\0\0\0\0", 3200, MSG_DONTWAIT, NULL, NULL) = 32
24249 1784070724.753597 recvfrom(38, 0x7ff90aa020, 3200, MSG_DONTWAIT, NULL, NULL) = -1 EAGAIN (Try again)
24249 1784070724.753689 recvfrom(38, 0x7ff90a9f80, 3200, MSG_DONTWAIT, NULL, NULL) = -1 EAGAIN (Try again)
24271 1784070724.764543 recvfrom(42, 0x716ad86eb0, 3200, MSG_DONTWAIT, NULL, NULL) = -1 EAGAIN (Try again)
24271 1784070724.771164 recvfrom(42, "nysv\0\0\0\0\0\0\0\0\0\0\0\0\344\tS\234\211\1\0\0N\210\1\0\0\0\0\0", 3200, MSG_DONTWAIT, NULL, NULL) = 32
24271 1784070724.771186 recvfrom(42, 0x716ad86c80, 3200, MSG_DONTWAIT, NULL, NULL) = -1 EAGAIN (Try again)
24249 1784070724.771205 recvfrom(38, "nysv\0\0\0\0\0\0\0\0\0\0\0\0\344\tS\234\211\1\0\0N\210\1\0\0\0\0\0", 3200, MSG_DONTWAIT, NULL, NULL) = 32
24249 1784070724.771282 recvfrom(38, 0x7ff90aa020, 3200, MSG_DONTWAIT, NULL, NULL) = -1 EAGAIN (Try again)
24249 1784070724.771322 recvfrom(38, 0x7ff90a9f80, 3200, MSG_DONTWAIT, NULL, NULL) = -1 EAGAIN (Try again)
24271 1784070724.782216 recvfrom(42, 0x716ad86eb0, 3200, MSG_DONTWAIT, NULL, NULL) = -1 EAGAIN (Try again)
24271 1784070724.786666 recvfrom(42, "nysv\0\0\0\0\0\0\0\0\0\0\0\0\27gQ\235\211\1\0\0O\210\1\0\0\0\0\0", 3200, MSG_DONTWAIT, NULL, NULL) = 32
24271 1784070724.786688 recvfrom(42, 0x716ad86c80, 3200, MSG_DONTWAIT, NULL, NULL) = -1 EAGAIN (Try again)
24249 1784070724.786709 recvfrom(38, "nysv\0\0\0\0\0\0\0\0\0\0\0\0\27gQ\235\211\1\0\0O\210\1\0\0\0\0\0", 3200, MSG_DONTWAIT, NULL, NULL) = 32
24249 1784070724.786719 recvfrom(38, 0x7ff90aa020, 3200, MSG_DONTWAIT, NULL, NULL) = -1 EAGAIN (Try again)
24249 1784070724.786749 recvfrom(38, 0x7ff90a9f80, 3200, MSG_DONTWAIT, NULL, NULL) = -1 EAGAIN (Try again)
24271 1784070724.797933 recvfrom(42, 0x716ad86eb0, 3200, MSG_DONTWAIT, NULL, NULL) = -1 EAGAIN (Try again)
24271 1784070724.803123 recvfrom(42, "nysv\0\0\0\0\0\0\0\0\0\0\0\0>\317O\236\211\1\0\0P\210\1\0\0\0\0\0", 3200, MSG_DONTWAIT, NULL, NULL) = 32
24271 1784070724.803158 recvfrom(42, 0x716ad86c80, 3200, MSG_DONTWAIT, NULL, NULL) = -1 EAGAIN (Try again)
24249 1784070724.803178 recvfrom(38, "nysv\0\0\0\0\0\0\0\0\0\0\0\0>\317O\236\211\1\0\0P\210\1\0\0\0\0\0", 3200, MSG_DONTWAIT, NULL, NULL) = 32
24249 1784070724.803281 recvfrom(38, 0x7ff90aa020, 3200, MSG_DONTWAIT, NULL, NULL) = -1 EAGAIN (Try again)
24249 1784070724.803316 recvfrom(38, 0x7ff90a9f80, 3200, MSG_DONTWAIT, NULL, NULL) = -1 EAGAIN (Try again)
24271 1784070724.814822 recvfrom(42, 0x716ad86eb0, 3200, MSG_DONTWAIT, NULL, NULL) = -1 EAGAIN (Try again)
24271 1784070724.820659 recvfrom(42, "nysv\0\0\0\0\0\0\0\0\0\0\0\0\31\4N\237\211\1\0\0Q\210\1\0\0\0\0\0", 3200, MSG_DONTWAIT, NULL, NULL) = 32
24271 1784070724.820684 recvfrom(42, 0x716ad86c80, 3200, MSG_DONTWAIT, NULL, NULL) = -1 EAGAIN (Try again)
24249 1784070724.820706 recvfrom(38, "nysv\0\0\0\0\0\0\0\0\0\0\0\0\31\4N\237\211\1\0\0Q\210\1\0\0\0\0\0", 3200, MSG_DONTWAIT, NULL, NULL) = 32
24249 1784070724.820717 recvfrom(38, 0x7ff90aa020, 3200, MSG_DONTWAIT, NULL, NULL) = -1 EAGAIN (Try again)
24249 1784070724.820747 recvfrom(38, 0x7ff90a9f80, 3200, MSG_DONTWAIT, NULL, NULL) = -1 EAGAIN (Try again)
24271 1784070724.832125 recvfrom(42, 0x716ad86eb0, 3200, MSG_DONTWAIT, NULL, NULL) = -1 EAGAIN (Try again)
24271 1784070724.835919 recvfrom(42, "nysv\0\0\0\0\0\0\0\0\0\0\0\0\336VL\240\211\1\0\0R\210\1\0\0\0\0\0", 3200, MSG_DONTWAIT, NULL, NULL) = 32
24271 1784070724.835940 recvfrom(42, 0x716ad86c80, 3200, MSG_DONTWAIT, NULL, NULL) = -1 EAGAIN (Try again)
24249 1784070724.835959 recvfrom(38, "nysv\0\0\0\0\0\0\0\0\0\0\0\0\336VL\240\211\1\0\0R\210\1\0\0\0\0\0", 3200, MSG_DONTWAIT, NULL, NULL) = 32
24249 1784070724.835969 recvfrom(38, 0x7ff90aa020, 3200, MSG_DONTWAIT, NULL, NULL) = -1 EAGAIN (Try again)
24249 1784070724.836036 recvfrom(38, 0x7ff90a9f80, 3200, MSG_DONTWAIT, NULL, NULL) = -1 EAGAIN (Try again)
24271 1784070724.847880 recvfrom(42, 0x716ad86eb0, 3200, MSG_DONTWAIT, NULL, NULL) = -1 EAGAIN (Try again)
24271 1784070724.852633 recvfrom(42, "nysv\0\0\0\0\0\0\0\0\0\0\0\0\362\353J\241\211\1\0\0S\210\1\0\0\0\0\0", 3200, MSG_DONTWAIT, NULL, NULL) = 32
24271 1784070724.852649 recvfrom(42, 0x716ad86c80, 3200, MSG_DONTWAIT, NULL, NULL) = -1 EAGAIN (Try again)
24249 1784070724.852668 recvfrom(38, "nysv\0\0\0\0\0\0\0\0\0\0\0\0\362\353J\241\211\1\0\0S\210\1\0\0\0\0\0", 3200, MSG_DONTWAIT, NULL, NULL) = 32
24249 1784070724.852678 recvfrom(38, 0x7ff90aa020, 3200, MSG_DONTWAIT, NULL, NULL) = -1 EAGAIN (Try again)
24249 1784070724.852707 recvfrom(38, 0x7ff90a9f80, 3200, MSG_DONTWAIT, NULL, NULL) = -1 EAGAIN (Try again)
24271 1784070724.864162 recvfrom(42, 0x716ad86eb0, 3200, MSG_DONTWAIT, NULL, NULL) = -1 EAGAIN (Try again)
24271 1784070724.871370 recvfrom(42, "nysv\0\0\0\0\0\0\0\0\0\0\0\0Y\366H\242\211\1\0\0T\210\1\0\0\0\0\0", 3200, MSG_DONTWAIT, NULL, NULL) = 32
24271 1784070724.871501 recvfrom(42, 0x716ad86c80, 3200, MSG_DONTWAIT, NULL, NULL) = -1 EAGAIN (Try again)
24249 1784070724.871523 recvfrom(38, "nysv\0\0\0\0\0\0\0\0\0\0\0\0Y\366H\242\211\1\0\0T\210\1\0\0\0\0\0", 3200, MSG_DONTWAIT, NULL, NULL) = 32
24249 1784070724.871533 recvfrom(38, 0x7ff90aa020, 3200, MSG_DONTWAIT, NULL, NULL) = -1 EAGAIN (Try again)
24249 1784070724.871564 recvfrom(38, 0x7ff90a9f80, 3200, MSG_DONTWAIT, NULL, NULL) = -1 EAGAIN (Try again)
24271 1784070724.882877 recvfrom(42, 0x716ad86eb0, 3200, MSG_DONTWAIT, NULL, NULL) = -1 EAGAIN (Try again)
24271 1784070724.887067 recvfrom(42, "nysv\0\0\0\0\0\0\0\0\0\0\0\0\r@G\243\211\1\0\0U\210\1\0\0\0\0\0", 3200, MSG_DONTWAIT, NULL, NULL) = 32
24271 1784070724.887085 recvfrom(42, 0x716ad86c80, 3200, MSG_DONTWAIT, NULL, NULL) = -1 EAGAIN (Try again)
24249 1784070724.887111 recvfrom(38, "nysv\0\0\0\0\0\0\0\0\0\0\0\0\r@G\243\211\1\0\0U\210\1\0\0\0\0\0", 3200, MSG_DONTWAIT, NULL, NULL) = 32
24249 1784070724.887121 recvfrom(38, 0x7ff90aa020, 3200, MSG_DONTWAIT, NULL, NULL) = -1 EAGAIN (Try again)
24271 1784070724.898644 recvfrom(42, 0x716ad86eb0, 3200, MSG_DONTWAIT, NULL, NULL) = -1 EAGAIN (Try again)
24271 1784070724.904105 recvfrom(42, "nysv\0\0\0\0\0\0\0\0\0\0\0\0jnE\244\211\1\0\0V\210\1\0\0\0\0\0", 3200, MSG_DONTWAIT, NULL, NULL) = 32
24271 1784070724.904122 recvfrom(42, 0x716ad86c80, 3200, MSG_DONTWAIT, NULL, NULL) = -1 EAGAIN (Try again)
24271 1784070724.920268 recvfrom(42, "nysv\0\0\0\0\0\0\0\0\0\0\0\0>\10D\245\211\1\0\0W\210\1\0\0\0\0\0", 3200, MSG_DONTWAIT, NULL, NULL) = 32
24271 1784070724.920297 recvfrom(42, 0x716ad86eb0, 3200, MSG_DONTWAIT, NULL, NULL) = -1 EAGAIN (Try again)
24271 1784070724.937793 recvfrom(42, "nysv\0\0\0\0\0\0\0\0\0\0\0\0hXB\246\211\1\0\0X\210\1\0\0\0\0\0", 3200, MSG_DONTWAIT, NULL, NULL) = 32
24271 1784070724.937809 recvfrom(42, 0x716ad86eb0, 3200, MSG_DONTWAIT, NULL, NULL) = -1 EAGAIN (Try again)
24271 1784070724.953885 recvfrom(42, "nysv\0\0\0\0\0\0\0\0\0\0\0\0\262\277@\247\211\1\0\0Y\210\1\0\0\0\0\0", 3200, MSG_DONTWAIT, NULL, NULL) = 32
24271 1784070724.953911 recvfrom(42, 0x716ad86eb0, 3200, MSG_DONTWAIT, NULL, NULL) = -1 EAGAIN (Try again)
24271 1784070724.971607 recvfrom(42, "nysv\0\0\0\0\0\0\0\0\0\0\0\0\276\341>\250\211\1\0\0Z\210\1\0\0\0\0\0", 3200, MSG_DONTWAIT, NULL, NULL) = 32
24271 1784070724.971635 recvfrom(42, 0x716ad86eb0, 3200, MSG_DONTWAIT, NULL, NULL) = -1 EAGAIN (Try again)
24271 1784070724.987718 recvfrom(42, "nysv\0\0\0\0\0\0\0\0\0\0\0\0\234G=\251\211\1\0\0[\210\1\0\0\0\0\0", 3200, MSG_DONTWAIT, NULL, NULL) = 32
24271 1784070724.987744 recvfrom(42, 0x716ad86eb0, 3200, MSG_DONTWAIT, NULL, NULL) = -1 EAGAIN (Try again)
24271 1784070725.003262 recvfrom(42, "nysv\0\0\0\0\0\0\0\0\0\0\0\0007\322;\252\211\1\0\0\\\210\1\0\0\0\0\0", 3200, MSG_DONTWAIT, NULL, NULL) = 32
24271 1784070725.003288 recvfrom(42, 0x716ad86eb0, 3200, MSG_DONTWAIT, NULL, NULL) = -1 EAGAIN (Try again)
24271 1784070725.020325 recvfrom(42, "nysv\0\0\0\0\0\0\0\0\0\0\0\0\311I:\253\211\1\0\0]\210\1\0\0\0\0\0", 3200, MSG_DONTWAIT, NULL, NULL) = 32
24271 1784070725.020346 recvfrom(42, 0x716ad86eb0, 3200, MSG_DONTWAIT, NULL, NULL) = -1 EAGAIN (Try again)
24249 1784070725.031984 recvfrom(38, 0x7ff90a9d00, 3200, MSG_DONTWAIT, NULL, NULL) = -1 EAGAIN (Try again)
24249 1784070725.036553 recvfrom(38, "nysv\0\0\0\0\0\0\0\0\0\0\0\0>\2538\254\211\1\0\0^\210\1\0\0\0\0\0", 3200, MSG_DONTWAIT, NULL, NULL) = 32
24249 1784070725.036588 recvfrom(38, 0x7ff90aa020, 3200, MSG_DONTWAIT, NULL, NULL) = -1 EAGAIN (Try again)
24249 1784070725.036625 recvfrom(61, 0x7165c6d820, 2272, MSG_DONTWAIT, NULL, NULL) = -1 EAGAIN (Try again)
24271 1784070725.037432 recvfrom(42, "nysv\0\0\0\0\0\0\0\0\0\0\0\0>\2538\254\211\1\0\0^\210\1\0\0\0\0\0", 3200, MSG_DONTWAIT, NULL, NULL) = 32
24271 1784070725.037445 recvfrom(42, 0x716ad86c80, 3200, MSG_DONTWAIT, NULL, NULL) = -1 EAGAIN (Try again)
24644 1784070725.590321 sendmsg(71, {msg_name=NULL, msg_namelen=0, msg_iov=[{iov_base="l\1\1\1\344\0\0\0\241\2\0\0\235\0\0\0\1\1o\0;\0\0\0/re/frid"..., iov_len=404}], msg_iovlen=1, msg_controllen=0, msg_flags=0}, MSG_NOSIGNAL) = 404
24249 1784070725.590573 recvfrom(38, 0x7ff90a9de0, 3200, MSG_DONTWAIT, NULL, NULL) = -1 EAGAIN (Try again)
24249 1784070725.604012 recvfrom(38, "nysv\0\0\0\0\0\0\0\0\0\0\0\0\352>\375\315\211\1\0\0\200\210\1\0\0\0\0\0", 3200, MSG_DONTWAIT, NULL, NULL) = 32
24249 1784070725.604043 recvfrom(38, 0x7ff90aa020, 3200, MSG_DONTWAIT, NULL, NULL) = -1 EAGAIN (Try again)
24249 1784070725.604077 recvfrom(61, 0x7165c6d820, 2272, MSG_DONTWAIT, NULL, NULL) = -1 EAGAIN (Try again)
24249 1784070726.121564 recvfrom(38, 0x7ff90a9e30, 3200, MSG_DONTWAIT, NULL, NULL) = -1 EAGAIN (Try again)
24249 1784070726.136349 recvfrom(38, "nysv\0\0\0\0\0\0\0\0\0\0\0\0\202m\305\355\211\1\0\0\240\210\1\0\0\0\0\0", 3200, MSG_DONTWAIT, NULL, NULL) = 32
24249 1784070726.136515 recvfrom(38, 0x7ff90aa020, 3200, MSG_DONTWAIT, NULL, NULL) = -1 EAGAIN (Try again)
24249 1784070726.136646 recvfrom(63, 0x71fb447820, 2272, MSG_DONTWAIT, NULL, NULL) = -1 EAGAIN (Try again)
24249 1784070726.137123 recvfrom(38, 0x7ff90a9160, 3200, MSG_DONTWAIT, NULL, NULL) = -1 EAGAIN (Try again)
24249 1784070726.155172 recvfrom(38, "nysv\0\0\0\0\0\0\0\0\0\0\0\0\213\226\303\356\211\1\0\0\241\210\1\0\0\0\0\0", 3200, MSG_DONTWAIT, NULL, NULL) = 32
24249 1784070726.155234 recvfrom(38, 0x7ff90aa020, 3200, MSG_DONTWAIT, NULL, NULL) = -1 EAGAIN (Try again)
24249 1784070726.155296 recvfrom(63, 0x71fb447820, 2272, MSG_DONTWAIT, NULL, NULL) = -1 EAGAIN (Try again)
24249 1784070726.155431 recvfrom(38, 0x7ff90a9160, 3200, MSG_DONTWAIT, NULL, NULL) = -1 EAGAIN (Try again)
24249 1784070726.172762 recvfrom(38, "nysv\0\0\0\0\0\0\0\0\0\0\0\0Z3\302\357\211\1\0\0\242\210\1\0\0\0\0\0", 3200, MSG_DONTWAIT, NULL, NULL) = 32
24249 1784070726.172795 recvfrom(38, 0x7ff90aa020, 3200, MSG_DONTWAIT, NULL, NULL) = -1 EAGAIN (Try again)
24249 1784070726.172819 recvfrom(63, 0x71fb447820, 2272, MSG_DONTWAIT, NULL, NULL) = -1 EAGAIN (Try again)
24249 1784070726.173068 recvfrom(38, 0x7ff90a9160, 3200, MSG_DONTWAIT, NULL, NULL) = -1 EAGAIN (Try again)
24249 1784070726.189151 recvfrom(38, "nysv\0\0\0\0\0\0\0\0\0\0\0\0\204\203\300\360\211\1\0\0\243\210\1\0\0\0\0\0", 3200, MSG_DONTWAIT, NULL, NULL) = 32
24249 1784070726.189174 recvfrom(38, 0x7ff90aa020, 3200, MSG_DONTWAIT, NULL, NULL) = -1 EAGAIN (Try again)
24249 1784070726.189204 recvfrom(63, 0x71fb447820, 2272, MSG_DONTWAIT, NULL, NULL) = -1 EAGAIN (Try again)
24249 1784070726.189488 recvfrom(38, 0x7ff90a9160, 3200, MSG_DONTWAIT, NULL, NULL) = -1 EAGAIN (Try again)
24249 1784070726.203954 recvfrom(38, "nysv\0\0\0\0\0\0\0\0\0\0\0\0)\312\276\361\211\1\0\0\244\210\1\0\0\0\0\0", 3200, MSG_DONTWAIT, NULL, NULL) = 32
24249 1784070726.203982 recvfrom(38, 0x7ff90aa020, 3200, MSG_DONTWAIT, NULL, NULL) = -1 EAGAIN (Try again)
24249 1784070726.204274 recvfrom(63, 0x71fb447820, 2272, MSG_DONTWAIT, NULL, NULL) = -1 EAGAIN (Try again)
24249 1784070726.204410 recvfrom(38, 0x7ff90a9160, 3200, MSG_DONTWAIT, NULL, NULL) = -1 EAGAIN (Try again)
24249 1784070726.220891 recvfrom(38, "nysv\0\0\0\0\0\0\0\0\0\0\0\0S\32\275\362\211\1\0\0\245\210\1\0\0\0\0\0", 3200, MSG_DONTWAIT, NULL, NULL) = 32
24249 1784070726.220917 recvfrom(38, 0x7ff90aa020, 3200, MSG_DONTWAIT, NULL, NULL) = -1 EAGAIN (Try again)
24249 1784070726.221230 recvfrom(63, 0x71fb447820, 2272, MSG_DONTWAIT, NULL, NULL) = -1 EAGAIN (Try again)
24249 1784070726.221393 recvfrom(38, 0x7ff90a9160, 3200, MSG_DONTWAIT, NULL, NULL) = -1 EAGAIN (Try again)
24249 1784070726.237413 recvfrom(38, "nysv\0\0\0\0\0\0\0\0\0\0\0\0}j\273\363\211\1\0\0\246\210\1\0\0\0\0\0", 3200, MSG_DONTWAIT, NULL, NULL) = 32
24249 1784070726.237432 recvfrom(38, 0x7ff90aa020, 3200, MSG_DONTWAIT, NULL, NULL) = -1 EAGAIN (Try again)
24249 1784070726.237718 recvfrom(63, 0x71fb447820, 2272, MSG_DONTWAIT, NULL, NULL) = -1 EAGAIN (Try again)
24249 1784070726.237819 recvfrom(38, 0x7ff90a9160, 3200, MSG_DONTWAIT, NULL, NULL) = -1 EAGAIN (Try again)
24249 1784070726.254365 recvfrom(38, "nysv\0\0\0\0\0\0\0\0\0\0\0\0\247\272\271\364\211\1\0\0\247\210\1\0\0\0\0\0", 3200, MSG_DONTWAIT, NULL, NULL) = 32
24249 1784070726.254501 recvfrom(38, 0x7ff90aa020, 3200, MSG_DONTWAIT, NULL, NULL) = -1 EAGAIN (Try again)
24249 1784070726.254612 recvfrom(63, 0x71fb447820, 2272, MSG_DONTWAIT, NULL, NULL) = -1 EAGAIN (Try again)
24249 1784070726.254746 recvfrom(38, 0x7ff90a9160, 3200, MSG_DONTWAIT, NULL, NULL) = -1 EAGAIN (Try again)
24249 1784070726.270000 recvfrom(38, "nysv\0\0\0\0\0\0\0\0\0\0\0\0\314\325\267\365\211\1\0\0\250\210\1\0\0\0\0\0", 3200, MSG_DONTWAIT, NULL, NULL) = 32
24249 1784070726.270024 recvfrom(38, 0x7ff90aa020, 3200, MSG_DONTWAIT, NULL, NULL) = -1 EAGAIN (Try again)
24249 1784070726.270049 recvfrom(63, 0x71fb447820, 2272, MSG_DONTWAIT, NULL, NULL) = -1 EAGAIN (Try again)
24249 1784070726.270084 recvfrom(38, 0x7ff90a9160, 3200, MSG_DONTWAIT, NULL, NULL) = -1 EAGAIN (Try again)
24249 1784070726.286019 recvfrom(38, "nysv\0\0\0\0\0\0\0\0\0\0\0\0\257V\266\366\211\1\0\0\251\210\1\0\0\0\0\0", 3200, MSG_DONTWAIT, NULL, NULL) = 32
24249 1784070726.286036 recvfrom(38, 0x7ff90aa020, 3200, MSG_DONTWAIT, NULL, NULL) = -1 EAGAIN (Try again)
24249 1784070726.286064 recvfrom(63, 0x71fb447820, 2272, MSG_DONTWAIT, NULL, NULL) = -1 EAGAIN (Try again)
24249 1784070726.286102 recvfrom(38, 0x7ff90a9160, 3200, MSG_DONTWAIT, NULL, NULL) = -1 EAGAIN (Try again)
24249 1784070726.302350 recvfrom(38, "nysv\0\0\0\0\0\0\0\0\0\0\0\0h\351\264\367\211\1\0\0\252\210\1\0\0\0\0\0", 3200, MSG_DONTWAIT, NULL, NULL) = 32
24249 1784070726.302370 recvfrom(38, 0x7ff90aa020, 3200, MSG_DONTWAIT, NULL, NULL) = -1 EAGAIN (Try again)
24249 1784070726.302391 recvfrom(63, 0x71fb447820, 2272, MSG_DONTWAIT, NULL, NULL) = -1 EAGAIN (Try again)
24249 1784070726.302534 recvfrom(38, 0x7ff90a9160, 3200, MSG_DONTWAIT, NULL, NULL) = -1 EAGAIN (Try again)
24249 1784070726.319449 recvfrom(38, "nysv\0\0\0\0\0\0\0\0\0\0\0\0[`\263\370\211\1\0\0\253\210\1\0\0\0\0\0", 3200, MSG_DONTWAIT, NULL, NULL) = 32
24249 1784070726.319465 recvfrom(38, 0x7ff90aa020, 3200, MSG_DONTWAIT, NULL, NULL) = -1 EAGAIN (Try again)
24249 1784070726.319490 recvfrom(63, 0x71fb447820, 2272, MSG_DONTWAIT, NULL, NULL) = -1 EAGAIN (Try again)
24249 1784070726.319517 recvfrom(38, 0x7ff90a9160, 3200, MSG_DONTWAIT, NULL, NULL) = -1 EAGAIN (Try again)
24249 1784070726.336310 recvfrom(38, "nysv\0\0\0\0\0\0\0\0\0\0\0\0\240\317\261\371\211\1\0\0\254\210\1\0\0\0\0\0", 3200, MSG_DONTWAIT, NULL, NULL) = 32
24249 1784070726.336347 recvfrom(38, 0x7ff90aa020, 3200, MSG_DONTWAIT, NULL, NULL) = -1 EAGAIN (Try again)
24249 1784070726.336489 recvfrom(63, 0x71fb447820, 2272, MSG_DONTWAIT, NULL, NULL) = -1 EAGAIN (Try again)
24249 1784070726.336681 recvfrom(38, 0x7ff90a9160, 3200, MSG_DONTWAIT, NULL, NULL) = -1 EAGAIN (Try again)
24249 1784070726.353026 recvfrom(38, "nysv\0\0\0\0\0\0\0\0\0\0\0\0\312\37\260\372\211\1\0\0\255\210\1\0\0\0\0\0", 3200, MSG_DONTWAIT, NULL, NULL) = 32
24249 1784070726.353051 recvfrom(38, 0x7ff90aa020, 3200, MSG_DONTWAIT, NULL, NULL) = -1 EAGAIN (Try again)
24249 1784070726.353080 recvfrom(63, 0x71fb447820, 2272, MSG_DONTWAIT, NULL, NULL) = -1 EAGAIN (Try again)
24249 1784070726.353190 recvfrom(38, 0x7ff90a9160, 3200, MSG_DONTWAIT, NULL, NULL) = -1 EAGAIN (Try again)
24249 1784070726.369549 recvfrom(38, "nysv\0\0\0\0\0\0\0\0\0\0\0\0\206\223\256\373\211\1\0\0\256\210\1\0\0\0\0\0", 3200, MSG_DONTWAIT, NULL, NULL) = 32
24249 1784070726.369580 recvfrom(38, 0x7ff90aa020, 3200, MSG_DONTWAIT, NULL, NULL) = -1 EAGAIN (Try again)
24249 1784070726.369811 recvfrom(63, 0x71fb447820, 2272, MSG_DONTWAIT, NULL, NULL) = -1 EAGAIN (Try again)
24249 1784070726.369846 recvfrom(38, 0x7ff90a9160, 3200, MSG_DONTWAIT, NULL, NULL) = -1 EAGAIN (Try again)
24249 1784070726.385724 recvfrom(38, "nysv\0\0\0\0\0\0\0\0\0\0\0\0\300\346\254\374\211\1\0\0\257\210\1\0\0\0\0\0", 3200, MSG_DONTWAIT, NULL, NULL) = 32
24249 1784070726.385740 recvfrom(38, 0x7ff90aa020, 3200, MSG_DONTWAIT, NULL, NULL) = -1 EAGAIN (Try again)
24249 1784070726.385764 recvfrom(63, 0x71fb447820, 2272, MSG_DONTWAIT, NULL, NULL) = -1 EAGAIN (Try again)
24249 1784070726.385791 recvfrom(38, 0x7ff90a9160, 3200, MSG_DONTWAIT, NULL, NULL) = -1 EAGAIN (Try again)
24249 1784070726.402228 recvfrom(38, "nysv\0\0\0\0\0\0\0\0\0\0\0\0\0\201\253\375\211\1\0\0\260\210\1\0\0\0\0\0", 3200, MSG_DONTWAIT, NULL, NULL) = 32
24249 1784070726.402252 recvfrom(38, 0x7ff90aa020, 3200, MSG_DONTWAIT, NULL, NULL) = -1 EAGAIN (Try again)
24249 1784070726.402498 recvfrom(63, 0x71fb447820, 2272, MSG_DONTWAIT, NULL, NULL) = -1 EAGAIN (Try again)
24644 1784070726.553679 sendmsg(71, {msg_name=NULL, msg_namelen=0, msg_iov=[{iov_base="l\1\1\1\344\0\0\0\242\2\0\0\235\0\0\0\1\1o\0;\0\0\0/re/frid"..., iov_len=404}], msg_iovlen=1, msg_controllen=0, msg_flags=0}, MSG_NOSIGNAL) = 404
24249 1784070726.553920 recvfrom(38, 0x7ff90a9de0, 3200, MSG_DONTWAIT, NULL, NULL) = -1 EAGAIN (Try again)
24249 1784070726.573173 recvfrom(38, "nysv\0\0\0\0\0\0\0\0\0\0\0\0\225^\232\7\212\1\0\0\272\210\1\0\0\0\0\0", 3200, MSG_DONTWAIT, NULL, NULL) = 32
24249 1784070726.573204 recvfrom(38, 0x7ff90aa020, 3200, MSG_DONTWAIT, NULL, NULL) = -1 EAGAIN (Try again)
24249 1784070726.573238 recvfrom(61, 0x7165c6d820, 2272, MSG_DONTWAIT, NULL, NULL) = -1 EAGAIN (Try again)
24644 1784070727.596042 sendmsg(71, {msg_name=NULL, msg_namelen=0, msg_iov=[{iov_base="l\1\1\1\344\0\0\0\243\2\0\0\235\0\0\0\1\1o\0;\0\0\0/re/frid"..., iov_len=404}], msg_iovlen=1, msg_controllen=0, msg_flags=0}, MSG_NOSIGNAL) = 404
24249 1784070727.596836 recvfrom(38, 0x7ff90a9de0, 3200, MSG_DONTWAIT, NULL, NULL) = -1 EAGAIN (Try again)
24249 1784070727.602740 recvfrom(38, "nysv\0\0\0\0\0\0\0\0\0\0\0\0\362\0351E\212\1\0\0\367\210\1\0\0\0\0\0", 3200, MSG_DONTWAIT, NULL, NULL) = 32
24249 1784070727.602830 recvfrom(38, 0x7ff90aa020, 3200, MSG_DONTWAIT, NULL, NULL) = -1 EAGAIN (Try again)
24249 1784070727.602926 recvfrom(61, 0x7165c6d820, 2272, MSG_DONTWAIT, NULL, NULL) = -1 EAGAIN (Try again)
24644 1784070728.557852 sendmsg(71, {msg_name=NULL, msg_namelen=0, msg_iov=[{iov_base="l\1\1\1\344\0\0\0\244\2\0\0\235\0\0\0\1\1o\0;\0\0\0/re/frid"..., iov_len=404}], msg_iovlen=1, msg_controllen=0, msg_flags=0}, MSG_NOSIGNAL) = 404
24249 1784070728.558383 recvfrom(38, 0x7ff90a9de0, 3200, MSG_DONTWAIT, NULL, NULL) = -1 EAGAIN (Try again)
24249 1784070728.569547 recvfrom(38, "nysv\0\0\0\0\0\0\0\0\0\0\0\0\35a\317~\212\1\0\0000\211\1\0\0\0\0\0", 3200, MSG_DONTWAIT, NULL, NULL) = 32
24249 1784070728.569646 recvfrom(38, 0x7ff90aa020, 3200, MSG_DONTWAIT, NULL, NULL) = -1 EAGAIN (Try again)
24249 1784070728.569820 recvfrom(61, 0x7165c6d820, 2272, MSG_DONTWAIT, NULL, NULL) = -1 EAGAIN (Try again)
24644 1784070729.605684 sendmsg(71, {msg_name=NULL, msg_namelen=0, msg_iov=[{iov_base="l\1\1\1\344\0\0\0\245\2\0\0\235\0\0\0\1\1o\0;\0\0\0/re/frid"..., iov_len=404}], msg_iovlen=1, msg_controllen=0, msg_flags=0}, MSG_NOSIGNAL) = 404
24249 1784070729.606120 recvfrom(38, 0x7ff90a9de0, 3200, MSG_DONTWAIT, NULL, NULL) = -1 EAGAIN (Try again)
24249 1784070729.625105 recvfrom(38, "nysv\0\0\0\0\0\0\0\0\0\0\0\0\253\270d\275\212\1\0\0n\211\1\0\0\0\0\0", 3200, MSG_DONTWAIT, NULL, NULL) = 32
24249 1784070729.625188 recvfrom(38, 0x7ff90aa020, 3200, MSG_DONTWAIT, NULL, NULL) = -1 EAGAIN (Try again)
24249 1784070729.625279 recvfrom(61, 0x7165c6d820, 2272, MSG_DONTWAIT, NULL, NULL) = -1 EAGAIN (Try again)
24644 1784070730.561372 sendmsg(71, {msg_name=NULL, msg_namelen=0, msg_iov=[{iov_base="l\1\1\1\344\0\0\0\246\2\0\0\235\0\0\0\1\1o\0;\0\0\0/re/frid"..., iov_len=404}], msg_iovlen=1, msg_controllen=0, msg_flags=0}, MSG_NOSIGNAL) = 404
24249 1784070730.561717 recvfrom(38, 0x7ff90a9de0, 3200, MSG_DONTWAIT, NULL, NULL) = -1 EAGAIN (Try again)
24249 1784070730.569736 recvfrom(38, "nysv\0\0\0\0\0\0\0\0\0\0\0\0\373\320\4\366\212\1\0\0\246\211\1\0\0\0\0\0", 3200, MSG_DONTWAIT, NULL, NULL) = 32
24249 1784070730.569769 recvfrom(38, 0x7ff90aa020, 3200, MSG_DONTWAIT, NULL, NULL) = -1 EAGAIN (Try again)
24249 1784070730.569808 recvfrom(61, 0x7165c6d820, 2272, MSG_DONTWAIT, NULL, NULL) = -1 EAGAIN (Try again)
24644 1784070731.608590 sendmsg(71, {msg_name=NULL, msg_namelen=0, msg_iov=[{iov_base="l\1\1\1\344\0\0\0\247\2\0\0\235\0\0\0\1\1o\0;\0\0\0/re/frid"..., iov_len=404}], msg_iovlen=1, msg_controllen=0, msg_flags=0}, MSG_NOSIGNAL) = 404
24249 1784070731.609124 recvfrom(38, 0x7ff90a9de0, 3200, MSG_DONTWAIT, NULL, NULL) = -1 EAGAIN (Try again)
24249 1784070731.623792 recvfrom(38, "nysv\0\0\0\0\0\0\0\0\0\0\0\0[L\2324\213\1\0\0\343\211\1\0\0\0\0\0", 3200, MSG_DONTWAIT, NULL, NULL) = 32
24249 1784070731.624139 recvfrom(38, 0x7ff90aa020, 3200, MSG_DONTWAIT, NULL, NULL) = -1 EAGAIN (Try again)
24249 1784070731.624261 recvfrom(61, 0x7165c6d820, 2272, MSG_DONTWAIT, NULL, NULL) = -1 EAGAIN (Try again)
24644 1784070732.564696 sendmsg(71, {msg_name=NULL, msg_namelen=0, msg_iov=[{iov_base="l\1\1\1\344\0\0\0\250\2\0\0\235\0\0\0\1\1o\0;\0\0\0/re/frid"..., iov_len=404}], msg_iovlen=1, msg_controllen=0, msg_flags=0}, MSG_NOSIGNAL) = 404
24249 1784070732.565280 recvfrom(38, 0x7ff90a9de0, 3200, MSG_DONTWAIT, NULL, NULL) = -1 EAGAIN (Try again)
24249 1784070732.568973 recvfrom(38, "nysv\0\0\0\0\0\0\0\0\0\0\0\0=s:m\213\1\0\0\34\212\1\0\0\0\0\0", 3200, MSG_DONTWAIT, NULL, NULL) = 32
24249 1784070732.569049 recvfrom(38, 0x7ff90aa020, 3200, MSG_DONTWAIT, NULL, NULL) = -1 EAGAIN (Try again)
24249 1784070732.569152 recvfrom(61, 0x7165c6d820, 2272, MSG_DONTWAIT, NULL, NULL) = -1 EAGAIN (Try again)
24644 1784070733.616158 sendmsg(71, {msg_name=NULL, msg_namelen=0, msg_iov=[{iov_base="l\1\1\1\344\0\0\0\251\2\0\0\235\0\0\0\1\1o\0;\0\0\0/re/frid"..., iov_len=404}], msg_iovlen=1, msg_controllen=0, msg_flags=0}, MSG_NOSIGNAL) = 404
24249 1784070733.616940 recvfrom(38, 0x7ff90a9de0, 3200, MSG_DONTWAIT, NULL, NULL) = -1 EAGAIN (Try again)
24249 1784070733.618945 recvfrom(38, "nysv\0\0\0\0\0\0\0\0\0\0\0\0\354\213\320\253\213\1\0\0[\212\1\0\0\0\0\0", 3200, MSG_DONTWAIT, NULL, NULL) = 32
24249 1784070733.618993 recvfrom(38, 0x7ff90aa020, 3200, MSG_DONTWAIT, NULL, NULL) = -1 EAGAIN (Try again)
24249 1784070733.619170 recvfrom(61, 0x7165c6d820, 2272, MSG_DONTWAIT, NULL, NULL) = -1 EAGAIN (Try again)
24644 1784070734.571156 sendmsg(71, {msg_name=NULL, msg_namelen=0, msg_iov=[{iov_base="l\1\1\1\344\0\0\0\252\2\0\0\235\0\0\0\1\1o\0;\0\0\0/re/frid"..., iov_len=404}], msg_iovlen=1, msg_controllen=0, msg_flags=0}, MSG_NOSIGNAL) = 404
24249 1784070734.571706 recvfrom(38, 0x7ff90a9de0, 3200, MSG_DONTWAIT, NULL, NULL) = -1 EAGAIN (Try again)
24249 1784070734.585534 recvfrom(38, "nysv\0\0\0\0\0\0\0\0\0\0\0\0004rn\345\213\1\0\0\224\212\1\0\0\0\0\0", 3200, MSG_DONTWAIT, NULL, NULL) = 32
24249 1784070734.585693 recvfrom(38, 0x7ff90aa020, 3200, MSG_DONTWAIT, NULL, NULL) = -1 EAGAIN (Try again)
24249 1784070734.585769 recvfrom(61, 0x7165c6d820, 2272, MSG_DONTWAIT, NULL, NULL) = -1 EAGAIN (Try again)
24644 1784070735.619201 sendmsg(71, {msg_name=NULL, msg_namelen=0, msg_iov=[{iov_base="l\1\1\1\344\0\0\0\253\2\0\0\235\0\0\0\1\1o\0;\0\0\0/re/frid"..., iov_len=404}], msg_iovlen=1, msg_controllen=0, msg_flags=0}, MSG_NOSIGNAL) = 404
24249 1784070735.619435 recvfrom(38, 0x7ff90a9de0, 3200, MSG_DONTWAIT, NULL, NULL) = -1 EAGAIN (Try again)
24249 1784070735.642838 recvfrom(38, "nysv\0\0\0\0\0\0\0\0\0\0\0\0\345\303\3$\214\1\0\0\322\212\1\0\0\0\0\0", 3200, MSG_DONTWAIT, NULL, NULL) = 32
24249 1784070735.642934 recvfrom(38, 0x7ff90aa020, 3200, MSG_DONTWAIT, NULL, NULL) = -1 EAGAIN (Try again)
24249 1784070735.643037 recvfrom(61, 0x7165c6d820, 2272, MSG_DONTWAIT, NULL, NULL) = -1 EAGAIN (Try again)
24644 1784070736.574912 sendmsg(71, {msg_name=NULL, msg_namelen=0, msg_iov=[{iov_base="l\1\1\1\344\0\0\0\254\2\0\0\235\0\0\0\1\1o\0;\0\0\0/re/frid"..., iov_len=404}], msg_iovlen=1, msg_controllen=0, msg_flags=0}, MSG_NOSIGNAL) = 404
24249 1784070736.575708 recvfrom(38, 0x7ff90a9de0, 3200, MSG_DONTWAIT, NULL, NULL) = -1 EAGAIN (Try again)
24249 1784070736.586855 recvfrom(38, "nysv\0\0\0\0\0\0\0\0\0\0\0\0?\235\243\\\214\1\0\0\n\213\1\0\0\0\0\0", 3200, MSG_DONTWAIT, NULL, NULL) = 32
24249 1784070736.586946 recvfrom(38, 0x7ff90aa020, 3200, MSG_DONTWAIT, NULL, NULL) = -1 EAGAIN (Try again)
24249 1784070736.587162 recvfrom(61, 0x7165c6d820, 2272, MSG_DONTWAIT, NULL, NULL) = -1 EAGAIN (Try again)
24644 1784070737.621495 sendmsg(71, {msg_name=NULL, msg_namelen=0, msg_iov=[{iov_base="l\1\1\1\344\0\0\0\255\2\0\0\235\0\0\0\1\1o\0;\0\0\0/re/frid"..., iov_len=404}], msg_iovlen=1, msg_controllen=0, msg_flags=0}, MSG_NOSIGNAL) = 404
24249 1784070737.622922 recvfrom(38, 0x7ff90a9de0, 3200, MSG_DONTWAIT, NULL, NULL) = -1 EAGAIN (Try again)
24249 1784070737.636048 recvfrom(38, "nysv\0\0\0\0\0\0\0\0\0\0\0\0_):\233\214\1\0\0I\213\1\0\0\0\0\0", 3200, MSG_DONTWAIT, NULL, NULL) = 32
24249 1784070737.636122 recvfrom(38, 0x7ff90aa020, 3200, MSG_DONTWAIT, NULL, NULL) = -1 EAGAIN (Try again)
24249 1784070737.636187 recvfrom(61, 0x7165c6d820, 2272, MSG_DONTWAIT, NULL, NULL) = -1 EAGAIN (Try again)
24644 1784070738.581768 sendmsg(71, {msg_name=NULL, msg_namelen=0, msg_iov=[{iov_base="l\1\1\1\344\0\0\0\256\2\0\0\235\0\0\0\1\1o\0;\0\0\0/re/frid"..., iov_len=404}], msg_iovlen=1, msg_controllen=0, msg_flags=0}, MSG_NOSIGNAL) = 404
24249 1784070738.582550 recvfrom(38, 0x7ff90a9de0, 3200, MSG_DONTWAIT, NULL, NULL) = -1 EAGAIN (Try again)
24249 1784070738.585946 recvfrom(38, "nysv\0\0\0\0\0\0\0\0\0\0\0\0te\331\323\214\1\0\0\200\213\1\0\0\0\0\0", 3200, MSG_DONTWAIT, NULL, NULL) = 32
24249 1784070738.586013 recvfrom(38, 0x7ff90aa020, 3200, MSG_DONTWAIT, NULL, NULL) = -1 EAGAIN (Try again)
24249 1784070738.586071 recvfrom(61, 0x7165c6d820, 2272, MSG_DONTWAIT, NULL, NULL) = -1 EAGAIN (Try again)
24644 1784070739.626812 sendmsg(71, {msg_name=NULL, msg_namelen=0, msg_iov=[{iov_base="l\1\1\1\344\0\0\0\257\2\0\0\235\0\0\0\1\1o\0;\0\0\0/re/frid"..., iov_len=404}], msg_iovlen=1, msg_controllen=0, msg_flags=0}, MSG_NOSIGNAL) = 404
24249 1784070739.627237 recvfrom(38, 0x7ff90a9de0, 3200, MSG_DONTWAIT, NULL, NULL) = -1 EAGAIN (Try again)
24249 1784070739.636144 recvfrom(38, "nysv\0\0\0\0\0\0\0\0\0\0\0\0\3eo\22\215\1\0\0\277\213\1\0\0\0\0\0", 3200, MSG_DONTWAIT, NULL, NULL) = 32
24249 1784070739.636219 recvfrom(38, 0x7ff90aa020, 3200, MSG_DONTWAIT, NULL, NULL) = -1 EAGAIN (Try again)
24249 1784070739.636383 recvfrom(61, 0x7165c6d820, 2272, MSG_DONTWAIT, NULL, NULL) = -1 EAGAIN (Try again)
24644 1784070740.587406 sendmsg(71, {msg_name=NULL, msg_namelen=0, msg_iov=[{iov_base="l\1\1\1\344\0\0\0\260\2\0\0\235\0\0\0\1\1o\0;\0\0\0/re/frid"..., iov_len=404}], msg_iovlen=1, msg_controllen=0, msg_flags=0}, MSG_NOSIGNAL) = 404
24249 1784070740.587647 recvfrom(38, 0x7ff90a9de0, 3200, MSG_DONTWAIT, NULL, NULL) = -1 EAGAIN (Try again)
24249 1784070740.606216 recvfrom(38, "nysv\0\0\0\0\0\0\0\0\0\0\0\0\311\24\rL\215\1\0\0\371\213\1\0\0\0\0\0", 3200, MSG_DONTWAIT, NULL, NULL) = 32
24249 1784070740.606260 recvfrom(38, 0x7ff90aa020, 3200, MSG_DONTWAIT, NULL, NULL) = -1 EAGAIN (Try again)
24249 1784070740.606385 recvfrom(61, 0x7165c6d820, 2272, MSG_DONTWAIT, NULL, NULL) = -1 EAGAIN (Try again)
24644 1784070741.629184 sendmsg(71, {msg_name=NULL, msg_namelen=0, msg_iov=[{iov_base="l\1\1\1\344\0\0\0\261\2\0\0\235\0\0\0\1\1o\0;\0\0\0/re/frid"..., iov_len=404}], msg_iovlen=1, msg_controllen=0, msg_flags=0}, MSG_NOSIGNAL) = 404
24249 1784070741.629625 recvfrom(38, 0x7ff90a9de0, 3200, MSG_DONTWAIT, NULL, NULL) = -1 EAGAIN (Try again)
24249 1784070741.638017 recvfrom(38, "nysv\0\0\0\0\0\0\0\0\0\0\0\0\365~\244\211\215\1\0\0007\214\1\0\0\0\0\0", 3200, MSG_DONTWAIT, NULL, NULL) = 32
24249 1784070741.638095 recvfrom(38, 0x7ff90aa020, 3200, MSG_DONTWAIT, NULL, NULL) = -1 EAGAIN (Try again)
24249 1784070741.638267 recvfrom(61, 0x7165c6d820, 2272, MSG_DONTWAIT, NULL, NULL) = -1 EAGAIN (Try again)
24644 1784070742.593783 sendmsg(71, {msg_name=NULL, msg_namelen=0, msg_iov=[{iov_base="l\1\1\1\344\0\0\0\262\2\0\0\235\0\0\0\1\1o\0;\0\0\0/re/frid"..., iov_len=404}], msg_iovlen=1, msg_controllen=0, msg_flags=0}, MSG_NOSIGNAL) = 404
24249 1784070742.594321 recvfrom(38, 0x7ff90a9de0, 3200, MSG_DONTWAIT, NULL, NULL) = -1 EAGAIN (Try again)
24249 1784070742.604417 recvfrom(38, "nysv\0\0\0\0\0\0\0\0\0\0\0\0y\250B\303\215\1\0\0q\214\1\0\0\0\0\0", 3200, MSG_DONTWAIT, NULL, NULL) = 32
24249 1784070742.604501 recvfrom(38, 0x7ff90aa020, 3200, MSG_DONTWAIT, NULL, NULL) = -1 EAGAIN (Try again)
24249 1784070742.604596 recvfrom(61, 0x7165c6d820, 2272, MSG_DONTWAIT, NULL, NULL) = -1 EAGAIN (Try again)
24644 1784070743.632515 sendmsg(71, {msg_name=NULL, msg_namelen=0, msg_iov=[{iov_base="l\1\1\1\344\0\0\0\263\2\0\0\235\0\0\0\1\1o\0;\0\0\0/re/frid"..., iov_len=404}], msg_iovlen=1, msg_controllen=0, msg_flags=0}, MSG_NOSIGNAL) = 404
24249 1784070743.632748 recvfrom(38, 0x7ff90a9de0, 3200, MSG_DONTWAIT, NULL, NULL) = -1 EAGAIN (Try again)
24249 1784070743.636131 recvfrom(38, "nysv\0\0\0\0\0\0\0\0\0\0\0\0\225\276\332\0\216\1\0\0\257\214\1\0\0\0\0\0", 3200, MSG_DONTWAIT, NULL, NULL) = 32
24249 1784070743.636154 recvfrom(38, 0x7ff90aa020, 3200, MSG_DONTWAIT, NULL, NULL) = -1 EAGAIN (Try again)
24249 1784070743.636224 recvfrom(61, 0x7165c6d820, 2272, MSG_DONTWAIT, NULL, NULL) = -1 EAGAIN (Try again)
24249 1784070743.665462 recvfrom(63, "\2\0\0\0\0\0\0\0\353\10\0\0\0\0\0\0\0`\220\2\216\1\0\0\1\0\0\0\2\20\0\0"..., 2272, MSG_DONTWAIT, NULL, NULL) = 232
24249 1784070743.665558 sendto(63, "\3\0\0\0\0\0\0\0\353\10\0\0\1\0\0\0", 16, MSG_DONTWAIT|MSG_NOSIGNAL, NULL, 0) = 16
24249 1784070743.665584 recvfrom(63, 0x71fb447820, 2272, MSG_DONTWAIT, NULL, NULL) = -1 EAGAIN (Try again)
24249 1784070743.665823 recvfrom(63, "\2\0\0\0\0\0\0\0\355\10\0\0\0\0\0\0\0`\220\2\216\1\0\0\1\0\0\0\2\20\0\0"..., 2272, MSG_DONTWAIT, NULL, NULL) = 232
24249 1784070743.665905 sendto(63, "\3\0\0\0\0\0\0\0\355\10\0\0\1\0\0\0", 16, MSG_DONTWAIT|MSG_NOSIGNAL, NULL, 0) = 16
24249 1784070743.665928 recvfrom(63, 0x71fb447820, 2272, MSG_DONTWAIT, NULL, NULL) = -1 EAGAIN (Try again)
24249 1784070743.666295 recvfrom(38, 0x7ff90a9440, 3200, MSG_DONTWAIT, NULL, NULL) = -1 EAGAIN (Try again)
24249 1784070743.669022 recvfrom(38, "nysv\0\0\0\0\0\0\0\0\0\0\0\0\230\345\327\2\216\1\0\0\261\214\1\0\0\0\0\0", 3200, MSG_DONTWAIT, NULL, NULL) = 32
24249 1784070743.669039 recvfrom(38, 0x7ff90aa020, 3200, MSG_DONTWAIT, NULL, NULL) = -1 EAGAIN (Try again)
24249 1784070743.674376 recvfrom(61, 0x7165c6d820, 2272, MSG_DONTWAIT, NULL, NULL) = -1 EAGAIN (Try again)
24644 1784070744.597339 sendmsg(71, {msg_name=NULL, msg_namelen=0, msg_iov=[{iov_base="l\1\1\1\344\0\0\0\264\2\0\0\235\0\0\0\1\1o\0;\0\0\0/re/frid"..., iov_len=404}], msg_iovlen=1, msg_controllen=0, msg_flags=0}, MSG_NOSIGNAL) = 404
24249 1784070744.597558 recvfrom(38, 0x7ff90a9de0, 3200, MSG_DONTWAIT, NULL, NULL) = -1 EAGAIN (Try again)
24249 1784070744.602076 recvfrom(38, "nysv\0\0\0\0\0\0\0\0\0\0\0\0001 z:\216\1\0\0\351\214\1\0\0\0\0\0", 3200, MSG_DONTWAIT, NULL, NULL) = 32
24249 1784070744.602102 recvfrom(38, 0x7ff90aa020, 3200, MSG_DONTWAIT, NULL, NULL) = -1 EAGAIN (Try again)
24249 1784070744.602128 recvfrom(61, 0x7165c6d820, 2272, MSG_DONTWAIT, NULL, NULL) = -1 EAGAIN (Try again)
24644 1784070745.633588 sendmsg(71, {msg_name=NULL, msg_namelen=0, msg_iov=[{iov_base="l\1\1\1\344\0\0\0\265\2\0\0\235\0\0\0\1\1o\0;\0\0\0/re/frid"..., iov_len=404}], msg_iovlen=1, msg_controllen=0, msg_flags=0}, MSG_NOSIGNAL) = 404
24249 1784070745.633921 recvfrom(38, 0x7ff90a9de0, 3200, MSG_DONTWAIT, NULL, NULL) = -1 EAGAIN (Try again)
24249 1784070745.635480 recvfrom(38, "nysv\0\0\0\0\0\0\0\0\0\0\0\0\353\367\17x\216\1\0\0'\215\1\0\0\0\0\0", 3200, MSG_DONTWAIT, NULL, NULL) = 32
24249 1784070745.635526 recvfrom(38, 0x7ff90aa020, 3200, MSG_DONTWAIT, NULL, NULL) = -1 EAGAIN (Try again)
24249 1784070745.635587 recvfrom(61, 0x7165c6d820, 2272, MSG_DONTWAIT, NULL, NULL) = -1 EAGAIN (Try again)
24644 1784070746.600676 sendmsg(71, {msg_name=NULL, msg_namelen=0, msg_iov=[{iov_base="l\1\1\1\344\0\0\0\266\2\0\0\235\0\0\0\1\1o\0;\0\0\0/re/frid"..., iov_len=404}], msg_iovlen=1, msg_controllen=0, msg_flags=0}, MSG_NOSIGNAL) = 404
24249 1784070746.601766 recvfrom(38, 0x7ff90a9de0, 3200, MSG_DONTWAIT, NULL, NULL) = -1 EAGAIN (Try again)
24249 1784070746.603314 recvfrom(38, "nysv\0\0\0\0\0\0\0\0\0\0\0\09\23\256\261\216\1\0\0a\215\1\0\0\0\0\0", 3200, MSG_DONTWAIT, NULL, NULL) = 32
24249 1784070746.603408 recvfrom(38, 0x7ff90aa020, 3200, MSG_DONTWAIT, NULL, NULL) = -1 EAGAIN (Try again)
24249 1784070746.603471 recvfrom(61, 0x7165c6d820, 2272, MSG_DONTWAIT, NULL, NULL) = -1 EAGAIN (Try again)
24644 1784070747.637840 sendmsg(71, {msg_name=NULL, msg_namelen=0, msg_iov=[{iov_base="l\1\1\1\344\0\0\0\267\2\0\0\235\0\0\0\1\1o\0;\0\0\0/re/frid"..., iov_len=404}], msg_iovlen=1, msg_controllen=0, msg_flags=0}, MSG_NOSIGNAL) = 404
24249 1784070747.638680 recvfrom(38, 0x7ff90a9de0, 3200, MSG_DONTWAIT, NULL, NULL) = -1 EAGAIN (Try again)
24249 1784070747.652492 recvfrom(38, "nysv\0\0\0\0\0\0\0\0\0\0\0\0\220\7D\360\216\1\0\0\240\215\1\0\0\0\0\0", 3200, MSG_DONTWAIT, NULL, NULL) = 32
24249 1784070747.652600 recvfrom(38, 0x7ff90aa020, 3200, MSG_DONTWAIT, NULL, NULL) = -1 EAGAIN (Try again)
24249 1784070747.652716 recvfrom(61, 0x7165c6d820, 2272, MSG_DONTWAIT, NULL, NULL) = -1 EAGAIN (Try again)
24644 1784070748.608938 sendmsg(71, {msg_name=NULL, msg_namelen=0, msg_iov=[{iov_base="l\1\1\1\344\0\0\0\270\2\0\0\235\0\0\0\1\1o\0;\0\0\0/re/frid"..., iov_len=404}], msg_iovlen=1, msg_controllen=0, msg_flags=0}, MSG_NOSIGNAL) = 404
24249 1784070748.610096 recvfrom(38, 0x7ff90a9de0, 3200, MSG_DONTWAIT, NULL, NULL) = -1 EAGAIN (Try again)
24249 1784070748.623116 recvfrom(38, "nysv\0\0\0\0\0\0\0\0\0\0\0\0\263\263\341)\217\1\0\0\332\215\1\0\0\0\0\0", 3200, MSG_DONTWAIT, NULL, NULL) = 32
24249 1784070748.623636 recvfrom(38, 0x7ff90aa020, 3200, MSG_DONTWAIT, NULL, NULL) = -1 EAGAIN (Try again)
24249 1784070748.623759 recvfrom(61, 0x7165c6d820, 2272, MSG_DONTWAIT, NULL, NULL) = -1 EAGAIN (Try again)
24644 1784070749.644406 sendmsg(71, {msg_name=NULL, msg_namelen=0, msg_iov=[{iov_base="l\1\1\1\344\0\0\0\271\2\0\0\235\0\0\0\1\1o\0;\0\0\0/re/frid"..., iov_len=404}], msg_iovlen=1, msg_controllen=0, msg_flags=0}, MSG_NOSIGNAL) = 404
24249 1784070749.645277 recvfrom(38, 0x7ff90a9de0, 3200, MSG_DONTWAIT, NULL, NULL) = -1 EAGAIN (Try again)
24249 1784070749.653307 recvfrom(38, "nysv\0\0\0\0\0\0\0\0\0\0\0\0\307oyg\217\1\0\0\30\216\1\0\0\0\0\0", 3200, MSG_DONTWAIT, NULL, NULL) = 32
24249 1784070749.653438 recvfrom(38, 0x7ff90aa020, 3200, MSG_DONTWAIT, NULL, NULL) = -1 EAGAIN (Try again)
24249 1784070749.653535 recvfrom(61, 0x7165c6d820, 2272, MSG_DONTWAIT, NULL, NULL) = -1 EAGAIN (Try again)
24644 1784070750.613977 sendmsg(71, {msg_name=NULL, msg_namelen=0, msg_iov=[{iov_base="l\1\1\1\344\0\0\0\272\2\0\0\235\0\0\0\1\1o\0;\0\0\0/re/frid"..., iov_len=404}], msg_iovlen=1, msg_controllen=0, msg_flags=0}, MSG_NOSIGNAL) = 404
24249 1784070750.614343 recvfrom(38, 0x7ff90a9de0, 3200, MSG_DONTWAIT, NULL, NULL) = -1 EAGAIN (Try again)
24249 1784070750.619741 recvfrom(38, "nysv\0\0\0\0\0\0\0\0\0\0\0\0\31e\27\241\217\1\0\0R\216\1\0\0\0\0\0", 3200, MSG_DONTWAIT, NULL, NULL) = 32
24249 1784070750.619784 recvfrom(38, 0x7ff90aa020, 3200, MSG_DONTWAIT, NULL, NULL) = -1 EAGAIN (Try again)
24249 1784070750.619828 recvfrom(61, 0x7165c6d820, 2272, MSG_DONTWAIT, NULL, NULL) = -1 EAGAIN (Try again)
24644 1784070751.650901 sendmsg(71, {msg_name=NULL, msg_namelen=0, msg_iov=[{iov_base="l\1\1\1\344\0\0\0\273\2\0\0\235\0\0\0\1\1o\0;\0\0\0/re/frid"..., iov_len=404}], msg_iovlen=1, msg_controllen=0, msg_flags=0}, MSG_NOSIGNAL) = 404
24249 1784070751.651633 recvfrom(38, 0x7ff90a9de0, 3200, MSG_DONTWAIT, NULL, NULL) = -1 EAGAIN (Try again)
24249 1784070751.652291 recvfrom(38, "nysv\0\0\0\0\0\0\0\0\0\0\0\0\311\376\256\336\217\1\0\0\220\216\1\0\0\0\0\0", 3200, MSG_DONTWAIT, NULL, NULL) = 32
24249 1784070751.652352 recvfrom(38, 0x7ff90aa020, 3200, MSG_DONTWAIT, NULL, NULL) = -1 EAGAIN (Try again)
24249 1784070751.652521 recvfrom(61, 0x7165c6d820, 2272, MSG_DONTWAIT, NULL, NULL) = -1 EAGAIN (Try again)
24644 1784070752.617748 sendmsg(71, {msg_name=NULL, msg_namelen=0, msg_iov=[{iov_base="l\1\1\1\344\0\0\0\274\2\0\0\235\0\0\0\1\1o\0;\0\0\0/re/frid"..., iov_len=404}], msg_iovlen=1, msg_controllen=0, msg_flags=0}, MSG_NOSIGNAL) = 404
24249 1784070752.618556 recvfrom(38, 0x7ff90a9de0, 3200, MSG_DONTWAIT, NULL, NULL) = -1 EAGAIN (Try again)
24249 1784070752.619372 recvfrom(38, "nysv\0\0\0\0\0\0\0\0\0\0\0\0\377WM\30\220\1\0\0\312\216\1\0\0\0\0\0", 3200, MSG_DONTWAIT, NULL, NULL) = 32
24249 1784070752.619424 recvfrom(38, 0x7ff90aa020, 3200, MSG_DONTWAIT, NULL, NULL) = -1 EAGAIN (Try again)
24249 1784070752.619516 recvfrom(61, 0x7165c6d820, 2272, MSG_DONTWAIT, NULL, NULL) = -1 EAGAIN (Try again)
24644 1784070753.656673 sendmsg(71, {msg_name=NULL, msg_namelen=0, msg_iov=[{iov_base="l\1\1\1\344\0\0\0\275\2\0\0\235\0\0\0\1\1o\0;\0\0\0/re/frid"..., iov_len=404}], msg_iovlen=1, msg_controllen=0, msg_flags=0}, MSG_NOSIGNAL) = 404
24249 1784070753.657182 recvfrom(38, 0x7ff90a9de0, 3200, MSG_DONTWAIT, NULL, NULL) = -1 EAGAIN (Try again)
24249 1784070753.674727 recvfrom(38, "nysv\0\0\0\0\0\0\0\0\0\0\0\0i\225\342V\220\1\0\0\t\217\1\0\0\0\0\0", 3200, MSG_DONTWAIT, NULL, NULL) = 32
24249 1784070753.674823 recvfrom(38, 0x7ff90aa020, 3200, MSG_DONTWAIT, NULL, NULL) = -1 EAGAIN (Try again)
24249 1784070753.674930 recvfrom(61, 0x7165c6d820, 2272, MSG_DONTWAIT, NULL, NULL) = -1 EAGAIN (Try again)
24644 1784070754.624799 sendmsg(71, {msg_name=NULL, msg_namelen=0, msg_iov=[{iov_base="l\1\1\1\344\0\0\0\276\2\0\0\235\0\0\0\1\1o\0;\0\0\0/re/frid"..., iov_len=404}], msg_iovlen=1, msg_controllen=0, msg_flags=0}, MSG_NOSIGNAL) = 404
24249 1784070754.625545 recvfrom(38, 0x7ff90a9de0, 3200, MSG_DONTWAIT, NULL, NULL) = -1 EAGAIN (Try again)
24249 1784070754.636633 recvfrom(38, "nysv\0\0\0\0\0\0\0\0\0\0\0\0\332\317\200\220\220\1\0\0C\217\1\0\0\0\0\0", 3200, MSG_DONTWAIT, NULL, NULL) = 32
24249 1784070754.636723 recvfrom(38, 0x7ff90aa020, 3200, MSG_DONTWAIT, NULL, NULL) = -1 EAGAIN (Try again)
24249 1784070754.636806 recvfrom(61, 0x7165c6d820, 2272, MSG_DONTWAIT, NULL, NULL) = -1 EAGAIN (Try again)
24644 1784070755.661814 sendmsg(71, {msg_name=NULL, msg_namelen=0, msg_iov=[{iov_base="l\1\1\1\344\0\0\0\277\2\0\0\235\0\0\0\1\1o\0;\0\0\0/re/frid"..., iov_len=404}], msg_iovlen=1, msg_controllen=0, msg_flags=0}, MSG_NOSIGNAL) = 404
24249 1784070755.662466 recvfrom(38, 0x7ff90a9de0, 3200, MSG_DONTWAIT, NULL, NULL) = -1 EAGAIN (Try again)
24249 1784070755.669353 recvfrom(38, "nysv\0\0\0\0\0\0\0\0\0\0\0\0\377a\30\316\220\1\0\0\201\217\1\0\0\0\0\0", 3200, MSG_DONTWAIT, NULL, NULL) = 32
24249 1784070755.669467 recvfrom(38, 0x7ff90aa020, 3200, MSG_DONTWAIT, NULL, NULL) = -1 EAGAIN (Try again)
24249 1784070755.669567 recvfrom(61, 0x7165c6d820, 2272, MSG_DONTWAIT, NULL, NULL) = -1 EAGAIN (Try again)
24644 1784070756.630913 sendmsg(71, {msg_name=NULL, msg_namelen=0, msg_iov=[{iov_base="l\1\1\1\344\0\0\0\300\2\0\0\235\0\0\0\1\1o\0;\0\0\0/re/frid"..., iov_len=404}], msg_iovlen=1, msg_controllen=0, msg_flags=0}, MSG_NOSIGNAL) = 404
24249 1784070756.631655 recvfrom(38, 0x7ff90a9de0, 3200, MSG_DONTWAIT, NULL, NULL) = -1 EAGAIN (Try again)
24249 1784070756.635852 recvfrom(38, "nysv\0\0\0\0\0\0\0\0\0\0\0\0\242\216\266\7\221\1\0\0\273\217\1\0\0\0\0\0", 3200, MSG_DONTWAIT, NULL, NULL) = 32
24249 1784070756.636222 recvfrom(38, 0x7ff90aa020, 3200, MSG_DONTWAIT, NULL, NULL) = -1 EAGAIN (Try again)
24249 1784070756.636290 recvfrom(61, 0x7165c6d820, 2272, MSG_DONTWAIT, NULL, NULL) = -1 EAGAIN (Try again)
24644 1784070757.669242 sendmsg(71, {msg_name=NULL, msg_namelen=0, msg_iov=[{iov_base="l\1\1\1\344\0\0\0\301\2\0\0\235\0\0\0\1\1o\0;\0\0\0/re/frid"..., iov_len=404}], msg_iovlen=1, msg_controllen=0, msg_flags=0}, MSG_NOSIGNAL) = 404
24249 1784070757.669985 recvfrom(38, 0x7ff90a9de0, 3200, MSG_DONTWAIT, NULL, NULL) = -1 EAGAIN (Try again)
24249 1784070757.692282 recvfrom(38, "nysv\0\0\0\0\0\0\0\0\0\0\0\0\363\fLF\221\1\0\0\371\217\1\0\0\0\0\0", 3200, MSG_DONTWAIT, NULL, NULL) = 32
24249 1784070757.692443 recvfrom(38, 0x7ff90aa020, 3200, MSG_DONTWAIT, NULL, NULL) = -1 EAGAIN (Try again)
24249 1784070757.692586 recvfrom(61, 0x7165c6d820, 2272, MSG_DONTWAIT, NULL, NULL) = -1 EAGAIN (Try again)
24644 1784070758.638375 sendmsg(71, {msg_name=NULL, msg_namelen=0, msg_iov=[{iov_base="l\1\1\1\344\0\0\0\302\2\0\0\235\0\0\0\1\1o\0;\0\0\0/re/frid"..., iov_len=404}], msg_iovlen=1, msg_controllen=0, msg_flags=0}, MSG_NOSIGNAL) = 404
24249 1784070758.639022 recvfrom(38, 0x7ff90a9de0, 3200, MSG_DONTWAIT, NULL, NULL) = -1 EAGAIN (Try again)
24249 1784070758.639627 recvfrom(38, "nysv\0\0\0\0\0\0\0\0\0\0\0\0M\346\353~\221\1\0\0002\220\1\0\0\0\0\0", 3200, MSG_DONTWAIT, NULL, NULL) = 32
24249 1784070758.639711 recvfrom(38, 0x7ff90aa020, 3200, MSG_DONTWAIT, NULL, NULL) = -1 EAGAIN (Try again)
24249 1784070758.639766 recvfrom(61, 0x7165c6d820, 2272, MSG_DONTWAIT, NULL, NULL) = -1 EAGAIN (Try again)
24644 1784070759.673320 sendmsg(71, {msg_name=NULL, msg_namelen=0, msg_iov=[{iov_base="l\1\1\1\344\0\0\0\303\2\0\0\235\0\0\0\1\1o\0;\0\0\0/re/frid"..., iov_len=404}], msg_iovlen=1, msg_controllen=0, msg_flags=0}, MSG_NOSIGNAL) = 404
24249 1784070759.674113 recvfrom(38, 0x7ff90a9de0, 3200, MSG_DONTWAIT, NULL, NULL) = -1 EAGAIN (Try again)
24249 1784070759.686634 recvfrom(38, "nysv\0\0\0\0\0\0\0\0\0\0\0\0\3\304\201\275\221\1\0\0q\220\1\0\0\0\0\0", 3200, MSG_DONTWAIT, NULL, NULL) = 32
24249 1784070759.686734 recvfrom(38, 0x7ff90aa020, 3200, MSG_DONTWAIT, NULL, NULL) = -1 EAGAIN (Try again)
24249 1784070759.686843 recvfrom(61, 0x7165c6d820, 2272, MSG_DONTWAIT, NULL, NULL) = -1 EAGAIN (Try again)
24644 1784070760.643861 sendmsg(71, {msg_name=NULL, msg_namelen=0, msg_iov=[{iov_base="l\1\1\1\344\0\0\0\304\2\0\0\235\0\0\0\1\1o\0;\0\0\0/re/frid"..., iov_len=404}], msg_iovlen=1, msg_controllen=0, msg_flags=0}, MSG_NOSIGNAL) = 404
24249 1784070760.644292 recvfrom(38, 0x7ff90a9de0, 3200, MSG_DONTWAIT, NULL, NULL) = -1 EAGAIN (Try again)
24249 1784070760.654509 recvfrom(38, "nysv\0\0\0\0\0\0\0\0\0\0\0\0'\312\37\367\221\1\0\0\253\220\1\0\0\0\0\0", 3200, MSG_DONTWAIT, NULL, NULL) = 32
24249 1784070760.654558 recvfrom(38, 0x7ff90aa020, 3200, MSG_DONTWAIT, NULL, NULL) = -1 EAGAIN (Try again)
24249 1784070760.654703 recvfrom(61, 0x7165c6d820, 2272, MSG_DONTWAIT, NULL, NULL) = -1 EAGAIN (Try again)
24644 1784070761.679099 sendmsg(71, {msg_name=NULL, msg_namelen=0, msg_iov=[{iov_base="l\1\1\1\344\0\0\0\305\2\0\0\235\0\0\0\1\1o\0;\0\0\0/re/frid"..., iov_len=404}], msg_iovlen=1, msg_controllen=0, msg_flags=0}, MSG_NOSIGNAL) = 404
24249 1784070761.680048 recvfrom(38, 0x7ff90a9de0, 3200, MSG_DONTWAIT, NULL, NULL) = -1 EAGAIN (Try again)
24249 1784070761.688036 recvfrom(38, "nysv\0\0\0\0\0\0\0\0\0\0\0\0S4\2674\222\1\0\0\351\220\1\0\0\0\0\0", 3200, MSG_DONTWAIT, NULL, NULL) = 32
24249 1784070761.688287 recvfrom(38, 0x7ff90aa020, 3200, MSG_DONTWAIT, NULL, NULL) = -1 EAGAIN (Try again)
24249 1784070761.688546 recvfrom(61, 0x7165c6d820, 2272, MSG_DONTWAIT, NULL, NULL) = -1 EAGAIN (Try again)
24644 1784070762.651079 sendmsg(71, {msg_name=NULL, msg_namelen=0, msg_iov=[{iov_base="l\1\1\1\344\0\0\0\306\2\0\0\235\0\0\0\1\1o\0;\0\0\0/re/frid"..., iov_len=404}], msg_iovlen=1, msg_controllen=0, msg_flags=0}, MSG_NOSIGNAL) = 404
24249 1784070762.652130 recvfrom(38, 0x7ff90a9de0, 3200, MSG_DONTWAIT, NULL, NULL) = -1 EAGAIN (Try again)
24249 1784070762.652467 recvfrom(38, "nysv\0\0\0\0\0\0\0\0\0\0\0\0\270\242Un\222\1\0\0\"\221\1\0\0\0\0\0", 3200, MSG_DONTWAIT, NULL, NULL) = 32
24249 1784070762.652522 recvfrom(38, 0x7ff90aa020, 3200, MSG_DONTWAIT, NULL, NULL) = -1 EAGAIN (Try again)
24249 1784070762.652641 recvfrom(61, 0x7165c6d820, 2272, MSG_DONTWAIT, NULL, NULL) = -1 EAGAIN (Try again)
24644 1784070763.683265 sendmsg(71, {msg_name=NULL, msg_namelen=0, msg_iov=[{iov_base="l\1\1\1\344\0\0\0\307\2\0\0\235\0\0\0\1\1o\0;\0\0\0/re/frid"..., iov_len=404}], msg_iovlen=1, msg_controllen=0, msg_flags=0}, MSG_NOSIGNAL) = 404
24249 1784070763.684326 recvfrom(38, 0x7ff90a9de0, 3200, MSG_DONTWAIT, NULL, NULL) = -1 EAGAIN (Try again)
24249 1784070763.685735 recvfrom(38, "nysv\0\0\0\0\0\0\0\0\0\0\0\0\302\7\355\253\222\1\0\0`\221\1\0\0\0\0\0", 3200, MSG_DONTWAIT, NULL, NULL) = 32
24249 1784070763.685790 recvfrom(38, 0x7ff90aa020, 3200, MSG_DONTWAIT, NULL, NULL) = -1 EAGAIN (Try again)
24249 1784070763.685840 recvfrom(61, 0x7165c6d820, 2272, MSG_DONTWAIT, NULL, NULL) = -1 EAGAIN (Try again)
24644 1784070764.658151 sendmsg(71, {msg_name=NULL, msg_namelen=0, msg_iov=[{iov_base="l\1\1\1\344\0\0\0\310\2\0\0\235\0\0\0\1\1o\0;\0\0\0/re/frid"..., iov_len=404}], msg_iovlen=1, msg_controllen=0, msg_flags=0}, MSG_NOSIGNAL) = 404
24249 1784070764.658957 recvfrom(38, 0x7ff90a9de0, 3200, MSG_DONTWAIT, NULL, NULL) = -1 EAGAIN (Try again)
24249 1784070764.670882 recvfrom(38, "nysv\0\0\0\0\0\0\0\0\0\0\0\0\261A\211\346\222\1\0\0\233\221\1\0\0\0\0\0", 3200, MSG_DONTWAIT, NULL, NULL) = 32
24249 1784070764.670971 recvfrom(38, 0x7ff90aa020, 3200, MSG_DONTWAIT, NULL, NULL) = -1 EAGAIN (Try again)
24249 1784070764.671211 recvfrom(61, 0x7165c6d820, 2272, MSG_DONTWAIT, NULL, NULL) = -1 EAGAIN (Try again)
24644 1784070765.691691 sendmsg(71, {msg_name=NULL, msg_namelen=0, msg_iov=[{iov_base="l\1\1\1\344\0\0\0\311\2\0\0\235\0\0\0\1\1o\0;\0\0\0/re/frid"..., iov_len=404}], msg_iovlen=1, msg_controllen=0, msg_flags=0}, MSG_NOSIGNAL) = 404
24249 1784070765.692535 recvfrom(38, 0x7ff90a9de0, 3200, MSG_DONTWAIT, NULL, NULL) = -1 EAGAIN (Try again)
24249 1784070765.706571 recvfrom(38, "nysv\0\0\0\0\0\0\0\0\0\0\0\0\335\253 $\223\1\0\0\330\221\1\0\0\0\0\0", 3200, MSG_DONTWAIT, NULL, NULL) = 32
24249 1784070765.706715 recvfrom(38, 0x7ff90aa020, 3200, MSG_DONTWAIT, NULL, NULL) = -1 EAGAIN (Try again)
24249 1784070765.707026 recvfrom(61, 0x7165c6d820, 2272, MSG_DONTWAIT, NULL, NULL) = -1 EAGAIN (Try again)
24644 1784070766.663631 sendmsg(71, {msg_name=NULL, msg_namelen=0, msg_iov=[{iov_base="l\1\1\1\344\0\0\0\312\2\0\0\235\0\0\0\1\1o\0;\0\0\0/re/frid"..., iov_len=404}], msg_iovlen=1, msg_controllen=0, msg_flags=0}, MSG_NOSIGNAL) = 404
24249 1784070766.664364 recvfrom(38, 0x7ff90a9de0, 3200, MSG_DONTWAIT, NULL, NULL) = -1 EAGAIN (Try again)
24249 1784070766.670824 recvfrom(38, "nysv\0\0\0\0\0\0\0\0\0\0\0\0a\325\276]\223\1\0\0\22\222\1\0\0\0\0\0", 3200, MSG_DONTWAIT, NULL, NULL) = 32
24249 1784070766.670931 recvfrom(38, 0x7ff90aa020, 3200, MSG_DONTWAIT, NULL, NULL) = -1 EAGAIN (Try again)
24249 1784070766.671148 recvfrom(61, 0x7165c6d820, 2272, MSG_DONTWAIT, NULL, NULL) = -1 EAGAIN (Try again)
24644 1784070767.695246 sendmsg(71, {msg_name=NULL, msg_namelen=0, msg_iov=[{iov_base="l\1\1\1\344\0\0\0\313\2\0\0\235\0\0\0\1\1o\0;\0\0\0/re/frid"..., iov_len=404}], msg_iovlen=1, msg_controllen=0, msg_flags=0}, MSG_NOSIGNAL) = 404
24249 1784070767.696199 recvfrom(38, 0x7ff90a9de0, 3200, MSG_DONTWAIT, NULL, NULL) = -1 EAGAIN (Try again)
24249 1784070767.702131 recvfrom(38, "nysv\0\0\0\0\0\0\0\0\0\0\0\0\27\222V\233\223\1\0\0N\222\1\0\0\0\0\0", 3200, MSG_DONTWAIT, NULL, NULL) = 32
24249 1784070767.702208 recvfrom(38, 0x7ff90aa020, 3200, MSG_DONTWAIT, NULL, NULL) = -1 EAGAIN (Try again)
24249 1784070767.702367 recvfrom(61, 0x7165c6d820, 2272, MSG_DONTWAIT, NULL, NULL) = -1 EAGAIN (Try again)
24249 1784070768.651812 recvfrom(61, "\2\0\0\0\0\0\0\0\361\10\0\0\0\0\0\0\200z\330\323\223\1\0\0\1\0\0\0\2\20\0\0"..., 2272, MSG_DONTWAIT, NULL, NULL) = 232
24249 1784070768.652088 recvfrom(38, 0x7ff90a82b0, 3200, MSG_DONTWAIT, NULL, NULL) = -1 EAGAIN (Try again)
24249 1784070768.652231 sendto(61, "\3\0\0\0\0\0\0\0\361\10\0\0\1\0\0\0", 16, MSG_DONTWAIT|MSG_NOSIGNAL, NULL, 0) = 16
24249 1784070768.652267 recvfrom(61, 0x7165c6d820, 2272, MSG_DONTWAIT, NULL, NULL) = -1 EAGAIN (Try again)
24249 1784070768.652513 recvfrom(61, "\2\0\0\0\0\0\0\0\363\10\0\0\0\0\0\0\200z\330\323\223\1\0\0\1\0\0\0\2\20\0\0"..., 2272, MSG_DONTWAIT, NULL, NULL) = 232
24249 1784070768.652579 sendto(61, "\3\0\0\0\0\0\0\0\363\10\0\0\1\0\0\0", 16, MSG_DONTWAIT|MSG_NOSIGNAL, NULL, 0) = 16
24249 1784070768.652615 recvfrom(61, 0x7165c6d820, 2272, MSG_DONTWAIT, NULL, NULL) = -1 EAGAIN (Try again)
24249 1784070768.669352 recvfrom(38, "nysv\0\0\0\0\0\0\0\0\0\0\0\0\221x\365\324\223\1\0\0\206\222\1\0\0\0\0\0", 3200, MSG_DONTWAIT, NULL, NULL) = 32
24249 1784070768.669370 recvfrom(38, 0x7ff90aa020, 3200, MSG_DONTWAIT, NULL, NULL) = -1 EAGAIN (Try again)
24249 1784070768.669397 recvfrom(61, 0x7165c6d820, 2272, MSG_DONTWAIT, NULL, NULL) = -1 EAGAIN (Try again)
24249 1784070768.669414 recvfrom(38, 0x7ff90a9f80, 3200, MSG_DONTWAIT, NULL, NULL) = -1 EAGAIN (Try again)
24271 1784070768.673874 recvfrom(42, 0x716ad86eb0, 3200, MSG_DONTWAIT, NULL, NULL) = -1 EAGAIN (Try again)
24271 1784070768.673907 recvfrom(42, 0x716ad86eb0, 3200, MSG_DONTWAIT, NULL, NULL) = -1 EAGAIN (Try again)
24644 1784070768.674045 sendmsg(71, {msg_name=NULL, msg_namelen=0, msg_iov=[{iov_base="l\1\1\1\310\0\0\0\314\2\0\0\235\0\0\0\1\1o\0;\0\0\0/re/frid"..., iov_len=376}], msg_iovlen=1, msg_controllen=0, msg_flags=0}, MSG_NOSIGNAL) = 376
24644 1784070768.674691 sendmsg(71, {msg_name=NULL, msg_namelen=0, msg_iov=[{iov_base="l\1\1\1H\1\0\0\315\2\0\0\235\0\0\0\1\1o\0;\0\0\0/re/frid"..., iov_len=504}], msg_iovlen=1, msg_controllen=0, msg_flags=0}, MSG_NOSIGNAL) = 504
24644 1784070768.676520 sendmsg(71, {msg_name=NULL, msg_namelen=0, msg_iov=[{iov_base="l\1\1\1\344\0\0\0\316\2\0\0\235\0\0\0\1\1o\0;\0\0\0/re/frid"..., iov_len=404}], msg_iovlen=1, msg_controllen=0, msg_flags=0}, MSG_NOSIGNAL) = 404
24271 1784070768.685451 recvfrom(42, "nysv\0\0\0\0\0\0\0\0\0\0\0\0o\31\364\325\223\1\0\0\207\222\1\0\0\0\0\0", 3200, MSG_DONTWAIT, NULL, NULL) = 32
24271 1784070768.685493 recvfrom(42, 0x716ad86c80, 3200, MSG_DONTWAIT, NULL, NULL) = -1 EAGAIN (Try again)
24249 1784070768.685632 recvfrom(38, "nysv\0\0\0\0\0\0\0\0\0\0\0\0o\31\364\325\223\1\0\0\207\222\1\0\0\0\0\0", 3200, MSG_DONTWAIT, NULL, NULL) = 32
24249 1784070768.686004 recvfrom(38, 0x7ff90aa020, 3200, MSG_DONTWAIT, NULL, NULL) = -1 EAGAIN (Try again)
24249 1784070768.686026 recvfrom(61, 0x7165c6d820, 2272, MSG_DONTWAIT, NULL, NULL) = -1 EAGAIN (Try again)
24249 1784070768.686037 recvfrom(38, 0x7ff90a9f80, 3200, MSG_DONTWAIT, NULL, NULL) = -1 EAGAIN (Try again)
24271 1784070768.693858 recvfrom(42, 0x716ad86eb0, 3200, MSG_DONTWAIT, NULL, NULL) = -1 EAGAIN (Try again)
24644 1784070768.694335 sendmsg(71, {msg_name=NULL, msg_namelen=0, msg_iov=[{iov_base="l\1\1\1\344\0\0\0\317\2\0\0\235\0\0\0\1\1o\0;\0\0\0/re/frid"..., iov_len=404}], msg_iovlen=1, msg_controllen=0, msg_flags=0}, MSG_NOSIGNAL) = 404
24644 1784070768.695341 sendmsg(71, {msg_name=NULL, msg_namelen=0, msg_iov=[{iov_base="l\1\1\1\334\0\0\0\320\2\0\0\235\0\0\0\1\1o\0;\0\0\0/re/frid"..., iov_len=396}], msg_iovlen=1, msg_controllen=0, msg_flags=0}, MSG_NOSIGNAL) = 396
24644 1784070768.695531 sendmsg(71, {msg_name=NULL, msg_namelen=0, msg_iov=[{iov_base="l\1\1\1\350\0\0\0\321\2\0\0\235\0\0\0\1\1o\0;\0\0\0/re/frid"..., iov_len=408}], msg_iovlen=1, msg_controllen=0, msg_flags=0}, MSG_NOSIGNAL) = 408
24644 1784070768.695946 sendmsg(71, {msg_name=NULL, msg_namelen=0, msg_iov=[{iov_base="l\1\1\1\354\0\0\0\322\2\0\0\235\0\0\0\1\1o\0;\0\0\0/re/frid"..., iov_len=412}], msg_iovlen=1, msg_controllen=0, msg_flags=0}, MSG_NOSIGNAL) = 412
24249 1784070768.696930 faccessat(AT_FDCWD, "/data/user/0/barilyuk.batterytemperature/shared_prefs/MyPrefs.xml", F_OK) = 0
24249 1784070768.696964 faccessat(AT_FDCWD, "/data/user/0/barilyuk.batterytemperature/shared_prefs/MyPrefs.xml.bak", F_OK) = -1 ENOENT (No such file or directory)
24249 1784070768.697139 renameat(AT_FDCWD, "/data/user/0/barilyuk.batterytemperature/shared_prefs/MyPrefs.xml", AT_FDCWD, "/data/user/0/barilyuk.batterytemperature/shared_prefs/MyPrefs.xml.bak") = 0
24249 1784070768.697173 openat(AT_FDCWD, "/data/user/0/barilyuk.batterytemperature/shared_prefs/MyPrefs.xml", O_WRONLY|O_CREAT|O_TRUNC, 0600) = 56
24249 1784070768.698353 getsockopt(56, SOL_SOCKET, SO_ERROR, 0x7ff90aabe4, [4]) = -1 ENOTSOCK (Socket operation on non-socket)
24249 1784070768.698370 fchmodat(AT_FDCWD, "/data/user/0/barilyuk.batterytemperature/shared_prefs/MyPrefs.xml", 0660) = 0
24249 1784070768.698381 newfstatat(AT_FDCWD, "/data/user/0/barilyuk.batterytemperature/shared_prefs/MyPrefs.xml", {st_mode=S_IFREG|0660, st_size=311, ...}, 0) = 0
24644 1784070768.698527 sendmsg(71, {msg_name=NULL, msg_namelen=0, msg_iov=[{iov_base="l\1\1\1\20\1\0\0\323\2\0\0\235\0\0\0\1\1o\0;\0\0\0/re/frid"..., iov_len=448}], msg_iovlen=1, msg_controllen=0, msg_flags=0}, MSG_NOSIGNAL) = 448
24249 1784070768.698602 unlinkat(AT_FDCWD, "/data/user/0/barilyuk.batterytemperature/shared_prefs/MyPrefs.xml.bak", 0) = 0
24271 1784070768.702854 recvfrom(42, "nysv\0\0\0\0\0\0\0\0\0\0\0\0.\214\362\326\223\1\0\0\210\222\1\0\0\0\0\0", 3200, MSG_DONTWAIT, NULL, NULL) = 32
24271 1784070768.702881 recvfrom(42, 0x716ad86c80, 3200, MSG_DONTWAIT, NULL, NULL) = -1 EAGAIN (Try again)
24249 1784070768.702900 recvfrom(38, "nysv\0\0\0\0\0\0\0\0\0\0\0\0.\214\362\326\223\1\0\0\210\222\1\0\0\0\0\0", 3200, MSG_DONTWAIT, NULL, NULL) = 32
24249 1784070768.702909 recvfrom(38, 0x7ff90aa020, 3200, MSG_DONTWAIT, NULL, NULL) = -1 EAGAIN (Try again)
24249 1784070768.702928 recvfrom(61, 0x7165c6d820, 2272, MSG_DONTWAIT, NULL, NULL) = -1 EAGAIN (Try again)
24249 1784070768.702946 recvfrom(38, 0x7ff90a9f80, 3200, MSG_DONTWAIT, NULL, NULL) = -1 EAGAIN (Try again)
24271 1784070768.711849 recvfrom(42, 0x716ad86eb0, 3200, MSG_DONTWAIT, NULL, NULL) = -1 EAGAIN (Try again)
24271 1784070768.719503 recvfrom(42, "nysv\0\0\0\0\0\0\0\0\0\0\0\0}\1\361\327\223\1\0\0\211\222\1\0\0\0\0\0", 3200, MSG_DONTWAIT, NULL, NULL) = 32
24271 1784070768.719524 recvfrom(42, 0x716ad86c80, 3200, MSG_DONTWAIT, NULL, NULL) = -1 EAGAIN (Try again)
24249 1784070768.719543 recvfrom(38, "nysv\0\0\0\0\0\0\0\0\0\0\0\0}\1\361\327\223\1\0\0\211\222\1\0\0\0\0\0", 3200, MSG_DONTWAIT, NULL, NULL) = 32
24249 1784070768.719559 recvfrom(38, 0x7ff90aa020, 3200, MSG_DONTWAIT, NULL, NULL) = -1 EAGAIN (Try again)
24249 1784070768.719584 recvfrom(38, 0x7ff90a9f80, 3200, MSG_DONTWAIT, NULL, NULL) = -1 EAGAIN (Try again)
24271 1784070768.728563 recvfrom(42, 0x716ad86eb0, 3200, MSG_DONTWAIT, NULL, NULL) = -1 EAGAIN (Try again)
24271 1784070768.736434 recvfrom(42, "nysv\0\0\0\0\0\0\0\0\0\0\0\0\327i\357\330\223\1\0\0\212\222\1\0\0\0\0\0", 3200, MSG_DONTWAIT, NULL, NULL) = 32
24271 1784070768.736455 recvfrom(42, 0x716ad86c80, 3200, MSG_DONTWAIT, NULL, NULL) = -1 EAGAIN (Try again)
24249 1784070768.736475 recvfrom(38, "nysv\0\0\0\0\0\0\0\0\0\0\0\0\327i\357\330\223\1\0\0\212\222\1\0\0\0\0\0", 3200, MSG_DONTWAIT, NULL, NULL) = 32
24249 1784070768.736484 recvfrom(38, 0x7ff90aa020, 3200, MSG_DONTWAIT, NULL, NULL) = -1 EAGAIN (Try again)
24249 1784070768.736584 recvfrom(38, 0x7ff90a9f80, 3200, MSG_DONTWAIT, NULL, NULL) = -1 EAGAIN (Try again)
24271 1784070768.744166 recvfrom(42, 0x716ad86eb0, 3200, MSG_DONTWAIT, NULL, NULL) = -1 EAGAIN (Try again)
24271 1784070768.753346 recvfrom(42, "nysv\0\0\0\0\0\0\0\0\0\0\0\0?\305\355\331\223\1\0\0\213\222\1\0\0\0\0\0", 3200, MSG_DONTWAIT, NULL, NULL) = 32
24271 1784070768.753364 recvfrom(42, 0x716ad86c80, 3200, MSG_DONTWAIT, NULL, NULL) = -1 EAGAIN (Try again)
24249 1784070768.753382 recvfrom(38, "nysv\0\0\0\0\0\0\0\0\0\0\0\0?\305\355\331\223\1\0\0\213\222\1\0\0\0\0\0", 3200, MSG_DONTWAIT, NULL, NULL) = 32
24249 1784070768.753392 recvfrom(38, 0x7ff90aa020, 3200, MSG_DONTWAIT, NULL, NULL) = -1 EAGAIN (Try again)
24249 1784070768.753514 recvfrom(38, 0x7ff90a9f80, 3200, MSG_DONTWAIT, NULL, NULL) = -1 EAGAIN (Try again)
24271 1784070768.761313 recvfrom(42, 0x716ad86eb0, 3200, MSG_DONTWAIT, NULL, NULL) = -1 EAGAIN (Try again)
24271 1784070768.769462 recvfrom(42, "nysv\0\0\0\0\0\0\0\0\0\0\0\0\315=\354\332\223\1\0\0\214\222\1\0\0\0\0\0", 3200, MSG_DONTWAIT, NULL, NULL) = 32
24271 1784070768.769485 recvfrom(42, 0x716ad86c80, 3200, MSG_DONTWAIT, NULL, NULL) = -1 EAGAIN (Try again)
24249 1784070768.769505 recvfrom(38, "nysv\0\0\0\0\0\0\0\0\0\0\0\0\315=\354\332\223\1\0\0\214\222\1\0\0\0\0\0", 3200, MSG_DONTWAIT, NULL, NULL) = 32
24249 1784070768.769516 recvfrom(38, 0x7ff90aa020, 3200, MSG_DONTWAIT, NULL, NULL) = -1 EAGAIN (Try again)
24249 1784070768.769545 recvfrom(38, 0x7ff90a9f80, 3200, MSG_DONTWAIT, NULL, NULL) = -1 EAGAIN (Try again)
24271 1784070768.777611 recvfrom(42, 0x716ad86eb0, 3200, MSG_DONTWAIT, NULL, NULL) = -1 EAGAIN (Try again)
24271 1784070768.785519 recvfrom(42, "nysv\0\0\0\0\0\0\0\0\0\0\0\0\26\333\352\333\223\1\0\0\215\222\1\0\0\0\0\0", 3200, MSG_DONTWAIT, NULL, NULL) = 32
24271 1784070768.785539 recvfrom(42, 0x716ad86c80, 3200, MSG_DONTWAIT, NULL, NULL) = -1 EAGAIN (Try again)
24249 1784070768.785562 recvfrom(38, "nysv\0\0\0\0\0\0\0\0\0\0\0\0\26\333\352\333\223\1\0\0\215\222\1\0\0\0\0\0", 3200, MSG_DONTWAIT, NULL, NULL) = 32
24249 1784070768.785574 recvfrom(38, 0x7ff90aa020, 3200, MSG_DONTWAIT, NULL, NULL) = -1 EAGAIN (Try again)
24249 1784070768.785614 recvfrom(38, 0x7ff90a9f80, 3200, MSG_DONTWAIT, NULL, NULL) = -1 EAGAIN (Try again)
24271 1784070768.794772 recvfrom(42, 0x716ad86eb0, 3200, MSG_DONTWAIT, NULL, NULL) = -1 EAGAIN (Try again)
24271 1784070768.802423 recvfrom(42, "nysv\0\0\0\0\0\0\0\0\0\0\0\0\241\301\351\334\223\1\0\0\216\222\1\0\0\0\0\0", 3200, MSG_DONTWAIT, NULL, NULL) = 32
24271 1784070768.802443 recvfrom(42, 0x716ad86c80, 3200, MSG_DONTWAIT, NULL, NULL) = -1 EAGAIN (Try again)
24249 1784070768.802464 recvfrom(38, "nysv\0\0\0\0\0\0\0\0\0\0\0\0\241\301\351\334\223\1\0\0\216\222\1\0\0\0\0\0", 3200, MSG_DONTWAIT, NULL, NULL) = 32
24249 1784070768.802474 recvfrom(38, 0x7ff90aa020, 3200, MSG_DONTWAIT, NULL, NULL) = -1 EAGAIN (Try again)
24249 1784070768.802515 recvfrom(38, 0x7ff90a9f80, 3200, MSG_DONTWAIT, NULL, NULL) = -1 EAGAIN (Try again)
24271 1784070768.811222 recvfrom(42, 0x716ad86eb0, 3200, MSG_DONTWAIT, NULL, NULL) = -1 EAGAIN (Try again)
24271 1784070768.819314 recvfrom(42, "nysv\0\0\0\0\0\0\0\0\0\0\0\0\370A\350\335\223\1\0\0\217\222\1\0\0\0\0\0", 3200, MSG_DONTWAIT, NULL, NULL) = 32
24271 1784070768.819344 recvfrom(42, 0x716ad86c80, 3200, MSG_DONTWAIT, NULL, NULL) = -1 EAGAIN (Try again)
24249 1784070768.819365 recvfrom(38, "nysv\0\0\0\0\0\0\0\0\0\0\0\0\370A\350\335\223\1\0\0\217\222\1\0\0\0\0\0", 3200, MSG_DONTWAIT, NULL, NULL) = 32
24249 1784070768.819377 recvfrom(38, 0x7ff90aa020, 3200, MSG_DONTWAIT, NULL, NULL) = -1 EAGAIN (Try again)
24249 1784070768.819425 recvfrom(38, 0x7ff90a9f80, 3200, MSG_DONTWAIT, NULL, NULL) = -1 EAGAIN (Try again)
24271 1784070768.828497 recvfrom(42, 0x716ad86eb0, 3200, MSG_DONTWAIT, NULL, NULL) = -1 EAGAIN (Try again)
24271 1784070768.836721 recvfrom(42, "nysv\0\0\0\0\0\0\0\0\0\0\0\0\177\230\346\336\223\1\0\0\220\222\1\0\0\0\0\0", 3200, MSG_DONTWAIT, NULL, NULL) = 32
24271 1784070768.836748 recvfrom(42, 0x716ad86c80, 3200, MSG_DONTWAIT, NULL, NULL) = -1 EAGAIN (Try again)
24249 1784070768.836768 recvfrom(38, "nysv\0\0\0\0\0\0\0\0\0\0\0\0\177\230\346\336\223\1\0\0\220\222\1\0\0\0\0\0", 3200, MSG_DONTWAIT, NULL, NULL) = 32
24249 1784070768.836778 recvfrom(38, 0x7ff90aa020, 3200, MSG_DONTWAIT, NULL, NULL) = -1 EAGAIN (Try again)
24249 1784070768.836812 recvfrom(38, 0x7ff90a9f80, 3200, MSG_DONTWAIT, NULL, NULL) = -1 EAGAIN (Try again)
24271 1784070768.844968 recvfrom(42, 0x716ad86eb0, 3200, MSG_DONTWAIT, NULL, NULL) = -1 EAGAIN (Try again)
24271 1784070768.853502 recvfrom(42, "nysv\0\0\0\0\0\0\0\0\0\0\0\0\370\346\344\337\223\1\0\0\221\222\1\0\0\0\0\0", 3200, MSG_DONTWAIT, NULL, NULL) = 32
24271 1784070768.853523 recvfrom(42, 0x716ad86c80, 3200, MSG_DONTWAIT, NULL, NULL) = -1 EAGAIN (Try again)
24249 1784070768.853542 recvfrom(38, "nysv\0\0\0\0\0\0\0\0\0\0\0\0\370\346\344\337\223\1\0\0\221\222\1\0\0\0\0\0", 3200, MSG_DONTWAIT, NULL, NULL) = 32
24249 1784070768.853553 recvfrom(38, 0x7ff90aa020, 3200, MSG_DONTWAIT, NULL, NULL) = -1 EAGAIN (Try again)
24249 1784070768.853669 recvfrom(38, 0x7ff90a9f80, 3200, MSG_DONTWAIT, NULL, NULL) = -1 EAGAIN (Try again)
24271 1784070768.861346 recvfrom(42, 0x716ad86eb0, 3200, MSG_DONTWAIT, NULL, NULL) = -1 EAGAIN (Try again)
24271 1784070768.870028 recvfrom(42, "nysv\0\0\0\0\0\0\0\0\0\0\0\0{>\343\340\223\1\0\0\222\222\1\0\0\0\0\0", 3200, MSG_DONTWAIT, NULL, NULL) = 32
24271 1784070768.870047 recvfrom(42, 0x716ad86c80, 3200, MSG_DONTWAIT, NULL, NULL) = -1 EAGAIN (Try again)
24249 1784070768.870067 recvfrom(38, "nysv\0\0\0\0\0\0\0\0\0\0\0\0{>\343\340\223\1\0\0\222\222\1\0\0\0\0\0", 3200, MSG_DONTWAIT, NULL, NULL) = 32
24249 1784070768.870167 recvfrom(38, 0x7ff90aa020, 3200, MSG_DONTWAIT, NULL, NULL) = -1 EAGAIN (Try again)
24249 1784070768.870214 recvfrom(38, 0x7ff90a9f80, 3200, MSG_DONTWAIT, NULL, NULL) = -1 EAGAIN (Try again)
24271 1784070768.878908 recvfrom(42, 0x716ad86eb0, 3200, MSG_DONTWAIT, NULL, NULL) = -1 EAGAIN (Try again)
24271 1784070768.885728 recvfrom(42, "nysv\0\0\0\0\0\0\0\0\0\0\0\0001\315\341\341\223\1\0\0\223\222\1\0\0\0\0\0", 3200, MSG_DONTWAIT, NULL, NULL) = 32
24271 1784070768.885751 recvfrom(42, 0x716ad86c80, 3200, MSG_DONTWAIT, NULL, NULL) = -1 EAGAIN (Try again)
24249 1784070768.885771 recvfrom(38, "nysv\0\0\0\0\0\0\0\0\0\0\0\0001\315\341\341\223\1\0\0\223\222\1\0\0\0\0\0", 3200, MSG_DONTWAIT, NULL, NULL) = 32
24249 1784070768.885782 recvfrom(38, 0x7ff90aa020, 3200, MSG_DONTWAIT, NULL, NULL) = -1 EAGAIN (Try again)
24249 1784070768.885868 recvfrom(38, 0x7ff90a9f80, 3200, MSG_DONTWAIT, NULL, NULL) = -1 EAGAIN (Try again)
24271 1784070768.894055 recvfrom(42, 0x716ad86eb0, 3200, MSG_DONTWAIT, NULL, NULL) = -1 EAGAIN (Try again)
24271 1784070768.902728 recvfrom(42, "nysv\0\0\0\0\0\0\0\0\0\0\0\0\344N\340\342\223\1\0\0\224\222\1\0\0\0\0\0", 3200, MSG_DONTWAIT, NULL, NULL) = 32
24271 1784070768.902743 recvfrom(42, 0x716ad86c80, 3200, MSG_DONTWAIT, NULL, NULL) = -1 EAGAIN (Try again)
24249 1784070768.902761 recvfrom(38, "nysv\0\0\0\0\0\0\0\0\0\0\0\0\344N\340\342\223\1\0\0\224\222\1\0\0\0\0\0", 3200, MSG_DONTWAIT, NULL, NULL) = 32
24249 1784070768.902770 recvfrom(38, 0x7ff90aa020, 3200, MSG_DONTWAIT, NULL, NULL) = -1 EAGAIN (Try again)
24249 1784070768.902812 recvfrom(38, 0x7ff90a9f80, 3200, MSG_DONTWAIT, NULL, NULL) = -1 EAGAIN (Try again)
24271 1784070768.910482 recvfrom(42, 0x716ad86eb0, 3200, MSG_DONTWAIT, NULL, NULL) = -1 EAGAIN (Try again)
24271 1784070768.919022 recvfrom(42, "nysv\0\0\0\0\0\0\0\0\0\0\0\0e\344\336\343\223\1\0\0\225\222\1\0\0\0\0\0", 3200, MSG_DONTWAIT, NULL, NULL) = 32
24271 1784070768.919043 recvfrom(42, 0x716ad86c80, 3200, MSG_DONTWAIT, NULL, NULL) = -1 EAGAIN (Try again)
24249 1784070768.919061 recvfrom(38, "nysv\0\0\0\0\0\0\0\0\0\0\0\0e\344\336\343\223\1\0\0\225\222\1\0\0\0\0\0", 3200, MSG_DONTWAIT, NULL, NULL) = 32
24249 1784070768.919071 recvfrom(38, 0x7ff90aa020, 3200, MSG_DONTWAIT, NULL, NULL) = -1 EAGAIN (Try again)
24249 1784070768.919277 recvfrom(38, 0x7ff90a9f80, 3200, MSG_DONTWAIT, NULL, NULL) = -1 EAGAIN (Try again)
24271 1784070768.928003 recvfrom(42, 0x716ad86eb0, 3200, MSG_DONTWAIT, NULL, NULL) = -1 EAGAIN (Try again)
24271 1784070768.937546 recvfrom(42, "nysv\0\0\0\0\0\0\0\0\0\0\0\0@\4\335\344\223\1\0\0\226\222\1\0\0\0\0\0", 3200, MSG_DONTWAIT, NULL, NULL) = 32
24271 1784070768.937565 recvfrom(42, 0x716ad86c80, 3200, MSG_DONTWAIT, NULL, NULL) = -1 EAGAIN (Try again)
24249 1784070768.937584 recvfrom(38, "nysv\0\0\0\0\0\0\0\0\0\0\0\0@\4\335\344\223\1\0\0\226\222\1\0\0\0\0\0", 3200, MSG_DONTWAIT, NULL, NULL) = 32
24249 1784070768.937593 recvfrom(38, 0x7ff90aa020, 3200, MSG_DONTWAIT, NULL, NULL) = -1 EAGAIN (Try again)
24249 1784070768.937672 recvfrom(38, 0x7ff90a9f80, 3200, MSG_DONTWAIT, NULL, NULL) = -1 EAGAIN (Try again)
24271 1784070768.945243 recvfrom(42, 0x716ad86eb0, 3200, MSG_DONTWAIT, NULL, NULL) = -1 EAGAIN (Try again)
24271 1784070768.955373 recvfrom(42, "nysv\0\0\0\0\0\0\0\0\0\0\0\0\32\335\332\345\223\1\0\0\227\222\1\0\0\0\0\0", 3200, MSG_DONTWAIT, NULL, NULL) = 32
24271 1784070768.955398 recvfrom(42, 0x716ad86c80, 3200, MSG_DONTWAIT, NULL, NULL) = -1 EAGAIN (Try again)
24271 1784070768.964012 recvfrom(42, 0x716ad86eb0, 3200, MSG_DONTWAIT, NULL, NULL) = -1 EAGAIN (Try again)
24249 1784070768.964027 recvfrom(38, "nysv\0\0\0\0\0\0\0\0\0\0\0\0\32\335\332\345\223\1\0\0\227\222\1\0\0\0\0\0", 3200, MSG_DONTWAIT, NULL, NULL) = 32
24249 1784070768.964041 recvfrom(38, 0x7ff90aa020, 3200, MSG_DONTWAIT, NULL, NULL) = -1 EAGAIN (Try again)
24249 1784070768.964091 recvfrom(38, 0x7ff90a9f80, 3200, MSG_DONTWAIT, NULL, NULL) = -1 EAGAIN (Try again)
24271 1784070768.969644 recvfrom(42, "nysv\0\0\0\0\0\0\0\0\0\0\0\0\356I\331\346\223\1\0\0\230\222\1\0\0\0\0\0", 3200, MSG_DONTWAIT, NULL, NULL) = 32
24271 1784070768.969670 recvfrom(42, 0x716ad86c80, 3200, MSG_DONTWAIT, NULL, NULL) = -1 EAGAIN (Try again)
24249 1784070768.969690 recvfrom(38, "nysv\0\0\0\0\0\0\0\0\0\0\0\0\356I\331\346\223\1\0\0\230\222\1\0\0\0\0\0", 3200, MSG_DONTWAIT, NULL, NULL) = 32
24249 1784070768.969697 recvfrom(38, 0x7ff90aa020, 3200, MSG_DONTWAIT, NULL, NULL) = -1 EAGAIN (Try again)
24249 1784070768.969809 recvfrom(38, 0x7ff90a9f80, 3200, MSG_DONTWAIT, NULL, NULL) = -1 EAGAIN (Try again)
24271 1784070768.977810 recvfrom(42, 0x716ad86eb0, 3200, MSG_DONTWAIT, NULL, NULL) = -1 EAGAIN (Try again)
24271 1784070768.986154 recvfrom(42, "nysv\0\0\0\0\0\0\0\0\0\0\0\0\3\307\327\347\223\1\0\0\231\222\1\0\0\0\0\0", 3200, MSG_DONTWAIT, NULL, NULL) = 32
24271 1784070768.986174 recvfrom(42, 0x716ad86c80, 3200, MSG_DONTWAIT, NULL, NULL) = -1 EAGAIN (Try again)
24249 1784070768.986194 recvfrom(38, "nysv\0\0\0\0\0\0\0\0\0\0\0\0\3\307\327\347\223\1\0\0\231\222\1\0\0\0\0\0", 3200, MSG_DONTWAIT, NULL, NULL) = 32
24249 1784070768.986285 recvfrom(38, 0x7ff90aa020, 3200, MSG_DONTWAIT, NULL, NULL) = -1 EAGAIN (Try again)
24249 1784070768.986319 recvfrom(38, 0x7ff90a9f80, 3200, MSG_DONTWAIT, NULL, NULL) = -1 EAGAIN (Try again)
24271 1784070768.994798 recvfrom(42, 0x716ad86eb0, 3200, MSG_DONTWAIT, NULL, NULL) = -1 EAGAIN (Try again)
24271 1784070769.005106 recvfrom(42, "nysv\0\0\0\0\0\0\0\0\0\0\0\0=\264\325\350\223\1\0\0\232\222\1\0\0\0\0\0", 3200, MSG_DONTWAIT, NULL, NULL) = 32
24271 1784070769.005128 recvfrom(42, 0x716ad86c80, 3200, MSG_DONTWAIT, NULL, NULL) = -1 EAGAIN (Try again)
24249 1784070769.005146 recvfrom(38, "nysv\0\0\0\0\0\0\0\0\0\0\0\0=\264\325\350\223\1\0\0\232\222\1\0\0\0\0\0", 3200, MSG_DONTWAIT, NULL, NULL) = 32
24249 1784070769.005251 recvfrom(38, 0x7ff90aa020, 3200, MSG_DONTWAIT, NULL, NULL) = -1 EAGAIN (Try again)
24249 1784070769.005274 recvfrom(38, 0x7ff90a9f80, 3200, MSG_DONTWAIT, NULL, NULL) = -1 EAGAIN (Try again)
24271 1784070769.013294 recvfrom(42, 0x716ad86eb0, 3200, MSG_DONTWAIT, NULL, NULL) = -1 EAGAIN (Try again)
24271 1784070769.021492 recvfrom(42, "nysv\0\0\0\0\0\0\0\0\0\0\0\0\n\263\323\351\223\1\0\0\233\222\1\0\0\0\0\0", 3200, MSG_DONTWAIT, NULL, NULL) = 32
24271 1784070769.021509 recvfrom(42, 0x716ad86c80, 3200, MSG_DONTWAIT, NULL, NULL) = -1 EAGAIN (Try again)
24249 1784070769.021529 recvfrom(38, "nysv\0\0\0\0\0\0\0\0\0\0\0\0\n\263\323\351\223\1\0\0\233\222\1\0\0\0\0\0", 3200, MSG_DONTWAIT, NULL, NULL) = 32
24249 1784070769.021538 recvfrom(38, 0x7ff90aa020, 3200, MSG_DONTWAIT, NULL, NULL) = -1 EAGAIN (Try again)
24249 1784070769.021660 recvfrom(38, 0x7ff90a9f80, 3200, MSG_DONTWAIT, NULL, NULL) = -1 EAGAIN (Try again)
24271 1784070769.029240 recvfrom(42, 0x716ad86eb0, 3200, MSG_DONTWAIT, NULL, NULL) = -1 EAGAIN (Try again)
24271 1784070769.038666 recvfrom(42, "nysv\0\0\0\0\0\0\0\0\0\0\0\0r\220\321\352\223\1\0\0\234\222\1\0\0\0\0\0", 3200, MSG_DONTWAIT, NULL, NULL) = 32
24271 1784070769.038684 recvfrom(42, 0x716ad86c80, 3200, MSG_DONTWAIT, NULL, NULL) = -1 EAGAIN (Try again)
24271 1784070769.046760 recvfrom(42, 0x716ad86eb0, 3200, MSG_DONTWAIT, NULL, NULL) = -1 EAGAIN (Try again)
24249 1784070769.046775 recvfrom(38, "nysv\0\0\0\0\0\0\0\0\0\0\0\0r\220\321\352\223\1\0\0\234\222\1\0\0\0\0\0", 3200, MSG_DONTWAIT, NULL, NULL) = 32
24249 1784070769.046791 recvfrom(38, 0x7ff90aa020, 3200, MSG_DONTWAIT, NULL, NULL) = -1 EAGAIN (Try again)
24249 1784070769.046837 recvfrom(38, 0x7ff90a9f80, 3200, MSG_DONTWAIT, NULL, NULL) = -1 EAGAIN (Try again)
24271 1784070769.054575 recvfrom(42, "nysv\0\0\0\0\0\0\0\0\0\0\0\0)\233\317\353\223\1\0\0\235\222\1\0\0\0\0\0", 3200, MSG_DONTWAIT, NULL, NULL) = 32
24271 1784070769.054589 recvfrom(42, 0x716ad86c80, 3200, MSG_DONTWAIT, NULL, NULL) = -1 EAGAIN (Try again)
24249 1784070769.054612 recvfrom(38, "nysv\0\0\0\0\0\0\0\0\0\0\0\0)\233\317\353\223\1\0\0\235\222\1\0\0\0\0\0", 3200, MSG_DONTWAIT, NULL, NULL) = 32
24249 1784070769.054621 recvfrom(38, 0x7ff90aa020, 3200, MSG_DONTWAIT, NULL, NULL) = -1 EAGAIN (Try again)
24271 1784070769.062551 recvfrom(42, 0x716ad86eb0, 3200, MSG_DONTWAIT, NULL, NULL) = -1 EAGAIN (Try again)
24271 1784070769.070775 recvfrom(42, "nysv\0\0\0\0\0\0\0\0\0\0\0\0z\303\315\354\223\1\0\0\236\222\1\0\0\0\0\0", 3200, MSG_DONTWAIT, NULL, NULL) = 32
24271 1784070769.070876 recvfrom(42, 0x716ad86c80, 3200, MSG_DONTWAIT, NULL, NULL) = -1 EAGAIN (Try again)
24271 1784070769.078606 recvfrom(42, 0x716ad86eb0, 3200, MSG_DONTWAIT, NULL, NULL) = -1 EAGAIN (Try again)
24271 1784070769.086745 recvfrom(42, "nysv\0\0\0\0\0\0\0\0\0\0\0\0\310\24\314\355\223\1\0\0\237\222\1\0\0\0\0\0", 3200, MSG_DONTWAIT, NULL, NULL) = 32
24271 1784070769.086767 recvfrom(42, 0x716ad86c80, 3200, MSG_DONTWAIT, NULL, NULL) = -1 EAGAIN (Try again)
24271 1784070769.094618 recvfrom(42, 0x716ad86eb0, 3200, MSG_DONTWAIT, NULL, NULL) = -1 EAGAIN (Try again)
24271 1784070769.102758 recvfrom(42, "nysv\0\0\0\0\0\0\0\0\0\0\0\0\204\220\312\356\223\1\0\0\240\222\1\0\0\0\0\0", 3200, MSG_DONTWAIT, NULL, NULL) = 32
24271 1784070769.102780 recvfrom(42, 0x716ad86c80, 3200, MSG_DONTWAIT, NULL, NULL) = -1 EAGAIN (Try again)
24271 1784070769.111198 recvfrom(42, 0x716ad86eb0, 3200, MSG_DONTWAIT, NULL, NULL) = -1 EAGAIN (Try again)
24271 1784070769.119288 recvfrom(42, "nysv\0\0\0\0\0\0\0\0\0\0\0\0\303S\311\357\223\1\0\0\241\222\1\0\0\0\0\0", 3200, MSG_DONTWAIT, NULL, NULL) = 32
24271 1784070769.119310 recvfrom(42, 0x716ad86c80, 3200, MSG_DONTWAIT, NULL, NULL) = -1 EAGAIN (Try again)
24271 1784070769.128133 recvfrom(42, 0x716ad86eb0, 3200, MSG_DONTWAIT, NULL, NULL) = -1 EAGAIN (Try again)
24271 1784070769.138468 recvfrom(42, "nysv\0\0\0\0\0\0\0\0\0\0\0\0\356@\307\360\223\1\0\0\242\222\1\0\0\0\0\0", 3200, MSG_DONTWAIT, NULL, NULL) = 32
24271 1784070769.138558 recvfrom(42, 0x716ad86c80, 3200, MSG_DONTWAIT, NULL, NULL) = -1 EAGAIN (Try again)
24271 1784070769.147001 recvfrom(42, 0x716ad86eb0, 3200, MSG_DONTWAIT, NULL, NULL) = -1 EAGAIN (Try again)
24271 1784070769.154547 recvfrom(42, "nysv\0\0\0\0\0\0\0\0\0\0\0\0\33N\305\361\223\1\0\0\243\222\1\0\0\0\0\0", 3200, MSG_DONTWAIT, NULL, NULL) = 32
24271 1784070769.154569 recvfrom(42, 0x716ad86c80, 3200, MSG_DONTWAIT, NULL, NULL) = -1 EAGAIN (Try again)
24271 1784070769.162378 recvfrom(42, 0x716ad86eb0, 3200, MSG_DONTWAIT, NULL, NULL) = -1 EAGAIN (Try again)
24271 1784070769.170936 recvfrom(42, "nysv\0\0\0\0\0\0\0\0\0\0\0\0\340s\303\362\223\1\0\0\244\222\1\0\0\0\0\0", 3200, MSG_DONTWAIT, NULL, NULL) = 32
24271 1784070769.170953 recvfrom(42, 0x716ad86c80, 3200, MSG_DONTWAIT, NULL, NULL) = -1 EAGAIN (Try again)
24271 1784070769.180050 recvfrom(42, 0x716ad86eb0, 3200, MSG_DONTWAIT, NULL, NULL) = -1 EAGAIN (Try again)
24271 1784070769.188163 recvfrom(42, "nysv\0\0\0\0\0\0\0\0\0\0\0\0Ap\301\363\223\1\0\0\245\222\1\0\0\0\0\0", 3200, MSG_DONTWAIT, NULL, NULL) = 32
24271 1784070769.188186 recvfrom(42, 0x716ad86c80, 3200, MSG_DONTWAIT, NULL, NULL) = -1 EAGAIN (Try again)
24249 1784070769.197100 recvfrom(38, 0x7ff90a9cc0, 3200, MSG_DONTWAIT, NULL, NULL) = -1 EAGAIN (Try again)
24271 1784070769.204630 recvfrom(42, "nysv\0\0\0\0\0\0\0\0\0\0\0\0~v\277\364\223\1\0\0\246\222\1\0\0\0\0\0", 3200, MSG_DONTWAIT, NULL, NULL) = 32
24271 1784070769.204649 recvfrom(42, 0x716ad86c80, 3200, MSG_DONTWAIT, NULL, NULL) = -1 EAGAIN (Try again)
24249 1784070769.204672 recvfrom(38, "nysv\0\0\0\0\0\0\0\0\0\0\0\0~v\277\364\223\1\0\0\246\222\1\0\0\0\0\0", 3200, MSG_DONTWAIT, NULL, NULL) = 32
24249 1784070769.204685 recvfrom(38, 0x7ff90aa020, 3200, MSG_DONTWAIT, NULL, NULL) = -1 EAGAIN (Try again)
24249 1784070769.204714 recvfrom(61, 0x7165c6d820, 2272, MSG_DONTWAIT, NULL, NULL) = -1 EAGAIN (Try again)
24644 1784070769.697777 sendmsg(71, {msg_name=NULL, msg_namelen=0, msg_iov=[{iov_base="l\1\1\1\344\0\0\0\324\2\0\0\235\0\0\0\1\1o\0;\0\0\0/re/frid"..., iov_len=404}], msg_iovlen=1, msg_controllen=0, msg_flags=0}, MSG_NOSIGNAL) = 404
24249 1784070769.698005 recvfrom(38, 0x7ff90a9de0, 3200, MSG_DONTWAIT, NULL, NULL) = -1 EAGAIN (Try again)
24249 1784070769.703735 recvfrom(38, "nysv\0\0\0\0\0\0\0\0\0\0\0\0\356\363\213\22\224\1\0\0\304\222\1\0\0\0\0\0", 3200, MSG_DONTWAIT, NULL, NULL) = 32
24249 1784070769.703764 recvfrom(38, 0x7ff90aa020, 3200, MSG_DONTWAIT, NULL, NULL) = -1 EAGAIN (Try again)
24249 1784070769.703852 recvfrom(61, 0x7165c6d820, 2272, MSG_DONTWAIT, NULL, NULL) = -1 EAGAIN (Try again)
24644 1784070770.679632 sendmsg(71, {msg_name=NULL, msg_namelen=0, msg_iov=[{iov_base="l\1\1\1\344\0\0\0\325\2\0\0\235\0\0\0\1\1o\0;\0\0\0/re/frid"..., iov_len=404}], msg_iovlen=1, msg_controllen=0, msg_flags=0}, MSG_NOSIGNAL) = 404
24249 1784070770.681398 recvfrom(38, 0x7ff90a9de0, 3200, MSG_DONTWAIT, NULL, NULL) = -1 EAGAIN (Try again)
24249 1784070770.686031 recvfrom(38, "nysv\0\0\0\0\0\0\0\0\0\0\0\0\324~(M\224\1\0\0\377\222\1\0\0\0\0\0", 3200, MSG_DONTWAIT, NULL, NULL) = 32
24249 1784070770.686147 recvfrom(38, 0x7ff90aa020, 3200, MSG_DONTWAIT, NULL, NULL) = -1 EAGAIN (Try again)
24249 1784070770.686338 recvfrom(61, 0x7165c6d820, 2272, MSG_DONTWAIT, NULL, NULL) = -1 EAGAIN (Try again)
24644 1784070771.699759 sendmsg(71, {msg_name=NULL, msg_namelen=0, msg_iov=[{iov_base="l\1\1\1\344\0\0\0\326\2\0\0\235\0\0\0\1\1o\0;\0\0\0/re/frid"..., iov_len=404}], msg_iovlen=1, msg_controllen=0, msg_flags=0}, MSG_NOSIGNAL) = 404
24249 1784070771.700348 recvfrom(38, 0x7ff90a9de0, 3200, MSG_DONTWAIT, NULL, NULL) = -1 EAGAIN (Try again)
24249 1784070771.702176 recvfrom(38, "nysv\0\0\0\0\0\0\0\0\0\0\0\0z\274\301\211\224\1\0\0:\223\1\0\0\0\0\0", 3200, MSG_DONTWAIT, NULL, NULL) = 32
24249 1784070771.702359 recvfrom(38, 0x7ff90aa020, 3200, MSG_DONTWAIT, NULL, NULL) = -1 EAGAIN (Try again)
24249 1784070771.702410 recvfrom(61, 0x7165c6d820, 2272, MSG_DONTWAIT, NULL, NULL) = -1 EAGAIN (Try again)
24644 1784070772.687302 sendmsg(71, {msg_name=NULL, msg_namelen=0, msg_iov=[{iov_base="l\1\1\1\344\0\0\0\327\2\0\0\235\0\0\0\1\1o\0;\0\0\0/re/frid"..., iov_len=404}], msg_iovlen=1, msg_controllen=0, msg_flags=0}, MSG_NOSIGNAL) = 404
24249 1784070772.688202 recvfrom(38, 0x7ff90a9de0, 3200, MSG_DONTWAIT, NULL, NULL) = -1 EAGAIN (Try again)
24249 1784070772.708463 recvfrom(38, "nysv\0\0\0\0\0\0\0\0\0\0\0\0\3050\\\305\224\1\0\0v\223\1\0\0\0\0\0", 3200, MSG_DONTWAIT, NULL, NULL) = 32
24249 1784070772.708536 recvfrom(38, 0x7ff90aa020, 3200, MSG_DONTWAIT, NULL, NULL) = -1 EAGAIN (Try again)
24249 1784070772.708724 recvfrom(61, 0x7165c6d820, 2272, MSG_DONTWAIT, NULL, NULL) = -1 EAGAIN (Try again)
24644 1784070773.708444 sendmsg(71, {msg_name=NULL, msg_namelen=0, msg_iov=[{iov_base="l\1\1\1\344\0\0\0\330\2\0\0\235\0\0\0\1\1o\0;\0\0\0/re/frid"..., iov_len=404}], msg_iovlen=1, msg_controllen=0, msg_flags=0}, MSG_NOSIGNAL) = 404
24249 1784070773.709411 recvfrom(38, 0x7ff90a9de0, 3200, MSG_DONTWAIT, NULL, NULL) = -1 EAGAIN (Try again)
24249 1784070773.723028 recvfrom(38, "nysv\0\0\0\0\0\0\0\0\0\0\0\0\307J\365\1\225\1\0\0\263\223\1\0\0\0\0\0", 3200, MSG_DONTWAIT, NULL, NULL) = 32
24249 1784070773.723147 recvfrom(38, 0x7ff90aa020, 3200, MSG_DONTWAIT, NULL, NULL) = -1 EAGAIN (Try again)
24249 1784070773.723474 recvfrom(61, 0x7165c6d820, 2272, MSG_DONTWAIT, NULL, NULL) = -1 EAGAIN (Try again)
24644 1784070774.692478 sendmsg(71, {msg_name=NULL, msg_namelen=0, msg_iov=[{iov_base="l\1\1\1\344\0\0\0\331\2\0\0\235\0\0\0\1\1o\0;\0\0\0/re/frid"..., iov_len=404}], msg_iovlen=1, msg_controllen=0, msg_flags=0}, MSG_NOSIGNAL) = 404
24249 1784070774.693007 recvfrom(38, 0x7ff90a9de0, 3200, MSG_DONTWAIT, NULL, NULL) = -1 EAGAIN (Try again)
24249 1784070774.706268 recvfrom(38, "nysv\0\0\0\0\0\0\0\0\0\0\0\0u\304\221<\225\1\0\0\355\223\1\0\0\0\0\0", 3200, MSG_DONTWAIT, NULL, NULL) = 32
24249 1784070774.706308 recvfrom(38, 0x7ff90aa020, 3200, MSG_DONTWAIT, NULL, NULL) = -1 EAGAIN (Try again)
24249 1784070774.706429 recvfrom(61, 0x7165c6d820, 2272, MSG_DONTWAIT, NULL, NULL) = -1 EAGAIN (Try again)
24644 1784070775.714394 sendmsg(71, {msg_name=NULL, msg_namelen=0, msg_iov=[{iov_base="l\1\1\1\344\0\0\0\332\2\0\0\235\0\0\0\1\1o\0;\0\0\0/re/frid"..., iov_len=404}], msg_iovlen=1, msg_controllen=0, msg_flags=0}, MSG_NOSIGNAL) = 404
24249 1784070775.715235 recvfrom(38, 0x7ff90a9de0, 3200, MSG_DONTWAIT, NULL, NULL) = -1 EAGAIN (Try again)
24249 1784070775.720110 recvfrom(38, "nysv\0\0\0\0\0\0\0\0\0\0\0\0\257\341*y\225\1\0\0*\224\1\0\0\0\0\0", 3200, MSG_DONTWAIT, NULL, NULL) = 32
24249 1784070775.720213 recvfrom(38, 0x7ff90aa020, 3200, MSG_DONTWAIT, NULL, NULL) = -1 EAGAIN (Try again)
24249 1784070775.720425 recvfrom(61, 0x7165c6d820, 2272, MSG_DONTWAIT, NULL, NULL) = -1 EAGAIN (Try again)
24644 1784070776.697619 sendmsg(71, {msg_name=NULL, msg_namelen=0, msg_iov=[{iov_base="l\1\1\1\344\0\0\0\333\2\0\0\235\0\0\0\1\1o\0;\0\0\0/re/frid"..., iov_len=404}], msg_iovlen=1, msg_controllen=0, msg_flags=0}, MSG_NOSIGNAL) = 404
24249 1784070776.698390 recvfrom(38, 0x7ff90a9de0, 3200, MSG_DONTWAIT, NULL, NULL) = -1 EAGAIN (Try again)
24249 1784070776.703584 recvfrom(38, "nysv\0\0\0\0\0\0\0\0\0\0\0\0!z\307\263\225\1\0\0d\224\1\0\0\0\0\0", 3200, MSG_DONTWAIT, NULL, NULL) = 32
24249 1784070776.703665 recvfrom(38, 0x7ff90aa020, 3200, MSG_DONTWAIT, NULL, NULL) = -1 EAGAIN (Try again)
24249 1784070776.703868 recvfrom(61, 0x7165c6d820, 2272, MSG_DONTWAIT, NULL, NULL) = -1 EAGAIN (Try again)
24644 1784070777.721116 sendmsg(71, {msg_name=NULL, msg_namelen=0, msg_iov=[{iov_base="l\1\1\1\344\0\0\0\334\2\0\0\235\0\0\0\1\1o\0;\0\0\0/re/frid"..., iov_len=404}], msg_iovlen=1, msg_controllen=0, msg_flags=0}, MSG_NOSIGNAL) = 404
24249 1784070777.721786 recvfrom(38, 0x7ff90a9de0, 3200, MSG_DONTWAIT, NULL, NULL) = -1 EAGAIN (Try again)
24249 1784070777.735857 recvfrom(38, "nysv\0\0\0\0\0\0\0\0\0\0\0\0^9_\361\225\1\0\0\237\224\1\0\0\0\0\0", 3200, MSG_DONTWAIT, NULL, NULL) = 32
24249 1784070777.736341 recvfrom(38, 0x7ff90aa020, 3200, MSG_DONTWAIT, NULL, NULL) = -1 EAGAIN (Try again)
24249 1784070777.736443 recvfrom(61, 0x7165c6d820, 2272, MSG_DONTWAIT, NULL, NULL) = -1 EAGAIN (Try again)
24644 1784070778.703742 sendmsg(71, {msg_name=NULL, msg_namelen=0, msg_iov=[{iov_base="l\1\1\1\344\0\0\0\335\2\0\0\235\0\0\0\1\1o\0;\0\0\0/re/frid"..., iov_len=404}], msg_iovlen=1, msg_controllen=0, msg_flags=0}, MSG_NOSIGNAL) = 404
24249 1784070778.705103 recvfrom(38, 0x7ff90a9de0, 3200, MSG_DONTWAIT, NULL, NULL) = -1 EAGAIN (Try again)
24249 1784070778.722946 recvfrom(38, "nysv\0\0\0\0\0\0\0\0\0\0\0\0\377;\373+\226\1\0\0\332\224\1\0\0\0\0\0", 3200, MSG_DONTWAIT, NULL, NULL) = 32
24249 1784070778.723050 recvfrom(38, 0x7ff90aa020, 3200, MSG_DONTWAIT, NULL, NULL) = -1 EAGAIN (Try again)
24249 1784070778.723296 recvfrom(61, 0x7165c6d820, 2272, MSG_DONTWAIT, NULL, NULL) = -1 EAGAIN (Try again)
24644 1784070779.725154 sendmsg(71, {msg_name=NULL, msg_namelen=0, msg_iov=[{iov_base="l\1\1\1\344\0\0\0\336\2\0\0\235\0\0\0\1\1o\0;\0\0\0/re/frid"..., iov_len=404}], msg_iovlen=1, msg_controllen=0, msg_flags=0}, MSG_NOSIGNAL) = 404
24249 1784070779.725650 recvfrom(38, 0x7ff90a9de0, 3200, MSG_DONTWAIT, NULL, NULL) = -1 EAGAIN (Try again)
24249 1784070779.735453 recvfrom(38, "nysv\0\0\0\0\0\0\0\0\0\0\0\0007\316\224h\226\1\0\0\25\225\1\0\0\0\0\0", 3200, MSG_DONTWAIT, NULL, NULL) = 32
24249 1784070779.735490 recvfrom(38, 0x7ff90aa020, 3200, MSG_DONTWAIT, NULL, NULL) = -1 EAGAIN (Try again)
24249 1784070779.735531 recvfrom(61, 0x7165c6d820, 2272, MSG_DONTWAIT, NULL, NULL) = -1 EAGAIN (Try again)
24644 1784070780.707581 sendmsg(71, {msg_name=NULL, msg_namelen=0, msg_iov=[{iov_base="l\1\1\1\344\0\0\0\337\2\0\0\235\0\0\0\1\1o\0;\0\0\0/re/frid"..., iov_len=404}], msg_iovlen=1, msg_controllen=0, msg_flags=0}, MSG_NOSIGNAL) = 404
24249 1784070780.707935 recvfrom(38, 0x7ff90a9de0, 3200, MSG_DONTWAIT, NULL, NULL) = -1 EAGAIN (Try again)
24249 1784070780.718846 recvfrom(38, "nysv\0\0\0\0\0\0\0\0\0\0\0\0\336\0341\243\226\1\0\0O\225\1\0\0\0\0\0", 3200, MSG_DONTWAIT, NULL, NULL) = 32
24249 1784070780.718889 recvfrom(38, 0x7ff90aa020, 3200, MSG_DONTWAIT, NULL, NULL) = -1 EAGAIN (Try again)
24249 1784070780.718996 recvfrom(61, 0x7165c6d820, 2272, MSG_DONTWAIT, NULL, NULL) = -1 EAGAIN (Try again)
24644 1784070781.729567 sendmsg(71, {msg_name=NULL, msg_namelen=0, msg_iov=[{iov_base="l\1\1\1\344\0\0\0\340\2\0\0\235\0\0\0\1\1o\0;\0\0\0/re/frid"..., iov_len=404}], msg_iovlen=1, msg_controllen=0, msg_flags=0}, MSG_NOSIGNAL) = 404
24249 1784070781.730416 recvfrom(38, 0x7ff90a9de0, 3200, MSG_DONTWAIT, NULL, NULL) = -1 EAGAIN (Try again)
24249 1784070781.737703 recvfrom(38, "nysv\0\0\0\0\0\0\0\0\0\0\0\0\261\351\311\337\226\1\0\0\213\225\1\0\0\0\0\0", 3200, MSG_DONTWAIT, NULL, NULL) = 32
24249 1784070781.737791 recvfrom(38, 0x7ff90aa020, 3200, MSG_DONTWAIT, NULL, NULL) = -1 EAGAIN (Try again)
24249 1784070781.737883 recvfrom(61, 0x7165c6d820, 2272, MSG_DONTWAIT, NULL, NULL) = -1 EAGAIN (Try again)
24644 1784070782.711981 sendmsg(71, {msg_name=NULL, msg_namelen=0, msg_iov=[{iov_base="l\1\1\1\344\0\0\0\341\2\0\0\235\0\0\0\1\1o\0;\0\0\0/re/frid"..., iov_len=404}], msg_iovlen=1, msg_controllen=0, msg_flags=0}, MSG_NOSIGNAL) = 404
24249 1784070782.712800 recvfrom(38, 0x7ff90a9de0, 3200, MSG_DONTWAIT, NULL, NULL) = -1 EAGAIN (Try again)
24249 1784070782.719309 recvfrom(38, "nysv\0\0\0\0\0\0\0\0\0\0\0\0)\334f\32\227\1\0\0\306\225\1\0\0\0\0\0", 3200, MSG_DONTWAIT, NULL, NULL) = 32
24249 1784070782.719386 recvfrom(38, 0x7ff90aa020, 3200, MSG_DONTWAIT, NULL, NULL) = -1 EAGAIN (Try again)
24249 1784070782.719557 recvfrom(61, 0x7165c6d820, 2272, MSG_DONTWAIT, NULL, NULL) = -1 EAGAIN (Try again)
24644 1784070783.735754 sendmsg(71, {msg_name=NULL, msg_namelen=0, msg_iov=[{iov_base="l\1\1\1\344\0\0\0\342\2\0\0\235\0\0\0\1\1o\0;\0\0\0/re/frid"..., iov_len=404}], msg_iovlen=1, msg_controllen=0, msg_flags=0}, MSG_NOSIGNAL) = 404
24249 1784070783.737152 recvfrom(38, 0x7ff90a9de0, 3200, MSG_DONTWAIT, NULL, NULL) = -1 EAGAIN (Try again)
24249 1784070783.754331 recvfrom(38, "nysv\0\0\0\0\0\0\0\0\0\0\0\0\213\315\375W\227\1\0\0\4\226\1\0\0\0\0\0", 3200, MSG_DONTWAIT, NULL, NULL) = 32
24249 1784070783.754460 recvfrom(38, 0x7ff90aa020, 3200, MSG_DONTWAIT, NULL, NULL) = -1 EAGAIN (Try again)
24249 1784070783.754821 recvfrom(61, 0x7165c6d820, 2272, MSG_DONTWAIT, NULL, NULL) = -1 EAGAIN (Try again)
24644 1784070784.718230 sendmsg(71, {msg_name=NULL, msg_namelen=0, msg_iov=[{iov_base="l\1\1\1\344\0\0\0\343\2\0\0\235\0\0\0\1\1o\0;\0\0\0/re/frid"..., iov_len=404}], msg_iovlen=1, msg_controllen=0, msg_flags=0}, MSG_NOSIGNAL) = 404
24249 1784070784.718594 recvfrom(38, 0x7ff90a9de0, 3200, MSG_DONTWAIT, NULL, NULL) = -1 EAGAIN (Try again)
24249 1784070784.719141 recvfrom(38, "nysv\0\0\0\0\0\0\0\0\0\0\0\0\323A\234\221\227\1\0\0>\226\1\0\0\0\0\0", 3200, MSG_DONTWAIT, NULL, NULL) = 32
24249 1784070784.719185 recvfrom(38, 0x7ff90aa020, 3200, MSG_DONTWAIT, NULL, NULL) = -1 EAGAIN (Try again)
24249 1784070784.719237 recvfrom(61, 0x7165c6d820, 2272, MSG_DONTWAIT, NULL, NULL) = -1 EAGAIN (Try again)
24644 1784070785.741524 sendmsg(71, {msg_name=NULL, msg_namelen=0, msg_iov=[{iov_base="l\1\1\1\344\0\0\0\344\2\0\0\235\0\0\0\1\1o\0;\0\0\0/re/frid"..., iov_len=404}], msg_iovlen=1, msg_controllen=0, msg_flags=0}, MSG_NOSIGNAL) = 404
24249 1784070785.742311 recvfrom(38, 0x7ff90a9de0, 3200, MSG_DONTWAIT, NULL, NULL) = -1 EAGAIN (Try again)
24249 1784070785.756698 recvfrom(38, "nysv\0\0\0\0\0\0\0\0\0\0\0\0;a3\317\227\1\0\0|\226\1\0\0\0\0\0", 3200, MSG_DONTWAIT, NULL, NULL) = 32
24249 1784070785.756838 recvfrom(38, 0x7ff90aa020, 3200, MSG_DONTWAIT, NULL, NULL) = -1 EAGAIN (Try again)
24249 1784070785.757075 recvfrom(61, 0x7165c6d820, 2272, MSG_DONTWAIT, NULL, NULL) = -1 EAGAIN (Try again)
24644 1784070786.724847 sendmsg(71, {msg_name=NULL, msg_namelen=0, msg_iov=[{iov_base="l\1\1\1\344\0\0\0\345\2\0\0\235\0\0\0\1\1o\0;\0\0\0/re/frid"..., iov_len=404}], msg_iovlen=1, msg_controllen=0, msg_flags=0}, MSG_NOSIGNAL) = 404
24249 1784070786.725379 recvfrom(38, 0x7ff90a9de0, 3200, MSG_DONTWAIT, NULL, NULL) = -1 EAGAIN (Try again)
24249 1784070786.737286 recvfrom(38, "nysv\0\0\0\0\0\0\0\0\0\0\0\0\351\332\317\t\230\1\0\0\267\226\1\0\0\0\0\0", 3200, MSG_DONTWAIT, NULL, NULL) = 32
24249 1784070786.737373 recvfrom(38, 0x7ff90aa020, 3200, MSG_DONTWAIT, NULL, NULL) = -1 EAGAIN (Try again)
24249 1784070786.737573 recvfrom(61, 0x7165c6d820, 2272, MSG_DONTWAIT, NULL, NULL) = -1 EAGAIN (Try again)
24644 1784070787.748789 sendmsg(71, {msg_name=NULL, msg_namelen=0, msg_iov=[{iov_base="l\1\1\1\344\0\0\0\346\2\0\0\235\0\0\0\1\1o\0;\0\0\0/re/frid"..., iov_len=404}], msg_iovlen=1, msg_controllen=0, msg_flags=0}, MSG_NOSIGNAL) = 404
24249 1784070787.749813 recvfrom(38, 0x7ff90a9de0, 3200, MSG_DONTWAIT, NULL, NULL) = -1 EAGAIN (Try again)
24249 1784070787.752677 recvfrom(38, "nysv\0\0\0\0\0\0\0\0\0\0\0\0w.iF\230\1\0\0\363\226\1\0\0\0\0\0", 3200, MSG_DONTWAIT, NULL, NULL) = 32
24249 1784070787.752746 recvfrom(38, 0x7ff90aa020, 3200, MSG_DONTWAIT, NULL, NULL) = -1 EAGAIN (Try again)
24249 1784070787.752797 recvfrom(61, 0x7165c6d820, 2272, MSG_DONTWAIT, NULL, NULL) = -1 EAGAIN (Try again)
24249 1784070788.450613 recvfrom(61, "\2\0\0\0\0\0\0\0\367\10\0\0\0\0\0\0@>\365o\230\1\0\0\1\0\0\0\2\20\0\0"..., 2272, MSG_DONTWAIT, NULL, NULL) = 232
24249 1784070788.450753 recvfrom(38, 0x7ff90a82b0, 3200, MSG_DONTWAIT, NULL, NULL) = -1 EAGAIN (Try again)
24249 1784070788.450851 sendto(61, "\3\0\0\0\0\0\0\0\367\10\0\0\1\0\0\0", 16, MSG_DONTWAIT|MSG_NOSIGNAL, NULL, 0) = 16
24249 1784070788.450886 recvfrom(61, 0x7165c6d820, 2272, MSG_DONTWAIT, NULL, NULL) = -1 EAGAIN (Try again)
24249 1784070788.451429 recvfrom(61, "\2\0\0\0\0\0\0\0\371\10\0\0\0\0\0\0@>\365o\230\1\0\0\1\0\0\0\2\20\0\0"..., 2272, MSG_DONTWAIT, NULL, NULL) = 232
24249 1784070788.451494 sendto(61, "\3\0\0\0\0\0\0\0\371\10\0\0\1\0\0\0", 16, MSG_DONTWAIT|MSG_NOSIGNAL, NULL, 0) = 16
24249 1784070788.451519 recvfrom(61, 0x7165c6d820, 2272, MSG_DONTWAIT, NULL, NULL) = -1 EAGAIN (Try again)
24249 1784070788.452117 recvfrom(38, "nysv\0\0\0\0\0\0\0\0\0\0\0\0@k\"p\230\1\0\0\34\227\1\0\0\0\0\0", 3200, MSG_DONTWAIT, NULL, NULL) = 32
24249 1784070788.452134 recvfrom(38, 0x7ff90aa020, 3200, MSG_DONTWAIT, NULL, NULL) = -1 EAGAIN (Try again)
24249 1784070788.452157 recvfrom(61, 0x7165c6d820, 2272, MSG_DONTWAIT, NULL, NULL) = -1 EAGAIN (Try again)
24249 1784070788.452173 recvfrom(38, 0x7ff90a9f80, 3200, MSG_DONTWAIT, NULL, NULL) = -1 EAGAIN (Try again)
24644 1784070788.453814 sendmsg(71, {msg_name=NULL, msg_namelen=0, msg_iov=[{iov_base="l\1\1\1\310\0\0\0\347\2\0\0\235\0\0\0\1\1o\0;\0\0\0/re/frid"..., iov_len=376}], msg_iovlen=1, msg_controllen=0, msg_flags=0}, MSG_NOSIGNAL) = 376
24271 1784070788.458048 recvfrom(42, 0x716ad86eb0, 3200, MSG_DONTWAIT, NULL, NULL) = -1 EAGAIN (Try again)
24271 1784070788.458083 recvfrom(42, 0x716ad86eb0, 3200, MSG_DONTWAIT, NULL, NULL) = -1 EAGAIN (Try again)
24644 1784070788.458279 sendmsg(71, {msg_name=NULL, msg_namelen=0, msg_iov=[{iov_base="l\1\1\1H\1\0\0\350\2\0\0\235\0\0\0\1\1o\0;\0\0\0/re/frid"..., iov_len=504}], msg_iovlen=1, msg_controllen=0, msg_flags=0}, MSG_NOSIGNAL) = 504
24271 1784070788.469324 recvfrom(42, "nysv\0\0\0\0\0\0\0\0\0\0\0\0\21\367 q\230\1\0\0\35\227\1\0\0\0\0\0", 3200, MSG_DONTWAIT, NULL, NULL) = 32
24271 1784070788.469343 recvfrom(42, 0x716ad86c80, 3200, MSG_DONTWAIT, NULL, NULL) = -1 EAGAIN (Try again)
24249 1784070788.469363 recvfrom(38, "nysv\0\0\0\0\0\0\0\0\0\0\0\0\21\367 q\230\1\0\0\35\227\1\0\0\0\0\0", 3200, MSG_DONTWAIT, NULL, NULL) = 32
24249 1784070788.469372 recvfrom(38, 0x7ff90aa020, 3200, MSG_DONTWAIT, NULL, NULL) = -1 EAGAIN (Try again)
24249 1784070788.469479 recvfrom(61, 0x7165c6d820, 2272, MSG_DONTWAIT, NULL, NULL) = -1 EAGAIN (Try again)
24249 1784070788.469502 recvfrom(38, 0x7ff90a9f80, 3200, MSG_DONTWAIT, NULL, NULL) = -1 EAGAIN (Try again)
24271 1784070788.477483 recvfrom(42, 0x716ad86eb0, 3200, MSG_DONTWAIT, NULL, NULL) = -1 EAGAIN (Try again)
24644 1784070788.477870 sendmsg(71, {msg_name=NULL, msg_namelen=0, msg_iov=[{iov_base="l\1\1\1\344\0\0\0\351\2\0\0\235\0\0\0\1\1o\0;\0\0\0/re/frid"..., iov_len=404}], msg_iovlen=1, msg_controllen=0, msg_flags=0}, MSG_NOSIGNAL) = 404
24644 1784070788.478781 sendmsg(71, {msg_name=NULL, msg_namelen=0, msg_iov=[{iov_base="l\1\1\1\334\0\0\0\352\2\0\0\235\0\0\0\1\1o\0;\0\0\0/re/frid"..., iov_len=396}], msg_iovlen=1, msg_controllen=0, msg_flags=0}, MSG_NOSIGNAL) = 396
24644 1784070788.478946 sendmsg(71, {msg_name=NULL, msg_namelen=0, msg_iov=[{iov_base="l\1\1\1\350\0\0\0\353\2\0\0\235\0\0\0\1\1o\0;\0\0\0/re/frid"..., iov_len=408}], msg_iovlen=1, msg_controllen=0, msg_flags=0}, MSG_NOSIGNAL) = 408
24644 1784070788.479185 sendmsg(71, {msg_name=NULL, msg_namelen=0, msg_iov=[{iov_base="l\1\1\1\354\0\0\0\354\2\0\0\235\0\0\0\1\1o\0;\0\0\0/re/frid"..., iov_len=412}], msg_iovlen=1, msg_controllen=0, msg_flags=0}, MSG_NOSIGNAL) = 412
24249 1784070788.480185 faccessat(AT_FDCWD, "/data/user/0/barilyuk.batterytemperature/shared_prefs/MyPrefs.xml", F_OK) = 0
24249 1784070788.480205 faccessat(AT_FDCWD, "/data/user/0/barilyuk.batterytemperature/shared_prefs/MyPrefs.xml.bak", F_OK) = -1 ENOENT (No such file or directory)
24249 1784070788.480253 renameat(AT_FDCWD, "/data/user/0/barilyuk.batterytemperature/shared_prefs/MyPrefs.xml", AT_FDCWD, "/data/user/0/barilyuk.batterytemperature/shared_prefs/MyPrefs.xml.bak") = 0
24249 1784070788.480278 openat(AT_FDCWD, "/data/user/0/barilyuk.batterytemperature/shared_prefs/MyPrefs.xml", O_WRONLY|O_CREAT|O_TRUNC, 0600) = 56
24249 1784070788.481451 getsockopt(56, SOL_SOCKET, SO_ERROR, 0x7ff90aabe4, [4]) = -1 ENOTSOCK (Socket operation on non-socket)
24249 1784070788.481468 fchmodat(AT_FDCWD, "/data/user/0/barilyuk.batterytemperature/shared_prefs/MyPrefs.xml", 0660) = 0
24249 1784070788.481478 newfstatat(AT_FDCWD, "/data/user/0/barilyuk.batterytemperature/shared_prefs/MyPrefs.xml", {st_mode=S_IFREG|0660, st_size=312, ...}, 0) = 0
24644 1784070788.481623 sendmsg(71, {msg_name=NULL, msg_namelen=0, msg_iov=[{iov_base="l\1\1\1\20\1\0\0\355\2\0\0\235\0\0\0\1\1o\0;\0\0\0/re/frid"..., iov_len=448}], msg_iovlen=1, msg_controllen=0, msg_flags=0}, MSG_NOSIGNAL) = 448
24249 1784070788.481698 unlinkat(AT_FDCWD, "/data/user/0/barilyuk.batterytemperature/shared_prefs/MyPrefs.xml.bak", 0) = 0
24271 1784070788.485488 recvfrom(42, "nysv\0\0\0\0\0\0\0\0\0\0\0\0\377\222\37r\230\1\0\0\36\227\1\0\0\0\0\0", 3200, MSG_DONTWAIT, NULL, NULL) = 32
24271 1784070788.485507 recvfrom(42, 0x716ad86c80, 3200, MSG_DONTWAIT, NULL, NULL) = -1 EAGAIN (Try again)
24249 1784070788.485527 recvfrom(38, "nysv\0\0\0\0\0\0\0\0\0\0\0\0\377\222\37r\230\1\0\0\36\227\1\0\0\0\0\0", 3200, MSG_DONTWAIT, NULL, NULL) = 32
24249 1784070788.485536 recvfrom(38, 0x7ff90aa020, 3200, MSG_DONTWAIT, NULL, NULL) = -1 EAGAIN (Try again)
24249 1784070788.485557 recvfrom(61, 0x7165c6d820, 2272, MSG_DONTWAIT, NULL, NULL) = -1 EAGAIN (Try again)
24249 1784070788.485575 recvfrom(38, 0x7ff90a9f80, 3200, MSG_DONTWAIT, NULL, NULL) = -1 EAGAIN (Try again)
24271 1784070788.493239 recvfrom(42, 0x716ad86eb0, 3200, MSG_DONTWAIT, NULL, NULL) = -1 EAGAIN (Try again)
24271 1784070788.504456 recvfrom(42, "nysv\0\0\0\0\0\0\0\0\0\0\0\0F\244\35s\230\1\0\0\37\227\1\0\0\0\0\0", 3200, MSG_DONTWAIT, NULL, NULL) = 32
24271 1784070788.504475 recvfrom(42, 0x716ad86c80, 3200, MSG_DONTWAIT, NULL, NULL) = -1 EAGAIN (Try again)
24249 1784070788.504494 recvfrom(38, "nysv\0\0\0\0\0\0\0\0\0\0\0\0F\244\35s\230\1\0\0\37\227\1\0\0\0\0\0", 3200, MSG_DONTWAIT, NULL, NULL) = 32
24249 1784070788.504504 recvfrom(38, 0x7ff90aa020, 3200, MSG_DONTWAIT, NULL, NULL) = -1 EAGAIN (Try again)
24249 1784070788.504542 recvfrom(38, 0x7ff90a9f80, 3200, MSG_DONTWAIT, NULL, NULL) = -1 EAGAIN (Try again)
24271 1784070788.513052 recvfrom(42, 0x716ad86eb0, 3200, MSG_DONTWAIT, NULL, NULL) = -1 EAGAIN (Try again)
24271 1784070788.519252 recvfrom(42, "nysv\0\0\0\0\0\0\0\0\0\0\0\0.*\34t\230\1\0\0 \227\1\0\0\0\0\0", 3200, MSG_DONTWAIT, NULL, NULL) = 32
24271 1784070788.519278 recvfrom(42, 0x716ad86c80, 3200, MSG_DONTWAIT, NULL, NULL) = -1 EAGAIN (Try again)
24249 1784070788.519303 recvfrom(38, "nysv\0\0\0\0\0\0\0\0\0\0\0\0.*\34t\230\1\0\0 \227\1\0\0\0\0\0", 3200, MSG_DONTWAIT, NULL, NULL) = 32
24249 1784070788.519313 recvfrom(38, 0x7ff90aa020, 3200, MSG_DONTWAIT, NULL, NULL) = -1 EAGAIN (Try again)
24249 1784070788.519404 recvfrom(38, 0x7ff90a9f80, 3200, MSG_DONTWAIT, NULL, NULL) = -1 EAGAIN (Try again)
24271 1784070788.528101 recvfrom(42, 0x716ad86eb0, 3200, MSG_DONTWAIT, NULL, NULL) = -1 EAGAIN (Try again)
24271 1784070788.536201 recvfrom(42, "nysv\0\0\0\0\0\0\0\0\0\0\0\0\215\236\32u\230\1\0\0!\227\1\0\0\0\0\0", 3200, MSG_DONTWAIT, NULL, NULL) = 32
24271 1784070788.536218 recvfrom(42, 0x716ad86c80, 3200, MSG_DONTWAIT, NULL, NULL) = -1 EAGAIN (Try again)
24249 1784070788.536236 recvfrom(38, "nysv\0\0\0\0\0\0\0\0\0\0\0\0\215\236\32u\230\1\0\0!\227\1\0\0\0\0\0", 3200, MSG_DONTWAIT, NULL, NULL) = 32
24249 1784070788.536257 recvfrom(38, 0x7ff90aa020, 3200, MSG_DONTWAIT, NULL, NULL) = -1 EAGAIN (Try again)
24249 1784070788.536397 recvfrom(38, 0x7ff90a9f80, 3200, MSG_DONTWAIT, NULL, NULL) = -1 EAGAIN (Try again)
24271 1784070788.545153 recvfrom(42, 0x716ad86eb0, 3200, MSG_DONTWAIT, NULL, NULL) = -1 EAGAIN (Try again)
24271 1784070788.553471 recvfrom(42, "nysv\0\0\0\0\0\0\0\0\0\0\0\0l\354\30v\230\1\0\0\"\227\1\0\0\0\0\0", 3200, MSG_DONTWAIT, NULL, NULL) = 32
24271 1784070788.553493 recvfrom(42, 0x716ad86c80, 3200, MSG_DONTWAIT, NULL, NULL) = -1 EAGAIN (Try again)
24249 1784070788.553512 recvfrom(38, "nysv\0\0\0\0\0\0\0\0\0\0\0\0l\354\30v\230\1\0\0\"\227\1\0\0\0\0\0", 3200, MSG_DONTWAIT, NULL, NULL) = 32
24249 1784070788.553526 recvfrom(38, 0x7ff90aa020, 3200, MSG_DONTWAIT, NULL, NULL) = -1 EAGAIN (Try again)
24249 1784070788.553551 recvfrom(38, 0x7ff90a9f80, 3200, MSG_DONTWAIT, NULL, NULL) = -1 EAGAIN (Try again)
24271 1784070788.561032 recvfrom(42, 0x716ad86eb0, 3200, MSG_DONTWAIT, NULL, NULL) = -1 EAGAIN (Try again)
24271 1784070788.570433 recvfrom(42, "nysv\0\0\0\0\0\0\0\0\0\0\0\0001(\27w\230\1\0\0#\227\1\0\0\0\0\0", 3200, MSG_DONTWAIT, NULL, NULL) = 32
24271 1784070788.570456 recvfrom(42, 0x716ad86c80, 3200, MSG_DONTWAIT, NULL, NULL) = -1 EAGAIN (Try again)
24249 1784070788.570481 recvfrom(38, "nysv\0\0\0\0\0\0\0\0\0\0\0\0001(\27w\230\1\0\0#\227\1\0\0\0\0\0", 3200, MSG_DONTWAIT, NULL, NULL) = 32
24249 1784070788.570491 recvfrom(38, 0x7ff90aa020, 3200, MSG_DONTWAIT, NULL, NULL) = -1 EAGAIN (Try again)
24249 1784070788.570533 recvfrom(38, 0x7ff90a9f80, 3200, MSG_DONTWAIT, NULL, NULL) = -1 EAGAIN (Try again)
24271 1784070788.578206 recvfrom(42, 0x716ad86eb0, 3200, MSG_DONTWAIT, NULL, NULL) = -1 EAGAIN (Try again)
24271 1784070788.585625 recvfrom(42, "nysv\0\0\0\0\0\0\0\0\0\0\0\0&\277\25x\230\1\0\0$\227\1\0\0\0\0\0", 3200, MSG_DONTWAIT, NULL, NULL) = 32
24271 1784070788.585645 recvfrom(42, 0x716ad86c80, 3200, MSG_DONTWAIT, NULL, NULL) = -1 EAGAIN (Try again)
24249 1784070788.585667 recvfrom(38, "nysv\0\0\0\0\0\0\0\0\0\0\0\0&\277\25x\230\1\0\0$\227\1\0\0\0\0\0", 3200, MSG_DONTWAIT, NULL, NULL) = 32
24249 1784070788.585677 recvfrom(38, 0x7ff90aa020, 3200, MSG_DONTWAIT, NULL, NULL) = -1 EAGAIN (Try again)
24249 1784070788.585729 recvfrom(38, 0x7ff90a9f80, 3200, MSG_DONTWAIT, NULL, NULL) = -1 EAGAIN (Try again)
24271 1784070788.594538 recvfrom(42, 0x716ad86eb0, 3200, MSG_DONTWAIT, NULL, NULL) = -1 EAGAIN (Try again)
24271 1784070788.602879 recvfrom(42, "nysv\0\0\0\0\0\0\0\0\0\0\0\0\0202\24y\230\1\0\0%\227\1\0\0\0\0\0", 3200, MSG_DONTWAIT, NULL, NULL) = 32
24271 1784070788.602902 recvfrom(42, 0x716ad86c80, 3200, MSG_DONTWAIT, NULL, NULL) = -1 EAGAIN (Try again)
24249 1784070788.602981 recvfrom(38, "nysv\0\0\0\0\0\0\0\0\0\0\0\0\0202\24y\230\1\0\0%\227\1\0\0\0\0\0", 3200, MSG_DONTWAIT, NULL, NULL) = 32
24249 1784070788.602992 recvfrom(38, 0x7ff90aa020, 3200, MSG_DONTWAIT, NULL, NULL) = -1 EAGAIN (Try again)
24249 1784070788.603029 recvfrom(38, 0x7ff90a9f80, 3200, MSG_DONTWAIT, NULL, NULL) = -1 EAGAIN (Try again)
24271 1784070788.611998 recvfrom(42, 0x716ad86eb0, 3200, MSG_DONTWAIT, NULL, NULL) = -1 EAGAIN (Try again)
24271 1784070788.619695 recvfrom(42, "nysv\0\0\0\0\0\0\0\0\0\0\0\0\370\242\22z\230\1\0\0&\227\1\0\0\0\0\0", 3200, MSG_DONTWAIT, NULL, NULL) = 32
24271 1784070788.619722 recvfrom(42, 0x716ad86c80, 3200, MSG_DONTWAIT, NULL, NULL) = -1 EAGAIN (Try again)
24249 1784070788.619743 recvfrom(38, "nysv\0\0\0\0\0\0\0\0\0\0\0\0\370\242\22z\230\1\0\0&\227\1\0\0\0\0\0", 3200, MSG_DONTWAIT, NULL, NULL) = 32
24249 1784070788.619756 recvfrom(38, 0x7ff90aa020, 3200, MSG_DONTWAIT, NULL, NULL) = -1 EAGAIN (Try again)
24249 1784070788.619868 recvfrom(38, 0x7ff90a9f80, 3200, MSG_DONTWAIT, NULL, NULL) = -1 EAGAIN (Try again)
24271 1784070788.628214 recvfrom(42, 0x716ad86eb0, 3200, MSG_DONTWAIT, NULL, NULL) = -1 EAGAIN (Try again)
24271 1784070788.636311 recvfrom(42, "nysv\0\0\0\0\0\0\0\0\0\0\0\0\323\20\21{\230\1\0\0'\227\1\0\0\0\0\0", 3200, MSG_DONTWAIT, NULL, NULL) = 32
24271 1784070788.636423 recvfrom(42, 0x716ad86c80, 3200, MSG_DONTWAIT, NULL, NULL) = -1 EAGAIN (Try again)
24249 1784070788.636448 recvfrom(38, "nysv\0\0\0\0\0\0\0\0\0\0\0\0\323\20\21{\230\1\0\0'\227\1\0\0\0\0\0", 3200, MSG_DONTWAIT, NULL, NULL) = 32
24249 1784070788.636457 recvfrom(38, 0x7ff90aa020, 3200, MSG_DONTWAIT, NULL, NULL) = -1 EAGAIN (Try again)
24249 1784070788.636569 recvfrom(38, 0x7ff90a9f80, 3200, MSG_DONTWAIT, NULL, NULL) = -1 EAGAIN (Try again)
24271 1784070788.643609 recvfrom(42, 0x716ad86eb0, 3200, MSG_DONTWAIT, NULL, NULL) = -1 EAGAIN (Try again)
24271 1784070788.652184 recvfrom(42, "nysv\0\0\0\0\0\0\0\0\0\0\0\0A\256\17|\230\1\0\0(\227\1\0\0\0\0\0", 3200, MSG_DONTWAIT, NULL, NULL) = 32
24271 1784070788.652221 recvfrom(42, 0x716ad86c80, 3200, MSG_DONTWAIT, NULL, NULL) = -1 EAGAIN (Try again)
24249 1784070788.652244 recvfrom(38, "nysv\0\0\0\0\0\0\0\0\0\0\0\0A\256\17|\230\1\0\0(\227\1\0\0\0\0\0", 3200, MSG_DONTWAIT, NULL, NULL) = 32
24249 1784070788.652254 recvfrom(38, 0x7ff90aa020, 3200, MSG_DONTWAIT, NULL, NULL) = -1 EAGAIN (Try again)
24249 1784070788.652377 recvfrom(38, 0x7ff90a9f80, 3200, MSG_DONTWAIT, NULL, NULL) = -1 EAGAIN (Try again)
24271 1784070788.660507 recvfrom(42, 0x716ad86eb0, 3200, MSG_DONTWAIT, NULL, NULL) = -1 EAGAIN (Try again)
24271 1784070788.672982 recvfrom(42, "nysv\0\0\0\0\0\0\0\0\0\0\0\0\325Q\r}\230\1\0\0)\227\1\0\0\0\0\0", 3200, MSG_DONTWAIT, NULL, NULL) = 32
24271 1784070788.673006 recvfrom(42, 0x716ad86c80, 3200, MSG_DONTWAIT, NULL, NULL) = -1 EAGAIN (Try again)
24271 1784070788.681127 recvfrom(42, 0x716ad86eb0, 3200, MSG_DONTWAIT, NULL, NULL) = -1 EAGAIN (Try again)
24249 1784070788.681157 recvfrom(38, "nysv\0\0\0\0\0\0\0\0\0\0\0\0\325Q\r}\230\1\0\0)\227\1\0\0\0\0\0", 3200, MSG_DONTWAIT, NULL, NULL) = 32
24249 1784070788.681179 recvfrom(38, 0x7ff90aa020, 3200, MSG_DONTWAIT, NULL, NULL) = -1 EAGAIN (Try again)
24249 1784070788.681235 recvfrom(38, 0x7ff90a9f80, 3200, MSG_DONTWAIT, NULL, NULL) = -1 EAGAIN (Try again)
24271 1784070788.685423 recvfrom(42, "nysv\0\0\0\0\0\0\0\0\0\0\0\0\206\365\v~\230\1\0\0*\227\1\0\0\0\0\0", 3200, MSG_DONTWAIT, NULL, NULL) = 32
24271 1784070788.685450 recvfrom(42, 0x716ad86c80, 3200, MSG_DONTWAIT, NULL, NULL) = -1 EAGAIN (Try again)
24249 1784070788.685473 recvfrom(38, "nysv\0\0\0\0\0\0\0\0\0\0\0\0\206\365\v~\230\1\0\0*\227\1\0\0\0\0\0", 3200, MSG_DONTWAIT, NULL, NULL) = 32
24249 1784070788.685484 recvfrom(38, 0x7ff90aa020, 3200, MSG_DONTWAIT, NULL, NULL) = -1 EAGAIN (Try again)
24249 1784070788.685593 recvfrom(38, 0x7ff90a9f80, 3200, MSG_DONTWAIT, NULL, NULL) = -1 EAGAIN (Try again)
24271 1784070788.693382 recvfrom(42, 0x716ad86eb0, 3200, MSG_DONTWAIT, NULL, NULL) = -1 EAGAIN (Try again)
24271 1784070788.703335 recvfrom(42, "nysv\0\0\0\0\0\0\0\0\0\0\0\0\324K\n\177\230\1\0\0+\227\1\0\0\0\0\0", 3200, MSG_DONTWAIT, NULL, NULL) = 32
24271 1784070788.703355 recvfrom(42, 0x716ad86c80, 3200, MSG_DONTWAIT, NULL, NULL) = -1 EAGAIN (Try again)
24249 1784070788.703375 recvfrom(38, "nysv\0\0\0\0\0\0\0\0\0\0\0\0\324K\n\177\230\1\0\0+\227\1\0\0\0\0\0", 3200, MSG_DONTWAIT, NULL, NULL) = 32
24249 1784070788.703385 recvfrom(38, 0x7ff90aa020, 3200, MSG_DONTWAIT, NULL, NULL) = -1 EAGAIN (Try again)
24249 1784070788.703520 recvfrom(38, 0x7ff90a9f80, 3200, MSG_DONTWAIT, NULL, NULL) = -1 EAGAIN (Try again)
24271 1784070788.712011 recvfrom(42, 0x716ad86eb0, 3200, MSG_DONTWAIT, NULL, NULL) = -1 EAGAIN (Try again)
24271 1784070788.721118 recvfrom(42, "nysv\0\0\0\0\0\0\0\0\0\0\0\0\350]\10\200\230\1\0\0,\227\1\0\0\0\0\0", 3200, MSG_DONTWAIT, NULL, NULL) = 32
24271 1784070788.721134 recvfrom(42, 0x716ad86c80, 3200, MSG_DONTWAIT, NULL, NULL) = -1 EAGAIN (Try again)
24249 1784070788.721169 recvfrom(38, "nysv\0\0\0\0\0\0\0\0\0\0\0\0\350]\10\200\230\1\0\0,\227\1\0\0\0\0\0", 3200, MSG_DONTWAIT, NULL, NULL) = 32
24249 1784070788.721179 recvfrom(38, 0x7ff90aa020, 3200, MSG_DONTWAIT, NULL, NULL) = -1 EAGAIN (Try again)
24249 1784070788.721204 recvfrom(38, 0x7ff90a9f80, 3200, MSG_DONTWAIT, NULL, NULL) = -1 EAGAIN (Try again)
24271 1784070788.729100 recvfrom(42, 0x716ad86eb0, 3200, MSG_DONTWAIT, NULL, NULL) = -1 EAGAIN (Try again)
24644 1784070788.729584 sendmsg(71, {msg_name=NULL, msg_namelen=0, msg_iov=[{iov_base="l\1\1\1\344\0\0\0\356\2\0\0\235\0\0\0\1\1o\0;\0\0\0/re/frid"..., iov_len=404}], msg_iovlen=1, msg_controllen=0, msg_flags=0}, MSG_NOSIGNAL) = 404
24271 1784070788.729795 recvfrom(42, 0x716ad86eb0, 3200, MSG_DONTWAIT, NULL, NULL) = -1 EAGAIN (Try again)
24271 1784070788.738111 recvfrom(42, "nysv\0\0\0\0\0\0\0\0\0\0\0\0\372]\6\201\230\1\0\0-\227\1\0\0\0\0\0", 3200, MSG_DONTWAIT, NULL, NULL) = 32
24271 1784070788.738132 recvfrom(42, 0x716ad86c80, 3200, MSG_DONTWAIT, NULL, NULL) = -1 EAGAIN (Try again)
24249 1784070788.738153 recvfrom(38, "nysv\0\0\0\0\0\0\0\0\0\0\0\0\372]\6\201\230\1\0\0-\227\1\0\0\0\0\0", 3200, MSG_DONTWAIT, NULL, NULL) = 32
24249 1784070788.738162 recvfrom(38, 0x7ff90aa020, 3200, MSG_DONTWAIT, NULL, NULL) = -1 EAGAIN (Try again)
24249 1784070788.738277 recvfrom(61, 0x7165c6d820, 2272, MSG_DONTWAIT, NULL, NULL) = -1 EAGAIN (Try again)
24249 1784070788.738291 recvfrom(38, 0x7ff90a9f80, 3200, MSG_DONTWAIT, NULL, NULL) = -1 EAGAIN (Try again)
24271 1784070788.746338 recvfrom(42, 0x716ad86eb0, 3200, MSG_DONTWAIT, NULL, NULL) = -1 EAGAIN (Try again)
24271 1784070788.754873 recvfrom(42, "nysv\0\0\0\0\0\0\0\0\0\0\0\0~[\4\202\230\1\0\0.\227\1\0\0\0\0\0", 3200, MSG_DONTWAIT, NULL, NULL) = 32
24271 1784070788.754900 recvfrom(42, 0x716ad86c80, 3200, MSG_DONTWAIT, NULL, NULL) = -1 EAGAIN (Try again)
24249 1784070788.754924 recvfrom(38, "nysv\0\0\0\0\0\0\0\0\0\0\0\0~[\4\202\230\1\0\0.\227\1\0\0\0\0\0", 3200, MSG_DONTWAIT, NULL, NULL) = 32
24249 1784070788.754934 recvfrom(38, 0x7ff90aa020, 3200, MSG_DONTWAIT, NULL, NULL) = -1 EAGAIN (Try again)
24249 1784070788.755070 recvfrom(38, 0x7ff90a9f80, 3200, MSG_DONTWAIT, NULL, NULL) = -1 EAGAIN (Try again)
24271 1784070788.762761 recvfrom(42, 0x716ad86eb0, 3200, MSG_DONTWAIT, NULL, NULL) = -1 EAGAIN (Try again)
24271 1784070788.770673 recvfrom(42, "nysv\0\0\0\0\0\0\0\0\0\0\0\0\320\212\2\203\230\1\0\0/\227\1\0\0\0\0\0", 3200, MSG_DONTWAIT, NULL, NULL) = 32
24271 1784070788.770691 recvfrom(42, 0x716ad86c80, 3200, MSG_DONTWAIT, NULL, NULL) = -1 EAGAIN (Try again)
24249 1784070788.770711 recvfrom(38, "nysv\0\0\0\0\0\0\0\0\0\0\0\0\320\212\2\203\230\1\0\0/\227\1\0\0\0\0\0", 3200, MSG_DONTWAIT, NULL, NULL) = 32
24249 1784070788.770723 recvfrom(38, 0x7ff90aa020, 3200, MSG_DONTWAIT, NULL, NULL) = -1 EAGAIN (Try again)
24249 1784070788.770750 recvfrom(38, 0x7ff90a9f80, 3200, MSG_DONTWAIT, NULL, NULL) = -1 EAGAIN (Try again)
24271 1784070788.779463 recvfrom(42, 0x716ad86eb0, 3200, MSG_DONTWAIT, NULL, NULL) = -1 EAGAIN (Try again)
24271 1784070788.785515 recvfrom(42, "nysv\0\0\0\0\0\0\0\0\0\0\0\0\tO\1\204\230\1\0\0000\227\1\0\0\0\0\0", 3200, MSG_DONTWAIT, NULL, NULL) = 32
24271 1784070788.785534 recvfrom(42, 0x716ad86c80, 3200, MSG_DONTWAIT, NULL, NULL) = -1 EAGAIN (Try again)
24249 1784070788.785562 recvfrom(38, "nysv\0\0\0\0\0\0\0\0\0\0\0\0\tO\1\204\230\1\0\0000\227\1\0\0\0\0\0", 3200, MSG_DONTWAIT, NULL, NULL) = 32
24249 1784070788.785571 recvfrom(38, 0x7ff90aa020, 3200, MSG_DONTWAIT, NULL, NULL) = -1 EAGAIN (Try again)
24249 1784070788.785696 recvfrom(38, 0x7ff90a9f80, 3200, MSG_DONTWAIT, NULL, NULL) = -1 EAGAIN (Try again)
24271 1784070788.793470 recvfrom(42, 0x716ad86eb0, 3200, MSG_DONTWAIT, NULL, NULL) = -1 EAGAIN (Try again)
24271 1784070788.803309 recvfrom(42, "nysv\0\0\0\0\0\0\0\0\0\0\0\0\206\246\377\204\230\1\0\0001\227\1\0\0\0\0\0", 3200, MSG_DONTWAIT, NULL, NULL) = 32
24271 1784070788.803328 recvfrom(42, 0x716ad86c80, 3200, MSG_DONTWAIT, NULL, NULL) = -1 EAGAIN (Try again)
24249 1784070788.803351 recvfrom(38, "nysv\0\0\0\0\0\0\0\0\0\0\0\0\206\246\377\204\230\1\0\0001\227\1\0\0\0\0\0", 3200, MSG_DONTWAIT, NULL, NULL) = 32
24249 1784070788.803362 recvfrom(38, 0x7ff90aa020, 3200, MSG_DONTWAIT, NULL, NULL) = -1 EAGAIN (Try again)
24249 1784070788.803397 recvfrom(38, 0x7ff90a9f80, 3200, MSG_DONTWAIT, NULL, NULL) = -1 EAGAIN (Try again)
24271 1784070788.811785 recvfrom(42, 0x716ad86eb0, 3200, MSG_DONTWAIT, NULL, NULL) = -1 EAGAIN (Try again)
24271 1784070788.819077 recvfrom(42, "nysv\0\0\0\0\0\0\0\0\0\0\0\0\3634\376\205\230\1\0\0002\227\1\0\0\0\0\0", 3200, MSG_DONTWAIT, NULL, NULL) = 32
24271 1784070788.819095 recvfrom(42, 0x716ad86c80, 3200, MSG_DONTWAIT, NULL, NULL) = -1 EAGAIN (Try again)
24249 1784070788.819119 recvfrom(38, "nysv\0\0\0\0\0\0\0\0\0\0\0\0\3634\376\205\230\1\0\0002\227\1\0\0\0\0\0", 3200, MSG_DONTWAIT, NULL, NULL) = 32
24249 1784070788.819130 recvfrom(38, 0x7ff90aa020, 3200, MSG_DONTWAIT, NULL, NULL) = -1 EAGAIN (Try again)
24249 1784070788.819288 recvfrom(38, 0x7ff90a9f80, 3200, MSG_DONTWAIT, NULL, NULL) = -1 EAGAIN (Try again)
24271 1784070788.827832 recvfrom(42, 0x716ad86eb0, 3200, MSG_DONTWAIT, NULL, NULL) = -1 EAGAIN (Try again)
24271 1784070788.836209 recvfrom(42, "nysv\0\0\0\0\0\0\0\0\0\0\0\0\276\250\374\206\230\1\0\0003\227\1\0\0\0\0\0", 3200, MSG_DONTWAIT, NULL, NULL) = 32
24271 1784070788.836227 recvfrom(42, 0x716ad86c80, 3200, MSG_DONTWAIT, NULL, NULL) = -1 EAGAIN (Try again)
24249 1784070788.836259 recvfrom(38, "nysv\0\0\0\0\0\0\0\0\0\0\0\0\276\250\374\206\230\1\0\0003\227\1\0\0\0\0\0", 3200, MSG_DONTWAIT, NULL, NULL) = 32
24249 1784070788.836269 recvfrom(38, 0x7ff90aa020, 3200, MSG_DONTWAIT, NULL, NULL) = -1 EAGAIN (Try again)
24271 1784070788.845163 recvfrom(42, 0x716ad86eb0, 3200, MSG_DONTWAIT, NULL, NULL) = -1 EAGAIN (Try again)
24271 1784070788.853475 recvfrom(42, "nysv\0\0\0\0\0\0\0\0\0\0\0\0\211\367\372\207\230\1\0\0004\227\1\0\0\0\0\0", 3200, MSG_DONTWAIT, NULL, NULL) = 32
24271 1784070788.853497 recvfrom(42, 0x716ad86c80, 3200, MSG_DONTWAIT, NULL, NULL) = -1 EAGAIN (Try again)
24271 1784070788.862067 recvfrom(42, 0x716ad86eb0, 3200, MSG_DONTWAIT, NULL, NULL) = -1 EAGAIN (Try again)
24271 1784070788.870716 recvfrom(42, "nysv\0\0\0\0\0\0\0\0\0\0\0\0\365&\371\210\230\1\0\0005\227\1\0\0\0\0\0", 3200, MSG_DONTWAIT, NULL, NULL) = 32
24271 1784070788.870734 recvfrom(42, 0x716ad86c80, 3200, MSG_DONTWAIT, NULL, NULL) = -1 EAGAIN (Try again)
24271 1784070788.881634 recvfrom(42, 0x716ad86eb0, 3200, MSG_DONTWAIT, NULL, NULL) = -1 EAGAIN (Try again)
24271 1784070788.887322 recvfrom(42, "nysv\0\0\0\0\0\0\0\0\0\0\0\0\304V\367\211\230\1\0\0006\227\1\0\0\0\0\0", 3200, MSG_DONTWAIT, NULL, NULL) = 32
24271 1784070788.887345 recvfrom(42, 0x716ad86c80, 3200, MSG_DONTWAIT, NULL, NULL) = -1 EAGAIN (Try again)
24271 1784070788.895805 recvfrom(42, 0x716ad86eb0, 3200, MSG_DONTWAIT, NULL, NULL) = -1 EAGAIN (Try again)
24271 1784070788.902160 recvfrom(42, "nysv\0\0\0\0\0\0\0\0\0\0\0\0\241\364\365\212\230\1\0\0007\227\1\0\0\0\0\0", 3200, MSG_DONTWAIT, NULL, NULL) = 32
24271 1784070788.902184 recvfrom(42, 0x716ad86c80, 3200, MSG_DONTWAIT, NULL, NULL) = -1 EAGAIN (Try again)
24271 1784070788.911020 recvfrom(42, 0x716ad86eb0, 3200, MSG_DONTWAIT, NULL, NULL) = -1 EAGAIN (Try again)
24271 1784070788.919101 recvfrom(42, "nysv\0\0\0\0\0\0\0\0\0\0\0\0\342\202\364\213\230\1\0\08\227\1\0\0\0\0\0", 3200, MSG_DONTWAIT, NULL, NULL) = 32
24271 1784070788.919120 recvfrom(42, 0x716ad86c80, 3200, MSG_DONTWAIT, NULL, NULL) = -1 EAGAIN (Try again)
24271 1784070788.928385 recvfrom(42, 0x716ad86eb0, 3200, MSG_DONTWAIT, NULL, NULL) = -1 EAGAIN (Try again)
24271 1784070788.936476 recvfrom(42, "nysv\0\0\0\0\0\0\0\0\0\0\0\0\23\356\362\214\230\1\0\09\227\1\0\0\0\0\0", 3200, MSG_DONTWAIT, NULL, NULL) = 32
24271 1784070788.936500 recvfrom(42, 0x716ad86c80, 3200, MSG_DONTWAIT, NULL, NULL) = -1 EAGAIN (Try again)
24271 1784070788.945317 recvfrom(42, 0x716ad86eb0, 3200, MSG_DONTWAIT, NULL, NULL) = -1 EAGAIN (Try again)
24271 1784070788.952624 recvfrom(42, "nysv\0\0\0\0\0\0\0\0\0\0\0\0fo\361\215\230\1\0\0:\227\1\0\0\0\0\0", 3200, MSG_DONTWAIT, NULL, NULL) = 32
24271 1784070788.952645 recvfrom(42, 0x716ad86c80, 3200, MSG_DONTWAIT, NULL, NULL) = -1 EAGAIN (Try again)
24271 1784070788.961528 recvfrom(42, 0x716ad86eb0, 3200, MSG_DONTWAIT, NULL, NULL) = -1 EAGAIN (Try again)
24271 1784070788.969369 recvfrom(42, "nysv\0\0\0\0\0\0\0\0\0\0\0\0%\356\357\216\230\1\0\0;\227\1\0\0\0\0\0", 3200, MSG_DONTWAIT, NULL, NULL) = 32
24271 1784070788.969393 recvfrom(42, 0x716ad86c80, 3200, MSG_DONTWAIT, NULL, NULL) = -1 EAGAIN (Try again)
24249 1784070788.977437 recvfrom(38, 0x7ff90a9cc0, 3200, MSG_DONTWAIT, NULL, NULL) = -1 EAGAIN (Try again)
24271 1784070788.985745 recvfrom(42, "nysv\0\0\0\0\0\0\0\0\0\0\0\0\7\203\356\217\230\1\0\0<\227\1\0\0\0\0\0", 3200, MSG_DONTWAIT, NULL, NULL) = 32
24271 1784070788.985763 recvfrom(42, 0x716ad86c80, 3200, MSG_DONTWAIT, NULL, NULL) = -1 EAGAIN (Try again)
24249 1784070788.985787 recvfrom(38, "nysv\0\0\0\0\0\0\0\0\0\0\0\0\7\203\356\217\230\1\0\0<\227\1\0\0\0\0\0", 3200, MSG_DONTWAIT, NULL, NULL) = 32
24249 1784070788.985801 recvfrom(38, 0x7ff90aa020, 3200, MSG_DONTWAIT, NULL, NULL) = -1 EAGAIN (Try again)
24249 1784070788.985952 recvfrom(61, 0x7165c6d820, 2272, MSG_DONTWAIT, NULL, NULL) = -1 EAGAIN (Try again)
24644 1784070789.753427 sendmsg(71, {msg_name=NULL, msg_namelen=0, msg_iov=[{iov_base="l\1\1\1\344\0\0\0\357\2\0\0\235\0\0\0\1\1o\0;\0\0\0/re/frid"..., iov_len=404}], msg_iovlen=1, msg_controllen=0, msg_flags=0}, MSG_NOSIGNAL) = 404
24249 1784070789.753736 recvfrom(38, 0x7ff90a9de0, 3200, MSG_DONTWAIT, NULL, NULL) = -1 EAGAIN (Try again)
24249 1784070789.769940 recvfrom(38, "nysv\0\0\0\0\0\0\0\0\0\0\0\0\354\21\235\276\230\1\0\0j\227\1\0\0\0\0\0", 3200, MSG_DONTWAIT, NULL, NULL) = 32
24249 1784070789.769978 recvfrom(38, 0x7ff90aa020, 3200, MSG_DONTWAIT, NULL, NULL) = -1 EAGAIN (Try again)
24249 1784070789.770022 recvfrom(61, 0x7165c6d820, 2272, MSG_DONTWAIT, NULL, NULL) = -1 EAGAIN (Try again)
24644 1784070790.735875 sendmsg(71, {msg_name=NULL, msg_namelen=0, msg_iov=[{iov_base="l\1\1\1\344\0\0\0\360\2\0\0\235\0\0\0\1\1o\0;\0\0\0/re/frid"..., iov_len=404}], msg_iovlen=1, msg_controllen=0, msg_flags=0}, MSG_NOSIGNAL) = 404
24249 1784070790.737086 recvfrom(38, 0x7ff90a9de0, 3200, MSG_DONTWAIT, NULL, NULL) = -1 EAGAIN (Try again)
24249 1784070790.757908 recvfrom(38, "nysv\0\0\0\0\0\0\0\0\0\0\0\0sR9\371\230\1\0\0\245\227\1\0\0\0\0\0", 3200, MSG_DONTWAIT, NULL, NULL) = 32
24249 1784070790.758054 recvfrom(38, 0x7ff90aa020, 3200, MSG_DONTWAIT, NULL, NULL) = -1 EAGAIN (Try again)
24249 1784070790.758318 recvfrom(61, 0x7165c6d820, 2272, MSG_DONTWAIT, NULL, NULL) = -1 EAGAIN (Try again)
24644 1784070791.755959 sendmsg(71, {msg_name=NULL, msg_namelen=0, msg_iov=[{iov_base="l\1\1\1\344\0\0\0\361\2\0\0\235\0\0\0\1\1o\0;\0\0\0/re/frid"..., iov_len=404}], msg_iovlen=1, msg_controllen=0, msg_flags=0}, MSG_NOSIGNAL) = 404
24249 1784070791.756123 recvfrom(38, 0x7ff90a9de0, 3200, MSG_DONTWAIT, NULL, NULL) = -1 EAGAIN (Try again)
24249 1784070791.768758 recvfrom(38, "nysv\0\0\0\0\0\0\0\0\0\0\0\0\204\335\3225\231\1\0\0\342\227\1\0\0\0\0\0", 3200, MSG_DONTWAIT, NULL, NULL) = 32
24249 1784070791.768789 recvfrom(38, 0x7ff90aa020, 3200, MSG_DONTWAIT, NULL, NULL) = -1 EAGAIN (Try again)
24249 1784070791.768833 recvfrom(61, 0x7165c6d820, 2272, MSG_DONTWAIT, NULL, NULL) = -1 EAGAIN (Try again)
24644 1784070792.745111 sendmsg(71, {msg_name=NULL, msg_namelen=0, msg_iov=[{iov_base="l\1\1\1\344\0\0\0\362\2\0\0\235\0\0\0\1\1o\0;\0\0\0/re/frid"..., iov_len=404}], msg_iovlen=1, msg_controllen=0, msg_flags=0}, MSG_NOSIGNAL) = 404
24249 1784070792.745912 recvfrom(38, 0x7ff90a9de0, 3200, MSG_DONTWAIT, NULL, NULL) = -1 EAGAIN (Try again)
24249 1784070792.754869 recvfrom(38, "nysv\0\0\0\0\0\0\0\0\0\0\0\0#\346np\231\1\0\0\35\230\1\0\0\0\0\0", 3200, MSG_DONTWAIT, NULL, NULL) = 32
24249 1784070792.754943 recvfrom(38, 0x7ff90aa020, 3200, MSG_DONTWAIT, NULL, NULL) = -1 EAGAIN (Try again)
24249 1784070792.755086 recvfrom(61, 0x7165c6d820, 2272, MSG_DONTWAIT, NULL, NULL) = -1 EAGAIN (Try again)
24644 1784070793.760905 sendmsg(71, {msg_name=NULL, msg_namelen=0, msg_iov=[{iov_base="l\1\1\1\344\0\0\0\363\2\0\0\235\0\0\0\1\1o\0;\0\0\0/re/frid"..., iov_len=404}], msg_iovlen=1, msg_controllen=0, msg_flags=0}, MSG_NOSIGNAL) = 404
24249 1784070793.761718 recvfrom(38, 0x7ff90a9de0, 3200, MSG_DONTWAIT, NULL, NULL) = -1 EAGAIN (Try again)
24249 1784070793.769582 recvfrom(38, "nysv\0\0\0\0\0\0\0\0\0\0\0\0\366$\10\255\231\1\0\0Z\230\1\0\0\0\0\0", 3200, MSG_DONTWAIT, NULL, NULL) = 32
24249 1784070793.769686 recvfrom(38, 0x7ff90aa020, 3200, MSG_DONTWAIT, NULL, NULL) = -1 EAGAIN (Try again)
24249 1784070793.769921 recvfrom(61, 0x7165c6d820, 2272, MSG_DONTWAIT, NULL, NULL) = -1 EAGAIN (Try again)
24644 1784070794.749920 sendmsg(71, {msg_name=NULL, msg_namelen=0, msg_iov=[{iov_base="l\1\1\1\344\0\0\0\364\2\0\0\235\0\0\0\1\1o\0;\0\0\0/re/frid"..., iov_len=404}], msg_iovlen=1, msg_controllen=0, msg_flags=0}, MSG_NOSIGNAL) = 404
24249 1784070794.750252 recvfrom(38, 0x7ff90a9de0, 3200, MSG_DONTWAIT, NULL, NULL) = -1 EAGAIN (Try again)
24249 1784070794.752702 recvfrom(38, "nysv\0\0\0\0\0\0\0\0\0\0\0\0u\255\244\347\231\1\0\0\225\230\1\0\0\0\0\0", 3200, MSG_DONTWAIT, NULL, NULL) = 32
24249 1784070794.752755 recvfrom(38, 0x7ff90aa020, 3200, MSG_DONTWAIT, NULL, NULL) = -1 EAGAIN (Try again)
24249 1784070794.752902 recvfrom(61, 0x7165c6d820, 2272, MSG_DONTWAIT, NULL, NULL) = -1 EAGAIN (Try again)
24644 1784070795.769161 sendmsg(71, {msg_name=NULL, msg_namelen=0, msg_iov=[{iov_base="l\1\1\1\344\0\0\0\365\2\0\0\235\0\0\0\1\1o\0;\0\0\0/re/frid"..., iov_len=404}], msg_iovlen=1, msg_controllen=0, msg_flags=0}, MSG_NOSIGNAL) = 404
24249 1784070795.770124 recvfrom(38, 0x7ff90a9de0, 3200, MSG_DONTWAIT, NULL, NULL) = -1 EAGAIN (Try again)
24249 1784070795.788773 recvfrom(38, "nysv\0\0\0\0\0\0\0\0\0\0\0\0\377\343;%\232\1\0\0\322\230\1\0\0\0\0\0", 3200, MSG_DONTWAIT, NULL, NULL) = 32
24249 1784070795.788950 recvfrom(38, 0x7ff90aa020, 3200, MSG_DONTWAIT, NULL, NULL) = -1 EAGAIN (Try again)
24249 1784070795.789417 recvfrom(61, 0x7165c6d820, 2272, MSG_DONTWAIT, NULL, NULL) = -1 EAGAIN (Try again)
24644 1784070796.758807 sendmsg(71, {msg_name=NULL, msg_namelen=0, msg_iov=[{iov_base="l\1\1\1\344\0\0\0\366\2\0\0\235\0\0\0\1\1o\0;\0\0\0/re/frid"..., iov_len=404}], msg_iovlen=1, msg_controllen=0, msg_flags=0}, MSG_NOSIGNAL) = 404
24249 1784070796.760505 recvfrom(38, 0x7ff90a9de0, 3200, MSG_DONTWAIT, NULL, NULL) = -1 EAGAIN (Try again)
24249 1784070796.771135 recvfrom(38, "nysv\0\0\0\0\0\0\0\0\0\0\0\0\255]\330_\232\1\0\0\v\231\1\0\0\0\0\0", 3200, MSG_DONTWAIT, NULL, NULL) = 32
24249 1784070796.771197 recvfrom(38, 0x7ff90aa020, 3200, MSG_DONTWAIT, NULL, NULL) = -1 EAGAIN (Try again)
24249 1784070796.771265 recvfrom(61, 0x7165c6d820, 2272, MSG_DONTWAIT, NULL, NULL) = -1 EAGAIN (Try again)
24644 1784070797.774774 sendmsg(71, {msg_name=NULL, msg_namelen=0, msg_iov=[{iov_base="l\1\1\1\344\0\0\0\367\2\0\0\235\0\0\0\1\1o\0;\0\0\0/re/frid"..., iov_len=404}], msg_iovlen=1, msg_controllen=0, msg_flags=0}, MSG_NOSIGNAL) = 404
24249 1784070797.775243 recvfrom(38, 0x7ff90a9de0, 3200, MSG_DONTWAIT, NULL, NULL) = -1 EAGAIN (Try again)
24249 1784070797.786863 recvfrom(38, "nysv\0\0\0\0\0\0\0\0\0\0\0\0\257wq\234\232\1\0\0H\231\1\0\0\0\0\0", 3200, MSG_DONTWAIT, NULL, NULL) = 32
24249 1784070797.786939 recvfrom(38, 0x7ff90aa020, 3200, MSG_DONTWAIT, NULL, NULL) = -1 EAGAIN (Try again)
24249 1784070797.787188 recvfrom(61, 0x7165c6d820, 2272, MSG_DONTWAIT, NULL, NULL) = -1 EAGAIN (Try again)
24644 1784070798.763076 sendmsg(71, {msg_name=NULL, msg_namelen=0, msg_iov=[{iov_base="l\1\1\1\344\0\0\0\370\2\0\0\235\0\0\0\1\1o\0;\0\0\0/re/frid"..., iov_len=404}], msg_iovlen=1, msg_controllen=0, msg_flags=0}, MSG_NOSIGNAL) = 404
24249 1784070798.763834 recvfrom(38, 0x7ff90a9de0, 3200, MSG_DONTWAIT, NULL, NULL) = -1 EAGAIN (Try again)
24249 1784070798.770815 recvfrom(38, "nysv\0\0\0\0\0\0\0\0\0\0\0\0]\361\r\327\232\1\0\0\203\231\1\0\0\0\0\0", 3200, MSG_DONTWAIT, NULL, NULL) = 32
24249 1784070798.770875 recvfrom(38, 0x7ff90aa020, 3200, MSG_DONTWAIT, NULL, NULL) = -1 EAGAIN (Try again)
24249 1784070798.771040 recvfrom(61, 0x7165c6d820, 2272, MSG_DONTWAIT, NULL, NULL) = -1 EAGAIN (Try again)
24644 1784070799.776626 sendmsg(71, {msg_name=NULL, msg_namelen=0, msg_iov=[{iov_base="l\1\1\1\344\0\0\0\371\2\0\0\235\0\0\0\1\1o\0;\0\0\0/re/frid"..., iov_len=404}], msg_iovlen=1, msg_controllen=0, msg_flags=0}, MSG_NOSIGNAL) = 404
24249 1784070799.776949 recvfrom(38, 0x7ff90a9de0, 3200, MSG_DONTWAIT, NULL, NULL) = -1 EAGAIN (Try again)
24249 1784070799.788281 recvfrom(38, "nysv\0\0\0\0\0\0\0\0\0\0\0\0_\v\247\23\233\1\0\0\300\231\1\0\0\0\0\0", 3200, MSG_DONTWAIT, NULL, NULL) = 32
24249 1784070799.788322 recvfrom(38, 0x7ff90aa020, 3200, MSG_DONTWAIT, NULL, NULL) = -1 EAGAIN (Try again)
24249 1784070799.788353 recvfrom(61, 0x7165c6d820, 2272, MSG_DONTWAIT, NULL, NULL) = -1 EAGAIN (Try again)
24644 1784070800.769392 sendmsg(71, {msg_name=NULL, msg_namelen=0, msg_iov=[{iov_base="l\1\1\1\344\0\0\0\372\2\0\0\235\0\0\0\1\1o\0;\0\0\0/re/frid"..., iov_len=404}], msg_iovlen=1, msg_controllen=0, msg_flags=0}, MSG_NOSIGNAL) = 404
24249 1784070800.769963 recvfrom(38, 0x7ff90a9de0, 3200, MSG_DONTWAIT, NULL, NULL) = -1 EAGAIN (Try again)
24249 1784070800.792098 recvfrom(38, "nysv\0\0\0\0\0\0\0\0\0\0\0\0007\325AO\233\1\0\0\374\231\1\0\0\0\0\0", 3200, MSG_DONTWAIT, NULL, NULL) = 32
24249 1784070800.792210 recvfrom(38, 0x7ff90aa020, 3200, MSG_DONTWAIT, NULL, NULL) = -1 EAGAIN (Try again)
24249 1784070800.792317 recvfrom(61, 0x7165c6d820, 2272, MSG_DONTWAIT, NULL, NULL) = -1 EAGAIN (Try again)
24644 1784070801.779757 sendmsg(71, {msg_name=NULL, msg_namelen=0, msg_iov=[{iov_base="l\1\1\1\344\0\0\0\373\2\0\0\235\0\0\0\1\1o\0;\0\0\0/re/frid"..., iov_len=404}], msg_iovlen=1, msg_controllen=0, msg_flags=0}, MSG_NOSIGNAL) = 404
24249 1784070801.780510 recvfrom(38, 0x7ff90a9de0, 3200, MSG_DONTWAIT, NULL, NULL) = -1 EAGAIN (Try again)
24249 1784070801.787151 recvfrom(38, "nysv\0\0\0\0\0\0\0\0\0\0\0\0\17\237\334\212\233\1\0\08\232\1\0\0\0\0\0", 3200, MSG_DONTWAIT, NULL, NULL) = 32
24249 1784070801.787218 recvfrom(38, 0x7ff90aa020, 3200, MSG_DONTWAIT, NULL, NULL) = -1 EAGAIN (Try again)
24249 1784070801.787438 recvfrom(61, 0x7165c6d820, 2272, MSG_DONTWAIT, NULL, NULL) = -1 EAGAIN (Try again)
24644 1784070802.775331 sendmsg(71, {msg_name=NULL, msg_namelen=0, msg_iov=[{iov_base="l\1\1\1\344\0\0\0\374\2\0\0\235\0\0\0\1\1o\0;\0\0\0/re/frid"..., iov_len=404}], msg_iovlen=1, msg_controllen=0, msg_flags=0}, MSG_NOSIGNAL) = 404
24249 1784070802.776840 recvfrom(38, 0x7ff90a9de0, 3200, MSG_DONTWAIT, NULL, NULL) = -1 EAGAIN (Try again)
24249 1784070802.788804 recvfrom(38, "nysv\0\0\0\0\0\0\0\0\0\0\0\0\347hw\306\233\1\0\0s\232\1\0\0\0\0\0", 3200, MSG_DONTWAIT, NULL, NULL) = 32
24249 1784070802.788886 recvfrom(38, 0x7ff90aa020, 3200, MSG_DONTWAIT, NULL, NULL) = -1 EAGAIN (Try again)
24249 1784070802.789109 recvfrom(61, 0x7165c6d820, 2272, MSG_DONTWAIT, NULL, NULL) = -1 EAGAIN (Try again)
24644 1784070803.786474 sendmsg(71, {msg_name=NULL, msg_namelen=0, msg_iov=[{iov_base="l\1\1\1\344\0\0\0\375\2\0\0\235\0\0\0\1\1o\0;\0\0\0/re/frid"..., iov_len=404}], msg_iovlen=1, msg_controllen=0, msg_flags=0}, MSG_NOSIGNAL) = 404
24249 1784070803.786939 recvfrom(38, 0x7ff90a9de0, 3200, MSG_DONTWAIT, NULL, NULL) = -1 EAGAIN (Try again)
24249 1784070803.804276 recvfrom(38, "nysv\0\0\0\0\0\0\0\0\0\0\0\0i\250\20\3\234\1\0\0\260\232\1\0\0\0\0\0", 3200, MSG_DONTWAIT, NULL, NULL) = 32
24249 1784070803.804385 recvfrom(38, 0x7ff90aa020, 3200, MSG_DONTWAIT, NULL, NULL) = -1 EAGAIN (Try again)
24249 1784070803.804489 recvfrom(61, 0x7165c6d820, 2272, MSG_DONTWAIT, NULL, NULL) = -1 EAGAIN (Try again)
24644 1784070804.781353 sendmsg(71, {msg_name=NULL, msg_namelen=0, msg_iov=[{iov_base="l\1\1\1\344\0\0\0\376\2\0\0\235\0\0\0\1\1o\0;\0\0\0/re/frid"..., iov_len=404}], msg_iovlen=1, msg_controllen=0, msg_flags=0}, MSG_NOSIGNAL) = 404
24249 1784070804.781593 recvfrom(38, 0x7ff90a9de0, 3200, MSG_DONTWAIT, NULL, NULL) = -1 EAGAIN (Try again)
24249 1784070804.785688 recvfrom(38, "nysv\0\0\0\0\0\0\0\0\0\0\0\0\332;\255=\234\1\0\0\353\232\1\0\0\0\0\0", 3200, MSG_DONTWAIT, NULL, NULL) = 32
24249 1784070804.785717 recvfrom(38, 0x7ff90aa020, 3200, MSG_DONTWAIT, NULL, NULL) = -1 EAGAIN (Try again)
24249 1784070804.785749 recvfrom(61, 0x7165c6d820, 2272, MSG_DONTWAIT, NULL, NULL) = -1 EAGAIN (Try again)
24644 1784070805.790030 sendmsg(71, {msg_name=NULL, msg_namelen=0, msg_iov=[{iov_base="l\1\1\1\344\0\0\0\377\2\0\0\235\0\0\0\1\1o\0;\0\0\0/re/frid"..., iov_len=404}], msg_iovlen=1, msg_controllen=0, msg_flags=0}, MSG_NOSIGNAL) = 404
24249 1784070805.790560 recvfrom(38, 0x7ff90a9de0, 3200, MSG_DONTWAIT, NULL, NULL) = -1 EAGAIN (Try again)
24249 1784070805.806054 recvfrom(38, "nysv\0\0\0\0\0\0\0\0\0\0\0\0\231\26Fz\234\1\0\0(\233\1\0\0\0\0\0", 3200, MSG_DONTWAIT, NULL, NULL) = 32
24249 1784070805.806140 recvfrom(38, 0x7ff90aa020, 3200, MSG_DONTWAIT, NULL, NULL) = -1 EAGAIN (Try again)
24249 1784070805.806350 recvfrom(61, 0x7165c6d820, 2272, MSG_DONTWAIT, NULL, NULL) = -1 EAGAIN (Try again)
24644 1784070806.787855 sendmsg(71, {msg_name=NULL, msg_namelen=0, msg_iov=[{iov_base="l\1\1\1\344\0\0\0\0\3\0\0\235\0\0\0\1\1o\0;\0\0\0/re/frid"..., iov_len=404}], msg_iovlen=1, msg_controllen=0, msg_flags=0}, MSG_NOSIGNAL) = 404
24249 1784070806.788416 recvfrom(38, 0x7ff90a9de0, 3200, MSG_DONTWAIT, NULL, NULL) = -1 EAGAIN (Try again)
24249 1784070806.807881 recvfrom(38, "nysv\0\0\0\0\0\0\0\0\0\0\0\0q\340\340\265\234\1\0\0c\233\1\0\0\0\0\0", 3200, MSG_DONTWAIT, NULL, NULL) = 32
24249 1784070806.808299 recvfrom(38, 0x7ff90aa020, 3200, MSG_DONTWAIT, NULL, NULL) = -1 EAGAIN (Try again)
24249 1784070806.808408 recvfrom(61, 0x7165c6d820, 2272, MSG_DONTWAIT, NULL, NULL) = -1 EAGAIN (Try again)
24644 1784070807.795152 sendmsg(71, {msg_name=NULL, msg_namelen=0, msg_iov=[{iov_base="l\1\1\1\344\0\0\0\1\3\0\0\235\0\0\0\1\1o\0;\0\0\0/re/frid"..., iov_len=404}], msg_iovlen=1, msg_controllen=0, msg_flags=0}, MSG_NOSIGNAL) = 404
24249 1784070807.797402 recvfrom(38, 0x7ff90a9de0, 3200, MSG_DONTWAIT, NULL, NULL) = -1 EAGAIN (Try again)
24249 1784070807.802211 recvfrom(38, "nysv\0\0\0\0\0\0\0\0\0\0\0\0f\367{\361\234\1\0\0\237\233\1\0\0\0\0\0", 3200, MSG_DONTWAIT, NULL, NULL) = 32
24249 1784070807.802276 recvfrom(38, 0x7ff90aa020, 3200, MSG_DONTWAIT, NULL, NULL) = -1 EAGAIN (Try again)
24249 1784070807.802339 recvfrom(61, 0x7165c6d820, 2272, MSG_DONTWAIT, NULL, NULL) = -1 EAGAIN (Try again)
24644 1784070808.791188 sendmsg(71, {msg_name=NULL, msg_namelen=0, msg_iov=[{iov_base="l\1\1\1\344\0\0\0\2\3\0\0\235\0\0\0\1\1o\0;\0\0\0/re/frid"..., iov_len=404}], msg_iovlen=1, msg_controllen=0, msg_flags=0}, MSG_NOSIGNAL) = 404
24249 1784070808.792189 recvfrom(38, 0x7ff90a9de0, 3200, MSG_DONTWAIT, NULL, NULL) = -1 EAGAIN (Try again)
24249 1784070808.806978 recvfrom(38, "nysv\0\0\0\0\0\0\0\0\0\0\0\0!t\26-\235\1\0\0\333\233\1\0\0\0\0\0", 3200, MSG_DONTWAIT, NULL, NULL) = 32
24249 1784070808.807075 recvfrom(38, 0x7ff90aa020, 3200, MSG_DONTWAIT, NULL, NULL) = -1 EAGAIN (Try again)
24249 1784070808.807172 recvfrom(61, 0x7165c6d820, 2272, MSG_DONTWAIT, NULL, NULL) = -1 EAGAIN (Try again)
24249 1784070809.450234 recvfrom(61, "\2\0\0\0\0\0\0\0\375\10\0\0\0\0\0\0@\320\247S\235\1\0\0\1\0\0\0\2\20\0\0"..., 2272, MSG_DONTWAIT, NULL, NULL) = 232
24249 1784070809.450686 recvfrom(38, 0x7ff90a7d90, 3200, MSG_DONTWAIT, NULL, NULL) = -1 EAGAIN (Try again)
24249 1784070809.451284 sendto(61, "\3\0\0\0\0\0\0\0\375\10\0\0\1\0\0\0", 16, MSG_DONTWAIT|MSG_NOSIGNAL, NULL, 0) = 16
24249 1784070809.451484 recvfrom(61, 0x7165c6d820, 2272, MSG_DONTWAIT, NULL, NULL) = -1 EAGAIN (Try again)
24249 1784070809.452217 recvfrom(61, "\2\0\0\0\0\0\0\0\377\10\0\0\0\0\0\0@\320\247S\235\1\0\0\1\0\0\0\2\20\0\0"..., 2272, MSG_DONTWAIT, NULL, NULL) = 232
24249 1784070809.452397 sendto(61, "\3\0\0\0\0\0\0\0\377\10\0\0\1\0\0\0", 16, MSG_DONTWAIT|MSG_NOSIGNAL, NULL, 0) = 16
24249 1784070809.452658 recvfrom(61, 0x7165c6d820, 2272, MSG_DONTWAIT, NULL, NULL) = -1 EAGAIN (Try again)
24249 1784070809.453125 recvfrom(38, "nysv\0\0\0\0\0\0\0\0\0\0\0\0\314\215\325S\235\1\0\0\0\234\1\0\200\0\0\0", 3200, MSG_DONTWAIT, NULL, NULL) = 32
24249 1784070809.453492 recvfrom(38, 0x7ff90aa020, 3200, MSG_DONTWAIT, NULL, NULL) = -1 EAGAIN (Try again)
24249 1784070809.453863 recvfrom(61, 0x7165c6d820, 2272, MSG_DONTWAIT, NULL, NULL) = -1 EAGAIN (Try again)
24249 1784070809.453998 recvfrom(38, 0x7ff90a9f80, 3200, MSG_DONTWAIT, NULL, NULL) = -1 EAGAIN (Try again)
24271 1784070809.465832 recvfrom(42, 0x716ad86eb0, 3200, MSG_DONTWAIT, NULL, NULL) = -1 EAGAIN (Try again)
24271 1784070809.469567 recvfrom(42, "nysv\0\0\0\0\0\0\0\0\0\0\0\0\207\36\324T\235\1\0\0\1\234\1\0\0\0\0\0", 3200, MSG_DONTWAIT, NULL, NULL) = 32
24271 1784070809.470155 recvfrom(42, 0x716ad86c80, 3200, MSG_DONTWAIT, NULL, NULL) = -1 EAGAIN (Try again)
24249 1784070809.473358 recvfrom(38, "nysv\0\0\0\0\0\0\0\0\0\0\0\0\207\36\324T\235\1\0\0\1\234\1\0\0\0\0\0", 3200, MSG_DONTWAIT, NULL, NULL) = 32
24249 1784070809.473521 recvfrom(38, 0x7ff90aa020, 3200, MSG_DONTWAIT, NULL, NULL) = -1 EAGAIN (Try again)
24271 1784070809.481091 recvfrom(42, 0x716ad86eb0, 3200, MSG_DONTWAIT, NULL, NULL) = -1 EAGAIN (Try again)
24271 1784070809.481770 recvfrom(42, 0x716ad86eb0, 3200, MSG_DONTWAIT, NULL, NULL) = -1 EAGAIN (Try again)
24249 1784070809.482191 recvfrom(63, 0x7165bd2820, 2272, MSG_DONTWAIT, NULL, NULL) = -1 EAGAIN (Try again)
24249 1784070809.482337 recvfrom(61, 0x7165c6d820, 2272, MSG_DONTWAIT, NULL, NULL) = -1 EAGAIN (Try again)
24249 1784070809.482488 recvfrom(38, 0x7ff90a9f80, 3200, MSG_DONTWAIT, NULL, NULL) = -1 EAGAIN (Try again)
24271 1784070809.490604 recvfrom(42, "nysv\0\0\0\0\0\0\0\0\0\0\0\0W\271\322U\235\1\0\0\2\234\1\0\0\0\0\0", 3200, MSG_DONTWAIT, NULL, NULL) = 32
24271 1784070809.490802 recvfrom(42, 0x716ad86c80, 3200, MSG_DONTWAIT, NULL, NULL) = -1 EAGAIN (Try again)
24644 1784070809.499638 sendmsg(71, {msg_name=NULL, msg_namelen=0, msg_iov=[{iov_base="l\1\1\1\4\1\0\0\3\3\0\0\235\0\0\0\1\1o\0;\0\0\0/re/frid"..., iov_len=436}], msg_iovlen=1, msg_controllen=0, msg_flags=0}, MSG_NOSIGNAL) = 436
24271 1784070809.508623 recvfrom(42, "nysv\0\0\0\0\0\0\0\0\0\0\0\0ZX\321V\235\1\0\0\3\234\1\0\0\0\0\0", 3200, MSG_DONTWAIT, NULL, NULL) = 32
24271 1784070809.508771 recvfrom(42, 0x716ad86eb0, 3200, MSG_DONTWAIT, NULL, NULL) = -1 EAGAIN (Try again)
24271 1784070809.522146 recvfrom(42, "nysv\0\0\0\0\0\0\0\0\0\0\0\0\36\257\317W\235\1\0\0\4\234\1\0\0\0\0\0", 3200, MSG_DONTWAIT, NULL, NULL) = 32
24271 1784070809.522451 recvfrom(42, 0x716ad86eb0, 3200, MSG_DONTWAIT, NULL, NULL) = -1 EAGAIN (Try again)
24271 1784070809.571503 recvfrom(42, "nysv\0\0\0\0\0\0\0\0\0\0\0\0&\33\316X\235\1\0\0\5\234\1\0\0\0\0\0", 3200, MSG_DONTWAIT, NULL, NULL) = 32
24271 1784070809.571659 recvfrom(42, 0x716ad86eb0, 3200, MSG_DONTWAIT, NULL, NULL) = -1 EAGAIN (Try again)
24271 1784070809.575739 recvfrom(42, 0x716ad86eb0, 3200, MSG_DONTWAIT, NULL, NULL) = -1 EAGAIN (Try again)
24249 1784070809.576333 recvfrom(38, "nysv\0\0\0\0\0\0\0\0\0\0\0\0W\271\322U\235\1\0\0\2\234\1\0\0\0\0\0", 3200, MSG_DONTWAIT, NULL, NULL) = 32
24249 1784070809.576493 recvfrom(38, 0x7ff90aa020, 3200, MSG_DONTWAIT, NULL, NULL) = -1 EAGAIN (Try again)
24249 1784070809.578135 recvfrom(63, 0x7165bd2820, 2272, MSG_DONTWAIT, NULL, NULL) = -1 EAGAIN (Try again)
24249 1784070809.578313 recvfrom(38, 0x7ff90a9f80, 3200, MSG_DONTWAIT, NULL, NULL) = -1 EAGAIN (Try again)
24249 1784070809.586206 recvfrom(38, "nysv\0\0\0\0\0\0\0\0\0\0\0\0\276\224\310[\235\1\0\0\10\234\1\0\0\0\0\0", 3200, MSG_DONTWAIT, NULL, NULL) = 32
24249 1784070809.586888 recvfrom(38, 0x7ff90aa020, 3200, MSG_DONTWAIT, NULL, NULL) = -1 EAGAIN (Try again)
24249 1784070809.588820 recvfrom(63, 0x7165bd2820, 2272, MSG_DONTWAIT, NULL, NULL) = -1 EAGAIN (Try again)
24249 1784070809.589274 recvfrom(61, 0x7165c6d820, 2272, MSG_DONTWAIT, NULL, NULL) = -1 EAGAIN (Try again)
24249 1784070809.589931 recvfrom(38, 0x7ff90a9f80, 3200, MSG_DONTWAIT, NULL, NULL) = -1 EAGAIN (Try again)
24271 1784070809.590112 recvfrom(42, "nysv\0\0\0\0\0\0\0\0\0\0\0\0\276\224\310[\235\1\0\0\10\234\1\0\0\0\0\0", 3200, MSG_DONTWAIT, NULL, NULL) = 32
24271 1784070809.590334 recvfrom(42, 0x716ad86c80, 3200, MSG_DONTWAIT, NULL, NULL) = -1 EAGAIN (Try again)
24271 1784070809.603459 recvfrom(42, 0x716ad86eb0, 3200, MSG_DONTWAIT, NULL, NULL) = -1 EAGAIN (Try again)
24249 1784070809.609867 recvfrom(38, "nysv\0\0\0\0\0\0\0\0\0\0\0\0\233+\307\\\235\1\0\0\t\234\1\0\0\0\0\0", 3200, MSG_DONTWAIT, NULL, NULL) = 32
24249 1784070809.610021 recvfrom(38, 0x7ff90aa020, 3200, MSG_DONTWAIT, NULL, NULL) = -1 EAGAIN (Try again)
24249 1784070809.610833 recvfrom(38, 0x7ff90a9390, 3200, MSG_DONTWAIT, NULL, NULL) = -1 EAGAIN (Try again)
24271 1784070809.618323 recvfrom(42, 0x716ad86eb0, 3200, MSG_DONTWAIT, NULL, NULL) = -1 EAGAIN (Try again)
24249 1784070809.626358 recvfrom(38, "nysv\0\0\0\0\0\0\0\0\0\0\0\0J\301\305]\235\1\0\0\n\234\1\0\0\0\0\0", 3200, MSG_DONTWAIT, NULL, NULL) = 32
24249 1784070809.626488 recvfrom(38, 0x7ff90aa020, 3200, MSG_DONTWAIT, NULL, NULL) = -1 EAGAIN (Try again)
24249 1784070809.626652 recvfrom(63, 0x7165bd2820, 2272, MSG_DONTWAIT, NULL, NULL) = -1 EAGAIN (Try again)
24249 1784070809.626851 recvfrom(38, 0x7ff90a9390, 3200, MSG_DONTWAIT, NULL, NULL) = -1 EAGAIN (Try again)
24271 1784070809.631429 recvfrom(42, "nysv\0\0\0\0\0\0\0\0\0\0\0\0J\301\305]\235\1\0\0\n\234\1\0\0\0\0\0", 3200, MSG_DONTWAIT, NULL, NULL) = 32
24271 1784070809.631574 recvfrom(42, 0x716ad86c80, 3200, MSG_DONTWAIT, NULL, NULL) = -1 EAGAIN (Try again)
24249 1784070809.636827 recvfrom(38, "nysv\0\0\0\0\0\0\0\0\0\0\0\0\371,\304^\235\1\0\0\v\234\1\0\0\0\0\0", 3200, MSG_DONTWAIT, NULL, NULL) = 32
24249 1784070809.637162 recvfrom(38, 0x7ff90aa020, 3200, MSG_DONTWAIT, NULL, NULL) = -1 EAGAIN (Try again)
24249 1784070809.637469 recvfrom(63, 0x7165bd2820, 2272, MSG_DONTWAIT, NULL, NULL) = -1 EAGAIN (Try again)
24249 1784070809.639232 recvfrom(38, 0x7ff90a9390, 3200, MSG_DONTWAIT, NULL, NULL) = -1 EAGAIN (Try again)
24271 1784070809.650165 recvfrom(42, 0x716ad86eb0, 3200, MSG_DONTWAIT, NULL, NULL) = -1 EAGAIN (Try again)
24249 1784070809.655912 recvfrom(38, "nysv\0\0\0\0\0\0\0\0\0\0\0\0\371\247\302_\235\1\0\0\f\234\1\0\0\0\0\0", 3200, MSG_DONTWAIT, NULL, NULL) = 32
24249 1784070809.656450 recvfrom(38, 0x7ff90aa020, 3200, MSG_DONTWAIT, NULL, NULL) = -1 EAGAIN (Try again)
24249 1784070809.656704 recvfrom(63, 0x7165bd2820, 2272, MSG_DONTWAIT, NULL, NULL) = -1 EAGAIN (Try again)
24249 1784070809.656921 recvfrom(38, 0x7ff90a9390, 3200, MSG_DONTWAIT, NULL, NULL) = -1 EAGAIN (Try again)
24271 1784070809.661979 recvfrom(42, "nysv\0\0\0\0\0\0\0\0\0\0\0\0\371\247\302_\235\1\0\0\f\234\1\0\0\0\0\0", 3200, MSG_DONTWAIT, NULL, NULL) = 32
24271 1784070809.662140 recvfrom(42, 0x716ad86c80, 3200, MSG_DONTWAIT, NULL, NULL) = -1 EAGAIN (Try again)
24249 1784070809.670085 recvfrom(38, "nysv\0\0\0\0\0\0\0\0\0\0\0\0z\22\301`\235\1\0\0\r\234\1\0\0\0\0\0", 3200, MSG_DONTWAIT, NULL, NULL) = 32
24249 1784070809.670450 recvfrom(38, 0x7ff90aa020, 3200, MSG_DONTWAIT, NULL, NULL) = -1 EAGAIN (Try again)
24249 1784070809.670838 recvfrom(63, 0x7165bd2820, 2272, MSG_DONTWAIT, NULL, NULL) = -1 EAGAIN (Try again)
24249 1784070809.671086 recvfrom(38, 0x7ff90a9390, 3200, MSG_DONTWAIT, NULL, NULL) = -1 EAGAIN (Try again)
24271 1784070809.683742 recvfrom(42, 0x716ad86eb0, 3200, MSG_DONTWAIT, NULL, NULL) = -1 EAGAIN (Try again)
24249 1784070809.689066 recvfrom(38, "nysv\0\0\0\0\0\0\0\0\0\0\0\0\f\332\277a\235\1\0\0\16\234\1\0\0\0\0\0", 3200, MSG_DONTWAIT, NULL, NULL) = 32
24249 1784070809.689253 recvfrom(38, 0x7ff90aa020, 3200, MSG_DONTWAIT, NULL, NULL) = -1 EAGAIN (Try again)
24249 1784070809.689438 recvfrom(63, 0x7165bd2820, 2272, MSG_DONTWAIT, NULL, NULL) = -1 EAGAIN (Try again)
24249 1784070809.689654 recvfrom(38, 0x7ff90a9390, 3200, MSG_DONTWAIT, NULL, NULL) = -1 EAGAIN (Try again)
24271 1784070809.693998 recvfrom(42, "nysv\0\0\0\0\0\0\0\0\0\0\0\0\f\332\277a\235\1\0\0\16\234\1\0\0\0\0\0", 3200, MSG_DONTWAIT, NULL, NULL) = 32
24271 1784070809.694154 recvfrom(42, 0x716ad86c80, 3200, MSG_DONTWAIT, NULL, NULL) = -1 EAGAIN (Try again)
24249 1784070809.704422 recvfrom(38, "nysv\0\0\0\0\0\0\0\0\0\0\0\0\336\6\276b\235\1\0\0\17\234\1\0\0\0\0\0", 3200, MSG_DONTWAIT, NULL, NULL) = 32
24249 1784070809.704823 recvfrom(38, 0x7ff90aa020, 3200, MSG_DONTWAIT, NULL, NULL) = -1 EAGAIN (Try again)
24249 1784070809.705136 recvfrom(63, 0x7165bd2820, 2272, MSG_DONTWAIT, NULL, NULL) = -1 EAGAIN (Try again)
24249 1784070809.705411 recvfrom(38, 0x7ff90a9390, 3200, MSG_DONTWAIT, NULL, NULL) = -1 EAGAIN (Try again)
24271 1784070809.718480 recvfrom(42, 0x716ad86eb0, 3200, MSG_DONTWAIT, NULL, NULL) = -1 EAGAIN (Try again)
24249 1784070809.727170 recvfrom(38, "nysv\0\0\0\0\0\0\0\0\0\0\0\0\342\223\274c\235\1\0\0\20\234\1\0\0\0\0\0", 3200, MSG_DONTWAIT, NULL, NULL) = 32
24249 1784070809.727323 recvfrom(38, 0x7ff90aa020, 3200, MSG_DONTWAIT, NULL, NULL) = -1 EAGAIN (Try again)
24249 1784070809.728444 recvfrom(63, 0x7165bd2820, 2272, MSG_DONTWAIT, NULL, NULL) = -1 EAGAIN (Try again)
24249 1784070809.728638 recvfrom(38, 0x7ff90a9390, 3200, MSG_DONTWAIT, NULL, NULL) = -1 EAGAIN (Try again)
24271 1784070809.731434 recvfrom(42, "nysv\0\0\0\0\0\0\0\0\0\0\0\0\342\223\274c\235\1\0\0\20\234\1\0\0\0\0\0", 3200, MSG_DONTWAIT, NULL, NULL) = 32
24271 1784070809.731588 recvfrom(42, 0x716ad86c80, 3200, MSG_DONTWAIT, NULL, NULL) = -1 EAGAIN (Try again)
24249 1784070809.736046 recvfrom(38, "nysv\0\0\0\0\0\0\0\0\0\0\0\0\276/\273d\235\1\0\0\21\234\1\0\0\0\0\0", 3200, MSG_DONTWAIT, NULL, NULL) = 32
24249 1784070809.736420 recvfrom(38, 0x7ff90aa020, 3200, MSG_DONTWAIT, NULL, NULL) = -1 EAGAIN (Try again)
24249 1784070809.736761 recvfrom(63, 0x7165bd2820, 2272, MSG_DONTWAIT, NULL, NULL) = -1 EAGAIN (Try again)
24249 1784070809.737075 recvfrom(38, 0x7ff90a9390, 3200, MSG_DONTWAIT, NULL, NULL) = -1 EAGAIN (Try again)
24271 1784070809.749722 recvfrom(42, 0x716ad86eb0, 3200, MSG_DONTWAIT, NULL, NULL) = -1 EAGAIN (Try again)
24249 1784070809.753825 recvfrom(38, "nysv\0\0\0\0\0\0\0\0\0\0\0\0>\230\271e\235\1\0\0\22\234\1\0\0\0\0\0", 3200, MSG_DONTWAIT, NULL, NULL) = 32
24249 1784070809.753958 recvfrom(38, 0x7ff90aa020, 3200, MSG_DONTWAIT, NULL, NULL) = -1 EAGAIN (Try again)
24249 1784070809.754316 recvfrom(63, 0x7165bd2820, 2272, MSG_DONTWAIT, NULL, NULL) = -1 EAGAIN (Try again)
24249 1784070809.754718 recvfrom(38, 0x7ff90a9390, 3200, MSG_DONTWAIT, NULL, NULL) = -1 EAGAIN (Try again)
24271 1784070809.761649 recvfrom(42, "nysv\0\0\0\0\0\0\0\0\0\0\0\0>\230\271e\235\1\0\0\22\234\1\0\0\0\0\0", 3200, MSG_DONTWAIT, NULL, NULL) = 32
24271 1784070809.761807 recvfrom(42, 0x716ad86c80, 3200, MSG_DONTWAIT, NULL, NULL) = -1 EAGAIN (Try again)
24249 1784070809.769423 recvfrom(38, "nysv\0\0\0\0\0\0\0\0\0\0\0\0\257+\270f\235\1\0\0\23\234\1\0\0\0\0\0", 3200, MSG_DONTWAIT, NULL, NULL) = 32
24249 1784070809.769739 recvfrom(38, 0x7ff90aa020, 3200, MSG_DONTWAIT, NULL, NULL) = -1 EAGAIN (Try again)
24249 1784070809.770022 recvfrom(63, 0x7165bd2820, 2272, MSG_DONTWAIT, NULL, NULL) = -1 EAGAIN (Try again)
24249 1784070809.770289 recvfrom(38, 0x7ff90a9390, 3200, MSG_DONTWAIT, NULL, NULL) = -1 EAGAIN (Try again)
24271 1784070809.783585 recvfrom(42, 0x716ad86eb0, 3200, MSG_DONTWAIT, NULL, NULL) = -1 EAGAIN (Try again)
24249 1784070809.791177 recvfrom(38, "nysv\0\0\0\0\0\0\0\0\0\0\0\0\207\236\266g\235\1\0\0\24\234\1\0\0\0\0\0", 3200, MSG_DONTWAIT, NULL, NULL) = 32
24249 1784070809.791346 recvfrom(38, 0x7ff90aa020, 3200, MSG_DONTWAIT, NULL, NULL) = -1 EAGAIN (Try again)
24249 1784070809.791523 recvfrom(63, 0x7165bd2820, 2272, MSG_DONTWAIT, NULL, NULL) = -1 EAGAIN (Try again)
24249 1784070809.791741 recvfrom(38, 0x7ff90a9390, 3200, MSG_DONTWAIT, NULL, NULL) = -1 EAGAIN (Try again)
24271 1784070809.802436 recvfrom(42, "nysv\0\0\0\0\0\0\0\0\0\0\0\0\207\236\266g\235\1\0\0\24\234\1\0\0\0\0\0", 3200, MSG_DONTWAIT, NULL, NULL) = 32
24271 1784070809.802595 recvfrom(42, 0x716ad86c80, 3200, MSG_DONTWAIT, NULL, NULL) = -1 EAGAIN (Try again)
24249 1784070809.805794 recvfrom(38, "nysv\0\0\0\0\0\0\0\0\0\0\0\0\311\26\265h\235\1\0\0\25\234\1\0\0\0\0\0", 3200, MSG_DONTWAIT, NULL, NULL) = 32
24249 1784070809.806093 recvfrom(38, 0x7ff90aa020, 3200, MSG_DONTWAIT, NULL, NULL) = -1 EAGAIN (Try again)
24644 1784070809.811123 sendmsg(71, {msg_name=NULL, msg_namelen=0, msg_iov=[{iov_base="l\1\1\1\344\0\0\0\4\3\0\0\235\0\0\0\1\1o\0;\0\0\0/re/frid"..., iov_len=404}], msg_iovlen=1, msg_controllen=0, msg_flags=0}, MSG_NOSIGNAL) = 404
24249 1784070809.812094 recvfrom(63, 0x7165bd2820, 2272, MSG_DONTWAIT, NULL, NULL) = -1 EAGAIN (Try again)
24249 1784070809.812244 recvfrom(61, 0x7165c6d820, 2272, MSG_DONTWAIT, NULL, NULL) = -1 EAGAIN (Try again)
24249 1784070809.812438 recvfrom(38, 0x7ff90a9390, 3200, MSG_DONTWAIT, NULL, NULL) = -1 EAGAIN (Try again)
24271 1784070809.824080 recvfrom(42, "nysv\0\0\0\0\0\0\0\0\0\0\0\0\231)\263i\235\1\0\0\26\234\1\0\0\0\0\0", 3200, MSG_DONTWAIT, NULL, NULL) = 32
24271 1784070809.825156 recvfrom(42, 0x716ad86eb0, 3200, MSG_DONTWAIT, NULL, NULL) = -1 EAGAIN (Try again)
24271 1784070809.833867 recvfrom(42, 0x716ad86eb0, 3200, MSG_DONTWAIT, NULL, NULL) = -1 EAGAIN (Try again)
24271 1784070809.836410 recvfrom(42, "nysv\0\0\0\0\0\0\0\0\0\0\0\0\354\300\261j\235\1\0\0\27\234\1\0\0\0\0\0", 3200, MSG_DONTWAIT, NULL, NULL) = 32
24271 1784070809.836601 recvfrom(42, 0x716ad86c80, 3200, MSG_DONTWAIT, NULL, NULL) = -1 EAGAIN (Try again)
24249 1784070809.842998 recvfrom(38, "nysv\0\0\0\0\0\0\0\0\0\0\0\0\231)\263i\235\1\0\0\26\234\1\0\0\0\0\0", 3200, MSG_DONTWAIT, NULL, NULL) = 32
24249 1784070809.843142 recvfrom(38, 0x7ff90aa020, 3200, MSG_DONTWAIT, NULL, NULL) = -1 EAGAIN (Try again)
24249 1784070809.843920 recvfrom(63, 0x7165bd2820, 2272, MSG_DONTWAIT, NULL, NULL) = -1 EAGAIN (Try again)
24249 1784070809.844116 recvfrom(38, 0x7ff90a9300, 3200, MSG_DONTWAIT, NULL, NULL) = -1 EAGAIN (Try again)
24249 1784070809.852906 recvfrom(38, "nysv\0\0\0\0\0\0\0\0\0\0\0\0<G\260k\235\1\0\0\30\234\1\0\0\0\0\0", 3200, MSG_DONTWAIT, NULL, NULL) = 32
24249 1784070809.853119 recvfrom(38, 0x7ff90aa020, 3200, MSG_DONTWAIT, NULL, NULL) = -1 EAGAIN (Try again)
24249 1784070809.853495 recvfrom(63, 0x7165bd2820, 2272, MSG_DONTWAIT, NULL, NULL) = -1 EAGAIN (Try again)
24271 1784070809.862107 recvfrom(42, "nysv\0\0\0\0\0\0\0\0\0\0\0\0<G\260k\235\1\0\0\30\234\1\0\0\0\0\0", 3200, MSG_DONTWAIT, NULL, NULL) = 32
24271 1784070809.862253 recvfrom(42, 0x716ad86eb0, 3200, MSG_DONTWAIT, NULL, NULL) = -1 EAGAIN (Try again)
24271 1784070809.881267 recvfrom(42, "nysv\0\0\0\0\0\0\0\0\0\0\0\0-s\256l\235\1\0\0\31\234\1\0\0\0\0\0", 3200, MSG_DONTWAIT, NULL, NULL) = 32
24271 1784070809.881417 recvfrom(42, 0x716ad86eb0, 3200, MSG_DONTWAIT, NULL, NULL) = -1 EAGAIN (Try again)
24271 1784070809.887075 recvfrom(42, "nysv\0\0\0\0\0\0\0\0\0\0\0\0\10\302\254m\235\1\0\0\32\234\1\0\0\0\0\0", 3200, MSG_DONTWAIT, NULL, NULL) = 32
24271 1784070809.887483 recvfrom(42, 0x716ad86c80, 3200, MSG_DONTWAIT, NULL, NULL) = -1 EAGAIN (Try again)
24271 1784070809.900408 recvfrom(42, 0x716ad86eb0, 3200, MSG_DONTWAIT, NULL, NULL) = -1 EAGAIN (Try again)
24271 1784070809.904131 recvfrom(42, "nysv\0\0\0\0\0\0\0\0\0\0\0\0\30\375\252n\235\1\0\0\33\234\1\0\0\0\0\0", 3200, MSG_DONTWAIT, NULL, NULL) = 32
24271 1784070809.904454 recvfrom(42, 0x716ad86c80, 3200, MSG_DONTWAIT, NULL, NULL) = -1 EAGAIN (Try again)
24271 1784070809.914567 recvfrom(42, 0x716ad86eb0, 3200, MSG_DONTWAIT, NULL, NULL) = -1 EAGAIN (Try again)
24271 1784070809.920123 recvfrom(42, "nysv\0\0\0\0\0\0\0\0\0\0\0\0\360[\251o\235\1\0\0\34\234\1\0\0\0\0\0", 3200, MSG_DONTWAIT, NULL, NULL) = 32
24271 1784070809.920486 recvfrom(42, 0x716ad86c80, 3200, MSG_DONTWAIT, NULL, NULL) = -1 EAGAIN (Try again)
24271 1784070809.938338 recvfrom(42, "nysv\0\0\0\0\0\0\0\0\0\0\0\0\307f\247p\235\1\0\0\35\234\1\0\0\0\0\0", 3200, MSG_DONTWAIT, NULL, NULL) = 32
24271 1784070809.938658 recvfrom(42, 0x716ad86c80, 3200, MSG_DONTWAIT, NULL, NULL) = -1 EAGAIN (Try again)
24249 1784070810.807060 recvfrom(38, 0x7ff90a9de0, 3200, MSG_DONTWAIT, NULL, NULL) = -1 EAGAIN (Try again)
24644 1784070810.808254 sendmsg(71, {msg_name=NULL, msg_namelen=0, msg_iov=[{iov_base="l\1\1\1\344\0\0\0\5\3\0\0\235\0\0\0\1\1o\0;\0\0\0/re/frid"..., iov_len=404}], msg_iovlen=1, msg_controllen=0, msg_flags=0}, MSG_NOSIGNAL) = 404
24249 1784070810.823500 recvfrom(38, "nysv\0\0\0\0\0\0\0\0\0\0\0\0\373WJ\245\235\1\0\0R\234\1\0\0\0\0\0", 3200, MSG_DONTWAIT, NULL, NULL) = 32
24249 1784070810.824134 recvfrom(38, 0x7ff90aa020, 3200, MSG_DONTWAIT, NULL, NULL) = -1 EAGAIN (Try again)
24249 1784070810.824891 recvfrom(61, 0x7165c6d820, 2272, MSG_DONTWAIT, NULL, NULL) = -1 EAGAIN (Try again)
24249 1784070810.827123 recvfrom(38, 0x7ff90a8c90, 3200, MSG_DONTWAIT, NULL, NULL) = -1 EAGAIN (Try again)
24249 1784070810.837348 recvfrom(38, "nysv\0\0\0\0\0\0\0\0\0\0\0\08\326H\246\235\1\0\0S\234\1\0\0\0\0\0", 3200, MSG_DONTWAIT, NULL, NULL) = 32
24249 1784070810.837881 recvfrom(38, 0x7ff90aa020, 3200, MSG_DONTWAIT, NULL, NULL) = -1 EAGAIN (Try again)
24249 1784070810.838672 recvfrom(63, 0x7165bd2820, 2272, MSG_DONTWAIT, NULL, NULL) = -1 EAGAIN (Try again)
24249 1784070811.075236 recvfrom(38, 0x7ff90a9ef0, 3200, MSG_DONTWAIT, NULL, NULL) = -1 EAGAIN (Try again)
24249 1784070811.088754 recvfrom(38, "nysv\0\0\0\0\0\0\0\0\0\0\0\0q\255/\265\235\1\0\0a\234\1\0\0\0\0\0", 3200, MSG_DONTWAIT, NULL, NULL) = 32
24249 1784070811.089569 recvfrom(38, 0x7ff90aa020, 3200, MSG_DONTWAIT, NULL, NULL) = -1 EAGAIN (Try again)
24249 1784070811.090310 recvfrom(63, 0x7165bd2820, 2272, MSG_DONTWAIT, NULL, NULL) = -1 EAGAIN (Try again)
24249 1784070811.091153 recvfrom(38, 0x7ff90a93b0, 3200, MSG_DONTWAIT, NULL, NULL) = -1 EAGAIN (Try again)
24249 1784070811.107054 recvfrom(38, "nysv\0\0\0\0\0\0\0\0\0\0\0\0\305\252-\266\235\1\0\0b\234\1\0\0\0\0\0", 3200, MSG_DONTWAIT, NULL, NULL) = 32
24249 1784070811.107530 recvfrom(38, 0x7ff90aa020, 3200, MSG_DONTWAIT, NULL, NULL) = -1 EAGAIN (Try again)
24249 1784070811.108535 recvfrom(63, 0x7165bd2820, 2272, MSG_DONTWAIT, NULL, NULL) = -1 EAGAIN (Try again)
24249 1784070811.109508 recvfrom(38, 0x7ff90a9510, 3200, MSG_DONTWAIT, NULL, NULL) = -1 EAGAIN (Try again)
24249 1784070811.119516 recvfrom(38, "nysv\0\0\0\0\0\0\0\0\0\0\0\0\225L,\267\235\1\0\0c\234\1\0\0\0\0\0", 3200, MSG_DONTWAIT, NULL, NULL) = 32
24249 1784070811.120226 recvfrom(38, 0x7ff90aa020, 3200, MSG_DONTWAIT, NULL, NULL) = -1 EAGAIN (Try again)
24249 1784070811.121009 recvfrom(63, 0x7165bd2820, 2272, MSG_DONTWAIT, NULL, NULL) = -1 EAGAIN (Try again)
24249 1784070811.121918 recvfrom(38, 0x7ff90a9510, 3200, MSG_DONTWAIT, NULL, NULL) = -1 EAGAIN (Try again)
24249 1784070811.137416 recvfrom(38, "nysv\0\0\0\0\0\0\0\0\0\0\0\0\214\226*\270\235\1\0\0d\234\1\0\0\0\0\0", 3200, MSG_DONTWAIT, NULL, NULL) = 32
24249 1784070811.137945 recvfrom(38, 0x7ff90aa020, 3200, MSG_DONTWAIT, NULL, NULL) = -1 EAGAIN (Try again)
24249 1784070811.138504 recvfrom(63, 0x7165bd2820, 2272, MSG_DONTWAIT, NULL, NULL) = -1 EAGAIN (Try again)
24249 1784070811.141510 recvfrom(38, 0x7ff90a9510, 3200, MSG_DONTWAIT, NULL, NULL) = -1 EAGAIN (Try again)
24249 1784070811.154281 recvfrom(38, "nysv\0\0\0\0\0\0\0\0\0\0\0\0\r\323(\271\235\1\0\0e\234\1\0\0\0\0\0", 3200, MSG_DONTWAIT, NULL, NULL) = 32
24249 1784070811.154801 recvfrom(38, 0x7ff90aa020, 3200, MSG_DONTWAIT, NULL, NULL) = -1 EAGAIN (Try again)
24249 1784070811.155390 recvfrom(63, 0x7165bd2820, 2272, MSG_DONTWAIT, NULL, NULL) = -1 EAGAIN (Try again)
24249 1784070811.156021 recvfrom(38, 0x7ff90a9510, 3200, MSG_DONTWAIT, NULL, NULL) = -1 EAGAIN (Try again)
24249 1784070811.171480 recvfrom(38, "nysv\0\0\0\0\0\0\0\0\0\0\0\0m\353&\272\235\1\0\0f\234\1\0\0\0\0\0", 3200, MSG_DONTWAIT, NULL, NULL) = 32
24249 1784070811.171989 recvfrom(38, 0x7ff90aa020, 3200, MSG_DONTWAIT, NULL, NULL) = -1 EAGAIN (Try again)
24249 1784070811.174266 recvfrom(63, 0x7165bd2820, 2272, MSG_DONTWAIT, NULL, NULL) = -1 EAGAIN (Try again)
24249 1784070811.174741 recvfrom(38, 0x7ff90a9510, 3200, MSG_DONTWAIT, NULL, NULL) = -1 EAGAIN (Try again)
24249 1784070811.187763 recvfrom(38, "nysv\0\0\0\0\0\0\0\0\0\0\0\0\227;%\273\235\1\0\0g\234\1\0\0\0\0\0", 3200, MSG_DONTWAIT, NULL, NULL) = 32
24249 1784070811.188259 recvfrom(38, 0x7ff90aa020, 3200, MSG_DONTWAIT, NULL, NULL) = -1 EAGAIN (Try again)
24249 1784070811.190620 recvfrom(63, 0x7165bd2820, 2272, MSG_DONTWAIT, NULL, NULL) = -1 EAGAIN (Try again)
24249 1784070811.191621 recvfrom(38, 0x7ff90a9510, 3200, MSG_DONTWAIT, NULL, NULL) = -1 EAGAIN (Try again)
24249 1784070811.202970 recvfrom(38, "nysv\0\0\0\0\0\0\0\0\0\0\0\0\340\301#\274\235\1\0\0h\234\1\0\0\0\0\0", 3200, MSG_DONTWAIT, NULL, NULL) = 32
24249 1784070811.203364 recvfrom(38, 0x7ff90aa020, 3200, MSG_DONTWAIT, NULL, NULL) = -1 EAGAIN (Try again)
24249 1784070811.203791 recvfrom(63, 0x7165bd2820, 2272, MSG_DONTWAIT, NULL, NULL) = -1 EAGAIN (Try again)
24249 1784070811.206926 recvfrom(38, 0x7ff90a9510, 3200, MSG_DONTWAIT, NULL, NULL) = -1 EAGAIN (Try again)
24249 1784070811.222168 recvfrom(38, "nysv\0\0\0\0\0\0\0\0\0\0\0\0\353\333!\275\235\1\0\0i\234\1\0\0\0\0\0", 3200, MSG_DONTWAIT, NULL, NULL) = 32
24249 1784070811.222592 recvfrom(38, 0x7ff90aa020, 3200, MSG_DONTWAIT, NULL, NULL) = -1 EAGAIN (Try again)
24249 1784070811.223117 recvfrom(63, 0x7165bd2820, 2272, MSG_DONTWAIT, NULL, NULL) = -1 EAGAIN (Try again)
24249 1784070811.223590 recvfrom(38, 0x7ff90a9510, 3200, MSG_DONTWAIT, NULL, NULL) = -1 EAGAIN (Try again)
24249 1784070811.236979 recvfrom(38, "nysv\0\0\0\0\0\0\0\0\0\0\0\0\2729 \276\235\1\0\0j\234\1\0\0\0\0\0", 3200, MSG_DONTWAIT, NULL, NULL) = 32
24249 1784070811.237347 recvfrom(38, 0x7ff90aa020, 3200, MSG_DONTWAIT, NULL, NULL) = -1 EAGAIN (Try again)
24249 1784070811.239410 recvfrom(63, 0x7165bd2820, 2272, MSG_DONTWAIT, NULL, NULL) = -1 EAGAIN (Try again)
24249 1784070811.240987 recvfrom(38, 0x7ff90a9510, 3200, MSG_DONTWAIT, NULL, NULL) = -1 EAGAIN (Try again)
24249 1784070811.254271 recvfrom(38, "nysv\0\0\0\0\0\0\0\0\0\0\0\0?|\36\277\235\1\0\0k\234\1\0\0\0\0\0", 3200, MSG_DONTWAIT, NULL, NULL) = 32
24249 1784070811.254735 recvfrom(38, 0x7ff90aa020, 3200, MSG_DONTWAIT, NULL, NULL) = -1 EAGAIN (Try again)
24249 1784070811.256799 recvfrom(63, 0x7165bd2820, 2272, MSG_DONTWAIT, NULL, NULL) = -1 EAGAIN (Try again)
24249 1784070811.258384 recvfrom(38, 0x7ff90a9510, 3200, MSG_DONTWAIT, NULL, NULL) = -1 EAGAIN (Try again)
24249 1784070811.271352 recvfrom(38, "nysv\0\0\0\0\0\0\0\0\0\0\0\0i\314\34\300\235\1\0\0l\234\1\0\0\0\0\0", 3200, MSG_DONTWAIT, NULL, NULL) = 32
24249 1784070811.271602 recvfrom(38, 0x7ff90aa020, 3200, MSG_DONTWAIT, NULL, NULL) = -1 EAGAIN (Try again)
24249 1784070811.272400 recvfrom(63, 0x7165bd2820, 2272, MSG_DONTWAIT, NULL, NULL) = -1 EAGAIN (Try again)
24249 1784070811.273192 recvfrom(38, 0x7ff90a9510, 3200, MSG_DONTWAIT, NULL, NULL) = -1 EAGAIN (Try again)
24249 1784070811.288833 recvfrom(38, "nysv\0\0\0\0\0\0\0\0\0\0\0\0\223\34\33\301\235\1\0\0m\234\1\0\0\0\0\0", 3200, MSG_DONTWAIT, NULL, NULL) = 32
24249 1784070811.289137 recvfrom(38, 0x7ff90aa020, 3200, MSG_DONTWAIT, NULL, NULL) = -1 EAGAIN (Try again)
24249 1784070811.291614 recvfrom(63, 0x7165bd2820, 2272, MSG_DONTWAIT, NULL, NULL) = -1 EAGAIN (Try again)
24249 1784070811.292644 recvfrom(38, 0x7ff90a9510, 3200, MSG_DONTWAIT, NULL, NULL) = -1 EAGAIN (Try again)
24249 1784070811.303356 recvfrom(38, "nysv\0\0\0\0\0\0\0\0\0\0\0\0c\224\31\302\235\1\0\0n\234\1\0\0\0\0\0", 3200, MSG_DONTWAIT, NULL, NULL) = 32
24249 1784070811.303629 recvfrom(38, 0x7ff90aa020, 3200, MSG_DONTWAIT, NULL, NULL) = -1 EAGAIN (Try again)
24249 1784070811.305974 recvfrom(63, 0x7165bd2820, 2272, MSG_DONTWAIT, NULL, NULL) = -1 EAGAIN (Try again)
24249 1784070811.306789 recvfrom(38, 0x7ff90a9510, 3200, MSG_DONTWAIT, NULL, NULL) = -1 EAGAIN (Try again)
24249 1784070811.319463 recvfrom(38, "nysv\0\0\0\0\0\0\0\0\0\0\0\0\334\34\30\303\235\1\0\0o\234\1\0\0\0\0\0", 3200, MSG_DONTWAIT, NULL, NULL) = 32
24249 1784070811.319869 recvfrom(38, 0x7ff90aa020, 3200, MSG_DONTWAIT, NULL, NULL) = -1 EAGAIN (Try again)
24249 1784070811.322217 recvfrom(63, 0x7165bd2820, 2272, MSG_DONTWAIT, NULL, NULL) = -1 EAGAIN (Try again)
24249 1784070811.322703 recvfrom(38, 0x7ff90a9510, 3200, MSG_DONTWAIT, NULL, NULL) = -1 EAGAIN (Try again)
24249 1784070811.337496 recvfrom(38, "nysv\0\0\0\0\0\0\0\0\0\0\0\0\203\34\26\304\235\1\0\0p\234\1\0\0\0\0\0", 3200, MSG_DONTWAIT, NULL, NULL) = 32
24249 1784070811.337922 recvfrom(38, 0x7ff90aa020, 3200, MSG_DONTWAIT, NULL, NULL) = -1 EAGAIN (Try again)
24249 1784070811.338441 recvfrom(63, 0x7165bd2820, 2272, MSG_DONTWAIT, NULL, NULL) = -1 EAGAIN (Try again)
24249 1784070811.339262 recvfrom(38, 0x7ff90a9510, 3200, MSG_DONTWAIT, NULL, NULL) = -1 EAGAIN (Try again)
24249 1784070811.353693 recvfrom(38, "nysv\0\0\0\0\0\0\0\0\0\0\0\0\255l\24\305\235\1\0\0q\234\1\0\0\0\0\0", 3200, MSG_DONTWAIT, NULL, NULL) = 32
24249 1784070811.354045 recvfrom(38, 0x7ff90aa020, 3200, MSG_DONTWAIT, NULL, NULL) = -1 EAGAIN (Try again)
24249 1784070811.354482 recvfrom(63, 0x7165bd2820, 2272, MSG_DONTWAIT, NULL, NULL) = -1 EAGAIN (Try again)
24249 1784070811.823108 recvfrom(38, 0x7ff90a9de0, 3200, MSG_DONTWAIT, NULL, NULL) = -1 EAGAIN (Try again)
24644 1784070811.824388 sendmsg(71, {msg_name=NULL, msg_namelen=0, msg_iov=[{iov_base="l\1\1\1\344\0\0\0\6\3\0\0\235\0\0\0\1\1o\0;\0\0\0/re/frid"..., iov_len=404}], msg_iovlen=1, msg_controllen=0, msg_flags=0}, MSG_NOSIGNAL) = 404
24249 1784070811.839014 recvfrom(38, "nysv\0\0\0\0\0\0\0\0\0\0\0\0\375q\343\341\235\1\0\0\216\234\1\0\0\0\0\0", 3200, MSG_DONTWAIT, NULL, NULL) = 32
24249 1784070811.839537 recvfrom(38, 0x7ff90aa020, 3200, MSG_DONTWAIT, NULL, NULL) = -1 EAGAIN (Try again)
24249 1784070811.840175 recvfrom(61, 0x7165c6d820, 2272, MSG_DONTWAIT, NULL, NULL) = -1 EAGAIN (Try again)
24249 1784070811.842013 recvfrom(38, 0x7ff90a8c90, 3200, MSG_DONTWAIT, NULL, NULL) = -1 EAGAIN (Try again)
24249 1784070811.854789 recvfrom(38, "nysv\0\0\0\0\0\0\0\0\0\0\0\0'\302\341\342\235\1\0\0\217\234\1\0\0\0\0\0", 3200, MSG_DONTWAIT, NULL, NULL) = 32
24249 1784070811.855164 recvfrom(38, 0x7ff90aa020, 3200, MSG_DONTWAIT, NULL, NULL) = -1 EAGAIN (Try again)
24249 1784070811.855989 recvfrom(63, 0x7165bd2820, 2272, MSG_DONTWAIT, NULL, NULL) = -1 EAGAIN (Try again)
24249 1784070812.823158 recvfrom(38, 0x7ff90a9de0, 3200, MSG_DONTWAIT, NULL, NULL) = -1 EAGAIN (Try again)
24644 1784070812.824741 sendmsg(71, {msg_name=NULL, msg_namelen=0, msg_iov=[{iov_base="l\1\1\1\344\0\0\0\7\3\0\0\235\0\0\0\1\1o\0;\0\0\0/re/frid"..., iov_len=404}], msg_iovlen=1, msg_controllen=0, msg_flags=0}, MSG_NOSIGNAL) = 404
24249 1784070812.840190 recvfrom(38, "nysv\0\0\0\0\0\0\0\0\0\0\0\0\325;~\35\236\1\0\0\311\234\1\0\0\0\0\0", 3200, MSG_DONTWAIT, NULL, NULL) = 32
24249 1784070812.840746 recvfrom(38, 0x7ff90aa020, 3200, MSG_DONTWAIT, NULL, NULL) = -1 EAGAIN (Try again)
24249 1784070812.841435 recvfrom(61, 0x7165c6d820, 2272, MSG_DONTWAIT, NULL, NULL) = -1 EAGAIN (Try again)
24249 1784070812.843556 recvfrom(38, 0x7ff90a8c90, 3200, MSG_DONTWAIT, NULL, NULL) = -1 EAGAIN (Try again)
24249 1784070812.853130 recvfrom(38, "nysv\0\0\0\0\0\0\0\0\0\0\0\0'\267|\36\236\1\0\0\312\234\1\0\0\0\0\0", 3200, MSG_DONTWAIT, NULL, NULL) = 32
24249 1784070812.853594 recvfrom(38, 0x7ff90aa020, 3200, MSG_DONTWAIT, NULL, NULL) = -1 EAGAIN (Try again)
24249 1784070812.854550 recvfrom(63, 0x7165bd2820, 2272, MSG_DONTWAIT, NULL, NULL) = -1 EAGAIN (Try again)
24644 1784070813.843041 sendmsg(71, {msg_name=NULL, msg_namelen=0, msg_iov=[{iov_base="l\1\1\1\344\0\0\0\10\3\0\0\235\0\0\0\1\1o\0;\0\0\0/re/frid"..., iov_len=404}], msg_iovlen=1, msg_controllen=0, msg_flags=0}, MSG_NOSIGNAL <unfinished ...>
24249 1784070813.843122 recvfrom(38, 0x7ff90a9de0, 3200, MSG_DONTWAIT, NULL, NULL) = -1 EAGAIN (Try again)
24644 1784070813.843483 <... sendmsg resumed> ) = 404
24249 1784070813.855749 recvfrom(38, "nysv\0\0\0\0\0\0\0\0\0\0\0\0\327U\27Z\236\1\0\0\6\235\1\0\0\0\0\0", 3200, MSG_DONTWAIT, NULL, NULL) = 32
24249 1784070813.856136 recvfrom(38, 0x7ff90aa020, 3200, MSG_DONTWAIT, NULL, NULL) = -1 EAGAIN (Try again)
24249 1784070813.856809 recvfrom(61, 0x7165c6d820, 2272, MSG_DONTWAIT, NULL, NULL) = -1 EAGAIN (Try again)
24249 1784070813.858780 recvfrom(38, 0x7ff90a8c90, 3200, MSG_DONTWAIT, NULL, NULL) = -1 EAGAIN (Try again)
24249 1784070813.870947 recvfrom(38, "nysv\0\0\0\0\0\0\0\0\0\0\0\0\1\246\25[\236\1\0\0\7\235\1\0\0\0\0\0", 3200, MSG_DONTWAIT, NULL, NULL) = 32
24249 1784070813.871362 recvfrom(38, 0x7ff90aa020, 3200, MSG_DONTWAIT, NULL, NULL) = -1 EAGAIN (Try again)
24249 1784070813.872142 recvfrom(63, 0x7165bd2820, 2272, MSG_DONTWAIT, NULL, NULL) = -1 EAGAIN (Try again)
24249 1784070814.835491 recvfrom(38, 0x7ff90a9de0, 3200, MSG_DONTWAIT, NULL, NULL) = -1 EAGAIN (Try again)
24644 1784070814.837036 sendmsg(71, {msg_name=NULL, msg_namelen=0, msg_iov=[{iov_base="l\1\1\1\344\0\0\0\t\3\0\0\235\0\0\0\1\1o\0;\0\0\0/re/frid"..., iov_len=404}], msg_iovlen=1, msg_controllen=0, msg_flags=0}, MSG_NOSIGNAL) = 404
24249 1784070814.838589 recvfrom(38, "nysv\0\0\0\0\0\0\0\0\0\0\0\0\230\363\263\224\236\1\0\0@\235\1\0\0\0\0\0", 3200, MSG_DONTWAIT, NULL, NULL) = 32
24249 1784070814.838826 recvfrom(38, 0x7ff90aa020, 3200, MSG_DONTWAIT, NULL, NULL) = -1 EAGAIN (Try again)
24249 1784070814.839062 recvfrom(61, 0x7165c6d820, 2272, MSG_DONTWAIT, NULL, NULL) = -1 EAGAIN (Try again)
24249 1784070814.840316 recvfrom(38, 0x7ff90a8c90, 3200, MSG_DONTWAIT, NULL, NULL) = -1 EAGAIN (Try again)
24249 1784070814.853785 recvfrom(38, "nysv\0\0\0\0\0\0\0\0\0\0\0\0TL\262\225\236\1\0\0A\235\1\0\0\0\0\0", 3200, MSG_DONTWAIT, NULL, NULL) = 32
24249 1784070814.854613 recvfrom(38, 0x7ff90aa020, 3200, MSG_DONTWAIT, NULL, NULL) = -1 EAGAIN (Try again)
24249 1784070814.858346 recvfrom(63, 0x7165bd2820, 2272, MSG_DONTWAIT, NULL, NULL) = -1 EAGAIN (Try again)
24644 1784070815.862352 sendmsg(71, {msg_name=NULL, msg_namelen=0, msg_iov=[{iov_base="l\1\1\1\344\0\0\0\n\3\0\0\235\0\0\0\1\1o\0;\0\0\0/re/frid"..., iov_len=404}], msg_iovlen=1, msg_controllen=0, msg_flags=0}, MSG_NOSIGNAL <unfinished ...>
24249 1784070815.862513 recvfrom(38,  <unfinished ...>
24644 1784070815.863050 <... sendmsg resumed> ) = 404
24249 1784070815.863446 <... recvfrom resumed> 0x7ff90a9de0, 3200, MSG_DONTWAIT, NULL, NULL) = -1 EAGAIN (Try again)
24249 1784070815.870147 recvfrom(38, "nysv\0\0\0\0\0\0\0\0\0\0\0\0\3pK\322\236\1\0\0~\235\1\0\0\0\0\0", 3200, MSG_DONTWAIT, NULL, NULL) = 32
24249 1784070815.870751 recvfrom(38, 0x7ff90aa020, 3200, MSG_DONTWAIT, NULL, NULL) = -1 EAGAIN (Try again)
24249 1784070815.871381 recvfrom(61, 0x7165c6d820, 2272, MSG_DONTWAIT, NULL, NULL) = -1 EAGAIN (Try again)
24249 1784070815.873209 recvfrom(38, 0x7ff90a8c90, 3200, MSG_DONTWAIT, NULL, NULL) = -1 EAGAIN (Try again)
24249 1784070815.886285 recvfrom(38, "nysv\0\0\0\0\0\0\0\0\0\0\0\0\217\364I\323\236\1\0\0\177\235\1\0\0\0\0\0", 3200, MSG_DONTWAIT, NULL, NULL) = 32
24249 1784070815.887120 recvfrom(38, 0x7ff90aa020, 3200, MSG_DONTWAIT, NULL, NULL) = -1 EAGAIN (Try again)
24249 1784070815.888055 recvfrom(63, 0x7165bd2820, 2272, MSG_DONTWAIT, NULL, NULL) = -1 EAGAIN (Try again)
24249 1784070816.849969 recvfrom(38, 0x7ff90a9de0, 3200, MSG_DONTWAIT, NULL, NULL) = -1 EAGAIN (Try again)
24644 1784070816.850737 sendmsg(71, {msg_name=NULL, msg_namelen=0, msg_iov=[{iov_base="l\1\1\1\344\0\0\0\v\3\0\0\235\0\0\0\1\1o\0;\0\0\0/re/frid"..., iov_len=404}], msg_iovlen=1, msg_controllen=0, msg_flags=0}, MSG_NOSIGNAL) = 404
24249 1784070816.854264 recvfrom(38, "nysv\0\0\0\0\0\0\0\0\0\0\0\0\353\363\347\f\237\1\0\0\271\235\1\0\0\0\0\0", 3200, MSG_DONTWAIT, NULL, NULL) = 32
24249 1784070816.854618 recvfrom(38, 0x7ff90aa020, 3200, MSG_DONTWAIT, NULL, NULL) = -1 EAGAIN (Try again)
24249 1784070816.854945 recvfrom(61, 0x7165c6d820, 2272, MSG_DONTWAIT, NULL, NULL) = -1 EAGAIN (Try again)
24249 1784070816.856890 recvfrom(38, 0x7ff90a8c90, 3200, MSG_DONTWAIT, NULL, NULL) = -1 EAGAIN (Try again)
24249 1784070816.872579 recvfrom(38, "nysv\0\0\0\0\0\0\0\0\0\0\0\0\211\3\346\r\237\1\0\0\272\235\1\0\0\0\0\0", 3200, MSG_DONTWAIT, NULL, NULL) = 32
24249 1784070816.873535 recvfrom(38, 0x7ff90aa020, 3200, MSG_DONTWAIT, NULL, NULL) = -1 EAGAIN (Try again)
24249 1784070816.874361 recvfrom(63, 0x7165bd2820, 2272, MSG_DONTWAIT, NULL, NULL) = -1 EAGAIN (Try again)
24249 1784070817.875808 recvfrom(38, 0x7ff90a9de0, 3200, MSG_DONTWAIT, NULL, NULL) = -1 EAGAIN (Try again)
24644 1784070817.876030 sendmsg(71, {msg_name=NULL, msg_namelen=0, msg_iov=[{iov_base="l\1\1\1\344\0\0\0\f\3\0\0\235\0\0\0\1\1o\0;\0\0\0/re/frid"..., iov_len=404}], msg_iovlen=1, msg_controllen=0, msg_flags=0}, MSG_NOSIGNAL) = 404
24249 1784070817.890091 recvfrom(38, "nysv\0\0\0\0\0\0\0\0\0\0\0\0\213\35\177J\237\1\0\0\365\235\1\0\0\0\0\0", 3200, MSG_DONTWAIT, NULL, NULL) = 32
24249 1784070817.890410 recvfrom(38, 0x7ff90aa020, 3200, MSG_DONTWAIT, NULL, NULL) = -1 EAGAIN (Try again)
24249 1784070817.890779 recvfrom(61, 0x7165c6d820, 2272, MSG_DONTWAIT, NULL, NULL) = -1 EAGAIN (Try again)
24249 1784070817.891712 recvfrom(38, 0x7ff90a8c90, 3200, MSG_DONTWAIT, NULL, NULL) = -1 EAGAIN (Try again)
24249 1784070817.902499 recvfrom(38, "nysv\0\0\0\0\0\0\0\0\0\0\0\0\260\276}K\237\1\0\0\366\235\1\0\0\0\0\0", 3200, MSG_DONTWAIT, NULL, NULL) = 32
24249 1784070817.903186 recvfrom(38, 0x7ff90aa020, 3200, MSG_DONTWAIT, NULL, NULL) = -1 EAGAIN (Try again)
24249 1784070817.906066 recvfrom(63, 0x7165bd2820, 2272, MSG_DONTWAIT, NULL, NULL) = -1 EAGAIN (Try again)
24644 1784070818.860696 sendmsg(71, {msg_name=NULL, msg_namelen=0, msg_iov=[{iov_base="l\1\1\1\344\0\0\0\r\3\0\0\235\0\0\0\1\1o\0;\0\0\0/re/frid"..., iov_len=404}], msg_iovlen=1, msg_controllen=0, msg_flags=0}, MSG_NOSIGNAL) = 404
24249 1784070818.860960 recvfrom(38, 0x7ff90a9de0, 3200, MSG_DONTWAIT, NULL, NULL) = -1 EAGAIN (Try again)
24249 1784070818.872271 recvfrom(38, "nysv\0\0\0\0\0\0\0\0\0\0\0\09\227\33\205\237\1\0\0000\236\1\0\0\0\0\0", 3200, MSG_DONTWAIT, NULL, NULL) = 32
24249 1784070818.872439 recvfrom(38, 0x7ff90aa020, 3200, MSG_DONTWAIT, NULL, NULL) = -1 EAGAIN (Try again)
24249 1784070818.872734 recvfrom(61, 0x7165c6d820, 2272, MSG_DONTWAIT, NULL, NULL) = -1 EAGAIN (Try again)
24249 1784070818.873703 recvfrom(38, 0x7ff90a8c90, 3200, MSG_DONTWAIT, NULL, NULL) = -1 EAGAIN (Try again)
24249 1784070818.885704 recvfrom(38, "nysv\0\0\0\0\0\0\0\0\0\0\0\0\211;\32\206\237\1\0\0001\236\1\0\0\0\0\0", 3200, MSG_DONTWAIT, NULL, NULL) = 32
24249 1784070818.886298 recvfrom(38, 0x7ff90aa020, 3200, MSG_DONTWAIT, NULL, NULL) = -1 EAGAIN (Try again)
24249 1784070818.888791 recvfrom(63, 0x7165bd2820, 2272, MSG_DONTWAIT, NULL, NULL) = -1 EAGAIN (Try again)
24249 1784070819.885219 recvfrom(38,  <unfinished ...>
24644 1784070819.885260 sendmsg(71, {msg_name=NULL, msg_namelen=0, msg_iov=[{iov_base="l\1\1\1\344\0\0\0\16\3\0\0\235\0\0\0\1\1o\0;\0\0\0/re/frid"..., iov_len=404}], msg_iovlen=1, msg_controllen=0, msg_flags=0}, MSG_NOSIGNAL <unfinished ...>
24249 1784070819.885318 <... recvfrom resumed> 0x7ff90a9de0, 3200, MSG_DONTWAIT, NULL, NULL) = -1 EAGAIN (Try again)
24644 1784070819.885686 <... sendmsg resumed> ) = 404
24249 1784070819.909205 recvfrom(38, "nysv\0\0\0\0\0\0\0\0\0\0\0\0e\1\263\302\237\1\0\0n\236\1\0\0\0\0\0", 3200, MSG_DONTWAIT, NULL, NULL) = 32
24249 1784070819.909513 recvfrom(38, 0x7ff90aa020, 3200, MSG_DONTWAIT, NULL, NULL) = -1 EAGAIN (Try again)
24249 1784070819.909831 recvfrom(61, 0x7165c6d820, 2272, MSG_DONTWAIT, NULL, NULL) = -1 EAGAIN (Try again)
24249 1784070819.911625 recvfrom(38, 0x7ff90a8c90, 3200, MSG_DONTWAIT, NULL, NULL) = -1 EAGAIN (Try again)
24249 1784070819.919816 recvfrom(38, "nysv\0\0\0\0\0\0\0\0\0\0\0\0\205\216\261\303\237\1\0\0o\236\1\0\0\0\0\0", 3200, MSG_DONTWAIT, NULL, NULL) = 32
24249 1784070819.920022 recvfrom(38, 0x7ff90aa020, 3200, MSG_DONTWAIT, NULL, NULL) = -1 EAGAIN (Try again)
24249 1784070819.920413 recvfrom(63, 0x7165bd2820, 2272, MSG_DONTWAIT, NULL, NULL) = -1 EAGAIN (Try again)
24249 1784070820.875518 recvfrom(38, 0x7ff90a9de0, 3200, MSG_DONTWAIT, NULL, NULL) = -1 EAGAIN (Try again)
24644 1784070820.877794 sendmsg(71, {msg_name=NULL, msg_namelen=0, msg_iov=[{iov_base="l\1\1\1\344\0\0\0\17\3\0\0\235\0\0\0\1\1o\0;\0\0\0/re/frid"..., iov_len=404}], msg_iovlen=1, msg_controllen=0, msg_flags=0}, MSG_NOSIGNAL) = 404
24249 1784070820.888359 recvfrom(38, "nysv\0\0\0\0\0\0\0\0\0\0\0\0\331\177O\375\237\1\0\0\250\236\1\0\0\0\0\0", 3200, MSG_DONTWAIT, NULL, NULL) = 32
24249 1784070820.888714 recvfrom(38, 0x7ff90aa020, 3200, MSG_DONTWAIT, NULL, NULL) = -1 EAGAIN (Try again)
24249 1784070820.889354 recvfrom(61, 0x7165c6d820, 2272, MSG_DONTWAIT, NULL, NULL) = -1 EAGAIN (Try again)
24249 1784070820.891430 recvfrom(38, 0x7ff90a8c90, 3200, MSG_DONTWAIT, NULL, NULL) = -1 EAGAIN (Try again)
24270 1784070820.909202 openat(AT_FDCWD, "/data/misc/profiles/cur/0/barilyuk.batterytemperature/primary.prof", O_RDWR|O_NOFOLLOW|O_CLOEXEC) = 56
24270 1784070820.912569 newfstatat(AT_FDCWD, "/data/misc/profiles/cur/0/barilyuk.batterytemperature/primary.prof", {st_mode=S_IFREG|0600, st_size=3596, ...}, 0) = 0
24249 1784070820.916553 recvfrom(38, "nysv\0\0\0\0\0\0\0\0\0\0\0\0\210\31N\376\237\1\0\0\251\236\1\0\0\0\0\0", 3200, MSG_DONTWAIT, NULL, NULL) = 32
24249 1784070820.917063 recvfrom(38, 0x7ff90aa020, 3200, MSG_DONTWAIT, NULL, NULL) = -1 EAGAIN (Try again)
24249 1784070820.917456 recvfrom(63, 0x7165bd2820, 2272, MSG_DONTWAIT, NULL, NULL) = -1 EAGAIN (Try again)
24249 1784070821.900438 recvfrom(38, 0x7ff90a9de0, 3200, MSG_DONTWAIT, NULL, NULL) = -1 EAGAIN (Try again)
24644 1784070821.901776 sendmsg(71, {msg_name=NULL, msg_namelen=0, msg_iov=[{iov_base="l\1\1\1\344\0\0\0\20\3\0\0\235\0\0\0\1\1o\0;\0\0\0/re/frid"..., iov_len=404}], msg_iovlen=1, msg_controllen=0, msg_flags=0}, MSG_NOSIGNAL) = 404
24249 1784070821.904104 recvfrom(38, "nysv\0\0\0\0\0\0\0\0\0\0\0\0q\324\3509\240\1\0\0\344\236\1\0\0\0\0\0", 3200, MSG_DONTWAIT, NULL, NULL) = 32
24249 1784070821.904425 recvfrom(38, 0x7ff90aa020, 3200, MSG_DONTWAIT, NULL, NULL) = -1 EAGAIN (Try again)
24249 1784070821.904751 recvfrom(61, 0x7165c6d820, 2272, MSG_DONTWAIT, NULL, NULL) = -1 EAGAIN (Try again)
24249 1784070821.906537 recvfrom(38, 0x7ff90a8c90, 3200, MSG_DONTWAIT, NULL, NULL) = -1 EAGAIN (Try again)
24249 1784070821.921972 recvfrom(38, "nysv\0\0\0\0\0\0\0\0\0\0\0\0?\345\346:\240\1\0\0\345\236\1\0\0\0\0\0", 3200, MSG_DONTWAIT, NULL, NULL) = 32
24249 1784070821.923216 recvfrom(38, 0x7ff90aa020, 3200, MSG_DONTWAIT, NULL, NULL) = -1 EAGAIN (Try again)
24249 1784070821.924041 recvfrom(63, 0x7165bd2820, 2272, MSG_DONTWAIT, NULL, NULL) = -1 EAGAIN (Try again)
24644 1784070822.891771 sendmsg(71, {msg_name=NULL, msg_namelen=0, msg_iov=[{iov_base="l\1\1\1\344\0\0\0\21\3\0\0\235\0\0\0\1\1o\0;\0\0\0/re/frid"..., iov_len=404}], msg_iovlen=1, msg_controllen=0, msg_flags=0}, MSG_NOSIGNAL) = 404
24249 1784070822.893103 recvfrom(38, 0x7ff90a9de0, 3200, MSG_DONTWAIT, NULL, NULL) = -1 EAGAIN (Try again)
24249 1784070822.906846 recvfrom(38, "nysv\0\0\0\0\0\0\0\0\0\0\0\0\355^\203u\240\1\0\0 \237\1\0\0\0\0\0", 3200, MSG_DONTWAIT, NULL, NULL) = 32
24249 1784070822.907171 recvfrom(38, 0x7ff90aa020, 3200, MSG_DONTWAIT, NULL, NULL) = -1 EAGAIN (Try again)
24249 1784070822.907793 recvfrom(61, 0x7165c6d820, 2272, MSG_DONTWAIT, NULL, NULL) = -1 EAGAIN (Try again)
24249 1784070822.909613 recvfrom(38, 0x7ff90a8c90, 3200, MSG_DONTWAIT, NULL, NULL) = -1 EAGAIN (Try again)
24249 1784070822.919725 recvfrom(38, "nysv\0\0\0\0\0\0\0\0\0\0\0\0\367\336\201v\240\1\0\0!\237\1\0\0\0\0\0", 3200, MSG_DONTWAIT, NULL, NULL) = 32
24249 1784070822.920355 recvfrom(38, 0x7ff90aa020, 3200, MSG_DONTWAIT, NULL, NULL) = -1 EAGAIN (Try again)
24249 1784070822.921148 recvfrom(63, 0x7165bd2820, 2272, MSG_DONTWAIT, NULL, NULL) = -1 EAGAIN (Try again)
24644 1784070823.916096 sendmsg(71, {msg_name=NULL, msg_namelen=0, msg_iov=[{iov_base="l\1\1\1\344\0\0\0\22\3\0\0\235\0\0\0\1\1o\0;\0\0\0/re/frid"..., iov_len=404}], msg_iovlen=1, msg_controllen=0, msg_flags=0}, MSG_NOSIGNAL) = 404
24249 1784070823.918591 recvfrom(38, 0x7ff90a9de0, 3200, MSG_DONTWAIT, NULL, NULL) = -1 EAGAIN (Try again)
24249 1784070823.921112 recvfrom(38, "nysv\0\0\0\0\0\0\0\0\0\0\0\0\270\267\34\262\240\1\0\0\\\237\1\0\0\0\0\0", 3200, MSG_DONTWAIT, NULL, NULL) = 32
24249 1784070823.921430 recvfrom(38, 0x7ff90aa020, 3200, MSG_DONTWAIT, NULL, NULL) = -1 EAGAIN (Try again)
24249 1784070823.921736 recvfrom(61, 0x7165c6d820, 2272, MSG_DONTWAIT, NULL, NULL) = -1 EAGAIN (Try again)
24249 1784070823.923403 recvfrom(38, 0x7ff90a8c90, 3200, MSG_DONTWAIT, NULL, NULL) = -1 EAGAIN (Try again)
24249 1784070823.936426 recvfrom(38, "nysv\0\0\0\0\0\0\0\0\0\0\0\0\0227\33\263\240\1\0\0]\237\1\0\0\0\0\0", 3200, MSG_DONTWAIT, NULL, NULL) = 32
24249 1784070823.936982 recvfrom(38, 0x7ff90aa020, 3200, MSG_DONTWAIT, NULL, NULL) = -1 EAGAIN (Try again)
24249 1784070823.937751 recvfrom(63, 0x7165bd2820, 2272, MSG_DONTWAIT, NULL, NULL) = -1 EAGAIN (Try again)
24249 1784070824.905783 recvfrom(38, 0x7ff90a94e0, 3200, MSG_DONTWAIT, NULL, NULL) = -1 EAGAIN (Try again)
24644 1784070824.906303 sendmsg(71, {msg_name=NULL, msg_namelen=0, msg_iov=[{iov_base="l\1\1\1\344\0\0\0\23\3\0\0\235\0\0\0\1\1o\0;\0\0\0/re/frid"..., iov_len=404}], msg_iovlen=1, msg_controllen=0, msg_flags=0}, MSG_NOSIGNAL) = 404
24249 1784070824.923198 recvfrom(38, "nysv\0\0\0\0\0\0\0\0\0\0\0\0\307B\267\355\240\1\0\0\227\237\1\0\0\0\0\0", 3200, MSG_DONTWAIT, NULL, NULL) = 32
24249 1784070824.923594 recvfrom(38, 0x7ff90aa020, 3200, MSG_DONTWAIT, NULL, NULL) = -1 EAGAIN (Try again)
24249 1784070824.924389 recvfrom(61, 0x7165c6d820, 2272, MSG_DONTWAIT, NULL, NULL) = -1 EAGAIN (Try again)
24249 1784070824.926601 recvfrom(38, 0x7ff90a8c90, 3200, MSG_DONTWAIT, NULL, NULL) = -1 EAGAIN (Try again)
24249 1784070824.936645 recvfrom(38, "nysv\0\0\0\0\0\0\0\0\0\0\0\0O\272\265\356\240\1\0\0\230\237\1\0\0\0\0\0", 3200, MSG_DONTWAIT, NULL, NULL) = 32
24249 1784070824.937162 recvfrom(38, 0x7ff90aa020, 3200, MSG_DONTWAIT, NULL, NULL) = -1 EAGAIN (Try again)
24249 1784070824.938071 recvfrom(63, 0x7165bd2820, 2272, MSG_DONTWAIT, NULL, NULL) = -1 EAGAIN (Try again)
24249 1784070825.931781 recvfrom(38,  <unfinished ...>
24644 1784070825.932101 sendmsg(71, {msg_name=NULL, msg_namelen=0, msg_iov=[{iov_base="l\1\1\1\344\0\0\0\24\3\0\0\235\0\0\0\1\1o\0;\0\0\0/re/frid"..., iov_len=404}], msg_iovlen=1, msg_controllen=0, msg_flags=0}, MSG_NOSIGNAL <unfinished ...>
24249 1784070825.932152 <... recvfrom resumed> 0x7ff90a9de0, 3200, MSG_DONTWAIT, NULL, NULL) = -1 EAGAIN (Try again)
24644 1784070825.932490 <... sendmsg resumed> ) = 404
24249 1784070825.935849 recvfrom(38, "nysv\0\0\0\0\0\0\0\0\0\0\0\0Q\256P*\241\1\0\0\323\237\1\0\0\0\0\0", 3200, MSG_DONTWAIT, NULL, NULL) = 32
24249 1784070825.936327 recvfrom(38, 0x7ff90aa020, 3200, MSG_DONTWAIT, NULL, NULL) = -1 EAGAIN (Try again)
24249 1784070825.936944 recvfrom(61, 0x7165c6d820, 2272, MSG_DONTWAIT, NULL, NULL) = -1 EAGAIN (Try again)
24249 1784070825.938648 recvfrom(38, 0x7ff90a8c90, 3200, MSG_DONTWAIT, NULL, NULL) = -1 EAGAIN (Try again)
24249 1784070825.953686 recvfrom(38, "nysv\0\0\0\0\0\0\0\0\0\0\0\0\224*O+\241\1\0\0\324\237\1\0\0\0\0\0", 3200, MSG_DONTWAIT, NULL, NULL) = 32
24249 1784070825.955216 recvfrom(38, 0x7ff90aa020, 3200, MSG_DONTWAIT, NULL, NULL) = -1 EAGAIN (Try again)
24249 1784070825.956038 recvfrom(63, 0x7165bd2820, 2272, MSG_DONTWAIT, NULL, NULL) = -1 EAGAIN (Try again)
24644 1784070826.915531 sendmsg(71, {msg_name=NULL, msg_namelen=0, msg_iov=[{iov_base="l\1\1\1\344\0\0\0\25\3\0\0\235\0\0\0\1\1o\0;\0\0\0/re/frid"..., iov_len=404}], msg_iovlen=1, msg_controllen=0, msg_flags=0}, MSG_NOSIGNAL) = 404
24249 1784070826.915999 recvfrom(38, 0x7ff90a9de0, 3200, MSG_DONTWAIT, NULL, NULL) = -1 EAGAIN (Try again)
24249 1784070826.939268 recvfrom(38, "nysv\0\0\0\0\0\0\0\0\0\0\0\0\241&\353e\241\1\0\0\16\240\1\0\0\0\0\0", 3200, MSG_DONTWAIT, NULL, NULL) = 32
24249 1784070826.939650 recvfrom(38, 0x7ff90aa020, 3200, MSG_DONTWAIT, NULL, NULL) = -1 EAGAIN (Try again)
24249 1784070826.940361 recvfrom(61, 0x7165c6d820, 2272, MSG_DONTWAIT, NULL, NULL) = -1 EAGAIN (Try again)
24249 1784070826.941769 recvfrom(38, 0x7ff90a8c90, 3200, MSG_DONTWAIT, NULL, NULL) = -1 EAGAIN (Try again)
24249 1784070826.953655 recvfrom(38, "nysv\0\0\0\0\0\0\0\0\0\0\0\0\305\213\351f\241\1\0\0\17\240\1\0\0\0\0\0", 3200, MSG_DONTWAIT, NULL, NULL) = 32
24249 1784070826.954193 recvfrom(38, 0x7ff90aa020, 3200, MSG_DONTWAIT, NULL, NULL) = -1 EAGAIN (Try again)
24249 1784070826.954958 recvfrom(63, 0x7165bd2820, 2272, MSG_DONTWAIT, NULL, NULL) = -1 EAGAIN (Try again)
24644 1784070827.949904 sendmsg(71, {msg_name=NULL, msg_namelen=0, msg_iov=[{iov_base="l\1\1\1\344\0\0\0\26\3\0\0\235\0\0\0\1\1o\0;\0\0\0/re/frid"..., iov_len=404}], msg_iovlen=1, msg_controllen=0, msg_flags=0}, MSG_NOSIGNAL) = 404
24249 1784070827.950271 recvfrom(38, 0x7ff90a9de0, 3200, MSG_DONTWAIT, NULL, NULL) = -1 EAGAIN (Try again)
24249 1784070827.953232 recvfrom(38, "nysv\0\0\0\0\0\0\0\0\0\0\0\0\\\214\204\242\241\1\0\0K\240\1\0\0\0\0\0", 3200, MSG_DONTWAIT, NULL, NULL) = 32
24249 1784070827.953391 recvfrom(38, 0x7ff90aa020, 3200, MSG_DONTWAIT, NULL, NULL) = -1 EAGAIN (Try again)
24249 1784070827.953555 recvfrom(61, 0x7165c6d820, 2272, MSG_DONTWAIT, NULL, NULL) = -1 EAGAIN (Try again)
24249 1784070827.954505 recvfrom(38, 0x7ff90a8c90, 3200, MSG_DONTWAIT, NULL, NULL) = -1 EAGAIN (Try again)
24249 1784070827.969707 recvfrom(38, "nysv\0\0\0\0\0\0\0\0\0\0\0\0\22\n\203\243\241\1\0\0L\240\1\0\0\0\0\0", 3200, MSG_DONTWAIT, NULL, NULL) = 32
24249 1784070827.970419 recvfrom(38, 0x7ff90aa020, 3200, MSG_DONTWAIT, NULL, NULL) = -1 EAGAIN (Try again)
24249 1784070827.970856 recvfrom(63, 0x7165bd2820, 2272, MSG_DONTWAIT, NULL, NULL) = -1 EAGAIN (Try again)
24249 1784070828.930766 recvfrom(38, 0x7ff90a9de0, 3200, MSG_DONTWAIT, NULL, NULL) = -1 EAGAIN (Try again)
24644 1784070828.931650 sendmsg(71, {msg_name=NULL, msg_namelen=0, msg_iov=[{iov_base="l\1\1\1\344\0\0\0\27\3\0\0\235\0\0\0\1\1o\0;\0\0\0/re/frid"..., iov_len=404}], msg_iovlen=1, msg_controllen=0, msg_flags=0}, MSG_NOSIGNAL) = 404
24249 1784070828.935660 recvfrom(38, "nysv\0\0\0\0\0\0\0\0\0\0\0\0]\4!\335\241\1\0\0\204\240\1\0\0\0\0\0", 3200, MSG_DONTWAIT, NULL, NULL) = 32
24249 1784070828.935880 recvfrom(38, 0x7ff90aa020, 3200, MSG_DONTWAIT, NULL, NULL) = -1 EAGAIN (Try again)
24249 1784070828.936395 recvfrom(61, 0x7165c6d820, 2272, MSG_DONTWAIT, NULL, NULL) = -1 EAGAIN (Try again)
24249 1784070828.937599 recvfrom(38, 0x7ff90a8c90, 3200, MSG_DONTWAIT, NULL, NULL) = -1 EAGAIN (Try again)
24249 1784070828.953165 recvfrom(38, "nysv\0\0\0\0\0\0\0\0\0\0\0\0\253\207\37\336\241\1\0\0\205\240\1\0\0\0\0\0", 3200, MSG_DONTWAIT, NULL, NULL) = 32
24249 1784070828.953899 recvfrom(38, 0x7ff90aa020, 3200, MSG_DONTWAIT, NULL, NULL) = -1 EAGAIN (Try again)
24249 1784070828.954369 recvfrom(63, 0x7165bd2820, 2272, MSG_DONTWAIT, NULL, NULL) = -1 EAGAIN (Try again)
24249 1784070829.961795 recvfrom(38, 0x7ff90a9de0, 3200, MSG_DONTWAIT, NULL, NULL) = -1 EAGAIN (Try again)
24644 1784070829.962043 sendmsg(71, {msg_name=NULL, msg_namelen=0, msg_iov=[{iov_base="l\1\1\1\344\0\0\0\30\3\0\0\235\0\0\0\1\1o\0;\0\0\0/re/frid"..., iov_len=404}], msg_iovlen=1, msg_controllen=0, msg_flags=0}, MSG_NOSIGNAL) = 404
24249 1784070829.971357 recvfrom(38, "nysv\0\0\0\0\0\0\0\0\0\0\0\0}$\270\32\242\1\0\0\300\240\1\0\0\0\0\0", 3200, MSG_DONTWAIT, NULL, NULL) = 32
24249 1784070829.972103 recvfrom(38, 0x7ff90aa020, 3200, MSG_DONTWAIT, NULL, NULL) = -1 EAGAIN (Try again)
24249 1784070829.972894 recvfrom(61, 0x7165c6d820, 2272, MSG_DONTWAIT, NULL, NULL) = -1 EAGAIN (Try again)
24249 1784070829.974156 recvfrom(38, 0x7ff90a8c90, 3200, MSG_DONTWAIT, NULL, NULL) = -1 EAGAIN (Try again)
24249 1784070829.991987 recvfrom(38, "nysv\0\0\0\0\0\0\0\0\0\0\0\0\244\266\266\33\242\1\0\0\301\240\1\0\0\0\0\0", 3200, MSG_DONTWAIT, NULL, NULL) = 32
24249 1784070829.992409 recvfrom(38, 0x7ff90aa020, 3200, MSG_DONTWAIT, NULL, NULL) = -1 EAGAIN (Try again)
24249 1784070829.993259 recvfrom(63, 0x7165bd2820, 2272, MSG_DONTWAIT, NULL, NULL) = -1 EAGAIN (Try again)
24644 1784070830.945770 sendmsg(71, {msg_name=NULL, msg_namelen=0, msg_iov=[{iov_base="l\1\1\1\344\0\0\0\31\3\0\0\235\0\0\0\1\1o\0;\0\0\0/re/frid"..., iov_len=404}], msg_iovlen=1, msg_controllen=0, msg_flags=0}, MSG_NOSIGNAL) = 404
24249 1784070830.945999 recvfrom(38, 0x7ff90a9de0, 3200, MSG_DONTWAIT, NULL, NULL) = -1 EAGAIN (Try again)
24249 1784070830.954128 recvfrom(38, "nysv\0\0\0\0\0\0\0\0\0\0\0\0+\236TU\242\1\0\0\373\240\1\0\0\0\0\0", 3200, MSG_DONTWAIT, NULL, NULL) = 32
24249 1784070830.954299 recvfrom(38, 0x7ff90aa020, 3200, MSG_DONTWAIT, NULL, NULL) = -1 EAGAIN (Try again)
24249 1784070830.955040 recvfrom(61, 0x7165c6d820, 2272, MSG_DONTWAIT, NULL, NULL) = -1 EAGAIN (Try again)
24249 1784070830.956859 recvfrom(38, 0x7ff90a8c90, 3200, MSG_DONTWAIT, NULL, NULL) = -1 EAGAIN (Try again)
24249 1784070830.969455 recvfrom(38, "nysv\0\0\0\0\0\0\0\0\0\0\0\0\2710SV\242\1\0\0\374\240\1\0\0\0\0\0", 3200, MSG_DONTWAIT, NULL, NULL) = 32
24249 1784070830.970051 recvfrom(38, 0x7ff90aa020, 3200, MSG_DONTWAIT, NULL, NULL) = -1 EAGAIN (Try again)
24249 1784070830.970900 recvfrom(63, 0x7165bd2820, 2272, MSG_DONTWAIT, NULL, NULL) = -1 EAGAIN (Try again)
24249 1784070831.971188 recvfrom(38, 0x7ff90a9de0, 3200, MSG_DONTWAIT, NULL, NULL) = -1 EAGAIN (Try again)
24644 1784070831.972261 sendmsg(71, {msg_name=NULL, msg_namelen=0, msg_iov=[{iov_base="l\1\1\1\344\0\0\0\32\3\0\0\235\0\0\0\1\1o\0;\0\0\0/re/frid"..., iov_len=404}], msg_iovlen=1, msg_controllen=0, msg_flags=0}, MSG_NOSIGNAL) = 404
24249 1784070831.985702 recvfrom(38, "nysv\0\0\0\0\0\0\0\0\0\0\0\0Z\327\354\222\242\1\0\09\241\1\0\0\0\0\0", 3200, MSG_DONTWAIT, NULL, NULL) = 32
24249 1784070831.985907 recvfrom(38, 0x7ff90aa020, 3200, MSG_DONTWAIT, NULL, NULL) = -1 EAGAIN (Try again)
24249 1784070831.986236 recvfrom(61, 0x7165c6d820, 2272, MSG_DONTWAIT, NULL, NULL) = -1 EAGAIN (Try again)
24249 1784070831.987220 recvfrom(38, 0x7ff90a8c90, 3200, MSG_DONTWAIT, NULL, NULL) = -1 EAGAIN (Try again)
24249 1784070832.004282 recvfrom(38, "nysv\0\0\0\0\0\0\0\0\0\0\0\0A\7\353\223\242\1\0\0:\241\1\0\0\0\0\0", 3200, MSG_DONTWAIT, NULL, NULL) = 32
24249 1784070832.004723 recvfrom(38, 0x7ff90aa020, 3200, MSG_DONTWAIT, NULL, NULL) = -1 EAGAIN (Try again)
24249 1784070832.005023 recvfrom(63, 0x7165bd2820, 2272, MSG_DONTWAIT, NULL, NULL) = -1 EAGAIN (Try again)
24249 1784070832.013384 recvfrom(63, "\2\0\0\0\0\0\0\0\3\t\0\0\0\0\0\0\0\337\203\224\242\1\0\0\1\0\0\0\2\20\0\0"..., 2272, MSG_DONTWAIT, NULL, NULL) = 232
24249 1784070832.013657 recvfrom(38, 0x7ff90a8250, 3200, MSG_DONTWAIT, NULL, NULL) = -1 EAGAIN (Try again)
24249 1784070832.014485 sendto(63, "\3\0\0\0\0\0\0\0\3\t\0\0\1\0\0\0", 16, MSG_DONTWAIT|MSG_NOSIGNAL, NULL, 0) = 16
24249 1784070832.014709 recvfrom(63, 0x7165bd2820, 2272, MSG_DONTWAIT, NULL, NULL) = -1 EAGAIN (Try again)
24249 1784070832.015197 recvfrom(63, "\2\0\0\0\0\0\0\0\5\t\0\0\0\0\0\0\0\337\203\224\242\1\0\0\1\0\0\0\2\20\0\0"..., 2272, MSG_DONTWAIT, NULL, NULL) = 232
24249 1784070832.015698 sendto(63, "\3\0\0\0\0\0\0\0\5\t\0\0\0\0\0\0", 16, MSG_DONTWAIT|MSG_NOSIGNAL, NULL, 0) = 16
24249 1784070832.016083 recvfrom(63, 0x7165bd2820, 2272, MSG_DONTWAIT, NULL, NULL) = -1 EAGAIN (Try again)
24249 1784070832.019318 recvfrom(38, "nysv\0\0\0\0\0\0\0\0\0\0\0\0\272\224\351\224\242\1\0\0;\241\1\0\0\0\0\0", 3200, MSG_DONTWAIT, NULL, NULL) = 32
24249 1784070832.019549 recvfrom(38, 0x7ff90aa020, 3200, MSG_DONTWAIT, NULL, NULL) = -1 EAGAIN (Try again)
24249 1784070832.019845 recvfrom(63, 0x7165bd2820, 2272, MSG_DONTWAIT, NULL, NULL) = -1 EAGAIN (Try again)
24249 1784070832.022736 recvfrom(38, 0x7ff90a8f80, 3200, MSG_DONTWAIT, NULL, NULL) = -1 EAGAIN (Try again)
24644 1784070832.029864 sendmsg(71, {msg_name=NULL, msg_namelen=0, msg_iov=[{iov_base="l\1\1\1\4\1\0\0\33\3\0\0\235\0\0\0\1\1o\0;\0\0\0/re/frid"..., iov_len=436}], msg_iovlen=1, msg_controllen=0, msg_flags=0}, MSG_NOSIGNAL) = 436
24249 1784070832.036145 recvfrom(38, "nysv\0\0\0\0\0\0\0\0\0\0\0\00040\350\225\242\1\0\0<\241\1\0\0\0\0\0", 3200, MSG_DONTWAIT, NULL, NULL) = 32
24249 1784070832.036584 recvfrom(38, 0x7ff90aa020, 3200, MSG_DONTWAIT, NULL, NULL) = -1 EAGAIN (Try again)
24249 1784070832.037045 recvfrom(63, 0x7165bd2820, 2272, MSG_DONTWAIT, NULL, NULL) = -1 EAGAIN (Try again)
24249 1784070832.037633 recvfrom(61, 0x7165c6d820, 2272, MSG_DONTWAIT, NULL, NULL) = -1 EAGAIN (Try again)
24249 1784070832.038036 recvfrom(38, 0x7ff90a9f80, 3200, MSG_DONTWAIT, NULL, NULL) = -1 EAGAIN (Try again)
24249 1784070832.055706 recvfrom(38, "nysv\0\0\0\0\0\0\0\0\0\0\0\0^\200\346\226\242\1\0\0=\241\1\0\0\0\0\0", 3200, MSG_DONTWAIT, NULL, NULL) = 32
24249 1784070832.056091 recvfrom(38, 0x7ff90aa020, 3200, MSG_DONTWAIT, NULL, NULL) = -1 EAGAIN (Try again)
24249 1784070832.057101 recvfrom(38, 0x7ff90a96f0, 3200, MSG_DONTWAIT, NULL, NULL) = -1 EAGAIN (Try again)
24249 1784070832.069050 recvfrom(38, "nysv\0\0\0\0\0\0\0\0\0\0\0\0\272\"\345\227\242\1\0\0>\241\1\0\0\0\0\0", 3200, MSG_DONTWAIT, NULL, NULL) = 32
24249 1784070832.069485 recvfrom(38, 0x7ff90aa020, 3200, MSG_DONTWAIT, NULL, NULL) = -1 EAGAIN (Try again)
24249 1784070832.069761 recvfrom(63, 0x7165bd2820, 2272, MSG_DONTWAIT, NULL, NULL) = -1 EAGAIN (Try again)
24249 1784070832.069920 recvfrom(38, 0x7ff90a96f0, 3200, MSG_DONTWAIT, NULL, NULL) = -1 EAGAIN (Try again)
24249 1784070832.086091 recvfrom(38, "nysv\0\0\0\0\0\0\0\0\0\0\0\0\272\261\343\230\242\1\0\0?\241\1\0\0\0\0\0", 3200, MSG_DONTWAIT, NULL, NULL) = 32
24249 1784070832.086431 recvfrom(38, 0x7ff90aa020, 3200, MSG_DONTWAIT, NULL, NULL) = -1 EAGAIN (Try again)
24249 1784070832.086699 recvfrom(63, 0x7165bd2820, 2272, MSG_DONTWAIT, NULL, NULL) = -1 EAGAIN (Try again)
24249 1784070832.086844 recvfrom(38, 0x7ff90a96f0, 3200, MSG_DONTWAIT, NULL, NULL) = -1 EAGAIN (Try again)
24249 1784070832.102830 recvfrom(38, "nysv\0\0\0\0\0\0\0\0\0\0\0\0z?\342\231\242\1\0\0@\241\1\0\0\0\0\0", 3200, MSG_DONTWAIT, NULL, NULL) = 32
24249 1784070832.103129 recvfrom(38, 0x7ff90aa020, 3200, MSG_DONTWAIT, NULL, NULL) = -1 EAGAIN (Try again)
24249 1784070832.103396 recvfrom(63, 0x7165bd2820, 2272, MSG_DONTWAIT, NULL, NULL) = -1 EAGAIN (Try again)
24249 1784070832.104173 recvfrom(38, 0x7ff90a96f0, 3200, MSG_DONTWAIT, NULL, NULL) = -1 EAGAIN (Try again)
24249 1784070832.121527 recvfrom(38, "nysv\0\0\0\0\0\0\0\0\0\0\0\0\360\20\340\232\242\1\0\0A\241\1\0\0\0\0\0", 3200, MSG_DONTWAIT, NULL, NULL) = 32
24249 1784070832.121794 recvfrom(38, 0x7ff90aa020, 3200, MSG_DONTWAIT, NULL, NULL) = -1 EAGAIN (Try again)
24249 1784070832.122068 recvfrom(63, 0x7165bd2820, 2272, MSG_DONTWAIT, NULL, NULL) = -1 EAGAIN (Try again)
24249 1784070832.122462 recvfrom(38, 0x7ff90a96f0, 3200, MSG_DONTWAIT, NULL, NULL) = -1 EAGAIN (Try again)
24249 1784070832.138022 recvfrom(38, "nysv\0\0\0\0\0\0\0\0\0\0\0\0\227+\336\233\242\1\0\0B\241\1\0\0\0\0\0", 3200, MSG_DONTWAIT, NULL, NULL) = 32
24249 1784070832.138268 recvfrom(38, 0x7ff90aa020, 3200, MSG_DONTWAIT, NULL, NULL) = -1 EAGAIN (Try again)
24249 1784070832.138554 recvfrom(63, 0x7165bd2820, 2272, MSG_DONTWAIT, NULL, NULL) = -1 EAGAIN (Try again)
24249 1784070832.138710 recvfrom(38, 0x7ff90a96f0, 3200, MSG_DONTWAIT, NULL, NULL) = -1 EAGAIN (Try again)
24249 1784070832.154926 recvfrom(38, "nysv\0\0\0\0\0\0\0\0\0\0\0\0\366V\334\234\242\1\0\0C\241\1\0\0\0\0\0", 3200, MSG_DONTWAIT, NULL, NULL) = 32
24249 1784070832.155059 recvfrom(38, 0x7ff90aa020, 3200, MSG_DONTWAIT, NULL, NULL) = -1 EAGAIN (Try again)
24249 1784070832.155325 recvfrom(63, 0x7165bd2820, 2272, MSG_DONTWAIT, NULL, NULL) = -1 EAGAIN (Try again)
24249 1784070832.155846 recvfrom(38, 0x7ff90a96f0, 3200, MSG_DONTWAIT, NULL, NULL) = -1 EAGAIN (Try again)
24249 1784070832.170275 recvfrom(38, "nysv\0\0\0\0\0\0\0\0\0\0\0\0K\261\332\235\242\1\0\0D\241\1\0\0\0\0\0", 3200, MSG_DONTWAIT, NULL, NULL) = 32
24249 1784070832.170604 recvfrom(38, 0x7ff90aa020, 3200, MSG_DONTWAIT, NULL, NULL) = -1 EAGAIN (Try again)
24249 1784070832.170880 recvfrom(63, 0x7165bd2820, 2272, MSG_DONTWAIT, NULL, NULL) = -1 EAGAIN (Try again)
24249 1784070832.171081 recvfrom(38, 0x7ff90a96f0, 3200, MSG_DONTWAIT, NULL, NULL) = -1 EAGAIN (Try again)
24249 1784070832.189507 recvfrom(38, "nysv\0\0\0\0\0\0\0\0\0\0\0\0\240~\330\236\242\1\0\0E\241\1\0\0\0\0\0", 3200, MSG_DONTWAIT, NULL, NULL) = 32
24249 1784070832.189659 recvfrom(38, 0x7ff90aa020, 3200, MSG_DONTWAIT, NULL, NULL) = -1 EAGAIN (Try again)
24249 1784070832.189949 recvfrom(63, 0x7165bd2820, 2272, MSG_DONTWAIT, NULL, NULL) = -1 EAGAIN (Try again)
24249 1784070832.190359 recvfrom(38, 0x7ff90a96f0, 3200, MSG_DONTWAIT, NULL, NULL) = -1 EAGAIN (Try again)
24249 1784070832.204660 recvfrom(38, "nysv\0\0\0\0\0\0\0\0\0\0\0\0/\256\326\237\242\1\0\0F\241\1\0\0\0\0\0", 3200, MSG_DONTWAIT, NULL, NULL) = 32
24249 1784070832.204878 recvfrom(38, 0x7ff90aa020, 3200, MSG_DONTWAIT, NULL, NULL) = -1 EAGAIN (Try again)
24249 1784070832.205277 recvfrom(63, 0x7165bd2820, 2272, MSG_DONTWAIT, NULL, NULL) = -1 EAGAIN (Try again)
24249 1784070832.205523 recvfrom(38, 0x7ff90a96f0, 3200, MSG_DONTWAIT, NULL, NULL) = -1 EAGAIN (Try again)
24249 1784070832.222241 recvfrom(38, "nysv\0\0\0\0\0\0\0\0\0\0\0\0\21\267\324\240\242\1\0\0G\241\1\0\0\0\0\0", 3200, MSG_DONTWAIT, NULL, NULL) = 32
24249 1784070832.222429 recvfrom(38, 0x7ff90aa020, 3200, MSG_DONTWAIT, NULL, NULL) = -1 EAGAIN (Try again)
24249 1784070832.223032 recvfrom(63, 0x7165bd2820, 2272, MSG_DONTWAIT, NULL, NULL) = -1 EAGAIN (Try again)
24249 1784070832.223339 recvfrom(38, 0x7ff90a96f0, 3200, MSG_DONTWAIT, NULL, NULL) = -1 EAGAIN (Try again)
24249 1784070832.237883 recvfrom(38, "nysv\0\0\0\0\0\0\0\0\0\0\0\0\215\342\322\241\242\1\0\0H\241\1\0\0\0\0\0", 3200, MSG_DONTWAIT, NULL, NULL) = 32
24249 1784070832.238193 recvfrom(38, 0x7ff90aa020, 3200, MSG_DONTWAIT, NULL, NULL) = -1 EAGAIN (Try again)
24249 1784070832.238468 recvfrom(63, 0x7165bd2820, 2272, MSG_DONTWAIT, NULL, NULL) = -1 EAGAIN (Try again)
24249 1784070832.241775 recvfrom(38, 0x7ff90a96f0, 3200, MSG_DONTWAIT, NULL, NULL) = -1 EAGAIN (Try again)
24249 1784070832.254155 recvfrom(38, "nysv\0\0\0\0\0\0\0\0\0\0\0\0\367\36\321\242\242\1\0\0I\241\1\0\0\0\0\0", 3200, MSG_DONTWAIT, NULL, NULL) = 32
24249 1784070832.254499 recvfrom(38, 0x7ff90aa020, 3200, MSG_DONTWAIT, NULL, NULL) = -1 EAGAIN (Try again)
24249 1784070832.254843 recvfrom(63, 0x7165bd2820, 2272, MSG_DONTWAIT, NULL, NULL) = -1 EAGAIN (Try again)
24249 1784070832.256687 recvfrom(38, 0x7ff90a96f0, 3200, MSG_DONTWAIT, NULL, NULL) = -1 EAGAIN (Try again)
24249 1784070832.271156 recvfrom(38, "nysv\0\0\0\0\0\0\0\0\0\0\0\0![\317\243\242\1\0\0J\241\1\0\0\0\0\0", 3200, MSG_DONTWAIT, NULL, NULL) = 32
24249 1784070832.271517 recvfrom(38, 0x7ff90aa020, 3200, MSG_DONTWAIT, NULL, NULL) = -1 EAGAIN (Try again)
24249 1784070832.271778 recvfrom(63, 0x7165bd2820, 2272, MSG_DONTWAIT, NULL, NULL) = -1 EAGAIN (Try again)
24249 1784070832.273749 recvfrom(38, 0x7ff90a96f0, 3200, MSG_DONTWAIT, NULL, NULL) = -1 EAGAIN (Try again)
24249 1784070832.287942 recvfrom(38, "nysv\0\0\0\0\0\0\0\0\0\0\0\0K\253\315\244\242\1\0\0K\241\1\0\0\0\0\0", 3200, MSG_DONTWAIT, NULL, NULL) = 32
24249 1784070832.288102 recvfrom(38, 0x7ff90aa020, 3200, MSG_DONTWAIT, NULL, NULL) = -1 EAGAIN (Try again)
24249 1784070832.288672 recvfrom(63, 0x7165bd2820, 2272, MSG_DONTWAIT, NULL, NULL) = -1 EAGAIN (Try again)
24249 1784070832.288972 recvfrom(38, 0x7ff90a96f0, 3200, MSG_DONTWAIT, NULL, NULL) = -1 EAGAIN (Try again)
24249 1784070832.304562 recvfrom(38, "nysv\0\0\0\0\0\0\0\0\0\0\0\0u\373\313\245\242\1\0\0L\241\1\0\0\0\0\0", 3200, MSG_DONTWAIT, NULL, NULL) = 32
24249 1784070832.304885 recvfrom(38, 0x7ff90aa020, 3200, MSG_DONTWAIT, NULL, NULL) = -1 EAGAIN (Try again)
24249 1784070832.305150 recvfrom(63, 0x7165bd2820, 2272, MSG_DONTWAIT, NULL, NULL) = -1 EAGAIN (Try again)
24249 1784070832.306720 recvfrom(38, 0x7ff90a96f0, 3200, MSG_DONTWAIT, NULL, NULL) = -1 EAGAIN (Try again)
24249 1784070832.321063 recvfrom(38, "nysv\0\0\0\0\0\0\0\0\0\0\0\0\237K\312\246\242\1\0\0M\241\1\0\0\0\0\0", 3200, MSG_DONTWAIT, NULL, NULL) = 32
24249 1784070832.321421 recvfrom(38, 0x7ff90aa020, 3200, MSG_DONTWAIT, NULL, NULL) = -1 EAGAIN (Try again)
24249 1784070832.321706 recvfrom(63, 0x7165bd2820, 2272, MSG_DONTWAIT, NULL, NULL) = -1 EAGAIN (Try again)
24249 1784070832.321907 recvfrom(38, 0x7ff90a96f0, 3200, MSG_DONTWAIT, NULL, NULL) = -1 EAGAIN (Try again)
24249 1784070832.337092 recvfrom(38, "nysv\0\0\0\0\0\0\0\0\0\0\0\0\311\233\310\247\242\1\0\0N\241\1\0\0\0\0\0", 3200, MSG_DONTWAIT, NULL, NULL) = 32
24249 1784070832.337403 recvfrom(38, 0x7ff90aa020, 3200, MSG_DONTWAIT, NULL, NULL) = -1 EAGAIN (Try again)
24249 1784070832.337656 recvfrom(63, 0x7165bd2820, 2272, MSG_DONTWAIT, NULL, NULL) = -1 EAGAIN (Try again)
24249 1784070832.337803 recvfrom(38, 0x7ff90a96f0, 3200, MSG_DONTWAIT, NULL, NULL) = -1 EAGAIN (Try again)
24249 1784070832.354297 recvfrom(38, "nysv\0\0\0\0\0\0\0\0\0\0\0\0\363\353\306\250\242\1\0\0O\241\1\0\0\0\0\0", 3200, MSG_DONTWAIT, NULL, NULL) = 32
24249 1784070832.354609 recvfrom(38, 0x7ff90aa020, 3200, MSG_DONTWAIT, NULL, NULL) = -1 EAGAIN (Try again)
24644 1784070832.959769 sendmsg(71, {msg_name=NULL, msg_namelen=0, msg_iov=[{iov_base="l\1\1\1\344\0\0\0\34\3\0\0\235\0\0\0\1\1o\0;\0\0\0/re/frid"..., iov_len=404}], msg_iovlen=1, msg_controllen=0, msg_flags=0}, MSG_NOSIGNAL) = 404
24249 1784070832.960728 recvfrom(38, 0x7ff90a9de0, 3200, MSG_DONTWAIT, NULL, NULL) = -1 EAGAIN (Try again)
24249 1784070832.969930 recvfrom(38, "nysv\0\0\0\0\0\0\0\0\0\0\0\0\35\r\212\315\242\1\0\0t\241\1\0\0\0\0\0", 3200, MSG_DONTWAIT, NULL, NULL) = 32
24249 1784070832.970277 recvfrom(38, 0x7ff90aa020, 3200, MSG_DONTWAIT, NULL, NULL) = -1 EAGAIN (Try again)
24249 1784070832.970547 recvfrom(61, 0x7165c6d820, 2272, MSG_DONTWAIT, NULL, NULL) = -1 EAGAIN (Try again)
24249 1784070833.982467 recvfrom(38, 0x7ff90a9de0, 3200, MSG_DONTWAIT, NULL, NULL) = -1 EAGAIN (Try again)
24644 1784070833.983476 sendmsg(71, {msg_name=NULL, msg_namelen=0, msg_iov=[{iov_base="l\1\1\1\344\0\0\0\35\3\0\0\235\0\0\0\1\1o\0;\0\0\0/re/frid"..., iov_len=404}], msg_iovlen=1, msg_controllen=0, msg_flags=0}, MSG_NOSIGNAL) = 404
24249 1784070833.986350 recvfrom(38, "nysv\0\0\0\0\0\0\0\0\0\0\0\0\337\355!\n\243\1\0\0\260\241\1\0\0\0\0\0", 3200, MSG_DONTWAIT, NULL, NULL) = 32
24249 1784070833.986620 recvfrom(38, 0x7ff90aa020, 3200, MSG_DONTWAIT, NULL, NULL) = -1 EAGAIN (Try again)
24249 1784070833.989042 recvfrom(61, 0x7165c6d820, 2272, MSG_DONTWAIT, NULL, NULL) = -1 EAGAIN (Try again)
24249 1784070834.973067 recvfrom(38, 0x7ff90a9de0, 3200, MSG_DONTWAIT, NULL, NULL) = -1 EAGAIN (Try again)
24644 1784070834.973937 sendmsg(71, {msg_name=NULL, msg_namelen=0, msg_iov=[{iov_base="l\1\1\1\344\0\0\0\36\3\0\0\235\0\0\0\1\1o\0;\0\0\0/re/frid"..., iov_len=404}], msg_iovlen=1, msg_controllen=0, msg_flags=0}, MSG_NOSIGNAL) = 404
24249 1784070834.986266 recvfrom(38, "nysv\0\0\0\0\0\0\0\0\0\0\0\0\307'\275E\243\1\0\0\353\241\1\0\0\0\0\0", 3200, MSG_DONTWAIT, NULL, NULL) = 32
24249 1784070834.986644 recvfrom(38, 0x7ff90aa020, 3200, MSG_DONTWAIT, NULL, NULL) = -1 EAGAIN (Try again)
24249 1784070834.987297 recvfrom(61, 0x7165c6d820, 2272, MSG_DONTWAIT, NULL, NULL) = -1 EAGAIN (Try again)
24644 1784070835.997801 sendmsg(71, {msg_name=NULL, msg_namelen=0, msg_iov=[{iov_base="l\1\1\1\344\0\0\0\37\3\0\0\235\0\0\0\1\1o\0;\0\0\0/re/frid"..., iov_len=404}], msg_iovlen=1, msg_controllen=0, msg_flags=0}, MSG_NOSIGNAL) = 404
24249 1784070836.000080 recvfrom(38, 0x7ff90a9de0, 3200, MSG_DONTWAIT, NULL, NULL) = -1 EAGAIN (Try again)
24249 1784070836.003044 recvfrom(38, "nysv\0\0\0\0\0\0\0\0\0\0\0\0\33\324U\202\243\1\0\0(\242\1\0\0\0\0\0", 3200, MSG_DONTWAIT, NULL, NULL) = 32
24249 1784070836.003368 recvfrom(38, 0x7ff90aa020, 3200, MSG_DONTWAIT, NULL, NULL) = -1 EAGAIN (Try again)
24249 1784070836.003999 recvfrom(61, 0x7165c6d820, 2272, MSG_DONTWAIT, NULL, NULL) = -1 EAGAIN (Try again)
24249 1784070836.987084 recvfrom(38, 0x7ff90a9de0, 3200, MSG_DONTWAIT, NULL, NULL) = -1 EAGAIN (Try again)
24644 1784070836.987702 sendmsg(71, {msg_name=NULL, msg_namelen=0, msg_iov=[{iov_base="l\1\1\1\344\0\0\0 \3\0\0\235\0\0\0\1\1o\0;\0\0\0/re/frid"..., iov_len=404}], msg_iovlen=1, msg_controllen=0, msg_flags=0}, MSG_NOSIGNAL) = 404
24249 1784070837.002726 recvfrom(38, "nysv\0\0\0\0\0\0\0\0\0\0\0\0\363\341\360\275\243\1\0\0c\242\1\0\0\0\0\0", 3200, MSG_DONTWAIT, NULL, NULL) = 32
24249 1784070837.003290 recvfrom(38, 0x7ff90aa020, 3200, MSG_DONTWAIT, NULL, NULL) = -1 EAGAIN (Try again)
24249 1784070837.004030 recvfrom(61, 0x7165c6d820, 2272, MSG_DONTWAIT, NULL, NULL) = -1 EAGAIN (Try again)
24249 1784070838.014828 recvfrom(38, 0x7ff90a9de0, 3200, MSG_DONTWAIT, NULL, NULL) = -1 EAGAIN (Try again)
24644 1784070838.015648 sendmsg(71, {msg_name=NULL, msg_namelen=0, msg_iov=[{iov_base="l\1\1\1\344\0\0\0!\3\0\0\235\0\0\0\1\1o\0;\0\0\0/re/frid"..., iov_len=404}], msg_iovlen=1, msg_controllen=0, msg_flags=0}, MSG_NOSIGNAL) = 404
24249 1784070838.019368 recvfrom(38, "nysv\0\0\0\0\0\0\0\0\0\0\0\0\341\250\211\372\243\1\0\0\237\242\1\0\0\0\0\0", 3200, MSG_DONTWAIT, NULL, NULL) = 32
24249 1784070838.019776 recvfrom(38, 0x7ff90aa020, 3200, MSG_DONTWAIT, NULL, NULL) = -1 EAGAIN (Try again)
24249 1784070838.020638 recvfrom(61, 0x7165c6d820, 2272, MSG_DONTWAIT, NULL, NULL) = -1 EAGAIN (Try again)
24249 1784070839.000386 recvfrom(38, 0x7ff90a9de0, 3200, MSG_DONTWAIT, NULL, NULL) = -1 EAGAIN (Try again)
24644 1784070839.001347 sendmsg(71, {msg_name=NULL, msg_namelen=0, msg_iov=[{iov_base="l\1\1\1\344\0\0\0\"\3\0\0\235\0\0\0\1\1o\0;\0\0\0/re/frid"..., iov_len=404}], msg_iovlen=1, msg_controllen=0, msg_flags=0}, MSG_NOSIGNAL) = 404
24249 1784070839.025941 recvfrom(38, "nysv\0\0\0\0\0\0\0\0\0\0\0\0\223-$6\244\1\0\0\332\242\1\0\0\0\0\0", 3200, MSG_DONTWAIT, NULL, NULL) = 32
24249 1784070839.026254 recvfrom(38, 0x7ff90aa020, 3200, MSG_DONTWAIT, NULL, NULL) = -1 EAGAIN (Try again)
24249 1784070839.026886 recvfrom(61, 0x7165c6d820, 2272, MSG_DONTWAIT, NULL, NULL) = -1 EAGAIN (Try again)
24644 1784070840.031669 sendmsg(71, {msg_name=NULL, msg_namelen=0, msg_iov=[{iov_base="l\1\1\1\344\0\0\0#\3\0\0\235\0\0\0\1\1o\0;\0\0\0/re/frid"..., iov_len=404}], msg_iovlen=1, msg_controllen=0, msg_flags=0}, MSG_NOSIGNAL) = 404
24249 1784070840.033783 recvfrom(38, 0x7ff90a9de0, 3200, MSG_DONTWAIT, NULL, NULL) = -1 EAGAIN (Try again)
24249 1784070840.036525 recvfrom(38, "nysv\0\0\0\0\0\0\0\0\0\0\0\0\302\261\275r\244\1\0\0\27\243\1\0\0\0\0\0", 3200, MSG_DONTWAIT, NULL, NULL) = 32
24249 1784070840.037763 recvfrom(38, 0x7ff90aa020, 3200, MSG_DONTWAIT, NULL, NULL) = -1 EAGAIN (Try again)
24249 1784070840.040475 recvfrom(61, 0x7165c6d820, 2272, MSG_DONTWAIT, NULL, NULL) = -1 EAGAIN (Try again)
24249 1784070841.015954 recvfrom(38,  <unfinished ...>
24644 1784070841.015979 sendmsg(71, {msg_name=NULL, msg_namelen=0, msg_iov=[{iov_base="l\1\1\1\344\0\0\0$\3\0\0\235\0\0\0\1\1o\0;\0\0\0/re/frid"..., iov_len=404}], msg_iovlen=1, msg_controllen=0, msg_flags=0}, MSG_NOSIGNAL <unfinished ...>
24249 1784070841.016077 <... recvfrom resumed> 0x7ff90a9de0, 3200, MSG_DONTWAIT, NULL, NULL) = -1 EAGAIN (Try again)
24644 1784070841.016191 <... sendmsg resumed> ) = 404
24249 1784070841.019438 recvfrom(38, "nysv\0\0\0\0\0\0\0\0\0\0\0\0*\1Z\255\244\1\0\0R\243\1\0\0\0\0\0", 3200, MSG_DONTWAIT, NULL, NULL) = 32
24249 1784070841.019633 recvfrom(38, 0x7ff90aa020, 3200, MSG_DONTWAIT, NULL, NULL) = -1 EAGAIN (Try again)
24249 1784070841.020111 recvfrom(61, 0x7165c6d820, 2272, MSG_DONTWAIT, NULL, NULL) = -1 EAGAIN (Try again)
24249 1784070842.050133 recvfrom(38, 0x7ff90a9de0, 3200, MSG_DONTWAIT, NULL, NULL) = -1 EAGAIN (Try again)
24644 1784070842.051690 sendmsg(71, {msg_name=NULL, msg_namelen=0, msg_iov=[{iov_base="l\1\1\1\344\0\0\0%\3\0\0\235\0\0\0\1\1o\0;\0\0\0/re/frid"..., iov_len=404}], msg_iovlen=1, msg_controllen=0, msg_flags=0}, MSG_NOSIGNAL) = 404
24249 1784070842.053333 recvfrom(38, "nysv\0\0\0\0\0\0\0\0\0\0\0\0Tw\361\352\244\1\0\0\220\243\1\0\0\0\0\0", 3200, MSG_DONTWAIT, NULL, NULL) = 32
24249 1784070842.053513 recvfrom(38, 0x7ff90aa020, 3200, MSG_DONTWAIT, NULL, NULL) = -1 EAGAIN (Try again)
24249 1784070842.053692 recvfrom(61, 0x7165c6d820, 2272, MSG_DONTWAIT, NULL, NULL) = -1 EAGAIN (Try again)
24249 1784070843.029301 recvfrom(38, 0x7ff90a9de0, 3200, MSG_DONTWAIT, NULL, NULL) = -1 EAGAIN (Try again)
24644 1784070843.030497 sendmsg(71, {msg_name=NULL, msg_namelen=0, msg_iov=[{iov_base="l\1\1\1\344\0\0\0&\3\0\0\235\0\0\0\1\1o\0;\0\0\0/re/frid"..., iov_len=404}], msg_iovlen=1, msg_controllen=0, msg_flags=0}, MSG_NOSIGNAL) = 404
24249 1784070843.036523 recvfrom(38, "nysv\0\0\0\0\0\0\0\0\0\0\0\0\224\316\215%\245\1\0\0\313\243\1\0\0\0\0\0", 3200, MSG_DONTWAIT, NULL, NULL) = 32
24249 1784070843.036856 recvfrom(38, 0x7ff90aa020, 3200, MSG_DONTWAIT, NULL, NULL) = -1 EAGAIN (Try again)
24249 1784070843.037198 recvfrom(61, 0x7165c6d820, 2272, MSG_DONTWAIT, NULL, NULL) = -1 EAGAIN (Try again)
24249 1784070844.065804 recvfrom(38, 0x7ff90a9de0, 3200, MSG_DONTWAIT, NULL, NULL) = -1 EAGAIN (Try again)
24644 1784070844.066295 sendmsg(71, {msg_name=NULL, msg_namelen=0, msg_iov=[{iov_base="l\1\1\1\344\0\0\0'\3\0\0\235\0\0\0\1\1o\0;\0\0\0/re/frid"..., iov_len=404}], msg_iovlen=1, msg_controllen=0, msg_flags=0}, MSG_NOSIGNAL) = 404
24249 1784070844.069413 recvfrom(38, "nysv\0\0\0\0\0\0\0\0\0\0\0\0\370a%c\245\1\0\0\t\244\1\0\0\0\0\0", 3200, MSG_DONTWAIT, NULL, NULL) = 32
24249 1784070844.069733 recvfrom(38, 0x7ff90aa020, 3200, MSG_DONTWAIT, NULL, NULL) = -1 EAGAIN (Try again)
24249 1784070844.070344 recvfrom(61, 0x7165c6d820, 2272, MSG_DONTWAIT, NULL, NULL) = -1 EAGAIN (Try again)
24249 1784070845.048006 recvfrom(38,  <unfinished ...>
24644 1784070845.048313 sendmsg(71, {msg_name=NULL, msg_namelen=0, msg_iov=[{iov_base="l\1\1\1\344\0\0\0(\3\0\0\235\0\0\0\1\1o\0;\0\0\0/re/frid"..., iov_len=404}], msg_iovlen=1, msg_controllen=0, msg_flags=0}, MSG_NOSIGNAL <unfinished ...>
24249 1784070845.048372 <... recvfrom resumed> 0x7ff90a9de0, 3200, MSG_DONTWAIT, NULL, NULL) = -1 EAGAIN (Try again)
24644 1784070845.048681 <... sendmsg resumed> ) = 404
24249 1784070845.052894 recvfrom(38, "nysv\0\0\0\0\0\0\0\0\0\0\0\0\200\313\301\235\245\1\0\0D\244\1\0\0\0\0\0", 3200, MSG_DONTWAIT, NULL, NULL) = 32
24249 1784070845.053189 recvfrom(38, 0x7ff90aa020, 3200, MSG_DONTWAIT, NULL, NULL) = -1 EAGAIN (Try again)
24249 1784070845.053581 recvfrom(61, 0x7165c6d820, 2272, MSG_DONTWAIT, NULL, NULL) = -1 EAGAIN (Try again)
24644 1784070846.079582 sendmsg(71, {msg_name=NULL, msg_namelen=0, msg_iov=[{iov_base="l\1\1\1\344\0\0\0)\3\0\0\235\0\0\0\1\1o\0;\0\0\0/re/frid"..., iov_len=404}], msg_iovlen=1, msg_controllen=0, msg_flags=0}, MSG_NOSIGNAL) = 404
24249 1784070846.080836 recvfrom(38, 0x7ff90a9de0, 3200, MSG_DONTWAIT, NULL, NULL) = -1 EAGAIN (Try again)
24249 1784070846.086264 recvfrom(38, "nysv\0\0\0\0\0\0\0\0\0\0\0\0 \222Y\333\245\1\0\0\202\244\1\0\0\0\0\0", 3200, MSG_DONTWAIT, NULL, NULL) = 32
24249 1784070846.086509 recvfrom(38, 0x7ff90aa020, 3200, MSG_DONTWAIT, NULL, NULL) = -1 EAGAIN (Try again)
24249 1784070846.086801 recvfrom(61, 0x7165c6d820, 2272, MSG_DONTWAIT, NULL, NULL) = -1 EAGAIN (Try again)
