20892 1783913092.752989 recvfrom(100, "nysv\0\0\0\0\0\0\0\0\0\0\0\0007e\236\350\214\1\0\0\332\214\1\0\0\0\0\0", 3200, MSG_DONTWAIT, NULL, NULL) = 32
20892 1783913092.753045 recvfrom(100, 0x7fc3986860, 3200, MSG_DONTWAIT, NULL, NULL) = -1 EAGAIN (Try again)
20892 1783913092.753135 recvfrom(114, 0x7d0fd84020, 2272, MSG_DONTWAIT, NULL, NULL) = -1 EAGAIN (Try again)
20892 1783913092.753524 sendto(110, "(\2\0\0\0\0\0\0\5\0\0\0\0\0\0\0\0\0\0\0\0\0\0\0\22\265\360_$}\237_"..., 552, MSG_NOSIGNAL, NULL, 0) = 552
20952 1783913092.753858 recvmsg(110, {msg_name=NULL, msg_namelen=0, msg_iov=[{iov_base="\330\0\0\0\0\0\0\0\5\0\0\0\0\0\0\0\0\0\0\0\0\0\0\0\307\3U,\213\16k}"..., iov_len=4096}], msg_iovlen=1, msg_controllen=0, msg_flags=0}, MSG_DONTWAIT) = 432
20892 1783913092.757319 recvfrom(100, 0x7fc3985b10, 3200, MSG_DONTWAIT, NULL, NULL) = -1 EAGAIN (Try again)
20892 1783913092.757534 sendto(110, "\20\1\0\0\0\0\0\0\5\0\0\0\0\0\0\0\0\0\0\0\0\0\0\0\22\265\360_$}\237_"..., 272, MSG_NOSIGNAL, NULL, 0) = 272
20952 1783913092.757876 recvmsg(110, {msg_name=NULL, msg_namelen=0, msg_iov=[{iov_base="  \0\0\0\0\0\0\5\0\0\0\0\0\0\0\0\0\0\0\0\0\0\0\352\262\272O\27w\347\212"..., iov_len=4096}], msg_iovlen=1, msg_controllen=0, msg_flags=0}, MSG_DONTWAIT) = 4096
20952 1783913092.758100 recvmsg(110, {msg_name=NULL, msg_namelen=0, msg_iov=[{iov_base="0\0\0\0\0\0\0\0@\0\0\0\0\0\0\0\1\0\0\0\0\0\0\0H\0\0\0\0\0\0\0"..., iov_len=4128}], msg_iovlen=1, msg_controllen=0, msg_flags=0}, MSG_DONTWAIT) = 4128
21004 1783913092.759364 sendmsg(177, {msg_name=NULL, msg_namelen=0, msg_iov=[{iov_base="l\1\1\1\374\0\0\0S\0\0\0\235\0\0\0\1\1o\0;\0\0\0/re/frid"..., iov_len=428}], msg_iovlen=1, msg_controllen=0, msg_flags=0}, MSG_NOSIGNAL) = 428
20892 1783913092.769203 recvfrom(100, "nysv\0\0\0\0\0\0\0\0\0\0\0\0a\265\234\351\214\1\0\0\333\214\1\0\0\0\0\0", 3200, MSG_DONTWAIT, NULL, NULL) = 32
20892 1783913092.769224 recvfrom(100, 0x7fc3986860, 3200, MSG_DONTWAIT, NULL, NULL) = -1 EAGAIN (Try again)
20892 1783913092.769284 recvfrom(114, 0x7d0fd84020, 2272, MSG_DONTWAIT, NULL, NULL) = -1 EAGAIN (Try again)
20892 1783913092.769459 sendto(110, "\20\1\0\0\0\0\0\0\5\0\0\0\0\0\0\0\0\0\0\0\0\0\0\0\22\265\360_$}\237_"..., 272, MSG_NOSIGNAL, NULL, 0) = 272
20952 1783913092.769678 recvmsg(110, {msg_name=NULL, msg_namelen=0, msg_iov=[{iov_base="\330\0\0\0\0\0\0\0\5\0\0\0\0\0\0\0\0\0\0\0\0\0\0\0\307\3U,\213\16k}"..., iov_len=4096}], msg_iovlen=1, msg_controllen=0, msg_flags=0}, MSG_DONTWAIT) = 432
20892 1783913092.770280 recvfrom(100, 0x7fc3985b10, 3200, MSG_DONTWAIT, NULL, NULL) = -1 EAGAIN (Try again)
20892 1783913092.770509 sendto(110, "\20\1\0\0\0\0\0\0\5\0\0\0\0\0\0\0\0\0\0\0\0\0\0\0\22\265\360_$}\237_"..., 272, MSG_NOSIGNAL, NULL, 0) = 272
20952 1783913092.770764 recvmsg(110, {msg_name=NULL, msg_namelen=0, msg_iov=[{iov_base="  \0\0\0\0\0\0\5\0\0\0\0\0\0\0\0\0\0\0\0\0\0\0\352\262\272O\27w\347\212"..., iov_len=4096}], msg_iovlen=1, msg_controllen=0, msg_flags=0}, MSG_DONTWAIT) = 4096
20952 1783913092.770914 recvmsg(110, {msg_name=NULL, msg_namelen=0, msg_iov=[{iov_base="0\0\0\0\0\0\0\0@\0\0\0\0\0\0\0\1\0\0\0\0\0\0\0H\0\0\0\0\0\0\0"..., iov_len=4128}], msg_iovlen=1, msg_controllen=0, msg_flags=0}, MSG_DONTWAIT) = 4128
20892 1783913092.796099 recvfrom(100, "nysv\0\0\0\0\0\0\0\0\0\0\0\0\213\5\233\352\214\1\0\0\334\214\1\0\0\0\0\0", 3200, MSG_DONTWAIT, NULL, NULL) = 32
20892 1783913092.796135 recvfrom(100, 0x7fc3986860, 3200, MSG_DONTWAIT, NULL, NULL) = -1 EAGAIN (Try again)
20892 1783913092.796344 recvfrom(114, 0x7d0fd84020, 2272, MSG_DONTWAIT, NULL, NULL) = -1 EAGAIN (Try again)
20892 1783913092.796391 sendto(110, "(\2\0\0\0\0\0\0\5\0\0\0\0\0\0\0\0\0\0\0\0\0\0\0\22\265\360_$}\237_"..., 552, MSG_NOSIGNAL, NULL, 0) = 552
20952 1783913092.796627 recvmsg(110, {msg_name=NULL, msg_namelen=0, msg_iov=[{iov_base="\330\0\0\0\0\0\0\0\5\0\0\0\0\0\0\0\0\0\0\0\0\0\0\0\307\3U,\213\16k}"..., iov_len=4096}], msg_iovlen=1, msg_controllen=0, msg_flags=0}, MSG_DONTWAIT) = 432
20892 1783913092.797182 recvfrom(100, 0x7fc3985b10, 3200, MSG_DONTWAIT, NULL, NULL) = -1 EAGAIN (Try again)
20892 1783913092.797460 sendto(110, "\20\1\0\0\0\0\0\0\5\0\0\0\0\0\0\0\0\0\0\0\0\0\0\0\22\265\360_$}\237_"..., 272, MSG_NOSIGNAL, NULL, 0) = 272
20952 1783913092.797721 recvmsg(110, {msg_name=NULL, msg_namelen=0, msg_iov=[{iov_base="  \0\0\0\0\0\0\5\0\0\0\0\0\0\0\0\0\0\0\0\0\0\0\352\262\272O\27w\347\212"..., iov_len=4096}], msg_iovlen=1, msg_controllen=0, msg_flags=0}, MSG_DONTWAIT) = 4096
20952 1783913092.797870 recvmsg(110, {msg_name=NULL, msg_namelen=0, msg_iov=[{iov_base="0\0\0\0\0\0\0\0@\0\0\0\0\0\0\0\1\0\0\0\0\0\0\0H\0\0\0\0\0\0\0"..., iov_len=4128}], msg_iovlen=1, msg_controllen=0, msg_flags=0}, MSG_DONTWAIT) = 4128
20892 1783913092.832226 recvfrom(100, "nysv\0\0\0\0\0\0\0\0\0\0\0\0\302\200\231\353\214\1\0\0\335\214\1\0\0\0\0\0", 3200, MSG_DONTWAIT, NULL, NULL) = 32
20892 1783913092.832276 recvfrom(100, 0x7fc3986860, 3200, MSG_DONTWAIT, NULL, NULL) = -1 EAGAIN (Try again)
20892 1783913092.832466 recvfrom(114, 0x7d0fd84020, 2272, MSG_DONTWAIT, NULL, NULL) = -1 EAGAIN (Try again)
20892 1783913092.832511 sendto(110, "(\2\0\0\0\0\0\0\5\0\0\0\0\0\0\0\0\0\0\0\0\0\0\0\22\265\360_$}\237_"..., 552, MSG_NOSIGNAL, NULL, 0) = 552
20952 1783913092.832763 recvmsg(110, {msg_name=NULL, msg_namelen=0, msg_iov=[{iov_base="\330\0\0\0\0\0\0\0\5\0\0\0\0\0\0\0\0\0\0\0\0\0\0\0\307\3U,\213\16k}"..., iov_len=4096}], msg_iovlen=1, msg_controllen=0, msg_flags=0}, MSG_DONTWAIT) = 432
20892 1783913092.833426 recvfrom(100, 0x7fc3985b10, 3200, MSG_DONTWAIT, NULL, NULL) = -1 EAGAIN (Try again)
20892 1783913092.833677 sendto(110, "\20\1\0\0\0\0\0\0\5\0\0\0\0\0\0\0\0\0\0\0\0\0\0\0\22\265\360_$}\237_"..., 272, MSG_NOSIGNAL, NULL, 0) = 272
20952 1783913092.833987 recvmsg(110, {msg_name=NULL, msg_namelen=0, msg_iov=[{iov_base="  \0\0\0\0\0\0\5\0\0\0\0\0\0\0\0\0\0\0\0\0\0\0\352\262\272O\27w\347\212"..., iov_len=4096}], msg_iovlen=1, msg_controllen=0, msg_flags=0}, MSG_DONTWAIT) = 4096
20952 1783913092.834142 recvmsg(110, {msg_name=NULL, msg_namelen=0, msg_iov=[{iov_base="0\0\0\0\0\0\0\0@\0\0\0\0\0\0\0\1\0\0\0\0\0\0\0H\0\0\0\0\0\0\0"..., iov_len=4128}], msg_iovlen=1, msg_controllen=0, msg_flags=0}, MSG_DONTWAIT) = 4128
20892 1783913092.878706 recvfrom(100, "nysv\0\0\0\0\0\0\0\0\0\0\0\0\26!\226\355\214\1\0\0\337\214\1\0\0\0\0\0", 3200, MSG_DONTWAIT, NULL, NULL) = 32
20892 1783913092.878752 recvfrom(100, 0x7fc3986860, 3200, MSG_DONTWAIT, NULL, NULL) = -1 EAGAIN (Try again)
20892 1783913092.878920 recvfrom(114, 0x7d0fd84020, 2272, MSG_DONTWAIT, NULL, NULL) = -1 EAGAIN (Try again)
20892 1783913092.878965 sendto(110, "(\2\0\0\0\0\0\0\5\0\0\0\0\0\0\0\0\0\0\0\0\0\0\0\22\265\360_$}\237_"..., 552, MSG_NOSIGNAL, NULL, 0) = 552
20952 1783913092.879223 recvmsg(110, {msg_name=NULL, msg_namelen=0, msg_iov=[{iov_base="\330\0\0\0\0\0\0\0\5\0\0\0\0\0\0\0\0\0\0\0\0\0\0\0\307\3U,\213\16k}"..., iov_len=4096}], msg_iovlen=1, msg_controllen=0, msg_flags=0}, MSG_DONTWAIT) = 432
20892 1783913092.879768 recvfrom(100, 0x7fc3985b10, 3200, MSG_DONTWAIT, NULL, NULL) = -1 EAGAIN (Try again)
20892 1783913092.879960 sendto(110, "\20\1\0\0\0\0\0\0\5\0\0\0\0\0\0\0\0\0\0\0\0\0\0\0\22\265\360_$}\237_"..., 272, MSG_NOSIGNAL, NULL, 0) = 272
20952 1783913092.880207 recvmsg(110, {msg_name=NULL, msg_namelen=0, msg_iov=[{iov_base="\200\0\0\0\0\0\0\0\5\0\0\0\0\0\0\0\0\0\0\0\0\0\0\0\352\262\272O\27w\347\212"..., iov_len=4096}], msg_iovlen=1, msg_controllen=0, msg_flags=0}, MSG_DONTWAIT) = 128
20952 1783913092.881237 recvmsg(110, {msg_name=NULL, msg_namelen=0, msg_iov=[{iov_base="\330\0\0\0\0\0\0\0\5\0\0\0\0\0\0\0\0\0\0\0\0\0\0\0\307\3U,\213\16k}"..., iov_len=4096}], msg_iovlen=1, msg_controllen=0, msg_flags=0}, MSG_DONTWAIT) = 504
20952 1783913092.883157 recvmsg(110, {msg_name=NULL, msg_namelen=0, msg_iov=[{iov_base="\360\0\0\0\0\0\0\0\5\0\0\0\0\0\0\0\0\0\0\0\0\0\0\0\r\243x\270\274\246\245\263"..., iov_len=4096}], msg_iovlen=1, msg_controllen=0, msg_flags=0}, MSG_DONTWAIT) = 240
20892 1783913092.931654 recvfrom(100, "nysv\0\0\0\0\0\0\0\0\0\0\0\0\237\t\221\360\214\1\0\0\342\214\1\0\0\0\0\0", 3200, MSG_DONTWAIT, NULL, NULL) = 32
20892 1783913092.931736 recvfrom(100, 0x7fc3986860, 3200, MSG_DONTWAIT, NULL, NULL) = -1 EAGAIN (Try again)
20892 1783913092.932114 recvfrom(114, 0x7d0fd84020, 2272, MSG_DONTWAIT, NULL, NULL) = -1 EAGAIN (Try again)
20892 1783913092.932164 sendto(110, "(\2\0\0\0\0\0\0\5\0\0\0\0\0\0\0\0\0\0\0\0\0\0\0\22\265\360_$}\237_"..., 552, MSG_NOSIGNAL, NULL, 0) = 552
20952 1783913092.932598 recvmsg(110, {msg_name=NULL, msg_namelen=0, msg_iov=[{iov_base="\300\0\0\0\0\0\0\0\5\0\0\0\0\0\0\0\0\0\0\0\0\0\0\0\237\311\363\36\373(W>"..., iov_len=4096}], msg_iovlen=1, msg_controllen=0, msg_flags=0}, MSG_DONTWAIT) = 624
20892 1783913092.933431 recvfrom(100, 0x7fc3985b10, 3200, MSG_DONTWAIT, NULL, NULL) = -1 EAGAIN (Try again)
20892 1783913092.933719 sendto(110, "\20\1\0\0\0\0\0\0\5\0\0\0\0\0\0\0\0\0\0\0\0\0\0\0\22\265\360_$}\237_"..., 272, MSG_NOSIGNAL, NULL, 0) = 272
20952 1783913092.934039 recvmsg(110, {msg_name=NULL, msg_namelen=0, msg_iov=[{iov_base="\240\0\0\0\0\0\0\0\5\0\0\0\0\0\0\0\0\0\0\0\0\0\0\0\r\243x\270\274\246\245\263"..., iov_len=4096}], msg_iovlen=1, msg_controllen=0, msg_flags=0}, MSG_DONTWAIT) = 160
20969 1783913092.934715 sendto(110, "\240\0\0\0\0\0\0\0\5\0\0\0\0\0\0\0\0\0\0\0\0\0\0\0\266\370\20\315\342\334\3447"..., 160, MSG_NOSIGNAL, NULL, 0) = 160
20952 1783913092.935278 recvmsg(110, {msg_name=NULL, msg_namelen=0, msg_iov=[{iov_base="\10\23\0\0\0\0\0\0\5\0\0\0\0\0\0\0\0\0\0\0\0\0\0\0\352\262\272O\27w\347\212"..., iov_len=4096}], msg_iovlen=1, msg_controllen=0, msg_flags=0}, MSG_DONTWAIT) = 4096
20952 1783913092.935531 recvmsg(110, {msg_name=NULL, msg_namelen=0, msg_iov=[{iov_base="\0\0\0\0\0\0\200?\0\0\207D\0\0\317C\20\0\0\0\0\0\0\0@\4\0\0\240\1\0\0"..., iov_len=776}], msg_iovlen=1, msg_controllen=0, msg_flags=0}, MSG_DONTWAIT) = 776
20892 1783913092.984076 recvfrom(100, "nysv\0\0\0\0\0\0\0\0\0\0\0\0002Z\214\363\214\1\0\0\345\214\1\0\0\0\0\0", 3200, MSG_DONTWAIT, NULL, NULL) = 32
20892 1783913092.984123 recvfrom(100, 0x7fc3986860, 3200, MSG_DONTWAIT, NULL, NULL) = -1 EAGAIN (Try again)
20892 1783913092.984761 recvfrom(114, 0x7d0fd84020, 2272, MSG_DONTWAIT, NULL, NULL) = -1 EAGAIN (Try again)
20892 1783913092.984808 sendto(110, "\20\1\0\0\0\0\0\0\5\0\0\0\0\0\0\0\0\0\0\0\0\0\0\0\22\265\360_$}\237_"..., 272, MSG_NOSIGNAL, NULL, 0) = 272
20952 1783913092.985049 recvmsg(110, {msg_name=NULL, msg_namelen=0, msg_iov=[{iov_base="\330\0\0\0\0\0\0\0\5\0\0\0\0\0\0\0\0\0\0\0\0\0\0\0\307\3U,\213\16k}"..., iov_len=4096}], msg_iovlen=1, msg_controllen=0, msg_flags=0}, MSG_DONTWAIT) = 432
20892 1783913092.986562 sendto(110, "`\0\0\0\0\0\0\0\5\0\0\0\0\0\0\0\0\0\0\0\0\0\0\0\22\265\360_$}\237_"..., 96, MSG_NOSIGNAL, NULL, 0) = 96
20892 1783913092.986742 recvfrom(100, 0x7fc3986760, 3200, MSG_DONTWAIT, NULL, NULL) = -1 EAGAIN (Try again)
20952 1783913092.986913 recvmsg(110, {msg_name=NULL, msg_namelen=0, msg_iov=[{iov_base="h\0\0\0\0\0\0\0\5\0\0\0\0\0\0\0\0\0\0\0\0\0\0\0\307\3U,\213\16k}"..., iov_len=4096}], msg_iovlen=1, msg_controllen=0, msg_flags=0}, MSG_DONTWAIT) = 104
21004 1783913092.987260 sendmsg(177, {msg_name=NULL, msg_namelen=0, msg_iov=[{iov_base="l\1\1\1\374\0\0\0T\0\0\0\235\0\0\0\1\1o\0;\0\0\0/re/frid"..., iov_len=428}], msg_iovlen=1, msg_controllen=0, msg_flags=0}, MSG_NOSIGNAL) = 428
20892 1783913093.002754 recvfrom(100, "nysv\0\0\0\0\0\0\0\0\0\0\0\0A\275\205\367\214\1\0\0\351\214\1\0\0\0\0\0", 3200, MSG_DONTWAIT, NULL, NULL) = 32
20892 1783913093.002772 recvfrom(100, 0x7fc3986860, 3200, MSG_DONTWAIT, NULL, NULL) = -1 EAGAIN (Try again)
21004 1783913093.003530 sendmsg(177, {msg_name=NULL, msg_namelen=0, msg_iov=[{iov_base="l\1\1\1\374\0\0\0U\0\0\0\235\0\0\0\1\1o\0;\0\0\0/re/frid"..., iov_len=428}], msg_iovlen=1, msg_controllen=0, msg_flags=0}, MSG_NOSIGNAL) = 428
20892 1783913093.017200 sendto(110, "\210\2\0\0\0\0\0\0\5\0\0\0\0\0\0\0\0\0\0\0\0\0\0\0\22\265\360_$}\237_"..., 648, MSG_NOSIGNAL, NULL, 0) = 648
20892 1783913093.031120 recvfrom(100, 0x7fc39856b0, 3200, MSG_DONTWAIT, NULL, NULL) = -1 EAGAIN (Try again)
20892 1783913093.035789 recvfrom(100, "nysv\0\0\0\0\0\0\0\0\0\0\0\0\31\34\202\371\214\1\0\0\353\214\1\0\0\0\0\0", 3200, MSG_DONTWAIT, NULL, NULL) = 32
20892 1783913093.035803 recvfrom(100, 0x7fc3986860, 3200, MSG_DONTWAIT, NULL, NULL) = -1 EAGAIN (Try again)
20892 1783913093.035852 sendto(110, "(\2\0\0\0\0\0\0\5\0\0\0\0\0\0\0\0\0\0\0\0\0\0\0\22\265\360_$}\237_"..., 552, MSG_NOSIGNAL, NULL, 0) = 552
20952 1783913093.036571 recvmsg(110, {msg_name=NULL, msg_namelen=0, msg_iov=[{iov_base="\330\0\0\0\0\0\0\0\5\0\0\0\0\0\0\0\0\0\0\0\0\0\0\0\352\262\272O\27w\347\212"..., iov_len=4096}], msg_iovlen=1, msg_controllen=0, msg_flags=0}, MSG_DONTWAIT) = 216
20892 1783913093.038451 recvfrom(100, 0x7fc3986760, 3200, MSG_DONTWAIT, NULL, NULL) = -1 EAGAIN (Try again)
21004 1783913093.039072 sendmsg(177, {msg_name=NULL, msg_namelen=0, msg_iov=[{iov_base="l\1\1\1\374\0\0\0V\0\0\0\235\0\0\0\1\1o\0;\0\0\0/re/frid"..., iov_len=428}], msg_iovlen=1, msg_controllen=0, msg_flags=0}, MSG_NOSIGNAL) = 428
20892 1783913093.053601 recvfrom(100, "nysv\0\0\0\0\0\0\0\0\0\0\0\0\202*\200\372\214\1\0\0\354\214\1\0\0\0\0\0", 3200, MSG_DONTWAIT, NULL, NULL) = 32
20892 1783913093.053614 recvfrom(100, 0x7fc3986860, 3200, MSG_DONTWAIT, NULL, NULL) = -1 EAGAIN (Try again)
21004 1783913093.054566 sendmsg(177, {msg_name=NULL, msg_namelen=0, msg_iov=[{iov_base="l\1\1\1\374\0\0\0W\0\0\0\235\0\0\0\1\1o\0;\0\0\0/re/frid"..., iov_len=428}], msg_iovlen=1, msg_controllen=0, msg_flags=0}, MSG_NOSIGNAL) = 428
20952 1783913093.282338 recvmsg(110, {msg_name=NULL, msg_namelen=0, msg_iov=[{iov_base="\360\f\0\0\0\0\0\0\5\0\0\0\0\0\0\0\0\0\0\0\0\0\0\0&\314\220N\201XcQ"..., iov_len=4096}], msg_iovlen=1, msg_controllen=0, msg_flags=0}, MSG_DONTWAIT) = 3312
20892 1783913093.994580 sendto(110, "h\0\0\0\0\0\0\0\5\0\0\0\0\0\0\0\0\0\0\0\0\0\0\0E\16\355g\345\245\211."..., 104, MSG_NOSIGNAL, NULL, 0) = 104
20952 1783913093.994937 recvmsg(110, {msg_name=NULL, msg_namelen=0, msg_iov=[{iov_base="P\2\0\0\0\0\0\0\5\0\0\0\0\0\0\0\0\0\0\0\0\0\0\0\340\251\214\3161]\313\16"..., iov_len=4096}], msg_iovlen=1, msg_controllen=0, msg_flags=0}, MSG_DONTWAIT) = 592
20952 1783913093.998375 sendto(110, "\310\0\0\0\0\0\0\0\5\0\0\0\0\0\0\0\0\0\0\0\0\0\0\0\4\23\366\241\34\3 h"..., 200, MSG_NOSIGNAL, NULL, 0) = 200
20952 1783913093.998968 sendto(110, "h\0\0\0\0\0\0\0\5\0\0\0\0\0\0\0\0\0\0\0\0\0\0\0\4\23\366\241\34\3 h"..., 104, MSG_NOSIGNAL, NULL, 0) = 104
21004 1783913093.999901 sendmsg(177, {msg_name=NULL, msg_namelen=0, msg_iov=[{iov_base="l\1\1\1\374\0\0\0X\0\0\0\235\0\0\0\1\1o\0;\0\0\0/re/frid"..., iov_len=428}], msg_iovlen=1, msg_controllen=0, msg_flags=0}, MSG_NOSIGNAL) = 428
20952 1783913094.000417 recvmsg(110, {msg_name=NULL, msg_namelen=0, msg_iov=[{iov_base="8\1\0\0\0\0\0\0\5\0\0\0\0\0\0\0\0\0\0\0\0\0\0\0\360a\354\5*\327\336\r"..., iov_len=4096}], msg_iovlen=1, msg_controllen=0, msg_flags=0}, MSG_DONTWAIT) = 624
20952 1783913094.001073 sendto(110, "(\0\0\0\0\0\0\0\5\0\0\0\0\0\0\0\1\0\0\0\0\0\0\0*\342p\26\263k3'"..., 40, MSG_NOSIGNAL, NULL, 0) = 40
20952 1783913094.001862 sendto(110, "(\0\0\0\0\0\0\0\5\0\0\0\0\0\0\0\1\0\0\0\0\0\0\0\374\320\4\312S\33\360\244"..., 40, MSG_NOSIGNAL, NULL, 0) = 40
20952 1783913094.002956 recvmsg(110, {msg_name=NULL, msg_namelen=0, msg_iov=[{iov_base="(\1\0\0\0\0\0\0\5\0\0\0\0\0\0\0\0\0\0\0\0\0\0\0{,\335Q\217\276\217\4"..., iov_len=4096}], msg_iovlen=1, msg_controllen=0, msg_flags=0}, MSG_DONTWAIT) = 504
20952 1783913094.003231 sendto(110, "(\0\0\0\0\0\0\0\5\0\0\0\0\0\0\0\1\0\0\0\0\0\0\0W\360\272.\234\300y\\"..., 40, MSG_NOSIGNAL, NULL, 0) = 40
21004 1783913094.003894 sendmsg(177, {msg_name=NULL, msg_namelen=0, msg_iov=[{iov_base="l\1\1\1\374\0\0\0Y\0\0\0\235\0\0\0\1\1o\0;\0\0\0/re/frid"..., iov_len=428}], msg_iovlen=1, msg_controllen=0, msg_flags=0}, MSG_NOSIGNAL) = 428
20952 1783913094.003983 sendto(110, "h\0\0\0\0\0\0\0\5\0\0\0\0\0\0\0\2\0\0\0\0\0\0\0\354\263{!\300\201a\231"..., 104, MSG_NOSIGNAL, NULL, 0) = 104
20952 1783913094.005240 sendto(110, "h\0\0\0\0\0\0\0\5\0\0\0\0\0\0\0\2\0\0\0\0\0\0\0\261I[k+!\263\365"..., 104, MSG_NOSIGNAL, NULL, 0) = 104
20892 1783913094.005746 sendto(110, "h\0\0\0\0\0\0\0\5\0\0\0\0\0\0\0\0\0\0\0\0\0\0\0Li\234\343?\254t\221"..., 104, MSG_NOSIGNAL, NULL, 0 <unfinished ...>
20952 1783913094.007240 recvmsg(110,  <unfinished ...>
20892 1783913094.007265 <... sendto resumed> ) = 104
20952 1783913094.007447 <... recvmsg resumed> {msg_name=NULL, msg_namelen=0, msg_iov=[{iov_base="h\0\0\0\0\0\0\0\5\0\0\0\0\0\0\0\2\0\0\0\0\0\0\0\316j\312\261\204\377\276\340"..., iov_len=4096}], msg_iovlen=1, msg_controllen=0, msg_flags=0}, MSG_DONTWAIT) = 104
20952 1783913094.008594 sendto(110, "h\0\0\0\0\0\0\0\5\0\0\0\0\0\0\0\2\0\0\0\0\0\0\0Li\234\343?\254t\221"..., 104, MSG_NOSIGNAL, NULL, 0) = 104
21004 1783913094.011678 sendmsg(177, {msg_name=NULL, msg_namelen=0, msg_iov=[{iov_base="l\1\1\1\374\0\0\0Z\0\0\0\235\0\0\0\1\1o\0;\0\0\0/re/frid"..., iov_len=428}], msg_iovlen=1, msg_controllen=0, msg_flags=0}, MSG_NOSIGNAL) = 428
20952 1783913094.205602 recvmsg(110, {msg_name=NULL, msg_namelen=0, msg_iov=[{iov_base="\310\0\0\0\0\0\0\0\5\0\0\0\0\0\0\0\0\0\0\0\0\0\0\0&\314\220N\201XcQ"..., iov_len=4096}], msg_iovlen=1, msg_controllen=0, msg_flags=0}, MSG_DONTWAIT) = 200
20952 1783913094.208531 recvmsg(110, {msg_name=NULL, msg_namelen=0, msg_iov=[{iov_base="\30s/\0\0\0\0\0\5\0\0\0\0\0\0\0\0\0\0\0\0\0\0\0&\314\220N\201XcQ"..., iov_len=4096}], msg_iovlen=1, msg_controllen=0, msg_flags=0}, MSG_DONTWAIT) = 4096
20952 1783913094.209005 recvmsg(110, {msg_name=NULL, msg_namelen=0, msg_iov=[{iov_base="pT\5\0\0\0\0\0\260V\5\0\0\0\0\0\20Y\5\0\0\0\0\0\210\\\5\0\0\0\0\0"..., iov_len=3105560}], msg_iovlen=1, msg_controllen=0, msg_flags=0}, MSG_DONTWAIT) = 251264
20952 1783913094.209372 recvmsg(110, {msg_name=NULL, msg_namelen=0, msg_iov=[{iov_base=",\0\0\0002\0\0\0<\0\0\0003\0\0\0\1\0\0\0\0\0\0\0\34\0\0\0\5\0\0\0"..., iov_len=4096}], msg_iovlen=1, msg_controllen=0, msg_flags=0}, MSG_DONTWAIT) = 4096
20952 1783913094.209524 recvmsg(110, {msg_name=NULL, msg_namelen=0, msg_iov=[{iov_base="\30\0\0\0\0\0\0\0\20\0\0\0\0\0\0\0000\0\0\0\0\0\0\0(\0\0\0\10\0\0\0"..., iov_len=2850200}], msg_iovlen=1, msg_controllen=0, msg_flags=0}, MSG_DONTWAIT) = 251264
20952 1783913094.209867 recvmsg(110, {msg_name=NULL, msg_namelen=0, msg_iov=[{iov_base="\310\1\0\0\0\0\0\0\310\1\0\0\0\0\0\0\30\0\0\0\0\0\0\0\20\0\0\0\0\0\0\0"..., iov_len=4096}], msg_iovlen=1, msg_controllen=0, msg_flags=0}, MSG_DONTWAIT) = 4096
20952 1783913094.210018 recvmsg(110, {msg_name=NULL, msg_namelen=0, msg_iov=[{iov_base="\30\0\0\0\2\0\0\0\20\0\0\0\0\0\0\0 \0\0\0\0\0\0\0\27\0\0\0\17\0\0\0"..., iov_len=2594840}], msg_iovlen=1, msg_controllen=0, msg_flags=0}, MSG_DONTWAIT) = 251264
20952 1783913094.210371 recvmsg(110, {msg_name=NULL, msg_namelen=0, msg_iov=[{iov_base="\0\0\0\0\0\0\0\0h\0\0\0\0\0\0\0\311\5\0\0e\0\0\0\0\6\0\0\0\0\0\0"..., iov_len=4096}], msg_iovlen=1, msg_controllen=0, msg_flags=0}, MSG_DONTWAIT) = 4096
20952 1783913094.210552 recvmsg(110, {msg_name=NULL, msg_namelen=0, msg_iov=[{iov_base="\10\0\0\0\0\0\0\0\10\0\0\0\0\0\0\0\30\0\0\0\0\0\0\0\20\0\0\0\0\0\0\0"..., iov_len=2339480}], msg_iovlen=1, msg_controllen=0, msg_flags=0}, MSG_DONTWAIT) = 251264
20952 1783913094.210895 recvmsg(110, {msg_name=NULL, msg_namelen=0, msg_iov=[{iov_base="\34\0\0\0\5\0\0\0,\0\0\0002\0\0\0<\0\0\0003\0\0\0\1\0\0\0\0\0\0\0"..., iov_len=4096}], msg_iovlen=1, msg_controllen=0, msg_flags=0}, MSG_DONTWAIT) = 4096
20952 1783913094.211049 recvmsg(110, {msg_name=NULL, msg_namelen=0, msg_iov=[{iov_base="div\0\0\0\0\0@\0\0\08\0\0\0-mt-3 h-0 flex m"..., iov_len=2084120}], msg_iovlen=1, msg_controllen=0, msg_flags=0}, MSG_DONTWAIT) = 251264
20952 1783913094.211385 recvmsg(110, {msg_name=NULL, msg_namelen=0, msg_iov=[{iov_base="\30\0\0\0\0\0\0\0\f\0\0\0\1\0\0\0\21\0\0\0\0\0\0\0\t\0\0\0\1\0\0\0"..., iov_len=4096}], msg_iovlen=1, msg_controllen=0, msg_flags=0}, MSG_DONTWAIT) = 4096
20952 1783913094.211537 recvmsg(110, {msg_name=NULL, msg_namelen=0, msg_iov=[{iov_base="Solidarit\303\251 Palestine Paris\0\0\0\0\0"..., iov_len=1828760}], msg_iovlen=1, msg_controllen=0, msg_flags=0}, MSG_DONTWAIT) = 251264
20952 1783913094.211885 recvmsg(110, {msg_name=NULL, msg_namelen=0, msg_iov=[{iov_base="\240\1\0\0\0\0\0\0\240\1\0\0\0\0\0\0\30\0\0\0\0\0\0\0\20\0\0\0\0\0\0\0"..., iov_len=4096}], msg_iovlen=1, msg_controllen=0, msg_flags=0}, MSG_DONTWAIT) = 4096
20952 1783913094.212040 recvmsg(110, {msg_name=NULL, msg_namelen=0, msg_iov=[{iov_base="\30\v\0\0Y\0\0\0\0\0\0\0\0\0\0\0\0\0\0\0\0\0\0\0H\0\0\0\0\0\0\0"..., iov_len=1573400}], msg_iovlen=1, msg_controllen=0, msg_flags=0}, MSG_DONTWAIT) = 251264
20952 1783913094.212390 recvmsg(110, {msg_name=NULL, msg_namelen=0, msg_iov=[{iov_base="\0 \265A\0\0,B\20\0\0\0\0\0\0\0\0\0\0\0\0\0\0\0h\0\0\0\0\0\0\0"..., iov_len=4096}], msg_iovlen=1, msg_controllen=0, msg_flags=0}, MSG_DONTWAIT) = 4096
20952 1783913094.212546 recvmsg(110, {msg_name=NULL, msg_namelen=0, msg_iov=[{iov_base="\0\0\0\0\0\0\0\0\0\0\0\0\0\0\0\0H\0\0\0\0\0\0\0\370\0\0\0\0\0\0\0"..., iov_len=1318040}], msg_iovlen=1, msg_controllen=0, msg_flags=0}, MSG_DONTWAIT) = 251264
20952 1783913094.212886 recvmsg(110, {msg_name=NULL, msg_namelen=0, msg_iov=[{iov_base="\20\0\0\0\2\0\0\0\5\0\0\0\6\0\0\0\20\0\0\0\2\0\0\0\0\0(B\0\0\310C"..., iov_len=4096}], msg_iovlen=1, msg_controllen=0, msg_flags=0}, MSG_DONTWAIT) = 4096
20952 1783913094.213039 recvmsg(110, {msg_name=NULL, msg_namelen=0, msg_iov=[{iov_base="\30\0\0\0\0\0\0\0\f\0\0\0\1\0\0\0,\0\0\0\0\0\0\0\f\0\0\0\1\0\0\0"..., iov_len=1062680}], msg_iovlen=1, msg_controllen=0, msg_flags=0}, MSG_DONTWAIT) = 251264
20952 1783913094.213376 recvmsg(110, {msg_name=NULL, msg_namelen=0, msg_iov=[{iov_base="\20\0\0\0\0\0\0\0\20\0\0\0\0\0\0\0\10\0\0\0\0\0\0\0\10\0\0\0\0\0\0\0"..., iov_len=4096}], msg_iovlen=1, msg_controllen=0, msg_flags=0}, MSG_DONTWAIT) = 4096
20952 1783913094.213530 recvmsg(110, {msg_name=NULL, msg_namelen=0, msg_iov=[{iov_base="\4\0\0\0\0\0\0\0\30\0\0\0\0\0\0\0\20\0\0\0\0\0\0\0\30\0\0\0\0\0\0\0"..., iov_len=807320}], msg_iovlen=1, msg_controllen=0, msg_flags=0}, MSG_DONTWAIT) = 251264
20952 1783913094.213872 recvmsg(110, {msg_name=NULL, msg_namelen=0, msg_iov=[{iov_base="h\1\0\0\0\0\0\0\210\1\0\0\0\0\0\0\250\1\0\0\0\0\0\0\310\1\0\0\0\0\0\0"..., iov_len=4096}], msg_iovlen=1, msg_controllen=0, msg_flags=0}, MSG_DONTWAIT) = 4096
20952 1783913094.214025 recvmsg(110, {msg_name=NULL, msg_namelen=0, msg_iov=[{iov_base="\376\21\0\0\377\21\0\0 \0\0\0\0\0\0\0\374\21\0\0\0\0\0\0\20\0\0\0\0\0\0\0"..., iov_len=551960}], msg_iovlen=1, msg_controllen=0, msg_flags=0}, MSG_DONTWAIT) = 251264
20952 1783913094.214364 recvmsg(110, {msg_name=NULL, msg_namelen=0, msg_iov=[{iov_base="8-45c9-ad8c-5b27d3baf715\\\0\0\0T\0\0\0"..., iov_len=4096}], msg_iovlen=1, msg_controllen=0, msg_flags=0}, MSG_DONTWAIT) = 4096
20952 1783913094.214518 recvmsg(110, {msg_name=NULL, msg_namelen=0, msg_iov=[{iov_base="8\0\0\0\0\0\0\0@\0\0\0\0\0\0\0\f\0\0\0\4\0\0\0time\0\0\0\0"..., iov_len=296600}], msg_iovlen=1, msg_controllen=0, msg_flags=0}, MSG_DONTWAIT) = 251264
20952 1783913094.214940 recvmsg(110, {msg_name=NULL, msg_namelen=0, msg_iov=[{iov_base="\20\0\0\0\0\0\0\0\20\0\0\0\0\0\0\0\10\0\0\0\0\0\0\0\10\0\0\0\0\0\0\0"..., iov_len=4096}], msg_iovlen=1, msg_controllen=0, msg_flags=0}, MSG_DONTWAIT) = 4096
20952 1783913094.215094 recvmsg(110, {msg_name=NULL, msg_namelen=0, msg_iov=[{iov_base="\f\0\0\0\1\0\0\0,\0\0\0\0\0\0\0\f\0\0\0\1\0\0\0n7<\377\0\0\0\0"..., iov_len=41240}], msg_iovlen=1, msg_controllen=0, msg_flags=0}, MSG_DONTWAIT) = 41240
20952 1783913094.234267 sendto(110, "h\0\0\0\0\0\0\0\5\0\0\0\0\0\0\0\0\0\0\0\0\0\0\0\4\23\366\241\34\3 h"..., 104, MSG_NOSIGNAL, NULL, 0) = 104
20952 1783913094.281307 recvmsg(110, {msg_name=NULL, msg_namelen=0, msg_iov=[{iov_base="\300\0\0\0\0\0\0\0\5\0\0\0\0\0\0\0\0\0\0\0\0\0\0\0\r\243x\270\274\246\245\263"..., iov_len=4096}], msg_iovlen=1, msg_controllen=0, msg_flags=0}, MSG_DONTWAIT) = 584
20952 1783913094.397258 recvmsg(110, {msg_name=NULL, msg_namelen=0, msg_iov=[{iov_base="\200H\6\0\0\0\0\0\5\0\0\0\0\0\0\0\0\0\0\0\0\0\0\0&\314\220N\201XcQ"..., iov_len=4096}], msg_iovlen=1, msg_controllen=0, msg_flags=0}, MSG_DONTWAIT) = 4096
20952 1783913094.399103 recvmsg(110, {msg_name=NULL, msg_namelen=0, msg_iov=[{iov_base="\r\0\0\0\5\0\0\0#main\0\0\0\f\0\0\0\1\0\0\0\r\0\0\0\0\0\0\0"..., iov_len=407680}], msg_iovlen=1, msg_controllen=0, msg_flags=0}, MSG_DONTWAIT) = 251264
20952 1783913094.399860 recvmsg(110, {msg_name=NULL, msg_namelen=0, msg_iov=[{iov_base="Sat 18 JUL 2026 7:00 PM TREMPLIN"..., iov_len=4096}], msg_iovlen=1, msg_controllen=0, msg_flags=0}, MSG_DONTWAIT) = 4096
20952 1783913094.400208 recvmsg(110, {msg_name=NULL, msg_namelen=0, msg_iov=[{iov_base="\20\0\0\0\0\0\0\0\10\0\0\0\0\0\0\0\10\0\0\0\0\0\0\0\30\0\0\0\0\0\0\0"..., iov_len=152320}], msg_iovlen=1, msg_controllen=0, msg_flags=0}, MSG_DONTWAIT) = 152320
20952 1783913094.403923 sendto(110, "h\0\0\0\0\0\0\0\5\0\0\0\0\0\0\0\0\0\0\0\0\0\0\0\4\23\366\241\34\3 h"..., 104, MSG_NOSIGNAL, NULL, 0) = 104
20900 1783913095.153553 exit(0 <unfinished ...>
20901 1783913095.153623 exit(0 <unfinished ...>
20952 1783913095.153874 recvmsg(110,  <unfinished ...>
20901 1783913095.153941 <... exit resumed>) = ?
20900 1783913095.153944 <... exit resumed>) = ?
20952 1783913095.154182 <... recvmsg resumed> {msg_name=NULL, msg_namelen=0, msg_iov=[{iov_base="\270\4\0\0\0\0\0\0\5\0\0\0\0\0\0\0\0\0\0\0\0\0\0\0&\314\220N\201XcQ"..., iov_len=4096}], msg_iovlen=1, msg_controllen=0, msg_flags=0}, MSG_DONTWAIT) = 1208
20901 1783913095.154257 +++ exited with 0 +++
20900 1783913095.154268 +++ exited with 0 +++
20899 1783913095.154271 exit(0)         = ?
20899 1783913095.155049 +++ exited with 0 +++
20902 1783913095.155192 exit(0)         = ?
20902 1783913095.155699 +++ exited with 0 +++
20913 1783913095.158117 newfstatat(AT_FDCWD, "/data", {st_mode=S_IFDIR|0771, st_size=4096, ...}, AT_SYMLINK_NOFOLLOW) = 0
20913 1783913095.158498 newfstatat(AT_FDCWD, "/data/app", {st_mode=S_IFDIR|0771, st_size=4096, ...}, AT_SYMLINK_NOFOLLOW) = 0
20913 1783913095.158820 newfstatat(AT_FDCWD, "/data/app/app.fedilab.mobilizon-tSS-2uy1uu72ZfmwTF2agQ==", {st_mode=S_IFDIR|0775, st_size=4096, ...}, AT_SYMLINK_NOFOLLOW) = 0
20913 1783913095.159134 newfstatat(AT_FDCWD, "/data/app/app.fedilab.mobilizon-tSS-2uy1uu72ZfmwTF2agQ==/base.apk", {st_mode=S_IFREG|0644, st_size=3037446, ...}, AT_SYMLINK_NOFOLLOW) = 0
20913 1783913095.159466 getcwd("/", 4096) = 2
20913 1783913095.159773 newfstatat(AT_FDCWD, "/base.apk", 0x7d86e50690, AT_SYMLINK_NOFOLLOW) = -1 ENOENT (No such file or directory)
20952 1783913096.861062 recvmsg(110, {msg_name=NULL, msg_namelen=0, msg_iov=[{iov_base="\260\16\0\0\0\0\0\0\5\0\0\0\0\0\0\0\0\0\0\0\0\0\0\0\r\243x\270\274\246\245\263"..., iov_len=4096}], msg_iovlen=1, msg_controllen=0, msg_flags=0}, MSG_DONTWAIT) = 3760
20952 1783913097.884239 recvmsg(110, {msg_name=NULL, msg_namelen=0, msg_iov=[{iov_base="\370\2\0\0\0\0\0\0\5\0\0\0\0\0\0\0\0\0\0\0\0\0\0\0\r\243x\270\274\246\245\263"..., iov_len=4096}], msg_iovlen=1, msg_controllen=0, msg_flags=0}, MSG_DONTWAIT) = 760
20951 1783913100.224743 openat(AT_FDCWD, "/data/user/0/app.fedilab.mobilizon/app_webview/.com.google.Chrome.jKuwrn", O_RDWR|O_CREAT|O_EXCL, 0600) = 132
20948 1783913100.225707 openat(AT_FDCWD, "/data/user/0/app.fedilab.mobilizon/app_webview/BrowserMetrics-spare.pma.tmp", O_RDWR|O_CREAT|O_TRUNC, 0600) = 167
20951 1783913100.228426 renameat(AT_FDCWD, "/data/user/0/app.fedilab.mobilizon/app_webview/.com.google.Chrome.jKuwrn", AT_FDCWD, "/data/user/0/app.fedilab.mobilizon/app_webview/pref_store") = 0
20948 1783913100.540085 renameat(AT_FDCWD, "/data/user/0/app.fedilab.mobilizon/app_webview/BrowserMetrics-spare.pma.tmp", AT_FDCWD, "/data/user/0/app.fedilab.mobilizon/app_webview/BrowserMetrics-spare.pma") = 0
20952 1783913100.714847 recvmsg(110, {msg_name=NULL, msg_namelen=0, msg_iov=[{iov_base="h\2\0\0\0\0\0\0\5\0\0\0\0\0\0\0\0\0\0\0\0\0\0\0&\314\220N\201XcQ"..., iov_len=4096}], msg_iovlen=1, msg_controllen=0, msg_flags=0}, MSG_DONTWAIT) = 616
21004 1783913105.029517 sendmsg(177, {msg_name=NULL, msg_namelen=0, msg_iov=[{iov_base="l\1\1\1\374\0\0\0[\0\0\0\235\0\0\0\1\1o\0;\0\0\0/re/frid"..., iov_len=428}], msg_iovlen=1, msg_controllen=0, msg_flags=0}, MSG_NOSIGNAL) = 428
21004 1783913105.391074 sendmsg(177, {msg_name=NULL, msg_namelen=0, msg_iov=[{iov_base="l\1\1\1\374\0\0\0\\\0\0\0\235\0\0\0\1\1o\0;\0\0\0/re/frid"..., iov_len=428}], msg_iovlen=1, msg_controllen=0, msg_flags=0}, MSG_NOSIGNAL) = 428
21004 1783913106.048566 sendmsg(177, {msg_name=NULL, msg_namelen=0, msg_iov=[{iov_base="l\1\1\1\374\0\0\0]\0\0\0\235\0\0\0\1\1o\0;\0\0\0/re/frid"..., iov_len=428}], msg_iovlen=1, msg_controllen=0, msg_flags=0}, MSG_NOSIGNAL) = 428
21004 1783913106.061192 sendmsg(177, {msg_name=NULL, msg_namelen=0, msg_iov=[{iov_base="l\1\1\1\374\0\0\0^\0\0\0\235\0\0\0\1\1o\0;\0\0\0/re/frid"..., iov_len=428}], msg_iovlen=1, msg_controllen=0, msg_flags=0}, MSG_NOSIGNAL) = 428
21004 1783913106.065228 sendmsg(177, {msg_name=NULL, msg_namelen=0, msg_iov=[{iov_base="l\1\1\1\374\0\0\0_\0\0\0\235\0\0\0\1\1o\0;\0\0\0/re/frid"..., iov_len=428}], msg_iovlen=1, msg_controllen=0, msg_flags=0}, MSG_NOSIGNAL) = 428
21004 1783913106.068278 sendmsg(177, {msg_name=NULL, msg_namelen=0, msg_iov=[{iov_base="l\1\1\1\374\0\0\0`\0\0\0\235\0\0\0\1\1o\0;\0\0\0/re/frid"..., iov_len=428}], msg_iovlen=1, msg_controllen=0, msg_flags=0}, MSG_NOSIGNAL) = 428
21004 1783913106.071957 sendmsg(177, {msg_name=NULL, msg_namelen=0, msg_iov=[{iov_base="l\1\1\1\374\0\0\0a\0\0\0\235\0\0\0\1\1o\0;\0\0\0/re/frid"..., iov_len=428}], msg_iovlen=1, msg_controllen=0, msg_flags=0}, MSG_NOSIGNAL) = 428
21004 1783913106.075615 sendmsg(177, {msg_name=NULL, msg_namelen=0, msg_iov=[{iov_base="l\1\1\1\374\0\0\0b\0\0\0\235\0\0\0\1\1o\0;\0\0\0/re/frid"..., iov_len=428}], msg_iovlen=1, msg_controllen=0, msg_flags=0}, MSG_NOSIGNAL) = 428
21004 1783913106.076891 sendmsg(177, {msg_name=NULL, msg_namelen=0, msg_iov=[{iov_base="l\1\1\1\374\0\0\0c\0\0\0\235\0\0\0\1\1o\0;\0\0\0/re/frid"..., iov_len=428}], msg_iovlen=1, msg_controllen=0, msg_flags=0}, MSG_NOSIGNAL) = 428
21004 1783913106.081726 sendmsg(177, {msg_name=NULL, msg_namelen=0, msg_iov=[{iov_base="l\1\1\1\374\0\0\0d\0\0\0\235\0\0\0\1\1o\0;\0\0\0/re/frid"..., iov_len=428}], msg_iovlen=1, msg_controllen=0, msg_flags=0}, MSG_NOSIGNAL) = 428
21004 1783913106.083948 sendmsg(177, {msg_name=NULL, msg_namelen=0, msg_iov=[{iov_base="l\1\1\1\374\0\0\0e\0\0\0\235\0\0\0\1\1o\0;\0\0\0/re/frid"..., iov_len=428}], msg_iovlen=1, msg_controllen=0, msg_flags=0}, MSG_NOSIGNAL) = 428
21004 1783913106.086714 sendmsg(177, {msg_name=NULL, msg_namelen=0, msg_iov=[{iov_base="l\1\1\1\374\0\0\0f\0\0\0\235\0\0\0\1\1o\0;\0\0\0/re/frid"..., iov_len=428}], msg_iovlen=1, msg_controllen=0, msg_flags=0}, MSG_NOSIGNAL) = 428
21004 1783913106.088904 sendmsg(177, {msg_name=NULL, msg_namelen=0, msg_iov=[{iov_base="l\1\1\1\374\0\0\0g\0\0\0\235\0\0\0\1\1o\0;\0\0\0/re/frid"..., iov_len=428}], msg_iovlen=1, msg_controllen=0, msg_flags=0}, MSG_NOSIGNAL) = 428
21004 1783913106.091822 sendmsg(177, {msg_name=NULL, msg_namelen=0, msg_iov=[{iov_base="l\1\1\1\374\0\0\0h\0\0\0\235\0\0\0\1\1o\0;\0\0\0/re/frid"..., iov_len=428}], msg_iovlen=1, msg_controllen=0, msg_flags=0}, MSG_NOSIGNAL) = 428
21004 1783913106.093641 sendmsg(177, {msg_name=NULL, msg_namelen=0, msg_iov=[{iov_base="l\1\1\1\374\0\0\0i\0\0\0\235\0\0\0\1\1o\0;\0\0\0/re/frid"..., iov_len=428}], msg_iovlen=1, msg_controllen=0, msg_flags=0}, MSG_NOSIGNAL) = 428
21004 1783913106.096291 sendmsg(177, {msg_name=NULL, msg_namelen=0, msg_iov=[{iov_base="l\1\1\1\374\0\0\0j\0\0\0\235\0\0\0\1\1o\0;\0\0\0/re/frid"..., iov_len=428}], msg_iovlen=1, msg_controllen=0, msg_flags=0}, MSG_NOSIGNAL) = 428
21004 1783913106.098986 sendmsg(177, {msg_name=NULL, msg_namelen=0, msg_iov=[{iov_base="l\1\1\1\374\0\0\0k\0\0\0\235\0\0\0\1\1o\0;\0\0\0/re/frid"..., iov_len=428}], msg_iovlen=1, msg_controllen=0, msg_flags=0}, MSG_NOSIGNAL) = 428
21004 1783913106.100556 sendmsg(177, {msg_name=NULL, msg_namelen=0, msg_iov=[{iov_base="l\1\1\1\374\0\0\0l\0\0\0\235\0\0\0\1\1o\0;\0\0\0/re/frid"..., iov_len=428}], msg_iovlen=1, msg_controllen=0, msg_flags=0}, MSG_NOSIGNAL) = 428
21004 1783913106.104032 sendmsg(177, {msg_name=NULL, msg_namelen=0, msg_iov=[{iov_base="l\1\1\1\374\0\0\0m\0\0\0\235\0\0\0\1\1o\0;\0\0\0/re/frid"..., iov_len=428}], msg_iovlen=1, msg_controllen=0, msg_flags=0}, MSG_NOSIGNAL) = 428
21004 1783913106.106847 sendmsg(177, {msg_name=NULL, msg_namelen=0, msg_iov=[{iov_base="l\1\1\1\374\0\0\0n\0\0\0\235\0\0\0\1\1o\0;\0\0\0/re/frid"..., iov_len=428}], msg_iovlen=1, msg_controllen=0, msg_flags=0}, MSG_NOSIGNAL) = 428
21004 1783913106.109430 sendmsg(177, {msg_name=NULL, msg_namelen=0, msg_iov=[{iov_base="l\1\1\1\374\0\0\0o\0\0\0\235\0\0\0\1\1o\0;\0\0\0/re/frid"..., iov_len=428}], msg_iovlen=1, msg_controllen=0, msg_flags=0}, MSG_NOSIGNAL) = 428
21004 1783913106.111230 sendmsg(177, {msg_name=NULL, msg_namelen=0, msg_iov=[{iov_base="l\1\1\1\374\0\0\0p\0\0\0\235\0\0\0\1\1o\0;\0\0\0/re/frid"..., iov_len=428}], msg_iovlen=1, msg_controllen=0, msg_flags=0}, MSG_NOSIGNAL) = 428
21004 1783913106.112592 sendmsg(177, {msg_name=NULL, msg_namelen=0, msg_iov=[{iov_base="l\1\1\1\374\0\0\0q\0\0\0\235\0\0\0\1\1o\0;\0\0\0/re/frid"..., iov_len=428}], msg_iovlen=1, msg_controllen=0, msg_flags=0}, MSG_NOSIGNAL) = 428
21004 1783913106.115253 sendmsg(177, {msg_name=NULL, msg_namelen=0, msg_iov=[{iov_base="l\1\1\1\374\0\0\0r\0\0\0\235\0\0\0\1\1o\0;\0\0\0/re/frid"..., iov_len=428}], msg_iovlen=1, msg_controllen=0, msg_flags=0}, MSG_NOSIGNAL) = 428
21004 1783913106.117081 sendmsg(177, {msg_name=NULL, msg_namelen=0, msg_iov=[{iov_base="l\1\1\1\374\0\0\0s\0\0\0\235\0\0\0\1\1o\0;\0\0\0/re/frid"..., iov_len=428}], msg_iovlen=1, msg_controllen=0, msg_flags=0}, MSG_NOSIGNAL) = 428
21004 1783913106.118200 sendmsg(177, {msg_name=NULL, msg_namelen=0, msg_iov=[{iov_base="l\1\1\1\374\0\0\0t\0\0\0\235\0\0\0\1\1o\0;\0\0\0/re/frid"..., iov_len=428}], msg_iovlen=1, msg_controllen=0, msg_flags=0}, MSG_NOSIGNAL) = 428
21004 1783913106.120223 sendmsg(177, {msg_name=NULL, msg_namelen=0, msg_iov=[{iov_base="l\1\1\1\374\0\0\0u\0\0\0\235\0\0\0\1\1o\0;\0\0\0/re/frid"..., iov_len=428}], msg_iovlen=1, msg_controllen=0, msg_flags=0}, MSG_NOSIGNAL) = 428
21004 1783913106.123069 sendmsg(177, {msg_name=NULL, msg_namelen=0, msg_iov=[{iov_base="l\1\1\1\374\0\0\0v\0\0\0\235\0\0\0\1\1o\0;\0\0\0/re/frid"..., iov_len=428}], msg_iovlen=1, msg_controllen=0, msg_flags=0}, MSG_NOSIGNAL) = 428
21004 1783913106.125496 sendmsg(177, {msg_name=NULL, msg_namelen=0, msg_iov=[{iov_base="l\1\1\1\374\0\0\0w\0\0\0\235\0\0\0\1\1o\0;\0\0\0/re/frid"..., iov_len=428}], msg_iovlen=1, msg_controllen=0, msg_flags=0}, MSG_NOSIGNAL) = 428
21004 1783913106.129375 sendmsg(177, {msg_name=NULL, msg_namelen=0, msg_iov=[{iov_base="l\1\1\1\374\0\0\0x\0\0\0\235\0\0\0\1\1o\0;\0\0\0/re/frid"..., iov_len=428}], msg_iovlen=1, msg_controllen=0, msg_flags=0}, MSG_NOSIGNAL) = 428
21004 1783913106.131475 sendmsg(177, {msg_name=NULL, msg_namelen=0, msg_iov=[{iov_base="l\1\1\1\374\0\0\0y\0\0\0\235\0\0\0\1\1o\0;\0\0\0/re/frid"..., iov_len=428}], msg_iovlen=1, msg_controllen=0, msg_flags=0}, MSG_NOSIGNAL) = 428
21004 1783913106.134856 sendmsg(177, {msg_name=NULL, msg_namelen=0, msg_iov=[{iov_base="l\1\1\1\374\0\0\0z\0\0\0\235\0\0\0\1\1o\0;\0\0\0/re/frid"..., iov_len=428}], msg_iovlen=1, msg_controllen=0, msg_flags=0}, MSG_NOSIGNAL) = 428
21004 1783913106.137453 sendmsg(177, {msg_name=NULL, msg_namelen=0, msg_iov=[{iov_base="l\1\1\1\374\0\0\0{\0\0\0\235\0\0\0\1\1o\0;\0\0\0/re/frid"..., iov_len=428}], msg_iovlen=1, msg_controllen=0, msg_flags=0}, MSG_NOSIGNAL) = 428
21004 1783913106.139037 sendmsg(177, {msg_name=NULL, msg_namelen=0, msg_iov=[{iov_base="l\1\1\1\374\0\0\0|\0\0\0\235\0\0\0\1\1o\0;\0\0\0/re/frid"..., iov_len=428}], msg_iovlen=1, msg_controllen=0, msg_flags=0}, MSG_NOSIGNAL) = 428
21004 1783913106.142136 sendmsg(177, {msg_name=NULL, msg_namelen=0, msg_iov=[{iov_base="l\1\1\1\374\0\0\0}\0\0\0\235\0\0\0\1\1o\0;\0\0\0/re/frid"..., iov_len=428}], msg_iovlen=1, msg_controllen=0, msg_flags=0}, MSG_NOSIGNAL) = 428
21004 1783913106.144594 sendmsg(177, {msg_name=NULL, msg_namelen=0, msg_iov=[{iov_base="l\1\1\1\374\0\0\0~\0\0\0\235\0\0\0\1\1o\0;\0\0\0/re/frid"..., iov_len=428}], msg_iovlen=1, msg_controllen=0, msg_flags=0}, MSG_NOSIGNAL) = 428
21004 1783913106.147703 sendmsg(177, {msg_name=NULL, msg_namelen=0, msg_iov=[{iov_base="l\1\1\1\374\0\0\0\177\0\0\0\235\0\0\0\1\1o\0;\0\0\0/re/frid"..., iov_len=428}], msg_iovlen=1, msg_controllen=0, msg_flags=0}, MSG_NOSIGNAL) = 428
21004 1783913106.150327 sendmsg(177, {msg_name=NULL, msg_namelen=0, msg_iov=[{iov_base="l\1\1\1\374\0\0\0\200\0\0\0\235\0\0\0\1\1o\0;\0\0\0/re/frid"..., iov_len=428}], msg_iovlen=1, msg_controllen=0, msg_flags=0}, MSG_NOSIGNAL) = 428
21004 1783913106.153249 sendmsg(177, {msg_name=NULL, msg_namelen=0, msg_iov=[{iov_base="l\1\1\1\374\0\0\0\201\0\0\0\235\0\0\0\1\1o\0;\0\0\0/re/frid"..., iov_len=428}], msg_iovlen=1, msg_controllen=0, msg_flags=0}, MSG_NOSIGNAL) = 428
21004 1783913106.156100 sendmsg(177, {msg_name=NULL, msg_namelen=0, msg_iov=[{iov_base="l\1\1\1\374\0\0\0\202\0\0\0\235\0\0\0\1\1o\0;\0\0\0/re/frid"..., iov_len=428}], msg_iovlen=1, msg_controllen=0, msg_flags=0}, MSG_NOSIGNAL) = 428
21004 1783913106.159293 sendmsg(177, {msg_name=NULL, msg_namelen=0, msg_iov=[{iov_base="l\1\1\1\374\0\0\0\203\0\0\0\235\0\0\0\1\1o\0;\0\0\0/re/frid"..., iov_len=428}], msg_iovlen=1, msg_controllen=0, msg_flags=0}, MSG_NOSIGNAL) = 428
21004 1783913106.161276 sendmsg(177, {msg_name=NULL, msg_namelen=0, msg_iov=[{iov_base="l\1\1\1\374\0\0\0\204\0\0\0\235\0\0\0\1\1o\0;\0\0\0/re/frid"..., iov_len=428}], msg_iovlen=1, msg_controllen=0, msg_flags=0}, MSG_NOSIGNAL) = 428
21004 1783913106.163984 sendmsg(177, {msg_name=NULL, msg_namelen=0, msg_iov=[{iov_base="l\1\1\1\374\0\0\0\205\0\0\0\235\0\0\0\1\1o\0;\0\0\0/re/frid"..., iov_len=428}], msg_iovlen=1, msg_controllen=0, msg_flags=0}, MSG_NOSIGNAL) = 428
21004 1783913106.166164 sendmsg(177, {msg_name=NULL, msg_namelen=0, msg_iov=[{iov_base="l\1\1\1\374\0\0\0\206\0\0\0\235\0\0\0\1\1o\0;\0\0\0/re/frid"..., iov_len=428}], msg_iovlen=1, msg_controllen=0, msg_flags=0}, MSG_NOSIGNAL) = 428
21004 1783913106.168287 sendmsg(177, {msg_name=NULL, msg_namelen=0, msg_iov=[{iov_base="l\1\1\1\374\0\0\0\207\0\0\0\235\0\0\0\1\1o\0;\0\0\0/re/frid"..., iov_len=428}], msg_iovlen=1, msg_controllen=0, msg_flags=0}, MSG_NOSIGNAL) = 428
21004 1783913106.171135 sendmsg(177, {msg_name=NULL, msg_namelen=0, msg_iov=[{iov_base="l\1\1\1\374\0\0\0\210\0\0\0\235\0\0\0\1\1o\0;\0\0\0/re/frid"..., iov_len=428}], msg_iovlen=1, msg_controllen=0, msg_flags=0}, MSG_NOSIGNAL) = 428
21004 1783913106.172357 sendmsg(177, {msg_name=NULL, msg_namelen=0, msg_iov=[{iov_base="l\1\1\1\374\0\0\0\211\0\0\0\235\0\0\0\1\1o\0;\0\0\0/re/frid"..., iov_len=428}], msg_iovlen=1, msg_controllen=0, msg_flags=0}, MSG_NOSIGNAL) = 428
21004 1783913106.174691 sendmsg(177, {msg_name=NULL, msg_namelen=0, msg_iov=[{iov_base="l\1\1\1\374\0\0\0\212\0\0\0\235\0\0\0\1\1o\0;\0\0\0/re/frid"..., iov_len=428}], msg_iovlen=1, msg_controllen=0, msg_flags=0}, MSG_NOSIGNAL) = 428
21004 1783913106.176518 sendmsg(177, {msg_name=NULL, msg_namelen=0, msg_iov=[{iov_base="l\1\1\1\374\0\0\0\213\0\0\0\235\0\0\0\1\1o\0;\0\0\0/re/frid"..., iov_len=428}], msg_iovlen=1, msg_controllen=0, msg_flags=0}, MSG_NOSIGNAL) = 428
21004 1783913106.178290 sendmsg(177, {msg_name=NULL, msg_namelen=0, msg_iov=[{iov_base="l\1\1\1\374\0\0\0\214\0\0\0\235\0\0\0\1\1o\0;\0\0\0/re/frid"..., iov_len=428}], msg_iovlen=1, msg_controllen=0, msg_flags=0}, MSG_NOSIGNAL) = 428
21004 1783913106.183648 sendmsg(177, {msg_name=NULL, msg_namelen=0, msg_iov=[{iov_base="l\1\1\1\374\0\0\0\215\0\0\0\235\0\0\0\1\1o\0;\0\0\0/re/frid"..., iov_len=428}], msg_iovlen=1, msg_controllen=0, msg_flags=0}, MSG_NOSIGNAL) = 428
21004 1783913106.185251 sendmsg(177, {msg_name=NULL, msg_namelen=0, msg_iov=[{iov_base="l\1\1\1\374\0\0\0\216\0\0\0\235\0\0\0\1\1o\0;\0\0\0/re/frid"..., iov_len=428}], msg_iovlen=1, msg_controllen=0, msg_flags=0}, MSG_NOSIGNAL) = 428
21004 1783913106.187501 sendmsg(177, {msg_name=NULL, msg_namelen=0, msg_iov=[{iov_base="l\1\1\1\374\0\0\0\217\0\0\0\235\0\0\0\1\1o\0;\0\0\0/re/frid"..., iov_len=428}], msg_iovlen=1, msg_controllen=0, msg_flags=0}, MSG_NOSIGNAL) = 428
21004 1783913106.189917 sendmsg(177, {msg_name=NULL, msg_namelen=0, msg_iov=[{iov_base="l\1\1\1\374\0\0\0\220\0\0\0\235\0\0\0\1\1o\0;\0\0\0/re/frid"..., iov_len=428}], msg_iovlen=1, msg_controllen=0, msg_flags=0}, MSG_NOSIGNAL) = 428
21004 1783913106.191471 sendmsg(177, {msg_name=NULL, msg_namelen=0, msg_iov=[{iov_base="l\1\1\1\374\0\0\0\221\0\0\0\235\0\0\0\1\1o\0;\0\0\0/re/frid"..., iov_len=428}], msg_iovlen=1, msg_controllen=0, msg_flags=0}, MSG_NOSIGNAL) = 428
21004 1783913106.193019 sendmsg(177, {msg_name=NULL, msg_namelen=0, msg_iov=[{iov_base="l\1\1\1\374\0\0\0\222\0\0\0\235\0\0\0\1\1o\0;\0\0\0/re/frid"..., iov_len=428}], msg_iovlen=1, msg_controllen=0, msg_flags=0}, MSG_NOSIGNAL) = 428
21004 1783913106.195434 sendmsg(177, {msg_name=NULL, msg_namelen=0, msg_iov=[{iov_base="l\1\1\1\374\0\0\0\223\0\0\0\235\0\0\0\1\1o\0;\0\0\0/re/frid"..., iov_len=428}], msg_iovlen=1, msg_controllen=0, msg_flags=0}, MSG_NOSIGNAL) = 428
21004 1783913106.197324 sendmsg(177, {msg_name=NULL, msg_namelen=0, msg_iov=[{iov_base="l\1\1\1\374\0\0\0\224\0\0\0\235\0\0\0\1\1o\0;\0\0\0/re/frid"..., iov_len=428}], msg_iovlen=1, msg_controllen=0, msg_flags=0}, MSG_NOSIGNAL) = 428
21004 1783913106.199408 sendmsg(177, {msg_name=NULL, msg_namelen=0, msg_iov=[{iov_base="l\1\1\1\374\0\0\0\225\0\0\0\235\0\0\0\1\1o\0;\0\0\0/re/frid"..., iov_len=428}], msg_iovlen=1, msg_controllen=0, msg_flags=0}, MSG_NOSIGNAL) = 428
21004 1783913106.200653 sendmsg(177, {msg_name=NULL, msg_namelen=0, msg_iov=[{iov_base="l\1\1\1\374\0\0\0\226\0\0\0\235\0\0\0\1\1o\0;\0\0\0/re/frid"..., iov_len=428}], msg_iovlen=1, msg_controllen=0, msg_flags=0}, MSG_NOSIGNAL) = 428
21004 1783913106.203154 sendmsg(177, {msg_name=NULL, msg_namelen=0, msg_iov=[{iov_base="l\1\1\1\374\0\0\0\227\0\0\0\235\0\0\0\1\1o\0;\0\0\0/re/frid"..., iov_len=428}], msg_iovlen=1, msg_controllen=0, msg_flags=0}, MSG_NOSIGNAL) = 428
21004 1783913106.204956 sendmsg(177, {msg_name=NULL, msg_namelen=0, msg_iov=[{iov_base="l\1\1\1\374\0\0\0\230\0\0\0\235\0\0\0\1\1o\0;\0\0\0/re/frid"..., iov_len=428}], msg_iovlen=1, msg_controllen=0, msg_flags=0}, MSG_NOSIGNAL) = 428
21004 1783913106.207577 sendmsg(177, {msg_name=NULL, msg_namelen=0, msg_iov=[{iov_base="l\1\1\1\374\0\0\0\231\0\0\0\235\0\0\0\1\1o\0;\0\0\0/re/frid"..., iov_len=428}], msg_iovlen=1, msg_controllen=0, msg_flags=0}, MSG_NOSIGNAL) = 428
21004 1783913106.209032 sendmsg(177, {msg_name=NULL, msg_namelen=0, msg_iov=[{iov_base="l\1\1\1\374\0\0\0\232\0\0\0\235\0\0\0\1\1o\0;\0\0\0/re/frid"..., iov_len=428}], msg_iovlen=1, msg_controllen=0, msg_flags=0}, MSG_NOSIGNAL) = 428
21004 1783913106.211129 sendmsg(177, {msg_name=NULL, msg_namelen=0, msg_iov=[{iov_base="l\1\1\1\374\0\0\0\233\0\0\0\235\0\0\0\1\1o\0;\0\0\0/re/frid"..., iov_len=428}], msg_iovlen=1, msg_controllen=0, msg_flags=0}, MSG_NOSIGNAL) = 428
21004 1783913106.213314 sendmsg(177, {msg_name=NULL, msg_namelen=0, msg_iov=[{iov_base="l\1\1\1\374\0\0\0\234\0\0\0\235\0\0\0\1\1o\0;\0\0\0/re/frid"..., iov_len=428}], msg_iovlen=1, msg_controllen=0, msg_flags=0}, MSG_NOSIGNAL) = 428
21004 1783913106.216113 sendmsg(177, {msg_name=NULL, msg_namelen=0, msg_iov=[{iov_base="l\1\1\1\374\0\0\0\235\0\0\0\235\0\0\0\1\1o\0;\0\0\0/re/frid"..., iov_len=428}], msg_iovlen=1, msg_controllen=0, msg_flags=0}, MSG_NOSIGNAL) = 428
21004 1783913106.217592 sendmsg(177, {msg_name=NULL, msg_namelen=0, msg_iov=[{iov_base="l\1\1\1\374\0\0\0\236\0\0\0\235\0\0\0\1\1o\0;\0\0\0/re/frid"..., iov_len=428}], msg_iovlen=1, msg_controllen=0, msg_flags=0}, MSG_NOSIGNAL) = 428
21004 1783913106.220473 sendmsg(177, {msg_name=NULL, msg_namelen=0, msg_iov=[{iov_base="l\1\1\1\374\0\0\0\237\0\0\0\235\0\0\0\1\1o\0;\0\0\0/re/frid"..., iov_len=428}], msg_iovlen=1, msg_controllen=0, msg_flags=0}, MSG_NOSIGNAL) = 428
21004 1783913106.222662 sendmsg(177, {msg_name=NULL, msg_namelen=0, msg_iov=[{iov_base="l\1\1\1\374\0\0\0\240\0\0\0\235\0\0\0\1\1o\0;\0\0\0/re/frid"..., iov_len=428}], msg_iovlen=1, msg_controllen=0, msg_flags=0}, MSG_NOSIGNAL) = 428
21004 1783913106.224801 sendmsg(177, {msg_name=NULL, msg_namelen=0, msg_iov=[{iov_base="l\1\1\1\374\0\0\0\241\0\0\0\235\0\0\0\1\1o\0;\0\0\0/re/frid"..., iov_len=428}], msg_iovlen=1, msg_controllen=0, msg_flags=0}, MSG_NOSIGNAL) = 428
21004 1783913106.225994 sendmsg(177, {msg_name=NULL, msg_namelen=0, msg_iov=[{iov_base="l\1\1\1\374\0\0\0\242\0\0\0\235\0\0\0\1\1o\0;\0\0\0/re/frid"..., iov_len=428}], msg_iovlen=1, msg_controllen=0, msg_flags=0}, MSG_NOSIGNAL) = 428
21004 1783913106.228525 sendmsg(177, {msg_name=NULL, msg_namelen=0, msg_iov=[{iov_base="l\1\1\1\374\0\0\0\243\0\0\0\235\0\0\0\1\1o\0;\0\0\0/re/frid"..., iov_len=428}], msg_iovlen=1, msg_controllen=0, msg_flags=0}, MSG_NOSIGNAL) = 428
21004 1783913106.232426 sendmsg(177, {msg_name=NULL, msg_namelen=0, msg_iov=[{iov_base="l\1\1\1\374\0\0\0\244\0\0\0\235\0\0\0\1\1o\0;\0\0\0/re/frid"..., iov_len=428}], msg_iovlen=1, msg_controllen=0, msg_flags=0}, MSG_NOSIGNAL) = 428
21004 1783913106.233702 sendmsg(177, {msg_name=NULL, msg_namelen=0, msg_iov=[{iov_base="l\1\1\1\374\0\0\0\245\0\0\0\235\0\0\0\1\1o\0;\0\0\0/re/frid"..., iov_len=428}], msg_iovlen=1, msg_controllen=0, msg_flags=0}, MSG_NOSIGNAL) = 428
21004 1783913106.237090 sendmsg(177, {msg_name=NULL, msg_namelen=0, msg_iov=[{iov_base="l\1\1\1\374\0\0\0\246\0\0\0\235\0\0\0\1\1o\0;\0\0\0/re/frid"..., iov_len=428}], msg_iovlen=1, msg_controllen=0, msg_flags=0}, MSG_NOSIGNAL) = 428
21004 1783913106.238418 sendmsg(177, {msg_name=NULL, msg_namelen=0, msg_iov=[{iov_base="l\1\1\1\374\0\0\0\247\0\0\0\235\0\0\0\1\1o\0;\0\0\0/re/frid"..., iov_len=428}], msg_iovlen=1, msg_controllen=0, msg_flags=0}, MSG_NOSIGNAL) = 428
21004 1783913106.240335 sendmsg(177, {msg_name=NULL, msg_namelen=0, msg_iov=[{iov_base="l\1\1\1\374\0\0\0\250\0\0\0\235\0\0\0\1\1o\0;\0\0\0/re/frid"..., iov_len=428}], msg_iovlen=1, msg_controllen=0, msg_flags=0}, MSG_NOSIGNAL) = 428
21004 1783913106.242599 sendmsg(177, {msg_name=NULL, msg_namelen=0, msg_iov=[{iov_base="l\1\1\1\374\0\0\0\251\0\0\0\235\0\0\0\1\1o\0;\0\0\0/re/frid"..., iov_len=428}], msg_iovlen=1, msg_controllen=0, msg_flags=0}, MSG_NOSIGNAL) = 428
21004 1783913106.244830 sendmsg(177, {msg_name=NULL, msg_namelen=0, msg_iov=[{iov_base="l\1\1\1\374\0\0\0\252\0\0\0\235\0\0\0\1\1o\0;\0\0\0/re/frid"..., iov_len=428}], msg_iovlen=1, msg_controllen=0, msg_flags=0}, MSG_NOSIGNAL) = 428
21004 1783913106.245998 sendmsg(177, {msg_name=NULL, msg_namelen=0, msg_iov=[{iov_base="l\1\1\1\374\0\0\0\253\0\0\0\235\0\0\0\1\1o\0;\0\0\0/re/frid"..., iov_len=428}], msg_iovlen=1, msg_controllen=0, msg_flags=0}, MSG_NOSIGNAL) = 428
21004 1783913106.247135 sendmsg(177, {msg_name=NULL, msg_namelen=0, msg_iov=[{iov_base="l\1\1\1\374\0\0\0\254\0\0\0\235\0\0\0\1\1o\0;\0\0\0/re/frid"..., iov_len=428}], msg_iovlen=1, msg_controllen=0, msg_flags=0}, MSG_NOSIGNAL) = 428
21004 1783913106.248411 sendmsg(177, {msg_name=NULL, msg_namelen=0, msg_iov=[{iov_base="l\1\1\1\374\0\0\0\255\0\0\0\235\0\0\0\1\1o\0;\0\0\0/re/frid"..., iov_len=428}], msg_iovlen=1, msg_controllen=0, msg_flags=0}, MSG_NOSIGNAL) = 428
21004 1783913106.253107 sendmsg(177, {msg_name=NULL, msg_namelen=0, msg_iov=[{iov_base="l\1\1\1\374\0\0\0\256\0\0\0\235\0\0\0\1\1o\0;\0\0\0/re/frid"..., iov_len=428}], msg_iovlen=1, msg_controllen=0, msg_flags=0}, MSG_NOSIGNAL) = 428
21004 1783913106.254334 sendmsg(177, {msg_name=NULL, msg_namelen=0, msg_iov=[{iov_base="l\1\1\1\374\0\0\0\257\0\0\0\235\0\0\0\1\1o\0;\0\0\0/re/frid"..., iov_len=428}], msg_iovlen=1, msg_controllen=0, msg_flags=0}, MSG_NOSIGNAL) = 428
21004 1783913106.256512 sendmsg(177, {msg_name=NULL, msg_namelen=0, msg_iov=[{iov_base="l\1\1\1\374\0\0\0\260\0\0\0\235\0\0\0\1\1o\0;\0\0\0/re/frid"..., iov_len=428}], msg_iovlen=1, msg_controllen=0, msg_flags=0}, MSG_NOSIGNAL) = 428
21004 1783913106.257528 sendmsg(177, {msg_name=NULL, msg_namelen=0, msg_iov=[{iov_base="l\1\1\1\374\0\0\0\261\0\0\0\235\0\0\0\1\1o\0;\0\0\0/re/frid"..., iov_len=428}], msg_iovlen=1, msg_controllen=0, msg_flags=0}, MSG_NOSIGNAL) = 428
21004 1783913106.259408 sendmsg(177, {msg_name=NULL, msg_namelen=0, msg_iov=[{iov_base="l\1\1\1\374\0\0\0\262\0\0\0\235\0\0\0\1\1o\0;\0\0\0/re/frid"..., iov_len=428}], msg_iovlen=1, msg_controllen=0, msg_flags=0}, MSG_NOSIGNAL) = 428
21004 1783913106.260333 sendmsg(177, {msg_name=NULL, msg_namelen=0, msg_iov=[{iov_base="l\1\1\1\374\0\0\0\263\0\0\0\235\0\0\0\1\1o\0;\0\0\0/re/frid"..., iov_len=428}], msg_iovlen=1, msg_controllen=0, msg_flags=0}, MSG_NOSIGNAL) = 428
21004 1783913106.263163 sendmsg(177, {msg_name=NULL, msg_namelen=0, msg_iov=[{iov_base="l\1\1\1\374\0\0\0\264\0\0\0\235\0\0\0\1\1o\0;\0\0\0/re/frid"..., iov_len=428}], msg_iovlen=1, msg_controllen=0, msg_flags=0}, MSG_NOSIGNAL) = 428
21004 1783913106.264484 sendmsg(177, {msg_name=NULL, msg_namelen=0, msg_iov=[{iov_base="l\1\1\1\374\0\0\0\265\0\0\0\235\0\0\0\1\1o\0;\0\0\0/re/frid"..., iov_len=428}], msg_iovlen=1, msg_controllen=0, msg_flags=0}, MSG_NOSIGNAL) = 428
21004 1783913106.266779 sendmsg(177, {msg_name=NULL, msg_namelen=0, msg_iov=[{iov_base="l\1\1\1\374\0\0\0\266\0\0\0\235\0\0\0\1\1o\0;\0\0\0/re/frid"..., iov_len=428}], msg_iovlen=1, msg_controllen=0, msg_flags=0}, MSG_NOSIGNAL) = 428
21004 1783913106.268739 sendmsg(177, {msg_name=NULL, msg_namelen=0, msg_iov=[{iov_base="l\1\1\1\374\0\0\0\267\0\0\0\235\0\0\0\1\1o\0;\0\0\0/re/frid"..., iov_len=428}], msg_iovlen=1, msg_controllen=0, msg_flags=0}, MSG_NOSIGNAL) = 428
21004 1783913106.269875 sendmsg(177, {msg_name=NULL, msg_namelen=0, msg_iov=[{iov_base="l\1\1\1\374\0\0\0\270\0\0\0\235\0\0\0\1\1o\0;\0\0\0/re/frid"..., iov_len=428}], msg_iovlen=1, msg_controllen=0, msg_flags=0}, MSG_NOSIGNAL) = 428
21004 1783913106.272383 sendmsg(177, {msg_name=NULL, msg_namelen=0, msg_iov=[{iov_base="l\1\1\1\374\0\0\0\271\0\0\0\235\0\0\0\1\1o\0;\0\0\0/re/frid"..., iov_len=428}], msg_iovlen=1, msg_controllen=0, msg_flags=0}, MSG_NOSIGNAL) = 428
21004 1783913106.274169 sendmsg(177, {msg_name=NULL, msg_namelen=0, msg_iov=[{iov_base="l\1\1\1\374\0\0\0\272\0\0\0\235\0\0\0\1\1o\0;\0\0\0/re/frid"..., iov_len=428}], msg_iovlen=1, msg_controllen=0, msg_flags=0}, MSG_NOSIGNAL) = 428
21004 1783913106.275529 sendmsg(177, {msg_name=NULL, msg_namelen=0, msg_iov=[{iov_base="l\1\1\1\374\0\0\0\273\0\0\0\235\0\0\0\1\1o\0;\0\0\0/re/frid"..., iov_len=428}], msg_iovlen=1, msg_controllen=0, msg_flags=0}, MSG_NOSIGNAL) = 428
21004 1783913106.276972 sendmsg(177, {msg_name=NULL, msg_namelen=0, msg_iov=[{iov_base="l\1\1\1\374\0\0\0\274\0\0\0\235\0\0\0\1\1o\0;\0\0\0/re/frid"..., iov_len=428}], msg_iovlen=1, msg_controllen=0, msg_flags=0}, MSG_NOSIGNAL) = 428
21004 1783913106.279309 sendmsg(177, {msg_name=NULL, msg_namelen=0, msg_iov=[{iov_base="l\1\1\1\374\0\0\0\275\0\0\0\235\0\0\0\1\1o\0;\0\0\0/re/frid"..., iov_len=428}], msg_iovlen=1, msg_controllen=0, msg_flags=0}, MSG_NOSIGNAL) = 428
21004 1783913106.281431 sendmsg(177, {msg_name=NULL, msg_namelen=0, msg_iov=[{iov_base="l\1\1\1\374\0\0\0\276\0\0\0\235\0\0\0\1\1o\0;\0\0\0/re/frid"..., iov_len=428}], msg_iovlen=1, msg_controllen=0, msg_flags=0}, MSG_NOSIGNAL) = 428
21004 1783913106.283596 sendmsg(177, {msg_name=NULL, msg_namelen=0, msg_iov=[{iov_base="l\1\1\1\374\0\0\0\277\0\0\0\235\0\0\0\1\1o\0;\0\0\0/re/frid"..., iov_len=428}], msg_iovlen=1, msg_controllen=0, msg_flags=0}, MSG_NOSIGNAL) = 428
21004 1783913106.285853 sendmsg(177, {msg_name=NULL, msg_namelen=0, msg_iov=[{iov_base="l\1\1\1\374\0\0\0\300\0\0\0\235\0\0\0\1\1o\0;\0\0\0/re/frid"..., iov_len=428}], msg_iovlen=1, msg_controllen=0, msg_flags=0}, MSG_NOSIGNAL) = 428
21004 1783913106.287726 sendmsg(177, {msg_name=NULL, msg_namelen=0, msg_iov=[{iov_base="l\1\1\1\374\0\0\0\301\0\0\0\235\0\0\0\1\1o\0;\0\0\0/re/frid"..., iov_len=428}], msg_iovlen=1, msg_controllen=0, msg_flags=0}, MSG_NOSIGNAL) = 428
21004 1783913106.289555 sendmsg(177, {msg_name=NULL, msg_namelen=0, msg_iov=[{iov_base="l\1\1\1\374\0\0\0\302\0\0\0\235\0\0\0\1\1o\0;\0\0\0/re/frid"..., iov_len=428}], msg_iovlen=1, msg_controllen=0, msg_flags=0}, MSG_NOSIGNAL) = 428
21004 1783913106.291497 sendmsg(177, {msg_name=NULL, msg_namelen=0, msg_iov=[{iov_base="l\1\1\1\374\0\0\0\303\0\0\0\235\0\0\0\1\1o\0;\0\0\0/re/frid"..., iov_len=428}], msg_iovlen=1, msg_controllen=0, msg_flags=0}, MSG_NOSIGNAL) = 428
21004 1783913106.293421 sendmsg(177, {msg_name=NULL, msg_namelen=0, msg_iov=[{iov_base="l\1\1\1\374\0\0\0\304\0\0\0\235\0\0\0\1\1o\0;\0\0\0/re/frid"..., iov_len=428}], msg_iovlen=1, msg_controllen=0, msg_flags=0}, MSG_NOSIGNAL) = 428
21004 1783913106.295784 sendmsg(177, {msg_name=NULL, msg_namelen=0, msg_iov=[{iov_base="l\1\1\1\374\0\0\0\305\0\0\0\235\0\0\0\1\1o\0;\0\0\0/re/frid"..., iov_len=428}], msg_iovlen=1, msg_controllen=0, msg_flags=0}, MSG_NOSIGNAL) = 428
21004 1783913106.297067 sendmsg(177, {msg_name=NULL, msg_namelen=0, msg_iov=[{iov_base="l\1\1\1\374\0\0\0\306\0\0\0\235\0\0\0\1\1o\0;\0\0\0/re/frid"..., iov_len=428}], msg_iovlen=1, msg_controllen=0, msg_flags=0}, MSG_NOSIGNAL) = 428
21004 1783913106.298515 sendmsg(177, {msg_name=NULL, msg_namelen=0, msg_iov=[{iov_base="l\1\1\1\374\0\0\0\307\0\0\0\235\0\0\0\1\1o\0;\0\0\0/re/frid"..., iov_len=428}], msg_iovlen=1, msg_controllen=0, msg_flags=0}, MSG_NOSIGNAL) = 428
21004 1783913106.300636 sendmsg(177, {msg_name=NULL, msg_namelen=0, msg_iov=[{iov_base="l\1\1\1\374\0\0\0\310\0\0\0\235\0\0\0\1\1o\0;\0\0\0/re/frid"..., iov_len=428}], msg_iovlen=1, msg_controllen=0, msg_flags=0}, MSG_NOSIGNAL) = 428
21004 1783913106.302679 sendmsg(177, {msg_name=NULL, msg_namelen=0, msg_iov=[{iov_base="l\1\1\1\374\0\0\0\311\0\0\0\235\0\0\0\1\1o\0;\0\0\0/re/frid"..., iov_len=428}], msg_iovlen=1, msg_controllen=0, msg_flags=0}, MSG_NOSIGNAL) = 428
21004 1783913106.304333 sendmsg(177, {msg_name=NULL, msg_namelen=0, msg_iov=[{iov_base="l\1\1\1\374\0\0\0\312\0\0\0\235\0\0\0\1\1o\0;\0\0\0/re/frid"..., iov_len=428}], msg_iovlen=1, msg_controllen=0, msg_flags=0}, MSG_NOSIGNAL) = 428
21004 1783913106.305722 sendmsg(177, {msg_name=NULL, msg_namelen=0, msg_iov=[{iov_base="l\1\1\1\374\0\0\0\313\0\0\0\235\0\0\0\1\1o\0;\0\0\0/re/frid"..., iov_len=428}], msg_iovlen=1, msg_controllen=0, msg_flags=0}, MSG_NOSIGNAL) = 428
21004 1783913106.307190 sendmsg(177, {msg_name=NULL, msg_namelen=0, msg_iov=[{iov_base="l\1\1\1\374\0\0\0\314\0\0\0\235\0\0\0\1\1o\0;\0\0\0/re/frid"..., iov_len=428}], msg_iovlen=1, msg_controllen=0, msg_flags=0}, MSG_NOSIGNAL) = 428
21004 1783913106.309890 sendmsg(177, {msg_name=NULL, msg_namelen=0, msg_iov=[{iov_base="l\1\1\1\374\0\0\0\315\0\0\0\235\0\0\0\1\1o\0;\0\0\0/re/frid"..., iov_len=428}], msg_iovlen=1, msg_controllen=0, msg_flags=0}, MSG_NOSIGNAL) = 428
21004 1783913106.314307 sendmsg(177, {msg_name=NULL, msg_namelen=0, msg_iov=[{iov_base="l\1\1\1\374\0\0\0\316\0\0\0\235\0\0\0\1\1o\0;\0\0\0/re/frid"..., iov_len=428}], msg_iovlen=1, msg_controllen=0, msg_flags=0}, MSG_NOSIGNAL) = 428
20909 1783913106.329929 clone(child_stack=0x7d82f2bd40, flags=CLONE_VM|CLONE_FS|CLONE_FILES|CLONE_SIGHAND|CLONE_THREAD|CLONE_SYSVSEM|CLONE_SETTLS|CLONE_PARENT_SETTID|CLONE_CHILD_CLEARTID, parent_tidptr=0x7d82f2bd60, tls=0x7d82f2c020, child_tidptr=0x7d82f2bd60) = 21064
21064 1783913106.332078 openat(AT_FDCWD, "/proc/21064/timerslack_ns", O_WRONLY|O_CREAT|O_TRUNC|O_NOFOLLOW|O_CLOEXEC, 0666) = 132
20892 1783913106.437282 recvfrom(114, "\2\0\0\0\0\0\0\0\201\6\0\0\0\0\0\0@P4\30\220\1\0\0\1\0\0\0\2\20\0\0"..., 2272, MSG_DONTWAIT, NULL, NULL) = 232
20892 1783913106.437641 sendto(114, "\3\0\0\0\0\0\0\0\201\6\0\0\1\0\0\0", 16, MSG_DONTWAIT|MSG_NOSIGNAL, NULL, 0) = 16
20892 1783913106.437669 recvfrom(114, 0x7d0fd84020, 2272, MSG_DONTWAIT, NULL, NULL) = -1 EAGAIN (Try again)
20892 1783913106.437931 recvfrom(114, "\2\0\0\0\0\0\0\0\203\6\0\0\0\0\0\0@P4\30\220\1\0\0\1\0\0\0\2\20\0\0"..., 2272, MSG_DONTWAIT, NULL, NULL) = 232
20892 1783913106.438050 recvfrom(100, 0x7fc3983050, 3200, MSG_DONTWAIT, NULL, NULL) = -1 EAGAIN (Try again)
20892 1783913106.438278 sendto(114, "\3\0\0\0\0\0\0\0\203\6\0\0\1\0\0\0", 16, MSG_DONTWAIT|MSG_NOSIGNAL, NULL, 0) = 16
20892 1783913106.438297 recvfrom(114, 0x7d0fd84020, 2272, MSG_DONTWAIT, NULL, NULL) = -1 EAGAIN (Try again)
20892 1783913106.452464 recvfrom(100, "nysv\0\0\0\0\0\0\0\0\0\0\0\0H\3671\31\220\1\0\0\v\220\1\0\0\0\0\0", 3200, MSG_DONTWAIT, NULL, NULL) = 32
20892 1783913106.452482 recvfrom(100, 0x7fc3986860, 3200, MSG_DONTWAIT, NULL, NULL) = -1 EAGAIN (Try again)
20892 1783913106.452507 recvfrom(114, 0x7d0fd84020, 2272, MSG_DONTWAIT, NULL, NULL) = -1 EAGAIN (Try again)
20892 1783913106.452525 recvfrom(100, 0x7fc39867c0, 3200, MSG_DONTWAIT, NULL, NULL) = -1 EAGAIN (Try again)
20892 1783913106.453858 socket(AF_UNIX, SOCK_DGRAM|SOCK_CLOEXEC|SOCK_NONBLOCK, 0) = 132
20892 1783913106.453888 setsockopt(132, SOL_SOCKET, SO_SNDBUF, [1048576], 4) = 0
20892 1783913106.453913 connect(132, {sa_family=AF_UNIX, sun_path="/dev/socket/statsdw"}, 110) = 0
20892 1783913106.469128 recvfrom(100, "nysv\0\0\0\0\0\0\0\0\0\0\0\0rG0\32\220\1\0\0\f\220\1\0\0\0\0\0", 3200, MSG_DONTWAIT, NULL, NULL) = 32
20892 1783913106.469177 recvfrom(100, 0x7fc3986860, 3200, MSG_DONTWAIT, NULL, NULL) = -1 EAGAIN (Try again)
20892 1783913106.469204 recvfrom(114, 0x7d0fd84020, 2272, MSG_DONTWAIT, NULL, NULL) = -1 EAGAIN (Try again)
20892 1783913106.471725 recvfrom(100, 0x7fc3982e60, 3200, MSG_DONTWAIT, NULL, NULL) = -1 EAGAIN (Try again)
20914 1783913106.491114 recvfrom(40, 0x7d86cdaeb0, 3200, MSG_DONTWAIT, NULL, NULL) = -1 EAGAIN (Try again)
20892 1783913106.493306 recvfrom(100, "nysv\0\0\0\0\0\0\0\0\0\0\0\0\234\227.\33\220\1\0\0\r\220\1\0\0\0\0\0", 3200, MSG_DONTWAIT, NULL, NULL) = 32
20892 1783913106.493336 recvfrom(100, 0x7fc3986860, 3200, MSG_DONTWAIT, NULL, NULL) = -1 EAGAIN (Try again)
20892 1783913106.493662 recvfrom(114, 0x7d0fd84020, 2272, MSG_DONTWAIT, NULL, NULL) = -1 EAGAIN (Try again)
20914 1783913106.540980 recvfrom(40, "nysv\0\0\0\0\0\0\0\0\0\0\0\0\306\347,\34\220\1\0\0\16\220\1\0\0\0\0\0", 3200, MSG_DONTWAIT, NULL, NULL) = 32
20914 1783913106.541148 recvfrom(40, 0x7d86cdac80, 3200, MSG_DONTWAIT, NULL, NULL) = -1 EAGAIN (Try again)
20892 1783913106.542042 recvfrom(100, 0x7fc3985570, 3200, MSG_DONTWAIT, NULL, NULL) = -1 EAGAIN (Try again)
21004 1783913106.544558 sendmsg(177, {msg_name=NULL, msg_namelen=0, msg_iov=[{iov_base="l\1\1\1\374\0\0\0\317\0\0\0\235\0\0\0\1\1o\0;\0\0\0/re/frid"..., iov_len=428}], msg_iovlen=1, msg_controllen=0, msg_flags=0}, MSG_NOSIGNAL) = 428
21004 1783913106.551838 sendmsg(177, {msg_name=NULL, msg_namelen=0, msg_iov=[{iov_base="l\1\1\1\374\0\0\0\320\0\0\0\235\0\0\0\1\1o\0;\0\0\0/re/frid"..., iov_len=428}], msg_iovlen=1, msg_controllen=0, msg_flags=0}, MSG_NOSIGNAL) = 428
21004 1783913106.553694 sendmsg(177, {msg_name=NULL, msg_namelen=0, msg_iov=[{iov_base="l\1\1\1\374\0\0\0\321\0\0\0\235\0\0\0\1\1o\0;\0\0\0/re/frid"..., iov_len=428}], msg_iovlen=1, msg_controllen=0, msg_flags=0}, MSG_NOSIGNAL) = 428
20892 1783913106.553865 recvfrom(100, "nysv\0\0\0\0\0\0\0\0\0\0\0\0X\231(\37\220\1\0\0\21\220\1\0\0\0\0\0", 3200, MSG_DONTWAIT, NULL, NULL) = 32
20892 1783913106.553884 recvfrom(100, 0x7fc3986860, 3200, MSG_DONTWAIT, NULL, NULL) = -1 EAGAIN (Try again)
20892 1783913106.556850 recvfrom(100, 0x7fc3985fa0, 3200, MSG_DONTWAIT, NULL, NULL) = -1 EAGAIN (Try again)
21004 1783913106.558052 sendmsg(177, {msg_name=NULL, msg_namelen=0, msg_iov=[{iov_base="l\1\1\1\374\0\0\0\322\0\0\0\235\0\0\0\1\1o\0;\0\0\0/re/frid"..., iov_len=428}], msg_iovlen=1, msg_controllen=0, msg_flags=0}, MSG_NOSIGNAL) = 428
20892 1783913106.573636 recvfrom(100, "nysv\0\0\0\0\0\0\0\0\0\0\0\0\26\17' \220\1\0\0\22\220\1\0\0\0\0\0", 3200, MSG_DONTWAIT, NULL, NULL) = 32
20892 1783913106.573695 recvfrom(100, 0x7fc3986860, 3200, MSG_DONTWAIT, NULL, NULL) = -1 EAGAIN (Try again)
20892 1783913106.573729 recvfrom(114, 0x7d0fd84020, 2272, MSG_DONTWAIT, NULL, NULL) = -1 EAGAIN (Try again)
20892 1783913106.631677 recvfrom(100, 0x7fc3982b50, 3200, MSG_DONTWAIT, NULL, NULL) = -1 EAGAIN (Try again)
20952 1783913106.632654 sendto(110, "\250\0\0\0\0\0\0\0\5\0\0\0\0\0\0\0\0\0\0\0\0\0\0\0\4\23\366\241\34\3 h"..., 168, MSG_NOSIGNAL, NULL, 0) = 168
20892 1783913106.632989 sendto(110, "h\0\0\0\0\0\0\0\5\0\0\0\0\0\0\0\0\0\0\0\0\0\0\0\22\265\360_$}\237_"..., 104, MSG_NOSIGNAL, NULL, 0) = 104
20892 1783913106.633107 sendto(110, "\20\1\0\0\0\0\0\0\5\0\0\0\0\0\0\0\0\0\0\0\0\0\0\0\22\265\360_$}\237_"..., 272, MSG_NOSIGNAL, NULL, 0) = 272
20952 1783913106.633454 sendto(110, "\330\5\0\0\0\0\0\0\5\0\0\0\0\0\0\0\0\0\0\0\0\0\0\0\4\23\366\241\34\3 h"..., 1496, MSG_NOSIGNAL, NULL, 0) = 1496
20952 1783913106.633953 recvmsg(110, {msg_name=NULL, msg_namelen=0, msg_iov=[{iov_base="h\0\0\0\0\0\0\0\5\0\0\0\0\0\0\0\0\0\0\0\0\0\0\0&\314\220N\201XcQ"..., iov_len=4096}], msg_iovlen=1, msg_controllen=0, msg_flags=0}, MSG_DONTWAIT) = 4096
20952 1783913106.634313 recvmsg(110, {msg_name=NULL, msg_namelen=0, msg_iov=[{iov_base="@\0\0\0\0\0\0\0\0\0\0\0\0\0\0\0H\0\0\0\0\0\0\0\20\0\0\0\2\0\0\0"..., iov_len=512}], msg_iovlen=1, msg_controllen=0, msg_flags=0}, MSG_DONTWAIT) = 512
20952 1783913106.635032 sendto(110, "\330\5\0\0\0\0\0\0\5\0\0\0\0\0\0\0\0\0\0\0\0\0\0\0\4\23\366\241\34\3 h"..., 1496, MSG_NOSIGNAL, NULL, 0) = 1496
20892 1783913106.636092 recvfrom(100, "nysv\0\0\0\0\0\0\0\0\0\0\0\0\235\272 $\220\1\0\0\26\220\1\0\0\0\0\0", 3200, MSG_DONTWAIT, NULL, NULL) = 32
20892 1783913106.636225 recvfrom(100, 0x7fc3986860, 3200, MSG_DONTWAIT, NULL, NULL) = -1 EAGAIN (Try again)
20892 1783913106.636243 recvfrom(114, 0x7d0fd84020, 2272, MSG_DONTWAIT, NULL, NULL) = -1 EAGAIN (Try again)
20892 1783913106.636346 sendto(110, "\20\1\0\0\0\0\0\0\5\0\0\0\0\0\0\0\0\0\0\0\0\0\0\0\22\265\360_$}\237_"..., 272, MSG_NOSIGNAL, NULL, 0) = 272
20952 1783913106.636883 sendto(110, "\250\0\0\0\0\0\0\0\5\0\0\0\0\0\0\0\0\0\0\0\0\0\0\0\4\23\366\241\34\3 h"..., 168, MSG_NOSIGNAL, NULL, 0) = 168
20952 1783913106.640039 recvmsg(110, {msg_name=NULL, msg_namelen=0, msg_iov=[{iov_base="\330\0\0\0\0\0\0\0\5\0\0\0\0\0\0\0\0\0\0\0\0\0\0\0\352\262\272O\27w\347\212"..., iov_len=4096}], msg_iovlen=1, msg_controllen=0, msg_flags=0}, MSG_DONTWAIT) = 768
20892 1783913106.643871 recvfrom(100, 0x7fc3985fa0, 3200, MSG_DONTWAIT, NULL, NULL) = -1 EAGAIN (Try again)
20892 1783913106.645224 sendto(110, "\330\0\0\0\0\0\0\0\5\0\0\0\0\0\0\0\0\0\0\0\0\0\0\0S\353\262\371\26i\231\313"..., 216, MSG_NOSIGNAL, NULL, 0) = 216
20952 1783913106.649581 recvmsg(102, {msg_name=NULL, msg_namelen=0, msg_iov=[{iov_base="\24\0\0\0\0\0\0\0\1\0\0\0\0\0\0\0\0\0\1\0", iov_len=4096}], msg_iovlen=1, msg_controllen=0, msg_flags=0}, MSG_DONTWAIT) = 20
20952 1783913106.652045 sendmsg(102, {msg_name=NULL, msg_namelen=0, msg_iov=[{iov_base=" \0\0\0\1\0\0\0\2\0\0\0\0\0\0\0\266U\t\7O\322\257oU\250D\300m\347\224[", iov_len=32}], msg_iovlen=1, msg_control=[{cmsg_len=20, cmsg_level=SOL_SOCKET, cmsg_type=SCM_RIGHTS, cmsg_data=[150]}], msg_controllen=20, msg_flags=0}, MSG_NOSIGNAL) = 32
20892 1783913106.653343 recvfrom(100, "nysv\0\0\0\0\0\0\0\0\0\0\0\0\230D\37%\220\1\0\0\27\220\1\0\0\0\0\0", 3200, MSG_DONTWAIT, NULL, NULL) = 32
20892 1783913106.653827 recvfrom(100, 0x7fc3986860, 3200, MSG_DONTWAIT, NULL, NULL) = -1 EAGAIN (Try again)
20892 1783913106.653852 recvfrom(114, 0x7d0fd84020, 2272, MSG_DONTWAIT, NULL, NULL) = -1 EAGAIN (Try again)
20892 1783913106.653877 sendto(110, "\20\1\0\0\0\0\0\0\5\0\0\0\0\0\0\0\0\0\0\0\0\0\0\0\22\265\360_$}\237_"..., 272, MSG_NOSIGNAL, NULL, 0) = 272
20952 1783913106.656910 recvmsg(102, {msg_name=NULL, msg_namelen=0, msg_iov=[{iov_base="\24\0\0\0\0\0\0\0\1\0\0\0\0\0\0\0\0\0\1\0", iov_len=4096}], msg_iovlen=1, msg_controllen=0, msg_flags=0}, MSG_DONTWAIT) = 20
20952 1783913106.665641 sendmsg(102, {msg_name=NULL, msg_namelen=0, msg_iov=[{iov_base=" \0\0\0\1\0\0\0\2\0\0\0\0\0\0\0\266\314\22620\35\367Q !<\375k\215\257o", iov_len=32}], msg_iovlen=1, msg_control=[{cmsg_len=20, cmsg_level=SOL_SOCKET, cmsg_type=SCM_RIGHTS, cmsg_data=[150]}], msg_controllen=20, msg_flags=0}, MSG_NOSIGNAL) = 32
20952 1783913106.666243 recvmsg(110, {msg_name=NULL, msg_namelen=0, msg_iov=[{iov_base="0\1\0\0\0\0\0\0\5\0\0\0\0\0\0\0\0\0\0\0\0\0\0\0\r\243x\270\274\246\245\263"..., iov_len=4096}], msg_iovlen=1, msg_control=[{cmsg_len=20, cmsg_level=SOL_SOCKET, cmsg_type=SCM_RIGHTS, cmsg_data=[150]}], msg_controllen=24, msg_flags=0}, MSG_DONTWAIT) = 1760
20952 1783913106.666818 sendto(110, "(\0\0\0\0\0\0\0\5\0\0\0\0\0\0\0\1\0\0\0\0\0\0\0\207\327\351\224\211mTU"..., 40, MSG_NOSIGNAL, NULL, 0) = 40
20952 1783913106.667237 sendto(110, "p\0\0\0\0\0\0\0\5\0\0\0\0\0\0\0\0\0\0\0\0\0\0\0000H\252\212\270\tQC"..., 112, MSG_NOSIGNAL, NULL, 0) = 112
20952 1783913106.667518 sendto(110, "0\0\0\0\0\0\0\0\5\0\0\0\0\0\0\0\4\0\0\0\0\0\0\0\337$\34\247\317Psb"..., 48, MSG_NOSIGNAL, NULL, 0) = 48
20952 1783913106.669034 recvmsg(102, {msg_name=NULL, msg_namelen=0, msg_iov=[{iov_base="\24\0\0\0\0\0\0\0\1\0\0\0\0\0\0\0\0\0 \0", iov_len=4096}], msg_iovlen=1, msg_controllen=0, msg_flags=0}, MSG_DONTWAIT) = 20
20952 1783913106.676600 sendmsg(102, {msg_name=NULL, msg_namelen=0, msg_iov=[{iov_base=" \0\0\0\1\0\0\0\2\0\0\0\0\0\0\0_g 46:\303\325\261\233+q\334D\273\255", iov_len=32}], msg_iovlen=1, msg_control=[{cmsg_len=20, cmsg_level=SOL_SOCKET, cmsg_type=SCM_RIGHTS, cmsg_data=[167]}], msg_controllen=20, msg_flags=0}, MSG_NOSIGNAL) = 32
20952 1783913106.677444 recvmsg(110, {msg_name=NULL, msg_namelen=0, msg_iov=[{iov_base="\240\0\0\0\0\0\0\0\5\0\0\0\0\0\0\0\0\0\0\0\0\0\0\0\r\243x\270\274\246\245\263"..., iov_len=4096}], msg_iovlen=1, msg_control=[{cmsg_len=20, cmsg_level=SOL_SOCKET, cmsg_type=SCM_RIGHTS, cmsg_data=[167]}], msg_controllen=24, msg_flags=0}, MSG_DONTWAIT) = 2336
20892 1783913106.679441 recvfrom(100, 0x7fc3985fa0, 3200, MSG_DONTWAIT, NULL, NULL) = -1 EAGAIN (Try again)
20952 1783913106.679476 sendto(110, "0\0\0\0\0\0\0\0\5\0\0\0\0\0\0\0\4\0\0\0\0\0\0\0\330\327\27p\304'\27\373"..., 48, MSG_NOSIGNAL, NULL, 0) = 48
20952 1783913106.680130 sendto(110, "0\0\0\0\0\0\0\0\5\0\0\0\0\0\0\0\4\0\0\0\0\0\0\0\330\327\27p\304'\27\373"..., 48, MSG_NOSIGNAL, NULL, 0) = 48
20892 1783913106.680536 sendto(110, "\230\0\0\0\0\0\0\0\5\0\0\0\0\0\0\0\0\0\0\0\0\0\0\0\\\"Jx\332\335\374\261"..., 152, MSG_NOSIGNAL, NULL, 0 <unfinished ...>
20948 1783913106.680608 openat(AT_FDCWD, "/data/user/0/app.fedilab.mobilizon/app_webview/Default/Service Worker/CacheStorage/01e4b316ab809d98beeb8793e5c3a7a8aa1f67ca/9fbb5484-a4d8-450a-9232-832cfda90680/915bcccad680919f_0", O_RDWR <unfinished ...>
20892 1783913106.680615 <... sendto resumed> ) = 152
20948 1783913106.680673 <... openat resumed> ) = 172
20952 1783913106.680702 sendto(110, "0\0\0\0\0\0\0\0\5\0\0\0\0\0\0\0\4\0\0\0\0\0\0\0\356c\327\354rG!\225"..., 48, MSG_NOSIGNAL, NULL, 0 <unfinished ...>
20948 1783913106.680739 openat(AT_FDCWD, "/data/user/0/app.fedilab.mobilizon/app_webview/Default/Service Worker/CacheStorage/01e4b316ab809d98beeb8793e5c3a7a8aa1f67ca/9fbb5484-a4d8-450a-9232-832cfda90680/915bcccad680919f_1", O_RDWR <unfinished ...>
20952 1783913106.680889 <... sendto resumed> ) = 48
20948 1783913106.680927 <... openat resumed> ) = -1 ENOENT (No such file or directory)
20952 1783913106.681135 sendto(110, "0\0\0\0\0\0\0\0\5\0\0\0\0\0\0\0\4\0\0\0\0\0\0\0\356c\327\354rG!\225"..., 48, MSG_NOSIGNAL, NULL, 0) = 48
20952 1783913106.681354 sendto(110, "0\0\0\0\0\0\0\0\5\0\0\0\0\0\0\0\4\0\0\0\0\0\0\0\31=\311\343r\245\345\220"..., 48, MSG_NOSIGNAL, NULL, 0) = 48
20948 1783913106.681612 openat(AT_FDCWD, "/data/user/0/app.fedilab.mobilizon/app_webview/Default/Service Worker/CacheStorage/01e4b316ab809d98beeb8793e5c3a7a8aa1f67ca/9fbb5484-a4d8-450a-9232-832cfda90680/915bcccad680919f_s", O_RDWR <unfinished ...>
21004 1783913106.681816 sendmsg(177, {msg_name=NULL, msg_namelen=0, msg_iov=[{iov_base="l\1\1\1\374\0\0\0\323\0\0\0\235\0\0\0\1\1o\0;\0\0\0/re/frid"..., iov_len=428}], msg_iovlen=1, msg_controllen=0, msg_flags=0}, MSG_NOSIGNAL) = 428
20952 1783913106.681896 sendto(110, "0\0\0\0\0\0\0\0\5\0\0\0\0\0\0\0\4\0\0\0\0\0\0\0\31=\311\343r\245\345\220"..., 48, MSG_NOSIGNAL, NULL, 0 <unfinished ...>
20948 1783913106.681910 <... openat resumed> ) = -1 ENOENT (No such file or directory)
20952 1783913106.682168 <... sendto resumed> ) = 48
20952 1783913106.682307 sendto(110, "0\0\0\0\0\0\0\0\5\0\0\0\0\0\0\0\4\0\0\0\0\0\0\0@\236sT\203\212\235\215"..., 48, MSG_NOSIGNAL, NULL, 0) = 48
20952 1783913106.682903 sendto(110, "0\0\0\0\0\0\0\0\5\0\0\0\0\0\0\0\4\0\0\0\0\0\0\0@\236sT\203\212\235\215"..., 48, MSG_NOSIGNAL, NULL, 0) = 48
20952 1783913106.683292 sendto(110, "0\0\0\0\0\0\0\0\5\0\0\0\0\0\0\0\4\0\0\0\0\0\0\0\372\v\0232\250\3Sb"..., 48, MSG_NOSIGNAL, NULL, 0) = 48
20952 1783913106.683633 sendto(110, "0\0\0\0\0\0\0\0\5\0\0\0\0\0\0\0\4\0\0\0\0\0\0\0\372\v\0232\250\3Sb"..., 48, MSG_NOSIGNAL, NULL, 0) = 48
20952 1783913106.683921 sendto(110, "0\0\0\0\0\0\0\0\5\0\0\0\0\0\0\0\4\0\0\0\0\0\0\0<\20\207H\17J&\330"..., 48, MSG_NOSIGNAL, NULL, 0) = 48
20952 1783913106.684102 sendto(110, "0\0\0\0\0\0\0\0\5\0\0\0\0\0\0\0\4\0\0\0\0\0\0\0<\20\207H\17J&\330"..., 48, MSG_NOSIGNAL, NULL, 0) = 48
20951 1783913106.684300 sendmsg(110, {msg_name=NULL, msg_namelen=0, msg_iov=[{iov_base="p\7\0\0\1\0\0\0\5\0\0\0\0\0\0\0\0\0\0\0\0\0\0\0\347hs\211\320\301\323\373"..., iov_len=1904}], msg_iovlen=1, msg_control=[{cmsg_len=20, cmsg_level=SOL_SOCKET, cmsg_type=SCM_RIGHTS, cmsg_data=[178]}], msg_controllen=20, msg_flags=0}, MSG_NOSIGNAL) = 1904
20892 1783913106.686800 recvfrom(100, "nysv\0\0\0\0\0\0\0\0\0\0\0\0#4\34'\220\1\0\0\31\220\1\0\0\0\0\0", 3200, MSG_DONTWAIT, NULL, NULL) = 32
20892 1783913106.687178 recvfrom(100, 0x7fc3986860, 3200, MSG_DONTWAIT, NULL, NULL) = -1 EAGAIN (Try again)
20892 1783913106.687220 sendto(110, "\20\1\0\0\0\0\0\0\5\0\0\0\0\0\0\0\0\0\0\0\0\0\0\0\22\265\360_$}\237_"..., 272, MSG_NOSIGNAL, NULL, 0 <unfinished ...>
20952 1783913106.687296 recvmsg(110,  <unfinished ...>
20892 1783913106.687309 <... sendto resumed> ) = 272
20952 1783913106.687365 <... recvmsg resumed> {msg_name=NULL, msg_namelen=0, msg_iov=[{iov_base="h\0\0\0\0\0\0\0\5\0\0\0\0\0\0\0\2\0\0\0\0\0\0\0\36\344V\252\375.\vE"..., iov_len=4096}], msg_iovlen=1, msg_control=[{cmsg_len=20, cmsg_level=SOL_SOCKET, cmsg_type=SCM_RIGHTS, cmsg_data=[178]}], msg_controllen=24, msg_flags=0}, MSG_DONTWAIT) = 400
20952 1783913106.688172 recvmsg(110, {msg_name=NULL, msg_namelen=0, msg_iov=[{iov_base="\330\0\0\0\0\0\0\0\5\0\0\0\0\0\0\0\0\0\0\0\0\0\0\0\307\3U,\213\16k}"..., iov_len=4096}], msg_iovlen=1, msg_controllen=0, msg_flags=0}, MSG_DONTWAIT) = 3704
20952 1783913106.690573 sendto(110, "h\0\0\0\0\0\0\0\5\0\0\0\0\0\0\0\2\0\0\0\0\0\0\0\3018C\203p\263;\312"..., 104, MSG_NOSIGNAL, NULL, 0) = 104
20952 1783913106.692449 sendto(110, "h\0\0\0\0\0\0\0\5\0\0\0\0\0\0\0\2\0\0\0\0\0\0\0\350\364+\304&\304\322\217"..., 104, MSG_NOSIGNAL, NULL, 0) = 104
20952 1783913106.693448 sendto(110, "h\0\0\0\0\0\0\0\5\0\0\0\0\0\0\0\2\0\0\0\0\0\0\0p\274H\312\6M\35\20"..., 104, MSG_NOSIGNAL, NULL, 0) = 104
20952 1783913106.695532 sendto(110, "(\0\0\0\0\0\0\0\5\0\0\0\0\0\0\0\1\0\0\0\0\0\0\0,\246Zi|M\222\354"..., 40, MSG_NOSIGNAL, NULL, 0) = 40
20951 1783913106.695967 sendto(110, "p\3\0\0\0\0\0\0\5\0\0\0\0\0\0\0\0\0\0\0\0\0\0\0\273a\265\241U\224\377\\"..., 880, MSG_NOSIGNAL, NULL, 0) = 880
20952 1783913106.696331 sendto(110, "0\0\0\0\0\0\0\0\5\0\0\0\0\0\0\0\4\0\0\0\0\0\0\0\3018C\203p\263;\312"..., 48, MSG_NOSIGNAL, NULL, 0) = 48
20952 1783913106.696840 sendto(110, "0\0\0\0\0\0\0\0\5\0\0\0\0\0\0\0\4\0\0\0\0\0\0\0\236\323\202\204\337z\304\267"..., 48, MSG_NOSIGNAL, NULL, 0) = 48
20892 1783913106.697531 recvfrom(100, 0x7fc3984e40, 3200, MSG_DONTWAIT, NULL, NULL) = -1 EAGAIN (Try again)
20952 1783913106.697889 recvmsg(110,  <unfinished ...>
20892 1783913106.697906 sendto(110, "\20\1\0\0\0\0\0\0\5\0\0\0\0\0\0\0\0\0\0\0\0\0\0\0\22\265\360_$}\237_"..., 272, MSG_NOSIGNAL, NULL, 0 <unfinished ...>
20952 1783913106.697983 <... recvmsg resumed> {msg_name=NULL, msg_namelen=0, msg_iov=[{iov_base="h\0\0\0\0\0\0\0\5\0\0\0\0\0\0\0\2\0\0\0\0\0\0\0Q\240\2\313w\34\346@"..., iov_len=4096}], msg_iovlen=1, msg_controllen=0, msg_flags=0}, MSG_DONTWAIT) = 392
20892 1783913106.698016 <... sendto resumed> ) = 272
20952 1783913106.698128 sendto(110, "0\0\0\0\0\0\0\0\5\0\0\0\0\0\0\0\4\0\0\0\0\0\0\0\236\323\202\204\337z\304\267"..., 48, MSG_NOSIGNAL, NULL, 0) = 48
20951 1783913106.698654 sendto(110, "\210\3\0\0\0\0\0\0\5\0\0\0\0\0\0\0\0\0\0\0\0\0\0\0\273a\265\241U\224\377\\"..., 904, MSG_NOSIGNAL, NULL, 0) = 904
20952 1783913106.698855 recvmsg(110, {msg_name=NULL, msg_namelen=0, msg_iov=[{iov_base="P\2\0\0\0\0\0\0\5\0\0\0\0\0\0\0\0\0\0\0\0\0\0\0\340\251\214\3161]\313\16"..., iov_len=4096}], msg_iovlen=1, msg_controllen=0, msg_flags=0}, MSG_DONTWAIT) = 888
20969 1783913106.699956 sendto(110, "\240\0\0\0\0\0\0\0\5\0\0\0\0\0\0\0\0\0\0\0\0\0\0\0\266\370\20\315\342\334\3447"..., 160, MSG_NOSIGNAL, NULL, 0) = 160
20951 1783913106.700425 sendto(110, "@\3\0\0\0\0\0\0\5\0\0\0\0\0\0\0\0\0\0\0\0\0\0\0\273a\265\241U\224\377\\"..., 832, MSG_NOSIGNAL, NULL, 0) = 832
20952 1783913106.700743 recvmsg(110, {msg_name=NULL, msg_namelen=0, msg_iov=[{iov_base="\10\23\0\0\0\0\0\0\5\0\0\0\0\0\0\0\0\0\0\0\0\0\0\0\352\262\272O\27w\347\212"..., iov_len=4096}], msg_iovlen=1, msg_controllen=0, msg_flags=0}, MSG_DONTWAIT) = 4096
20952 1783913106.710170 recvmsg(110, {msg_name=NULL, msg_namelen=0, msg_iov=[{iov_base="\0\0\0\0\0\0\200?\0\0\207D\0\0~C\20\0\0\0\0\0\0\0@\4\0\0\0\1\0\0"..., iov_len=776}], msg_iovlen=1, msg_controllen=0, msg_flags=0}, MSG_DONTWAIT) = 776
20952 1783913106.711148 recvmsg(110, {msg_name=NULL, msg_namelen=0, msg_iov=[{iov_base="p\0\0\0\0\0\0\0\5\0\0\0\0\0\0\0\0\0\0\0\0\0\0\0\177\215J~,&\242\215"..., iov_len=4096}], msg_iovlen=1, msg_controllen=0, msg_flags=0}, MSG_DONTWAIT) = 112
20951 1783913106.712560 sendto(110, "\210\r\0\0\0\0\0\0\5\0\0\0\0\0\0\0\0\0\0\0\0\0\0\0\273a\265\241U\224\377\\"..., 3464, MSG_NOSIGNAL, NULL, 0) = 3464
20952 1783913106.713964 recvmsg(110, {msg_name=NULL, msg_namelen=0, msg_iov=[{iov_base="p\0\0\0\0\0\0\0\5\0\0\0\0\0\0\0\0\0\0\0\0\0\0\0\177\215J~,&\242\215"..., iov_len=4096}], msg_iovlen=1, msg_controllen=0, msg_flags=0}, MSG_DONTWAIT) = 112
20951 1783913106.715750 sendto(110, "\300\27\0\0\0\0\0\0\5\0\0\0\0\0\0\0\0\0\0\0\0\0\0\0\273a\265\241U\224\377\\"..., 6080, MSG_NOSIGNAL, NULL, 0) = 6080
20952 1783913106.716180 sendto(110, "\210\0\0\0\0\0\0\0\5\0\0\0\0\0\0\0\0\0\0\0\0\0\0\0\4\23\366\241\34\3 h"..., 136, MSG_NOSIGNAL, NULL, 0) = 136
20952 1783913106.716926 recvmsg(110, {msg_name=NULL, msg_namelen=0, msg_iov=[{iov_base="p\0\0\0\0\0\0\0\5\0\0\0\0\0\0\0\0\0\0\0\0\0\0\0\177\215J~,&\242\215"..., iov_len=4096}], msg_iovlen=1, msg_controllen=0, msg_flags=0}, MSG_DONTWAIT) = 112
20951 1783913106.717988 sendto(110, "`;\0\0\0\0\0\0\5\0\0\0\0\0\0\0\0\0\0\0\0\0\0\0\273a\265\241U\224\377\\"..., 15200, MSG_NOSIGNAL, NULL, 0) = 15200
20952 1783913106.718646 recvmsg(110, {msg_name=NULL, msg_namelen=0, msg_iov=[{iov_base="p\0\0\0\0\0\0\0\5\0\0\0\0\0\0\0\0\0\0\0\0\0\0\0\177\215J~,&\242\215"..., iov_len=4096}], msg_iovlen=1, msg_controllen=0, msg_flags=0}, MSG_DONTWAIT) = 112
20948 1783913106.722490 sendto(110, "8\f\0\0\0\0\0\0\5\0\0\0\0\0\0\0\0\0\0\0\0\0\0\0\273a\265\241U\224\377\\"..., 3128, MSG_NOSIGNAL, NULL, 0) = 3128
20952 1783913106.727004 recvmsg(110, {msg_name=NULL, msg_namelen=0, msg_iov=[{iov_base="p\0\0\0\0\0\0\0\5\0\0\0\0\0\0\0\0\0\0\0\0\0\0\0\177\215J~,&\242\215"..., iov_len=4096}], msg_iovlen=1, msg_controllen=0, msg_flags=0}, MSG_DONTWAIT) = 112
20948 1783913106.728209 sendto(110, "x\0\0\0\0\0\0\0\5\0\0\0\0\0\0\0\0\0\0\0\0\0\0\0\273a\265\241U\224\377\\"..., 120, MSG_NOSIGNAL, NULL, 0) = 120
20952 1783913106.729546 recvmsg(110, {msg_name=NULL, msg_namelen=0, msg_iov=[{iov_base="\210\0\0\0\0\0\0\0\5\0\0\0\0\0\0\0\0\0\0\0\0\0\0\0\177\215J~,&\242\215"..., iov_len=4096}], msg_iovlen=1, msg_controllen=0, msg_flags=0}, MSG_DONTWAIT) = 400
20948 1783913106.730681 sendto(110, "\210\0\0\0\0\0\0\0\5\0\0\0\0\0\0\0\0\0\0\0\0\0\0\0\273a\265\241U\224\377\\"..., 136, MSG_NOSIGNAL, NULL, 0) = 136
20948 1783913106.731230 sendto(110, "\230\0\0\0\0\0\0\0\5\0\0\0\0\0\0\0\0\0\0\0\0\0\0\0\347hs\211\320\301\323\373"..., 152, MSG_NOSIGNAL, NULL, 0) = 152
20948 1783913106.731536 newfstatat(AT_FDCWD, "/data/user/0/app.fedilab.mobilizon/app_webview/Default/IndexedDB/https_mobilizon.fr_0.indexeddb.leveldb", {st_mode=S_IFDIR|0700, st_size=4096, ...}, 0) = 0
20948 1783913106.731781 openat(AT_FDCWD, "/data/user/0/app.fedilab.mobilizon/app_webview/Default/IndexedDB/https_mobilizon.fr_0.indexeddb.leveldb", O_RDONLY|O_CLOEXEC|O_DIRECTORY) = 179
20948 1783913106.732261 newfstatat(AT_FDCWD, "/data/user/0/app.fedilab.mobilizon/app_webview/Default/IndexedDB/https_mobilizon.fr_0.indexeddb.leveldb/LOG", {st_mode=S_IFREG|0600, st_size=374, ...}, 0) = 0
20948 1783913106.732484 newfstatat(AT_FDCWD, "/data/user/0/app.fedilab.mobilizon/app_webview/Default/IndexedDB/https_mobilizon.fr_0.indexeddb.leveldb/LOCK", {st_mode=S_IFREG|0600, st_size=0, ...}, 0) = 0
20948 1783913106.732726 newfstatat(AT_FDCWD, "/data/user/0/app.fedilab.mobilizon/app_webview/Default/IndexedDB/https_mobilizon.fr_0.indexeddb.leveldb/MANIFEST-000001", {st_mode=S_IFREG|0600, st_size=23, ...}, 0) = 0
20948 1783913106.732968 newfstatat(AT_FDCWD, "/data/user/0/app.fedilab.mobilizon/app_webview/Default/IndexedDB/https_mobilizon.fr_0.indexeddb.leveldb/000003.log", {st_mode=S_IFREG|0600, st_size=231560, ...}, 0) = 0
20948 1783913106.733196 newfstatat(AT_FDCWD, "/data/user/0/app.fedilab.mobilizon/app_webview/Default/IndexedDB/https_mobilizon.fr_0.indexeddb.leveldb/CURRENT", {st_mode=S_IFREG|0600, st_size=16, ...}, 0) = 0
20948 1783913106.733425 newfstatat(AT_FDCWD, "/data/user/0/app.fedilab.mobilizon/app_webview/Default/IndexedDB/https_mobilizon.fr_0.indexeddb.leveldb/LOG.old", {st_mode=S_IFREG|0600, st_size=374, ...}, 0) = 0
20948 1783913106.734213 newfstatat(AT_FDCWD, "/data/user/0/app.fedilab.mobilizon/app_webview/Default/IndexedDB/https_mobilizon.fr_0.indexeddb.blob", 0x7d22460c30, 0) = -1 ENOENT (No such file or directory)
20948 1783913106.734449 openat(AT_FDCWD, "/data/user/0/app.fedilab.mobilizon/app_webview/Default/IndexedDB/https_mobilizon.fr_0.indexeddb.blob", O_RDONLY|O_CLOEXEC|O_DIRECTORY) = -1 ENOENT (No such file or directory)
20948 1783913106.734812 sendto(110, "h\0\0\0\0\0\0\0\5\0\0\0\0\0\0\0\0\0\0\0\0\0\0\0\273a\265\241U\224\377\\"..., 104, MSG_NOSIGNAL, NULL, 0) = 104
20948 1783913106.735653 sendto(110, "(\1\0\0\0\0\0\0\5\0\0\0\0\0\0\0\0\0\0\0\0\0\0\0\273a\265\241U\224\377\\"..., 296, MSG_NOSIGNAL, NULL, 0) = 296
20952 1783913106.736424 sendto(110, "p\0\0\0\0\0\0\0\5\0\0\0\0\0\0\0\0\0\0\0\0\0\0\0p\274H\312\6M\35\20"..., 112, MSG_NOSIGNAL, NULL, 0) = 112
20952 1783913106.744541 recvmsg(110, {msg_name=NULL, msg_namelen=0, msg_iov=[{iov_base="h\0\0\0\0\0\0\0\5\0\0\0\0\0\0\0\0\0\0\0\0\0\0\0\177\215J~,&\242\215"..., iov_len=4096}], msg_iovlen=1, msg_controllen=0, msg_flags=0}, MSG_DONTWAIT) = 104
20952 1783913106.747342 sendto(110, "0\0\0\0\0\0\0\0\5\0\0\0\0\0\0\0\4\0\0\0\0\0\0\0\236\323\202\204\337z\304\267"..., 48, MSG_NOSIGNAL, NULL, 0) = 48
20951 1783913106.748081 sendto(110, "H\0\0\0\0\0\0\0\5\0\0\0\0\0\0\0\0\0\0\0\0\0\0\0\350\364+\304&\304\322\217"..., 72, MSG_NOSIGNAL, NULL, 0 <unfinished ...>
20948 1783913106.748091 newfstatat(AT_FDCWD, "/",  <unfinished ...>
20951 1783913106.748181 <... sendto resumed> ) = 72
20948 1783913106.748185 <... newfstatat resumed> {st_mode=S_IFDIR|0755, st_size=4096, ...}, 0) = 0
20951 1783913106.748213 sendto(110, "0\0\0\0\0\0\0\0\5\0\0\0\0\0\0\0\4\0\0\0\0\0\0\0\350\364+\304&\304\322\217"..., 48, MSG_NOSIGNAL, NULL, 0) = 48
20948 1783913106.748346 newfstatat(AT_FDCWD, "/data", {st_mode=S_IFDIR|0771, st_size=4096, ...}, 0) = 0
20952 1783913106.748581 recvmsg(110,  <unfinished ...>
20948 1783913106.748585 newfstatat(AT_FDCWD, "/data/user",  <unfinished ...>
20952 1783913106.748714 <... recvmsg resumed> {msg_name=NULL, msg_namelen=0, msg_iov=[{iov_base="H\0\0\0\0\0\0\0\5\0\0\0\0\0\0\0\0\0\0\0\0\0\0\0Q\240\2\313w\34\346@"..., iov_len=4096}], msg_iovlen=1, msg_controllen=0, msg_flags=0}, MSG_DONTWAIT) = 168
20948 1783913106.748720 <... newfstatat resumed> {st_mode=S_IFDIR|0711, st_size=4096, ...}, 0) = 0
20948 1783913106.748804 newfstatat(AT_FDCWD, "/data/user/0", {st_mode=S_IFDIR|0771, st_size=8192, ...}, 0) = 0
20948 1783913106.749079 newfstatat(AT_FDCWD, "/data/user/0/app.fedilab.mobilizon", {st_mode=S_IFDIR|0700, st_size=4096, ...}, 0) = 0
20948 1783913106.749380 newfstatat(AT_FDCWD, "/data/user/0/app.fedilab.mobilizon/app_webview", {st_mode=S_IFDIR|0700, st_size=4096, ...}, 0) = 0
20948 1783913106.749689 newfstatat(AT_FDCWD, "/data/user/0/app.fedilab.mobilizon/app_webview/Default", {st_mode=S_IFDIR|0700, st_size=4096, ...}, 0) = 0
20948 1783913106.749938 statfs("/data/user/0/app.fedilab.mobilizon/app_webview/Default",  <unfinished ...>
20952 1783913106.750145 sendto(110, "p\0\0\0\0\0\0\0\5\0\0\0\0\0\0\0\0\0\0\0\0\0\0\0p\274H\312\6M\35\20"..., 112, MSG_NOSIGNAL, NULL, 0 <unfinished ...>
20948 1783913106.750154 <... statfs resumed> {f_type=EXT2_SUPER_MAGIC, f_bsize=4096, f_blocks=1523600, f_bfree=1038667, f_bavail=1034571, f_files=393216, f_ffree=376837, f_fsid={val=[3546324968, 77008235]}, f_namelen=255, f_frsize=4096, f_flags=ST_VALID|ST_NOSUID|ST_NODEV|ST_NOATIME}) = 0
20952 1783913106.750287 <... sendto resumed> ) = 112
20952 1783913106.750646 sendto(110, "0\0\0\0\0\0\0\0\5\0\0\0\0\0\0\0\4\0\0\0\0\0\0\0p\274H\312\6M\35\20"..., 48, MSG_NOSIGNAL, NULL, 0) = 48
20948 1783913106.751322 statfs("/data/user/0/app.fedilab.mobilizon/app_webview/Default",  <unfinished ...>
20952 1783913106.751336 recvmsg(110, {msg_name=NULL, msg_namelen=0, msg_iov=[{iov_base="0\0\0\0\0\0\0\0\5\0\0\0\0\0\0\0\4\0\0\0\0\0\0\0006,\324^\22\344\\\17"..., iov_len=4096}], msg_iovlen=1, msg_controllen=0, msg_flags=0}, MSG_DONTWAIT) = 1168
20948 1783913106.751547 <... statfs resumed> {f_type=EXT2_SUPER_MAGIC, f_bsize=4096, f_blocks=1523600, f_bfree=1038667, f_bavail=1034571, f_files=393216, f_ffree=376837, f_fsid={val=[3546324968, 77008235]}, f_namelen=255, f_frsize=4096, f_flags=ST_VALID|ST_NOSUID|ST_NODEV|ST_NOATIME}) = 0
20892 1783913106.751702 sendto(110, "\320\0\0\0\0\0\0\0\5\0\0\0\0\0\0\0\0\0\0\0\0\0\0\0\22\265\360_$}\237_"..., 208, MSG_NOSIGNAL, NULL, 0) = 208
20952 1783913106.751808 recvmsg(102, {msg_name=NULL, msg_namelen=0, msg_iov=[{iov_base="\24\0\0\0\0\0\0\0\1\0\0\0\0\0\0\0\0i\1\0", iov_len=4096}], msg_iovlen=1, msg_controllen=0, msg_flags=0}, MSG_DONTWAIT) = 20
20892 1783913106.752057 recvfrom(100, "nysv\0\0\0\0\0\0\0\0\0\0\0\0M\204\32(\220\1\0\0\32\220\1\0\0\0\0\0", 3200, MSG_DONTWAIT, NULL, NULL) = 32
20892 1783913106.752085 recvfrom(100, 0x7fc3986860, 3200, MSG_DONTWAIT, NULL, NULL) = -1 EAGAIN (Try again)
20892 1783913106.752145 recvfrom(114, 0x7d0fd84020, 2272, MSG_DONTWAIT, NULL, NULL) = -1 EAGAIN (Try again)
20892 1783913106.752201 sendto(110, "(\2\0\0\0\0\0\0\5\0\0\0\0\0\0\0\0\0\0\0\0\0\0\0\22\265\360_$}\237_"..., 552, MSG_NOSIGNAL, NULL, 0) = 552
20952 1783913106.761003 sendmsg(102, {msg_name=NULL, msg_namelen=0, msg_iov=[{iov_base=" \0\0\0\1\0\0\0\2\0\0\0\0\0\0\0\370A\365\363\341\f\237nZp\225\177\5\264\342\353", iov_len=32}], msg_iovlen=1, msg_control=[{cmsg_len=20, cmsg_level=SOL_SOCKET, cmsg_type=SCM_RIGHTS, cmsg_data=[172]}], msg_controllen=20, msg_flags=0}, MSG_NOSIGNAL) = 32
20952 1783913106.762148 recvmsg(110, {msg_name=NULL, msg_namelen=0, msg_iov=[{iov_base="h\0\0\0\0\0\0\0\5\0\0\0\0\0\0\0\0\0\0\0\0\0\0\0\307\3U,\213\16k}"..., iov_len=4096}], msg_iovlen=1, msg_control=[{cmsg_len=20, cmsg_level=SOL_SOCKET, cmsg_type=SCM_RIGHTS, cmsg_data=[172]}], msg_controllen=24, msg_flags=0}, MSG_DONTWAIT) = 632
20892 1783913106.763700 recvfrom(100, 0x7fc3985fa0, 3200, MSG_DONTWAIT, NULL, NULL) = -1 EAGAIN (Try again)
20952 1783913106.764136 recvmsg(110, {msg_name=NULL, msg_namelen=0, msg_iov=[{iov_base="h\0\0\0\0\0\0\0\5\0\0\0\0\0\0\0\0\0\0\0\0\0\0\0&\314\220N\201XcQ"..., iov_len=4096}], msg_iovlen=1, msg_controllen=0, msg_flags=0}, MSG_DONTWAIT) = 104
21004 1783913106.765813 sendmsg(177, {msg_name=NULL, msg_namelen=0, msg_iov=[{iov_base="l\1\1\1\374\0\0\0\324\0\0\0\235\0\0\0\1\1o\0;\0\0\0/re/frid"..., iov_len=428}], msg_iovlen=1, msg_controllen=0, msg_flags=0}, MSG_NOSIGNAL) = 428
20948 1783913106.766902 newfstatat(AT_FDCWD, "/data/user/0/app.fedilab.mobilizon/app_webview/Default/IndexedDB/https_mobilizon.fr_0.indexeddb.leveldb", {st_mode=S_IFDIR|0700, st_size=4096, ...}, 0) = 0
20948 1783913106.767311 openat(AT_FDCWD, "/data/user/0/app.fedilab.mobilizon/app_webview/Default/IndexedDB/https_mobilizon.fr_0.indexeddb.leveldb", O_RDONLY|O_CLOEXEC|O_DIRECTORY) = 172
20948 1783913106.767990 newfstatat(AT_FDCWD, "/data/user/0/app.fedilab.mobilizon/app_webview/Default/IndexedDB/https_mobilizon.fr_0.indexeddb.leveldb/LOG", {st_mode=S_IFREG|0600, st_size=374, ...}, 0) = 0
20948 1783913106.768362 newfstatat(AT_FDCWD, "/data/user/0/app.fedilab.mobilizon/app_webview/Default/IndexedDB/https_mobilizon.fr_0.indexeddb.leveldb/LOCK", {st_mode=S_IFREG|0600, st_size=0, ...}, 0) = 0
20948 1783913106.768665 newfstatat(AT_FDCWD, "/data/user/0/app.fedilab.mobilizon/app_webview/Default/IndexedDB/https_mobilizon.fr_0.indexeddb.leveldb/MANIFEST-000001", {st_mode=S_IFREG|0600, st_size=23, ...}, 0) = 0
20948 1783913106.768898 newfstatat(AT_FDCWD, "/data/user/0/app.fedilab.mobilizon/app_webview/Default/IndexedDB/https_mobilizon.fr_0.indexeddb.leveldb/000003.log", {st_mode=S_IFREG|0600, st_size=233908, ...}, 0) = 0
20948 1783913106.769023 newfstatat(AT_FDCWD, "/data/user/0/app.fedilab.mobilizon/app_webview/Default/IndexedDB/https_mobilizon.fr_0.indexeddb.leveldb/CURRENT", {st_mode=S_IFREG|0600, st_size=16, ...}, 0) = 0
20892 1783913106.769315 recvfrom(100, "nysv\0\0\0\0\0\0\0\0\0\0\0\0\365\304\23,\220\1\0\0\36\220\1\0\0\0\0\0", 3200, MSG_DONTWAIT, NULL, NULL) = 32
20892 1783913106.769332 recvfrom(100, 0x7fc3986860, 3200, MSG_DONTWAIT, NULL, NULL) = -1 EAGAIN (Try again)
20948 1783913106.769366 newfstatat(AT_FDCWD, "/data/user/0/app.fedilab.mobilizon/app_webview/Default/IndexedDB/https_mobilizon.fr_0.indexeddb.leveldb/LOG.old", {st_mode=S_IFREG|0600, st_size=374, ...}, 0) = 0
20948 1783913106.770384 newfstatat(AT_FDCWD, "/data/user/0/app.fedilab.mobilizon/app_webview/Default/IndexedDB/https_mobilizon.fr_0.indexeddb.blob", 0x7d22460c30, 0) = -1 ENOENT (No such file or directory)
21004 1783913106.770749 sendmsg(177, {msg_name=NULL, msg_namelen=0, msg_iov=[{iov_base="l\1\1\1\374\0\0\0\325\0\0\0\235\0\0\0\1\1o\0;\0\0\0/re/frid"..., iov_len=428}], msg_iovlen=1, msg_controllen=0, msg_flags=0}, MSG_NOSIGNAL) = 428
20948 1783913106.770809 openat(AT_FDCWD, "/data/user/0/app.fedilab.mobilizon/app_webview/Default/IndexedDB/https_mobilizon.fr_0.indexeddb.blob", O_RDONLY|O_CLOEXEC|O_DIRECTORY) = -1 ENOENT (No such file or directory)
20948 1783913106.771429 sendto(110, "h\0\0\0\0\0\0\0\5\0\0\0\0\0\0\0\0\0\0\0\0\0\0\0\273a\265\241U\224\377\\"..., 104, MSG_NOSIGNAL, NULL, 0) = 104
20952 1783913106.791792 recvmsg(110, {msg_name=NULL, msg_namelen=0, msg_iov=[{iov_base="\0\5\0\0\0\0\0\0\5\0\0\0\0\0\0\0\0\0\0\0\0\0\0\0&\314\220N\201XcQ"..., iov_len=4096}], msg_iovlen=1, msg_controllen=0, msg_flags=0}, MSG_DONTWAIT) = 1280
20952 1783913106.793654 sendto(110, "h\0\0\0\0\0\0\0\5\0\0\0\0\0\0\0\0\0\0\0\0\0\0\0\4\23\366\241\34\3 h"..., 104, MSG_NOSIGNAL, NULL, 0) = 104
20892 1783913106.815479 sendto(110, "\200\1\0\0\0\0\0\0\5\0\0\0\0\0\0\0\0\0\0\0\0\0\0\0\22\265\360_$}\237_"..., 384, MSG_NOSIGNAL, NULL, 0) = 384
20892 1783913106.909654 recvfrom(100, 0x7fc3985570, 3200, MSG_DONTWAIT, NULL, NULL) = -1 EAGAIN (Try again)
20892 1783913106.920574 recvfrom(100, "nysv\0\0\0\0\0\0\0\0\0\0\0\0\313\t\0055\220\1\0\0'\220\1\0\0\0\0\0", 3200, MSG_DONTWAIT, NULL, NULL) = 32
20892 1783913106.920600 recvfrom(100, 0x7fc3986860, 3200, MSG_DONTWAIT, NULL, NULL) = -1 EAGAIN (Try again)
20892 1783913106.920649 sendto(110, "(\2\0\0\0\0\0\0\5\0\0\0\0\0\0\0\0\0\0\0\0\0\0\0\22\265\360_$}\237_"..., 552, MSG_NOSIGNAL, NULL, 0) = 552
20952 1783913106.921365 recvmsg(110, {msg_name=NULL, msg_namelen=0, msg_iov=[{iov_base="\330\0\0\0\0\0\0\0\5\0\0\0\0\0\0\0\0\0\0\0\0\0\0\0\352\262\272O\27w\347\212"..., iov_len=4096}], msg_iovlen=1, msg_controllen=0, msg_flags=0}, MSG_DONTWAIT) = 216
20892 1783913106.922037 recvfrom(100, 0x7fc3985fa0, 3200, MSG_DONTWAIT, NULL, NULL) = -1 EAGAIN (Try again)
21004 1783913106.923256 sendmsg(177, {msg_name=NULL, msg_namelen=0, msg_iov=[{iov_base="l\1\1\1\374\0\0\0\326\0\0\0\235\0\0\0\1\1o\0;\0\0\0/re/frid"..., iov_len=428}], msg_iovlen=1, msg_controllen=0, msg_flags=0}, MSG_NOSIGNAL) = 428
20892 1783913106.936549 recvfrom(100, "nysv\0\0\0\0\0\0\0\0\0\0\0\0\335`\0036\220\1\0\0(\220\1\0\0\0\0\0", 3200, MSG_DONTWAIT, NULL, NULL) = 32
20892 1783913106.936570 recvfrom(100, 0x7fc3986860, 3200, MSG_DONTWAIT, NULL, NULL) = -1 EAGAIN (Try again)
21004 1783913106.936984 sendmsg(177, {msg_name=NULL, msg_namelen=0, msg_iov=[{iov_base="l\1\1\1\374\0\0\0\327\0\0\0\235\0\0\0\1\1o\0;\0\0\0/re/frid"..., iov_len=428}], msg_iovlen=1, msg_controllen=0, msg_flags=0}, MSG_NOSIGNAL) = 428
20892 1783913106.956705 recvfrom(100, 0x7fc3986420, 3200, MSG_DONTWAIT, NULL, NULL) = -1 EAGAIN (Try again)
20892 1783913106.972237 recvfrom(100, "nysv\0\0\0\0\0\0\0\0\0\0\0\0\204x\3777\220\1\0\0*\220\1\0\0\0\0\0", 3200, MSG_DONTWAIT, NULL, NULL) = 32
20892 1783913106.972255 recvfrom(100, 0x7fc3986860, 3200, MSG_DONTWAIT, NULL, NULL) = -1 EAGAIN (Try again)
20892 1783913106.972277 recvfrom(114, 0x7d0fd84020, 2272, MSG_DONTWAIT, NULL, NULL) = -1 EAGAIN (Try again)
21004 1783913106.974214 sendmsg(177, {msg_name=NULL, msg_namelen=0, msg_iov=[{iov_base="l\1\1\1\374\0\0\0\330\0\0\0\235\0\0\0\1\1o\0;\0\0\0/re/frid"..., iov_len=428}], msg_iovlen=1, msg_controllen=0, msg_flags=0}, MSG_NOSIGNAL) = 428
20892 1783913106.995478 recvfrom(100, 0x7fc3985570, 3200, MSG_DONTWAIT, NULL, NULL) = -1 EAGAIN (Try again)
20892 1783913107.002599 recvfrom(100, "nysv\0\0\0\0\0\0\0\0\0\0\0\0\211\205\3749\220\1\0\0,\220\1\0\0\0\0\0", 3200, MSG_DONTWAIT, NULL, NULL) = 32
20892 1783913107.002742 recvfrom(100, 0x7fc3986860, 3200, MSG_DONTWAIT, NULL, NULL) = -1 EAGAIN (Try again)
21004 1783913107.003578 sendmsg(177, {msg_name=NULL, msg_namelen=0, msg_iov=[{iov_base="l\1\1\1\374\0\0\0\331\0\0\0\235\0\0\0\1\1o\0;\0\0\0/re/frid"..., iov_len=428}], msg_iovlen=1, msg_controllen=0, msg_flags=0}, MSG_NOSIGNAL) = 428
21004 1783913107.365833 sendmsg(177, {msg_name=NULL, msg_namelen=0, msg_iov=[{iov_base="l\1\1\1\374\0\0\0\332\0\0\0\235\0\0\0\1\1o\0;\0\0\0/re/frid"..., iov_len=428}], msg_iovlen=1, msg_controllen=0, msg_flags=0}, MSG_NOSIGNAL) = 428
20892 1783913107.457447 recvfrom(100, 0x7fc3986420, 3200, MSG_DONTWAIT, NULL, NULL) = -1 EAGAIN (Try again)
20892 1783913107.469805 recvfrom(100, "nysv\0\0\0\0\0\0\0\0\0\0\0\0(\212\311U\220\1\0\0H\220\1\0\0\0\0\0", 3200, MSG_DONTWAIT, NULL, NULL) = 32
20892 1783913107.469840 recvfrom(100, 0x7fc3986860, 3200, MSG_DONTWAIT, NULL, NULL) = -1 EAGAIN (Try again)
20892 1783913107.469869 recvfrom(114, 0x7d0fd84020, 2272, MSG_DONTWAIT, NULL, NULL) = -1 EAGAIN (Try again)
21004 1783913107.472176 sendmsg(177, {msg_name=NULL, msg_namelen=0, msg_iov=[{iov_base="l\1\1\1\374\0\0\0\333\0\0\0\235\0\0\0\1\1o\0;\0\0\0/re/frid"..., iov_len=428}], msg_iovlen=1, msg_controllen=0, msg_flags=0}, MSG_NOSIGNAL) = 428
20892 1783913107.496452 recvfrom(100, 0x7fc3985570, 3200, MSG_DONTWAIT, NULL, NULL) = -1 EAGAIN (Try again)
20892 1783913107.502581 recvfrom(100, "nysv\0\0\0\0\0\0\0\0\0\0\0\0\0070\307W\220\1\0\0J\220\1\0\0\0\0\0", 3200, MSG_DONTWAIT, NULL, NULL) = 32
20892 1783913107.502614 recvfrom(100, 0x7fc3986860, 3200, MSG_DONTWAIT, NULL, NULL) = -1 EAGAIN (Try again)
20892 1783913107.502788 recvfrom(100, 0x7fc3985fa0, 3200, MSG_DONTWAIT, NULL, NULL) = -1 EAGAIN (Try again)
21004 1783913107.503251 sendmsg(177, {msg_name=NULL, msg_namelen=0, msg_iov=[{iov_base="l\1\1\1\374\0\0\0\334\0\0\0\235\0\0\0\1\1o\0;\0\0\0/re/frid"..., iov_len=428}], msg_iovlen=1, msg_controllen=0, msg_flags=0}, MSG_NOSIGNAL) = 428
20892 1783913107.519742 recvfrom(100, "nysv\0\0\0\0\0\0\0\0\0\0\0\0\356\217\305X\220\1\0\0K\220\1\0\0\0\0\0", 3200, MSG_DONTWAIT, NULL, NULL) = 32
20892 1783913107.519775 recvfrom(100, 0x7fc3986860, 3200, MSG_DONTWAIT, NULL, NULL) = -1 EAGAIN (Try again)
21004 1783913107.520201 sendmsg(177, {msg_name=NULL, msg_namelen=0, msg_iov=[{iov_base="l\1\1\1\374\0\0\0\335\0\0\0\235\0\0\0\1\1o\0;\0\0\0/re/frid"..., iov_len=428}], msg_iovlen=1, msg_controllen=0, msg_flags=0}, MSG_NOSIGNAL) = 428
20952 1783913107.639222 recvmsg(110, {msg_name=NULL, msg_namelen=0, msg_iov=[{iov_base="\210\5\0\0\0\0\0\0\5\0\0\0\0\0\0\0\0\0\0\0\0\0\0\0&\314\220N\201XcQ"..., iov_len=4096}], msg_iovlen=1, msg_controllen=0, msg_flags=0}, MSG_DONTWAIT) = 1416
20892 1783913107.960125 recvfrom(100, 0x7fc3986420, 3200, MSG_DONTWAIT, NULL, NULL) = -1 EAGAIN (Try again)
20892 1783913107.970992 recvfrom(100, "nysv\0\0\0\0\0\0\0\0\0\0\0\0o|\222s\220\1\0\0f\220\1\0\0\0\0\0", 3200, MSG_DONTWAIT, NULL, NULL) = 32
20892 1783913107.971240 recvfrom(100, 0x7fc3986860, 3200, MSG_DONTWAIT, NULL, NULL) = -1 EAGAIN (Try again)
20892 1783913107.971433 recvfrom(114, 0x7d0fd84020, 2272, MSG_DONTWAIT, NULL, NULL) = -1 EAGAIN (Try again)
21004 1783913107.976107 sendmsg(177, {msg_name=NULL, msg_namelen=0, msg_iov=[{iov_base="l\1\1\1\374\0\0\0\336\0\0\0\235\0\0\0\1\1o\0;\0\0\0/re/frid"..., iov_len=428}], msg_iovlen=1, msg_controllen=0, msg_flags=0}, MSG_NOSIGNAL) = 428
20892 1783913108.013061 recvfrom(100, 0x7fc3985570, 3200, MSG_DONTWAIT, NULL, NULL) = -1 EAGAIN (Try again)
21003 1783913108.017369 exit(0)         = ?
21003 1783913108.017687 +++ exited with 0 +++
20892 1783913108.018934 recvfrom(100, "nysv\0\0\0\0\0\0\0\0\0\0\0\0d\\\216v\220\1\0\0i\220\1\0\0\0\0\0", 3200, MSG_DONTWAIT, NULL, NULL) = 32
20892 1783913108.018967 recvfrom(100, 0x7fc3986860, 3200, MSG_DONTWAIT, NULL, NULL) = -1 EAGAIN (Try again)
20892 1783913108.019144 recvfrom(100, 0x7fc3985fa0, 3200, MSG_DONTWAIT, NULL, NULL) = -1 EAGAIN (Try again)
21004 1783913108.019639 sendmsg(177, {msg_name=NULL, msg_namelen=0, msg_iov=[{iov_base="l\1\1\1\374\0\0\0\337\0\0\0\235\0\0\0\1\1o\0;\0\0\0/re/frid"..., iov_len=428}], msg_iovlen=1, msg_controllen=0, msg_flags=0}, MSG_NOSIGNAL) = 428
20892 1783913108.038317 recvfrom(100, "nysv\0\0\0\0\0\0\0\0\0\0\0\0\tT\214w\220\1\0\0j\220\1\0\0\0\0\0", 3200, MSG_DONTWAIT, NULL, NULL) = 32
20892 1783913108.038349 recvfrom(100, 0x7fc3986860, 3200, MSG_DONTWAIT, NULL, NULL) = -1 EAGAIN (Try again)
21004 1783913108.039029 sendmsg(177, {msg_name=NULL, msg_namelen=0, msg_iov=[{iov_base="l\1\1\1\374\0\0\0\340\0\0\0\235\0\0\0\1\1o\0;\0\0\0/re/frid"..., iov_len=428}], msg_iovlen=1, msg_controllen=0, msg_flags=0}, MSG_NOSIGNAL) = 428
21001 1783913108.068599 faccessat(AT_FDCWD, "/proc/self/task/21003", F_OK) = -1 ENOENT (No such file or directory)
21004 1783913108.379030 sendmsg(177, {msg_name=NULL, msg_namelen=0, msg_iov=[{iov_base="l\1\1\1\374\0\0\0\341\0\0\0\235\0\0\0\1\1o\0;\0\0\0/re/frid"..., iov_len=428}], msg_iovlen=1, msg_controllen=0, msg_flags=0}, MSG_NOSIGNAL) = 428
21004 1783913108.390733 sendmsg(177, {msg_name=NULL, msg_namelen=0, msg_iov=[{iov_base="l\1\1\1\374\0\0\0\342\0\0\0\235\0\0\0\1\1o\0;\0\0\0/re/frid"..., iov_len=428}], msg_iovlen=1, msg_controllen=0, msg_flags=0}, MSG_NOSIGNAL) = 428
21004 1783913108.426236 sendmsg(177, {msg_name=NULL, msg_namelen=0, msg_iov=[{iov_base="l\1\1\1\374\0\0\0\343\0\0\0\235\0\0\0\1\1o\0;\0\0\0/re/frid"..., iov_len=428}], msg_iovlen=1, msg_controllen=0, msg_flags=0}, MSG_NOSIGNAL) = 428
20892 1783913108.461279 recvfrom(100, 0x7fc3986420, 3200, MSG_DONTWAIT, NULL, NULL) = -1 EAGAIN (Try again)
20892 1783913108.469109 recvfrom(100, "nysv\0\0\0\0\0\0\0\0\0\0\0\0\357\316a\221\220\1\0\0\204\220\1\0\0\0\0\0", 3200, MSG_DONTWAIT, NULL, NULL) = 32
20892 1783913108.469139 recvfrom(100, 0x7fc3986860, 3200, MSG_DONTWAIT, NULL, NULL) = -1 EAGAIN (Try again)
20892 1783913108.469162 recvfrom(114, 0x7d0fd84020, 2272, MSG_DONTWAIT, NULL, NULL) = -1 EAGAIN (Try again)
21004 1783913108.470941 sendmsg(177, {msg_name=NULL, msg_namelen=0, msg_iov=[{iov_base="l\1\1\1\374\0\0\0\344\0\0\0\235\0\0\0\1\1o\0;\0\0\0/re/frid"..., iov_len=428}], msg_iovlen=1, msg_controllen=0, msg_flags=0}, MSG_NOSIGNAL) = 428
20892 1783913108.492241 recvfrom(100, 0x7fc3985570, 3200, MSG_DONTWAIT, NULL, NULL) = -1 EAGAIN (Try again)
20892 1783913108.503349 recvfrom(100, "nysv\0\0\0\0\0\0\0\0\0\0\0\0\30\310^\223\220\1\0\0\206\220\1\0\0\0\0\0", 3200, MSG_DONTWAIT, NULL, NULL) = 32
20892 1783913108.503442 recvfrom(100, 0x7fc3986860, 3200, MSG_DONTWAIT, NULL, NULL) = -1 EAGAIN (Try again)
20892 1783913108.503546 recvfrom(100, 0x7fc3985fa0, 3200, MSG_DONTWAIT, NULL, NULL) = -1 EAGAIN (Try again)
21004 1783913108.504020 sendmsg(177, {msg_name=NULL, msg_namelen=0, msg_iov=[{iov_base="l\1\1\1\374\0\0\0\345\0\0\0\235\0\0\0\1\1o\0;\0\0\0/re/frid"..., iov_len=428}], msg_iovlen=1, msg_controllen=0, msg_flags=0}, MSG_NOSIGNAL) = 428
20892 1783913108.519830 recvfrom(100, "nysv\0\0\0\0\0\0\0\0\0\0\0\0B\30]\224\220\1\0\0\207\220\1\0\0\0\0\0", 3200, MSG_DONTWAIT, NULL, NULL) = 32
20892 1783913108.519850 recvfrom(100, 0x7fc3986860, 3200, MSG_DONTWAIT, NULL, NULL) = -1 EAGAIN (Try again)
21004 1783913108.520211 sendmsg(177, {msg_name=NULL, msg_namelen=0, msg_iov=[{iov_base="l\1\1\1\374\0\0\0\346\0\0\0\235\0\0\0\1\1o\0;\0\0\0/re/frid"..., iov_len=428}], msg_iovlen=1, msg_controllen=0, msg_flags=0}, MSG_NOSIGNAL) = 428
20952 1783913108.668758 recvmsg(110, {msg_name=NULL, msg_namelen=0, msg_iov=[{iov_base="\300\0\0\0\0\0\0\0\5\0\0\0\0\0\0\0\0\0\0\0\0\0\0\0\r\243x\270\274\246\245\263"..., iov_len=4096}], msg_iovlen=1, msg_controllen=0, msg_flags=0}, MSG_DONTWAIT) = 584
20892 1783913108.962559 recvfrom(100, 0x7fc3986420, 3200, MSG_DONTWAIT, NULL, NULL) = -1 EAGAIN (Try again)
20892 1783913108.969444 recvfrom(100, "nysv\0\0\0\0\0\0\0\0\0\0\0\0\301\207-\257\220\1\0\0\242\220\1\0\0\0\0\0", 3200, MSG_DONTWAIT, NULL, NULL) = 32
20892 1783913108.969543 recvfrom(100, 0x7fc3986860, 3200, MSG_DONTWAIT, NULL, NULL) = -1 EAGAIN (Try again)
20892 1783913108.969613 recvfrom(114, 0x7d0fd84020, 2272, MSG_DONTWAIT, NULL, NULL) = -1 EAGAIN (Try again)
21004 1783913108.974890 sendmsg(177, {msg_name=NULL, msg_namelen=0, msg_iov=[{iov_base="l\1\1\1\374\0\0\0\347\0\0\0\235\0\0\0\1\1o\0;\0\0\0/re/frid"..., iov_len=428}], msg_iovlen=1, msg_controllen=0, msg_flags=0}, MSG_NOSIGNAL) = 428
20892 1783913109.011486 recvfrom(100, 0x7fc3985570, 3200, MSG_DONTWAIT, NULL, NULL) = -1 EAGAIN (Try again)
20892 1783913109.019315 recvfrom(100, "nysv\0\0\0\0\0\0\0\0\0\0\0\0\256l)\262\220\1\0\0\245\220\1\0\0\0\0\0", 3200, MSG_DONTWAIT, NULL, NULL) = 32
20892 1783913109.019447 recvfrom(100, 0x7fc3986860, 3200, MSG_DONTWAIT, NULL, NULL) = -1 EAGAIN (Try again)
20892 1783913109.019627 recvfrom(100, 0x7fc3985fa0, 3200, MSG_DONTWAIT, NULL, NULL) = -1 EAGAIN (Try again)
21004 1783913109.020461 sendmsg(177, {msg_name=NULL, msg_namelen=0, msg_iov=[{iov_base="l\1\1\1\374\0\0\0\350\0\0\0\235\0\0\0\1\1o\0;\0\0\0/re/frid"..., iov_len=428}], msg_iovlen=1, msg_controllen=0, msg_flags=0}, MSG_NOSIGNAL) = 428
20892 1783913109.037232 recvfrom(100, "nysv\0\0\0\0\0\0\0\0\0\0\0\0J\232'\263\220\1\0\0\246\220\1\0\0\0\0\0", 3200, MSG_DONTWAIT, NULL, NULL) = 32
20892 1783913109.037271 recvfrom(100, 0x7fc3986860, 3200, MSG_DONTWAIT, NULL, NULL) = -1 EAGAIN (Try again)
21004 1783913109.037759 sendmsg(177, {msg_name=NULL, msg_namelen=0, msg_iov=[{iov_base="l\1\1\1\374\0\0\0\351\0\0\0\235\0\0\0\1\1o\0;\0\0\0/re/frid"..., iov_len=428}], msg_iovlen=1, msg_controllen=0, msg_flags=0}, MSG_NOSIGNAL) = 428
21004 1783913109.395111 sendmsg(177, {msg_name=NULL, msg_namelen=0, msg_iov=[{iov_base="l\1\1\1\374\0\0\0\352\0\0\0\235\0\0\0\1\1o\0;\0\0\0/re/frid"..., iov_len=428}], msg_iovlen=1, msg_controllen=0, msg_flags=0}, MSG_NOSIGNAL) = 428
20892 1783913109.466800 recvfrom(100, 0x7fc3986420, 3200, MSG_DONTWAIT, NULL, NULL) = -1 EAGAIN (Try again)
20892 1783913109.469242 recvfrom(100, "nysv\0\0\0\0\0\0\0\0\0\0\0\0\205\262\373\314\220\1\0\0\300\220\1\0\0\0\0\0", 3200, MSG_DONTWAIT, NULL, NULL) = 32
20892 1783913109.469440 recvfrom(100, 0x7fc3986860, 3200, MSG_DONTWAIT, NULL, NULL) = -1 EAGAIN (Try again)
20892 1783913109.469843 recvfrom(114, 0x7d0fd84020, 2272, MSG_DONTWAIT, NULL, NULL) = -1 EAGAIN (Try again)
21004 1783913109.480743 sendmsg(177, {msg_name=NULL, msg_namelen=0, msg_iov=[{iov_base="l\1\1\1\374\0\0\0\353\0\0\0\235\0\0\0\1\1o\0;\0\0\0/re/frid"..., iov_len=428}], msg_iovlen=1, msg_controllen=0, msg_flags=0}, MSG_NOSIGNAL) = 428
20892 1783913109.499688 recvfrom(100, 0x7fc3985570, 3200, MSG_DONTWAIT, NULL, NULL) = -1 EAGAIN (Try again)
20892 1783913109.502287 recvfrom(100, "nysv\0\0\0\0\0\0\0\0\0\0\0\0\217@\371\316\220\1\0\0\302\220\1\0\0\0\0\0", 3200, MSG_DONTWAIT, NULL, NULL) = 32
20892 1783913109.502561 recvfrom(100, 0x7fc3986860, 3200, MSG_DONTWAIT, NULL, NULL) = -1 EAGAIN (Try again)
20892 1783913109.503772 recvfrom(100, 0x7fc3985fa0, 3200, MSG_DONTWAIT, NULL, NULL) = -1 EAGAIN (Try again)
21004 1783913109.513494 sendmsg(177, {msg_name=NULL, msg_namelen=0, msg_iov=[{iov_base="l\1\1\1\374\0\0\0\354\0\0\0\235\0\0\0\1\1o\0;\0\0\0/re/frid"..., iov_len=428}], msg_iovlen=1, msg_controllen=0, msg_flags=0}, MSG_NOSIGNAL) = 428
20892 1783913109.520664 recvfrom(100, "nysv\0\0\0\0\0\0\0\0\0\0\0\0\n\307\367\317\220\1\0\0\303\220\1\0\0\0\0\0", 3200, MSG_DONTWAIT, NULL, NULL) = 32
20892 1783913109.520899 recvfrom(100, 0x7fc3986860, 3200, MSG_DONTWAIT, NULL, NULL) = -1 EAGAIN (Try again)
21004 1783913109.530178 sendmsg(177, {msg_name=NULL, msg_namelen=0, msg_iov=[{iov_base="l\1\1\1\374\0\0\0\355\0\0\0\235\0\0\0\1\1o\0;\0\0\0/re/frid"..., iov_len=428}], msg_iovlen=1, msg_controllen=0, msg_flags=0}, MSG_NOSIGNAL) = 428
20892 1783913109.976823 recvfrom(100, 0x7fc3986420, 3200, MSG_DONTWAIT, NULL, NULL) = -1 EAGAIN (Try again)
20892 1783913109.989147 recvfrom(100, "nysv\0\0\0\0\0\0\0\0\0\0\0\0I`\306\353\220\1\0\0\337\220\1\0\0\0\0\0", 3200, MSG_DONTWAIT, NULL, NULL) = 32
20892 1783913109.989659 recvfrom(100, 0x7fc3986860, 3200, MSG_DONTWAIT, NULL, NULL) = -1 EAGAIN (Try again)
20892 1783913109.990441 recvfrom(114, 0x7d0fd84020, 2272, MSG_DONTWAIT, NULL, NULL) = -1 EAGAIN (Try again)
21004 1783913110.011424 sendmsg(177, {msg_name=NULL, msg_namelen=0, msg_iov=[{iov_base="l\1\1\1\374\0\0\0\356\0\0\0\235\0\0\0\1\1o\0;\0\0\0/re/frid"..., iov_len=428}], msg_iovlen=1, msg_controllen=0, msg_flags=0}, MSG_NOSIGNAL) = 428
20892 1783913110.036275 recvfrom(100, 0x7fc3985570, 3200, MSG_DONTWAIT, NULL, NULL) = -1 EAGAIN (Try again)
20892 1783913110.055086 recvfrom(100, "nysv\0\0\0\0\0\0\0\0\0\0\0\0!:\300\357\220\1\0\0\343\220\1\0\0\0\0\0", 3200, MSG_DONTWAIT, NULL, NULL) = 32
20892 1783913110.055425 recvfrom(100, 0x7fc3986860, 3200, MSG_DONTWAIT, NULL, NULL) = -1 EAGAIN (Try again)
20892 1783913110.061555 recvfrom(100, 0x7fc3985fa0, 3200, MSG_DONTWAIT, NULL, NULL) = -1 EAGAIN (Try again)
21004 1783913110.066844 sendmsg(177, {msg_name=NULL, msg_namelen=0, msg_iov=[{iov_base="l\1\1\1\374\0\0\0\357\0\0\0\235\0\0\0\1\1o\0;\0\0\0/re/frid"..., iov_len=428}], msg_iovlen=1, msg_controllen=0, msg_flags=0}, MSG_NOSIGNAL) = 428
20892 1783913110.070116 recvfrom(100, "nysv\0\0\0\0\0\0\0\0\0\0\0\0\r\315\276\360\220\1\0\0\344\220\1\0\0\0\0\0", 3200, MSG_DONTWAIT, NULL, NULL) = 32
20892 1783913110.070392 recvfrom(100, 0x7fc3986860, 3200, MSG_DONTWAIT, NULL, NULL) = -1 EAGAIN (Try again)
21004 1783913110.075261 sendmsg(177, {msg_name=NULL, msg_namelen=0, msg_iov=[{iov_base="l\1\1\1\374\0\0\0\360\0\0\0\235\0\0\0\1\1o\0;\0\0\0/re/frid"..., iov_len=428}], msg_iovlen=1, msg_controllen=0, msg_flags=0}, MSG_NOSIGNAL) = 428
21004 1783913110.420040 sendmsg(177, {msg_name=NULL, msg_namelen=0, msg_iov=[{iov_base="l\1\1\1\374\0\0\0\361\0\0\0\235\0\0\0\1\1o\0;\0\0\0/re/frid"..., iov_len=428}], msg_iovlen=1, msg_controllen=0, msg_flags=0}, MSG_NOSIGNAL) = 428
21004 1783913110.441779 sendmsg(177, {msg_name=NULL, msg_namelen=0, msg_iov=[{iov_base="l\1\1\1\374\0\0\0\362\0\0\0\235\0\0\0\1\1o\0;\0\0\0/re/frid"..., iov_len=428}], msg_iovlen=1, msg_controllen=0, msg_flags=0}, MSG_NOSIGNAL) = 428
21004 1783913110.460656 sendmsg(177, {msg_name=NULL, msg_namelen=0, msg_iov=[{iov_base="l\1\1\1\374\0\0\0\363\0\0\0\235\0\0\0\1\1o\0;\0\0\0/re/frid"..., iov_len=428}], msg_iovlen=1, msg_controllen=0, msg_flags=0}, MSG_NOSIGNAL) = 428
20892 1783913110.479984 recvfrom(100, 0x7fc3986420, 3200, MSG_DONTWAIT, NULL, NULL) = -1 EAGAIN (Try again)
20892 1783913110.486393 recvfrom(100, "nysv\0\0\0\0\0\0\0\0\0\0\0\0\232)\225\t\221\1\0\0\375\220\1\0\0\0\0\0", 3200, MSG_DONTWAIT, NULL, NULL) = 32
20892 1783913110.486706 recvfrom(100, 0x7fc3986860, 3200, MSG_DONTWAIT, NULL, NULL) = -1 EAGAIN (Try again)
20892 1783913110.487103 recvfrom(114, 0x7d0fd84020, 2272, MSG_DONTWAIT, NULL, NULL) = -1 EAGAIN (Try again)
21004 1783913110.498305 sendmsg(177, {msg_name=NULL, msg_namelen=0, msg_iov=[{iov_base="l\1\1\1\374\0\0\0\364\0\0\0\235\0\0\0\1\1o\0;\0\0\0/re/frid"..., iov_len=428}], msg_iovlen=1, msg_controllen=0, msg_flags=0}, MSG_NOSIGNAL) = 428
20892 1783913110.520052 recvfrom(100, 0x7fc3985570, 3200, MSG_DONTWAIT, NULL, NULL) = -1 EAGAIN (Try again)
20892 1783913110.538791 recvfrom(100, "nysv\0\0\0\0\0\0\0\0\0\0\0\0\vH\220\f\221\1\0\0\0\221\1\0\200\0\0\0", 3200, MSG_DONTWAIT, NULL, NULL) = 32
20892 1783913110.539102 recvfrom(100, 0x7fc3986860, 3200, MSG_DONTWAIT, NULL, NULL) = -1 EAGAIN (Try again)
20892 1783913110.546217 recvfrom(100, 0x7fc3985fa0, 3200, MSG_DONTWAIT, NULL, NULL) = -1 EAGAIN (Try again)
21004 1783913110.552032 sendmsg(177, {msg_name=NULL, msg_namelen=0, msg_iov=[{iov_base="l\1\1\1\374\0\0\0\365\0\0\0\235\0\0\0\1\1o\0;\0\0\0/re/frid"..., iov_len=428}], msg_iovlen=1, msg_controllen=0, msg_flags=0}, MSG_NOSIGNAL) = 428
20892 1783913110.553799 recvfrom(100, "nysv\0\0\0\0\0\0\0\0\0\0\0\0\206\321\216\r\221\1\0\0\1\221\1\0\0\0\0\0", 3200, MSG_DONTWAIT, NULL, NULL) = 32
20892 1783913110.553972 recvfrom(100, 0x7fc3986860, 3200, MSG_DONTWAIT, NULL, NULL) = -1 EAGAIN (Try again)
21004 1783913110.559703 sendmsg(177, {msg_name=NULL, msg_namelen=0, msg_iov=[{iov_base="l\1\1\1\374\0\0\0\366\0\0\0\235\0\0\0\1\1o\0;\0\0\0/re/frid"..., iov_len=428}], msg_iovlen=1, msg_controllen=0, msg_flags=0}, MSG_NOSIGNAL) = 428
20948 1783913110.655834 newfstatat(AT_FDCWD, "/data/user/0/app.fedilab.mobilizon/app_webview/Default/Service Worker/CacheStorage/01e4b316ab809d98beeb8793e5c3a7a8aa1f67ca/4f06f6db-ad07-4bcb-b11e-44a218825a75/index-dir", {st_mode=S_IFDIR|0700, st_size=4096, ...}, 0) = 0
20948 1783913110.656331 newfstatat(AT_FDCWD, "/data/user/0/app.fedilab.mobilizon/app_webview/Default/Service Worker/CacheStorage/01e4b316ab809d98beeb8793e5c3a7a8aa1f67ca/4f06f6db-ad07-4bcb-b11e-44a218825a75", {st_mode=S_IFDIR|0700, st_size=4096, ...}, 0) = 0
20948 1783913110.656535 openat(AT_FDCWD, "/data/user/0/app.fedilab.mobilizon/app_webview/Default/Service Worker/CacheStorage/01e4b316ab809d98beeb8793e5c3a7a8aa1f67ca/4f06f6db-ad07-4bcb-b11e-44a218825a75/index-dir/temp-index", O_WRONLY|O_CREAT|O_TRUNC, 0600) = 150
20948 1783913110.657371 renameat(AT_FDCWD, "/data/user/0/app.fedilab.mobilizon/app_webview/Default/Service Worker/CacheStorage/01e4b316ab809d98beeb8793e5c3a7a8aa1f67ca/4f06f6db-ad07-4bcb-b11e-44a218825a75/index-dir/temp-index", AT_FDCWD, "/data/user/0/app.fedilab.mobilizon/app_webview/Default/Service Worker/CacheStorage/01e4b316ab809d98beeb8793e5c3a7a8aa1f67ca/4f06f6db-ad07-4bcb-b11e-44a218825a75/index-dir/the-real-index") = 0
20948 1783913110.709162 openat(AT_FDCWD, "/data/user/0/app.fedilab.mobilizon/app_webview/Default/Service Worker/CacheStorage/01e4b316ab809d98beeb8793e5c3a7a8aa1f67ca/index.txt.tmp", O_WRONLY|O_CREAT|O_TRUNC, 0666) = 150
20948 1783913110.710162 renameat(AT_FDCWD, "/data/user/0/app.fedilab.mobilizon/app_webview/Default/Service Worker/CacheStorage/01e4b316ab809d98beeb8793e5c3a7a8aa1f67ca/index.txt.tmp", AT_FDCWD, "/data/user/0/app.fedilab.mobilizon/app_webview/Default/Service Worker/CacheStorage/01e4b316ab809d98beeb8793e5c3a7a8aa1f67ca/index.txt") = 0
20957 1783913110.881500 newfstatat(AT_FDCWD, "/data/user/0/app.fedilab.mobilizon/cache/WebView/Default/HTTP Cache/Code Cache/js/index-dir", {st_mode=S_IFDIR|S_ISGID|0700, st_size=4096, ...}, 0) = 0
20957 1783913110.882634 newfstatat(AT_FDCWD, "/data/user/0/app.fedilab.mobilizon/cache/WebView/Default/HTTP Cache/Code Cache/js", {st_mode=S_IFDIR|S_ISGID|0700, st_size=4096, ...}, 0) = 0
20957 1783913110.883057 openat(AT_FDCWD, "/data/user/0/app.fedilab.mobilizon/cache/WebView/Default/HTTP Cache/Code Cache/js/index-dir/temp-index", O_WRONLY|O_CREAT|O_TRUNC, 0600) = 150
20957 1783913110.884638 renameat(AT_FDCWD, "/data/user/0/app.fedilab.mobilizon/cache/WebView/Default/HTTP Cache/Code Cache/js/index-dir/temp-index", AT_FDCWD, "/data/user/0/app.fedilab.mobilizon/cache/WebView/Default/HTTP Cache/Code Cache/js/index-dir/the-real-index") = 0
20892 1783913110.983922 recvfrom(100, 0x7fc3986420, 3200, MSG_DONTWAIT, NULL, NULL) = -1 EAGAIN (Try again)
20892 1783913110.986860 recvfrom(100, "nysv\0\0\0\0\0\0\0\0\0\0\0\0\217\247a'\221\1\0\0\33\221\1\0\0\0\0\0", 3200, MSG_DONTWAIT, NULL, NULL) = 32
20892 1783913110.987183 recvfrom(100, 0x7fc3986860, 3200, MSG_DONTWAIT, NULL, NULL) = -1 EAGAIN (Try again)
20892 1783913110.987491 recvfrom(114, 0x7d0fd84020, 2272, MSG_DONTWAIT, NULL, NULL) = -1 EAGAIN (Try again)
21004 1783913111.011819 sendmsg(177, {msg_name=NULL, msg_namelen=0, msg_iov=[{iov_base="l\1\1\1\374\0\0\0\367\0\0\0\235\0\0\0\1\1o\0;\0\0\0/re/frid"..., iov_len=428}], msg_iovlen=1, msg_controllen=0, msg_flags=0}, MSG_NOSIGNAL) = 428
20892 1783913111.036087 recvfrom(100, 0x7fc3985570, 3200, MSG_DONTWAIT, NULL, NULL) = -1 EAGAIN (Try again)
20892 1783913111.055381 recvfrom(100, "nysv\0\0\0\0\0\0\0\0\0\0\0\0\375\202[+\221\1\0\0\37\221\1\0\0\0\0\0", 3200, MSG_DONTWAIT, NULL, NULL) = 32
20892 1783913111.055760 recvfrom(100, 0x7fc3986860, 3200, MSG_DONTWAIT, NULL, NULL) = -1 EAGAIN (Try again)
20892 1783913111.057117 recvfrom(100, 0x7fc3985fa0, 3200, MSG_DONTWAIT, NULL, NULL) = -1 EAGAIN (Try again)
21004 1783913111.065591 sendmsg(177, {msg_name=NULL, msg_namelen=0, msg_iov=[{iov_base="l\1\1\1\374\0\0\0\370\0\0\0\235\0\0\0\1\1o\0;\0\0\0/re/frid"..., iov_len=428}], msg_iovlen=1, msg_controllen=0, msg_flags=0}, MSG_NOSIGNAL) = 428
20892 1783913111.069849 recvfrom(100, "nysv\0\0\0\0\0\0\0\0\0\0\0\0\311\346Y,\221\1\0\0 \221\1\0\0\0\0\0", 3200, MSG_DONTWAIT, NULL, NULL) = 32
20892 1783913111.070050 recvfrom(100, 0x7fc3986860, 3200, MSG_DONTWAIT, NULL, NULL) = -1 EAGAIN (Try again)
21004 1783913111.075732 sendmsg(177, {msg_name=NULL, msg_namelen=0, msg_iov=[{iov_base="l\1\1\1\374\0\0\0\371\0\0\0\235\0\0\0\1\1o\0;\0\0\0/re/frid"..., iov_len=428}], msg_iovlen=1, msg_controllen=0, msg_flags=0}, MSG_NOSIGNAL) = 428
20892 1783913111.489571 recvfrom(100, 0x7fc3986420, 3200, MSG_DONTWAIT, NULL, NULL) = -1 EAGAIN (Try again)
20892 1783913111.502442 recvfrom(100, "nysv\0\0\0\0\0\0\0\0\0\0\0\0i.-F\221\1\0\0:\221\1\0\0\0\0\0", 3200, MSG_DONTWAIT, NULL, NULL) = 32
20892 1783913111.502998 recvfrom(100, 0x7fc3986860, 3200, MSG_DONTWAIT, NULL, NULL) = -1 EAGAIN (Try again)
20892 1783913111.503560 recvfrom(114, 0x7d0fd84020, 2272, MSG_DONTWAIT, NULL, NULL) = -1 EAGAIN (Try again)
21004 1783913111.521563 sendmsg(177, {msg_name=NULL, msg_namelen=0, msg_iov=[{iov_base="l\1\1\1\374\0\0\0\372\0\0\0\235\0\0\0\1\1o\0;\0\0\0/re/frid"..., iov_len=428}], msg_iovlen=1, msg_controllen=0, msg_flags=0}, MSG_NOSIGNAL) = 428
20892 1783913111.543532 recvfrom(100, 0x7fc3985570, 3200, MSG_DONTWAIT, NULL, NULL) = -1 EAGAIN (Try again)
20892 1783913111.552338 recvfrom(100, "nysv\0\0\0\0\0\0\0\0\0\0\0\0003\24)I\221\1\0\0=\221\1\0\0\0\0\0", 3200, MSG_DONTWAIT, NULL, NULL) = 32
20892 1783913111.552877 recvfrom(100, 0x7fc3986860, 3200, MSG_DONTWAIT, NULL, NULL) = -1 EAGAIN (Try again)
20892 1783913111.557549 recvfrom(100, 0x7fc3985fa0, 3200, MSG_DONTWAIT, NULL, NULL) = -1 EAGAIN (Try again)
21004 1783913111.564190 sendmsg(177, {msg_name=NULL, msg_namelen=0, msg_iov=[{iov_base="l\1\1\1\374\0\0\0\373\0\0\0\235\0\0\0\1\1o\0;\0\0\0/re/frid"..., iov_len=428}], msg_iovlen=1, msg_controllen=0, msg_flags=0}, MSG_NOSIGNAL) = 428
20892 1783913111.569664 recvfrom(100, "nysv\0\0\0\0\0\0\0\0\0\0\0\0]d'J\221\1\0\0>\221\1\0\0\0\0\0", 3200, MSG_DONTWAIT, NULL, NULL) = 32
20892 1783913111.569909 recvfrom(100, 0x7fc3986860, 3200, MSG_DONTWAIT, NULL, NULL) = -1 EAGAIN (Try again)
21004 1783913111.574660 sendmsg(177, {msg_name=NULL, msg_namelen=0, msg_iov=[{iov_base="l\1\1\1\374\0\0\0\374\0\0\0\235\0\0\0\1\1o\0;\0\0\0/re/frid"..., iov_len=428}], msg_iovlen=1, msg_controllen=0, msg_flags=0}, MSG_NOSIGNAL) = 428
20952 1783913111.679944 recvmsg(110, {msg_name=NULL, msg_namelen=0, msg_iov=[{iov_base="\320\1\0\0\0\0\0\0\5\0\0\0\0\0\0\0\0\0\0\0\0\0\0\0\r\243x\270\274\246\245\263"..., iov_len=4096}], msg_iovlen=1, msg_controllen=0, msg_flags=0}, MSG_DONTWAIT) = 464
20892 1783913111.991625 recvfrom(100, 0x7fc3986420, 3200, MSG_DONTWAIT, NULL, NULL) = -1 EAGAIN (Try again)
20892 1783913112.003105 recvfrom(100, "nysv\0\0\0\0\0\0\0\0\0\0\0\0\320\200\372c\221\1\0\0X\221\1\0\0\0\0\0", 3200, MSG_DONTWAIT, NULL, NULL) = 32
20892 1783913112.003762 recvfrom(100, 0x7fc3986860, 3200, MSG_DONTWAIT, NULL, NULL) = -1 EAGAIN (Try again)
20892 1783913112.004673 recvfrom(114, 0x7d0fd84020, 2272, MSG_DONTWAIT, NULL, NULL) = -1 EAGAIN (Try again)
21004 1783913112.021426 sendmsg(177, {msg_name=NULL, msg_namelen=0, msg_iov=[{iov_base="l\1\1\1\374\0\0\0\375\0\0\0\235\0\0\0\1\1o\0;\0\0\0/re/frid"..., iov_len=428}], msg_iovlen=1, msg_controllen=0, msg_flags=0}, MSG_NOSIGNAL) = 428
20892 1783913112.045304 recvfrom(100, 0x7fc3985570, 3200, MSG_DONTWAIT, NULL, NULL) = -1 EAGAIN (Try again)
20892 1783913112.052621 recvfrom(100, "nysv\0\0\0\0\0\0\0\0\0\0\0\0\247J\366f\221\1\0\0[\221\1\0\0\0\0\0", 3200, MSG_DONTWAIT, NULL, NULL) = 32
20892 1783913112.053190 recvfrom(100, 0x7fc3986860, 3200, MSG_DONTWAIT, NULL, NULL) = -1 EAGAIN (Try again)
20892 1783913112.054683 recvfrom(100, 0x7fc3985fa0, 3200, MSG_DONTWAIT, NULL, NULL) = -1 EAGAIN (Try again)
21004 1783913112.062541 sendmsg(177, {msg_name=NULL, msg_namelen=0, msg_iov=[{iov_base="l\1\1\1\374\0\0\0\376\0\0\0\235\0\0\0\1\1o\0;\0\0\0/re/frid"..., iov_len=428}], msg_iovlen=1, msg_controllen=0, msg_flags=0}, MSG_NOSIGNAL) = 428
20892 1783913112.071700 recvfrom(100, "nysv\0\0\0\0\0\0\0\0\0\0\0\0\321\232\364g\221\1\0\0\\\221\1\0\0\0\0\0", 3200, MSG_DONTWAIT, NULL, NULL) = 32
20892 1783913112.072393 recvfrom(100, 0x7fc3986860, 3200, MSG_DONTWAIT, NULL, NULL) = -1 EAGAIN (Try again)
21004 1783913112.083040 sendmsg(177, {msg_name=NULL, msg_namelen=0, msg_iov=[{iov_base="l\1\1\1\374\0\0\0\377\0\0\0\235\0\0\0\1\1o\0;\0\0\0/re/frid"..., iov_len=428}], msg_iovlen=1, msg_controllen=0, msg_flags=0}, MSG_NOSIGNAL) = 428
20892 1783913112.495256 recvfrom(100, 0x7fc3986420, 3200, MSG_DONTWAIT, NULL, NULL) = -1 EAGAIN (Try again)
20892 1783913112.503180 recvfrom(100, "nysv\0\0\0\0\0\0\0\0\0\0\0\0\356\343\307\201\221\1\0\0v\221\1\0\0\0\0\0", 3200, MSG_DONTWAIT, NULL, NULL) = 32
20892 1783913112.503952 recvfrom(100, 0x7fc3986860, 3200, MSG_DONTWAIT, NULL, NULL) = -1 EAGAIN (Try again)
20892 1783913112.504704 recvfrom(114, 0x7d0fd84020, 2272, MSG_DONTWAIT, NULL, NULL) = -1 EAGAIN (Try again)
21004 1783913112.525116 sendmsg(177, {msg_name=NULL, msg_namelen=0, msg_iov=[{iov_base="l\1\1\1\374\0\0\0\0\1\0\0\235\0\0\0\1\1o\0;\0\0\0/re/frid"..., iov_len=428}], msg_iovlen=1, msg_controllen=0, msg_flags=0}, MSG_NOSIGNAL) = 428
20892 1783913112.549357 recvfrom(100, 0x7fc3985570, 3200, MSG_DONTWAIT, NULL, NULL) = -1 EAGAIN (Try again)
20892 1783913112.552627 recvfrom(100, "nysv\0\0\0\0\0\0\0\0\0\0\0\0B\313\303\204\221\1\0\0y\221\1\0\0\0\0\0", 3200, MSG_DONTWAIT, NULL, NULL) = 32
20892 1783913112.552963 recvfrom(100, 0x7fc3986860, 3200, MSG_DONTWAIT, NULL, NULL) = -1 EAGAIN (Try again)
20892 1783913112.554565 recvfrom(100, 0x7fc39860d0, 3200, MSG_DONTWAIT, NULL, NULL) = -1 EAGAIN (Try again)
21004 1783913112.564037 sendmsg(177, {msg_name=NULL, msg_namelen=0, msg_iov=[{iov_base="l\1\1\1\374\0\0\0\1\1\0\0\235\0\0\0\1\1o\0;\0\0\0/re/frid"..., iov_len=428}], msg_iovlen=1, msg_controllen=0, msg_flags=0}, MSG_NOSIGNAL) = 428
20957 1783913112.570259 newfstatat(AT_FDCWD, "/data/user/0/app.fedilab.mobilizon/cache/WebView/Default/HTTP Cache/index-dir",  <unfinished ...>
20892 1783913112.570300 recvfrom(100,  <unfinished ...>
20957 1783913112.570448 <... newfstatat resumed> {st_mode=S_IFDIR|S_ISGID|0700, st_size=4096, ...}, 0) = 0
20957 1783913112.570598 newfstatat(AT_FDCWD, "/data/user/0/app.fedilab.mobilizon/cache/WebView/Default/HTTP Cache",  <unfinished ...>
20892 1783913112.570604 <... recvfrom resumed> "nysv\0\0\0\0\0\0\0\0\0\0\0\0\\2\302\205\221\1\0\0z\221\1\0\0\0\0\0", 3200, MSG_DONTWAIT, NULL, NULL) = 32
20957 1783913112.570628 <... newfstatat resumed> {st_mode=S_IFDIR|S_ISGID|0700, st_size=16384, ...}, 0) = 0
20957 1783913112.570745 openat(AT_FDCWD, "/data/user/0/app.fedilab.mobilizon/cache/WebView/Default/HTTP Cache/index-dir/temp-index", O_WRONLY|O_CREAT|O_TRUNC, 0600 <unfinished ...>
20892 1783913112.570762 recvfrom(100,  <unfinished ...>
20957 1783913112.571011 <... openat resumed> ) = 150
20892 1783913112.571050 <... recvfrom resumed> 0x7fc3986860, 3200, MSG_DONTWAIT, NULL, NULL) = -1 EAGAIN (Try again)
20957 1783913112.572234 renameat(AT_FDCWD, "/data/user/0/app.fedilab.mobilizon/cache/WebView/Default/HTTP Cache/index-dir/temp-index", AT_FDCWD, "/data/user/0/app.fedilab.mobilizon/cache/WebView/Default/HTTP Cache/index-dir/the-real-index") = 0
21004 1783913112.581368 sendmsg(177, {msg_name=NULL, msg_namelen=0, msg_iov=[{iov_base="l\1\1\1\374\0\0\0\2\1\0\0\235\0\0\0\1\1o\0;\0\0\0/re/frid"..., iov_len=428}], msg_iovlen=1, msg_controllen=0, msg_flags=0}, MSG_NOSIGNAL) = 428
20892 1783913113.000425 recvfrom(100, 0x7fc3986420, 3200, MSG_DONTWAIT, NULL, NULL) = -1 EAGAIN (Try again)
20892 1783913113.002762 recvfrom(100, "nysv\0\0\0\0\0\0\0\0\0\0\0\0+X\225\237\221\1\0\0\224\221\1\0\0\0\0\0", 3200, MSG_DONTWAIT, NULL, NULL) = 32
20892 1783913113.003010 recvfrom(100, 0x7fc3986860, 3200, MSG_DONTWAIT, NULL, NULL) = -1 EAGAIN (Try again)
20892 1783913113.003439 recvfrom(114, 0x7d0fd84020, 2272, MSG_DONTWAIT, NULL, NULL) = -1 EAGAIN (Try again)
21004 1783913113.022921 sendmsg(177, {msg_name=NULL, msg_namelen=0, msg_iov=[{iov_base="l\1\1\1\374\0\0\0\3\1\0\0\235\0\0\0\1\1o\0;\0\0\0/re/frid"..., iov_len=428}], msg_iovlen=1, msg_controllen=0, msg_flags=0}, MSG_NOSIGNAL) = 428
20892 1783913113.046291 recvfrom(100, 0x7fc3985570, 3200, MSG_DONTWAIT, NULL, NULL) = -1 EAGAIN (Try again)
20892 1783913113.052697 recvfrom(100, "nysv\0\0\0\0\0\0\0\0\0\0\0\0\3163\221\242\221\1\0\0\227\221\1\0\0\0\0\0", 3200, MSG_DONTWAIT, NULL, NULL) = 32
20892 1783913113.053090 recvfrom(100, 0x7fc3986860, 3200, MSG_DONTWAIT, NULL, NULL) = -1 EAGAIN (Try again)
20892 1783913113.055033 recvfrom(100, 0x7fc39860d0, 3200, MSG_DONTWAIT, NULL, NULL) = -1 EAGAIN (Try again)
21004 1783913113.061759 sendmsg(177, {msg_name=NULL, msg_namelen=0, msg_iov=[{iov_base="l\1\1\1\374\0\0\0\4\1\0\0\235\0\0\0\1\1o\0;\0\0\0/re/frid"..., iov_len=428}], msg_iovlen=1, msg_controllen=0, msg_flags=0}, MSG_NOSIGNAL) = 428
20892 1783913113.071821 recvfrom(100, "nysv\0\0\0\0\0\0\0\0\0\0\0\0\370\203\217\243\221\1\0\0\230\221\1\0\0\0\0\0", 3200, MSG_DONTWAIT, NULL, NULL) = 32
20892 1783913113.072441 recvfrom(100, 0x7fc3986860, 3200, MSG_DONTWAIT, NULL, NULL) = -1 EAGAIN (Try again)
21004 1783913113.079708 sendmsg(177, {msg_name=NULL, msg_namelen=0, msg_iov=[{iov_base="l\1\1\1\374\0\0\0\5\1\0\0\235\0\0\0\1\1o\0;\0\0\0/re/frid"..., iov_len=428}], msg_iovlen=1, msg_controllen=0, msg_flags=0}, MSG_NOSIGNAL) = 428
20892 1783913113.504795 recvfrom(100, 0x7fc3986420, 3200, MSG_DONTWAIT, NULL, NULL) = -1 EAGAIN (Try again)
20892 1783913113.525347 recvfrom(100, "nysv\0\0\0\0\0\0\0\0\0\0\0\0\21\303`\276\221\1\0\0\262\221\1\0\0\0\0\0", 3200, MSG_DONTWAIT, NULL, NULL) = 32
20892 1783913113.526309 recvfrom(100, 0x7fc3986860, 3200, MSG_DONTWAIT, NULL, NULL) = -1 EAGAIN (Try again)
20892 1783913113.527539 recvfrom(114, 0x7d0fd84020, 2272, MSG_DONTWAIT, NULL, NULL) = -1 EAGAIN (Try again)
21004 1783913113.548992 sendmsg(177, {msg_name=NULL, msg_namelen=0, msg_iov=[{iov_base="l\1\1\1\374\0\0\0\6\1\0\0\235\0\0\0\1\1o\0;\0\0\0/re/frid"..., iov_len=428}], msg_iovlen=1, msg_controllen=0, msg_flags=0}, MSG_NOSIGNAL) = 428
20892 1783913113.574268 recvfrom(100, 0x7fc3985570, 3200, MSG_DONTWAIT, NULL, NULL) = -1 EAGAIN (Try again)
20892 1783913113.585773 recvfrom(100, "nysv\0\0\0\0\0\0\0\0\0\0\0\0s9[\302\221\1\0\0\266\221\1\0\0\0\0\0", 3200, MSG_DONTWAIT, NULL, NULL) = 32
20892 1783913113.586151 recvfrom(100, 0x7fc3986860, 3200, MSG_DONTWAIT, NULL, NULL) = -1 EAGAIN (Try again)
20892 1783913113.587913 recvfrom(100, 0x7fc39860d0, 3200, MSG_DONTWAIT, NULL, NULL) = -1 EAGAIN (Try again)
21004 1783913113.597129 sendmsg(177, {msg_name=NULL, msg_namelen=0, msg_iov=[{iov_base="l\1\1\1\374\0\0\0\7\1\0\0\235\0\0\0\1\1o\0;\0\0\0/re/frid"..., iov_len=428}], msg_iovlen=1, msg_controllen=0, msg_flags=0}, MSG_NOSIGNAL) = 428
20892 1783913113.603467 recvfrom(100, "nysv\0\0\0\0\0\0\0\0\0\0\0\0\235\211Y\303\221\1\0\0\267\221\1\0\0\0\0\0", 3200, MSG_DONTWAIT, NULL, NULL) = 32
20892 1783913113.603675 recvfrom(100, 0x7fc3986860, 3200, MSG_DONTWAIT, NULL, NULL) = -1 EAGAIN (Try again)
21004 1783913113.609357 sendmsg(177, {msg_name=NULL, msg_namelen=0, msg_iov=[{iov_base="l\1\1\1\374\0\0\0\10\1\0\0\235\0\0\0\1\1o\0;\0\0\0/re/frid"..., iov_len=428}], msg_iovlen=1, msg_controllen=0, msg_flags=0}, MSG_NOSIGNAL) = 428
20892 1783913114.007351 recvfrom(100, 0x7fc3986420, 3200, MSG_DONTWAIT, NULL, NULL) = -1 EAGAIN (Try again)
20892 1783913114.022342 recvfrom(100, "nysv\0\0\0\0\0\0\0\0\0\0\0\0\375'.\334\221\1\0\0\320\221\1\0\0\0\0\0", 3200, MSG_DONTWAIT, NULL, NULL) = 32
20892 1783913114.023378 recvfrom(100, 0x7fc3986860, 3200, MSG_DONTWAIT, NULL, NULL) = -1 EAGAIN (Try again)
20892 1783913114.024511 recvfrom(114, 0x7d0fd84020, 2272, MSG_DONTWAIT, NULL, NULL) = -1 EAGAIN (Try again)
21004 1783913114.044296 sendmsg(177, {msg_name=NULL, msg_namelen=0, msg_iov=[{iov_base="l\1\1\1\374\0\0\0\t\1\0\0\235\0\0\0\1\1o\0;\0\0\0/re/frid"..., iov_len=428}], msg_iovlen=1, msg_controllen=0, msg_flags=0}, MSG_NOSIGNAL) = 428
20892 1783913114.069989 recvfrom(100, 0x7fc3985570, 3200, MSG_DONTWAIT, NULL, NULL) = -1 EAGAIN (Try again)
20892 1783913114.088135 recvfrom(100, "nysv\0\0\0\0\0\0\0\0\0\0\0\0\253$(\340\221\1\0\0\324\221\1\0\0\0\0\0", 3200, MSG_DONTWAIT, NULL, NULL) = 32
20892 1783913114.088687 recvfrom(100, 0x7fc3986860, 3200, MSG_DONTWAIT, NULL, NULL) = -1 EAGAIN (Try again)
20892 1783913114.093259 recvfrom(100, 0x7fc39860d0, 3200, MSG_DONTWAIT, NULL, NULL) = -1 EAGAIN (Try again)
21004 1783913114.100676 sendmsg(177, {msg_name=NULL, msg_namelen=0, msg_iov=[{iov_base="l\1\1\1\374\0\0\0\n\1\0\0\235\0\0\0\1\1o\0;\0\0\0/re/frid"..., iov_len=428}], msg_iovlen=1, msg_controllen=0, msg_flags=0}, MSG_NOSIGNAL) = 428
20892 1783913114.102749 recvfrom(100, "nysv\0\0\0\0\0\0\0\0\0\0\0\0\257\302&\341\221\1\0\0\325\221\1\0\0\0\0\0", 3200, MSG_DONTWAIT, NULL, NULL) = 32
20892 1783913114.103028 recvfrom(100, 0x7fc3986860, 3200, MSG_DONTWAIT, NULL, NULL) = -1 EAGAIN (Try again)
21004 1783913114.107845 sendmsg(177, {msg_name=NULL, msg_namelen=0, msg_iov=[{iov_base="l\1\1\1\374\0\0\0\v\1\0\0\235\0\0\0\1\1o\0;\0\0\0/re/frid"..., iov_len=428}], msg_iovlen=1, msg_controllen=0, msg_flags=0}, MSG_NOSIGNAL) = 428
20892 1783913114.511774 recvfrom(100, 0x7fc3986420, 3200, MSG_DONTWAIT, NULL, NULL) = -1 EAGAIN (Try again)
20892 1783913114.520920 recvfrom(100, "nysv\0\0\0\0\0\0\0\0\0\0\0\0\351\214\373\371\221\1\0\0\354\221\1\0\0\0\0\0", 3200, MSG_DONTWAIT, NULL, NULL) = 32
20892 1783913114.521468 recvfrom(100, 0x7fc3986860, 3200, MSG_DONTWAIT, NULL, NULL) = -1 EAGAIN (Try again)
20892 1783913114.523061 recvfrom(114, 0x7d0fd84020, 2272, MSG_DONTWAIT, NULL, NULL) = -1 EAGAIN (Try again)
21004 1783913114.544041 sendmsg(177, {msg_name=NULL, msg_namelen=0, msg_iov=[{iov_base="l\1\1\1\374\0\0\0\f\1\0\0\235\0\0\0\1\1o\0;\0\0\0/re/frid"..., iov_len=428}], msg_iovlen=1, msg_controllen=0, msg_flags=0}, MSG_NOSIGNAL) = 428
20892 1783913114.568659 recvfrom(100, 0x7fc3985570, 3200, MSG_DONTWAIT, NULL, NULL) = -1 EAGAIN (Try again)
20892 1783913114.585763 recvfrom(100, "nysv\0\0\0\0\0\0\0\0\0\0\0\0\31\25\366\375\221\1\0\0\360\221\1\0\0\0\0\0", 3200, MSG_DONTWAIT, NULL, NULL) = 32
20892 1783913114.586289 recvfrom(100, 0x7fc3986860, 3200, MSG_DONTWAIT, NULL, NULL) = -1 EAGAIN (Try again)
20892 1783913114.592947 recvfrom(100, 0x7fc39860d0, 3200, MSG_DONTWAIT, NULL, NULL) = -1 EAGAIN (Try again)
21004 1783913114.598678 sendmsg(177, {msg_name=NULL, msg_namelen=0, msg_iov=[{iov_base="l\1\1\1\374\0\0\0\r\1\0\0\235\0\0\0\1\1o\0;\0\0\0/re/frid"..., iov_len=428}], msg_iovlen=1, msg_controllen=0, msg_flags=0}, MSG_NOSIGNAL) = 428
20892 1783913114.602818 recvfrom(100, "nysv\0\0\0\0\0\0\0\0\0\0\0\0Ce\364\376\221\1\0\0\361\221\1\0\0\0\0\0", 3200, MSG_DONTWAIT, NULL, NULL) = 32
20892 1783913114.603061 recvfrom(100, 0x7fc3986860, 3200, MSG_DONTWAIT, NULL, NULL) = -1 EAGAIN (Try again)
21004 1783913114.609011 sendmsg(177, {msg_name=NULL, msg_namelen=0, msg_iov=[{iov_base="l\1\1\1\374\0\0\0\16\1\0\0\235\0\0\0\1\1o\0;\0\0\0/re/frid"..., iov_len=428}], msg_iovlen=1, msg_controllen=0, msg_flags=0}, MSG_NOSIGNAL) = 428
20892 1783913115.019589 recvfrom(100, 0x7fc3986420, 3200, MSG_DONTWAIT, NULL, NULL) = -1 EAGAIN (Try again)
20892 1783913115.042539 recvfrom(100, "nysv\0\0\0\0\0\0\0\0\0\0\0\0\377A\307\30\222\1\0\0\v\222\1\0\0\0\0\0", 3200, MSG_DONTWAIT, NULL, NULL) = 32
20892 1783913115.043527 recvfrom(100, 0x7fc3986860, 3200, MSG_DONTWAIT, NULL, NULL) = -1 EAGAIN (Try again)
20892 1783913115.044395 recvfrom(114, 0x7d0fd84020, 2272, MSG_DONTWAIT, NULL, NULL) = -1 EAGAIN (Try again)
21004 1783913115.065956 sendmsg(177, {msg_name=NULL, msg_namelen=0, msg_iov=[{iov_base="l\1\1\1\374\0\0\0\17\1\0\0\235\0\0\0\1\1o\0;\0\0\0/re/frid"..., iov_len=428}], msg_iovlen=1, msg_controllen=0, msg_flags=0}, MSG_NOSIGNAL) = 428
20892 1783913115.090287 recvfrom(100, 0x7fc3985570, 3200, MSG_DONTWAIT, NULL, NULL) = -1 EAGAIN (Try again)
20892 1783913115.103372 recvfrom(100, "nysv\0\0\0\0\0\0\0\0\0\0\0\0p\223\301\34\222\1\0\0\17\222\1\0\0\0\0\0", 3200, MSG_DONTWAIT, NULL, NULL) = 32
20892 1783913115.103669 recvfrom(100, 0x7fc3986860, 3200, MSG_DONTWAIT, NULL, NULL) = -1 EAGAIN (Try again)
20892 1783913115.109179 recvfrom(100, 0x7fc39860d0, 3200, MSG_DONTWAIT, NULL, NULL) = -1 EAGAIN (Try again)
21004 1783913115.115513 sendmsg(177, {msg_name=NULL, msg_namelen=0, msg_iov=[{iov_base="l\1\1\1\374\0\0\0\20\1\0\0\235\0\0\0\1\1o\0;\0\0\0/re/frid"..., iov_len=428}], msg_iovlen=1, msg_controllen=0, msg_flags=0}, MSG_NOSIGNAL) = 428
20892 1783913115.119469 recvfrom(100, "nysv\0\0\0\0\0\0\0\0\0\0\0\0\226\16\300\35\222\1\0\0\20\222\1\0\0\0\0\0", 3200, MSG_DONTWAIT, NULL, NULL) = 32
20892 1783913115.119661 recvfrom(100, 0x7fc3986860, 3200, MSG_DONTWAIT, NULL, NULL) = -1 EAGAIN (Try again)
21004 1783913115.124758 sendmsg(177, {msg_name=NULL, msg_namelen=0, msg_iov=[{iov_base="l\1\1\1\374\0\0\0\21\1\0\0\235\0\0\0\1\1o\0;\0\0\0/re/frid"..., iov_len=428}], msg_iovlen=1, msg_controllen=0, msg_flags=0}, MSG_NOSIGNAL) = 428
20892 1783913115.525580 recvfrom(100, 0x7fc3986420, 3200, MSG_DONTWAIT, NULL, NULL) = -1 EAGAIN (Try again)
20892 1783913115.539376 recvfrom(100, "nysv\0\0\0\0\0\0\0\0\0\0\0\0\353\246\2246\222\1\0\0)\222\1\0\0\0\0\0", 3200, MSG_DONTWAIT, NULL, NULL) = 32
20892 1783913115.539691 recvfrom(100, 0x7fc3986860, 3200, MSG_DONTWAIT, NULL, NULL) = -1 EAGAIN (Try again)
20892 1783913115.540215 recvfrom(114, 0x7d0fd84020, 2272, MSG_DONTWAIT, NULL, NULL) = -1 EAGAIN (Try again)
21004 1783913115.556260 sendmsg(177, {msg_name=NULL, msg_namelen=0, msg_iov=[{iov_base="l\1\1\1\374\0\0\0\22\1\0\0\235\0\0\0\1\1o\0;\0\0\0/re/frid"..., iov_len=428}], msg_iovlen=1, msg_controllen=0, msg_flags=0}, MSG_NOSIGNAL) = 428
20892 1783913115.578362 recvfrom(100, 0x7fc3985570, 3200, MSG_DONTWAIT, NULL, NULL) = -1 EAGAIN (Try again)
20892 1783913115.585792 recvfrom(100, "nysv\0\0\0\0\0\0\0\0\0\0\0\0\261\205\2209\222\1\0\0,\222\1\0\0\0\0\0", 3200, MSG_DONTWAIT, NULL, NULL) = 32
20892 1783913115.586065 recvfrom(100, 0x7fc3986860, 3200, MSG_DONTWAIT, NULL, NULL) = -1 EAGAIN (Try again)
20892 1783913115.593258 recvfrom(100, 0x7fc39860d0, 3200, MSG_DONTWAIT, NULL, NULL) = -1 EAGAIN (Try again)
21004 1783913115.599696 sendmsg(177, {msg_name=NULL, msg_namelen=0, msg_iov=[{iov_base="l\1\1\1\374\0\0\0\23\1\0\0\235\0\0\0\1\1o\0;\0\0\0/re/frid"..., iov_len=428}], msg_iovlen=1, msg_controllen=0, msg_flags=0}, MSG_NOSIGNAL) = 428
20892 1783913115.602942 recvfrom(100, "nysv\0\0\0\0\0\0\0\0\0\0\0\0\333\325\216:\222\1\0\0-\222\1\0\0\0\0\0", 3200, MSG_DONTWAIT, NULL, NULL) = 32
20892 1783913115.603191 recvfrom(100, 0x7fc3986860, 3200, MSG_DONTWAIT, NULL, NULL) = -1 EAGAIN (Try again)
21004 1783913115.608852 sendmsg(177, {msg_name=NULL, msg_namelen=0, msg_iov=[{iov_base="l\1\1\1\374\0\0\0\24\1\0\0\235\0\0\0\1\1o\0;\0\0\0/re/frid"..., iov_len=428}], msg_iovlen=1, msg_controllen=0, msg_flags=0}, MSG_NOSIGNAL) = 428
20892 1783913116.031145 recvfrom(100, 0x7fc3986420, 3200, MSG_DONTWAIT, NULL, NULL) = -1 EAGAIN (Try again)
20892 1783913116.036532 recvfrom(100, "nysv\0\0\0\0\0\0\0\0\0\0\0\0m5bT\222\1\0\0G\222\1\0\0\0\0\0", 3200, MSG_DONTWAIT, NULL, NULL) = 32
20892 1783913116.036956 recvfrom(100, 0x7fc3986860, 3200, MSG_DONTWAIT, NULL, NULL) = -1 EAGAIN (Try again)
20892 1783913116.037572 recvfrom(114, 0x7d0fd84020, 2272, MSG_DONTWAIT, NULL, NULL) = -1 EAGAIN (Try again)
21004 1783913116.054593 sendmsg(177, {msg_name=NULL, msg_namelen=0, msg_iov=[{iov_base="l\1\1\1\374\0\0\0\25\1\0\0\235\0\0\0\1\1o\0;\0\0\0/re/frid"..., iov_len=428}], msg_iovlen=1, msg_controllen=0, msg_flags=0}, MSG_NOSIGNAL) = 428
20892 1783913116.081531 recvfrom(100, 0x7fc3985570, 3200, MSG_DONTWAIT, NULL, NULL) = -1 EAGAIN (Try again)
20892 1783913116.085657 recvfrom(100, "nysv\0\0\0\0\0\0\0\0\0\0\0\0!\35^W\222\1\0\0J\222\1\0\0\0\0\0", 3200, MSG_DONTWAIT, NULL, NULL) = 32
20892 1783913116.085953 recvfrom(100, 0x7fc3986860, 3200, MSG_DONTWAIT, NULL, NULL) = -1 EAGAIN (Try again)
20892 1783913116.088131 recvfrom(100, 0x7fc39860d0, 3200, MSG_DONTWAIT, NULL, NULL) = -1 EAGAIN (Try again)
21004 1783913116.095640 sendmsg(177, {msg_name=NULL, msg_namelen=0, msg_iov=[{iov_base="l\1\1\1\374\0\0\0\26\1\0\0\235\0\0\0\1\1o\0;\0\0\0/re/frid"..., iov_len=428}], msg_iovlen=1, msg_controllen=0, msg_flags=0}, MSG_NOSIGNAL) = 428
20892 1783913116.104325 recvfrom(100, "nysv\0\0\0\0\0\0\0\0\0\0\0\0Km\\X\222\1\0\0K\222\1\0\0\0\0\0", 3200, MSG_DONTWAIT, NULL, NULL) = 32
20892 1783913116.104693 recvfrom(100, 0x7fc3986860, 3200, MSG_DONTWAIT, NULL, NULL) = -1 EAGAIN (Try again)
21004 1783913116.115094 sendmsg(177, {msg_name=NULL, msg_namelen=0, msg_iov=[{iov_base="l\1\1\1\374\0\0\0\27\1\0\0\235\0\0\0\1\1o\0;\0\0\0/re/frid"..., iov_len=428}], msg_iovlen=1, msg_controllen=0, msg_flags=0}, MSG_NOSIGNAL) = 428
20892 1783913116.534513 recvfrom(100, 0x7fc3986420, 3200, MSG_DONTWAIT, NULL, NULL) = -1 EAGAIN (Try again)
20892 1783913116.538099 recvfrom(100, "nysv\0\0\0\0\0\0\0\0\0\0\0\0\257w/r\222\1\0\0e\222\1\0\0\0\0\0", 3200, MSG_DONTWAIT, NULL, NULL) = 32
20892 1783913116.538432 recvfrom(100, 0x7fc3986860, 3200, MSG_DONTWAIT, NULL, NULL) = -1 EAGAIN (Try again)
20892 1783913116.538797 recvfrom(114, 0x7d0fd84020, 2272, MSG_DONTWAIT, NULL, NULL) = -1 EAGAIN (Try again)
21004 1783913116.559497 sendmsg(177, {msg_name=NULL, msg_namelen=0, msg_iov=[{iov_base="l\1\1\1\374\0\0\0\30\1\0\0\235\0\0\0\1\1o\0;\0\0\0/re/frid"..., iov_len=428}], msg_iovlen=1, msg_controllen=0, msg_flags=0}, MSG_NOSIGNAL) = 428
20892 1783913116.584739 recvfrom(100, 0x7fc3985570, 3200, MSG_DONTWAIT, NULL, NULL) = -1 EAGAIN (Try again)
20892 1783913116.587413 recvfrom(100, "nysv\0\0\0\0\0\0\0\0\0\0\0\0\314V+u\222\1\0\0h\222\1\0\0\0\0\0", 3200, MSG_DONTWAIT, NULL, NULL) = 32
20892 1783913116.587698 recvfrom(100, 0x7fc3986860, 3200, MSG_DONTWAIT, NULL, NULL) = -1 EAGAIN (Try again)
20892 1783913116.589233 recvfrom(100, 0x7fc39860d0, 3200, MSG_DONTWAIT, NULL, NULL) = -1 EAGAIN (Try again)
21004 1783913116.599642 sendmsg(177, {msg_name=NULL, msg_namelen=0, msg_iov=[{iov_base="l\1\1\1\374\0\0\0\31\1\0\0\235\0\0\0\1\1o\0;\0\0\0/re/frid"..., iov_len=428}], msg_iovlen=1, msg_controllen=0, msg_flags=0}, MSG_NOSIGNAL) = 428
20892 1783913116.603273 recvfrom(100, "nysv\0\0\0\0\0\0\0\0\0\0\0\0\351\321)v\222\1\0\0i\222\1\0\0\0\0\0", 3200, MSG_DONTWAIT, NULL, NULL) = 32
20892 1783913116.603585 recvfrom(100, 0x7fc3986860, 3200, MSG_DONTWAIT, NULL, NULL) = -1 EAGAIN (Try again)
21004 1783913116.613330 sendmsg(177, {msg_name=NULL, msg_namelen=0, msg_iov=[{iov_base="l\1\1\1\374\0\0\0\32\1\0\0\235\0\0\0\1\1o\0;\0\0\0/re/frid"..., iov_len=428}], msg_iovlen=1, msg_controllen=0, msg_flags=0}, MSG_NOSIGNAL) = 428
20892 1783913117.038495 recvfrom(100, 0x7fc3986420, 3200, MSG_DONTWAIT, NULL, NULL) = -1 EAGAIN (Try again)
20892 1783913117.053764 recvfrom(100, "nysv\0\0\0\0\0\0\0\0\0\0\0\0\331%\373\220\222\1\0\0\204\222\1\0\0\0\0\0", 3200, MSG_DONTWAIT, NULL, NULL) = 32
20892 1783913117.054396 recvfrom(100, 0x7fc3986860, 3200, MSG_DONTWAIT, NULL, NULL) = -1 EAGAIN (Try again)
20892 1783913117.055291 recvfrom(114, 0x7d0fd84020, 2272, MSG_DONTWAIT, NULL, NULL) = -1 EAGAIN (Try again)
21004 1783913117.076255 sendmsg(177, {msg_name=NULL, msg_namelen=0, msg_iov=[{iov_base="l\1\1\1\374\0\0\0\33\1\0\0\235\0\0\0\1\1o\0;\0\0\0/re/frid"..., iov_len=428}], msg_iovlen=1, msg_controllen=0, msg_flags=0}, MSG_NOSIGNAL) = 428
20892 1783913117.102330 recvfrom(100, 0x7fc3985570, 3200, MSG_DONTWAIT, NULL, NULL) = -1 EAGAIN (Try again)
20892 1783913117.121708 recvfrom(100, "nysv\0\0\0\0\0\0\0\0\0\0\0\0\206\31\365\224\222\1\0\0\210\222\1\0\0\0\0\0", 3200, MSG_DONTWAIT, NULL, NULL) = 32
20892 1783913117.122256 recvfrom(100, 0x7fc3986860, 3200, MSG_DONTWAIT, NULL, NULL) = -1 EAGAIN (Try again)
20892 1783913117.129483 recvfrom(100, 0x7fc39860d0, 3200, MSG_DONTWAIT, NULL, NULL) = -1 EAGAIN (Try again)
21004 1783913117.135423 sendmsg(177, {msg_name=NULL, msg_namelen=0, msg_iov=[{iov_base="l\1\1\1\374\0\0\0\34\1\0\0\235\0\0\0\1\1o\0;\0\0\0/re/frid"..., iov_len=428}], msg_iovlen=1, msg_controllen=0, msg_flags=0}, MSG_NOSIGNAL) = 428
20892 1783913117.137328 recvfrom(100, "nysv\0\0\0\0\0\0\0\0\0\0\0\0l\237\363\225\222\1\0\0\211\222\1\0\0\0\0\0", 3200, MSG_DONTWAIT, NULL, NULL) = 32
20892 1783913117.137601 recvfrom(100, 0x7fc3986860, 3200, MSG_DONTWAIT, NULL, NULL) = -1 EAGAIN (Try again)
21004 1783913117.142368 sendmsg(177, {msg_name=NULL, msg_namelen=0, msg_iov=[{iov_base="l\1\1\1\374\0\0\0\35\1\0\0\235\0\0\0\1\1o\0;\0\0\0/re/frid"..., iov_len=428}], msg_iovlen=1, msg_controllen=0, msg_flags=0}, MSG_NOSIGNAL) = 428
20892 1783913117.542098 recvfrom(100, 0x7fc3986420, 3200, MSG_DONTWAIT, NULL, NULL) = -1 EAGAIN (Try again)
20892 1783913117.553187 recvfrom(100, "nysv\0\0\0\0\0\0\0\0\0\0\0\0i\274\310\256\222\1\0\0\242\222\1\0\0\0\0\0", 3200, MSG_DONTWAIT, NULL, NULL) = 32
20892 1783913117.553717 recvfrom(100, 0x7fc3986860, 3200, MSG_DONTWAIT, NULL, NULL) = -1 EAGAIN (Try again)
20892 1783913117.554454 recvfrom(114, 0x7d0fd84020, 2272, MSG_DONTWAIT, NULL, NULL) = -1 EAGAIN (Try again)
21004 1783913117.574516 sendmsg(177, {msg_name=NULL, msg_namelen=0, msg_iov=[{iov_base="l\1\1\1\374\0\0\0\36\1\0\0\235\0\0\0\1\1o\0;\0\0\0/re/frid"..., iov_len=428}], msg_iovlen=1, msg_controllen=0, msg_flags=0}, MSG_NOSIGNAL) = 428
20892 1783913117.597254 recvfrom(100, 0x7fc3985570, 3200, MSG_DONTWAIT, NULL, NULL) = -1 EAGAIN (Try again)
20892 1783913117.602770 recvfrom(100, "nysv\0\0\0\0\0\0\0\0\0\0\0\0O\232\304\261\222\1\0\0\245\222\1\0\0\0\0\0", 3200, MSG_DONTWAIT, NULL, NULL) = 32
20892 1783913117.603686 recvfrom(100, 0x7fc3986860, 3200, MSG_DONTWAIT, NULL, NULL) = -1 EAGAIN (Try again)
20892 1783913117.605632 recvfrom(100, 0x7fc39860d0, 3200, MSG_DONTWAIT, NULL, NULL) = -1 EAGAIN (Try again)
21004 1783913117.613142 sendmsg(177, {msg_name=NULL, msg_namelen=0, msg_iov=[{iov_base="l\1\1\1\374\0\0\0\37\1\0\0\235\0\0\0\1\1o\0;\0\0\0/re/frid"..., iov_len=428}], msg_iovlen=1, msg_controllen=0, msg_flags=0}, MSG_NOSIGNAL) = 428
20892 1783913117.620814 recvfrom(100, "nysv\0\0\0\0\0\0\0\0\0\0\0\0\244\321\302\262\222\1\0\0\246\222\1\0\0\0\0\0", 3200, MSG_DONTWAIT, NULL, NULL) = 32
20892 1783913117.621461 recvfrom(100, 0x7fc3986860, 3200, MSG_DONTWAIT, NULL, NULL) = -1 EAGAIN (Try again)
21004 1783913117.632451 sendmsg(177, {msg_name=NULL, msg_namelen=0, msg_iov=[{iov_base="l\1\1\1\374\0\0\0 \1\0\0\235\0\0\0\1\1o\0;\0\0\0/re/frid"..., iov_len=428}], msg_iovlen=1, msg_controllen=0, msg_flags=0}, MSG_NOSIGNAL) = 428
20892 1783913118.044671 recvfrom(100, 0x7fc3986420, 3200, MSG_DONTWAIT, NULL, NULL) = -1 EAGAIN (Try again)
20892 1783913118.054017 recvfrom(100, "nysv\0\0\0\0\0\0\0\0\0\0\0\0pY\226\314\222\1\0\0\300\222\1\0\0\0\0\0", 3200, MSG_DONTWAIT, NULL, NULL) = 32
20892 1783913118.054183 recvfrom(100, 0x7fc3986860, 3200, MSG_DONTWAIT, NULL, NULL) = -1 EAGAIN (Try again)
20892 1783913118.054552 recvfrom(114, 0x7d0fd84020, 2272, MSG_DONTWAIT, NULL, NULL) = -1 EAGAIN (Try again)
21004 1783913118.068175 sendmsg(177, {msg_name=NULL, msg_namelen=0, msg_iov=[{iov_base="l\1\1\1\374\0\0\0!\1\0\0\235\0\0\0\1\1o\0;\0\0\0/re/frid"..., iov_len=428}], msg_iovlen=1, msg_controllen=0, msg_flags=0}, MSG_NOSIGNAL) = 428
20892 1783913118.089496 recvfrom(100, 0x7fc3985570, 3200, MSG_DONTWAIT, NULL, NULL) = -1 EAGAIN (Try again)
20892 1783913118.102830 recvfrom(100, "nysv\0\0\0\0\0\0\0\0\0\0\0\0\f;\222\317\222\1\0\0\303\222\1\0\0\0\0\0", 3200, MSG_DONTWAIT, NULL, NULL) = 32
20892 1783913118.103077 recvfrom(100, 0x7fc3986860, 3200, MSG_DONTWAIT, NULL, NULL) = -1 EAGAIN (Try again)
20892 1783913118.108146 recvfrom(100, 0x7fc39860d0, 3200, MSG_DONTWAIT, NULL, NULL) = -1 EAGAIN (Try again)
21004 1783913118.115340 sendmsg(177, {msg_name=NULL, msg_namelen=0, msg_iov=[{iov_base="l\1\1\1\374\0\0\0\"\1\0\0\235\0\0\0\1\1o\0;\0\0\0/re/frid"..., iov_len=428}], msg_iovlen=1, msg_controllen=0, msg_flags=0}, MSG_NOSIGNAL) = 428
20892 1783913118.120031 recvfrom(100, "nysv\0\0\0\0\0\0\0\0\0\0\0\0\326\220\220\320\222\1\0\0\304\222\1\0\0\0\0\0", 3200, MSG_DONTWAIT, NULL, NULL) = 32
20892 1783913118.120280 recvfrom(100, 0x7fc3986860, 3200, MSG_DONTWAIT, NULL, NULL) = -1 EAGAIN (Try again)
21004 1783913118.125211 sendmsg(177, {msg_name=NULL, msg_namelen=0, msg_iov=[{iov_base="l\1\1\1\374\0\0\0#\1\0\0\235\0\0\0\1\1o\0;\0\0\0/re/frid"..., iov_len=428}], msg_iovlen=1, msg_controllen=0, msg_flags=0}, MSG_NOSIGNAL) = 428
20892 1783913118.546221 recvfrom(100, 0x7fc3986420, 3200, MSG_DONTWAIT, NULL, NULL) = -1 EAGAIN (Try again)
20892 1783913118.554323 recvfrom(100, "nysv\0\0\0\0\0\0\0\0\0\0\0\0\235Tc\352\222\1\0\0\335\222\1\0\0\0\0\0", 3200, MSG_DONTWAIT, NULL, NULL) = 32
20892 1783913118.554976 recvfrom(100, 0x7fc3986860, 3200, MSG_DONTWAIT, NULL, NULL) = -1 EAGAIN (Try again)
20892 1783913118.555762 recvfrom(114, 0x7d0fd84020, 2272, MSG_DONTWAIT, NULL, NULL) = -1 EAGAIN (Try again)
21004 1783913118.571962 sendmsg(177, {msg_name=NULL, msg_namelen=0, msg_iov=[{iov_base="l\1\1\1\374\0\0\0$\1\0\0\235\0\0\0\1\1o\0;\0\0\0/re/frid"..., iov_len=428}], msg_iovlen=1, msg_controllen=0, msg_flags=0}, MSG_NOSIGNAL) = 428
20892 1783913118.595492 recvfrom(100, 0x7fc3985570, 3200, MSG_DONTWAIT, NULL, NULL) = -1 EAGAIN (Try again)
20892 1783913118.602277 recvfrom(100, "nysv\0\0\0\0\0\0\0\0\0\0\0\0k=_\355\222\1\0\0\340\222\1\0\0\0\0\0", 3200, MSG_DONTWAIT, NULL, NULL) = 32
20892 1783913118.602539 recvfrom(100, 0x7fc3986860, 3200, MSG_DONTWAIT, NULL, NULL) = -1 EAGAIN (Try again)
20892 1783913118.604234 recvfrom(100, 0x7fc39860d0, 3200, MSG_DONTWAIT, NULL, NULL) = -1 EAGAIN (Try again)
21004 1783913118.611386 sendmsg(177, {msg_name=NULL, msg_namelen=0, msg_iov=[{iov_base="l\1\1\1\374\0\0\0%\1\0\0\235\0\0\0\1\1o\0;\0\0\0/re/frid"..., iov_len=428}], msg_iovlen=1, msg_controllen=0, msg_flags=0}, MSG_NOSIGNAL) = 428
20892 1783913118.622553 recvfrom(100, "nysv\0\0\0\0\0\0\0\0\0\0\0\0\236\21]\356\222\1\0\0\341\222\1\0\0\0\0\0", 3200, MSG_DONTWAIT, NULL, NULL) = 32
20892 1783913118.623194 recvfrom(100, 0x7fc3986860, 3200, MSG_DONTWAIT, NULL, NULL) = -1 EAGAIN (Try again)
21004 1783913118.634511 sendmsg(177, {msg_name=NULL, msg_namelen=0, msg_iov=[{iov_base="l\1\1\1\374\0\0\0&\1\0\0\235\0\0\0\1\1o\0;\0\0\0/re/frid"..., iov_len=428}], msg_iovlen=1, msg_controllen=0, msg_flags=0}, MSG_NOSIGNAL) = 428
20892 1783913119.049690 recvfrom(100, 0x7fc3986420, 3200, MSG_DONTWAIT, NULL, NULL) = -1 EAGAIN (Try again)
20892 1783913119.052623 recvfrom(100, "nysv\0\0\0\0\0\0\0\0\0\0\0\0q\0321\10\223\1\0\0\373\222\1\0\0\0\0\0", 3200, MSG_DONTWAIT, NULL, NULL) = 32
20892 1783913119.053054 recvfrom(100, 0x7fc3986860, 3200, MSG_DONTWAIT, NULL, NULL) = -1 EAGAIN (Try again)
20892 1783913119.053645 recvfrom(114, 0x7d0fd84020, 2272, MSG_DONTWAIT, NULL, NULL) = -1 EAGAIN (Try again)
21004 1783913119.070131 sendmsg(177, {msg_name=NULL, msg_namelen=0, msg_iov=[{iov_base="l\1\1\1\374\0\0\0'\1\0\0\235\0\0\0\1\1o\0;\0\0\0/re/frid"..., iov_len=428}], msg_iovlen=1, msg_controllen=0, msg_flags=0}, MSG_NOSIGNAL) = 428
20892 1783913119.092400 recvfrom(100, 0x7fc3985570, 3200, MSG_DONTWAIT, NULL, NULL) = -1 EAGAIN (Try again)
20892 1783913119.103162 recvfrom(100, "nysv\0\0\0\0\0\0\0\0\0\0\0\0W\360,\v\223\1\0\0\376\222\1\0\0\0\0\0", 3200, MSG_DONTWAIT, NULL, NULL) = 32
20892 1783913119.103522 recvfrom(100, 0x7fc3986860, 3200, MSG_DONTWAIT, NULL, NULL) = -1 EAGAIN (Try again)
20892 1783913119.107251 recvfrom(100, 0x7fc39860d0, 3200, MSG_DONTWAIT, NULL, NULL) = -1 EAGAIN (Try again)
21004 1783913119.115065 sendmsg(177, {msg_name=NULL, msg_namelen=0, msg_iov=[{iov_base="l\1\1\1\374\0\0\0(\1\0\0\235\0\0\0\1\1o\0;\0\0\0/re/frid"..., iov_len=428}], msg_iovlen=1, msg_controllen=0, msg_flags=0}, MSG_NOSIGNAL) = 428
20892 1783913119.120346 recvfrom(100, "nysv\0\0\0\0\0\0\0\0\0\0\0\0\2233+\f\223\1\0\0\377\222\1\0\0\0\0\0", 3200, MSG_DONTWAIT, NULL, NULL) = 32
20892 1783913119.120581 recvfrom(100, 0x7fc3986860, 3200, MSG_DONTWAIT, NULL, NULL) = -1 EAGAIN (Try again)
21004 1783913119.125855 sendmsg(177, {msg_name=NULL, msg_namelen=0, msg_iov=[{iov_base="l\1\1\1\374\0\0\0)\1\0\0\235\0\0\0\1\1o\0;\0\0\0/re/frid"..., iov_len=428}], msg_iovlen=1, msg_controllen=0, msg_flags=0}, MSG_NOSIGNAL) = 428
20892 1783913119.559233 recvfrom(100, 0x7fc3986420, 3200, MSG_DONTWAIT, NULL, NULL) = -1 EAGAIN (Try again)
20892 1783913119.571290 recvfrom(100, "nysv\0\0\0\0\0\0\0\0\0\0\0\0\237n\374&\223\1\0\0\32\223\1\0\0\0\0\0", 3200, MSG_DONTWAIT, NULL, NULL) = 32
20892 1783913119.571806 recvfrom(100, 0x7fc3986860, 3200, MSG_DONTWAIT, NULL, NULL) = -1 EAGAIN (Try again)
20892 1783913119.572470 recvfrom(114, 0x7d0fd84020, 2272, MSG_DONTWAIT, NULL, NULL) = -1 EAGAIN (Try again)
21004 1783913119.586891 sendmsg(177, {msg_name=NULL, msg_namelen=0, msg_iov=[{iov_base="l\1\1\1\374\0\0\0*\1\0\0\235\0\0\0\1\1o\0;\0\0\0/re/frid"..., iov_len=428}], msg_iovlen=1, msg_controllen=0, msg_flags=0}, MSG_NOSIGNAL) = 428
20892 1783913119.612514 recvfrom(100, 0x7fc3985570, 3200, MSG_DONTWAIT, NULL, NULL) = -1 EAGAIN (Try again)
20892 1783913119.618937 recvfrom(100, "nysv\0\0\0\0\0\0\0\0\0\0\0\0\246Z\370)\223\1\0\0\35\223\1\0\0\0\0\0", 3200, MSG_DONTWAIT, NULL, NULL) = 32
20892 1783913119.619183 recvfrom(100, 0x7fc3986860, 3200, MSG_DONTWAIT, NULL, NULL) = -1 EAGAIN (Try again)
20892 1783913119.621491 recvfrom(100, 0x7fc39860d0, 3200, MSG_DONTWAIT, NULL, NULL) = -1 EAGAIN (Try again)
21004 1783913119.629405 sendmsg(177, {msg_name=NULL, msg_namelen=0, msg_iov=[{iov_base="l\1\1\1\374\0\0\0+\1\0\0\235\0\0\0\1\1o\0;\0\0\0/re/frid"..., iov_len=428}], msg_iovlen=1, msg_controllen=0, msg_flags=0}, MSG_NOSIGNAL) = 428
20892 1783913119.636256 recvfrom(100, "nysv\0\0\0\0\0\0\0\0\0\0\0\0\360\334\366*\223\1\0\0\36\223\1\0\0\0\0\0", 3200, MSG_DONTWAIT, NULL, NULL) = 32
20892 1783913119.636809 recvfrom(100, 0x7fc3986860, 3200, MSG_DONTWAIT, NULL, NULL) = -1 EAGAIN (Try again)
21004 1783913119.646893 sendmsg(177, {msg_name=NULL, msg_namelen=0, msg_iov=[{iov_base="l\1\1\1\374\0\0\0,\1\0\0\235\0\0\0\1\1o\0;\0\0\0/re/frid"..., iov_len=428}], msg_iovlen=1, msg_controllen=0, msg_flags=0}, MSG_NOSIGNAL) = 428
20892 1783913120.063549 recvfrom(100, 0x7fc3986420, 3200, MSG_DONTWAIT, NULL, NULL) = -1 EAGAIN (Try again)
20892 1783913120.070009 recvfrom(100, "nysv\0\0\0\0\0\0\0\0\0\0\0\0\213\323\311D\223\1\0\08\223\1\0\0\0\0\0", 3200, MSG_DONTWAIT, NULL, NULL) = 32
20892 1783913120.070606 recvfrom(100, 0x7fc3986860, 3200, MSG_DONTWAIT, NULL, NULL) = -1 EAGAIN (Try again)
20892 1783913120.071365 recvfrom(114, 0x7d0fd84020, 2272, MSG_DONTWAIT, NULL, NULL) = -1 EAGAIN (Try again)
21004 1783913120.087758 sendmsg(177, {msg_name=NULL, msg_namelen=0, msg_iov=[{iov_base="l\1\1\1\374\0\0\0-\1\0\0\235\0\0\0\1\1o\0;\0\0\0/re/frid"..., iov_len=428}], msg_iovlen=1, msg_controllen=0, msg_flags=0}, MSG_NOSIGNAL) = 428
20892 1783913120.114000 recvfrom(100, 0x7fc39856b0, 3200, MSG_DONTWAIT, NULL, NULL) = -1 EAGAIN (Try again)
20892 1783913120.119401 recvfrom(100, "nysv\0\0\0\0\0\0\0\0\0\0\0\0\264\263\305G\223\1\0\0;\223\1\0\0\0\0\0", 3200, MSG_DONTWAIT, NULL, NULL) = 32
20892 1783913120.119801 recvfrom(100, 0x7fc3986860, 3200, MSG_DONTWAIT, NULL, NULL) = -1 EAGAIN (Try again)
20892 1783913120.122679 recvfrom(100, 0x7fc3986760, 3200, MSG_DONTWAIT, NULL, NULL) = -1 EAGAIN (Try again)
21004 1783913120.130574 sendmsg(177, {msg_name=NULL, msg_namelen=0, msg_iov=[{iov_base="l\1\1\1\374\0\0\0.\1\0\0\235\0\0\0\1\1o\0;\0\0\0/re/frid"..., iov_len=428}], msg_iovlen=1, msg_controllen=0, msg_flags=0}, MSG_NOSIGNAL) = 428
20892 1783913120.137259 recvfrom(100, "nysv\0\0\0\0\0\0\0\0\0\0\0\0\336\3\304H\223\1\0\0<\223\1\0\0\0\0\0", 3200, MSG_DONTWAIT, NULL, NULL) = 32
20892 1783913120.137875 recvfrom(100, 0x7fc3986860, 3200, MSG_DONTWAIT, NULL, NULL) = -1 EAGAIN (Try again)
21004 1783913120.147911 sendmsg(177, {msg_name=NULL, msg_namelen=0, msg_iov=[{iov_base="l\1\1\1\374\0\0\0/\1\0\0\235\0\0\0\1\1o\0;\0\0\0/re/frid"..., iov_len=428}], msg_iovlen=1, msg_controllen=0, msg_flags=0}, MSG_NOSIGNAL) = 428
20918 1783913120.210518 exit(0)         = ?
20918 1783913120.210734 +++ exited with 0 +++
21001 1783913120.259508 faccessat(AT_FDCWD, "/proc/self/task/20918", F_OK) = -1 ENOENT (No such file or directory)
20923 1783913120.261521 exit(0)         = ?
20923 1783913120.261683 +++ exited with 0 +++
21001 1783913120.310757 faccessat(AT_FDCWD, "/proc/self/task/20923", F_OK) = -1 ENOENT (No such file or directory)
20892 1783913120.320338 sendto(110, "h\0\0\0\0\0\0\0\5\0\0\0\0\0\0\0\0\0\0\0\0\0\0\0\204\304\276\274\227\266u4"..., 104, MSG_NOSIGNAL, NULL, 0) = 104
20952 1783913120.320825 recvmsg(110, {msg_name=NULL, msg_namelen=0, msg_iov=[{iov_base="h\0\0\0\0\0\0\0\5\0\0\0\0\0\0\0\0\0\0\0\0\0\0\0z\267s\224\354|\277\10"..., iov_len=4096}], msg_iovlen=1, msg_controllen=0, msg_flags=0}, MSG_DONTWAIT) = 104
20957 1783913120.452675 newfstatat(AT_FDCWD, "/data/user/0/app.fedilab.mobilizon/app_webview/Default/Cookies-journal", {st_mode=S_IFREG|0600, st_size=0, ...}, 0) = 0
20957 1783913120.452844 newfstatat(AT_FDCWD, "/data/user/0/app.fedilab.mobilizon/app_webview/Default/Cookies-wal", 0x7d1ce73080, 0) = -1 ENOENT (No such file or directory)
20957 1783913120.453274 newfstatat(AT_FDCWD, "/data/user/0/app.fedilab.mobilizon/app_webview/Default/Cookies", {st_mode=S_IFREG|0600, st_size=24576, ...}, 0) = 0
20957 1783913120.453428 newfstatat(AT_FDCWD, "/data/user/0/app.fedilab.mobilizon/app_webview/Default/Cookies", {st_mode=S_IFREG|0600, st_size=24576, ...}, 0) = 0
20957 1783913120.453572 openat(AT_FDCWD, "/data/user/0/app.fedilab.mobilizon/app_webview/Default/Cookies-journal", O_RDWR|O_CREAT|O_LARGEFILE|O_NOFOLLOW|O_CLOEXEC, 0600) = 150
20957 1783913120.458282 openat(AT_FDCWD, "/data/user/0/app.fedilab.mobilizon/app_webview/Default", O_RDONLY|O_CLOEXEC) = 167
20892 1783913120.565787 recvfrom(100, 0x7fc3986420, 3200, MSG_DONTWAIT, NULL, NULL) = -1 EAGAIN (Try again)
20892 1783913120.569518 recvfrom(100, "nysv\0\0\0\0\0\0\0\0\0\0\0\0\177r\227b\223\1\0\0V\223\1\0\0\0\0\0", 3200, MSG_DONTWAIT, NULL, NULL) = 32
20892 1783913120.569772 recvfrom(100, 0x7fc3986860, 3200, MSG_DONTWAIT, NULL, NULL) = -1 EAGAIN (Try again)
20892 1783913120.570250 recvfrom(114, 0x7d0fd84020, 2272, MSG_DONTWAIT, NULL, NULL) = -1 EAGAIN (Try again)
21004 1783913120.586633 sendmsg(177, {msg_name=NULL, msg_namelen=0, msg_iov=[{iov_base="l\1\1\1\374\0\0\0000\1\0\0\235\0\0\0\1\1o\0;\0\0\0/re/frid"..., iov_len=428}], msg_iovlen=1, msg_controllen=0, msg_flags=0}, MSG_NOSIGNAL) = 428
20892 1783913120.607597 recvfrom(100, 0x7fc39856b0, 3200, MSG_DONTWAIT, NULL, NULL) = -1 EAGAIN (Try again)
20892 1783913120.620358 recvfrom(100, "nysv\0\0\0\0\0\0\0\0\0\0\0\0}2\223e\223\1\0\0Y\223\1\0\0\0\0\0", 3200, MSG_DONTWAIT, NULL, NULL) = 32
20892 1783913120.626094 recvfrom(100, 0x7fc3986860, 3200, MSG_DONTWAIT, NULL, NULL) = -1 EAGAIN (Try again)
20892 1783913120.627308 recvfrom(100, 0x7fc3986760, 3200, MSG_DONTWAIT, NULL, NULL) = -1 EAGAIN (Try again)
20957 1783913120.629130 openat(AT_FDCWD, "/proc/20892/stat", O_RDONLY|O_CLOEXEC) = 150
20957 1783913120.630790 openat(AT_FDCWD, "/proc/20892/task", O_RDONLY|O_DIRECTORY) = 150
20957 1783913120.631241 openat(AT_FDCWD, "/proc/20892/task/20892/stat", O_RDONLY|O_CLOEXEC) = 167
20957 1783913120.633028 openat(AT_FDCWD, "/proc/20892/task/20898/stat", O_RDONLY|O_CLOEXEC) = 167
20957 1783913120.635028 openat(AT_FDCWD, "/proc/20892/task/20903/stat", O_RDONLY|O_CLOEXEC) = 167
21004 1783913120.637017 sendmsg(177, {msg_name=NULL, msg_namelen=0, msg_iov=[{iov_base="l\1\1\1\374\0\0\0001\1\0\0\235\0\0\0\1\1o\0;\0\0\0/re/frid"..., iov_len=428}], msg_iovlen=1, msg_controllen=0, msg_flags=0}, MSG_NOSIGNAL) = 428
20957 1783913120.637217 openat(AT_FDCWD, "/proc/20892/task/20904/stat", O_RDONLY|O_CLOEXEC) = 167
20957 1783913120.639420 openat(AT_FDCWD, "/proc/20892/task/20905/stat", O_RDONLY|O_CLOEXEC) = 167
20892 1783913120.639638 recvfrom(100, "nysv\0\0\0\0\0\0\0\0\0\0\0\0\r\323\221f\223\1\0\0Z\223\1\0\0\0\0\0", 3200, MSG_DONTWAIT, NULL, NULL) = 32
20892 1783913120.640149 recvfrom(100, 0x7fc3986860, 3200, MSG_DONTWAIT, NULL, NULL) = -1 EAGAIN (Try again)
20957 1783913120.641233 openat(AT_FDCWD, "/proc/20892/task/20906/stat", O_RDONLY|O_CLOEXEC) = 167
20957 1783913120.642791 openat(AT_FDCWD, "/proc/20892/task/20907/stat", O_RDONLY|O_CLOEXEC) = 167
20957 1783913120.644380 openat(AT_FDCWD, "/proc/20892/task/20908/stat", O_RDONLY|O_CLOEXEC) = 167
20957 1783913120.646180 openat(AT_FDCWD, "/proc/20892/task/20909/stat", O_RDONLY|O_CLOEXEC) = 167
21004 1783913120.647395 sendmsg(177, {msg_name=NULL, msg_namelen=0, msg_iov=[{iov_base="l\1\1\1\374\0\0\0002\1\0\0\235\0\0\0\1\1o\0;\0\0\0/re/frid"..., iov_len=428}], msg_iovlen=1, msg_controllen=0, msg_flags=0}, MSG_NOSIGNAL) = 428
20957 1783913120.648268 openat(AT_FDCWD, "/proc/20892/task/20910/stat", O_RDONLY|O_CLOEXEC) = 167
20957 1783913120.650250 openat(AT_FDCWD, "/proc/20892/task/20911/stat", O_RDONLY|O_CLOEXEC) = 167
20957 1783913120.652762 openat(AT_FDCWD, "/proc/20892/task/20912/stat", O_RDONLY|O_CLOEXEC) = 167
20948 1783913120.652921 openat(AT_FDCWD, "/data/user/0/app.fedilab.mobilizon/app_webview/Default", O_RDONLY|O_CLOEXEC) = 172
20957 1783913120.654888 openat(AT_FDCWD, "/proc/20892/task/20913/stat", O_RDONLY|O_CLOEXEC) = 167
20957 1783913120.656258 openat(AT_FDCWD, "/proc/20892/task/20914/stat", O_RDONLY|O_CLOEXEC) = 167
20957 1783913120.657914 openat(AT_FDCWD, "/proc/20892/task/20922/stat", O_RDONLY|O_CLOEXEC) = 167
20957 1783913120.659799 openat(AT_FDCWD, "/proc/20892/task/20924/stat", O_RDONLY|O_CLOEXEC) = 156
20957 1783913120.660667 openat(AT_FDCWD, "/proc/20892/task/20946/stat", O_RDONLY|O_CLOEXEC) = 156
20957 1783913120.661538 openat(AT_FDCWD, "/proc/20892/task/20947/stat", O_RDONLY|O_CLOEXEC) = 156
20957 1783913120.662431 openat(AT_FDCWD, "/proc/20892/task/20948/stat", O_RDONLY|O_CLOEXEC) = 156
20957 1783913120.663386 openat(AT_FDCWD, "/proc/20892/task/20950/stat", O_RDONLY|O_CLOEXEC) = 156
20957 1783913120.664283 openat(AT_FDCWD, "/proc/20892/task/20951/stat", O_RDONLY|O_CLOEXEC) = 156
20957 1783913120.665168 openat(AT_FDCWD, "/proc/20892/task/20952/stat", O_RDONLY|O_CLOEXEC) = 156
20957 1783913120.666146 openat(AT_FDCWD, "/proc/20892/task/20953/stat", O_RDONLY|O_CLOEXEC) = 156
20957 1783913120.667126 openat(AT_FDCWD, "/proc/20892/task/20954/stat", O_RDONLY|O_CLOEXEC) = 156
20957 1783913120.668123 openat(AT_FDCWD, "/proc/20892/task/20956/stat", O_RDONLY|O_CLOEXEC) = 156
20957 1783913120.669302 openat(AT_FDCWD, "/proc/20892/task/20957/stat", O_RDONLY|O_CLOEXEC) = 156
20957 1783913120.670275 openat(AT_FDCWD, "/proc/20892/task/20958/stat", O_RDONLY|O_CLOEXEC) = 156
20957 1783913120.671286 openat(AT_FDCWD, "/proc/20892/task/20959/stat", O_RDONLY|O_CLOEXEC) = 156
20957 1783913120.672306 openat(AT_FDCWD, "/proc/20892/task/20960/stat", O_RDONLY|O_CLOEXEC) = 156
20957 1783913120.673288 openat(AT_FDCWD, "/proc/20892/task/20961/stat", O_RDONLY|O_CLOEXEC) = 156
20957 1783913120.674455 openat(AT_FDCWD, "/proc/20892/task/20962/stat", O_RDONLY|O_CLOEXEC) = 156
20957 1783913120.675494 openat(AT_FDCWD, "/proc/20892/task/20963/stat", O_RDONLY|O_CLOEXEC) = 156
20957 1783913120.676491 openat(AT_FDCWD, "/proc/20892/task/20965/stat", O_RDONLY|O_CLOEXEC) = 156
20957 1783913120.677434 openat(AT_FDCWD, "/proc/20892/task/20966/stat", O_RDONLY|O_CLOEXEC) = 156
20957 1783913120.678663 openat(AT_FDCWD, "/proc/20892/task/20968/stat", O_RDONLY|O_CLOEXEC) = 156
20957 1783913120.680183 openat(AT_FDCWD, "/proc/20892/task/20969/stat", O_RDONLY|O_CLOEXEC) = 156
20957 1783913120.681177 openat(AT_FDCWD, "/proc/20892/task/20972/stat", O_RDONLY|O_CLOEXEC) = 156
20957 1783913120.682212 openat(AT_FDCWD, "/proc/20892/task/20984/stat", O_RDONLY|O_CLOEXEC) = 156
20957 1783913120.683202 openat(AT_FDCWD, "/proc/20892/task/20985/stat", O_RDONLY|O_CLOEXEC) = 156
20957 1783913120.684206 openat(AT_FDCWD, "/proc/20892/task/20986/stat", O_RDONLY|O_CLOEXEC) = 156
20957 1783913120.685195 openat(AT_FDCWD, "/proc/20892/task/20988/stat", O_RDONLY|O_CLOEXEC) = 156
20957 1783913120.686383 openat(AT_FDCWD, "/proc/20892/task/20989/stat", O_RDONLY|O_CLOEXEC) = 156
20957 1783913120.687415 openat(AT_FDCWD, "/proc/20892/task/20990/stat", O_RDONLY|O_CLOEXEC) = 156
20957 1783913120.688406 openat(AT_FDCWD, "/proc/20892/task/20991/stat", O_RDONLY|O_CLOEXEC) = 156
20957 1783913120.689389 openat(AT_FDCWD, "/proc/20892/task/20992/stat", O_RDONLY|O_CLOEXEC) = 156
20957 1783913120.690319 openat(AT_FDCWD, "/proc/20892/task/20993/stat", O_RDONLY|O_CLOEXEC) = 156
20957 1783913120.691492 openat(AT_FDCWD, "/proc/20892/task/20994/stat", O_RDONLY|O_CLOEXEC) = 156
20957 1783913120.692487 openat(AT_FDCWD, "/proc/20892/task/20995/stat", O_RDONLY|O_CLOEXEC) = 156
20957 1783913120.693492 openat(AT_FDCWD, "/proc/20892/task/21001/stat", O_RDONLY|O_CLOEXEC) = 156
20957 1783913120.694509 openat(AT_FDCWD, "/proc/20892/task/21002/stat", O_RDONLY|O_CLOEXEC) = 156
20957 1783913120.695498 openat(AT_FDCWD, "/proc/20892/task/21004/stat", O_RDONLY|O_CLOEXEC) = 156
20957 1783913120.696473 openat(AT_FDCWD, "/proc/20892/task/21005/stat", O_RDONLY|O_CLOEXEC) = 156
20957 1783913120.697452 openat(AT_FDCWD, "/proc/20892/task/21064/stat", O_RDONLY|O_CLOEXEC) = 156
20892 1783913121.068866 recvfrom(100, 0x7fc3986420, 3200, MSG_DONTWAIT, NULL, NULL) = -1 EAGAIN (Try again)
20892 1783913121.086590 recvfrom(100, "nysv\0\0\0\0\0\0\0\0\0\0\0\0\371\357f\201\223\1\0\0u\223\1\0\0\0\0\0", 3200, MSG_DONTWAIT, NULL, NULL) = 32
20892 1783913121.087524 recvfrom(100, 0x7fc3986860, 3200, MSG_DONTWAIT, NULL, NULL) = -1 EAGAIN (Try again)
20892 1783913121.090882 recvfrom(114, 0x7d0fd84020, 2272, MSG_DONTWAIT, NULL, NULL) = -1 EAGAIN (Try again)
21004 1783913121.111208 sendmsg(177, {msg_name=NULL, msg_namelen=0, msg_iov=[{iov_base="l\1\1\1\374\0\0\0003\1\0\0\235\0\0\0\1\1o\0;\0\0\0/re/frid"..., iov_len=428}], msg_iovlen=1, msg_controllen=0, msg_flags=0}, MSG_NOSIGNAL) = 428
20892 1783913121.182945 recvfrom(100, 0x7fc39856b0, 3200, MSG_DONTWAIT, NULL, NULL) = -1 EAGAIN (Try again)
20892 1783913121.186496 recvfrom(100, "nysv\0\0\0\0\0\0\0\0\0\0\0\0x^^\207\223\1\0\0{\223\1\0\0\0\0\0", 3200, MSG_DONTWAIT, NULL, NULL) = 32
20892 1783913121.191391 recvfrom(100, 0x7fc3986860, 3200, MSG_DONTWAIT, NULL, NULL) = -1 EAGAIN (Try again)
20892 1783913121.193436 recvfrom(100, 0x7fc3986760, 3200, MSG_DONTWAIT, NULL, NULL) = -1 EAGAIN (Try again)
21004 1783913121.218022 sendmsg(177, {msg_name=NULL, msg_namelen=0, msg_iov=[{iov_base="l\1\1\1\374\0\0\0004\1\0\0\235\0\0\0\1\1o\0;\0\0\0/re/frid"..., iov_len=428}], msg_iovlen=1, msg_controllen=0, msg_flags=0}, MSG_NOSIGNAL) = 428
20892 1783913121.228246 recvfrom(100, "nysv\0\0\0\0\0\0\0\0\0\0\0\0\n\2]\210\223\1\0\0|\223\1\0\0\0\0\0", 3200, MSG_DONTWAIT, NULL, NULL) = 32
20892 1783913121.231448 recvfrom(100, 0x7fc3986860, 3200, MSG_DONTWAIT, NULL, NULL) = -1 EAGAIN (Try again)
21004 1783913121.257421 sendmsg(177, {msg_name=NULL, msg_namelen=0, msg_iov=[{iov_base="l\1\1\1\374\0\0\0005\1\0\0\235\0\0\0\1\1o\0;\0\0\0/re/frid"..., iov_len=428}], msg_iovlen=1, msg_controllen=0, msg_flags=0}, MSG_NOSIGNAL) = 428
21004 1783913121.260264 sendmsg(177, {msg_name=NULL, msg_namelen=0, msg_iov=[{iov_base="l\1\1\1\374\0\0\0006\1\0\0\235\0\0\0\1\1o\0;\0\0\0/re/frid"..., iov_len=428}], msg_iovlen=1, msg_controllen=0, msg_flags=0}, MSG_NOSIGNAL) = 428
20892 1783913121.261896 recvfrom(100, 0x7fc3984a50, 3200, MSG_DONTWAIT, NULL, NULL) = -1 EAGAIN (Try again)
20892 1783913121.269307 recvfrom(100, "nysv\0\0\0\0\0\0\0\0\0\0\0\0C\317V\214\223\1\0\0\200\223\1\0\0\0\0\0", 3200, MSG_DONTWAIT, NULL, NULL) = 32
20892 1783913121.269334 recvfrom(100, 0x7fc3986860, 3200, MSG_DONTWAIT, NULL, NULL) = -1 EAGAIN (Try again)
20892 1783913121.269355 recvfrom(114, 0x7d0fd84020, 2272, MSG_DONTWAIT, NULL, NULL) = -1 EAGAIN (Try again)
20892 1783913121.270202 recvfrom(100, 0x7fc39823e0, 3200, MSG_DONTWAIT, NULL, NULL) = -1 EAGAIN (Try again)
20892 1783913121.285797 recvfrom(100, "nysv\0\0\0\0\0\0\0\0\0\0\0\0Y\\U\215\223\1\0\0\201\223\1\0\0\0\0\0", 3200, MSG_DONTWAIT, NULL, NULL) = 32
20892 1783913121.285829 recvfrom(100, 0x7fc3986860, 3200, MSG_DONTWAIT, NULL, NULL) = -1 EAGAIN (Try again)
20892 1783913121.285855 recvfrom(114, 0x7d0fd84020, 2272, MSG_DONTWAIT, NULL, NULL) = -1 EAGAIN (Try again)
20892 1783913121.358989 recvfrom(100, 0x7fc39856b0, 3200, MSG_DONTWAIT, NULL, NULL) = -1 EAGAIN (Try again)
21004 1783913121.359836 sendmsg(177, {msg_name=NULL, msg_namelen=0, msg_iov=[{iov_base="l\1\1\1\374\0\0\0007\1\0\0\235\0\0\0\1\1o\0;\0\0\0/re/frid"..., iov_len=428}], msg_iovlen=1, msg_controllen=0, msg_flags=0}, MSG_NOSIGNAL) = 428
20892 1783913121.369172 recvfrom(100, "nysv\0\0\0\0\0\0\0\0\0\0\0\0\3510N\222\223\1\0\0\206\223\1\0\0\0\0\0", 3200, MSG_DONTWAIT, NULL, NULL) = 32
20892 1783913121.369197 recvfrom(100, 0x7fc3986860, 3200, MSG_DONTWAIT, NULL, NULL) = -1 EAGAIN (Try again)
20892 1783913121.372645 recvfrom(100, 0x7fc3986760, 3200, MSG_DONTWAIT, NULL, NULL) = -1 EAGAIN (Try again)
21004 1783913121.374409 sendmsg(177, {msg_name=NULL, msg_namelen=0, msg_iov=[{iov_base="l\1\1\1\374\0\0\08\1\0\0\235\0\0\0\1\1o\0;\0\0\0/re/frid"..., iov_len=428}], msg_iovlen=1, msg_controllen=0, msg_flags=0}, MSG_NOSIGNAL) = 428
20892 1783913121.385857 recvfrom(100, "nysv\0\0\0\0\0\0\0\0\0\0\0\0\345\266L\223\223\1\0\0\207\223\1\0\0\0\0\0", 3200, MSG_DONTWAIT, NULL, NULL) = 32
20892 1783913121.385893 recvfrom(100, 0x7fc3986860, 3200, MSG_DONTWAIT, NULL, NULL) = -1 EAGAIN (Try again)
21004 1783913121.386380 sendmsg(177, {msg_name=NULL, msg_namelen=0, msg_iov=[{iov_base="l\1\1\1\374\0\0\09\1\0\0\235\0\0\0\1\1o\0;\0\0\0/re/frid"..., iov_len=428}], msg_iovlen=1, msg_controllen=0, msg_flags=0}, MSG_NOSIGNAL) = 428
20892 1783913121.394825 recvfrom(100, 0x7fc39856b0, 3200, MSG_DONTWAIT, NULL, NULL) = -1 EAGAIN (Try again)
20892 1783913121.402615 recvfrom(100, "nysv\0\0\0\0\0\0\0\0\0\0\0\0\17\7K\224\223\1\0\0\210\223\1\0\0\0\0\0", 3200, MSG_DONTWAIT, NULL, NULL) = 32
20892 1783913121.402638 recvfrom(100, 0x7fc3986860, 3200, MSG_DONTWAIT, NULL, NULL) = -1 EAGAIN (Try again)
20892 1783913121.407701 recvfrom(100, 0x7fc3986760, 3200, MSG_DONTWAIT, NULL, NULL) = -1 EAGAIN (Try again)
21004 1783913121.408540 sendmsg(177, {msg_name=NULL, msg_namelen=0, msg_iov=[{iov_base="l\1\1\1\374\0\0\0:\1\0\0\235\0\0\0\1\1o\0;\0\0\0/re/frid"..., iov_len=428}], msg_iovlen=1, msg_controllen=0, msg_flags=0}, MSG_NOSIGNAL) = 428
20892 1783913121.419936 recvfrom(100, "nysv\0\0\0\0\0\0\0\0\0\0\0\0ncI\225\223\1\0\0\211\223\1\0\0\0\0\0", 3200, MSG_DONTWAIT, NULL, NULL) = 32
20892 1783913121.419961 recvfrom(100, 0x7fc3986860, 3200, MSG_DONTWAIT, NULL, NULL) = -1 EAGAIN (Try again)
21004 1783913121.420427 sendmsg(177, {msg_name=NULL, msg_namelen=0, msg_iov=[{iov_base="l\1\1\1\374\0\0\0;\1\0\0\235\0\0\0\1\1o\0;\0\0\0/re/frid"..., iov_len=428}], msg_iovlen=1, msg_controllen=0, msg_flags=0}, MSG_NOSIGNAL) = 428
20892 1783913121.765922 recvfrom(100, 0x7fc3986420, 3200, MSG_DONTWAIT, NULL, NULL) = -1 EAGAIN (Try again)
20892 1783913121.769214 recvfrom(100, "nysv\0\0\0\0\0\0\0\0\0\0\0\0\301R#\252\223\1\0\0\236\223\1\0\0\0\0\0", 3200, MSG_DONTWAIT, NULL, NULL) = 32
20892 1783913121.769245 recvfrom(100, 0x7fc3986860, 3200, MSG_DONTWAIT, NULL, NULL) = -1 EAGAIN (Try again)
20892 1783913121.769269 recvfrom(114, 0x7d0fd84020, 2272, MSG_DONTWAIT, NULL, NULL) = -1 EAGAIN (Try again)
21004 1783913121.773014 sendmsg(177, {msg_name=NULL, msg_namelen=0, msg_iov=[{iov_base="l\1\1\1\374\0\0\0<\1\0\0\235\0\0\0\1\1o\0;\0\0\0/re/frid"..., iov_len=428}], msg_iovlen=1, msg_controllen=0, msg_flags=0}, MSG_NOSIGNAL) = 428
20892 1783913121.806923 recvfrom(100, 0x7fc39856b0, 3200, MSG_DONTWAIT, NULL, NULL) = -1 EAGAIN (Try again)
20892 1783913121.819907 recvfrom(100, "nysv\0\0\0\0\0\0\0\0\0\0\0\0\251\n\37\255\223\1\0\0\241\223\1\0\0\0\0\0", 3200, MSG_DONTWAIT, NULL, NULL) = 32
20892 1783913121.819935 recvfrom(100, 0x7fc3986860, 3200, MSG_DONTWAIT, NULL, NULL) = -1 EAGAIN (Try again)
20892 1783913121.826067 recvfrom(100, 0x7fc3986760, 3200, MSG_DONTWAIT, NULL, NULL) = -1 EAGAIN (Try again)
21004 1783913121.826591 sendmsg(177, {msg_name=NULL, msg_namelen=0, msg_iov=[{iov_base="l\1\1\1\374\0\0\0=\1\0\0\235\0\0\0\1\1o\0;\0\0\0/re/frid"..., iov_len=428}], msg_iovlen=1, msg_controllen=0, msg_flags=0}, MSG_NOSIGNAL) = 428
20892 1783913121.840062 recvfrom(100, "nysv\0\0\0\0\0\0\0\0\0\0\0\0/\234\34\256\223\1\0\0\242\223\1\0\0\0\0\0", 3200, MSG_DONTWAIT, NULL, NULL) = 32
20892 1783913121.840081 recvfrom(100, 0x7fc3986860, 3200, MSG_DONTWAIT, NULL, NULL) = -1 EAGAIN (Try again)
21004 1783913121.840459 sendmsg(177, {msg_name=NULL, msg_namelen=0, msg_iov=[{iov_base="l\1\1\1\374\0\0\0>\1\0\0\235\0\0\0\1\1o\0;\0\0\0/re/frid"..., iov_len=428}], msg_iovlen=1, msg_controllen=0, msg_flags=0}, MSG_NOSIGNAL) = 428
21004 1783913122.195898 sendmsg(177, {msg_name=NULL, msg_namelen=0, msg_iov=[{iov_base="l\1\1\1\374\0\0\0?\1\0\0\235\0\0\0\1\1o\0;\0\0\0/re/frid"..., iov_len=428}], msg_iovlen=1, msg_controllen=0, msg_flags=0}, MSG_NOSIGNAL) = 428
20892 1783913122.270296 recvfrom(100, 0x7fc3986420, 3200, MSG_DONTWAIT, NULL, NULL) = -1 EAGAIN (Try again)
20892 1783913122.287972 recvfrom(100, "nysv\0\0\0\0\0\0\0\0\0\0\0\0\276\356\353\310\223\1\0\0\275\223\1\0\0\0\0\0", 3200, MSG_DONTWAIT, NULL, NULL) = 32
20892 1783913122.288019 recvfrom(100, 0x7fc3986860, 3200, MSG_DONTWAIT, NULL, NULL) = -1 EAGAIN (Try again)
20892 1783913122.288046 recvfrom(114, 0x7d0fd84020, 2272, MSG_DONTWAIT, NULL, NULL) = -1 EAGAIN (Try again)
21004 1783913122.289755 sendmsg(177, {msg_name=NULL, msg_namelen=0, msg_iov=[{iov_base="l\1\1\1\374\0\0\0@\1\0\0\235\0\0\0\1\1o\0;\0\0\0/re/frid"..., iov_len=428}], msg_iovlen=1, msg_controllen=0, msg_flags=0}, MSG_NOSIGNAL) = 428
20892 1783913122.312042 recvfrom(100, 0x7fc39856b0, 3200, MSG_DONTWAIT, NULL, NULL) = -1 EAGAIN (Try again)
20892 1783913122.318815 recvfrom(100, "nysv\0\0\0\0\0\0\0\0\0\0\0\0\362'\351\312\223\1\0\0\277\223\1\0\0\0\0\0", 3200, MSG_DONTWAIT, NULL, NULL) = 32
20892 1783913122.318863 recvfrom(100, 0x7fc3986860, 3200, MSG_DONTWAIT, NULL, NULL) = -1 EAGAIN (Try again)
20892 1783913122.320347 recvfrom(100, 0x7fc3986760, 3200, MSG_DONTWAIT, NULL, NULL) = -1 EAGAIN (Try again)
21004 1783913122.320959 sendmsg(177, {msg_name=NULL, msg_namelen=0, msg_iov=[{iov_base="l\1\1\1\374\0\0\0A\1\0\0\235\0\0\0\1\1o\0;\0\0\0/re/frid"..., iov_len=428}], msg_iovlen=1, msg_controllen=0, msg_flags=0}, MSG_NOSIGNAL) = 428
20892 1783913122.342440 recvfrom(100, "nysv\0\0\0\0\0\0\0\0\0\0\0\0004$\346\313\223\1\0\0\300\223\1\0\0\0\0\0", 3200, MSG_DONTWAIT, NULL, NULL) = 32
20892 1783913122.342592 recvfrom(100, 0x7fc3986860, 3200, MSG_DONTWAIT, NULL, NULL) = -1 EAGAIN (Try again)
21004 1783913122.342892 sendmsg(177, {msg_name=NULL, msg_namelen=0, msg_iov=[{iov_base="l\1\1\1\374\0\0\0B\1\0\0\235\0\0\0\1\1o\0;\0\0\0/re/frid"..., iov_len=428}], msg_iovlen=1, msg_controllen=0, msg_flags=0}, MSG_NOSIGNAL) = 428
20892 1783913122.770991 recvfrom(100, 0x7fc3986420, 3200, MSG_DONTWAIT, NULL, NULL) = -1 EAGAIN (Try again)
20892 1783913122.790356 recvfrom(100, "nysv\0\0\0\0\0\0\0\0\0\0\0\0I\336\266\346\223\1\0\0\332\223\1\0\0\0\0\0", 3200, MSG_DONTWAIT, NULL, NULL) = 32
20892 1783913122.791395 recvfrom(100, 0x7fc3986860, 3200, MSG_DONTWAIT, NULL, NULL) = -1 EAGAIN (Try again)
20892 1783913122.791975 recvfrom(114, 0x7d0fd84020, 2272, MSG_DONTWAIT, NULL, NULL) = -1 EAGAIN (Try again)
21004 1783913122.796595 sendmsg(177, {msg_name=NULL, msg_namelen=0, msg_iov=[{iov_base="l\1\1\1\374\0\0\0C\1\0\0\235\0\0\0\1\1o\0;\0\0\0/re/frid"..., iov_len=428}], msg_iovlen=1, msg_controllen=0, msg_flags=0}, MSG_NOSIGNAL) = 428
20892 1783913122.833738 recvfrom(100, 0x7fc39856b0, 3200, MSG_DONTWAIT, NULL, NULL) = -1 EAGAIN (Try again)
20892 1783913122.842219 recvfrom(100, "nysv\0\0\0\0\0\0\0\0\0\0\0\0\307\316\261\351\223\1\0\0\335\223\1\0\0\0\0\0", 3200, MSG_DONTWAIT, NULL, NULL) = 32
20892 1783913122.842256 recvfrom(100, 0x7fc3986860, 3200, MSG_DONTWAIT, NULL, NULL) = -1 EAGAIN (Try again)
20892 1783913122.845077 recvfrom(100, 0x7fc3986760, 3200, MSG_DONTWAIT, NULL, NULL) = -1 EAGAIN (Try again)
21004 1783913122.845967 sendmsg(177, {msg_name=NULL, msg_namelen=0, msg_iov=[{iov_base="l\1\1\1\374\0\0\0D\1\0\0\235\0\0\0\1\1o\0;\0\0\0/re/frid"..., iov_len=428}], msg_iovlen=1, msg_controllen=0, msg_flags=0}, MSG_NOSIGNAL) = 428
20892 1783913122.852550 recvfrom(100, "nysv\0\0\0\0\0\0\0\0\0\0\0\0004]\260\352\223\1\0\0\336\223\1\0\0\0\0\0", 3200, MSG_DONTWAIT, NULL, NULL) = 32
20892 1783913122.852704 recvfrom(100, 0x7fc3986860, 3200, MSG_DONTWAIT, NULL, NULL) = -1 EAGAIN (Try again)
21004 1783913122.853085 sendmsg(177, {msg_name=NULL, msg_namelen=0, msg_iov=[{iov_base="l\1\1\1\374\0\0\0E\1\0\0\235\0\0\0\1\1o\0;\0\0\0/re/frid"..., iov_len=428}], msg_iovlen=1, msg_controllen=0, msg_flags=0}, MSG_NOSIGNAL) = 428
21004 1783913123.215314 sendmsg(177, {msg_name=NULL, msg_namelen=0, msg_iov=[{iov_base="l\1\1\1\374\0\0\0F\1\0\0\235\0\0\0\1\1o\0;\0\0\0/re/frid"..., iov_len=428}], msg_iovlen=1, msg_controllen=0, msg_flags=0}, MSG_NOSIGNAL) = 428
21004 1783913123.223752 sendmsg(177, {msg_name=NULL, msg_namelen=0, msg_iov=[{iov_base="l\1\1\1\374\0\0\0G\1\0\0\235\0\0\0\1\1o\0;\0\0\0/re/frid"..., iov_len=428}], msg_iovlen=1, msg_controllen=0, msg_flags=0}, MSG_NOSIGNAL) = 428
21004 1783913123.232701 sendmsg(177, {msg_name=NULL, msg_namelen=0, msg_iov=[{iov_base="l\1\1\1\374\0\0\0H\1\0\0\235\0\0\0\1\1o\0;\0\0\0/re/frid"..., iov_len=428}], msg_iovlen=1, msg_controllen=0, msg_flags=0}, MSG_NOSIGNAL) = 428
20892 1783913123.271254 recvfrom(100, 0x7fc3986420, 3200, MSG_DONTWAIT, NULL, NULL) = -1 EAGAIN (Try again)
20892 1783913123.286025 recvfrom(100, "nysv\0\0\0\0\0\0\0\0\0\0\0\0\340\301\205\4\224\1\0\0\370\223\1\0\0\0\0\0", 3200, MSG_DONTWAIT, NULL, NULL) = 32
20892 1783913123.286059 recvfrom(100, 0x7fc3986860, 3200, MSG_DONTWAIT, NULL, NULL) = -1 EAGAIN (Try again)
20892 1783913123.286087 recvfrom(114, 0x7d0fd84020, 2272, MSG_DONTWAIT, NULL, NULL) = -1 EAGAIN (Try again)
21004 1783913123.288136 sendmsg(177, {msg_name=NULL, msg_namelen=0, msg_iov=[{iov_base="l\1\1\1\374\0\0\0I\1\0\0\235\0\0\0\1\1o\0;\0\0\0/re/frid"..., iov_len=428}], msg_iovlen=1, msg_controllen=0, msg_flags=0}, MSG_NOSIGNAL) = 428
20892 1783913123.311233 recvfrom(100, 0x7fc3985580, 3200, MSG_DONTWAIT, NULL, NULL) = -1 EAGAIN (Try again)
20892 1783913123.318828 recvfrom(100, "nysv\0\0\0\0\0\0\0\0\0\0\0\0\377\373\202\6\224\1\0\0\372\223\1\0\0\0\0\0", 3200, MSG_DONTWAIT, NULL, NULL) = 32
20892 1783913123.318868 recvfrom(100, 0x7fc3986860, 3200, MSG_DONTWAIT, NULL, NULL) = -1 EAGAIN (Try again)
20892 1783913123.320857 recvfrom(100, 0x7fc3986280, 3200, MSG_DONTWAIT, NULL, NULL) = -1 EAGAIN (Try again)
21004 1783913123.324323 sendmsg(177, {msg_name=NULL, msg_namelen=0, msg_iov=[{iov_base="l\1\1\1\374\0\0\0J\1\0\0\235\0\0\0\1\1o\0;\0\0\0/re/frid"..., iov_len=428}], msg_iovlen=1, msg_controllen=0, msg_flags=0}, MSG_NOSIGNAL) = 428
20892 1783913123.335530 recvfrom(100, "nysv\0\0\0\0\0\0\0\0\0\0\0\0T\220\201\7\224\1\0\0\373\223\1\0\0\0\0\0", 3200, MSG_DONTWAIT, NULL, NULL) = 32
20892 1783913123.335562 recvfrom(100, 0x7fc3986860, 3200, MSG_DONTWAIT, NULL, NULL) = -1 EAGAIN (Try again)
21004 1783913123.336021 sendmsg(177, {msg_name=NULL, msg_namelen=0, msg_iov=[{iov_base="l\1\1\1\374\0\0\0K\1\0\0\235\0\0\0\1\1o\0;\0\0\0/re/frid"..., iov_len=428}], msg_iovlen=1, msg_controllen=0, msg_flags=0}, MSG_NOSIGNAL) = 428
20892 1783913123.775653 recvfrom(100, 0x7fc3986420, 3200, MSG_DONTWAIT, NULL, NULL) = -1 EAGAIN (Try again)
20892 1783913123.789751 recvfrom(100, "nysv\0\0\0\0\0\0\0\0\0\0\0\0!\250Q\"\224\1\0\0\26\224\1\0\0\0\0\0", 3200, MSG_DONTWAIT, NULL, NULL) = 32
20892 1783913123.789790 recvfrom(100, 0x7fc3986860, 3200, MSG_DONTWAIT, NULL, NULL) = -1 EAGAIN (Try again)
20892 1783913123.789827 recvfrom(114, 0x7d0fd84020, 2272, MSG_DONTWAIT, NULL, NULL) = -1 EAGAIN (Try again)
21004 1783913123.792464 sendmsg(177, {msg_name=NULL, msg_namelen=0, msg_iov=[{iov_base="l\1\1\1\374\0\0\0L\1\0\0\235\0\0\0\1\1o\0;\0\0\0/re/frid"..., iov_len=428}], msg_iovlen=1, msg_controllen=0, msg_flags=0}, MSG_NOSIGNAL) = 428
20892 1783913123.821239 recvfrom(100, 0x7fc39856b0, 3200, MSG_DONTWAIT, NULL, NULL) = -1 EAGAIN (Try again)
20892 1783913123.838016 recvfrom(100, "nysv\0\0\0\0\0\0\0\0\0\0\0\0!\260L%\224\1\0\0\31\224\1\0\0\0\0\0", 3200, MSG_DONTWAIT, NULL, NULL) = 32
20892 1783913123.838048 recvfrom(100, 0x7fc3986860, 3200, MSG_DONTWAIT, NULL, NULL) = -1 EAGAIN (Try again)
20892 1783913123.843642 recvfrom(100, 0x7fc3986760, 3200, MSG_DONTWAIT, NULL, NULL) = -1 EAGAIN (Try again)
21004 1783913123.844677 sendmsg(177, {msg_name=NULL, msg_namelen=0, msg_iov=[{iov_base="l\1\1\1\374\0\0\0M\1\0\0\235\0\0\0\1\1o\0;\0\0\0/re/frid"..., iov_len=428}], msg_iovlen=1, msg_controllen=0, msg_flags=0}, MSG_NOSIGNAL) = 428
20892 1783913123.852612 recvfrom(100, "nysv\0\0\0\0\0\0\0\0\0\0\0\0\304-K&\224\1\0\0\32\224\1\0\0\0\0\0", 3200, MSG_DONTWAIT, NULL, NULL) = 32
20892 1783913123.852699 recvfrom(100, 0x7fc3986860, 3200, MSG_DONTWAIT, NULL, NULL) = -1 EAGAIN (Try again)
21004 1783913123.853090 sendmsg(177, {msg_name=NULL, msg_namelen=0, msg_iov=[{iov_base="l\1\1\1\374\0\0\0N\1\0\0\235\0\0\0\1\1o\0;\0\0\0/re/frid"..., iov_len=428}], msg_iovlen=1, msg_controllen=0, msg_flags=0}, MSG_NOSIGNAL) = 428
20892 1783913124.278675 recvfrom(100, 0x7fc3986420, 3200, MSG_DONTWAIT, NULL, NULL) = -1 EAGAIN (Try again)
20892 1783913124.288691 recvfrom(100, "nysv\0\0\0\0\0\0\0\0\0\0\0\0\r\r\37@\224\1\0\0004\224\1\0\0\0\0\0", 3200, MSG_DONTWAIT, NULL, NULL) = 32
20892 1783913124.288813 recvfrom(100, 0x7fc3986860, 3200, MSG_DONTWAIT, NULL, NULL) = -1 EAGAIN (Try again)
20892 1783913124.288928 recvfrom(114, 0x7d0fd84020, 2272, MSG_DONTWAIT, NULL, NULL) = -1 EAGAIN (Try again)
21004 1783913124.293776 sendmsg(177, {msg_name=NULL, msg_namelen=0, msg_iov=[{iov_base="l\1\1\1\374\0\0\0O\1\0\0\235\0\0\0\1\1o\0;\0\0\0/re/frid"..., iov_len=428}], msg_iovlen=1, msg_controllen=0, msg_flags=0}, MSG_NOSIGNAL) = 428
20892 1783913124.331079 recvfrom(100, 0x7fc39856b0, 3200, MSG_DONTWAIT, NULL, NULL) = -1 EAGAIN (Try again)
20892 1783913124.337350 recvfrom(100, "nysv\0\0\0\0\0\0\0\0\0\0\0\0\213\375\31C\224\1\0\0007\224\1\0\0\0\0\0", 3200, MSG_DONTWAIT, NULL, NULL) = 32
20892 1783913124.337396 recvfrom(100, 0x7fc3986860, 3200, MSG_DONTWAIT, NULL, NULL) = -1 EAGAIN (Try again)
20892 1783913124.340022 recvfrom(100, 0x7fc3986760, 3200, MSG_DONTWAIT, NULL, NULL) = -1 EAGAIN (Try again)
21004 1783913124.341167 sendmsg(177, {msg_name=NULL, msg_namelen=0, msg_iov=[{iov_base="l\1\1\1\374\0\0\0P\1\0\0\235\0\0\0\1\1o\0;\0\0\0/re/frid"..., iov_len=428}], msg_iovlen=1, msg_controllen=0, msg_flags=0}, MSG_NOSIGNAL) = 428
20892 1783913124.357436 recvfrom(100, "nysv\0\0\0\0\0\0\0\0\0\0\0\0\265M\30D\224\1\0\08\224\1\0\0\0\0\0", 3200, MSG_DONTWAIT, NULL, NULL) = 32
20892 1783913124.357475 recvfrom(100, 0x7fc3986860, 3200, MSG_DONTWAIT, NULL, NULL) = -1 EAGAIN (Try again)
21004 1783913124.358239 sendmsg(177, {msg_name=NULL, msg_namelen=0, msg_iov=[{iov_base="l\1\1\1\374\0\0\0Q\1\0\0\235\0\0\0\1\1o\0;\0\0\0/re/frid"..., iov_len=428}], msg_iovlen=1, msg_controllen=0, msg_flags=0}, MSG_NOSIGNAL) = 428
20892 1783913124.781572 recvfrom(100, 0x7fc3986420, 3200, MSG_DONTWAIT, NULL, NULL) = -1 EAGAIN (Try again)
20892 1783913124.786509 recvfrom(100, "nysv\0\0\0\0\0\0\0\0\0\0\0\0l\216\354]\224\1\0\0R\224\1\0\0\0\0\0", 3200, MSG_DONTWAIT, NULL, NULL) = 32
20892 1783913124.786589 recvfrom(100, 0x7fc3986860, 3200, MSG_DONTWAIT, NULL, NULL) = -1 EAGAIN (Try again)
20892 1783913124.786844 recvfrom(114, 0x7d0fd84020, 2272, MSG_DONTWAIT, NULL, NULL) = -1 EAGAIN (Try again)
21004 1783913124.791251 sendmsg(177, {msg_name=NULL, msg_namelen=0, msg_iov=[{iov_base="l\1\1\1\374\0\0\0R\1\0\0\235\0\0\0\1\1o\0;\0\0\0/re/frid"..., iov_len=428}], msg_iovlen=1, msg_controllen=0, msg_flags=0}, MSG_NOSIGNAL) = 428
20892 1783913124.827108 recvfrom(100, 0x7fc39856b0, 3200, MSG_DONTWAIT, NULL, NULL) = -1 EAGAIN (Try again)
20892 1783913124.835569 recvfrom(100, "nysv\0\0\0\0\0\0\0\0\0\0\0\0pq\350`\224\1\0\0U\224\1\0\0\0\0\0", 3200, MSG_DONTWAIT, NULL, NULL) = 32
20892 1783913124.835806 recvfrom(100, 0x7fc3986860, 3200, MSG_DONTWAIT, NULL, NULL) = -1 EAGAIN (Try again)
20892 1783913124.837791 recvfrom(100, 0x7fc3986760, 3200, MSG_DONTWAIT, NULL, NULL) = -1 EAGAIN (Try again)
21004 1783913124.838766 sendmsg(177, {msg_name=NULL, msg_namelen=0, msg_iov=[{iov_base="l\1\1\1\374\0\0\0S\1\0\0\235\0\0\0\1\1o\0;\0\0\0/re/frid"..., iov_len=428}], msg_iovlen=1, msg_controllen=0, msg_flags=0}, MSG_NOSIGNAL) = 428
20892 1783913124.853458 recvfrom(100, "nysv\0\0\0\0\0\0\0\0\0\0\0\0\307\307\346a\224\1\0\0V\224\1\0\0\0\0\0", 3200, MSG_DONTWAIT, NULL, NULL) = 32
20892 1783913124.853490 recvfrom(100, 0x7fc3986860, 3200, MSG_DONTWAIT, NULL, NULL) = -1 EAGAIN (Try again)
21004 1783913124.856876 sendmsg(177, {msg_name=NULL, msg_namelen=0, msg_iov=[{iov_base="l\1\1\1\374\0\0\0T\1\0\0\235\0\0\0\1\1o\0;\0\0\0/re/frid"..., iov_len=428}], msg_iovlen=1, msg_controllen=0, msg_flags=0}, MSG_NOSIGNAL) = 428
20892 1783913125.283273 recvfrom(100, 0x7fc3986420, 3200, MSG_DONTWAIT, NULL, NULL) = -1 EAGAIN (Try again)
20892 1783913125.285531 recvfrom(100, "nysv\0\0\0\0\0\0\0\0\0\0\0\0z5\272{\224\1\0\0p\224\1\0\0\0\0\0", 3200, MSG_DONTWAIT, NULL, NULL) = 32
20892 1783913125.285654 recvfrom(100, 0x7fc3986860, 3200, MSG_DONTWAIT, NULL, NULL) = -1 EAGAIN (Try again)
20892 1783913125.285716 recvfrom(114, 0x7d0fd84020, 2272, MSG_DONTWAIT, NULL, NULL) = -1 EAGAIN (Try again)
21004 1783913125.289305 sendmsg(177, {msg_name=NULL, msg_namelen=0, msg_iov=[{iov_base="l\1\1\1\374\0\0\0U\1\0\0\235\0\0\0\1\1o\0;\0\0\0/re/frid"..., iov_len=428}], msg_iovlen=1, msg_controllen=0, msg_flags=0}, MSG_NOSIGNAL) = 428
20892 1783913125.326218 recvfrom(100, 0x7fc39856b0, 3200, MSG_DONTWAIT, NULL, NULL) = -1 EAGAIN (Try again)
20892 1783913125.335492 recvfrom(100, "nysv\0\0\0\0\0\0\0\0\0\0\0\0\2\34\266~\224\1\0\0s\224\1\0\0\0\0\0", 3200, MSG_DONTWAIT, NULL, NULL) = 32
20892 1783913125.335547 recvfrom(100, 0x7fc3986860, 3200, MSG_DONTWAIT, NULL, NULL) = -1 EAGAIN (Try again)
20892 1783913125.344280 recvfrom(100, 0x7fc3986760, 3200, MSG_DONTWAIT, NULL, NULL) = -1 EAGAIN (Try again)
21004 1783913125.344965 sendmsg(177, {msg_name=NULL, msg_namelen=0, msg_iov=[{iov_base="l\1\1\1\374\0\0\0V\1\0\0\235\0\0\0\1\1o\0;\0\0\0/re/frid"..., iov_len=428}], msg_iovlen=1, msg_controllen=0, msg_flags=0}, MSG_NOSIGNAL) = 428
20892 1783913125.352583 recvfrom(100, "nysv\0\0\0\0\0\0\0\0\0\0\0\0\327\243\264\177\224\1\0\0t\224\1\0\0\0\0\0", 3200, MSG_DONTWAIT, NULL, NULL) = 32
20892 1783913125.352640 recvfrom(100, 0x7fc3986860, 3200, MSG_DONTWAIT, NULL, NULL) = -1 EAGAIN (Try again)
21004 1783913125.353022 sendmsg(177, {msg_name=NULL, msg_namelen=0, msg_iov=[{iov_base="l\1\1\1\374\0\0\0W\1\0\0\235\0\0\0\1\1o\0;\0\0\0/re/frid"..., iov_len=428}], msg_iovlen=1, msg_controllen=0, msg_flags=0}, MSG_NOSIGNAL) = 428
20892 1783913125.786422 recvfrom(100, 0x7fc3986420, 3200, MSG_DONTWAIT, NULL, NULL) = -1 EAGAIN (Try again)
20892 1783913125.804218 recvfrom(100, "nysv\0\0\0\0\0\0\0\0\0\0\0\0\247\360\205\232\224\1\0\0\217\224\1\0\0\0\0\0", 3200, MSG_DONTWAIT, NULL, NULL) = 32
20892 1783913125.804445 recvfrom(100, 0x7fc3986860, 3200, MSG_DONTWAIT, NULL, NULL) = -1 EAGAIN (Try again)
20892 1783913125.804539 recvfrom(114, 0x7d0fd84020, 2272, MSG_DONTWAIT, NULL, NULL) = -1 EAGAIN (Try again)
21004 1783913125.809391 sendmsg(177, {msg_name=NULL, msg_namelen=0, msg_iov=[{iov_base="l\1\1\1\374\0\0\0X\1\0\0\235\0\0\0\1\1o\0;\0\0\0/re/frid"..., iov_len=428}], msg_iovlen=1, msg_controllen=0, msg_flags=0}, MSG_NOSIGNAL) = 428
20892 1783913125.847146 recvfrom(100, 0x7fc39856b0, 3200, MSG_DONTWAIT, NULL, NULL) = -1 EAGAIN (Try again)
20892 1783913125.852664 recvfrom(100, "nysv\0\0\0\0\0\0\0\0\0\0\0\0i\265\201\235\224\1\0\0\222\224\1\0\0\0\0\0", 3200, MSG_DONTWAIT, NULL, NULL) = 32
20892 1783913125.852694 recvfrom(100, 0x7fc3986860, 3200, MSG_DONTWAIT, NULL, NULL) = -1 EAGAIN (Try again)
20892 1783913125.856243 recvfrom(100, 0x7fc3986760, 3200, MSG_DONTWAIT, NULL, NULL) = -1 EAGAIN (Try again)
21004 1783913125.857126 sendmsg(177, {msg_name=NULL, msg_namelen=0, msg_iov=[{iov_base="l\1\1\1\374\0\0\0Y\1\0\0\235\0\0\0\1\1o\0;\0\0\0/re/frid"..., iov_len=428}], msg_iovlen=1, msg_controllen=0, msg_flags=0}, MSG_NOSIGNAL) = 428
20892 1783913125.868709 recvfrom(100, "nysv\0\0\0\0\0\0\0\0\0\0\0\0\271W\200\236\224\1\0\0\223\224\1\0\0\0\0\0", 3200, MSG_DONTWAIT, NULL, NULL) = 32
20892 1783913125.868729 recvfrom(100, 0x7fc3986860, 3200, MSG_DONTWAIT, NULL, NULL) = -1 EAGAIN (Try again)
21004 1783913125.869995 sendmsg(177, {msg_name=NULL, msg_namelen=0, msg_iov=[{iov_base="l\1\1\1\374\0\0\0Z\1\0\0\235\0\0\0\1\1o\0;\0\0\0/re/frid"..., iov_len=428}], msg_iovlen=1, msg_controllen=0, msg_flags=0}, MSG_NOSIGNAL) = 428
20892 1783913126.288683 recvfrom(100, 0x7fc3986420, 3200, MSG_DONTWAIT, NULL, NULL) = -1 EAGAIN (Try again)
20892 1783913126.308385 recvfrom(100, "nysv\0\0\0\0\0\0\0\0\0\0\0\0\347\360R\270\224\1\0\0\255\224\1\0\0\0\0\0", 3200, MSG_DONTWAIT, NULL, NULL) = 32
20892 1783913126.308425 recvfrom(100, 0x7fc3986860, 3200, MSG_DONTWAIT, NULL, NULL) = -1 EAGAIN (Try again)
20892 1783913126.308459 recvfrom(114, 0x7d0fd84020, 2272, MSG_DONTWAIT, NULL, NULL) = -1 EAGAIN (Try again)
21004 1783913126.311584 sendmsg(177, {msg_name=NULL, msg_namelen=0, msg_iov=[{iov_base="l\1\1\1\374\0\0\0[\1\0\0\235\0\0\0\1\1o\0;\0\0\0/re/frid"..., iov_len=428}], msg_iovlen=1, msg_controllen=0, msg_flags=0}, MSG_NOSIGNAL) = 428
20892 1783913126.340966 recvfrom(100, 0x7fc39856b0, 3200, MSG_DONTWAIT, NULL, NULL) = -1 EAGAIN (Try again)
20892 1783913126.352699 recvfrom(100, "nysv\0\0\0\0\0\0\0\0\0\0\0\0\t\253N\273\224\1\0\0\260\224\1\0\0\0\0\0", 3200, MSG_DONTWAIT, NULL, NULL) = 32
20892 1783913126.352731 recvfrom(100, 0x7fc3986860, 3200, MSG_DONTWAIT, NULL, NULL) = -1 EAGAIN (Try again)
20892 1783913126.358924 recvfrom(100, 0x7fc3986760, 3200, MSG_DONTWAIT, NULL, NULL) = -1 EAGAIN (Try again)
21004 1783913126.359468 sendmsg(177, {msg_name=NULL, msg_namelen=0, msg_iov=[{iov_base="l\1\1\1\374\0\0\0\\\1\0\0\235\0\0\0\1\1o\0;\0\0\0/re/frid"..., iov_len=428}], msg_iovlen=1, msg_controllen=0, msg_flags=0}, MSG_NOSIGNAL) = 428
20892 1783913126.370588 recvfrom(100, "nysv\0\0\0\0\0\0\0\0\0\0\0\0\304\327L\274\224\1\0\0\261\224\1\0\0\0\0\0", 3200, MSG_DONTWAIT, NULL, NULL) = 32
20892 1783913126.370692 recvfrom(100, 0x7fc3986860, 3200, MSG_DONTWAIT, NULL, NULL) = -1 EAGAIN (Try again)
21004 1783913126.371236 sendmsg(177, {msg_name=NULL, msg_namelen=0, msg_iov=[{iov_base="l\1\1\1\374\0\0\0]\1\0\0\235\0\0\0\1\1o\0;\0\0\0/re/frid"..., iov_len=428}], msg_iovlen=1, msg_controllen=0, msg_flags=0}, MSG_NOSIGNAL) = 428
20892 1783913126.793757 recvfrom(100, 0x7fc3986420, 3200, MSG_DONTWAIT, NULL, NULL) = -1 EAGAIN (Try again)
20892 1783913126.804097 recvfrom(100, "nysv\0\0\0\0\0\0\0\0\0\0\0\0\323U \326\224\1\0\0\313\224\1\0\0\0\0\0", 3200, MSG_DONTWAIT, NULL, NULL) = 32
20892 1783913126.804268 recvfrom(100, 0x7fc3986860, 3200, MSG_DONTWAIT, NULL, NULL) = -1 EAGAIN (Try again)
20892 1783913126.804329 recvfrom(114, 0x7d0fd84020, 2272, MSG_DONTWAIT, NULL, NULL) = -1 EAGAIN (Try again)
21004 1783913126.808812 sendmsg(177, {msg_name=NULL, msg_namelen=0, msg_iov=[{iov_base="l\1\1\1\374\0\0\0^\1\0\0\235\0\0\0\1\1o\0;\0\0\0/re/frid"..., iov_len=428}], msg_iovlen=1, msg_controllen=0, msg_flags=0}, MSG_NOSIGNAL) = 428
20892 1783913126.846171 recvfrom(100, 0x7fc39856b0, 3200, MSG_DONTWAIT, NULL, NULL) = -1 EAGAIN (Try again)
20892 1783913126.852224 recvfrom(100, "nysv\0\0\0\0\0\0\0\0\0\0\0\0%?\34\331\224\1\0\0\316\224\1\0\0\0\0\0", 3200, MSG_DONTWAIT, NULL, NULL) = 32
20892 1783913126.852463 recvfrom(100, 0x7fc3986860, 3200, MSG_DONTWAIT, NULL, NULL) = -1 EAGAIN (Try again)
20892 1783913126.854936 recvfrom(100, 0x7fc3986760, 3200, MSG_DONTWAIT, NULL, NULL) = -1 EAGAIN (Try again)
21004 1783913126.856095 sendmsg(177, {msg_name=NULL, msg_namelen=0, msg_iov=[{iov_base="l\1\1\1\374\0\0\0_\1\0\0\235\0\0\0\1\1o\0;\0\0\0/re/frid"..., iov_len=428}], msg_iovlen=1, msg_controllen=0, msg_flags=0}, MSG_NOSIGNAL) = 428
20892 1783913126.868730 recvfrom(100, "nysv\0\0\0\0\0\0\0\0\0\0\0\0\256\341\32\332\224\1\0\0\317\224\1\0\0\0\0\0", 3200, MSG_DONTWAIT, NULL, NULL) = 32
20892 1783913126.868756 recvfrom(100, 0x7fc3986860, 3200, MSG_DONTWAIT, NULL, NULL) = -1 EAGAIN (Try again)
21004 1783913126.869822 sendmsg(177, {msg_name=NULL, msg_namelen=0, msg_iov=[{iov_base="l\1\1\1\374\0\0\0`\1\0\0\235\0\0\0\1\1o\0;\0\0\0/re/frid"..., iov_len=428}], msg_iovlen=1, msg_controllen=0, msg_flags=0}, MSG_NOSIGNAL) = 428
20892 1783913127.295062 recvfrom(100, 0x7fc3986420, 3200, MSG_DONTWAIT, NULL, NULL) = -1 EAGAIN (Try again)
20892 1783913127.305153 recvfrom(100, "nysv\0\0\0\0\0\0\0\0\0\0\0\0\277\272\355\363\224\1\0\0\351\224\1\0\0\0\0\0", 3200, MSG_DONTWAIT, NULL, NULL) = 32
20892 1783913127.305279 recvfrom(100, 0x7fc3986860, 3200, MSG_DONTWAIT, NULL, NULL) = -1 EAGAIN (Try again)
20892 1783913127.305401 recvfrom(114, 0x7d0fd84020, 2272, MSG_DONTWAIT, NULL, NULL) = -1 EAGAIN (Try again)
21004 1783913127.310137 sendmsg(177, {msg_name=NULL, msg_namelen=0, msg_iov=[{iov_base="l\1\1\1\374\0\0\0a\1\0\0\235\0\0\0\1\1o\0;\0\0\0/re/frid"..., iov_len=428}], msg_iovlen=1, msg_controllen=0, msg_flags=0}, MSG_NOSIGNAL) = 428
20892 1783913127.346693 recvfrom(100, 0x7fc39856b0, 3200, MSG_DONTWAIT, NULL, NULL) = -1 EAGAIN (Try again)
20892 1783913127.352296 recvfrom(100, "nysv\0\0\0\0\0\0\0\0\0\0\0\08\225\351\366\224\1\0\0\354\224\1\0\0\0\0\0", 3200, MSG_DONTWAIT, NULL, NULL) = 32
20892 1783913127.352343 recvfrom(100, 0x7fc3986860, 3200, MSG_DONTWAIT, NULL, NULL) = -1 EAGAIN (Try again)
20892 1783913127.356190 recvfrom(100, 0x7fc3986760, 3200, MSG_DONTWAIT, NULL, NULL) = -1 EAGAIN (Try again)
21004 1783913127.357469 sendmsg(177, {msg_name=NULL, msg_namelen=0, msg_iov=[{iov_base="l\1\1\1\374\0\0\0b\1\0\0\235\0\0\0\1\1o\0;\0\0\0/re/frid"..., iov_len=428}], msg_iovlen=1, msg_controllen=0, msg_flags=0}, MSG_NOSIGNAL) = 428
20892 1783913127.373361 recvfrom(100, "nysv\0\0\0\0\0\0\0\0\0\0\0\0\374\35\347\367\224\1\0\0\355\224\1\0\0\0\0\0", 3200, MSG_DONTWAIT, NULL, NULL) = 32
20892 1783913127.373387 recvfrom(100, 0x7fc3986860, 3200, MSG_DONTWAIT, NULL, NULL) = -1 EAGAIN (Try again)
21004 1783913127.373942 sendmsg(177, {msg_name=NULL, msg_namelen=0, msg_iov=[{iov_base="l\1\1\1\374\0\0\0c\1\0\0\235\0\0\0\1\1o\0;\0\0\0/re/frid"..., iov_len=428}], msg_iovlen=1, msg_controllen=0, msg_flags=0}, MSG_NOSIGNAL) = 428
20892 1783913127.796440 recvfrom(100, 0x7fc3986420, 3200, MSG_DONTWAIT, NULL, NULL) = -1 EAGAIN (Try again)
20892 1783913127.804592 recvfrom(100, "nysv\0\0\0\0\0\0\0\0\0\0\0\0\253\37\273\21\225\1\0\0\7\225\1\0\0\0\0\0", 3200, MSG_DONTWAIT, NULL, NULL) = 32
20892 1783913127.804811 recvfrom(100, 0x7fc3986860, 3200, MSG_DONTWAIT, NULL, NULL) = -1 EAGAIN (Try again)
20892 1783913127.804905 recvfrom(114, 0x7d0fd84020, 2272, MSG_DONTWAIT, NULL, NULL) = -1 EAGAIN (Try again)
21004 1783913127.809458 sendmsg(177, {msg_name=NULL, msg_namelen=0, msg_iov=[{iov_base="l\1\1\1\374\0\0\0d\1\0\0\235\0\0\0\1\1o\0;\0\0\0/re/frid"..., iov_len=428}], msg_iovlen=1, msg_controllen=0, msg_flags=0}, MSG_NOSIGNAL) = 428
20892 1783913127.846548 recvfrom(100, 0x7fc39856b0, 3200, MSG_DONTWAIT, NULL, NULL) = -1 EAGAIN (Try again)
20892 1783913127.852676 recvfrom(100, "nysv\0\0\0\0\0\0\0\0\0\0\0\0\315\374\266\24\225\1\0\0\n\225\1\0\0\0\0\0", 3200, MSG_DONTWAIT, NULL, NULL) = 32
20892 1783913127.852781 recvfrom(100, 0x7fc3986860, 3200, MSG_DONTWAIT, NULL, NULL) = -1 EAGAIN (Try again)
20892 1783913127.855943 recvfrom(100, 0x7fc3986760, 3200, MSG_DONTWAIT, NULL, NULL) = -1 EAGAIN (Try again)
21004 1783913127.856866 sendmsg(177, {msg_name=NULL, msg_namelen=0, msg_iov=[{iov_base="l\1\1\1\374\0\0\0e\1\0\0\235\0\0\0\1\1o\0;\0\0\0/re/frid"..., iov_len=428}], msg_iovlen=1, msg_controllen=0, msg_flags=0}, MSG_NOSIGNAL) = 428
20892 1783913127.873667 recvfrom(100, "nysv\0\0\0\0\0\0\0\0\0\0\0\0\352r\264\25\225\1\0\0\v\225\1\0\0\0\0\0", 3200, MSG_DONTWAIT, NULL, NULL) = 32
20892 1783913127.873689 recvfrom(100, 0x7fc3986860, 3200, MSG_DONTWAIT, NULL, NULL) = -1 EAGAIN (Try again)
21004 1783913127.874113 sendmsg(177, {msg_name=NULL, msg_namelen=0, msg_iov=[{iov_base="l\1\1\1\374\0\0\0f\1\0\0\235\0\0\0\1\1o\0;\0\0\0/re/frid"..., iov_len=428}], msg_iovlen=1, msg_controllen=0, msg_flags=0}, MSG_NOSIGNAL) = 428
20892 1783913128.303688 recvfrom(100, 0x7fc3986420, 3200, MSG_DONTWAIT, NULL, NULL) = -1 EAGAIN (Try again)
20892 1783913128.324260 recvfrom(100, "nysv\0\0\0\0\0\0\0\0\0\0\0\0\301\324\2060\225\1\0\0&\225\1\0\0\0\0\0", 3200, MSG_DONTWAIT, NULL, NULL) = 32
20892 1783913128.324377 recvfrom(100, 0x7fc3986860, 3200, MSG_DONTWAIT, NULL, NULL) = -1 EAGAIN (Try again)
20892 1783913128.324627 recvfrom(114, 0x7d0fd84020, 2272, MSG_DONTWAIT, NULL, NULL) = -1 EAGAIN (Try again)
21004 1783913128.328913 sendmsg(177, {msg_name=NULL, msg_namelen=0, msg_iov=[{iov_base="l\1\1\1\374\0\0\0g\1\0\0\235\0\0\0\1\1o\0;\0\0\0/re/frid"..., iov_len=428}], msg_iovlen=1, msg_controllen=0, msg_flags=0}, MSG_NOSIGNAL) = 428
20892 1783913128.365650 recvfrom(100, 0x7fc39856b0, 3200, MSG_DONTWAIT, NULL, NULL) = -1 EAGAIN (Try again)
20892 1783913128.368666 recvfrom(100, "nysv\0\0\0\0\0\0\0\0\0\0\0\0\1\300\2023\225\1\0\0)\225\1\0\0\0\0\0", 3200, MSG_DONTWAIT, NULL, NULL) = 32
20892 1783913128.368699 recvfrom(100, 0x7fc3986860, 3200, MSG_DONTWAIT, NULL, NULL) = -1 EAGAIN (Try again)
20892 1783913128.371675 recvfrom(100, 0x7fc3986760, 3200, MSG_DONTWAIT, NULL, NULL) = -1 EAGAIN (Try again)
21004 1783913128.372446 sendmsg(177, {msg_name=NULL, msg_namelen=0, msg_iov=[{iov_base="l\1\1\1\374\0\0\0h\1\0\0\235\0\0\0\1\1o\0;\0\0\0/re/frid"..., iov_len=428}], msg_iovlen=1, msg_controllen=0, msg_flags=0}, MSG_NOSIGNAL) = 428
20892 1783913128.385737 recvfrom(100, "nysv\0\0\0\0\0\0\0\0\0\0\0\0JO\2014\225\1\0\0*\225\1\0\0\0\0\0", 3200, MSG_DONTWAIT, NULL, NULL) = 32
20892 1783913128.385758 recvfrom(100, 0x7fc3986860, 3200, MSG_DONTWAIT, NULL, NULL) = -1 EAGAIN (Try again)
21004 1783913128.386285 sendmsg(177, {msg_name=NULL, msg_namelen=0, msg_iov=[{iov_base="l\1\1\1\374\0\0\0i\1\0\0\235\0\0\0\1\1o\0;\0\0\0/re/frid"..., iov_len=428}], msg_iovlen=1, msg_controllen=0, msg_flags=0}, MSG_NOSIGNAL) = 428
20892 1783913128.804935 recvfrom(100, 0x7fc3986420, 3200, MSG_DONTWAIT, NULL, NULL) = -1 EAGAIN (Try again)
20892 1783913128.822946 recvfrom(100, "nysv\0\0\0\0\0\0\0\0\0\0\0\0\2559TN\225\1\0\0D\225\1\0\0\0\0\0", 3200, MSG_DONTWAIT, NULL, NULL) = 32
20892 1783913128.823002 recvfrom(100, 0x7fc3986860, 3200, MSG_DONTWAIT, NULL, NULL) = -1 EAGAIN (Try again)
20892 1783913128.823059 recvfrom(114, 0x7d0fd84020, 2272, MSG_DONTWAIT, NULL, NULL) = -1 EAGAIN (Try again)
21004 1783913128.825395 sendmsg(177, {msg_name=NULL, msg_namelen=0, msg_iov=[{iov_base="l\1\1\1\374\0\0\0j\1\0\0\235\0\0\0\1\1o\0;\0\0\0/re/frid"..., iov_len=428}], msg_iovlen=1, msg_controllen=0, msg_flags=0}, MSG_NOSIGNAL) = 428
20892 1783913128.854737 recvfrom(100, 0x7fc39856b0, 3200, MSG_DONTWAIT, NULL, NULL) = -1 EAGAIN (Try again)
20892 1783913128.870917 recvfrom(100, "nysv\0\0\0\0\0\0\0\0\0\0\0\0\204\245OQ\225\1\0\0G\225\1\0\0\0\0\0", 3200, MSG_DONTWAIT, NULL, NULL) = 32
20892 1783913128.870961 recvfrom(100, 0x7fc3986860, 3200, MSG_DONTWAIT, NULL, NULL) = -1 EAGAIN (Try again)
20892 1783913128.872648 recvfrom(100, 0x7fc3986760, 3200, MSG_DONTWAIT, NULL, NULL) = -1 EAGAIN (Try again)
21004 1783913128.873135 sendmsg(177, {msg_name=NULL, msg_namelen=0, msg_iov=[{iov_base="l\1\1\1\374\0\0\0k\1\0\0\235\0\0\0\1\1o\0;\0\0\0/re/frid"..., iov_len=428}], msg_iovlen=1, msg_controllen=0, msg_flags=0}, MSG_NOSIGNAL) = 428
20892 1783913128.886098 recvfrom(100, "nysv\0\0\0\0\0\0\0\0\0\0\0\0c\30NR\225\1\0\0H\225\1\0\0\0\0\0", 3200, MSG_DONTWAIT, NULL, NULL) = 32
20892 1783913128.886131 recvfrom(100, 0x7fc3986860, 3200, MSG_DONTWAIT, NULL, NULL) = -1 EAGAIN (Try again)
21004 1783913128.886676 sendmsg(177, {msg_name=NULL, msg_namelen=0, msg_iov=[{iov_base="l\1\1\1\374\0\0\0l\1\0\0\235\0\0\0\1\1o\0;\0\0\0/re/frid"..., iov_len=428}], msg_iovlen=1, msg_controllen=0, msg_flags=0}, MSG_NOSIGNAL) = 428
20892 1783913129.306372 recvfrom(100, 0x7fc3986420, 3200, MSG_DONTWAIT, NULL, NULL) = -1 EAGAIN (Try again)
20892 1783913129.322151 recvfrom(100, "nysv\0\0\0\0\0\0\0\0\0\0\0\0\231\236!l\225\1\0\0a\225\1\0\0\0\0\0", 3200, MSG_DONTWAIT, NULL, NULL) = 32
20892 1783913129.322412 recvfrom(100, 0x7fc3986860, 3200, MSG_DONTWAIT, NULL, NULL) = -1 EAGAIN (Try again)
20892 1783913129.322637 recvfrom(114, 0x7d0fd84020, 2272, MSG_DONTWAIT, NULL, NULL) = -1 EAGAIN (Try again)
21004 1783913129.326627 sendmsg(177, {msg_name=NULL, msg_namelen=0, msg_iov=[{iov_base="l\1\1\1\374\0\0\0m\1\0\0\235\0\0\0\1\1o\0;\0\0\0/re/frid"..., iov_len=428}], msg_iovlen=1, msg_controllen=0, msg_flags=0}, MSG_NOSIGNAL) = 428
20892 1783913129.358574 recvfrom(100, 0x7fc39856b0, 3200, MSG_DONTWAIT, NULL, NULL) = -1 EAGAIN (Try again)
20892 1783913129.368651 recvfrom(100, "nysv\0\0\0\0\0\0\0\0\0\0\0\0\335\215\35o\225\1\0\0d\225\1\0\0\0\0\0", 3200, MSG_DONTWAIT, NULL, NULL) = 32
20892 1783913129.368686 recvfrom(100, 0x7fc3986860, 3200, MSG_DONTWAIT, NULL, NULL) = -1 EAGAIN (Try again)
20892 1783913129.372691 recvfrom(100, 0x7fc3986760, 3200, MSG_DONTWAIT, NULL, NULL) = -1 EAGAIN (Try again)
21004 1783913129.373187 sendmsg(177, {msg_name=NULL, msg_namelen=0, msg_iov=[{iov_base="l\1\1\1\374\0\0\0n\1\0\0\235\0\0\0\1\1o\0;\0\0\0/re/frid"..., iov_len=428}], msg_iovlen=1, msg_controllen=0, msg_flags=0}, MSG_NOSIGNAL) = 428
20892 1783913129.387507 recvfrom(100, "nysv\0\0\0\0\0\0\0\0\0\0\0\0[\261\33p\225\1\0\0e\225\1\0\0\0\0\0", 3200, MSG_DONTWAIT, NULL, NULL) = 32
20892 1783913129.387543 recvfrom(100, 0x7fc3986860, 3200, MSG_DONTWAIT, NULL, NULL) = -1 EAGAIN (Try again)
21004 1783913129.388036 sendmsg(177, {msg_name=NULL, msg_namelen=0, msg_iov=[{iov_base="l\1\1\1\374\0\0\0o\1\0\0\235\0\0\0\1\1o\0;\0\0\0/re/frid"..., iov_len=428}], msg_iovlen=1, msg_controllen=0, msg_flags=0}, MSG_NOSIGNAL) = 428
20892 1783913129.810817 recvfrom(100, 0x7fc3986420, 3200, MSG_DONTWAIT, NULL, NULL) = -1 EAGAIN (Try again)
20892 1783913129.822215 recvfrom(100, "nysv\0\0\0\0\0\0\0\0\0\0\0\0\205\3\357\211\225\1\0\0\177\225\1\0\0\0\0\0", 3200, MSG_DONTWAIT, NULL, NULL) = 32
20892 1783913129.822333 recvfrom(100, 0x7fc3986860, 3200, MSG_DONTWAIT, NULL, NULL) = -1 EAGAIN (Try again)
20892 1783913129.822744 recvfrom(114, 0x7d0fd84020, 2272, MSG_DONTWAIT, NULL, NULL) = -1 EAGAIN (Try again)
21004 1783913129.827161 sendmsg(177, {msg_name=NULL, msg_namelen=0, msg_iov=[{iov_base="l\1\1\1\374\0\0\0p\1\0\0\235\0\0\0\1\1o\0;\0\0\0/re/frid"..., iov_len=428}], msg_iovlen=1, msg_controllen=0, msg_flags=0}, MSG_NOSIGNAL) = 428
20892 1783913129.859464 recvfrom(100, 0x7fc39856b0, 3200, MSG_DONTWAIT, NULL, NULL) = -1 EAGAIN (Try again)
20892 1783913129.868638 recvfrom(100, "nysv\0\0\0\0\0\0\0\0\0\0\0\0+\354\352\214\225\1\0\0\202\225\1\0\0\0\0\0", 3200, MSG_DONTWAIT, NULL, NULL) = 32
20892 1783913129.868696 recvfrom(100, 0x7fc3986860, 3200, MSG_DONTWAIT, NULL, NULL) = -1 EAGAIN (Try again)
20892 1783913129.871899 recvfrom(100, 0x7fc3986760, 3200, MSG_DONTWAIT, NULL, NULL) = -1 EAGAIN (Try again)
21004 1783913129.872377 sendmsg(177, {msg_name=NULL, msg_namelen=0, msg_iov=[{iov_base="l\1\1\1\374\0\0\0q\1\0\0\235\0\0\0\1\1o\0;\0\0\0/re/frid"..., iov_len=428}], msg_iovlen=1, msg_controllen=0, msg_flags=0}, MSG_NOSIGNAL) = 428
20892 1783913129.885473 recvfrom(100, "nysv\0\0\0\0\0\0\0\0\0\0\0\0\4\206\351\215\225\1\0\0\203\225\1\0\0\0\0\0", 3200, MSG_DONTWAIT, NULL, NULL) = 32
20892 1783913129.885501 recvfrom(100, 0x7fc3986860, 3200, MSG_DONTWAIT, NULL, NULL) = -1 EAGAIN (Try again)
21004 1783913129.886033 sendmsg(177, {msg_name=NULL, msg_namelen=0, msg_iov=[{iov_base="l\1\1\1\374\0\0\0r\1\0\0\235\0\0\0\1\1o\0;\0\0\0/re/frid"..., iov_len=428}], msg_iovlen=1, msg_controllen=0, msg_flags=0}, MSG_NOSIGNAL) = 428
20892 1783913130.312597 recvfrom(100, 0x7fc3986420, 3200, MSG_DONTWAIT, NULL, NULL) = -1 EAGAIN (Try again)
20892 1783913130.321168 recvfrom(100, "nysv\0\0\0\0\0\0\0\0\0\0\0\0qh\274\247\225\1\0\0\234\225\1\0\0\0\0\0", 3200, MSG_DONTWAIT, NULL, NULL) = 32
20892 1783913130.321295 recvfrom(100, 0x7fc3986860, 3200, MSG_DONTWAIT, NULL, NULL) = -1 EAGAIN (Try again)
20892 1783913130.321406 recvfrom(114, 0x7d0fd84020, 2272, MSG_DONTWAIT, NULL, NULL) = -1 EAGAIN (Try again)
21004 1783913130.325988 sendmsg(177, {msg_name=NULL, msg_namelen=0, msg_iov=[{iov_base="l\1\1\1\374\0\0\0s\1\0\0\235\0\0\0\1\1o\0;\0\0\0/re/frid"..., iov_len=428}], msg_iovlen=1, msg_controllen=0, msg_flags=0}, MSG_NOSIGNAL) = 428
20892 1783913130.358339 recvfrom(100, 0x7fc39856b0, 3200, MSG_DONTWAIT, NULL, NULL) = -1 EAGAIN (Try again)
20892 1783913130.368696 recvfrom(100, "nysv\0\0\0\0\0\0\0\0\0\0\0\0\266R\270\252\225\1\0\0\237\225\1\0\0\0\0\0", 3200, MSG_DONTWAIT, NULL, NULL) = 32
20892 1783913130.368779 recvfrom(100, 0x7fc3986860, 3200, MSG_DONTWAIT, NULL, NULL) = -1 EAGAIN (Try again)
20892 1783913130.372688 recvfrom(100, 0x7fc3986760, 3200, MSG_DONTWAIT, NULL, NULL) = -1 EAGAIN (Try again)
21004 1783913130.373132 sendmsg(177, {msg_name=NULL, msg_namelen=0, msg_iov=[{iov_base="l\1\1\1\374\0\0\0t\1\0\0\235\0\0\0\1\1o\0;\0\0\0/re/frid"..., iov_len=428}], msg_iovlen=1, msg_controllen=0, msg_flags=0}, MSG_NOSIGNAL) = 428
20892 1783913130.387788 recvfrom(100, "nysv\0\0\0\0\0\0\0\0\0\0\0\0\374a\266\253\225\1\0\0\240\225\1\0\0\0\0\0", 3200, MSG_DONTWAIT, NULL, NULL) = 32
20892 1783913130.387921 recvfrom(100, 0x7fc3986860, 3200, MSG_DONTWAIT, NULL, NULL) = -1 EAGAIN (Try again)
21004 1783913130.388472 sendmsg(177, {msg_name=NULL, msg_namelen=0, msg_iov=[{iov_base="l\1\1\1\374\0\0\0u\1\0\0\235\0\0\0\1\1o\0;\0\0\0/re/frid"..., iov_len=428}], msg_iovlen=1, msg_controllen=0, msg_flags=0}, MSG_NOSIGNAL) = 428
20892 1783913130.817047 recvfrom(100, 0x7fc3986420, 3200, MSG_DONTWAIT, NULL, NULL) = -1 EAGAIN (Try again)
20892 1783913130.819117 recvfrom(100, "nysv\0\0\0\0\0\0\0\0\0\0\0\0\242X\212\305\225\1\0\0\272\225\1\0\0\0\0\0", 3200, MSG_DONTWAIT, NULL, NULL) = 32
20892 1783913130.819187 recvfrom(100, 0x7fc3986860, 3200, MSG_DONTWAIT, NULL, NULL) = -1 EAGAIN (Try again)
20892 1783913130.819428 recvfrom(114, 0x7d0fd84020, 2272, MSG_DONTWAIT, NULL, NULL) = -1 EAGAIN (Try again)
21004 1783913130.823371 sendmsg(177, {msg_name=NULL, msg_namelen=0, msg_iov=[{iov_base="l\1\1\1\374\0\0\0v\1\0\0\235\0\0\0\1\1o\0;\0\0\0/re/frid"..., iov_len=428}], msg_iovlen=1, msg_controllen=0, msg_flags=0}, MSG_NOSIGNAL) = 428
20892 1783913130.853988 recvfrom(100, 0x7fc39856b0, 3200, MSG_DONTWAIT, NULL, NULL) = -1 EAGAIN (Try again)
20892 1783913130.869551 recvfrom(100, "nysv\0\0\0\0\0\0\0\0\0\0\0\0000\30\206\310\225\1\0\0\275\225\1\0\0\0\0\0", 3200, MSG_DONTWAIT, NULL, NULL) = 32
20892 1783913130.869598 recvfrom(100, 0x7fc3986860, 3200, MSG_DONTWAIT, NULL, NULL) = -1 EAGAIN (Try again)
20892 1783913130.871712 recvfrom(100, 0x7fc3986760, 3200, MSG_DONTWAIT, NULL, NULL) = -1 EAGAIN (Try again)
21004 1783913130.872573 sendmsg(177, {msg_name=NULL, msg_namelen=0, msg_iov=[{iov_base="l\1\1\1\374\0\0\0w\1\0\0\235\0\0\0\1\1o\0;\0\0\0/re/frid"..., iov_len=428}], msg_iovlen=1, msg_controllen=0, msg_flags=0}, MSG_NOSIGNAL) = 428
20892 1783913130.888200 recvfrom(100, "nysv\0\0\0\0\0\0\0\0\0\0\0\0\276\33\204\311\225\1\0\0\276\225\1\0\0\0\0\0", 3200, MSG_DONTWAIT, NULL, NULL) = 32
20892 1783913130.888287 recvfrom(100, 0x7fc3986860, 3200, MSG_DONTWAIT, NULL, NULL) = -1 EAGAIN (Try again)
21004 1783913130.889251 sendmsg(177, {msg_name=NULL, msg_namelen=0, msg_iov=[{iov_base="l\1\1\1\374\0\0\0x\1\0\0\235\0\0\0\1\1o\0;\0\0\0/re/frid"..., iov_len=428}], msg_iovlen=1, msg_controllen=0, msg_flags=0}, MSG_NOSIGNAL) = 428
20953 1783913131.249882 sendto(110, "\220\0\0\0\0\0\0\0\5\0\0\0\0\0\0\0\0\0\0\0\0\0\0\0\332G\20\352\202\24\311A"..., 144, MSG_NOSIGNAL, NULL, 0) = 144
20953 1783913131.249982 sendto(110, "\230\0\0\0\0\0\0\0\5\0\0\0\0\0\0\0\0\0\0\0\0\0\0\0\332G\20\352\202\24\311A"..., 152, MSG_NOSIGNAL, NULL, 0) = 152
20953 1783913131.250331 openat(AT_FDCWD, "/proc/self/statm", O_RDONLY) = 150
20953 1783913131.250453 openat(AT_FDCWD, "/proc/20892/status", O_RDONLY|O_CLOEXEC) = 156
20953 1783913131.250742 openat(AT_FDCWD, "/proc/20892/stat", O_RDONLY|O_CLOEXEC) = 156
20953 1783913131.250784 openat(AT_FDCWD, "/proc/self/status", O_RDONLY|O_CLOEXEC) = 156
20953 1783913131.250826 openat(AT_FDCWD, "/proc/self/clear_refs", O_WRONLY) = 156
20953 1783913131.250842 openat(AT_FDCWD, "/proc/self/pagemap", O_RDONLY) = 156
20952 1783913131.251315 recvmsg(110, {msg_name=NULL, msg_namelen=0, msg_iov=[{iov_base="\330\t\0\0\0\0\0\0\5\0\0\0\0\0\0\0\0\0\0\0\0\0\0\0\304GJd\n\207\220\275"..., iov_len=4096}], msg_iovlen=1, msg_controllen=0, msg_flags=0}, MSG_DONTWAIT) = 2520
20952 1783913131.252269 recvmsg(110, {msg_name=NULL, msg_namelen=0, msg_iov=[{iov_base="\310r\0\0\0\0\0\0\5\0\0\0\0\0\0\0\0\0\0\0\0\0\0\0\304GJd\n\207\220\275"..., iov_len=4096}], msg_iovlen=1, msg_controllen=0, msg_flags=0}, MSG_DONTWAIT) = 4096
20952 1783913131.252408 recvmsg(110, {msg_name=NULL, msg_namelen=0, msg_iov=[{iov_base="\24\0\0\0\f\0\0\0object_count\0\0\0\0\17\0\0\0\7\0\0\0"..., iov_len=25288}], msg_iovlen=1, msg_controllen=0, msg_flags=0}, MSG_DONTWAIT) = 25288
20892 1783913131.320470 recvfrom(100, 0x7fc3986420, 3200, MSG_DONTWAIT, NULL, NULL) = -1 EAGAIN (Try again)
20892 1783913131.342605 recvfrom(100, "nysv\0\0\0\0\0\0\0\0\0\0\0\0s\202U\344\225\1\0\0\331\225\1\0\0\0\0\0", 3200, MSG_DONTWAIT, NULL, NULL) = 32
20892 1783913131.342711 recvfrom(100, 0x7fc3986860, 3200, MSG_DONTWAIT, NULL, NULL) = -1 EAGAIN (Try again)
20892 1783913131.342774 recvfrom(114, 0x7d0fd84020, 2272, MSG_DONTWAIT, NULL, NULL) = -1 EAGAIN (Try again)
21004 1783913131.346136 sendmsg(177, {msg_name=NULL, msg_namelen=0, msg_iov=[{iov_base="l\1\1\1\374\0\0\0y\1\0\0\235\0\0\0\1\1o\0;\0\0\0/re/frid"..., iov_len=428}], msg_iovlen=1, msg_controllen=0, msg_flags=0}, MSG_NOSIGNAL) = 428
20892 1783913131.374867 recvfrom(100, 0x7fc39856b0, 3200, MSG_DONTWAIT, NULL, NULL) = -1 EAGAIN (Try again)
20892 1783913131.385470 recvfrom(100, "nysv\0\0\0\0\0\0\0\0\0\0\0\0005hQ\347\225\1\0\0\333\225\1\0\0\0\0\0", 3200, MSG_DONTWAIT, NULL, NULL) = 32
20892 1783913131.385517 recvfrom(100, 0x7fc3986860, 3200, MSG_DONTWAIT, NULL, NULL) = -1 EAGAIN (Try again)
20892 1783913131.389343 recvfrom(100, 0x7fc3986760, 3200, MSG_DONTWAIT, NULL, NULL) = -1 EAGAIN (Try again)
21004 1783913131.389831 sendmsg(177, {msg_name=NULL, msg_namelen=0, msg_iov=[{iov_base="l\1\1\1\374\0\0\0z\1\0\0\235\0\0\0\1\1o\0;\0\0\0/re/frid"..., iov_len=428}], msg_iovlen=1, msg_controllen=0, msg_flags=0}, MSG_NOSIGNAL) = 428
20892 1783913131.405031 recvfrom(100, "nysv\0\0\0\0\0\0\0\0\0\0\0\0\377OO\350\225\1\0\0\334\225\1\0\0\0\0\0", 3200, MSG_DONTWAIT, NULL, NULL) = 32
20892 1783913131.405057 recvfrom(100, 0x7fc3986860, 3200, MSG_DONTWAIT, NULL, NULL) = -1 EAGAIN (Try again)
21004 1783913131.405463 sendmsg(177, {msg_name=NULL, msg_namelen=0, msg_iov=[{iov_base="l\1\1\1\374\0\0\0{\1\0\0\235\0\0\0\1\1o\0;\0\0\0/re/frid"..., iov_len=428}], msg_iovlen=1, msg_controllen=0, msg_flags=0}, MSG_NOSIGNAL) = 428
20892 1783913131.821294 recvfrom(100, 0x7fc3986420, 3200, MSG_DONTWAIT, NULL, NULL) = -1 EAGAIN (Try again)
20892 1783913131.836505 recvfrom(100, "nysv\0\0\0\0\0\0\0\0\0\0\0\0\231)#\2\226\1\0\0\366\225\1\0\0\0\0\0", 3200, MSG_DONTWAIT, NULL, NULL) = 32
20892 1783913131.836762 recvfrom(100, 0x7fc3986860, 3200, MSG_DONTWAIT, NULL, NULL) = -1 EAGAIN (Try again)
20892 1783913131.836845 recvfrom(114, 0x7d0fd84020, 2272, MSG_DONTWAIT, NULL, NULL) = -1 EAGAIN (Try again)
21004 1783913131.840462 sendmsg(177, {msg_name=NULL, msg_namelen=0, msg_iov=[{iov_base="l\1\1\1\374\0\0\0|\1\0\0\235\0\0\0\1\1o\0;\0\0\0/re/frid"..., iov_len=428}], msg_iovlen=1, msg_controllen=0, msg_flags=0}, MSG_NOSIGNAL) = 428
20892 1783913131.871453 recvfrom(100, 0x7fc39856b0, 3200, MSG_DONTWAIT, NULL, NULL) = -1 EAGAIN (Try again)
20892 1783913131.886841 recvfrom(100, "nysv\0\0\0\0\0\0\0\0\0\0\0\0a\276\36\5\226\1\0\0\371\225\1\0\0\0\0\0", 3200, MSG_DONTWAIT, NULL, NULL) = 32
20892 1783913131.886886 recvfrom(100, 0x7fc3986860, 3200, MSG_DONTWAIT, NULL, NULL) = -1 EAGAIN (Try again)
20892 1783913131.889500 recvfrom(100, 0x7fc3986760, 3200, MSG_DONTWAIT, NULL, NULL) = -1 EAGAIN (Try again)
21004 1783913131.889939 sendmsg(177, {msg_name=NULL, msg_namelen=0, msg_iov=[{iov_base="l\1\1\1\374\0\0\0}\1\0\0\235\0\0\0\1\1o\0;\0\0\0/re/frid"..., iov_len=428}], msg_iovlen=1, msg_controllen=0, msg_flags=0}, MSG_NOSIGNAL) = 428
20892 1783913131.903471 recvfrom(100, "nysv\0\0\0\0\0\0\0\0\0\0\0\0\344\6\35\6\226\1\0\0\372\225\1\0\0\0\0\0", 3200, MSG_DONTWAIT, NULL, NULL) = 32
20892 1783913131.903501 recvfrom(100, 0x7fc3986860, 3200, MSG_DONTWAIT, NULL, NULL) = -1 EAGAIN (Try again)
21004 1783913131.904089 sendmsg(177, {msg_name=NULL, msg_namelen=0, msg_iov=[{iov_base="l\1\1\1\374\0\0\0~\1\0\0\235\0\0\0\1\1o\0;\0\0\0/re/frid"..., iov_len=428}], msg_iovlen=1, msg_controllen=0, msg_flags=0}, MSG_NOSIGNAL) = 428
20892 1783913132.323882 recvfrom(100, 0x7fc3986420, 3200, MSG_DONTWAIT, NULL, NULL) = -1 EAGAIN (Try again)
20892 1783913132.335930 recvfrom(100, "nysv\0\0\0\0\0\0\0\0\0\0\0\0b\227\360\37\226\1\0\0\24\226\1\0\0\0\0\0", 3200, MSG_DONTWAIT, NULL, NULL) = 32
20892 1783913132.336153 recvfrom(100, 0x7fc3986860, 3200, MSG_DONTWAIT, NULL, NULL) = -1 EAGAIN (Try again)
20892 1783913132.336242 recvfrom(114, 0x7d0fd84020, 2272, MSG_DONTWAIT, NULL, NULL) = -1 EAGAIN (Try again)
21004 1783913132.340228 sendmsg(177, {msg_name=NULL, msg_namelen=0, msg_iov=[{iov_base="l\1\1\1\374\0\0\0\177\1\0\0\235\0\0\0\1\1o\0;\0\0\0/re/frid"..., iov_len=428}], msg_iovlen=1, msg_controllen=0, msg_flags=0}, MSG_NOSIGNAL) = 428
20892 1783913132.373540 recvfrom(100, 0x7fc39856b0, 3200, MSG_DONTWAIT, NULL, NULL) = -1 EAGAIN (Try again)
20892 1783913132.385991 recvfrom(100, "nysv\0\0\0\0\0\0\0\0\0\0\0\0\275^\354\"\226\1\0\0\27\226\1\0\0\0\0\0", 3200, MSG_DONTWAIT, NULL, NULL) = 32
20892 1783913132.386032 recvfrom(100, 0x7fc3986860, 3200, MSG_DONTWAIT, NULL, NULL) = -1 EAGAIN (Try again)
20892 1783913132.390783 recvfrom(100, 0x7fc3986760, 3200, MSG_DONTWAIT, NULL, NULL) = -1 EAGAIN (Try again)
21004 1783913132.391368 sendmsg(177, {msg_name=NULL, msg_namelen=0, msg_iov=[{iov_base="l\1\1\1\374\0\0\0\200\1\0\0\235\0\0\0\1\1o\0;\0\0\0/re/frid"..., iov_len=428}], msg_iovlen=1, msg_controllen=0, msg_flags=0}, MSG_NOSIGNAL) = 428
20892 1783913132.404887 recvfrom(100, "nysv\0\0\0\0\0\0\0\0\0\0\0\0cQ\352#\226\1\0\0\30\226\1\0\0\0\0\0", 3200, MSG_DONTWAIT, NULL, NULL) = 32
20892 1783913132.404928 recvfrom(100, 0x7fc3986860, 3200, MSG_DONTWAIT, NULL, NULL) = -1 EAGAIN (Try again)
21004 1783913132.405528 sendmsg(177, {msg_name=NULL, msg_namelen=0, msg_iov=[{iov_base="l\1\1\1\374\0\0\0\201\1\0\0\235\0\0\0\1\1o\0;\0\0\0/re/frid"..., iov_len=428}], msg_iovlen=1, msg_controllen=0, msg_flags=0}, MSG_NOSIGNAL) = 428
20892 1783913132.825444 recvfrom(100, 0x7fc3986420, 3200, MSG_DONTWAIT, NULL, NULL) = -1 EAGAIN (Try again)
20892 1783913132.837103 recvfrom(100, "nysv\0\0\0\0\0\0\0\0\0\0\0\0007\261\275=\226\1\0\0002\226\1\0\0\0\0\0", 3200, MSG_DONTWAIT, NULL, NULL) = 32
20892 1783913132.837165 recvfrom(100, 0x7fc3986860, 3200, MSG_DONTWAIT, NULL, NULL) = -1 EAGAIN (Try again)
20892 1783913132.837212 recvfrom(114, 0x7d0fd84020, 2272, MSG_DONTWAIT, NULL, NULL) = -1 EAGAIN (Try again)
21004 1783913132.841646 sendmsg(177, {msg_name=NULL, msg_namelen=0, msg_iov=[{iov_base="l\1\1\1\374\0\0\0\202\1\0\0\235\0\0\0\1\1o\0;\0\0\0/re/frid"..., iov_len=428}], msg_iovlen=1, msg_controllen=0, msg_flags=0}, MSG_NOSIGNAL) = 428
20892 1783913132.873398 recvfrom(100, 0x7fc39856b0, 3200, MSG_DONTWAIT, NULL, NULL) = -1 EAGAIN (Try again)
20892 1783913132.885340 recvfrom(100, "nysv\0\0\0\0\0\0\0\0\0\0\0\0k\233\271@\226\1\0\0005\226\1\0\0\0\0\0", 3200, MSG_DONTWAIT, NULL, NULL) = 32
20892 1783913132.885376 recvfrom(100, 0x7fc3986860, 3200, MSG_DONTWAIT, NULL, NULL) = -1 EAGAIN (Try again)
20892 1783913132.893840 recvfrom(100, 0x7fc3986760, 3200, MSG_DONTWAIT, NULL, NULL) = -1 EAGAIN (Try again)
21004 1783913132.894455 sendmsg(177, {msg_name=NULL, msg_namelen=0, msg_iov=[{iov_base="l\1\1\1\374\0\0\0\203\1\0\0\235\0\0\0\1\1o\0;\0\0\0/re/frid"..., iov_len=428}], msg_iovlen=1, msg_controllen=0, msg_flags=0}, MSG_NOSIGNAL) = 428
20892 1783913132.901966 recvfrom(100, "nysv\0\0\0\0\0\0\0\0\0\0\0\0f=\270A\226\1\0\0006\226\1\0\0\0\0\0", 3200, MSG_DONTWAIT, NULL, NULL) = 32
20892 1783913132.901990 recvfrom(100, 0x7fc3986860, 3200, MSG_DONTWAIT, NULL, NULL) = -1 EAGAIN (Try again)
21004 1783913132.902662 sendmsg(177, {msg_name=NULL, msg_namelen=0, msg_iov=[{iov_base="l\1\1\1\374\0\0\0\204\1\0\0\235\0\0\0\1\1o\0;\0\0\0/re/frid"..., iov_len=428}], msg_iovlen=1, msg_controllen=0, msg_flags=0}, MSG_NOSIGNAL) = 428
20892 1783913133.327480 recvfrom(100, 0x7fc3986420, 3200, MSG_DONTWAIT, NULL, NULL) = -1 EAGAIN (Try again)
20892 1783913133.338449 recvfrom(100, "nysv\0\0\0\0\0\0\0\0\0\0\0\0#\26\213[\226\1\0\0P\226\1\0\0\0\0\0", 3200, MSG_DONTWAIT, NULL, NULL) = 32
20892 1783913133.339037 recvfrom(100, 0x7fc3986860, 3200, MSG_DONTWAIT, NULL, NULL) = -1 EAGAIN (Try again)
20892 1783913133.339115 recvfrom(114, 0x7d0fd84020, 2272, MSG_DONTWAIT, NULL, NULL) = -1 EAGAIN (Try again)
21004 1783913133.343104 sendmsg(177, {msg_name=NULL, msg_namelen=0, msg_iov=[{iov_base="l\1\1\1\374\0\0\0\205\1\0\0\235\0\0\0\1\1o\0;\0\0\0/re/frid"..., iov_len=428}], msg_iovlen=1, msg_controllen=0, msg_flags=0}, MSG_NOSIGNAL) = 428
20892 1783913133.376212 recvfrom(100, 0x7fc39856b0, 3200, MSG_DONTWAIT, NULL, NULL) = -1 EAGAIN (Try again)
20892 1783913133.385472 recvfrom(100, "nysv\0\0\0\0\0\0\0\0\0\0\0\0m\377\206^\226\1\0\0S\226\1\0\0\0\0\0", 3200, MSG_DONTWAIT, NULL, NULL) = 32
20892 1783913133.385509 recvfrom(100, 0x7fc3986860, 3200, MSG_DONTWAIT, NULL, NULL) = -1 EAGAIN (Try again)
20892 1783913133.388698 recvfrom(100, 0x7fc3986760, 3200, MSG_DONTWAIT, NULL, NULL) = -1 EAGAIN (Try again)
21004 1783913133.391147 sendmsg(177, {msg_name=NULL, msg_namelen=0, msg_iov=[{iov_base="l\1\1\1\374\0\0\0\206\1\0\0\235\0\0\0\1\1o\0;\0\0\0/re/frid"..., iov_len=428}], msg_iovlen=1, msg_controllen=0, msg_flags=0}, MSG_NOSIGNAL) = 428
20892 1783913133.402832 recvfrom(100, "nysv\0\0\0\0\0\0\0\0\0\0\0\0\26o\205_\226\1\0\0T\226\1\0\0\0\0\0", 3200, MSG_DONTWAIT, NULL, NULL) = 32
20892 1783913133.402866 recvfrom(100, 0x7fc3986860, 3200, MSG_DONTWAIT, NULL, NULL) = -1 EAGAIN (Try again)
21004 1783913133.403394 sendmsg(177, {msg_name=NULL, msg_namelen=0, msg_iov=[{iov_base="l\1\1\1\374\0\0\0\207\1\0\0\235\0\0\0\1\1o\0;\0\0\0/re/frid"..., iov_len=428}], msg_iovlen=1, msg_controllen=0, msg_flags=0}, MSG_NOSIGNAL) = 428
21004 1783913133.743716 sendmsg(177, {msg_name=NULL, msg_namelen=0, msg_iov=[{iov_base="l\1\1\1\374\0\0\0\210\1\0\0\235\0\0\0\1\1o\0;\0\0\0/re/frid"..., iov_len=428}], msg_iovlen=1, msg_controllen=0, msg_flags=0}, MSG_NOSIGNAL) = 428
21004 1783913133.745770 sendmsg(177, {msg_name=NULL, msg_namelen=0, msg_iov=[{iov_base="l\1\1\1\374\0\0\0\211\1\0\0\235\0\0\0\1\1o\0;\0\0\0/re/frid"..., iov_len=428}], msg_iovlen=1, msg_controllen=0, msg_flags=0}, MSG_NOSIGNAL) = 428
20892 1783913133.745962 recvfrom(100, 0x7fc39862c0, 3200, MSG_DONTWAIT, NULL, NULL) = -1 EAGAIN (Try again)
20892 1783913133.752611 recvfrom(100, "nysv\0\0\0\0\0\0\0\0\0\0\0\0h\30at\226\1\0\0i\226\1\0\0\0\0\0", 3200, MSG_DONTWAIT, NULL, NULL) = 32
20892 1783913133.752636 recvfrom(100, 0x7fc3986860, 3200, MSG_DONTWAIT, NULL, NULL) = -1 EAGAIN (Try again)
20892 1783913133.752658 recvfrom(114, 0x7d0fd84020, 2272, MSG_DONTWAIT, NULL, NULL) = -1 EAGAIN (Try again)
21004 1783913133.760276 sendmsg(177, {msg_name=NULL, msg_namelen=0, msg_iov=[{iov_base="l\1\1\1\374\0\0\0\212\1\0\0\235\0\0\0\1\1o\0;\0\0\0/re/frid"..., iov_len=428}], msg_iovlen=1, msg_controllen=0, msg_flags=0}, MSG_NOSIGNAL) = 428
20892 1783913133.833988 recvfrom(100, 0x7fc39856b0, 3200, MSG_DONTWAIT, NULL, NULL) = -1 EAGAIN (Try again)
20892 1783913133.835464 recvfrom(100, "nysv\0\0\0\0\0\0\0\0\0\0\0\0\t\220Zy\226\1\0\0n\226\1\0\0\0\0\0", 3200, MSG_DONTWAIT, NULL, NULL) = 32
20892 1783913133.838016 recvfrom(100, 0x7fc3986860, 3200, MSG_DONTWAIT, NULL, NULL) = -1 EAGAIN (Try again)
20892 1783913133.843281 recvfrom(100, 0x7fc3986760, 3200, MSG_DONTWAIT, NULL, NULL) = -1 EAGAIN (Try again)
21004 1783913133.844005 sendmsg(177, {msg_name=NULL, msg_namelen=0, msg_iov=[{iov_base="l\1\1\1\374\0\0\0\213\1\0\0\235\0\0\0\1\1o\0;\0\0\0/re/frid"..., iov_len=428}], msg_iovlen=1, msg_controllen=0, msg_flags=0}, MSG_NOSIGNAL) = 428
20892 1783913133.852905 recvfrom(100, "nysv\0\0\0\0\0\0\0\0\0\0\0\0\205\34Yz\226\1\0\0o\226\1\0\0\0\0\0", 3200, MSG_DONTWAIT, NULL, NULL) = 32
20892 1783913133.852991 recvfrom(100, 0x7fc3986860, 3200, MSG_DONTWAIT, NULL, NULL) = -1 EAGAIN (Try again)
21004 1783913133.853761 sendmsg(177, {msg_name=NULL, msg_namelen=0, msg_iov=[{iov_base="l\1\1\1\374\0\0\0\214\1\0\0\235\0\0\0\1\1o\0;\0\0\0/re/frid"..., iov_len=428}], msg_iovlen=1, msg_controllen=0, msg_flags=0}, MSG_NOSIGNAL) = 428
21004 1783913133.991976 sendmsg(177, {msg_name=NULL, msg_namelen=0, msg_iov=[{iov_base="l\1\1\1\374\0\0\0\215\1\0\0\235\0\0\0\1\1o\0;\0\0\0/re/frid"..., iov_len=428}], msg_iovlen=1, msg_controllen=0, msg_flags=0}, MSG_NOSIGNAL) = 428
20892 1783913134.000254 recvfrom(100, 0x7fc3985fd0, 3200, MSG_DONTWAIT, NULL, NULL) = -1 EAGAIN (Try again)
20892 1783913134.002315 recvfrom(100, "nysv\0\0\0\0\0\0\0\0\0\0\0\0\16kK\203\226\1\0\0x\226\1\0\0\0\0\0", 3200, MSG_DONTWAIT, NULL, NULL) = 32
20892 1783913134.002339 recvfrom(100, 0x7fc3986860, 3200, MSG_DONTWAIT, NULL, NULL) = -1 EAGAIN (Try again)
20892 1783913134.002365 recvfrom(114, 0x7d0fd84020, 2272, MSG_DONTWAIT, NULL, NULL) = -1 EAGAIN (Try again)
20892 1783913134.009262 recvfrom(100, 0x7fc3985920, 3200, MSG_DONTWAIT, NULL, NULL) = -1 EAGAIN (Try again)
20892 1783913134.018998 recvfrom(100, "nysv\0\0\0\0\0\0\0\0\0\0\0\0\305\2J\204\226\1\0\0y\226\1\0\0\0\0\0", 3200, MSG_DONTWAIT, NULL, NULL) = 32
20892 1783913134.019029 recvfrom(100, 0x7fc3986860, 3200, MSG_DONTWAIT, NULL, NULL) = -1 EAGAIN (Try again)
20892 1783913134.019055 recvfrom(114, 0x7d0fd84020, 2272, MSG_DONTWAIT, NULL, NULL) = -1 EAGAIN (Try again)
20892 1783913134.067348 recvfrom(100, 0x7fc39856b0, 3200, MSG_DONTWAIT, NULL, NULL) = -1 EAGAIN (Try again)
21004 1783913134.068046 sendmsg(177, {msg_name=NULL, msg_namelen=0, msg_iov=[{iov_base="l\1\1\1\374\0\0\0\216\1\0\0\235\0\0\0\1\1o\0;\0\0\0/re/frid"..., iov_len=428}], msg_iovlen=1, msg_controllen=0, msg_flags=0}, MSG_NOSIGNAL) = 428
20892 1783913134.069184 recvfrom(100, "nysv\0\0\0\0\0\0\0\0\0\0\0\0\202\376E\207\226\1\0\0|\226\1\0\0\0\0\0", 3200, MSG_DONTWAIT, NULL, NULL) = 32
20892 1783913134.069212 recvfrom(100, 0x7fc3986860, 3200, MSG_DONTWAIT, NULL, NULL) = -1 EAGAIN (Try again)
20892 1783913134.071258 recvfrom(100, 0x7fc3986760, 3200, MSG_DONTWAIT, NULL, NULL) = -1 EAGAIN (Try again)
21004 1783913134.071940 sendmsg(177, {msg_name=NULL, msg_namelen=0, msg_iov=[{iov_base="l\1\1\1\374\0\0\0\217\1\0\0\235\0\0\0\1\1o\0;\0\0\0/re/frid"..., iov_len=428}], msg_iovlen=1, msg_controllen=0, msg_flags=0}, MSG_NOSIGNAL) = 428
20892 1783913134.085560 recvfrom(100, "nysv\0\0\0\0\0\0\0\0\0\0\0\0\257\220D\210\226\1\0\0}\226\1\0\0\0\0\0", 3200, MSG_DONTWAIT, NULL, NULL) = 32
20892 1783913134.085603 recvfrom(100, 0x7fc3986860, 3200, MSG_DONTWAIT, NULL, NULL) = -1 EAGAIN (Try again)
21004 1783913134.086290 sendmsg(177, {msg_name=NULL, msg_namelen=0, msg_iov=[{iov_base="l\1\1\1\374\0\0\0\220\1\0\0\235\0\0\0\1\1o\0;\0\0\0/re/frid"..., iov_len=428}], msg_iovlen=1, msg_controllen=0, msg_flags=0}, MSG_NOSIGNAL) = 428
20892 1783913134.101674 recvfrom(100, 0x7fc39856b0, 3200, MSG_DONTWAIT, NULL, NULL) = -1 EAGAIN (Try again)
20892 1783913134.102285 recvfrom(100, "nysv\0\0\0\0\0\0\0\0\0\0\0\0004!C\211\226\1\0\0~\226\1\0\0\0\0\0", 3200, MSG_DONTWAIT, NULL, NULL) = 32
20892 1783913134.102303 recvfrom(100, 0x7fc3986860, 3200, MSG_DONTWAIT, NULL, NULL) = -1 EAGAIN (Try again)
20892 1783913134.103517 recvfrom(100, 0x7fc3986760, 3200, MSG_DONTWAIT, NULL, NULL) = -1 EAGAIN (Try again)
21004 1783913134.104229 sendmsg(177, {msg_name=NULL, msg_namelen=0, msg_iov=[{iov_base="l\1\1\1\374\0\0\0\221\1\0\0\235\0\0\0\1\1o\0;\0\0\0/re/frid"..., iov_len=428}], msg_iovlen=1, msg_controllen=0, msg_flags=0}, MSG_NOSIGNAL) = 428
20892 1783913134.119058 recvfrom(100, "nysv\0\0\0\0\0\0\0\0\0\0\0\0\3\262A\212\226\1\0\0\177\226\1\0\0\0\0\0", 3200, MSG_DONTWAIT, NULL, NULL) = 32
20892 1783913134.119078 recvfrom(100, 0x7fc3986860, 3200, MSG_DONTWAIT, NULL, NULL) = -1 EAGAIN (Try again)
21004 1783913134.119657 sendmsg(177, {msg_name=NULL, msg_namelen=0, msg_iov=[{iov_base="l\1\1\1\374\0\0\0\222\1\0\0\235\0\0\0\1\1o\0;\0\0\0/re/frid"..., iov_len=428}], msg_iovlen=1, msg_controllen=0, msg_flags=0}, MSG_NOSIGNAL) = 428
20892 1783913134.510393 recvfrom(100, 0x7fc3986420, 3200, MSG_DONTWAIT, NULL, NULL) = -1 EAGAIN (Try again)
20892 1783913134.520778 recvfrom(100, "nysv\0\0\0\0\0\0\0\0\0\0\0\0\311Q\23\242\226\1\0\0\227\226\1\0\0\0\0\0", 3200, MSG_DONTWAIT, NULL, NULL) = 32
20892 1783913134.520814 recvfrom(100, 0x7fc3986860, 3200, MSG_DONTWAIT, NULL, NULL) = -1 EAGAIN (Try again)
20892 1783913134.520848 recvfrom(114, 0x7d0fd84020, 2272, MSG_DONTWAIT, NULL, NULL) = -1 EAGAIN (Try again)
21004 1783913134.523080 sendmsg(177, {msg_name=NULL, msg_namelen=0, msg_iov=[{iov_base="l\1\1\1\374\0\0\0\223\1\0\0\235\0\0\0\1\1o\0;\0\0\0/re/frid"..., iov_len=428}], msg_iovlen=1, msg_controllen=0, msg_flags=0}, MSG_NOSIGNAL) = 428
20892 1783913134.561886 recvfrom(100, 0x7fc39856b0, 3200, MSG_DONTWAIT, NULL, NULL) = -1 EAGAIN (Try again)
20892 1783913134.568695 recvfrom(100, "nysv\0\0\0\0\0\0\0\0\0\0\0\0w?\17\245\226\1\0\0\232\226\1\0\0\0\0\0", 3200, MSG_DONTWAIT, NULL, NULL) = 32
20892 1783913134.568726 recvfrom(100, 0x7fc3986860, 3200, MSG_DONTWAIT, NULL, NULL) = -1 EAGAIN (Try again)
20892 1783913134.573335 recvfrom(100, 0x7fc3986760, 3200, MSG_DONTWAIT, NULL, NULL) = -1 EAGAIN (Try again)
21004 1783913134.575057 sendmsg(177, {msg_name=NULL, msg_namelen=0, msg_iov=[{iov_base="l\1\1\1\374\0\0\0\224\1\0\0\235\0\0\0\1\1o\0;\0\0\0/re/frid"..., iov_len=428}], msg_iovlen=1, msg_controllen=0, msg_flags=0}, MSG_NOSIGNAL) = 428
20892 1783913134.586761 recvfrom(100, "nysv\0\0\0\0\0\0\0\0\0\0\0\0\200\211\r\246\226\1\0\0\233\226\1\0\0\0\0\0", 3200, MSG_DONTWAIT, NULL, NULL) = 32
20892 1783913134.586785 recvfrom(100, 0x7fc3986860, 3200, MSG_DONTWAIT, NULL, NULL) = -1 EAGAIN (Try again)
21004 1783913134.587087 sendmsg(177, {msg_name=NULL, msg_namelen=0, msg_iov=[{iov_base="l\1\1\1\374\0\0\0\225\1\0\0\235\0\0\0\1\1o\0;\0\0\0/re/frid"..., iov_len=428}], msg_iovlen=1, msg_controllen=0, msg_flags=0}, MSG_NOSIGNAL) = 428
21004 1783913134.910858 sendmsg(177, {msg_name=NULL, msg_namelen=0, msg_iov=[{iov_base="l\1\1\1\374\0\0\0\226\1\0\0\235\0\0\0\1\1o\0;\0\0\0/re/frid"..., iov_len=428}], msg_iovlen=1, msg_controllen=0, msg_flags=0}, MSG_NOSIGNAL) = 428
20892 1783913135.011407 recvfrom(100, 0x7fc3986420, 3200, MSG_DONTWAIT, NULL, NULL) = -1 EAGAIN (Try again)
20892 1783913135.020163 recvfrom(100, "nysv\0\0\0\0\0\0\0\0\0\0\0\0\375\23\341\277\226\1\0\0\265\226\1\0\0\0\0\0", 3200, MSG_DONTWAIT, NULL, NULL) = 32
20892 1783913135.020197 recvfrom(100, 0x7fc3986860, 3200, MSG_DONTWAIT, NULL, NULL) = -1 EAGAIN (Try again)
20892 1783913135.020283 recvfrom(114, 0x7d0fd84020, 2272, MSG_DONTWAIT, NULL, NULL) = -1 EAGAIN (Try again)
21004 1783913135.024750 sendmsg(177, {msg_name=NULL, msg_namelen=0, msg_iov=[{iov_base="l\1\1\1\374\0\0\0\227\1\0\0\235\0\0\0\1\1o\0;\0\0\0/re/frid"..., iov_len=428}], msg_iovlen=1, msg_controllen=0, msg_flags=0}, MSG_NOSIGNAL) = 428
20892 1783913135.049206 recvfrom(100, 0x7fc39856b0, 3200, MSG_DONTWAIT, NULL, NULL) = -1 EAGAIN (Try again)
20892 1783913135.052014 recvfrom(100, "nysv\0\0\0\0\0\0\0\0\0\0\0\0\274[\336\301\226\1\0\0\267\226\1\0\0\0\0\0", 3200, MSG_DONTWAIT, NULL, NULL) = 32
20892 1783913135.052035 recvfrom(100, 0x7fc3986860, 3200, MSG_DONTWAIT, NULL, NULL) = -1 EAGAIN (Try again)
20892 1783913135.055372 recvfrom(100, 0x7fc3986760, 3200, MSG_DONTWAIT, NULL, NULL) = -1 EAGAIN (Try again)
21004 1783913135.055942 sendmsg(177, {msg_name=NULL, msg_namelen=0, msg_iov=[{iov_base="l\1\1\1\374\0\0\0\230\1\0\0\235\0\0\0\1\1o\0;\0\0\0/re/frid"..., iov_len=428}], msg_iovlen=1, msg_controllen=0, msg_flags=0}, MSG_NOSIGNAL) = 428
20892 1783913135.073043 recvfrom(100, "nysv\0\0\0\0\0\0\0\0\0\0\0\0c\363\333\302\226\1\0\0\270\226\1\0\0\0\0\0", 3200, MSG_DONTWAIT, NULL, NULL) = 32
20892 1783913135.073060 recvfrom(100, 0x7fc3986860, 3200, MSG_DONTWAIT, NULL, NULL) = -1 EAGAIN (Try again)
21004 1783913135.073708 sendmsg(177, {msg_name=NULL, msg_namelen=0, msg_iov=[{iov_base="l\1\1\1\374\0\0\0\231\1\0\0\235\0\0\0\1\1o\0;\0\0\0/re/frid"..., iov_len=428}], msg_iovlen=1, msg_controllen=0, msg_flags=0}, MSG_NOSIGNAL) = 428
20913 1783913135.167268 openat(AT_FDCWD, "/data/misc/profiles/cur/0/app.fedilab.mobilizon/primary.prof", O_RDWR|O_NOFOLLOW|O_CLOEXEC) = 150
20913 1783913135.167909 newfstatat(AT_FDCWD, "/data/misc/profiles/cur/0/app.fedilab.mobilizon/primary.prof", {st_mode=S_IFREG|0600, st_size=8266, ...}, 0) = 0
20913 1783913135.171607 openat(AT_FDCWD, "/data/misc/profiles/cur/0/app.fedilab.mobilizon/primary.prof", O_WRONLY|O_NOFOLLOW|O_CLOEXEC) = 150
20913 1783913135.172163 newfstatat(AT_FDCWD, "/data/misc/profiles/cur/0/app.fedilab.mobilizon/primary.prof", {st_mode=S_IFREG|0600, st_size=8266, ...}, 0) = 0
20913 1783913135.174137 newfstatat(AT_FDCWD, "/data/misc/profiles/cur/0/app.fedilab.mobilizon/primary.prof", {st_mode=S_IFREG|0600, st_size=8378, ...}, 0) = 0
20892 1783913135.516998 recvfrom(100, 0x7fc3986420, 3200, MSG_DONTWAIT, NULL, NULL) = -1 EAGAIN (Try again)
20892 1783913135.519167 recvfrom(100, "nysv\0\0\0\0\0\0\0\0\0\0\0\0\213\264\256\335\226\1\0\0\323\226\1\0\0\0\0\0", 3200, MSG_DONTWAIT, NULL, NULL) = 32
20892 1783913135.519389 recvfrom(100, 0x7fc3986860, 3200, MSG_DONTWAIT, NULL, NULL) = -1 EAGAIN (Try again)
20892 1783913135.519496 recvfrom(114, 0x7d0fd84020, 2272, MSG_DONTWAIT, NULL, NULL) = -1 EAGAIN (Try again)
21004 1783913135.523816 sendmsg(177, {msg_name=NULL, msg_namelen=0, msg_iov=[{iov_base="l\1\1\1\374\0\0\0\232\1\0\0\235\0\0\0\1\1o\0;\0\0\0/re/frid"..., iov_len=428}], msg_iovlen=1, msg_controllen=0, msg_flags=0}, MSG_NOSIGNAL) = 428
20892 1783913135.560687 recvfrom(100, 0x7fc39856b0, 3200, MSG_DONTWAIT, NULL, NULL) = -1 EAGAIN (Try again)
20892 1783913135.568773 recvfrom(100, "nysv\0\0\0\0\0\0\0\0\0\0\0\0j\226\252\340\226\1\0\0\326\226\1\0\0\0\0\0", 3200, MSG_DONTWAIT, NULL, NULL) = 32
20892 1783913135.568818 recvfrom(100, 0x7fc3986860, 3200, MSG_DONTWAIT, NULL, NULL) = -1 EAGAIN (Try again)
20892 1783913135.570212 recvfrom(100, 0x7fc3986760, 3200, MSG_DONTWAIT, NULL, NULL) = -1 EAGAIN (Try again)
21004 1783913135.571156 sendmsg(177, {msg_name=NULL, msg_namelen=0, msg_iov=[{iov_base="l\1\1\1\374\0\0\0\233\1\0\0\235\0\0\0\1\1o\0;\0\0\0/re/frid"..., iov_len=428}], msg_iovlen=1, msg_controllen=0, msg_flags=0}, MSG_NOSIGNAL) = 428
20892 1783913135.591846 recvfrom(100, "nysv\0\0\0\0\0\0\0\0\0\0\0\0\37\372\247\341\226\1\0\0\327\226\1\0\0\0\0\0", 3200, MSG_DONTWAIT, NULL, NULL) = 32
20892 1783913135.591895 recvfrom(100, 0x7fc3986860, 3200, MSG_DONTWAIT, NULL, NULL) = -1 EAGAIN (Try again)
21004 1783913135.596140 sendmsg(177, {msg_name=NULL, msg_namelen=0, msg_iov=[{iov_base="l\1\1\1\374\0\0\0\234\1\0\0\235\0\0\0\1\1o\0;\0\0\0/re/frid"..., iov_len=428}], msg_iovlen=1, msg_controllen=0, msg_flags=0}, MSG_NOSIGNAL) = 428
21004 1783913135.922185 sendmsg(177, {msg_name=NULL, msg_namelen=0, msg_iov=[{iov_base="l\1\1\1\374\0\0\0\235\1\0\0\235\0\0\0\1\1o\0;\0\0\0/re/frid"..., iov_len=428}], msg_iovlen=1, msg_controllen=0, msg_flags=0}, MSG_NOSIGNAL) = 428
21004 1783913135.932169 sendmsg(177, {msg_name=NULL, msg_namelen=0, msg_iov=[{iov_base="l\1\1\1\374\0\0\0\236\1\0\0\235\0\0\0\1\1o\0;\0\0\0/re/frid"..., iov_len=428}], msg_iovlen=1, msg_controllen=0, msg_flags=0}, MSG_NOSIGNAL) = 428
21004 1783913135.950763 sendmsg(177, {msg_name=NULL, msg_namelen=0, msg_iov=[{iov_base="l\1\1\1\374\0\0\0\237\1\0\0\235\0\0\0\1\1o\0;\0\0\0/re/frid"..., iov_len=428}], msg_iovlen=1, msg_controllen=0, msg_flags=0}, MSG_NOSIGNAL) = 428
20892 1783913136.020302 recvfrom(100, 0x7fc3986420, 3200, MSG_DONTWAIT, NULL, NULL) = -1 EAGAIN (Try again)
20892 1783913136.039959 recvfrom(100, "nysv\0\0\0\0\0\0\0\0\0\0\0\0\210\250z\374\226\1\0\0\361\226\1\0\0\0\0\0", 3200, MSG_DONTWAIT, NULL, NULL) = 32
20892 1783913136.039993 recvfrom(100, 0x7fc3986860, 3200, MSG_DONTWAIT, NULL, NULL) = -1 EAGAIN (Try again)
20892 1783913136.040029 recvfrom(114, 0x7d0fd84020, 2272, MSG_DONTWAIT, NULL, NULL) = -1 EAGAIN (Try again)
21004 1783913136.042830 sendmsg(177, {msg_name=NULL, msg_namelen=0, msg_iov=[{iov_base="l\1\1\1\374\0\0\0\240\1\0\0\235\0\0\0\1\1o\0;\0\0\0/re/frid"..., iov_len=428}], msg_iovlen=1, msg_controllen=0, msg_flags=0}, MSG_NOSIGNAL) = 428
20892 1783913136.068856 recvfrom(100, 0x7fc39856b0, 3200, MSG_DONTWAIT, NULL, NULL) = -1 EAGAIN (Try again)
20892 1783913136.087352 recvfrom(100, "nysv\0\0\0\0\0\0\0\0\0\0\0\0\16\243v\377\226\1\0\0\364\226\1\0\0\0\0\0", 3200, MSG_DONTWAIT, NULL, NULL) = 32
20892 1783913136.087385 recvfrom(100, 0x7fc3986860, 3200, MSG_DONTWAIT, NULL, NULL) = -1 EAGAIN (Try again)
20892 1783913136.093234 recvfrom(100, 0x7fc3986760, 3200, MSG_DONTWAIT, NULL, NULL) = -1 EAGAIN (Try again)
21004 1783913136.093718 sendmsg(177, {msg_name=NULL, msg_namelen=0, msg_iov=[{iov_base="l\1\1\1\374\0\0\0\241\1\0\0\235\0\0\0\1\1o\0;\0\0\0/re/frid"..., iov_len=428}], msg_iovlen=1, msg_controllen=0, msg_flags=0}, MSG_NOSIGNAL) = 428
20892 1783913136.102887 recvfrom(100, "nysv\0\0\0\0\0\0\0\0\0\0\0\0\203\21u\0\227\1\0\0\365\226\1\0\0\0\0\0", 3200, MSG_DONTWAIT, NULL, NULL) = 32
20892 1783913136.102992 recvfrom(100, 0x7fc3986860, 3200, MSG_DONTWAIT, NULL, NULL) = -1 EAGAIN (Try again)
21004 1783913136.103417 sendmsg(177, {msg_name=NULL, msg_namelen=0, msg_iov=[{iov_base="l\1\1\1\374\0\0\0\242\1\0\0\235\0\0\0\1\1o\0;\0\0\0/re/frid"..., iov_len=428}], msg_iovlen=1, msg_controllen=0, msg_flags=0}, MSG_NOSIGNAL) = 428
20892 1783913136.521172 recvfrom(100, 0x7fc3986420, 3200, MSG_DONTWAIT, NULL, NULL) = -1 EAGAIN (Try again)
20892 1783913136.541986 recvfrom(100, "nysv\0\0\0\0\0\0\0\0\0\0\0\0\2435G\32\227\1\0\0\17\227\1\0\0\0\0\0", 3200, MSG_DONTWAIT, NULL, NULL) = 32
20892 1783913136.542234 recvfrom(100, 0x7fc3986860, 3200, MSG_DONTWAIT, NULL, NULL) = -1 EAGAIN (Try again)
20892 1783913136.542342 recvfrom(114, 0x7d0fd84020, 2272, MSG_DONTWAIT, NULL, NULL) = -1 EAGAIN (Try again)
21004 1783913136.546430 sendmsg(177, {msg_name=NULL, msg_namelen=0, msg_iov=[{iov_base="l\1\1\1\374\0\0\0\243\1\0\0\235\0\0\0\1\1o\0;\0\0\0/re/frid"..., iov_len=428}], msg_iovlen=1, msg_controllen=0, msg_flags=0}, MSG_NOSIGNAL) = 428
20892 1783913136.584444 recvfrom(100, 0x7fc39856b0, 3200, MSG_DONTWAIT, NULL, NULL) = -1 EAGAIN (Try again)
20892 1783913136.585421 recvfrom(100, "nysv\0\0\0\0\0\0\0\0\0\0\0\0m\35C\35\227\1\0\0\22\227\1\0\0\0\0\0", 3200, MSG_DONTWAIT, NULL, NULL) = 32
20892 1783913136.585462 recvfrom(100, 0x7fc3986860, 3200, MSG_DONTWAIT, NULL, NULL) = -1 EAGAIN (Try again)
20892 1783913136.587253 recvfrom(100, 0x7fc3986760, 3200, MSG_DONTWAIT, NULL, NULL) = -1 EAGAIN (Try again)
21004 1783913136.587899 sendmsg(177, {msg_name=NULL, msg_namelen=0, msg_iov=[{iov_base="l\1\1\1\374\0\0\0\244\1\0\0\235\0\0\0\1\1o\0;\0\0\0/re/frid"..., iov_len=428}], msg_iovlen=1, msg_controllen=0, msg_flags=0}, MSG_NOSIGNAL) = 428
20892 1783913136.602640 recvfrom(100, "nysv\0\0\0\0\0\0\0\0\0\0\0\0\372\254A\36\227\1\0\0\23\227\1\0\0\0\0\0", 3200, MSG_DONTWAIT, NULL, NULL) = 32
20892 1783913136.602670 recvfrom(100, 0x7fc3986860, 3200, MSG_DONTWAIT, NULL, NULL) = -1 EAGAIN (Try again)
21004 1783913136.603232 sendmsg(177, {msg_name=NULL, msg_namelen=0, msg_iov=[{iov_base="l\1\1\1\374\0\0\0\245\1\0\0\235\0\0\0\1\1o\0;\0\0\0/re/frid"..., iov_len=428}], msg_iovlen=1, msg_controllen=0, msg_flags=0}, MSG_NOSIGNAL) = 428
20952 1783913136.774448 recvmsg(110, {msg_name=NULL, msg_namelen=0, msg_iov=[{iov_base="h\0\0\0\0\0\0\0\5\0\0\0\0\0\0\0\0\0\0\0\0\0\0\0\17\232~\3\276m=\23"..., iov_len=4096}], msg_iovlen=1, msg_controllen=0, msg_flags=0}, MSG_DONTWAIT) = 104
20892 1783913136.775274 sendto(110, "`\0\0\0\0\0\0\0\5\0\0\0\0\0\0\0\0\0\0\0\0\0\0\0\312\305K\236\3465\275\355"..., 96, MSG_NOSIGNAL, NULL, 0) = 96
20892 1783913136.775501 sendto(110, "p\0\0\0\0\0\0\0\5\0\0\0\0\0\0\0\0\0\0\0\0\0\0\0\312\305K\236\3465\275\355"..., 112, MSG_NOSIGNAL, NULL, 0) = 112
20952 1783913136.776673 recvmsg(110, {msg_name=NULL, msg_namelen=0, msg_iov=[{iov_base="0\0\0\0\0\0\0\0\5\0\0\0\0\0\0\0\4\0\0\0\0\0\0\0i\277\364\3\207\304}\32"..., iov_len=4096}], msg_iovlen=1, msg_controllen=0, msg_flags=0}, MSG_DONTWAIT) = 792
20952 1783913136.777078 sendto(110, "0\0\0\0\0\0\0\0\5\0\0\0\0\0\0\0\4\0\0\0\0\0\0\0(j:\353U\2307Z"..., 48, MSG_NOSIGNAL, NULL, 0) = 48
20952 1783913136.779241 sendto(110, "0\0\0\0\0\0\0\0\5\0\0\0\0\0\0\0\4\0\0\0\0\0\0\0\272\"y\272\212\335%\10"..., 48, MSG_NOSIGNAL, NULL, 0) = 48
20892 1783913136.779964 sendto(110, "0\0\0\0\0\0\0\0\5\0\0\0\0\0\0\0\4\0\0\0\0\0\0\0\272\"y\272\212\335%\10"..., 48, MSG_NOSIGNAL, NULL, 0) = 48
20957 1783913136.781343 sendto(110, "\210\0\0\0\0\0\0\0\5\0\0\0\0\0\0\0\0\0\0\0\0\0\0\0\273a\265\241U\224\377\\"..., 136, MSG_NOSIGNAL, NULL, 0 <unfinished ...>
20952 1783913136.781402 recvmsg(110,  <unfinished ...>
20957 1783913136.781671 <... sendto resumed> ) = 136
20952 1783913136.781701 <... recvmsg resumed> {msg_name=NULL, msg_namelen=0, msg_iov=[{iov_base="0\0\0\0\0\0\0\0\5\0\0\0\0\0\0\0\4\0\0\0\0\0\0\0\251Y\v[\32y\333\205"..., iov_len=4096}], msg_iovlen=1, msg_controllen=0, msg_flags=0}, MSG_DONTWAIT) = 816
20952 1783913136.782263 sendto(110, "0\0\0\0\0\0\0\0\5\0\0\0\0\0\0\0\4\0\0\0\0\0\0\0\347hs\211\320\301\323\373"..., 48, MSG_NOSIGNAL, NULL, 0) = 48
20957 1783913136.782866 sendto(110, "\210\0\0\0\0\0\0\0\5\0\0\0\0\0\0\0\0\0\0\0\0\0\0\0\273a\265\241U\224\377\\"..., 136, MSG_NOSIGNAL, NULL, 0) = 136
20957 1783913136.783279 sendto(110, "\210\0\0\0\0\0\0\0\5\0\0\0\0\0\0\0\0\0\0\0\0\0\0\0\273a\265\241U\224\377\\"..., 136, MSG_NOSIGNAL, NULL, 0) = 136
20951 1783913136.783837 sendto(110, "0\0\0\0\0\0\0\0\5\0\0\0\0\0\0\0\4\0\0\0\0\0\0\0\347hs\211\320\301\323\373"..., 48, MSG_NOSIGNAL, NULL, 0) = 48
20957 1783913136.784539 sendto(110, "\210\0\0\0\0\0\0\0\5\0\0\0\0\0\0\0\0\0\0\0\0\0\0\0\273a\265\241U\224\377\\"..., 136, MSG_NOSIGNAL, NULL, 0) = 136
20952 1783913136.785947 sendto(110, "0\0\0\0\0\0\0\0\5\0\0\0\0\0\0\0\4\0\0\0\0\0\0\0\204\304\276\274\227\266u4"..., 48, MSG_NOSIGNAL, NULL, 0) = 48
20952 1783913136.786835 sendto(110, "0\0\0\0\0\0\0\0\5\0\0\0\0\0\0\0\4\0\0\0\0\0\0\0\24\3\333\225\31\2649\345"..., 48, MSG_NOSIGNAL, NULL, 0) = 48
20957 1783913136.787512 sendto(110, "\210\0\0\0\0\0\0\0\5\0\0\0\0\0\0\0\0\0\0\0\0\0\0\0\273a\265\241U\224\377\\"..., 136, MSG_NOSIGNAL, NULL, 0) = 136
20952 1783913136.788861 sendto(110, "0\0\0\0\0\0\0\0\5\0\0\0\0\0\0\0\4\0\0\0\0\0\0\0\246\230\23\33C\34N{"..., 48, MSG_NOSIGNAL, NULL, 0) = 48
20957 1783913136.789568 newfstatat(AT_FDCWD, "/data/user/0/app.fedilab.mobilizon/app_webview/Default/IndexedDB/https_mobilizon.fr_0.indexeddb.leveldb", {st_mode=S_IFDIR|0700, st_size=4096, ...}, 0) = 0
20952 1783913136.789878 sendto(110, "0\0\0\0\0\0\0\0\5\0\0\0\0\0\0\0\4\0\0\0\0\0\0\0\273a\265\241U\224\377\\"..., 48, MSG_NOSIGNAL, NULL, 0 <unfinished ...>
20957 1783913136.789905 openat(AT_FDCWD, "/data/user/0/app.fedilab.mobilizon/app_webview/Default/IndexedDB/https_mobilizon.fr_0.indexeddb.leveldb", O_RDONLY|O_CLOEXEC|O_DIRECTORY) = 150
20952 1783913136.790118 <... sendto resumed> ) = 48
20952 1783913136.790249 sendto(110, "0\0\0\0\0\0\0\0\5\0\0\0\0\0\0\0\4\0\0\0\0\0\0\0\10\364\327\222\1\314\262;"..., 48, MSG_NOSIGNAL, NULL, 0) = 48
20957 1783913136.790698 newfstatat(AT_FDCWD, "/data/user/0/app.fedilab.mobilizon/app_webview/Default/IndexedDB/https_mobilizon.fr_0.indexeddb.leveldb/LOG", {st_mode=S_IFREG|0600, st_size=374, ...}, 0) = 0
20952 1783913136.790859 sendto(110, "0\0\0\0\0\0\0\0\5\0\0\0\0\0\0\0\4\0\0\0\0\0\0\0\10\364\327\222\1\314\262;"..., 48, MSG_NOSIGNAL, NULL, 0 <unfinished ...>
20957 1783913136.791042 newfstatat(AT_FDCWD, "/data/user/0/app.fedilab.mobilizon/app_webview/Default/IndexedDB/https_mobilizon.fr_0.indexeddb.leveldb/LOCK",  <unfinished ...>
20952 1783913136.791067 <... sendto resumed> ) = 48
20957 1783913136.791177 <... newfstatat resumed> {st_mode=S_IFREG|0600, st_size=0, ...}, 0) = 0
20952 1783913136.791202 sendto(110, "0\0\0\0\0\0\0\0\5\0\0\0\0\0\0\0\4\0\0\0\0\0\0\0GN.\270\202\6\220l"..., 48, MSG_NOSIGNAL, NULL, 0 <unfinished ...>
20957 1783913136.791389 newfstatat(AT_FDCWD, "/data/user/0/app.fedilab.mobilizon/app_webview/Default/IndexedDB/https_mobilizon.fr_0.indexeddb.leveldb/MANIFEST-000001",  <unfinished ...>
20952 1783913136.791414 <... sendto resumed> ) = 48
20957 1783913136.791525 <... newfstatat resumed> {st_mode=S_IFREG|0600, st_size=23, ...}, 0) = 0
20957 1783913136.791668 newfstatat(AT_FDCWD, "/data/user/0/app.fedilab.mobilizon/app_webview/Default/IndexedDB/https_mobilizon.fr_0.indexeddb.leveldb/000003.log", {st_mode=S_IFREG|0600, st_size=233908, ...}, 0) = 0
20957 1783913136.791877 newfstatat(AT_FDCWD, "/data/user/0/app.fedilab.mobilizon/app_webview/Default/IndexedDB/https_mobilizon.fr_0.indexeddb.leveldb/CURRENT", {st_mode=S_IFREG|0600, st_size=16, ...}, 0) = 0
20957 1783913136.792179 newfstatat(AT_FDCWD, "/data/user/0/app.fedilab.mobilizon/app_webview/Default/IndexedDB/https_mobilizon.fr_0.indexeddb.leveldb/LOG.old", {st_mode=S_IFREG|0600, st_size=374, ...}, 0) = 0
20952 1783913136.792619 sendto(110, "0\0\0\0\0\0\0\0\5\0\0\0\0\0\0\0\4\0\0\0\0\0\0\0s[\373\3012|\330\21"..., 48, MSG_NOSIGNAL, NULL, 0) = 48
20957 1783913136.793394 newfstatat(AT_FDCWD, "/data/user/0/app.fedilab.mobilizon/app_webview/Default/IndexedDB/https_mobilizon.fr_0.indexeddb.blob", 0x7d1ce72cd0, 0) = -1 ENOENT (No such file or directory)
20957 1783913136.793673 openat(AT_FDCWD, "/data/user/0/app.fedilab.mobilizon/app_webview/Default/IndexedDB/https_mobilizon.fr_0.indexeddb.blob", O_RDONLY|O_CLOEXEC|O_DIRECTORY) = -1 ENOENT (No such file or directory)
20952 1783913136.793761 sendto(110, "0\0\0\0\0\0\0\0\5\0\0\0\0\0\0\0\4\0\0\0\0\0\0\0\217\20e\204'\360\314s"..., 48, MSG_NOSIGNAL, NULL, 0) = 48
20957 1783913136.794228 sendto(110, "0\0\0\0\0\0\0\0\5\0\0\0\0\0\0\0\4\0\0\0\0\0\0\0\273a\265\241U\224\377\\"..., 48, MSG_NOSIGNAL, NULL, 0) = 48
20952 1783913136.795088 sendto(110, "0\0\0\0\0\0\0\0\5\0\0\0\0\0\0\0\4\0\0\0\0\0\0\0\217\20e\204'\360\314s"..., 48, MSG_NOSIGNAL, NULL, 0) = 48
20952 1783913136.795665 sendto(110, "0\0\0\0\0\0\0\0\5\0\0\0\0\0\0\0\4\0\0\0\0\0\0\0S\243\27\361\2\254\353\362"..., 48, MSG_NOSIGNAL, NULL, 0) = 48
20952 1783913136.795951 sendto(110, "0\0\0\0\0\0\0\0\5\0\0\0\0\0\0\0\4\0\0\0\0\0\0\0S\243\27\361\2\254\353\362"..., 48, MSG_NOSIGNAL, NULL, 0) = 48
20952 1783913136.796258 sendto(110, "0\0\0\0\0\0\0\0\5\0\0\0\0\0\0\0\4\0\0\0\0\0\0\0+-\231\372\20.\250\354"..., 48, MSG_NOSIGNAL, NULL, 0) = 48
20952 1783913136.797031 sendto(110, "0\0\0\0\0\0\0\0\5\0\0\0\0\0\0\0\4\0\0\0\0\0\0\0\37Q/;\326\362\347R"..., 48, MSG_NOSIGNAL, NULL, 0) = 48
20892 1783913136.797492 sendto(110, "\210\0\0\0\0\0\0\0\5\0\0\0\0\0\0\0\0\0\0\0\0\0\0\0\312\305K\236\3465\275\355"..., 136, MSG_NOSIGNAL, NULL, 0) = 136
20952 1783913136.797689 recvmsg(110,  <unfinished ...>
20892 1783913136.797738 sendto(110, "0\0\0\0\0\0\0\0\5\0\0\0\0\0\0\0\4\0\0\0\0\0\0\0\246\230\23\33C\34N{"..., 48, MSG_NOSIGNAL, NULL, 0 <unfinished ...>
20952 1783913136.797826 <... recvmsg resumed> {msg_name=NULL, msg_namelen=0, msg_iov=[{iov_base="0\0\0\0\0\0\0\0\5\0\0\0\0\0\0\0\4\0\0\0\0\0\0\0\237\31\311=\343i\275|"..., iov_len=4096}], msg_iovlen=1, msg_controllen=0, msg_flags=0}, MSG_DONTWAIT) = 416
20892 1783913136.797885 <... sendto resumed> ) = 48
20892 1783913136.797927 sendto(110, "0\0\0\0\0\0\0\0\5\0\0\0\0\0\0\0\4\0\0\0\0\0\0\0\24\3\333\225\31\2649\345"..., 48, MSG_NOSIGNAL, NULL, 0) = 48
20952 1783913136.798023 sendto(110, "0\0\0\0\0\0\0\0\5\0\0\0\0\0\0\0\4\0\0\0\0\0\0\0;\273\322c{%]\201"..., 48, MSG_NOSIGNAL, NULL, 0) = 48
20892 1783913136.798734 sendto(110, "0\0\0\0\0\0\0\0\5\0\0\0\0\0\0\0\4\0\0\0\0\0\0\0s[\373\3012|\330\21"..., 48, MSG_NOSIGNAL, NULL, 0) = 48
20892 1783913136.798893 sendto(110, "0\0\0\0\0\0\0\0\5\0\0\0\0\0\0\0\4\0\0\0\0\0\0\0\204\304\276\274\227\266u4"..., 48, MSG_NOSIGNAL, NULL, 0) = 48
20959 1783913136.799001 sendto(110, "0\0\0\0\0\0\0\0\5\0\0\0\0\0\0\0\4\0\0\0\0\0\0\0+-\231\372\20.\250\354"..., 48, MSG_NOSIGNAL, NULL, 0) = 48
20892 1783913136.799437 sendto(110, "0\0\0\0\0\0\0\0\5\0\0\0\0\0\0\0\4\0\0\0\0\0\0\0(j:\353U\2307Z"..., 48, MSG_NOSIGNAL, NULL, 0) = 48
20892 1783913136.799527 sendto(110, "0\0\0\0\0\0\0\0\5\0\0\0\0\0\0\0\4\0\0\0\0\0\0\0Ip#\7\0\356\326\25"..., 48, MSG_NOSIGNAL, NULL, 0) = 48
20892 1783913136.799568 sendto(110, "0\0\0\0\0\0\0\0\5\0\0\0\0\0\0\0\4\0\0\0\0\0\0\0\37Q/;\326\362\347R"..., 48, MSG_NOSIGNAL, NULL, 0) = 48
20892 1783913136.799600 sendto(110, "\210\0\0\0\0\0\0\0\5\0\0\0\0\0\0\0\0\0\0\0\0\0\0\0\312\305K\236\3465\275\355"..., 136, MSG_NOSIGNAL, NULL, 0) = 136
20892 1783913136.799724 sendto(110, "0\0\0\0\0\0\0\0\5\0\0\0\0\0\0\0\4\0\0\0\0\0\0\0GN.\270\202\6\220l"..., 48, MSG_NOSIGNAL, NULL, 0) = 48
20952 1783913136.800155 sendto(110, "0\0\0\0\0\0\0\0\5\0\0\0\0\0\0\0\4\0\0\0\0\0\0\0;\273\322c{%]\201"..., 48, MSG_NOSIGNAL, NULL, 0) = 48
20952 1783913136.800758 sendto(110, "0\0\0\0\0\0\0\0\5\0\0\0\0\0\0\0\4\0\0\0\0\0\0\0\325\17]\313\247j\t\370"..., 48, MSG_NOSIGNAL, NULL, 0) = 48
20952 1783913136.802021 sendto(110, "0\0\0\0\0\0\0\0\5\0\0\0\0\0\0\0\4\0\0\0\0\0\0\0\312\305K\236\3465\275\355"..., 48, MSG_NOSIGNAL, NULL, 0) = 48
20952 1783913136.804034 recvmsg(110, {msg_name=NULL, msg_namelen=0, msg_iov=[{iov_base="0\0\0\0\0\0\0\0\5\0\0\0\0\0\0\0\4\0\0\0\0\0\0\0L\17\247\346\25\6\4\343"..., iov_len=4096}], msg_iovlen=1, msg_controllen=0, msg_flags=0}, MSG_DONTWAIT) = 96
20957 1783913136.804642 newfstatat(AT_FDCWD, "/data/user/0/app.fedilab.mobilizon/app_webview/Default/QuotaManager-journal", {st_mode=S_IFREG|0600, st_size=0, ...}, 0) = 0
20957 1783913136.804869 newfstatat(AT_FDCWD, "/data/user/0/app.fedilab.mobilizon/app_webview/Default/QuotaManager-wal", 0x7d1ce72d30, 0) = -1 ENOENT (No such file or directory)
20957 1783913136.805533 newfstatat(AT_FDCWD, "/data/user/0/app.fedilab.mobilizon/app_webview/Default/QuotaManager", {st_mode=S_IFREG|0600, st_size=57344, ...}, 0) = 0
20957 1783913136.805790 newfstatat(AT_FDCWD, "/data/user/0/app.fedilab.mobilizon/app_webview/Default/QuotaManager", {st_mode=S_IFREG|0600, st_size=57344, ...}, 0) = 0
20957 1783913136.806031 openat(AT_FDCWD, "/data/user/0/app.fedilab.mobilizon/app_webview/Default/QuotaManager-journal", O_RDWR|O_CREAT|O_LARGEFILE|O_NOFOLLOW|O_CLOEXEC, 0600 <unfinished ...>
20952 1783913136.806050 sendto(110, "h\0\0\0\0\0\0\0\5\0\0\0\0\0\0\0\0\0\0\0\0\0\0\0\4\23\366\241\34\3 h"..., 104, MSG_NOSIGNAL, NULL, 0 <unfinished ...>
20957 1783913136.806196 <... openat resumed> ) = 150
20952 1783913136.806220 <... sendto resumed> ) = 104
20892 1783913137.023571 recvfrom(100, 0x7fc3986420, 3200, MSG_DONTWAIT, NULL, NULL) = -1 EAGAIN (Try again)
20892 1783913137.039822 recvfrom(100, "nysv\0\0\0\0\0\0\0\0\0\0\0\0\217\232\248\227\1\0\0-\227\1\0\0\0\0\0", 3200, MSG_DONTWAIT, NULL, NULL) = 32
20892 1783913137.039846 recvfrom(100, 0x7fc3986860, 3200, MSG_DONTWAIT, NULL, NULL) = -1 EAGAIN (Try again)
20892 1783913137.039933 recvfrom(114, 0x7d0fd84020, 2272, MSG_DONTWAIT, NULL, NULL) = -1 EAGAIN (Try again)
21004 1783913137.042613 sendmsg(177, {msg_name=NULL, msg_namelen=0, msg_iov=[{iov_base="l\1\1\1\374\0\0\0\246\1\0\0\235\0\0\0\1\1o\0;\0\0\0/re/frid"..., iov_len=428}], msg_iovlen=1, msg_controllen=0, msg_flags=0}, MSG_NOSIGNAL) = 428
20892 1783913137.068901 recvfrom(100, 0x7fc39856b0, 3200, MSG_DONTWAIT, NULL, NULL) = -1 EAGAIN (Try again)
20892 1783913137.085400 recvfrom(100, "nysv\0\0\0\0\0\0\0\0\0\0\0\0\200\205\20;\227\1\0\0000\227\1\0\0\0\0\0", 3200, MSG_DONTWAIT, NULL, NULL) = 32
20892 1783913137.085423 recvfrom(100, 0x7fc3986860, 3200, MSG_DONTWAIT, NULL, NULL) = -1 EAGAIN (Try again)
20892 1783913137.086527 recvfrom(100, 0x7fc3986760, 3200, MSG_DONTWAIT, NULL, NULL) = -1 EAGAIN (Try again)
21004 1783913137.090405 sendmsg(177, {msg_name=NULL, msg_namelen=0, msg_iov=[{iov_base="l\1\1\1\374\0\0\0\247\1\0\0\235\0\0\0\1\1o\0;\0\0\0/re/frid"..., iov_len=428}], msg_iovlen=1, msg_controllen=0, msg_flags=0}, MSG_NOSIGNAL) = 428
20892 1783913137.103887 recvfrom(100, "nysv\0\0\0\0\0\0\0\0\0\0\0\0\371\262\16<\227\1\0\0001\227\1\0\0\0\0\0", 3200, MSG_DONTWAIT, NULL, NULL) = 32
20892 1783913137.103907 recvfrom(100, 0x7fc3986860, 3200, MSG_DONTWAIT, NULL, NULL) = -1 EAGAIN (Try again)
21004 1783913137.104378 sendmsg(177, {msg_name=NULL, msg_namelen=0, msg_iov=[{iov_base="l\1\1\1\374\0\0\0\250\1\0\0\235\0\0\0\1\1o\0;\0\0\0/re/frid"..., iov_len=428}], msg_iovlen=1, msg_controllen=0, msg_flags=0}, MSG_NOSIGNAL) = 428
20892 1783913137.525419 recvfrom(100, 0x7fc3986420, 3200, MSG_DONTWAIT, NULL, NULL) = -1 EAGAIN (Try again)
20892 1783913137.539763 recvfrom(100, "nysv\0\0\0\0\0\0\0\0\0\0\0\0{\377\341U\227\1\0\0K\227\1\0\0\0\0\0", 3200, MSG_DONTWAIT, NULL, NULL) = 32
20892 1783913137.540228 recvfrom(100, 0x7fc3986860, 3200, MSG_DONTWAIT, NULL, NULL) = -1 EAGAIN (Try again)
20892 1783913137.540371 recvfrom(114, 0x7d0fd84020, 2272, MSG_DONTWAIT, NULL, NULL) = -1 EAGAIN (Try again)
21004 1783913137.544916 sendmsg(177, {msg_name=NULL, msg_namelen=0, msg_iov=[{iov_base="l\1\1\1\374\0\0\0\251\1\0\0\235\0\0\0\1\1o\0;\0\0\0/re/frid"..., iov_len=428}], msg_iovlen=1, msg_controllen=0, msg_flags=0}, MSG_NOSIGNAL) = 428
20892 1783913137.584211 recvfrom(100, 0x7fc39856b0, 3200, MSG_DONTWAIT, NULL, NULL) = -1 EAGAIN (Try again)
20892 1783913137.585433 recvfrom(100, "nysv\0\0\0\0\0\0\0\0\0\0\0\0}\350\335X\227\1\0\0N\227\1\0\0\0\0\0", 3200, MSG_DONTWAIT, NULL, NULL) = 32
20892 1783913137.585477 recvfrom(100, 0x7fc3986860, 3200, MSG_DONTWAIT, NULL, NULL) = -1 EAGAIN (Try again)
20892 1783913137.587420 recvfrom(100, 0x7fc3986760, 3200, MSG_DONTWAIT, NULL, NULL) = -1 EAGAIN (Try again)
21004 1783913137.588153 sendmsg(177, {msg_name=NULL, msg_namelen=0, msg_iov=[{iov_base="l\1\1\1\374\0\0\0\252\1\0\0\235\0\0\0\1\1o\0;\0\0\0/re/frid"..., iov_len=428}], msg_iovlen=1, msg_controllen=0, msg_flags=0}, MSG_NOSIGNAL) = 428
20892 1783913137.605214 recvfrom(100, "nysv\0\0\0\0\0\0\0\0\0\0\0\0M\310\333Y\227\1\0\0O\227\1\0\0\0\0\0", 3200, MSG_DONTWAIT, NULL, NULL) = 32
20892 1783913137.605243 recvfrom(100, 0x7fc3986860, 3200, MSG_DONTWAIT, NULL, NULL) = -1 EAGAIN (Try again)
21004 1783913137.605980 sendmsg(177, {msg_name=NULL, msg_namelen=0, msg_iov=[{iov_base="l\1\1\1\374\0\0\0\253\1\0\0\235\0\0\0\1\1o\0;\0\0\0/re/frid"..., iov_len=428}], msg_iovlen=1, msg_controllen=0, msg_flags=0}, MSG_NOSIGNAL) = 428
20892 1783913138.028138 recvfrom(100, 0x7fc3986420, 3200, MSG_DONTWAIT, NULL, NULL) = -1 EAGAIN (Try again)
20892 1783913138.038382 recvfrom(100, "nysv\0\0\0\0\0\0\0\0\0\0\0\0gd\257s\227\1\0\0i\227\1\0\0\0\0\0", 3200, MSG_DONTWAIT, NULL, NULL) = 32
20892 1783913138.038818 recvfrom(100, 0x7fc3986860, 3200, MSG_DONTWAIT, NULL, NULL) = -1 EAGAIN (Try again)
20892 1783913138.038910 recvfrom(114, 0x7d0fd84020, 2272, MSG_DONTWAIT, NULL, NULL) = -1 EAGAIN (Try again)
21004 1783913138.043221 sendmsg(177, {msg_name=NULL, msg_namelen=0, msg_iov=[{iov_base="l\1\1\1\374\0\0\0\254\1\0\0\235\0\0\0\1\1o\0;\0\0\0/re/frid"..., iov_len=428}], msg_iovlen=1, msg_controllen=0, msg_flags=0}, MSG_NOSIGNAL) = 428
20892 1783913138.080322 recvfrom(100, 0x7fc3985d70, 3200, MSG_DONTWAIT, NULL, NULL) = -1 EAGAIN (Try again)
20892 1783913138.085678 recvfrom(100, "nysv\0\0\0\0\0\0\0\0\0\0\0\0\361M\253v\227\1\0\0l\227\1\0\0\0\0\0", 3200, MSG_DONTWAIT, NULL, NULL) = 32
20892 1783913138.085705 recvfrom(100, 0x7fc3986860, 3200, MSG_DONTWAIT, NULL, NULL) = -1 EAGAIN (Try again)
20892 1783913138.088691 recvfrom(100, 0x7fc3986760, 3200, MSG_DONTWAIT, NULL, NULL) = -1 EAGAIN (Try again)
21004 1783913138.090002 sendmsg(177, {msg_name=NULL, msg_namelen=0, msg_iov=[{iov_base="l\1\1\1\374\0\0\0\255\1\0\0\235\0\0\0\1\1o\0;\0\0\0/re/frid"..., iov_len=428}], msg_iovlen=1, msg_controllen=0, msg_flags=0}, MSG_NOSIGNAL) = 428
20892 1783913138.106779 recvfrom(100, "nysv\0\0\0\0\0\0\0\0\0\0\0\0\335\344\250w\227\1\0\0m\227\1\0\0\0\0\0", 3200, MSG_DONTWAIT, NULL, NULL) = 32
20892 1783913138.106805 recvfrom(100, 0x7fc3986860, 3200, MSG_DONTWAIT, NULL, NULL) = -1 EAGAIN (Try again)
21004 1783913138.107468 sendmsg(177, {msg_name=NULL, msg_namelen=0, msg_iov=[{iov_base="l\1\1\1\374\0\0\0\256\1\0\0\235\0\0\0\1\1o\0;\0\0\0/re/frid"..., iov_len=428}], msg_iovlen=1, msg_controllen=0, msg_flags=0}, MSG_NOSIGNAL) = 428
20892 1783913138.532697 recvfrom(100, 0x7fc3986420, 3200, MSG_DONTWAIT, NULL, NULL) = -1 EAGAIN (Try again)
20892 1783913138.536188 recvfrom(100, "nysv\0\0\0\0\0\0\0\0\0\0\0\0\226I}\221\227\1\0\0\207\227\1\0\0\0\0\0", 3200, MSG_DONTWAIT, NULL, NULL) = 32
20892 1783913138.536475 recvfrom(100, 0x7fc3986860, 3200, MSG_DONTWAIT, NULL, NULL) = -1 EAGAIN (Try again)
20892 1783913138.536699 recvfrom(114, 0x7d0fd84020, 2272, MSG_DONTWAIT, NULL, NULL) = -1 EAGAIN (Try again)
21004 1783913138.541369 sendmsg(177, {msg_name=NULL, msg_namelen=0, msg_iov=[{iov_base="l\1\1\1\374\0\0\0\257\1\0\0\235\0\0\0\1\1o\0;\0\0\0/re/frid"..., iov_len=428}], msg_iovlen=1, msg_controllen=0, msg_flags=0}, MSG_NOSIGNAL) = 428
20892 1783913138.578952 recvfrom(100, 0x7fc3985d70, 3200, MSG_DONTWAIT, NULL, NULL) = -1 EAGAIN (Try again)
20892 1783913138.585513 recvfrom(100, "nysv\0\0\0\0\0\0\0\0\0\0\0\0\242,y\224\227\1\0\0\212\227\1\0\0\0\0\0", 3200, MSG_DONTWAIT, NULL, NULL) = 32
20892 1783913138.585633 recvfrom(100, 0x7fc3986860, 3200, MSG_DONTWAIT, NULL, NULL) = -1 EAGAIN (Try again)
20892 1783913138.588152 recvfrom(100, 0x7fc3986760, 3200, MSG_DONTWAIT, NULL, NULL) = -1 EAGAIN (Try again)
21004 1783913138.589327 sendmsg(177, {msg_name=NULL, msg_namelen=0, msg_iov=[{iov_base="l\1\1\1\374\0\0\0\260\1\0\0\235\0\0\0\1\1o\0;\0\0\0/re/frid"..., iov_len=428}], msg_iovlen=1, msg_controllen=0, msg_flags=0}, MSG_NOSIGNAL) = 428
20892 1783913138.607536 recvfrom(100, "nysv\0\0\0\0\0\0\0\0\0\0\0\0004\206v\225\227\1\0\0\213\227\1\0\0\0\0\0", 3200, MSG_DONTWAIT, NULL, NULL) = 32
20892 1783913138.607681 recvfrom(100, 0x7fc3986860, 3200, MSG_DONTWAIT, NULL, NULL) = -1 EAGAIN (Try again)
21004 1783913138.608486 sendmsg(177, {msg_name=NULL, msg_namelen=0, msg_iov=[{iov_base="l\1\1\1\374\0\0\0\261\1\0\0\235\0\0\0\1\1o\0;\0\0\0/re/frid"..., iov_len=428}], msg_iovlen=1, msg_controllen=0, msg_flags=0}, MSG_NOSIGNAL) = 428
20892 1783913139.034560 recvfrom(100, 0x7fc3986420, 3200, MSG_DONTWAIT, NULL, NULL) = -1 EAGAIN (Try again)
20892 1783913139.036700 recvfrom(100, "nysv\0\0\0\0\0\0\0\0\0\0\0\0\332rJ\257\227\1\0\0\245\227\1\0\0\0\0\0", 3200, MSG_DONTWAIT, NULL, NULL) = 32
20892 1783913139.036769 recvfrom(100, 0x7fc3986860, 3200, MSG_DONTWAIT, NULL, NULL) = -1 EAGAIN (Try again)
20892 1783913139.036829 recvfrom(114, 0x7d0fd84020, 2272, MSG_DONTWAIT, NULL, NULL) = -1 EAGAIN (Try again)
21004 1783913139.040528 sendmsg(177, {msg_name=NULL, msg_namelen=0, msg_iov=[{iov_base="l\1\1\1\374\0\0\0\262\1\0\0\235\0\0\0\1\1o\0;\0\0\0/re/frid"..., iov_len=428}], msg_iovlen=1, msg_controllen=0, msg_flags=0}, MSG_NOSIGNAL) = 428
20892 1783913139.076962 recvfrom(100, 0x7fc3985d70, 3200, MSG_DONTWAIT, NULL, NULL) = -1 EAGAIN (Try again)
20892 1783913139.085562 recvfrom(100, "nysv\0\0\0\0\0\0\0\0\0\0\0\0\273\\F\262\227\1\0\0\250\227\1\0\0\0\0\0", 3200, MSG_DONTWAIT, NULL, NULL) = 32
20892 1783913139.085796 recvfrom(100, 0x7fc3986860, 3200, MSG_DONTWAIT, NULL, NULL) = -1 EAGAIN (Try again)
20892 1783913139.087682 recvfrom(100, 0x7fc3986760, 3200, MSG_DONTWAIT, NULL, NULL) = -1 EAGAIN (Try again)
21004 1783913139.088455 sendmsg(177, {msg_name=NULL, msg_namelen=0, msg_iov=[{iov_base="l\1\1\1\374\0\0\0\263\1\0\0\235\0\0\0\1\1o\0;\0\0\0/re/frid"..., iov_len=428}], msg_iovlen=1, msg_controllen=0, msg_flags=0}, MSG_NOSIGNAL) = 428
20892 1783913139.107990 recvfrom(100, "nysv\0\0\0\0\0\0\0\0\0\0\0\0\270\226C\263\227\1\0\0\251\227\1\0\0\0\0\0", 3200, MSG_DONTWAIT, NULL, NULL) = 32
20892 1783913139.108129 recvfrom(100, 0x7fc3986860, 3200, MSG_DONTWAIT, NULL, NULL) = -1 EAGAIN (Try again)
21004 1783913139.108609 sendmsg(177, {msg_name=NULL, msg_namelen=0, msg_iov=[{iov_base="l\1\1\1\374\0\0\0\264\1\0\0\235\0\0\0\1\1o\0;\0\0\0/re/frid"..., iov_len=428}], msg_iovlen=1, msg_controllen=0, msg_flags=0}, MSG_NOSIGNAL) = 428
20953 1783913139.295556 sendto(110, "\220\0\0\0\0\0\0\0\5\0\0\0\0\0\0\0\0\0\0\0\0\0\0\0\332G\20\352\202\24\311A"..., 144, MSG_NOSIGNAL, NULL, 0) = 144
20953 1783913139.295688 sendto(110, "\230\0\0\0\0\0\0\0\5\0\0\0\0\0\0\0\0\0\0\0\0\0\0\0\332G\20\352\202\24\311A"..., 152, MSG_NOSIGNAL, NULL, 0) = 152
20953 1783913139.296233 openat(AT_FDCWD, "/proc/self/statm", O_RDONLY) = 156
20953 1783913139.296343 openat(AT_FDCWD, "/proc/20892/status", O_RDONLY|O_CLOEXEC) = 159
20953 1783913139.296485 openat(AT_FDCWD, "/proc/20892/stat", O_RDONLY|O_CLOEXEC) = 159
20953 1783913139.296616 openat(AT_FDCWD, "/proc/self/status", O_RDONLY|O_CLOEXEC) = 159
20953 1783913139.296832 openat(AT_FDCWD, "/proc/self/clear_refs", O_WRONLY) = 159
20953 1783913139.296864 openat(AT_FDCWD, "/proc/self/pagemap", O_RDONLY) = 159
20952 1783913139.297669 recvmsg(110, {msg_name=NULL, msg_namelen=0, msg_iov=[{iov_base="\330\t\0\0\0\0\0\0\5\0\0\0\0\0\0\0\0\0\0\0\0\0\0\0\304GJd\n\207\220\275"..., iov_len=4096}], msg_iovlen=1, msg_controllen=0, msg_flags=0}, MSG_DONTWAIT) = 2520
20952 1783913139.300584 recvmsg(110, {msg_name=NULL, msg_namelen=0, msg_iov=[{iov_base="pa\0\0\0\0\0\0\5\0\0\0\0\0\0\0\0\0\0\0\0\0\0\0\304GJd\n\207\220\275"..., iov_len=4096}], msg_iovlen=1, msg_controllen=0, msg_flags=0}, MSG_DONTWAIT) = 4096
20952 1783913139.301307 recvmsg(110, {msg_name=NULL, msg_namelen=0, msg_iov=[{iov_base="TW}\325\327\\\254\1\30\0\0\0\0\0\0\0\0\0\0\0\0\0\0\0(\0\0\0\0\0\0\0"..., iov_len=20848}], msg_iovlen=1, msg_controllen=0, msg_flags=0}, MSG_DONTWAIT) = 20848
20892 1783913139.536894 recvfrom(100, 0x7fc3986420, 3200, MSG_DONTWAIT, NULL, NULL) = -1 EAGAIN (Try again)
20892 1783913139.552328 recvfrom(100, "nysv\0\0\0\0\0\0\0\0\0\0\0\0%(\26\316\227\1\0\0\304\227\1\0\0\0\0\0", 3200, MSG_DONTWAIT, NULL, NULL) = 32
20892 1783913139.552397 recvfrom(100, 0x7fc3986860, 3200, MSG_DONTWAIT, NULL, NULL) = -1 EAGAIN (Try again)
20892 1783913139.552429 recvfrom(114, 0x7d0fd84020, 2272, MSG_DONTWAIT, NULL, NULL) = -1 EAGAIN (Try again)
21004 1783913139.554836 sendmsg(177, {msg_name=NULL, msg_namelen=0, msg_iov=[{iov_base="l\1\1\1\374\0\0\0\265\1\0\0\235\0\0\0\1\1o\0;\0\0\0/re/frid"..., iov_len=428}], msg_iovlen=1, msg_controllen=0, msg_flags=0}, MSG_NOSIGNAL) = 428
20892 1783913139.582345 recvfrom(100, 0x7fc3985d70, 3200, MSG_DONTWAIT, NULL, NULL) = -1 EAGAIN (Try again)
20892 1783913139.585389 recvfrom(100, "nysv\0\0\0\0\0\0\0\0\0\0\0\0\33q\23\320\227\1\0\0\306\227\1\0\0\0\0\0", 3200, MSG_DONTWAIT, NULL, NULL) = 32
20892 1783913139.585409 recvfrom(100, 0x7fc3986860, 3200, MSG_DONTWAIT, NULL, NULL) = -1 EAGAIN (Try again)
20892 1783913139.587947 recvfrom(100, 0x7fc3986760, 3200, MSG_DONTWAIT, NULL, NULL) = -1 EAGAIN (Try again)
21004 1783913139.588491 sendmsg(177, {msg_name=NULL, msg_namelen=0, msg_iov=[{iov_base="l\1\1\1\374\0\0\0\266\1\0\0\235\0\0\0\1\1o\0;\0\0\0/re/frid"..., iov_len=428}], msg_iovlen=1, msg_controllen=0, msg_flags=0}, MSG_NOSIGNAL) = 428
20892 1783913139.603396 recvfrom(100, "nysv\0\0\0\0\0\0\0\0\0\0\0\0u\277\21\321\227\1\0\0\307\227\1\0\0\0\0\0", 3200, MSG_DONTWAIT, NULL, NULL) = 32
20892 1783913139.603415 recvfrom(100, 0x7fc3986860, 3200, MSG_DONTWAIT, NULL, NULL) = -1 EAGAIN (Try again)
21004 1783913139.603941 sendmsg(177, {msg_name=NULL, msg_namelen=0, msg_iov=[{iov_base="l\1\1\1\374\0\0\0\267\1\0\0\235\0\0\0\1\1o\0;\0\0\0/re/frid"..., iov_len=428}], msg_iovlen=1, msg_controllen=0, msg_flags=0}, MSG_NOSIGNAL) = 428
20892 1783913140.039278 recvfrom(100, 0x7fc3986420, 3200, MSG_DONTWAIT, NULL, NULL) = -1 EAGAIN (Try again)
20892 1783913140.055720 recvfrom(100, "nysv\0\0\0\0\0\0\0\0\0\0\0\0AH\343\353\227\1\0\0\342\227\1\0\0\0\0\0", 3200, MSG_DONTWAIT, NULL, NULL) = 32
20892 1783913140.056218 recvfrom(100, 0x7fc3986860, 3200, MSG_DONTWAIT, NULL, NULL) = -1 EAGAIN (Try again)
20892 1783913140.056360 recvfrom(114, 0x7d0fd84020, 2272, MSG_DONTWAIT, NULL, NULL) = -1 EAGAIN (Try again)
21004 1783913140.060676 sendmsg(177, {msg_name=NULL, msg_namelen=0, msg_iov=[{iov_base="l\1\1\1\374\0\0\0\270\1\0\0\235\0\0\0\1\1o\0;\0\0\0/re/frid"..., iov_len=428}], msg_iovlen=1, msg_controllen=0, msg_flags=0}, MSG_NOSIGNAL) = 428
20892 1783913140.098160 recvfrom(100, 0x7fc3985d70, 3200, MSG_DONTWAIT, NULL, NULL) = -1 EAGAIN (Try again)
20892 1783913140.101956 recvfrom(100, "nysv\0\0\0\0\0\0\0\0\0\0\0\0\2063\337\356\227\1\0\0\345\227\1\0\0\0\0\0", 3200, MSG_DONTWAIT, NULL, NULL) = 32
20892 1783913140.102011 recvfrom(100, 0x7fc3986860, 3200, MSG_DONTWAIT, NULL, NULL) = -1 EAGAIN (Try again)
20892 1783913140.104432 recvfrom(100, 0x7fc3986760, 3200, MSG_DONTWAIT, NULL, NULL) = -1 EAGAIN (Try again)
21004 1783913140.106274 sendmsg(177, {msg_name=NULL, msg_namelen=0, msg_iov=[{iov_base="l\1\1\1\374\0\0\0\271\1\0\0\235\0\0\0\1\1o\0;\0\0\0/re/frid"..., iov_len=428}], msg_iovlen=1, msg_controllen=0, msg_flags=0}, MSG_NOSIGNAL) = 428
20892 1783913140.121956 recvfrom(100, "nysv\0\0\0\0\0\0\0\0\0\0\0\0\206\20\335\357\227\1\0\0\346\227\1\0\0\0\0\0", 3200, MSG_DONTWAIT, NULL, NULL) = 32
20892 1783913140.121978 recvfrom(100, 0x7fc3986860, 3200, MSG_DONTWAIT, NULL, NULL) = -1 EAGAIN (Try again)
21004 1783913140.122742 sendmsg(177, {msg_name=NULL, msg_namelen=0, msg_iov=[{iov_base="l\1\1\1\374\0\0\0\272\1\0\0\235\0\0\0\1\1o\0;\0\0\0/re/frid"..., iov_len=428}], msg_iovlen=1, msg_controllen=0, msg_flags=0}, MSG_NOSIGNAL) = 428
20892 1783913140.542005 recvfrom(100, 0x7fc3986420, 3200, MSG_DONTWAIT, NULL, NULL) = -1 EAGAIN (Try again)
20892 1783913140.554454 recvfrom(100, "nysv\0\0\0\0\0\0\0\0\0\0\0\0-\255\260\t\230\1\0\0\0\230\1\0\200\0\0\0", 3200, MSG_DONTWAIT, NULL, NULL) = 32
20892 1783913140.554772 recvfrom(100, 0x7fc3986860, 3200, MSG_DONTWAIT, NULL, NULL) = -1 EAGAIN (Try again)
20892 1783913140.555309 recvfrom(114, 0x7d0fd84020, 2272, MSG_DONTWAIT, NULL, NULL) = -1 EAGAIN (Try again)
21004 1783913140.559168 sendmsg(177, {msg_name=NULL, msg_namelen=0, msg_iov=[{iov_base="l\1\1\1\374\0\0\0\273\1\0\0\235\0\0\0\1\1o\0;\0\0\0/re/frid"..., iov_len=428}], msg_iovlen=1, msg_controllen=0, msg_flags=0}, MSG_NOSIGNAL) = 428
20892 1783913140.594953 recvfrom(100, 0x7fc3985d70, 3200, MSG_DONTWAIT, NULL, NULL) = -1 EAGAIN (Try again)
20892 1783913140.602504 recvfrom(100, "nysv\0\0\0\0\0\0\0\0\0\0\0\0\304\206\254\f\230\1\0\0\3\230\1\0\0\0\0\0", 3200, MSG_DONTWAIT, NULL, NULL) = 32
20892 1783913140.602554 recvfrom(100, 0x7fc3986860, 3200, MSG_DONTWAIT, NULL, NULL) = -1 EAGAIN (Try again)
20892 1783913140.604332 recvfrom(100, 0x7fc3986760, 3200, MSG_DONTWAIT, NULL, NULL) = -1 EAGAIN (Try again)
21004 1783913140.605275 sendmsg(177, {msg_name=NULL, msg_namelen=0, msg_iov=[{iov_base="l\1\1\1\374\0\0\0\274\1\0\0\235\0\0\0\1\1o\0;\0\0\0/re/frid"..., iov_len=428}], msg_iovlen=1, msg_controllen=0, msg_flags=0}, MSG_NOSIGNAL) = 428
20892 1783913140.624057 recvfrom(100, "nysv\0\0\0\0\0\0\0\0\0\0\0\0\325\355\251\r\230\1\0\0\4\230\1\0\0\0\0\0", 3200, MSG_DONTWAIT, NULL, NULL) = 32
20892 1783913140.624101 recvfrom(100, 0x7fc3986860, 3200, MSG_DONTWAIT, NULL, NULL) = -1 EAGAIN (Try again)
21004 1783913140.624945 sendmsg(177, {msg_name=NULL, msg_namelen=0, msg_iov=[{iov_base="l\1\1\1\374\0\0\0\275\1\0\0\235\0\0\0\1\1o\0;\0\0\0/re/frid"..., iov_len=428}], msg_iovlen=1, msg_controllen=0, msg_flags=0}, MSG_NOSIGNAL) = 428
20892 1783913141.045191 recvfrom(100, 0x7fc3986420, 3200, MSG_DONTWAIT, NULL, NULL) = -1 EAGAIN (Try again)
20892 1783913141.055223 recvfrom(100, "nysv\0\0\0\0\0\0\0\0\0\0\0\0\31\22~'\230\1\0\0\35\230\1\0\0\0\0\0", 3200, MSG_DONTWAIT, NULL, NULL) = 32
20892 1783913141.055336 recvfrom(100, 0x7fc3986860, 3200, MSG_DONTWAIT, NULL, NULL) = -1 EAGAIN (Try again)
20892 1783913141.055668 recvfrom(114, 0x7d0fd84020, 2272, MSG_DONTWAIT, NULL, NULL) = -1 EAGAIN (Try again)
21004 1783913141.060610 sendmsg(177, {msg_name=NULL, msg_namelen=0, msg_iov=[{iov_base="l\1\1\1\374\0\0\0\276\1\0\0\235\0\0\0\1\1o\0;\0\0\0/re/frid"..., iov_len=428}], msg_iovlen=1, msg_controllen=0, msg_flags=0}, MSG_NOSIGNAL) = 428
20892 1783913141.097974 recvfrom(100, 0x7fc3985d70, 3200, MSG_DONTWAIT, NULL, NULL) = -1 EAGAIN (Try again)
20892 1783913141.102079 recvfrom(100, "nysv\0\0\0\0\0\0\0\0\0\0\0\0\212\374y*\230\1\0\0 \230\1\0\0\0\0\0", 3200, MSG_DONTWAIT, NULL, NULL) = 32
20892 1783913141.102129 recvfrom(100, 0x7fc3986860, 3200, MSG_DONTWAIT, NULL, NULL) = -1 EAGAIN (Try again)
20892 1783913141.104588 recvfrom(100, 0x7fc3986760, 3200, MSG_DONTWAIT, NULL, NULL) = -1 EAGAIN (Try again)
21004 1783913141.105066 sendmsg(177, {msg_name=NULL, msg_namelen=0, msg_iov=[{iov_base="l\1\1\1\374\0\0\0\277\1\0\0\235\0\0\0\1\1o\0;\0\0\0/re/frid"..., iov_len=428}], msg_iovlen=1, msg_controllen=0, msg_flags=0}, MSG_NOSIGNAL) = 428
20892 1783913141.123171 recvfrom(100, "nysv\0\0\0\0\0\0\0\0\0\0\0\0\374\215w+\230\1\0\0!\230\1\0\0\0\0\0", 3200, MSG_DONTWAIT, NULL, NULL) = 32
20892 1783913141.123201 recvfrom(100, 0x7fc3986860, 3200, MSG_DONTWAIT, NULL, NULL) = -1 EAGAIN (Try again)
21004 1783913141.123811 sendmsg(177, {msg_name=NULL, msg_namelen=0, msg_iov=[{iov_base="l\1\1\1\374\0\0\0\300\1\0\0\235\0\0\0\1\1o\0;\0\0\0/re/frid"..., iov_len=428}], msg_iovlen=1, msg_controllen=0, msg_flags=0}, MSG_NOSIGNAL) = 428
20892 1783913141.549120 recvfrom(100, 0x7fc3986420, 3200, MSG_DONTWAIT, NULL, NULL) = -1 EAGAIN (Try again)
20892 1783913141.553342 recvfrom(100, "nysv\0\0\0\0\0\0\0\0\0\0\0\0f\207KE\230\1\0\0;\230\1\0\0\0\0\0", 3200, MSG_DONTWAIT, NULL, NULL) = 32
20892 1783913141.553491 recvfrom(100, 0x7fc3986860, 3200, MSG_DONTWAIT, NULL, NULL) = -1 EAGAIN (Try again)
20892 1783913141.553555 recvfrom(114, 0x7d0fd84020, 2272, MSG_DONTWAIT, NULL, NULL) = -1 EAGAIN (Try again)
21004 1783913141.556460 sendmsg(177, {msg_name=NULL, msg_namelen=0, msg_iov=[{iov_base="l\1\1\1\374\0\0\0\301\1\0\0\235\0\0\0\1\1o\0;\0\0\0/re/frid"..., iov_len=428}], msg_iovlen=1, msg_controllen=0, msg_flags=0}, MSG_NOSIGNAL) = 428
20892 1783913141.585968 recvfrom(100, 0x7fc3985d70, 3200, MSG_DONTWAIT, NULL, NULL) = -1 EAGAIN (Try again)
20892 1783913141.602374 recvfrom(100, "nysv\0\0\0\0\0\0\0\0\0\0\0\0\305mGH\230\1\0\0>\230\1\0\0\0\0\0", 3200, MSG_DONTWAIT, NULL, NULL) = 32
20892 1783913141.602564 recvfrom(100, 0x7fc3986860, 3200, MSG_DONTWAIT, NULL, NULL) = -1 EAGAIN (Try again)
20892 1783913141.608210 recvfrom(100, 0x7fc3986760, 3200, MSG_DONTWAIT, NULL, NULL) = -1 EAGAIN (Try again)
21004 1783913141.609079 sendmsg(177, {msg_name=NULL, msg_namelen=0, msg_iov=[{iov_base="l\1\1\1\374\0\0\0\302\1\0\0\235\0\0\0\1\1o\0;\0\0\0/re/frid"..., iov_len=428}], msg_iovlen=1, msg_controllen=0, msg_flags=0}, MSG_NOSIGNAL) = 428
20892 1783913141.619748 recvfrom(100, "nysv\0\0\0\0\0\0\0\0\0\0\0\0j\314EI\230\1\0\0?\230\1\0\0\0\0\0", 3200, MSG_DONTWAIT, NULL, NULL) = 32
20892 1783913141.619826 recvfrom(100, 0x7fc3986860, 3200, MSG_DONTWAIT, NULL, NULL) = -1 EAGAIN (Try again)
21004 1783913141.620291 sendmsg(177, {msg_name=NULL, msg_namelen=0, msg_iov=[{iov_base="l\1\1\1\374\0\0\0\303\1\0\0\235\0\0\0\1\1o\0;\0\0\0/re/frid"..., iov_len=428}], msg_iovlen=1, msg_controllen=0, msg_flags=0}, MSG_NOSIGNAL) = 428
20892 1783913142.050904 recvfrom(100, 0x7fc3986420, 3200, MSG_DONTWAIT, NULL, NULL) = -1 EAGAIN (Try again)
20892 1783913142.052152 recvfrom(100, "nysv\0\0\0\0\0\0\0\0\0\0\0\0\351*\31c\230\1\0\0Y\230\1\0\0\0\0\0", 3200, MSG_DONTWAIT, NULL, NULL) = 32
20892 1783913142.052293 recvfrom(100, 0x7fc3986860, 3200, MSG_DONTWAIT, NULL, NULL) = -1 EAGAIN (Try again)
20892 1783913142.052379 recvfrom(114, 0x7d0fd84020, 2272, MSG_DONTWAIT, NULL, NULL) = -1 EAGAIN (Try again)
21004 1783913142.054544 sendmsg(177, {msg_name=NULL, msg_namelen=0, msg_iov=[{iov_base="l\1\1\1\374\0\0\0\304\1\0\0\235\0\0\0\1\1o\0;\0\0\0/re/frid"..., iov_len=428}], msg_iovlen=1, msg_controllen=0, msg_flags=0}, MSG_NOSIGNAL) = 428
20892 1783913142.081141 recvfrom(100, 0x7fc3985d70, 3200, MSG_DONTWAIT, NULL, NULL) = -1 EAGAIN (Try again)
20892 1783913142.085455 recvfrom(100, "nysv\0\0\0\0\0\0\0\0\0\0\0\0up\26e\230\1\0\0[\230\1\0\0\0\0\0", 3200, MSG_DONTWAIT, NULL, NULL) = 32
20892 1783913142.085691 recvfrom(100, 0x7fc3986860, 3200, MSG_DONTWAIT, NULL, NULL) = -1 EAGAIN (Try again)
20892 1783913142.088165 recvfrom(100, 0x7fc3986760, 3200, MSG_DONTWAIT, NULL, NULL) = -1 EAGAIN (Try again)
21004 1783913142.088850 sendmsg(177, {msg_name=NULL, msg_namelen=0, msg_iov=[{iov_base="l\1\1\1\374\0\0\0\305\1\0\0\235\0\0\0\1\1o\0;\0\0\0/re/frid"..., iov_len=428}], msg_iovlen=1, msg_controllen=0, msg_flags=0}, MSG_NOSIGNAL) = 428
20892 1783913142.106706 recvfrom(100, "nysv\0\0\0\0\0\0\0\0\0\0\0\0\r\364\23f\230\1\0\0\\\230\1\0\0\0\0\0", 3200, MSG_DONTWAIT, NULL, NULL) = 32
20892 1783913142.106736 recvfrom(100, 0x7fc3986860, 3200, MSG_DONTWAIT, NULL, NULL) = -1 EAGAIN (Try again)
21004 1783913142.107322 sendmsg(177, {msg_name=NULL, msg_namelen=0, msg_iov=[{iov_base="l\1\1\1\374\0\0\0\306\1\0\0\235\0\0\0\1\1o\0;\0\0\0/re/frid"..., iov_len=428}], msg_iovlen=1, msg_controllen=0, msg_flags=0}, MSG_NOSIGNAL) = 428
20892 1783913142.553235 recvfrom(100, 0x7fc3986420, 3200, MSG_DONTWAIT, NULL, NULL) = -1 EAGAIN (Try again)
20892 1783913142.569225 recvfrom(100, "nysv\0\0\0\0\0\0\0\0\0\0\0\0G(\345\201\230\1\0\0x\230\1\0\0\0\0\0", 3200, MSG_DONTWAIT, NULL, NULL) = 32
20892 1783913142.569396 recvfrom(100, 0x7fc3986860, 3200, MSG_DONTWAIT, NULL, NULL) = -1 EAGAIN (Try again)
20892 1783913142.569729 recvfrom(114, 0x7d0fd84020, 2272, MSG_DONTWAIT, NULL, NULL) = -1 EAGAIN (Try again)
21004 1783913142.573977 sendmsg(177, {msg_name=NULL, msg_namelen=0, msg_iov=[{iov_base="l\1\1\1\374\0\0\0\307\1\0\0\235\0\0\0\1\1o\0;\0\0\0/re/frid"..., iov_len=428}], msg_iovlen=1, msg_controllen=0, msg_flags=0}, MSG_NOSIGNAL) = 428
20892 1783913142.606353 recvfrom(100, 0x7fc3985d70, 3200, MSG_DONTWAIT, NULL, NULL) = -1 EAGAIN (Try again)
20892 1783913142.619305 recvfrom(100, "nysv\0\0\0\0\0\0\0\0\0\0\0\0]\346\340\204\230\1\0\0{\230\1\0\0\0\0\0", 3200, MSG_DONTWAIT, NULL, NULL) = 32
20892 1783913142.619347 recvfrom(100, 0x7fc3986860, 3200, MSG_DONTWAIT, NULL, NULL) = -1 EAGAIN (Try again)
20892 1783913142.625401 recvfrom(100, 0x7fc3986760, 3200, MSG_DONTWAIT, NULL, NULL) = -1 EAGAIN (Try again)
21004 1783913142.625911 sendmsg(177, {msg_name=NULL, msg_namelen=0, msg_iov=[{iov_base="l\1\1\1\374\0\0\0\310\1\0\0\235\0\0\0\1\1o\0;\0\0\0/re/frid"..., iov_len=428}], msg_iovlen=1, msg_controllen=0, msg_flags=0}, MSG_NOSIGNAL) = 428
20892 1783913142.636934 recvfrom(100, "nysv\0\0\0\0\0\0\0\0\0\0\0\0\277&\337\205\230\1\0\0|\230\1\0\0\0\0\0", 3200, MSG_DONTWAIT, NULL, NULL) = 32
20892 1783913142.637011 recvfrom(100, 0x7fc3986860, 3200, MSG_DONTWAIT, NULL, NULL) = -1 EAGAIN (Try again)
21004 1783913142.637485 sendmsg(177, {msg_name=NULL, msg_namelen=0, msg_iov=[{iov_base="l\1\1\1\374\0\0\0\311\1\0\0\235\0\0\0\1\1o\0;\0\0\0/re/frid"..., iov_len=428}], msg_iovlen=1, msg_controllen=0, msg_flags=0}, MSG_NOSIGNAL) = 428
20892 1783913143.057447 recvfrom(100, 0x7fc3986420, 3200, MSG_DONTWAIT, NULL, NULL) = -1 EAGAIN (Try again)
20892 1783913143.070638 recvfrom(100, "nysv\0\0\0\0\0\0\0\0\0\0\0\0\363\365\261\237\230\1\0\0\226\230\1\0\0\0\0\0", 3200, MSG_DONTWAIT, NULL, NULL) = 32
20892 1783913143.070766 recvfrom(100, 0x7fc3986860, 3200, MSG_DONTWAIT, NULL, NULL) = -1 EAGAIN (Try again)
20892 1783913143.070958 recvfrom(114, 0x7d0fd84020, 2272, MSG_DONTWAIT, NULL, NULL) = -1 EAGAIN (Try again)
21004 1783913143.074823 sendmsg(177, {msg_name=NULL, msg_namelen=0, msg_iov=[{iov_base="l\1\1\1\374\0\0\0\312\1\0\0\235\0\0\0\1\1o\0;\0\0\0/re/frid"..., iov_len=428}], msg_iovlen=1, msg_controllen=0, msg_flags=0}, MSG_NOSIGNAL) = 428
20892 1783913143.107450 recvfrom(100, 0x7fc3985d70, 3200, MSG_DONTWAIT, NULL, NULL) = -1 EAGAIN (Try again)
20892 1783913143.119044 recvfrom(100, "nysv\0\0\0\0\0\0\0\0\0\0\0\0H\311\255\242\230\1\0\0\231\230\1\0\0\0\0\0", 3200, MSG_DONTWAIT, NULL, NULL) = 32
20892 1783913143.119079 recvfrom(100, 0x7fc3986860, 3200, MSG_DONTWAIT, NULL, NULL) = -1 EAGAIN (Try again)
20892 1783913143.120722 recvfrom(100, 0x7fc3986760, 3200, MSG_DONTWAIT, NULL, NULL) = -1 EAGAIN (Try again)
21004 1783913143.121562 sendmsg(177, {msg_name=NULL, msg_namelen=0, msg_iov=[{iov_base="l\1\1\1\374\0\0\0\313\1\0\0\235\0\0\0\1\1o\0;\0\0\0/re/frid"..., iov_len=428}], msg_iovlen=1, msg_controllen=0, msg_flags=0}, MSG_NOSIGNAL) = 428
20892 1783913143.136445 recvfrom(100, "nysv\0\0\0\0\0\0\0\0\0\0\0\0b(\254\243\230\1\0\0\232\230\1\0\0\0\0\0", 3200, MSG_DONTWAIT, NULL, NULL) = 32
20892 1783913143.136493 recvfrom(100, 0x7fc3986860, 3200, MSG_DONTWAIT, NULL, NULL) = -1 EAGAIN (Try again)
21004 1783913143.137071 sendmsg(177, {msg_name=NULL, msg_namelen=0, msg_iov=[{iov_base="l\1\1\1\374\0\0\0\314\1\0\0\235\0\0\0\1\1o\0;\0\0\0/re/frid"..., iov_len=428}], msg_iovlen=1, msg_controllen=0, msg_flags=0}, MSG_NOSIGNAL) = 428
20892 1783913143.559891 recvfrom(100, 0x7fc3986420, 3200, MSG_DONTWAIT, NULL, NULL) = -1 EAGAIN (Try again)
20892 1783913143.572773 recvfrom(100, "nysv\0\0\0\0\0\0\0\0\0\0\0\0\337Z\177\275\230\1\0\0\263\230\1\0\0\0\0\0", 3200, MSG_DONTWAIT, NULL, NULL) = 32
20892 1783913143.572865 recvfrom(100, 0x7fc3986860, 3200, MSG_DONTWAIT, NULL, NULL) = -1 EAGAIN (Try again)
20892 1783913143.573125 recvfrom(114, 0x7d0fd84020, 2272, MSG_DONTWAIT, NULL, NULL) = -1 EAGAIN (Try again)
21004 1783913143.576589 sendmsg(177, {msg_name=NULL, msg_namelen=0, msg_iov=[{iov_base="l\1\1\1\374\0\0\0\315\1\0\0\235\0\0\0\1\1o\0;\0\0\0/re/frid"..., iov_len=428}], msg_iovlen=1, msg_controllen=0, msg_flags=0}, MSG_NOSIGNAL) = 428
20892 1783913143.608002 recvfrom(100, 0x7fc3985d70, 3200, MSG_DONTWAIT, NULL, NULL) = -1 EAGAIN (Try again)
20892 1783913143.618685 recvfrom(100, "nysv\0\0\0\0\0\0\0\0\0\0\0\0\346I{\300\230\1\0\0\266\230\1\0\0\0\0\0", 3200, MSG_DONTWAIT, NULL, NULL) = 32
20892 1783913143.618725 recvfrom(100, 0x7fc3986860, 3200, MSG_DONTWAIT, NULL, NULL) = -1 EAGAIN (Try again)
20892 1783913143.621978 recvfrom(100, 0x7fc3986760, 3200, MSG_DONTWAIT, NULL, NULL) = -1 EAGAIN (Try again)
21004 1783913143.622896 sendmsg(177, {msg_name=NULL, msg_namelen=0, msg_iov=[{iov_base="l\1\1\1\374\0\0\0\316\1\0\0\235\0\0\0\1\1o\0;\0\0\0/re/frid"..., iov_len=428}], msg_iovlen=1, msg_controllen=0, msg_flags=0}, MSG_NOSIGNAL) = 428
20892 1783913143.636358 recvfrom(100, "nysv\0\0\0\0\0\0\0\0\0\0\0\0\201\254y\301\230\1\0\0\267\230\1\0\0\0\0\0", 3200, MSG_DONTWAIT, NULL, NULL) = 32
20892 1783913143.636432 recvfrom(100, 0x7fc3986860, 3200, MSG_DONTWAIT, NULL, NULL) = -1 EAGAIN (Try again)
21004 1783913143.636905 sendmsg(177, {msg_name=NULL, msg_namelen=0, msg_iov=[{iov_base="l\1\1\1\374\0\0\0\317\1\0\0\235\0\0\0\1\1o\0;\0\0\0/re/frid"..., iov_len=428}], msg_iovlen=1, msg_controllen=0, msg_flags=0}, MSG_NOSIGNAL) = 428
20892 1783913144.063210 recvfrom(100, 0x7fc3986420, 3200, MSG_DONTWAIT, NULL, NULL) = -1 EAGAIN (Try again)
20892 1783913144.071186 recvfrom(100, "nysv\0\0\0\0\0\0\0\0\0\0\0\0\313\277L\333\230\1\0\0\320\230\1\0\0\0\0\0", 3200, MSG_DONTWAIT, NULL, NULL) = 32
20892 1783913144.071280 recvfrom(100, 0x7fc3986860, 3200, MSG_DONTWAIT, NULL, NULL) = -1 EAGAIN (Try again)
20892 1783913144.071376 recvfrom(114, 0x7d0fd84020, 2272, MSG_DONTWAIT, NULL, NULL) = -1 EAGAIN (Try again)
21004 1783913144.075083 sendmsg(177, {msg_name=NULL, msg_namelen=0, msg_iov=[{iov_base="l\1\1\1\374\0\0\0\320\1\0\0\235\0\0\0\1\1o\0;\0\0\0/re/frid"..., iov_len=428}], msg_iovlen=1, msg_controllen=0, msg_flags=0}, MSG_NOSIGNAL) = 428
20892 1783913144.108155 recvfrom(100, 0x7fc3985d70, 3200, MSG_DONTWAIT, NULL, NULL) = -1 EAGAIN (Try again)
20892 1783913144.118735 recvfrom(100, "nysv\0\0\0\0\0\0\0\0\0\0\0\0C\251H\336\230\1\0\0\323\230\1\0\0\0\0\0", 3200, MSG_DONTWAIT, NULL, NULL) = 32
20892 1783913144.118811 recvfrom(100, 0x7fc3986860, 3200, MSG_DONTWAIT, NULL, NULL) = -1 EAGAIN (Try again)
20892 1783913144.124985 recvfrom(100, 0x7fc3986760, 3200, MSG_DONTWAIT, NULL, NULL) = -1 EAGAIN (Try again)
21004 1783913144.125611 sendmsg(177, {msg_name=NULL, msg_namelen=0, msg_iov=[{iov_base="l\1\1\1\374\0\0\0\321\1\0\0\235\0\0\0\1\1o\0;\0\0\0/re/frid"..., iov_len=428}], msg_iovlen=1, msg_controllen=0, msg_flags=0}, MSG_NOSIGNAL) = 428
20892 1783913144.136972 recvfrom(100, "nysv\0\0\0\0\0\0\0\0\0\0\0\0\352\345F\337\230\1\0\0\324\230\1\0\0\0\0\0", 3200, MSG_DONTWAIT, NULL, NULL) = 32
20892 1783913144.137059 recvfrom(100, 0x7fc3986860, 3200, MSG_DONTWAIT, NULL, NULL) = -1 EAGAIN (Try again)
21004 1783913144.137429 sendmsg(177, {msg_name=NULL, msg_namelen=0, msg_iov=[{iov_base="l\1\1\1\374\0\0\0\322\1\0\0\235\0\0\0\1\1o\0;\0\0\0/re/frid"..., iov_len=428}], msg_iovlen=1, msg_controllen=0, msg_flags=0}, MSG_NOSIGNAL) = 428
20892 1783913144.566790 recvfrom(100, 0x7fc3986420, 3200, MSG_DONTWAIT, NULL, NULL) = -1 EAGAIN (Try again)
20892 1783913144.569206 recvfrom(100, "nysv\0\0\0\0\0\0\0\0\0\0\0\0KZ\32\371\230\1\0\0\356\230\1\0\0\0\0\0", 3200, MSG_DONTWAIT, NULL, NULL) = 32
20892 1783913144.569249 recvfrom(100, 0x7fc3986860, 3200, MSG_DONTWAIT, NULL, NULL) = -1 EAGAIN (Try again)
20892 1783913144.569355 recvfrom(114, 0x7d0fd84020, 2272, MSG_DONTWAIT, NULL, NULL) = -1 EAGAIN (Try again)
21004 1783913144.572121 sendmsg(177, {msg_name=NULL, msg_namelen=0, msg_iov=[{iov_base="l\1\1\1\374\0\0\0\323\1\0\0\235\0\0\0\1\1o\0;\0\0\0/re/frid"..., iov_len=428}], msg_iovlen=1, msg_controllen=0, msg_flags=0}, MSG_NOSIGNAL) = 428
20892 1783913144.599958 recvfrom(100, 0x7fc3985d70, 3200, MSG_DONTWAIT, NULL, NULL) = -1 EAGAIN (Try again)
20892 1783913144.602093 recvfrom(100, "nysv\0\0\0\0\0\0\0\0\0\0\0\0\320\241\27\373\230\1\0\0\360\230\1\0\0\0\0\0", 3200, MSG_DONTWAIT, NULL, NULL) = 32
20892 1783913144.602122 recvfrom(100, 0x7fc3986860, 3200, MSG_DONTWAIT, NULL, NULL) = -1 EAGAIN (Try again)
20892 1783913144.604434 recvfrom(100, 0x7fc3986760, 3200, MSG_DONTWAIT, NULL, NULL) = -1 EAGAIN (Try again)
21004 1783913144.605417 sendmsg(177, {msg_name=NULL, msg_namelen=0, msg_iov=[{iov_base="l\1\1\1\374\0\0\0\324\1\0\0\235\0\0\0\1\1o\0;\0\0\0/re/frid"..., iov_len=428}], msg_iovlen=1, msg_controllen=0, msg_flags=0}, MSG_NOSIGNAL) = 428
20892 1783913144.621787 recvfrom(100, "nysv\0\0\0\0\0\0\0\0\0\0\0\0\374\216\25\374\230\1\0\0\361\230\1\0\0\0\0\0", 3200, MSG_DONTWAIT, NULL, NULL) = 32
20892 1783913144.621880 recvfrom(100, 0x7fc3986860, 3200, MSG_DONTWAIT, NULL, NULL) = -1 EAGAIN (Try again)
21004 1783913144.622295 sendmsg(177, {msg_name=NULL, msg_namelen=0, msg_iov=[{iov_base="l\1\1\1\374\0\0\0\325\1\0\0\235\0\0\0\1\1o\0;\0\0\0/re/frid"..., iov_len=428}], msg_iovlen=1, msg_controllen=0, msg_flags=0}, MSG_NOSIGNAL) = 428
20892 1783913145.072839 recvfrom(100, 0x7fc3986420, 3200, MSG_DONTWAIT, NULL, NULL) = -1 EAGAIN (Try again)
20892 1783913145.088604 recvfrom(100, "nysv\0\0\0\0\0\0\0\0\0\0\0\0\315\331\345\27\231\1\0\0\r\231\1\0\0\0\0\0", 3200, MSG_DONTWAIT, NULL, NULL) = 32
20892 1783913145.088706 recvfrom(100, 0x7fc3986860, 3200, MSG_DONTWAIT, NULL, NULL) = -1 EAGAIN (Try again)
20892 1783913145.088822 recvfrom(114, 0x7d0fd84020, 2272, MSG_DONTWAIT, NULL, NULL) = -1 EAGAIN (Try again)
21004 1783913145.093348 sendmsg(177, {msg_name=NULL, msg_namelen=0, msg_iov=[{iov_base="l\1\1\1\374\0\0\0\326\1\0\0\235\0\0\0\1\1o\0;\0\0\0/re/frid"..., iov_len=428}], msg_iovlen=1, msg_controllen=0, msg_flags=0}, MSG_NOSIGNAL) = 428
20892 1783913145.127480 recvfrom(100, 0x7fc3985d70, 3200, MSG_DONTWAIT, NULL, NULL) = -1 EAGAIN (Try again)
20892 1783913145.135307 recvfrom(100, "nysv\0\0\0\0\0\0\0\0\0\0\0\0\231\276\341\32\231\1\0\0\20\231\1\0\0\0\0\0", 3200, MSG_DONTWAIT, NULL, NULL) = 32
20892 1783913145.135367 recvfrom(100, 0x7fc3986860, 3200, MSG_DONTWAIT, NULL, NULL) = -1 EAGAIN (Try again)
20892 1783913145.139650 recvfrom(100, 0x7fc3986760, 3200, MSG_DONTWAIT, NULL, NULL) = -1 EAGAIN (Try again)
21004 1783913145.140144 sendmsg(177, {msg_name=NULL, msg_namelen=0, msg_iov=[{iov_base="l\1\1\1\374\0\0\0\327\1\0\0\235\0\0\0\1\1o\0;\0\0\0/re/frid"..., iov_len=428}], msg_iovlen=1, msg_controllen=0, msg_flags=0}, MSG_NOSIGNAL) = 428
20892 1783913145.152420 recvfrom(100, "nysv\0\0\0\0\0\0\0\0\0\0\0\0\261C\340\33\231\1\0\0\21\231\1\0\0\0\0\0", 3200, MSG_DONTWAIT, NULL, NULL) = 32
20892 1783913145.152452 recvfrom(100, 0x7fc3986860, 3200, MSG_DONTWAIT, NULL, NULL) = -1 EAGAIN (Try again)
21004 1783913145.152903 sendmsg(177, {msg_name=NULL, msg_namelen=0, msg_iov=[{iov_base="l\1\1\1\374\0\0\0\330\1\0\0\235\0\0\0\1\1o\0;\0\0\0/re/frid"..., iov_len=428}], msg_iovlen=1, msg_controllen=0, msg_flags=0}, MSG_NOSIGNAL) = 428
20892 1783913145.574030 recvfrom(100, 0x7fc3986420, 3200, MSG_DONTWAIT, NULL, NULL) = -1 EAGAIN (Try again)
20892 1783913145.589741 recvfrom(100, "nysv\0\0\0\0\0\0\0\0\0\0\0\0\271>\2635\231\1\0\0+\231\1\0\0\0\0\0", 3200, MSG_DONTWAIT, NULL, NULL) = 32
20892 1783913145.589861 recvfrom(100, 0x7fc3986860, 3200, MSG_DONTWAIT, NULL, NULL) = -1 EAGAIN (Try again)
20892 1783913145.590148 recvfrom(114, 0x7d0fd84020, 2272, MSG_DONTWAIT, NULL, NULL) = -1 EAGAIN (Try again)
21004 1783913145.595048 sendmsg(177, {msg_name=NULL, msg_namelen=0, msg_iov=[{iov_base="l\1\1\1\374\0\0\0\331\1\0\0\235\0\0\0\1\1o\0;\0\0\0/re/frid"..., iov_len=428}], msg_iovlen=1, msg_controllen=0, msg_flags=0}, MSG_NOSIGNAL) = 428
20892 1783913145.626539 recvfrom(100, 0x7fc3985d70, 3200, MSG_DONTWAIT, NULL, NULL) = -1 EAGAIN (Try again)
20892 1783913145.635373 recvfrom(100, "nysv\0\0\0\0\0\0\0\0\0\0\0\0\303&\2578\231\1\0\0.\231\1\0\0\0\0\0", 3200, MSG_DONTWAIT, NULL, NULL) = 32
20892 1783913145.635431 recvfrom(100, 0x7fc3986860, 3200, MSG_DONTWAIT, NULL, NULL) = -1 EAGAIN (Try again)
20892 1783913145.637940 recvfrom(100, 0x7fc3986760, 3200, MSG_DONTWAIT, NULL, NULL) = -1 EAGAIN (Try again)
21004 1783913145.638906 sendmsg(177, {msg_name=NULL, msg_namelen=0, msg_iov=[{iov_base="l\1\1\1\374\0\0\0\332\1\0\0\235\0\0\0\1\1o\0;\0\0\0/re/frid"..., iov_len=428}], msg_iovlen=1, msg_controllen=0, msg_flags=0}, MSG_NOSIGNAL) = 428
20892 1783913145.652212 recvfrom(100, "nysv\0\0\0\0\0\0\0\0\0\0\0\0\214\272\2559\231\1\0\0/\231\1\0\0\0\0\0", 3200, MSG_DONTWAIT, NULL, NULL) = 32
20892 1783913145.652302 recvfrom(100, 0x7fc3986860, 3200, MSG_DONTWAIT, NULL, NULL) = -1 EAGAIN (Try again)
21004 1783913145.652882 sendmsg(177, {msg_name=NULL, msg_namelen=0, msg_iov=[{iov_base="l\1\1\1\374\0\0\0\333\1\0\0\235\0\0\0\1\1o\0;\0\0\0/re/frid"..., iov_len=428}], msg_iovlen=1, msg_controllen=0, msg_flags=0}, MSG_NOSIGNAL) = 428
20892 1783913146.075872 recvfrom(100, 0x7fc3986420, 3200, MSG_DONTWAIT, NULL, NULL) = -1 EAGAIN (Try again)
20892 1783913146.088462 recvfrom(100, "nysv\0\0\0\0\0\0\0\0\0\0\0\0\245\243\200S\231\1\0\0I\231\1\0\0\0\0\0", 3200, MSG_DONTWAIT, NULL, NULL) = 32
20892 1783913146.088565 recvfrom(100, 0x7fc3986860, 3200, MSG_DONTWAIT, NULL, NULL) = -1 EAGAIN (Try again)
20892 1783913146.088758 recvfrom(114, 0x7d0fd84020, 2272, MSG_DONTWAIT, NULL, NULL) = -1 EAGAIN (Try again)
21004 1783913146.093169 sendmsg(177, {msg_name=NULL, msg_namelen=0, msg_iov=[{iov_base="l\1\1\1\374\0\0\0\334\1\0\0\235\0\0\0\1\1o\0;\0\0\0/re/frid"..., iov_len=428}], msg_iovlen=1, msg_controllen=0, msg_flags=0}, MSG_NOSIGNAL) = 428
20892 1783913146.123786 recvfrom(100, 0x7fc3985d70, 3200, MSG_DONTWAIT, NULL, NULL) = -1 EAGAIN (Try again)
20892 1783913146.135988 recvfrom(100, "nysv\0\0\0\0\0\0\0\0\0\0\0\0bj|V\231\1\0\0L\231\1\0\0\0\0\0", 3200, MSG_DONTWAIT, NULL, NULL) = 32
20892 1783913146.136031 recvfrom(100, 0x7fc3986860, 3200, MSG_DONTWAIT, NULL, NULL) = -1 EAGAIN (Try again)
20892 1783913146.141950 recvfrom(100, 0x7fc3986760, 3200, MSG_DONTWAIT, NULL, NULL) = -1 EAGAIN (Try again)
21004 1783913146.142673 sendmsg(177, {msg_name=NULL, msg_namelen=0, msg_iov=[{iov_base="l\1\1\1\374\0\0\0\335\1\0\0\235\0\0\0\1\1o\0;\0\0\0/re/frid"..., iov_len=428}], msg_iovlen=1, msg_controllen=0, msg_flags=0}, MSG_NOSIGNAL) = 428
20892 1783913146.153766 recvfrom(100, "nysv\0\0\0\0\0\0\0\0\0\0\0\0\274\240zW\231\1\0\0M\231\1\0\0\0\0\0", 3200, MSG_DONTWAIT, NULL, NULL) = 32
20892 1783913146.153798 recvfrom(100, 0x7fc3986860, 3200, MSG_DONTWAIT, NULL, NULL) = -1 EAGAIN (Try again)
21004 1783913146.154339 sendmsg(177, {msg_name=NULL, msg_namelen=0, msg_iov=[{iov_base="l\1\1\1\374\0\0\0\336\1\0\0\235\0\0\0\1\1o\0;\0\0\0/re/frid"..., iov_len=428}], msg_iovlen=1, msg_controllen=0, msg_flags=0}, MSG_NOSIGNAL) = 428
20892 1783913146.578382 recvfrom(100, 0x7fc3986420, 3200, MSG_DONTWAIT, NULL, NULL) = -1 EAGAIN (Try again)
20892 1783913146.586568 recvfrom(100, "nysv\0\0\0\0\0\0\0\0\0\0\0\0>)Nq\231\1\0\0g\231\1\0\0\0\0\0", 3200, MSG_DONTWAIT, NULL, NULL) = 32
20892 1783913146.586711 recvfrom(100, 0x7fc3986860, 3200, MSG_DONTWAIT, NULL, NULL) = -1 EAGAIN (Try again)
20892 1783913146.586797 recvfrom(114, 0x7d0fd84020, 2272, MSG_DONTWAIT, NULL, NULL) = -1 EAGAIN (Try again)
21004 1783913146.590407 sendmsg(177, {msg_name=NULL, msg_namelen=0, msg_iov=[{iov_base="l\1\1\1\374\0\0\0\337\1\0\0\235\0\0\0\1\1o\0;\0\0\0/re/frid"..., iov_len=428}], msg_iovlen=1, msg_controllen=0, msg_flags=0}, MSG_NOSIGNAL) = 428
20892 1783913146.624309 recvfrom(100, 0x7fc3985d70, 3200, MSG_DONTWAIT, NULL, NULL) = -1 EAGAIN (Try again)
20892 1783913146.635767 recvfrom(100, "nysv\0\0\0\0\0\0\0\0\0\0\0\0S\21Jt\231\1\0\0j\231\1\0\0\0\0\0", 3200, MSG_DONTWAIT, NULL, NULL) = 32
20892 1783913146.635804 recvfrom(100, 0x7fc3986860, 3200, MSG_DONTWAIT, NULL, NULL) = -1 EAGAIN (Try again)
20892 1783913146.638666 recvfrom(100, 0x7fc3986760, 3200, MSG_DONTWAIT, NULL, NULL) = -1 EAGAIN (Try again)
21004 1783913146.639156 sendmsg(177, {msg_name=NULL, msg_namelen=0, msg_iov=[{iov_base="l\1\1\1\374\0\0\0\340\1\0\0\235\0\0\0\1\1o\0;\0\0\0/re/frid"..., iov_len=428}], msg_iovlen=1, msg_controllen=0, msg_flags=0}, MSG_NOSIGNAL) = 428
20892 1783913146.653704 recvfrom(100, "nysv\0\0\0\0\0\0\0\0\0\0\0\0\277PHu\231\1\0\0k\231\1\0\0\0\0\0", 3200, MSG_DONTWAIT, NULL, NULL) = 32
20892 1783913146.653884 recvfrom(100, 0x7fc3986860, 3200, MSG_DONTWAIT, NULL, NULL) = -1 EAGAIN (Try again)
21004 1783913146.654360 sendmsg(177, {msg_name=NULL, msg_namelen=0, msg_iov=[{iov_base="l\1\1\1\374\0\0\0\341\1\0\0\235\0\0\0\1\1o\0;\0\0\0/re/frid"..., iov_len=428}], msg_iovlen=1, msg_controllen=0, msg_flags=0}, MSG_NOSIGNAL) = 428
20892 1783913147.082082 recvfrom(100, 0x7fc3986420, 3200, MSG_DONTWAIT, NULL, NULL) = -1 EAGAIN (Try again)
20892 1783913147.086515 recvfrom(100, "nysv\0\0\0\0\0\0\0\0\0\0\0\0\10~\33\217\231\1\0\0\205\231\1\0\0\0\0\0", 3200, MSG_DONTWAIT, NULL, NULL) = 32
20892 1783913147.086561 recvfrom(100, 0x7fc3986860, 3200, MSG_DONTWAIT, NULL, NULL) = -1 EAGAIN (Try again)
20892 1783913147.086608 recvfrom(114, 0x7d0fd84020, 2272, MSG_DONTWAIT, NULL, NULL) = -1 EAGAIN (Try again)
21004 1783913147.089472 sendmsg(177, {msg_name=NULL, msg_namelen=0, msg_iov=[{iov_base="l\1\1\1\374\0\0\0\342\1\0\0\235\0\0\0\1\1o\0;\0\0\0/re/frid"..., iov_len=428}], msg_iovlen=1, msg_controllen=0, msg_flags=0}, MSG_NOSIGNAL) = 428
20892 1783913147.119486 recvfrom(100, 0x7fc3985d70, 3200, MSG_DONTWAIT, NULL, NULL) = -1 EAGAIN (Try again)
20892 1783913147.137328 recvfrom(100, "nysv\0\0\0\0\0\0\0\0\0\0\0\0G\365\26\222\231\1\0\0\210\231\1\0\0\0\0\0", 3200, MSG_DONTWAIT, NULL, NULL) = 32
20892 1783913147.137370 recvfrom(100, 0x7fc3986860, 3200, MSG_DONTWAIT, NULL, NULL) = -1 EAGAIN (Try again)
20892 1783913147.139122 recvfrom(100, 0x7fc3986760, 3200, MSG_DONTWAIT, NULL, NULL) = -1 EAGAIN (Try again)
21004 1783913147.140058 sendmsg(177, {msg_name=NULL, msg_namelen=0, msg_iov=[{iov_base="l\1\1\1\374\0\0\0\343\1\0\0\235\0\0\0\1\1o\0;\0\0\0/re/frid"..., iov_len=428}], msg_iovlen=1, msg_controllen=0, msg_flags=0}, MSG_NOSIGNAL) = 428
20892 1783913147.152603 recvfrom(100, "nysv\0\0\0\0\0\0\0\0\0\0\0\0\322r\25\223\231\1\0\0\211\231\1\0\0\0\0\0", 3200, MSG_DONTWAIT, NULL, NULL) = 32
20892 1783913147.152640 recvfrom(100, 0x7fc3986860, 3200, MSG_DONTWAIT, NULL, NULL) = -1 EAGAIN (Try again)
21004 1783913147.153156 sendmsg(177, {msg_name=NULL, msg_namelen=0, msg_iov=[{iov_base="l\1\1\1\374\0\0\0\344\1\0\0\235\0\0\0\1\1o\0;\0\0\0/re/frid"..., iov_len=428}], msg_iovlen=1, msg_controllen=0, msg_flags=0}, MSG_NOSIGNAL) = 428
20892 1783913147.583285 recvfrom(100, 0x7fc3986420, 3200, MSG_DONTWAIT, NULL, NULL) = -1 EAGAIN (Try again)
20892 1783913147.585860 recvfrom(100, "nysv\0\0\0\0\0\0\0\0\0\0\0\0(^\351\254\231\1\0\0\243\231\1\0\0\0\0\0", 3200, MSG_DONTWAIT, NULL, NULL) = 32
20892 1783913147.586114 recvfrom(100, 0x7fc3986860, 3200, MSG_DONTWAIT, NULL, NULL) = -1 EAGAIN (Try again)
20892 1783913147.586223 recvfrom(114, 0x7d0fd84020, 2272, MSG_DONTWAIT, NULL, NULL) = -1 EAGAIN (Try again)
21004 1783913147.589588 sendmsg(177, {msg_name=NULL, msg_namelen=0, msg_iov=[{iov_base="l\1\1\1\374\0\0\0\345\1\0\0\235\0\0\0\1\1o\0;\0\0\0/re/frid"..., iov_len=428}], msg_iovlen=1, msg_controllen=0, msg_flags=0}, MSG_NOSIGNAL) = 428
20892 1783913147.622385 recvfrom(100, 0x7fc3985d70, 3200, MSG_DONTWAIT, NULL, NULL) = -1 EAGAIN (Try again)
20892 1783913147.636253 recvfrom(100, "nysv\0\0\0\0\0\0\0\0\0\0\0\0*\17\345\257\231\1\0\0\246\231\1\0\0\0\0\0", 3200, MSG_DONTWAIT, NULL, NULL) = 32
20892 1783913147.636292 recvfrom(100, 0x7fc3986860, 3200, MSG_DONTWAIT, NULL, NULL) = -1 EAGAIN (Try again)
20892 1783913147.641412 recvfrom(100, 0x7fc3986760, 3200, MSG_DONTWAIT, NULL, NULL) = -1 EAGAIN (Try again)
21004 1783913147.641928 sendmsg(177, {msg_name=NULL, msg_namelen=0, msg_iov=[{iov_base="l\1\1\1\374\0\0\0\346\1\0\0\235\0\0\0\1\1o\0;\0\0\0/re/frid"..., iov_len=428}], msg_iovlen=1, msg_controllen=0, msg_flags=0}, MSG_NOSIGNAL) = 428
20892 1783913147.652002 recvfrom(100, "nysv\0\0\0\0\0\0\0\0\0\0\0\0\366\257\343\260\231\1\0\0\247\231\1\0\0\0\0\0", 3200, MSG_DONTWAIT, NULL, NULL) = 32
20892 1783913147.652033 recvfrom(100, 0x7fc3986860, 3200, MSG_DONTWAIT, NULL, NULL) = -1 EAGAIN (Try again)
21004 1783913147.652573 sendmsg(177, {msg_name=NULL, msg_namelen=0, msg_iov=[{iov_base="l\1\1\1\374\0\0\0\347\1\0\0\235\0\0\0\1\1o\0;\0\0\0/re/frid"..., iov_len=428}], msg_iovlen=1, msg_controllen=0, msg_flags=0}, MSG_NOSIGNAL) = 428
21004 1783913148.010558 sendmsg(177, {msg_name=NULL, msg_namelen=0, msg_iov=[{iov_base="l\1\1\1\374\0\0\0\350\1\0\0\235\0\0\0\1\1o\0;\0\0\0/re/frid"..., iov_len=428}], msg_iovlen=1, msg_controllen=0, msg_flags=0}, MSG_NOSIGNAL) = 428
21004 1783913148.012975 sendmsg(177, {msg_name=NULL, msg_namelen=0, msg_iov=[{iov_base="l\1\1\1\374\0\0\0\351\1\0\0\235\0\0\0\1\1o\0;\0\0\0/re/frid"..., iov_len=428}], msg_iovlen=1, msg_controllen=0, msg_flags=0}, MSG_NOSIGNAL) = 428
20892 1783913148.013143 recvfrom(100, 0x7fc39862c0, 3200, MSG_DONTWAIT, NULL, NULL) = -1 EAGAIN (Try again)
20892 1783913148.020012 recvfrom(100, "nysv\0\0\0\0\0\0\0\0\0\0\0\0\272\263\276\306\231\1\0\0\275\231\1\0\0\0\0\0", 3200, MSG_DONTWAIT, NULL, NULL) = 32
20892 1783913148.020108 recvfrom(100, 0x7fc3986860, 3200, MSG_DONTWAIT, NULL, NULL) = -1 EAGAIN (Try again)
20892 1783913148.020131 recvfrom(114, 0x7d0fd84020, 2272, MSG_DONTWAIT, NULL, NULL) = -1 EAGAIN (Try again)
21004 1783913148.023220 sendmsg(177, {msg_name=NULL, msg_namelen=0, msg_iov=[{iov_base="l\1\1\1\374\0\0\0\352\1\0\0\235\0\0\0\1\1o\0;\0\0\0/re/frid"..., iov_len=428}], msg_iovlen=1, msg_controllen=0, msg_flags=0}, MSG_NOSIGNAL) = 428
20892 1783913148.100261 recvfrom(100, 0x7fc3985d70, 3200, MSG_DONTWAIT, NULL, NULL) = -1 EAGAIN (Try again)
20892 1783913148.102166 recvfrom(100, "nysv\0\0\0\0\0\0\0\0\0\0\0\0\326\10\270\313\231\1\0\0\302\231\1\0\0\0\0\0", 3200, MSG_DONTWAIT, NULL, NULL) = 32
20892 1783913148.102192 recvfrom(100, 0x7fc3986860, 3200, MSG_DONTWAIT, NULL, NULL) = -1 EAGAIN (Try again)
20892 1783913148.112425 recvfrom(100, 0x7fc3986760, 3200, MSG_DONTWAIT, NULL, NULL) = -1 EAGAIN (Try again)
21004 1783913148.114346 sendmsg(177, {msg_name=NULL, msg_namelen=0, msg_iov=[{iov_base="l\1\1\1\374\0\0\0\353\1\0\0\235\0\0\0\1\1o\0;\0\0\0/re/frid"..., iov_len=428}], msg_iovlen=1, msg_controllen=0, msg_flags=0}, MSG_NOSIGNAL) = 428
20892 1783913148.119111 recvfrom(100, "nysv\0\0\0\0\0\0\0\0\0\0\0\0E\227\266\314\231\1\0\0\303\231\1\0\0\0\0\0", 3200, MSG_DONTWAIT, NULL, NULL) = 32
20892 1783913148.119137 recvfrom(100, 0x7fc3986860, 3200, MSG_DONTWAIT, NULL, NULL) = -1 EAGAIN (Try again)
21004 1783913148.119654 sendmsg(177, {msg_name=NULL, msg_namelen=0, msg_iov=[{iov_base="l\1\1\1\374\0\0\0\354\1\0\0\235\0\0\0\1\1o\0;\0\0\0/re/frid"..., iov_len=428}], msg_iovlen=1, msg_controllen=0, msg_flags=0}, MSG_NOSIGNAL) = 428
21004 1783913148.260767 sendmsg(177, {msg_name=NULL, msg_namelen=0, msg_iov=[{iov_base="l\1\1\1\374\0\0\0\355\1\0\0\235\0\0\0\1\1o\0;\0\0\0/re/frid"..., iov_len=428}], msg_iovlen=1, msg_controllen=0, msg_flags=0}, MSG_NOSIGNAL) = 428
20892 1783913148.261418 recvfrom(100, 0x7fc3985fd0, 3200, MSG_DONTWAIT, NULL, NULL) = -1 EAGAIN (Try again)
20892 1783913148.269778 recvfrom(100, "nysv\0\0\0\0\0\0\0\0\0\0\0\0V\t\250\325\231\1\0\0\314\231\1\0\0\0\0\0", 3200, MSG_DONTWAIT, NULL, NULL) = 32
20892 1783913148.269867 recvfrom(100, 0x7fc3986860, 3200, MSG_DONTWAIT, NULL, NULL) = -1 EAGAIN (Try again)
20892 1783913148.269938 recvfrom(114, 0x7d0fd84020, 2272, MSG_DONTWAIT, NULL, NULL) = -1 EAGAIN (Try again)
20892 1783913148.277129 recvfrom(100, 0x7fc3985920, 3200, MSG_DONTWAIT, NULL, NULL) = -1 EAGAIN (Try again)
20892 1783913148.285695 recvfrom(100, "nysv\0\0\0\0\0\0\0\0\0\0\0\0<\235\246\326\231\1\0\0\315\231\1\0\0\0\0\0", 3200, MSG_DONTWAIT, NULL, NULL) = 32
20892 1783913148.285724 recvfrom(100, 0x7fc3986860, 3200, MSG_DONTWAIT, NULL, NULL) = -1 EAGAIN (Try again)
20892 1783913148.285749 recvfrom(114, 0x7d0fd84020, 2272, MSG_DONTWAIT, NULL, NULL) = -1 EAGAIN (Try again)
20892 1783913148.348763 recvfrom(100, 0x7fc3985d70, 3200, MSG_DONTWAIT, NULL, NULL) = -1 EAGAIN (Try again)
21004 1783913148.349452 sendmsg(177, {msg_name=NULL, msg_namelen=0, msg_iov=[{iov_base="l\1\1\1\374\0\0\0\356\1\0\0\235\0\0\0\1\1o\0;\0\0\0/re/frid"..., iov_len=428}], msg_iovlen=1, msg_controllen=0, msg_flags=0}, MSG_NOSIGNAL) = 428
20892 1783913148.352562 recvfrom(100, "nysv\0\0\0\0\0\0\0\0\0\0\0\0&\37\241\332\231\1\0\0\321\231\1\0\0\0\0\0", 3200, MSG_DONTWAIT, NULL, NULL) = 32
20892 1783913148.352714 recvfrom(100, 0x7fc3986860, 3200, MSG_DONTWAIT, NULL, NULL) = -1 EAGAIN (Try again)
20892 1783913148.358739 recvfrom(100, 0x7fc3986760, 3200, MSG_DONTWAIT, NULL, NULL) = -1 EAGAIN (Try again)
21004 1783913148.359252 sendmsg(177, {msg_name=NULL, msg_namelen=0, msg_iov=[{iov_base="l\1\1\1\374\0\0\0\357\1\0\0\235\0\0\0\1\1o\0;\0\0\0/re/frid"..., iov_len=428}], msg_iovlen=1, msg_controllen=0, msg_flags=0}, MSG_NOSIGNAL) = 428
20892 1783913148.368990 recvfrom(100, "nysv\0\0\0\0\0\0\0\0\0\0\0\0\244\256\237\333\231\1\0\0\322\231\1\0\0\0\0\0", 3200, MSG_DONTWAIT, NULL, NULL) = 32
20892 1783913148.369015 recvfrom(100, 0x7fc3986860, 3200, MSG_DONTWAIT, NULL, NULL) = -1 EAGAIN (Try again)
21004 1783913148.369667 sendmsg(177, {msg_name=NULL, msg_namelen=0, msg_iov=[{iov_base="l\1\1\1\374\0\0\0\360\1\0\0\235\0\0\0\1\1o\0;\0\0\0/re/frid"..., iov_len=428}], msg_iovlen=1, msg_controllen=0, msg_flags=0}, MSG_NOSIGNAL) = 428
20892 1783913148.383197 recvfrom(100, 0x7fc3985d70, 3200, MSG_DONTWAIT, NULL, NULL) = -1 EAGAIN (Try again)
20892 1783913148.385700 recvfrom(100, "nysv\0\0\0\0\0\0\0\0\0\0\0\0~=\236\334\231\1\0\0\323\231\1\0\0\0\0\0", 3200, MSG_DONTWAIT, NULL, NULL) = 32
20892 1783913148.385724 recvfrom(100, 0x7fc3986860, 3200, MSG_DONTWAIT, NULL, NULL) = -1 EAGAIN (Try again)
20892 1783913148.388573 recvfrom(100, 0x7fc3986760, 3200, MSG_DONTWAIT, NULL, NULL) = -1 EAGAIN (Try again)
21004 1783913148.388927 sendmsg(177, {msg_name=NULL, msg_namelen=0, msg_iov=[{iov_base="l\1\1\1\374\0\0\0\361\1\0\0\235\0\0\0\1\1o\0;\0\0\0/re/frid"..., iov_len=428}], msg_iovlen=1, msg_controllen=0, msg_flags=0}, MSG_NOSIGNAL) = 428
20892 1783913148.404051 recvfrom(100, "nysv\0\0\0\0\0\0\0\0\0\0\0\0\250\215\234\335\231\1\0\0\324\231\1\0\0\0\0\0", 3200, MSG_DONTWAIT, NULL, NULL) = 32
20892 1783913148.404079 recvfrom(100, 0x7fc3986860, 3200, MSG_DONTWAIT, NULL, NULL) = -1 EAGAIN (Try again)
21004 1783913148.404746 sendmsg(177, {msg_name=NULL, msg_namelen=0, msg_iov=[{iov_base="l\1\1\1\374\0\0\0\362\1\0\0\235\0\0\0\1\1o\0;\0\0\0/re/frid"..., iov_len=428}], msg_iovlen=1, msg_controllen=0, msg_flags=0}, MSG_NOSIGNAL) = 428
20892 1783913148.778090 recvfrom(100, 0x7fc3986420, 3200, MSG_DONTWAIT, NULL, NULL) = -1 EAGAIN (Try again)
20892 1783913148.785845 recvfrom(100, "nysv\0\0\0\0\0\0\0\0\0\0\0\0\327\215r\364\231\1\0\0\353\231\1\0\0\0\0\0", 3200, MSG_DONTWAIT, NULL, NULL) = 32
20892 1783913148.785877 recvfrom(100, 0x7fc3986860, 3200, MSG_DONTWAIT, NULL, NULL) = -1 EAGAIN (Try again)
20892 1783913148.785905 recvfrom(114, 0x7d0fd84020, 2272, MSG_DONTWAIT, NULL, NULL) = -1 EAGAIN (Try again)
21004 1783913148.787923 sendmsg(177, {msg_name=NULL, msg_namelen=0, msg_iov=[{iov_base="l\1\1\1\374\0\0\0\363\1\0\0\235\0\0\0\1\1o\0;\0\0\0/re/frid"..., iov_len=428}], msg_iovlen=1, msg_controllen=0, msg_flags=0}, MSG_NOSIGNAL) = 428
20892 1783913148.819853 recvfrom(100, 0x7fc3985d70, 3200, MSG_DONTWAIT, NULL, NULL) = -1 EAGAIN (Try again)
20892 1783913148.836314 recvfrom(100, "nysv\0\0\0\0\0\0\0\0\0\0\0\0V&n\367\231\1\0\0\356\231\1\0\0\0\0\0", 3200, MSG_DONTWAIT, NULL, NULL) = 32
20892 1783913148.836346 recvfrom(100, 0x7fc3986860, 3200, MSG_DONTWAIT, NULL, NULL) = -1 EAGAIN (Try again)
20892 1783913148.843846 recvfrom(100, 0x7fc3986760, 3200, MSG_DONTWAIT, NULL, NULL) = -1 EAGAIN (Try again)
21004 1783913148.844734 sendmsg(177, {msg_name=NULL, msg_namelen=0, msg_iov=[{iov_base="l\1\1\1\374\0\0\0\364\1\0\0\235\0\0\0\1\1o\0;\0\0\0/re/frid"..., iov_len=428}], msg_iovlen=1, msg_controllen=0, msg_flags=0}, MSG_NOSIGNAL) = 428
20892 1783913148.853669 recvfrom(100, "nysv\0\0\0\0\0\0\0\0\0\0\0\0\263cl\370\231\1\0\0\357\231\1\0\0\0\0\0", 3200, MSG_DONTWAIT, NULL, NULL) = 32
20892 1783913148.853704 recvfrom(100, 0x7fc3986860, 3200, MSG_DONTWAIT, NULL, NULL) = -1 EAGAIN (Try again)
21004 1783913148.854587 sendmsg(177, {msg_name=NULL, msg_namelen=0, msg_iov=[{iov_base="l\1\1\1\374\0\0\0\365\1\0\0\235\0\0\0\1\1o\0;\0\0\0/re/frid"..., iov_len=428}], msg_iovlen=1, msg_controllen=0, msg_flags=0}, MSG_NOSIGNAL) = 428
21004 1783913149.177755 sendmsg(177, {msg_name=NULL, msg_namelen=0, msg_iov=[{iov_base="l\1\1\1\374\0\0\0\366\1\0\0\235\0\0\0\1\1o\0;\0\0\0/re/frid"..., iov_len=428}], msg_iovlen=1, msg_controllen=0, msg_flags=0}, MSG_NOSIGNAL) = 428
20892 1783913149.278768 recvfrom(100, 0x7fc3986420, 3200, MSG_DONTWAIT, NULL, NULL) = -1 EAGAIN (Try again)
20892 1783913149.286067 recvfrom(100, "nysv\0\0\0\0\0\0\0\0\0\0\0\0\341\16@\22\232\1\0\0\t\232\1\0\0\0\0\0", 3200, MSG_DONTWAIT, NULL, NULL) = 32
20892 1783913149.286102 recvfrom(100, 0x7fc3986860, 3200, MSG_DONTWAIT, NULL, NULL) = -1 EAGAIN (Try again)
20892 1783913149.286132 recvfrom(114, 0x7d0fd84020, 2272, MSG_DONTWAIT, NULL, NULL) = -1 EAGAIN (Try again)
21004 1783913149.287960 sendmsg(177, {msg_name=NULL, msg_namelen=0, msg_iov=[{iov_base="l\1\1\1\374\0\0\0\367\1\0\0\235\0\0\0\1\1o\0;\0\0\0/re/frid"..., iov_len=428}], msg_iovlen=1, msg_controllen=0, msg_flags=0}, MSG_NOSIGNAL) = 428
20892 1783913149.314142 recvfrom(100, 0x7fc3985d70, 3200, MSG_DONTWAIT, NULL, NULL) = -1 EAGAIN (Try again)
20892 1783913149.318993 recvfrom(100, "nysv\0\0\0\0\0\0\0\0\0\0\0\0\207\315=\24\232\1\0\0\v\232\1\0\0\0\0\0", 3200, MSG_DONTWAIT, NULL, NULL) = 32
20892 1783913149.319025 recvfrom(100, 0x7fc3986860, 3200, MSG_DONTWAIT, NULL, NULL) = -1 EAGAIN (Try again)
20892 1783913149.321565 recvfrom(100, 0x7fc3986760, 3200, MSG_DONTWAIT, NULL, NULL) = -1 EAGAIN (Try again)
21004 1783913149.322203 sendmsg(177, {msg_name=NULL, msg_namelen=0, msg_iov=[{iov_base="l\1\1\1\374\0\0\0\370\1\0\0\235\0\0\0\1\1o\0;\0\0\0/re/frid"..., iov_len=428}], msg_iovlen=1, msg_controllen=0, msg_flags=0}, MSG_NOSIGNAL) = 428
20892 1783913149.341395 recvfrom(100, "nysv\0\0\0\0\0\0\0\0\0\0\0\0D\4;\25\232\1\0\0\f\232\1\0\0\0\0\0", 3200, MSG_DONTWAIT, NULL, NULL) = 32
20892 1783913149.341412 recvfrom(100, 0x7fc3986860, 3200, MSG_DONTWAIT, NULL, NULL) = -1 EAGAIN (Try again)
21004 1783913149.341799 sendmsg(177, {msg_name=NULL, msg_namelen=0, msg_iov=[{iov_base="l\1\1\1\374\0\0\0\371\1\0\0\235\0\0\0\1\1o\0;\0\0\0/re/frid"..., iov_len=428}], msg_iovlen=1, msg_controllen=0, msg_flags=0}, MSG_NOSIGNAL) = 428
20892 1783913149.782631 recvfrom(100, 0x7fc3986420, 3200, MSG_DONTWAIT, NULL, NULL) = -1 EAGAIN (Try again)
20892 1783913149.786219 recvfrom(100, "nysv\0\0\0\0\0\0\0\0\0\0\0\0\4]\n0\232\1\0\0'\232\1\0\0\0\0\0", 3200, MSG_DONTWAIT, NULL, NULL) = 32
20892 1783913149.786586 recvfrom(100, 0x7fc3986860, 3200, MSG_DONTWAIT, NULL, NULL) = -1 EAGAIN (Try again)
20892 1783913149.786722 recvfrom(114, 0x7d0fd84020, 2272, MSG_DONTWAIT, NULL, NULL) = -1 EAGAIN (Try again)
21004 1783913149.792220 sendmsg(177, {msg_name=NULL, msg_namelen=0, msg_iov=[{iov_base="l\1\1\1\374\0\0\0\372\1\0\0\235\0\0\0\1\1o\0;\0\0\0/re/frid"..., iov_len=428}], msg_iovlen=1, msg_controllen=0, msg_flags=0}, MSG_NOSIGNAL) = 428
20892 1783913149.828637 recvfrom(100, 0x7fc3985d70, 3200, MSG_DONTWAIT, NULL, NULL) = -1 EAGAIN (Try again)
20892 1783913149.835415 recvfrom(100, "nysv\0\0\0\0\0\0\0\0\0\0\0\0\210E\0063\232\1\0\0*\232\1\0\0\0\0\0", 3200, MSG_DONTWAIT, NULL, NULL) = 32
20892 1783913149.835515 recvfrom(100, 0x7fc3986860, 3200, MSG_DONTWAIT, NULL, NULL) = -1 EAGAIN (Try again)
20892 1783913149.838048 recvfrom(100, 0x7fc3986760, 3200, MSG_DONTWAIT, NULL, NULL) = -1 EAGAIN (Try again)
21004 1783913149.838947 sendmsg(177, {msg_name=NULL, msg_namelen=0, msg_iov=[{iov_base="l\1\1\1\374\0\0\0\373\1\0\0\235\0\0\0\1\1o\0;\0\0\0/re/frid"..., iov_len=428}], msg_iovlen=1, msg_controllen=0, msg_flags=0}, MSG_NOSIGNAL) = 428
20892 1783913149.852981 recvfrom(100, "nysv\0\0\0\0\0\0\0\0\0\0\0\0\213\263\0044\232\1\0\0+\232\1\0\0\0\0\0", 3200, MSG_DONTWAIT, NULL, NULL) = 32
20892 1783913149.852998 recvfrom(100, 0x7fc3986860, 3200, MSG_DONTWAIT, NULL, NULL) = -1 EAGAIN (Try again)
21004 1783913149.853609 sendmsg(177, {msg_name=NULL, msg_namelen=0, msg_iov=[{iov_base="l\1\1\1\374\0\0\0\374\1\0\0\235\0\0\0\1\1o\0;\0\0\0/re/frid"..., iov_len=428}], msg_iovlen=1, msg_controllen=0, msg_flags=0}, MSG_NOSIGNAL) = 428
21004 1783913150.194762 sendmsg(177, {msg_name=NULL, msg_namelen=0, msg_iov=[{iov_base="l\1\1\1\374\0\0\0\375\1\0\0\235\0\0\0\1\1o\0;\0\0\0/re/frid"..., iov_len=428}], msg_iovlen=1, msg_controllen=0, msg_flags=0}, MSG_NOSIGNAL) = 428
21004 1783913150.199540 sendmsg(177, {msg_name=NULL, msg_namelen=0, msg_iov=[{iov_base="l\1\1\1\374\0\0\0\376\1\0\0\235\0\0\0\1\1o\0;\0\0\0/re/frid"..., iov_len=428}], msg_iovlen=1, msg_controllen=0, msg_flags=0}, MSG_NOSIGNAL) = 428
21004 1783913150.212469 sendmsg(177, {msg_name=NULL, msg_namelen=0, msg_iov=[{iov_base="l\1\1\1\374\0\0\0\377\1\0\0\235\0\0\0\1\1o\0;\0\0\0/re/frid"..., iov_len=428}], msg_iovlen=1, msg_controllen=0, msg_flags=0}, MSG_NOSIGNAL) = 428
20892 1783913150.283111 recvfrom(100, 0x7fc3986420, 3200, MSG_DONTWAIT, NULL, NULL) = -1 EAGAIN (Try again)
20892 1783913150.286131 recvfrom(100, "nysv\0\0\0\0\0\0\0\0\0\0\0\0\205=\331M\232\1\0\0E\232\1\0\0\0\0\0", 3200, MSG_DONTWAIT, NULL, NULL) = 32
20892 1783913150.286162 recvfrom(100, 0x7fc3986860, 3200, MSG_DONTWAIT, NULL, NULL) = -1 EAGAIN (Try again)
20892 1783913150.286195 recvfrom(114, 0x7d0fd84020, 2272, MSG_DONTWAIT, NULL, NULL) = -1 EAGAIN (Try again)
21004 1783913150.288235 sendmsg(177, {msg_name=NULL, msg_namelen=0, msg_iov=[{iov_base="l\1\1\1\374\0\0\0\0\2\0\0\235\0\0\0\1\1o\0;\0\0\0/re/frid"..., iov_len=428}], msg_iovlen=1, msg_controllen=0, msg_flags=0}, MSG_NOSIGNAL) = 428
20892 1783913150.312112 recvfrom(100, 0x7fc3985d70, 3200, MSG_DONTWAIT, NULL, NULL) = -1 EAGAIN (Try again)
20892 1783913150.319293 recvfrom(100, "nysv\0\0\0\0\0\0\0\0\0\0\0\0\nx\326O\232\1\0\0G\232\1\0\0\0\0\0", 3200, MSG_DONTWAIT, NULL, NULL) = 32
20892 1783913150.319336 recvfrom(100, 0x7fc3986860, 3200, MSG_DONTWAIT, NULL, NULL) = -1 EAGAIN (Try again)
20892 1783913150.320933 recvfrom(100, 0x7fc3986760, 3200, MSG_DONTWAIT, NULL, NULL) = -1 EAGAIN (Try again)
21004 1783913150.321682 sendmsg(177, {msg_name=NULL, msg_namelen=0, msg_iov=[{iov_base="l\1\1\1\374\0\0\0\1\2\0\0\235\0\0\0\1\1o\0;\0\0\0/re/frid"..., iov_len=428}], msg_iovlen=1, msg_controllen=0, msg_flags=0}, MSG_NOSIGNAL) = 428
20892 1783913150.339679 recvfrom(100, "nysv\0\0\0\0\0\0\0\0\0\0\0\0\377\335\323P\232\1\0\0H\232\1\0\0\0\0\0", 3200, MSG_DONTWAIT, NULL, NULL) = 32
20892 1783913150.339760 recvfrom(100, 0x7fc3986860, 3200, MSG_DONTWAIT, NULL, NULL) = -1 EAGAIN (Try again)
21004 1783913150.340078 sendmsg(177, {msg_name=NULL, msg_namelen=0, msg_iov=[{iov_base="l\1\1\1\374\0\0\0\2\2\0\0\235\0\0\0\1\1o\0;\0\0\0/re/frid"..., iov_len=428}], msg_iovlen=1, msg_controllen=0, msg_flags=0}, MSG_NOSIGNAL) = 428
20992 1783913150.693083 exit(0)         = ?
20992 1783913150.693455 +++ exited with 0 +++
20990 1783913150.694001 exit(0)         = ?
20990 1783913150.694025 +++ exited with 0 +++
21001 1783913150.745052 faccessat(AT_FDCWD, "/proc/self/task/20990", F_OK) = -1 ENOENT (No such file or directory)
20892 1783913150.789780 recvfrom(100, 0x7fc3986420, 3200, MSG_DONTWAIT, NULL, NULL) = -1 EAGAIN (Try again)
20892 1783913150.803141 recvfrom(100, "nysv\0\0\0\0\0\0\0\0\0\0\0\0\262\216\243l\232\1\0\0d\232\1\0\0\0\0\0", 3200, MSG_DONTWAIT, NULL, NULL) = 32
20892 1783913150.803259 recvfrom(100, 0x7fc3986860, 3200, MSG_DONTWAIT, NULL, NULL) = -1 EAGAIN (Try again)
20892 1783913150.803870 recvfrom(114, 0x7d0fd84020, 2272, MSG_DONTWAIT, NULL, NULL) = -1 EAGAIN (Try again)
21004 1783913150.807920 sendmsg(177, {msg_name=NULL, msg_namelen=0, msg_iov=[{iov_base="l\1\1\1\374\0\0\0\3\2\0\0\235\0\0\0\1\1o\0;\0\0\0/re/frid"..., iov_len=428}], msg_iovlen=1, msg_controllen=0, msg_flags=0}, MSG_NOSIGNAL) = 428
20892 1783913150.843628 recvfrom(100, 0x7fc3985d70, 3200, MSG_DONTWAIT, NULL, NULL) = -1 EAGAIN (Try again)
20892 1783913150.852048 recvfrom(100, "nysv\0\0\0\0\0\0\0\0\0\0\0\0\323t\237o\232\1\0\0g\232\1\0\0\0\0\0", 3200, MSG_DONTWAIT, NULL, NULL) = 32
20892 1783913150.852080 recvfrom(100, 0x7fc3986860, 3200, MSG_DONTWAIT, NULL, NULL) = -1 EAGAIN (Try again)
20892 1783913150.854038 recvfrom(100, 0x7fc3986760, 3200, MSG_DONTWAIT, NULL, NULL) = -1 EAGAIN (Try again)
21004 1783913150.858051 sendmsg(177, {msg_name=NULL, msg_namelen=0, msg_iov=[{iov_base="l\1\1\1\374\0\0\0\4\2\0\0\235\0\0\0\1\1o\0;\0\0\0/re/frid"..., iov_len=428}], msg_iovlen=1, msg_controllen=0, msg_flags=0}, MSG_NOSIGNAL) = 428
20892 1783913150.871546 recvfrom(100, "nysv\0\0\0\0\0\0\0\0\0\0\0\0?l\235p\232\1\0\0h\232\1\0\0\0\0\0", 3200, MSG_DONTWAIT, NULL, NULL) = 32
20892 1783913150.871573 recvfrom(100, 0x7fc3986860, 3200, MSG_DONTWAIT, NULL, NULL) = -1 EAGAIN (Try again)
21004 1783913150.872358 sendmsg(177, {msg_name=NULL, msg_namelen=0, msg_iov=[{iov_base="l\1\1\1\374\0\0\0\5\2\0\0\235\0\0\0\1\1o\0;\0\0\0/re/frid"..., iov_len=428}], msg_iovlen=1, msg_controllen=0, msg_flags=0}, MSG_NOSIGNAL) = 428
20892 1783913151.290961 recvfrom(100, 0x7fc3986420, 3200, MSG_DONTWAIT, NULL, NULL) = -1 EAGAIN (Try again)
20892 1783913151.304540 recvfrom(100, "nysv\0\0\0\0\0\0\0\0\0\0\0\0\377\246p\212\232\1\0\0\177\232\1\0\0\0\0\0", 3200, MSG_DONTWAIT, NULL, NULL) = 32
20892 1783913151.304801 recvfrom(100, 0x7fc3986860, 3200, MSG_DONTWAIT, NULL, NULL) = -1 EAGAIN (Try again)
20892 1783913151.304935 recvfrom(114, 0x7d0fd84020, 2272, MSG_DONTWAIT, NULL, NULL) = -1 EAGAIN (Try again)
21004 1783913151.309104 sendmsg(177, {msg_name=NULL, msg_namelen=0, msg_iov=[{iov_base="l\1\1\1\374\0\0\0\6\2\0\0\235\0\0\0\1\1o\0;\0\0\0/re/frid"..., iov_len=428}], msg_iovlen=1, msg_controllen=0, msg_flags=0}, MSG_NOSIGNAL) = 428
20892 1783913151.346582 recvfrom(100, 0x7fc3985d70, 3200, MSG_DONTWAIT, NULL, NULL) = -1 EAGAIN (Try again)
20892 1783913151.352098 recvfrom(100, "nysv\0\0\0\0\0\0\0\0\0\0\0\0\245\215l\215\232\1\0\0\202\232\1\0\0\0\0\0", 3200, MSG_DONTWAIT, NULL, NULL) = 32
20892 1783913151.352133 recvfrom(100, 0x7fc3986860, 3200, MSG_DONTWAIT, NULL, NULL) = -1 EAGAIN (Try again)
20892 1783913151.354759 recvfrom(100, 0x7fc3986760, 3200, MSG_DONTWAIT, NULL, NULL) = -1 EAGAIN (Try again)
21004 1783913151.355908 sendmsg(177, {msg_name=NULL, msg_namelen=0, msg_iov=[{iov_base="l\1\1\1\374\0\0\0\7\2\0\0\235\0\0\0\1\1o\0;\0\0\0/re/frid"..., iov_len=428}], msg_iovlen=1, msg_controllen=0, msg_flags=0}, MSG_NOSIGNAL) = 428
20892 1783913151.374037 recvfrom(100, "nysv\0\0\0\0\0\0\0\0\0\0\0\0a\361i\216\232\1\0\0\203\232\1\0\0\0\0\0", 3200, MSG_DONTWAIT, NULL, NULL) = 32
20892 1783913151.374062 recvfrom(100, 0x7fc3986860, 3200, MSG_DONTWAIT, NULL, NULL) = -1 EAGAIN (Try again)
21004 1783913151.374530 sendmsg(177, {msg_name=NULL, msg_namelen=0, msg_iov=[{iov_base="l\1\1\1\374\0\0\0\10\2\0\0\235\0\0\0\1\1o\0;\0\0\0/re/frid"..., iov_len=428}], msg_iovlen=1, msg_controllen=0, msg_flags=0}, MSG_NOSIGNAL) = 428
20952 1783913151.777531 recvmsg(110, {msg_name=NULL, msg_namelen=0, msg_iov=[{iov_base="\260\4\0\0\0\0\0\0\5\0\0\0\0\0\0\0\0\0\0\0\0\0\0\0&\314\220N\201XcQ"..., iov_len=4096}], msg_iovlen=1, msg_controllen=0, msg_flags=0}, MSG_DONTWAIT) = 1200
20892 1783913151.792164 recvfrom(100, 0x7fc3986420, 3200, MSG_DONTWAIT, NULL, NULL) = -1 EAGAIN (Try again)
20892 1783913151.804403 recvfrom(100, "nysv\0\0\0\0\0\0\0\0\0\0\0\0\353\v>\250\232\1\0\0\235\232\1\0\0\0\0\0", 3200, MSG_DONTWAIT, NULL, NULL) = 32
20892 1783913151.804636 recvfrom(100, 0x7fc3986860, 3200, MSG_DONTWAIT, NULL, NULL) = -1 EAGAIN (Try again)
20892 1783913151.804768 recvfrom(114, 0x7d0fd84020, 2272, MSG_DONTWAIT, NULL, NULL) = -1 EAGAIN (Try again)
21004 1783913151.808899 sendmsg(177, {msg_name=NULL, msg_namelen=0, msg_iov=[{iov_base="l\1\1\1\374\0\0\0\t\2\0\0\235\0\0\0\1\1o\0;\0\0\0/re/frid"..., iov_len=428}], msg_iovlen=1, msg_controllen=0, msg_flags=0}, MSG_NOSIGNAL) = 428
20892 1783913151.846170 recvfrom(100, 0x7fc3985d70, 3200, MSG_DONTWAIT, NULL, NULL) = -1 EAGAIN (Try again)
20892 1783913151.852215 recvfrom(100, "nysv\0\0\0\0\0\0\0\0\0\0\0\0D\3629\253\232\1\0\0\240\232\1\0\0\0\0\0", 3200, MSG_DONTWAIT, NULL, NULL) = 32
20892 1783913151.852416 recvfrom(100, 0x7fc3986860, 3200, MSG_DONTWAIT, NULL, NULL) = -1 EAGAIN (Try again)
20892 1783913151.855593 recvfrom(100, 0x7fc3986760, 3200, MSG_DONTWAIT, NULL, NULL) = -1 EAGAIN (Try again)
21004 1783913151.856636 sendmsg(177, {msg_name=NULL, msg_namelen=0, msg_iov=[{iov_base="l\1\1\1\374\0\0\0\n\2\0\0\235\0\0\0\1\1o\0;\0\0\0/re/frid"..., iov_len=428}], msg_iovlen=1, msg_controllen=0, msg_flags=0}, MSG_NOSIGNAL) = 428
20892 1783913151.869192 recvfrom(100, "nysv\0\0\0\0\0\0\0\0\0\0\0\0\10x8\254\232\1\0\0\241\232\1\0\0\0\0\0", 3200, MSG_DONTWAIT, NULL, NULL) = 32
20892 1783913151.869255 recvfrom(100, 0x7fc3986860, 3200, MSG_DONTWAIT, NULL, NULL) = -1 EAGAIN (Try again)
21004 1783913151.869614 sendmsg(177, {msg_name=NULL, msg_namelen=0, msg_iov=[{iov_base="l\1\1\1\374\0\0\0\v\2\0\0\235\0\0\0\1\1o\0;\0\0\0/re/frid"..., iov_len=428}], msg_iovlen=1, msg_controllen=0, msg_flags=0}, MSG_NOSIGNAL) = 428
20892 1783913152.292512 recvfrom(100, 0x7fc3986420, 3200, MSG_DONTWAIT, NULL, NULL) = -1 EAGAIN (Try again)
20892 1783913152.302895 recvfrom(100, "nysv\0\0\0\0\0\0\0\0\0\0\0\0000\273\v\306\232\1\0\0\273\232\1\0\0\0\0\0", 3200, MSG_DONTWAIT, NULL, NULL) = 32
20892 1783913152.303039 recvfrom(100, 0x7fc3986860, 3200, MSG_DONTWAIT, NULL, NULL) = -1 EAGAIN (Try again)
20892 1783913152.303241 recvfrom(114, 0x7d0fd84020, 2272, MSG_DONTWAIT, NULL, NULL) = -1 EAGAIN (Try again)
21004 1783913152.307451 sendmsg(177, {msg_name=NULL, msg_namelen=0, msg_iov=[{iov_base="l\1\1\1\374\0\0\0\f\2\0\0\235\0\0\0\1\1o\0;\0\0\0/re/frid"..., iov_len=428}], msg_iovlen=1, msg_controllen=0, msg_flags=0}, MSG_NOSIGNAL) = 428
20892 1783913152.343166 recvfrom(100, 0x7fc3985d70, 3200, MSG_DONTWAIT, NULL, NULL) = -1 EAGAIN (Try again)
20892 1783913152.352103 recvfrom(100, "nysv\0\0\0\0\0\0\0\0\0\0\0\0y\233\7\311\232\1\0\0\276\232\1\0\0\0\0\0", 3200, MSG_DONTWAIT, NULL, NULL) = 32
20892 1783913152.352131 recvfrom(100, 0x7fc3986860, 3200, MSG_DONTWAIT, NULL, NULL) = -1 EAGAIN (Try again)
20892 1783913152.355935 recvfrom(100, 0x7fc3986760, 3200, MSG_DONTWAIT, NULL, NULL) = -1 EAGAIN (Try again)
21004 1783913152.356365 sendmsg(177, {msg_name=NULL, msg_namelen=0, msg_iov=[{iov_base="l\1\1\1\374\0\0\0\r\2\0\0\235\0\0\0\1\1o\0;\0\0\0/re/frid"..., iov_len=428}], msg_iovlen=1, msg_controllen=0, msg_flags=0}, MSG_NOSIGNAL) = 428
20892 1783913152.370650 recvfrom(100, "nysv\0\0\0\0\0\0\0\0\0\0\0\0\276\304\5\312\232\1\0\0\277\232\1\0\0\0\0\0", 3200, MSG_DONTWAIT, NULL, NULL) = 32
20892 1783913152.370712 recvfrom(100, 0x7fc3986860, 3200, MSG_DONTWAIT, NULL, NULL) = -1 EAGAIN (Try again)
21004 1783913152.371118 sendmsg(177, {msg_name=NULL, msg_namelen=0, msg_iov=[{iov_base="l\1\1\1\374\0\0\0\16\2\0\0\235\0\0\0\1\1o\0;\0\0\0/re/frid"..., iov_len=428}], msg_iovlen=1, msg_controllen=0, msg_flags=0}, MSG_NOSIGNAL) = 428
20892 1783913152.795219 recvfrom(100, 0x7fc3986420, 3200, MSG_DONTWAIT, NULL, NULL) = -1 EAGAIN (Try again)
20892 1783913152.804952 recvfrom(100, "nysv\0\0\0\0\0\0\0\0\0\0\0\0\303\325\330\343\232\1\0\0\331\232\1\0\0\0\0\0", 3200, MSG_DONTWAIT, NULL, NULL) = 32
20892 1783913152.805025 recvfrom(100, 0x7fc3986860, 3200, MSG_DONTWAIT, NULL, NULL) = -1 EAGAIN (Try again)
20892 1783913152.805060 recvfrom(114, 0x7d0fd84020, 2272, MSG_DONTWAIT, NULL, NULL) = -1 EAGAIN (Try again)
21004 1783913152.807449 sendmsg(177, {msg_name=NULL, msg_namelen=0, msg_iov=[{iov_base="l\1\1\1\374\0\0\0\17\2\0\0\235\0\0\0\1\1o\0;\0\0\0/re/frid"..., iov_len=428}], msg_iovlen=1, msg_controllen=0, msg_flags=0}, MSG_NOSIGNAL) = 428
20892 1783913152.834179 recvfrom(100, 0x7fc3985d70, 3200, MSG_DONTWAIT, NULL, NULL) = -1 EAGAIN (Try again)
20892 1783913152.835369 recvfrom(100, "nysv\0\0\0\0\0\0\0\0\0\0\0\0\202!\326\345\232\1\0\0\333\232\1\0\0\0\0\0", 3200, MSG_DONTWAIT, NULL, NULL) = 32
20892 1783913152.835389 recvfrom(100, 0x7fc3986860, 3200, MSG_DONTWAIT, NULL, NULL) = -1 EAGAIN (Try again)
20892 1783913152.837074 recvfrom(100, 0x7fc3986760, 3200, MSG_DONTWAIT, NULL, NULL) = -1 EAGAIN (Try again)
21004 1783913152.837611 sendmsg(177, {msg_name=NULL, msg_namelen=0, msg_iov=[{iov_base="l\1\1\1\374\0\0\0\20\2\0\0\235\0\0\0\1\1o\0;\0\0\0/re/frid"..., iov_len=428}], msg_iovlen=1, msg_controllen=0, msg_flags=0}, MSG_NOSIGNAL) = 428
20892 1783913152.855684 recvfrom(100, "nysv\0\0\0\0\0\0\0\0\0\0\0\0\367\347\323\346\232\1\0\0\334\232\1\0\0\0\0\0", 3200, MSG_DONTWAIT, NULL, NULL) = 32
20892 1783913152.855708 recvfrom(100, 0x7fc3986860, 3200, MSG_DONTWAIT, NULL, NULL) = -1 EAGAIN (Try again)
21004 1783913152.856112 sendmsg(177, {msg_name=NULL, msg_namelen=0, msg_iov=[{iov_base="l\1\1\1\374\0\0\0\21\2\0\0\235\0\0\0\1\1o\0;\0\0\0/re/frid"..., iov_len=428}], msg_iovlen=1, msg_controllen=0, msg_flags=0}, MSG_NOSIGNAL) = 428
20892 1783913153.296550 recvfrom(100, 0x7fc3986420, 3200, MSG_DONTWAIT, NULL, NULL) = -1 EAGAIN (Try again)
20892 1783913153.303128 recvfrom(100, "nysv\0\0\0\0\0\0\0\0\0\0\0\0\232\230\246\1\233\1\0\0\367\232\1\0\0\0\0\0", 3200, MSG_DONTWAIT, NULL, NULL) = 32
20892 1783913153.303300 recvfrom(100, 0x7fc3986860, 3200, MSG_DONTWAIT, NULL, NULL) = -1 EAGAIN (Try again)
20892 1783913153.303397 recvfrom(114, 0x7d0fd84020, 2272, MSG_DONTWAIT, NULL, NULL) = -1 EAGAIN (Try again)
21004 1783913153.307169 sendmsg(177, {msg_name=NULL, msg_namelen=0, msg_iov=[{iov_base="l\1\1\1\374\0\0\0\22\2\0\0\235\0\0\0\1\1o\0;\0\0\0/re/frid"..., iov_len=428}], msg_iovlen=1, msg_controllen=0, msg_flags=0}, MSG_NOSIGNAL) = 428
20892 1783913153.342530 recvfrom(100, 0x7fc3985d70, 3200, MSG_DONTWAIT, NULL, NULL) = -1 EAGAIN (Try again)
20892 1783913153.352448 recvfrom(100, "nysv\0\0\0\0\0\0\0\0\0\0\0\0*}\242\4\233\1\0\0\372\232\1\0\0\0\0\0", 3200, MSG_DONTWAIT, NULL, NULL) = 32
20892 1783913153.352481 recvfrom(100, 0x7fc3986860, 3200, MSG_DONTWAIT, NULL, NULL) = -1 EAGAIN (Try again)
20892 1783913153.357811 recvfrom(100, 0x7fc3986760, 3200, MSG_DONTWAIT, NULL, NULL) = -1 EAGAIN (Try again)
21004 1783913153.359289 sendmsg(177, {msg_name=NULL, msg_namelen=0, msg_iov=[{iov_base="l\1\1\1\374\0\0\0\23\2\0\0\235\0\0\0\1\1o\0;\0\0\0/re/frid"..., iov_len=428}], msg_iovlen=1, msg_controllen=0, msg_flags=0}, MSG_NOSIGNAL) = 428
20892 1783913153.368830 recvfrom(100, "nysv\0\0\0\0\0\0\0\0\0\0\0\09\25\241\5\233\1\0\0\373\232\1\0\0\0\0\0", 3200, MSG_DONTWAIT, NULL, NULL) = 32
20892 1783913153.368892 recvfrom(100, 0x7fc3986860, 3200, MSG_DONTWAIT, NULL, NULL) = -1 EAGAIN (Try again)
21004 1783913153.369430 sendmsg(177, {msg_name=NULL, msg_namelen=0, msg_iov=[{iov_base="l\1\1\1\374\0\0\0\24\2\0\0\235\0\0\0\1\1o\0;\0\0\0/re/frid"..., iov_len=428}], msg_iovlen=1, msg_controllen=0, msg_flags=0}, MSG_NOSIGNAL) = 428
20892 1783913153.798724 recvfrom(100, 0x7fc3986420, 3200, MSG_DONTWAIT, NULL, NULL) = -1 EAGAIN (Try again)
20892 1783913153.803204 recvfrom(100, "nysv\0\0\0\0\0\0\0\0\0\0\0\0r\374s\37\233\1\0\0\25\233\1\0\0\0\0\0", 3200, MSG_DONTWAIT, NULL, NULL) = 32
20892 1783913153.803309 recvfrom(100, 0x7fc3986860, 3200, MSG_DONTWAIT, NULL, NULL) = -1 EAGAIN (Try again)
20892 1783913153.803548 recvfrom(114, 0x7d0fd84020, 2272, MSG_DONTWAIT, NULL, NULL) = -1 EAGAIN (Try again)
21004 1783913153.808150 sendmsg(177, {msg_name=NULL, msg_namelen=0, msg_iov=[{iov_base="l\1\1\1\374\0\0\0\25\2\0\0\235\0\0\0\1\1o\0;\0\0\0/re/frid"..., iov_len=428}], msg_iovlen=1, msg_controllen=0, msg_flags=0}, MSG_NOSIGNAL) = 428
20892 1783913153.844377 recvfrom(100, 0x7fc3985d70, 3200, MSG_DONTWAIT, NULL, NULL) = -1 EAGAIN (Try again)
20892 1783913153.852940 recvfrom(100, "nysv\0\0\0\0\0\0\0\0\0\0\0\0\335\324o\"\233\1\0\0\30\233\1\0\0\0\0\0", 3200, MSG_DONTWAIT, NULL, NULL) = 32
20892 1783913153.852969 recvfrom(100, 0x7fc3986860, 3200, MSG_DONTWAIT, NULL, NULL) = -1 EAGAIN (Try again)
20892 1783913153.855159 recvfrom(100, 0x7fc3986760, 3200, MSG_DONTWAIT, NULL, NULL) = -1 EAGAIN (Try again)
21004 1783913153.855992 sendmsg(177, {msg_name=NULL, msg_namelen=0, msg_iov=[{iov_base="l\1\1\1\374\0\0\0\26\2\0\0\235\0\0\0\1\1o\0;\0\0\0/re/frid"..., iov_len=428}], msg_iovlen=1, msg_controllen=0, msg_flags=0}, MSG_NOSIGNAL) = 428
20892 1783913153.871280 recvfrom(100, "nysv\0\0\0\0\0\0\0\0\0\0\0\0\242\332m#\233\1\0\0\31\233\1\0\0\0\0\0", 3200, MSG_DONTWAIT, NULL, NULL) = 32
20892 1783913153.871296 recvfrom(100, 0x7fc3986860, 3200, MSG_DONTWAIT, NULL, NULL) = -1 EAGAIN (Try again)
21004 1783913153.871655 sendmsg(177, {msg_name=NULL, msg_namelen=0, msg_iov=[{iov_base="l\1\1\1\374\0\0\0\27\2\0\0\235\0\0\0\1\1o\0;\0\0\0/re/frid"..., iov_len=428}], msg_iovlen=1, msg_controllen=0, msg_flags=0}, MSG_NOSIGNAL) = 428
20892 1783913154.300472 recvfrom(100, 0x7fc3986420, 3200, MSG_DONTWAIT, NULL, NULL) = -1 EAGAIN (Try again)
20892 1783913154.303106 recvfrom(100, "nysv\0\0\0\0\0\0\0\0\0\0\0\0p\210A=\233\1\0\0003\233\1\0\0\0\0\0", 3200, MSG_DONTWAIT, NULL, NULL) = 32
20892 1783913154.303170 recvfrom(100, 0x7fc3986860, 3200, MSG_DONTWAIT, NULL, NULL) = -1 EAGAIN (Try again)
20892 1783913154.303316 recvfrom(114, 0x7d0fd84020, 2272, MSG_DONTWAIT, NULL, NULL) = -1 EAGAIN (Try again)
21004 1783913154.307437 sendmsg(177, {msg_name=NULL, msg_namelen=0, msg_iov=[{iov_base="l\1\1\1\374\0\0\0\30\2\0\0\235\0\0\0\1\1o\0;\0\0\0/re/frid"..., iov_len=428}], msg_iovlen=1, msg_controllen=0, msg_flags=0}, MSG_NOSIGNAL) = 428
20892 1783913154.344507 recvfrom(100, 0x7fc3985d70, 3200, MSG_DONTWAIT, NULL, NULL) = -1 EAGAIN (Try again)
20892 1783913154.352421 recvfrom(100, "nysv\0\0\0\0\0\0\0\0\0\0\0\0\322q=@\233\1\0\0006\233\1\0\0\0\0\0", 3200, MSG_DONTWAIT, NULL, NULL) = 32
20892 1783913154.352481 recvfrom(100, 0x7fc3986860, 3200, MSG_DONTWAIT, NULL, NULL) = -1 EAGAIN (Try again)
20892 1783913154.354304 recvfrom(100, 0x7fc3986760, 3200, MSG_DONTWAIT, NULL, NULL) = -1 EAGAIN (Try again)
21004 1783913154.355325 sendmsg(177, {msg_name=NULL, msg_namelen=0, msg_iov=[{iov_base="l\1\1\1\374\0\0\0\31\2\0\0\235\0\0\0\1\1o\0;\0\0\0/re/frid"..., iov_len=428}], msg_iovlen=1, msg_controllen=0, msg_flags=0}, MSG_NOSIGNAL) = 428
20892 1783913154.374647 recvfrom(100, "nysv\0\0\0\0\0\0\0\0\0\0\0\0\223\265:A\233\1\0\0007\233\1\0\0\0\0\0", 3200, MSG_DONTWAIT, NULL, NULL) = 32
20892 1783913154.374739 recvfrom(100, 0x7fc3986860, 3200, MSG_DONTWAIT, NULL, NULL) = -1 EAGAIN (Try again)
21004 1783913154.375010 sendmsg(177, {msg_name=NULL, msg_namelen=0, msg_iov=[{iov_base="l\1\1\1\374\0\0\0\32\2\0\0\235\0\0\0\1\1o\0;\0\0\0/re/frid"..., iov_len=428}], msg_iovlen=1, msg_controllen=0, msg_flags=0}, MSG_NOSIGNAL) = 428
20892 1783913154.803768 recvfrom(100, 0x7fc3986420, 3200, MSG_DONTWAIT, NULL, NULL) = -1 EAGAIN (Try again)
20892 1783913154.819628 recvfrom(100, "nysv\0\0\0\0\0\0\0\0\0\0\0\0t\363\f\\\233\1\0\0O\233\1\0\0\0\0\0", 3200, MSG_DONTWAIT, NULL, NULL) = 32
20892 1783913154.819892 recvfrom(100, 0x7fc3986860, 3200, MSG_DONTWAIT, NULL, NULL) = -1 EAGAIN (Try again)
20892 1783913154.820023 recvfrom(114, 0x7d0fd84020, 2272, MSG_DONTWAIT, NULL, NULL) = -1 EAGAIN (Try again)
21004 1783913154.825225 sendmsg(177, {msg_name=NULL, msg_namelen=0, msg_iov=[{iov_base="l\1\1\1\374\0\0\0\33\2\0\0\235\0\0\0\1\1o\0;\0\0\0/re/frid"..., iov_len=428}], msg_iovlen=1, msg_controllen=0, msg_flags=0}, MSG_NOSIGNAL) = 428
20892 1783913154.862364 recvfrom(100, 0x7fc3985d70, 3200, MSG_DONTWAIT, NULL, NULL) = -1 EAGAIN (Try again)
20892 1783913154.870283 recvfrom(100, "nysv\0\0\0\0\0\0\0\0\0\0\0\0\365\335\10_\233\1\0\0R\233\1\0\0\0\0\0", 3200, MSG_DONTWAIT, NULL, NULL) = 32
20892 1783913154.870325 recvfrom(100, 0x7fc3986860, 3200, MSG_DONTWAIT, NULL, NULL) = -1 EAGAIN (Try again)
20892 1783913154.872548 recvfrom(100, 0x7fc3986760, 3200, MSG_DONTWAIT, NULL, NULL) = -1 EAGAIN (Try again)
21004 1783913154.873377 sendmsg(177, {msg_name=NULL, msg_namelen=0, msg_iov=[{iov_base="l\1\1\1\374\0\0\0\34\2\0\0\235\0\0\0\1\1o\0;\0\0\0/re/frid"..., iov_len=428}], msg_iovlen=1, msg_controllen=0, msg_flags=0}, MSG_NOSIGNAL) = 428
20892 1783913154.887075 recvfrom(100, "nysv\0\0\0\0\0\0\0\0\0\0\0\0\0\34\7`\233\1\0\0S\233\1\0\0\0\0\0", 3200, MSG_DONTWAIT, NULL, NULL) = 32
20892 1783913154.887095 recvfrom(100, 0x7fc3986860, 3200, MSG_DONTWAIT, NULL, NULL) = -1 EAGAIN (Try again)
21004 1783913154.887514 sendmsg(177, {msg_name=NULL, msg_namelen=0, msg_iov=[{iov_base="l\1\1\1\374\0\0\0\35\2\0\0\235\0\0\0\1\1o\0;\0\0\0/re/frid"..., iov_len=428}], msg_iovlen=1, msg_controllen=0, msg_flags=0}, MSG_NOSIGNAL) = 428
20892 1783913155.304991 recvfrom(100, 0x7fc3986420, 3200, MSG_DONTWAIT, NULL, NULL) = -1 EAGAIN (Try again)
20892 1783913155.325164 recvfrom(100, "nysv\0\0\0\0\0\0\0\0\0\0\0\0\211\36\332y\233\1\0\0m\233\1\0\0\0\0\0", 3200, MSG_DONTWAIT, NULL, NULL) = 32
20892 1783913155.325259 recvfrom(100, 0x7fc3986860, 3200, MSG_DONTWAIT, NULL, NULL) = -1 EAGAIN (Try again)
20892 1783913155.325299 recvfrom(114, 0x7d0fd84020, 2272, MSG_DONTWAIT, NULL, NULL) = -1 EAGAIN (Try again)
21004 1783913155.327767 sendmsg(177, {msg_name=NULL, msg_namelen=0, msg_iov=[{iov_base="l\1\1\1\374\0\0\0\36\2\0\0\235\0\0\0\1\1o\0;\0\0\0/re/frid"..., iov_len=428}], msg_iovlen=1, msg_controllen=0, msg_flags=0}, MSG_NOSIGNAL) = 428
20892 1783913155.357431 recvfrom(100, 0x7fc3985d70, 3200, MSG_DONTWAIT, NULL, NULL) = -1 EAGAIN (Try again)
20892 1783913155.368800 recvfrom(100, "nysv\0\0\0\0\0\0\0\0\0\0\0\0\207\n\326|\233\1\0\0p\233\1\0\0\0\0\0", 3200, MSG_DONTWAIT, NULL, NULL) = 32
20892 1783913155.368849 recvfrom(100, 0x7fc3986860, 3200, MSG_DONTWAIT, NULL, NULL) = -1 EAGAIN (Try again)
20892 1783913155.377383 recvfrom(100, 0x7fc3986760, 3200, MSG_DONTWAIT, NULL, NULL) = -1 EAGAIN (Try again)
21004 1783913155.377978 sendmsg(177, {msg_name=NULL, msg_namelen=0, msg_iov=[{iov_base="l\1\1\1\374\0\0\0\37\2\0\0\235\0\0\0\1\1o\0;\0\0\0/re/frid"..., iov_len=428}], msg_iovlen=1, msg_controllen=0, msg_flags=0}, MSG_NOSIGNAL) = 428
20892 1783913155.385940 recvfrom(100, "nysv\0\0\0\0\0\0\0\0\0\0\0\0B\210\324}\233\1\0\0q\233\1\0\0\0\0\0", 3200, MSG_DONTWAIT, NULL, NULL) = 32
20892 1783913155.386041 recvfrom(100, 0x7fc3986860, 3200, MSG_DONTWAIT, NULL, NULL) = -1 EAGAIN (Try again)
21004 1783913155.386543 sendmsg(177, {msg_name=NULL, msg_namelen=0, msg_iov=[{iov_base="l\1\1\1\374\0\0\0 \2\0\0\235\0\0\0\1\1o\0;\0\0\0/re/frid"..., iov_len=428}], msg_iovlen=1, msg_controllen=0, msg_flags=0}, MSG_NOSIGNAL) = 428
20892 1783913155.806364 recvfrom(100, 0x7fc3986420, 3200, MSG_DONTWAIT, NULL, NULL) = -1 EAGAIN (Try again)
20892 1783913155.823544 recvfrom(100, "nysv\0\0\0\0\0\0\0\0\0\0\0\0u\203\247\227\233\1\0\0\213\233\1\0\0\0\0\0", 3200, MSG_DONTWAIT, NULL, NULL) = 32
20892 1783913155.823783 recvfrom(100, 0x7fc3986860, 3200, MSG_DONTWAIT, NULL, NULL) = -1 EAGAIN (Try again)
20892 1783913155.823930 recvfrom(114, 0x7d0fd84020, 2272, MSG_DONTWAIT, NULL, NULL) = -1 EAGAIN (Try again)
21004 1783913155.828015 sendmsg(177, {msg_name=NULL, msg_namelen=0, msg_iov=[{iov_base="l\1\1\1\374\0\0\0!\2\0\0\235\0\0\0\1\1o\0;\0\0\0/re/frid"..., iov_len=428}], msg_iovlen=1, msg_controllen=0, msg_flags=0}, MSG_NOSIGNAL) = 428
20892 1783913155.858946 recvfrom(100, 0x7fc3985d70, 3200, MSG_DONTWAIT, NULL, NULL) = -1 EAGAIN (Try again)
20892 1783913155.868987 recvfrom(100, "nysv\0\0\0\0\0\0\0\0\0\0\0\0xr\243\232\233\1\0\0\216\233\1\0\0\0\0\0", 3200, MSG_DONTWAIT, NULL, NULL) = 32
20892 1783913155.869164 recvfrom(100, 0x7fc3986860, 3200, MSG_DONTWAIT, NULL, NULL) = -1 EAGAIN (Try again)
20892 1783913155.875705 recvfrom(100, 0x7fc3986760, 3200, MSG_DONTWAIT, NULL, NULL) = -1 EAGAIN (Try again)
21004 1783913155.876450 sendmsg(177, {msg_name=NULL, msg_namelen=0, msg_iov=[{iov_base="l\1\1\1\374\0\0\0\"\2\0\0\235\0\0\0\1\1o\0;\0\0\0/re/frid"..., iov_len=428}], msg_iovlen=1, msg_controllen=0, msg_flags=0}, MSG_NOSIGNAL) = 428
20892 1783913155.885810 recvfrom(100, "nysv\0\0\0\0\0\0\0\0\0\0\0\0\327\373\241\233\233\1\0\0\217\233\1\0\0\0\0\0", 3200, MSG_DONTWAIT, NULL, NULL) = 32
20892 1783913155.885885 recvfrom(100, 0x7fc3986860, 3200, MSG_DONTWAIT, NULL, NULL) = -1 EAGAIN (Try again)
21004 1783913155.886375 sendmsg(177, {msg_name=NULL, msg_namelen=0, msg_iov=[{iov_base="l\1\1\1\374\0\0\0#\2\0\0\235\0\0\0\1\1o\0;\0\0\0/re/frid"..., iov_len=428}], msg_iovlen=1, msg_controllen=0, msg_flags=0}, MSG_NOSIGNAL) = 428
20892 1783913156.309892 recvfrom(100, 0x7fc3986420, 3200, MSG_DONTWAIT, NULL, NULL) = -1 EAGAIN (Try again)
20892 1783913156.322971 recvfrom(100, "nysv\0\0\0\0\0\0\0\0\0\0\0\0a\350t\265\233\1\0\0\251\233\1\0\0\0\0\0", 3200, MSG_DONTWAIT, NULL, NULL) = 32
20892 1783913156.323052 recvfrom(100, 0x7fc3986860, 3200, MSG_DONTWAIT, NULL, NULL) = -1 EAGAIN (Try again)
20892 1783913156.323130 recvfrom(114, 0x7d0fd84020, 2272, MSG_DONTWAIT, NULL, NULL) = -1 EAGAIN (Try again)
21004 1783913156.325272 sendmsg(177, {msg_name=NULL, msg_namelen=0, msg_iov=[{iov_base="l\1\1\1\374\0\0\0$\2\0\0\235\0\0\0\1\1o\0;\0\0\0/re/frid"..., iov_len=428}], msg_iovlen=1, msg_controllen=0, msg_flags=0}, MSG_NOSIGNAL) = 428
20892 1783913156.351219 recvfrom(100, 0x7fc3985d70, 3200, MSG_DONTWAIT, NULL, NULL) = -1 EAGAIN (Try again)
20892 1783913156.351990 recvfrom(100, "nysv\0\0\0\0\0\0\0\0\0\0\0\0\2164r\267\233\1\0\0\253\233\1\0\0\0\0\0", 3200, MSG_DONTWAIT, NULL, NULL) = 32
20892 1783913156.352024 recvfrom(100, 0x7fc3986860, 3200, MSG_DONTWAIT, NULL, NULL) = -1 EAGAIN (Try again)
20892 1783913156.353651 recvfrom(100, 0x7fc3986760, 3200, MSG_DONTWAIT, NULL, NULL) = -1 EAGAIN (Try again)
21004 1783913156.354359 sendmsg(177, {msg_name=NULL, msg_namelen=0, msg_iov=[{iov_base="l\1\1\1\374\0\0\0%\2\0\0\235\0\0\0\1\1o\0;\0\0\0/re/frid"..., iov_len=428}], msg_iovlen=1, msg_controllen=0, msg_flags=0}, MSG_NOSIGNAL) = 428
20892 1783913156.371135 recvfrom(100, "nysv\0\0\0\0\0\0\0\0\0\0\0\0005Mp\270\233\1\0\0\254\233\1\0\0\0\0\0", 3200, MSG_DONTWAIT, NULL, NULL) = 32
20892 1783913156.371228 recvfrom(100, 0x7fc3986860, 3200, MSG_DONTWAIT, NULL, NULL) = -1 EAGAIN (Try again)
21004 1783913156.371833 sendmsg(177, {msg_name=NULL, msg_namelen=0, msg_iov=[{iov_base="l\1\1\1\374\0\0\0&\2\0\0\235\0\0\0\1\1o\0;\0\0\0/re/frid"..., iov_len=428}], msg_iovlen=1, msg_controllen=0, msg_flags=0}, MSG_NOSIGNAL) = 428
20892 1783913156.813866 recvfrom(100, 0x7fc3986420, 3200, MSG_DONTWAIT, NULL, NULL) = -1 EAGAIN (Try again)
20892 1783913156.819903 recvfrom(100, "nysv\0\0\0\0\0\0\0\0\0\0\0\0H~B\323\233\1\0\0\307\233\1\0\0\0\0\0", 3200, MSG_DONTWAIT, NULL, NULL) = 32
20892 1783913156.820002 recvfrom(100, 0x7fc3986860, 3200, MSG_DONTWAIT, NULL, NULL) = -1 EAGAIN (Try again)
20892 1783913156.820077 recvfrom(114, 0x7d0fd84020, 2272, MSG_DONTWAIT, NULL, NULL) = -1 EAGAIN (Try again)
21004 1783913156.824051 sendmsg(177, {msg_name=NULL, msg_namelen=0, msg_iov=[{iov_base="l\1\1\1\374\0\0\0'\2\0\0\235\0\0\0\1\1o\0;\0\0\0/re/frid"..., iov_len=428}], msg_iovlen=1, msg_controllen=0, msg_flags=0}, MSG_NOSIGNAL) = 428
20892 1783913156.855523 recvfrom(100, 0x7fc3985d70, 3200, MSG_DONTWAIT, NULL, NULL) = -1 EAGAIN (Try again)
20892 1783913156.870135 recvfrom(100, "nysv\0\0\0\0\0\0\0\0\0\0\0\0\372\30>\326\233\1\0\0\312\233\1\0\0\0\0\0", 3200, MSG_DONTWAIT, NULL, NULL) = 32
20892 1783913156.870190 recvfrom(100, 0x7fc3986860, 3200, MSG_DONTWAIT, NULL, NULL) = -1 EAGAIN (Try again)
20892 1783913156.875245 recvfrom(100, 0x7fc3986760, 3200, MSG_DONTWAIT, NULL, NULL) = -1 EAGAIN (Try again)
21004 1783913156.875822 sendmsg(177, {msg_name=NULL, msg_namelen=0, msg_iov=[{iov_base="l\1\1\1\374\0\0\0(\2\0\0\235\0\0\0\1\1o\0;\0\0\0/re/frid"..., iov_len=428}], msg_iovlen=1, msg_controllen=0, msg_flags=0}, MSG_NOSIGNAL) = 428
20892 1783913156.885729 recvfrom(100, "nysv\0\0\0\0\0\0\0\0\0\0\0\0\207\250<\327\233\1\0\0\313\233\1\0\0\0\0\0", 3200, MSG_DONTWAIT, NULL, NULL) = 32
20892 1783913156.885790 recvfrom(100, 0x7fc3986860, 3200, MSG_DONTWAIT, NULL, NULL) = -1 EAGAIN (Try again)
21004 1783913156.886230 sendmsg(177, {msg_name=NULL, msg_namelen=0, msg_iov=[{iov_base="l\1\1\1\374\0\0\0)\2\0\0\235\0\0\0\1\1o\0;\0\0\0/re/frid"..., iov_len=428}], msg_iovlen=1, msg_controllen=0, msg_flags=0}, MSG_NOSIGNAL) = 428
20892 1783913157.315528 recvfrom(100, 0x7fc3986420, 3200, MSG_DONTWAIT, NULL, NULL) = -1 EAGAIN (Try again)
20892 1783913157.319578 recvfrom(100, "nysv\0\0\0\0\0\0\0\0\0\0\0\0^\364\17\361\233\1\0\0\345\233\1\0\0\0\0\0", 3200, MSG_DONTWAIT, NULL, NULL) = 32
20892 1783913157.319771 recvfrom(100, 0x7fc3986860, 3200, MSG_DONTWAIT, NULL, NULL) = -1 EAGAIN (Try again)
20892 1783913157.319885 recvfrom(114, 0x7d0fd84020, 2272, MSG_DONTWAIT, NULL, NULL) = -1 EAGAIN (Try again)
21004 1783913157.324366 sendmsg(177, {msg_name=NULL, msg_namelen=0, msg_iov=[{iov_base="l\1\1\1\374\0\0\0*\2\0\0\235\0\0\0\1\1o\0;\0\0\0/re/frid"..., iov_len=428}], msg_iovlen=1, msg_controllen=0, msg_flags=0}, MSG_NOSIGNAL) = 428
20892 1783913157.356109 recvfrom(100, 0x7fc3985d70, 3200, MSG_DONTWAIT, NULL, NULL) = -1 EAGAIN (Try again)
20892 1783913157.369349 recvfrom(100, "nysv\0\0\0\0\0\0\0\0\0\0\0\0\301\304\v\364\233\1\0\0\350\233\1\0\0\0\0\0", 3200, MSG_DONTWAIT, NULL, NULL) = 32
20892 1783913157.369397 recvfrom(100, 0x7fc3986860, 3200, MSG_DONTWAIT, NULL, NULL) = -1 EAGAIN (Try again)
20892 1783913157.376288 recvfrom(100, 0x7fc3986760, 3200, MSG_DONTWAIT, NULL, NULL) = -1 EAGAIN (Try again)
21004 1783913157.376861 sendmsg(177, {msg_name=NULL, msg_namelen=0, msg_iov=[{iov_base="l\1\1\1\374\0\0\0+\2\0\0\235\0\0\0\1\1o\0;\0\0\0/re/frid"..., iov_len=428}], msg_iovlen=1, msg_controllen=0, msg_flags=0}, MSG_NOSIGNAL) = 428
20892 1783913157.385691 recvfrom(100, "nysv\0\0\0\0\0\0\0\0\0\0\0\0OQ\n\365\233\1\0\0\351\233\1\0\0\0\0\0", 3200, MSG_DONTWAIT, NULL, NULL) = 32
20892 1783913157.385743 recvfrom(100, 0x7fc3986860, 3200, MSG_DONTWAIT, NULL, NULL) = -1 EAGAIN (Try again)
21004 1783913157.386102 sendmsg(177, {msg_name=NULL, msg_namelen=0, msg_iov=[{iov_base="l\1\1\1\374\0\0\0,\2\0\0\235\0\0\0\1\1o\0;\0\0\0/re/frid"..., iov_len=428}], msg_iovlen=1, msg_controllen=0, msg_flags=0}, MSG_NOSIGNAL) = 428
20892 1783913157.823621 recvfrom(100, 0x7fc3986420, 3200, MSG_DONTWAIT, NULL, NULL) = -1 EAGAIN (Try again)
20892 1783913157.840540 recvfrom(100, "nysv\0\0\0\0\0\0\0\0\0\0\0\0Og\333\17\234\1\0\0\3\234\1\0\0\0\0\0", 3200, MSG_DONTWAIT, NULL, NULL) = 32
20892 1783913157.840615 recvfrom(100, 0x7fc3986860, 3200, MSG_DONTWAIT, NULL, NULL) = -1 EAGAIN (Try again)
20892 1783913157.840644 recvfrom(114, 0x7d0fd84020, 2272, MSG_DONTWAIT, NULL, NULL) = -1 EAGAIN (Try again)
21004 1783913157.843014 sendmsg(177, {msg_name=NULL, msg_namelen=0, msg_iov=[{iov_base="l\1\1\1\374\0\0\0-\2\0\0\235\0\0\0\1\1o\0;\0\0\0/re/frid"..., iov_len=428}], msg_iovlen=1, msg_controllen=0, msg_flags=0}, MSG_NOSIGNAL) = 428
20892 1783913157.873451 recvfrom(100, 0x7fc3985d70, 3200, MSG_DONTWAIT, NULL, NULL) = -1 EAGAIN (Try again)
20892 1783913157.886203 recvfrom(100, "nysv\0\0\0\0\0\0\0\0\0\0\0\0\246&\327\22\234\1\0\0\6\234\1\0\0\0\0\0", 3200, MSG_DONTWAIT, NULL, NULL) = 32
20892 1783913157.886243 recvfrom(100, 0x7fc3986860, 3200, MSG_DONTWAIT, NULL, NULL) = -1 EAGAIN (Try again)
20892 1783913157.889730 recvfrom(100, 0x7fc3986760, 3200, MSG_DONTWAIT, NULL, NULL) = -1 EAGAIN (Try again)
21004 1783913157.890306 sendmsg(177, {msg_name=NULL, msg_namelen=0, msg_iov=[{iov_base="l\1\1\1\374\0\0\0.\2\0\0\235\0\0\0\1\1o\0;\0\0\0/re/frid"..., iov_len=428}], msg_iovlen=1, msg_controllen=0, msg_flags=0}, MSG_NOSIGNAL) = 428
20892 1783913157.902788 recvfrom(100, "nysv\0\0\0\0\0\0\0\0\0\0\0\0\324\232\325\23\234\1\0\0\7\234\1\0\0\0\0\0", 3200, MSG_DONTWAIT, NULL, NULL) = 32
20892 1783913157.902853 recvfrom(100, 0x7fc3986860, 3200, MSG_DONTWAIT, NULL, NULL) = -1 EAGAIN (Try again)
21004 1783913157.903329 sendmsg(177, {msg_name=NULL, msg_namelen=0, msg_iov=[{iov_base="l\1\1\1\374\0\0\0/\2\0\0\235\0\0\0\1\1o\0;\0\0\0/re/frid"..., iov_len=428}], msg_iovlen=1, msg_controllen=0, msg_flags=0}, MSG_NOSIGNAL) = 428
20892 1783913158.325471 recvfrom(100, 0x7fc3986420, 3200, MSG_DONTWAIT, NULL, NULL) = -1 EAGAIN (Try again)
20892 1783913158.336356 recvfrom(100, "nysv\0\0\0\0\0\0\0\0\0\0\0\0\225\3\251-\234\1\0\0!\234\1\0\0\0\0\0", 3200, MSG_DONTWAIT, NULL, NULL) = 32
20892 1783913158.336583 recvfrom(100, 0x7fc3986860, 3200, MSG_DONTWAIT, NULL, NULL) = -1 EAGAIN (Try again)
20892 1783913158.336691 recvfrom(114, 0x7d0fd84020, 2272, MSG_DONTWAIT, NULL, NULL) = -1 EAGAIN (Try again)
21004 1783913158.340901 sendmsg(177, {msg_name=NULL, msg_namelen=0, msg_iov=[{iov_base="l\1\1\1\374\0\0\0000\2\0\0\235\0\0\0\1\1o\0;\0\0\0/re/frid"..., iov_len=428}], msg_iovlen=1, msg_controllen=0, msg_flags=0}, MSG_NOSIGNAL) = 428
20892 1783913158.372895 recvfrom(100, 0x7fc3985d70, 3200, MSG_DONTWAIT, NULL, NULL) = -1 EAGAIN (Try again)
20892 1783913158.386528 recvfrom(100, "nysv\0\0\0\0\0\0\0\0\0\0\0\0Q\260\2440\234\1\0\0$\234\1\0\0\0\0\0", 3200, MSG_DONTWAIT, NULL, NULL) = 32
20892 1783913158.386569 recvfrom(100, 0x7fc3986860, 3200, MSG_DONTWAIT, NULL, NULL) = -1 EAGAIN (Try again)
20892 1783913158.389962 recvfrom(100, 0x7fc3986760, 3200, MSG_DONTWAIT, NULL, NULL) = -1 EAGAIN (Try again)
21004 1783913158.390880 sendmsg(177, {msg_name=NULL, msg_namelen=0, msg_iov=[{iov_base="l\1\1\1\374\0\0\0001\2\0\0\235\0\0\0\1\1o\0;\0\0\0/re/frid"..., iov_len=428}], msg_iovlen=1, msg_controllen=0, msg_flags=0}, MSG_NOSIGNAL) = 428
20892 1783913158.403709 recvfrom(100, "nysv\0\0\0\0\0\0\0\0\0\0\0\0\36\353\2421\234\1\0\0%\234\1\0\0\0\0\0", 3200, MSG_DONTWAIT, NULL, NULL) = 32
20892 1783913158.403771 recvfrom(100, 0x7fc3986860, 3200, MSG_DONTWAIT, NULL, NULL) = -1 EAGAIN (Try again)
21004 1783913158.404284 sendmsg(177, {msg_name=NULL, msg_namelen=0, msg_iov=[{iov_base="l\1\1\1\374\0\0\0002\2\0\0\235\0\0\0\1\1o\0;\0\0\0/re/frid"..., iov_len=428}], msg_iovlen=1, msg_controllen=0, msg_flags=0}, MSG_NOSIGNAL) = 428
20892 1783913158.827348 recvfrom(100, 0x7fc3986420, 3200, MSG_DONTWAIT, NULL, NULL) = -1 EAGAIN (Try again)
20892 1783913158.839051 recvfrom(100, "nysv\0\0\0\0\0\0\0\0\0\0\0\0'1vK\234\1\0\0?\234\1\0\0\0\0\0", 3200, MSG_DONTWAIT, NULL, NULL) = 32
20892 1783913158.839143 recvfrom(100, 0x7fc3986860, 3200, MSG_DONTWAIT, NULL, NULL) = -1 EAGAIN (Try again)
20892 1783913158.839230 recvfrom(114, 0x7d0fd84020, 2272, MSG_DONTWAIT, NULL, NULL) = -1 EAGAIN (Try again)
21004 1783913158.844253 sendmsg(177, {msg_name=NULL, msg_namelen=0, msg_iov=[{iov_base="l\1\1\1\374\0\0\0003\2\0\0\235\0\0\0\1\1o\0;\0\0\0/re/frid"..., iov_len=428}], msg_iovlen=1, msg_controllen=0, msg_flags=0}, MSG_NOSIGNAL) = 428
20892 1783913158.876811 recvfrom(100, 0x7fc3985d70, 3200, MSG_DONTWAIT, NULL, NULL) = -1 EAGAIN (Try again)
20892 1783913158.885861 recvfrom(100, "nysv\0\0\0\0\0\0\0\0\0\0\0\0P\332qN\234\1\0\0B\234\1\0\0\0\0\0", 3200, MSG_DONTWAIT, NULL, NULL) = 32
20892 1783913158.885913 recvfrom(100, 0x7fc3986860, 3200, MSG_DONTWAIT, NULL, NULL) = -1 EAGAIN (Try again)
20892 1783913158.887727 recvfrom(100, 0x7fc3986760, 3200, MSG_DONTWAIT, NULL, NULL) = -1 EAGAIN (Try again)
21004 1783913158.888456 sendmsg(177, {msg_name=NULL, msg_namelen=0, msg_iov=[{iov_base="l\1\1\1\374\0\0\0004\2\0\0\235\0\0\0\1\1o\0;\0\0\0/re/frid"..., iov_len=428}], msg_iovlen=1, msg_controllen=0, msg_flags=0}, MSG_NOSIGNAL) = 428
20892 1783913158.905359 recvfrom(100, "nysv\0\0\0\0\0\0\0\0\0\0\0\0(\260oO\234\1\0\0C\234\1\0\0\0\0\0", 3200, MSG_DONTWAIT, NULL, NULL) = 32
20892 1783913158.905384 recvfrom(100, 0x7fc3986860, 3200, MSG_DONTWAIT, NULL, NULL) = -1 EAGAIN (Try again)
21004 1783913158.905679 sendmsg(177, {msg_name=NULL, msg_namelen=0, msg_iov=[{iov_base="l\1\1\1\374\0\0\0005\2\0\0\235\0\0\0\1\1o\0;\0\0\0/re/frid"..., iov_len=428}], msg_iovlen=1, msg_controllen=0, msg_flags=0}, MSG_NOSIGNAL) = 428
20892 1783913159.332885 recvfrom(100, 0x7fc3986420, 3200, MSG_DONTWAIT, NULL, NULL) = -1 EAGAIN (Try again)
20892 1783913159.336173 recvfrom(100, "nysv\0\0\0\0\0\0\0\0\0\0\0\0007\311Ci\234\1\0\0]\234\1\0\0\0\0\0", 3200, MSG_DONTWAIT, NULL, NULL) = 32
20892 1783913159.336241 recvfrom(100, 0x7fc3986860, 3200, MSG_DONTWAIT, NULL, NULL) = -1 EAGAIN (Try again)
20892 1783913159.336315 recvfrom(114, 0x7d0fd84020, 2272, MSG_DONTWAIT, NULL, NULL) = -1 EAGAIN (Try again)
21004 1783913159.343943 sendmsg(177, {msg_name=NULL, msg_namelen=0, msg_iov=[{iov_base="l\1\1\1\374\0\0\0006\2\0\0\235\0\0\0\1\1o\0;\0\0\0/re/frid"..., iov_len=428}], msg_iovlen=1, msg_controllen=0, msg_flags=0}, MSG_NOSIGNAL) = 428
20892 1783913159.376749 recvfrom(100, 0x7fc3985d70, 3200, MSG_DONTWAIT, NULL, NULL) = -1 EAGAIN (Try again)
20892 1783913159.386052 recvfrom(100, "nysv\0\0\0\0\0\0\0\0\0\0\0\0\210E?l\234\1\0\0`\234\1\0\0\0\0\0", 3200, MSG_DONTWAIT, NULL, NULL) = 32
20892 1783913159.386094 recvfrom(100, 0x7fc3986860, 3200, MSG_DONTWAIT, NULL, NULL) = -1 EAGAIN (Try again)
20892 1783913159.388048 recvfrom(100, 0x7fc3986760, 3200, MSG_DONTWAIT, NULL, NULL) = -1 EAGAIN (Try again)
21004 1783913159.388877 sendmsg(177, {msg_name=NULL, msg_namelen=0, msg_iov=[{iov_base="l\1\1\1\374\0\0\0007\2\0\0\235\0\0\0\1\1o\0;\0\0\0/re/frid"..., iov_len=428}], msg_iovlen=1, msg_controllen=0, msg_flags=0}, MSG_NOSIGNAL) = 428
20892 1783913159.405158 recvfrom(100, "nysv\0\0\0\0\0\0\0\0\0\0\0\0\334)=m\234\1\0\0a\234\1\0\0\0\0\0", 3200, MSG_DONTWAIT, NULL, NULL) = 32
20892 1783913159.405177 recvfrom(100, 0x7fc3986860, 3200, MSG_DONTWAIT, NULL, NULL) = -1 EAGAIN (Try again)
21004 1783913159.405463 sendmsg(177, {msg_name=NULL, msg_namelen=0, msg_iov=[{iov_base="l\1\1\1\374\0\0\08\2\0\0\235\0\0\0\1\1o\0;\0\0\0/re/frid"..., iov_len=428}], msg_iovlen=1, msg_controllen=0, msg_flags=0}, MSG_NOSIGNAL) = 428
20892 1783913159.839556 recvfrom(100, 0x7fc3986420, 3200, MSG_DONTWAIT, NULL, NULL) = -1 EAGAIN (Try again)
20892 1783913159.841681 recvfrom(100, "nysv\0\0\0\0\0\0\0\0\0\0\0\0\377\372\20\207\234\1\0\0{\234\1\0\0\0\0\0", 3200, MSG_DONTWAIT, NULL, NULL) = 32
20892 1783913159.841742 recvfrom(100, 0x7fc3986860, 3200, MSG_DONTWAIT, NULL, NULL) = -1 EAGAIN (Try again)
20892 1783913159.841796 recvfrom(114, 0x7d0fd84020, 2272, MSG_DONTWAIT, NULL, NULL) = -1 EAGAIN (Try again)
21004 1783913159.845051 sendmsg(177, {msg_name=NULL, msg_namelen=0, msg_iov=[{iov_base="l\1\1\1\374\0\0\09\2\0\0\235\0\0\0\1\1o\0;\0\0\0/re/frid"..., iov_len=428}], msg_iovlen=1, msg_controllen=0, msg_flags=0}, MSG_NOSIGNAL) = 428
20892 1783913159.874784 recvfrom(100, 0x7fc3985d70, 3200, MSG_DONTWAIT, NULL, NULL) = -1 EAGAIN (Try again)
20892 1783913159.885695 recvfrom(100, "nysv\0\0\0\0\0\0\0\0\0\0\0\0\346\n\f\212\234\1\0\0~\234\1\0\0\0\0\0", 3200, MSG_DONTWAIT, NULL, NULL) = 32
20892 1783913159.885743 recvfrom(100, 0x7fc3986860, 3200, MSG_DONTWAIT, NULL, NULL) = -1 EAGAIN (Try again)
20892 1783913159.892199 recvfrom(100, 0x7fc3986760, 3200, MSG_DONTWAIT, NULL, NULL) = -1 EAGAIN (Try again)
21004 1783913159.893041 sendmsg(177, {msg_name=NULL, msg_namelen=0, msg_iov=[{iov_base="l\1\1\1\374\0\0\0:\2\0\0\235\0\0\0\1\1o\0;\0\0\0/re/frid"..., iov_len=428}], msg_iovlen=1, msg_controllen=0, msg_flags=0}, MSG_NOSIGNAL) = 428
20892 1783913159.903484 recvfrom(100, "nysv\0\0\0\0\0\0\0\0\0\0\0\0\211S\n\213\234\1\0\0\177\234\1\0\0\0\0\0", 3200, MSG_DONTWAIT, NULL, NULL) = 32
20892 1783913159.903520 recvfrom(100, 0x7fc3986860, 3200, MSG_DONTWAIT, NULL, NULL) = -1 EAGAIN (Try again)
21004 1783913159.903968 sendmsg(177, {msg_name=NULL, msg_namelen=0, msg_iov=[{iov_base="l\1\1\1\374\0\0\0;\2\0\0\235\0\0\0\1\1o\0;\0\0\0/re/frid"..., iov_len=428}], msg_iovlen=1, msg_controllen=0, msg_flags=0}, MSG_NOSIGNAL) = 428
20892 1783913160.341702 recvfrom(100, 0x7fc3986420, 3200, MSG_DONTWAIT, NULL, NULL) = -1 EAGAIN (Try again)
20892 1783913160.352389 recvfrom(100, "nysv\0\0\0\0\0\0\0\0\0\0\0\0%\t\335\245\234\1\0\0\232\234\1\0\0\0\0\0", 3200, MSG_DONTWAIT, NULL, NULL) = 32
20892 1783913160.352424 recvfrom(100, 0x7fc3986860, 3200, MSG_DONTWAIT, NULL, NULL) = -1 EAGAIN (Try again)
20892 1783913160.352452 recvfrom(114, 0x7d0fd84020, 2272, MSG_DONTWAIT, NULL, NULL) = -1 EAGAIN (Try again)
21004 1783913160.354232 sendmsg(177, {msg_name=NULL, msg_namelen=0, msg_iov=[{iov_base="l\1\1\1\374\0\0\0<\2\0\0\235\0\0\0\1\1o\0;\0\0\0/re/frid"..., iov_len=428}], msg_iovlen=1, msg_controllen=0, msg_flags=0}, MSG_NOSIGNAL) = 428
20892 1783913160.385004 recvfrom(100, 0x7fc3985d70, 3200, MSG_DONTWAIT, NULL, NULL) = -1 EAGAIN (Try again)
20892 1783913160.385942 recvfrom(100, "nysv\0\0\0\0\0\0\0\0\0\0\0\0y\251\331\247\234\1\0\0\234\234\1\0\0\0\0\0", 3200, MSG_DONTWAIT, NULL, NULL) = 32
20892 1783913160.386009 recvfrom(100, 0x7fc3986860, 3200, MSG_DONTWAIT, NULL, NULL) = -1 EAGAIN (Try again)
20892 1783913160.387510 recvfrom(100, 0x7fc3986760, 3200, MSG_DONTWAIT, NULL, NULL) = -1 EAGAIN (Try again)
21004 1783913160.388007 sendmsg(177, {msg_name=NULL, msg_namelen=0, msg_iov=[{iov_base="l\1\1\1\374\0\0\0=\2\0\0\235\0\0\0\1\1o\0;\0\0\0/re/frid"..., iov_len=428}], msg_iovlen=1, msg_controllen=0, msg_flags=0}, MSG_NOSIGNAL) = 428
20892 1783913160.403428 recvfrom(100, "nysv\0\0\0\0\0\0\0\0\0\0\0\0\316\372\327\250\234\1\0\0\235\234\1\0\0\0\0\0", 3200, MSG_DONTWAIT, NULL, NULL) = 32
20892 1783913160.403463 recvfrom(100, 0x7fc3986860, 3200, MSG_DONTWAIT, NULL, NULL) = -1 EAGAIN (Try again)
21004 1783913160.403887 sendmsg(177, {msg_name=NULL, msg_namelen=0, msg_iov=[{iov_base="l\1\1\1\374\0\0\0>\2\0\0\235\0\0\0\1\1o\0;\0\0\0/re/frid"..., iov_len=428}], msg_iovlen=1, msg_controllen=0, msg_flags=0}, MSG_NOSIGNAL) = 428
20892 1783913160.845885 recvfrom(100, 0x7fc3986420, 3200, MSG_DONTWAIT, NULL, NULL) = -1 EAGAIN (Try again)
20892 1783913160.853791 recvfrom(100, "nysv\0\0\0\0\0\0\0\0\0\0\0\0L\36\252\303\234\1\0\0\270\234\1\0\0\0\0\0", 3200, MSG_DONTWAIT, NULL, NULL) = 32
20892 1783913160.853911 recvfrom(100, 0x7fc3986860, 3200, MSG_DONTWAIT, NULL, NULL) = -1 EAGAIN (Try again)
20892 1783913160.854037 recvfrom(114, 0x7d0fd84020, 2272, MSG_DONTWAIT, NULL, NULL) = -1 EAGAIN (Try again)
21004 1783913160.858614 sendmsg(177, {msg_name=NULL, msg_namelen=0, msg_iov=[{iov_base="l\1\1\1\374\0\0\0?\2\0\0\235\0\0\0\1\1o\0;\0\0\0/re/frid"..., iov_len=428}], msg_iovlen=1, msg_controllen=0, msg_flags=0}, MSG_NOSIGNAL) = 428
20892 1783913160.890881 recvfrom(100, 0x7fc3985d70, 3200, MSG_DONTWAIT, NULL, NULL) = -1 EAGAIN (Try again)
20892 1783913160.902164 recvfrom(100, "nysv\0\0\0\0\0\0\0\0\0\0\0\0y\334\245\306\234\1\0\0\273\234\1\0\0\0\0\0", 3200, MSG_DONTWAIT, NULL, NULL) = 32
20892 1783913160.902198 recvfrom(100, 0x7fc3986860, 3200, MSG_DONTWAIT, NULL, NULL) = -1 EAGAIN (Try again)
20892 1783913160.906067 recvfrom(100, 0x7fc3986760, 3200, MSG_DONTWAIT, NULL, NULL) = -1 EAGAIN (Try again)
21004 1783913160.908203 sendmsg(177, {msg_name=NULL, msg_namelen=0, msg_iov=[{iov_base="l\1\1\1\374\0\0\0@\2\0\0\235\0\0\0\1\1o\0;\0\0\0/re/frid"..., iov_len=428}], msg_iovlen=1, msg_controllen=0, msg_flags=0}, MSG_NOSIGNAL) = 428
20892 1783913160.921010 recvfrom(100, "nysv\0\0\0\0\0\0\0\0\0\0\0\0\250\367\243\307\234\1\0\0\274\234\1\0\0\0\0\0", 3200, MSG_DONTWAIT, NULL, NULL) = 32
20892 1783913160.921049 recvfrom(100, 0x7fc3986860, 3200, MSG_DONTWAIT, NULL, NULL) = -1 EAGAIN (Try again)
21004 1783913160.921587 sendmsg(177, {msg_name=NULL, msg_namelen=0, msg_iov=[{iov_base="l\1\1\1\374\0\0\0A\2\0\0\235\0\0\0\1\1o\0;\0\0\0/re/frid"..., iov_len=428}], msg_iovlen=1, msg_controllen=0, msg_flags=0}, MSG_NOSIGNAL) = 428
20892 1783913161.347464 recvfrom(100, 0x7fc3986420, 3200, MSG_DONTWAIT, NULL, NULL) = -1 EAGAIN (Try again)
20892 1783913161.354320 recvfrom(100, "nysv\0\0\0\0\0\0\0\0\0\0\0\0\355yw\341\234\1\0\0\325\234\1\0\0\0\0\0", 3200, MSG_DONTWAIT, NULL, NULL) = 32
20892 1783913161.354449 recvfrom(100, 0x7fc3986860, 3200, MSG_DONTWAIT, NULL, NULL) = -1 EAGAIN (Try again)
20892 1783913161.354670 recvfrom(114, 0x7d0fd84020, 2272, MSG_DONTWAIT, NULL, NULL) = -1 EAGAIN (Try again)
21004 1783913161.359295 sendmsg(177, {msg_name=NULL, msg_namelen=0, msg_iov=[{iov_base="l\1\1\1\374\0\0\0B\2\0\0\235\0\0\0\1\1o\0;\0\0\0/re/frid"..., iov_len=428}], msg_iovlen=1, msg_controllen=0, msg_flags=0}, MSG_NOSIGNAL) = 428
20892 1783913161.389588 recvfrom(100, 0x7fc3985d70, 3200, MSG_DONTWAIT, NULL, NULL) = -1 EAGAIN (Try again)
20892 1783913161.403566 recvfrom(100, "nysv\0\0\0\0\0\0\0\0\0\0\0\0\222\246r\344\234\1\0\0\330\234\1\0\0\0\0\0", 3200, MSG_DONTWAIT, NULL, NULL) = 32
20892 1783913161.403616 recvfrom(100, 0x7fc3986860, 3200, MSG_DONTWAIT, NULL, NULL) = -1 EAGAIN (Try again)
20892 1783913161.407252 recvfrom(100, 0x7fc3986760, 3200, MSG_DONTWAIT, NULL, NULL) = -1 EAGAIN (Try again)
21004 1783913161.407746 sendmsg(177, {msg_name=NULL, msg_namelen=0, msg_iov=[{iov_base="l\1\1\1\374\0\0\0C\2\0\0\235\0\0\0\1\1o\0;\0\0\0/re/frid"..., iov_len=428}], msg_iovlen=1, msg_controllen=0, msg_flags=0}, MSG_NOSIGNAL) = 428
20892 1783913161.423177 recvfrom(100, "nysv\0\0\0\0\0\0\0\0\0\0\0\0\225\272p\345\234\1\0\0\331\234\1\0\0\0\0\0", 3200, MSG_DONTWAIT, NULL, NULL) = 32
20892 1783913161.423213 recvfrom(100, 0x7fc3986860, 3200, MSG_DONTWAIT, NULL, NULL) = -1 EAGAIN (Try again)
21004 1783913161.423677 sendmsg(177, {msg_name=NULL, msg_namelen=0, msg_iov=[{iov_base="l\1\1\1\374\0\0\0D\2\0\0\235\0\0\0\1\1o\0;\0\0\0/re/frid"..., iov_len=428}], msg_iovlen=1, msg_controllen=0, msg_flags=0}, MSG_NOSIGNAL) = 428
20892 1783913161.849210 recvfrom(100, 0x7fc3986420, 3200, MSG_DONTWAIT, NULL, NULL) = -1 EAGAIN (Try again)
20892 1783913161.854420 recvfrom(100, "nysv\0\0\0\0\0\0\0\0\0\0\0\0\362\357D\377\234\1\0\0\363\234\1\0\0\0\0\0", 3200, MSG_DONTWAIT, NULL, NULL) = 32
20892 1783913161.854569 recvfrom(100, 0x7fc3986860, 3200, MSG_DONTWAIT, NULL, NULL) = -1 EAGAIN (Try again)
20892 1783913161.854651 recvfrom(114, 0x7d0fd84020, 2272, MSG_DONTWAIT, NULL, NULL) = -1 EAGAIN (Try again)
21004 1783913161.859022 sendmsg(177, {msg_name=NULL, msg_namelen=0, msg_iov=[{iov_base="l\1\1\1\374\0\0\0E\2\0\0\235\0\0\0\1\1o\0;\0\0\0/re/frid"..., iov_len=428}], msg_iovlen=1, msg_controllen=0, msg_flags=0}, MSG_NOSIGNAL) = 428
20892 1783913161.888500 recvfrom(100, 0x7fc3985d70, 3200, MSG_DONTWAIT, NULL, NULL) = -1 EAGAIN (Try again)
20892 1783913161.904317 recvfrom(100, "nysv\0\0\0\0\0\0\0\0\0\0\0\0w\333?\2\235\1\0\0\366\234\1\0\0\0\0\0", 3200, MSG_DONTWAIT, NULL, NULL) = 32
20892 1783913161.904349 recvfrom(100, 0x7fc3986860, 3200, MSG_DONTWAIT, NULL, NULL) = -1 EAGAIN (Try again)
20892 1783913161.907046 recvfrom(100, 0x7fc3986760, 3200, MSG_DONTWAIT, NULL, NULL) = -1 EAGAIN (Try again)
21004 1783913161.907579 sendmsg(177, {msg_name=NULL, msg_namelen=0, msg_iov=[{iov_base="l\1\1\1\374\0\0\0F\2\0\0\235\0\0\0\1\1o\0;\0\0\0/re/frid"..., iov_len=428}], msg_iovlen=1, msg_controllen=0, msg_flags=0}, MSG_NOSIGNAL) = 428
20892 1783913161.919427 recvfrom(100, "nysv\0\0\0\0\0\0\0\0\0\0\0\0;R>\3\235\1\0\0\367\234\1\0\0\0\0\0", 3200, MSG_DONTWAIT, NULL, NULL) = 32
20892 1783913161.919470 recvfrom(100, 0x7fc3986860, 3200, MSG_DONTWAIT, NULL, NULL) = -1 EAGAIN (Try again)
21004 1783913161.920023 sendmsg(177, {msg_name=NULL, msg_namelen=0, msg_iov=[{iov_base="l\1\1\1\374\0\0\0G\2\0\0\235\0\0\0\1\1o\0;\0\0\0/re/frid"..., iov_len=428}], msg_iovlen=1, msg_controllen=0, msg_flags=0}, MSG_NOSIGNAL) = 428
21004 1783913162.322941 sendmsg(177, {msg_name=NULL, msg_namelen=0, msg_iov=[{iov_base="l\1\1\1\374\0\0\0H\2\0\0\235\0\0\0\1\1o\0;\0\0\0/re/frid"..., iov_len=428}], msg_iovlen=1, msg_controllen=0, msg_flags=0}, MSG_NOSIGNAL) = 428
21004 1783913162.324499 sendmsg(177, {msg_name=NULL, msg_namelen=0, msg_iov=[{iov_base="l\1\1\1\374\0\0\0I\2\0\0\235\0\0\0\1\1o\0;\0\0\0/re/frid"..., iov_len=428}], msg_iovlen=1, msg_controllen=0, msg_flags=0}, MSG_NOSIGNAL) = 428
20892 1783913162.328795 recvfrom(100, 0x7fc39862c0, 3200, MSG_DONTWAIT, NULL, NULL) = -1 EAGAIN (Try again)
20892 1783913162.335869 recvfrom(100, "nysv\0\0\0\0\0\0\0\0\0\0\0\0\0373\24\34\235\1\0\0\17\235\1\0\0\0\0\0", 3200, MSG_DONTWAIT, NULL, NULL) = 32
20892 1783913162.335900 recvfrom(100, 0x7fc3986860, 3200, MSG_DONTWAIT, NULL, NULL) = -1 EAGAIN (Try again)
20892 1783913162.335926 recvfrom(114, 0x7d0fd84020, 2272, MSG_DONTWAIT, NULL, NULL) = -1 EAGAIN (Try again)
21004 1783913162.343443 sendmsg(177, {msg_name=NULL, msg_namelen=0, msg_iov=[{iov_base="l\1\1\1\374\0\0\0J\2\0\0\235\0\0\0\1\1o\0;\0\0\0/re/frid"..., iov_len=428}], msg_iovlen=1, msg_controllen=0, msg_flags=0}, MSG_NOSIGNAL) = 428
20892 1783913162.404041 recvfrom(100, 0x7fc3985d70, 3200, MSG_DONTWAIT, NULL, NULL) = -1 EAGAIN (Try again)
20892 1783913162.419327 recvfrom(100, "nysv\0\0\0\0\0\0\0\0\0\0\0\0003\n\r!\235\1\0\0\24\235\1\0\0\0\0\0", 3200, MSG_DONTWAIT, NULL, NULL) = 32
20892 1783913162.419390 recvfrom(100, 0x7fc3986860, 3200, MSG_DONTWAIT, NULL, NULL) = -1 EAGAIN (Try again)
20892 1783913162.423852 recvfrom(100, 0x7fc3986760, 3200, MSG_DONTWAIT, NULL, NULL) = -1 EAGAIN (Try again)
21004 1783913162.424442 sendmsg(177, {msg_name=NULL, msg_namelen=0, msg_iov=[{iov_base="l\1\1\1\374\0\0\0K\2\0\0\235\0\0\0\1\1o\0;\0\0\0/re/frid"..., iov_len=428}], msg_iovlen=1, msg_controllen=0, msg_flags=0}, MSG_NOSIGNAL) = 428
20892 1783913162.441095 recvfrom(100, "nysv\0\0\0\0\0\0\0\0\0\0\0\0\260Q\n\"\235\1\0\0\25\235\1\0\0\0\0\0", 3200, MSG_DONTWAIT, NULL, NULL) = 32
20892 1783913162.441125 recvfrom(100, 0x7fc3986860, 3200, MSG_DONTWAIT, NULL, NULL) = -1 EAGAIN (Try again)
21004 1783913162.441704 sendmsg(177, {msg_name=NULL, msg_namelen=0, msg_iov=[{iov_base="l\1\1\1\374\0\0\0L\2\0\0\235\0\0\0\1\1o\0;\0\0\0/re/frid"..., iov_len=428}], msg_iovlen=1, msg_controllen=0, msg_flags=0}, MSG_NOSIGNAL) = 428
21004 1783913162.592694 sendmsg(177, {msg_name=NULL, msg_namelen=0, msg_iov=[{iov_base="l\1\1\1\374\0\0\0M\2\0\0\235\0\0\0\1\1o\0;\0\0\0/re/frid"..., iov_len=428}], msg_iovlen=1, msg_controllen=0, msg_flags=0}, MSG_NOSIGNAL) = 428
20892 1783913162.593987 recvfrom(100, 0x7fc3985fd0, 3200, MSG_DONTWAIT, NULL, NULL) = -1 EAGAIN (Try again)
20892 1783913162.602682 recvfrom(100, "nysv\0\0\0\0\0\0\0\0\0\0\0\0\357\261\371+\235\1\0\0\37\235\1\0\0\0\0\0", 3200, MSG_DONTWAIT, NULL, NULL) = 32
20892 1783913162.602756 recvfrom(100, 0x7fc3986860, 3200, MSG_DONTWAIT, NULL, NULL) = -1 EAGAIN (Try again)
20892 1783913162.602908 recvfrom(114, 0x7d0fd84020, 2272, MSG_DONTWAIT, NULL, NULL) = -1 EAGAIN (Try again)
20892 1783913162.610784 recvfrom(100, 0x7fc3985920, 3200, MSG_DONTWAIT, NULL, NULL) = -1 EAGAIN (Try again)
20892 1783913162.619158 recvfrom(100, "nysv\0\0\0\0\0\0\0\0\0\0\0\0\0\373\367,\235\1\0\0 \235\1\0\0\0\0\0", 3200, MSG_DONTWAIT, NULL, NULL) = 32
20892 1783913162.619191 recvfrom(100, 0x7fc3986860, 3200, MSG_DONTWAIT, NULL, NULL) = -1 EAGAIN (Try again)
20892 1783913162.619262 recvfrom(114, 0x7d0fd84020, 2272, MSG_DONTWAIT, NULL, NULL) = -1 EAGAIN (Try again)
20892 1783913162.685311 recvfrom(100, 0x7fc3985d70, 3200, MSG_DONTWAIT, NULL, NULL) = -1 EAGAIN (Try again)
21004 1783913162.686381 sendmsg(177, {msg_name=NULL, msg_namelen=0, msg_iov=[{iov_base="l\1\1\1\374\0\0\0N\2\0\0\235\0\0\0\1\1o\0;\0\0\0/re/frid"..., iov_len=428}], msg_iovlen=1, msg_controllen=0, msg_flags=0}, MSG_NOSIGNAL) = 428
20892 1783913162.687116 recvfrom(100, "nysv\0\0\0\0\0\0\0\0\0\0\0\0\3101\3620\235\1\0\0$\235\1\0\0\0\0\0", 3200, MSG_DONTWAIT, NULL, NULL) = 32
20892 1783913162.687184 recvfrom(100, 0x7fc3986860, 3200, MSG_DONTWAIT, NULL, NULL) = -1 EAGAIN (Try again)
20892 1783913162.690086 recvfrom(100, 0x7fc3986760, 3200, MSG_DONTWAIT, NULL, NULL) = -1 EAGAIN (Try again)
21004 1783913162.690622 sendmsg(177, {msg_name=NULL, msg_namelen=0, msg_iov=[{iov_base="l\1\1\1\374\0\0\0O\2\0\0\235\0\0\0\1\1o\0;\0\0\0/re/frid"..., iov_len=428}], msg_iovlen=1, msg_controllen=0, msg_flags=0}, MSG_NOSIGNAL) = 428
20892 1783913162.702586 recvfrom(100, "nysv\0\0\0\0\0\0\0\0\0\0\0\0\366\262\3601\235\1\0\0%\235\1\0\0\0\0\0", 3200, MSG_DONTWAIT, NULL, NULL) = 32
20892 1783913162.702811 recvfrom(100, 0x7fc3986860, 3200, MSG_DONTWAIT, NULL, NULL) = -1 EAGAIN (Try again)
21004 1783913162.703264 sendmsg(177, {msg_name=NULL, msg_namelen=0, msg_iov=[{iov_base="l\1\1\1\374\0\0\0P\2\0\0\235\0\0\0\1\1o\0;\0\0\0/re/frid"..., iov_len=428}], msg_iovlen=1, msg_controllen=0, msg_flags=0}, MSG_NOSIGNAL) = 428
20892 1783913162.732195 recvfrom(100, 0x7fc3985d70, 3200, MSG_DONTWAIT, NULL, NULL) = -1 EAGAIN (Try again)
20892 1783913162.736294 recvfrom(100, "nysv\0\0\0\0\0\0\0\0\0\0\0\0\300\350\3553\235\1\0\0'\235\1\0\0\0\0\0", 3200, MSG_DONTWAIT, NULL, NULL) = 32
20892 1783913162.736318 recvfrom(100, 0x7fc3986860, 3200, MSG_DONTWAIT, NULL, NULL) = -1 EAGAIN (Try again)
20892 1783913162.744006 recvfrom(100, 0x7fc3986760, 3200, MSG_DONTWAIT, NULL, NULL) = -1 EAGAIN (Try again)
21004 1783913162.745038 sendmsg(177, {msg_name=NULL, msg_namelen=0, msg_iov=[{iov_base="l\1\1\1\374\0\0\0Q\2\0\0\235\0\0\0\1\1o\0;\0\0\0/re/frid"..., iov_len=428}], msg_iovlen=1, msg_controllen=0, msg_flags=0}, MSG_NOSIGNAL) = 428
20892 1783913162.754444 recvfrom(100, "nysv\0\0\0\0\0\0\0\0\0\0\0\0\320\372\3534\235\1\0\0(\235\1\0\0\0\0\0", 3200, MSG_DONTWAIT, NULL, NULL) = 32
20892 1783913162.754627 recvfrom(100, 0x7fc3986860, 3200, MSG_DONTWAIT, NULL, NULL) = -1 EAGAIN (Try again)
21004 1783913162.755214 sendmsg(177, {msg_name=NULL, msg_namelen=0, msg_iov=[{iov_base="l\1\1\1\374\0\0\0R\2\0\0\235\0\0\0\1\1o\0;\0\0\0/re/frid"..., iov_len=428}], msg_iovlen=1, msg_controllen=0, msg_flags=0}, MSG_NOSIGNAL) = 428
20892 1783913163.113027 recvfrom(100, 0x7fc3986420, 3200, MSG_DONTWAIT, NULL, NULL) = -1 EAGAIN (Try again)
20892 1783913163.120033 recvfrom(100, "nysv\0\0\0\0\0\0\0\0\0\0\0\08q\305J\235\1\0\0>\235\1\0\0\0\0\0", 3200, MSG_DONTWAIT, NULL, NULL) = 32
20892 1783913163.120062 recvfrom(100, 0x7fc3986860, 3200, MSG_DONTWAIT, NULL, NULL) = -1 EAGAIN (Try again)
20892 1783913163.120089 recvfrom(114, 0x7d0fd84020, 2272, MSG_DONTWAIT, NULL, NULL) = -1 EAGAIN (Try again)
21004 1783913163.125214 sendmsg(177, {msg_name=NULL, msg_namelen=0, msg_iov=[{iov_base="l\1\1\1\374\0\0\0S\2\0\0\235\0\0\0\1\1o\0;\0\0\0/re/frid"..., iov_len=428}], msg_iovlen=1, msg_controllen=0, msg_flags=0}, MSG_NOSIGNAL) = 428
20892 1783913163.161385 recvfrom(100, 0x7fc3985d70, 3200, MSG_DONTWAIT, NULL, NULL) = -1 EAGAIN (Try again)
20892 1783913163.168882 recvfrom(100, "nysv\0\0\0\0\0\0\0\0\0\0\0\0o\251\300M\235\1\0\0A\235\1\0\0\0\0\0", 3200, MSG_DONTWAIT, NULL, NULL) = 32
20892 1783913163.169106 recvfrom(100, 0x7fc3986860, 3200, MSG_DONTWAIT, NULL, NULL) = -1 EAGAIN (Try again)
20892 1783913163.172949 recvfrom(100, 0x7fc3986760, 3200, MSG_DONTWAIT, NULL, NULL) = -1 EAGAIN (Try again)
21004 1783913163.173793 sendmsg(177, {msg_name=NULL, msg_namelen=0, msg_iov=[{iov_base="l\1\1\1\374\0\0\0T\2\0\0\235\0\0\0\1\1o\0;\0\0\0/re/frid"..., iov_len=428}], msg_iovlen=1, msg_controllen=0, msg_flags=0}, MSG_NOSIGNAL) = 428
20892 1783913163.186711 recvfrom(100, "nysv\0\0\0\0\0\0\0\0\0\0\0\0\252\4\277N\235\1\0\0B\235\1\0\0\0\0\0", 3200, MSG_DONTWAIT, NULL, NULL) = 32
20892 1783913163.186737 recvfrom(100, 0x7fc3986860, 3200, MSG_DONTWAIT, NULL, NULL) = -1 EAGAIN (Try again)
21004 1783913163.187276 sendmsg(177, {msg_name=NULL, msg_namelen=0, msg_iov=[{iov_base="l\1\1\1\374\0\0\0U\2\0\0\235\0\0\0\1\1o\0;\0\0\0/re/frid"..., iov_len=428}], msg_iovlen=1, msg_controllen=0, msg_flags=0}, MSG_NOSIGNAL) = 428
21004 1783913163.511309 sendmsg(177, {msg_name=NULL, msg_namelen=0, msg_iov=[{iov_base="l\1\1\1\374\0\0\0V\2\0\0\235\0\0\0\1\1o\0;\0\0\0/re/frid"..., iov_len=428}], msg_iovlen=1, msg_controllen=0, msg_flags=0}, MSG_NOSIGNAL) = 428
20892 1783913163.615630 recvfrom(100, 0x7fc3986420, 3200, MSG_DONTWAIT, NULL, NULL) = -1 EAGAIN (Try again)
20892 1783913163.620644 recvfrom(100, "nysv\0\0\0\0\0\0\0\0\0\0\0\0\3\\\226h\235\1\0\0\\\235\1\0\0\0\0\0", 3200, MSG_DONTWAIT, NULL, NULL) = 32
20892 1783913163.620675 recvfrom(100, 0x7fc3986860, 3200, MSG_DONTWAIT, NULL, NULL) = -1 EAGAIN (Try again)
20892 1783913163.620705 recvfrom(114, 0x7d0fd84020, 2272, MSG_DONTWAIT, NULL, NULL) = -1 EAGAIN (Try again)
21004 1783913163.622429 sendmsg(177, {msg_name=NULL, msg_namelen=0, msg_iov=[{iov_base="l\1\1\1\374\0\0\0W\2\0\0\235\0\0\0\1\1o\0;\0\0\0/re/frid"..., iov_len=428}], msg_iovlen=1, msg_controllen=0, msg_flags=0}, MSG_NOSIGNAL) = 428
20892 1783913163.644923 recvfrom(100, 0x7fc3985d70, 3200, MSG_DONTWAIT, NULL, NULL) = -1 EAGAIN (Try again)
20892 1783913163.652516 recvfrom(100, "nysv\0\0\0\0\0\0\0\0\0\0\0\0n;\223j\235\1\0\0^\235\1\0\0\0\0\0", 3200, MSG_DONTWAIT, NULL, NULL) = 32
20892 1783913163.652539 recvfrom(100, 0x7fc3986860, 3200, MSG_DONTWAIT, NULL, NULL) = -1 EAGAIN (Try again)
20892 1783913163.655345 recvfrom(100, 0x7fc3986760, 3200, MSG_DONTWAIT, NULL, NULL) = -1 EAGAIN (Try again)
21004 1783913163.655718 sendmsg(177, {msg_name=NULL, msg_namelen=0, msg_iov=[{iov_base="l\1\1\1\374\0\0\0X\2\0\0\235\0\0\0\1\1o\0;\0\0\0/re/frid"..., iov_len=428}], msg_iovlen=1, msg_controllen=0, msg_flags=0}, MSG_NOSIGNAL) = 428
20892 1783913163.671449 recvfrom(100, "nysv\0\0\0\0\0\0\0\0\0\0\0\0\3571\221k\235\1\0\0_\235\1\0\0\0\0\0", 3200, MSG_DONTWAIT, NULL, NULL) = 32
20892 1783913163.671473 recvfrom(100, 0x7fc3986860, 3200, MSG_DONTWAIT, NULL, NULL) = -1 EAGAIN (Try again)
21004 1783913163.671838 sendmsg(177, {msg_name=NULL, msg_namelen=0, msg_iov=[{iov_base="l\1\1\1\374\0\0\0Y\2\0\0\235\0\0\0\1\1o\0;\0\0\0/re/frid"..., iov_len=428}], msg_iovlen=1, msg_controllen=0, msg_flags=0}, MSG_NOSIGNAL) = 428
20892 1783913164.118361 recvfrom(100, 0x7fc3986420, 3200, MSG_DONTWAIT, NULL, NULL) = -1 EAGAIN (Try again)
20892 1783913164.119340 recvfrom(100, "nysv\0\0\0\0\0\0\0\0\0\0\0\0\326\255_\206\235\1\0\0z\235\1\0\0\0\0\0", 3200, MSG_DONTWAIT, NULL, NULL) = 32
20892 1783913164.119478 recvfrom(100, 0x7fc3986860, 3200, MSG_DONTWAIT, NULL, NULL) = -1 EAGAIN (Try again)
20892 1783913164.119632 recvfrom(114, 0x7d0fd84020, 2272, MSG_DONTWAIT, NULL, NULL) = -1 EAGAIN (Try again)
21004 1783913164.125247 sendmsg(177, {msg_name=NULL, msg_namelen=0, msg_iov=[{iov_base="l\1\1\1\374\0\0\0Z\2\0\0\235\0\0\0\1\1o\0;\0\0\0/re/frid"..., iov_len=428}], msg_iovlen=1, msg_controllen=0, msg_flags=0}, MSG_NOSIGNAL) = 428
20892 1783913164.160138 recvfrom(100, 0x7fc3985d70, 3200, MSG_DONTWAIT, NULL, NULL) = -1 EAGAIN (Try again)
20892 1783913164.168830 recvfrom(100, "nysv\0\0\0\0\0\0\0\0\0\0\0\0H\223[\211\235\1\0\0}\235\1\0\0\0\0\0", 3200, MSG_DONTWAIT, NULL, NULL) = 32
20892 1783913164.168863 recvfrom(100, 0x7fc3986860, 3200, MSG_DONTWAIT, NULL, NULL) = -1 EAGAIN (Try again)
20892 1783913164.174624 recvfrom(100, 0x7fc3986760, 3200, MSG_DONTWAIT, NULL, NULL) = -1 EAGAIN (Try again)
21004 1783913164.175226 sendmsg(177, {msg_name=NULL, msg_namelen=0, msg_iov=[{iov_base="l\1\1\1\374\0\0\0[\2\0\0\235\0\0\0\1\1o\0;\0\0\0/re/frid"..., iov_len=428}], msg_iovlen=1, msg_controllen=0, msg_flags=0}, MSG_NOSIGNAL) = 428
20892 1783913164.188762 recvfrom(100, "nysv\0\0\0\0\0\0\0\0\0\0\0\0\36gY\212\235\1\0\0~\235\1\0\0\0\0\0", 3200, MSG_DONTWAIT, NULL, NULL) = 32
20892 1783913164.188787 recvfrom(100, 0x7fc3986860, 3200, MSG_DONTWAIT, NULL, NULL) = -1 EAGAIN (Try again)
21004 1783913164.189708 sendmsg(177, {msg_name=NULL, msg_namelen=0, msg_iov=[{iov_base="l\1\1\1\374\0\0\0\\\2\0\0\235\0\0\0\1\1o\0;\0\0\0/re/frid"..., iov_len=428}], msg_iovlen=1, msg_controllen=0, msg_flags=0}, MSG_NOSIGNAL) = 428
21004 1783913164.517189 sendmsg(177, {msg_name=NULL, msg_namelen=0, msg_iov=[{iov_base="l\1\1\1\374\0\0\0]\2\0\0\235\0\0\0\1\1o\0;\0\0\0/re/frid"..., iov_len=428}], msg_iovlen=1, msg_controllen=0, msg_flags=0}, MSG_NOSIGNAL) = 428
21004 1783913164.527456 sendmsg(177, {msg_name=NULL, msg_namelen=0, msg_iov=[{iov_base="l\1\1\1\374\0\0\0^\2\0\0\235\0\0\0\1\1o\0;\0\0\0/re/frid"..., iov_len=428}], msg_iovlen=1, msg_controllen=0, msg_flags=0}, MSG_NOSIGNAL) = 428
21004 1783913164.539176 sendmsg(177, {msg_name=NULL, msg_namelen=0, msg_iov=[{iov_base="l\1\1\1\374\0\0\0_\2\0\0\235\0\0\0\1\1o\0;\0\0\0/re/frid"..., iov_len=428}], msg_iovlen=1, msg_controllen=0, msg_flags=0}, MSG_NOSIGNAL) = 428
20892 1783913164.622949 recvfrom(100, 0x7fc3986420, 3200, MSG_DONTWAIT, NULL, NULL) = -1 EAGAIN (Try again)
20892 1783913164.623352 recvfrom(100, "nysv\0\0\0\0\0\0\0\0\0\0\0\0F^.\244\235\1\0\0\225\235\1\0\0\0\0\0", 3200, MSG_DONTWAIT, NULL, NULL) = 32
20892 1783913164.623395 recvfrom(100, 0x7fc3986860, 3200, MSG_DONTWAIT, NULL, NULL) = -1 EAGAIN (Try again)
20892 1783913164.623444 recvfrom(114, 0x7d0fd84020, 2272, MSG_DONTWAIT, NULL, NULL) = -1 EAGAIN (Try again)
21004 1783913164.625607 sendmsg(177, {msg_name=NULL, msg_namelen=0, msg_iov=[{iov_base="l\1\1\1\374\0\0\0`\2\0\0\235\0\0\0\1\1o\0;\0\0\0/re/frid"..., iov_len=428}], msg_iovlen=1, msg_controllen=0, msg_flags=0}, MSG_NOSIGNAL) = 428
20892 1783913164.650569 recvfrom(100, 0x7fc3985d70, 3200, MSG_DONTWAIT, NULL, NULL) = -1 EAGAIN (Try again)
20892 1783913164.652691 recvfrom(100, "nysv\0\0\0\0\0\0\0\0\0\0\0\0\232\376*\246\235\1\0\0\227\235\1\0\0\0\0\0", 3200, MSG_DONTWAIT, NULL, NULL) = 32
20892 1783913164.652716 recvfrom(100, 0x7fc3986860, 3200, MSG_DONTWAIT, NULL, NULL) = -1 EAGAIN (Try again)
20892 1783913164.654112 recvfrom(100, 0x7fc3986760, 3200, MSG_DONTWAIT, NULL, NULL) = -1 EAGAIN (Try again)
21004 1783913164.654769 sendmsg(177, {msg_name=NULL, msg_namelen=0, msg_iov=[{iov_base="l\1\1\1\374\0\0\0a\2\0\0\235\0\0\0\1\1o\0;\0\0\0/re/frid"..., iov_len=428}], msg_iovlen=1, msg_controllen=0, msg_flags=0}, MSG_NOSIGNAL) = 428
20892 1783913164.670055 recvfrom(100, "nysv\0\0\0\0\0\0\0\0\0\0\0\0005I)\247\235\1\0\0\230\235\1\0\0\0\0\0", 3200, MSG_DONTWAIT, NULL, NULL) = 32
20892 1783913164.670076 recvfrom(100, 0x7fc3986860, 3200, MSG_DONTWAIT, NULL, NULL) = -1 EAGAIN (Try again)
21004 1783913164.670568 sendmsg(177, {msg_name=NULL, msg_namelen=0, msg_iov=[{iov_base="l\1\1\1\374\0\0\0b\2\0\0\235\0\0\0\1\1o\0;\0\0\0/re/frid"..., iov_len=428}], msg_iovlen=1, msg_controllen=0, msg_flags=0}, MSG_NOSIGNAL) = 428
20892 1783913165.125758 recvfrom(100, 0x7fc3986420, 3200, MSG_DONTWAIT, NULL, NULL) = -1 EAGAIN (Try again)
20892 1783913165.136220 recvfrom(100, "nysv\0\0\0\0\0\0\0\0\0\0\0\0\361\317\370\302\235\1\0\0\264\235\1\0\0\0\0\0", 3200, MSG_DONTWAIT, NULL, NULL) = 32
20892 1783913165.136324 recvfrom(100, 0x7fc3986860, 3200, MSG_DONTWAIT, NULL, NULL) = -1 EAGAIN (Try again)
20892 1783913165.136429 recvfrom(114, 0x7d0fd84020, 2272, MSG_DONTWAIT, NULL, NULL) = -1 EAGAIN (Try again)
21004 1783913165.140674 sendmsg(177, {msg_name=NULL, msg_namelen=0, msg_iov=[{iov_base="l\1\1\1\374\0\0\0c\2\0\0\235\0\0\0\1\1o\0;\0\0\0/re/frid"..., iov_len=428}], msg_iovlen=1, msg_controllen=0, msg_flags=0}, MSG_NOSIGNAL) = 428
20892 1783913165.178257 recvfrom(100, 0x7fc3985d70, 3200, MSG_DONTWAIT, NULL, NULL) = -1 EAGAIN (Try again)
20892 1783913165.186021 recvfrom(100, "nysv\0\0\0\0\0\0\0\0\0\0\0\0\227\251\364\305\235\1\0\0\267\235\1\0\0\0\0\0", 3200, MSG_DONTWAIT, NULL, NULL) = 32
20892 1783913165.186055 recvfrom(100, 0x7fc3986860, 3200, MSG_DONTWAIT, NULL, NULL) = -1 EAGAIN (Try again)
20892 1783913165.188237 recvfrom(100, 0x7fc3986760, 3200, MSG_DONTWAIT, NULL, NULL) = -1 EAGAIN (Try again)
21004 1783913165.189116 sendmsg(177, {msg_name=NULL, msg_namelen=0, msg_iov=[{iov_base="l\1\1\1\374\0\0\0d\2\0\0\235\0\0\0\1\1o\0;\0\0\0/re/frid"..., iov_len=428}], msg_iovlen=1, msg_controllen=0, msg_flags=0}, MSG_NOSIGNAL) = 428
20892 1783913165.205766 recvfrom(100, "nysv\0\0\0\0\0\0\0\0\0\0\0\0tw\362\306\235\1\0\0\270\235\1\0\0\0\0\0", 3200, MSG_DONTWAIT, NULL, NULL) = 32
20892 1783913165.205786 recvfrom(100, 0x7fc3986860, 3200, MSG_DONTWAIT, NULL, NULL) = -1 EAGAIN (Try again)
21004 1783913165.206204 sendmsg(177, {msg_name=NULL, msg_namelen=0, msg_iov=[{iov_base="l\1\1\1\374\0\0\0e\2\0\0\235\0\0\0\1\1o\0;\0\0\0/re/frid"..., iov_len=428}], msg_iovlen=1, msg_controllen=0, msg_flags=0}, MSG_NOSIGNAL) = 428
20988 1783913165.513667 socketpair(AF_UNIX, SOCK_STREAM, 0, [129, 130]) = 0
20988 1783913165.513811 shutdown(129, SHUT_RDWR) = 0
20988 1783913165.513854 getsockopt(130, SOL_SOCKET, SO_ERROR, [0], [4]) = 0
20988 1783913165.513891 getsockopt(130, SOL_SOCKET, SO_LINGER, {l_onoff=0, l_linger=0}, [8]) = 0
20988 1783913165.513995 getsockopt(129, SOL_SOCKET, SO_ERROR, [0], [4]) = 0
20988 1783913165.514023 getsockopt(129, SOL_SOCKET, SO_LINGER, {l_onoff=0, l_linger=0}, [8]) = 0
20988 1783913165.514050 getsockopt(112, SOL_SOCKET, SO_ERROR, [0], [4]) = 0
20988 1783913165.514063 getsockopt(112, SOL_SOCKET, SO_LINGER, {l_onoff=0, l_linger=0}, [8]) = 0
20988 1783913165.514721 exit(0)         = ?
20988 1783913165.514789 +++ exited with 0 +++
20991 1783913165.517103 exit(0)         = ?
20991 1783913165.517390 +++ exited with 0 +++
21001 1783913165.569982 faccessat(AT_FDCWD, "/proc/self/task/20988", F_OK) = -1 ENOENT (No such file or directory)
21001 1783913165.570109 faccessat(AT_FDCWD, "/proc/self/task/20991", F_OK) = -1 ENOENT (No such file or directory)
20892 1783913165.628331 recvfrom(100, 0x7fc3986420, 3200, MSG_DONTWAIT, NULL, NULL) = -1 EAGAIN (Try again)
20892 1783913165.638749 recvfrom(100, "nysv\0\0\0\0\0\0\0\0\0\0\0\0\27\364\305\340\235\1\0\0\322\235\1\0\0\0\0\0", 3200, MSG_DONTWAIT, NULL, NULL) = 32
20892 1783913165.638849 recvfrom(100, 0x7fc3986860, 3200, MSG_DONTWAIT, NULL, NULL) = -1 EAGAIN (Try again)
20892 1783913165.638950 recvfrom(114, 0x7d0fd84020, 2272, MSG_DONTWAIT, NULL, NULL) = -1 EAGAIN (Try again)
21004 1783913165.643767 sendmsg(177, {msg_name=NULL, msg_namelen=0, msg_iov=[{iov_base="l\1\1\1\374\0\0\0f\2\0\0\235\0\0\0\1\1o\0;\0\0\0/re/frid"..., iov_len=428}], msg_iovlen=1, msg_controllen=0, msg_flags=0}, MSG_NOSIGNAL) = 428
20892 1783913165.681060 recvfrom(100, 0x7fc3985d70, 3200, MSG_DONTWAIT, NULL, NULL) = -1 EAGAIN (Try again)
20892 1783913165.685759 recvfrom(100, "nysv\0\0\0\0\0\0\0\0\0\0\0\0\277\334\301\343\235\1\0\0\325\235\1\0\0\0\0\0", 3200, MSG_DONTWAIT, NULL, NULL) = 32
20892 1783913165.685809 recvfrom(100, 0x7fc3986860, 3200, MSG_DONTWAIT, NULL, NULL) = -1 EAGAIN (Try again)
20892 1783913165.688771 recvfrom(100, 0x7fc3986760, 3200, MSG_DONTWAIT, NULL, NULL) = -1 EAGAIN (Try again)
21004 1783913165.689676 sendmsg(177, {msg_name=NULL, msg_namelen=0, msg_iov=[{iov_base="l\1\1\1\374\0\0\0g\2\0\0\235\0\0\0\1\1o\0;\0\0\0/re/frid"..., iov_len=428}], msg_iovlen=1, msg_controllen=0, msg_flags=0}, MSG_NOSIGNAL) = 428
20993 1783913165.695120 socketpair(AF_UNIX, SOCK_STREAM, 0, [112, 129]) = 0
20993 1783913165.695309 shutdown(112, SHUT_RDWR) = 0
20993 1783913165.695468 getsockopt(129, SOL_SOCKET, SO_ERROR, [0], [4]) = 0
20993 1783913165.695631 getsockopt(129, SOL_SOCKET, SO_LINGER, {l_onoff=0, l_linger=0}, [8]) = 0
20993 1783913165.696286 getsockopt(112, SOL_SOCKET, SO_ERROR, [0], [4]) = 0
20993 1783913165.696459 getsockopt(112, SOL_SOCKET, SO_LINGER, {l_onoff=0, l_linger=0}, [8]) = 0
20993 1783913165.696788 getsockopt(147, SOL_SOCKET, SO_ERROR, [0], [4]) = 0
20993 1783913165.696955 getsockopt(147, SOL_SOCKET, SO_LINGER, {l_onoff=0, l_linger=0}, [8]) = 0
20995 1783913165.699946 exit(0)         = ?
20995 1783913165.700199 +++ exited with 0 +++
20993 1783913165.700424 exit(0)         = ?
20993 1783913165.700575 +++ exited with 0 +++
20892 1783913165.703045 recvfrom(100, "nysv\0\0\0\0\0\0\0\0\0\0\0\0\340G\300\344\235\1\0\0\326\235\1\0\0\0\0\0", 3200, MSG_DONTWAIT, NULL, NULL) = 32
20892 1783913165.703074 recvfrom(100, 0x7fc3986860, 3200, MSG_DONTWAIT, NULL, NULL) = -1 EAGAIN (Try again)
21004 1783913165.703416 sendmsg(177, {msg_name=NULL, msg_namelen=0, msg_iov=[{iov_base="l\1\1\1\374\0\0\0h\2\0\0\235\0\0\0\1\1o\0;\0\0\0/re/frid"..., iov_len=428}], msg_iovlen=1, msg_controllen=0, msg_flags=0}, MSG_NOSIGNAL) = 428
21001 1783913165.750643 faccessat(AT_FDCWD, "/proc/self/task/20993", F_OK) = -1 ENOENT (No such file or directory)
21001 1783913165.750677 faccessat(AT_FDCWD, "/proc/self/task/20995", F_OK) = -1 ENOENT (No such file or directory)
20892 1783913166.133748 recvfrom(100, 0x7fc3986420, 3200, MSG_DONTWAIT, NULL, NULL) = -1 EAGAIN (Try again)
20892 1783913166.136551 recvfrom(100, "nysv\0\0\0\0\0\0\0\0\0\0\0\0\377|\223\376\235\1\0\0\360\235\1\0\0\0\0\0", 3200, MSG_DONTWAIT, NULL, NULL) = 32
20892 1783913166.136593 recvfrom(100, 0x7fc3986860, 3200, MSG_DONTWAIT, NULL, NULL) = -1 EAGAIN (Try again)
20892 1783913166.136638 recvfrom(114, 0x7d0fd84020, 2272, MSG_DONTWAIT, NULL, NULL) = -1 EAGAIN (Try again)
21004 1783913166.140657 sendmsg(177, {msg_name=NULL, msg_namelen=0, msg_iov=[{iov_base="l\1\1\1\374\0\0\0i\2\0\0\235\0\0\0\1\1o\0;\0\0\0/re/frid"..., iov_len=428}], msg_iovlen=1, msg_controllen=0, msg_flags=0}, MSG_NOSIGNAL) = 428
20892 1783913166.171773 recvfrom(100, 0x7fc3985d70, 3200, MSG_DONTWAIT, NULL, NULL) = -1 EAGAIN (Try again)
20892 1783913166.186185 recvfrom(100, "nysv\0\0\0\0\0\0\0\0\0\0\0\0:\261\216\1\236\1\0\0\363\235\1\0\0\0\0\0", 3200, MSG_DONTWAIT, NULL, NULL) = 32
20892 1783913166.186212 recvfrom(100, 0x7fc3986860, 3200, MSG_DONTWAIT, NULL, NULL) = -1 EAGAIN (Try again)
20892 1783913166.189343 recvfrom(100, 0x7fc3986760, 3200, MSG_DONTWAIT, NULL, NULL) = -1 EAGAIN (Try again)
21004 1783913166.189762 sendmsg(177, {msg_name=NULL, msg_namelen=0, msg_iov=[{iov_base="l\1\1\1\374\0\0\0j\2\0\0\235\0\0\0\1\1o\0;\0\0\0/re/frid"..., iov_len=428}], msg_iovlen=1, msg_controllen=0, msg_flags=0}, MSG_NOSIGNAL) = 428
20892 1783913166.203595 recvfrom(100, "nysv\0\0\0\0\0\0\0\0\0\0\0\0\236\372\214\2\236\1\0\0\364\235\1\0\0\0\0\0", 3200, MSG_DONTWAIT, NULL, NULL) = 32
20892 1783913166.203626 recvfrom(100, 0x7fc3986860, 3200, MSG_DONTWAIT, NULL, NULL) = -1 EAGAIN (Try again)
21004 1783913166.204337 sendmsg(177, {msg_name=NULL, msg_namelen=0, msg_iov=[{iov_base="l\1\1\1\374\0\0\0k\2\0\0\235\0\0\0\1\1o\0;\0\0\0/re/frid"..., iov_len=428}], msg_iovlen=1, msg_controllen=0, msg_flags=0}, MSG_NOSIGNAL) = 428
20959 1783913166.259107 getsockopt(133, SOL_TCP, TCP_INFO, "\10\0\0\0\0\0\0\1`[\3\0@\234\0\0\264\5\0\0\240\5\0\0\0\0\0\0\0\0\0\0"..., [232->192]) = 0
20959 1783913166.260038 getsockopt(133, SOL_TCP, TCP_INFO, "\10\0\0\0\0\0\0\1`[\3\0@\234\0\0\264\5\0\0\240\5\0\0\0\0\0\0\0\0\0\0"..., [232->192]) = 0
20892 1783913166.635359 recvfrom(100, 0x7fc3986420, 3200, MSG_DONTWAIT, NULL, NULL) = -1 EAGAIN (Try again)
20892 1783913166.653763 recvfrom(100, "nysv\0\0\0\0\0\0\0\0\0\0\0\0cl_\35\236\1\0\0\17\236\1\0\0\0\0\0", 3200, MSG_DONTWAIT, NULL, NULL) = 32
20892 1783913166.653880 recvfrom(100, 0x7fc3986860, 3200, MSG_DONTWAIT, NULL, NULL) = -1 EAGAIN (Try again)
20892 1783913166.654000 recvfrom(114, 0x7d0fd84020, 2272, MSG_DONTWAIT, NULL, NULL) = -1 EAGAIN (Try again)
21004 1783913166.657763 sendmsg(177, {msg_name=NULL, msg_namelen=0, msg_iov=[{iov_base="l\1\1\1\374\0\0\0l\2\0\0\235\0\0\0\1\1o\0;\0\0\0/re/frid"..., iov_len=428}], msg_iovlen=1, msg_controllen=0, msg_flags=0}, MSG_NOSIGNAL) = 428
20892 1783913166.696310 recvfrom(100, 0x7fc3985d70, 3200, MSG_DONTWAIT, NULL, NULL) = -1 EAGAIN (Try again)
20892 1783913166.702912 recvfrom(100, "nysv\0\0\0\0\0\0\0\0\0\0\0\0b\271Z \236\1\0\0\22\236\1\0\0\0\0\0", 3200, MSG_DONTWAIT, NULL, NULL) = 32
20892 1783913166.702997 recvfrom(100, 0x7fc3986860, 3200, MSG_DONTWAIT, NULL, NULL) = -1 EAGAIN (Try again)
20892 1783913166.704590 recvfrom(100, 0x7fc3986760, 3200, MSG_DONTWAIT, NULL, NULL) = -1 EAGAIN (Try again)
21004 1783913166.705528 sendmsg(177, {msg_name=NULL, msg_namelen=0, msg_iov=[{iov_base="l\1\1\1\374\0\0\0m\2\0\0\235\0\0\0\1\1o\0;\0\0\0/re/frid"..., iov_len=428}], msg_iovlen=1, msg_controllen=0, msg_flags=0}, MSG_NOSIGNAL) = 428
20892 1783913166.722979 recvfrom(100, "nysv\0\0\0\0\0\0\0\0\0\0\0\0\214\tY!\236\1\0\0\23\236\1\0\0\0\0\0", 3200, MSG_DONTWAIT, NULL, NULL) = 32
20892 1783913166.723012 recvfrom(100, 0x7fc3986860, 3200, MSG_DONTWAIT, NULL, NULL) = -1 EAGAIN (Try again)
21004 1783913166.723470 sendmsg(177, {msg_name=NULL, msg_namelen=0, msg_iov=[{iov_base="l\1\1\1\374\0\0\0n\2\0\0\235\0\0\0\1\1o\0;\0\0\0/re/frid"..., iov_len=428}], msg_iovlen=1, msg_controllen=0, msg_flags=0}, MSG_NOSIGNAL) = 428
20957 1783913166.816316 openat(AT_FDCWD, "/data/user/0/app.fedilab.mobilizon/app_webview/Default", O_RDONLY|O_CLOEXEC) = 112
20892 1783913167.140560 recvfrom(100, 0x7fc3986420, 3200, MSG_DONTWAIT, NULL, NULL) = -1 EAGAIN (Try again)
20892 1783913167.156703 recvfrom(100, "nysv\0\0\0\0\0\0\0\0\0\0\0\0\5s,;\236\1\0\0+\236\1\0\0\0\0\0", 3200, MSG_DONTWAIT, NULL, NULL) = 32
20892 1783913167.156822 recvfrom(100, 0x7fc3986860, 3200, MSG_DONTWAIT, NULL, NULL) = -1 EAGAIN (Try again)
20892 1783913167.156969 recvfrom(114, 0x7d0fd84020, 2272, MSG_DONTWAIT, NULL, NULL) = -1 EAGAIN (Try again)
21004 1783913167.160935 sendmsg(177, {msg_name=NULL, msg_namelen=0, msg_iov=[{iov_base="l\1\1\1\374\0\0\0o\2\0\0\235\0\0\0\1\1o\0;\0\0\0/re/frid"..., iov_len=428}], msg_iovlen=1, msg_controllen=0, msg_flags=0}, MSG_NOSIGNAL) = 428
20892 1783913167.198291 recvfrom(100, 0x7fc3985d70, 3200, MSG_DONTWAIT, NULL, NULL) = -1 EAGAIN (Try again)
20892 1783913167.202940 recvfrom(100, "nysv\0\0\0\0\0\0\0\0\0\0\0\0\344\377'>\236\1\0\0.\236\1\0\0\0\0\0", 3200, MSG_DONTWAIT, NULL, NULL) = 32
20892 1783913167.202968 recvfrom(100, 0x7fc3986860, 3200, MSG_DONTWAIT, NULL, NULL) = -1 EAGAIN (Try again)
20892 1783913167.204667 recvfrom(100, 0x7fc3986760, 3200, MSG_DONTWAIT, NULL, NULL) = -1 EAGAIN (Try again)
21004 1783913167.205113 sendmsg(177, {msg_name=NULL, msg_namelen=0, msg_iov=[{iov_base="l\1\1\1\374\0\0\0p\2\0\0\235\0\0\0\1\1o\0;\0\0\0/re/frid"..., iov_len=428}], msg_iovlen=1, msg_controllen=0, msg_flags=0}, MSG_NOSIGNAL) = 428
20892 1783913167.224297 recvfrom(100, "nysv\0\0\0\0\0\0\0\0\0\0\0\0\255\263%?\236\1\0\0/\236\1\0\0\0\0\0", 3200, MSG_DONTWAIT, NULL, NULL) = 32
20892 1783913167.224321 recvfrom(100, 0x7fc3986860, 3200, MSG_DONTWAIT, NULL, NULL) = -1 EAGAIN (Try again)
21004 1783913167.224740 sendmsg(177, {msg_name=NULL, msg_namelen=0, msg_iov=[{iov_base="l\1\1\1\374\0\0\0q\2\0\0\235\0\0\0\1\1o\0;\0\0\0/re/frid"..., iov_len=428}], msg_iovlen=1, msg_controllen=0, msg_flags=0}, MSG_NOSIGNAL) = 428
20959 1783913167.591338 getsockopt(148, SOL_TCP, TCP_INFO, "\10\0\0\0\0\0\0\1\200,\3\0@\234\0\0\264\5\0\0\240\5\0\0\0\0\0\0\0\0\0\0"..., [232->192]) = 0
20959 1783913167.592584 getsockopt(148, SOL_TCP, TCP_INFO, "\10\0\0\0\0\0\0\1\200,\3\0@\234\0\0\264\5\0\0\240\5\0\0\0\0\0\0\0\0\0\0"..., [232->192]) = 0
20892 1783913167.643414 recvfrom(100, 0x7fc3986420, 3200, MSG_DONTWAIT, NULL, NULL) = -1 EAGAIN (Try again)
20892 1783913167.654855 recvfrom(100, "nysv\0\0\0\0\0\0\0\0\0\0\0\0\210\371\371X\236\1\0\0I\236\1\0\0\0\0\0", 3200, MSG_DONTWAIT, NULL, NULL) = 32
20892 1783913167.654987 recvfrom(100, 0x7fc3986860, 3200, MSG_DONTWAIT, NULL, NULL) = -1 EAGAIN (Try again)
20892 1783913167.655123 recvfrom(114, 0x7d0fd84020, 2272, MSG_DONTWAIT, NULL, NULL) = -1 EAGAIN (Try again)
21004 1783913167.659212 sendmsg(177, {msg_name=NULL, msg_namelen=0, msg_iov=[{iov_base="l\1\1\1\374\0\0\0r\2\0\0\235\0\0\0\1\1o\0;\0\0\0/re/frid"..., iov_len=428}], msg_iovlen=1, msg_controllen=0, msg_flags=0}, MSG_NOSIGNAL) = 428
20892 1783913167.696503 recvfrom(100, 0x7fc3985d70, 3200, MSG_DONTWAIT, NULL, NULL) = -1 EAGAIN (Try again)
20892 1783913167.703443 recvfrom(100, "nysv\0\0\0\0\0\0\0\0\0\0\0\0\\\36\365[\236\1\0\0L\236\1\0\0\0\0\0", 3200, MSG_DONTWAIT, NULL, NULL) = 32
20892 1783913167.703475 recvfrom(100, 0x7fc3986860, 3200, MSG_DONTWAIT, NULL, NULL) = -1 EAGAIN (Try again)
20892 1783913167.704675 recvfrom(100, 0x7fc3986760, 3200, MSG_DONTWAIT, NULL, NULL) = -1 EAGAIN (Try again)
21004 1783913167.705397 sendmsg(177, {msg_name=NULL, msg_namelen=0, msg_iov=[{iov_base="l\1\1\1\374\0\0\0s\2\0\0\235\0\0\0\1\1o\0;\0\0\0/re/frid"..., iov_len=428}], msg_iovlen=1, msg_controllen=0, msg_flags=0}, MSG_NOSIGNAL) = 428
20892 1783913167.720409 recvfrom(100, "nysv\0\0\0\0\0\0\0\0\0\0\0\0\206n\363\\\236\1\0\0M\236\1\0\0\0\0\0", 3200, MSG_DONTWAIT, NULL, NULL) = 32
20892 1783913167.720436 recvfrom(100, 0x7fc3986860, 3200, MSG_DONTWAIT, NULL, NULL) = -1 EAGAIN (Try again)
21004 1783913167.720826 sendmsg(177, {msg_name=NULL, msg_namelen=0, msg_iov=[{iov_base="l\1\1\1\374\0\0\0t\2\0\0\235\0\0\0\1\1o\0;\0\0\0/re/frid"..., iov_len=428}], msg_iovlen=1, msg_controllen=0, msg_flags=0}, MSG_NOSIGNAL) = 428
20892 1783913168.145993 recvfrom(100, 0x7fc3986420, 3200, MSG_DONTWAIT, NULL, NULL) = -1 EAGAIN (Try again)
20892 1783913168.157012 recvfrom(100, "nysv\0\0\0\0\0\0\0\0\0\0\0\0\335<\307v\236\1\0\0e\236\1\0\0\0\0\0", 3200, MSG_DONTWAIT, NULL, NULL) = 32
20892 1783913168.157101 recvfrom(100, 0x7fc3986860, 3200, MSG_DONTWAIT, NULL, NULL) = -1 EAGAIN (Try again)
20892 1783913168.157199 recvfrom(114, 0x7d0fd84020, 2272, MSG_DONTWAIT, NULL, NULL) = -1 EAGAIN (Try again)
21004 1783913168.161480 sendmsg(177, {msg_name=NULL, msg_namelen=0, msg_iov=[{iov_base="l\1\1\1\374\0\0\0u\2\0\0\235\0\0\0\1\1o\0;\0\0\0/re/frid"..., iov_len=428}], msg_iovlen=1, msg_controllen=0, msg_flags=0}, MSG_NOSIGNAL) = 428
20892 1783913168.200566 recvfrom(100, 0x7fc3985d70, 3200, MSG_DONTWAIT, NULL, NULL) = -1 EAGAIN (Try again)
20892 1783913168.206061 recvfrom(100, "nysv\0\0\0\0\0\0\0\0\0\0\0\0[-\302y\236\1\0\0h\236\1\0\0\0\0\0", 3200, MSG_DONTWAIT, NULL, NULL) = 32
20892 1783913168.206091 recvfrom(100, 0x7fc3986860, 3200, MSG_DONTWAIT, NULL, NULL) = -1 EAGAIN (Try again)
20892 1783913168.208610 recvfrom(100, 0x7fc3986760, 3200, MSG_DONTWAIT, NULL, NULL) = -1 EAGAIN (Try again)
21004 1783913168.209609 sendmsg(177, {msg_name=NULL, msg_namelen=0, msg_iov=[{iov_base="l\1\1\1\374\0\0\0v\2\0\0\235\0\0\0\1\1o\0;\0\0\0/re/frid"..., iov_len=428}], msg_iovlen=1, msg_controllen=0, msg_flags=0}, MSG_NOSIGNAL) = 428
20892 1783913168.222235 recvfrom(100, "nysv\0\0\0\0\0\0\0\0\0\0\0\0\205}\300z\236\1\0\0i\236\1\0\0\0\0\0", 3200, MSG_DONTWAIT, NULL, NULL) = 32
20892 1783913168.222259 recvfrom(100, 0x7fc3986860, 3200, MSG_DONTWAIT, NULL, NULL) = -1 EAGAIN (Try again)
21004 1783913168.222756 sendmsg(177, {msg_name=NULL, msg_namelen=0, msg_iov=[{iov_base="l\1\1\1\374\0\0\0w\2\0\0\235\0\0\0\1\1o\0;\0\0\0/re/frid"..., iov_len=428}], msg_iovlen=1, msg_controllen=0, msg_flags=0}, MSG_NOSIGNAL) = 428
20892 1783913168.648029 recvfrom(100, 0x7fc3986420, 3200, MSG_DONTWAIT, NULL, NULL) = -1 EAGAIN (Try again)
20892 1783913168.654681 recvfrom(100, "nysv\0\0\0\0\0\0\0\0\0\0\0\0\311\241\224\224\236\1\0\0\202\236\1\0\0\0\0\0", 3200, MSG_DONTWAIT, NULL, NULL) = 32
20892 1783913168.654753 recvfrom(100, 0x7fc3986860, 3200, MSG_DONTWAIT, NULL, NULL) = -1 EAGAIN (Try again)
20892 1783913168.654825 recvfrom(114, 0x7d0fd84020, 2272, MSG_DONTWAIT, NULL, NULL) = -1 EAGAIN (Try again)
21004 1783913168.658170 sendmsg(177, {msg_name=NULL, msg_namelen=0, msg_iov=[{iov_base="l\1\1\1\374\0\0\0x\2\0\0\235\0\0\0\1\1o\0;\0\0\0/re/frid"..., iov_len=428}], msg_iovlen=1, msg_controllen=0, msg_flags=0}, MSG_NOSIGNAL) = 428
20892 1783913168.694113 recvfrom(100, 0x7fc3985d70, 3200, MSG_DONTWAIT, NULL, NULL) = -1 EAGAIN (Try again)
20892 1783913168.702893 recvfrom(100, "nysv\0\0\0\0\0\0\0\0\0\0\0\0G\222\217\227\236\1\0\0\205\236\1\0\0\0\0\0", 3200, MSG_DONTWAIT, NULL, NULL) = 32
20892 1783913168.702921 recvfrom(100, 0x7fc3986860, 3200, MSG_DONTWAIT, NULL, NULL) = -1 EAGAIN (Try again)
20892 1783913168.704044 recvfrom(100, 0x7fc3986760, 3200, MSG_DONTWAIT, NULL, NULL) = -1 EAGAIN (Try again)
21004 1783913168.704861 sendmsg(177, {msg_name=NULL, msg_namelen=0, msg_iov=[{iov_base="l\1\1\1\374\0\0\0y\2\0\0\235\0\0\0\1\1o\0;\0\0\0/re/frid"..., iov_len=428}], msg_iovlen=1, msg_controllen=0, msg_flags=0}, MSG_NOSIGNAL) = 428
20892 1783913168.721975 recvfrom(100, "nysv\0\0\0\0\0\0\0\0\0\0\0\0q\342\215\230\236\1\0\0\206\236\1\0\0\0\0\0", 3200, MSG_DONTWAIT, NULL, NULL) = 32
20892 1783913168.721992 recvfrom(100, 0x7fc3986860, 3200, MSG_DONTWAIT, NULL, NULL) = -1 EAGAIN (Try again)
21004 1783913168.722384 sendmsg(177, {msg_name=NULL, msg_namelen=0, msg_iov=[{iov_base="l\1\1\1\374\0\0\0z\2\0\0\235\0\0\0\1\1o\0;\0\0\0/re/frid"..., iov_len=428}], msg_iovlen=1, msg_controllen=0, msg_flags=0}, MSG_NOSIGNAL) = 428
20892 1783913169.151919 recvfrom(100, 0x7fc3986420, 3200, MSG_DONTWAIT, NULL, NULL) = -1 EAGAIN (Try again)
20892 1783913169.157809 recvfrom(100, "nysv\0\0\0\0\0\0\0\0\0\0\0\0\265\6b\262\236\1\0\0\240\236\1\0\0\0\0\0", 3200, MSG_DONTWAIT, NULL, NULL) = 32
20892 1783913169.157973 recvfrom(100, 0x7fc3986860, 3200, MSG_DONTWAIT, NULL, NULL) = -1 EAGAIN (Try again)
20892 1783913169.158127 recvfrom(114, 0x7d0fd84020, 2272, MSG_DONTWAIT, NULL, NULL) = -1 EAGAIN (Try again)
21004 1783913169.162943 sendmsg(177, {msg_name=NULL, msg_namelen=0, msg_iov=[{iov_base="l\1\1\1\374\0\0\0{\2\0\0\235\0\0\0\1\1o\0;\0\0\0/re/frid"..., iov_len=428}], msg_iovlen=1, msg_controllen=0, msg_flags=0}, MSG_NOSIGNAL) = 428
20892 1783913169.199857 recvfrom(100, 0x7fc3985d70, 3200, MSG_DONTWAIT, NULL, NULL) = -1 EAGAIN (Try again)
20892 1783913169.202740 recvfrom(100, "nysv\0\0\0\0\0\0\0\0\0\0\0\0\35)]\265\236\1\0\0\243\236\1\0\0\0\0\0", 3200, MSG_DONTWAIT, NULL, NULL) = 32
20892 1783913169.202769 recvfrom(100, 0x7fc3986860, 3200, MSG_DONTWAIT, NULL, NULL) = -1 EAGAIN (Try again)
20892 1783913169.204480 recvfrom(100, 0x7fc3986760, 3200, MSG_DONTWAIT, NULL, NULL) = -1 EAGAIN (Try again)
21004 1783913169.205137 sendmsg(177, {msg_name=NULL, msg_namelen=0, msg_iov=[{iov_base="l\1\1\1\374\0\0\0|\2\0\0\235\0\0\0\1\1o\0;\0\0\0/re/frid"..., iov_len=428}], msg_iovlen=1, msg_controllen=0, msg_flags=0}, MSG_NOSIGNAL) = 428
20892 1783913169.221275 recvfrom(100, "nysv\0\0\0\0\0\0\0\0\0\0\0\0]G[\266\236\1\0\0\244\236\1\0\0\0\0\0", 3200, MSG_DONTWAIT, NULL, NULL) = 32
20892 1783913169.221298 recvfrom(100, 0x7fc3986860, 3200, MSG_DONTWAIT, NULL, NULL) = -1 EAGAIN (Try again)
21004 1783913169.221765 sendmsg(177, {msg_name=NULL, msg_namelen=0, msg_iov=[{iov_base="l\1\1\1\374\0\0\0}\2\0\0\235\0\0\0\1\1o\0;\0\0\0/re/frid"..., iov_len=428}], msg_iovlen=1, msg_controllen=0, msg_flags=0}, MSG_NOSIGNAL) = 428
20892 1783913169.653804 recvfrom(100, 0x7fc3986420, 3200, MSG_DONTWAIT, NULL, NULL) = -1 EAGAIN (Try again)
20892 1783913169.674948 recvfrom(100, "nysv\0\0\0\0\0\0\0\0\0\0\0\0\313\273-\321\236\1\0\0\277\236\1\0\0\0\0\0", 3200, MSG_DONTWAIT, NULL, NULL) = 32
20892 1783913169.675061 recvfrom(100, 0x7fc3986860, 3200, MSG_DONTWAIT, NULL, NULL) = -1 EAGAIN (Try again)
20892 1783913169.675192 recvfrom(114, 0x7d0fd84020, 2272, MSG_DONTWAIT, NULL, NULL) = -1 EAGAIN (Try again)
21004 1783913169.680643 sendmsg(177, {msg_name=NULL, msg_namelen=0, msg_iov=[{iov_base="l\1\1\1\374\0\0\0~\2\0\0\235\0\0\0\1\1o\0;\0\0\0/re/frid"..., iov_len=428}], msg_iovlen=1, msg_controllen=0, msg_flags=0}, MSG_NOSIGNAL) = 428
20892 1783913169.718827 recvfrom(100, 0x7fc3985d70, 3200, MSG_DONTWAIT, NULL, NULL) = -1 EAGAIN (Try again)
20892 1783913169.719640 recvfrom(100, "nysv\0\0\0\0\0\0\0\0\0\0\0\0^\372(\324\236\1\0\0\302\236\1\0\0\0\0\0", 3200, MSG_DONTWAIT, NULL, NULL) = 32
20892 1783913169.719672 recvfrom(100, 0x7fc3986860, 3200, MSG_DONTWAIT, NULL, NULL) = -1 EAGAIN (Try again)
20892 1783913169.721313 recvfrom(100, 0x7fc3986760, 3200, MSG_DONTWAIT, NULL, NULL) = -1 EAGAIN (Try again)
21004 1783913169.722195 sendmsg(177, {msg_name=NULL, msg_namelen=0, msg_iov=[{iov_base="l\1\1\1\374\0\0\0\177\2\0\0\235\0\0\0\1\1o\0;\0\0\0/re/frid"..., iov_len=428}], msg_iovlen=1, msg_controllen=0, msg_flags=0}, MSG_NOSIGNAL) = 428
20892 1783913169.736111 recvfrom(100, "nysv\0\0\0\0\0\0\0\0\0\0\0\0\210J'\325\236\1\0\0\303\236\1\0\0\0\0\0", 3200, MSG_DONTWAIT, NULL, NULL) = 32
20892 1783913169.736157 recvfrom(100, 0x7fc3986860, 3200, MSG_DONTWAIT, NULL, NULL) = -1 EAGAIN (Try again)
21004 1783913169.736585 sendmsg(177, {msg_name=NULL, msg_namelen=0, msg_iov=[{iov_base="l\1\1\1\374\0\0\0\200\2\0\0\235\0\0\0\1\1o\0;\0\0\0/re/frid"..., iov_len=428}], msg_iovlen=1, msg_controllen=0, msg_flags=0}, MSG_NOSIGNAL) = 428
20892 1783913170.155637 recvfrom(100, 0x7fc3986420, 3200, MSG_DONTWAIT, NULL, NULL) = -1 EAGAIN (Try again)
20892 1783913170.157528 recvfrom(100, "nysv\0\0\0\0\0\0\0\0\0\0\0\0\215\320\374\355\236\1\0\0\334\236\1\0\0\0\0\0", 3200, MSG_DONTWAIT, NULL, NULL) = 32
20892 1783913170.157681 recvfrom(100, 0x7fc3986860, 3200, MSG_DONTWAIT, NULL, NULL) = -1 EAGAIN (Try again)
20892 1783913170.157822 recvfrom(114, 0x7d0fd84020, 2272, MSG_DONTWAIT, NULL, NULL) = -1 EAGAIN (Try again)
21004 1783913170.162126 sendmsg(177, {msg_name=NULL, msg_namelen=0, msg_iov=[{iov_base="l\1\1\1\374\0\0\0\201\2\0\0\235\0\0\0\1\1o\0;\0\0\0/re/frid"..., iov_len=428}], msg_iovlen=1, msg_controllen=0, msg_flags=0}, MSG_NOSIGNAL) = 428
20892 1783913170.198513 recvfrom(100, 0x7fc3985d70, 3200, MSG_DONTWAIT, NULL, NULL) = -1 EAGAIN (Try again)
20892 1783913170.202649 recvfrom(100, "nysv\0\0\0\0\0\0\0\0\0\0\0\0\204\364\367\360\236\1\0\0\337\236\1\0\0\0\0\0", 3200, MSG_DONTWAIT, NULL, NULL) = 32
20892 1783913170.202690 recvfrom(100, 0x7fc3986860, 3200, MSG_DONTWAIT, NULL, NULL) = -1 EAGAIN (Try again)
20892 1783913170.205249 recvfrom(100, 0x7fc3986760, 3200, MSG_DONTWAIT, NULL, NULL) = -1 EAGAIN (Try again)
21004 1783913170.205706 sendmsg(177, {msg_name=NULL, msg_namelen=0, msg_iov=[{iov_base="l\1\1\1\374\0\0\0\202\2\0\0\235\0\0\0\1\1o\0;\0\0\0/re/frid"..., iov_len=428}], msg_iovlen=1, msg_controllen=0, msg_flags=0}, MSG_NOSIGNAL) = 428
20892 1783913170.222328 recvfrom(100, "nysv\0\0\0\0\0\0\0\0\0\0\0\0005\21\366\361\236\1\0\0\340\236\1\0\0\0\0\0", 3200, MSG_DONTWAIT, NULL, NULL) = 32
20892 1783913170.222358 recvfrom(100, 0x7fc3986860, 3200, MSG_DONTWAIT, NULL, NULL) = -1 EAGAIN (Try again)
21004 1783913170.222942 sendmsg(177, {msg_name=NULL, msg_namelen=0, msg_iov=[{iov_base="l\1\1\1\374\0\0\0\203\2\0\0\235\0\0\0\1\1o\0;\0\0\0/re/frid"..., iov_len=428}], msg_iovlen=1, msg_controllen=0, msg_flags=0}, MSG_NOSIGNAL) = 428
20892 1783913170.658132 recvfrom(100, 0x7fc3986420, 3200, MSG_DONTWAIT, NULL, NULL) = -1 EAGAIN (Try again)
20892 1783913170.670187 recvfrom(100, "nysv\0\0\0\0\0\0\0\0\0\0\0\0[\243\310\f\237\1\0\0\373\236\1\0\0\0\0\0", 3200, MSG_DONTWAIT, NULL, NULL) = 32
20892 1783913170.670298 recvfrom(100, 0x7fc3986860, 3200, MSG_DONTWAIT, NULL, NULL) = -1 EAGAIN (Try again)
20892 1783913170.670414 recvfrom(114, 0x7d0fd84020, 2272, MSG_DONTWAIT, NULL, NULL) = -1 EAGAIN (Try again)
21004 1783913170.675078 sendmsg(177, {msg_name=NULL, msg_namelen=0, msg_iov=[{iov_base="l\1\1\1\374\0\0\0\204\2\0\0\235\0\0\0\1\1o\0;\0\0\0/re/frid"..., iov_len=428}], msg_iovlen=1, msg_controllen=0, msg_flags=0}, MSG_NOSIGNAL) = 428
20892 1783913170.707422 recvfrom(100, 0x7fc3985d70, 3200, MSG_DONTWAIT, NULL, NULL) = -1 EAGAIN (Try again)
20892 1783913170.720485 recvfrom(100, "nysv\0\0\0\0\0\0\0\0\0\0\0\0w\35\304\17\237\1\0\0\376\236\1\0\0\0\0\0", 3200, MSG_DONTWAIT, NULL, NULL) = 32
20892 1783913170.720529 recvfrom(100, 0x7fc3986860, 3200, MSG_DONTWAIT, NULL, NULL) = -1 EAGAIN (Try again)
20892 1783913170.727206 recvfrom(100, 0x7fc3986760, 3200, MSG_DONTWAIT, NULL, NULL) = -1 EAGAIN (Try again)
21004 1783913170.727959 sendmsg(177, {msg_name=NULL, msg_namelen=0, msg_iov=[{iov_base="l\1\1\1\374\0\0\0\205\2\0\0\235\0\0\0\1\1o\0;\0\0\0/re/frid"..., iov_len=428}], msg_iovlen=1, msg_controllen=0, msg_flags=0}, MSG_NOSIGNAL) = 428
20892 1783913170.735475 recvfrom(100, "nysv\0\0\0\0\0\0\0\0\0\0\0\0\232\271\302\20\237\1\0\0\377\236\1\0\0\0\0\0", 3200, MSG_DONTWAIT, NULL, NULL) = 32
20892 1783913170.735504 recvfrom(100, 0x7fc3986860, 3200, MSG_DONTWAIT, NULL, NULL) = -1 EAGAIN (Try again)
21004 1783913170.735963 sendmsg(177, {msg_name=NULL, msg_namelen=0, msg_iov=[{iov_base="l\1\1\1\374\0\0\0\206\2\0\0\235\0\0\0\1\1o\0;\0\0\0/re/frid"..., iov_len=428}], msg_iovlen=1, msg_controllen=0, msg_flags=0}, MSG_NOSIGNAL) = 428
20892 1783913171.160324 recvfrom(100, 0x7fc3986420, 3200, MSG_DONTWAIT, NULL, NULL) = -1 EAGAIN (Try again)
20892 1783913171.170220 recvfrom(100, "nysv\0\0\0\0\0\0\0\0\0\0\0\0\222\257\226*\237\1\0\0\31\237\1\0\0\0\0\0", 3200, MSG_DONTWAIT, NULL, NULL) = 32
20892 1783913171.170541 recvfrom(100, 0x7fc3986860, 3200, MSG_DONTWAIT, NULL, NULL) = -1 EAGAIN (Try again)
20892 1783913171.170619 recvfrom(114, 0x7d0fd84020, 2272, MSG_DONTWAIT, NULL, NULL) = -1 EAGAIN (Try again)
21004 1783913171.174222 sendmsg(177, {msg_name=NULL, msg_namelen=0, msg_iov=[{iov_base="l\1\1\1\374\0\0\0\207\2\0\0\235\0\0\0\1\1o\0;\0\0\0/re/frid"..., iov_len=428}], msg_iovlen=1, msg_controllen=0, msg_flags=0}, MSG_NOSIGNAL) = 428
20892 1783913171.205128 recvfrom(100, 0x7fc3985d70, 3200, MSG_DONTWAIT, NULL, NULL) = -1 EAGAIN (Try again)
20892 1783913171.221383 recvfrom(100, "nysv\0\0\0\0\0\0\0\0\0\0\0\0\331\353\220-\237\1\0\0\34\237\1\0\0\0\0\0", 3200, MSG_DONTWAIT, NULL, NULL) = 32
20892 1783913171.221423 recvfrom(100, 0x7fc3986860, 3200, MSG_DONTWAIT, NULL, NULL) = -1 EAGAIN (Try again)
20892 1783913171.223307 recvfrom(100, 0x7fc3986760, 3200, MSG_DONTWAIT, NULL, NULL) = -1 EAGAIN (Try again)
21004 1783913171.223879 sendmsg(177, {msg_name=NULL, msg_namelen=0, msg_iov=[{iov_base="l\1\1\1\374\0\0\0\210\2\0\0\235\0\0\0\1\1o\0;\0\0\0/re/frid"..., iov_len=428}], msg_iovlen=1, msg_controllen=0, msg_flags=0}, MSG_NOSIGNAL) = 428
20892 1783913171.236890 recvfrom(100, "nysv\0\0\0\0\0\0\0\0\0\0\0\0\3<\217.\237\1\0\0\35\237\1\0\0\0\0\0", 3200, MSG_DONTWAIT, NULL, NULL) = 32
20892 1783913171.236931 recvfrom(100, 0x7fc3986860, 3200, MSG_DONTWAIT, NULL, NULL) = -1 EAGAIN (Try again)
21004 1783913171.237453 sendmsg(177, {msg_name=NULL, msg_namelen=0, msg_iov=[{iov_base="l\1\1\1\374\0\0\0\211\2\0\0\235\0\0\0\1\1o\0;\0\0\0/re/frid"..., iov_len=428}], msg_iovlen=1, msg_controllen=0, msg_flags=0}, MSG_NOSIGNAL) = 428
20892 1783913171.664401 recvfrom(100, 0x7fc3986420, 3200, MSG_DONTWAIT, NULL, NULL) = -1 EAGAIN (Try again)
20892 1783913171.670453 recvfrom(100, "nysv\0\0\0\0\0\0\0\0\0\0\0\0=\204cH\237\1\0\0005\237\1\0\0\0\0\0", 3200, MSG_DONTWAIT, NULL, NULL) = 32
20892 1783913171.670942 recvfrom(100, 0x7fc3986860, 3200, MSG_DONTWAIT, NULL, NULL) = -1 EAGAIN (Try again)
20892 1783913171.671061 recvfrom(114, 0x7d0fd84020, 2272, MSG_DONTWAIT, NULL, NULL) = -1 EAGAIN (Try again)
21004 1783913171.674838 sendmsg(177, {msg_name=NULL, msg_namelen=0, msg_iov=[{iov_base="l\1\1\1\374\0\0\0\212\2\0\0\235\0\0\0\1\1o\0;\0\0\0/re/frid"..., iov_len=428}], msg_iovlen=1, msg_controllen=0, msg_flags=0}, MSG_NOSIGNAL) = 428
20892 1783913171.705872 recvfrom(100, 0x7fc3985d70, 3200, MSG_DONTWAIT, NULL, NULL) = -1 EAGAIN (Try again)
20892 1783913171.720479 recvfrom(100, "nysv\0\0\0\0\0\0\0\0\0\0\0\0E\326^K\237\1\0\08\237\1\0\0\0\0\0", 3200, MSG_DONTWAIT, NULL, NULL) = 32
20892 1783913171.720521 recvfrom(100, 0x7fc3986860, 3200, MSG_DONTWAIT, NULL, NULL) = -1 EAGAIN (Try again)
20892 1783913171.723131 recvfrom(100, 0x7fc3986760, 3200, MSG_DONTWAIT, NULL, NULL) = -1 EAGAIN (Try again)
21004 1783913171.724015 sendmsg(177, {msg_name=NULL, msg_namelen=0, msg_iov=[{iov_base="l\1\1\1\374\0\0\0\213\2\0\0\235\0\0\0\1\1o\0;\0\0\0/re/frid"..., iov_len=428}], msg_iovlen=1, msg_controllen=0, msg_flags=0}, MSG_NOSIGNAL) = 428
20892 1783913171.737505 recvfrom(100, "nysv\0\0\0\0\0\0\0\0\0\0\0\0\335\371\\L\237\1\0\09\237\1\0\0\0\0\0", 3200, MSG_DONTWAIT, NULL, NULL) = 32
20892 1783913171.737547 recvfrom(100, 0x7fc3986860, 3200, MSG_DONTWAIT, NULL, NULL) = -1 EAGAIN (Try again)
21004 1783913171.738086 sendmsg(177, {msg_name=NULL, msg_namelen=0, msg_iov=[{iov_base="l\1\1\1\374\0\0\0\214\2\0\0\235\0\0\0\1\1o\0;\0\0\0/re/frid"..., iov_len=428}], msg_iovlen=1, msg_controllen=0, msg_flags=0}, MSG_NOSIGNAL) = 428
20892 1783913172.167011 recvfrom(100, 0x7fc3986420, 3200, MSG_DONTWAIT, NULL, NULL) = -1 EAGAIN (Try again)
20892 1783913172.169099 recvfrom(100, "nysv\0\0\0\0\0\0\0\0\0\0\0\0\216\0021f\237\1\0\0S\237\1\0\0\0\0\0", 3200, MSG_DONTWAIT, NULL, NULL) = 32
20892 1783913172.169164 recvfrom(100, 0x7fc3986860, 3200, MSG_DONTWAIT, NULL, NULL) = -1 EAGAIN (Try again)
20892 1783913172.169223 recvfrom(114, 0x7d0fd84020, 2272, MSG_DONTWAIT, NULL, NULL) = -1 EAGAIN (Try again)
21004 1783913172.172965 sendmsg(177, {msg_name=NULL, msg_namelen=0, msg_iov=[{iov_base="l\1\1\1\374\0\0\0\215\2\0\0\235\0\0\0\1\1o\0;\0\0\0/re/frid"..., iov_len=428}], msg_iovlen=1, msg_controllen=0, msg_flags=0}, MSG_NOSIGNAL) = 428
20892 1783913172.206697 recvfrom(100, 0x7fc3985d70, 3200, MSG_DONTWAIT, NULL, NULL) = -1 EAGAIN (Try again)
20892 1783913172.220004 recvfrom(100, "nysv\0\0\0\0\0\0\0\0\0\0\0\0\24\234,i\237\1\0\0V\237\1\0\0\0\0\0", 3200, MSG_DONTWAIT, NULL, NULL) = 32
20892 1783913172.220051 recvfrom(100, 0x7fc3986860, 3200, MSG_DONTWAIT, NULL, NULL) = -1 EAGAIN (Try again)
20892 1783913172.222322 recvfrom(100, 0x7fc3986760, 3200, MSG_DONTWAIT, NULL, NULL) = -1 EAGAIN (Try again)
21004 1783913172.223211 sendmsg(177, {msg_name=NULL, msg_namelen=0, msg_iov=[{iov_base="l\1\1\1\374\0\0\0\216\2\0\0\235\0\0\0\1\1o\0;\0\0\0/re/frid"..., iov_len=428}], msg_iovlen=1, msg_controllen=0, msg_flags=0}, MSG_NOSIGNAL) = 428
20892 1783913172.235906 recvfrom(100, "nysv\0\0\0\0\0\0\0\0\0\0\0\0>\354*j\237\1\0\0W\237\1\0\0\0\0\0", 3200, MSG_DONTWAIT, NULL, NULL) = 32
20892 1783913172.235939 recvfrom(100, 0x7fc3986860, 3200, MSG_DONTWAIT, NULL, NULL) = -1 EAGAIN (Try again)
21004 1783913172.236410 sendmsg(177, {msg_name=NULL, msg_namelen=0, msg_iov=[{iov_base="l\1\1\1\374\0\0\0\217\2\0\0\235\0\0\0\1\1o\0;\0\0\0/re/frid"..., iov_len=428}], msg_iovlen=1, msg_controllen=0, msg_flags=0}, MSG_NOSIGNAL) = 428
20892 1783913172.667902 recvfrom(100, 0x7fc3986420, 3200, MSG_DONTWAIT, NULL, NULL) = -1 EAGAIN (Try again)
20892 1783913172.670270 recvfrom(100, "nysv\0\0\0\0\0\0\0\0\0\0\0\0S\31\376\203\237\1\0\0p\237\1\0\0\0\0\0", 3200, MSG_DONTWAIT, NULL, NULL) = 32
20892 1783913172.670332 recvfrom(100, 0x7fc3986860, 3200, MSG_DONTWAIT, NULL, NULL) = -1 EAGAIN (Try again)
20892 1783913172.670383 recvfrom(114, 0x7d0fd84020, 2272, MSG_DONTWAIT, NULL, NULL) = -1 EAGAIN (Try again)
21004 1783913172.673953 sendmsg(177, {msg_name=NULL, msg_namelen=0, msg_iov=[{iov_base="l\1\1\1\374\0\0\0\220\2\0\0\235\0\0\0\1\1o\0;\0\0\0/re/frid"..., iov_len=428}], msg_iovlen=1, msg_controllen=0, msg_flags=0}, MSG_NOSIGNAL) = 428
20892 1783913172.707708 recvfrom(100, 0x7fc3985d70, 3200, MSG_DONTWAIT, NULL, NULL) = -1 EAGAIN (Try again)
20892 1783913172.719522 recvfrom(100, "nysv\0\0\0\0\0\0\0\0\0\0\0\0\221(\371\206\237\1\0\0s\237\1\0\0\0\0\0", 3200, MSG_DONTWAIT, NULL, NULL) = 32
20892 1783913172.719561 recvfrom(100, 0x7fc3986860, 3200, MSG_DONTWAIT, NULL, NULL) = -1 EAGAIN (Try again)
20892 1783913172.723838 recvfrom(100, 0x7fc3986760, 3200, MSG_DONTWAIT, NULL, NULL) = -1 EAGAIN (Try again)
21004 1783913172.724343 sendmsg(177, {msg_name=NULL, msg_namelen=0, msg_iov=[{iov_base="l\1\1\1\374\0\0\0\221\2\0\0\235\0\0\0\1\1o\0;\0\0\0/re/frid"..., iov_len=428}], msg_iovlen=1, msg_controllen=0, msg_flags=0}, MSG_NOSIGNAL) = 428
20892 1783913172.737980 recvfrom(100, "nysv\0\0\0\0\0\0\0\0\0\0\0\0\373Y\367\207\237\1\0\0t\237\1\0\0\0\0\0", 3200, MSG_DONTWAIT, NULL, NULL) = 32
20892 1783913172.738012 recvfrom(100, 0x7fc3986860, 3200, MSG_DONTWAIT, NULL, NULL) = -1 EAGAIN (Try again)
21004 1783913172.738455 sendmsg(177, {msg_name=NULL, msg_namelen=0, msg_iov=[{iov_base="l\1\1\1\374\0\0\0\222\2\0\0\235\0\0\0\1\1o\0;\0\0\0/re/frid"..., iov_len=428}], msg_iovlen=1, msg_controllen=0, msg_flags=0}, MSG_NOSIGNAL) = 428
20892 1783913173.168874 recvfrom(100, 0x7fc3986420, 3200, MSG_DONTWAIT, NULL, NULL) = -1 EAGAIN (Try again)
20892 1783913173.187259 recvfrom(100, "nysv\0\0\0\0\0\0\0\0\0\0\0\0\370&\312\242\237\1\0\0\217\237\1\0\0\0\0\0", 3200, MSG_DONTWAIT, NULL, NULL) = 32
20892 1783913173.187364 recvfrom(100, 0x7fc3986860, 3200, MSG_DONTWAIT, NULL, NULL) = -1 EAGAIN (Try again)
20892 1783913173.187481 recvfrom(114, 0x7d0fd84020, 2272, MSG_DONTWAIT, NULL, NULL) = -1 EAGAIN (Try again)
21004 1783913173.191444 sendmsg(177, {msg_name=NULL, msg_namelen=0, msg_iov=[{iov_base="l\1\1\1\374\0\0\0\223\2\0\0\235\0\0\0\1\1o\0;\0\0\0/re/frid"..., iov_len=428}], msg_iovlen=1, msg_controllen=0, msg_flags=0}, MSG_NOSIGNAL) = 428
20892 1783913173.223949 recvfrom(100, 0x7fc3985d70, 3200, MSG_DONTWAIT, NULL, NULL) = -1 EAGAIN (Try again)
20892 1783913173.236971 recvfrom(100, "nysv\0\0\0\0\0\0\0\0\0\0\0\0006b\305\245\237\1\0\0\222\237\1\0\0\0\0\0", 3200, MSG_DONTWAIT, NULL, NULL) = 32
20892 1783913173.237006 recvfrom(100, 0x7fc3986860, 3200, MSG_DONTWAIT, NULL, NULL) = -1 EAGAIN (Try again)
20892 1783913173.243358 recvfrom(100, 0x7fc3986760, 3200, MSG_DONTWAIT, NULL, NULL) = -1 EAGAIN (Try again)
21004 1783913173.244025 sendmsg(177, {msg_name=NULL, msg_namelen=0, msg_iov=[{iov_base="l\1\1\1\374\0\0\0\224\2\0\0\235\0\0\0\1\1o\0;\0\0\0/re/frid"..., iov_len=428}], msg_iovlen=1, msg_controllen=0, msg_flags=0}, MSG_NOSIGNAL) = 428
20892 1783913173.252556 recvfrom(100, "nysv\0\0\0\0\0\0\0\0\0\0\0\0\203\346\303\246\237\1\0\0\223\237\1\0\0\0\0\0", 3200, MSG_DONTWAIT, NULL, NULL) = 32
20892 1783913173.252582 recvfrom(100, 0x7fc3986860, 3200, MSG_DONTWAIT, NULL, NULL) = -1 EAGAIN (Try again)
21004 1783913173.253043 sendmsg(177, {msg_name=NULL, msg_namelen=0, msg_iov=[{iov_base="l\1\1\1\374\0\0\0\225\2\0\0\235\0\0\0\1\1o\0;\0\0\0/re/frid"..., iov_len=428}], msg_iovlen=1, msg_controllen=0, msg_flags=0}, MSG_NOSIGNAL) = 428
20892 1783913173.671452 recvfrom(100, 0x7fc3986420, 3200, MSG_DONTWAIT, NULL, NULL) = -1 EAGAIN (Try again)
20892 1783913173.687918 recvfrom(100, "nysv\0\0\0\0\0\0\0\0\0\0\0\0U3\227\300\237\1\0\0\255\237\1\0\0\0\0\0", 3200, MSG_DONTWAIT, NULL, NULL) = 32
20892 1783913173.688031 recvfrom(100, 0x7fc3986860, 3200, MSG_DONTWAIT, NULL, NULL) = -1 EAGAIN (Try again)
20892 1783913173.688157 recvfrom(114, 0x7d0fd84020, 2272, MSG_DONTWAIT, NULL, NULL) = -1 EAGAIN (Try again)
21004 1783913173.692485 sendmsg(177, {msg_name=NULL, msg_namelen=0, msg_iov=[{iov_base="l\1\1\1\374\0\0\0\226\2\0\0\235\0\0\0\1\1o\0;\0\0\0/re/frid"..., iov_len=428}], msg_iovlen=1, msg_controllen=0, msg_flags=0}, MSG_NOSIGNAL) = 428
20892 1783913173.723783 recvfrom(100, 0x7fc3985d70, 3200, MSG_DONTWAIT, NULL, NULL) = -1 EAGAIN (Try again)
20892 1783913173.736809 recvfrom(100, "nysv\0\0\0\0\0\0\0\0\0\0\0\0\308\222\303\237\1\0\0\260\237\1\0\0\0\0\0", 3200, MSG_DONTWAIT, NULL, NULL) = 32
20892 1783913173.736853 recvfrom(100, 0x7fc3986860, 3200, MSG_DONTWAIT, NULL, NULL) = -1 EAGAIN (Try again)
20892 1783913173.738593 recvfrom(100, 0x7fc3986760, 3200, MSG_DONTWAIT, NULL, NULL) = -1 EAGAIN (Try again)
21004 1783913173.739518 sendmsg(177, {msg_name=NULL, msg_namelen=0, msg_iov=[{iov_base="l\1\1\1\374\0\0\0\227\2\0\0\235\0\0\0\1\1o\0;\0\0\0/re/frid"..., iov_len=428}], msg_iovlen=1, msg_controllen=0, msg_flags=0}, MSG_NOSIGNAL) = 428
20892 1783913173.756532 recvfrom(100, "nysv\0\0\0\0\0\0\0\0\0\0\0\0\375s\220\304\237\1\0\0\261\237\1\0\0\0\0\0", 3200, MSG_DONTWAIT, NULL, NULL) = 32
20892 1783913173.756569 recvfrom(100, 0x7fc3986860, 3200, MSG_DONTWAIT, NULL, NULL) = -1 EAGAIN (Try again)
21004 1783913173.757028 sendmsg(177, {msg_name=NULL, msg_namelen=0, msg_iov=[{iov_base="l\1\1\1\374\0\0\0\230\2\0\0\235\0\0\0\1\1o\0;\0\0\0/re/frid"..., iov_len=428}], msg_iovlen=1, msg_controllen=0, msg_flags=0}, MSG_NOSIGNAL) = 428
20892 1783913174.173723 recvfrom(100, 0x7fc3986420, 3200, MSG_DONTWAIT, NULL, NULL) = -1 EAGAIN (Try again)
20892 1783913174.188987 recvfrom(100, "nysv\0\0\0\0\0\0\0\0\0\0\0\0\364\253d\336\237\1\0\0\312\237\1\0\0\0\0\0", 3200, MSG_DONTWAIT, NULL, NULL) = 32
20892 1783913174.189092 recvfrom(100, 0x7fc3986860, 3200, MSG_DONTWAIT, NULL, NULL) = -1 EAGAIN (Try again)
20892 1783913174.189214 recvfrom(114, 0x7d0fd84020, 2272, MSG_DONTWAIT, NULL, NULL) = -1 EAGAIN (Try again)
21004 1783913174.193160 sendmsg(177, {msg_name=NULL, msg_namelen=0, msg_iov=[{iov_base="l\1\1\1\374\0\0\0\231\2\0\0\235\0\0\0\1\1o\0;\0\0\0/re/frid"..., iov_len=428}], msg_iovlen=1, msg_controllen=0, msg_flags=0}, MSG_NOSIGNAL) = 428
20892 1783913174.225123 recvfrom(100, 0x7fc3985d70, 3200, MSG_DONTWAIT, NULL, NULL) = -1 EAGAIN (Try again)
20892 1783913174.235820 recvfrom(100, "nysv\0\0\0\0\0\0\0\0\0\0\0\0\33\324_\341\237\1\0\0\315\237\1\0\0\0\0\0", 3200, MSG_DONTWAIT, NULL, NULL) = 32
20892 1783913174.235852 recvfrom(100, 0x7fc3986860, 3200, MSG_DONTWAIT, NULL, NULL) = -1 EAGAIN (Try again)
20892 1783913174.241347 recvfrom(100, 0x7fc3986760, 3200, MSG_DONTWAIT, NULL, NULL) = -1 EAGAIN (Try again)
21004 1783913174.242047 sendmsg(177, {msg_name=NULL, msg_namelen=0, msg_iov=[{iov_base="l\1\1\1\374\0\0\0\232\2\0\0\235\0\0\0\1\1o\0;\0\0\0/re/frid"..., iov_len=428}], msg_iovlen=1, msg_controllen=0, msg_flags=0}, MSG_NOSIGNAL) = 428
20892 1783913174.252705 recvfrom(100, "nysv\0\0\0\0\0\0\0\0\0\0\0\0}M^\342\237\1\0\0\316\237\1\0\0\0\0\0", 3200, MSG_DONTWAIT, NULL, NULL) = 32
20892 1783913174.252726 recvfrom(100, 0x7fc3986860, 3200, MSG_DONTWAIT, NULL, NULL) = -1 EAGAIN (Try again)
21004 1783913174.253197 sendmsg(177, {msg_name=NULL, msg_namelen=0, msg_iov=[{iov_base="l\1\1\1\374\0\0\0\233\2\0\0\235\0\0\0\1\1o\0;\0\0\0/re/frid"..., iov_len=428}], msg_iovlen=1, msg_controllen=0, msg_flags=0}, MSG_NOSIGNAL) = 428
20892 1783913174.676028 recvfrom(100, 0x7fc3986420, 3200, MSG_DONTWAIT, NULL, NULL) = -1 EAGAIN (Try again)
20892 1783913174.688297 recvfrom(100, "nysv\0\0\0\0\0\0\0\0\0\0\0\0-\3751\374\237\1\0\0\350\237\1\0\0\0\0\0", 3200, MSG_DONTWAIT, NULL, NULL) = 32
20892 1783913174.688406 recvfrom(100, 0x7fc3986860, 3200, MSG_DONTWAIT, NULL, NULL) = -1 EAGAIN (Try again)
20892 1783913174.688548 recvfrom(114, 0x7d0fd84020, 2272, MSG_DONTWAIT, NULL, NULL) = -1 EAGAIN (Try again)
21004 1783913174.693510 sendmsg(177, {msg_name=NULL, msg_namelen=0, msg_iov=[{iov_base="l\1\1\1\374\0\0\0\234\2\0\0\235\0\0\0\1\1o\0;\0\0\0/re/frid"..., iov_len=428}], msg_iovlen=1, msg_controllen=0, msg_flags=0}, MSG_NOSIGNAL) = 428
20892 1783913174.725217 recvfrom(100, 0x7fc3985d70, 3200, MSG_DONTWAIT, NULL, NULL) = -1 EAGAIN (Try again)
20892 1783913174.735740 recvfrom(100, "nysv\0\0\0\0\0\0\0\0\0\0\0\0\37f-\377\237\1\0\0\353\237\1\0\0\0\0\0", 3200, MSG_DONTWAIT, NULL, NULL) = 32
20892 1783913174.735779 recvfrom(100, 0x7fc3986860, 3200, MSG_DONTWAIT, NULL, NULL) = -1 EAGAIN (Try again)
20892 1783913174.739398 recvfrom(100, 0x7fc3986760, 3200, MSG_DONTWAIT, NULL, NULL) = -1 EAGAIN (Try again)
21004 1783913174.739852 sendmsg(177, {msg_name=NULL, msg_namelen=0, msg_iov=[{iov_base="l\1\1\1\374\0\0\0\235\2\0\0\235\0\0\0\1\1o\0;\0\0\0/re/frid"..., iov_len=428}], msg_iovlen=1, msg_controllen=0, msg_flags=0}, MSG_NOSIGNAL) = 428
20892 1783913174.752361 recvfrom(100, "nysv\0\0\0\0\0\0\0\0\0\0\0\0006\364+\0\240\1\0\0\354\237\1\0\0\0\0\0", 3200, MSG_DONTWAIT, NULL, NULL) = 32
20892 1783913174.752386 recvfrom(100, 0x7fc3986860, 3200, MSG_DONTWAIT, NULL, NULL) = -1 EAGAIN (Try again)
21004 1783913174.752731 sendmsg(177, {msg_name=NULL, msg_namelen=0, msg_iov=[{iov_base="l\1\1\1\374\0\0\0\236\2\0\0\235\0\0\0\1\1o\0;\0\0\0/re/frid"..., iov_len=428}], msg_iovlen=1, msg_controllen=0, msg_flags=0}, MSG_NOSIGNAL) = 428
20892 1783913175.179702 recvfrom(100, 0x7fc3986420, 3200, MSG_DONTWAIT, NULL, NULL) = -1 EAGAIN (Try again)
20913 1783913175.182192 openat(AT_FDCWD, "/data/misc/profiles/cur/0/app.fedilab.mobilizon/primary.prof", O_RDWR|O_NOFOLLOW|O_CLOEXEC) = 112
20913 1783913175.183124 newfstatat(AT_FDCWD, "/data/misc/profiles/cur/0/app.fedilab.mobilizon/primary.prof", {st_mode=S_IFREG|0600, st_size=8378, ...}, 0) = 0
20892 1783913175.188522 recvfrom(100, "nysv\0\0\0\0\0\0\0\0\0\0\0\0\31b\377\31\240\1\0\0\6\240\1\0\0\0\0\0", 3200, MSG_DONTWAIT, NULL, NULL) = 32
20892 1783913175.188554 recvfrom(100, 0x7fc3986860, 3200, MSG_DONTWAIT, NULL, NULL) = -1 EAGAIN (Try again)
20892 1783913175.188592 recvfrom(114, 0x7d0fd84020, 2272, MSG_DONTWAIT, NULL, NULL) = -1 EAGAIN (Try again)
21004 1783913175.190318 sendmsg(177, {msg_name=NULL, msg_namelen=0, msg_iov=[{iov_base="l\1\1\1\374\0\0\0\237\2\0\0\235\0\0\0\1\1o\0;\0\0\0/re/frid"..., iov_len=428}], msg_iovlen=1, msg_controllen=0, msg_flags=0}, MSG_NOSIGNAL) = 428
20892 1783913175.219397 recvfrom(100, 0x7fc3985d70, 3200, MSG_DONTWAIT, NULL, NULL) = -1 EAGAIN (Try again)
20892 1783913175.238613 recvfrom(100, "nysv\0\0\0\0\0\0\0\0\0\0\0\0\227R\372\34\240\1\0\0\t\240\1\0\0\0\0\0", 3200, MSG_DONTWAIT, NULL, NULL) = 32
20892 1783913175.238652 recvfrom(100, 0x7fc3986860, 3200, MSG_DONTWAIT, NULL, NULL) = -1 EAGAIN (Try again)
20892 1783913175.240345 recvfrom(100, 0x7fc3986760, 3200, MSG_DONTWAIT, NULL, NULL) = -1 EAGAIN (Try again)
21004 1783913175.241727 sendmsg(177, {msg_name=NULL, msg_namelen=0, msg_iov=[{iov_base="l\1\1\1\374\0\0\0\240\2\0\0\235\0\0\0\1\1o\0;\0\0\0/re/frid"..., iov_len=428}], msg_iovlen=1, msg_controllen=0, msg_flags=0}, MSG_NOSIGNAL) = 428
20892 1783913175.252103 recvfrom(100, "nysv\0\0\0\0\0\0\0\0\0\0\0\0m\360\370\35\240\1\0\0\n\240\1\0\0\0\0\0", 3200, MSG_DONTWAIT, NULL, NULL) = 32
20892 1783913175.252132 recvfrom(100, 0x7fc3986860, 3200, MSG_DONTWAIT, NULL, NULL) = -1 EAGAIN (Try again)
21004 1783913175.252639 sendmsg(177, {msg_name=NULL, msg_namelen=0, msg_iov=[{iov_base="l\1\1\1\374\0\0\0\241\2\0\0\235\0\0\0\1\1o\0;\0\0\0/re/frid"..., iov_len=428}], msg_iovlen=1, msg_controllen=0, msg_flags=0}, MSG_NOSIGNAL) = 428
20892 1783913175.681373 recvfrom(100, 0x7fc3986420, 3200, MSG_DONTWAIT, NULL, NULL) = -1 EAGAIN (Try again)
20892 1783913175.687746 recvfrom(100, "nysv\0\0\0\0\0\0\0\0\0\0\0\0\5\307\3147\240\1\0\0$\240\1\0\0\0\0\0", 3200, MSG_DONTWAIT, NULL, NULL) = 32
20892 1783913175.687830 recvfrom(100, 0x7fc3986860, 3200, MSG_DONTWAIT, NULL, NULL) = -1 EAGAIN (Try again)
20892 1783913175.687935 recvfrom(114, 0x7d0fd84020, 2272, MSG_DONTWAIT, NULL, NULL) = -1 EAGAIN (Try again)
21004 1783913175.691759 sendmsg(177, {msg_name=NULL, msg_namelen=0, msg_iov=[{iov_base="l\1\1\1\374\0\0\0\242\2\0\0\235\0\0\0\1\1o\0;\0\0\0/re/frid"..., iov_len=428}], msg_iovlen=1, msg_controllen=0, msg_flags=0}, MSG_NOSIGNAL) = 428
20892 1783913175.725723 recvfrom(100, 0x7fc3985d70, 3200, MSG_DONTWAIT, NULL, NULL) = -1 EAGAIN (Try again)
20892 1783913175.735851 recvfrom(100, "nysv\0\0\0\0\0\0\0\0\0\0\0\0\261\370\307:\240\1\0\0'\240\1\0\0\0\0\0", 3200, MSG_DONTWAIT, NULL, NULL) = 32
20892 1783913175.735912 recvfrom(100, 0x7fc3986860, 3200, MSG_DONTWAIT, NULL, NULL) = -1 EAGAIN (Try again)
20892 1783913175.741405 recvfrom(100, 0x7fc3986760, 3200, MSG_DONTWAIT, NULL, NULL) = -1 EAGAIN (Try again)
21004 1783913175.743082 sendmsg(177, {msg_name=NULL, msg_namelen=0, msg_iov=[{iov_base="l\1\1\1\374\0\0\0\243\2\0\0\235\0\0\0\1\1o\0;\0\0\0/re/frid"..., iov_len=428}], msg_iovlen=1, msg_controllen=0, msg_flags=0}, MSG_NOSIGNAL) = 428
20892 1783913175.752468 recvfrom(100, "nysv\0\0\0\0\0\0\0\0\0\0\0\0y~\306;\240\1\0\0(\240\1\0\0\0\0\0", 3200, MSG_DONTWAIT, NULL, NULL) = 32
20892 1783913175.752494 recvfrom(100, 0x7fc3986860, 3200, MSG_DONTWAIT, NULL, NULL) = -1 EAGAIN (Try again)
21004 1783913175.752922 sendmsg(177, {msg_name=NULL, msg_namelen=0, msg_iov=[{iov_base="l\1\1\1\374\0\0\0\244\2\0\0\235\0\0\0\1\1o\0;\0\0\0/re/frid"..., iov_len=428}], msg_iovlen=1, msg_controllen=0, msg_flags=0}, MSG_NOSIGNAL) = 428
20892 1783913176.188528 recvfrom(100, 0x7fc3986420, 3200, MSG_DONTWAIT, NULL, NULL) = -1 EAGAIN (Try again)
20892 1783913176.204701 recvfrom(100, "nysv\0\0\0\0\0\0\0\0\0\0\0\0\33|\230V\240\1\0\0B\240\1\0\0\0\0\0", 3200, MSG_DONTWAIT, NULL, NULL) = 32
20892 1783913176.204810 recvfrom(100, 0x7fc3986860, 3200, MSG_DONTWAIT, NULL, NULL) = -1 EAGAIN (Try again)
20892 1783913176.204937 recvfrom(114, 0x7d0fd84020, 2272, MSG_DONTWAIT, NULL, NULL) = -1 EAGAIN (Try again)
21004 1783913176.209060 sendmsg(177, {msg_name=NULL, msg_namelen=0, msg_iov=[{iov_base="l\1\1\1\374\0\0\0\245\2\0\0\235\0\0\0\1\1o\0;\0\0\0/re/frid"..., iov_len=428}], msg_iovlen=1, msg_controllen=0, msg_flags=0}, MSG_NOSIGNAL) = 428
20892 1783913176.241319 recvfrom(100, 0x7fc3985d70, 3200, MSG_DONTWAIT, NULL, NULL) = -1 EAGAIN (Try again)
20892 1783913176.252460 recvfrom(100, "nysv\0\0\0\0\0\0\0\0\0\0\0\0\233\345\223Y\240\1\0\0E\240\1\0\0\0\0\0", 3200, MSG_DONTWAIT, NULL, NULL) = 32
20892 1783913176.252489 recvfrom(100, 0x7fc3986860, 3200, MSG_DONTWAIT, NULL, NULL) = -1 EAGAIN (Try again)
20892 1783913176.256010 recvfrom(100, 0x7fc3986760, 3200, MSG_DONTWAIT, NULL, NULL) = -1 EAGAIN (Try again)
21004 1783913176.257349 sendmsg(177, {msg_name=NULL, msg_namelen=0, msg_iov=[{iov_base="l\1\1\1\374\0\0\0\246\2\0\0\235\0\0\0\1\1o\0;\0\0\0/re/frid"..., iov_len=428}], msg_iovlen=1, msg_controllen=0, msg_flags=0}, MSG_NOSIGNAL) = 428
20892 1783913176.268787 recvfrom(100, "nysv\0\0\0\0\0\0\0\0\0\0\0\0\257\177\222Z\240\1\0\0F\240\1\0\0\0\0\0", 3200, MSG_DONTWAIT, NULL, NULL) = 32
20892 1783913176.268813 recvfrom(100, 0x7fc3986860, 3200, MSG_DONTWAIT, NULL, NULL) = -1 EAGAIN (Try again)
21004 1783913176.269203 sendmsg(177, {msg_name=NULL, msg_namelen=0, msg_iov=[{iov_base="l\1\1\1\374\0\0\0\247\2\0\0\235\0\0\0\1\1o\0;\0\0\0/re/frid"..., iov_len=428}], msg_iovlen=1, msg_controllen=0, msg_flags=0}, MSG_NOSIGNAL) = 428
20892 1783913176.692672 recvfrom(100, 0x7fc3986420, 3200, MSG_DONTWAIT, NULL, NULL) = -1 EAGAIN (Try again)
20892 1783913176.705554 recvfrom(100, "nysv\0\0\0\0\0\0\0\0\0\0\0\0\7\341et\240\1\0\0_\240\1\0\0\0\0\0", 3200, MSG_DONTWAIT, NULL, NULL) = 32
20892 1783913176.705634 recvfrom(100, 0x7fc3986860, 3200, MSG_DONTWAIT, NULL, NULL) = -1 EAGAIN (Try again)
20892 1783913176.705707 recvfrom(114, 0x7d0fd84020, 2272, MSG_DONTWAIT, NULL, NULL) = -1 EAGAIN (Try again)
21004 1783913176.709983 sendmsg(177, {msg_name=NULL, msg_namelen=0, msg_iov=[{iov_base="l\1\1\1\374\0\0\0\250\2\0\0\235\0\0\0\1\1o\0;\0\0\0/re/frid"..., iov_len=428}], msg_iovlen=1, msg_controllen=0, msg_flags=0}, MSG_NOSIGNAL) = 428
20892 1783913176.743316 recvfrom(100, 0x7fc3985d70, 3200, MSG_DONTWAIT, NULL, NULL) = -1 EAGAIN (Try again)
20892 1783913176.752652 recvfrom(100, "nysv\0\0\0\0\0\0\0\0\0\0\0\0*\374`w\240\1\0\0b\240\1\0\0\0\0\0", 3200, MSG_DONTWAIT, NULL, NULL) = 32
20892 1783913176.752695 recvfrom(100, 0x7fc3986860, 3200, MSG_DONTWAIT, NULL, NULL) = -1 EAGAIN (Try again)
20892 1783913176.757411 recvfrom(100, 0x7fc3986760, 3200, MSG_DONTWAIT, NULL, NULL) = -1 EAGAIN (Try again)
21004 1783913176.757880 sendmsg(177, {msg_name=NULL, msg_namelen=0, msg_iov=[{iov_base="l\1\1\1\374\0\0\0\251\2\0\0\235\0\0\0\1\1o\0;\0\0\0/re/frid"..., iov_len=428}], msg_iovlen=1, msg_controllen=0, msg_flags=0}, MSG_NOSIGNAL) = 428
20892 1783913176.771361 recvfrom(100, "nysv\0\0\0\0\0\0\0\0\0\0\0\0\257!_x\240\1\0\0c\240\1\0\0\0\0\0", 3200, MSG_DONTWAIT, NULL, NULL) = 32
20892 1783913176.771391 recvfrom(100, 0x7fc3986860, 3200, MSG_DONTWAIT, NULL, NULL) = -1 EAGAIN (Try again)
21004 1783913176.771824 sendmsg(177, {msg_name=NULL, msg_namelen=0, msg_iov=[{iov_base="l\1\1\1\374\0\0\0\252\2\0\0\235\0\0\0\1\1o\0;\0\0\0/re/frid"..., iov_len=428}], msg_iovlen=1, msg_controllen=0, msg_flags=0}, MSG_NOSIGNAL) = 428
20892 1783913177.195578 recvfrom(100, 0x7fc3986420, 3200, MSG_DONTWAIT, NULL, NULL) = -1 EAGAIN (Try again)
20892 1783913177.203472 recvfrom(100, "nysv\0\0\0\0\0\0\0\0\0\0\0\0\270o3\222\240\1\0\0}\240\1\0\0\0\0\0", 3200, MSG_DONTWAIT, NULL, NULL) = 32
20892 1783913177.203548 recvfrom(100, 0x7fc3986860, 3200, MSG_DONTWAIT, NULL, NULL) = -1 EAGAIN (Try again)
20892 1783913177.203640 recvfrom(114, 0x7d0fd84020, 2272, MSG_DONTWAIT, NULL, NULL) = -1 EAGAIN (Try again)
21004 1783913177.207702 sendmsg(177, {msg_name=NULL, msg_namelen=0, msg_iov=[{iov_base="l\1\1\1\374\0\0\0\253\2\0\0\235\0\0\0\1\1o\0;\0\0\0/re/frid"..., iov_len=428}], msg_iovlen=1, msg_controllen=0, msg_flags=0}, MSG_NOSIGNAL) = 428
20892 1783913177.236982 recvfrom(100, 0x7fc3985d70, 3200, MSG_DONTWAIT, NULL, NULL) = -1 EAGAIN (Try again)
20892 1783913177.239484 recvfrom(100, "nysv\0\0\0\0\0\0\0\0\0\0\0\0G\346/\224\240\1\0\0\177\240\1\0\0\0\0\0", 3200, MSG_DONTWAIT, NULL, NULL) = 32
20892 1783913177.239515 recvfrom(100, 0x7fc3986860, 3200, MSG_DONTWAIT, NULL, NULL) = -1 EAGAIN (Try again)
20892 1783913177.240906 recvfrom(100, 0x7fc3986760, 3200, MSG_DONTWAIT, NULL, NULL) = -1 EAGAIN (Try again)
21004 1783913177.241622 sendmsg(177, {msg_name=NULL, msg_namelen=0, msg_iov=[{iov_base="l\1\1\1\374\0\0\0\254\2\0\0\235\0\0\0\1\1o\0;\0\0\0/re/frid"..., iov_len=428}], msg_iovlen=1, msg_controllen=0, msg_flags=0}, MSG_NOSIGNAL) = 428
20892 1783913177.254327 recvfrom(100, "nysv\0\0\0\0\0\0\0\0\0\0\0\0q6.\225\240\1\0\0\200\240\1\0\0\0\0\0", 3200, MSG_DONTWAIT, NULL, NULL) = 32
20892 1783913177.254357 recvfrom(100, 0x7fc3986860, 3200, MSG_DONTWAIT, NULL, NULL) = -1 EAGAIN (Try again)
21004 1783913177.254761 sendmsg(177, {msg_name=NULL, msg_namelen=0, msg_iov=[{iov_base="l\1\1\1\374\0\0\0\255\2\0\0\235\0\0\0\1\1o\0;\0\0\0/re/frid"..., iov_len=428}], msg_iovlen=1, msg_controllen=0, msg_flags=0}, MSG_NOSIGNAL) = 428
20892 1783913177.698734 recvfrom(100, 0x7fc3986420, 3200, MSG_DONTWAIT, NULL, NULL) = -1 EAGAIN (Try again)
20892 1783913177.702597 recvfrom(100, "nysv\0\0\0\0\0\0\0\0\0\0\0\0\360\325\0\260\240\1\0\0\232\240\1\0\0\0\0\0", 3200, MSG_DONTWAIT, NULL, NULL) = 32
20892 1783913177.702627 recvfrom(100, 0x7fc3986860, 3200, MSG_DONTWAIT, NULL, NULL) = -1 EAGAIN (Try again)
20892 1783913177.702654 recvfrom(114, 0x7d0fd84020, 2272, MSG_DONTWAIT, NULL, NULL) = -1 EAGAIN (Try again)
21004 1783913177.704589 sendmsg(177, {msg_name=NULL, msg_namelen=0, msg_iov=[{iov_base="l\1\1\1\374\0\0\0\256\2\0\0\235\0\0\0\1\1o\0;\0\0\0/re/frid"..., iov_len=428}], msg_iovlen=1, msg_controllen=0, msg_flags=0}, MSG_NOSIGNAL) = 428
20892 1783913177.733264 recvfrom(100, 0x7fc3985d70, 3200, MSG_DONTWAIT, NULL, NULL) = -1 EAGAIN (Try again)
20892 1783913177.735512 recvfrom(100, "nysv\0\0\0\0\0\0\0\0\0\0\0\0\266\376\375\261\240\1\0\0\234\240\1\0\0\0\0\0", 3200, MSG_DONTWAIT, NULL, NULL) = 32
20892 1783913177.735541 recvfrom(100, 0x7fc3986860, 3200, MSG_DONTWAIT, NULL, NULL) = -1 EAGAIN (Try again)
20892 1783913177.737180 recvfrom(100, 0x7fc3986760, 3200, MSG_DONTWAIT, NULL, NULL) = -1 EAGAIN (Try again)
21004 1783913177.737834 sendmsg(177, {msg_name=NULL, msg_namelen=0, msg_iov=[{iov_base="l\1\1\1\374\0\0\0\257\2\0\0\235\0\0\0\1\1o\0;\0\0\0/re/frid"..., iov_len=428}], msg_iovlen=1, msg_controllen=0, msg_flags=0}, MSG_NOSIGNAL) = 428
20892 1783913177.752043 recvfrom(100, "nysv\0\0\0\0\0\0\0\0\0\0\0\0\177\236\374\262\240\1\0\0\235\240\1\0\0\0\0\0", 3200, MSG_DONTWAIT, NULL, NULL) = 32
20892 1783913177.752071 recvfrom(100, 0x7fc3986860, 3200, MSG_DONTWAIT, NULL, NULL) = -1 EAGAIN (Try again)
21004 1783913177.752651 sendmsg(177, {msg_name=NULL, msg_namelen=0, msg_iov=[{iov_base="l\1\1\1\374\0\0\0\260\2\0\0\235\0\0\0\1\1o\0;\0\0\0/re/frid"..., iov_len=428}], msg_iovlen=1, msg_controllen=0, msg_flags=0}, MSG_NOSIGNAL) = 428
20892 1783913178.204171 recvfrom(100, 0x7fc3986420, 3200, MSG_DONTWAIT, NULL, NULL) = -1 EAGAIN (Try again)
20892 1783913178.206009 recvfrom(100, "nysv\0\0\0\0\0\0\0\0\0\0\0\0\313\17\316\315\240\1\0\0\270\240\1\0\0\0\0\0", 3200, MSG_DONTWAIT, NULL, NULL) = 32
20892 1783913178.206146 recvfrom(100, 0x7fc3986860, 3200, MSG_DONTWAIT, NULL, NULL) = -1 EAGAIN (Try again)
20892 1783913178.206261 recvfrom(114, 0x7d0fd84020, 2272, MSG_DONTWAIT, NULL, NULL) = -1 EAGAIN (Try again)
21004 1783913178.210381 sendmsg(177, {msg_name=NULL, msg_namelen=0, msg_iov=[{iov_base="l\1\1\1\374\0\0\0\261\2\0\0\235\0\0\0\1\1o\0;\0\0\0/re/frid"..., iov_len=428}], msg_iovlen=1, msg_controllen=0, msg_flags=0}, MSG_NOSIGNAL) = 428
20892 1783913178.238510 recvfrom(100, 0x7fc3985d70, 3200, MSG_DONTWAIT, NULL, NULL) = -1 EAGAIN (Try again)
20892 1783913178.254275 recvfrom(100, "nysv\0\0\0\0\0\0\0\0\0\0\0\0&=\311\320\240\1\0\0\273\240\1\0\0\0\0\0", 3200, MSG_DONTWAIT, NULL, NULL) = 32
20892 1783913178.254314 recvfrom(100, 0x7fc3986860, 3200, MSG_DONTWAIT, NULL, NULL) = -1 EAGAIN (Try again)
20892 1783913178.261143 recvfrom(100, 0x7fc3986760, 3200, MSG_DONTWAIT, NULL, NULL) = -1 EAGAIN (Try again)
21004 1783913178.262899 sendmsg(177, {msg_name=NULL, msg_namelen=0, msg_iov=[{iov_base="l\1\1\1\374\0\0\0\262\2\0\0\235\0\0\0\1\1o\0;\0\0\0/re/frid"..., iov_len=428}], msg_iovlen=1, msg_controllen=0, msg_flags=0}, MSG_NOSIGNAL) = 428
20892 1783913178.268607 recvfrom(100, "nysv\0\0\0\0\0\0\0\0\0\0\0\0\34\343\307\321\240\1\0\0\274\240\1\0\0\0\0\0", 3200, MSG_DONTWAIT, NULL, NULL) = 32
20892 1783913178.268626 recvfrom(100, 0x7fc3986860, 3200, MSG_DONTWAIT, NULL, NULL) = -1 EAGAIN (Try again)
21004 1783913178.269064 sendmsg(177, {msg_name=NULL, msg_namelen=0, msg_iov=[{iov_base="l\1\1\1\374\0\0\0\263\2\0\0\235\0\0\0\1\1o\0;\0\0\0/re/frid"..., iov_len=428}], msg_iovlen=1, msg_controllen=0, msg_flags=0}, MSG_NOSIGNAL) = 428
21004 1783913178.397813 sendmsg(177, {msg_name=NULL, msg_namelen=0, msg_iov=[{iov_base="l\1\1\1\374\0\0\0\264\2\0\0\235\0\0\0\1\1o\0;\0\0\0/re/frid"..., iov_len=428}], msg_iovlen=1, msg_controllen=0, msg_flags=0}, MSG_NOSIGNAL) = 428
21004 1783913178.400757 sendmsg(177, {msg_name=NULL, msg_namelen=0, msg_iov=[{iov_base="l\1\1\1\374\0\0\0\265\2\0\0\235\0\0\0\1\1o\0;\0\0\0/re/frid"..., iov_len=428}], msg_iovlen=1, msg_controllen=0, msg_flags=0}, MSG_NOSIGNAL) = 428
20892 1783913178.409515 recvfrom(100, 0x7fc39862c0, 3200, MSG_DONTWAIT, NULL, NULL) = -1 EAGAIN (Try again)
20892 1783913178.420037 recvfrom(100, "nysv\0\0\0\0\0\0\0\0\0\0\0\0$3\271\332\240\1\0\0\305\240\1\0\0\0\0\0", 3200, MSG_DONTWAIT, NULL, NULL) = 32
20892 1783913178.420072 recvfrom(100, 0x7fc3986860, 3200, MSG_DONTWAIT, NULL, NULL) = -1 EAGAIN (Try again)
20892 1783913178.420099 recvfrom(114, 0x7d0fd84020, 2272, MSG_DONTWAIT, NULL, NULL) = -1 EAGAIN (Try again)
21004 1783913178.427613 sendmsg(177, {msg_name=NULL, msg_namelen=0, msg_iov=[{iov_base="l\1\1\1\374\0\0\0\266\2\0\0\235\0\0\0\1\1o\0;\0\0\0/re/frid"..., iov_len=428}], msg_iovlen=1, msg_controllen=0, msg_flags=0}, MSG_NOSIGNAL) = 428
20892 1783913178.510285 recvfrom(100, 0x7fc3985d70, 3200, MSG_DONTWAIT, NULL, NULL) = -1 EAGAIN (Try again)
20892 1783913178.519750 recvfrom(100, "nysv\0\0\0\0\0\0\0\0\0\0\0\0\350\255\260\340\240\1\0\0\313\240\1\0\0\0\0\0", 3200, MSG_DONTWAIT, NULL, NULL) = 32
20892 1783913178.519789 recvfrom(100, 0x7fc3986860, 3200, MSG_DONTWAIT, NULL, NULL) = -1 EAGAIN (Try again)
20892 1783913178.528504 recvfrom(100, 0x7fc3986760, 3200, MSG_DONTWAIT, NULL, NULL) = -1 EAGAIN (Try again)
21004 1783913178.529066 sendmsg(177, {msg_name=NULL, msg_namelen=0, msg_iov=[{iov_base="l\1\1\1\374\0\0\0\267\2\0\0\235\0\0\0\1\1o\0;\0\0\0/re/frid"..., iov_len=428}], msg_iovlen=1, msg_controllen=0, msg_flags=0}, MSG_NOSIGNAL) = 428
20892 1783913178.536164 recvfrom(100, "nysv\0\0\0\0\0\0\0\0\0\0\0\0\23\37\257\341\240\1\0\0\314\240\1\0\0\0\0\0", 3200, MSG_DONTWAIT, NULL, NULL) = 32
20892 1783913178.536195 recvfrom(100, 0x7fc3986860, 3200, MSG_DONTWAIT, NULL, NULL) = -1 EAGAIN (Try again)
21004 1783913178.536551 sendmsg(177, {msg_name=NULL, msg_namelen=0, msg_iov=[{iov_base="l\1\1\1\374\0\0\0\270\2\0\0\235\0\0\0\1\1o\0;\0\0\0/re/frid"..., iov_len=428}], msg_iovlen=1, msg_controllen=0, msg_flags=0}, MSG_NOSIGNAL) = 428
21004 1783913178.618177 sendmsg(177, {msg_name=NULL, msg_namelen=0, msg_iov=[{iov_base="l\1\1\1\374\0\0\0\271\2\0\0\235\0\0\0\1\1o\0;\0\0\0/re/frid"..., iov_len=428}], msg_iovlen=1, msg_controllen=0, msg_flags=0}, MSG_NOSIGNAL) = 428
20892 1783913178.619135 recvfrom(100, 0x7fc3985fd0, 3200, MSG_DONTWAIT, NULL, NULL) = -1 EAGAIN (Try again)
20892 1783913178.635838 recvfrom(100, "nysv\0\0\0\0\0\0\0\0\0\0\0\0&\t\246\347\240\1\0\0\322\240\1\0\0\0\0\0", 3200, MSG_DONTWAIT, NULL, NULL) = 32
20892 1783913178.635865 recvfrom(100, 0x7fc3986860, 3200, MSG_DONTWAIT, NULL, NULL) = -1 EAGAIN (Try again)
20892 1783913178.636018 recvfrom(114, 0x7d0fd84020, 2272, MSG_DONTWAIT, NULL, NULL) = -1 EAGAIN (Try again)
20892 1783913178.643221 recvfrom(100, 0x7fc3985920, 3200, MSG_DONTWAIT, NULL, NULL) = -1 EAGAIN (Try again)
20892 1783913178.652664 recvfrom(100, "nysv\0\0\0\0\0\0\0\0\0\0\0\0\276\207\244\350\240\1\0\0\323\240\1\0\0\0\0\0", 3200, MSG_DONTWAIT, NULL, NULL) = 32
20892 1783913178.652686 recvfrom(100, 0x7fc3986860, 3200, MSG_DONTWAIT, NULL, NULL) = -1 EAGAIN (Try again)
20892 1783913178.652848 recvfrom(114, 0x7d0fd84020, 2272, MSG_DONTWAIT, NULL, NULL) = -1 EAGAIN (Try again)
20892 1783913178.709102 recvfrom(100, 0x7fc3985d70, 3200, MSG_DONTWAIT, NULL, NULL) = -1 EAGAIN (Try again)
21004 1783913178.710270 sendmsg(177, {msg_name=NULL, msg_namelen=0, msg_iov=[{iov_base="l\1\1\1\374\0\0\0\272\2\0\0\235\0\0\0\1\1o\0;\0\0\0/re/frid"..., iov_len=428}], msg_iovlen=1, msg_controllen=0, msg_flags=0}, MSG_NOSIGNAL) = 428
20892 1783913178.719300 recvfrom(100, "nysv\0\0\0\0\0\0\0\0\0\0\0\0\322\312\236\354\240\1\0\0\327\240\1\0\0\0\0\0", 3200, MSG_DONTWAIT, NULL, NULL) = 32
20892 1783913178.719437 recvfrom(100, 0x7fc3986860, 3200, MSG_DONTWAIT, NULL, NULL) = -1 EAGAIN (Try again)
20892 1783913178.721291 recvfrom(100, 0x7fc3986760, 3200, MSG_DONTWAIT, NULL, NULL) = -1 EAGAIN (Try again)
21004 1783913178.721927 sendmsg(177, {msg_name=NULL, msg_namelen=0, msg_iov=[{iov_base="l\1\1\1\374\0\0\0\273\2\0\0\235\0\0\0\1\1o\0;\0\0\0/re/frid"..., iov_len=428}], msg_iovlen=1, msg_controllen=0, msg_flags=0}, MSG_NOSIGNAL) = 428
20892 1783913178.735729 recvfrom(100, "nysv\0\0\0\0\0\0\0\0\0\0\0\0FY\235\355\240\1\0\0\330\240\1\0\0\0\0\0", 3200, MSG_DONTWAIT, NULL, NULL) = 32
20892 1783913178.735754 recvfrom(100, 0x7fc3986860, 3200, MSG_DONTWAIT, NULL, NULL) = -1 EAGAIN (Try again)
21004 1783913178.736164 sendmsg(177, {msg_name=NULL, msg_namelen=0, msg_iov=[{iov_base="l\1\1\1\374\0\0\0\274\2\0\0\235\0\0\0\1\1o\0;\0\0\0/re/frid"..., iov_len=428}], msg_iovlen=1, msg_controllen=0, msg_flags=0}, MSG_NOSIGNAL) = 428
20892 1783913178.746229 recvfrom(100, 0x7fc3985d70, 3200, MSG_DONTWAIT, NULL, NULL) = -1 EAGAIN (Try again)
20892 1783913178.753746 recvfrom(100, "nysv\0\0\0\0\0\0\0\0\0\0\0\0p\251\233\356\240\1\0\0\331\240\1\0\0\0\0\0", 3200, MSG_DONTWAIT, NULL, NULL) = 32
20892 1783913178.753783 recvfrom(100, 0x7fc3986860, 3200, MSG_DONTWAIT, NULL, NULL) = -1 EAGAIN (Try again)
20892 1783913178.755053 recvfrom(100, 0x7fc3986760, 3200, MSG_DONTWAIT, NULL, NULL) = -1 EAGAIN (Try again)
21004 1783913178.755823 sendmsg(177, {msg_name=NULL, msg_namelen=0, msg_iov=[{iov_base="l\1\1\1\374\0\0\0\275\2\0\0\235\0\0\0\1\1o\0;\0\0\0/re/frid"..., iov_len=428}], msg_iovlen=1, msg_controllen=0, msg_flags=0}, MSG_NOSIGNAL) = 428
20892 1783913178.769633 recvfrom(100, "nysv\0\0\0\0\0\0\0\0\0\0\0\0\246\23\232\357\240\1\0\0\332\240\1\0\0\0\0\0", 3200, MSG_DONTWAIT, NULL, NULL) = 32
20892 1783913178.769658 recvfrom(100, 0x7fc3986860, 3200, MSG_DONTWAIT, NULL, NULL) = -1 EAGAIN (Try again)
21004 1783913178.770495 sendmsg(177, {msg_name=NULL, msg_namelen=0, msg_iov=[{iov_base="l\1\1\1\374\0\0\0\276\2\0\0\235\0\0\0\1\1o\0;\0\0\0/re/frid"..., iov_len=428}], msg_iovlen=1, msg_controllen=0, msg_flags=0}, MSG_NOSIGNAL) = 428
20892 1783913179.145711 recvfrom(100, 0x7fc3986420, 3200, MSG_DONTWAIT, NULL, NULL) = -1 EAGAIN (Try again)
20892 1783913179.152861 recvfrom(100, "nysv\0\0\0\0\0\0\0\0\0\0\0\0\320\210q\6\241\1\0\0\361\240\1\0\0\0\0\0", 3200, MSG_DONTWAIT, NULL, NULL) = 32
20892 1783913179.152930 recvfrom(100, 0x7fc3986860, 3200, MSG_DONTWAIT, NULL, NULL) = -1 EAGAIN (Try again)
20892 1783913179.152957 recvfrom(114, 0x7d0fd84020, 2272, MSG_DONTWAIT, NULL, NULL) = -1 EAGAIN (Try again)
21004 1783913179.155138 sendmsg(177, {msg_name=NULL, msg_namelen=0, msg_iov=[{iov_base="l\1\1\1\374\0\0\0\277\2\0\0\235\0\0\0\1\1o\0;\0\0\0/re/frid"..., iov_len=428}], msg_iovlen=1, msg_controllen=0, msg_flags=0}, MSG_NOSIGNAL) = 428
20892 1783913179.195754 recvfrom(100, 0x7fc3985d70, 3200, MSG_DONTWAIT, NULL, NULL) = -1 EAGAIN (Try again)
20892 1783913179.202692 recvfrom(100, "nysv\0\0\0\0\0\0\0\0\0\0\0\0\35Dm\t\241\1\0\0\364\240\1\0\0\0\0\0", 3200, MSG_DONTWAIT, NULL, NULL) = 32
20892 1783913179.202722 recvfrom(100, 0x7fc3986860, 3200, MSG_DONTWAIT, NULL, NULL) = -1 EAGAIN (Try again)
20892 1783913179.205910 recvfrom(100, 0x7fc3986760, 3200, MSG_DONTWAIT, NULL, NULL) = -1 EAGAIN (Try again)
21004 1783913179.207341 sendmsg(177, {msg_name=NULL, msg_namelen=0, msg_iov=[{iov_base="l\1\1\1\374\0\0\0\300\2\0\0\235\0\0\0\1\1o\0;\0\0\0/re/frid"..., iov_len=428}], msg_iovlen=1, msg_controllen=0, msg_flags=0}, MSG_NOSIGNAL) = 428
20892 1783913179.219380 recvfrom(100, "nysv\0\0\0\0\0\0\0\0\0\0\0\0001\305k\n\241\1\0\0\365\240\1\0\0\0\0\0", 3200, MSG_DONTWAIT, NULL, NULL) = 32
20892 1783913179.219398 recvfrom(100, 0x7fc3986860, 3200, MSG_DONTWAIT, NULL, NULL) = -1 EAGAIN (Try again)
21004 1783913179.220092 sendmsg(177, {msg_name=NULL, msg_namelen=0, msg_iov=[{iov_base="l\1\1\1\374\0\0\0\301\2\0\0\235\0\0\0\1\1o\0;\0\0\0/re/frid"..., iov_len=428}], msg_iovlen=1, msg_controllen=0, msg_flags=0}, MSG_NOSIGNAL) = 428
21004 1783913179.567041 sendmsg(177, {msg_name=NULL, msg_namelen=0, msg_iov=[{iov_base="l\1\1\1\374\0\0\0\302\2\0\0\235\0\0\0\1\1o\0;\0\0\0/re/frid"..., iov_len=428}], msg_iovlen=1, msg_controllen=0, msg_flags=0}, MSG_NOSIGNAL) = 428
20892 1783913179.649307 recvfrom(100, 0x7fc3986420, 3200, MSG_DONTWAIT, NULL, NULL) = -1 EAGAIN (Try again)
20892 1783913179.653228 recvfrom(100, "nysv\0\0\0\0\0\0\0\0\0\0\0\0n==$\241\1\0\0\17\241\1\0\0\0\0\0", 3200, MSG_DONTWAIT, NULL, NULL) = 32
20892 1783913179.653319 recvfrom(100, 0x7fc3986860, 3200, MSG_DONTWAIT, NULL, NULL) = -1 EAGAIN (Try again)
20892 1783913179.653484 recvfrom(114, 0x7d0fd84020, 2272, MSG_DONTWAIT, NULL, NULL) = -1 EAGAIN (Try again)
21004 1783913179.661807 sendmsg(177, {msg_name=NULL, msg_namelen=0, msg_iov=[{iov_base="l\1\1\1\374\0\0\0\303\2\0\0\235\0\0\0\1\1o\0;\0\0\0/re/frid"..., iov_len=428}], msg_iovlen=1, msg_controllen=0, msg_flags=0}, MSG_NOSIGNAL) = 428
20892 1783913179.687970 recvfrom(100, 0x7fc3985d70, 3200, MSG_DONTWAIT, NULL, NULL) = -1 EAGAIN (Try again)
20892 1783913179.704071 recvfrom(100, "nysv\0\0\0\0\0\0\0\0\0\0\0\0\206>9'\241\1\0\0\22\241\1\0\0\0\0\0", 3200, MSG_DONTWAIT, NULL, NULL) = 32
20892 1783913179.704097 recvfrom(100, 0x7fc3986860, 3200, MSG_DONTWAIT, NULL, NULL) = -1 EAGAIN (Try again)
20892 1783913179.707523 recvfrom(100, 0x7fc3986760, 3200, MSG_DONTWAIT, NULL, NULL) = -1 EAGAIN (Try again)
21004 1783913179.707955 sendmsg(177, {msg_name=NULL, msg_namelen=0, msg_iov=[{iov_base="l\1\1\1\374\0\0\0\304\2\0\0\235\0\0\0\1\1o\0;\0\0\0/re/frid"..., iov_len=428}], msg_iovlen=1, msg_controllen=0, msg_flags=0}, MSG_NOSIGNAL) = 428
20892 1783913179.720198 recvfrom(100, "nysv\0\0\0\0\0\0\0\0\0\0\0\0\346\2037(\241\1\0\0\23\241\1\0\0\0\0\0", 3200, MSG_DONTWAIT, NULL, NULL) = 32
20892 1783913179.720267 recvfrom(100, 0x7fc3986860, 3200, MSG_DONTWAIT, NULL, NULL) = -1 EAGAIN (Try again)
21004 1783913179.720688 sendmsg(177, {msg_name=NULL, msg_namelen=0, msg_iov=[{iov_base="l\1\1\1\374\0\0\0\305\2\0\0\235\0\0\0\1\1o\0;\0\0\0/re/frid"..., iov_len=428}], msg_iovlen=1, msg_controllen=0, msg_flags=0}, MSG_NOSIGNAL) = 428
20892 1783913180.155181 recvfrom(100, 0x7fc3986420, 3200, MSG_DONTWAIT, NULL, NULL) = -1 EAGAIN (Try again)
20892 1783913180.170171 recvfrom(100, "nysv\0\0\0\0\0\0\0\0\0\0\0\0'\3\7C\241\1\0\0.\241\1\0\0\0\0\0", 3200, MSG_DONTWAIT, NULL, NULL) = 32
20892 1783913180.170261 recvfrom(100, 0x7fc3986860, 3200, MSG_DONTWAIT, NULL, NULL) = -1 EAGAIN (Try again)
20892 1783913180.170300 recvfrom(114, 0x7d0fd84020, 2272, MSG_DONTWAIT, NULL, NULL) = -1 EAGAIN (Try again)
21004 1783913180.172757 sendmsg(177, {msg_name=NULL, msg_namelen=0, msg_iov=[{iov_base="l\1\1\1\374\0\0\0\306\2\0\0\235\0\0\0\1\1o\0;\0\0\0/re/frid"..., iov_len=428}], msg_iovlen=1, msg_controllen=0, msg_flags=0}, MSG_NOSIGNAL) = 428
20892 1783913180.200466 recvfrom(100, 0x7fc3985d70, 3200, MSG_DONTWAIT, NULL, NULL) = -1 EAGAIN (Try again)
20892 1783913180.202704 recvfrom(100, "nysv\0\0\0\0\0\0\0\0\0\0\0\0a\333\3E\241\1\0\0000\241\1\0\0\0\0\0", 3200, MSG_DONTWAIT, NULL, NULL) = 32
20892 1783913180.202729 recvfrom(100, 0x7fc3986860, 3200, MSG_DONTWAIT, NULL, NULL) = -1 EAGAIN (Try again)
20892 1783913180.204392 recvfrom(100, 0x7fc3986760, 3200, MSG_DONTWAIT, NULL, NULL) = -1 EAGAIN (Try again)
21004 1783913180.205004 sendmsg(177, {msg_name=NULL, msg_namelen=0, msg_iov=[{iov_base="l\1\1\1\374\0\0\0\307\2\0\0\235\0\0\0\1\1o\0;\0\0\0/re/frid"..., iov_len=428}], msg_iovlen=1, msg_controllen=0, msg_flags=0}, MSG_NOSIGNAL) = 428
20892 1783913180.220175 recvfrom(100, "nysv\0\0\0\0\0\0\0\0\0\0\0\0.$\2F\241\1\0\0001\241\1\0\0\0\0\0", 3200, MSG_DONTWAIT, NULL, NULL) = 32
20892 1783913180.220204 recvfrom(100, 0x7fc3986860, 3200, MSG_DONTWAIT, NULL, NULL) = -1 EAGAIN (Try again)
21004 1783913180.220719 sendmsg(177, {msg_name=NULL, msg_namelen=0, msg_iov=[{iov_base="l\1\1\1\374\0\0\0\310\2\0\0\235\0\0\0\1\1o\0;\0\0\0/re/frid"..., iov_len=428}], msg_iovlen=1, msg_controllen=0, msg_flags=0}, MSG_NOSIGNAL) = 428
21004 1783913180.577331 sendmsg(177, {msg_name=NULL, msg_namelen=0, msg_iov=[{iov_base="l\1\1\1\374\0\0\0\311\2\0\0\235\0\0\0\1\1o\0;\0\0\0/re/frid"..., iov_len=428}], msg_iovlen=1, msg_controllen=0, msg_flags=0}, MSG_NOSIGNAL) = 428
21004 1783913180.587740 sendmsg(177, {msg_name=NULL, msg_namelen=0, msg_iov=[{iov_base="l\1\1\1\374\0\0\0\312\2\0\0\235\0\0\0\1\1o\0;\0\0\0/re/frid"..., iov_len=428}], msg_iovlen=1, msg_controllen=0, msg_flags=0}, MSG_NOSIGNAL) = 428
21004 1783913180.595694 sendmsg(177, {msg_name=NULL, msg_namelen=0, msg_iov=[{iov_base="l\1\1\1\374\0\0\0\313\2\0\0\235\0\0\0\1\1o\0;\0\0\0/re/frid"..., iov_len=428}], msg_iovlen=1, msg_controllen=0, msg_flags=0}, MSG_NOSIGNAL) = 428
20892 1783913180.660021 recvfrom(100, 0x7fc3986420, 3200, MSG_DONTWAIT, NULL, NULL) = -1 EAGAIN (Try again)
20892 1783913180.668752 recvfrom(100, "nysv\0\0\0\0\0\0\0\0\0\0\0\0\257\250\325`\241\1\0\0L\241\1\0\0\0\0\0", 3200, MSG_DONTWAIT, NULL, NULL) = 32
20892 1783913180.668838 recvfrom(100, 0x7fc3986860, 3200, MSG_DONTWAIT, NULL, NULL) = -1 EAGAIN (Try again)
20892 1783913180.668869 recvfrom(114, 0x7d0fd84020, 2272, MSG_DONTWAIT, NULL, NULL) = -1 EAGAIN (Try again)
21004 1783913180.670797 sendmsg(177, {msg_name=NULL, msg_namelen=0, msg_iov=[{iov_base="l\1\1\1\374\0\0\0\314\2\0\0\235\0\0\0\1\1o\0;\0\0\0/re/frid"..., iov_len=428}], msg_iovlen=1, msg_controllen=0, msg_flags=0}, MSG_NOSIGNAL) = 428
20892 1783913180.695832 recvfrom(100, 0x7fc3985d70, 3200, MSG_DONTWAIT, NULL, NULL) = -1 EAGAIN (Try again)
20892 1783913180.702694 recvfrom(100, "nysv\0\0\0\0\0\0\0\0\0\0\0\0\236\242\322b\241\1\0\0N\241\1\0\0\0\0\0", 3200, MSG_DONTWAIT, NULL, NULL) = 32
20892 1783913180.702786 recvfrom(100, 0x7fc3986860, 3200, MSG_DONTWAIT, NULL, NULL) = -1 EAGAIN (Try again)
20892 1783913180.709346 recvfrom(100, 0x7fc3986760, 3200, MSG_DONTWAIT, NULL, NULL) = -1 EAGAIN (Try again)
21004 1783913180.710162 sendmsg(177, {msg_name=NULL, msg_namelen=0, msg_iov=[{iov_base="l\1\1\1\374\0\0\0\315\2\0\0\235\0\0\0\1\1o\0;\0\0\0/re/frid"..., iov_len=428}], msg_iovlen=1, msg_controllen=0, msg_flags=0}, MSG_NOSIGNAL) = 428
20892 1783913180.719956 recvfrom(100, "nysv\0\0\0\0\0\0\0\0\0\0\0\0\310\273\320c\241\1\0\0O\241\1\0\0\0\0\0", 3200, MSG_DONTWAIT, NULL, NULL) = 32
20892 1783913180.720027 recvfrom(100, 0x7fc3986860, 3200, MSG_DONTWAIT, NULL, NULL) = -1 EAGAIN (Try again)
21004 1783913180.720431 sendmsg(177, {msg_name=NULL, msg_namelen=0, msg_iov=[{iov_base="l\1\1\1\374\0\0\0\316\2\0\0\235\0\0\0\1\1o\0;\0\0\0/re/frid"..., iov_len=428}], msg_iovlen=1, msg_controllen=0, msg_flags=0}, MSG_NOSIGNAL) = 428
20892 1783913181.161719 recvfrom(100, 0x7fc3986420, 3200, MSG_DONTWAIT, NULL, NULL) = -1 EAGAIN (Try again)
20892 1783913181.169650 recvfrom(100, "nysv\0\0\0\0\0\0\0\0\0\0\0\0c\354\241~\241\1\0\0j\241\1\0\0\0\0\0", 3200, MSG_DONTWAIT, NULL, NULL) = 32
20892 1783913181.169822 recvfrom(100, 0x7fc3986860, 3200, MSG_DONTWAIT, NULL, NULL) = -1 EAGAIN (Try again)
20892 1783913181.169896 recvfrom(114, 0x7d0fd84020, 2272, MSG_DONTWAIT, NULL, NULL) = -1 EAGAIN (Try again)
21004 1783913181.173266 sendmsg(177, {msg_name=NULL, msg_namelen=0, msg_iov=[{iov_base="l\1\1\1\374\0\0\0\317\2\0\0\235\0\0\0\1\1o\0;\0\0\0/re/frid"..., iov_len=428}], msg_iovlen=1, msg_controllen=0, msg_flags=0}, MSG_NOSIGNAL) = 428
20892 1783913181.209841 recvfrom(100, 0x7fc3985d70, 3200, MSG_DONTWAIT, NULL, NULL) = -1 EAGAIN (Try again)
20892 1783913181.218621 recvfrom(100, "nysv\0\0\0\0\0\0\0\0\0\0\0\0\243G\235\201\241\1\0\0m\241\1\0\0\0\0\0", 3200, MSG_DONTWAIT, NULL, NULL) = 32
20892 1783913181.218710 recvfrom(100, 0x7fc3986860, 3200, MSG_DONTWAIT, NULL, NULL) = -1 EAGAIN (Try again)
20892 1783913181.225276 recvfrom(100, 0x7fc3986760, 3200, MSG_DONTWAIT, NULL, NULL) = -1 EAGAIN (Try again)
21004 1783913181.225971 sendmsg(177, {msg_name=NULL, msg_namelen=0, msg_iov=[{iov_base="l\1\1\1\374\0\0\0\320\2\0\0\235\0\0\0\1\1o\0;\0\0\0/re/frid"..., iov_len=428}], msg_iovlen=1, msg_controllen=0, msg_flags=0}, MSG_NOSIGNAL) = 428
20892 1783913181.240017 recvfrom(100, "nysv\0\0\0\0\0\0\0\0\0\0\0\0\247\r\233\202\241\1\0\0n\241\1\0\0\0\0\0", 3200, MSG_DONTWAIT, NULL, NULL) = 32
20892 1783913181.240040 recvfrom(100, 0x7fc3986860, 3200, MSG_DONTWAIT, NULL, NULL) = -1 EAGAIN (Try again)
21004 1783913181.240527 sendmsg(177, {msg_name=NULL, msg_namelen=0, msg_iov=[{iov_base="l\1\1\1\374\0\0\0\321\2\0\0\235\0\0\0\1\1o\0;\0\0\0/re/frid"..., iov_len=428}], msg_iovlen=1, msg_controllen=0, msg_flags=0}, MSG_NOSIGNAL) = 428
20892 1783913181.664377 recvfrom(100, 0x7fc3986420, 3200, MSG_DONTWAIT, NULL, NULL) = -1 EAGAIN (Try again)
20892 1783913181.673059 recvfrom(100, "nysv\0\0\0\0\0\0\0\0\0\0\0\0\3531o\234\241\1\0\0\207\241\1\0\0\0\0\0", 3200, MSG_DONTWAIT, NULL, NULL) = 32
20892 1783913181.673176 recvfrom(100, 0x7fc3986860, 3200, MSG_DONTWAIT, NULL, NULL) = -1 EAGAIN (Try again)
20892 1783913181.673332 recvfrom(114, 0x7d0fd84020, 2272, MSG_DONTWAIT, NULL, NULL) = -1 EAGAIN (Try again)
21004 1783913181.677493 sendmsg(177, {msg_name=NULL, msg_namelen=0, msg_iov=[{iov_base="l\1\1\1\374\0\0\0\322\2\0\0\235\0\0\0\1\1o\0;\0\0\0/re/frid"..., iov_len=428}], msg_iovlen=1, msg_controllen=0, msg_flags=0}, MSG_NOSIGNAL) = 428
20892 1783913181.714833 recvfrom(100, 0x7fc3985d70, 3200, MSG_DONTWAIT, NULL, NULL) = -1 EAGAIN (Try again)
20892 1783913181.721191 recvfrom(100, "nysv\0\0\0\0\0\0\0\0\0\0\0\0i\"j\237\241\1\0\0\212\241\1\0\0\0\0\0", 3200, MSG_DONTWAIT, NULL, NULL) = 32
20892 1783913181.721288 recvfrom(100, 0x7fc3986860, 3200, MSG_DONTWAIT, NULL, NULL) = -1 EAGAIN (Try again)
20892 1783913181.724372 recvfrom(100, 0x7fc3986760, 3200, MSG_DONTWAIT, NULL, NULL) = -1 EAGAIN (Try again)
21004 1783913181.725255 sendmsg(177, {msg_name=NULL, msg_namelen=0, msg_iov=[{iov_base="l\1\1\1\374\0\0\0\323\2\0\0\235\0\0\0\1\1o\0;\0\0\0/re/frid"..., iov_len=428}], msg_iovlen=1, msg_controllen=0, msg_flags=0}, MSG_NOSIGNAL) = 428
20892 1783913181.740565 recvfrom(100, "nysv\0\0\0\0\0\0\0\0\0\0\0\0\223rh\240\241\1\0\0\213\241\1\0\0\0\0\0", 3200, MSG_DONTWAIT, NULL, NULL) = 32
20892 1783913181.740586 recvfrom(100, 0x7fc3986860, 3200, MSG_DONTWAIT, NULL, NULL) = -1 EAGAIN (Try again)
21004 1783913181.741190 sendmsg(177, {msg_name=NULL, msg_namelen=0, msg_iov=[{iov_base="l\1\1\1\374\0\0\0\324\2\0\0\235\0\0\0\1\1o\0;\0\0\0/re/frid"..., iov_len=428}], msg_iovlen=1, msg_controllen=0, msg_flags=0}, MSG_NOSIGNAL) = 428
20892 1783913182.167489 recvfrom(100, 0x7fc3986420, 3200, MSG_DONTWAIT, NULL, NULL) = -1 EAGAIN (Try again)
20892 1783913182.171554 recvfrom(100, "nysv\0\0\0\0\0\0\0\0\0\0\0\0\31\334<\272\241\1\0\0\244\241\1\0\0\0\0\0", 3200, MSG_DONTWAIT, NULL, NULL) = 32
20892 1783913182.171637 recvfrom(100, 0x7fc3986860, 3200, MSG_DONTWAIT, NULL, NULL) = -1 EAGAIN (Try again)
20892 1783913182.171739 recvfrom(114, 0x7d0fd84020, 2272, MSG_DONTWAIT, NULL, NULL) = -1 EAGAIN (Try again)
21004 1783913182.176313 sendmsg(177, {msg_name=NULL, msg_namelen=0, msg_iov=[{iov_base="l\1\1\1\374\0\0\0\325\2\0\0\235\0\0\0\1\1o\0;\0\0\0/re/frid"..., iov_len=428}], msg_iovlen=1, msg_controllen=0, msg_flags=0}, MSG_NOSIGNAL) = 428
20892 1783913182.211269 recvfrom(100, 0x7fc3985d70, 3200, MSG_DONTWAIT, NULL, NULL) = -1 EAGAIN (Try again)
20892 1783913182.219712 recvfrom(100, "nysv\0\0\0\0\0\0\0\0\0\0\0\0\211A8\275\241\1\0\0\247\241\1\0\0\0\0\0", 3200, MSG_DONTWAIT, NULL, NULL) = 32
20892 1783913182.219744 recvfrom(100, 0x7fc3986860, 3200, MSG_DONTWAIT, NULL, NULL) = -1 EAGAIN (Try again)
20892 1783913182.221635 recvfrom(100, 0x7fc3986760, 3200, MSG_DONTWAIT, NULL, NULL) = -1 EAGAIN (Try again)
21004 1783913182.222394 sendmsg(177, {msg_name=NULL, msg_namelen=0, msg_iov=[{iov_base="l\1\1\1\374\0\0\0\326\2\0\0\235\0\0\0\1\1o\0;\0\0\0/re/frid"..., iov_len=428}], msg_iovlen=1, msg_controllen=0, msg_flags=0}, MSG_NOSIGNAL) = 428
20892 1783913182.241870 recvfrom(100, "nysv\0\0\0\0\0\0\0\0\0\0\0\0\177\3275\276\241\1\0\0\250\241\1\0\0\0\0\0", 3200, MSG_DONTWAIT, NULL, NULL) = 32
20892 1783913182.241893 recvfrom(100, 0x7fc3986860, 3200, MSG_DONTWAIT, NULL, NULL) = -1 EAGAIN (Try again)
21004 1783913182.242861 sendmsg(177, {msg_name=NULL, msg_namelen=0, msg_iov=[{iov_base="l\1\1\1\374\0\0\0\327\2\0\0\235\0\0\0\1\1o\0;\0\0\0/re/frid"..., iov_len=428}], msg_iovlen=1, msg_controllen=0, msg_flags=0}, MSG_NOSIGNAL) = 428
20892 1783913182.676161 recvfrom(100, 0x7fc3986420, 3200, MSG_DONTWAIT, NULL, NULL) = -1 EAGAIN (Try again)
20892 1783913182.687435 recvfrom(100, "nysv\0\0\0\0\0\0\0\0\0\0\0\0\355K\10\331\241\1\0\0\303\241\1\0\0\0\0\0", 3200, MSG_DONTWAIT, NULL, NULL) = 32
20892 1783913182.687460 recvfrom(100, 0x7fc3986860, 3200, MSG_DONTWAIT, NULL, NULL) = -1 EAGAIN (Try again)
20892 1783913182.687483 recvfrom(114, 0x7d0fd84020, 2272, MSG_DONTWAIT, NULL, NULL) = -1 EAGAIN (Try again)
21004 1783913182.689818 sendmsg(177, {msg_name=NULL, msg_namelen=0, msg_iov=[{iov_base="l\1\1\1\374\0\0\0\330\2\0\0\235\0\0\0\1\1o\0;\0\0\0/re/frid"..., iov_len=428}], msg_iovlen=1, msg_controllen=0, msg_flags=0}, MSG_NOSIGNAL) = 428
20892 1783913182.715853 recvfrom(100, 0x7fc3985d70, 3200, MSG_DONTWAIT, NULL, NULL) = -1 EAGAIN (Try again)
20892 1783913182.719366 recvfrom(100, "nysv\0\0\0\0\0\0\0\0\0\0\0\0\3045\5\333\241\1\0\0\305\241\1\0\0\0\0\0", 3200, MSG_DONTWAIT, NULL, NULL) = 32
20892 1783913182.719390 recvfrom(100, 0x7fc3986860, 3200, MSG_DONTWAIT, NULL, NULL) = -1 EAGAIN (Try again)
20892 1783913182.721618 recvfrom(100, 0x7fc3986760, 3200, MSG_DONTWAIT, NULL, NULL) = -1 EAGAIN (Try again)
21004 1783913182.722590 sendmsg(177, {msg_name=NULL, msg_namelen=0, msg_iov=[{iov_base="l\1\1\1\374\0\0\0\331\2\0\0\235\0\0\0\1\1o\0;\0\0\0/re/frid"..., iov_len=428}], msg_iovlen=1, msg_controllen=0, msg_flags=0}, MSG_NOSIGNAL) = 428
20892 1783913182.740485 recvfrom(100, "nysv\0\0\0\0\0\0\0\0\0\0\0\0k<\3\334\241\1\0\0\306\241\1\0\0\0\0\0", 3200, MSG_DONTWAIT, NULL, NULL) = 32
20892 1783913182.740502 recvfrom(100, 0x7fc3986860, 3200, MSG_DONTWAIT, NULL, NULL) = -1 EAGAIN (Try again)
21004 1783913182.740975 sendmsg(177, {msg_name=NULL, msg_namelen=0, msg_iov=[{iov_base="l\1\1\1\374\0\0\0\332\2\0\0\235\0\0\0\1\1o\0;\0\0\0/re/frid"..., iov_len=428}], msg_iovlen=1, msg_controllen=0, msg_flags=0}, MSG_NOSIGNAL) = 428
20892 1783913183.177709 recvfrom(100, 0x7fc3986420, 3200, MSG_DONTWAIT, NULL, NULL) = -1 EAGAIN (Try again)
20892 1783913183.188663 recvfrom(100, "nysv\0\0\0\0\0\0\0\0\0\0\0\0\331\260\325\366\241\1\0\0\341\241\1\0\0\0\0\0", 3200, MSG_DONTWAIT, NULL, NULL) = 32
20892 1783913183.188759 recvfrom(100, 0x7fc3986860, 3200, MSG_DONTWAIT, NULL, NULL) = -1 EAGAIN (Try again)
20892 1783913183.188867 recvfrom(114, 0x7d0fd84020, 2272, MSG_DONTWAIT, NULL, NULL) = -1 EAGAIN (Try again)
21004 1783913183.193235 sendmsg(177, {msg_name=NULL, msg_namelen=0, msg_iov=[{iov_base="l\1\1\1\374\0\0\0\333\2\0\0\235\0\0\0\1\1o\0;\0\0\0/re/frid"..., iov_len=428}], msg_iovlen=1, msg_controllen=0, msg_flags=0}, MSG_NOSIGNAL) = 428
20892 1783913183.230236 recvfrom(100, 0x7fc3985d70, 3200, MSG_DONTWAIT, NULL, NULL) = -1 EAGAIN (Try again)
20892 1783913183.237924 recvfrom(100, "nysv\0\0\0\0\0\0\0\0\0\0\0\0W\241\320\371\241\1\0\0\344\241\1\0\0\0\0\0", 3200, MSG_DONTWAIT, NULL, NULL) = 32
20892 1783913183.238048 recvfrom(100, 0x7fc3986860, 3200, MSG_DONTWAIT, NULL, NULL) = -1 EAGAIN (Try again)
20892 1783913183.239989 recvfrom(100, 0x7fc3986760, 3200, MSG_DONTWAIT, NULL, NULL) = -1 EAGAIN (Try again)
21004 1783913183.240833 sendmsg(177, {msg_name=NULL, msg_namelen=0, msg_iov=[{iov_base="l\1\1\1\374\0\0\0\334\2\0\0\235\0\0\0\1\1o\0;\0\0\0/re/frid"..., iov_len=428}], msg_iovlen=1, msg_controllen=0, msg_flags=0}, MSG_NOSIGNAL) = 428
20892 1783913183.256523 recvfrom(100, "nysv\0\0\0\0\0\0\0\0\0\0\0\0\201\361\316\372\241\1\0\0\345\241\1\0\0\0\0\0", 3200, MSG_DONTWAIT, NULL, NULL) = 32
20892 1783913183.256542 recvfrom(100, 0x7fc3986860, 3200, MSG_DONTWAIT, NULL, NULL) = -1 EAGAIN (Try again)
21004 1783913183.257007 sendmsg(177, {msg_name=NULL, msg_namelen=0, msg_iov=[{iov_base="l\1\1\1\374\0\0\0\335\2\0\0\235\0\0\0\1\1o\0;\0\0\0/re/frid"..., iov_len=428}], msg_iovlen=1, msg_controllen=0, msg_flags=0}, MSG_NOSIGNAL) = 428
20892 1783913183.678411 recvfrom(100, 0x7fc3986420, 3200, MSG_DONTWAIT, NULL, NULL) = -1 EAGAIN (Try again)
20892 1783913183.687160 recvfrom(100, "nysv\0\0\0\0\0\0\0\0\0\0\0\0F\37\243\24\242\1\0\0\377\241\1\0\0\0\0\0", 3200, MSG_DONTWAIT, NULL, NULL) = 32
20892 1783913183.687372 recvfrom(100, 0x7fc3986860, 3200, MSG_DONTWAIT, NULL, NULL) = -1 EAGAIN (Try again)
20892 1783913183.687469 recvfrom(114, 0x7d0fd84020, 2272, MSG_DONTWAIT, NULL, NULL) = -1 EAGAIN (Try again)
21004 1783913183.691365 sendmsg(177, {msg_name=NULL, msg_namelen=0, msg_iov=[{iov_base="l\1\1\1\374\0\0\0\336\2\0\0\235\0\0\0\1\1o\0;\0\0\0/re/frid"..., iov_len=428}], msg_iovlen=1, msg_controllen=0, msg_flags=0}, MSG_NOSIGNAL) = 428
20892 1783913183.728673 recvfrom(100, 0x7fc3985d70, 3200, MSG_DONTWAIT, NULL, NULL) = -1 EAGAIN (Try again)
20892 1783913183.736420 recvfrom(100, "nysv\0\0\0\0\0\0\0\0\0\0\0\0\304\17\236\27\242\1\0\0\2\242\1\0\0\0\0\0", 3200, MSG_DONTWAIT, NULL, NULL) = 32
20892 1783913183.736456 recvfrom(100, 0x7fc3986860, 3200, MSG_DONTWAIT, NULL, NULL) = -1 EAGAIN (Try again)
20892 1783913183.738288 recvfrom(100, 0x7fc3986760, 3200, MSG_DONTWAIT, NULL, NULL) = -1 EAGAIN (Try again)
21004 1783913183.739208 sendmsg(177, {msg_name=NULL, msg_namelen=0, msg_iov=[{iov_base="l\1\1\1\374\0\0\0\337\2\0\0\235\0\0\0\1\1o\0;\0\0\0/re/frid"..., iov_len=428}], msg_iovlen=1, msg_controllen=0, msg_flags=0}, MSG_NOSIGNAL) = 428
20892 1783913183.757408 recvfrom(100, "nysv\0\0\0\0\0\0\0\0\0\0\0\0mV\234\30\242\1\0\0\3\242\1\0\0\0\0\0", 3200, MSG_DONTWAIT, NULL, NULL) = 32
20892 1783913183.757435 recvfrom(100, 0x7fc3986860, 3200, MSG_DONTWAIT, NULL, NULL) = -1 EAGAIN (Try again)
21004 1783913183.757933 sendmsg(177, {msg_name=NULL, msg_namelen=0, msg_iov=[{iov_base="l\1\1\1\374\0\0\0\340\2\0\0\235\0\0\0\1\1o\0;\0\0\0/re/frid"..., iov_len=428}], msg_iovlen=1, msg_controllen=0, msg_flags=0}, MSG_NOSIGNAL) = 428
20892 1783913184.180130 recvfrom(100, 0x7fc3986420, 3200, MSG_DONTWAIT, NULL, NULL) = -1 EAGAIN (Try again)
20892 1783913184.185706 recvfrom(100, "nysv\0\0\0\0\0\0\0\0\0\0\0\0\205\271p2\242\1\0\0\35\242\1\0\0\0\0\0", 3200, MSG_DONTWAIT, NULL, NULL) = 32
20892 1783913184.185789 recvfrom(100, 0x7fc3986860, 3200, MSG_DONTWAIT, NULL, NULL) = -1 EAGAIN (Try again)
20892 1783913184.185883 recvfrom(114, 0x7d0fd84020, 2272, MSG_DONTWAIT, NULL, NULL) = -1 EAGAIN (Try again)
21004 1783913184.189814 sendmsg(177, {msg_name=NULL, msg_namelen=0, msg_iov=[{iov_base="l\1\1\1\374\0\0\0\341\2\0\0\235\0\0\0\1\1o\0;\0\0\0/re/frid"..., iov_len=428}], msg_iovlen=1, msg_controllen=0, msg_flags=0}, MSG_NOSIGNAL) = 428
20892 1783913184.225317 recvfrom(100, 0x7fc3985d70, 3200, MSG_DONTWAIT, NULL, NULL) = -1 EAGAIN (Try again)
20892 1783913184.226006 recvfrom(100, "nysv\0\0\0\0\0\0\0\0\0\0\0\0\5\33m4\242\1\0\0\37\242\1\0\0\0\0\0", 3200, MSG_DONTWAIT, NULL, NULL) = 32
20892 1783913184.226037 recvfrom(100, 0x7fc3986860, 3200, MSG_DONTWAIT, NULL, NULL) = -1 EAGAIN (Try again)
20892 1783913184.227603 recvfrom(100, 0x7fc3986760, 3200, MSG_DONTWAIT, NULL, NULL) = -1 EAGAIN (Try again)
21004 1783913184.228292 sendmsg(177, {msg_name=NULL, msg_namelen=0, msg_iov=[{iov_base="l\1\1\1\374\0\0\0\342\2\0\0\235\0\0\0\1\1o\0;\0\0\0/re/frid"..., iov_len=428}], msg_iovlen=1, msg_controllen=0, msg_flags=0}, MSG_NOSIGNAL) = 428
20892 1783913184.235853 recvfrom(100, "nysv\0\0\0\0\0\0\0\0\0\0\0\08\236k5\242\1\0\0 \242\1\0\0\0\0\0", 3200, MSG_DONTWAIT, NULL, NULL) = 32
20892 1783913184.235878 recvfrom(100, 0x7fc3986860, 3200, MSG_DONTWAIT, NULL, NULL) = -1 EAGAIN (Try again)
21004 1783913184.236441 sendmsg(177, {msg_name=NULL, msg_namelen=0, msg_iov=[{iov_base="l\1\1\1\374\0\0\0\343\2\0\0\235\0\0\0\1\1o\0;\0\0\0/re/frid"..., iov_len=428}], msg_iovlen=1, msg_controllen=0, msg_flags=0}, MSG_NOSIGNAL) = 428
20892 1783913184.681331 recvfrom(100, 0x7fc3986420, 3200, MSG_DONTWAIT, NULL, NULL) = -1 EAGAIN (Try again)
20892 1783913184.687610 recvfrom(100, "nysv\0\0\0\0\0\0\0\0\0\0\0\0`\345=P\242\1\0\0;\242\1\0\0\0\0\0", 3200, MSG_DONTWAIT, NULL, NULL) = 32
20892 1783913184.687725 recvfrom(100, 0x7fc3986860, 3200, MSG_DONTWAIT, NULL, NULL) = -1 EAGAIN (Try again)
20892 1783913184.688169 recvfrom(114, 0x7d0fd84020, 2272, MSG_DONTWAIT, NULL, NULL) = -1 EAGAIN (Try again)
21004 1783913184.693048 sendmsg(177, {msg_name=NULL, msg_namelen=0, msg_iov=[{iov_base="l\1\1\1\374\0\0\0\344\2\0\0\235\0\0\0\1\1o\0;\0\0\0/re/frid"..., iov_len=428}], msg_iovlen=1, msg_controllen=0, msg_flags=0}, MSG_NOSIGNAL) = 428
20892 1783913184.728735 recvfrom(100, 0x7fc3985d70, 3200, MSG_DONTWAIT, NULL, NULL) = -1 EAGAIN (Try again)
20892 1783913184.736066 recvfrom(100, "nysv\0\0\0\0\0\0\0\0\0\0\0\0\336\3258S\242\1\0\0>\242\1\0\0\0\0\0", 3200, MSG_DONTWAIT, NULL, NULL) = 32
20892 1783913184.736105 recvfrom(100, 0x7fc3986860, 3200, MSG_DONTWAIT, NULL, NULL) = -1 EAGAIN (Try again)
20892 1783913184.737991 recvfrom(100, 0x7fc3986760, 3200, MSG_DONTWAIT, NULL, NULL) = -1 EAGAIN (Try again)
21004 1783913184.738980 sendmsg(177, {msg_name=NULL, msg_namelen=0, msg_iov=[{iov_base="l\1\1\1\374\0\0\0\345\2\0\0\235\0\0\0\1\1o\0;\0\0\0/re/frid"..., iov_len=428}], msg_iovlen=1, msg_controllen=0, msg_flags=0}, MSG_NOSIGNAL) = 428
20892 1783913184.757449 recvfrom(100, "nysv\0\0\0\0\0\0\0\0\0\0\0\0E 7T\242\1\0\0?\242\1\0\0\0\0\0", 3200, MSG_DONTWAIT, NULL, NULL) = 32
20892 1783913184.757481 recvfrom(100, 0x7fc3986860, 3200, MSG_DONTWAIT, NULL, NULL) = -1 EAGAIN (Try again)
21004 1783913184.758146 sendmsg(177, {msg_name=NULL, msg_namelen=0, msg_iov=[{iov_base="l\1\1\1\374\0\0\0\346\2\0\0\235\0\0\0\1\1o\0;\0\0\0/re/frid"..., iov_len=428}], msg_iovlen=1, msg_controllen=0, msg_flags=0}, MSG_NOSIGNAL) = 428
20892 1783913185.183555 recvfrom(100, 0x7fc3986420, 3200, MSG_DONTWAIT, NULL, NULL) = -1 EAGAIN (Try again)
20892 1783913185.185692 recvfrom(100, "nysv\0\0\0\0\0\0\0\0\0\0\0\0\216\201\vn\242\1\0\0Y\242\1\0\0\0\0\0", 3200, MSG_DONTWAIT, NULL, NULL) = 32
20892 1783913185.185794 recvfrom(100, 0x7fc3986860, 3200, MSG_DONTWAIT, NULL, NULL) = -1 EAGAIN (Try again)
20892 1783913185.185833 recvfrom(114, 0x7d0fd84020, 2272, MSG_DONTWAIT, NULL, NULL) = -1 EAGAIN (Try again)
21004 1783913185.188585 sendmsg(177, {msg_name=NULL, msg_namelen=0, msg_iov=[{iov_base="l\1\1\1\374\0\0\0\347\2\0\0\235\0\0\0\1\1o\0;\0\0\0/re/frid"..., iov_len=428}], msg_iovlen=1, msg_controllen=0, msg_flags=0}, MSG_NOSIGNAL) = 428
20892 1783913185.216717 recvfrom(100, 0x7fc3985d70, 3200, MSG_DONTWAIT, NULL, NULL) = -1 EAGAIN (Try again)
20892 1783913185.219418 recvfrom(100, "nysv\0\0\0\0\0\0\0\0\0\0\0\0\\e\10p\242\1\0\0[\242\1\0\0\0\0\0", 3200, MSG_DONTWAIT, NULL, NULL) = 32
20892 1783913185.219434 recvfrom(100, 0x7fc3986860, 3200, MSG_DONTWAIT, NULL, NULL) = -1 EAGAIN (Try again)
20892 1783913185.220792 recvfrom(100, 0x7fc3986760, 3200, MSG_DONTWAIT, NULL, NULL) = -1 EAGAIN (Try again)
21004 1783913185.221454 sendmsg(177, {msg_name=NULL, msg_namelen=0, msg_iov=[{iov_base="l\1\1\1\374\0\0\0\350\2\0\0\235\0\0\0\1\1o\0;\0\0\0/re/frid"..., iov_len=428}], msg_iovlen=1, msg_controllen=0, msg_flags=0}, MSG_NOSIGNAL) = 428
20892 1783913185.239956 recvfrom(100, "nysv\0\0\0\0\0\0\0\0\0\0\0\0\0075\6q\242\1\0\0\\\242\1\0\0\0\0\0", 3200, MSG_DONTWAIT, NULL, NULL) = 32
20892 1783913185.239982 recvfrom(100, 0x7fc3986860, 3200, MSG_DONTWAIT, NULL, NULL) = -1 EAGAIN (Try again)
21004 1783913185.240535 sendmsg(177, {msg_name=NULL, msg_namelen=0, msg_iov=[{iov_base="l\1\1\1\374\0\0\0\351\2\0\0\235\0\0\0\1\1o\0;\0\0\0/re/frid"..., iov_len=428}], msg_iovlen=1, msg_controllen=0, msg_flags=0}, MSG_NOSIGNAL) = 428
20892 1783913185.685892 recvfrom(100, 0x7fc3986420, 3200, MSG_DONTWAIT, NULL, NULL) = -1 EAGAIN (Try again)
20892 1783913185.686619 recvfrom(100, "nysv\0\0\0\0\0\0\0\0\0\0\0\0\220\25\331\213\242\1\0\0w\242\1\0\0\0\0\0", 3200, MSG_DONTWAIT, NULL, NULL) = 32
20892 1783913185.686702 recvfrom(100, 0x7fc3986860, 3200, MSG_DONTWAIT, NULL, NULL) = -1 EAGAIN (Try again)
20892 1783913185.686833 recvfrom(114, 0x7d0fd84020, 2272, MSG_DONTWAIT, NULL, NULL) = -1 EAGAIN (Try again)
21004 1783913185.691890 sendmsg(177, {msg_name=NULL, msg_namelen=0, msg_iov=[{iov_base="l\1\1\1\374\0\0\0\352\2\0\0\235\0\0\0\1\1o\0;\0\0\0/re/frid"..., iov_len=428}], msg_iovlen=1, msg_controllen=0, msg_flags=0}, MSG_NOSIGNAL) = 428
20892 1783913185.728265 recvfrom(100, 0x7fc3985d70, 3200, MSG_DONTWAIT, NULL, NULL) = -1 EAGAIN (Try again)
20892 1783913185.736065 recvfrom(100, "nysv\0\0\0\0\0\0\0\0\0\0\0\0]8\324\216\242\1\0\0z\242\1\0\0\0\0\0", 3200, MSG_DONTWAIT, NULL, NULL) = 32
20892 1783913185.736102 recvfrom(100, 0x7fc3986860, 3200, MSG_DONTWAIT, NULL, NULL) = -1 EAGAIN (Try again)
20892 1783913185.737941 recvfrom(100, 0x7fc3986760, 3200, MSG_DONTWAIT, NULL, NULL) = -1 EAGAIN (Try again)
21004 1783913185.738806 sendmsg(177, {msg_name=NULL, msg_namelen=0, msg_iov=[{iov_base="l\1\1\1\374\0\0\0\353\2\0\0\235\0\0\0\1\1o\0;\0\0\0/re/frid"..., iov_len=428}], msg_iovlen=1, msg_controllen=0, msg_flags=0}, MSG_NOSIGNAL) = 428
20892 1783913185.754115 recvfrom(100, "nysv\0\0\0\0\0\0\0\0\0\0\0\0\207\210\322\217\242\1\0\0{\242\1\0\0\0\0\0", 3200, MSG_DONTWAIT, NULL, NULL) = 32
20892 1783913185.754136 recvfrom(100, 0x7fc3986860, 3200, MSG_DONTWAIT, NULL, NULL) = -1 EAGAIN (Try again)
21004 1783913185.754826 sendmsg(177, {msg_name=NULL, msg_namelen=0, msg_iov=[{iov_base="l\1\1\1\374\0\0\0\354\2\0\0\235\0\0\0\1\1o\0;\0\0\0/re/frid"..., iov_len=428}], msg_iovlen=1, msg_controllen=0, msg_flags=0}, MSG_NOSIGNAL) = 428
20892 1783913186.190295 recvfrom(100, 0x7fc3986420, 3200, MSG_DONTWAIT, NULL, NULL) = -1 EAGAIN (Try again)
20892 1783913186.193764 recvfrom(100, "nysv\0\0\0\0\0\0\0\0\0\0\0\0a\16\246\251\242\1\0\0\225\242\1\0\0\0\0\0", 3200, MSG_DONTWAIT, NULL, NULL) = 32
20892 1783913186.193816 recvfrom(100, 0x7fc3986860, 3200, MSG_DONTWAIT, NULL, NULL) = -1 EAGAIN (Try again)
20892 1783913186.194783 recvfrom(114, 0x7d0fd84020, 2272, MSG_DONTWAIT, NULL, NULL) = -1 EAGAIN (Try again)
21004 1783913186.199474 sendmsg(177, {msg_name=NULL, msg_namelen=0, msg_iov=[{iov_base="l\1\1\1\374\0\0\0\355\2\0\0\235\0\0\0\1\1o\0;\0\0\0/re/frid"..., iov_len=428}], msg_iovlen=1, msg_controllen=0, msg_flags=0}, MSG_NOSIGNAL) = 428
20892 1783913186.234529 recvfrom(100, 0x7fc3985d70, 3200, MSG_DONTWAIT, NULL, NULL) = -1 EAGAIN (Try again)
20892 1783913186.235625 recvfrom(100, "nysv\0\0\0\0\0\0\0\0\0\0\0\0\374\254\241\254\242\1\0\0\230\242\1\0\0\0\0\0", 3200, MSG_DONTWAIT, NULL, NULL) = 32
20892 1783913186.235652 recvfrom(100, 0x7fc3986860, 3200, MSG_DONTWAIT, NULL, NULL) = -1 EAGAIN (Try again)
20892 1783913186.237542 recvfrom(100, 0x7fc3986760, 3200, MSG_DONTWAIT, NULL, NULL) = -1 EAGAIN (Try again)
21004 1783913186.238437 sendmsg(177, {msg_name=NULL, msg_namelen=0, msg_iov=[{iov_base="l\1\1\1\374\0\0\0\356\2\0\0\235\0\0\0\1\1o\0;\0\0\0/re/frid"..., iov_len=428}], msg_iovlen=1, msg_controllen=0, msg_flags=0}, MSG_NOSIGNAL) = 428
20892 1783913186.255621 recvfrom(100, "nysv\0\0\0\0\0\0\0\0\0\0\0\0[y\237\255\242\1\0\0\231\242\1\0\0\0\0\0", 3200, MSG_DONTWAIT, NULL, NULL) = 32
20892 1783913186.255764 recvfrom(100, 0x7fc3986860, 3200, MSG_DONTWAIT, NULL, NULL) = -1 EAGAIN (Try again)
21004 1783913186.256218 sendmsg(177, {msg_name=NULL, msg_namelen=0, msg_iov=[{iov_base="l\1\1\1\374\0\0\0\357\2\0\0\235\0\0\0\1\1o\0;\0\0\0/re/frid"..., iov_len=428}], msg_iovlen=1, msg_controllen=0, msg_flags=0}, MSG_NOSIGNAL) = 428
20892 1783913186.691742 recvfrom(100, 0x7fc3986420, 3200, MSG_DONTWAIT, NULL, NULL) = -1 EAGAIN (Try again)
20892 1783913186.703848 recvfrom(100, "nysv\0\0\0\0\0\0\0\0\0\0\0\0w\303q\310\242\1\0\0\264\242\1\0\0\0\0\0", 3200, MSG_DONTWAIT, NULL, NULL) = 32
20892 1783913186.704143 recvfrom(100, 0x7fc3986860, 3200, MSG_DONTWAIT, NULL, NULL) = -1 EAGAIN (Try again)
20892 1783913186.704263 recvfrom(114, 0x7d0fd84020, 2272, MSG_DONTWAIT, NULL, NULL) = -1 EAGAIN (Try again)
21004 1783913186.708311 sendmsg(177, {msg_name=NULL, msg_namelen=0, msg_iov=[{iov_base="l\1\1\1\374\0\0\0\360\2\0\0\235\0\0\0\1\1o\0;\0\0\0/re/frid"..., iov_len=428}], msg_iovlen=1, msg_controllen=0, msg_flags=0}, MSG_NOSIGNAL) = 428
20892 1783913186.746241 recvfrom(100, 0x7fc3985d70, 3200, MSG_DONTWAIT, NULL, NULL) = -1 EAGAIN (Try again)
20892 1783913186.752673 recvfrom(100, "nysv\0\0\0\0\0\0\0\0\0\0\0\0\265Wm\313\242\1\0\0\267\242\1\0\0\0\0\0", 3200, MSG_DONTWAIT, NULL, NULL) = 32
20892 1783913186.752743 recvfrom(100, 0x7fc3986860, 3200, MSG_DONTWAIT, NULL, NULL) = -1 EAGAIN (Try again)
20892 1783913186.754936 recvfrom(100, 0x7fc3986760, 3200, MSG_DONTWAIT, NULL, NULL) = -1 EAGAIN (Try again)
21004 1783913186.755748 sendmsg(177, {msg_name=NULL, msg_namelen=0, msg_iov=[{iov_base="l\1\1\1\374\0\0\0\361\2\0\0\235\0\0\0\1\1o\0;\0\0\0/re/frid"..., iov_len=428}], msg_iovlen=1, msg_controllen=0, msg_flags=0}, MSG_NOSIGNAL) = 428
20892 1783913186.774100 recvfrom(100, "nysv\0\0\0\0\0\0\0\0\0\0\0\0\37\4k\314\242\1\0\0\270\242\1\0\0\0\0\0", 3200, MSG_DONTWAIT, NULL, NULL) = 32
20892 1783913186.774228 recvfrom(100, 0x7fc3986860, 3200, MSG_DONTWAIT, NULL, NULL) = -1 EAGAIN (Try again)
21004 1783913186.774877 sendmsg(177, {msg_name=NULL, msg_namelen=0, msg_iov=[{iov_base="l\1\1\1\374\0\0\0\362\2\0\0\235\0\0\0\1\1o\0;\0\0\0/re/frid"..., iov_len=428}], msg_iovlen=1, msg_controllen=0, msg_flags=0}, MSG_NOSIGNAL) = 428
20892 1783913187.192695 recvfrom(100, 0x7fc3986420, 3200, MSG_DONTWAIT, NULL, NULL) = -1 EAGAIN (Try again)
20892 1783913187.203715 recvfrom(100, "nysv\0\0\0\0\0\0\0\0\0\0\0\0\16^?\346\242\1\0\0\322\242\1\0\0\0\0\0", 3200, MSG_DONTWAIT, NULL, NULL) = 32
20892 1783913187.203848 recvfrom(100, 0x7fc3986860, 3200, MSG_DONTWAIT, NULL, NULL) = -1 EAGAIN (Try again)
20892 1783913187.203904 recvfrom(114, 0x7d0fd84020, 2272, MSG_DONTWAIT, NULL, NULL) = -1 EAGAIN (Try again)
21004 1783913187.207333 sendmsg(177, {msg_name=NULL, msg_namelen=0, msg_iov=[{iov_base="l\1\1\1\374\0\0\0\363\2\0\0\235\0\0\0\1\1o\0;\0\0\0/re/frid"..., iov_len=428}], msg_iovlen=1, msg_controllen=0, msg_flags=0}, MSG_NOSIGNAL) = 428
20892 1783913187.239554 recvfrom(100, 0x7fc3985d70, 3200, MSG_DONTWAIT, NULL, NULL) = -1 EAGAIN (Try again)
20892 1783913187.252577 recvfrom(100, "nysv\0\0\0\0\0\0\0\0\0\0\0\0\273\344:\351\242\1\0\0\325\242\1\0\0\0\0\0", 3200, MSG_DONTWAIT, NULL, NULL) = 32
20892 1783913187.252653 recvfrom(100, 0x7fc3986860, 3200, MSG_DONTWAIT, NULL, NULL) = -1 EAGAIN (Try again)
20892 1783913187.255924 recvfrom(100, 0x7fc3986760, 3200, MSG_DONTWAIT, NULL, NULL) = -1 EAGAIN (Try again)
21004 1783913187.256342 sendmsg(177, {msg_name=NULL, msg_namelen=0, msg_iov=[{iov_base="l\1\1\1\374\0\0\0\364\2\0\0\235\0\0\0\1\1o\0;\0\0\0/re/frid"..., iov_len=428}], msg_iovlen=1, msg_controllen=0, msg_flags=0}, MSG_NOSIGNAL) = 428
20892 1783913187.269597 recvfrom(100, "nysv\0\0\0\0\0\0\0\0\0\0\0\0\6N9\352\242\1\0\0\326\242\1\0\0\0\0\0", 3200, MSG_DONTWAIT, NULL, NULL) = 32
20892 1783913187.269622 recvfrom(100, 0x7fc3986860, 3200, MSG_DONTWAIT, NULL, NULL) = -1 EAGAIN (Try again)
21004 1783913187.270070 sendmsg(177, {msg_name=NULL, msg_namelen=0, msg_iov=[{iov_base="l\1\1\1\374\0\0\0\365\2\0\0\235\0\0\0\1\1o\0;\0\0\0/re/frid"..., iov_len=428}], msg_iovlen=1, msg_controllen=0, msg_flags=0}, MSG_NOSIGNAL) = 428
20892 1783913187.697520 recvfrom(100, 0x7fc3986420, 3200, MSG_DONTWAIT, NULL, NULL) = -1 EAGAIN (Try again)
20892 1783913187.703964 recvfrom(100, "nysv\0\0\0\0\0\0\0\0\0\0\0\0O\215\f\4\243\1\0\0\360\242\1\0\0\0\0\0", 3200, MSG_DONTWAIT, NULL, NULL) = 32
20892 1783913187.703994 recvfrom(100, 0x7fc3986860, 3200, MSG_DONTWAIT, NULL, NULL) = -1 EAGAIN (Try again)
20892 1783913187.704040 recvfrom(114, 0x7d0fd84020, 2272, MSG_DONTWAIT, NULL, NULL) = -1 EAGAIN (Try again)
21004 1783913187.707532 sendmsg(177, {msg_name=NULL, msg_namelen=0, msg_iov=[{iov_base="l\1\1\1\374\0\0\0\366\2\0\0\235\0\0\0\1\1o\0;\0\0\0/re/frid"..., iov_len=428}], msg_iovlen=1, msg_controllen=0, msg_flags=0}, MSG_NOSIGNAL) = 428
20892 1783913187.735221 recvfrom(100, 0x7fc3985d70, 3200, MSG_DONTWAIT, NULL, NULL) = -1 EAGAIN (Try again)
20892 1783913187.735440 recvfrom(100, "nysv\0\0\0\0\0\0\0\0\0\0\0\0\23\253\t\6\243\1\0\0\362\242\1\0\0\0\0\0", 3200, MSG_DONTWAIT, NULL, NULL) = 32
20892 1783913187.735542 recvfrom(100, 0x7fc3986860, 3200, MSG_DONTWAIT, NULL, NULL) = -1 EAGAIN (Try again)
20892 1783913187.736822 recvfrom(100, 0x7fc3986760, 3200, MSG_DONTWAIT, NULL, NULL) = -1 EAGAIN (Try again)
21004 1783913187.737558 sendmsg(177, {msg_name=NULL, msg_namelen=0, msg_iov=[{iov_base="l\1\1\1\374\0\0\0\367\2\0\0\235\0\0\0\1\1o\0;\0\0\0/re/frid"..., iov_len=428}], msg_iovlen=1, msg_controllen=0, msg_flags=0}, MSG_NOSIGNAL) = 428
20892 1783913187.755197 recvfrom(100, "nysv\0\0\0\0\0\0\0\0\0\0\0\0r\217\7\7\243\1\0\0\363\242\1\0\0\0\0\0", 3200, MSG_DONTWAIT, NULL, NULL) = 32
20892 1783913187.755294 recvfrom(100, 0x7fc3986860, 3200, MSG_DONTWAIT, NULL, NULL) = -1 EAGAIN (Try again)
21004 1783913187.755806 sendmsg(177, {msg_name=NULL, msg_namelen=0, msg_iov=[{iov_base="l\1\1\1\374\0\0\0\370\2\0\0\235\0\0\0\1\1o\0;\0\0\0/re/frid"..., iov_len=428}], msg_iovlen=1, msg_controllen=0, msg_flags=0}, MSG_NOSIGNAL) = 428
20892 1783913188.200662 recvfrom(100, 0x7fc3986420, 3200, MSG_DONTWAIT, NULL, NULL) = -1 EAGAIN (Try again)
20892 1783913188.203369 recvfrom(100, "nysv\0\0\0\0\0\0\0\0\0\0\0\0BE\332!\243\1\0\0\16\243\1\0\0\0\0\0", 3200, MSG_DONTWAIT, NULL, NULL) = 32
20892 1783913188.203597 recvfrom(100, 0x7fc3986860, 3200, MSG_DONTWAIT, NULL, NULL) = -1 EAGAIN (Try again)
20892 1783913188.203681 recvfrom(114, 0x7d0fd84020, 2272, MSG_DONTWAIT, NULL, NULL) = -1 EAGAIN (Try again)
21004 1783913188.208826 sendmsg(177, {msg_name=NULL, msg_namelen=0, msg_iov=[{iov_base="l\1\1\1\374\0\0\0\371\2\0\0\235\0\0\0\1\1o\0;\0\0\0/re/frid"..., iov_len=428}], msg_iovlen=1, msg_controllen=0, msg_flags=0}, MSG_NOSIGNAL) = 428
20892 1783913188.241366 recvfrom(100, 0x7fc3985d70, 3200, MSG_DONTWAIT, NULL, NULL) = -1 EAGAIN (Try again)
20892 1783913188.252219 recvfrom(100, "nysv\0\0\0\0\0\0\0\0\0\0\0\0\r\265\325$\243\1\0\0\21\243\1\0\0\0\0\0", 3200, MSG_DONTWAIT, NULL, NULL) = 32
20892 1783913188.252383 recvfrom(100, 0x7fc3986860, 3200, MSG_DONTWAIT, NULL, NULL) = -1 EAGAIN (Try again)
20892 1783913188.256999 recvfrom(100, 0x7fc3986760, 3200, MSG_DONTWAIT, NULL, NULL) = -1 EAGAIN (Try again)
21004 1783913188.257514 sendmsg(177, {msg_name=NULL, msg_namelen=0, msg_iov=[{iov_base="l\1\1\1\374\0\0\0\372\2\0\0\235\0\0\0\1\1o\0;\0\0\0/re/frid"..., iov_len=428}], msg_iovlen=1, msg_controllen=0, msg_flags=0}, MSG_NOSIGNAL) = 428
20892 1783913188.269092 recvfrom(100, "nysv\0\0\0\0\0\0\0\0\0\0\0\0w=\324%\243\1\0\0\22\243\1\0\0\0\0\0", 3200, MSG_DONTWAIT, NULL, NULL) = 32
20892 1783913188.269158 recvfrom(100, 0x7fc3986860, 3200, MSG_DONTWAIT, NULL, NULL) = -1 EAGAIN (Try again)
21004 1783913188.269621 sendmsg(177, {msg_name=NULL, msg_namelen=0, msg_iov=[{iov_base="l\1\1\1\374\0\0\0\373\2\0\0\235\0\0\0\1\1o\0;\0\0\0/re/frid"..., iov_len=428}], msg_iovlen=1, msg_controllen=0, msg_flags=0}, MSG_NOSIGNAL) = 428
20892 1783913188.704951 recvfrom(100, 0x7fc3986420, 3200, MSG_DONTWAIT, NULL, NULL) = -1 EAGAIN (Try again)
20892 1783913188.705909 recvfrom(100, "nysv\0\0\0\0\0\0\0\0\0\0\0\0'W\247?\243\1\0\0,\243\1\0\0\0\0\0", 3200, MSG_DONTWAIT, NULL, NULL) = 32
20892 1783913188.706123 recvfrom(100, 0x7fc3986860, 3200, MSG_DONTWAIT, NULL, NULL) = -1 EAGAIN (Try again)
20892 1783913188.706209 recvfrom(114, 0x7d0fd84020, 2272, MSG_DONTWAIT, NULL, NULL) = -1 EAGAIN (Try again)
21004 1783913188.710131 sendmsg(177, {msg_name=NULL, msg_namelen=0, msg_iov=[{iov_base="l\1\1\1\374\0\0\0\374\2\0\0\235\0\0\0\1\1o\0;\0\0\0/re/frid"..., iov_len=428}], msg_iovlen=1, msg_controllen=0, msg_flags=0}, MSG_NOSIGNAL) = 428
20892 1783913188.740797 recvfrom(100, 0x7fc3985d70, 3200, MSG_DONTWAIT, NULL, NULL) = -1 EAGAIN (Try again)
20892 1783913188.752582 recvfrom(100, "nysv\0\0\0\0\0\0\0\0\0\0\0\0@\273\242B\243\1\0\0/\243\1\0\0\0\0\0", 3200, MSG_DONTWAIT, NULL, NULL) = 32
20892 1783913188.752612 recvfrom(100, 0x7fc3986860, 3200, MSG_DONTWAIT, NULL, NULL) = -1 EAGAIN (Try again)
20892 1783913188.755500 recvfrom(100, 0x7fc3986760, 3200, MSG_DONTWAIT, NULL, NULL) = -1 EAGAIN (Try again)
21004 1783913188.755926 sendmsg(177, {msg_name=NULL, msg_namelen=0, msg_iov=[{iov_base="l\1\1\1\374\0\0\0\375\2\0\0\235\0\0\0\1\1o\0;\0\0\0/re/frid"..., iov_len=428}], msg_iovlen=1, msg_controllen=0, msg_flags=0}, MSG_NOSIGNAL) = 428
20892 1783913188.772383 recvfrom(100, "nysv\0\0\0\0\0\0\0\0\0\0\0\0\317\227\240C\243\1\0\0000\243\1\0\0\0\0\0", 3200, MSG_DONTWAIT, NULL, NULL) = 32
20892 1783913188.772487 recvfrom(100, 0x7fc3986860, 3200, MSG_DONTWAIT, NULL, NULL) = -1 EAGAIN (Try again)
21004 1783913188.772928 sendmsg(177, {msg_name=NULL, msg_namelen=0, msg_iov=[{iov_base="l\1\1\1\374\0\0\0\376\2\0\0\235\0\0\0\1\1o\0;\0\0\0/re/frid"..., iov_len=428}], msg_iovlen=1, msg_controllen=0, msg_flags=0}, MSG_NOSIGNAL) = 428
20892 1783913189.210327 recvfrom(100, 0x7fc3986420, 3200, MSG_DONTWAIT, NULL, NULL) = -1 EAGAIN (Try again)
20892 1783913189.220745 recvfrom(100, "nysv\0\0\0\0\0\0\0\0\0\0\0\0\r3s^\243\1\0\0K\243\1\0\0\0\0\0", 3200, MSG_DONTWAIT, NULL, NULL) = 32
20892 1783913189.220817 recvfrom(100, 0x7fc3986860, 3200, MSG_DONTWAIT, NULL, NULL) = -1 EAGAIN (Try again)
20892 1783913189.220887 recvfrom(114, 0x7d0fd84020, 2272, MSG_DONTWAIT, NULL, NULL) = -1 EAGAIN (Try again)
21004 1783913189.224508 sendmsg(177, {msg_name=NULL, msg_namelen=0, msg_iov=[{iov_base="l\1\1\1\374\0\0\0\377\2\0\0\235\0\0\0\1\1o\0;\0\0\0/re/frid"..., iov_len=428}], msg_iovlen=1, msg_controllen=0, msg_flags=0}, MSG_NOSIGNAL) = 428
20892 1783913189.255000 recvfrom(100, 0x7fc3985d70, 3200, MSG_DONTWAIT, NULL, NULL) = -1 EAGAIN (Try again)
20892 1783913189.270641 recvfrom(100, "nysv\0\0\0\0\0\0\0\0\0\0\0\0\337%na\243\1\0\0N\243\1\0\0\0\0\0", 3200, MSG_DONTWAIT, NULL, NULL) = 32
20892 1783913189.270681 recvfrom(100, 0x7fc3986860, 3200, MSG_DONTWAIT, NULL, NULL) = -1 EAGAIN (Try again)
20892 1783913189.274770 recvfrom(100, 0x7fc3986760, 3200, MSG_DONTWAIT, NULL, NULL) = -1 EAGAIN (Try again)
21004 1783913189.275303 sendmsg(177, {msg_name=NULL, msg_namelen=0, msg_iov=[{iov_base="l\1\1\1\374\0\0\0\0\3\0\0\235\0\0\0\1\1o\0;\0\0\0/re/frid"..., iov_len=428}], msg_iovlen=1, msg_controllen=0, msg_flags=0}, MSG_NOSIGNAL) = 428
20892 1783913189.285365 recvfrom(100, "nysv\0\0\0\0\0\0\0\0\0\0\0\0\276\312lb\243\1\0\0O\243\1\0\0\0\0\0", 3200, MSG_DONTWAIT, NULL, NULL) = 32
20892 1783913189.285409 recvfrom(100, 0x7fc3986860, 3200, MSG_DONTWAIT, NULL, NULL) = -1 EAGAIN (Try again)
21004 1783913189.285939 sendmsg(177, {msg_name=NULL, msg_namelen=0, msg_iov=[{iov_base="l\1\1\1\374\0\0\0\1\3\0\0\235\0\0\0\1\1o\0;\0\0\0/re/frid"..., iov_len=428}], msg_iovlen=1, msg_controllen=0, msg_flags=0}, MSG_NOSIGNAL) = 428
20892 1783913189.715938 recvfrom(100, 0x7fc3986420, 3200, MSG_DONTWAIT, NULL, NULL) = -1 EAGAIN (Try again)
20892 1783913189.720174 recvfrom(100, "nysv\0\0\0\0\0\0\0\0\0\0\0\0\231\234@|\243\1\0\0i\243\1\0\0\0\0\0", 3200, MSG_DONTWAIT, NULL, NULL) = 32
20892 1783913189.720250 recvfrom(100, 0x7fc3986860, 3200, MSG_DONTWAIT, NULL, NULL) = -1 EAGAIN (Try again)
20892 1783913189.720347 recvfrom(114, 0x7d0fd84020, 2272, MSG_DONTWAIT, NULL, NULL) = -1 EAGAIN (Try again)
21004 1783913189.724000 sendmsg(177, {msg_name=NULL, msg_namelen=0, msg_iov=[{iov_base="l\1\1\1\374\0\0\0\2\3\0\0\235\0\0\0\1\1o\0;\0\0\0/re/frid"..., iov_len=428}], msg_iovlen=1, msg_controllen=0, msg_flags=0}, MSG_NOSIGNAL) = 428
20892 1783913189.758130 recvfrom(100, 0x7fc3985d70, 3200, MSG_DONTWAIT, NULL, NULL) = -1 EAGAIN (Try again)
20892 1783913189.769213 recvfrom(100, "nysv\0\0\0\0\0\0\0\0\0\0\0\0\274E<\177\243\1\0\0l\243\1\0\0\0\0\0", 3200, MSG_DONTWAIT, NULL, NULL) = 32
20892 1783913189.769250 recvfrom(100, 0x7fc3986860, 3200, MSG_DONTWAIT, NULL, NULL) = -1 EAGAIN (Try again)
20892 1783913189.771417 recvfrom(100, 0x7fc3986760, 3200, MSG_DONTWAIT, NULL, NULL) = -1 EAGAIN (Try again)
21004 1783913189.772208 sendmsg(177, {msg_name=NULL, msg_namelen=0, msg_iov=[{iov_base="l\1\1\1\374\0\0\0\3\3\0\0\235\0\0\0\1\1o\0;\0\0\0/re/frid"..., iov_len=428}], msg_iovlen=1, msg_controllen=0, msg_flags=0}, MSG_NOSIGNAL) = 428
20892 1783913189.786244 recvfrom(100, "nysv\0\0\0\0\0\0\0\0\0\0\0\0\366\261:\200\243\1\0\0m\243\1\0\0\0\0\0", 3200, MSG_DONTWAIT, NULL, NULL) = 32
20892 1783913189.786314 recvfrom(100, 0x7fc3986860, 3200, MSG_DONTWAIT, NULL, NULL) = -1 EAGAIN (Try again)
21004 1783913189.786862 sendmsg(177, {msg_name=NULL, msg_namelen=0, msg_iov=[{iov_base="l\1\1\1\374\0\0\0\4\3\0\0\235\0\0\0\1\1o\0;\0\0\0/re/frid"..., iov_len=428}], msg_iovlen=1, msg_controllen=0, msg_flags=0}, MSG_NOSIGNAL) = 428
20892 1783913190.216743 recvfrom(100, 0x7fc3986420, 3200, MSG_DONTWAIT, NULL, NULL) = -1 EAGAIN (Try again)
20892 1783913190.219186 recvfrom(100, "nysv\0\0\0\0\0\0\0\0\0\0\0\0\1\16\16\232\243\1\0\0\206\243\1\0\0\0\0\0", 3200, MSG_DONTWAIT, NULL, NULL) = 32
20892 1783913190.219309 recvfrom(100, 0x7fc3986860, 3200, MSG_DONTWAIT, NULL, NULL) = -1 EAGAIN (Try again)
20892 1783913190.219358 recvfrom(114, 0x7d0fd84020, 2272, MSG_DONTWAIT, NULL, NULL) = -1 EAGAIN (Try again)
21004 1783913190.222844 sendmsg(177, {msg_name=NULL, msg_namelen=0, msg_iov=[{iov_base="l\1\1\1\374\0\0\0\5\3\0\0\235\0\0\0\1\1o\0;\0\0\0/re/frid"..., iov_len=428}], msg_iovlen=1, msg_controllen=0, msg_flags=0}, MSG_NOSIGNAL) = 428
20892 1783913190.252906 recvfrom(100, 0x7fc3985d70, 3200, MSG_DONTWAIT, NULL, NULL) = -1 EAGAIN (Try again)
20892 1783913190.271565 recvfrom(100, "nysv\0\0\0\0\0\0\0\0\0\0\0\0XM\t\235\243\1\0\0\211\243\1\0\0\0\0\0", 3200, MSG_DONTWAIT, NULL, NULL) = 32
20892 1783913190.271593 recvfrom(100, 0x7fc3986860, 3200, MSG_DONTWAIT, NULL, NULL) = -1 EAGAIN (Try again)
20892 1783913190.274986 recvfrom(100, 0x7fc3986760, 3200, MSG_DONTWAIT, NULL, NULL) = -1 EAGAIN (Try again)
21004 1783913190.278172 sendmsg(177, {msg_name=NULL, msg_namelen=0, msg_iov=[{iov_base="l\1\1\1\374\0\0\0\6\3\0\0\235\0\0\0\1\1o\0;\0\0\0/re/frid"..., iov_len=428}], msg_iovlen=1, msg_controllen=0, msg_flags=0}, MSG_NOSIGNAL) = 428
20892 1783913190.286025 recvfrom(100, "nysv\0\0\0\0\0\0\0\0\0\0\0\0\372\310\7\236\243\1\0\0\212\243\1\0\0\0\0\0", 3200, MSG_DONTWAIT, NULL, NULL) = 32
20892 1783913190.286093 recvfrom(100, 0x7fc3986860, 3200, MSG_DONTWAIT, NULL, NULL) = -1 EAGAIN (Try again)
21004 1783913190.286550 sendmsg(177, {msg_name=NULL, msg_namelen=0, msg_iov=[{iov_base="l\1\1\1\374\0\0\0\7\3\0\0\235\0\0\0\1\1o\0;\0\0\0/re/frid"..., iov_len=428}], msg_iovlen=1, msg_controllen=0, msg_flags=0}, MSG_NOSIGNAL) = 428
20892 1783913190.723554 recvfrom(100, 0x7fc3986420, 3200, MSG_DONTWAIT, NULL, NULL) = -1 EAGAIN (Try again)
20892 1783913190.740117 recvfrom(100, "nysv\0\0\0\0\0\0\0\0\0\0\0\0+\213\331\270\243\1\0\0\244\243\1\0\0\0\0\0", 3200, MSG_DONTWAIT, NULL, NULL) = 32
20892 1783913190.740710 recvfrom(100, 0x7fc3986860, 3200, MSG_DONTWAIT, NULL, NULL) = -1 EAGAIN (Try again)
20892 1783913190.740795 recvfrom(114, 0x7d0fd84020, 2272, MSG_DONTWAIT, NULL, NULL) = -1 EAGAIN (Try again)
21004 1783913190.744363 sendmsg(177, {msg_name=NULL, msg_namelen=0, msg_iov=[{iov_base="l\1\1\1\374\0\0\0\10\3\0\0\235\0\0\0\1\1o\0;\0\0\0/re/frid"..., iov_len=428}], msg_iovlen=1, msg_controllen=0, msg_flags=0}, MSG_NOSIGNAL) = 428
20892 1783913190.776316 recvfrom(100, 0x7fc3985d70, 3200, MSG_DONTWAIT, NULL, NULL) = -1 EAGAIN (Try again)
20892 1783913190.785486 recvfrom(100, "nysv\0\0\0\0\0\0\0\0\0\0\0\0Cs\325\273\243\1\0\0\247\243\1\0\0\0\0\0", 3200, MSG_DONTWAIT, NULL, NULL) = 32
20892 1783913190.785523 recvfrom(100, 0x7fc3986860, 3200, MSG_DONTWAIT, NULL, NULL) = -1 EAGAIN (Try again)
20892 1783913190.790297 recvfrom(100, 0x7fc3986760, 3200, MSG_DONTWAIT, NULL, NULL) = -1 EAGAIN (Try again)
21004 1783913190.790874 sendmsg(177, {msg_name=NULL, msg_namelen=0, msg_iov=[{iov_base="l\1\1\1\374\0\0\0\t\3\0\0\235\0\0\0\1\1o\0;\0\0\0/re/frid"..., iov_len=428}], msg_iovlen=1, msg_controllen=0, msg_flags=0}, MSG_NOSIGNAL) = 428
20892 1783913190.802740 recvfrom(100, "nysv\0\0\0\0\0\0\0\0\0\0\0\0+\350\323\274\243\1\0\0\250\243\1\0\0\0\0\0", 3200, MSG_DONTWAIT, NULL, NULL) = 32
20892 1783913190.802789 recvfrom(100, 0x7fc3986860, 3200, MSG_DONTWAIT, NULL, NULL) = -1 EAGAIN (Try again)
21004 1783913190.803165 sendmsg(177, {msg_name=NULL, msg_namelen=0, msg_iov=[{iov_base="l\1\1\1\374\0\0\0\n\3\0\0\235\0\0\0\1\1o\0;\0\0\0/re/frid"..., iov_len=428}], msg_iovlen=1, msg_controllen=0, msg_flags=0}, MSG_NOSIGNAL) = 428
20892 1783913191.227310 recvfrom(100, 0x7fc3986420, 3200, MSG_DONTWAIT, NULL, NULL) = -1 EAGAIN (Try again)
20892 1783913191.236052 recvfrom(100, "nysv\0\0\0\0\0\0\0\0\0\0\0\0EI\247\326\243\1\0\0\302\243\1\0\0\0\0\0", 3200, MSG_DONTWAIT, NULL, NULL) = 32
20892 1783913191.236149 recvfrom(100, 0x7fc3986860, 3200, MSG_DONTWAIT, NULL, NULL) = -1 EAGAIN (Try again)
20892 1783913191.236204 recvfrom(114, 0x7d0fd84020, 2272, MSG_DONTWAIT, NULL, NULL) = -1 EAGAIN (Try again)
21004 1783913191.239265 sendmsg(177, {msg_name=NULL, msg_namelen=0, msg_iov=[{iov_base="l\1\1\1\374\0\0\0\v\3\0\0\235\0\0\0\1\1o\0;\0\0\0/re/frid"..., iov_len=428}], msg_iovlen=1, msg_controllen=0, msg_flags=0}, MSG_NOSIGNAL) = 428
20892 1783913191.267539 recvfrom(100, 0x7fc3985d70, 3200, MSG_DONTWAIT, NULL, NULL) = -1 EAGAIN (Try again)
20892 1783913191.268688 recvfrom(100, "nysv\0\0\0\0\0\0\0\0\0\0\0\0:\216\244\330\243\1\0\0\304\243\1\0\0\0\0\0", 3200, MSG_DONTWAIT, NULL, NULL) = 32
20892 1783913191.268707 recvfrom(100, 0x7fc3986860, 3200, MSG_DONTWAIT, NULL, NULL) = -1 EAGAIN (Try again)
20892 1783913191.270245 recvfrom(100, 0x7fc3986760, 3200, MSG_DONTWAIT, NULL, NULL) = -1 EAGAIN (Try again)
21004 1783913191.270970 sendmsg(177, {msg_name=NULL, msg_namelen=0, msg_iov=[{iov_base="l\1\1\1\374\0\0\0\f\3\0\0\235\0\0\0\1\1o\0;\0\0\0/re/frid"..., iov_len=428}], msg_iovlen=1, msg_controllen=0, msg_flags=0}, MSG_NOSIGNAL) = 428
20892 1783913191.287054 recvfrom(100, "nysv\0\0\0\0\0\0\0\0\0\0\0\0\17\311\242\331\243\1\0\0\305\243\1\0\0\0\0\0", 3200, MSG_DONTWAIT, NULL, NULL) = 32
20892 1783913191.287122 recvfrom(100, 0x7fc3986860, 3200, MSG_DONTWAIT, NULL, NULL) = -1 EAGAIN (Try again)
21004 1783913191.287677 sendmsg(177, {msg_name=NULL, msg_namelen=0, msg_iov=[{iov_base="l\1\1\1\374\0\0\0\r\3\0\0\235\0\0\0\1\1o\0;\0\0\0/re/frid"..., iov_len=428}], msg_iovlen=1, msg_controllen=0, msg_flags=0}, MSG_NOSIGNAL) = 428
20892 1783913191.728931 recvfrom(100, 0x7fc3986420, 3200, MSG_DONTWAIT, NULL, NULL) = -1 EAGAIN (Try again)
20892 1783913191.738182 recvfrom(100, "nysv\0\0\0\0\0\0\0\0\0\0\0\0Gbt\364\243\1\0\0\340\243\1\0\0\0\0\0", 3200, MSG_DONTWAIT, NULL, NULL) = 32
20892 1783913191.738423 recvfrom(100, 0x7fc3986860, 3200, MSG_DONTWAIT, NULL, NULL) = -1 EAGAIN (Try again)
20892 1783913191.738624 recvfrom(114, 0x7d0fd84020, 2272, MSG_DONTWAIT, NULL, NULL) = -1 EAGAIN (Try again)
21004 1783913191.743542 sendmsg(177, {msg_name=NULL, msg_namelen=0, msg_iov=[{iov_base="l\1\1\1\374\0\0\0\16\3\0\0\235\0\0\0\1\1o\0;\0\0\0/re/frid"..., iov_len=428}], msg_iovlen=1, msg_controllen=0, msg_flags=0}, MSG_NOSIGNAL) = 428
20892 1783913191.777087 recvfrom(100, 0x7fc3985d70, 3200, MSG_DONTWAIT, NULL, NULL) = -1 EAGAIN (Try again)
20892 1783913191.785904 recvfrom(100, "nysv\0\0\0\0\0\0\0\0\0\0\0\0+Ip\367\243\1\0\0\343\243\1\0\0\0\0\0", 3200, MSG_DONTWAIT, NULL, NULL) = 32
20892 1783913191.785939 recvfrom(100, 0x7fc3986860, 3200, MSG_DONTWAIT, NULL, NULL) = -1 EAGAIN (Try again)
20892 1783913191.787399 recvfrom(100, 0x7fc3986760, 3200, MSG_DONTWAIT, NULL, NULL) = -1 EAGAIN (Try again)
21004 1783913191.788178 sendmsg(177, {msg_name=NULL, msg_namelen=0, msg_iov=[{iov_base="l\1\1\1\374\0\0\0\17\3\0\0\235\0\0\0\1\1o\0;\0\0\0/re/frid"..., iov_len=428}], msg_iovlen=1, msg_controllen=0, msg_flags=0}, MSG_NOSIGNAL) = 428
20892 1783913191.807979 recvfrom(100, "nysv\0\0\0\0\0\0\0\0\0\0\0\0\253\225m\370\243\1\0\0\344\243\1\0\0\0\0\0", 3200, MSG_DONTWAIT, NULL, NULL) = 32
20892 1783913191.807996 recvfrom(100, 0x7fc3986860, 3200, MSG_DONTWAIT, NULL, NULL) = -1 EAGAIN (Try again)
21004 1783913191.808395 sendmsg(177, {msg_name=NULL, msg_namelen=0, msg_iov=[{iov_base="l\1\1\1\374\0\0\0\20\3\0\0\235\0\0\0\1\1o\0;\0\0\0/re/frid"..., iov_len=428}], msg_iovlen=1, msg_controllen=0, msg_flags=0}, MSG_NOSIGNAL) = 428
20892 1783913192.229516 recvfrom(100, 0x7fc3986420, 3200, MSG_DONTWAIT, NULL, NULL) = -1 EAGAIN (Try again)
20892 1783913192.236415 recvfrom(100, "nysv\0\0\0\0\0\0\0\0\0\0\0\0/\320B\22\244\1\0\0\376\243\1\0\0\0\0\0", 3200, MSG_DONTWAIT, NULL, NULL) = 32
20892 1783913192.236447 recvfrom(100, 0x7fc3986860, 3200, MSG_DONTWAIT, NULL, NULL) = -1 EAGAIN (Try again)
20892 1783913192.236483 recvfrom(114, 0x7d0fd84020, 2272, MSG_DONTWAIT, NULL, NULL) = -1 EAGAIN (Try again)
21004 1783913192.238979 sendmsg(177, {msg_name=NULL, msg_namelen=0, msg_iov=[{iov_base="l\1\1\1\374\0\0\0\21\3\0\0\235\0\0\0\1\1o\0;\0\0\0/re/frid"..., iov_len=428}], msg_iovlen=1, msg_controllen=0, msg_flags=0}, MSG_NOSIGNAL) = 428
20892 1783913192.265528 recvfrom(100, 0x7fc3985d70, 3200, MSG_DONTWAIT, NULL, NULL) = -1 EAGAIN (Try again)
20892 1783913192.268801 recvfrom(100, "nysv\0\0\0\0\0\0\0\0\0\0\0\0?\23@\24\244\1\0\0\0\244\1\0\200\0\0\0", 3200, MSG_DONTWAIT, NULL, NULL) = 32
20892 1783913192.268835 recvfrom(100, 0x7fc3986860, 3200, MSG_DONTWAIT, NULL, NULL) = -1 EAGAIN (Try again)
20892 1783913192.270388 recvfrom(100, 0x7fc3986760, 3200, MSG_DONTWAIT, NULL, NULL) = -1 EAGAIN (Try again)
21004 1783913192.270960 sendmsg(177, {msg_name=NULL, msg_namelen=0, msg_iov=[{iov_base="l\1\1\1\374\0\0\0\22\3\0\0\235\0\0\0\1\1o\0;\0\0\0/re/frid"..., iov_len=428}], msg_iovlen=1, msg_controllen=0, msg_flags=0}, MSG_NOSIGNAL) = 428
20892 1783913192.285400 recvfrom(100, "nysv\0\0\0\0\0\0\0\0\0\0\0\0\350\261>\25\244\1\0\0\1\244\1\0\0\0\0\0", 3200, MSG_DONTWAIT, NULL, NULL) = 32
20892 1783913192.285419 recvfrom(100, 0x7fc3986860, 3200, MSG_DONTWAIT, NULL, NULL) = -1 EAGAIN (Try again)
21004 1783913192.286077 sendmsg(177, {msg_name=NULL, msg_namelen=0, msg_iov=[{iov_base="l\1\1\1\374\0\0\0\23\3\0\0\235\0\0\0\1\1o\0;\0\0\0/re/frid"..., iov_len=428}], msg_iovlen=1, msg_controllen=0, msg_flags=0}, MSG_NOSIGNAL) = 428
20892 1783913192.734616 recvfrom(100, 0x7fc3986420, 3200, MSG_DONTWAIT, NULL, NULL) = -1 EAGAIN (Try again)
20892 1783913192.735506 recvfrom(100, "nysv\0\0\0\0\0\0\0\0\0\0\0\0\376q\0170\244\1\0\0\34\244\1\0\0\0\0\0", 3200, MSG_DONTWAIT, NULL, NULL) = 32
20892 1783913192.735554 recvfrom(100, 0x7fc3986860, 3200, MSG_DONTWAIT, NULL, NULL) = -1 EAGAIN (Try again)
20892 1783913192.735723 recvfrom(114, 0x7d0fd84020, 2272, MSG_DONTWAIT, NULL, NULL) = -1 EAGAIN (Try again)
21004 1783913192.738730 sendmsg(177, {msg_name=NULL, msg_namelen=0, msg_iov=[{iov_base="l\1\1\1\374\0\0\0\24\3\0\0\235\0\0\0\1\1o\0;\0\0\0/re/frid"..., iov_len=428}], msg_iovlen=1, msg_controllen=0, msg_flags=0}, MSG_NOSIGNAL) = 428
20892 1783913192.765796 recvfrom(100, 0x7fc3985d70, 3200, MSG_DONTWAIT, NULL, NULL) = -1 EAGAIN (Try again)
20892 1783913192.768801 recvfrom(100, "nysv\0\0\0\0\0\0\0\0\0\0\0\0\350\265\f2\244\1\0\0\36\244\1\0\0\0\0\0", 3200, MSG_DONTWAIT, NULL, NULL) = 32
20892 1783913192.768820 recvfrom(100, 0x7fc3986860, 3200, MSG_DONTWAIT, NULL, NULL) = -1 EAGAIN (Try again)
20892 1783913192.771574 recvfrom(100, 0x7fc3986760, 3200, MSG_DONTWAIT, NULL, NULL) = -1 EAGAIN (Try again)
21004 1783913192.772059 sendmsg(177, {msg_name=NULL, msg_namelen=0, msg_iov=[{iov_base="l\1\1\1\374\0\0\0\25\3\0\0\235\0\0\0\1\1o\0;\0\0\0/re/frid"..., iov_len=428}], msg_iovlen=1, msg_controllen=0, msg_flags=0}, MSG_NOSIGNAL) = 428
20892 1783913192.789648 recvfrom(100, "nysv\0\0\0\0\0\0\0\0\0\0\0\0\305R\n3\244\1\0\0\37\244\1\0\0\0\0\0", 3200, MSG_DONTWAIT, NULL, NULL) = 32
20892 1783913192.789667 recvfrom(100, 0x7fc3986860, 3200, MSG_DONTWAIT, NULL, NULL) = -1 EAGAIN (Try again)
21004 1783913192.790116 sendmsg(177, {msg_name=NULL, msg_namelen=0, msg_iov=[{iov_base="l\1\1\1\374\0\0\0\26\3\0\0\235\0\0\0\1\1o\0;\0\0\0/re/frid"..., iov_len=428}], msg_iovlen=1, msg_controllen=0, msg_flags=0}, MSG_NOSIGNAL) = 428
20892 1783913193.238400 recvfrom(100, 0x7fc3986420, 3200, MSG_DONTWAIT, NULL, NULL) = -1 EAGAIN (Try again)
20892 1783913193.252424 recvfrom(100, "nysv\0\0\0\0\0\0\0\0\0\0\0\0\375d\333N\244\1\0\0;\244\1\0\0\0\0\0", 3200, MSG_DONTWAIT, NULL, NULL) = 32
20892 1783913193.252506 recvfrom(100, 0x7fc3986860, 3200, MSG_DONTWAIT, NULL, NULL) = -1 EAGAIN (Try again)
20892 1783913193.252615 recvfrom(114, 0x7d0fd84020, 2272, MSG_DONTWAIT, NULL, NULL) = -1 EAGAIN (Try again)
21004 1783913193.256512 sendmsg(177, {msg_name=NULL, msg_namelen=0, msg_iov=[{iov_base="l\1\1\1\374\0\0\0\27\3\0\0\235\0\0\0\1\1o\0;\0\0\0/re/frid"..., iov_len=428}], msg_iovlen=1, msg_controllen=0, msg_flags=0}, MSG_NOSIGNAL) = 428
20892 1783913193.285748 recvfrom(100, 0x7fc3985d70, 3200, MSG_DONTWAIT, NULL, NULL) = -1 EAGAIN (Try again)
20892 1783913193.304918 recvfrom(100, "nysv\0\0\0\0\0\0\0\0\0\0\0\0\274\235\326Q\244\1\0\0>\244\1\0\0\0\0\0", 3200, MSG_DONTWAIT, NULL, NULL) = 32
20892 1783913193.304948 recvfrom(100, 0x7fc3986860, 3200, MSG_DONTWAIT, NULL, NULL) = -1 EAGAIN (Try again)
20892 1783913193.307606 recvfrom(100, 0x7fc3986760, 3200, MSG_DONTWAIT, NULL, NULL) = -1 EAGAIN (Try again)
21004 1783913193.308011 sendmsg(177, {msg_name=NULL, msg_namelen=0, msg_iov=[{iov_base="l\1\1\1\374\0\0\0\30\3\0\0\235\0\0\0\1\1o\0;\0\0\0/re/frid"..., iov_len=428}], msg_iovlen=1, msg_controllen=0, msg_flags=0}, MSG_NOSIGNAL) = 428
20892 1783913193.319902 recvfrom(100, "nysv\0\0\0\0\0\0\0\0\0\0\0\0\307\367\324R\244\1\0\0?\244\1\0\0\0\0\0", 3200, MSG_DONTWAIT, NULL, NULL) = 32
20892 1783913193.319966 recvfrom(100, 0x7fc3986860, 3200, MSG_DONTWAIT, NULL, NULL) = -1 EAGAIN (Try again)
21004 1783913193.320422 sendmsg(177, {msg_name=NULL, msg_namelen=0, msg_iov=[{iov_base="l\1\1\1\374\0\0\0\31\3\0\0\235\0\0\0\1\1o\0;\0\0\0/re/frid"..., iov_len=428}], msg_iovlen=1, msg_controllen=0, msg_flags=0}, MSG_NOSIGNAL) = 428
20892 1783913193.739591 recvfrom(100, 0x7fc3986420, 3200, MSG_DONTWAIT, NULL, NULL) = -1 EAGAIN (Try again)
20892 1783913193.755452 recvfrom(100, "nysv\0\0\0\0\0\0\0\0\0\0\0\0\3358\250l\244\1\0\0Y\244\1\0\0\0\0\0", 3200, MSG_DONTWAIT, NULL, NULL) = 32
20892 1783913193.755709 recvfrom(100, 0x7fc3986860, 3200, MSG_DONTWAIT, NULL, NULL) = -1 EAGAIN (Try again)
20892 1783913193.755839 recvfrom(114, 0x7d0fd84020, 2272, MSG_DONTWAIT, NULL, NULL) = -1 EAGAIN (Try again)
21004 1783913193.760050 sendmsg(177, {msg_name=NULL, msg_namelen=0, msg_iov=[{iov_base="l\1\1\1\374\0\0\0\32\3\0\0\235\0\0\0\1\1o\0;\0\0\0/re/frid"..., iov_len=428}], msg_iovlen=1, msg_controllen=0, msg_flags=0}, MSG_NOSIGNAL) = 428
20892 1783913193.792949 recvfrom(100, 0x7fc3985d70, 3200, MSG_DONTWAIT, NULL, NULL) = -1 EAGAIN (Try again)
20892 1783913193.802060 recvfrom(100, "nysv\0\0\0\0\0\0\0\0\0\0\0\0\374#\244o\244\1\0\0\\\244\1\0\0\0\0\0", 3200, MSG_DONTWAIT, NULL, NULL) = 32
20892 1783913193.802180 recvfrom(100, 0x7fc3986860, 3200, MSG_DONTWAIT, NULL, NULL) = -1 EAGAIN (Try again)
20892 1783913193.804149 recvfrom(100, 0x7fc3986760, 3200, MSG_DONTWAIT, NULL, NULL) = -1 EAGAIN (Try again)
21004 1783913193.804666 sendmsg(177, {msg_name=NULL, msg_namelen=0, msg_iov=[{iov_base="l\1\1\1\374\0\0\0\33\3\0\0\235\0\0\0\1\1o\0;\0\0\0/re/frid"..., iov_len=428}], msg_iovlen=1, msg_controllen=0, msg_flags=0}, MSG_NOSIGNAL) = 428
20892 1783913193.820003 recvfrom(100, "nysv\0\0\0\0\0\0\0\0\0\0\0\0\344w\242p\244\1\0\0]\244\1\0\0\0\0\0", 3200, MSG_DONTWAIT, NULL, NULL) = 32
20892 1783913193.820060 recvfrom(100, 0x7fc3986860, 3200, MSG_DONTWAIT, NULL, NULL) = -1 EAGAIN (Try again)
21004 1783913193.820561 sendmsg(177, {msg_name=NULL, msg_namelen=0, msg_iov=[{iov_base="l\1\1\1\374\0\0\0\34\3\0\0\235\0\0\0\1\1o\0;\0\0\0/re/frid"..., iov_len=428}], msg_iovlen=1, msg_controllen=0, msg_flags=0}, MSG_NOSIGNAL) = 428
20892 1783913194.240664 recvfrom(100, 0x7fc3986420, 3200, MSG_DONTWAIT, NULL, NULL) = -1 EAGAIN (Try again)
20892 1783913194.252326 recvfrom(100, "nysv\0\0\0\0\0\0\0\0\0\0\0\0M=v\212\244\1\0\0w\244\1\0\0\0\0\0", 3200, MSG_DONTWAIT, NULL, NULL) = 32
20892 1783913194.252481 recvfrom(100, 0x7fc3986860, 3200, MSG_DONTWAIT, NULL, NULL) = -1 EAGAIN (Try again)
20892 1783913194.252667 recvfrom(114, 0x7d0fd84020, 2272, MSG_DONTWAIT, NULL, NULL) = -1 EAGAIN (Try again)
21004 1783913194.256200 sendmsg(177, {msg_name=NULL, msg_namelen=0, msg_iov=[{iov_base="l\1\1\1\374\0\0\0\35\3\0\0\235\0\0\0\1\1o\0;\0\0\0/re/frid"..., iov_len=428}], msg_iovlen=1, msg_controllen=0, msg_flags=0}, MSG_NOSIGNAL) = 428
20892 1783913194.290084 recvfrom(100, 0x7fc3985d70, 3200, MSG_DONTWAIT, NULL, NULL) = -1 EAGAIN (Try again)
20892 1783913194.302583 recvfrom(100, "nysv\0\0\0\0\0\0\0\0\0\0\0\0r\2r\215\244\1\0\0z\244\1\0\0\0\0\0", 3200, MSG_DONTWAIT, NULL, NULL) = 32
20892 1783913194.302705 recvfrom(100, 0x7fc3986860, 3200, MSG_DONTWAIT, NULL, NULL) = -1 EAGAIN (Try again)
20892 1783913194.305448 recvfrom(100, 0x7fc3986760, 3200, MSG_DONTWAIT, NULL, NULL) = -1 EAGAIN (Try again)
21004 1783913194.305954 sendmsg(177, {msg_name=NULL, msg_namelen=0, msg_iov=[{iov_base="l\1\1\1\374\0\0\0\36\3\0\0\235\0\0\0\1\1o\0;\0\0\0/re/frid"..., iov_len=428}], msg_iovlen=1, msg_controllen=0, msg_flags=0}, MSG_NOSIGNAL) = 428
20892 1783913194.319529 recvfrom(100, "nysv\0\0\0\0\0\0\0\0\0\0\0\0Nup\216\244\1\0\0{\244\1\0\0\0\0\0", 3200, MSG_DONTWAIT, NULL, NULL) = 32
20892 1783913194.319603 recvfrom(100, 0x7fc3986860, 3200, MSG_DONTWAIT, NULL, NULL) = -1 EAGAIN (Try again)
21004 1783913194.320116 sendmsg(177, {msg_name=NULL, msg_namelen=0, msg_iov=[{iov_base="l\1\1\1\374\0\0\0\37\3\0\0\235\0\0\0\1\1o\0;\0\0\0/re/frid"..., iov_len=428}], msg_iovlen=1, msg_controllen=0, msg_flags=0}, MSG_NOSIGNAL) = 428
20892 1783913194.743244 recvfrom(100, 0x7fc3986420, 3200, MSG_DONTWAIT, NULL, NULL) = -1 EAGAIN (Try again)
20892 1783913194.756449 recvfrom(100, "nysv\0\0\0\0\0\0\0\0\0\0\0\0\265\2C\250\244\1\0\0\225\244\1\0\0\0\0\0", 3200, MSG_DONTWAIT, NULL, NULL) = 32
20892 1783913194.756830 recvfrom(100, 0x7fc3986860, 3200, MSG_DONTWAIT, NULL, NULL) = -1 EAGAIN (Try again)
20892 1783913194.757024 recvfrom(114, 0x7d0fd84020, 2272, MSG_DONTWAIT, NULL, NULL) = -1 EAGAIN (Try again)
21004 1783913194.760859 sendmsg(177, {msg_name=NULL, msg_namelen=0, msg_iov=[{iov_base="l\1\1\1\374\0\0\0 \3\0\0\235\0\0\0\1\1o\0;\0\0\0/re/frid"..., iov_len=428}], msg_iovlen=1, msg_controllen=0, msg_flags=0}, MSG_NOSIGNAL) = 428
20892 1783913194.796839 recvfrom(100, 0x7fc3985d70, 3200, MSG_DONTWAIT, NULL, NULL) = -1 EAGAIN (Try again)
20892 1783913194.802052 recvfrom(100, "nysv\0\0\0\0\0\0\0\0\0\0\0\0\244\355>\253\244\1\0\0\230\244\1\0\0\0\0\0", 3200, MSG_DONTWAIT, NULL, NULL) = 32
20892 1783913194.802094 recvfrom(100, 0x7fc3986860, 3200, MSG_DONTWAIT, NULL, NULL) = -1 EAGAIN (Try again)
20892 1783913194.805876 recvfrom(100, 0x7fc3986760, 3200, MSG_DONTWAIT, NULL, NULL) = -1 EAGAIN (Try again)
21004 1783913194.806859 sendmsg(177, {msg_name=NULL, msg_namelen=0, msg_iov=[{iov_base="l\1\1\1\374\0\0\0!\3\0\0\235\0\0\0\1\1o\0;\0\0\0/re/frid"..., iov_len=428}], msg_iovlen=1, msg_controllen=0, msg_flags=0}, MSG_NOSIGNAL) = 428
20892 1783913194.820351 recvfrom(100, "nysv\0\0\0\0\0\0\0\0\0\0\0\0;.=\254\244\1\0\0\231\244\1\0\0\0\0\0", 3200, MSG_DONTWAIT, NULL, NULL) = 32
20892 1783913194.820372 recvfrom(100, 0x7fc3986860, 3200, MSG_DONTWAIT, NULL, NULL) = -1 EAGAIN (Try again)
21004 1783913194.820802 sendmsg(177, {msg_name=NULL, msg_namelen=0, msg_iov=[{iov_base="l\1\1\1\374\0\0\0\"\3\0\0\235\0\0\0\1\1o\0;\0\0\0/re/frid"..., iov_len=428}], msg_iovlen=1, msg_controllen=0, msg_flags=0}, MSG_NOSIGNAL) = 428
20892 1783913195.246290 recvfrom(100, 0x7fc3986420, 3200, MSG_DONTWAIT, NULL, NULL) = -1 EAGAIN (Try again)
20892 1783913195.252678 recvfrom(100, "nysv\0\0\0\0\0\0\0\0\0\0\0\0\331\245\20\306\244\1\0\0\263\244\1\0\0\0\0\0", 3200, MSG_DONTWAIT, NULL, NULL) = 32
20892 1783913195.252799 recvfrom(100, 0x7fc3986860, 3200, MSG_DONTWAIT, NULL, NULL) = -1 EAGAIN (Try again)
20892 1783913195.252865 recvfrom(114, 0x7d0fd84020, 2272, MSG_DONTWAIT, NULL, NULL) = -1 EAGAIN (Try again)
21004 1783913195.255402 sendmsg(177, {msg_name=NULL, msg_namelen=0, msg_iov=[{iov_base="l\1\1\1\374\0\0\0#\3\0\0\235\0\0\0\1\1o\0;\0\0\0/re/frid"..., iov_len=428}], msg_iovlen=1, msg_controllen=0, msg_flags=0}, MSG_NOSIGNAL) = 428
20892 1783913195.286400 recvfrom(100, 0x7fc3985d70, 3200, MSG_DONTWAIT, NULL, NULL) = -1 EAGAIN (Try again)
20892 1783913195.302195 recvfrom(100, "nysv\0\0\0\0\0\0\0\0\0\0\0\0>\210\f\311\244\1\0\0\266\244\1\0\0\0\0\0", 3200, MSG_DONTWAIT, NULL, NULL) = 32
20892 1783913195.302228 recvfrom(100, 0x7fc3986860, 3200, MSG_DONTWAIT, NULL, NULL) = -1 EAGAIN (Try again)
20892 1783913195.305677 recvfrom(100, 0x7fc3986760, 3200, MSG_DONTWAIT, NULL, NULL) = -1 EAGAIN (Try again)
21004 1783913195.306071 sendmsg(177, {msg_name=NULL, msg_namelen=0, msg_iov=[{iov_base="l\1\1\1\374\0\0\0$\3\0\0\235\0\0\0\1\1o\0;\0\0\0/re/frid"..., iov_len=428}], msg_iovlen=1, msg_controllen=0, msg_flags=0}, MSG_NOSIGNAL) = 428
20892 1783913195.319503 recvfrom(100, "nysv\0\0\0\0\0\0\0\0\0\0\0\0\330\371\n\312\244\1\0\0\267\244\1\0\0\0\0\0", 3200, MSG_DONTWAIT, NULL, NULL) = 32
20892 1783913195.319557 recvfrom(100, 0x7fc3986860, 3200, MSG_DONTWAIT, NULL, NULL) = -1 EAGAIN (Try again)
21004 1783913195.319951 sendmsg(177, {msg_name=NULL, msg_namelen=0, msg_iov=[{iov_base="l\1\1\1\374\0\0\0%\3\0\0\235\0\0\0\1\1o\0;\0\0\0/re/frid"..., iov_len=428}], msg_iovlen=1, msg_controllen=0, msg_flags=0}, MSG_NOSIGNAL) = 428
20892 1783913195.753907 recvfrom(100, 0x7fc3986420, 3200, MSG_DONTWAIT, NULL, NULL) = -1 EAGAIN (Try again)
20892 1783913195.770296 recvfrom(100, "nysv\0\0\0\0\0\0\0\0\0\0\0\0\32v\334\344\244\1\0\0\322\244\1\0\0\0\0\0", 3200, MSG_DONTWAIT, NULL, NULL) = 32
20892 1783913195.770411 recvfrom(100, 0x7fc3986860, 3200, MSG_DONTWAIT, NULL, NULL) = -1 EAGAIN (Try again)
20892 1783913195.770648 recvfrom(114, 0x7d0fd84020, 2272, MSG_DONTWAIT, NULL, NULL) = -1 EAGAIN (Try again)
21004 1783913195.775067 sendmsg(177, {msg_name=NULL, msg_namelen=0, msg_iov=[{iov_base="l\1\1\1\374\0\0\0&\3\0\0\235\0\0\0\1\1o\0;\0\0\0/re/frid"..., iov_len=428}], msg_iovlen=1, msg_controllen=0, msg_flags=0}, MSG_NOSIGNAL) = 428
20892 1783913195.810059 recvfrom(100, 0x7fc3985d70, 3200, MSG_DONTWAIT, NULL, NULL) = -1 EAGAIN (Try again)
20892 1783913195.819308 recvfrom(100, "nysv\0\0\0\0\0\0\0\0\0\0\0\08T\330\347\244\1\0\0\325\244\1\0\0\0\0\0", 3200, MSG_DONTWAIT, NULL, NULL) = 32
20892 1783913195.819357 recvfrom(100, 0x7fc3986860, 3200, MSG_DONTWAIT, NULL, NULL) = -1 EAGAIN (Try again)
20892 1783913195.821317 recvfrom(100, 0x7fc3986760, 3200, MSG_DONTWAIT, NULL, NULL) = -1 EAGAIN (Try again)
21004 1783913195.822123 sendmsg(177, {msg_name=NULL, msg_namelen=0, msg_iov=[{iov_base="l\1\1\1\374\0\0\0'\3\0\0\235\0\0\0\1\1o\0;\0\0\0/re/frid"..., iov_len=428}], msg_iovlen=1, msg_controllen=0, msg_flags=0}, MSG_NOSIGNAL) = 428
20892 1783913195.841264 recvfrom(100, "nysv\0\0\0\0\0\0\0\0\0\0\0\0\314\222\325\350\244\1\0\0\326\244\1\0\0\0\0\0", 3200, MSG_DONTWAIT, NULL, NULL) = 32
20892 1783913195.841283 recvfrom(100, 0x7fc3986860, 3200, MSG_DONTWAIT, NULL, NULL) = -1 EAGAIN (Try again)
21004 1783913195.841785 sendmsg(177, {msg_name=NULL, msg_namelen=0, msg_iov=[{iov_base="l\1\1\1\374\0\0\0(\3\0\0\235\0\0\0\1\1o\0;\0\0\0/re/frid"..., iov_len=428}], msg_iovlen=1, msg_controllen=0, msg_flags=0}, MSG_NOSIGNAL) = 428
21004 1783913196.213219 sendmsg(177, {msg_name=NULL, msg_namelen=0, msg_iov=[{iov_base="l\1\1\1\374\0\0\0)\3\0\0\235\0\0\0\1\1o\0;\0\0\0/re/frid"..., iov_len=428}], msg_iovlen=1, msg_controllen=0, msg_flags=0}, MSG_NOSIGNAL) = 428
20892 1783913196.216701 recvfrom(100, 0x7fc39862c0, 3200, MSG_DONTWAIT, NULL, NULL) = -1 EAGAIN (Try again)
20892 1783913196.219138 recvfrom(100, "nysv\0\0\0\0\0\0\0\0\0\0\0\0\240\355\257\377\244\1\0\0\355\244\1\0\0\0\0\0", 3200, MSG_DONTWAIT, NULL, NULL) = 32
20892 1783913196.219611 recvfrom(100, 0x7fc3986860, 3200, MSG_DONTWAIT, NULL, NULL) = -1 EAGAIN (Try again)
20892 1783913196.219641 recvfrom(114, 0x7d0fd84020, 2272, MSG_DONTWAIT, NULL, NULL) = -1 EAGAIN (Try again)
21004 1783913196.225887 sendmsg(177, {msg_name=NULL, msg_namelen=0, msg_iov=[{iov_base="l\1\1\1\374\0\0\0*\3\0\0\235\0\0\0\1\1o\0;\0\0\0/re/frid"..., iov_len=428}], msg_iovlen=1, msg_controllen=0, msg_flags=0}, MSG_NOSIGNAL) = 428
20892 1783913196.300922 recvfrom(100, 0x7fc3985d70, 3200, MSG_DONTWAIT, NULL, NULL) = -1 EAGAIN (Try again)
20892 1783913196.302444 recvfrom(100, "nysv\0\0\0\0\0\0\0\0\0\0\0\0\221I\251\4\245\1\0\0\362\244\1\0\0\0\0\0", 3200, MSG_DONTWAIT, NULL, NULL) = 32
20892 1783913196.302554 recvfrom(100, 0x7fc3986860, 3200, MSG_DONTWAIT, NULL, NULL) = -1 EAGAIN (Try again)
20892 1783913196.309375 recvfrom(100, 0x7fc3986760, 3200, MSG_DONTWAIT, NULL, NULL) = -1 EAGAIN (Try again)
21004 1783913196.309999 sendmsg(177, {msg_name=NULL, msg_namelen=0, msg_iov=[{iov_base="l\1\1\1\374\0\0\0+\3\0\0\235\0\0\0\1\1o\0;\0\0\0/re/frid"..., iov_len=428}], msg_iovlen=1, msg_controllen=0, msg_flags=0}, MSG_NOSIGNAL) = 428
20892 1783913196.319346 recvfrom(100, "nysv\0\0\0\0\0\0\0\0\0\0\0\0A\335\247\5\245\1\0\0\363\244\1\0\0\0\0\0", 3200, MSG_DONTWAIT, NULL, NULL) = 32
20892 1783913196.319467 recvfrom(100, 0x7fc3986860, 3200, MSG_DONTWAIT, NULL, NULL) = -1 EAGAIN (Try again)
21004 1783913196.322201 sendmsg(177, {msg_name=NULL, msg_namelen=0, msg_iov=[{iov_base="l\1\1\1\374\0\0\0,\3\0\0\235\0\0\0\1\1o\0;\0\0\0/re/frid"..., iov_len=428}], msg_iovlen=1, msg_controllen=0, msg_flags=0}, MSG_NOSIGNAL) = 428
21004 1783913196.461561 sendmsg(177, {msg_name=NULL, msg_namelen=0, msg_iov=[{iov_base="l\1\1\1\374\0\0\0-\3\0\0\235\0\0\0\1\1o\0;\0\0\0/re/frid"..., iov_len=428}], msg_iovlen=1, msg_controllen=0, msg_flags=0}, MSG_NOSIGNAL) = 428
20892 1783913196.466260 recvfrom(100, 0x7fc3985fd0, 3200, MSG_DONTWAIT, NULL, NULL) = -1 EAGAIN (Try again)
20892 1783913196.469010 recvfrom(100, "nysv\0\0\0\0\0\0\0\0\0\0\0\0m\315\231\16\245\1\0\0\374\244\1\0\0\0\0\0", 3200, MSG_DONTWAIT, NULL, NULL) = 32
20892 1783913196.469030 recvfrom(100, 0x7fc3986860, 3200, MSG_DONTWAIT, NULL, NULL) = -1 EAGAIN (Try again)
20892 1783913196.469105 recvfrom(114, 0x7d0fd84020, 2272, MSG_DONTWAIT, NULL, NULL) = -1 EAGAIN (Try again)
20892 1783913196.476486 recvfrom(100, 0x7fc3985920, 3200, MSG_DONTWAIT, NULL, NULL) = -1 EAGAIN (Try again)
20892 1783913196.485713 recvfrom(100, "nysv\0\0\0\0\0\0\0\0\0\0\0\0\234b\230\17\245\1\0\0\375\244\1\0\0\0\0\0", 3200, MSG_DONTWAIT, NULL, NULL) = 32
20892 1783913196.485744 recvfrom(100, 0x7fc3986860, 3200, MSG_DONTWAIT, NULL, NULL) = -1 EAGAIN (Try again)
20892 1783913196.485780 recvfrom(114, 0x7d0fd84020, 2272, MSG_DONTWAIT, NULL, NULL) = -1 EAGAIN (Try again)
20892 1783913196.559973 recvfrom(100, 0x7fc3985d70, 3200, MSG_DONTWAIT, NULL, NULL) = -1 EAGAIN (Try again)
21004 1783913196.560785 sendmsg(177, {msg_name=NULL, msg_namelen=0, msg_iov=[{iov_base="l\1\1\1\374\0\0\0.\3\0\0\235\0\0\0\1\1o\0;\0\0\0/re/frid"..., iov_len=428}], msg_iovlen=1, msg_controllen=0, msg_flags=0}, MSG_NOSIGNAL) = 428
20892 1783913196.569182 recvfrom(100, "nysv\0\0\0\0\0\0\0\0\0\0\0\0\21q\221\24\245\1\0\0\2\245\1\0\0\0\0\0", 3200, MSG_DONTWAIT, NULL, NULL) = 32
20892 1783913196.569347 recvfrom(100, 0x7fc3986860, 3200, MSG_DONTWAIT, NULL, NULL) = -1 EAGAIN (Try again)
20892 1783913196.576548 recvfrom(100, 0x7fc3986760, 3200, MSG_DONTWAIT, NULL, NULL) = -1 EAGAIN (Try again)
21004 1783913196.577275 sendmsg(177, {msg_name=NULL, msg_namelen=0, msg_iov=[{iov_base="l\1\1\1\374\0\0\0/\3\0\0\235\0\0\0\1\1o\0;\0\0\0/re/frid"..., iov_len=428}], msg_iovlen=1, msg_controllen=0, msg_flags=0}, MSG_NOSIGNAL) = 428
20892 1783913196.585891 recvfrom(100, "nysv\0\0\0\0\0\0\0\0\0\0\0\0\217\372\217\25\245\1\0\0\3\245\1\0\0\0\0\0", 3200, MSG_DONTWAIT, NULL, NULL) = 32
20892 1783913196.585934 recvfrom(100, 0x7fc3986860, 3200, MSG_DONTWAIT, NULL, NULL) = -1 EAGAIN (Try again)
21004 1783913196.586676 sendmsg(177, {msg_name=NULL, msg_namelen=0, msg_iov=[{iov_base="l\1\1\1\374\0\0\0000\3\0\0\235\0\0\0\1\1o\0;\0\0\0/re/frid"..., iov_len=428}], msg_iovlen=1, msg_controllen=0, msg_flags=0}, MSG_NOSIGNAL) = 428
20892 1783913196.613882 recvfrom(100, 0x7fc3985d70, 3200, MSG_DONTWAIT, NULL, NULL) = -1 EAGAIN (Try again)
20892 1783913196.619176 recvfrom(100, "nysv\0\0\0\0\0\0\0\0\0\0\0\0)F\215\27\245\1\0\0\5\245\1\0\0\0\0\0", 3200, MSG_DONTWAIT, NULL, NULL) = 32
20892 1783913196.619203 recvfrom(100, 0x7fc3986860, 3200, MSG_DONTWAIT, NULL, NULL) = -1 EAGAIN (Try again)
20892 1783913196.626903 recvfrom(100, 0x7fc3986760, 3200, MSG_DONTWAIT, NULL, NULL) = -1 EAGAIN (Try again)
21004 1783913196.627303 sendmsg(177, {msg_name=NULL, msg_namelen=0, msg_iov=[{iov_base="l\1\1\1\374\0\0\0001\3\0\0\235\0\0\0\1\1o\0;\0\0\0/re/frid"..., iov_len=428}], msg_iovlen=1, msg_controllen=0, msg_flags=0}, MSG_NOSIGNAL) = 428
20892 1783913196.638794 recvfrom(100, "nysv\0\0\0\0\0\0\0\0\0\0\0\0#\33\213\30\245\1\0\0\6\245\1\0\0\0\0\0", 3200, MSG_DONTWAIT, NULL, NULL) = 32
20892 1783913196.638903 recvfrom(100, 0x7fc3986860, 3200, MSG_DONTWAIT, NULL, NULL) = -1 EAGAIN (Try again)
21004 1783913196.639468 sendmsg(177, {msg_name=NULL, msg_namelen=0, msg_iov=[{iov_base="l\1\1\1\374\0\0\0002\3\0\0\235\0\0\0\1\1o\0;\0\0\0/re/frid"..., iov_len=428}], msg_iovlen=1, msg_controllen=0, msg_flags=0}, MSG_NOSIGNAL) = 428
20892 1783913196.978764 recvfrom(100, 0x7fc3986420, 3200, MSG_DONTWAIT, NULL, NULL) = -1 EAGAIN (Try again)
20892 1783913196.985764 recvfrom(100, "nysv\0\0\0\0\0\0\0\0\0\0\0\0\230'e-\245\1\0\0\33\245\1\0\0\0\0\0", 3200, MSG_DONTWAIT, NULL, NULL) = 32
20892 1783913196.985808 recvfrom(100, 0x7fc3986860, 3200, MSG_DONTWAIT, NULL, NULL) = -1 EAGAIN (Try again)
20892 1783913196.985842 recvfrom(114, 0x7d0fd84020, 2272, MSG_DONTWAIT, NULL, NULL) = -1 EAGAIN (Try again)
21004 1783913196.988621 sendmsg(177, {msg_name=NULL, msg_namelen=0, msg_iov=[{iov_base="l\1\1\1\374\0\0\0003\3\0\0\235\0\0\0\1\1o\0;\0\0\0/re/frid"..., iov_len=428}], msg_iovlen=1, msg_controllen=0, msg_flags=0}, MSG_NOSIGNAL) = 428
20892 1783913197.032984 recvfrom(100, 0x7fc3985d70, 3200, MSG_DONTWAIT, NULL, NULL) = -1 EAGAIN (Try again)
20892 1783913197.035882 recvfrom(100, "nysv\0\0\0\0\0\0\0\0\0\0\0\0t\"a0\245\1\0\0\36\245\1\0\0\0\0\0", 3200, MSG_DONTWAIT, NULL, NULL) = 32
20892 1783913197.035915 recvfrom(100, 0x7fc3986860, 3200, MSG_DONTWAIT, NULL, NULL) = -1 EAGAIN (Try again)
20892 1783913197.038017 recvfrom(100, 0x7fc3986760, 3200, MSG_DONTWAIT, NULL, NULL) = -1 EAGAIN (Try again)
21004 1783913197.038835 sendmsg(177, {msg_name=NULL, msg_namelen=0, msg_iov=[{iov_base="l\1\1\1\374\0\0\0004\3\0\0\235\0\0\0\1\1o\0;\0\0\0/re/frid"..., iov_len=428}], msg_iovlen=1, msg_controllen=0, msg_flags=0}, MSG_NOSIGNAL) = 428
20892 1783913197.052619 recvfrom(100, "nysv\0\0\0\0\0\0\0\0\0\0\0\0&\264_1\245\1\0\0\37\245\1\0\0\0\0\0", 3200, MSG_DONTWAIT, NULL, NULL) = 32
20892 1783913197.052647 recvfrom(100, 0x7fc3986860, 3200, MSG_DONTWAIT, NULL, NULL) = -1 EAGAIN (Try again)
21004 1783913197.053455 sendmsg(177, {msg_name=NULL, msg_namelen=0, msg_iov=[{iov_base="l\1\1\1\374\0\0\0005\3\0\0\235\0\0\0\1\1o\0;\0\0\0/re/frid"..., iov_len=428}], msg_iovlen=1, msg_controllen=0, msg_flags=0}, MSG_NOSIGNAL) = 428
21004 1783913197.457947 sendmsg(177, {msg_name=NULL, msg_namelen=0, msg_iov=[{iov_base="l\1\1\1\374\0\0\0006\3\0\0\235\0\0\0\1\1o\0;\0\0\0/re/frid"..., iov_len=428}], msg_iovlen=1, msg_controllen=0, msg_flags=0}, MSG_NOSIGNAL) = 428
20892 1783913197.482926 recvfrom(100, 0x7fc3986420, 3200, MSG_DONTWAIT, NULL, NULL) = -1 EAGAIN (Try again)
20892 1783913197.487753 recvfrom(100, "nysv\0\0\0\0\0\0\0\0\0\0\0\0004\2444K\245\1\0\08\245\1\0\0\0\0\0", 3200, MSG_DONTWAIT, NULL, NULL) = 32
20892 1783913197.487802 recvfrom(100, 0x7fc3986860, 3200, MSG_DONTWAIT, NULL, NULL) = -1 EAGAIN (Try again)
20892 1783913197.487855 recvfrom(114, 0x7d0fd84020, 2272, MSG_DONTWAIT, NULL, NULL) = -1 EAGAIN (Try again)
21004 1783913197.491414 sendmsg(177, {msg_name=NULL, msg_namelen=0, msg_iov=[{iov_base="l\1\1\1\374\0\0\0007\3\0\0\235\0\0\0\1\1o\0;\0\0\0/re/frid"..., iov_len=428}], msg_iovlen=1, msg_controllen=0, msg_flags=0}, MSG_NOSIGNAL) = 428
20892 1783913197.550424 recvfrom(100, 0x7fc3985d70, 3200, MSG_DONTWAIT, NULL, NULL) = -1 EAGAIN (Try again)
20892 1783913197.552892 recvfrom(100, "nysv\0\0\0\0\0\0\0\0\0\0\0\0\252\274.O\245\1\0\0<\245\1\0\0\0\0\0", 3200, MSG_DONTWAIT, NULL, NULL) = 32
20892 1783913197.552943 recvfrom(100, 0x7fc3986860, 3200, MSG_DONTWAIT, NULL, NULL) = -1 EAGAIN (Try again)
20892 1783913197.555706 recvfrom(100, 0x7fc3986760, 3200, MSG_DONTWAIT, NULL, NULL) = -1 EAGAIN (Try again)
21004 1783913197.556823 sendmsg(177, {msg_name=NULL, msg_namelen=0, msg_iov=[{iov_base="l\1\1\1\374\0\0\08\3\0\0\235\0\0\0\1\1o\0;\0\0\0/re/frid"..., iov_len=428}], msg_iovlen=1, msg_controllen=0, msg_flags=0}, MSG_NOSIGNAL) = 428
20892 1783913197.569915 recvfrom(100, "nysv\0\0\0\0\0\0\0\0\0\0\0\0$c-P\245\1\0\0=\245\1\0\0\0\0\0", 3200, MSG_DONTWAIT, NULL, NULL) = 32
20892 1783913197.569977 recvfrom(100, 0x7fc3986860, 3200, MSG_DONTWAIT, NULL, NULL) = -1 EAGAIN (Try again)
21004 1783913197.571299 sendmsg(177, {msg_name=NULL, msg_namelen=0, msg_iov=[{iov_base="l\1\1\1\374\0\0\09\3\0\0\235\0\0\0\1\1o\0;\0\0\0/re/frid"..., iov_len=428}], msg_iovlen=1, msg_controllen=0, msg_flags=0}, MSG_NOSIGNAL) = 428
20892 1783913197.989872 recvfrom(100, 0x7fc3986420, 3200, MSG_DONTWAIT, NULL, NULL) = -1 EAGAIN (Try again)
20892 1783913198.005912 recvfrom(100, "nysv\0\0\0\0\0\0\0\0\0\0\0\0\263\22\372i\245\1\0\0T\245\1\0\0\0\0\0", 3200, MSG_DONTWAIT, NULL, NULL) = 32
20892 1783913198.006103 recvfrom(100, 0x7fc3986860, 3200, MSG_DONTWAIT, NULL, NULL) = -1 EAGAIN (Try again)
20892 1783913198.006240 recvfrom(114, 0x7d0fd84020, 2272, MSG_DONTWAIT, NULL, NULL) = -1 EAGAIN (Try again)
21004 1783913198.013221 sendmsg(177, {msg_name=NULL, msg_namelen=0, msg_iov=[{iov_base="l\1\1\1\374\0\0\0:\3\0\0\235\0\0\0\1\1o\0;\0\0\0/re/frid"..., iov_len=428}], msg_iovlen=1, msg_controllen=0, msg_flags=0}, MSG_NOSIGNAL) = 428
20892 1783913198.062730 recvfrom(100, 0x7fc3985d70, 3200, MSG_DONTWAIT, NULL, NULL) = -1 EAGAIN (Try again)
20892 1783913198.069088 recvfrom(100, "nysv\0\0\0\0\0\0\0\0\0\0\0\0\24\214\364m\245\1\0\0X\245\1\0\0\0\0\0", 3200, MSG_DONTWAIT, NULL, NULL) = 32
20892 1783913198.069142 recvfrom(100, 0x7fc3986860, 3200, MSG_DONTWAIT, NULL, NULL) = -1 EAGAIN (Try again)
20892 1783913198.074373 recvfrom(100, 0x7fc3986760, 3200, MSG_DONTWAIT, NULL, NULL) = -1 EAGAIN (Try again)
21004 1783913198.075594 sendmsg(177, {msg_name=NULL, msg_namelen=0, msg_iov=[{iov_base="l\1\1\1\374\0\0\0;\3\0\0\235\0\0\0\1\1o\0;\0\0\0/re/frid"..., iov_len=428}], msg_iovlen=1, msg_controllen=0, msg_flags=0}, MSG_NOSIGNAL) = 428
20892 1783913198.087761 recvfrom(100, "nysv\0\0\0\0\0\0\0\0\0\0\0\0\366\255\362n\245\1\0\0Y\245\1\0\0\0\0\0", 3200, MSG_DONTWAIT, NULL, NULL) = 32
20892 1783913198.087800 recvfrom(100, 0x7fc3986860, 3200, MSG_DONTWAIT, NULL, NULL) = -1 EAGAIN (Try again)
21004 1783913198.088519 sendmsg(177, {msg_name=NULL, msg_namelen=0, msg_iov=[{iov_base="l\1\1\1\374\0\0\0<\3\0\0\235\0\0\0\1\1o\0;\0\0\0/re/frid"..., iov_len=428}], msg_iovlen=1, msg_controllen=0, msg_flags=0}, MSG_NOSIGNAL) = 428
21004 1783913198.466196 sendmsg(177, {msg_name=NULL, msg_namelen=0, msg_iov=[{iov_base="l\1\1\1\374\0\0\0=\3\0\0\235\0\0\0\1\1o\0;\0\0\0/re/frid"..., iov_len=428}], msg_iovlen=1, msg_controllen=0, msg_flags=0}, MSG_NOSIGNAL) = 428
21004 1783913198.474382 sendmsg(177, {msg_name=NULL, msg_namelen=0, msg_iov=[{iov_base="l\1\1\1\374\0\0\0>\3\0\0\235\0\0\0\1\1o\0;\0\0\0/re/frid"..., iov_len=428}], msg_iovlen=1, msg_controllen=0, msg_flags=0}, MSG_NOSIGNAL) = 428
21004 1783913198.485429 sendmsg(177, {msg_name=NULL, msg_namelen=0, msg_iov=[{iov_base="l\1\1\1\374\0\0\0?\3\0\0\235\0\0\0\1\1o\0;\0\0\0/re/frid"..., iov_len=428}], msg_iovlen=1, msg_controllen=0, msg_flags=0}, MSG_NOSIGNAL) = 428
20892 1783913198.494438 recvfrom(100, 0x7fc3986420, 3200, MSG_DONTWAIT, NULL, NULL) = -1 EAGAIN (Try again)
20892 1783913198.504030 recvfrom(100, "nysv\0\0\0\0\0\0\0\0\0\0\0\0^9\310\207\245\1\0\0r\245\1\0\0\0\0\0", 3200, MSG_DONTWAIT, NULL, NULL) = 32
20892 1783913198.504079 recvfrom(100, 0x7fc3986860, 3200, MSG_DONTWAIT, NULL, NULL) = -1 EAGAIN (Try again)
20892 1783913198.504129 recvfrom(114, 0x7d0fd84020, 2272, MSG_DONTWAIT, NULL, NULL) = -1 EAGAIN (Try again)
21004 1783913198.524145 sendmsg(177, {msg_name=NULL, msg_namelen=0, msg_iov=[{iov_base="l\1\1\1\374\0\0\0@\3\0\0\235\0\0\0\1\1o\0;\0\0\0/re/frid"..., iov_len=428}], msg_iovlen=1, msg_controllen=0, msg_flags=0}, MSG_NOSIGNAL) = 428
20892 1783913198.568334 recvfrom(100, 0x7fc3985d70, 3200, MSG_DONTWAIT, NULL, NULL) = -1 EAGAIN (Try again)
20892 1783913198.569124 recvfrom(100, "nysv\0\0\0\0\0\0\0\0\0\0\0\0-\251\302\213\245\1\0\0v\245\1\0\0\0\0\0", 3200, MSG_DONTWAIT, NULL, NULL) = 32
20892 1783913198.569164 recvfrom(100, 0x7fc3986860, 3200, MSG_DONTWAIT, NULL, NULL) = -1 EAGAIN (Try again)
20892 1783913198.571805 recvfrom(100, 0x7fc3986760, 3200, MSG_DONTWAIT, NULL, NULL) = -1 EAGAIN (Try again)
21004 1783913198.572731 sendmsg(177, {msg_name=NULL, msg_namelen=0, msg_iov=[{iov_base="l\1\1\1\374\0\0\0A\3\0\0\235\0\0\0\1\1o\0;\0\0\0/re/frid"..., iov_len=428}], msg_iovlen=1, msg_controllen=0, msg_flags=0}, MSG_NOSIGNAL) = 428
20892 1783913198.586032 recvfrom(100, "nysv\0\0\0\0\0\0\0\0\0\0\0\0HG\301\214\245\1\0\0w\245\1\0\0\0\0\0", 3200, MSG_DONTWAIT, NULL, NULL) = 32
20892 1783913198.586080 recvfrom(100, 0x7fc3986860, 3200, MSG_DONTWAIT, NULL, NULL) = -1 EAGAIN (Try again)
21004 1783913198.586881 sendmsg(177, {msg_name=NULL, msg_namelen=0, msg_iov=[{iov_base="l\1\1\1\374\0\0\0B\3\0\0\235\0\0\0\1\1o\0;\0\0\0/re/frid"..., iov_len=428}], msg_iovlen=1, msg_controllen=0, msg_flags=0}, MSG_NOSIGNAL) = 428
20892 1783913198.998446 recvfrom(100, 0x7fc3986420, 3200, MSG_DONTWAIT, NULL, NULL) = -1 EAGAIN (Try again)
20892 1783913199.003612 recvfrom(100, "nysv\0\0\0\0\0\0\0\0\0\0\0\0\231e\225\245\245\1\0\0\220\245\1\0\0\0\0\0", 3200, MSG_DONTWAIT, NULL, NULL) = 32
20892 1783913199.003731 recvfrom(100, 0x7fc3986860, 3200, MSG_DONTWAIT, NULL, NULL) = -1 EAGAIN (Try again)
20892 1783913199.003887 recvfrom(114, 0x7d0fd84020, 2272, MSG_DONTWAIT, NULL, NULL) = -1 EAGAIN (Try again)
21004 1783913199.008197 sendmsg(177, {msg_name=NULL, msg_namelen=0, msg_iov=[{iov_base="l\1\1\1\374\0\0\0C\3\0\0\235\0\0\0\1\1o\0;\0\0\0/re/frid"..., iov_len=428}], msg_iovlen=1, msg_controllen=0, msg_flags=0}, MSG_NOSIGNAL) = 428
20892 1783913199.046985 recvfrom(100, 0x7fc3985d70, 3200, MSG_DONTWAIT, NULL, NULL) = -1 EAGAIN (Try again)
20892 1783913199.052347 recvfrom(100, "nysv\0\0\0\0\0\0\0\0\0\0\0\0\333K\221\250\245\1\0\0\223\245\1\0\0\0\0\0", 3200, MSG_DONTWAIT, NULL, NULL) = 32
20892 1783913199.052387 recvfrom(100, 0x7fc3986860, 3200, MSG_DONTWAIT, NULL, NULL) = -1 EAGAIN (Try again)
20892 1783913199.056967 recvfrom(100, 0x7fc3986760, 3200, MSG_DONTWAIT, NULL, NULL) = -1 EAGAIN (Try again)
21004 1783913199.058153 sendmsg(177, {msg_name=NULL, msg_namelen=0, msg_iov=[{iov_base="l\1\1\1\374\0\0\0D\3\0\0\235\0\0\0\1\1o\0;\0\0\0/re/frid"..., iov_len=428}], msg_iovlen=1, msg_controllen=0, msg_flags=0}, MSG_NOSIGNAL) = 428
20892 1783913199.070713 recvfrom(100, "nysv\0\0\0\0\0\0\0\0\0\0\0\0\355\227\217\251\245\1\0\0\224\245\1\0\0\0\0\0", 3200, MSG_DONTWAIT, NULL, NULL) = 32
20892 1783913199.070742 recvfrom(100, 0x7fc3986860, 3200, MSG_DONTWAIT, NULL, NULL) = -1 EAGAIN (Try again)
21004 1783913199.071219 sendmsg(177, {msg_name=NULL, msg_namelen=0, msg_iov=[{iov_base="l\1\1\1\374\0\0\0E\3\0\0\235\0\0\0\1\1o\0;\0\0\0/re/frid"..., iov_len=428}], msg_iovlen=1, msg_controllen=0, msg_flags=0}, MSG_NOSIGNAL) = 428
20892 1783913199.503291 recvfrom(100, 0x7fc3986420, 3200, MSG_DONTWAIT, NULL, NULL) = -1 EAGAIN (Try again)
20892 1783913199.522993 recvfrom(100, "nysv\0\0\0\0\0\0\0\0\0\0\0\0\241\221`\304\245\1\0\0\257\245\1\0\0\0\0\0", 3200, MSG_DONTWAIT, NULL, NULL) = 32
20892 1783913199.523131 recvfrom(100, 0x7fc3986860, 3200, MSG_DONTWAIT, NULL, NULL) = -1 EAGAIN (Try again)
20892 1783913199.523268 recvfrom(114, 0x7d0fd84020, 2272, MSG_DONTWAIT, NULL, NULL) = -1 EAGAIN (Try again)
21004 1783913199.527177 sendmsg(177, {msg_name=NULL, msg_namelen=0, msg_iov=[{iov_base="l\1\1\1\374\0\0\0F\3\0\0\235\0\0\0\1\1o\0;\0\0\0/re/frid"..., iov_len=428}], msg_iovlen=1, msg_controllen=0, msg_flags=0}, MSG_NOSIGNAL) = 428
20892 1783913199.565207 recvfrom(100, 0x7fc3985d70, 3200, MSG_DONTWAIT, NULL, NULL) = -1 EAGAIN (Try again)
20892 1783913199.568714 recvfrom(100, "nysv\0\0\0\0\0\0\0\0\0\0\0\0\257{\\\307\245\1\0\0\262\245\1\0\0\0\0\0", 3200, MSG_DONTWAIT, NULL, NULL) = 32
20892 1783913199.568747 recvfrom(100, 0x7fc3986860, 3200, MSG_DONTWAIT, NULL, NULL) = -1 EAGAIN (Try again)
20892 1783913199.570771 recvfrom(100, 0x7fc3986760, 3200, MSG_DONTWAIT, NULL, NULL) = -1 EAGAIN (Try again)
21004 1783913199.571419 sendmsg(177, {msg_name=NULL, msg_namelen=0, msg_iov=[{iov_base="l\1\1\1\374\0\0\0G\3\0\0\235\0\0\0\1\1o\0;\0\0\0/re/frid"..., iov_len=428}], msg_iovlen=1, msg_controllen=0, msg_flags=0}, MSG_NOSIGNAL) = 428
20892 1783913199.590032 recvfrom(100, "nysv\0\0\0\0\0\0\0\0\0\0\0\0}\24Z\310\245\1\0\0\263\245\1\0\0\0\0\0", 3200, MSG_DONTWAIT, NULL, NULL) = 32
20892 1783913199.590061 recvfrom(100, 0x7fc3986860, 3200, MSG_DONTWAIT, NULL, NULL) = -1 EAGAIN (Try again)
21004 1783913199.590611 sendmsg(177, {msg_name=NULL, msg_namelen=0, msg_iov=[{iov_base="l\1\1\1\374\0\0\0H\3\0\0\235\0\0\0\1\1o\0;\0\0\0/re/frid"..., iov_len=428}], msg_iovlen=1, msg_controllen=0, msg_flags=0}, MSG_NOSIGNAL) = 428
20892 1783913200.004954 recvfrom(100, 0x7fc3986420, 3200, MSG_DONTWAIT, NULL, NULL) = -1 EAGAIN (Try again)
20892 1783913200.022436 recvfrom(100, "nysv\0\0\0\0\0\0\0\0\0\0\0\0\215\366-\342\245\1\0\0\314\245\1\0\0\0\0\0", 3200, MSG_DONTWAIT, NULL, NULL) = 32
20892 1783913200.022800 recvfrom(100, 0x7fc3986860, 3200, MSG_DONTWAIT, NULL, NULL) = -1 EAGAIN (Try again)
20892 1783913200.022964 recvfrom(114, 0x7d0fd84020, 2272, MSG_DONTWAIT, NULL, NULL) = -1 EAGAIN (Try again)
21004 1783913200.027116 sendmsg(177, {msg_name=NULL, msg_namelen=0, msg_iov=[{iov_base="l\1\1\1\374\0\0\0I\3\0\0\235\0\0\0\1\1o\0;\0\0\0/re/frid"..., iov_len=428}], msg_iovlen=1, msg_controllen=0, msg_flags=0}, MSG_NOSIGNAL) = 428
20892 1783913200.048450 recvfrom(100, 0x7fc3985d70, 3200, MSG_DONTWAIT, NULL, NULL) = -1 EAGAIN (Try again)
20892 1783913200.052620 recvfrom(100, "nysv\0\0\0\0\0\0\0\0\0\0\0\0\35?+\344\245\1\0\0\316\245\1\0\0\0\0\0", 3200, MSG_DONTWAIT, NULL, NULL) = 32
20892 1783913200.052681 recvfrom(100, 0x7fc3986860, 3200, MSG_DONTWAIT, NULL, NULL) = -1 EAGAIN (Try again)
20892 1783913200.055336 recvfrom(100, 0x7fc3986760, 3200, MSG_DONTWAIT, NULL, NULL) = -1 EAGAIN (Try again)
21004 1783913200.056184 sendmsg(177, {msg_name=NULL, msg_namelen=0, msg_iov=[{iov_base="l\1\1\1\374\0\0\0J\3\0\0\235\0\0\0\1\1o\0;\0\0\0/re/frid"..., iov_len=428}], msg_iovlen=1, msg_controllen=0, msg_flags=0}, MSG_NOSIGNAL) = 428
20892 1783913200.073435 recvfrom(100, "nysv\0\0\0\0\0\0\0\0\0\0\0\0\v\347(\345\245\1\0\0\317\245\1\0\0\0\0\0", 3200, MSG_DONTWAIT, NULL, NULL) = 32
20892 1783913200.073469 recvfrom(100, 0x7fc3986860, 3200, MSG_DONTWAIT, NULL, NULL) = -1 EAGAIN (Try again)
21004 1783913200.073849 sendmsg(177, {msg_name=NULL, msg_namelen=0, msg_iov=[{iov_base="l\1\1\1\374\0\0\0K\3\0\0\235\0\0\0\1\1o\0;\0\0\0/re/frid"..., iov_len=428}], msg_iovlen=1, msg_controllen=0, msg_flags=0}, MSG_NOSIGNAL) = 428
20892 1783913200.505855 recvfrom(100, 0x7fc3986420, 3200, MSG_DONTWAIT, NULL, NULL) = -1 EAGAIN (Try again)
20892 1783913200.523010 recvfrom(100, "nysv\0\0\0\0\0\0\0\0\0\0\0\0y[\373\377\245\1\0\0\352\245\1\0\0\0\0\0", 3200, MSG_DONTWAIT, NULL, NULL) = 32
20892 1783913200.523098 recvfrom(100, 0x7fc3986860, 3200, MSG_DONTWAIT, NULL, NULL) = -1 EAGAIN (Try again)
20892 1783913200.523213 recvfrom(114, 0x7d0fd84020, 2272, MSG_DONTWAIT, NULL, NULL) = -1 EAGAIN (Try again)
21004 1783913200.527713 sendmsg(177, {msg_name=NULL, msg_namelen=0, msg_iov=[{iov_base="l\1\1\1\374\0\0\0L\3\0\0\235\0\0\0\1\1o\0;\0\0\0/re/frid"..., iov_len=428}], msg_iovlen=1, msg_controllen=0, msg_flags=0}, MSG_NOSIGNAL) = 428
20892 1783913200.564435 recvfrom(100, 0x7fc3985d70, 3200, MSG_DONTWAIT, NULL, NULL) = -1 EAGAIN (Try again)
20892 1783913200.569041 recvfrom(100, "nysv\0\0\0\0\0\0\0\0\0\0\0\0\270C\367\2\246\1\0\0\355\245\1\0\0\0\0\0", 3200, MSG_DONTWAIT, NULL, NULL) = 32
20892 1783913200.569097 recvfrom(100, 0x7fc3986860, 3200, MSG_DONTWAIT, NULL, NULL) = -1 EAGAIN (Try again)
20892 1783913200.573082 recvfrom(100, 0x7fc3986760, 3200, MSG_DONTWAIT, NULL, NULL) = -1 EAGAIN (Try again)
21004 1783913200.573842 sendmsg(177, {msg_name=NULL, msg_namelen=0, msg_iov=[{iov_base="l\1\1\1\374\0\0\0M\3\0\0\235\0\0\0\1\1o\0;\0\0\0/re/frid"..., iov_len=428}], msg_iovlen=1, msg_controllen=0, msg_flags=0}, MSG_NOSIGNAL) = 428
20892 1783913200.589102 recvfrom(100, "nysv\0\0\0\0\0\0\0\0\0\0\0\0\17\r\365\3\246\1\0\0\356\245\1\0\0\0\0\0", 3200, MSG_DONTWAIT, NULL, NULL) = 32
20892 1783913200.589138 recvfrom(100, 0x7fc3986860, 3200, MSG_DONTWAIT, NULL, NULL) = -1 EAGAIN (Try again)
21004 1783913200.589593 sendmsg(177, {msg_name=NULL, msg_namelen=0, msg_iov=[{iov_base="l\1\1\1\374\0\0\0N\3\0\0\235\0\0\0\1\1o\0;\0\0\0/re/frid"..., iov_len=428}], msg_iovlen=1, msg_controllen=0, msg_flags=0}, MSG_NOSIGNAL) = 428
20892 1783913201.007915 recvfrom(100, 0x7fc3986420, 3200, MSG_DONTWAIT, NULL, NULL) = -1 EAGAIN (Try again)
20892 1783913201.020834 recvfrom(100, "nysv\0\0\0\0\0\0\0\0\0\0\0\0e\300\310\35\246\1\0\0\7\246\1\0\0\0\0\0", 3200, MSG_DONTWAIT, NULL, NULL) = 32
20892 1783913201.020885 recvfrom(100, 0x7fc3986860, 3200, MSG_DONTWAIT, NULL, NULL) = -1 EAGAIN (Try again)
20892 1783913201.020935 recvfrom(114, 0x7d0fd84020, 2272, MSG_DONTWAIT, NULL, NULL) = -1 EAGAIN (Try again)
21004 1783913201.024737 sendmsg(177, {msg_name=NULL, msg_namelen=0, msg_iov=[{iov_base="l\1\1\1\374\0\0\0O\3\0\0\235\0\0\0\1\1o\0;\0\0\0/re/frid"..., iov_len=428}], msg_iovlen=1, msg_controllen=0, msg_flags=0}, MSG_NOSIGNAL) = 428
20892 1783913201.058534 recvfrom(100, 0x7fc3985d70, 3200, MSG_DONTWAIT, NULL, NULL) = -1 EAGAIN (Try again)
20892 1783913201.068709 recvfrom(100, "nysv\0\0\0\0\0\0\0\0\0\0\0\0\303\254\304 \246\1\0\0\n\246\1\0\0\0\0\0", 3200, MSG_DONTWAIT, NULL, NULL) = 32
20892 1783913201.068746 recvfrom(100, 0x7fc3986860, 3200, MSG_DONTWAIT, NULL, NULL) = -1 EAGAIN (Try again)
20892 1783913201.073805 recvfrom(100, 0x7fc3986760, 3200, MSG_DONTWAIT, NULL, NULL) = -1 EAGAIN (Try again)
21004 1783913201.074270 sendmsg(177, {msg_name=NULL, msg_namelen=0, msg_iov=[{iov_base="l\1\1\1\374\0\0\0P\3\0\0\235\0\0\0\1\1o\0;\0\0\0/re/frid"..., iov_len=428}], msg_iovlen=1, msg_controllen=0, msg_flags=0}, MSG_NOSIGNAL) = 428
20892 1783913201.086426 recvfrom(100, "nysv\0\0\0\0\0\0\0\0\0\0\0\0\214\17\303!\246\1\0\0\v\246\1\0\0\0\0\0", 3200, MSG_DONTWAIT, NULL, NULL) = 32
20892 1783913201.086449 recvfrom(100, 0x7fc3986860, 3200, MSG_DONTWAIT, NULL, NULL) = -1 EAGAIN (Try again)
21004 1783913201.086898 sendmsg(177, {msg_name=NULL, msg_namelen=0, msg_iov=[{iov_base="l\1\1\1\374\0\0\0Q\3\0\0\235\0\0\0\1\1o\0;\0\0\0/re/frid"..., iov_len=428}], msg_iovlen=1, msg_controllen=0, msg_flags=0}, MSG_NOSIGNAL) = 428
20892 1783913201.508902 recvfrom(100, 0x7fc3986420, 3200, MSG_DONTWAIT, NULL, NULL) = -1 EAGAIN (Try again)
20892 1783913201.519602 recvfrom(100, "nysv\0\0\0\0\0\0\0\0\0\0\0\0\211T\226;\246\1\0\0%\246\1\0\0\0\0\0", 3200, MSG_DONTWAIT, NULL, NULL) = 32
20892 1783913201.519642 recvfrom(100, 0x7fc3986860, 3200, MSG_DONTWAIT, NULL, NULL) = -1 EAGAIN (Try again)
20892 1783913201.519926 recvfrom(114, 0x7d0fd84020, 2272, MSG_DONTWAIT, NULL, NULL) = -1 EAGAIN (Try again)
21004 1783913201.521631 sendmsg(177, {msg_name=NULL, msg_namelen=0, msg_iov=[{iov_base="l\1\1\1\374\0\0\0R\3\0\0\235\0\0\0\1\1o\0;\0\0\0/re/frid"..., iov_len=428}], msg_iovlen=1, msg_controllen=0, msg_flags=0}, MSG_NOSIGNAL) = 428
20892 1783913201.546957 recvfrom(100, 0x7fc3985d70, 3200, MSG_DONTWAIT, NULL, NULL) = -1 EAGAIN (Try again)
20892 1783913201.552455 recvfrom(100, "nysv\0\0\0\0\0\0\0\0\0\0\0\0\f\236\223=\246\1\0\0'\246\1\0\0\0\0\0", 3200, MSG_DONTWAIT, NULL, NULL) = 32
20892 1783913201.552493 recvfrom(100, 0x7fc3986860, 3200, MSG_DONTWAIT, NULL, NULL) = -1 EAGAIN (Try again)
20892 1783913201.553886 recvfrom(100, 0x7fc3986760, 3200, MSG_DONTWAIT, NULL, NULL) = -1 EAGAIN (Try again)
21004 1783913201.554921 sendmsg(177, {msg_name=NULL, msg_namelen=0, msg_iov=[{iov_base="l\1\1\1\374\0\0\0S\3\0\0\235\0\0\0\1\1o\0;\0\0\0/re/frid"..., iov_len=428}], msg_iovlen=1, msg_controllen=0, msg_flags=0}, MSG_NOSIGNAL) = 428
20892 1783913201.572228 recvfrom(100, "nysv\0\0\0\0\0\0\0\0\0\0\0\0Ps\221>\246\1\0\0(\246\1\0\0\0\0\0", 3200, MSG_DONTWAIT, NULL, NULL) = 32
20892 1783913201.572255 recvfrom(100, 0x7fc3986860, 3200, MSG_DONTWAIT, NULL, NULL) = -1 EAGAIN (Try again)
21004 1783913201.572598 sendmsg(177, {msg_name=NULL, msg_namelen=0, msg_iov=[{iov_base="l\1\1\1\374\0\0\0T\3\0\0\235\0\0\0\1\1o\0;\0\0\0/re/frid"..., iov_len=428}], msg_iovlen=1, msg_controllen=0, msg_flags=0}, MSG_NOSIGNAL) = 428
20892 1783913202.009922 recvfrom(100, 0x7fc3986420, 3200, MSG_DONTWAIT, NULL, NULL) = -1 EAGAIN (Try again)
20892 1783913202.022749 recvfrom(100, "nysv\0\0\0\0\0\0\0\0\0\0\0\0=\212cY\246\1\0\0C\246\1\0\0\0\0\0", 3200, MSG_DONTWAIT, NULL, NULL) = 32
20892 1783913202.022874 recvfrom(100, 0x7fc3986860, 3200, MSG_DONTWAIT, NULL, NULL) = -1 EAGAIN (Try again)
20892 1783913202.023005 recvfrom(114, 0x7d0fd84020, 2272, MSG_DONTWAIT, NULL, NULL) = -1 EAGAIN (Try again)
21004 1783913202.026208 sendmsg(177, {msg_name=NULL, msg_namelen=0, msg_iov=[{iov_base="l\1\1\1\374\0\0\0U\3\0\0\235\0\0\0\1\1o\0;\0\0\0/re/frid"..., iov_len=428}], msg_iovlen=1, msg_controllen=0, msg_flags=0}, MSG_NOSIGNAL) = 428
20892 1783913202.063232 recvfrom(100, 0x7fc3985d70, 3200, MSG_DONTWAIT, NULL, NULL) = -1 EAGAIN (Try again)
20892 1783913202.069120 recvfrom(100, "nysv\0\0\0\0\0\0\0\0\0\0\0\0Yj_\\\246\1\0\0F\246\1\0\0\0\0\0", 3200, MSG_DONTWAIT, NULL, NULL) = 32
20892 1783913202.069154 recvfrom(100, 0x7fc3986860, 3200, MSG_DONTWAIT, NULL, NULL) = -1 EAGAIN (Try again)
20892 1783913202.072524 recvfrom(100, 0x7fc3986760, 3200, MSG_DONTWAIT, NULL, NULL) = -1 EAGAIN (Try again)
21004 1783913202.073265 sendmsg(177, {msg_name=NULL, msg_namelen=0, msg_iov=[{iov_base="l\1\1\1\374\0\0\0V\3\0\0\235\0\0\0\1\1o\0;\0\0\0/re/frid"..., iov_len=428}], msg_iovlen=1, msg_controllen=0, msg_flags=0}, MSG_NOSIGNAL) = 428
20892 1783913202.086226 recvfrom(100, "nysv\0\0\0\0\0\0\0\0\0\0\0\0\203\272]]\246\1\0\0G\246\1\0\0\0\0\0", 3200, MSG_DONTWAIT, NULL, NULL) = 32
20892 1783913202.086248 recvfrom(100, 0x7fc3986860, 3200, MSG_DONTWAIT, NULL, NULL) = -1 EAGAIN (Try again)
21004 1783913202.086725 sendmsg(177, {msg_name=NULL, msg_namelen=0, msg_iov=[{iov_base="l\1\1\1\374\0\0\0W\3\0\0\235\0\0\0\1\1o\0;\0\0\0/re/frid"..., iov_len=428}], msg_iovlen=1, msg_controllen=0, msg_flags=0}, MSG_NOSIGNAL) = 428
20892 1783913202.513439 recvfrom(100, 0x7fc3986420, 3200, MSG_DONTWAIT, NULL, NULL) = -1 EAGAIN (Try again)
20892 1783913202.520837 recvfrom(100, "nysv\0\0\0\0\0\0\0\0\0\0\0\0)\3570w\246\1\0\0a\246\1\0\0\0\0\0", 3200, MSG_DONTWAIT, NULL, NULL) = 32
20892 1783913202.520967 recvfrom(100, 0x7fc3986860, 3200, MSG_DONTWAIT, NULL, NULL) = -1 EAGAIN (Try again)
20892 1783913202.521152 recvfrom(114, 0x7d0fd84020, 2272, MSG_DONTWAIT, NULL, NULL) = -1 EAGAIN (Try again)
21004 1783913202.525474 sendmsg(177, {msg_name=NULL, msg_namelen=0, msg_iov=[{iov_base="l\1\1\1\374\0\0\0X\3\0\0\235\0\0\0\1\1o\0;\0\0\0/re/frid"..., iov_len=428}], msg_iovlen=1, msg_controllen=0, msg_flags=0}, MSG_NOSIGNAL) = 428
20892 1783913202.562200 recvfrom(100, 0x7fc3985d70, 3200, MSG_DONTWAIT, NULL, NULL) = -1 EAGAIN (Try again)
20892 1783913202.569420 recvfrom(100, "nysv\0\0\0\0\0\0\0\0\0\0\0\0I\331,z\246\1\0\0d\246\1\0\0\0\0\0", 3200, MSG_DONTWAIT, NULL, NULL) = 32
20892 1783913202.569482 recvfrom(100, 0x7fc3986860, 3200, MSG_DONTWAIT, NULL, NULL) = -1 EAGAIN (Try again)
20892 1783913202.572188 recvfrom(100, 0x7fc3986760, 3200, MSG_DONTWAIT, NULL, NULL) = -1 EAGAIN (Try again)
21004 1783913202.573032 sendmsg(177, {msg_name=NULL, msg_namelen=0, msg_iov=[{iov_base="l\1\1\1\374\0\0\0Y\3\0\0\235\0\0\0\1\1o\0;\0\0\0/re/frid"..., iov_len=428}], msg_iovlen=1, msg_controllen=0, msg_flags=0}, MSG_NOSIGNAL) = 428
20892 1783913202.589701 recvfrom(100, "nysv\0\0\0\0\0\0\0\0\0\0\0\0\237{*{\246\1\0\0e\246\1\0\0\0\0\0", 3200, MSG_DONTWAIT, NULL, NULL) = 32
20892 1783913202.589742 recvfrom(100, 0x7fc3986860, 3200, MSG_DONTWAIT, NULL, NULL) = -1 EAGAIN (Try again)
21004 1783913202.590165 sendmsg(177, {msg_name=NULL, msg_namelen=0, msg_iov=[{iov_base="l\1\1\1\374\0\0\0Z\3\0\0\235\0\0\0\1\1o\0;\0\0\0/re/frid"..., iov_len=428}], msg_iovlen=1, msg_controllen=0, msg_flags=0}, MSG_NOSIGNAL) = 428
20892 1783913203.018130 recvfrom(100, 0x7fc3986420, 3200, MSG_DONTWAIT, NULL, NULL) = -1 EAGAIN (Try again)
20892 1783913203.043345 recvfrom(100, "nysv\0\0\0\0\0\0\0\0\0\0\0\0?\244\374\225\246\1\0\0\200\246\1\0\0\0\0\0", 3200, MSG_DONTWAIT, NULL, NULL) = 32
20892 1783913203.043469 recvfrom(100, 0x7fc3986860, 3200, MSG_DONTWAIT, NULL, NULL) = -1 EAGAIN (Try again)
20892 1783913203.043596 recvfrom(114, 0x7d0fd84020, 2272, MSG_DONTWAIT, NULL, NULL) = -1 EAGAIN (Try again)
21004 1783913203.048270 sendmsg(177, {msg_name=NULL, msg_namelen=0, msg_iov=[{iov_base="l\1\1\1\374\0\0\0[\3\0\0\235\0\0\0\1\1o\0;\0\0\0/re/frid"..., iov_len=428}], msg_iovlen=1, msg_controllen=0, msg_flags=0}, MSG_NOSIGNAL) = 428
20892 1783913203.083983 recvfrom(100, 0x7fc3985d70, 3200, MSG_DONTWAIT, NULL, NULL) = -1 EAGAIN (Try again)
20892 1783913203.085340 recvfrom(100, "nysv\0\0\0\0\0\0\0\0\0\0\0\0\222\212\370\230\246\1\0\0\202\246\1\0\0\0\0\0", 3200, MSG_DONTWAIT, NULL, NULL) = 32
20892 1783913203.085371 recvfrom(100, 0x7fc3986860, 3200, MSG_DONTWAIT, NULL, NULL) = -1 EAGAIN (Try again)
20892 1783913203.087467 recvfrom(100, 0x7fc3986760, 3200, MSG_DONTWAIT, NULL, NULL) = -1 EAGAIN (Try again)
21004 1783913203.088211 sendmsg(177, {msg_name=NULL, msg_namelen=0, msg_iov=[{iov_base="l\1\1\1\374\0\0\0\\\3\0\0\235\0\0\0\1\1o\0;\0\0\0/re/frid"..., iov_len=428}], msg_iovlen=1, msg_controllen=0, msg_flags=0}, MSG_NOSIGNAL) = 428
20892 1783913203.105028 recvfrom(100, "nysv\0\0\0\0\0\0\0\0\0\0\0\0\256{\366\231\246\1\0\0\203\246\1\0\0\0\0\0", 3200, MSG_DONTWAIT, NULL, NULL) = 32
20892 1783913203.105058 recvfrom(100, 0x7fc3986860, 3200, MSG_DONTWAIT, NULL, NULL) = -1 EAGAIN (Try again)
21004 1783913203.105484 sendmsg(177, {msg_name=NULL, msg_namelen=0, msg_iov=[{iov_base="l\1\1\1\374\0\0\0]\3\0\0\235\0\0\0\1\1o\0;\0\0\0/re/frid"..., iov_len=428}], msg_iovlen=1, msg_controllen=0, msg_flags=0}, MSG_NOSIGNAL) = 428
20892 1783913203.522094 recvfrom(100, 0x7fc3986420, 3200, MSG_DONTWAIT, NULL, NULL) = -1 EAGAIN (Try again)
20892 1783913203.538441 recvfrom(100, "nysv\0\0\0\0\0\0\0\0\0\0\0\0+\t\312\263\246\1\0\0\235\246\1\0\0\0\0\0", 3200, MSG_DONTWAIT, NULL, NULL) = 32
20892 1783913203.538724 recvfrom(100, 0x7fc3986860, 3200, MSG_DONTWAIT, NULL, NULL) = -1 EAGAIN (Try again)
20892 1783913203.538833 recvfrom(114, 0x7d0fd84020, 2272, MSG_DONTWAIT, NULL, NULL) = -1 EAGAIN (Try again)
21004 1783913203.542431 sendmsg(177, {msg_name=NULL, msg_namelen=0, msg_iov=[{iov_base="l\1\1\1\374\0\0\0^\3\0\0\235\0\0\0\1\1o\0;\0\0\0/re/frid"..., iov_len=428}], msg_iovlen=1, msg_controllen=0, msg_flags=0}, MSG_NOSIGNAL) = 428
20892 1783913203.579561 recvfrom(100, 0x7fc3985d70, 3200, MSG_DONTWAIT, NULL, NULL) = -1 EAGAIN (Try again)
20892 1783913203.585425 recvfrom(100, "nysv\0\0\0\0\0\0\0\0\0\0\0\0\360\363\305\266\246\1\0\0\240\246\1\0\0\0\0\0", 3200, MSG_DONTWAIT, NULL, NULL) = 32
20892 1783913203.585456 recvfrom(100, 0x7fc3986860, 3200, MSG_DONTWAIT, NULL, NULL) = -1 EAGAIN (Try again)
20892 1783913203.588162 recvfrom(100, 0x7fc3986760, 3200, MSG_DONTWAIT, NULL, NULL) = -1 EAGAIN (Try again)
21004 1783913203.588893 sendmsg(177, {msg_name=NULL, msg_namelen=0, msg_iov=[{iov_base="l\1\1\1\374\0\0\0_\3\0\0\235\0\0\0\1\1o\0;\0\0\0/re/frid"..., iov_len=428}], msg_iovlen=1, msg_controllen=0, msg_flags=0}, MSG_NOSIGNAL) = 428
20892 1783913203.605276 recvfrom(100, "nysv\0\0\0\0\0\0\0\0\0\0\0\0V\326\303\267\246\1\0\0\241\246\1\0\0\0\0\0", 3200, MSG_DONTWAIT, NULL, NULL) = 32
20892 1783913203.605295 recvfrom(100, 0x7fc3986860, 3200, MSG_DONTWAIT, NULL, NULL) = -1 EAGAIN (Try again)
21004 1783913203.605684 sendmsg(177, {msg_name=NULL, msg_namelen=0, msg_iov=[{iov_base="l\1\1\1\374\0\0\0`\3\0\0\235\0\0\0\1\1o\0;\0\0\0/re/frid"..., iov_len=428}], msg_iovlen=1, msg_controllen=0, msg_flags=0}, MSG_NOSIGNAL) = 428
20892 1783913204.025354 recvfrom(100, 0x7fc3986420, 3200, MSG_DONTWAIT, NULL, NULL) = -1 EAGAIN (Try again)
20892 1783913204.039749 recvfrom(100, "nysv\0\0\0\0\0\0\0\0\0\0\0\0\27n\227\321\246\1\0\0\273\246\1\0\0\0\0\0", 3200, MSG_DONTWAIT, NULL, NULL) = 32
20892 1783913204.039844 recvfrom(100, 0x7fc3986860, 3200, MSG_DONTWAIT, NULL, NULL) = -1 EAGAIN (Try again)
20892 1783913204.039941 recvfrom(114, 0x7d0fd84020, 2272, MSG_DONTWAIT, NULL, NULL) = -1 EAGAIN (Try again)
21004 1783913204.043963 sendmsg(177, {msg_name=NULL, msg_namelen=0, msg_iov=[{iov_base="l\1\1\1\374\0\0\0a\3\0\0\235\0\0\0\1\1o\0;\0\0\0/re/frid"..., iov_len=428}], msg_iovlen=1, msg_controllen=0, msg_flags=0}, MSG_NOSIGNAL) = 428
20892 1783913204.081338 recvfrom(100, 0x7fc3985d70, 3200, MSG_DONTWAIT, NULL, NULL) = -1 EAGAIN (Try again)
20892 1783913204.085374 recvfrom(100, "nysv\0\0\0\0\0\0\0\0\0\0\0\0\236\\\223\324\246\1\0\0\276\246\1\0\0\0\0\0", 3200, MSG_DONTWAIT, NULL, NULL) = 32
20892 1783913204.085423 recvfrom(100, 0x7fc3986860, 3200, MSG_DONTWAIT, NULL, NULL) = -1 EAGAIN (Try again)
20892 1783913204.088012 recvfrom(100, 0x7fc3986760, 3200, MSG_DONTWAIT, NULL, NULL) = -1 EAGAIN (Try again)
21004 1783913204.088449 sendmsg(177, {msg_name=NULL, msg_namelen=0, msg_iov=[{iov_base="l\1\1\1\374\0\0\0b\3\0\0\235\0\0\0\1\1o\0;\0\0\0/re/frid"..., iov_len=428}], msg_iovlen=1, msg_controllen=0, msg_flags=0}, MSG_NOSIGNAL) = 428
20892 1783913204.106885 recvfrom(100, "nysv\0\0\0\0\0\0\0\0\0\0\0\0\320\350\220\325\246\1\0\0\277\246\1\0\0\0\0\0", 3200, MSG_DONTWAIT, NULL, NULL) = 32
20892 1783913204.106907 recvfrom(100, 0x7fc3986860, 3200, MSG_DONTWAIT, NULL, NULL) = -1 EAGAIN (Try again)
21004 1783913204.107280 sendmsg(177, {msg_name=NULL, msg_namelen=0, msg_iov=[{iov_base="l\1\1\1\374\0\0\0c\3\0\0\235\0\0\0\1\1o\0;\0\0\0/re/frid"..., iov_len=428}], msg_iovlen=1, msg_controllen=0, msg_flags=0}, MSG_NOSIGNAL) = 428
20892 1783913204.527471 recvfrom(100, 0x7fc3986420, 3200, MSG_DONTWAIT, NULL, NULL) = -1 EAGAIN (Try again)
20892 1783913204.538303 recvfrom(100, "nysv\0\0\0\0\0\0\0\0\0\0\0\0\3\323d\357\246\1\0\0\331\246\1\0\0\0\0\0", 3200, MSG_DONTWAIT, NULL, NULL) = 32
20892 1783913204.538415 recvfrom(100, 0x7fc3986860, 3200, MSG_DONTWAIT, NULL, NULL) = -1 EAGAIN (Try again)
20892 1783913204.538942 recvfrom(114, 0x7d0fd84020, 2272, MSG_DONTWAIT, NULL, NULL) = -1 EAGAIN (Try again)
21004 1783913204.542641 sendmsg(177, {msg_name=NULL, msg_namelen=0, msg_iov=[{iov_base="l\1\1\1\374\0\0\0d\3\0\0\235\0\0\0\1\1o\0;\0\0\0/re/frid"..., iov_len=428}], msg_iovlen=1, msg_controllen=0, msg_flags=0}, MSG_NOSIGNAL) = 428
20892 1783913204.580185 recvfrom(100, 0x7fc3985d70, 3200, MSG_DONTWAIT, NULL, NULL) = -1 EAGAIN (Try again)
20892 1783913204.585440 recvfrom(100, "nysv\0\0\0\0\0\0\0\0\0\0\0\0\206\274`\362\246\1\0\0\334\246\1\0\0\0\0\0", 3200, MSG_DONTWAIT, NULL, NULL) = 32
20892 1783913204.585476 recvfrom(100, 0x7fc3986860, 3200, MSG_DONTWAIT, NULL, NULL) = -1 EAGAIN (Try again)
20892 1783913204.588114 recvfrom(100, 0x7fc3986760, 3200, MSG_DONTWAIT, NULL, NULL) = -1 EAGAIN (Try again)
21004 1783913204.588766 sendmsg(177, {msg_name=NULL, msg_namelen=0, msg_iov=[{iov_base="l\1\1\1\374\0\0\0e\3\0\0\235\0\0\0\1\1o\0;\0\0\0/re/frid"..., iov_len=428}], msg_iovlen=1, msg_controllen=0, msg_flags=0}, MSG_NOSIGNAL) = 428
20892 1783913204.607300 recvfrom(100, "nysv\0\0\0\0\0\0\0\0\0\0\0\0h\"^\363\246\1\0\0\335\246\1\0\0\0\0\0", 3200, MSG_DONTWAIT, NULL, NULL) = 32
20892 1783913204.607322 recvfrom(100, 0x7fc3986860, 3200, MSG_DONTWAIT, NULL, NULL) = -1 EAGAIN (Try again)
21004 1783913204.607716 sendmsg(177, {msg_name=NULL, msg_namelen=0, msg_iov=[{iov_base="l\1\1\1\374\0\0\0f\3\0\0\235\0\0\0\1\1o\0;\0\0\0/re/frid"..., iov_len=428}], msg_iovlen=1, msg_controllen=0, msg_flags=0}, MSG_NOSIGNAL) = 428
20892 1783913205.030253 recvfrom(100, 0x7fc3986420, 3200, MSG_DONTWAIT, NULL, NULL) = -1 EAGAIN (Try again)
20892 1783913205.036806 recvfrom(100, "nysv\0\0\0\0\0\0\0\0\0\0\0\0\35772\r\247\1\0\0\367\246\1\0\0\0\0\0", 3200, MSG_DONTWAIT, NULL, NULL) = 32
20892 1783913205.036915 recvfrom(100, 0x7fc3986860, 3200, MSG_DONTWAIT, NULL, NULL) = -1 EAGAIN (Try again)
20892 1783913205.037015 recvfrom(114, 0x7d0fd84020, 2272, MSG_DONTWAIT, NULL, NULL) = -1 EAGAIN (Try again)
21004 1783913205.041245 sendmsg(177, {msg_name=NULL, msg_namelen=0, msg_iov=[{iov_base="l\1\1\1\374\0\0\0g\3\0\0\235\0\0\0\1\1o\0;\0\0\0/re/frid"..., iov_len=428}], msg_iovlen=1, msg_controllen=0, msg_flags=0}, MSG_NOSIGNAL) = 428
20892 1783913205.078537 recvfrom(100, 0x7fc3985d70, 3200, MSG_DONTWAIT, NULL, NULL) = -1 EAGAIN (Try again)
20892 1783913205.086171 recvfrom(100, "nysv\0\0\0\0\0\0\0\0\0\0\0\0^\366-\20\247\1\0\0\372\246\1\0\0\0\0\0", 3200, MSG_DONTWAIT, NULL, NULL) = 32
20892 1783913205.086211 recvfrom(100, 0x7fc3986860, 3200, MSG_DONTWAIT, NULL, NULL) = -1 EAGAIN (Try again)
20892 1783913205.088307 recvfrom(100, 0x7fc3986760, 3200, MSG_DONTWAIT, NULL, NULL) = -1 EAGAIN (Try again)
21004 1783913205.089136 sendmsg(177, {msg_name=NULL, msg_namelen=0, msg_iov=[{iov_base="l\1\1\1\374\0\0\0h\3\0\0\235\0\0\0\1\1o\0;\0\0\0/re/frid"..., iov_len=428}], msg_iovlen=1, msg_controllen=0, msg_flags=0}, MSG_NOSIGNAL) = 428
20892 1783913205.107372 recvfrom(100, "nysv\0\0\0\0\0\0\0\0\0\0\0\0\227x+\21\247\1\0\0\373\246\1\0\0\0\0\0", 3200, MSG_DONTWAIT, NULL, NULL) = 32
20892 1783913205.107404 recvfrom(100, 0x7fc3986860, 3200, MSG_DONTWAIT, NULL, NULL) = -1 EAGAIN (Try again)
21004 1783913205.107871 sendmsg(177, {msg_name=NULL, msg_namelen=0, msg_iov=[{iov_base="l\1\1\1\374\0\0\0i\3\0\0\235\0\0\0\1\1o\0;\0\0\0/re/frid"..., iov_len=428}], msg_iovlen=1, msg_controllen=0, msg_flags=0}, MSG_NOSIGNAL) = 428
20892 1783913205.535676 recvfrom(100, 0x7fc3986420, 3200, MSG_DONTWAIT, NULL, NULL) = -1 EAGAIN (Try again)
20892 1783913205.536919 recvfrom(100, "nysv\0\0\0\0\0\0\0\0\0\0\0\0\1\304\377*\247\1\0\0\24\247\1\0\0\0\0\0", 3200, MSG_DONTWAIT, NULL, NULL) = 32
20892 1783913205.537069 recvfrom(100, 0x7fc3986860, 3200, MSG_DONTWAIT, NULL, NULL) = -1 EAGAIN (Try again)
20892 1783913205.537332 recvfrom(114, 0x7d0fd84020, 2272, MSG_DONTWAIT, NULL, NULL) = -1 EAGAIN (Try again)
21004 1783913205.540767 sendmsg(177, {msg_name=NULL, msg_namelen=0, msg_iov=[{iov_base="l\1\1\1\374\0\0\0j\3\0\0\235\0\0\0\1\1o\0;\0\0\0/re/frid"..., iov_len=428}], msg_iovlen=1, msg_controllen=0, msg_flags=0}, MSG_NOSIGNAL) = 428
20892 1783913205.577620 recvfrom(100, 0x7fc3985d70, 3200, MSG_DONTWAIT, NULL, NULL) = -1 EAGAIN (Try again)
20892 1783913205.585706 recvfrom(100, "nysv\0\0\0\0\0\0\0\0\0\0\0\0\262\255\373-\247\1\0\0\27\247\1\0\0\0\0\0", 3200, MSG_DONTWAIT, NULL, NULL) = 32
20892 1783913205.585794 recvfrom(100, 0x7fc3986860, 3200, MSG_DONTWAIT, NULL, NULL) = -1 EAGAIN (Try again)
20892 1783913205.587181 recvfrom(100, 0x7fc3986760, 3200, MSG_DONTWAIT, NULL, NULL) = -1 EAGAIN (Try again)
21004 1783913205.587971 sendmsg(177, {msg_name=NULL, msg_namelen=0, msg_iov=[{iov_base="l\1\1\1\374\0\0\0k\3\0\0\235\0\0\0\1\1o\0;\0\0\0/re/frid"..., iov_len=428}], msg_iovlen=1, msg_controllen=0, msg_flags=0}, MSG_NOSIGNAL) = 428
20892 1783913205.607980 recvfrom(100, "nysv\0\0\0\0\0\0\0\0\0\0\0\0\315\354\370.\247\1\0\0\30\247\1\0\0\0\0\0", 3200, MSG_DONTWAIT, NULL, NULL) = 32
20892 1783913205.607997 recvfrom(100, 0x7fc3986860, 3200, MSG_DONTWAIT, NULL, NULL) = -1 EAGAIN (Try again)
21004 1783913205.608419 sendmsg(177, {msg_name=NULL, msg_namelen=0, msg_iov=[{iov_base="l\1\1\1\374\0\0\0l\3\0\0\235\0\0\0\1\1o\0;\0\0\0/re/frid"..., iov_len=428}], msg_iovlen=1, msg_controllen=0, msg_flags=0}, MSG_NOSIGNAL) = 428
20892 1783913206.038873 recvfrom(100, 0x7fc3986420, 3200, MSG_DONTWAIT, NULL, NULL) = -1 EAGAIN (Try again)
20892 1783913206.053373 recvfrom(100, "nysv\0\0\0\0\0\0\0\0\0\0\0\0\361Q\313I\247\1\0\0003\247\1\0\0\0\0\0", 3200, MSG_DONTWAIT, NULL, NULL) = 32
20892 1783913206.053474 recvfrom(100, 0x7fc3986860, 3200, MSG_DONTWAIT, NULL, NULL) = -1 EAGAIN (Try again)
20892 1783913206.053573 recvfrom(114, 0x7d0fd84020, 2272, MSG_DONTWAIT, NULL, NULL) = -1 EAGAIN (Try again)
21004 1783913206.056961 sendmsg(177, {msg_name=NULL, msg_namelen=0, msg_iov=[{iov_base="l\1\1\1\374\0\0\0m\3\0\0\235\0\0\0\1\1o\0;\0\0\0/re/frid"..., iov_len=428}], msg_iovlen=1, msg_controllen=0, msg_flags=0}, MSG_NOSIGNAL) = 428
20892 1783913206.087161 recvfrom(100, 0x7fc3985d70, 3200, MSG_DONTWAIT, NULL, NULL) = -1 EAGAIN (Try again)
20892 1783913206.104306 recvfrom(100, "nysv\0\0\0\0\0\0\0\0\0\0\0\0\35\303\306L\247\1\0\0006\247\1\0\0\0\0\0", 3200, MSG_DONTWAIT, NULL, NULL) = 32
20892 1783913206.104347 recvfrom(100, 0x7fc3986860, 3200, MSG_DONTWAIT, NULL, NULL) = -1 EAGAIN (Try again)
20892 1783913206.107757 recvfrom(100, 0x7fc3986760, 3200, MSG_DONTWAIT, NULL, NULL) = -1 EAGAIN (Try again)
21004 1783913206.108237 sendmsg(177, {msg_name=NULL, msg_namelen=0, msg_iov=[{iov_base="l\1\1\1\374\0\0\0n\3\0\0\235\0\0\0\1\1o\0;\0\0\0/re/frid"..., iov_len=428}], msg_iovlen=1, msg_controllen=0, msg_flags=0}, MSG_NOSIGNAL) = 428
20892 1783913206.123000 recvfrom(100, "nysv\0\0\0\0\0\0\0\0\0\0\0\0\231\222\304M\247\1\0\0007\247\1\0\0\0\0\0", 3200, MSG_DONTWAIT, NULL, NULL) = 32
20892 1783913206.123038 recvfrom(100, 0x7fc3986860, 3200, MSG_DONTWAIT, NULL, NULL) = -1 EAGAIN (Try again)
21004 1783913206.123549 sendmsg(177, {msg_name=NULL, msg_namelen=0, msg_iov=[{iov_base="l\1\1\1\374\0\0\0o\3\0\0\235\0\0\0\1\1o\0;\0\0\0/re/frid"..., iov_len=428}], msg_iovlen=1, msg_controllen=0, msg_flags=0}, MSG_NOSIGNAL) = 428
20892 1783913206.541071 recvfrom(100, 0x7fc3986420, 3200, MSG_DONTWAIT, NULL, NULL) = -1 EAGAIN (Try again)
20892 1783913206.554978 recvfrom(100, "nysv\0\0\0\0\0\0\0\0\0\0\0\0\335\266\230g\247\1\0\0Q\247\1\0\0\0\0\0", 3200, MSG_DONTWAIT, NULL, NULL) = 32
20892 1783913206.555102 recvfrom(100, 0x7fc3986860, 3200, MSG_DONTWAIT, NULL, NULL) = -1 EAGAIN (Try again)
20892 1783913206.555226 recvfrom(114, 0x7d0fd84020, 2272, MSG_DONTWAIT, NULL, NULL) = -1 EAGAIN (Try again)
21004 1783913206.558838 sendmsg(177, {msg_name=NULL, msg_namelen=0, msg_iov=[{iov_base="l\1\1\1\374\0\0\0p\3\0\0\235\0\0\0\1\1o\0;\0\0\0/re/frid"..., iov_len=428}], msg_iovlen=1, msg_controllen=0, msg_flags=0}, MSG_NOSIGNAL) = 428
20892 1783913206.593701 recvfrom(100, 0x7fc3985d70, 3200, MSG_DONTWAIT, NULL, NULL) = -1 EAGAIN (Try again)
20892 1783913206.602883 recvfrom(100, "nysv\0\0\0\0\0\0\0\0\0\0\0\0\356Y\224j\247\1\0\0T\247\1\0\0\0\0\0", 3200, MSG_DONTWAIT, NULL, NULL) = 32
20892 1783913206.603009 recvfrom(100, 0x7fc3986860, 3200, MSG_DONTWAIT, NULL, NULL) = -1 EAGAIN (Try again)
20892 1783913206.608102 recvfrom(100, 0x7fc3986760, 3200, MSG_DONTWAIT, NULL, NULL) = -1 EAGAIN (Try again)
21004 1783913206.609096 sendmsg(177, {msg_name=NULL, msg_namelen=0, msg_iov=[{iov_base="l\1\1\1\374\0\0\0q\3\0\0\235\0\0\0\1\1o\0;\0\0\0/re/frid"..., iov_len=428}], msg_iovlen=1, msg_controllen=0, msg_flags=0}, MSG_NOSIGNAL) = 428
20892 1783913206.619861 recvfrom(100, "nysv\0\0\0\0\0\0\0\0\0\0\0\0;\270\222k\247\1\0\0U\247\1\0\0\0\0\0", 3200, MSG_DONTWAIT, NULL, NULL) = 32
20892 1783913206.619887 recvfrom(100, 0x7fc3986860, 3200, MSG_DONTWAIT, NULL, NULL) = -1 EAGAIN (Try again)
21004 1783913206.620327 sendmsg(177, {msg_name=NULL, msg_namelen=0, msg_iov=[{iov_base="l\1\1\1\374\0\0\0r\3\0\0\235\0\0\0\1\1o\0;\0\0\0/re/frid"..., iov_len=428}], msg_iovlen=1, msg_controllen=0, msg_flags=0}, MSG_NOSIGNAL) = 428
20892 1783913207.042277 recvfrom(100, 0x7fc3986420, 3200, MSG_DONTWAIT, NULL, NULL) = -1 EAGAIN (Try again)
20892 1783913207.057234 recvfrom(100, "nysv\0\0\0\0\0\0\0\0\0\0\0\0\311\33f\205\247\1\0\0o\247\1\0\0\0\0\0", 3200, MSG_DONTWAIT, NULL, NULL) = 32
20892 1783913207.057346 recvfrom(100, 0x7fc3986860, 3200, MSG_DONTWAIT, NULL, NULL) = -1 EAGAIN (Try again)
20892 1783913207.057497 recvfrom(114, 0x7d0fd84020, 2272, MSG_DONTWAIT, NULL, NULL) = -1 EAGAIN (Try again)
21004 1783913207.061845 sendmsg(177, {msg_name=NULL, msg_namelen=0, msg_iov=[{iov_base="l\1\1\1\374\0\0\0s\3\0\0\235\0\0\0\1\1o\0;\0\0\0/re/frid"..., iov_len=428}], msg_iovlen=1, msg_controllen=0, msg_flags=0}, MSG_NOSIGNAL) = 428
20892 1783913207.098622 recvfrom(100, 0x7fc3985d70, 3200, MSG_DONTWAIT, NULL, NULL) = -1 EAGAIN (Try again)
20892 1783913207.102574 recvfrom(100, "nysv\0\0\0\0\0\0\0\0\0\0\0\0\270\222a\210\247\1\0\0r\247\1\0\0\0\0\0", 3200, MSG_DONTWAIT, NULL, NULL) = 32
20892 1783913207.102618 recvfrom(100, 0x7fc3986860, 3200, MSG_DONTWAIT, NULL, NULL) = -1 EAGAIN (Try again)
20892 1783913207.106175 recvfrom(100, 0x7fc3986760, 3200, MSG_DONTWAIT, NULL, NULL) = -1 EAGAIN (Try again)
21004 1783913207.107373 sendmsg(177, {msg_name=NULL, msg_namelen=0, msg_iov=[{iov_base="l\1\1\1\374\0\0\0t\3\0\0\235\0\0\0\1\1o\0;\0\0\0/re/frid"..., iov_len=428}], msg_iovlen=1, msg_controllen=0, msg_flags=0}, MSG_NOSIGNAL) = 428
20892 1783913207.123233 recvfrom(100, "nysv\0\0\0\0\0\0\0\0\0\0\0\0q\\_\211\247\1\0\0s\247\1\0\0\0\0\0", 3200, MSG_DONTWAIT, NULL, NULL) = 32
20892 1783913207.123261 recvfrom(100, 0x7fc3986860, 3200, MSG_DONTWAIT, NULL, NULL) = -1 EAGAIN (Try again)
21004 1783913207.124270 sendmsg(177, {msg_name=NULL, msg_namelen=0, msg_iov=[{iov_base="l\1\1\1\374\0\0\0u\3\0\0\235\0\0\0\1\1o\0;\0\0\0/re/frid"..., iov_len=428}], msg_iovlen=1, msg_controllen=0, msg_flags=0}, MSG_NOSIGNAL) = 428
20892 1783913207.543569 recvfrom(100, 0x7fc3986420, 3200, MSG_DONTWAIT, NULL, NULL) = -1 EAGAIN (Try again)
20892 1783913207.556313 recvfrom(100, "nysv\0\0\0\0\0\0\0\0\0\0\0\0\265\2003\243\247\1\0\0\215\247\1\0\0\0\0\0", 3200, MSG_DONTWAIT, NULL, NULL) = 32
20892 1783913207.556420 recvfrom(100, 0x7fc3986860, 3200, MSG_DONTWAIT, NULL, NULL) = -1 EAGAIN (Try again)
20892 1783913207.556503 recvfrom(114, 0x7d0fd84020, 2272, MSG_DONTWAIT, NULL, NULL) = -1 EAGAIN (Try again)
21004 1783913207.560045 sendmsg(177, {msg_name=NULL, msg_namelen=0, msg_iov=[{iov_base="l\1\1\1\374\0\0\0v\3\0\0\235\0\0\0\1\1o\0;\0\0\0/re/frid"..., iov_len=428}], msg_iovlen=1, msg_controllen=0, msg_flags=0}, MSG_NOSIGNAL) = 428
20892 1783913207.589864 recvfrom(100, 0x7fc3985d70, 3200, MSG_DONTWAIT, NULL, NULL) = -1 EAGAIN (Try again)
20892 1783913207.603760 recvfrom(100, "nysv\0\0\0\0\0\0\0\0\0\0\0\0\203\27/\246\247\1\0\0\220\247\1\0\0\0\0\0", 3200, MSG_DONTWAIT, NULL, NULL) = 32
20892 1783913207.603873 recvfrom(100, 0x7fc3986860, 3200, MSG_DONTWAIT, NULL, NULL) = -1 EAGAIN (Try again)
20892 1783913207.608911 recvfrom(100, 0x7fc3986760, 3200, MSG_DONTWAIT, NULL, NULL) = -1 EAGAIN (Try again)
21004 1783913207.609383 sendmsg(177, {msg_name=NULL, msg_namelen=0, msg_iov=[{iov_base="l\1\1\1\374\0\0\0w\3\0\0\235\0\0\0\1\1o\0;\0\0\0/re/frid"..., iov_len=428}], msg_iovlen=1, msg_controllen=0, msg_flags=0}, MSG_NOSIGNAL) = 428
20892 1783913207.619839 recvfrom(100, "nysv\0\0\0\0\0\0\0\0\0\0\0\0\v}-\247\247\1\0\0\221\247\1\0\0\0\0\0", 3200, MSG_DONTWAIT, NULL, NULL) = 32
20892 1783913207.619872 recvfrom(100, 0x7fc3986860, 3200, MSG_DONTWAIT, NULL, NULL) = -1 EAGAIN (Try again)
21004 1783913207.620319 sendmsg(177, {msg_name=NULL, msg_namelen=0, msg_iov=[{iov_base="l\1\1\1\374\0\0\0x\3\0\0\235\0\0\0\1\1o\0;\0\0\0/re/frid"..., iov_len=428}], msg_iovlen=1, msg_controllen=0, msg_flags=0}, MSG_NOSIGNAL) = 428
20892 1783913208.045310 recvfrom(100, 0x7fc3986420, 3200, MSG_DONTWAIT, NULL, NULL) = -1 EAGAIN (Try again)
20892 1783913208.055600 recvfrom(100, "nysv\0\0\0\0\0\0\0\0\0\0\0\0\241\345\0\301\247\1\0\0\253\247\1\0\0\0\0\0", 3200, MSG_DONTWAIT, NULL, NULL) = 32
20892 1783913208.055726 recvfrom(100, 0x7fc3986860, 3200, MSG_DONTWAIT, NULL, NULL) = -1 EAGAIN (Try again)
20892 1783913208.055899 recvfrom(114, 0x7d0fd84020, 2272, MSG_DONTWAIT, NULL, NULL) = -1 EAGAIN (Try again)
21004 1783913208.059857 sendmsg(177, {msg_name=NULL, msg_namelen=0, msg_iov=[{iov_base="l\1\1\1\374\0\0\0y\3\0\0\235\0\0\0\1\1o\0;\0\0\0/re/frid"..., iov_len=428}], msg_iovlen=1, msg_controllen=0, msg_flags=0}, MSG_NOSIGNAL) = 428
20892 1783913208.093142 recvfrom(100, 0x7fc3985d70, 3200, MSG_DONTWAIT, NULL, NULL) = -1 EAGAIN (Try again)
20892 1783913208.102761 recvfrom(100, "nysv\0\0\0\0\0\0\0\0\0\0\0\0\177\f\374\303\247\1\0\0\256\247\1\0\0\0\0\0", 3200, MSG_DONTWAIT, NULL, NULL) = 32
20892 1783913208.102795 recvfrom(100, 0x7fc3986860, 3200, MSG_DONTWAIT, NULL, NULL) = -1 EAGAIN (Try again)
20892 1783913208.110107 recvfrom(100, 0x7fc3986760, 3200, MSG_DONTWAIT, NULL, NULL) = -1 EAGAIN (Try again)
21004 1783913208.110687 sendmsg(177, {msg_name=NULL, msg_namelen=0, msg_iov=[{iov_base="l\1\1\1\374\0\0\0z\3\0\0\235\0\0\0\1\1o\0;\0\0\0/re/frid"..., iov_len=428}], msg_iovlen=1, msg_controllen=0, msg_flags=0}, MSG_NOSIGNAL) = 428
20892 1783913208.119971 recvfrom(100, "nysv\0\0\0\0\0\0\0\0\0\0\0\0\244b\372\304\247\1\0\0\257\247\1\0\0\0\0\0", 3200, MSG_DONTWAIT, NULL, NULL) = 32
20892 1783913208.119998 recvfrom(100, 0x7fc3986860, 3200, MSG_DONTWAIT, NULL, NULL) = -1 EAGAIN (Try again)
21004 1783913208.120420 sendmsg(177, {msg_name=NULL, msg_namelen=0, msg_iov=[{iov_base="l\1\1\1\374\0\0\0{\3\0\0\235\0\0\0\1\1o\0;\0\0\0/re/frid"..., iov_len=428}], msg_iovlen=1, msg_controllen=0, msg_flags=0}, MSG_NOSIGNAL) = 428
20892 1783913208.548790 recvfrom(100, 0x7fc3986420, 3200, MSG_DONTWAIT, NULL, NULL) = -1 EAGAIN (Try again)
20892 1783913208.557723 recvfrom(100, "nysv\0\0\0\0\0\0\0\0\0\0\0\0\215J\316\336\247\1\0\0\311\247\1\0\0\0\0\0", 3200, MSG_DONTWAIT, NULL, NULL) = 32
20892 1783913208.557848 recvfrom(100, 0x7fc3986860, 3200, MSG_DONTWAIT, NULL, NULL) = -1 EAGAIN (Try again)
20892 1783913208.557973 recvfrom(114, 0x7d0fd84020, 2272, MSG_DONTWAIT, NULL, NULL) = -1 EAGAIN (Try again)
21004 1783913208.562801 sendmsg(177, {msg_name=NULL, msg_namelen=0, msg_iov=[{iov_base="l\1\1\1\374\0\0\0|\3\0\0\235\0\0\0\1\1o\0;\0\0\0/re/frid"..., iov_len=428}], msg_iovlen=1, msg_controllen=0, msg_flags=0}, MSG_NOSIGNAL) = 428
20892 1783913208.596478 recvfrom(100, 0x7fc3985d70, 3200, MSG_DONTWAIT, NULL, NULL) = -1 EAGAIN (Try again)
20892 1783913208.606218 recvfrom(100, "nysv\0\0\0\0\0\0\0\0\0\0\0\0\v;\311\341\247\1\0\0\314\247\1\0\0\0\0\0", 3200, MSG_DONTWAIT, NULL, NULL) = 32
20892 1783913208.606264 recvfrom(100, 0x7fc3986860, 3200, MSG_DONTWAIT, NULL, NULL) = -1 EAGAIN (Try again)
20892 1783913208.607740 recvfrom(100, 0x7fc3986760, 3200, MSG_DONTWAIT, NULL, NULL) = -1 EAGAIN (Try again)
21004 1783913208.608297 sendmsg(177, {msg_name=NULL, msg_namelen=0, msg_iov=[{iov_base="l\1\1\1\374\0\0\0}\3\0\0\235\0\0\0\1\1o\0;\0\0\0/re/frid"..., iov_len=428}], msg_iovlen=1, msg_controllen=0, msg_flags=0}, MSG_NOSIGNAL) = 428
20892 1783913208.622211 recvfrom(100, "nysv\0\0\0\0\0\0\0\0\0\0\0\0005\213\307\342\247\1\0\0\315\247\1\0\0\0\0\0", 3200, MSG_DONTWAIT, NULL, NULL) = 32
20892 1783913208.622229 recvfrom(100, 0x7fc3986860, 3200, MSG_DONTWAIT, NULL, NULL) = -1 EAGAIN (Try again)
21004 1783913208.623012 sendmsg(177, {msg_name=NULL, msg_namelen=0, msg_iov=[{iov_base="l\1\1\1\374\0\0\0~\3\0\0\235\0\0\0\1\1o\0;\0\0\0/re/frid"..., iov_len=428}], msg_iovlen=1, msg_controllen=0, msg_flags=0}, MSG_NOSIGNAL) = 428
20892 1783913209.053662 recvfrom(100, 0x7fc3986420, 3200, MSG_DONTWAIT, NULL, NULL) = -1 EAGAIN (Try again)
20892 1783913209.069899 recvfrom(100, "nysv\0\0\0\0\0\0\0\0\0\0\0\0J'\232\375\247\1\0\0\350\247\1\0\0\0\0\0", 3200, MSG_DONTWAIT, NULL, NULL) = 32
20892 1783913209.070027 recvfrom(100, 0x7fc3986860, 3200, MSG_DONTWAIT, NULL, NULL) = -1 EAGAIN (Try again)
20892 1783913209.070192 recvfrom(114, 0x7d0fd84020, 2272, MSG_DONTWAIT, NULL, NULL) = -1 EAGAIN (Try again)
21004 1783913209.074980 sendmsg(177, {msg_name=NULL, msg_namelen=0, msg_iov=[{iov_base="l\1\1\1\374\0\0\0\177\3\0\0\235\0\0\0\1\1o\0;\0\0\0/re/frid"..., iov_len=428}], msg_iovlen=1, msg_controllen=0, msg_flags=0}, MSG_NOSIGNAL) = 428
20892 1783913209.107382 recvfrom(100, 0x7fc3985d70, 3200, MSG_DONTWAIT, NULL, NULL) = -1 EAGAIN (Try again)
20892 1783913209.120368 recvfrom(100, "nysv\0\0\0\0\0\0\0\0\0\0\0\0\372\215\225\0\250\1\0\0\353\247\1\0\0\0\0\0", 3200, MSG_DONTWAIT, NULL, NULL) = 32
20892 1783913209.120403 recvfrom(100, 0x7fc3986860, 3200, MSG_DONTWAIT, NULL, NULL) = -1 EAGAIN (Try again)
20892 1783913209.127308 recvfrom(100, 0x7fc3986760, 3200, MSG_DONTWAIT, NULL, NULL) = -1 EAGAIN (Try again)
21004 1783913209.128049 sendmsg(177, {msg_name=NULL, msg_namelen=0, msg_iov=[{iov_base="l\1\1\1\374\0\0\0\200\3\0\0\235\0\0\0\1\1o\0;\0\0\0/re/frid"..., iov_len=428}], msg_iovlen=1, msg_controllen=0, msg_flags=0}, MSG_NOSIGNAL) = 428
20892 1783913209.135426 recvfrom(100, "nysv\0\0\0\0\0\0\0\0\0\0\0\0000/\224\1\250\1\0\0\354\247\1\0\0\0\0\0", 3200, MSG_DONTWAIT, NULL, NULL) = 32
20892 1783913209.135456 recvfrom(100, 0x7fc3986860, 3200, MSG_DONTWAIT, NULL, NULL) = -1 EAGAIN (Try again)
21004 1783913209.135896 sendmsg(177, {msg_name=NULL, msg_namelen=0, msg_iov=[{iov_base="l\1\1\1\374\0\0\0\201\3\0\0\235\0\0\0\1\1o\0;\0\0\0/re/frid"..., iov_len=428}], msg_iovlen=1, msg_controllen=0, msg_flags=0}, MSG_NOSIGNAL) = 428
20892 1783913209.555803 recvfrom(100, 0x7fc3986420, 3200, MSG_DONTWAIT, NULL, NULL) = -1 EAGAIN (Try again)
20892 1783913209.573907 recvfrom(100, "nysv\0\0\0\0\0\0\0\0\0\0\0\0\217dg\33\250\1\0\0\6\250\1\0\0\0\0\0", 3200, MSG_DONTWAIT, NULL, NULL) = 32
20892 1783913209.574034 recvfrom(100, 0x7fc3986860, 3200, MSG_DONTWAIT, NULL, NULL) = -1 EAGAIN (Try again)
20892 1783913209.574163 recvfrom(114, 0x7d0fd84020, 2272, MSG_DONTWAIT, NULL, NULL) = -1 EAGAIN (Try again)
21004 1783913209.578576 sendmsg(177, {msg_name=NULL, msg_namelen=0, msg_iov=[{iov_base="l\1\1\1\374\0\0\0\202\3\0\0\235\0\0\0\1\1o\0;\0\0\0/re/frid"..., iov_len=428}], msg_iovlen=1, msg_controllen=0, msg_flags=0}, MSG_NOSIGNAL) = 428
20892 1783913209.611623 recvfrom(100, 0x7fc3985d70, 3200, MSG_DONTWAIT, NULL, NULL) = -1 EAGAIN (Try again)
20892 1783913209.620843 recvfrom(100, "nysv\0\0\0\0\0\0\0\0\0\0\0\0\rUb\36\250\1\0\0\t\250\1\0\0\0\0\0", 3200, MSG_DONTWAIT, NULL, NULL) = 32
20892 1783913209.620883 recvfrom(100, 0x7fc3986860, 3200, MSG_DONTWAIT, NULL, NULL) = -1 EAGAIN (Try again)
20892 1783913209.622758 recvfrom(100, 0x7fc3986760, 3200, MSG_DONTWAIT, NULL, NULL) = -1 EAGAIN (Try again)
21004 1783913209.623619 sendmsg(177, {msg_name=NULL, msg_namelen=0, msg_iov=[{iov_base="l\1\1\1\374\0\0\0\203\3\0\0\235\0\0\0\1\1o\0;\0\0\0/re/frid"..., iov_len=428}], msg_iovlen=1, msg_controllen=0, msg_flags=0}, MSG_NOSIGNAL) = 428
20892 1783913209.640586 recvfrom(100, "nysv\0\0\0\0\0\0\0\0\0\0\0\0007\245`\37\250\1\0\0\n\250\1\0\0\0\0\0", 3200, MSG_DONTWAIT, NULL, NULL) = 32
20892 1783913209.640609 recvfrom(100, 0x7fc3986860, 3200, MSG_DONTWAIT, NULL, NULL) = -1 EAGAIN (Try again)
21004 1783913209.641624 sendmsg(177, {msg_name=NULL, msg_namelen=0, msg_iov=[{iov_base="l\1\1\1\374\0\0\0\204\3\0\0\235\0\0\0\1\1o\0;\0\0\0/re/frid"..., iov_len=428}], msg_iovlen=1, msg_controllen=0, msg_flags=0}, MSG_NOSIGNAL) = 428
20892 1783913210.056599 recvfrom(100, 0x7fc3986420, 3200, MSG_DONTWAIT, NULL, NULL) = -1 EAGAIN (Try again)
20892 1783913210.073711 recvfrom(100, "nysv\0\0\0\0\0\0\0\0\0\0\0\0{\31149\250\1\0\0$\250\1\0\0\0\0\0", 3200, MSG_DONTWAIT, NULL, NULL) = 32
20892 1783913210.073742 recvfrom(100, 0x7fc3986860, 3200, MSG_DONTWAIT, NULL, NULL) = -1 EAGAIN (Try again)
20892 1783913210.073769 recvfrom(114, 0x7d0fd84020, 2272, MSG_DONTWAIT, NULL, NULL) = -1 EAGAIN (Try again)
21004 1783913210.076345 sendmsg(177, {msg_name=NULL, msg_namelen=0, msg_iov=[{iov_base="l\1\1\1\374\0\0\0\205\3\0\0\235\0\0\0\1\1o\0;\0\0\0/re/frid"..., iov_len=428}], msg_iovlen=1, msg_controllen=0, msg_flags=0}, MSG_NOSIGNAL) = 428
20892 1783913210.100687 recvfrom(100, 0x7fc3985d70, 3200, MSG_DONTWAIT, NULL, NULL) = -1 EAGAIN (Try again)
20892 1783913210.102422 recvfrom(100, "nysv\0\0\0\0\0\0\0\0\0\0\0\0004\2531;\250\1\0\0&\250\1\0\0\0\0\0", 3200, MSG_DONTWAIT, NULL, NULL) = 32
20892 1783913210.102450 recvfrom(100, 0x7fc3986860, 3200, MSG_DONTWAIT, NULL, NULL) = -1 EAGAIN (Try again)
20892 1783913210.104117 recvfrom(100, 0x7fc3986760, 3200, MSG_DONTWAIT, NULL, NULL) = -1 EAGAIN (Try again)
21004 1783913210.104722 sendmsg(177, {msg_name=NULL, msg_namelen=0, msg_iov=[{iov_base="l\1\1\1\374\0\0\0\206\3\0\0\235\0\0\0\1\1o\0;\0\0\0/re/frid"..., iov_len=428}], msg_iovlen=1, msg_controllen=0, msg_flags=0}, MSG_NOSIGNAL) = 428
20892 1783913210.120682 recvfrom(100, "nysv\0\0\0\0\0\0\0\0\0\0\0\0\235\364/<\250\1\0\0'\250\1\0\0\0\0\0", 3200, MSG_DONTWAIT, NULL, NULL) = 32
20892 1783913210.120705 recvfrom(100, 0x7fc3986860, 3200, MSG_DONTWAIT, NULL, NULL) = -1 EAGAIN (Try again)
21004 1783913210.121112 sendmsg(177, {msg_name=NULL, msg_namelen=0, msg_iov=[{iov_base="l\1\1\1\374\0\0\0\207\3\0\0\235\0\0\0\1\1o\0;\0\0\0/re/frid"..., iov_len=428}], msg_iovlen=1, msg_controllen=0, msg_flags=0}, MSG_NOSIGNAL) = 428
20892 1783913210.558149 recvfrom(100, 0x7fc3986420, 3200, MSG_DONTWAIT, NULL, NULL) = -1 EAGAIN (Try again)
20892 1783913210.572880 recvfrom(100, "nysv\0\0\0\0\0\0\0\0\0\0\0\0g.\2W\250\1\0\0B\250\1\0\0\0\0\0", 3200, MSG_DONTWAIT, NULL, NULL) = 32
20892 1783913210.573015 recvfrom(100, 0x7fc3986860, 3200, MSG_DONTWAIT, NULL, NULL) = -1 EAGAIN (Try again)
20892 1783913210.573184 recvfrom(114, 0x7d0fd84020, 2272, MSG_DONTWAIT, NULL, NULL) = -1 EAGAIN (Try again)
21004 1783913210.577382 sendmsg(177, {msg_name=NULL, msg_namelen=0, msg_iov=[{iov_base="l\1\1\1\374\0\0\0\210\3\0\0\235\0\0\0\1\1o\0;\0\0\0/re/frid"..., iov_len=428}], msg_iovlen=1, msg_controllen=0, msg_flags=0}, MSG_NOSIGNAL) = 428
20892 1783913210.606806 recvfrom(100, 0x7fc3985d70, 3200, MSG_DONTWAIT, NULL, NULL) = -1 EAGAIN (Try again)
20892 1783913210.619493 recvfrom(100, "nysv\0\0\0\0\0\0\0\0\0\0\0\0\0\243\375Y\250\1\0\0E\250\1\0\0\0\0\0", 3200, MSG_DONTWAIT, NULL, NULL) = 32
20892 1783913210.619524 recvfrom(100, 0x7fc3986860, 3200, MSG_DONTWAIT, NULL, NULL) = -1 EAGAIN (Try again)
20892 1783913210.626850 recvfrom(100, 0x7fc3986760, 3200, MSG_DONTWAIT, NULL, NULL) = -1 EAGAIN (Try again)
21004 1783913210.627424 sendmsg(177, {msg_name=NULL, msg_namelen=0, msg_iov=[{iov_base="l\1\1\1\374\0\0\0\211\3\0\0\235\0\0\0\1\1o\0;\0\0\0/re/frid"..., iov_len=428}], msg_iovlen=1, msg_controllen=0, msg_flags=0}, MSG_NOSIGNAL) = 428
20892 1783913210.636545 recvfrom(100, "nysv\0\0\0\0\0\0\0\0\0\0\0\0\27\374\373Z\250\1\0\0F\250\1\0\0\0\0\0", 3200, MSG_DONTWAIT, NULL, NULL) = 32
20892 1783913210.636565 recvfrom(100, 0x7fc3986860, 3200, MSG_DONTWAIT, NULL, NULL) = -1 EAGAIN (Try again)
21004 1783913210.636881 sendmsg(177, {msg_name=NULL, msg_namelen=0, msg_iov=[{iov_base="l\1\1\1\374\0\0\0\212\3\0\0\235\0\0\0\1\1o\0;\0\0\0/re/frid"..., iov_len=428}], msg_iovlen=1, msg_controllen=0, msg_flags=0}, MSG_NOSIGNAL) = 428
20892 1783913211.059203 recvfrom(100, 0x7fc3986420, 3200, MSG_DONTWAIT, NULL, NULL) = -1 EAGAIN (Try again)
20892 1783913211.071478 recvfrom(100, "nysv\0\0\0\0\0\0\0\0\0\0\0\0S\223\317t\250\1\0\0`\250\1\0\0\0\0\0", 3200, MSG_DONTWAIT, NULL, NULL) = 32
20892 1783913211.071582 recvfrom(100, 0x7fc3986860, 3200, MSG_DONTWAIT, NULL, NULL) = -1 EAGAIN (Try again)
20892 1783913211.071686 recvfrom(114, 0x7d0fd84020, 2272, MSG_DONTWAIT, NULL, NULL) = -1 EAGAIN (Try again)
21004 1783913211.075986 sendmsg(177, {msg_name=NULL, msg_namelen=0, msg_iov=[{iov_base="l\1\1\1\374\0\0\0\213\3\0\0\235\0\0\0\1\1o\0;\0\0\0/re/frid"..., iov_len=428}], msg_iovlen=1, msg_controllen=0, msg_flags=0}, MSG_NOSIGNAL) = 428
20892 1783913211.113734 recvfrom(100, 0x7fc3985d70, 3200, MSG_DONTWAIT, NULL, NULL) = -1 EAGAIN (Try again)
20892 1783913211.120187 recvfrom(100, "nysv\0\0\0\0\0\0\0\0\0\0\0\0\376\n\313w\250\1\0\0c\250\1\0\0\0\0\0", 3200, MSG_DONTWAIT, NULL, NULL) = 32
20892 1783913211.120301 recvfrom(100, 0x7fc3986860, 3200, MSG_DONTWAIT, NULL, NULL) = -1 EAGAIN (Try again)
20892 1783913211.122335 recvfrom(100, 0x7fc3986760, 3200, MSG_DONTWAIT, NULL, NULL) = -1 EAGAIN (Try again)
21004 1783913211.123141 sendmsg(177, {msg_name=NULL, msg_namelen=0, msg_iov=[{iov_base="l\1\1\1\374\0\0\0\214\3\0\0\235\0\0\0\1\1o\0;\0\0\0/re/frid"..., iov_len=428}], msg_iovlen=1, msg_controllen=0, msg_flags=0}, MSG_NOSIGNAL) = 428
20892 1783913211.136250 recvfrom(100, "nysv\0\0\0\0\0\0\0\0\0\0\0\0001\217\311x\250\1\0\0d\250\1\0\0\0\0\0", 3200, MSG_DONTWAIT, NULL, NULL) = 32
20892 1783913211.136276 recvfrom(100, 0x7fc3986860, 3200, MSG_DONTWAIT, NULL, NULL) = -1 EAGAIN (Try again)
21004 1783913211.136646 sendmsg(177, {msg_name=NULL, msg_namelen=0, msg_iov=[{iov_base="l\1\1\1\374\0\0\0\215\3\0\0\235\0\0\0\1\1o\0;\0\0\0/re/frid"..., iov_len=428}], msg_iovlen=1, msg_controllen=0, msg_flags=0}, MSG_NOSIGNAL) = 428
20892 1783913211.560210 recvfrom(100, 0x7fc3986420, 3200, MSG_DONTWAIT, NULL, NULL) = -1 EAGAIN (Try again)
20892 1783913211.569113 recvfrom(100, "nysv\0\0\0\0\0\0\0\0\0\0\0\0]=\235\222\250\1\0\0~\250\1\0\0\0\0\0", 3200, MSG_DONTWAIT, NULL, NULL) = 32
20892 1783913211.569201 recvfrom(100, 0x7fc3986860, 3200, MSG_DONTWAIT, NULL, NULL) = -1 EAGAIN (Try again)
20892 1783913211.569314 recvfrom(114, 0x7d0fd84020, 2272, MSG_DONTWAIT, NULL, NULL) = -1 EAGAIN (Try again)
21004 1783913211.573189 sendmsg(177, {msg_name=NULL, msg_namelen=0, msg_iov=[{iov_base="l\1\1\1\374\0\0\0\216\3\0\0\235\0\0\0\1\1o\0;\0\0\0/re/frid"..., iov_len=428}], msg_iovlen=1, msg_controllen=0, msg_flags=0}, MSG_NOSIGNAL) = 428
20892 1783913211.605772 recvfrom(100, 0x7fc3985d70, 3200, MSG_DONTWAIT, NULL, NULL) = -1 EAGAIN (Try again)
20892 1783913211.619971 recvfrom(100, "nysv\0\0\0\0\0\0\0\0\0\0\0\0\r\341\230\225\250\1\0\0\201\250\1\0\0\0\0\0", 3200, MSG_DONTWAIT, NULL, NULL) = 32
20892 1783913211.620005 recvfrom(100, 0x7fc3986860, 3200, MSG_DONTWAIT, NULL, NULL) = -1 EAGAIN (Try again)
20892 1783913211.623598 recvfrom(100, 0x7fc3986760, 3200, MSG_DONTWAIT, NULL, NULL) = -1 EAGAIN (Try again)
21004 1783913211.624412 sendmsg(177, {msg_name=NULL, msg_namelen=0, msg_iov=[{iov_base="l\1\1\1\374\0\0\0\217\3\0\0\235\0\0\0\1\1o\0;\0\0\0/re/frid"..., iov_len=428}], msg_iovlen=1, msg_controllen=0, msg_flags=0}, MSG_NOSIGNAL) = 428
20892 1783913211.636169 recvfrom(100, "nysv\0\0\0\0\0\0\0\0\0\0\0\0,S\227\226\250\1\0\0\202\250\1\0\0\0\0\0", 3200, MSG_DONTWAIT, NULL, NULL) = 32
20892 1783913211.636196 recvfrom(100, 0x7fc3986860, 3200, MSG_DONTWAIT, NULL, NULL) = -1 EAGAIN (Try again)
21004 1783913211.636633 sendmsg(177, {msg_name=NULL, msg_namelen=0, msg_iov=[{iov_base="l\1\1\1\374\0\0\0\220\3\0\0\235\0\0\0\1\1o\0;\0\0\0/re/frid"..., iov_len=428}], msg_iovlen=1, msg_controllen=0, msg_flags=0}, MSG_NOSIGNAL) = 428
20892 1783913212.065318 recvfrom(100, 0x7fc3986420, 3200, MSG_DONTWAIT, NULL, NULL) = -1 EAGAIN (Try again)
20892 1783913212.070658 recvfrom(100, "nysv\0\0\0\0\0\0\0\0\0\0\0\0\363\247j\260\250\1\0\0\234\250\1\0\0\0\0\0", 3200, MSG_DONTWAIT, NULL, NULL) = 32
20892 1783913212.070780 recvfrom(100, 0x7fc3986860, 3200, MSG_DONTWAIT, NULL, NULL) = -1 EAGAIN (Try again)
20892 1783913212.070907 recvfrom(114, 0x7d0fd84020, 2272, MSG_DONTWAIT, NULL, NULL) = -1 EAGAIN (Try again)
21004 1783913212.074388 sendmsg(177, {msg_name=NULL, msg_namelen=0, msg_iov=[{iov_base="l\1\1\1\374\0\0\0\221\3\0\0\235\0\0\0\1\1o\0;\0\0\0/re/frid"..., iov_len=428}], msg_iovlen=1, msg_controllen=0, msg_flags=0}, MSG_NOSIGNAL) = 428
20892 1783913212.107294 recvfrom(100, 0x7fc3985d70, 3200, MSG_DONTWAIT, NULL, NULL) = -1 EAGAIN (Try again)
20892 1783913212.119250 recvfrom(100, "nysv\0\0\0\0\0\0\0\0\0\0\0\0006\nf\263\250\1\0\0\237\250\1\0\0\0\0\0", 3200, MSG_DONTWAIT, NULL, NULL) = 32
20892 1783913212.119852 recvfrom(100, 0x7fc3986860, 3200, MSG_DONTWAIT, NULL, NULL) = -1 EAGAIN (Try again)
20892 1783913212.126758 recvfrom(100, 0x7fc3986760, 3200, MSG_DONTWAIT, NULL, NULL) = -1 EAGAIN (Try again)
21004 1783913212.127362 sendmsg(177, {msg_name=NULL, msg_namelen=0, msg_iov=[{iov_base="l\1\1\1\374\0\0\0\222\3\0\0\235\0\0\0\1\1o\0;\0\0\0/re/frid"..., iov_len=428}], msg_iovlen=1, msg_controllen=0, msg_flags=0}, MSG_NOSIGNAL) = 428
20892 1783913212.135712 recvfrom(100, "nysv\0\0\0\0\0\0\0\0\0\0\0\0~\230d\264\250\1\0\0\240\250\1\0\0\0\0\0", 3200, MSG_DONTWAIT, NULL, NULL) = 32
20892 1783913212.135744 recvfrom(100, 0x7fc3986860, 3200, MSG_DONTWAIT, NULL, NULL) = -1 EAGAIN (Try again)
21004 1783913212.136176 sendmsg(177, {msg_name=NULL, msg_namelen=0, msg_iov=[{iov_base="l\1\1\1\374\0\0\0\223\3\0\0\235\0\0\0\1\1o\0;\0\0\0/re/frid"..., iov_len=428}], msg_iovlen=1, msg_controllen=0, msg_flags=0}, MSG_NOSIGNAL) = 428
20892 1783913212.567747 recvfrom(100, 0x7fc3986420, 3200, MSG_DONTWAIT, NULL, NULL) = -1 EAGAIN (Try again)
20892 1783913212.568634 recvfrom(100, "nysv\0\0\0\0\0\0\0\0\0\0\0\0\245#8\316\250\1\0\0\272\250\1\0\0\0\0\0", 3200, MSG_DONTWAIT, NULL, NULL) = 32
20892 1783913212.568662 recvfrom(100, 0x7fc3986860, 3200, MSG_DONTWAIT, NULL, NULL) = -1 EAGAIN (Try again)
20892 1783913212.568689 recvfrom(114, 0x7d0fd84020, 2272, MSG_DONTWAIT, NULL, NULL) = -1 EAGAIN (Try again)
21004 1783913212.570253 sendmsg(177, {msg_name=NULL, msg_namelen=0, msg_iov=[{iov_base="l\1\1\1\374\0\0\0\224\3\0\0\235\0\0\0\1\1o\0;\0\0\0/re/frid"..., iov_len=428}], msg_iovlen=1, msg_controllen=0, msg_flags=0}, MSG_NOSIGNAL) = 428
20892 1783913212.594972 recvfrom(100, 0x7fc3985d70, 3200, MSG_DONTWAIT, NULL, NULL) = -1 EAGAIN (Try again)
20892 1783913212.602402 recvfrom(100, "nysv\0\0\0\0\0\0\0\0\0\0\0\0\316`5\320\250\1\0\0\274\250\1\0\0\0\0\0", 3200, MSG_DONTWAIT, NULL, NULL) = 32
20892 1783913212.602520 recvfrom(100, 0x7fc3986860, 3200, MSG_DONTWAIT, NULL, NULL) = -1 EAGAIN (Try again)
20892 1783913212.604249 recvfrom(100, 0x7fc3986760, 3200, MSG_DONTWAIT, NULL, NULL) = -1 EAGAIN (Try again)
21004 1783913212.604793 sendmsg(177, {msg_name=NULL, msg_namelen=0, msg_iov=[{iov_base="l\1\1\1\374\0\0\0\225\3\0\0\235\0\0\0\1\1o\0;\0\0\0/re/frid"..., iov_len=428}], msg_iovlen=1, msg_controllen=0, msg_flags=0}, MSG_NOSIGNAL) = 428
20892 1783913212.621886 recvfrom(100, "nysv\0\0\0\0\0\0\0\0\0\0\0\0\16D3\321\250\1\0\0\275\250\1\0\0\0\0\0", 3200, MSG_DONTWAIT, NULL, NULL) = 32
20892 1783913212.621906 recvfrom(100, 0x7fc3986860, 3200, MSG_DONTWAIT, NULL, NULL) = -1 EAGAIN (Try again)
21004 1783913212.622765 sendmsg(177, {msg_name=NULL, msg_namelen=0, msg_iov=[{iov_base="l\1\1\1\374\0\0\0\226\3\0\0\235\0\0\0\1\1o\0;\0\0\0/re/frid"..., iov_len=428}], msg_iovlen=1, msg_controllen=0, msg_flags=0}, MSG_NOSIGNAL) = 428
20892 1783913213.068899 recvfrom(100, 0x7fc3986420, 3200, MSG_DONTWAIT, NULL, NULL) = -1 EAGAIN (Try again)
20892 1783913213.092076 recvfrom(100, "nysv\0\0\0\0\0\0\0\0\0\0\0\0-w\3\355\250\1\0\0\331\250\1\0\0\0\0\0", 3200, MSG_DONTWAIT, NULL, NULL) = 32
20892 1783913213.092200 recvfrom(100, 0x7fc3986860, 3200, MSG_DONTWAIT, NULL, NULL) = -1 EAGAIN (Try again)
20892 1783913213.092366 recvfrom(114, 0x7d0fd84020, 2272, MSG_DONTWAIT, NULL, NULL) = -1 EAGAIN (Try again)
21004 1783913213.096110 sendmsg(177, {msg_name=NULL, msg_namelen=0, msg_iov=[{iov_base="l\1\1\1\374\0\0\0\227\3\0\0\235\0\0\0\1\1o\0;\0\0\0/re/frid"..., iov_len=428}], msg_iovlen=1, msg_controllen=0, msg_flags=0}, MSG_NOSIGNAL) = 428
20892 1783913213.131441 recvfrom(100, 0x7fc3985d70, 3200, MSG_DONTWAIT, NULL, NULL) = -1 EAGAIN (Try again)
20892 1783913213.135957 recvfrom(100, "nysv\0\0\0\0\0\0\0\0\0\0\0\0<\363\376\357\250\1\0\0\334\250\1\0\0\0\0\0", 3200, MSG_DONTWAIT, NULL, NULL) = 32
20892 1783913213.136010 recvfrom(100, 0x7fc3986860, 3200, MSG_DONTWAIT, NULL, NULL) = -1 EAGAIN (Try again)
20892 1783913213.139175 recvfrom(100, 0x7fc3986760, 3200, MSG_DONTWAIT, NULL, NULL) = -1 EAGAIN (Try again)
21004 1783913213.139934 sendmsg(177, {msg_name=NULL, msg_namelen=0, msg_iov=[{iov_base="l\1\1\1\374\0\0\0\230\3\0\0\235\0\0\0\1\1o\0;\0\0\0/re/frid"..., iov_len=428}], msg_iovlen=1, msg_controllen=0, msg_flags=0}, MSG_NOSIGNAL) = 428
20892 1783913213.157236 recvfrom(100, "nysv\0\0\0\0\0\0\0\0\0\0\0\0\325\267\374\360\250\1\0\0\335\250\1\0\0\0\0\0", 3200, MSG_DONTWAIT, NULL, NULL) = 32
20892 1783913213.157401 recvfrom(100, 0x7fc3986860, 3200, MSG_DONTWAIT, NULL, NULL) = -1 EAGAIN (Try again)
21004 1783913213.157863 sendmsg(177, {msg_name=NULL, msg_namelen=0, msg_iov=[{iov_base="l\1\1\1\374\0\0\0\231\3\0\0\235\0\0\0\1\1o\0;\0\0\0/re/frid"..., iov_len=428}], msg_iovlen=1, msg_controllen=0, msg_flags=0}, MSG_NOSIGNAL) = 428
20892 1783913213.570942 recvfrom(100, 0x7fc3986420, 3200, MSG_DONTWAIT, NULL, NULL) = -1 EAGAIN (Try again)
20892 1783913213.589658 recvfrom(100, "nysv\0\0\0\0\0\0\0\0\0\0\0\0\31\334\320\n\251\1\0\0\367\250\1\0\0\0\0\0", 3200, MSG_DONTWAIT, NULL, NULL) = 32
20892 1783913213.589775 recvfrom(100, 0x7fc3986860, 3200, MSG_DONTWAIT, NULL, NULL) = -1 EAGAIN (Try again)
20892 1783913213.589902 recvfrom(114, 0x7d0fd84020, 2272, MSG_DONTWAIT, NULL, NULL) = -1 EAGAIN (Try again)
21004 1783913213.594650 sendmsg(177, {msg_name=NULL, msg_namelen=0, msg_iov=[{iov_base="l\1\1\1\374\0\0\0\232\3\0\0\235\0\0\0\1\1o\0;\0\0\0/re/frid"..., iov_len=428}], msg_iovlen=1, msg_controllen=0, msg_flags=0}, MSG_NOSIGNAL) = 428
20892 1783913213.629980 recvfrom(100, 0x7fc3985d70, 3200, MSG_DONTWAIT, NULL, NULL) = -1 EAGAIN (Try again)
20892 1783913213.635949 recvfrom(100, "nysv\0\0\0\0\0\0\0\0\0\0\0\0\0353\314\r\251\1\0\0\372\250\1\0\0\0\0\0", 3200, MSG_DONTWAIT, NULL, NULL) = 32
20892 1783913213.635988 recvfrom(100, 0x7fc3986860, 3200, MSG_DONTWAIT, NULL, NULL) = -1 EAGAIN (Try again)
20892 1783913213.639045 recvfrom(100, 0x7fc3986760, 3200, MSG_DONTWAIT, NULL, NULL) = -1 EAGAIN (Try again)
21004 1783913213.639707 sendmsg(177, {msg_name=NULL, msg_namelen=0, msg_iov=[{iov_base="l\1\1\1\374\0\0\0\233\3\0\0\235\0\0\0\1\1o\0;\0\0\0/re/frid"..., iov_len=428}], msg_iovlen=1, msg_controllen=0, msg_flags=0}, MSG_NOSIGNAL) = 428
20892 1783913213.653315 recvfrom(100, "nysv\0\0\0\0\0\0\0\0\0\0\0\0\f\213\312\16\251\1\0\0\373\250\1\0\0\0\0\0", 3200, MSG_DONTWAIT, NULL, NULL) = 32
20892 1783913213.653333 recvfrom(100, 0x7fc3986860, 3200, MSG_DONTWAIT, NULL, NULL) = -1 EAGAIN (Try again)
21004 1783913213.654139 sendmsg(177, {msg_name=NULL, msg_namelen=0, msg_iov=[{iov_base="l\1\1\1\374\0\0\0\234\3\0\0\235\0\0\0\1\1o\0;\0\0\0/re/frid"..., iov_len=428}], msg_iovlen=1, msg_controllen=0, msg_flags=0}, MSG_NOSIGNAL) = 428
20892 1783913214.072540 recvfrom(100, 0x7fc3986420, 3200, MSG_DONTWAIT, NULL, NULL) = -1 EAGAIN (Try again)
20892 1783913214.086274 recvfrom(100, "nysv\0\0\0\0\0\0\0\0\0\0\0\0\246h\236(\251\1\0\0\25\251\1\0\0\0\0\0", 3200, MSG_DONTWAIT, NULL, NULL) = 32
20892 1783913214.086380 recvfrom(100, 0x7fc3986860, 3200, MSG_DONTWAIT, NULL, NULL) = -1 EAGAIN (Try again)
20892 1783913214.086593 recvfrom(114, 0x7d0fd84020, 2272, MSG_DONTWAIT, NULL, NULL) = -1 EAGAIN (Try again)
21004 1783913214.091087 sendmsg(177, {msg_name=NULL, msg_namelen=0, msg_iov=[{iov_base="l\1\1\1\374\0\0\0\235\3\0\0\235\0\0\0\1\1o\0;\0\0\0/re/frid"..., iov_len=428}], msg_iovlen=1, msg_controllen=0, msg_flags=0}, MSG_NOSIGNAL) = 428
20892 1783913214.123940 recvfrom(100, 0x7fc3985d70, 3200, MSG_DONTWAIT, NULL, NULL) = -1 EAGAIN (Try again)
20892 1783913214.136922 recvfrom(100, "nysv\0\0\0\0\0\0\0\0\0\0\0\0\201\177\231+\251\1\0\0\30\251\1\0\0\0\0\0", 3200, MSG_DONTWAIT, NULL, NULL) = 32
20892 1783913214.137086 recvfrom(100, 0x7fc3986860, 3200, MSG_DONTWAIT, NULL, NULL) = -1 EAGAIN (Try again)
20892 1783913214.143988 recvfrom(100, 0x7fc3986760, 3200, MSG_DONTWAIT, NULL, NULL) = -1 EAGAIN (Try again)
21004 1783913214.144618 sendmsg(177, {msg_name=NULL, msg_namelen=0, msg_iov=[{iov_base="l\1\1\1\374\0\0\0\236\3\0\0\235\0\0\0\1\1o\0;\0\0\0/re/frid"..., iov_len=428}], msg_iovlen=1, msg_controllen=0, msg_flags=0}, MSG_NOSIGNAL) = 428
20892 1783913214.152692 recvfrom(100, "nysv\0\0\0\0\0\0\0\0\0\0\0\0\263\373\227,\251\1\0\0\31\251\1\0\0\0\0\0", 3200, MSG_DONTWAIT, NULL, NULL) = 32
20892 1783913214.152720 recvfrom(100, 0x7fc3986860, 3200, MSG_DONTWAIT, NULL, NULL) = -1 EAGAIN (Try again)
21004 1783913214.153185 sendmsg(177, {msg_name=NULL, msg_namelen=0, msg_iov=[{iov_base="l\1\1\1\374\0\0\0\237\3\0\0\235\0\0\0\1\1o\0;\0\0\0/re/frid"..., iov_len=428}], msg_iovlen=1, msg_controllen=0, msg_flags=0}, MSG_NOSIGNAL) = 428
20892 1783913214.575316 recvfrom(100, 0x7fc3986420, 3200, MSG_DONTWAIT, NULL, NULL) = -1 EAGAIN (Try again)
20892 1783913214.587359 recvfrom(100, "nysv\0\0\0\0\0\0\0\0\0\0\0\0\253\350kF\251\1\0\0002\251\1\0\0\0\0\0", 3200, MSG_DONTWAIT, NULL, NULL) = 32
20892 1783913214.587479 recvfrom(100, 0x7fc3986860, 3200, MSG_DONTWAIT, NULL, NULL) = -1 EAGAIN (Try again)
20892 1783913214.587602 recvfrom(114, 0x7d0fd84020, 2272, MSG_DONTWAIT, NULL, NULL) = -1 EAGAIN (Try again)
21004 1783913214.591688 sendmsg(177, {msg_name=NULL, msg_namelen=0, msg_iov=[{iov_base="l\1\1\1\374\0\0\0\240\3\0\0\235\0\0\0\1\1o\0;\0\0\0/re/frid"..., iov_len=428}], msg_iovlen=1, msg_controllen=0, msg_flags=0}, MSG_NOSIGNAL) = 428
20892 1783913214.621719 recvfrom(100, 0x7fc3985d70, 3200, MSG_DONTWAIT, NULL, NULL) = -1 EAGAIN (Try again)
20892 1783913214.636812 recvfrom(100, "nysv\0\0\0\0\0\0\0\0\0\0\0\08}gI\251\1\0\0005\251\1\0\0\0\0\0", 3200, MSG_DONTWAIT, NULL, NULL) = 32
20892 1783913214.636849 recvfrom(100, 0x7fc3986860, 3200, MSG_DONTWAIT, NULL, NULL) = -1 EAGAIN (Try again)
20892 1783913214.641960 recvfrom(100, 0x7fc3986760, 3200, MSG_DONTWAIT, NULL, NULL) = -1 EAGAIN (Try again)
21004 1783913214.643062 sendmsg(177, {msg_name=NULL, msg_namelen=0, msg_iov=[{iov_base="l\1\1\1\374\0\0\0\241\3\0\0\235\0\0\0\1\1o\0;\0\0\0/re/frid"..., iov_len=428}], msg_iovlen=1, msg_controllen=0, msg_flags=0}, MSG_NOSIGNAL) = 428
20892 1783913214.652749 recvfrom(100, "nysv\0\0\0\0\0\0\0\0\0\0\0\0b\315eJ\251\1\0\0006\251\1\0\0\0\0\0", 3200, MSG_DONTWAIT, NULL, NULL) = 32
20892 1783913214.652793 recvfrom(100, 0x7fc3986860, 3200, MSG_DONTWAIT, NULL, NULL) = -1 EAGAIN (Try again)
21004 1783913214.653293 sendmsg(177, {msg_name=NULL, msg_namelen=0, msg_iov=[{iov_base="l\1\1\1\374\0\0\0\242\3\0\0\235\0\0\0\1\1o\0;\0\0\0/re/frid"..., iov_len=428}], msg_iovlen=1, msg_controllen=0, msg_flags=0}, MSG_NOSIGNAL) = 428
20892 1783913215.079210 recvfrom(100, 0x7fc3986420, 3200, MSG_DONTWAIT, NULL, NULL) = -1 EAGAIN (Try again)
20892 1783913215.089028 recvfrom(100, "nysv\0\0\0\0\0\0\0\0\0\0\0\0\255<9d\251\1\0\0P\251\1\0\0\0\0\0", 3200, MSG_DONTWAIT, NULL, NULL) = 32
20892 1783913215.089069 recvfrom(100, 0x7fc3986860, 3200, MSG_DONTWAIT, NULL, NULL) = -1 EAGAIN (Try again)
20892 1783913215.089107 recvfrom(114, 0x7d0fd84020, 2272, MSG_DONTWAIT, NULL, NULL) = -1 EAGAIN (Try again)
21004 1783913215.091044 sendmsg(177, {msg_name=NULL, msg_namelen=0, msg_iov=[{iov_base="l\1\1\1\374\0\0\0\243\3\0\0\235\0\0\0\1\1o\0;\0\0\0/re/frid"..., iov_len=428}], msg_iovlen=1, msg_controllen=0, msg_flags=0}, MSG_NOSIGNAL) = 428
20892 1783913215.120221 recvfrom(100, 0x7fc3985d70, 3200, MSG_DONTWAIT, NULL, NULL) = -1 EAGAIN (Try again)
20892 1783913215.138537 recvfrom(100, "nysv\0\0\0\0\0\0\0\0\0\0\0\0\333\0174g\251\1\0\0S\251\1\0\0\0\0\0", 3200, MSG_DONTWAIT, NULL, NULL) = 32
20892 1783913215.138571 recvfrom(100, 0x7fc3986860, 3200, MSG_DONTWAIT, NULL, NULL) = -1 EAGAIN (Try again)
20892 1783913215.141614 recvfrom(100, 0x7fc3986760, 3200, MSG_DONTWAIT, NULL, NULL) = -1 EAGAIN (Try again)
21004 1783913215.142059 sendmsg(177, {msg_name=NULL, msg_namelen=0, msg_iov=[{iov_base="l\1\1\1\374\0\0\0\244\3\0\0\235\0\0\0\1\1o\0;\0\0\0/re/frid"..., iov_len=428}], msg_iovlen=1, msg_controllen=0, msg_flags=0}, MSG_NOSIGNAL) = 428
20892 1783913215.154746 recvfrom(100, "nysv\0\0\0\0\0\0\0\0\0\0\0\0\205K2h\251\1\0\0T\251\1\0\0\0\0\0", 3200, MSG_DONTWAIT, NULL, NULL) = 32
20892 1783913215.154779 recvfrom(100, 0x7fc3986860, 3200, MSG_DONTWAIT, NULL, NULL) = -1 EAGAIN (Try again)
21004 1783913215.155204 sendmsg(177, {msg_name=NULL, msg_namelen=0, msg_iov=[{iov_base="l\1\1\1\374\0\0\0\245\3\0\0\235\0\0\0\1\1o\0;\0\0\0/re/frid"..., iov_len=428}], msg_iovlen=1, msg_controllen=0, msg_flags=0}, MSG_NOSIGNAL) = 428
20892 1783913215.580469 recvfrom(100, 0x7fc3986420, 3200, MSG_DONTWAIT, NULL, NULL) = -1 EAGAIN (Try again)
20892 1783913215.588617 recvfrom(100, "nysv\0\0\0\0\0\0\0\0\0\0\0\0\311o\6\202\251\1\0\0n\251\1\0\0\0\0\0", 3200, MSG_DONTWAIT, NULL, NULL) = 32
20892 1783913215.588753 recvfrom(100, 0x7fc3986860, 3200, MSG_DONTWAIT, NULL, NULL) = -1 EAGAIN (Try again)
20892 1783913215.588882 recvfrom(114, 0x7d0fd84020, 2272, MSG_DONTWAIT, NULL, NULL) = -1 EAGAIN (Try again)
21004 1783913215.592570 sendmsg(177, {msg_name=NULL, msg_namelen=0, msg_iov=[{iov_base="l\1\1\1\374\0\0\0\246\3\0\0\235\0\0\0\1\1o\0;\0\0\0/re/frid"..., iov_len=428}], msg_iovlen=1, msg_controllen=0, msg_flags=0}, MSG_NOSIGNAL) = 428
20892 1783913215.627961 recvfrom(100, 0x7fc3985d70, 3200, MSG_DONTWAIT, NULL, NULL) = -1 EAGAIN (Try again)
20892 1783913215.637024 recvfrom(100, "nysv\0\0\0\0\0\0\0\0\0\0\0\0d\212\1\205\251\1\0\0q\251\1\0\0\0\0\0", 3200, MSG_DONTWAIT, NULL, NULL) = 32
20892 1783913215.637106 recvfrom(100, 0x7fc3986860, 3200, MSG_DONTWAIT, NULL, NULL) = -1 EAGAIN (Try again)
20892 1783913215.638896 recvfrom(100, 0x7fc3986760, 3200, MSG_DONTWAIT, NULL, NULL) = -1 EAGAIN (Try again)
21004 1783913215.639512 sendmsg(177, {msg_name=NULL, msg_namelen=0, msg_iov=[{iov_base="l\1\1\1\374\0\0\0\247\3\0\0\235\0\0\0\1\1o\0;\0\0\0/re/frid"..., iov_len=428}], msg_iovlen=1, msg_controllen=0, msg_flags=0}, MSG_NOSIGNAL) = 428
20892 1783913215.655924 recvfrom(100, "nysv\0\0\0\0\0\0\0\0\0\0\0\0q\260\377\205\251\1\0\0r\251\1\0\0\0\0\0", 3200, MSG_DONTWAIT, NULL, NULL) = 32
20892 1783913215.656099 recvfrom(100, 0x7fc3986860, 3200, MSG_DONTWAIT, NULL, NULL) = -1 EAGAIN (Try again)
21004 1783913215.656767 sendmsg(177, {msg_name=NULL, msg_namelen=0, msg_iov=[{iov_base="l\1\1\1\374\0\0\0\250\3\0\0\235\0\0\0\1\1o\0;\0\0\0/re/frid"..., iov_len=428}], msg_iovlen=1, msg_controllen=0, msg_flags=0}, MSG_NOSIGNAL) = 428
21004 1783913215.847538 sendmsg(177, {msg_name=NULL, msg_namelen=0, msg_iov=[{iov_base="l\1\1\1\374\0\0\0\251\3\0\0\235\0\0\0\1\1o\0;\0\0\0/re/frid"..., iov_len=428}], msg_iovlen=1, msg_controllen=0, msg_flags=0}, MSG_NOSIGNAL) = 428
21004 1783913215.853386 sendmsg(177, {msg_name=NULL, msg_namelen=0, msg_iov=[{iov_base="l\1\1\1\374\0\0\0\252\3\0\0\235\0\0\0\1\1o\0;\0\0\0/re/frid"..., iov_len=428}], msg_iovlen=1, msg_controllen=0, msg_flags=0}, MSG_NOSIGNAL) = 428
20892 1783913215.853637 recvfrom(100, 0x7fc39862c0, 3200, MSG_DONTWAIT, NULL, NULL) = -1 EAGAIN (Try again)
20892 1783913215.869155 recvfrom(100, "nysv\0\0\0\0\0\0\0\0\0\0\0\0\222\310\352\222\251\1\0\0\177\251\1\0\0\0\0\0", 3200, MSG_DONTWAIT, NULL, NULL) = 32
20892 1783913215.869193 recvfrom(100, 0x7fc3986860, 3200, MSG_DONTWAIT, NULL, NULL) = -1 EAGAIN (Try again)
20892 1783913215.869231 recvfrom(114, 0x7d0fd84020, 2272, MSG_DONTWAIT, NULL, NULL) = -1 EAGAIN (Try again)
21004 1783913215.878282 sendmsg(177, {msg_name=NULL, msg_namelen=0, msg_iov=[{iov_base="l\1\1\1\374\0\0\0\253\3\0\0\235\0\0\0\1\1o\0;\0\0\0/re/frid"..., iov_len=428}], msg_iovlen=1, msg_controllen=0, msg_flags=0}, MSG_NOSIGNAL) = 428
20892 1783913215.957845 recvfrom(100, 0x7fc3985d70, 3200, MSG_DONTWAIT, NULL, NULL) = -1 EAGAIN (Try again)
20892 1783913215.969125 recvfrom(100, "nysv\0\0\0\0\0\0\0\0\0\0\0\0000\245\341\230\251\1\0\0\205\251\1\0\0\0\0\0", 3200, MSG_DONTWAIT, NULL, NULL) = 32
20892 1783913215.969162 recvfrom(100, 0x7fc3986860, 3200, MSG_DONTWAIT, NULL, NULL) = -1 EAGAIN (Try again)
20892 1783913215.975871 recvfrom(100, 0x7fc3986760, 3200, MSG_DONTWAIT, NULL, NULL) = -1 EAGAIN (Try again)
21004 1783913215.976607 sendmsg(177, {msg_name=NULL, msg_namelen=0, msg_iov=[{iov_base="l\1\1\1\374\0\0\0\254\3\0\0\235\0\0\0\1\1o\0;\0\0\0/re/frid"..., iov_len=428}], msg_iovlen=1, msg_controllen=0, msg_flags=0}, MSG_NOSIGNAL) = 428
20892 1783913215.986554 recvfrom(100, "nysv\0\0\0\0\0\0\0\0\0\0\0\0\227\4\340\231\251\1\0\0\206\251\1\0\0\0\0\0", 3200, MSG_DONTWAIT, NULL, NULL) = 32
20892 1783913215.986581 recvfrom(100, 0x7fc3986860, 3200, MSG_DONTWAIT, NULL, NULL) = -1 EAGAIN (Try again)
21004 1783913215.987481 sendmsg(177, {msg_name=NULL, msg_namelen=0, msg_iov=[{iov_base="l\1\1\1\374\0\0\0\255\3\0\0\235\0\0\0\1\1o\0;\0\0\0/re/frid"..., iov_len=428}], msg_iovlen=1, msg_controllen=0, msg_flags=0}, MSG_NOSIGNAL) = 428
21004 1783913216.078951 sendmsg(177, {msg_name=NULL, msg_namelen=0, msg_iov=[{iov_base="l\1\1\1\374\0\0\0\256\3\0\0\235\0\0\0\1\1o\0;\0\0\0/re/frid"..., iov_len=428}], msg_iovlen=1, msg_controllen=0, msg_flags=0}, MSG_NOSIGNAL) = 428
20892 1783913216.081099 recvfrom(100, 0x7fc3985fd0, 3200, MSG_DONTWAIT, NULL, NULL) = -1 EAGAIN (Try again)
20892 1783913216.085819 recvfrom(100, "nysv\0\0\0\0\0\0\0\0\0\0\0\0\223\17\327\237\251\1\0\0\214\251\1\0\0\0\0\0", 3200, MSG_DONTWAIT, NULL, NULL) = 32
20892 1783913216.085848 recvfrom(100, 0x7fc3986860, 3200, MSG_DONTWAIT, NULL, NULL) = -1 EAGAIN (Try again)
20892 1783913216.085871 recvfrom(114, 0x7d0fd84020, 2272, MSG_DONTWAIT, NULL, NULL) = -1 EAGAIN (Try again)
20892 1783913216.095099 recvfrom(100, 0x7fc3985920, 3200, MSG_DONTWAIT, NULL, NULL) = -1 EAGAIN (Try again)
20892 1783913216.102716 recvfrom(100, "nysv\0\0\0\0\0\0\0\0\0\0\0\0m\250\325\240\251\1\0\0\215\251\1\0\0\0\0\0", 3200, MSG_DONTWAIT, NULL, NULL) = 32
20892 1783913216.102743 recvfrom(100, 0x7fc3986860, 3200, MSG_DONTWAIT, NULL, NULL) = -1 EAGAIN (Try again)
20892 1783913216.102850 recvfrom(114, 0x7d0fd84020, 2272, MSG_DONTWAIT, NULL, NULL) = -1 EAGAIN (Try again)
20892 1783913216.180259 recvfrom(100, 0x7fc3985d70, 3200, MSG_DONTWAIT, NULL, NULL) = -1 EAGAIN (Try again)
21004 1783913216.181166 sendmsg(177, {msg_name=NULL, msg_namelen=0, msg_iov=[{iov_base="l\1\1\1\374\0\0\0\257\3\0\0\235\0\0\0\1\1o\0;\0\0\0/re/frid"..., iov_len=428}], msg_iovlen=1, msg_controllen=0, msg_flags=0}, MSG_NOSIGNAL) = 428
20892 1783913216.185693 recvfrom(100, "nysv\0\0\0\0\0\0\0\0\0\0\0\0\320\334\316\245\251\1\0\0\222\251\1\0\0\0\0\0", 3200, MSG_DONTWAIT, NULL, NULL) = 32
20892 1783913216.185720 recvfrom(100, 0x7fc3986860, 3200, MSG_DONTWAIT, NULL, NULL) = -1 EAGAIN (Try again)
20892 1783913216.193123 recvfrom(100, 0x7fc3986760, 3200, MSG_DONTWAIT, NULL, NULL) = -1 EAGAIN (Try again)
21004 1783913216.193921 sendmsg(177, {msg_name=NULL, msg_namelen=0, msg_iov=[{iov_base="l\1\1\1\374\0\0\0\260\3\0\0\235\0\0\0\1\1o\0;\0\0\0/re/frid"..., iov_len=428}], msg_iovlen=1, msg_controllen=0, msg_flags=0}, MSG_NOSIGNAL) = 428
20892 1783913216.202634 recvfrom(100, "nysv\0\0\0\0\0\0\0\0\0\0\0\0\215l\315\246\251\1\0\0\223\251\1\0\0\0\0\0", 3200, MSG_DONTWAIT, NULL, NULL) = 32
20892 1783913216.202758 recvfrom(100, 0x7fc3986860, 3200, MSG_DONTWAIT, NULL, NULL) = -1 EAGAIN (Try again)
21004 1783913216.203243 sendmsg(177, {msg_name=NULL, msg_namelen=0, msg_iov=[{iov_base="l\1\1\1\374\0\0\0\261\3\0\0\235\0\0\0\1\1o\0;\0\0\0/re/frid"..., iov_len=428}], msg_iovlen=1, msg_controllen=0, msg_flags=0}, MSG_NOSIGNAL) = 428
20892 1783913216.246977 recvfrom(100, 0x7fc3985d70, 3200, MSG_DONTWAIT, NULL, NULL) = -1 EAGAIN (Try again)
20892 1783913216.252396 recvfrom(100, "nysv\0\0\0\0\0\0\0\0\0\0\0\0I\35\311\251\251\1\0\0\226\251\1\0\0\0\0\0", 3200, MSG_DONTWAIT, NULL, NULL) = 32
20892 1783913216.252427 recvfrom(100, 0x7fc3986860, 3200, MSG_DONTWAIT, NULL, NULL) = -1 EAGAIN (Try again)
20892 1783913216.255840 recvfrom(100, 0x7fc3986760, 3200, MSG_DONTWAIT, NULL, NULL) = -1 EAGAIN (Try again)
21004 1783913216.256958 sendmsg(177, {msg_name=NULL, msg_namelen=0, msg_iov=[{iov_base="l\1\1\1\374\0\0\0\262\3\0\0\235\0\0\0\1\1o\0;\0\0\0/re/frid"..., iov_len=428}], msg_iovlen=1, msg_controllen=0, msg_flags=0}, MSG_NOSIGNAL) = 428
20892 1783913216.270904 recvfrom(100, "nysv\0\0\0\0\0\0\0\0\0\0\0\0\315<\307\252\251\1\0\0\227\251\1\0\0\0\0\0", 3200, MSG_DONTWAIT, NULL, NULL) = 32
20892 1783913216.270936 recvfrom(100, 0x7fc3986860, 3200, MSG_DONTWAIT, NULL, NULL) = -1 EAGAIN (Try again)
21004 1783913216.271424 sendmsg(177, {msg_name=NULL, msg_namelen=0, msg_iov=[{iov_base="l\1\1\1\374\0\0\0\263\3\0\0\235\0\0\0\1\1o\0;\0\0\0/re/frid"..., iov_len=428}], msg_iovlen=1, msg_controllen=0, msg_flags=0}, MSG_NOSIGNAL) = 428
20892 1783913216.597481 recvfrom(100, 0x7fc3986420, 3200, MSG_DONTWAIT, NULL, NULL) = -1 EAGAIN (Try again)
20892 1783913216.603574 recvfrom(100, "nysv\0\0\0\0\0\0\0\0\0\0\0\0Om\244\276\251\1\0\0\253\251\1\0\0\0\0\0", 3200, MSG_DONTWAIT, NULL, NULL) = 32
20892 1783913216.603618 recvfrom(100, 0x7fc3986860, 3200, MSG_DONTWAIT, NULL, NULL) = -1 EAGAIN (Try again)
20892 1783913216.603770 recvfrom(114, 0x7d0fd84020, 2272, MSG_DONTWAIT, NULL, NULL) = -1 EAGAIN (Try again)
21004 1783913216.608665 sendmsg(177, {msg_name=NULL, msg_namelen=0, msg_iov=[{iov_base="l\1\1\1\374\0\0\0\264\3\0\0\235\0\0\0\1\1o\0;\0\0\0/re/frid"..., iov_len=428}], msg_iovlen=1, msg_controllen=0, msg_flags=0}, MSG_NOSIGNAL) = 428
20892 1783913216.674325 recvfrom(100, 0x7fc3985d70, 3200, MSG_DONTWAIT, NULL, NULL) = -1 EAGAIN (Try again)
20892 1783913216.686001 recvfrom(100, "nysv\0\0\0\0\0\0\0\0\0\0\0\0V8\235\303\251\1\0\0\260\251\1\0\0\0\0\0", 3200, MSG_DONTWAIT, NULL, NULL) = 32
20892 1783913216.686216 recvfrom(100, 0x7fc3986860, 3200, MSG_DONTWAIT, NULL, NULL) = -1 EAGAIN (Try again)
20892 1783913216.695764 recvfrom(100, 0x7fc3986760, 3200, MSG_DONTWAIT, NULL, NULL) = -1 EAGAIN (Try again)
21004 1783913216.696662 sendmsg(177, {msg_name=NULL, msg_namelen=0, msg_iov=[{iov_base="l\1\1\1\374\0\0\0\265\3\0\0\235\0\0\0\1\1o\0;\0\0\0/re/frid"..., iov_len=428}], msg_iovlen=1, msg_controllen=0, msg_flags=0}, MSG_NOSIGNAL) = 428
20892 1783913216.703034 recvfrom(100, "nysv\0\0\0\0\0\0\0\0\0\0\0\0\354\265\233\304\251\1\0\0\261\251\1\0\0\0\0\0", 3200, MSG_DONTWAIT, NULL, NULL) = 32
20892 1783913216.703177 recvfrom(100, 0x7fc3986860, 3200, MSG_DONTWAIT, NULL, NULL) = -1 EAGAIN (Try again)
21004 1783913216.703966 sendmsg(177, {msg_name=NULL, msg_namelen=0, msg_iov=[{iov_base="l\1\1\1\374\0\0\0\266\3\0\0\235\0\0\0\1\1o\0;\0\0\0/re/frid"..., iov_len=428}], msg_iovlen=1, msg_controllen=0, msg_flags=0}, MSG_NOSIGNAL) = 428
20892 1783913217.099292 recvfrom(100, 0x7fc3986420, 3200, MSG_DONTWAIT, NULL, NULL) = -1 EAGAIN (Try again)
20892 1783913217.102691 recvfrom(100, "nysv\0\0\0\0\0\0\0\0\0\0\0\0\377]t\334\251\1\0\0\311\251\1\0\0\0\0\0", 3200, MSG_DONTWAIT, NULL, NULL) = 32
20892 1783913217.102877 recvfrom(100, 0x7fc3986860, 3200, MSG_DONTWAIT, NULL, NULL) = -1 EAGAIN (Try again)
20892 1783913217.102926 recvfrom(114, 0x7d0fd84020, 2272, MSG_DONTWAIT, NULL, NULL) = -1 EAGAIN (Try again)
21004 1783913217.112857 sendmsg(177, {msg_name=NULL, msg_namelen=0, msg_iov=[{iov_base="l\1\1\1\374\0\0\0\267\3\0\0\235\0\0\0\1\1o\0;\0\0\0/re/frid"..., iov_len=428}], msg_iovlen=1, msg_controllen=0, msg_flags=0}, MSG_NOSIGNAL) = 428
21004 1783913217.125924 sendmsg(177, {msg_name=NULL, msg_namelen=0, msg_iov=[{iov_base="l\1\1\1\374\0\0\0\270\3\0\0\235\0\0\0\1\1o\0;\0\0\0/re/frid"..., iov_len=428}], msg_iovlen=1, msg_controllen=0, msg_flags=0}, MSG_NOSIGNAL) = 428
20892 1783913217.193110 recvfrom(100, 0x7fc3985d70, 3200, MSG_DONTWAIT, NULL, NULL) = -1 EAGAIN (Try again)
20892 1783913217.204587 recvfrom(100, "nysv\0\0\0\0\0\0\0\0\0\0\0\0006Ok\342\251\1\0\0\317\251\1\0\0\0\0\0", 3200, MSG_DONTWAIT, NULL, NULL) = 32
20892 1783913217.204689 recvfrom(100, 0x7fc3986860, 3200, MSG_DONTWAIT, NULL, NULL) = -1 EAGAIN (Try again)
20892 1783913217.207540 recvfrom(100, 0x7fc3986760, 3200, MSG_DONTWAIT, NULL, NULL) = -1 EAGAIN (Try again)
21004 1783913217.209074 sendmsg(177, {msg_name=NULL, msg_namelen=0, msg_iov=[{iov_base="l\1\1\1\374\0\0\0\271\3\0\0\235\0\0\0\1\1o\0;\0\0\0/re/frid"..., iov_len=428}], msg_iovlen=1, msg_controllen=0, msg_flags=0}, MSG_NOSIGNAL) = 428
20892 1783913217.222201 recvfrom(100, "nysv\0\0\0\0\0\0\0\0\0\0\0\0`\237i\343\251\1\0\0\320\251\1\0\0\0\0\0", 3200, MSG_DONTWAIT, NULL, NULL) = 32
20892 1783913217.222234 recvfrom(100, 0x7fc3986860, 3200, MSG_DONTWAIT, NULL, NULL) = -1 EAGAIN (Try again)
21004 1783913217.223788 sendmsg(177, {msg_name=NULL, msg_namelen=0, msg_iov=[{iov_base="l\1\1\1\374\0\0\0\272\3\0\0\235\0\0\0\1\1o\0;\0\0\0/re/frid"..., iov_len=428}], msg_iovlen=1, msg_controllen=0, msg_flags=0}, MSG_NOSIGNAL) = 428
20892 1783913217.600603 recvfrom(100, 0x7fc3986420, 3200, MSG_DONTWAIT, NULL, NULL) = -1 EAGAIN (Try again)
20892 1783913217.602273 recvfrom(100, "nysv\0\0\0\0\0\0\0\0\0\0\0\0p\236:\372\251\1\0\0\346\251\1\0\0\0\0\0", 3200, MSG_DONTWAIT, NULL, NULL) = 32
20892 1783913217.602320 recvfrom(100, 0x7fc3986860, 3200, MSG_DONTWAIT, NULL, NULL) = -1 EAGAIN (Try again)
20892 1783913217.602367 recvfrom(114, 0x7d0fd84020, 2272, MSG_DONTWAIT, NULL, NULL) = -1 EAGAIN (Try again)
21004 1783913217.606689 sendmsg(177, {msg_name=NULL, msg_namelen=0, msg_iov=[{iov_base="l\1\1\1\374\0\0\0\273\3\0\0\235\0\0\0\1\1o\0;\0\0\0/re/frid"..., iov_len=428}], msg_iovlen=1, msg_controllen=0, msg_flags=0}, MSG_NOSIGNAL) = 428
20892 1783913217.652002 recvfrom(100, 0x7fc3985d70, 3200, MSG_DONTWAIT, NULL, NULL) = -1 EAGAIN (Try again)
20892 1783913217.652384 recvfrom(100, "nysv\0\0\0\0\0\0\0\0\0\0\0\0\215}6\375\251\1\0\0\351\251\1\0\0\0\0\0", 3200, MSG_DONTWAIT, NULL, NULL) = 32
20892 1783913217.652419 recvfrom(100, 0x7fc3986860, 3200, MSG_DONTWAIT, NULL, NULL) = -1 EAGAIN (Try again)
20892 1783913217.655057 recvfrom(100, 0x7fc3986760, 3200, MSG_DONTWAIT, NULL, NULL) = -1 EAGAIN (Try again)
21004 1783913217.656326 sendmsg(177, {msg_name=NULL, msg_namelen=0, msg_iov=[{iov_base="l\1\1\1\374\0\0\0\274\3\0\0\235\0\0\0\1\1o\0;\0\0\0/re/frid"..., iov_len=428}], msg_iovlen=1, msg_controllen=0, msg_flags=0}, MSG_NOSIGNAL) = 428
20892 1783913217.669008 recvfrom(100, "nysv\0\0\0\0\0\0\0\0\0\0\0\0007\0325\376\251\1\0\0\352\251\1\0\0\0\0\0", 3200, MSG_DONTWAIT, NULL, NULL) = 32
20892 1783913217.669045 recvfrom(100, 0x7fc3986860, 3200, MSG_DONTWAIT, NULL, NULL) = -1 EAGAIN (Try again)
21004 1783913217.671440 sendmsg(177, {msg_name=NULL, msg_namelen=0, msg_iov=[{iov_base="l\1\1\1\374\0\0\0\275\3\0\0\235\0\0\0\1\1o\0;\0\0\0/re/frid"..., iov_len=428}], msg_iovlen=1, msg_controllen=0, msg_flags=0}, MSG_NOSIGNAL) = 428
20892 1783913218.103202 recvfrom(100, 0x7fc3986420, 3200, MSG_DONTWAIT, NULL, NULL) = -1 EAGAIN (Try again)
20892 1783913218.121724 recvfrom(100, "nysv\0\0\0\0\0\0\0\0\0\0\0\0<\t\6\31\252\1\0\0\4\252\1\0\0\0\0\0", 3200, MSG_DONTWAIT, NULL, NULL) = 32
20892 1783913218.121875 recvfrom(100, 0x7fc3986860, 3200, MSG_DONTWAIT, NULL, NULL) = -1 EAGAIN (Try again)
20892 1783913218.122011 recvfrom(114, 0x7d0fd84020, 2272, MSG_DONTWAIT, NULL, NULL) = -1 EAGAIN (Try again)
21004 1783913218.128605 sendmsg(177, {msg_name=NULL, msg_namelen=0, msg_iov=[{iov_base="l\1\1\1\374\0\0\0\276\3\0\0\235\0\0\0\1\1o\0;\0\0\0/re/frid"..., iov_len=428}], msg_iovlen=1, msg_controllen=0, msg_flags=0}, MSG_NOSIGNAL) = 428
20913 1783913218.134825 openat(AT_FDCWD, "/data/misc/profiles/cur/0/app.fedilab.mobilizon/primary.prof", O_RDWR|O_NOFOLLOW|O_CLOEXEC) = 112
21004 1783913218.138778 sendmsg(177, {msg_name=NULL, msg_namelen=0, msg_iov=[{iov_base="l\1\1\1\374\0\0\0\277\3\0\0\235\0\0\0\1\1o\0;\0\0\0/re/frid"..., iov_len=428}], msg_iovlen=1, msg_controllen=0, msg_flags=0}, MSG_NOSIGNAL) = 428
20913 1783913218.139055 newfstatat(AT_FDCWD, "/data/misc/profiles/cur/0/app.fedilab.mobilizon/primary.prof", {st_mode=S_IFREG|0600, st_size=8378, ...}, 0) = 0
21004 1783913218.151374 sendmsg(177, {msg_name=NULL, msg_namelen=0, msg_iov=[{iov_base="l\1\1\1\374\0\0\0\300\3\0\0\235\0\0\0\1\1o\0;\0\0\0/re/frid"..., iov_len=428}], msg_iovlen=1, msg_controllen=0, msg_flags=0}, MSG_NOSIGNAL) = 428
21004 1783913218.161768 sendmsg(177, {msg_name=NULL, msg_namelen=0, msg_iov=[{iov_base="l\1\1\1\374\0\0\0\301\3\0\0\235\0\0\0\1\1o\0;\0\0\0/re/frid"..., iov_len=428}], msg_iovlen=1, msg_controllen=0, msg_flags=0}, MSG_NOSIGNAL) = 428
20892 1783913218.208851 recvfrom(100, 0x7fc3985d70, 3200, MSG_DONTWAIT, NULL, NULL) = -1 EAGAIN (Try again)
20892 1783913218.219493 recvfrom(100, "nysv\0\0\0\0\0\0\0\0\0\0\0\0\377\312\375\36\252\1\0\0\n\252\1\0\0\0\0\0", 3200, MSG_DONTWAIT, NULL, NULL) = 32
20892 1783913218.219584 recvfrom(100, 0x7fc3986860, 3200, MSG_DONTWAIT, NULL, NULL) = -1 EAGAIN (Try again)
20892 1783913218.221948 recvfrom(100, 0x7fc3986760, 3200, MSG_DONTWAIT, NULL, NULL) = -1 EAGAIN (Try again)
21004 1783913218.223249 sendmsg(177, {msg_name=NULL, msg_namelen=0, msg_iov=[{iov_base="l\1\1\1\374\0\0\0\302\3\0\0\235\0\0\0\1\1o\0;\0\0\0/re/frid"..., iov_len=428}], msg_iovlen=1, msg_controllen=0, msg_flags=0}, MSG_NOSIGNAL) = 428
20892 1783913218.236235 recvfrom(100, "nysv\0\0\0\0\0\0\0\0\0\0\0\0)\33\374\37\252\1\0\0\v\252\1\0\0\0\0\0", 3200, MSG_DONTWAIT, NULL, NULL) = 32
20892 1783913218.236268 recvfrom(100, 0x7fc3986860, 3200, MSG_DONTWAIT, NULL, NULL) = -1 EAGAIN (Try again)
21004 1783913218.236870 sendmsg(177, {msg_name=NULL, msg_namelen=0, msg_iov=[{iov_base="l\1\1\1\374\0\0\0\303\3\0\0\235\0\0\0\1\1o\0;\0\0\0/re/frid"..., iov_len=428}], msg_iovlen=1, msg_controllen=0, msg_flags=0}, MSG_NOSIGNAL) = 428
20892 1783913218.605061 recvfrom(100, 0x7fc3986420, 3200, MSG_DONTWAIT, NULL, NULL) = -1 EAGAIN (Try again)
20892 1783913218.620980 recvfrom(100, "nysv\0\0\0\0\0\0\0\0\0\0\0\0\245m\3236\252\1\0\0\"\252\1\0\0\0\0\0", 3200, MSG_DONTWAIT, NULL, NULL) = 32
20892 1783913218.621101 recvfrom(100, 0x7fc3986860, 3200, MSG_DONTWAIT, NULL, NULL) = -1 EAGAIN (Try again)
20892 1783913218.621250 recvfrom(114, 0x7d0fd84020, 2272, MSG_DONTWAIT, NULL, NULL) = -1 EAGAIN (Try again)
21004 1783913218.625867 sendmsg(177, {msg_name=NULL, msg_namelen=0, msg_iov=[{iov_base="l\1\1\1\374\0\0\0\304\3\0\0\235\0\0\0\1\1o\0;\0\0\0/re/frid"..., iov_len=428}], msg_iovlen=1, msg_controllen=0, msg_flags=0}, MSG_NOSIGNAL) = 428
20892 1783913218.663458 recvfrom(100, 0x7fc3985d70, 3200, MSG_DONTWAIT, NULL, NULL) = -1 EAGAIN (Try again)
20892 1783913218.668646 recvfrom(100, "nysv\0\0\0\0\0\0\0\0\0\0\0\0\227O\3179\252\1\0\0%\252\1\0\0\0\0\0", 3200, MSG_DONTWAIT, NULL, NULL) = 32
20892 1783913218.668822 recvfrom(100, 0x7fc3986860, 3200, MSG_DONTWAIT, NULL, NULL) = -1 EAGAIN (Try again)
20892 1783913218.672851 recvfrom(100, 0x7fc3986760, 3200, MSG_DONTWAIT, NULL, NULL) = -1 EAGAIN (Try again)
21004 1783913218.673730 sendmsg(177, {msg_name=NULL, msg_namelen=0, msg_iov=[{iov_base="l\1\1\1\374\0\0\0\305\3\0\0\235\0\0\0\1\1o\0;\0\0\0/re/frid"..., iov_len=428}], msg_iovlen=1, msg_controllen=0, msg_flags=0}, MSG_NOSIGNAL) = 428
20892 1783913218.687884 recvfrom(100, "nysv\0\0\0\0\0\0\0\0\0\0\0\0001k\315:\252\1\0\0&\252\1\0\0\0\0\0", 3200, MSG_DONTWAIT, NULL, NULL) = 32
20892 1783913218.687906 recvfrom(100, 0x7fc3986860, 3200, MSG_DONTWAIT, NULL, NULL) = -1 EAGAIN (Try again)
21004 1783913218.688365 sendmsg(177, {msg_name=NULL, msg_namelen=0, msg_iov=[{iov_base="l\1\1\1\374\0\0\0\306\3\0\0\235\0\0\0\1\1o\0;\0\0\0/re/frid"..., iov_len=428}], msg_iovlen=1, msg_controllen=0, msg_flags=0}, MSG_NOSIGNAL) = 428
20892 1783913219.106849 recvfrom(100, 0x7fc3986420, 3200, MSG_DONTWAIT, NULL, NULL) = -1 EAGAIN (Try again)
20892 1783913219.120447 recvfrom(100, "nysv\0\0\0\0\0\0\0\0\0\0\0\0\315\327\240T\252\1\0\0@\252\1\0\0\0\0\0", 3200, MSG_DONTWAIT, NULL, NULL) = 32
20892 1783913219.120541 recvfrom(100, 0x7fc3986860, 3200, MSG_DONTWAIT, NULL, NULL) = -1 EAGAIN (Try again)
20892 1783913219.120635 recvfrom(114, 0x7d0fd84020, 2272, MSG_DONTWAIT, NULL, NULL) = -1 EAGAIN (Try again)
21004 1783913219.124462 sendmsg(177, {msg_name=NULL, msg_namelen=0, msg_iov=[{iov_base="l\1\1\1\374\0\0\0\307\3\0\0\235\0\0\0\1\1o\0;\0\0\0/re/frid"..., iov_len=428}], msg_iovlen=1, msg_controllen=0, msg_flags=0}, MSG_NOSIGNAL) = 428
20892 1783913219.159471 recvfrom(100, 0x7fc3985d70, 3200, MSG_DONTWAIT, NULL, NULL) = -1 EAGAIN (Try again)
20892 1783913219.168876 recvfrom(100, "nysv\0\0\0\0\0\0\0\0\0\0\0\0E\301\234W\252\1\0\0C\252\1\0\0\0\0\0", 3200, MSG_DONTWAIT, NULL, NULL) = 32
20892 1783913219.168914 recvfrom(100, 0x7fc3986860, 3200, MSG_DONTWAIT, NULL, NULL) = -1 EAGAIN (Try again)
20892 1783913219.174695 recvfrom(100, 0x7fc3986760, 3200, MSG_DONTWAIT, NULL, NULL) = -1 EAGAIN (Try again)
21004 1783913219.175338 sendmsg(177, {msg_name=NULL, msg_namelen=0, msg_iov=[{iov_base="l\1\1\1\374\0\0\0\310\3\0\0\235\0\0\0\1\1o\0;\0\0\0/re/frid"..., iov_len=428}], msg_iovlen=1, msg_controllen=0, msg_flags=0}, MSG_NOSIGNAL) = 428
20892 1783913219.188484 recvfrom(100, "nysv\0\0\0\0\0\0\0\0\0\0\0\0o\21\233X\252\1\0\0D\252\1\0\0\0\0\0", 3200, MSG_DONTWAIT, NULL, NULL) = 32
20892 1783913219.188507 recvfrom(100, 0x7fc3986860, 3200, MSG_DONTWAIT, NULL, NULL) = -1 EAGAIN (Try again)
21004 1783913219.188937 sendmsg(177, {msg_name=NULL, msg_namelen=0, msg_iov=[{iov_base="l\1\1\1\374\0\0\0\311\3\0\0\235\0\0\0\1\1o\0;\0\0\0/re/frid"..., iov_len=428}], msg_iovlen=1, msg_controllen=0, msg_flags=0}, MSG_NOSIGNAL) = 428
20892 1783913219.609156 recvfrom(100, 0x7fc3986420, 3200, MSG_DONTWAIT, NULL, NULL) = -1 EAGAIN (Try again)
20892 1783913219.621295 recvfrom(100, "nysv\0\0\0\0\0\0\0\0\0\0\0\0}7nr\252\1\0\0]\252\1\0\0\0\0\0", 3200, MSG_DONTWAIT, NULL, NULL) = 32
20892 1783913219.621417 recvfrom(100, 0x7fc3986860, 3200, MSG_DONTWAIT, NULL, NULL) = -1 EAGAIN (Try again)
20892 1783913219.621544 recvfrom(114, 0x7d0fd84020, 2272, MSG_DONTWAIT, NULL, NULL) = -1 EAGAIN (Try again)
21004 1783913219.625419 sendmsg(177, {msg_name=NULL, msg_namelen=0, msg_iov=[{iov_base="l\1\1\1\374\0\0\0\312\3\0\0\235\0\0\0\1\1o\0;\0\0\0/re/frid"..., iov_len=428}], msg_iovlen=1, msg_controllen=0, msg_flags=0}, MSG_NOSIGNAL) = 428
20892 1783913219.662899 recvfrom(100, 0x7fc3985d70, 3200, MSG_DONTWAIT, NULL, NULL) = -1 EAGAIN (Try again)
20892 1783913219.668810 recvfrom(100, "nysv\0\0\0\0\0\0\0\0\0\0\0\0\220\35ju\252\1\0\0`\252\1\0\0\0\0\0", 3200, MSG_DONTWAIT, NULL, NULL) = 32
20892 1783913219.668846 recvfrom(100, 0x7fc3986860, 3200, MSG_DONTWAIT, NULL, NULL) = -1 EAGAIN (Try again)
20892 1783913219.671870 recvfrom(100, 0x7fc3986760, 3200, MSG_DONTWAIT, NULL, NULL) = -1 EAGAIN (Try again)
21004 1783913219.672927 sendmsg(177, {msg_name=NULL, msg_namelen=0, msg_iov=[{iov_base="l\1\1\1\374\0\0\0\313\3\0\0\235\0\0\0\1\1o\0;\0\0\0/re/frid"..., iov_len=428}], msg_iovlen=1, msg_controllen=0, msg_flags=0}, MSG_NOSIGNAL) = 428
20892 1783913219.686968 recvfrom(100, "nysv\0\0\0\0\0\0\0\0\0\0\0\0Cjhv\252\1\0\0a\252\1\0\0\0\0\0", 3200, MSG_DONTWAIT, NULL, NULL) = 32
20892 1783913219.686991 recvfrom(100, 0x7fc3986860, 3200, MSG_DONTWAIT, NULL, NULL) = -1 EAGAIN (Try again)
21004 1783913219.687416 sendmsg(177, {msg_name=NULL, msg_namelen=0, msg_iov=[{iov_base="l\1\1\1\374\0\0\0\314\3\0\0\235\0\0\0\1\1o\0;\0\0\0/re/frid"..., iov_len=428}], msg_iovlen=1, msg_controllen=0, msg_flags=0}, MSG_NOSIGNAL) = 428
20892 1783913220.111484 recvfrom(100, 0x7fc3986420, 3200, MSG_DONTWAIT, NULL, NULL) = -1 EAGAIN (Try again)
20892 1783913220.121820 recvfrom(100, "nysv\0\0\0\0\0\0\0\0\0\0\0\0i\234;\220\252\1\0\0{\252\1\0\0\0\0\0", 3200, MSG_DONTWAIT, NULL, NULL) = 32
20892 1783913220.121858 recvfrom(100, 0x7fc3986860, 3200, MSG_DONTWAIT, NULL, NULL) = -1 EAGAIN (Try again)
20892 1783913220.121898 recvfrom(114, 0x7d0fd84020, 2272, MSG_DONTWAIT, NULL, NULL) = -1 EAGAIN (Try again)
21004 1783913220.124681 sendmsg(177, {msg_name=NULL, msg_namelen=0, msg_iov=[{iov_base="l\1\1\1\374\0\0\0\315\3\0\0\235\0\0\0\1\1o\0;\0\0\0/re/frid"..., iov_len=428}], msg_iovlen=1, msg_controllen=0, msg_flags=0}, MSG_NOSIGNAL) = 428
20892 1783913220.152669 recvfrom(100, 0x7fc3985d70, 3200, MSG_DONTWAIT, NULL, NULL) = -1 EAGAIN (Try again)
20892 1783913220.170196 recvfrom(100, "nysv\0\0\0\0\0\0\0\0\0\0\0\0)\2117\223\252\1\0\0~\252\1\0\0\0\0\0", 3200, MSG_DONTWAIT, NULL, NULL) = 32
20892 1783913220.170228 recvfrom(100, 0x7fc3986860, 3200, MSG_DONTWAIT, NULL, NULL) = -1 EAGAIN (Try again)
20892 1783913220.176251 recvfrom(100, 0x7fc3986760, 3200, MSG_DONTWAIT, NULL, NULL) = -1 EAGAIN (Try again)
21004 1783913220.176849 sendmsg(177, {msg_name=NULL, msg_namelen=0, msg_iov=[{iov_base="l\1\1\1\374\0\0\0\316\3\0\0\235\0\0\0\1\1o\0;\0\0\0/re/frid"..., iov_len=428}], msg_iovlen=1, msg_controllen=0, msg_flags=0}, MSG_NOSIGNAL) = 428
20892 1783913220.186455 recvfrom(100, "nysv\0\0\0\0\0\0\0\0\0\0\0\0\224\3515\224\252\1\0\0\177\252\1\0\0\0\0\0", 3200, MSG_DONTWAIT, NULL, NULL) = 32
20892 1783913220.186523 recvfrom(100, 0x7fc3986860, 3200, MSG_DONTWAIT, NULL, NULL) = -1 EAGAIN (Try again)
21004 1783913220.186969 sendmsg(177, {msg_name=NULL, msg_namelen=0, msg_iov=[{iov_base="l\1\1\1\374\0\0\0\317\3\0\0\235\0\0\0\1\1o\0;\0\0\0/re/frid"..., iov_len=428}], msg_iovlen=1, msg_controllen=0, msg_flags=0}, MSG_NOSIGNAL) = 428
20892 1783913220.614899 recvfrom(100, 0x7fc3986420, 3200, MSG_DONTWAIT, NULL, NULL) = -1 EAGAIN (Try again)
20892 1783913220.619999 recvfrom(100, "nysv\0\0\0\0\0\0\0\0\0\0\0\0006\31\t\256\252\1\0\0\231\252\1\0\0\0\0\0", 3200, MSG_DONTWAIT, NULL, NULL) = 32
20892 1783913220.620084 recvfrom(100, 0x7fc3986860, 3200, MSG_DONTWAIT, NULL, NULL) = -1 EAGAIN (Try again)
20892 1783913220.620184 recvfrom(114, 0x7d0fd84020, 2272, MSG_DONTWAIT, NULL, NULL) = -1 EAGAIN (Try again)
21004 1783913220.625148 sendmsg(177, {msg_name=NULL, msg_namelen=0, msg_iov=[{iov_base="l\1\1\1\374\0\0\0\320\3\0\0\235\0\0\0\1\1o\0;\0\0\0/re/frid"..., iov_len=428}], msg_iovlen=1, msg_controllen=0, msg_flags=0}, MSG_NOSIGNAL) = 428
20892 1783913220.659891 recvfrom(100, 0x7fc3985d70, 3200, MSG_DONTWAIT, NULL, NULL) = -1 EAGAIN (Try again)
20892 1783913220.668965 recvfrom(100, "nysv\0\0\0\0\0\0\0\0\0\0\0\0\210\5\5\261\252\1\0\0\234\252\1\0\0\0\0\0", 3200, MSG_DONTWAIT, NULL, NULL) = 32
20892 1783913220.668996 recvfrom(100, 0x7fc3986860, 3200, MSG_DONTWAIT, NULL, NULL) = -1 EAGAIN (Try again)
20892 1783913220.676121 recvfrom(100, 0x7fc3986760, 3200, MSG_DONTWAIT, NULL, NULL) = -1 EAGAIN (Try again)
21004 1783913220.676718 sendmsg(177, {msg_name=NULL, msg_namelen=0, msg_iov=[{iov_base="l\1\1\1\374\0\0\0\321\3\0\0\235\0\0\0\1\1o\0;\0\0\0/re/frid"..., iov_len=428}], msg_iovlen=1, msg_controllen=0, msg_flags=0}, MSG_NOSIGNAL) = 428
20892 1783913220.688589 recvfrom(100, "nysv\0\0\0\0\0\0\0\0\0\0\0\0M\347\2\262\252\1\0\0\235\252\1\0\0\0\0\0", 3200, MSG_DONTWAIT, NULL, NULL) = 32
20892 1783913220.688613 recvfrom(100, 0x7fc3986860, 3200, MSG_DONTWAIT, NULL, NULL) = -1 EAGAIN (Try again)
21004 1783913220.689037 sendmsg(177, {msg_name=NULL, msg_namelen=0, msg_iov=[{iov_base="l\1\1\1\374\0\0\0\322\3\0\0\235\0\0\0\1\1o\0;\0\0\0/re/frid"..., iov_len=428}], msg_iovlen=1, msg_controllen=0, msg_flags=0}, MSG_NOSIGNAL) = 428
20892 1783913221.116462 recvfrom(100, 0x7fc3986420, 3200, MSG_DONTWAIT, NULL, NULL) = -1 EAGAIN (Try again)
20892 1783913221.118962 recvfrom(100, "nysv\0\0\0\0\0\0\0\0\0\0\0\0\267\267\326\313\252\1\0\0\266\252\1\0\0\0\0\0", 3200, MSG_DONTWAIT, NULL, NULL) = 32
20892 1783913221.119030 recvfrom(100, 0x7fc3986860, 3200, MSG_DONTWAIT, NULL, NULL) = -1 EAGAIN (Try again)
20892 1783913221.119214 recvfrom(114, 0x7d0fd84020, 2272, MSG_DONTWAIT, NULL, NULL) = -1 EAGAIN (Try again)
21004 1783913221.122925 sendmsg(177, {msg_name=NULL, msg_namelen=0, msg_iov=[{iov_base="l\1\1\1\374\0\0\0\323\3\0\0\235\0\0\0\1\1o\0;\0\0\0/re/frid"..., iov_len=428}], msg_iovlen=1, msg_controllen=0, msg_flags=0}, MSG_NOSIGNAL) = 428
20892 1783913221.159774 recvfrom(100, 0x7fc3985d70, 3200, MSG_DONTWAIT, NULL, NULL) = -1 EAGAIN (Try again)
20892 1783913221.168775 recvfrom(100, "nysv\0\0\0\0\0\0\0\0\0\0\0\0\366\233\322\316\252\1\0\0\271\252\1\0\0\0\0\0", 3200, MSG_DONTWAIT, NULL, NULL) = 32
20892 1783913221.168806 recvfrom(100, 0x7fc3986860, 3200, MSG_DONTWAIT, NULL, NULL) = -1 EAGAIN (Try again)
20892 1783913221.170930 recvfrom(100, 0x7fc3986760, 3200, MSG_DONTWAIT, NULL, NULL) = -1 EAGAIN (Try again)
21004 1783913221.171882 sendmsg(177, {msg_name=NULL, msg_namelen=0, msg_iov=[{iov_base="l\1\1\1\374\0\0\0\324\3\0\0\235\0\0\0\1\1o\0;\0\0\0/re/frid"..., iov_len=428}], msg_iovlen=1, msg_controllen=0, msg_flags=0}, MSG_NOSIGNAL) = 428
20892 1783913221.188298 recvfrom(100, "nysv\0\0\0\0\0\0\0\0\0\0\0\0\317\214\320\317\252\1\0\0\272\252\1\0\0\0\0\0", 3200, MSG_DONTWAIT, NULL, NULL) = 32
20892 1783913221.188323 recvfrom(100, 0x7fc3986860, 3200, MSG_DONTWAIT, NULL, NULL) = -1 EAGAIN (Try again)
21004 1783913221.188801 sendmsg(177, {msg_name=NULL, msg_namelen=0, msg_iov=[{iov_base="l\1\1\1\374\0\0\0\325\3\0\0\235\0\0\0\1\1o\0;\0\0\0/re/frid"..., iov_len=428}], msg_iovlen=1, msg_controllen=0, msg_flags=0}, MSG_NOSIGNAL) = 428
20892 1783913221.618700 recvfrom(100, 0x7fc3986420, 3200, MSG_DONTWAIT, NULL, NULL) = -1 EAGAIN (Try again)
20892 1783913221.620182 recvfrom(100, "nysv\0\0\0\0\0\0\0\0\0\0\0\0\251\355\243\351\252\1\0\0\324\252\1\0\0\0\0\0", 3200, MSG_DONTWAIT, NULL, NULL) = 32
20892 1783913221.620330 recvfrom(100, 0x7fc3986860, 3200, MSG_DONTWAIT, NULL, NULL) = -1 EAGAIN (Try again)
20892 1783913221.620486 recvfrom(114, 0x7d0fd84020, 2272, MSG_DONTWAIT, NULL, NULL) = -1 EAGAIN (Try again)
21004 1783913221.623817 sendmsg(177, {msg_name=NULL, msg_namelen=0, msg_iov=[{iov_base="l\1\1\1\374\0\0\0\326\3\0\0\235\0\0\0\1\1o\0;\0\0\0/re/frid"..., iov_len=428}], msg_iovlen=1, msg_controllen=0, msg_flags=0}, MSG_NOSIGNAL) = 428
20892 1783913221.661062 recvfrom(100, 0x7fc3985d70, 3200, MSG_DONTWAIT, NULL, NULL) = -1 EAGAIN (Try again)
20892 1783913221.669789 recvfrom(100, "nysv\0\0\0\0\0\0\0\0\0\0\0\0\265\267\237\354\252\1\0\0\327\252\1\0\0\0\0\0", 3200, MSG_DONTWAIT, NULL, NULL) = 32
20892 1783913221.669839 recvfrom(100, 0x7fc3986860, 3200, MSG_DONTWAIT, NULL, NULL) = -1 EAGAIN (Try again)
20892 1783913221.671597 recvfrom(100, 0x7fc3986760, 3200, MSG_DONTWAIT, NULL, NULL) = -1 EAGAIN (Try again)
21004 1783913221.672446 sendmsg(177, {msg_name=NULL, msg_namelen=0, msg_iov=[{iov_base="l\1\1\1\374\0\0\0\327\3\0\0\235\0\0\0\1\1o\0;\0\0\0/re/frid"..., iov_len=428}], msg_iovlen=1, msg_controllen=0, msg_flags=0}, MSG_NOSIGNAL) = 428
20892 1783913221.691171 recvfrom(100, "nysv\0\0\0\0\0\0\0\0\0\0\0\0\325\v\235\355\252\1\0\0\330\252\1\0\0\0\0\0", 3200, MSG_DONTWAIT, NULL, NULL) = 32
20892 1783913221.691189 recvfrom(100, 0x7fc3986860, 3200, MSG_DONTWAIT, NULL, NULL) = -1 EAGAIN (Try again)
21004 1783913221.691657 sendmsg(177, {msg_name=NULL, msg_namelen=0, msg_iov=[{iov_base="l\1\1\1\374\0\0\0\330\3\0\0\235\0\0\0\1\1o\0;\0\0\0/re/frid"..., iov_len=428}], msg_iovlen=1, msg_controllen=0, msg_flags=0}, MSG_NOSIGNAL) = 428
20892 1783913222.121541 recvfrom(100, 0x7fc3986420, 3200, MSG_DONTWAIT, NULL, NULL) = -1 EAGAIN (Try again)
20892 1783913222.139711 recvfrom(100, "nysv\0\0\0\0\0\0\0\0\0\0\0\0C\200o\10\253\1\0\0\363\252\1\0\0\0\0\0", 3200, MSG_DONTWAIT, NULL, NULL) = 32
20892 1783913222.139810 recvfrom(100, 0x7fc3986860, 3200, MSG_DONTWAIT, NULL, NULL) = -1 EAGAIN (Try again)
20892 1783913222.139920 recvfrom(114, 0x7d0fd84020, 2272, MSG_DONTWAIT, NULL, NULL) = -1 EAGAIN (Try again)
21004 1783913222.145594 sendmsg(177, {msg_name=NULL, msg_namelen=0, msg_iov=[{iov_base="l\1\1\1\374\0\0\0\331\3\0\0\235\0\0\0\1\1o\0;\0\0\0/re/frid"..., iov_len=428}], msg_iovlen=1, msg_controllen=0, msg_flags=0}, MSG_NOSIGNAL) = 428
20892 1783913222.183570 recvfrom(100, 0x7fc3985d70, 3200, MSG_DONTWAIT, NULL, NULL) = -1 EAGAIN (Try again)
20892 1783913222.185390 recvfrom(100, "nysv\0\0\0\0\0\0\0\0\0\0\0\0=gk\v\253\1\0\0\366\252\1\0\0\0\0\0", 3200, MSG_DONTWAIT, NULL, NULL) = 32
20892 1783913222.185421 recvfrom(100, 0x7fc3986860, 3200, MSG_DONTWAIT, NULL, NULL) = -1 EAGAIN (Try again)
20892 1783913222.187515 recvfrom(100, 0x7fc3986760, 3200, MSG_DONTWAIT, NULL, NULL) = -1 EAGAIN (Try again)
21004 1783913222.188262 sendmsg(177, {msg_name=NULL, msg_namelen=0, msg_iov=[{iov_base="l\1\1\1\374\0\0\0\332\3\0\0\235\0\0\0\1\1o\0;\0\0\0/re/frid"..., iov_len=428}], msg_iovlen=1, msg_controllen=0, msg_flags=0}, MSG_NOSIGNAL) = 428
20892 1783913222.205468 recvfrom(100, "nysv\0\0\0\0\0\0\0\0\0\0\0\0\306Li\f\253\1\0\0\367\252\1\0\0\0\0\0", 3200, MSG_DONTWAIT, NULL, NULL) = 32
20892 1783913222.205498 recvfrom(100, 0x7fc3986860, 3200, MSG_DONTWAIT, NULL, NULL) = -1 EAGAIN (Try again)
21004 1783913222.205956 sendmsg(177, {msg_name=NULL, msg_namelen=0, msg_iov=[{iov_base="l\1\1\1\374\0\0\0\333\3\0\0\235\0\0\0\1\1o\0;\0\0\0/re/frid"..., iov_len=428}], msg_iovlen=1, msg_controllen=0, msg_flags=0}, MSG_NOSIGNAL) = 428
20892 1783913222.622442 recvfrom(100, 0x7fc3986420, 3200, MSG_DONTWAIT, NULL, NULL) = -1 EAGAIN (Try again)
20892 1783913222.641405 recvfrom(100, "nysv\0\0\0\0\0\0\0\0\0\0\0\0/\345<&\253\1\0\0\21\253\1\0\0\0\0\0", 3200, MSG_DONTWAIT, NULL, NULL) = 32
20892 1783913222.641455 recvfrom(100, 0x7fc3986860, 3200, MSG_DONTWAIT, NULL, NULL) = -1 EAGAIN (Try again)
20892 1783913222.641509 recvfrom(114, 0x7d0fd84020, 2272, MSG_DONTWAIT, NULL, NULL) = -1 EAGAIN (Try again)
21004 1783913222.645115 sendmsg(177, {msg_name=NULL, msg_namelen=0, msg_iov=[{iov_base="l\1\1\1\374\0\0\0\334\3\0\0\235\0\0\0\1\1o\0;\0\0\0/re/frid"..., iov_len=428}], msg_iovlen=1, msg_controllen=0, msg_flags=0}, MSG_NOSIGNAL) = 428
20892 1783913222.679202 recvfrom(100, 0x7fc3985d70, 3200, MSG_DONTWAIT, NULL, NULL) = -1 EAGAIN (Try again)
20892 1783913222.685448 recvfrom(100, "nysv\0\0\0\0\0\0\0\0\0\0\0\0(\3138)\253\1\0\0\24\253\1\0\0\0\0\0", 3200, MSG_DONTWAIT, NULL, NULL) = 32
20892 1783913222.685493 recvfrom(100, 0x7fc3986860, 3200, MSG_DONTWAIT, NULL, NULL) = -1 EAGAIN (Try again)
20892 1783913222.688542 recvfrom(100, 0x7fc3986760, 3200, MSG_DONTWAIT, NULL, NULL) = -1 EAGAIN (Try again)
21004 1783913222.689228 sendmsg(177, {msg_name=NULL, msg_namelen=0, msg_iov=[{iov_base="l\1\1\1\374\0\0\0\335\3\0\0\235\0\0\0\1\1o\0;\0\0\0/re/frid"..., iov_len=428}], msg_iovlen=1, msg_controllen=0, msg_flags=0}, MSG_NOSIGNAL) = 428
20892 1783913222.702671 recvfrom(100, "nysv\0\0\0\0\0\0\0\0\0\0\0\0\tQ7*\253\1\0\0\25\253\1\0\0\0\0\0", 3200, MSG_DONTWAIT, NULL, NULL) = 32
20892 1783913222.702694 recvfrom(100, 0x7fc3986860, 3200, MSG_DONTWAIT, NULL, NULL) = -1 EAGAIN (Try again)
21004 1783913222.703048 sendmsg(177, {msg_name=NULL, msg_namelen=0, msg_iov=[{iov_base="l\1\1\1\374\0\0\0\336\3\0\0\235\0\0\0\1\1o\0;\0\0\0/re/frid"..., iov_len=428}], msg_iovlen=1, msg_controllen=0, msg_flags=0}, MSG_NOSIGNAL) = 428
20892 1783913223.124737 recvfrom(100, 0x7fc3986420, 3200, MSG_DONTWAIT, NULL, NULL) = -1 EAGAIN (Try again)
20892 1783913223.137260 recvfrom(100, "nysv\0\0\0\0\0\0\0\0\0\0\0\0sQ\nD\253\1\0\0/\253\1\0\0\0\0\0", 3200, MSG_DONTWAIT, NULL, NULL) = 32
20892 1783913223.137374 recvfrom(100, 0x7fc3986860, 3200, MSG_DONTWAIT, NULL, NULL) = -1 EAGAIN (Try again)
20892 1783913223.137493 recvfrom(114, 0x7d0fd84020, 2272, MSG_DONTWAIT, NULL, NULL) = -1 EAGAIN (Try again)
21004 1783913223.142856 sendmsg(177, {msg_name=NULL, msg_namelen=0, msg_iov=[{iov_base="l\1\1\1\374\0\0\0\337\3\0\0\235\0\0\0\1\1o\0;\0\0\0/re/frid"..., iov_len=428}], msg_iovlen=1, msg_controllen=0, msg_flags=0}, MSG_NOSIGNAL) = 428
20892 1783913223.178978 recvfrom(100, 0x7fc3985d70, 3200, MSG_DONTWAIT, NULL, NULL) = -1 EAGAIN (Try again)
20892 1783913223.185534 recvfrom(100, "nysv\0\0\0\0\0\0\0\0\0\0\0\0\313:\6G\253\1\0\0002\253\1\0\0\0\0\0", 3200, MSG_DONTWAIT, NULL, NULL) = 32
20892 1783913223.185576 recvfrom(100, 0x7fc3986860, 3200, MSG_DONTWAIT, NULL, NULL) = -1 EAGAIN (Try again)
20892 1783913223.188233 recvfrom(100, 0x7fc3986760, 3200, MSG_DONTWAIT, NULL, NULL) = -1 EAGAIN (Try again)
20957 1783913223.188473 openat(AT_FDCWD, "/proc/20892/stat", O_RDONLY|O_CLOEXEC) = 112
21004 1783913223.188945 sendmsg(177, {msg_name=NULL, msg_namelen=0, msg_iov=[{iov_base="l\1\1\1\374\0\0\0\340\3\0\0\235\0\0\0\1\1o\0;\0\0\0/re/frid"..., iov_len=428}], msg_iovlen=1, msg_controllen=0, msg_flags=0}, MSG_NOSIGNAL) = 428
20957 1783913223.190585 openat(AT_FDCWD, "/proc/20892/task", O_RDONLY|O_DIRECTORY) = 112
20957 1783913223.191159 openat(AT_FDCWD, "/proc/20892/task/20892/stat", O_RDONLY|O_CLOEXEC) = 130
20957 1783913223.192347 openat(AT_FDCWD, "/proc/20892/task/20898/stat", O_RDONLY|O_CLOEXEC) = 129
20957 1783913223.193470 openat(AT_FDCWD, "/proc/20892/task/20903/stat", O_RDONLY|O_CLOEXEC) = 129
20957 1783913223.194642 openat(AT_FDCWD, "/proc/20892/task/20904/stat", O_RDONLY|O_CLOEXEC) = 129
20957 1783913223.195736 openat(AT_FDCWD, "/proc/20892/task/20905/stat", O_RDONLY|O_CLOEXEC) = 129
20957 1783913223.196755 openat(AT_FDCWD, "/proc/20892/task/20906/stat", O_RDONLY|O_CLOEXEC) = 129
20957 1783913223.197774 openat(AT_FDCWD, "/proc/20892/task/20907/stat", O_RDONLY|O_CLOEXEC) = 129
20957 1783913223.198829 openat(AT_FDCWD, "/proc/20892/task/20908/stat", O_RDONLY|O_CLOEXEC) = 129
20957 1783913223.199876 openat(AT_FDCWD, "/proc/20892/task/20909/stat", O_RDONLY|O_CLOEXEC) = 129
20957 1783913223.200934 openat(AT_FDCWD, "/proc/20892/task/20910/stat", O_RDONLY|O_CLOEXEC) = 129
20957 1783913223.202214 openat(AT_FDCWD, "/proc/20892/task/20911/stat", O_RDONLY|O_CLOEXEC <unfinished ...>
20892 1783913223.202237 recvfrom(100, "nysv\0\0\0\0\0\0\0\0\0\0\0\0\r\334\4H\253\1\0\0003\253\1\0\0\0\0\0", 3200, MSG_DONTWAIT, NULL, NULL) = 32
20892 1783913223.202255 recvfrom(100, 0x7fc3986860, 3200, MSG_DONTWAIT, NULL, NULL) = -1 EAGAIN (Try again)
20957 1783913223.202302 <... openat resumed> ) = 129
21004 1783913223.202970 sendmsg(177, {msg_name=NULL, msg_namelen=0, msg_iov=[{iov_base="l\1\1\1\374\0\0\0\341\3\0\0\235\0\0\0\1\1o\0;\0\0\0/re/frid"..., iov_len=428}], msg_iovlen=1, msg_controllen=0, msg_flags=0}, MSG_NOSIGNAL) = 428
20957 1783913223.204844 openat(AT_FDCWD, "/proc/20892/task/20912/stat", O_RDONLY|O_CLOEXEC) = 129
20957 1783913223.207219 openat(AT_FDCWD, "/proc/20892/task/20913/stat", O_RDONLY|O_CLOEXEC) = 129
20957 1783913223.208379 openat(AT_FDCWD, "/proc/20892/task/20914/stat", O_RDONLY|O_CLOEXEC) = 129
20957 1783913223.209772 openat(AT_FDCWD, "/proc/20892/task/20922/stat", O_RDONLY|O_CLOEXEC) = 129
20957 1783913223.211117 openat(AT_FDCWD, "/proc/20892/task/20924/stat", O_RDONLY|O_CLOEXEC) = 129
20957 1783913223.212201 openat(AT_FDCWD, "/proc/20892/task/20946/stat", O_RDONLY|O_CLOEXEC) = 129
20957 1783913223.213252 openat(AT_FDCWD, "/proc/20892/task/20947/stat", O_RDONLY|O_CLOEXEC) = 129
20957 1783913223.214279 openat(AT_FDCWD, "/proc/20892/task/20948/stat", O_RDONLY|O_CLOEXEC) = 129
20957 1783913223.215390 openat(AT_FDCWD, "/proc/20892/task/20950/stat", O_RDONLY|O_CLOEXEC) = 129
20957 1783913223.216416 openat(AT_FDCWD, "/proc/20892/task/20951/stat", O_RDONLY|O_CLOEXEC) = 129
20957 1783913223.217446 openat(AT_FDCWD, "/proc/20892/task/20952/stat", O_RDONLY|O_CLOEXEC) = 129
20957 1783913223.218479 openat(AT_FDCWD, "/proc/20892/task/20953/stat", O_RDONLY|O_CLOEXEC) = 129
20957 1783913223.219725 openat(AT_FDCWD, "/proc/20892/task/20954/stat", O_RDONLY|O_CLOEXEC) = 129
20957 1783913223.220771 openat(AT_FDCWD, "/proc/20892/task/20956/stat", O_RDONLY|O_CLOEXEC) = 129
20957 1783913223.221769 openat(AT_FDCWD, "/proc/20892/task/20957/stat", O_RDONLY|O_CLOEXEC) = 129
20957 1783913223.222798 openat(AT_FDCWD, "/proc/20892/task/20958/stat", O_RDONLY|O_CLOEXEC) = 129
20957 1783913223.223786 openat(AT_FDCWD, "/proc/20892/task/20959/stat", O_RDONLY|O_CLOEXEC) = 129
20957 1783913223.224769 openat(AT_FDCWD, "/proc/20892/task/20960/stat", O_RDONLY|O_CLOEXEC) = 129
20957 1783913223.225765 openat(AT_FDCWD, "/proc/20892/task/20961/stat", O_RDONLY|O_CLOEXEC) = 129
20957 1783913223.226983 openat(AT_FDCWD, "/proc/20892/task/20962/stat", O_RDONLY|O_CLOEXEC) = 129
20957 1783913223.227997 openat(AT_FDCWD, "/proc/20892/task/20963/stat", O_RDONLY|O_CLOEXEC) = 129
20957 1783913223.229011 openat(AT_FDCWD, "/proc/20892/task/20965/stat", O_RDONLY|O_CLOEXEC) = 129
20957 1783913223.230023 openat(AT_FDCWD, "/proc/20892/task/20966/stat", O_RDONLY|O_CLOEXEC) = 129
20957 1783913223.231046 openat(AT_FDCWD, "/proc/20892/task/20968/stat", O_RDONLY|O_CLOEXEC) = 129
20957 1783913223.232053 openat(AT_FDCWD, "/proc/20892/task/20969/stat", O_RDONLY|O_CLOEXEC) = 129
20957 1783913223.233054 openat(AT_FDCWD, "/proc/20892/task/20972/stat", O_RDONLY|O_CLOEXEC) = 129
20957 1783913223.234059 openat(AT_FDCWD, "/proc/20892/task/20984/stat", O_RDONLY|O_CLOEXEC) = 129
20957 1783913223.235557 openat(AT_FDCWD, "/proc/20892/task/20985/stat", O_RDONLY|O_CLOEXEC) = 129
20957 1783913223.236558 openat(AT_FDCWD, "/proc/20892/task/20986/stat", O_RDONLY|O_CLOEXEC) = 129
20957 1783913223.237569 openat(AT_FDCWD, "/proc/20892/task/20989/stat", O_RDONLY|O_CLOEXEC) = 129
20957 1783913223.238844 openat(AT_FDCWD, "/proc/20892/task/20994/stat", O_RDONLY|O_CLOEXEC) = 129
20957 1783913223.240403 openat(AT_FDCWD, "/proc/20892/task/21001/stat", O_RDONLY|O_CLOEXEC) = 129
20957 1783913223.241401 openat(AT_FDCWD, "/proc/20892/task/21002/stat", O_RDONLY|O_CLOEXEC) = 129
20957 1783913223.242525 openat(AT_FDCWD, "/proc/20892/task/21004/stat", O_RDONLY|O_CLOEXEC) = 129
20957 1783913223.243534 openat(AT_FDCWD, "/proc/20892/task/21005/stat", O_RDONLY|O_CLOEXEC) = 129
20957 1783913223.244680 openat(AT_FDCWD, "/proc/20892/task/21064/stat", O_RDONLY|O_CLOEXEC) = 129
20892 1783913223.627397 recvfrom(100, 0x7fc3986420, 3200, MSG_DONTWAIT, NULL, NULL) = -1 EAGAIN (Try again)
20892 1783913223.638029 recvfrom(100, "nysv\0\0\0\0\0\0\0\0\0\0\0\0\7\257\327a\253\1\0\0M\253\1\0\0\0\0\0", 3200, MSG_DONTWAIT, NULL, NULL) = 32
20892 1783913223.638127 recvfrom(100, 0x7fc3986860, 3200, MSG_DONTWAIT, NULL, NULL) = -1 EAGAIN (Try again)
20892 1783913223.638230 recvfrom(114, 0x7d0fd84020, 2272, MSG_DONTWAIT, NULL, NULL) = -1 EAGAIN (Try again)
21004 1783913223.642855 sendmsg(177, {msg_name=NULL, msg_namelen=0, msg_iov=[{iov_base="l\1\1\1\374\0\0\0\342\3\0\0\235\0\0\0\1\1o\0;\0\0\0/re/frid"..., iov_len=428}], msg_iovlen=1, msg_controllen=0, msg_flags=0}, MSG_NOSIGNAL) = 428
20892 1783913223.680185 recvfrom(100, 0x7fc3985d70, 3200, MSG_DONTWAIT, NULL, NULL) = -1 EAGAIN (Try again)
20892 1783913223.685635 recvfrom(100, "nysv\0\0\0\0\0\0\0\0\0\0\0\0;\213\323d\253\1\0\0P\253\1\0\0\0\0\0", 3200, MSG_DONTWAIT, NULL, NULL) = 32
20892 1783913223.685664 recvfrom(100, 0x7fc3986860, 3200, MSG_DONTWAIT, NULL, NULL) = -1 EAGAIN (Try again)
20892 1783913223.688914 recvfrom(100, 0x7fc3986760, 3200, MSG_DONTWAIT, NULL, NULL) = -1 EAGAIN (Try again)
21004 1783913223.689658 sendmsg(177, {msg_name=NULL, msg_namelen=0, msg_iov=[{iov_base="l\1\1\1\374\0\0\0\343\3\0\0\235\0\0\0\1\1o\0;\0\0\0/re/frid"..., iov_len=428}], msg_iovlen=1, msg_controllen=0, msg_flags=0}, MSG_NOSIGNAL) = 428
20892 1783913223.706155 recvfrom(100, "nysv\0\0\0\0\0\0\0\0\0\0\0\0\311L\321e\253\1\0\0Q\253\1\0\0\0\0\0", 3200, MSG_DONTWAIT, NULL, NULL) = 32
20892 1783913223.706186 recvfrom(100, 0x7fc3986860, 3200, MSG_DONTWAIT, NULL, NULL) = -1 EAGAIN (Try again)
21004 1783913223.706843 sendmsg(177, {msg_name=NULL, msg_namelen=0, msg_iov=[{iov_base="l\1\1\1\374\0\0\0\344\3\0\0\235\0\0\0\1\1o\0;\0\0\0/re/frid"..., iov_len=428}], msg_iovlen=1, msg_controllen=0, msg_flags=0}, MSG_NOSIGNAL) = 428
20892 1783913224.129359 recvfrom(100, 0x7fc3986420, 3200, MSG_DONTWAIT, NULL, NULL) = -1 EAGAIN (Try again)
20892 1783913224.139818 recvfrom(100, "nysv\0\0\0\0\0\0\0\0\0\0\0\0\363\23\245\177\253\1\0\0k\253\1\0\0\0\0\0", 3200, MSG_DONTWAIT, NULL, NULL) = 32
20892 1783913224.139918 recvfrom(100, 0x7fc3986860, 3200, MSG_DONTWAIT, NULL, NULL) = -1 EAGAIN (Try again)
20892 1783913224.140014 recvfrom(114, 0x7d0fd84020, 2272, MSG_DONTWAIT, NULL, NULL) = -1 EAGAIN (Try again)
21004 1783913224.144245 sendmsg(177, {msg_name=NULL, msg_namelen=0, msg_iov=[{iov_base="l\1\1\1\374\0\0\0\345\3\0\0\235\0\0\0\1\1o\0;\0\0\0/re/frid"..., iov_len=428}], msg_iovlen=1, msg_controllen=0, msg_flags=0}, MSG_NOSIGNAL) = 428
20892 1783913224.181286 recvfrom(100, 0x7fc3985d70, 3200, MSG_DONTWAIT, NULL, NULL) = -1 EAGAIN (Try again)
20892 1783913224.189828 recvfrom(100, "nysv\0\0\0\0\0\0\0\0\0\0\0\0q\4\240\202\253\1\0\0n\253\1\0\0\0\0\0", 3200, MSG_DONTWAIT, NULL, NULL) = 32
20892 1783913224.189879 recvfrom(100, 0x7fc3986860, 3200, MSG_DONTWAIT, NULL, NULL) = -1 EAGAIN (Try again)
20892 1783913224.191826 recvfrom(100, 0x7fc3986760, 3200, MSG_DONTWAIT, NULL, NULL) = -1 EAGAIN (Try again)
21004 1783913224.192521 sendmsg(177, {msg_name=NULL, msg_namelen=0, msg_iov=[{iov_base="l\1\1\1\374\0\0\0\346\3\0\0\235\0\0\0\1\1o\0;\0\0\0/re/frid"..., iov_len=428}], msg_iovlen=1, msg_controllen=0, msg_flags=0}, MSG_NOSIGNAL) = 428
20892 1783913224.206174 recvfrom(100, "nysv\0\0\0\0\0\0\0\0\0\0\0\0\233T\236\203\253\1\0\0o\253\1\0\0\0\0\0", 3200, MSG_DONTWAIT, NULL, NULL) = 32
20892 1783913224.206205 recvfrom(100, 0x7fc3986860, 3200, MSG_DONTWAIT, NULL, NULL) = -1 EAGAIN (Try again)
21004 1783913224.206967 sendmsg(177, {msg_name=NULL, msg_namelen=0, msg_iov=[{iov_base="l\1\1\1\374\0\0\0\347\3\0\0\235\0\0\0\1\1o\0;\0\0\0/re/frid"..., iov_len=428}], msg_iovlen=1, msg_controllen=0, msg_flags=0}, MSG_NOSIGNAL) = 428
20892 1783913224.633748 recvfrom(100, 0x7fc3986420, 3200, MSG_DONTWAIT, NULL, NULL) = -1 EAGAIN (Try again)
20892 1783913224.636573 recvfrom(100, "nysv\0\0\0\0\0\0\0\0\0\0\0\0C\243r\235\253\1\0\0\211\253\1\0\0\0\0\0", 3200, MSG_DONTWAIT, NULL, NULL) = 32
20892 1783913224.636674 recvfrom(100, 0x7fc3986860, 3200, MSG_DONTWAIT, NULL, NULL) = -1 EAGAIN (Try again)
20892 1783913224.636774 recvfrom(114, 0x7d0fd84020, 2272, MSG_DONTWAIT, NULL, NULL) = -1 EAGAIN (Try again)
21004 1783913224.640807 sendmsg(177, {msg_name=NULL, msg_namelen=0, msg_iov=[{iov_base="l\1\1\1\374\0\0\0\350\3\0\0\235\0\0\0\1\1o\0;\0\0\0/re/frid"..., iov_len=428}], msg_iovlen=1, msg_controllen=0, msg_flags=0}, MSG_NOSIGNAL) = 428
20892 1783913224.678171 recvfrom(100, 0x7fc3985d70, 3200, MSG_DONTWAIT, NULL, NULL) = -1 EAGAIN (Try again)
20892 1783913224.688067 recvfrom(100, "nysv\0\0\0\0\0\0\0\0\0\0\0\0]im\240\253\1\0\0\214\253\1\0\0\0\0\0", 3200, MSG_DONTWAIT, NULL, NULL) = 32
20892 1783913224.688110 recvfrom(100, 0x7fc3986860, 3200, MSG_DONTWAIT, NULL, NULL) = -1 EAGAIN (Try again)
20892 1783913224.689782 recvfrom(100, 0x7fc3986760, 3200, MSG_DONTWAIT, NULL, NULL) = -1 EAGAIN (Try again)
21004 1783913224.690415 sendmsg(177, {msg_name=NULL, msg_namelen=0, msg_iov=[{iov_base="l\1\1\1\374\0\0\0\351\3\0\0\235\0\0\0\1\1o\0;\0\0\0/re/frid"..., iov_len=428}], msg_iovlen=1, msg_controllen=0, msg_flags=0}, MSG_NOSIGNAL) = 428
20892 1783913224.703712 recvfrom(100, "nysv\0\0\0\0\0\0\0\0\0\0\0\0A\273k\241\253\1\0\0\215\253\1\0\0\0\0\0", 3200, MSG_DONTWAIT, NULL, NULL) = 32
20892 1783913224.703756 recvfrom(100, 0x7fc3986860, 3200, MSG_DONTWAIT, NULL, NULL) = -1 EAGAIN (Try again)
21004 1783913224.704547 sendmsg(177, {msg_name=NULL, msg_namelen=0, msg_iov=[{iov_base="l\1\1\1\374\0\0\0\352\3\0\0\235\0\0\0\1\1o\0;\0\0\0/re/frid"..., iov_len=428}], msg_iovlen=1, msg_controllen=0, msg_flags=0}, MSG_NOSIGNAL) = 428
20892 1783913225.138382 recvfrom(100, 0x7fc3986420, 3200, MSG_DONTWAIT, NULL, NULL) = -1 EAGAIN (Try again)
20892 1783913225.140172 recvfrom(100, "nysv\0\0\0\0\0\0\0\0\0\0\0\0\313\335?\273\253\1\0\0\247\253\1\0\0\0\0\0", 3200, MSG_DONTWAIT, NULL, NULL) = 32
20892 1783913225.140255 recvfrom(100, 0x7fc3986860, 3200, MSG_DONTWAIT, NULL, NULL) = -1 EAGAIN (Try again)
20892 1783913225.140331 recvfrom(114, 0x7d0fd84020, 2272, MSG_DONTWAIT, NULL, NULL) = -1 EAGAIN (Try again)
21004 1783913225.143694 sendmsg(177, {msg_name=NULL, msg_namelen=0, msg_iov=[{iov_base="l\1\1\1\374\0\0\0\353\3\0\0\235\0\0\0\1\1o\0;\0\0\0/re/frid"..., iov_len=428}], msg_iovlen=1, msg_controllen=0, msg_flags=0}, MSG_NOSIGNAL) = 428
20892 1783913225.179720 recvfrom(100, 0x7fc3985d70, 3200, MSG_DONTWAIT, NULL, NULL) = -1 EAGAIN (Try again)
20892 1783913225.187951 recvfrom(100, "nysv\0\0\0\0\0\0\0\0\0\0\0\0I\316:\276\253\1\0\0\252\253\1\0\0\0\0\0", 3200, MSG_DONTWAIT, NULL, NULL) = 32
20892 1783913225.188011 recvfrom(100, 0x7fc3986860, 3200, MSG_DONTWAIT, NULL, NULL) = -1 EAGAIN (Try again)
20892 1783913225.189856 recvfrom(100, 0x7fc3986760, 3200, MSG_DONTWAIT, NULL, NULL) = -1 EAGAIN (Try again)
21004 1783913225.190672 sendmsg(177, {msg_name=NULL, msg_namelen=0, msg_iov=[{iov_base="l\1\1\1\374\0\0\0\354\3\0\0\235\0\0\0\1\1o\0;\0\0\0/re/frid"..., iov_len=428}], msg_iovlen=1, msg_controllen=0, msg_flags=0}, MSG_NOSIGNAL) = 428
20892 1783913225.203797 recvfrom(100, "nysv\0\0\0\0\0\0\0\0\0\0\0\0s\369\277\253\1\0\0\253\253\1\0\0\0\0\0", 3200, MSG_DONTWAIT, NULL, NULL) = 32
20892 1783913225.203826 recvfrom(100, 0x7fc3986860, 3200, MSG_DONTWAIT, NULL, NULL) = -1 EAGAIN (Try again)
21004 1783913225.204165 sendmsg(177, {msg_name=NULL, msg_namelen=0, msg_iov=[{iov_base="l\1\1\1\374\0\0\0\355\3\0\0\235\0\0\0\1\1o\0;\0\0\0/re/frid"..., iov_len=428}], msg_iovlen=1, msg_controllen=0, msg_flags=0}, MSG_NOSIGNAL) = 428
20892 1783913225.640210 recvfrom(100, 0x7fc3986420, 3200, MSG_DONTWAIT, NULL, NULL) = -1 EAGAIN (Try again)
20892 1783913225.653987 recvfrom(100, "nysv\0\0\0\0\0\0\0\0\0\0\0\0\341\222\v\332\253\1\0\0\306\253\1\0\0\0\0\0", 3200, MSG_DONTWAIT, NULL, NULL) = 32
20892 1783913225.654100 recvfrom(100, 0x7fc3986860, 3200, MSG_DONTWAIT, NULL, NULL) = -1 EAGAIN (Try again)
20892 1783913225.654225 recvfrom(114, 0x7d0fd84020, 2272, MSG_DONTWAIT, NULL, NULL) = -1 EAGAIN (Try again)
21004 1783913225.658979 sendmsg(177, {msg_name=NULL, msg_namelen=0, msg_iov=[{iov_base="l\1\1\1\374\0\0\0\356\3\0\0\235\0\0\0\1\1o\0;\0\0\0/re/frid"..., iov_len=428}], msg_iovlen=1, msg_controllen=0, msg_flags=0}, MSG_NOSIGNAL) = 428
20892 1783913225.694579 recvfrom(100, 0x7fc3985d70, 3200, MSG_DONTWAIT, NULL, NULL) = -1 EAGAIN (Try again)
20892 1783913225.702789 recvfrom(100, "nysv\0\0\0\0\0\0\0\0\0\0\0\0_\203\6\335\253\1\0\0\311\253\1\0\0\0\0\0", 3200, MSG_DONTWAIT, NULL, NULL) = 32
20892 1783913225.702840 recvfrom(100, 0x7fc3986860, 3200, MSG_DONTWAIT, NULL, NULL) = -1 EAGAIN (Try again)
20892 1783913225.708566 recvfrom(100, 0x7fc3986760, 3200, MSG_DONTWAIT, NULL, NULL) = -1 EAGAIN (Try again)
21004 1783913225.709036 sendmsg(177, {msg_name=NULL, msg_namelen=0, msg_iov=[{iov_base="l\1\1\1\374\0\0\0\357\3\0\0\235\0\0\0\1\1o\0;\0\0\0/re/frid"..., iov_len=428}], msg_iovlen=1, msg_controllen=0, msg_flags=0}, MSG_NOSIGNAL) = 428
20892 1783913225.721853 recvfrom(100, "nysv\0\0\0\0\0\0\0\0\0\0\0\0\211\323\4\336\253\1\0\0\312\253\1\0\0\0\0\0", 3200, MSG_DONTWAIT, NULL, NULL) = 32
20892 1783913225.721880 recvfrom(100, 0x7fc3986860, 3200, MSG_DONTWAIT, NULL, NULL) = -1 EAGAIN (Try again)
21004 1783913225.722293 sendmsg(177, {msg_name=NULL, msg_namelen=0, msg_iov=[{iov_base="l\1\1\1\374\0\0\0\360\3\0\0\235\0\0\0\1\1o\0;\0\0\0/re/frid"..., iov_len=428}], msg_iovlen=1, msg_controllen=0, msg_flags=0}, MSG_NOSIGNAL) = 428
20892 1783913226.142030 recvfrom(100, 0x7fc3986420, 3200, MSG_DONTWAIT, NULL, NULL) = -1 EAGAIN (Try again)
20892 1783913226.153315 recvfrom(100, "nysv\0\0\0\0\0\0\0\0\0\0\0\0\27G\331\367\253\1\0\0\344\253\1\0\0\0\0\0", 3200, MSG_DONTWAIT, NULL, NULL) = 32
20892 1783913226.153429 recvfrom(100, 0x7fc3986860, 3200, MSG_DONTWAIT, NULL, NULL) = -1 EAGAIN (Try again)
20892 1783913226.153560 recvfrom(114, 0x7d0fd84020, 2272, MSG_DONTWAIT, NULL, NULL) = -1 EAGAIN (Try again)
21004 1783913226.157820 sendmsg(177, {msg_name=NULL, msg_namelen=0, msg_iov=[{iov_base="l\1\1\1\374\0\0\0\361\3\0\0\235\0\0\0\1\1o\0;\0\0\0/re/frid"..., iov_len=428}], msg_iovlen=1, msg_controllen=0, msg_flags=0}, MSG_NOSIGNAL) = 428
20892 1783913226.187263 recvfrom(100, 0x7fc3985d70, 3200, MSG_DONTWAIT, NULL, NULL) = -1 EAGAIN (Try again)
20892 1783913226.188863 recvfrom(100, "nysv\0\0\0\0\0\0\0\0\0\0\0\0!\230\325\371\253\1\0\0\346\253\1\0\0\0\0\0", 3200, MSG_DONTWAIT, NULL, NULL) = 32
20892 1783913226.188906 recvfrom(100, 0x7fc3986860, 3200, MSG_DONTWAIT, NULL, NULL) = -1 EAGAIN (Try again)
20892 1783913226.190648 recvfrom(100, 0x7fc3986760, 3200, MSG_DONTWAIT, NULL, NULL) = -1 EAGAIN (Try again)
21004 1783913226.191515 sendmsg(177, {msg_name=NULL, msg_namelen=0, msg_iov=[{iov_base="l\1\1\1\374\0\0\0\362\3\0\0\235\0\0\0\1\1o\0;\0\0\0/re/frid"..., iov_len=428}], msg_iovlen=1, msg_controllen=0, msg_flags=0}, MSG_NOSIGNAL) = 428
20892 1783913226.202161 recvfrom(100, "nysv\0\0\0\0\0\0\0\0\0\0\0\0,6\324\372\253\1\0\0\347\253\1\0\0\0\0\0", 3200, MSG_DONTWAIT, NULL, NULL) = 32
20892 1783913226.202202 recvfrom(100, 0x7fc3986860, 3200, MSG_DONTWAIT, NULL, NULL) = -1 EAGAIN (Try again)
21004 1783913226.202862 sendmsg(177, {msg_name=NULL, msg_namelen=0, msg_iov=[{iov_base="l\1\1\1\374\0\0\0\363\3\0\0\235\0\0\0\1\1o\0;\0\0\0/re/frid"..., iov_len=428}], msg_iovlen=1, msg_controllen=0, msg_flags=0}, MSG_NOSIGNAL) = 428
20892 1783913226.644475 recvfrom(100, 0x7fc3986420, 3200, MSG_DONTWAIT, NULL, NULL) = -1 EAGAIN (Try again)
20892 1783913226.657134 recvfrom(100, "nysv\0\0\0\0\0\0\0\0\0\0\0\0\271\\\246\25\254\1\0\0\2\254\1\0\0\0\0\0", 3200, MSG_DONTWAIT, NULL, NULL) = 32
20892 1783913226.657253 recvfrom(100, 0x7fc3986860, 3200, MSG_DONTWAIT, NULL, NULL) = -1 EAGAIN (Try again)
20892 1783913226.657484 recvfrom(114, 0x7d0fd84020, 2272, MSG_DONTWAIT, NULL, NULL) = -1 EAGAIN (Try again)
21004 1783913226.661772 sendmsg(177, {msg_name=NULL, msg_namelen=0, msg_iov=[{iov_base="l\1\1\1\374\0\0\0\364\3\0\0\235\0\0\0\1\1o\0;\0\0\0/re/frid"..., iov_len=428}], msg_iovlen=1, msg_controllen=0, msg_flags=0}, MSG_NOSIGNAL) = 428
20892 1783913226.692604 recvfrom(100, 0x7fc3985d70, 3200, MSG_DONTWAIT, NULL, NULL) = -1 EAGAIN (Try again)
20892 1783913226.702063 recvfrom(100, "nysv\0\0\0\0\0\0\0\0\0\0\0\0006\235\241\30\254\1\0\0\5\254\1\0\0\0\0\0", 3200, MSG_DONTWAIT, NULL, NULL) = 32
20892 1783913226.702100 recvfrom(100, 0x7fc3986860, 3200, MSG_DONTWAIT, NULL, NULL) = -1 EAGAIN (Try again)
20892 1783913226.707858 recvfrom(100, 0x7fc3986760, 3200, MSG_DONTWAIT, NULL, NULL) = -1 EAGAIN (Try again)
21004 1783913226.708420 sendmsg(177, {msg_name=NULL, msg_namelen=0, msg_iov=[{iov_base="l\1\1\1\374\0\0\0\365\3\0\0\235\0\0\0\1\1o\0;\0\0\0/re/frid"..., iov_len=428}], msg_iovlen=1, msg_controllen=0, msg_flags=0}, MSG_NOSIGNAL) = 428
20892 1783913226.720198 recvfrom(100, "nysv\0\0\0\0\0\0\0\0\0\0\0\0006\344\237\31\254\1\0\0\6\254\1\0\0\0\0\0", 3200, MSG_DONTWAIT, NULL, NULL) = 32
20892 1783913226.720229 recvfrom(100, 0x7fc3986860, 3200, MSG_DONTWAIT, NULL, NULL) = -1 EAGAIN (Try again)
21004 1783913226.720624 sendmsg(177, {msg_name=NULL, msg_namelen=0, msg_iov=[{iov_base="l\1\1\1\374\0\0\0\366\3\0\0\235\0\0\0\1\1o\0;\0\0\0/re/frid"..., iov_len=428}], msg_iovlen=1, msg_controllen=0, msg_flags=0}, MSG_NOSIGNAL) = 428
20892 1783913227.147016 recvfrom(100, 0x7fc3986420, 3200, MSG_DONTWAIT, NULL, NULL) = -1 EAGAIN (Try again)
20892 1783913227.157249 recvfrom(100, "nysv\0\0\0\0\0\0\0\0\0\0\0\0\245\301s3\254\1\0\0 \254\1\0\0\0\0\0", 3200, MSG_DONTWAIT, NULL, NULL) = 32
20892 1783913227.157351 recvfrom(100, 0x7fc3986860, 3200, MSG_DONTWAIT, NULL, NULL) = -1 EAGAIN (Try again)
20892 1783913227.157454 recvfrom(114, 0x7d0fd84020, 2272, MSG_DONTWAIT, NULL, NULL) = -1 EAGAIN (Try again)
21004 1783913227.161877 sendmsg(177, {msg_name=NULL, msg_namelen=0, msg_iov=[{iov_base="l\1\1\1\374\0\0\0\367\3\0\0\235\0\0\0\1\1o\0;\0\0\0/re/frid"..., iov_len=428}], msg_iovlen=1, msg_controllen=0, msg_flags=0}, MSG_NOSIGNAL) = 428
20892 1783913227.192471 recvfrom(100, 0x7fc3985d70, 3200, MSG_DONTWAIT, NULL, NULL) = -1 EAGAIN (Try again)
20892 1783913227.203781 recvfrom(100, "nysv\0\0\0\0\0\0\0\0\0\0\0\0#\262n6\254\1\0\0#\254\1\0\0\0\0\0", 3200, MSG_DONTWAIT, NULL, NULL) = 32
20892 1783913227.203836 recvfrom(100, 0x7fc3986860, 3200, MSG_DONTWAIT, NULL, NULL) = -1 EAGAIN (Try again)
20892 1783913227.205378 recvfrom(100, 0x7fc3986760, 3200, MSG_DONTWAIT, NULL, NULL) = -1 EAGAIN (Try again)
21004 1783913227.206047 sendmsg(177, {msg_name=NULL, msg_namelen=0, msg_iov=[{iov_base="l\1\1\1\374\0\0\0\370\3\0\0\235\0\0\0\1\1o\0;\0\0\0/re/frid"..., iov_len=428}], msg_iovlen=1, msg_controllen=0, msg_flags=0}, MSG_NOSIGNAL) = 428
20892 1783913227.224040 recvfrom(100, "nysv\0\0\0\0\0\0\0\0\0\0\0\0M\2m7\254\1\0\0$\254\1\0\0\0\0\0", 3200, MSG_DONTWAIT, NULL, NULL) = 32
20892 1783913227.224061 recvfrom(100, 0x7fc3986860, 3200, MSG_DONTWAIT, NULL, NULL) = -1 EAGAIN (Try again)
21004 1783913227.224462 sendmsg(177, {msg_name=NULL, msg_namelen=0, msg_iov=[{iov_base="l\1\1\1\374\0\0\0\371\3\0\0\235\0\0\0\1\1o\0;\0\0\0/re/frid"..., iov_len=428}], msg_iovlen=1, msg_controllen=0, msg_flags=0}, MSG_NOSIGNAL) = 428
20892 1783913227.647602 recvfrom(100, 0x7fc3986420, 3200, MSG_DONTWAIT, NULL, NULL) = -1 EAGAIN (Try again)
20892 1783913227.656265 recvfrom(100, "nysv\0\0\0\0\0\0\0\0\0\0\0\0\221&AQ\254\1\0\0>\254\1\0\0\0\0\0", 3200, MSG_DONTWAIT, NULL, NULL) = 32
20892 1783913227.656379 recvfrom(100, 0x7fc3986860, 3200, MSG_DONTWAIT, NULL, NULL) = -1 EAGAIN (Try again)
20892 1783913227.656625 recvfrom(114, 0x7d0fd84020, 2272, MSG_DONTWAIT, NULL, NULL) = -1 EAGAIN (Try again)
21004 1783913227.661750 sendmsg(177, {msg_name=NULL, msg_namelen=0, msg_iov=[{iov_base="l\1\1\1\374\0\0\0\372\3\0\0\235\0\0\0\1\1o\0;\0\0\0/re/frid"..., iov_len=428}], msg_iovlen=1, msg_controllen=0, msg_flags=0}, MSG_NOSIGNAL) = 428
20892 1783913227.693429 recvfrom(100, 0x7fc3985d70, 3200, MSG_DONTWAIT, NULL, NULL) = -1 EAGAIN (Try again)
20892 1783913227.703976 recvfrom(100, "nysv\0\0\0\0\0\0\0\0\0\0\0\0\324j<T\254\1\0\0A\254\1\0\0\0\0\0", 3200, MSG_DONTWAIT, NULL, NULL) = 32
20892 1783913227.704033 recvfrom(100, 0x7fc3986860, 3200, MSG_DONTWAIT, NULL, NULL) = -1 EAGAIN (Try again)
20892 1783913227.705776 recvfrom(100, 0x7fc3986760, 3200, MSG_DONTWAIT, NULL, NULL) = -1 EAGAIN (Try again)
21004 1783913227.706434 sendmsg(177, {msg_name=NULL, msg_namelen=0, msg_iov=[{iov_base="l\1\1\1\374\0\0\0\373\3\0\0\235\0\0\0\1\1o\0;\0\0\0/re/frid"..., iov_len=428}], msg_iovlen=1, msg_controllen=0, msg_flags=0}, MSG_NOSIGNAL) = 428
20892 1783913227.722669 recvfrom(100, "nysv\0\0\0\0\0\0\0\0\0\0\0\09g:U\254\1\0\0B\254\1\0\0\0\0\0", 3200, MSG_DONTWAIT, NULL, NULL) = 32
20892 1783913227.722692 recvfrom(100, 0x7fc3986860, 3200, MSG_DONTWAIT, NULL, NULL) = -1 EAGAIN (Try again)
21004 1783913227.723110 sendmsg(177, {msg_name=NULL, msg_namelen=0, msg_iov=[{iov_base="l\1\1\1\374\0\0\0\374\3\0\0\235\0\0\0\1\1o\0;\0\0\0/re/frid"..., iov_len=428}], msg_iovlen=1, msg_controllen=0, msg_flags=0}, MSG_NOSIGNAL) = 428
20892 1783913228.149726 recvfrom(100, 0x7fc3986420, 3200, MSG_DONTWAIT, NULL, NULL) = -1 EAGAIN (Try again)
20892 1783913228.152149 recvfrom(100, "nysv\0\0\0\0\0\0\0\0\0\0\0\0@\336\16o\254\1\0\0\\\254\1\0\0\0\0\0", 3200, MSG_DONTWAIT, NULL, NULL) = 32
20892 1783913228.152751 recvfrom(100, 0x7fc3986860, 3200, MSG_DONTWAIT, NULL, NULL) = -1 EAGAIN (Try again)
20892 1783913228.152937 recvfrom(114, 0x7d0fd84020, 2272, MSG_DONTWAIT, NULL, NULL) = -1 EAGAIN (Try again)
21004 1783913228.156606 sendmsg(177, {msg_name=NULL, msg_namelen=0, msg_iov=[{iov_base="l\1\1\1\374\0\0\0\375\3\0\0\235\0\0\0\1\1o\0;\0\0\0/re/frid"..., iov_len=428}], msg_iovlen=1, msg_controllen=0, msg_flags=0}, MSG_NOSIGNAL) = 428
20892 1783913228.187600 recvfrom(100, 0x7fc3985d70, 3200, MSG_DONTWAIT, NULL, NULL) = -1 EAGAIN (Try again)
20892 1783913228.204320 recvfrom(100, "nysv\0\0\0\0\0\0\0\0\0\0\0\0\325\246\tr\254\1\0\0_\254\1\0\0\0\0\0", 3200, MSG_DONTWAIT, NULL, NULL) = 32
20892 1783913228.204364 recvfrom(100, 0x7fc3986860, 3200, MSG_DONTWAIT, NULL, NULL) = -1 EAGAIN (Try again)
20892 1783913228.209285 recvfrom(100, 0x7fc3986760, 3200, MSG_DONTWAIT, NULL, NULL) = -1 EAGAIN (Try again)
21004 1783913228.209699 sendmsg(177, {msg_name=NULL, msg_namelen=0, msg_iov=[{iov_base="l\1\1\1\374\0\0\0\376\3\0\0\235\0\0\0\1\1o\0;\0\0\0/re/frid"..., iov_len=428}], msg_iovlen=1, msg_controllen=0, msg_flags=0}, MSG_NOSIGNAL) = 428
20892 1783913228.220547 recvfrom(100, "nysv\0\0\0\0\0\0\0\0\0\0\0\0D\327\7s\254\1\0\0`\254\1\0\0\0\0\0", 3200, MSG_DONTWAIT, NULL, NULL) = 32
20892 1783913228.220574 recvfrom(100, 0x7fc3986860, 3200, MSG_DONTWAIT, NULL, NULL) = -1 EAGAIN (Try again)
21004 1783913228.221247 sendmsg(177, {msg_name=NULL, msg_namelen=0, msg_iov=[{iov_base="l\1\1\1\374\0\0\0\377\3\0\0\235\0\0\0\1\1o\0;\0\0\0/re/frid"..., iov_len=428}], msg_iovlen=1, msg_controllen=0, msg_flags=0}, MSG_NOSIGNAL) = 428
20892 1783913228.653944 recvfrom(100, 0x7fc3986420, 3200, MSG_DONTWAIT, NULL, NULL) = -1 EAGAIN (Try again)
20892 1783913228.656014 recvfrom(100, "nysv\0\0\0\0\0\0\0\0\0\0\0\0i\360\333\214\254\1\0\0y\254\1\0\0\0\0\0", 3200, MSG_DONTWAIT, NULL, NULL) = 32
20892 1783913228.656086 recvfrom(100, 0x7fc3986860, 3200, MSG_DONTWAIT, NULL, NULL) = -1 EAGAIN (Try again)
20892 1783913228.656151 recvfrom(114, 0x7d0fd84020, 2272, MSG_DONTWAIT, NULL, NULL) = -1 EAGAIN (Try again)
21004 1783913228.660145 sendmsg(177, {msg_name=NULL, msg_namelen=0, msg_iov=[{iov_base="l\1\1\1\374\0\0\0\0\4\0\0\235\0\0\0\1\1o\0;\0\0\0/re/frid"..., iov_len=428}], msg_iovlen=1, msg_controllen=0, msg_flags=0}, MSG_NOSIGNAL) = 428
20892 1783913228.689610 recvfrom(100, 0x7fc3985d70, 3200, MSG_DONTWAIT, NULL, NULL) = -1 EAGAIN (Try again)
20892 1783913228.702253 recvfrom(100, "nysv\0\0\0\0\0\0\0\0\0\0\0\0OY\327\217\254\1\0\0|\254\1\0\0\0\0\0", 3200, MSG_DONTWAIT, NULL, NULL) = 32
20892 1783913228.702293 recvfrom(100, 0x7fc3986860, 3200, MSG_DONTWAIT, NULL, NULL) = -1 EAGAIN (Try again)
20892 1783913228.705681 recvfrom(100, 0x7fc3986760, 3200, MSG_DONTWAIT, NULL, NULL) = -1 EAGAIN (Try again)
21004 1783913228.706194 sendmsg(177, {msg_name=NULL, msg_namelen=0, msg_iov=[{iov_base="l\1\1\1\374\0\0\0\1\4\0\0\235\0\0\0\1\1o\0;\0\0\0/re/frid"..., iov_len=428}], msg_iovlen=1, msg_controllen=0, msg_flags=0}, MSG_NOSIGNAL) = 428
20892 1783913228.722572 recvfrom(100, "nysv\0\0\0\0\0\0\0\0\0\0\0\0\0211\325\220\254\1\0\0}\254\1\0\0\0\0\0", 3200, MSG_DONTWAIT, NULL, NULL) = 32
20892 1783913228.722602 recvfrom(100, 0x7fc3986860, 3200, MSG_DONTWAIT, NULL, NULL) = -1 EAGAIN (Try again)
21004 1783913228.723269 sendmsg(177, {msg_name=NULL, msg_namelen=0, msg_iov=[{iov_base="l\1\1\1\374\0\0\0\2\4\0\0\235\0\0\0\1\1o\0;\0\0\0/re/frid"..., iov_len=428}], msg_iovlen=1, msg_controllen=0, msg_flags=0}, MSG_NOSIGNAL) = 428
20892 1783913229.154835 recvfrom(100, 0x7fc3986420, 3200, MSG_DONTWAIT, NULL, NULL) = -1 EAGAIN (Try again)
20892 1783913229.172756 recvfrom(100, "nysv\0\0\0\0\0\0\0\0\0\0\0\0\177\245\247\253\254\1\0\0\227\254\1\0\0\0\0\0", 3200, MSG_DONTWAIT, NULL, NULL) = 32
20892 1783913229.172821 recvfrom(100, 0x7fc3986860, 3200, MSG_DONTWAIT, NULL, NULL) = -1 EAGAIN (Try again)
20892 1783913229.172885 recvfrom(114, 0x7d0fd84020, 2272, MSG_DONTWAIT, NULL, NULL) = -1 EAGAIN (Try again)
21004 1783913229.174917 sendmsg(177, {msg_name=NULL, msg_namelen=0, msg_iov=[{iov_base="l\1\1\1\374\0\0\0\3\4\0\0\235\0\0\0\1\1o\0;\0\0\0/re/frid"..., iov_len=428}], msg_iovlen=1, msg_controllen=0, msg_flags=0}, MSG_NOSIGNAL) = 428
20892 1783913229.201311 recvfrom(100, 0x7fc3985d70, 3200, MSG_DONTWAIT, NULL, NULL) = -1 EAGAIN (Try again)
20892 1783913229.202215 recvfrom(100, "nysv\0\0\0\0\0\0\0\0\0\0\0\0\207\210\244\255\254\1\0\0\231\254\1\0\0\0\0\0", 3200, MSG_DONTWAIT, NULL, NULL) = 32
20892 1783913229.202246 recvfrom(100, 0x7fc3986860, 3200, MSG_DONTWAIT, NULL, NULL) = -1 EAGAIN (Try again)
20892 1783913229.203899 recvfrom(100, 0x7fc3986760, 3200, MSG_DONTWAIT, NULL, NULL) = -1 EAGAIN (Try again)
21004 1783913229.204592 sendmsg(177, {msg_name=NULL, msg_namelen=0, msg_iov=[{iov_base="l\1\1\1\374\0\0\0\4\4\0\0\235\0\0\0\1\1o\0;\0\0\0/re/frid"..., iov_len=428}], msg_iovlen=1, msg_controllen=0, msg_flags=0}, MSG_NOSIGNAL) = 428
20892 1783913229.220308 recvfrom(100, "nysv\0\0\0\0\0\0\0\0\0\0\0\0D\311\242\256\254\1\0\0\232\254\1\0\0\0\0\0", 3200, MSG_DONTWAIT, NULL, NULL) = 32
20892 1783913229.220334 recvfrom(100, 0x7fc3986860, 3200, MSG_DONTWAIT, NULL, NULL) = -1 EAGAIN (Try again)
21004 1783913229.220712 sendmsg(177, {msg_name=NULL, msg_namelen=0, msg_iov=[{iov_base="l\1\1\1\374\0\0\0\5\4\0\0\235\0\0\0\1\1o\0;\0\0\0/re/frid"..., iov_len=428}], msg_iovlen=1, msg_controllen=0, msg_flags=0}, MSG_NOSIGNAL) = 428
20892 1783913229.657391 recvfrom(100, 0x7fc3986420, 3200, MSG_DONTWAIT, NULL, NULL) = -1 EAGAIN (Try again)
20892 1783913229.670151 recvfrom(100, "nysv\0\0\0\0\0\0\0\0\0\0\0\0\365\31u\311\254\1\0\0\265\254\1\0\0\0\0\0", 3200, MSG_DONTWAIT, NULL, NULL) = 32
20892 1783913229.670250 recvfrom(100, 0x7fc3986860, 3200, MSG_DONTWAIT, NULL, NULL) = -1 EAGAIN (Try again)
20892 1783913229.670355 recvfrom(114, 0x7d0fd84020, 2272, MSG_DONTWAIT, NULL, NULL) = -1 EAGAIN (Try again)
21004 1783913229.674795 sendmsg(177, {msg_name=NULL, msg_namelen=0, msg_iov=[{iov_base="l\1\1\1\374\0\0\0\6\4\0\0\235\0\0\0\1\1o\0;\0\0\0/re/frid"..., iov_len=428}], msg_iovlen=1, msg_controllen=0, msg_flags=0}, MSG_NOSIGNAL) = 428
20892 1783913229.704979 recvfrom(100, 0x7fc3985d70, 3200, MSG_DONTWAIT, NULL, NULL) = -1 EAGAIN (Try again)
20892 1783913229.707218 recvfrom(100, "nysv\0\0\0\0\0\0\0\0\0\0\0\0\277\252q\313\254\1\0\0\267\254\1\0\0\0\0\0", 3200, MSG_DONTWAIT, NULL, NULL) = 32
20892 1783913229.707256 recvfrom(100, 0x7fc3986860, 3200, MSG_DONTWAIT, NULL, NULL) = -1 EAGAIN (Try again)
20892 1783913229.709120 recvfrom(100, 0x7fc3986760, 3200, MSG_DONTWAIT, NULL, NULL) = -1 EAGAIN (Try again)
21004 1783913229.709829 sendmsg(177, {msg_name=NULL, msg_namelen=0, msg_iov=[{iov_base="l\1\1\1\374\0\0\0\7\4\0\0\235\0\0\0\1\1o\0;\0\0\0/re/frid"..., iov_len=428}], msg_iovlen=1, msg_controllen=0, msg_flags=0}, MSG_NOSIGNAL) = 428
20892 1783913229.718710 recvfrom(100, "nysv\0\0\0\0\0\0\0\0\0\0\0\0\220Kp\314\254\1\0\0\270\254\1\0\0\0\0\0", 3200, MSG_DONTWAIT, NULL, NULL) = 32
20892 1783913229.718735 recvfrom(100, 0x7fc3986860, 3200, MSG_DONTWAIT, NULL, NULL) = -1 EAGAIN (Try again)
21004 1783913229.719092 sendmsg(177, {msg_name=NULL, msg_namelen=0, msg_iov=[{iov_base="l\1\1\1\374\0\0\0\10\4\0\0\235\0\0\0\1\1o\0;\0\0\0/re/frid"..., iov_len=428}], msg_iovlen=1, msg_controllen=0, msg_flags=0}, MSG_NOSIGNAL) = 428
20892 1783913230.161345 recvfrom(100, 0x7fc3986420, 3200, MSG_DONTWAIT, NULL, NULL) = -1 EAGAIN (Try again)
20892 1783913230.170827 recvfrom(100, "nysv\0\0\0\0\0\0\0\0\0\0\0\0\17\204B\347\254\1\0\0\323\254\1\0\0\0\0\0", 3200, MSG_DONTWAIT, NULL, NULL) = 32
20892 1783913230.170915 recvfrom(100, 0x7fc3986860, 3200, MSG_DONTWAIT, NULL, NULL) = -1 EAGAIN (Try again)
20892 1783913230.171006 recvfrom(114, 0x7d0fd84020, 2272, MSG_DONTWAIT, NULL, NULL) = -1 EAGAIN (Try again)
21004 1783913230.175143 sendmsg(177, {msg_name=NULL, msg_namelen=0, msg_iov=[{iov_base="l\1\1\1\374\0\0\0\t\4\0\0\235\0\0\0\1\1o\0;\0\0\0/re/frid"..., iov_len=428}], msg_iovlen=1, msg_controllen=0, msg_flags=0}, MSG_NOSIGNAL) = 428
20892 1783913230.210122 recvfrom(100, 0x7fc3985d70, 3200, MSG_DONTWAIT, NULL, NULL) = -1 EAGAIN (Try again)
20892 1783913230.221041 recvfrom(100, "nysv\0\0\0\0\0\0\0\0\0\0\0\0\325_=\352\254\1\0\0\326\254\1\0\0\0\0\0", 3200, MSG_DONTWAIT, NULL, NULL) = 32
20892 1783913230.221079 recvfrom(100, 0x7fc3986860, 3200, MSG_DONTWAIT, NULL, NULL) = -1 EAGAIN (Try again)
20892 1783913230.222665 recvfrom(100, 0x7fc3986760, 3200, MSG_DONTWAIT, NULL, NULL) = -1 EAGAIN (Try again)
21004 1783913230.223503 sendmsg(177, {msg_name=NULL, msg_namelen=0, msg_iov=[{iov_base="l\1\1\1\374\0\0\0\n\4\0\0\235\0\0\0\1\1o\0;\0\0\0/re/frid"..., iov_len=428}], msg_iovlen=1, msg_controllen=0, msg_flags=0}, MSG_NOSIGNAL) = 428
20892 1783913230.236900 recvfrom(100, "nysv\0\0\0\0\0\0\0\0\0\0\0\0\377\257;\353\254\1\0\0\327\254\1\0\0\0\0\0", 3200, MSG_DONTWAIT, NULL, NULL) = 32
20892 1783913230.236920 recvfrom(100, 0x7fc3986860, 3200, MSG_DONTWAIT, NULL, NULL) = -1 EAGAIN (Try again)
21004 1783913230.237268 sendmsg(177, {msg_name=NULL, msg_namelen=0, msg_iov=[{iov_base="l\1\1\1\374\0\0\0\v\4\0\0\235\0\0\0\1\1o\0;\0\0\0/re/frid"..., iov_len=428}], msg_iovlen=1, msg_controllen=0, msg_flags=0}, MSG_NOSIGNAL) = 428
20892 1783913230.664672 recvfrom(100, 0x7fc3986420, 3200, MSG_DONTWAIT, NULL, NULL) = -1 EAGAIN (Try again)
20892 1783913230.669389 recvfrom(100, "nysv\0\0\0\0\0\0\0\0\0\0\0\0I!\20\5\255\1\0\0\361\254\1\0\0\0\0\0", 3200, MSG_DONTWAIT, NULL, NULL) = 32
20892 1783913230.669579 recvfrom(100, 0x7fc3986860, 3200, MSG_DONTWAIT, NULL, NULL) = -1 EAGAIN (Try again)
20892 1783913230.669690 recvfrom(114, 0x7d0fd84020, 2272, MSG_DONTWAIT, NULL, NULL) = -1 EAGAIN (Try again)
21004 1783913230.673667 sendmsg(177, {msg_name=NULL, msg_namelen=0, msg_iov=[{iov_base="l\1\1\1\374\0\0\0\f\4\0\0\235\0\0\0\1\1o\0;\0\0\0/re/frid"..., iov_len=428}], msg_iovlen=1, msg_controllen=0, msg_flags=0}, MSG_NOSIGNAL) = 428
20892 1783913230.705041 recvfrom(100, 0x7fc3985d70, 3200, MSG_DONTWAIT, NULL, NULL) = -1 EAGAIN (Try again)
20892 1783913230.705761 recvfrom(100, "nysv\0\0\0\0\0\0\0\0\0\0\0\0\227t\f\7\255\1\0\0\363\254\1\0\0\0\0\0", 3200, MSG_DONTWAIT, NULL, NULL) = 32
20892 1783913230.705934 recvfrom(100, 0x7fc3986860, 3200, MSG_DONTWAIT, NULL, NULL) = -1 EAGAIN (Try again)
20892 1783913230.707929 recvfrom(100, 0x7fc3986760, 3200, MSG_DONTWAIT, NULL, NULL) = -1 EAGAIN (Try again)
21004 1783913230.708881 sendmsg(177, {msg_name=NULL, msg_namelen=0, msg_iov=[{iov_base="l\1\1\1\374\0\0\0\r\4\0\0\235\0\0\0\1\1o\0;\0\0\0/re/frid"..., iov_len=428}], msg_iovlen=1, msg_controllen=0, msg_flags=0}, MSG_NOSIGNAL) = 428
20892 1783913230.719941 recvfrom(100, "nysv\0\0\0\0\0\0\0\0\0\0\0\0\306\316\n\10\255\1\0\0\364\254\1\0\0\0\0\0", 3200, MSG_DONTWAIT, NULL, NULL) = 32
20892 1783913230.719984 recvfrom(100, 0x7fc3986860, 3200, MSG_DONTWAIT, NULL, NULL) = -1 EAGAIN (Try again)
21004 1783913230.720432 sendmsg(177, {msg_name=NULL, msg_namelen=0, msg_iov=[{iov_base="l\1\1\1\374\0\0\0\16\4\0\0\235\0\0\0\1\1o\0;\0\0\0/re/frid"..., iov_len=428}], msg_iovlen=1, msg_controllen=0, msg_flags=0}, MSG_NOSIGNAL) = 428
20892 1783913231.166881 recvfrom(100, 0x7fc3986420, 3200, MSG_DONTWAIT, NULL, NULL) = -1 EAGAIN (Try again)
20892 1783913231.170708 recvfrom(100, "nysv\0\0\0\0\0\0\0\0\0\0\0\0/9\335\"\255\1\0\0\16\255\1\0\0\0\0\0", 3200, MSG_DONTWAIT, NULL, NULL) = 32
20892 1783913231.170815 recvfrom(100, 0x7fc3986860, 3200, MSG_DONTWAIT, NULL, NULL) = -1 EAGAIN (Try again)
20892 1783913231.170918 recvfrom(114, 0x7d0fd84020, 2272, MSG_DONTWAIT, NULL, NULL) = -1 EAGAIN (Try again)
21004 1783913231.177397 sendmsg(177, {msg_name=NULL, msg_namelen=0, msg_iov=[{iov_base="l\1\1\1\374\0\0\0\17\4\0\0\235\0\0\0\1\1o\0;\0\0\0/re/frid"..., iov_len=428}], msg_iovlen=1, msg_controllen=0, msg_flags=0}, MSG_NOSIGNAL) = 428
20892 1783913231.212176 recvfrom(100, 0x7fc3985d70, 3200, MSG_DONTWAIT, NULL, NULL) = -1 EAGAIN (Try again)
20892 1783913231.222801 recvfrom(100, "nysv\0\0\0\0\0\0\0\0\0\0\0\0\255)\330%\255\1\0\0\21\255\1\0\0\0\0\0", 3200, MSG_DONTWAIT, NULL, NULL) = 32
20892 1783913231.222860 recvfrom(100, 0x7fc3986860, 3200, MSG_DONTWAIT, NULL, NULL) = -1 EAGAIN (Try again)
20892 1783913231.224592 recvfrom(100, 0x7fc3986760, 3200, MSG_DONTWAIT, NULL, NULL) = -1 EAGAIN (Try again)
21004 1783913231.225190 sendmsg(177, {msg_name=NULL, msg_namelen=0, msg_iov=[{iov_base="l\1\1\1\374\0\0\0\20\4\0\0\235\0\0\0\1\1o\0;\0\0\0/re/frid"..., iov_len=428}], msg_iovlen=1, msg_controllen=0, msg_flags=0}, MSG_NOSIGNAL) = 428
20892 1783913231.237469 recvfrom(100, "nysv\0\0\0\0\0\0\0\0\0\0\0\0\327y\326&\255\1\0\0\22\255\1\0\0\0\0\0", 3200, MSG_DONTWAIT, NULL, NULL) = 32
20892 1783913231.237488 recvfrom(100, 0x7fc3986860, 3200, MSG_DONTWAIT, NULL, NULL) = -1 EAGAIN (Try again)
21004 1783913231.237877 sendmsg(177, {msg_name=NULL, msg_namelen=0, msg_iov=[{iov_base="l\1\1\1\374\0\0\0\21\4\0\0\235\0\0\0\1\1o\0;\0\0\0/re/frid"..., iov_len=428}], msg_iovlen=1, msg_controllen=0, msg_flags=0}, MSG_NOSIGNAL) = 428
20892 1783913231.669390 recvfrom(100, 0x7fc3986420, 3200, MSG_DONTWAIT, NULL, NULL) = -1 EAGAIN (Try again)
20892 1783913231.692795 recvfrom(100, "nysv\0\0\0\0\0\0\0\0\0\0\0\0E\356\250A\255\1\0\0-\255\1\0\0\0\0\0", 3200, MSG_DONTWAIT, NULL, NULL) = 32
20892 1783913231.692830 recvfrom(100, 0x7fc3986860, 3200, MSG_DONTWAIT, NULL, NULL) = -1 EAGAIN (Try again)
20892 1783913231.692864 recvfrom(114, 0x7d0fd84020, 2272, MSG_DONTWAIT, NULL, NULL) = -1 EAGAIN (Try again)
21004 1783913231.694892 sendmsg(177, {msg_name=NULL, msg_namelen=0, msg_iov=[{iov_base="l\1\1\1\374\0\0\0\22\4\0\0\235\0\0\0\1\1o\0;\0\0\0/re/frid"..., iov_len=428}], msg_iovlen=1, msg_controllen=0, msg_flags=0}, MSG_NOSIGNAL) = 428
20892 1783913231.719619 recvfrom(100, 0x7fc3985d70, 3200, MSG_DONTWAIT, NULL, NULL) = -1 EAGAIN (Try again)
20892 1783913231.725012 recvfrom(100, "nysv\0\0\0\0\0\0\0\0\0\0\0\0\231\216\245C\255\1\0\0/\255\1\0\0\0\0\0", 3200, MSG_DONTWAIT, NULL, NULL) = 32
20892 1783913231.725040 recvfrom(100, 0x7fc3986860, 3200, MSG_DONTWAIT, NULL, NULL) = -1 EAGAIN (Try again)
20892 1783913231.726571 recvfrom(100, 0x7fc3986760, 3200, MSG_DONTWAIT, NULL, NULL) = -1 EAGAIN (Try again)
21004 1783913231.727281 sendmsg(177, {msg_name=NULL, msg_namelen=0, msg_iov=[{iov_base="l\1\1\1\374\0\0\0\23\4\0\0\235\0\0\0\1\1o\0;\0\0\0/re/frid"..., iov_len=428}], msg_iovlen=1, msg_controllen=0, msg_flags=0}, MSG_NOSIGNAL) = 428
20892 1783913231.738236 recvfrom(100, "nysv\0\0\0\0\0\0\0\0\0\0\0\0\303\336\243D\255\1\0\0000\255\1\0\0\0\0\0", 3200, MSG_DONTWAIT, NULL, NULL) = 32
20892 1783913231.738256 recvfrom(100, 0x7fc3986860, 3200, MSG_DONTWAIT, NULL, NULL) = -1 EAGAIN (Try again)
21004 1783913231.738658 sendmsg(177, {msg_name=NULL, msg_namelen=0, msg_iov=[{iov_base="l\1\1\1\374\0\0\0\24\4\0\0\235\0\0\0\1\1o\0;\0\0\0/re/frid"..., iov_len=428}], msg_iovlen=1, msg_controllen=0, msg_flags=0}, MSG_NOSIGNAL) = 428
20892 1783913232.171231 recvfrom(100, 0x7fc3986420, 3200, MSG_DONTWAIT, NULL, NULL) = -1 EAGAIN (Try again)
20892 1783913232.186729 recvfrom(100, "nysv\0\0\0\0\0\0\0\0\0\0\0\0\223}v_\255\1\0\0K\255\1\0\0\0\0\0", 3200, MSG_DONTWAIT, NULL, NULL) = 32
20892 1783913232.186855 recvfrom(100, 0x7fc3986860, 3200, MSG_DONTWAIT, NULL, NULL) = -1 EAGAIN (Try again)
20892 1783913232.186996 recvfrom(114, 0x7d0fd84020, 2272, MSG_DONTWAIT, NULL, NULL) = -1 EAGAIN (Try again)
21004 1783913232.192630 sendmsg(177, {msg_name=NULL, msg_namelen=0, msg_iov=[{iov_base="l\1\1\1\374\0\0\0\25\4\0\0\235\0\0\0\1\1o\0;\0\0\0/re/frid"..., iov_len=428}], msg_iovlen=1, msg_controllen=0, msg_flags=0}, MSG_NOSIGNAL) = 428
20892 1783913232.226295 recvfrom(100, 0x7fc3985d70, 3200, MSG_DONTWAIT, NULL, NULL) = -1 EAGAIN (Try again)
20892 1783913232.235904 recvfrom(100, "nysv\0\0\0\0\0\0\0\0\0\0\0\0\257Cqb\255\1\0\0N\255\1\0\0\0\0\0", 3200, MSG_DONTWAIT, NULL, NULL) = 32
20892 1783913232.235944 recvfrom(100, 0x7fc3986860, 3200, MSG_DONTWAIT, NULL, NULL) = -1 EAGAIN (Try again)
20892 1783913232.239790 recvfrom(100, 0x7fc3986760, 3200, MSG_DONTWAIT, NULL, NULL) = -1 EAGAIN (Try again)
21004 1783913232.240247 sendmsg(177, {msg_name=NULL, msg_namelen=0, msg_iov=[{iov_base="l\1\1\1\374\0\0\0\26\4\0\0\235\0\0\0\1\1o\0;\0\0\0/re/frid"..., iov_len=428}], msg_iovlen=1, msg_controllen=0, msg_flags=0}, MSG_NOSIGNAL) = 428
20892 1783913232.252063 recvfrom(100, "nysv\0\0\0\0\0\0\0\0\0\0\0\0003\343oc\255\1\0\0O\255\1\0\0\0\0\0", 3200, MSG_DONTWAIT, NULL, NULL) = 32
20892 1783913232.252092 recvfrom(100, 0x7fc3986860, 3200, MSG_DONTWAIT, NULL, NULL) = -1 EAGAIN (Try again)
21004 1783913232.252492 sendmsg(177, {msg_name=NULL, msg_namelen=0, msg_iov=[{iov_base="l\1\1\1\374\0\0\0\27\4\0\0\235\0\0\0\1\1o\0;\0\0\0/re/frid"..., iov_len=428}], msg_iovlen=1, msg_controllen=0, msg_flags=0}, MSG_NOSIGNAL) = 428
20892 1783913232.672478 recvfrom(100, 0x7fc3986420, 3200, MSG_DONTWAIT, NULL, NULL) = -1 EAGAIN (Try again)
20892 1783913232.688585 recvfrom(100, "nysv\0\0\0\0\0\0\0\0\0\0\0\0\35\270C}\255\1\0\0i\255\1\0\0\0\0\0", 3200, MSG_DONTWAIT, NULL, NULL) = 32
20892 1783913232.688701 recvfrom(100, 0x7fc3986860, 3200, MSG_DONTWAIT, NULL, NULL) = -1 EAGAIN (Try again)
20892 1783913232.688823 recvfrom(114, 0x7d0fd84020, 2272, MSG_DONTWAIT, NULL, NULL) = -1 EAGAIN (Try again)
21004 1783913232.693876 sendmsg(177, {msg_name=NULL, msg_namelen=0, msg_iov=[{iov_base="l\1\1\1\374\0\0\0\30\4\0\0\235\0\0\0\1\1o\0;\0\0\0/re/frid"..., iov_len=428}], msg_iovlen=1, msg_controllen=0, msg_flags=0}, MSG_NOSIGNAL) = 428
20892 1783913232.726837 recvfrom(100, 0x7fc3985d70, 3200, MSG_DONTWAIT, NULL, NULL) = -1 EAGAIN (Try again)
20892 1783913232.737206 recvfrom(100, "nysv\0\0\0\0\0\0\0\0\0\0\0\0\233\250>\200\255\1\0\0l\255\1\0\0\0\0\0", 3200, MSG_DONTWAIT, NULL, NULL) = 32
20892 1783913232.737255 recvfrom(100, 0x7fc3986860, 3200, MSG_DONTWAIT, NULL, NULL) = -1 EAGAIN (Try again)
20892 1783913232.738856 recvfrom(100, 0x7fc3986760, 3200, MSG_DONTWAIT, NULL, NULL) = -1 EAGAIN (Try again)
21004 1783913232.739555 sendmsg(177, {msg_name=NULL, msg_namelen=0, msg_iov=[{iov_base="l\1\1\1\374\0\0\0\31\4\0\0\235\0\0\0\1\1o\0;\0\0\0/re/frid"..., iov_len=428}], msg_iovlen=1, msg_controllen=0, msg_flags=0}, MSG_NOSIGNAL) = 428
20892 1783913232.754617 recvfrom(100, "nysv\0\0\0\0\0\0\0\0\0\0\0\0\305\370<\201\255\1\0\0m\255\1\0\0\0\0\0", 3200, MSG_DONTWAIT, NULL, NULL) = 32
20892 1783913232.754638 recvfrom(100, 0x7fc3986860, 3200, MSG_DONTWAIT, NULL, NULL) = -1 EAGAIN (Try again)
21004 1783913232.755102 sendmsg(177, {msg_name=NULL, msg_namelen=0, msg_iov=[{iov_base="l\1\1\1\374\0\0\0\32\4\0\0\235\0\0\0\1\1o\0;\0\0\0/re/frid"..., iov_len=428}], msg_iovlen=1, msg_controllen=0, msg_flags=0}, MSG_NOSIGNAL) = 428
20892 1783913233.176008 recvfrom(100, 0x7fc3986420, 3200, MSG_DONTWAIT, NULL, NULL) = -1 EAGAIN (Try again)
20892 1783913233.191835 recvfrom(100, "nysv\0\0\0\0\0\0\0\0\0\0\0\0\t\35\21\233\255\1\0\0\207\255\1\0\0\0\0\0", 3200, MSG_DONTWAIT, NULL, NULL) = 32
20892 1783913233.191958 recvfrom(100, 0x7fc3986860, 3200, MSG_DONTWAIT, NULL, NULL) = -1 EAGAIN (Try again)
20892 1783913233.192086 recvfrom(114, 0x7d0fd84020, 2272, MSG_DONTWAIT, NULL, NULL) = -1 EAGAIN (Try again)
21004 1783913233.196119 sendmsg(177, {msg_name=NULL, msg_namelen=0, msg_iov=[{iov_base="l\1\1\1\374\0\0\0\33\4\0\0\235\0\0\0\1\1o\0;\0\0\0/re/frid"..., iov_len=428}], msg_iovlen=1, msg_controllen=0, msg_flags=0}, MSG_NOSIGNAL) = 428
20892 1783913233.231329 recvfrom(100, 0x7fc3985d70, 3200, MSG_DONTWAIT, NULL, NULL) = -1 EAGAIN (Try again)
20892 1783913233.240709 recvfrom(100, "nysv\0\0\0\0\0\0\0\0\0\0\0\0\205\34\f\236\255\1\0\0\212\255\1\0\0\0\0\0", 3200, MSG_DONTWAIT, NULL, NULL) = 32
20892 1783913233.240758 recvfrom(100, 0x7fc3986860, 3200, MSG_DONTWAIT, NULL, NULL) = -1 EAGAIN (Try again)
20892 1783913233.242192 recvfrom(100, 0x7fc3986760, 3200, MSG_DONTWAIT, NULL, NULL) = -1 EAGAIN (Try again)
21004 1783913233.242815 sendmsg(177, {msg_name=NULL, msg_namelen=0, msg_iov=[{iov_base="l\1\1\1\374\0\0\0\34\4\0\0\235\0\0\0\1\1o\0;\0\0\0/re/frid"..., iov_len=428}], msg_iovlen=1, msg_controllen=0, msg_flags=0}, MSG_NOSIGNAL) = 428
20892 1783913233.255830 recvfrom(100, "nysv\0\0\0\0\0\0\0\0\0\0\0\0\261]\n\237\255\1\0\0\213\255\1\0\0\0\0\0", 3200, MSG_DONTWAIT, NULL, NULL) = 32
20892 1783913233.255856 recvfrom(100, 0x7fc3986860, 3200, MSG_DONTWAIT, NULL, NULL) = -1 EAGAIN (Try again)
21004 1783913233.256331 sendmsg(177, {msg_name=NULL, msg_namelen=0, msg_iov=[{iov_base="l\1\1\1\374\0\0\0\35\4\0\0\235\0\0\0\1\1o\0;\0\0\0/re/frid"..., iov_len=428}], msg_iovlen=1, msg_controllen=0, msg_flags=0}, MSG_NOSIGNAL) = 428
20892 1783913233.676538 recvfrom(100, 0x7fc3986420, 3200, MSG_DONTWAIT, NULL, NULL) = -1 EAGAIN (Try again)
20892 1783913233.686879 recvfrom(100, "nysv\0\0\0\0\0\0\0\0\0\0\0\0\322\312\336\270\255\1\0\0\245\255\1\0\0\0\0\0", 3200, MSG_DONTWAIT, NULL, NULL) = 32
20892 1783913233.686972 recvfrom(100, 0x7fc3986860, 3200, MSG_DONTWAIT, NULL, NULL) = -1 EAGAIN (Try again)
20892 1783913233.687060 recvfrom(114, 0x7d0fd84020, 2272, MSG_DONTWAIT, NULL, NULL) = -1 EAGAIN (Try again)
21004 1783913233.691334 sendmsg(177, {msg_name=NULL, msg_namelen=0, msg_iov=[{iov_base="l\1\1\1\374\0\0\0\36\4\0\0\235\0\0\0\1\1o\0;\0\0\0/re/frid"..., iov_len=428}], msg_iovlen=1, msg_controllen=0, msg_flags=0}, MSG_NOSIGNAL) = 428
20892 1783913233.722950 recvfrom(100, 0x7fc3985d70, 3200, MSG_DONTWAIT, NULL, NULL) = -1 EAGAIN (Try again)
20892 1783913233.725864 recvfrom(100, "nysv\0\0\0\0\0\0\0\0\0\0\0\0I\"\333\272\255\1\0\0\247\255\1\0\0\0\0\0", 3200, MSG_DONTWAIT, NULL, NULL) = 32
20892 1783913233.725899 recvfrom(100, 0x7fc3986860, 3200, MSG_DONTWAIT, NULL, NULL) = -1 EAGAIN (Try again)
20892 1783913233.727584 recvfrom(100, 0x7fc3986760, 3200, MSG_DONTWAIT, NULL, NULL) = -1 EAGAIN (Try again)
21004 1783913233.728246 sendmsg(177, {msg_name=NULL, msg_namelen=0, msg_iov=[{iov_base="l\1\1\1\374\0\0\0\37\4\0\0\235\0\0\0\1\1o\0;\0\0\0/re/frid"..., iov_len=428}], msg_iovlen=1, msg_controllen=0, msg_flags=0}, MSG_NOSIGNAL) = 428
20892 1783913233.752464 recvfrom(100, "nysv\0\0\0\0\0\0\0\0\0\0\0\0\367H\330\274\255\1\0\0\250\255\1\0\0\0\0\0", 3200, MSG_DONTWAIT, NULL, NULL) = 32
20892 1783913233.752499 recvfrom(100, 0x7fc3986860, 3200, MSG_DONTWAIT, NULL, NULL) = -1 EAGAIN (Try again)
21004 1783913233.752967 sendmsg(177, {msg_name=NULL, msg_namelen=0, msg_iov=[{iov_base="l\1\1\1\374\0\0\0 \4\0\0\235\0\0\0\1\1o\0;\0\0\0/re/frid"..., iov_len=428}], msg_iovlen=1, msg_controllen=0, msg_flags=0}, MSG_NOSIGNAL) = 428
20892 1783913234.178589 recvfrom(100, 0x7fc3986420, 3200, MSG_DONTWAIT, NULL, NULL) = -1 EAGAIN (Try again)
20892 1783913234.189673 recvfrom(100, "nysv\0\0\0\0\0\0\0\0\0\0\0\0\341\346\253\326\255\1\0\0\302\255\1\0\0\0\0\0", 3200, MSG_DONTWAIT, NULL, NULL) = 32
20892 1783913234.189703 recvfrom(100, 0x7fc3986860, 3200, MSG_DONTWAIT, NULL, NULL) = -1 EAGAIN (Try again)
20892 1783913234.189725 recvfrom(114, 0x7d0fd84020, 2272, MSG_DONTWAIT, NULL, NULL) = -1 EAGAIN (Try again)
21004 1783913234.192218 sendmsg(177, {msg_name=NULL, msg_namelen=0, msg_iov=[{iov_base="l\1\1\1\374\0\0\0!\4\0\0\235\0\0\0\1\1o\0;\0\0\0/re/frid"..., iov_len=428}], msg_iovlen=1, msg_controllen=0, msg_flags=0}, MSG_NOSIGNAL) = 428
20892 1783913234.219879 recvfrom(100, 0x7fc3985d70, 3200, MSG_DONTWAIT, NULL, NULL) = -1 EAGAIN (Try again)
20892 1783913234.238403 recvfrom(100, "nysv\0\0\0\0\0\0\0\0\0\0\0\0_\327\246\331\255\1\0\0\305\255\1\0\0\0\0\0", 3200, MSG_DONTWAIT, NULL, NULL) = 32
20892 1783913234.238438 recvfrom(100, 0x7fc3986860, 3200, MSG_DONTWAIT, NULL, NULL) = -1 EAGAIN (Try again)
20892 1783913234.241644 recvfrom(100, 0x7fc3986760, 3200, MSG_DONTWAIT, NULL, NULL) = -1 EAGAIN (Try again)
21004 1783913234.242103 sendmsg(177, {msg_name=NULL, msg_namelen=0, msg_iov=[{iov_base="l\1\1\1\374\0\0\0\"\4\0\0\235\0\0\0\1\1o\0;\0\0\0/re/frid"..., iov_len=428}], msg_iovlen=1, msg_controllen=0, msg_flags=0}, MSG_NOSIGNAL) = 428
20892 1783913234.252683 recvfrom(100, "nysv\0\0\0\0\0\0\0\0\0\0\0\09P\245\332\255\1\0\0\306\255\1\0\0\0\0\0", 3200, MSG_DONTWAIT, NULL, NULL) = 32
20892 1783913234.252708 recvfrom(100, 0x7fc3986860, 3200, MSG_DONTWAIT, NULL, NULL) = -1 EAGAIN (Try again)
21004 1783913234.253080 sendmsg(177, {msg_name=NULL, msg_namelen=0, msg_iov=[{iov_base="l\1\1\1\374\0\0\0#\4\0\0\235\0\0\0\1\1o\0;\0\0\0/re/frid"..., iov_len=428}], msg_iovlen=1, msg_controllen=0, msg_flags=0}, MSG_NOSIGNAL) = 428
20892 1783913234.683229 recvfrom(100, 0x7fc3986420, 3200, MSG_DONTWAIT, NULL, NULL) = -1 EAGAIN (Try again)
20892 1783913234.688768 recvfrom(100, "nysv\0\0\0\0\0\0\0\0\0\0\0\0\315Ky\364\255\1\0\0\340\255\1\0\0\0\0\0", 3200, MSG_DONTWAIT, NULL, NULL) = 32
20892 1783913234.688903 recvfrom(100, 0x7fc3986860, 3200, MSG_DONTWAIT, NULL, NULL) = -1 EAGAIN (Try again)
20892 1783913234.689059 recvfrom(114, 0x7d0fd84020, 2272, MSG_DONTWAIT, NULL, NULL) = -1 EAGAIN (Try again)
21004 1783913234.693603 sendmsg(177, {msg_name=NULL, msg_namelen=0, msg_iov=[{iov_base="l\1\1\1\374\0\0\0$\4\0\0\235\0\0\0\1\1o\0;\0\0\0/re/frid"..., iov_len=428}], msg_iovlen=1, msg_controllen=0, msg_flags=0}, MSG_NOSIGNAL) = 428
20892 1783913234.726867 recvfrom(100, 0x7fc3985d70, 3200, MSG_DONTWAIT, NULL, NULL) = -1 EAGAIN (Try again)
20892 1783913234.735562 recvfrom(100, "nysv\0\0\0\0\0\0\0\0\0\0\0\0\34\205t\367\255\1\0\0\343\255\1\0\0\0\0\0", 3200, MSG_DONTWAIT, NULL, NULL) = 32
20892 1783913234.735595 recvfrom(100, 0x7fc3986860, 3200, MSG_DONTWAIT, NULL, NULL) = -1 EAGAIN (Try again)
20892 1783913234.737405 recvfrom(100, 0x7fc3986760, 3200, MSG_DONTWAIT, NULL, NULL) = -1 EAGAIN (Try again)
21004 1783913234.738119 sendmsg(177, {msg_name=NULL, msg_namelen=0, msg_iov=[{iov_base="l\1\1\1\374\0\0\0%\4\0\0\235\0\0\0\1\1o\0;\0\0\0/re/frid"..., iov_len=428}], msg_iovlen=1, msg_controllen=0, msg_flags=0}, MSG_NOSIGNAL) = 428
20892 1783913234.754874 recvfrom(100, "nysv\0\0\0\0\0\0\0\0\0\0\0\0u\214r\370\255\1\0\0\344\255\1\0\0\0\0\0", 3200, MSG_DONTWAIT, NULL, NULL) = 32
20892 1783913234.754892 recvfrom(100, 0x7fc3986860, 3200, MSG_DONTWAIT, NULL, NULL) = -1 EAGAIN (Try again)
21004 1783913234.755737 sendmsg(177, {msg_name=NULL, msg_namelen=0, msg_iov=[{iov_base="l\1\1\1\374\0\0\0&\4\0\0\235\0\0\0\1\1o\0;\0\0\0/re/frid"..., iov_len=428}], msg_iovlen=1, msg_controllen=0, msg_flags=0}, MSG_NOSIGNAL) = 428
21004 1783913235.034364 sendmsg(177, {msg_name=NULL, msg_namelen=0, msg_iov=[{iov_base="l\1\1\1\374\0\0\0'\4\0\0\235\0\0\0\1\1o\0;\0\0\0/re/frid"..., iov_len=428}], msg_iovlen=1, msg_controllen=0, msg_flags=0}, MSG_NOSIGNAL) = 428
20892 1783913235.034967 recvfrom(100, 0x7fc39862c0, 3200, MSG_DONTWAIT, NULL, NULL) = -1 EAGAIN (Try again)
20892 1783913235.035510 recvfrom(100, "nysv\0\0\0\0\0\0\0\0\0\0\0\0007\222V\t\256\1\0\0\365\255\1\0\0\0\0\0", 3200, MSG_DONTWAIT, NULL, NULL) = 32
20892 1783913235.035543 recvfrom(100, 0x7fc3986860, 3200, MSG_DONTWAIT, NULL, NULL) = -1 EAGAIN (Try again)
20892 1783913235.035560 recvfrom(114, 0x7d0fd84020, 2272, MSG_DONTWAIT, NULL, NULL) = -1 EAGAIN (Try again)
21004 1783913235.043637 sendmsg(177, {msg_name=NULL, msg_namelen=0, msg_iov=[{iov_base="l\1\1\1\374\0\0\0(\4\0\0\235\0\0\0\1\1o\0;\0\0\0/re/frid"..., iov_len=428}], msg_iovlen=1, msg_controllen=0, msg_flags=0}, MSG_NOSIGNAL) = 428
20892 1783913235.134239 recvfrom(100, 0x7fc3985d70, 3200, MSG_DONTWAIT, NULL, NULL) = -1 EAGAIN (Try again)
20892 1783913235.135551 recvfrom(100, "nysv\0\0\0\0\0\0\0\0\0\0\0\0\322\342M\17\256\1\0\0\373\255\1\0\0\0\0\0", 3200, MSG_DONTWAIT, NULL, NULL) = 32
20892 1783913235.135588 recvfrom(100, 0x7fc3986860, 3200, MSG_DONTWAIT, NULL, NULL) = -1 EAGAIN (Try again)
20892 1783913235.142440 recvfrom(100, 0x7fc3986760, 3200, MSG_DONTWAIT, NULL, NULL) = -1 EAGAIN (Try again)
21004 1783913235.143069 sendmsg(177, {msg_name=NULL, msg_namelen=0, msg_iov=[{iov_base="l\1\1\1\374\0\0\0)\4\0\0\235\0\0\0\1\1o\0;\0\0\0/re/frid"..., iov_len=428}], msg_iovlen=1, msg_controllen=0, msg_flags=0}, MSG_NOSIGNAL) = 428
20892 1783913235.152958 recvfrom(100, "nysv\0\0\0\0\0\0\0\0\0\0\0\0\310]L\20\256\1\0\0\374\255\1\0\0\0\0\0", 3200, MSG_DONTWAIT, NULL, NULL) = 32
20892 1783913235.153031 recvfrom(100, 0x7fc3986860, 3200, MSG_DONTWAIT, NULL, NULL) = -1 EAGAIN (Try again)
21004 1783913235.157153 sendmsg(177, {msg_name=NULL, msg_namelen=0, msg_iov=[{iov_base="l\1\1\1\374\0\0\0*\4\0\0\235\0\0\0\1\1o\0;\0\0\0/re/frid"..., iov_len=428}], msg_iovlen=1, msg_controllen=0, msg_flags=0}, MSG_NOSIGNAL) = 428
21004 1783913235.262015 sendmsg(177, {msg_name=NULL, msg_namelen=0, msg_iov=[{iov_base="l\1\1\1\374\0\0\0+\4\0\0\235\0\0\0\1\1o\0;\0\0\0/re/frid"..., iov_len=428}], msg_iovlen=1, msg_controllen=0, msg_flags=0}, MSG_NOSIGNAL) = 428
20892 1783913235.262796 recvfrom(100, 0x7fc3985fd0, 3200, MSG_DONTWAIT, NULL, NULL) = -1 EAGAIN (Try again)
20892 1783913235.269180 recvfrom(100, "nysv\0\0\0\0\0\0\0\0\0\0\0\0\204{A\27\256\1\0\0\3\256\1\0\0\0\0\0", 3200, MSG_DONTWAIT, NULL, NULL) = 32
20892 1783913235.269205 recvfrom(100, 0x7fc3986860, 3200, MSG_DONTWAIT, NULL, NULL) = -1 EAGAIN (Try again)
20892 1783913235.269228 recvfrom(114, 0x7d0fd84020, 2272, MSG_DONTWAIT, NULL, NULL) = -1 EAGAIN (Try again)
20892 1783913235.276615 recvfrom(100, 0x7fc3985920, 3200, MSG_DONTWAIT, NULL, NULL) = -1 EAGAIN (Try again)
20892 1783913235.286937 recvfrom(100, "nysv\0\0\0\0\0\0\0\0\0\0\0\0\31\315?\30\256\1\0\0\4\256\1\0\0\0\0\0", 3200, MSG_DONTWAIT, NULL, NULL) = 32
20892 1783913235.286961 recvfrom(100, 0x7fc3986860, 3200, MSG_DONTWAIT, NULL, NULL) = -1 EAGAIN (Try again)
20892 1783913235.287185 recvfrom(114, 0x7d0fd84020, 2272, MSG_DONTWAIT, NULL, NULL) = -1 EAGAIN (Try again)
20892 1783913235.355910 recvfrom(100, 0x7fc3985d70, 3200, MSG_DONTWAIT, NULL, NULL) = -1 EAGAIN (Try again)
21004 1783913235.357090 sendmsg(177, {msg_name=NULL, msg_namelen=0, msg_iov=[{iov_base="l\1\1\1\374\0\0\0,\4\0\0\235\0\0\0\1\1o\0;\0\0\0/re/frid"..., iov_len=428}], msg_iovlen=1, msg_controllen=0, msg_flags=0}, MSG_NOSIGNAL) = 428
20892 1783913235.357790 recvfrom(100, "nysv\0\0\0\0\0\0\0\0\0\0\0\0n\3408\34\256\1\0\0\10\256\1\0\0\0\0\0", 3200, MSG_DONTWAIT, NULL, NULL) = 32
20892 1783913235.357817 recvfrom(100, 0x7fc3986860, 3200, MSG_DONTWAIT, NULL, NULL) = -1 EAGAIN (Try again)
20892 1783913235.362765 recvfrom(100, 0x7fc3986760, 3200, MSG_DONTWAIT, NULL, NULL) = -1 EAGAIN (Try again)
21004 1783913235.363959 sendmsg(177, {msg_name=NULL, msg_namelen=0, msg_iov=[{iov_base="l\1\1\1\374\0\0\0-\4\0\0\235\0\0\0\1\1o\0;\0\0\0/re/frid"..., iov_len=428}], msg_iovlen=1, msg_controllen=0, msg_flags=0}, MSG_NOSIGNAL) = 428
20892 1783913235.370044 recvfrom(100, "nysv\0\0\0\0\0\0\0\0\0\0\0\0f07\35\256\1\0\0\t\256\1\0\0\0\0\0", 3200, MSG_DONTWAIT, NULL, NULL) = 32
20892 1783913235.370066 recvfrom(100, 0x7fc3986860, 3200, MSG_DONTWAIT, NULL, NULL) = -1 EAGAIN (Try again)
21004 1783913235.371060 sendmsg(177, {msg_name=NULL, msg_namelen=0, msg_iov=[{iov_base="l\1\1\1\374\0\0\0.\4\0\0\235\0\0\0\1\1o\0;\0\0\0/re/frid"..., iov_len=428}], msg_iovlen=1, msg_controllen=0, msg_flags=0}, MSG_NOSIGNAL) = 428
20892 1783913235.404196 recvfrom(100, 0x7fc3985d70, 3200, MSG_DONTWAIT, NULL, NULL) = -1 EAGAIN (Try again)
20892 1783913235.421012 recvfrom(100, "nysv\0\0\0\0\0\0\0\0\0\0\0\0S\2611 \256\1\0\0\f\256\1\0\0\0\0\0", 3200, MSG_DONTWAIT, NULL, NULL) = 32
20892 1783913235.421048 recvfrom(100, 0x7fc3986860, 3200, MSG_DONTWAIT, NULL, NULL) = -1 EAGAIN (Try again)
20892 1783913235.422714 recvfrom(100, 0x7fc3986760, 3200, MSG_DONTWAIT, NULL, NULL) = -1 EAGAIN (Try again)
21004 1783913235.423637 sendmsg(177, {msg_name=NULL, msg_namelen=0, msg_iov=[{iov_base="l\1\1\1\374\0\0\0/\4\0\0\235\0\0\0\1\1o\0;\0\0\0/re/frid"..., iov_len=428}], msg_iovlen=1, msg_controllen=0, msg_flags=0}, MSG_NOSIGNAL) = 428
20892 1783913235.438360 recvfrom(100, "nysv\0\0\0\0\0\0\0\0\0\0\0\0|\232/!\256\1\0\0\r\256\1\0\0\0\0\0", 3200, MSG_DONTWAIT, NULL, NULL) = 32
20892 1783913235.438380 recvfrom(100, 0x7fc3986860, 3200, MSG_DONTWAIT, NULL, NULL) = -1 EAGAIN (Try again)
21004 1783913235.439143 sendmsg(177, {msg_name=NULL, msg_namelen=0, msg_iov=[{iov_base="l\1\1\1\374\0\0\0000\4\0\0\235\0\0\0\1\1o\0;\0\0\0/re/frid"..., iov_len=428}], msg_iovlen=1, msg_controllen=0, msg_flags=0}, MSG_NOSIGNAL) = 428
20892 1783913235.778706 recvfrom(100, 0x7fc3986420, 3200, MSG_DONTWAIT, NULL, NULL) = -1 EAGAIN (Try again)
20892 1783913235.787600 recvfrom(100, "nysv\0\0\0\0\0\0\0\0\0\0\0\0\241\366\t6\256\1\0\0\"\256\1\0\0\0\0\0", 3200, MSG_DONTWAIT, NULL, NULL) = 32
20892 1783913235.787645 recvfrom(100, 0x7fc3986860, 3200, MSG_DONTWAIT, NULL, NULL) = -1 EAGAIN (Try again)
20892 1783913235.787685 recvfrom(114, 0x7d0fd84020, 2272, MSG_DONTWAIT, NULL, NULL) = -1 EAGAIN (Try again)
21004 1783913235.793294 sendmsg(177, {msg_name=NULL, msg_namelen=0, msg_iov=[{iov_base="l\1\1\1\374\0\0\0001\4\0\0\235\0\0\0\1\1o\0;\0\0\0/re/frid"..., iov_len=428}], msg_iovlen=1, msg_controllen=0, msg_flags=0}, MSG_NOSIGNAL) = 428
20892 1783913235.846150 recvfrom(100, 0x7fc3985d70, 3200, MSG_DONTWAIT, NULL, NULL) = -1 EAGAIN (Try again)
20892 1783913235.852570 recvfrom(100, "nysv\0\0\0\0\0\0\0\0\0\0\0\0\342i\3:\256\1\0\0&\256\1\0\0\0\0\0", 3200, MSG_DONTWAIT, NULL, NULL) = 32
20892 1783913235.852603 recvfrom(100, 0x7fc3986860, 3200, MSG_DONTWAIT, NULL, NULL) = -1 EAGAIN (Try again)
20892 1783913235.856916 recvfrom(100, 0x7fc3986760, 3200, MSG_DONTWAIT, NULL, NULL) = -1 EAGAIN (Try again)
21004 1783913235.857798 sendmsg(177, {msg_name=NULL, msg_namelen=0, msg_iov=[{iov_base="l\1\1\1\374\0\0\0002\4\0\0\235\0\0\0\1\1o\0;\0\0\0/re/frid"..., iov_len=428}], msg_iovlen=1, msg_controllen=0, msg_flags=0}, MSG_NOSIGNAL) = 428
20892 1783913235.870939 recvfrom(100, "nysv\0\0\0\0\0\0\0\0\0\0\0\0s\207\1;\256\1\0\0'\256\1\0\0\0\0\0", 3200, MSG_DONTWAIT, NULL, NULL) = 32
20892 1783913235.870976 recvfrom(100, 0x7fc3986860, 3200, MSG_DONTWAIT, NULL, NULL) = -1 EAGAIN (Try again)
21004 1783913235.871429 sendmsg(177, {msg_name=NULL, msg_namelen=0, msg_iov=[{iov_base="l\1\1\1\374\0\0\0003\4\0\0\235\0\0\0\1\1o\0;\0\0\0/re/frid"..., iov_len=428}], msg_iovlen=1, msg_controllen=0, msg_flags=0}, MSG_NOSIGNAL) = 428
21004 1783913236.246504 sendmsg(177, {msg_name=NULL, msg_namelen=0, msg_iov=[{iov_base="l\1\1\1\374\0\0\0004\4\0\0\235\0\0\0\1\1o\0;\0\0\0/re/frid"..., iov_len=428}], msg_iovlen=1, msg_controllen=0, msg_flags=0}, MSG_NOSIGNAL) = 428
20892 1783913236.279354 recvfrom(100, 0x7fc3986420, 3200, MSG_DONTWAIT, NULL, NULL) = -1 EAGAIN (Try again)
20892 1783913236.287564 recvfrom(100, "nysv\0\0\0\0\0\0\0\0\0\0\0\0001d\331S\256\1\0\0@\256\1\0\0\0\0\0", 3200, MSG_DONTWAIT, NULL, NULL) = 32
20892 1783913236.287606 recvfrom(100, 0x7fc3986860, 3200, MSG_DONTWAIT, NULL, NULL) = -1 EAGAIN (Try again)
20892 1783913236.287644 recvfrom(114, 0x7d0fd84020, 2272, MSG_DONTWAIT, NULL, NULL) = -1 EAGAIN (Try again)
20892 1783913236.302732 recvfrom(100, 0x7fc3985d70, 3200, MSG_DONTWAIT, NULL, NULL) = -1 EAGAIN (Try again)
21004 1783913236.303455 sendmsg(177, {msg_name=NULL, msg_namelen=0, msg_iov=[{iov_base="l\1\1\1\374\0\0\0005\4\0\0\235\0\0\0\1\1o\0;\0\0\0/re/frid"..., iov_len=428}], msg_iovlen=1, msg_controllen=0, msg_flags=0}, MSG_NOSIGNAL) = 428
20892 1783913236.322377 recvfrom(100, "nysv\0\0\0\0\0\0\0\0\0\0\0\0-R\326U\256\1\0\0B\256\1\0\0\0\0\0", 3200, MSG_DONTWAIT, NULL, NULL) = 32
20892 1783913236.322405 recvfrom(100, 0x7fc3986860, 3200, MSG_DONTWAIT, NULL, NULL) = -1 EAGAIN (Try again)
20892 1783913236.326586 recvfrom(100, 0x7fc3986760, 3200, MSG_DONTWAIT, NULL, NULL) = -1 EAGAIN (Try again)
21004 1783913236.328791 sendmsg(177, {msg_name=NULL, msg_namelen=0, msg_iov=[{iov_base="l\1\1\1\374\0\0\0006\4\0\0\235\0\0\0\1\1o\0;\0\0\0/re/frid"..., iov_len=428}], msg_iovlen=1, msg_controllen=0, msg_flags=0}, MSG_NOSIGNAL) = 428
20892 1783913236.336527 recvfrom(100, "nysv\0\0\0\0\0\0\0\0\0\0\0\0\r\255\324V\256\1\0\0C\256\1\0\0\0\0\0", 3200, MSG_DONTWAIT, NULL, NULL) = 32
20892 1783913236.336551 recvfrom(100, 0x7fc3986860, 3200, MSG_DONTWAIT, NULL, NULL) = -1 EAGAIN (Try again)
21004 1783913236.337723 sendmsg(177, {msg_name=NULL, msg_namelen=0, msg_iov=[{iov_base="l\1\1\1\374\0\0\0007\4\0\0\235\0\0\0\1\1o\0;\0\0\0/re/frid"..., iov_len=428}], msg_iovlen=1, msg_controllen=0, msg_flags=0}, MSG_NOSIGNAL) = 428
20892 1783913236.780566 recvfrom(100, 0x7fc3986420, 3200, MSG_DONTWAIT, NULL, NULL) = -1 EAGAIN (Try again)
20892 1783913236.789087 recvfrom(100, "nysv\0\0\0\0\0\0\0\0\0\0\0\0y\300\244q\256\1\0\0]\256\1\0\0\0\0\0", 3200, MSG_DONTWAIT, NULL, NULL) = 32
20892 1783913236.789277 recvfrom(100, 0x7fc3986860, 3200, MSG_DONTWAIT, NULL, NULL) = -1 EAGAIN (Try again)
20892 1783913236.789441 recvfrom(114, 0x7d0fd84020, 2272, MSG_DONTWAIT, NULL, NULL) = -1 EAGAIN (Try again)
21004 1783913236.798825 sendmsg(177, {msg_name=NULL, msg_namelen=0, msg_iov=[{iov_base="l\1\1\1\374\0\0\08\4\0\0\235\0\0\0\1\1o\0;\0\0\0/re/frid"..., iov_len=428}], msg_iovlen=1, msg_controllen=0, msg_flags=0}, MSG_NOSIGNAL) = 428
20892 1783913236.807655 recvfrom(100, 0x7fc3985d70, 3200, MSG_DONTWAIT, NULL, NULL) = -1 EAGAIN (Try again)
20892 1783913236.822648 recvfrom(100, "nysv\0\0\0\0\0\0\0\0\0\0\0\0\315`\241s\256\1\0\0_\256\1\0\0\0\0\0", 3200, MSG_DONTWAIT, NULL, NULL) = 32
20892 1783913236.822702 recvfrom(100, 0x7fc3986860, 3200, MSG_DONTWAIT, NULL, NULL) = -1 EAGAIN (Try again)
20892 1783913236.825439 recvfrom(100, 0x7fc3986760, 3200, MSG_DONTWAIT, NULL, NULL) = -1 EAGAIN (Try again)
21004 1783913236.828241 sendmsg(177, {msg_name=NULL, msg_namelen=0, msg_iov=[{iov_base="l\1\1\1\374\0\0\09\4\0\0\235\0\0\0\1\1o\0;\0\0\0/re/frid"..., iov_len=428}], msg_iovlen=1, msg_controllen=0, msg_flags=0}, MSG_NOSIGNAL) = 428
20892 1783913236.836769 recvfrom(100, "nysv\0\0\0\0\0\0\0\0\0\0\0\0\367\260\237t\256\1\0\0`\256\1\0\0\0\0\0", 3200, MSG_DONTWAIT, NULL, NULL) = 32
20892 1783913236.836798 recvfrom(100, 0x7fc3986860, 3200, MSG_DONTWAIT, NULL, NULL) = -1 EAGAIN (Try again)
21004 1783913236.837991 sendmsg(177, {msg_name=NULL, msg_namelen=0, msg_iov=[{iov_base="l\1\1\1\374\0\0\0:\4\0\0\235\0\0\0\1\1o\0;\0\0\0/re/frid"..., iov_len=428}], msg_iovlen=1, msg_controllen=0, msg_flags=0}, MSG_NOSIGNAL) = 428
21004 1783913237.256084 sendmsg(177, {msg_name=NULL, msg_namelen=0, msg_iov=[{iov_base="l\1\1\1\374\0\0\0;\4\0\0\235\0\0\0\1\1o\0;\0\0\0/re/frid"..., iov_len=428}], msg_iovlen=1, msg_controllen=0, msg_flags=0}, MSG_NOSIGNAL) = 428
21004 1783913237.261136 sendmsg(177, {msg_name=NULL, msg_namelen=0, msg_iov=[{iov_base="l\1\1\1\374\0\0\0<\4\0\0\235\0\0\0\1\1o\0;\0\0\0/re/frid"..., iov_len=428}], msg_iovlen=1, msg_controllen=0, msg_flags=0}, MSG_NOSIGNAL) = 428
21004 1783913237.268992 sendmsg(177, {msg_name=NULL, msg_namelen=0, msg_iov=[{iov_base="l\1\1\1\374\0\0\0=\4\0\0\235\0\0\0\1\1o\0;\0\0\0/re/frid"..., iov_len=428}], msg_iovlen=1, msg_controllen=0, msg_flags=0}, MSG_NOSIGNAL) = 428
20892 1783913237.281572 recvfrom(100, 0x7fc3986420, 3200, MSG_DONTWAIT, NULL, NULL) = -1 EAGAIN (Try again)
20892 1783913237.286425 recvfrom(100, "nysv\0\0\0\0\0\0\0\0\0\0\0\0\350\262r\217\256\1\0\0z\256\1\0\0\0\0\0", 3200, MSG_DONTWAIT, NULL, NULL) = 32
20892 1783913237.286589 recvfrom(100, 0x7fc3986860, 3200, MSG_DONTWAIT, NULL, NULL) = -1 EAGAIN (Try again)
20892 1783913237.286629 recvfrom(114, 0x7d0fd84020, 2272, MSG_DONTWAIT, NULL, NULL) = -1 EAGAIN (Try again)
20892 1783913237.299742 recvfrom(100, 0x7fc3985d70, 3200, MSG_DONTWAIT, NULL, NULL) = -1 EAGAIN (Try again)
21004 1783913237.300305 sendmsg(177, {msg_name=NULL, msg_namelen=0, msg_iov=[{iov_base="l\1\1\1\374\0\0\0>\4\0\0\235\0\0\0\1\1o\0;\0\0\0/re/frid"..., iov_len=428}], msg_iovlen=1, msg_controllen=0, msg_flags=0}, MSG_NOSIGNAL) = 428
20892 1783913237.306294 recvfrom(100, "nysv\0\0\0\0\0\0\0\0\0\0\0\0\217Fq\220\256\1\0\0{\256\1\0\0\0\0\0", 3200, MSG_DONTWAIT, NULL, NULL) = 32
20892 1783913237.306328 recvfrom(100, 0x7fc3986860, 3200, MSG_DONTWAIT, NULL, NULL) = -1 EAGAIN (Try again)
20892 1783913237.307555 recvfrom(100, 0x7fc3986760, 3200, MSG_DONTWAIT, NULL, NULL) = -1 EAGAIN (Try again)
21004 1783913237.308432 sendmsg(177, {msg_name=NULL, msg_namelen=0, msg_iov=[{iov_base="l\1\1\1\374\0\0\0?\4\0\0\235\0\0\0\1\1o\0;\0\0\0/re/frid"..., iov_len=428}], msg_iovlen=1, msg_controllen=0, msg_flags=0}, MSG_NOSIGNAL) = 428
20892 1783913237.320616 recvfrom(100, "nysv\0\0\0\0\0\0\0\0\0\0\0\0\377vo\221\256\1\0\0|\256\1\0\0\0\0\0", 3200, MSG_DONTWAIT, NULL, NULL) = 32
20892 1783913237.320640 recvfrom(100, 0x7fc3986860, 3200, MSG_DONTWAIT, NULL, NULL) = -1 EAGAIN (Try again)
21004 1783913237.321791 sendmsg(177, {msg_name=NULL, msg_namelen=0, msg_iov=[{iov_base="l\1\1\1\374\0\0\0@\4\0\0\235\0\0\0\1\1o\0;\0\0\0/re/frid"..., iov_len=428}], msg_iovlen=1, msg_controllen=0, msg_flags=0}, MSG_NOSIGNAL) = 428
20892 1783913237.788458 recvfrom(100, 0x7fc3986420, 3200, MSG_DONTWAIT, NULL, NULL) = -1 EAGAIN (Try again)
20892 1783913237.805150 recvfrom(100, "nysv\0\0\0\0\0\0\0\0\0\0\0\0{\332=\256\256\1\0\0\231\256\1\0\0\0\0\0", 3200, MSG_DONTWAIT, NULL, NULL) = 32
20892 1783913237.805300 recvfrom(100, 0x7fc3986860, 3200, MSG_DONTWAIT, NULL, NULL) = -1 EAGAIN (Try again)
20892 1783913237.805447 recvfrom(114, 0x7d0fd84020, 2272, MSG_DONTWAIT, NULL, NULL) = -1 EAGAIN (Try again)
21004 1783913237.814865 sendmsg(177, {msg_name=NULL, msg_namelen=0, msg_iov=[{iov_base="l\1\1\1\374\0\0\0A\4\0\0\235\0\0\0\1\1o\0;\0\0\0/re/frid"..., iov_len=428}], msg_iovlen=1, msg_controllen=0, msg_flags=0}, MSG_NOSIGNAL) = 428
20892 1783913237.825231 recvfrom(100, 0x7fc3985d70, 3200, MSG_DONTWAIT, NULL, NULL) = -1 EAGAIN (Try again)
20892 1783913237.840862 recvfrom(100, "nysv\0\0\0\0\0\0\0\0\0\0\0\0\317z:\260\256\1\0\0\233\256\1\0\0\0\0\0", 3200, MSG_DONTWAIT, NULL, NULL) = 32
20892 1783913237.840903 recvfrom(100, 0x7fc3986860, 3200, MSG_DONTWAIT, NULL, NULL) = -1 EAGAIN (Try again)
20892 1783913237.850517 recvfrom(100, 0x7fc3986760, 3200, MSG_DONTWAIT, NULL, NULL) = -1 EAGAIN (Try again)
20892 1783913237.852104 recvfrom(100, "nysv\0\0\0\0\0\0\0\0\0\0\0\0\231\309\261\256\1\0\0\234\256\1\0\0\0\0\0", 3200, MSG_DONTWAIT, NULL, NULL) = 32
20892 1783913237.852168 recvfrom(100, 0x7fc3986860, 3200, MSG_DONTWAIT, NULL, NULL) = -1 EAGAIN (Try again)
21004 1783913237.852735 sendmsg(177, {msg_name=NULL, msg_namelen=0, msg_iov=[{iov_base="l\1\1\1\374\0\0\0B\4\0\0\235\0\0\0\1\1o\0;\0\0\0/re/frid"..., iov_len=428}], msg_iovlen=1, msg_controllen=0, msg_flags=0}, MSG_NOSIGNAL) = 428
21004 1783913237.854241 sendmsg(177, {msg_name=NULL, msg_namelen=0, msg_iov=[{iov_base="l\1\1\1\374\0\0\0C\4\0\0\235\0\0\0\1\1o\0;\0\0\0/re/frid"..., iov_len=428}], msg_iovlen=1, msg_controllen=0, msg_flags=0}, MSG_NOSIGNAL) = 428
20892 1783913238.293459 recvfrom(100, 0x7fc3986420, 3200, MSG_DONTWAIT, NULL, NULL) = -1 EAGAIN (Try again)
20892 1783913238.305288 recvfrom(100, "nysv\0\0\0\0\0\0\0\0\0\0\0\0g?\v\314\256\1\0\0\267\256\1\0\0\0\0\0", 3200, MSG_DONTWAIT, NULL, NULL) = 32
20892 1783913238.305322 recvfrom(100, 0x7fc3986860, 3200, MSG_DONTWAIT, NULL, NULL) = -1 EAGAIN (Try again)
20892 1783913238.305363 recvfrom(114, 0x7d0fd84020, 2272, MSG_DONTWAIT, NULL, NULL) = -1 EAGAIN (Try again)
21004 1783913238.312045 sendmsg(177, {msg_name=NULL, msg_namelen=0, msg_iov=[{iov_base="l\1\1\1\374\0\0\0D\4\0\0\235\0\0\0\1\1o\0;\0\0\0/re/frid"..., iov_len=428}], msg_iovlen=1, msg_controllen=0, msg_flags=0}, MSG_NOSIGNAL) = 428
20892 1783913238.320807 recvfrom(100, 0x7fc3985d70, 3200, MSG_DONTWAIT, NULL, NULL) = -1 EAGAIN (Try again)
20892 1783913238.321323 recvfrom(100, "nysv\0\0\0\0\0\0\0\0\0\0\0\0\221\217\t\315\256\1\0\0\270\256\1\0\0\0\0\0", 3200, MSG_DONTWAIT, NULL, NULL) = 32
20892 1783913238.321530 recvfrom(100, 0x7fc3986860, 3200, MSG_DONTWAIT, NULL, NULL) = -1 EAGAIN (Try again)
20892 1783913238.322841 recvfrom(100, 0x7fc3986760, 3200, MSG_DONTWAIT, NULL, NULL) = -1 EAGAIN (Try again)
21004 1783913238.323981 sendmsg(177, {msg_name=NULL, msg_namelen=0, msg_iov=[{iov_base="l\1\1\1\374\0\0\0E\4\0\0\235\0\0\0\1\1o\0;\0\0\0/re/frid"..., iov_len=428}], msg_iovlen=1, msg_controllen=0, msg_flags=0}, MSG_NOSIGNAL) = 428
20892 1783913238.339769 recvfrom(100, "nysv\0\0\0\0\0\0\0\0\0\0\0\0\273\337\7\316\256\1\0\0\271\256\1\0\0\0\0\0", 3200, MSG_DONTWAIT, NULL, NULL) = 32
20892 1783913238.339795 recvfrom(100, 0x7fc3986860, 3200, MSG_DONTWAIT, NULL, NULL) = -1 EAGAIN (Try again)
21004 1783913238.345730 sendmsg(177, {msg_name=NULL, msg_namelen=0, msg_iov=[{iov_base="l\1\1\1\374\0\0\0F\4\0\0\235\0\0\0\1\1o\0;\0\0\0/re/frid"..., iov_len=428}], msg_iovlen=1, msg_controllen=0, msg_flags=0}, MSG_NOSIGNAL) = 428
20892 1783913238.798265 recvfrom(100, 0x7fc3986420, 3200, MSG_DONTWAIT, NULL, NULL) = -1 EAGAIN (Try again)
20892 1783913238.804198 recvfrom(100, "nysv\0\0\0\0\0\0\0\0\0\0\0\0S\244\330\351\256\1\0\0\325\256\1\0\0\0\0\0", 3200, MSG_DONTWAIT, NULL, NULL) = 32
20892 1783913238.804351 recvfrom(100, 0x7fc3986860, 3200, MSG_DONTWAIT, NULL, NULL) = -1 EAGAIN (Try again)
20892 1783913238.804495 recvfrom(114, 0x7d0fd84020, 2272, MSG_DONTWAIT, NULL, NULL) = -1 EAGAIN (Try again)
21004 1783913238.814557 sendmsg(177, {msg_name=NULL, msg_namelen=0, msg_iov=[{iov_base="l\1\1\1\374\0\0\0G\4\0\0\235\0\0\0\1\1o\0;\0\0\0/re/frid"..., iov_len=428}], msg_iovlen=1, msg_controllen=0, msg_flags=0}, MSG_NOSIGNAL) = 428
20892 1783913238.821524 recvfrom(100, 0x7fc3985d70, 3200, MSG_DONTWAIT, NULL, NULL) = -1 EAGAIN (Try again)
20892 1783913238.836114 recvfrom(100, "nysv\0\0\0\0\0\0\0\0\0\0\0\0e\276\325\353\256\1\0\0\327\256\1\0\0\0\0\0", 3200, MSG_DONTWAIT, NULL, NULL) = 32
20892 1783913238.836147 recvfrom(100, 0x7fc3986860, 3200, MSG_DONTWAIT, NULL, NULL) = -1 EAGAIN (Try again)
20892 1783913238.841107 recvfrom(100, 0x7fc3986760, 3200, MSG_DONTWAIT, NULL, NULL) = -1 EAGAIN (Try again)
21004 1783913238.845982 sendmsg(177, {msg_name=NULL, msg_namelen=0, msg_iov=[{iov_base="l\1\1\1\374\0\0\0H\4\0\0\235\0\0\0\1\1o\0;\0\0\0/re/frid"..., iov_len=428}], msg_iovlen=1, msg_controllen=0, msg_flags=0}, MSG_NOSIGNAL) = 428
20892 1783913238.852438 recvfrom(100, "nysv\0\0\0\0\0\0\0\0\0\0\0\0\324B\324\354\256\1\0\0\330\256\1\0\0\0\0\0", 3200, MSG_DONTWAIT, NULL, NULL) = 32
20892 1783913238.852470 recvfrom(100, 0x7fc3986860, 3200, MSG_DONTWAIT, NULL, NULL) = -1 EAGAIN (Try again)
21004 1783913238.853468 sendmsg(177, {msg_name=NULL, msg_namelen=0, msg_iov=[{iov_base="l\1\1\1\374\0\0\0I\4\0\0\235\0\0\0\1\1o\0;\0\0\0/re/frid"..., iov_len=428}], msg_iovlen=1, msg_controllen=0, msg_flags=0}, MSG_NOSIGNAL) = 428
20892 1783913239.302963 recvfrom(100, 0x7fc3986420, 3200, MSG_DONTWAIT, NULL, NULL) = -1 EAGAIN (Try again)
20892 1783913239.320237 recvfrom(100, "nysv\0\0\0\0\0\0\0\0\0\0\0\0z\202\244\10\257\1\0\0\364\256\1\0\0\0\0\0", 3200, MSG_DONTWAIT, NULL, NULL) = 32
20892 1783913239.320337 recvfrom(100, 0x7fc3986860, 3200, MSG_DONTWAIT, NULL, NULL) = -1 EAGAIN (Try again)
20892 1783913239.320443 recvfrom(114, 0x7d0fd84020, 2272, MSG_DONTWAIT, NULL, NULL) = -1 EAGAIN (Try again)
21004 1783913239.330181 sendmsg(177, {msg_name=NULL, msg_namelen=0, msg_iov=[{iov_base="l\1\1\1\374\0\0\0J\4\0\0\235\0\0\0\1\1o\0;\0\0\0/re/frid"..., iov_len=428}], msg_iovlen=1, msg_controllen=0, msg_flags=0}, MSG_NOSIGNAL) = 428
20892 1783913239.338161 recvfrom(100, 0x7fc3985d70, 3200, MSG_DONTWAIT, NULL, NULL) = -1 EAGAIN (Try again)
20892 1783913239.358660 recvfrom(100, "nysv\0\0\0\0\0\0\0\0\0\0\0\0\275\371\240\n\257\1\0\0\366\256\1\0\0\0\0\0", 3200, MSG_DONTWAIT, NULL, NULL) = 32
20892 1783913239.358713 recvfrom(100, 0x7fc3986860, 3200, MSG_DONTWAIT, NULL, NULL) = -1 EAGAIN (Try again)
20892 1783913239.369873 recvfrom(100, 0x7fc3986760, 3200, MSG_DONTWAIT, NULL, NULL) = -1 EAGAIN (Try again)
21004 1783913239.372728 sendmsg(177, {msg_name=NULL, msg_namelen=0, msg_iov=[{iov_base="l\1\1\1\374\0\0\0K\4\0\0\235\0\0\0\1\1o\0;\0\0\0/re/frid"..., iov_len=428}], msg_iovlen=1, msg_controllen=0, msg_flags=0}, MSG_NOSIGNAL) = 428
20892 1783913239.385364 recvfrom(100, "nysv\0\0\0\0\0\0\0\0\0\0\0\0\177\23\236\f\257\1\0\0\370\256\1\0\0\0\0\0", 3200, MSG_DONTWAIT, NULL, NULL) = 32
20892 1783913239.385395 recvfrom(100, 0x7fc3986860, 3200, MSG_DONTWAIT, NULL, NULL) = -1 EAGAIN (Try again)
21004 1783913239.387713 sendmsg(177, {msg_name=NULL, msg_namelen=0, msg_iov=[{iov_base="l\1\1\1\374\0\0\0L\4\0\0\235\0\0\0\1\1o\0;\0\0\0/re/frid"..., iov_len=428}], msg_iovlen=1, msg_controllen=0, msg_flags=0}, MSG_NOSIGNAL) = 428
20892 1783913239.804288 recvfrom(100, 0x7fc3986420, 3200, MSG_DONTWAIT, NULL, NULL) = -1 EAGAIN (Try again)
20892 1783913239.820010 recvfrom(100, "nysv\0\0\0\0\0\0\0\0\0\0\0\0\261\354q&\257\1\0\0\22\257\1\0\0\0\0\0", 3200, MSG_DONTWAIT, NULL, NULL) = 32
20892 1783913239.820136 recvfrom(100, 0x7fc3986860, 3200, MSG_DONTWAIT, NULL, NULL) = -1 EAGAIN (Try again)
20892 1783913239.820275 recvfrom(114, 0x7d0fd84020, 2272, MSG_DONTWAIT, NULL, NULL) = -1 EAGAIN (Try again)
20892 1783913239.828447 recvfrom(100, 0x7fc3985d70, 3200, MSG_DONTWAIT, NULL, NULL) = -1 EAGAIN (Try again)
21004 1783913239.829510 sendmsg(177, {msg_name=NULL, msg_namelen=0, msg_iov=[{iov_base="l\1\1\1\374\0\0\0M\4\0\0\235\0\0\0\1\1o\0;\0\0\0/re/frid"..., iov_len=428}], msg_iovlen=1, msg_controllen=0, msg_flags=0}, MSG_NOSIGNAL) = 428
20892 1783913239.838688 recvfrom(100, "nysv\0\0\0\0\0\0\0\0\0\0\0\0\336\221p'\257\1\0\0\23\257\1\0\0\0\0\0", 3200, MSG_DONTWAIT, NULL, NULL) = 32
20892 1783913239.838744 recvfrom(100, 0x7fc3986860, 3200, MSG_DONTWAIT, NULL, NULL) = -1 EAGAIN (Try again)
20892 1783913239.840494 recvfrom(100, 0x7fc3986760, 3200, MSG_DONTWAIT, NULL, NULL) = -1 EAGAIN (Try again)
21004 1783913239.843302 sendmsg(177, {msg_name=NULL, msg_namelen=0, msg_iov=[{iov_base="l\1\1\1\374\0\0\0N\4\0\0\235\0\0\0\1\1o\0;\0\0\0/re/frid"..., iov_len=428}], msg_iovlen=1, msg_controllen=0, msg_flags=0}, MSG_NOSIGNAL) = 428
20892 1783913239.855910 recvfrom(100, "nysv\0\0\0\0\0\0\0\0\0\0\0\0\251^n(\257\1\0\0\24\257\1\0\0\0\0\0", 3200, MSG_DONTWAIT, NULL, NULL) = 32
20892 1783913239.855949 recvfrom(100, 0x7fc3986860, 3200, MSG_DONTWAIT, NULL, NULL) = -1 EAGAIN (Try again)
21004 1783913239.864215 sendmsg(177, {msg_name=NULL, msg_namelen=0, msg_iov=[{iov_base="l\1\1\1\374\0\0\0O\4\0\0\235\0\0\0\1\1o\0;\0\0\0/re/frid"..., iov_len=428}], msg_iovlen=1, msg_controllen=0, msg_flags=0}, MSG_NOSIGNAL) = 428
20892 1783913240.305766 recvfrom(100, 0x7fc3986420, 3200, MSG_DONTWAIT, NULL, NULL) = -1 EAGAIN (Try again)
20892 1783913240.323515 recvfrom(100, "nysv\0\0\0\0\0\0\0\0\0\0\0\0A#?D\257\1\0\0000\257\1\0\0\0\0\0", 3200, MSG_DONTWAIT, NULL, NULL) = 32
20892 1783913240.323671 recvfrom(100, 0x7fc3986860, 3200, MSG_DONTWAIT, NULL, NULL) = -1 EAGAIN (Try again)
20892 1783913240.324341 recvfrom(114, 0x7d0fd84020, 2272, MSG_DONTWAIT, NULL, NULL) = -1 EAGAIN (Try again)
21004 1783913240.334863 sendmsg(177, {msg_name=NULL, msg_namelen=0, msg_iov=[{iov_base="l\1\1\1\374\0\0\0P\4\0\0\235\0\0\0\1\1o\0;\0\0\0/re/frid"..., iov_len=428}], msg_iovlen=1, msg_controllen=0, msg_flags=0}, MSG_NOSIGNAL) = 428
20892 1783913240.343049 recvfrom(100, 0x7fc3985d70, 3200, MSG_DONTWAIT, NULL, NULL) = -1 EAGAIN (Try again)
20892 1783913240.356214 recvfrom(100, "nysv\0\0\0\0\0\0\0\0\0\0\0\0\225\303;F\257\1\0\0002\257\1\0\0\0\0\0", 3200, MSG_DONTWAIT, NULL, NULL) = 32
20892 1783913240.356361 recvfrom(100, 0x7fc3986860, 3200, MSG_DONTWAIT, NULL, NULL) = -1 EAGAIN (Try again)
20892 1783913240.364320 recvfrom(100, 0x7fc3986760, 3200, MSG_DONTWAIT, NULL, NULL) = -1 EAGAIN (Try again)
21004 1783913240.368606 sendmsg(177, {msg_name=NULL, msg_namelen=0, msg_iov=[{iov_base="l\1\1\1\374\0\0\0Q\4\0\0\235\0\0\0\1\1o\0;\0\0\0/re/frid"..., iov_len=428}], msg_iovlen=1, msg_controllen=0, msg_flags=0}, MSG_NOSIGNAL <unfinished ...>
20892 1783913240.368630 recvfrom(100, "nysv\0\0\0\0\0\0\0\0\0\0\0\0\341i:G\257\1\0\0003\257\1\0\0\0\0\0", 3200, MSG_DONTWAIT, NULL, NULL) = 32
20892 1783913240.368653 recvfrom(100, 0x7fc3986860, 3200, MSG_DONTWAIT, NULL, NULL) = -1 EAGAIN (Try again)
21004 1783913240.368703 <... sendmsg resumed> ) = 428
21004 1783913240.371311 sendmsg(177, {msg_name=NULL, msg_namelen=0, msg_iov=[{iov_base="l\1\1\1\374\0\0\0R\4\0\0\235\0\0\0\1\1o\0;\0\0\0/re/frid"..., iov_len=428}], msg_iovlen=1, msg_controllen=0, msg_flags=0}, MSG_NOSIGNAL) = 428
20892 1783913240.807649 recvfrom(100, 0x7fc3986420, 3200, MSG_DONTWAIT, NULL, NULL) = -1 EAGAIN (Try again)
20892 1783913240.823769 recvfrom(100, "nysv\0\0\0\0\0\0\0\0\0\0\0\0-\210\fb\257\1\0\0N\257\1\0\0\0\0\0", 3200, MSG_DONTWAIT, NULL, NULL) = 32
20892 1783913240.823794 recvfrom(100, 0x7fc3986860, 3200, MSG_DONTWAIT, NULL, NULL) = -1 EAGAIN (Try again)
20892 1783913240.823826 recvfrom(114, 0x7d0fd84020, 2272, MSG_DONTWAIT, NULL, NULL) = -1 EAGAIN (Try again)
20892 1783913240.828511 recvfrom(100, 0x7fc3985d70, 3200, MSG_DONTWAIT, NULL, NULL) = -1 EAGAIN (Try again)
21004 1783913240.829185 sendmsg(177, {msg_name=NULL, msg_namelen=0, msg_iov=[{iov_base="l\1\1\1\374\0\0\0S\4\0\0\235\0\0\0\1\1o\0;\0\0\0/re/frid"..., iov_len=428}], msg_iovlen=1, msg_controllen=0, msg_flags=0}, MSG_NOSIGNAL) = 428
20892 1783913240.835783 recvfrom(100, "nysv\0\0\0\0\0\0\0\0\0\0\0\0\35/\vc\257\1\0\0O\257\1\0\0\0\0\0", 3200, MSG_DONTWAIT, NULL, NULL) = 32
20892 1783913240.835819 recvfrom(100, 0x7fc3986860, 3200, MSG_DONTWAIT, NULL, NULL) = -1 EAGAIN (Try again)
20892 1783913240.841348 recvfrom(100, 0x7fc3986760, 3200, MSG_DONTWAIT, NULL, NULL) = -1 EAGAIN (Try again)
21004 1783913240.844758 sendmsg(177, {msg_name=NULL, msg_namelen=0, msg_iov=[{iov_base="l\1\1\1\374\0\0\0T\4\0\0\235\0\0\0\1\1o\0;\0\0\0/re/frid"..., iov_len=428}], msg_iovlen=1, msg_controllen=0, msg_flags=0}, MSG_NOSIGNAL) = 428
20892 1783913240.855120 recvfrom(100, "nysv\0\0\0\0\0\0\0\0\0\0\0\0\201(\td\257\1\0\0P\257\1\0\0\0\0\0", 3200, MSG_DONTWAIT, NULL, NULL) = 32
20892 1783913240.855148 recvfrom(100, 0x7fc3986860, 3200, MSG_DONTWAIT, NULL, NULL) = -1 EAGAIN (Try again)
21004 1783913240.857046 sendmsg(177, {msg_name=NULL, msg_namelen=0, msg_iov=[{iov_base="l\1\1\1\374\0\0\0U\4\0\0\235\0\0\0\1\1o\0;\0\0\0/re/frid"..., iov_len=428}], msg_iovlen=1, msg_controllen=0, msg_flags=0}, MSG_NOSIGNAL) = 428
20892 1783913241.309192 recvfrom(100, 0x7fc3986420, 3200, MSG_DONTWAIT, NULL, NULL) = -1 EAGAIN (Try again)
20892 1783913241.320449 recvfrom(100, "nysv\0\0\0\0\0\0\0\0\0\0\0\0\31\355\331\177\257\1\0\0l\257\1\0\0\0\0\0", 3200, MSG_DONTWAIT, NULL, NULL) = 32
20892 1783913241.320584 recvfrom(100, 0x7fc3986860, 3200, MSG_DONTWAIT, NULL, NULL) = -1 EAGAIN (Try again)
20892 1783913241.320726 recvfrom(114, 0x7d0fd84020, 2272, MSG_DONTWAIT, NULL, NULL) = -1 EAGAIN (Try again)
21004 1783913241.331120 sendmsg(177, {msg_name=NULL, msg_namelen=0, msg_iov=[{iov_base="l\1\1\1\374\0\0\0V\4\0\0\235\0\0\0\1\1o\0;\0\0\0/re/frid"..., iov_len=428}], msg_iovlen=1, msg_controllen=0, msg_flags=0}, MSG_NOSIGNAL) = 428
20892 1783913241.338594 recvfrom(100, 0x7fc3985d70, 3200, MSG_DONTWAIT, NULL, NULL) = -1 EAGAIN (Try again)
20892 1783913241.355217 recvfrom(100, "nysv\0\0\0\0\0\0\0\0\0\0\0\0m\215\326\201\257\1\0\0n\257\1\0\0\0\0\0", 3200, MSG_DONTWAIT, NULL, NULL) = 32
20892 1783913241.355257 recvfrom(100, 0x7fc3986860, 3200, MSG_DONTWAIT, NULL, NULL) = -1 EAGAIN (Try again)
20892 1783913241.364836 recvfrom(100, 0x7fc3986760, 3200, MSG_DONTWAIT, NULL, NULL) = -1 EAGAIN (Try again)
21004 1783913241.368084 sendmsg(177, {msg_name=NULL, msg_namelen=0, msg_iov=[{iov_base="l\1\1\1\374\0\0\0W\4\0\0\235\0\0\0\1\1o\0;\0\0\0/re/frid"..., iov_len=428}], msg_iovlen=1, msg_controllen=0, msg_flags=0}, MSG_NOSIGNAL) = 428
20892 1783913241.368851 recvfrom(100, "nysv\0\0\0\0\0\0\0\0\0\0\0\0\3310\325\202\257\1\0\0o\257\1\0\0\0\0\0", 3200, MSG_DONTWAIT, NULL, NULL) = 32
20892 1783913241.368897 recvfrom(100, 0x7fc3986860, 3200, MSG_DONTWAIT, NULL, NULL) = -1 EAGAIN (Try again)
21004 1783913241.370355 sendmsg(177, {msg_name=NULL, msg_namelen=0, msg_iov=[{iov_base="l\1\1\1\374\0\0\0X\4\0\0\235\0\0\0\1\1o\0;\0\0\0/re/frid"..., iov_len=428}], msg_iovlen=1, msg_controllen=0, msg_flags=0}, MSG_NOSIGNAL) = 428
20892 1783913241.810160 recvfrom(100, 0x7fc3986420, 3200, MSG_DONTWAIT, NULL, NULL) = -1 EAGAIN (Try again)
20892 1783913241.822328 recvfrom(100, "nysv\0\0\0\0\0\0\0\0\0\0\0\0\5R\247\235\257\1\0\0\211\257\1\0\0\0\0\0", 3200, MSG_DONTWAIT, NULL, NULL) = 32
20892 1783913241.822874 recvfrom(100, 0x7fc3986860, 3200, MSG_DONTWAIT, NULL, NULL) = -1 EAGAIN (Try again)
20892 1783913241.823124 recvfrom(114, 0x7d0fd84020, 2272, MSG_DONTWAIT, NULL, NULL) = -1 EAGAIN (Try again)
21004 1783913241.832815 sendmsg(177, {msg_name=NULL, msg_namelen=0, msg_iov=[{iov_base="l\1\1\1\374\0\0\0Y\4\0\0\235\0\0\0\1\1o\0;\0\0\0/re/frid"..., iov_len=428}], msg_iovlen=1, msg_controllen=0, msg_flags=0}, MSG_NOSIGNAL) = 428
20892 1783913241.840378 recvfrom(100, 0x7fc3985d70, 3200, MSG_DONTWAIT, NULL, NULL) = -1 EAGAIN (Try again)
20892 1783913241.857460 recvfrom(100, "nysv\0\0\0\0\0\0\0\0\0\0\0\0Y\362\243\237\257\1\0\0\213\257\1\0\0\0\0\0", 3200, MSG_DONTWAIT, NULL, NULL) = 32
20892 1783913241.857483 recvfrom(100, 0x7fc3986860, 3200, MSG_DONTWAIT, NULL, NULL) = -1 EAGAIN (Try again)
20892 1783913241.866870 recvfrom(100, 0x7fc3986760, 3200, MSG_DONTWAIT, NULL, NULL) = -1 EAGAIN (Try again)
20892 1783913241.868854 recvfrom(100, "nysv\0\0\0\0\0\0\0\0\0\0\0\0\261\222\242\240\257\1\0\0\214\257\1\0\0\0\0\0", 3200, MSG_DONTWAIT, NULL, NULL) = 32
20892 1783913241.868976 recvfrom(100, 0x7fc3986860, 3200, MSG_DONTWAIT, NULL, NULL) = -1 EAGAIN (Try again)
21004 1783913241.869769 sendmsg(177, {msg_name=NULL, msg_namelen=0, msg_iov=[{iov_base="l\1\1\1\374\0\0\0Z\4\0\0\235\0\0\0\1\1o\0;\0\0\0/re/frid"..., iov_len=428}], msg_iovlen=1, msg_controllen=0, msg_flags=0}, MSG_NOSIGNAL) = 428
21004 1783913241.870873 sendmsg(177, {msg_name=NULL, msg_namelen=0, msg_iov=[{iov_base="l\1\1\1\374\0\0\0[\4\0\0\235\0\0\0\1\1o\0;\0\0\0/re/frid"..., iov_len=428}], msg_iovlen=1, msg_controllen=0, msg_flags=0}, MSG_NOSIGNAL) = 428
20892 1783913242.311911 recvfrom(100, 0x7fc3986420, 3200, MSG_DONTWAIT, NULL, NULL) = -1 EAGAIN (Try again)
20892 1783913242.322105 recvfrom(100, "nysv\0\0\0\0\0\0\0\0\0\0\0\0\361\266t\273\257\1\0\0\247\257\1\0\0\0\0\0", 3200, MSG_DONTWAIT, NULL, NULL) = 32
20892 1783913242.322228 recvfrom(100, 0x7fc3986860, 3200, MSG_DONTWAIT, NULL, NULL) = -1 EAGAIN (Try again)
20892 1783913242.322376 recvfrom(114, 0x7d0fd84020, 2272, MSG_DONTWAIT, NULL, NULL) = -1 EAGAIN (Try again)
21004 1783913242.331569 sendmsg(177, {msg_name=NULL, msg_namelen=0, msg_iov=[{iov_base="l\1\1\1\374\0\0\0\\\4\0\0\235\0\0\0\1\1o\0;\0\0\0/re/frid"..., iov_len=428}], msg_iovlen=1, msg_controllen=0, msg_flags=0}, MSG_NOSIGNAL) = 428
20892 1783913242.341362 recvfrom(100, 0x7fc3985d70, 3200, MSG_DONTWAIT, NULL, NULL) = -1 EAGAIN (Try again)
20892 1783913242.353803 recvfrom(100, "nysv\0\0\0\0\0\0\0\0\0\0\0\0\240\225q\275\257\1\0\0\251\257\1\0\0\0\0\0", 3200, MSG_DONTWAIT, NULL, NULL) = 32
20892 1783913242.353840 recvfrom(100, 0x7fc3986860, 3200, MSG_DONTWAIT, NULL, NULL) = -1 EAGAIN (Try again)
20892 1783913242.356454 recvfrom(100, 0x7fc3986760, 3200, MSG_DONTWAIT, NULL, NULL) = -1 EAGAIN (Try again)
21004 1783913242.365070 sendmsg(177, {msg_name=NULL, msg_namelen=0, msg_iov=[{iov_base="l\1\1\1\374\0\0\0]\4\0\0\235\0\0\0\1\1o\0;\0\0\0/re/frid"..., iov_len=428}], msg_iovlen=1, msg_controllen=0, msg_flags=0}, MSG_NOSIGNAL) = 428
20892 1783913242.369916 recvfrom(100, "nysv\0\0\0\0\0\0\0\0\0\0\0\0\344\356o\276\257\1\0\0\252\257\1\0\0\0\0\0", 3200, MSG_DONTWAIT, NULL, NULL) = 32
20892 1783913242.369942 recvfrom(100, 0x7fc3986860, 3200, MSG_DONTWAIT, NULL, NULL) = -1 EAGAIN (Try again)
21004 1783913242.371314 sendmsg(177, {msg_name=NULL, msg_namelen=0, msg_iov=[{iov_base="l\1\1\1\374\0\0\0^\4\0\0\235\0\0\0\1\1o\0;\0\0\0/re/frid"..., iov_len=428}], msg_iovlen=1, msg_controllen=0, msg_flags=0}, MSG_NOSIGNAL) = 428
20892 1783913242.813574 recvfrom(100, 0x7fc3986420, 3200, MSG_DONTWAIT, NULL, NULL) = -1 EAGAIN (Try again)
20892 1783913242.820950 recvfrom(100, "nysv\0\0\0\0\0\0\0\0\0\0\0\0\335\33B\331\257\1\0\0\304\257\1\0\0\0\0\0", 3200, MSG_DONTWAIT, NULL, NULL) = 32
20892 1783913242.821044 recvfrom(100, 0x7fc3986860, 3200, MSG_DONTWAIT, NULL, NULL) = -1 EAGAIN (Try again)
20892 1783913242.821159 recvfrom(114, 0x7d0fd84020, 2272, MSG_DONTWAIT, NULL, NULL) = -1 EAGAIN (Try again)
21004 1783913242.830313 sendmsg(177, {msg_name=NULL, msg_namelen=0, msg_iov=[{iov_base="l\1\1\1\374\0\0\0_\4\0\0\235\0\0\0\1\1o\0;\0\0\0/re/frid"..., iov_len=428}], msg_iovlen=1, msg_controllen=0, msg_flags=0}, MSG_NOSIGNAL) = 428
20892 1783913242.838448 recvfrom(100, 0x7fc3985d70, 3200, MSG_DONTWAIT, NULL, NULL) = -1 EAGAIN (Try again)
20892 1783913242.858556 recvfrom(100, "nysv\0\0\0\0\0\0\0\0\0\0\0\0001\274>\333\257\1\0\0\306\257\1\0\0\0\0\0", 3200, MSG_DONTWAIT, NULL, NULL) = 32
20892 1783913242.858597 recvfrom(100, 0x7fc3986860, 3200, MSG_DONTWAIT, NULL, NULL) = -1 EAGAIN (Try again)
20892 1783913242.865317 recvfrom(100, 0x7fc3986760, 3200, MSG_DONTWAIT, NULL, NULL) = -1 EAGAIN (Try again)
20892 1783913242.868962 recvfrom(100, "nysv\0\0\0\0\0\0\0\0\0\0\0\0\260_=\334\257\1\0\0\307\257\1\0\0\0\0\0", 3200, MSG_DONTWAIT, NULL, NULL) = 32
20892 1783913242.869011 recvfrom(100, 0x7fc3986860, 3200, MSG_DONTWAIT, NULL, NULL) = -1 EAGAIN (Try again)
21004 1783913242.870000 sendmsg(177, {msg_name=NULL, msg_namelen=0, msg_iov=[{iov_base="l\1\1\1\374\0\0\0`\4\0\0\235\0\0\0\1\1o\0;\0\0\0/re/frid"..., iov_len=428}], msg_iovlen=1, msg_controllen=0, msg_flags=0}, MSG_NOSIGNAL) = 428
21004 1783913242.870965 sendmsg(177, {msg_name=NULL, msg_namelen=0, msg_iov=[{iov_base="l\1\1\1\374\0\0\0a\4\0\0\235\0\0\0\1\1o\0;\0\0\0/re/frid"..., iov_len=428}], msg_iovlen=1, msg_controllen=0, msg_flags=0}, MSG_NOSIGNAL) = 428
20892 1783913243.317367 recvfrom(100, 0x7fc3986420, 3200, MSG_DONTWAIT, NULL, NULL) = -1 EAGAIN (Try again)
20892 1783913243.319039 recvfrom(100, "nysv\0\0\0\0\0\0\0\0\0\0\0\0\237\273\17\367\257\1\0\0\342\257\1\0\0\0\0\0", 3200, MSG_DONTWAIT, NULL, NULL) = 32
20892 1783913243.319081 recvfrom(100, 0x7fc3986860, 3200, MSG_DONTWAIT, NULL, NULL) = -1 EAGAIN (Try again)
20892 1783913243.319154 recvfrom(114, 0x7d0fd84020, 2272, MSG_DONTWAIT, NULL, NULL) = -1 EAGAIN (Try again)
21004 1783913243.325892 sendmsg(177, {msg_name=NULL, msg_namelen=0, msg_iov=[{iov_base="l\1\1\1\374\0\0\0b\4\0\0\235\0\0\0\1\1o\0;\0\0\0/re/frid"..., iov_len=428}], msg_iovlen=1, msg_controllen=0, msg_flags=0}, MSG_NOSIGNAL) = 428
20892 1783913243.332518 recvfrom(100, 0x7fc3985d70, 3200, MSG_DONTWAIT, NULL, NULL) = -1 EAGAIN (Try again)
20892 1783913243.335461 recvfrom(100, "nysv\0\0\0\0\0\0\0\0\0\0\0\0\206\\\16\370\257\1\0\0\343\257\1\0\0\0\0\0", 3200, MSG_DONTWAIT, NULL, NULL) = 32
20892 1783913243.335491 recvfrom(100, 0x7fc3986860, 3200, MSG_DONTWAIT, NULL, NULL) = -1 EAGAIN (Try again)
20892 1783913243.342924 recvfrom(100, 0x7fc3986760, 3200, MSG_DONTWAIT, NULL, NULL) = -1 EAGAIN (Try again)
21004 1783913243.344953 sendmsg(177, {msg_name=NULL, msg_namelen=0, msg_iov=[{iov_base="l\1\1\1\374\0\0\0c\4\0\0\235\0\0\0\1\1o\0;\0\0\0/re/frid"..., iov_len=428}], msg_iovlen=1, msg_controllen=0, msg_flags=0}, MSG_NOSIGNAL) = 428
20892 1783913243.352387 recvfrom(100, "nysv\0\0\0\0\0\0\0\0\0\0\0\0|\346\f\371\257\1\0\0\344\257\1\0\0\0\0\0", 3200, MSG_DONTWAIT, NULL, NULL) = 32
20892 1783913243.352411 recvfrom(100, 0x7fc3986860, 3200, MSG_DONTWAIT, NULL, NULL) = -1 EAGAIN (Try again)
21004 1783913243.353417 sendmsg(177, {msg_name=NULL, msg_namelen=0, msg_iov=[{iov_base="l\1\1\1\374\0\0\0d\4\0\0\235\0\0\0\1\1o\0;\0\0\0/re/frid"..., iov_len=428}], msg_iovlen=1, msg_controllen=0, msg_flags=0}, MSG_NOSIGNAL) = 428
20892 1783913243.824720 recvfrom(100, 0x7fc3986420, 3200, MSG_DONTWAIT, NULL, NULL) = -1 EAGAIN (Try again)
20892 1783913243.836188 recvfrom(100, "nysv\0\0\0\0\0\0\0\0\0\0\0\0\356i\333\25\260\1\0\0\1\260\1\0\0\0\0\0", 3200, MSG_DONTWAIT, NULL, NULL) = 32
20892 1783913243.836336 recvfrom(100, 0x7fc3986860, 3200, MSG_DONTWAIT, NULL, NULL) = -1 EAGAIN (Try again)
20892 1783913243.836477 recvfrom(114, 0x7d0fd84020, 2272, MSG_DONTWAIT, NULL, NULL) = -1 EAGAIN (Try again)
21004 1783913243.846309 sendmsg(177, {msg_name=NULL, msg_namelen=0, msg_iov=[{iov_base="l\1\1\1\374\0\0\0e\4\0\0\235\0\0\0\1\1o\0;\0\0\0/re/frid"..., iov_len=428}], msg_iovlen=1, msg_controllen=0, msg_flags=0}, MSG_NOSIGNAL) = 428
20892 1783913243.855475 recvfrom(100, 0x7fc3985d70, 3200, MSG_DONTWAIT, NULL, NULL) = -1 EAGAIN (Try again)
20892 1783913243.875410 recvfrom(100, "nysv\0\0\0\0\0\0\0\0\0\0\0\0003\326\327\27\260\1\0\0\3\260\1\0\0\0\0\0", 3200, MSG_DONTWAIT, NULL, NULL) = 32
20892 1783913243.875443 recvfrom(100, 0x7fc3986860, 3200, MSG_DONTWAIT, NULL, NULL) = -1 EAGAIN (Try again)
20892 1783913243.885277 recvfrom(100, 0x7fc3986760, 3200, MSG_DONTWAIT, NULL, NULL) = -1 EAGAIN (Try again)
21004 1783913243.888648 sendmsg(177, {msg_name=NULL, msg_namelen=0, msg_iov=[{iov_base="l\1\1\1\374\0\0\0f\4\0\0\235\0\0\0\1\1o\0;\0\0\0/re/frid"..., iov_len=428}], msg_iovlen=1, msg_controllen=0, msg_flags=0}, MSG_NOSIGNAL) = 428
20892 1783913243.903888 recvfrom(100, "nysv\0\0\0\0\0\0\0\0\0\0\0\0\317\243\324\31\260\1\0\0\5\260\1\0\0\0\0\0", 3200, MSG_DONTWAIT, NULL, NULL) = 32
20892 1783913243.903915 recvfrom(100, 0x7fc3986860, 3200, MSG_DONTWAIT, NULL, NULL) = -1 EAGAIN (Try again)
21004 1783913243.904875 sendmsg(177, {msg_name=NULL, msg_namelen=0, msg_iov=[{iov_base="l\1\1\1\374\0\0\0g\4\0\0\235\0\0\0\1\1o\0;\0\0\0/re/frid"..., iov_len=428}], msg_iovlen=1, msg_controllen=0, msg_flags=0}, MSG_NOSIGNAL) = 428
20892 1783913244.327590 recvfrom(100, 0x7fc3986420, 3200, MSG_DONTWAIT, NULL, NULL) = -1 EAGAIN (Try again)
20892 1783913244.339723 recvfrom(100, "nysv\0\0\0\0\0\0\0\0\0\0\0\0\313\232\2503\260\1\0\0\37\260\1\0\0\0\0\0", 3200, MSG_DONTWAIT, NULL, NULL) = 32
20892 1783913244.339827 recvfrom(100, 0x7fc3986860, 3200, MSG_DONTWAIT, NULL, NULL) = -1 EAGAIN (Try again)
20892 1783913244.340327 recvfrom(114, 0x7d0fd84020, 2272, MSG_DONTWAIT, NULL, NULL) = -1 EAGAIN (Try again)
21004 1783913244.349441 sendmsg(177, {msg_name=NULL, msg_namelen=0, msg_iov=[{iov_base="l\1\1\1\374\0\0\0h\4\0\0\235\0\0\0\1\1o\0;\0\0\0/re/frid"..., iov_len=428}], msg_iovlen=1, msg_controllen=0, msg_flags=0}, MSG_NOSIGNAL) = 428
20892 1783913244.356794 recvfrom(100, 0x7fc3985d70, 3200, MSG_DONTWAIT, NULL, NULL) = -1 EAGAIN (Try again)
20892 1783913244.370505 recvfrom(100, "nysv\0\0\0\0\0\0\0\0\0\0\0\0Pv\2455\260\1\0\0!\260\1\0\0\0\0\0", 3200, MSG_DONTWAIT, NULL, NULL) = 32
20892 1783913244.370529 recvfrom(100, 0x7fc3986860, 3200, MSG_DONTWAIT, NULL, NULL) = -1 EAGAIN (Try again)
20892 1783913244.379570 recvfrom(100, 0x7fc3986760, 3200, MSG_DONTWAIT, NULL, NULL) = -1 EAGAIN (Try again)
21004 1783913244.382002 sendmsg(177, {msg_name=NULL, msg_namelen=0, msg_iov=[{iov_base="l\1\1\1\374\0\0\0i\4\0\0\235\0\0\0\1\1o\0;\0\0\0/re/frid"..., iov_len=428}], msg_iovlen=1, msg_controllen=0, msg_flags=0}, MSG_NOSIGNAL) = 428
20892 1783913244.386647 recvfrom(100, "nysv\0\0\0\0\0\0\0\0\0\0\0\0\36\325\2436\260\1\0\0\"\260\1\0\0\0\0\0", 3200, MSG_DONTWAIT, NULL, NULL) = 32
20892 1783913244.386681 recvfrom(100, 0x7fc3986860, 3200, MSG_DONTWAIT, NULL, NULL) = -1 EAGAIN (Try again)
21004 1783913244.387966 sendmsg(177, {msg_name=NULL, msg_namelen=0, msg_iov=[{iov_base="l\1\1\1\374\0\0\0j\4\0\0\235\0\0\0\1\1o\0;\0\0\0/re/frid"..., iov_len=428}], msg_iovlen=1, msg_controllen=0, msg_flags=0}, MSG_NOSIGNAL) = 428
20892 1783913244.830927 recvfrom(100, 0x7fc3986420, 3200, MSG_DONTWAIT, NULL, NULL) = -1 EAGAIN (Try again)
20892 1783913244.837640 recvfrom(100, "nysv\0\0\0\0\0\0\0\0\0\0\0\0\267\377uQ\260\1\0\0=\260\1\0\0\0\0\0", 3200, MSG_DONTWAIT, NULL, NULL) = 32
20892 1783913244.837723 recvfrom(100, 0x7fc3986860, 3200, MSG_DONTWAIT, NULL, NULL) = -1 EAGAIN (Try again)
20892 1783913244.837794 recvfrom(114, 0x7d0fd84020, 2272, MSG_DONTWAIT, NULL, NULL) = -1 EAGAIN (Try again)
21004 1783913244.846841 sendmsg(177, {msg_name=NULL, msg_namelen=0, msg_iov=[{iov_base="l\1\1\1\374\0\0\0k\4\0\0\235\0\0\0\1\1o\0;\0\0\0/re/frid"..., iov_len=428}], msg_iovlen=1, msg_controllen=0, msg_flags=0}, MSG_NOSIGNAL) = 428
20892 1783913244.853812 recvfrom(100, 0x7fc3985d70, 3200, MSG_DONTWAIT, NULL, NULL) = -1 EAGAIN (Try again)
20892 1783913244.871371 recvfrom(100, "nysv\0\0\0\0\0\0\0\0\0\0\0\0\264\252rS\260\1\0\0?\260\1\0\0\0\0\0", 3200, MSG_DONTWAIT, NULL, NULL) = 32
20892 1783913244.871653 recvfrom(100, 0x7fc3986860, 3200, MSG_DONTWAIT, NULL, NULL) = -1 EAGAIN (Try again)
20892 1783913244.878684 recvfrom(100, 0x7fc3986760, 3200, MSG_DONTWAIT, NULL, NULL) = -1 EAGAIN (Try again)
21004 1783913244.883754 sendmsg(177, {msg_name=NULL, msg_namelen=0, msg_iov=[{iov_base="l\1\1\1\374\0\0\0l\4\0\0\235\0\0\0\1\1o\0;\0\0\0/re/frid"..., iov_len=428}], msg_iovlen=1, msg_controllen=0, msg_flags=0}, MSG_NOSIGNAL) = 428
20892 1783913244.885496 recvfrom(100, "nysv\0\0\0\0\0\0\0\0\0\0\0\0\274AqT\260\1\0\0@\260\1\0\0\0\0\0", 3200, MSG_DONTWAIT, NULL, NULL) = 32
20892 1783913244.885526 recvfrom(100, 0x7fc3986860, 3200, MSG_DONTWAIT, NULL, NULL) = -1 EAGAIN (Try again)
21004 1783913244.888083 sendmsg(177, {msg_name=NULL, msg_namelen=0, msg_iov=[{iov_base="l\1\1\1\374\0\0\0m\4\0\0\235\0\0\0\1\1o\0;\0\0\0/re/frid"..., iov_len=428}], msg_iovlen=1, msg_controllen=0, msg_flags=0}, MSG_NOSIGNAL) = 428
20892 1783913245.333823 recvfrom(100, 0x7fc3986420, 3200, MSG_DONTWAIT, NULL, NULL) = -1 EAGAIN (Try again)
20892 1783913245.336050 recvfrom(100, "nysv\0\0\0\0\0\0\0\0\0\0\0\0\240\231Co\260\1\0\0[\260\1\0\0\0\0\0", 3200, MSG_DONTWAIT, NULL, NULL) = 32
20892 1783913245.336171 recvfrom(100, 0x7fc3986860, 3200, MSG_DONTWAIT, NULL, NULL) = -1 EAGAIN (Try again)
20892 1783913245.336280 recvfrom(114, 0x7d0fd84020, 2272, MSG_DONTWAIT, NULL, NULL) = -1 EAGAIN (Try again)
20892 1783913245.345604 recvfrom(100, 0x7fc3985d70, 3200, MSG_DONTWAIT, NULL, NULL) = -1 EAGAIN (Try again)
21004 1783913245.347870 sendmsg(177, {msg_name=NULL, msg_namelen=0, msg_iov=[{iov_base="l\1\1\1\374\0\0\0n\4\0\0\235\0\0\0\1\1o\0;\0\0\0/re/frid"..., iov_len=428}], msg_iovlen=1, msg_controllen=0, msg_flags=0}, MSG_NOSIGNAL) = 428
20892 1783913245.370931 recvfrom(100, "nysv\0\0\0\0\0\0\0\0\0\0\0\0J`@q\260\1\0\0]\260\1\0\0\0\0\0", 3200, MSG_DONTWAIT, NULL, NULL) = 32
20892 1783913245.370988 recvfrom(100, 0x7fc3986860, 3200, MSG_DONTWAIT, NULL, NULL) = -1 EAGAIN (Try again)
20892 1783913245.374050 recvfrom(100, 0x7fc3986760, 3200, MSG_DONTWAIT, NULL, NULL) = -1 EAGAIN (Try again)
21004 1783913245.381220 sendmsg(177, {msg_name=NULL, msg_namelen=0, msg_iov=[{iov_base="l\1\1\1\374\0\0\0o\4\0\0\235\0\0\0\1\1o\0;\0\0\0/re/frid"..., iov_len=428}], msg_iovlen=1, msg_controllen=0, msg_flags=0}, MSG_NOSIGNAL) = 428
20892 1783913245.386863 recvfrom(100, "nysv\0\0\0\0\0\0\0\0\0\0\0\0\370\252>r\260\1\0\0^\260\1\0\0\0\0\0", 3200, MSG_DONTWAIT, NULL, NULL) = 32
20892 1783913245.386896 recvfrom(100, 0x7fc3986860, 3200, MSG_DONTWAIT, NULL, NULL) = -1 EAGAIN (Try again)
21004 1783913245.388407 sendmsg(177, {msg_name=NULL, msg_namelen=0, msg_iov=[{iov_base="l\1\1\1\374\0\0\0p\4\0\0\235\0\0\0\1\1o\0;\0\0\0/re/frid"..., iov_len=428}], msg_iovlen=1, msg_controllen=0, msg_flags=0}, MSG_NOSIGNAL) = 428
20892 1783913245.834561 recvfrom(100, 0x7fc3986420, 3200, MSG_DONTWAIT, NULL, NULL) = -1 EAGAIN (Try again)
20892 1783913245.854344 recvfrom(100, "nysv\0\0\0\0\0\0\0\0\0\0\0\0+(\17\216\260\1\0\0y\260\1\0\0\0\0\0", 3200, MSG_DONTWAIT, NULL, NULL) = 32
20892 1783913245.854431 recvfrom(100, 0x7fc3986860, 3200, MSG_DONTWAIT, NULL, NULL) = -1 EAGAIN (Try again)
20892 1783913245.854524 recvfrom(114, 0x7d0fd84020, 2272, MSG_DONTWAIT, NULL, NULL) = -1 EAGAIN (Try again)
21004 1783913245.860582 sendmsg(177, {msg_name=NULL, msg_namelen=0, msg_iov=[{iov_base="l\1\1\1\374\0\0\0q\4\0\0\235\0\0\0\1\1o\0;\0\0\0/re/frid"..., iov_len=428}], msg_iovlen=1, msg_controllen=0, msg_flags=0}, MSG_NOSIGNAL) = 428
20892 1783913245.865970 recvfrom(100, 0x7fc3985d70, 3200, MSG_DONTWAIT, NULL, NULL) = -1 EAGAIN (Try again)
20892 1783913245.869595 recvfrom(100, "nysv\0\0\0\0\0\0\0\0\0\0\0\0\350\231\r\217\260\1\0\0z\260\1\0\0\0\0\0", 3200, MSG_DONTWAIT, NULL, NULL) = 32
20892 1783913245.869624 recvfrom(100, 0x7fc3986860, 3200, MSG_DONTWAIT, NULL, NULL) = -1 EAGAIN (Try again)
20892 1783913245.872455 recvfrom(100, 0x7fc3986760, 3200, MSG_DONTWAIT, NULL, NULL) = -1 EAGAIN (Try again)
21004 1783913245.876680 sendmsg(177, {msg_name=NULL, msg_namelen=0, msg_iov=[{iov_base="l\1\1\1\374\0\0\0r\4\0\0\235\0\0\0\1\1o\0;\0\0\0/re/frid"..., iov_len=428}], msg_iovlen=1, msg_controllen=0, msg_flags=0}, MSG_NOSIGNAL) = 428
20892 1783913245.888228 recvfrom(100, "nysv\0\0\0\0\0\0\0\0\0\0\0\0\r\272\v\220\260\1\0\0{\260\1\0\0\0\0\0", 3200, MSG_DONTWAIT, NULL, NULL) = 32
20892 1783913245.888254 recvfrom(100, 0x7fc3986860, 3200, MSG_DONTWAIT, NULL, NULL) = -1 EAGAIN (Try again)
21004 1783913245.889323 sendmsg(177, {msg_name=NULL, msg_namelen=0, msg_iov=[{iov_base="l\1\1\1\374\0\0\0s\4\0\0\235\0\0\0\1\1o\0;\0\0\0/re/frid"..., iov_len=428}], msg_iovlen=1, msg_controllen=0, msg_flags=0}, MSG_NOSIGNAL) = 428
20892 1783913246.338273 recvfrom(100, 0x7fc3986420, 3200, MSG_DONTWAIT, NULL, NULL) = -1 EAGAIN (Try again)
20892 1783913246.356597 recvfrom(100, "nysv\0\0\0\0\0\0\0\0\0\0\0\0\245~\334\253\260\1\0\0\227\260\1\0\0\0\0\0", 3200, MSG_DONTWAIT, NULL, NULL) = 32
20892 1783913246.356723 recvfrom(100, 0x7fc3986860, 3200, MSG_DONTWAIT, NULL, NULL) = -1 EAGAIN (Try again)
20892 1783913246.356861 recvfrom(114, 0x7d0fd84020, 2272, MSG_DONTWAIT, NULL, NULL) = -1 EAGAIN (Try again)
20892 1783913246.373274 recvfrom(100, 0x7fc3985d70, 3200, MSG_DONTWAIT, NULL, NULL) = -1 EAGAIN (Try again)
21004 1783913246.374309 sendmsg(177, {msg_name=NULL, msg_namelen=0, msg_iov=[{iov_base="l\1\1\1\374\0\0\0t\4\0\0\235\0\0\0\1\1o\0;\0\0\0/re/frid"..., iov_len=428}], msg_iovlen=1, msg_controllen=0, msg_flags=0}, MSG_NOSIGNAL) = 428
20892 1783913246.388221 recvfrom(100, "nysv\0\0\0\0\0\0\0\0\0\0\0\0\371\36\331\255\260\1\0\0\231\260\1\0\0\0\0\0", 3200, MSG_DONTWAIT, NULL, NULL) = 32
20892 1783913246.388243 recvfrom(100, 0x7fc3986860, 3200, MSG_DONTWAIT, NULL, NULL) = -1 EAGAIN (Try again)
20892 1783913246.393975 recvfrom(100, 0x7fc3986760, 3200, MSG_DONTWAIT, NULL, NULL) = -1 EAGAIN (Try again)
21004 1783913246.398475 sendmsg(177, {msg_name=NULL, msg_namelen=0, msg_iov=[{iov_base="l\1\1\1\374\0\0\0u\4\0\0\235\0\0\0\1\1o\0;\0\0\0/re/frid"..., iov_len=428}], msg_iovlen=1, msg_controllen=0, msg_flags=0}, MSG_NOSIGNAL) = 428
20892 1783913246.402942 recvfrom(100, "nysv\0\0\0\0\0\0\0\0\0\0\0\0\204\205\327\256\260\1\0\0\232\260\1\0\0\0\0\0", 3200, MSG_DONTWAIT, NULL, NULL) = 32
20892 1783913246.402967 recvfrom(100, 0x7fc3986860, 3200, MSG_DONTWAIT, NULL, NULL) = -1 EAGAIN (Try again)
21004 1783913246.403839 sendmsg(177, {msg_name=NULL, msg_namelen=0, msg_iov=[{iov_base="l\1\1\1\374\0\0\0v\4\0\0\235\0\0\0\1\1o\0;\0\0\0/re/frid"..., iov_len=428}], msg_iovlen=1, msg_controllen=0, msg_flags=0}, MSG_NOSIGNAL) = 428
20892 1783913246.841062 recvfrom(100, 0x7fc3986420, 3200, MSG_DONTWAIT, NULL, NULL) = -1 EAGAIN (Try again)
20892 1783913246.854306 recvfrom(100, "nysv\0\0\0\0\0\0\0\0\0\0\0\0\221\343\251\311\260\1\0\0\265\260\1\0\0\0\0\0", 3200, MSG_DONTWAIT, NULL, NULL) = 32
20892 1783913246.854437 recvfrom(100, 0x7fc3986860, 3200, MSG_DONTWAIT, NULL, NULL) = -1 EAGAIN (Try again)
20892 1783913246.854884 recvfrom(114, 0x7d0fd84020, 2272, MSG_DONTWAIT, NULL, NULL) = -1 EAGAIN (Try again)
20892 1783913246.861849 recvfrom(100, 0x7fc3985d70, 3200, MSG_DONTWAIT, NULL, NULL) = -1 EAGAIN (Try again)
21004 1783913246.863483 sendmsg(177, {msg_name=NULL, msg_namelen=0, msg_iov=[{iov_base="l\1\1\1\374\0\0\0w\4\0\0\235\0\0\0\1\1o\0;\0\0\0/re/frid"..., iov_len=428}], msg_iovlen=1, msg_controllen=0, msg_flags=0}, MSG_NOSIGNAL) = 428
20892 1783913246.871384 recvfrom(100, "nysv\0\0\0\0\0\0\0\0\0\0\0\0\252\211\250\312\260\1\0\0\266\260\1\0\0\0\0\0", 3200, MSG_DONTWAIT, NULL, NULL) = 32
20892 1783913246.871426 recvfrom(100, 0x7fc3986860, 3200, MSG_DONTWAIT, NULL, NULL) = -1 EAGAIN (Try again)
20892 1783913246.873147 recvfrom(100, 0x7fc3986760, 3200, MSG_DONTWAIT, NULL, NULL) = -1 EAGAIN (Try again)
21004 1783913246.875934 sendmsg(177, {msg_name=NULL, msg_namelen=0, msg_iov=[{iov_base="l\1\1\1\374\0\0\0x\4\0\0\235\0\0\0\1\1o\0;\0\0\0/re/frid"..., iov_len=428}], msg_iovlen=1, msg_controllen=0, msg_flags=0}, MSG_NOSIGNAL) = 428
20892 1783913246.889762 recvfrom(100, "nysv\0\0\0\0\0\0\0\0\0\0\0\0\345\203\246\313\260\1\0\0\267\260\1\0\0\0\0\0", 3200, MSG_DONTWAIT, NULL, NULL) = 32
20892 1783913246.889792 recvfrom(100, 0x7fc3986860, 3200, MSG_DONTWAIT, NULL, NULL) = -1 EAGAIN (Try again)
21004 1783913246.895099 sendmsg(177, {msg_name=NULL, msg_namelen=0, msg_iov=[{iov_base="l\1\1\1\374\0\0\0y\4\0\0\235\0\0\0\1\1o\0;\0\0\0/re/frid"..., iov_len=428}], msg_iovlen=1, msg_controllen=0, msg_flags=0}, MSG_NOSIGNAL) = 428
20892 1783913247.342745 recvfrom(100, 0x7fc3986420, 3200, MSG_DONTWAIT, NULL, NULL) = -1 EAGAIN (Try again)
20892 1783913247.353212 recvfrom(100, "nysv\0\0\0\0\0\0\0\0\0\0\0\0J\233w\347\260\1\0\0\323\260\1\0\0\0\0\0", 3200, MSG_DONTWAIT, NULL, NULL) = 32
20892 1783913247.353566 recvfrom(100, 0x7fc3986860, 3200, MSG_DONTWAIT, NULL, NULL) = -1 EAGAIN (Try again)
20892 1783913247.354177 recvfrom(114, 0x7d0fd84020, 2272, MSG_DONTWAIT, NULL, NULL) = -1 EAGAIN (Try again)
21004 1783913247.361926 sendmsg(177, {msg_name=NULL, msg_namelen=0, msg_iov=[{iov_base="l\1\1\1\374\0\0\0z\4\0\0\235\0\0\0\1\1o\0;\0\0\0/re/frid"..., iov_len=428}], msg_iovlen=1, msg_controllen=0, msg_flags=0}, MSG_NOSIGNAL) = 428
20892 1783913247.369799 recvfrom(100, 0x7fc3985d70, 3200, MSG_DONTWAIT, NULL, NULL) = -1 EAGAIN (Try again)
20892 1783913247.388546 recvfrom(100, "nysv\0\0\0\0\0\0\0\0\0\0\0\0004\34t\351\260\1\0\0\325\260\1\0\0\0\0\0", 3200, MSG_DONTWAIT, NULL, NULL) = 32
20892 1783913247.388582 recvfrom(100, 0x7fc3986860, 3200, MSG_DONTWAIT, NULL, NULL) = -1 EAGAIN (Try again)
20892 1783913247.389756 recvfrom(100, 0x7fc3986760, 3200, MSG_DONTWAIT, NULL, NULL) = -1 EAGAIN (Try again)
21004 1783913247.392109 sendmsg(177, {msg_name=NULL, msg_namelen=0, msg_iov=[{iov_base="l\1\1\1\374\0\0\0{\4\0\0\235\0\0\0\1\1o\0;\0\0\0/re/frid"..., iov_len=428}], msg_iovlen=1, msg_controllen=0, msg_flags=0}, MSG_NOSIGNAL) = 428
20892 1783913247.406300 recvfrom(100, "nysv\0\0\0\0\0\0\0\0\0\0\0\0\3738r\352\260\1\0\0\326\260\1\0\0\0\0\0", 3200, MSG_DONTWAIT, NULL, NULL) = 32
20892 1783913247.406316 recvfrom(100, 0x7fc3986860, 3200, MSG_DONTWAIT, NULL, NULL) = -1 EAGAIN (Try again)
21004 1783913247.407288 sendmsg(177, {msg_name=NULL, msg_namelen=0, msg_iov=[{iov_base="l\1\1\1\374\0\0\0|\4\0\0\235\0\0\0\1\1o\0;\0\0\0/re/frid"..., iov_len=428}], msg_iovlen=1, msg_controllen=0, msg_flags=0}, MSG_NOSIGNAL) = 428
20892 1783913247.846975 recvfrom(100, 0x7fc3986420, 3200, MSG_DONTWAIT, NULL, NULL) = -1 EAGAIN (Try again)
20892 1783913247.854667 recvfrom(100, "nysv\0\0\0\0\0\0\0\0\0\0\0\0\375\306D\5\261\1\0\0\361\260\1\0\0\0\0\0", 3200, MSG_DONTWAIT, NULL, NULL) = 32
20892 1783913247.854897 recvfrom(100, 0x7fc3986860, 3200, MSG_DONTWAIT, NULL, NULL) = -1 EAGAIN (Try again)
20892 1783913247.855042 recvfrom(114, 0x7d0fd84020, 2272, MSG_DONTWAIT, NULL, NULL) = -1 EAGAIN (Try again)
21004 1783913247.864470 sendmsg(177, {msg_name=NULL, msg_namelen=0, msg_iov=[{iov_base="l\1\1\1\374\0\0\0}\4\0\0\235\0\0\0\1\1o\0;\0\0\0/re/frid"..., iov_len=428}], msg_iovlen=1, msg_controllen=0, msg_flags=0}, MSG_NOSIGNAL) = 428
20892 1783913247.872942 recvfrom(100, 0x7fc3985d70, 3200, MSG_DONTWAIT, NULL, NULL) = -1 EAGAIN (Try again)
20892 1783913247.890734 recvfrom(100, "nysv\0\0\0\0\0\0\0\0\0\0\0\0\275MA\7\261\1\0\0\363\260\1\0\0\0\0\0", 3200, MSG_DONTWAIT, NULL, NULL) = 32
20892 1783913247.890762 recvfrom(100, 0x7fc3986860, 3200, MSG_DONTWAIT, NULL, NULL) = -1 EAGAIN (Try again)
20892 1783913247.901152 recvfrom(100, 0x7fc3986760, 3200, MSG_DONTWAIT, NULL, NULL) = -1 EAGAIN (Try again)
20892 1783913247.902559 recvfrom(100, "nysv\0\0\0\0\0\0\0\0\0\0\0\0\25\364?\10\261\1\0\0\364\260\1\0\0\0\0\0", 3200, MSG_DONTWAIT, NULL, NULL) = 32
20892 1783913247.902591 recvfrom(100, 0x7fc3986860, 3200, MSG_DONTWAIT, NULL, NULL) = -1 EAGAIN (Try again)
21004 1783913247.903911 sendmsg(177, {msg_name=NULL, msg_namelen=0, msg_iov=[{iov_base="l\1\1\1\374\0\0\0~\4\0\0\235\0\0\0\1\1o\0;\0\0\0/re/frid"..., iov_len=428}], msg_iovlen=1, msg_controllen=0, msg_flags=0}, MSG_NOSIGNAL) = 428
21004 1783913247.904766 sendmsg(177, {msg_name=NULL, msg_namelen=0, msg_iov=[{iov_base="l\1\1\1\374\0\0\0\177\4\0\0\235\0\0\0\1\1o\0;\0\0\0/re/frid"..., iov_len=428}], msg_iovlen=1, msg_controllen=0, msg_flags=0}, MSG_NOSIGNAL) = 428
20892 1783913248.346799 recvfrom(100, 0x7fc3986420, 3200, MSG_DONTWAIT, NULL, NULL) = -1 EAGAIN (Try again)
20892 1783913248.354393 recvfrom(100, "nysv\0\0\0\0\0\0\0\0\0\0\0\0\356$\22#\261\1\0\0\17\261\1\0\0\0\0\0", 3200, MSG_DONTWAIT, NULL, NULL) = 32
20892 1783913248.354436 recvfrom(100, 0x7fc3986860, 3200, MSG_DONTWAIT, NULL, NULL) = -1 EAGAIN (Try again)
20892 1783913248.354532 recvfrom(114, 0x7d0fd84020, 2272, MSG_DONTWAIT, NULL, NULL) = -1 EAGAIN (Try again)
20892 1783913248.358233 recvfrom(100, 0x7fc3985d70, 3200, MSG_DONTWAIT, NULL, NULL) = -1 EAGAIN (Try again)
21004 1783913248.359525 sendmsg(177, {msg_name=NULL, msg_namelen=0, msg_iov=[{iov_base="l\1\1\1\374\0\0\0\200\4\0\0\235\0\0\0\1\1o\0;\0\0\0/re/frid"..., iov_len=428}], msg_iovlen=1, msg_controllen=0, msg_flags=0}, MSG_NOSIGNAL) = 428
20892 1783913248.369544 recvfrom(100, "nysv\0\0\0\0\0\0\0\0\0\0\0\0\372\224\20$\261\1\0\0\20\261\1\0\0\0\0\0", 3200, MSG_DONTWAIT, NULL, NULL) = 32
20892 1783913248.369573 recvfrom(100, 0x7fc3986860, 3200, MSG_DONTWAIT, NULL, NULL) = -1 EAGAIN (Try again)
20892 1783913248.375929 recvfrom(100, 0x7fc3986760, 3200, MSG_DONTWAIT, NULL, NULL) = -1 EAGAIN (Try again)
21004 1783913248.378529 sendmsg(177, {msg_name=NULL, msg_namelen=0, msg_iov=[{iov_base="l\1\1\1\374\0\0\0\201\4\0\0\235\0\0\0\1\1o\0;\0\0\0/re/frid"..., iov_len=428}], msg_iovlen=1, msg_controllen=0, msg_flags=0}, MSG_NOSIGNAL) = 428
20892 1783913248.388234 recvfrom(100, "nysv\0\0\0\0\0\0\0\0\0\0\0\0\251\262\16%\261\1\0\0\21\261\1\0\0\0\0\0", 3200, MSG_DONTWAIT, NULL, NULL) = 32
20892 1783913248.388256 recvfrom(100, 0x7fc3986860, 3200, MSG_DONTWAIT, NULL, NULL) = -1 EAGAIN (Try again)
21004 1783913248.389160 sendmsg(177, {msg_name=NULL, msg_namelen=0, msg_iov=[{iov_base="l\1\1\1\374\0\0\0\202\4\0\0\235\0\0\0\1\1o\0;\0\0\0/re/frid"..., iov_len=428}], msg_iovlen=1, msg_controllen=0, msg_flags=0}, MSG_NOSIGNAL) = 428
20892 1783913248.849216 recvfrom(100, 0x7fc3986420, 3200, MSG_DONTWAIT, NULL, NULL) = -1 EAGAIN (Try again)
20892 1783913248.853521 recvfrom(100, "nysv\0\0\0\0\0\0\0\0\0\0\0\0004\202\337@\261\1\0\0,\261\1\0\0\0\0\0", 3200, MSG_DONTWAIT, NULL, NULL) = 32
20892 1783913248.853625 recvfrom(100, 0x7fc3986860, 3200, MSG_DONTWAIT, NULL, NULL) = -1 EAGAIN (Try again)
20892 1783913248.853891 recvfrom(114, 0x7d0fd84020, 2272, MSG_DONTWAIT, NULL, NULL) = -1 EAGAIN (Try again)
21004 1783913248.863181 sendmsg(177, {msg_name=NULL, msg_namelen=0, msg_iov=[{iov_base="l\1\1\1\374\0\0\0\203\4\0\0\235\0\0\0\1\1o\0;\0\0\0/re/frid"..., iov_len=428}], msg_iovlen=1, msg_controllen=0, msg_flags=0}, MSG_NOSIGNAL) = 428
20892 1783913248.871095 recvfrom(100, 0x7fc3985d70, 3200, MSG_DONTWAIT, NULL, NULL) = -1 EAGAIN (Try again)
20892 1783913248.885851 recvfrom(100, "nysv\0\0\0\0\0\0\0\0\0\0\0\0\322\256\334B\261\1\0\0.\261\1\0\0\0\0\0", 3200, MSG_DONTWAIT, NULL, NULL) = 32
20892 1783913248.885878 recvfrom(100, 0x7fc3986860, 3200, MSG_DONTWAIT, NULL, NULL) = -1 EAGAIN (Try again)
20892 1783913248.892974 recvfrom(100, 0x7fc3986760, 3200, MSG_DONTWAIT, NULL, NULL) = -1 EAGAIN (Try again)
21004 1783913248.896820 sendmsg(177, {msg_name=NULL, msg_namelen=0, msg_iov=[{iov_base="l\1\1\1\374\0\0\0\204\4\0\0\235\0\0\0\1\1o\0;\0\0\0/re/frid"..., iov_len=428}], msg_iovlen=1, msg_controllen=0, msg_flags=0}, MSG_NOSIGNAL) = 428
20892 1783913248.902053 recvfrom(100, "nysv\0\0\0\0\0\0\0\0\0\0\0\0006I\333C\261\1\0\0/\261\1\0\0\0\0\0", 3200, MSG_DONTWAIT, NULL, NULL) = 32
20892 1783913248.902075 recvfrom(100, 0x7fc3986860, 3200, MSG_DONTWAIT, NULL, NULL) = -1 EAGAIN (Try again)
21004 1783913248.903020 sendmsg(177, {msg_name=NULL, msg_namelen=0, msg_iov=[{iov_base="l\1\1\1\374\0\0\0\205\4\0\0\235\0\0\0\1\1o\0;\0\0\0/re/frid"..., iov_len=428}], msg_iovlen=1, msg_controllen=0, msg_flags=0}, MSG_NOSIGNAL) = 428
20892 1783913249.355292 recvfrom(100, 0x7fc3986420, 3200, MSG_DONTWAIT, NULL, NULL) = -1 EAGAIN (Try again)
20892 1783913249.369333 recvfrom(100, "nysv\0\0\0\0\0\0\0\0\0\0\0\0:`\253_\261\1\0\0J\261\1\0\0\0\0\0", 3200, MSG_DONTWAIT, NULL, NULL) = 32
20892 1783913249.369425 recvfrom(100, 0x7fc3986860, 3200, MSG_DONTWAIT, NULL, NULL) = -1 EAGAIN (Try again)
20892 1783913249.369528 recvfrom(114, 0x7d0fd84020, 2272, MSG_DONTWAIT, NULL, NULL) = -1 EAGAIN (Try again)
20892 1783913249.377368 recvfrom(100,  <unfinished ...>
21004 1783913249.379074 sendmsg(177, {msg_name=NULL, msg_namelen=0, msg_iov=[{iov_base="l\1\1\1\374\0\0\0\206\4\0\0\235\0\0\0\1\1o\0;\0\0\0/re/frid"..., iov_len=428}], msg_iovlen=1, msg_controllen=0, msg_flags=0}, MSG_NOSIGNAL) = 428
20892 1783913249.387413 <... recvfrom resumed> 0x7fc3985d70, 3200, MSG_DONTWAIT, NULL, NULL) = -1 EAGAIN (Try again)
20892 1783913249.403042 recvfrom(100, "nysv\0\0\0\0\0\0\0\0\0\0\0\0\23h\250a\261\1\0\0L\261\1\0\0\0\0\0", 3200, MSG_DONTWAIT, NULL, NULL) = 32
20892 1783913249.403068 recvfrom(100, 0x7fc3986860, 3200, MSG_DONTWAIT, NULL, NULL) = -1 EAGAIN (Try again)
20892 1783913249.405987 recvfrom(100, 0x7fc3986760, 3200, MSG_DONTWAIT, NULL, NULL) = -1 EAGAIN (Try again)
21004 1783913249.411022 sendmsg(177, {msg_name=NULL, msg_namelen=0, msg_iov=[{iov_base="l\1\1\1\374\0\0\0\207\4\0\0\235\0\0\0\1\1o\0;\0\0\0/re/frid"..., iov_len=428}], msg_iovlen=1, msg_controllen=0, msg_flags=0}, MSG_NOSIGNAL) = 428
20892 1783913249.419615 recvfrom(100, "nysv\0\0\0\0\0\0\0\0\0\0\0\0\266\315\246b\261\1\0\0M\261\1\0\0\0\0\0", 3200, MSG_DONTWAIT, NULL, NULL) = 32
20892 1783913249.419638 recvfrom(100, 0x7fc3986860, 3200, MSG_DONTWAIT, NULL, NULL) = -1 EAGAIN (Try again)
21004 1783913249.420738 sendmsg(177, {msg_name=NULL, msg_namelen=0, msg_iov=[{iov_base="l\1\1\1\374\0\0\0\210\4\0\0\235\0\0\0\1\1o\0;\0\0\0/re/frid"..., iov_len=428}], msg_iovlen=1, msg_controllen=0, msg_flags=0}, MSG_NOSIGNAL) = 428
20892 1783913249.856177 recvfrom(100, 0x7fc3986420, 3200, MSG_DONTWAIT, NULL, NULL) = -1 EAGAIN (Try again)
20892 1783913249.869096 recvfrom(100, "nysv\0\0\0\0\0\0\0\0\0\0\0\0'\333x}\261\1\0\0h\261\1\0\0\0\0\0", 3200, MSG_DONTWAIT, NULL, NULL) = 32
20892 1783913249.869340 recvfrom(100, 0x7fc3986860, 3200, MSG_DONTWAIT, NULL, NULL) = -1 EAGAIN (Try again)
20892 1783913249.869479 recvfrom(114, 0x7d0fd84020, 2272, MSG_DONTWAIT, NULL, NULL) = -1 EAGAIN (Try again)
21004 1783913249.879826 sendmsg(177, {msg_name=NULL, msg_namelen=0, msg_iov=[{iov_base="l\1\1\1\374\0\0\0\211\4\0\0\235\0\0\0\1\1o\0;\0\0\0/re/frid"..., iov_len=428}], msg_iovlen=1, msg_controllen=0, msg_flags=0}, MSG_NOSIGNAL) = 428
20892 1783913249.887828 recvfrom(100, 0x7fc3985d70, 3200, MSG_DONTWAIT, NULL, NULL) = -1 EAGAIN (Try again)
20892 1783913249.909103 recvfrom(100, "nysv\0\0\0\0\0\0\0\0\0\0\0\0\2271u\177\261\1\0\0j\261\1\0\0\0\0\0", 3200, MSG_DONTWAIT, NULL, NULL) = 32
20892 1783913249.909150 recvfrom(100, 0x7fc3986860, 3200, MSG_DONTWAIT, NULL, NULL) = -1 EAGAIN (Try again)
20892 1783913249.915738 recvfrom(100, 0x7fc3986760, 3200, MSG_DONTWAIT, NULL, NULL) = -1 EAGAIN (Try again)
20892 1783913249.919263 recvfrom(100, "nysv\0\0\0\0\0\0\0\0\0\0\0\0\304\276s\200\261\1\0\0k\261\1\0\0\0\0\0", 3200, MSG_DONTWAIT, NULL, NULL) = 32
20892 1783913249.919295 recvfrom(100, 0x7fc3986860, 3200, MSG_DONTWAIT, NULL, NULL) = -1 EAGAIN (Try again)
21004 1783913249.920502 sendmsg(177, {msg_name=NULL, msg_namelen=0, msg_iov=[{iov_base="l\1\1\1\374\0\0\0\212\4\0\0\235\0\0\0\1\1o\0;\0\0\0/re/frid"..., iov_len=428}], msg_iovlen=1, msg_controllen=0, msg_flags=0}, MSG_NOSIGNAL) = 428
21004 1783913249.922338 sendmsg(177, {msg_name=NULL, msg_namelen=0, msg_iov=[{iov_base="l\1\1\1\374\0\0\0\213\4\0\0\235\0\0\0\1\1o\0;\0\0\0/re/frid"..., iov_len=428}], msg_iovlen=1, msg_controllen=0, msg_flags=0}, MSG_NOSIGNAL) = 428
20892 1783913250.357741 recvfrom(100, 0x7fc3986420, 3200, MSG_DONTWAIT, NULL, NULL) = -1 EAGAIN (Try again)
20892 1783913250.370815 recvfrom(100, "nysv\0\0\0\0\0\0\0\0\0\0\0\0J\23F\233\261\1\0\0\206\261\1\0\0\0\0\0", 3200, MSG_DONTWAIT, NULL, NULL) = 32
20892 1783913250.370920 recvfrom(100, 0x7fc3986860, 3200, MSG_DONTWAIT, NULL, NULL) = -1 EAGAIN (Try again)
20892 1783913250.371277 recvfrom(114, 0x7d0fd84020, 2272, MSG_DONTWAIT, NULL, NULL) = -1 EAGAIN (Try again)
20892 1783913250.388080 recvfrom(100, 0x7fc3985d70, 3200, MSG_DONTWAIT, NULL, NULL) = -1 EAGAIN (Try again)
21004 1783913250.389131 sendmsg(177, {msg_name=NULL, msg_namelen=0, msg_iov=[{iov_base="l\1\1\1\374\0\0\0\214\4\0\0\235\0\0\0\1\1o\0;\0\0\0/re/frid"..., iov_len=428}], msg_iovlen=1, msg_controllen=0, msg_flags=0}, MSG_NOSIGNAL) = 428
20892 1783913250.407265 recvfrom(100, "nysv\0\0\0\0\0\0\0\0\0\0\0\0\203\226B\235\261\1\0\0\210\261\1\0\0\0\0\0", 3200, MSG_DONTWAIT, NULL, NULL) = 32
20892 1783913250.407305 recvfrom(100, 0x7fc3986860, 3200, MSG_DONTWAIT, NULL, NULL) = -1 EAGAIN (Try again)
20892 1783913250.410104 recvfrom(100, 0x7fc3986760, 3200, MSG_DONTWAIT, NULL, NULL) = -1 EAGAIN (Try again)
21004 1783913250.415554 sendmsg(177, {msg_name=NULL, msg_namelen=0, msg_iov=[{iov_base="l\1\1\1\374\0\0\0\215\4\0\0\235\0\0\0\1\1o\0;\0\0\0/re/frid"..., iov_len=428}], msg_iovlen=1, msg_controllen=0, msg_flags=0}, MSG_NOSIGNAL) = 428
20892 1783913250.418824 recvfrom(100, "nysv\0\0\0\0\0\0\0\0\0\0\0\0\315,A\236\261\1\0\0\211\261\1\0\0\0\0\0", 3200, MSG_DONTWAIT, NULL, NULL) = 32
20892 1783913250.418849 recvfrom(100, 0x7fc3986860, 3200, MSG_DONTWAIT, NULL, NULL) = -1 EAGAIN (Try again)
21004 1783913250.420003 sendmsg(177, {msg_name=NULL, msg_namelen=0, msg_iov=[{iov_base="l\1\1\1\374\0\0\0\216\4\0\0\235\0\0\0\1\1o\0;\0\0\0/re/frid"..., iov_len=428}], msg_iovlen=1, msg_controllen=0, msg_flags=0}, MSG_NOSIGNAL) = 428
20892 1783913250.859394 recvfrom(100, 0x7fc3986420, 3200, MSG_DONTWAIT, NULL, NULL) = -1 EAGAIN (Try again)
20892 1783913250.873159 recvfrom(100, "nysv\0\0\0\0\0\0\0\0\0\0\0\0\33[\23\271\261\1\0\0\244\261\1\0\0\0\0\0", 3200, MSG_DONTWAIT, NULL, NULL) = 32
20892 1783913250.873205 recvfrom(100, 0x7fc3986860, 3200, MSG_DONTWAIT, NULL, NULL) = -1 EAGAIN (Try again)
20892 1783913250.873252 recvfrom(114, 0x7d0fd84020, 2272, MSG_DONTWAIT, NULL, NULL) = -1 EAGAIN (Try again)
21004 1783913250.881178 sendmsg(177, {msg_name=NULL, msg_namelen=0, msg_iov=[{iov_base="l\1\1\1\374\0\0\0\217\4\0\0\235\0\0\0\1\1o\0;\0\0\0/re/frid"..., iov_len=428}], msg_iovlen=1, msg_controllen=0, msg_flags=0}, MSG_NOSIGNAL) = 428
20892 1783913250.886862 recvfrom(100, 0x7fc3985d70, 3200, MSG_DONTWAIT, NULL, NULL) = -1 EAGAIN (Try again)
20892 1783913250.909661 recvfrom(100, "nysv\0\0\0\0\0\0\0\0\0\0\0\0o\373\17\273\261\1\0\0\246\261\1\0\0\0\0\0", 3200, MSG_DONTWAIT, NULL, NULL) = 32
20892 1783913250.909704 recvfrom(100, 0x7fc3986860, 3200, MSG_DONTWAIT, NULL, NULL) = -1 EAGAIN (Try again)
20892 1783913250.912712 recvfrom(100, 0x7fc3986760, 3200, MSG_DONTWAIT, NULL, NULL) = -1 EAGAIN (Try again)
21004 1783913250.921552 sendmsg(177, {msg_name=NULL, msg_namelen=0, msg_iov=[{iov_base="l\1\1\1\374\0\0\0\220\4\0\0\235\0\0\0\1\1o\0;\0\0\0/re/frid"..., iov_len=428}], msg_iovlen=1, msg_controllen=0, msg_flags=0}, MSG_NOSIGNAL) = 428
20892 1783913250.941677 recvfrom(100, "nysv\0\0\0\0\0\0\0\0\0\0\0\0\303\233\f\275\261\1\0\0\247\261\1\0\0\0\0\0", 3200, MSG_DONTWAIT, NULL, NULL) = 32
20892 1783913250.941715 recvfrom(100, 0x7fc3986860, 3200, MSG_DONTWAIT, NULL, NULL) = -1 EAGAIN (Try again)
21004 1783913250.944020 sendmsg(177, {msg_name=NULL, msg_namelen=0, msg_iov=[{iov_base="l\1\1\1\374\0\0\0\221\4\0\0\235\0\0\0\1\1o\0;\0\0\0/re/frid"..., iov_len=428}], msg_iovlen=1, msg_controllen=0, msg_flags=0}, MSG_NOSIGNAL) = 428
20892 1783913251.362671 recvfrom(100, 0x7fc3986420, 3200, MSG_DONTWAIT, NULL, NULL) = -1 EAGAIN (Try again)
20892 1783913251.369542 recvfrom(100, "nysv\0\0\0\0\0\0\0\0\0\0\0\0\231\347\340\326\261\1\0\0\301\261\1\0\0\0\0\0", 3200, MSG_DONTWAIT, NULL, NULL) = 32
20892 1783913251.369660 recvfrom(100, 0x7fc3986860, 3200, MSG_DONTWAIT, NULL, NULL) = -1 EAGAIN (Try again)
20892 1783913251.369784 recvfrom(114, 0x7d0fd84020, 2272, MSG_DONTWAIT, NULL, NULL) = -1 EAGAIN (Try again)
20892 1783913251.378107 recvfrom(100, 0x7fc3985d70, 3200, MSG_DONTWAIT, NULL, NULL) = -1 EAGAIN (Try again)
21004 1783913251.379881 sendmsg(177, {msg_name=NULL, msg_namelen=0, msg_iov=[{iov_base="l\1\1\1\374\0\0\0\222\4\0\0\235\0\0\0\1\1o\0;\0\0\0/re/frid"..., iov_len=428}], msg_iovlen=1, msg_controllen=0, msg_flags=0}, MSG_NOSIGNAL) = 428
20892 1783913251.387646 recvfrom(100, "nysv\0\0\0\0\0\0\0\0\0\0\0\0\300\214\337\327\261\1\0\0\302\261\1\0\0\0\0\0", 3200, MSG_DONTWAIT, NULL, NULL) = 32
20892 1783913251.387771 recvfrom(100, 0x7fc3986860, 3200, MSG_DONTWAIT, NULL, NULL) = -1 EAGAIN (Try again)
20892 1783913251.388901 recvfrom(100, 0x7fc3986760, 3200, MSG_DONTWAIT, NULL, NULL) = -1 EAGAIN (Try again)
21004 1783913251.390426 sendmsg(177, {msg_name=NULL, msg_namelen=0, msg_iov=[{iov_base="l\1\1\1\374\0\0\0\223\4\0\0\235\0\0\0\1\1o\0;\0\0\0/re/frid"..., iov_len=428}], msg_iovlen=1, msg_controllen=0, msg_flags=0}, MSG_NOSIGNAL) = 428
20892 1783913251.402544 recvfrom(100, "nysv\0\0\0\0\0\0\0\0\0\0\0\0\341\21\336\330\261\1\0\0\303\261\1\0\0\0\0\0", 3200, MSG_DONTWAIT, NULL, NULL) = 32
20892 1783913251.402558 recvfrom(100, 0x7fc3986860, 3200, MSG_DONTWAIT, NULL, NULL) = -1 EAGAIN (Try again)
21004 1783913251.411381 sendmsg(177, {msg_name=NULL, msg_namelen=0, msg_iov=[{iov_base="l\1\1\1\374\0\0\0\224\4\0\0\235\0\0\0\1\1o\0;\0\0\0/re/frid"..., iov_len=428}], msg_iovlen=1, msg_controllen=0, msg_flags=0}, MSG_NOSIGNAL) = 428
20892 1783913251.865017 recvfrom(100, 0x7fc3986420, 3200, MSG_DONTWAIT, NULL, NULL) = -1 EAGAIN (Try again)
20892 1783913251.870738 recvfrom(100, "nysv\0\0\0\0\0\0\0\0\0\0\0\0\363$\256\364\261\1\0\0\337\261\1\0\0\0\0\0", 3200, MSG_DONTWAIT, NULL, NULL) = 32
20892 1783913251.870988 recvfrom(100, 0x7fc3986860, 3200, MSG_DONTWAIT, NULL, NULL) = -1 EAGAIN (Try again)
20892 1783913251.871349 recvfrom(114, 0x7d0fd84020, 2272, MSG_DONTWAIT, NULL, NULL) = -1 EAGAIN (Try again)
20892 1783913251.878227 recvfrom(100, 0x7fc3985d70, 3200, MSG_DONTWAIT, NULL, NULL) = -1 EAGAIN (Try again)
21004 1783913251.879301 sendmsg(177, {msg_name=NULL, msg_namelen=0, msg_iov=[{iov_base="l\1\1\1\374\0\0\0\225\4\0\0\235\0\0\0\1\1o\0;\0\0\0/re/frid"..., iov_len=428}], msg_iovlen=1, msg_controllen=0, msg_flags=0}, MSG_NOSIGNAL) = 428
20892 1783913251.887569 recvfrom(100, "nysv\0\0\0\0\0\0\0\0\0\0\0\0\32\313\254\365\261\1\0\0\340\261\1\0\0\0\0\0", 3200, MSG_DONTWAIT, NULL, NULL) = 32
20892 1783913251.887605 recvfrom(100, 0x7fc3986860, 3200, MSG_DONTWAIT, NULL, NULL) = -1 EAGAIN (Try again)
20892 1783913251.888795 recvfrom(100, 0x7fc3986760, 3200, MSG_DONTWAIT, NULL, NULL) = -1 EAGAIN (Try again)
21004 1783913251.891348 sendmsg(177, {msg_name=NULL, msg_namelen=0, msg_iov=[{iov_base="l\1\1\1\374\0\0\0\226\4\0\0\235\0\0\0\1\1o\0;\0\0\0/re/frid"..., iov_len=428}], msg_iovlen=1, msg_controllen=0, msg_flags=0}, MSG_NOSIGNAL) = 428
20892 1783913251.903784 recvfrom(100, "nysv\0\0\0\0\0\0\0\0\0\0\0\0\217\3\253\366\261\1\0\0\341\261\1\0\0\0\0\0", 3200, MSG_DONTWAIT, NULL, NULL) = 32
20892 1783913251.903800 recvfrom(100, 0x7fc3986860, 3200, MSG_DONTWAIT, NULL, NULL) = -1 EAGAIN (Try again)
21004 1783913251.905154 sendmsg(177, {msg_name=NULL, msg_namelen=0, msg_iov=[{iov_base="l\1\1\1\374\0\0\0\227\4\0\0\235\0\0\0\1\1o\0;\0\0\0/re/frid"..., iov_len=428}], msg_iovlen=1, msg_controllen=0, msg_flags=0}, MSG_NOSIGNAL) = 428
20892 1783913252.367264 recvfrom(100, 0x7fc3986420, 3200, MSG_DONTWAIT, NULL, NULL) = -1 EAGAIN (Try again)
20892 1783913252.369233 recvfrom(100, "nysv\0\0\0\0\0\0\0\0\0\0\0\0\237\302{\22\262\1\0\0\375\261\1\0\0\0\0\0", 3200, MSG_DONTWAIT, NULL, NULL) = 32
20892 1783913252.369332 recvfrom(100, 0x7fc3986860, 3200, MSG_DONTWAIT, NULL, NULL) = -1 EAGAIN (Try again)
20892 1783913252.369435 recvfrom(114, 0x7d0fd84020, 2272, MSG_DONTWAIT, NULL, NULL) = -1 EAGAIN (Try again)
20892 1783913252.378069 recvfrom(100, 0x7fc3985d70, 3200, MSG_DONTWAIT, NULL, NULL) = -1 EAGAIN (Try again)
21004 1783913252.381379 sendmsg(177, {msg_name=NULL, msg_namelen=0, msg_iov=[{iov_base="l\1\1\1\374\0\0\0\230\4\0\0\235\0\0\0\1\1o\0;\0\0\0/re/frid"..., iov_len=428}], msg_iovlen=1, msg_controllen=0, msg_flags=0}, MSG_NOSIGNAL) = 428
20892 1783913252.403141 recvfrom(100, "nysv\0\0\0\0\0\0\0\0\0\0\0\0\220\313x\24\262\1\0\0\377\261\1\0\0\0\0\0", 3200, MSG_DONTWAIT, NULL, NULL) = 32
20892 1783913252.403181 recvfrom(100, 0x7fc3986860, 3200, MSG_DONTWAIT, NULL, NULL) = -1 EAGAIN (Try again)
20892 1783913252.406924 recvfrom(100, 0x7fc3986760, 3200, MSG_DONTWAIT, NULL, NULL) = -1 EAGAIN (Try again)
21004 1783913252.414329 sendmsg(177, {msg_name=NULL, msg_namelen=0, msg_iov=[{iov_base="l\1\1\1\374\0\0\0\231\4\0\0\235\0\0\0\1\1o\0;\0\0\0/re/frid"..., iov_len=428}], msg_iovlen=1, msg_controllen=0, msg_flags=0}, MSG_NOSIGNAL) = 428
20892 1783913252.419608 recvfrom(100, "nysv\0\0\0\0\0\0\0\0\0\0\0\0m3w\25\262\1\0\0\0\262\1\0\200\0\0\0", 3200, MSG_DONTWAIT, NULL, NULL) = 32
20892 1783913252.419628 recvfrom(100, 0x7fc3986860, 3200, MSG_DONTWAIT, NULL, NULL) = -1 EAGAIN (Try again)
21004 1783913252.420610 sendmsg(177, {msg_name=NULL, msg_namelen=0, msg_iov=[{iov_base="l\1\1\1\374\0\0\0\232\4\0\0\235\0\0\0\1\1o\0;\0\0\0/re/frid"..., iov_len=428}], msg_iovlen=1, msg_controllen=0, msg_flags=0}, MSG_NOSIGNAL) = 428
21004 1783913252.795384 sendmsg(177, {msg_name=NULL, msg_namelen=0, msg_iov=[{iov_base="l\1\1\1\374\0\0\0\233\4\0\0\235\0\0\0\1\1o\0;\0\0\0/re/frid"..., iov_len=428}], msg_iovlen=1, msg_controllen=0, msg_flags=0}, MSG_NOSIGNAL) = 428
20892 1783913252.796205 recvfrom(100, 0x7fc39862c0, 3200, MSG_DONTWAIT, NULL, NULL) = -1 EAGAIN (Try again)
21004 1783913252.796851 sendmsg(177, {msg_name=NULL, msg_namelen=0, msg_iov=[{iov_base="l\1\1\1\374\0\0\0\234\4\0\0\235\0\0\0\1\1o\0;\0\0\0/re/frid"..., iov_len=428}], msg_iovlen=1, msg_controllen=0, msg_flags=0}, MSG_NOSIGNAL) = 428
20892 1783913252.803285 recvfrom(100, "nysv\0\0\0\0\0\0\0\0\0\0\0\0\313\346P,\262\1\0\0\27\262\1\0\0\0\0\0", 3200, MSG_DONTWAIT, NULL, NULL) = 32
20892 1783913252.803321 recvfrom(100, 0x7fc3986860, 3200, MSG_DONTWAIT, NULL, NULL) = -1 EAGAIN (Try again)
20892 1783913252.803442 recvfrom(114, 0x7d0fd84020, 2272, MSG_DONTWAIT, NULL, NULL) = -1 EAGAIN (Try again)
21004 1783913252.810152 sendmsg(177, {msg_name=NULL, msg_namelen=0, msg_iov=[{iov_base="l\1\1\1\374\0\0\0\235\4\0\0\235\0\0\0\1\1o\0;\0\0\0/re/frid"..., iov_len=428}], msg_iovlen=1, msg_controllen=0, msg_flags=0}, MSG_NOSIGNAL) = 428
20892 1783913252.819851 recvfrom(100, 0x7fc3985d70, 3200, MSG_DONTWAIT, NULL, NULL) = -1 EAGAIN (Try again)
20892 1783913252.836126 recvfrom(100, "nysv\0\0\0\0\0\0\0\0\0\0\0\0W)N.\262\1\0\0\31\262\1\0\0\0\0\0", 3200, MSG_DONTWAIT, NULL, NULL) = 32
20892 1783913252.836236 recvfrom(100, 0x7fc3986860, 3200, MSG_DONTWAIT, NULL, NULL) = -1 EAGAIN (Try again)
20892 1783913252.841358 recvfrom(100, 0x7fc3986760, 3200, MSG_DONTWAIT, NULL, NULL) = -1 EAGAIN (Try again)
21004 1783913252.843613 sendmsg(177, {msg_name=NULL, msg_namelen=0, msg_iov=[{iov_base="l\1\1\1\374\0\0\0\236\4\0\0\235\0\0\0\1\1o\0;\0\0\0/re/frid"..., iov_len=428}], msg_iovlen=1, msg_controllen=0, msg_flags=0}, MSG_NOSIGNAL) = 428
20892 1783913252.853369 recvfrom(100, "nysv\0\0\0\0\0\0\0\0\0\0\0\0\324yL/\262\1\0\0\32\262\1\0\0\0\0\0", 3200, MSG_DONTWAIT, NULL, NULL) = 32
20892 1783913252.853398 recvfrom(100, 0x7fc3986860, 3200, MSG_DONTWAIT, NULL, NULL) = -1 EAGAIN (Try again)
21004 1783913252.861712 sendmsg(177, {msg_name=NULL, msg_namelen=0, msg_iov=[{iov_base="l\1\1\1\374\0\0\0\237\4\0\0\235\0\0\0\1\1o\0;\0\0\0/re/frid"..., iov_len=428}], msg_iovlen=1, msg_controllen=0, msg_flags=0}, MSG_NOSIGNAL) = 428
20892 1783913253.033593 recvfrom(100, 0x7fc3985fd0, 3200, MSG_DONTWAIT, NULL, NULL) = -1 EAGAIN (Try again)
21004 1783913253.035334 sendmsg(177, {msg_name=NULL, msg_namelen=0, msg_iov=[{iov_base="l\1\1\1\374\0\0\0\240\4\0\0\235\0\0\0\1\1o\0;\0\0\0/re/frid"..., iov_len=428}], msg_iovlen=1, msg_controllen=0, msg_flags=0}, MSG_NOSIGNAL <unfinished ...>
20892 1783913253.035482 recvfrom(100, "nysv\0\0\0\0\0\0\0\0\0\0\0\0,<;:\262\1\0\0%\262\1\0\0\0\0\0", 3200, MSG_DONTWAIT, NULL, NULL) = 32
21004 1783913253.035505 <... sendmsg resumed> ) = 428
20892 1783913253.035516 recvfrom(100, 0x7fc3986860, 3200, MSG_DONTWAIT, NULL, NULL) = -1 EAGAIN (Try again)
20892 1783913253.035540 recvfrom(114, 0x7d0fd84020, 2272, MSG_DONTWAIT, NULL, NULL) = -1 EAGAIN (Try again)
20892 1783913253.051586 recvfrom(100, 0x7fc3985920, 3200, MSG_DONTWAIT, NULL, NULL) = -1 EAGAIN (Try again)
20892 1783913253.052951 recvfrom(100, "nysv\0\0\0\0\0\0\0\0\0\0\0\0U\3259;\262\1\0\0&\262\1\0\0\0\0\0", 3200, MSG_DONTWAIT, NULL, NULL) = 32
20892 1783913253.052973 recvfrom(100, 0x7fc3986860, 3200, MSG_DONTWAIT, NULL, NULL) = -1 EAGAIN (Try again)
20892 1783913253.052995 recvfrom(114, 0x7d0fd84020, 2272, MSG_DONTWAIT, NULL, NULL) = -1 EAGAIN (Try again)
20892 1783913253.084029 recvfrom(100, 0x7fc3985d70, 3200, MSG_DONTWAIT, NULL, NULL) = -1 EAGAIN (Try again)
20892 1783913253.098271 recvfrom(100, "nysv\0\0\0\0\0\0\0\0\0\0\0\0K\0057=\262\1\0\0(\262\1\0\0\0\0\0", 3200, MSG_DONTWAIT, NULL, NULL) = 32
20892 1783913253.098307 recvfrom(100, 0x7fc3986860, 3200, MSG_DONTWAIT, NULL, NULL) = -1 EAGAIN (Try again)
20892 1783913253.098347 recvfrom(114, 0x7d0fd84020, 2272, MSG_DONTWAIT, NULL, NULL) = -1 EAGAIN (Try again)
20892 1783913253.099268 recvfrom(100, 0x7fc3986760, 3200, MSG_DONTWAIT, NULL, NULL) = -1 EAGAIN (Try again)
20892 1783913253.103787 recvfrom(100, "nysv\0\0\0\0\0\0\0\0\0\0\0\0T\3425>\262\1\0\0)\262\1\0\0\0\0\0", 3200, MSG_DONTWAIT, NULL, NULL) = 32
20892 1783913253.103837 recvfrom(100, 0x7fc3986860, 3200, MSG_DONTWAIT, NULL, NULL) = -1 EAGAIN (Try again)
21004 1783913253.110836 sendmsg(177, {msg_name=NULL, msg_namelen=0, msg_iov=[{iov_base="l\1\1\1\374\0\0\0\241\4\0\0\235\0\0\0\1\1o\0;\0\0\0/re/frid"..., iov_len=428}], msg_iovlen=1, msg_controllen=0, msg_flags=0}, MSG_NOSIGNAL) = 428
20892 1783913253.120842 recvfrom(100, 0x7fc3986760, 3200, MSG_DONTWAIT, NULL, NULL) = -1 EAGAIN (Try again)
21004 1783913253.121886 sendmsg(177, {msg_name=NULL, msg_namelen=0, msg_iov=[{iov_base="l\1\1\1\374\0\0\0\242\4\0\0\235\0\0\0\1\1o\0;\0\0\0/re/frid"..., iov_len=428}], msg_iovlen=1, msg_controllen=0, msg_flags=0}, MSG_NOSIGNAL) = 428
20892 1783913253.136029 recvfrom(100, "nysv\0\0\0\0\0\0\0\0\0\0\0\0\346\3602@\262\1\0\0+\262\1\0\0\0\0\0", 3200, MSG_DONTWAIT, NULL, NULL) = 32
20892 1783913253.136053 recvfrom(100, 0x7fc3986860, 3200, MSG_DONTWAIT, NULL, NULL) = -1 EAGAIN (Try again)
21004 1783913253.137372 sendmsg(177, {msg_name=NULL, msg_namelen=0, msg_iov=[{iov_base="l\1\1\1\374\0\0\0\243\4\0\0\235\0\0\0\1\1o\0;\0\0\0/re/frid"..., iov_len=428}], msg_iovlen=1, msg_controllen=0, msg_flags=0}, MSG_NOSIGNAL) = 428
20892 1783913253.585862 recvfrom(100, 0x7fc3986420, 3200, MSG_DONTWAIT, NULL, NULL) = -1 EAGAIN (Try again)
20892 1783913253.606602 recvfrom(100, "nysv\0\0\0\0\0\0\0\0\0\0\0\0\3\266\376[\262\1\0\0F\262\1\0\0\0\0\0", 3200, MSG_DONTWAIT, NULL, NULL) = 32
20892 1783913253.606642 recvfrom(100, 0x7fc3986860, 3200, MSG_DONTWAIT, NULL, NULL) = -1 EAGAIN (Try again)
20892 1783913253.606683 recvfrom(114, 0x7d0fd84020, 2272, MSG_DONTWAIT, NULL, NULL) = -1 EAGAIN (Try again)
20892 1783913253.627214 recvfrom(100, 0x7fc3985d70, 3200, MSG_DONTWAIT, NULL, NULL) = -1 EAGAIN (Try again)
21004 1783913253.628204 sendmsg(177, {msg_name=NULL, msg_namelen=0, msg_iov=[{iov_base="l\1\1\1\374\0\0\0\244\4\0\0\235\0\0\0\1\1o\0;\0\0\0/re/frid"..., iov_len=428}], msg_iovlen=1, msg_controllen=0, msg_flags=0}, MSG_NOSIGNAL) = 428
20892 1783913253.635458 recvfrom(100, "nysv\0\0\0\0\0\0\0\0\0\0\0\0i\366\373]\262\1\0\0H\262\1\0\0\0\0\0", 3200, MSG_DONTWAIT, NULL, NULL) = 32
20892 1783913253.635487 recvfrom(100, 0x7fc3986860, 3200, MSG_DONTWAIT, NULL, NULL) = -1 EAGAIN (Try again)
20892 1783913253.638760 recvfrom(100, 0x7fc3986760, 3200, MSG_DONTWAIT, NULL, NULL) = -1 EAGAIN (Try again)
21004 1783913253.647462 sendmsg(177, {msg_name=NULL, msg_namelen=0, msg_iov=[{iov_base="l\1\1\1\374\0\0\0\245\4\0\0\235\0\0\0\1\1o\0;\0\0\0/re/frid"..., iov_len=428}], msg_iovlen=1, msg_controllen=0, msg_flags=0}, MSG_NOSIGNAL) = 428
20892 1783913253.652003 recvfrom(100, "nysv\0\0\0\0\0\0\0\0\0\0\0\0\370\226\372^\262\1\0\0I\262\1\0\0\0\0\0", 3200, MSG_DONTWAIT, NULL, NULL) = 32
20892 1783913253.652040 recvfrom(100, 0x7fc3986860, 3200, MSG_DONTWAIT, NULL, NULL) = -1 EAGAIN (Try again)
21004 1783913253.653822 sendmsg(177, {msg_name=NULL, msg_namelen=0, msg_iov=[{iov_base="l\1\1\1\374\0\0\0\246\4\0\0\235\0\0\0\1\1o\0;\0\0\0/re/frid"..., iov_len=428}], msg_iovlen=1, msg_controllen=0, msg_flags=0}, MSG_NOSIGNAL) = 428
21004 1783913254.014231 sendmsg(177, {msg_name=NULL, msg_namelen=0, msg_iov=[{iov_base="l\1\1\1\374\0\0\0\247\4\0\0\235\0\0\0\1\1o\0;\0\0\0/re/frid"..., iov_len=428}], msg_iovlen=1, msg_controllen=0, msg_flags=0}, MSG_NOSIGNAL) = 428
20892 1783913254.089388 recvfrom(100, 0x7fc3986420, 3200, MSG_DONTWAIT, NULL, NULL) = -1 EAGAIN (Try again)
20892 1783913254.104253 recvfrom(100, "nysv\0\0\0\0\0\0\0\0\0\0\0\0\241\201\314y\262\1\0\0d\262\1\0\0\0\0\0", 3200, MSG_DONTWAIT, NULL, NULL) = 32
20892 1783913254.104388 recvfrom(100, 0x7fc3986860, 3200, MSG_DONTWAIT, NULL, NULL) = -1 EAGAIN (Try again)
20892 1783913254.104514 recvfrom(114, 0x7d0fd84020, 2272, MSG_DONTWAIT, NULL, NULL) = -1 EAGAIN (Try again)
20892 1783913254.108369 recvfrom(100, 0x7fc3985d70, 3200, MSG_DONTWAIT, NULL, NULL) = -1 EAGAIN (Try again)
21004 1783913254.110061 sendmsg(177, {msg_name=NULL, msg_namelen=0, msg_iov=[{iov_base="l\1\1\1\374\0\0\0\250\4\0\0\235\0\0\0\1\1o\0;\0\0\0/re/frid"..., iov_len=428}], msg_iovlen=1, msg_controllen=0, msg_flags=0}, MSG_NOSIGNAL) = 428
20892 1783913254.123111 recvfrom(100, "nysv\0\0\0\0\0\0\0\0\0\0\0\0\4'\313z\262\1\0\0e\262\1\0\0\0\0\0", 3200, MSG_DONTWAIT, NULL, NULL) = 32
20892 1783913254.123152 recvfrom(100, 0x7fc3986860, 3200, MSG_DONTWAIT, NULL, NULL) = -1 EAGAIN (Try again)
20892 1783913254.124390 recvfrom(100, 0x7fc3986760, 3200, MSG_DONTWAIT, NULL, NULL) = -1 EAGAIN (Try again)
21004 1783913254.125472 sendmsg(177, {msg_name=NULL, msg_namelen=0, msg_iov=[{iov_base="l\1\1\1\374\0\0\0\251\4\0\0\235\0\0\0\1\1o\0;\0\0\0/re/frid"..., iov_len=428}], msg_iovlen=1, msg_controllen=0, msg_flags=0}, MSG_NOSIGNAL) = 428
20892 1783913254.135420 recvfrom(100, "nysv\0\0\0\0\0\0\0\0\0\0\0\0\355\207\311{\262\1\0\0f\262\1\0\0\0\0\0", 3200, MSG_DONTWAIT, NULL, NULL) = 32
20892 1783913254.135450 recvfrom(100, 0x7fc3986860, 3200, MSG_DONTWAIT, NULL, NULL) = -1 EAGAIN (Try again)
21004 1783913254.140245 sendmsg(177, {msg_name=NULL, msg_namelen=0, msg_iov=[{iov_base="l\1\1\1\374\0\0\0\252\4\0\0\235\0\0\0\1\1o\0;\0\0\0/re/frid"..., iov_len=428}], msg_iovlen=1, msg_controllen=0, msg_flags=0}, MSG_NOSIGNAL) = 428
20892 1783913254.591084 recvfrom(100, 0x7fc3986420, 3200, MSG_DONTWAIT, NULL, NULL) = -1 EAGAIN (Try again)
20892 1783913254.603550 recvfrom(100, "nysv\0\0\0\0\0\0\0\0\0\0\0\0\266\201\231\227\262\1\0\0\202\262\1\0\0\0\0\0", 3200, MSG_DONTWAIT, NULL, NULL) = 32
20892 1783913254.603692 recvfrom(100, 0x7fc3986860, 3200, MSG_DONTWAIT, NULL, NULL) = -1 EAGAIN (Try again)
20892 1783913254.604143 recvfrom(114, 0x7d0fd84020, 2272, MSG_DONTWAIT, NULL, NULL) = -1 EAGAIN (Try again)
20892 1783913254.611659 recvfrom(100, 0x7fc3985d70, 3200, MSG_DONTWAIT, NULL, NULL) = -1 EAGAIN (Try again)
21004 1783913254.612744 sendmsg(177, {msg_name=NULL, msg_namelen=0, msg_iov=[{iov_base="l\1\1\1\374\0\0\0\253\4\0\0\235\0\0\0\1\1o\0;\0\0\0/re/frid"..., iov_len=428}], msg_iovlen=1, msg_controllen=0, msg_flags=0}, MSG_NOSIGNAL) = 428
20892 1783913254.622288 recvfrom(100, "nysv\0\0\0\0\0\0\0\0\0\0\0\0]'\230\230\262\1\0\0\203\262\1\0\0\0\0\0", 3200, MSG_DONTWAIT, NULL, NULL) = 32
20892 1783913254.622337 recvfrom(100, 0x7fc3986860, 3200, MSG_DONTWAIT, NULL, NULL) = -1 EAGAIN (Try again)
20892 1783913254.623984 recvfrom(100, 0x7fc3986760, 3200, MSG_DONTWAIT, NULL, NULL) = -1 EAGAIN (Try again)
21004 1783913254.626020 sendmsg(177, {msg_name=NULL, msg_namelen=0, msg_iov=[{iov_base="l\1\1\1\374\0\0\0\254\4\0\0\235\0\0\0\1\1o\0;\0\0\0/re/frid"..., iov_len=428}], msg_iovlen=1, msg_controllen=0, msg_flags=0}, MSG_NOSIGNAL) = 428
20892 1783913254.635912 recvfrom(100, "nysv\0\0\0\0\0\0\0\0\0\0\0\0\345\276\226\231\262\1\0\0\204\262\1\0\0\0\0\0", 3200, MSG_DONTWAIT, NULL, NULL) = 32
20892 1783913254.635936 recvfrom(100, 0x7fc3986860, 3200, MSG_DONTWAIT, NULL, NULL) = -1 EAGAIN (Try again)
21004 1783913254.639974 sendmsg(177, {msg_name=NULL, msg_namelen=0, msg_iov=[{iov_base="l\1\1\1\374\0\0\0\255\4\0\0\235\0\0\0\1\1o\0;\0\0\0/re/frid"..., iov_len=428}], msg_iovlen=1, msg_controllen=0, msg_flags=0}, MSG_NOSIGNAL) = 428
21004 1783913255.015074 sendmsg(177, {msg_name=NULL, msg_namelen=0, msg_iov=[{iov_base="l\1\1\1\374\0\0\0\256\4\0\0\235\0\0\0\1\1o\0;\0\0\0/re/frid"..., iov_len=428}], msg_iovlen=1, msg_controllen=0, msg_flags=0}, MSG_NOSIGNAL) = 428
21004 1783913255.020354 sendmsg(177, {msg_name=NULL, msg_namelen=0, msg_iov=[{iov_base="l\1\1\1\374\0\0\0\257\4\0\0\235\0\0\0\1\1o\0;\0\0\0/re/frid"..., iov_len=428}], msg_iovlen=1, msg_controllen=0, msg_flags=0}, MSG_NOSIGNAL) = 428
21004 1783913255.028179 sendmsg(177, {msg_name=NULL, msg_namelen=0, msg_iov=[{iov_base="l\1\1\1\374\0\0\0\260\4\0\0\235\0\0\0\1\1o\0;\0\0\0/re/frid"..., iov_len=428}], msg_iovlen=1, msg_controllen=0, msg_flags=0}, MSG_NOSIGNAL) = 428
20892 1783913255.092774 recvfrom(100, 0x7fc3986420, 3200, MSG_DONTWAIT, NULL, NULL) = -1 EAGAIN (Try again)
20892 1783913255.103865 recvfrom(100, "nysv\0\0\0\0\0\0\0\0\0\0\0\0'}g\265\262\1\0\0\240\262\1\0\0\0\0\0", 3200, MSG_DONTWAIT, NULL, NULL) = 32
20892 1783913255.103902 recvfrom(100, 0x7fc3986860, 3200, MSG_DONTWAIT, NULL, NULL) = -1 EAGAIN (Try again)
20892 1783913255.104014 recvfrom(114, 0x7d0fd84020, 2272, MSG_DONTWAIT, NULL, NULL) = -1 EAGAIN (Try again)
21004 1783913255.108463 sendmsg(177, {msg_name=NULL, msg_namelen=0, msg_iov=[{iov_base="l\1\1\1\374\0\0\0\261\4\0\0\235\0\0\0\1\1o\0;\0\0\0/re/frid"..., iov_len=428}], msg_iovlen=1, msg_controllen=0, msg_flags=0}, MSG_NOSIGNAL) = 428
20892 1783913255.114855 recvfrom(100, 0x7fc3985d70, 3200, MSG_DONTWAIT, NULL, NULL) = -1 EAGAIN (Try again)
20892 1783913255.119097 recvfrom(100, "nysv\0\0\0\0\0\0\0\0\0\0\0\0/\nf\266\262\1\0\0\241\262\1\0\0\0\0\0", 3200, MSG_DONTWAIT, NULL, NULL) = 32
20892 1783913255.119123 recvfrom(100, 0x7fc3986860, 3200, MSG_DONTWAIT, NULL, NULL) = -1 EAGAIN (Try again)
20892 1783913255.124936 recvfrom(100, 0x7fc3986760, 3200, MSG_DONTWAIT, NULL, NULL) = -1 EAGAIN (Try again)
21004 1783913255.126545 sendmsg(177, {msg_name=NULL, msg_namelen=0, msg_iov=[{iov_base="l\1\1\1\374\0\0\0\262\4\0\0\235\0\0\0\1\1o\0;\0\0\0/re/frid"..., iov_len=428}], msg_iovlen=1, msg_controllen=0, msg_flags=0}, MSG_NOSIGNAL) = 428
20892 1783913255.136289 recvfrom(100, "nysv\0\0\0\0\0\0\0\0\0\0\0\0\226rd\267\262\1\0\0\242\262\1\0\0\0\0\0", 3200, MSG_DONTWAIT, NULL, NULL) = 32
20892 1783913255.136316 recvfrom(100, 0x7fc3986860, 3200, MSG_DONTWAIT, NULL, NULL) = -1 EAGAIN (Try again)
21004 1783913255.137284 sendmsg(177, {msg_name=NULL, msg_namelen=0, msg_iov=[{iov_base="l\1\1\1\374\0\0\0\263\4\0\0\235\0\0\0\1\1o\0;\0\0\0/re/frid"..., iov_len=428}], msg_iovlen=1, msg_controllen=0, msg_flags=0}, MSG_NOSIGNAL) = 428
20892 1783913255.596841 recvfrom(100, 0x7fc3986420, 3200, MSG_DONTWAIT, NULL, NULL) = -1 EAGAIN (Try again)
20892 1783913255.603986 recvfrom(100, "nysv\0\0\0\0\0\0\0\0\0\0\0\0Mo4\323\262\1\0\0\276\262\1\0\0\0\0\0", 3200, MSG_DONTWAIT, NULL, NULL) = 32
20892 1783913255.604747 recvfrom(100, 0x7fc3986860, 3200, MSG_DONTWAIT, NULL, NULL) = -1 EAGAIN (Try again)
20892 1783913255.605160 recvfrom(114, 0x7d0fd84020, 2272, MSG_DONTWAIT, NULL, NULL) = -1 EAGAIN (Try again)
20892 1783913255.621999 recvfrom(100, 0x7fc3985d70, 3200, MSG_DONTWAIT, NULL, NULL) = -1 EAGAIN (Try again)
21004 1783913255.622833 sendmsg(177, {msg_name=NULL, msg_namelen=0, msg_iov=[{iov_base="l\1\1\1\374\0\0\0\264\4\0\0\235\0\0\0\1\1o\0;\0\0\0/re/frid"..., iov_len=428}], msg_iovlen=1, msg_controllen=0, msg_flags=0}, MSG_NOSIGNAL) = 428
20892 1783913255.635824 recvfrom(100, "nysv\0\0\0\0\0\0\0\0\0\0\0\0\27\2561\325\262\1\0\0\300\262\1\0\0\0\0\0", 3200, MSG_DONTWAIT, NULL, NULL) = 32
20892 1783913255.635859 recvfrom(100, 0x7fc3986860, 3200, MSG_DONTWAIT, NULL, NULL) = -1 EAGAIN (Try again)
20892 1783913255.643885 recvfrom(100, 0x7fc3986760, 3200, MSG_DONTWAIT, NULL, NULL) = -1 EAGAIN (Try again)
21004 1783913255.647427 sendmsg(177, {msg_name=NULL, msg_namelen=0, msg_iov=[{iov_base="l\1\1\1\374\0\0\0\265\4\0\0\235\0\0\0\1\1o\0;\0\0\0/re/frid"..., iov_len=428}], msg_iovlen=1, msg_controllen=0, msg_flags=0}, MSG_NOSIGNAL) = 428
20892 1783913255.652111 recvfrom(100, "nysv\0\0\0\0\0\0\0\0\0\0\0\0[H0\326\262\1\0\0\301\262\1\0\0\0\0\0", 3200, MSG_DONTWAIT, NULL, NULL) = 32
20892 1783913255.652356 recvfrom(100, 0x7fc3986860, 3200, MSG_DONTWAIT, NULL, NULL) = -1 EAGAIN (Try again)
21004 1783913255.653564 sendmsg(177, {msg_name=NULL, msg_namelen=0, msg_iov=[{iov_base="l\1\1\1\374\0\0\0\266\4\0\0\235\0\0\0\1\1o\0;\0\0\0/re/frid"..., iov_len=428}], msg_iovlen=1, msg_controllen=0, msg_flags=0}, MSG_NOSIGNAL) = 428
20892 1783913256.103090 recvfrom(100, 0x7fc3986420, 3200, MSG_DONTWAIT, NULL, NULL) = -1 EAGAIN (Try again)
20892 1783913256.126428 recvfrom(100, "nysv\0\0\0\0\0\0\0\0\0\0\0\0\311\376\377\361\262\1\0\0\335\262\1\0\0\0\0\0", 3200, MSG_DONTWAIT, NULL, NULL) = 32
20892 1783913256.127049 recvfrom(100, 0x7fc3986860, 3200, MSG_DONTWAIT, NULL, NULL) = -1 EAGAIN (Try again)
20892 1783913256.127180 recvfrom(114, 0x7d0fd84020, 2272, MSG_DONTWAIT, NULL, NULL) = -1 EAGAIN (Try again)
21004 1783913256.136449 sendmsg(177, {msg_name=NULL, msg_namelen=0, msg_iov=[{iov_base="l\1\1\1\374\0\0\0\267\4\0\0\235\0\0\0\1\1o\0;\0\0\0/re/frid"..., iov_len=428}], msg_iovlen=1, msg_controllen=0, msg_flags=0}, MSG_NOSIGNAL) = 428
20892 1783913256.144588 recvfrom(100, 0x7fc3985d70, 3200, MSG_DONTWAIT, NULL, NULL) = -1 EAGAIN (Try again)
20892 1783913256.154832 recvfrom(100, "nysv\0\0\0\0\0\0\0\0\0\0\0\0\35\237\374\363\262\1\0\0\336\262\1\0\0\0\0\0", 3200, MSG_DONTWAIT, NULL, NULL) = 32
20892 1783913256.154872 recvfrom(100, 0x7fc3986860, 3200, MSG_DONTWAIT, NULL, NULL) = -1 EAGAIN (Try again)
20892 1783913256.160382 recvfrom(100, 0x7fc3986760, 3200, MSG_DONTWAIT, NULL, NULL) = -1 EAGAIN (Try again)
21004 1783913256.164554 sendmsg(177, {msg_name=NULL, msg_namelen=0, msg_iov=[{iov_base="l\1\1\1\374\0\0\0\270\4\0\0\235\0\0\0\1\1o\0;\0\0\0/re/frid"..., iov_len=428}], msg_iovlen=1, msg_controllen=0, msg_flags=0}, MSG_NOSIGNAL) = 428
20892 1783913256.170020 recvfrom(100, "nysv\0\0\0\0\0\0\0\0\0\0\0\0\254\365\372\364\262\1\0\0\337\262\1\0\0\0\0\0", 3200, MSG_DONTWAIT, NULL, NULL) = 32
20892 1783913256.170052 recvfrom(100, 0x7fc3986860, 3200, MSG_DONTWAIT, NULL, NULL) = -1 EAGAIN (Try again)
21004 1783913256.171589 sendmsg(177, {msg_name=NULL, msg_namelen=0, msg_iov=[{iov_base="l\1\1\1\374\0\0\0\271\4\0\0\235\0\0\0\1\1o\0;\0\0\0/re/frid"..., iov_len=428}], msg_iovlen=1, msg_controllen=0, msg_flags=0}, MSG_NOSIGNAL) = 428
20892 1783913256.606794 recvfrom(100, 0x7fc3986420, 3200, MSG_DONTWAIT, NULL, NULL) = -1 EAGAIN (Try again)
20892 1783913256.624259 recvfrom(100, "nysv\0\0\0\0\0\0\0\0\0\0\0\0\265c\315\17\263\1\0\0\372\262\1\0\0\0\0\0", 3200, MSG_DONTWAIT, NULL, NULL) = 32
20892 1783913256.624288 recvfrom(100, 0x7fc3986860, 3200, MSG_DONTWAIT, NULL, NULL) = -1 EAGAIN (Try again)
20892 1783913256.624363 recvfrom(114, 0x7d0fd84020, 2272, MSG_DONTWAIT, NULL, NULL) = -1 EAGAIN (Try again)
20892 1783913256.628760 recvfrom(100, 0x7fc3985d70, 3200, MSG_DONTWAIT, NULL, NULL) = -1 EAGAIN (Try again)
21004 1783913256.629422 sendmsg(177, {msg_name=NULL, msg_namelen=0, msg_iov=[{iov_base="l\1\1\1\374\0\0\0\272\4\0\0\235\0\0\0\1\1o\0;\0\0\0/re/frid"..., iov_len=428}], msg_iovlen=1, msg_controllen=0, msg_flags=0}, MSG_NOSIGNAL) = 428
20892 1783913256.636283 recvfrom(100, "nysv\0\0\0\0\0\0\0\0\0\0\0\0\267\n\314\20\263\1\0\0\373\262\1\0\0\0\0\0", 3200, MSG_DONTWAIT, NULL, NULL) = 32
20892 1783913256.636330 recvfrom(100, 0x7fc3986860, 3200, MSG_DONTWAIT, NULL, NULL) = -1 EAGAIN (Try again)
20892 1783913256.644736 recvfrom(100, 0x7fc3986760, 3200, MSG_DONTWAIT, NULL, NULL) = -1 EAGAIN (Try again)
21004 1783913256.647218 sendmsg(177, {msg_name=NULL, msg_namelen=0, msg_iov=[{iov_base="l\1\1\1\374\0\0\0\273\4\0\0\235\0\0\0\1\1o\0;\0\0\0/re/frid"..., iov_len=428}], msg_iovlen=1, msg_controllen=0, msg_flags=0}, MSG_NOSIGNAL) = 428
20892 1783913256.652032 recvfrom(100, "nysv\0\0\0\0\0\0\0\0\0\0\0\0006\253\312\21\263\1\0\0\374\262\1\0\0\0\0\0", 3200, MSG_DONTWAIT, NULL, NULL) = 32
20892 1783913256.652104 recvfrom(100, 0x7fc3986860, 3200, MSG_DONTWAIT, NULL, NULL) = -1 EAGAIN (Try again)
21004 1783913256.653060 sendmsg(177, {msg_name=NULL, msg_namelen=0, msg_iov=[{iov_base="l\1\1\1\374\0\0\0\274\4\0\0\235\0\0\0\1\1o\0;\0\0\0/re/frid"..., iov_len=428}], msg_iovlen=1, msg_controllen=0, msg_flags=0}, MSG_NOSIGNAL) = 428
20892 1783913257.108798 recvfrom(100, 0x7fc3986420, 3200, MSG_DONTWAIT, NULL, NULL) = -1 EAGAIN (Try again)
20892 1783913257.122028 recvfrom(100, "nysv\0\0\0\0\0\0\0\0\0\0\0\0\241\310\232-\263\1\0\0\27\263\1\0\0\0\0\0", 3200, MSG_DONTWAIT, NULL, NULL) = 32
20892 1783913257.122617 recvfrom(100, 0x7fc3986860, 3200, MSG_DONTWAIT, NULL, NULL) = -1 EAGAIN (Try again)
20892 1783913257.122753 recvfrom(114, 0x7d0fd84020, 2272, MSG_DONTWAIT, NULL, NULL) = -1 EAGAIN (Try again)
21004 1783913257.131357 sendmsg(177, {msg_name=NULL, msg_namelen=0, msg_iov=[{iov_base="l\1\1\1\374\0\0\0\275\4\0\0\235\0\0\0\1\1o\0;\0\0\0/re/frid"..., iov_len=428}], msg_iovlen=1, msg_controllen=0, msg_flags=0}, MSG_NOSIGNAL) = 428
20892 1783913257.140303 recvfrom(100, 0x7fc3985d70, 3200, MSG_DONTWAIT, NULL, NULL) = -1 EAGAIN (Try again)
20892 1783913257.155021 recvfrom(100, "nysv\0\0\0\0\0\0\0\0\0\0\0\0\6\201\227/\263\1\0\0\31\263\1\0\0\0\0\0", 3200, MSG_DONTWAIT, NULL, NULL) = 32
20892 1783913257.155053 recvfrom(100, 0x7fc3986860, 3200, MSG_DONTWAIT, NULL, NULL) = -1 EAGAIN (Try again)
20892 1783913257.165733 recvfrom(100, 0x7fc3986760, 3200, MSG_DONTWAIT, NULL, NULL) = -1 EAGAIN (Try again)
21004 1783913257.167782 sendmsg(177, {msg_name=NULL, msg_namelen=0, msg_iov=[{iov_base="l\1\1\1\374\0\0\0\276\4\0\0\235\0\0\0\1\1o\0;\0\0\0/re/frid"..., iov_len=428}], msg_iovlen=1, msg_controllen=0, msg_flags=0}, MSG_NOSIGNAL) = 428
20892 1783913257.168792 recvfrom(100, "nysv\0\0\0\0\0\0\0\0\0\0\0\0\360$\2260\263\1\0\0\32\263\1\0\0\0\0\0", 3200, MSG_DONTWAIT, NULL, NULL) = 32
20892 1783913257.169101 recvfrom(100, 0x7fc3986860, 3200, MSG_DONTWAIT, NULL, NULL) = -1 EAGAIN (Try again)
21004 1783913257.170348 sendmsg(177, {msg_name=NULL, msg_namelen=0, msg_iov=[{iov_base="l\1\1\1\374\0\0\0\277\4\0\0\235\0\0\0\1\1o\0;\0\0\0/re/frid"..., iov_len=428}], msg_iovlen=1, msg_controllen=0, msg_flags=0}, MSG_NOSIGNAL) = 428
20892 1783913257.610096 recvfrom(100, 0x7fc3986420, 3200, MSG_DONTWAIT, NULL, NULL) = -1 EAGAIN (Try again)
20892 1783913257.622160 recvfrom(100, "nysv\0\0\0\0\0\0\0\0\0\0\0\0\215-hK\263\1\0\0004\263\1\0\0\0\0\0", 3200, MSG_DONTWAIT, NULL, NULL) = 32
20892 1783913257.622806 recvfrom(100, 0x7fc3986860, 3200, MSG_DONTWAIT, NULL, NULL) = -1 EAGAIN (Try again)
20892 1783913257.622945 recvfrom(114, 0x7d0fd84020, 2272, MSG_DONTWAIT, NULL, NULL) = -1 EAGAIN (Try again)
20892 1783913257.640504 recvfrom(100, 0x7fc3985d70, 3200, MSG_DONTWAIT, NULL, NULL) = -1 EAGAIN (Try again)
21004 1783913257.640894 sendmsg(177, {msg_name=NULL, msg_namelen=0, msg_iov=[{iov_base="l\1\1\1\374\0\0\0\300\4\0\0\235\0\0\0\1\1o\0;\0\0\0/re/frid"..., iov_len=428}], msg_iovlen=1, msg_controllen=0, msg_flags=0}, MSG_NOSIGNAL) = 428
20892 1783913257.652475 recvfrom(100, "nysv\0\0\0\0\0\0\0\0\0\0\0\0=seM\263\1\0\0006\263\1\0\0\0\0\0", 3200, MSG_DONTWAIT, NULL, NULL) = 32
20892 1783913257.652509 recvfrom(100, 0x7fc3986860, 3200, MSG_DONTWAIT, NULL, NULL) = -1 EAGAIN (Try again)
20892 1783913257.657218 recvfrom(100, 0x7fc3986760, 3200, MSG_DONTWAIT, NULL, NULL) = -1 EAGAIN (Try again)
21004 1783913257.661007 sendmsg(177, {msg_name=NULL, msg_namelen=0, msg_iov=[{iov_base="l\1\1\1\374\0\0\0\301\4\0\0\235\0\0\0\1\1o\0;\0\0\0/re/frid"..., iov_len=428}], msg_iovlen=1, msg_controllen=0, msg_flags=0}, MSG_NOSIGNAL) = 428
20892 1783913257.671685 recvfrom(100, "nysv\0\0\0\0\0\0\0\0\0\0\0\0\f_cN\263\1\0\0007\263\1\0\0\0\0\0", 3200, MSG_DONTWAIT, NULL, NULL) = 32
20892 1783913257.671715 recvfrom(100, 0x7fc3986860, 3200, MSG_DONTWAIT, NULL, NULL) = -1 EAGAIN (Try again)
21004 1783913257.672869 sendmsg(177, {msg_name=NULL, msg_namelen=0, msg_iov=[{iov_base="l\1\1\1\374\0\0\0\302\4\0\0\235\0\0\0\1\1o\0;\0\0\0/re/frid"..., iov_len=428}], msg_iovlen=1, msg_controllen=0, msg_flags=0}, MSG_NOSIGNAL) = 428
20892 1783913258.112154 recvfrom(100, 0x7fc3986420, 3200, MSG_DONTWAIT, NULL, NULL) = -1 EAGAIN (Try again)
20892 1783913258.122068 recvfrom(100, "nysv\0\0\0\0\0\0\0\0\0\0\0\0y\2225i\263\1\0\0R\263\1\0\0\0\0\0", 3200, MSG_DONTWAIT, NULL, NULL) = 32
20892 1783913258.122326 recvfrom(100, 0x7fc3986860, 3200, MSG_DONTWAIT, NULL, NULL) = -1 EAGAIN (Try again)
20892 1783913258.122546 recvfrom(114, 0x7d0fd84020, 2272, MSG_DONTWAIT, NULL, NULL) = -1 EAGAIN (Try again)
21004 1783913258.131352 sendmsg(177, {msg_name=NULL, msg_namelen=0, msg_iov=[{iov_base="l\1\1\1\374\0\0\0\303\4\0\0\235\0\0\0\1\1o\0;\0\0\0/re/frid"..., iov_len=428}], msg_iovlen=1, msg_controllen=0, msg_flags=0}, MSG_NOSIGNAL) = 428
20892 1783913258.140405 recvfrom(100, 0x7fc3985d70, 3200, MSG_DONTWAIT, NULL, NULL) = -1 EAGAIN (Try again)
20892 1783913258.157500 recvfrom(100, "nysv\0\0\0\0\0\0\0\0\0\0\0\0\31522k\263\1\0\0T\263\1\0\0\0\0\0", 3200, MSG_DONTWAIT, NULL, NULL) = 32
20892 1783913258.157538 recvfrom(100, 0x7fc3986860, 3200, MSG_DONTWAIT, NULL, NULL) = -1 EAGAIN (Try again)
20892 1783913258.167661 recvfrom(100, 0x7fc3986760, 3200, MSG_DONTWAIT, NULL, NULL) = -1 EAGAIN (Try again)
20892 1783913258.169808 recvfrom(100, "nysv\0\0\0\0\0\0\0\0\0\0\0\0\362\3300l\263\1\0\0U\263\1\0\0\0\0\0", 3200, MSG_DONTWAIT, NULL, NULL) = 32
20892 1783913258.169849 recvfrom(100, 0x7fc3986860, 3200, MSG_DONTWAIT, NULL, NULL) = -1 EAGAIN (Try again)
21004 1783913258.170210 sendmsg(177, {msg_name=NULL, msg_namelen=0, msg_iov=[{iov_base="l\1\1\1\374\0\0\0\304\4\0\0\235\0\0\0\1\1o\0;\0\0\0/re/frid"..., iov_len=428}], msg_iovlen=1, msg_controllen=0, msg_flags=0}, MSG_NOSIGNAL) = 428
21004 1783913258.171851 sendmsg(177, {msg_name=NULL, msg_namelen=0, msg_iov=[{iov_base="l\1\1\1\374\0\0\0\305\4\0\0\235\0\0\0\1\1o\0;\0\0\0/re/frid"..., iov_len=428}], msg_iovlen=1, msg_controllen=0, msg_flags=0}, MSG_NOSIGNAL) = 428
20892 1783913258.613290 recvfrom(100, 0x7fc3986420, 3200, MSG_DONTWAIT, NULL, NULL) = -1 EAGAIN (Try again)
20892 1783913258.621536 recvfrom(100, "nysv\0\0\0\0\0\0\0\0\0\0\0\0e\367\2\207\263\1\0\0p\263\1\0\0\0\0\0", 3200, MSG_DONTWAIT, NULL, NULL) = 32
20892 1783913258.621822 recvfrom(100, 0x7fc3986860, 3200, MSG_DONTWAIT, NULL, NULL) = -1 EAGAIN (Try again)
20892 1783913258.621981 recvfrom(114, 0x7d0fd84020, 2272, MSG_DONTWAIT, NULL, NULL) = -1 EAGAIN (Try again)
20892 1783913258.629758 recvfrom(100, 0x7fc3985d70, 3200, MSG_DONTWAIT, NULL, NULL) = -1 EAGAIN (Try again)
21004 1783913258.630712 sendmsg(177, {msg_name=NULL, msg_namelen=0, msg_iov=[{iov_base="l\1\1\1\374\0\0\0\306\4\0\0\235\0\0\0\1\1o\0;\0\0\0/re/frid"..., iov_len=428}], msg_iovlen=1, msg_controllen=0, msg_flags=0}, MSG_NOSIGNAL) = 428
20892 1783913258.652645 recvfrom(100, "nysv\0\0\0\0\0\0\0\0\0\0\0\0;.\0\211\263\1\0\0r\263\1\0\0\0\0\0", 3200, MSG_DONTWAIT, NULL, NULL) = 32
20892 1783913258.652805 recvfrom(100, 0x7fc3986860, 3200, MSG_DONTWAIT, NULL, NULL) = -1 EAGAIN (Try again)
20892 1783913258.655348 recvfrom(100, 0x7fc3986760, 3200, MSG_DONTWAIT, NULL, NULL) = -1 EAGAIN (Try again)
21004 1783913258.660217 sendmsg(177, {msg_name=NULL, msg_namelen=0, msg_iov=[{iov_base="l\1\1\1\374\0\0\0\307\4\0\0\235\0\0\0\1\1o\0;\0\0\0/re/frid"..., iov_len=428}], msg_iovlen=1, msg_controllen=0, msg_flags=0}, MSG_NOSIGNAL) = 428
20892 1783913258.669015 recvfrom(100, "nysv\0\0\0\0\0\0\0\0\0\0\0\0 \276\376\211\263\1\0\0s\263\1\0\0\0\0\0", 3200, MSG_DONTWAIT, NULL, NULL) = 32
20892 1783913258.669084 recvfrom(100, 0x7fc3986860, 3200, MSG_DONTWAIT, NULL, NULL) = -1 EAGAIN (Try again)
21004 1783913258.670262 sendmsg(177, {msg_name=NULL, msg_namelen=0, msg_iov=[{iov_base="l\1\1\1\374\0\0\0\310\4\0\0\235\0\0\0\1\1o\0;\0\0\0/re/frid"..., iov_len=428}], msg_iovlen=1, msg_controllen=0, msg_flags=0}, MSG_NOSIGNAL) = 428
20892 1783913259.118247 recvfrom(100, 0x7fc3986420, 3200, MSG_DONTWAIT, NULL, NULL) = -1 EAGAIN (Try again)
20892 1783913259.118735 recvfrom(100, "nysv\0\0\0\0\0\0\0\0\0\0\0\0\227\365\320\244\263\1\0\0\216\263\1\0\0\0\0\0", 3200, MSG_DONTWAIT, NULL, NULL) = 32
20892 1783913259.119073 recvfrom(100, 0x7fc3986860, 3200, MSG_DONTWAIT, NULL, NULL) = -1 EAGAIN (Try again)
20892 1783913259.119137 recvfrom(114, 0x7d0fd84020, 2272, MSG_DONTWAIT, NULL, NULL) = -1 EAGAIN (Try again)
20892 1783913259.125408 recvfrom(100, 0x7fc3985d70, 3200, MSG_DONTWAIT, NULL, NULL) = -1 EAGAIN (Try again)
21004 1783913259.127630 sendmsg(177, {msg_name=NULL, msg_namelen=0, msg_iov=[{iov_base="l\1\1\1\374\0\0\0\311\4\0\0\235\0\0\0\1\1o\0;\0\0\0/re/frid"..., iov_len=428}], msg_iovlen=1, msg_controllen=0, msg_flags=0}, MSG_NOSIGNAL) = 428
20892 1783913259.136431 recvfrom(100, "nysv\0\0\0\0\0\0\0\0\0\0\0\0^\231\317\245\263\1\0\0\217\263\1\0\0\0\0\0", 3200, MSG_DONTWAIT, NULL, NULL) = 32
20892 1783913259.136526 recvfrom(100, 0x7fc3986860, 3200, MSG_DONTWAIT, NULL, NULL) = -1 EAGAIN (Try again)
20892 1783913259.143349 recvfrom(100, 0x7fc3986760, 3200, MSG_DONTWAIT, NULL, NULL) = -1 EAGAIN (Try again)
21004 1783913259.147064 sendmsg(177, {msg_name=NULL, msg_namelen=0, msg_iov=[{iov_base="l\1\1\1\374\0\0\0\312\4\0\0\235\0\0\0\1\1o\0;\0\0\0/re/frid"..., iov_len=428}], msg_iovlen=1, msg_controllen=0, msg_flags=0}, MSG_NOSIGNAL) = 428
20892 1783913259.154111 recvfrom(100, "nysv\0\0\0\0\0\0\0\0\0\0\0\0m\271\315\246\263\1\0\0\220\263\1\0\0\0\0\0", 3200, MSG_DONTWAIT, NULL, NULL) = 32
20892 1783913259.154134 recvfrom(100, 0x7fc3986860, 3200, MSG_DONTWAIT, NULL, NULL) = -1 EAGAIN (Try again)
21004 1783913259.155117 sendmsg(177, {msg_name=NULL, msg_namelen=0, msg_iov=[{iov_base="l\1\1\1\374\0\0\0\313\4\0\0\235\0\0\0\1\1o\0;\0\0\0/re/frid"..., iov_len=428}], msg_iovlen=1, msg_controllen=0, msg_flags=0}, MSG_NOSIGNAL) = 428
20892 1783913259.621903 recvfrom(100, 0x7fc3986420, 3200, MSG_DONTWAIT, NULL, NULL) = -1 EAGAIN (Try again)
20892 1783913259.640568 recvfrom(100, "nysv\0\0\0\0\0\0\0\0\0\0\0\0g\21\234\303\263\1\0\0\255\263\1\0\0\0\0\0", 3200, MSG_DONTWAIT, NULL, NULL) = 32
20892 1783913259.640643 recvfrom(100, 0x7fc3986860, 3200, MSG_DONTWAIT, NULL, NULL) = -1 EAGAIN (Try again)
20892 1783913259.640871 recvfrom(114, 0x7d0fd84020, 2272, MSG_DONTWAIT, NULL, NULL) = -1 EAGAIN (Try again)
20892 1783913259.659630 recvfrom(100, 0x7fc3985d70, 3200, MSG_DONTWAIT, NULL, NULL) = -1 EAGAIN (Try again)
21004 1783913259.661724 sendmsg(177, {msg_name=NULL, msg_namelen=0, msg_iov=[{iov_base="l\1\1\1\374\0\0\0\314\4\0\0\235\0\0\0\1\1o\0;\0\0\0/re/frid"..., iov_len=428}], msg_iovlen=1, msg_controllen=0, msg_flags=0}, MSG_NOSIGNAL) = 428
20892 1783913259.668620 recvfrom(100, "nysv\0\0\0\0\0\0\0\0\0\0\0\0VW\231\305\263\1\0\0\257\263\1\0\0\0\0\0", 3200, MSG_DONTWAIT, NULL, NULL) = 32
20892 1783913259.668643 recvfrom(100, 0x7fc3986860, 3200, MSG_DONTWAIT, NULL, NULL) = -1 EAGAIN (Try again)
20892 1783913259.674595 recvfrom(100, 0x7fc3986760, 3200, MSG_DONTWAIT, NULL, NULL) = -1 EAGAIN (Try again)
21004 1783913259.676568 sendmsg(177, {msg_name=NULL, msg_namelen=0, msg_iov=[{iov_base="l\1\1\1\374\0\0\0\315\4\0\0\235\0\0\0\1\1o\0;\0\0\0/re/frid"..., iov_len=428}], msg_iovlen=1, msg_controllen=0, msg_flags=0}, MSG_NOSIGNAL) = 428
20892 1783913259.689203 recvfrom(100, "nysv\0\0\0\0\0\0\0\0\0\0\0\0#\f\227\306\263\1\0\0\260\263\1\0\0\0\0\0", 3200, MSG_DONTWAIT, NULL, NULL) = 32
20892 1783913259.689311 recvfrom(100, 0x7fc3986860, 3200, MSG_DONTWAIT, NULL, NULL) = -1 EAGAIN (Try again)
21004 1783913259.690670 sendmsg(177, {msg_name=NULL, msg_namelen=0, msg_iov=[{iov_base="l\1\1\1\374\0\0\0\316\4\0\0\235\0\0\0\1\1o\0;\0\0\0/re/frid"..., iov_len=428}], msg_iovlen=1, msg_controllen=0, msg_flags=0}, MSG_NOSIGNAL) = 428
20892 1783913260.124090 recvfrom(100, 0x7fc3986420, 3200, MSG_DONTWAIT, NULL, NULL) = -1 EAGAIN (Try again)
20892 1783913260.141152 recvfrom(100, "nysv\0\0\0\0\0\0\0\0\0\0\0\0Svi\341\263\1\0\0\313\263\1\0\0\0\0\0", 3200, MSG_DONTWAIT, NULL, NULL) = 32
20892 1783913260.141409 recvfrom(100, 0x7fc3986860, 3200, MSG_DONTWAIT, NULL, NULL) = -1 EAGAIN (Try again)
20892 1783913260.141588 recvfrom(114, 0x7d0fd84020, 2272, MSG_DONTWAIT, NULL, NULL) = -1 EAGAIN (Try again)
20892 1783913260.150237 recvfrom(100, 0x7fc3985d70, 3200, MSG_DONTWAIT, NULL, NULL) = -1 EAGAIN (Try again)
21004 1783913260.151297 sendmsg(177, {msg_name=NULL, msg_namelen=0, msg_iov=[{iov_base="l\1\1\1\374\0\0\0\317\4\0\0\235\0\0\0\1\1o\0;\0\0\0/re/frid"..., iov_len=428}], msg_iovlen=1, msg_controllen=0, msg_flags=0}, MSG_NOSIGNAL) = 428
20892 1783913260.161686 recvfrom(100, "nysv\0\0\0\0\0\0\0\0\0\0\0\0\337\31h\342\263\1\0\0\314\263\1\0\0\0\0\0", 3200, MSG_DONTWAIT, NULL, NULL) = 32
20892 1783913260.161728 recvfrom(100, 0x7fc3986860, 3200, MSG_DONTWAIT, NULL, NULL) = -1 EAGAIN (Try again)
20892 1783913260.163343 recvfrom(100, 0x7fc3986760, 3200, MSG_DONTWAIT, NULL, NULL) = -1 EAGAIN (Try again)
21004 1783913260.164729 sendmsg(177, {msg_name=NULL, msg_namelen=0, msg_iov=[{iov_base="l\1\1\1\374\0\0\0\320\4\0\0\235\0\0\0\1\1o\0;\0\0\0/re/frid"..., iov_len=428}], msg_iovlen=1, msg_controllen=0, msg_flags=0}, MSG_NOSIGNAL) = 428
20892 1783913260.169982 recvfrom(100, "nysv\0\0\0\0\0\0\0\0\0\0\0\0\344nf\343\263\1\0\0\315\263\1\0\0\0\0\0", 3200, MSG_DONTWAIT, NULL, NULL) = 32
20892 1783913260.170012 recvfrom(100, 0x7fc3986860, 3200, MSG_DONTWAIT, NULL, NULL) = -1 EAGAIN (Try again)
21004 1783913260.174127 sendmsg(177, {msg_name=NULL, msg_namelen=0, msg_iov=[{iov_base="l\1\1\1\374\0\0\0\321\4\0\0\235\0\0\0\1\1o\0;\0\0\0/re/frid"..., iov_len=428}], msg_iovlen=1, msg_controllen=0, msg_flags=0}, MSG_NOSIGNAL) = 428
20892 1783913260.625245 recvfrom(100, 0x7fc3986420, 3200, MSG_DONTWAIT, NULL, NULL) = -1 EAGAIN (Try again)
20892 1783913260.636038 recvfrom(100, "nysv\0\0\0\0\0\0\0\0\0\0\0\0E\0167\377\263\1\0\0\351\263\1\0\0\0\0\0", 3200, MSG_DONTWAIT, NULL, NULL) = 32
20892 1783913260.636205 recvfrom(100, 0x7fc3986860, 3200, MSG_DONTWAIT, NULL, NULL) = -1 EAGAIN (Try again)
20892 1783913260.636364 recvfrom(114, 0x7d0fd84020, 2272, MSG_DONTWAIT, NULL, NULL) = -1 EAGAIN (Try again)
21004 1783913260.645975 sendmsg(177, {msg_name=NULL, msg_namelen=0, msg_iov=[{iov_base="l\1\1\1\374\0\0\0\322\4\0\0\235\0\0\0\1\1o\0;\0\0\0/re/frid"..., iov_len=428}], msg_iovlen=1, msg_controllen=0, msg_flags=0}, MSG_NOSIGNAL) = 428
20892 1783913260.654969 recvfrom(100, 0x7fc3985d70, 3200, MSG_DONTWAIT, NULL, NULL) = -1 EAGAIN (Try again)
20892 1783913260.669261 recvfrom(100, "nysv\0\0\0\0\0\0\0\0\0\0\0\0\327I4\1\264\1\0\0\353\263\1\0\0\0\0\0", 3200, MSG_DONTWAIT, NULL, NULL) = 32
20892 1783913260.669297 recvfrom(100, 0x7fc3986860, 3200, MSG_DONTWAIT, NULL, NULL) = -1 EAGAIN (Try again)
20892 1783913260.678267 recvfrom(100, 0x7fc3986760, 3200, MSG_DONTWAIT, NULL, NULL) = -1 EAGAIN (Try again)
21004 1783913260.681170 sendmsg(177, {msg_name=NULL, msg_namelen=0, msg_iov=[{iov_base="l\1\1\1\374\0\0\0\323\4\0\0\235\0\0\0\1\1o\0;\0\0\0/re/frid"..., iov_len=428}], msg_iovlen=1, msg_controllen=0, msg_flags=0}, MSG_NOSIGNAL) = 428
20892 1783913260.686984 recvfrom(100, "nysv\0\0\0\0\0\0\0\0\0\0\0\0\266\2052\2\264\1\0\0\354\263\1\0\0\0\0\0", 3200, MSG_DONTWAIT, NULL, NULL) = 32
20892 1783913260.687016 recvfrom(100, 0x7fc3986860, 3200, MSG_DONTWAIT, NULL, NULL) = -1 EAGAIN (Try again)
21004 1783913260.688296 sendmsg(177, {msg_name=NULL, msg_namelen=0, msg_iov=[{iov_base="l\1\1\1\374\0\0\0\324\4\0\0\235\0\0\0\1\1o\0;\0\0\0/re/frid"..., iov_len=428}], msg_iovlen=1, msg_controllen=0, msg_flags=0}, MSG_NOSIGNAL) = 428
20892 1783913261.127468 recvfrom(100, 0x7fc3986420, 3200, MSG_DONTWAIT, NULL, NULL) = -1 EAGAIN (Try again)
20892 1783913261.136948 recvfrom(100, "nysv\0\0\0\0\0\0\0\0\0\0\0\0+@\4\35\264\1\0\0\6\264\1\0\0\0\0\0", 3200, MSG_DONTWAIT, NULL, NULL) = 32
20892 1783913261.137368 recvfrom(100, 0x7fc3986860, 3200, MSG_DONTWAIT, NULL, NULL) = -1 EAGAIN (Try again)
20892 1783913261.137529 recvfrom(114, 0x7d0fd84020, 2272, MSG_DONTWAIT, NULL, NULL) = -1 EAGAIN (Try again)
20892 1783913261.145688 recvfrom(100, 0x7fc3985d70, 3200, MSG_DONTWAIT, NULL, NULL) = -1 EAGAIN (Try again)
21004 1783913261.148469 sendmsg(177, {msg_name=NULL, msg_namelen=0, msg_iov=[{iov_base="l\1\1\1\374\0\0\0\325\4\0\0\235\0\0\0\1\1o\0;\0\0\0/re/frid"..., iov_len=428}], msg_iovlen=1, msg_controllen=0, msg_flags=0}, MSG_NOSIGNAL) = 428
20892 1783913261.156259 recvfrom(100, "nysv\0\0\0\0\0\0\0\0\0\0\0\0\271\345\2\36\264\1\0\0\7\264\1\0\0\0\0\0", 3200, MSG_DONTWAIT, NULL, NULL) = 32
20892 1783913261.156305 recvfrom(100, 0x7fc3986860, 3200, MSG_DONTWAIT, NULL, NULL) = -1 EAGAIN (Try again)
20892 1783913261.158057 recvfrom(100, 0x7fc3986760, 3200, MSG_DONTWAIT, NULL, NULL) = -1 EAGAIN (Try again)
21004 1783913261.159674 sendmsg(177, {msg_name=NULL, msg_namelen=0, msg_iov=[{iov_base="l\1\1\1\374\0\0\0\326\4\0\0\235\0\0\0\1\1o\0;\0\0\0/re/frid"..., iov_len=428}], msg_iovlen=1, msg_controllen=0, msg_flags=0}, MSG_NOSIGNAL) = 428
20892 1783913261.171516 recvfrom(100, "nysv\0\0\0\0\0\0\0\0\0\0\0\0\177\340\0\37\264\1\0\0\10\264\1\0\0\0\0\0", 3200, MSG_DONTWAIT, NULL, NULL) = 32
20892 1783913261.171544 recvfrom(100, 0x7fc3986860, 3200, MSG_DONTWAIT, NULL, NULL) = -1 EAGAIN (Try again)
21004 1783913261.176763 sendmsg(177, {msg_name=NULL, msg_namelen=0, msg_iov=[{iov_base="l\1\1\1\374\0\0\0\327\4\0\0\235\0\0\0\1\1o\0;\0\0\0/re/frid"..., iov_len=428}], msg_iovlen=1, msg_controllen=0, msg_flags=0}, MSG_NOSIGNAL) = 428
20892 1783913261.630310 recvfrom(100, 0x7fc3986420, 3200, MSG_DONTWAIT, NULL, NULL) = -1 EAGAIN (Try again)
20892 1783913261.637807 recvfrom(100, "nysv\0\0\0\0\0\0\0\0\0\0\0\0\27\245\321:\264\1\0\0$\264\1\0\0\0\0\0", 3200, MSG_DONTWAIT, NULL, NULL) = 32
20892 1783913261.637923 recvfrom(100, 0x7fc3986860, 3200, MSG_DONTWAIT, NULL, NULL) = -1 EAGAIN (Try again)
20892 1783913261.637997 recvfrom(114, 0x7d0fd84020, 2272, MSG_DONTWAIT, NULL, NULL) = -1 EAGAIN (Try again)
20892 1783913261.641688 recvfrom(100, 0x7fc3985d70, 3200, MSG_DONTWAIT, NULL, NULL) = -1 EAGAIN (Try again)
21004 1783913261.642899 sendmsg(177, {msg_name=NULL, msg_namelen=0, msg_iov=[{iov_base="l\1\1\1\374\0\0\0\330\4\0\0\235\0\0\0\1\1o\0;\0\0\0/re/frid"..., iov_len=428}], msg_iovlen=1, msg_controllen=0, msg_flags=0}, MSG_NOSIGNAL) = 428
20892 1783913261.652212 recvfrom(100, "nysv\0\0\0\0\0\0\0\0\0\0\0\0P9\320;\264\1\0\0%\264\1\0\0\0\0\0", 3200, MSG_DONTWAIT, NULL, NULL) = 32
20892 1783913261.652347 recvfrom(100, 0x7fc3986860, 3200, MSG_DONTWAIT, NULL, NULL) = -1 EAGAIN (Try again)
20892 1783913261.654781 recvfrom(100, 0x7fc3986760, 3200, MSG_DONTWAIT, NULL, NULL) = -1 EAGAIN (Try again)
21004 1783913261.659744 sendmsg(177, {msg_name=NULL, msg_namelen=0, msg_iov=[{iov_base="l\1\1\1\374\0\0\0\331\4\0\0\235\0\0\0\1\1o\0;\0\0\0/re/frid"..., iov_len=428}], msg_iovlen=1, msg_controllen=0, msg_flags=0}, MSG_NOSIGNAL) = 428
20892 1783913261.669288 recvfrom(100, "nysv\0\0\0\0\0\0\0\0\0\0\0\0\301\262\316<\264\1\0\0&\264\1\0\0\0\0\0", 3200, MSG_DONTWAIT, NULL, NULL) = 32
20892 1783913261.669368 recvfrom(100, 0x7fc3986860, 3200, MSG_DONTWAIT, NULL, NULL) = -1 EAGAIN (Try again)
21004 1783913261.671377 sendmsg(177, {msg_name=NULL, msg_namelen=0, msg_iov=[{iov_base="l\1\1\1\374\0\0\0\332\4\0\0\235\0\0\0\1\1o\0;\0\0\0/re/frid"..., iov_len=428}], msg_iovlen=1, msg_controllen=0, msg_flags=0}, MSG_NOSIGNAL) = 428
20892 1783913262.133656 recvfrom(100, 0x7fc3986420, 3200, MSG_DONTWAIT, NULL, NULL) = -1 EAGAIN (Try again)
20892 1783913262.136196 recvfrom(100, "nysv\0\0\0\0\0\0\0\0\0\0\0\0^6\237X\264\1\0\0B\264\1\0\0\0\0\0", 3200, MSG_DONTWAIT, NULL, NULL) = 32
20892 1783913262.136477 recvfrom(100, 0x7fc3986860, 3200, MSG_DONTWAIT, NULL, NULL) = -1 EAGAIN (Try again)
20892 1783913262.136730 recvfrom(114, 0x7d0fd84020, 2272, MSG_DONTWAIT, NULL, NULL) = -1 EAGAIN (Try again)
21004 1783913262.144713 sendmsg(177, {msg_name=NULL, msg_namelen=0, msg_iov=[{iov_base="l\1\1\1\374\0\0\0\333\4\0\0\235\0\0\0\1\1o\0;\0\0\0/re/frid"..., iov_len=428}], msg_iovlen=1, msg_controllen=0, msg_flags=0}, MSG_NOSIGNAL) = 428
20892 1783913262.153056 recvfrom(100, 0x7fc3985d70, 3200, MSG_DONTWAIT, NULL, NULL) = -1 EAGAIN (Try again)
20892 1783913262.168872 recvfrom(100, "nysv\0\0\0\0\0\0\0\0\0\0\0\0\16p\234Z\264\1\0\0D\264\1\0\0\0\0\0", 3200, MSG_DONTWAIT, NULL, NULL) = 32
20892 1783913262.169060 recvfrom(100, 0x7fc3986860, 3200, MSG_DONTWAIT, NULL, NULL) = -1 EAGAIN (Try again)
20892 1783913262.170338 recvfrom(100, 0x7fc3986760, 3200, MSG_DONTWAIT, NULL, NULL) = -1 EAGAIN (Try again)
21004 1783913262.172199 sendmsg(177, {msg_name=NULL, msg_namelen=0, msg_iov=[{iov_base="l\1\1\1\374\0\0\0\334\4\0\0\235\0\0\0\1\1o\0;\0\0\0/re/frid"..., iov_len=428}], msg_iovlen=1, msg_controllen=0, msg_flags=0}, MSG_NOSIGNAL) = 428
20892 1783913262.191539 recvfrom(100, "nysv\0\0\0\0\0\0\0\0\0\0\0\0\201\372\231[\264\1\0\0E\264\1\0\0\0\0\0", 3200, MSG_DONTWAIT, NULL, NULL) = 32
20892 1783913262.191557 recvfrom(100, 0x7fc3986860, 3200, MSG_DONTWAIT, NULL, NULL) = -1 EAGAIN (Try again)
21004 1783913262.192329 sendmsg(177, {msg_name=NULL, msg_namelen=0, msg_iov=[{iov_base="l\1\1\1\374\0\0\0\335\4\0\0\235\0\0\0\1\1o\0;\0\0\0/re/frid"..., iov_len=428}], msg_iovlen=1, msg_controllen=0, msg_flags=0}, MSG_NOSIGNAL) = 428
20892 1783913262.638945 recvfrom(100, 0x7fc3986420, 3200, MSG_DONTWAIT, NULL, NULL) = -1 EAGAIN (Try again)
20892 1783913262.656383 recvfrom(100, "nysv\0\0\0\0\0\0\0\0\0\0\0\0\31\277jw\264\1\0\0`\264\1\0\0\0\0\0", 3200, MSG_DONTWAIT, NULL, NULL) = 32
20892 1783913262.656464 recvfrom(100, 0x7fc3986860, 3200, MSG_DONTWAIT, NULL, NULL) = -1 EAGAIN (Try again)
20892 1783913262.656501 recvfrom(114, 0x7d0fd84020, 2272, MSG_DONTWAIT, NULL, NULL) = -1 EAGAIN (Try again)
21004 1783913262.660226 sendmsg(177, {msg_name=NULL, msg_namelen=0, msg_iov=[{iov_base="l\1\1\1\374\0\0\0\336\4\0\0\235\0\0\0\1\1o\0;\0\0\0/re/frid"..., iov_len=428}], msg_iovlen=1, msg_controllen=0, msg_flags=0}, MSG_NOSIGNAL) = 428
20892 1783913262.667574 recvfrom(100, 0x7fc3985d70, 3200, MSG_DONTWAIT, NULL, NULL) = -1 EAGAIN (Try again)
20892 1783913262.669009 recvfrom(100, "nysv\0\0\0\0\0\0\0\0\0\0\0\0LXix\264\1\0\0a\264\1\0\0\0\0\0", 3200, MSG_DONTWAIT, NULL, NULL) = 32
20892 1783913262.669052 recvfrom(100, 0x7fc3986860, 3200, MSG_DONTWAIT, NULL, NULL) = -1 EAGAIN (Try again)
20892 1783913262.680417 recvfrom(100, 0x7fc3986760, 3200, MSG_DONTWAIT, NULL, NULL) = -1 EAGAIN (Try again)
21004 1783913262.683456 sendmsg(177, {msg_name=NULL, msg_namelen=0, msg_iov=[{iov_base="l\1\1\1\374\0\0\0\337\4\0\0\235\0\0\0\1\1o\0;\0\0\0/re/frid"..., iov_len=428}], msg_iovlen=1, msg_controllen=0, msg_flags=0}, MSG_NOSIGNAL) = 428
20892 1783913262.685787 recvfrom(100, "nysv\0\0\0\0\0\0\0\0\0\0\0\0\277\331gy\264\1\0\0b\264\1\0\0\0\0\0", 3200, MSG_DONTWAIT, NULL, NULL) = 32
20892 1783913262.685810 recvfrom(100, 0x7fc3986860, 3200, MSG_DONTWAIT, NULL, NULL) = -1 EAGAIN (Try again)
21004 1783913262.686871 sendmsg(177, {msg_name=NULL, msg_namelen=0, msg_iov=[{iov_base="l\1\1\1\374\0\0\0\340\4\0\0\235\0\0\0\1\1o\0;\0\0\0/re/frid"..., iov_len=428}], msg_iovlen=1, msg_controllen=0, msg_flags=0}, MSG_NOSIGNAL) = 428
20892 1783913263.140607 recvfrom(100, 0x7fc3986420, 3200, MSG_DONTWAIT, NULL, NULL) = -1 EAGAIN (Try again)
20892 1783913263.153376 recvfrom(100, "nysv\0\0\0\0\0\0\0\0\0\0\0\0(48\225\264\1\0\0~\264\1\0\0\0\0\0", 3200, MSG_DONTWAIT, NULL, NULL) = 32
20892 1783913263.153692 recvfrom(100, 0x7fc3986860, 3200, MSG_DONTWAIT, NULL, NULL) = -1 EAGAIN (Try again)
20892 1783913263.153966 recvfrom(114, 0x7d0fd84020, 2272, MSG_DONTWAIT, NULL, NULL) = -1 EAGAIN (Try again)
21004 1783913263.163101 sendmsg(177, {msg_name=NULL, msg_namelen=0, msg_iov=[{iov_base="l\1\1\1\374\0\0\0\341\4\0\0\235\0\0\0\1\1o\0;\0\0\0/re/frid"..., iov_len=428}], msg_iovlen=1, msg_controllen=0, msg_flags=0}, MSG_NOSIGNAL) = 428
20892 1783913263.170912 recvfrom(100, 0x7fc3985d70, 3200, MSG_DONTWAIT, NULL, NULL) = -1 EAGAIN (Try again)
20892 1783913263.188398 recvfrom(100, "nysv\0\0\0\0\0\0\0\0\0\0\0\0\26\3054\227\264\1\0\0\200\264\1\0\0\0\0\0", 3200, MSG_DONTWAIT, NULL, NULL) = 32
20892 1783913263.188429 recvfrom(100, 0x7fc3986860, 3200, MSG_DONTWAIT, NULL, NULL) = -1 EAGAIN (Try again)
20892 1783913263.197849 recvfrom(100, 0x7fc3986760, 3200, MSG_DONTWAIT, NULL, NULL) = -1 EAGAIN (Try again)
21004 1783913263.200676 sendmsg(177, {msg_name=NULL, msg_namelen=0, msg_iov=[{iov_base="l\1\1\1\374\0\0\0\342\4\0\0\235\0\0\0\1\1o\0;\0\0\0/re/frid"..., iov_len=428}], msg_iovlen=1, msg_controllen=0, msg_flags=0}, MSG_NOSIGNAL) = 428
20892 1783913263.202135 recvfrom(100, "nysv\0\0\0\0\0\0\0\0\0\0\0\0#Z3\230\264\1\0\0\201\264\1\0\0\0\0\0", 3200, MSG_DONTWAIT, NULL, NULL) = 32
20892 1783913263.202154 recvfrom(100, 0x7fc3986860, 3200, MSG_DONTWAIT, NULL, NULL) = -1 EAGAIN (Try again)
21004 1783913263.203191 sendmsg(177, {msg_name=NULL, msg_namelen=0, msg_iov=[{iov_base="l\1\1\1\374\0\0\0\343\4\0\0\235\0\0\0\1\1o\0;\0\0\0/re/frid"..., iov_len=428}], msg_iovlen=1, msg_controllen=0, msg_flags=0}, MSG_NOSIGNAL) = 428
20892 1783913263.642866 recvfrom(100, 0x7fc3986420, 3200, MSG_DONTWAIT, NULL, NULL) = -1 EAGAIN (Try again)
20892 1783913263.656813 recvfrom(100, "nysv\0\0\0\0\0\0\0\0\0\0\0\0\361\210\5\263\264\1\0\0\234\264\1\0\0\0\0\0", 3200, MSG_DONTWAIT, NULL, NULL) = 32
20892 1783913263.657083 recvfrom(100, 0x7fc3986860, 3200, MSG_DONTWAIT, NULL, NULL) = -1 EAGAIN (Try again)
20892 1783913263.657216 recvfrom(114, 0x7d0fd84020, 2272, MSG_DONTWAIT, NULL, NULL) = -1 EAGAIN (Try again)
21004 1783913263.665072 sendmsg(177, {msg_name=NULL, msg_namelen=0, msg_iov=[{iov_base="l\1\1\1\374\0\0\0\344\4\0\0\235\0\0\0\1\1o\0;\0\0\0/re/frid"..., iov_len=428}], msg_iovlen=1, msg_controllen=0, msg_flags=0}, MSG_NOSIGNAL) = 428
20892 1783913263.672934 recvfrom(100, 0x7fc3985d70, 3200, MSG_DONTWAIT, NULL, NULL) = -1 EAGAIN (Try again)
20892 1783913263.686095 recvfrom(100, "nysv\0\0\0\0\0\0\0\0\0\0\0\0\231\264\2\265\264\1\0\0\236\264\1\0\0\0\0\0", 3200, MSG_DONTWAIT, NULL, NULL) = 32
20892 1783913263.686134 recvfrom(100, 0x7fc3986860, 3200, MSG_DONTWAIT, NULL, NULL) = -1 EAGAIN (Try again)
20892 1783913263.692768 recvfrom(100, 0x7fc3986760, 3200, MSG_DONTWAIT, NULL, NULL) = -1 EAGAIN (Try again)
21004 1783913263.696420 sendmsg(177, {msg_name=NULL, msg_namelen=0, msg_iov=[{iov_base="l\1\1\1\374\0\0\0\345\4\0\0\235\0\0\0\1\1o\0;\0\0\0/re/frid"..., iov_len=428}], msg_iovlen=1, msg_controllen=0, msg_flags=0}, MSG_NOSIGNAL) = 428
20892 1783913263.703380 recvfrom(100, "nysv\0\0\0\0\0\0\0\0\0\0\0\0\371\7\1\266\264\1\0\0\237\264\1\0\0\0\0\0", 3200, MSG_DONTWAIT, NULL, NULL) = 32
20892 1783913263.703480 recvfrom(100, 0x7fc3986860, 3200, MSG_DONTWAIT, NULL, NULL) = -1 EAGAIN (Try again)
21004 1783913263.705423 sendmsg(177, {msg_name=NULL, msg_namelen=0, msg_iov=[{iov_base="l\1\1\1\374\0\0\0\346\4\0\0\235\0\0\0\1\1o\0;\0\0\0/re/frid"..., iov_len=428}], msg_iovlen=1, msg_controllen=0, msg_flags=0}, MSG_NOSIGNAL) = 428
20892 1783913264.144694 recvfrom(100, 0x7fc3986420, 3200, MSG_DONTWAIT, NULL, NULL) = -1 EAGAIN (Try again)
20892 1783913264.155467 recvfrom(100, "nysv\0\0\0\0\0\0\0\0\0\0\0\0\335\355\322\320\264\1\0\0\272\264\1\0\0\0\0\0", 3200, MSG_DONTWAIT, NULL, NULL) = 32
20892 1783913264.155555 recvfrom(100, 0x7fc3986860, 3200, MSG_DONTWAIT, NULL, NULL) = -1 EAGAIN (Try again)
20892 1783913264.155592 recvfrom(114, 0x7d0fd84020, 2272, MSG_DONTWAIT, NULL, NULL) = -1 EAGAIN (Try again)
20892 1783913264.160363 recvfrom(100, 0x7fc3985d70, 3200, MSG_DONTWAIT, NULL, NULL) = -1 EAGAIN (Try again)
21004 1783913264.161064 sendmsg(177, {msg_name=NULL, msg_namelen=0, msg_iov=[{iov_base="l\1\1\1\374\0\0\0\347\4\0\0\235\0\0\0\1\1o\0;\0\0\0/re/frid"..., iov_len=428}], msg_iovlen=1, msg_controllen=0, msg_flags=0}, MSG_NOSIGNAL) = 428
20892 1783913264.169048 recvfrom(100, "nysv\0\0\0\0\0\0\0\0\0\0\0\0ww\321\321\264\1\0\0\273\264\1\0\0\0\0\0", 3200, MSG_DONTWAIT, NULL, NULL) = 32
20892 1783913264.169076 recvfrom(100, 0x7fc3986860, 3200, MSG_DONTWAIT, NULL, NULL) = -1 EAGAIN (Try again)
20892 1783913264.174855 recvfrom(100, 0x7fc3986760, 3200, MSG_DONTWAIT, NULL, NULL) = -1 EAGAIN (Try again)
21004 1783913264.176909 sendmsg(177, {msg_name=NULL, msg_namelen=0, msg_iov=[{iov_base="l\1\1\1\374\0\0\0\350\4\0\0\235\0\0\0\1\1o\0;\0\0\0/re/frid"..., iov_len=428}], msg_iovlen=1, msg_controllen=0, msg_flags=0}, MSG_NOSIGNAL) = 428
20892 1783913264.188166 recvfrom(100, "nysv\0\0\0\0\0\0\0\0\0\0\0\0001\216\317\322\264\1\0\0\274\264\1\0\0\0\0\0", 3200, MSG_DONTWAIT, NULL, NULL) = 32
20892 1783913264.188237 recvfrom(100, 0x7fc3986860, 3200, MSG_DONTWAIT, NULL, NULL) = -1 EAGAIN (Try again)
21004 1783913264.190298 sendmsg(177, {msg_name=NULL, msg_namelen=0, msg_iov=[{iov_base="l\1\1\1\374\0\0\0\351\4\0\0\235\0\0\0\1\1o\0;\0\0\0/re/frid"..., iov_len=428}], msg_iovlen=1, msg_controllen=0, msg_flags=0}, MSG_NOSIGNAL) = 428
20892 1783913264.648507 recvfrom(100, 0x7fc3986420, 3200, MSG_DONTWAIT, NULL, NULL) = -1 EAGAIN (Try again)
20892 1783913264.654330 recvfrom(100, "nysv\0\0\0\0\0\0\0\0\0\0\0\0\311R\240\356\264\1\0\0\330\264\1\0\0\0\0\0", 3200, MSG_DONTWAIT, NULL, NULL) = 32
20892 1783913264.654911 recvfrom(100, 0x7fc3986860, 3200, MSG_DONTWAIT, NULL, NULL) = -1 EAGAIN (Try again)
20892 1783913264.655076 recvfrom(114, 0x7d0fd84020, 2272, MSG_DONTWAIT, NULL, NULL) = -1 EAGAIN (Try again)
21004 1783913264.664203 sendmsg(177, {msg_name=NULL, msg_namelen=0, msg_iov=[{iov_base="l\1\1\1\374\0\0\0\352\4\0\0\235\0\0\0\1\1o\0;\0\0\0/re/frid"..., iov_len=428}], msg_iovlen=1, msg_controllen=0, msg_flags=0}, MSG_NOSIGNAL) = 428
20892 1783913264.671565 recvfrom(100, 0x7fc3985d70, 3200, MSG_DONTWAIT, NULL, NULL) = -1 EAGAIN (Try again)
20892 1783913264.685875 recvfrom(100, "nysv\0\0\0\0\0\0\0\0\0\0\0\0\310i\235\360\264\1\0\0\332\264\1\0\0\0\0\0", 3200, MSG_DONTWAIT, NULL, NULL) = 32
20892 1783913264.685899 recvfrom(100, 0x7fc3986860, 3200, MSG_DONTWAIT, NULL, NULL) = -1 EAGAIN (Try again)
20892 1783913264.693769 recvfrom(100, 0x7fc3986760, 3200, MSG_DONTWAIT, NULL, NULL) = -1 EAGAIN (Try again)
21004 1783913264.697982 sendmsg(177, {msg_name=NULL, msg_namelen=0, msg_iov=[{iov_base="l\1\1\1\374\0\0\0\353\4\0\0\235\0\0\0\1\1o\0;\0\0\0/re/frid"..., iov_len=428}], msg_iovlen=1, msg_controllen=0, msg_flags=0}, MSG_NOSIGNAL) = 428
20892 1783913264.703243 recvfrom(100, "nysv\0\0\0\0\0\0\0\0\0\0\0\0,\274\233\361\264\1\0\0\333\264\1\0\0\0\0\0", 3200, MSG_DONTWAIT, NULL, NULL) = 32
20892 1783913264.703266 recvfrom(100, 0x7fc3986860, 3200, MSG_DONTWAIT, NULL, NULL) = -1 EAGAIN (Try again)
21004 1783913264.704344 sendmsg(177, {msg_name=NULL, msg_namelen=0, msg_iov=[{iov_base="l\1\1\1\374\0\0\0\354\4\0\0\235\0\0\0\1\1o\0;\0\0\0/re/frid"..., iov_len=428}], msg_iovlen=1, msg_controllen=0, msg_flags=0}, MSG_NOSIGNAL) = 428
20892 1783913265.150850 recvfrom(100, 0x7fc3986420, 3200, MSG_DONTWAIT, NULL, NULL) = -1 EAGAIN (Try again)
20892 1783913265.152491 recvfrom(100, "nysv\0\0\0\0\0\0\0\0\0\0\0\0\265\370m\f\265\1\0\0\365\264\1\0\0\0\0\0", 3200, MSG_DONTWAIT, NULL, NULL) = 32
20892 1783913265.152749 recvfrom(100, 0x7fc3986860, 3200, MSG_DONTWAIT, NULL, NULL) = -1 EAGAIN (Try again)
20892 1783913265.152926 recvfrom(114, 0x7d0fd84020, 2272, MSG_DONTWAIT, NULL, NULL) = -1 EAGAIN (Try again)
21004 1783913265.160801 sendmsg(177, {msg_name=NULL, msg_namelen=0, msg_iov=[{iov_base="l\1\1\1\374\0\0\0\355\4\0\0\235\0\0\0\1\1o\0;\0\0\0/re/frid"..., iov_len=428}], msg_iovlen=1, msg_controllen=0, msg_flags=0}, MSG_NOSIGNAL) = 428
20892 1783913265.169849 recvfrom(100, 0x7fc3985d70, 3200, MSG_DONTWAIT, NULL, NULL) = -1 EAGAIN (Try again)
20892 1783913265.187951 recvfrom(100, "nysv\0\0\0\0\0\0\0\0\0\0\0\0\262\242j\16\265\1\0\0\367\264\1\0\0\0\0\0", 3200, MSG_DONTWAIT, NULL, NULL) = 32
20892 1783913265.188019 recvfrom(100, 0x7fc3986860, 3200, MSG_DONTWAIT, NULL, NULL) = -1 EAGAIN (Try again)
20892 1783913265.189075 recvfrom(100, 0x7fc3986760, 3200, MSG_DONTWAIT, NULL, NULL) = -1 EAGAIN (Try again)
21004 1783913265.190011 sendmsg(177, {msg_name=NULL, msg_namelen=0, msg_iov=[{iov_base="l\1\1\1\374\0\0\0\356\4\0\0\235\0\0\0\1\1o\0;\0\0\0/re/frid"..., iov_len=428}], msg_iovlen=1, msg_controllen=0, msg_flags=0}, MSG_NOSIGNAL) = 428
20892 1783913265.202864 recvfrom(100, "nysv\0\0\0\0\0\0\0\0\0\0\0\0002\25i\17\265\1\0\0\370\264\1\0\0\0\0\0", 3200, MSG_DONTWAIT, NULL, NULL) = 32
20892 1783913265.202879 recvfrom(100, 0x7fc3986860, 3200, MSG_DONTWAIT, NULL, NULL) = -1 EAGAIN (Try again)
21004 1783913265.203644 sendmsg(177, {msg_name=NULL, msg_namelen=0, msg_iov=[{iov_base="l\1\1\1\374\0\0\0\357\4\0\0\235\0\0\0\1\1o\0;\0\0\0/re/frid"..., iov_len=428}], msg_iovlen=1, msg_controllen=0, msg_flags=0}, MSG_NOSIGNAL) = 428
20892 1783913265.653092 recvfrom(100, 0x7fc3986420, 3200, MSG_DONTWAIT, NULL, NULL) = -1 EAGAIN (Try again)
20892 1783913265.675214 recvfrom(100, "nysv\0\0\0\0\0\0\0\0\0\0\0\0\313l9+\265\1\0\0\24\265\1\0\0\0\0\0", 3200, MSG_DONTWAIT, NULL, NULL) = 32
20892 1783913265.675671 recvfrom(100, 0x7fc3986860, 3200, MSG_DONTWAIT, NULL, NULL) = -1 EAGAIN (Try again)
20892 1783913265.675802 recvfrom(114, 0x7d0fd84020, 2272, MSG_DONTWAIT, NULL, NULL) = -1 EAGAIN (Try again)
21004 1783913265.684615 sendmsg(177, {msg_name=NULL, msg_namelen=0, msg_iov=[{iov_base="l\1\1\1\374\0\0\0\360\4\0\0\235\0\0\0\1\1o\0;\0\0\0/re/frid"..., iov_len=428}], msg_iovlen=1, msg_controllen=0, msg_flags=0}, MSG_NOSIGNAL) = 428
20892 1783913265.693558 recvfrom(100, 0x7fc3985d70, 3200, MSG_DONTWAIT, NULL, NULL) = -1 EAGAIN (Try again)
20892 1783913265.702774 recvfrom(100, "nysv\0\0\0\0\0\0\0\0\0\0\0\0E\2136-\265\1\0\0\26\265\1\0\0\0\0\0", 3200, MSG_DONTWAIT, NULL, NULL) = 32
20892 1783913265.702809 recvfrom(100, 0x7fc3986860, 3200, MSG_DONTWAIT, NULL, NULL) = -1 EAGAIN (Try again)
20892 1783913265.705465 recvfrom(100, 0x7fc3986760, 3200, MSG_DONTWAIT, NULL, NULL) = -1 EAGAIN (Try again)
21004 1783913265.713718 sendmsg(177, {msg_name=NULL, msg_namelen=0, msg_iov=[{iov_base="l\1\1\1\374\0\0\0\361\4\0\0\235\0\0\0\1\1o\0;\0\0\0/re/frid"..., iov_len=428}], msg_iovlen=1, msg_controllen=0, msg_flags=0}, MSG_NOSIGNAL) = 428
20892 1783913265.720553 recvfrom(100, "nysv\0\0\0\0\0\0\0\0\0\0\0\0P\2734.\265\1\0\0\27\265\1\0\0\0\0\0", 3200, MSG_DONTWAIT, NULL, NULL) = 32
20892 1783913265.720652 recvfrom(100, 0x7fc3986860, 3200, MSG_DONTWAIT, NULL, NULL) = -1 EAGAIN (Try again)
21004 1783913265.721591 sendmsg(177, {msg_name=NULL, msg_namelen=0, msg_iov=[{iov_base="l\1\1\1\374\0\0\0\362\4\0\0\235\0\0\0\1\1o\0;\0\0\0/re/frid"..., iov_len=428}], msg_iovlen=1, msg_controllen=0, msg_flags=0}, MSG_NOSIGNAL) = 428
20892 1783913266.155456 recvfrom(100, 0x7fc3986420, 3200, MSG_DONTWAIT, NULL, NULL) = -1 EAGAIN (Try again)
20892 1783913266.170437 recvfrom(100, "nysv\0\0\0\0\0\0\0\0\0\0\0\0\267\321\6I\265\1\0\0002\265\1\0\0\0\0\0", 3200, MSG_DONTWAIT, NULL, NULL) = 32
20892 1783913266.170811 recvfrom(100, 0x7fc3986860, 3200, MSG_DONTWAIT, NULL, NULL) = -1 EAGAIN (Try again)
20892 1783913266.170918 recvfrom(114, 0x7d0fd84020, 2272, MSG_DONTWAIT, NULL, NULL) = -1 EAGAIN (Try again)
21004 1783913266.178519 sendmsg(177, {msg_name=NULL, msg_namelen=0, msg_iov=[{iov_base="l\1\1\1\374\0\0\0\363\4\0\0\235\0\0\0\1\1o\0;\0\0\0/re/frid"..., iov_len=428}], msg_iovlen=1, msg_controllen=0, msg_flags=0}, MSG_NOSIGNAL) = 428
20892 1783913266.188012 recvfrom(100, 0x7fc3985d70, 3200, MSG_DONTWAIT, NULL, NULL) = -1 EAGAIN (Try again)
20892 1783913266.209111 recvfrom(100, "nysv\0\0\0\0\0\0\0\0\0\0\0\0\vr\3K\265\1\0\0004\265\1\0\0\0\0\0", 3200, MSG_DONTWAIT, NULL, NULL) = 32
20892 1783913266.209367 recvfrom(100, 0x7fc3986860, 3200, MSG_DONTWAIT, NULL, NULL) = -1 EAGAIN (Try again)
20892 1783913266.220293 recvfrom(100, 0x7fc3986760, 3200, MSG_DONTWAIT, NULL, NULL) = -1 EAGAIN (Try again)
21004 1783913266.222670 sendmsg(177, {msg_name=NULL, msg_namelen=0, msg_iov=[{iov_base="l\1\1\1\374\0\0\0\364\4\0\0\235\0\0\0\1\1o\0;\0\0\0/re/frid"..., iov_len=428}], msg_iovlen=1, msg_controllen=0, msg_flags=0}, MSG_NOSIGNAL) = 428
20892 1783913266.237137 recvfrom(100, "nysv\0\0\0\0\0\0\0\0\0\0\0\0\t-\0M\265\1\0\0006\265\1\0\0\0\0\0", 3200, MSG_DONTWAIT, NULL, NULL) = 32
20892 1783913266.237175 recvfrom(100, 0x7fc3986860, 3200, MSG_DONTWAIT, NULL, NULL) = -1 EAGAIN (Try again)
21004 1783913266.239583 sendmsg(177, {msg_name=NULL, msg_namelen=0, msg_iov=[{iov_base="l\1\1\1\374\0\0\0\365\4\0\0\235\0\0\0\1\1o\0;\0\0\0/re/frid"..., iov_len=428}], msg_iovlen=1, msg_controllen=0, msg_flags=0}, MSG_NOSIGNAL) = 428
20892 1783913266.657315 recvfrom(100, 0x7fc3986420, 3200, MSG_DONTWAIT, NULL, NULL) = -1 EAGAIN (Try again)
20892 1783913266.671467 recvfrom(100, "nysv\0\0\0\0\0\0\0\0\0\0\0\0\2436\324f\265\1\0\0P\265\1\0\0\0\0\0", 3200, MSG_DONTWAIT, NULL, NULL) = 32
20892 1783913266.671659 recvfrom(100, 0x7fc3986860, 3200, MSG_DONTWAIT, NULL, NULL) = -1 EAGAIN (Try again)
20892 1783913266.671701 recvfrom(114, 0x7d0fd84020, 2272, MSG_DONTWAIT, NULL, NULL) = -1 EAGAIN (Try again)
20892 1783913266.677395 recvfrom(100, 0x7fc3985d70, 3200, MSG_DONTWAIT, NULL, NULL) = -1 EAGAIN (Try again)
21004 1783913266.678407 sendmsg(177, {msg_name=NULL, msg_namelen=0, msg_iov=[{iov_base="l\1\1\1\374\0\0\0\366\4\0\0\235\0\0\0\1\1o\0;\0\0\0/re/frid"..., iov_len=428}], msg_iovlen=1, msg_controllen=0, msg_flags=0}, MSG_NOSIGNAL) = 428
20892 1783913266.685242 recvfrom(100, "nysv\0\0\0\0\0\0\0\0\0\0\0\0\315\206\322g\265\1\0\0Q\265\1\0\0\0\0\0", 3200, MSG_DONTWAIT, NULL, NULL) = 32
20892 1783913266.685277 recvfrom(100, 0x7fc3986860, 3200, MSG_DONTWAIT, NULL, NULL) = -1 EAGAIN (Try again)
20892 1783913266.687803 recvfrom(100, 0x7fc3986760, 3200, MSG_DONTWAIT, NULL, NULL) = -1 EAGAIN (Try again)
21004 1783913266.691752 sendmsg(177, {msg_name=NULL, msg_namelen=0, msg_iov=[{iov_base="l\1\1\1\374\0\0\0\367\4\0\0\235\0\0\0\1\1o\0;\0\0\0/re/frid"..., iov_len=428}], msg_iovlen=1, msg_controllen=0, msg_flags=0}, MSG_NOSIGNAL) = 428
20892 1783913266.703355 recvfrom(100, "nysv\0\0\0\0\0\0\0\0\0\0\0\0\367\326\320h\265\1\0\0R\265\1\0\0\0\0\0", 3200, MSG_DONTWAIT, NULL, NULL) = 32
20892 1783913266.703388 recvfrom(100, 0x7fc3986860, 3200, MSG_DONTWAIT, NULL, NULL) = -1 EAGAIN (Try again)
21004 1783913266.704704 sendmsg(177, {msg_name=NULL, msg_namelen=0, msg_iov=[{iov_base="l\1\1\1\374\0\0\0\370\4\0\0\235\0\0\0\1\1o\0;\0\0\0/re/frid"..., iov_len=428}], msg_iovlen=1, msg_controllen=0, msg_flags=0}, MSG_NOSIGNAL) = 428
20892 1783913267.159911 recvfrom(100, 0x7fc3986420, 3200, MSG_DONTWAIT, NULL, NULL) = -1 EAGAIN (Try again)
20892 1783913267.170133 recvfrom(100, "nysv\0\0\0\0\0\0\0\0\0\0\0\0i\331\241\204\265\1\0\0n\265\1\0\0\0\0\0", 3200, MSG_DONTWAIT, NULL, NULL) = 32
20892 1783913267.170248 recvfrom(100, 0x7fc3986860, 3200, MSG_DONTWAIT, NULL, NULL) = -1 EAGAIN (Try again)
20892 1783913267.170403 recvfrom(114, 0x7d0fd84020, 2272, MSG_DONTWAIT, NULL, NULL) = -1 EAGAIN (Try again)
20892 1783913267.188211 recvfrom(100, 0x7fc3985d70, 3200, MSG_DONTWAIT, NULL, NULL) = -1 EAGAIN (Try again)
21004 1783913267.188788 sendmsg(177, {msg_name=NULL, msg_namelen=0, msg_iov=[{iov_base="l\1\1\1\374\0\0\0\371\4\0\0\235\0\0\0\1\1o\0;\0\0\0/re/frid"..., iov_len=428}], msg_iovlen=1, msg_controllen=0, msg_flags=0}, MSG_NOSIGNAL) = 428
20892 1783913267.202125 recvfrom(100, "nysv\0\0\0\0\0\0\0\0\0\0\0\0h\217\236\206\265\1\0\0p\265\1\0\0\0\0\0", 3200, MSG_DONTWAIT, NULL, NULL) = 32
20892 1783913267.202194 recvfrom(100, 0x7fc3986860, 3200, MSG_DONTWAIT, NULL, NULL) = -1 EAGAIN (Try again)
20892 1783913267.214120 recvfrom(100, 0x7fc3986760, 3200, MSG_DONTWAIT, NULL, NULL) = -1 EAGAIN (Try again)
21004 1783913267.216286 sendmsg(177, {msg_name=NULL, msg_namelen=0, msg_iov=[{iov_base="l\1\1\1\374\0\0\0\372\4\0\0\235\0\0\0\1\1o\0;\0\0\0/re/frid"..., iov_len=428}], msg_iovlen=1, msg_controllen=0, msg_flags=0}, MSG_NOSIGNAL) = 428
20892 1783913267.219517 recvfrom(100, "nysv\0\0\0\0\0\0\0\0\0\0\0\0y\375\234\207\265\1\0\0q\265\1\0\0\0\0\0", 3200, MSG_DONTWAIT, NULL, NULL) = 32
20892 1783913267.219545 recvfrom(100, 0x7fc3986860, 3200, MSG_DONTWAIT, NULL, NULL) = -1 EAGAIN (Try again)
21004 1783913267.221366 sendmsg(177, {msg_name=NULL, msg_namelen=0, msg_iov=[{iov_base="l\1\1\1\374\0\0\0\373\4\0\0\235\0\0\0\1\1o\0;\0\0\0/re/frid"..., iov_len=428}], msg_iovlen=1, msg_controllen=0, msg_flags=0}, MSG_NOSIGNAL) = 428
20892 1783913267.664089 recvfrom(100, 0x7fc3986420, 3200, MSG_DONTWAIT, NULL, NULL) = -1 EAGAIN (Try again)
20892 1783913267.672137 recvfrom(100, "nysv\0\0\0\0\0\0\0\0\0\0\0\0\242Io\242\265\1\0\0\213\265\1\0\0\0\0\0", 3200, MSG_DONTWAIT, NULL, NULL) = 32
20892 1783913267.672352 recvfrom(100, 0x7fc3986860, 3200, MSG_DONTWAIT, NULL, NULL) = -1 EAGAIN (Try again)
20892 1783913267.672549 recvfrom(114, 0x7d0fd84020, 2272, MSG_DONTWAIT, NULL, NULL) = -1 EAGAIN (Try again)
20892 1783913267.691645 recvfrom(100, 0x7fc3985d70, 3200, MSG_DONTWAIT, NULL, NULL) = -1 EAGAIN (Try again)
21004 1783913267.692806 sendmsg(177, {msg_name=NULL, msg_namelen=0, msg_iov=[{iov_base="l\1\1\1\374\0\0\0\374\4\0\0\235\0\0\0\1\1o\0;\0\0\0/re/frid"..., iov_len=428}], msg_iovlen=1, msg_controllen=0, msg_flags=0}, MSG_NOSIGNAL) = 428
20892 1783913267.703094 recvfrom(100, "nysv\0\0\0\0\0\0\0\0\0\0\0\0\366\351k\244\265\1\0\0\215\265\1\0\0\0\0\0", 3200, MSG_DONTWAIT, NULL, NULL) = 32
20892 1783913267.703130 recvfrom(100, 0x7fc3986860, 3200, MSG_DONTWAIT, NULL, NULL) = -1 EAGAIN (Try again)
20892 1783913267.710949 recvfrom(100, 0x7fc3986760, 3200, MSG_DONTWAIT, NULL, NULL) = -1 EAGAIN (Try again)
21004 1783913267.713790 sendmsg(177, {msg_name=NULL, msg_namelen=0, msg_iov=[{iov_base="l\1\1\1\374\0\0\0\375\4\0\0\235\0\0\0\1\1o\0;\0\0\0/re/frid"..., iov_len=428}], msg_iovlen=1, msg_controllen=0, msg_flags=0}, MSG_NOSIGNAL) = 428
20892 1783913267.719820 recvfrom(100, "nysv\0\0\0\0\0\0\0\0\0\0\0\0?Dj\245\265\1\0\0\216\265\1\0\0\0\0\0", 3200, MSG_DONTWAIT, NULL, NULL) = 32
20892 1783913267.719845 recvfrom(100, 0x7fc3986860, 3200, MSG_DONTWAIT, NULL, NULL) = -1 EAGAIN (Try again)
21004 1783913267.721080 sendmsg(177, {msg_name=NULL, msg_namelen=0, msg_iov=[{iov_base="l\1\1\1\374\0\0\0\376\4\0\0\235\0\0\0\1\1o\0;\0\0\0/re/frid"..., iov_len=428}], msg_iovlen=1, msg_controllen=0, msg_flags=0}, MSG_NOSIGNAL) = 428
20892 1783913268.169431 recvfrom(100, 0x7fc3986420, 3200, MSG_DONTWAIT, NULL, NULL) = -1 EAGAIN (Try again)
20892 1783913268.172823 recvfrom(100, "nysv\0\0\0\0\0\0\0\0\0\0\0\0ge<\300\265\1\0\0\251\265\1\0\0\0\0\0", 3200, MSG_DONTWAIT, NULL, NULL) = 32
20892 1783913268.172941 recvfrom(100, 0x7fc3986860, 3200, MSG_DONTWAIT, NULL, NULL) = -1 EAGAIN (Try again)
20892 1783913268.173114 recvfrom(114, 0x7d0fd84020, 2272, MSG_DONTWAIT, NULL, NULL) = -1 EAGAIN (Try again)
21004 1783913268.183473 sendmsg(177, {msg_name=NULL, msg_namelen=0, msg_iov=[{iov_base="l\1\1\1\374\0\0\0\377\4\0\0\235\0\0\0\1\1o\0;\0\0\0/re/frid"..., iov_len=428}], msg_iovlen=1, msg_controllen=0, msg_flags=0}, MSG_NOSIGNAL) = 428
20892 1783913268.191978 recvfrom(100, 0x7fc3985d70, 3200, MSG_DONTWAIT, NULL, NULL) = -1 EAGAIN (Try again)
20892 1783913268.207023 recvfrom(100, "nysv\0\0\0\0\0\0\0\0\0\0\0\0\273\59\302\265\1\0\0\253\265\1\0\0\0\0\0", 3200, MSG_DONTWAIT, NULL, NULL) = 32
20892 1783913268.207060 recvfrom(100, 0x7fc3986860, 3200, MSG_DONTWAIT, NULL, NULL) = -1 EAGAIN (Try again)
20892 1783913268.215862 recvfrom(100, 0x7fc3986760, 3200, MSG_DONTWAIT, NULL, NULL) = -1 EAGAIN (Try again)
21004 1783913268.217614 sendmsg(177, {msg_name=NULL, msg_namelen=0, msg_iov=[{iov_base="l\1\1\1\374\0\0\0\0\5\0\0\235\0\0\0\1\1o\0;\0\0\0/re/frid"..., iov_len=428}], msg_iovlen=1, msg_controllen=0, msg_flags=0}, MSG_NOSIGNAL) = 428
20892 1783913268.218790 recvfrom(100, "nysv\0\0\0\0\0\0\0\0\0\0\0\0$\2427\303\265\1\0\0\254\265\1\0\0\0\0\0", 3200, MSG_DONTWAIT, NULL, NULL) = 32
20892 1783913268.218840 recvfrom(100, 0x7fc3986860, 3200, MSG_DONTWAIT, NULL, NULL) = -1 EAGAIN (Try again)
21004 1783913268.221513 sendmsg(177, {msg_name=NULL, msg_namelen=0, msg_iov=[{iov_base="l\1\1\1\374\0\0\0\1\5\0\0\235\0\0\0\1\1o\0;\0\0\0/re/frid"..., iov_len=428}], msg_iovlen=1, msg_controllen=0, msg_flags=0}, MSG_NOSIGNAL) = 428
20892 1783913268.670845 recvfrom(100, 0x7fc3986420, 3200, MSG_DONTWAIT, NULL, NULL) = -1 EAGAIN (Try again)
20892 1783913268.687728 recvfrom(100, "nysv\0\0\0\0\0\0\0\0\0\0\0\0}\32\10\337\265\1\0\0\310\265\1\0\0\0\0\0", 3200, MSG_DONTWAIT, NULL, NULL) = 32
20892 1783913268.687839 recvfrom(100, 0x7fc3986860, 3200, MSG_DONTWAIT, NULL, NULL) = -1 EAGAIN (Try again)
20892 1783913268.687960 recvfrom(114, 0x7d0fd84020, 2272, MSG_DONTWAIT, NULL, NULL) = -1 EAGAIN (Try again)
21004 1783913268.696501 sendmsg(177, {msg_name=NULL, msg_namelen=0, msg_iov=[{iov_base="l\1\1\1\374\0\0\0\2\5\0\0\235\0\0\0\1\1o\0;\0\0\0/re/frid"..., iov_len=428}], msg_iovlen=1, msg_controllen=0, msg_flags=0}, MSG_NOSIGNAL) = 428
20892 1783913268.705449 recvfrom(100, 0x7fc3985d70, 3200, MSG_DONTWAIT, NULL, NULL) = -1 EAGAIN (Try again)
20892 1783913268.719810 recvfrom(100, "nysv\0\0\0\0\0\0\0\0\0\0\0\0\321\272\4\341\265\1\0\0\312\265\1\0\0\0\0\0", 3200, MSG_DONTWAIT, NULL, NULL) = 32
20892 1783913268.719835 recvfrom(100, 0x7fc3986860, 3200, MSG_DONTWAIT, NULL, NULL) = -1 EAGAIN (Try again)
20892 1783913268.725695 recvfrom(100, 0x7fc3986760, 3200, MSG_DONTWAIT, NULL, NULL) = -1 EAGAIN (Try again)
21004 1783913268.730098 sendmsg(177, {msg_name=NULL, msg_namelen=0, msg_iov=[{iov_base="l\1\1\1\374\0\0\0\3\5\0\0\235\0\0\0\1\1o\0;\0\0\0/re/frid"..., iov_len=428}], msg_iovlen=1, msg_controllen=0, msg_flags=0}, MSG_NOSIGNAL) = 428
20892 1783913268.735352 recvfrom(100, "nysv\0\0\0\0\0\0\0\0\0\0\0\0!V\3\342\265\1\0\0\313\265\1\0\0\0\0\0", 3200, MSG_DONTWAIT, NULL, NULL) = 32
20892 1783913268.735375 recvfrom(100, 0x7fc3986860, 3200, MSG_DONTWAIT, NULL, NULL) = -1 EAGAIN (Try again)
21004 1783913268.736316 sendmsg(177, {msg_name=NULL, msg_namelen=0, msg_iov=[{iov_base="l\1\1\1\374\0\0\0\4\5\0\0\235\0\0\0\1\1o\0;\0\0\0/re/frid"..., iov_len=428}], msg_iovlen=1, msg_controllen=0, msg_flags=0}, MSG_NOSIGNAL) = 428
20892 1783913269.171626 recvfrom(100, 0x7fc3986420, 3200, MSG_DONTWAIT, NULL, NULL) = -1 EAGAIN (Try again)
20892 1783913269.186768 recvfrom(100, "nysv\0\0\0\0\0\0\0\0\0\0\0\0i\177\325\374\265\1\0\0\345\265\1\0\0\0\0\0", 3200, MSG_DONTWAIT, NULL, NULL) = 32
20892 1783913269.186803 recvfrom(100, 0x7fc3986860, 3200, MSG_DONTWAIT, NULL, NULL) = -1 EAGAIN (Try again)
20892 1783913269.186834 recvfrom(114, 0x7d0fd84020, 2272, MSG_DONTWAIT, NULL, NULL) = -1 EAGAIN (Try again)
20892 1783913269.191510 recvfrom(100, 0x7fc3985d70, 3200, MSG_DONTWAIT, NULL, NULL) = -1 EAGAIN (Try again)
21004 1783913269.192538 sendmsg(177, {msg_name=NULL, msg_namelen=0, msg_iov=[{iov_base="l\1\1\1\374\0\0\0\5\5\0\0\235\0\0\0\1\1o\0;\0\0\0/re/frid"..., iov_len=428}], msg_iovlen=1, msg_controllen=0, msg_flags=0}, MSG_NOSIGNAL) = 428
20892 1783913269.202420 recvfrom(100, "nysv\0\0\0\0\0\0\0\0\0\0\0\0\271\7\324\375\265\1\0\0\346\265\1\0\0\0\0\0", 3200, MSG_DONTWAIT, NULL, NULL) = 32
20892 1783913269.202444 recvfrom(100, 0x7fc3986860, 3200, MSG_DONTWAIT, NULL, NULL) = -1 EAGAIN (Try again)
20892 1783913269.212159 recvfrom(100, 0x7fc3986760, 3200, MSG_DONTWAIT, NULL, NULL) = -1 EAGAIN (Try again)
21004 1783913269.213703 sendmsg(177, {msg_name=NULL, msg_namelen=0, msg_iov=[{iov_base="l\1\1\1\374\0\0\0\6\5\0\0\235\0\0\0\1\1o\0;\0\0\0/re/frid"..., iov_len=428}], msg_iovlen=1, msg_controllen=0, msg_flags=0}, MSG_NOSIGNAL) = 428
20892 1783913269.218536 recvfrom(100, "nysv\0\0\0\0\0\0\0\0\0\0\0\0\376\253\322\376\265\1\0\0\347\265\1\0\0\0\0\0", 3200, MSG_DONTWAIT, NULL, NULL) = 32
20892 1783913269.218562 recvfrom(100, 0x7fc3986860, 3200, MSG_DONTWAIT, NULL, NULL) = -1 EAGAIN (Try again)
21004 1783913269.220331 sendmsg(177, {msg_name=NULL, msg_namelen=0, msg_iov=[{iov_base="l\1\1\1\374\0\0\0\7\5\0\0\235\0\0\0\1\1o\0;\0\0\0/re/frid"..., iov_len=428}], msg_iovlen=1, msg_controllen=0, msg_flags=0}, MSG_NOSIGNAL) = 428
20892 1783913269.673756 recvfrom(100, 0x7fc3986420, 3200, MSG_DONTWAIT, NULL, NULL) = -1 EAGAIN (Try again)
20892 1783913269.691717 recvfrom(100, "nysv\0\0\0\0\0\0\0\0\0\0\0\0U\344\242\32\266\1\0\0\3\266\1\0\0\0\0\0", 3200, MSG_DONTWAIT, NULL, NULL) = 32
20892 1783913269.691836 recvfrom(100, 0x7fc3986860, 3200, MSG_DONTWAIT, NULL, NULL) = -1 EAGAIN (Try again)
20892 1783913269.691964 recvfrom(114, 0x7d0fd84020, 2272, MSG_DONTWAIT, NULL, NULL) = -1 EAGAIN (Try again)
21004 1783913269.700662 sendmsg(177, {msg_name=NULL, msg_namelen=0, msg_iov=[{iov_base="l\1\1\1\374\0\0\0\10\5\0\0\235\0\0\0\1\1o\0;\0\0\0/re/frid"..., iov_len=428}], msg_iovlen=1, msg_controllen=0, msg_flags=0}, MSG_NOSIGNAL) = 428
20892 1783913269.707682 recvfrom(100, 0x7fc3985d70, 3200, MSG_DONTWAIT, NULL, NULL) = -1 EAGAIN (Try again)
20892 1783913269.720019 recvfrom(100, "nysv\0\0\0\0\0\0\0\0\0\0\0\0\301\310\237\34\266\1\0\0\5\266\1\0\0\0\0\0", 3200, MSG_DONTWAIT, NULL, NULL) = 32
20892 1783913269.720055 recvfrom(100, 0x7fc3986860, 3200, MSG_DONTWAIT, NULL, NULL) = -1 EAGAIN (Try again)
20892 1783913269.729079 recvfrom(100, 0x7fc3986760, 3200, MSG_DONTWAIT, NULL, NULL) = -1 EAGAIN (Try again)
21004 1783913269.731873 sendmsg(177, {msg_name=NULL, msg_namelen=0, msg_iov=[{iov_base="l\1\1\1\374\0\0\0\t\5\0\0\235\0\0\0\1\1o\0;\0\0\0/re/frid"..., iov_len=428}], msg_iovlen=1, msg_controllen=0, msg_flags=0}, MSG_NOSIGNAL) = 428
20892 1783913269.735323 recvfrom(100, "nysv\0\0\0\0\0\0\0\0\0\0\0\0\331h\236\35\266\1\0\0\6\266\1\0\0\0\0\0", 3200, MSG_DONTWAIT, NULL, NULL) = 32
20892 1783913269.735355 recvfrom(100, 0x7fc3986860, 3200, MSG_DONTWAIT, NULL, NULL) = -1 EAGAIN (Try again)
21004 1783913269.737059 sendmsg(177, {msg_name=NULL, msg_namelen=0, msg_iov=[{iov_base="l\1\1\1\374\0\0\0\n\5\0\0\235\0\0\0\1\1o\0;\0\0\0/re/frid"..., iov_len=428}], msg_iovlen=1, msg_controllen=0, msg_flags=0}, MSG_NOSIGNAL) = 428
