relative_time,category,api,args_str
0,lifecycle,hook_loaded,"{""stage"": ""java_perform"", ""version"": ""3""}"
396,reflection,Method.invoke,"{""class"": ""android.view.ViewGroup"", ""method"": ""makeOptionalFitsSystemWindows""}"
447,reflection,Method.invoke,"{""class"": ""android.view.ViewGroup"", ""method"": ""makeOptionalFitsSystemWindows""}"
462,storage,SharedPreferences.apply,{}
501,reflection,Method.invoke,"{""class"": ""android.view.ViewGroup"", ""method"": ""makeOptionalFitsSystemWindows""}"
517,storage,SharedPreferences.apply,{}
520,audio,MediaRecorder.setAudioSource,"{""audioSource"": 1}"
548,network,okhttp3.RealCall.enqueue,"{""method"": ""GET"", ""url"": ""http://ipinfo.io/json""}"
551,reflection,Method.invoke,"{""class"": ""dalvik.system.CloseGuard"", ""method"": ""get""}"
557,reflection,Method.invoke,"{""class"": ""dalvik.system.CloseGuard"", ""method"": ""open""}"
566,location,LocationManager.requestLocationUpdates,"{""minDistance"": 10, ""minTime"": ""300000"", ""provider"": ""network""}"
573,location,LocationManager.requestLocationUpdates,"{""minDistance"": 10, ""minTime"": ""300000"", ""provider"": ""gps""}"
577,reflection,Method.invoke,"{""class"": ""android.security.NetworkSecurityPolicy"", ""method"": ""getInstance""}"
579,reflection,Method.invoke,"{""class"": ""android.security.NetworkSecurityPolicy"", ""method"": ""isCleartextTrafficPermitted""}"
599,reflection,Method.invoke,"{""class"": ""android.view.View"", ""method"": ""getElevation""}"
604,reflection,Method.invoke,"{""class"": ""android.view.View"", ""method"": ""getElevation""}"
612,reflection,Method.invoke,"{""class"": ""android.view.View"", ""method"": ""getElevation""}"
627,reflection,Method.invoke,"{""class"": ""android.view.View"", ""method"": ""getElevation""}"
670,ipc_intents,Context.bindService,"{""action"": ""android.intent.action.TTS_SERVICE"", ""flags"": 1, ""target"": ""android.intent.action.TTS_SERVICE""}"
713,reflection,Method.invoke,"{""class"": ""java.util.Locale"", ""method"": ""readObject""}"
717,reflection,Method.invoke,"{""class"": ""java.util.Locale"", ""method"": ""readResolve""}"
722,reflection,Method.invoke,"{""class"": ""java.util.Locale"", ""method"": ""readObject""}"
734,reflection,Method.invoke,"{""class"": ""java.util.Locale"", ""method"": ""readResolve""}"
738,reflection,Method.invoke,"{""class"": ""java.util.Locale"", ""method"": ""readObject""}"
747,reflection,Method.invoke,"{""class"": ""java.util.Locale"", ""method"": ""readResolve""}"
752,reflection,Method.invoke,"{""class"": ""java.util.Locale"", ""method"": ""readObject""}"
757,reflection,Method.invoke,"{""class"": ""java.util.Locale"", ""method"": ""readResolve""}"
767,reflection,Method.invoke,"{""class"": ""java.util.Locale"", ""method"": ""readObject""}"
771,reflection,Method.invoke,"{""class"": ""java.util.Locale"", ""method"": ""readResolve""}"
779,reflection,Method.invoke,"{""class"": ""java.util.Locale"", ""method"": ""readObject""}"
784,reflection,Method.invoke,"{""class"": ""java.util.Locale"", ""method"": ""readResolve""}"
789,reflection,Method.invoke,"{""class"": ""java.util.Locale"", ""method"": ""readObject""}"
797,reflection,Method.invoke,"{""class"": ""java.util.Locale"", ""method"": ""readResolve""}"
802,reflection,Method.invoke,"{""class"": ""java.util.Locale"", ""method"": ""readObject""}"
808,reflection,Method.invoke,"{""class"": ""java.util.Locale"", ""method"": ""readResolve""}"
815,reflection,Method.invoke,"{""class"": ""java.util.Locale"", ""method"": ""readObject""}"
819,reflection,Method.invoke,"{""class"": ""java.util.Locale"", ""method"": ""readResolve""}"
824,reflection,Method.invoke,"{""class"": ""java.util.Locale"", ""method"": ""readObject""}"
831,reflection,Method.invoke,"{""class"": ""java.util.Locale"", ""method"": ""readResolve""}"
836,reflection,Method.invoke,"{""class"": ""java.util.Locale"", ""method"": ""readObject""}"
843,reflection,Method.invoke,"{""class"": ""java.util.Locale"", ""method"": ""readResolve""}"
849,reflection,Method.invoke,"{""class"": ""java.util.Locale"", ""method"": ""readObject""}"
853,reflection,Method.invoke,"{""class"": ""java.util.Locale"", ""method"": ""readResolve""}"
863,reflection,Method.invoke,"{""class"": ""java.util.Locale"", ""method"": ""readObject""}"
868,reflection,Method.invoke,"{""class"": ""java.util.Locale"", ""method"": ""readResolve""}"
872,reflection,Method.invoke,"{""class"": ""java.util.Locale"", ""method"": ""readObject""}"
883,reflection,Method.invoke,"{""class"": ""java.util.Locale"", ""method"": ""readResolve""}"
888,reflection,Method.invoke,"{""class"": ""java.util.Locale"", ""method"": ""readObject""}"
896,reflection,Method.invoke,"{""class"": ""java.util.Locale"", ""method"": ""readResolve""}"
901,reflection,Method.invoke,"{""class"": ""java.util.Locale"", ""method"": ""readObject""}"
905,reflection,Method.invoke,"{""class"": ""java.util.Locale"", ""method"": ""readResolve""}"
916,reflection,Method.invoke,"{""class"": ""java.util.Locale"", ""method"": ""readObject""}"
920,reflection,Method.invoke,"{""class"": ""java.util.Locale"", ""method"": ""readResolve""}"
929,reflection,Method.invoke,"{""class"": ""java.util.Locale"", ""method"": ""readObject""}"
934,reflection,Method.invoke,"{""class"": ""java.util.Locale"", ""method"": ""readResolve""}"
938,reflection,Method.invoke,"{""class"": ""java.util.Locale"", ""method"": ""readObject""}"
948,reflection,Method.invoke,"{""class"": ""java.util.Locale"", ""method"": ""readResolve""}"
952,reflection,Method.invoke,"{""class"": ""java.util.Locale"", ""method"": ""readObject""}"
963,reflection,Method.invoke,"{""class"": ""java.util.Locale"", ""method"": ""readResolve""}"
967,reflection,Method.invoke,"{""class"": ""java.util.Locale"", ""method"": ""readObject""}"
972,reflection,Method.invoke,"{""class"": ""java.util.Locale"", ""method"": ""readResolve""}"
982,reflection,Method.invoke,"{""class"": ""java.util.Locale"", ""method"": ""readObject""}"
986,reflection,Method.invoke,"{""class"": ""java.util.Locale"", ""method"": ""readResolve""}"
996,reflection,Method.invoke,"{""class"": ""java.util.Locale"", ""method"": ""readObject""}"
1000,reflection,Method.invoke,"{""class"": ""java.util.Locale"", ""method"": ""readResolve""}"
1004,reflection,Method.invoke,"{""class"": ""java.util.Locale"", ""method"": ""readObject""}"
1011,reflection,Method.invoke,"{""class"": ""java.util.Locale"", ""method"": ""readResolve""}"
1016,reflection,Method.invoke,"{""class"": ""java.util.Locale"", ""method"": ""readObject""}"
1020,reflection,Method.invoke,"{""class"": ""java.util.Locale"", ""method"": ""readResolve""}"
1028,reflection,Method.invoke,"{""class"": ""java.util.Locale"", ""method"": ""readObject""}"
1033,reflection,Method.invoke,"{""class"": ""java.util.Locale"", ""method"": ""readResolve""}"
1038,reflection,Method.invoke,"{""class"": ""java.util.Locale"", ""method"": ""readObject""}"
1047,reflection,Method.invoke,"{""class"": ""java.util.Locale"", ""method"": ""readResolve""}"
1051,reflection,Method.invoke,"{""class"": ""java.util.Locale"", ""method"": ""readObject""}"
1055,reflection,Method.invoke,"{""class"": ""java.util.Locale"", ""method"": ""readResolve""}"
1063,reflection,Method.invoke,"{""class"": ""java.util.Locale"", ""method"": ""readObject""}"
1068,reflection,Method.invoke,"{""class"": ""java.util.Locale"", ""method"": ""readResolve""}"
1077,reflection,Method.invoke,"{""class"": ""java.util.Locale"", ""method"": ""readObject""}"
1083,reflection,Method.invoke,"{""class"": ""java.util.Locale"", ""method"": ""readResolve""}"
1088,reflection,Method.invoke,"{""class"": ""java.util.Locale"", ""method"": ""readObject""}"
1095,reflection,Method.invoke,"{""class"": ""java.util.Locale"", ""method"": ""readResolve""}"
1100,reflection,Method.invoke,"{""class"": ""java.util.Locale"", ""method"": ""readObject""}"
1104,reflection,Method.invoke,"{""class"": ""java.util.Locale"", ""method"": ""readResolve""}"
1109,reflection,Method.invoke,"{""class"": ""java.util.Locale"", ""method"": ""readObject""}"
1113,reflection,Method.invoke,"{""class"": ""java.util.Locale"", ""method"": ""readResolve""}"
1118,reflection,Method.invoke,"{""class"": ""java.util.Locale"", ""method"": ""readObject""}"
1122,reflection,Method.invoke,"{""class"": ""java.util.Locale"", ""method"": ""readResolve""}"
1129,reflection,Method.invoke,"{""class"": ""java.util.Locale"", ""method"": ""readObject""}"
1133,reflection,Method.invoke,"{""class"": ""java.util.Locale"", ""method"": ""readResolve""}"
1137,reflection,Method.invoke,"{""class"": ""java.util.Locale"", ""method"": ""readObject""}"
1142,reflection,Method.invoke,"{""class"": ""java.util.Locale"", ""method"": ""readResolve""}"
1147,reflection,Method.invoke,"{""class"": ""java.util.Locale"", ""method"": ""readObject""}"
1152,reflection,Method.invoke,"{""class"": ""java.util.Locale"", ""method"": ""readResolve""}"
1157,reflection,Method.invoke,"{""class"": ""java.util.Locale"", ""method"": ""readObject""}"
1161,reflection,Method.invoke,"{""class"": ""java.util.Locale"", ""method"": ""readResolve""}"
1166,reflection,Method.invoke,"{""class"": ""java.util.Locale"", ""method"": ""readObject""}"
1170,reflection,Method.invoke,"{""class"": ""java.util.Locale"", ""method"": ""readResolve""}"
1174,reflection,Method.invoke,"{""class"": ""java.util.Locale"", ""method"": ""readObject""}"
1178,reflection,Method.invoke,"{""class"": ""java.util.Locale"", ""method"": ""readResolve""}"
1183,reflection,Method.invoke,"{""class"": ""java.util.Locale"", ""method"": ""readObject""}"
1187,reflection,Method.invoke,"{""class"": ""java.util.Locale"", ""method"": ""readResolve""}"
1192,reflection,Method.invoke,"{""class"": ""java.util.Locale"", ""method"": ""readObject""}"
1197,reflection,Method.invoke,"{""class"": ""java.util.Locale"", ""method"": ""readResolve""}"
1202,reflection,Method.invoke,"{""class"": ""java.util.Locale"", ""method"": ""readObject""}"
1206,reflection,Method.invoke,"{""class"": ""java.util.Locale"", ""method"": ""readResolve""}"
1210,reflection,Method.invoke,"{""class"": ""java.util.Locale"", ""method"": ""readObject""}"
1215,reflection,Method.invoke,"{""class"": ""java.util.Locale"", ""method"": ""readResolve""}"
1219,reflection,Method.invoke,"{""class"": ""java.util.Locale"", ""method"": ""readObject""}"
1224,reflection,Method.invoke,"{""class"": ""java.util.Locale"", ""method"": ""readResolve""}"
1228,reflection,Method.invoke,"{""class"": ""java.util.Locale"", ""method"": ""readObject""}"
1233,reflection,Method.invoke,"{""class"": ""java.util.Locale"", ""method"": ""readResolve""}"
1238,reflection,Method.invoke,"{""class"": ""java.util.Locale"", ""method"": ""readObject""}"
1242,reflection,Method.invoke,"{""class"": ""java.util.Locale"", ""method"": ""readResolve""}"
1247,reflection,Method.invoke,"{""class"": ""java.util.Locale"", ""method"": ""readObject""}"
1251,reflection,Method.invoke,"{""class"": ""java.util.Locale"", ""method"": ""readResolve""}"
1255,reflection,Method.invoke,"{""class"": ""java.util.Locale"", ""method"": ""readObject""}"
1259,reflection,Method.invoke,"{""class"": ""java.util.Locale"", ""method"": ""readResolve""}"
1265,reflection,Method.invoke,"{""class"": ""java.util.Locale"", ""method"": ""readObject""}"
1269,reflection,Method.invoke,"{""class"": ""java.util.Locale"", ""method"": ""readResolve""}"
1274,reflection,Method.invoke,"{""class"": ""java.util.Locale"", ""method"": ""readObject""}"
1278,reflection,Method.invoke,"{""class"": ""java.util.Locale"", ""method"": ""readResolve""}"
1284,reflection,Method.invoke,"{""class"": ""java.util.Locale"", ""method"": ""readObject""}"
1289,reflection,Method.invoke,"{""class"": ""java.util.Locale"", ""method"": ""readResolve""}"
1294,reflection,Method.invoke,"{""class"": ""java.util.Locale"", ""method"": ""readObject""}"
1299,reflection,Method.invoke,"{""class"": ""java.util.Locale"", ""method"": ""readResolve""}"
1304,reflection,Method.invoke,"{""class"": ""java.util.Locale"", ""method"": ""readObject""}"
1310,reflection,Method.invoke,"{""class"": ""java.util.Locale"", ""method"": ""readResolve""}"
1314,reflection,Method.invoke,"{""class"": ""java.util.Locale"", ""method"": ""readObject""}"
1318,reflection,Method.invoke,"{""class"": ""java.util.Locale"", ""method"": ""readResolve""}"
1323,reflection,Method.invoke,"{""class"": ""java.util.Locale"", ""method"": ""readObject""}"
1328,reflection,Method.invoke,"{""class"": ""java.util.Locale"", ""method"": ""readResolve""}"
1333,reflection,Method.invoke,"{""class"": ""java.util.Locale"", ""method"": ""readObject""}"
1337,reflection,Method.invoke,"{""class"": ""java.util.Locale"", ""method"": ""readResolve""}"
1342,reflection,Method.invoke,"{""class"": ""java.util.Locale"", ""method"": ""readObject""}"
1347,reflection,Method.invoke,"{""class"": ""java.util.Locale"", ""method"": ""readResolve""}"
1351,reflection,Method.invoke,"{""class"": ""java.util.Locale"", ""method"": ""readObject""}"
1356,reflection,Method.invoke,"{""class"": ""java.util.Locale"", ""method"": ""readResolve""}"
1361,reflection,Method.invoke,"{""class"": ""java.util.Locale"", ""method"": ""readObject""}"
1365,reflection,Method.invoke,"{""class"": ""java.util.Locale"", ""method"": ""readResolve""}"
1370,reflection,Method.invoke,"{""class"": ""java.util.Locale"", ""method"": ""readObject""}"
1375,reflection,Method.invoke,"{""class"": ""java.util.Locale"", ""method"": ""readResolve""}"
1379,reflection,Method.invoke,"{""class"": ""java.util.Locale"", ""method"": ""readObject""}"
1383,reflection,Method.invoke,"{""class"": ""java.util.Locale"", ""method"": ""readResolve""}"
1388,reflection,Method.invoke,"{""class"": ""java.util.Locale"", ""method"": ""readObject""}"
1393,reflection,Method.invoke,"{""class"": ""java.util.Locale"", ""method"": ""readResolve""}"
1398,reflection,Method.invoke,"{""class"": ""java.util.Locale"", ""method"": ""readObject""}"
1402,reflection,Method.invoke,"{""class"": ""java.util.Locale"", ""method"": ""readResolve""}"
1407,reflection,Method.invoke,"{""class"": ""java.util.Locale"", ""method"": ""readObject""}"
1411,reflection,Method.invoke,"{""class"": ""java.util.Locale"", ""method"": ""readResolve""}"
1415,reflection,Method.invoke,"{""class"": ""java.util.Locale"", ""method"": ""readObject""}"
1420,reflection,Method.invoke,"{""class"": ""java.util.Locale"", ""method"": ""readResolve""}"
1424,reflection,Method.invoke,"{""class"": ""java.util.Locale"", ""method"": ""readObject""}"
1429,reflection,Method.invoke,"{""class"": ""java.util.Locale"", ""method"": ""readResolve""}"
1434,reflection,Method.invoke,"{""class"": ""java.util.Locale"", ""method"": ""readObject""}"
1438,reflection,Method.invoke,"{""class"": ""java.util.Locale"", ""method"": ""readResolve""}"
1442,reflection,Method.invoke,"{""class"": ""java.util.Locale"", ""method"": ""readObject""}"
1447,reflection,Method.invoke,"{""class"": ""java.util.Locale"", ""method"": ""readResolve""}"
1451,reflection,Method.invoke,"{""class"": ""java.util.Locale"", ""method"": ""readObject""}"
1456,reflection,Method.invoke,"{""class"": ""java.util.Locale"", ""method"": ""readResolve""}"
1460,reflection,Method.invoke,"{""class"": ""java.util.Locale"", ""method"": ""readObject""}"
1464,reflection,Method.invoke,"{""class"": ""java.util.Locale"", ""method"": ""readResolve""}"
1469,reflection,Method.invoke,"{""class"": ""java.util.Locale"", ""method"": ""readObject""}"
1473,reflection,Method.invoke,"{""class"": ""java.util.Locale"", ""method"": ""readResolve""}"
1478,reflection,Method.invoke,"{""class"": ""java.util.Locale"", ""method"": ""readObject""}"
1483,reflection,Method.invoke,"{""class"": ""java.util.Locale"", ""method"": ""readResolve""}"
1487,reflection,Method.invoke,"{""class"": ""java.util.Locale"", ""method"": ""readObject""}"
1492,reflection,Method.invoke,"{""class"": ""java.util.Locale"", ""method"": ""readResolve""}"
1496,reflection,Method.invoke,"{""class"": ""java.util.Locale"", ""method"": ""readObject""}"
1501,reflection,Method.invoke,"{""class"": ""java.util.Locale"", ""method"": ""readResolve""}"
1506,reflection,Method.invoke,"{""class"": ""java.util.Locale"", ""method"": ""readObject""}"
1510,reflection,Method.invoke,"{""class"": ""java.util.Locale"", ""method"": ""readResolve""}"
1515,reflection,Method.invoke,"{""class"": ""java.util.Locale"", ""method"": ""readObject""}"
1519,reflection,Method.invoke,"{""class"": ""java.util.Locale"", ""method"": ""readResolve""}"
1523,reflection,Method.invoke,"{""class"": ""java.util.Locale"", ""method"": ""readObject""}"
1527,reflection,Method.invoke,"{""class"": ""java.util.Locale"", ""method"": ""readResolve""}"
1532,reflection,Method.invoke,"{""class"": ""java.util.Locale"", ""method"": ""readObject""}"
1536,reflection,Method.invoke,"{""class"": ""java.util.Locale"", ""method"": ""readResolve""}"
1541,reflection,Method.invoke,"{""class"": ""java.util.Locale"", ""method"": ""readObject""}"
1545,reflection,Method.invoke,"{""class"": ""java.util.Locale"", ""method"": ""readResolve""}"
1550,reflection,Method.invoke,"{""class"": ""java.util.Locale"", ""method"": ""readObject""}"
1554,reflection,Method.invoke,"{""class"": ""java.util.Locale"", ""method"": ""readResolve""}"
1560,reflection,Method.invoke,"{""class"": ""java.util.Locale"", ""method"": ""readObject""}"
1565,reflection,Method.invoke,"{""class"": ""java.util.Locale"", ""method"": ""readResolve""}"
1570,reflection,Method.invoke,"{""class"": ""java.util.Locale"", ""method"": ""readObject""}"
1575,reflection,Method.invoke,"{""class"": ""java.util.Locale"", ""method"": ""readResolve""}"
1579,reflection,Method.invoke,"{""class"": ""java.util.Locale"", ""method"": ""readObject""}"
1584,reflection,Method.invoke,"{""class"": ""java.util.Locale"", ""method"": ""readResolve""}"
1593,reflection,Method.invoke,"{""class"": ""java.util.Locale"", ""method"": ""readObject""}"
1597,reflection,Method.invoke,"{""class"": ""java.util.Locale"", ""method"": ""readResolve""}"
1602,reflection,Method.invoke,"{""class"": ""java.util.Locale"", ""method"": ""readObject""}"
1607,reflection,Method.invoke,"{""class"": ""java.util.Locale"", ""method"": ""readResolve""}"
1612,reflection,Method.invoke,"{""class"": ""java.util.Locale"", ""method"": ""readObject""}"
1618,reflection,Method.invoke,"{""class"": ""java.util.Locale"", ""method"": ""readResolve""}"
1622,reflection,Method.invoke,"{""class"": ""java.util.Locale"", ""method"": ""readObject""}"
1627,reflection,Method.invoke,"{""class"": ""java.util.Locale"", ""method"": ""readResolve""}"
1631,reflection,Method.invoke,"{""class"": ""java.util.Locale"", ""method"": ""readObject""}"
1636,reflection,Method.invoke,"{""class"": ""java.util.Locale"", ""method"": ""readResolve""}"
1642,reflection,Method.invoke,"{""class"": ""java.util.Locale"", ""method"": ""readObject""}"
1645,reflection,Method.invoke,"{""class"": ""java.util.Locale"", ""method"": ""readResolve""}"
1650,reflection,Method.invoke,"{""class"": ""java.util.Locale"", ""method"": ""readObject""}"
1655,reflection,Method.invoke,"{""class"": ""java.util.Locale"", ""method"": ""readResolve""}"
1660,reflection,Method.invoke,"{""class"": ""java.util.Locale"", ""method"": ""readObject""}"
1664,reflection,Method.invoke,"{""class"": ""java.util.Locale"", ""method"": ""readResolve""}"
1668,reflection,Method.invoke,"{""class"": ""java.util.Locale"", ""method"": ""readObject""}"
1674,reflection,Method.invoke,"{""class"": ""java.util.Locale"", ""method"": ""readResolve""}"
1680,reflection,Method.invoke,"{""class"": ""java.util.Locale"", ""method"": ""readObject""}"
1688,reflection,Method.invoke,"{""class"": ""java.util.Locale"", ""method"": ""readResolve""}"
1697,reflection,Method.invoke,"{""class"": ""java.util.Locale"", ""method"": ""readObject""}"
1701,reflection,Method.invoke,"{""class"": ""java.util.Locale"", ""method"": ""readResolve""}"
1706,reflection,Method.invoke,"{""class"": ""java.util.Locale"", ""method"": ""readObject""}"
1712,reflection,Method.invoke,"{""class"": ""java.util.Locale"", ""method"": ""readResolve""}"
1717,reflection,Method.invoke,"{""class"": ""java.util.Locale"", ""method"": ""readObject""}"
1721,reflection,Method.invoke,"{""class"": ""java.util.Locale"", ""method"": ""readResolve""}"
1726,reflection,Method.invoke,"{""class"": ""java.util.Locale"", ""method"": ""readObject""}"
1730,reflection,Method.invoke,"{""class"": ""java.util.Locale"", ""method"": ""readResolve""}"
1734,reflection,Method.invoke,"{""class"": ""java.util.Locale"", ""method"": ""readObject""}"
1738,reflection,Method.invoke,"{""class"": ""java.util.Locale"", ""method"": ""readResolve""}"
1749,reflection,Method.invoke,"{""class"": ""java.util.Locale"", ""method"": ""readObject""}"
1754,reflection,Method.invoke,"{""class"": ""java.util.Locale"", ""method"": ""readResolve""}"
1759,reflection,Method.invoke,"{""class"": ""java.util.Locale"", ""method"": ""readObject""}"
1764,reflection,Method.invoke,"{""class"": ""java.util.Locale"", ""method"": ""readResolve""}"
1768,reflection,Method.invoke,"{""class"": ""java.util.Locale"", ""method"": ""readObject""}"
1772,reflection,Method.invoke,"{""class"": ""java.util.Locale"", ""method"": ""readResolve""}"
1777,reflection,Method.invoke,"{""class"": ""java.util.Locale"", ""method"": ""readObject""}"
1781,reflection,Method.invoke,"{""class"": ""java.util.Locale"", ""method"": ""readResolve""}"
1785,reflection,Method.invoke,"{""class"": ""java.util.Locale"", ""method"": ""readObject""}"
1790,reflection,Method.invoke,"{""class"": ""java.util.Locale"", ""method"": ""readResolve""}"
1794,reflection,Method.invoke,"{""class"": ""java.util.Locale"", ""method"": ""readObject""}"
1799,reflection,Method.invoke,"{""class"": ""java.util.Locale"", ""method"": ""readResolve""}"
1803,reflection,Method.invoke,"{""class"": ""java.util.Locale"", ""method"": ""readObject""}"
1807,reflection,Method.invoke,"{""class"": ""java.util.Locale"", ""method"": ""readResolve""}"
1812,reflection,Method.invoke,"{""class"": ""java.util.Locale"", ""method"": ""readObject""}"
1817,reflection,Method.invoke,"{""class"": ""java.util.Locale"", ""method"": ""readResolve""}"
1821,reflection,Method.invoke,"{""class"": ""java.util.Locale"", ""method"": ""readObject""}"
1826,reflection,Method.invoke,"{""class"": ""java.util.Locale"", ""method"": ""readResolve""}"
1830,reflection,Method.invoke,"{""class"": ""java.util.Locale"", ""method"": ""readObject""}"
1834,reflection,Method.invoke,"{""class"": ""java.util.Locale"", ""method"": ""readResolve""}"
1839,reflection,Method.invoke,"{""class"": ""java.util.Locale"", ""method"": ""readObject""}"
1844,reflection,Method.invoke,"{""class"": ""java.util.Locale"", ""method"": ""readResolve""}"
1848,reflection,Method.invoke,"{""class"": ""java.util.Locale"", ""method"": ""readObject""}"
1852,reflection,Method.invoke,"{""class"": ""java.util.Locale"", ""method"": ""readResolve""}"
1857,reflection,Method.invoke,"{""class"": ""java.util.Locale"", ""method"": ""readObject""}"
1862,reflection,Method.invoke,"{""class"": ""java.util.Locale"", ""method"": ""readResolve""}"
1866,reflection,Method.invoke,"{""class"": ""java.util.Locale"", ""method"": ""readObject""}"
1871,reflection,Method.invoke,"{""class"": ""java.util.Locale"", ""method"": ""readResolve""}"
1875,reflection,Method.invoke,"{""class"": ""java.util.Locale"", ""method"": ""readObject""}"
1880,reflection,Method.invoke,"{""class"": ""java.util.Locale"", ""method"": ""readResolve""}"
1885,reflection,Method.invoke,"{""class"": ""java.util.Locale"", ""method"": ""readObject""}"
1889,reflection,Method.invoke,"{""class"": ""java.util.Locale"", ""method"": ""readResolve""}"
1894,reflection,Method.invoke,"{""class"": ""java.util.Locale"", ""method"": ""readObject""}"
1898,reflection,Method.invoke,"{""class"": ""java.util.Locale"", ""method"": ""readResolve""}"
1903,reflection,Method.invoke,"{""class"": ""java.util.Locale"", ""method"": ""readObject""}"
1907,reflection,Method.invoke,"{""class"": ""java.util.Locale"", ""method"": ""readResolve""}"
1911,reflection,Method.invoke,"{""class"": ""java.util.Locale"", ""method"": ""readObject""}"
1915,reflection,Method.invoke,"{""class"": ""java.util.Locale"", ""method"": ""readResolve""}"
1920,reflection,Method.invoke,"{""class"": ""java.util.Locale"", ""method"": ""readObject""}"
1925,reflection,Method.invoke,"{""class"": ""java.util.Locale"", ""method"": ""readResolve""}"
1930,reflection,Method.invoke,"{""class"": ""java.util.Locale"", ""method"": ""readObject""}"
1935,reflection,Method.invoke,"{""class"": ""java.util.Locale"", ""method"": ""readResolve""}"
1939,reflection,Method.invoke,"{""class"": ""java.util.Locale"", ""method"": ""readObject""}"
1943,reflection,Method.invoke,"{""class"": ""java.util.Locale"", ""method"": ""readResolve""}"
1947,reflection,Method.invoke,"{""class"": ""java.util.Locale"", ""method"": ""readObject""}"
1952,reflection,Method.invoke,"{""class"": ""java.util.Locale"", ""method"": ""readResolve""}"
1957,reflection,Method.invoke,"{""class"": ""java.util.Locale"", ""method"": ""readObject""}"
1961,reflection,Method.invoke,"{""class"": ""java.util.Locale"", ""method"": ""readResolve""}"
1966,reflection,Method.invoke,"{""class"": ""java.util.Locale"", ""method"": ""readObject""}"
1970,reflection,Method.invoke,"{""class"": ""java.util.Locale"", ""method"": ""readResolve""}"
1974,reflection,Method.invoke,"{""class"": ""java.util.Locale"", ""method"": ""readObject""}"
1978,reflection,Method.invoke,"{""class"": ""java.util.Locale"", ""method"": ""readResolve""}"
1983,reflection,Method.invoke,"{""class"": ""java.util.Locale"", ""method"": ""readObject""}"
1987,reflection,Method.invoke,"{""class"": ""java.util.Locale"", ""method"": ""readResolve""}"
1991,reflection,Method.invoke,"{""class"": ""java.util.Locale"", ""method"": ""readObject""}"
1996,reflection,Method.invoke,"{""class"": ""java.util.Locale"", ""method"": ""readResolve""}"
2001,reflection,Method.invoke,"{""class"": ""java.util.Locale"", ""method"": ""readObject""}"
2005,reflection,Method.invoke,"{""class"": ""java.util.Locale"", ""method"": ""readResolve""}"
2009,reflection,Method.invoke,"{""class"": ""java.util.Locale"", ""method"": ""readObject""}"
2013,reflection,Method.invoke,"{""class"": ""java.util.Locale"", ""method"": ""readResolve""}"
2018,reflection,Method.invoke,"{""class"": ""java.util.Locale"", ""method"": ""readObject""}"
2027,reflection,Method.invoke,"{""class"": ""java.util.Locale"", ""method"": ""readResolve""}"
2031,reflection,Method.invoke,"{""class"": ""java.util.Locale"", ""method"": ""readObject""}"
2035,reflection,Method.invoke,"{""class"": ""java.util.Locale"", ""method"": ""readResolve""}"
2040,reflection,Method.invoke,"{""class"": ""java.util.Locale"", ""method"": ""readObject""}"
2044,reflection,Method.invoke,"{""class"": ""java.util.Locale"", ""method"": ""readResolve""}"
2049,reflection,Method.invoke,"{""class"": ""java.util.Locale"", ""method"": ""readObject""}"
2053,reflection,Method.invoke,"{""class"": ""java.util.Locale"", ""method"": ""readResolve""}"
2058,reflection,Method.invoke,"{""class"": ""java.util.Locale"", ""method"": ""readObject""}"
2063,reflection,Method.invoke,"{""class"": ""java.util.Locale"", ""method"": ""readResolve""}"
2067,reflection,Method.invoke,"{""class"": ""java.util.Locale"", ""method"": ""readObject""}"
2071,reflection,Method.invoke,"{""class"": ""java.util.Locale"", ""method"": ""readResolve""}"
2077,reflection,Method.invoke,"{""class"": ""java.util.Locale"", ""method"": ""readObject""}"
2081,reflection,Method.invoke,"{""class"": ""java.util.Locale"", ""method"": ""readResolve""}"
2086,reflection,Method.invoke,"{""class"": ""java.util.Locale"", ""method"": ""readObject""}"
2091,reflection,Method.invoke,"{""class"": ""java.util.Locale"", ""method"": ""readResolve""}"
2095,reflection,Method.invoke,"{""class"": ""java.util.Locale"", ""method"": ""readObject""}"
2100,reflection,Method.invoke,"{""class"": ""java.util.Locale"", ""method"": ""readResolve""}"
2104,reflection,Method.invoke,"{""class"": ""java.util.Locale"", ""method"": ""readObject""}"
2108,reflection,Method.invoke,"{""class"": ""java.util.Locale"", ""method"": ""readResolve""}"
2113,reflection,Method.invoke,"{""class"": ""java.util.Locale"", ""method"": ""readObject""}"
2117,reflection,Method.invoke,"{""class"": ""java.util.Locale"", ""method"": ""readResolve""}"
2121,reflection,Method.invoke,"{""class"": ""java.util.Locale"", ""method"": ""readObject""}"
2125,reflection,Method.invoke,"{""class"": ""java.util.Locale"", ""method"": ""readResolve""}"
2130,reflection,Method.invoke,"{""class"": ""java.util.Locale"", ""method"": ""readObject""}"
2134,reflection,Method.invoke,"{""class"": ""java.util.Locale"", ""method"": ""readResolve""}"
2139,reflection,Method.invoke,"{""class"": ""java.util.Locale"", ""method"": ""readObject""}"
2144,reflection,Method.invoke,"{""class"": ""java.util.Locale"", ""method"": ""readResolve""}"
2148,reflection,Method.invoke,"{""class"": ""java.util.Locale"", ""method"": ""readObject""}"
2153,reflection,Method.invoke,"{""class"": ""java.util.Locale"", ""method"": ""readResolve""}"
2157,reflection,Method.invoke,"{""class"": ""java.util.Locale"", ""method"": ""readObject""}"
2162,reflection,Method.invoke,"{""class"": ""java.util.Locale"", ""method"": ""readResolve""}"
2172,reflection,Method.invoke,"{""class"": ""java.util.Locale"", ""method"": ""readObject""}"
2176,reflection,Method.invoke,"{""class"": ""java.util.Locale"", ""method"": ""readResolve""}"
2181,reflection,Method.invoke,"{""class"": ""java.util.Locale"", ""method"": ""readObject""}"
2185,reflection,Method.invoke,"{""class"": ""java.util.Locale"", ""method"": ""readResolve""}"
2189,reflection,Method.invoke,"{""class"": ""java.util.Locale"", ""method"": ""readObject""}"
2194,reflection,Method.invoke,"{""class"": ""java.util.Locale"", ""method"": ""readResolve""}"
2198,reflection,Method.invoke,"{""class"": ""java.util.Locale"", ""method"": ""readObject""}"
2202,reflection,Method.invoke,"{""class"": ""java.util.Locale"", ""method"": ""readResolve""}"
2208,reflection,Method.invoke,"{""class"": ""java.util.Locale"", ""method"": ""readObject""}"
2212,reflection,Method.invoke,"{""class"": ""java.util.Locale"", ""method"": ""readResolve""}"
2217,reflection,Method.invoke,"{""class"": ""java.util.Locale"", ""method"": ""readObject""}"
2221,reflection,Method.invoke,"{""class"": ""java.util.Locale"", ""method"": ""readResolve""}"
2226,reflection,Method.invoke,"{""class"": ""java.util.Locale"", ""method"": ""readObject""}"
2230,reflection,Method.invoke,"{""class"": ""java.util.Locale"", ""method"": ""readResolve""}"
2235,reflection,Method.invoke,"{""class"": ""java.util.Locale"", ""method"": ""readObject""}"
2239,reflection,Method.invoke,"{""class"": ""java.util.Locale"", ""method"": ""readResolve""}"
2244,reflection,Method.invoke,"{""class"": ""java.util.Locale"", ""method"": ""readObject""}"
2248,reflection,Method.invoke,"{""class"": ""java.util.Locale"", ""method"": ""readResolve""}"
2253,reflection,Method.invoke,"{""class"": ""java.util.Locale"", ""method"": ""readObject""}"
2257,reflection,Method.invoke,"{""class"": ""java.util.Locale"", ""method"": ""readResolve""}"
2262,reflection,Method.invoke,"{""class"": ""java.util.Locale"", ""method"": ""readObject""}"
2266,reflection,Method.invoke,"{""class"": ""java.util.Locale"", ""method"": ""readResolve""}"
2271,reflection,Method.invoke,"{""class"": ""java.util.Locale"", ""method"": ""readObject""}"
2275,reflection,Method.invoke,"{""class"": ""java.util.Locale"", ""method"": ""readResolve""}"
2280,reflection,Method.invoke,"{""class"": ""java.util.Locale"", ""method"": ""readObject""}"
2284,reflection,Method.invoke,"{""class"": ""java.util.Locale"", ""method"": ""readResolve""}"
2288,reflection,Method.invoke,"{""class"": ""java.util.Locale"", ""method"": ""readObject""}"
2293,reflection,Method.invoke,"{""class"": ""java.util.Locale"", ""method"": ""readResolve""}"
2298,reflection,Method.invoke,"{""class"": ""java.util.Locale"", ""method"": ""readObject""}"
2302,reflection,Method.invoke,"{""class"": ""java.util.Locale"", ""method"": ""readResolve""}"
2307,reflection,Method.invoke,"{""class"": ""java.util.Locale"", ""method"": ""readObject""}"
2311,reflection,Method.invoke,"{""class"": ""java.util.Locale"", ""method"": ""readResolve""}"
2316,reflection,Method.invoke,"{""class"": ""java.util.Locale"", ""method"": ""readObject""}"
2321,reflection,Method.invoke,"{""class"": ""java.util.Locale"", ""method"": ""readResolve""}"
2326,reflection,Method.invoke,"{""class"": ""java.util.Locale"", ""method"": ""readObject""}"
2330,reflection,Method.invoke,"{""class"": ""java.util.Locale"", ""method"": ""readResolve""}"
2335,reflection,Method.invoke,"{""class"": ""java.util.Locale"", ""method"": ""readObject""}"
2343,reflection,Method.invoke,"{""class"": ""java.util.Locale"", ""method"": ""readResolve""}"
2348,reflection,Method.invoke,"{""class"": ""java.util.Locale"", ""method"": ""readObject""}"
2352,reflection,Method.invoke,"{""class"": ""java.util.Locale"", ""method"": ""readResolve""}"
2357,reflection,Method.invoke,"{""class"": ""java.util.Locale"", ""method"": ""readObject""}"
2361,reflection,Method.invoke,"{""class"": ""java.util.Locale"", ""method"": ""readResolve""}"
2366,reflection,Method.invoke,"{""class"": ""java.util.Locale"", ""method"": ""readObject""}"
2370,reflection,Method.invoke,"{""class"": ""java.util.Locale"", ""method"": ""readResolve""}"
2376,reflection,Method.invoke,"{""class"": ""java.util.Locale"", ""method"": ""readObject""}"
2380,reflection,Method.invoke,"{""class"": ""java.util.Locale"", ""method"": ""readResolve""}"
2385,reflection,Method.invoke,"{""class"": ""java.util.Locale"", ""method"": ""readObject""}"
2389,reflection,Method.invoke,"{""class"": ""java.util.Locale"", ""method"": ""readResolve""}"
2394,reflection,Method.invoke,"{""class"": ""java.util.Locale"", ""method"": ""readObject""}"
2398,reflection,Method.invoke,"{""class"": ""java.util.Locale"", ""method"": ""readResolve""}"
2402,reflection,Method.invoke,"{""class"": ""java.util.Locale"", ""method"": ""readObject""}"
2407,reflection,Method.invoke,"{""class"": ""java.util.Locale"", ""method"": ""readResolve""}"
2411,reflection,Method.invoke,"{""class"": ""java.util.Locale"", ""method"": ""readObject""}"
2415,reflection,Method.invoke,"{""class"": ""java.util.Locale"", ""method"": ""readResolve""}"
2420,reflection,Method.invoke,"{""class"": ""java.util.Locale"", ""method"": ""readObject""}"
2424,reflection,Method.invoke,"{""class"": ""java.util.Locale"", ""method"": ""readResolve""}"
2429,reflection,Method.invoke,"{""class"": ""java.util.Locale"", ""method"": ""readObject""}"
2434,reflection,Method.invoke,"{""class"": ""java.util.Locale"", ""method"": ""readResolve""}"
2438,reflection,Method.invoke,"{""class"": ""java.util.Locale"", ""method"": ""readObject""}"
2442,reflection,Method.invoke,"{""class"": ""java.util.Locale"", ""method"": ""readResolve""}"
2447,reflection,Method.invoke,"{""class"": ""java.util.Locale"", ""method"": ""readObject""}"
2451,reflection,Method.invoke,"{""class"": ""java.util.Locale"", ""method"": ""readResolve""}"
2455,reflection,Method.invoke,"{""class"": ""java.util.Locale"", ""method"": ""readObject""}"
2460,reflection,Method.invoke,"{""class"": ""java.util.Locale"", ""method"": ""readResolve""}"
2465,reflection,Method.invoke,"{""class"": ""java.util.Locale"", ""method"": ""readObject""}"
2469,reflection,Method.invoke,"{""class"": ""java.util.Locale"", ""method"": ""readResolve""}"
2474,reflection,Method.invoke,"{""class"": ""java.util.Locale"", ""method"": ""readObject""}"
2478,reflection,Method.invoke,"{""class"": ""java.util.Locale"", ""method"": ""readResolve""}"
2483,reflection,Method.invoke,"{""class"": ""java.util.Locale"", ""method"": ""readObject""}"
2488,reflection,Method.invoke,"{""class"": ""java.util.Locale"", ""method"": ""readResolve""}"
2492,reflection,Method.invoke,"{""class"": ""java.util.Locale"", ""method"": ""readObject""}"
2497,reflection,Method.invoke,"{""class"": ""java.util.Locale"", ""method"": ""readResolve""}"
2501,reflection,Method.invoke,"{""class"": ""java.util.Locale"", ""method"": ""readObject""}"
2505,reflection,Method.invoke,"{""class"": ""java.util.Locale"", ""method"": ""readResolve""}"
2510,reflection,Method.invoke,"{""class"": ""java.util.Locale"", ""method"": ""readObject""}"
2514,reflection,Method.invoke,"{""class"": ""java.util.Locale"", ""method"": ""readResolve""}"
2518,reflection,Method.invoke,"{""class"": ""java.util.Locale"", ""method"": ""readObject""}"
2522,reflection,Method.invoke,"{""class"": ""java.util.Locale"", ""method"": ""readResolve""}"
2527,reflection,Method.invoke,"{""class"": ""java.util.Locale"", ""method"": ""readObject""}"
2531,reflection,Method.invoke,"{""class"": ""java.util.Locale"", ""method"": ""readResolve""}"
2535,reflection,Method.invoke,"{""class"": ""java.util.Locale"", ""method"": ""readObject""}"
2540,reflection,Method.invoke,"{""class"": ""java.util.Locale"", ""method"": ""readResolve""}"
2545,reflection,Method.invoke,"{""class"": ""java.util.Locale"", ""method"": ""readObject""}"
2549,reflection,Method.invoke,"{""class"": ""java.util.Locale"", ""method"": ""readResolve""}"
2554,reflection,Method.invoke,"{""class"": ""java.util.Locale"", ""method"": ""readObject""}"
2558,reflection,Method.invoke,"{""class"": ""java.util.Locale"", ""method"": ""readResolve""}"
2563,reflection,Method.invoke,"{""class"": ""java.util.Locale"", ""method"": ""readObject""}"
2567,reflection,Method.invoke,"{""class"": ""java.util.Locale"", ""method"": ""readResolve""}"
2572,reflection,Method.invoke,"{""class"": ""java.util.Locale"", ""method"": ""readObject""}"
2576,reflection,Method.invoke,"{""class"": ""java.util.Locale"", ""method"": ""readResolve""}"
2581,reflection,Method.invoke,"{""class"": ""java.util.Locale"", ""method"": ""readObject""}"
2585,reflection,Method.invoke,"{""class"": ""java.util.Locale"", ""method"": ""readResolve""}"
2589,reflection,Method.invoke,"{""class"": ""java.util.Locale"", ""method"": ""readObject""}"
2593,reflection,Method.invoke,"{""class"": ""java.util.Locale"", ""method"": ""readResolve""}"
2598,reflection,Method.invoke,"{""class"": ""java.util.Locale"", ""method"": ""readObject""}"
2602,reflection,Method.invoke,"{""class"": ""java.util.Locale"", ""method"": ""readResolve""}"
2606,reflection,Method.invoke,"{""class"": ""java.util.Locale"", ""method"": ""readObject""}"
2610,reflection,Method.invoke,"{""class"": ""java.util.Locale"", ""method"": ""readResolve""}"
2615,reflection,Method.invoke,"{""class"": ""java.util.Locale"", ""method"": ""readObject""}"
2619,reflection,Method.invoke,"{""class"": ""java.util.Locale"", ""method"": ""readResolve""}"
2623,reflection,Method.invoke,"{""class"": ""java.util.Locale"", ""method"": ""readObject""}"
2627,reflection,Method.invoke,"{""class"": ""java.util.Locale"", ""method"": ""readResolve""}"
2632,reflection,Method.invoke,"{""class"": ""java.util.Locale"", ""method"": ""readObject""}"
2637,reflection,Method.invoke,"{""class"": ""java.util.Locale"", ""method"": ""readResolve""}"
2641,reflection,Method.invoke,"{""class"": ""java.util.Locale"", ""method"": ""readObject""}"
2646,reflection,Method.invoke,"{""class"": ""java.util.Locale"", ""method"": ""readResolve""}"
2655,reflection,Method.invoke,"{""class"": ""java.util.Locale"", ""method"": ""readObject""}"
2660,reflection,Method.invoke,"{""class"": ""java.util.Locale"", ""method"": ""readResolve""}"
2664,reflection,Method.invoke,"{""class"": ""java.util.Locale"", ""method"": ""readObject""}"
2669,reflection,Method.invoke,"{""class"": ""java.util.Locale"", ""method"": ""readResolve""}"
2673,reflection,Method.invoke,"{""class"": ""java.util.Locale"", ""method"": ""readObject""}"
2677,reflection,Method.invoke,"{""class"": ""java.util.Locale"", ""method"": ""readResolve""}"
2682,reflection,Method.invoke,"{""class"": ""java.util.Locale"", ""method"": ""readObject""}"
2686,reflection,Method.invoke,"{""class"": ""java.util.Locale"", ""method"": ""readResolve""}"
2696,reflection,Method.invoke,"{""class"": ""java.util.Locale"", ""method"": ""readObject""}"
2701,reflection,Method.invoke,"{""class"": ""java.util.Locale"", ""method"": ""readResolve""}"
2706,reflection,Method.invoke,"{""class"": ""java.util.Locale"", ""method"": ""readObject""}"
2717,reflection,Method.invoke,"{""class"": ""java.util.Locale"", ""method"": ""readResolve""}"
2723,reflection,Method.invoke,"{""class"": ""java.util.Locale"", ""method"": ""readObject""}"
2731,reflection,Method.invoke,"{""class"": ""java.util.Locale"", ""method"": ""readResolve""}"
2740,reflection,Method.invoke,"{""class"": ""java.util.Locale"", ""method"": ""readObject""}"
2745,reflection,Method.invoke,"{""class"": ""java.util.Locale"", ""method"": ""readResolve""}"
2749,reflection,Method.invoke,"{""class"": ""java.util.Locale"", ""method"": ""readObject""}"
2759,reflection,Method.invoke,"{""class"": ""java.util.Locale"", ""method"": ""readResolve""}"
2765,reflection,Method.invoke,"{""class"": ""java.util.Locale"", ""method"": ""readObject""}"
2770,reflection,Method.invoke,"{""class"": ""java.util.Locale"", ""method"": ""readResolve""}"
2776,reflection,Method.invoke,"{""class"": ""java.util.Locale"", ""method"": ""readObject""}"
2780,reflection,Method.invoke,"{""class"": ""java.util.Locale"", ""method"": ""readResolve""}"
2785,reflection,Method.invoke,"{""class"": ""java.util.Locale"", ""method"": ""readObject""}"
2790,reflection,Method.invoke,"{""class"": ""java.util.Locale"", ""method"": ""readResolve""}"
2795,reflection,Method.invoke,"{""class"": ""java.util.Locale"", ""method"": ""readObject""}"
2799,reflection,Method.invoke,"{""class"": ""java.util.Locale"", ""method"": ""readResolve""}"
2804,reflection,Method.invoke,"{""class"": ""java.util.Locale"", ""method"": ""readObject""}"
2809,reflection,Method.invoke,"{""class"": ""java.util.Locale"", ""method"": ""readResolve""}"
2815,reflection,Method.invoke,"{""class"": ""java.util.Locale"", ""method"": ""readObject""}"
2819,reflection,Method.invoke,"{""class"": ""java.util.Locale"", ""method"": ""readResolve""}"
2824,reflection,Method.invoke,"{""class"": ""java.util.Locale"", ""method"": ""readObject""}"
2835,reflection,Method.invoke,"{""class"": ""java.util.Locale"", ""method"": ""readResolve""}"
2841,reflection,Method.invoke,"{""class"": ""java.util.Locale"", ""method"": ""readObject""}"
2849,reflection,Method.invoke,"{""class"": ""java.util.Locale"", ""method"": ""readResolve""}"
2854,reflection,Method.invoke,"{""class"": ""java.util.Locale"", ""method"": ""readObject""}"
2862,reflection,Method.invoke,"{""class"": ""java.util.Locale"", ""method"": ""readResolve""}"
2866,reflection,Method.invoke,"{""class"": ""java.util.Locale"", ""method"": ""readObject""}"
2871,reflection,Method.invoke,"{""class"": ""java.util.Locale"", ""method"": ""readResolve""}"
2878,reflection,Method.invoke,"{""class"": ""java.util.Locale"", ""method"": ""readObject""}"
2883,reflection,Method.invoke,"{""class"": ""java.util.Locale"", ""method"": ""readResolve""}"
2887,reflection,Method.invoke,"{""class"": ""java.util.Locale"", ""method"": ""readObject""}"
2892,reflection,Method.invoke,"{""class"": ""java.util.Locale"", ""method"": ""readResolve""}"
2897,reflection,Method.invoke,"{""class"": ""java.util.Locale"", ""method"": ""readObject""}"
2901,reflection,Method.invoke,"{""class"": ""java.util.Locale"", ""method"": ""readResolve""}"
2911,reflection,Method.invoke,"{""class"": ""java.util.Locale"", ""method"": ""readObject""}"
2915,reflection,Method.invoke,"{""class"": ""java.util.Locale"", ""method"": ""readResolve""}"
2921,reflection,Method.invoke,"{""class"": ""java.util.Locale"", ""method"": ""readObject""}"
2925,reflection,Method.invoke,"{""class"": ""java.util.Locale"", ""method"": ""readResolve""}"
2930,reflection,Method.invoke,"{""class"": ""java.util.Locale"", ""method"": ""readObject""}"
2934,reflection,Method.invoke,"{""class"": ""java.util.Locale"", ""method"": ""readResolve""}"
2939,reflection,Method.invoke,"{""class"": ""java.util.Locale"", ""method"": ""readObject""}"
2943,reflection,Method.invoke,"{""class"": ""java.util.Locale"", ""method"": ""readResolve""}"
2947,reflection,Method.invoke,"{""class"": ""java.util.Locale"", ""method"": ""readObject""}"
2952,reflection,Method.invoke,"{""class"": ""java.util.Locale"", ""method"": ""readResolve""}"
2956,reflection,Method.invoke,"{""class"": ""java.util.Locale"", ""method"": ""readObject""}"
2960,reflection,Method.invoke,"{""class"": ""java.util.Locale"", ""method"": ""readResolve""}"
2965,reflection,Method.invoke,"{""class"": ""java.util.Locale"", ""method"": ""readObject""}"
2970,reflection,Method.invoke,"{""class"": ""java.util.Locale"", ""method"": ""readResolve""}"
2975,reflection,Method.invoke,"{""class"": ""java.util.Locale"", ""method"": ""readObject""}"
2979,reflection,Method.invoke,"{""class"": ""java.util.Locale"", ""method"": ""readResolve""}"
2983,reflection,Method.invoke,"{""class"": ""java.util.Locale"", ""method"": ""readObject""}"
2987,reflection,Method.invoke,"{""class"": ""java.util.Locale"", ""method"": ""readResolve""}"
2992,reflection,Method.invoke,"{""class"": ""java.util.Locale"", ""method"": ""readObject""}"
2997,reflection,Method.invoke,"{""class"": ""java.util.Locale"", ""method"": ""readResolve""}"
3001,reflection,Method.invoke,"{""class"": ""java.util.Locale"", ""method"": ""readObject""}"
3005,reflection,Method.invoke,"{""class"": ""java.util.Locale"", ""method"": ""readResolve""}"
3010,reflection,Method.invoke,"{""class"": ""java.util.Locale"", ""method"": ""readObject""}"
3015,reflection,Method.invoke,"{""class"": ""java.util.Locale"", ""method"": ""readResolve""}"
3019,reflection,Method.invoke,"{""class"": ""java.util.Locale"", ""method"": ""readObject""}"
3023,reflection,Method.invoke,"{""class"": ""java.util.Locale"", ""method"": ""readResolve""}"
3028,reflection,Method.invoke,"{""class"": ""java.util.Locale"", ""method"": ""readObject""}"
3032,reflection,Method.invoke,"{""class"": ""java.util.Locale"", ""method"": ""readResolve""}"
3037,reflection,Method.invoke,"{""class"": ""java.util.Locale"", ""method"": ""readObject""}"
3041,reflection,Method.invoke,"{""class"": ""java.util.Locale"", ""method"": ""readResolve""}"
3046,reflection,Method.invoke,"{""class"": ""java.util.Locale"", ""method"": ""readObject""}"
3050,reflection,Method.invoke,"{""class"": ""java.util.Locale"", ""method"": ""readResolve""}"
3055,reflection,Method.invoke,"{""class"": ""java.util.Locale"", ""method"": ""readObject""}"
3059,reflection,Method.invoke,"{""class"": ""java.util.Locale"", ""method"": ""readResolve""}"
3064,reflection,Method.invoke,"{""class"": ""java.util.Locale"", ""method"": ""readObject""}"
3068,reflection,Method.invoke,"{""class"": ""java.util.Locale"", ""method"": ""readResolve""}"
3073,reflection,Method.invoke,"{""class"": ""java.util.Locale"", ""method"": ""readObject""}"
3077,reflection,Method.invoke,"{""class"": ""java.util.Locale"", ""method"": ""readResolve""}"
3083,reflection,Method.invoke,"{""class"": ""java.util.Locale"", ""method"": ""readObject""}"
3088,reflection,Method.invoke,"{""class"": ""java.util.Locale"", ""method"": ""readResolve""}"
3093,reflection,Method.invoke,"{""class"": ""java.util.Locale"", ""method"": ""readObject""}"
3097,reflection,Method.invoke,"{""class"": ""java.util.Locale"", ""method"": ""readResolve""}"
3101,reflection,Method.invoke,"{""class"": ""java.util.Locale"", ""method"": ""readObject""}"
3105,reflection,Method.invoke,"{""class"": ""java.util.Locale"", ""method"": ""readResolve""}"
3110,reflection,Method.invoke,"{""class"": ""java.util.Locale"", ""method"": ""readObject""}"
3114,reflection,Method.invoke,"{""class"": ""java.util.Locale"", ""method"": ""readResolve""}"
3119,reflection,Method.invoke,"{""class"": ""java.util.Locale"", ""method"": ""readObject""}"
3123,reflection,Method.invoke,"{""class"": ""java.util.Locale"", ""method"": ""readResolve""}"
3128,reflection,Method.invoke,"{""class"": ""java.util.Locale"", ""method"": ""readObject""}"
3132,reflection,Method.invoke,"{""class"": ""java.util.Locale"", ""method"": ""readResolve""}"
3136,reflection,Method.invoke,"{""class"": ""java.util.Locale"", ""method"": ""readObject""}"
3140,reflection,Method.invoke,"{""class"": ""java.util.Locale"", ""method"": ""readResolve""}"
3145,reflection,Method.invoke,"{""class"": ""java.util.Locale"", ""method"": ""readObject""}"
3150,reflection,Method.invoke,"{""class"": ""java.util.Locale"", ""method"": ""readResolve""}"
3154,reflection,Method.invoke,"{""class"": ""java.util.Locale"", ""method"": ""readObject""}"
3159,reflection,Method.invoke,"{""class"": ""java.util.Locale"", ""method"": ""readResolve""}"
3164,reflection,Method.invoke,"{""class"": ""java.util.Locale"", ""method"": ""readObject""}"
3168,reflection,Method.invoke,"{""class"": ""java.util.Locale"", ""method"": ""readResolve""}"
3173,reflection,Method.invoke,"{""class"": ""java.util.Locale"", ""method"": ""readObject""}"
3177,reflection,Method.invoke,"{""class"": ""java.util.Locale"", ""method"": ""readResolve""}"
3181,reflection,Method.invoke,"{""class"": ""java.util.Locale"", ""method"": ""readObject""}"
3186,reflection,Method.invoke,"{""class"": ""java.util.Locale"", ""method"": ""readResolve""}"
3190,reflection,Method.invoke,"{""class"": ""java.util.Locale"", ""method"": ""readObject""}"
3194,reflection,Method.invoke,"{""class"": ""java.util.Locale"", ""method"": ""readResolve""}"
3198,reflection,Method.invoke,"{""class"": ""java.util.Locale"", ""method"": ""readObject""}"
3202,reflection,Method.invoke,"{""class"": ""java.util.Locale"", ""method"": ""readResolve""}"
3207,reflection,Method.invoke,"{""class"": ""java.util.Locale"", ""method"": ""readObject""}"
3211,reflection,Method.invoke,"{""class"": ""java.util.Locale"", ""method"": ""readResolve""}"
3216,reflection,Method.invoke,"{""class"": ""java.util.Locale"", ""method"": ""readObject""}"
3220,reflection,Method.invoke,"{""class"": ""java.util.Locale"", ""method"": ""readResolve""}"
3229,reflection,Method.invoke,"{""class"": ""java.util.Locale"", ""method"": ""readObject""}"
3234,reflection,Method.invoke,"{""class"": ""java.util.Locale"", ""method"": ""readResolve""}"
3239,reflection,Method.invoke,"{""class"": ""java.util.Locale"", ""method"": ""readObject""}"
3243,reflection,Method.invoke,"{""class"": ""java.util.Locale"", ""method"": ""readResolve""}"
3253,reflection,Method.invoke,"{""class"": ""java.util.Locale"", ""method"": ""readObject""}"
3258,reflection,Method.invoke,"{""class"": ""java.util.Locale"", ""method"": ""readResolve""}"
3263,reflection,Method.invoke,"{""class"": ""java.util.Locale"", ""method"": ""readObject""}"
3267,reflection,Method.invoke,"{""class"": ""java.util.Locale"", ""method"": ""readResolve""}"
3271,reflection,Method.invoke,"{""class"": ""java.util.Locale"", ""method"": ""readObject""}"
3275,reflection,Method.invoke,"{""class"": ""java.util.Locale"", ""method"": ""readResolve""}"
3280,reflection,Method.invoke,"{""class"": ""java.util.Locale"", ""method"": ""readObject""}"
3284,reflection,Method.invoke,"{""class"": ""java.util.Locale"", ""method"": ""readResolve""}"
3289,reflection,Method.invoke,"{""class"": ""java.util.Locale"", ""method"": ""readObject""}"
3293,reflection,Method.invoke,"{""class"": ""java.util.Locale"", ""method"": ""readResolve""}"
3298,reflection,Method.invoke,"{""class"": ""java.util.Locale"", ""method"": ""readObject""}"
3302,reflection,Method.invoke,"{""class"": ""java.util.Locale"", ""method"": ""readResolve""}"
3306,reflection,Method.invoke,"{""class"": ""java.util.Locale"", ""method"": ""readObject""}"
3310,reflection,Method.invoke,"{""class"": ""java.util.Locale"", ""method"": ""readResolve""}"
3315,reflection,Method.invoke,"{""class"": ""java.util.Locale"", ""method"": ""readObject""}"
3319,reflection,Method.invoke,"{""class"": ""java.util.Locale"", ""method"": ""readResolve""}"
3324,reflection,Method.invoke,"{""class"": ""java.util.Locale"", ""method"": ""readObject""}"
3328,reflection,Method.invoke,"{""class"": ""java.util.Locale"", ""method"": ""readResolve""}"
3332,reflection,Method.invoke,"{""class"": ""java.util.Locale"", ""method"": ""readObject""}"
3336,reflection,Method.invoke,"{""class"": ""java.util.Locale"", ""method"": ""readResolve""}"
3341,reflection,Method.invoke,"{""class"": ""java.util.Locale"", ""method"": ""readObject""}"
3345,reflection,Method.invoke,"{""class"": ""java.util.Locale"", ""method"": ""readResolve""}"
3350,reflection,Method.invoke,"{""class"": ""java.util.Locale"", ""method"": ""readObject""}"
3355,reflection,Method.invoke,"{""class"": ""java.util.Locale"", ""method"": ""readResolve""}"
3360,reflection,Method.invoke,"{""class"": ""java.util.Locale"", ""method"": ""readObject""}"
3364,reflection,Method.invoke,"{""class"": ""java.util.Locale"", ""method"": ""readResolve""}"
3369,reflection,Method.invoke,"{""class"": ""java.util.Locale"", ""method"": ""readObject""}"
3373,reflection,Method.invoke,"{""class"": ""java.util.Locale"", ""method"": ""readResolve""}"
3377,reflection,Method.invoke,"{""class"": ""java.util.Locale"", ""method"": ""readObject""}"
3381,reflection,Method.invoke,"{""class"": ""java.util.Locale"", ""method"": ""readResolve""}"
3386,reflection,Method.invoke,"{""class"": ""java.util.Locale"", ""method"": ""readObject""}"
3390,reflection,Method.invoke,"{""class"": ""java.util.Locale"", ""method"": ""readResolve""}"
3395,reflection,Method.invoke,"{""class"": ""java.util.Locale"", ""method"": ""readObject""}"
3399,reflection,Method.invoke,"{""class"": ""java.util.Locale"", ""method"": ""readResolve""}"
3404,reflection,Method.invoke,"{""class"": ""java.util.Locale"", ""method"": ""readObject""}"
3408,reflection,Method.invoke,"{""class"": ""java.util.Locale"", ""method"": ""readResolve""}"
3412,reflection,Method.invoke,"{""class"": ""java.util.Locale"", ""method"": ""readObject""}"
3417,reflection,Method.invoke,"{""class"": ""java.util.Locale"", ""method"": ""readResolve""}"
3421,reflection,Method.invoke,"{""class"": ""java.util.Locale"", ""method"": ""readObject""}"
3425,reflection,Method.invoke,"{""class"": ""java.util.Locale"", ""method"": ""readResolve""}"
3430,reflection,Method.invoke,"{""class"": ""java.util.Locale"", ""method"": ""readObject""}"
3435,reflection,Method.invoke,"{""class"": ""java.util.Locale"", ""method"": ""readResolve""}"
3439,reflection,Method.invoke,"{""class"": ""java.util.Locale"", ""method"": ""readObject""}"
3444,reflection,Method.invoke,"{""class"": ""java.util.Locale"", ""method"": ""readResolve""}"
3448,reflection,Method.invoke,"{""class"": ""java.util.Locale"", ""method"": ""readObject""}"
3453,reflection,Method.invoke,"{""class"": ""java.util.Locale"", ""method"": ""readResolve""}"
3457,reflection,Method.invoke,"{""class"": ""java.util.Locale"", ""method"": ""readObject""}"
3462,reflection,Method.invoke,"{""class"": ""java.util.Locale"", ""method"": ""readResolve""}"
3466,reflection,Method.invoke,"{""class"": ""java.util.Locale"", ""method"": ""readObject""}"
3471,reflection,Method.invoke,"{""class"": ""java.util.Locale"", ""method"": ""readResolve""}"
3476,reflection,Method.invoke,"{""class"": ""java.util.Locale"", ""method"": ""readObject""}"
3480,reflection,Method.invoke,"{""class"": ""java.util.Locale"", ""method"": ""readResolve""}"
3485,reflection,Method.invoke,"{""class"": ""java.util.Locale"", ""method"": ""readObject""}"
3489,reflection,Method.invoke,"{""class"": ""java.util.Locale"", ""method"": ""readResolve""}"
3494,reflection,Method.invoke,"{""class"": ""java.util.Locale"", ""method"": ""readObject""}"
3498,reflection,Method.invoke,"{""class"": ""java.util.Locale"", ""method"": ""readResolve""}"
3503,reflection,Method.invoke,"{""class"": ""java.util.Locale"", ""method"": ""readObject""}"
3507,reflection,Method.invoke,"{""class"": ""java.util.Locale"", ""method"": ""readResolve""}"
3511,reflection,Method.invoke,"{""class"": ""java.util.Locale"", ""method"": ""readObject""}"
3515,reflection,Method.invoke,"{""class"": ""java.util.Locale"", ""method"": ""readResolve""}"
3520,reflection,Method.invoke,"{""class"": ""java.util.Locale"", ""method"": ""readObject""}"
3524,reflection,Method.invoke,"{""class"": ""java.util.Locale"", ""method"": ""readResolve""}"
3528,reflection,Method.invoke,"{""class"": ""java.util.Locale"", ""method"": ""readObject""}"
3533,reflection,Method.invoke,"{""class"": ""java.util.Locale"", ""method"": ""readResolve""}"
3537,reflection,Method.invoke,"{""class"": ""java.util.Locale"", ""method"": ""readObject""}"
3541,reflection,Method.invoke,"{""class"": ""java.util.Locale"", ""method"": ""readResolve""}"
3546,reflection,Method.invoke,"{""class"": ""java.util.Locale"", ""method"": ""readObject""}"
3550,reflection,Method.invoke,"{""class"": ""java.util.Locale"", ""method"": ""readResolve""}"
3554,reflection,Method.invoke,"{""class"": ""java.util.Locale"", ""method"": ""readObject""}"
3559,reflection,Method.invoke,"{""class"": ""java.util.Locale"", ""method"": ""readResolve""}"
3564,reflection,Method.invoke,"{""class"": ""java.util.Locale"", ""method"": ""readObject""}"
3568,reflection,Method.invoke,"{""class"": ""java.util.Locale"", ""method"": ""readResolve""}"
3572,reflection,Method.invoke,"{""class"": ""java.util.Locale"", ""method"": ""readObject""}"
3576,reflection,Method.invoke,"{""class"": ""java.util.Locale"", ""method"": ""readResolve""}"
3581,reflection,Method.invoke,"{""class"": ""java.util.Locale"", ""method"": ""readObject""}"
3585,reflection,Method.invoke,"{""class"": ""java.util.Locale"", ""method"": ""readResolve""}"
3589,reflection,Method.invoke,"{""class"": ""java.util.Locale"", ""method"": ""readObject""}"
3593,reflection,Method.invoke,"{""class"": ""java.util.Locale"", ""method"": ""readResolve""}"
3598,reflection,Method.invoke,"{""class"": ""java.util.Locale"", ""method"": ""readObject""}"
3602,reflection,Method.invoke,"{""class"": ""java.util.Locale"", ""method"": ""readResolve""}"
3607,reflection,Method.invoke,"{""class"": ""java.util.Locale"", ""method"": ""readObject""}"
3611,reflection,Method.invoke,"{""class"": ""java.util.Locale"", ""method"": ""readResolve""}"
3615,reflection,Method.invoke,"{""class"": ""java.util.Locale"", ""method"": ""readObject""}"
3621,reflection,Method.invoke,"{""class"": ""java.util.Locale"", ""method"": ""readResolve""}"
3625,reflection,Method.invoke,"{""class"": ""java.util.Locale"", ""method"": ""readObject""}"
3629,reflection,Method.invoke,"{""class"": ""java.util.Locale"", ""method"": ""readResolve""}"
3633,reflection,Method.invoke,"{""class"": ""java.util.Locale"", ""method"": ""readObject""}"
3637,reflection,Method.invoke,"{""class"": ""java.util.Locale"", ""method"": ""readResolve""}"
3642,reflection,Method.invoke,"{""class"": ""java.util.Locale"", ""method"": ""readObject""}"
3646,reflection,Method.invoke,"{""class"": ""java.util.Locale"", ""method"": ""readResolve""}"
3651,reflection,Method.invoke,"{""class"": ""java.util.Locale"", ""method"": ""readObject""}"
3660,reflection,Method.invoke,"{""class"": ""java.util.Locale"", ""method"": ""readResolve""}"
3671,reflection,Method.invoke,"{""class"": ""java.util.Locale"", ""method"": ""readObject""}"
3675,reflection,Method.invoke,"{""class"": ""java.util.Locale"", ""method"": ""readResolve""}"
3679,reflection,Method.invoke,"{""class"": ""java.util.Locale"", ""method"": ""readObject""}"
3684,reflection,Method.invoke,"{""class"": ""java.util.Locale"", ""method"": ""readResolve""}"
3689,reflection,Method.invoke,"{""class"": ""java.util.Locale"", ""method"": ""readObject""}"
3693,reflection,Method.invoke,"{""class"": ""java.util.Locale"", ""method"": ""readResolve""}"
3698,reflection,Method.invoke,"{""class"": ""java.util.Locale"", ""method"": ""readObject""}"
3702,reflection,Method.invoke,"{""class"": ""java.util.Locale"", ""method"": ""readResolve""}"
3707,reflection,Method.invoke,"{""class"": ""java.util.Locale"", ""method"": ""readObject""}"
3711,reflection,Method.invoke,"{""class"": ""java.util.Locale"", ""method"": ""readResolve""}"
3716,reflection,Method.invoke,"{""class"": ""java.util.Locale"", ""method"": ""readObject""}"
3720,reflection,Method.invoke,"{""class"": ""java.util.Locale"", ""method"": ""readResolve""}"
3724,reflection,Method.invoke,"{""class"": ""java.util.Locale"", ""method"": ""readObject""}"
3729,reflection,Method.invoke,"{""class"": ""java.util.Locale"", ""method"": ""readResolve""}"
3733,reflection,Method.invoke,"{""class"": ""java.util.Locale"", ""method"": ""readObject""}"
3738,reflection,Method.invoke,"{""class"": ""java.util.Locale"", ""method"": ""readResolve""}"
3742,reflection,Method.invoke,"{""class"": ""java.util.Locale"", ""method"": ""readObject""}"
3747,reflection,Method.invoke,"{""class"": ""java.util.Locale"", ""method"": ""readResolve""}"
3751,reflection,Method.invoke,"{""class"": ""java.util.Locale"", ""method"": ""readObject""}"
3756,reflection,Method.invoke,"{""class"": ""java.util.Locale"", ""method"": ""readResolve""}"
3761,reflection,Method.invoke,"{""class"": ""java.util.Locale"", ""method"": ""readObject""}"
3765,reflection,Method.invoke,"{""class"": ""java.util.Locale"", ""method"": ""readResolve""}"
3769,reflection,Method.invoke,"{""class"": ""java.util.Locale"", ""method"": ""readObject""}"
3774,reflection,Method.invoke,"{""class"": ""java.util.Locale"", ""method"": ""readResolve""}"
3778,reflection,Method.invoke,"{""class"": ""java.util.Locale"", ""method"": ""readObject""}"
3783,reflection,Method.invoke,"{""class"": ""java.util.Locale"", ""method"": ""readResolve""}"
3787,reflection,Method.invoke,"{""class"": ""java.util.Locale"", ""method"": ""readObject""}"
3791,reflection,Method.invoke,"{""class"": ""java.util.Locale"", ""method"": ""readResolve""}"
3796,reflection,Method.invoke,"{""class"": ""java.util.Locale"", ""method"": ""readObject""}"
3800,reflection,Method.invoke,"{""class"": ""java.util.Locale"", ""method"": ""readResolve""}"
3804,reflection,Method.invoke,"{""class"": ""java.util.Locale"", ""method"": ""readObject""}"
3809,reflection,Method.invoke,"{""class"": ""java.util.Locale"", ""method"": ""readResolve""}"
3813,reflection,Method.invoke,"{""class"": ""java.util.Locale"", ""method"": ""readObject""}"
3818,reflection,Method.invoke,"{""class"": ""java.util.Locale"", ""method"": ""readResolve""}"
8132,ipc_intents,Context.bindService,"{""action"": ""android.speech.RecognitionService"", ""flags"": 1, ""target"": ""com.google.android.googlequicksearchbox/com.google.android.voicesearch.serviceapi.GoogleRecognitionService""}"
17651,reflection,Method.invoke,"{""class"": ""android.view.View"", ""method"": ""getElevation""}"
17666,reflection,Method.invoke,"{""class"": ""org.fossasia.susi.ai.chat.ChatActivity"", ""method"": ""openSettings""}"
17729,reflection,Method.invoke,"{""class"": ""android.view.View"", ""method"": ""getElevation""}"
17736,reflection,Method.invoke,"{""class"": ""android.view.ViewGroup"", ""method"": ""makeOptionalFitsSystemWindows""}"
17754,storage,SharedPreferences.getString,"{""key"": ""prefLanguage""}"
17761,storage,SharedPreferences.getString,"{""key"": ""preferences_running_base_url""}"
17781,network,okhttp3.RealCall.enqueue,"{""method"": ""GET"", ""url"": ""https://api.susi.ai/cms/getSkillMetricsData.json?model=general&language=en""}"
17788,reflection,Method.invoke,"{""class"": ""dalvik.system.CloseGuard"", ""method"": ""get""}"
17801,reflection,Method.invoke,"{""class"": ""dalvik.system.CloseGuard"", ""method"": ""open""}"
17943,network,Socket.connect,"{""endpoint"": ""api.susi.ai/167.235.1.187:443""}"
17996,reflection,Method.invoke,"{""class"": ""com.android.org.conscrypt.ConscryptFileDescriptorSocket"", ""method"": ""setUseSessionTickets""}"
18003,reflection,Method.invoke,"{""class"": ""com.android.org.conscrypt.ConscryptFileDescriptorSocket"", ""method"": ""setHostname""}"
18011,reflection,Method.invoke,"{""class"": ""com.android.org.conscrypt.OpenSSLSocketImpl"", ""method"": ""setAlpnProtocols""}"
18082,crypto,MessageDigest.getInstance,"{""algorithm"": ""SHA-256""}"
18095,crypto,MessageDigest.digest,{}
18100,crypto,MessageDigest.getInstance,"{""algorithm"": ""SHA-256""}"
18105,crypto,MessageDigest.digest,{}
18116,crypto,MessageDigest.getInstance,"{""algorithm"": ""SHA-256""}"
18122,crypto,MessageDigest.digest,{}
18137,crypto,MessageDigest.getInstance,"{""algorithm"": ""SHA-256""}"
18142,crypto,MessageDigest.digest,{}
18149,crypto,MessageDigest.getInstance,"{""algorithm"": ""SHA-256""}"
18153,crypto,MessageDigest.digest,{}
18166,crypto,MessageDigest.getInstance,"{""algorithm"": ""SHA-256""}"
18172,crypto,MessageDigest.digest,{}
18188,crypto,MessageDigest.getInstance,"{""algorithm"": ""SHA-256""}"
18201,crypto,MessageDigest.digest,{}
18212,crypto,MessageDigest.getInstance,"{""algorithm"": ""SHA-256""}"
18219,crypto,MessageDigest.digest,{}
18232,crypto,MessageDigest.getInstance,"{""algorithm"": ""MD5""}"
18236,crypto,MessageDigest.digest,{}
18248,crypto,MessageDigest.getInstance,"{""algorithm"": ""SHA1""}"
18266,crypto,MessageDigest.digest,{}
18271,crypto,MessageDigest.getInstance,"{""algorithm"": ""MD5""}"
18282,crypto,MessageDigest.digest,{}
18299,crypto,MessageDigest.getInstance,"{""algorithm"": ""SHA1""}"
18303,crypto,MessageDigest.digest,{}
18313,crypto,MessageDigest.getInstance,"{""algorithm"": ""MD5""}"
18327,crypto,MessageDigest.digest,{}
18335,crypto,MessageDigest.getInstance,"{""algorithm"": ""SHA1""}"
18339,crypto,MessageDigest.digest,{}
18362,crypto,MessageDigest.getInstance,"{""algorithm"": ""MD5""}"
18367,crypto,MessageDigest.digest,{}
18377,crypto,MessageDigest.getInstance,"{""algorithm"": ""SHA1""}"
18388,crypto,MessageDigest.digest,{}
18397,crypto,MessageDigest.getInstance,"{""algorithm"": ""MD5""}"
18406,crypto,MessageDigest.digest,{}
18432,crypto,MessageDigest.getInstance,"{""algorithm"": ""SHA1""}"
18439,crypto,MessageDigest.digest,{}
18446,crypto,MessageDigest.getInstance,"{""algorithm"": ""SHA1""}"
18455,crypto,MessageDigest.digest,{}
18464,crypto,MessageDigest.getInstance,"{""algorithm"": ""SHA1""}"
18469,crypto,MessageDigest.digest,{}
18479,crypto,MessageDigest.getInstance,"{""algorithm"": ""SHA1""}"
18488,crypto,MessageDigest.digest,{}
18497,crypto,MessageDigest.getInstance,"{""algorithm"": ""SHA1""}"
18502,crypto,MessageDigest.digest,{}
18520,crypto,MessageDigest.getInstance,"{""algorithm"": ""SHA1""}"
18530,crypto,MessageDigest.digest,{}
18547,crypto,MessageDigest.getInstance,"{""algorithm"": ""SHA-256""}"
18552,crypto,MessageDigest.digest,{}
21429,reflection,Method.invoke,"{""class"": ""android.widget.PopupWindow"", ""method"": ""getMaxAvailableHeight""}"
21445,reflection,Method.invoke,"{""class"": ""android.widget.PopupWindow"", ""method"": ""setClipToScreenEnabled""}"
21445,reflection,Method.invoke,"{""class"": ""android.widget.PopupWindow"", ""method"": ""setEpicenterBounds""}"
21475,reflection,Method.invoke,"{""class"": ""android.widget.PopupWindow"", ""method"": ""getMaxAvailableHeight""}"
21498,reflection,Method.invoke,"{""class"": ""android.view.View"", ""method"": ""getTransitionAlpha""}"
24575,reflection,Method.invoke,"{""class"": ""android.view.View"", ""method"": ""getTransitionAlpha""}"
27361,reflection,Method.invoke,"{""class"": ""android.widget.PopupWindow"", ""method"": ""getMaxAvailableHeight""}"
27363,reflection,Method.invoke,"{""class"": ""android.widget.PopupWindow"", ""method"": ""setClipToScreenEnabled""}"
27363,reflection,Method.invoke,"{""class"": ""android.widget.PopupWindow"", ""method"": ""setEpicenterBounds""}"
27377,reflection,Method.invoke,"{""class"": ""android.widget.PopupWindow"", ""method"": ""getMaxAvailableHeight""}"
27396,reflection,Method.invoke,"{""class"": ""android.view.View"", ""method"": ""getTransitionAlpha""}"
30391,reflection,Method.invoke,"{""class"": ""android.view.View"", ""method"": ""getTransitionAlpha""}"
33189,reflection,Method.invoke,"{""class"": ""android.widget.PopupWindow"", ""method"": ""getMaxAvailableHeight""}"
33202,reflection,Method.invoke,"{""class"": ""android.widget.PopupWindow"", ""method"": ""setClipToScreenEnabled""}"
33213,reflection,Method.invoke,"{""class"": ""android.widget.PopupWindow"", ""method"": ""setEpicenterBounds""}"
33236,reflection,Method.invoke,"{""class"": ""android.widget.PopupWindow"", ""method"": ""getMaxAvailableHeight""}"
33283,reflection,Method.invoke,"{""class"": ""android.view.View"", ""method"": ""getTransitionAlpha""}"
36348,reflection,Method.invoke,"{""class"": ""android.view.View"", ""method"": ""getTransitionAlpha""}"
39288,reflection,Method.invoke,"{""class"": ""android.view.ViewGroup"", ""method"": ""makeOptionalFitsSystemWindows""}"
39320,storage,SharedPreferences.apply,{}
39325,audio,MediaRecorder.setAudioSource,"{""audioSource"": 1}"
39354,network,okhttp3.RealCall.enqueue,"{""method"": ""GET"", ""url"": ""http://ipinfo.io/json""}"
39367,reflection,Method.invoke,"{""class"": ""dalvik.system.CloseGuard"", ""method"": ""get""}"
39382,reflection,Method.invoke,"{""class"": ""dalvik.system.CloseGuard"", ""method"": ""open""}"
39391,location,LocationManager.requestLocationUpdates,"{""minDistance"": 10, ""minTime"": ""300000"", ""provider"": ""network""}"
39414,reflection,Method.invoke,"{""class"": ""android.security.NetworkSecurityPolicy"", ""method"": ""getInstance""}"
39423,location,LocationManager.requestLocationUpdates,"{""minDistance"": 10, ""minTime"": ""300000"", ""provider"": ""gps""}"
39436,reflection,Method.invoke,"{""class"": ""android.security.NetworkSecurityPolicy"", ""method"": ""isCleartextTrafficPermitted""}"
39473,reflection,Method.invoke,"{""class"": ""android.view.View"", ""method"": ""getElevation""}"
39486,reflection,Method.invoke,"{""class"": ""android.view.View"", ""method"": ""getElevation""}"
39502,reflection,Method.invoke,"{""class"": ""android.view.View"", ""method"": ""getElevation""}"
39521,reflection,Method.invoke,"{""class"": ""android.view.View"", ""method"": ""getElevation""}"
39556,ipc_intents,Context.bindService,"{""action"": ""android.intent.action.TTS_SERVICE"", ""flags"": 1, ""target"": ""android.intent.action.TTS_SERVICE""}"
39603,reflection,Method.invoke,"{""class"": ""java.util.Locale"", ""method"": ""readObject""}"
39616,reflection,Method.invoke,"{""class"": ""java.util.Locale"", ""method"": ""readResolve""}"
39631,reflection,Method.invoke,"{""class"": ""java.util.Locale"", ""method"": ""readObject""}"
39638,reflection,Method.invoke,"{""class"": ""java.util.Locale"", ""method"": ""readResolve""}"
39653,reflection,Method.invoke,"{""class"": ""java.util.Locale"", ""method"": ""readObject""}"
39667,reflection,Method.invoke,"{""class"": ""java.util.Locale"", ""method"": ""readResolve""}"
39680,reflection,Method.invoke,"{""class"": ""java.util.Locale"", ""method"": ""readObject""}"
39688,reflection,Method.invoke,"{""class"": ""java.util.Locale"", ""method"": ""readResolve""}"
39700,reflection,Method.invoke,"{""class"": ""java.util.Locale"", ""method"": ""readObject""}"
39714,reflection,Method.invoke,"{""class"": ""java.util.Locale"", ""method"": ""readResolve""}"
39720,reflection,Method.invoke,"{""class"": ""java.util.Locale"", ""method"": ""readObject""}"
39730,reflection,Method.invoke,"{""class"": ""java.util.Locale"", ""method"": ""readResolve""}"
39737,reflection,Method.invoke,"{""class"": ""java.util.Locale"", ""method"": ""readObject""}"
39748,reflection,Method.invoke,"{""class"": ""java.util.Locale"", ""method"": ""readResolve""}"
39757,reflection,Method.invoke,"{""class"": ""java.util.Locale"", ""method"": ""readObject""}"
39770,reflection,Method.invoke,"{""class"": ""java.util.Locale"", ""method"": ""readResolve""}"
39777,reflection,Method.invoke,"{""class"": ""java.util.Locale"", ""method"": ""readObject""}"
39783,reflection,Method.invoke,"{""class"": ""java.util.Locale"", ""method"": ""readResolve""}"
39792,reflection,Method.invoke,"{""class"": ""java.util.Locale"", ""method"": ""readObject""}"
39801,reflection,Method.invoke,"{""class"": ""java.util.Locale"", ""method"": ""readResolve""}"
39808,reflection,Method.invoke,"{""class"": ""java.util.Locale"", ""method"": ""readObject""}"
39815,reflection,Method.invoke,"{""class"": ""java.util.Locale"", ""method"": ""readResolve""}"
39823,reflection,Method.invoke,"{""class"": ""java.util.Locale"", ""method"": ""readObject""}"
39830,reflection,Method.invoke,"{""class"": ""java.util.Locale"", ""method"": ""readResolve""}"
39839,reflection,Method.invoke,"{""class"": ""java.util.Locale"", ""method"": ""readObject""}"
39846,reflection,Method.invoke,"{""class"": ""java.util.Locale"", ""method"": ""readResolve""}"
39854,reflection,Method.invoke,"{""class"": ""java.util.Locale"", ""method"": ""readObject""}"
39867,reflection,Method.invoke,"{""class"": ""java.util.Locale"", ""method"": ""readResolve""}"
39875,reflection,Method.invoke,"{""class"": ""java.util.Locale"", ""method"": ""readObject""}"
39883,reflection,Method.invoke,"{""class"": ""java.util.Locale"", ""method"": ""readResolve""}"
39891,reflection,Method.invoke,"{""class"": ""java.util.Locale"", ""method"": ""readObject""}"
39899,reflection,Method.invoke,"{""class"": ""java.util.Locale"", ""method"": ""readResolve""}"
39906,reflection,Method.invoke,"{""class"": ""java.util.Locale"", ""method"": ""readObject""}"
39912,reflection,Method.invoke,"{""class"": ""java.util.Locale"", ""method"": ""readResolve""}"
39920,reflection,Method.invoke,"{""class"": ""java.util.Locale"", ""method"": ""readObject""}"
39927,reflection,Method.invoke,"{""class"": ""java.util.Locale"", ""method"": ""readResolve""}"
39933,reflection,Method.invoke,"{""class"": ""java.util.Locale"", ""method"": ""readObject""}"
39942,reflection,Method.invoke,"{""class"": ""java.util.Locale"", ""method"": ""readResolve""}"
39948,reflection,Method.invoke,"{""class"": ""java.util.Locale"", ""method"": ""readObject""}"
39956,reflection,Method.invoke,"{""class"": ""java.util.Locale"", ""method"": ""readResolve""}"
39964,reflection,Method.invoke,"{""class"": ""java.util.Locale"", ""method"": ""readObject""}"
39978,reflection,Method.invoke,"{""class"": ""java.util.Locale"", ""method"": ""readResolve""}"
39984,reflection,Method.invoke,"{""class"": ""java.util.Locale"", ""method"": ""readObject""}"
39991,reflection,Method.invoke,"{""class"": ""java.util.Locale"", ""method"": ""readResolve""}"
39999,reflection,Method.invoke,"{""class"": ""java.util.Locale"", ""method"": ""readObject""}"
40005,reflection,Method.invoke,"{""class"": ""java.util.Locale"", ""method"": ""readResolve""}"
40015,reflection,Method.invoke,"{""class"": ""java.util.Locale"", ""method"": ""readObject""}"
40021,reflection,Method.invoke,"{""class"": ""java.util.Locale"", ""method"": ""readResolve""}"
40028,reflection,Method.invoke,"{""class"": ""java.util.Locale"", ""method"": ""readObject""}"
40036,reflection,Method.invoke,"{""class"": ""java.util.Locale"", ""method"": ""readResolve""}"
40046,reflection,Method.invoke,"{""class"": ""java.util.Locale"", ""method"": ""readObject""}"
40052,reflection,Method.invoke,"{""class"": ""java.util.Locale"", ""method"": ""readResolve""}"
40059,reflection,Method.invoke,"{""class"": ""java.util.Locale"", ""method"": ""readObject""}"
40065,reflection,Method.invoke,"{""class"": ""java.util.Locale"", ""method"": ""readResolve""}"
40073,reflection,Method.invoke,"{""class"": ""java.util.Locale"", ""method"": ""readObject""}"
40080,reflection,Method.invoke,"{""class"": ""java.util.Locale"", ""method"": ""readResolve""}"
40088,reflection,Method.invoke,"{""class"": ""java.util.Locale"", ""method"": ""readObject""}"
40096,reflection,Method.invoke,"{""class"": ""java.util.Locale"", ""method"": ""readResolve""}"
40102,reflection,Method.invoke,"{""class"": ""java.util.Locale"", ""method"": ""readObject""}"
40111,reflection,Method.invoke,"{""class"": ""java.util.Locale"", ""method"": ""readResolve""}"
40116,reflection,Method.invoke,"{""class"": ""java.util.Locale"", ""method"": ""readObject""}"
40124,reflection,Method.invoke,"{""class"": ""java.util.Locale"", ""method"": ""readResolve""}"
40132,reflection,Method.invoke,"{""class"": ""java.util.Locale"", ""method"": ""readObject""}"
40138,reflection,Method.invoke,"{""class"": ""java.util.Locale"", ""method"": ""readResolve""}"
40146,reflection,Method.invoke,"{""class"": ""java.util.Locale"", ""method"": ""readObject""}"
40153,reflection,Method.invoke,"{""class"": ""java.util.Locale"", ""method"": ""readResolve""}"
40162,reflection,Method.invoke,"{""class"": ""java.util.Locale"", ""method"": ""readObject""}"
40169,reflection,Method.invoke,"{""class"": ""java.util.Locale"", ""method"": ""readResolve""}"
40177,reflection,Method.invoke,"{""class"": ""java.util.Locale"", ""method"": ""readObject""}"
40184,reflection,Method.invoke,"{""class"": ""java.util.Locale"", ""method"": ""readResolve""}"
40193,reflection,Method.invoke,"{""class"": ""java.util.Locale"", ""method"": ""readObject""}"
40201,reflection,Method.invoke,"{""class"": ""java.util.Locale"", ""method"": ""readResolve""}"
40208,reflection,Method.invoke,"{""class"": ""java.util.Locale"", ""method"": ""readObject""}"
40222,reflection,Method.invoke,"{""class"": ""java.util.Locale"", ""method"": ""readResolve""}"
40232,reflection,Method.invoke,"{""class"": ""java.util.Locale"", ""method"": ""readObject""}"
40241,reflection,Method.invoke,"{""class"": ""java.util.Locale"", ""method"": ""readResolve""}"
40249,reflection,Method.invoke,"{""class"": ""java.util.Locale"", ""method"": ""readObject""}"
40254,reflection,Method.invoke,"{""class"": ""java.util.Locale"", ""method"": ""readResolve""}"
40263,reflection,Method.invoke,"{""class"": ""java.util.Locale"", ""method"": ""readObject""}"
40271,reflection,Method.invoke,"{""class"": ""java.util.Locale"", ""method"": ""readResolve""}"
40278,reflection,Method.invoke,"{""class"": ""java.util.Locale"", ""method"": ""readObject""}"
40285,reflection,Method.invoke,"{""class"": ""java.util.Locale"", ""method"": ""readResolve""}"
40292,reflection,Method.invoke,"{""class"": ""java.util.Locale"", ""method"": ""readObject""}"
40299,reflection,Method.invoke,"{""class"": ""java.util.Locale"", ""method"": ""readResolve""}"
40307,reflection,Method.invoke,"{""class"": ""java.util.Locale"", ""method"": ""readObject""}"
40314,reflection,Method.invoke,"{""class"": ""java.util.Locale"", ""method"": ""readResolve""}"
40323,reflection,Method.invoke,"{""class"": ""java.util.Locale"", ""method"": ""readObject""}"
40330,reflection,Method.invoke,"{""class"": ""java.util.Locale"", ""method"": ""readResolve""}"
40339,reflection,Method.invoke,"{""class"": ""java.util.Locale"", ""method"": ""readObject""}"
40346,reflection,Method.invoke,"{""class"": ""java.util.Locale"", ""method"": ""readResolve""}"
40354,reflection,Method.invoke,"{""class"": ""java.util.Locale"", ""method"": ""readObject""}"
40361,reflection,Method.invoke,"{""class"": ""java.util.Locale"", ""method"": ""readResolve""}"
40368,reflection,Method.invoke,"{""class"": ""java.util.Locale"", ""method"": ""readObject""}"
40375,reflection,Method.invoke,"{""class"": ""java.util.Locale"", ""method"": ""readResolve""}"
40384,reflection,Method.invoke,"{""class"": ""java.util.Locale"", ""method"": ""readObject""}"
40391,reflection,Method.invoke,"{""class"": ""java.util.Locale"", ""method"": ""readResolve""}"
40398,reflection,Method.invoke,"{""class"": ""java.util.Locale"", ""method"": ""readObject""}"
40406,reflection,Method.invoke,"{""class"": ""java.util.Locale"", ""method"": ""readResolve""}"
40414,reflection,Method.invoke,"{""class"": ""java.util.Locale"", ""method"": ""readObject""}"
40421,reflection,Method.invoke,"{""class"": ""java.util.Locale"", ""method"": ""readResolve""}"
40429,reflection,Method.invoke,"{""class"": ""java.util.Locale"", ""method"": ""readObject""}"
40436,reflection,Method.invoke,"{""class"": ""java.util.Locale"", ""method"": ""readResolve""}"
40443,reflection,Method.invoke,"{""class"": ""java.util.Locale"", ""method"": ""readObject""}"
40450,reflection,Method.invoke,"{""class"": ""java.util.Locale"", ""method"": ""readResolve""}"
40460,reflection,Method.invoke,"{""class"": ""java.util.Locale"", ""method"": ""readObject""}"
40466,reflection,Method.invoke,"{""class"": ""java.util.Locale"", ""method"": ""readResolve""}"
40474,reflection,Method.invoke,"{""class"": ""java.util.Locale"", ""method"": ""readObject""}"
40483,reflection,Method.invoke,"{""class"": ""java.util.Locale"", ""method"": ""readResolve""}"
40489,reflection,Method.invoke,"{""class"": ""java.util.Locale"", ""method"": ""readObject""}"
40496,reflection,Method.invoke,"{""class"": ""java.util.Locale"", ""method"": ""readResolve""}"
40504,reflection,Method.invoke,"{""class"": ""java.util.Locale"", ""method"": ""readObject""}"
40510,reflection,Method.invoke,"{""class"": ""java.util.Locale"", ""method"": ""readResolve""}"
40519,reflection,Method.invoke,"{""class"": ""java.util.Locale"", ""method"": ""readObject""}"
40526,reflection,Method.invoke,"{""class"": ""java.util.Locale"", ""method"": ""readResolve""}"
40535,reflection,Method.invoke,"{""class"": ""java.util.Locale"", ""method"": ""readObject""}"
40542,reflection,Method.invoke,"{""class"": ""java.util.Locale"", ""method"": ""readResolve""}"
40551,reflection,Method.invoke,"{""class"": ""java.util.Locale"", ""method"": ""readObject""}"
40559,reflection,Method.invoke,"{""class"": ""java.util.Locale"", ""method"": ""readResolve""}"
40566,reflection,Method.invoke,"{""class"": ""java.util.Locale"", ""method"": ""readObject""}"
40573,reflection,Method.invoke,"{""class"": ""java.util.Locale"", ""method"": ""readResolve""}"
40582,reflection,Method.invoke,"{""class"": ""java.util.Locale"", ""method"": ""readObject""}"
40589,reflection,Method.invoke,"{""class"": ""java.util.Locale"", ""method"": ""readResolve""}"
40596,reflection,Method.invoke,"{""class"": ""java.util.Locale"", ""method"": ""readObject""}"
40602,reflection,Method.invoke,"{""class"": ""java.util.Locale"", ""method"": ""readResolve""}"
40610,reflection,Method.invoke,"{""class"": ""java.util.Locale"", ""method"": ""readObject""}"
40617,reflection,Method.invoke,"{""class"": ""java.util.Locale"", ""method"": ""readResolve""}"
40626,reflection,Method.invoke,"{""class"": ""java.util.Locale"", ""method"": ""readObject""}"
40633,reflection,Method.invoke,"{""class"": ""java.util.Locale"", ""method"": ""readResolve""}"
40639,reflection,Method.invoke,"{""class"": ""java.util.Locale"", ""method"": ""readObject""}"
40647,reflection,Method.invoke,"{""class"": ""java.util.Locale"", ""method"": ""readResolve""}"
40653,reflection,Method.invoke,"{""class"": ""java.util.Locale"", ""method"": ""readObject""}"
40661,reflection,Method.invoke,"{""class"": ""java.util.Locale"", ""method"": ""readResolve""}"
40671,reflection,Method.invoke,"{""class"": ""java.util.Locale"", ""method"": ""readObject""}"
40678,reflection,Method.invoke,"{""class"": ""java.util.Locale"", ""method"": ""readResolve""}"
40684,reflection,Method.invoke,"{""class"": ""java.util.Locale"", ""method"": ""readObject""}"
40692,reflection,Method.invoke,"{""class"": ""java.util.Locale"", ""method"": ""readResolve""}"
40700,reflection,Method.invoke,"{""class"": ""java.util.Locale"", ""method"": ""readObject""}"
40707,reflection,Method.invoke,"{""class"": ""java.util.Locale"", ""method"": ""readResolve""}"
40714,reflection,Method.invoke,"{""class"": ""java.util.Locale"", ""method"": ""readObject""}"
40720,reflection,Method.invoke,"{""class"": ""java.util.Locale"", ""method"": ""readResolve""}"
40729,reflection,Method.invoke,"{""class"": ""java.util.Locale"", ""method"": ""readObject""}"
40736,reflection,Method.invoke,"{""class"": ""java.util.Locale"", ""method"": ""readResolve""}"
40743,reflection,Method.invoke,"{""class"": ""java.util.Locale"", ""method"": ""readObject""}"
40751,reflection,Method.invoke,"{""class"": ""java.util.Locale"", ""method"": ""readResolve""}"
40761,reflection,Method.invoke,"{""class"": ""java.util.Locale"", ""method"": ""readObject""}"
40769,reflection,Method.invoke,"{""class"": ""java.util.Locale"", ""method"": ""readResolve""}"
40775,reflection,Method.invoke,"{""class"": ""java.util.Locale"", ""method"": ""readObject""}"
40784,reflection,Method.invoke,"{""class"": ""java.util.Locale"", ""method"": ""readResolve""}"
40790,reflection,Method.invoke,"{""class"": ""java.util.Locale"", ""method"": ""readObject""}"
40798,reflection,Method.invoke,"{""class"": ""java.util.Locale"", ""method"": ""readResolve""}"
40812,reflection,Method.invoke,"{""class"": ""java.util.Locale"", ""method"": ""readObject""}"
40817,reflection,Method.invoke,"{""class"": ""java.util.Locale"", ""method"": ""readResolve""}"
40829,reflection,Method.invoke,"{""class"": ""java.util.Locale"", ""method"": ""readObject""}"
40837,reflection,Method.invoke,"{""class"": ""java.util.Locale"", ""method"": ""readResolve""}"
40845,reflection,Method.invoke,"{""class"": ""java.util.Locale"", ""method"": ""readObject""}"
40852,reflection,Method.invoke,"{""class"": ""java.util.Locale"", ""method"": ""readResolve""}"
40860,reflection,Method.invoke,"{""class"": ""java.util.Locale"", ""method"": ""readObject""}"
40866,reflection,Method.invoke,"{""class"": ""java.util.Locale"", ""method"": ""readResolve""}"
40874,reflection,Method.invoke,"{""class"": ""java.util.Locale"", ""method"": ""readObject""}"
40880,reflection,Method.invoke,"{""class"": ""java.util.Locale"", ""method"": ""readResolve""}"
40887,reflection,Method.invoke,"{""class"": ""java.util.Locale"", ""method"": ""readObject""}"
40894,reflection,Method.invoke,"{""class"": ""java.util.Locale"", ""method"": ""readResolve""}"
40901,reflection,Method.invoke,"{""class"": ""java.util.Locale"", ""method"": ""readObject""}"
40908,reflection,Method.invoke,"{""class"": ""java.util.Locale"", ""method"": ""readResolve""}"
40916,reflection,Method.invoke,"{""class"": ""java.util.Locale"", ""method"": ""readObject""}"
40923,reflection,Method.invoke,"{""class"": ""java.util.Locale"", ""method"": ""readResolve""}"
40931,reflection,Method.invoke,"{""class"": ""java.util.Locale"", ""method"": ""readObject""}"
40938,reflection,Method.invoke,"{""class"": ""java.util.Locale"", ""method"": ""readResolve""}"
40947,reflection,Method.invoke,"{""class"": ""java.util.Locale"", ""method"": ""readObject""}"
40954,reflection,Method.invoke,"{""class"": ""java.util.Locale"", ""method"": ""readResolve""}"
40963,reflection,Method.invoke,"{""class"": ""java.util.Locale"", ""method"": ""readObject""}"
40979,reflection,Method.invoke,"{""class"": ""java.util.Locale"", ""method"": ""readResolve""}"
40988,reflection,Method.invoke,"{""class"": ""java.util.Locale"", ""method"": ""readObject""}"
40995,reflection,Method.invoke,"{""class"": ""java.util.Locale"", ""method"": ""readResolve""}"
41002,reflection,Method.invoke,"{""class"": ""java.util.Locale"", ""method"": ""readObject""}"
41011,reflection,Method.invoke,"{""class"": ""java.util.Locale"", ""method"": ""readResolve""}"
41017,reflection,Method.invoke,"{""class"": ""java.util.Locale"", ""method"": ""readObject""}"
41024,reflection,Method.invoke,"{""class"": ""java.util.Locale"", ""method"": ""readResolve""}"
41030,reflection,Method.invoke,"{""class"": ""java.util.Locale"", ""method"": ""readObject""}"
41037,reflection,Method.invoke,"{""class"": ""java.util.Locale"", ""method"": ""readResolve""}"
41044,reflection,Method.invoke,"{""class"": ""java.util.Locale"", ""method"": ""readObject""}"
41050,reflection,Method.invoke,"{""class"": ""java.util.Locale"", ""method"": ""readResolve""}"
41058,reflection,Method.invoke,"{""class"": ""java.util.Locale"", ""method"": ""readObject""}"
41066,reflection,Method.invoke,"{""class"": ""java.util.Locale"", ""method"": ""readResolve""}"
41075,reflection,Method.invoke,"{""class"": ""java.util.Locale"", ""method"": ""readObject""}"
41081,reflection,Method.invoke,"{""class"": ""java.util.Locale"", ""method"": ""readResolve""}"
41089,reflection,Method.invoke,"{""class"": ""java.util.Locale"", ""method"": ""readObject""}"
41097,reflection,Method.invoke,"{""class"": ""java.util.Locale"", ""method"": ""readResolve""}"
41104,reflection,Method.invoke,"{""class"": ""java.util.Locale"", ""method"": ""readObject""}"
41112,reflection,Method.invoke,"{""class"": ""java.util.Locale"", ""method"": ""readResolve""}"
41120,reflection,Method.invoke,"{""class"": ""java.util.Locale"", ""method"": ""readObject""}"
41127,reflection,Method.invoke,"{""class"": ""java.util.Locale"", ""method"": ""readResolve""}"
41134,reflection,Method.invoke,"{""class"": ""java.util.Locale"", ""method"": ""readObject""}"
41141,reflection,Method.invoke,"{""class"": ""java.util.Locale"", ""method"": ""readResolve""}"
41150,reflection,Method.invoke,"{""class"": ""java.util.Locale"", ""method"": ""readObject""}"
41158,reflection,Method.invoke,"{""class"": ""java.util.Locale"", ""method"": ""readResolve""}"
41167,reflection,Method.invoke,"{""class"": ""java.util.Locale"", ""method"": ""readObject""}"
41174,reflection,Method.invoke,"{""class"": ""java.util.Locale"", ""method"": ""readResolve""}"
41181,reflection,Method.invoke,"{""class"": ""java.util.Locale"", ""method"": ""readObject""}"
41189,reflection,Method.invoke,"{""class"": ""java.util.Locale"", ""method"": ""readResolve""}"
41198,reflection,Method.invoke,"{""class"": ""java.util.Locale"", ""method"": ""readObject""}"
41205,reflection,Method.invoke,"{""class"": ""java.util.Locale"", ""method"": ""readResolve""}"
41214,reflection,Method.invoke,"{""class"": ""java.util.Locale"", ""method"": ""readObject""}"
41221,reflection,Method.invoke,"{""class"": ""java.util.Locale"", ""method"": ""readResolve""}"
41229,reflection,Method.invoke,"{""class"": ""java.util.Locale"", ""method"": ""readObject""}"
41237,reflection,Method.invoke,"{""class"": ""java.util.Locale"", ""method"": ""readResolve""}"
41246,reflection,Method.invoke,"{""class"": ""java.util.Locale"", ""method"": ""readObject""}"
41254,reflection,Method.invoke,"{""class"": ""java.util.Locale"", ""method"": ""readResolve""}"
41261,reflection,Method.invoke,"{""class"": ""java.util.Locale"", ""method"": ""readObject""}"
41267,reflection,Method.invoke,"{""class"": ""java.util.Locale"", ""method"": ""readResolve""}"
41276,reflection,Method.invoke,"{""class"": ""java.util.Locale"", ""method"": ""readObject""}"
41281,reflection,Method.invoke,"{""class"": ""java.util.Locale"", ""method"": ""readResolve""}"
41292,reflection,Method.invoke,"{""class"": ""java.util.Locale"", ""method"": ""readObject""}"
41299,reflection,Method.invoke,"{""class"": ""java.util.Locale"", ""method"": ""readResolve""}"
41307,reflection,Method.invoke,"{""class"": ""java.util.Locale"", ""method"": ""readObject""}"
41315,reflection,Method.invoke,"{""class"": ""java.util.Locale"", ""method"": ""readResolve""}"
41326,reflection,Method.invoke,"{""class"": ""java.util.Locale"", ""method"": ""readObject""}"
41332,reflection,Method.invoke,"{""class"": ""java.util.Locale"", ""method"": ""readResolve""}"
41340,reflection,Method.invoke,"{""class"": ""java.util.Locale"", ""method"": ""readObject""}"
41347,reflection,Method.invoke,"{""class"": ""java.util.Locale"", ""method"": ""readResolve""}"
41353,reflection,Method.invoke,"{""class"": ""java.util.Locale"", ""method"": ""readObject""}"
41361,reflection,Method.invoke,"{""class"": ""java.util.Locale"", ""method"": ""readResolve""}"
41372,reflection,Method.invoke,"{""class"": ""java.util.Locale"", ""method"": ""readObject""}"
41379,reflection,Method.invoke,"{""class"": ""java.util.Locale"", ""method"": ""readResolve""}"
41386,reflection,Method.invoke,"{""class"": ""java.util.Locale"", ""method"": ""readObject""}"
41394,reflection,Method.invoke,"{""class"": ""java.util.Locale"", ""method"": ""readResolve""}"
41401,reflection,Method.invoke,"{""class"": ""java.util.Locale"", ""method"": ""readObject""}"
41408,reflection,Method.invoke,"{""class"": ""java.util.Locale"", ""method"": ""readResolve""}"
41415,reflection,Method.invoke,"{""class"": ""java.util.Locale"", ""method"": ""readObject""}"
41421,reflection,Method.invoke,"{""class"": ""java.util.Locale"", ""method"": ""readResolve""}"
41430,reflection,Method.invoke,"{""class"": ""java.util.Locale"", ""method"": ""readObject""}"
41435,reflection,Method.invoke,"{""class"": ""java.util.Locale"", ""method"": ""readResolve""}"
41444,reflection,Method.invoke,"{""class"": ""java.util.Locale"", ""method"": ""readObject""}"
41452,reflection,Method.invoke,"{""class"": ""java.util.Locale"", ""method"": ""readResolve""}"
41459,reflection,Method.invoke,"{""class"": ""java.util.Locale"", ""method"": ""readObject""}"
41467,reflection,Method.invoke,"{""class"": ""java.util.Locale"", ""method"": ""readResolve""}"
41474,reflection,Method.invoke,"{""class"": ""java.util.Locale"", ""method"": ""readObject""}"
41482,reflection,Method.invoke,"{""class"": ""java.util.Locale"", ""method"": ""readResolve""}"
41488,reflection,Method.invoke,"{""class"": ""java.util.Locale"", ""method"": ""readObject""}"
41496,reflection,Method.invoke,"{""class"": ""java.util.Locale"", ""method"": ""readResolve""}"
41504,reflection,Method.invoke,"{""class"": ""java.util.Locale"", ""method"": ""readObject""}"
41510,reflection,Method.invoke,"{""class"": ""java.util.Locale"", ""method"": ""readResolve""}"
41516,reflection,Method.invoke,"{""class"": ""java.util.Locale"", ""method"": ""readObject""}"
41524,reflection,Method.invoke,"{""class"": ""java.util.Locale"", ""method"": ""readResolve""}"
41532,reflection,Method.invoke,"{""class"": ""java.util.Locale"", ""method"": ""readObject""}"
41540,reflection,Method.invoke,"{""class"": ""java.util.Locale"", ""method"": ""readResolve""}"
41547,reflection,Method.invoke,"{""class"": ""java.util.Locale"", ""method"": ""readObject""}"
41553,reflection,Method.invoke,"{""class"": ""java.util.Locale"", ""method"": ""readResolve""}"
41562,reflection,Method.invoke,"{""class"": ""java.util.Locale"", ""method"": ""readObject""}"
41569,reflection,Method.invoke,"{""class"": ""java.util.Locale"", ""method"": ""readResolve""}"
41576,reflection,Method.invoke,"{""class"": ""java.util.Locale"", ""method"": ""readObject""}"
41583,reflection,Method.invoke,"{""class"": ""java.util.Locale"", ""method"": ""readResolve""}"
41591,reflection,Method.invoke,"{""class"": ""java.util.Locale"", ""method"": ""readObject""}"
41598,reflection,Method.invoke,"{""class"": ""java.util.Locale"", ""method"": ""readResolve""}"
41603,reflection,Method.invoke,"{""class"": ""java.util.Locale"", ""method"": ""readObject""}"
41610,reflection,Method.invoke,"{""class"": ""java.util.Locale"", ""method"": ""readResolve""}"
41618,reflection,Method.invoke,"{""class"": ""java.util.Locale"", ""method"": ""readObject""}"
41624,reflection,Method.invoke,"{""class"": ""java.util.Locale"", ""method"": ""readResolve""}"
41631,reflection,Method.invoke,"{""class"": ""java.util.Locale"", ""method"": ""readObject""}"
41638,reflection,Method.invoke,"{""class"": ""java.util.Locale"", ""method"": ""readResolve""}"
41648,reflection,Method.invoke,"{""class"": ""java.util.Locale"", ""method"": ""readObject""}"
41655,reflection,Method.invoke,"{""class"": ""java.util.Locale"", ""method"": ""readResolve""}"
41663,reflection,Method.invoke,"{""class"": ""java.util.Locale"", ""method"": ""readObject""}"
41670,reflection,Method.invoke,"{""class"": ""java.util.Locale"", ""method"": ""readResolve""}"
41678,reflection,Method.invoke,"{""class"": ""java.util.Locale"", ""method"": ""readObject""}"
41686,reflection,Method.invoke,"{""class"": ""java.util.Locale"", ""method"": ""readResolve""}"
41696,reflection,Method.invoke,"{""class"": ""java.util.Locale"", ""method"": ""readObject""}"
41702,reflection,Method.invoke,"{""class"": ""java.util.Locale"", ""method"": ""readResolve""}"
41708,reflection,Method.invoke,"{""class"": ""java.util.Locale"", ""method"": ""readObject""}"
41716,reflection,Method.invoke,"{""class"": ""java.util.Locale"", ""method"": ""readResolve""}"
41724,reflection,Method.invoke,"{""class"": ""java.util.Locale"", ""method"": ""readObject""}"
41731,reflection,Method.invoke,"{""class"": ""java.util.Locale"", ""method"": ""readResolve""}"
41738,reflection,Method.invoke,"{""class"": ""java.util.Locale"", ""method"": ""readObject""}"
41744,reflection,Method.invoke,"{""class"": ""java.util.Locale"", ""method"": ""readResolve""}"
41752,reflection,Method.invoke,"{""class"": ""java.util.Locale"", ""method"": ""readObject""}"
41759,reflection,Method.invoke,"{""class"": ""java.util.Locale"", ""method"": ""readResolve""}"
41770,reflection,Method.invoke,"{""class"": ""java.util.Locale"", ""method"": ""readObject""}"
41776,reflection,Method.invoke,"{""class"": ""java.util.Locale"", ""method"": ""readResolve""}"
41783,reflection,Method.invoke,"{""class"": ""java.util.Locale"", ""method"": ""readObject""}"
41791,reflection,Method.invoke,"{""class"": ""java.util.Locale"", ""method"": ""readResolve""}"
41799,reflection,Method.invoke,"{""class"": ""java.util.Locale"", ""method"": ""readObject""}"
41806,reflection,Method.invoke,"{""class"": ""java.util.Locale"", ""method"": ""readResolve""}"
41813,reflection,Method.invoke,"{""class"": ""java.util.Locale"", ""method"": ""readObject""}"
41820,reflection,Method.invoke,"{""class"": ""java.util.Locale"", ""method"": ""readResolve""}"
41828,reflection,Method.invoke,"{""class"": ""java.util.Locale"", ""method"": ""readObject""}"
41835,reflection,Method.invoke,"{""class"": ""java.util.Locale"", ""method"": ""readResolve""}"
41842,reflection,Method.invoke,"{""class"": ""java.util.Locale"", ""method"": ""readObject""}"
41849,reflection,Method.invoke,"{""class"": ""java.util.Locale"", ""method"": ""readResolve""}"
41858,reflection,Method.invoke,"{""class"": ""java.util.Locale"", ""method"": ""readObject""}"
41867,reflection,Method.invoke,"{""class"": ""java.util.Locale"", ""method"": ""readResolve""}"
41874,reflection,Method.invoke,"{""class"": ""java.util.Locale"", ""method"": ""readObject""}"
41880,reflection,Method.invoke,"{""class"": ""java.util.Locale"", ""method"": ""readResolve""}"
41888,reflection,Method.invoke,"{""class"": ""java.util.Locale"", ""method"": ""readObject""}"
41895,reflection,Method.invoke,"{""class"": ""java.util.Locale"", ""method"": ""readResolve""}"
41902,reflection,Method.invoke,"{""class"": ""java.util.Locale"", ""method"": ""readObject""}"
41909,reflection,Method.invoke,"{""class"": ""java.util.Locale"", ""method"": ""readResolve""}"
41915,reflection,Method.invoke,"{""class"": ""java.util.Locale"", ""method"": ""readObject""}"
41921,reflection,Method.invoke,"{""class"": ""java.util.Locale"", ""method"": ""readResolve""}"
41930,reflection,Method.invoke,"{""class"": ""java.util.Locale"", ""method"": ""readObject""}"
41936,reflection,Method.invoke,"{""class"": ""java.util.Locale"", ""method"": ""readResolve""}"
41944,reflection,Method.invoke,"{""class"": ""java.util.Locale"", ""method"": ""readObject""}"
41950,reflection,Method.invoke,"{""class"": ""java.util.Locale"", ""method"": ""readResolve""}"
41959,reflection,Method.invoke,"{""class"": ""java.util.Locale"", ""method"": ""readObject""}"
41965,reflection,Method.invoke,"{""class"": ""java.util.Locale"", ""method"": ""readResolve""}"
41972,reflection,Method.invoke,"{""class"": ""java.util.Locale"", ""method"": ""readObject""}"
41979,reflection,Method.invoke,"{""class"": ""java.util.Locale"", ""method"": ""readResolve""}"
41988,reflection,Method.invoke,"{""class"": ""java.util.Locale"", ""method"": ""readObject""}"
41995,reflection,Method.invoke,"{""class"": ""java.util.Locale"", ""method"": ""readResolve""}"
42003,reflection,Method.invoke,"{""class"": ""java.util.Locale"", ""method"": ""readObject""}"
42010,reflection,Method.invoke,"{""class"": ""java.util.Locale"", ""method"": ""readResolve""}"
42018,reflection,Method.invoke,"{""class"": ""java.util.Locale"", ""method"": ""readObject""}"
42025,reflection,Method.invoke,"{""class"": ""java.util.Locale"", ""method"": ""readResolve""}"
42032,reflection,Method.invoke,"{""class"": ""java.util.Locale"", ""method"": ""readObject""}"
42038,reflection,Method.invoke,"{""class"": ""java.util.Locale"", ""method"": ""readResolve""}"
42045,reflection,Method.invoke,"{""class"": ""java.util.Locale"", ""method"": ""readObject""}"
42051,reflection,Method.invoke,"{""class"": ""java.util.Locale"", ""method"": ""readResolve""}"
42062,reflection,Method.invoke,"{""class"": ""java.util.Locale"", ""method"": ""readObject""}"
42070,reflection,Method.invoke,"{""class"": ""java.util.Locale"", ""method"": ""readResolve""}"
42076,reflection,Method.invoke,"{""class"": ""java.util.Locale"", ""method"": ""readObject""}"
42084,reflection,Method.invoke,"{""class"": ""java.util.Locale"", ""method"": ""readResolve""}"
42093,reflection,Method.invoke,"{""class"": ""java.util.Locale"", ""method"": ""readObject""}"
42100,reflection,Method.invoke,"{""class"": ""java.util.Locale"", ""method"": ""readResolve""}"
42109,reflection,Method.invoke,"{""class"": ""java.util.Locale"", ""method"": ""readObject""}"
42115,reflection,Method.invoke,"{""class"": ""java.util.Locale"", ""method"": ""readResolve""}"
42122,reflection,Method.invoke,"{""class"": ""java.util.Locale"", ""method"": ""readObject""}"
42128,reflection,Method.invoke,"{""class"": ""java.util.Locale"", ""method"": ""readResolve""}"
42136,reflection,Method.invoke,"{""class"": ""java.util.Locale"", ""method"": ""readObject""}"
42141,reflection,Method.invoke,"{""class"": ""java.util.Locale"", ""method"": ""readResolve""}"
42149,reflection,Method.invoke,"{""class"": ""java.util.Locale"", ""method"": ""readObject""}"
42157,reflection,Method.invoke,"{""class"": ""java.util.Locale"", ""method"": ""readResolve""}"
42165,reflection,Method.invoke,"{""class"": ""java.util.Locale"", ""method"": ""readObject""}"
42172,reflection,Method.invoke,"{""class"": ""java.util.Locale"", ""method"": ""readResolve""}"
42179,reflection,Method.invoke,"{""class"": ""java.util.Locale"", ""method"": ""readObject""}"
42184,reflection,Method.invoke,"{""class"": ""java.util.Locale"", ""method"": ""readResolve""}"
42193,reflection,Method.invoke,"{""class"": ""java.util.Locale"", ""method"": ""readObject""}"
42198,reflection,Method.invoke,"{""class"": ""java.util.Locale"", ""method"": ""readResolve""}"
42206,reflection,Method.invoke,"{""class"": ""java.util.Locale"", ""method"": ""readObject""}"
42212,reflection,Method.invoke,"{""class"": ""java.util.Locale"", ""method"": ""readResolve""}"
42220,reflection,Method.invoke,"{""class"": ""java.util.Locale"", ""method"": ""readObject""}"
42227,reflection,Method.invoke,"{""class"": ""java.util.Locale"", ""method"": ""readResolve""}"
42234,reflection,Method.invoke,"{""class"": ""java.util.Locale"", ""method"": ""readObject""}"
42240,reflection,Method.invoke,"{""class"": ""java.util.Locale"", ""method"": ""readResolve""}"
42248,reflection,Method.invoke,"{""class"": ""java.util.Locale"", ""method"": ""readObject""}"
42255,reflection,Method.invoke,"{""class"": ""java.util.Locale"", ""method"": ""readResolve""}"
42262,reflection,Method.invoke,"{""class"": ""java.util.Locale"", ""method"": ""readObject""}"
42270,reflection,Method.invoke,"{""class"": ""java.util.Locale"", ""method"": ""readResolve""}"
42277,reflection,Method.invoke,"{""class"": ""java.util.Locale"", ""method"": ""readObject""}"
42283,reflection,Method.invoke,"{""class"": ""java.util.Locale"", ""method"": ""readResolve""}"
42292,reflection,Method.invoke,"{""class"": ""java.util.Locale"", ""method"": ""readObject""}"
42299,reflection,Method.invoke,"{""class"": ""java.util.Locale"", ""method"": ""readResolve""}"
42306,reflection,Method.invoke,"{""class"": ""java.util.Locale"", ""method"": ""readObject""}"
42312,reflection,Method.invoke,"{""class"": ""java.util.Locale"", ""method"": ""readResolve""}"
42318,reflection,Method.invoke,"{""class"": ""java.util.Locale"", ""method"": ""readObject""}"
42326,reflection,Method.invoke,"{""class"": ""java.util.Locale"", ""method"": ""readResolve""}"
42335,reflection,Method.invoke,"{""class"": ""java.util.Locale"", ""method"": ""readObject""}"
42346,reflection,Method.invoke,"{""class"": ""java.util.Locale"", ""method"": ""readResolve""}"
42354,reflection,Method.invoke,"{""class"": ""java.util.Locale"", ""method"": ""readObject""}"
42360,reflection,Method.invoke,"{""class"": ""java.util.Locale"", ""method"": ""readResolve""}"
42369,reflection,Method.invoke,"{""class"": ""java.util.Locale"", ""method"": ""readObject""}"
42375,reflection,Method.invoke,"{""class"": ""java.util.Locale"", ""method"": ""readResolve""}"
42384,reflection,Method.invoke,"{""class"": ""java.util.Locale"", ""method"": ""readObject""}"
42391,reflection,Method.invoke,"{""class"": ""java.util.Locale"", ""method"": ""readResolve""}"
42397,reflection,Method.invoke,"{""class"": ""java.util.Locale"", ""method"": ""readObject""}"
42404,reflection,Method.invoke,"{""class"": ""java.util.Locale"", ""method"": ""readResolve""}"
42413,reflection,Method.invoke,"{""class"": ""java.util.Locale"", ""method"": ""readObject""}"
42420,reflection,Method.invoke,"{""class"": ""java.util.Locale"", ""method"": ""readResolve""}"
42429,reflection,Method.invoke,"{""class"": ""java.util.Locale"", ""method"": ""readObject""}"
42437,reflection,Method.invoke,"{""class"": ""java.util.Locale"", ""method"": ""readResolve""}"
42445,reflection,Method.invoke,"{""class"": ""java.util.Locale"", ""method"": ""readObject""}"
42451,reflection,Method.invoke,"{""class"": ""java.util.Locale"", ""method"": ""readResolve""}"
42460,reflection,Method.invoke,"{""class"": ""java.util.Locale"", ""method"": ""readObject""}"
42469,reflection,Method.invoke,"{""class"": ""java.util.Locale"", ""method"": ""readResolve""}"
42476,reflection,Method.invoke,"{""class"": ""java.util.Locale"", ""method"": ""readObject""}"
42481,reflection,Method.invoke,"{""class"": ""java.util.Locale"", ""method"": ""readResolve""}"
42489,reflection,Method.invoke,"{""class"": ""java.util.Locale"", ""method"": ""readObject""}"
42496,reflection,Method.invoke,"{""class"": ""java.util.Locale"", ""method"": ""readResolve""}"
42503,reflection,Method.invoke,"{""class"": ""java.util.Locale"", ""method"": ""readObject""}"
42511,reflection,Method.invoke,"{""class"": ""java.util.Locale"", ""method"": ""readResolve""}"
42519,reflection,Method.invoke,"{""class"": ""java.util.Locale"", ""method"": ""readObject""}"
42526,reflection,Method.invoke,"{""class"": ""java.util.Locale"", ""method"": ""readResolve""}"
42533,reflection,Method.invoke,"{""class"": ""java.util.Locale"", ""method"": ""readObject""}"
42540,reflection,Method.invoke,"{""class"": ""java.util.Locale"", ""method"": ""readResolve""}"
42546,reflection,Method.invoke,"{""class"": ""java.util.Locale"", ""method"": ""readObject""}"
42552,reflection,Method.invoke,"{""class"": ""java.util.Locale"", ""method"": ""readResolve""}"
42559,reflection,Method.invoke,"{""class"": ""java.util.Locale"", ""method"": ""readObject""}"
42567,reflection,Method.invoke,"{""class"": ""java.util.Locale"", ""method"": ""readResolve""}"
42575,reflection,Method.invoke,"{""class"": ""java.util.Locale"", ""method"": ""readObject""}"
42580,reflection,Method.invoke,"{""class"": ""java.util.Locale"", ""method"": ""readResolve""}"
42588,reflection,Method.invoke,"{""class"": ""java.util.Locale"", ""method"": ""readObject""}"
42594,reflection,Method.invoke,"{""class"": ""java.util.Locale"", ""method"": ""readResolve""}"
42601,reflection,Method.invoke,"{""class"": ""java.util.Locale"", ""method"": ""readObject""}"
42608,reflection,Method.invoke,"{""class"": ""java.util.Locale"", ""method"": ""readResolve""}"
42617,reflection,Method.invoke,"{""class"": ""java.util.Locale"", ""method"": ""readObject""}"
42624,reflection,Method.invoke,"{""class"": ""java.util.Locale"", ""method"": ""readResolve""}"
42632,reflection,Method.invoke,"{""class"": ""java.util.Locale"", ""method"": ""readObject""}"
42637,reflection,Method.invoke,"{""class"": ""java.util.Locale"", ""method"": ""readResolve""}"
42646,reflection,Method.invoke,"{""class"": ""java.util.Locale"", ""method"": ""readObject""}"
42654,reflection,Method.invoke,"{""class"": ""java.util.Locale"", ""method"": ""readResolve""}"
42662,reflection,Method.invoke,"{""class"": ""java.util.Locale"", ""method"": ""readObject""}"
42669,reflection,Method.invoke,"{""class"": ""java.util.Locale"", ""method"": ""readResolve""}"
42679,reflection,Method.invoke,"{""class"": ""java.util.Locale"", ""method"": ""readObject""}"
42685,reflection,Method.invoke,"{""class"": ""java.util.Locale"", ""method"": ""readResolve""}"
42693,reflection,Method.invoke,"{""class"": ""java.util.Locale"", ""method"": ""readObject""}"
42701,reflection,Method.invoke,"{""class"": ""java.util.Locale"", ""method"": ""readResolve""}"
42707,reflection,Method.invoke,"{""class"": ""java.util.Locale"", ""method"": ""readObject""}"
42714,reflection,Method.invoke,"{""class"": ""java.util.Locale"", ""method"": ""readResolve""}"
42726,reflection,Method.invoke,"{""class"": ""java.util.Locale"", ""method"": ""readObject""}"
42732,reflection,Method.invoke,"{""class"": ""java.util.Locale"", ""method"": ""readResolve""}"
42740,reflection,Method.invoke,"{""class"": ""java.util.Locale"", ""method"": ""readObject""}"
42747,reflection,Method.invoke,"{""class"": ""java.util.Locale"", ""method"": ""readResolve""}"
42756,reflection,Method.invoke,"{""class"": ""java.util.Locale"", ""method"": ""readObject""}"
42764,reflection,Method.invoke,"{""class"": ""java.util.Locale"", ""method"": ""readResolve""}"
42771,reflection,Method.invoke,"{""class"": ""java.util.Locale"", ""method"": ""readObject""}"
42777,reflection,Method.invoke,"{""class"": ""java.util.Locale"", ""method"": ""readResolve""}"
42784,reflection,Method.invoke,"{""class"": ""java.util.Locale"", ""method"": ""readObject""}"
42792,reflection,Method.invoke,"{""class"": ""java.util.Locale"", ""method"": ""readResolve""}"
42799,reflection,Method.invoke,"{""class"": ""java.util.Locale"", ""method"": ""readObject""}"
42804,reflection,Method.invoke,"{""class"": ""java.util.Locale"", ""method"": ""readResolve""}"
42814,reflection,Method.invoke,"{""class"": ""java.util.Locale"", ""method"": ""readObject""}"
42820,reflection,Method.invoke,"{""class"": ""java.util.Locale"", ""method"": ""readResolve""}"
42829,reflection,Method.invoke,"{""class"": ""java.util.Locale"", ""method"": ""readObject""}"
42837,reflection,Method.invoke,"{""class"": ""java.util.Locale"", ""method"": ""readResolve""}"
42844,reflection,Method.invoke,"{""class"": ""java.util.Locale"", ""method"": ""readObject""}"
42850,reflection,Method.invoke,"{""class"": ""java.util.Locale"", ""method"": ""readResolve""}"
42858,reflection,Method.invoke,"{""class"": ""java.util.Locale"", ""method"": ""readObject""}"
42865,reflection,Method.invoke,"{""class"": ""java.util.Locale"", ""method"": ""readResolve""}"
42873,reflection,Method.invoke,"{""class"": ""java.util.Locale"", ""method"": ""readObject""}"
42880,reflection,Method.invoke,"{""class"": ""java.util.Locale"", ""method"": ""readResolve""}"
42887,reflection,Method.invoke,"{""class"": ""java.util.Locale"", ""method"": ""readObject""}"
42895,reflection,Method.invoke,"{""class"": ""java.util.Locale"", ""method"": ""readResolve""}"
42901,reflection,Method.invoke,"{""class"": ""java.util.Locale"", ""method"": ""readObject""}"
42911,reflection,Method.invoke,"{""class"": ""java.util.Locale"", ""method"": ""readResolve""}"
42917,reflection,Method.invoke,"{""class"": ""java.util.Locale"", ""method"": ""readObject""}"
42924,reflection,Method.invoke,"{""class"": ""java.util.Locale"", ""method"": ""readResolve""}"
42931,reflection,Method.invoke,"{""class"": ""java.util.Locale"", ""method"": ""readObject""}"
42938,reflection,Method.invoke,"{""class"": ""java.util.Locale"", ""method"": ""readResolve""}"
42947,reflection,Method.invoke,"{""class"": ""java.util.Locale"", ""method"": ""readObject""}"
42954,reflection,Method.invoke,"{""class"": ""java.util.Locale"", ""method"": ""readResolve""}"
42964,reflection,Method.invoke,"{""class"": ""java.util.Locale"", ""method"": ""readObject""}"
42969,reflection,Method.invoke,"{""class"": ""java.util.Locale"", ""method"": ""readResolve""}"
42978,reflection,Method.invoke,"{""class"": ""java.util.Locale"", ""method"": ""readObject""}"
42985,reflection,Method.invoke,"{""class"": ""java.util.Locale"", ""method"": ""readResolve""}"
42994,reflection,Method.invoke,"{""class"": ""java.util.Locale"", ""method"": ""readObject""}"
43000,reflection,Method.invoke,"{""class"": ""java.util.Locale"", ""method"": ""readResolve""}"
43007,reflection,Method.invoke,"{""class"": ""java.util.Locale"", ""method"": ""readObject""}"
43014,reflection,Method.invoke,"{""class"": ""java.util.Locale"", ""method"": ""readResolve""}"
43022,reflection,Method.invoke,"{""class"": ""java.util.Locale"", ""method"": ""readObject""}"
43028,reflection,Method.invoke,"{""class"": ""java.util.Locale"", ""method"": ""readResolve""}"
43037,reflection,Method.invoke,"{""class"": ""java.util.Locale"", ""method"": ""readObject""}"
43044,reflection,Method.invoke,"{""class"": ""java.util.Locale"", ""method"": ""readResolve""}"
43051,reflection,Method.invoke,"{""class"": ""java.util.Locale"", ""method"": ""readObject""}"
43059,reflection,Method.invoke,"{""class"": ""java.util.Locale"", ""method"": ""readResolve""}"
43066,reflection,Method.invoke,"{""class"": ""java.util.Locale"", ""method"": ""readObject""}"
43075,reflection,Method.invoke,"{""class"": ""java.util.Locale"", ""method"": ""readResolve""}"
43081,reflection,Method.invoke,"{""class"": ""java.util.Locale"", ""method"": ""readObject""}"
43090,reflection,Method.invoke,"{""class"": ""java.util.Locale"", ""method"": ""readResolve""}"
43100,reflection,Method.invoke,"{""class"": ""java.util.Locale"", ""method"": ""readObject""}"
43107,reflection,Method.invoke,"{""class"": ""java.util.Locale"", ""method"": ""readResolve""}"
43114,reflection,Method.invoke,"{""class"": ""java.util.Locale"", ""method"": ""readObject""}"
43120,reflection,Method.invoke,"{""class"": ""java.util.Locale"", ""method"": ""readResolve""}"
43127,reflection,Method.invoke,"{""class"": ""java.util.Locale"", ""method"": ""readObject""}"
43132,reflection,Method.invoke,"{""class"": ""java.util.Locale"", ""method"": ""readResolve""}"
43140,reflection,Method.invoke,"{""class"": ""java.util.Locale"", ""method"": ""readObject""}"
43148,reflection,Method.invoke,"{""class"": ""java.util.Locale"", ""method"": ""readResolve""}"
43155,reflection,Method.invoke,"{""class"": ""java.util.Locale"", ""method"": ""readObject""}"
43162,reflection,Method.invoke,"{""class"": ""java.util.Locale"", ""method"": ""readResolve""}"
43169,reflection,Method.invoke,"{""class"": ""java.util.Locale"", ""method"": ""readObject""}"
43177,reflection,Method.invoke,"{""class"": ""java.util.Locale"", ""method"": ""readResolve""}"
43184,reflection,Method.invoke,"{""class"": ""java.util.Locale"", ""method"": ""readObject""}"
43192,reflection,Method.invoke,"{""class"": ""java.util.Locale"", ""method"": ""readResolve""}"
43201,reflection,Method.invoke,"{""class"": ""java.util.Locale"", ""method"": ""readObject""}"
43207,reflection,Method.invoke,"{""class"": ""java.util.Locale"", ""method"": ""readResolve""}"
43214,reflection,Method.invoke,"{""class"": ""java.util.Locale"", ""method"": ""readObject""}"
43221,reflection,Method.invoke,"{""class"": ""java.util.Locale"", ""method"": ""readResolve""}"
43229,reflection,Method.invoke,"{""class"": ""java.util.Locale"", ""method"": ""readObject""}"
43236,reflection,Method.invoke,"{""class"": ""java.util.Locale"", ""method"": ""readResolve""}"
43244,reflection,Method.invoke,"{""class"": ""java.util.Locale"", ""method"": ""readObject""}"
43252,reflection,Method.invoke,"{""class"": ""java.util.Locale"", ""method"": ""readResolve""}"
43260,reflection,Method.invoke,"{""class"": ""java.util.Locale"", ""method"": ""readObject""}"
43265,reflection,Method.invoke,"{""class"": ""java.util.Locale"", ""method"": ""readResolve""}"
43272,reflection,Method.invoke,"{""class"": ""java.util.Locale"", ""method"": ""readObject""}"
43279,reflection,Method.invoke,"{""class"": ""java.util.Locale"", ""method"": ""readResolve""}"
43287,reflection,Method.invoke,"{""class"": ""java.util.Locale"", ""method"": ""readObject""}"
43293,reflection,Method.invoke,"{""class"": ""java.util.Locale"", ""method"": ""readResolve""}"
43301,reflection,Method.invoke,"{""class"": ""java.util.Locale"", ""method"": ""readObject""}"
43306,reflection,Method.invoke,"{""class"": ""java.util.Locale"", ""method"": ""readResolve""}"
43321,reflection,Method.invoke,"{""class"": ""java.util.Locale"", ""method"": ""readObject""}"
43329,reflection,Method.invoke,"{""class"": ""java.util.Locale"", ""method"": ""readResolve""}"
43336,reflection,Method.invoke,"{""class"": ""java.util.Locale"", ""method"": ""readObject""}"
43344,reflection,Method.invoke,"{""class"": ""java.util.Locale"", ""method"": ""readResolve""}"
43352,reflection,Method.invoke,"{""class"": ""java.util.Locale"", ""method"": ""readObject""}"
43360,reflection,Method.invoke,"{""class"": ""java.util.Locale"", ""method"": ""readResolve""}"
43366,reflection,Method.invoke,"{""class"": ""java.util.Locale"", ""method"": ""readObject""}"
43372,reflection,Method.invoke,"{""class"": ""java.util.Locale"", ""method"": ""readResolve""}"
43379,reflection,Method.invoke,"{""class"": ""java.util.Locale"", ""method"": ""readObject""}"
43387,reflection,Method.invoke,"{""class"": ""java.util.Locale"", ""method"": ""readResolve""}"
43396,reflection,Method.invoke,"{""class"": ""java.util.Locale"", ""method"": ""readObject""}"
43403,reflection,Method.invoke,"{""class"": ""java.util.Locale"", ""method"": ""readResolve""}"
43411,reflection,Method.invoke,"{""class"": ""java.util.Locale"", ""method"": ""readObject""}"
43420,reflection,Method.invoke,"{""class"": ""java.util.Locale"", ""method"": ""readResolve""}"
43429,reflection,Method.invoke,"{""class"": ""java.util.Locale"", ""method"": ""readObject""}"
43435,reflection,Method.invoke,"{""class"": ""java.util.Locale"", ""method"": ""readResolve""}"
43442,reflection,Method.invoke,"{""class"": ""java.util.Locale"", ""method"": ""readObject""}"
43448,reflection,Method.invoke,"{""class"": ""java.util.Locale"", ""method"": ""readResolve""}"
43459,reflection,Method.invoke,"{""class"": ""java.util.Locale"", ""method"": ""readObject""}"
43465,reflection,Method.invoke,"{""class"": ""java.util.Locale"", ""method"": ""readResolve""}"
43475,reflection,Method.invoke,"{""class"": ""java.util.Locale"", ""method"": ""readObject""}"
43481,reflection,Method.invoke,"{""class"": ""java.util.Locale"", ""method"": ""readResolve""}"
43487,reflection,Method.invoke,"{""class"": ""java.util.Locale"", ""method"": ""readObject""}"
43496,reflection,Method.invoke,"{""class"": ""java.util.Locale"", ""method"": ""readResolve""}"
43502,reflection,Method.invoke,"{""class"": ""java.util.Locale"", ""method"": ""readObject""}"
43511,reflection,Method.invoke,"{""class"": ""java.util.Locale"", ""method"": ""readResolve""}"
43518,reflection,Method.invoke,"{""class"": ""java.util.Locale"", ""method"": ""readObject""}"
43525,reflection,Method.invoke,"{""class"": ""java.util.Locale"", ""method"": ""readResolve""}"
43532,reflection,Method.invoke,"{""class"": ""java.util.Locale"", ""method"": ""readObject""}"
43539,reflection,Method.invoke,"{""class"": ""java.util.Locale"", ""method"": ""readResolve""}"
43546,reflection,Method.invoke,"{""class"": ""java.util.Locale"", ""method"": ""readObject""}"
43558,reflection,Method.invoke,"{""class"": ""java.util.Locale"", ""method"": ""readResolve""}"
43566,reflection,Method.invoke,"{""class"": ""java.util.Locale"", ""method"": ""readObject""}"
43574,reflection,Method.invoke,"{""class"": ""java.util.Locale"", ""method"": ""readResolve""}"
43580,reflection,Method.invoke,"{""class"": ""java.util.Locale"", ""method"": ""readObject""}"
43586,reflection,Method.invoke,"{""class"": ""java.util.Locale"", ""method"": ""readResolve""}"
43592,reflection,Method.invoke,"{""class"": ""java.util.Locale"", ""method"": ""readObject""}"
43601,reflection,Method.invoke,"{""class"": ""java.util.Locale"", ""method"": ""readResolve""}"
43608,reflection,Method.invoke,"{""class"": ""java.util.Locale"", ""method"": ""readObject""}"
43616,reflection,Method.invoke,"{""class"": ""java.util.Locale"", ""method"": ""readResolve""}"
43623,reflection,Method.invoke,"{""class"": ""java.util.Locale"", ""method"": ""readObject""}"
43631,reflection,Method.invoke,"{""class"": ""java.util.Locale"", ""method"": ""readResolve""}"
43640,reflection,Method.invoke,"{""class"": ""java.util.Locale"", ""method"": ""readObject""}"
43645,reflection,Method.invoke,"{""class"": ""java.util.Locale"", ""method"": ""readResolve""}"
43654,reflection,Method.invoke,"{""class"": ""java.util.Locale"", ""method"": ""readObject""}"
43661,reflection,Method.invoke,"{""class"": ""java.util.Locale"", ""method"": ""readResolve""}"
43668,reflection,Method.invoke,"{""class"": ""java.util.Locale"", ""method"": ""readObject""}"
43675,reflection,Method.invoke,"{""class"": ""java.util.Locale"", ""method"": ""readResolve""}"
43685,reflection,Method.invoke,"{""class"": ""java.util.Locale"", ""method"": ""readObject""}"
43691,reflection,Method.invoke,"{""class"": ""java.util.Locale"", ""method"": ""readResolve""}"
43701,reflection,Method.invoke,"{""class"": ""java.util.Locale"", ""method"": ""readObject""}"
43708,reflection,Method.invoke,"{""class"": ""java.util.Locale"", ""method"": ""readResolve""}"
43715,reflection,Method.invoke,"{""class"": ""java.util.Locale"", ""method"": ""readObject""}"
43721,reflection,Method.invoke,"{""class"": ""java.util.Locale"", ""method"": ""readResolve""}"
43730,reflection,Method.invoke,"{""class"": ""java.util.Locale"", ""method"": ""readObject""}"
43736,reflection,Method.invoke,"{""class"": ""java.util.Locale"", ""method"": ""readResolve""}"
43746,reflection,Method.invoke,"{""class"": ""java.util.Locale"", ""method"": ""readObject""}"
43751,reflection,Method.invoke,"{""class"": ""java.util.Locale"", ""method"": ""readResolve""}"
43759,reflection,Method.invoke,"{""class"": ""java.util.Locale"", ""method"": ""readObject""}"
43767,reflection,Method.invoke,"{""class"": ""java.util.Locale"", ""method"": ""readResolve""}"
43780,reflection,Method.invoke,"{""class"": ""java.util.Locale"", ""method"": ""readObject""}"
43790,reflection,Method.invoke,"{""class"": ""java.util.Locale"", ""method"": ""readResolve""}"
43798,reflection,Method.invoke,"{""class"": ""java.util.Locale"", ""method"": ""readObject""}"
43805,reflection,Method.invoke,"{""class"": ""java.util.Locale"", ""method"": ""readResolve""}"
43815,reflection,Method.invoke,"{""class"": ""java.util.Locale"", ""method"": ""readObject""}"
43824,reflection,Method.invoke,"{""class"": ""java.util.Locale"", ""method"": ""readResolve""}"
43833,reflection,Method.invoke,"{""class"": ""java.util.Locale"", ""method"": ""readObject""}"
43838,reflection,Method.invoke,"{""class"": ""java.util.Locale"", ""method"": ""readResolve""}"
43847,reflection,Method.invoke,"{""class"": ""java.util.Locale"", ""method"": ""readObject""}"
43852,reflection,Method.invoke,"{""class"": ""java.util.Locale"", ""method"": ""readResolve""}"
43861,reflection,Method.invoke,"{""class"": ""java.util.Locale"", ""method"": ""readObject""}"
43867,reflection,Method.invoke,"{""class"": ""java.util.Locale"", ""method"": ""readResolve""}"
43874,reflection,Method.invoke,"{""class"": ""java.util.Locale"", ""method"": ""readObject""}"
43881,reflection,Method.invoke,"{""class"": ""java.util.Locale"", ""method"": ""readResolve""}"
43888,reflection,Method.invoke,"{""class"": ""java.util.Locale"", ""method"": ""readObject""}"
43897,reflection,Method.invoke,"{""class"": ""java.util.Locale"", ""method"": ""readResolve""}"
43904,reflection,Method.invoke,"{""class"": ""java.util.Locale"", ""method"": ""readObject""}"
43910,reflection,Method.invoke,"{""class"": ""java.util.Locale"", ""method"": ""readResolve""}"
43917,reflection,Method.invoke,"{""class"": ""java.util.Locale"", ""method"": ""readObject""}"
43924,reflection,Method.invoke,"{""class"": ""java.util.Locale"", ""method"": ""readResolve""}"
43932,reflection,Method.invoke,"{""class"": ""java.util.Locale"", ""method"": ""readObject""}"
43939,reflection,Method.invoke,"{""class"": ""java.util.Locale"", ""method"": ""readResolve""}"
43946,reflection,Method.invoke,"{""class"": ""java.util.Locale"", ""method"": ""readObject""}"
43954,reflection,Method.invoke,"{""class"": ""java.util.Locale"", ""method"": ""readResolve""}"
43961,reflection,Method.invoke,"{""class"": ""java.util.Locale"", ""method"": ""readObject""}"
43968,reflection,Method.invoke,"{""class"": ""java.util.Locale"", ""method"": ""readResolve""}"
43975,reflection,Method.invoke,"{""class"": ""java.util.Locale"", ""method"": ""readObject""}"
43982,reflection,Method.invoke,"{""class"": ""java.util.Locale"", ""method"": ""readResolve""}"
43989,reflection,Method.invoke,"{""class"": ""java.util.Locale"", ""method"": ""readObject""}"
43996,reflection,Method.invoke,"{""class"": ""java.util.Locale"", ""method"": ""readResolve""}"
44003,reflection,Method.invoke,"{""class"": ""java.util.Locale"", ""method"": ""readObject""}"
44010,reflection,Method.invoke,"{""class"": ""java.util.Locale"", ""method"": ""readResolve""}"
44016,reflection,Method.invoke,"{""class"": ""java.util.Locale"", ""method"": ""readObject""}"
44026,reflection,Method.invoke,"{""class"": ""java.util.Locale"", ""method"": ""readResolve""}"
44033,reflection,Method.invoke,"{""class"": ""java.util.Locale"", ""method"": ""readObject""}"
44040,reflection,Method.invoke,"{""class"": ""java.util.Locale"", ""method"": ""readResolve""}"
44048,reflection,Method.invoke,"{""class"": ""java.util.Locale"", ""method"": ""readObject""}"
44057,reflection,Method.invoke,"{""class"": ""java.util.Locale"", ""method"": ""readResolve""}"
44064,reflection,Method.invoke,"{""class"": ""java.util.Locale"", ""method"": ""readObject""}"
44071,reflection,Method.invoke,"{""class"": ""java.util.Locale"", ""method"": ""readResolve""}"
44079,reflection,Method.invoke,"{""class"": ""java.util.Locale"", ""method"": ""readObject""}"
44085,reflection,Method.invoke,"{""class"": ""java.util.Locale"", ""method"": ""readResolve""}"
44094,reflection,Method.invoke,"{""class"": ""java.util.Locale"", ""method"": ""readObject""}"
44100,reflection,Method.invoke,"{""class"": ""java.util.Locale"", ""method"": ""readResolve""}"
44110,reflection,Method.invoke,"{""class"": ""java.util.Locale"", ""method"": ""readObject""}"
44115,reflection,Method.invoke,"{""class"": ""java.util.Locale"", ""method"": ""readResolve""}"
44123,reflection,Method.invoke,"{""class"": ""java.util.Locale"", ""method"": ""readObject""}"
44132,reflection,Method.invoke,"{""class"": ""java.util.Locale"", ""method"": ""readResolve""}"
44138,reflection,Method.invoke,"{""class"": ""java.util.Locale"", ""method"": ""readObject""}"
44146,reflection,Method.invoke,"{""class"": ""java.util.Locale"", ""method"": ""readResolve""}"
44153,reflection,Method.invoke,"{""class"": ""java.util.Locale"", ""method"": ""readObject""}"
44162,reflection,Method.invoke,"{""class"": ""java.util.Locale"", ""method"": ""readResolve""}"
44169,reflection,Method.invoke,"{""class"": ""java.util.Locale"", ""method"": ""readObject""}"
44181,reflection,Method.invoke,"{""class"": ""java.util.Locale"", ""method"": ""readResolve""}"
44188,reflection,Method.invoke,"{""class"": ""java.util.Locale"", ""method"": ""readObject""}"
44196,reflection,Method.invoke,"{""class"": ""java.util.Locale"", ""method"": ""readResolve""}"
44203,reflection,Method.invoke,"{""class"": ""java.util.Locale"", ""method"": ""readObject""}"
44211,reflection,Method.invoke,"{""class"": ""java.util.Locale"", ""method"": ""readResolve""}"
44219,reflection,Method.invoke,"{""class"": ""java.util.Locale"", ""method"": ""readObject""}"
44225,reflection,Method.invoke,"{""class"": ""java.util.Locale"", ""method"": ""readResolve""}"
44234,reflection,Method.invoke,"{""class"": ""java.util.Locale"", ""method"": ""readObject""}"
44241,reflection,Method.invoke,"{""class"": ""java.util.Locale"", ""method"": ""readResolve""}"
44247,reflection,Method.invoke,"{""class"": ""java.util.Locale"", ""method"": ""readObject""}"
44253,reflection,Method.invoke,"{""class"": ""java.util.Locale"", ""method"": ""readResolve""}"
44262,reflection,Method.invoke,"{""class"": ""java.util.Locale"", ""method"": ""readObject""}"
44270,reflection,Method.invoke,"{""class"": ""java.util.Locale"", ""method"": ""readResolve""}"
44278,reflection,Method.invoke,"{""class"": ""java.util.Locale"", ""method"": ""readObject""}"
44285,reflection,Method.invoke,"{""class"": ""java.util.Locale"", ""method"": ""readResolve""}"
44291,reflection,Method.invoke,"{""class"": ""java.util.Locale"", ""method"": ""readObject""}"
44299,reflection,Method.invoke,"{""class"": ""java.util.Locale"", ""method"": ""readResolve""}"
44307,reflection,Method.invoke,"{""class"": ""java.util.Locale"", ""method"": ""readObject""}"
44320,reflection,Method.invoke,"{""class"": ""java.util.Locale"", ""method"": ""readResolve""}"
44330,reflection,Method.invoke,"{""class"": ""java.util.Locale"", ""method"": ""readObject""}"
44336,reflection,Method.invoke,"{""class"": ""java.util.Locale"", ""method"": ""readResolve""}"
44347,reflection,Method.invoke,"{""class"": ""java.util.Locale"", ""method"": ""readObject""}"
44353,reflection,Method.invoke,"{""class"": ""java.util.Locale"", ""method"": ""readResolve""}"
44361,reflection,Method.invoke,"{""class"": ""java.util.Locale"", ""method"": ""readObject""}"
44367,reflection,Method.invoke,"{""class"": ""java.util.Locale"", ""method"": ""readResolve""}"
44373,reflection,Method.invoke,"{""class"": ""java.util.Locale"", ""method"": ""readObject""}"
44380,reflection,Method.invoke,"{""class"": ""java.util.Locale"", ""method"": ""readResolve""}"
44388,reflection,Method.invoke,"{""class"": ""java.util.Locale"", ""method"": ""readObject""}"
44397,reflection,Method.invoke,"{""class"": ""java.util.Locale"", ""method"": ""readResolve""}"
44405,reflection,Method.invoke,"{""class"": ""java.util.Locale"", ""method"": ""readObject""}"
44412,reflection,Method.invoke,"{""class"": ""java.util.Locale"", ""method"": ""readResolve""}"
44421,reflection,Method.invoke,"{""class"": ""java.util.Locale"", ""method"": ""readObject""}"
44427,reflection,Method.invoke,"{""class"": ""java.util.Locale"", ""method"": ""readResolve""}"
44433,reflection,Method.invoke,"{""class"": ""java.util.Locale"", ""method"": ""readObject""}"
44440,reflection,Method.invoke,"{""class"": ""java.util.Locale"", ""method"": ""readResolve""}"
44450,reflection,Method.invoke,"{""class"": ""java.util.Locale"", ""method"": ""readObject""}"
44456,reflection,Method.invoke,"{""class"": ""java.util.Locale"", ""method"": ""readResolve""}"
44463,reflection,Method.invoke,"{""class"": ""java.util.Locale"", ""method"": ""readObject""}"
44471,reflection,Method.invoke,"{""class"": ""java.util.Locale"", ""method"": ""readResolve""}"
44479,reflection,Method.invoke,"{""class"": ""java.util.Locale"", ""method"": ""readObject""}"
44486,reflection,Method.invoke,"{""class"": ""java.util.Locale"", ""method"": ""readResolve""}"
46203,ipc_intents,Context.bindService,"{""action"": ""android.speech.RecognitionService"", ""flags"": 1, ""target"": ""com.google.android.googlequicksearchbox/com.google.android.voicesearch.serviceapi.GoogleRecognitionService""}"
52743,reflection,Method.invoke,"{""class"": ""android.view.View"", ""method"": ""getElevation""}"
52758,reflection,Method.invoke,"{""class"": ""org.fossasia.susi.ai.chat.ChatActivity"", ""method"": ""openSettings""}"
52768,reflection,Method.invoke,"{""class"": ""android.view.View"", ""method"": ""getElevation""}"
52781,reflection,Method.invoke,"{""class"": ""android.view.ViewGroup"", ""method"": ""makeOptionalFitsSystemWindows""}"
52785,storage,SharedPreferences.getString,"{""key"": ""prefLanguage""}"
52786,network,okhttp3.RealCall.enqueue,"{""method"": ""GET"", ""url"": ""https://api.susi.ai/cms/getSkillMetricsData.json?model=general&language=en""}"
52787,reflection,Method.invoke,"{""class"": ""dalvik.system.CloseGuard"", ""method"": ""get""}"
52788,reflection,Method.invoke,"{""class"": ""dalvik.system.CloseGuard"", ""method"": ""open""}"
52802,network,Socket.connect,"{""endpoint"": ""api.susi.ai/167.235.1.187:443""}"
52865,reflection,Method.invoke,"{""class"": ""com.android.org.conscrypt.ConscryptFileDescriptorSocket"", ""method"": ""setUseSessionTickets""}"
52874,reflection,Method.invoke,"{""class"": ""com.android.org.conscrypt.ConscryptFileDescriptorSocket"", ""method"": ""setHostname""}"
52886,reflection,Method.invoke,"{""class"": ""com.android.org.conscrypt.OpenSSLSocketImpl"", ""method"": ""setAlpnProtocols""}"
52936,crypto,MessageDigest.getInstance,"{""algorithm"": ""MD5""}"
52946,crypto,MessageDigest.digest,{}
52951,crypto,MessageDigest.getInstance,"{""algorithm"": ""SHA1""}"
52955,crypto,MessageDigest.digest,{}
52963,crypto,MessageDigest.getInstance,"{""algorithm"": ""MD5""}"
52967,crypto,MessageDigest.digest,{}
52978,crypto,MessageDigest.getInstance,"{""algorithm"": ""SHA1""}"
52983,crypto,MessageDigest.digest,{}
52995,crypto,MessageDigest.getInstance,"{""algorithm"": ""MD5""}"
53001,crypto,MessageDigest.digest,{}
53007,crypto,MessageDigest.getInstance,"{""algorithm"": ""SHA1""}"
53013,crypto,MessageDigest.digest,{}
53018,crypto,MessageDigest.getInstance,"{""algorithm"": ""MD5""}"
53022,crypto,MessageDigest.digest,{}
53030,crypto,MessageDigest.getInstance,"{""algorithm"": ""SHA1""}"
53034,crypto,MessageDigest.digest,{}
53045,crypto,MessageDigest.getInstance,"{""algorithm"": ""SHA1""}"
53049,crypto,MessageDigest.digest,{}
53054,crypto,MessageDigest.getInstance,"{""algorithm"": ""SHA1""}"
53062,crypto,MessageDigest.digest,{}
53067,crypto,MessageDigest.getInstance,"{""algorithm"": ""SHA1""}"
53083,crypto,MessageDigest.digest,{}
53087,crypto,MessageDigest.getInstance,"{""algorithm"": ""SHA1""}"
53095,crypto,MessageDigest.digest,{}
53099,crypto,MessageDigest.getInstance,"{""algorithm"": ""SHA1""}"
53103,crypto,MessageDigest.digest,{}
53112,crypto,MessageDigest.getInstance,"{""algorithm"": ""SHA1""}"
53119,crypto,MessageDigest.digest,{}
53131,crypto,MessageDigest.getInstance,"{""algorithm"": ""SHA-256""}"
53135,crypto,MessageDigest.digest,{}
56033,reflection,Method.invoke,"{""class"": ""android.widget.PopupWindow"", ""method"": ""getMaxAvailableHeight""}"
56040,reflection,Method.invoke,"{""class"": ""android.widget.PopupWindow"", ""method"": ""setClipToScreenEnabled""}"
56049,reflection,Method.invoke,"{""class"": ""android.widget.PopupWindow"", ""method"": ""setEpicenterBounds""}"
56076,reflection,Method.invoke,"{""class"": ""android.widget.PopupWindow"", ""method"": ""getMaxAvailableHeight""}"
56105,reflection,Method.invoke,"{""class"": ""android.view.View"", ""method"": ""getTransitionAlpha""}"
59165,reflection,Method.invoke,"{""class"": ""android.view.View"", ""method"": ""getTransitionAlpha""}"
61976,reflection,Method.invoke,"{""class"": ""android.widget.PopupWindow"", ""method"": ""getMaxAvailableHeight""}"
61986,reflection,Method.invoke,"{""class"": ""android.widget.PopupWindow"", ""method"": ""setClipToScreenEnabled""}"
61997,reflection,Method.invoke,"{""class"": ""android.widget.PopupWindow"", ""method"": ""setEpicenterBounds""}"
62019,reflection,Method.invoke,"{""class"": ""android.widget.PopupWindow"", ""method"": ""getMaxAvailableHeight""}"
62052,reflection,Method.invoke,"{""class"": ""android.view.View"", ""method"": ""getTransitionAlpha""}"
65130,reflection,Method.invoke,"{""class"": ""android.view.View"", ""method"": ""getTransitionAlpha""}"
68031,reflection,Method.invoke,"{""class"": ""android.view.ViewGroup"", ""method"": ""makeOptionalFitsSystemWindows""}"
68066,storage,SharedPreferences.apply,{}
68071,audio,MediaRecorder.setAudioSource,"{""audioSource"": 1}"
68101,network,okhttp3.RealCall.enqueue,"{""method"": ""GET"", ""url"": ""http://ipinfo.io/json""}"
68114,reflection,Method.invoke,"{""class"": ""dalvik.system.CloseGuard"", ""method"": ""get""}"
68126,reflection,Method.invoke,"{""class"": ""dalvik.system.CloseGuard"", ""method"": ""open""}"
68135,location,LocationManager.requestLocationUpdates,"{""minDistance"": 10, ""minTime"": ""300000"", ""provider"": ""network""}"
68145,location,LocationManager.requestLocationUpdates,"{""minDistance"": 10, ""minTime"": ""300000"", ""provider"": ""gps""}"
68148,reflection,Method.invoke,"{""class"": ""android.security.NetworkSecurityPolicy"", ""method"": ""getInstance""}"
68150,reflection,Method.invoke,"{""class"": ""android.security.NetworkSecurityPolicy"", ""method"": ""isCleartextTrafficPermitted""}"
68197,reflection,Method.invoke,"{""class"": ""android.view.View"", ""method"": ""getElevation""}"
68212,reflection,Method.invoke,"{""class"": ""android.view.View"", ""method"": ""getElevation""}"
68226,reflection,Method.invoke,"{""class"": ""android.view.View"", ""method"": ""getElevation""}"
68252,reflection,Method.invoke,"{""class"": ""android.view.View"", ""method"": ""getElevation""}"
68328,ipc_intents,Context.bindService,"{""action"": ""android.intent.action.TTS_SERVICE"", ""flags"": 1, ""target"": ""android.intent.action.TTS_SERVICE""}"
68402,reflection,Method.invoke,"{""class"": ""java.util.Locale"", ""method"": ""readObject""}"
68415,reflection,Method.invoke,"{""class"": ""java.util.Locale"", ""method"": ""readResolve""}"
68422,reflection,Method.invoke,"{""class"": ""java.util.Locale"", ""method"": ""readObject""}"
68435,reflection,Method.invoke,"{""class"": ""java.util.Locale"", ""method"": ""readResolve""}"
68449,reflection,Method.invoke,"{""class"": ""java.util.Locale"", ""method"": ""readObject""}"
68455,reflection,Method.invoke,"{""class"": ""java.util.Locale"", ""method"": ""readResolve""}"
68467,reflection,Method.invoke,"{""class"": ""java.util.Locale"", ""method"": ""readObject""}"
68480,reflection,Method.invoke,"{""class"": ""java.util.Locale"", ""method"": ""readResolve""}"
68487,reflection,Method.invoke,"{""class"": ""java.util.Locale"", ""method"": ""readObject""}"
68497,reflection,Method.invoke,"{""class"": ""java.util.Locale"", ""method"": ""readResolve""}"
68503,reflection,Method.invoke,"{""class"": ""java.util.Locale"", ""method"": ""readObject""}"
68512,reflection,Method.invoke,"{""class"": ""java.util.Locale"", ""method"": ""readResolve""}"
68519,reflection,Method.invoke,"{""class"": ""java.util.Locale"", ""method"": ""readObject""}"
68525,reflection,Method.invoke,"{""class"": ""java.util.Locale"", ""method"": ""readResolve""}"
68531,reflection,Method.invoke,"{""class"": ""java.util.Locale"", ""method"": ""readObject""}"
68538,reflection,Method.invoke,"{""class"": ""java.util.Locale"", ""method"": ""readResolve""}"
68545,reflection,Method.invoke,"{""class"": ""java.util.Locale"", ""method"": ""readObject""}"
68552,reflection,Method.invoke,"{""class"": ""java.util.Locale"", ""method"": ""readResolve""}"
68559,reflection,Method.invoke,"{""class"": ""java.util.Locale"", ""method"": ""readObject""}"
68566,reflection,Method.invoke,"{""class"": ""java.util.Locale"", ""method"": ""readResolve""}"
68572,reflection,Method.invoke,"{""class"": ""java.util.Locale"", ""method"": ""readObject""}"
68579,reflection,Method.invoke,"{""class"": ""java.util.Locale"", ""method"": ""readResolve""}"
68585,reflection,Method.invoke,"{""class"": ""java.util.Locale"", ""method"": ""readObject""}"
68591,reflection,Method.invoke,"{""class"": ""java.util.Locale"", ""method"": ""readResolve""}"
68598,reflection,Method.invoke,"{""class"": ""java.util.Locale"", ""method"": ""readObject""}"
68604,reflection,Method.invoke,"{""class"": ""java.util.Locale"", ""method"": ""readResolve""}"
68614,reflection,Method.invoke,"{""class"": ""java.util.Locale"", ""method"": ""readObject""}"
68624,reflection,Method.invoke,"{""class"": ""java.util.Locale"", ""method"": ""readResolve""}"
68632,reflection,Method.invoke,"{""class"": ""java.util.Locale"", ""method"": ""readObject""}"
68639,reflection,Method.invoke,"{""class"": ""java.util.Locale"", ""method"": ""readResolve""}"
68646,reflection,Method.invoke,"{""class"": ""java.util.Locale"", ""method"": ""readObject""}"
68657,reflection,Method.invoke,"{""class"": ""java.util.Locale"", ""method"": ""readResolve""}"
68669,reflection,Method.invoke,"{""class"": ""java.util.Locale"", ""method"": ""readObject""}"
68676,reflection,Method.invoke,"{""class"": ""java.util.Locale"", ""method"": ""readResolve""}"
68685,reflection,Method.invoke,"{""class"": ""java.util.Locale"", ""method"": ""readObject""}"
68693,reflection,Method.invoke,"{""class"": ""java.util.Locale"", ""method"": ""readResolve""}"
68700,reflection,Method.invoke,"{""class"": ""java.util.Locale"", ""method"": ""readObject""}"
68708,reflection,Method.invoke,"{""class"": ""java.util.Locale"", ""method"": ""readResolve""}"
68715,reflection,Method.invoke,"{""class"": ""java.util.Locale"", ""method"": ""readObject""}"
68721,reflection,Method.invoke,"{""class"": ""java.util.Locale"", ""method"": ""readResolve""}"
68729,reflection,Method.invoke,"{""class"": ""java.util.Locale"", ""method"": ""readObject""}"
68736,reflection,Method.invoke,"{""class"": ""java.util.Locale"", ""method"": ""readResolve""}"
68744,reflection,Method.invoke,"{""class"": ""java.util.Locale"", ""method"": ""readObject""}"
68751,reflection,Method.invoke,"{""class"": ""java.util.Locale"", ""method"": ""readResolve""}"
68759,reflection,Method.invoke,"{""class"": ""java.util.Locale"", ""method"": ""readObject""}"
68766,reflection,Method.invoke,"{""class"": ""java.util.Locale"", ""method"": ""readResolve""}"
68775,reflection,Method.invoke,"{""class"": ""java.util.Locale"", ""method"": ""readObject""}"
68784,reflection,Method.invoke,"{""class"": ""java.util.Locale"", ""method"": ""readResolve""}"
68791,reflection,Method.invoke,"{""class"": ""java.util.Locale"", ""method"": ""readObject""}"
68801,reflection,Method.invoke,"{""class"": ""java.util.Locale"", ""method"": ""readResolve""}"
68809,reflection,Method.invoke,"{""class"": ""java.util.Locale"", ""method"": ""readObject""}"
68818,reflection,Method.invoke,"{""class"": ""java.util.Locale"", ""method"": ""readResolve""}"
68828,reflection,Method.invoke,"{""class"": ""java.util.Locale"", ""method"": ""readObject""}"
68836,reflection,Method.invoke,"{""class"": ""java.util.Locale"", ""method"": ""readResolve""}"
68842,reflection,Method.invoke,"{""class"": ""java.util.Locale"", ""method"": ""readObject""}"
68851,reflection,Method.invoke,"{""class"": ""java.util.Locale"", ""method"": ""readResolve""}"
68859,reflection,Method.invoke,"{""class"": ""java.util.Locale"", ""method"": ""readObject""}"
68864,reflection,Method.invoke,"{""class"": ""java.util.Locale"", ""method"": ""readResolve""}"
68872,reflection,Method.invoke,"{""class"": ""java.util.Locale"", ""method"": ""readObject""}"
68879,reflection,Method.invoke,"{""class"": ""java.util.Locale"", ""method"": ""readResolve""}"
68887,reflection,Method.invoke,"{""class"": ""java.util.Locale"", ""method"": ""readObject""}"
68895,reflection,Method.invoke,"{""class"": ""java.util.Locale"", ""method"": ""readResolve""}"
68904,reflection,Method.invoke,"{""class"": ""java.util.Locale"", ""method"": ""readObject""}"
68911,reflection,Method.invoke,"{""class"": ""java.util.Locale"", ""method"": ""readResolve""}"
68918,reflection,Method.invoke,"{""class"": ""java.util.Locale"", ""method"": ""readObject""}"
68925,reflection,Method.invoke,"{""class"": ""java.util.Locale"", ""method"": ""readResolve""}"
68934,reflection,Method.invoke,"{""class"": ""java.util.Locale"", ""method"": ""readObject""}"
68941,reflection,Method.invoke,"{""class"": ""java.util.Locale"", ""method"": ""readResolve""}"
68950,reflection,Method.invoke,"{""class"": ""java.util.Locale"", ""method"": ""readObject""}"
68956,reflection,Method.invoke,"{""class"": ""java.util.Locale"", ""method"": ""readResolve""}"
68964,reflection,Method.invoke,"{""class"": ""java.util.Locale"", ""method"": ""readObject""}"
68971,reflection,Method.invoke,"{""class"": ""java.util.Locale"", ""method"": ""readResolve""}"
68978,reflection,Method.invoke,"{""class"": ""java.util.Locale"", ""method"": ""readObject""}"
68983,reflection,Method.invoke,"{""class"": ""java.util.Locale"", ""method"": ""readResolve""}"
68991,reflection,Method.invoke,"{""class"": ""java.util.Locale"", ""method"": ""readObject""}"
68999,reflection,Method.invoke,"{""class"": ""java.util.Locale"", ""method"": ""readResolve""}"
69006,reflection,Method.invoke,"{""class"": ""java.util.Locale"", ""method"": ""readObject""}"
69013,reflection,Method.invoke,"{""class"": ""java.util.Locale"", ""method"": ""readResolve""}"
69022,reflection,Method.invoke,"{""class"": ""java.util.Locale"", ""method"": ""readObject""}"
69028,reflection,Method.invoke,"{""class"": ""java.util.Locale"", ""method"": ""readResolve""}"
69037,reflection,Method.invoke,"{""class"": ""java.util.Locale"", ""method"": ""readObject""}"
69045,reflection,Method.invoke,"{""class"": ""java.util.Locale"", ""method"": ""readResolve""}"
69052,reflection,Method.invoke,"{""class"": ""java.util.Locale"", ""method"": ""readObject""}"
69060,reflection,Method.invoke,"{""class"": ""java.util.Locale"", ""method"": ""readResolve""}"
69065,reflection,Method.invoke,"{""class"": ""java.util.Locale"", ""method"": ""readObject""}"
69074,reflection,Method.invoke,"{""class"": ""java.util.Locale"", ""method"": ""readResolve""}"
69081,reflection,Method.invoke,"{""class"": ""java.util.Locale"", ""method"": ""readObject""}"
69088,reflection,Method.invoke,"{""class"": ""java.util.Locale"", ""method"": ""readResolve""}"
69096,reflection,Method.invoke,"{""class"": ""java.util.Locale"", ""method"": ""readObject""}"
69102,reflection,Method.invoke,"{""class"": ""java.util.Locale"", ""method"": ""readResolve""}"
69109,reflection,Method.invoke,"{""class"": ""java.util.Locale"", ""method"": ""readObject""}"
69115,reflection,Method.invoke,"{""class"": ""java.util.Locale"", ""method"": ""readResolve""}"
69123,reflection,Method.invoke,"{""class"": ""java.util.Locale"", ""method"": ""readObject""}"
69128,reflection,Method.invoke,"{""class"": ""java.util.Locale"", ""method"": ""readResolve""}"
69139,reflection,Method.invoke,"{""class"": ""java.util.Locale"", ""method"": ""readObject""}"
69145,reflection,Method.invoke,"{""class"": ""java.util.Locale"", ""method"": ""readResolve""}"
69154,reflection,Method.invoke,"{""class"": ""java.util.Locale"", ""method"": ""readObject""}"
69161,reflection,Method.invoke,"{""class"": ""java.util.Locale"", ""method"": ""readResolve""}"
69167,reflection,Method.invoke,"{""class"": ""java.util.Locale"", ""method"": ""readObject""}"
69174,reflection,Method.invoke,"{""class"": ""java.util.Locale"", ""method"": ""readResolve""}"
69181,reflection,Method.invoke,"{""class"": ""java.util.Locale"", ""method"": ""readObject""}"
69188,reflection,Method.invoke,"{""class"": ""java.util.Locale"", ""method"": ""readResolve""}"
69195,reflection,Method.invoke,"{""class"": ""java.util.Locale"", ""method"": ""readObject""}"
69202,reflection,Method.invoke,"{""class"": ""java.util.Locale"", ""method"": ""readResolve""}"
69209,reflection,Method.invoke,"{""class"": ""java.util.Locale"", ""method"": ""readObject""}"
69217,reflection,Method.invoke,"{""class"": ""java.util.Locale"", ""method"": ""readResolve""}"
69225,reflection,Method.invoke,"{""class"": ""java.util.Locale"", ""method"": ""readObject""}"
69232,reflection,Method.invoke,"{""class"": ""java.util.Locale"", ""method"": ""readResolve""}"
69240,reflection,Method.invoke,"{""class"": ""java.util.Locale"", ""method"": ""readObject""}"
69247,reflection,Method.invoke,"{""class"": ""java.util.Locale"", ""method"": ""readResolve""}"
69254,reflection,Method.invoke,"{""class"": ""java.util.Locale"", ""method"": ""readObject""}"
69260,reflection,Method.invoke,"{""class"": ""java.util.Locale"", ""method"": ""readResolve""}"
69269,reflection,Method.invoke,"{""class"": ""java.util.Locale"", ""method"": ""readObject""}"
69276,reflection,Method.invoke,"{""class"": ""java.util.Locale"", ""method"": ""readResolve""}"
69284,reflection,Method.invoke,"{""class"": ""java.util.Locale"", ""method"": ""readObject""}"
69294,reflection,Method.invoke,"{""class"": ""java.util.Locale"", ""method"": ""readResolve""}"
69301,reflection,Method.invoke,"{""class"": ""java.util.Locale"", ""method"": ""readObject""}"
69309,reflection,Method.invoke,"{""class"": ""java.util.Locale"", ""method"": ""readResolve""}"
69317,reflection,Method.invoke,"{""class"": ""java.util.Locale"", ""method"": ""readObject""}"
69323,reflection,Method.invoke,"{""class"": ""java.util.Locale"", ""method"": ""readResolve""}"
69330,reflection,Method.invoke,"{""class"": ""java.util.Locale"", ""method"": ""readObject""}"
69338,reflection,Method.invoke,"{""class"": ""java.util.Locale"", ""method"": ""readResolve""}"
69346,reflection,Method.invoke,"{""class"": ""java.util.Locale"", ""method"": ""readObject""}"
69354,reflection,Method.invoke,"{""class"": ""java.util.Locale"", ""method"": ""readResolve""}"
69360,reflection,Method.invoke,"{""class"": ""java.util.Locale"", ""method"": ""readObject""}"
69369,reflection,Method.invoke,"{""class"": ""java.util.Locale"", ""method"": ""readResolve""}"
69376,reflection,Method.invoke,"{""class"": ""java.util.Locale"", ""method"": ""readObject""}"
69383,reflection,Method.invoke,"{""class"": ""java.util.Locale"", ""method"": ""readResolve""}"
69391,reflection,Method.invoke,"{""class"": ""java.util.Locale"", ""method"": ""readObject""}"
69399,reflection,Method.invoke,"{""class"": ""java.util.Locale"", ""method"": ""readResolve""}"
69406,reflection,Method.invoke,"{""class"": ""java.util.Locale"", ""method"": ""readObject""}"
69412,reflection,Method.invoke,"{""class"": ""java.util.Locale"", ""method"": ""readResolve""}"
69419,reflection,Method.invoke,"{""class"": ""java.util.Locale"", ""method"": ""readObject""}"
69425,reflection,Method.invoke,"{""class"": ""java.util.Locale"", ""method"": ""readResolve""}"
69432,reflection,Method.invoke,"{""class"": ""java.util.Locale"", ""method"": ""readObject""}"
69440,reflection,Method.invoke,"{""class"": ""java.util.Locale"", ""method"": ""readResolve""}"
69448,reflection,Method.invoke,"{""class"": ""java.util.Locale"", ""method"": ""readObject""}"
69455,reflection,Method.invoke,"{""class"": ""java.util.Locale"", ""method"": ""readResolve""}"
69464,reflection,Method.invoke,"{""class"": ""java.util.Locale"", ""method"": ""readObject""}"
69472,reflection,Method.invoke,"{""class"": ""java.util.Locale"", ""method"": ""readResolve""}"
69481,reflection,Method.invoke,"{""class"": ""java.util.Locale"", ""method"": ""readObject""}"
69488,reflection,Method.invoke,"{""class"": ""java.util.Locale"", ""method"": ""readResolve""}"
69496,reflection,Method.invoke,"{""class"": ""java.util.Locale"", ""method"": ""readObject""}"
69503,reflection,Method.invoke,"{""class"": ""java.util.Locale"", ""method"": ""readResolve""}"
69510,reflection,Method.invoke,"{""class"": ""java.util.Locale"", ""method"": ""readObject""}"
69518,reflection,Method.invoke,"{""class"": ""java.util.Locale"", ""method"": ""readResolve""}"
69526,reflection,Method.invoke,"{""class"": ""java.util.Locale"", ""method"": ""readObject""}"
69533,reflection,Method.invoke,"{""class"": ""java.util.Locale"", ""method"": ""readResolve""}"
69540,reflection,Method.invoke,"{""class"": ""java.util.Locale"", ""method"": ""readObject""}"
69547,reflection,Method.invoke,"{""class"": ""java.util.Locale"", ""method"": ""readResolve""}"
69555,reflection,Method.invoke,"{""class"": ""java.util.Locale"", ""method"": ""readObject""}"
69561,reflection,Method.invoke,"{""class"": ""java.util.Locale"", ""method"": ""readResolve""}"
69567,reflection,Method.invoke,"{""class"": ""java.util.Locale"", ""method"": ""readObject""}"
69576,reflection,Method.invoke,"{""class"": ""java.util.Locale"", ""method"": ""readResolve""}"
69582,reflection,Method.invoke,"{""class"": ""java.util.Locale"", ""method"": ""readObject""}"
69589,reflection,Method.invoke,"{""class"": ""java.util.Locale"", ""method"": ""readResolve""}"
69596,reflection,Method.invoke,"{""class"": ""java.util.Locale"", ""method"": ""readObject""}"
69604,reflection,Method.invoke,"{""class"": ""java.util.Locale"", ""method"": ""readResolve""}"
69611,reflection,Method.invoke,"{""class"": ""java.util.Locale"", ""method"": ""readObject""}"
69620,reflection,Method.invoke,"{""class"": ""java.util.Locale"", ""method"": ""readResolve""}"
69628,reflection,Method.invoke,"{""class"": ""java.util.Locale"", ""method"": ""readObject""}"
69635,reflection,Method.invoke,"{""class"": ""java.util.Locale"", ""method"": ""readResolve""}"
69642,reflection,Method.invoke,"{""class"": ""java.util.Locale"", ""method"": ""readObject""}"
69649,reflection,Method.invoke,"{""class"": ""java.util.Locale"", ""method"": ""readResolve""}"
69658,reflection,Method.invoke,"{""class"": ""java.util.Locale"", ""method"": ""readObject""}"
69665,reflection,Method.invoke,"{""class"": ""java.util.Locale"", ""method"": ""readResolve""}"
69672,reflection,Method.invoke,"{""class"": ""java.util.Locale"", ""method"": ""readObject""}"
69680,reflection,Method.invoke,"{""class"": ""java.util.Locale"", ""method"": ""readResolve""}"
69688,reflection,Method.invoke,"{""class"": ""java.util.Locale"", ""method"": ""readObject""}"
69697,reflection,Method.invoke,"{""class"": ""java.util.Locale"", ""method"": ""readResolve""}"
69703,reflection,Method.invoke,"{""class"": ""java.util.Locale"", ""method"": ""readObject""}"
69712,reflection,Method.invoke,"{""class"": ""java.util.Locale"", ""method"": ""readResolve""}"
69720,reflection,Method.invoke,"{""class"": ""java.util.Locale"", ""method"": ""readObject""}"
69728,reflection,Method.invoke,"{""class"": ""java.util.Locale"", ""method"": ""readResolve""}"
69734,reflection,Method.invoke,"{""class"": ""java.util.Locale"", ""method"": ""readObject""}"
69742,reflection,Method.invoke,"{""class"": ""java.util.Locale"", ""method"": ""readResolve""}"
69750,reflection,Method.invoke,"{""class"": ""java.util.Locale"", ""method"": ""readObject""}"
69757,reflection,Method.invoke,"{""class"": ""java.util.Locale"", ""method"": ""readResolve""}"
69765,reflection,Method.invoke,"{""class"": ""java.util.Locale"", ""method"": ""readObject""}"
69771,reflection,Method.invoke,"{""class"": ""java.util.Locale"", ""method"": ""readResolve""}"
69778,reflection,Method.invoke,"{""class"": ""java.util.Locale"", ""method"": ""readObject""}"
69785,reflection,Method.invoke,"{""class"": ""java.util.Locale"", ""method"": ""readResolve""}"
69792,reflection,Method.invoke,"{""class"": ""java.util.Locale"", ""method"": ""readObject""}"
69799,reflection,Method.invoke,"{""class"": ""java.util.Locale"", ""method"": ""readResolve""}"
69807,reflection,Method.invoke,"{""class"": ""java.util.Locale"", ""method"": ""readObject""}"
69814,reflection,Method.invoke,"{""class"": ""java.util.Locale"", ""method"": ""readResolve""}"
69821,reflection,Method.invoke,"{""class"": ""java.util.Locale"", ""method"": ""readObject""}"
69828,reflection,Method.invoke,"{""class"": ""java.util.Locale"", ""method"": ""readResolve""}"
69836,reflection,Method.invoke,"{""class"": ""java.util.Locale"", ""method"": ""readObject""}"
69842,reflection,Method.invoke,"{""class"": ""java.util.Locale"", ""method"": ""readResolve""}"
69851,reflection,Method.invoke,"{""class"": ""java.util.Locale"", ""method"": ""readObject""}"
69858,reflection,Method.invoke,"{""class"": ""java.util.Locale"", ""method"": ""readResolve""}"
69866,reflection,Method.invoke,"{""class"": ""java.util.Locale"", ""method"": ""readObject""}"
69872,reflection,Method.invoke,"{""class"": ""java.util.Locale"", ""method"": ""readResolve""}"
69881,reflection,Method.invoke,"{""class"": ""java.util.Locale"", ""method"": ""readObject""}"
69890,reflection,Method.invoke,"{""class"": ""java.util.Locale"", ""method"": ""readResolve""}"
69897,reflection,Method.invoke,"{""class"": ""java.util.Locale"", ""method"": ""readObject""}"
69903,reflection,Method.invoke,"{""class"": ""java.util.Locale"", ""method"": ""readResolve""}"
69911,reflection,Method.invoke,"{""class"": ""java.util.Locale"", ""method"": ""readObject""}"
69918,reflection,Method.invoke,"{""class"": ""java.util.Locale"", ""method"": ""readResolve""}"
69924,reflection,Method.invoke,"{""class"": ""java.util.Locale"", ""method"": ""readObject""}"
69932,reflection,Method.invoke,"{""class"": ""java.util.Locale"", ""method"": ""readResolve""}"
69941,reflection,Method.invoke,"{""class"": ""java.util.Locale"", ""method"": ""readObject""}"
69946,reflection,Method.invoke,"{""class"": ""java.util.Locale"", ""method"": ""readResolve""}"
69954,reflection,Method.invoke,"{""class"": ""java.util.Locale"", ""method"": ""readObject""}"
69961,reflection,Method.invoke,"{""class"": ""java.util.Locale"", ""method"": ""readResolve""}"
69968,reflection,Method.invoke,"{""class"": ""java.util.Locale"", ""method"": ""readObject""}"
69975,reflection,Method.invoke,"{""class"": ""java.util.Locale"", ""method"": ""readResolve""}"
69981,reflection,Method.invoke,"{""class"": ""java.util.Locale"", ""method"": ""readObject""}"
69988,reflection,Method.invoke,"{""class"": ""java.util.Locale"", ""method"": ""readResolve""}"
69996,reflection,Method.invoke,"{""class"": ""java.util.Locale"", ""method"": ""readObject""}"
70002,reflection,Method.invoke,"{""class"": ""java.util.Locale"", ""method"": ""readResolve""}"
70011,reflection,Method.invoke,"{""class"": ""java.util.Locale"", ""method"": ""readObject""}"
70017,reflection,Method.invoke,"{""class"": ""java.util.Locale"", ""method"": ""readResolve""}"
70024,reflection,Method.invoke,"{""class"": ""java.util.Locale"", ""method"": ""readObject""}"
70033,reflection,Method.invoke,"{""class"": ""java.util.Locale"", ""method"": ""readResolve""}"
70042,reflection,Method.invoke,"{""class"": ""java.util.Locale"", ""method"": ""readObject""}"
70050,reflection,Method.invoke,"{""class"": ""java.util.Locale"", ""method"": ""readResolve""}"
70059,reflection,Method.invoke,"{""class"": ""java.util.Locale"", ""method"": ""readObject""}"
70066,reflection,Method.invoke,"{""class"": ""java.util.Locale"", ""method"": ""readResolve""}"
70073,reflection,Method.invoke,"{""class"": ""java.util.Locale"", ""method"": ""readObject""}"
70080,reflection,Method.invoke,"{""class"": ""java.util.Locale"", ""method"": ""readResolve""}"
70088,reflection,Method.invoke,"{""class"": ""java.util.Locale"", ""method"": ""readObject""}"
70096,reflection,Method.invoke,"{""class"": ""java.util.Locale"", ""method"": ""readResolve""}"
70104,reflection,Method.invoke,"{""class"": ""java.util.Locale"", ""method"": ""readObject""}"
70113,reflection,Method.invoke,"{""class"": ""java.util.Locale"", ""method"": ""readResolve""}"
70120,reflection,Method.invoke,"{""class"": ""java.util.Locale"", ""method"": ""readObject""}"
70129,reflection,Method.invoke,"{""class"": ""java.util.Locale"", ""method"": ""readResolve""}"
70138,reflection,Method.invoke,"{""class"": ""java.util.Locale"", ""method"": ""readObject""}"
70144,reflection,Method.invoke,"{""class"": ""java.util.Locale"", ""method"": ""readResolve""}"
70153,reflection,Method.invoke,"{""class"": ""java.util.Locale"", ""method"": ""readObject""}"
70159,reflection,Method.invoke,"{""class"": ""java.util.Locale"", ""method"": ""readResolve""}"
70167,reflection,Method.invoke,"{""class"": ""java.util.Locale"", ""method"": ""readObject""}"
70172,reflection,Method.invoke,"{""class"": ""java.util.Locale"", ""method"": ""readResolve""}"
70180,reflection,Method.invoke,"{""class"": ""java.util.Locale"", ""method"": ""readObject""}"
70189,reflection,Method.invoke,"{""class"": ""java.util.Locale"", ""method"": ""readResolve""}"
70196,reflection,Method.invoke,"{""class"": ""java.util.Locale"", ""method"": ""readObject""}"
70204,reflection,Method.invoke,"{""class"": ""java.util.Locale"", ""method"": ""readResolve""}"
70211,reflection,Method.invoke,"{""class"": ""java.util.Locale"", ""method"": ""readObject""}"
70220,reflection,Method.invoke,"{""class"": ""java.util.Locale"", ""method"": ""readResolve""}"
70226,reflection,Method.invoke,"{""class"": ""java.util.Locale"", ""method"": ""readObject""}"
70234,reflection,Method.invoke,"{""class"": ""java.util.Locale"", ""method"": ""readResolve""}"
70241,reflection,Method.invoke,"{""class"": ""java.util.Locale"", ""method"": ""readObject""}"
70249,reflection,Method.invoke,"{""class"": ""java.util.Locale"", ""method"": ""readResolve""}"
70259,reflection,Method.invoke,"{""class"": ""java.util.Locale"", ""method"": ""readObject""}"
70265,reflection,Method.invoke,"{""class"": ""java.util.Locale"", ""method"": ""readResolve""}"
70280,reflection,Method.invoke,"{""class"": ""java.util.Locale"", ""method"": ""readObject""}"
70286,reflection,Method.invoke,"{""class"": ""java.util.Locale"", ""method"": ""readResolve""}"
70295,reflection,Method.invoke,"{""class"": ""java.util.Locale"", ""method"": ""readObject""}"
70303,reflection,Method.invoke,"{""class"": ""java.util.Locale"", ""method"": ""readResolve""}"
70309,reflection,Method.invoke,"{""class"": ""java.util.Locale"", ""method"": ""readObject""}"
70316,reflection,Method.invoke,"{""class"": ""java.util.Locale"", ""method"": ""readResolve""}"
70324,reflection,Method.invoke,"{""class"": ""java.util.Locale"", ""method"": ""readObject""}"
70332,reflection,Method.invoke,"{""class"": ""java.util.Locale"", ""method"": ""readResolve""}"
70338,reflection,Method.invoke,"{""class"": ""java.util.Locale"", ""method"": ""readObject""}"
70346,reflection,Method.invoke,"{""class"": ""java.util.Locale"", ""method"": ""readResolve""}"
70354,reflection,Method.invoke,"{""class"": ""java.util.Locale"", ""method"": ""readObject""}"
70361,reflection,Method.invoke,"{""class"": ""java.util.Locale"", ""method"": ""readResolve""}"
70370,reflection,Method.invoke,"{""class"": ""java.util.Locale"", ""method"": ""readObject""}"
70378,reflection,Method.invoke,"{""class"": ""java.util.Locale"", ""method"": ""readResolve""}"
70384,reflection,Method.invoke,"{""class"": ""java.util.Locale"", ""method"": ""readObject""}"
70393,reflection,Method.invoke,"{""class"": ""java.util.Locale"", ""method"": ""readResolve""}"
70402,reflection,Method.invoke,"{""class"": ""java.util.Locale"", ""method"": ""readObject""}"
70409,reflection,Method.invoke,"{""class"": ""java.util.Locale"", ""method"": ""readResolve""}"
70416,reflection,Method.invoke,"{""class"": ""java.util.Locale"", ""method"": ""readObject""}"
70424,reflection,Method.invoke,"{""class"": ""java.util.Locale"", ""method"": ""readResolve""}"
70431,reflection,Method.invoke,"{""class"": ""java.util.Locale"", ""method"": ""readObject""}"
70437,reflection,Method.invoke,"{""class"": ""java.util.Locale"", ""method"": ""readResolve""}"
70444,reflection,Method.invoke,"{""class"": ""java.util.Locale"", ""method"": ""readObject""}"
70450,reflection,Method.invoke,"{""class"": ""java.util.Locale"", ""method"": ""readResolve""}"
70459,reflection,Method.invoke,"{""class"": ""java.util.Locale"", ""method"": ""readObject""}"
70465,reflection,Method.invoke,"{""class"": ""java.util.Locale"", ""method"": ""readResolve""}"
70474,reflection,Method.invoke,"{""class"": ""java.util.Locale"", ""method"": ""readObject""}"
70482,reflection,Method.invoke,"{""class"": ""java.util.Locale"", ""method"": ""readResolve""}"
70491,reflection,Method.invoke,"{""class"": ""java.util.Locale"", ""method"": ""readObject""}"
70497,reflection,Method.invoke,"{""class"": ""java.util.Locale"", ""method"": ""readResolve""}"
70504,reflection,Method.invoke,"{""class"": ""java.util.Locale"", ""method"": ""readObject""}"
70511,reflection,Method.invoke,"{""class"": ""java.util.Locale"", ""method"": ""readResolve""}"
70518,reflection,Method.invoke,"{""class"": ""java.util.Locale"", ""method"": ""readObject""}"
70526,reflection,Method.invoke,"{""class"": ""java.util.Locale"", ""method"": ""readResolve""}"
70532,reflection,Method.invoke,"{""class"": ""java.util.Locale"", ""method"": ""readObject""}"
70539,reflection,Method.invoke,"{""class"": ""java.util.Locale"", ""method"": ""readResolve""}"
70549,reflection,Method.invoke,"{""class"": ""java.util.Locale"", ""method"": ""readObject""}"
70554,reflection,Method.invoke,"{""class"": ""java.util.Locale"", ""method"": ""readResolve""}"
70563,reflection,Method.invoke,"{""class"": ""java.util.Locale"", ""method"": ""readObject""}"
70570,reflection,Method.invoke,"{""class"": ""java.util.Locale"", ""method"": ""readResolve""}"
70577,reflection,Method.invoke,"{""class"": ""java.util.Locale"", ""method"": ""readObject""}"
70584,reflection,Method.invoke,"{""class"": ""java.util.Locale"", ""method"": ""readResolve""}"
70591,reflection,Method.invoke,"{""class"": ""java.util.Locale"", ""method"": ""readObject""}"
70597,reflection,Method.invoke,"{""class"": ""java.util.Locale"", ""method"": ""readResolve""}"
70604,reflection,Method.invoke,"{""class"": ""java.util.Locale"", ""method"": ""readObject""}"
70612,reflection,Method.invoke,"{""class"": ""java.util.Locale"", ""method"": ""readResolve""}"
70617,reflection,Method.invoke,"{""class"": ""java.util.Locale"", ""method"": ""readObject""}"
70624,reflection,Method.invoke,"{""class"": ""java.util.Locale"", ""method"": ""readResolve""}"
70633,reflection,Method.invoke,"{""class"": ""java.util.Locale"", ""method"": ""readObject""}"
70640,reflection,Method.invoke,"{""class"": ""java.util.Locale"", ""method"": ""readResolve""}"
70648,reflection,Method.invoke,"{""class"": ""java.util.Locale"", ""method"": ""readObject""}"
70655,reflection,Method.invoke,"{""class"": ""java.util.Locale"", ""method"": ""readResolve""}"
70663,reflection,Method.invoke,"{""class"": ""java.util.Locale"", ""method"": ""readObject""}"
70670,reflection,Method.invoke,"{""class"": ""java.util.Locale"", ""method"": ""readResolve""}"
70678,reflection,Method.invoke,"{""class"": ""java.util.Locale"", ""method"": ""readObject""}"
70686,reflection,Method.invoke,"{""class"": ""java.util.Locale"", ""method"": ""readResolve""}"
70693,reflection,Method.invoke,"{""class"": ""java.util.Locale"", ""method"": ""readObject""}"
70701,reflection,Method.invoke,"{""class"": ""java.util.Locale"", ""method"": ""readResolve""}"
70709,reflection,Method.invoke,"{""class"": ""java.util.Locale"", ""method"": ""readObject""}"
70716,reflection,Method.invoke,"{""class"": ""java.util.Locale"", ""method"": ""readResolve""}"
70723,reflection,Method.invoke,"{""class"": ""java.util.Locale"", ""method"": ""readObject""}"
70729,reflection,Method.invoke,"{""class"": ""java.util.Locale"", ""method"": ""readResolve""}"
70736,reflection,Method.invoke,"{""class"": ""java.util.Locale"", ""method"": ""readObject""}"
70743,reflection,Method.invoke,"{""class"": ""java.util.Locale"", ""method"": ""readResolve""}"
70752,reflection,Method.invoke,"{""class"": ""java.util.Locale"", ""method"": ""readObject""}"
70760,reflection,Method.invoke,"{""class"": ""java.util.Locale"", ""method"": ""readResolve""}"
70767,reflection,Method.invoke,"{""class"": ""java.util.Locale"", ""method"": ""readObject""}"
70774,reflection,Method.invoke,"{""class"": ""java.util.Locale"", ""method"": ""readResolve""}"
70781,reflection,Method.invoke,"{""class"": ""java.util.Locale"", ""method"": ""readObject""}"
70788,reflection,Method.invoke,"{""class"": ""java.util.Locale"", ""method"": ""readResolve""}"
70797,reflection,Method.invoke,"{""class"": ""java.util.Locale"", ""method"": ""readObject""}"
70803,reflection,Method.invoke,"{""class"": ""java.util.Locale"", ""method"": ""readResolve""}"
70809,reflection,Method.invoke,"{""class"": ""java.util.Locale"", ""method"": ""readObject""}"
70817,reflection,Method.invoke,"{""class"": ""java.util.Locale"", ""method"": ""readResolve""}"
70824,reflection,Method.invoke,"{""class"": ""java.util.Locale"", ""method"": ""readObject""}"
70832,reflection,Method.invoke,"{""class"": ""java.util.Locale"", ""method"": ""readResolve""}"
70841,reflection,Method.invoke,"{""class"": ""java.util.Locale"", ""method"": ""readObject""}"
70849,reflection,Method.invoke,"{""class"": ""java.util.Locale"", ""method"": ""readResolve""}"
70855,reflection,Method.invoke,"{""class"": ""java.util.Locale"", ""method"": ""readObject""}"
70863,reflection,Method.invoke,"{""class"": ""java.util.Locale"", ""method"": ""readResolve""}"
70870,reflection,Method.invoke,"{""class"": ""java.util.Locale"", ""method"": ""readObject""}"
70876,reflection,Method.invoke,"{""class"": ""java.util.Locale"", ""method"": ""readResolve""}"
70883,reflection,Method.invoke,"{""class"": ""java.util.Locale"", ""method"": ""readObject""}"
70891,reflection,Method.invoke,"{""class"": ""java.util.Locale"", ""method"": ""readResolve""}"
70900,reflection,Method.invoke,"{""class"": ""java.util.Locale"", ""method"": ""readObject""}"
70907,reflection,Method.invoke,"{""class"": ""java.util.Locale"", ""method"": ""readResolve""}"
70916,reflection,Method.invoke,"{""class"": ""java.util.Locale"", ""method"": ""readObject""}"
70924,reflection,Method.invoke,"{""class"": ""java.util.Locale"", ""method"": ""readResolve""}"
70932,reflection,Method.invoke,"{""class"": ""java.util.Locale"", ""method"": ""readObject""}"
70939,reflection,Method.invoke,"{""class"": ""java.util.Locale"", ""method"": ""readResolve""}"
70947,reflection,Method.invoke,"{""class"": ""java.util.Locale"", ""method"": ""readObject""}"
70953,reflection,Method.invoke,"{""class"": ""java.util.Locale"", ""method"": ""readResolve""}"
70963,reflection,Method.invoke,"{""class"": ""java.util.Locale"", ""method"": ""readObject""}"
70971,reflection,Method.invoke,"{""class"": ""java.util.Locale"", ""method"": ""readResolve""}"
70978,reflection,Method.invoke,"{""class"": ""java.util.Locale"", ""method"": ""readObject""}"
70986,reflection,Method.invoke,"{""class"": ""java.util.Locale"", ""method"": ""readResolve""}"
70996,reflection,Method.invoke,"{""class"": ""java.util.Locale"", ""method"": ""readObject""}"
71002,reflection,Method.invoke,"{""class"": ""java.util.Locale"", ""method"": ""readResolve""}"
71011,reflection,Method.invoke,"{""class"": ""java.util.Locale"", ""method"": ""readObject""}"
71019,reflection,Method.invoke,"{""class"": ""java.util.Locale"", ""method"": ""readResolve""}"
71028,reflection,Method.invoke,"{""class"": ""java.util.Locale"", ""method"": ""readObject""}"
71035,reflection,Method.invoke,"{""class"": ""java.util.Locale"", ""method"": ""readResolve""}"
71044,reflection,Method.invoke,"{""class"": ""java.util.Locale"", ""method"": ""readObject""}"
71051,reflection,Method.invoke,"{""class"": ""java.util.Locale"", ""method"": ""readResolve""}"
71057,reflection,Method.invoke,"{""class"": ""java.util.Locale"", ""method"": ""readObject""}"
71063,reflection,Method.invoke,"{""class"": ""java.util.Locale"", ""method"": ""readResolve""}"
71074,reflection,Method.invoke,"{""class"": ""java.util.Locale"", ""method"": ""readObject""}"
71082,reflection,Method.invoke,"{""class"": ""java.util.Locale"", ""method"": ""readResolve""}"
71089,reflection,Method.invoke,"{""class"": ""java.util.Locale"", ""method"": ""readObject""}"
71098,reflection,Method.invoke,"{""class"": ""java.util.Locale"", ""method"": ""readResolve""}"
71108,reflection,Method.invoke,"{""class"": ""java.util.Locale"", ""method"": ""readObject""}"
71113,reflection,Method.invoke,"{""class"": ""java.util.Locale"", ""method"": ""readResolve""}"
71122,reflection,Method.invoke,"{""class"": ""java.util.Locale"", ""method"": ""readObject""}"
71130,reflection,Method.invoke,"{""class"": ""java.util.Locale"", ""method"": ""readResolve""}"
71138,reflection,Method.invoke,"{""class"": ""java.util.Locale"", ""method"": ""readObject""}"
71146,reflection,Method.invoke,"{""class"": ""java.util.Locale"", ""method"": ""readResolve""}"
71153,reflection,Method.invoke,"{""class"": ""java.util.Locale"", ""method"": ""readObject""}"
71160,reflection,Method.invoke,"{""class"": ""java.util.Locale"", ""method"": ""readResolve""}"
71168,reflection,Method.invoke,"{""class"": ""java.util.Locale"", ""method"": ""readObject""}"
71178,reflection,Method.invoke,"{""class"": ""java.util.Locale"", ""method"": ""readResolve""}"
71187,reflection,Method.invoke,"{""class"": ""java.util.Locale"", ""method"": ""readObject""}"
71195,reflection,Method.invoke,"{""class"": ""java.util.Locale"", ""method"": ""readResolve""}"
71201,reflection,Method.invoke,"{""class"": ""java.util.Locale"", ""method"": ""readObject""}"
71207,reflection,Method.invoke,"{""class"": ""java.util.Locale"", ""method"": ""readResolve""}"
71215,reflection,Method.invoke,"{""class"": ""java.util.Locale"", ""method"": ""readObject""}"
71224,reflection,Method.invoke,"{""class"": ""java.util.Locale"", ""method"": ""readResolve""}"
71230,reflection,Method.invoke,"{""class"": ""java.util.Locale"", ""method"": ""readObject""}"
71246,reflection,Method.invoke,"{""class"": ""java.util.Locale"", ""method"": ""readResolve""}"
71255,reflection,Method.invoke,"{""class"": ""java.util.Locale"", ""method"": ""readObject""}"
71263,reflection,Method.invoke,"{""class"": ""java.util.Locale"", ""method"": ""readResolve""}"
71271,reflection,Method.invoke,"{""class"": ""java.util.Locale"", ""method"": ""readObject""}"
71277,reflection,Method.invoke,"{""class"": ""java.util.Locale"", ""method"": ""readResolve""}"
71285,reflection,Method.invoke,"{""class"": ""java.util.Locale"", ""method"": ""readObject""}"
71293,reflection,Method.invoke,"{""class"": ""java.util.Locale"", ""method"": ""readResolve""}"
71300,reflection,Method.invoke,"{""class"": ""java.util.Locale"", ""method"": ""readObject""}"
71308,reflection,Method.invoke,"{""class"": ""java.util.Locale"", ""method"": ""readResolve""}"
71315,reflection,Method.invoke,"{""class"": ""java.util.Locale"", ""method"": ""readObject""}"
71323,reflection,Method.invoke,"{""class"": ""java.util.Locale"", ""method"": ""readResolve""}"
71330,reflection,Method.invoke,"{""class"": ""java.util.Locale"", ""method"": ""readObject""}"
71340,reflection,Method.invoke,"{""class"": ""java.util.Locale"", ""method"": ""readResolve""}"
71346,reflection,Method.invoke,"{""class"": ""java.util.Locale"", ""method"": ""readObject""}"
71353,reflection,Method.invoke,"{""class"": ""java.util.Locale"", ""method"": ""readResolve""}"
71362,reflection,Method.invoke,"{""class"": ""java.util.Locale"", ""method"": ""readObject""}"
71369,reflection,Method.invoke,"{""class"": ""java.util.Locale"", ""method"": ""readResolve""}"
71377,reflection,Method.invoke,"{""class"": ""java.util.Locale"", ""method"": ""readObject""}"
71383,reflection,Method.invoke,"{""class"": ""java.util.Locale"", ""method"": ""readResolve""}"
71390,reflection,Method.invoke,"{""class"": ""java.util.Locale"", ""method"": ""readObject""}"
71397,reflection,Method.invoke,"{""class"": ""java.util.Locale"", ""method"": ""readResolve""}"
71405,reflection,Method.invoke,"{""class"": ""java.util.Locale"", ""method"": ""readObject""}"
71413,reflection,Method.invoke,"{""class"": ""java.util.Locale"", ""method"": ""readResolve""}"
71420,reflection,Method.invoke,"{""class"": ""java.util.Locale"", ""method"": ""readObject""}"
71426,reflection,Method.invoke,"{""class"": ""java.util.Locale"", ""method"": ""readResolve""}"
71434,reflection,Method.invoke,"{""class"": ""java.util.Locale"", ""method"": ""readObject""}"
71441,reflection,Method.invoke,"{""class"": ""java.util.Locale"", ""method"": ""readResolve""}"
71448,reflection,Method.invoke,"{""class"": ""java.util.Locale"", ""method"": ""readObject""}"
71455,reflection,Method.invoke,"{""class"": ""java.util.Locale"", ""method"": ""readResolve""}"
71462,reflection,Method.invoke,"{""class"": ""java.util.Locale"", ""method"": ""readObject""}"
71473,reflection,Method.invoke,"{""class"": ""java.util.Locale"", ""method"": ""readResolve""}"
71480,reflection,Method.invoke,"{""class"": ""java.util.Locale"", ""method"": ""readObject""}"
71487,reflection,Method.invoke,"{""class"": ""java.util.Locale"", ""method"": ""readResolve""}"
71493,reflection,Method.invoke,"{""class"": ""java.util.Locale"", ""method"": ""readObject""}"
71501,reflection,Method.invoke,"{""class"": ""java.util.Locale"", ""method"": ""readResolve""}"
71510,reflection,Method.invoke,"{""class"": ""java.util.Locale"", ""method"": ""readObject""}"
71518,reflection,Method.invoke,"{""class"": ""java.util.Locale"", ""method"": ""readResolve""}"
71526,reflection,Method.invoke,"{""class"": ""java.util.Locale"", ""method"": ""readObject""}"
71534,reflection,Method.invoke,"{""class"": ""java.util.Locale"", ""method"": ""readResolve""}"
71541,reflection,Method.invoke,"{""class"": ""java.util.Locale"", ""method"": ""readObject""}"
71548,reflection,Method.invoke,"{""class"": ""java.util.Locale"", ""method"": ""readResolve""}"
71556,reflection,Method.invoke,"{""class"": ""java.util.Locale"", ""method"": ""readObject""}"
71563,reflection,Method.invoke,"{""class"": ""java.util.Locale"", ""method"": ""readResolve""}"
71572,reflection,Method.invoke,"{""class"": ""java.util.Locale"", ""method"": ""readObject""}"
71579,reflection,Method.invoke,"{""class"": ""java.util.Locale"", ""method"": ""readResolve""}"
71586,reflection,Method.invoke,"{""class"": ""java.util.Locale"", ""method"": ""readObject""}"
71593,reflection,Method.invoke,"{""class"": ""java.util.Locale"", ""method"": ""readResolve""}"
71602,reflection,Method.invoke,"{""class"": ""java.util.Locale"", ""method"": ""readObject""}"
71608,reflection,Method.invoke,"{""class"": ""java.util.Locale"", ""method"": ""readResolve""}"
71616,reflection,Method.invoke,"{""class"": ""java.util.Locale"", ""method"": ""readObject""}"
71625,reflection,Method.invoke,"{""class"": ""java.util.Locale"", ""method"": ""readResolve""}"
71631,reflection,Method.invoke,"{""class"": ""java.util.Locale"", ""method"": ""readObject""}"
71640,reflection,Method.invoke,"{""class"": ""java.util.Locale"", ""method"": ""readResolve""}"
71646,reflection,Method.invoke,"{""class"": ""java.util.Locale"", ""method"": ""readObject""}"
71651,reflection,Method.invoke,"{""class"": ""java.util.Locale"", ""method"": ""readResolve""}"
71660,reflection,Method.invoke,"{""class"": ""java.util.Locale"", ""method"": ""readObject""}"
71667,reflection,Method.invoke,"{""class"": ""java.util.Locale"", ""method"": ""readResolve""}"
71673,reflection,Method.invoke,"{""class"": ""java.util.Locale"", ""method"": ""readObject""}"
71680,reflection,Method.invoke,"{""class"": ""java.util.Locale"", ""method"": ""readResolve""}"
71687,reflection,Method.invoke,"{""class"": ""java.util.Locale"", ""method"": ""readObject""}"
71693,reflection,Method.invoke,"{""class"": ""java.util.Locale"", ""method"": ""readResolve""}"
71704,reflection,Method.invoke,"{""class"": ""java.util.Locale"", ""method"": ""readObject""}"
71709,reflection,Method.invoke,"{""class"": ""java.util.Locale"", ""method"": ""readResolve""}"
71718,reflection,Method.invoke,"{""class"": ""java.util.Locale"", ""method"": ""readObject""}"
71724,reflection,Method.invoke,"{""class"": ""java.util.Locale"", ""method"": ""readResolve""}"
71731,reflection,Method.invoke,"{""class"": ""java.util.Locale"", ""method"": ""readObject""}"
71738,reflection,Method.invoke,"{""class"": ""java.util.Locale"", ""method"": ""readResolve""}"
71745,reflection,Method.invoke,"{""class"": ""java.util.Locale"", ""method"": ""readObject""}"
71754,reflection,Method.invoke,"{""class"": ""java.util.Locale"", ""method"": ""readResolve""}"
71762,reflection,Method.invoke,"{""class"": ""java.util.Locale"", ""method"": ""readObject""}"
71769,reflection,Method.invoke,"{""class"": ""java.util.Locale"", ""method"": ""readResolve""}"
71776,reflection,Method.invoke,"{""class"": ""java.util.Locale"", ""method"": ""readObject""}"
71783,reflection,Method.invoke,"{""class"": ""java.util.Locale"", ""method"": ""readResolve""}"
71791,reflection,Method.invoke,"{""class"": ""java.util.Locale"", ""method"": ""readObject""}"
71798,reflection,Method.invoke,"{""class"": ""java.util.Locale"", ""method"": ""readResolve""}"
71806,reflection,Method.invoke,"{""class"": ""java.util.Locale"", ""method"": ""readObject""}"
71815,reflection,Method.invoke,"{""class"": ""java.util.Locale"", ""method"": ""readResolve""}"
71822,reflection,Method.invoke,"{""class"": ""java.util.Locale"", ""method"": ""readObject""}"
71828,reflection,Method.invoke,"{""class"": ""java.util.Locale"", ""method"": ""readResolve""}"
71836,reflection,Method.invoke,"{""class"": ""java.util.Locale"", ""method"": ""readObject""}"
71843,reflection,Method.invoke,"{""class"": ""java.util.Locale"", ""method"": ""readResolve""}"
71851,reflection,Method.invoke,"{""class"": ""java.util.Locale"", ""method"": ""readObject""}"
71857,reflection,Method.invoke,"{""class"": ""java.util.Locale"", ""method"": ""readResolve""}"
71865,reflection,Method.invoke,"{""class"": ""java.util.Locale"", ""method"": ""readObject""}"
71875,reflection,Method.invoke,"{""class"": ""java.util.Locale"", ""method"": ""readResolve""}"
71882,reflection,Method.invoke,"{""class"": ""java.util.Locale"", ""method"": ""readObject""}"
71889,reflection,Method.invoke,"{""class"": ""java.util.Locale"", ""method"": ""readResolve""}"
71896,reflection,Method.invoke,"{""class"": ""java.util.Locale"", ""method"": ""readObject""}"
71905,reflection,Method.invoke,"{""class"": ""java.util.Locale"", ""method"": ""readResolve""}"
71911,reflection,Method.invoke,"{""class"": ""java.util.Locale"", ""method"": ""readObject""}"
71919,reflection,Method.invoke,"{""class"": ""java.util.Locale"", ""method"": ""readResolve""}"
71927,reflection,Method.invoke,"{""class"": ""java.util.Locale"", ""method"": ""readObject""}"
71933,reflection,Method.invoke,"{""class"": ""java.util.Locale"", ""method"": ""readResolve""}"
71942,reflection,Method.invoke,"{""class"": ""java.util.Locale"", ""method"": ""readObject""}"
71950,reflection,Method.invoke,"{""class"": ""java.util.Locale"", ""method"": ""readResolve""}"
71958,reflection,Method.invoke,"{""class"": ""java.util.Locale"", ""method"": ""readObject""}"
71963,reflection,Method.invoke,"{""class"": ""java.util.Locale"", ""method"": ""readResolve""}"
71972,reflection,Method.invoke,"{""class"": ""java.util.Locale"", ""method"": ""readObject""}"
71978,reflection,Method.invoke,"{""class"": ""java.util.Locale"", ""method"": ""readResolve""}"
71984,reflection,Method.invoke,"{""class"": ""java.util.Locale"", ""method"": ""readObject""}"
71993,reflection,Method.invoke,"{""class"": ""java.util.Locale"", ""method"": ""readResolve""}"
72000,reflection,Method.invoke,"{""class"": ""java.util.Locale"", ""method"": ""readObject""}"
72007,reflection,Method.invoke,"{""class"": ""java.util.Locale"", ""method"": ""readResolve""}"
72014,reflection,Method.invoke,"{""class"": ""java.util.Locale"", ""method"": ""readObject""}"
72021,reflection,Method.invoke,"{""class"": ""java.util.Locale"", ""method"": ""readResolve""}"
72030,reflection,Method.invoke,"{""class"": ""java.util.Locale"", ""method"": ""readObject""}"
72037,reflection,Method.invoke,"{""class"": ""java.util.Locale"", ""method"": ""readResolve""}"
72045,reflection,Method.invoke,"{""class"": ""java.util.Locale"", ""method"": ""readObject""}"
72052,reflection,Method.invoke,"{""class"": ""java.util.Locale"", ""method"": ""readResolve""}"
72060,reflection,Method.invoke,"{""class"": ""java.util.Locale"", ""method"": ""readObject""}"
72066,reflection,Method.invoke,"{""class"": ""java.util.Locale"", ""method"": ""readResolve""}"
72074,reflection,Method.invoke,"{""class"": ""java.util.Locale"", ""method"": ""readObject""}"
72082,reflection,Method.invoke,"{""class"": ""java.util.Locale"", ""method"": ""readResolve""}"
72090,reflection,Method.invoke,"{""class"": ""java.util.Locale"", ""method"": ""readObject""}"
72097,reflection,Method.invoke,"{""class"": ""java.util.Locale"", ""method"": ""readResolve""}"
72106,reflection,Method.invoke,"{""class"": ""java.util.Locale"", ""method"": ""readObject""}"
72112,reflection,Method.invoke,"{""class"": ""java.util.Locale"", ""method"": ""readResolve""}"
72122,reflection,Method.invoke,"{""class"": ""java.util.Locale"", ""method"": ""readObject""}"
72130,reflection,Method.invoke,"{""class"": ""java.util.Locale"", ""method"": ""readResolve""}"
72138,reflection,Method.invoke,"{""class"": ""java.util.Locale"", ""method"": ""readObject""}"
72144,reflection,Method.invoke,"{""class"": ""java.util.Locale"", ""method"": ""readResolve""}"
72152,reflection,Method.invoke,"{""class"": ""java.util.Locale"", ""method"": ""readObject""}"
72159,reflection,Method.invoke,"{""class"": ""java.util.Locale"", ""method"": ""readResolve""}"
72167,reflection,Method.invoke,"{""class"": ""java.util.Locale"", ""method"": ""readObject""}"
72174,reflection,Method.invoke,"{""class"": ""java.util.Locale"", ""method"": ""readResolve""}"
72182,reflection,Method.invoke,"{""class"": ""java.util.Locale"", ""method"": ""readObject""}"
72188,reflection,Method.invoke,"{""class"": ""java.util.Locale"", ""method"": ""readResolve""}"
72197,reflection,Method.invoke,"{""class"": ""java.util.Locale"", ""method"": ""readObject""}"
72203,reflection,Method.invoke,"{""class"": ""java.util.Locale"", ""method"": ""readResolve""}"
72212,reflection,Method.invoke,"{""class"": ""java.util.Locale"", ""method"": ""readObject""}"
72220,reflection,Method.invoke,"{""class"": ""java.util.Locale"", ""method"": ""readResolve""}"
72229,reflection,Method.invoke,"{""class"": ""java.util.Locale"", ""method"": ""readObject""}"
72236,reflection,Method.invoke,"{""class"": ""java.util.Locale"", ""method"": ""readResolve""}"
72244,reflection,Method.invoke,"{""class"": ""java.util.Locale"", ""method"": ""readObject""}"
72251,reflection,Method.invoke,"{""class"": ""java.util.Locale"", ""method"": ""readResolve""}"
72259,reflection,Method.invoke,"{""class"": ""java.util.Locale"", ""method"": ""readObject""}"
72265,reflection,Method.invoke,"{""class"": ""java.util.Locale"", ""method"": ""readResolve""}"
72272,reflection,Method.invoke,"{""class"": ""java.util.Locale"", ""method"": ""readObject""}"
72279,reflection,Method.invoke,"{""class"": ""java.util.Locale"", ""method"": ""readResolve""}"
72286,reflection,Method.invoke,"{""class"": ""java.util.Locale"", ""method"": ""readObject""}"
72293,reflection,Method.invoke,"{""class"": ""java.util.Locale"", ""method"": ""readResolve""}"
72303,reflection,Method.invoke,"{""class"": ""java.util.Locale"", ""method"": ""readObject""}"
72309,reflection,Method.invoke,"{""class"": ""java.util.Locale"", ""method"": ""readResolve""}"
72317,reflection,Method.invoke,"{""class"": ""java.util.Locale"", ""method"": ""readObject""}"
72324,reflection,Method.invoke,"{""class"": ""java.util.Locale"", ""method"": ""readResolve""}"
72333,reflection,Method.invoke,"{""class"": ""java.util.Locale"", ""method"": ""readObject""}"
72339,reflection,Method.invoke,"{""class"": ""java.util.Locale"", ""method"": ""readResolve""}"
72347,reflection,Method.invoke,"{""class"": ""java.util.Locale"", ""method"": ""readObject""}"
72357,reflection,Method.invoke,"{""class"": ""java.util.Locale"", ""method"": ""readResolve""}"
72364,reflection,Method.invoke,"{""class"": ""java.util.Locale"", ""method"": ""readObject""}"
72370,reflection,Method.invoke,"{""class"": ""java.util.Locale"", ""method"": ""readResolve""}"
72379,reflection,Method.invoke,"{""class"": ""java.util.Locale"", ""method"": ""readObject""}"
72384,reflection,Method.invoke,"{""class"": ""java.util.Locale"", ""method"": ""readResolve""}"
72391,reflection,Method.invoke,"{""class"": ""java.util.Locale"", ""method"": ""readObject""}"
72398,reflection,Method.invoke,"{""class"": ""java.util.Locale"", ""method"": ""readResolve""}"
72407,reflection,Method.invoke,"{""class"": ""java.util.Locale"", ""method"": ""readObject""}"
72413,reflection,Method.invoke,"{""class"": ""java.util.Locale"", ""method"": ""readResolve""}"
72420,reflection,Method.invoke,"{""class"": ""java.util.Locale"", ""method"": ""readObject""}"
72428,reflection,Method.invoke,"{""class"": ""java.util.Locale"", ""method"": ""readResolve""}"
72435,reflection,Method.invoke,"{""class"": ""java.util.Locale"", ""method"": ""readObject""}"
72443,reflection,Method.invoke,"{""class"": ""java.util.Locale"", ""method"": ""readResolve""}"
72450,reflection,Method.invoke,"{""class"": ""java.util.Locale"", ""method"": ""readObject""}"
72459,reflection,Method.invoke,"{""class"": ""java.util.Locale"", ""method"": ""readResolve""}"
72466,reflection,Method.invoke,"{""class"": ""java.util.Locale"", ""method"": ""readObject""}"
72475,reflection,Method.invoke,"{""class"": ""java.util.Locale"", ""method"": ""readResolve""}"
72483,reflection,Method.invoke,"{""class"": ""java.util.Locale"", ""method"": ""readObject""}"
72491,reflection,Method.invoke,"{""class"": ""java.util.Locale"", ""method"": ""readResolve""}"
72498,reflection,Method.invoke,"{""class"": ""java.util.Locale"", ""method"": ""readObject""}"
72505,reflection,Method.invoke,"{""class"": ""java.util.Locale"", ""method"": ""readResolve""}"
72513,reflection,Method.invoke,"{""class"": ""java.util.Locale"", ""method"": ""readObject""}"
72521,reflection,Method.invoke,"{""class"": ""java.util.Locale"", ""method"": ""readResolve""}"
72528,reflection,Method.invoke,"{""class"": ""java.util.Locale"", ""method"": ""readObject""}"
72536,reflection,Method.invoke,"{""class"": ""java.util.Locale"", ""method"": ""readResolve""}"
72545,reflection,Method.invoke,"{""class"": ""java.util.Locale"", ""method"": ""readObject""}"
72553,reflection,Method.invoke,"{""class"": ""java.util.Locale"", ""method"": ""readResolve""}"
72559,reflection,Method.invoke,"{""class"": ""java.util.Locale"", ""method"": ""readObject""}"
72569,reflection,Method.invoke,"{""class"": ""java.util.Locale"", ""method"": ""readResolve""}"
72578,reflection,Method.invoke,"{""class"": ""java.util.Locale"", ""method"": ""readObject""}"
72584,reflection,Method.invoke,"{""class"": ""java.util.Locale"", ""method"": ""readResolve""}"
72591,reflection,Method.invoke,"{""class"": ""java.util.Locale"", ""method"": ""readObject""}"
72597,reflection,Method.invoke,"{""class"": ""java.util.Locale"", ""method"": ""readResolve""}"
72606,reflection,Method.invoke,"{""class"": ""java.util.Locale"", ""method"": ""readObject""}"
72613,reflection,Method.invoke,"{""class"": ""java.util.Locale"", ""method"": ""readResolve""}"
72622,reflection,Method.invoke,"{""class"": ""java.util.Locale"", ""method"": ""readObject""}"
72628,reflection,Method.invoke,"{""class"": ""java.util.Locale"", ""method"": ""readResolve""}"
72637,reflection,Method.invoke,"{""class"": ""java.util.Locale"", ""method"": ""readObject""}"
72645,reflection,Method.invoke,"{""class"": ""java.util.Locale"", ""method"": ""readResolve""}"
72653,reflection,Method.invoke,"{""class"": ""java.util.Locale"", ""method"": ""readObject""}"
72660,reflection,Method.invoke,"{""class"": ""java.util.Locale"", ""method"": ""readResolve""}"
72670,reflection,Method.invoke,"{""class"": ""java.util.Locale"", ""method"": ""readObject""}"
72679,reflection,Method.invoke,"{""class"": ""java.util.Locale"", ""method"": ""readResolve""}"
72686,reflection,Method.invoke,"{""class"": ""java.util.Locale"", ""method"": ""readObject""}"
72692,reflection,Method.invoke,"{""class"": ""java.util.Locale"", ""method"": ""readResolve""}"
72699,reflection,Method.invoke,"{""class"": ""java.util.Locale"", ""method"": ""readObject""}"
72706,reflection,Method.invoke,"{""class"": ""java.util.Locale"", ""method"": ""readResolve""}"
72712,reflection,Method.invoke,"{""class"": ""java.util.Locale"", ""method"": ""readObject""}"
72721,reflection,Method.invoke,"{""class"": ""java.util.Locale"", ""method"": ""readResolve""}"
72730,reflection,Method.invoke,"{""class"": ""java.util.Locale"", ""method"": ""readObject""}"
72737,reflection,Method.invoke,"{""class"": ""java.util.Locale"", ""method"": ""readResolve""}"
72745,reflection,Method.invoke,"{""class"": ""java.util.Locale"", ""method"": ""readObject""}"
72754,reflection,Method.invoke,"{""class"": ""java.util.Locale"", ""method"": ""readResolve""}"
72761,reflection,Method.invoke,"{""class"": ""java.util.Locale"", ""method"": ""readObject""}"
72767,reflection,Method.invoke,"{""class"": ""java.util.Locale"", ""method"": ""readResolve""}"
72775,reflection,Method.invoke,"{""class"": ""java.util.Locale"", ""method"": ""readObject""}"
72783,reflection,Method.invoke,"{""class"": ""java.util.Locale"", ""method"": ""readResolve""}"
72790,reflection,Method.invoke,"{""class"": ""java.util.Locale"", ""method"": ""readObject""}"
72798,reflection,Method.invoke,"{""class"": ""java.util.Locale"", ""method"": ""readResolve""}"
72805,reflection,Method.invoke,"{""class"": ""java.util.Locale"", ""method"": ""readObject""}"
72813,reflection,Method.invoke,"{""class"": ""java.util.Locale"", ""method"": ""readResolve""}"
72820,reflection,Method.invoke,"{""class"": ""java.util.Locale"", ""method"": ""readObject""}"
72827,reflection,Method.invoke,"{""class"": ""java.util.Locale"", ""method"": ""readResolve""}"
72835,reflection,Method.invoke,"{""class"": ""java.util.Locale"", ""method"": ""readObject""}"
72845,reflection,Method.invoke,"{""class"": ""java.util.Locale"", ""method"": ""readResolve""}"
72858,reflection,Method.invoke,"{""class"": ""java.util.Locale"", ""method"": ""readObject""}"
72864,reflection,Method.invoke,"{""class"": ""java.util.Locale"", ""method"": ""readResolve""}"
72871,reflection,Method.invoke,"{""class"": ""java.util.Locale"", ""method"": ""readObject""}"
72876,reflection,Method.invoke,"{""class"": ""java.util.Locale"", ""method"": ""readResolve""}"
72883,reflection,Method.invoke,"{""class"": ""java.util.Locale"", ""method"": ""readObject""}"
72891,reflection,Method.invoke,"{""class"": ""java.util.Locale"", ""method"": ""readResolve""}"
72899,reflection,Method.invoke,"{""class"": ""java.util.Locale"", ""method"": ""readObject""}"
72905,reflection,Method.invoke,"{""class"": ""java.util.Locale"", ""method"": ""readResolve""}"
72913,reflection,Method.invoke,"{""class"": ""java.util.Locale"", ""method"": ""readObject""}"
72919,reflection,Method.invoke,"{""class"": ""java.util.Locale"", ""method"": ""readResolve""}"
72929,reflection,Method.invoke,"{""class"": ""java.util.Locale"", ""method"": ""readObject""}"
72935,reflection,Method.invoke,"{""class"": ""java.util.Locale"", ""method"": ""readResolve""}"
72943,reflection,Method.invoke,"{""class"": ""java.util.Locale"", ""method"": ""readObject""}"
72948,reflection,Method.invoke,"{""class"": ""java.util.Locale"", ""method"": ""readResolve""}"
72958,reflection,Method.invoke,"{""class"": ""java.util.Locale"", ""method"": ""readObject""}"
72964,reflection,Method.invoke,"{""class"": ""java.util.Locale"", ""method"": ""readResolve""}"
72973,reflection,Method.invoke,"{""class"": ""java.util.Locale"", ""method"": ""readObject""}"
72979,reflection,Method.invoke,"{""class"": ""java.util.Locale"", ""method"": ""readResolve""}"
72987,reflection,Method.invoke,"{""class"": ""java.util.Locale"", ""method"": ""readObject""}"
72994,reflection,Method.invoke,"{""class"": ""java.util.Locale"", ""method"": ""readResolve""}"
73001,reflection,Method.invoke,"{""class"": ""java.util.Locale"", ""method"": ""readObject""}"
73009,reflection,Method.invoke,"{""class"": ""java.util.Locale"", ""method"": ""readResolve""}"
73016,reflection,Method.invoke,"{""class"": ""java.util.Locale"", ""method"": ""readObject""}"
73021,reflection,Method.invoke,"{""class"": ""java.util.Locale"", ""method"": ""readResolve""}"
73029,reflection,Method.invoke,"{""class"": ""java.util.Locale"", ""method"": ""readObject""}"
73036,reflection,Method.invoke,"{""class"": ""java.util.Locale"", ""method"": ""readResolve""}"
73043,reflection,Method.invoke,"{""class"": ""java.util.Locale"", ""method"": ""readObject""}"
73051,reflection,Method.invoke,"{""class"": ""java.util.Locale"", ""method"": ""readResolve""}"
73059,reflection,Method.invoke,"{""class"": ""java.util.Locale"", ""method"": ""readObject""}"
73064,reflection,Method.invoke,"{""class"": ""java.util.Locale"", ""method"": ""readResolve""}"
73076,reflection,Method.invoke,"{""class"": ""java.util.Locale"", ""method"": ""readObject""}"
73084,reflection,Method.invoke,"{""class"": ""java.util.Locale"", ""method"": ""readResolve""}"
73091,reflection,Method.invoke,"{""class"": ""java.util.Locale"", ""method"": ""readObject""}"
73097,reflection,Method.invoke,"{""class"": ""java.util.Locale"", ""method"": ""readResolve""}"
73105,reflection,Method.invoke,"{""class"": ""java.util.Locale"", ""method"": ""readObject""}"
73111,reflection,Method.invoke,"{""class"": ""java.util.Locale"", ""method"": ""readResolve""}"
73119,reflection,Method.invoke,"{""class"": ""java.util.Locale"", ""method"": ""readObject""}"
73126,reflection,Method.invoke,"{""class"": ""java.util.Locale"", ""method"": ""readResolve""}"
73135,reflection,Method.invoke,"{""class"": ""java.util.Locale"", ""method"": ""readObject""}"
73142,reflection,Method.invoke,"{""class"": ""java.util.Locale"", ""method"": ""readResolve""}"
73150,reflection,Method.invoke,"{""class"": ""java.util.Locale"", ""method"": ""readObject""}"
73157,reflection,Method.invoke,"{""class"": ""java.util.Locale"", ""method"": ""readResolve""}"
73165,reflection,Method.invoke,"{""class"": ""java.util.Locale"", ""method"": ""readObject""}"
73172,reflection,Method.invoke,"{""class"": ""java.util.Locale"", ""method"": ""readResolve""}"
73180,reflection,Method.invoke,"{""class"": ""java.util.Locale"", ""method"": ""readObject""}"
73186,reflection,Method.invoke,"{""class"": ""java.util.Locale"", ""method"": ""readResolve""}"
73195,reflection,Method.invoke,"{""class"": ""java.util.Locale"", ""method"": ""readObject""}"
73203,reflection,Method.invoke,"{""class"": ""java.util.Locale"", ""method"": ""readResolve""}"
73210,reflection,Method.invoke,"{""class"": ""java.util.Locale"", ""method"": ""readObject""}"
73218,reflection,Method.invoke,"{""class"": ""java.util.Locale"", ""method"": ""readResolve""}"
73226,reflection,Method.invoke,"{""class"": ""java.util.Locale"", ""method"": ""readObject""}"
73234,reflection,Method.invoke,"{""class"": ""java.util.Locale"", ""method"": ""readResolve""}"
73242,reflection,Method.invoke,"{""class"": ""java.util.Locale"", ""method"": ""readObject""}"
73249,reflection,Method.invoke,"{""class"": ""java.util.Locale"", ""method"": ""readResolve""}"
74955,reflection,Method.invoke,"{""class"": ""android.view.View"", ""method"": ""getElevation""}"
74977,reflection,Method.invoke,"{""class"": ""org.fossasia.susi.ai.chat.ChatActivity"", ""method"": ""openSettings""}"
75027,reflection,Method.invoke,"{""class"": ""android.view.View"", ""method"": ""getElevation""}"
75080,reflection,Method.invoke,"{""class"": ""android.view.ViewGroup"", ""method"": ""makeOptionalFitsSystemWindows""}"
75103,storage,SharedPreferences.getString,"{""key"": ""prefLanguage""}"
75116,network,okhttp3.RealCall.enqueue,"{""method"": ""GET"", ""url"": ""https://api.susi.ai/cms/getSkillMetricsData.json?model=general&language=en""}"
75128,reflection,Method.invoke,"{""class"": ""dalvik.system.CloseGuard"", ""method"": ""get""}"
75142,reflection,Method.invoke,"{""class"": ""dalvik.system.CloseGuard"", ""method"": ""open""}"
75154,network,Socket.connect,"{""endpoint"": ""api.susi.ai/167.235.1.187:443""}"
75215,reflection,Method.invoke,"{""class"": ""com.android.org.conscrypt.ConscryptFileDescriptorSocket"", ""method"": ""setUseSessionTickets""}"
75229,reflection,Method.invoke,"{""class"": ""com.android.org.conscrypt.ConscryptFileDescriptorSocket"", ""method"": ""setHostname""}"
75244,reflection,Method.invoke,"{""class"": ""com.android.org.conscrypt.OpenSSLSocketImpl"", ""method"": ""setAlpnProtocols""}"
75300,crypto,MessageDigest.getInstance,"{""algorithm"": ""MD5""}"
75306,crypto,MessageDigest.digest,{}
75315,crypto,MessageDigest.getInstance,"{""algorithm"": ""SHA1""}"
75318,crypto,MessageDigest.digest,{}
75336,crypto,MessageDigest.getInstance,"{""algorithm"": ""MD5""}"
75349,crypto,MessageDigest.digest,{}
75357,crypto,MessageDigest.getInstance,"{""algorithm"": ""SHA1""}"
75369,crypto,MessageDigest.digest,{}
75380,crypto,MessageDigest.getInstance,"{""algorithm"": ""MD5""}"
75387,crypto,MessageDigest.digest,{}
75398,crypto,MessageDigest.getInstance,"{""algorithm"": ""SHA1""}"
75401,crypto,MessageDigest.digest,{}
75409,crypto,MessageDigest.getInstance,"{""algorithm"": ""MD5""}"
75415,crypto,MessageDigest.digest,{}
75424,crypto,MessageDigest.getInstance,"{""algorithm"": ""SHA1""}"
75434,crypto,MessageDigest.digest,{}
75441,crypto,MessageDigest.getInstance,"{""algorithm"": ""SHA1""}"
75449,crypto,MessageDigest.digest,{}
75455,crypto,MessageDigest.getInstance,"{""algorithm"": ""SHA1""}"
75464,crypto,MessageDigest.digest,{}
75470,crypto,MessageDigest.getInstance,"{""algorithm"": ""SHA1""}"
75474,crypto,MessageDigest.digest,{}
75481,crypto,MessageDigest.getInstance,"{""algorithm"": ""SHA1""}"
75496,crypto,MessageDigest.digest,{}
75500,crypto,MessageDigest.getInstance,"{""algorithm"": ""SHA1""}"
75519,crypto,MessageDigest.digest,{}
75528,crypto,MessageDigest.getInstance,"{""algorithm"": ""SHA1""}"
75533,crypto,MessageDigest.digest,{}
75546,crypto,MessageDigest.getInstance,"{""algorithm"": ""SHA-256""}"
75553,crypto,MessageDigest.digest,{}
78450,reflection,Method.invoke,"{""class"": ""android.widget.PopupWindow"", ""method"": ""getMaxAvailableHeight""}"
78470,reflection,Method.invoke,"{""class"": ""android.widget.PopupWindow"", ""method"": ""setClipToScreenEnabled""}"
78485,reflection,Method.invoke,"{""class"": ""android.widget.PopupWindow"", ""method"": ""setEpicenterBounds""}"
78511,reflection,Method.invoke,"{""class"": ""android.widget.PopupWindow"", ""method"": ""getMaxAvailableHeight""}"
78549,reflection,Method.invoke,"{""class"": ""android.view.View"", ""method"": ""getTransitionAlpha""}"
81612,reflection,Method.invoke,"{""class"": ""android.view.View"", ""method"": ""getTransitionAlpha""}"
84469,reflection,Method.invoke,"{""class"": ""android.widget.PopupWindow"", ""method"": ""getMaxAvailableHeight""}"
84488,reflection,Method.invoke,"{""class"": ""android.widget.PopupWindow"", ""method"": ""setClipToScreenEnabled""}"
84503,reflection,Method.invoke,"{""class"": ""android.widget.PopupWindow"", ""method"": ""setEpicenterBounds""}"
84528,reflection,Method.invoke,"{""class"": ""android.widget.PopupWindow"", ""method"": ""getMaxAvailableHeight""}"
84553,reflection,Method.invoke,"{""class"": ""android.view.View"", ""method"": ""getTransitionAlpha""}"
87631,reflection,Method.invoke,"{""class"": ""android.view.View"", ""method"": ""getTransitionAlpha""}"
90517,reflection,Method.invoke,"{""class"": ""android.view.ViewGroup"", ""method"": ""makeOptionalFitsSystemWindows""}"
90550,storage,SharedPreferences.apply,{}
90560,audio,MediaRecorder.setAudioSource,"{""audioSource"": 1}"
90585,network,okhttp3.RealCall.enqueue,"{""method"": ""GET"", ""url"": ""http://ipinfo.io/json""}"
90598,reflection,Method.invoke,"{""class"": ""dalvik.system.CloseGuard"", ""method"": ""get""}"
90605,reflection,Method.invoke,"{""class"": ""dalvik.system.CloseGuard"", ""method"": ""open""}"
90627,location,LocationManager.requestLocationUpdates,"{""minDistance"": 10, ""minTime"": ""300000"", ""provider"": ""network""}"
90633,reflection,Method.invoke,"{""class"": ""android.security.NetworkSecurityPolicy"", ""method"": ""getInstance""}"
90648,location,LocationManager.requestLocationUpdates,"{""minDistance"": 10, ""minTime"": ""300000"", ""provider"": ""gps""}"
90663,reflection,Method.invoke,"{""class"": ""android.security.NetworkSecurityPolicy"", ""method"": ""isCleartextTrafficPermitted""}"
90720,reflection,Method.invoke,"{""class"": ""android.view.View"", ""method"": ""getElevation""}"
90733,reflection,Method.invoke,"{""class"": ""android.view.View"", ""method"": ""getElevation""}"
90747,reflection,Method.invoke,"{""class"": ""android.view.View"", ""method"": ""getElevation""}"
90771,reflection,Method.invoke,"{""class"": ""android.view.View"", ""method"": ""getElevation""}"
90849,ipc_intents,Context.bindService,"{""action"": ""android.intent.action.TTS_SERVICE"", ""flags"": 1, ""target"": ""android.intent.action.TTS_SERVICE""}"
90916,reflection,Method.invoke,"{""class"": ""java.util.Locale"", ""method"": ""readObject""}"
90921,reflection,Method.invoke,"{""class"": ""java.util.Locale"", ""method"": ""readResolve""}"
90935,reflection,Method.invoke,"{""class"": ""java.util.Locale"", ""method"": ""readObject""}"
90949,reflection,Method.invoke,"{""class"": ""java.util.Locale"", ""method"": ""readResolve""}"
90963,reflection,Method.invoke,"{""class"": ""java.util.Locale"", ""method"": ""readObject""}"
90972,reflection,Method.invoke,"{""class"": ""java.util.Locale"", ""method"": ""readResolve""}"
90984,reflection,Method.invoke,"{""class"": ""java.util.Locale"", ""method"": ""readObject""}"
90998,reflection,Method.invoke,"{""class"": ""java.util.Locale"", ""method"": ""readResolve""}"
91008,reflection,Method.invoke,"{""class"": ""java.util.Locale"", ""method"": ""readObject""}"
91017,reflection,Method.invoke,"{""class"": ""java.util.Locale"", ""method"": ""readResolve""}"
91028,reflection,Method.invoke,"{""class"": ""java.util.Locale"", ""method"": ""readObject""}"
91036,reflection,Method.invoke,"{""class"": ""java.util.Locale"", ""method"": ""readResolve""}"
91046,reflection,Method.invoke,"{""class"": ""java.util.Locale"", ""method"": ""readObject""}"
91052,reflection,Method.invoke,"{""class"": ""java.util.Locale"", ""method"": ""readResolve""}"
91059,reflection,Method.invoke,"{""class"": ""java.util.Locale"", ""method"": ""readObject""}"
91067,reflection,Method.invoke,"{""class"": ""java.util.Locale"", ""method"": ""readResolve""}"
91077,reflection,Method.invoke,"{""class"": ""java.util.Locale"", ""method"": ""readObject""}"
91085,reflection,Method.invoke,"{""class"": ""java.util.Locale"", ""method"": ""readResolve""}"
91092,reflection,Method.invoke,"{""class"": ""java.util.Locale"", ""method"": ""readObject""}"
91100,reflection,Method.invoke,"{""class"": ""java.util.Locale"", ""method"": ""readResolve""}"
91107,reflection,Method.invoke,"{""class"": ""java.util.Locale"", ""method"": ""readObject""}"
91129,reflection,Method.invoke,"{""class"": ""java.util.Locale"", ""method"": ""readResolve""}"
91138,reflection,Method.invoke,"{""class"": ""java.util.Locale"", ""method"": ""readObject""}"
91145,reflection,Method.invoke,"{""class"": ""java.util.Locale"", ""method"": ""readResolve""}"
91153,reflection,Method.invoke,"{""class"": ""java.util.Locale"", ""method"": ""readObject""}"
91161,reflection,Method.invoke,"{""class"": ""java.util.Locale"", ""method"": ""readResolve""}"
91168,reflection,Method.invoke,"{""class"": ""java.util.Locale"", ""method"": ""readObject""}"
91176,reflection,Method.invoke,"{""class"": ""java.util.Locale"", ""method"": ""readResolve""}"
91185,reflection,Method.invoke,"{""class"": ""java.util.Locale"", ""method"": ""readObject""}"
91191,reflection,Method.invoke,"{""class"": ""java.util.Locale"", ""method"": ""readResolve""}"
91197,reflection,Method.invoke,"{""class"": ""java.util.Locale"", ""method"": ""readObject""}"
91204,reflection,Method.invoke,"{""class"": ""java.util.Locale"", ""method"": ""readResolve""}"
91212,reflection,Method.invoke,"{""class"": ""java.util.Locale"", ""method"": ""readObject""}"
91218,reflection,Method.invoke,"{""class"": ""java.util.Locale"", ""method"": ""readResolve""}"
91226,reflection,Method.invoke,"{""class"": ""java.util.Locale"", ""method"": ""readObject""}"
91233,reflection,Method.invoke,"{""class"": ""java.util.Locale"", ""method"": ""readResolve""}"
91240,reflection,Method.invoke,"{""class"": ""java.util.Locale"", ""method"": ""readObject""}"
91246,reflection,Method.invoke,"{""class"": ""java.util.Locale"", ""method"": ""readResolve""}"
91255,reflection,Method.invoke,"{""class"": ""java.util.Locale"", ""method"": ""readObject""}"
91263,reflection,Method.invoke,"{""class"": ""java.util.Locale"", ""method"": ""readResolve""}"
91271,reflection,Method.invoke,"{""class"": ""java.util.Locale"", ""method"": ""readObject""}"
91279,reflection,Method.invoke,"{""class"": ""java.util.Locale"", ""method"": ""readResolve""}"
91287,reflection,Method.invoke,"{""class"": ""java.util.Locale"", ""method"": ""readObject""}"
91295,reflection,Method.invoke,"{""class"": ""java.util.Locale"", ""method"": ""readResolve""}"
91304,reflection,Method.invoke,"{""class"": ""java.util.Locale"", ""method"": ""readObject""}"
91312,reflection,Method.invoke,"{""class"": ""java.util.Locale"", ""method"": ""readResolve""}"
91319,reflection,Method.invoke,"{""class"": ""java.util.Locale"", ""method"": ""readObject""}"
91327,reflection,Method.invoke,"{""class"": ""java.util.Locale"", ""method"": ""readResolve""}"
91336,reflection,Method.invoke,"{""class"": ""java.util.Locale"", ""method"": ""readObject""}"
91344,reflection,Method.invoke,"{""class"": ""java.util.Locale"", ""method"": ""readResolve""}"
91351,reflection,Method.invoke,"{""class"": ""java.util.Locale"", ""method"": ""readObject""}"
91358,reflection,Method.invoke,"{""class"": ""java.util.Locale"", ""method"": ""readResolve""}"
91366,reflection,Method.invoke,"{""class"": ""java.util.Locale"", ""method"": ""readObject""}"
91373,reflection,Method.invoke,"{""class"": ""java.util.Locale"", ""method"": ""readResolve""}"
91380,reflection,Method.invoke,"{""class"": ""java.util.Locale"", ""method"": ""readObject""}"
91387,reflection,Method.invoke,"{""class"": ""java.util.Locale"", ""method"": ""readResolve""}"
91393,reflection,Method.invoke,"{""class"": ""java.util.Locale"", ""method"": ""readObject""}"
91399,reflection,Method.invoke,"{""class"": ""java.util.Locale"", ""method"": ""readResolve""}"
91406,reflection,Method.invoke,"{""class"": ""java.util.Locale"", ""method"": ""readObject""}"
91414,reflection,Method.invoke,"{""class"": ""java.util.Locale"", ""method"": ""readResolve""}"
91423,reflection,Method.invoke,"{""class"": ""java.util.Locale"", ""method"": ""readObject""}"
91429,reflection,Method.invoke,"{""class"": ""java.util.Locale"", ""method"": ""readResolve""}"
91438,reflection,Method.invoke,"{""class"": ""java.util.Locale"", ""method"": ""readObject""}"
91444,reflection,Method.invoke,"{""class"": ""java.util.Locale"", ""method"": ""readResolve""}"
91451,reflection,Method.invoke,"{""class"": ""java.util.Locale"", ""method"": ""readObject""}"
91458,reflection,Method.invoke,"{""class"": ""java.util.Locale"", ""method"": ""readResolve""}"
91465,reflection,Method.invoke,"{""class"": ""java.util.Locale"", ""method"": ""readObject""}"
91473,reflection,Method.invoke,"{""class"": ""java.util.Locale"", ""method"": ""readResolve""}"
91480,reflection,Method.invoke,"{""class"": ""java.util.Locale"", ""method"": ""readObject""}"
91487,reflection,Method.invoke,"{""class"": ""java.util.Locale"", ""method"": ""readResolve""}"
91495,reflection,Method.invoke,"{""class"": ""java.util.Locale"", ""method"": ""readObject""}"
91501,reflection,Method.invoke,"{""class"": ""java.util.Locale"", ""method"": ""readResolve""}"
91507,reflection,Method.invoke,"{""class"": ""java.util.Locale"", ""method"": ""readObject""}"
91513,reflection,Method.invoke,"{""class"": ""java.util.Locale"", ""method"": ""readResolve""}"
91521,reflection,Method.invoke,"{""class"": ""java.util.Locale"", ""method"": ""readObject""}"
91528,reflection,Method.invoke,"{""class"": ""java.util.Locale"", ""method"": ""readResolve""}"
91535,reflection,Method.invoke,"{""class"": ""java.util.Locale"", ""method"": ""readObject""}"
91542,reflection,Method.invoke,"{""class"": ""java.util.Locale"", ""method"": ""readResolve""}"
91548,reflection,Method.invoke,"{""class"": ""java.util.Locale"", ""method"": ""readObject""}"
91556,reflection,Method.invoke,"{""class"": ""java.util.Locale"", ""method"": ""readResolve""}"
91569,reflection,Method.invoke,"{""class"": ""java.util.Locale"", ""method"": ""readObject""}"
91575,reflection,Method.invoke,"{""class"": ""java.util.Locale"", ""method"": ""readResolve""}"
91583,reflection,Method.invoke,"{""class"": ""java.util.Locale"", ""method"": ""readObject""}"
91589,reflection,Method.invoke,"{""class"": ""java.util.Locale"", ""method"": ""readResolve""}"
91597,reflection,Method.invoke,"{""class"": ""java.util.Locale"", ""method"": ""readObject""}"
91603,reflection,Method.invoke,"{""class"": ""java.util.Locale"", ""method"": ""readResolve""}"
91611,reflection,Method.invoke,"{""class"": ""java.util.Locale"", ""method"": ""readObject""}"
91619,reflection,Method.invoke,"{""class"": ""java.util.Locale"", ""method"": ""readResolve""}"
91628,reflection,Method.invoke,"{""class"": ""java.util.Locale"", ""method"": ""readObject""}"
91634,reflection,Method.invoke,"{""class"": ""java.util.Locale"", ""method"": ""readResolve""}"
91641,reflection,Method.invoke,"{""class"": ""java.util.Locale"", ""method"": ""readObject""}"
91650,reflection,Method.invoke,"{""class"": ""java.util.Locale"", ""method"": ""readResolve""}"
91658,reflection,Method.invoke,"{""class"": ""java.util.Locale"", ""method"": ""readObject""}"
91663,reflection,Method.invoke,"{""class"": ""java.util.Locale"", ""method"": ""readResolve""}"
91671,reflection,Method.invoke,"{""class"": ""java.util.Locale"", ""method"": ""readObject""}"
91678,reflection,Method.invoke,"{""class"": ""java.util.Locale"", ""method"": ""readResolve""}"
91688,reflection,Method.invoke,"{""class"": ""java.util.Locale"", ""method"": ""readObject""}"
91695,reflection,Method.invoke,"{""class"": ""java.util.Locale"", ""method"": ""readResolve""}"
91702,reflection,Method.invoke,"{""class"": ""java.util.Locale"", ""method"": ""readObject""}"
91710,reflection,Method.invoke,"{""class"": ""java.util.Locale"", ""method"": ""readResolve""}"
91719,reflection,Method.invoke,"{""class"": ""java.util.Locale"", ""method"": ""readObject""}"
91726,reflection,Method.invoke,"{""class"": ""java.util.Locale"", ""method"": ""readResolve""}"
91733,reflection,Method.invoke,"{""class"": ""java.util.Locale"", ""method"": ""readObject""}"
91739,reflection,Method.invoke,"{""class"": ""java.util.Locale"", ""method"": ""readResolve""}"
91746,reflection,Method.invoke,"{""class"": ""java.util.Locale"", ""method"": ""readObject""}"
91752,reflection,Method.invoke,"{""class"": ""java.util.Locale"", ""method"": ""readResolve""}"
91759,reflection,Method.invoke,"{""class"": ""java.util.Locale"", ""method"": ""readObject""}"
91765,reflection,Method.invoke,"{""class"": ""java.util.Locale"", ""method"": ""readResolve""}"
91774,reflection,Method.invoke,"{""class"": ""java.util.Locale"", ""method"": ""readObject""}"
91781,reflection,Method.invoke,"{""class"": ""java.util.Locale"", ""method"": ""readResolve""}"
91789,reflection,Method.invoke,"{""class"": ""java.util.Locale"", ""method"": ""readObject""}"
91801,reflection,Method.invoke,"{""class"": ""java.util.Locale"", ""method"": ""readResolve""}"
91808,reflection,Method.invoke,"{""class"": ""java.util.Locale"", ""method"": ""readObject""}"
91817,reflection,Method.invoke,"{""class"": ""java.util.Locale"", ""method"": ""readResolve""}"
91823,reflection,Method.invoke,"{""class"": ""java.util.Locale"", ""method"": ""readObject""}"
91832,reflection,Method.invoke,"{""class"": ""java.util.Locale"", ""method"": ""readResolve""}"
91841,reflection,Method.invoke,"{""class"": ""java.util.Locale"", ""method"": ""readObject""}"
91846,reflection,Method.invoke,"{""class"": ""java.util.Locale"", ""method"": ""readResolve""}"
91857,reflection,Method.invoke,"{""class"": ""java.util.Locale"", ""method"": ""readObject""}"
91865,reflection,Method.invoke,"{""class"": ""java.util.Locale"", ""method"": ""readResolve""}"
91872,reflection,Method.invoke,"{""class"": ""java.util.Locale"", ""method"": ""readObject""}"
91879,reflection,Method.invoke,"{""class"": ""java.util.Locale"", ""method"": ""readResolve""}"
91886,reflection,Method.invoke,"{""class"": ""java.util.Locale"", ""method"": ""readObject""}"
91893,reflection,Method.invoke,"{""class"": ""java.util.Locale"", ""method"": ""readResolve""}"
91900,reflection,Method.invoke,"{""class"": ""java.util.Locale"", ""method"": ""readObject""}"
91908,reflection,Method.invoke,"{""class"": ""java.util.Locale"", ""method"": ""readResolve""}"
91915,reflection,Method.invoke,"{""class"": ""java.util.Locale"", ""method"": ""readObject""}"
91923,reflection,Method.invoke,"{""class"": ""java.util.Locale"", ""method"": ""readResolve""}"
91931,reflection,Method.invoke,"{""class"": ""java.util.Locale"", ""method"": ""readObject""}"
91940,reflection,Method.invoke,"{""class"": ""java.util.Locale"", ""method"": ""readResolve""}"
91947,reflection,Method.invoke,"{""class"": ""java.util.Locale"", ""method"": ""readObject""}"
91954,reflection,Method.invoke,"{""class"": ""java.util.Locale"", ""method"": ""readResolve""}"
91963,reflection,Method.invoke,"{""class"": ""java.util.Locale"", ""method"": ""readObject""}"
91969,reflection,Method.invoke,"{""class"": ""java.util.Locale"", ""method"": ""readResolve""}"
91978,reflection,Method.invoke,"{""class"": ""java.util.Locale"", ""method"": ""readObject""}"
91985,reflection,Method.invoke,"{""class"": ""java.util.Locale"", ""method"": ""readResolve""}"
91993,reflection,Method.invoke,"{""class"": ""java.util.Locale"", ""method"": ""readObject""}"
92000,reflection,Method.invoke,"{""class"": ""java.util.Locale"", ""method"": ""readResolve""}"
92007,reflection,Method.invoke,"{""class"": ""java.util.Locale"", ""method"": ""readObject""}"
92015,reflection,Method.invoke,"{""class"": ""java.util.Locale"", ""method"": ""readResolve""}"
92021,reflection,Method.invoke,"{""class"": ""java.util.Locale"", ""method"": ""readObject""}"
92027,reflection,Method.invoke,"{""class"": ""java.util.Locale"", ""method"": ""readResolve""}"
92034,reflection,Method.invoke,"{""class"": ""java.util.Locale"", ""method"": ""readObject""}"
92040,reflection,Method.invoke,"{""class"": ""java.util.Locale"", ""method"": ""readResolve""}"
92049,reflection,Method.invoke,"{""class"": ""java.util.Locale"", ""method"": ""readObject""}"
92057,reflection,Method.invoke,"{""class"": ""java.util.Locale"", ""method"": ""readResolve""}"
92064,reflection,Method.invoke,"{""class"": ""java.util.Locale"", ""method"": ""readObject""}"
92071,reflection,Method.invoke,"{""class"": ""java.util.Locale"", ""method"": ""readResolve""}"
92079,reflection,Method.invoke,"{""class"": ""java.util.Locale"", ""method"": ""readObject""}"
92086,reflection,Method.invoke,"{""class"": ""java.util.Locale"", ""method"": ""readResolve""}"
92093,reflection,Method.invoke,"{""class"": ""java.util.Locale"", ""method"": ""readObject""}"
92098,reflection,Method.invoke,"{""class"": ""java.util.Locale"", ""method"": ""readResolve""}"
92105,reflection,Method.invoke,"{""class"": ""java.util.Locale"", ""method"": ""readObject""}"
92113,reflection,Method.invoke,"{""class"": ""java.util.Locale"", ""method"": ""readResolve""}"
92121,reflection,Method.invoke,"{""class"": ""java.util.Locale"", ""method"": ""readObject""}"
92128,reflection,Method.invoke,"{""class"": ""java.util.Locale"", ""method"": ""readResolve""}"
92135,reflection,Method.invoke,"{""class"": ""java.util.Locale"", ""method"": ""readObject""}"
92140,reflection,Method.invoke,"{""class"": ""java.util.Locale"", ""method"": ""readResolve""}"
92149,reflection,Method.invoke,"{""class"": ""java.util.Locale"", ""method"": ""readObject""}"
92154,reflection,Method.invoke,"{""class"": ""java.util.Locale"", ""method"": ""readResolve""}"
92161,reflection,Method.invoke,"{""class"": ""java.util.Locale"", ""method"": ""readObject""}"
92169,reflection,Method.invoke,"{""class"": ""java.util.Locale"", ""method"": ""readResolve""}"
92178,reflection,Method.invoke,"{""class"": ""java.util.Locale"", ""method"": ""readObject""}"
92184,reflection,Method.invoke,"{""class"": ""java.util.Locale"", ""method"": ""readResolve""}"
92192,reflection,Method.invoke,"{""class"": ""java.util.Locale"", ""method"": ""readObject""}"
92197,reflection,Method.invoke,"{""class"": ""java.util.Locale"", ""method"": ""readResolve""}"
92206,reflection,Method.invoke,"{""class"": ""java.util.Locale"", ""method"": ""readObject""}"
92213,reflection,Method.invoke,"{""class"": ""java.util.Locale"", ""method"": ""readResolve""}"
92222,reflection,Method.invoke,"{""class"": ""java.util.Locale"", ""method"": ""readObject""}"
92230,reflection,Method.invoke,"{""class"": ""java.util.Locale"", ""method"": ""readResolve""}"
92236,reflection,Method.invoke,"{""class"": ""java.util.Locale"", ""method"": ""readObject""}"
92244,reflection,Method.invoke,"{""class"": ""java.util.Locale"", ""method"": ""readResolve""}"
92250,reflection,Method.invoke,"{""class"": ""java.util.Locale"", ""method"": ""readObject""}"
92258,reflection,Method.invoke,"{""class"": ""java.util.Locale"", ""method"": ""readResolve""}"
92266,reflection,Method.invoke,"{""class"": ""java.util.Locale"", ""method"": ""readObject""}"
92273,reflection,Method.invoke,"{""class"": ""java.util.Locale"", ""method"": ""readResolve""}"
92279,reflection,Method.invoke,"{""class"": ""java.util.Locale"", ""method"": ""readObject""}"
92286,reflection,Method.invoke,"{""class"": ""java.util.Locale"", ""method"": ""readResolve""}"
92294,reflection,Method.invoke,"{""class"": ""java.util.Locale"", ""method"": ""readObject""}"
92301,reflection,Method.invoke,"{""class"": ""java.util.Locale"", ""method"": ""readResolve""}"
92308,reflection,Method.invoke,"{""class"": ""java.util.Locale"", ""method"": ""readObject""}"
92315,reflection,Method.invoke,"{""class"": ""java.util.Locale"", ""method"": ""readResolve""}"
92324,reflection,Method.invoke,"{""class"": ""java.util.Locale"", ""method"": ""readObject""}"
92332,reflection,Method.invoke,"{""class"": ""java.util.Locale"", ""method"": ""readResolve""}"
92339,reflection,Method.invoke,"{""class"": ""java.util.Locale"", ""method"": ""readObject""}"
92347,reflection,Method.invoke,"{""class"": ""java.util.Locale"", ""method"": ""readResolve""}"
92354,reflection,Method.invoke,"{""class"": ""java.util.Locale"", ""method"": ""readObject""}"
92362,reflection,Method.invoke,"{""class"": ""java.util.Locale"", ""method"": ""readResolve""}"
92369,reflection,Method.invoke,"{""class"": ""java.util.Locale"", ""method"": ""readObject""}"
92376,reflection,Method.invoke,"{""class"": ""java.util.Locale"", ""method"": ""readResolve""}"
92384,reflection,Method.invoke,"{""class"": ""java.util.Locale"", ""method"": ""readObject""}"
92393,reflection,Method.invoke,"{""class"": ""java.util.Locale"", ""method"": ""readResolve""}"
92400,reflection,Method.invoke,"{""class"": ""java.util.Locale"", ""method"": ""readObject""}"
92407,reflection,Method.invoke,"{""class"": ""java.util.Locale"", ""method"": ""readResolve""}"
92415,reflection,Method.invoke,"{""class"": ""java.util.Locale"", ""method"": ""readObject""}"
92421,reflection,Method.invoke,"{""class"": ""java.util.Locale"", ""method"": ""readResolve""}"
92429,reflection,Method.invoke,"{""class"": ""java.util.Locale"", ""method"": ""readObject""}"
92435,reflection,Method.invoke,"{""class"": ""java.util.Locale"", ""method"": ""readResolve""}"
92442,reflection,Method.invoke,"{""class"": ""java.util.Locale"", ""method"": ""readObject""}"
92451,reflection,Method.invoke,"{""class"": ""java.util.Locale"", ""method"": ""readResolve""}"
92458,reflection,Method.invoke,"{""class"": ""java.util.Locale"", ""method"": ""readObject""}"
92472,reflection,Method.invoke,"{""class"": ""java.util.Locale"", ""method"": ""readResolve""}"
92479,reflection,Method.invoke,"{""class"": ""java.util.Locale"", ""method"": ""readObject""}"
92487,reflection,Method.invoke,"{""class"": ""java.util.Locale"", ""method"": ""readResolve""}"
92495,reflection,Method.invoke,"{""class"": ""java.util.Locale"", ""method"": ""readObject""}"
92504,reflection,Method.invoke,"{""class"": ""java.util.Locale"", ""method"": ""readResolve""}"
92510,reflection,Method.invoke,"{""class"": ""java.util.Locale"", ""method"": ""readObject""}"
92517,reflection,Method.invoke,"{""class"": ""java.util.Locale"", ""method"": ""readResolve""}"
92525,reflection,Method.invoke,"{""class"": ""java.util.Locale"", ""method"": ""readObject""}"
92532,reflection,Method.invoke,"{""class"": ""java.util.Locale"", ""method"": ""readResolve""}"
92539,reflection,Method.invoke,"{""class"": ""java.util.Locale"", ""method"": ""readObject""}"
92545,reflection,Method.invoke,"{""class"": ""java.util.Locale"", ""method"": ""readResolve""}"
92555,reflection,Method.invoke,"{""class"": ""java.util.Locale"", ""method"": ""readObject""}"
92560,reflection,Method.invoke,"{""class"": ""java.util.Locale"", ""method"": ""readResolve""}"
92569,reflection,Method.invoke,"{""class"": ""java.util.Locale"", ""method"": ""readObject""}"
92577,reflection,Method.invoke,"{""class"": ""java.util.Locale"", ""method"": ""readResolve""}"
92586,reflection,Method.invoke,"{""class"": ""java.util.Locale"", ""method"": ""readObject""}"
92596,reflection,Method.invoke,"{""class"": ""java.util.Locale"", ""method"": ""readResolve""}"
92604,reflection,Method.invoke,"{""class"": ""java.util.Locale"", ""method"": ""readObject""}"
92612,reflection,Method.invoke,"{""class"": ""java.util.Locale"", ""method"": ""readResolve""}"
92621,reflection,Method.invoke,"{""class"": ""java.util.Locale"", ""method"": ""readObject""}"
92629,reflection,Method.invoke,"{""class"": ""java.util.Locale"", ""method"": ""readResolve""}"
92636,reflection,Method.invoke,"{""class"": ""java.util.Locale"", ""method"": ""readObject""}"
92644,reflection,Method.invoke,"{""class"": ""java.util.Locale"", ""method"": ""readResolve""}"
92653,reflection,Method.invoke,"{""class"": ""java.util.Locale"", ""method"": ""readObject""}"
92660,reflection,Method.invoke,"{""class"": ""java.util.Locale"", ""method"": ""readResolve""}"
92667,reflection,Method.invoke,"{""class"": ""java.util.Locale"", ""method"": ""readObject""}"
92673,reflection,Method.invoke,"{""class"": ""java.util.Locale"", ""method"": ""readResolve""}"
92680,reflection,Method.invoke,"{""class"": ""java.util.Locale"", ""method"": ""readObject""}"
92687,reflection,Method.invoke,"{""class"": ""java.util.Locale"", ""method"": ""readResolve""}"
92695,reflection,Method.invoke,"{""class"": ""java.util.Locale"", ""method"": ""readObject""}"
92702,reflection,Method.invoke,"{""class"": ""java.util.Locale"", ""method"": ""readResolve""}"
92707,reflection,Method.invoke,"{""class"": ""java.util.Locale"", ""method"": ""readObject""}"
92715,reflection,Method.invoke,"{""class"": ""java.util.Locale"", ""method"": ""readResolve""}"
92723,reflection,Method.invoke,"{""class"": ""java.util.Locale"", ""method"": ""readObject""}"
92731,reflection,Method.invoke,"{""class"": ""java.util.Locale"", ""method"": ""readResolve""}"
92738,reflection,Method.invoke,"{""class"": ""java.util.Locale"", ""method"": ""readObject""}"
92744,reflection,Method.invoke,"{""class"": ""java.util.Locale"", ""method"": ""readResolve""}"
92752,reflection,Method.invoke,"{""class"": ""java.util.Locale"", ""method"": ""readObject""}"
92760,reflection,Method.invoke,"{""class"": ""java.util.Locale"", ""method"": ""readResolve""}"
92766,reflection,Method.invoke,"{""class"": ""java.util.Locale"", ""method"": ""readObject""}"
92773,reflection,Method.invoke,"{""class"": ""java.util.Locale"", ""method"": ""readResolve""}"
92779,reflection,Method.invoke,"{""class"": ""java.util.Locale"", ""method"": ""readObject""}"
92786,reflection,Method.invoke,"{""class"": ""java.util.Locale"", ""method"": ""readResolve""}"
92795,reflection,Method.invoke,"{""class"": ""java.util.Locale"", ""method"": ""readObject""}"
92800,reflection,Method.invoke,"{""class"": ""java.util.Locale"", ""method"": ""readResolve""}"
92810,reflection,Method.invoke,"{""class"": ""java.util.Locale"", ""method"": ""readObject""}"
92816,reflection,Method.invoke,"{""class"": ""java.util.Locale"", ""method"": ""readResolve""}"
92824,reflection,Method.invoke,"{""class"": ""java.util.Locale"", ""method"": ""readObject""}"
92831,reflection,Method.invoke,"{""class"": ""java.util.Locale"", ""method"": ""readResolve""}"
92838,reflection,Method.invoke,"{""class"": ""java.util.Locale"", ""method"": ""readObject""}"
92852,reflection,Method.invoke,"{""class"": ""java.util.Locale"", ""method"": ""readResolve""}"
92859,reflection,Method.invoke,"{""class"": ""java.util.Locale"", ""method"": ""readObject""}"
92865,reflection,Method.invoke,"{""class"": ""java.util.Locale"", ""method"": ""readResolve""}"
92872,reflection,Method.invoke,"{""class"": ""java.util.Locale"", ""method"": ""readObject""}"
92878,reflection,Method.invoke,"{""class"": ""java.util.Locale"", ""method"": ""readResolve""}"
92888,reflection,Method.invoke,"{""class"": ""java.util.Locale"", ""method"": ""readObject""}"
92895,reflection,Method.invoke,"{""class"": ""java.util.Locale"", ""method"": ""readResolve""}"
92901,reflection,Method.invoke,"{""class"": ""java.util.Locale"", ""method"": ""readObject""}"
92909,reflection,Method.invoke,"{""class"": ""java.util.Locale"", ""method"": ""readResolve""}"
92917,reflection,Method.invoke,"{""class"": ""java.util.Locale"", ""method"": ""readObject""}"
92924,reflection,Method.invoke,"{""class"": ""java.util.Locale"", ""method"": ""readResolve""}"
92933,reflection,Method.invoke,"{""class"": ""java.util.Locale"", ""method"": ""readObject""}"
92939,reflection,Method.invoke,"{""class"": ""java.util.Locale"", ""method"": ""readResolve""}"
92949,reflection,Method.invoke,"{""class"": ""java.util.Locale"", ""method"": ""readObject""}"
92959,reflection,Method.invoke,"{""class"": ""java.util.Locale"", ""method"": ""readResolve""}"
92967,reflection,Method.invoke,"{""class"": ""java.util.Locale"", ""method"": ""readObject""}"
92975,reflection,Method.invoke,"{""class"": ""java.util.Locale"", ""method"": ""readResolve""}"
92984,reflection,Method.invoke,"{""class"": ""java.util.Locale"", ""method"": ""readObject""}"
92989,reflection,Method.invoke,"{""class"": ""java.util.Locale"", ""method"": ""readResolve""}"
92998,reflection,Method.invoke,"{""class"": ""java.util.Locale"", ""method"": ""readObject""}"
93005,reflection,Method.invoke,"{""class"": ""java.util.Locale"", ""method"": ""readResolve""}"
93015,reflection,Method.invoke,"{""class"": ""java.util.Locale"", ""method"": ""readObject""}"
93020,reflection,Method.invoke,"{""class"": ""java.util.Locale"", ""method"": ""readResolve""}"
93027,reflection,Method.invoke,"{""class"": ""java.util.Locale"", ""method"": ""readObject""}"
93034,reflection,Method.invoke,"{""class"": ""java.util.Locale"", ""method"": ""readResolve""}"
93041,reflection,Method.invoke,"{""class"": ""java.util.Locale"", ""method"": ""readObject""}"
93055,reflection,Method.invoke,"{""class"": ""java.util.Locale"", ""method"": ""readResolve""}"
93065,reflection,Method.invoke,"{""class"": ""java.util.Locale"", ""method"": ""readObject""}"
93071,reflection,Method.invoke,"{""class"": ""java.util.Locale"", ""method"": ""readResolve""}"
93079,reflection,Method.invoke,"{""class"": ""java.util.Locale"", ""method"": ""readObject""}"
93086,reflection,Method.invoke,"{""class"": ""java.util.Locale"", ""method"": ""readResolve""}"
93097,reflection,Method.invoke,"{""class"": ""java.util.Locale"", ""method"": ""readObject""}"
93104,reflection,Method.invoke,"{""class"": ""java.util.Locale"", ""method"": ""readResolve""}"
93113,reflection,Method.invoke,"{""class"": ""java.util.Locale"", ""method"": ""readObject""}"
93121,reflection,Method.invoke,"{""class"": ""java.util.Locale"", ""method"": ""readResolve""}"
93127,reflection,Method.invoke,"{""class"": ""java.util.Locale"", ""method"": ""readObject""}"
93135,reflection,Method.invoke,"{""class"": ""java.util.Locale"", ""method"": ""readResolve""}"
93143,reflection,Method.invoke,"{""class"": ""java.util.Locale"", ""method"": ""readObject""}"
93148,reflection,Method.invoke,"{""class"": ""java.util.Locale"", ""method"": ""readResolve""}"
93161,reflection,Method.invoke,"{""class"": ""java.util.Locale"", ""method"": ""readObject""}"
93169,reflection,Method.invoke,"{""class"": ""java.util.Locale"", ""method"": ""readResolve""}"
93178,reflection,Method.invoke,"{""class"": ""java.util.Locale"", ""method"": ""readObject""}"
93184,reflection,Method.invoke,"{""class"": ""java.util.Locale"", ""method"": ""readResolve""}"
93192,reflection,Method.invoke,"{""class"": ""java.util.Locale"", ""method"": ""readObject""}"
93201,reflection,Method.invoke,"{""class"": ""java.util.Locale"", ""method"": ""readResolve""}"
93207,reflection,Method.invoke,"{""class"": ""java.util.Locale"", ""method"": ""readObject""}"
93213,reflection,Method.invoke,"{""class"": ""java.util.Locale"", ""method"": ""readResolve""}"
93220,reflection,Method.invoke,"{""class"": ""java.util.Locale"", ""method"": ""readObject""}"
93226,reflection,Method.invoke,"{""class"": ""java.util.Locale"", ""method"": ""readResolve""}"
93234,reflection,Method.invoke,"{""class"": ""java.util.Locale"", ""method"": ""readObject""}"
93241,reflection,Method.invoke,"{""class"": ""java.util.Locale"", ""method"": ""readResolve""}"
93248,reflection,Method.invoke,"{""class"": ""java.util.Locale"", ""method"": ""readObject""}"
93255,reflection,Method.invoke,"{""class"": ""java.util.Locale"", ""method"": ""readResolve""}"
93264,reflection,Method.invoke,"{""class"": ""java.util.Locale"", ""method"": ""readObject""}"
93271,reflection,Method.invoke,"{""class"": ""java.util.Locale"", ""method"": ""readResolve""}"
93279,reflection,Method.invoke,"{""class"": ""java.util.Locale"", ""method"": ""readObject""}"
93285,reflection,Method.invoke,"{""class"": ""java.util.Locale"", ""method"": ""readResolve""}"
93296,reflection,Method.invoke,"{""class"": ""java.util.Locale"", ""method"": ""readObject""}"
93301,reflection,Method.invoke,"{""class"": ""java.util.Locale"", ""method"": ""readResolve""}"
93312,reflection,Method.invoke,"{""class"": ""java.util.Locale"", ""method"": ""readObject""}"
93319,reflection,Method.invoke,"{""class"": ""java.util.Locale"", ""method"": ""readResolve""}"
93327,reflection,Method.invoke,"{""class"": ""java.util.Locale"", ""method"": ""readObject""}"
93334,reflection,Method.invoke,"{""class"": ""java.util.Locale"", ""method"": ""readResolve""}"
93343,reflection,Method.invoke,"{""class"": ""java.util.Locale"", ""method"": ""readObject""}"
93351,reflection,Method.invoke,"{""class"": ""java.util.Locale"", ""method"": ""readResolve""}"
93361,reflection,Method.invoke,"{""class"": ""java.util.Locale"", ""method"": ""readObject""}"
93367,reflection,Method.invoke,"{""class"": ""java.util.Locale"", ""method"": ""readResolve""}"
93377,reflection,Method.invoke,"{""class"": ""java.util.Locale"", ""method"": ""readObject""}"
93384,reflection,Method.invoke,"{""class"": ""java.util.Locale"", ""method"": ""readResolve""}"
93392,reflection,Method.invoke,"{""class"": ""java.util.Locale"", ""method"": ""readObject""}"
93399,reflection,Method.invoke,"{""class"": ""java.util.Locale"", ""method"": ""readResolve""}"
93406,reflection,Method.invoke,"{""class"": ""java.util.Locale"", ""method"": ""readObject""}"
93415,reflection,Method.invoke,"{""class"": ""java.util.Locale"", ""method"": ""readResolve""}"
93423,reflection,Method.invoke,"{""class"": ""java.util.Locale"", ""method"": ""readObject""}"
93430,reflection,Method.invoke,"{""class"": ""java.util.Locale"", ""method"": ""readResolve""}"
93436,reflection,Method.invoke,"{""class"": ""java.util.Locale"", ""method"": ""readObject""}"
93446,reflection,Method.invoke,"{""class"": ""java.util.Locale"", ""method"": ""readResolve""}"
93453,reflection,Method.invoke,"{""class"": ""java.util.Locale"", ""method"": ""readObject""}"
93461,reflection,Method.invoke,"{""class"": ""java.util.Locale"", ""method"": ""readResolve""}"
93470,reflection,Method.invoke,"{""class"": ""java.util.Locale"", ""method"": ""readObject""}"
93476,reflection,Method.invoke,"{""class"": ""java.util.Locale"", ""method"": ""readResolve""}"
93484,reflection,Method.invoke,"{""class"": ""java.util.Locale"", ""method"": ""readObject""}"
93490,reflection,Method.invoke,"{""class"": ""java.util.Locale"", ""method"": ""readResolve""}"
93498,reflection,Method.invoke,"{""class"": ""java.util.Locale"", ""method"": ""readObject""}"
93505,reflection,Method.invoke,"{""class"": ""java.util.Locale"", ""method"": ""readResolve""}"
93513,reflection,Method.invoke,"{""class"": ""java.util.Locale"", ""method"": ""readObject""}"
93522,reflection,Method.invoke,"{""class"": ""java.util.Locale"", ""method"": ""readResolve""}"
93530,reflection,Method.invoke,"{""class"": ""java.util.Locale"", ""method"": ""readObject""}"
93536,reflection,Method.invoke,"{""class"": ""java.util.Locale"", ""method"": ""readResolve""}"
93543,reflection,Method.invoke,"{""class"": ""java.util.Locale"", ""method"": ""readObject""}"
93551,reflection,Method.invoke,"{""class"": ""java.util.Locale"", ""method"": ""readResolve""}"
93558,reflection,Method.invoke,"{""class"": ""java.util.Locale"", ""method"": ""readObject""}"
93566,reflection,Method.invoke,"{""class"": ""java.util.Locale"", ""method"": ""readResolve""}"
93573,reflection,Method.invoke,"{""class"": ""java.util.Locale"", ""method"": ""readObject""}"
93582,reflection,Method.invoke,"{""class"": ""java.util.Locale"", ""method"": ""readResolve""}"
93587,reflection,Method.invoke,"{""class"": ""java.util.Locale"", ""method"": ""readObject""}"
93595,reflection,Method.invoke,"{""class"": ""java.util.Locale"", ""method"": ""readResolve""}"
93604,reflection,Method.invoke,"{""class"": ""java.util.Locale"", ""method"": ""readObject""}"
93611,reflection,Method.invoke,"{""class"": ""java.util.Locale"", ""method"": ""readResolve""}"
93619,reflection,Method.invoke,"{""class"": ""java.util.Locale"", ""method"": ""readObject""}"
93626,reflection,Method.invoke,"{""class"": ""java.util.Locale"", ""method"": ""readResolve""}"
93634,reflection,Method.invoke,"{""class"": ""java.util.Locale"", ""method"": ""readObject""}"
93642,reflection,Method.invoke,"{""class"": ""java.util.Locale"", ""method"": ""readResolve""}"
93651,reflection,Method.invoke,"{""class"": ""java.util.Locale"", ""method"": ""readObject""}"
93659,reflection,Method.invoke,"{""class"": ""java.util.Locale"", ""method"": ""readResolve""}"
93667,reflection,Method.invoke,"{""class"": ""java.util.Locale"", ""method"": ""readObject""}"
93675,reflection,Method.invoke,"{""class"": ""java.util.Locale"", ""method"": ""readResolve""}"
93683,reflection,Method.invoke,"{""class"": ""java.util.Locale"", ""method"": ""readObject""}"
93690,reflection,Method.invoke,"{""class"": ""java.util.Locale"", ""method"": ""readResolve""}"
93700,reflection,Method.invoke,"{""class"": ""java.util.Locale"", ""method"": ""readObject""}"
93707,reflection,Method.invoke,"{""class"": ""java.util.Locale"", ""method"": ""readResolve""}"
93713,reflection,Method.invoke,"{""class"": ""java.util.Locale"", ""method"": ""readObject""}"
93720,reflection,Method.invoke,"{""class"": ""java.util.Locale"", ""method"": ""readResolve""}"
93727,reflection,Method.invoke,"{""class"": ""java.util.Locale"", ""method"": ""readObject""}"
93732,reflection,Method.invoke,"{""class"": ""java.util.Locale"", ""method"": ""readResolve""}"
93742,reflection,Method.invoke,"{""class"": ""java.util.Locale"", ""method"": ""readObject""}"
93751,reflection,Method.invoke,"{""class"": ""java.util.Locale"", ""method"": ""readResolve""}"
93761,reflection,Method.invoke,"{""class"": ""java.util.Locale"", ""method"": ""readObject""}"
93767,reflection,Method.invoke,"{""class"": ""java.util.Locale"", ""method"": ""readResolve""}"
93776,reflection,Method.invoke,"{""class"": ""java.util.Locale"", ""method"": ""readObject""}"
93782,reflection,Method.invoke,"{""class"": ""java.util.Locale"", ""method"": ""readResolve""}"
93789,reflection,Method.invoke,"{""class"": ""java.util.Locale"", ""method"": ""readObject""}"
93803,reflection,Method.invoke,"{""class"": ""java.util.Locale"", ""method"": ""readResolve""}"
93811,reflection,Method.invoke,"{""class"": ""java.util.Locale"", ""method"": ""readObject""}"
93819,reflection,Method.invoke,"{""class"": ""java.util.Locale"", ""method"": ""readResolve""}"
93829,reflection,Method.invoke,"{""class"": ""java.util.Locale"", ""method"": ""readObject""}"
93836,reflection,Method.invoke,"{""class"": ""java.util.Locale"", ""method"": ""readResolve""}"
93846,reflection,Method.invoke,"{""class"": ""java.util.Locale"", ""method"": ""readObject""}"
93855,reflection,Method.invoke,"{""class"": ""java.util.Locale"", ""method"": ""readResolve""}"
93863,reflection,Method.invoke,"{""class"": ""java.util.Locale"", ""method"": ""readObject""}"
93869,reflection,Method.invoke,"{""class"": ""java.util.Locale"", ""method"": ""readResolve""}"
93877,reflection,Method.invoke,"{""class"": ""java.util.Locale"", ""method"": ""readObject""}"
93888,reflection,Method.invoke,"{""class"": ""java.util.Locale"", ""method"": ""readResolve""}"
93895,reflection,Method.invoke,"{""class"": ""java.util.Locale"", ""method"": ""readObject""}"
93902,reflection,Method.invoke,"{""class"": ""java.util.Locale"", ""method"": ""readResolve""}"
93910,reflection,Method.invoke,"{""class"": ""java.util.Locale"", ""method"": ""readObject""}"
93916,reflection,Method.invoke,"{""class"": ""java.util.Locale"", ""method"": ""readResolve""}"
93924,reflection,Method.invoke,"{""class"": ""java.util.Locale"", ""method"": ""readObject""}"
93931,reflection,Method.invoke,"{""class"": ""java.util.Locale"", ""method"": ""readResolve""}"
93941,reflection,Method.invoke,"{""class"": ""java.util.Locale"", ""method"": ""readObject""}"
93947,reflection,Method.invoke,"{""class"": ""java.util.Locale"", ""method"": ""readResolve""}"
93956,reflection,Method.invoke,"{""class"": ""java.util.Locale"", ""method"": ""readObject""}"
93963,reflection,Method.invoke,"{""class"": ""java.util.Locale"", ""method"": ""readResolve""}"
93972,reflection,Method.invoke,"{""class"": ""java.util.Locale"", ""method"": ""readObject""}"
93980,reflection,Method.invoke,"{""class"": ""java.util.Locale"", ""method"": ""readResolve""}"
93988,reflection,Method.invoke,"{""class"": ""java.util.Locale"", ""method"": ""readObject""}"
93995,reflection,Method.invoke,"{""class"": ""java.util.Locale"", ""method"": ""readResolve""}"
94003,reflection,Method.invoke,"{""class"": ""java.util.Locale"", ""method"": ""readObject""}"
94011,reflection,Method.invoke,"{""class"": ""java.util.Locale"", ""method"": ""readResolve""}"
94017,reflection,Method.invoke,"{""class"": ""java.util.Locale"", ""method"": ""readObject""}"
94025,reflection,Method.invoke,"{""class"": ""java.util.Locale"", ""method"": ""readResolve""}"
94031,reflection,Method.invoke,"{""class"": ""java.util.Locale"", ""method"": ""readObject""}"
94037,reflection,Method.invoke,"{""class"": ""java.util.Locale"", ""method"": ""readResolve""}"
94044,reflection,Method.invoke,"{""class"": ""java.util.Locale"", ""method"": ""readObject""}"
94051,reflection,Method.invoke,"{""class"": ""java.util.Locale"", ""method"": ""readResolve""}"
94057,reflection,Method.invoke,"{""class"": ""java.util.Locale"", ""method"": ""readObject""}"
94064,reflection,Method.invoke,"{""class"": ""java.util.Locale"", ""method"": ""readResolve""}"
94071,reflection,Method.invoke,"{""class"": ""java.util.Locale"", ""method"": ""readObject""}"
94080,reflection,Method.invoke,"{""class"": ""java.util.Locale"", ""method"": ""readResolve""}"
94086,reflection,Method.invoke,"{""class"": ""java.util.Locale"", ""method"": ""readObject""}"
94093,reflection,Method.invoke,"{""class"": ""java.util.Locale"", ""method"": ""readResolve""}"
94100,reflection,Method.invoke,"{""class"": ""java.util.Locale"", ""method"": ""readObject""}"
94107,reflection,Method.invoke,"{""class"": ""java.util.Locale"", ""method"": ""readResolve""}"
94113,reflection,Method.invoke,"{""class"": ""java.util.Locale"", ""method"": ""readObject""}"
94121,reflection,Method.invoke,"{""class"": ""java.util.Locale"", ""method"": ""readResolve""}"
94129,reflection,Method.invoke,"{""class"": ""java.util.Locale"", ""method"": ""readObject""}"
94135,reflection,Method.invoke,"{""class"": ""java.util.Locale"", ""method"": ""readResolve""}"
94144,reflection,Method.invoke,"{""class"": ""java.util.Locale"", ""method"": ""readObject""}"
94152,reflection,Method.invoke,"{""class"": ""java.util.Locale"", ""method"": ""readResolve""}"
94160,reflection,Method.invoke,"{""class"": ""java.util.Locale"", ""method"": ""readObject""}"
94165,reflection,Method.invoke,"{""class"": ""java.util.Locale"", ""method"": ""readResolve""}"
94172,reflection,Method.invoke,"{""class"": ""java.util.Locale"", ""method"": ""readObject""}"
94180,reflection,Method.invoke,"{""class"": ""java.util.Locale"", ""method"": ""readResolve""}"
94192,reflection,Method.invoke,"{""class"": ""java.util.Locale"", ""method"": ""readObject""}"
94200,reflection,Method.invoke,"{""class"": ""java.util.Locale"", ""method"": ""readResolve""}"
94208,reflection,Method.invoke,"{""class"": ""java.util.Locale"", ""method"": ""readObject""}"
94214,reflection,Method.invoke,"{""class"": ""java.util.Locale"", ""method"": ""readResolve""}"
94222,reflection,Method.invoke,"{""class"": ""java.util.Locale"", ""method"": ""readObject""}"
94230,reflection,Method.invoke,"{""class"": ""java.util.Locale"", ""method"": ""readResolve""}"
94241,reflection,Method.invoke,"{""class"": ""java.util.Locale"", ""method"": ""readObject""}"
94249,reflection,Method.invoke,"{""class"": ""java.util.Locale"", ""method"": ""readResolve""}"
94257,reflection,Method.invoke,"{""class"": ""java.util.Locale"", ""method"": ""readObject""}"
94264,reflection,Method.invoke,"{""class"": ""java.util.Locale"", ""method"": ""readResolve""}"
94272,reflection,Method.invoke,"{""class"": ""java.util.Locale"", ""method"": ""readObject""}"
94280,reflection,Method.invoke,"{""class"": ""java.util.Locale"", ""method"": ""readResolve""}"
94287,reflection,Method.invoke,"{""class"": ""java.util.Locale"", ""method"": ""readObject""}"
94293,reflection,Method.invoke,"{""class"": ""java.util.Locale"", ""method"": ""readResolve""}"
94303,reflection,Method.invoke,"{""class"": ""java.util.Locale"", ""method"": ""readObject""}"
94308,reflection,Method.invoke,"{""class"": ""java.util.Locale"", ""method"": ""readResolve""}"
94316,reflection,Method.invoke,"{""class"": ""java.util.Locale"", ""method"": ""readObject""}"
94330,reflection,Method.invoke,"{""class"": ""java.util.Locale"", ""method"": ""readResolve""}"
94339,reflection,Method.invoke,"{""class"": ""java.util.Locale"", ""method"": ""readObject""}"
94345,reflection,Method.invoke,"{""class"": ""java.util.Locale"", ""method"": ""readResolve""}"
94352,reflection,Method.invoke,"{""class"": ""java.util.Locale"", ""method"": ""readObject""}"
94360,reflection,Method.invoke,"{""class"": ""java.util.Locale"", ""method"": ""readResolve""}"
94369,reflection,Method.invoke,"{""class"": ""java.util.Locale"", ""method"": ""readObject""}"
94377,reflection,Method.invoke,"{""class"": ""java.util.Locale"", ""method"": ""readResolve""}"
94386,reflection,Method.invoke,"{""class"": ""java.util.Locale"", ""method"": ""readObject""}"
94394,reflection,Method.invoke,"{""class"": ""java.util.Locale"", ""method"": ""readResolve""}"
94403,reflection,Method.invoke,"{""class"": ""java.util.Locale"", ""method"": ""readObject""}"
94409,reflection,Method.invoke,"{""class"": ""java.util.Locale"", ""method"": ""readResolve""}"
94417,reflection,Method.invoke,"{""class"": ""java.util.Locale"", ""method"": ""readObject""}"
94426,reflection,Method.invoke,"{""class"": ""java.util.Locale"", ""method"": ""readResolve""}"
94432,reflection,Method.invoke,"{""class"": ""java.util.Locale"", ""method"": ""readObject""}"
94440,reflection,Method.invoke,"{""class"": ""java.util.Locale"", ""method"": ""readResolve""}"
94447,reflection,Method.invoke,"{""class"": ""java.util.Locale"", ""method"": ""readObject""}"
94454,reflection,Method.invoke,"{""class"": ""java.util.Locale"", ""method"": ""readResolve""}"
94463,reflection,Method.invoke,"{""class"": ""java.util.Locale"", ""method"": ""readObject""}"
94469,reflection,Method.invoke,"{""class"": ""java.util.Locale"", ""method"": ""readResolve""}"
94476,reflection,Method.invoke,"{""class"": ""java.util.Locale"", ""method"": ""readObject""}"
94484,reflection,Method.invoke,"{""class"": ""java.util.Locale"", ""method"": ""readResolve""}"
94491,reflection,Method.invoke,"{""class"": ""java.util.Locale"", ""method"": ""readObject""}"
94500,reflection,Method.invoke,"{""class"": ""java.util.Locale"", ""method"": ""readResolve""}"
94507,reflection,Method.invoke,"{""class"": ""java.util.Locale"", ""method"": ""readObject""}"
94515,reflection,Method.invoke,"{""class"": ""java.util.Locale"", ""method"": ""readResolve""}"
94524,reflection,Method.invoke,"{""class"": ""java.util.Locale"", ""method"": ""readObject""}"
94531,reflection,Method.invoke,"{""class"": ""java.util.Locale"", ""method"": ""readResolve""}"
94538,reflection,Method.invoke,"{""class"": ""java.util.Locale"", ""method"": ""readObject""}"
94546,reflection,Method.invoke,"{""class"": ""java.util.Locale"", ""method"": ""readResolve""}"
94553,reflection,Method.invoke,"{""class"": ""java.util.Locale"", ""method"": ""readObject""}"
94561,reflection,Method.invoke,"{""class"": ""java.util.Locale"", ""method"": ""readResolve""}"
94567,reflection,Method.invoke,"{""class"": ""java.util.Locale"", ""method"": ""readObject""}"
94575,reflection,Method.invoke,"{""class"": ""java.util.Locale"", ""method"": ""readResolve""}"
94582,reflection,Method.invoke,"{""class"": ""java.util.Locale"", ""method"": ""readObject""}"
94587,reflection,Method.invoke,"{""class"": ""java.util.Locale"", ""method"": ""readResolve""}"
94596,reflection,Method.invoke,"{""class"": ""java.util.Locale"", ""method"": ""readObject""}"
94603,reflection,Method.invoke,"{""class"": ""java.util.Locale"", ""method"": ""readResolve""}"
94611,reflection,Method.invoke,"{""class"": ""java.util.Locale"", ""method"": ""readObject""}"
94619,reflection,Method.invoke,"{""class"": ""java.util.Locale"", ""method"": ""readResolve""}"
94626,reflection,Method.invoke,"{""class"": ""java.util.Locale"", ""method"": ""readObject""}"
94635,reflection,Method.invoke,"{""class"": ""java.util.Locale"", ""method"": ""readResolve""}"
94644,reflection,Method.invoke,"{""class"": ""java.util.Locale"", ""method"": ""readObject""}"
94651,reflection,Method.invoke,"{""class"": ""java.util.Locale"", ""method"": ""readResolve""}"
94660,reflection,Method.invoke,"{""class"": ""java.util.Locale"", ""method"": ""readObject""}"
94667,reflection,Method.invoke,"{""class"": ""java.util.Locale"", ""method"": ""readResolve""}"
94675,reflection,Method.invoke,"{""class"": ""java.util.Locale"", ""method"": ""readObject""}"
94682,reflection,Method.invoke,"{""class"": ""java.util.Locale"", ""method"": ""readResolve""}"
94689,reflection,Method.invoke,"{""class"": ""java.util.Locale"", ""method"": ""readObject""}"
94696,reflection,Method.invoke,"{""class"": ""java.util.Locale"", ""method"": ""readResolve""}"
94703,reflection,Method.invoke,"{""class"": ""java.util.Locale"", ""method"": ""readObject""}"
94711,reflection,Method.invoke,"{""class"": ""java.util.Locale"", ""method"": ""readResolve""}"
94720,reflection,Method.invoke,"{""class"": ""java.util.Locale"", ""method"": ""readObject""}"
94726,reflection,Method.invoke,"{""class"": ""java.util.Locale"", ""method"": ""readResolve""}"
94734,reflection,Method.invoke,"{""class"": ""java.util.Locale"", ""method"": ""readObject""}"
94742,reflection,Method.invoke,"{""class"": ""java.util.Locale"", ""method"": ""readResolve""}"
94749,reflection,Method.invoke,"{""class"": ""java.util.Locale"", ""method"": ""readObject""}"
94756,reflection,Method.invoke,"{""class"": ""java.util.Locale"", ""method"": ""readResolve""}"
94765,reflection,Method.invoke,"{""class"": ""java.util.Locale"", ""method"": ""readObject""}"
94771,reflection,Method.invoke,"{""class"": ""java.util.Locale"", ""method"": ""readResolve""}"
94779,reflection,Method.invoke,"{""class"": ""java.util.Locale"", ""method"": ""readObject""}"
94785,reflection,Method.invoke,"{""class"": ""java.util.Locale"", ""method"": ""readResolve""}"
94794,reflection,Method.invoke,"{""class"": ""java.util.Locale"", ""method"": ""readObject""}"
94800,reflection,Method.invoke,"{""class"": ""java.util.Locale"", ""method"": ""readResolve""}"
94807,reflection,Method.invoke,"{""class"": ""java.util.Locale"", ""method"": ""readObject""}"
94814,reflection,Method.invoke,"{""class"": ""java.util.Locale"", ""method"": ""readResolve""}"
94822,reflection,Method.invoke,"{""class"": ""java.util.Locale"", ""method"": ""readObject""}"
94831,reflection,Method.invoke,"{""class"": ""java.util.Locale"", ""method"": ""readResolve""}"
94838,reflection,Method.invoke,"{""class"": ""java.util.Locale"", ""method"": ""readObject""}"
94845,reflection,Method.invoke,"{""class"": ""java.util.Locale"", ""method"": ""readResolve""}"
94852,reflection,Method.invoke,"{""class"": ""java.util.Locale"", ""method"": ""readObject""}"
94859,reflection,Method.invoke,"{""class"": ""java.util.Locale"", ""method"": ""readResolve""}"
94868,reflection,Method.invoke,"{""class"": ""java.util.Locale"", ""method"": ""readObject""}"
94874,reflection,Method.invoke,"{""class"": ""java.util.Locale"", ""method"": ""readResolve""}"
94884,reflection,Method.invoke,"{""class"": ""java.util.Locale"", ""method"": ""readObject""}"
94889,reflection,Method.invoke,"{""class"": ""java.util.Locale"", ""method"": ""readResolve""}"
94897,reflection,Method.invoke,"{""class"": ""java.util.Locale"", ""method"": ""readObject""}"
94904,reflection,Method.invoke,"{""class"": ""java.util.Locale"", ""method"": ""readResolve""}"
94912,reflection,Method.invoke,"{""class"": ""java.util.Locale"", ""method"": ""readObject""}"
94920,reflection,Method.invoke,"{""class"": ""java.util.Locale"", ""method"": ""readResolve""}"
94927,reflection,Method.invoke,"{""class"": ""java.util.Locale"", ""method"": ""readObject""}"
94933,reflection,Method.invoke,"{""class"": ""java.util.Locale"", ""method"": ""readResolve""}"
94941,reflection,Method.invoke,"{""class"": ""java.util.Locale"", ""method"": ""readObject""}"
94947,reflection,Method.invoke,"{""class"": ""java.util.Locale"", ""method"": ""readResolve""}"
94955,reflection,Method.invoke,"{""class"": ""java.util.Locale"", ""method"": ""readObject""}"
94962,reflection,Method.invoke,"{""class"": ""java.util.Locale"", ""method"": ""readResolve""}"
94970,reflection,Method.invoke,"{""class"": ""java.util.Locale"", ""method"": ""readObject""}"
94978,reflection,Method.invoke,"{""class"": ""java.util.Locale"", ""method"": ""readResolve""}"
94985,reflection,Method.invoke,"{""class"": ""java.util.Locale"", ""method"": ""readObject""}"
94994,reflection,Method.invoke,"{""class"": ""java.util.Locale"", ""method"": ""readResolve""}"
95000,reflection,Method.invoke,"{""class"": ""java.util.Locale"", ""method"": ""readObject""}"
95010,reflection,Method.invoke,"{""class"": ""java.util.Locale"", ""method"": ""readResolve""}"
95015,reflection,Method.invoke,"{""class"": ""java.util.Locale"", ""method"": ""readObject""}"
95023,reflection,Method.invoke,"{""class"": ""java.util.Locale"", ""method"": ""readResolve""}"
95030,reflection,Method.invoke,"{""class"": ""java.util.Locale"", ""method"": ""readObject""}"
95039,reflection,Method.invoke,"{""class"": ""java.util.Locale"", ""method"": ""readResolve""}"
95047,reflection,Method.invoke,"{""class"": ""java.util.Locale"", ""method"": ""readObject""}"
95054,reflection,Method.invoke,"{""class"": ""java.util.Locale"", ""method"": ""readResolve""}"
95062,reflection,Method.invoke,"{""class"": ""java.util.Locale"", ""method"": ""readObject""}"
95071,reflection,Method.invoke,"{""class"": ""java.util.Locale"", ""method"": ""readResolve""}"
95078,reflection,Method.invoke,"{""class"": ""java.util.Locale"", ""method"": ""readObject""}"
95085,reflection,Method.invoke,"{""class"": ""java.util.Locale"", ""method"": ""readResolve""}"
95094,reflection,Method.invoke,"{""class"": ""java.util.Locale"", ""method"": ""readObject""}"
95102,reflection,Method.invoke,"{""class"": ""java.util.Locale"", ""method"": ""readResolve""}"
95110,reflection,Method.invoke,"{""class"": ""java.util.Locale"", ""method"": ""readObject""}"
95118,reflection,Method.invoke,"{""class"": ""java.util.Locale"", ""method"": ""readResolve""}"
95127,reflection,Method.invoke,"{""class"": ""java.util.Locale"", ""method"": ""readObject""}"
95134,reflection,Method.invoke,"{""class"": ""java.util.Locale"", ""method"": ""readResolve""}"
95144,reflection,Method.invoke,"{""class"": ""java.util.Locale"", ""method"": ""readObject""}"
95152,reflection,Method.invoke,"{""class"": ""java.util.Locale"", ""method"": ""readResolve""}"
95161,reflection,Method.invoke,"{""class"": ""java.util.Locale"", ""method"": ""readObject""}"
95167,reflection,Method.invoke,"{""class"": ""java.util.Locale"", ""method"": ""readResolve""}"
95175,reflection,Method.invoke,"{""class"": ""java.util.Locale"", ""method"": ""readObject""}"
95182,reflection,Method.invoke,"{""class"": ""java.util.Locale"", ""method"": ""readResolve""}"
95194,reflection,Method.invoke,"{""class"": ""java.util.Locale"", ""method"": ""readObject""}"
95200,reflection,Method.invoke,"{""class"": ""java.util.Locale"", ""method"": ""readResolve""}"
95209,reflection,Method.invoke,"{""class"": ""java.util.Locale"", ""method"": ""readObject""}"
95214,reflection,Method.invoke,"{""class"": ""java.util.Locale"", ""method"": ""readResolve""}"
95223,reflection,Method.invoke,"{""class"": ""java.util.Locale"", ""method"": ""readObject""}"
95230,reflection,Method.invoke,"{""class"": ""java.util.Locale"", ""method"": ""readResolve""}"
95238,reflection,Method.invoke,"{""class"": ""java.util.Locale"", ""method"": ""readObject""}"
95244,reflection,Method.invoke,"{""class"": ""java.util.Locale"", ""method"": ""readResolve""}"
95253,reflection,Method.invoke,"{""class"": ""java.util.Locale"", ""method"": ""readObject""}"
95260,reflection,Method.invoke,"{""class"": ""java.util.Locale"", ""method"": ""readResolve""}"
95267,reflection,Method.invoke,"{""class"": ""java.util.Locale"", ""method"": ""readObject""}"
95273,reflection,Method.invoke,"{""class"": ""java.util.Locale"", ""method"": ""readResolve""}"
95282,reflection,Method.invoke,"{""class"": ""java.util.Locale"", ""method"": ""readObject""}"
95289,reflection,Method.invoke,"{""class"": ""java.util.Locale"", ""method"": ""readResolve""}"
95295,reflection,Method.invoke,"{""class"": ""java.util.Locale"", ""method"": ""readObject""}"
95302,reflection,Method.invoke,"{""class"": ""java.util.Locale"", ""method"": ""readResolve""}"
95310,reflection,Method.invoke,"{""class"": ""java.util.Locale"", ""method"": ""readObject""}"
95318,reflection,Method.invoke,"{""class"": ""java.util.Locale"", ""method"": ""readResolve""}"
95326,reflection,Method.invoke,"{""class"": ""java.util.Locale"", ""method"": ""readObject""}"
95333,reflection,Method.invoke,"{""class"": ""java.util.Locale"", ""method"": ""readResolve""}"
95340,reflection,Method.invoke,"{""class"": ""java.util.Locale"", ""method"": ""readObject""}"
95348,reflection,Method.invoke,"{""class"": ""java.util.Locale"", ""method"": ""readResolve""}"
95354,reflection,Method.invoke,"{""class"": ""java.util.Locale"", ""method"": ""readObject""}"
95360,reflection,Method.invoke,"{""class"": ""java.util.Locale"", ""method"": ""readResolve""}"
95366,reflection,Method.invoke,"{""class"": ""java.util.Locale"", ""method"": ""readObject""}"
95374,reflection,Method.invoke,"{""class"": ""java.util.Locale"", ""method"": ""readResolve""}"
95381,reflection,Method.invoke,"{""class"": ""java.util.Locale"", ""method"": ""readObject""}"
95389,reflection,Method.invoke,"{""class"": ""java.util.Locale"", ""method"": ""readResolve""}"
95398,reflection,Method.invoke,"{""class"": ""java.util.Locale"", ""method"": ""readObject""}"
95406,reflection,Method.invoke,"{""class"": ""java.util.Locale"", ""method"": ""readResolve""}"
95414,reflection,Method.invoke,"{""class"": ""java.util.Locale"", ""method"": ""readObject""}"
95421,reflection,Method.invoke,"{""class"": ""java.util.Locale"", ""method"": ""readResolve""}"
95428,reflection,Method.invoke,"{""class"": ""java.util.Locale"", ""method"": ""readObject""}"
95434,reflection,Method.invoke,"{""class"": ""java.util.Locale"", ""method"": ""readResolve""}"
95442,reflection,Method.invoke,"{""class"": ""java.util.Locale"", ""method"": ""readObject""}"
95449,reflection,Method.invoke,"{""class"": ""java.util.Locale"", ""method"": ""readResolve""}"
95459,reflection,Method.invoke,"{""class"": ""java.util.Locale"", ""method"": ""readObject""}"
95467,reflection,Method.invoke,"{""class"": ""java.util.Locale"", ""method"": ""readResolve""}"
95474,reflection,Method.invoke,"{""class"": ""java.util.Locale"", ""method"": ""readObject""}"
95481,reflection,Method.invoke,"{""class"": ""java.util.Locale"", ""method"": ""readResolve""}"
95488,reflection,Method.invoke,"{""class"": ""java.util.Locale"", ""method"": ""readObject""}"
95496,reflection,Method.invoke,"{""class"": ""java.util.Locale"", ""method"": ""readResolve""}"
95504,reflection,Method.invoke,"{""class"": ""java.util.Locale"", ""method"": ""readObject""}"
95511,reflection,Method.invoke,"{""class"": ""java.util.Locale"", ""method"": ""readResolve""}"
95520,reflection,Method.invoke,"{""class"": ""java.util.Locale"", ""method"": ""readObject""}"
95529,reflection,Method.invoke,"{""class"": ""java.util.Locale"", ""method"": ""readResolve""}"
95536,reflection,Method.invoke,"{""class"": ""java.util.Locale"", ""method"": ""readObject""}"
95543,reflection,Method.invoke,"{""class"": ""java.util.Locale"", ""method"": ""readResolve""}"
95550,reflection,Method.invoke,"{""class"": ""java.util.Locale"", ""method"": ""readObject""}"
95556,reflection,Method.invoke,"{""class"": ""java.util.Locale"", ""method"": ""readResolve""}"
95564,reflection,Method.invoke,"{""class"": ""java.util.Locale"", ""method"": ""readObject""}"
95571,reflection,Method.invoke,"{""class"": ""java.util.Locale"", ""method"": ""readResolve""}"
95578,reflection,Method.invoke,"{""class"": ""java.util.Locale"", ""method"": ""readObject""}"
95584,reflection,Method.invoke,"{""class"": ""java.util.Locale"", ""method"": ""readResolve""}"
95594,reflection,Method.invoke,"{""class"": ""java.util.Locale"", ""method"": ""readObject""}"
95601,reflection,Method.invoke,"{""class"": ""java.util.Locale"", ""method"": ""readResolve""}"
95609,reflection,Method.invoke,"{""class"": ""java.util.Locale"", ""method"": ""readObject""}"
95618,reflection,Method.invoke,"{""class"": ""java.util.Locale"", ""method"": ""readResolve""}"
95624,reflection,Method.invoke,"{""class"": ""java.util.Locale"", ""method"": ""readObject""}"
95633,reflection,Method.invoke,"{""class"": ""java.util.Locale"", ""method"": ""readResolve""}"
95642,reflection,Method.invoke,"{""class"": ""java.util.Locale"", ""method"": ""readObject""}"
95650,reflection,Method.invoke,"{""class"": ""java.util.Locale"", ""method"": ""readResolve""}"
95658,reflection,Method.invoke,"{""class"": ""java.util.Locale"", ""method"": ""readObject""}"
95666,reflection,Method.invoke,"{""class"": ""java.util.Locale"", ""method"": ""readResolve""}"
95672,reflection,Method.invoke,"{""class"": ""java.util.Locale"", ""method"": ""readObject""}"
95680,reflection,Method.invoke,"{""class"": ""java.util.Locale"", ""method"": ""readResolve""}"
95687,reflection,Method.invoke,"{""class"": ""java.util.Locale"", ""method"": ""readObject""}"
95693,reflection,Method.invoke,"{""class"": ""java.util.Locale"", ""method"": ""readResolve""}"
95702,reflection,Method.invoke,"{""class"": ""java.util.Locale"", ""method"": ""readObject""}"
95708,reflection,Method.invoke,"{""class"": ""java.util.Locale"", ""method"": ""readResolve""}"
95715,reflection,Method.invoke,"{""class"": ""java.util.Locale"", ""method"": ""readObject""}"
95723,reflection,Method.invoke,"{""class"": ""java.util.Locale"", ""method"": ""readResolve""}"
95731,reflection,Method.invoke,"{""class"": ""java.util.Locale"", ""method"": ""readObject""}"
95737,reflection,Method.invoke,"{""class"": ""java.util.Locale"", ""method"": ""readResolve""}"
95747,reflection,Method.invoke,"{""class"": ""java.util.Locale"", ""method"": ""readObject""}"
95753,reflection,Method.invoke,"{""class"": ""java.util.Locale"", ""method"": ""readResolve""}"
95762,reflection,Method.invoke,"{""class"": ""java.util.Locale"", ""method"": ""readObject""}"
95768,reflection,Method.invoke,"{""class"": ""java.util.Locale"", ""method"": ""readResolve""}"
95775,reflection,Method.invoke,"{""class"": ""java.util.Locale"", ""method"": ""readObject""}"
95780,reflection,Method.invoke,"{""class"": ""java.util.Locale"", ""method"": ""readResolve""}"
95788,reflection,Method.invoke,"{""class"": ""java.util.Locale"", ""method"": ""readObject""}"
95794,reflection,Method.invoke,"{""class"": ""java.util.Locale"", ""method"": ""readResolve""}"
95803,reflection,Method.invoke,"{""class"": ""java.util.Locale"", ""method"": ""readObject""}"
95808,reflection,Method.invoke,"{""class"": ""java.util.Locale"", ""method"": ""readResolve""}"
95817,reflection,Method.invoke,"{""class"": ""java.util.Locale"", ""method"": ""readObject""}"
95824,reflection,Method.invoke,"{""class"": ""java.util.Locale"", ""method"": ""readResolve""}"
97520,reflection,Method.invoke,"{""class"": ""android.view.View"", ""method"": ""getElevation""}"
97537,reflection,Method.invoke,"{""class"": ""org.fossasia.susi.ai.chat.ChatActivity"", ""method"": ""openSettings""}"
97570,reflection,Method.invoke,"{""class"": ""android.view.View"", ""method"": ""getElevation""}"
97604,reflection,Method.invoke,"{""class"": ""android.view.ViewGroup"", ""method"": ""makeOptionalFitsSystemWindows""}"
97628,storage,SharedPreferences.getString,"{""key"": ""prefLanguage""}"
97637,network,okhttp3.RealCall.enqueue,"{""method"": ""GET"", ""url"": ""https://api.susi.ai/cms/getSkillMetricsData.json?model=general&language=en""}"
97652,reflection,Method.invoke,"{""class"": ""dalvik.system.CloseGuard"", ""method"": ""get""}"
97666,reflection,Method.invoke,"{""class"": ""dalvik.system.CloseGuard"", ""method"": ""open""}"
97686,network,Socket.connect,"{""endpoint"": ""api.susi.ai/167.235.1.187:443""}"
97749,reflection,Method.invoke,"{""class"": ""com.android.org.conscrypt.ConscryptFileDescriptorSocket"", ""method"": ""setUseSessionTickets""}"
97762,reflection,Method.invoke,"{""class"": ""com.android.org.conscrypt.ConscryptFileDescriptorSocket"", ""method"": ""setHostname""}"
97778,reflection,Method.invoke,"{""class"": ""com.android.org.conscrypt.OpenSSLSocketImpl"", ""method"": ""setAlpnProtocols""}"
97833,crypto,MessageDigest.getInstance,"{""algorithm"": ""MD5""}"
97843,crypto,MessageDigest.digest,{}
97853,crypto,MessageDigest.getInstance,"{""algorithm"": ""SHA1""}"
97863,crypto,MessageDigest.digest,{}
97871,crypto,MessageDigest.getInstance,"{""algorithm"": ""MD5""}"
97880,crypto,MessageDigest.digest,{}
97886,crypto,MessageDigest.getInstance,"{""algorithm"": ""SHA1""}"
97897,crypto,MessageDigest.digest,{}
97913,crypto,MessageDigest.getInstance,"{""algorithm"": ""MD5""}"
97920,crypto,MessageDigest.digest,{}
97932,crypto,MessageDigest.getInstance,"{""algorithm"": ""SHA1""}"
97944,crypto,MessageDigest.digest,{}
97950,crypto,MessageDigest.getInstance,"{""algorithm"": ""MD5""}"
97957,crypto,MessageDigest.digest,{}
97965,crypto,MessageDigest.getInstance,"{""algorithm"": ""SHA1""}"
97971,crypto,MessageDigest.digest,{}
97986,crypto,MessageDigest.getInstance,"{""algorithm"": ""SHA1""}"
97994,crypto,MessageDigest.digest,{}
98000,crypto,MessageDigest.getInstance,"{""algorithm"": ""SHA1""}"
98007,crypto,MessageDigest.digest,{}
98020,crypto,MessageDigest.getInstance,"{""algorithm"": ""SHA1""}"
98030,crypto,MessageDigest.digest,{}
98036,crypto,MessageDigest.getInstance,"{""algorithm"": ""SHA1""}"
98045,crypto,MessageDigest.digest,{}
98051,crypto,MessageDigest.getInstance,"{""algorithm"": ""SHA1""}"
98061,crypto,MessageDigest.digest,{}
98072,crypto,MessageDigest.getInstance,"{""algorithm"": ""SHA1""}"
98081,crypto,MessageDigest.digest,{}
98097,crypto,MessageDigest.getInstance,"{""algorithm"": ""SHA-256""}"
98104,crypto,MessageDigest.digest,{}
100885,reflection,Method.invoke,"{""class"": ""android.widget.PopupWindow"", ""method"": ""getMaxAvailableHeight""}"
100901,reflection,Method.invoke,"{""class"": ""android.widget.PopupWindow"", ""method"": ""setClipToScreenEnabled""}"
100918,reflection,Method.invoke,"{""class"": ""android.widget.PopupWindow"", ""method"": ""setEpicenterBounds""}"
100937,reflection,Method.invoke,"{""class"": ""android.widget.PopupWindow"", ""method"": ""getMaxAvailableHeight""}"
100967,reflection,Method.invoke,"{""class"": ""android.view.View"", ""method"": ""getTransitionAlpha""}"
104091,reflection,Method.invoke,"{""class"": ""android.view.View"", ""method"": ""getTransitionAlpha""}"
106910,reflection,Method.invoke,"{""class"": ""android.widget.PopupWindow"", ""method"": ""getMaxAvailableHeight""}"
106912,reflection,Method.invoke,"{""class"": ""android.widget.PopupWindow"", ""method"": ""setClipToScreenEnabled""}"
106912,reflection,Method.invoke,"{""class"": ""android.widget.PopupWindow"", ""method"": ""setEpicenterBounds""}"
106924,reflection,Method.invoke,"{""class"": ""android.widget.PopupWindow"", ""method"": ""getMaxAvailableHeight""}"
106946,reflection,Method.invoke,"{""class"": ""android.view.View"", ""method"": ""getTransitionAlpha""}"
110024,reflection,Method.invoke,"{""class"": ""android.view.View"", ""method"": ""getTransitionAlpha""}"
112898,reflection,Method.invoke,"{""class"": ""android.view.ViewGroup"", ""method"": ""makeOptionalFitsSystemWindows""}"
112905,storage,SharedPreferences.apply,{}
112907,audio,MediaRecorder.setAudioSource,"{""audioSource"": 1}"
112919,network,okhttp3.RealCall.enqueue,"{""method"": ""GET"", ""url"": ""http://ipinfo.io/json""}"
112920,reflection,Method.invoke,"{""class"": ""dalvik.system.CloseGuard"", ""method"": ""get""}"
112921,reflection,Method.invoke,"{""class"": ""dalvik.system.CloseGuard"", ""method"": ""open""}"
112923,location,LocationManager.requestLocationUpdates,"{""minDistance"": 10, ""minTime"": ""300000"", ""provider"": ""network""}"
112931,location,LocationManager.requestLocationUpdates,"{""minDistance"": 10, ""minTime"": ""300000"", ""provider"": ""gps""}"
112949,reflection,Method.invoke,"{""class"": ""android.security.NetworkSecurityPolicy"", ""method"": ""getInstance""}"
112952,reflection,Method.invoke,"{""class"": ""android.view.View"", ""method"": ""getElevation""}"
112953,reflection,Method.invoke,"{""class"": ""android.view.View"", ""method"": ""getElevation""}"
112956,reflection,Method.invoke,"{""class"": ""android.view.View"", ""method"": ""getElevation""}"
112971,reflection,Method.invoke,"{""class"": ""android.view.View"", ""method"": ""getElevation""}"
112982,reflection,Method.invoke,"{""class"": ""android.security.NetworkSecurityPolicy"", ""method"": ""isCleartextTrafficPermitted""}"
113002,ipc_intents,Context.bindService,"{""action"": ""android.intent.action.TTS_SERVICE"", ""flags"": 1, ""target"": ""android.intent.action.TTS_SERVICE""}"
113101,reflection,Method.invoke,"{""class"": ""java.util.Locale"", ""method"": ""readObject""}"
113118,reflection,Method.invoke,"{""class"": ""java.util.Locale"", ""method"": ""readResolve""}"
113138,reflection,Method.invoke,"{""class"": ""java.util.Locale"", ""method"": ""readObject""}"
113155,reflection,Method.invoke,"{""class"": ""java.util.Locale"", ""method"": ""readResolve""}"
113174,reflection,Method.invoke,"{""class"": ""java.util.Locale"", ""method"": ""readObject""}"
113190,reflection,Method.invoke,"{""class"": ""java.util.Locale"", ""method"": ""readResolve""}"
113205,reflection,Method.invoke,"{""class"": ""java.util.Locale"", ""method"": ""readObject""}"
113222,reflection,Method.invoke,"{""class"": ""java.util.Locale"", ""method"": ""readResolve""}"
113245,reflection,Method.invoke,"{""class"": ""java.util.Locale"", ""method"": ""readObject""}"
113254,reflection,Method.invoke,"{""class"": ""java.util.Locale"", ""method"": ""readResolve""}"
113263,reflection,Method.invoke,"{""class"": ""java.util.Locale"", ""method"": ""readObject""}"
113271,reflection,Method.invoke,"{""class"": ""java.util.Locale"", ""method"": ""readResolve""}"
113281,reflection,Method.invoke,"{""class"": ""java.util.Locale"", ""method"": ""readObject""}"
113287,reflection,Method.invoke,"{""class"": ""java.util.Locale"", ""method"": ""readResolve""}"
113312,reflection,Method.invoke,"{""class"": ""java.util.Locale"", ""method"": ""readObject""}"
113326,reflection,Method.invoke,"{""class"": ""java.util.Locale"", ""method"": ""readResolve""}"
113334,reflection,Method.invoke,"{""class"": ""java.util.Locale"", ""method"": ""readObject""}"
113344,reflection,Method.invoke,"{""class"": ""java.util.Locale"", ""method"": ""readResolve""}"
113351,reflection,Method.invoke,"{""class"": ""java.util.Locale"", ""method"": ""readObject""}"
113359,reflection,Method.invoke,"{""class"": ""java.util.Locale"", ""method"": ""readResolve""}"
113367,reflection,Method.invoke,"{""class"": ""java.util.Locale"", ""method"": ""readObject""}"
113375,reflection,Method.invoke,"{""class"": ""java.util.Locale"", ""method"": ""readResolve""}"
113384,reflection,Method.invoke,"{""class"": ""java.util.Locale"", ""method"": ""readObject""}"
113391,reflection,Method.invoke,"{""class"": ""java.util.Locale"", ""method"": ""readResolve""}"
113398,reflection,Method.invoke,"{""class"": ""java.util.Locale"", ""method"": ""readObject""}"
113406,reflection,Method.invoke,"{""class"": ""java.util.Locale"", ""method"": ""readResolve""}"
113415,reflection,Method.invoke,"{""class"": ""java.util.Locale"", ""method"": ""readObject""}"
113421,reflection,Method.invoke,"{""class"": ""java.util.Locale"", ""method"": ""readResolve""}"
113430,reflection,Method.invoke,"{""class"": ""java.util.Locale"", ""method"": ""readObject""}"
113436,reflection,Method.invoke,"{""class"": ""java.util.Locale"", ""method"": ""readResolve""}"
113445,reflection,Method.invoke,"{""class"": ""java.util.Locale"", ""method"": ""readObject""}"
113453,reflection,Method.invoke,"{""class"": ""java.util.Locale"", ""method"": ""readResolve""}"
113461,reflection,Method.invoke,"{""class"": ""java.util.Locale"", ""method"": ""readObject""}"
113468,reflection,Method.invoke,"{""class"": ""java.util.Locale"", ""method"": ""readResolve""}"
113474,reflection,Method.invoke,"{""class"": ""java.util.Locale"", ""method"": ""readObject""}"
113482,reflection,Method.invoke,"{""class"": ""java.util.Locale"", ""method"": ""readResolve""}"
113492,reflection,Method.invoke,"{""class"": ""java.util.Locale"", ""method"": ""readObject""}"
113498,reflection,Method.invoke,"{""class"": ""java.util.Locale"", ""method"": ""readResolve""}"
113504,reflection,Method.invoke,"{""class"": ""java.util.Locale"", ""method"": ""readObject""}"
113513,reflection,Method.invoke,"{""class"": ""java.util.Locale"", ""method"": ""readResolve""}"
113521,reflection,Method.invoke,"{""class"": ""java.util.Locale"", ""method"": ""readObject""}"
113528,reflection,Method.invoke,"{""class"": ""java.util.Locale"", ""method"": ""readResolve""}"
113535,reflection,Method.invoke,"{""class"": ""java.util.Locale"", ""method"": ""readObject""}"
113543,reflection,Method.invoke,"{""class"": ""java.util.Locale"", ""method"": ""readResolve""}"
113551,reflection,Method.invoke,"{""class"": ""java.util.Locale"", ""method"": ""readObject""}"
113557,reflection,Method.invoke,"{""class"": ""java.util.Locale"", ""method"": ""readResolve""}"
113567,reflection,Method.invoke,"{""class"": ""java.util.Locale"", ""method"": ""readObject""}"
113573,reflection,Method.invoke,"{""class"": ""java.util.Locale"", ""method"": ""readResolve""}"
113582,reflection,Method.invoke,"{""class"": ""java.util.Locale"", ""method"": ""readObject""}"
113589,reflection,Method.invoke,"{""class"": ""java.util.Locale"", ""method"": ""readResolve""}"
113596,reflection,Method.invoke,"{""class"": ""java.util.Locale"", ""method"": ""readObject""}"
113603,reflection,Method.invoke,"{""class"": ""java.util.Locale"", ""method"": ""readResolve""}"
113610,reflection,Method.invoke,"{""class"": ""java.util.Locale"", ""method"": ""readObject""}"
113618,reflection,Method.invoke,"{""class"": ""java.util.Locale"", ""method"": ""readResolve""}"
113626,reflection,Method.invoke,"{""class"": ""java.util.Locale"", ""method"": ""readObject""}"
113632,reflection,Method.invoke,"{""class"": ""java.util.Locale"", ""method"": ""readResolve""}"
113640,reflection,Method.invoke,"{""class"": ""java.util.Locale"", ""method"": ""readObject""}"
113648,reflection,Method.invoke,"{""class"": ""java.util.Locale"", ""method"": ""readResolve""}"
113657,reflection,Method.invoke,"{""class"": ""java.util.Locale"", ""method"": ""readObject""}"
113664,reflection,Method.invoke,"{""class"": ""java.util.Locale"", ""method"": ""readResolve""}"
113672,reflection,Method.invoke,"{""class"": ""java.util.Locale"", ""method"": ""readObject""}"
113679,reflection,Method.invoke,"{""class"": ""java.util.Locale"", ""method"": ""readResolve""}"
113687,reflection,Method.invoke,"{""class"": ""java.util.Locale"", ""method"": ""readObject""}"
113695,reflection,Method.invoke,"{""class"": ""java.util.Locale"", ""method"": ""readResolve""}"
113703,reflection,Method.invoke,"{""class"": ""java.util.Locale"", ""method"": ""readObject""}"
113709,reflection,Method.invoke,"{""class"": ""java.util.Locale"", ""method"": ""readResolve""}"
113719,reflection,Method.invoke,"{""class"": ""java.util.Locale"", ""method"": ""readObject""}"
113726,reflection,Method.invoke,"{""class"": ""java.util.Locale"", ""method"": ""readResolve""}"
113733,reflection,Method.invoke,"{""class"": ""java.util.Locale"", ""method"": ""readObject""}"
113740,reflection,Method.invoke,"{""class"": ""java.util.Locale"", ""method"": ""readResolve""}"
113747,reflection,Method.invoke,"{""class"": ""java.util.Locale"", ""method"": ""readObject""}"
113755,reflection,Method.invoke,"{""class"": ""java.util.Locale"", ""method"": ""readResolve""}"
113765,reflection,Method.invoke,"{""class"": ""java.util.Locale"", ""method"": ""readObject""}"
113775,reflection,Method.invoke,"{""class"": ""java.util.Locale"", ""method"": ""readResolve""}"
113783,reflection,Method.invoke,"{""class"": ""java.util.Locale"", ""method"": ""readObject""}"
113789,reflection,Method.invoke,"{""class"": ""java.util.Locale"", ""method"": ""readResolve""}"
113797,reflection,Method.invoke,"{""class"": ""java.util.Locale"", ""method"": ""readObject""}"
113805,reflection,Method.invoke,"{""class"": ""java.util.Locale"", ""method"": ""readResolve""}"
113811,reflection,Method.invoke,"{""class"": ""java.util.Locale"", ""method"": ""readObject""}"
113819,reflection,Method.invoke,"{""class"": ""java.util.Locale"", ""method"": ""readResolve""}"
113829,reflection,Method.invoke,"{""class"": ""java.util.Locale"", ""method"": ""readObject""}"
113837,reflection,Method.invoke,"{""class"": ""java.util.Locale"", ""method"": ""readResolve""}"
113849,reflection,Method.invoke,"{""class"": ""java.util.Locale"", ""method"": ""readObject""}"
113855,reflection,Method.invoke,"{""class"": ""java.util.Locale"", ""method"": ""readResolve""}"
113866,reflection,Method.invoke,"{""class"": ""java.util.Locale"", ""method"": ""readObject""}"
113871,reflection,Method.invoke,"{""class"": ""java.util.Locale"", ""method"": ""readResolve""}"
113879,reflection,Method.invoke,"{""class"": ""java.util.Locale"", ""method"": ""readObject""}"
113886,reflection,Method.invoke,"{""class"": ""java.util.Locale"", ""method"": ""readResolve""}"
113893,reflection,Method.invoke,"{""class"": ""java.util.Locale"", ""method"": ""readObject""}"
113900,reflection,Method.invoke,"{""class"": ""java.util.Locale"", ""method"": ""readResolve""}"
113909,reflection,Method.invoke,"{""class"": ""java.util.Locale"", ""method"": ""readObject""}"
113916,reflection,Method.invoke,"{""class"": ""java.util.Locale"", ""method"": ""readResolve""}"
113924,reflection,Method.invoke,"{""class"": ""java.util.Locale"", ""method"": ""readObject""}"
113936,reflection,Method.invoke,"{""class"": ""java.util.Locale"", ""method"": ""readResolve""}"
113944,reflection,Method.invoke,"{""class"": ""java.util.Locale"", ""method"": ""readObject""}"
113952,reflection,Method.invoke,"{""class"": ""java.util.Locale"", ""method"": ""readResolve""}"
113959,reflection,Method.invoke,"{""class"": ""java.util.Locale"", ""method"": ""readObject""}"
113965,reflection,Method.invoke,"{""class"": ""java.util.Locale"", ""method"": ""readResolve""}"
113973,reflection,Method.invoke,"{""class"": ""java.util.Locale"", ""method"": ""readObject""}"
113979,reflection,Method.invoke,"{""class"": ""java.util.Locale"", ""method"": ""readResolve""}"
113987,reflection,Method.invoke,"{""class"": ""java.util.Locale"", ""method"": ""readObject""}"
113992,reflection,Method.invoke,"{""class"": ""java.util.Locale"", ""method"": ""readResolve""}"
113999,reflection,Method.invoke,"{""class"": ""java.util.Locale"", ""method"": ""readObject""}"
114007,reflection,Method.invoke,"{""class"": ""java.util.Locale"", ""method"": ""readResolve""}"
114015,reflection,Method.invoke,"{""class"": ""java.util.Locale"", ""method"": ""readObject""}"
114021,reflection,Method.invoke,"{""class"": ""java.util.Locale"", ""method"": ""readResolve""}"
114031,reflection,Method.invoke,"{""class"": ""java.util.Locale"", ""method"": ""readObject""}"
114036,reflection,Method.invoke,"{""class"": ""java.util.Locale"", ""method"": ""readResolve""}"
114049,reflection,Method.invoke,"{""class"": ""java.util.Locale"", ""method"": ""readObject""}"
114059,reflection,Method.invoke,"{""class"": ""java.util.Locale"", ""method"": ""readResolve""}"
114070,reflection,Method.invoke,"{""class"": ""java.util.Locale"", ""method"": ""readObject""}"
114078,reflection,Method.invoke,"{""class"": ""java.util.Locale"", ""method"": ""readResolve""}"
114087,reflection,Method.invoke,"{""class"": ""java.util.Locale"", ""method"": ""readObject""}"
114094,reflection,Method.invoke,"{""class"": ""java.util.Locale"", ""method"": ""readResolve""}"
114102,reflection,Method.invoke,"{""class"": ""java.util.Locale"", ""method"": ""readObject""}"
114108,reflection,Method.invoke,"{""class"": ""java.util.Locale"", ""method"": ""readResolve""}"
114115,reflection,Method.invoke,"{""class"": ""java.util.Locale"", ""method"": ""readObject""}"
114121,reflection,Method.invoke,"{""class"": ""java.util.Locale"", ""method"": ""readResolve""}"
114129,reflection,Method.invoke,"{""class"": ""java.util.Locale"", ""method"": ""readObject""}"
114135,reflection,Method.invoke,"{""class"": ""java.util.Locale"", ""method"": ""readResolve""}"
114145,reflection,Method.invoke,"{""class"": ""java.util.Locale"", ""method"": ""readObject""}"
114151,reflection,Method.invoke,"{""class"": ""java.util.Locale"", ""method"": ""readResolve""}"
114159,reflection,Method.invoke,"{""class"": ""java.util.Locale"", ""method"": ""readObject""}"
114167,reflection,Method.invoke,"{""class"": ""java.util.Locale"", ""method"": ""readResolve""}"
114181,reflection,Method.invoke,"{""class"": ""java.util.Locale"", ""method"": ""readObject""}"
114190,reflection,Method.invoke,"{""class"": ""java.util.Locale"", ""method"": ""readResolve""}"
114198,reflection,Method.invoke,"{""class"": ""java.util.Locale"", ""method"": ""readObject""}"
114204,reflection,Method.invoke,"{""class"": ""java.util.Locale"", ""method"": ""readResolve""}"
114212,reflection,Method.invoke,"{""class"": ""java.util.Locale"", ""method"": ""readObject""}"
114218,reflection,Method.invoke,"{""class"": ""java.util.Locale"", ""method"": ""readResolve""}"
114226,reflection,Method.invoke,"{""class"": ""java.util.Locale"", ""method"": ""readObject""}"
114234,reflection,Method.invoke,"{""class"": ""java.util.Locale"", ""method"": ""readResolve""}"
114241,reflection,Method.invoke,"{""class"": ""java.util.Locale"", ""method"": ""readObject""}"
114248,reflection,Method.invoke,"{""class"": ""java.util.Locale"", ""method"": ""readResolve""}"
114255,reflection,Method.invoke,"{""class"": ""java.util.Locale"", ""method"": ""readObject""}"
114263,reflection,Method.invoke,"{""class"": ""java.util.Locale"", ""method"": ""readResolve""}"
114273,reflection,Method.invoke,"{""class"": ""java.util.Locale"", ""method"": ""readObject""}"
114281,reflection,Method.invoke,"{""class"": ""java.util.Locale"", ""method"": ""readResolve""}"
114291,reflection,Method.invoke,"{""class"": ""java.util.Locale"", ""method"": ""readObject""}"
114298,reflection,Method.invoke,"{""class"": ""java.util.Locale"", ""method"": ""readResolve""}"
114306,reflection,Method.invoke,"{""class"": ""java.util.Locale"", ""method"": ""readObject""}"
114314,reflection,Method.invoke,"{""class"": ""java.util.Locale"", ""method"": ""readResolve""}"
114321,reflection,Method.invoke,"{""class"": ""java.util.Locale"", ""method"": ""readObject""}"
114328,reflection,Method.invoke,"{""class"": ""java.util.Locale"", ""method"": ""readResolve""}"
114336,reflection,Method.invoke,"{""class"": ""java.util.Locale"", ""method"": ""readObject""}"
114343,reflection,Method.invoke,"{""class"": ""java.util.Locale"", ""method"": ""readResolve""}"
114350,reflection,Method.invoke,"{""class"": ""java.util.Locale"", ""method"": ""readObject""}"
114358,reflection,Method.invoke,"{""class"": ""java.util.Locale"", ""method"": ""readResolve""}"
114366,reflection,Method.invoke,"{""class"": ""java.util.Locale"", ""method"": ""readObject""}"
114374,reflection,Method.invoke,"{""class"": ""java.util.Locale"", ""method"": ""readResolve""}"
114382,reflection,Method.invoke,"{""class"": ""java.util.Locale"", ""method"": ""readObject""}"
114390,reflection,Method.invoke,"{""class"": ""java.util.Locale"", ""method"": ""readResolve""}"
114398,reflection,Method.invoke,"{""class"": ""java.util.Locale"", ""method"": ""readObject""}"
114404,reflection,Method.invoke,"{""class"": ""java.util.Locale"", ""method"": ""readResolve""}"
114413,reflection,Method.invoke,"{""class"": ""java.util.Locale"", ""method"": ""readObject""}"
114419,reflection,Method.invoke,"{""class"": ""java.util.Locale"", ""method"": ""readResolve""}"
114427,reflection,Method.invoke,"{""class"": ""java.util.Locale"", ""method"": ""readObject""}"
114433,reflection,Method.invoke,"{""class"": ""java.util.Locale"", ""method"": ""readResolve""}"
114439,reflection,Method.invoke,"{""class"": ""java.util.Locale"", ""method"": ""readObject""}"
114449,reflection,Method.invoke,"{""class"": ""java.util.Locale"", ""method"": ""readResolve""}"
114455,reflection,Method.invoke,"{""class"": ""java.util.Locale"", ""method"": ""readObject""}"
114464,reflection,Method.invoke,"{""class"": ""java.util.Locale"", ""method"": ""readResolve""}"
114471,reflection,Method.invoke,"{""class"": ""java.util.Locale"", ""method"": ""readObject""}"
114477,reflection,Method.invoke,"{""class"": ""java.util.Locale"", ""method"": ""readResolve""}"
114485,reflection,Method.invoke,"{""class"": ""java.util.Locale"", ""method"": ""readObject""}"
114492,reflection,Method.invoke,"{""class"": ""java.util.Locale"", ""method"": ""readResolve""}"
114504,reflection,Method.invoke,"{""class"": ""java.util.Locale"", ""method"": ""readObject""}"
114512,reflection,Method.invoke,"{""class"": ""java.util.Locale"", ""method"": ""readResolve""}"
114523,reflection,Method.invoke,"{""class"": ""java.util.Locale"", ""method"": ""readObject""}"
114530,reflection,Method.invoke,"{""class"": ""java.util.Locale"", ""method"": ""readResolve""}"
114538,reflection,Method.invoke,"{""class"": ""java.util.Locale"", ""method"": ""readObject""}"
114546,reflection,Method.invoke,"{""class"": ""java.util.Locale"", ""method"": ""readResolve""}"
114554,reflection,Method.invoke,"{""class"": ""java.util.Locale"", ""method"": ""readObject""}"
114562,reflection,Method.invoke,"{""class"": ""java.util.Locale"", ""method"": ""readResolve""}"
114572,reflection,Method.invoke,"{""class"": ""java.util.Locale"", ""method"": ""readObject""}"
114578,reflection,Method.invoke,"{""class"": ""java.util.Locale"", ""method"": ""readResolve""}"
114588,reflection,Method.invoke,"{""class"": ""java.util.Locale"", ""method"": ""readObject""}"
114596,reflection,Method.invoke,"{""class"": ""java.util.Locale"", ""method"": ""readResolve""}"
114603,reflection,Method.invoke,"{""class"": ""java.util.Locale"", ""method"": ""readObject""}"
114612,reflection,Method.invoke,"{""class"": ""java.util.Locale"", ""method"": ""readResolve""}"
114621,reflection,Method.invoke,"{""class"": ""java.util.Locale"", ""method"": ""readObject""}"
114631,reflection,Method.invoke,"{""class"": ""java.util.Locale"", ""method"": ""readResolve""}"
114639,reflection,Method.invoke,"{""class"": ""java.util.Locale"", ""method"": ""readObject""}"
114649,reflection,Method.invoke,"{""class"": ""java.util.Locale"", ""method"": ""readResolve""}"
114657,reflection,Method.invoke,"{""class"": ""java.util.Locale"", ""method"": ""readObject""}"
114667,reflection,Method.invoke,"{""class"": ""java.util.Locale"", ""method"": ""readResolve""}"
114675,reflection,Method.invoke,"{""class"": ""java.util.Locale"", ""method"": ""readObject""}"
114684,reflection,Method.invoke,"{""class"": ""java.util.Locale"", ""method"": ""readResolve""}"
114691,reflection,Method.invoke,"{""class"": ""java.util.Locale"", ""method"": ""readObject""}"
114698,reflection,Method.invoke,"{""class"": ""java.util.Locale"", ""method"": ""readResolve""}"
114706,reflection,Method.invoke,"{""class"": ""java.util.Locale"", ""method"": ""readObject""}"
114712,reflection,Method.invoke,"{""class"": ""java.util.Locale"", ""method"": ""readResolve""}"
114719,reflection,Method.invoke,"{""class"": ""java.util.Locale"", ""method"": ""readObject""}"
114727,reflection,Method.invoke,"{""class"": ""java.util.Locale"", ""method"": ""readResolve""}"
114734,reflection,Method.invoke,"{""class"": ""java.util.Locale"", ""method"": ""readObject""}"
114742,reflection,Method.invoke,"{""class"": ""java.util.Locale"", ""method"": ""readResolve""}"
114751,reflection,Method.invoke,"{""class"": ""java.util.Locale"", ""method"": ""readObject""}"
114758,reflection,Method.invoke,"{""class"": ""java.util.Locale"", ""method"": ""readResolve""}"
114764,reflection,Method.invoke,"{""class"": ""java.util.Locale"", ""method"": ""readObject""}"
114773,reflection,Method.invoke,"{""class"": ""java.util.Locale"", ""method"": ""readResolve""}"
114784,reflection,Method.invoke,"{""class"": ""java.util.Locale"", ""method"": ""readObject""}"
114797,reflection,Method.invoke,"{""class"": ""java.util.Locale"", ""method"": ""readResolve""}"
114807,reflection,Method.invoke,"{""class"": ""java.util.Locale"", ""method"": ""readObject""}"
114813,reflection,Method.invoke,"{""class"": ""java.util.Locale"", ""method"": ""readResolve""}"
114821,reflection,Method.invoke,"{""class"": ""java.util.Locale"", ""method"": ""readObject""}"
114828,reflection,Method.invoke,"{""class"": ""java.util.Locale"", ""method"": ""readResolve""}"
114835,reflection,Method.invoke,"{""class"": ""java.util.Locale"", ""method"": ""readObject""}"
114841,reflection,Method.invoke,"{""class"": ""java.util.Locale"", ""method"": ""readResolve""}"
114851,reflection,Method.invoke,"{""class"": ""java.util.Locale"", ""method"": ""readObject""}"
114857,reflection,Method.invoke,"{""class"": ""java.util.Locale"", ""method"": ""readResolve""}"
114866,reflection,Method.invoke,"{""class"": ""java.util.Locale"", ""method"": ""readObject""}"
114875,reflection,Method.invoke,"{""class"": ""java.util.Locale"", ""method"": ""readResolve""}"
114882,reflection,Method.invoke,"{""class"": ""java.util.Locale"", ""method"": ""readObject""}"
114889,reflection,Method.invoke,"{""class"": ""java.util.Locale"", ""method"": ""readResolve""}"
114897,reflection,Method.invoke,"{""class"": ""java.util.Locale"", ""method"": ""readObject""}"
114903,reflection,Method.invoke,"{""class"": ""java.util.Locale"", ""method"": ""readResolve""}"
114913,reflection,Method.invoke,"{""class"": ""java.util.Locale"", ""method"": ""readObject""}"
114919,reflection,Method.invoke,"{""class"": ""java.util.Locale"", ""method"": ""readResolve""}"
114927,reflection,Method.invoke,"{""class"": ""java.util.Locale"", ""method"": ""readObject""}"
114934,reflection,Method.invoke,"{""class"": ""java.util.Locale"", ""method"": ""readResolve""}"
114941,reflection,Method.invoke,"{""class"": ""java.util.Locale"", ""method"": ""readObject""}"
114948,reflection,Method.invoke,"{""class"": ""java.util.Locale"", ""method"": ""readResolve""}"
114955,reflection,Method.invoke,"{""class"": ""java.util.Locale"", ""method"": ""readObject""}"
114963,reflection,Method.invoke,"{""class"": ""java.util.Locale"", ""method"": ""readResolve""}"
114969,reflection,Method.invoke,"{""class"": ""java.util.Locale"", ""method"": ""readObject""}"
114978,reflection,Method.invoke,"{""class"": ""java.util.Locale"", ""method"": ""readResolve""}"
114987,reflection,Method.invoke,"{""class"": ""java.util.Locale"", ""method"": ""readObject""}"
114993,reflection,Method.invoke,"{""class"": ""java.util.Locale"", ""method"": ""readResolve""}"
115000,reflection,Method.invoke,"{""class"": ""java.util.Locale"", ""method"": ""readObject""}"
115006,reflection,Method.invoke,"{""class"": ""java.util.Locale"", ""method"": ""readResolve""}"
115012,reflection,Method.invoke,"{""class"": ""java.util.Locale"", ""method"": ""readObject""}"
115020,reflection,Method.invoke,"{""class"": ""java.util.Locale"", ""method"": ""readResolve""}"
115028,reflection,Method.invoke,"{""class"": ""java.util.Locale"", ""method"": ""readObject""}"
115035,reflection,Method.invoke,"{""class"": ""java.util.Locale"", ""method"": ""readResolve""}"
115043,reflection,Method.invoke,"{""class"": ""java.util.Locale"", ""method"": ""readObject""}"
115051,reflection,Method.invoke,"{""class"": ""java.util.Locale"", ""method"": ""readResolve""}"
115059,reflection,Method.invoke,"{""class"": ""java.util.Locale"", ""method"": ""readObject""}"
115068,reflection,Method.invoke,"{""class"": ""java.util.Locale"", ""method"": ""readResolve""}"
115074,reflection,Method.invoke,"{""class"": ""java.util.Locale"", ""method"": ""readObject""}"
115083,reflection,Method.invoke,"{""class"": ""java.util.Locale"", ""method"": ""readResolve""}"
115088,reflection,Method.invoke,"{""class"": ""java.util.Locale"", ""method"": ""readObject""}"
115096,reflection,Method.invoke,"{""class"": ""java.util.Locale"", ""method"": ""readResolve""}"
115103,reflection,Method.invoke,"{""class"": ""java.util.Locale"", ""method"": ""readObject""}"
115111,reflection,Method.invoke,"{""class"": ""java.util.Locale"", ""method"": ""readResolve""}"
115117,reflection,Method.invoke,"{""class"": ""java.util.Locale"", ""method"": ""readObject""}"
115125,reflection,Method.invoke,"{""class"": ""java.util.Locale"", ""method"": ""readResolve""}"
115134,reflection,Method.invoke,"{""class"": ""java.util.Locale"", ""method"": ""readObject""}"
115141,reflection,Method.invoke,"{""class"": ""java.util.Locale"", ""method"": ""readResolve""}"
115148,reflection,Method.invoke,"{""class"": ""java.util.Locale"", ""method"": ""readObject""}"
115156,reflection,Method.invoke,"{""class"": ""java.util.Locale"", ""method"": ""readResolve""}"
115163,reflection,Method.invoke,"{""class"": ""java.util.Locale"", ""method"": ""readObject""}"
115170,reflection,Method.invoke,"{""class"": ""java.util.Locale"", ""method"": ""readResolve""}"
115178,reflection,Method.invoke,"{""class"": ""java.util.Locale"", ""method"": ""readObject""}"
115184,reflection,Method.invoke,"{""class"": ""java.util.Locale"", ""method"": ""readResolve""}"
115192,reflection,Method.invoke,"{""class"": ""java.util.Locale"", ""method"": ""readObject""}"
115200,reflection,Method.invoke,"{""class"": ""java.util.Locale"", ""method"": ""readResolve""}"
115209,reflection,Method.invoke,"{""class"": ""java.util.Locale"", ""method"": ""readObject""}"
115219,reflection,Method.invoke,"{""class"": ""java.util.Locale"", ""method"": ""readResolve""}"
115227,reflection,Method.invoke,"{""class"": ""java.util.Locale"", ""method"": ""readObject""}"
115233,reflection,Method.invoke,"{""class"": ""java.util.Locale"", ""method"": ""readResolve""}"
115239,reflection,Method.invoke,"{""class"": ""java.util.Locale"", ""method"": ""readObject""}"
115247,reflection,Method.invoke,"{""class"": ""java.util.Locale"", ""method"": ""readResolve""}"
115254,reflection,Method.invoke,"{""class"": ""java.util.Locale"", ""method"": ""readObject""}"
115260,reflection,Method.invoke,"{""class"": ""java.util.Locale"", ""method"": ""readResolve""}"
115268,reflection,Method.invoke,"{""class"": ""java.util.Locale"", ""method"": ""readObject""}"
115274,reflection,Method.invoke,"{""class"": ""java.util.Locale"", ""method"": ""readResolve""}"
115283,reflection,Method.invoke,"{""class"": ""java.util.Locale"", ""method"": ""readObject""}"
115288,reflection,Method.invoke,"{""class"": ""java.util.Locale"", ""method"": ""readResolve""}"
115298,reflection,Method.invoke,"{""class"": ""java.util.Locale"", ""method"": ""readObject""}"
115303,reflection,Method.invoke,"{""class"": ""java.util.Locale"", ""method"": ""readResolve""}"
115312,reflection,Method.invoke,"{""class"": ""java.util.Locale"", ""method"": ""readObject""}"
115319,reflection,Method.invoke,"{""class"": ""java.util.Locale"", ""method"": ""readResolve""}"
115326,reflection,Method.invoke,"{""class"": ""java.util.Locale"", ""method"": ""readObject""}"
115334,reflection,Method.invoke,"{""class"": ""java.util.Locale"", ""method"": ""readResolve""}"
115342,reflection,Method.invoke,"{""class"": ""java.util.Locale"", ""method"": ""readObject""}"
115350,reflection,Method.invoke,"{""class"": ""java.util.Locale"", ""method"": ""readResolve""}"
115360,reflection,Method.invoke,"{""class"": ""java.util.Locale"", ""method"": ""readObject""}"
115367,reflection,Method.invoke,"{""class"": ""java.util.Locale"", ""method"": ""readResolve""}"
115375,reflection,Method.invoke,"{""class"": ""java.util.Locale"", ""method"": ""readObject""}"
115381,reflection,Method.invoke,"{""class"": ""java.util.Locale"", ""method"": ""readResolve""}"
115388,reflection,Method.invoke,"{""class"": ""java.util.Locale"", ""method"": ""readObject""}"
115396,reflection,Method.invoke,"{""class"": ""java.util.Locale"", ""method"": ""readResolve""}"
115403,reflection,Method.invoke,"{""class"": ""java.util.Locale"", ""method"": ""readObject""}"
115409,reflection,Method.invoke,"{""class"": ""java.util.Locale"", ""method"": ""readResolve""}"
115415,reflection,Method.invoke,"{""class"": ""java.util.Locale"", ""method"": ""readObject""}"
115423,reflection,Method.invoke,"{""class"": ""java.util.Locale"", ""method"": ""readResolve""}"
115431,reflection,Method.invoke,"{""class"": ""java.util.Locale"", ""method"": ""readObject""}"
115437,reflection,Method.invoke,"{""class"": ""java.util.Locale"", ""method"": ""readResolve""}"
115444,reflection,Method.invoke,"{""class"": ""java.util.Locale"", ""method"": ""readObject""}"
115451,reflection,Method.invoke,"{""class"": ""java.util.Locale"", ""method"": ""readResolve""}"
115458,reflection,Method.invoke,"{""class"": ""java.util.Locale"", ""method"": ""readObject""}"
115466,reflection,Method.invoke,"{""class"": ""java.util.Locale"", ""method"": ""readResolve""}"
115472,reflection,Method.invoke,"{""class"": ""java.util.Locale"", ""method"": ""readObject""}"
115480,reflection,Method.invoke,"{""class"": ""java.util.Locale"", ""method"": ""readResolve""}"
115488,reflection,Method.invoke,"{""class"": ""java.util.Locale"", ""method"": ""readObject""}"
115494,reflection,Method.invoke,"{""class"": ""java.util.Locale"", ""method"": ""readResolve""}"
115502,reflection,Method.invoke,"{""class"": ""java.util.Locale"", ""method"": ""readObject""}"
115510,reflection,Method.invoke,"{""class"": ""java.util.Locale"", ""method"": ""readResolve""}"
115516,reflection,Method.invoke,"{""class"": ""java.util.Locale"", ""method"": ""readObject""}"
115525,reflection,Method.invoke,"{""class"": ""java.util.Locale"", ""method"": ""readResolve""}"
115534,reflection,Method.invoke,"{""class"": ""java.util.Locale"", ""method"": ""readObject""}"
115543,reflection,Method.invoke,"{""class"": ""java.util.Locale"", ""method"": ""readResolve""}"
115552,reflection,Method.invoke,"{""class"": ""java.util.Locale"", ""method"": ""readObject""}"
115560,reflection,Method.invoke,"{""class"": ""java.util.Locale"", ""method"": ""readResolve""}"
115568,reflection,Method.invoke,"{""class"": ""java.util.Locale"", ""method"": ""readObject""}"
115576,reflection,Method.invoke,"{""class"": ""java.util.Locale"", ""method"": ""readResolve""}"
115584,reflection,Method.invoke,"{""class"": ""java.util.Locale"", ""method"": ""readObject""}"
115590,reflection,Method.invoke,"{""class"": ""java.util.Locale"", ""method"": ""readResolve""}"
115596,reflection,Method.invoke,"{""class"": ""java.util.Locale"", ""method"": ""readObject""}"
115604,reflection,Method.invoke,"{""class"": ""java.util.Locale"", ""method"": ""readResolve""}"
115612,reflection,Method.invoke,"{""class"": ""java.util.Locale"", ""method"": ""readObject""}"
115620,reflection,Method.invoke,"{""class"": ""java.util.Locale"", ""method"": ""readResolve""}"
115629,reflection,Method.invoke,"{""class"": ""java.util.Locale"", ""method"": ""readObject""}"
115639,reflection,Method.invoke,"{""class"": ""java.util.Locale"", ""method"": ""readResolve""}"
115653,reflection,Method.invoke,"{""class"": ""java.util.Locale"", ""method"": ""readObject""}"
115665,reflection,Method.invoke,"{""class"": ""java.util.Locale"", ""method"": ""readResolve""}"
115673,reflection,Method.invoke,"{""class"": ""java.util.Locale"", ""method"": ""readObject""}"
115679,reflection,Method.invoke,"{""class"": ""java.util.Locale"", ""method"": ""readResolve""}"
115686,reflection,Method.invoke,"{""class"": ""java.util.Locale"", ""method"": ""readObject""}"
115694,reflection,Method.invoke,"{""class"": ""java.util.Locale"", ""method"": ""readResolve""}"
115701,reflection,Method.invoke,"{""class"": ""java.util.Locale"", ""method"": ""readObject""}"
115711,reflection,Method.invoke,"{""class"": ""java.util.Locale"", ""method"": ""readResolve""}"
115718,reflection,Method.invoke,"{""class"": ""java.util.Locale"", ""method"": ""readObject""}"
115727,reflection,Method.invoke,"{""class"": ""java.util.Locale"", ""method"": ""readResolve""}"
115736,reflection,Method.invoke,"{""class"": ""java.util.Locale"", ""method"": ""readObject""}"
115744,reflection,Method.invoke,"{""class"": ""java.util.Locale"", ""method"": ""readResolve""}"
115754,reflection,Method.invoke,"{""class"": ""java.util.Locale"", ""method"": ""readObject""}"
115760,reflection,Method.invoke,"{""class"": ""java.util.Locale"", ""method"": ""readResolve""}"
115768,reflection,Method.invoke,"{""class"": ""java.util.Locale"", ""method"": ""readObject""}"
115778,reflection,Method.invoke,"{""class"": ""java.util.Locale"", ""method"": ""readResolve""}"
115785,reflection,Method.invoke,"{""class"": ""java.util.Locale"", ""method"": ""readObject""}"
115793,reflection,Method.invoke,"{""class"": ""java.util.Locale"", ""method"": ""readResolve""}"
115800,reflection,Method.invoke,"{""class"": ""java.util.Locale"", ""method"": ""readObject""}"
115807,reflection,Method.invoke,"{""class"": ""java.util.Locale"", ""method"": ""readResolve""}"
115815,reflection,Method.invoke,"{""class"": ""java.util.Locale"", ""method"": ""readObject""}"
115823,reflection,Method.invoke,"{""class"": ""java.util.Locale"", ""method"": ""readResolve""}"
115831,reflection,Method.invoke,"{""class"": ""java.util.Locale"", ""method"": ""readObject""}"
115837,reflection,Method.invoke,"{""class"": ""java.util.Locale"", ""method"": ""readResolve""}"
115846,reflection,Method.invoke,"{""class"": ""java.util.Locale"", ""method"": ""readObject""}"
115851,reflection,Method.invoke,"{""class"": ""java.util.Locale"", ""method"": ""readResolve""}"
115858,reflection,Method.invoke,"{""class"": ""java.util.Locale"", ""method"": ""readObject""}"
115866,reflection,Method.invoke,"{""class"": ""java.util.Locale"", ""method"": ""readResolve""}"
115874,reflection,Method.invoke,"{""class"": ""java.util.Locale"", ""method"": ""readObject""}"
115882,reflection,Method.invoke,"{""class"": ""java.util.Locale"", ""method"": ""readResolve""}"
115889,reflection,Method.invoke,"{""class"": ""java.util.Locale"", ""method"": ""readObject""}"
115896,reflection,Method.invoke,"{""class"": ""java.util.Locale"", ""method"": ""readResolve""}"
115904,reflection,Method.invoke,"{""class"": ""java.util.Locale"", ""method"": ""readObject""}"
115912,reflection,Method.invoke,"{""class"": ""java.util.Locale"", ""method"": ""readResolve""}"
115919,reflection,Method.invoke,"{""class"": ""java.util.Locale"", ""method"": ""readObject""}"
115926,reflection,Method.invoke,"{""class"": ""java.util.Locale"", ""method"": ""readResolve""}"
115933,reflection,Method.invoke,"{""class"": ""java.util.Locale"", ""method"": ""readObject""}"
115940,reflection,Method.invoke,"{""class"": ""java.util.Locale"", ""method"": ""readResolve""}"
115946,reflection,Method.invoke,"{""class"": ""java.util.Locale"", ""method"": ""readObject""}"
115954,reflection,Method.invoke,"{""class"": ""java.util.Locale"", ""method"": ""readResolve""}"
115963,reflection,Method.invoke,"{""class"": ""java.util.Locale"", ""method"": ""readObject""}"
115969,reflection,Method.invoke,"{""class"": ""java.util.Locale"", ""method"": ""readResolve""}"
115978,reflection,Method.invoke,"{""class"": ""java.util.Locale"", ""method"": ""readObject""}"
115985,reflection,Method.invoke,"{""class"": ""java.util.Locale"", ""method"": ""readResolve""}"
115993,reflection,Method.invoke,"{""class"": ""java.util.Locale"", ""method"": ""readObject""}"
115999,reflection,Method.invoke,"{""class"": ""java.util.Locale"", ""method"": ""readResolve""}"
116006,reflection,Method.invoke,"{""class"": ""java.util.Locale"", ""method"": ""readObject""}"
116013,reflection,Method.invoke,"{""class"": ""java.util.Locale"", ""method"": ""readResolve""}"
116021,reflection,Method.invoke,"{""class"": ""java.util.Locale"", ""method"": ""readObject""}"
116029,reflection,Method.invoke,"{""class"": ""java.util.Locale"", ""method"": ""readResolve""}"
116035,reflection,Method.invoke,"{""class"": ""java.util.Locale"", ""method"": ""readObject""}"
116043,reflection,Method.invoke,"{""class"": ""java.util.Locale"", ""method"": ""readResolve""}"
116049,reflection,Method.invoke,"{""class"": ""java.util.Locale"", ""method"": ""readObject""}"
116056,reflection,Method.invoke,"{""class"": ""java.util.Locale"", ""method"": ""readResolve""}"
116065,reflection,Method.invoke,"{""class"": ""java.util.Locale"", ""method"": ""readObject""}"
116072,reflection,Method.invoke,"{""class"": ""java.util.Locale"", ""method"": ""readResolve""}"
116081,reflection,Method.invoke,"{""class"": ""java.util.Locale"", ""method"": ""readObject""}"
116088,reflection,Method.invoke,"{""class"": ""java.util.Locale"", ""method"": ""readResolve""}"
116096,reflection,Method.invoke,"{""class"": ""java.util.Locale"", ""method"": ""readObject""}"
116103,reflection,Method.invoke,"{""class"": ""java.util.Locale"", ""method"": ""readResolve""}"
116110,reflection,Method.invoke,"{""class"": ""java.util.Locale"", ""method"": ""readObject""}"
116118,reflection,Method.invoke,"{""class"": ""java.util.Locale"", ""method"": ""readResolve""}"
116125,reflection,Method.invoke,"{""class"": ""java.util.Locale"", ""method"": ""readObject""}"
116132,reflection,Method.invoke,"{""class"": ""java.util.Locale"", ""method"": ""readResolve""}"
116140,reflection,Method.invoke,"{""class"": ""java.util.Locale"", ""method"": ""readObject""}"
116148,reflection,Method.invoke,"{""class"": ""java.util.Locale"", ""method"": ""readResolve""}"
116154,reflection,Method.invoke,"{""class"": ""java.util.Locale"", ""method"": ""readObject""}"
116167,reflection,Method.invoke,"{""class"": ""java.util.Locale"", ""method"": ""readResolve""}"
116176,reflection,Method.invoke,"{""class"": ""java.util.Locale"", ""method"": ""readObject""}"
116185,reflection,Method.invoke,"{""class"": ""java.util.Locale"", ""method"": ""readResolve""}"
116194,reflection,Method.invoke,"{""class"": ""java.util.Locale"", ""method"": ""readObject""}"
116202,reflection,Method.invoke,"{""class"": ""java.util.Locale"", ""method"": ""readResolve""}"
116209,reflection,Method.invoke,"{""class"": ""java.util.Locale"", ""method"": ""readObject""}"
116215,reflection,Method.invoke,"{""class"": ""java.util.Locale"", ""method"": ""readResolve""}"
116224,reflection,Method.invoke,"{""class"": ""java.util.Locale"", ""method"": ""readObject""}"
116231,reflection,Method.invoke,"{""class"": ""java.util.Locale"", ""method"": ""readResolve""}"
116237,reflection,Method.invoke,"{""class"": ""java.util.Locale"", ""method"": ""readObject""}"
116245,reflection,Method.invoke,"{""class"": ""java.util.Locale"", ""method"": ""readResolve""}"
116252,reflection,Method.invoke,"{""class"": ""java.util.Locale"", ""method"": ""readObject""}"
116259,reflection,Method.invoke,"{""class"": ""java.util.Locale"", ""method"": ""readResolve""}"
116266,reflection,Method.invoke,"{""class"": ""java.util.Locale"", ""method"": ""readObject""}"
116273,reflection,Method.invoke,"{""class"": ""java.util.Locale"", ""method"": ""readResolve""}"
116281,reflection,Method.invoke,"{""class"": ""java.util.Locale"", ""method"": ""readObject""}"
116287,reflection,Method.invoke,"{""class"": ""java.util.Locale"", ""method"": ""readResolve""}"
116294,reflection,Method.invoke,"{""class"": ""java.util.Locale"", ""method"": ""readObject""}"
116302,reflection,Method.invoke,"{""class"": ""java.util.Locale"", ""method"": ""readResolve""}"
116310,reflection,Method.invoke,"{""class"": ""java.util.Locale"", ""method"": ""readObject""}"
116322,reflection,Method.invoke,"{""class"": ""java.util.Locale"", ""method"": ""readResolve""}"
116328,reflection,Method.invoke,"{""class"": ""java.util.Locale"", ""method"": ""readObject""}"
116337,reflection,Method.invoke,"{""class"": ""java.util.Locale"", ""method"": ""readResolve""}"
116345,reflection,Method.invoke,"{""class"": ""java.util.Locale"", ""method"": ""readObject""}"
116352,reflection,Method.invoke,"{""class"": ""java.util.Locale"", ""method"": ""readResolve""}"
116360,reflection,Method.invoke,"{""class"": ""java.util.Locale"", ""method"": ""readObject""}"
116368,reflection,Method.invoke,"{""class"": ""java.util.Locale"", ""method"": ""readResolve""}"
116375,reflection,Method.invoke,"{""class"": ""java.util.Locale"", ""method"": ""readObject""}"
116382,reflection,Method.invoke,"{""class"": ""java.util.Locale"", ""method"": ""readResolve""}"
116389,reflection,Method.invoke,"{""class"": ""java.util.Locale"", ""method"": ""readObject""}"
116397,reflection,Method.invoke,"{""class"": ""java.util.Locale"", ""method"": ""readResolve""}"
116404,reflection,Method.invoke,"{""class"": ""java.util.Locale"", ""method"": ""readObject""}"
116411,reflection,Method.invoke,"{""class"": ""java.util.Locale"", ""method"": ""readResolve""}"
116418,reflection,Method.invoke,"{""class"": ""java.util.Locale"", ""method"": ""readObject""}"
116426,reflection,Method.invoke,"{""class"": ""java.util.Locale"", ""method"": ""readResolve""}"
116434,reflection,Method.invoke,"{""class"": ""java.util.Locale"", ""method"": ""readObject""}"
116441,reflection,Method.invoke,"{""class"": ""java.util.Locale"", ""method"": ""readResolve""}"
116449,reflection,Method.invoke,"{""class"": ""java.util.Locale"", ""method"": ""readObject""}"
116455,reflection,Method.invoke,"{""class"": ""java.util.Locale"", ""method"": ""readResolve""}"
116461,reflection,Method.invoke,"{""class"": ""java.util.Locale"", ""method"": ""readObject""}"
116470,reflection,Method.invoke,"{""class"": ""java.util.Locale"", ""method"": ""readResolve""}"
116476,reflection,Method.invoke,"{""class"": ""java.util.Locale"", ""method"": ""readObject""}"
116485,reflection,Method.invoke,"{""class"": ""java.util.Locale"", ""method"": ""readResolve""}"
116492,reflection,Method.invoke,"{""class"": ""java.util.Locale"", ""method"": ""readObject""}"
116499,reflection,Method.invoke,"{""class"": ""java.util.Locale"", ""method"": ""readResolve""}"
116507,reflection,Method.invoke,"{""class"": ""java.util.Locale"", ""method"": ""readObject""}"
116514,reflection,Method.invoke,"{""class"": ""java.util.Locale"", ""method"": ""readResolve""}"
116523,reflection,Method.invoke,"{""class"": ""java.util.Locale"", ""method"": ""readObject""}"
116530,reflection,Method.invoke,"{""class"": ""java.util.Locale"", ""method"": ""readResolve""}"
116538,reflection,Method.invoke,"{""class"": ""java.util.Locale"", ""method"": ""readObject""}"
116547,reflection,Method.invoke,"{""class"": ""java.util.Locale"", ""method"": ""readResolve""}"
116553,reflection,Method.invoke,"{""class"": ""java.util.Locale"", ""method"": ""readObject""}"
116561,reflection,Method.invoke,"{""class"": ""java.util.Locale"", ""method"": ""readResolve""}"
116568,reflection,Method.invoke,"{""class"": ""java.util.Locale"", ""method"": ""readObject""}"
116576,reflection,Method.invoke,"{""class"": ""java.util.Locale"", ""method"": ""readResolve""}"
116586,reflection,Method.invoke,"{""class"": ""java.util.Locale"", ""method"": ""readObject""}"
116598,reflection,Method.invoke,"{""class"": ""java.util.Locale"", ""method"": ""readResolve""}"
116607,reflection,Method.invoke,"{""class"": ""java.util.Locale"", ""method"": ""readObject""}"
116615,reflection,Method.invoke,"{""class"": ""java.util.Locale"", ""method"": ""readResolve""}"
116621,reflection,Method.invoke,"{""class"": ""java.util.Locale"", ""method"": ""readObject""}"
116628,reflection,Method.invoke,"{""class"": ""java.util.Locale"", ""method"": ""readResolve""}"
116636,reflection,Method.invoke,"{""class"": ""java.util.Locale"", ""method"": ""readObject""}"
116644,reflection,Method.invoke,"{""class"": ""java.util.Locale"", ""method"": ""readResolve""}"
116652,reflection,Method.invoke,"{""class"": ""java.util.Locale"", ""method"": ""readObject""}"
116659,reflection,Method.invoke,"{""class"": ""java.util.Locale"", ""method"": ""readResolve""}"
116666,reflection,Method.invoke,"{""class"": ""java.util.Locale"", ""method"": ""readObject""}"
116672,reflection,Method.invoke,"{""class"": ""java.util.Locale"", ""method"": ""readResolve""}"
116679,reflection,Method.invoke,"{""class"": ""java.util.Locale"", ""method"": ""readObject""}"
116687,reflection,Method.invoke,"{""class"": ""java.util.Locale"", ""method"": ""readResolve""}"
116694,reflection,Method.invoke,"{""class"": ""java.util.Locale"", ""method"": ""readObject""}"
116701,reflection,Method.invoke,"{""class"": ""java.util.Locale"", ""method"": ""readResolve""}"
116709,reflection,Method.invoke,"{""class"": ""java.util.Locale"", ""method"": ""readObject""}"
116714,reflection,Method.invoke,"{""class"": ""java.util.Locale"", ""method"": ""readResolve""}"
116723,reflection,Method.invoke,"{""class"": ""java.util.Locale"", ""method"": ""readObject""}"
116730,reflection,Method.invoke,"{""class"": ""java.util.Locale"", ""method"": ""readResolve""}"
116737,reflection,Method.invoke,"{""class"": ""java.util.Locale"", ""method"": ""readObject""}"
116745,reflection,Method.invoke,"{""class"": ""java.util.Locale"", ""method"": ""readResolve""}"
116753,reflection,Method.invoke,"{""class"": ""java.util.Locale"", ""method"": ""readObject""}"
116760,reflection,Method.invoke,"{""class"": ""java.util.Locale"", ""method"": ""readResolve""}"
116767,reflection,Method.invoke,"{""class"": ""java.util.Locale"", ""method"": ""readObject""}"
116777,reflection,Method.invoke,"{""class"": ""java.util.Locale"", ""method"": ""readResolve""}"
116784,reflection,Method.invoke,"{""class"": ""java.util.Locale"", ""method"": ""readObject""}"
116790,reflection,Method.invoke,"{""class"": ""java.util.Locale"", ""method"": ""readResolve""}"
116798,reflection,Method.invoke,"{""class"": ""java.util.Locale"", ""method"": ""readObject""}"
116806,reflection,Method.invoke,"{""class"": ""java.util.Locale"", ""method"": ""readResolve""}"
116813,reflection,Method.invoke,"{""class"": ""java.util.Locale"", ""method"": ""readObject""}"
116819,reflection,Method.invoke,"{""class"": ""java.util.Locale"", ""method"": ""readResolve""}"
116828,reflection,Method.invoke,"{""class"": ""java.util.Locale"", ""method"": ""readObject""}"
116836,reflection,Method.invoke,"{""class"": ""java.util.Locale"", ""method"": ""readResolve""}"
116844,reflection,Method.invoke,"{""class"": ""java.util.Locale"", ""method"": ""readObject""}"
116850,reflection,Method.invoke,"{""class"": ""java.util.Locale"", ""method"": ""readResolve""}"
116859,reflection,Method.invoke,"{""class"": ""java.util.Locale"", ""method"": ""readObject""}"
116865,reflection,Method.invoke,"{""class"": ""java.util.Locale"", ""method"": ""readResolve""}"
116872,reflection,Method.invoke,"{""class"": ""java.util.Locale"", ""method"": ""readObject""}"
116879,reflection,Method.invoke,"{""class"": ""java.util.Locale"", ""method"": ""readResolve""}"
116887,reflection,Method.invoke,"{""class"": ""java.util.Locale"", ""method"": ""readObject""}"
116893,reflection,Method.invoke,"{""class"": ""java.util.Locale"", ""method"": ""readResolve""}"
116901,reflection,Method.invoke,"{""class"": ""java.util.Locale"", ""method"": ""readObject""}"
116908,reflection,Method.invoke,"{""class"": ""java.util.Locale"", ""method"": ""readResolve""}"
116915,reflection,Method.invoke,"{""class"": ""java.util.Locale"", ""method"": ""readObject""}"
116922,reflection,Method.invoke,"{""class"": ""java.util.Locale"", ""method"": ""readResolve""}"
116932,reflection,Method.invoke,"{""class"": ""java.util.Locale"", ""method"": ""readObject""}"
116938,reflection,Method.invoke,"{""class"": ""java.util.Locale"", ""method"": ""readResolve""}"
116950,reflection,Method.invoke,"{""class"": ""java.util.Locale"", ""method"": ""readObject""}"
116955,reflection,Method.invoke,"{""class"": ""java.util.Locale"", ""method"": ""readResolve""}"
116962,reflection,Method.invoke,"{""class"": ""java.util.Locale"", ""method"": ""readObject""}"
116970,reflection,Method.invoke,"{""class"": ""java.util.Locale"", ""method"": ""readResolve""}"
116977,reflection,Method.invoke,"{""class"": ""java.util.Locale"", ""method"": ""readObject""}"
116983,reflection,Method.invoke,"{""class"": ""java.util.Locale"", ""method"": ""readResolve""}"
116990,reflection,Method.invoke,"{""class"": ""java.util.Locale"", ""method"": ""readObject""}"
116996,reflection,Method.invoke,"{""class"": ""java.util.Locale"", ""method"": ""readResolve""}"
117003,reflection,Method.invoke,"{""class"": ""java.util.Locale"", ""method"": ""readObject""}"
117011,reflection,Method.invoke,"{""class"": ""java.util.Locale"", ""method"": ""readResolve""}"
117020,reflection,Method.invoke,"{""class"": ""java.util.Locale"", ""method"": ""readObject""}"
117025,reflection,Method.invoke,"{""class"": ""java.util.Locale"", ""method"": ""readResolve""}"
117035,reflection,Method.invoke,"{""class"": ""java.util.Locale"", ""method"": ""readObject""}"
117041,reflection,Method.invoke,"{""class"": ""java.util.Locale"", ""method"": ""readResolve""}"
117049,reflection,Method.invoke,"{""class"": ""java.util.Locale"", ""method"": ""readObject""}"
117056,reflection,Method.invoke,"{""class"": ""java.util.Locale"", ""method"": ""readResolve""}"
117065,reflection,Method.invoke,"{""class"": ""java.util.Locale"", ""method"": ""readObject""}"
117072,reflection,Method.invoke,"{""class"": ""java.util.Locale"", ""method"": ""readResolve""}"
117079,reflection,Method.invoke,"{""class"": ""java.util.Locale"", ""method"": ""readObject""}"
117085,reflection,Method.invoke,"{""class"": ""java.util.Locale"", ""method"": ""readResolve""}"
117093,reflection,Method.invoke,"{""class"": ""java.util.Locale"", ""method"": ""readObject""}"
117100,reflection,Method.invoke,"{""class"": ""java.util.Locale"", ""method"": ""readResolve""}"
117109,reflection,Method.invoke,"{""class"": ""java.util.Locale"", ""method"": ""readObject""}"
117115,reflection,Method.invoke,"{""class"": ""java.util.Locale"", ""method"": ""readResolve""}"
117123,reflection,Method.invoke,"{""class"": ""java.util.Locale"", ""method"": ""readObject""}"
117131,reflection,Method.invoke,"{""class"": ""java.util.Locale"", ""method"": ""readResolve""}"
117139,reflection,Method.invoke,"{""class"": ""java.util.Locale"", ""method"": ""readObject""}"
117146,reflection,Method.invoke,"{""class"": ""java.util.Locale"", ""method"": ""readResolve""}"
117153,reflection,Method.invoke,"{""class"": ""java.util.Locale"", ""method"": ""readObject""}"
117161,reflection,Method.invoke,"{""class"": ""java.util.Locale"", ""method"": ""readResolve""}"
117167,reflection,Method.invoke,"{""class"": ""java.util.Locale"", ""method"": ""readObject""}"
117174,reflection,Method.invoke,"{""class"": ""java.util.Locale"", ""method"": ""readResolve""}"
117183,reflection,Method.invoke,"{""class"": ""java.util.Locale"", ""method"": ""readObject""}"
117190,reflection,Method.invoke,"{""class"": ""java.util.Locale"", ""method"": ""readResolve""}"
117197,reflection,Method.invoke,"{""class"": ""java.util.Locale"", ""method"": ""readObject""}"
117204,reflection,Method.invoke,"{""class"": ""java.util.Locale"", ""method"": ""readResolve""}"
117212,reflection,Method.invoke,"{""class"": ""java.util.Locale"", ""method"": ""readObject""}"
117218,reflection,Method.invoke,"{""class"": ""java.util.Locale"", ""method"": ""readResolve""}"
117228,reflection,Method.invoke,"{""class"": ""java.util.Locale"", ""method"": ""readObject""}"
117235,reflection,Method.invoke,"{""class"": ""java.util.Locale"", ""method"": ""readResolve""}"
117242,reflection,Method.invoke,"{""class"": ""java.util.Locale"", ""method"": ""readObject""}"
117250,reflection,Method.invoke,"{""class"": ""java.util.Locale"", ""method"": ""readResolve""}"
117258,reflection,Method.invoke,"{""class"": ""java.util.Locale"", ""method"": ""readObject""}"
117265,reflection,Method.invoke,"{""class"": ""java.util.Locale"", ""method"": ""readResolve""}"
117274,reflection,Method.invoke,"{""class"": ""java.util.Locale"", ""method"": ""readObject""}"
117280,reflection,Method.invoke,"{""class"": ""java.util.Locale"", ""method"": ""readResolve""}"
117288,reflection,Method.invoke,"{""class"": ""java.util.Locale"", ""method"": ""readObject""}"
117296,reflection,Method.invoke,"{""class"": ""java.util.Locale"", ""method"": ""readResolve""}"
117303,reflection,Method.invoke,"{""class"": ""java.util.Locale"", ""method"": ""readObject""}"
117312,reflection,Method.invoke,"{""class"": ""java.util.Locale"", ""method"": ""readResolve""}"
117320,reflection,Method.invoke,"{""class"": ""java.util.Locale"", ""method"": ""readObject""}"
117327,reflection,Method.invoke,"{""class"": ""java.util.Locale"", ""method"": ""readResolve""}"
117336,reflection,Method.invoke,"{""class"": ""java.util.Locale"", ""method"": ""readObject""}"
117343,reflection,Method.invoke,"{""class"": ""java.util.Locale"", ""method"": ""readResolve""}"
117351,reflection,Method.invoke,"{""class"": ""java.util.Locale"", ""method"": ""readObject""}"
117358,reflection,Method.invoke,"{""class"": ""java.util.Locale"", ""method"": ""readResolve""}"
117367,reflection,Method.invoke,"{""class"": ""java.util.Locale"", ""method"": ""readObject""}"
117373,reflection,Method.invoke,"{""class"": ""java.util.Locale"", ""method"": ""readResolve""}"
117382,reflection,Method.invoke,"{""class"": ""java.util.Locale"", ""method"": ""readObject""}"
117390,reflection,Method.invoke,"{""class"": ""java.util.Locale"", ""method"": ""readResolve""}"
117397,reflection,Method.invoke,"{""class"": ""java.util.Locale"", ""method"": ""readObject""}"
117404,reflection,Method.invoke,"{""class"": ""java.util.Locale"", ""method"": ""readResolve""}"
117413,reflection,Method.invoke,"{""class"": ""java.util.Locale"", ""method"": ""readObject""}"
117419,reflection,Method.invoke,"{""class"": ""java.util.Locale"", ""method"": ""readResolve""}"
117426,reflection,Method.invoke,"{""class"": ""java.util.Locale"", ""method"": ""readObject""}"
117433,reflection,Method.invoke,"{""class"": ""java.util.Locale"", ""method"": ""readResolve""}"
117440,reflection,Method.invoke,"{""class"": ""java.util.Locale"", ""method"": ""readObject""}"
117447,reflection,Method.invoke,"{""class"": ""java.util.Locale"", ""method"": ""readResolve""}"
117455,reflection,Method.invoke,"{""class"": ""java.util.Locale"", ""method"": ""readObject""}"
117463,reflection,Method.invoke,"{""class"": ""java.util.Locale"", ""method"": ""readResolve""}"
117470,reflection,Method.invoke,"{""class"": ""java.util.Locale"", ""method"": ""readObject""}"
117477,reflection,Method.invoke,"{""class"": ""java.util.Locale"", ""method"": ""readResolve""}"
117484,reflection,Method.invoke,"{""class"": ""java.util.Locale"", ""method"": ""readObject""}"
117493,reflection,Method.invoke,"{""class"": ""java.util.Locale"", ""method"": ""readResolve""}"
117500,reflection,Method.invoke,"{""class"": ""java.util.Locale"", ""method"": ""readObject""}"
117505,reflection,Method.invoke,"{""class"": ""java.util.Locale"", ""method"": ""readResolve""}"
117514,reflection,Method.invoke,"{""class"": ""java.util.Locale"", ""method"": ""readObject""}"
117520,reflection,Method.invoke,"{""class"": ""java.util.Locale"", ""method"": ""readResolve""}"
117528,reflection,Method.invoke,"{""class"": ""java.util.Locale"", ""method"": ""readObject""}"
117535,reflection,Method.invoke,"{""class"": ""java.util.Locale"", ""method"": ""readResolve""}"
117542,reflection,Method.invoke,"{""class"": ""java.util.Locale"", ""method"": ""readObject""}"
117549,reflection,Method.invoke,"{""class"": ""java.util.Locale"", ""method"": ""readResolve""}"
117560,reflection,Method.invoke,"{""class"": ""java.util.Locale"", ""method"": ""readObject""}"
117567,reflection,Method.invoke,"{""class"": ""java.util.Locale"", ""method"": ""readResolve""}"
117575,reflection,Method.invoke,"{""class"": ""java.util.Locale"", ""method"": ""readObject""}"
117581,reflection,Method.invoke,"{""class"": ""java.util.Locale"", ""method"": ""readResolve""}"
117589,reflection,Method.invoke,"{""class"": ""java.util.Locale"", ""method"": ""readObject""}"
117595,reflection,Method.invoke,"{""class"": ""java.util.Locale"", ""method"": ""readResolve""}"
117602,reflection,Method.invoke,"{""class"": ""java.util.Locale"", ""method"": ""readObject""}"
117611,reflection,Method.invoke,"{""class"": ""java.util.Locale"", ""method"": ""readResolve""}"
117618,reflection,Method.invoke,"{""class"": ""java.util.Locale"", ""method"": ""readObject""}"
117623,reflection,Method.invoke,"{""class"": ""java.util.Locale"", ""method"": ""readResolve""}"
117632,reflection,Method.invoke,"{""class"": ""java.util.Locale"", ""method"": ""readObject""}"
117638,reflection,Method.invoke,"{""class"": ""java.util.Locale"", ""method"": ""readResolve""}"
117647,reflection,Method.invoke,"{""class"": ""java.util.Locale"", ""method"": ""readObject""}"
117654,reflection,Method.invoke,"{""class"": ""java.util.Locale"", ""method"": ""readResolve""}"
117664,reflection,Method.invoke,"{""class"": ""java.util.Locale"", ""method"": ""readObject""}"
117679,reflection,Method.invoke,"{""class"": ""java.util.Locale"", ""method"": ""readResolve""}"
117686,reflection,Method.invoke,"{""class"": ""java.util.Locale"", ""method"": ""readObject""}"
117695,reflection,Method.invoke,"{""class"": ""java.util.Locale"", ""method"": ""readResolve""}"
117701,reflection,Method.invoke,"{""class"": ""java.util.Locale"", ""method"": ""readObject""}"
117707,reflection,Method.invoke,"{""class"": ""java.util.Locale"", ""method"": ""readResolve""}"
117715,reflection,Method.invoke,"{""class"": ""java.util.Locale"", ""method"": ""readObject""}"
117722,reflection,Method.invoke,"{""class"": ""java.util.Locale"", ""method"": ""readResolve""}"
117730,reflection,Method.invoke,"{""class"": ""java.util.Locale"", ""method"": ""readObject""}"
117737,reflection,Method.invoke,"{""class"": ""java.util.Locale"", ""method"": ""readResolve""}"
117744,reflection,Method.invoke,"{""class"": ""java.util.Locale"", ""method"": ""readObject""}"
117752,reflection,Method.invoke,"{""class"": ""java.util.Locale"", ""method"": ""readResolve""}"
117759,reflection,Method.invoke,"{""class"": ""java.util.Locale"", ""method"": ""readObject""}"
117766,reflection,Method.invoke,"{""class"": ""java.util.Locale"", ""method"": ""readResolve""}"
117773,reflection,Method.invoke,"{""class"": ""java.util.Locale"", ""method"": ""readObject""}"
117783,reflection,Method.invoke,"{""class"": ""java.util.Locale"", ""method"": ""readResolve""}"
117790,reflection,Method.invoke,"{""class"": ""java.util.Locale"", ""method"": ""readObject""}"
117797,reflection,Method.invoke,"{""class"": ""java.util.Locale"", ""method"": ""readResolve""}"
117804,reflection,Method.invoke,"{""class"": ""java.util.Locale"", ""method"": ""readObject""}"
117812,reflection,Method.invoke,"{""class"": ""java.util.Locale"", ""method"": ""readResolve""}"
117820,reflection,Method.invoke,"{""class"": ""java.util.Locale"", ""method"": ""readObject""}"
117826,reflection,Method.invoke,"{""class"": ""java.util.Locale"", ""method"": ""readResolve""}"
117834,reflection,Method.invoke,"{""class"": ""java.util.Locale"", ""method"": ""readObject""}"
117842,reflection,Method.invoke,"{""class"": ""java.util.Locale"", ""method"": ""readResolve""}"
117851,reflection,Method.invoke,"{""class"": ""java.util.Locale"", ""method"": ""readObject""}"
117857,reflection,Method.invoke,"{""class"": ""java.util.Locale"", ""method"": ""readResolve""}"
117864,reflection,Method.invoke,"{""class"": ""java.util.Locale"", ""method"": ""readObject""}"
117872,reflection,Method.invoke,"{""class"": ""java.util.Locale"", ""method"": ""readResolve""}"
117879,reflection,Method.invoke,"{""class"": ""java.util.Locale"", ""method"": ""readObject""}"
117886,reflection,Method.invoke,"{""class"": ""java.util.Locale"", ""method"": ""readResolve""}"
117894,reflection,Method.invoke,"{""class"": ""java.util.Locale"", ""method"": ""readObject""}"
117903,reflection,Method.invoke,"{""class"": ""java.util.Locale"", ""method"": ""readResolve""}"
117911,reflection,Method.invoke,"{""class"": ""java.util.Locale"", ""method"": ""readObject""}"
117917,reflection,Method.invoke,"{""class"": ""java.util.Locale"", ""method"": ""readResolve""}"
117927,reflection,Method.invoke,"{""class"": ""java.util.Locale"", ""method"": ""readObject""}"
117933,reflection,Method.invoke,"{""class"": ""java.util.Locale"", ""method"": ""readResolve""}"
117942,reflection,Method.invoke,"{""class"": ""java.util.Locale"", ""method"": ""readObject""}"
117950,reflection,Method.invoke,"{""class"": ""java.util.Locale"", ""method"": ""readResolve""}"
117956,reflection,Method.invoke,"{""class"": ""java.util.Locale"", ""method"": ""readObject""}"
117964,reflection,Method.invoke,"{""class"": ""java.util.Locale"", ""method"": ""readResolve""}"
117972,reflection,Method.invoke,"{""class"": ""java.util.Locale"", ""method"": ""readObject""}"
117978,reflection,Method.invoke,"{""class"": ""java.util.Locale"", ""method"": ""readResolve""}"
117985,reflection,Method.invoke,"{""class"": ""java.util.Locale"", ""method"": ""readObject""}"
117992,reflection,Method.invoke,"{""class"": ""java.util.Locale"", ""method"": ""readResolve""}"
117999,reflection,Method.invoke,"{""class"": ""java.util.Locale"", ""method"": ""readObject""}"
118007,reflection,Method.invoke,"{""class"": ""java.util.Locale"", ""method"": ""readResolve""}"
118014,reflection,Method.invoke,"{""class"": ""java.util.Locale"", ""method"": ""readObject""}"
118020,reflection,Method.invoke,"{""class"": ""java.util.Locale"", ""method"": ""readResolve""}"
118027,reflection,Method.invoke,"{""class"": ""java.util.Locale"", ""method"": ""readObject""}"
118034,reflection,Method.invoke,"{""class"": ""java.util.Locale"", ""method"": ""readResolve""}"
118040,reflection,Method.invoke,"{""class"": ""java.util.Locale"", ""method"": ""readObject""}"
118048,reflection,Method.invoke,"{""class"": ""java.util.Locale"", ""method"": ""readResolve""}"
118056,reflection,Method.invoke,"{""class"": ""java.util.Locale"", ""method"": ""readObject""}"
118063,reflection,Method.invoke,"{""class"": ""java.util.Locale"", ""method"": ""readResolve""}"
118075,reflection,Method.invoke,"{""class"": ""java.util.Locale"", ""method"": ""readObject""}"
118082,reflection,Method.invoke,"{""class"": ""java.util.Locale"", ""method"": ""readResolve""}"
118089,reflection,Method.invoke,"{""class"": ""java.util.Locale"", ""method"": ""readObject""}"
118096,reflection,Method.invoke,"{""class"": ""java.util.Locale"", ""method"": ""readResolve""}"
118105,reflection,Method.invoke,"{""class"": ""java.util.Locale"", ""method"": ""readObject""}"
118111,reflection,Method.invoke,"{""class"": ""java.util.Locale"", ""method"": ""readResolve""}"
118120,reflection,Method.invoke,"{""class"": ""android.view.View"", ""method"": ""getElevation""}"
118150,reflection,Method.invoke,"{""class"": ""org.fossasia.susi.ai.chat.ChatActivity"", ""method"": ""openChatSearch""}"
118216,reflection,Method.invoke,"{""class"": ""android.view.View"", ""method"": ""getElevation""}"
121152,reflection,Method.invoke,"{""class"": ""android.view.View"", ""method"": ""getElevation""}"
121169,reflection,Method.invoke,"{""class"": ""org.fossasia.susi.ai.chat.ChatActivity"", ""method"": ""openSettings""}"
121267,reflection,Method.invoke,"{""class"": ""android.view.ViewGroup"", ""method"": ""makeOptionalFitsSystemWindows""}"
121284,storage,SharedPreferences.getString,"{""key"": ""prefLanguage""}"
121296,network,okhttp3.RealCall.enqueue,"{""method"": ""GET"", ""url"": ""https://api.susi.ai/cms/getSkillMetricsData.json?model=general&language=en""}"
121301,reflection,Method.invoke,"{""class"": ""dalvik.system.CloseGuard"", ""method"": ""get""}"
121310,reflection,Method.invoke,"{""class"": ""dalvik.system.CloseGuard"", ""method"": ""open""}"
121323,network,Socket.connect,"{""endpoint"": ""api.susi.ai/167.235.1.187:443""}"
121349,reflection,Method.invoke,"{""class"": ""android.view.View"", ""method"": ""getElevation""}"
121388,reflection,Method.invoke,"{""class"": ""com.android.org.conscrypt.ConscryptFileDescriptorSocket"", ""method"": ""setUseSessionTickets""}"
121402,reflection,Method.invoke,"{""class"": ""com.android.org.conscrypt.ConscryptFileDescriptorSocket"", ""method"": ""setHostname""}"
121415,reflection,Method.invoke,"{""class"": ""com.android.org.conscrypt.OpenSSLSocketImpl"", ""method"": ""setAlpnProtocols""}"
121467,crypto,MessageDigest.getInstance,"{""algorithm"": ""MD5""}"
121474,crypto,MessageDigest.digest,{}
121483,crypto,MessageDigest.getInstance,"{""algorithm"": ""SHA1""}"
121487,crypto,MessageDigest.digest,{}
121499,crypto,MessageDigest.getInstance,"{""algorithm"": ""MD5""}"
121503,crypto,MessageDigest.digest,{}
121512,crypto,MessageDigest.getInstance,"{""algorithm"": ""SHA1""}"
121519,crypto,MessageDigest.digest,{}
121531,crypto,MessageDigest.getInstance,"{""algorithm"": ""MD5""}"
121535,crypto,MessageDigest.digest,{}
121540,crypto,MessageDigest.getInstance,"{""algorithm"": ""SHA1""}"
121552,crypto,MessageDigest.digest,{}
121559,crypto,MessageDigest.getInstance,"{""algorithm"": ""MD5""}"
121569,crypto,MessageDigest.digest,{}
121584,crypto,MessageDigest.getInstance,"{""algorithm"": ""SHA1""}"
121587,crypto,MessageDigest.digest,{}
121596,crypto,MessageDigest.getInstance,"{""algorithm"": ""SHA1""}"
121603,crypto,MessageDigest.digest,{}
121615,crypto,MessageDigest.getInstance,"{""algorithm"": ""SHA1""}"
121619,crypto,MessageDigest.digest,{}
121624,crypto,MessageDigest.getInstance,"{""algorithm"": ""SHA1""}"
121631,crypto,MessageDigest.digest,{}
121645,crypto,MessageDigest.getInstance,"{""algorithm"": ""SHA1""}"
121650,crypto,MessageDigest.digest,{}
121654,crypto,MessageDigest.getInstance,"{""algorithm"": ""SHA1""}"
121664,crypto,MessageDigest.digest,{}
121669,crypto,MessageDigest.getInstance,"{""algorithm"": ""SHA1""}"
121679,crypto,MessageDigest.digest,{}
121693,crypto,MessageDigest.getInstance,"{""algorithm"": ""SHA-256""}"
121701,crypto,MessageDigest.digest,{}
124578,reflection,Method.invoke,"{""class"": ""android.widget.PopupWindow"", ""method"": ""getMaxAvailableHeight""}"
124585,reflection,Method.invoke,"{""class"": ""android.widget.PopupWindow"", ""method"": ""setClipToScreenEnabled""}"
124594,reflection,Method.invoke,"{""class"": ""android.widget.PopupWindow"", ""method"": ""setEpicenterBounds""}"
124619,reflection,Method.invoke,"{""class"": ""android.widget.PopupWindow"", ""method"": ""getMaxAvailableHeight""}"
124655,reflection,Method.invoke,"{""class"": ""android.view.View"", ""method"": ""getTransitionAlpha""}"
127715,reflection,Method.invoke,"{""class"": ""android.view.View"", ""method"": ""getTransitionAlpha""}"
130530,reflection,Method.invoke,"{""class"": ""android.widget.PopupWindow"", ""method"": ""getMaxAvailableHeight""}"
130550,reflection,Method.invoke,"{""class"": ""android.widget.PopupWindow"", ""method"": ""setClipToScreenEnabled""}"
130561,reflection,Method.invoke,"{""class"": ""android.widget.PopupWindow"", ""method"": ""setEpicenterBounds""}"
130585,reflection,Method.invoke,"{""class"": ""android.widget.PopupWindow"", ""method"": ""getMaxAvailableHeight""}"
130619,reflection,Method.invoke,"{""class"": ""android.view.View"", ""method"": ""getTransitionAlpha""}"
133675,reflection,Method.invoke,"{""class"": ""android.view.View"", ""method"": ""getTransitionAlpha""}"
136567,reflection,Method.invoke,"{""class"": ""android.view.ViewGroup"", ""method"": ""makeOptionalFitsSystemWindows""}"
136605,storage,SharedPreferences.apply,{}
136613,audio,MediaRecorder.setAudioSource,"{""audioSource"": 1}"
136638,network,okhttp3.RealCall.enqueue,"{""method"": ""GET"", ""url"": ""http://ipinfo.io/json""}"
136652,reflection,Method.invoke,"{""class"": ""dalvik.system.CloseGuard"", ""method"": ""get""}"
136665,reflection,Method.invoke,"{""class"": ""dalvik.system.CloseGuard"", ""method"": ""open""}"
136679,location,LocationManager.requestLocationUpdates,"{""minDistance"": 10, ""minTime"": ""300000"", ""provider"": ""network""}"
136688,location,LocationManager.requestLocationUpdates,"{""minDistance"": 10, ""minTime"": ""300000"", ""provider"": ""gps""}"
136715,reflection,Method.invoke,"{""class"": ""android.security.NetworkSecurityPolicy"", ""method"": ""getInstance""}"
136735,reflection,Method.invoke,"{""class"": ""android.security.NetworkSecurityPolicy"", ""method"": ""isCleartextTrafficPermitted""}"
136770,reflection,Method.invoke,"{""class"": ""android.view.View"", ""method"": ""getElevation""}"
136786,reflection,Method.invoke,"{""class"": ""android.view.View"", ""method"": ""getElevation""}"
136802,reflection,Method.invoke,"{""class"": ""android.view.View"", ""method"": ""getElevation""}"
136830,reflection,Method.invoke,"{""class"": ""android.view.View"", ""method"": ""getElevation""}"
136899,ipc_intents,Context.bindService,"{""action"": ""android.intent.action.TTS_SERVICE"", ""flags"": 1, ""target"": ""android.intent.action.TTS_SERVICE""}"
136972,reflection,Method.invoke,"{""class"": ""java.util.Locale"", ""method"": ""readObject""}"
136988,reflection,Method.invoke,"{""class"": ""java.util.Locale"", ""method"": ""readResolve""}"
137003,reflection,Method.invoke,"{""class"": ""java.util.Locale"", ""method"": ""readObject""}"
137017,reflection,Method.invoke,"{""class"": ""java.util.Locale"", ""method"": ""readResolve""}"
137031,reflection,Method.invoke,"{""class"": ""java.util.Locale"", ""method"": ""readObject""}"
137037,reflection,Method.invoke,"{""class"": ""java.util.Locale"", ""method"": ""readResolve""}"
137052,reflection,Method.invoke,"{""class"": ""java.util.Locale"", ""method"": ""readObject""}"
137064,reflection,Method.invoke,"{""class"": ""java.util.Locale"", ""method"": ""readResolve""}"
137071,reflection,Method.invoke,"{""class"": ""java.util.Locale"", ""method"": ""readObject""}"
137084,reflection,Method.invoke,"{""class"": ""java.util.Locale"", ""method"": ""readResolve""}"
137092,reflection,Method.invoke,"{""class"": ""java.util.Locale"", ""method"": ""readObject""}"
137100,reflection,Method.invoke,"{""class"": ""java.util.Locale"", ""method"": ""readResolve""}"
137106,reflection,Method.invoke,"{""class"": ""java.util.Locale"", ""method"": ""readObject""}"
137112,reflection,Method.invoke,"{""class"": ""java.util.Locale"", ""method"": ""readResolve""}"
137119,reflection,Method.invoke,"{""class"": ""java.util.Locale"", ""method"": ""readObject""}"
137127,reflection,Method.invoke,"{""class"": ""java.util.Locale"", ""method"": ""readResolve""}"
137135,reflection,Method.invoke,"{""class"": ""java.util.Locale"", ""method"": ""readObject""}"
137141,reflection,Method.invoke,"{""class"": ""java.util.Locale"", ""method"": ""readResolve""}"
137156,reflection,Method.invoke,"{""class"": ""java.util.Locale"", ""method"": ""readObject""}"
137162,reflection,Method.invoke,"{""class"": ""java.util.Locale"", ""method"": ""readResolve""}"
137170,reflection,Method.invoke,"{""class"": ""java.util.Locale"", ""method"": ""readObject""}"
137178,reflection,Method.invoke,"{""class"": ""java.util.Locale"", ""method"": ""readResolve""}"
137187,reflection,Method.invoke,"{""class"": ""java.util.Locale"", ""method"": ""readObject""}"
137200,reflection,Method.invoke,"{""class"": ""java.util.Locale"", ""method"": ""readResolve""}"
137212,reflection,Method.invoke,"{""class"": ""java.util.Locale"", ""method"": ""readObject""}"
137223,reflection,Method.invoke,"{""class"": ""java.util.Locale"", ""method"": ""readResolve""}"
137230,reflection,Method.invoke,"{""class"": ""java.util.Locale"", ""method"": ""readObject""}"
137237,reflection,Method.invoke,"{""class"": ""java.util.Locale"", ""method"": ""readResolve""}"
137244,reflection,Method.invoke,"{""class"": ""java.util.Locale"", ""method"": ""readObject""}"
137250,reflection,Method.invoke,"{""class"": ""java.util.Locale"", ""method"": ""readResolve""}"
137258,reflection,Method.invoke,"{""class"": ""java.util.Locale"", ""method"": ""readObject""}"
137266,reflection,Method.invoke,"{""class"": ""java.util.Locale"", ""method"": ""readResolve""}"
137272,reflection,Method.invoke,"{""class"": ""java.util.Locale"", ""method"": ""readObject""}"
137280,reflection,Method.invoke,"{""class"": ""java.util.Locale"", ""method"": ""readResolve""}"
137289,reflection,Method.invoke,"{""class"": ""java.util.Locale"", ""method"": ""readObject""}"
137296,reflection,Method.invoke,"{""class"": ""java.util.Locale"", ""method"": ""readResolve""}"
137304,reflection,Method.invoke,"{""class"": ""java.util.Locale"", ""method"": ""readObject""}"
137310,reflection,Method.invoke,"{""class"": ""java.util.Locale"", ""method"": ""readResolve""}"
137319,reflection,Method.invoke,"{""class"": ""java.util.Locale"", ""method"": ""readObject""}"
137325,reflection,Method.invoke,"{""class"": ""java.util.Locale"", ""method"": ""readResolve""}"
137335,reflection,Method.invoke,"{""class"": ""java.util.Locale"", ""method"": ""readObject""}"
137342,reflection,Method.invoke,"{""class"": ""java.util.Locale"", ""method"": ""readResolve""}"
137352,reflection,Method.invoke,"{""class"": ""java.util.Locale"", ""method"": ""readObject""}"
137361,reflection,Method.invoke,"{""class"": ""java.util.Locale"", ""method"": ""readResolve""}"
137369,reflection,Method.invoke,"{""class"": ""java.util.Locale"", ""method"": ""readObject""}"
137376,reflection,Method.invoke,"{""class"": ""java.util.Locale"", ""method"": ""readResolve""}"
137382,reflection,Method.invoke,"{""class"": ""java.util.Locale"", ""method"": ""readObject""}"
137390,reflection,Method.invoke,"{""class"": ""java.util.Locale"", ""method"": ""readResolve""}"
137396,reflection,Method.invoke,"{""class"": ""java.util.Locale"", ""method"": ""readObject""}"
137403,reflection,Method.invoke,"{""class"": ""java.util.Locale"", ""method"": ""readResolve""}"
137411,reflection,Method.invoke,"{""class"": ""java.util.Locale"", ""method"": ""readObject""}"
137419,reflection,Method.invoke,"{""class"": ""java.util.Locale"", ""method"": ""readResolve""}"
137427,reflection,Method.invoke,"{""class"": ""java.util.Locale"", ""method"": ""readObject""}"
137433,reflection,Method.invoke,"{""class"": ""java.util.Locale"", ""method"": ""readResolve""}"
137439,reflection,Method.invoke,"{""class"": ""java.util.Locale"", ""method"": ""readObject""}"
137447,reflection,Method.invoke,"{""class"": ""java.util.Locale"", ""method"": ""readResolve""}"
137454,reflection,Method.invoke,"{""class"": ""java.util.Locale"", ""method"": ""readObject""}"
137461,reflection,Method.invoke,"{""class"": ""java.util.Locale"", ""method"": ""readResolve""}"
137469,reflection,Method.invoke,"{""class"": ""java.util.Locale"", ""method"": ""readObject""}"
137477,reflection,Method.invoke,"{""class"": ""java.util.Locale"", ""method"": ""readResolve""}"
137487,reflection,Method.invoke,"{""class"": ""java.util.Locale"", ""method"": ""readObject""}"
137495,reflection,Method.invoke,"{""class"": ""java.util.Locale"", ""method"": ""readResolve""}"
137502,reflection,Method.invoke,"{""class"": ""java.util.Locale"", ""method"": ""readObject""}"
137510,reflection,Method.invoke,"{""class"": ""java.util.Locale"", ""method"": ""readResolve""}"
137518,reflection,Method.invoke,"{""class"": ""java.util.Locale"", ""method"": ""readObject""}"
137527,reflection,Method.invoke,"{""class"": ""java.util.Locale"", ""method"": ""readResolve""}"
137534,reflection,Method.invoke,"{""class"": ""java.util.Locale"", ""method"": ""readObject""}"
137540,reflection,Method.invoke,"{""class"": ""java.util.Locale"", ""method"": ""readResolve""}"
137551,reflection,Method.invoke,"{""class"": ""java.util.Locale"", ""method"": ""readObject""}"
137557,reflection,Method.invoke,"{""class"": ""java.util.Locale"", ""method"": ""readResolve""}"
137567,reflection,Method.invoke,"{""class"": ""java.util.Locale"", ""method"": ""readObject""}"
137573,reflection,Method.invoke,"{""class"": ""java.util.Locale"", ""method"": ""readResolve""}"
137582,reflection,Method.invoke,"{""class"": ""java.util.Locale"", ""method"": ""readObject""}"
137589,reflection,Method.invoke,"{""class"": ""java.util.Locale"", ""method"": ""readResolve""}"
137598,reflection,Method.invoke,"{""class"": ""java.util.Locale"", ""method"": ""readObject""}"
137603,reflection,Method.invoke,"{""class"": ""java.util.Locale"", ""method"": ""readResolve""}"
137619,reflection,Method.invoke,"{""class"": ""java.util.Locale"", ""method"": ""readObject""}"
137627,reflection,Method.invoke,"{""class"": ""java.util.Locale"", ""method"": ""readResolve""}"
137636,reflection,Method.invoke,"{""class"": ""java.util.Locale"", ""method"": ""readObject""}"
137644,reflection,Method.invoke,"{""class"": ""java.util.Locale"", ""method"": ""readResolve""}"
137652,reflection,Method.invoke,"{""class"": ""java.util.Locale"", ""method"": ""readObject""}"
137660,reflection,Method.invoke,"{""class"": ""java.util.Locale"", ""method"": ""readResolve""}"
137667,reflection,Method.invoke,"{""class"": ""java.util.Locale"", ""method"": ""readObject""}"
137674,reflection,Method.invoke,"{""class"": ""java.util.Locale"", ""method"": ""readResolve""}"
137682,reflection,Method.invoke,"{""class"": ""java.util.Locale"", ""method"": ""readObject""}"
137690,reflection,Method.invoke,"{""class"": ""java.util.Locale"", ""method"": ""readResolve""}"
137698,reflection,Method.invoke,"{""class"": ""java.util.Locale"", ""method"": ""readObject""}"
137706,reflection,Method.invoke,"{""class"": ""java.util.Locale"", ""method"": ""readResolve""}"
137713,reflection,Method.invoke,"{""class"": ""java.util.Locale"", ""method"": ""readObject""}"
137720,reflection,Method.invoke,"{""class"": ""java.util.Locale"", ""method"": ""readResolve""}"
137727,reflection,Method.invoke,"{""class"": ""java.util.Locale"", ""method"": ""readObject""}"
137734,reflection,Method.invoke,"{""class"": ""java.util.Locale"", ""method"": ""readResolve""}"
137743,reflection,Method.invoke,"{""class"": ""java.util.Locale"", ""method"": ""readObject""}"
137749,reflection,Method.invoke,"{""class"": ""java.util.Locale"", ""method"": ""readResolve""}"
137759,reflection,Method.invoke,"{""class"": ""java.util.Locale"", ""method"": ""readObject""}"
137766,reflection,Method.invoke,"{""class"": ""java.util.Locale"", ""method"": ""readResolve""}"
137773,reflection,Method.invoke,"{""class"": ""java.util.Locale"", ""method"": ""readObject""}"
137781,reflection,Method.invoke,"{""class"": ""java.util.Locale"", ""method"": ""readResolve""}"
137788,reflection,Method.invoke,"{""class"": ""java.util.Locale"", ""method"": ""readObject""}"
137794,reflection,Method.invoke,"{""class"": ""java.util.Locale"", ""method"": ""readResolve""}"
137803,reflection,Method.invoke,"{""class"": ""java.util.Locale"", ""method"": ""readObject""}"
137810,reflection,Method.invoke,"{""class"": ""java.util.Locale"", ""method"": ""readResolve""}"
137817,reflection,Method.invoke,"{""class"": ""java.util.Locale"", ""method"": ""readObject""}"
137823,reflection,Method.invoke,"{""class"": ""java.util.Locale"", ""method"": ""readResolve""}"
137832,reflection,Method.invoke,"{""class"": ""java.util.Locale"", ""method"": ""readObject""}"
137840,reflection,Method.invoke,"{""class"": ""java.util.Locale"", ""method"": ""readResolve""}"
137847,reflection,Method.invoke,"{""class"": ""java.util.Locale"", ""method"": ""readObject""}"
137860,reflection,Method.invoke,"{""class"": ""java.util.Locale"", ""method"": ""readResolve""}"
137867,reflection,Method.invoke,"{""class"": ""java.util.Locale"", ""method"": ""readObject""}"
137873,reflection,Method.invoke,"{""class"": ""java.util.Locale"", ""method"": ""readResolve""}"
137881,reflection,Method.invoke,"{""class"": ""java.util.Locale"", ""method"": ""readObject""}"
137888,reflection,Method.invoke,"{""class"": ""java.util.Locale"", ""method"": ""readResolve""}"
137897,reflection,Method.invoke,"{""class"": ""java.util.Locale"", ""method"": ""readObject""}"
137906,reflection,Method.invoke,"{""class"": ""java.util.Locale"", ""method"": ""readResolve""}"
137914,reflection,Method.invoke,"{""class"": ""java.util.Locale"", ""method"": ""readObject""}"
137921,reflection,Method.invoke,"{""class"": ""java.util.Locale"", ""method"": ""readResolve""}"
137929,reflection,Method.invoke,"{""class"": ""java.util.Locale"", ""method"": ""readObject""}"
137938,reflection,Method.invoke,"{""class"": ""java.util.Locale"", ""method"": ""readResolve""}"
137948,reflection,Method.invoke,"{""class"": ""java.util.Locale"", ""method"": ""readObject""}"
137955,reflection,Method.invoke,"{""class"": ""java.util.Locale"", ""method"": ""readResolve""}"
137963,reflection,Method.invoke,"{""class"": ""java.util.Locale"", ""method"": ""readObject""}"
137971,reflection,Method.invoke,"{""class"": ""java.util.Locale"", ""method"": ""readResolve""}"
137978,reflection,Method.invoke,"{""class"": ""java.util.Locale"", ""method"": ""readObject""}"
137983,reflection,Method.invoke,"{""class"": ""java.util.Locale"", ""method"": ""readResolve""}"
137991,reflection,Method.invoke,"{""class"": ""java.util.Locale"", ""method"": ""readObject""}"
137999,reflection,Method.invoke,"{""class"": ""java.util.Locale"", ""method"": ""readResolve""}"
138006,reflection,Method.invoke,"{""class"": ""java.util.Locale"", ""method"": ""readObject""}"
138021,reflection,Method.invoke,"{""class"": ""java.util.Locale"", ""method"": ""readResolve""}"
138030,reflection,Method.invoke,"{""class"": ""java.util.Locale"", ""method"": ""readObject""}"
138036,reflection,Method.invoke,"{""class"": ""java.util.Locale"", ""method"": ""readResolve""}"
138045,reflection,Method.invoke,"{""class"": ""java.util.Locale"", ""method"": ""readObject""}"
138051,reflection,Method.invoke,"{""class"": ""java.util.Locale"", ""method"": ""readResolve""}"
138059,reflection,Method.invoke,"{""class"": ""java.util.Locale"", ""method"": ""readObject""}"
138066,reflection,Method.invoke,"{""class"": ""java.util.Locale"", ""method"": ""readResolve""}"
138074,reflection,Method.invoke,"{""class"": ""java.util.Locale"", ""method"": ""readObject""}"
138081,reflection,Method.invoke,"{""class"": ""java.util.Locale"", ""method"": ""readResolve""}"
138090,reflection,Method.invoke,"{""class"": ""java.util.Locale"", ""method"": ""readObject""}"
138097,reflection,Method.invoke,"{""class"": ""java.util.Locale"", ""method"": ""readResolve""}"
138105,reflection,Method.invoke,"{""class"": ""java.util.Locale"", ""method"": ""readObject""}"
138112,reflection,Method.invoke,"{""class"": ""java.util.Locale"", ""method"": ""readResolve""}"
138120,reflection,Method.invoke,"{""class"": ""java.util.Locale"", ""method"": ""readObject""}"
138128,reflection,Method.invoke,"{""class"": ""java.util.Locale"", ""method"": ""readResolve""}"
138137,reflection,Method.invoke,"{""class"": ""java.util.Locale"", ""method"": ""readObject""}"
138145,reflection,Method.invoke,"{""class"": ""java.util.Locale"", ""method"": ""readResolve""}"
138151,reflection,Method.invoke,"{""class"": ""java.util.Locale"", ""method"": ""readObject""}"
138158,reflection,Method.invoke,"{""class"": ""java.util.Locale"", ""method"": ""readResolve""}"
138166,reflection,Method.invoke,"{""class"": ""java.util.Locale"", ""method"": ""readObject""}"
138173,reflection,Method.invoke,"{""class"": ""java.util.Locale"", ""method"": ""readResolve""}"
138181,reflection,Method.invoke,"{""class"": ""java.util.Locale"", ""method"": ""readObject""}"
138190,reflection,Method.invoke,"{""class"": ""java.util.Locale"", ""method"": ""readResolve""}"
138197,reflection,Method.invoke,"{""class"": ""java.util.Locale"", ""method"": ""readObject""}"
138204,reflection,Method.invoke,"{""class"": ""java.util.Locale"", ""method"": ""readResolve""}"
138212,reflection,Method.invoke,"{""class"": ""java.util.Locale"", ""method"": ""readObject""}"
138218,reflection,Method.invoke,"{""class"": ""java.util.Locale"", ""method"": ""readResolve""}"
138225,reflection,Method.invoke,"{""class"": ""java.util.Locale"", ""method"": ""readObject""}"
138231,reflection,Method.invoke,"{""class"": ""java.util.Locale"", ""method"": ""readResolve""}"
138239,reflection,Method.invoke,"{""class"": ""java.util.Locale"", ""method"": ""readObject""}"
138246,reflection,Method.invoke,"{""class"": ""java.util.Locale"", ""method"": ""readResolve""}"
138252,reflection,Method.invoke,"{""class"": ""java.util.Locale"", ""method"": ""readObject""}"
138259,reflection,Method.invoke,"{""class"": ""java.util.Locale"", ""method"": ""readResolve""}"
138266,reflection,Method.invoke,"{""class"": ""java.util.Locale"", ""method"": ""readObject""}"
138273,reflection,Method.invoke,"{""class"": ""java.util.Locale"", ""method"": ""readResolve""}"
138282,reflection,Method.invoke,"{""class"": ""java.util.Locale"", ""method"": ""readObject""}"
138292,reflection,Method.invoke,"{""class"": ""java.util.Locale"", ""method"": ""readResolve""}"
138298,reflection,Method.invoke,"{""class"": ""java.util.Locale"", ""method"": ""readObject""}"
138306,reflection,Method.invoke,"{""class"": ""java.util.Locale"", ""method"": ""readResolve""}"
138313,reflection,Method.invoke,"{""class"": ""java.util.Locale"", ""method"": ""readObject""}"
138320,reflection,Method.invoke,"{""class"": ""java.util.Locale"", ""method"": ""readResolve""}"
138326,reflection,Method.invoke,"{""class"": ""java.util.Locale"", ""method"": ""readObject""}"
138334,reflection,Method.invoke,"{""class"": ""java.util.Locale"", ""method"": ""readResolve""}"
138343,reflection,Method.invoke,"{""class"": ""java.util.Locale"", ""method"": ""readObject""}"
138349,reflection,Method.invoke,"{""class"": ""java.util.Locale"", ""method"": ""readResolve""}"
138356,reflection,Method.invoke,"{""class"": ""java.util.Locale"", ""method"": ""readObject""}"
138363,reflection,Method.invoke,"{""class"": ""java.util.Locale"", ""method"": ""readResolve""}"
138371,reflection,Method.invoke,"{""class"": ""java.util.Locale"", ""method"": ""readObject""}"
138381,reflection,Method.invoke,"{""class"": ""java.util.Locale"", ""method"": ""readResolve""}"
138387,reflection,Method.invoke,"{""class"": ""java.util.Locale"", ""method"": ""readObject""}"
138395,reflection,Method.invoke,"{""class"": ""java.util.Locale"", ""method"": ""readResolve""}"
138403,reflection,Method.invoke,"{""class"": ""java.util.Locale"", ""method"": ""readObject""}"
138410,reflection,Method.invoke,"{""class"": ""java.util.Locale"", ""method"": ""readResolve""}"
138416,reflection,Method.invoke,"{""class"": ""java.util.Locale"", ""method"": ""readObject""}"
138424,reflection,Method.invoke,"{""class"": ""java.util.Locale"", ""method"": ""readResolve""}"
138430,reflection,Method.invoke,"{""class"": ""java.util.Locale"", ""method"": ""readObject""}"
138436,reflection,Method.invoke,"{""class"": ""java.util.Locale"", ""method"": ""readResolve""}"
138445,reflection,Method.invoke,"{""class"": ""java.util.Locale"", ""method"": ""readObject""}"
138451,reflection,Method.invoke,"{""class"": ""java.util.Locale"", ""method"": ""readResolve""}"
138459,reflection,Method.invoke,"{""class"": ""java.util.Locale"", ""method"": ""readObject""}"
138466,reflection,Method.invoke,"{""class"": ""java.util.Locale"", ""method"": ""readResolve""}"
138475,reflection,Method.invoke,"{""class"": ""java.util.Locale"", ""method"": ""readObject""}"
138482,reflection,Method.invoke,"{""class"": ""java.util.Locale"", ""method"": ""readResolve""}"
138491,reflection,Method.invoke,"{""class"": ""java.util.Locale"", ""method"": ""readObject""}"
138499,reflection,Method.invoke,"{""class"": ""java.util.Locale"", ""method"": ""readResolve""}"
138507,reflection,Method.invoke,"{""class"": ""java.util.Locale"", ""method"": ""readObject""}"
138515,reflection,Method.invoke,"{""class"": ""java.util.Locale"", ""method"": ""readResolve""}"
138524,reflection,Method.invoke,"{""class"": ""java.util.Locale"", ""method"": ""readObject""}"
138531,reflection,Method.invoke,"{""class"": ""java.util.Locale"", ""method"": ""readResolve""}"
138539,reflection,Method.invoke,"{""class"": ""java.util.Locale"", ""method"": ""readObject""}"
138547,reflection,Method.invoke,"{""class"": ""java.util.Locale"", ""method"": ""readResolve""}"
138554,reflection,Method.invoke,"{""class"": ""java.util.Locale"", ""method"": ""readObject""}"
138563,reflection,Method.invoke,"{""class"": ""java.util.Locale"", ""method"": ""readResolve""}"
138571,reflection,Method.invoke,"{""class"": ""java.util.Locale"", ""method"": ""readObject""}"
138579,reflection,Method.invoke,"{""class"": ""java.util.Locale"", ""method"": ""readResolve""}"
138588,reflection,Method.invoke,"{""class"": ""java.util.Locale"", ""method"": ""readObject""}"
138596,reflection,Method.invoke,"{""class"": ""java.util.Locale"", ""method"": ""readResolve""}"
138605,reflection,Method.invoke,"{""class"": ""java.util.Locale"", ""method"": ""readObject""}"
138612,reflection,Method.invoke,"{""class"": ""java.util.Locale"", ""method"": ""readResolve""}"
138620,reflection,Method.invoke,"{""class"": ""java.util.Locale"", ""method"": ""readObject""}"
138628,reflection,Method.invoke,"{""class"": ""java.util.Locale"", ""method"": ""readResolve""}"
138634,reflection,Method.invoke,"{""class"": ""java.util.Locale"", ""method"": ""readObject""}"
138641,reflection,Method.invoke,"{""class"": ""java.util.Locale"", ""method"": ""readResolve""}"
138650,reflection,Method.invoke,"{""class"": ""java.util.Locale"", ""method"": ""readObject""}"
138657,reflection,Method.invoke,"{""class"": ""java.util.Locale"", ""method"": ""readResolve""}"
138664,reflection,Method.invoke,"{""class"": ""java.util.Locale"", ""method"": ""readObject""}"
138670,reflection,Method.invoke,"{""class"": ""java.util.Locale"", ""method"": ""readResolve""}"
138679,reflection,Method.invoke,"{""class"": ""java.util.Locale"", ""method"": ""readObject""}"
138686,reflection,Method.invoke,"{""class"": ""java.util.Locale"", ""method"": ""readResolve""}"
138695,reflection,Method.invoke,"{""class"": ""java.util.Locale"", ""method"": ""readObject""}"
138702,reflection,Method.invoke,"{""class"": ""java.util.Locale"", ""method"": ""readResolve""}"
138711,reflection,Method.invoke,"{""class"": ""java.util.Locale"", ""method"": ""readObject""}"
138717,reflection,Method.invoke,"{""class"": ""java.util.Locale"", ""method"": ""readResolve""}"
138725,reflection,Method.invoke,"{""class"": ""java.util.Locale"", ""method"": ""readObject""}"
138731,reflection,Method.invoke,"{""class"": ""java.util.Locale"", ""method"": ""readResolve""}"
138741,reflection,Method.invoke,"{""class"": ""java.util.Locale"", ""method"": ""readObject""}"
138747,reflection,Method.invoke,"{""class"": ""java.util.Locale"", ""method"": ""readResolve""}"
138754,reflection,Method.invoke,"{""class"": ""java.util.Locale"", ""method"": ""readObject""}"
138761,reflection,Method.invoke,"{""class"": ""java.util.Locale"", ""method"": ""readResolve""}"
138769,reflection,Method.invoke,"{""class"": ""java.util.Locale"", ""method"": ""readObject""}"
138776,reflection,Method.invoke,"{""class"": ""java.util.Locale"", ""method"": ""readResolve""}"
138782,reflection,Method.invoke,"{""class"": ""java.util.Locale"", ""method"": ""readObject""}"
138796,reflection,Method.invoke,"{""class"": ""java.util.Locale"", ""method"": ""readResolve""}"
138802,reflection,Method.invoke,"{""class"": ""java.util.Locale"", ""method"": ""readObject""}"
138808,reflection,Method.invoke,"{""class"": ""java.util.Locale"", ""method"": ""readResolve""}"
138816,reflection,Method.invoke,"{""class"": ""java.util.Locale"", ""method"": ""readObject""}"
138823,reflection,Method.invoke,"{""class"": ""java.util.Locale"", ""method"": ""readResolve""}"
138833,reflection,Method.invoke,"{""class"": ""java.util.Locale"", ""method"": ""readObject""}"
138840,reflection,Method.invoke,"{""class"": ""java.util.Locale"", ""method"": ""readResolve""}"
138848,reflection,Method.invoke,"{""class"": ""java.util.Locale"", ""method"": ""readObject""}"
138854,reflection,Method.invoke,"{""class"": ""java.util.Locale"", ""method"": ""readResolve""}"
138863,reflection,Method.invoke,"{""class"": ""java.util.Locale"", ""method"": ""readObject""}"
138871,reflection,Method.invoke,"{""class"": ""java.util.Locale"", ""method"": ""readResolve""}"
138878,reflection,Method.invoke,"{""class"": ""java.util.Locale"", ""method"": ""readObject""}"
138884,reflection,Method.invoke,"{""class"": ""java.util.Locale"", ""method"": ""readResolve""}"
138892,reflection,Method.invoke,"{""class"": ""java.util.Locale"", ""method"": ""readObject""}"
138899,reflection,Method.invoke,"{""class"": ""java.util.Locale"", ""method"": ""readResolve""}"
138908,reflection,Method.invoke,"{""class"": ""java.util.Locale"", ""method"": ""readObject""}"
138916,reflection,Method.invoke,"{""class"": ""java.util.Locale"", ""method"": ""readResolve""}"
138924,reflection,Method.invoke,"{""class"": ""java.util.Locale"", ""method"": ""readObject""}"
138931,reflection,Method.invoke,"{""class"": ""java.util.Locale"", ""method"": ""readResolve""}"
138940,reflection,Method.invoke,"{""class"": ""java.util.Locale"", ""method"": ""readObject""}"
138945,reflection,Method.invoke,"{""class"": ""java.util.Locale"", ""method"": ""readResolve""}"
138954,reflection,Method.invoke,"{""class"": ""java.util.Locale"", ""method"": ""readObject""}"
138962,reflection,Method.invoke,"{""class"": ""java.util.Locale"", ""method"": ""readResolve""}"
138970,reflection,Method.invoke,"{""class"": ""java.util.Locale"", ""method"": ""readObject""}"
138977,reflection,Method.invoke,"{""class"": ""java.util.Locale"", ""method"": ""readResolve""}"
138983,reflection,Method.invoke,"{""class"": ""java.util.Locale"", ""method"": ""readObject""}"
138992,reflection,Method.invoke,"{""class"": ""java.util.Locale"", ""method"": ""readResolve""}"
138999,reflection,Method.invoke,"{""class"": ""java.util.Locale"", ""method"": ""readObject""}"
139008,reflection,Method.invoke,"{""class"": ""java.util.Locale"", ""method"": ""readResolve""}"
139015,reflection,Method.invoke,"{""class"": ""java.util.Locale"", ""method"": ""readObject""}"
139020,reflection,Method.invoke,"{""class"": ""java.util.Locale"", ""method"": ""readResolve""}"
139030,reflection,Method.invoke,"{""class"": ""java.util.Locale"", ""method"": ""readObject""}"
139036,reflection,Method.invoke,"{""class"": ""java.util.Locale"", ""method"": ""readResolve""}"
139043,reflection,Method.invoke,"{""class"": ""java.util.Locale"", ""method"": ""readObject""}"
139050,reflection,Method.invoke,"{""class"": ""java.util.Locale"", ""method"": ""readResolve""}"
139056,reflection,Method.invoke,"{""class"": ""java.util.Locale"", ""method"": ""readObject""}"
139063,reflection,Method.invoke,"{""class"": ""java.util.Locale"", ""method"": ""readResolve""}"
139070,reflection,Method.invoke,"{""class"": ""java.util.Locale"", ""method"": ""readObject""}"
139078,reflection,Method.invoke,"{""class"": ""java.util.Locale"", ""method"": ""readResolve""}"
139086,reflection,Method.invoke,"{""class"": ""java.util.Locale"", ""method"": ""readObject""}"
139095,reflection,Method.invoke,"{""class"": ""java.util.Locale"", ""method"": ""readResolve""}"
139103,reflection,Method.invoke,"{""class"": ""java.util.Locale"", ""method"": ""readObject""}"
139111,reflection,Method.invoke,"{""class"": ""java.util.Locale"", ""method"": ""readResolve""}"
139117,reflection,Method.invoke,"{""class"": ""java.util.Locale"", ""method"": ""readObject""}"
139123,reflection,Method.invoke,"{""class"": ""java.util.Locale"", ""method"": ""readResolve""}"
139132,reflection,Method.invoke,"{""class"": ""java.util.Locale"", ""method"": ""readObject""}"
139137,reflection,Method.invoke,"{""class"": ""java.util.Locale"", ""method"": ""readResolve""}"
139146,reflection,Method.invoke,"{""class"": ""java.util.Locale"", ""method"": ""readObject""}"
139153,reflection,Method.invoke,"{""class"": ""java.util.Locale"", ""method"": ""readResolve""}"
139160,reflection,Method.invoke,"{""class"": ""java.util.Locale"", ""method"": ""readObject""}"
139167,reflection,Method.invoke,"{""class"": ""java.util.Locale"", ""method"": ""readResolve""}"
139176,reflection,Method.invoke,"{""class"": ""java.util.Locale"", ""method"": ""readObject""}"
139183,reflection,Method.invoke,"{""class"": ""java.util.Locale"", ""method"": ""readResolve""}"
139189,reflection,Method.invoke,"{""class"": ""java.util.Locale"", ""method"": ""readObject""}"
139197,reflection,Method.invoke,"{""class"": ""java.util.Locale"", ""method"": ""readResolve""}"
139204,reflection,Method.invoke,"{""class"": ""java.util.Locale"", ""method"": ""readObject""}"
139210,reflection,Method.invoke,"{""class"": ""java.util.Locale"", ""method"": ""readResolve""}"
139217,reflection,Method.invoke,"{""class"": ""java.util.Locale"", ""method"": ""readObject""}"
139225,reflection,Method.invoke,"{""class"": ""java.util.Locale"", ""method"": ""readResolve""}"
139234,reflection,Method.invoke,"{""class"": ""java.util.Locale"", ""method"": ""readObject""}"
139241,reflection,Method.invoke,"{""class"": ""java.util.Locale"", ""method"": ""readResolve""}"
139251,reflection,Method.invoke,"{""class"": ""java.util.Locale"", ""method"": ""readObject""}"
139258,reflection,Method.invoke,"{""class"": ""java.util.Locale"", ""method"": ""readResolve""}"
139265,reflection,Method.invoke,"{""class"": ""java.util.Locale"", ""method"": ""readObject""}"
139271,reflection,Method.invoke,"{""class"": ""java.util.Locale"", ""method"": ""readResolve""}"
139280,reflection,Method.invoke,"{""class"": ""java.util.Locale"", ""method"": ""readObject""}"
139286,reflection,Method.invoke,"{""class"": ""java.util.Locale"", ""method"": ""readResolve""}"
139294,reflection,Method.invoke,"{""class"": ""java.util.Locale"", ""method"": ""readObject""}"
139301,reflection,Method.invoke,"{""class"": ""java.util.Locale"", ""method"": ""readResolve""}"
139308,reflection,Method.invoke,"{""class"": ""java.util.Locale"", ""method"": ""readObject""}"
139315,reflection,Method.invoke,"{""class"": ""java.util.Locale"", ""method"": ""readResolve""}"
139323,reflection,Method.invoke,"{""class"": ""java.util.Locale"", ""method"": ""readObject""}"
139329,reflection,Method.invoke,"{""class"": ""java.util.Locale"", ""method"": ""readResolve""}"
139337,reflection,Method.invoke,"{""class"": ""java.util.Locale"", ""method"": ""readObject""}"
139344,reflection,Method.invoke,"{""class"": ""java.util.Locale"", ""method"": ""readResolve""}"
139350,reflection,Method.invoke,"{""class"": ""java.util.Locale"", ""method"": ""readObject""}"
139358,reflection,Method.invoke,"{""class"": ""java.util.Locale"", ""method"": ""readResolve""}"
139367,reflection,Method.invoke,"{""class"": ""java.util.Locale"", ""method"": ""readObject""}"
139380,reflection,Method.invoke,"{""class"": ""java.util.Locale"", ""method"": ""readResolve""}"
139386,reflection,Method.invoke,"{""class"": ""java.util.Locale"", ""method"": ""readObject""}"
139393,reflection,Method.invoke,"{""class"": ""java.util.Locale"", ""method"": ""readResolve""}"
139402,reflection,Method.invoke,"{""class"": ""java.util.Locale"", ""method"": ""readObject""}"
139410,reflection,Method.invoke,"{""class"": ""java.util.Locale"", ""method"": ""readResolve""}"
139418,reflection,Method.invoke,"{""class"": ""java.util.Locale"", ""method"": ""readObject""}"
139426,reflection,Method.invoke,"{""class"": ""java.util.Locale"", ""method"": ""readResolve""}"
139434,reflection,Method.invoke,"{""class"": ""java.util.Locale"", ""method"": ""readObject""}"
139439,reflection,Method.invoke,"{""class"": ""java.util.Locale"", ""method"": ""readResolve""}"
139448,reflection,Method.invoke,"{""class"": ""java.util.Locale"", ""method"": ""readObject""}"
139455,reflection,Method.invoke,"{""class"": ""java.util.Locale"", ""method"": ""readResolve""}"
139462,reflection,Method.invoke,"{""class"": ""java.util.Locale"", ""method"": ""readObject""}"
139470,reflection,Method.invoke,"{""class"": ""java.util.Locale"", ""method"": ""readResolve""}"
139477,reflection,Method.invoke,"{""class"": ""java.util.Locale"", ""method"": ""readObject""}"
139483,reflection,Method.invoke,"{""class"": ""java.util.Locale"", ""method"": ""readResolve""}"
139491,reflection,Method.invoke,"{""class"": ""java.util.Locale"", ""method"": ""readObject""}"
139497,reflection,Method.invoke,"{""class"": ""java.util.Locale"", ""method"": ""readResolve""}"
139506,reflection,Method.invoke,"{""class"": ""java.util.Locale"", ""method"": ""readObject""}"
139511,reflection,Method.invoke,"{""class"": ""java.util.Locale"", ""method"": ""readResolve""}"
139518,reflection,Method.invoke,"{""class"": ""java.util.Locale"", ""method"": ""readObject""}"
139527,reflection,Method.invoke,"{""class"": ""java.util.Locale"", ""method"": ""readResolve""}"
139534,reflection,Method.invoke,"{""class"": ""java.util.Locale"", ""method"": ""readObject""}"
139542,reflection,Method.invoke,"{""class"": ""java.util.Locale"", ""method"": ""readResolve""}"
139549,reflection,Method.invoke,"{""class"": ""java.util.Locale"", ""method"": ""readObject""}"
139556,reflection,Method.invoke,"{""class"": ""java.util.Locale"", ""method"": ""readResolve""}"
139565,reflection,Method.invoke,"{""class"": ""java.util.Locale"", ""method"": ""readObject""}"
139572,reflection,Method.invoke,"{""class"": ""java.util.Locale"", ""method"": ""readResolve""}"
139580,reflection,Method.invoke,"{""class"": ""java.util.Locale"", ""method"": ""readObject""}"
139586,reflection,Method.invoke,"{""class"": ""java.util.Locale"", ""method"": ""readResolve""}"
139594,reflection,Method.invoke,"{""class"": ""java.util.Locale"", ""method"": ""readObject""}"
139602,reflection,Method.invoke,"{""class"": ""java.util.Locale"", ""method"": ""readResolve""}"
139609,reflection,Method.invoke,"{""class"": ""java.util.Locale"", ""method"": ""readObject""}"
139617,reflection,Method.invoke,"{""class"": ""java.util.Locale"", ""method"": ""readResolve""}"
139625,reflection,Method.invoke,"{""class"": ""java.util.Locale"", ""method"": ""readObject""}"
139631,reflection,Method.invoke,"{""class"": ""java.util.Locale"", ""method"": ""readResolve""}"
139639,reflection,Method.invoke,"{""class"": ""java.util.Locale"", ""method"": ""readObject""}"
139647,reflection,Method.invoke,"{""class"": ""java.util.Locale"", ""method"": ""readResolve""}"
139654,reflection,Method.invoke,"{""class"": ""java.util.Locale"", ""method"": ""readObject""}"
139661,reflection,Method.invoke,"{""class"": ""java.util.Locale"", ""method"": ""readResolve""}"
139669,reflection,Method.invoke,"{""class"": ""java.util.Locale"", ""method"": ""readObject""}"
139676,reflection,Method.invoke,"{""class"": ""java.util.Locale"", ""method"": ""readResolve""}"
139684,reflection,Method.invoke,"{""class"": ""java.util.Locale"", ""method"": ""readObject""}"
139693,reflection,Method.invoke,"{""class"": ""java.util.Locale"", ""method"": ""readResolve""}"
139700,reflection,Method.invoke,"{""class"": ""java.util.Locale"", ""method"": ""readObject""}"
139707,reflection,Method.invoke,"{""class"": ""java.util.Locale"", ""method"": ""readResolve""}"
139716,reflection,Method.invoke,"{""class"": ""java.util.Locale"", ""method"": ""readObject""}"
139724,reflection,Method.invoke,"{""class"": ""java.util.Locale"", ""method"": ""readResolve""}"
139732,reflection,Method.invoke,"{""class"": ""java.util.Locale"", ""method"": ""readObject""}"
139739,reflection,Method.invoke,"{""class"": ""java.util.Locale"", ""method"": ""readResolve""}"
139748,reflection,Method.invoke,"{""class"": ""java.util.Locale"", ""method"": ""readObject""}"
139756,reflection,Method.invoke,"{""class"": ""java.util.Locale"", ""method"": ""readResolve""}"
139766,reflection,Method.invoke,"{""class"": ""java.util.Locale"", ""method"": ""readObject""}"
139771,reflection,Method.invoke,"{""class"": ""java.util.Locale"", ""method"": ""readResolve""}"
139779,reflection,Method.invoke,"{""class"": ""java.util.Locale"", ""method"": ""readObject""}"
139786,reflection,Method.invoke,"{""class"": ""java.util.Locale"", ""method"": ""readResolve""}"
139794,reflection,Method.invoke,"{""class"": ""java.util.Locale"", ""method"": ""readObject""}"
139801,reflection,Method.invoke,"{""class"": ""java.util.Locale"", ""method"": ""readResolve""}"
139808,reflection,Method.invoke,"{""class"": ""java.util.Locale"", ""method"": ""readObject""}"
139816,reflection,Method.invoke,"{""class"": ""java.util.Locale"", ""method"": ""readResolve""}"
139823,reflection,Method.invoke,"{""class"": ""java.util.Locale"", ""method"": ""readObject""}"
139830,reflection,Method.invoke,"{""class"": ""java.util.Locale"", ""method"": ""readResolve""}"
139840,reflection,Method.invoke,"{""class"": ""java.util.Locale"", ""method"": ""readObject""}"
139847,reflection,Method.invoke,"{""class"": ""java.util.Locale"", ""method"": ""readResolve""}"
139853,reflection,Method.invoke,"{""class"": ""java.util.Locale"", ""method"": ""readObject""}"
139861,reflection,Method.invoke,"{""class"": ""java.util.Locale"", ""method"": ""readResolve""}"
139869,reflection,Method.invoke,"{""class"": ""java.util.Locale"", ""method"": ""readObject""}"
139876,reflection,Method.invoke,"{""class"": ""java.util.Locale"", ""method"": ""readResolve""}"
139883,reflection,Method.invoke,"{""class"": ""java.util.Locale"", ""method"": ""readObject""}"
139892,reflection,Method.invoke,"{""class"": ""java.util.Locale"", ""method"": ""readResolve""}"
139898,reflection,Method.invoke,"{""class"": ""java.util.Locale"", ""method"": ""readObject""}"
139910,reflection,Method.invoke,"{""class"": ""java.util.Locale"", ""method"": ""readResolve""}"
139918,reflection,Method.invoke,"{""class"": ""java.util.Locale"", ""method"": ""readObject""}"
139926,reflection,Method.invoke,"{""class"": ""java.util.Locale"", ""method"": ""readResolve""}"
139932,reflection,Method.invoke,"{""class"": ""java.util.Locale"", ""method"": ""readObject""}"
139942,reflection,Method.invoke,"{""class"": ""java.util.Locale"", ""method"": ""readResolve""}"
139951,reflection,Method.invoke,"{""class"": ""java.util.Locale"", ""method"": ""readObject""}"
139957,reflection,Method.invoke,"{""class"": ""java.util.Locale"", ""method"": ""readResolve""}"
139967,reflection,Method.invoke,"{""class"": ""java.util.Locale"", ""method"": ""readObject""}"
139979,reflection,Method.invoke,"{""class"": ""java.util.Locale"", ""method"": ""readResolve""}"
139987,reflection,Method.invoke,"{""class"": ""java.util.Locale"", ""method"": ""readObject""}"
139994,reflection,Method.invoke,"{""class"": ""java.util.Locale"", ""method"": ""readResolve""}"
140001,reflection,Method.invoke,"{""class"": ""java.util.Locale"", ""method"": ""readObject""}"
140008,reflection,Method.invoke,"{""class"": ""java.util.Locale"", ""method"": ""readResolve""}"
140016,reflection,Method.invoke,"{""class"": ""java.util.Locale"", ""method"": ""readObject""}"
140023,reflection,Method.invoke,"{""class"": ""java.util.Locale"", ""method"": ""readResolve""}"
140029,reflection,Method.invoke,"{""class"": ""java.util.Locale"", ""method"": ""readObject""}"
140037,reflection,Method.invoke,"{""class"": ""java.util.Locale"", ""method"": ""readResolve""}"
140045,reflection,Method.invoke,"{""class"": ""java.util.Locale"", ""method"": ""readObject""}"
140052,reflection,Method.invoke,"{""class"": ""java.util.Locale"", ""method"": ""readResolve""}"
140061,reflection,Method.invoke,"{""class"": ""java.util.Locale"", ""method"": ""readObject""}"
140068,reflection,Method.invoke,"{""class"": ""java.util.Locale"", ""method"": ""readResolve""}"
140075,reflection,Method.invoke,"{""class"": ""java.util.Locale"", ""method"": ""readObject""}"
140082,reflection,Method.invoke,"{""class"": ""java.util.Locale"", ""method"": ""readResolve""}"
140089,reflection,Method.invoke,"{""class"": ""java.util.Locale"", ""method"": ""readObject""}"
140096,reflection,Method.invoke,"{""class"": ""java.util.Locale"", ""method"": ""readResolve""}"
140105,reflection,Method.invoke,"{""class"": ""java.util.Locale"", ""method"": ""readObject""}"
140114,reflection,Method.invoke,"{""class"": ""java.util.Locale"", ""method"": ""readResolve""}"
140121,reflection,Method.invoke,"{""class"": ""java.util.Locale"", ""method"": ""readObject""}"
140127,reflection,Method.invoke,"{""class"": ""java.util.Locale"", ""method"": ""readResolve""}"
140135,reflection,Method.invoke,"{""class"": ""java.util.Locale"", ""method"": ""readObject""}"
140142,reflection,Method.invoke,"{""class"": ""java.util.Locale"", ""method"": ""readResolve""}"
140149,reflection,Method.invoke,"{""class"": ""java.util.Locale"", ""method"": ""readObject""}"
140158,reflection,Method.invoke,"{""class"": ""java.util.Locale"", ""method"": ""readResolve""}"
140166,reflection,Method.invoke,"{""class"": ""java.util.Locale"", ""method"": ""readObject""}"
140177,reflection,Method.invoke,"{""class"": ""java.util.Locale"", ""method"": ""readResolve""}"
140184,reflection,Method.invoke,"{""class"": ""java.util.Locale"", ""method"": ""readObject""}"
140190,reflection,Method.invoke,"{""class"": ""java.util.Locale"", ""method"": ""readResolve""}"
140197,reflection,Method.invoke,"{""class"": ""java.util.Locale"", ""method"": ""readObject""}"
140203,reflection,Method.invoke,"{""class"": ""java.util.Locale"", ""method"": ""readResolve""}"
140210,reflection,Method.invoke,"{""class"": ""java.util.Locale"", ""method"": ""readObject""}"
140219,reflection,Method.invoke,"{""class"": ""java.util.Locale"", ""method"": ""readResolve""}"
140227,reflection,Method.invoke,"{""class"": ""java.util.Locale"", ""method"": ""readObject""}"
140235,reflection,Method.invoke,"{""class"": ""java.util.Locale"", ""method"": ""readResolve""}"
140243,reflection,Method.invoke,"{""class"": ""java.util.Locale"", ""method"": ""readObject""}"
140251,reflection,Method.invoke,"{""class"": ""java.util.Locale"", ""method"": ""readResolve""}"
140259,reflection,Method.invoke,"{""class"": ""java.util.Locale"", ""method"": ""readObject""}"
140267,reflection,Method.invoke,"{""class"": ""java.util.Locale"", ""method"": ""readResolve""}"
140276,reflection,Method.invoke,"{""class"": ""java.util.Locale"", ""method"": ""readObject""}"
140282,reflection,Method.invoke,"{""class"": ""java.util.Locale"", ""method"": ""readResolve""}"
140290,reflection,Method.invoke,"{""class"": ""java.util.Locale"", ""method"": ""readObject""}"
140299,reflection,Method.invoke,"{""class"": ""java.util.Locale"", ""method"": ""readResolve""}"
140306,reflection,Method.invoke,"{""class"": ""java.util.Locale"", ""method"": ""readObject""}"
140313,reflection,Method.invoke,"{""class"": ""java.util.Locale"", ""method"": ""readResolve""}"
140322,reflection,Method.invoke,"{""class"": ""java.util.Locale"", ""method"": ""readObject""}"
140331,reflection,Method.invoke,"{""class"": ""java.util.Locale"", ""method"": ""readResolve""}"
140338,reflection,Method.invoke,"{""class"": ""java.util.Locale"", ""method"": ""readObject""}"
140347,reflection,Method.invoke,"{""class"": ""java.util.Locale"", ""method"": ""readResolve""}"
140356,reflection,Method.invoke,"{""class"": ""java.util.Locale"", ""method"": ""readObject""}"
140363,reflection,Method.invoke,"{""class"": ""java.util.Locale"", ""method"": ""readResolve""}"
140370,reflection,Method.invoke,"{""class"": ""java.util.Locale"", ""method"": ""readObject""}"
140376,reflection,Method.invoke,"{""class"": ""java.util.Locale"", ""method"": ""readResolve""}"
140385,reflection,Method.invoke,"{""class"": ""java.util.Locale"", ""method"": ""readObject""}"
140395,reflection,Method.invoke,"{""class"": ""java.util.Locale"", ""method"": ""readResolve""}"
140402,reflection,Method.invoke,"{""class"": ""java.util.Locale"", ""method"": ""readObject""}"
140408,reflection,Method.invoke,"{""class"": ""java.util.Locale"", ""method"": ""readResolve""}"
140416,reflection,Method.invoke,"{""class"": ""java.util.Locale"", ""method"": ""readObject""}"
140424,reflection,Method.invoke,"{""class"": ""java.util.Locale"", ""method"": ""readResolve""}"
140433,reflection,Method.invoke,"{""class"": ""java.util.Locale"", ""method"": ""readObject""}"
140439,reflection,Method.invoke,"{""class"": ""java.util.Locale"", ""method"": ""readResolve""}"
140449,reflection,Method.invoke,"{""class"": ""java.util.Locale"", ""method"": ""readObject""}"
140455,reflection,Method.invoke,"{""class"": ""java.util.Locale"", ""method"": ""readResolve""}"
140463,reflection,Method.invoke,"{""class"": ""java.util.Locale"", ""method"": ""readObject""}"
140471,reflection,Method.invoke,"{""class"": ""java.util.Locale"", ""method"": ""readResolve""}"
140477,reflection,Method.invoke,"{""class"": ""java.util.Locale"", ""method"": ""readObject""}"
140483,reflection,Method.invoke,"{""class"": ""java.util.Locale"", ""method"": ""readResolve""}"
140492,reflection,Method.invoke,"{""class"": ""java.util.Locale"", ""method"": ""readObject""}"
140499,reflection,Method.invoke,"{""class"": ""java.util.Locale"", ""method"": ""readResolve""}"
140506,reflection,Method.invoke,"{""class"": ""java.util.Locale"", ""method"": ""readObject""}"
140513,reflection,Method.invoke,"{""class"": ""java.util.Locale"", ""method"": ""readResolve""}"
140521,reflection,Method.invoke,"{""class"": ""java.util.Locale"", ""method"": ""readObject""}"
140527,reflection,Method.invoke,"{""class"": ""java.util.Locale"", ""method"": ""readResolve""}"
140534,reflection,Method.invoke,"{""class"": ""java.util.Locale"", ""method"": ""readObject""}"
140542,reflection,Method.invoke,"{""class"": ""java.util.Locale"", ""method"": ""readResolve""}"
140551,reflection,Method.invoke,"{""class"": ""java.util.Locale"", ""method"": ""readObject""}"
140558,reflection,Method.invoke,"{""class"": ""java.util.Locale"", ""method"": ""readResolve""}"
140565,reflection,Method.invoke,"{""class"": ""java.util.Locale"", ""method"": ""readObject""}"
140573,reflection,Method.invoke,"{""class"": ""java.util.Locale"", ""method"": ""readResolve""}"
140580,reflection,Method.invoke,"{""class"": ""java.util.Locale"", ""method"": ""readObject""}"
140587,reflection,Method.invoke,"{""class"": ""java.util.Locale"", ""method"": ""readResolve""}"
140594,reflection,Method.invoke,"{""class"": ""java.util.Locale"", ""method"": ""readObject""}"
140600,reflection,Method.invoke,"{""class"": ""java.util.Locale"", ""method"": ""readResolve""}"
140608,reflection,Method.invoke,"{""class"": ""java.util.Locale"", ""method"": ""readObject""}"
140615,reflection,Method.invoke,"{""class"": ""java.util.Locale"", ""method"": ""readResolve""}"
140625,reflection,Method.invoke,"{""class"": ""java.util.Locale"", ""method"": ""readObject""}"
140630,reflection,Method.invoke,"{""class"": ""java.util.Locale"", ""method"": ""readResolve""}"
140639,reflection,Method.invoke,"{""class"": ""java.util.Locale"", ""method"": ""readObject""}"
140646,reflection,Method.invoke,"{""class"": ""java.util.Locale"", ""method"": ""readResolve""}"
140654,reflection,Method.invoke,"{""class"": ""java.util.Locale"", ""method"": ""readObject""}"
140661,reflection,Method.invoke,"{""class"": ""java.util.Locale"", ""method"": ""readResolve""}"
140667,reflection,Method.invoke,"{""class"": ""java.util.Locale"", ""method"": ""readObject""}"
140681,reflection,Method.invoke,"{""class"": ""java.util.Locale"", ""method"": ""readResolve""}"
140688,reflection,Method.invoke,"{""class"": ""java.util.Locale"", ""method"": ""readObject""}"
140695,reflection,Method.invoke,"{""class"": ""java.util.Locale"", ""method"": ""readResolve""}"
140703,reflection,Method.invoke,"{""class"": ""java.util.Locale"", ""method"": ""readObject""}"
140709,reflection,Method.invoke,"{""class"": ""java.util.Locale"", ""method"": ""readResolve""}"
140717,reflection,Method.invoke,"{""class"": ""java.util.Locale"", ""method"": ""readObject""}"
140723,reflection,Method.invoke,"{""class"": ""java.util.Locale"", ""method"": ""readResolve""}"
140732,reflection,Method.invoke,"{""class"": ""java.util.Locale"", ""method"": ""readObject""}"
140738,reflection,Method.invoke,"{""class"": ""java.util.Locale"", ""method"": ""readResolve""}"
140746,reflection,Method.invoke,"{""class"": ""java.util.Locale"", ""method"": ""readObject""}"
140754,reflection,Method.invoke,"{""class"": ""java.util.Locale"", ""method"": ""readResolve""}"
140761,reflection,Method.invoke,"{""class"": ""java.util.Locale"", ""method"": ""readObject""}"
140766,reflection,Method.invoke,"{""class"": ""java.util.Locale"", ""method"": ""readResolve""}"
140781,reflection,Method.invoke,"{""class"": ""java.util.Locale"", ""method"": ""readObject""}"
140787,reflection,Method.invoke,"{""class"": ""java.util.Locale"", ""method"": ""readResolve""}"
140794,reflection,Method.invoke,"{""class"": ""java.util.Locale"", ""method"": ""readObject""}"
140802,reflection,Method.invoke,"{""class"": ""java.util.Locale"", ""method"": ""readResolve""}"
140810,reflection,Method.invoke,"{""class"": ""java.util.Locale"", ""method"": ""readObject""}"
140817,reflection,Method.invoke,"{""class"": ""java.util.Locale"", ""method"": ""readResolve""}"
140825,reflection,Method.invoke,"{""class"": ""java.util.Locale"", ""method"": ""readObject""}"
140834,reflection,Method.invoke,"{""class"": ""java.util.Locale"", ""method"": ""readResolve""}"
140840,reflection,Method.invoke,"{""class"": ""java.util.Locale"", ""method"": ""readObject""}"
140849,reflection,Method.invoke,"{""class"": ""java.util.Locale"", ""method"": ""readResolve""}"
140856,reflection,Method.invoke,"{""class"": ""java.util.Locale"", ""method"": ""readObject""}"
140862,reflection,Method.invoke,"{""class"": ""java.util.Locale"", ""method"": ""readResolve""}"
140870,reflection,Method.invoke,"{""class"": ""java.util.Locale"", ""method"": ""readObject""}"
140878,reflection,Method.invoke,"{""class"": ""java.util.Locale"", ""method"": ""readResolve""}"
140885,reflection,Method.invoke,"{""class"": ""java.util.Locale"", ""method"": ""readObject""}"
140893,reflection,Method.invoke,"{""class"": ""java.util.Locale"", ""method"": ""readResolve""}"
140901,reflection,Method.invoke,"{""class"": ""java.util.Locale"", ""method"": ""readObject""}"
140908,reflection,Method.invoke,"{""class"": ""java.util.Locale"", ""method"": ""readResolve""}"
140916,reflection,Method.invoke,"{""class"": ""java.util.Locale"", ""method"": ""readObject""}"
140924,reflection,Method.invoke,"{""class"": ""java.util.Locale"", ""method"": ""readResolve""}"
140932,reflection,Method.invoke,"{""class"": ""java.util.Locale"", ""method"": ""readObject""}"
140941,reflection,Method.invoke,"{""class"": ""java.util.Locale"", ""method"": ""readResolve""}"
140954,reflection,Method.invoke,"{""class"": ""java.util.Locale"", ""method"": ""readObject""}"
140962,reflection,Method.invoke,"{""class"": ""java.util.Locale"", ""method"": ""readResolve""}"
140969,reflection,Method.invoke,"{""class"": ""java.util.Locale"", ""method"": ""readObject""}"
140977,reflection,Method.invoke,"{""class"": ""java.util.Locale"", ""method"": ""readResolve""}"
140987,reflection,Method.invoke,"{""class"": ""java.util.Locale"", ""method"": ""readObject""}"
140993,reflection,Method.invoke,"{""class"": ""java.util.Locale"", ""method"": ""readResolve""}"
141002,reflection,Method.invoke,"{""class"": ""java.util.Locale"", ""method"": ""readObject""}"
141009,reflection,Method.invoke,"{""class"": ""java.util.Locale"", ""method"": ""readResolve""}"
141019,reflection,Method.invoke,"{""class"": ""java.util.Locale"", ""method"": ""readObject""}"
141027,reflection,Method.invoke,"{""class"": ""java.util.Locale"", ""method"": ""readResolve""}"
141034,reflection,Method.invoke,"{""class"": ""java.util.Locale"", ""method"": ""readObject""}"
141043,reflection,Method.invoke,"{""class"": ""java.util.Locale"", ""method"": ""readResolve""}"
141049,reflection,Method.invoke,"{""class"": ""java.util.Locale"", ""method"": ""readObject""}"
141056,reflection,Method.invoke,"{""class"": ""java.util.Locale"", ""method"": ""readResolve""}"
141063,reflection,Method.invoke,"{""class"": ""java.util.Locale"", ""method"": ""readObject""}"
141071,reflection,Method.invoke,"{""class"": ""java.util.Locale"", ""method"": ""readResolve""}"
141078,reflection,Method.invoke,"{""class"": ""java.util.Locale"", ""method"": ""readObject""}"
141086,reflection,Method.invoke,"{""class"": ""java.util.Locale"", ""method"": ""readResolve""}"
141094,reflection,Method.invoke,"{""class"": ""java.util.Locale"", ""method"": ""readObject""}"
141101,reflection,Method.invoke,"{""class"": ""java.util.Locale"", ""method"": ""readResolve""}"
141108,reflection,Method.invoke,"{""class"": ""java.util.Locale"", ""method"": ""readObject""}"
141114,reflection,Method.invoke,"{""class"": ""java.util.Locale"", ""method"": ""readResolve""}"
141122,reflection,Method.invoke,"{""class"": ""java.util.Locale"", ""method"": ""readObject""}"
141130,reflection,Method.invoke,"{""class"": ""java.util.Locale"", ""method"": ""readResolve""}"
141138,reflection,Method.invoke,"{""class"": ""java.util.Locale"", ""method"": ""readObject""}"
141146,reflection,Method.invoke,"{""class"": ""java.util.Locale"", ""method"": ""readResolve""}"
141154,reflection,Method.invoke,"{""class"": ""java.util.Locale"", ""method"": ""readObject""}"
141161,reflection,Method.invoke,"{""class"": ""java.util.Locale"", ""method"": ""readResolve""}"
141169,reflection,Method.invoke,"{""class"": ""java.util.Locale"", ""method"": ""readObject""}"
141177,reflection,Method.invoke,"{""class"": ""java.util.Locale"", ""method"": ""readResolve""}"
141183,reflection,Method.invoke,"{""class"": ""java.util.Locale"", ""method"": ""readObject""}"
141191,reflection,Method.invoke,"{""class"": ""java.util.Locale"", ""method"": ""readResolve""}"
141200,reflection,Method.invoke,"{""class"": ""java.util.Locale"", ""method"": ""readObject""}"
141206,reflection,Method.invoke,"{""class"": ""java.util.Locale"", ""method"": ""readResolve""}"
141214,reflection,Method.invoke,"{""class"": ""java.util.Locale"", ""method"": ""readObject""}"
141222,reflection,Method.invoke,"{""class"": ""java.util.Locale"", ""method"": ""readResolve""}"
141231,reflection,Method.invoke,"{""class"": ""java.util.Locale"", ""method"": ""readObject""}"
141239,reflection,Method.invoke,"{""class"": ""java.util.Locale"", ""method"": ""readResolve""}"
141247,reflection,Method.invoke,"{""class"": ""java.util.Locale"", ""method"": ""readObject""}"
141253,reflection,Method.invoke,"{""class"": ""java.util.Locale"", ""method"": ""readResolve""}"
141261,reflection,Method.invoke,"{""class"": ""java.util.Locale"", ""method"": ""readObject""}"
141268,reflection,Method.invoke,"{""class"": ""java.util.Locale"", ""method"": ""readResolve""}"
141276,reflection,Method.invoke,"{""class"": ""java.util.Locale"", ""method"": ""readObject""}"
141283,reflection,Method.invoke,"{""class"": ""java.util.Locale"", ""method"": ""readResolve""}"
141291,reflection,Method.invoke,"{""class"": ""java.util.Locale"", ""method"": ""readObject""}"
141298,reflection,Method.invoke,"{""class"": ""java.util.Locale"", ""method"": ""readResolve""}"
141305,reflection,Method.invoke,"{""class"": ""java.util.Locale"", ""method"": ""readObject""}"
141311,reflection,Method.invoke,"{""class"": ""java.util.Locale"", ""method"": ""readResolve""}"
141319,reflection,Method.invoke,"{""class"": ""java.util.Locale"", ""method"": ""readObject""}"
141325,reflection,Method.invoke,"{""class"": ""java.util.Locale"", ""method"": ""readResolve""}"
141334,reflection,Method.invoke,"{""class"": ""java.util.Locale"", ""method"": ""readObject""}"
141341,reflection,Method.invoke,"{""class"": ""java.util.Locale"", ""method"": ""readResolve""}"
141349,reflection,Method.invoke,"{""class"": ""java.util.Locale"", ""method"": ""readObject""}"
141357,reflection,Method.invoke,"{""class"": ""java.util.Locale"", ""method"": ""readResolve""}"
141366,reflection,Method.invoke,"{""class"": ""java.util.Locale"", ""method"": ""readObject""}"
141374,reflection,Method.invoke,"{""class"": ""java.util.Locale"", ""method"": ""readResolve""}"
141380,reflection,Method.invoke,"{""class"": ""java.util.Locale"", ""method"": ""readObject""}"
141387,reflection,Method.invoke,"{""class"": ""java.util.Locale"", ""method"": ""readResolve""}"
141394,reflection,Method.invoke,"{""class"": ""java.util.Locale"", ""method"": ""readObject""}"
141402,reflection,Method.invoke,"{""class"": ""java.util.Locale"", ""method"": ""readResolve""}"
141409,reflection,Method.invoke,"{""class"": ""java.util.Locale"", ""method"": ""readObject""}"
141415,reflection,Method.invoke,"{""class"": ""java.util.Locale"", ""method"": ""readResolve""}"
141424,reflection,Method.invoke,"{""class"": ""java.util.Locale"", ""method"": ""readObject""}"
141430,reflection,Method.invoke,"{""class"": ""java.util.Locale"", ""method"": ""readResolve""}"
141439,reflection,Method.invoke,"{""class"": ""java.util.Locale"", ""method"": ""readObject""}"
141446,reflection,Method.invoke,"{""class"": ""java.util.Locale"", ""method"": ""readResolve""}"
141452,reflection,Method.invoke,"{""class"": ""java.util.Locale"", ""method"": ""readObject""}"
141460,reflection,Method.invoke,"{""class"": ""java.util.Locale"", ""method"": ""readResolve""}"
141468,reflection,Method.invoke,"{""class"": ""java.util.Locale"", ""method"": ""readObject""}"
141474,reflection,Method.invoke,"{""class"": ""java.util.Locale"", ""method"": ""readResolve""}"
141482,reflection,Method.invoke,"{""class"": ""java.util.Locale"", ""method"": ""readObject""}"
141488,reflection,Method.invoke,"{""class"": ""java.util.Locale"", ""method"": ""readResolve""}"
141496,reflection,Method.invoke,"{""class"": ""java.util.Locale"", ""method"": ""readObject""}"
141503,reflection,Method.invoke,"{""class"": ""java.util.Locale"", ""method"": ""readResolve""}"
141512,reflection,Method.invoke,"{""class"": ""java.util.Locale"", ""method"": ""readObject""}"
141520,reflection,Method.invoke,"{""class"": ""java.util.Locale"", ""method"": ""readResolve""}"
141527,reflection,Method.invoke,"{""class"": ""java.util.Locale"", ""method"": ""readObject""}"
141535,reflection,Method.invoke,"{""class"": ""java.util.Locale"", ""method"": ""readResolve""}"
141543,reflection,Method.invoke,"{""class"": ""java.util.Locale"", ""method"": ""readObject""}"
141549,reflection,Method.invoke,"{""class"": ""java.util.Locale"", ""method"": ""readResolve""}"
141556,reflection,Method.invoke,"{""class"": ""java.util.Locale"", ""method"": ""readObject""}"
141563,reflection,Method.invoke,"{""class"": ""java.util.Locale"", ""method"": ""readResolve""}"
141571,reflection,Method.invoke,"{""class"": ""java.util.Locale"", ""method"": ""readObject""}"
141578,reflection,Method.invoke,"{""class"": ""java.util.Locale"", ""method"": ""readResolve""}"
141586,reflection,Method.invoke,"{""class"": ""java.util.Locale"", ""method"": ""readObject""}"
141594,reflection,Method.invoke,"{""class"": ""java.util.Locale"", ""method"": ""readResolve""}"
141602,reflection,Method.invoke,"{""class"": ""java.util.Locale"", ""method"": ""readObject""}"
141609,reflection,Method.invoke,"{""class"": ""java.util.Locale"", ""method"": ""readResolve""}"
141615,reflection,Method.invoke,"{""class"": ""java.util.Locale"", ""method"": ""readObject""}"
141621,reflection,Method.invoke,"{""class"": ""java.util.Locale"", ""method"": ""readResolve""}"
141630,reflection,Method.invoke,"{""class"": ""java.util.Locale"", ""method"": ""readObject""}"
141638,reflection,Method.invoke,"{""class"": ""java.util.Locale"", ""method"": ""readResolve""}"
141646,reflection,Method.invoke,"{""class"": ""java.util.Locale"", ""method"": ""readObject""}"
141652,reflection,Method.invoke,"{""class"": ""java.util.Locale"", ""method"": ""readResolve""}"
141659,reflection,Method.invoke,"{""class"": ""java.util.Locale"", ""method"": ""readObject""}"
141667,reflection,Method.invoke,"{""class"": ""java.util.Locale"", ""method"": ""readResolve""}"
141674,reflection,Method.invoke,"{""class"": ""java.util.Locale"", ""method"": ""readObject""}"
141681,reflection,Method.invoke,"{""class"": ""java.util.Locale"", ""method"": ""readResolve""}"
141688,reflection,Method.invoke,"{""class"": ""java.util.Locale"", ""method"": ""readObject""}"
141694,reflection,Method.invoke,"{""class"": ""java.util.Locale"", ""method"": ""readResolve""}"
141702,reflection,Method.invoke,"{""class"": ""java.util.Locale"", ""method"": ""readObject""}"
141709,reflection,Method.invoke,"{""class"": ""java.util.Locale"", ""method"": ""readResolve""}"
141716,reflection,Method.invoke,"{""class"": ""java.util.Locale"", ""method"": ""readObject""}"
141723,reflection,Method.invoke,"{""class"": ""java.util.Locale"", ""method"": ""readResolve""}"
141732,reflection,Method.invoke,"{""class"": ""java.util.Locale"", ""method"": ""readObject""}"
141738,reflection,Method.invoke,"{""class"": ""java.util.Locale"", ""method"": ""readResolve""}"
141746,reflection,Method.invoke,"{""class"": ""java.util.Locale"", ""method"": ""readObject""}"
141752,reflection,Method.invoke,"{""class"": ""java.util.Locale"", ""method"": ""readResolve""}"
141758,reflection,Method.invoke,"{""class"": ""java.util.Locale"", ""method"": ""readObject""}"
141767,reflection,Method.invoke,"{""class"": ""java.util.Locale"", ""method"": ""readResolve""}"
141776,reflection,Method.invoke,"{""class"": ""java.util.Locale"", ""method"": ""readObject""}"
141783,reflection,Method.invoke,"{""class"": ""java.util.Locale"", ""method"": ""readResolve""}"
141793,reflection,Method.invoke,"{""class"": ""java.util.Locale"", ""method"": ""readObject""}"
141803,reflection,Method.invoke,"{""class"": ""java.util.Locale"", ""method"": ""readResolve""}"
141810,reflection,Method.invoke,"{""class"": ""java.util.Locale"", ""method"": ""readObject""}"
141816,reflection,Method.invoke,"{""class"": ""java.util.Locale"", ""method"": ""readResolve""}"
141822,reflection,Method.invoke,"{""class"": ""java.util.Locale"", ""method"": ""readObject""}"
141830,reflection,Method.invoke,"{""class"": ""java.util.Locale"", ""method"": ""readResolve""}"
141840,reflection,Method.invoke,"{""class"": ""java.util.Locale"", ""method"": ""readObject""}"
141847,reflection,Method.invoke,"{""class"": ""java.util.Locale"", ""method"": ""readResolve""}"
141854,reflection,Method.invoke,"{""class"": ""java.util.Locale"", ""method"": ""readObject""}"
141868,reflection,Method.invoke,"{""class"": ""java.util.Locale"", ""method"": ""readResolve""}"
141874,reflection,Method.invoke,"{""class"": ""java.util.Locale"", ""method"": ""readObject""}"
141882,reflection,Method.invoke,"{""class"": ""java.util.Locale"", ""method"": ""readResolve""}"
141888,reflection,Method.invoke,"{""class"": ""java.util.Locale"", ""method"": ""readObject""}"
141897,reflection,Method.invoke,"{""class"": ""java.util.Locale"", ""method"": ""readResolve""}"
141904,reflection,Method.invoke,"{""class"": ""java.util.Locale"", ""method"": ""readObject""}"
141912,reflection,Method.invoke,"{""class"": ""java.util.Locale"", ""method"": ""readResolve""}"
143618,reflection,Method.invoke,"{""class"": ""android.view.View"", ""method"": ""getElevation""}"
143636,reflection,Method.invoke,"{""class"": ""org.fossasia.susi.ai.chat.ChatActivity"", ""method"": ""openSettings""}"
143716,reflection,Method.invoke,"{""class"": ""android.view.ViewGroup"", ""method"": ""makeOptionalFitsSystemWindows""}"
143735,storage,SharedPreferences.getString,"{""key"": ""prefLanguage""}"
143746,network,okhttp3.RealCall.enqueue,"{""method"": ""GET"", ""url"": ""https://api.susi.ai/cms/getSkillMetricsData.json?model=general&language=en""}"
143755,reflection,Method.invoke,"{""class"": ""dalvik.system.CloseGuard"", ""method"": ""get""}"
143768,reflection,Method.invoke,"{""class"": ""dalvik.system.CloseGuard"", ""method"": ""open""}"
143782,network,Socket.connect,"{""endpoint"": ""api.susi.ai/167.235.1.187:443""}"
143804,reflection,Method.invoke,"{""class"": ""android.view.View"", ""method"": ""getElevation""}"
143837,reflection,Method.invoke,"{""class"": ""com.android.org.conscrypt.ConscryptFileDescriptorSocket"", ""method"": ""setUseSessionTickets""}"
143854,reflection,Method.invoke,"{""class"": ""com.android.org.conscrypt.ConscryptFileDescriptorSocket"", ""method"": ""setHostname""}"
143869,reflection,Method.invoke,"{""class"": ""com.android.org.conscrypt.OpenSSLSocketImpl"", ""method"": ""setAlpnProtocols""}"
143929,crypto,MessageDigest.getInstance,"{""algorithm"": ""MD5""}"
143933,crypto,MessageDigest.digest,{}
143950,crypto,MessageDigest.getInstance,"{""algorithm"": ""SHA1""}"
143955,crypto,MessageDigest.digest,{}
143967,crypto,MessageDigest.getInstance,"{""algorithm"": ""MD5""}"
143972,crypto,MessageDigest.digest,{}
143980,crypto,MessageDigest.getInstance,"{""algorithm"": ""SHA1""}"
143984,crypto,MessageDigest.digest,{}
143994,crypto,MessageDigest.getInstance,"{""algorithm"": ""MD5""}"
144000,crypto,MessageDigest.digest,{}
144011,crypto,MessageDigest.getInstance,"{""algorithm"": ""SHA1""}"
144015,crypto,MessageDigest.digest,{}
144028,crypto,MessageDigest.getInstance,"{""algorithm"": ""MD5""}"
144045,crypto,MessageDigest.digest,{}
144057,crypto,MessageDigest.getInstance,"{""algorithm"": ""SHA1""}"
144065,crypto,MessageDigest.digest,{}
144071,crypto,MessageDigest.getInstance,"{""algorithm"": ""SHA1""}"
144080,crypto,MessageDigest.digest,{}
144091,crypto,MessageDigest.getInstance,"{""algorithm"": ""SHA1""}"
144098,crypto,MessageDigest.digest,{}
144104,crypto,MessageDigest.getInstance,"{""algorithm"": ""SHA1""}"
144112,crypto,MessageDigest.digest,{}
144116,crypto,MessageDigest.getInstance,"{""algorithm"": ""SHA1""}"
144127,crypto,MessageDigest.digest,{}
144138,crypto,MessageDigest.getInstance,"{""algorithm"": ""SHA1""}"
144145,crypto,MessageDigest.digest,{}
144154,crypto,MessageDigest.getInstance,"{""algorithm"": ""SHA1""}"
144167,crypto,MessageDigest.digest,{}
144185,crypto,MessageDigest.getInstance,"{""algorithm"": ""SHA-256""}"
144189,crypto,MessageDigest.digest,{}
147114,reflection,Method.invoke,"{""class"": ""android.widget.PopupWindow"", ""method"": ""getMaxAvailableHeight""}"
147133,reflection,Method.invoke,"{""class"": ""android.widget.PopupWindow"", ""method"": ""setClipToScreenEnabled""}"
147149,reflection,Method.invoke,"{""class"": ""android.widget.PopupWindow"", ""method"": ""setEpicenterBounds""}"
147173,reflection,Method.invoke,"{""class"": ""android.widget.PopupWindow"", ""method"": ""getMaxAvailableHeight""}"
147205,reflection,Method.invoke,"{""class"": ""android.view.View"", ""method"": ""getTransitionAlpha""}"
150330,reflection,Method.invoke,"{""class"": ""android.view.View"", ""method"": ""getTransitionAlpha""}"
180949,reflection,Method.invoke,"{""class"": ""android.view.ViewGroup"", ""method"": ""makeOptionalFitsSystemWindows""}"
181001,reflection,Method.invoke,"{""class"": ""android.view.ViewGroup"", ""method"": ""makeOptionalFitsSystemWindows""}"
181041,storage,SharedPreferences.apply,{}
181086,reflection,Method.invoke,"{""class"": ""android.view.ViewGroup"", ""method"": ""makeOptionalFitsSystemWindows""}"
181110,storage,SharedPreferences.apply,{}
181113,audio,MediaRecorder.setAudioSource,"{""audioSource"": 1}"
181131,network,okhttp3.RealCall.enqueue,"{""method"": ""GET"", ""url"": ""http://ipinfo.io/json""}"
181137,reflection,Method.invoke,"{""class"": ""dalvik.system.CloseGuard"", ""method"": ""get""}"
181144,reflection,Method.invoke,"{""class"": ""dalvik.system.CloseGuard"", ""method"": ""open""}"
181157,location,LocationManager.requestLocationUpdates,"{""minDistance"": 10, ""minTime"": ""300000"", ""provider"": ""network""}"
181162,location,LocationManager.requestLocationUpdates,"{""minDistance"": 10, ""minTime"": ""300000"", ""provider"": ""gps""}"
181183,reflection,Method.invoke,"{""class"": ""android.security.NetworkSecurityPolicy"", ""method"": ""getInstance""}"
181200,reflection,Method.invoke,"{""class"": ""android.security.NetworkSecurityPolicy"", ""method"": ""isCleartextTrafficPermitted""}"
181213,reflection,Method.invoke,"{""class"": ""android.view.View"", ""method"": ""getElevation""}"
181222,reflection,Method.invoke,"{""class"": ""android.view.View"", ""method"": ""getElevation""}"
181229,reflection,Method.invoke,"{""class"": ""android.view.View"", ""method"": ""getElevation""}"
181245,reflection,Method.invoke,"{""class"": ""android.view.View"", ""method"": ""getElevation""}"
181282,ipc_intents,Context.bindService,"{""action"": ""android.intent.action.TTS_SERVICE"", ""flags"": 1, ""target"": ""android.intent.action.TTS_SERVICE""}"
181332,reflection,Method.invoke,"{""class"": ""java.util.Locale"", ""method"": ""readObject""}"
181340,reflection,Method.invoke,"{""class"": ""java.util.Locale"", ""method"": ""readResolve""}"
181352,reflection,Method.invoke,"{""class"": ""java.util.Locale"", ""method"": ""readObject""}"
181364,reflection,Method.invoke,"{""class"": ""java.util.Locale"", ""method"": ""readResolve""}"
181371,reflection,Method.invoke,"{""class"": ""java.util.Locale"", ""method"": ""readObject""}"
181382,reflection,Method.invoke,"{""class"": ""java.util.Locale"", ""method"": ""readResolve""}"
181388,reflection,Method.invoke,"{""class"": ""java.util.Locale"", ""method"": ""readObject""}"
181401,reflection,Method.invoke,"{""class"": ""java.util.Locale"", ""method"": ""readResolve""}"
181414,reflection,Method.invoke,"{""class"": ""java.util.Locale"", ""method"": ""readObject""}"
181421,reflection,Method.invoke,"{""class"": ""java.util.Locale"", ""method"": ""readResolve""}"
181433,reflection,Method.invoke,"{""class"": ""java.util.Locale"", ""method"": ""readObject""}"
181445,reflection,Method.invoke,"{""class"": ""java.util.Locale"", ""method"": ""readResolve""}"
181452,reflection,Method.invoke,"{""class"": ""java.util.Locale"", ""method"": ""readObject""}"
181465,reflection,Method.invoke,"{""class"": ""java.util.Locale"", ""method"": ""readResolve""}"
181471,reflection,Method.invoke,"{""class"": ""java.util.Locale"", ""method"": ""readObject""}"
181481,reflection,Method.invoke,"{""class"": ""java.util.Locale"", ""method"": ""readResolve""}"
181487,reflection,Method.invoke,"{""class"": ""java.util.Locale"", ""method"": ""readObject""}"
181494,reflection,Method.invoke,"{""class"": ""java.util.Locale"", ""method"": ""readResolve""}"
181502,reflection,Method.invoke,"{""class"": ""java.util.Locale"", ""method"": ""readObject""}"
181510,reflection,Method.invoke,"{""class"": ""java.util.Locale"", ""method"": ""readResolve""}"
181518,reflection,Method.invoke,"{""class"": ""java.util.Locale"", ""method"": ""readObject""}"
181531,reflection,Method.invoke,"{""class"": ""java.util.Locale"", ""method"": ""readResolve""}"
181547,reflection,Method.invoke,"{""class"": ""java.util.Locale"", ""method"": ""readObject""}"
181553,reflection,Method.invoke,"{""class"": ""java.util.Locale"", ""method"": ""readResolve""}"
181564,reflection,Method.invoke,"{""class"": ""java.util.Locale"", ""method"": ""readObject""}"
181571,reflection,Method.invoke,"{""class"": ""java.util.Locale"", ""method"": ""readResolve""}"
181586,reflection,Method.invoke,"{""class"": ""java.util.Locale"", ""method"": ""readObject""}"
181596,reflection,Method.invoke,"{""class"": ""java.util.Locale"", ""method"": ""readResolve""}"
181603,reflection,Method.invoke,"{""class"": ""java.util.Locale"", ""method"": ""readObject""}"
181615,reflection,Method.invoke,"{""class"": ""java.util.Locale"", ""method"": ""readResolve""}"
181621,reflection,Method.invoke,"{""class"": ""java.util.Locale"", ""method"": ""readObject""}"
181631,reflection,Method.invoke,"{""class"": ""java.util.Locale"", ""method"": ""readResolve""}"
181638,reflection,Method.invoke,"{""class"": ""java.util.Locale"", ""method"": ""readObject""}"
181650,reflection,Method.invoke,"{""class"": ""java.util.Locale"", ""method"": ""readResolve""}"
181660,reflection,Method.invoke,"{""class"": ""java.util.Locale"", ""method"": ""readObject""}"
181667,reflection,Method.invoke,"{""class"": ""java.util.Locale"", ""method"": ""readResolve""}"
181678,reflection,Method.invoke,"{""class"": ""java.util.Locale"", ""method"": ""readObject""}"
181683,reflection,Method.invoke,"{""class"": ""java.util.Locale"", ""method"": ""readResolve""}"
181693,reflection,Method.invoke,"{""class"": ""java.util.Locale"", ""method"": ""readObject""}"
181700,reflection,Method.invoke,"{""class"": ""java.util.Locale"", ""method"": ""readResolve""}"
181708,reflection,Method.invoke,"{""class"": ""java.util.Locale"", ""method"": ""readObject""}"
181716,reflection,Method.invoke,"{""class"": ""java.util.Locale"", ""method"": ""readResolve""}"
181726,reflection,Method.invoke,"{""class"": ""java.util.Locale"", ""method"": ""readObject""}"
181732,reflection,Method.invoke,"{""class"": ""java.util.Locale"", ""method"": ""readResolve""}"
181739,reflection,Method.invoke,"{""class"": ""java.util.Locale"", ""method"": ""readObject""}"
181748,reflection,Method.invoke,"{""class"": ""java.util.Locale"", ""method"": ""readResolve""}"
181755,reflection,Method.invoke,"{""class"": ""java.util.Locale"", ""method"": ""readObject""}"
181761,reflection,Method.invoke,"{""class"": ""java.util.Locale"", ""method"": ""readResolve""}"
181767,reflection,Method.invoke,"{""class"": ""java.util.Locale"", ""method"": ""readObject""}"
181775,reflection,Method.invoke,"{""class"": ""java.util.Locale"", ""method"": ""readResolve""}"
181782,reflection,Method.invoke,"{""class"": ""java.util.Locale"", ""method"": ""readObject""}"
181789,reflection,Method.invoke,"{""class"": ""java.util.Locale"", ""method"": ""readResolve""}"
181795,reflection,Method.invoke,"{""class"": ""java.util.Locale"", ""method"": ""readObject""}"
181802,reflection,Method.invoke,"{""class"": ""java.util.Locale"", ""method"": ""readResolve""}"
181808,reflection,Method.invoke,"{""class"": ""java.util.Locale"", ""method"": ""readObject""}"
181816,reflection,Method.invoke,"{""class"": ""java.util.Locale"", ""method"": ""readResolve""}"
181823,reflection,Method.invoke,"{""class"": ""java.util.Locale"", ""method"": ""readObject""}"
181828,reflection,Method.invoke,"{""class"": ""java.util.Locale"", ""method"": ""readResolve""}"
181836,reflection,Method.invoke,"{""class"": ""java.util.Locale"", ""method"": ""readObject""}"
181844,reflection,Method.invoke,"{""class"": ""java.util.Locale"", ""method"": ""readResolve""}"
181849,reflection,Method.invoke,"{""class"": ""java.util.Locale"", ""method"": ""readObject""}"
181856,reflection,Method.invoke,"{""class"": ""java.util.Locale"", ""method"": ""readResolve""}"
181864,reflection,Method.invoke,"{""class"": ""java.util.Locale"", ""method"": ""readObject""}"
181872,reflection,Method.invoke,"{""class"": ""java.util.Locale"", ""method"": ""readResolve""}"
181878,reflection,Method.invoke,"{""class"": ""java.util.Locale"", ""method"": ""readObject""}"
181886,reflection,Method.invoke,"{""class"": ""java.util.Locale"", ""method"": ""readResolve""}"
181892,reflection,Method.invoke,"{""class"": ""java.util.Locale"", ""method"": ""readObject""}"
181899,reflection,Method.invoke,"{""class"": ""java.util.Locale"", ""method"": ""readResolve""}"
181907,reflection,Method.invoke,"{""class"": ""java.util.Locale"", ""method"": ""readObject""}"
181913,reflection,Method.invoke,"{""class"": ""java.util.Locale"", ""method"": ""readResolve""}"
181920,reflection,Method.invoke,"{""class"": ""java.util.Locale"", ""method"": ""readObject""}"
181925,reflection,Method.invoke,"{""class"": ""java.util.Locale"", ""method"": ""readResolve""}"
181933,reflection,Method.invoke,"{""class"": ""java.util.Locale"", ""method"": ""readObject""}"
181939,reflection,Method.invoke,"{""class"": ""java.util.Locale"", ""method"": ""readResolve""}"
181949,reflection,Method.invoke,"{""class"": ""java.util.Locale"", ""method"": ""readObject""}"
181954,reflection,Method.invoke,"{""class"": ""java.util.Locale"", ""method"": ""readResolve""}"
181961,reflection,Method.invoke,"{""class"": ""java.util.Locale"", ""method"": ""readObject""}"
181968,reflection,Method.invoke,"{""class"": ""java.util.Locale"", ""method"": ""readResolve""}"
181974,reflection,Method.invoke,"{""class"": ""java.util.Locale"", ""method"": ""readObject""}"
181979,reflection,Method.invoke,"{""class"": ""java.util.Locale"", ""method"": ""readResolve""}"
181987,reflection,Method.invoke,"{""class"": ""java.util.Locale"", ""method"": ""readObject""}"
181993,reflection,Method.invoke,"{""class"": ""java.util.Locale"", ""method"": ""readResolve""}"
182001,reflection,Method.invoke,"{""class"": ""java.util.Locale"", ""method"": ""readObject""}"
182009,reflection,Method.invoke,"{""class"": ""java.util.Locale"", ""method"": ""readResolve""}"
182016,reflection,Method.invoke,"{""class"": ""java.util.Locale"", ""method"": ""readObject""}"
182022,reflection,Method.invoke,"{""class"": ""java.util.Locale"", ""method"": ""readResolve""}"
182029,reflection,Method.invoke,"{""class"": ""java.util.Locale"", ""method"": ""readObject""}"
182034,reflection,Method.invoke,"{""class"": ""java.util.Locale"", ""method"": ""readResolve""}"
182043,reflection,Method.invoke,"{""class"": ""java.util.Locale"", ""method"": ""readObject""}"
182049,reflection,Method.invoke,"{""class"": ""java.util.Locale"", ""method"": ""readResolve""}"
182057,reflection,Method.invoke,"{""class"": ""java.util.Locale"", ""method"": ""readObject""}"
182063,reflection,Method.invoke,"{""class"": ""java.util.Locale"", ""method"": ""readResolve""}"
182071,reflection,Method.invoke,"{""class"": ""java.util.Locale"", ""method"": ""readObject""}"
182080,reflection,Method.invoke,"{""class"": ""java.util.Locale"", ""method"": ""readResolve""}"
182087,reflection,Method.invoke,"{""class"": ""java.util.Locale"", ""method"": ""readObject""}"
182094,reflection,Method.invoke,"{""class"": ""java.util.Locale"", ""method"": ""readResolve""}"
182100,reflection,Method.invoke,"{""class"": ""java.util.Locale"", ""method"": ""readObject""}"
182106,reflection,Method.invoke,"{""class"": ""java.util.Locale"", ""method"": ""readResolve""}"
182114,reflection,Method.invoke,"{""class"": ""java.util.Locale"", ""method"": ""readObject""}"
182121,reflection,Method.invoke,"{""class"": ""java.util.Locale"", ""method"": ""readResolve""}"
182129,reflection,Method.invoke,"{""class"": ""java.util.Locale"", ""method"": ""readObject""}"
182137,reflection,Method.invoke,"{""class"": ""java.util.Locale"", ""method"": ""readResolve""}"
182143,reflection,Method.invoke,"{""class"": ""java.util.Locale"", ""method"": ""readObject""}"
182150,reflection,Method.invoke,"{""class"": ""java.util.Locale"", ""method"": ""readResolve""}"
182157,reflection,Method.invoke,"{""class"": ""java.util.Locale"", ""method"": ""readObject""}"
182164,reflection,Method.invoke,"{""class"": ""java.util.Locale"", ""method"": ""readResolve""}"
182171,reflection,Method.invoke,"{""class"": ""java.util.Locale"", ""method"": ""readObject""}"
182180,reflection,Method.invoke,"{""class"": ""java.util.Locale"", ""method"": ""readResolve""}"
182186,reflection,Method.invoke,"{""class"": ""java.util.Locale"", ""method"": ""readObject""}"
182194,reflection,Method.invoke,"{""class"": ""java.util.Locale"", ""method"": ""readResolve""}"
182200,reflection,Method.invoke,"{""class"": ""java.util.Locale"", ""method"": ""readObject""}"
182209,reflection,Method.invoke,"{""class"": ""java.util.Locale"", ""method"": ""readResolve""}"
182215,reflection,Method.invoke,"{""class"": ""java.util.Locale"", ""method"": ""readObject""}"
182223,reflection,Method.invoke,"{""class"": ""java.util.Locale"", ""method"": ""readResolve""}"
182231,reflection,Method.invoke,"{""class"": ""java.util.Locale"", ""method"": ""readObject""}"
182238,reflection,Method.invoke,"{""class"": ""java.util.Locale"", ""method"": ""readResolve""}"
182244,reflection,Method.invoke,"{""class"": ""java.util.Locale"", ""method"": ""readObject""}"
182252,reflection,Method.invoke,"{""class"": ""java.util.Locale"", ""method"": ""readResolve""}"
182259,reflection,Method.invoke,"{""class"": ""java.util.Locale"", ""method"": ""readObject""}"
182265,reflection,Method.invoke,"{""class"": ""java.util.Locale"", ""method"": ""readResolve""}"
182271,reflection,Method.invoke,"{""class"": ""java.util.Locale"", ""method"": ""readObject""}"
182278,reflection,Method.invoke,"{""class"": ""java.util.Locale"", ""method"": ""readResolve""}"
182284,reflection,Method.invoke,"{""class"": ""java.util.Locale"", ""method"": ""readObject""}"
182291,reflection,Method.invoke,"{""class"": ""java.util.Locale"", ""method"": ""readResolve""}"
182298,reflection,Method.invoke,"{""class"": ""java.util.Locale"", ""method"": ""readObject""}"
182305,reflection,Method.invoke,"{""class"": ""java.util.Locale"", ""method"": ""readResolve""}"
182313,reflection,Method.invoke,"{""class"": ""java.util.Locale"", ""method"": ""readObject""}"
182320,reflection,Method.invoke,"{""class"": ""java.util.Locale"", ""method"": ""readResolve""}"
182325,reflection,Method.invoke,"{""class"": ""java.util.Locale"", ""method"": ""readObject""}"
182332,reflection,Method.invoke,"{""class"": ""java.util.Locale"", ""method"": ""readResolve""}"
182340,reflection,Method.invoke,"{""class"": ""java.util.Locale"", ""method"": ""readObject""}"
182346,reflection,Method.invoke,"{""class"": ""java.util.Locale"", ""method"": ""readResolve""}"
182355,reflection,Method.invoke,"{""class"": ""java.util.Locale"", ""method"": ""readObject""}"
182362,reflection,Method.invoke,"{""class"": ""java.util.Locale"", ""method"": ""readResolve""}"
182368,reflection,Method.invoke,"{""class"": ""java.util.Locale"", ""method"": ""readObject""}"
182375,reflection,Method.invoke,"{""class"": ""java.util.Locale"", ""method"": ""readResolve""}"
182382,reflection,Method.invoke,"{""class"": ""java.util.Locale"", ""method"": ""readObject""}"
182388,reflection,Method.invoke,"{""class"": ""java.util.Locale"", ""method"": ""readResolve""}"
182395,reflection,Method.invoke,"{""class"": ""java.util.Locale"", ""method"": ""readObject""}"
182403,reflection,Method.invoke,"{""class"": ""java.util.Locale"", ""method"": ""readResolve""}"
182409,reflection,Method.invoke,"{""class"": ""java.util.Locale"", ""method"": ""readObject""}"
182416,reflection,Method.invoke,"{""class"": ""java.util.Locale"", ""method"": ""readResolve""}"
182422,reflection,Method.invoke,"{""class"": ""java.util.Locale"", ""method"": ""readObject""}"
182429,reflection,Method.invoke,"{""class"": ""java.util.Locale"", ""method"": ""readResolve""}"
182436,reflection,Method.invoke,"{""class"": ""java.util.Locale"", ""method"": ""readObject""}"
182443,reflection,Method.invoke,"{""class"": ""java.util.Locale"", ""method"": ""readResolve""}"
182453,reflection,Method.invoke,"{""class"": ""java.util.Locale"", ""method"": ""readObject""}"
182459,reflection,Method.invoke,"{""class"": ""java.util.Locale"", ""method"": ""readResolve""}"
182468,reflection,Method.invoke,"{""class"": ""java.util.Locale"", ""method"": ""readObject""}"
182475,reflection,Method.invoke,"{""class"": ""java.util.Locale"", ""method"": ""readResolve""}"
182482,reflection,Method.invoke,"{""class"": ""java.util.Locale"", ""method"": ""readObject""}"
182489,reflection,Method.invoke,"{""class"": ""java.util.Locale"", ""method"": ""readResolve""}"
182496,reflection,Method.invoke,"{""class"": ""java.util.Locale"", ""method"": ""readObject""}"
182502,reflection,Method.invoke,"{""class"": ""java.util.Locale"", ""method"": ""readResolve""}"
182509,reflection,Method.invoke,"{""class"": ""java.util.Locale"", ""method"": ""readObject""}"
182516,reflection,Method.invoke,"{""class"": ""java.util.Locale"", ""method"": ""readResolve""}"
182521,reflection,Method.invoke,"{""class"": ""java.util.Locale"", ""method"": ""readObject""}"
182528,reflection,Method.invoke,"{""class"": ""java.util.Locale"", ""method"": ""readResolve""}"
182535,reflection,Method.invoke,"{""class"": ""java.util.Locale"", ""method"": ""readObject""}"
182540,reflection,Method.invoke,"{""class"": ""java.util.Locale"", ""method"": ""readResolve""}"
182547,reflection,Method.invoke,"{""class"": ""java.util.Locale"", ""method"": ""readObject""}"
182554,reflection,Method.invoke,"{""class"": ""java.util.Locale"", ""method"": ""readResolve""}"
182561,reflection,Method.invoke,"{""class"": ""java.util.Locale"", ""method"": ""readObject""}"
182567,reflection,Method.invoke,"{""class"": ""java.util.Locale"", ""method"": ""readResolve""}"
182575,reflection,Method.invoke,"{""class"": ""java.util.Locale"", ""method"": ""readObject""}"
182581,reflection,Method.invoke,"{""class"": ""java.util.Locale"", ""method"": ""readResolve""}"
182588,reflection,Method.invoke,"{""class"": ""java.util.Locale"", ""method"": ""readObject""}"
182595,reflection,Method.invoke,"{""class"": ""java.util.Locale"", ""method"": ""readResolve""}"
182601,reflection,Method.invoke,"{""class"": ""java.util.Locale"", ""method"": ""readObject""}"
182608,reflection,Method.invoke,"{""class"": ""java.util.Locale"", ""method"": ""readResolve""}"
182615,reflection,Method.invoke,"{""class"": ""java.util.Locale"", ""method"": ""readObject""}"
182622,reflection,Method.invoke,"{""class"": ""java.util.Locale"", ""method"": ""readResolve""}"
182628,reflection,Method.invoke,"{""class"": ""java.util.Locale"", ""method"": ""readObject""}"
182634,reflection,Method.invoke,"{""class"": ""java.util.Locale"", ""method"": ""readResolve""}"
182641,reflection,Method.invoke,"{""class"": ""java.util.Locale"", ""method"": ""readObject""}"
182648,reflection,Method.invoke,"{""class"": ""java.util.Locale"", ""method"": ""readResolve""}"
182653,reflection,Method.invoke,"{""class"": ""java.util.Locale"", ""method"": ""readObject""}"
182661,reflection,Method.invoke,"{""class"": ""java.util.Locale"", ""method"": ""readResolve""}"
182668,reflection,Method.invoke,"{""class"": ""java.util.Locale"", ""method"": ""readObject""}"
182675,reflection,Method.invoke,"{""class"": ""java.util.Locale"", ""method"": ""readResolve""}"
182682,reflection,Method.invoke,"{""class"": ""java.util.Locale"", ""method"": ""readObject""}"
182689,reflection,Method.invoke,"{""class"": ""java.util.Locale"", ""method"": ""readResolve""}"
182697,reflection,Method.invoke,"{""class"": ""java.util.Locale"", ""method"": ""readObject""}"
182702,reflection,Method.invoke,"{""class"": ""java.util.Locale"", ""method"": ""readResolve""}"
182711,reflection,Method.invoke,"{""class"": ""java.util.Locale"", ""method"": ""readObject""}"
182716,reflection,Method.invoke,"{""class"": ""java.util.Locale"", ""method"": ""readResolve""}"
182724,reflection,Method.invoke,"{""class"": ""java.util.Locale"", ""method"": ""readObject""}"
182730,reflection,Method.invoke,"{""class"": ""java.util.Locale"", ""method"": ""readResolve""}"
182737,reflection,Method.invoke,"{""class"": ""java.util.Locale"", ""method"": ""readObject""}"
182746,reflection,Method.invoke,"{""class"": ""java.util.Locale"", ""method"": ""readResolve""}"
182753,reflection,Method.invoke,"{""class"": ""java.util.Locale"", ""method"": ""readObject""}"
182759,reflection,Method.invoke,"{""class"": ""java.util.Locale"", ""method"": ""readResolve""}"
182764,reflection,Method.invoke,"{""class"": ""java.util.Locale"", ""method"": ""readObject""}"
182771,reflection,Method.invoke,"{""class"": ""java.util.Locale"", ""method"": ""readResolve""}"
182778,reflection,Method.invoke,"{""class"": ""java.util.Locale"", ""method"": ""readObject""}"
182784,reflection,Method.invoke,"{""class"": ""java.util.Locale"", ""method"": ""readResolve""}"
182791,reflection,Method.invoke,"{""class"": ""java.util.Locale"", ""method"": ""readObject""}"
182796,reflection,Method.invoke,"{""class"": ""java.util.Locale"", ""method"": ""readResolve""}"
182804,reflection,Method.invoke,"{""class"": ""java.util.Locale"", ""method"": ""readObject""}"
182812,reflection,Method.invoke,"{""class"": ""java.util.Locale"", ""method"": ""readResolve""}"
182819,reflection,Method.invoke,"{""class"": ""java.util.Locale"", ""method"": ""readObject""}"
182824,reflection,Method.invoke,"{""class"": ""java.util.Locale"", ""method"": ""readResolve""}"
182832,reflection,Method.invoke,"{""class"": ""java.util.Locale"", ""method"": ""readObject""}"
182839,reflection,Method.invoke,"{""class"": ""java.util.Locale"", ""method"": ""readResolve""}"
182848,reflection,Method.invoke,"{""class"": ""java.util.Locale"", ""method"": ""readObject""}"
182855,reflection,Method.invoke,"{""class"": ""java.util.Locale"", ""method"": ""readResolve""}"
182863,reflection,Method.invoke,"{""class"": ""java.util.Locale"", ""method"": ""readObject""}"
182869,reflection,Method.invoke,"{""class"": ""java.util.Locale"", ""method"": ""readResolve""}"
182877,reflection,Method.invoke,"{""class"": ""java.util.Locale"", ""method"": ""readObject""}"
182884,reflection,Method.invoke,"{""class"": ""java.util.Locale"", ""method"": ""readResolve""}"
182891,reflection,Method.invoke,"{""class"": ""java.util.Locale"", ""method"": ""readObject""}"
182896,reflection,Method.invoke,"{""class"": ""java.util.Locale"", ""method"": ""readResolve""}"
182903,reflection,Method.invoke,"{""class"": ""java.util.Locale"", ""method"": ""readObject""}"
182908,reflection,Method.invoke,"{""class"": ""java.util.Locale"", ""method"": ""readResolve""}"
182915,reflection,Method.invoke,"{""class"": ""java.util.Locale"", ""method"": ""readObject""}"
182922,reflection,Method.invoke,"{""class"": ""java.util.Locale"", ""method"": ""readResolve""}"
182930,reflection,Method.invoke,"{""class"": ""java.util.Locale"", ""method"": ""readObject""}"
182936,reflection,Method.invoke,"{""class"": ""java.util.Locale"", ""method"": ""readResolve""}"
182945,reflection,Method.invoke,"{""class"": ""java.util.Locale"", ""method"": ""readObject""}"
182950,reflection,Method.invoke,"{""class"": ""java.util.Locale"", ""method"": ""readResolve""}"
182957,reflection,Method.invoke,"{""class"": ""java.util.Locale"", ""method"": ""readObject""}"
182964,reflection,Method.invoke,"{""class"": ""java.util.Locale"", ""method"": ""readResolve""}"
182971,reflection,Method.invoke,"{""class"": ""java.util.Locale"", ""method"": ""readObject""}"
182977,reflection,Method.invoke,"{""class"": ""java.util.Locale"", ""method"": ""readResolve""}"
182984,reflection,Method.invoke,"{""class"": ""java.util.Locale"", ""method"": ""readObject""}"
182990,reflection,Method.invoke,"{""class"": ""java.util.Locale"", ""method"": ""readResolve""}"
182996,reflection,Method.invoke,"{""class"": ""java.util.Locale"", ""method"": ""readObject""}"
183004,reflection,Method.invoke,"{""class"": ""java.util.Locale"", ""method"": ""readResolve""}"
183012,reflection,Method.invoke,"{""class"": ""java.util.Locale"", ""method"": ""readObject""}"
183018,reflection,Method.invoke,"{""class"": ""java.util.Locale"", ""method"": ""readResolve""}"
183024,reflection,Method.invoke,"{""class"": ""java.util.Locale"", ""method"": ""readObject""}"
183032,reflection,Method.invoke,"{""class"": ""java.util.Locale"", ""method"": ""readResolve""}"
183043,reflection,Method.invoke,"{""class"": ""java.util.Locale"", ""method"": ""readObject""}"
183052,reflection,Method.invoke,"{""class"": ""java.util.Locale"", ""method"": ""readResolve""}"
183062,reflection,Method.invoke,"{""class"": ""java.util.Locale"", ""method"": ""readObject""}"
183069,reflection,Method.invoke,"{""class"": ""java.util.Locale"", ""method"": ""readResolve""}"
183080,reflection,Method.invoke,"{""class"": ""java.util.Locale"", ""method"": ""readObject""}"
183088,reflection,Method.invoke,"{""class"": ""java.util.Locale"", ""method"": ""readResolve""}"
183094,reflection,Method.invoke,"{""class"": ""java.util.Locale"", ""method"": ""readObject""}"
183101,reflection,Method.invoke,"{""class"": ""java.util.Locale"", ""method"": ""readResolve""}"
183108,reflection,Method.invoke,"{""class"": ""java.util.Locale"", ""method"": ""readObject""}"
183115,reflection,Method.invoke,"{""class"": ""java.util.Locale"", ""method"": ""readResolve""}"
183122,reflection,Method.invoke,"{""class"": ""java.util.Locale"", ""method"": ""readObject""}"
183129,reflection,Method.invoke,"{""class"": ""java.util.Locale"", ""method"": ""readResolve""}"
183135,reflection,Method.invoke,"{""class"": ""java.util.Locale"", ""method"": ""readObject""}"
183140,reflection,Method.invoke,"{""class"": ""java.util.Locale"", ""method"": ""readResolve""}"
183148,reflection,Method.invoke,"{""class"": ""java.util.Locale"", ""method"": ""readObject""}"
183153,reflection,Method.invoke,"{""class"": ""java.util.Locale"", ""method"": ""readResolve""}"
183161,reflection,Method.invoke,"{""class"": ""java.util.Locale"", ""method"": ""readObject""}"
183167,reflection,Method.invoke,"{""class"": ""java.util.Locale"", ""method"": ""readResolve""}"
183175,reflection,Method.invoke,"{""class"": ""java.util.Locale"", ""method"": ""readObject""}"
183181,reflection,Method.invoke,"{""class"": ""java.util.Locale"", ""method"": ""readResolve""}"
183189,reflection,Method.invoke,"{""class"": ""java.util.Locale"", ""method"": ""readObject""}"
183195,reflection,Method.invoke,"{""class"": ""java.util.Locale"", ""method"": ""readResolve""}"
183203,reflection,Method.invoke,"{""class"": ""java.util.Locale"", ""method"": ""readObject""}"
183213,reflection,Method.invoke,"{""class"": ""java.util.Locale"", ""method"": ""readResolve""}"
183219,reflection,Method.invoke,"{""class"": ""java.util.Locale"", ""method"": ""readObject""}"
183227,reflection,Method.invoke,"{""class"": ""java.util.Locale"", ""method"": ""readResolve""}"
183234,reflection,Method.invoke,"{""class"": ""java.util.Locale"", ""method"": ""readObject""}"
183241,reflection,Method.invoke,"{""class"": ""java.util.Locale"", ""method"": ""readResolve""}"
183247,reflection,Method.invoke,"{""class"": ""java.util.Locale"", ""method"": ""readObject""}"
183255,reflection,Method.invoke,"{""class"": ""java.util.Locale"", ""method"": ""readResolve""}"
183261,reflection,Method.invoke,"{""class"": ""java.util.Locale"", ""method"": ""readObject""}"
183267,reflection,Method.invoke,"{""class"": ""java.util.Locale"", ""method"": ""readResolve""}"
183274,reflection,Method.invoke,"{""class"": ""java.util.Locale"", ""method"": ""readObject""}"
183281,reflection,Method.invoke,"{""class"": ""java.util.Locale"", ""method"": ""readResolve""}"
183287,reflection,Method.invoke,"{""class"": ""java.util.Locale"", ""method"": ""readObject""}"
183293,reflection,Method.invoke,"{""class"": ""java.util.Locale"", ""method"": ""readResolve""}"
183301,reflection,Method.invoke,"{""class"": ""java.util.Locale"", ""method"": ""readObject""}"
183307,reflection,Method.invoke,"{""class"": ""java.util.Locale"", ""method"": ""readResolve""}"
183312,reflection,Method.invoke,"{""class"": ""java.util.Locale"", ""method"": ""readObject""}"
183319,reflection,Method.invoke,"{""class"": ""java.util.Locale"", ""method"": ""readResolve""}"
183326,reflection,Method.invoke,"{""class"": ""java.util.Locale"", ""method"": ""readObject""}"
183333,reflection,Method.invoke,"{""class"": ""java.util.Locale"", ""method"": ""readResolve""}"
183339,reflection,Method.invoke,"{""class"": ""java.util.Locale"", ""method"": ""readObject""}"
183346,reflection,Method.invoke,"{""class"": ""java.util.Locale"", ""method"": ""readResolve""}"
183353,reflection,Method.invoke,"{""class"": ""java.util.Locale"", ""method"": ""readObject""}"
183360,reflection,Method.invoke,"{""class"": ""java.util.Locale"", ""method"": ""readResolve""}"
183367,reflection,Method.invoke,"{""class"": ""java.util.Locale"", ""method"": ""readObject""}"
183372,reflection,Method.invoke,"{""class"": ""java.util.Locale"", ""method"": ""readResolve""}"
183379,reflection,Method.invoke,"{""class"": ""java.util.Locale"", ""method"": ""readObject""}"
183386,reflection,Method.invoke,"{""class"": ""java.util.Locale"", ""method"": ""readResolve""}"
183394,reflection,Method.invoke,"{""class"": ""java.util.Locale"", ""method"": ""readObject""}"
183400,reflection,Method.invoke,"{""class"": ""java.util.Locale"", ""method"": ""readResolve""}"
183406,reflection,Method.invoke,"{""class"": ""java.util.Locale"", ""method"": ""readObject""}"
183413,reflection,Method.invoke,"{""class"": ""java.util.Locale"", ""method"": ""readResolve""}"
183419,reflection,Method.invoke,"{""class"": ""java.util.Locale"", ""method"": ""readObject""}"
183426,reflection,Method.invoke,"{""class"": ""java.util.Locale"", ""method"": ""readResolve""}"
183433,reflection,Method.invoke,"{""class"": ""java.util.Locale"", ""method"": ""readObject""}"
183442,reflection,Method.invoke,"{""class"": ""java.util.Locale"", ""method"": ""readResolve""}"
183448,reflection,Method.invoke,"{""class"": ""java.util.Locale"", ""method"": ""readObject""}"
183453,reflection,Method.invoke,"{""class"": ""java.util.Locale"", ""method"": ""readResolve""}"
183462,reflection,Method.invoke,"{""class"": ""java.util.Locale"", ""method"": ""readObject""}"
183469,reflection,Method.invoke,"{""class"": ""java.util.Locale"", ""method"": ""readResolve""}"
183476,reflection,Method.invoke,"{""class"": ""java.util.Locale"", ""method"": ""readObject""}"
183483,reflection,Method.invoke,"{""class"": ""java.util.Locale"", ""method"": ""readResolve""}"
183490,reflection,Method.invoke,"{""class"": ""java.util.Locale"", ""method"": ""readObject""}"
183496,reflection,Method.invoke,"{""class"": ""java.util.Locale"", ""method"": ""readResolve""}"
183502,reflection,Method.invoke,"{""class"": ""java.util.Locale"", ""method"": ""readObject""}"
183510,reflection,Method.invoke,"{""class"": ""java.util.Locale"", ""method"": ""readResolve""}"
183518,reflection,Method.invoke,"{""class"": ""java.util.Locale"", ""method"": ""readObject""}"
183525,reflection,Method.invoke,"{""class"": ""java.util.Locale"", ""method"": ""readResolve""}"
183532,reflection,Method.invoke,"{""class"": ""java.util.Locale"", ""method"": ""readObject""}"
183537,reflection,Method.invoke,"{""class"": ""java.util.Locale"", ""method"": ""readResolve""}"
183545,reflection,Method.invoke,"{""class"": ""java.util.Locale"", ""method"": ""readObject""}"
183554,reflection,Method.invoke,"{""class"": ""java.util.Locale"", ""method"": ""readResolve""}"
183560,reflection,Method.invoke,"{""class"": ""java.util.Locale"", ""method"": ""readObject""}"
183566,reflection,Method.invoke,"{""class"": ""java.util.Locale"", ""method"": ""readResolve""}"
183572,reflection,Method.invoke,"{""class"": ""java.util.Locale"", ""method"": ""readObject""}"
183578,reflection,Method.invoke,"{""class"": ""java.util.Locale"", ""method"": ""readResolve""}"
183588,reflection,Method.invoke,"{""class"": ""java.util.Locale"", ""method"": ""readObject""}"
183594,reflection,Method.invoke,"{""class"": ""java.util.Locale"", ""method"": ""readResolve""}"
183602,reflection,Method.invoke,"{""class"": ""java.util.Locale"", ""method"": ""readObject""}"
183611,reflection,Method.invoke,"{""class"": ""java.util.Locale"", ""method"": ""readResolve""}"
183617,reflection,Method.invoke,"{""class"": ""java.util.Locale"", ""method"": ""readObject""}"
183623,reflection,Method.invoke,"{""class"": ""java.util.Locale"", ""method"": ""readResolve""}"
183631,reflection,Method.invoke,"{""class"": ""java.util.Locale"", ""method"": ""readObject""}"
183637,reflection,Method.invoke,"{""class"": ""java.util.Locale"", ""method"": ""readResolve""}"
183645,reflection,Method.invoke,"{""class"": ""java.util.Locale"", ""method"": ""readObject""}"
183650,reflection,Method.invoke,"{""class"": ""java.util.Locale"", ""method"": ""readResolve""}"
183656,reflection,Method.invoke,"{""class"": ""java.util.Locale"", ""method"": ""readObject""}"
183662,reflection,Method.invoke,"{""class"": ""java.util.Locale"", ""method"": ""readResolve""}"
183671,reflection,Method.invoke,"{""class"": ""java.util.Locale"", ""method"": ""readObject""}"
183677,reflection,Method.invoke,"{""class"": ""java.util.Locale"", ""method"": ""readResolve""}"
183686,reflection,Method.invoke,"{""class"": ""java.util.Locale"", ""method"": ""readObject""}"
183693,reflection,Method.invoke,"{""class"": ""java.util.Locale"", ""method"": ""readResolve""}"
183700,reflection,Method.invoke,"{""class"": ""java.util.Locale"", ""method"": ""readObject""}"
183706,reflection,Method.invoke,"{""class"": ""java.util.Locale"", ""method"": ""readResolve""}"
183715,reflection,Method.invoke,"{""class"": ""java.util.Locale"", ""method"": ""readObject""}"
183720,reflection,Method.invoke,"{""class"": ""java.util.Locale"", ""method"": ""readResolve""}"
183727,reflection,Method.invoke,"{""class"": ""java.util.Locale"", ""method"": ""readObject""}"
183735,reflection,Method.invoke,"{""class"": ""java.util.Locale"", ""method"": ""readResolve""}"
183742,reflection,Method.invoke,"{""class"": ""java.util.Locale"", ""method"": ""readObject""}"
183747,reflection,Method.invoke,"{""class"": ""java.util.Locale"", ""method"": ""readResolve""}"
183758,reflection,Method.invoke,"{""class"": ""java.util.Locale"", ""method"": ""readObject""}"
183765,reflection,Method.invoke,"{""class"": ""java.util.Locale"", ""method"": ""readResolve""}"
183772,reflection,Method.invoke,"{""class"": ""java.util.Locale"", ""method"": ""readObject""}"
183778,reflection,Method.invoke,"{""class"": ""java.util.Locale"", ""method"": ""readResolve""}"
183785,reflection,Method.invoke,"{""class"": ""java.util.Locale"", ""method"": ""readObject""}"
183793,reflection,Method.invoke,"{""class"": ""java.util.Locale"", ""method"": ""readResolve""}"
183800,reflection,Method.invoke,"{""class"": ""java.util.Locale"", ""method"": ""readObject""}"
183807,reflection,Method.invoke,"{""class"": ""java.util.Locale"", ""method"": ""readResolve""}"
183815,reflection,Method.invoke,"{""class"": ""java.util.Locale"", ""method"": ""readObject""}"
183822,reflection,Method.invoke,"{""class"": ""java.util.Locale"", ""method"": ""readResolve""}"
183832,reflection,Method.invoke,"{""class"": ""java.util.Locale"", ""method"": ""readObject""}"
183838,reflection,Method.invoke,"{""class"": ""java.util.Locale"", ""method"": ""readResolve""}"
183847,reflection,Method.invoke,"{""class"": ""java.util.Locale"", ""method"": ""readObject""}"
183854,reflection,Method.invoke,"{""class"": ""java.util.Locale"", ""method"": ""readResolve""}"
183862,reflection,Method.invoke,"{""class"": ""java.util.Locale"", ""method"": ""readObject""}"
183870,reflection,Method.invoke,"{""class"": ""java.util.Locale"", ""method"": ""readResolve""}"
183877,reflection,Method.invoke,"{""class"": ""java.util.Locale"", ""method"": ""readObject""}"
183884,reflection,Method.invoke,"{""class"": ""java.util.Locale"", ""method"": ""readResolve""}"
183891,reflection,Method.invoke,"{""class"": ""java.util.Locale"", ""method"": ""readObject""}"
183898,reflection,Method.invoke,"{""class"": ""java.util.Locale"", ""method"": ""readResolve""}"
183904,reflection,Method.invoke,"{""class"": ""java.util.Locale"", ""method"": ""readObject""}"
183911,reflection,Method.invoke,"{""class"": ""java.util.Locale"", ""method"": ""readResolve""}"
183918,reflection,Method.invoke,"{""class"": ""java.util.Locale"", ""method"": ""readObject""}"
183924,reflection,Method.invoke,"{""class"": ""java.util.Locale"", ""method"": ""readResolve""}"
183933,reflection,Method.invoke,"{""class"": ""java.util.Locale"", ""method"": ""readObject""}"
183939,reflection,Method.invoke,"{""class"": ""java.util.Locale"", ""method"": ""readResolve""}"
183946,reflection,Method.invoke,"{""class"": ""java.util.Locale"", ""method"": ""readObject""}"
183953,reflection,Method.invoke,"{""class"": ""java.util.Locale"", ""method"": ""readResolve""}"
183960,reflection,Method.invoke,"{""class"": ""java.util.Locale"", ""method"": ""readObject""}"
183966,reflection,Method.invoke,"{""class"": ""java.util.Locale"", ""method"": ""readResolve""}"
183972,reflection,Method.invoke,"{""class"": ""java.util.Locale"", ""method"": ""readObject""}"
183979,reflection,Method.invoke,"{""class"": ""java.util.Locale"", ""method"": ""readResolve""}"
183987,reflection,Method.invoke,"{""class"": ""java.util.Locale"", ""method"": ""readObject""}"
183993,reflection,Method.invoke,"{""class"": ""java.util.Locale"", ""method"": ""readResolve""}"
184001,reflection,Method.invoke,"{""class"": ""java.util.Locale"", ""method"": ""readObject""}"
184008,reflection,Method.invoke,"{""class"": ""java.util.Locale"", ""method"": ""readResolve""}"
184014,reflection,Method.invoke,"{""class"": ""java.util.Locale"", ""method"": ""readObject""}"
184021,reflection,Method.invoke,"{""class"": ""java.util.Locale"", ""method"": ""readResolve""}"
184029,reflection,Method.invoke,"{""class"": ""java.util.Locale"", ""method"": ""readObject""}"
184037,reflection,Method.invoke,"{""class"": ""java.util.Locale"", ""method"": ""readResolve""}"
184044,reflection,Method.invoke,"{""class"": ""java.util.Locale"", ""method"": ""readObject""}"
184052,reflection,Method.invoke,"{""class"": ""java.util.Locale"", ""method"": ""readResolve""}"
184063,reflection,Method.invoke,"{""class"": ""java.util.Locale"", ""method"": ""readObject""}"
184070,reflection,Method.invoke,"{""class"": ""java.util.Locale"", ""method"": ""readResolve""}"
184083,reflection,Method.invoke,"{""class"": ""java.util.Locale"", ""method"": ""readObject""}"
184088,reflection,Method.invoke,"{""class"": ""java.util.Locale"", ""method"": ""readResolve""}"
184102,reflection,Method.invoke,"{""class"": ""java.util.Locale"", ""method"": ""readObject""}"
184107,reflection,Method.invoke,"{""class"": ""java.util.Locale"", ""method"": ""readResolve""}"
184115,reflection,Method.invoke,"{""class"": ""java.util.Locale"", ""method"": ""readObject""}"
184124,reflection,Method.invoke,"{""class"": ""java.util.Locale"", ""method"": ""readResolve""}"
184132,reflection,Method.invoke,"{""class"": ""java.util.Locale"", ""method"": ""readObject""}"
184139,reflection,Method.invoke,"{""class"": ""java.util.Locale"", ""method"": ""readResolve""}"
184146,reflection,Method.invoke,"{""class"": ""java.util.Locale"", ""method"": ""readObject""}"
184152,reflection,Method.invoke,"{""class"": ""java.util.Locale"", ""method"": ""readResolve""}"
184160,reflection,Method.invoke,"{""class"": ""java.util.Locale"", ""method"": ""readObject""}"
184166,reflection,Method.invoke,"{""class"": ""java.util.Locale"", ""method"": ""readResolve""}"
184174,reflection,Method.invoke,"{""class"": ""java.util.Locale"", ""method"": ""readObject""}"
184181,reflection,Method.invoke,"{""class"": ""java.util.Locale"", ""method"": ""readResolve""}"
184191,reflection,Method.invoke,"{""class"": ""java.util.Locale"", ""method"": ""readObject""}"
184198,reflection,Method.invoke,"{""class"": ""java.util.Locale"", ""method"": ""readResolve""}"
184206,reflection,Method.invoke,"{""class"": ""java.util.Locale"", ""method"": ""readObject""}"
184215,reflection,Method.invoke,"{""class"": ""java.util.Locale"", ""method"": ""readResolve""}"
184222,reflection,Method.invoke,"{""class"": ""java.util.Locale"", ""method"": ""readObject""}"
184228,reflection,Method.invoke,"{""class"": ""java.util.Locale"", ""method"": ""readResolve""}"
184236,reflection,Method.invoke,"{""class"": ""java.util.Locale"", ""method"": ""readObject""}"
184242,reflection,Method.invoke,"{""class"": ""java.util.Locale"", ""method"": ""readResolve""}"
184250,reflection,Method.invoke,"{""class"": ""java.util.Locale"", ""method"": ""readObject""}"
184257,reflection,Method.invoke,"{""class"": ""java.util.Locale"", ""method"": ""readResolve""}"
184266,reflection,Method.invoke,"{""class"": ""java.util.Locale"", ""method"": ""readObject""}"
184274,reflection,Method.invoke,"{""class"": ""java.util.Locale"", ""method"": ""readResolve""}"
184281,reflection,Method.invoke,"{""class"": ""java.util.Locale"", ""method"": ""readObject""}"
184288,reflection,Method.invoke,"{""class"": ""java.util.Locale"", ""method"": ""readResolve""}"
184297,reflection,Method.invoke,"{""class"": ""java.util.Locale"", ""method"": ""readObject""}"
184302,reflection,Method.invoke,"{""class"": ""java.util.Locale"", ""method"": ""readResolve""}"
184310,reflection,Method.invoke,"{""class"": ""java.util.Locale"", ""method"": ""readObject""}"
184315,reflection,Method.invoke,"{""class"": ""java.util.Locale"", ""method"": ""readResolve""}"
184323,reflection,Method.invoke,"{""class"": ""java.util.Locale"", ""method"": ""readObject""}"
184329,reflection,Method.invoke,"{""class"": ""java.util.Locale"", ""method"": ""readResolve""}"
184335,reflection,Method.invoke,"{""class"": ""java.util.Locale"", ""method"": ""readObject""}"
184343,reflection,Method.invoke,"{""class"": ""java.util.Locale"", ""method"": ""readResolve""}"
184350,reflection,Method.invoke,"{""class"": ""java.util.Locale"", ""method"": ""readObject""}"
184355,reflection,Method.invoke,"{""class"": ""java.util.Locale"", ""method"": ""readResolve""}"
184365,reflection,Method.invoke,"{""class"": ""java.util.Locale"", ""method"": ""readObject""}"
184372,reflection,Method.invoke,"{""class"": ""java.util.Locale"", ""method"": ""readResolve""}"
184380,reflection,Method.invoke,"{""class"": ""java.util.Locale"", ""method"": ""readObject""}"
184386,reflection,Method.invoke,"{""class"": ""java.util.Locale"", ""method"": ""readResolve""}"
184393,reflection,Method.invoke,"{""class"": ""java.util.Locale"", ""method"": ""readObject""}"
184400,reflection,Method.invoke,"{""class"": ""java.util.Locale"", ""method"": ""readResolve""}"
184406,reflection,Method.invoke,"{""class"": ""java.util.Locale"", ""method"": ""readObject""}"
184413,reflection,Method.invoke,"{""class"": ""java.util.Locale"", ""method"": ""readResolve""}"
184421,reflection,Method.invoke,"{""class"": ""java.util.Locale"", ""method"": ""readObject""}"
184429,reflection,Method.invoke,"{""class"": ""java.util.Locale"", ""method"": ""readResolve""}"
184436,reflection,Method.invoke,"{""class"": ""java.util.Locale"", ""method"": ""readObject""}"
184443,reflection,Method.invoke,"{""class"": ""java.util.Locale"", ""method"": ""readResolve""}"
184449,reflection,Method.invoke,"{""class"": ""java.util.Locale"", ""method"": ""readObject""}"
184455,reflection,Method.invoke,"{""class"": ""java.util.Locale"", ""method"": ""readResolve""}"
184461,reflection,Method.invoke,"{""class"": ""java.util.Locale"", ""method"": ""readObject""}"
184469,reflection,Method.invoke,"{""class"": ""java.util.Locale"", ""method"": ""readResolve""}"
184475,reflection,Method.invoke,"{""class"": ""java.util.Locale"", ""method"": ""readObject""}"
184481,reflection,Method.invoke,"{""class"": ""java.util.Locale"", ""method"": ""readResolve""}"
184489,reflection,Method.invoke,"{""class"": ""java.util.Locale"", ""method"": ""readObject""}"
184495,reflection,Method.invoke,"{""class"": ""java.util.Locale"", ""method"": ""readResolve""}"
184502,reflection,Method.invoke,"{""class"": ""java.util.Locale"", ""method"": ""readObject""}"
184509,reflection,Method.invoke,"{""class"": ""java.util.Locale"", ""method"": ""readResolve""}"
184516,reflection,Method.invoke,"{""class"": ""java.util.Locale"", ""method"": ""readObject""}"
184522,reflection,Method.invoke,"{""class"": ""java.util.Locale"", ""method"": ""readResolve""}"
184531,reflection,Method.invoke,"{""class"": ""java.util.Locale"", ""method"": ""readObject""}"
184537,reflection,Method.invoke,"{""class"": ""java.util.Locale"", ""method"": ""readResolve""}"
184544,reflection,Method.invoke,"{""class"": ""java.util.Locale"", ""method"": ""readObject""}"
184551,reflection,Method.invoke,"{""class"": ""java.util.Locale"", ""method"": ""readResolve""}"
184559,reflection,Method.invoke,"{""class"": ""java.util.Locale"", ""method"": ""readObject""}"
184566,reflection,Method.invoke,"{""class"": ""java.util.Locale"", ""method"": ""readResolve""}"
184574,reflection,Method.invoke,"{""class"": ""java.util.Locale"", ""method"": ""readObject""}"
184580,reflection,Method.invoke,"{""class"": ""java.util.Locale"", ""method"": ""readResolve""}"
184588,reflection,Method.invoke,"{""class"": ""java.util.Locale"", ""method"": ""readObject""}"
184595,reflection,Method.invoke,"{""class"": ""java.util.Locale"", ""method"": ""readResolve""}"
184605,reflection,Method.invoke,"{""class"": ""java.util.Locale"", ""method"": ""readObject""}"
184611,reflection,Method.invoke,"{""class"": ""java.util.Locale"", ""method"": ""readResolve""}"
184619,reflection,Method.invoke,"{""class"": ""java.util.Locale"", ""method"": ""readObject""}"
184626,reflection,Method.invoke,"{""class"": ""java.util.Locale"", ""method"": ""readResolve""}"
184633,reflection,Method.invoke,"{""class"": ""java.util.Locale"", ""method"": ""readObject""}"
184640,reflection,Method.invoke,"{""class"": ""java.util.Locale"", ""method"": ""readResolve""}"
184647,reflection,Method.invoke,"{""class"": ""java.util.Locale"", ""method"": ""readObject""}"
184654,reflection,Method.invoke,"{""class"": ""java.util.Locale"", ""method"": ""readResolve""}"
184660,reflection,Method.invoke,"{""class"": ""java.util.Locale"", ""method"": ""readObject""}"
184667,reflection,Method.invoke,"{""class"": ""java.util.Locale"", ""method"": ""readResolve""}"
184675,reflection,Method.invoke,"{""class"": ""java.util.Locale"", ""method"": ""readObject""}"
184682,reflection,Method.invoke,"{""class"": ""java.util.Locale"", ""method"": ""readResolve""}"
184689,reflection,Method.invoke,"{""class"": ""java.util.Locale"", ""method"": ""readObject""}"
184694,reflection,Method.invoke,"{""class"": ""java.util.Locale"", ""method"": ""readResolve""}"
184702,reflection,Method.invoke,"{""class"": ""java.util.Locale"", ""method"": ""readObject""}"
184708,reflection,Method.invoke,"{""class"": ""java.util.Locale"", ""method"": ""readResolve""}"
184715,reflection,Method.invoke,"{""class"": ""java.util.Locale"", ""method"": ""readObject""}"
184723,reflection,Method.invoke,"{""class"": ""java.util.Locale"", ""method"": ""readResolve""}"
184731,reflection,Method.invoke,"{""class"": ""java.util.Locale"", ""method"": ""readObject""}"
184738,reflection,Method.invoke,"{""class"": ""java.util.Locale"", ""method"": ""readResolve""}"
184745,reflection,Method.invoke,"{""class"": ""java.util.Locale"", ""method"": ""readObject""}"
184751,reflection,Method.invoke,"{""class"": ""java.util.Locale"", ""method"": ""readResolve""}"
184758,reflection,Method.invoke,"{""class"": ""java.util.Locale"", ""method"": ""readObject""}"
184764,reflection,Method.invoke,"{""class"": ""java.util.Locale"", ""method"": ""readResolve""}"
184772,reflection,Method.invoke,"{""class"": ""java.util.Locale"", ""method"": ""readObject""}"
184778,reflection,Method.invoke,"{""class"": ""java.util.Locale"", ""method"": ""readResolve""}"
184788,reflection,Method.invoke,"{""class"": ""java.util.Locale"", ""method"": ""readObject""}"
184795,reflection,Method.invoke,"{""class"": ""java.util.Locale"", ""method"": ""readResolve""}"
184801,reflection,Method.invoke,"{""class"": ""java.util.Locale"", ""method"": ""readObject""}"
184808,reflection,Method.invoke,"{""class"": ""java.util.Locale"", ""method"": ""readResolve""}"
184815,reflection,Method.invoke,"{""class"": ""java.util.Locale"", ""method"": ""readObject""}"
184822,reflection,Method.invoke,"{""class"": ""java.util.Locale"", ""method"": ""readResolve""}"
184830,reflection,Method.invoke,"{""class"": ""java.util.Locale"", ""method"": ""readObject""}"
184836,reflection,Method.invoke,"{""class"": ""java.util.Locale"", ""method"": ""readResolve""}"
184843,reflection,Method.invoke,"{""class"": ""java.util.Locale"", ""method"": ""readObject""}"
184852,reflection,Method.invoke,"{""class"": ""java.util.Locale"", ""method"": ""readResolve""}"
184858,reflection,Method.invoke,"{""class"": ""java.util.Locale"", ""method"": ""readObject""}"
184865,reflection,Method.invoke,"{""class"": ""java.util.Locale"", ""method"": ""readResolve""}"
184871,reflection,Method.invoke,"{""class"": ""java.util.Locale"", ""method"": ""readObject""}"
184877,reflection,Method.invoke,"{""class"": ""java.util.Locale"", ""method"": ""readResolve""}"
184884,reflection,Method.invoke,"{""class"": ""java.util.Locale"", ""method"": ""readObject""}"
184890,reflection,Method.invoke,"{""class"": ""java.util.Locale"", ""method"": ""readResolve""}"
184898,reflection,Method.invoke,"{""class"": ""java.util.Locale"", ""method"": ""readObject""}"
184904,reflection,Method.invoke,"{""class"": ""java.util.Locale"", ""method"": ""readResolve""}"
184913,reflection,Method.invoke,"{""class"": ""java.util.Locale"", ""method"": ""readObject""}"
184918,reflection,Method.invoke,"{""class"": ""java.util.Locale"", ""method"": ""readResolve""}"
184925,reflection,Method.invoke,"{""class"": ""java.util.Locale"", ""method"": ""readObject""}"
184931,reflection,Method.invoke,"{""class"": ""java.util.Locale"", ""method"": ""readResolve""}"
184937,reflection,Method.invoke,"{""class"": ""java.util.Locale"", ""method"": ""readObject""}"
184943,reflection,Method.invoke,"{""class"": ""java.util.Locale"", ""method"": ""readResolve""}"
184951,reflection,Method.invoke,"{""class"": ""java.util.Locale"", ""method"": ""readObject""}"
184958,reflection,Method.invoke,"{""class"": ""java.util.Locale"", ""method"": ""readResolve""}"
184965,reflection,Method.invoke,"{""class"": ""java.util.Locale"", ""method"": ""readObject""}"
184973,reflection,Method.invoke,"{""class"": ""java.util.Locale"", ""method"": ""readResolve""}"
184979,reflection,Method.invoke,"{""class"": ""java.util.Locale"", ""method"": ""readObject""}"
184985,reflection,Method.invoke,"{""class"": ""java.util.Locale"", ""method"": ""readResolve""}"
184993,reflection,Method.invoke,"{""class"": ""java.util.Locale"", ""method"": ""readObject""}"
184999,reflection,Method.invoke,"{""class"": ""java.util.Locale"", ""method"": ""readResolve""}"
185006,reflection,Method.invoke,"{""class"": ""java.util.Locale"", ""method"": ""readObject""}"
185012,reflection,Method.invoke,"{""class"": ""java.util.Locale"", ""method"": ""readResolve""}"
185021,reflection,Method.invoke,"{""class"": ""java.util.Locale"", ""method"": ""readObject""}"
185028,reflection,Method.invoke,"{""class"": ""java.util.Locale"", ""method"": ""readResolve""}"
185035,reflection,Method.invoke,"{""class"": ""java.util.Locale"", ""method"": ""readObject""}"
185043,reflection,Method.invoke,"{""class"": ""java.util.Locale"", ""method"": ""readResolve""}"
185048,reflection,Method.invoke,"{""class"": ""java.util.Locale"", ""method"": ""readObject""}"
185055,reflection,Method.invoke,"{""class"": ""java.util.Locale"", ""method"": ""readResolve""}"
185062,reflection,Method.invoke,"{""class"": ""java.util.Locale"", ""method"": ""readObject""}"
185069,reflection,Method.invoke,"{""class"": ""java.util.Locale"", ""method"": ""readResolve""}"
185076,reflection,Method.invoke,"{""class"": ""java.util.Locale"", ""method"": ""readObject""}"
185082,reflection,Method.invoke,"{""class"": ""java.util.Locale"", ""method"": ""readResolve""}"
185088,reflection,Method.invoke,"{""class"": ""java.util.Locale"", ""method"": ""readObject""}"
185095,reflection,Method.invoke,"{""class"": ""java.util.Locale"", ""method"": ""readResolve""}"
185103,reflection,Method.invoke,"{""class"": ""java.util.Locale"", ""method"": ""readObject""}"
185109,reflection,Method.invoke,"{""class"": ""java.util.Locale"", ""method"": ""readResolve""}"
185116,reflection,Method.invoke,"{""class"": ""java.util.Locale"", ""method"": ""readObject""}"
185121,reflection,Method.invoke,"{""class"": ""java.util.Locale"", ""method"": ""readResolve""}"
185129,reflection,Method.invoke,"{""class"": ""java.util.Locale"", ""method"": ""readObject""}"
185136,reflection,Method.invoke,"{""class"": ""java.util.Locale"", ""method"": ""readResolve""}"
185142,reflection,Method.invoke,"{""class"": ""java.util.Locale"", ""method"": ""readObject""}"
185150,reflection,Method.invoke,"{""class"": ""java.util.Locale"", ""method"": ""readResolve""}"
185155,reflection,Method.invoke,"{""class"": ""java.util.Locale"", ""method"": ""readObject""}"
185162,reflection,Method.invoke,"{""class"": ""java.util.Locale"", ""method"": ""readResolve""}"
185168,reflection,Method.invoke,"{""class"": ""java.util.Locale"", ""method"": ""readObject""}"
185176,reflection,Method.invoke,"{""class"": ""java.util.Locale"", ""method"": ""readResolve""}"
185182,reflection,Method.invoke,"{""class"": ""java.util.Locale"", ""method"": ""readObject""}"
185188,reflection,Method.invoke,"{""class"": ""java.util.Locale"", ""method"": ""readResolve""}"
185195,reflection,Method.invoke,"{""class"": ""java.util.Locale"", ""method"": ""readObject""}"
185203,reflection,Method.invoke,"{""class"": ""java.util.Locale"", ""method"": ""readResolve""}"
185209,reflection,Method.invoke,"{""class"": ""java.util.Locale"", ""method"": ""readObject""}"
185217,reflection,Method.invoke,"{""class"": ""java.util.Locale"", ""method"": ""readResolve""}"
185226,reflection,Method.invoke,"{""class"": ""java.util.Locale"", ""method"": ""readObject""}"
185232,reflection,Method.invoke,"{""class"": ""java.util.Locale"", ""method"": ""readResolve""}"
185242,reflection,Method.invoke,"{""class"": ""java.util.Locale"", ""method"": ""readObject""}"
185248,reflection,Method.invoke,"{""class"": ""java.util.Locale"", ""method"": ""readResolve""}"
185257,reflection,Method.invoke,"{""class"": ""java.util.Locale"", ""method"": ""readObject""}"
185264,reflection,Method.invoke,"{""class"": ""java.util.Locale"", ""method"": ""readResolve""}"
185274,reflection,Method.invoke,"{""class"": ""java.util.Locale"", ""method"": ""readObject""}"
185279,reflection,Method.invoke,"{""class"": ""java.util.Locale"", ""method"": ""readResolve""}"
185287,reflection,Method.invoke,"{""class"": ""java.util.Locale"", ""method"": ""readObject""}"
185293,reflection,Method.invoke,"{""class"": ""java.util.Locale"", ""method"": ""readResolve""}"
185302,reflection,Method.invoke,"{""class"": ""java.util.Locale"", ""method"": ""readObject""}"
185310,reflection,Method.invoke,"{""class"": ""java.util.Locale"", ""method"": ""readResolve""}"
185317,reflection,Method.invoke,"{""class"": ""java.util.Locale"", ""method"": ""readObject""}"
185321,reflection,Method.invoke,"{""class"": ""java.util.Locale"", ""method"": ""readResolve""}"
185329,reflection,Method.invoke,"{""class"": ""java.util.Locale"", ""method"": ""readObject""}"
185335,reflection,Method.invoke,"{""class"": ""java.util.Locale"", ""method"": ""readResolve""}"
185343,reflection,Method.invoke,"{""class"": ""java.util.Locale"", ""method"": ""readObject""}"
185349,reflection,Method.invoke,"{""class"": ""java.util.Locale"", ""method"": ""readResolve""}"
185356,reflection,Method.invoke,"{""class"": ""java.util.Locale"", ""method"": ""readObject""}"
185364,reflection,Method.invoke,"{""class"": ""java.util.Locale"", ""method"": ""readResolve""}"
185370,reflection,Method.invoke,"{""class"": ""java.util.Locale"", ""method"": ""readObject""}"
185377,reflection,Method.invoke,"{""class"": ""java.util.Locale"", ""method"": ""readResolve""}"
185383,reflection,Method.invoke,"{""class"": ""java.util.Locale"", ""method"": ""readObject""}"
185390,reflection,Method.invoke,"{""class"": ""java.util.Locale"", ""method"": ""readResolve""}"
185397,reflection,Method.invoke,"{""class"": ""java.util.Locale"", ""method"": ""readObject""}"
185405,reflection,Method.invoke,"{""class"": ""java.util.Locale"", ""method"": ""readResolve""}"
185411,reflection,Method.invoke,"{""class"": ""java.util.Locale"", ""method"": ""readObject""}"
185417,reflection,Method.invoke,"{""class"": ""java.util.Locale"", ""method"": ""readResolve""}"
185425,reflection,Method.invoke,"{""class"": ""java.util.Locale"", ""method"": ""readObject""}"
185430,reflection,Method.invoke,"{""class"": ""java.util.Locale"", ""method"": ""readResolve""}"
185438,reflection,Method.invoke,"{""class"": ""java.util.Locale"", ""method"": ""readObject""}"
185444,reflection,Method.invoke,"{""class"": ""java.util.Locale"", ""method"": ""readResolve""}"
185449,reflection,Method.invoke,"{""class"": ""java.util.Locale"", ""method"": ""readObject""}"
185456,reflection,Method.invoke,"{""class"": ""java.util.Locale"", ""method"": ""readResolve""}"
185464,reflection,Method.invoke,"{""class"": ""java.util.Locale"", ""method"": ""readObject""}"
185471,reflection,Method.invoke,"{""class"": ""java.util.Locale"", ""method"": ""readResolve""}"
185480,reflection,Method.invoke,"{""class"": ""java.util.Locale"", ""method"": ""readObject""}"
185486,reflection,Method.invoke,"{""class"": ""java.util.Locale"", ""method"": ""readResolve""}"
185493,reflection,Method.invoke,"{""class"": ""java.util.Locale"", ""method"": ""readObject""}"
185500,reflection,Method.invoke,"{""class"": ""java.util.Locale"", ""method"": ""readResolve""}"
185506,reflection,Method.invoke,"{""class"": ""java.util.Locale"", ""method"": ""readObject""}"
185512,reflection,Method.invoke,"{""class"": ""java.util.Locale"", ""method"": ""readResolve""}"
185519,reflection,Method.invoke,"{""class"": ""java.util.Locale"", ""method"": ""readObject""}"
185526,reflection,Method.invoke,"{""class"": ""java.util.Locale"", ""method"": ""readResolve""}"
185534,reflection,Method.invoke,"{""class"": ""java.util.Locale"", ""method"": ""readObject""}"
185541,reflection,Method.invoke,"{""class"": ""java.util.Locale"", ""method"": ""readResolve""}"
185546,reflection,Method.invoke,"{""class"": ""java.util.Locale"", ""method"": ""readObject""}"
185554,reflection,Method.invoke,"{""class"": ""java.util.Locale"", ""method"": ""readResolve""}"
185562,reflection,Method.invoke,"{""class"": ""java.util.Locale"", ""method"": ""readObject""}"
185569,reflection,Method.invoke,"{""class"": ""java.util.Locale"", ""method"": ""readResolve""}"
185578,reflection,Method.invoke,"{""class"": ""java.util.Locale"", ""method"": ""readObject""}"
185584,reflection,Method.invoke,"{""class"": ""java.util.Locale"", ""method"": ""readResolve""}"
185593,reflection,Method.invoke,"{""class"": ""java.util.Locale"", ""method"": ""readObject""}"
185599,reflection,Method.invoke,"{""class"": ""java.util.Locale"", ""method"": ""readResolve""}"
185606,reflection,Method.invoke,"{""class"": ""java.util.Locale"", ""method"": ""readObject""}"
185613,reflection,Method.invoke,"{""class"": ""java.util.Locale"", ""method"": ""readResolve""}"
185621,reflection,Method.invoke,"{""class"": ""java.util.Locale"", ""method"": ""readObject""}"
185626,reflection,Method.invoke,"{""class"": ""java.util.Locale"", ""method"": ""readResolve""}"
185633,reflection,Method.invoke,"{""class"": ""java.util.Locale"", ""method"": ""readObject""}"
185640,reflection,Method.invoke,"{""class"": ""java.util.Locale"", ""method"": ""readResolve""}"
185647,reflection,Method.invoke,"{""class"": ""java.util.Locale"", ""method"": ""readObject""}"
185653,reflection,Method.invoke,"{""class"": ""java.util.Locale"", ""method"": ""readResolve""}"
185660,reflection,Method.invoke,"{""class"": ""java.util.Locale"", ""method"": ""readObject""}"
185665,reflection,Method.invoke,"{""class"": ""java.util.Locale"", ""method"": ""readResolve""}"
185673,reflection,Method.invoke,"{""class"": ""java.util.Locale"", ""method"": ""readObject""}"
185680,reflection,Method.invoke,"{""class"": ""java.util.Locale"", ""method"": ""readResolve""}"
185688,reflection,Method.invoke,"{""class"": ""java.util.Locale"", ""method"": ""readObject""}"
185693,reflection,Method.invoke,"{""class"": ""java.util.Locale"", ""method"": ""readResolve""}"
185701,reflection,Method.invoke,"{""class"": ""java.util.Locale"", ""method"": ""readObject""}"
185708,reflection,Method.invoke,"{""class"": ""java.util.Locale"", ""method"": ""readResolve""}"
185715,reflection,Method.invoke,"{""class"": ""java.util.Locale"", ""method"": ""readObject""}"
185720,reflection,Method.invoke,"{""class"": ""java.util.Locale"", ""method"": ""readResolve""}"
185727,reflection,Method.invoke,"{""class"": ""java.util.Locale"", ""method"": ""readObject""}"
185733,reflection,Method.invoke,"{""class"": ""java.util.Locale"", ""method"": ""readResolve""}"
185739,reflection,Method.invoke,"{""class"": ""java.util.Locale"", ""method"": ""readObject""}"
185746,reflection,Method.invoke,"{""class"": ""java.util.Locale"", ""method"": ""readResolve""}"
185755,reflection,Method.invoke,"{""class"": ""java.util.Locale"", ""method"": ""readObject""}"
185761,reflection,Method.invoke,"{""class"": ""java.util.Locale"", ""method"": ""readResolve""}"
185767,reflection,Method.invoke,"{""class"": ""java.util.Locale"", ""method"": ""readObject""}"
185775,reflection,Method.invoke,"{""class"": ""java.util.Locale"", ""method"": ""readResolve""}"
185781,reflection,Method.invoke,"{""class"": ""java.util.Locale"", ""method"": ""readObject""}"
185787,reflection,Method.invoke,"{""class"": ""java.util.Locale"", ""method"": ""readResolve""}"
185794,reflection,Method.invoke,"{""class"": ""java.util.Locale"", ""method"": ""readObject""}"
185801,reflection,Method.invoke,"{""class"": ""java.util.Locale"", ""method"": ""readResolve""}"
185807,reflection,Method.invoke,"{""class"": ""java.util.Locale"", ""method"": ""readObject""}"
185814,reflection,Method.invoke,"{""class"": ""java.util.Locale"", ""method"": ""readResolve""}"
185820,reflection,Method.invoke,"{""class"": ""java.util.Locale"", ""method"": ""readObject""}"
185826,reflection,Method.invoke,"{""class"": ""java.util.Locale"", ""method"": ""readResolve""}"
185834,reflection,Method.invoke,"{""class"": ""java.util.Locale"", ""method"": ""readObject""}"
185841,reflection,Method.invoke,"{""class"": ""java.util.Locale"", ""method"": ""readResolve""}"
185850,reflection,Method.invoke,"{""class"": ""java.util.Locale"", ""method"": ""readObject""}"
185855,reflection,Method.invoke,"{""class"": ""java.util.Locale"", ""method"": ""readResolve""}"
185862,reflection,Method.invoke,"{""class"": ""java.util.Locale"", ""method"": ""readObject""}"
185868,reflection,Method.invoke,"{""class"": ""java.util.Locale"", ""method"": ""readResolve""}"
185875,reflection,Method.invoke,"{""class"": ""java.util.Locale"", ""method"": ""readObject""}"
185883,reflection,Method.invoke,"{""class"": ""java.util.Locale"", ""method"": ""readResolve""}"
185888,reflection,Method.invoke,"{""class"": ""java.util.Locale"", ""method"": ""readObject""}"
185896,reflection,Method.invoke,"{""class"": ""java.util.Locale"", ""method"": ""readResolve""}"
185903,reflection,Method.invoke,"{""class"": ""java.util.Locale"", ""method"": ""readObject""}"
185910,reflection,Method.invoke,"{""class"": ""java.util.Locale"", ""method"": ""readResolve""}"
209715,reflection,Method.invoke,"{""class"": ""android.view.View"", ""method"": ""getElevation""}"
209735,reflection,Method.invoke,"{""class"": ""org.fossasia.susi.ai.chat.ChatActivity"", ""method"": ""openSettings""}"
209782,reflection,Method.invoke,"{""class"": ""android.view.View"", ""method"": ""getElevation""}"
209838,reflection,Method.invoke,"{""class"": ""android.view.ViewGroup"", ""method"": ""makeOptionalFitsSystemWindows""}"
209853,storage,SharedPreferences.getString,"{""key"": ""prefLanguage""}"
209868,network,okhttp3.RealCall.enqueue,"{""method"": ""GET"", ""url"": ""https://api.susi.ai/cms/getSkillMetricsData.json?model=general&language=en""}"
209876,reflection,Method.invoke,"{""class"": ""dalvik.system.CloseGuard"", ""method"": ""get""}"
209886,reflection,Method.invoke,"{""class"": ""dalvik.system.CloseGuard"", ""method"": ""open""}"
209901,network,Socket.connect,"{""endpoint"": ""api.susi.ai/167.235.1.187:443""}"
209947,reflection,Method.invoke,"{""class"": ""com.android.org.conscrypt.ConscryptFileDescriptorSocket"", ""method"": ""setUseSessionTickets""}"
209947,reflection,Method.invoke,"{""class"": ""com.android.org.conscrypt.ConscryptFileDescriptorSocket"", ""method"": ""setHostname""}"
209947,reflection,Method.invoke,"{""class"": ""com.android.org.conscrypt.OpenSSLSocketImpl"", ""method"": ""setAlpnProtocols""}"
209990,crypto,MessageDigest.getInstance,"{""algorithm"": ""MD5""}"
209991,crypto,MessageDigest.digest,{}
209991,crypto,MessageDigest.getInstance,"{""algorithm"": ""SHA1""}"
209991,crypto,MessageDigest.digest,{}
209991,crypto,MessageDigest.getInstance,"{""algorithm"": ""MD5""}"
209991,crypto,MessageDigest.digest,{}
209991,crypto,MessageDigest.getInstance,"{""algorithm"": ""SHA1""}"
209992,crypto,MessageDigest.digest,{}
209992,crypto,MessageDigest.getInstance,"{""algorithm"": ""MD5""}"
209992,crypto,MessageDigest.digest,{}
209992,crypto,MessageDigest.getInstance,"{""algorithm"": ""SHA1""}"
209992,crypto,MessageDigest.digest,{}
209992,crypto,MessageDigest.getInstance,"{""algorithm"": ""MD5""}"
209992,crypto,MessageDigest.digest,{}
209993,crypto,MessageDigest.getInstance,"{""algorithm"": ""SHA1""}"
209993,crypto,MessageDigest.digest,{}
209993,crypto,MessageDigest.getInstance,"{""algorithm"": ""SHA1""}"
209993,crypto,MessageDigest.digest,{}
209993,crypto,MessageDigest.getInstance,"{""algorithm"": ""SHA1""}"
209995,crypto,MessageDigest.digest,{}
209996,crypto,MessageDigest.getInstance,"{""algorithm"": ""SHA1""}"
209997,crypto,MessageDigest.digest,{}
209997,crypto,MessageDigest.getInstance,"{""algorithm"": ""SHA1""}"
209998,crypto,MessageDigest.digest,{}
209999,crypto,MessageDigest.getInstance,"{""algorithm"": ""SHA1""}"
210000,crypto,MessageDigest.digest,{}
210000,crypto,MessageDigest.getInstance,"{""algorithm"": ""SHA1""}"
210002,crypto,MessageDigest.digest,{}
210005,crypto,MessageDigest.getInstance,"{""algorithm"": ""SHA-256""}"
210005,crypto,MessageDigest.digest,{}
255288,lifecycle,hook_loaded,"{""stage"": ""java_perform"", ""version"": ""3""}"
266460,ipc_intents,Context.bindService,"{""action"": ""android.speech.RecognitionService"", ""flags"": 1, ""target"": ""com.google.android.googlequicksearchbox/com.google.android.voicesearch.serviceapi.GoogleRecognitionService""}"
289959,reflection,Method.invoke,"{""class"": ""android.view.View"", ""method"": ""getElevation""}"
289974,reflection,Method.invoke,"{""class"": ""org.fossasia.susi.ai.chat.ChatActivity"", ""method"": ""openSettings""}"
289986,reflection,Method.invoke,"{""class"": ""android.view.ViewGroup"", ""method"": ""makeOptionalFitsSystemWindows""}"
289994,storage,SharedPreferences.getString,"{""key"": ""prefLanguage""}"
289995,storage,SharedPreferences.getString,"{""key"": ""preferences_running_base_url""}"
290000,network,okhttp3.RealCall.enqueue,"{""method"": ""GET"", ""url"": ""https://api.susi.ai/cms/getSkillMetricsData.json?model=general&language=en""}"
290000,reflection,Method.invoke,"{""class"": ""dalvik.system.CloseGuard"", ""method"": ""get""}"
290002,reflection,Method.invoke,"{""class"": ""dalvik.system.CloseGuard"", ""method"": ""open""}"
290014,reflection,Method.invoke,"{""class"": ""android.view.View"", ""method"": ""getElevation""}"
290032,network,Socket.connect,"{""endpoint"": ""api.susi.ai/167.235.1.187:443""}"
290087,reflection,Method.invoke,"{""class"": ""com.android.org.conscrypt.ConscryptFileDescriptorSocket"", ""method"": ""setUseSessionTickets""}"
290095,reflection,Method.invoke,"{""class"": ""com.android.org.conscrypt.ConscryptFileDescriptorSocket"", ""method"": ""setHostname""}"
290102,reflection,Method.invoke,"{""class"": ""com.android.org.conscrypt.OpenSSLSocketImpl"", ""method"": ""setAlpnProtocols""}"
290164,crypto,MessageDigest.getInstance,"{""algorithm"": ""SHA-256""}"
290174,crypto,MessageDigest.digest,{}
290180,crypto,MessageDigest.getInstance,"{""algorithm"": ""SHA-256""}"
290184,crypto,MessageDigest.digest,{}
290188,crypto,MessageDigest.getInstance,"{""algorithm"": ""SHA-256""}"
290194,crypto,MessageDigest.digest,{}
290200,crypto,MessageDigest.getInstance,"{""algorithm"": ""SHA-256""}"
290206,crypto,MessageDigest.digest,{}
290213,crypto,MessageDigest.getInstance,"{""algorithm"": ""SHA-256""}"
290216,crypto,MessageDigest.digest,{}
290219,crypto,MessageDigest.getInstance,"{""algorithm"": ""SHA-256""}"
290222,crypto,MessageDigest.digest,{}
290230,crypto,MessageDigest.getInstance,"{""algorithm"": ""SHA-256""}"
290233,crypto,MessageDigest.digest,{}
290238,crypto,MessageDigest.getInstance,"{""algorithm"": ""SHA-256""}"
290243,crypto,MessageDigest.digest,{}
290249,crypto,MessageDigest.getInstance,"{""algorithm"": ""MD5""}"
290255,crypto,MessageDigest.digest,{}
290262,crypto,MessageDigest.getInstance,"{""algorithm"": ""SHA1""}"
290265,crypto,MessageDigest.digest,{}
290268,crypto,MessageDigest.getInstance,"{""algorithm"": ""MD5""}"
290273,crypto,MessageDigest.digest,{}
290280,crypto,MessageDigest.getInstance,"{""algorithm"": ""SHA1""}"
290284,crypto,MessageDigest.digest,{}
290287,crypto,MessageDigest.getInstance,"{""algorithm"": ""MD5""}"
290295,crypto,MessageDigest.digest,{}
290302,crypto,MessageDigest.getInstance,"{""algorithm"": ""SHA1""}"
290305,crypto,MessageDigest.digest,{}
290313,crypto,MessageDigest.getInstance,"{""algorithm"": ""MD5""}"
290315,crypto,MessageDigest.digest,{}
290321,crypto,MessageDigest.getInstance,"{""algorithm"": ""SHA1""}"
290328,crypto,MessageDigest.digest,{}
290332,crypto,MessageDigest.getInstance,"{""algorithm"": ""MD5""}"
290335,crypto,MessageDigest.digest,{}
290345,crypto,MessageDigest.getInstance,"{""algorithm"": ""SHA1""}"
290348,crypto,MessageDigest.digest,{}
290352,crypto,MessageDigest.getInstance,"{""algorithm"": ""SHA1""}"
290354,crypto,MessageDigest.digest,{}
290363,crypto,MessageDigest.getInstance,"{""algorithm"": ""SHA1""}"
290369,crypto,MessageDigest.digest,{}
290379,crypto,MessageDigest.getInstance,"{""algorithm"": ""SHA1""}"
290383,crypto,MessageDigest.digest,{}
290387,crypto,MessageDigest.getInstance,"{""algorithm"": ""SHA1""}"
290392,crypto,MessageDigest.digest,{}
290397,crypto,MessageDigest.getInstance,"{""algorithm"": ""SHA1""}"
290400,crypto,MessageDigest.digest,{}
290410,crypto,MessageDigest.getInstance,"{""algorithm"": ""SHA-256""}"
290417,crypto,MessageDigest.digest,{}
335526,lifecycle,hook_loaded,"{""stage"": ""java_perform"", ""version"": ""3""}"
353109,reflection,Method.invoke,"{""class"": ""android.view.View"", ""method"": ""getElevation""}"
353132,reflection,Method.invoke,"{""class"": ""org.fossasia.susi.ai.chat.ChatActivity"", ""method"": ""openSettings""}"
353188,reflection,Method.invoke,"{""class"": ""android.view.View"", ""method"": ""getElevation""}"
353236,reflection,Method.invoke,"{""class"": ""android.view.ViewGroup"", ""method"": ""makeOptionalFitsSystemWindows""}"
353287,storage,SharedPreferences.getString,"{""key"": ""prefLanguage""}"
353297,storage,SharedPreferences.getString,"{""key"": ""preferences_running_base_url""}"
353347,network,okhttp3.RealCall.enqueue,"{""method"": ""GET"", ""url"": ""https://api.susi.ai/cms/getSkillMetricsData.json?model=general&language=en""}"
353354,reflection,Method.invoke,"{""class"": ""dalvik.system.CloseGuard"", ""method"": ""get""}"
353363,reflection,Method.invoke,"{""class"": ""dalvik.system.CloseGuard"", ""method"": ""open""}"
353384,network,Socket.connect,"{""endpoint"": ""api.susi.ai/167.235.1.187:443""}"
353447,reflection,Method.invoke,"{""class"": ""com.android.org.conscrypt.ConscryptFileDescriptorSocket"", ""method"": ""setUseSessionTickets""}"
353455,reflection,Method.invoke,"{""class"": ""com.android.org.conscrypt.ConscryptFileDescriptorSocket"", ""method"": ""setHostname""}"
353464,reflection,Method.invoke,"{""class"": ""com.android.org.conscrypt.OpenSSLSocketImpl"", ""method"": ""setAlpnProtocols""}"
353527,crypto,MessageDigest.getInstance,"{""algorithm"": ""SHA-256""}"
353534,crypto,MessageDigest.digest,{}
353547,crypto,MessageDigest.getInstance,"{""algorithm"": ""SHA-256""}"
353551,crypto,MessageDigest.digest,{}
353564,crypto,MessageDigest.getInstance,"{""algorithm"": ""SHA-256""}"
353567,crypto,MessageDigest.digest,{}
353580,crypto,MessageDigest.getInstance,"{""algorithm"": ""SHA-256""}"
353583,crypto,MessageDigest.digest,{}
353588,crypto,MessageDigest.getInstance,"{""algorithm"": ""SHA-256""}"
353595,crypto,MessageDigest.digest,{}
353606,crypto,MessageDigest.getInstance,"{""algorithm"": ""SHA-256""}"
353617,crypto,MessageDigest.digest,{}
353630,crypto,MessageDigest.getInstance,"{""algorithm"": ""SHA-256""}"
353636,crypto,MessageDigest.digest,{}
353649,crypto,MessageDigest.getInstance,"{""algorithm"": ""SHA-256""}"
353655,crypto,MessageDigest.digest,{}
353665,crypto,MessageDigest.getInstance,"{""algorithm"": ""MD5""}"
353669,crypto,MessageDigest.digest,{}
353676,crypto,MessageDigest.getInstance,"{""algorithm"": ""SHA1""}"
353682,crypto,MessageDigest.digest,{}
353687,crypto,MessageDigest.getInstance,"{""algorithm"": ""MD5""}"
353703,crypto,MessageDigest.digest,{}
353718,crypto,MessageDigest.getInstance,"{""algorithm"": ""SHA1""}"
353721,crypto,MessageDigest.digest,{}
353732,crypto,MessageDigest.getInstance,"{""algorithm"": ""MD5""}"
353735,crypto,MessageDigest.digest,{}
353744,crypto,MessageDigest.getInstance,"{""algorithm"": ""SHA1""}"
353751,crypto,MessageDigest.digest,{}
353758,crypto,MessageDigest.getInstance,"{""algorithm"": ""MD5""}"
353763,crypto,MessageDigest.digest,{}
353771,crypto,MessageDigest.getInstance,"{""algorithm"": ""SHA1""}"
353787,crypto,MessageDigest.digest,{}
353797,crypto,MessageDigest.getInstance,"{""algorithm"": ""MD5""}"
353837,crypto,MessageDigest.digest,{}
353870,crypto,MessageDigest.getInstance,"{""algorithm"": ""SHA1""}"
353879,crypto,MessageDigest.digest,{}
353886,crypto,MessageDigest.getInstance,"{""algorithm"": ""SHA1""}"
353902,crypto,MessageDigest.digest,{}
353912,crypto,MessageDigest.getInstance,"{""algorithm"": ""SHA1""}"
353922,crypto,MessageDigest.digest,{}
353935,crypto,MessageDigest.getInstance,"{""algorithm"": ""SHA1""}"
353947,crypto,MessageDigest.digest,{}
353975,crypto,MessageDigest.getInstance,"{""algorithm"": ""SHA1""}"
353985,crypto,MessageDigest.digest,{}
353999,crypto,MessageDigest.getInstance,"{""algorithm"": ""SHA1""}"
354010,crypto,MessageDigest.digest,{}
354027,crypto,MessageDigest.getInstance,"{""algorithm"": ""SHA-256""}"
354048,crypto,MessageDigest.digest,{}
428181,lifecycle,hook_loaded,"{""stage"": ""java_perform"", ""version"": ""3""}"
