19463 1784159786.520258 recvfrom(43, "nysv\0\0\0\0\0\0\0\0\0\0\0\0\325\234\273\311\235\3\0\0\330\233\3\0\0\0\0\0", 3200, MSG_DONTWAIT, NULL, NULL) = 32
19463 1784159786.520668 recvfrom(43, 0x7ffcf06d30, 3200, MSG_DONTWAIT, NULL, NULL) = -1 EAGAIN (Try again)
19463 1784159786.521087 recvfrom(52, 0x7af3c1d420, 2272, MSG_DONTWAIT, NULL, NULL) = -1 EAGAIN (Try again)
19463 1784159786.524391 recvfrom(43, 0x7ffcf05260, 3200, MSG_DONTWAIT, NULL, NULL) = -1 EAGAIN (Try again)
19463 1784159786.536242 recvfrom(43, "nysv\0\0\0\0\0\0\0\0\0\0\0\0\246*\272\312\235\3\0\0\331\233\3\0\0\0\0\0", 3200, MSG_DONTWAIT, NULL, NULL) = 32
19463 1784159786.536497 recvfrom(43, 0x7ffcf06d30, 3200, MSG_DONTWAIT, NULL, NULL) = -1 EAGAIN (Try again)
19463 1784159786.537126 recvfrom(52, 0x7af3c1d420, 2272, MSG_DONTWAIT, NULL, NULL) = -1 EAGAIN (Try again)
19463 1784159786.539044 recvfrom(43, 0x7ffcf05260, 3200, MSG_DONTWAIT, NULL, NULL) = -1 EAGAIN (Try again)
19463 1784159786.552892 recvfrom(43, "nysv\0\0\0\0\0\0\0\0\0\0\0\0p\267\270\313\235\3\0\0\332\233\3\0\0\0\0\0", 3200, MSG_DONTWAIT, NULL, NULL) = 32
19463 1784159786.553208 recvfrom(43, 0x7ffcf06d30, 3200, MSG_DONTWAIT, NULL, NULL) = -1 EAGAIN (Try again)
19463 1784159786.553705 recvfrom(52, 0x7af3c1d420, 2272, MSG_DONTWAIT, NULL, NULL) = -1 EAGAIN (Try again)
19463 1784159786.556193 recvfrom(43, 0x7ffcf05260, 3200, MSG_DONTWAIT, NULL, NULL) = -1 EAGAIN (Try again)
19463 1784159786.570981 recvfrom(43, "nysv\0\0\0\0\0\0\0\0\0\0\0\0\316\353\266\314\235\3\0\0\333\233\3\0\0\0\0\0", 3200, MSG_DONTWAIT, NULL, NULL) = 32
19463 1784159786.571272 recvfrom(43, 0x7ffcf06d30, 3200, MSG_DONTWAIT, NULL, NULL) = -1 EAGAIN (Try again)
19463 1784159786.571901 recvfrom(52, 0x7af3c1d420, 2272, MSG_DONTWAIT, NULL, NULL) = -1 EAGAIN (Try again)
19463 1784159786.574003 recvfrom(43, 0x7ffcf05260, 3200, MSG_DONTWAIT, NULL, NULL) = -1 EAGAIN (Try again)
19463 1784159786.586618 recvfrom(43, "nysv\0\0\0\0\0\0\0\0\0\0\0\0\236e\265\315\235\3\0\0\334\233\3\0\0\0\0\0", 3200, MSG_DONTWAIT, NULL, NULL) = 32
19463 1784159786.586959 recvfrom(43, 0x7ffcf06d30, 3200, MSG_DONTWAIT, NULL, NULL) = -1 EAGAIN (Try again)
19463 1784159786.587420 recvfrom(52, 0x7af3c1d420, 2272, MSG_DONTWAIT, NULL, NULL) = -1 EAGAIN (Try again)
19463 1784159786.589241 recvfrom(43, 0x7ffcf05260, 3200, MSG_DONTWAIT, NULL, NULL) = -1 EAGAIN (Try again)
19463 1784159786.603096 recvfrom(43, "nysv\0\0\0\0\0\0\0\0\0\0\0\0H\252\263\316\235\3\0\0\335\233\3\0\0\0\0\0", 3200, MSG_DONTWAIT, NULL, NULL) = 32
19463 1784159786.603357 recvfrom(43, 0x7ffcf06d30, 3200, MSG_DONTWAIT, NULL, NULL) = -1 EAGAIN (Try again)
19463 1784159786.603868 recvfrom(52, 0x7af3c1d420, 2272, MSG_DONTWAIT, NULL, NULL) = -1 EAGAIN (Try again)
19463 1784159786.606840 recvfrom(43, 0x7ffcf05260, 3200, MSG_DONTWAIT, NULL, NULL) = -1 EAGAIN (Try again)
19463 1784159786.620404 recvfrom(43, "nysv\0\0\0\0\0\0\0\0\0\0\0\0\241\6\262\317\235\3\0\0\336\233\3\0\0\0\0\0", 3200, MSG_DONTWAIT, NULL, NULL) = 32
19463 1784159786.620601 recvfrom(43, 0x7ffcf06d30, 3200, MSG_DONTWAIT, NULL, NULL) = -1 EAGAIN (Try again)
19463 1784159786.621150 recvfrom(52, 0x7af3c1d420, 2272, MSG_DONTWAIT, NULL, NULL) = -1 EAGAIN (Try again)
19463 1784159786.623314 recvfrom(43, 0x7ffcf05260, 3200, MSG_DONTWAIT, NULL, NULL) = -1 EAGAIN (Try again)
19463 1784159786.636489 recvfrom(43, "nysv\0\0\0\0\0\0\0\0\0\0\0\0\31\212\260\320\235\3\0\0\337\233\3\0\0\0\0\0", 3200, MSG_DONTWAIT, NULL, NULL) = 32
19463 1784159786.636792 recvfrom(43, 0x7ffcf06d30, 3200, MSG_DONTWAIT, NULL, NULL) = -1 EAGAIN (Try again)
19463 1784159786.637288 recvfrom(52, 0x7af3c1d420, 2272, MSG_DONTWAIT, NULL, NULL) = -1 EAGAIN (Try again)
19463 1784159786.637613 recvfrom(43, 0x7ffcf05260, 3200, MSG_DONTWAIT, NULL, NULL) = -1 EAGAIN (Try again)
19463 1784159786.653251 recvfrom(43, "nysv\0\0\0\0\0\0\0\0\0\0\0\0\\\375\256\321\235\3\0\0\340\233\3\0\0\0\0\0", 3200, MSG_DONTWAIT, NULL, NULL) = 32
19463 1784159786.653543 recvfrom(43, 0x7ffcf06d30, 3200, MSG_DONTWAIT, NULL, NULL) = -1 EAGAIN (Try again)
19463 1784159786.654118 recvfrom(52, 0x7af3c1d420, 2272, MSG_DONTWAIT, NULL, NULL) = -1 EAGAIN (Try again)
19463 1784159786.655885 recvfrom(43, 0x7ffcf05260, 3200, MSG_DONTWAIT, NULL, NULL) = -1 EAGAIN (Try again)
19463 1784159786.671257 recvfrom(43, "nysv\0\0\0\0\0\0\0\0\0\0\0\0Z\35\255\322\235\3\0\0\341\233\3\0\0\0\0\0", 3200, MSG_DONTWAIT, NULL, NULL) = 32
19463 1784159786.671595 recvfrom(43, 0x7ffcf06d30, 3200, MSG_DONTWAIT, NULL, NULL) = -1 EAGAIN (Try again)
19463 1784159786.672028 recvfrom(52, 0x7af3c1d420, 2272, MSG_DONTWAIT, NULL, NULL) = -1 EAGAIN (Try again)
19463 1784159786.672663 recvfrom(43, 0x7ffcf05260, 3200, MSG_DONTWAIT, NULL, NULL) = -1 EAGAIN (Try again)
19463 1784159786.687507 recvfrom(43, "nysv\0\0\0\0\0\0\0\0\0\0\0\0MY\253\323\235\3\0\0\342\233\3\0\0\0\0\0", 3200, MSG_DONTWAIT, NULL, NULL) = 32
19463 1784159786.687827 recvfrom(43, 0x7ffcf06d30, 3200, MSG_DONTWAIT, NULL, NULL) = -1 EAGAIN (Try again)
19463 1784159786.688267 recvfrom(52, 0x7af3c1d420, 2272, MSG_DONTWAIT, NULL, NULL) = -1 EAGAIN (Try again)
19463 1784159786.690086 recvfrom(43, 0x7ffcf05260, 3200, MSG_DONTWAIT, NULL, NULL) = -1 EAGAIN (Try again)
19463 1784159786.703506 recvfrom(43, "nysv\0\0\0\0\0\0\0\0\0\0\0\0\345\272\251\324\235\3\0\0\343\233\3\0\0\0\0\0", 3200, MSG_DONTWAIT, NULL, NULL) = 32
19463 1784159786.703949 recvfrom(43, 0x7ffcf06d30, 3200, MSG_DONTWAIT, NULL, NULL) = -1 EAGAIN (Try again)
19463 1784159786.704712 recvfrom(52, 0x7af3c1d420, 2272, MSG_DONTWAIT, NULL, NULL) = -1 EAGAIN (Try again)
19463 1784159786.706699 recvfrom(43, 0x7ffcf05260, 3200, MSG_DONTWAIT, NULL, NULL) = -1 EAGAIN (Try again)
19463 1784159786.719751 recvfrom(43, "nysv\0\0\0\0\0\0\0\0\0\0\0\0\342;\250\325\235\3\0\0\344\233\3\0\0\0\0\0", 3200, MSG_DONTWAIT, NULL, NULL) = 32
19463 1784159786.720053 recvfrom(43, 0x7ffcf06d30, 3200, MSG_DONTWAIT, NULL, NULL) = -1 EAGAIN (Try again)
19463 1784159786.720441 recvfrom(52, 0x7af3c1d420, 2272, MSG_DONTWAIT, NULL, NULL) = -1 EAGAIN (Try again)
19463 1784159786.722223 recvfrom(43, 0x7ffcf05260, 3200, MSG_DONTWAIT, NULL, NULL) = -1 EAGAIN (Try again)
19463 1784159786.736395 recvfrom(43, "nysv\0\0\0\0\0\0\0\0\0\0\0\0\374\302\246\326\235\3\0\0\345\233\3\0\0\0\0\0", 3200, MSG_DONTWAIT, NULL, NULL) = 32
19463 1784159786.736715 recvfrom(43, 0x7ffcf06d30, 3200, MSG_DONTWAIT, NULL, NULL) = -1 EAGAIN (Try again)
19463 1784159786.737129 recvfrom(52, 0x7af3c1d420, 2272, MSG_DONTWAIT, NULL, NULL) = -1 EAGAIN (Try again)
19463 1784159786.737679 recvfrom(43, 0x7ffcf05260, 3200, MSG_DONTWAIT, NULL, NULL) = -1 EAGAIN (Try again)
19463 1784159786.753550 recvfrom(43, "nysv\0\0\0\0\0\0\0\0\0\0\0\0d)\245\327\235\3\0\0\346\233\3\0\0\0\0\0", 3200, MSG_DONTWAIT, NULL, NULL) = 32
19463 1784159786.753881 recvfrom(43, 0x7ffcf06d30, 3200, MSG_DONTWAIT, NULL, NULL) = -1 EAGAIN (Try again)
19463 1784159786.754306 recvfrom(52, 0x7af3c1d420, 2272, MSG_DONTWAIT, NULL, NULL) = -1 EAGAIN (Try again)
19463 1784159786.755551 recvfrom(43, 0x7ffcf05260, 3200, MSG_DONTWAIT, NULL, NULL) = -1 EAGAIN (Try again)
19463 1784159786.771232 recvfrom(43, "nysv\0\0\0\0\0\0\0\0\0\0\0\0\234c\243\330\235\3\0\0\347\233\3\0\0\0\0\0", 3200, MSG_DONTWAIT, NULL, NULL) = 32
19463 1784159786.771576 recvfrom(43, 0x7ffcf06d30, 3200, MSG_DONTWAIT, NULL, NULL) = -1 EAGAIN (Try again)
19463 1784159786.772040 recvfrom(52, 0x7af3c1d420, 2272, MSG_DONTWAIT, NULL, NULL) = -1 EAGAIN (Try again)
19463 1784159786.773974 recvfrom(43, 0x7ffcf05260, 3200, MSG_DONTWAIT, NULL, NULL) = -1 EAGAIN (Try again)
19463 1784159786.788077 recvfrom(43, "nysv\0\0\0\0\0\0\0\0\0\0\0\0%\177\241\331\235\3\0\0\350\233\3\0\0\0\0\0", 3200, MSG_DONTWAIT, NULL, NULL) = 32
19463 1784159786.788362 recvfrom(43, 0x7ffcf06d30, 3200, MSG_DONTWAIT, NULL, NULL) = -1 EAGAIN (Try again)
19463 1784159786.788820 recvfrom(52, 0x7af3c1d420, 2272, MSG_DONTWAIT, NULL, NULL) = -1 EAGAIN (Try again)
19463 1784159786.789460 recvfrom(43, 0x7ffcf05260, 3200, MSG_DONTWAIT, NULL, NULL) = -1 EAGAIN (Try again)
19463 1784159786.803936 recvfrom(43, "nysv\0\0\0\0\0\0\0\0\0\0\0\0v\312\237\332\235\3\0\0\351\233\3\0\0\0\0\0", 3200, MSG_DONTWAIT, NULL, NULL) = 32
19463 1784159786.804296 recvfrom(43, 0x7ffcf06d30, 3200, MSG_DONTWAIT, NULL, NULL) = -1 EAGAIN (Try again)
19463 1784159786.804798 recvfrom(52, 0x7af3c1d420, 2272, MSG_DONTWAIT, NULL, NULL) = -1 EAGAIN (Try again)
19463 1784159786.805417 recvfrom(43, 0x7ffcf05260, 3200, MSG_DONTWAIT, NULL, NULL) = -1 EAGAIN (Try again)
19463 1784159786.819724 recvfrom(43, "nysv\0\0\0\0\0\0\0\0\0\0\0\0\336K\236\333\235\3\0\0\352\233\3\0\0\0\0\0", 3200, MSG_DONTWAIT, NULL, NULL) = 32
19463 1784159786.820054 recvfrom(43, 0x7ffcf06d30, 3200, MSG_DONTWAIT, NULL, NULL) = -1 EAGAIN (Try again)
19463 1784159786.820385 recvfrom(52, 0x7af3c1d420, 2272, MSG_DONTWAIT, NULL, NULL) = -1 EAGAIN (Try again)
19463 1784159786.821016 recvfrom(43, 0x7ffcf05260, 3200, MSG_DONTWAIT, NULL, NULL) = -1 EAGAIN (Try again)
19463 1784159786.836302 recvfrom(43, "nysv\0\0\0\0\0\0\0\0\0\0\0\0$\320\234\334\235\3\0\0\353\233\3\0\0\0\0\0", 3200, MSG_DONTWAIT, NULL, NULL) = 32
19463 1784159786.836699 recvfrom(43, 0x7ffcf06d30, 3200, MSG_DONTWAIT, NULL, NULL) = -1 EAGAIN (Try again)
19463 1784159786.837116 recvfrom(52, 0x7af3c1d420, 2272, MSG_DONTWAIT, NULL, NULL) = -1 EAGAIN (Try again)
19463 1784159786.838254 recvfrom(43, 0x7ffcf05260, 3200, MSG_DONTWAIT, NULL, NULL) = -1 EAGAIN (Try again)
19463 1784159786.854156 recvfrom(43, "nysv\0\0\0\0\0\0\0\0\0\0\0\0H\35\233\335\235\3\0\0\354\233\3\0\0\0\0\0", 3200, MSG_DONTWAIT, NULL, NULL) = 32
19463 1784159786.854513 recvfrom(43, 0x7ffcf06d30, 3200, MSG_DONTWAIT, NULL, NULL) = -1 EAGAIN (Try again)
19463 1784159786.854855 recvfrom(52, 0x7af3c1d420, 2272, MSG_DONTWAIT, NULL, NULL) = -1 EAGAIN (Try again)
19463 1784159786.856738 recvfrom(43, 0x7ffcf05260, 3200, MSG_DONTWAIT, NULL, NULL) = -1 EAGAIN (Try again)
19463 1784159786.870190 recvfrom(43, "nysv\0\0\0\0\0\0\0\0\0\0\0\0\375\206\231\336\235\3\0\0\355\233\3\0\0\0\0\0", 3200, MSG_DONTWAIT, NULL, NULL) = 32
19463 1784159786.870524 recvfrom(43, 0x7ffcf06d30, 3200, MSG_DONTWAIT, NULL, NULL) = -1 EAGAIN (Try again)
19463 1784159786.871018 recvfrom(52, 0x7af3c1d420, 2272, MSG_DONTWAIT, NULL, NULL) = -1 EAGAIN (Try again)
19463 1784159786.872776 recvfrom(43, 0x7ffcf05260, 3200, MSG_DONTWAIT, NULL, NULL) = -1 EAGAIN (Try again)
19463 1784159786.888207 recvfrom(43, "nysv\0\0\0\0\0\0\0\0\0\0\0\0\222\245\227\337\235\3\0\0\356\233\3\0\0\0\0\0", 3200, MSG_DONTWAIT, NULL, NULL) = 32
19463 1784159786.888520 recvfrom(43, 0x7ffcf06d30, 3200, MSG_DONTWAIT, NULL, NULL) = -1 EAGAIN (Try again)
19463 1784159786.888793 recvfrom(52, 0x7af3c1d420, 2272, MSG_DONTWAIT, NULL, NULL) = -1 EAGAIN (Try again)
19463 1784159786.889091 recvfrom(43, 0x7ffcf05260, 3200, MSG_DONTWAIT, NULL, NULL) = -1 EAGAIN (Try again)
19463 1784159786.904062 recvfrom(43, "nysv\0\0\0\0\0\0\0\0\0\0\0\0b\354\225\340\235\3\0\0\357\233\3\0\0\0\0\0", 3200, MSG_DONTWAIT, NULL, NULL) = 32
19463 1784159786.904329 recvfrom(43, 0x7ffcf06d30, 3200, MSG_DONTWAIT, NULL, NULL) = -1 EAGAIN (Try again)
19463 1784159786.904764 recvfrom(52, 0x7af3c1d420, 2272, MSG_DONTWAIT, NULL, NULL) = -1 EAGAIN (Try again)
19463 1784159786.907328 recvfrom(43, 0x7ffcf05260, 3200, MSG_DONTWAIT, NULL, NULL) = -1 EAGAIN (Try again)
19463 1784159786.920028 recvfrom(43, "nysv\0\0\0\0\0\0\0\0\0\0\0\0F!\224\341\235\3\0\0\360\233\3\0\0\0\0\0", 3200, MSG_DONTWAIT, NULL, NULL) = 32
19463 1784159786.920295 recvfrom(43, 0x7ffcf06d30, 3200, MSG_DONTWAIT, NULL, NULL) = -1 EAGAIN (Try again)
19463 1784159786.920797 recvfrom(52, 0x7af3c1d420, 2272, MSG_DONTWAIT, NULL, NULL) = -1 EAGAIN (Try again)
19463 1784159786.921141 recvfrom(43, 0x7ffcf05260, 3200, MSG_DONTWAIT, NULL, NULL) = -1 EAGAIN (Try again)
19463 1784159786.936517 recvfrom(43, "nysv\0\0\0\0\0\0\0\0\0\0\0\0\236\233\222\342\235\3\0\0\361\233\3\0\0\0\0\0", 3200, MSG_DONTWAIT, NULL, NULL) = 32
19463 1784159786.936792 recvfrom(43, 0x7ffcf06d30, 3200, MSG_DONTWAIT, NULL, NULL) = -1 EAGAIN (Try again)
19463 1784159786.937340 recvfrom(52, 0x7af3c1d420, 2272, MSG_DONTWAIT, NULL, NULL) = -1 EAGAIN (Try again)
19463 1784159786.938051 recvfrom(43, 0x7ffcf05260, 3200, MSG_DONTWAIT, NULL, NULL) = -1 EAGAIN (Try again)
19463 1784159786.953528 recvfrom(43, "nysv\0\0\0\0\0\0\0\0\0\0\0\0\276\1\221\343\235\3\0\0\362\233\3\0\0\0\0\0", 3200, MSG_DONTWAIT, NULL, NULL) = 32
19463 1784159786.953886 recvfrom(43, 0x7ffcf06d30, 3200, MSG_DONTWAIT, NULL, NULL) = -1 EAGAIN (Try again)
19463 1784159786.954355 recvfrom(52, 0x7af3c1d420, 2272, MSG_DONTWAIT, NULL, NULL) = -1 EAGAIN (Try again)
19463 1784159786.954985 recvfrom(43, 0x7ffcf05260, 3200, MSG_DONTWAIT, NULL, NULL) = -1 EAGAIN (Try again)
19463 1784159786.972199 recvfrom(43, "nysv\0\0\0\0\0\0\0\0\0\0\0\0\236\353\216\344\235\3\0\0\363\233\3\0\0\0\0\0", 3200, MSG_DONTWAIT, NULL, NULL) = 32
19463 1784159786.972694 recvfrom(43, 0x7ffcf06d30, 3200, MSG_DONTWAIT, NULL, NULL) = -1 EAGAIN (Try again)
19463 1784159786.972978 recvfrom(52, 0x7af3c1d420, 2272, MSG_DONTWAIT, NULL, NULL) = -1 EAGAIN (Try again)
19463 1784159786.973558 recvfrom(43, 0x7ffcf05260, 3200, MSG_DONTWAIT, NULL, NULL) = -1 EAGAIN (Try again)
19463 1784159786.986505 recvfrom(43, "nysv\0\0\0\0\0\0\0\0\0\0\0\0\247l\215\345\235\3\0\0\364\233\3\0\0\0\0\0", 3200, MSG_DONTWAIT, NULL, NULL) = 32
19463 1784159786.987875 recvfrom(43, 0x7ffcf06d30, 3200, MSG_DONTWAIT, NULL, NULL) = -1 EAGAIN (Try again)
19463 1784159786.988822 recvfrom(52, 0x7af3c1d420, 2272, MSG_DONTWAIT, NULL, NULL) = -1 EAGAIN (Try again)
19463 1784159786.989445 recvfrom(43, 0x7ffcf05260, 3200, MSG_DONTWAIT, NULL, NULL) = -1 EAGAIN (Try again)
19463 1784159787.003187 recvfrom(43, "nysv\0\0\0\0\0\0\0\0\0\0\0\0\247\334\213\346\235\3\0\0\365\233\3\0\0\0\0\0", 3200, MSG_DONTWAIT, NULL, NULL) = 32
19463 1784159787.003506 recvfrom(43, 0x7ffcf06d30, 3200, MSG_DONTWAIT, NULL, NULL) = -1 EAGAIN (Try again)
19463 1784159787.004043 recvfrom(52, 0x7af3c1d420, 2272, MSG_DONTWAIT, NULL, NULL) = -1 EAGAIN (Try again)
19463 1784159787.004411 recvfrom(43, 0x7ffcf05260, 3200, MSG_DONTWAIT, NULL, NULL) = -1 EAGAIN (Try again)
19463 1784159787.019621 recvfrom(43, "nysv\0\0\0\0\0\0\0\0\0\0\0\0\317b\212\347\235\3\0\0\366\233\3\0\0\0\0\0", 3200, MSG_DONTWAIT, NULL, NULL) = 32
19463 1784159787.019976 recvfrom(43, 0x7ffcf06d30, 3200, MSG_DONTWAIT, NULL, NULL) = -1 EAGAIN (Try again)
19463 1784159787.020333 recvfrom(52, 0x7af3c1d420, 2272, MSG_DONTWAIT, NULL, NULL) = -1 EAGAIN (Try again)
19463 1784159787.022689 recvfrom(43, 0x7ffcf05260, 3200, MSG_DONTWAIT, NULL, NULL) = -1 EAGAIN (Try again)
19463 1784159787.036569 recvfrom(43, "nysv\0\0\0\0\0\0\0\0\0\0\0\0\333\357\210\350\235\3\0\0\367\233\3\0\0\0\0\0", 3200, MSG_DONTWAIT, NULL, NULL) = 32
19463 1784159787.036907 recvfrom(43, 0x7ffcf06d30, 3200, MSG_DONTWAIT, NULL, NULL) = -1 EAGAIN (Try again)
19463 1784159787.037362 recvfrom(52, 0x7af3c1d420, 2272, MSG_DONTWAIT, NULL, NULL) = -1 EAGAIN (Try again)
19463 1784159787.037679 recvfrom(43, 0x7ffcf05260, 3200, MSG_DONTWAIT, NULL, NULL) = -1 EAGAIN (Try again)
19463 1784159787.053645 recvfrom(43, "nysv\0\0\0\0\0\0\0\0\0\0\0\0\263P\207\351\235\3\0\0\370\233\3\0\0\0\0\0", 3200, MSG_DONTWAIT, NULL, NULL) = 32
19463 1784159787.054529 recvfrom(43, 0x7ffcf06d30, 3200, MSG_DONTWAIT, NULL, NULL) = -1 EAGAIN (Try again)
19463 1784159787.056905 recvfrom(52, 0x7af3c1d420, 2272, MSG_DONTWAIT, NULL, NULL) = -1 EAGAIN (Try again)
19463 1784159787.057360 recvfrom(43, 0x7ffcf05260, 3200, MSG_DONTWAIT, NULL, NULL) = -1 EAGAIN (Try again)
19463 1784159787.070943 recvfrom(43, "nysv\0\0\0\0\0\0\0\0\0\0\0\0v\213\205\352\235\3\0\0\371\233\3\0\0\0\0\0", 3200, MSG_DONTWAIT, NULL, NULL) = 32
19463 1784159787.071212 recvfrom(43, 0x7ffcf06d30, 3200, MSG_DONTWAIT, NULL, NULL) = -1 EAGAIN (Try again)
19463 1784159787.071752 recvfrom(52, 0x7af3c1d420, 2272, MSG_DONTWAIT, NULL, NULL) = -1 EAGAIN (Try again)
19463 1784159787.072433 recvfrom(43, 0x7ffcf05260, 3200, MSG_DONTWAIT, NULL, NULL) = -1 EAGAIN (Try again)
19463 1784159787.088419 recvfrom(43, "nysv\0\0\0\0\0\0\0\0\0\0\0\0000\222\203\353\235\3\0\0\372\233\3\0\0\0\0\0", 3200, MSG_DONTWAIT, NULL, NULL) = 32
19463 1784159787.088745 recvfrom(43, 0x7ffcf06d30, 3200, MSG_DONTWAIT, NULL, NULL) = -1 EAGAIN (Try again)
19463 1784159787.089168 recvfrom(52, 0x7af3c1d420, 2272, MSG_DONTWAIT, NULL, NULL) = -1 EAGAIN (Try again)
19463 1784159787.089663 recvfrom(43, 0x7ffcf05260, 3200, MSG_DONTWAIT, NULL, NULL) = -1 EAGAIN (Try again)
19463 1784159787.103475 recvfrom(43, "nysv\0\0\0\0\0\0\0\0\0\0\0\0[\367\201\354\235\3\0\0\373\233\3\0\0\0\0\0", 3200, MSG_DONTWAIT, NULL, NULL) = 32
19463 1784159787.103875 recvfrom(43, 0x7ffcf06d30, 3200, MSG_DONTWAIT, NULL, NULL) = -1 EAGAIN (Try again)
19463 1784159787.104239 recvfrom(52, 0x7af3c1d420, 2272, MSG_DONTWAIT, NULL, NULL) = -1 EAGAIN (Try again)
19463 1784159787.104834 recvfrom(43, 0x7ffcf05260, 3200, MSG_DONTWAIT, NULL, NULL) = -1 EAGAIN (Try again)
19463 1784159787.119665 recvfrom(43, "nysv\0\0\0\0\0\0\0\0\0\0\0\0\253{\200\355\235\3\0\0\374\233\3\0\0\0\0\0", 3200, MSG_DONTWAIT, NULL, NULL) = 32
19463 1784159787.120060 recvfrom(43, 0x7ffcf06d30, 3200, MSG_DONTWAIT, NULL, NULL) = -1 EAGAIN (Try again)
19463 1784159787.120563 recvfrom(52, 0x7af3c1d420, 2272, MSG_DONTWAIT, NULL, NULL) = -1 EAGAIN (Try again)
19463 1784159787.120895 recvfrom(43, 0x7ffcf05260, 3200, MSG_DONTWAIT, NULL, NULL) = -1 EAGAIN (Try again)
19463 1784159787.136326 recvfrom(43, "nysv\0\0\0\0\0\0\0\0\0\0\0\0d\371~\356\235\3\0\0\375\233\3\0\0\0\0\0", 3200, MSG_DONTWAIT, NULL, NULL) = 32
19463 1784159787.136740 recvfrom(43, 0x7ffcf06d30, 3200, MSG_DONTWAIT, NULL, NULL) = -1 EAGAIN (Try again)
19463 1784159787.137178 recvfrom(52, 0x7af3c1d420, 2272, MSG_DONTWAIT, NULL, NULL) = -1 EAGAIN (Try again)
19463 1784159787.137853 recvfrom(43, 0x7ffcf05260, 3200, MSG_DONTWAIT, NULL, NULL) = -1 EAGAIN (Try again)
19463 1784159787.153366 recvfrom(43, "nysv\0\0\0\0\0\0\0\0\0\0\0\0\203\213}\357\235\3\0\0\376\233\3\0\0\0\0\0", 3200, MSG_DONTWAIT, NULL, NULL) = 32
19463 1784159787.153716 recvfrom(43, 0x7ffcf06d30, 3200, MSG_DONTWAIT, NULL, NULL) = -1 EAGAIN (Try again)
19463 1784159787.154540 recvfrom(52, 0x7af3c1d420, 2272, MSG_DONTWAIT, NULL, NULL) = -1 EAGAIN (Try again)
19463 1784159787.156036 recvfrom(43, 0x7ffcf05260, 3200, MSG_DONTWAIT, NULL, NULL) = -1 EAGAIN (Try again)
19463 1784159787.171124 recvfrom(43, "nysv\0\0\0\0\0\0\0\0\0\0\0\0\250\272{\360\235\3\0\0\377\233\3\0\0\0\0\0", 3200, MSG_DONTWAIT, NULL, NULL) = 32
19463 1784159787.171359 recvfrom(43, 0x7ffcf06d30, 3200, MSG_DONTWAIT, NULL, NULL) = -1 EAGAIN (Try again)
19463 1784159787.171847 recvfrom(52, 0x7af3c1d420, 2272, MSG_DONTWAIT, NULL, NULL) = -1 EAGAIN (Try again)
19463 1784159787.172154 recvfrom(43, 0x7ffcf05260, 3200, MSG_DONTWAIT, NULL, NULL) = -1 EAGAIN (Try again)
19463 1784159787.188135 recvfrom(43, "nysv\0\0\0\0\0\0\0\0\0\0\0\0\10\317y\361\235\3\0\0\0\234\3\0\200\0\0\0", 3200, MSG_DONTWAIT, NULL, NULL) = 32
19463 1784159787.188381 recvfrom(43, 0x7ffcf06d30, 3200, MSG_DONTWAIT, NULL, NULL) = -1 EAGAIN (Try again)
19463 1784159787.188972 recvfrom(52, 0x7af3c1d420, 2272, MSG_DONTWAIT, NULL, NULL) = -1 EAGAIN (Try again)
19463 1784159787.189284 recvfrom(43, 0x7ffcf05260, 3200, MSG_DONTWAIT, NULL, NULL) = -1 EAGAIN (Try again)
19463 1784159787.204249 recvfrom(43, "nysv\0\0\0\0\0\0\0\0\0\0\0\0\243\6x\362\235\3\0\0\1\234\3\0\0\0\0\0", 3200, MSG_DONTWAIT, NULL, NULL) = 32
19463 1784159787.204562 recvfrom(43, 0x7ffcf06d30, 3200, MSG_DONTWAIT, NULL, NULL) = -1 EAGAIN (Try again)
19463 1784159787.204955 recvfrom(52, 0x7af3c1d420, 2272, MSG_DONTWAIT, NULL, NULL) = -1 EAGAIN (Try again)
19463 1784159787.205567 recvfrom(43, 0x7ffcf05260, 3200, MSG_DONTWAIT, NULL, NULL) = -1 EAGAIN (Try again)
19463 1784159787.219675 recvfrom(43, "nysv\0\0\0\0\0\0\0\0\0\0\0\0k\210v\363\235\3\0\0\2\234\3\0\0\0\0\0", 3200, MSG_DONTWAIT, NULL, NULL) = 32
19463 1784159787.220012 recvfrom(43, 0x7ffcf06d30, 3200, MSG_DONTWAIT, NULL, NULL) = -1 EAGAIN (Try again)
19463 1784159787.220477 recvfrom(52, 0x7af3c1d420, 2272, MSG_DONTWAIT, NULL, NULL) = -1 EAGAIN (Try again)
19463 1784159787.221062 recvfrom(43, 0x7ffcf05260, 3200, MSG_DONTWAIT, NULL, NULL) = -1 EAGAIN (Try again)
19463 1784159787.236378 recvfrom(43, "nysv\0\0\0\0\0\0\0\0\0\0\0\0(\vu\364\235\3\0\0\3\234\3\0\0\0\0\0", 3200, MSG_DONTWAIT, NULL, NULL) = 32
19463 1784159787.236780 recvfrom(43, 0x7ffcf06d30, 3200, MSG_DONTWAIT, NULL, NULL) = -1 EAGAIN (Try again)
19463 1784159787.237067 recvfrom(52, 0x7af3c1d420, 2272, MSG_DONTWAIT, NULL, NULL) = -1 EAGAIN (Try again)
19463 1784159787.239194 recvfrom(43, 0x7ffcf05260, 3200, MSG_DONTWAIT, NULL, NULL) = -1 EAGAIN (Try again)
19463 1784159787.254064 recvfrom(43, "nysv\0\0\0\0\0\0\0\0\0\0\0\0\25Vs\365\235\3\0\0\4\234\3\0\0\0\0\0", 3200, MSG_DONTWAIT, NULL, NULL) = 32
19463 1784159787.254402 recvfrom(43, 0x7ffcf06d30, 3200, MSG_DONTWAIT, NULL, NULL) = -1 EAGAIN (Try again)
19463 1784159787.255015 recvfrom(52, 0x7af3c1d420, 2272, MSG_DONTWAIT, NULL, NULL) = -1 EAGAIN (Try again)
19463 1784159787.255597 recvfrom(43, 0x7ffcf05260, 3200, MSG_DONTWAIT, NULL, NULL) = -1 EAGAIN (Try again)
19463 1784159787.270887 recvfrom(43, "nysv\0\0\0\0\0\0\0\0\0\0\0\0\227\220q\366\235\3\0\0\5\234\3\0\0\0\0\0", 3200, MSG_DONTWAIT, NULL, NULL) = 32
19463 1784159787.271186 recvfrom(43, 0x7ffcf06d30, 3200, MSG_DONTWAIT, NULL, NULL) = -1 EAGAIN (Try again)
19463 1784159787.271592 recvfrom(52, 0x7af3c1d420, 2272, MSG_DONTWAIT, NULL, NULL) = -1 EAGAIN (Try again)
19463 1784159787.272272 recvfrom(43, 0x7ffcf05260, 3200, MSG_DONTWAIT, NULL, NULL) = -1 EAGAIN (Try again)
19463 1784159787.288161 recvfrom(43, "nysv\0\0\0\0\0\0\0\0\0\0\0\0\357\245o\367\235\3\0\0\6\234\3\0\0\0\0\0", 3200, MSG_DONTWAIT, NULL, NULL) = 32
19463 1784159787.288585 recvfrom(43, 0x7ffcf06d30, 3200, MSG_DONTWAIT, NULL, NULL) = -1 EAGAIN (Try again)
19463 1784159787.288872 recvfrom(52, 0x7af3c1d420, 2272, MSG_DONTWAIT, NULL, NULL) = -1 EAGAIN (Try again)
19463 1784159787.290841 recvfrom(43, 0x7ffcf05260, 3200, MSG_DONTWAIT, NULL, NULL) = -1 EAGAIN (Try again)
19463 1784159787.303134 recvfrom(43, "nysv\0\0\0\0\0\0\0\0\0\0\0\0+\"n\370\235\3\0\0\7\234\3\0\0\0\0\0", 3200, MSG_DONTWAIT, NULL, NULL) = 32
19463 1784159787.303436 recvfrom(43, 0x7ffcf06d30, 3200, MSG_DONTWAIT, NULL, NULL) = -1 EAGAIN (Try again)
19463 1784159787.303943 recvfrom(52, 0x7af3c1d420, 2272, MSG_DONTWAIT, NULL, NULL) = -1 EAGAIN (Try again)
19463 1784159787.305651 recvfrom(43, 0x7ffcf05260, 3200, MSG_DONTWAIT, NULL, NULL) = -1 EAGAIN (Try again)
19463 1784159787.319911 recvfrom(43, "nysv\0\0\0\0\0\0\0\0\0\0\0\0\351\227l\371\235\3\0\0\10\234\3\0\0\0\0\0", 3200, MSG_DONTWAIT, NULL, NULL) = 32
19463 1784159787.320214 recvfrom(43, 0x7ffcf06d30, 3200, MSG_DONTWAIT, NULL, NULL) = -1 EAGAIN (Try again)
19463 1784159787.320691 recvfrom(52, 0x7af3c1d420, 2272, MSG_DONTWAIT, NULL, NULL) = -1 EAGAIN (Try again)
19463 1784159787.321322 recvfrom(43, 0x7ffcf05260, 3200, MSG_DONTWAIT, NULL, NULL) = -1 EAGAIN (Try again)
19463 1784159787.336352 recvfrom(43, "nysv\0\0\0\0\0\0\0\0\0\0\0\0004\30k\372\235\3\0\0\t\234\3\0\0\0\0\0", 3200, MSG_DONTWAIT, NULL, NULL) = 32
19463 1784159787.336770 recvfrom(43, 0x7ffcf06d30, 3200, MSG_DONTWAIT, NULL, NULL) = -1 EAGAIN (Try again)
19463 1784159787.337144 recvfrom(52, 0x7af3c1d420, 2272, MSG_DONTWAIT, NULL, NULL) = -1 EAGAIN (Try again)
19463 1784159787.337703 recvfrom(43, 0x7ffcf05260, 3200, MSG_DONTWAIT, NULL, NULL) = -1 EAGAIN (Try again)
19463 1784159787.355224 recvfrom(43, "nysv\0\0\0\0\0\0\0\0\0\0\0\0\25\26i\373\235\3\0\0\n\234\3\0\0\0\0\0", 3200, MSG_DONTWAIT, NULL, NULL) = 32
19463 1784159787.355595 recvfrom(43, 0x7ffcf06d30, 3200, MSG_DONTWAIT, NULL, NULL) = -1 EAGAIN (Try again)
19463 1784159787.356115 recvfrom(52, 0x7af3c1d420, 2272, MSG_DONTWAIT, NULL, NULL) = -1 EAGAIN (Try again)
19463 1784159787.356607 recvfrom(43, 0x7ffcf05260, 3200, MSG_DONTWAIT, NULL, NULL) = -1 EAGAIN (Try again)
19463 1784159787.370968 recvfrom(43, "nysv\0\0\0\0\0\0\0\0\0\0\0\0P\\g\374\235\3\0\0\v\234\3\0\0\0\0\0", 3200, MSG_DONTWAIT, NULL, NULL) = 32
19463 1784159787.371271 recvfrom(43, 0x7ffcf06d30, 3200, MSG_DONTWAIT, NULL, NULL) = -1 EAGAIN (Try again)
19463 1784159787.371555 recvfrom(52, 0x7af3c1d420, 2272, MSG_DONTWAIT, NULL, NULL) = -1 EAGAIN (Try again)
19463 1784159787.372296 recvfrom(43, 0x7ffcf05260, 3200, MSG_DONTWAIT, NULL, NULL) = -1 EAGAIN (Try again)
19463 1784159787.387809 recvfrom(43, "nysv\0\0\0\0\0\0\0\0\0\0\0\0\221\205e\375\235\3\0\0\f\234\3\0\0\0\0\0", 3200, MSG_DONTWAIT, NULL, NULL) = 32
19463 1784159787.388161 recvfrom(43, 0x7ffcf06d30, 3200, MSG_DONTWAIT, NULL, NULL) = -1 EAGAIN (Try again)
19463 1784159787.388605 recvfrom(52, 0x7af3c1d420, 2272, MSG_DONTWAIT, NULL, NULL) = -1 EAGAIN (Try again)
19463 1784159787.390402 recvfrom(43, 0x7ffcf05260, 3200, MSG_DONTWAIT, NULL, NULL) = -1 EAGAIN (Try again)
19463 1784159787.403638 recvfrom(43, "nysv\0\0\0\0\0\0\0\0\0\0\0\0\306\336c\376\235\3\0\0\r\234\3\0\0\0\0\0", 3200, MSG_DONTWAIT, NULL, NULL) = 32
19463 1784159787.403911 recvfrom(43, 0x7ffcf06d30, 3200, MSG_DONTWAIT, NULL, NULL) = -1 EAGAIN (Try again)
19463 1784159787.404441 recvfrom(52, 0x7af3c1d420, 2272, MSG_DONTWAIT, NULL, NULL) = -1 EAGAIN (Try again)
19463 1784159787.404823 recvfrom(43, 0x7ffcf05260, 3200, MSG_DONTWAIT, NULL, NULL) = -1 EAGAIN (Try again)
19463 1784159787.419853 recvfrom(43, "nysv\0\0\0\0\0\0\0\0\0\0\0\0\370Tb\377\235\3\0\0\16\234\3\0\0\0\0\0", 3200, MSG_DONTWAIT, NULL, NULL) = 32
19463 1784159787.420204 recvfrom(43, 0x7ffcf06d30, 3200, MSG_DONTWAIT, NULL, NULL) = -1 EAGAIN (Try again)
19463 1784159787.420646 recvfrom(52, 0x7af3c1d420, 2272, MSG_DONTWAIT, NULL, NULL) = -1 EAGAIN (Try again)
19463 1784159787.422415 recvfrom(43, 0x7ffcf05260, 3200, MSG_DONTWAIT, NULL, NULL) = -1 EAGAIN (Try again)
19463 1784159787.436564 recvfrom(43, "nysv\0\0\0\0\0\0\0\0\0\0\0\0007\302`\0\236\3\0\0\17\234\3\0\0\0\0\0", 3200, MSG_DONTWAIT, NULL, NULL) = 32
19463 1784159787.436800 recvfrom(43, 0x7ffcf06d30, 3200, MSG_DONTWAIT, NULL, NULL) = -1 EAGAIN (Try again)
19463 1784159787.437361 recvfrom(52, 0x7af3c1d420, 2272, MSG_DONTWAIT, NULL, NULL) = -1 EAGAIN (Try again)
19463 1784159787.437841 recvfrom(43, 0x7ffcf05260, 3200, MSG_DONTWAIT, NULL, NULL) = -1 EAGAIN (Try again)
19463 1784159787.453416 recvfrom(43, "nysv\0\0\0\0\0\0\0\0\0\0\0\0007(_\1\236\3\0\0\20\234\3\0\0\0\0\0", 3200, MSG_DONTWAIT, NULL, NULL) = 32
19463 1784159787.453812 recvfrom(43, 0x7ffcf06d30, 3200, MSG_DONTWAIT, NULL, NULL) = -1 EAGAIN (Try again)
19463 1784159787.454298 recvfrom(52, 0x7af3c1d420, 2272, MSG_DONTWAIT, NULL, NULL) = -1 EAGAIN (Try again)
19463 1784159787.455621 recvfrom(43, 0x7ffcf05260, 3200, MSG_DONTWAIT, NULL, NULL) = -1 EAGAIN (Try again)
19463 1784159787.469631 recvfrom(43, "nysv\0\0\0\0\0\0\0\0\0\0\0\0\210s]\2\236\3\0\0\21\234\3\0\0\0\0\0", 3200, MSG_DONTWAIT, NULL, NULL) = 32
19463 1784159787.469953 recvfrom(43, 0x7ffcf06d30, 3200, MSG_DONTWAIT, NULL, NULL) = -1 EAGAIN (Try again)
19463 1784159787.470482 recvfrom(52, 0x7af3c1d420, 2272, MSG_DONTWAIT, NULL, NULL) = -1 EAGAIN (Try again)
19463 1784159787.471164 recvfrom(43, 0x7ffcf05260, 3200, MSG_DONTWAIT, NULL, NULL) = -1 EAGAIN (Try again)
19463 1784159787.487574 recvfrom(43, "nysv\0\0\0\0\0\0\0\0\0\0\0\0\331\257[\3\236\3\0\0\22\234\3\0\0\0\0\0", 3200, MSG_DONTWAIT, NULL, NULL) = 32
19463 1784159787.487843 recvfrom(43, 0x7ffcf06d30, 3200, MSG_DONTWAIT, NULL, NULL) = -1 EAGAIN (Try again)
19463 1784159787.488344 recvfrom(52, 0x7af3c1d420, 2272, MSG_DONTWAIT, NULL, NULL) = -1 EAGAIN (Try again)
19463 1784159787.488685 recvfrom(43, 0x7ffcf05260, 3200, MSG_DONTWAIT, NULL, NULL) = -1 EAGAIN (Try again)
19463 1784159787.504176 recvfrom(43, "nysv\0\0\0\0\0\0\0\0\0\0\0\0\36\370Y\4\236\3\0\0\23\234\3\0\0\0\0\0", 3200, MSG_DONTWAIT, NULL, NULL) = 32
19463 1784159787.504492 recvfrom(43, 0x7ffcf06d30, 3200, MSG_DONTWAIT, NULL, NULL) = -1 EAGAIN (Try again)
19463 1784159787.504763 recvfrom(52, 0x7af3c1d420, 2272, MSG_DONTWAIT, NULL, NULL) = -1 EAGAIN (Try again)
19463 1784159787.505384 recvfrom(43, 0x7ffcf05260, 3200, MSG_DONTWAIT, NULL, NULL) = -1 EAGAIN (Try again)
19463 1784159787.519614 recvfrom(43, "nysv\0\0\0\0\0\0\0\0\0\0\0\0HHX\5\236\3\0\0\24\234\3\0\0\0\0\0", 3200, MSG_DONTWAIT, NULL, NULL) = 32
19463 1784159787.519918 recvfrom(43, 0x7ffcf06d30, 3200, MSG_DONTWAIT, NULL, NULL) = -1 EAGAIN (Try again)
19463 1784159787.520417 recvfrom(52, 0x7af3c1d420, 2272, MSG_DONTWAIT, NULL, NULL) = -1 EAGAIN (Try again)
19463 1784159787.520963 recvfrom(43, 0x7ffcf05260, 3200, MSG_DONTWAIT, NULL, NULL) = -1 EAGAIN (Try again)
19463 1784159787.536606 recvfrom(43, "nysv\0\0\0\0\0\0\0\0\0\0\0\0\306\270V\6\236\3\0\0\25\234\3\0\0\0\0\0", 3200, MSG_DONTWAIT, NULL, NULL) = 32
19463 1784159787.536889 recvfrom(43, 0x7ffcf06d30, 3200, MSG_DONTWAIT, NULL, NULL) = -1 EAGAIN (Try again)
19463 1784159787.537444 recvfrom(52, 0x7af3c1d420, 2272, MSG_DONTWAIT, NULL, NULL) = -1 EAGAIN (Try again)
19463 1784159787.537887 recvfrom(43, 0x7ffcf05260, 3200, MSG_DONTWAIT, NULL, NULL) = -1 EAGAIN (Try again)
19463 1784159787.553666 recvfrom(43, "nysv\0\0\0\0\0\0\0\0\0\0\0\0 \21U\7\236\3\0\0\26\234\3\0\0\0\0\0", 3200, MSG_DONTWAIT, NULL, NULL) = 32
19463 1784159787.554086 recvfrom(43, 0x7ffcf06d30, 3200, MSG_DONTWAIT, NULL, NULL) = -1 EAGAIN (Try again)
19463 1784159787.554465 recvfrom(52, 0x7af3c1d420, 2272, MSG_DONTWAIT, NULL, NULL) = -1 EAGAIN (Try again)
19463 1784159787.554880 recvfrom(43, 0x7ffcf05260, 3200, MSG_DONTWAIT, NULL, NULL) = -1 EAGAIN (Try again)
19463 1784159787.570639 recvfrom(43, "nysv\0\0\0\0\0\0\0\0\0\0\0\0\6_S\10\236\3\0\0\27\234\3\0\0\0\0\0", 3200, MSG_DONTWAIT, NULL, NULL) = 32
19463 1784159787.571003 recvfrom(43, 0x7ffcf06d30, 3200, MSG_DONTWAIT, NULL, NULL) = -1 EAGAIN (Try again)
19463 1784159787.571377 recvfrom(52, 0x7af3c1d420, 2272, MSG_DONTWAIT, NULL, NULL) = -1 EAGAIN (Try again)
19463 1784159787.573156 recvfrom(43, 0x7ffcf05260, 3200, MSG_DONTWAIT, NULL, NULL) = -1 EAGAIN (Try again)
19463 1784159787.587517 recvfrom(43, "nysv\0\0\0\0\0\0\0\0\0\0\0\0\261\232Q\t\236\3\0\0\30\234\3\0\0\0\0\0", 3200, MSG_DONTWAIT, NULL, NULL) = 32
19463 1784159787.587869 recvfrom(43, 0x7ffcf06d30, 3200, MSG_DONTWAIT, NULL, NULL) = -1 EAGAIN (Try again)
19463 1784159787.588290 recvfrom(52, 0x7af3c1d420, 2272, MSG_DONTWAIT, NULL, NULL) = -1 EAGAIN (Try again)
19463 1784159787.590037 recvfrom(43, 0x7ffcf05260, 3200, MSG_DONTWAIT, NULL, NULL) = -1 EAGAIN (Try again)
19463 1784159787.603571 recvfrom(43, "nysv\0\0\0\0\0\0\0\0\0\0\0\0_\367O\n\236\3\0\0\31\234\3\0\0\0\0\0", 3200, MSG_DONTWAIT, NULL, NULL) = 32
19463 1784159787.603826 recvfrom(43, 0x7ffcf06d30, 3200, MSG_DONTWAIT, NULL, NULL) = -1 EAGAIN (Try again)
19463 1784159787.604395 recvfrom(52, 0x7af3c1d420, 2272, MSG_DONTWAIT, NULL, NULL) = -1 EAGAIN (Try again)
19463 1784159787.604756 recvfrom(43, 0x7ffcf05260, 3200, MSG_DONTWAIT, NULL, NULL) = -1 EAGAIN (Try again)
19463 1784159787.619987 recvfrom(43, "nysv\0\0\0\0\0\0\0\0\0\0\0\0\1nN\v\236\3\0\0\32\234\3\0\0\0\0\0", 3200, MSG_DONTWAIT, NULL, NULL) = 32
19463 1784159787.620259 recvfrom(43, 0x7ffcf06d30, 3200, MSG_DONTWAIT, NULL, NULL) = -1 EAGAIN (Try again)
19463 1784159787.620685 recvfrom(52, 0x7af3c1d420, 2272, MSG_DONTWAIT, NULL, NULL) = -1 EAGAIN (Try again)
19463 1784159787.621267 recvfrom(43, 0x7ffcf05260, 3200, MSG_DONTWAIT, NULL, NULL) = -1 EAGAIN (Try again)
19463 1784159787.636415 recvfrom(43, "nysv\0\0\0\0\0\0\0\0\0\0\0\0\213\346L\f\236\3\0\0\33\234\3\0\0\0\0\0", 3200, MSG_DONTWAIT, NULL, NULL) = 32
19463 1784159787.636837 recvfrom(43, 0x7ffcf06d30, 3200, MSG_DONTWAIT, NULL, NULL) = -1 EAGAIN (Try again)
19463 1784159787.637379 recvfrom(52, 0x7af3c1d420, 2272, MSG_DONTWAIT, NULL, NULL) = -1 EAGAIN (Try again)
19463 1784159787.639360 recvfrom(43, 0x7ffcf05260, 3200, MSG_DONTWAIT, NULL, NULL) = -1 EAGAIN (Try again)
19463 1784159787.653881 recvfrom(43, "nysv\0\0\0\0\0\0\0\0\0\0\0\0r5K\r\236\3\0\0\34\234\3\0\0\0\0\0", 3200, MSG_DONTWAIT, NULL, NULL) = 32
19463 1784159787.654160 recvfrom(43, 0x7ffcf06d30, 3200, MSG_DONTWAIT, NULL, NULL) = -1 EAGAIN (Try again)
19463 1784159787.654632 recvfrom(52, 0x7af3c1d420, 2272, MSG_DONTWAIT, NULL, NULL) = -1 EAGAIN (Try again)
19463 1784159787.654943 recvfrom(43, 0x7ffcf05260, 3200, MSG_DONTWAIT, NULL, NULL) = -1 EAGAIN (Try again)
19463 1784159787.670822 recvfrom(43, "nysv\0\0\0\0\0\0\0\0\0\0\0\0\262pI\16\236\3\0\0\35\234\3\0\0\0\0\0", 3200, MSG_DONTWAIT, NULL, NULL) = 32
19463 1784159787.671113 recvfrom(43, 0x7ffcf06d30, 3200, MSG_DONTWAIT, NULL, NULL) = -1 EAGAIN (Try again)
19463 1784159787.671765 recvfrom(52, 0x7af3c1d420, 2272, MSG_DONTWAIT, NULL, NULL) = -1 EAGAIN (Try again)
19463 1784159787.673638 recvfrom(43, 0x7ffcf05260, 3200, MSG_DONTWAIT, NULL, NULL) = -1 EAGAIN (Try again)
19463 1784159787.691123 recvfrom(43, "nysv\0\0\0\0\0\0\0\0\0\0\0\0\334\300G\17\236\3\0\0\36\234\3\0\0\0\0\0", 3200, MSG_DONTWAIT, NULL, NULL) = 32
19463 1784159787.691991 recvfrom(43, 0x7ffcf06d30, 3200, MSG_DONTWAIT, NULL, NULL) = -1 EAGAIN (Try again)
19463 1784159787.693149 recvfrom(52, 0x7af3c1d420, 2272, MSG_DONTWAIT, NULL, NULL) = -1 EAGAIN (Try again)
19463 1784159787.694349 recvfrom(43, 0x7ffcf05260, 3200, MSG_DONTWAIT, NULL, NULL) = -1 EAGAIN (Try again)
19463 1784159787.702933 recvfrom(43, "nysv\0\0\0\0\0\0\0\0\0\0\0\0\275?F\20\236\3\0\0\37\234\3\0\0\0\0\0", 3200, MSG_DONTWAIT, NULL, NULL) = 32
19463 1784159787.703508 recvfrom(43, 0x7ffcf06d30, 3200, MSG_DONTWAIT, NULL, NULL) = -1 EAGAIN (Try again)
19463 1784159787.703920 recvfrom(52, 0x7af3c1d420, 2272, MSG_DONTWAIT, NULL, NULL) = -1 EAGAIN (Try again)
19463 1784159787.704248 recvfrom(43, 0x7ffcf05260, 3200, MSG_DONTWAIT, NULL, NULL) = -1 EAGAIN (Try again)
19463 1784159787.719804 recvfrom(43, "nysv\0\0\0\0\0\0\0\0\0\0\0\0002\266D\21\236\3\0\0 \234\3\0\0\0\0\0", 3200, MSG_DONTWAIT, NULL, NULL) = 32
19463 1784159787.720104 recvfrom(43, 0x7ffcf06d30, 3200, MSG_DONTWAIT, NULL, NULL) = -1 EAGAIN (Try again)
19463 1784159787.720632 recvfrom(52, 0x7af3c1d420, 2272, MSG_DONTWAIT, NULL, NULL) = -1 EAGAIN (Try again)
19463 1784159787.722707 recvfrom(43, 0x7ffcf05260, 3200, MSG_DONTWAIT, NULL, NULL) = -1 EAGAIN (Try again)
19463 1784159787.737177 recvfrom(43, "nysv\0\0\0\0\0\0\0\0\0\0\0\0\273\nC\22\236\3\0\0!\234\3\0\0\0\0\0", 3200, MSG_DONTWAIT, NULL, NULL) = 32
19463 1784159787.737499 recvfrom(43, 0x7ffcf06d30, 3200, MSG_DONTWAIT, NULL, NULL) = -1 EAGAIN (Try again)
19463 1784159787.738017 recvfrom(52, 0x7af3c1d420, 2272, MSG_DONTWAIT, NULL, NULL) = -1 EAGAIN (Try again)
19463 1784159787.741177 recvfrom(43, 0x7ffcf05260, 3200, MSG_DONTWAIT, NULL, NULL) = -1 EAGAIN (Try again)
19463 1784159787.754194 recvfrom(43, "nysv\0\0\0\0\0\0\0\0\0\0\0\0\243IA\23\236\3\0\0\"\234\3\0\0\0\0\0", 3200, MSG_DONTWAIT, NULL, NULL) = 32
19463 1784159787.754495 recvfrom(43, 0x7ffcf06d30, 3200, MSG_DONTWAIT, NULL, NULL) = -1 EAGAIN (Try again)
19463 1784159787.755047 recvfrom(52, 0x7af3c1d420, 2272, MSG_DONTWAIT, NULL, NULL) = -1 EAGAIN (Try again)
19463 1784159787.757093 recvfrom(43, 0x7ffcf05260, 3200, MSG_DONTWAIT, NULL, NULL) = -1 EAGAIN (Try again)
19463 1784159787.770398 recvfrom(43, "nysv\0\0\0\0\0\0\0\0\0\0\0\0f\237?\24\236\3\0\0#\234\3\0\0\0\0\0", 3200, MSG_DONTWAIT, NULL, NULL) = 32
19463 1784159787.770817 recvfrom(43, 0x7ffcf06d30, 3200, MSG_DONTWAIT, NULL, NULL) = -1 EAGAIN (Try again)
19463 1784159787.771385 recvfrom(52, 0x7af3c1d420, 2272, MSG_DONTWAIT, NULL, NULL) = -1 EAGAIN (Try again)
19463 1784159787.775088 recvfrom(43, 0x7ffcf05260, 3200, MSG_DONTWAIT, NULL, NULL) = -1 EAGAIN (Try again)
19463 1784159787.786334 recvfrom(43, "nysv\0\0\0\0\0\0\0\0\0\0\0\0T:>\25\236\3\0\0$\234\3\0\0\0\0\0", 3200, MSG_DONTWAIT, NULL, NULL) = 32
19463 1784159787.786591 recvfrom(43, 0x7ffcf06d30, 3200, MSG_DONTWAIT, NULL, NULL) = -1 EAGAIN (Try again)
19463 1784159787.787148 recvfrom(52, 0x7af3c1d420, 2272, MSG_DONTWAIT, NULL, NULL) = -1 EAGAIN (Try again)
19463 1784159787.788540 recvfrom(43, 0x7ffcf05260, 3200, MSG_DONTWAIT, NULL, NULL) = -1 EAGAIN (Try again)
19463 1784159787.803478 recvfrom(43, "nysv\0\0\0\0\0\0\0\0\0\0\0\0\243\246<\26\236\3\0\0%\234\3\0\0\0\0\0", 3200, MSG_DONTWAIT, NULL, NULL) = 32
19463 1784159787.803711 recvfrom(43, 0x7ffcf06d30, 3200, MSG_DONTWAIT, NULL, NULL) = -1 EAGAIN (Try again)
19463 1784159787.804214 recvfrom(52, 0x7af3c1d420, 2272, MSG_DONTWAIT, NULL, NULL) = -1 EAGAIN (Try again)
19463 1784159787.806001 recvfrom(43, 0x7ffcf05260, 3200, MSG_DONTWAIT, NULL, NULL) = -1 EAGAIN (Try again)
19463 1784159787.820044 recvfrom(43, "nysv\0\0\0\0\0\0\0\0\0\0\0\0\351\25;\27\236\3\0\0&\234\3\0\0\0\0\0", 3200, MSG_DONTWAIT, NULL, NULL) = 32
19463 1784159787.820374 recvfrom(43, 0x7ffcf06d30, 3200, MSG_DONTWAIT, NULL, NULL) = -1 EAGAIN (Try again)
19463 1784159787.820833 recvfrom(52, 0x7af3c1d420, 2272, MSG_DONTWAIT, NULL, NULL) = -1 EAGAIN (Try again)
19463 1784159787.823641 recvfrom(43, 0x7ffcf05260, 3200, MSG_DONTWAIT, NULL, NULL) = -1 EAGAIN (Try again)
19463 1784159787.836827 recvfrom(43, "nysv\0\0\0\0\0\0\0\0\0\0\0\0\\w9\30\236\3\0\0'\234\3\0\0\0\0\0", 3200, MSG_DONTWAIT, NULL, NULL) = 32
19463 1784159787.837149 recvfrom(43, 0x7ffcf06d30, 3200, MSG_DONTWAIT, NULL, NULL) = -1 EAGAIN (Try again)
19463 1784159787.837629 recvfrom(52, 0x7af3c1d420, 2272, MSG_DONTWAIT, NULL, NULL) = -1 EAGAIN (Try again)
19463 1784159787.840927 recvfrom(43, 0x7ffcf05260, 3200, MSG_DONTWAIT, NULL, NULL) = -1 EAGAIN (Try again)
19463 1784159787.854424 recvfrom(43, "nysv\0\0\0\0\0\0\0\0\0\0\0\0\274\2527\31\236\3\0\0(\234\3\0\0\0\0\0", 3200, MSG_DONTWAIT, NULL, NULL) = 32
19463 1784159787.854720 recvfrom(43, 0x7ffcf06d30, 3200, MSG_DONTWAIT, NULL, NULL) = -1 EAGAIN (Try again)
19463 1784159787.855268 recvfrom(52, 0x7af3c1d420, 2272, MSG_DONTWAIT, NULL, NULL) = -1 EAGAIN (Try again)
19463 1784159787.858124 recvfrom(43, 0x7ffcf05260, 3200, MSG_DONTWAIT, NULL, NULL) = -1 EAGAIN (Try again)
19463 1784159787.870016 recvfrom(43, "nysv\0\0\0\0\0\0\0\0\0\0\0\0\t\0276\32\236\3\0\0)\234\3\0\0\0\0\0", 3200, MSG_DONTWAIT, NULL, NULL) = 32
19463 1784159787.870321 recvfrom(43, 0x7ffcf06d30, 3200, MSG_DONTWAIT, NULL, NULL) = -1 EAGAIN (Try again)
19463 1784159787.870892 recvfrom(52, 0x7af3c1d420, 2272, MSG_DONTWAIT, NULL, NULL) = -1 EAGAIN (Try again)
19463 1784159787.871643 recvfrom(43, 0x7ffcf05260, 3200, MSG_DONTWAIT, NULL, NULL) = -1 EAGAIN (Try again)
19463 1784159787.887229 recvfrom(43, "nysv\0\0\0\0\0\0\0\0\0\0\0\0\237e4\33\236\3\0\0*\234\3\0\0\0\0\0", 3200, MSG_DONTWAIT, NULL, NULL) = 32
19463 1784159787.887539 recvfrom(43, 0x7ffcf06d30, 3200, MSG_DONTWAIT, NULL, NULL) = -1 EAGAIN (Try again)
19463 1784159787.888045 recvfrom(52, 0x7af3c1d420, 2272, MSG_DONTWAIT, NULL, NULL) = -1 EAGAIN (Try again)
19463 1784159787.889923 recvfrom(43, 0x7ffcf05260, 3200, MSG_DONTWAIT, NULL, NULL) = -1 EAGAIN (Try again)
19463 1784159787.903641 recvfrom(43, "nysv\0\0\0\0\0\0\0\0\0\0\0\0\32\3102\34\236\3\0\0+\234\3\0\0\0\0\0", 3200, MSG_DONTWAIT, NULL, NULL) = 32
19463 1784159787.904095 recvfrom(43, 0x7ffcf06d30, 3200, MSG_DONTWAIT, NULL, NULL) = -1 EAGAIN (Try again)
19463 1784159787.904476 recvfrom(52, 0x7af3c1d420, 2272, MSG_DONTWAIT, NULL, NULL) = -1 EAGAIN (Try again)
19463 1784159787.904994 recvfrom(43, 0x7ffcf05260, 3200, MSG_DONTWAIT, NULL, NULL) = -1 EAGAIN (Try again)
19463 1784159787.920038 recvfrom(43, "nysv\0\0\0\0\0\0\0\0\0\0\0\0\364:1\35\236\3\0\0,\234\3\0\0\0\0\0", 3200, MSG_DONTWAIT, NULL, NULL) = 32
19463 1784159787.920353 recvfrom(43, 0x7ffcf06d30, 3200, MSG_DONTWAIT, NULL, NULL) = -1 EAGAIN (Try again)
19463 1784159787.920778 recvfrom(52, 0x7af3c1d420, 2272, MSG_DONTWAIT, NULL, NULL) = -1 EAGAIN (Try again)
19463 1784159787.921120 recvfrom(43, 0x7ffcf05260, 3200, MSG_DONTWAIT, NULL, NULL) = -1 EAGAIN (Try again)
19463 1784159787.936826 recvfrom(43, "nysv\0\0\0\0\0\0\0\0\0\0\0\0\207\236/\36\236\3\0\0-\234\3\0\0\0\0\0", 3200, MSG_DONTWAIT, NULL, NULL) = 32
19463 1784159787.937209 recvfrom(43, 0x7ffcf06d30, 3200, MSG_DONTWAIT, NULL, NULL) = -1 EAGAIN (Try again)
19463 1784159787.937623 recvfrom(52, 0x7af3c1d420, 2272, MSG_DONTWAIT, NULL, NULL) = -1 EAGAIN (Try again)
19463 1784159787.938517 recvfrom(43, 0x7ffcf05260, 3200, MSG_DONTWAIT, NULL, NULL) = -1 EAGAIN (Try again)
19463 1784159787.953923 recvfrom(43, "nysv\0\0\0\0\0\0\0\0\0\0\0\0\200\354-\37\236\3\0\0.\234\3\0\0\0\0\0", 3200, MSG_DONTWAIT, NULL, NULL) = 32
19463 1784159787.954210 recvfrom(43, 0x7ffcf06d30, 3200, MSG_DONTWAIT, NULL, NULL) = -1 EAGAIN (Try again)
19463 1784159787.954693 recvfrom(52, 0x7af3c1d420, 2272, MSG_DONTWAIT, NULL, NULL) = -1 EAGAIN (Try again)
19463 1784159787.956542 recvfrom(43, 0x7ffcf05260, 3200, MSG_DONTWAIT, NULL, NULL) = -1 EAGAIN (Try again)
19463 1784159787.971180 recvfrom(43, "nysv\0\0\0\0\0\0\0\0\0\0\0\0'\21, \236\3\0\0/\234\3\0\0\0\0\0", 3200, MSG_DONTWAIT, NULL, NULL) = 32
19463 1784159787.971536 recvfrom(43, 0x7ffcf06d30, 3200, MSG_DONTWAIT, NULL, NULL) = -1 EAGAIN (Try again)
19463 1784159787.971963 recvfrom(52, 0x7af3c1d420, 2272, MSG_DONTWAIT, NULL, NULL) = -1 EAGAIN (Try again)
19463 1784159787.973722 recvfrom(43, 0x7ffcf05260, 3200, MSG_DONTWAIT, NULL, NULL) = -1 EAGAIN (Try again)
19463 1784159787.987216 recvfrom(43, "nysv\0\0\0\0\0\0\0\0\0\0\0\0\1^*!\236\3\0\0000\234\3\0\0\0\0\0", 3200, MSG_DONTWAIT, NULL, NULL) = 32
19463 1784159787.987525 recvfrom(43, 0x7ffcf06d30, 3200, MSG_DONTWAIT, NULL, NULL) = -1 EAGAIN (Try again)
19463 1784159787.987965 recvfrom(52, 0x7af3c1d420, 2272, MSG_DONTWAIT, NULL, NULL) = -1 EAGAIN (Try again)
19463 1784159787.989885 recvfrom(43, 0x7ffcf05260, 3200, MSG_DONTWAIT, NULL, NULL) = -1 EAGAIN (Try again)
19463 1784159788.003748 recvfrom(43, "nysv\0\0\0\0\0\0\0\0\0\0\0\0}p(\"\236\3\0\0001\234\3\0\0\0\0\0", 3200, MSG_DONTWAIT, NULL, NULL) = 32
19463 1784159788.004087 recvfrom(43, 0x7ffcf06d30, 3200, MSG_DONTWAIT, NULL, NULL) = -1 EAGAIN (Try again)
19463 1784159788.004854 recvfrom(52, 0x7af3c1d420, 2272, MSG_DONTWAIT, NULL, NULL) = -1 EAGAIN (Try again)
19463 1784159788.005526 recvfrom(43, 0x7ffcf05260, 3200, MSG_DONTWAIT, NULL, NULL) = -1 EAGAIN (Try again)
19463 1784159788.019839 recvfrom(43, "nysv\0\0\0\0\0\0\0\0\0\0\0\0H\350&#\236\3\0\0002\234\3\0\0\0\0\0", 3200, MSG_DONTWAIT, NULL, NULL) = 32
19463 1784159788.020147 recvfrom(43, 0x7ffcf06d30, 3200, MSG_DONTWAIT, NULL, NULL) = -1 EAGAIN (Try again)
19463 1784159788.020575 recvfrom(52, 0x7af3c1d420, 2272, MSG_DONTWAIT, NULL, NULL) = -1 EAGAIN (Try again)
19463 1784159788.021159 recvfrom(43, 0x7ffcf05260, 3200, MSG_DONTWAIT, NULL, NULL) = -1 EAGAIN (Try again)
19463 1784159788.036860 recvfrom(43, "nysv\0\0\0\0\0\0\0\0\0\0\0\0fM%$\236\3\0\0003\234\3\0\0\0\0\0", 3200, MSG_DONTWAIT, NULL, NULL) = 32
19463 1784159788.037173 recvfrom(43, 0x7ffcf06d30, 3200, MSG_DONTWAIT, NULL, NULL) = -1 EAGAIN (Try again)
19463 1784159788.037618 recvfrom(52, 0x7af3c1d420, 2272, MSG_DONTWAIT, NULL, NULL) = -1 EAGAIN (Try again)
19463 1784159788.038757 recvfrom(43, 0x7ffcf05260, 3200, MSG_DONTWAIT, NULL, NULL) = -1 EAGAIN (Try again)
19463 1784159788.053179 recvfrom(43, "nysv\0\0\0\0\0\0\0\0\0\0\0\0\257\302#%\236\3\0\0004\234\3\0\0\0\0\0", 3200, MSG_DONTWAIT, NULL, NULL) = 32
19463 1784159788.053452 recvfrom(43, 0x7ffcf06d30, 3200, MSG_DONTWAIT, NULL, NULL) = -1 EAGAIN (Try again)
19463 1784159788.054237 recvfrom(52, 0x7af3c1d420, 2272, MSG_DONTWAIT, NULL, NULL) = -1 EAGAIN (Try again)
19463 1784159788.056179 recvfrom(43, 0x7ffcf05260, 3200, MSG_DONTWAIT, NULL, NULL) = -1 EAGAIN (Try again)
19463 1784159788.070671 recvfrom(43, "nysv\0\0\0\0\0\0\0\0\0\0\0\0;\r\"&\236\3\0\0005\234\3\0\0\0\0\0", 3200, MSG_DONTWAIT, NULL, NULL) = 32
19463 1784159788.070970 recvfrom(43, 0x7ffcf06d30, 3200, MSG_DONTWAIT, NULL, NULL) = -1 EAGAIN (Try again)
19463 1784159788.071427 recvfrom(52, 0x7af3c1d420, 2272, MSG_DONTWAIT, NULL, NULL) = -1 EAGAIN (Try again)
19463 1784159788.071760 recvfrom(43, 0x7ffcf05260, 3200, MSG_DONTWAIT, NULL, NULL) = -1 EAGAIN (Try again)
19463 1784159788.087570 recvfrom(43, "nysv\0\0\0\0\0\0\0\0\0\0\0\09G '\236\3\0\0006\234\3\0\0\0\0\0", 3200, MSG_DONTWAIT, NULL, NULL) = 32
19463 1784159788.087933 recvfrom(43, 0x7ffcf06d30, 3200, MSG_DONTWAIT, NULL, NULL) = -1 EAGAIN (Try again)
19463 1784159788.088328 recvfrom(52, 0x7af3c1d420, 2272, MSG_DONTWAIT, NULL, NULL) = -1 EAGAIN (Try again)
19463 1784159788.088944 recvfrom(43, 0x7ffcf05260, 3200, MSG_DONTWAIT, NULL, NULL) = -1 EAGAIN (Try again)
19463 1784159788.103798 recvfrom(43, "nysv\0\0\0\0\0\0\0\0\0\0\0\0\361\241\36(\236\3\0\0007\234\3\0\0\0\0\0", 3200, MSG_DONTWAIT, NULL, NULL) = 32
19463 1784159788.104194 recvfrom(43, 0x7ffcf06d30, 3200, MSG_DONTWAIT, NULL, NULL) = -1 EAGAIN (Try again)
19463 1784159788.106167 recvfrom(52, 0x7af3c1d420, 2272, MSG_DONTWAIT, NULL, NULL) = -1 EAGAIN (Try again)
19463 1784159788.106609 recvfrom(43, 0x7ffcf05260, 3200, MSG_DONTWAIT, NULL, NULL) = -1 EAGAIN (Try again)
19463 1784159788.121609 recvfrom(43, "nysv\0\0\0\0\0\0\0\0\0\0\0\0H\252\34)\236\3\0\08\234\3\0\0\0\0\0", 3200, MSG_DONTWAIT, NULL, NULL) = 32
19463 1784159788.121893 recvfrom(43, 0x7ffcf06d30, 3200, MSG_DONTWAIT, NULL, NULL) = -1 EAGAIN (Try again)
19463 1784159788.124200 recvfrom(52, 0x7af3c1d420, 2272, MSG_DONTWAIT, NULL, NULL) = -1 EAGAIN (Try again)
19463 1784159788.124541 recvfrom(43, 0x7ffcf05260, 3200, MSG_DONTWAIT, NULL, NULL) = -1 EAGAIN (Try again)
19463 1784159788.137287 recvfrom(43, "nysv\0\0\0\0\0\0\0\0\0\0\0\0N\361\32*\236\3\0\09\234\3\0\0\0\0\0", 3200, MSG_DONTWAIT, NULL, NULL) = 32
19463 1784159788.137589 recvfrom(43, 0x7ffcf06d30, 3200, MSG_DONTWAIT, NULL, NULL) = -1 EAGAIN (Try again)
19463 1784159788.138130 recvfrom(52, 0x7af3c1d420, 2272, MSG_DONTWAIT, NULL, NULL) = -1 EAGAIN (Try again)
19463 1784159788.138727 recvfrom(43, 0x7ffcf05260, 3200, MSG_DONTWAIT, NULL, NULL) = -1 EAGAIN (Try again)
19463 1784159788.153898 recvfrom(43, "nysv\0\0\0\0\0\0\0\0\0\0\0\0\25=\31+\236\3\0\0:\234\3\0\0\0\0\0", 3200, MSG_DONTWAIT, NULL, NULL) = 32
19463 1784159788.154341 recvfrom(43, 0x7ffcf06d30, 3200, MSG_DONTWAIT, NULL, NULL) = -1 EAGAIN (Try again)
19463 1784159788.154812 recvfrom(52, 0x7af3c1d420, 2272, MSG_DONTWAIT, NULL, NULL) = -1 EAGAIN (Try again)
19463 1784159788.155431 recvfrom(43, 0x7ffcf05260, 3200, MSG_DONTWAIT, NULL, NULL) = -1 EAGAIN (Try again)
19463 1784159788.170996 recvfrom(43, "nysv\0\0\0\0\0\0\0\0\0\0\0\0vm\27,\236\3\0\0;\234\3\0\0\0\0\0", 3200, MSG_DONTWAIT, NULL, NULL) = 32
19463 1784159788.171346 recvfrom(43, 0x7ffcf06d30, 3200, MSG_DONTWAIT, NULL, NULL) = -1 EAGAIN (Try again)
19463 1784159788.171864 recvfrom(52, 0x7af3c1d420, 2272, MSG_DONTWAIT, NULL, NULL) = -1 EAGAIN (Try again)
19463 1784159788.172505 recvfrom(43, 0x7ffcf05260, 3200, MSG_DONTWAIT, NULL, NULL) = -1 EAGAIN (Try again)
19463 1784159788.188162 recvfrom(43, "nysv\0\0\0\0\0\0\0\0\0\0\0\0\302\213\25-\236\3\0\0<\234\3\0\0\0\0\0", 3200, MSG_DONTWAIT, NULL, NULL) = 32
19463 1784159788.188470 recvfrom(43, 0x7ffcf06d30, 3200, MSG_DONTWAIT, NULL, NULL) = -1 EAGAIN (Try again)
19463 1784159788.188886 recvfrom(52, 0x7af3c1d420, 2272, MSG_DONTWAIT, NULL, NULL) = -1 EAGAIN (Try again)
19463 1784159788.190615 recvfrom(43, 0x7ffcf05260, 3200, MSG_DONTWAIT, NULL, NULL) = -1 EAGAIN (Try again)
19463 1784159788.203383 recvfrom(43, "nysv\0\0\0\0\0\0\0\0\0\0\0\0%\364\23.\236\3\0\0=\234\3\0\0\0\0\0", 3200, MSG_DONTWAIT, NULL, NULL) = 32
19463 1784159788.204043 recvfrom(43, 0x7ffcf06d30, 3200, MSG_DONTWAIT, NULL, NULL) = -1 EAGAIN (Try again)
19463 1784159788.204331 recvfrom(52, 0x7af3c1d420, 2272, MSG_DONTWAIT, NULL, NULL) = -1 EAGAIN (Try again)
19463 1784159788.205102 recvfrom(43, 0x7ffcf05260, 3200, MSG_DONTWAIT, NULL, NULL) = -1 EAGAIN (Try again)
19463 1784159788.220036 recvfrom(43, "nysv\0\0\0\0\0\0\0\0\0\0\0\0\340&\22/\236\3\0\0>\234\3\0\0\0\0\0", 3200, MSG_DONTWAIT, NULL, NULL) = 32
19463 1784159788.220324 recvfrom(43, 0x7ffcf06d30, 3200, MSG_DONTWAIT, NULL, NULL) = -1 EAGAIN (Try again)
19463 1784159788.220821 recvfrom(52, 0x7af3c1d420, 2272, MSG_DONTWAIT, NULL, NULL) = -1 EAGAIN (Try again)
19463 1784159788.221398 recvfrom(43, 0x7ffcf05260, 3200, MSG_DONTWAIT, NULL, NULL) = -1 EAGAIN (Try again)
19463 1784159788.240647 recvfrom(43, "nysv\0\0\0\0\0\0\0\0\0\0\0\0Z\244\0170\236\3\0\0?\234\3\0\0\0\0\0", 3200, MSG_DONTWAIT, NULL, NULL) = 32
19463 1784159788.240939 recvfrom(43, 0x7ffcf06d30, 3200, MSG_DONTWAIT, NULL, NULL) = -1 EAGAIN (Try again)
19463 1784159788.241432 recvfrom(52, 0x7af3c1d420, 2272, MSG_DONTWAIT, NULL, NULL) = -1 EAGAIN (Try again)
19463 1784159788.243994 recvfrom(43, 0x7ffcf05260, 3200, MSG_DONTWAIT, NULL, NULL) = -1 EAGAIN (Try again)
19463 1784159788.253184 recvfrom(43, "nysv\0\0\0\0\0\0\0\0\0\0\0\0\300\24\0161\236\3\0\0@\234\3\0\0\0\0\0", 3200, MSG_DONTWAIT, NULL, NULL) = 32
19463 1784159788.253524 recvfrom(43, 0x7ffcf06d30, 3200, MSG_DONTWAIT, NULL, NULL) = -1 EAGAIN (Try again)
19463 1784159788.254142 recvfrom(52, 0x7af3c1d420, 2272, MSG_DONTWAIT, NULL, NULL) = -1 EAGAIN (Try again)
19463 1784159788.256668 recvfrom(43, 0x7ffcf05260, 3200, MSG_DONTWAIT, NULL, NULL) = -1 EAGAIN (Try again)
19463 1784159788.270993 recvfrom(43, "nysv\0\0\0\0\0\0\0\0\0\0\0\0IE\f2\236\3\0\0A\234\3\0\0\0\0\0", 3200, MSG_DONTWAIT, NULL, NULL) = 32
19463 1784159788.271479 recvfrom(43, 0x7ffcf06d30, 3200, MSG_DONTWAIT, NULL, NULL) = -1 EAGAIN (Try again)
19463 1784159788.271837 recvfrom(52, 0x7af3c1d420, 2272, MSG_DONTWAIT, NULL, NULL) = -1 EAGAIN (Try again)
19463 1784159788.273642 recvfrom(43, 0x7ffcf05260, 3200, MSG_DONTWAIT, NULL, NULL) = -1 EAGAIN (Try again)
19463 1784159788.286532 recvfrom(43, "nysv\0\0\0\0\0\0\0\0\0\0\0\0\222\304\n3\236\3\0\0B\234\3\0\0\0\0\0", 3200, MSG_DONTWAIT, NULL, NULL) = 32
19463 1784159788.286836 recvfrom(43, 0x7ffcf06d30, 3200, MSG_DONTWAIT, NULL, NULL) = -1 EAGAIN (Try again)
19463 1784159788.287158 recvfrom(52, 0x7af3c1d420, 2272, MSG_DONTWAIT, NULL, NULL) = -1 EAGAIN (Try again)
19463 1784159788.288939 recvfrom(43, 0x7ffcf05260, 3200, MSG_DONTWAIT, NULL, NULL) = -1 EAGAIN (Try again)
19463 1784159788.304053 recvfrom(43, "nysv\0\0\0\0\0\0\0\0\0\0\0\0S\2\t4\236\3\0\0C\234\3\0\0\0\0\0", 3200, MSG_DONTWAIT, NULL, NULL) = 32
19463 1784159788.304367 recvfrom(43, 0x7ffcf06d30, 3200, MSG_DONTWAIT, NULL, NULL) = -1 EAGAIN (Try again)
19463 1784159788.304889 recvfrom(52, 0x7af3c1d420, 2272, MSG_DONTWAIT, NULL, NULL) = -1 EAGAIN (Try again)
19463 1784159788.305219 recvfrom(43, 0x7ffcf05260, 3200, MSG_DONTWAIT, NULL, NULL) = -1 EAGAIN (Try again)
19463 1784159788.319721 recvfrom(43, "nysv\0\0\0\0\0\0\0\0\0\0\0\0\210~\0075\236\3\0\0D\234\3\0\0\0\0\0", 3200, MSG_DONTWAIT, NULL, NULL) = 32
19463 1784159788.320031 recvfrom(43, 0x7ffcf06d30, 3200, MSG_DONTWAIT, NULL, NULL) = -1 EAGAIN (Try again)
19463 1784159788.320537 recvfrom(52, 0x7af3c1d420, 2272, MSG_DONTWAIT, NULL, NULL) = -1 EAGAIN (Try again)
19463 1784159788.321150 recvfrom(43, 0x7ffcf05260, 3200, MSG_DONTWAIT, NULL, NULL) = -1 EAGAIN (Try again)
19463 1784159788.336323 recvfrom(43, "nysv\0\0\0\0\0\0\0\0\0\0\0\0\213\35\0066\236\3\0\0E\234\3\0\0\0\0\0", 3200, MSG_DONTWAIT, NULL, NULL) = 32
19463 1784159788.336638 recvfrom(43, 0x7ffcf06d30, 3200, MSG_DONTWAIT, NULL, NULL) = -1 EAGAIN (Try again)
19463 1784159788.337258 recvfrom(52, 0x7af3c1d420, 2272, MSG_DONTWAIT, NULL, NULL) = -1 EAGAIN (Try again)
19463 1784159788.338011 recvfrom(43, 0x7ffcf05260, 3200, MSG_DONTWAIT, NULL, NULL) = -1 EAGAIN (Try again)
19463 1784159788.353857 recvfrom(43, "nysv\0\0\0\0\0\0\0\0\0\0\0\0\227k\0047\236\3\0\0F\234\3\0\0\0\0\0", 3200, MSG_DONTWAIT, NULL, NULL) = 32
19463 1784159788.354117 recvfrom(43, 0x7ffcf06d30, 3200, MSG_DONTWAIT, NULL, NULL) = -1 EAGAIN (Try again)
19463 1784159788.354601 recvfrom(52, 0x7af3c1d420, 2272, MSG_DONTWAIT, NULL, NULL) = -1 EAGAIN (Try again)
19463 1784159788.355207 recvfrom(43, 0x7ffcf05260, 3200, MSG_DONTWAIT, NULL, NULL) = -1 EAGAIN (Try again)
19463 1784159788.371005 recvfrom(43, "nysv\0\0\0\0\0\0\0\0\0\0\0\0f\237\28\236\3\0\0G\234\3\0\0\0\0\0", 3200, MSG_DONTWAIT, NULL, NULL) = 32
19463 1784159788.371328 recvfrom(43, 0x7ffcf06d30, 3200, MSG_DONTWAIT, NULL, NULL) = -1 EAGAIN (Try again)
19463 1784159788.371734 recvfrom(52, 0x7af3c1d420, 2272, MSG_DONTWAIT, NULL, NULL) = -1 EAGAIN (Try again)
19463 1784159788.372143 recvfrom(43, 0x7ffcf05260, 3200, MSG_DONTWAIT, NULL, NULL) = -1 EAGAIN (Try again)
19463 1784159788.388086 recvfrom(43, "nysv\0\0\0\0\0\0\0\0\0\0\0\0\253\265\09\236\3\0\0H\234\3\0\0\0\0\0", 3200, MSG_DONTWAIT, NULL, NULL) = 32
19463 1784159788.388409 recvfrom(43, 0x7ffcf06d30, 3200, MSG_DONTWAIT, NULL, NULL) = -1 EAGAIN (Try again)
19463 1784159788.388928 recvfrom(52, 0x7af3c1d420, 2272, MSG_DONTWAIT, NULL, NULL) = -1 EAGAIN (Try again)
19463 1784159788.390759 recvfrom(43, 0x7ffcf05260, 3200, MSG_DONTWAIT, NULL, NULL) = -1 EAGAIN (Try again)
19463 1784159788.403569 recvfrom(43, "nysv\0\0\0\0\0\0\0\0\0\0\0\0u\22\3779\236\3\0\0I\234\3\0\0\0\0\0", 3200, MSG_DONTWAIT, NULL, NULL) = 32
19463 1784159788.403844 recvfrom(43, 0x7ffcf06d30, 3200, MSG_DONTWAIT, NULL, NULL) = -1 EAGAIN (Try again)
19463 1784159788.404253 recvfrom(52, 0x7af3c1d420, 2272, MSG_DONTWAIT, NULL, NULL) = -1 EAGAIN (Try again)
19463 1784159788.404658 recvfrom(43, 0x7ffcf05260, 3200, MSG_DONTWAIT, NULL, NULL) = -1 EAGAIN (Try again)
19463 1784159788.420258 recvfrom(43, "nysv\0\0\0\0\0\0\0\0\0\0\0\0yz\375:\236\3\0\0J\234\3\0\0\0\0\0", 3200, MSG_DONTWAIT, NULL, NULL) = 32
19463 1784159788.420556 recvfrom(43, 0x7ffcf06d30, 3200, MSG_DONTWAIT, NULL, NULL) = -1 EAGAIN (Try again)
19463 1784159788.420960 recvfrom(52, 0x7af3c1d420, 2272, MSG_DONTWAIT, NULL, NULL) = -1 EAGAIN (Try again)
19463 1784159788.421628 recvfrom(43, 0x7ffcf05260, 3200, MSG_DONTWAIT, NULL, NULL) = -1 EAGAIN (Try again)
19463 1784159788.436450 recvfrom(43, "nysv\0\0\0\0\0\0\0\0\0\0\0\0\266\364\373;\236\3\0\0K\234\3\0\0\0\0\0", 3200, MSG_DONTWAIT, NULL, NULL) = 32
19463 1784159788.436772 recvfrom(43, 0x7ffcf06d30, 3200, MSG_DONTWAIT, NULL, NULL) = -1 EAGAIN (Try again)
19463 1784159788.437202 recvfrom(52, 0x7af3c1d420, 2272, MSG_DONTWAIT, NULL, NULL) = -1 EAGAIN (Try again)
19463 1784159788.438508 recvfrom(43, 0x7ffcf05260, 3200, MSG_DONTWAIT, NULL, NULL) = -1 EAGAIN (Try again)
19463 1784159788.453258 recvfrom(43, "nysv\0\0\0\0\0\0\0\0\0\0\0\0\205a\372<\236\3\0\0L\234\3\0\0\0\0\0", 3200, MSG_DONTWAIT, NULL, NULL) = 32
19463 1784159788.453534 recvfrom(43, 0x7ffcf06d30, 3200, MSG_DONTWAIT, NULL, NULL) = -1 EAGAIN (Try again)
19463 1784159788.454205 recvfrom(52, 0x7af3c1d420, 2272, MSG_DONTWAIT, NULL, NULL) = -1 EAGAIN (Try again)
19463 1784159788.456022 recvfrom(43, 0x7ffcf05260, 3200, MSG_DONTWAIT, NULL, NULL) = -1 EAGAIN (Try again)
19463 1784159788.471127 recvfrom(43, "nysv\0\0\0\0\0\0\0\0\0\0\0\0004\213\370=\236\3\0\0M\234\3\0\0\0\0\0", 3200, MSG_DONTWAIT, NULL, NULL) = 32
19463 1784159788.471446 recvfrom(43, 0x7ffcf06d30, 3200, MSG_DONTWAIT, NULL, NULL) = -1 EAGAIN (Try again)
19463 1784159788.471886 recvfrom(52, 0x7af3c1d420, 2272, MSG_DONTWAIT, NULL, NULL) = -1 EAGAIN (Try again)
19463 1784159788.472505 recvfrom(43, 0x7ffcf05260, 3200, MSG_DONTWAIT, NULL, NULL) = -1 EAGAIN (Try again)
19463 1784159788.487973 recvfrom(43, "nysv\0\0\0\0\0\0\0\0\0\0\0\08\254\366>\236\3\0\0N\234\3\0\0\0\0\0", 3200, MSG_DONTWAIT, NULL, NULL) = 32
19463 1784159788.488417 recvfrom(43, 0x7ffcf06d30, 3200, MSG_DONTWAIT, NULL, NULL) = -1 EAGAIN (Try again)
19463 1784159788.488737 recvfrom(52, 0x7af3c1d420, 2272, MSG_DONTWAIT, NULL, NULL) = -1 EAGAIN (Try again)
19463 1784159788.490591 recvfrom(43, 0x7ffcf05260, 3200, MSG_DONTWAIT, NULL, NULL) = -1 EAGAIN (Try again)
19463 1784159788.503844 recvfrom(43, "nysv\0\0\0\0\0\0\0\0\0\0\0\0\326\374\364?\236\3\0\0O\234\3\0\0\0\0\0", 3200, MSG_DONTWAIT, NULL, NULL) = 32
19463 1784159788.504289 recvfrom(43, 0x7ffcf06d30, 3200, MSG_DONTWAIT, NULL, NULL) = -1 EAGAIN (Try again)
19463 1784159788.504615 recvfrom(52, 0x7af3c1d420, 2272, MSG_DONTWAIT, NULL, NULL) = -1 EAGAIN (Try again)
19463 1784159788.505380 recvfrom(43, 0x7ffcf05260, 3200, MSG_DONTWAIT, NULL, NULL) = -1 EAGAIN (Try again)
19463 1784159788.519889 recvfrom(43, "nysv\0\0\0\0\0\0\0\0\0\0\0\0\336x\363@\236\3\0\0P\234\3\0\0\0\0\0", 3200, MSG_DONTWAIT, NULL, NULL) = 32
19463 1784159788.520182 recvfrom(43, 0x7ffcf06d30, 3200, MSG_DONTWAIT, NULL, NULL) = -1 EAGAIN (Try again)
19463 1784159788.520730 recvfrom(52, 0x7af3c1d420, 2272, MSG_DONTWAIT, NULL, NULL) = -1 EAGAIN (Try again)
19463 1784159788.522683 recvfrom(43, 0x7ffcf05260, 3200, MSG_DONTWAIT, NULL, NULL) = -1 EAGAIN (Try again)
19463 1784159788.536851 recvfrom(43, "nysv\0\0\0\0\0\0\0\0\0\0\0\0\315\336\361A\236\3\0\0Q\234\3\0\0\0\0\0", 3200, MSG_DONTWAIT, NULL, NULL) = 32
19463 1784159788.537130 recvfrom(43, 0x7ffcf06d30, 3200, MSG_DONTWAIT, NULL, NULL) = -1 EAGAIN (Try again)
19463 1784159788.538224 recvfrom(52, 0x7af3c1d420, 2272, MSG_DONTWAIT, NULL, NULL) = -1 EAGAIN (Try again)
19463 1784159788.539333 recvfrom(43, 0x7ffcf05260, 3200, MSG_DONTWAIT, NULL, NULL) = -1 EAGAIN (Try again)
19463 1784159788.553604 recvfrom(43, "nysv\0\0\0\0\0\0\0\0\0\0\0\0O9\360B\236\3\0\0R\234\3\0\0\0\0\0", 3200, MSG_DONTWAIT, NULL, NULL) = 32
19463 1784159788.553967 recvfrom(43, 0x7ffcf06d30, 3200, MSG_DONTWAIT, NULL, NULL) = -1 EAGAIN (Try again)
19463 1784159788.554507 recvfrom(52, 0x7af3c1d420, 2272, MSG_DONTWAIT, NULL, NULL) = -1 EAGAIN (Try again)
19463 1784159788.556514 recvfrom(43, 0x7ffcf05260, 3200, MSG_DONTWAIT, NULL, NULL) = -1 EAGAIN (Try again)
19463 1784159788.570983 recvfrom(43, "nysv\0\0\0\0\0\0\0\0\0\0\0\0>f\356C\236\3\0\0S\234\3\0\0\0\0\0", 3200, MSG_DONTWAIT, NULL, NULL) = 32
19463 1784159788.571338 recvfrom(43, 0x7ffcf06d30, 3200, MSG_DONTWAIT, NULL, NULL) = -1 EAGAIN (Try again)
19463 1784159788.571922 recvfrom(52, 0x7af3c1d420, 2272, MSG_DONTWAIT, NULL, NULL) = -1 EAGAIN (Try again)
19463 1784159788.572734 recvfrom(43, 0x7ffcf05260, 3200, MSG_DONTWAIT, NULL, NULL) = -1 EAGAIN (Try again)
19463 1784159788.587764 recvfrom(43, "nysv\0\0\0\0\0\0\0\0\0\0\0\0\247\224\354D\236\3\0\0T\234\3\0\0\0\0\0", 3200, MSG_DONTWAIT, NULL, NULL) = 32
19463 1784159788.588159 recvfrom(43, 0x7ffcf06d30, 3200, MSG_DONTWAIT, NULL, NULL) = -1 EAGAIN (Try again)
19463 1784159788.588556 recvfrom(52, 0x7af3c1d420, 2272, MSG_DONTWAIT, NULL, NULL) = -1 EAGAIN (Try again)
19463 1784159788.589341 recvfrom(43, 0x7ffcf05260, 3200, MSG_DONTWAIT, NULL, NULL) = -1 EAGAIN (Try again)
19463 1784159788.602990 recvfrom(43, "nysv\0\0\0\0\0\0\0\0\0\0\0\0?\25\353E\236\3\0\0U\234\3\0\0\0\0\0", 3200, MSG_DONTWAIT, NULL, NULL) = 32
19463 1784159788.603303 recvfrom(43, 0x7ffcf06d30, 3200, MSG_DONTWAIT, NULL, NULL) = -1 EAGAIN (Try again)
19463 1784159788.603743 recvfrom(52, 0x7af3c1d420, 2272, MSG_DONTWAIT, NULL, NULL) = -1 EAGAIN (Try again)
19463 1784159788.604344 recvfrom(43, 0x7ffcf05260, 3200, MSG_DONTWAIT, NULL, NULL) = -1 EAGAIN (Try again)
19463 1784159788.620039 recvfrom(43, "nysv\0\0\0\0\0\0\0\0\0\0\0\0\24\200\351F\236\3\0\0V\234\3\0\0\0\0\0", 3200, MSG_DONTWAIT, NULL, NULL) = 32
19463 1784159788.620429 recvfrom(43, 0x7ffcf06d30, 3200, MSG_DONTWAIT, NULL, NULL) = -1 EAGAIN (Try again)
19463 1784159788.620851 recvfrom(52, 0x7af3c1d420, 2272, MSG_DONTWAIT, NULL, NULL) = -1 EAGAIN (Try again)
19463 1784159788.622793 recvfrom(43, 0x7ffcf05260, 3200, MSG_DONTWAIT, NULL, NULL) = -1 EAGAIN (Try again)
19463 1784159788.636536 recvfrom(43, "nysv\0\0\0\0\0\0\0\0\0\0\0\0\356\374\347G\236\3\0\0W\234\3\0\0\0\0\0", 3200, MSG_DONTWAIT, NULL, NULL) = 32
19463 1784159788.636829 recvfrom(43, 0x7ffcf06d30, 3200, MSG_DONTWAIT, NULL, NULL) = -1 EAGAIN (Try again)
19463 1784159788.637192 recvfrom(52, 0x7af3c1d420, 2272, MSG_DONTWAIT, NULL, NULL) = -1 EAGAIN (Try again)
19463 1784159788.637698 recvfrom(43, 0x7ffcf05260, 3200, MSG_DONTWAIT, NULL, NULL) = -1 EAGAIN (Try again)
19463 1784159788.653407 recvfrom(43, "nysv\0\0\0\0\0\0\0\0\0\0\0\0\24\212\346H\236\3\0\0X\234\3\0\0\0\0\0", 3200, MSG_DONTWAIT, NULL, NULL) = 32
19463 1784159788.653723 recvfrom(43, 0x7ffcf06d30, 3200, MSG_DONTWAIT, NULL, NULL) = -1 EAGAIN (Try again)
19463 1784159788.654504 recvfrom(52, 0x7af3c1d420, 2272, MSG_DONTWAIT, NULL, NULL) = -1 EAGAIN (Try again)
19463 1784159788.654906 recvfrom(43, 0x7ffcf05260, 3200, MSG_DONTWAIT, NULL, NULL) = -1 EAGAIN (Try again)
19463 1784159788.669694 recvfrom(43, "nysv\0\0\0\0\0\0\0\0\0\0\0\0y\10\345I\236\3\0\0Y\234\3\0\0\0\0\0", 3200, MSG_DONTWAIT, NULL, NULL) = 32
19463 1784159788.670039 recvfrom(43, 0x7ffcf06d30, 3200, MSG_DONTWAIT, NULL, NULL) = -1 EAGAIN (Try again)
19463 1784159788.670490 recvfrom(52, 0x7af3c1d420, 2272, MSG_DONTWAIT, NULL, NULL) = -1 EAGAIN (Try again)
19463 1784159788.670944 recvfrom(43, 0x7ffcf05260, 3200, MSG_DONTWAIT, NULL, NULL) = -1 EAGAIN (Try again)
19463 1784159788.688128 recvfrom(43, "nysv\0\0\0\0\0\0\0\0\0\0\0\0>*\343J\236\3\0\0Z\234\3\0\0\0\0\0", 3200, MSG_DONTWAIT, NULL, NULL) = 32
19463 1784159788.688480 recvfrom(43, 0x7ffcf06d30, 3200, MSG_DONTWAIT, NULL, NULL) = -1 EAGAIN (Try again)
19463 1784159788.690280 recvfrom(52, 0x7af3c1d420, 2272, MSG_DONTWAIT, NULL, NULL) = -1 EAGAIN (Try again)
19463 1784159788.691289 recvfrom(43, 0x7ffcf05260, 3200, MSG_DONTWAIT, NULL, NULL) = -1 EAGAIN (Try again)
19463 1784159788.703387 recvfrom(43, "nysv\0\0\0\0\0\0\0\0\0\0\0\0E\227\341K\236\3\0\0[\234\3\0\0\0\0\0", 3200, MSG_DONTWAIT, NULL, NULL) = 32
19463 1784159788.703676 recvfrom(43, 0x7ffcf06d30, 3200, MSG_DONTWAIT, NULL, NULL) = -1 EAGAIN (Try again)
19463 1784159788.704325 recvfrom(52, 0x7af3c1d420, 2272, MSG_DONTWAIT, NULL, NULL) = -1 EAGAIN (Try again)
19463 1784159788.704976 recvfrom(43, 0x7ffcf05260, 3200, MSG_DONTWAIT, NULL, NULL) = -1 EAGAIN (Try again)
19463 1784159788.720016 recvfrom(43, "nysv\0\0\0\0\0\0\0\0\0\0\0\0\345\5\340L\236\3\0\0\\\234\3\0\0\0\0\0", 3200, MSG_DONTWAIT, NULL, NULL) = 32
19463 1784159788.720432 recvfrom(43, 0x7ffcf06d30, 3200, MSG_DONTWAIT, NULL, NULL) = -1 EAGAIN (Try again)
19463 1784159788.720814 recvfrom(52, 0x7af3c1d420, 2272, MSG_DONTWAIT, NULL, NULL) = -1 EAGAIN (Try again)
19463 1784159788.721677 recvfrom(43, 0x7ffcf05260, 3200, MSG_DONTWAIT, NULL, NULL) = -1 EAGAIN (Try again)
19463 1784159788.736714 recvfrom(43, "nysv\0\0\0\0\0\0\0\0\0\0\0\0\242s\336M\236\3\0\0]\234\3\0\0\0\0\0", 3200, MSG_DONTWAIT, NULL, NULL) = 32
19463 1784159788.737031 recvfrom(43, 0x7ffcf06d30, 3200, MSG_DONTWAIT, NULL, NULL) = -1 EAGAIN (Try again)
19463 1784159788.737539 recvfrom(52, 0x7af3c1d420, 2272, MSG_DONTWAIT, NULL, NULL) = -1 EAGAIN (Try again)
19463 1784159788.738231 recvfrom(43, 0x7ffcf05260, 3200, MSG_DONTWAIT, NULL, NULL) = -1 EAGAIN (Try again)
19463 1784159788.753773 recvfrom(43, "nysv\0\0\0\0\0\0\0\0\0\0\0\0\355\304\334N\236\3\0\0^\234\3\0\0\0\0\0", 3200, MSG_DONTWAIT, NULL, NULL) = 32
19463 1784159788.754255 recvfrom(43, 0x7ffcf06d30, 3200, MSG_DONTWAIT, NULL, NULL) = -1 EAGAIN (Try again)
19463 1784159788.754699 recvfrom(52, 0x7af3c1d420, 2272, MSG_DONTWAIT, NULL, NULL) = -1 EAGAIN (Try again)
19463 1784159788.755418 recvfrom(43, 0x7ffcf05260, 3200, MSG_DONTWAIT, NULL, NULL) = -1 EAGAIN (Try again)
19463 1784159788.770844 recvfrom(43, "nysv\0\0\0\0\0\0\0\0\0\0\0\0\36\375\332O\236\3\0\0_\234\3\0\0\0\0\0", 3200, MSG_DONTWAIT, NULL, NULL) = 32
19463 1784159788.771159 recvfrom(43, 0x7ffcf06d30, 3200, MSG_DONTWAIT, NULL, NULL) = -1 EAGAIN (Try again)
19463 1784159788.771564 recvfrom(52, 0x7af3c1d420, 2272, MSG_DONTWAIT, NULL, NULL) = -1 EAGAIN (Try again)
19463 1784159788.771898 recvfrom(43, 0x7ffcf05260, 3200, MSG_DONTWAIT, NULL, NULL) = -1 EAGAIN (Try again)
19463 1784159788.788040 recvfrom(43, "nysv\0\0\0\0\0\0\0\0\0\0\0\0\34\23\331P\236\3\0\0`\234\3\0\0\0\0\0", 3200, MSG_DONTWAIT, NULL, NULL) = 32
19463 1784159788.788340 recvfrom(43, 0x7ffcf06d30, 3200, MSG_DONTWAIT, NULL, NULL) = -1 EAGAIN (Try again)
19463 1784159788.788861 recvfrom(52, 0x7af3c1d420, 2272, MSG_DONTWAIT, NULL, NULL) = -1 EAGAIN (Try again)
19463 1784159788.789178 recvfrom(43, 0x7ffcf05260, 3200, MSG_DONTWAIT, NULL, NULL) = -1 EAGAIN (Try again)
19463 1784159788.803768 recvfrom(43, "nysv\0\0\0\0\0\0\0\0\0\0\0\0Im\327Q\236\3\0\0a\234\3\0\0\0\0\0", 3200, MSG_DONTWAIT, NULL, NULL) = 32
19463 1784159788.804157 recvfrom(43, 0x7ffcf06d30, 3200, MSG_DONTWAIT, NULL, NULL) = -1 EAGAIN (Try again)
19463 1784159788.804508 recvfrom(52, 0x7af3c1d420, 2272, MSG_DONTWAIT, NULL, NULL) = -1 EAGAIN (Try again)
19463 1784159788.805852 recvfrom(43, 0x7ffcf05260, 3200, MSG_DONTWAIT, NULL, NULL) = -1 EAGAIN (Try again)
19463 1784159788.819736 recvfrom(43, "nysv\0\0\0\0\0\0\0\0\0\0\0\0x\355\325R\236\3\0\0b\234\3\0\0\0\0\0", 3200, MSG_DONTWAIT, NULL, NULL) = 32
19463 1784159788.820086 recvfrom(43, 0x7ffcf06d30, 3200, MSG_DONTWAIT, NULL, NULL) = -1 EAGAIN (Try again)
19463 1784159788.820597 recvfrom(52, 0x7af3c1d420, 2272, MSG_DONTWAIT, NULL, NULL) = -1 EAGAIN (Try again)
19463 1784159788.822654 recvfrom(43, 0x7ffcf05260, 3200, MSG_DONTWAIT, NULL, NULL) = -1 EAGAIN (Try again)
19463 1784159788.836736 recvfrom(43, "nysv\0\0\0\0\0\0\0\0\0\0\0\0\324[\324S\236\3\0\0c\234\3\0\0\0\0\0", 3200, MSG_DONTWAIT, NULL, NULL) = 32
19463 1784159788.837163 recvfrom(43, 0x7ffcf06d30, 3200, MSG_DONTWAIT, NULL, NULL) = -1 EAGAIN (Try again)
19463 1784159788.837512 recvfrom(52, 0x7af3c1d420, 2272, MSG_DONTWAIT, NULL, NULL) = -1 EAGAIN (Try again)
19463 1784159788.838458 recvfrom(43, 0x7ffcf05260, 3200, MSG_DONTWAIT, NULL, NULL) = -1 EAGAIN (Try again)
19463 1784159788.854234 recvfrom(43, "nysv\0\0\0\0\0\0\0\0\0\0\0\0]\225\322T\236\3\0\0d\234\3\0\0\0\0\0", 3200, MSG_DONTWAIT, NULL, NULL) = 32
19463 1784159788.854513 recvfrom(43, 0x7ffcf06d30, 3200, MSG_DONTWAIT, NULL, NULL) = -1 EAGAIN (Try again)
19463 1784159788.855155 recvfrom(52, 0x7af3c1d420, 2272, MSG_DONTWAIT, NULL, NULL) = -1 EAGAIN (Try again)
19463 1784159788.855978 recvfrom(43, 0x7ffcf05260, 3200, MSG_DONTWAIT, NULL, NULL) = -1 EAGAIN (Try again)
19463 1784159788.871143 recvfrom(43, "nysv\0\0\0\0\0\0\0\0\0\0\0\0\302\275\320U\236\3\0\0e\234\3\0\0\0\0\0", 3200, MSG_DONTWAIT, NULL, NULL) = 32
19463 1784159788.871439 recvfrom(43, 0x7ffcf06d30, 3200, MSG_DONTWAIT, NULL, NULL) = -1 EAGAIN (Try again)
19463 1784159788.871983 recvfrom(52, 0x7af3c1d420, 2272, MSG_DONTWAIT, NULL, NULL) = -1 EAGAIN (Try again)
19463 1784159788.872479 recvfrom(43, 0x7ffcf05260, 3200, MSG_DONTWAIT, NULL, NULL) = -1 EAGAIN (Try again)
19463 1784159788.886943 recvfrom(43, "nysv\0\0\0\0\0\0\0\0\0\0\0\0\3\36\317V\236\3\0\0f\234\3\0\0\0\0\0", 3200, MSG_DONTWAIT, NULL, NULL) = 32
19463 1784159788.887280 recvfrom(43, 0x7ffcf06d30, 3200, MSG_DONTWAIT, NULL, NULL) = -1 EAGAIN (Try again)
19463 1784159788.887773 recvfrom(52, 0x7af3c1d420, 2272, MSG_DONTWAIT, NULL, NULL) = -1 EAGAIN (Try again)
19463 1784159788.888301 recvfrom(43, 0x7ffcf05260, 3200, MSG_DONTWAIT, NULL, NULL) = -1 EAGAIN (Try again)
19463 1784159788.903993 recvfrom(43, "nysv\0\0\0\0\0\0\0\0\0\0\0\0\32d\315W\236\3\0\0g\234\3\0\0\0\0\0", 3200, MSG_DONTWAIT, NULL, NULL) = 32
19463 1784159788.904448 recvfrom(43, 0x7ffcf06d30, 3200, MSG_DONTWAIT, NULL, NULL) = -1 EAGAIN (Try again)
19463 1784159788.904905 recvfrom(52, 0x7af3c1d420, 2272, MSG_DONTWAIT, NULL, NULL) = -1 EAGAIN (Try again)
19463 1784159788.906318 recvfrom(43, 0x7ffcf05260, 3200, MSG_DONTWAIT, NULL, NULL) = -1 EAGAIN (Try again)
19469 1784159788.916079 exit(0)         = ?
19469 1784159788.916127 +++ exited with 0 +++
19471 1784159788.916972 exit(0)         = ?
19473 1784159788.917119 exit(0 <unfinished ...>
19472 1784159788.917122 exit(0 <unfinished ...>
19471 1784159788.917128 +++ exited with 0 +++
19473 1784159788.917189 <... exit resumed>) = ?
19472 1784159788.917192 <... exit resumed>) = ?
19473 1784159788.917263 +++ exited with 0 +++
19472 1784159788.917267 +++ exited with 0 +++
19483 1784159788.918039 newfstatat(AT_FDCWD, "/data", {st_mode=S_IFDIR|0771, st_size=4096, ...}, AT_SYMLINK_NOFOLLOW) = 0
19483 1784159788.918197 newfstatat(AT_FDCWD, "/data/app", {st_mode=S_IFDIR|0771, st_size=4096, ...}, AT_SYMLINK_NOFOLLOW) = 0
19483 1784159788.918354 newfstatat(AT_FDCWD, "/data/app/ca.rmen.android.scrumchatter-y47OGYaqM8b88FH1vYOSSA==", {st_mode=S_IFDIR|0775, st_size=4096, ...}, AT_SYMLINK_NOFOLLOW) = 0
19483 1784159788.918493 newfstatat(AT_FDCWD, "/data/app/ca.rmen.android.scrumchatter-y47OGYaqM8b88FH1vYOSSA==/base.apk", {st_mode=S_IFREG|0644, st_size=1859605, ...}, AT_SYMLINK_NOFOLLOW) = 0
19483 1784159788.918642 getcwd("/", 4096) = 2
19483 1784159788.918813 newfstatat(AT_FDCWD, "/base.apk", 0x7b4ffa5690, AT_SYMLINK_NOFOLLOW) = -1 ENOENT (No such file or directory)
19463 1784159788.919596 recvfrom(43, "nysv\0\0\0\0\0\0\0\0\0\0\0\0\27\346\313X\236\3\0\0h\234\3\0\0\0\0\0", 3200, MSG_DONTWAIT, NULL, NULL) = 32
19463 1784159788.919869 recvfrom(43, 0x7ffcf06d30, 3200, MSG_DONTWAIT, NULL, NULL) = -1 EAGAIN (Try again)
19463 1784159788.920652 recvfrom(52, 0x7af3c1d420, 2272, MSG_DONTWAIT, NULL, NULL) = -1 EAGAIN (Try again)
19463 1784159788.922994 recvfrom(43, 0x7ffcf05260, 3200, MSG_DONTWAIT, NULL, NULL) = -1 EAGAIN (Try again)
19463 1784159788.936569 recvfrom(43, "nysv\0\0\0\0\0\0\0\0\0\0\0\0005Y\312Y\236\3\0\0i\234\3\0\0\0\0\0", 3200, MSG_DONTWAIT, NULL, NULL) = 32
19463 1784159788.936847 recvfrom(43, 0x7ffcf06d30, 3200, MSG_DONTWAIT, NULL, NULL) = -1 EAGAIN (Try again)
19463 1784159788.937417 recvfrom(52, 0x7af3c1d420, 2272, MSG_DONTWAIT, NULL, NULL) = -1 EAGAIN (Try again)
19463 1784159788.938144 recvfrom(43, 0x7ffcf05260, 3200, MSG_DONTWAIT, NULL, NULL) = -1 EAGAIN (Try again)
19463 1784159788.953834 recvfrom(43, "nysv\0\0\0\0\0\0\0\0\0\0\0\0\245\247\310Z\236\3\0\0j\234\3\0\0\0\0\0", 3200, MSG_DONTWAIT, NULL, NULL) = 32
19463 1784159788.954247 recvfrom(43, 0x7ffcf06d30, 3200, MSG_DONTWAIT, NULL, NULL) = -1 EAGAIN (Try again)
19463 1784159788.954676 recvfrom(52, 0x7af3c1d420, 2272, MSG_DONTWAIT, NULL, NULL) = -1 EAGAIN (Try again)
19463 1784159788.955284 recvfrom(43, 0x7ffcf05260, 3200, MSG_DONTWAIT, NULL, NULL) = -1 EAGAIN (Try again)
19463 1784159788.969946 recvfrom(43, "nysv\0\0\0\0\0\0\0\0\0\0\0\0\177$\307[\236\3\0\0k\234\3\0\0\0\0\0", 3200, MSG_DONTWAIT, NULL, NULL) = 32
19463 1784159788.970284 recvfrom(43, 0x7ffcf06d30, 3200, MSG_DONTWAIT, NULL, NULL) = -1 EAGAIN (Try again)
19463 1784159788.970752 recvfrom(52, 0x7af3c1d420, 2272, MSG_DONTWAIT, NULL, NULL) = -1 EAGAIN (Try again)
19463 1784159788.972777 recvfrom(43, 0x7ffcf05260, 3200, MSG_DONTWAIT, NULL, NULL) = -1 EAGAIN (Try again)
19463 1784159788.987593 recvfrom(43, "nysv\0\0\0\0\0\0\0\0\0\0\0\0\360Y\305\\\236\3\0\0l\234\3\0\0\0\0\0", 3200, MSG_DONTWAIT, NULL, NULL) = 32
19463 1784159788.988096 recvfrom(43, 0x7ffcf06d30, 3200, MSG_DONTWAIT, NULL, NULL) = -1 EAGAIN (Try again)
19463 1784159788.988465 recvfrom(52, 0x7af3c1d420, 2272, MSG_DONTWAIT, NULL, NULL) = -1 EAGAIN (Try again)
19463 1784159788.990903 recvfrom(43, 0x7ffcf05260, 3200, MSG_DONTWAIT, NULL, NULL) = -1 EAGAIN (Try again)
19463 1784159789.003584 recvfrom(43, "nysv\0\0\0\0\0\0\0\0\0\0\0\0^\303\303]\236\3\0\0m\234\3\0\0\0\0\0", 3200, MSG_DONTWAIT, NULL, NULL) = 32
19463 1784159789.003883 recvfrom(43, 0x7ffcf06d30, 3200, MSG_DONTWAIT, NULL, NULL) = -1 EAGAIN (Try again)
19463 1784159789.004308 recvfrom(52, 0x7af3c1d420, 2272, MSG_DONTWAIT, NULL, NULL) = -1 EAGAIN (Try again)
19463 1784159789.005343 recvfrom(43, 0x7ffcf05260, 3200, MSG_DONTWAIT, NULL, NULL) = -1 EAGAIN (Try again)
19463 1784159789.019833 recvfrom(43, "nysv\0\0\0\0\0\0\0\0\0\0\0\0\210\23\302^\236\3\0\0n\234\3\0\0\0\0\0", 3200, MSG_DONTWAIT, NULL, NULL) = 32
19463 1784159789.020132 recvfrom(43, 0x7ffcf06d30, 3200, MSG_DONTWAIT, NULL, NULL) = -1 EAGAIN (Try again)
19463 1784159789.020662 recvfrom(52, 0x7af3c1d420, 2272, MSG_DONTWAIT, NULL, NULL) = -1 EAGAIN (Try again)
19463 1784159789.020996 recvfrom(43, 0x7ffcf05260, 3200, MSG_DONTWAIT, NULL, NULL) = -1 EAGAIN (Try again)
19463 1784159789.036941 recvfrom(43, "nysv\0\0\0\0\0\0\0\0\0\0\0\0\206{\300_\236\3\0\0o\234\3\0\0\0\0\0", 3200, MSG_DONTWAIT, NULL, NULL) = 32
19463 1784159789.037295 recvfrom(43, 0x7ffcf06d30, 3200, MSG_DONTWAIT, NULL, NULL) = -1 EAGAIN (Try again)
19463 1784159789.037816 recvfrom(52, 0x7af3c1d420, 2272, MSG_DONTWAIT, NULL, NULL) = -1 EAGAIN (Try again)
19463 1784159789.039679 recvfrom(43, 0x7ffcf05260, 3200, MSG_DONTWAIT, NULL, NULL) = -1 EAGAIN (Try again)
19463 1784159789.054070 recvfrom(43, "nysv\0\0\0\0\0\0\0\0\0\0\0\0\341\276\276`\236\3\0\0p\234\3\0\0\0\0\0", 3200, MSG_DONTWAIT, NULL, NULL) = 32
19463 1784159789.054446 recvfrom(43, 0x7ffcf06d30, 3200, MSG_DONTWAIT, NULL, NULL) = -1 EAGAIN (Try again)
19463 1784159789.055023 recvfrom(52, 0x7af3c1d420, 2272, MSG_DONTWAIT, NULL, NULL) = -1 EAGAIN (Try again)
19463 1784159789.055478 recvfrom(43, 0x7ffcf05260, 3200, MSG_DONTWAIT, NULL, NULL) = -1 EAGAIN (Try again)
19463 1784159789.070851 recvfrom(43, "nysv\0\0\0\0\0\0\0\0\0\0\0\0r\375\274a\236\3\0\0q\234\3\0\0\0\0\0", 3200, MSG_DONTWAIT, NULL, NULL) = 32
19463 1784159789.071199 recvfrom(43, 0x7ffcf06d30, 3200, MSG_DONTWAIT, NULL, NULL) = -1 EAGAIN (Try again)
19463 1784159789.071815 recvfrom(52, 0x7af3c1d420, 2272, MSG_DONTWAIT, NULL, NULL) = -1 EAGAIN (Try again)
19463 1784159789.073663 recvfrom(43, 0x7ffcf05260, 3200, MSG_DONTWAIT, NULL, NULL) = -1 EAGAIN (Try again)
19463 1784159789.087766 recvfrom(43, "nysv\0\0\0\0\0\0\0\0\0\0\0\0\327+\273b\236\3\0\0r\234\3\0\0\0\0\0", 3200, MSG_DONTWAIT, NULL, NULL) = 32
19463 1784159789.088151 recvfrom(43, 0x7ffcf06d30, 3200, MSG_DONTWAIT, NULL, NULL) = -1 EAGAIN (Try again)
19463 1784159789.088700 recvfrom(52, 0x7af3c1d420, 2272, MSG_DONTWAIT, NULL, NULL) = -1 EAGAIN (Try again)
19463 1784159789.089130 recvfrom(43, 0x7ffcf05260, 3200, MSG_DONTWAIT, NULL, NULL) = -1 EAGAIN (Try again)
19463 1784159789.105313 recvfrom(43, "nysv\0\0\0\0\0\0\0\0\0\0\0\0\371&\271c\236\3\0\0s\234\3\0\0\0\0\0", 3200, MSG_DONTWAIT, NULL, NULL) = 32
19463 1784159789.105660 recvfrom(43, 0x7ffcf06d30, 3200, MSG_DONTWAIT, NULL, NULL) = -1 EAGAIN (Try again)
19463 1784159789.106330 recvfrom(52, 0x7af3c1d420, 2272, MSG_DONTWAIT, NULL, NULL) = -1 EAGAIN (Try again)
19463 1784159789.106973 recvfrom(43, 0x7ffcf05260, 3200, MSG_DONTWAIT, NULL, NULL) = -1 EAGAIN (Try again)
19463 1784159789.120133 recvfrom(43, "nysv\0\0\0\0\0\0\0\0\0\0\0\0>\216\267d\236\3\0\0t\234\3\0\0\0\0\0", 3200, MSG_DONTWAIT, NULL, NULL) = 32
19463 1784159789.120516 recvfrom(43, 0x7ffcf06d30, 3200, MSG_DONTWAIT, NULL, NULL) = -1 EAGAIN (Try again)
19463 1784159789.121095 recvfrom(52, 0x7af3c1d420, 2272, MSG_DONTWAIT, NULL, NULL) = -1 EAGAIN (Try again)
19463 1784159789.122894 recvfrom(43, 0x7ffcf05260, 3200, MSG_DONTWAIT, NULL, NULL) = -1 EAGAIN (Try again)
19463 1784159789.136331 recvfrom(43, "nysv\0\0\0\0\0\0\0\0\0\0\0\0h\336\265e\236\3\0\0u\234\3\0\0\0\0\0", 3200, MSG_DONTWAIT, NULL, NULL) = 32
19463 1784159789.136761 recvfrom(43, 0x7ffcf06d30, 3200, MSG_DONTWAIT, NULL, NULL) = -1 EAGAIN (Try again)
19463 1784159789.139297 recvfrom(52, 0x7af3c1d420, 2272, MSG_DONTWAIT, NULL, NULL) = -1 EAGAIN (Try again)
19463 1784159789.140542 recvfrom(43, 0x7ffcf05260, 3200, MSG_DONTWAIT, NULL, NULL) = -1 EAGAIN (Try again)
19463 1784159789.153120 recvfrom(43, "nysv\0\0\0\0\0\0\0\0\0\0\0\0\322U\264f\236\3\0\0v\234\3\0\0\0\0\0", 3200, MSG_DONTWAIT, NULL, NULL) = 32
19463 1784159789.153624 recvfrom(43, 0x7ffcf06d30, 3200, MSG_DONTWAIT, NULL, NULL) = -1 EAGAIN (Try again)
19463 1784159789.154614 recvfrom(52, 0x7af3c1d420, 2272, MSG_DONTWAIT, NULL, NULL) = -1 EAGAIN (Try again)
19463 1784159789.156442 recvfrom(43, 0x7ffcf05260, 3200, MSG_DONTWAIT, NULL, NULL) = -1 EAGAIN (Try again)
19463 1784159789.170603 recvfrom(43, "nysv\0\0\0\0\0\0\0\0\0\0\0\0\360\241\262g\236\3\0\0w\234\3\0\0\0\0\0", 3200, MSG_DONTWAIT, NULL, NULL) = 32
19463 1784159789.171075 recvfrom(43, 0x7ffcf06d30, 3200, MSG_DONTWAIT, NULL, NULL) = -1 EAGAIN (Try again)
19463 1784159789.171671 recvfrom(52, 0x7af3c1d420, 2272, MSG_DONTWAIT, NULL, NULL) = -1 EAGAIN (Try again)
19463 1784159789.172886 recvfrom(43, 0x7ffcf05260, 3200, MSG_DONTWAIT, NULL, NULL) = -1 EAGAIN (Try again)
19463 1784159789.186499 recvfrom(43, "nysv\0\0\0\0\0\0\0\0\0\0\0\0C)\261h\236\3\0\0x\234\3\0\0\0\0\0", 3200, MSG_DONTWAIT, NULL, NULL) = 32
19463 1784159789.186902 recvfrom(43, 0x7ffcf06d30, 3200, MSG_DONTWAIT, NULL, NULL) = -1 EAGAIN (Try again)
19463 1784159789.187405 recvfrom(52, 0x7af3c1d420, 2272, MSG_DONTWAIT, NULL, NULL) = -1 EAGAIN (Try again)
19463 1784159789.187758 recvfrom(43, 0x7ffcf05260, 3200, MSG_DONTWAIT, NULL, NULL) = -1 EAGAIN (Try again)
19463 1784159789.204744 recvfrom(43, "nysv\0\0\0\0\0\0\0\0\0\0\0\0:E\257i\236\3\0\0y\234\3\0\0\0\0\0", 3200, MSG_DONTWAIT, NULL, NULL) = 32
19463 1784159789.205276 recvfrom(43, 0x7ffcf06d30, 3200, MSG_DONTWAIT, NULL, NULL) = -1 EAGAIN (Try again)
19463 1784159789.205834 recvfrom(52, 0x7af3c1d420, 2272, MSG_DONTWAIT, NULL, NULL) = -1 EAGAIN (Try again)
19463 1784159789.206636 recvfrom(43, 0x7ffcf05260, 3200, MSG_DONTWAIT, NULL, NULL) = -1 EAGAIN (Try again)
19463 1784159789.219885 recvfrom(43, "nysv\0\0\0\0\0\0\0\0\0\0\0\0\203\270\255j\236\3\0\0z\234\3\0\0\0\0\0", 3200, MSG_DONTWAIT, NULL, NULL) = 32
19463 1784159789.220237 recvfrom(43, 0x7ffcf06d30, 3200, MSG_DONTWAIT, NULL, NULL) = -1 EAGAIN (Try again)
19463 1784159789.220745 recvfrom(52, 0x7af3c1d420, 2272, MSG_DONTWAIT, NULL, NULL) = -1 EAGAIN (Try again)
19463 1784159789.221316 recvfrom(43, 0x7ffcf05260, 3200, MSG_DONTWAIT, NULL, NULL) = -1 EAGAIN (Try again)
19463 1784159789.236539 recvfrom(43, "nysv\0\0\0\0\0\0\0\0\0\0\0\0*)\254k\236\3\0\0{\234\3\0\0\0\0\0", 3200, MSG_DONTWAIT, NULL, NULL) = 32
19463 1784159789.236804 recvfrom(43, 0x7ffcf06d30, 3200, MSG_DONTWAIT, NULL, NULL) = -1 EAGAIN (Try again)
19463 1784159789.237456 recvfrom(52, 0x7af3c1d420, 2272, MSG_DONTWAIT, NULL, NULL) = -1 EAGAIN (Try again)
19463 1784159789.237841 recvfrom(43, 0x7ffcf05260, 3200, MSG_DONTWAIT, NULL, NULL) = -1 EAGAIN (Try again)
19463 1784159789.254107 recvfrom(43, "nysv\0\0\0\0\0\0\0\0\0\0\0\0\6w\252l\236\3\0\0|\234\3\0\0\0\0\0", 3200, MSG_DONTWAIT, NULL, NULL) = 32
19463 1784159789.254476 recvfrom(43, 0x7ffcf06d30, 3200, MSG_DONTWAIT, NULL, NULL) = -1 EAGAIN (Try again)
19463 1784159789.254997 recvfrom(52, 0x7af3c1d420, 2272, MSG_DONTWAIT, NULL, NULL) = -1 EAGAIN (Try again)
19463 1784159789.256995 recvfrom(43, 0x7ffcf05260, 3200, MSG_DONTWAIT, NULL, NULL) = -1 EAGAIN (Try again)
19463 1784159789.270552 recvfrom(43, "nysv\0\0\0\0\0\0\0\0\0\0\0\0\316\302\250m\236\3\0\0}\234\3\0\0\0\0\0", 3200, MSG_DONTWAIT, NULL, NULL) = 32
19463 1784159789.270889 recvfrom(43, 0x7ffcf06d30, 3200, MSG_DONTWAIT, NULL, NULL) = -1 EAGAIN (Try again)
19463 1784159789.271646 recvfrom(52, 0x7af3c1d420, 2272, MSG_DONTWAIT, NULL, NULL) = -1 EAGAIN (Try again)
19463 1784159789.272397 recvfrom(43, 0x7ffcf05260, 3200, MSG_DONTWAIT, NULL, NULL) = -1 EAGAIN (Try again)
19463 1784159789.287637 recvfrom(43, "nysv\0\0\0\0\0\0\0\0\0\0\0\0\6\f\247n\236\3\0\0~\234\3\0\0\0\0\0", 3200, MSG_DONTWAIT, NULL, NULL) = 32
19463 1784159789.288173 recvfrom(43, 0x7ffcf06d30, 3200, MSG_DONTWAIT, NULL, NULL) = -1 EAGAIN (Try again)
19463 1784159789.290436 recvfrom(52, 0x7af3c1d420, 2272, MSG_DONTWAIT, NULL, NULL) = -1 EAGAIN (Try again)
19463 1784159789.291112 recvfrom(43, 0x7ffcf05260, 3200, MSG_DONTWAIT, NULL, NULL) = -1 EAGAIN (Try again)
19463 1784159789.303341 recvfrom(43, "nysv\0\0\0\0\0\0\0\0\0\0\0\0L}\245o\236\3\0\0\177\234\3\0\0\0\0\0", 3200, MSG_DONTWAIT, NULL, NULL) = 32
19463 1784159789.303646 recvfrom(43, 0x7ffcf06d30, 3200, MSG_DONTWAIT, NULL, NULL) = -1 EAGAIN (Try again)
19463 1784159789.304232 recvfrom(52, 0x7af3c1d420, 2272, MSG_DONTWAIT, NULL, NULL) = -1 EAGAIN (Try again)
19463 1784159789.304690 recvfrom(43, 0x7ffcf05260, 3200, MSG_DONTWAIT, NULL, NULL) = -1 EAGAIN (Try again)
19463 1784159789.319952 recvfrom(43, "nysv\0\0\0\0\0\0\0\0\0\0\0\0i\367\243p\236\3\0\0\200\234\3\0\0\0\0\0", 3200, MSG_DONTWAIT, NULL, NULL) = 32
19463 1784159789.320345 recvfrom(43, 0x7ffcf06d30, 3200, MSG_DONTWAIT, NULL, NULL) = -1 EAGAIN (Try again)
19463 1784159789.320861 recvfrom(52, 0x7af3c1d420, 2272, MSG_DONTWAIT, NULL, NULL) = -1 EAGAIN (Try again)
19463 1784159789.321549 recvfrom(43, 0x7ffcf05260, 3200, MSG_DONTWAIT, NULL, NULL) = -1 EAGAIN (Try again)
19463 1784159789.336898 recvfrom(43, "nysv\0\0\0\0\0\0\0\0\0\0\0\0/V\242q\236\3\0\0\201\234\3\0\0\0\0\0", 3200, MSG_DONTWAIT, NULL, NULL) = 32
19463 1784159789.337270 recvfrom(43, 0x7ffcf06d30, 3200, MSG_DONTWAIT, NULL, NULL) = -1 EAGAIN (Try again)
19463 1784159789.337965 recvfrom(52, 0x7af3c1d420, 2272, MSG_DONTWAIT, NULL, NULL) = -1 EAGAIN (Try again)
19463 1784159789.338516 recvfrom(43, 0x7ffcf05260, 3200, MSG_DONTWAIT, NULL, NULL) = -1 EAGAIN (Try again)
19463 1784159789.354552 recvfrom(43, "nysv\0\0\0\0\0\0\0\0\0\0\0\0\270z\240r\236\3\0\0\202\234\3\0\0\0\0\0", 3200, MSG_DONTWAIT, NULL, NULL) = 32
19463 1784159789.354910 recvfrom(43, 0x7ffcf06d30, 3200, MSG_DONTWAIT, NULL, NULL) = -1 EAGAIN (Try again)
19463 1784159789.355449 recvfrom(52, 0x7af3c1d420, 2272, MSG_DONTWAIT, NULL, NULL) = -1 EAGAIN (Try again)
19463 1784159789.355820 recvfrom(43, 0x7ffcf05260, 3200, MSG_DONTWAIT, NULL, NULL) = -1 EAGAIN (Try again)
19463 1784159789.370790 recvfrom(43, "nysv\0\0\0\0\0\0\0\0\0\0\0\0\370\276\236s\236\3\0\0\203\234\3\0\0\0\0\0", 3200, MSG_DONTWAIT, NULL, NULL) = 32
19463 1784159789.371191 recvfrom(43, 0x7ffcf06d30, 3200, MSG_DONTWAIT, NULL, NULL) = -1 EAGAIN (Try again)
19463 1784159789.371752 recvfrom(52, 0x7af3c1d420, 2272, MSG_DONTWAIT, NULL, NULL) = -1 EAGAIN (Try again)
19463 1784159789.373895 recvfrom(43, 0x7ffcf05260, 3200, MSG_DONTWAIT, NULL, NULL) = -1 EAGAIN (Try again)
19463 1784159789.387122 recvfrom(43, "nysv\0\0\0\0\0\0\0\0\0\0\0\0\250\20\235t\236\3\0\0\204\234\3\0\0\0\0\0", 3200, MSG_DONTWAIT, NULL, NULL) = 32
19463 1784159789.387456 recvfrom(43, 0x7ffcf06d30, 3200, MSG_DONTWAIT, NULL, NULL) = -1 EAGAIN (Try again)
19463 1784159789.388116 recvfrom(52, 0x7af3c1d420, 2272, MSG_DONTWAIT, NULL, NULL) = -1 EAGAIN (Try again)
19463 1784159789.389008 recvfrom(43, 0x7ffcf05260, 3200, MSG_DONTWAIT, NULL, NULL) = -1 EAGAIN (Try again)
19463 1784159789.403241 recvfrom(43, "nysv\0\0\0\0\0\0\0\0\0\0\0\0\rU\233u\236\3\0\0\205\234\3\0\0\0\0\0", 3200, MSG_DONTWAIT, NULL, NULL) = 32
19463 1784159789.403713 recvfrom(43, 0x7ffcf06d30, 3200, MSG_DONTWAIT, NULL, NULL) = -1 EAGAIN (Try again)
19463 1784159789.404288 recvfrom(52, 0x7af3c1d420, 2272, MSG_DONTWAIT, NULL, NULL) = -1 EAGAIN (Try again)
19463 1784159789.405021 recvfrom(43, 0x7ffcf05260, 3200, MSG_DONTWAIT, NULL, NULL) = -1 EAGAIN (Try again)
19463 1784159789.419887 recvfrom(43, "nysv\0\0\0\0\0\0\0\0\0\0\0\0\237\314\231v\236\3\0\0\206\234\3\0\0\0\0\0", 3200, MSG_DONTWAIT, NULL, NULL) = 32
19463 1784159789.420258 recvfrom(43, 0x7ffcf06d30, 3200, MSG_DONTWAIT, NULL, NULL) = -1 EAGAIN (Try again)
19463 1784159789.420799 recvfrom(52, 0x7af3c1d420, 2272, MSG_DONTWAIT, NULL, NULL) = -1 EAGAIN (Try again)
19463 1784159789.421435 recvfrom(43, 0x7ffcf05260, 3200, MSG_DONTWAIT, NULL, NULL) = -1 EAGAIN (Try again)
19463 1784159789.437166 recvfrom(43, "nysv\0\0\0\0\0\0\0\0\0\0\0\0\16+\230w\236\3\0\0\207\234\3\0\0\0\0\0", 3200, MSG_DONTWAIT, NULL, NULL) = 32
19463 1784159789.437505 recvfrom(43, 0x7ffcf06d30, 3200, MSG_DONTWAIT, NULL, NULL) = -1 EAGAIN (Try again)
19463 1784159789.437993 recvfrom(52, 0x7af3c1d420, 2272, MSG_DONTWAIT, NULL, NULL) = -1 EAGAIN (Try again)
19463 1784159789.438470 recvfrom(43, 0x7ffcf05260, 3200, MSG_DONTWAIT, NULL, NULL) = -1 EAGAIN (Try again)
19463 1784159789.454193 recvfrom(43, "nysv\0\0\0\0\0\0\0\0\0\0\0\0005o\226x\236\3\0\0\210\234\3\0\0\0\0\0", 3200, MSG_DONTWAIT, NULL, NULL) = 32
19463 1784159789.454545 recvfrom(43, 0x7ffcf06d30, 3200, MSG_DONTWAIT, NULL, NULL) = -1 EAGAIN (Try again)
19463 1784159789.455035 recvfrom(52, 0x7af3c1d420, 2272, MSG_DONTWAIT, NULL, NULL) = -1 EAGAIN (Try again)
19463 1784159789.455588 recvfrom(43, 0x7ffcf05260, 3200, MSG_DONTWAIT, NULL, NULL) = -1 EAGAIN (Try again)
19463 1784159789.471348 recvfrom(43, "nysv\0\0\0\0\0\0\0\0\0\0\0\0\347\226\224y\236\3\0\0\211\234\3\0\0\0\0\0", 3200, MSG_DONTWAIT, NULL, NULL) = 32
19463 1784159789.471761 recvfrom(43, 0x7ffcf06d30, 3200, MSG_DONTWAIT, NULL, NULL) = -1 EAGAIN (Try again)
19463 1784159789.472248 recvfrom(52, 0x7af3c1d420, 2272, MSG_DONTWAIT, NULL, NULL) = -1 EAGAIN (Try again)
19463 1784159789.474486 recvfrom(43, 0x7ffcf05260, 3200, MSG_DONTWAIT, NULL, NULL) = -1 EAGAIN (Try again)
19463 1784159789.487549 recvfrom(43, "nysv\0\0\0\0\0\0\0\0\0\0\0\0\270\321\222z\236\3\0\0\212\234\3\0\0\0\0\0", 3200, MSG_DONTWAIT, NULL, NULL) = 32
19463 1784159789.487895 recvfrom(43, 0x7ffcf06d30, 3200, MSG_DONTWAIT, NULL, NULL) = -1 EAGAIN (Try again)
19463 1784159789.488470 recvfrom(52, 0x7af3c1d420, 2272, MSG_DONTWAIT, NULL, NULL) = -1 EAGAIN (Try again)
19463 1784159789.488926 recvfrom(43, 0x7ffcf05260, 3200, MSG_DONTWAIT, NULL, NULL) = -1 EAGAIN (Try again)
19463 1784159789.504283 recvfrom(43, "nysv\0\0\0\0\0\0\0\0\0\0\0\0\311\17\221{\236\3\0\0\213\234\3\0\0\0\0\0", 3200, MSG_DONTWAIT, NULL, NULL) = 32
19463 1784159789.504678 recvfrom(43, 0x7ffcf06d30, 3200, MSG_DONTWAIT, NULL, NULL) = -1 EAGAIN (Try again)
19463 1784159789.505381 recvfrom(52, 0x7af3c1d420, 2272, MSG_DONTWAIT, NULL, NULL) = -1 EAGAIN (Try again)
19463 1784159789.507751 recvfrom(43, 0x7ffcf05260, 3200, MSG_DONTWAIT, NULL, NULL) = -1 EAGAIN (Try again)
19463 1784159789.520560 recvfrom(43, "nysv\0\0\0\0\0\0\0\0\0\0\0\0Dc\217|\236\3\0\0\214\234\3\0\0\0\0\0", 3200, MSG_DONTWAIT, NULL, NULL) = 32
19463 1784159789.520983 recvfrom(43, 0x7ffcf06d30, 3200, MSG_DONTWAIT, NULL, NULL) = -1 EAGAIN (Try again)
19463 1784159789.521505 recvfrom(52, 0x7af3c1d420, 2272, MSG_DONTWAIT, NULL, NULL) = -1 EAGAIN (Try again)
19463 1784159789.522372 recvfrom(43, 0x7ffcf05260, 3200, MSG_DONTWAIT, NULL, NULL) = -1 EAGAIN (Try again)
19463 1784159789.536781 recvfrom(43, "nysv\0\0\0\0\0\0\0\0\0\0\0\0\207\311\215}\236\3\0\0\215\234\3\0\0\0\0\0", 3200, MSG_DONTWAIT, NULL, NULL) = 32
19463 1784159789.537153 recvfrom(43, 0x7ffcf06d30, 3200, MSG_DONTWAIT, NULL, NULL) = -1 EAGAIN (Try again)
19463 1784159789.537716 recvfrom(52, 0x7af3c1d420, 2272, MSG_DONTWAIT, NULL, NULL) = -1 EAGAIN (Try again)
19463 1784159789.538653 recvfrom(43, 0x7ffcf05260, 3200, MSG_DONTWAIT, NULL, NULL) = -1 EAGAIN (Try again)
19463 1784159789.553226 recvfrom(43, "nysv\0\0\0\0\0\0\0\0\0\0\0\0h@\214~\236\3\0\0\216\234\3\0\0\0\0\0", 3200, MSG_DONTWAIT, NULL, NULL) = 32
19463 1784159789.553683 recvfrom(43, 0x7ffcf06d30, 3200, MSG_DONTWAIT, NULL, NULL) = -1 EAGAIN (Try again)
19463 1784159789.554226 recvfrom(52, 0x7af3c1d420, 2272, MSG_DONTWAIT, NULL, NULL) = -1 EAGAIN (Try again)
19463 1784159789.556252 recvfrom(43, 0x7ffcf05260, 3200, MSG_DONTWAIT, NULL, NULL) = -1 EAGAIN (Try again)
19463 1784159789.570760 recvfrom(43, "nysv\0\0\0\0\0\0\0\0\0\0\0\0i~\212\177\236\3\0\0\217\234\3\0\0\0\0\0", 3200, MSG_DONTWAIT, NULL, NULL) = 32
19463 1784159789.571163 recvfrom(43, 0x7ffcf06d30, 3200, MSG_DONTWAIT, NULL, NULL) = -1 EAGAIN (Try again)
19463 1784159789.571730 recvfrom(52, 0x7af3c1d420, 2272, MSG_DONTWAIT, NULL, NULL) = -1 EAGAIN (Try again)
19463 1784159789.572237 recvfrom(43, 0x7ffcf05260, 3200, MSG_DONTWAIT, NULL, NULL) = -1 EAGAIN (Try again)
19463 1784159789.587743 recvfrom(43, "nysv\0\0\0\0\0\0\0\0\0\0\0\0\344\247\210\200\236\3\0\0\220\234\3\0\0\0\0\0", 3200, MSG_DONTWAIT, NULL, NULL) = 32
19463 1784159789.588040 recvfrom(43, 0x7ffcf06d30, 3200, MSG_DONTWAIT, NULL, NULL) = -1 EAGAIN (Try again)
19463 1784159789.588713 recvfrom(52, 0x7af3c1d420, 2272, MSG_DONTWAIT, NULL, NULL) = -1 EAGAIN (Try again)
19463 1784159789.589088 recvfrom(43, 0x7ffcf05260, 3200, MSG_DONTWAIT, NULL, NULL) = -1 EAGAIN (Try again)
19463 1784159789.603795 recvfrom(43, "nysv\0\0\0\0\0\0\0\0\0\0\0\0\373\0\207\201\236\3\0\0\221\234\3\0\0\0\0\0", 3200, MSG_DONTWAIT, NULL, NULL) = 32
19463 1784159789.604117 recvfrom(43, 0x7ffcf06d30, 3200, MSG_DONTWAIT, NULL, NULL) = -1 EAGAIN (Try again)
19463 1784159789.604736 recvfrom(52, 0x7af3c1d420, 2272, MSG_DONTWAIT, NULL, NULL) = -1 EAGAIN (Try again)
19463 1784159789.606857 recvfrom(43, 0x7ffcf05260, 3200, MSG_DONTWAIT, NULL, NULL) = -1 EAGAIN (Try again)
19463 1784159789.619817 recvfrom(43, "nysv\0\0\0\0\0\0\0\0\0\0\0\0\36{\205\202\236\3\0\0\222\234\3\0\0\0\0\0", 3200, MSG_DONTWAIT, NULL, NULL) = 32
19463 1784159789.620080 recvfrom(43, 0x7ffcf06d30, 3200, MSG_DONTWAIT, NULL, NULL) = -1 EAGAIN (Try again)
19463 1784159789.620764 recvfrom(52, 0x7af3c1d420, 2272, MSG_DONTWAIT, NULL, NULL) = -1 EAGAIN (Try again)
19463 1784159789.621440 recvfrom(43, 0x7ffcf05260, 3200, MSG_DONTWAIT, NULL, NULL) = -1 EAGAIN (Try again)
19463 1784159789.636854 recvfrom(43, "nysv\0\0\0\0\0\0\0\0\0\0\0\0\322\340\203\203\236\3\0\0\223\234\3\0\0\0\0\0", 3200, MSG_DONTWAIT, NULL, NULL) = 32
19463 1784159789.637168 recvfrom(43, 0x7ffcf06d30, 3200, MSG_DONTWAIT, NULL, NULL) = -1 EAGAIN (Try again)
19463 1784159789.637847 recvfrom(52, 0x7af3c1d420, 2272, MSG_DONTWAIT, NULL, NULL) = -1 EAGAIN (Try again)
19463 1784159789.640175 recvfrom(43, 0x7ffcf05260, 3200, MSG_DONTWAIT, NULL, NULL) = -1 EAGAIN (Try again)
19463 1784159789.654230 recvfrom(43, "nysv\0\0\0\0\0\0\0\0\0\0\0\0i \202\204\236\3\0\0\224\234\3\0\0\0\0\0", 3200, MSG_DONTWAIT, NULL, NULL) = 32
19463 1784159789.654518 recvfrom(43, 0x7ffcf06d30, 3200, MSG_DONTWAIT, NULL, NULL) = -1 EAGAIN (Try again)
19463 1784159789.655142 recvfrom(52, 0x7af3c1d420, 2272, MSG_DONTWAIT, NULL, NULL) = -1 EAGAIN (Try again)
19463 1784159789.657144 recvfrom(43, 0x7ffcf05260, 3200, MSG_DONTWAIT, NULL, NULL) = -1 EAGAIN (Try again)
19463 1784159789.670859 recvfrom(43, "nysv\0\0\0\0\0\0\0\0\0\0\0\0\211g\200\205\236\3\0\0\225\234\3\0\0\0\0\0", 3200, MSG_DONTWAIT, NULL, NULL) = 32
19463 1784159789.671332 recvfrom(43, 0x7ffcf06d30, 3200, MSG_DONTWAIT, NULL, NULL) = -1 EAGAIN (Try again)
19463 1784159789.671744 recvfrom(52, 0x7af3c1d420, 2272, MSG_DONTWAIT, NULL, NULL) = -1 EAGAIN (Try again)
19463 1784159789.672600 recvfrom(43, 0x7ffcf05260, 3200, MSG_DONTWAIT, NULL, NULL) = -1 EAGAIN (Try again)
19463 1784159789.687535 recvfrom(43, "nysv\0\0\0\0\0\0\0\0\0\0\0\0x\243~\206\236\3\0\0\226\234\3\0\0\0\0\0", 3200, MSG_DONTWAIT, NULL, NULL) = 32
19463 1784159789.688000 recvfrom(43, 0x7ffcf06d30, 3200, MSG_DONTWAIT, NULL, NULL) = -1 EAGAIN (Try again)
19463 1784159789.688373 recvfrom(52, 0x7af3c1d420, 2272, MSG_DONTWAIT, NULL, NULL) = -1 EAGAIN (Try again)
19463 1784159789.690546 recvfrom(43, 0x7ffcf05260, 3200, MSG_DONTWAIT, NULL, NULL) = -1 EAGAIN (Try again)
19463 1784159789.703266 recvfrom(43, "nysv\0\0\0\0\0\0\0\0\0\0\0\0\204\31}\207\236\3\0\0\227\234\3\0\0\0\0\0", 3200, MSG_DONTWAIT, NULL, NULL) = 32
19463 1784159789.703652 recvfrom(43, 0x7ffcf06d30, 3200, MSG_DONTWAIT, NULL, NULL) = -1 EAGAIN (Try again)
19463 1784159789.704277 recvfrom(52, 0x7af3c1d420, 2272, MSG_DONTWAIT, NULL, NULL) = -1 EAGAIN (Try again)
19463 1784159789.704916 recvfrom(43, 0x7ffcf05260, 3200, MSG_DONTWAIT, NULL, NULL) = -1 EAGAIN (Try again)
19463 1784159789.720206 recvfrom(43, "nysv\0\0\0\0\0\0\0\0\0\0\0\0\213~{\210\236\3\0\0\230\234\3\0\0\0\0\0", 3200, MSG_DONTWAIT, NULL, NULL) = 32
19463 1784159789.720555 recvfrom(43, 0x7ffcf06d30, 3200, MSG_DONTWAIT, NULL, NULL) = -1 EAGAIN (Try again)
19463 1784159789.721294 recvfrom(52, 0x7af3c1d420, 2272, MSG_DONTWAIT, NULL, NULL) = -1 EAGAIN (Try again)
19463 1784159789.722049 recvfrom(43, 0x7ffcf05260, 3200, MSG_DONTWAIT, NULL, NULL) = -1 EAGAIN (Try again)
19463 1784159789.737735 recvfrom(43, "nysv\0\0\0\0\0\0\0\0\0\0\0\0\3\260y\211\236\3\0\0\231\234\3\0\0\0\0\0", 3200, MSG_DONTWAIT, NULL, NULL) = 32
19463 1784159789.738218 recvfrom(43, 0x7ffcf06d30, 3200, MSG_DONTWAIT, NULL, NULL) = -1 EAGAIN (Try again)
19463 1784159789.738790 recvfrom(52, 0x7af3c1d420, 2272, MSG_DONTWAIT, NULL, NULL) = -1 EAGAIN (Try again)
19463 1784159789.739418 recvfrom(43, 0x7ffcf05260, 3200, MSG_DONTWAIT, NULL, NULL) = -1 EAGAIN (Try again)
19463 1784159789.754160 recvfrom(43, "nysv\0\0\0\0\0\0\0\0\0\0\0\0'\rx\212\236\3\0\0\232\234\3\0\0\0\0\0", 3200, MSG_DONTWAIT, NULL, NULL) = 32
19463 1784159789.754559 recvfrom(43, 0x7ffcf06d30, 3200, MSG_DONTWAIT, NULL, NULL) = -1 EAGAIN (Try again)
19463 1784159789.755089 recvfrom(52, 0x7af3c1d420, 2272, MSG_DONTWAIT, NULL, NULL) = -1 EAGAIN (Try again)
19463 1784159789.757335 recvfrom(43, 0x7ffcf05260, 3200, MSG_DONTWAIT, NULL, NULL) = -1 EAGAIN (Try again)
19463 1784159789.770964 recvfrom(43, "nysv\0\0\0\0\0\0\0\0\0\0\0\0\301Ev\213\236\3\0\0\233\234\3\0\0\0\0\0", 3200, MSG_DONTWAIT, NULL, NULL) = 32
19463 1784159789.771489 recvfrom(43, 0x7ffcf06d30, 3200, MSG_DONTWAIT, NULL, NULL) = -1 EAGAIN (Try again)
19463 1784159789.771831 recvfrom(52, 0x7af3c1d420, 2272, MSG_DONTWAIT, NULL, NULL) = -1 EAGAIN (Try again)
19463 1784159789.772429 recvfrom(43, 0x7ffcf05260, 3200, MSG_DONTWAIT, NULL, NULL) = -1 EAGAIN (Try again)
19463 1784159789.787173 recvfrom(43, "nysv\0\0\0\0\0\0\0\0\0\0\0\0\177\250t\214\236\3\0\0\234\234\3\0\0\0\0\0", 3200, MSG_DONTWAIT, NULL, NULL) = 32
19463 1784159789.787641 recvfrom(43, 0x7ffcf06d30, 3200, MSG_DONTWAIT, NULL, NULL) = -1 EAGAIN (Try again)
19463 1784159789.788132 recvfrom(52, 0x7af3c1d420, 2272, MSG_DONTWAIT, NULL, NULL) = -1 EAGAIN (Try again)
19463 1784159789.791411 recvfrom(43, 0x7ffcf05260, 3200, MSG_DONTWAIT, NULL, NULL) = -1 EAGAIN (Try again)
19463 1784159789.803186 recvfrom(43, "nysv\0\0\0\0\0\0\0\0\0\0\0\0\251\370r\215\236\3\0\0\235\234\3\0\0\0\0\0", 3200, MSG_DONTWAIT, NULL, NULL) = 32
19463 1784159789.803735 recvfrom(43, 0x7ffcf06d30, 3200, MSG_DONTWAIT, NULL, NULL) = -1 EAGAIN (Try again)
19463 1784159789.804116 recvfrom(52, 0x7af3c1d420, 2272, MSG_DONTWAIT, NULL, NULL) = -1 EAGAIN (Try again)
19463 1784159789.806182 recvfrom(43, 0x7ffcf05260, 3200, MSG_DONTWAIT, NULL, NULL) = -1 EAGAIN (Try again)
19463 1784159789.820176 recvfrom(43, "nysv\0\0\0\0\0\0\0\0\0\0\0\0\323Hq\216\236\3\0\0\236\234\3\0\0\0\0\0", 3200, MSG_DONTWAIT, NULL, NULL) = 32
19463 1784159789.820793 recvfrom(43, 0x7ffcf06d30, 3200, MSG_DONTWAIT, NULL, NULL) = -1 EAGAIN (Try again)
19463 1784159789.821127 recvfrom(52, 0x7af3c1d420, 2272, MSG_DONTWAIT, NULL, NULL) = -1 EAGAIN (Try again)
19463 1784159789.823318 recvfrom(43, 0x7ffcf05260, 3200, MSG_DONTWAIT, NULL, NULL) = -1 EAGAIN (Try again)
19463 1784159789.837370 recvfrom(43, "nysv\0\0\0\0\0\0\0\0\0\0\0\0\324[o\217\236\3\0\0\237\234\3\0\0\0\0\0", 3200, MSG_DONTWAIT, NULL, NULL) = 32
19463 1784159789.837868 recvfrom(43, 0x7ffcf06d30, 3200, MSG_DONTWAIT, NULL, NULL) = -1 EAGAIN (Try again)
19463 1784159789.838449 recvfrom(52, 0x7af3c1d420, 2272, MSG_DONTWAIT, NULL, NULL) = -1 EAGAIN (Try again)
19463 1784159789.839255 recvfrom(43, 0x7ffcf05260, 3200, MSG_DONTWAIT, NULL, NULL) = -1 EAGAIN (Try again)
19463 1784159789.854617 recvfrom(43, "nysv\0\0\0\0\0\0\0\0\0\0\0\0\376\253m\220\236\3\0\0\240\234\3\0\0\0\0\0", 3200, MSG_DONTWAIT, NULL, NULL) = 32
19463 1784159789.855034 recvfrom(43, 0x7ffcf06d30, 3200, MSG_DONTWAIT, NULL, NULL) = -1 EAGAIN (Try again)
19463 1784159789.855388 recvfrom(52, 0x7af3c1d420, 2272, MSG_DONTWAIT, NULL, NULL) = -1 EAGAIN (Try again)
19463 1784159789.857512 recvfrom(43, 0x7ffcf05260, 3200, MSG_DONTWAIT, NULL, NULL) = -1 EAGAIN (Try again)
19463 1784159789.871155 recvfrom(43, "nysv\0\0\0\0\0\0\0\0\0\0\0\0]\353k\221\236\3\0\0\241\234\3\0\0\0\0\0", 3200, MSG_DONTWAIT, NULL, NULL) = 32
19463 1784159789.871632 recvfrom(43, 0x7ffcf06d30, 3200, MSG_DONTWAIT, NULL, NULL) = -1 EAGAIN (Try again)
19463 1784159789.873715 recvfrom(52, 0x7af3c1d420, 2272, MSG_DONTWAIT, NULL, NULL) = -1 EAGAIN (Try again)
19463 1784159789.874208 recvfrom(43, 0x7ffcf05260, 3200, MSG_DONTWAIT, NULL, NULL) = -1 EAGAIN (Try again)
19463 1784159789.887687 recvfrom(43, "nysv\0\0\0\0\0\0\0\0\0\0\0\0`6j\222\236\3\0\0\242\234\3\0\0\0\0\0", 3200, MSG_DONTWAIT, NULL, NULL) = 32
19463 1784159789.888087 recvfrom(43, 0x7ffcf06d30, 3200, MSG_DONTWAIT, NULL, NULL) = -1 EAGAIN (Try again)
19463 1784159789.888411 recvfrom(52, 0x7af3c1d420, 2272, MSG_DONTWAIT, NULL, NULL) = -1 EAGAIN (Try again)
19463 1784159789.890431 recvfrom(43, 0x7ffcf05260, 3200, MSG_DONTWAIT, NULL, NULL) = -1 EAGAIN (Try again)
19463 1784159789.903532 recvfrom(43, "nysv\0\0\0\0\0\0\0\0\0\0\0\0\212\206h\223\236\3\0\0\243\234\3\0\0\0\0\0", 3200, MSG_DONTWAIT, NULL, NULL) = 32
19463 1784159789.903992 recvfrom(43, 0x7ffcf06d30, 3200, MSG_DONTWAIT, NULL, NULL) = -1 EAGAIN (Try again)
19463 1784159789.904325 recvfrom(52, 0x7af3c1d420, 2272, MSG_DONTWAIT, NULL, NULL) = -1 EAGAIN (Try again)
19463 1784159789.906236 recvfrom(43, 0x7ffcf05260, 3200, MSG_DONTWAIT, NULL, NULL) = -1 EAGAIN (Try again)
19463 1784159789.920303 recvfrom(43, "nysv\0\0\0\0\0\0\0\0\0\0\0\0\264\326f\224\236\3\0\0\244\234\3\0\0\0\0\0", 3200, MSG_DONTWAIT, NULL, NULL) = 32
19463 1784159789.920756 recvfrom(43, 0x7ffcf06d30, 3200, MSG_DONTWAIT, NULL, NULL) = -1 EAGAIN (Try again)
19463 1784159789.921303 recvfrom(52, 0x7af3c1d420, 2272, MSG_DONTWAIT, NULL, NULL) = -1 EAGAIN (Try again)
19463 1784159789.921848 recvfrom(43, 0x7ffcf05260, 3200, MSG_DONTWAIT, NULL, NULL) = -1 EAGAIN (Try again)
19463 1784159789.937418 recvfrom(43, "nysv\0\0\0\0\0\0\0\0\0\0\0\0\336&e\225\236\3\0\0\245\234\3\0\0\0\0\0", 3200, MSG_DONTWAIT, NULL, NULL) = 32
19463 1784159789.937846 recvfrom(43, 0x7ffcf06d30, 3200, MSG_DONTWAIT, NULL, NULL) = -1 EAGAIN (Try again)
19463 1784159789.938303 recvfrom(52, 0x7af3c1d420, 2272, MSG_DONTWAIT, NULL, NULL) = -1 EAGAIN (Try again)
19463 1784159789.940573 recvfrom(43, 0x7ffcf05260, 3200, MSG_DONTWAIT, NULL, NULL) = -1 EAGAIN (Try again)
19463 1784159789.954402 recvfrom(43, "nysv\0\0\0\0\0\0\0\0\0\0\0\0\10wc\226\236\3\0\0\246\234\3\0\0\0\0\0", 3200, MSG_DONTWAIT, NULL, NULL) = 32
19463 1784159789.954951 recvfrom(43, 0x7ffcf06d30, 3200, MSG_DONTWAIT, NULL, NULL) = -1 EAGAIN (Try again)
19463 1784159789.955394 recvfrom(52, 0x7af3c1d420, 2272, MSG_DONTWAIT, NULL, NULL) = -1 EAGAIN (Try again)
19463 1784159789.955815 recvfrom(43, 0x7ffcf05260, 3200, MSG_DONTWAIT, NULL, NULL) = -1 EAGAIN (Try again)
19463 1784159789.971349 recvfrom(43, "nysv\0\0\0\0\0\0\0\0\0\0\0\0002\307a\227\236\3\0\0\247\234\3\0\0\0\0\0", 3200, MSG_DONTWAIT, NULL, NULL) = 32
19463 1784159789.971662 recvfrom(43, 0x7ffcf06d30, 3200, MSG_DONTWAIT, NULL, NULL) = -1 EAGAIN (Try again)
19463 1784159789.972446 recvfrom(52, 0x7af3c1d420, 2272, MSG_DONTWAIT, NULL, NULL) = -1 EAGAIN (Try again)
19463 1784159789.974600 recvfrom(43, 0x7ffcf05260, 3200, MSG_DONTWAIT, NULL, NULL) = -1 EAGAIN (Try again)
19463 1784159789.986709 recvfrom(43, "nysv\0\0\0\0\0\0\0\0\0\0\0\0\3348`\230\236\3\0\0\250\234\3\0\0\0\0\0", 3200, MSG_DONTWAIT, NULL, NULL) = 32
19463 1784159789.987156 recvfrom(43, 0x7ffcf06d30, 3200, MSG_DONTWAIT, NULL, NULL) = -1 EAGAIN (Try again)
19463 1784159789.987712 recvfrom(52, 0x7af3c1d420, 2272, MSG_DONTWAIT, NULL, NULL) = -1 EAGAIN (Try again)
19463 1784159789.988106 recvfrom(43, 0x7ffcf05260, 3200, MSG_DONTWAIT, NULL, NULL) = -1 EAGAIN (Try again)
19463 1784159790.003618 recvfrom(43, "nysv\0\0\0\0\0\0\0\0\0\0\0\0\6\211^\231\236\3\0\0\251\234\3\0\0\0\0\0", 3200, MSG_DONTWAIT, NULL, NULL) = 32
19463 1784159790.004164 recvfrom(43, 0x7ffcf06d30, 3200, MSG_DONTWAIT, NULL, NULL) = -1 EAGAIN (Try again)
19463 1784159790.004599 recvfrom(52, 0x7af3c1d420, 2272, MSG_DONTWAIT, NULL, NULL) = -1 EAGAIN (Try again)
19463 1784159790.005202 recvfrom(43, 0x7ffcf05260, 3200, MSG_DONTWAIT, NULL, NULL) = -1 EAGAIN (Try again)
19463 1784159790.020200 recvfrom(43, "nysv\0\0\0\0\0\0\0\0\0\0\0\0000\331\\\232\236\3\0\0\252\234\3\0\0\0\0\0", 3200, MSG_DONTWAIT, NULL, NULL) = 32
19463 1784159790.020673 recvfrom(43, 0x7ffcf06d30, 3200, MSG_DONTWAIT, NULL, NULL) = -1 EAGAIN (Try again)
19463 1784159790.021136 recvfrom(52, 0x7af3c1d420, 2272, MSG_DONTWAIT, NULL, NULL) = -1 EAGAIN (Try again)
19463 1784159790.021787 recvfrom(43, 0x7ffcf05260, 3200, MSG_DONTWAIT, NULL, NULL) = -1 EAGAIN (Try again)
19463 1784159790.037561 recvfrom(43, "nysv\0\0\0\0\0\0\0\0\0\0\0\0Z)[\233\236\3\0\0\253\234\3\0\0\0\0\0", 3200, MSG_DONTWAIT, NULL, NULL) = 32
19463 1784159790.037962 recvfrom(43, 0x7ffcf06d30, 3200, MSG_DONTWAIT, NULL, NULL) = -1 EAGAIN (Try again)
19463 1784159790.038525 recvfrom(52, 0x7af3c1d420, 2272, MSG_DONTWAIT, NULL, NULL) = -1 EAGAIN (Try again)
19463 1784159790.040717 recvfrom(43, 0x7ffcf05260, 3200, MSG_DONTWAIT, NULL, NULL) = -1 EAGAIN (Try again)
19463 1784159790.053868 recvfrom(43, "nysv\0\0\0\0\0\0\0\0\0\0\0\0\204yY\234\236\3\0\0\254\234\3\0\0\0\0\0", 3200, MSG_DONTWAIT, NULL, NULL) = 32
19463 1784159790.054291 recvfrom(43, 0x7ffcf06d30, 3200, MSG_DONTWAIT, NULL, NULL) = -1 EAGAIN (Try again)
19463 1784159790.054810 recvfrom(52, 0x7af3c1d420, 2272, MSG_DONTWAIT, NULL, NULL) = -1 EAGAIN (Try again)
19463 1784159790.055612 recvfrom(43, 0x7ffcf05260, 3200, MSG_DONTWAIT, NULL, NULL) = -1 EAGAIN (Try again)
19463 1784159790.071561 recvfrom(43, "nysv\0\0\0\0\0\0\0\0\0\0\0\0\256\311W\235\236\3\0\0\255\234\3\0\0\0\0\0", 3200, MSG_DONTWAIT, NULL, NULL) = 32
19463 1784159790.072138 recvfrom(43, 0x7ffcf06d30, 3200, MSG_DONTWAIT, NULL, NULL) = -1 EAGAIN (Try again)
19463 1784159790.072654 recvfrom(52, 0x7af3c1d420, 2272, MSG_DONTWAIT, NULL, NULL) = -1 EAGAIN (Try again)
19463 1784159790.076290 recvfrom(43, 0x7ffcf05260, 3200, MSG_DONTWAIT, NULL, NULL) = -1 EAGAIN (Try again)
19463 1784159790.086433 recvfrom(43, "nysv\0\0\0\0\0\0\0\0\0\0\0\0\330\31V\236\236\3\0\0\256\234\3\0\0\0\0\0", 3200, MSG_DONTWAIT, NULL, NULL) = 32
19463 1784159790.086762 recvfrom(43, 0x7ffcf06d30, 3200, MSG_DONTWAIT, NULL, NULL) = -1 EAGAIN (Try again)
19463 1784159790.087487 recvfrom(52, 0x7af3c1d420, 2272, MSG_DONTWAIT, NULL, NULL) = -1 EAGAIN (Try again)
19463 1784159790.087885 recvfrom(43, 0x7ffcf05260, 3200, MSG_DONTWAIT, NULL, NULL) = -1 EAGAIN (Try again)
19463 1784159790.104002 recvfrom(43, "nysv\0\0\0\0\0\0\0\0\0\0\0\0\233jT\237\236\3\0\0\257\234\3\0\0\0\0\0", 3200, MSG_DONTWAIT, NULL, NULL) = 32
19463 1784159790.104451 recvfrom(43, 0x7ffcf06d30, 3200, MSG_DONTWAIT, NULL, NULL) = -1 EAGAIN (Try again)
19463 1784159790.105066 recvfrom(52, 0x7af3c1d420, 2272, MSG_DONTWAIT, NULL, NULL) = -1 EAGAIN (Try again)
19463 1784159790.107372 recvfrom(43, 0x7ffcf05260, 3200, MSG_DONTWAIT, NULL, NULL) = -1 EAGAIN (Try again)
19463 1784159790.120579 recvfrom(43, "nysv\0\0\0\0\0\0\0\0\0\0\0\0\305\272R\240\236\3\0\0\260\234\3\0\0\0\0\0", 3200, MSG_DONTWAIT, NULL, NULL) = 32
19463 1784159790.120934 recvfrom(43, 0x7ffcf06d30, 3200, MSG_DONTWAIT, NULL, NULL) = -1 EAGAIN (Try again)
19463 1784159790.121329 recvfrom(52, 0x7af3c1d420, 2272, MSG_DONTWAIT, NULL, NULL) = -1 EAGAIN (Try again)
19463 1784159790.122692 recvfrom(43, 0x7ffcf05260, 3200, MSG_DONTWAIT, NULL, NULL) = -1 EAGAIN (Try again)
19463 1784159790.137573 recvfrom(43, "nysv\0\0\0\0\0\0\0\0\0\0\0\0\232\2Q\241\236\3\0\0\261\234\3\0\0\0\0\0", 3200, MSG_DONTWAIT, NULL, NULL) = 32
19463 1784159790.137937 recvfrom(43, 0x7ffcf06d30, 3200, MSG_DONTWAIT, NULL, NULL) = -1 EAGAIN (Try again)
19463 1784159790.138482 recvfrom(52, 0x7af3c1d420, 2272, MSG_DONTWAIT, NULL, NULL) = -1 EAGAIN (Try again)
19463 1784159790.139195 recvfrom(43, 0x7ffcf05260, 3200, MSG_DONTWAIT, NULL, NULL) = -1 EAGAIN (Try again)
19463 1784159790.154184 recvfrom(43, "nysv\0\0\0\0\0\0\0\0\0\0\0\0\304RO\242\236\3\0\0\262\234\3\0\0\0\0\0", 3200, MSG_DONTWAIT, NULL, NULL) = 32
19463 1784159790.154599 recvfrom(43, 0x7ffcf06d30, 3200, MSG_DONTWAIT, NULL, NULL) = -1 EAGAIN (Try again)
19463 1784159790.154969 recvfrom(52, 0x7af3c1d420, 2272, MSG_DONTWAIT, NULL, NULL) = -1 EAGAIN (Try again)
19463 1784159790.155649 recvfrom(43, 0x7ffcf05260, 3200, MSG_DONTWAIT, NULL, NULL) = -1 EAGAIN (Try again)
19463 1784159790.171016 recvfrom(43, "nysv\0\0\0\0\0\0\0\0\0\0\0\0\356\242M\243\236\3\0\0\263\234\3\0\0\0\0\0", 3200, MSG_DONTWAIT, NULL, NULL) = 32
19463 1784159790.171418 recvfrom(43, 0x7ffcf06d30, 3200, MSG_DONTWAIT, NULL, NULL) = -1 EAGAIN (Try again)
19463 1784159790.171911 recvfrom(52, 0x7af3c1d420, 2272, MSG_DONTWAIT, NULL, NULL) = -1 EAGAIN (Try again)
19463 1784159790.175850 recvfrom(43, 0x7ffcf05260, 3200, MSG_DONTWAIT, NULL, NULL) = -1 EAGAIN (Try again)
19463 1784159790.186936 recvfrom(43, "nysv\0\0\0\0\0\0\0\0\0\0\0\0?\337K\244\236\3\0\0\264\234\3\0\0\0\0\0", 3200, MSG_DONTWAIT, NULL, NULL) = 32
19463 1784159790.187348 recvfrom(43, 0x7ffcf06d30, 3200, MSG_DONTWAIT, NULL, NULL) = -1 EAGAIN (Try again)
19463 1784159790.190977 recvfrom(52, 0x7af3c1d420, 2272, MSG_DONTWAIT, NULL, NULL) = -1 EAGAIN (Try again)
19463 1784159790.191632 recvfrom(43, 0x7ffcf05260, 3200, MSG_DONTWAIT, NULL, NULL) = -1 EAGAIN (Try again)
19463 1784159790.203492 recvfrom(43, "nysv\0\0\0\0\0\0\0\0\0\0\0\0\0\\J\245\236\3\0\0\265\234\3\0\0\0\0\0", 3200, MSG_DONTWAIT, NULL, NULL) = 32
19463 1784159790.203915 recvfrom(43, 0x7ffcf06d30, 3200, MSG_DONTWAIT, NULL, NULL) = -1 EAGAIN (Try again)
19463 1784159790.204480 recvfrom(52, 0x7af3c1d420, 2272, MSG_DONTWAIT, NULL, NULL) = -1 EAGAIN (Try again)
19463 1784159790.205099 recvfrom(43, 0x7ffcf05260, 3200, MSG_DONTWAIT, NULL, NULL) = -1 EAGAIN (Try again)
19463 1784159790.220562 recvfrom(43, "nysv\0\0\0\0\0\0\0\0\0\0\0\0K\310H\246\236\3\0\0\266\234\3\0\0\0\0\0", 3200, MSG_DONTWAIT, NULL, NULL) = 32
19463 1784159790.220958 recvfrom(43, 0x7ffcf06d30, 3200, MSG_DONTWAIT, NULL, NULL) = -1 EAGAIN (Try again)
19463 1784159790.221747 recvfrom(52, 0x7af3c1d420, 2272, MSG_DONTWAIT, NULL, NULL) = -1 EAGAIN (Try again)
19463 1784159790.222287 recvfrom(43, 0x7ffcf05260, 3200, MSG_DONTWAIT, NULL, NULL) = -1 EAGAIN (Try again)
19463 1784159790.237452 recvfrom(43, "nysv\0\0\0\0\0\0\0\0\0\0\0\0\303\30G\247\236\3\0\0\267\234\3\0\0\0\0\0", 3200, MSG_DONTWAIT, NULL, NULL) = 32
19463 1784159790.237936 recvfrom(43, 0x7ffcf06d30, 3200, MSG_DONTWAIT, NULL, NULL) = -1 EAGAIN (Try again)
19463 1784159790.238486 recvfrom(52, 0x7af3c1d420, 2272, MSG_DONTWAIT, NULL, NULL) = -1 EAGAIN (Try again)
19463 1784159790.239060 recvfrom(43, 0x7ffcf05260, 3200, MSG_DONTWAIT, NULL, NULL) = -1 EAGAIN (Try again)
19463 1784159790.254247 recvfrom(43, "nysv\0\0\0\0\0\0\0\0\0\0\0\0!dE\250\236\3\0\0\270\234\3\0\0\0\0\0", 3200, MSG_DONTWAIT, NULL, NULL) = 32
19463 1784159790.254664 recvfrom(43, 0x7ffcf06d30, 3200, MSG_DONTWAIT, NULL, NULL) = -1 EAGAIN (Try again)
19463 1784159790.255285 recvfrom(52, 0x7af3c1d420, 2272, MSG_DONTWAIT, NULL, NULL) = -1 EAGAIN (Try again)
19463 1784159790.256004 recvfrom(43, 0x7ffcf05260, 3200, MSG_DONTWAIT, NULL, NULL) = -1 EAGAIN (Try again)
19463 1784159790.270685 recvfrom(43, "nysv\0\0\0\0\0\0\0\0\0\0\0\0<\275C\251\236\3\0\0\271\234\3\0\0\0\0\0", 3200, MSG_DONTWAIT, NULL, NULL) = 32
19463 1784159790.271074 recvfrom(43, 0x7ffcf06d30, 3200, MSG_DONTWAIT, NULL, NULL) = -1 EAGAIN (Try again)
19463 1784159790.271657 recvfrom(52, 0x7af3c1d420, 2272, MSG_DONTWAIT, NULL, NULL) = -1 EAGAIN (Try again)
19463 1784159790.272157 recvfrom(43, 0x7ffcf05260, 3200, MSG_DONTWAIT, NULL, NULL) = -1 EAGAIN (Try again)
19463 1784159790.287708 recvfrom(43, "nysv\0\0\0\0\0\0\0\0\0\0\0\0M\6B\252\236\3\0\0\272\234\3\0\0\0\0\0", 3200, MSG_DONTWAIT, NULL, NULL) = 32
19463 1784159790.288076 recvfrom(43, 0x7ffcf06d30, 3200, MSG_DONTWAIT, NULL, NULL) = -1 EAGAIN (Try again)
19463 1784159790.288632 recvfrom(52, 0x7af3c1d420, 2272, MSG_DONTWAIT, NULL, NULL) = -1 EAGAIN (Try again)
19463 1784159790.289237 recvfrom(43, 0x7ffcf05260, 3200, MSG_DONTWAIT, NULL, NULL) = -1 EAGAIN (Try again)
19463 1784159790.303388 recvfrom(43, "nysv\0\0\0\0\0\0\0\0\0\0\0\0\233H@\253\236\3\0\0\273\234\3\0\0\0\0\0", 3200, MSG_DONTWAIT, NULL, NULL) = 32
19463 1784159790.303986 recvfrom(43, 0x7ffcf06d30, 3200, MSG_DONTWAIT, NULL, NULL) = -1 EAGAIN (Try again)
19463 1784159790.304370 recvfrom(52, 0x7af3c1d420, 2272, MSG_DONTWAIT, NULL, NULL) = -1 EAGAIN (Try again)
19463 1784159790.304807 recvfrom(43, 0x7ffcf05260, 3200, MSG_DONTWAIT, NULL, NULL) = -1 EAGAIN (Try again)
19463 1784159790.320501 recvfrom(43, "nysv\0\0\0\0\0\0\0\0\0\0\0\08\255>\254\236\3\0\0\274\234\3\0\0\0\0\0", 3200, MSG_DONTWAIT, NULL, NULL) = 32
19463 1784159790.321047 recvfrom(43, 0x7ffcf06d30, 3200, MSG_DONTWAIT, NULL, NULL) = -1 EAGAIN (Try again)
19463 1784159790.321547 recvfrom(52, 0x7af3c1d420, 2272, MSG_DONTWAIT, NULL, NULL) = -1 EAGAIN (Try again)
19463 1784159790.323915 recvfrom(43, 0x7ffcf05260, 3200, MSG_DONTWAIT, NULL, NULL) = -1 EAGAIN (Try again)
19463 1784159790.337135 recvfrom(43, "nysv\0\0\0\0\0\0\0\0\0\0\0\0\17\r=\255\236\3\0\0\275\234\3\0\0\0\0\0", 3200, MSG_DONTWAIT, NULL, NULL) = 32
19463 1784159790.337590 recvfrom(43, 0x7ffcf06d30, 3200, MSG_DONTWAIT, NULL, NULL) = -1 EAGAIN (Try again)
19463 1784159790.338329 recvfrom(52, 0x7af3c1d420, 2272, MSG_DONTWAIT, NULL, NULL) = -1 EAGAIN (Try again)
19463 1784159790.339042 recvfrom(43, 0x7ffcf05260, 3200, MSG_DONTWAIT, NULL, NULL) = -1 EAGAIN (Try again)
19463 1784159790.354352 recvfrom(43, "nysv\0\0\0\0\0\0\0\0\0\0\0\0\370K;\256\236\3\0\0\276\234\3\0\0\0\0\0", 3200, MSG_DONTWAIT, NULL, NULL) = 32
19463 1784159790.354898 recvfrom(43, 0x7ffcf06d30, 3200, MSG_DONTWAIT, NULL, NULL) = -1 EAGAIN (Try again)
19463 1784159790.355373 recvfrom(52, 0x7af3c1d420, 2272, MSG_DONTWAIT, NULL, NULL) = -1 EAGAIN (Try again)
19463 1784159790.357782 recvfrom(43, 0x7ffcf05260, 3200, MSG_DONTWAIT, NULL, NULL) = -1 EAGAIN (Try again)
19463 1784159790.370302 recvfrom(43, "nysv\0\0\0\0\0\0\0\0\0\0\0\0\274\3049\257\236\3\0\0\277\234\3\0\0\0\0\0", 3200, MSG_DONTWAIT, NULL, NULL) = 32
19463 1784159790.370790 recvfrom(43, 0x7ffcf06d30, 3200, MSG_DONTWAIT, NULL, NULL) = -1 EAGAIN (Try again)
19463 1784159790.371296 recvfrom(52, 0x7af3c1d420, 2272, MSG_DONTWAIT, NULL, NULL) = -1 EAGAIN (Try again)
19463 1784159790.371983 recvfrom(43, 0x7ffcf05260, 3200, MSG_DONTWAIT, NULL, NULL) = -1 EAGAIN (Try again)
19463 1784159790.387410 recvfrom(43, "nysv\0\0\0\0\0\0\0\0\0\0\0\0'\318\260\236\3\0\0\300\234\3\0\0\0\0\0", 3200, MSG_DONTWAIT, NULL, NULL) = 32
19463 1784159790.387735 recvfrom(43, 0x7ffcf06d30, 3200, MSG_DONTWAIT, NULL, NULL) = -1 EAGAIN (Try again)
19463 1784159790.388476 recvfrom(52, 0x7af3c1d420, 2272, MSG_DONTWAIT, NULL, NULL) = -1 EAGAIN (Try again)
19463 1784159790.388970 recvfrom(43, 0x7ffcf05260, 3200, MSG_DONTWAIT, NULL, NULL) = -1 EAGAIN (Try again)
19463 1784159790.403463 recvfrom(43, "nysv\0\0\0\0\0\0\0\0\0\0\0\0-\2276\261\236\3\0\0\301\234\3\0\0\0\0\0", 3200, MSG_DONTWAIT, NULL, NULL) = 32
19463 1784159790.404193 recvfrom(43, 0x7ffcf06d30, 3200, MSG_DONTWAIT, NULL, NULL) = -1 EAGAIN (Try again)
19463 1784159790.404589 recvfrom(52, 0x7af3c1d420, 2272, MSG_DONTWAIT, NULL, NULL) = -1 EAGAIN (Try again)
19463 1784159790.405161 recvfrom(43, 0x7ffcf05260, 3200, MSG_DONTWAIT, NULL, NULL) = -1 EAGAIN (Try again)
19463 1784159790.420310 recvfrom(43, "nysv\0\0\0\0\0\0\0\0\0\0\0\0d\0035\262\236\3\0\0\302\234\3\0\0\0\0\0", 3200, MSG_DONTWAIT, NULL, NULL) = 32
19463 1784159790.420910 recvfrom(43, 0x7ffcf06d30, 3200, MSG_DONTWAIT, NULL, NULL) = -1 EAGAIN (Try again)
19463 1784159790.421351 recvfrom(52, 0x7af3c1d420, 2272, MSG_DONTWAIT, NULL, NULL) = -1 EAGAIN (Try again)
19463 1784159790.421878 recvfrom(43, 0x7ffcf05260, 3200, MSG_DONTWAIT, NULL, NULL) = -1 EAGAIN (Try again)
19463 1784159790.437322 recvfrom(43, "nysv\0\0\0\0\0\0\0\0\0\0\0\0\333U3\263\236\3\0\0\303\234\3\0\0\0\0\0", 3200, MSG_DONTWAIT, NULL, NULL) = 32
19463 1784159790.437680 recvfrom(43, 0x7ffcf06d30, 3200, MSG_DONTWAIT, NULL, NULL) = -1 EAGAIN (Try again)
19463 1784159790.438559 recvfrom(52, 0x7af3c1d420, 2272, MSG_DONTWAIT, NULL, NULL) = -1 EAGAIN (Try again)
19463 1784159790.441557 recvfrom(43, 0x7ffcf05260, 3200, MSG_DONTWAIT, NULL, NULL) = -1 EAGAIN (Try again)
19463 1784159790.453528 recvfrom(43, "nysv\0\0\0\0\0\0\0\0\0\0\0\0\264\3201\264\236\3\0\0\304\234\3\0\0\0\0\0", 3200, MSG_DONTWAIT, NULL, NULL) = 32
19463 1784159790.453998 recvfrom(43, 0x7ffcf06d30, 3200, MSG_DONTWAIT, NULL, NULL) = -1 EAGAIN (Try again)
19463 1784159790.454858 recvfrom(52, 0x7af3c1d420, 2272, MSG_DONTWAIT, NULL, NULL) = -1 EAGAIN (Try again)
19463 1784159790.457914 recvfrom(43, 0x7ffcf05260, 3200, MSG_DONTWAIT, NULL, NULL) = -1 EAGAIN (Try again)
19463 1784159790.470351 recvfrom(43, "nysv\0\0\0\0\0\0\0\0\0\0\0\0\336 0\265\236\3\0\0\305\234\3\0\0\0\0\0", 3200, MSG_DONTWAIT, NULL, NULL) = 32
19463 1784159790.470759 recvfrom(43, 0x7ffcf06d30, 3200, MSG_DONTWAIT, NULL, NULL) = -1 EAGAIN (Try again)
19463 1784159790.471321 recvfrom(52, 0x7af3c1d420, 2272, MSG_DONTWAIT, NULL, NULL) = -1 EAGAIN (Try again)
19463 1784159790.474166 recvfrom(43, 0x7ffcf05260, 3200, MSG_DONTWAIT, NULL, NULL) = -1 EAGAIN (Try again)
19463 1784159790.486626 recvfrom(43, "nysv\0\0\0\0\0\0\0\0\0\0\0\0\261\232.\266\236\3\0\0\306\234\3\0\0\0\0\0", 3200, MSG_DONTWAIT, NULL, NULL) = 32
19463 1784159790.487107 recvfrom(43, 0x7ffcf06d30, 3200, MSG_DONTWAIT, NULL, NULL) = -1 EAGAIN (Try again)
19463 1784159790.487826 recvfrom(52, 0x7af3c1d420, 2272, MSG_DONTWAIT, NULL, NULL) = -1 EAGAIN (Try again)
19463 1784159790.488271 recvfrom(43, 0x7ffcf05260, 3200, MSG_DONTWAIT, NULL, NULL) = -1 EAGAIN (Try again)
19463 1784159790.503251 recvfrom(43, "nysv\0\0\0\0\0\0\0\0\0\0\0\08\25-\267\236\3\0\0\307\234\3\0\0\0\0\0", 3200, MSG_DONTWAIT, NULL, NULL) = 32
19463 1784159790.503751 recvfrom(43, 0x7ffcf06d30, 3200, MSG_DONTWAIT, NULL, NULL) = -1 EAGAIN (Try again)
19463 1784159790.504574 recvfrom(52, 0x7af3c1d420, 2272, MSG_DONTWAIT, NULL, NULL) = -1 EAGAIN (Try again)
19463 1784159790.505060 recvfrom(43, 0x7ffcf05260, 3200, MSG_DONTWAIT, NULL, NULL) = -1 EAGAIN (Try again)
19463 1784159790.520939 recvfrom(43, "nysv\0\0\0\0\0\0\0\0\0\0\0\0I~+\270\236\3\0\0\310\234\3\0\0\0\0\0", 3200, MSG_DONTWAIT, NULL, NULL) = 32
19463 1784159790.521466 recvfrom(43, 0x7ffcf06d30, 3200, MSG_DONTWAIT, NULL, NULL) = -1 EAGAIN (Try again)
19463 1784159790.521912 recvfrom(52, 0x7af3c1d420, 2272, MSG_DONTWAIT, NULL, NULL) = -1 EAGAIN (Try again)
19463 1784159790.524569 recvfrom(43, 0x7ffcf05260, 3200, MSG_DONTWAIT, NULL, NULL) = -1 EAGAIN (Try again)
19463 1784159790.536705 recvfrom(43, "nysv\0\0\0\0\0\0\0\0\0\0\0\0s\316)\271\236\3\0\0\311\234\3\0\0\0\0\0", 3200, MSG_DONTWAIT, NULL, NULL) = 32
19463 1784159790.537164 recvfrom(43, 0x7ffcf06d30, 3200, MSG_DONTWAIT, NULL, NULL) = -1 EAGAIN (Try again)
19463 1784159790.537872 recvfrom(52, 0x7af3c1d420, 2272, MSG_DONTWAIT, NULL, NULL) = -1 EAGAIN (Try again)
19463 1784159790.538478 recvfrom(43, 0x7ffcf05260, 3200, MSG_DONTWAIT, NULL, NULL) = -1 EAGAIN (Try again)
19463 1784159790.553504 recvfrom(43, "nysv\0\0\0\0\0\0\0\0\0\0\0\0\213E(\272\236\3\0\0\312\234\3\0\0\0\0\0", 3200, MSG_DONTWAIT, NULL, NULL) = 32
19463 1784159790.554024 recvfrom(43, 0x7ffcf06d30, 3200, MSG_DONTWAIT, NULL, NULL) = -1 EAGAIN (Try again)
19463 1784159790.554715 recvfrom(52, 0x7af3c1d420, 2272, MSG_DONTWAIT, NULL, NULL) = -1 EAGAIN (Try again)
19463 1784159790.557339 recvfrom(43, 0x7ffcf05260, 3200, MSG_DONTWAIT, NULL, NULL) = -1 EAGAIN (Try again)
19463 1784159790.570310 recvfrom(43, "nysv\0\0\0\0\0\0\0\0\0\0\0\0e\273&\273\236\3\0\0\313\234\3\0\0\0\0\0", 3200, MSG_DONTWAIT, NULL, NULL) = 32
19463 1784159790.570725 recvfrom(43, 0x7ffcf06d30, 3200, MSG_DONTWAIT, NULL, NULL) = -1 EAGAIN (Try again)
19463 1784159790.571376 recvfrom(52, 0x7af3c1d420, 2272, MSG_DONTWAIT, NULL, NULL) = -1 EAGAIN (Try again)
19463 1784159790.573836 recvfrom(43, 0x7ffcf05260, 3200, MSG_DONTWAIT, NULL, NULL) = -1 EAGAIN (Try again)
19463 1784159790.586632 recvfrom(43, "nysv\0\0\0\0\0\0\0\0\0\0\0\0\217\v%\274\236\3\0\0\314\234\3\0\0\0\0\0", 3200, MSG_DONTWAIT, NULL, NULL) = 32
19463 1784159790.587219 recvfrom(43, 0x7ffcf06d30, 3200, MSG_DONTWAIT, NULL, NULL) = -1 EAGAIN (Try again)
19463 1784159790.587781 recvfrom(52, 0x7af3c1d420, 2272, MSG_DONTWAIT, NULL, NULL) = -1 EAGAIN (Try again)
19463 1784159790.588608 recvfrom(43, 0x7ffcf05260, 3200, MSG_DONTWAIT, NULL, NULL) = -1 EAGAIN (Try again)
19463 1784159790.604229 recvfrom(43, "nysv\0\0\0\0\0\0\0\0\0\0\0\0\326e#\275\236\3\0\0\315\234\3\0\0\0\0\0", 3200, MSG_DONTWAIT, NULL, NULL) = 32
19463 1784159790.604678 recvfrom(43, 0x7ffcf06d30, 3200, MSG_DONTWAIT, NULL, NULL) = -1 EAGAIN (Try again)
19463 1784159790.605385 recvfrom(52, 0x7af3c1d420, 2272, MSG_DONTWAIT, NULL, NULL) = -1 EAGAIN (Try again)
19463 1784159790.606158 recvfrom(43, 0x7ffcf05260, 3200, MSG_DONTWAIT, NULL, NULL) = -1 EAGAIN (Try again)
19463 1784159790.620272 recvfrom(43, "nysv\0\0\0\0\0\0\0\0\0\0\0\0\214\335!\276\236\3\0\0\316\234\3\0\0\0\0\0", 3200, MSG_DONTWAIT, NULL, NULL) = 32
19463 1784159790.620709 recvfrom(43, 0x7ffcf06d30, 3200, MSG_DONTWAIT, NULL, NULL) = -1 EAGAIN (Try again)
19463 1784159790.621220 recvfrom(52, 0x7af3c1d420, 2272, MSG_DONTWAIT, NULL, NULL) = -1 EAGAIN (Try again)
19463 1784159790.623962 recvfrom(43, 0x7ffcf05260, 3200, MSG_DONTWAIT, NULL, NULL) = -1 EAGAIN (Try again)
19463 1784159790.636806 recvfrom(43, "nysv\0\0\0\0\0\0\0\0\0\0\0\0\266- \277\236\3\0\0\317\234\3\0\0\0\0\0", 3200, MSG_DONTWAIT, NULL, NULL) = 32
19463 1784159790.637265 recvfrom(43, 0x7ffcf06d30, 3200, MSG_DONTWAIT, NULL, NULL) = -1 EAGAIN (Try again)
19463 1784159790.638006 recvfrom(52, 0x7af3c1d420, 2272, MSG_DONTWAIT, NULL, NULL) = -1 EAGAIN (Try again)
19463 1784159790.638788 recvfrom(43, 0x7ffcf05260, 3200, MSG_DONTWAIT, NULL, NULL) = -1 EAGAIN (Try again)
19463 1784159790.653638 recvfrom(43, "nysv\0\0\0\0\0\0\0\0\0\0\0\0\306\235\36\300\236\3\0\0\320\234\3\0\0\0\0\0", 3200, MSG_DONTWAIT, NULL, NULL) = 32
19463 1784159790.654190 recvfrom(43, 0x7ffcf06d30, 3200, MSG_DONTWAIT, NULL, NULL) = -1 EAGAIN (Try again)
19463 1784159790.654851 recvfrom(52, 0x7af3c1d420, 2272, MSG_DONTWAIT, NULL, NULL) = -1 EAGAIN (Try again)
19463 1784159790.658079 recvfrom(43, 0x7ffcf05260, 3200, MSG_DONTWAIT, NULL, NULL) = -1 EAGAIN (Try again)
19463 1784159790.670143 recvfrom(43, "nysv\0\0\0\0\0\0\0\0\0\0\0\0\360\355\34\301\236\3\0\0\321\234\3\0\0\0\0\0", 3200, MSG_DONTWAIT, NULL, NULL) = 32
19463 1784159790.670640 recvfrom(43, 0x7ffcf06d30, 3200, MSG_DONTWAIT, NULL, NULL) = -1 EAGAIN (Try again)
19463 1784159790.671493 recvfrom(52, 0x7af3c1d420, 2272, MSG_DONTWAIT, NULL, NULL) = -1 EAGAIN (Try again)
19463 1784159790.672864 recvfrom(43, 0x7ffcf05260, 3200, MSG_DONTWAIT, NULL, NULL) = -1 EAGAIN (Try again)
19463 1784159790.686838 recvfrom(43, "nysv\0\0\0\0\0\0\0\0\0\0\0\0+b\33\302\236\3\0\0\322\234\3\0\0\0\0\0", 3200, MSG_DONTWAIT, NULL, NULL) = 32
19463 1784159790.687378 recvfrom(43, 0x7ffcf06d30, 3200, MSG_DONTWAIT, NULL, NULL) = -1 EAGAIN (Try again)
19463 1784159790.688056 recvfrom(52, 0x7af3c1d420, 2272, MSG_DONTWAIT, NULL, NULL) = -1 EAGAIN (Try again)
19463 1784159790.688837 recvfrom(43, 0x7ffcf05260, 3200, MSG_DONTWAIT, NULL, NULL) = -1 EAGAIN (Try again)
19463 1784159790.703426 recvfrom(43, "nysv\0\0\0\0\0\0\0\0\0\0\0\0c\326\31\303\236\3\0\0\323\234\3\0\0\0\0\0", 3200, MSG_DONTWAIT, NULL, NULL) = 32
19463 1784159790.703938 recvfrom(43, 0x7ffcf06d30, 3200, MSG_DONTWAIT, NULL, NULL) = -1 EAGAIN (Try again)
19463 1784159790.704499 recvfrom(52, 0x7af3c1d420, 2272, MSG_DONTWAIT, NULL, NULL) = -1 EAGAIN (Try again)
19463 1784159790.707332 recvfrom(43, 0x7ffcf05260, 3200, MSG_DONTWAIT, NULL, NULL) = -1 EAGAIN (Try again)
19463 1784159790.720297 recvfrom(43, "nysv\0\0\0\0\0\0\0\0\0\0\0\0!r\30\304\236\3\0\0\324\234\3\0\0\0\0\0", 3200, MSG_DONTWAIT, NULL, NULL) = 32
19463 1784159790.720851 recvfrom(43, 0x7ffcf06d30, 3200, MSG_DONTWAIT, NULL, NULL) = -1 EAGAIN (Try again)
19463 1784159790.721434 recvfrom(52, 0x7af3c1d420, 2272, MSG_DONTWAIT, NULL, NULL) = -1 EAGAIN (Try again)
19463 1784159790.731236 recvfrom(43, 0x7ffcf05260, 3200, MSG_DONTWAIT, NULL, NULL) = -1 EAGAIN (Try again)
19463 1784159790.736840 recvfrom(43, "nysv\0\0\0\0\0\0\0\0\0\0\0\0K\302\26\305\236\3\0\0\325\234\3\0\0\0\0\0", 3200, MSG_DONTWAIT, NULL, NULL) = 32
19463 1784159790.737409 recvfrom(43, 0x7ffcf06d30, 3200, MSG_DONTWAIT, NULL, NULL) = -1 EAGAIN (Try again)
19463 1784159790.737946 recvfrom(52, 0x7af3c1d420, 2272, MSG_DONTWAIT, NULL, NULL) = -1 EAGAIN (Try again)
19463 1784159790.738798 recvfrom(43, 0x7ffcf05260, 3200, MSG_DONTWAIT, NULL, NULL) = -1 EAGAIN (Try again)
19463 1784159790.754880 recvfrom(43, "nysv\0\0\0\0\0\0\0\0\0\0\0\0:4\25\306\236\3\0\0\326\234\3\0\0\0\0\0", 3200, MSG_DONTWAIT, NULL, NULL) = 32
19463 1784159790.755306 recvfrom(43, 0x7ffcf06d30, 3200, MSG_DONTWAIT, NULL, NULL) = -1 EAGAIN (Try again)
19463 1784159790.755654 recvfrom(52, 0x7af3c1d420, 2272, MSG_DONTWAIT, NULL, NULL) = -1 EAGAIN (Try again)
19463 1784159790.756267 recvfrom(43, 0x7ffcf05260, 3200, MSG_DONTWAIT, NULL, NULL) = -1 EAGAIN (Try again)
19463 1784159790.773363 recvfrom(43, "nysv\0\0\0\0\0\0\0\0\0\0\0\0\372\250\23\307\236\3\0\0\327\234\3\0\0\0\0\0", 3200, MSG_DONTWAIT, NULL, NULL) = 32
19463 1784159790.773633 recvfrom(43, 0x7ffcf06d30, 3200, MSG_DONTWAIT, NULL, NULL) = -1 EAGAIN (Try again)
19463 1784159790.774063 recvfrom(52, 0x7af3c1d420, 2272, MSG_DONTWAIT, NULL, NULL) = -1 EAGAIN (Try again)
19463 1784159790.774674 recvfrom(43, 0x7ffcf05260, 3200, MSG_DONTWAIT, NULL, NULL) = -1 EAGAIN (Try again)
19463 1784159790.792119 recvfrom(43, "nysv\0\0\0\0\0\0\0\0\0\0\0\0U\33\22\310\236\3\0\0\330\234\3\0\0\0\0\0", 3200, MSG_DONTWAIT, NULL, NULL) = 32
19463 1784159790.792437 recvfrom(43, 0x7ffcf06d30, 3200, MSG_DONTWAIT, NULL, NULL) = -1 EAGAIN (Try again)
19463 1784159790.792724 recvfrom(52, 0x7af3c1d420, 2272, MSG_DONTWAIT, NULL, NULL) = -1 EAGAIN (Try again)
19463 1784159790.793268 recvfrom(43, 0x7ffcf05260, 3200, MSG_DONTWAIT, NULL, NULL) = -1 EAGAIN (Try again)
19463 1784159790.808228 recvfrom(43, "nysv\0\0\0\0\0\0\0\0\0\0\0\0\250\212\20\311\236\3\0\0\331\234\3\0\0\0\0\0", 3200, MSG_DONTWAIT, NULL, NULL) = 32
19463 1784159790.808599 recvfrom(43, 0x7ffcf06d30, 3200, MSG_DONTWAIT, NULL, NULL) = -1 EAGAIN (Try again)
19463 1784159790.808891 recvfrom(52, 0x7af3c1d420, 2272, MSG_DONTWAIT, NULL, NULL) = -1 EAGAIN (Try again)
19463 1784159790.809454 recvfrom(43, 0x7ffcf05260, 3200, MSG_DONTWAIT, NULL, NULL) = -1 EAGAIN (Try again)
19463 1784159790.823654 recvfrom(43, "nysv\0\0\0\0\0\0\0\0\0\0\0\0\322\332\16\312\236\3\0\0\332\234\3\0\0\0\0\0", 3200, MSG_DONTWAIT, NULL, NULL) = 32
19463 1784159790.823948 recvfrom(43, 0x7ffcf06d30, 3200, MSG_DONTWAIT, NULL, NULL) = -1 EAGAIN (Try again)
19463 1784159790.824239 recvfrom(52, 0x7af3c1d420, 2272, MSG_DONTWAIT, NULL, NULL) = -1 EAGAIN (Try again)
19463 1784159790.825184 recvfrom(43, 0x7ffcf05260, 3200, MSG_DONTWAIT, NULL, NULL) = -1 EAGAIN (Try again)
19463 1784159790.840398 recvfrom(43, "nysv\0\0\0\0\0\0\0\0\0\0\0\0ML\r\313\236\3\0\0\333\234\3\0\0\0\0\0", 3200, MSG_DONTWAIT, NULL, NULL) = 32
19463 1784159790.840874 recvfrom(43, 0x7ffcf06d30, 3200, MSG_DONTWAIT, NULL, NULL) = -1 EAGAIN (Try again)
19463 1784159790.841204 recvfrom(52, 0x7af3c1d420, 2272, MSG_DONTWAIT, NULL, NULL) = -1 EAGAIN (Try again)
19463 1784159790.842066 recvfrom(43, 0x7ffcf05260, 3200, MSG_DONTWAIT, NULL, NULL) = -1 EAGAIN (Try again)
19463 1784159790.857216 recvfrom(43, "nysv\0\0\0\0\0\0\0\0\0\0\0\0\352\274\v\314\236\3\0\0\334\234\3\0\0\0\0\0", 3200, MSG_DONTWAIT, NULL, NULL) = 32
19463 1784159790.857560 recvfrom(43, 0x7ffcf06d30, 3200, MSG_DONTWAIT, NULL, NULL) = -1 EAGAIN (Try again)
19463 1784159790.857896 recvfrom(52, 0x7af3c1d420, 2272, MSG_DONTWAIT, NULL, NULL) = -1 EAGAIN (Try again)
19463 1784159790.858561 recvfrom(43, 0x7ffcf05260, 3200, MSG_DONTWAIT, NULL, NULL) = -1 EAGAIN (Try again)
19463 1784159790.872968 recvfrom(43, "nysv\0\0\0\0\0\0\0\0\0\0\0\0\24\r\n\315\236\3\0\0\335\234\3\0\0\0\0\0", 3200, MSG_DONTWAIT, NULL, NULL) = 32
19463 1784159790.873275 recvfrom(43, 0x7ffcf06d30, 3200, MSG_DONTWAIT, NULL, NULL) = -1 EAGAIN (Try again)
19463 1784159790.873587 recvfrom(52, 0x7af3c1d420, 2272, MSG_DONTWAIT, NULL, NULL) = -1 EAGAIN (Try again)
19463 1784159790.874246 recvfrom(43, 0x7ffcf05260, 3200, MSG_DONTWAIT, NULL, NULL) = -1 EAGAIN (Try again)
19463 1784159790.889315 recvfrom(43, "nysv\0\0\0\0\0\0\0\0\0\0\0\0>]\10\316\236\3\0\0\336\234\3\0\0\0\0\0", 3200, MSG_DONTWAIT, NULL, NULL) = 32
19463 1784159790.889580 recvfrom(43, 0x7ffcf06d30, 3200, MSG_DONTWAIT, NULL, NULL) = -1 EAGAIN (Try again)
19463 1784159790.889844 recvfrom(52, 0x7af3c1d420, 2272, MSG_DONTWAIT, NULL, NULL) = -1 EAGAIN (Try again)
19463 1784159790.890439 recvfrom(43, 0x7ffcf05260, 3200, MSG_DONTWAIT, NULL, NULL) = -1 EAGAIN (Try again)
19463 1784159790.905456 recvfrom(43, "nysv\0\0\0\0\0\0\0\0\0\0\0\0\343\317\6\317\236\3\0\0\337\234\3\0\0\0\0\0", 3200, MSG_DONTWAIT, NULL, NULL) = 32
19463 1784159790.905833 recvfrom(43, 0x7ffcf06d30, 3200, MSG_DONTWAIT, NULL, NULL) = -1 EAGAIN (Try again)
19463 1784159790.906210 recvfrom(52, 0x7af3c1d420, 2272, MSG_DONTWAIT, NULL, NULL) = -1 EAGAIN (Try again)
19463 1784159790.906946 recvfrom(43, 0x7ffcf05260, 3200, MSG_DONTWAIT, NULL, NULL) = -1 EAGAIN (Try again)
19463 1784159790.926194 recvfrom(43, "nysv\0\0\0\0\0\0\0\0\0\0\0\0;A\5\320\236\3\0\0\340\234\3\0\0\0\0\0", 3200, MSG_DONTWAIT, NULL, NULL) = 32
19463 1784159790.926471 recvfrom(43, 0x7ffcf06d30, 3200, MSG_DONTWAIT, NULL, NULL) = -1 EAGAIN (Try again)
19463 1784159790.926860 recvfrom(52, 0x7af3c1d420, 2272, MSG_DONTWAIT, NULL, NULL) = -1 EAGAIN (Try again)
19463 1784159790.927421 recvfrom(43, 0x7ffcf05260, 3200, MSG_DONTWAIT, NULL, NULL) = -1 EAGAIN (Try again)
19463 1784159790.941272 recvfrom(43, "nysv\0\0\0\0\0\0\0\0\0\0\0\0\255\261\3\321\236\3\0\0\341\234\3\0\0\0\0\0", 3200, MSG_DONTWAIT, NULL, NULL) = 32
19463 1784159790.941667 recvfrom(43, 0x7ffcf06d30, 3200, MSG_DONTWAIT, NULL, NULL) = -1 EAGAIN (Try again)
19463 1784159790.942140 recvfrom(52, 0x7af3c1d420, 2272, MSG_DONTWAIT, NULL, NULL) = -1 EAGAIN (Try again)
19463 1784159790.942777 recvfrom(43, 0x7ffcf05260, 3200, MSG_DONTWAIT, NULL, NULL) = -1 EAGAIN (Try again)
19463 1784159790.956911 recvfrom(43, "nysv\0\0\0\0\0\0\0\0\0\0\0\0006\"\2\322\236\3\0\0\342\234\3\0\0\0\0\0", 3200, MSG_DONTWAIT, NULL, NULL) = 32
19463 1784159790.957288 recvfrom(43, 0x7ffcf06d30, 3200, MSG_DONTWAIT, NULL, NULL) = -1 EAGAIN (Try again)
19463 1784159790.957932 recvfrom(52, 0x7af3c1d420, 2272, MSG_DONTWAIT, NULL, NULL) = -1 EAGAIN (Try again)
19463 1784159790.958507 recvfrom(43, 0x7ffcf05260, 3200, MSG_DONTWAIT, NULL, NULL) = -1 EAGAIN (Try again)
19463 1784159790.976404 recvfrom(43, "nysv\0\0\0\0\0\0\0\0\0\0\0\0\365\220\0\323\236\3\0\0\343\234\3\0\0\0\0\0", 3200, MSG_DONTWAIT, NULL, NULL) = 32
19463 1784159790.976629 recvfrom(43, 0x7ffcf06d30, 3200, MSG_DONTWAIT, NULL, NULL) = -1 EAGAIN (Try again)
19463 1784159790.976919 recvfrom(52, 0x7af3c1d420, 2272, MSG_DONTWAIT, NULL, NULL) = -1 EAGAIN (Try again)
19463 1784159790.978096 recvfrom(43, 0x7ffcf05260, 3200, MSG_DONTWAIT, NULL, NULL) = -1 EAGAIN (Try again)
19463 1784159790.995819 recvfrom(43, "nysv\0\0\0\0\0\0\0\0\0\0\0\0N\377\376\323\236\3\0\0\344\234\3\0\0\0\0\0", 3200, MSG_DONTWAIT, NULL, NULL) = 32
19463 1784159790.996098 recvfrom(43, 0x7ffcf06d30, 3200, MSG_DONTWAIT, NULL, NULL) = -1 EAGAIN (Try again)
19463 1784159790.996375 recvfrom(52, 0x7af3c1d420, 2272, MSG_DONTWAIT, NULL, NULL) = -1 EAGAIN (Try again)
19463 1784159790.996913 recvfrom(43, 0x7ffcf05260, 3200, MSG_DONTWAIT, NULL, NULL) = -1 EAGAIN (Try again)
19463 1784159791.009792 recvfrom(43, "nysv\0\0\0\0\0\0\0\0\0\0\0\0\351m\375\324\236\3\0\0\345\234\3\0\0\0\0\0", 3200, MSG_DONTWAIT, NULL, NULL) = 32
19463 1784159791.010152 recvfrom(43, 0x7ffcf06d30, 3200, MSG_DONTWAIT, NULL, NULL) = -1 EAGAIN (Try again)
19463 1784159791.010435 recvfrom(52, 0x7af3c1d420, 2272, MSG_DONTWAIT, NULL, NULL) = -1 EAGAIN (Try again)
19463 1784159791.010980 recvfrom(43, 0x7ffcf05260, 3200, MSG_DONTWAIT, NULL, NULL) = -1 EAGAIN (Try again)
19463 1784159791.028204 recvfrom(43, "nysv\0\0\0\0\0\0\0\0\0\0\0\0\233\327\373\325\236\3\0\0\346\234\3\0\0\0\0\0", 3200, MSG_DONTWAIT, NULL, NULL) = 32
19463 1784159791.028495 recvfrom(43, 0x7ffcf06d30, 3200, MSG_DONTWAIT, NULL, NULL) = -1 EAGAIN (Try again)
19463 1784159791.028760 recvfrom(52, 0x7af3c1d420, 2272, MSG_DONTWAIT, NULL, NULL) = -1 EAGAIN (Try again)
19463 1784159791.029288 recvfrom(43, 0x7ffcf05260, 3200, MSG_DONTWAIT, NULL, NULL) = -1 EAGAIN (Try again)
19463 1784159791.044999 recvfrom(43, "nysv\0\0\0\0\0\0\0\0\0\0\0\0\214C\372\326\236\3\0\0\347\234\3\0\0\0\0\0", 3200, MSG_DONTWAIT, NULL, NULL) = 32
19463 1784159791.045237 recvfrom(43, 0x7ffcf06d30, 3200, MSG_DONTWAIT, NULL, NULL) = -1 EAGAIN (Try again)
19463 1784159791.045503 recvfrom(52, 0x7af3c1d420, 2272, MSG_DONTWAIT, NULL, NULL) = -1 EAGAIN (Try again)
19463 1784159791.046092 recvfrom(43, 0x7ffcf05260, 3200, MSG_DONTWAIT, NULL, NULL) = -1 EAGAIN (Try again)
19463 1784159791.060737 recvfrom(43, "nysv\0\0\0\0\0\0\0\0\0\0\0\0;\244\370\327\236\3\0\0\350\234\3\0\0\0\0\0", 3200, MSG_DONTWAIT, NULL, NULL) = 32
19463 1784159791.061041 recvfrom(43, 0x7ffcf06d30, 3200, MSG_DONTWAIT, NULL, NULL) = -1 EAGAIN (Try again)
19463 1784159791.061317 recvfrom(52, 0x7af3c1d420, 2272, MSG_DONTWAIT, NULL, NULL) = -1 EAGAIN (Try again)
19463 1784159791.061906 recvfrom(43, 0x7ffcf05260, 3200, MSG_DONTWAIT, NULL, NULL) = -1 EAGAIN (Try again)
19463 1784159791.078538 recvfrom(43, "nysv\0\0\0\0\0\0\0\0\0\0\0\0X\10\367\330\236\3\0\0\351\234\3\0\0\0\0\0", 3200, MSG_DONTWAIT, NULL, NULL) = 32
19463 1784159791.078781 recvfrom(43, 0x7ffcf06d30, 3200, MSG_DONTWAIT, NULL, NULL) = -1 EAGAIN (Try again)
19463 1784159791.079060 recvfrom(52, 0x7af3c1d420, 2272, MSG_DONTWAIT, NULL, NULL) = -1 EAGAIN (Try again)
19463 1784159791.079600 recvfrom(43, 0x7ffcf05260, 3200, MSG_DONTWAIT, NULL, NULL) = -1 EAGAIN (Try again)
19463 1784159791.096054 recvfrom(43, "nysv\0\0\0\0\0\0\0\0\0\0\0\0\202X\365\331\236\3\0\0\352\234\3\0\0\0\0\0", 3200, MSG_DONTWAIT, NULL, NULL) = 32
19463 1784159791.096334 recvfrom(43, 0x7ffcf06d30, 3200, MSG_DONTWAIT, NULL, NULL) = -1 EAGAIN (Try again)
19463 1784159791.096628 recvfrom(52, 0x7af3c1d420, 2272, MSG_DONTWAIT, NULL, NULL) = -1 EAGAIN (Try again)
19463 1784159791.097234 recvfrom(43, 0x7ffcf05260, 3200, MSG_DONTWAIT, NULL, NULL) = -1 EAGAIN (Try again)
19463 1784159791.113310 recvfrom(43, "nysv\0\0\0\0\0\0\0\0\0\0\0\0\254\250\363\332\236\3\0\0\353\234\3\0\0\0\0\0", 3200, MSG_DONTWAIT, NULL, NULL) = 32
19463 1784159791.113589 recvfrom(43, 0x7ffcf06d30, 3200, MSG_DONTWAIT, NULL, NULL) = -1 EAGAIN (Try again)
19463 1784159791.113969 recvfrom(52, 0x7af3c1d420, 2272, MSG_DONTWAIT, NULL, NULL) = -1 EAGAIN (Try again)
19463 1784159791.114592 recvfrom(43, 0x7ffcf05260, 3200, MSG_DONTWAIT, NULL, NULL) = -1 EAGAIN (Try again)
19463 1784159791.130007 recvfrom(43, "nysv\0\0\0\0\0\0\0\0\0\0\0\0\320\21\362\333\236\3\0\0\354\234\3\0\0\0\0\0", 3200, MSG_DONTWAIT, NULL, NULL) = 32
19463 1784159791.130357 recvfrom(43, 0x7ffcf06d30, 3200, MSG_DONTWAIT, NULL, NULL) = -1 EAGAIN (Try again)
19463 1784159791.130654 recvfrom(52, 0x7af3c1d420, 2272, MSG_DONTWAIT, NULL, NULL) = -1 EAGAIN (Try again)
19463 1784159791.131238 recvfrom(43, 0x7ffcf05260, 3200, MSG_DONTWAIT, NULL, NULL) = -1 EAGAIN (Try again)
19463 1784159791.145993 recvfrom(43, "nysv\0\0\0\0\0\0\0\0\0\0\0\0Mw\360\334\236\3\0\0\355\234\3\0\0\0\0\0", 3200, MSG_DONTWAIT, NULL, NULL) = 32
19463 1784159791.146288 recvfrom(43, 0x7ffcf06d30, 3200, MSG_DONTWAIT, NULL, NULL) = -1 EAGAIN (Try again)
19463 1784159791.146599 recvfrom(52, 0x7af3c1d420, 2272, MSG_DONTWAIT, NULL, NULL) = -1 EAGAIN (Try again)
19463 1784159791.147338 recvfrom(43, 0x7ffcf05260, 3200, MSG_DONTWAIT, NULL, NULL) = -1 EAGAIN (Try again)
19463 1784159791.163582 recvfrom(43, "nysv\0\0\0\0\0\0\0\0\0\0\0\0\340\226\356\335\236\3\0\0\356\234\3\0\0\0\0\0", 3200, MSG_DONTWAIT, NULL, NULL) = 32
19463 1784159791.164006 recvfrom(43, 0x7ffcf06d30, 3200, MSG_DONTWAIT, NULL, NULL) = -1 EAGAIN (Try again)
19463 1784159791.164308 recvfrom(52, 0x7af3c1d420, 2272, MSG_DONTWAIT, NULL, NULL) = -1 EAGAIN (Try again)
19463 1784159791.164919 recvfrom(43, 0x7ffcf05260, 3200, MSG_DONTWAIT, NULL, NULL) = -1 EAGAIN (Try again)
19463 1784159791.180892 recvfrom(43, "nysv\0\0\0\0\0\0\0\0\0\0\0\0\n\347\354\336\236\3\0\0\357\234\3\0\0\0\0\0", 3200, MSG_DONTWAIT, NULL, NULL) = 32
19463 1784159791.181173 recvfrom(43, 0x7ffcf06d30, 3200, MSG_DONTWAIT, NULL, NULL) = -1 EAGAIN (Try again)
19463 1784159791.181473 recvfrom(52, 0x7af3c1d420, 2272, MSG_DONTWAIT, NULL, NULL) = -1 EAGAIN (Try again)
19463 1784159791.182123 recvfrom(43, 0x7ffcf05260, 3200, MSG_DONTWAIT, NULL, NULL) = -1 EAGAIN (Try again)
19463 1784159791.196531 recvfrom(43, "nysv\0\0\0\0\0\0\0\0\0\0\0\0\363\347\352\337\236\3\0\0\360\234\3\0\0\0\0\0", 3200, MSG_DONTWAIT, NULL, NULL) = 32
19463 1784159791.196783 recvfrom(43, 0x7ffcf06d30, 3200, MSG_DONTWAIT, NULL, NULL) = -1 EAGAIN (Try again)
19463 1784159791.197126 recvfrom(52, 0x7af3c1d420, 2272, MSG_DONTWAIT, NULL, NULL) = -1 EAGAIN (Try again)
19463 1784159791.197771 recvfrom(43, 0x7ffcf05260, 3200, MSG_DONTWAIT, NULL, NULL) = -1 EAGAIN (Try again)
19463 1784159791.214290 recvfrom(43, "nysv\0\0\0\0\0\0\0\0\0\0\0\0\358\351\340\236\3\0\0\361\234\3\0\0\0\0\0", 3200, MSG_DONTWAIT, NULL, NULL) = 32
19463 1784159791.214618 recvfrom(43, 0x7ffcf06d30, 3200, MSG_DONTWAIT, NULL, NULL) = -1 EAGAIN (Try again)
19463 1784159791.214925 recvfrom(52, 0x7af3c1d420, 2272, MSG_DONTWAIT, NULL, NULL) = -1 EAGAIN (Try again)
19463 1784159791.215532 recvfrom(43, 0x7ffcf05260, 3200, MSG_DONTWAIT, NULL, NULL) = -1 EAGAIN (Try again)
19463 1784159791.232511 recvfrom(43, "nysv\0\0\0\0\0\0\0\0\0\0\0\0G\210\347\341\236\3\0\0\362\234\3\0\0\0\0\0", 3200, MSG_DONTWAIT, NULL, NULL) = 32
19463 1784159791.232866 recvfrom(43, 0x7ffcf06d30, 3200, MSG_DONTWAIT, NULL, NULL) = -1 EAGAIN (Try again)
19463 1784159791.233175 recvfrom(52, 0x7af3c1d420, 2272, MSG_DONTWAIT, NULL, NULL) = -1 EAGAIN (Try again)
19463 1784159791.233774 recvfrom(43, 0x7ffcf05260, 3200, MSG_DONTWAIT, NULL, NULL) = -1 EAGAIN (Try again)
19463 1784159791.251400 recvfrom(43, "nysv\0\0\0\0\0\0\0\0\0\0\0\0q\330\345\342\236\3\0\0\363\234\3\0\0\0\0\0", 3200, MSG_DONTWAIT, NULL, NULL) = 32
19463 1784159791.251672 recvfrom(43, 0x7ffcf06d30, 3200, MSG_DONTWAIT, NULL, NULL) = -1 EAGAIN (Try again)
19463 1784159791.251954 recvfrom(52, 0x7af3c1d420, 2272, MSG_DONTWAIT, NULL, NULL) = -1 EAGAIN (Try again)
19463 1784159791.252554 recvfrom(43, 0x7ffcf05260, 3200, MSG_DONTWAIT, NULL, NULL) = -1 EAGAIN (Try again)
19463 1784159791.280618 recvfrom(43, "nysv\0\0\0\0\0\0\0\0\0\0\0\0n\216\342\344\236\3\0\0\365\234\3\0\0\0\0\0", 3200, MSG_DONTWAIT, NULL, NULL) = 32
19463 1784159791.280945 recvfrom(43, 0x7ffcf06d30, 3200, MSG_DONTWAIT, NULL, NULL) = -1 EAGAIN (Try again)
19463 1784159791.281238 recvfrom(52, 0x7af3c1d420, 2272, MSG_DONTWAIT, NULL, NULL) = -1 EAGAIN (Try again)
19463 1784159791.281839 recvfrom(43, 0x7ffcf05260, 3200, MSG_DONTWAIT, NULL, NULL) = -1 EAGAIN (Try again)
19463 1784159791.296105 recvfrom(43, "nysv\0\0\0\0\0\0\0\0\0\0\0\0\230\336\340\345\236\3\0\0\366\234\3\0\0\0\0\0", 3200, MSG_DONTWAIT, NULL, NULL) = 32
19463 1784159791.296373 recvfrom(43, 0x7ffcf06d30, 3200, MSG_DONTWAIT, NULL, NULL) = -1 EAGAIN (Try again)
19463 1784159791.296656 recvfrom(52, 0x7af3c1d420, 2272, MSG_DONTWAIT, NULL, NULL) = -1 EAGAIN (Try again)
19463 1784159791.297226 recvfrom(43, 0x7ffcf05260, 3200, MSG_DONTWAIT, NULL, NULL) = -1 EAGAIN (Try again)
19463 1784159791.314784 recvfrom(43, "nysv\0\0\0\0\0\0\0\0\0\0\0\0\302.\337\346\236\3\0\0\367\234\3\0\0\0\0\0", 3200, MSG_DONTWAIT, NULL, NULL) = 32
19463 1784159791.315036 recvfrom(43, 0x7ffcf06d30, 3200, MSG_DONTWAIT, NULL, NULL) = -1 EAGAIN (Try again)
19463 1784159791.315337 recvfrom(52, 0x7af3c1d420, 2272, MSG_DONTWAIT, NULL, NULL) = -1 EAGAIN (Try again)
19463 1784159791.316590 recvfrom(43, 0x7ffcf05260, 3200, MSG_DONTWAIT, NULL, NULL) = -1 EAGAIN (Try again)
19463 1784159791.332630 recvfrom(43, "nysv\0\0\0\0\0\0\0\0\0\0\0\0\354~\335\347\236\3\0\0\370\234\3\0\0\0\0\0", 3200, MSG_DONTWAIT, NULL, NULL) = 32
19463 1784159791.332889 recvfrom(43, 0x7ffcf06d30, 3200, MSG_DONTWAIT, NULL, NULL) = -1 EAGAIN (Try again)
19463 1784159791.333198 recvfrom(52, 0x7af3c1d420, 2272, MSG_DONTWAIT, NULL, NULL) = -1 EAGAIN (Try again)
19463 1784159791.333770 recvfrom(43, 0x7ffcf05260, 3200, MSG_DONTWAIT, NULL, NULL) = -1 EAGAIN (Try again)
19463 1784159791.351906 recvfrom(43, "nysv\0\0\0\0\0\0\0\0\0\0\0\0\376\350\333\350\236\3\0\0\371\234\3\0\0\0\0\0", 3200, MSG_DONTWAIT, NULL, NULL) = 32
19463 1784159791.352175 recvfrom(43, 0x7ffcf06d30, 3200, MSG_DONTWAIT, NULL, NULL) = -1 EAGAIN (Try again)
19463 1784159791.352474 recvfrom(52, 0x7af3c1d420, 2272, MSG_DONTWAIT, NULL, NULL) = -1 EAGAIN (Try again)
19463 1784159791.353460 recvfrom(43, 0x7ffcf05260, 3200, MSG_DONTWAIT, NULL, NULL) = -1 EAGAIN (Try again)
19463 1784159791.380104 recvfrom(43, "nysv\0\0\0\0\0\0\0\0\0\0\0\0u\272\330\352\236\3\0\0\373\234\3\0\0\0\0\0", 3200, MSG_DONTWAIT, NULL, NULL) = 32
19463 1784159791.380421 recvfrom(43, 0x7ffcf06d30, 3200, MSG_DONTWAIT, NULL, NULL) = -1 EAGAIN (Try again)
19463 1784159791.380721 recvfrom(52, 0x7af3c1d420, 2272, MSG_DONTWAIT, NULL, NULL) = -1 EAGAIN (Try again)
19463 1784159791.381309 recvfrom(43, 0x7ffcf05260, 3200, MSG_DONTWAIT, NULL, NULL) = -1 EAGAIN (Try again)
19463 1784159791.396154 recvfrom(43, "nysv\0\0\0\0\0\0\0\0\0\0\0\0f\252\326\353\236\3\0\0\374\234\3\0\0\0\0\0", 3200, MSG_DONTWAIT, NULL, NULL) = 32
19463 1784159791.396417 recvfrom(43, 0x7ffcf06d30, 3200, MSG_DONTWAIT, NULL, NULL) = -1 EAGAIN (Try again)
19463 1784159791.396701 recvfrom(52, 0x7af3c1d420, 2272, MSG_DONTWAIT, NULL, NULL) = -1 EAGAIN (Try again)
19463 1784159791.397334 recvfrom(43, 0x7ffcf05260, 3200, MSG_DONTWAIT, NULL, NULL) = -1 EAGAIN (Try again)
19463 1784159791.416080 recvfrom(43, "nysv\0\0\0\0\0\0\0\0\0\0\0\0{\5\325\354\236\3\0\0\375\234\3\0\0\0\0\0", 3200, MSG_DONTWAIT, NULL, NULL) = 32
19463 1784159791.416347 recvfrom(43, 0x7ffcf06d30, 3200, MSG_DONTWAIT, NULL, NULL) = -1 EAGAIN (Try again)
19463 1784159791.416642 recvfrom(52, 0x7af3c1d420, 2272, MSG_DONTWAIT, NULL, NULL) = -1 EAGAIN (Try again)
19463 1784159791.417234 recvfrom(43, 0x7ffcf05260, 3200, MSG_DONTWAIT, NULL, NULL) = -1 EAGAIN (Try again)
19463 1784159791.433216 recvfrom(43, "nysv\0\0\0\0\0\0\0\0\0\0\0\0\245U\323\355\236\3\0\0\376\234\3\0\0\0\0\0", 3200, MSG_DONTWAIT, NULL, NULL) = 32
19463 1784159791.433494 recvfrom(43, 0x7ffcf06d30, 3200, MSG_DONTWAIT, NULL, NULL) = -1 EAGAIN (Try again)
19463 1784159791.433798 recvfrom(52, 0x7af3c1d420, 2272, MSG_DONTWAIT, NULL, NULL) = -1 EAGAIN (Try again)
19463 1784159791.434575 recvfrom(43, 0x7ffcf05260, 3200, MSG_DONTWAIT, NULL, NULL) = -1 EAGAIN (Try again)
19463 1784159791.461090 recvfrom(43, "nysv\0\0\0\0\0\0\0\0\0\0\0\0\317\245\321\356\236\3\0\0\377\234\3\0\0\0\0\0", 3200, MSG_DONTWAIT, NULL, NULL) = 32
19463 1784159791.461473 recvfrom(43, 0x7ffcf06d30, 3200, MSG_DONTWAIT, NULL, NULL) = -1 EAGAIN (Try again)
19463 1784159791.461767 recvfrom(52, 0x7af3c1d420, 2272, MSG_DONTWAIT, NULL, NULL) = -1 EAGAIN (Try again)
19463 1784159791.462491 recvfrom(43, 0x7ffcf05260, 3200, MSG_DONTWAIT, NULL, NULL) = -1 EAGAIN (Try again)
19463 1784159791.476534 recvfrom(43, "nysv\0\0\0\0\0\0\0\0\0\0\0\0[b\316\360\236\3\0\0\1\235\3\0\0\0\0\0", 3200, MSG_DONTWAIT, NULL, NULL) = 32
19463 1784159791.476805 recvfrom(43, 0x7ffcf06d30, 3200, MSG_DONTWAIT, NULL, NULL) = -1 EAGAIN (Try again)
19463 1784159791.477087 recvfrom(52, 0x7af3c1d420, 2272, MSG_DONTWAIT, NULL, NULL) = -1 EAGAIN (Try again)
19463 1784159791.477652 recvfrom(43, 0x7ffcf05260, 3200, MSG_DONTWAIT, NULL, NULL) = -1 EAGAIN (Try again)
19463 1784159791.495726 recvfrom(43, "nysv\0\0\0\0\0\0\0\0\0\0\0\0\342\275\314\361\236\3\0\0\2\235\3\0\0\0\0\0", 3200, MSG_DONTWAIT, NULL, NULL) = 32
19463 1784159791.495983 recvfrom(43, 0x7ffcf06d30, 3200, MSG_DONTWAIT, NULL, NULL) = -1 EAGAIN (Try again)
19463 1784159791.496281 recvfrom(52, 0x7af3c1d420, 2272, MSG_DONTWAIT, NULL, NULL) = -1 EAGAIN (Try again)
19463 1784159791.496862 recvfrom(43, 0x7ffcf05260, 3200, MSG_DONTWAIT, NULL, NULL) = -1 EAGAIN (Try again)
19463 1784159791.511926 recvfrom(43, "nysv\0\0\0\0\0\0\0\0\0\0\0\0\f\16\313\362\236\3\0\0\3\235\3\0\0\0\0\0", 3200, MSG_DONTWAIT, NULL, NULL) = 32
19463 1784159791.512309 recvfrom(43, 0x7ffcf06d30, 3200, MSG_DONTWAIT, NULL, NULL) = -1 EAGAIN (Try again)
19463 1784159791.512599 recvfrom(52, 0x7af3c1d420, 2272, MSG_DONTWAIT, NULL, NULL) = -1 EAGAIN (Try again)
19463 1784159791.513192 recvfrom(43, 0x7ffcf05260, 3200, MSG_DONTWAIT, NULL, NULL) = -1 EAGAIN (Try again)
19463 1784159791.528869 recvfrom(43, "nysv\0\0\0\0\0\0\0\0\0\0\0\0\v^\311\363\236\3\0\0\4\235\3\0\0\0\0\0", 3200, MSG_DONTWAIT, NULL, NULL) = 32
19463 1784159791.529165 recvfrom(43, 0x7ffcf06d30, 3200, MSG_DONTWAIT, NULL, NULL) = -1 EAGAIN (Try again)
19463 1784159791.529618 recvfrom(52, 0x7af3c1d420, 2272, MSG_DONTWAIT, NULL, NULL) = -1 EAGAIN (Try again)
19463 1784159791.530342 recvfrom(43, 0x7ffcf05260, 3200, MSG_DONTWAIT, NULL, NULL) = -1 EAGAIN (Try again)
19463 1784159791.544895 recvfrom(43, "nysv\0\0\0\0\0\0\0\0\0\0\0\0005\256\307\364\236\3\0\0\5\235\3\0\0\0\0\0", 3200, MSG_DONTWAIT, NULL, NULL) = 32
19463 1784159791.545143 recvfrom(43, 0x7ffcf06d30, 3200, MSG_DONTWAIT, NULL, NULL) = -1 EAGAIN (Try again)
19463 1784159791.545416 recvfrom(52, 0x7af3c1d420, 2272, MSG_DONTWAIT, NULL, NULL) = -1 EAGAIN (Try again)
19463 1784159791.546187 recvfrom(43, 0x7ffcf05260, 3200, MSG_DONTWAIT, NULL, NULL) = -1 EAGAIN (Try again)
19463 1784159791.560698 recvfrom(43, "nysv\0\0\0\0\0\0\0\0\0\0\0\0_\376\305\365\236\3\0\0\6\235\3\0\0\0\0\0", 3200, MSG_DONTWAIT, NULL, NULL) = 32
19463 1784159791.560983 recvfrom(43, 0x7ffcf06d30, 3200, MSG_DONTWAIT, NULL, NULL) = -1 EAGAIN (Try again)
19463 1784159791.561335 recvfrom(52, 0x7af3c1d420, 2272, MSG_DONTWAIT, NULL, NULL) = -1 EAGAIN (Try again)
19463 1784159791.562143 recvfrom(43, 0x7ffcf05260, 3200, MSG_DONTWAIT, NULL, NULL) = -1 EAGAIN (Try again)
19463 1784159791.578714 recvfrom(43, "nysv\0\0\0\0\0\0\0\0\0\0\0\0\211N\304\366\236\3\0\0\7\235\3\0\0\0\0\0", 3200, MSG_DONTWAIT, NULL, NULL) = 32
19463 1784159791.578987 recvfrom(43, 0x7ffcf06d30, 3200, MSG_DONTWAIT, NULL, NULL) = -1 EAGAIN (Try again)
19463 1784159791.579272 recvfrom(52, 0x7af3c1d420, 2272, MSG_DONTWAIT, NULL, NULL) = -1 EAGAIN (Try again)
19463 1784159791.579884 recvfrom(43, 0x7ffcf05260, 3200, MSG_DONTWAIT, NULL, NULL) = -1 EAGAIN (Try again)
19463 1784159791.597947 recvfrom(43, "nysv\0\0\0\0\0\0\0\0\0\0\0\0\263\236\302\367\236\3\0\0\10\235\3\0\0\0\0\0", 3200, MSG_DONTWAIT, NULL, NULL) = 32
19463 1784159791.598212 recvfrom(43, 0x7ffcf06d30, 3200, MSG_DONTWAIT, NULL, NULL) = -1 EAGAIN (Try again)
19463 1784159791.598508 recvfrom(52, 0x7af3c1d420, 2272, MSG_DONTWAIT, NULL, NULL) = -1 EAGAIN (Try again)
19463 1784159791.599150 recvfrom(43, 0x7ffcf05260, 3200, MSG_DONTWAIT, NULL, NULL) = -1 EAGAIN (Try again)
19463 1784159791.616988 recvfrom(43, "nysv\0\0\0\0\0\0\0\0\0\0\0\0\335\356\300\370\236\3\0\0\t\235\3\0\0\0\0\0", 3200, MSG_DONTWAIT, NULL, NULL) = 32
19463 1784159791.617254 recvfrom(43, 0x7ffcf06d30, 3200, MSG_DONTWAIT, NULL, NULL) = -1 EAGAIN (Try again)
19463 1784159791.617547 recvfrom(52, 0x7af3c1d420, 2272, MSG_DONTWAIT, NULL, NULL) = -1 EAGAIN (Try again)
19463 1784159791.618174 recvfrom(43, 0x7ffcf05260, 3200, MSG_DONTWAIT, NULL, NULL) = -1 EAGAIN (Try again)
19463 1784159791.640799 recvfrom(43, "nysv\0\0\0\0\0\0\0\0\0\0\0\0\7?\277\371\236\3\0\0\n\235\3\0\0\0\0\0", 3200, MSG_DONTWAIT, NULL, NULL) = 32
19463 1784159791.641106 recvfrom(43, 0x7ffcf06d30, 3200, MSG_DONTWAIT, NULL, NULL) = -1 EAGAIN (Try again)
19463 1784159791.641425 recvfrom(52, 0x7af3c1d420, 2272, MSG_DONTWAIT, NULL, NULL) = -1 EAGAIN (Try again)
19463 1784159791.642071 recvfrom(43, 0x7ffcf05260, 3200, MSG_DONTWAIT, NULL, NULL) = -1 EAGAIN (Try again)
19463 1784159791.659544 recvfrom(43, "nysv\0\0\0\0\0\0\0\0\0\0\0\0\255\300\273\373\236\3\0\0\f\235\3\0\0\0\0\0", 3200, MSG_DONTWAIT, NULL, NULL) = 32
19463 1784159791.659859 recvfrom(43, 0x7ffcf06d30, 3200, MSG_DONTWAIT, NULL, NULL) = -1 EAGAIN (Try again)
19463 1784159791.660169 recvfrom(52, 0x7af3c1d420, 2272, MSG_DONTWAIT, NULL, NULL) = -1 EAGAIN (Try again)
19463 1784159791.660772 recvfrom(43, 0x7ffcf05260, 3200, MSG_DONTWAIT, NULL, NULL) = -1 EAGAIN (Try again)
19463 1784159791.679057 recvfrom(43, "nysv\0\0\0\0\0\0\0\0\0\0\0\0\266!\272\374\236\3\0\0\r\235\3\0\0\0\0\0", 3200, MSG_DONTWAIT, NULL, NULL) = 32
19463 1784159791.679341 recvfrom(43, 0x7ffcf06d30, 3200, MSG_DONTWAIT, NULL, NULL) = -1 EAGAIN (Try again)
19463 1784159791.679640 recvfrom(52, 0x7af3c1d420, 2272, MSG_DONTWAIT, NULL, NULL) = -1 EAGAIN (Try again)
19463 1784159791.680226 recvfrom(43, 0x7ffcf05260, 3200, MSG_DONTWAIT, NULL, NULL) = -1 EAGAIN (Try again)
19463 1784159791.695154 recvfrom(43, "nysv\0\0\0\0\0\0\0\0\0\0\0\0003\206\270\375\236\3\0\0\16\235\3\0\0\0\0\0", 3200, MSG_DONTWAIT, NULL, NULL) = 32
19463 1784159791.695416 recvfrom(43, 0x7ffcf06d30, 3200, MSG_DONTWAIT, NULL, NULL) = -1 EAGAIN (Try again)
19463 1784159791.695849 recvfrom(52, 0x7af3c1d420, 2272, MSG_DONTWAIT, NULL, NULL) = -1 EAGAIN (Try again)
19463 1784159791.696449 recvfrom(43, 0x7ffcf05260, 3200, MSG_DONTWAIT, NULL, NULL) = -1 EAGAIN (Try again)
19463 1784159791.714109 recvfrom(43, "nysv\0\0\0\0\0\0\0\0\0\0\0\0\254\332\266\376\236\3\0\0\17\235\3\0\0\0\0\0", 3200, MSG_DONTWAIT, NULL, NULL) = 32
19463 1784159791.714371 recvfrom(43, 0x7ffcf06d30, 3200, MSG_DONTWAIT, NULL, NULL) = -1 EAGAIN (Try again)
19463 1784159791.714697 recvfrom(52, 0x7af3c1d420, 2272, MSG_DONTWAIT, NULL, NULL) = -1 EAGAIN (Try again)
19463 1784159791.715371 recvfrom(43, 0x7ffcf05260, 3200, MSG_DONTWAIT, NULL, NULL) = -1 EAGAIN (Try again)
19463 1784159791.730470 recvfrom(43, "nysv\0\0\0\0\0\0\0\0\0\0\0\0\320>\265\377\236\3\0\0\20\235\3\0\0\0\0\0", 3200, MSG_DONTWAIT, NULL, NULL) = 32
19463 1784159791.730889 recvfrom(43, 0x7ffcf06d30, 3200, MSG_DONTWAIT, NULL, NULL) = -1 EAGAIN (Try again)
19463 1784159791.731191 recvfrom(52, 0x7af3c1d420, 2272, MSG_DONTWAIT, NULL, NULL) = -1 EAGAIN (Try again)
19463 1784159791.731773 recvfrom(43, 0x7ffcf05260, 3200, MSG_DONTWAIT, NULL, NULL) = -1 EAGAIN (Try again)
19463 1784159791.748589 recvfrom(43, "nysv\0\0\0\0\0\0\0\0\0\0\0\0\334\251\263\0\237\3\0\0\21\235\3\0\0\0\0\0", 3200, MSG_DONTWAIT, NULL, NULL) = 32
19463 1784159791.748846 recvfrom(43, 0x7ffcf06d30, 3200, MSG_DONTWAIT, NULL, NULL) = -1 EAGAIN (Try again)
19463 1784159791.749139 recvfrom(52, 0x7af3c1d420, 2272, MSG_DONTWAIT, NULL, NULL) = -1 EAGAIN (Try again)
19463 1784159791.749717 recvfrom(43, 0x7ffcf05260, 3200, MSG_DONTWAIT, NULL, NULL) = -1 EAGAIN (Try again)
19463 1784159791.765945 recvfrom(43, "nysv\0\0\0\0\0\0\0\0\0\0\0\0\356\20\262\1\237\3\0\0\22\235\3\0\0\0\0\0", 3200, MSG_DONTWAIT, NULL, NULL) = 32
19463 1784159791.766283 recvfrom(43, 0x7ffcf06d30, 3200, MSG_DONTWAIT, NULL, NULL) = -1 EAGAIN (Try again)
19463 1784159791.766573 recvfrom(52, 0x7af3c1d420, 2272, MSG_DONTWAIT, NULL, NULL) = -1 EAGAIN (Try again)
19463 1784159791.767142 recvfrom(43, 0x7ffcf05260, 3200, MSG_DONTWAIT, NULL, NULL) = -1 EAGAIN (Try again)
19463 1784159791.783437 recvfrom(43, "nysv\0\0\0\0\0\0\0\0\0\0\0\0\346{\260\2\237\3\0\0\23\235\3\0\0\0\0\0", 3200, MSG_DONTWAIT, NULL, NULL) = 32
19463 1784159791.783711 recvfrom(43, 0x7ffcf06d30, 3200, MSG_DONTWAIT, NULL, NULL) = -1 EAGAIN (Try again)
19463 1784159791.783992 recvfrom(52, 0x7af3c1d420, 2272, MSG_DONTWAIT, NULL, NULL) = -1 EAGAIN (Try again)
19463 1784159791.784592 recvfrom(43, 0x7ffcf05260, 3200, MSG_DONTWAIT, NULL, NULL) = -1 EAGAIN (Try again)
19463 1784159791.798987 recvfrom(43, "nysv\0\0\0\0\0\0\0\0\0\0\0\0\320\346\256\3\237\3\0\0\24\235\3\0\0\0\0\0", 3200, MSG_DONTWAIT, NULL, NULL) = 32
19463 1784159791.799281 recvfrom(43, 0x7ffcf06d30, 3200, MSG_DONTWAIT, NULL, NULL) = -1 EAGAIN (Try again)
19463 1784159791.799604 recvfrom(52, 0x7af3c1d420, 2272, MSG_DONTWAIT, NULL, NULL) = -1 EAGAIN (Try again)
19463 1784159791.800324 recvfrom(43, 0x7ffcf05260, 3200, MSG_DONTWAIT, NULL, NULL) = -1 EAGAIN (Try again)
19463 1784159791.820562 recvfrom(43, "nysv\0\0\0\0\0\0\0\0\0\0\0\0002M\255\4\237\3\0\0\25\235\3\0\0\0\0\0", 3200, MSG_DONTWAIT, NULL, NULL) = 32
19463 1784159791.821239 recvfrom(43, 0x7ffcf06d30, 3200, MSG_DONTWAIT, NULL, NULL) = -1 EAGAIN (Try again)
19463 1784159791.821626 recvfrom(52, 0x7af3c1d420, 2272, MSG_DONTWAIT, NULL, NULL) = -1 EAGAIN (Try again)
19463 1784159791.825399 recvfrom(43, 0x7ffcf05260, 3200, MSG_DONTWAIT, NULL, NULL) = -1 EAGAIN (Try again)
19463 1784159791.843232 recvfrom(43, "nysv\0\0\0\0\0\0\0\0\0\0\0\0\32\f\252\6\237\3\0\0\27\235\3\0\0\0\0\0", 3200, MSG_DONTWAIT, NULL, NULL) = 32
19463 1784159791.843677 recvfrom(43, 0x7ffcf06d30, 3200, MSG_DONTWAIT, NULL, NULL) = -1 EAGAIN (Try again)
19463 1784159791.843952 recvfrom(52, 0x7af3c1d420, 2272, MSG_DONTWAIT, NULL, NULL) = -1 EAGAIN (Try again)
19463 1784159791.844697 recvfrom(43, 0x7ffcf05260, 3200, MSG_DONTWAIT, NULL, NULL) = -1 EAGAIN (Try again)
19463 1784159791.859838 recvfrom(43, "nysv\0\0\0\0\0\0\0\0\0\0\0\0D\\\250\7\237\3\0\0\30\235\3\0\0\0\0\0", 3200, MSG_DONTWAIT, NULL, NULL) = 32
19463 1784159791.860189 recvfrom(43, 0x7ffcf06d30, 3200, MSG_DONTWAIT, NULL, NULL) = -1 EAGAIN (Try again)
19463 1784159791.860491 recvfrom(52, 0x7af3c1d420, 2272, MSG_DONTWAIT, NULL, NULL) = -1 EAGAIN (Try again)
19463 1784159791.861083 recvfrom(43, 0x7ffcf05260, 3200, MSG_DONTWAIT, NULL, NULL) = -1 EAGAIN (Try again)
19463 1784159791.880240 recvfrom(43, "nysv\0\0\0\0\0\0\0\0\0\0\0\0\215\272\246\10\237\3\0\0\31\235\3\0\0\0\0\0", 3200, MSG_DONTWAIT, NULL, NULL) = 32
19463 1784159791.880502 recvfrom(43, 0x7ffcf06d30, 3200, MSG_DONTWAIT, NULL, NULL) = -1 EAGAIN (Try again)
19463 1784159791.880793 recvfrom(52, 0x7af3c1d420, 2272, MSG_DONTWAIT, NULL, NULL) = -1 EAGAIN (Try again)
19463 1784159791.881385 recvfrom(43, 0x7ffcf05260, 3200, MSG_DONTWAIT, NULL, NULL) = -1 EAGAIN (Try again)
19463 1784159791.899517 recvfrom(43, "nysv\0\0\0\0\0\0\0\0\0\0\0\0\337\371\244\t\237\3\0\0\32\235\3\0\0\0\0\0", 3200, MSG_DONTWAIT, NULL, NULL) = 32
19463 1784159791.899788 recvfrom(43, 0x7ffcf06d30, 3200, MSG_DONTWAIT, NULL, NULL) = -1 EAGAIN (Try again)
19463 1784159791.900086 recvfrom(52, 0x7af3c1d420, 2272, MSG_DONTWAIT, NULL, NULL) = -1 EAGAIN (Try again)
19463 1784159791.900671 recvfrom(43, 0x7ffcf05260, 3200, MSG_DONTWAIT, NULL, NULL) = -1 EAGAIN (Try again)
19463 1784159791.918697 recvfrom(43, "nysv\0\0\0\0\0\0\0\0\0\0\0\0a^\243\n\237\3\0\0\33\235\3\0\0\0\0\0", 3200, MSG_DONTWAIT, NULL, NULL) = 32
19463 1784159791.919026 recvfrom(43, 0x7ffcf06d30, 3200, MSG_DONTWAIT, NULL, NULL) = -1 EAGAIN (Try again)
19463 1784159791.919472 recvfrom(52, 0x7af3c1d420, 2272, MSG_DONTWAIT, NULL, NULL) = -1 EAGAIN (Try again)
19463 1784159791.920428 recvfrom(43, 0x7ffcf05260, 3200, MSG_DONTWAIT, NULL, NULL) = -1 EAGAIN (Try again)
19463 1784159791.943623 recvfrom(43, "nysv\0\0\0\0\0\0\0\0\0\0\0\0\2441\240\f\237\3\0\0\35\235\3\0\0\0\0\0", 3200, MSG_DONTWAIT, NULL, NULL) = 32
19463 1784159791.944003 recvfrom(43, 0x7ffcf06d30, 3200, MSG_DONTWAIT, NULL, NULL) = -1 EAGAIN (Try again)
19463 1784159791.944339 recvfrom(52, 0x7af3c1d420, 2272, MSG_DONTWAIT, NULL, NULL) = -1 EAGAIN (Try again)
19463 1784159791.945072 recvfrom(43, 0x7ffcf05260, 3200, MSG_DONTWAIT, NULL, NULL) = -1 EAGAIN (Try again)
19463 1784159791.959308 recvfrom(43, "nysv\0\0\0\0\0\0\0\0\0\0\0\0%\223\236\r\237\3\0\0\36\235\3\0\0\0\0\0", 3200, MSG_DONTWAIT, NULL, NULL) = 32
19463 1784159791.959640 recvfrom(43, 0x7ffcf06d30, 3200, MSG_DONTWAIT, NULL, NULL) = -1 EAGAIN (Try again)
19463 1784159791.959933 recvfrom(52, 0x7af3c1d420, 2272, MSG_DONTWAIT, NULL, NULL) = -1 EAGAIN (Try again)
19463 1784159791.960537 recvfrom(43, 0x7ffcf05260, 3200, MSG_DONTWAIT, NULL, NULL) = -1 EAGAIN (Try again)
19463 1784159791.976602 recvfrom(43, "nysv\0\0\0\0\0\0\0\0\0\0\0\0\373\363\234\16\237\3\0\0\37\235\3\0\0\0\0\0", 3200, MSG_DONTWAIT, NULL, NULL) = 32
19463 1784159791.976879 recvfrom(43, 0x7ffcf06d30, 3200, MSG_DONTWAIT, NULL, NULL) = -1 EAGAIN (Try again)
19463 1784159791.977212 recvfrom(52, 0x7af3c1d420, 2272, MSG_DONTWAIT, NULL, NULL) = -1 EAGAIN (Try again)
19463 1784159791.977929 recvfrom(43, 0x7ffcf05260, 3200, MSG_DONTWAIT, NULL, NULL) = -1 EAGAIN (Try again)
19463 1784159791.994216 recvfrom(43, "nysv\0\0\0\0\0\0\0\0\0\0\0\0\3G\233\17\237\3\0\0 \235\3\0\0\0\0\0", 3200, MSG_DONTWAIT, NULL, NULL) = 32
19463 1784159791.994492 recvfrom(43, 0x7ffcf06d30, 3200, MSG_DONTWAIT, NULL, NULL) = -1 EAGAIN (Try again)
19463 1784159791.994767 recvfrom(52, 0x7af3c1d420, 2272, MSG_DONTWAIT, NULL, NULL) = -1 EAGAIN (Try again)
19463 1784159791.995443 recvfrom(43, 0x7ffcf05260, 3200, MSG_DONTWAIT, NULL, NULL) = -1 EAGAIN (Try again)
19463 1784159792.011721 recvfrom(43, "nysv\0\0\0\0\0\0\0\0\0\0\0\0\374\200\231\20\237\3\0\0!\235\3\0\0\0\0\0", 3200, MSG_DONTWAIT, NULL, NULL) = 32
19463 1784159792.011970 recvfrom(43, 0x7ffcf06d30, 3200, MSG_DONTWAIT, NULL, NULL) = -1 EAGAIN (Try again)
19463 1784159792.012241 recvfrom(52, 0x7af3c1d420, 2272, MSG_DONTWAIT, NULL, NULL) = -1 EAGAIN (Try again)
19463 1784159792.012999 recvfrom(43, 0x7ffcf05260, 3200, MSG_DONTWAIT, NULL, NULL) = -1 EAGAIN (Try again)
19463 1784159792.030808 recvfrom(43, "nysv\0\0\0\0\0\0\0\0\0\0\0\0\205\341\227\21\237\3\0\0\"\235\3\0\0\0\0\0", 3200, MSG_DONTWAIT, NULL, NULL) = 32
19463 1784159792.031090 recvfrom(43, 0x7ffcf06d30, 3200, MSG_DONTWAIT, NULL, NULL) = -1 EAGAIN (Try again)
19463 1784159792.031384 recvfrom(52, 0x7af3c1d420, 2272, MSG_DONTWAIT, NULL, NULL) = -1 EAGAIN (Try again)
19463 1784159792.031968 recvfrom(43, 0x7ffcf05260, 3200, MSG_DONTWAIT, NULL, NULL) = -1 EAGAIN (Try again)
19463 1784159792.047704 recvfrom(43, "nysv\0\0\0\0\0\0\0\0\0\0\0\0003?\226\22\237\3\0\0#\235\3\0\0\0\0\0", 3200, MSG_DONTWAIT, NULL, NULL) = 32
19463 1784159792.048009 recvfrom(43, 0x7ffcf06d30, 3200, MSG_DONTWAIT, NULL, NULL) = -1 EAGAIN (Try again)
19463 1784159792.048275 recvfrom(52, 0x7af3c1d420, 2272, MSG_DONTWAIT, NULL, NULL) = -1 EAGAIN (Try again)
19463 1784159792.048895 recvfrom(43, 0x7ffcf05260, 3200, MSG_DONTWAIT, NULL, NULL) = -1 EAGAIN (Try again)
19463 1784159792.064412 recvfrom(43, "nysv\0\0\0\0\0\0\0\0\0\0\0\0\n\217\224\23\237\3\0\0$\235\3\0\0\0\0\0", 3200, MSG_DONTWAIT, NULL, NULL) = 32
19463 1784159792.064667 recvfrom(43, 0x7ffcf06d30, 3200, MSG_DONTWAIT, NULL, NULL) = -1 EAGAIN (Try again)
19463 1784159792.064978 recvfrom(52, 0x7af3c1d420, 2272, MSG_DONTWAIT, NULL, NULL) = -1 EAGAIN (Try again)
19463 1784159792.065591 recvfrom(43, 0x7ffcf05260, 3200, MSG_DONTWAIT, NULL, NULL) = -1 EAGAIN (Try again)
19463 1784159792.083766 recvfrom(43, "nysv\0\0\0\0\0\0\0\0\0\0\0\0\233\364\222\24\237\3\0\0%\235\3\0\0\0\0\0", 3200, MSG_DONTWAIT, NULL, NULL) = 32
19463 1784159792.084024 recvfrom(43, 0x7ffcf06d30, 3200, MSG_DONTWAIT, NULL, NULL) = -1 EAGAIN (Try again)
19463 1784159792.084330 recvfrom(52, 0x7af3c1d420, 2272, MSG_DONTWAIT, NULL, NULL) = -1 EAGAIN (Try again)
19463 1784159792.084888 recvfrom(43, 0x7ffcf05260, 3200, MSG_DONTWAIT, NULL, NULL) = -1 EAGAIN (Try again)
19463 1784159792.113007 recvfrom(43, "nysv\0\0\0\0\0\0\0\0\0\0\0\0\305D\221\25\237\3\0\0&\235\3\0\0\0\0\0", 3200, MSG_DONTWAIT, NULL, NULL) = 32
19463 1784159792.113343 recvfrom(43, 0x7ffcf06d30, 3200, MSG_DONTWAIT, NULL, NULL) = -1 EAGAIN (Try again)
19463 1784159792.113640 recvfrom(52, 0x7af3c1d420, 2272, MSG_DONTWAIT, NULL, NULL) = -1 EAGAIN (Try again)
19463 1784159792.114305 recvfrom(43, 0x7ffcf05260, 3200, MSG_DONTWAIT, NULL, NULL) = -1 EAGAIN (Try again)
19463 1784159792.128304 recvfrom(43, "nysv\0\0\0\0\0\0\0\0\0\0\0\0[\331\215\27\237\3\0\0(\235\3\0\0\0\0\0", 3200, MSG_DONTWAIT, NULL, NULL) = 32
19463 1784159792.128570 recvfrom(43, 0x7ffcf06d30, 3200, MSG_DONTWAIT, NULL, NULL) = -1 EAGAIN (Try again)
19463 1784159792.128849 recvfrom(52, 0x7af3c1d420, 2272, MSG_DONTWAIT, NULL, NULL) = -1 EAGAIN (Try again)
19463 1784159792.129422 recvfrom(43, 0x7ffcf05260, 3200, MSG_DONTWAIT, NULL, NULL) = -1 EAGAIN (Try again)
19463 1784159792.144367 recvfrom(43, "nysv\0\0\0\0\0\0\0\0\0\0\0\0\247-\214\30\237\3\0\0)\235\3\0\0\0\0\0", 3200, MSG_DONTWAIT, NULL, NULL) = 32
19463 1784159792.144640 recvfrom(43, 0x7ffcf06d30, 3200, MSG_DONTWAIT, NULL, NULL) = -1 EAGAIN (Try again)
19463 1784159792.145009 recvfrom(52, 0x7af3c1d420, 2272, MSG_DONTWAIT, NULL, NULL) = -1 EAGAIN (Try again)
19463 1784159792.145669 recvfrom(43, 0x7ffcf05260, 3200, MSG_DONTWAIT, NULL, NULL) = -1 EAGAIN (Try again)
19463 1784159792.164318 recvfrom(43, "nysv\0\0\0\0\0\0\0\0\0\0\0\0\312\224\212\31\237\3\0\0*\235\3\0\0\0\0\0", 3200, MSG_DONTWAIT, NULL, NULL) = 32
19463 1784159792.164577 recvfrom(43, 0x7ffcf06d30, 3200, MSG_DONTWAIT, NULL, NULL) = -1 EAGAIN (Try again)
19463 1784159792.164870 recvfrom(52, 0x7af3c1d420, 2272, MSG_DONTWAIT, NULL, NULL) = -1 EAGAIN (Try again)
19463 1784159792.165462 recvfrom(43, 0x7ffcf05260, 3200, MSG_DONTWAIT, NULL, NULL) = -1 EAGAIN (Try again)
19463 1784159792.184286 recvfrom(43, "nysv\0\0\0\0\0\0\0\0\0\0\0\0\206\370\210\32\237\3\0\0+\235\3\0\0\0\0\0", 3200, MSG_DONTWAIT, NULL, NULL) = 32
19463 1784159792.184622 recvfrom(43, 0x7ffcf06d30, 3200, MSG_DONTWAIT, NULL, NULL) = -1 EAGAIN (Try again)
19463 1784159792.184911 recvfrom(52, 0x7af3c1d420, 2272, MSG_DONTWAIT, NULL, NULL) = -1 EAGAIN (Try again)
19463 1784159792.185520 recvfrom(43, 0x7ffcf05260, 3200, MSG_DONTWAIT, NULL, NULL) = -1 EAGAIN (Try again)
19463 1784159792.212343 recvfrom(43, "nysv\0\0\0\0\0\0\0\0\0\0\0\0~Z\207\33\237\3\0\0,\235\3\0\0\0\0\0", 3200, MSG_DONTWAIT, NULL, NULL) = 32
19463 1784159792.212627 recvfrom(43, 0x7ffcf06d30, 3200, MSG_DONTWAIT, NULL, NULL) = -1 EAGAIN (Try again)
19463 1784159792.212923 recvfrom(52, 0x7af3c1d420, 2272, MSG_DONTWAIT, NULL, NULL) = -1 EAGAIN (Try again)
19463 1784159792.213507 recvfrom(43, 0x7ffcf05260, 3200, MSG_DONTWAIT, NULL, NULL) = -1 EAGAIN (Try again)
19463 1784159792.227409 recvfrom(43, "nysv\0\0\0\0\0\0\0\0\0\0\0\0s!\204\35\237\3\0\0.\235\3\0\0\0\0\0", 3200, MSG_DONTWAIT, NULL, NULL) = 32
19463 1784159792.227694 recvfrom(43, 0x7ffcf06d30, 3200, MSG_DONTWAIT, NULL, NULL) = -1 EAGAIN (Try again)
19463 1784159792.227978 recvfrom(52, 0x7af3c1d420, 2272, MSG_DONTWAIT, NULL, NULL) = -1 EAGAIN (Try again)
19463 1784159792.228582 recvfrom(43, 0x7ffcf05260, 3200, MSG_DONTWAIT, NULL, NULL) = -1 EAGAIN (Try again)
19463 1784159792.245078 recvfrom(43, "nysv\0\0\0\0\0\0\0\0\0\0\0\0\315z\202\36\237\3\0\0/\235\3\0\0\0\0\0", 3200, MSG_DONTWAIT, NULL, NULL) = 32
19463 1784159792.245368 recvfrom(43, 0x7ffcf06d30, 3200, MSG_DONTWAIT, NULL, NULL) = -1 EAGAIN (Try again)
19463 1784159792.245724 recvfrom(52, 0x7af3c1d420, 2272, MSG_DONTWAIT, NULL, NULL) = -1 EAGAIN (Try again)
19463 1784159792.246522 recvfrom(43, 0x7ffcf05260, 3200, MSG_DONTWAIT, NULL, NULL) = -1 EAGAIN (Try again)
19463 1784159792.263921 recvfrom(43, "nysv\0\0\0\0\0\0\0\0\0\0\0\0\367\312\200\37\237\3\0\0000\235\3\0\0\0\0\0", 3200, MSG_DONTWAIT, NULL, NULL) = 32
19463 1784159792.264247 recvfrom(43, 0x7ffcf06d30, 3200, MSG_DONTWAIT, NULL, NULL) = -1 EAGAIN (Try again)
19463 1784159792.264533 recvfrom(52, 0x7af3c1d420, 2272, MSG_DONTWAIT, NULL, NULL) = -1 EAGAIN (Try again)
19463 1784159792.265269 recvfrom(43, 0x7ffcf05260, 3200, MSG_DONTWAIT, NULL, NULL) = -1 EAGAIN (Try again)
19463 1784159792.281569 recvfrom(43, "nysv\0\0\0\0\0\0\0\0\0\0\0\0x,\177 \237\3\0\0001\235\3\0\0\0\0\0", 3200, MSG_DONTWAIT, NULL, NULL) = 32
19463 1784159792.281847 recvfrom(43, 0x7ffcf06d30, 3200, MSG_DONTWAIT, NULL, NULL) = -1 EAGAIN (Try again)
19463 1784159792.282262 recvfrom(52, 0x7af3c1d420, 2272, MSG_DONTWAIT, NULL, NULL) = -1 EAGAIN (Try again)
19463 1784159792.282859 recvfrom(43, 0x7ffcf05260, 3200, MSG_DONTWAIT, NULL, NULL) = -1 EAGAIN (Try again)
19463 1784159792.298605 recvfrom(43, "nysv\0\0\0\0\0\0\0\0\0\0\0\0\242|}!\237\3\0\0002\235\3\0\0\0\0\0", 3200, MSG_DONTWAIT, NULL, NULL) = 32
19463 1784159792.298871 recvfrom(43, 0x7ffcf06d30, 3200, MSG_DONTWAIT, NULL, NULL) = -1 EAGAIN (Try again)
19463 1784159792.299308 recvfrom(52, 0x7af3c1d420, 2272, MSG_DONTWAIT, NULL, NULL) = -1 EAGAIN (Try again)
19463 1784159792.299904 recvfrom(43, 0x7ffcf05260, 3200, MSG_DONTWAIT, NULL, NULL) = -1 EAGAIN (Try again)
19463 1784159792.314445 recvfrom(43, "nysv\0\0\0\0\0\0\0\0\0\0\0\0\371\321{\"\237\3\0\0003\235\3\0\0\0\0\0", 3200, MSG_DONTWAIT, NULL, NULL) = 32
19463 1784159792.314719 recvfrom(43, 0x7ffcf06d30, 3200, MSG_DONTWAIT, NULL, NULL) = -1 EAGAIN (Try again)
19463 1784159792.315125 recvfrom(52, 0x7af3c1d420, 2272, MSG_DONTWAIT, NULL, NULL) = -1 EAGAIN (Try again)
19463 1784159792.315801 recvfrom(43, 0x7ffcf05260, 3200, MSG_DONTWAIT, NULL, NULL) = -1 EAGAIN (Try again)
19463 1784159792.330412 recvfrom(43, "nysv\0\0\0\0\0\0\0\0\0\0\0\0\357/z#\237\3\0\0004\235\3\0\0\0\0\0", 3200, MSG_DONTWAIT, NULL, NULL) = 32
19463 1784159792.331175 recvfrom(43, 0x7ffcf06d30, 3200, MSG_DONTWAIT, NULL, NULL) = -1 EAGAIN (Try again)
19463 1784159792.331502 recvfrom(52, 0x7af3c1d420, 2272, MSG_DONTWAIT, NULL, NULL) = -1 EAGAIN (Try again)
19463 1784159792.332221 recvfrom(43, 0x7ffcf05260, 3200, MSG_DONTWAIT, NULL, NULL) = -1 EAGAIN (Try again)
19463 1784159792.347468 recvfrom(43, "nysv\0\0\0\0\0\0\0\0\0\0\0\0\31\200x$\237\3\0\0005\235\3\0\0\0\0\0", 3200, MSG_DONTWAIT, NULL, NULL) = 32
19463 1784159792.347795 recvfrom(43, 0x7ffcf06d30, 3200, MSG_DONTWAIT, NULL, NULL) = -1 EAGAIN (Try again)
19463 1784159792.348160 recvfrom(52, 0x7af3c1d420, 2272, MSG_DONTWAIT, NULL, NULL) = -1 EAGAIN (Try again)
19463 1784159792.348757 recvfrom(43, 0x7ffcf05260, 3200, MSG_DONTWAIT, NULL, NULL) = -1 EAGAIN (Try again)
19463 1784159792.364251 recvfrom(43, "nysv\0\0\0\0\0\0\0\0\0\0\0\0C\320v%\237\3\0\0006\235\3\0\0\0\0\0", 3200, MSG_DONTWAIT, NULL, NULL) = 32
19463 1784159792.364521 recvfrom(43, 0x7ffcf06d30, 3200, MSG_DONTWAIT, NULL, NULL) = -1 EAGAIN (Try again)
19463 1784159792.364806 recvfrom(52, 0x7af3c1d420, 2272, MSG_DONTWAIT, NULL, NULL) = -1 EAGAIN (Try again)
19463 1784159792.365386 recvfrom(43, 0x7ffcf05260, 3200, MSG_DONTWAIT, NULL, NULL) = -1 EAGAIN (Try again)
19463 1784159792.380841 recvfrom(43, "nysv\0\0\0\0\0\0\0\0\0\0\0\0005\24u&\237\3\0\0007\235\3\0\0\0\0\0", 3200, MSG_DONTWAIT, NULL, NULL) = 32
19463 1784159792.381109 recvfrom(43, 0x7ffcf06d30, 3200, MSG_DONTWAIT, NULL, NULL) = -1 EAGAIN (Try again)
19463 1784159792.381415 recvfrom(52, 0x7af3c1d420, 2272, MSG_DONTWAIT, NULL, NULL) = -1 EAGAIN (Try again)
19463 1784159792.382118 recvfrom(43, 0x7ffcf05260, 3200, MSG_DONTWAIT, NULL, NULL) = -1 EAGAIN (Try again)
19463 1784159792.397159 recvfrom(43, "nysv\0\0\0\0\0\0\0\0\0\0\0\0\fps'\237\3\0\08\235\3\0\0\0\0\0", 3200, MSG_DONTWAIT, NULL, NULL) = 32
19463 1784159792.397445 recvfrom(43, 0x7ffcf06d30, 3200, MSG_DONTWAIT, NULL, NULL) = -1 EAGAIN (Try again)
19463 1784159792.397890 recvfrom(52, 0x7af3c1d420, 2272, MSG_DONTWAIT, NULL, NULL) = -1 EAGAIN (Try again)
19463 1784159792.399066 recvfrom(43, 0x7ffcf05260, 3200, MSG_DONTWAIT, NULL, NULL) = -1 EAGAIN (Try again)
19463 1784159792.416358 recvfrom(43, "nysv\0\0\0\0\0\0\0\0\0\0\0\0\204\313q(\237\3\0\09\235\3\0\0\0\0\0", 3200, MSG_DONTWAIT, NULL, NULL) = 32
19463 1784159792.416631 recvfrom(43, 0x7ffcf06d30, 3200, MSG_DONTWAIT, NULL, NULL) = -1 EAGAIN (Try again)
19463 1784159792.416924 recvfrom(52, 0x7af3c1d420, 2272, MSG_DONTWAIT, NULL, NULL) = -1 EAGAIN (Try again)
19463 1784159792.417504 recvfrom(43, 0x7ffcf05260, 3200, MSG_DONTWAIT, NULL, NULL) = -1 EAGAIN (Try again)
19463 1784159792.434935 recvfrom(43, "nysv\0\0\0\0\0\0\0\0\0\0\0\0\256\33p)\237\3\0\0:\235\3\0\0\0\0\0", 3200, MSG_DONTWAIT, NULL, NULL) = 32
19463 1784159792.435185 recvfrom(43, 0x7ffcf06d30, 3200, MSG_DONTWAIT, NULL, NULL) = -1 EAGAIN (Try again)
19463 1784159792.435477 recvfrom(52, 0x7af3c1d420, 2272, MSG_DONTWAIT, NULL, NULL) = -1 EAGAIN (Try again)
19463 1784159792.436166 recvfrom(43, 0x7ffcf05260, 3200, MSG_DONTWAIT, NULL, NULL) = -1 EAGAIN (Try again)
19463 1784159792.460133 recvfrom(43, "nysv\0\0\0\0\0\0\0\0\0\0\0\0\16pn*\237\3\0\0;\235\3\0\0\0\0\0", 3200, MSG_DONTWAIT, NULL, NULL) = 32
19463 1784159792.460527 recvfrom(43, 0x7ffcf06d30, 3200, MSG_DONTWAIT, NULL, NULL) = -1 EAGAIN (Try again)
19463 1784159792.460837 recvfrom(52, 0x7af3c1d420, 2272, MSG_DONTWAIT, NULL, NULL) = -1 EAGAIN (Try again)
19463 1784159792.461438 recvfrom(43, 0x7ffcf05260, 3200, MSG_DONTWAIT, NULL, NULL) = -1 EAGAIN (Try again)
19463 1784159792.476015 recvfrom(43, "nysv\0\0\0\0\0\0\0\0\0\0\0\0\230(k,\237\3\0\0=\235\3\0\0\0\0\0", 3200, MSG_DONTWAIT, NULL, NULL) = 32
19463 1784159792.476297 recvfrom(43, 0x7ffcf06d30, 3200, MSG_DONTWAIT, NULL, NULL) = -1 EAGAIN (Try again)
19463 1784159792.476586 recvfrom(52, 0x7af3c1d420, 2272, MSG_DONTWAIT, NULL, NULL) = -1 EAGAIN (Try again)
19463 1784159792.477137 recvfrom(43, 0x7ffcf05260, 3200, MSG_DONTWAIT, NULL, NULL) = -1 EAGAIN (Try again)
19463 1784159792.496103 recvfrom(43, "nysv\0\0\0\0\0\0\0\0\0\0\0\0\4\213i-\237\3\0\0>\235\3\0\0\0\0\0", 3200, MSG_DONTWAIT, NULL, NULL) = 32
19463 1784159792.496375 recvfrom(43, 0x7ffcf06d30, 3200, MSG_DONTWAIT, NULL, NULL) = -1 EAGAIN (Try again)
19463 1784159792.496714 recvfrom(52, 0x7af3c1d420, 2272, MSG_DONTWAIT, NULL, NULL) = -1 EAGAIN (Try again)
19463 1784159792.497302 recvfrom(43, 0x7ffcf05260, 3200, MSG_DONTWAIT, NULL, NULL) = -1 EAGAIN (Try again)
19463 1784159792.513233 recvfrom(43, "nysv\0\0\0\0\0\0\0\0\0\0\0\0003\347g.\237\3\0\0?\235\3\0\0\0\0\0", 3200, MSG_DONTWAIT, NULL, NULL) = 32
19463 1784159792.513498 recvfrom(43, 0x7ffcf06d30, 3200, MSG_DONTWAIT, NULL, NULL) = -1 EAGAIN (Try again)
19463 1784159792.513788 recvfrom(52, 0x7af3c1d420, 2272, MSG_DONTWAIT, NULL, NULL) = -1 EAGAIN (Try again)
19463 1784159792.514388 recvfrom(43, 0x7ffcf05260, 3200, MSG_DONTWAIT, NULL, NULL) = -1 EAGAIN (Try again)
19463 1784159792.541468 recvfrom(43, "nysv\0\0\0\0\0\0\0\0\0\0\0\0]7f/\237\3\0\0@\235\3\0\0\0\0\0", 3200, MSG_DONTWAIT, NULL, NULL) = 32
19463 1784159792.541962 recvfrom(43, 0x7ffcf06d30, 3200, MSG_DONTWAIT, NULL, NULL) = -1 EAGAIN (Try again)
19463 1784159792.542309 recvfrom(52, 0x7af3c1d420, 2272, MSG_DONTWAIT, NULL, NULL) = -1 EAGAIN (Try again)
19463 1784159792.543008 recvfrom(43, 0x7ffcf05260, 3200, MSG_DONTWAIT, NULL, NULL) = -1 EAGAIN (Try again)
19463 1784159792.560337 recvfrom(43, "nysv\0\0\0\0\0\0\0\0\0\0\0\0\261\351b1\237\3\0\0B\235\3\0\0\0\0\0", 3200, MSG_DONTWAIT, NULL, NULL) = 32
19463 1784159792.560598 recvfrom(43, 0x7ffcf06d30, 3200, MSG_DONTWAIT, NULL, NULL) = -1 EAGAIN (Try again)
19463 1784159792.560889 recvfrom(52, 0x7af3c1d420, 2272, MSG_DONTWAIT, NULL, NULL) = -1 EAGAIN (Try again)
19463 1784159792.561474 recvfrom(43, 0x7ffcf05260, 3200, MSG_DONTWAIT, NULL, NULL) = -1 EAGAIN (Try again)
19463 1784159792.576966 recvfrom(43, "nysv\0\0\0\0\0\0\0\0\0\0\0\0\30Ba2\237\3\0\0C\235\3\0\0\0\0\0", 3200, MSG_DONTWAIT, NULL, NULL) = 32
19463 1784159792.577255 recvfrom(43, 0x7ffcf06d30, 3200, MSG_DONTWAIT, NULL, NULL) = -1 EAGAIN (Try again)
19463 1784159792.577535 recvfrom(52, 0x7af3c1d420, 2272, MSG_DONTWAIT, NULL, NULL) = -1 EAGAIN (Try again)
19463 1784159792.578243 recvfrom(43, 0x7ffcf05260, 3200, MSG_DONTWAIT, NULL, NULL) = -1 EAGAIN (Try again)
19463 1784159792.593258 recvfrom(43, "nysv\0\0\0\0\0\0\0\0\0\0\0\0\347\236_3\237\3\0\0D\235\3\0\0\0\0\0", 3200, MSG_DONTWAIT, NULL, NULL) = 32
19463 1784159792.593519 recvfrom(43, 0x7ffcf06d30, 3200, MSG_DONTWAIT, NULL, NULL) = -1 EAGAIN (Try again)
19463 1784159792.593778 recvfrom(52, 0x7af3c1d420, 2272, MSG_DONTWAIT, NULL, NULL) = -1 EAGAIN (Try again)
19463 1784159792.594504 recvfrom(43, 0x7ffcf05260, 3200, MSG_DONTWAIT, NULL, NULL) = -1 EAGAIN (Try again)
19463 1784159792.612308 recvfrom(43, "nysv\0\0\0\0\0\0\0\0\0\0\0\0\27\373]4\237\3\0\0E\235\3\0\0\0\0\0", 3200, MSG_DONTWAIT, NULL, NULL) = 32
19463 1784159792.612594 recvfrom(43, 0x7ffcf06d30, 3200, MSG_DONTWAIT, NULL, NULL) = -1 EAGAIN (Try again)
19463 1784159792.612848 recvfrom(52, 0x7af3c1d420, 2272, MSG_DONTWAIT, NULL, NULL) = -1 EAGAIN (Try again)
19463 1784159792.613369 recvfrom(43, 0x7ffcf05260, 3200, MSG_DONTWAIT, NULL, NULL) = -1 EAGAIN (Try again)
19463 1784159792.625784 recvfrom(43, "nysv\0\0\0\0\0\0\0\0\0\0\0\0\267^\\5\237\3\0\0F\235\3\0\0\0\0\0", 3200, MSG_DONTWAIT, NULL, NULL) = 32
19463 1784159792.626052 recvfrom(43, 0x7ffcf06d30, 3200, MSG_DONTWAIT, NULL, NULL) = -1 EAGAIN (Try again)
19463 1784159792.626314 recvfrom(52, 0x7af3c1d420, 2272, MSG_DONTWAIT, NULL, NULL) = -1 EAGAIN (Try again)
19463 1784159792.626825 recvfrom(43, 0x7ffcf05260, 3200, MSG_DONTWAIT, NULL, NULL) = -1 EAGAIN (Try again)
19463 1784159792.648965 recvfrom(43, "nysv\0\0\0\0\0\0\0\0\0\0\0\0\242\nZ6\237\3\0\0G\235\3\0\0\0\0\0", 3200, MSG_DONTWAIT, NULL, NULL) = 32
19463 1784159792.649193 recvfrom(43, 0x7ffcf06d30, 3200, MSG_DONTWAIT, NULL, NULL) = -1 EAGAIN (Try again)
19463 1784159792.649478 recvfrom(52, 0x7af3c1d420, 2272, MSG_DONTWAIT, NULL, NULL) = -1 EAGAIN (Try again)
19463 1784159792.650044 recvfrom(43, 0x7ffcf05260, 3200, MSG_DONTWAIT, NULL, NULL) = -1 EAGAIN (Try again)
19463 1784159792.667643 recvfrom(43, "nysv\0\0\0\0\0\0\0\0\0\0\0\0\314ZX7\237\3\0\0H\235\3\0\0\0\0\0", 3200, MSG_DONTWAIT, NULL, NULL) = 32
19463 1784159792.667933 recvfrom(43, 0x7ffcf06d30, 3200, MSG_DONTWAIT, NULL, NULL) = -1 EAGAIN (Try again)
19463 1784159792.668201 recvfrom(52, 0x7af3c1d420, 2272, MSG_DONTWAIT, NULL, NULL) = -1 EAGAIN (Try again)
19463 1784159792.668753 recvfrom(43, 0x7ffcf05260, 3200, MSG_DONTWAIT, NULL, NULL) = -1 EAGAIN (Try again)
19463 1784159792.690907 recvfrom(43, "nysv\0\0\0\0\0\0\0\0\0\0\0\0(\272V8\237\3\0\0I\235\3\0\0\0\0\0", 3200, MSG_DONTWAIT, NULL, NULL) = 32
19463 1784159792.691221 recvfrom(43, 0x7ffcf06d30, 3200, MSG_DONTWAIT, NULL, NULL) = -1 EAGAIN (Try again)
19463 1784159792.691527 recvfrom(52, 0x7af3c1d420, 2272, MSG_DONTWAIT, NULL, NULL) = -1 EAGAIN (Try again)
19463 1784159792.692179 recvfrom(43, 0x7ffcf05260, 3200, MSG_DONTWAIT, NULL, NULL) = -1 EAGAIN (Try again)
19463 1784159792.707278 recvfrom(43, "nysv\0\0\0\0\0\0\0\0\0\0\0\0:yS:\237\3\0\0K\235\3\0\0\0\0\0", 3200, MSG_DONTWAIT, NULL, NULL) = 32
19463 1784159792.707585 recvfrom(43, 0x7ffcf06d30, 3200, MSG_DONTWAIT, NULL, NULL) = -1 EAGAIN (Try again)
19463 1784159792.707887 recvfrom(52, 0x7af3c1d420, 2272, MSG_DONTWAIT, NULL, NULL) = -1 EAGAIN (Try again)
19463 1784159792.708446 recvfrom(43, 0x7ffcf05260, 3200, MSG_DONTWAIT, NULL, NULL) = -1 EAGAIN (Try again)
19463 1784159792.726176 recvfrom(43, "nysv\0\0\0\0\0\0\0\0\0\0\0\0\360\325Q;\237\3\0\0L\235\3\0\0\0\0\0", 3200, MSG_DONTWAIT, NULL, NULL) = 32
19463 1784159792.726472 recvfrom(43, 0x7ffcf06d30, 3200, MSG_DONTWAIT, NULL, NULL) = -1 EAGAIN (Try again)
19463 1784159792.726757 recvfrom(52, 0x7af3c1d420, 2272, MSG_DONTWAIT, NULL, NULL) = -1 EAGAIN (Try again)
19463 1784159792.727279 recvfrom(43, 0x7ffcf05260, 3200, MSG_DONTWAIT, NULL, NULL) = -1 EAGAIN (Try again)
19463 1784159792.744928 recvfrom(43, "nysv\0\0\0\0\0\0\0\0\0\0\0\0\32&P<\237\3\0\0M\235\3\0\0\0\0\0", 3200, MSG_DONTWAIT, NULL, NULL) = 32
19463 1784159792.745150 recvfrom(43, 0x7ffcf06d30, 3200, MSG_DONTWAIT, NULL, NULL) = -1 EAGAIN (Try again)
19463 1784159792.745428 recvfrom(52, 0x7af3c1d420, 2272, MSG_DONTWAIT, NULL, NULL) = -1 EAGAIN (Try again)
19463 1784159792.746052 recvfrom(43, 0x7ffcf05260, 3200, MSG_DONTWAIT, NULL, NULL) = -1 EAGAIN (Try again)
19463 1784159792.758390 recvfrom(43, "nysv\0\0\0\0\0\0\0\0\0\0\0\0T\212N=\237\3\0\0N\235\3\0\0\0\0\0", 3200, MSG_DONTWAIT, NULL, NULL) = 32
19463 1784159792.758630 recvfrom(43, 0x7ffcf06d30, 3200, MSG_DONTWAIT, NULL, NULL) = -1 EAGAIN (Try again)
19463 1784159792.758878 recvfrom(52, 0x7af3c1d420, 2272, MSG_DONTWAIT, NULL, NULL) = -1 EAGAIN (Try again)
19463 1784159792.759383 recvfrom(43, 0x7ffcf05260, 3200, MSG_DONTWAIT, NULL, NULL) = -1 EAGAIN (Try again)
19463 1784159792.778191 recvfrom(43, "nysv\0\0\0\0\0\0\0\0\0\0\0\0$\252L>\237\3\0\0O\235\3\0\0\0\0\0", 3200, MSG_DONTWAIT, NULL, NULL) = 32
19463 1784159792.778524 recvfrom(43, 0x7ffcf06d30, 3200, MSG_DONTWAIT, NULL, NULL) = -1 EAGAIN (Try again)
19463 1784159792.778769 recvfrom(52, 0x7af3c1d420, 2272, MSG_DONTWAIT, NULL, NULL) = -1 EAGAIN (Try again)
19463 1784159792.779304 recvfrom(43, 0x7ffcf05260, 3200, MSG_DONTWAIT, NULL, NULL) = -1 EAGAIN (Try again)
19463 1784159792.795618 recvfrom(43, "nysv\0\0\0\0\0\0\0\0\0\0\0\0\324\16K?\237\3\0\0P\235\3\0\0\0\0\0", 3200, MSG_DONTWAIT, NULL, NULL) = 32
19463 1784159792.795855 recvfrom(43, 0x7ffcf06d30, 3200, MSG_DONTWAIT, NULL, NULL) = -1 EAGAIN (Try again)
19463 1784159792.796116 recvfrom(52, 0x7af3c1d420, 2272, MSG_DONTWAIT, NULL, NULL) = -1 EAGAIN (Try again)
19463 1784159792.796640 recvfrom(43, 0x7ffcf05260, 3200, MSG_DONTWAIT, NULL, NULL) = -1 EAGAIN (Try again)
19463 1784159792.812960 recvfrom(43, "nysv\0\0\0\0\0\0\0\0\0\0\0\0\376^I@\237\3\0\0Q\235\3\0\0\0\0\0", 3200, MSG_DONTWAIT, NULL, NULL) = 32
19463 1784159792.813186 recvfrom(43, 0x7ffcf06d30, 3200, MSG_DONTWAIT, NULL, NULL) = -1 EAGAIN (Try again)
19463 1784159792.813455 recvfrom(52, 0x7af3c1d420, 2272, MSG_DONTWAIT, NULL, NULL) = -1 EAGAIN (Try again)
19463 1784159792.814000 recvfrom(43, 0x7ffcf05260, 3200, MSG_DONTWAIT, NULL, NULL) = -1 EAGAIN (Try again)
19463 1784159792.829528 recvfrom(43, "nysv\0\0\0\0\0\0\0\0\0\0\0\0(\257GA\237\3\0\0R\235\3\0\0\0\0\0", 3200, MSG_DONTWAIT, NULL, NULL) = 32
19463 1784159792.829828 recvfrom(43, 0x7ffcf06d30, 3200, MSG_DONTWAIT, NULL, NULL) = -1 EAGAIN (Try again)
19463 1784159792.830108 recvfrom(52, 0x7af3c1d420, 2272, MSG_DONTWAIT, NULL, NULL) = -1 EAGAIN (Try again)
19463 1784159792.830628 recvfrom(43, 0x7ffcf05260, 3200, MSG_DONTWAIT, NULL, NULL) = -1 EAGAIN (Try again)
19463 1784159792.846406 recvfrom(43, "nysv\0\0\0\0\0\0\0\0\0\0\0\0R\377EB\237\3\0\0S\235\3\0\0\0\0\0", 3200, MSG_DONTWAIT, NULL, NULL) = 32
19463 1784159792.846646 recvfrom(43, 0x7ffcf06d30, 3200, MSG_DONTWAIT, NULL, NULL) = -1 EAGAIN (Try again)
19463 1784159792.846915 recvfrom(52, 0x7af3c1d420, 2272, MSG_DONTWAIT, NULL, NULL) = -1 EAGAIN (Try again)
19463 1784159792.847444 recvfrom(43, 0x7ffcf05260, 3200, MSG_DONTWAIT, NULL, NULL) = -1 EAGAIN (Try again)
19463 1784159792.860560 recvfrom(43, "nysv\0\0\0\0\0\0\0\0\0\0\0\0$aDC\237\3\0\0T\235\3\0\0\0\0\0", 3200, MSG_DONTWAIT, NULL, NULL) = 32
19463 1784159792.860837 recvfrom(43, 0x7ffcf06d30, 3200, MSG_DONTWAIT, NULL, NULL) = -1 EAGAIN (Try again)
19463 1784159792.861104 recvfrom(52, 0x7af3c1d420, 2272, MSG_DONTWAIT, NULL, NULL) = -1 EAGAIN (Try again)
19463 1784159792.861610 recvfrom(43, 0x7ffcf05260, 3200, MSG_DONTWAIT, NULL, NULL) = -1 EAGAIN (Try again)
19463 1784159792.879676 recvfrom(43, "nysv\0\0\0\0\0\0\0\0\0\0\0\0q\305BD\237\3\0\0U\235\3\0\0\0\0\0", 3200, MSG_DONTWAIT, NULL, NULL) = 32
19463 1784159792.879989 recvfrom(43, 0x7ffcf06d30, 3200, MSG_DONTWAIT, NULL, NULL) = -1 EAGAIN (Try again)
19463 1784159792.880274 recvfrom(52, 0x7af3c1d420, 2272, MSG_DONTWAIT, NULL, NULL) = -1 EAGAIN (Try again)
19463 1784159792.880809 recvfrom(43, 0x7ffcf05260, 3200, MSG_DONTWAIT, NULL, NULL) = -1 EAGAIN (Try again)
19463 1784159792.894722 recvfrom(43, "nysv\0\0\0\0\0\0\0\0\0\0\0\0d(AE\237\3\0\0V\235\3\0\0\0\0\0", 3200, MSG_DONTWAIT, NULL, NULL) = 32
19463 1784159792.894967 recvfrom(43, 0x7ffcf06d30, 3200, MSG_DONTWAIT, NULL, NULL) = -1 EAGAIN (Try again)
19463 1784159792.895217 recvfrom(52, 0x7af3c1d420, 2272, MSG_DONTWAIT, NULL, NULL) = -1 EAGAIN (Try again)
19463 1784159792.895792 recvfrom(43, 0x7ffcf05260, 3200, MSG_DONTWAIT, NULL, NULL) = -1 EAGAIN (Try again)
19463 1784159792.912607 recvfrom(43, "nysv\0\0\0\0\0\0\0\0\0\0\0\0\237\214?F\237\3\0\0W\235\3\0\0\0\0\0", 3200, MSG_DONTWAIT, NULL, NULL) = 32
19463 1784159792.912842 recvfrom(43, 0x7ffcf06d30, 3200, MSG_DONTWAIT, NULL, NULL) = -1 EAGAIN (Try again)
19463 1784159792.913107 recvfrom(52, 0x7af3c1d420, 2272, MSG_DONTWAIT, NULL, NULL) = -1 EAGAIN (Try again)
19463 1784159792.913627 recvfrom(43, 0x7ffcf05260, 3200, MSG_DONTWAIT, NULL, NULL) = -1 EAGAIN (Try again)
19463 1784159792.929796 recvfrom(43, "nysv\0\0\0\0\0\0\0\0\0\0\0\0?\4>G\237\3\0\0X\235\3\0\0\0\0\0", 3200, MSG_DONTWAIT, NULL, NULL) = 32
19463 1784159792.931618 recvfrom(43, 0x7ffcf06d30, 3200, MSG_DONTWAIT, NULL, NULL) = -1 EAGAIN (Try again)
19463 1784159792.932199 recvfrom(52, 0x7af3c1d420, 2272, MSG_DONTWAIT, NULL, NULL) = -1 EAGAIN (Try again)
19463 1784159792.932743 recvfrom(43, 0x7ffcf05260, 3200, MSG_DONTWAIT, NULL, NULL) = -1 EAGAIN (Try again)
19463 1784159792.946599 recvfrom(43, "nysv\0\0\0\0\0\0\0\0\0\0\0\0\262h<H\237\3\0\0Y\235\3\0\0\0\0\0", 3200, MSG_DONTWAIT, NULL, NULL) = 32
19463 1784159792.946903 recvfrom(43, 0x7ffcf06d30, 3200, MSG_DONTWAIT, NULL, NULL) = -1 EAGAIN (Try again)
19463 1784159792.947273 recvfrom(52, 0x7af3c1d420, 2272, MSG_DONTWAIT, NULL, NULL) = -1 EAGAIN (Try again)
19463 1784159792.947816 recvfrom(43, 0x7ffcf05260, 3200, MSG_DONTWAIT, NULL, NULL) = -1 EAGAIN (Try again)
19463 1784159792.961052 recvfrom(43, "nysv\0\0\0\0\0\0\0\0\0\0\0\0\202\312:I\237\3\0\0Z\235\3\0\0\0\0\0", 3200, MSG_DONTWAIT, NULL, NULL) = 32
19463 1784159792.961390 recvfrom(43, 0x7ffcf06d30, 3200, MSG_DONTWAIT, NULL, NULL) = -1 EAGAIN (Try again)
19463 1784159792.961672 recvfrom(52, 0x7af3c1d420, 2272, MSG_DONTWAIT, NULL, NULL) = -1 EAGAIN (Try again)
19463 1784159792.962277 recvfrom(43, 0x7ffcf05260, 3200, MSG_DONTWAIT, NULL, NULL) = -1 EAGAIN (Try again)
19463 1784159792.978735 recvfrom(43, "nysv\0\0\0\0\0\0\0\0\0\0\0\0\220*9J\237\3\0\0[\235\3\0\0\0\0\0", 3200, MSG_DONTWAIT, NULL, NULL) = 32
19463 1784159792.978971 recvfrom(43, 0x7ffcf06d30, 3200, MSG_DONTWAIT, NULL, NULL) = -1 EAGAIN (Try again)
19463 1784159792.979231 recvfrom(52, 0x7af3c1d420, 2272, MSG_DONTWAIT, NULL, NULL) = -1 EAGAIN (Try again)
19463 1784159792.979755 recvfrom(43, 0x7ffcf05260, 3200, MSG_DONTWAIT, NULL, NULL) = -1 EAGAIN (Try again)
19463 1784159792.993476 recvfrom(43, "nysv\0\0\0\0\0\0\0\0\0\0\0\0a\2157K\237\3\0\0\\\235\3\0\0\0\0\0", 3200, MSG_DONTWAIT, NULL, NULL) = 32
19463 1784159792.993713 recvfrom(43, 0x7ffcf06d30, 3200, MSG_DONTWAIT, NULL, NULL) = -1 EAGAIN (Try again)
19463 1784159792.994010 recvfrom(52, 0x7af3c1d420, 2272, MSG_DONTWAIT, NULL, NULL) = -1 EAGAIN (Try again)
19463 1784159792.994702 recvfrom(43, 0x7ffcf05260, 3200, MSG_DONTWAIT, NULL, NULL) = -1 EAGAIN (Try again)
19463 1784159793.009511 recvfrom(43, "nysv\0\0\0\0\0\0\0\0\0\0\0\0\213\3535L\237\3\0\0]\235\3\0\0\0\0\0", 3200, MSG_DONTWAIT, NULL, NULL) = 32
19463 1784159793.009796 recvfrom(43, 0x7ffcf06d30, 3200, MSG_DONTWAIT, NULL, NULL) = -1 EAGAIN (Try again)
19463 1784159793.010177 recvfrom(52, 0x7af3c1d420, 2272, MSG_DONTWAIT, NULL, NULL) = -1 EAGAIN (Try again)
19463 1784159793.011068 recvfrom(43, 0x7ffcf05260, 3200, MSG_DONTWAIT, NULL, NULL) = -1 EAGAIN (Try again)
19463 1784159793.026082 recvfrom(43, "nysv\0\0\0\0\0\0\0\0\0\0\0\0JE4M\237\3\0\0^\235\3\0\0\0\0\0", 3200, MSG_DONTWAIT, NULL, NULL) = 32
19463 1784159793.026410 recvfrom(43, 0x7ffcf06d30, 3200, MSG_DONTWAIT, NULL, NULL) = -1 EAGAIN (Try again)
19463 1784159793.026692 recvfrom(52, 0x7af3c1d420, 2272, MSG_DONTWAIT, NULL, NULL) = -1 EAGAIN (Try again)
19463 1784159793.027405 recvfrom(43, 0x7ffcf05260, 3200, MSG_DONTWAIT, NULL, NULL) = -1 EAGAIN (Try again)
19463 1784159793.045282 recvfrom(43, "nysv\0\0\0\0\0\0\0\0\0\0\0\0001\2522N\237\3\0\0_\235\3\0\0\0\0\0", 3200, MSG_DONTWAIT, NULL, NULL) = 32
19463 1784159793.045568 recvfrom(43, 0x7ffcf06d30, 3200, MSG_DONTWAIT, NULL, NULL) = -1 EAGAIN (Try again)
19463 1784159793.045840 recvfrom(52, 0x7af3c1d420, 2272, MSG_DONTWAIT, NULL, NULL) = -1 EAGAIN (Try again)
19463 1784159793.046410 recvfrom(43, 0x7ffcf05260, 3200, MSG_DONTWAIT, NULL, NULL) = -1 EAGAIN (Try again)
19463 1784159793.063660 recvfrom(43, "nysv\0\0\0\0\0\0\0\0\0\0\0\0[\3720O\237\3\0\0`\235\3\0\0\0\0\0", 3200, MSG_DONTWAIT, NULL, NULL) = 32
19463 1784159793.063907 recvfrom(43, 0x7ffcf06d30, 3200, MSG_DONTWAIT, NULL, NULL) = -1 EAGAIN (Try again)
19463 1784159793.064176 recvfrom(52, 0x7af3c1d420, 2272, MSG_DONTWAIT, NULL, NULL) = -1 EAGAIN (Try again)
19463 1784159793.064701 recvfrom(43, 0x7ffcf05260, 3200, MSG_DONTWAIT, NULL, NULL) = -1 EAGAIN (Try again)
19463 1784159793.079343 recvfrom(43, "nysv\0\0\0\0\0\0\0\0\0\0\0\0~]/P\237\3\0\0a\235\3\0\0\0\0\0", 3200, MSG_DONTWAIT, NULL, NULL) = 32
19463 1784159793.079625 recvfrom(43, 0x7ffcf06d30, 3200, MSG_DONTWAIT, NULL, NULL) = -1 EAGAIN (Try again)
19463 1784159793.079894 recvfrom(52, 0x7af3c1d420, 2272, MSG_DONTWAIT, NULL, NULL) = -1 EAGAIN (Try again)
19463 1784159793.080420 recvfrom(43, 0x7ffcf05260, 3200, MSG_DONTWAIT, NULL, NULL) = -1 EAGAIN (Try again)
19463 1784159793.094177 recvfrom(43, "nysv\0\0\0\0\0\0\0\0\0\0\0\0\347\277-Q\237\3\0\0b\235\3\0\0\0\0\0", 3200, MSG_DONTWAIT, NULL, NULL) = 32
19463 1784159793.094400 recvfrom(43, 0x7ffcf06d30, 3200, MSG_DONTWAIT, NULL, NULL) = -1 EAGAIN (Try again)
19463 1784159793.094678 recvfrom(52, 0x7af3c1d420, 2272, MSG_DONTWAIT, NULL, NULL) = -1 EAGAIN (Try again)
19463 1784159793.095201 recvfrom(43, 0x7ffcf05260, 3200, MSG_DONTWAIT, NULL, NULL) = -1 EAGAIN (Try again)
19463 1784159793.111251 recvfrom(43, "nysv\0\0\0\0\0\0\0\0\0\0\0\0T\37,R\237\3\0\0c\235\3\0\0\0\0\0", 3200, MSG_DONTWAIT, NULL, NULL) = 32
19463 1784159793.111582 recvfrom(43, 0x7ffcf06d30, 3200, MSG_DONTWAIT, NULL, NULL) = -1 EAGAIN (Try again)
19463 1784159793.111850 recvfrom(52, 0x7af3c1d420, 2272, MSG_DONTWAIT, NULL, NULL) = -1 EAGAIN (Try again)
19463 1784159793.112422 recvfrom(43, 0x7ffcf05260, 3200, MSG_DONTWAIT, NULL, NULL) = -1 EAGAIN (Try again)
19463 1784159793.129510 recvfrom(43, "nysv\0\0\0\0\0\0\0\0\0\0\0\0\313\177*S\237\3\0\0d\235\3\0\0\0\0\0", 3200, MSG_DONTWAIT, NULL, NULL) = 32
19463 1784159793.129752 recvfrom(43, 0x7ffcf06d30, 3200, MSG_DONTWAIT, NULL, NULL) = -1 EAGAIN (Try again)
19463 1784159793.130049 recvfrom(52, 0x7af3c1d420, 2272, MSG_DONTWAIT, NULL, NULL) = -1 EAGAIN (Try again)
19463 1784159793.130553 recvfrom(43, 0x7ffcf05260, 3200, MSG_DONTWAIT, NULL, NULL) = -1 EAGAIN (Try again)
19463 1784159793.145784 recvfrom(43, "nysv\0\0\0\0\0\0\0\0\0\0\0\0\224\335(T\237\3\0\0e\235\3\0\0\0\0\0", 3200, MSG_DONTWAIT, NULL, NULL) = 32
19463 1784159793.146063 recvfrom(43, 0x7ffcf06d30, 3200, MSG_DONTWAIT, NULL, NULL) = -1 EAGAIN (Try again)
19463 1784159793.146391 recvfrom(52, 0x7af3c1d420, 2272, MSG_DONTWAIT, NULL, NULL) = -1 EAGAIN (Try again)
19463 1784159793.146902 recvfrom(43, 0x7ffcf05260, 3200, MSG_DONTWAIT, NULL, NULL) = -1 EAGAIN (Try again)
19463 1784159793.161602 recvfrom(43, "nysv\0\0\0\0\0\0\0\0\0\0\0\0\327:'U\237\3\0\0f\235\3\0\0\0\0\0", 3200, MSG_DONTWAIT, NULL, NULL) = 32
19463 1784159793.162574 recvfrom(43, 0x7ffcf06d30, 3200, MSG_DONTWAIT, NULL, NULL) = -1 EAGAIN (Try again)
19463 1784159793.162990 recvfrom(52, 0x7af3c1d420, 2272, MSG_DONTWAIT, NULL, NULL) = -1 EAGAIN (Try again)
19463 1784159793.163703 recvfrom(43, 0x7ffcf05260, 3200, MSG_DONTWAIT, NULL, NULL) = -1 EAGAIN (Try again)
19463 1784159793.177713 recvfrom(43, "nysv\0\0\0\0\0\0\0\0\0\0\0\0\277\225%V\237\3\0\0g\235\3\0\0\0\0\0", 3200, MSG_DONTWAIT, NULL, NULL) = 32
19463 1784159793.178043 recvfrom(43, 0x7ffcf06d30, 3200, MSG_DONTWAIT, NULL, NULL) = -1 EAGAIN (Try again)
19463 1784159793.178308 recvfrom(52, 0x7af3c1d420, 2272, MSG_DONTWAIT, NULL, NULL) = -1 EAGAIN (Try again)
19463 1784159793.178963 recvfrom(43, 0x7ffcf05260, 3200, MSG_DONTWAIT, NULL, NULL) = -1 EAGAIN (Try again)
19463 1784159793.195461 recvfrom(43, "nysv\0\0\0\0\0\0\0\0\0\0\0\0\333\363#W\237\3\0\0h\235\3\0\0\0\0\0", 3200, MSG_DONTWAIT, NULL, NULL) = 32
19463 1784159793.195764 recvfrom(43, 0x7ffcf06d30, 3200, MSG_DONTWAIT, NULL, NULL) = -1 EAGAIN (Try again)
19463 1784159793.196028 recvfrom(52, 0x7af3c1d420, 2272, MSG_DONTWAIT, NULL, NULL) = -1 EAGAIN (Try again)
19463 1784159793.196559 recvfrom(43, 0x7ffcf05260, 3200, MSG_DONTWAIT, NULL, NULL) = -1 EAGAIN (Try again)
19463 1784159793.210209 recvfrom(43, "nysv\0\0\0\0\0\0\0\0\0\0\0\0FP\"X\237\3\0\0i\235\3\0\0\0\0\0", 3200, MSG_DONTWAIT, NULL, NULL) = 32
19463 1784159793.210435 recvfrom(43, 0x7ffcf06d30, 3200, MSG_DONTWAIT, NULL, NULL) = -1 EAGAIN (Try again)
19463 1784159793.210690 recvfrom(52, 0x7af3c1d420, 2272, MSG_DONTWAIT, NULL, NULL) = -1 EAGAIN (Try again)
19463 1784159793.211766 recvfrom(43, 0x7ffcf05260, 3200, MSG_DONTWAIT, NULL, NULL) = -1 EAGAIN (Try again)
19463 1784159793.228658 recvfrom(43, "nysv\0\0\0\0\0\0\0\0\0\0\0\0\23\255 Y\237\3\0\0j\235\3\0\0\0\0\0", 3200, MSG_DONTWAIT, NULL, NULL) = 32
19463 1784159793.228902 recvfrom(43, 0x7ffcf06d30, 3200, MSG_DONTWAIT, NULL, NULL) = -1 EAGAIN (Try again)
19463 1784159793.229161 recvfrom(52, 0x7af3c1d420, 2272, MSG_DONTWAIT, NULL, NULL) = -1 EAGAIN (Try again)
19463 1784159793.229691 recvfrom(43, 0x7ffcf05260, 3200, MSG_DONTWAIT, NULL, NULL) = -1 EAGAIN (Try again)
19463 1784159793.246044 recvfrom(43, "nysv\0\0\0\0\0\0\0\0\0\0\0\0i\r\37Z\237\3\0\0k\235\3\0\0\0\0\0", 3200, MSG_DONTWAIT, NULL, NULL) = 32
19463 1784159793.246271 recvfrom(43, 0x7ffcf06d30, 3200, MSG_DONTWAIT, NULL, NULL) = -1 EAGAIN (Try again)
19463 1784159793.246540 recvfrom(52, 0x7af3c1d420, 2272, MSG_DONTWAIT, NULL, NULL) = -1 EAGAIN (Try again)
19463 1784159793.247125 recvfrom(43, 0x7ffcf05260, 3200, MSG_DONTWAIT, NULL, NULL) = -1 EAGAIN (Try again)
19463 1784159793.262577 recvfrom(43, "nysv\0\0\0\0\0\0\0\0\0\0\0\0lp\35[\237\3\0\0l\235\3\0\0\0\0\0", 3200, MSG_DONTWAIT, NULL, NULL) = 32
19463 1784159793.262869 recvfrom(43, 0x7ffcf06d30, 3200, MSG_DONTWAIT, NULL, NULL) = -1 EAGAIN (Try again)
19463 1784159793.263198 recvfrom(52, 0x7af3c1d420, 2272, MSG_DONTWAIT, NULL, NULL) = -1 EAGAIN (Try again)
19463 1784159793.263717 recvfrom(43, 0x7ffcf05260, 3200, MSG_DONTWAIT, NULL, NULL) = -1 EAGAIN (Try again)
19463 1784159793.278082 recvfrom(43, "nysv\0\0\0\0\0\0\0\0\0\0\0\0\f\313\33\\\237\3\0\0m\235\3\0\0\0\0\0", 3200, MSG_DONTWAIT, NULL, NULL) = 32
19463 1784159793.278442 recvfrom(43, 0x7ffcf06d30, 3200, MSG_DONTWAIT, NULL, NULL) = -1 EAGAIN (Try again)
19463 1784159793.278704 recvfrom(52, 0x7af3c1d420, 2272, MSG_DONTWAIT, NULL, NULL) = -1 EAGAIN (Try again)
19463 1784159793.279245 recvfrom(43, 0x7ffcf05260, 3200, MSG_DONTWAIT, NULL, NULL) = -1 EAGAIN (Try again)
19463 1784159793.293726 recvfrom(43, "nysv\0\0\0\0\0\0\0\0\0\0\0\0\223&\32]\237\3\0\0n\235\3\0\0\0\0\0", 3200, MSG_DONTWAIT, NULL, NULL) = 32
19463 1784159793.294010 recvfrom(43, 0x7ffcf06d30, 3200, MSG_DONTWAIT, NULL, NULL) = -1 EAGAIN (Try again)
19463 1784159793.294415 recvfrom(52, 0x7af3c1d420, 2272, MSG_DONTWAIT, NULL, NULL) = -1 EAGAIN (Try again)
19463 1784159793.294934 recvfrom(43, 0x7ffcf05260, 3200, MSG_DONTWAIT, NULL, NULL) = -1 EAGAIN (Try again)
19463 1784159793.312379 recvfrom(43, "nysv\0\0\0\0\0\0\0\0\0\0\0\0\300\202\30^\237\3\0\0o\235\3\0\0\0\0\0", 3200, MSG_DONTWAIT, NULL, NULL) = 32
19463 1784159793.312666 recvfrom(43, 0x7ffcf06d30, 3200, MSG_DONTWAIT, NULL, NULL) = -1 EAGAIN (Try again)
19463 1784159793.312923 recvfrom(52, 0x7af3c1d420, 2272, MSG_DONTWAIT, NULL, NULL) = -1 EAGAIN (Try again)
19463 1784159793.313461 recvfrom(43, 0x7ffcf05260, 3200, MSG_DONTWAIT, NULL, NULL) = -1 EAGAIN (Try again)
19463 1784159793.327143 recvfrom(43, "nysv\0\0\0\0\0\0\0\0\0\0\0\0Z\341\26_\237\3\0\0p\235\3\0\0\0\0\0", 3200, MSG_DONTWAIT, NULL, NULL) = 32
19463 1784159793.327374 recvfrom(43, 0x7ffcf06d30, 3200, MSG_DONTWAIT, NULL, NULL) = -1 EAGAIN (Try again)
19463 1784159793.327626 recvfrom(52, 0x7af3c1d420, 2272, MSG_DONTWAIT, NULL, NULL) = -1 EAGAIN (Try again)
19463 1784159793.328155 recvfrom(43, 0x7ffcf05260, 3200, MSG_DONTWAIT, NULL, NULL) = -1 EAGAIN (Try again)
19463 1784159793.345631 recvfrom(43, "nysv\0\0\0\0\0\0\0\0\0\0\0\0S8\25`\237\3\0\0q\235\3\0\0\0\0\0", 3200, MSG_DONTWAIT, NULL, NULL) = 32
19463 1784159793.345920 recvfrom(43, 0x7ffcf06d30, 3200, MSG_DONTWAIT, NULL, NULL) = -1 EAGAIN (Try again)
19463 1784159793.346180 recvfrom(52, 0x7af3c1d420, 2272, MSG_DONTWAIT, NULL, NULL) = -1 EAGAIN (Try again)
19463 1784159793.346781 recvfrom(43, 0x7ffcf05260, 3200, MSG_DONTWAIT, NULL, NULL) = -1 EAGAIN (Try again)
19463 1784159793.360158 recvfrom(43, "nysv\0\0\0\0\0\0\0\0\0\0\0\0\34\226\23a\237\3\0\0r\235\3\0\0\0\0\0", 3200, MSG_DONTWAIT, NULL, NULL) = 32
19463 1784159793.360452 recvfrom(43, 0x7ffcf06d30, 3200, MSG_DONTWAIT, NULL, NULL) = -1 EAGAIN (Try again)
19463 1784159793.360740 recvfrom(52, 0x7af3c1d420, 2272, MSG_DONTWAIT, NULL, NULL) = -1 EAGAIN (Try again)
19463 1784159793.361390 recvfrom(43, 0x7ffcf05260, 3200, MSG_DONTWAIT, NULL, NULL) = -1 EAGAIN (Try again)
19463 1784159793.375869 recvfrom(43, "nysv\0\0\0\0\0\0\0\0\0\0\0\0\351\376\21b\237\3\0\0s\235\3\0\0\0\0\0", 3200, MSG_DONTWAIT, NULL, NULL) = 32
19463 1784159793.376174 recvfrom(43, 0x7ffcf06d30, 3200, MSG_DONTWAIT, NULL, NULL) = -1 EAGAIN (Try again)
19463 1784159793.376442 recvfrom(52, 0x7af3c1d420, 2272, MSG_DONTWAIT, NULL, NULL) = -1 EAGAIN (Try again)
19463 1784159793.377056 recvfrom(43, 0x7ffcf05260, 3200, MSG_DONTWAIT, NULL, NULL) = -1 EAGAIN (Try again)
19463 1784159793.393358 recvfrom(43, "nysv\0\0\0\0\0\0\0\0\0\0\0\0\23O\20c\237\3\0\0t\235\3\0\0\0\0\0", 3200, MSG_DONTWAIT, NULL, NULL) = 32
19463 1784159793.393620 recvfrom(43, 0x7ffcf06d30, 3200, MSG_DONTWAIT, NULL, NULL) = -1 EAGAIN (Try again)
19463 1784159793.393938 recvfrom(52, 0x7af3c1d420, 2272, MSG_DONTWAIT, NULL, NULL) = -1 EAGAIN (Try again)
19463 1784159793.394618 recvfrom(43, 0x7ffcf05260, 3200, MSG_DONTWAIT, NULL, NULL) = -1 EAGAIN (Try again)
19463 1784159793.410129 recvfrom(43, "nysv\0\0\0\0\0\0\0\0\0\0\0\0\4\234\16d\237\3\0\0u\235\3\0\0\0\0\0", 3200, MSG_DONTWAIT, NULL, NULL) = 32
19463 1784159793.410389 recvfrom(43, 0x7ffcf06d30, 3200, MSG_DONTWAIT, NULL, NULL) = -1 EAGAIN (Try again)
19463 1784159793.410769 recvfrom(52, 0x7af3c1d420, 2272, MSG_DONTWAIT, NULL, NULL) = -1 EAGAIN (Try again)
19463 1784159793.411839 recvfrom(43, 0x7ffcf05260, 3200, MSG_DONTWAIT, NULL, NULL) = -1 EAGAIN (Try again)
19463 1784159793.426735 recvfrom(43, "nysv\0\0\0\0\0\0\0\0\0\0\0\0u\366\fe\237\3\0\0v\235\3\0\0\0\0\0", 3200, MSG_DONTWAIT, NULL, NULL) = 32
19463 1784159793.426992 recvfrom(43, 0x7ffcf06d30, 3200, MSG_DONTWAIT, NULL, NULL) = -1 EAGAIN (Try again)
19463 1784159793.427335 recvfrom(52, 0x7af3c1d420, 2272, MSG_DONTWAIT, NULL, NULL) = -1 EAGAIN (Try again)
19463 1784159793.427869 recvfrom(43, 0x7ffcf05260, 3200, MSG_DONTWAIT, NULL, NULL) = -1 EAGAIN (Try again)
19463 1784159793.444958 recvfrom(43, "nysv\0\0\0\0\0\0\0\0\0\0\0\0WN\vf\237\3\0\0w\235\3\0\0\0\0\0", 3200, MSG_DONTWAIT, NULL, NULL) = 32
19463 1784159793.445232 recvfrom(43, 0x7ffcf06d30, 3200, MSG_DONTWAIT, NULL, NULL) = -1 EAGAIN (Try again)
19463 1784159793.445489 recvfrom(52, 0x7af3c1d420, 2272, MSG_DONTWAIT, NULL, NULL) = -1 EAGAIN (Try again)
19463 1784159793.446002 recvfrom(43, 0x7ffcf05260, 3200, MSG_DONTWAIT, NULL, NULL) = -1 EAGAIN (Try again)
19463 1784159793.463451 recvfrom(43, "nysv\0\0\0\0\0\0\0\0\0\0\0\0+\251\tg\237\3\0\0x\235\3\0\0\0\0\0", 3200, MSG_DONTWAIT, NULL, NULL) = 32
19463 1784159793.463687 recvfrom(43, 0x7ffcf06d30, 3200, MSG_DONTWAIT, NULL, NULL) = -1 EAGAIN (Try again)
19463 1784159793.463942 recvfrom(52, 0x7af3c1d420, 2272, MSG_DONTWAIT, NULL, NULL) = -1 EAGAIN (Try again)
19463 1784159793.464471 recvfrom(43, 0x7ffcf05260, 3200, MSG_DONTWAIT, NULL, NULL) = -1 EAGAIN (Try again)
19463 1784159793.481742 recvfrom(43, "nysv\0\0\0\0\0\0\0\0\0\0\0\0\24\2\10h\237\3\0\0y\235\3\0\0\0\0\0", 3200, MSG_DONTWAIT, NULL, NULL) = 32
19463 1784159793.482075 recvfrom(43, 0x7ffcf06d30, 3200, MSG_DONTWAIT, NULL, NULL) = -1 EAGAIN (Try again)
19463 1784159793.482355 recvfrom(52, 0x7af3c1d420, 2272, MSG_DONTWAIT, NULL, NULL) = -1 EAGAIN (Try again)
19463 1784159793.482922 recvfrom(43, 0x7ffcf05260, 3200, MSG_DONTWAIT, NULL, NULL) = -1 EAGAIN (Try again)
19463 1784159793.499821 recvfrom(43, "nysv\0\0\0\0\0\0\0\0\0\0\0\0001S\6i\237\3\0\0z\235\3\0\0\0\0\0", 3200, MSG_DONTWAIT, NULL, NULL) = 32
19463 1784159793.500069 recvfrom(43, 0x7ffcf06d30, 3200, MSG_DONTWAIT, NULL, NULL) = -1 EAGAIN (Try again)
19463 1784159793.500332 recvfrom(52, 0x7af3c1d420, 2272, MSG_DONTWAIT, NULL, NULL) = -1 EAGAIN (Try again)
19463 1784159793.500872 recvfrom(43, 0x7ffcf05260, 3200, MSG_DONTWAIT, NULL, NULL) = -1 EAGAIN (Try again)
19463 1784159793.514768 recvfrom(43, "nysv\0\0\0\0\0\0\0\0\0\0\0\0\"\261\4j\237\3\0\0{\235\3\0\0\0\0\0", 3200, MSG_DONTWAIT, NULL, NULL) = 32
19463 1784159793.515178 recvfrom(43, 0x7ffcf06d30, 3200, MSG_DONTWAIT, NULL, NULL) = -1 EAGAIN (Try again)
19463 1784159793.515493 recvfrom(52, 0x7af3c1d420, 2272, MSG_DONTWAIT, NULL, NULL) = -1 EAGAIN (Try again)
19463 1784159793.516050 recvfrom(43, 0x7ffcf05260, 3200, MSG_DONTWAIT, NULL, NULL) = -1 EAGAIN (Try again)
19463 1784159793.529636 recvfrom(43, "nysv\0\0\0\0\0\0\0\0\0\0\0\08\16\3k\237\3\0\0|\235\3\0\0\0\0\0", 3200, MSG_DONTWAIT, NULL, NULL) = 32
19463 1784159793.530096 recvfrom(43, 0x7ffcf06d30, 3200, MSG_DONTWAIT, NULL, NULL) = -1 EAGAIN (Try again)
19463 1784159793.530367 recvfrom(52, 0x7af3c1d420, 2272, MSG_DONTWAIT, NULL, NULL) = -1 EAGAIN (Try again)
19463 1784159793.530903 recvfrom(43, 0x7ffcf05260, 3200, MSG_DONTWAIT, NULL, NULL) = -1 EAGAIN (Try again)
19463 1784159793.544343 recvfrom(43, "nysv\0\0\0\0\0\0\0\0\0\0\0\0b^\1l\237\3\0\0}\235\3\0\0\0\0\0", 3200, MSG_DONTWAIT, NULL, NULL) = 32
19463 1784159793.544805 recvfrom(43, 0x7ffcf06d30, 3200, MSG_DONTWAIT, NULL, NULL) = -1 EAGAIN (Try again)
19463 1784159793.545412 recvfrom(52, 0x7af3c1d420, 2272, MSG_DONTWAIT, NULL, NULL) = -1 EAGAIN (Try again)
19463 1784159793.545967 recvfrom(43, 0x7ffcf05260, 3200, MSG_DONTWAIT, NULL, NULL) = -1 EAGAIN (Try again)
19463 1784159793.559899 recvfrom(43, "nysv\0\0\0\0\0\0\0\0\0\0\0\0003\271\377l\237\3\0\0~\235\3\0\0\0\0\0", 3200, MSG_DONTWAIT, NULL, NULL) = 32
19463 1784159793.560164 recvfrom(43, 0x7ffcf06d30, 3200, MSG_DONTWAIT, NULL, NULL) = -1 EAGAIN (Try again)
19463 1784159793.560450 recvfrom(52, 0x7af3c1d420, 2272, MSG_DONTWAIT, NULL, NULL) = -1 EAGAIN (Try again)
19463 1784159793.561151 recvfrom(43, 0x7ffcf05260, 3200, MSG_DONTWAIT, NULL, NULL) = -1 EAGAIN (Try again)
19463 1784159793.577078 recvfrom(43, "nysv\0\0\0\0\0\0\0\0\0\0\0\0.\21\376m\237\3\0\0\177\235\3\0\0\0\0\0", 3200, MSG_DONTWAIT, NULL, NULL) = 32
19463 1784159793.577439 recvfrom(43, 0x7ffcf06d30, 3200, MSG_DONTWAIT, NULL, NULL) = -1 EAGAIN (Try again)
19463 1784159793.577697 recvfrom(52, 0x7af3c1d420, 2272, MSG_DONTWAIT, NULL, NULL) = -1 EAGAIN (Try again)
19463 1784159793.578370 recvfrom(43, 0x7ffcf05260, 3200, MSG_DONTWAIT, NULL, NULL) = -1 EAGAIN (Try again)
19463 1784159793.595343 recvfrom(43, "nysv\0\0\0\0\0\0\0\0\0\0\0\0\fr\374n\237\3\0\0\200\235\3\0\0\0\0\0", 3200, MSG_DONTWAIT, NULL, NULL) = 32
19463 1784159793.595571 recvfrom(43, 0x7ffcf06d30, 3200, MSG_DONTWAIT, NULL, NULL) = -1 EAGAIN (Try again)
19463 1784159793.595833 recvfrom(52, 0x7af3c1d420, 2272, MSG_DONTWAIT, NULL, NULL) = -1 EAGAIN (Try again)
19463 1784159793.596403 recvfrom(43, 0x7ffcf05260, 3200, MSG_DONTWAIT, NULL, NULL) = -1 EAGAIN (Try again)
19463 1784159793.611496 recvfrom(43, "nysv\0\0\0\0\0\0\0\0\0\0\0\0\232\315\372o\237\3\0\0\201\235\3\0\0\0\0\0", 3200, MSG_DONTWAIT, NULL, NULL) = 32
19463 1784159793.611856 recvfrom(43, 0x7ffcf06d30, 3200, MSG_DONTWAIT, NULL, NULL) = -1 EAGAIN (Try again)
19463 1784159793.612127 recvfrom(52, 0x7af3c1d420, 2272, MSG_DONTWAIT, NULL, NULL) = -1 EAGAIN (Try again)
19463 1784159793.612644 recvfrom(43, 0x7ffcf05260, 3200, MSG_DONTWAIT, NULL, NULL) = -1 EAGAIN (Try again)
19463 1784159793.628551 recvfrom(43, "nysv\0\0\0\0\0\0\0\0\0\0\0\0&%\371p\237\3\0\0\202\235\3\0\0\0\0\0", 3200, MSG_DONTWAIT, NULL, NULL) = 32
19463 1784159793.628801 recvfrom(43, 0x7ffcf06d30, 3200, MSG_DONTWAIT, NULL, NULL) = -1 EAGAIN (Try again)
19463 1784159793.629055 recvfrom(52, 0x7af3c1d420, 2272, MSG_DONTWAIT, NULL, NULL) = -1 EAGAIN (Try again)
19463 1784159793.629576 recvfrom(43, 0x7ffcf05260, 3200, MSG_DONTWAIT, NULL, NULL) = -1 EAGAIN (Try again)
19463 1784159793.645469 recvfrom(43, "nysv\0\0\0\0\0\0\0\0\0\0\0\0000\200\367q\237\3\0\0\203\235\3\0\0\0\0\0", 3200, MSG_DONTWAIT, NULL, NULL) = 32
19463 1784159793.645718 recvfrom(43, 0x7ffcf06d30, 3200, MSG_DONTWAIT, NULL, NULL) = -1 EAGAIN (Try again)
19463 1784159793.646000 recvfrom(52, 0x7af3c1d420, 2272, MSG_DONTWAIT, NULL, NULL) = -1 EAGAIN (Try again)
19463 1784159793.646525 recvfrom(43, 0x7ffcf05260, 3200, MSG_DONTWAIT, NULL, NULL) = -1 EAGAIN (Try again)
19463 1784159793.660343 recvfrom(43, "nysv\0\0\0\0\0\0\0\0\0\0\0\0e\333\365r\237\3\0\0\204\235\3\0\0\0\0\0", 3200, MSG_DONTWAIT, NULL, NULL) = 32
19463 1784159793.660619 recvfrom(43, 0x7ffcf06d30, 3200, MSG_DONTWAIT, NULL, NULL) = -1 EAGAIN (Try again)
19463 1784159793.660947 recvfrom(52, 0x7af3c1d420, 2272, MSG_DONTWAIT, NULL, NULL) = -1 EAGAIN (Try again)
19463 1784159793.661495 recvfrom(43, 0x7ffcf05260, 3200, MSG_DONTWAIT, NULL, NULL) = -1 EAGAIN (Try again)
19463 1784159793.676589 recvfrom(43, "nysv\0\0\0\0\0\0\0\0\0\0\0\0\3702\364s\237\3\0\0\205\235\3\0\0\0\0\0", 3200, MSG_DONTWAIT, NULL, NULL) = 32
19463 1784159793.676846 recvfrom(43, 0x7ffcf06d30, 3200, MSG_DONTWAIT, NULL, NULL) = -1 EAGAIN (Try again)
19463 1784159793.677122 recvfrom(52, 0x7af3c1d420, 2272, MSG_DONTWAIT, NULL, NULL) = -1 EAGAIN (Try again)
19463 1784159793.678283 recvfrom(43, 0x7ffcf05260, 3200, MSG_DONTWAIT, NULL, NULL) = -1 EAGAIN (Try again)
19463 1784159793.692724 recvfrom(43, "nysv\0\0\0\0\0\0\0\0\0\0\0\0\271\213\362t\237\3\0\0\206\235\3\0\0\0\0\0", 3200, MSG_DONTWAIT, NULL, NULL) = 32
19463 1784159793.692975 recvfrom(43, 0x7ffcf06d30, 3200, MSG_DONTWAIT, NULL, NULL) = -1 EAGAIN (Try again)
19463 1784159793.693280 recvfrom(52, 0x7af3c1d420, 2272, MSG_DONTWAIT, NULL, NULL) = -1 EAGAIN (Try again)
19463 1784159793.693887 recvfrom(43, 0x7ffcf05260, 3200, MSG_DONTWAIT, NULL, NULL) = -1 EAGAIN (Try again)
19463 1784159793.710345 recvfrom(43, "nysv\0\0\0\0\0\0\0\0\0\0\0\0\23\277\360u\237\3\0\0\207\235\3\0\0\0\0\0", 3200, MSG_DONTWAIT, NULL, NULL) = 32
19463 1784159793.710637 recvfrom(43, 0x7ffcf06d30, 3200, MSG_DONTWAIT, NULL, NULL) = -1 EAGAIN (Try again)
19463 1784159793.710925 recvfrom(52, 0x7af3c1d420, 2272, MSG_DONTWAIT, NULL, NULL) = -1 EAGAIN (Try again)
19463 1784159793.711620 recvfrom(43, 0x7ffcf05260, 3200, MSG_DONTWAIT, NULL, NULL) = -1 EAGAIN (Try again)
19463 1784159793.726467 recvfrom(43, "nysv\0\0\0\0\0\0\0\0\0\0\0\0\204\23\357v\237\3\0\0\210\235\3\0\0\0\0\0", 3200, MSG_DONTWAIT, NULL, NULL) = 32
19463 1784159793.726835 recvfrom(43, 0x7ffcf06d30, 3200, MSG_DONTWAIT, NULL, NULL) = -1 EAGAIN (Try again)
19463 1784159793.727090 recvfrom(52, 0x7af3c1d420, 2272, MSG_DONTWAIT, NULL, NULL) = -1 EAGAIN (Try again)
19463 1784159793.727882 recvfrom(43, 0x7ffcf05260, 3200, MSG_DONTWAIT, NULL, NULL) = -1 EAGAIN (Try again)
19463 1784159793.745476 recvfrom(43, "nysv\0\0\0\0\0\0\0\0\0\0\0\0ce\355w\237\3\0\0\211\235\3\0\0\0\0\0", 3200, MSG_DONTWAIT, NULL, NULL) = 32
19463 1784159793.745715 recvfrom(43, 0x7ffcf06d30, 3200, MSG_DONTWAIT, NULL, NULL) = -1 EAGAIN (Try again)
19463 1784159793.745984 recvfrom(52, 0x7af3c1d420, 2272, MSG_DONTWAIT, NULL, NULL) = -1 EAGAIN (Try again)
19463 1784159793.746536 recvfrom(43, 0x7ffcf05260, 3200, MSG_DONTWAIT, NULL, NULL) = -1 EAGAIN (Try again)
19463 1784159793.759756 recvfrom(43, "nysv\0\0\0\0\0\0\0\0\0\0\0\0\30\274\353x\237\3\0\0\212\235\3\0\0\0\0\0", 3200, MSG_DONTWAIT, NULL, NULL) = 32
19463 1784159793.760015 recvfrom(43, 0x7ffcf06d30, 3200, MSG_DONTWAIT, NULL, NULL) = -1 EAGAIN (Try again)
19463 1784159793.760279 recvfrom(52, 0x7af3c1d420, 2272, MSG_DONTWAIT, NULL, NULL) = -1 EAGAIN (Try again)
19463 1784159793.760932 recvfrom(43, 0x7ffcf05260, 3200, MSG_DONTWAIT, NULL, NULL) = -1 EAGAIN (Try again)
19463 1784159793.776547 recvfrom(43, "nysv\0\0\0\0\0\0\0\0\0\0\0\0\27\10\352y\237\3\0\0\213\235\3\0\0\0\0\0", 3200, MSG_DONTWAIT, NULL, NULL) = 32
19463 1784159793.776837 recvfrom(43, 0x7ffcf06d30, 3200, MSG_DONTWAIT, NULL, NULL) = -1 EAGAIN (Try again)
19463 1784159793.777122 recvfrom(52, 0x7af3c1d420, 2272, MSG_DONTWAIT, NULL, NULL) = -1 EAGAIN (Try again)
19463 1784159793.777835 recvfrom(43, 0x7ffcf05260, 3200, MSG_DONTWAIT, NULL, NULL) = -1 EAGAIN (Try again)
19463 1784159793.794010 recvfrom(43, "nysv\0\0\0\0\0\0\0\0\0\0\0\0\236U\350z\237\3\0\0\214\235\3\0\0\0\0\0", 3200, MSG_DONTWAIT, NULL, NULL) = 32
19463 1784159793.794232 recvfrom(43, 0x7ffcf06d30, 3200, MSG_DONTWAIT, NULL, NULL) = -1 EAGAIN (Try again)
19463 1784159793.794456 recvfrom(52, 0x7af3c1d420, 2272, MSG_DONTWAIT, NULL, NULL) = -1 EAGAIN (Try again)
19463 1784159793.794971 recvfrom(43, 0x7ffcf05260, 3200, MSG_DONTWAIT, NULL, NULL) = -1 EAGAIN (Try again)
19463 1784159793.809844 recvfrom(43, "nysv\0\0\0\0\0\0\0\0\0\0\0\0\223\250\346{\237\3\0\0\215\235\3\0\0\0\0\0", 3200, MSG_DONTWAIT, NULL, NULL) = 32
19463 1784159793.810139 recvfrom(43, 0x7ffcf06d30, 3200, MSG_DONTWAIT, NULL, NULL) = -1 EAGAIN (Try again)
19463 1784159793.810558 recvfrom(52, 0x7af3c1d420, 2272, MSG_DONTWAIT, NULL, NULL) = -1 EAGAIN (Try again)
19463 1784159793.811431 recvfrom(43, 0x7ffcf05260, 3200, MSG_DONTWAIT, NULL, NULL) = -1 EAGAIN (Try again)
19463 1784159793.828417 recvfrom(43, "nysv\0\0\0\0\0\0\0\0\0\0\0\0\251\342\344|\237\3\0\0\216\235\3\0\0\0\0\0", 3200, MSG_DONTWAIT, NULL, NULL) = 32
19463 1784159793.828629 recvfrom(43, 0x7ffcf06d30, 3200, MSG_DONTWAIT, NULL, NULL) = -1 EAGAIN (Try again)
19463 1784159793.828867 recvfrom(52, 0x7af3c1d420, 2272, MSG_DONTWAIT, NULL, NULL) = -1 EAGAIN (Try again)
19463 1784159793.829341 recvfrom(43, 0x7ffcf05260, 3200, MSG_DONTWAIT, NULL, NULL) = -1 EAGAIN (Try again)
19463 1784159793.843856 recvfrom(43, "nysv\0\0\0\0\0\0\0\0\0\0\0\0\247;\343}\237\3\0\0\217\235\3\0\0\0\0\0", 3200, MSG_DONTWAIT, NULL, NULL) = 32
19463 1784159793.844076 recvfrom(43, 0x7ffcf06d30, 3200, MSG_DONTWAIT, NULL, NULL) = -1 EAGAIN (Try again)
19463 1784159793.844315 recvfrom(52, 0x7af3c1d420, 2272, MSG_DONTWAIT, NULL, NULL) = -1 EAGAIN (Try again)
19463 1784159793.844788 recvfrom(43, 0x7ffcf05260, 3200, MSG_DONTWAIT, NULL, NULL) = -1 EAGAIN (Try again)
19463 1784159793.861621 recvfrom(43, "nysv\0\0\0\0\0\0\0\0\0\0\0\0\222\216\341~\237\3\0\0\220\235\3\0\0\0\0\0", 3200, MSG_DONTWAIT, NULL, NULL) = 32
19463 1784159793.861842 recvfrom(43, 0x7ffcf06d30, 3200, MSG_DONTWAIT, NULL, NULL) = -1 EAGAIN (Try again)
19463 1784159793.862105 recvfrom(52, 0x7af3c1d420, 2272, MSG_DONTWAIT, NULL, NULL) = -1 EAGAIN (Try again)
19463 1784159793.862571 recvfrom(43, 0x7ffcf05260, 3200, MSG_DONTWAIT, NULL, NULL) = -1 EAGAIN (Try again)
19463 1784159793.876107 recvfrom(43, "nysv\0\0\0\0\0\0\0\0\0\0\0\0&\347\337\177\237\3\0\0\221\235\3\0\0\0\0\0", 3200, MSG_DONTWAIT, NULL, NULL) = 32
19463 1784159793.876348 recvfrom(43, 0x7ffcf06d30, 3200, MSG_DONTWAIT, NULL, NULL) = -1 EAGAIN (Try again)
19463 1784159793.876579 recvfrom(52, 0x7af3c1d420, 2272, MSG_DONTWAIT, NULL, NULL) = -1 EAGAIN (Try again)
19463 1784159793.877676 recvfrom(43, 0x7ffcf05260, 3200, MSG_DONTWAIT, NULL, NULL) = -1 EAGAIN (Try again)
19463 1784159793.894164 recvfrom(43, "nysv\0\0\0\0\0\0\0\0\0\0\0\0\245A\336\200\237\3\0\0\222\235\3\0\0\0\0\0", 3200, MSG_DONTWAIT, NULL, NULL) = 32
19463 1784159793.894381 recvfrom(43, 0x7ffcf06d30, 3200, MSG_DONTWAIT, NULL, NULL) = -1 EAGAIN (Try again)
19463 1784159793.894669 recvfrom(52, 0x7af3c1d420, 2272, MSG_DONTWAIT, NULL, NULL) = -1 EAGAIN (Try again)
19463 1784159793.895163 recvfrom(43, 0x7ffcf05260, 3200, MSG_DONTWAIT, NULL, NULL) = -1 EAGAIN (Try again)
19463 1784159793.912036 recvfrom(43, "nysv\0\0\0\0\0\0\0\0\0\0\0\0000\233\334\201\237\3\0\0\223\235\3\0\0\0\0\0", 3200, MSG_DONTWAIT, NULL, NULL) = 32
19463 1784159793.912294 recvfrom(43, 0x7ffcf06d30, 3200, MSG_DONTWAIT, NULL, NULL) = -1 EAGAIN (Try again)
19463 1784159793.912534 recvfrom(52, 0x7af3c1d420, 2272, MSG_DONTWAIT, NULL, NULL) = -1 EAGAIN (Try again)
19463 1784159793.913021 recvfrom(43, 0x7ffcf05260, 3200, MSG_DONTWAIT, NULL, NULL) = -1 EAGAIN (Try again)
19463 1784159793.930689 recvfrom(43, "nysv\0\0\0\0\0\0\0\0\0\0\0\0>\362\332\202\237\3\0\0\224\235\3\0\0\0\0\0", 3200, MSG_DONTWAIT, NULL, NULL) = 32
19463 1784159793.930906 recvfrom(43, 0x7ffcf06d30, 3200, MSG_DONTWAIT, NULL, NULL) = -1 EAGAIN (Try again)
19463 1784159793.931137 recvfrom(52, 0x7af3c1d420, 2272, MSG_DONTWAIT, NULL, NULL) = -1 EAGAIN (Try again)
19463 1784159793.931616 recvfrom(43, 0x7ffcf05260, 3200, MSG_DONTWAIT, NULL, NULL) = -1 EAGAIN (Try again)
19463 1784159793.943990 recvfrom(43, "nysv\0\0\0\0\0\0\0\0\0\0\0\0\235L\331\203\237\3\0\0\225\235\3\0\0\0\0\0", 3200, MSG_DONTWAIT, NULL, NULL) = 32
19463 1784159793.944197 recvfrom(43, 0x7ffcf06d30, 3200, MSG_DONTWAIT, NULL, NULL) = -1 EAGAIN (Try again)
19463 1784159793.944860 recvfrom(52, 0x7af3c1d420, 2272, MSG_DONTWAIT, NULL, NULL) = -1 EAGAIN (Try again)
19463 1784159793.945413 recvfrom(43, 0x7ffcf05260, 3200, MSG_DONTWAIT, NULL, NULL) = -1 EAGAIN (Try again)
19463 1784159793.959954 recvfrom(43, "nysv\0\0\0\0\0\0\0\0\0\0\0\0\275\231\327\204\237\3\0\0\226\235\3\0\0\0\0\0", 3200, MSG_DONTWAIT, NULL, NULL) = 32
19463 1784159793.960187 recvfrom(43, 0x7ffcf06d30, 3200, MSG_DONTWAIT, NULL, NULL) = -1 EAGAIN (Try again)
19463 1784159793.960483 recvfrom(52, 0x7af3c1d420, 2272, MSG_DONTWAIT, NULL, NULL) = -1 EAGAIN (Try again)
19463 1784159793.960970 recvfrom(43, 0x7ffcf05260, 3200, MSG_DONTWAIT, NULL, NULL) = -1 EAGAIN (Try again)
19463 1784159793.976402 recvfrom(43, "nysv\0\0\0\0\0\0\0\0\0\0\0\0\317\357\325\205\237\3\0\0\227\235\3\0\0\0\0\0", 3200, MSG_DONTWAIT, NULL, NULL) = 32
19463 1784159793.976620 recvfrom(43, 0x7ffcf06d30, 3200, MSG_DONTWAIT, NULL, NULL) = -1 EAGAIN (Try again)
19463 1784159793.976959 recvfrom(52, 0x7af3c1d420, 2272, MSG_DONTWAIT, NULL, NULL) = -1 EAGAIN (Try again)
19463 1784159793.977439 recvfrom(43, 0x7ffcf05260, 3200, MSG_DONTWAIT, NULL, NULL) = -1 EAGAIN (Try again)
19463 1784159793.992275 recvfrom(43, "nysv\0\0\0\0\0\0\0\0\0\0\0\0\372C\324\206\237\3\0\0\230\235\3\0\0\0\0\0", 3200, MSG_DONTWAIT, NULL, NULL) = 32
19463 1784159793.992533 recvfrom(43, 0x7ffcf06d30, 3200, MSG_DONTWAIT, NULL, NULL) = -1 EAGAIN (Try again)
19463 1784159793.992753 recvfrom(52, 0x7af3c1d420, 2272, MSG_DONTWAIT, NULL, NULL) = -1 EAGAIN (Try again)
19463 1784159793.993188 recvfrom(43, 0x7ffcf05260, 3200, MSG_DONTWAIT, NULL, NULL) = -1 EAGAIN (Try again)
19463 1784159794.010962 recvfrom(43, "nysv\0\0\0\0\0\0\0\0\0\0\0\0x\222\322\207\237\3\0\0\231\235\3\0\0\0\0\0", 3200, MSG_DONTWAIT, NULL, NULL) = 32
19463 1784159794.011241 recvfrom(43, 0x7ffcf06d30, 3200, MSG_DONTWAIT, NULL, NULL) = -1 EAGAIN (Try again)
19463 1784159794.011494 recvfrom(52, 0x7af3c1d420, 2272, MSG_DONTWAIT, NULL, NULL) = -1 EAGAIN (Try again)
19463 1784159794.011979 recvfrom(43, 0x7ffcf05260, 3200, MSG_DONTWAIT, NULL, NULL) = -1 EAGAIN (Try again)
19463 1784159794.025665 recvfrom(43, "nysv\0\0\0\0\0\0\0\0\0\0\0\0\2\353\320\210\237\3\0\0\232\235\3\0\0\0\0\0", 3200, MSG_DONTWAIT, NULL, NULL) = 32
19463 1784159794.026010 recvfrom(43, 0x7ffcf06d30, 3200, MSG_DONTWAIT, NULL, NULL) = -1 EAGAIN (Try again)
19463 1784159794.026237 recvfrom(52, 0x7af3c1d420, 2272, MSG_DONTWAIT, NULL, NULL) = -1 EAGAIN (Try again)
19463 1784159794.026810 recvfrom(43, 0x7ffcf05260, 3200, MSG_DONTWAIT, NULL, NULL) = -1 EAGAIN (Try again)
19463 1784159794.043972 recvfrom(43, "nysv\0\0\0\0\0\0\0\0\0\0\0\0\365=\317\211\237\3\0\0\233\235\3\0\0\0\0\0", 3200, MSG_DONTWAIT, NULL, NULL) = 32
19463 1784159794.044180 recvfrom(43, 0x7ffcf06d30, 3200, MSG_DONTWAIT, NULL, NULL) = -1 EAGAIN (Try again)
19463 1784159794.044429 recvfrom(52, 0x7af3c1d420, 2272, MSG_DONTWAIT, NULL, NULL) = -1 EAGAIN (Try again)
19463 1784159794.044896 recvfrom(43, 0x7ffcf05260, 3200, MSG_DONTWAIT, NULL, NULL) = -1 EAGAIN (Try again)
19463 1784159794.061617 recvfrom(43, "nysv\0\0\0\0\0\0\0\0\0\0\0\0\0w\315\212\237\3\0\0\234\235\3\0\0\0\0\0", 3200, MSG_DONTWAIT, NULL, NULL) = 32
19463 1784159794.061852 recvfrom(43, 0x7ffcf06d30, 3200, MSG_DONTWAIT, NULL, NULL) = -1 EAGAIN (Try again)
19463 1784159794.062138 recvfrom(52, 0x7af3c1d420, 2272, MSG_DONTWAIT, NULL, NULL) = -1 EAGAIN (Try again)
19463 1784159794.062722 recvfrom(43, 0x7ffcf05260, 3200, MSG_DONTWAIT, NULL, NULL) = -1 EAGAIN (Try again)
19463 1784159794.076832 recvfrom(43, "nysv\0\0\0\0\0\0\0\0\0\0\0\0\250\316\313\213\237\3\0\0\235\235\3\0\0\0\0\0", 3200, MSG_DONTWAIT, NULL, NULL) = 32
19463 1784159794.077351 recvfrom(43, 0x7ffcf06d30, 3200, MSG_DONTWAIT, NULL, NULL) = -1 EAGAIN (Try again)
19463 1784159794.077639 recvfrom(52, 0x7af3c1d420, 2272, MSG_DONTWAIT, NULL, NULL) = -1 EAGAIN (Try again)
19463 1784159794.078290 recvfrom(43, 0x7ffcf05260, 3200, MSG_DONTWAIT, NULL, NULL) = -1 EAGAIN (Try again)
19463 1784159794.092666 recvfrom(43, "nysv\0\0\0\0\0\0\0\0\0\0\0\0h\34\312\214\237\3\0\0\236\235\3\0\0\0\0\0", 3200, MSG_DONTWAIT, NULL, NULL) = 32
19463 1784159794.093012 recvfrom(43, 0x7ffcf06d30, 3200, MSG_DONTWAIT, NULL, NULL) = -1 EAGAIN (Try again)
19463 1784159794.093262 recvfrom(52, 0x7af3c1d420, 2272, MSG_DONTWAIT, NULL, NULL) = -1 EAGAIN (Try again)
19463 1784159794.094006 recvfrom(43, 0x7ffcf05260, 3200, MSG_DONTWAIT, NULL, NULL) = -1 EAGAIN (Try again)
19463 1784159794.111167 recvfrom(43, "nysv\0\0\0\0\0\0\0\0\0\0\0\0Jo\310\215\237\3\0\0\237\235\3\0\0\0\0\0", 3200, MSG_DONTWAIT, NULL, NULL) = 32
19463 1784159794.111389 recvfrom(43, 0x7ffcf06d30, 3200, MSG_DONTWAIT, NULL, NULL) = -1 EAGAIN (Try again)
19463 1784159794.111632 recvfrom(52, 0x7af3c1d420, 2272, MSG_DONTWAIT, NULL, NULL) = -1 EAGAIN (Try again)
19463 1784159794.112106 recvfrom(43, 0x7ffcf05260, 3200, MSG_DONTWAIT, NULL, NULL) = -1 EAGAIN (Try again)
19463 1784159794.128187 recvfrom(43, "nysv\0\0\0\0\0\0\0\0\0\0\0\0n\302\306\216\237\3\0\0\240\235\3\0\0\0\0\0", 3200, MSG_DONTWAIT, NULL, NULL) = 32
19463 1784159794.128452 recvfrom(43, 0x7ffcf06d30, 3200, MSG_DONTWAIT, NULL, NULL) = -1 EAGAIN (Try again)
19463 1784159794.128698 recvfrom(52, 0x7af3c1d420, 2272, MSG_DONTWAIT, NULL, NULL) = -1 EAGAIN (Try again)
19463 1784159794.129195 recvfrom(43, 0x7ffcf05260, 3200, MSG_DONTWAIT, NULL, NULL) = -1 EAGAIN (Try again)
19463 1784159794.144820 recvfrom(43, "nysv\0\0\0\0\0\0\0\0\0\0\0\0z%\305\217\237\3\0\0\241\235\3\0\0\0\0\0", 3200, MSG_DONTWAIT, NULL, NULL) = 32
19463 1784159794.145038 recvfrom(43, 0x7ffcf06d30, 3200, MSG_DONTWAIT, NULL, NULL) = -1 EAGAIN (Try again)
19463 1784159794.145275 recvfrom(52, 0x7af3c1d420, 2272, MSG_DONTWAIT, NULL, NULL) = -1 EAGAIN (Try again)
19463 1784159794.145779 recvfrom(43, 0x7ffcf05260, 3200, MSG_DONTWAIT, NULL, NULL) = -1 EAGAIN (Try again)
19463 1784159794.159139 recvfrom(43, "nysv\0\0\0\0\0\0\0\0\0\0\0\0\351|\303\220\237\3\0\0\242\235\3\0\0\0\0\0", 3200, MSG_DONTWAIT, NULL, NULL) = 32
19463 1784159794.159462 recvfrom(43, 0x7ffcf06d30, 3200, MSG_DONTWAIT, NULL, NULL) = -1 EAGAIN (Try again)
19463 1784159794.159821 recvfrom(52, 0x7af3c1d420, 2272, MSG_DONTWAIT, NULL, NULL) = -1 EAGAIN (Try again)
19463 1784159794.160381 recvfrom(43, 0x7ffcf05260, 3200, MSG_DONTWAIT, NULL, NULL) = -1 EAGAIN (Try again)
19463 1784159794.177061 recvfrom(43, "nysv\0\0\0\0\0\0\0\0\0\0\0\0\367\327\301\221\237\3\0\0\243\235\3\0\0\0\0\0", 3200, MSG_DONTWAIT, NULL, NULL) = 32
19463 1784159794.177267 recvfrom(43, 0x7ffcf06d30, 3200, MSG_DONTWAIT, NULL, NULL) = -1 EAGAIN (Try again)
19463 1784159794.177520 recvfrom(52, 0x7af3c1d420, 2272, MSG_DONTWAIT, NULL, NULL) = -1 EAGAIN (Try again)
19463 1784159794.178042 recvfrom(43, 0x7ffcf05260, 3200, MSG_DONTWAIT, NULL, NULL) = -1 EAGAIN (Try again)
19463 1784159794.192936 recvfrom(43, "nysv\0\0\0\0\0\0\0\0\0\0\0\0\334)\300\222\237\3\0\0\244\235\3\0\0\0\0\0", 3200, MSG_DONTWAIT, NULL, NULL) = 32
19463 1784159794.193148 recvfrom(43, 0x7ffcf06d30, 3200, MSG_DONTWAIT, NULL, NULL) = -1 EAGAIN (Try again)
19463 1784159794.193396 recvfrom(52, 0x7af3c1d420, 2272, MSG_DONTWAIT, NULL, NULL) = -1 EAGAIN (Try again)
19463 1784159794.194007 recvfrom(43, 0x7ffcf05260, 3200, MSG_DONTWAIT, NULL, NULL) = -1 EAGAIN (Try again)
19463 1784159794.211374 recvfrom(43, "nysv\0\0\0\0\0\0\0\0\0\0\0\0\6z\276\223\237\3\0\0\245\235\3\0\0\0\0\0", 3200, MSG_DONTWAIT, NULL, NULL) = 32
19463 1784159794.211585 recvfrom(43, 0x7ffcf06d30, 3200, MSG_DONTWAIT, NULL, NULL) = -1 EAGAIN (Try again)
19463 1784159794.211804 recvfrom(52, 0x7af3c1d420, 2272, MSG_DONTWAIT, NULL, NULL) = -1 EAGAIN (Try again)
19463 1784159794.212301 recvfrom(43, 0x7ffcf05260, 3200, MSG_DONTWAIT, NULL, NULL) = -1 EAGAIN (Try again)
19463 1784159794.226192 recvfrom(43, "nysv\0\0\0\0\0\0\0\0\0\0\0\0$\310\274\224\237\3\0\0\246\235\3\0\0\0\0\0", 3200, MSG_DONTWAIT, NULL, NULL) = 32
19463 1784159794.226411 recvfrom(43, 0x7ffcf06d30, 3200, MSG_DONTWAIT, NULL, NULL) = -1 EAGAIN (Try again)
19463 1784159794.226717 recvfrom(52, 0x7af3c1d420, 2272, MSG_DONTWAIT, NULL, NULL) = -1 EAGAIN (Try again)
19463 1784159794.227323 recvfrom(43, 0x7ffcf05260, 3200, MSG_DONTWAIT, NULL, NULL) = -1 EAGAIN (Try again)
19463 1784159794.243266 recvfrom(43, "nysv\0\0\0\0\0\0\0\0\0\0\0\0\317 \273\225\237\3\0\0\247\235\3\0\0\0\0\0", 3200, MSG_DONTWAIT, NULL, NULL) = 32
19463 1784159794.243630 recvfrom(43, 0x7ffcf06d30, 3200, MSG_DONTWAIT, NULL, NULL) = -1 EAGAIN (Try again)
19463 1784159794.243875 recvfrom(52, 0x7af3c1d420, 2272, MSG_DONTWAIT, NULL, NULL) = -1 EAGAIN (Try again)
19463 1784159794.244356 recvfrom(43, 0x7ffcf05260, 3200, MSG_DONTWAIT, NULL, NULL) = -1 EAGAIN (Try again)
19463 1784159794.260731 recvfrom(43, "nysv\0\0\0\0\0\0\0\0\0\0\0\0\255d\271\226\237\3\0\0\250\235\3\0\0\0\0\0", 3200, MSG_DONTWAIT, NULL, NULL) = 32
19463 1784159794.261025 recvfrom(43, 0x7ffcf06d30, 3200, MSG_DONTWAIT, NULL, NULL) = -1 EAGAIN (Try again)
19463 1784159794.261289 recvfrom(52, 0x7af3c1d420, 2272, MSG_DONTWAIT, NULL, NULL) = -1 EAGAIN (Try again)
19463 1784159794.261783 recvfrom(43, 0x7ffcf05260, 3200, MSG_DONTWAIT, NULL, NULL) = -1 EAGAIN (Try again)
19463 1784159794.278469 recvfrom(43, "nysv\0\0\0\0\0\0\0\0\0\0\0\0\364\256\267\227\237\3\0\0\251\235\3\0\0\0\0\0", 3200, MSG_DONTWAIT, NULL, NULL) = 32
19463 1784159794.278738 recvfrom(43, 0x7ffcf06d30, 3200, MSG_DONTWAIT, NULL, NULL) = -1 EAGAIN (Try again)
19463 1784159794.278984 recvfrom(52, 0x7af3c1d420, 2272, MSG_DONTWAIT, NULL, NULL) = -1 EAGAIN (Try again)
19463 1784159794.279459 recvfrom(43, 0x7ffcf05260, 3200, MSG_DONTWAIT, NULL, NULL) = -1 EAGAIN (Try again)
19463 1784159794.294630 recvfrom(43, "nysv\0\0\0\0\0\0\0\0\0\0\0\0\363\t\266\230\237\3\0\0\252\235\3\0\0\0\0\0", 3200, MSG_DONTWAIT, NULL, NULL) = 32
19463 1784159794.294853 recvfrom(43, 0x7ffcf06d30, 3200, MSG_DONTWAIT, NULL, NULL) = -1 EAGAIN (Try again)
19463 1784159794.295106 recvfrom(52, 0x7af3c1d420, 2272, MSG_DONTWAIT, NULL, NULL) = -1 EAGAIN (Try again)
19463 1784159794.295661 recvfrom(43, 0x7ffcf05260, 3200, MSG_DONTWAIT, NULL, NULL) = -1 EAGAIN (Try again)
19463 1784159794.310845 recvfrom(43, "nysv\0\0\0\0\0\0\0\0\0\0\0\0\316d\264\231\237\3\0\0\253\235\3\0\0\0\0\0", 3200, MSG_DONTWAIT, NULL, NULL) = 32
19463 1784159794.311093 recvfrom(43, 0x7ffcf06d30, 3200, MSG_DONTWAIT, NULL, NULL) = -1 EAGAIN (Try again)
19463 1784159794.311354 recvfrom(52, 0x7af3c1d420, 2272, MSG_DONTWAIT, NULL, NULL) = -1 EAGAIN (Try again)
19463 1784159794.311835 recvfrom(43, 0x7ffcf05260, 3200, MSG_DONTWAIT, NULL, NULL) = -1 EAGAIN (Try again)
19463 1784159794.327910 recvfrom(43, "nysv\0\0\0\0\0\0\0\0\0\0\0\0~\260\262\232\237\3\0\0\254\235\3\0\0\0\0\0", 3200, MSG_DONTWAIT, NULL, NULL) = 32
19463 1784159794.328184 recvfrom(43, 0x7ffcf06d30, 3200, MSG_DONTWAIT, NULL, NULL) = -1 EAGAIN (Try again)
19463 1784159794.328417 recvfrom(52, 0x7af3c1d420, 2272, MSG_DONTWAIT, NULL, NULL) = -1 EAGAIN (Try again)
19463 1784159794.328903 recvfrom(43, 0x7ffcf05260, 3200, MSG_DONTWAIT, NULL, NULL) = -1 EAGAIN (Try again)
19463 1784159794.343411 recvfrom(43, "nysv\0\0\0\0\0\0\0\0\0\0\0\0 \v\261\233\237\3\0\0\255\235\3\0\0\0\0\0", 3200, MSG_DONTWAIT, NULL, NULL) = 32
19463 1784159794.343630 recvfrom(43, 0x7ffcf06d30, 3200, MSG_DONTWAIT, NULL, NULL) = -1 EAGAIN (Try again)
19463 1784159794.343862 recvfrom(52, 0x7af3c1d420, 2272, MSG_DONTWAIT, NULL, NULL) = -1 EAGAIN (Try again)
19463 1784159794.344378 recvfrom(43, 0x7ffcf05260, 3200, MSG_DONTWAIT, NULL, NULL) = -1 EAGAIN (Try again)
19463 1784159794.359153 recvfrom(43, "nysv\0\0\0\0\0\0\0\0\0\0\0\0J[\257\234\237\3\0\0\256\235\3\0\0\0\0\0", 3200, MSG_DONTWAIT, NULL, NULL) = 32
19463 1784159794.359475 recvfrom(43, 0x7ffcf06d30, 3200, MSG_DONTWAIT, NULL, NULL) = -1 EAGAIN (Try again)
19463 1784159794.359884 recvfrom(52, 0x7af3c1d420, 2272, MSG_DONTWAIT, NULL, NULL) = -1 EAGAIN (Try again)
19463 1784159794.360562 recvfrom(43, 0x7ffcf05260, 3200, MSG_DONTWAIT, NULL, NULL) = -1 EAGAIN (Try again)
19463 1784159794.378268 recvfrom(43, "nysv\0\0\0\0\0\0\0\0\0\0\0\0J\223\255\235\237\3\0\0\257\235\3\0\0\0\0\0", 3200, MSG_DONTWAIT, NULL, NULL) = 32
19463 1784159794.378498 recvfrom(43, 0x7ffcf06d30, 3200, MSG_DONTWAIT, NULL, NULL) = -1 EAGAIN (Try again)
19463 1784159794.378729 recvfrom(52, 0x7af3c1d420, 2272, MSG_DONTWAIT, NULL, NULL) = -1 EAGAIN (Try again)
19463 1784159794.379216 recvfrom(43, 0x7ffcf05260, 3200, MSG_DONTWAIT, NULL, NULL) = -1 EAGAIN (Try again)
19463 1784159794.394120 recvfrom(43, "nysv\0\0\0\0\0\0\0\0\0\0\0\0\354\353\253\236\237\3\0\0\260\235\3\0\0\0\0\0", 3200, MSG_DONTWAIT, NULL, NULL) = 32
19463 1784159794.394344 recvfrom(43, 0x7ffcf06d30, 3200, MSG_DONTWAIT, NULL, NULL) = -1 EAGAIN (Try again)
19463 1784159794.394623 recvfrom(52, 0x7af3c1d420, 2272, MSG_DONTWAIT, NULL, NULL) = -1 EAGAIN (Try again)
19463 1784159794.395106 recvfrom(43, 0x7ffcf05260, 3200, MSG_DONTWAIT, NULL, NULL) = -1 EAGAIN (Try again)
19463 1784159794.411497 recvfrom(43, "nysv\0\0\0\0\0\0\0\0\0\0\0\0k)\252\237\237\3\0\0\261\235\3\0\0\0\0\0", 3200, MSG_DONTWAIT, NULL, NULL) = 32
19463 1784159794.411713 recvfrom(43, 0x7ffcf06d30, 3200, MSG_DONTWAIT, NULL, NULL) = -1 EAGAIN (Try again)
19463 1784159794.411946 recvfrom(52, 0x7af3c1d420, 2272, MSG_DONTWAIT, NULL, NULL) = -1 EAGAIN (Try again)
19463 1784159794.412426 recvfrom(43, 0x7ffcf05260, 3200, MSG_DONTWAIT, NULL, NULL) = -1 EAGAIN (Try again)
19463 1784159794.425953 recvfrom(43, "nysv\0\0\0\0\0\0\0\0\0\0\0\0\303}\250\240\237\3\0\0\262\235\3\0\0\0\0\0", 3200, MSG_DONTWAIT, NULL, NULL) = 32
19463 1784159794.426200 recvfrom(43, 0x7ffcf06d30, 3200, MSG_DONTWAIT, NULL, NULL) = -1 EAGAIN (Try again)
19463 1784159794.426473 recvfrom(52, 0x7af3c1d420, 2272, MSG_DONTWAIT, NULL, NULL) = -1 EAGAIN (Try again)
19463 1784159794.427165 recvfrom(43, 0x7ffcf05260, 3200, MSG_DONTWAIT, NULL, NULL) = -1 EAGAIN (Try again)
19463 1784159794.442678 recvfrom(43, "nysv\0\0\0\0\0\0\0\0\0\0\0\0\355\315\246\241\237\3\0\0\263\235\3\0\0\0\0\0", 3200, MSG_DONTWAIT, NULL, NULL) = 32
19463 1784159794.442942 recvfrom(43, 0x7ffcf06d30, 3200, MSG_DONTWAIT, NULL, NULL) = -1 EAGAIN (Try again)
19463 1784159794.443173 recvfrom(52, 0x7af3c1d420, 2272, MSG_DONTWAIT, NULL, NULL) = -1 EAGAIN (Try again)
19463 1784159794.443761 recvfrom(43, 0x7ffcf05260, 3200, MSG_DONTWAIT, NULL, NULL) = -1 EAGAIN (Try again)
19463 1784159794.459207 recvfrom(43, "nysv\0\0\0\0\0\0\0\0\0\0\0\0\27\36\245\242\237\3\0\0\264\235\3\0\0\0\0\0", 3200, MSG_DONTWAIT, NULL, NULL) = 32
19463 1784159794.459578 recvfrom(43, 0x7ffcf06d30, 3200, MSG_DONTWAIT, NULL, NULL) = -1 EAGAIN (Try again)
19463 1784159794.459921 recvfrom(52, 0x7af3c1d420, 2272, MSG_DONTWAIT, NULL, NULL) = -1 EAGAIN (Try again)
19463 1784159794.460521 recvfrom(43, 0x7ffcf05260, 3200, MSG_DONTWAIT, NULL, NULL) = -1 EAGAIN (Try again)
19463 1784159794.477199 recvfrom(43, "nysv\0\0\0\0\0\0\0\0\0\0\0\0An\243\243\237\3\0\0\265\235\3\0\0\0\0\0", 3200, MSG_DONTWAIT, NULL, NULL) = 32
19463 1784159794.477423 recvfrom(43, 0x7ffcf06d30, 3200, MSG_DONTWAIT, NULL, NULL) = -1 EAGAIN (Try again)
19463 1784159794.477665 recvfrom(52, 0x7af3c1d420, 2272, MSG_DONTWAIT, NULL, NULL) = -1 EAGAIN (Try again)
19463 1784159794.478129 recvfrom(43, 0x7ffcf05260, 3200, MSG_DONTWAIT, NULL, NULL) = -1 EAGAIN (Try again)
19463 1784159794.494896 recvfrom(43, "nysv\0\0\0\0\0\0\0\0\0\0\0\0\256\301\241\244\237\3\0\0\266\235\3\0\0\0\0\0", 3200, MSG_DONTWAIT, NULL, NULL) = 32
19463 1784159794.495170 recvfrom(43, 0x7ffcf06d30, 3200, MSG_DONTWAIT, NULL, NULL) = -1 EAGAIN (Try again)
19463 1784159794.495432 recvfrom(52, 0x7af3c1d420, 2272, MSG_DONTWAIT, NULL, NULL) = -1 EAGAIN (Try again)
19463 1784159794.495948 recvfrom(43, 0x7ffcf05260, 3200, MSG_DONTWAIT, NULL, NULL) = -1 EAGAIN (Try again)
19463 1784159794.510453 recvfrom(43, "nysv\0\0\0\0\0\0\0\0\0\0\0\0o\31\240\245\237\3\0\0\267\235\3\0\0\0\0\0", 3200, MSG_DONTWAIT, NULL, NULL) = 32
19463 1784159794.510661 recvfrom(43, 0x7ffcf06d30, 3200, MSG_DONTWAIT, NULL, NULL) = -1 EAGAIN (Try again)
19463 1784159794.510896 recvfrom(52, 0x7af3c1d420, 2272, MSG_DONTWAIT, NULL, NULL) = -1 EAGAIN (Try again)
19463 1784159794.511395 recvfrom(43, 0x7ffcf05260, 3200, MSG_DONTWAIT, NULL, NULL) = -1 EAGAIN (Try again)
19463 1784159794.528473 recvfrom(43, "nysv\0\0\0\0\0\0\0\0\0\0\0\0\"L\236\246\237\3\0\0\270\235\3\0\0\0\0\0", 3200, MSG_DONTWAIT, NULL, NULL) = 32
19463 1784159794.528691 recvfrom(43, 0x7ffcf06d30, 3200, MSG_DONTWAIT, NULL, NULL) = -1 EAGAIN (Try again)
19463 1784159794.528940 recvfrom(52, 0x7af3c1d420, 2272, MSG_DONTWAIT, NULL, NULL) = -1 EAGAIN (Try again)
19463 1784159794.529417 recvfrom(43, 0x7ffcf05260, 3200, MSG_DONTWAIT, NULL, NULL) = -1 EAGAIN (Try again)
19463 1784159794.545420 recvfrom(43, "nysv\0\0\0\0\0\0\0\0\0\0\0\0F\241\234\247\237\3\0\0\271\235\3\0\0\0\0\0", 3200, MSG_DONTWAIT, NULL, NULL) = 32
19463 1784159794.545687 recvfrom(43, 0x7ffcf06d30, 3200, MSG_DONTWAIT, NULL, NULL) = -1 EAGAIN (Try again)
19463 1784159794.546032 recvfrom(52, 0x7af3c1d420, 2272, MSG_DONTWAIT, NULL, NULL) = -1 EAGAIN (Try again)
19463 1784159794.546532 recvfrom(43, 0x7ffcf05260, 3200, MSG_DONTWAIT, NULL, NULL) = -1 EAGAIN (Try again)
19463 1784159794.561558 recvfrom(43, "nysv\0\0\0\0\0\0\0\0\0\0\0\0\20\374\232\250\237\3\0\0\272\235\3\0\0\0\0\0", 3200, MSG_DONTWAIT, NULL, NULL) = 32
19463 1784159794.561842 recvfrom(43, 0x7ffcf06d30, 3200, MSG_DONTWAIT, NULL, NULL) = -1 EAGAIN (Try again)
19463 1784159794.562085 recvfrom(52, 0x7af3c1d420, 2272, MSG_DONTWAIT, NULL, NULL) = -1 EAGAIN (Try again)
19463 1784159794.562549 recvfrom(43, 0x7ffcf05260, 3200, MSG_DONTWAIT, NULL, NULL) = -1 EAGAIN (Try again)
19463 1784159794.576699 recvfrom(43, "nysv\0\0\0\0\0\0\0\0\0\0\0\0[R\231\251\237\3\0\0\273\235\3\0\0\0\0\0", 3200, MSG_DONTWAIT, NULL, NULL) = 32
19463 1784159794.577004 recvfrom(43, 0x7ffcf06d30, 3200, MSG_DONTWAIT, NULL, NULL) = -1 EAGAIN (Try again)
19463 1784159794.577340 recvfrom(52, 0x7af3c1d420, 2272, MSG_DONTWAIT, NULL, NULL) = -1 EAGAIN (Try again)
19463 1784159794.577835 recvfrom(43, 0x7ffcf05260, 3200, MSG_DONTWAIT, NULL, NULL) = -1 EAGAIN (Try again)
19463 1784159794.592193 recvfrom(43, "nysv\0\0\0\0\0\0\0\0\0\0\0\0\353\241\227\252\237\3\0\0\274\235\3\0\0\0\0\0", 3200, MSG_DONTWAIT, NULL, NULL) = 32
19463 1784159794.592658 recvfrom(43, 0x7ffcf06d30, 3200, MSG_DONTWAIT, NULL, NULL) = -1 EAGAIN (Try again)
19463 1784159794.592915 recvfrom(52, 0x7af3c1d420, 2272, MSG_DONTWAIT, NULL, NULL) = -1 EAGAIN (Try again)
19463 1784159794.593390 recvfrom(43, 0x7ffcf05260, 3200, MSG_DONTWAIT, NULL, NULL) = -1 EAGAIN (Try again)
19463 1784159794.612080 recvfrom(43, "nysv\0\0\0\0\0\0\0\0\0\0\0\0\353\302\225\253\237\3\0\0\275\235\3\0\0\0\0\0", 3200, MSG_DONTWAIT, NULL, NULL) = 32
19463 1784159794.612743 recvfrom(43, 0x7ffcf06d30, 3200, MSG_DONTWAIT, NULL, NULL) = -1 EAGAIN (Try again)
19463 1784159794.613270 recvfrom(52, 0x7af3c1d420, 2272, MSG_DONTWAIT, NULL, NULL) = -1 EAGAIN (Try again)
19463 1784159794.614270 recvfrom(43, 0x7ffcf05260, 3200, MSG_DONTWAIT, NULL, NULL) = -1 EAGAIN (Try again)
19463 1784159794.628049 recvfrom(43, "nysv\0\0\0\0\0\0\0\0\0\0\0\0\25\23\224\254\237\3\0\0\276\235\3\0\0\0\0\0", 3200, MSG_DONTWAIT, NULL, NULL) = 32
19463 1784159794.628288 recvfrom(43, 0x7ffcf06d30, 3200, MSG_DONTWAIT, NULL, NULL) = -1 EAGAIN (Try again)
19463 1784159794.628559 recvfrom(52, 0x7af3c1d420, 2272, MSG_DONTWAIT, NULL, NULL) = -1 EAGAIN (Try again)
19463 1784159794.629049 recvfrom(43, 0x7ffcf05260, 3200, MSG_DONTWAIT, NULL, NULL) = -1 EAGAIN (Try again)
19463 1784159794.645209 recvfrom(43, "nysv\0\0\0\0\0\0\0\0\0\0\0\0vo\222\255\237\3\0\0\277\235\3\0\0\0\0\0", 3200, MSG_DONTWAIT, NULL, NULL) = 32
19463 1784159794.645420 recvfrom(43, 0x7ffcf06d30, 3200, MSG_DONTWAIT, NULL, NULL) = -1 EAGAIN (Try again)
19463 1784159794.645653 recvfrom(52, 0x7af3c1d420, 2272, MSG_DONTWAIT, NULL, NULL) = -1 EAGAIN (Try again)
19463 1784159794.646212 recvfrom(43, 0x7ffcf05260, 3200, MSG_DONTWAIT, NULL, NULL) = -1 EAGAIN (Try again)
19463 1784159794.660984 recvfrom(43, "nysv\0\0\0\0\0\0\0\0\0\0\0\0003\306\220\256\237\3\0\0\300\235\3\0\0\0\0\0", 3200, MSG_DONTWAIT, NULL, NULL) = 32
19463 1784159794.661253 recvfrom(43, 0x7ffcf06d30, 3200, MSG_DONTWAIT, NULL, NULL) = -1 EAGAIN (Try again)
19463 1784159794.661494 recvfrom(52, 0x7af3c1d420, 2272, MSG_DONTWAIT, NULL, NULL) = -1 EAGAIN (Try again)
19463 1784159794.661996 recvfrom(43, 0x7ffcf05260, 3200, MSG_DONTWAIT, NULL, NULL) = -1 EAGAIN (Try again)
19463 1784159794.677191 recvfrom(43, "nysv\0\0\0\0\0\0\0\0\0\0\0\0004\25\217\257\237\3\0\0\301\235\3\0\0\0\0\0", 3200, MSG_DONTWAIT, NULL, NULL) = 32
19463 1784159794.677436 recvfrom(43, 0x7ffcf06d30, 3200, MSG_DONTWAIT, NULL, NULL) = -1 EAGAIN (Try again)
19463 1784159794.677672 recvfrom(52, 0x7af3c1d420, 2272, MSG_DONTWAIT, NULL, NULL) = -1 EAGAIN (Try again)
19463 1784159794.678170 recvfrom(43, 0x7ffcf05260, 3200, MSG_DONTWAIT, NULL, NULL) = -1 EAGAIN (Try again)
19463 1784159794.692523 recvfrom(43, "nysv\0\0\0\0\0\0\0\0\0\0\0\0\374g\215\260\237\3\0\0\302\235\3\0\0\0\0\0", 3200, MSG_DONTWAIT, NULL, NULL) = 32
19463 1784159794.692795 recvfrom(43, 0x7ffcf06d30, 3200, MSG_DONTWAIT, NULL, NULL) = -1 EAGAIN (Try again)
19463 1784159794.693047 recvfrom(52, 0x7af3c1d420, 2272, MSG_DONTWAIT, NULL, NULL) = -1 EAGAIN (Try again)
19463 1784159794.693616 recvfrom(43, 0x7ffcf05260, 3200, MSG_DONTWAIT, NULL, NULL) = -1 EAGAIN (Try again)
19463 1784159794.711727 recvfrom(43, "nysv\0\0\0\0\0\0\0\0\0\0\0\0\204\261\213\261\237\3\0\0\303\235\3\0\0\0\0\0", 3200, MSG_DONTWAIT, NULL, NULL) = 32
19463 1784159794.711946 recvfrom(43, 0x7ffcf06d30, 3200, MSG_DONTWAIT, NULL, NULL) = -1 EAGAIN (Try again)
19463 1784159794.712193 recvfrom(52, 0x7af3c1d420, 2272, MSG_DONTWAIT, NULL, NULL) = -1 EAGAIN (Try again)
19463 1784159794.712696 recvfrom(43, 0x7ffcf05260, 3200, MSG_DONTWAIT, NULL, NULL) = -1 EAGAIN (Try again)
19463 1784159794.728394 recvfrom(43, "nysv\0\0\0\0\0\0\0\0\0\0\0\0\257\10\212\262\237\3\0\0\304\235\3\0\0\0\0\0", 3200, MSG_DONTWAIT, NULL, NULL) = 32
19463 1784159794.728605 recvfrom(43, 0x7ffcf06d30, 3200, MSG_DONTWAIT, NULL, NULL) = -1 EAGAIN (Try again)
19463 1784159794.728860 recvfrom(52, 0x7af3c1d420, 2272, MSG_DONTWAIT, NULL, NULL) = -1 EAGAIN (Try again)
19463 1784159794.729336 recvfrom(43, 0x7ffcf05260, 3200, MSG_DONTWAIT, NULL, NULL) = -1 EAGAIN (Try again)
19463 1784159794.744020 recvfrom(43, "nysv\0\0\0\0\0\0\0\0\0\0\0\0sc\210\263\237\3\0\0\305\235\3\0\0\0\0\0", 3200, MSG_DONTWAIT, NULL, NULL) = 32
19463 1784159794.744390 recvfrom(43, 0x7ffcf06d30, 3200, MSG_DONTWAIT, NULL, NULL) = -1 EAGAIN (Try again)
19463 1784159794.744630 recvfrom(52, 0x7af3c1d420, 2272, MSG_DONTWAIT, NULL, NULL) = -1 EAGAIN (Try again)
19463 1784159794.745107 recvfrom(43, 0x7ffcf05260, 3200, MSG_DONTWAIT, NULL, NULL) = -1 EAGAIN (Try again)
19463 1784159794.760773 recvfrom(43, "nysv\0\0\0\0\0\0\0\0\0\0\0\0-\241\206\264\237\3\0\0\306\235\3\0\0\0\0\0", 3200, MSG_DONTWAIT, NULL, NULL) = 32
19463 1784159794.760992 recvfrom(43, 0x7ffcf06d30, 3200, MSG_DONTWAIT, NULL, NULL) = -1 EAGAIN (Try again)
19463 1784159794.761224 recvfrom(52, 0x7af3c1d420, 2272, MSG_DONTWAIT, NULL, NULL) = -1 EAGAIN (Try again)
19463 1784159794.761680 recvfrom(43, 0x7ffcf05260, 3200, MSG_DONTWAIT, NULL, NULL) = -1 EAGAIN (Try again)
19463 1784159794.777665 recvfrom(43, "nysv\0\0\0\0\0\0\0\0\0\0\0\0\215\354\204\265\237\3\0\0\307\235\3\0\0\0\0\0", 3200, MSG_DONTWAIT, NULL, NULL) = 32
19463 1784159794.777885 recvfrom(43, 0x7ffcf06d30, 3200, MSG_DONTWAIT, NULL, NULL) = -1 EAGAIN (Try again)
19463 1784159794.778123 recvfrom(52, 0x7af3c1d420, 2272, MSG_DONTWAIT, NULL, NULL) = -1 EAGAIN (Try again)
19463 1784159794.778747 recvfrom(43, 0x7ffcf05260, 3200, MSG_DONTWAIT, NULL, NULL) = -1 EAGAIN (Try again)
19463 1784159794.794513 recvfrom(43, "nysv\0\0\0\0\0\0\0\0\0\0\0\0?7\203\266\237\3\0\0\310\235\3\0\0\0\0\0", 3200, MSG_DONTWAIT, NULL, NULL) = 32
19463 1784159794.794726 recvfrom(43, 0x7ffcf06d30, 3200, MSG_DONTWAIT, NULL, NULL) = -1 EAGAIN (Try again)
19463 1784159794.794962 recvfrom(52, 0x7af3c1d420, 2272, MSG_DONTWAIT, NULL, NULL) = -1 EAGAIN (Try again)
19463 1784159794.795448 recvfrom(43, 0x7ffcf05260, 3200, MSG_DONTWAIT, NULL, NULL) = -1 EAGAIN (Try again)
19463 1784159794.810807 recvfrom(43, "nysv\0\0\0\0\0\0\0\0\0\0\0\0z\204\201\267\237\3\0\0\311\235\3\0\0\0\0\0", 3200, MSG_DONTWAIT, NULL, NULL) = 32
19463 1784159794.811204 recvfrom(43, 0x7ffcf06d30, 3200, MSG_DONTWAIT, NULL, NULL) = -1 EAGAIN (Try again)
19463 1784159794.811451 recvfrom(52, 0x7af3c1d420, 2272, MSG_DONTWAIT, NULL, NULL) = -1 EAGAIN (Try again)
19463 1784159794.811930 recvfrom(43, 0x7ffcf05260, 3200, MSG_DONTWAIT, NULL, NULL) = -1 EAGAIN (Try again)
19463 1784159794.826236 recvfrom(43, "nysv\0\0\0\0\0\0\0\0\0\0\0\0\30\331\177\270\237\3\0\0\312\235\3\0\0\0\0\0", 3200, MSG_DONTWAIT, NULL, NULL) = 32
19463 1784159794.826477 recvfrom(43, 0x7ffcf06d30, 3200, MSG_DONTWAIT, NULL, NULL) = -1 EAGAIN (Try again)
19463 1784159794.826765 recvfrom(52, 0x7af3c1d420, 2272, MSG_DONTWAIT, NULL, NULL) = -1 EAGAIN (Try again)
19463 1784159794.827392 recvfrom(43, 0x7ffcf05260, 3200, MSG_DONTWAIT, NULL, NULL) = -1 EAGAIN (Try again)
19463 1784159794.842663 recvfrom(43, "nysv\0\0\0\0\0\0\0\0\0\0\0\0B)~\271\237\3\0\0\313\235\3\0\0\0\0\0", 3200, MSG_DONTWAIT, NULL, NULL) = 32
19463 1784159794.842870 recvfrom(43, 0x7ffcf06d30, 3200, MSG_DONTWAIT, NULL, NULL) = -1 EAGAIN (Try again)
19463 1784159794.843159 recvfrom(52, 0x7af3c1d420, 2272, MSG_DONTWAIT, NULL, NULL) = -1 EAGAIN (Try again)
19463 1784159794.843755 recvfrom(43, 0x7ffcf05260, 3200, MSG_DONTWAIT, NULL, NULL) = -1 EAGAIN (Try again)
19463 1784159794.860154 recvfrom(43, "nysv\0\0\0\0\0\0\0\0\0\0\0\0ly|\272\237\3\0\0\314\235\3\0\0\0\0\0", 3200, MSG_DONTWAIT, NULL, NULL) = 32
19463 1784159794.860391 recvfrom(43, 0x7ffcf06d30, 3200, MSG_DONTWAIT, NULL, NULL) = -1 EAGAIN (Try again)
19463 1784159794.860643 recvfrom(52, 0x7af3c1d420, 2272, MSG_DONTWAIT, NULL, NULL) = -1 EAGAIN (Try again)
19463 1784159794.861137 recvfrom(43, 0x7ffcf05260, 3200, MSG_DONTWAIT, NULL, NULL) = -1 EAGAIN (Try again)
19463 1784159794.878021 recvfrom(43, "nysv\0\0\0\0\0\0\0\0\0\0\0\0\363\313z\273\237\3\0\0\315\235\3\0\0\0\0\0", 3200, MSG_DONTWAIT, NULL, NULL) = 32
19463 1784159794.878242 recvfrom(43, 0x7ffcf06d30, 3200, MSG_DONTWAIT, NULL, NULL) = -1 EAGAIN (Try again)
19463 1784159794.878478 recvfrom(52, 0x7af3c1d420, 2272, MSG_DONTWAIT, NULL, NULL) = -1 EAGAIN (Try again)
19463 1784159794.878996 recvfrom(43, 0x7ffcf05260, 3200, MSG_DONTWAIT, NULL, NULL) = -1 EAGAIN (Try again)
19463 1784159794.894709 recvfrom(43, "nysv\0\0\0\0\0\0\0\0\0\0\0\0\367#y\274\237\3\0\0\316\235\3\0\0\0\0\0", 3200, MSG_DONTWAIT, NULL, NULL) = 32
19463 1784159794.894977 recvfrom(43, 0x7ffcf06d30, 3200, MSG_DONTWAIT, NULL, NULL) = -1 EAGAIN (Try again)
19463 1784159794.895325 recvfrom(52, 0x7af3c1d420, 2272, MSG_DONTWAIT, NULL, NULL) = -1 EAGAIN (Try again)
19463 1784159794.895817 recvfrom(43, 0x7ffcf05260, 3200, MSG_DONTWAIT, NULL, NULL) = -1 EAGAIN (Try again)
19463 1784159794.911578 recvfrom(43, "nysv\0\0\0\0\0\0\0\0\0\0\0\0\325\177w\275\237\3\0\0\317\235\3\0\0\0\0\0", 3200, MSG_DONTWAIT, NULL, NULL) = 32
19463 1784159794.911799 recvfrom(43, 0x7ffcf06d30, 3200, MSG_DONTWAIT, NULL, NULL) = -1 EAGAIN (Try again)
19463 1784159794.912044 recvfrom(52, 0x7af3c1d420, 2272, MSG_DONTWAIT, NULL, NULL) = -1 EAGAIN (Try again)
19463 1784159794.912555 recvfrom(43, 0x7ffcf05260, 3200, MSG_DONTWAIT, NULL, NULL) = -1 EAGAIN (Try again)
19463 1784159794.926179 recvfrom(43, "nysv\0\0\0\0\0\0\0\0\0\0\0\0\24\327u\276\237\3\0\0\320\235\3\0\0\0\0\0", 3200, MSG_DONTWAIT, NULL, NULL) = 32
19463 1784159794.926415 recvfrom(43, 0x7ffcf06d30, 3200, MSG_DONTWAIT, NULL, NULL) = -1 EAGAIN (Try again)
19463 1784159794.926655 recvfrom(52, 0x7af3c1d420, 2272, MSG_DONTWAIT, NULL, NULL) = -1 EAGAIN (Try again)
19463 1784159794.927321 recvfrom(43, 0x7ffcf05260, 3200, MSG_DONTWAIT, NULL, NULL) = -1 EAGAIN (Try again)
19463 1784159794.942579 recvfrom(43, "nysv\0\0\0\0\0\0\0\0\0\0\0\0#%t\277\237\3\0\0\321\235\3\0\0\0\0\0", 3200, MSG_DONTWAIT, NULL, NULL) = 32
19463 1784159794.942795 recvfrom(43, 0x7ffcf06d30, 3200, MSG_DONTWAIT, NULL, NULL) = -1 EAGAIN (Try again)
19463 1784159794.943034 recvfrom(52, 0x7af3c1d420, 2272, MSG_DONTWAIT, NULL, NULL) = -1 EAGAIN (Try again)
19463 1784159794.950089 recvfrom(43, 0x7ffcf05260, 3200, MSG_DONTWAIT, NULL, NULL) = -1 EAGAIN (Try again)
19463 1784159794.964615 recvfrom(43, "nysv\0\0\0\0\0\0\0\0\0\0\0\0\212\200r\300\237\3\0\0\322\235\3\0\0\0\0\0", 3200, MSG_DONTWAIT, NULL, NULL) = 32
19463 1784159794.964840 recvfrom(43, 0x7ffcf06d30, 3200, MSG_DONTWAIT, NULL, NULL) = -1 EAGAIN (Try again)
19463 1784159794.965090 recvfrom(52, 0x7af3c1d420, 2272, MSG_DONTWAIT, NULL, NULL) = -1 EAGAIN (Try again)
19463 1784159794.965591 recvfrom(43, 0x7ffcf05260, 3200, MSG_DONTWAIT, NULL, NULL) = -1 EAGAIN (Try again)
19463 1784159794.978268 recvfrom(43, "nysv\0\0\0\0\0\0\0\0\0\0\0\0n\313p\301\237\3\0\0\323\235\3\0\0\0\0\0", 3200, MSG_DONTWAIT, NULL, NULL) = 32
19463 1784159794.978483 recvfrom(43, 0x7ffcf06d30, 3200, MSG_DONTWAIT, NULL, NULL) = -1 EAGAIN (Try again)
19463 1784159794.978731 recvfrom(52, 0x7af3c1d420, 2272, MSG_DONTWAIT, NULL, NULL) = -1 EAGAIN (Try again)
19463 1784159794.979233 recvfrom(43, 0x7ffcf05260, 3200, MSG_DONTWAIT, NULL, NULL) = -1 EAGAIN (Try again)
19463 1784159794.994413 recvfrom(43, "nysv\0\0\0\0\0\0\0\0\0\0\0\0\240%o\302\237\3\0\0\324\235\3\0\0\0\0\0", 3200, MSG_DONTWAIT, NULL, NULL) = 32
19463 1784159794.994694 recvfrom(43, 0x7ffcf06d30, 3200, MSG_DONTWAIT, NULL, NULL) = -1 EAGAIN (Try again)
19463 1784159794.994971 recvfrom(52, 0x7af3c1d420, 2272, MSG_DONTWAIT, NULL, NULL) = -1 EAGAIN (Try again)
19463 1784159794.995488 recvfrom(43, 0x7ffcf05260, 3200, MSG_DONTWAIT, NULL, NULL) = -1 EAGAIN (Try again)
19463 1784159795.010657 recvfrom(43, "nysv\0\0\0\0\0\0\0\0\0\0\0\0\254ym\303\237\3\0\0\325\235\3\0\0\0\0\0", 3200, MSG_DONTWAIT, NULL, NULL) = 32
19463 1784159795.010980 recvfrom(43, 0x7ffcf06d30, 3200, MSG_DONTWAIT, NULL, NULL) = -1 EAGAIN (Try again)
19463 1784159795.011237 recvfrom(52, 0x7af3c1d420, 2272, MSG_DONTWAIT, NULL, NULL) = -1 EAGAIN (Try again)
19463 1784159795.011730 recvfrom(43, 0x7ffcf05260, 3200, MSG_DONTWAIT, NULL, NULL) = -1 EAGAIN (Try again)
19463 1784159795.026821 recvfrom(43, "nysv\0\0\0\0\0\0\0\0\0\0\0\0I\304k\304\237\3\0\0\326\235\3\0\0\0\0\0", 3200, MSG_DONTWAIT, NULL, NULL) = 32
19463 1784159795.027142 recvfrom(43, 0x7ffcf06d30, 3200, MSG_DONTWAIT, NULL, NULL) = -1 EAGAIN (Try again)
19463 1784159795.027393 recvfrom(52, 0x7af3c1d420, 2272, MSG_DONTWAIT, NULL, NULL) = -1 EAGAIN (Try again)
19463 1784159795.027936 recvfrom(43, 0x7ffcf05260, 3200, MSG_DONTWAIT, NULL, NULL) = -1 EAGAIN (Try again)
19463 1784159795.045038 recvfrom(43, "nysv\0\0\0\0\0\0\0\0\0\0\0\0\"\30j\305\237\3\0\0\327\235\3\0\0\0\0\0", 3200, MSG_DONTWAIT, NULL, NULL) = 32
19463 1784159795.045304 recvfrom(43, 0x7ffcf06d30, 3200, MSG_DONTWAIT, NULL, NULL) = -1 EAGAIN (Try again)
19463 1784159795.045545 recvfrom(52, 0x7af3c1d420, 2272, MSG_DONTWAIT, NULL, NULL) = -1 EAGAIN (Try again)
19463 1784159795.046042 recvfrom(43, 0x7ffcf05260, 3200, MSG_DONTWAIT, NULL, NULL) = -1 EAGAIN (Try again)
19463 1784159795.060299 recvfrom(43, "nysv\0\0\0\0\0\0\0\0\0\0\0\0\275sh\306\237\3\0\0\330\235\3\0\0\0\0\0", 3200, MSG_DONTWAIT, NULL, NULL) = 32
19463 1784159795.060500 recvfrom(43, 0x7ffcf06d30, 3200, MSG_DONTWAIT, NULL, NULL) = -1 EAGAIN (Try again)
19463 1784159795.060766 recvfrom(52, 0x7af3c1d420, 2272, MSG_DONTWAIT, NULL, NULL) = -1 EAGAIN (Try again)
19463 1784159795.061285 recvfrom(43, 0x7ffcf05260, 3200, MSG_DONTWAIT, NULL, NULL) = -1 EAGAIN (Try again)
19463 1784159795.076694 recvfrom(43, "nysv\0\0\0\0\0\0\0\0\0\0\0\0\202\306f\307\237\3\0\0\331\235\3\0\0\0\0\0", 3200, MSG_DONTWAIT, NULL, NULL) = 32
19463 1784159795.077423 recvfrom(43, 0x7ffcf06d30, 3200, MSG_DONTWAIT, NULL, NULL) = -1 EAGAIN (Try again)
19463 1784159795.077689 recvfrom(52, 0x7af3c1d420, 2272, MSG_DONTWAIT, NULL, NULL) = -1 EAGAIN (Try again)
19463 1784159795.078379 recvfrom(43, 0x7ffcf05260, 3200, MSG_DONTWAIT, NULL, NULL) = -1 EAGAIN (Try again)
19463 1784159795.095012 recvfrom(43, "nysv\0\0\0\0\0\0\0\0\0\0\0\0\256\31e\310\237\3\0\0\332\235\3\0\0\0\0\0", 3200, MSG_DONTWAIT, NULL, NULL) = 32
19463 1784159795.095264 recvfrom(43, 0x7ffcf06d30, 3200, MSG_DONTWAIT, NULL, NULL) = -1 EAGAIN (Try again)
19463 1784159795.095505 recvfrom(52, 0x7af3c1d420, 2272, MSG_DONTWAIT, NULL, NULL) = -1 EAGAIN (Try again)
19463 1784159795.095980 recvfrom(43, 0x7ffcf05260, 3200, MSG_DONTWAIT, NULL, NULL) = -1 EAGAIN (Try again)
19463 1784159795.113782 recvfrom(43, "nysv\0\0\0\0\0\0\0\0\0\0\0\0\367]c\311\237\3\0\0\333\235\3\0\0\0\0\0", 3200, MSG_DONTWAIT, NULL, NULL) = 32
19463 1784159795.114144 recvfrom(43, 0x7ffcf06d30, 3200, MSG_DONTWAIT, NULL, NULL) = -1 EAGAIN (Try again)
19463 1784159795.114384 recvfrom(52, 0x7af3c1d420, 2272, MSG_DONTWAIT, NULL, NULL) = -1 EAGAIN (Try again)
19463 1784159795.114862 recvfrom(43, 0x7ffcf05260, 3200, MSG_DONTWAIT, NULL, NULL) = -1 EAGAIN (Try again)
19463 1784159795.129614 recvfrom(43, "nysv\0\0\0\0\0\0\0\0\0\0\0\0000\240a\312\237\3\0\0\334\235\3\0\0\0\0\0", 3200, MSG_DONTWAIT, NULL, NULL) = 32
19463 1784159795.129835 recvfrom(43, 0x7ffcf06d30, 3200, MSG_DONTWAIT, NULL, NULL) = -1 EAGAIN (Try again)
19463 1784159795.130088 recvfrom(52, 0x7af3c1d420, 2272, MSG_DONTWAIT, NULL, NULL) = -1 EAGAIN (Try again)
19463 1784159795.130604 recvfrom(43, 0x7ffcf05260, 3200, MSG_DONTWAIT, NULL, NULL) = -1 EAGAIN (Try again)
19463 1784159795.143851 recvfrom(43, "nysv\0\0\0\0\0\0\0\0\0\0\0\0\233\373_\313\237\3\0\0\335\235\3\0\0\0\0\0", 3200, MSG_DONTWAIT, NULL, NULL) = 32
19463 1784159795.144240 recvfrom(43, 0x7ffcf06d30, 3200, MSG_DONTWAIT, NULL, NULL) = -1 EAGAIN (Try again)
19463 1784159795.144962 recvfrom(52, 0x7af3c1d420, 2272, MSG_DONTWAIT, NULL, NULL) = -1 EAGAIN (Try again)
19463 1784159795.145479 recvfrom(43, 0x7ffcf05260, 3200, MSG_DONTWAIT, NULL, NULL) = -1 EAGAIN (Try again)
19463 1784159795.160016 recvfrom(43, "nysv\0\0\0\0\0\0\0\0\0\0\0\0\331M^\314\237\3\0\0\336\235\3\0\0\0\0\0", 3200, MSG_DONTWAIT, NULL, NULL) = 32
19463 1784159795.160445 recvfrom(43, 0x7ffcf06d30, 3200, MSG_DONTWAIT, NULL, NULL) = -1 EAGAIN (Try again)
19463 1784159795.160732 recvfrom(52, 0x7af3c1d420, 2272, MSG_DONTWAIT, NULL, NULL) = -1 EAGAIN (Try again)
19463 1784159795.161266 recvfrom(43, 0x7ffcf05260, 3200, MSG_DONTWAIT, NULL, NULL) = -1 EAGAIN (Try again)
19463 1784159795.178802 recvfrom(43, "nysv\0\0\0\0\0\0\0\0\0\0\0\0\304\235\\\315\237\3\0\0\337\235\3\0\0\0\0\0", 3200, MSG_DONTWAIT, NULL, NULL) = 32
19463 1784159795.179075 recvfrom(43, 0x7ffcf06d30, 3200, MSG_DONTWAIT, NULL, NULL) = -1 EAGAIN (Try again)
19463 1784159795.179317 recvfrom(52, 0x7af3c1d420, 2272, MSG_DONTWAIT, NULL, NULL) = -1 EAGAIN (Try again)
19463 1784159795.179816 recvfrom(43, 0x7ffcf05260, 3200, MSG_DONTWAIT, NULL, NULL) = -1 EAGAIN (Try again)
19463 1784159795.193371 recvfrom(43, "nysv\0\0\0\0\0\0\0\0\0\0\0\0h\365Z\316\237\3\0\0\340\235\3\0\0\0\0\0", 3200, MSG_DONTWAIT, NULL, NULL) = 32
19463 1784159795.193615 recvfrom(43, 0x7ffcf06d30, 3200, MSG_DONTWAIT, NULL, NULL) = -1 EAGAIN (Try again)
19463 1784159795.193871 recvfrom(52, 0x7af3c1d420, 2272, MSG_DONTWAIT, NULL, NULL) = -1 EAGAIN (Try again)
19463 1784159795.194522 recvfrom(43, 0x7ffcf05260, 3200, MSG_DONTWAIT, NULL, NULL) = -1 EAGAIN (Try again)
19463 1784159795.210065 recvfrom(43, "nysv\0\0\0\0\0\0\0\0\0\0\0\0\350FY\317\237\3\0\0\341\235\3\0\0\0\0\0", 3200, MSG_DONTWAIT, NULL, NULL) = 32
19463 1784159795.210447 recvfrom(43, 0x7ffcf06d30, 3200, MSG_DONTWAIT, NULL, NULL) = -1 EAGAIN (Try again)
19463 1784159795.211000 recvfrom(52, 0x7af3c1d420, 2272, MSG_DONTWAIT, NULL, NULL) = -1 EAGAIN (Try again)
19463 1784159795.211513 recvfrom(43, 0x7ffcf05260, 3200, MSG_DONTWAIT, NULL, NULL) = -1 EAGAIN (Try again)
19463 1784159795.226681 recvfrom(43, "nysv\0\0\0\0\0\0\0\0\0\0\0\0\242\200W\320\237\3\0\0\342\235\3\0\0\0\0\0", 3200, MSG_DONTWAIT, NULL, NULL) = 32
19463 1784159795.226907 recvfrom(43, 0x7ffcf06d30, 3200, MSG_DONTWAIT, NULL, NULL) = -1 EAGAIN (Try again)
19463 1784159795.227137 recvfrom(52, 0x7af3c1d420, 2272, MSG_DONTWAIT, NULL, NULL) = -1 EAGAIN (Try again)
19463 1784159795.227678 recvfrom(43, 0x7ffcf05260, 3200, MSG_DONTWAIT, NULL, NULL) = -1 EAGAIN (Try again)
19463 1784159795.243155 recvfrom(43, "nysv\0\0\0\0\0\0\0\0\0\0\0\0Q\325U\321\237\3\0\0\343\235\3\0\0\0\0\0", 3200, MSG_DONTWAIT, NULL, NULL) = 32
19463 1784159795.243485 recvfrom(43, 0x7ffcf06d30, 3200, MSG_DONTWAIT, NULL, NULL) = -1 EAGAIN (Try again)
19463 1784159795.243773 recvfrom(52, 0x7af3c1d420, 2272, MSG_DONTWAIT, NULL, NULL) = -1 EAGAIN (Try again)
19463 1784159795.244320 recvfrom(43, 0x7ffcf05260, 3200, MSG_DONTWAIT, NULL, NULL) = -1 EAGAIN (Try again)
19463 1784159795.261077 recvfrom(43, "nysv\0\0\0\0\0\0\0\0\0\0\0\0\314$T\322\237\3\0\0\344\235\3\0\0\0\0\0", 3200, MSG_DONTWAIT, NULL, NULL) = 32
19463 1784159795.261289 recvfrom(43, 0x7ffcf06d30, 3200, MSG_DONTWAIT, NULL, NULL) = -1 EAGAIN (Try again)
19463 1784159795.261529 recvfrom(52, 0x7af3c1d420, 2272, MSG_DONTWAIT, NULL, NULL) = -1 EAGAIN (Try again)
19463 1784159795.262041 recvfrom(43, 0x7ffcf05260, 3200, MSG_DONTWAIT, NULL, NULL) = -1 EAGAIN (Try again)
19463 1784159795.278635 recvfrom(43, "nysv\0\0\0\0\0\0\0\0\0\0\0\0\27sR\323\237\3\0\0\345\235\3\0\0\0\0\0", 3200, MSG_DONTWAIT, NULL, NULL) = 32
19463 1784159795.278859 recvfrom(43, 0x7ffcf06d30, 3200, MSG_DONTWAIT, NULL, NULL) = -1 EAGAIN (Try again)
19463 1784159795.279097 recvfrom(52, 0x7af3c1d420, 2272, MSG_DONTWAIT, NULL, NULL) = -1 EAGAIN (Try again)
19463 1784159795.279578 recvfrom(43, 0x7ffcf05260, 3200, MSG_DONTWAIT, NULL, NULL) = -1 EAGAIN (Try again)
19463 1784159795.294748 recvfrom(43, "nysv\0\0\0\0\0\0\0\0\0\0\0\0\323\316P\324\237\3\0\0\346\235\3\0\0\0\0\0", 3200, MSG_DONTWAIT, NULL, NULL) = 32
19463 1784159795.295008 recvfrom(43, 0x7ffcf06d30, 3200, MSG_DONTWAIT, NULL, NULL) = -1 EAGAIN (Try again)
19463 1784159795.295247 recvfrom(52, 0x7af3c1d420, 2272, MSG_DONTWAIT, NULL, NULL) = -1 EAGAIN (Try again)
19463 1784159795.295740 recvfrom(43, 0x7ffcf05260, 3200, MSG_DONTWAIT, NULL, NULL) = -1 EAGAIN (Try again)
19463 1784159795.312067 recvfrom(43, "nysv\0\0\0\0\0\0\0\0\0\0\0\0V\35O\325\237\3\0\0\347\235\3\0\0\0\0\0", 3200, MSG_DONTWAIT, NULL, NULL) = 32
19463 1784159795.312288 recvfrom(43, 0x7ffcf06d30, 3200, MSG_DONTWAIT, NULL, NULL) = -1 EAGAIN (Try again)
19463 1784159795.312535 recvfrom(52, 0x7af3c1d420, 2272, MSG_DONTWAIT, NULL, NULL) = -1 EAGAIN (Try again)
19463 1784159795.313020 recvfrom(43, 0x7ffcf05260, 3200, MSG_DONTWAIT, NULL, NULL) = -1 EAGAIN (Try again)
19463 1784159795.327426 recvfrom(43, "nysv\0\0\0\0\0\0\0\0\0\0\0\0\363rM\326\237\3\0\0\350\235\3\0\0\0\0\0", 3200, MSG_DONTWAIT, NULL, NULL) = 32
19463 1784159795.327649 recvfrom(43, 0x7ffcf06d30, 3200, MSG_DONTWAIT, NULL, NULL) = -1 EAGAIN (Try again)
19463 1784159795.327905 recvfrom(52, 0x7af3c1d420, 2272, MSG_DONTWAIT, NULL, NULL) = -1 EAGAIN (Try again)
19463 1784159795.328414 recvfrom(43, 0x7ffcf05260, 3200, MSG_DONTWAIT, NULL, NULL) = -1 EAGAIN (Try again)
19463 1784159795.344350 recvfrom(43, "nysv\0\0\0\0\0\0\0\0\0\0\0\0\233\277K\327\237\3\0\0\351\235\3\0\0\0\0\0", 3200, MSG_DONTWAIT, NULL, NULL) = 32
19463 1784159795.344583 recvfrom(43, 0x7ffcf06d30, 3200, MSG_DONTWAIT, NULL, NULL) = -1 EAGAIN (Try again)
19463 1784159795.344813 recvfrom(52, 0x7af3c1d420, 2272, MSG_DONTWAIT, NULL, NULL) = -1 EAGAIN (Try again)
19463 1784159795.345300 recvfrom(43, 0x7ffcf05260, 3200, MSG_DONTWAIT, NULL, NULL) = -1 EAGAIN (Try again)
19463 1784159795.360903 recvfrom(43, "nysv\0\0\0\0\0\0\0\0\0\0\0\0004\10J\330\237\3\0\0\352\235\3\0\0\0\0\0", 3200, MSG_DONTWAIT, NULL, NULL) = 32
19463 1784159795.361193 recvfrom(43, 0x7ffcf06d30, 3200, MSG_DONTWAIT, NULL, NULL) = -1 EAGAIN (Try again)
19463 1784159795.361434 recvfrom(52, 0x7af3c1d420, 2272, MSG_DONTWAIT, NULL, NULL) = -1 EAGAIN (Try again)
19463 1784159795.361979 recvfrom(43, 0x7ffcf05260, 3200, MSG_DONTWAIT, NULL, NULL) = -1 EAGAIN (Try again)
19463 1784159795.376587 recvfrom(43, "nysv\0\0\0\0\0\0\0\0\0\0\0\0\350YH\331\237\3\0\0\353\235\3\0\0\0\0\0", 3200, MSG_DONTWAIT, NULL, NULL) = 32
19463 1784159795.376826 recvfrom(43, 0x7ffcf06d30, 3200, MSG_DONTWAIT, NULL, NULL) = -1 EAGAIN (Try again)
19463 1784159795.377148 recvfrom(52, 0x7af3c1d420, 2272, MSG_DONTWAIT, NULL, NULL) = -1 EAGAIN (Try again)
19463 1784159795.377637 recvfrom(43, 0x7ffcf05260, 3200, MSG_DONTWAIT, NULL, NULL) = -1 EAGAIN (Try again)
19463 1784159795.393872 recvfrom(43, "nysv\0\0\0\0\0\0\0\0\0\0\0\0\345\247F\332\237\3\0\0\354\235\3\0\0\0\0\0", 3200, MSG_DONTWAIT, NULL, NULL) = 32
19463 1784159795.394112 recvfrom(43, 0x7ffcf06d30, 3200, MSG_DONTWAIT, NULL, NULL) = -1 EAGAIN (Try again)
19463 1784159795.394337 recvfrom(52, 0x7af3c1d420, 2272, MSG_DONTWAIT, NULL, NULL) = -1 EAGAIN (Try again)
19463 1784159795.394889 recvfrom(43, 0x7ffcf05260, 3200, MSG_DONTWAIT, NULL, NULL) = -1 EAGAIN (Try again)
19463 1784159795.409142 recvfrom(43, "nysv\0\0\0\0\0\0\0\0\0\0\0\0\222\373D\333\237\3\0\0\355\235\3\0\0\0\0\0", 3200, MSG_DONTWAIT, NULL, NULL) = 32
19463 1784159795.409383 recvfrom(43, 0x7ffcf06d30, 3200, MSG_DONTWAIT, NULL, NULL) = -1 EAGAIN (Try again)
19463 1784159795.409649 recvfrom(52, 0x7af3c1d420, 2272, MSG_DONTWAIT, NULL, NULL) = -1 EAGAIN (Try again)
19463 1784159795.410754 recvfrom(43, 0x7ffcf05260, 3200, MSG_DONTWAIT, NULL, NULL) = -1 EAGAIN (Try again)
19463 1784159795.427939 recvfrom(43, "nysv\0\0\0\0\0\0\0\0\0\0\0\0\2PC\334\237\3\0\0\356\235\3\0\0\0\0\0", 3200, MSG_DONTWAIT, NULL, NULL) = 32
19463 1784159795.428139 recvfrom(43, 0x7ffcf06d30, 3200, MSG_DONTWAIT, NULL, NULL) = -1 EAGAIN (Try again)
19463 1784159795.428387 recvfrom(52, 0x7af3c1d420, 2272, MSG_DONTWAIT, NULL, NULL) = -1 EAGAIN (Try again)
19463 1784159795.428876 recvfrom(43, 0x7ffcf05260, 3200, MSG_DONTWAIT, NULL, NULL) = -1 EAGAIN (Try again)
19463 1784159795.445538 recvfrom(43, "nysv\0\0\0\0\0\0\0\0\0\0\0\0\307\252A\335\237\3\0\0\357\235\3\0\0\0\0\0", 3200, MSG_DONTWAIT, NULL, NULL) = 32
19463 1784159795.445761 recvfrom(43, 0x7ffcf06d30, 3200, MSG_DONTWAIT, NULL, NULL) = -1 EAGAIN (Try again)
19463 1784159795.446087 recvfrom(52, 0x7af3c1d420, 2272, MSG_DONTWAIT, NULL, NULL) = -1 EAGAIN (Try again)
19463 1784159795.446568 recvfrom(43, 0x7ffcf05260, 3200, MSG_DONTWAIT, NULL, NULL) = -1 EAGAIN (Try again)
19463 1784159795.462907 recvfrom(43, "nysv\0\0\0\0\0\0\0\0\0\0\0\0002\2@\336\237\3\0\0\360\235\3\0\0\0\0\0", 3200, MSG_DONTWAIT, NULL, NULL) = 32
19463 1784159795.463110 recvfrom(43, 0x7ffcf06d30, 3200, MSG_DONTWAIT, NULL, NULL) = -1 EAGAIN (Try again)
19463 1784159795.463337 recvfrom(52, 0x7af3c1d420, 2272, MSG_DONTWAIT, NULL, NULL) = -1 EAGAIN (Try again)
19463 1784159795.463810 recvfrom(43, 0x7ffcf05260, 3200, MSG_DONTWAIT, NULL, NULL) = -1 EAGAIN (Try again)
19463 1784159795.477551 recvfrom(43, "nysv\0\0\0\0\0\0\0\0\0\0\0\0\262Y>\337\237\3\0\0\361\235\3\0\0\0\0\0", 3200, MSG_DONTWAIT, NULL, NULL) = 32
19463 1784159795.477836 recvfrom(43, 0x7ffcf06d30, 3200, MSG_DONTWAIT, NULL, NULL) = -1 EAGAIN (Try again)
19463 1784159795.478105 recvfrom(52, 0x7af3c1d420, 2272, MSG_DONTWAIT, NULL, NULL) = -1 EAGAIN (Try again)
19463 1784159795.478602 recvfrom(43, 0x7ffcf05260, 3200, MSG_DONTWAIT, NULL, NULL) = -1 EAGAIN (Try again)
19463 1784159795.494468 recvfrom(43, "nysv\0\0\0\0\0\0\0\0\0\0\0\0\325\240<\340\237\3\0\0\362\235\3\0\0\0\0\0", 3200, MSG_DONTWAIT, NULL, NULL) = 32
19463 1784159795.494693 recvfrom(43, 0x7ffcf06d30, 3200, MSG_DONTWAIT, NULL, NULL) = -1 EAGAIN (Try again)
19463 1784159795.494919 recvfrom(52, 0x7af3c1d420, 2272, MSG_DONTWAIT, NULL, NULL) = -1 EAGAIN (Try again)
19463 1784159795.495407 recvfrom(43, 0x7ffcf05260, 3200, MSG_DONTWAIT, NULL, NULL) = -1 EAGAIN (Try again)
19463 1784159795.511853 recvfrom(43, "nysv\0\0\0\0\0\0\0\0\0\0\0\0t\355:\341\237\3\0\0\363\235\3\0\0\0\0\0", 3200, MSG_DONTWAIT, NULL, NULL) = 32
19463 1784159795.512068 recvfrom(43, 0x7ffcf06d30, 3200, MSG_DONTWAIT, NULL, NULL) = -1 EAGAIN (Try again)
19463 1784159795.512306 recvfrom(52, 0x7af3c1d420, 2272, MSG_DONTWAIT, NULL, NULL) = -1 EAGAIN (Try again)
19463 1784159795.512793 recvfrom(43, 0x7ffcf05260, 3200, MSG_DONTWAIT, NULL, NULL) = -1 EAGAIN (Try again)
19463 1784159795.526250 recvfrom(43, "nysv\0\0\0\0\0\0\0\0\0\0\0\0\277H9\342\237\3\0\0\364\235\3\0\0\0\0\0", 3200, MSG_DONTWAIT, NULL, NULL) = 32
19463 1784159795.526592 recvfrom(43, 0x7ffcf06d30, 3200, MSG_DONTWAIT, NULL, NULL) = -1 EAGAIN (Try again)
19463 1784159795.526817 recvfrom(52, 0x7af3c1d420, 2272, MSG_DONTWAIT, NULL, NULL) = -1 EAGAIN (Try again)
19463 1784159795.527329 recvfrom(43, 0x7ffcf05260, 3200, MSG_DONTWAIT, NULL, NULL) = -1 EAGAIN (Try again)
19463 1784159795.544889 recvfrom(43, "nysv\0\0\0\0\0\0\0\0\0\0\0\0\351\2307\343\237\3\0\0\365\235\3\0\0\0\0\0", 3200, MSG_DONTWAIT, NULL, NULL) = 32
19463 1784159795.545105 recvfrom(43, 0x7ffcf06d30, 3200, MSG_DONTWAIT, NULL, NULL) = -1 EAGAIN (Try again)
19463 1784159795.545345 recvfrom(52, 0x7af3c1d420, 2272, MSG_DONTWAIT, NULL, NULL) = -1 EAGAIN (Try again)
19463 1784159795.545832 recvfrom(43, 0x7ffcf05260, 3200, MSG_DONTWAIT, NULL, NULL) = -1 EAGAIN (Try again)
19463 1784159795.558764 recvfrom(43, "nysv\0\0\0\0\0\0\0\0\0\0\0\0<\3605\344\237\3\0\0\366\235\3\0\0\0\0\0", 3200, MSG_DONTWAIT, NULL, NULL) = 32
19463 1784159795.559431 recvfrom(43, 0x7ffcf06d30, 3200, MSG_DONTWAIT, NULL, NULL) = -1 EAGAIN (Try again)
19463 1784159795.559708 recvfrom(52, 0x7af3c1d420, 2272, MSG_DONTWAIT, NULL, NULL) = -1 EAGAIN (Try again)
19463 1784159795.560266 recvfrom(43, 0x7ffcf05260, 3200, MSG_DONTWAIT, NULL, NULL) = -1 EAGAIN (Try again)
19463 1784159795.577881 recvfrom(43, "nysv\0\0\0\0\0\0\0\0\0\0\0\0<#4\345\237\3\0\0\367\235\3\0\0\0\0\0", 3200, MSG_DONTWAIT, NULL, NULL) = 32
19463 1784159795.578114 recvfrom(43, 0x7ffcf06d30, 3200, MSG_DONTWAIT, NULL, NULL) = -1 EAGAIN (Try again)
19463 1784159795.578375 recvfrom(52, 0x7af3c1d420, 2272, MSG_DONTWAIT, NULL, NULL) = -1 EAGAIN (Try again)
19463 1784159795.578847 recvfrom(43, 0x7ffcf05260, 3200, MSG_DONTWAIT, NULL, NULL) = -1 EAGAIN (Try again)
19463 1784159795.592393 recvfrom(43, "nysv\0\0\0\0\0\0\0\0\0\0\0\0\253t2\346\237\3\0\0\370\235\3\0\0\0\0\0", 3200, MSG_DONTWAIT, NULL, NULL) = 32
19463 1784159795.592633 recvfrom(43, 0x7ffcf06d30, 3200, MSG_DONTWAIT, NULL, NULL) = -1 EAGAIN (Try again)
19463 1784159795.592883 recvfrom(52, 0x7af3c1d420, 2272, MSG_DONTWAIT, NULL, NULL) = -1 EAGAIN (Try again)
19463 1784159795.593350 recvfrom(43, 0x7ffcf05260, 3200, MSG_DONTWAIT, NULL, NULL) = -1 EAGAIN (Try again)
19463 1784159795.609470 recvfrom(43, "nysv\0\0\0\0\0\0\0\0\0\0\0\0:\2760\347\237\3\0\0\371\235\3\0\0\0\0\0", 3200, MSG_DONTWAIT, NULL, NULL) = 32
19463 1784159795.609732 recvfrom(43, 0x7ffcf06d30, 3200, MSG_DONTWAIT, NULL, NULL) = -1 EAGAIN (Try again)
19463 1784159795.610051 recvfrom(52, 0x7af3c1d420, 2272, MSG_DONTWAIT, NULL, NULL) = -1 EAGAIN (Try again)
19463 1784159795.610547 recvfrom(43, 0x7ffcf05260, 3200, MSG_DONTWAIT, NULL, NULL) = -1 EAGAIN (Try again)
19463 1784159795.627899 recvfrom(43, "nysv\0\0\0\0\0\0\0\0\0\0\0\0\20\23/\350\237\3\0\0\372\235\3\0\0\0\0\0", 3200, MSG_DONTWAIT, NULL, NULL) = 32
19463 1784159795.628129 recvfrom(43, 0x7ffcf06d30, 3200, MSG_DONTWAIT, NULL, NULL) = -1 EAGAIN (Try again)
19463 1784159795.628360 recvfrom(52, 0x7af3c1d420, 2272, MSG_DONTWAIT, NULL, NULL) = -1 EAGAIN (Try again)
19463 1784159795.628847 recvfrom(43, 0x7ffcf05260, 3200, MSG_DONTWAIT, NULL, NULL) = -1 EAGAIN (Try again)
19463 1784159795.644971 recvfrom(43, "nysv\0\0\0\0\0\0\0\0\0\0\0\0\31g-\351\237\3\0\0\373\235\3\0\0\0\0\0", 3200, MSG_DONTWAIT, NULL, NULL) = 32
19463 1784159795.645189 recvfrom(43, 0x7ffcf06d30, 3200, MSG_DONTWAIT, NULL, NULL) = -1 EAGAIN (Try again)
19463 1784159795.645422 recvfrom(52, 0x7af3c1d420, 2272, MSG_DONTWAIT, NULL, NULL) = -1 EAGAIN (Try again)
19463 1784159795.645932 recvfrom(43, 0x7ffcf05260, 3200, MSG_DONTWAIT, NULL, NULL) = -1 EAGAIN (Try again)
19463 1784159795.659255 recvfrom(43, "nysv\0\0\0\0\0\0\0\0\0\0\0\0\204\302+\352\237\3\0\0\374\235\3\0\0\0\0\0", 3200, MSG_DONTWAIT, NULL, NULL) = 32
19463 1784159795.659588 recvfrom(43, 0x7ffcf06d30, 3200, MSG_DONTWAIT, NULL, NULL) = -1 EAGAIN (Try again)
19463 1784159795.659819 recvfrom(52, 0x7af3c1d420, 2272, MSG_DONTWAIT, NULL, NULL) = -1 EAGAIN (Try again)
19463 1784159795.660420 recvfrom(43, 0x7ffcf05260, 3200, MSG_DONTWAIT, NULL, NULL) = -1 EAGAIN (Try again)
19463 1784159795.676321 recvfrom(43, "nysv\0\0\0\0\0\0\0\0\0\0\0\0\256\22*\353\237\3\0\0\375\235\3\0\0\0\0\0", 3200, MSG_DONTWAIT, NULL, NULL) = 32
19463 1784159795.676550 recvfrom(43, 0x7ffcf06d30, 3200, MSG_DONTWAIT, NULL, NULL) = -1 EAGAIN (Try again)
19463 1784159795.676799 recvfrom(52, 0x7af3c1d420, 2272, MSG_DONTWAIT, NULL, NULL) = -1 EAGAIN (Try again)
19463 1784159795.677860 recvfrom(43, 0x7ffcf05260, 3200, MSG_DONTWAIT, NULL, NULL) = -1 EAGAIN (Try again)
19463 1784159795.695490 recvfrom(43, "nysv\0\0\0\0\0\0\0\0\0\0\0\0\21W(\354\237\3\0\0\376\235\3\0\0\0\0\0", 3200, MSG_DONTWAIT, NULL, NULL) = 32
19463 1784159795.695696 recvfrom(43, 0x7ffcf06d30, 3200, MSG_DONTWAIT, NULL, NULL) = -1 EAGAIN (Try again)
19463 1784159795.695926 recvfrom(52, 0x7af3c1d420, 2272, MSG_DONTWAIT, NULL, NULL) = -1 EAGAIN (Try again)
19463 1784159795.696392 recvfrom(43, 0x7ffcf05260, 3200, MSG_DONTWAIT, NULL, NULL) = -1 EAGAIN (Try again)
19463 1784159795.709272 recvfrom(43, "nysv\0\0\0\0\0\0\0\0\0\0\0\0\4\261&\355\237\3\0\0\377\235\3\0\0\0\0\0", 3200, MSG_DONTWAIT, NULL, NULL) = 32
19463 1784159795.709574 recvfrom(43, 0x7ffcf06d30, 3200, MSG_DONTWAIT, NULL, NULL) = -1 EAGAIN (Try again)
19463 1784159795.709886 recvfrom(52, 0x7af3c1d420, 2272, MSG_DONTWAIT, NULL, NULL) = -1 EAGAIN (Try again)
19463 1784159795.710516 recvfrom(43, 0x7ffcf05260, 3200, MSG_DONTWAIT, NULL, NULL) = -1 EAGAIN (Try again)
19463 1784159795.727982 recvfrom(43, "nysv\0\0\0\0\0\0\0\0\0\0\0\0\1\7%\356\237\3\0\0\0\236\3\0\200\0\0\0", 3200, MSG_DONTWAIT, NULL, NULL) = 32
19463 1784159795.728242 recvfrom(43, 0x7ffcf06d30, 3200, MSG_DONTWAIT, NULL, NULL) = -1 EAGAIN (Try again)
19463 1784159795.728474 recvfrom(52, 0x7af3c1d420, 2272, MSG_DONTWAIT, NULL, NULL) = -1 EAGAIN (Try again)
19463 1784159795.728964 recvfrom(43, 0x7ffcf05260, 3200, MSG_DONTWAIT, NULL, NULL) = -1 EAGAIN (Try again)
19463 1784159795.742968 recvfrom(43, "nysv\0\0\0\0\0\0\0\0\0\0\0\0\343[#\357\237\3\0\0\1\236\3\0\0\0\0\0", 3200, MSG_DONTWAIT, NULL, NULL) = 32
19463 1784159795.743308 recvfrom(43, 0x7ffcf06d30, 3200, MSG_DONTWAIT, NULL, NULL) = -1 EAGAIN (Try again)
19463 1784159795.743992 recvfrom(52, 0x7af3c1d420, 2272, MSG_DONTWAIT, NULL, NULL) = -1 EAGAIN (Try again)
19463 1784159795.744534 recvfrom(43, 0x7ffcf05260, 3200, MSG_DONTWAIT, NULL, NULL) = -1 EAGAIN (Try again)
19463 1784159795.760016 recvfrom(43, "nysv\0\0\0\0\0\0\0\0\0\0\0\0\206\254!\360\237\3\0\0\2\236\3\0\0\0\0\0", 3200, MSG_DONTWAIT, NULL, NULL) = 32
19463 1784159795.760278 recvfrom(43, 0x7ffcf06d30, 3200, MSG_DONTWAIT, NULL, NULL) = -1 EAGAIN (Try again)
19463 1784159795.760528 recvfrom(52, 0x7af3c1d420, 2272, MSG_DONTWAIT, NULL, NULL) = -1 EAGAIN (Try again)
19463 1784159795.761168 recvfrom(43, 0x7ffcf05260, 3200, MSG_DONTWAIT, NULL, NULL) = -1 EAGAIN (Try again)
19463 1784159795.776203 recvfrom(43, "nysv\0\0\0\0\0\0\0\0\0\0\0\0!\371\37\361\237\3\0\0\3\236\3\0\0\0\0\0", 3200, MSG_DONTWAIT, NULL, NULL) = 32
19463 1784159795.776524 recvfrom(43, 0x7ffcf06d30, 3200, MSG_DONTWAIT, NULL, NULL) = -1 EAGAIN (Try again)
19463 1784159795.776814 recvfrom(52, 0x7af3c1d420, 2272, MSG_DONTWAIT, NULL, NULL) = -1 EAGAIN (Try again)
19463 1784159795.777359 recvfrom(43, 0x7ffcf05260, 3200, MSG_DONTWAIT, NULL, NULL) = -1 EAGAIN (Try again)
19463 1784159795.792924 recvfrom(43, "nysv\0\0\0\0\0\0\0\0\0\0\0\0\330N\36\362\237\3\0\0\4\236\3\0\0\0\0\0", 3200, MSG_DONTWAIT, NULL, NULL) = 32
19463 1784159795.793237 recvfrom(43, 0x7ffcf06d30, 3200, MSG_DONTWAIT, NULL, NULL) = -1 EAGAIN (Try again)
19463 1784159795.793567 recvfrom(52, 0x7af3c1d420, 2272, MSG_DONTWAIT, NULL, NULL) = -1 EAGAIN (Try again)
19463 1784159795.794163 recvfrom(43, 0x7ffcf05260, 3200, MSG_DONTWAIT, NULL, NULL) = -1 EAGAIN (Try again)
19463 1784159795.811805 recvfrom(43, "nysv\0\0\0\0\0\0\0\0\0\0\0\0!\212\34\363\237\3\0\0\5\236\3\0\0\0\0\0", 3200, MSG_DONTWAIT, NULL, NULL) = 32
19463 1784159795.812099 recvfrom(43, 0x7ffcf06d30, 3200, MSG_DONTWAIT, NULL, NULL) = -1 EAGAIN (Try again)
19463 1784159795.812341 recvfrom(52, 0x7af3c1d420, 2272, MSG_DONTWAIT, NULL, NULL) = -1 EAGAIN (Try again)
19463 1784159795.812821 recvfrom(43, 0x7ffcf05260, 3200, MSG_DONTWAIT, NULL, NULL) = -1 EAGAIN (Try again)
19463 1784159795.827732 recvfrom(43, "nysv\0\0\0\0\0\0\0\0\0\0\0\0d\345\32\364\237\3\0\0\6\236\3\0\0\0\0\0", 3200, MSG_DONTWAIT, NULL, NULL) = 32
19463 1784159795.827952 recvfrom(43, 0x7ffcf06d30, 3200, MSG_DONTWAIT, NULL, NULL) = -1 EAGAIN (Try again)
19463 1784159795.828188 recvfrom(52, 0x7af3c1d420, 2272, MSG_DONTWAIT, NULL, NULL) = -1 EAGAIN (Try again)
19463 1784159795.828669 recvfrom(43, 0x7ffcf05260, 3200, MSG_DONTWAIT, NULL, NULL) = -1 EAGAIN (Try again)
19463 1784159795.842857 recvfrom(43, "nysv\0\0\0\0\0\0\0\0\0\0\0\0\2012\31\365\237\3\0\0\7\236\3\0\0\0\0\0", 3200, MSG_DONTWAIT, NULL, NULL) = 32
19463 1784159795.843202 recvfrom(43, 0x7ffcf06d30, 3200, MSG_DONTWAIT, NULL, NULL) = -1 EAGAIN (Try again)
19463 1784159795.843468 recvfrom(52, 0x7af3c1d420, 2272, MSG_DONTWAIT, NULL, NULL) = -1 EAGAIN (Try again)
19463 1784159795.843985 recvfrom(43, 0x7ffcf05260, 3200, MSG_DONTWAIT, NULL, NULL) = -1 EAGAIN (Try again)
19463 1784159795.859480 recvfrom(43, "nysv\0\0\0\0\0\0\0\0\0\0\0\0\253\202\27\366\237\3\0\0\10\236\3\0\0\0\0\0", 3200, MSG_DONTWAIT, NULL, NULL) = 32
19463 1784159795.859686 recvfrom(43, 0x7ffcf06d30, 3200, MSG_DONTWAIT, NULL, NULL) = -1 EAGAIN (Try again)
19463 1784159795.860048 recvfrom(52, 0x7af3c1d420, 2272, MSG_DONTWAIT, NULL, NULL) = -1 EAGAIN (Try again)
19463 1784159795.860554 recvfrom(43, 0x7ffcf05260, 3200, MSG_DONTWAIT, NULL, NULL) = -1 EAGAIN (Try again)
19463 1784159795.876289 recvfrom(43, "nysv\0\0\0\0\0\0\0\0\0\0\0\0\325\322\25\367\237\3\0\0\t\236\3\0\0\0\0\0", 3200, MSG_DONTWAIT, NULL, NULL) = 32
19463 1784159795.876555 recvfrom(43, 0x7ffcf06d30, 3200, MSG_DONTWAIT, NULL, NULL) = -1 EAGAIN (Try again)
19463 1784159795.877298 recvfrom(52, 0x7af3c1d420, 2272, MSG_DONTWAIT, NULL, NULL) = -1 EAGAIN (Try again)
19463 1784159795.877880 recvfrom(43, 0x7ffcf05260, 3200, MSG_DONTWAIT, NULL, NULL) = -1 EAGAIN (Try again)
19463 1784159795.892500 recvfrom(43, "nysv\0\0\0\0\0\0\0\0\0\0\0\0\344$\24\370\237\3\0\0\n\236\3\0\0\0\0\0", 3200, MSG_DONTWAIT, NULL, NULL) = 32
19463 1784159795.892817 recvfrom(43, 0x7ffcf06d30, 3200, MSG_DONTWAIT, NULL, NULL) = -1 EAGAIN (Try again)
19463 1784159795.893116 recvfrom(52, 0x7af3c1d420, 2272, MSG_DONTWAIT, NULL, NULL) = -1 EAGAIN (Try again)
19463 1784159795.893699 recvfrom(43, 0x7ffcf05260, 3200, MSG_DONTWAIT, NULL, NULL) = -1 EAGAIN (Try again)
19463 1784159795.911230 recvfrom(43, "nysv\0\0\0\0\0\0\0\0\0\0\0\08s\22\371\237\3\0\0\v\236\3\0\0\0\0\0", 3200, MSG_DONTWAIT, NULL, NULL) = 32
19463 1784159795.911498 recvfrom(43, 0x7ffcf06d30, 3200, MSG_DONTWAIT, NULL, NULL) = -1 EAGAIN (Try again)
19463 1784159795.911738 recvfrom(52, 0x7af3c1d420, 2272, MSG_DONTWAIT, NULL, NULL) = -1 EAGAIN (Try again)
19463 1784159795.912244 recvfrom(43, 0x7ffcf05260, 3200, MSG_DONTWAIT, NULL, NULL) = -1 EAGAIN (Try again)
19463 1784159795.929564 recvfrom(43, "nysv\0\0\0\0\0\0\0\0\0\0\0\0h\324\20\372\237\3\0\0\f\236\3\0\0\0\0\0", 3200, MSG_DONTWAIT, NULL, NULL) = 32
19463 1784159795.929823 recvfrom(43, 0x7ffcf06d30, 3200, MSG_DONTWAIT, NULL, NULL) = -1 EAGAIN (Try again)
19463 1784159795.930059 recvfrom(52, 0x7af3c1d420, 2272, MSG_DONTWAIT, NULL, NULL) = -1 EAGAIN (Try again)
19463 1784159795.930561 recvfrom(43, 0x7ffcf05260, 3200, MSG_DONTWAIT, NULL, NULL) = -1 EAGAIN (Try again)
19463 1784159795.947787 recvfrom(43, "nysv\0\0\0\0\0\0\0\0\0\0\0\0\311+\17\373\237\3\0\0\r\236\3\0\0\0\0\0", 3200, MSG_DONTWAIT, NULL, NULL) = 32
19463 1784159795.948043 recvfrom(43, 0x7ffcf06d30, 3200, MSG_DONTWAIT, NULL, NULL) = -1 EAGAIN (Try again)
19463 1784159795.948320 recvfrom(52, 0x7af3c1d420, 2272, MSG_DONTWAIT, NULL, NULL) = -1 EAGAIN (Try again)
19463 1784159795.948858 recvfrom(43, 0x7ffcf05260, 3200, MSG_DONTWAIT, NULL, NULL) = -1 EAGAIN (Try again)
19463 1784159795.967566 recvfrom(43, "nysv\0\0\0\0\0\0\0\0\0\0\0\0\264F\r\374\237\3\0\0\16\236\3\0\0\0\0\0", 3200, MSG_DONTWAIT, NULL, NULL) = 32
19463 1784159795.967784 recvfrom(43, 0x7ffcf06d30, 3200, MSG_DONTWAIT, NULL, NULL) = -1 EAGAIN (Try again)
19463 1784159795.968093 recvfrom(52, 0x7af3c1d420, 2272, MSG_DONTWAIT, NULL, NULL) = -1 EAGAIN (Try again)
19463 1784159795.968615 recvfrom(43, 0x7ffcf05260, 3200, MSG_DONTWAIT, NULL, NULL) = -1 EAGAIN (Try again)
19463 1784159795.986849 recvfrom(43, "nysv\0\0\0\0\0\0\0\0\0\0\0\0\0\241\v\375\237\3\0\0\17\236\3\0\0\0\0\0", 3200, MSG_DONTWAIT, NULL, NULL) = 32
19463 1784159795.987309 recvfrom(43, 0x7ffcf06d30, 3200, MSG_DONTWAIT, NULL, NULL) = -1 EAGAIN (Try again)
19463 1784159795.987877 recvfrom(52, 0x7af3c1d420, 2272, MSG_DONTWAIT, NULL, NULL) = -1 EAGAIN (Try again)
19463 1784159795.988465 recvfrom(43, 0x7ffcf05260, 3200, MSG_DONTWAIT, NULL, NULL) = -1 EAGAIN (Try again)
19463 1784159796.010487 recvfrom(43, "nysv\0\0\0\0\0\0\0\0\0\0\0\0>S\10\377\237\3\0\0\21\236\3\0\0\0\0\0", 3200, MSG_DONTWAIT, NULL, NULL) = 32
19463 1784159796.010792 recvfrom(43, 0x7ffcf06d30, 3200, MSG_DONTWAIT, NULL, NULL) = -1 EAGAIN (Try again)
19463 1784159796.011051 recvfrom(52, 0x7af3c1d420, 2272, MSG_DONTWAIT, NULL, NULL) = -1 EAGAIN (Try again)
19463 1784159796.011556 recvfrom(43, 0x7ffcf05260, 3200, MSG_DONTWAIT, NULL, NULL) = -1 EAGAIN (Try again)
19463 1784159796.026232 recvfrom(43, "nysv\0\0\0\0\0\0\0\0\0\0\0\0\243\256\6\0\240\3\0\0\22\236\3\0\0\0\0\0", 3200, MSG_DONTWAIT, NULL, NULL) = 32
19463 1784159796.026525 recvfrom(43, 0x7ffcf06d30, 3200, MSG_DONTWAIT, NULL, NULL) = -1 EAGAIN (Try again)
19463 1784159796.026788 recvfrom(52, 0x7af3c1d420, 2272, MSG_DONTWAIT, NULL, NULL) = -1 EAGAIN (Try again)
19463 1784159796.027292 recvfrom(43, 0x7ffcf05260, 3200, MSG_DONTWAIT, NULL, NULL) = -1 EAGAIN (Try again)
19463 1784159796.042496 recvfrom(43, "nysv\0\0\0\0\0\0\0\0\0\0\0\0P\21\5\1\240\3\0\0\23\236\3\0\0\0\0\0", 3200, MSG_DONTWAIT, NULL, NULL) = 32
19463 1784159796.042812 recvfrom(43, 0x7ffcf06d30, 3200, MSG_DONTWAIT, NULL, NULL) = -1 EAGAIN (Try again)
19463 1784159796.043085 recvfrom(52, 0x7af3c1d420, 2272, MSG_DONTWAIT, NULL, NULL) = -1 EAGAIN (Try again)
19463 1784159796.043688 recvfrom(43, 0x7ffcf05260, 3200, MSG_DONTWAIT, NULL, NULL) = -1 EAGAIN (Try again)
19463 1784159796.057934 recvfrom(43, "nysv\0\0\0\0\0\0\0\0\0\0\0\0\321c\3\2\240\3\0\0\24\236\3\0\0\0\0\0", 3200, MSG_DONTWAIT, NULL, NULL) = 32
19463 1784159796.058225 recvfrom(43, 0x7ffcf06d30, 3200, MSG_DONTWAIT, NULL, NULL) = -1 EAGAIN (Try again)
19463 1784159796.058587 recvfrom(52, 0x7af3c1d420, 2272, MSG_DONTWAIT, NULL, NULL) = -1 EAGAIN (Try again)
19463 1784159796.059134 recvfrom(43, 0x7ffcf05260, 3200, MSG_DONTWAIT, NULL, NULL) = -1 EAGAIN (Try again)
19463 1784159796.071848 recvfrom(43, "nysv\0\0\0\0\0\0\0\0\0\0\0\0\222\274\1\3\240\3\0\0\25\236\3\0\0\0\0\0", 3200, MSG_DONTWAIT, NULL, NULL) = 32
19463 1784159796.072310 recvfrom(43, 0x7ffcf06d30, 3200, MSG_DONTWAIT, NULL, NULL) = -1 EAGAIN (Try again)
19463 1784159796.072637 recvfrom(52, 0x7af3c1d420, 2272, MSG_DONTWAIT, NULL, NULL) = -1 EAGAIN (Try again)
19463 1784159796.073218 recvfrom(43, 0x7ffcf05260, 3200, MSG_DONTWAIT, NULL, NULL) = -1 EAGAIN (Try again)
19463 1784159796.088924 recvfrom(43, "nysv\0\0\0\0\0\0\0\0\0\0\0\0\246\26\0\4\240\3\0\0\26\236\3\0\0\0\0\0", 3200, MSG_DONTWAIT, NULL, NULL) = 32
19463 1784159796.089240 recvfrom(43, 0x7ffcf06d30, 3200, MSG_DONTWAIT, NULL, NULL) = -1 EAGAIN (Try again)
19463 1784159796.089573 recvfrom(52, 0x7af3c1d420, 2272, MSG_DONTWAIT, NULL, NULL) = -1 EAGAIN (Try again)
19463 1784159796.090204 recvfrom(43, 0x7ffcf05260, 3200, MSG_DONTWAIT, NULL, NULL) = -1 EAGAIN (Try again)
19463 1784159796.104825 recvfrom(43, "nysv\0\0\0\0\0\0\0\0\0\0\0\0\357o\376\4\240\3\0\0\27\236\3\0\0\0\0\0", 3200, MSG_DONTWAIT, NULL, NULL) = 32
19463 1784159796.105080 recvfrom(43, 0x7ffcf06d30, 3200, MSG_DONTWAIT, NULL, NULL) = -1 EAGAIN (Try again)
19463 1784159796.105398 recvfrom(52, 0x7af3c1d420, 2272, MSG_DONTWAIT, NULL, NULL) = -1 EAGAIN (Try again)
19463 1784159796.105939 recvfrom(43, 0x7ffcf05260, 3200, MSG_DONTWAIT, NULL, NULL) = -1 EAGAIN (Try again)
19463 1784159796.121509 recvfrom(43, "nysv\0\0\0\0\0\0\0\0\0\0\0\0_\311\374\5\240\3\0\0\30\236\3\0\0\0\0\0", 3200, MSG_DONTWAIT, NULL, NULL) = 32
19463 1784159796.123884 recvfrom(43, 0x7ffcf06d30, 3200, MSG_DONTWAIT, NULL, NULL) = -1 EAGAIN (Try again)
19463 1784159796.124216 recvfrom(52, 0x7af3c1d420, 2272, MSG_DONTWAIT, NULL, NULL) = -1 EAGAIN (Try again)
19463 1784159796.125215 recvfrom(43, 0x7ffcf05260, 3200, MSG_DONTWAIT, NULL, NULL) = -1 EAGAIN (Try again)
19463 1784159796.137971 recvfrom(43, "nysv\0\0\0\0\0\0\0\0\0\0\0\0Z\"\373\6\240\3\0\0\31\236\3\0\0\0\0\0", 3200, MSG_DONTWAIT, NULL, NULL) = 32
19463 1784159796.138440 recvfrom(43, 0x7ffcf06d30, 3200, MSG_DONTWAIT, NULL, NULL) = -1 EAGAIN (Try again)
19463 1784159796.139229 recvfrom(52, 0x7af3c1d420, 2272, MSG_DONTWAIT, NULL, NULL) = -1 EAGAIN (Try again)
19463 1784159796.139826 recvfrom(43, 0x7ffcf05260, 3200, MSG_DONTWAIT, NULL, NULL) = -1 EAGAIN (Try again)
19463 1784159796.154745 recvfrom(43, "nysv\0\0\0\0\0\0\0\0\0\0\0\0Dz\371\7\240\3\0\0\32\236\3\0\0\0\0\0", 3200, MSG_DONTWAIT, NULL, NULL) = 32
19463 1784159796.155166 recvfrom(43, 0x7ffcf06d30, 3200, MSG_DONTWAIT, NULL, NULL) = -1 EAGAIN (Try again)
19463 1784159796.155411 recvfrom(52, 0x7af3c1d420, 2272, MSG_DONTWAIT, NULL, NULL) = -1 EAGAIN (Try again)
19463 1784159796.158034 recvfrom(43, 0x7ffcf05260, 3200, MSG_DONTWAIT, NULL, NULL) = -1 EAGAIN (Try again)
19463 1784159796.171777 recvfrom(43, "nysv\0\0\0\0\0\0\0\0\0\0\0\0\22\322\367\10\240\3\0\0\33\236\3\0\0\0\0\0", 3200, MSG_DONTWAIT, NULL, NULL) = 32
19463 1784159796.172056 recvfrom(43, 0x7ffcf06d30, 3200, MSG_DONTWAIT, NULL, NULL) = -1 EAGAIN (Try again)
19463 1784159796.173503 recvfrom(52, 0x7af3c1d420, 2272, MSG_DONTWAIT, NULL, NULL) = -1 EAGAIN (Try again)
19463 1784159796.174427 recvfrom(43, 0x7ffcf05260, 3200, MSG_DONTWAIT, NULL, NULL) = -1 EAGAIN (Try again)
19463 1784159796.192938 recvfrom(43, "nysv\0\0\0\0\0\0\0\0\0\0\0\0\224)\366\t\240\3\0\0\34\236\3\0\0\0\0\0", 3200, MSG_DONTWAIT, NULL, NULL) = 32
19463 1784159796.193237 recvfrom(43, 0x7ffcf06d30, 3200, MSG_DONTWAIT, NULL, NULL) = -1 EAGAIN (Try again)
19463 1784159796.193622 recvfrom(52, 0x7af3c1d420, 2272, MSG_DONTWAIT, NULL, NULL) = -1 EAGAIN (Try again)
19463 1784159796.194150 recvfrom(43, 0x7ffcf05260, 3200, MSG_DONTWAIT, NULL, NULL) = -1 EAGAIN (Try again)
19463 1784159796.209051 recvfrom(43, "nysv\0\0\0\0\0\0\0\0\0\0\0\0\260}\364\n\240\3\0\0\35\236\3\0\0\0\0\0", 3200, MSG_DONTWAIT, NULL, NULL) = 32
19463 1784159796.209274 recvfrom(43, 0x7ffcf06d30, 3200, MSG_DONTWAIT, NULL, NULL) = -1 EAGAIN (Try again)
19463 1784159796.209591 recvfrom(52, 0x7af3c1d420, 2272, MSG_DONTWAIT, NULL, NULL) = -1 EAGAIN (Try again)
19463 1784159796.210803 recvfrom(43, 0x7ffcf05260, 3200, MSG_DONTWAIT, NULL, NULL) = -1 EAGAIN (Try again)
19463 1784159796.223789 recvfrom(43, "nysv\0\0\0\0\0\0\0\0\0\0\0\0\33\326\362\v\240\3\0\0\36\236\3\0\0\0\0\0", 3200, MSG_DONTWAIT, NULL, NULL) = 32
19463 1784159796.224526 recvfrom(43, 0x7ffcf06d30, 3200, MSG_DONTWAIT, NULL, NULL) = -1 EAGAIN (Try again)
19463 1784159796.224936 recvfrom(52, 0x7af3c1d420, 2272, MSG_DONTWAIT, NULL, NULL) = -1 EAGAIN (Try again)
19463 1784159796.225572 recvfrom(43, 0x7ffcf05260, 3200, MSG_DONTWAIT, NULL, NULL) = -1 EAGAIN (Try again)
19463 1784159796.237911 recvfrom(43, "nysv\0\0\0\0\0\0\0\0\0\0\0\0\231,\361\f\240\3\0\0\37\236\3\0\0\0\0\0", 3200, MSG_DONTWAIT, NULL, NULL) = 32
19463 1784159796.238388 recvfrom(43, 0x7ffcf06d30, 3200, MSG_DONTWAIT, NULL, NULL) = -1 EAGAIN (Try again)
19463 1784159796.238624 recvfrom(52, 0x7af3c1d420, 2272, MSG_DONTWAIT, NULL, NULL) = -1 EAGAIN (Try again)
19463 1784159796.239111 recvfrom(43, 0x7ffcf05260, 3200, MSG_DONTWAIT, NULL, NULL) = -1 EAGAIN (Try again)
19463 1784159796.254477 recvfrom(43, "nysv\0\0\0\0\0\0\0\0\0\0\0\0\23\206\357\r\240\3\0\0 \236\3\0\0\0\0\0", 3200, MSG_DONTWAIT, NULL, NULL) = 32
19463 1784159796.254874 recvfrom(43, 0x7ffcf06d30, 3200, MSG_DONTWAIT, NULL, NULL) = -1 EAGAIN (Try again)
19463 1784159796.255146 recvfrom(52, 0x7af3c1d420, 2272, MSG_DONTWAIT, NULL, NULL) = -1 EAGAIN (Try again)
19463 1784159796.255669 recvfrom(43, 0x7ffcf05260, 3200, MSG_DONTWAIT, NULL, NULL) = -1 EAGAIN (Try again)
19463 1784159796.271190 recvfrom(43, "nysv\0\0\0\0\0\0\0\0\0\0\0\0\221\334\355\16\240\3\0\0!\236\3\0\0\0\0\0", 3200, MSG_DONTWAIT, NULL, NULL) = 32
19463 1784159796.271474 recvfrom(43, 0x7ffcf06d30, 3200, MSG_DONTWAIT, NULL, NULL) = -1 EAGAIN (Try again)
19463 1784159796.271782 recvfrom(52, 0x7af3c1d420, 2272, MSG_DONTWAIT, NULL, NULL) = -1 EAGAIN (Try again)
19463 1784159796.274440 recvfrom(43, 0x7ffcf05260, 3200, MSG_DONTWAIT, NULL, NULL) = -1 EAGAIN (Try again)
19463 1784159796.288281 recvfrom(43, "nysv\0\0\0\0\0\0\0\0\0\0\0\0\2514\354\17\240\3\0\0\"\236\3\0\0\0\0\0", 3200, MSG_DONTWAIT, NULL, NULL) = 32
19463 1784159796.288583 recvfrom(43, 0x7ffcf06d30, 3200, MSG_DONTWAIT, NULL, NULL) = -1 EAGAIN (Try again)
19463 1784159796.288992 recvfrom(52, 0x7af3c1d420, 2272, MSG_DONTWAIT, NULL, NULL) = -1 EAGAIN (Try again)
19463 1784159796.289588 recvfrom(43, 0x7ffcf05260, 3200, MSG_DONTWAIT, NULL, NULL) = -1 EAGAIN (Try again)
19463 1784159796.304980 recvfrom(43, "nysv\0\0\0\0\0\0\0\0\0\0\0\0\270\215\352\20\240\3\0\0#\236\3\0\0\0\0\0", 3200, MSG_DONTWAIT, NULL, NULL) = 32
19463 1784159796.305303 recvfrom(43, 0x7ffcf06d30, 3200, MSG_DONTWAIT, NULL, NULL) = -1 EAGAIN (Try again)
19463 1784159796.305755 recvfrom(52, 0x7af3c1d420, 2272, MSG_DONTWAIT, NULL, NULL) = -1 EAGAIN (Try again)
19463 1784159796.306499 recvfrom(43, 0x7ffcf05260, 3200, MSG_DONTWAIT, NULL, NULL) = -1 EAGAIN (Try again)
19463 1784159796.321638 recvfrom(43, "nysv\0\0\0\0\0\0\0\0\0\0\0\0d\344\350\21\240\3\0\0$\236\3\0\0\0\0\0", 3200, MSG_DONTWAIT, NULL, NULL) = 32
19463 1784159796.322014 recvfrom(43, 0x7ffcf06d30, 3200, MSG_DONTWAIT, NULL, NULL) = -1 EAGAIN (Try again)
19463 1784159796.322506 recvfrom(52, 0x7af3c1d420, 2272, MSG_DONTWAIT, NULL, NULL) = -1 EAGAIN (Try again)
19463 1784159796.323211 recvfrom(43, 0x7ffcf05260, 3200, MSG_DONTWAIT, NULL, NULL) = -1 EAGAIN (Try again)
19463 1784159796.338148 recvfrom(43, "nysv\0\0\0\0\0\0\0\0\0\0\0\0\3619\347\22\240\3\0\0%\236\3\0\0\0\0\0", 3200, MSG_DONTWAIT, NULL, NULL) = 32
19463 1784159796.338512 recvfrom(43, 0x7ffcf06d30, 3200, MSG_DONTWAIT, NULL, NULL) = -1 EAGAIN (Try again)
19463 1784159796.338775 recvfrom(52, 0x7af3c1d420, 2272, MSG_DONTWAIT, NULL, NULL) = -1 EAGAIN (Try again)
19463 1784159796.341407 recvfrom(43, 0x7ffcf05260, 3200, MSG_DONTWAIT, NULL, NULL) = -1 EAGAIN (Try again)
19463 1784159796.355606 recvfrom(43, "nysv\0\0\0\0\0\0\0\0\0\0\0\0\235\222\345\23\240\3\0\0&\236\3\0\0\0\0\0", 3200, MSG_DONTWAIT, NULL, NULL) = 32
19463 1784159796.355839 recvfrom(43, 0x7ffcf06d30, 3200, MSG_DONTWAIT, NULL, NULL) = -1 EAGAIN (Try again)
19463 1784159796.356072 recvfrom(52, 0x7af3c1d420, 2272, MSG_DONTWAIT, NULL, NULL) = -1 EAGAIN (Try again)
19463 1784159796.356542 recvfrom(43, 0x7ffcf05260, 3200, MSG_DONTWAIT, NULL, NULL) = -1 EAGAIN (Try again)
19463 1784159796.371449 recvfrom(43, "nysv\0\0\0\0\0\0\0\0\0\0\0\0\226\350\343\24\240\3\0\0'\236\3\0\0\0\0\0", 3200, MSG_DONTWAIT, NULL, NULL) = 32
19463 1784159796.371810 recvfrom(43, 0x7ffcf06d30, 3200, MSG_DONTWAIT, NULL, NULL) = -1 EAGAIN (Try again)
19463 1784159796.372131 recvfrom(52, 0x7af3c1d420, 2272, MSG_DONTWAIT, NULL, NULL) = -1 EAGAIN (Try again)
19463 1784159796.374723 recvfrom(43, 0x7ffcf05260, 3200, MSG_DONTWAIT, NULL, NULL) = -1 EAGAIN (Try again)
19463 1784159796.387853 recvfrom(43, "nysv\0\0\0\0\0\0\0\0\0\0\0\0|?\342\25\240\3\0\0(\236\3\0\0\0\0\0", 3200, MSG_DONTWAIT, NULL, NULL) = 32
19463 1784159796.388368 recvfrom(43, 0x7ffcf06d30, 3200, MSG_DONTWAIT, NULL, NULL) = -1 EAGAIN (Try again)
19463 1784159796.388643 recvfrom(52, 0x7af3c1d420, 2272, MSG_DONTWAIT, NULL, NULL) = -1 EAGAIN (Try again)
19463 1784159796.390251 recvfrom(43, 0x7ffcf05260, 3200, MSG_DONTWAIT, NULL, NULL) = -1 EAGAIN (Try again)
19463 1784159796.404352 recvfrom(43, "nysv\0\0\0\0\0\0\0\0\0\0\0\0\245\227\340\26\240\3\0\0)\236\3\0\0\0\0\0", 3200, MSG_DONTWAIT, NULL, NULL) = 32
19463 1784159796.404705 recvfrom(43, 0x7ffcf06d30, 3200, MSG_DONTWAIT, NULL, NULL) = -1 EAGAIN (Try again)
19463 1784159796.404946 recvfrom(52, 0x7af3c1d420, 2272, MSG_DONTWAIT, NULL, NULL) = -1 EAGAIN (Try again)
19463 1784159796.405680 recvfrom(43, 0x7ffcf05260, 3200, MSG_DONTWAIT, NULL, NULL) = -1 EAGAIN (Try again)
19463 1784159796.421414 recvfrom(43, "nysv\0\0\0\0\0\0\0\0\0\0\0\0~\356\336\27\240\3\0\0*\236\3\0\0\0\0\0", 3200, MSG_DONTWAIT, NULL, NULL) = 32
19463 1784159796.421698 recvfrom(43, 0x7ffcf06d30, 3200, MSG_DONTWAIT, NULL, NULL) = -1 EAGAIN (Try again)
19463 1784159796.422011 recvfrom(52, 0x7af3c1d420, 2272, MSG_DONTWAIT, NULL, NULL) = -1 EAGAIN (Try again)
19463 1784159796.422774 recvfrom(43, 0x7ffcf05260, 3200, MSG_DONTWAIT, NULL, NULL) = -1 EAGAIN (Try again)
19463 1784159796.438147 recvfrom(43, "nysv\0\0\0\0\0\0\0\0\0\0\0\0\202D\335\30\240\3\0\0+\236\3\0\0\0\0\0", 3200, MSG_DONTWAIT, NULL, NULL) = 32
19463 1784159796.438421 recvfrom(43, 0x7ffcf06d30, 3200, MSG_DONTWAIT, NULL, NULL) = -1 EAGAIN (Try again)
19463 1784159796.438667 recvfrom(52, 0x7af3c1d420, 2272, MSG_DONTWAIT, NULL, NULL) = -1 EAGAIN (Try again)
19463 1784159796.439299 recvfrom(43, 0x7ffcf05260, 3200, MSG_DONTWAIT, NULL, NULL) = -1 EAGAIN (Try again)
19463 1784159796.458982 recvfrom(43, "nysv\0\0\0\0\0\0\0\0\0\0\0\0 \231\333\31\240\3\0\0,\236\3\0\0\0\0\0", 3200, MSG_DONTWAIT, NULL, NULL) = 32
19463 1784159796.459404 recvfrom(43, 0x7ffcf06d30, 3200, MSG_DONTWAIT, NULL, NULL) = -1 EAGAIN (Try again)
19463 1784159796.459790 recvfrom(52, 0x7af3c1d420, 2272, MSG_DONTWAIT, NULL, NULL) = -1 EAGAIN (Try again)
19463 1784159796.460388 recvfrom(43, 0x7ffcf05260, 3200, MSG_DONTWAIT, NULL, NULL) = -1 EAGAIN (Try again)
19463 1784159796.475443 recvfrom(43, "nysv\0\0\0\0\0\0\0\0\0\0\0\0\330\363\331\32\240\3\0\0-\236\3\0\0\0\0\0", 3200, MSG_DONTWAIT, NULL, NULL) = 32
19463 1784159796.475818 recvfrom(43, 0x7ffcf06d30, 3200, MSG_DONTWAIT, NULL, NULL) = -1 EAGAIN (Try again)
19463 1784159796.476053 recvfrom(52, 0x7af3c1d420, 2272, MSG_DONTWAIT, NULL, NULL) = -1 EAGAIN (Try again)
19463 1784159796.476687 recvfrom(43, 0x7ffcf05260, 3200, MSG_DONTWAIT, NULL, NULL) = -1 EAGAIN (Try again)
19463 1784159796.491295 recvfrom(43, "nysv\0\0\0\0\0\0\0\0\0\0\0\0@K\330\33\240\3\0\0.\236\3\0\0\0\0\0", 3200, MSG_DONTWAIT, NULL, NULL) = 32
19463 1784159796.491559 recvfrom(43, 0x7ffcf06d30, 3200, MSG_DONTWAIT, NULL, NULL) = -1 EAGAIN (Try again)
19463 1784159796.491987 recvfrom(52, 0x7af3c1d420, 2272, MSG_DONTWAIT, NULL, NULL) = -1 EAGAIN (Try again)
19463 1784159796.492660 recvfrom(43, 0x7ffcf05260, 3200, MSG_DONTWAIT, NULL, NULL) = -1 EAGAIN (Try again)
19463 1784159796.505156 recvfrom(43, "nysv\0\0\0\0\0\0\0\0\0\0\0\0q\241\326\34\240\3\0\0/\236\3\0\0\0\0\0", 3200, MSG_DONTWAIT, NULL, NULL) = 32
19463 1784159796.507582 recvfrom(43, 0x7ffcf06d30, 3200, MSG_DONTWAIT, NULL, NULL) = -1 EAGAIN (Try again)
19463 1784159796.507841 recvfrom(52, 0x7af3c1d420, 2272, MSG_DONTWAIT, NULL, NULL) = -1 EAGAIN (Try again)
19463 1784159796.508370 recvfrom(43, 0x7ffcf05260, 3200, MSG_DONTWAIT, NULL, NULL) = -1 EAGAIN (Try again)
19463 1784159796.520925 recvfrom(43, "nysv\0\0\0\0\0\0\0\0\0\0\0\0\f\367\324\35\240\3\0\0000\236\3\0\0\0\0\0", 3200, MSG_DONTWAIT, NULL, NULL) = 32
19463 1784159796.521351 recvfrom(43, 0x7ffcf06d30, 3200, MSG_DONTWAIT, NULL, NULL) = -1 EAGAIN (Try again)
19463 1784159796.521601 recvfrom(52, 0x7af3c1d420, 2272, MSG_DONTWAIT, NULL, NULL) = -1 EAGAIN (Try again)
19463 1784159796.522471 recvfrom(43, 0x7ffcf05260, 3200, MSG_DONTWAIT, NULL, NULL) = -1 EAGAIN (Try again)
19463 1784159796.538314 recvfrom(43, "nysv\0\0\0\0\0\0\0\0\0\0\0\0\226J\323\36\240\3\0\0001\236\3\0\0\0\0\0", 3200, MSG_DONTWAIT, NULL, NULL) = 32
19463 1784159796.538544 recvfrom(43, 0x7ffcf06d30, 3200, MSG_DONTWAIT, NULL, NULL) = -1 EAGAIN (Try again)
19463 1784159796.541112 recvfrom(52, 0x7af3c1d420, 2272, MSG_DONTWAIT, NULL, NULL) = -1 EAGAIN (Try again)
19463 1784159796.542007 recvfrom(43, 0x7ffcf05260, 3200, MSG_DONTWAIT, NULL, NULL) = -1 EAGAIN (Try again)
19463 1784159796.556044 recvfrom(43, "nysv\0\0\0\0\0\0\0\0\0\0\0\0\7\237\321\37\240\3\0\0002\236\3\0\0\0\0\0", 3200, MSG_DONTWAIT, NULL, NULL) = 32
19463 1784159796.556276 recvfrom(43, 0x7ffcf06d30, 3200, MSG_DONTWAIT, NULL, NULL) = -1 EAGAIN (Try again)
19463 1784159796.556511 recvfrom(52, 0x7af3c1d420, 2272, MSG_DONTWAIT, NULL, NULL) = -1 EAGAIN (Try again)
19463 1784159796.556996 recvfrom(43, 0x7ffcf05260, 3200, MSG_DONTWAIT, NULL, NULL) = -1 EAGAIN (Try again)
19463 1784159796.571468 recvfrom(43, "nysv\0\0\0\0\0\0\0\0\0\0\0\0z\372\317 \240\3\0\0003\236\3\0\0\0\0\0", 3200, MSG_DONTWAIT, NULL, NULL) = 32
19463 1784159796.571707 recvfrom(43, 0x7ffcf06d30, 3200, MSG_DONTWAIT, NULL, NULL) = -1 EAGAIN (Try again)
19463 1784159796.571950 recvfrom(52, 0x7af3c1d420, 2272, MSG_DONTWAIT, NULL, NULL) = -1 EAGAIN (Try again)
19463 1784159796.574615 recvfrom(43, 0x7ffcf05260, 3200, MSG_DONTWAIT, NULL, NULL) = -1 EAGAIN (Try again)
19463 1784159796.587660 recvfrom(43, "nysv\0\0\0\0\0\0\0\0\0\0\0\0\244P\316!\240\3\0\0004\236\3\0\0\0\0\0", 3200, MSG_DONTWAIT, NULL, NULL) = 32
19463 1784159796.588018 recvfrom(43, 0x7ffcf06d30, 3200, MSG_DONTWAIT, NULL, NULL) = -1 EAGAIN (Try again)
19463 1784159796.588242 recvfrom(52, 0x7af3c1d420, 2272, MSG_DONTWAIT, NULL, NULL) = -1 EAGAIN (Try again)
19463 1784159796.590955 recvfrom(43, 0x7ffcf05260, 3200, MSG_DONTWAIT, NULL, NULL) = -1 EAGAIN (Try again)
19463 1784159796.604285 recvfrom(43, "nysv\0\0\0\0\0\0\0\0\0\0\0\0\355\244\314\"\240\3\0\0005\236\3\0\0\0\0\0", 3200, MSG_DONTWAIT, NULL, NULL) = 32
19463 1784159796.604721 recvfrom(43, 0x7ffcf06d30, 3200, MSG_DONTWAIT, NULL, NULL) = -1 EAGAIN (Try again)
19463 1784159796.605095 recvfrom(52, 0x7af3c1d420, 2272, MSG_DONTWAIT, NULL, NULL) = -1 EAGAIN (Try again)
19463 1784159796.605619 recvfrom(43, 0x7ffcf05260, 3200, MSG_DONTWAIT, NULL, NULL) = -1 EAGAIN (Try again)
19463 1784159796.621846 recvfrom(43, "nysv\0\0\0\0\0\0\0\0\0\0\0\0\304\373\312#\240\3\0\0006\236\3\0\0\0\0\0", 3200, MSG_DONTWAIT, NULL, NULL) = 32
19463 1784159796.624247 recvfrom(43, 0x7ffcf06d30, 3200, MSG_DONTWAIT, NULL, NULL) = -1 EAGAIN (Try again)
19463 1784159796.624596 recvfrom(52, 0x7af3c1d420, 2272, MSG_DONTWAIT, NULL, NULL) = -1 EAGAIN (Try again)
19463 1784159796.625207 recvfrom(43, 0x7ffcf05260, 3200, MSG_DONTWAIT, NULL, NULL) = -1 EAGAIN (Try again)
19463 1784159796.638272 recvfrom(43, "nysv\0\0\0\0\0\0\0\0\0\0\0\0,P\311$\240\3\0\0007\236\3\0\0\0\0\0", 3200, MSG_DONTWAIT, NULL, NULL) = 32
19463 1784159796.638482 recvfrom(43, 0x7ffcf06d30, 3200, MSG_DONTWAIT, NULL, NULL) = -1 EAGAIN (Try again)
19463 1784159796.641304 recvfrom(52, 0x7af3c1d420, 2272, MSG_DONTWAIT, NULL, NULL) = -1 EAGAIN (Try again)
19463 1784159796.642063 recvfrom(43, 0x7ffcf05260, 3200, MSG_DONTWAIT, NULL, NULL) = -1 EAGAIN (Try again)
19463 1784159796.654488 recvfrom(43, "nysv\0\0\0\0\0\0\0\0\0\0\0\0\224\245\307%\240\3\0\08\236\3\0\0\0\0\0", 3200, MSG_DONTWAIT, NULL, NULL) = 32
19463 1784159796.654835 recvfrom(43, 0x7ffcf06d30, 3200, MSG_DONTWAIT, NULL, NULL) = -1 EAGAIN (Try again)
19463 1784159796.655385 recvfrom(52, 0x7af3c1d420, 2272, MSG_DONTWAIT, NULL, NULL) = -1 EAGAIN (Try again)
19463 1784159796.656066 recvfrom(43, 0x7ffcf05260, 3200, MSG_DONTWAIT, NULL, NULL) = -1 EAGAIN (Try again)
19463 1784159796.674374 recvfrom(43, "nysv\0\0\0\0\0\0\0\0\0\0\0\0\233\370\305&\240\3\0\09\236\3\0\0\0\0\0", 3200, MSG_DONTWAIT, NULL, NULL) = 32
19463 1784159796.674607 recvfrom(43, 0x7ffcf06d30, 3200, MSG_DONTWAIT, NULL, NULL) = -1 EAGAIN (Try again)
19463 1784159796.674952 recvfrom(52, 0x7af3c1d420, 2272, MSG_DONTWAIT, NULL, NULL) = -1 EAGAIN (Try again)
19463 1784159796.675716 recvfrom(43, 0x7ffcf05260, 3200, MSG_DONTWAIT, NULL, NULL) = -1 EAGAIN (Try again)
19463 1784159796.688315 recvfrom(43, "nysv\0\0\0\0\0\0\0\0\0\0\0\0-T\304'\240\3\0\0:\236\3\0\0\0\0\0", 3200, MSG_DONTWAIT, NULL, NULL) = 32
19463 1784159796.688522 recvfrom(43, 0x7ffcf06d30, 3200, MSG_DONTWAIT, NULL, NULL) = -1 EAGAIN (Try again)
19463 1784159796.688963 recvfrom(52, 0x7af3c1d420, 2272, MSG_DONTWAIT, NULL, NULL) = -1 EAGAIN (Try again)
19463 1784159796.691307 recvfrom(43, 0x7ffcf05260, 3200, MSG_DONTWAIT, NULL, NULL) = -1 EAGAIN (Try again)
19463 1784159796.704475 recvfrom(43, "nysv\0\0\0\0\0\0\0\0\0\0\0\0\216\251\302(\240\3\0\0;\236\3\0\0\0\0\0", 3200, MSG_DONTWAIT, NULL, NULL) = 32
19463 1784159796.704874 recvfrom(43, 0x7ffcf06d30, 3200, MSG_DONTWAIT, NULL, NULL) = -1 EAGAIN (Try again)
19463 1784159796.705113 recvfrom(52, 0x7af3c1d420, 2272, MSG_DONTWAIT, NULL, NULL) = -1 EAGAIN (Try again)
19463 1784159796.705789 recvfrom(43, 0x7ffcf05260, 3200, MSG_DONTWAIT, NULL, NULL) = -1 EAGAIN (Try again)
19463 1784159796.721635 recvfrom(43, "nysv\0\0\0\0\0\0\0\0\0\0\0\0I\375\300)\240\3\0\0<\236\3\0\0\0\0\0", 3200, MSG_DONTWAIT, NULL, NULL) = 32
19463 1784159796.722014 recvfrom(43, 0x7ffcf06d30, 3200, MSG_DONTWAIT, NULL, NULL) = -1 EAGAIN (Try again)
19463 1784159796.724709 recvfrom(52, 0x7af3c1d420, 2272, MSG_DONTWAIT, NULL, NULL) = -1 EAGAIN (Try again)
19463 1784159796.725475 recvfrom(43, 0x7ffcf05260, 3200, MSG_DONTWAIT, NULL, NULL) = -1 EAGAIN (Try again)
19463 1784159796.737782 recvfrom(43, "nysv\0\0\0\0\0\0\0\0\0\0\0\0\313O\277*\240\3\0\0=\236\3\0\0\0\0\0", 3200, MSG_DONTWAIT, NULL, NULL) = 32
19463 1784159796.738344 recvfrom(43, 0x7ffcf06d30, 3200, MSG_DONTWAIT, NULL, NULL) = -1 EAGAIN (Try again)
19463 1784159796.741586 recvfrom(52, 0x7af3c1d420, 2272, MSG_DONTWAIT, NULL, NULL) = -1 EAGAIN (Try again)
19463 1784159796.742311 recvfrom(43, 0x7ffcf05260, 3200, MSG_DONTWAIT, NULL, NULL) = -1 EAGAIN (Try again)
19463 1784159796.756369 recvfrom(43, "nysv\0\0\0\0\0\0\0\0\0\0\0\0\237\244\275+\240\3\0\0>\236\3\0\0\0\0\0", 3200, MSG_DONTWAIT, NULL, NULL) = 32
19463 1784159796.756691 recvfrom(43, 0x7ffcf06d30, 3200, MSG_DONTWAIT, NULL, NULL) = -1 EAGAIN (Try again)
19463 1784159796.757002 recvfrom(52, 0x7af3c1d420, 2272, MSG_DONTWAIT, NULL, NULL) = -1 EAGAIN (Try again)
19463 1784159796.757622 recvfrom(43, 0x7ffcf05260, 3200, MSG_DONTWAIT, NULL, NULL) = -1 EAGAIN (Try again)
19463 1784159796.777445 recvfrom(43, "nysv\0\0\0\0\0\0\0\0\0\0\0\0!\365\273,\240\3\0\0?\236\3\0\0\0\0\0", 3200, MSG_DONTWAIT, NULL, NULL) = 32
19463 1784159796.777687 recvfrom(43, 0x7ffcf06d30, 3200, MSG_DONTWAIT, NULL, NULL) = -1 EAGAIN (Try again)
19463 1784159796.778167 recvfrom(52, 0x7af3c1d420, 2272, MSG_DONTWAIT, NULL, NULL) = -1 EAGAIN (Try again)
19463 1784159796.778861 recvfrom(43, 0x7ffcf05260, 3200, MSG_DONTWAIT, NULL, NULL) = -1 EAGAIN (Try again)
19463 1784159796.792049 recvfrom(43, "nysv\0\0\0\0\0\0\0\0\0\0\0\0\331F\272-\240\3\0\0@\236\3\0\0\0\0\0", 3200, MSG_DONTWAIT, NULL, NULL) = 32
19463 1784159796.792293 recvfrom(43, 0x7ffcf06d30, 3200, MSG_DONTWAIT, NULL, NULL) = -1 EAGAIN (Try again)
19463 1784159796.792555 recvfrom(52, 0x7af3c1d420, 2272, MSG_DONTWAIT, NULL, NULL) = -1 EAGAIN (Try again)
19463 1784159796.793101 recvfrom(43, 0x7ffcf05260, 3200, MSG_DONTWAIT, NULL, NULL) = -1 EAGAIN (Try again)
19463 1784159796.812848 recvfrom(43, "nysv\0\0\0\0\0\0\0\0\0\0\0\0\203}\270.\240\3\0\0A\236\3\0\0\0\0\0", 3200, MSG_DONTWAIT, NULL, NULL) = 32
19463 1784159796.813156 recvfrom(43, 0x7ffcf06d30, 3200, MSG_DONTWAIT, NULL, NULL) = -1 EAGAIN (Try again)
19463 1784159796.813435 recvfrom(52, 0x7af3c1d420, 2272, MSG_DONTWAIT, NULL, NULL) = -1 EAGAIN (Try again)
19463 1784159796.814096 recvfrom(43, 0x7ffcf05260, 3200, MSG_DONTWAIT, NULL, NULL) = -1 EAGAIN (Try again)
19463 1784159796.830119 recvfrom(43, "nysv\0\0\0\0\0\0\0\0\0\0\0\0\255\315\266/\240\3\0\0B\236\3\0\0\0\0\0", 3200, MSG_DONTWAIT, NULL, NULL) = 32
19463 1784159796.830414 recvfrom(43, 0x7ffcf06d30, 3200, MSG_DONTWAIT, NULL, NULL) = -1 EAGAIN (Try again)
19463 1784159796.830684 recvfrom(52, 0x7af3c1d420, 2272, MSG_DONTWAIT, NULL, NULL) = -1 EAGAIN (Try again)
19463 1784159796.831237 recvfrom(43, 0x7ffcf05260, 3200, MSG_DONTWAIT, NULL, NULL) = -1 EAGAIN (Try again)
19463 1784159796.847978 recvfrom(43, "nysv\0\0\0\0\0\0\0\0\0\0\0\0\327\35\2650\240\3\0\0C\236\3\0\0\0\0\0", 3200, MSG_DONTWAIT, NULL, NULL) = 32
19463 1784159796.848240 recvfrom(43, 0x7ffcf06d30, 3200, MSG_DONTWAIT, NULL, NULL) = -1 EAGAIN (Try again)
19463 1784159796.848518 recvfrom(52, 0x7af3c1d420, 2272, MSG_DONTWAIT, NULL, NULL) = -1 EAGAIN (Try again)
19463 1784159796.849068 recvfrom(43, 0x7ffcf05260, 3200, MSG_DONTWAIT, NULL, NULL) = -1 EAGAIN (Try again)
19463 1784159796.863594 recvfrom(43, "nysv\0\0\0\0\0\0\0\0\0\0\0\0L-\2631\240\3\0\0D\236\3\0\0\0\0\0", 3200, MSG_DONTWAIT, NULL, NULL) = 32
19463 1784159796.863968 recvfrom(43, 0x7ffcf06d30, 3200, MSG_DONTWAIT, NULL, NULL) = -1 EAGAIN (Try again)
19463 1784159796.864268 recvfrom(52, 0x7af3c1d420, 2272, MSG_DONTWAIT, NULL, NULL) = -1 EAGAIN (Try again)
19463 1784159796.864812 recvfrom(43, 0x7ffcf05260, 3200, MSG_DONTWAIT, NULL, NULL) = -1 EAGAIN (Try again)
19463 1784159796.880159 recvfrom(43, "nysv\0\0\0\0\0\0\0\0\0\0\0\0:\202\2612\240\3\0\0E\236\3\0\0\0\0\0", 3200, MSG_DONTWAIT, NULL, NULL) = 32
19463 1784159796.880399 recvfrom(43, 0x7ffcf06d30, 3200, MSG_DONTWAIT, NULL, NULL) = -1 EAGAIN (Try again)
19463 1784159796.880670 recvfrom(52, 0x7af3c1d420, 2272, MSG_DONTWAIT, NULL, NULL) = -1 EAGAIN (Try again)
19463 1784159796.881221 recvfrom(43, 0x7ffcf05260, 3200, MSG_DONTWAIT, NULL, NULL) = -1 EAGAIN (Try again)
19463 1784159796.896613 recvfrom(43, "nysv\0\0\0\0\0\0\0\0\0\0\0\0\370\267\2573\240\3\0\0F\236\3\0\0\0\0\0", 3200, MSG_DONTWAIT, NULL, NULL) = 32
19463 1784159796.896853 recvfrom(43, 0x7ffcf06d30, 3200, MSG_DONTWAIT, NULL, NULL) = -1 EAGAIN (Try again)
19463 1784159796.897128 recvfrom(52, 0x7af3c1d420, 2272, MSG_DONTWAIT, NULL, NULL) = -1 EAGAIN (Try again)
19463 1784159796.897666 recvfrom(43, 0x7ffcf05260, 3200, MSG_DONTWAIT, NULL, NULL) = -1 EAGAIN (Try again)
19463 1784159796.912756 recvfrom(43, "nysv\0\0\0\0\0\0\0\0\0\0\0\0X\0\2564\240\3\0\0G\236\3\0\0\0\0\0", 3200, MSG_DONTWAIT, NULL, NULL) = 32
19463 1784159796.912986 recvfrom(43, 0x7ffcf06d30, 3200, MSG_DONTWAIT, NULL, NULL) = -1 EAGAIN (Try again)
19463 1784159796.913247 recvfrom(52, 0x7af3c1d420, 2272, MSG_DONTWAIT, NULL, NULL) = -1 EAGAIN (Try again)
19463 1784159796.913787 recvfrom(43, 0x7ffcf05260, 3200, MSG_DONTWAIT, NULL, NULL) = -1 EAGAIN (Try again)
19463 1784159796.927818 recvfrom(43, "nysv\0\0\0\0\0\0\0\0\0\0\0\0004T\2545\240\3\0\0H\236\3\0\0\0\0\0", 3200, MSG_DONTWAIT, NULL, NULL) = 32
19463 1784159796.928247 recvfrom(43, 0x7ffcf06d30, 3200, MSG_DONTWAIT, NULL, NULL) = -1 EAGAIN (Try again)
19463 1784159796.928522 recvfrom(52, 0x7af3c1d420, 2272, MSG_DONTWAIT, NULL, NULL) = -1 EAGAIN (Try again)
19463 1784159796.929099 recvfrom(43, 0x7ffcf05260, 3200, MSG_DONTWAIT, NULL, NULL) = -1 EAGAIN (Try again)
19463 1784159796.945523 recvfrom(43, "nysv\0\0\0\0\0\0\0\0\0\0\0\0G\251\2526\240\3\0\0I\236\3\0\0\0\0\0", 3200, MSG_DONTWAIT, NULL, NULL) = 32
19463 1784159796.946191 recvfrom(43, 0x7ffcf06d30, 3200, MSG_DONTWAIT, NULL, NULL) = -1 EAGAIN (Try again)
19463 1784159796.946502 recvfrom(52, 0x7af3c1d420, 2272, MSG_DONTWAIT, NULL, NULL) = -1 EAGAIN (Try again)
19463 1784159796.947112 recvfrom(43, 0x7ffcf05260, 3200, MSG_DONTWAIT, NULL, NULL) = -1 EAGAIN (Try again)
19463 1784159796.964382 recvfrom(43, "nysv\0\0\0\0\0\0\0\0\0\0\0\0I\370\2507\240\3\0\0J\236\3\0\0\0\0\0", 3200, MSG_DONTWAIT, NULL, NULL) = 32
19463 1784159796.964626 recvfrom(43, 0x7ffcf06d30, 3200, MSG_DONTWAIT, NULL, NULL) = -1 EAGAIN (Try again)
19463 1784159796.964894 recvfrom(52, 0x7af3c1d420, 2272, MSG_DONTWAIT, NULL, NULL) = -1 EAGAIN (Try again)
19463 1784159796.965434 recvfrom(43, 0x7ffcf05260, 3200, MSG_DONTWAIT, NULL, NULL) = -1 EAGAIN (Try again)
19463 1784159796.982903 recvfrom(43, "nysv\0\0\0\0\0\0\0\0\0\0\0\0000J\2478\240\3\0\0K\236\3\0\0\0\0\0", 3200, MSG_DONTWAIT, NULL, NULL) = 32
19463 1784159796.983221 recvfrom(43, 0x7ffcf06d30, 3200, MSG_DONTWAIT, NULL, NULL) = -1 EAGAIN (Try again)
19463 1784159796.983455 recvfrom(52, 0x7af3c1d420, 2272, MSG_DONTWAIT, NULL, NULL) = -1 EAGAIN (Try again)
19463 1784159796.984045 recvfrom(43, 0x7ffcf05260, 3200, MSG_DONTWAIT, NULL, NULL) = -1 EAGAIN (Try again)
19463 1784159797.000834 recvfrom(43, "nysv\0\0\0\0\0\0\0\0\0\0\0\0 \242\2459\240\3\0\0L\236\3\0\0\0\0\0", 3200, MSG_DONTWAIT, NULL, NULL) = 32
19463 1784159797.001060 recvfrom(43, 0x7ffcf06d30, 3200, MSG_DONTWAIT, NULL, NULL) = -1 EAGAIN (Try again)
19463 1784159797.001348 recvfrom(52, 0x7af3c1d420, 2272, MSG_DONTWAIT, NULL, NULL) = -1 EAGAIN (Try again)
19463 1784159797.001933 recvfrom(43, 0x7ffcf05260, 3200, MSG_DONTWAIT, NULL, NULL) = -1 EAGAIN (Try again)
19463 1784159797.026682 recvfrom(43, "nysv\0\0\0\0\0\0\0\0\0\0\0\0\241\370\243:\240\3\0\0M\236\3\0\0\0\0\0", 3200, MSG_DONTWAIT, NULL, NULL) = 32
19463 1784159797.026972 recvfrom(43, 0x7ffcf06d30, 3200, MSG_DONTWAIT, NULL, NULL) = -1 EAGAIN (Try again)
19463 1784159797.027266 recvfrom(52, 0x7af3c1d420, 2272, MSG_DONTWAIT, NULL, NULL) = -1 EAGAIN (Try again)
19463 1784159797.027906 recvfrom(43, 0x7ffcf05260, 3200, MSG_DONTWAIT, NULL, NULL) = -1 EAGAIN (Try again)
19463 1784159797.045074 recvfrom(43, "nysv\0\0\0\0\0\0\0\0\0\0\0\0\370\246\240<\240\3\0\0O\236\3\0\0\0\0\0", 3200, MSG_DONTWAIT, NULL, NULL) = 32
19463 1784159797.045362 recvfrom(43, 0x7ffcf06d30, 3200, MSG_DONTWAIT, NULL, NULL) = -1 EAGAIN (Try again)
19463 1784159797.045636 recvfrom(52, 0x7af3c1d420, 2272, MSG_DONTWAIT, NULL, NULL) = -1 EAGAIN (Try again)
19463 1784159797.046316 recvfrom(43, 0x7ffcf05260, 3200, MSG_DONTWAIT, NULL, NULL) = -1 EAGAIN (Try again)
19463 1784159797.059255 recvfrom(43, "nysv\0\0\0\0\0\0\0\0\0\0\0\0\225\372\236=\240\3\0\0P\236\3\0\0\0\0\0", 3200, MSG_DONTWAIT, NULL, NULL) = 32
19463 1784159797.059560 recvfrom(43, 0x7ffcf06d30, 3200, MSG_DONTWAIT, NULL, NULL) = -1 EAGAIN (Try again)
19463 1784159797.059824 recvfrom(52, 0x7af3c1d420, 2272, MSG_DONTWAIT, NULL, NULL) = -1 EAGAIN (Try again)
19463 1784159797.060343 recvfrom(43, 0x7ffcf05260, 3200, MSG_DONTWAIT, NULL, NULL) = -1 EAGAIN (Try again)
19463 1784159797.079430 recvfrom(43, "nysv\0\0\0\0\0\0\0\0\0\0\0\0\271I\235>\240\3\0\0Q\236\3\0\0\0\0\0", 3200, MSG_DONTWAIT, NULL, NULL) = 32
19463 1784159797.079708 recvfrom(43, 0x7ffcf06d30, 3200, MSG_DONTWAIT, NULL, NULL) = -1 EAGAIN (Try again)
19463 1784159797.079979 recvfrom(52, 0x7af3c1d420, 2272, MSG_DONTWAIT, NULL, NULL) = -1 EAGAIN (Try again)
19463 1784159797.080900 recvfrom(43, 0x7ffcf05260, 3200, MSG_DONTWAIT, NULL, NULL) = -1 EAGAIN (Try again)
19463 1784159797.094753 recvfrom(43, "nysv\0\0\0\0\0\0\0\0\0\0\0\0\350\231\233?\240\3\0\0R\236\3\0\0\0\0\0", 3200, MSG_DONTWAIT, NULL, NULL) = 32
19463 1784159797.095034 recvfrom(43, 0x7ffcf06d30, 3200, MSG_DONTWAIT, NULL, NULL) = -1 EAGAIN (Try again)
19463 1784159797.095328 recvfrom(52, 0x7af3c1d420, 2272, MSG_DONTWAIT, NULL, NULL) = -1 EAGAIN (Try again)
19463 1784159797.095961 recvfrom(43, 0x7ffcf05260, 3200, MSG_DONTWAIT, NULL, NULL) = -1 EAGAIN (Try again)
19463 1784159797.112007 recvfrom(43, "nysv\0\0\0\0\0\0\0\0\0\0\0\0\276\355\231@\240\3\0\0S\236\3\0\0\0\0\0", 3200, MSG_DONTWAIT, NULL, NULL) = 32
19463 1784159797.112264 recvfrom(43, 0x7ffcf06d30, 3200, MSG_DONTWAIT, NULL, NULL) = -1 EAGAIN (Try again)
19463 1784159797.112535 recvfrom(52, 0x7af3c1d420, 2272, MSG_DONTWAIT, NULL, NULL) = -1 EAGAIN (Try again)
19463 1784159797.113081 recvfrom(43, 0x7ffcf05260, 3200, MSG_DONTWAIT, NULL, NULL) = -1 EAGAIN (Try again)
19463 1784159797.130501 recvfrom(43, "nysv\0\0\0\0\0\0\0\0\0\0\0\0\245:\230A\240\3\0\0T\236\3\0\0\0\0\0", 3200, MSG_DONTWAIT, NULL, NULL) = 32
19463 1784159797.130746 recvfrom(43, 0x7ffcf06d30, 3200, MSG_DONTWAIT, NULL, NULL) = -1 EAGAIN (Try again)
19463 1784159797.131080 recvfrom(52, 0x7af3c1d420, 2272, MSG_DONTWAIT, NULL, NULL) = -1 EAGAIN (Try again)
19463 1784159797.131651 recvfrom(43, 0x7ffcf05260, 3200, MSG_DONTWAIT, NULL, NULL) = -1 EAGAIN (Try again)
19463 1784159797.148223 recvfrom(43, "nysv\0\0\0\0\0\0\0\0\0\0\0\0C\223\226B\240\3\0\0U\236\3\0\0\0\0\0", 3200, MSG_DONTWAIT, NULL, NULL) = 32
19463 1784159797.148454 recvfrom(43, 0x7ffcf06d30, 3200, MSG_DONTWAIT, NULL, NULL) = -1 EAGAIN (Try again)
19463 1784159797.148711 recvfrom(52, 0x7af3c1d420, 2272, MSG_DONTWAIT, NULL, NULL) = -1 EAGAIN (Try again)
19463 1784159797.149259 recvfrom(43, 0x7ffcf05260, 3200, MSG_DONTWAIT, NULL, NULL) = -1 EAGAIN (Try again)
19463 1784159797.163021 recvfrom(43, "nysv\0\0\0\0\0\0\0\0\0\0\0\0.\350\224C\240\3\0\0V\236\3\0\0\0\0\0", 3200, MSG_DONTWAIT, NULL, NULL) = 32
19463 1784159797.163406 recvfrom(43, 0x7ffcf06d30, 3200, MSG_DONTWAIT, NULL, NULL) = -1 EAGAIN (Try again)
19463 1784159797.163683 recvfrom(52, 0x7af3c1d420, 2272, MSG_DONTWAIT, NULL, NULL) = -1 EAGAIN (Try again)
19463 1784159797.164243 recvfrom(43, 0x7ffcf05260, 3200, MSG_DONTWAIT, NULL, NULL) = -1 EAGAIN (Try again)
19463 1784159797.178784 recvfrom(43, "nysv\0\0\0\0\0\0\0\0\0\0\0\0R2\223D\240\3\0\0W\236\3\0\0\0\0\0", 3200, MSG_DONTWAIT, NULL, NULL) = 32
19463 1784159797.179011 recvfrom(43, 0x7ffcf06d30, 3200, MSG_DONTWAIT, NULL, NULL) = -1 EAGAIN (Try again)
19463 1784159797.179295 recvfrom(52, 0x7af3c1d420, 2272, MSG_DONTWAIT, NULL, NULL) = -1 EAGAIN (Try again)
19463 1784159797.179878 recvfrom(43, 0x7ffcf05260, 3200, MSG_DONTWAIT, NULL, NULL) = -1 EAGAIN (Try again)
19463 1784159797.197087 recvfrom(43, "nysv\0\0\0\0\0\0\0\0\0\0\0\0\315\211\221E\240\3\0\0X\236\3\0\0\0\0\0", 3200, MSG_DONTWAIT, NULL, NULL) = 32
19463 1784159797.197310 recvfrom(43, 0x7ffcf06d30, 3200, MSG_DONTWAIT, NULL, NULL) = -1 EAGAIN (Try again)
19463 1784159797.197596 recvfrom(52, 0x7af3c1d420, 2272, MSG_DONTWAIT, NULL, NULL) = -1 EAGAIN (Try again)
19463 1784159797.198161 recvfrom(43, 0x7ffcf05260, 3200, MSG_DONTWAIT, NULL, NULL) = -1 EAGAIN (Try again)
19463 1784159797.211934 recvfrom(43, "nysv\0\0\0\0\0\0\0\0\0\0\0\0\4\330\217F\240\3\0\0Y\236\3\0\0\0\0\0", 3200, MSG_DONTWAIT, NULL, NULL) = 32
19463 1784159797.212349 recvfrom(43, 0x7ffcf06d30, 3200, MSG_DONTWAIT, NULL, NULL) = -1 EAGAIN (Try again)
19463 1784159797.212923 recvfrom(52, 0x7af3c1d420, 2272, MSG_DONTWAIT, NULL, NULL) = -1 EAGAIN (Try again)
19463 1784159797.213507 recvfrom(43, 0x7ffcf05260, 3200, MSG_DONTWAIT, NULL, NULL) = -1 EAGAIN (Try again)
19463 1784159797.228036 recvfrom(43, "nysv\0\0\0\0\0\0\0\0\0\0\0\0\376)\216G\240\3\0\0Z\236\3\0\0\0\0\0", 3200, MSG_DONTWAIT, NULL, NULL) = 32
19463 1784159797.228307 recvfrom(43, 0x7ffcf06d30, 3200, MSG_DONTWAIT, NULL, NULL) = -1 EAGAIN (Try again)
19463 1784159797.228579 recvfrom(52, 0x7af3c1d420, 2272, MSG_DONTWAIT, NULL, NULL) = -1 EAGAIN (Try again)
19463 1784159797.229123 recvfrom(43, 0x7ffcf05260, 3200, MSG_DONTWAIT, NULL, NULL) = -1 EAGAIN (Try again)
19463 1784159797.243600 recvfrom(43, "nysv\0\0\0\0\0\0\0\0\0\0\0\0`\200\214H\240\3\0\0[\236\3\0\0\0\0\0", 3200, MSG_DONTWAIT, NULL, NULL) = 32
19463 1784159797.243946 recvfrom(43, 0x7ffcf06d30, 3200, MSG_DONTWAIT, NULL, NULL) = -1 EAGAIN (Try again)
19463 1784159797.244267 recvfrom(52, 0x7af3c1d420, 2272, MSG_DONTWAIT, NULL, NULL) = -1 EAGAIN (Try again)
19463 1784159797.244903 recvfrom(43, 0x7ffcf05260, 3200, MSG_DONTWAIT, NULL, NULL) = -1 EAGAIN (Try again)
19463 1784159797.262970 recvfrom(43, "nysv\0\0\0\0\0\0\0\0\0\0\0\0\246\330\212I\240\3\0\0\\\236\3\0\0\0\0\0", 3200, MSG_DONTWAIT, NULL, NULL) = 32
19463 1784159797.263277 recvfrom(43, 0x7ffcf06d30, 3200, MSG_DONTWAIT, NULL, NULL) = -1 EAGAIN (Try again)
19463 1784159797.263545 recvfrom(52, 0x7af3c1d420, 2272, MSG_DONTWAIT, NULL, NULL) = -1 EAGAIN (Try again)
19463 1784159797.264072 recvfrom(43, 0x7ffcf05260, 3200, MSG_DONTWAIT, NULL, NULL) = -1 EAGAIN (Try again)
19463 1784159797.278178 recvfrom(43, "nysv\0\0\0\0\0\0\0\0\0\0\0\0\237(\211J\240\3\0\0]\236\3\0\0\0\0\0", 3200, MSG_DONTWAIT, NULL, NULL) = 32
19463 1784159797.278617 recvfrom(43, 0x7ffcf06d30, 3200, MSG_DONTWAIT, NULL, NULL) = -1 EAGAIN (Try again)
19463 1784159797.279298 recvfrom(52, 0x7af3c1d420, 2272, MSG_DONTWAIT, NULL, NULL) = -1 EAGAIN (Try again)
19463 1784159797.279863 recvfrom(43, 0x7ffcf05260, 3200, MSG_DONTWAIT, NULL, NULL) = -1 EAGAIN (Try again)
19463 1784159797.294100 recvfrom(43, "nysv\0\0\0\0\0\0\0\0\0\0\0\0\204}\207K\240\3\0\0^\236\3\0\0\0\0\0", 3200, MSG_DONTWAIT, NULL, NULL) = 32
19463 1784159797.294349 recvfrom(43, 0x7ffcf06d30, 3200, MSG_DONTWAIT, NULL, NULL) = -1 EAGAIN (Try again)
19463 1784159797.294690 recvfrom(52, 0x7af3c1d420, 2272, MSG_DONTWAIT, NULL, NULL) = -1 EAGAIN (Try again)
19463 1784159797.295383 recvfrom(43, 0x7ffcf05260, 3200, MSG_DONTWAIT, NULL, NULL) = -1 EAGAIN (Try again)
19463 1784159797.312736 recvfrom(43, "nysv\0\0\0\0\0\0\0\0\0\0\0\0\32\324\205L\240\3\0\0_\236\3\0\0\0\0\0", 3200, MSG_DONTWAIT, NULL, NULL) = 32
19463 1784159797.313085 recvfrom(43, 0x7ffcf06d30, 3200, MSG_DONTWAIT, NULL, NULL) = -1 EAGAIN (Try again)
19463 1784159797.313386 recvfrom(52, 0x7af3c1d420, 2272, MSG_DONTWAIT, NULL, NULL) = -1 EAGAIN (Try again)
19463 1784159797.314059 recvfrom(43, 0x7ffcf05260, 3200, MSG_DONTWAIT, NULL, NULL) = -1 EAGAIN (Try again)
19463 1784159797.331997 recvfrom(43, "nysv\0\0\0\0\0\0\0\0\0\0\0\0\252&\204M\240\3\0\0`\236\3\0\0\0\0\0", 3200, MSG_DONTWAIT, NULL, NULL) = 32
19463 1784159797.332256 recvfrom(43, 0x7ffcf06d30, 3200, MSG_DONTWAIT, NULL, NULL) = -1 EAGAIN (Try again)
19463 1784159797.332555 recvfrom(52, 0x7af3c1d420, 2272, MSG_DONTWAIT, NULL, NULL) = -1 EAGAIN (Try again)
19463 1784159797.333159 recvfrom(43, 0x7ffcf05260, 3200, MSG_DONTWAIT, NULL, NULL) = -1 EAGAIN (Try again)
19463 1784159797.351487 recvfrom(43, "nysv\0\0\0\0\0\0\0\0\0\0\0\0'u\202N\240\3\0\0a\236\3\0\0\0\0\0", 3200, MSG_DONTWAIT, NULL, NULL) = 32
19463 1784159797.351821 recvfrom(43, 0x7ffcf06d30, 3200, MSG_DONTWAIT, NULL, NULL) = -1 EAGAIN (Try again)
19463 1784159797.352115 recvfrom(52, 0x7af3c1d420, 2272, MSG_DONTWAIT, NULL, NULL) = -1 EAGAIN (Try again)
19463 1784159797.352764 recvfrom(43, 0x7ffcf05260, 3200, MSG_DONTWAIT, NULL, NULL) = -1 EAGAIN (Try again)
19463 1784159797.378761 recvfrom(43, "nysv\0\0\0\0\0\0\0\0\0\0\0\0\303\310\200O\240\3\0\0b\236\3\0\0\0\0\0", 3200, MSG_DONTWAIT, NULL, NULL) = 32
19463 1784159797.379018 recvfrom(43, 0x7ffcf06d30, 3200, MSG_DONTWAIT, NULL, NULL) = -1 EAGAIN (Try again)
19463 1784159797.379352 recvfrom(52, 0x7af3c1d420, 2272, MSG_DONTWAIT, NULL, NULL) = -1 EAGAIN (Try again)
19463 1784159797.380027 recvfrom(43, 0x7ffcf05260, 3200, MSG_DONTWAIT, NULL, NULL) = -1 EAGAIN (Try again)
19463 1784159797.393979 recvfrom(43, "nysv\0\0\0\0\0\0\0\0\0\0\0\0\367m}Q\240\3\0\0d\236\3\0\0\0\0\0", 3200, MSG_DONTWAIT, NULL, NULL) = 32
19463 1784159797.394234 recvfrom(43, 0x7ffcf06d30, 3200, MSG_DONTWAIT, NULL, NULL) = -1 EAGAIN (Try again)
19463 1784159797.394537 recvfrom(52, 0x7af3c1d420, 2272, MSG_DONTWAIT, NULL, NULL) = -1 EAGAIN (Try again)
19463 1784159797.395115 recvfrom(43, 0x7ffcf05260, 3200, MSG_DONTWAIT, NULL, NULL) = -1 EAGAIN (Try again)
19463 1784159797.410692 recvfrom(43, "nysv\0\0\0\0\0\0\0\0\0\0\0\0\21\277{R\240\3\0\0e\236\3\0\0\0\0\0", 3200, MSG_DONTWAIT, NULL, NULL) = 32
19463 1784159797.411065 recvfrom(43, 0x7ffcf06d30, 3200, MSG_DONTWAIT, NULL, NULL) = -1 EAGAIN (Try again)
19463 1784159797.411396 recvfrom(52, 0x7af3c1d420, 2272, MSG_DONTWAIT, NULL, NULL) = -1 EAGAIN (Try again)
19463 1784159797.412191 recvfrom(43, 0x7ffcf05260, 3200, MSG_DONTWAIT, NULL, NULL) = -1 EAGAIN (Try again)
19463 1784159797.430316 recvfrom(43, "nysv\0\0\0\0\0\0\0\0\0\0\0\0004\24zS\240\3\0\0f\236\3\0\0\0\0\0", 3200, MSG_DONTWAIT, NULL, NULL) = 32
19463 1784159797.430619 recvfrom(43, 0x7ffcf06d30, 3200, MSG_DONTWAIT, NULL, NULL) = -1 EAGAIN (Try again)
19463 1784159797.430955 recvfrom(52, 0x7af3c1d420, 2272, MSG_DONTWAIT, NULL, NULL) = -1 EAGAIN (Try again)
19463 1784159797.431573 recvfrom(43, 0x7ffcf05260, 3200, MSG_DONTWAIT, NULL, NULL) = -1 EAGAIN (Try again)
19463 1784159797.446121 recvfrom(43, "nysv\0\0\0\0\0\0\0\0\0\0\0\0\v*xT\240\3\0\0g\236\3\0\0\0\0\0", 3200, MSG_DONTWAIT, NULL, NULL) = 32
19463 1784159797.446391 recvfrom(43, 0x7ffcf06d30, 3200, MSG_DONTWAIT, NULL, NULL) = -1 EAGAIN (Try again)
19463 1784159797.446893 recvfrom(52, 0x7af3c1d420, 2272, MSG_DONTWAIT, NULL, NULL) = -1 EAGAIN (Try again)
19463 1784159797.447540 recvfrom(43, 0x7ffcf05260, 3200, MSG_DONTWAIT, NULL, NULL) = -1 EAGAIN (Try again)
19463 1784159797.465530 recvfrom(43, "nysv\0\0\0\0\0\0\0\0\0\0\0\0\342}vU\240\3\0\0h\236\3\0\0\0\0\0", 3200, MSG_DONTWAIT, NULL, NULL) = 32
19463 1784159797.465865 recvfrom(43, 0x7ffcf06d30, 3200, MSG_DONTWAIT, NULL, NULL) = -1 EAGAIN (Try again)
19463 1784159797.466177 recvfrom(52, 0x7af3c1d420, 2272, MSG_DONTWAIT, NULL, NULL) = -1 EAGAIN (Try again)
19463 1784159797.466808 recvfrom(43, 0x7ffcf05260, 3200, MSG_DONTWAIT, NULL, NULL) = -1 EAGAIN (Try again)
19463 1784159797.482519 recvfrom(43, "nysv\0\0\0\0\0\0\0\0\0\0\0\0\351\310tV\240\3\0\0i\236\3\0\0\0\0\0", 3200, MSG_DONTWAIT, NULL, NULL) = 32
19463 1784159797.482784 recvfrom(43, 0x7ffcf06d30, 3200, MSG_DONTWAIT, NULL, NULL) = -1 EAGAIN (Try again)
19463 1784159797.483097 recvfrom(52, 0x7af3c1d420, 2272, MSG_DONTWAIT, NULL, NULL) = -1 EAGAIN (Try again)
19463 1784159797.483722 recvfrom(43, 0x7ffcf05260, 3200, MSG_DONTWAIT, NULL, NULL) = -1 EAGAIN (Try again)
19463 1784159797.498204 recvfrom(43, "nysv\0\0\0\0\0\0\0\0\0\0\0\0\245\25sW\240\3\0\0j\236\3\0\0\0\0\0", 3200, MSG_DONTWAIT, NULL, NULL) = 32
19463 1784159797.498522 recvfrom(43, 0x7ffcf06d30, 3200, MSG_DONTWAIT, NULL, NULL) = -1 EAGAIN (Try again)
19463 1784159797.498995 recvfrom(52, 0x7af3c1d420, 2272, MSG_DONTWAIT, NULL, NULL) = -1 EAGAIN (Try again)
19463 1784159797.499635 recvfrom(43, 0x7ffcf05260, 3200, MSG_DONTWAIT, NULL, NULL) = -1 EAGAIN (Try again)
19463 1784159797.517750 recvfrom(43, "nysv\0\0\0\0\0\0\0\0\0\0\0\0\317eqX\240\3\0\0k\236\3\0\0\0\0\0", 3200, MSG_DONTWAIT, NULL, NULL) = 32
19463 1784159797.518132 recvfrom(43, 0x7ffcf06d30, 3200, MSG_DONTWAIT, NULL, NULL) = -1 EAGAIN (Try again)
19463 1784159797.518448 recvfrom(52, 0x7af3c1d420, 2272, MSG_DONTWAIT, NULL, NULL) = -1 EAGAIN (Try again)
19463 1784159797.519122 recvfrom(43, 0x7ffcf05260, 3200, MSG_DONTWAIT, NULL, NULL) = -1 EAGAIN (Try again)
19463 1784159797.543677 recvfrom(43, "nysv\0\0\0\0\0\0\0\0\0\0\0\0G\273oY\240\3\0\0l\236\3\0\0\0\0\0", 3200, MSG_DONTWAIT, NULL, NULL) = 32
19463 1784159797.543923 recvfrom(43, 0x7ffcf06d30, 3200, MSG_DONTWAIT, NULL, NULL) = -1 EAGAIN (Try again)
19463 1784159797.544208 recvfrom(52, 0x7af3c1d420, 2272, MSG_DONTWAIT, NULL, NULL) = -1 EAGAIN (Try again)
19463 1784159797.544813 recvfrom(43, 0x7ffcf05260, 3200, MSG_DONTWAIT, NULL, NULL) = -1 EAGAIN (Try again)
19463 1784159797.565592 recvfrom(43, "nysv\0\0\0\0\0\0\0\0\0\0\0\0\245el[\240\3\0\0n\236\3\0\0\0\0\0", 3200, MSG_DONTWAIT, NULL, NULL) = 32
19463 1784159797.565937 recvfrom(43, 0x7ffcf06d30, 3200, MSG_DONTWAIT, NULL, NULL) = -1 EAGAIN (Try again)
19463 1784159797.566262 recvfrom(52, 0x7af3c1d420, 2272, MSG_DONTWAIT, NULL, NULL) = -1 EAGAIN (Try again)
19463 1784159797.566868 recvfrom(43, 0x7ffcf05260, 3200, MSG_DONTWAIT, NULL, NULL) = -1 EAGAIN (Try again)
19463 1784159797.585369 recvfrom(43, "nysv\0\0\0\0\0\0\0\0\0\0\0\0\234\265j\\\240\3\0\0o\236\3\0\0\0\0\0", 3200, MSG_DONTWAIT, NULL, NULL) = 32
19463 1784159797.585638 recvfrom(43, 0x7ffcf06d30, 3200, MSG_DONTWAIT, NULL, NULL) = -1 EAGAIN (Try again)
19463 1784159797.585988 recvfrom(52, 0x7af3c1d420, 2272, MSG_DONTWAIT, NULL, NULL) = -1 EAGAIN (Try again)
19463 1784159797.586833 recvfrom(43, 0x7ffcf05260, 3200, MSG_DONTWAIT, NULL, NULL) = -1 EAGAIN (Try again)
19463 1784159797.613251 recvfrom(43, "nysv\0\0\0\0\0\0\0\0\0\0\0\0\201[g^\240\3\0\0q\236\3\0\0\0\0\0", 3200, MSG_DONTWAIT, NULL, NULL) = 32
19463 1784159797.613581 recvfrom(43, 0x7ffcf06d30, 3200, MSG_DONTWAIT, NULL, NULL) = -1 EAGAIN (Try again)
19463 1784159797.614010 recvfrom(52, 0x7af3c1d420, 2272, MSG_DONTWAIT, NULL, NULL) = -1 EAGAIN (Try again)
19463 1784159797.614698 recvfrom(43, 0x7ffcf05260, 3200, MSG_DONTWAIT, NULL, NULL) = -1 EAGAIN (Try again)
19463 1784159797.628711 recvfrom(43, "nysv\0\0\0\0\0\0\0\0\0\0\0\0\34\260e_\240\3\0\0r\236\3\0\0\0\0\0", 3200, MSG_DONTWAIT, NULL, NULL) = 32
19463 1784159797.628963 recvfrom(43, 0x7ffcf06d30, 3200, MSG_DONTWAIT, NULL, NULL) = -1 EAGAIN (Try again)
19463 1784159797.629245 recvfrom(52, 0x7af3c1d420, 2272, MSG_DONTWAIT, NULL, NULL) = -1 EAGAIN (Try again)
19463 1784159797.629912 recvfrom(43, 0x7ffcf05260, 3200, MSG_DONTWAIT, NULL, NULL) = -1 EAGAIN (Try again)
19463 1784159797.645180 recvfrom(43, "nysv\0\0\0\0\0\0\0\0\0\0\0\0\263\6d`\240\3\0\0s\236\3\0\0\0\0\0", 3200, MSG_DONTWAIT, NULL, NULL) = 32
19463 1784159797.645649 recvfrom(43, 0x7ffcf06d30, 3200, MSG_DONTWAIT, NULL, NULL) = -1 EAGAIN (Try again)
19463 1784159797.646013 recvfrom(52, 0x7af3c1d420, 2272, MSG_DONTWAIT, NULL, NULL) = -1 EAGAIN (Try again)
19463 1784159797.646618 recvfrom(43, 0x7ffcf05260, 3200, MSG_DONTWAIT, NULL, NULL) = -1 EAGAIN (Try again)
19463 1784159797.661604 recvfrom(43, "nysv\0\0\0\0\0\0\0\0\0\0\0\0\335Vba\240\3\0\0t\236\3\0\0\0\0\0", 3200, MSG_DONTWAIT, NULL, NULL) = 32
19463 1784159797.661910 recvfrom(43, 0x7ffcf06d30, 3200, MSG_DONTWAIT, NULL, NULL) = -1 EAGAIN (Try again)
19463 1784159797.662404 recvfrom(52, 0x7af3c1d420, 2272, MSG_DONTWAIT, NULL, NULL) = -1 EAGAIN (Try again)
19463 1784159797.663025 recvfrom(43, 0x7ffcf05260, 3200, MSG_DONTWAIT, NULL, NULL) = -1 EAGAIN (Try again)
19463 1784159797.678450 recvfrom(43, "nysv\0\0\0\0\0\0\0\0\0\0\0\0%\247`b\240\3\0\0u\236\3\0\0\0\0\0", 3200, MSG_DONTWAIT, NULL, NULL) = 32
19463 1784159797.678713 recvfrom(43, 0x7ffcf06d30, 3200, MSG_DONTWAIT, NULL, NULL) = -1 EAGAIN (Try again)
19463 1784159797.678997 recvfrom(52, 0x7af3c1d420, 2272, MSG_DONTWAIT, NULL, NULL) = -1 EAGAIN (Try again)
19463 1784159797.680270 recvfrom(43, 0x7ffcf05260, 3200, MSG_DONTWAIT, NULL, NULL) = -1 EAGAIN (Try again)
19463 1784159797.695563 recvfrom(43, "nysv\0\0\0\0\0\0\0\0\0\0\0\0g\301^c\240\3\0\0v\236\3\0\0\0\0\0", 3200, MSG_DONTWAIT, NULL, NULL) = 32
19463 1784159797.696016 recvfrom(43, 0x7ffcf06d30, 3200, MSG_DONTWAIT, NULL, NULL) = -1 EAGAIN (Try again)
19463 1784159797.696387 recvfrom(52, 0x7af3c1d420, 2272, MSG_DONTWAIT, NULL, NULL) = -1 EAGAIN (Try again)
19463 1784159797.697050 recvfrom(43, 0x7ffcf05260, 3200, MSG_DONTWAIT, NULL, NULL) = -1 EAGAIN (Try again)
19463 1784159797.714076 recvfrom(43, "nysv\0\0\0\0\0\0\0\0\0\0\0\0\344\361\\d\240\3\0\0w\236\3\0\0\0\0\0", 3200, MSG_DONTWAIT, NULL, NULL) = 32
19463 1784159797.714434 recvfrom(43, 0x7ffcf06d30, 3200, MSG_DONTWAIT, NULL, NULL) = -1 EAGAIN (Try again)
19463 1784159797.714726 recvfrom(52, 0x7af3c1d420, 2272, MSG_DONTWAIT, NULL, NULL) = -1 EAGAIN (Try again)
19463 1784159797.715339 recvfrom(43, 0x7ffcf05260, 3200, MSG_DONTWAIT, NULL, NULL) = -1 EAGAIN (Try again)
19463 1784159797.729910 recvfrom(43, "nysv\0\0\0\0\0\0\0\0\0\0\0\0SG[e\240\3\0\0x\236\3\0\0\0\0\0", 3200, MSG_DONTWAIT, NULL, NULL) = 32
19463 1784159797.730180 recvfrom(43, 0x7ffcf06d30, 3200, MSG_DONTWAIT, NULL, NULL) = -1 EAGAIN (Try again)
19463 1784159797.730466 recvfrom(52, 0x7af3c1d420, 2272, MSG_DONTWAIT, NULL, NULL) = -1 EAGAIN (Try again)
19463 1784159797.731035 recvfrom(43, 0x7ffcf05260, 3200, MSG_DONTWAIT, NULL, NULL) = -1 EAGAIN (Try again)
19463 1784159797.749486 recvfrom(43, "nysv\0\0\0\0\0\0\0\0\0\0\0\0}\227Yf\240\3\0\0y\236\3\0\0\0\0\0", 3200, MSG_DONTWAIT, NULL, NULL) = 32
19463 1784159797.749752 recvfrom(43, 0x7ffcf06d30, 3200, MSG_DONTWAIT, NULL, NULL) = -1 EAGAIN (Try again)
19463 1784159797.750121 recvfrom(52, 0x7af3c1d420, 2272, MSG_DONTWAIT, NULL, NULL) = -1 EAGAIN (Try again)
19463 1784159797.750749 recvfrom(43, 0x7ffcf05260, 3200, MSG_DONTWAIT, NULL, NULL) = -1 EAGAIN (Try again)
19463 1784159797.769112 recvfrom(43, "nysv\0\0\0\0\0\0\0\0\0\0\0\0\252\356Wg\240\3\0\0z\236\3\0\0\0\0\0", 3200, MSG_DONTWAIT, NULL, NULL) = 32
19463 1784159797.769565 recvfrom(43, 0x7ffcf06d30, 3200, MSG_DONTWAIT, NULL, NULL) = -1 EAGAIN (Try again)
19463 1784159797.769901 recvfrom(52, 0x7af3c1d420, 2272, MSG_DONTWAIT, NULL, NULL) = -1 EAGAIN (Try again)
19463 1784159797.771221 recvfrom(43, 0x7ffcf05260, 3200, MSG_DONTWAIT, NULL, NULL) = -1 EAGAIN (Try again)
19463 1784159797.793458 recvfrom(43, "nysv\0\0\0\0\0\0\0\0\0\0\0\0\235\223Ti\240\3\0\0|\236\3\0\0\0\0\0", 3200, MSG_DONTWAIT, NULL, NULL) = 32
19463 1784159797.793948 recvfrom(43, 0x7ffcf06d30, 3200, MSG_DONTWAIT, NULL, NULL) = -1 EAGAIN (Try again)
19463 1784159797.794383 recvfrom(52, 0x7af3c1d420, 2272, MSG_DONTWAIT, NULL, NULL) = -1 EAGAIN (Try again)
19463 1784159797.795241 recvfrom(43, 0x7ffcf05260, 3200, MSG_DONTWAIT, NULL, NULL) = -1 EAGAIN (Try again)
19463 1784159797.810614 recvfrom(43, "nysv\0\0\0\0\0\0\0\0\0\0\0\0j\346Rj\240\3\0\0}\236\3\0\0\0\0\0", 3200, MSG_DONTWAIT, NULL, NULL) = 32
19463 1784159797.810997 recvfrom(43, 0x7ffcf06d30, 3200, MSG_DONTWAIT, NULL, NULL) = -1 EAGAIN (Try again)
19463 1784159797.811330 recvfrom(52, 0x7af3c1d420, 2272, MSG_DONTWAIT, NULL, NULL) = -1 EAGAIN (Try again)
19463 1784159797.812106 recvfrom(43, 0x7ffcf05260, 3200, MSG_DONTWAIT, NULL, NULL) = -1 EAGAIN (Try again)
19463 1784159797.829547 recvfrom(43, "nysv\0\0\0\0\0\0\0\0\0\0\0\0\267/Qk\240\3\0\0~\236\3\0\0\0\0\0", 3200, MSG_DONTWAIT, NULL, NULL) = 32
19463 1784159797.829835 recvfrom(43, 0x7ffcf06d30, 3200, MSG_DONTWAIT, NULL, NULL) = -1 EAGAIN (Try again)
19463 1784159797.830289 recvfrom(52, 0x7af3c1d420, 2272, MSG_DONTWAIT, NULL, NULL) = -1 EAGAIN (Try again)
19463 1784159797.831068 recvfrom(43, 0x7ffcf05260, 3200, MSG_DONTWAIT, NULL, NULL) = -1 EAGAIN (Try again)
19463 1784159797.848428 recvfrom(43, "nysv\0\0\0\0\0\0\0\0\0\0\0\0r\207Ol\240\3\0\0\177\236\3\0\0\0\0\0", 3200, MSG_DONTWAIT, NULL, NULL) = 32
19463 1784159797.848728 recvfrom(43, 0x7ffcf06d30, 3200, MSG_DONTWAIT, NULL, NULL) = -1 EAGAIN (Try again)
19463 1784159797.849036 recvfrom(52, 0x7af3c1d420, 2272, MSG_DONTWAIT, NULL, NULL) = -1 EAGAIN (Try again)
19463 1784159797.850016 recvfrom(43, 0x7ffcf05260, 3200, MSG_DONTWAIT, NULL, NULL) = -1 EAGAIN (Try again)
19463 1784159797.867020 recvfrom(43, "nysv\0\0\0\0\0\0\0\0\0\0\0\0\234\333Mm\240\3\0\0\200\236\3\0\0\0\0\0", 3200, MSG_DONTWAIT, NULL, NULL) = 32
19463 1784159797.867301 recvfrom(43, 0x7ffcf06d30, 3200, MSG_DONTWAIT, NULL, NULL) = -1 EAGAIN (Try again)
19463 1784159797.867665 recvfrom(52, 0x7af3c1d420, 2272, MSG_DONTWAIT, NULL, NULL) = -1 EAGAIN (Try again)
19463 1784159797.868499 recvfrom(43, 0x7ffcf05260, 3200, MSG_DONTWAIT, NULL, NULL) = -1 EAGAIN (Try again)
19463 1784159797.894188 recvfrom(43, "nysv\0\0\0\0\0\0\0\0\0\0\0\0z/Ln\240\3\0\0\201\236\3\0\0\0\0\0", 3200, MSG_DONTWAIT, NULL, NULL) = 32
19463 1784159797.894550 recvfrom(43, 0x7ffcf06d30, 3200, MSG_DONTWAIT, NULL, NULL) = -1 EAGAIN (Try again)
19463 1784159797.894880 recvfrom(52, 0x7af3c1d420, 2272, MSG_DONTWAIT, NULL, NULL) = -1 EAGAIN (Try again)
19463 1784159797.895561 recvfrom(43, 0x7ffcf05260, 3200, MSG_DONTWAIT, NULL, NULL) = -1 EAGAIN (Try again)
19463 1784159797.914742 recvfrom(43, "nysv\0\0\0\0\0\0\0\0\0\0\0\0\16\270Hp\240\3\0\0\203\236\3\0\0\0\0\0", 3200, MSG_DONTWAIT, NULL, NULL) = 32
19463 1784159797.915050 recvfrom(43, 0x7ffcf06d30, 3200, MSG_DONTWAIT, NULL, NULL) = -1 EAGAIN (Try again)
19463 1784159797.915384 recvfrom(52, 0x7af3c1d420, 2272, MSG_DONTWAIT, NULL, NULL) = -1 EAGAIN (Try again)
19463 1784159797.916058 recvfrom(43, 0x7ffcf05260, 3200, MSG_DONTWAIT, NULL, NULL) = -1 EAGAIN (Try again)
19463 1784159797.936949 recvfrom(43, "nysv\0\0\0\0\0\0\0\0\0\0\0\0\243\366Fq\240\3\0\0\204\236\3\0\0\0\0\0", 3200, MSG_DONTWAIT, NULL, NULL) = 32
19463 1784159797.937308 recvfrom(43, 0x7ffcf06d30, 3200, MSG_DONTWAIT, NULL, NULL) = -1 EAGAIN (Try again)
19463 1784159797.937646 recvfrom(52, 0x7af3c1d420, 2272, MSG_DONTWAIT, NULL, NULL) = -1 EAGAIN (Try again)
19463 1784159797.939113 recvfrom(43, 0x7ffcf05260, 3200, MSG_DONTWAIT, NULL, NULL) = -1 EAGAIN (Try again)
19463 1784159797.962456 recvfrom(43, "nysv\0\0\0\0\0\0\0\0\0\0\0\0\16<Cs\240\3\0\0\206\236\3\0\0\0\0\0", 3200, MSG_DONTWAIT, NULL, NULL) = 32
19463 1784159797.962839 recvfrom(43, 0x7ffcf06d30, 3200, MSG_DONTWAIT, NULL, NULL) = -1 EAGAIN (Try again)
19463 1784159797.963183 recvfrom(52, 0x7af3c1d420, 2272, MSG_DONTWAIT, NULL, NULL) = -1 EAGAIN (Try again)
19463 1784159797.963879 recvfrom(43, 0x7ffcf05260, 3200, MSG_DONTWAIT, NULL, NULL) = -1 EAGAIN (Try again)
19463 1784159797.981423 recvfrom(43, "nysv\0\0\0\0\0\0\0\0\0\0\0\08\214At\240\3\0\0\207\236\3\0\0\0\0\0", 3200, MSG_DONTWAIT, NULL, NULL) = 32
19463 1784159797.981956 recvfrom(43, 0x7ffcf06d30, 3200, MSG_DONTWAIT, NULL, NULL) = -1 EAGAIN (Try again)
19463 1784159797.982327 recvfrom(52, 0x7af3c1d420, 2272, MSG_DONTWAIT, NULL, NULL) = -1 EAGAIN (Try again)
19463 1784159797.983031 recvfrom(43, 0x7ffcf05260, 3200, MSG_DONTWAIT, NULL, NULL) = -1 EAGAIN (Try again)
19463 1784159798.005673 recvfrom(43, "nysv\0\0\0\0\0\0\0\0\0\0\0\0\212\314?u\240\3\0\0\210\236\3\0\0\0\0\0", 3200, MSG_DONTWAIT, NULL, NULL) = 32
19463 1784159798.006453 recvfrom(43, 0x7ffcf06d30, 3200, MSG_DONTWAIT, NULL, NULL) = -1 EAGAIN (Try again)
19463 1784159798.007870 recvfrom(52, 0x7af3c1d420, 2272, MSG_DONTWAIT, NULL, NULL) = -1 EAGAIN (Try again)
19463 1784159798.008640 recvfrom(43, 0x7ffcf05260, 3200, MSG_DONTWAIT, NULL, NULL) = -1 EAGAIN (Try again)
19463 1784159798.029709 recvfrom(43, "nysv\0\0\0\0\0\0\0\0\0\0\0\0\366a<w\240\3\0\0\212\236\3\0\0\0\0\0", 3200, MSG_DONTWAIT, NULL, NULL) = 32
19463 1784159798.030066 recvfrom(43, 0x7ffcf06d30, 3200, MSG_DONTWAIT, NULL, NULL) = -1 EAGAIN (Try again)
19463 1784159798.030407 recvfrom(52, 0x7af3c1d420, 2272, MSG_DONTWAIT, NULL, NULL) = -1 EAGAIN (Try again)
19463 1784159798.031089 recvfrom(43, 0x7ffcf05260, 3200, MSG_DONTWAIT, NULL, NULL) = -1 EAGAIN (Try again)
19463 1784159798.049371 recvfrom(43, "nysv\0\0\0\0\0\0\0\0\0\0\0\0 \262:x\240\3\0\0\213\236\3\0\0\0\0\0", 3200, MSG_DONTWAIT, NULL, NULL) = 32
19463 1784159798.049672 recvfrom(43, 0x7ffcf06d30, 3200, MSG_DONTWAIT, NULL, NULL) = -1 EAGAIN (Try again)
19463 1784159798.050058 recvfrom(52, 0x7af3c1d420, 2272, MSG_DONTWAIT, NULL, NULL) = -1 EAGAIN (Try again)
19463 1784159798.050833 recvfrom(43, 0x7ffcf05260, 3200, MSG_DONTWAIT, NULL, NULL) = -1 EAGAIN (Try again)
19463 1784159798.069500 recvfrom(43, "nysv\0\0\0\0\0\0\0\0\0\0\0\0\246\2478y\240\3\0\0\214\236\3\0\0\0\0\0", 3200, MSG_DONTWAIT, NULL, NULL) = 32
19463 1784159798.071516 recvfrom(43, 0x7ffcf06d30, 3200, MSG_DONTWAIT, NULL, NULL) = -1 EAGAIN (Try again)
19463 1784159798.072330 recvfrom(52, 0x7af3c1d420, 2272, MSG_DONTWAIT, NULL, NULL) = -1 EAGAIN (Try again)
19463 1784159798.073628 recvfrom(43, 0x7ffcf05260, 3200, MSG_DONTWAIT, NULL, NULL) = -1 EAGAIN (Try again)
19463 1784159798.095509 recvfrom(43, "nysv\0\0\0\0\0\0\0\0\0\0\0\0\275;5{\240\3\0\0\216\236\3\0\0\0\0\0", 3200, MSG_DONTWAIT, NULL, NULL) = 32
19463 1784159798.095839 recvfrom(43, 0x7ffcf06d30, 3200, MSG_DONTWAIT, NULL, NULL) = -1 EAGAIN (Try again)
19463 1784159798.096156 recvfrom(52, 0x7af3c1d420, 2272, MSG_DONTWAIT, NULL, NULL) = -1 EAGAIN (Try again)
19463 1784159798.096858 recvfrom(43, 0x7ffcf05260, 3200, MSG_DONTWAIT, NULL, NULL) = -1 EAGAIN (Try again)
19463 1784159798.115478 recvfrom(43, "nysv\0\0\0\0\0\0\0\0\0\0\0\0\347\2133|\240\3\0\0\217\236\3\0\0\0\0\0", 3200, MSG_DONTWAIT, NULL, NULL) = 32
19463 1784159798.115835 recvfrom(43, 0x7ffcf06d30, 3200, MSG_DONTWAIT, NULL, NULL) = -1 EAGAIN (Try again)
19463 1784159798.116197 recvfrom(52, 0x7af3c1d420, 2272, MSG_DONTWAIT, NULL, NULL) = -1 EAGAIN (Try again)
19463 1784159798.116863 recvfrom(43, 0x7ffcf05260, 3200, MSG_DONTWAIT, NULL, NULL) = -1 EAGAIN (Try again)
19463 1784159798.134013 recvfrom(43, "nysv\0\0\0\0\0\0\0\0\0\0\0\0\354\3341}\240\3\0\0\220\236\3\0\0\0\0\0", 3200, MSG_DONTWAIT, NULL, NULL) = 32
19463 1784159798.134286 recvfrom(43, 0x7ffcf06d30, 3200, MSG_DONTWAIT, NULL, NULL) = -1 EAGAIN (Try again)
19463 1784159798.134640 recvfrom(52, 0x7af3c1d420, 2272, MSG_DONTWAIT, NULL, NULL) = -1 EAGAIN (Try again)
19463 1784159798.135567 recvfrom(43, 0x7ffcf05260, 3200, MSG_DONTWAIT, NULL, NULL) = -1 EAGAIN (Try again)
19463 1784159798.161733 recvfrom(43, "nysv\0\0\0\0\0\0\0\0\0\0\0\0O+0~\240\3\0\0\221\236\3\0\0\0\0\0", 3200, MSG_DONTWAIT, NULL, NULL) = 32
19463 1784159798.162137 recvfrom(43, 0x7ffcf06d30, 3200, MSG_DONTWAIT, NULL, NULL) = -1 EAGAIN (Try again)
19463 1784159798.162512 recvfrom(52, 0x7af3c1d420, 2272, MSG_DONTWAIT, NULL, NULL) = -1 EAGAIN (Try again)
19463 1784159798.163229 recvfrom(43, 0x7ffcf05260, 3200, MSG_DONTWAIT, NULL, NULL) = -1 EAGAIN (Try again)
19463 1784159798.181066 recvfrom(43, "nysv\0\0\0\0\0\0\0\0\0\0\0\0\233+,\200\240\3\0\0\223\236\3\0\0\0\0\0", 3200, MSG_DONTWAIT, NULL, NULL) = 32
19463 1784159798.181527 recvfrom(43, 0x7ffcf06d30, 3200, MSG_DONTWAIT, NULL, NULL) = -1 EAGAIN (Try again)
19463 1784159798.181970 recvfrom(52, 0x7af3c1d420, 2272, MSG_DONTWAIT, NULL, NULL) = -1 EAGAIN (Try again)
19463 1784159798.182673 recvfrom(43, 0x7ffcf05260, 3200, MSG_DONTWAIT, NULL, NULL) = -1 EAGAIN (Try again)
19463 1784159798.201658 recvfrom(43, "nysv\0\0\0\0\0\0\0\0\0\0\0\0C{*\201\240\3\0\0\224\236\3\0\0\0\0\0", 3200, MSG_DONTWAIT, NULL, NULL) = 32
19463 1784159798.202281 recvfrom(43, 0x7ffcf06d30, 3200, MSG_DONTWAIT, NULL, NULL) = -1 EAGAIN (Try again)
19463 1784159798.202667 recvfrom(52, 0x7af3c1d420, 2272, MSG_DONTWAIT, NULL, NULL) = -1 EAGAIN (Try again)
19463 1784159798.204199 recvfrom(43, 0x7ffcf05260, 3200, MSG_DONTWAIT, NULL, NULL) = -1 EAGAIN (Try again)
19463 1784159798.228162 recvfrom(43, "nysv\0\0\0\0\0\0\0\0\0\0\0\0\36\31'\203\240\3\0\0\226\236\3\0\0\0\0\0", 3200, MSG_DONTWAIT, NULL, NULL) = 32
19463 1784159798.228534 recvfrom(43, 0x7ffcf06d30, 3200, MSG_DONTWAIT, NULL, NULL) = -1 EAGAIN (Try again)
19463 1784159798.228876 recvfrom(52, 0x7af3c1d420, 2272, MSG_DONTWAIT, NULL, NULL) = -1 EAGAIN (Try again)
19463 1784159798.229547 recvfrom(43, 0x7ffcf05260, 3200, MSG_DONTWAIT, NULL, NULL) = -1 EAGAIN (Try again)
19463 1784159798.247200 recvfrom(43, "nysv\0\0\0\0\0\0\0\0\0\0\0\0Hi%\204\240\3\0\0\227\236\3\0\0\0\0\0", 3200, MSG_DONTWAIT, NULL, NULL) = 32
19463 1784159798.247636 recvfrom(43, 0x7ffcf06d30, 3200, MSG_DONTWAIT, NULL, NULL) = -1 EAGAIN (Try again)
19463 1784159798.247992 recvfrom(52, 0x7af3c1d420, 2272, MSG_DONTWAIT, NULL, NULL) = -1 EAGAIN (Try again)
19463 1784159798.248679 recvfrom(43, 0x7ffcf05260, 3200, MSG_DONTWAIT, NULL, NULL) = -1 EAGAIN (Try again)
19463 1784159798.269172 recvfrom(43, "nysv\0\0\0\0\0\0\0\0\0\0\0\0r\271#\205\240\3\0\0\230\236\3\0\0\0\0\0", 3200, MSG_DONTWAIT, NULL, NULL) = 32
19463 1784159798.269702 recvfrom(43, 0x7ffcf06d30, 3200, MSG_DONTWAIT, NULL, NULL) = -1 EAGAIN (Try again)
19463 1784159798.270445 recvfrom(52, 0x7af3c1d420, 2272, MSG_DONTWAIT, NULL, NULL) = -1 EAGAIN (Try again)
19463 1784159798.271770 recvfrom(43, 0x7ffcf05260, 3200, MSG_DONTWAIT, NULL, NULL) = -1 EAGAIN (Try again)
19463 1784159798.294431 recvfrom(43, "nysv\0\0\0\0\0\0\0\0\0\0\0\0kd \207\240\3\0\0\232\236\3\0\0\0\0\0", 3200, MSG_DONTWAIT, NULL, NULL) = 32
19463 1784159798.294795 recvfrom(43, 0x7ffcf06d30, 3200, MSG_DONTWAIT, NULL, NULL) = -1 EAGAIN (Try again)
19463 1784159798.295140 recvfrom(52, 0x7af3c1d420, 2272, MSG_DONTWAIT, NULL, NULL) = -1 EAGAIN (Try again)
19463 1784159798.295830 recvfrom(43, 0x7ffcf05260, 3200, MSG_DONTWAIT, NULL, NULL) = -1 EAGAIN (Try again)
19463 1784159798.312582 recvfrom(43, "nysv\0\0\0\0\0\0\0\0\0\0\0\0|\244\36\210\240\3\0\0\233\236\3\0\0\0\0\0", 3200, MSG_DONTWAIT, NULL, NULL) = 32
19463 1784159798.312946 recvfrom(43, 0x7ffcf06d30, 3200, MSG_DONTWAIT, NULL, NULL) = -1 EAGAIN (Try again)
19463 1784159798.313380 recvfrom(52, 0x7af3c1d420, 2272, MSG_DONTWAIT, NULL, NULL) = -1 EAGAIN (Try again)
19463 1784159798.314151 recvfrom(43, 0x7ffcf05260, 3200, MSG_DONTWAIT, NULL, NULL) = -1 EAGAIN (Try again)
19463 1784159798.331127 recvfrom(43, "nysv\0\0\0\0\0\0\0\0\0\0\0\0W\356\34\211\240\3\0\0\234\236\3\0\0\0\0\0", 3200, MSG_DONTWAIT, NULL, NULL) = 32
19463 1784159798.331404 recvfrom(43, 0x7ffcf06d30, 3200, MSG_DONTWAIT, NULL, NULL) = -1 EAGAIN (Try again)
19463 1784159798.331740 recvfrom(52, 0x7af3c1d420, 2272, MSG_DONTWAIT, NULL, NULL) = -1 EAGAIN (Try again)
19463 1784159798.332546 recvfrom(43, 0x7ffcf05260, 3200, MSG_DONTWAIT, NULL, NULL) = -1 EAGAIN (Try again)
19463 1784159798.353435 recvfrom(43, "nysv\0\0\0\0\0\0\0\0\0\0\0\0\201>\33\212\240\3\0\0\235\236\3\0\0\0\0\0", 3200, MSG_DONTWAIT, NULL, NULL) = 32
19463 1784159798.354300 recvfrom(43, 0x7ffcf06d30, 3200, MSG_DONTWAIT, NULL, NULL) = -1 EAGAIN (Try again)
19463 1784159798.354973 recvfrom(52, 0x7af3c1d420, 2272, MSG_DONTWAIT, NULL, NULL) = -1 EAGAIN (Try again)
19463 1784159798.355980 recvfrom(43, 0x7ffcf05260, 3200, MSG_DONTWAIT, NULL, NULL) = -1 EAGAIN (Try again)
19463 1784159798.377366 recvfrom(43, "nysv\0\0\0\0\0\0\0\0\0\0\0\0n\355\27\214\240\3\0\0\237\236\3\0\0\0\0\0", 3200, MSG_DONTWAIT, NULL, NULL) = 32
19463 1784159798.377658 recvfrom(43, 0x7ffcf06d30, 3200, MSG_DONTWAIT, NULL, NULL) = -1 EAGAIN (Try again)
19463 1784159798.378095 recvfrom(52, 0x7af3c1d420, 2272, MSG_DONTWAIT, NULL, NULL) = -1 EAGAIN (Try again)
19463 1784159798.378792 recvfrom(43, 0x7ffcf05260, 3200, MSG_DONTWAIT, NULL, NULL) = -1 EAGAIN (Try again)
19463 1784159798.395774 recvfrom(43, "nysv\0\0\0\0\0\0\0\0\0\0\0\0\230=\26\215\240\3\0\0\240\236\3\0\0\0\0\0", 3200, MSG_DONTWAIT, NULL, NULL) = 32
19463 1784159798.396158 recvfrom(43, 0x7ffcf06d30, 3200, MSG_DONTWAIT, NULL, NULL) = -1 EAGAIN (Try again)
19463 1784159798.396651 recvfrom(52, 0x7af3c1d420, 2272, MSG_DONTWAIT, NULL, NULL) = -1 EAGAIN (Try again)
19463 1784159798.397536 recvfrom(43, 0x7ffcf05260, 3200, MSG_DONTWAIT, NULL, NULL) = -1 EAGAIN (Try again)
19463 1784159798.413928 recvfrom(43, "nysv\0\0\0\0\0\0\0\0\0\0\0\0\211\221\24\216\240\3\0\0\241\236\3\0\0\0\0\0", 3200, MSG_DONTWAIT, NULL, NULL) = 32
19463 1784159798.414220 recvfrom(43, 0x7ffcf06d30, 3200, MSG_DONTWAIT, NULL, NULL) = -1 EAGAIN (Try again)
19463 1784159798.414668 recvfrom(52, 0x7af3c1d420, 2272, MSG_DONTWAIT, NULL, NULL) = -1 EAGAIN (Try again)
19463 1784159798.415923 recvfrom(43, 0x7ffcf05260, 3200, MSG_DONTWAIT, NULL, NULL) = -1 EAGAIN (Try again)
19463 1784159798.434811 recvfrom(43, "nysv\0\0\0\0\0\0\0\0\0\0\0\0007\315\22\217\240\3\0\0\242\236\3\0\0\0\0\0", 3200, MSG_DONTWAIT, NULL, NULL) = 32
19463 1784159798.435213 recvfrom(43, 0x7ffcf06d30, 3200, MSG_DONTWAIT, NULL, NULL) = -1 EAGAIN (Try again)
19463 1784159798.435590 recvfrom(52, 0x7af3c1d420, 2272, MSG_DONTWAIT, NULL, NULL) = -1 EAGAIN (Try again)
19463 1784159798.436319 recvfrom(43, 0x7ffcf05260, 3200, MSG_DONTWAIT, NULL, NULL) = -1 EAGAIN (Try again)
19463 1784159798.461111 recvfrom(43, "nysv\0\0\0\0\0\0\0\0\0\0\0\0\33\362\20\220\240\3\0\0\243\236\3\0\0\0\0\0", 3200, MSG_DONTWAIT, NULL, NULL) = 32
19463 1784159798.461492 recvfrom(43, 0x7ffcf06d30, 3200, MSG_DONTWAIT, NULL, NULL) = -1 EAGAIN (Try again)
19463 1784159798.461829 recvfrom(52, 0x7af3c1d420, 2272, MSG_DONTWAIT, NULL, NULL) = -1 EAGAIN (Try again)
19463 1784159798.462561 recvfrom(43, 0x7ffcf05260, 3200, MSG_DONTWAIT, NULL, NULL) = -1 EAGAIN (Try again)
19463 1784159798.479461 recvfrom(43, "nysv\0\0\0\0\0\0\0\0\0\0\0\0\305\223\r\222\240\3\0\0\245\236\3\0\0\0\0\0", 3200, MSG_DONTWAIT, NULL, NULL) = 32
19463 1784159798.479757 recvfrom(43, 0x7ffcf06d30, 3200, MSG_DONTWAIT, NULL, NULL) = -1 EAGAIN (Try again)
19463 1784159798.480103 recvfrom(52, 0x7af3c1d420, 2272, MSG_DONTWAIT, NULL, NULL) = -1 EAGAIN (Try again)
19463 1784159798.480926 recvfrom(43, 0x7ffcf05260, 3200, MSG_DONTWAIT, NULL, NULL) = -1 EAGAIN (Try again)
19463 1784159798.502060 recvfrom(43, "nysv\0\0\0\0\0\0\0\0\0\0\0\0\233\355\v\223\240\3\0\0\246\236\3\0\0\0\0\0", 3200, MSG_DONTWAIT, NULL, NULL) = 32
19463 1784159798.502358 recvfrom(43, 0x7ffcf06d30, 3200, MSG_DONTWAIT, NULL, NULL) = -1 EAGAIN (Try again)
19463 1784159798.502920 recvfrom(52, 0x7af3c1d420, 2272, MSG_DONTWAIT, NULL, NULL) = -1 EAGAIN (Try again)
19463 1784159798.503998 recvfrom(43, 0x7ffcf05260, 3200, MSG_DONTWAIT, NULL, NULL) = -1 EAGAIN (Try again)
19463 1784159798.527691 recvfrom(43, "nysv\0\0\0\0\0\0\0\0\0\0\0\0\243\223\10\225\240\3\0\0\250\236\3\0\0\0\0\0", 3200, MSG_DONTWAIT, NULL, NULL) = 32
19463 1784159798.528057 recvfrom(43, 0x7ffcf06d30, 3200, MSG_DONTWAIT, NULL, NULL) = -1 EAGAIN (Try again)
19463 1784159798.528405 recvfrom(52, 0x7af3c1d420, 2272, MSG_DONTWAIT, NULL, NULL) = -1 EAGAIN (Try again)
19463 1784159798.529141 recvfrom(43, 0x7ffcf05260, 3200, MSG_DONTWAIT, NULL, NULL) = -1 EAGAIN (Try again)
19463 1784159798.549609 recvfrom(43, "nysv\0\0\0\0\0\0\0\0\0\0\0\0\317\224\6\226\240\3\0\0\251\236\3\0\0\0\0\0", 3200, MSG_DONTWAIT, NULL, NULL) = 32
19463 1784159798.550022 recvfrom(43, 0x7ffcf06d30, 3200, MSG_DONTWAIT, NULL, NULL) = -1 EAGAIN (Try again)
19463 1784159798.550353 recvfrom(52, 0x7af3c1d420, 2272, MSG_DONTWAIT, NULL, NULL) = -1 EAGAIN (Try again)
19463 1784159798.551005 recvfrom(43, 0x7ffcf05260, 3200, MSG_DONTWAIT, NULL, NULL) = -1 EAGAIN (Try again)
19463 1784159798.572217 recvfrom(43, "nysv\0\0\0\0\0\0\0\0\0\0\0\0\327\211\4\227\240\3\0\0\252\236\3\0\0\0\0\0", 3200, MSG_DONTWAIT, NULL, NULL) = 32
19463 1784159798.572598 recvfrom(43, 0x7ffcf06d30, 3200, MSG_DONTWAIT, NULL, NULL) = -1 EAGAIN (Try again)
19463 1784159798.572974 recvfrom(52, 0x7af3c1d420, 2272, MSG_DONTWAIT, NULL, NULL) = -1 EAGAIN (Try again)
19463 1784159798.573606 recvfrom(43, 0x7ffcf05260, 3200, MSG_DONTWAIT, NULL, NULL) = -1 EAGAIN (Try again)
19463 1784159798.594604 recvfrom(43, "nysv\0\0\0\0\0\0\0\0\0\0\0\0+*\1\231\240\3\0\0\254\236\3\0\0\0\0\0", 3200, MSG_DONTWAIT, NULL, NULL) = 32
19463 1784159798.594998 recvfrom(43, 0x7ffcf06d30, 3200, MSG_DONTWAIT, NULL, NULL) = -1 EAGAIN (Try again)
19463 1784159798.595354 recvfrom(52, 0x7af3c1d420, 2272, MSG_DONTWAIT, NULL, NULL) = -1 EAGAIN (Try again)
19463 1784159798.596063 recvfrom(43, 0x7ffcf05260, 3200, MSG_DONTWAIT, NULL, NULL) = -1 EAGAIN (Try again)
19463 1784159798.612327 recvfrom(43, "nysv\0\0\0\0\0\0\0\0\0\0\0\0$r\377\231\240\3\0\0\255\236\3\0\0\0\0\0", 3200, MSG_DONTWAIT, NULL, NULL) = 32
19463 1784159798.612686 recvfrom(43, 0x7ffcf06d30, 3200, MSG_DONTWAIT, NULL, NULL) = -1 EAGAIN (Try again)
19463 1784159798.613024 recvfrom(52, 0x7af3c1d420, 2272, MSG_DONTWAIT, NULL, NULL) = -1 EAGAIN (Try again)
19463 1784159798.613860 recvfrom(43, 0x7ffcf05260, 3200, MSG_DONTWAIT, NULL, NULL) = -1 EAGAIN (Try again)
19463 1784159798.632441 recvfrom(43, "nysv\0\0\0\0\0\0\0\0\0\0\0\0\274\314\375\232\240\3\0\0\256\236\3\0\0\0\0\0", 3200, MSG_DONTWAIT, NULL, NULL) = 32
19463 1784159798.632757 recvfrom(43, 0x7ffcf06d30, 3200, MSG_DONTWAIT, NULL, NULL) = -1 EAGAIN (Try again)
19463 1784159798.633155 recvfrom(52, 0x7af3c1d420, 2272, MSG_DONTWAIT, NULL, NULL) = -1 EAGAIN (Try again)
19463 1784159798.633839 recvfrom(43, 0x7ffcf05260, 3200, MSG_DONTWAIT, NULL, NULL) = -1 EAGAIN (Try again)
19463 1784159798.660227 recvfrom(43, "nysv\0\0\0\0\0\0\0\0\0\0\0\0\323&\374\233\240\3\0\0\257\236\3\0\0\0\0\0", 3200, MSG_DONTWAIT, NULL, NULL) = 32
19463 1784159798.660524 recvfrom(43, 0x7ffcf06d30, 3200, MSG_DONTWAIT, NULL, NULL) = -1 EAGAIN (Try again)
19463 1784159798.660871 recvfrom(52, 0x7af3c1d420, 2272, MSG_DONTWAIT, NULL, NULL) = -1 EAGAIN (Try again)
19463 1784159798.661563 recvfrom(43, 0x7ffcf05260, 3200, MSG_DONTWAIT, NULL, NULL) = -1 EAGAIN (Try again)
19463 1784159798.678270 recvfrom(43, "nysv\0\0\0\0\0\0\0\0\0\0\0\0\225\312\370\235\240\3\0\0\261\236\3\0\0\0\0\0", 3200, MSG_DONTWAIT, NULL, NULL) = 32
19463 1784159798.678678 recvfrom(43, 0x7ffcf06d30, 3200, MSG_DONTWAIT, NULL, NULL) = -1 EAGAIN (Try again)
19463 1784159798.679034 recvfrom(52, 0x7af3c1d420, 2272, MSG_DONTWAIT, NULL, NULL) = -1 EAGAIN (Try again)
19463 1784159798.679839 recvfrom(43, 0x7ffcf05260, 3200, MSG_DONTWAIT, NULL, NULL) = -1 EAGAIN (Try again)
19463 1784159798.697856 recvfrom(43, "nysv\0\0\0\0\0\0\0\0\0\0\0\0\324Y\366\236\240\3\0\0\262\236\3\0\0\0\0\0", 3200, MSG_DONTWAIT, NULL, NULL) = 32
19463 1784159798.698159 recvfrom(43, 0x7ffcf06d30, 3200, MSG_DONTWAIT, NULL, NULL) = -1 EAGAIN (Try again)
19463 1784159798.698535 recvfrom(52, 0x7af3c1d420, 2272, MSG_DONTWAIT, NULL, NULL) = -1 EAGAIN (Try again)
19463 1784159798.699324 recvfrom(43, 0x7ffcf05260, 3200, MSG_DONTWAIT, NULL, NULL) = -1 EAGAIN (Try again)
19463 1784159798.722168 recvfrom(43, "nysv\0\0\0\0\0\0\0\0\0\0\0\0^\267\364\237\240\3\0\0\263\236\3\0\0\0\0\0", 3200, MSG_DONTWAIT, NULL, NULL) = 32
19463 1784159798.722456 recvfrom(43, 0x7ffcf06d30, 3200, MSG_DONTWAIT, NULL, NULL) = -1 EAGAIN (Try again)
19463 1784159798.726556 recvfrom(52, 0x7af3c1d420, 2272, MSG_DONTWAIT, NULL, NULL) = -1 EAGAIN (Try again)
19463 1784159798.727637 recvfrom(43, 0x7ffcf05260, 3200, MSG_DONTWAIT, NULL, NULL) = -1 EAGAIN (Try again)
19463 1784159798.744433 recvfrom(43, "nysv\0\0\0\0\0\0\0\0\0\0\0\0xc\361\241\240\3\0\0\265\236\3\0\0\0\0\0", 3200, MSG_DONTWAIT, NULL, NULL) = 32
19463 1784159798.744740 recvfrom(43, 0x7ffcf06d30, 3200, MSG_DONTWAIT, NULL, NULL) = -1 EAGAIN (Try again)
19463 1784159798.745066 recvfrom(52, 0x7af3c1d420, 2272, MSG_DONTWAIT, NULL, NULL) = -1 EAGAIN (Try again)
19463 1784159798.745788 recvfrom(43, 0x7ffcf05260, 3200, MSG_DONTWAIT, NULL, NULL) = -1 EAGAIN (Try again)
19463 1784159798.762079 recvfrom(43, "nysv\0\0\0\0\0\0\0\0\0\0\0\0\242\263\357\242\240\3\0\0\266\236\3\0\0\0\0\0", 3200, MSG_DONTWAIT, NULL, NULL) = 32
19463 1784159798.762369 recvfrom(43, 0x7ffcf06d30, 3200, MSG_DONTWAIT, NULL, NULL) = -1 EAGAIN (Try again)
19463 1784159798.762692 recvfrom(52, 0x7af3c1d420, 2272, MSG_DONTWAIT, NULL, NULL) = -1 EAGAIN (Try again)
19463 1784159798.763589 recvfrom(43, 0x7ffcf05260, 3200, MSG_DONTWAIT, NULL, NULL) = -1 EAGAIN (Try again)
19463 1784159798.780202 recvfrom(43, "nysv\0\0\0\0\0\0\0\0\0\0\0\0^w\355\243\240\3\0\0\267\236\3\0\0\0\0\0", 3200, MSG_DONTWAIT, NULL, NULL) = 32
19463 1784159798.780484 recvfrom(43, 0x7ffcf06d30, 3200, MSG_DONTWAIT, NULL, NULL) = -1 EAGAIN (Try again)
19463 1784159798.780850 recvfrom(52, 0x7af3c1d420, 2272, MSG_DONTWAIT, NULL, NULL) = -1 EAGAIN (Try again)
19463 1784159798.781707 recvfrom(43, 0x7ffcf05260, 3200, MSG_DONTWAIT, NULL, NULL) = -1 EAGAIN (Try again)
19463 1784159798.798208 recvfrom(43, "nysv\0\0\0\0\0\0\0\0\0\0\0\0y\310\353\244\240\3\0\0\270\236\3\0\0\0\0\0", 3200, MSG_DONTWAIT, NULL, NULL) = 32
19463 1784159798.798560 recvfrom(43, 0x7ffcf06d30, 3200, MSG_DONTWAIT, NULL, NULL) = -1 EAGAIN (Try again)
19463 1784159798.798916 recvfrom(52, 0x7af3c1d420, 2272, MSG_DONTWAIT, NULL, NULL) = -1 EAGAIN (Try again)
19463 1784159798.799844 recvfrom(43, 0x7ffcf05260, 3200, MSG_DONTWAIT, NULL, NULL) = -1 EAGAIN (Try again)
19463 1784159798.816243 recvfrom(43, "nysv\0\0\0\0\0\0\0\0\0\0\0\0\356\333\351\245\240\3\0\0\271\236\3\0\0\0\0\0", 3200, MSG_DONTWAIT, NULL, NULL) = 32
19463 1784159798.816535 recvfrom(43, 0x7ffcf06d30, 3200, MSG_DONTWAIT, NULL, NULL) = -1 EAGAIN (Try again)
19463 1784159798.816846 recvfrom(52, 0x7af3c1d420, 2272, MSG_DONTWAIT, NULL, NULL) = -1 EAGAIN (Try again)
19463 1784159798.817654 recvfrom(43, 0x7ffcf05260, 3200, MSG_DONTWAIT, NULL, NULL) = -1 EAGAIN (Try again)
19463 1784159798.844364 recvfrom(43, "nysv\0\0\0\0\0\0\0\0\0\0\0\0Q0\350\246\240\3\0\0\272\236\3\0\0\0\0\0", 3200, MSG_DONTWAIT, NULL, NULL) = 32
19463 1784159798.844694 recvfrom(43, 0x7ffcf06d30, 3200, MSG_DONTWAIT, NULL, NULL) = -1 EAGAIN (Try again)
19463 1784159798.845033 recvfrom(52, 0x7af3c1d420, 2272, MSG_DONTWAIT, NULL, NULL) = -1 EAGAIN (Try again)
19463 1784159798.845741 recvfrom(43, 0x7ffcf05260, 3200, MSG_DONTWAIT, NULL, NULL) = -1 EAGAIN (Try again)
19463 1784159798.862101 recvfrom(43, "nysv\0\0\0\0\0\0\0\0\0\0\0\0\246\331\344\250\240\3\0\0\274\236\3\0\0\0\0\0", 3200, MSG_DONTWAIT, NULL, NULL) = 32
19463 1784159798.862400 recvfrom(43, 0x7ffcf06d30, 3200, MSG_DONTWAIT, NULL, NULL) = -1 EAGAIN (Try again)
19463 1784159798.862741 recvfrom(52, 0x7af3c1d420, 2272, MSG_DONTWAIT, NULL, NULL) = -1 EAGAIN (Try again)
19463 1784159798.863479 recvfrom(43, 0x7ffcf05260, 3200, MSG_DONTWAIT, NULL, NULL) = -1 EAGAIN (Try again)
19463 1784159798.880281 recvfrom(43, "nysv\0\0\0\0\0\0\0\0\0\0\0\0\\9\343\251\240\3\0\0\275\236\3\0\0\0\0\0", 3200, MSG_DONTWAIT, NULL, NULL) = 32
19463 1784159798.880568 recvfrom(43, 0x7ffcf06d30, 3200, MSG_DONTWAIT, NULL, NULL) = -1 EAGAIN (Try again)
19463 1784159798.881004 recvfrom(52, 0x7af3c1d420, 2272, MSG_DONTWAIT, NULL, NULL) = -1 EAGAIN (Try again)
19463 1784159798.881687 recvfrom(43, 0x7ffcf05260, 3200, MSG_DONTWAIT, NULL, NULL) = -1 EAGAIN (Try again)
19463 1784159798.898248 recvfrom(43, "nysv\0\0\0\0\0\0\0\0\0\0\0\0\255w\341\252\240\3\0\0\276\236\3\0\0\0\0\0", 3200, MSG_DONTWAIT, NULL, NULL) = 32
19463 1784159798.898569 recvfrom(43, 0x7ffcf06d30, 3200, MSG_DONTWAIT, NULL, NULL) = -1 EAGAIN (Try again)
19463 1784159798.898932 recvfrom(52, 0x7af3c1d420, 2272, MSG_DONTWAIT, NULL, NULL) = -1 EAGAIN (Try again)
19463 1784159798.899813 recvfrom(43, 0x7ffcf05260, 3200, MSG_DONTWAIT, NULL, NULL) = -1 EAGAIN (Try again)
19463 1784159798.916468 recvfrom(43, "nysv\0\0\0\0\0\0\0\0\0\0\0\0\202\314\337\253\240\3\0\0\277\236\3\0\0\0\0\0", 3200, MSG_DONTWAIT, NULL, NULL) = 32
19463 1784159798.916749 recvfrom(43, 0x7ffcf06d30, 3200, MSG_DONTWAIT, NULL, NULL) = -1 EAGAIN (Try again)
19463 1784159798.917103 recvfrom(52, 0x7af3c1d420, 2272, MSG_DONTWAIT, NULL, NULL) = -1 EAGAIN (Try again)
19463 1784159798.918125 recvfrom(43, 0x7ffcf05260, 3200, MSG_DONTWAIT, NULL, NULL) = -1 EAGAIN (Try again)
19463 1784159798.945069 recvfrom(43, "nysv\0\0\0\0\0\0\0\0\0\0\0\0\356\r\336\254\240\3\0\0\300\236\3\0\0\0\0\0", 3200, MSG_DONTWAIT, NULL, NULL) = 32
19463 1784159798.945395 recvfrom(43, 0x7ffcf06d30, 3200, MSG_DONTWAIT, NULL, NULL) = -1 EAGAIN (Try again)
19463 1784159798.945746 recvfrom(52, 0x7af3c1d420, 2272, MSG_DONTWAIT, NULL, NULL) = -1 EAGAIN (Try again)
19463 1784159798.946583 recvfrom(43, 0x7ffcf05260, 3200, MSG_DONTWAIT, NULL, NULL) = -1 EAGAIN (Try again)
19463 1784159798.962921 recvfrom(43, "nysv\0\0\0\0\0\0\0\0\0\0\0\0\237\240\332\256\240\3\0\0\302\236\3\0\0\0\0\0", 3200, MSG_DONTWAIT, NULL, NULL) = 32
19463 1784159798.963287 recvfrom(43, 0x7ffcf06d30, 3200, MSG_DONTWAIT, NULL, NULL) = -1 EAGAIN (Try again)
19463 1784159798.963674 recvfrom(52, 0x7af3c1d420, 2272, MSG_DONTWAIT, NULL, NULL) = -1 EAGAIN (Try again)
19463 1784159798.964355 recvfrom(43, 0x7ffcf05260, 3200, MSG_DONTWAIT, NULL, NULL) = -1 EAGAIN (Try again)
19463 1784159798.984997 recvfrom(43, "nysv\0\0\0\0\0\0\0\0\0\0\0\0\17\365\330\257\240\3\0\0\303\236\3\0\0\0\0\0", 3200, MSG_DONTWAIT, NULL, NULL) = 32
19463 1784159798.985380 recvfrom(43, 0x7ffcf06d30, 3200, MSG_DONTWAIT, NULL, NULL) = -1 EAGAIN (Try again)
19463 1784159798.985738 recvfrom(52, 0x7af3c1d420, 2272, MSG_DONTWAIT, NULL, NULL) = -1 EAGAIN (Try again)
19463 1784159798.987100 recvfrom(43, 0x7ffcf05260, 3200, MSG_DONTWAIT, NULL, NULL) = -1 EAGAIN (Try again)
19463 1784159799.011728 recvfrom(43, "nysv\0\0\0\0\0\0\0\0\0\0\0\0y\240\325\261\240\3\0\0\305\236\3\0\0\0\0\0", 3200, MSG_DONTWAIT, NULL, NULL) = 32
19463 1784159799.012096 recvfrom(43, 0x7ffcf06d30, 3200, MSG_DONTWAIT, NULL, NULL) = -1 EAGAIN (Try again)
19463 1784159799.012457 recvfrom(52, 0x7af3c1d420, 2272, MSG_DONTWAIT, NULL, NULL) = -1 EAGAIN (Try again)
19463 1784159799.013172 recvfrom(43, 0x7ffcf05260, 3200, MSG_DONTWAIT, NULL, NULL) = -1 EAGAIN (Try again)
19463 1784159799.030487 recvfrom(43, "nysv\0\0\0\0\0\0\0\0\0\0\0\0Z\277\323\262\240\3\0\0\306\236\3\0\0\0\0\0", 3200, MSG_DONTWAIT, NULL, NULL) = 32
19463 1784159799.030928 recvfrom(43, 0x7ffcf06d30, 3200, MSG_DONTWAIT, NULL, NULL) = -1 EAGAIN (Try again)
19463 1784159799.031472 recvfrom(52, 0x7af3c1d420, 2272, MSG_DONTWAIT, NULL, NULL) = -1 EAGAIN (Try again)
19463 1784159799.032264 recvfrom(43, 0x7ffcf05260, 3200, MSG_DONTWAIT, NULL, NULL) = -1 EAGAIN (Try again)
19463 1784159799.050214 recvfrom(43, "nysv\0\0\0\0\0\0\0\0\0\0\0\0\252\366\321\263\240\3\0\0\307\236\3\0\0\0\0\0", 3200, MSG_DONTWAIT, NULL, NULL) = 32
19463 1784159799.050649 recvfrom(43, 0x7ffcf06d30, 3200, MSG_DONTWAIT, NULL, NULL) = -1 EAGAIN (Try again)
19463 1784159799.050980 recvfrom(52, 0x7af3c1d420, 2272, MSG_DONTWAIT, NULL, NULL) = -1 EAGAIN (Try again)
19463 1784159799.051730 recvfrom(43, 0x7ffcf05260, 3200, MSG_DONTWAIT, NULL, NULL) = -1 EAGAIN (Try again)
19463 1784159799.076901 recvfrom(43, "nysv\0\0\0\0\0\0\0\0\0\0\0\0\257[\320\264\240\3\0\0\310\236\3\0\0\0\0\0", 3200, MSG_DONTWAIT, NULL, NULL) = 32
19463 1784159799.077315 recvfrom(43, 0x7ffcf06d30, 3200, MSG_DONTWAIT, NULL, NULL) = -1 EAGAIN (Try again)
19463 1784159799.077668 recvfrom(52, 0x7af3c1d420, 2272, MSG_DONTWAIT, NULL, NULL) = -1 EAGAIN (Try again)
19463 1784159799.078370 recvfrom(43, 0x7ffcf05260, 3200, MSG_DONTWAIT, NULL, NULL) = -1 EAGAIN (Try again)
19463 1784159799.097311 recvfrom(43, "nysv\0\0\0\0\0\0\0\0\0\0\0\0\366\16\315\266\240\3\0\0\312\236\3\0\0\0\0\0", 3200, MSG_DONTWAIT, NULL, NULL) = 32
19463 1784159799.097623 recvfrom(43, 0x7ffcf06d30, 3200, MSG_DONTWAIT, NULL, NULL) = -1 EAGAIN (Try again)
19463 1784159799.097991 recvfrom(52, 0x7af3c1d420, 2272, MSG_DONTWAIT, NULL, NULL) = -1 EAGAIN (Try again)
19463 1784159799.098837 recvfrom(43, 0x7ffcf05260, 3200, MSG_DONTWAIT, NULL, NULL) = -1 EAGAIN (Try again)
19463 1784159799.116014 recvfrom(43, "nysv\0\0\0\0\0\0\0\0\0\0\0\0\277n\313\267\240\3\0\0\313\236\3\0\0\0\0\0", 3200, MSG_DONTWAIT, NULL, NULL) = 32
19463 1784159799.116453 recvfrom(43, 0x7ffcf06d30, 3200, MSG_DONTWAIT, NULL, NULL) = -1 EAGAIN (Try again)
19463 1784159799.116833 recvfrom(52, 0x7af3c1d420, 2272, MSG_DONTWAIT, NULL, NULL) = -1 EAGAIN (Try again)
19463 1784159799.117574 recvfrom(43, 0x7ffcf05260, 3200, MSG_DONTWAIT, NULL, NULL) = -1 EAGAIN (Try again)
19463 1784159799.144322 recvfrom(43, "nysv\0\0\0\0\0\0\0\0\0\0\0\0\356\310\311\270\240\3\0\0\314\236\3\0\0\0\0\0", 3200, MSG_DONTWAIT, NULL, NULL) = 32
19463 1784159799.144645 recvfrom(43, 0x7ffcf06d30, 3200, MSG_DONTWAIT, NULL, NULL) = -1 EAGAIN (Try again)
19463 1784159799.144969 recvfrom(52, 0x7af3c1d420, 2272, MSG_DONTWAIT, NULL, NULL) = -1 EAGAIN (Try again)
19463 1784159799.145655 recvfrom(43, 0x7ffcf05260, 3200, MSG_DONTWAIT, NULL, NULL) = -1 EAGAIN (Try again)
19463 1784159799.161661 recvfrom(43, "nysv\0\0\0\0\0\0\0\0\0\0\0\0\204;\306\272\240\3\0\0\316\236\3\0\0\0\0\0", 3200, MSG_DONTWAIT, NULL, NULL) = 32
19463 1784159799.162094 recvfrom(43, 0x7ffcf06d30, 3200, MSG_DONTWAIT, NULL, NULL) = -1 EAGAIN (Try again)
19463 1784159799.162430 recvfrom(52, 0x7af3c1d420, 2272, MSG_DONTWAIT, NULL, NULL) = -1 EAGAIN (Try again)
19463 1784159799.163122 recvfrom(43, 0x7ffcf05260, 3200, MSG_DONTWAIT, NULL, NULL) = -1 EAGAIN (Try again)
19463 1784159799.183380 recvfrom(43, "nysv\0\0\0\0\0\0\0\0\0\0\0\0\375\222\304\273\240\3\0\0\317\236\3\0\0\0\0\0", 3200, MSG_DONTWAIT, NULL, NULL) = 32
19463 1784159799.183706 recvfrom(43, 0x7ffcf06d30, 3200, MSG_DONTWAIT, NULL, NULL) = -1 EAGAIN (Try again)
19463 1784159799.184052 recvfrom(52, 0x7af3c1d420, 2272, MSG_DONTWAIT, NULL, NULL) = -1 EAGAIN (Try again)
19463 1784159799.184725 recvfrom(43, 0x7ffcf05260, 3200, MSG_DONTWAIT, NULL, NULL) = -1 EAGAIN (Try again)
19463 1784159799.210575 recvfrom(43, "nysv\0\0\0\0\0\0\0\0\0\0\0\0:\357\302\274\240\3\0\0\320\236\3\0\0\0\0\0", 3200, MSG_DONTWAIT, NULL, NULL) = 32
19463 1784159799.210960 recvfrom(43, 0x7ffcf06d30, 3200, MSG_DONTWAIT, NULL, NULL) = -1 EAGAIN (Try again)
19463 1784159799.211290 recvfrom(52, 0x7af3c1d420, 2272, MSG_DONTWAIT, NULL, NULL) = -1 EAGAIN (Try again)
19463 1784159799.212136 recvfrom(43, 0x7ffcf05260, 3200, MSG_DONTWAIT, NULL, NULL) = -1 EAGAIN (Try again)
19463 1784159799.234383 recvfrom(43, "nysv\0\0\0\0\0\0\0\0\0\0\0\0\317\241\277\276\240\3\0\0\322\236\3\0\0\0\0\0", 3200, MSG_DONTWAIT, NULL, NULL) = 32
19463 1784159799.234769 recvfrom(43, 0x7ffcf06d30, 3200, MSG_DONTWAIT, NULL, NULL) = -1 EAGAIN (Try again)
19463 1784159799.235117 recvfrom(52, 0x7af3c1d420, 2272, MSG_DONTWAIT, NULL, NULL) = -1 EAGAIN (Try again)
19463 1784159799.235807 recvfrom(43, 0x7ffcf05260, 3200, MSG_DONTWAIT, NULL, NULL) = -1 EAGAIN (Try again)
19463 1784159799.263427 recvfrom(43, "nysv\0\0\0\0\0\0\0\0\0\0\0\0\375\344\275\277\240\3\0\0\323\236\3\0\0\0\0\0", 3200, MSG_DONTWAIT, NULL, NULL) = 32
19463 1784159799.263821 recvfrom(43, 0x7ffcf06d30, 3200, MSG_DONTWAIT, NULL, NULL) = -1 EAGAIN (Try again)
19463 1784159799.264212 recvfrom(52, 0x7af3c1d420, 2272, MSG_DONTWAIT, NULL, NULL) = -1 EAGAIN (Try again)
19463 1784159799.264919 recvfrom(43, 0x7ffcf05260, 3200, MSG_DONTWAIT, NULL, NULL) = -1 EAGAIN (Try again)
19463 1784159799.285948 recvfrom(43, "nysv\0\0\0\0\0\0\0\0\0\0\0\0\317p\272\301\240\3\0\0\325\236\3\0\0\0\0\0", 3200, MSG_DONTWAIT, NULL, NULL) = 32
19463 1784159799.286250 recvfrom(43, 0x7ffcf06d30, 3200, MSG_DONTWAIT, NULL, NULL) = -1 EAGAIN (Try again)
19463 1784159799.286612 recvfrom(52, 0x7af3c1d420, 2272, MSG_DONTWAIT, NULL, NULL) = -1 EAGAIN (Try again)
19463 1784159799.287397 recvfrom(43, 0x7ffcf05260, 3200, MSG_DONTWAIT, NULL, NULL) = -1 EAGAIN (Try again)
19463 1784159799.313059 recvfrom(43, "nysv\0\0\0\0\0\0\0\0\0\0\0\0\222y\270\302\240\3\0\0\326\236\3\0\0\0\0\0", 3200, MSG_DONTWAIT, NULL, NULL) = 32
19463 1784159799.313454 recvfrom(43, 0x7ffcf06d30, 3200, MSG_DONTWAIT, NULL, NULL) = -1 EAGAIN (Try again)
19463 1784159799.313775 recvfrom(52, 0x7af3c1d420, 2272, MSG_DONTWAIT, NULL, NULL) = -1 EAGAIN (Try again)
19463 1784159799.314467 recvfrom(43, 0x7ffcf05260, 3200, MSG_DONTWAIT, NULL, NULL) = -1 EAGAIN (Try again)
19463 1784159799.334115 recvfrom(43, "nysv\0\0\0\0\0\0\0\0\0\0\0\0\346\31\265\304\240\3\0\0\330\236\3\0\0\0\0\0", 3200, MSG_DONTWAIT, NULL, NULL) = 32
19463 1784159799.334414 recvfrom(43, 0x7ffcf06d30, 3200, MSG_DONTWAIT, NULL, NULL) = -1 EAGAIN (Try again)
19463 1784159799.334745 recvfrom(52, 0x7af3c1d420, 2272, MSG_DONTWAIT, NULL, NULL) = -1 EAGAIN (Try again)
19463 1784159799.335445 recvfrom(43, 0x7ffcf05260, 3200, MSG_DONTWAIT, NULL, NULL) = -1 EAGAIN (Try again)
19463 1784159799.361694 recvfrom(43, "nysv\0\0\0\0\0\0\0\0\0\0\0\0#z\263\305\240\3\0\0\331\236\3\0\0\0\0\0", 3200, MSG_DONTWAIT, NULL, NULL) = 32
19463 1784159799.362124 recvfrom(43, 0x7ffcf06d30, 3200, MSG_DONTWAIT, NULL, NULL) = -1 EAGAIN (Try again)
19463 1784159799.362488 recvfrom(52, 0x7af3c1d420, 2272, MSG_DONTWAIT, NULL, NULL) = -1 EAGAIN (Try again)
19463 1784159799.363345 recvfrom(43, 0x7ffcf05260, 3200, MSG_DONTWAIT, NULL, NULL) = -1 EAGAIN (Try again)
19463 1784159799.384805 recvfrom(43, "nysv\0\0\0\0\0\0\0\0\0\0\0\0<$\260\307\240\3\0\0\333\236\3\0\0\0\0\0", 3200, MSG_DONTWAIT, NULL, NULL) = 32
19463 1784159799.385193 recvfrom(43, 0x7ffcf06d30, 3200, MSG_DONTWAIT, NULL, NULL) = -1 EAGAIN (Try again)
19463 1784159799.385556 recvfrom(52, 0x7af3c1d420, 2272, MSG_DONTWAIT, NULL, NULL) = -1 EAGAIN (Try again)
19463 1784159799.387177 recvfrom(43, 0x7ffcf05260, 3200, MSG_DONTWAIT, NULL, NULL) = -1 EAGAIN (Try again)
19463 1784159799.410620 recvfrom(43, "nysv\0\0\0\0\0\0\0\0\0\0\0\0y\305\254\311\240\3\0\0\335\236\3\0\0\0\0\0", 3200, MSG_DONTWAIT, NULL, NULL) = 32
19463 1784159799.410922 recvfrom(43, 0x7ffcf06d30, 3200, MSG_DONTWAIT, NULL, NULL) = -1 EAGAIN (Try again)
19463 1784159799.411261 recvfrom(52, 0x7af3c1d420, 2272, MSG_DONTWAIT, NULL, NULL) = -1 EAGAIN (Try again)
19463 1784159799.411947 recvfrom(43, 0x7ffcf05260, 3200, MSG_DONTWAIT, NULL, NULL) = -1 EAGAIN (Try again)
19463 1784159799.429876 recvfrom(43, "nysv\0\0\0\0\0\0\0\0\0\0\0\0\374\26\253\312\240\3\0\0\336\236\3\0\0\0\0\0", 3200, MSG_DONTWAIT, NULL, NULL) = 32
19463 1784159799.430224 recvfrom(43, 0x7ffcf06d30, 3200, MSG_DONTWAIT, NULL, NULL) = -1 EAGAIN (Try again)
19463 1784159799.430556 recvfrom(52, 0x7af3c1d420, 2272, MSG_DONTWAIT, NULL, NULL) = -1 EAGAIN (Try again)
19463 1784159799.431495 recvfrom(43, 0x7ffcf05260, 3200, MSG_DONTWAIT, NULL, NULL) = -1 EAGAIN (Try again)
19463 1784159799.452320 recvfrom(43, "nysv\0\0\0\0\0\0\0\0\0\0\0\0\357x\251\313\240\3\0\0\337\236\3\0\0\0\0\0", 3200, MSG_DONTWAIT, NULL, NULL) = 32
19463 1784159799.452792 recvfrom(43, 0x7ffcf06d30, 3200, MSG_DONTWAIT, NULL, NULL) = -1 EAGAIN (Try again)
19463 1784159799.453580 recvfrom(52, 0x7af3c1d420, 2272, MSG_DONTWAIT, NULL, NULL) = -1 EAGAIN (Try again)
19463 1784159799.454933 recvfrom(43, 0x7ffcf05260, 3200, MSG_DONTWAIT, NULL, NULL) = -1 EAGAIN (Try again)
19463 1784159799.477836 recvfrom(43, "nysv\0\0\0\0\0\0\0\0\0\0\0\0C\31\246\315\240\3\0\0\341\236\3\0\0\0\0\0", 3200, MSG_DONTWAIT, NULL, NULL) = 32
19463 1784159799.478307 recvfrom(43, 0x7ffcf06d30, 3200, MSG_DONTWAIT, NULL, NULL) = -1 EAGAIN (Try again)
19463 1784159799.478655 recvfrom(52, 0x7af3c1d420, 2272, MSG_DONTWAIT, NULL, NULL) = -1 EAGAIN (Try again)
19463 1784159799.479368 recvfrom(43, 0x7ffcf05260, 3200, MSG_DONTWAIT, NULL, NULL) = -1 EAGAIN (Try again)
19463 1784159799.500237 recvfrom(43, "nysv\0\0\0\0\0\0\0\0\0\0\0\0\357\206\244\316\240\3\0\0\342\236\3\0\0\0\0\0", 3200, MSG_DONTWAIT, NULL, NULL) = 32
19463 1784159799.500624 recvfrom(43, 0x7ffcf06d30, 3200, MSG_DONTWAIT, NULL, NULL) = -1 EAGAIN (Try again)
19463 1784159799.500947 recvfrom(52, 0x7af3c1d420, 2272, MSG_DONTWAIT, NULL, NULL) = -1 EAGAIN (Try again)
19463 1784159799.501627 recvfrom(43, 0x7ffcf05260, 3200, MSG_DONTWAIT, NULL, NULL) = -1 EAGAIN (Try again)
19463 1784159799.528180 recvfrom(43, "nysv\0\0\0\0\0\0\0\0\0\0\0\0\336\353\242\317\240\3\0\0\343\236\3\0\0\0\0\0", 3200, MSG_DONTWAIT, NULL, NULL) = 32
19463 1784159799.528583 recvfrom(43, 0x7ffcf06d30, 3200, MSG_DONTWAIT, NULL, NULL) = -1 EAGAIN (Try again)
19463 1784159799.528923 recvfrom(52, 0x7af3c1d420, 2272, MSG_DONTWAIT, NULL, NULL) = -1 EAGAIN (Try again)
19463 1784159799.529592 recvfrom(43, 0x7ffcf05260, 3200, MSG_DONTWAIT, NULL, NULL) = -1 EAGAIN (Try again)
19463 1784159799.547791 recvfrom(43, "nysv\0\0\0\0\0\0\0\0\0\0\0\0\204\211\237\321\240\3\0\0\345\236\3\0\0\0\0\0", 3200, MSG_DONTWAIT, NULL, NULL) = 32
19463 1784159799.548109 recvfrom(43, 0x7ffcf06d30, 3200, MSG_DONTWAIT, NULL, NULL) = -1 EAGAIN (Try again)
19463 1784159799.548443 recvfrom(52, 0x7af3c1d420, 2272, MSG_DONTWAIT, NULL, NULL) = -1 EAGAIN (Try again)
19463 1784159799.549138 recvfrom(43, 0x7ffcf05260, 3200, MSG_DONTWAIT, NULL, NULL) = -1 EAGAIN (Try again)
19463 1784159799.567348 recvfrom(43, "nysv\0\0\0\0\0\0\0\0\0\0\0\0I\272\235\322\240\3\0\0\346\236\3\0\0\0\0\0", 3200, MSG_DONTWAIT, NULL, NULL) = 32
19463 1784159799.567726 recvfrom(43, 0x7ffcf06d30, 3200, MSG_DONTWAIT, NULL, NULL) = -1 EAGAIN (Try again)
19463 1784159799.568106 recvfrom(52, 0x7af3c1d420, 2272, MSG_DONTWAIT, NULL, NULL) = -1 EAGAIN (Try again)
19463 1784159799.568817 recvfrom(43, 0x7ffcf05260, 3200, MSG_DONTWAIT, NULL, NULL) = -1 EAGAIN (Try again)
19463 1784159799.594851 recvfrom(43, "nysv\0\0\0\0\0\0\0\0\0\0\0\0\10\26\234\323\240\3\0\0\347\236\3\0\0\0\0\0", 3200, MSG_DONTWAIT, NULL, NULL) = 32
19463 1784159799.595154 recvfrom(43, 0x7ffcf06d30, 3200, MSG_DONTWAIT, NULL, NULL) = -1 EAGAIN (Try again)
19463 1784159799.595483 recvfrom(52, 0x7af3c1d420, 2272, MSG_DONTWAIT, NULL, NULL) = -1 EAGAIN (Try again)
19463 1784159799.596162 recvfrom(43, 0x7ffcf05260, 3200, MSG_DONTWAIT, NULL, NULL) = -1 EAGAIN (Try again)
19463 1784159799.612965 recvfrom(43, "nysv\0\0\0\0\0\0\0\0\0\0\0\0\240\234\230\325\240\3\0\0\351\236\3\0\0\0\0\0", 3200, MSG_DONTWAIT, NULL, NULL) = 32
19463 1784159799.613389 recvfrom(43, 0x7ffcf06d30, 3200, MSG_DONTWAIT, NULL, NULL) = -1 EAGAIN (Try again)
19463 1784159799.613938 recvfrom(52, 0x7af3c1d420, 2272, MSG_DONTWAIT, NULL, NULL) = -1 EAGAIN (Try again)
19463 1784159799.614624 recvfrom(43, 0x7ffcf05260, 3200, MSG_DONTWAIT, NULL, NULL) = -1 EAGAIN (Try again)
19463 1784159799.632523 recvfrom(43, "nysv\0\0\0\0\0\0\0\0\0\0\0\0$\365\226\326\240\3\0\0\352\236\3\0\0\0\0\0", 3200, MSG_DONTWAIT, NULL, NULL) = 32
19463 1784159799.632923 recvfrom(43, 0x7ffcf06d30, 3200, MSG_DONTWAIT, NULL, NULL) = -1 EAGAIN (Try again)
19463 1784159799.633254 recvfrom(52, 0x7af3c1d420, 2272, MSG_DONTWAIT, NULL, NULL) = -1 EAGAIN (Try again)
19463 1784159799.634017 recvfrom(43, 0x7ffcf05260, 3200, MSG_DONTWAIT, NULL, NULL) = -1 EAGAIN (Try again)
19463 1784159799.655484 recvfrom(43, "nysv\0\0\0\0\0\0\0\0\0\0\0\0\260Q\225\327\240\3\0\0\353\236\3\0\0\0\0\0", 3200, MSG_DONTWAIT, NULL, NULL) = 32
19463 1784159799.656335 recvfrom(43, 0x7ffcf06d30, 3200, MSG_DONTWAIT, NULL, NULL) = -1 EAGAIN (Try again)
19463 1784159799.656666 recvfrom(52, 0x7af3c1d420, 2272, MSG_DONTWAIT, NULL, NULL) = -1 EAGAIN (Try again)
19463 1784159799.661689 recvfrom(43, 0x7ffcf05260, 3200, MSG_DONTWAIT, NULL, NULL) = -1 EAGAIN (Try again)
19463 1784159799.679131 recvfrom(43, "nysv\0\0\0\0\0\0\0\0\0\0\0\0\317\340\221\331\240\3\0\0\355\236\3\0\0\0\0\0", 3200, MSG_DONTWAIT, NULL, NULL) = 32
19463 1784159799.679439 recvfrom(43, 0x7ffcf06d30, 3200, MSG_DONTWAIT, NULL, NULL) = -1 EAGAIN (Try again)
19463 1784159799.679770 recvfrom(52, 0x7af3c1d420, 2272, MSG_DONTWAIT, NULL, NULL) = -1 EAGAIN (Try again)
19463 1784159799.680437 recvfrom(43, 0x7ffcf05260, 3200, MSG_DONTWAIT, NULL, NULL) = -1 EAGAIN (Try again)
19463 1784159799.701367 recvfrom(43, "nysv\0\0\0\0\0\0\0\0\0\0\0\0F\16\220\332\240\3\0\0\356\236\3\0\0\0\0\0", 3200, MSG_DONTWAIT, NULL, NULL) = 32
19463 1784159799.701666 recvfrom(43, 0x7ffcf06d30, 3200, MSG_DONTWAIT, NULL, NULL) = -1 EAGAIN (Try again)
19463 1784159799.702062 recvfrom(52, 0x7af3c1d420, 2272, MSG_DONTWAIT, NULL, NULL) = -1 EAGAIN (Try again)
19463 1784159799.702803 recvfrom(43, 0x7ffcf05260, 3200, MSG_DONTWAIT, NULL, NULL) = -1 EAGAIN (Try again)
19463 1784159799.727917 recvfrom(43, "nysv\0\0\0\0\0\0\0\0\0\0\0\0|i\216\333\240\3\0\0\357\236\3\0\0\0\0\0", 3200, MSG_DONTWAIT, NULL, NULL) = 32
19463 1784159799.728295 recvfrom(43, 0x7ffcf06d30, 3200, MSG_DONTWAIT, NULL, NULL) = -1 EAGAIN (Try again)
19463 1784159799.729292 recvfrom(52, 0x7af3c1d420, 2272, MSG_DONTWAIT, NULL, NULL) = -1 EAGAIN (Try again)
19463 1784159799.730060 recvfrom(43, 0x7ffcf05260, 3200, MSG_DONTWAIT, NULL, NULL) = -1 EAGAIN (Try again)
19463 1784159799.747240 recvfrom(43, "nysv\0\0\0\0\0\0\0\0\0\0\0\0\35\332\212\335\240\3\0\0\361\236\3\0\0\0\0\0", 3200, MSG_DONTWAIT, NULL, NULL) = 32
19463 1784159799.747869 recvfrom(43, 0x7ffcf06d30, 3200, MSG_DONTWAIT, NULL, NULL) = -1 EAGAIN (Try again)
19463 1784159799.748319 recvfrom(52, 0x7af3c1d420, 2272, MSG_DONTWAIT, NULL, NULL) = -1 EAGAIN (Try again)
19463 1784159799.749028 recvfrom(43, 0x7ffcf05260, 3200, MSG_DONTWAIT, NULL, NULL) = -1 EAGAIN (Try again)
19463 1784159799.765467 recvfrom(43, "nysv\0\0\0\0\0\0\0\0\0\0\0\0\224;\211\336\240\3\0\0\362\236\3\0\0\0\0\0", 3200, MSG_DONTWAIT, NULL, NULL) = 32
19463 1784159799.765791 recvfrom(43, 0x7ffcf06d30, 3200, MSG_DONTWAIT, NULL, NULL) = -1 EAGAIN (Try again)
19463 1784159799.766191 recvfrom(52, 0x7af3c1d420, 2272, MSG_DONTWAIT, NULL, NULL) = -1 EAGAIN (Try again)
19463 1784159799.767043 recvfrom(43, 0x7ffcf05260, 3200, MSG_DONTWAIT, NULL, NULL) = -1 EAGAIN (Try again)
19463 1784159799.783891 recvfrom(43, "nysv\0\0\0\0\0\0\0\0\0\0\0\0p\215\207\337\240\3\0\0\363\236\3\0\0\0\0\0", 3200, MSG_DONTWAIT, NULL, NULL) = 32
19463 1784159799.784208 recvfrom(43, 0x7ffcf06d30, 3200, MSG_DONTWAIT, NULL, NULL) = -1 EAGAIN (Try again)
19463 1784159799.784531 recvfrom(52, 0x7af3c1d420, 2272, MSG_DONTWAIT, NULL, NULL) = -1 EAGAIN (Try again)
19463 1784159799.785293 recvfrom(43, 0x7ffcf05260, 3200, MSG_DONTWAIT, NULL, NULL) = -1 EAGAIN (Try again)
19463 1784159799.811317 recvfrom(43, "nysv\0\0\0\0\0\0\0\0\0\0\0\0\352\354\205\340\240\3\0\0\364\236\3\0\0\0\0\0", 3200, MSG_DONTWAIT, NULL, NULL) = 32
19463 1784159799.811640 recvfrom(43, 0x7ffcf06d30, 3200, MSG_DONTWAIT, NULL, NULL) = -1 EAGAIN (Try again)
19463 1784159799.811974 recvfrom(52, 0x7af3c1d420, 2272, MSG_DONTWAIT, NULL, NULL) = -1 EAGAIN (Try again)
19463 1784159799.812659 recvfrom(43, 0x7ffcf05260, 3200, MSG_DONTWAIT, NULL, NULL) = -1 EAGAIN (Try again)
19463 1784159799.834124 recvfrom(43, "nysv\0\0\0\0\0\0\0\0\0\0\0\0\2371\202\342\240\3\0\0\366\236\3\0\0\0\0\0", 3200, MSG_DONTWAIT, NULL, NULL) = 32
19463 1784159799.834407 recvfrom(43, 0x7ffcf06d30, 3200, MSG_DONTWAIT, NULL, NULL) = -1 EAGAIN (Try again)
19463 1784159799.834762 recvfrom(52, 0x7af3c1d420, 2272, MSG_DONTWAIT, NULL, NULL) = -1 EAGAIN (Try again)
19463 1784159799.835503 recvfrom(43, 0x7ffcf05260, 3200, MSG_DONTWAIT, NULL, NULL) = -1 EAGAIN (Try again)
19463 1784159799.860550 recvfrom(43, "nysv\0\0\0\0\0\0\0\0\0\0\0\0\205\204\200\343\240\3\0\0\367\236\3\0\0\0\0\0", 3200, MSG_DONTWAIT, NULL, NULL) = 32
19463 1784159799.860862 recvfrom(43, 0x7ffcf06d30, 3200, MSG_DONTWAIT, NULL, NULL) = -1 EAGAIN (Try again)
19463 1784159799.861193 recvfrom(52, 0x7af3c1d420, 2272, MSG_DONTWAIT, NULL, NULL) = -1 EAGAIN (Try again)
19463 1784159799.862034 recvfrom(43, 0x7ffcf05260, 3200, MSG_DONTWAIT, NULL, NULL) = -1 EAGAIN (Try again)
19463 1784159799.879755 recvfrom(43, "nysv\0\0\0\0\0\0\0\0\0\0\0\0\336=}\345\240\3\0\0\371\236\3\0\0\0\0\0", 3200, MSG_DONTWAIT, NULL, NULL) = 32
19463 1784159799.880181 recvfrom(43, 0x7ffcf06d30, 3200, MSG_DONTWAIT, NULL, NULL) = -1 EAGAIN (Try again)
19463 1784159799.880623 recvfrom(52, 0x7af3c1d420, 2272, MSG_DONTWAIT, NULL, NULL) = -1 EAGAIN (Try again)
19463 1784159799.881295 recvfrom(43, 0x7ffcf05260, 3200, MSG_DONTWAIT, NULL, NULL) = -1 EAGAIN (Try again)
19463 1784159799.899034 recvfrom(43, "nysv\0\0\0\0\0\0\0\0\0\0\0\0_\33{\346\240\3\0\0\372\236\3\0\0\0\0\0", 3200, MSG_DONTWAIT, NULL, NULL) = 32
19463 1784159799.899588 recvfrom(43, 0x7ffcf06d30, 3200, MSG_DONTWAIT, NULL, NULL) = -1 EAGAIN (Try again)
19463 1784159799.899943 recvfrom(52, 0x7af3c1d420, 2272, MSG_DONTWAIT, NULL, NULL) = -1 EAGAIN (Try again)
19463 1784159799.900631 recvfrom(43, 0x7ffcf05260, 3200, MSG_DONTWAIT, NULL, NULL) = -1 EAGAIN (Try again)
19463 1784159799.918644 recvfrom(43, "nysv\0\0\0\0\0\0\0\0\0\0\0\0\247|y\347\240\3\0\0\373\236\3\0\0\0\0\0", 3200, MSG_DONTWAIT, NULL, NULL) = 32
19463 1784159799.919035 recvfrom(43, 0x7ffcf06d30, 3200, MSG_DONTWAIT, NULL, NULL) = -1 EAGAIN (Try again)
19463 1784159799.919579 recvfrom(52, 0x7af3c1d420, 2272, MSG_DONTWAIT, NULL, NULL) = -1 EAGAIN (Try again)
19463 1784159799.921735 recvfrom(43, 0x7ffcf05260, 3200, MSG_DONTWAIT, NULL, NULL) = -1 EAGAIN (Try again)
19463 1784159799.944950 recvfrom(43, "nysv\0\0\0\0\0\0\0\0\0\0\0\0\6/v\351\240\3\0\0\375\236\3\0\0\0\0\0", 3200, MSG_DONTWAIT, NULL, NULL) = 32
19463 1784159799.945239 recvfrom(43, 0x7ffcf06d30, 3200, MSG_DONTWAIT, NULL, NULL) = -1 EAGAIN (Try again)
19463 1784159799.945564 recvfrom(52, 0x7af3c1d420, 2272, MSG_DONTWAIT, NULL, NULL) = -1 EAGAIN (Try again)
19463 1784159799.946228 recvfrom(43, 0x7ffcf05260, 3200, MSG_DONTWAIT, NULL, NULL) = -1 EAGAIN (Try again)
19463 1784159799.963010 recvfrom(43, "nysv\0\0\0\0\0\0\0\0\0\0\0\0\23\220t\352\240\3\0\0\376\236\3\0\0\0\0\0", 3200, MSG_DONTWAIT, NULL, NULL) = 32
19463 1784159799.963302 recvfrom(43, 0x7ffcf06d30, 3200, MSG_DONTWAIT, NULL, NULL) = -1 EAGAIN (Try again)
19463 1784159799.963639 recvfrom(52, 0x7af3c1d420, 2272, MSG_DONTWAIT, NULL, NULL) = -1 EAGAIN (Try again)
19463 1784159799.964340 recvfrom(43, 0x7ffcf05260, 3200, MSG_DONTWAIT, NULL, NULL) = -1 EAGAIN (Try again)
19463 1784159799.981969 recvfrom(43, "nysv\0\0\0\0\0\0\0\0\0\0\0\0\17\357r\353\240\3\0\0\377\236\3\0\0\0\0\0", 3200, MSG_DONTWAIT, NULL, NULL) = 32
19463 1784159799.982487 recvfrom(43, 0x7ffcf06d30, 3200, MSG_DONTWAIT, NULL, NULL) = -1 EAGAIN (Try again)
19463 1784159799.982855 recvfrom(52, 0x7af3c1d420, 2272, MSG_DONTWAIT, NULL, NULL) = -1 EAGAIN (Try again)
19463 1784159799.983802 recvfrom(43, 0x7ffcf05260, 3200, MSG_DONTWAIT, NULL, NULL) = -1 EAGAIN (Try again)
19463 1784159800.001111 recvfrom(43, "nysv\0\0\0\0\0\0\0\0\0\0\0\0\212Kq\354\240\3\0\0\0\237\3\0\200\0\0\0", 3200, MSG_DONTWAIT, NULL, NULL) = 32
19463 1784159800.001398 recvfrom(43, 0x7ffcf06d30, 3200, MSG_DONTWAIT, NULL, NULL) = -1 EAGAIN (Try again)
19463 1784159800.001733 recvfrom(52, 0x7af3c1d420, 2272, MSG_DONTWAIT, NULL, NULL) = -1 EAGAIN (Try again)
19463 1784159800.002605 recvfrom(43, 0x7ffcf05260, 3200, MSG_DONTWAIT, NULL, NULL) = -1 EAGAIN (Try again)
19463 1784159800.028611 recvfrom(43, "nysv\0\0\0\0\0\0\0\0\0\0\0\0\37\rn\356\240\3\0\0\2\237\3\0\0\0\0\0", 3200, MSG_DONTWAIT, NULL, NULL) = 32
19463 1784159800.028909 recvfrom(43, 0x7ffcf06d30, 3200, MSG_DONTWAIT, NULL, NULL) = -1 EAGAIN (Try again)
19463 1784159800.029244 recvfrom(52, 0x7af3c1d420, 2272, MSG_DONTWAIT, NULL, NULL) = -1 EAGAIN (Try again)
19463 1784159800.029976 recvfrom(43, 0x7ffcf05260, 3200, MSG_DONTWAIT, NULL, NULL) = -1 EAGAIN (Try again)
19463 1784159800.051080 recvfrom(43, "nysv\0\0\0\0\0\0\0\0\0\0\0\0\336pl\357\240\3\0\0\3\237\3\0\0\0\0\0", 3200, MSG_DONTWAIT, NULL, NULL) = 32
19463 1784159800.051507 recvfrom(43, 0x7ffcf06d30, 3200, MSG_DONTWAIT, NULL, NULL) = -1 EAGAIN (Try again)
19463 1784159800.051825 recvfrom(52, 0x7af3c1d420, 2272, MSG_DONTWAIT, NULL, NULL) = -1 EAGAIN (Try again)
19463 1784159800.052521 recvfrom(43, 0x7ffcf05260, 3200, MSG_DONTWAIT, NULL, NULL) = -1 EAGAIN (Try again)
19463 1784159800.079048 recvfrom(43, "nysv\0\0\0\0\0\0\0\0\0\0\0\0\7\317j\360\240\3\0\0\4\237\3\0\0\0\0\0", 3200, MSG_DONTWAIT, NULL, NULL) = 32
19463 1784159800.079393 recvfrom(43, 0x7ffcf06d30, 3200, MSG_DONTWAIT, NULL, NULL) = -1 EAGAIN (Try again)
19463 1784159800.079743 recvfrom(52, 0x7af3c1d420, 2272, MSG_DONTWAIT, NULL, NULL) = -1 EAGAIN (Try again)
19463 1784159800.080435 recvfrom(43, 0x7ffcf05260, 3200, MSG_DONTWAIT, NULL, NULL) = -1 EAGAIN (Try again)
19463 1784159800.102180 recvfrom(43, "nysv\0\0\0\0\0\0\0\0\0\0\0\0W\6f\362\240\3\0\0\6\237\3\0\0\0\0\0", 3200, MSG_DONTWAIT, NULL, NULL) = 32
19463 1784159800.102479 recvfrom(43, 0x7ffcf06d30, 3200, MSG_DONTWAIT, NULL, NULL) = -1 EAGAIN (Try again)
19463 1784159800.103068 recvfrom(52, 0x7af3c1d420, 2272, MSG_DONTWAIT, NULL, NULL) = -1 EAGAIN (Try again)
19463 1784159800.104992 recvfrom(43, 0x7ffcf05260, 3200, MSG_DONTWAIT, NULL, NULL) = -1 EAGAIN (Try again)
19463 1784159800.127236 recvfrom(43, "nysv\0\0\0\0\0\0\0\0\0\0\0\0\253\246b\364\240\3\0\0\10\237\3\0\0\0\0\0", 3200, MSG_DONTWAIT, NULL, NULL) = 32
19463 1784159800.127530 recvfrom(43, 0x7ffcf06d30, 3200, MSG_DONTWAIT, NULL, NULL) = -1 EAGAIN (Try again)
19463 1784159800.127861 recvfrom(52, 0x7af3c1d420, 2272, MSG_DONTWAIT, NULL, NULL) = -1 EAGAIN (Try again)
19463 1784159800.128538 recvfrom(43, 0x7ffcf05260, 3200, MSG_DONTWAIT, NULL, NULL) = -1 EAGAIN (Try again)
19463 1784159800.145111 recvfrom(43, "nysv\0\0\0\0\0\0\0\0\0\0\0\0\312\7a\365\240\3\0\0\t\237\3\0\0\0\0\0", 3200, MSG_DONTWAIT, NULL, NULL) = 32
19463 1784159800.145404 recvfrom(43, 0x7ffcf06d30, 3200, MSG_DONTWAIT, NULL, NULL) = -1 EAGAIN (Try again)
19463 1784159800.145713 recvfrom(52, 0x7af3c1d420, 2272, MSG_DONTWAIT, NULL, NULL) = -1 EAGAIN (Try again)
19463 1784159800.146582 recvfrom(43, 0x7ffcf05260, 3200, MSG_DONTWAIT, NULL, NULL) = -1 EAGAIN (Try again)
19463 1784159800.164574 recvfrom(43, "nysv\0\0\0\0\0\0\0\0\0\0\0\0\220t_\366\240\3\0\0\n\237\3\0\0\0\0\0", 3200, MSG_DONTWAIT, NULL, NULL) = 32
19463 1784159800.164859 recvfrom(43, 0x7ffcf06d30, 3200, MSG_DONTWAIT, NULL, NULL) = -1 EAGAIN (Try again)
19463 1784159800.165191 recvfrom(52, 0x7af3c1d420, 2272, MSG_DONTWAIT, NULL, NULL) = -1 EAGAIN (Try again)
19463 1784159800.165919 recvfrom(43, 0x7ffcf05260, 3200, MSG_DONTWAIT, NULL, NULL) = -1 EAGAIN (Try again)
19463 1784159800.183017 recvfrom(43, "nysv\0\0\0\0\0\0\0\0\0\0\0\0M\330]\367\240\3\0\0\v\237\3\0\0\0\0\0", 3200, MSG_DONTWAIT, NULL, NULL) = 32
19463 1784159800.183517 recvfrom(43, 0x7ffcf06d30, 3200, MSG_DONTWAIT, NULL, NULL) = -1 EAGAIN (Try again)
19463 1784159800.183895 recvfrom(52, 0x7af3c1d420, 2272, MSG_DONTWAIT, NULL, NULL) = -1 EAGAIN (Try again)
19463 1784159800.184641 recvfrom(43, 0x7ffcf05260, 3200, MSG_DONTWAIT, NULL, NULL) = -1 EAGAIN (Try again)
19463 1784159800.210943 recvfrom(43, "nysv\0\0\0\0\0\0\0\0\0\0\0\0\226;\\\370\240\3\0\0\f\237\3\0\0\0\0\0", 3200, MSG_DONTWAIT, NULL, NULL) = 32
19463 1784159800.211226 recvfrom(43, 0x7ffcf06d30, 3200, MSG_DONTWAIT, NULL, NULL) = -1 EAGAIN (Try again)
19463 1784159800.211650 recvfrom(52, 0x7af3c1d420, 2272, MSG_DONTWAIT, NULL, NULL) = -1 EAGAIN (Try again)
19463 1784159800.212410 recvfrom(43, 0x7ffcf05260, 3200, MSG_DONTWAIT, NULL, NULL) = -1 EAGAIN (Try again)
19463 1784159800.233087 recvfrom(43, "nysv\0\0\0\0\0\0\0\0\0\0\0\0\224\333X\372\240\3\0\0\16\237\3\0\0\0\0\0", 3200, MSG_DONTWAIT, NULL, NULL) = 32
19463 1784159800.233455 recvfrom(43, 0x7ffcf06d30, 3200, MSG_DONTWAIT, NULL, NULL) = -1 EAGAIN (Try again)
19463 1784159800.233878 recvfrom(52, 0x7af3c1d420, 2272, MSG_DONTWAIT, NULL, NULL) = -1 EAGAIN (Try again)
19463 1784159800.234638 recvfrom(43, 0x7ffcf05260, 3200, MSG_DONTWAIT, NULL, NULL) = -1 EAGAIN (Try again)
19463 1784159800.260306 recvfrom(43, "nysv\0\0\0\0\0\0\0\0\0\0\0\0\310CW\373\240\3\0\0\17\237\3\0\0\0\0\0", 3200, MSG_DONTWAIT, NULL, NULL) = 32
19463 1784159800.260617 recvfrom(43, 0x7ffcf06d30, 3200, MSG_DONTWAIT, NULL, NULL) = -1 EAGAIN (Try again)
19463 1784159800.260935 recvfrom(52, 0x7af3c1d420, 2272, MSG_DONTWAIT, NULL, NULL) = -1 EAGAIN (Try again)
19463 1784159800.261601 recvfrom(43, 0x7ffcf05260, 3200, MSG_DONTWAIT, NULL, NULL) = -1 EAGAIN (Try again)
19463 1784159800.282071 recvfrom(43, "nysv\0\0\0\0\0\0\0\0\0\0\0\0\355\20T\375\240\3\0\0\21\237\3\0\0\0\0\0", 3200, MSG_DONTWAIT, NULL, NULL) = 32
19463 1784159800.282326 recvfrom(43, 0x7ffcf06d30, 3200, MSG_DONTWAIT, NULL, NULL) = -1 EAGAIN (Try again)
19463 1784159800.282737 recvfrom(52, 0x7af3c1d420, 2272, MSG_DONTWAIT, NULL, NULL) = -1 EAGAIN (Try again)
19463 1784159800.283474 recvfrom(43, 0x7ffcf05260, 3200, MSG_DONTWAIT, NULL, NULL) = -1 EAGAIN (Try again)
19463 1784159800.301783 recvfrom(43, "nysv\0\0\0\0\0\0\0\0\0\0\0\0usR\376\240\3\0\0\22\237\3\0\0\0\0\0", 3200, MSG_DONTWAIT, NULL, NULL) = 32
19463 1784159800.302206 recvfrom(43, 0x7ffcf06d30, 3200, MSG_DONTWAIT, NULL, NULL) = -1 EAGAIN (Try again)
19463 1784159800.302564 recvfrom(52, 0x7af3c1d420, 2272, MSG_DONTWAIT, NULL, NULL) = -1 EAGAIN (Try again)
19463 1784159800.303943 recvfrom(43, 0x7ffcf05260, 3200, MSG_DONTWAIT, NULL, NULL) = -1 EAGAIN (Try again)
19463 1784159800.327315 recvfrom(43, "nysv\0\0\0\0\0\0\0\0\0\0\0\0\372;O\0\241\3\0\0\24\237\3\0\0\0\0\0", 3200, MSG_DONTWAIT, NULL, NULL) = 32
19463 1784159800.327609 recvfrom(43, 0x7ffcf06d30, 3200, MSG_DONTWAIT, NULL, NULL) = -1 EAGAIN (Try again)
19463 1784159800.327950 recvfrom(52, 0x7af3c1d420, 2272, MSG_DONTWAIT, NULL, NULL) = -1 EAGAIN (Try again)
19463 1784159800.328614 recvfrom(43, 0x7ffcf05260, 3200, MSG_DONTWAIT, NULL, NULL) = -1 EAGAIN (Try again)
19463 1784159800.349123 recvfrom(43, "nysv\0\0\0\0\0\0\0\0\0\0\0\0\316\234M\1\241\3\0\0\25\237\3\0\0\0\0\0", 3200, MSG_DONTWAIT, NULL, NULL) = 32
19463 1784159800.349507 recvfrom(43, 0x7ffcf06d30, 3200, MSG_DONTWAIT, NULL, NULL) = -1 EAGAIN (Try again)
19463 1784159800.349886 recvfrom(52, 0x7af3c1d420, 2272, MSG_DONTWAIT, NULL, NULL) = -1 EAGAIN (Try again)
19463 1784159800.350588 recvfrom(43, 0x7ffcf05260, 3200, MSG_DONTWAIT, NULL, NULL) = -1 EAGAIN (Try again)
19463 1784159800.370719 recvfrom(43, "nysv\0\0\0\0\0\0\0\0\0\0\0\0\241\372K\2\241\3\0\0\26\237\3\0\0\0\0\0", 3200, MSG_DONTWAIT, NULL, NULL) = 32
19463 1784159800.371560 recvfrom(43, 0x7ffcf06d30, 3200, MSG_DONTWAIT, NULL, NULL) = -1 EAGAIN (Try again)
19463 1784159800.372149 recvfrom(52, 0x7af3c1d420, 2272, MSG_DONTWAIT, NULL, NULL) = -1 EAGAIN (Try again)
19463 1784159800.373012 recvfrom(43, 0x7ffcf05260, 3200, MSG_DONTWAIT, NULL, NULL) = -1 EAGAIN (Try again)
19463 1784159800.394250 recvfrom(43, "nysv\0\0\0\0\0\0\0\0\0\0\0\0^\273H\4\241\3\0\0\30\237\3\0\0\0\0\0", 3200, MSG_DONTWAIT, NULL, NULL) = 32
19463 1784159800.394680 recvfrom(43, 0x7ffcf06d30, 3200, MSG_DONTWAIT, NULL, NULL) = -1 EAGAIN (Try again)
19463 1784159800.395018 recvfrom(52, 0x7af3c1d420, 2272, MSG_DONTWAIT, NULL, NULL) = -1 EAGAIN (Try again)
19463 1784159800.395684 recvfrom(43, 0x7ffcf05260, 3200, MSG_DONTWAIT, NULL, NULL) = -1 EAGAIN (Try again)
19463 1784159800.416578 recvfrom(43, "nysv\0\0\0\0\0\0\0\0\0\0\0\0\277\300F\5\241\3\0\0\31\237\3\0\0\0\0\0", 3200, MSG_DONTWAIT, NULL, NULL) = 32
19463 1784159800.416933 recvfrom(43, 0x7ffcf06d30, 3200, MSG_DONTWAIT, NULL, NULL) = -1 EAGAIN (Try again)
19463 1784159800.417259 recvfrom(52, 0x7af3c1d420, 2272, MSG_DONTWAIT, NULL, NULL) = -1 EAGAIN (Try again)
19463 1784159800.417973 recvfrom(43, 0x7ffcf05260, 3200, MSG_DONTWAIT, NULL, NULL) = -1 EAGAIN (Try again)
19463 1784159800.444082 recvfrom(43, "nysv\0\0\0\0\0\0\0\0\0\0\0\0\275&E\6\241\3\0\0\32\237\3\0\0\0\0\0", 3200, MSG_DONTWAIT, NULL, NULL) = 32
19463 1784159800.444392 recvfrom(43, 0x7ffcf06d30, 3200, MSG_DONTWAIT, NULL, NULL) = -1 EAGAIN (Try again)
19463 1784159800.444725 recvfrom(52, 0x7af3c1d420, 2272, MSG_DONTWAIT, NULL, NULL) = -1 EAGAIN (Try again)
19463 1784159800.445407 recvfrom(43, 0x7ffcf05260, 3200, MSG_DONTWAIT, NULL, NULL) = -1 EAGAIN (Try again)
19463 1784159800.466744 recvfrom(43, "nysv\0\0\0\0\0\0\0\0\0\0\0\0\221\354A\10\241\3\0\0\34\237\3\0\0\0\0\0", 3200, MSG_DONTWAIT, NULL, NULL) = 32
19463 1784159800.467119 recvfrom(43, 0x7ffcf06d30, 3200, MSG_DONTWAIT, NULL, NULL) = -1 EAGAIN (Try again)
19463 1784159800.467470 recvfrom(52, 0x7af3c1d420, 2272, MSG_DONTWAIT, NULL, NULL) = -1 EAGAIN (Try again)
19463 1784159800.468199 recvfrom(43, 0x7ffcf05260, 3200, MSG_DONTWAIT, NULL, NULL) = -1 EAGAIN (Try again)
19463 1784159800.485359 recvfrom(43, "nysv\0\0\0\0\0\0\0\0\0\0\0\0\332\252?\t\241\3\0\0\35\237\3\0\0\0\0\0", 3200, MSG_DONTWAIT, NULL, NULL) = 32
19463 1784159800.485650 recvfrom(43, 0x7ffcf06d30, 3200, MSG_DONTWAIT, NULL, NULL) = -1 EAGAIN (Try again)
19463 1784159800.486137 recvfrom(52, 0x7af3c1d420, 2272, MSG_DONTWAIT, NULL, NULL) = -1 EAGAIN (Try again)
19463 1784159800.488013 recvfrom(43, 0x7ffcf05260, 3200, MSG_DONTWAIT, NULL, NULL) = -1 EAGAIN (Try again)
19463 1784159800.511499 recvfrom(43, "nysv\0\0\0\0\0\0\0\0\0\0\0\0ea<\v\241\3\0\0\37\237\3\0\0\0\0\0", 3200, MSG_DONTWAIT, NULL, NULL) = 32
19463 1784159800.511814 recvfrom(43, 0x7ffcf06d30, 3200, MSG_DONTWAIT, NULL, NULL) = -1 EAGAIN (Try again)
19463 1784159800.512149 recvfrom(52, 0x7af3c1d420, 2272, MSG_DONTWAIT, NULL, NULL) = -1 EAGAIN (Try again)
19463 1784159800.512871 recvfrom(43, 0x7ffcf05260, 3200, MSG_DONTWAIT, NULL, NULL) = -1 EAGAIN (Try again)
19463 1784159800.529674 recvfrom(43, "nysv\0\0\0\0\0\0\0\0\0\0\0\0\376\263:\f\241\3\0\0 \237\3\0\0\0\0\0", 3200, MSG_DONTWAIT, NULL, NULL) = 32
19463 1784159800.529985 recvfrom(43, 0x7ffcf06d30, 3200, MSG_DONTWAIT, NULL, NULL) = -1 EAGAIN (Try again)
19463 1784159800.530332 recvfrom(52, 0x7af3c1d420, 2272, MSG_DONTWAIT, NULL, NULL) = -1 EAGAIN (Try again)
19463 1784159800.531792 recvfrom(43, 0x7ffcf05260, 3200, MSG_DONTWAIT, NULL, NULL) = -1 EAGAIN (Try again)
19463 1784159800.549489 recvfrom(43, "nysv\0\0\0\0\0\0\0\0\0\0\0\0\37\259\r\241\3\0\0!\237\3\0\0\0\0\0", 3200, MSG_DONTWAIT, NULL, NULL) = 32
19463 1784159800.549899 recvfrom(43, 0x7ffcf06d30, 3200, MSG_DONTWAIT, NULL, NULL) = -1 EAGAIN (Try again)
19463 1784159800.550423 recvfrom(52, 0x7af3c1d420, 2272, MSG_DONTWAIT, NULL, NULL) = -1 EAGAIN (Try again)
19463 1784159800.551156 recvfrom(43, 0x7ffcf05260, 3200, MSG_DONTWAIT, NULL, NULL) = -1 EAGAIN (Try again)
19463 1784159800.576672 recvfrom(43, "nysv\0\0\0\0\0\0\0\0\0\0\0\0Nq7\16\241\3\0\0\"\237\3\0\0\0\0\0", 3200, MSG_DONTWAIT, NULL, NULL) = 32
19463 1784159800.577061 recvfrom(43, 0x7ffcf06d30, 3200, MSG_DONTWAIT, NULL, NULL) = -1 EAGAIN (Try again)
19463 1784159800.577401 recvfrom(52, 0x7af3c1d420, 2272, MSG_DONTWAIT, NULL, NULL) = -1 EAGAIN (Try again)
19463 1784159800.578179 recvfrom(43, 0x7ffcf05260, 3200, MSG_DONTWAIT, NULL, NULL) = -1 EAGAIN (Try again)
19463 1784159800.595493 recvfrom(43, "nysv\0\0\0\0\0\0\0\0\0\0\0\0\36774\20\241\3\0\0$\237\3\0\0\0\0\0", 3200, MSG_DONTWAIT, NULL, NULL) = 32
19463 1784159800.595975 recvfrom(43, 0x7ffcf06d30, 3200, MSG_DONTWAIT, NULL, NULL) = -1 EAGAIN (Try again)
19463 1784159800.596314 recvfrom(52, 0x7af3c1d420, 2272, MSG_DONTWAIT, NULL, NULL) = -1 EAGAIN (Try again)
19463 1784159800.597129 recvfrom(43, 0x7ffcf05260, 3200, MSG_DONTWAIT, NULL, NULL) = -1 EAGAIN (Try again)
19463 1784159800.616214 recvfrom(43, "nysv\0\0\0\0\0\0\0\0\0\0\0\0\253~2\21\241\3\0\0%\237\3\0\0\0\0\0", 3200, MSG_DONTWAIT, NULL, NULL) = 32
19463 1784159800.616626 recvfrom(43, 0x7ffcf06d30, 3200, MSG_DONTWAIT, NULL, NULL) = -1 EAGAIN (Try again)
19463 1784159800.616973 recvfrom(52, 0x7af3c1d420, 2272, MSG_DONTWAIT, NULL, NULL) = -1 EAGAIN (Try again)
19463 1784159800.617708 recvfrom(43, 0x7ffcf05260, 3200, MSG_DONTWAIT, NULL, NULL) = -1 EAGAIN (Try again)
19463 1784159800.643890 recvfrom(43, "nysv\0\0\0\0\0\0\0\0\0\0\0\0b\3400\22\241\3\0\0&\237\3\0\0\0\0\0", 3200, MSG_DONTWAIT, NULL, NULL) = 32
19463 1784159800.644235 recvfrom(43, 0x7ffcf06d30, 3200, MSG_DONTWAIT, NULL, NULL) = -1 EAGAIN (Try again)
19463 1784159800.644570 recvfrom(52, 0x7af3c1d420, 2272, MSG_DONTWAIT, NULL, NULL) = -1 EAGAIN (Try again)
19463 1784159800.645243 recvfrom(43, 0x7ffcf05260, 3200, MSG_DONTWAIT, NULL, NULL) = -1 EAGAIN (Try again)
19463 1784159800.663058 recvfrom(43, "nysv\0\0\0\0\0\0\0\0\0\0\0\0\177\227-\24\241\3\0\0(\237\3\0\0\0\0\0", 3200, MSG_DONTWAIT, NULL, NULL) = 32
19463 1784159800.663490 recvfrom(43, 0x7ffcf06d30, 3200, MSG_DONTWAIT, NULL, NULL) = -1 EAGAIN (Try again)
19463 1784159800.664379 recvfrom(52, 0x7af3c1d420, 2272, MSG_DONTWAIT, NULL, NULL) = -1 EAGAIN (Try again)
19463 1784159800.665164 recvfrom(43, 0x7ffcf05260, 3200, MSG_DONTWAIT, NULL, NULL) = -1 EAGAIN (Try again)
19463 1784159800.685711 recvfrom(43, "nysv\0\0\0\0\0\0\0\0\0\0\0\0\234\363+\25\241\3\0\0)\237\3\0\0\0\0\0", 3200, MSG_DONTWAIT, NULL, NULL) = 32
19463 1784159800.686187 recvfrom(43, 0x7ffcf06d30, 3200, MSG_DONTWAIT, NULL, NULL) = -1 EAGAIN (Try again)
19463 1784159800.686640 recvfrom(52, 0x7af3c1d420, 2272, MSG_DONTWAIT, NULL, NULL) = -1 EAGAIN (Try again)
19463 1784159800.688486 recvfrom(43, 0x7ffcf05260, 3200, MSG_DONTWAIT, NULL, NULL) = -1 EAGAIN (Try again)
19463 1784159800.711804 recvfrom(43, "nysv\0\0\0\0\0\0\0\0\0\0\0\0\1\261(\27\241\3\0\0+\237\3\0\0\0\0\0", 3200, MSG_DONTWAIT, NULL, NULL) = 32
19463 1784159800.712109 recvfrom(43, 0x7ffcf06d30, 3200, MSG_DONTWAIT, NULL, NULL) = -1 EAGAIN (Try again)
19463 1784159800.712443 recvfrom(52, 0x7af3c1d420, 2272, MSG_DONTWAIT, NULL, NULL) = -1 EAGAIN (Try again)
19463 1784159800.713123 recvfrom(43, 0x7ffcf05260, 3200, MSG_DONTWAIT, NULL, NULL) = -1 EAGAIN (Try again)
19463 1784159800.733138 recvfrom(43, "nysv\0\0\0\0\0\0\0\0\0\0\0\0\4\23'\30\241\3\0\0,\237\3\0\0\0\0\0", 3200, MSG_DONTWAIT, NULL, NULL) = 32
19463 1784159800.733442 recvfrom(43, 0x7ffcf06d30, 3200, MSG_DONTWAIT, NULL, NULL) = -1 EAGAIN (Try again)
19463 1784159800.733768 recvfrom(52, 0x7af3c1d420, 2272, MSG_DONTWAIT, NULL, NULL) = -1 EAGAIN (Try again)
19463 1784159800.734560 recvfrom(43, 0x7ffcf05260, 3200, MSG_DONTWAIT, NULL, NULL) = -1 EAGAIN (Try again)
19463 1784159800.759377 recvfrom(43, "nysv\0\0\0\0\0\0\0\0\0\0\0\0\213Z%\31\241\3\0\0-\237\3\0\0\0\0\0", 3200, MSG_DONTWAIT, NULL, NULL) = 32
19463 1784159800.759678 recvfrom(43, 0x7ffcf06d30, 3200, MSG_DONTWAIT, NULL, NULL) = -1 EAGAIN (Try again)
19463 1784159800.760636 recvfrom(52, 0x7af3c1d420, 2272, MSG_DONTWAIT, NULL, NULL) = -1 EAGAIN (Try again)
19463 1784159800.761485 recvfrom(43, 0x7ffcf05260, 3200, MSG_DONTWAIT, NULL, NULL) = -1 EAGAIN (Try again)
19463 1784159800.777881 recvfrom(43, "nysv\0\0\0\0\0\0\0\0\0\0\0\0\320\373!\33\241\3\0\0/\237\3\0\0\0\0\0", 3200, MSG_DONTWAIT, NULL, NULL) = 32
19463 1784159800.778372 recvfrom(43, 0x7ffcf06d30, 3200, MSG_DONTWAIT, NULL, NULL) = -1 EAGAIN (Try again)
19463 1784159800.778711 recvfrom(52, 0x7af3c1d420, 2272, MSG_DONTWAIT, NULL, NULL) = -1 EAGAIN (Try again)
19463 1784159800.779392 recvfrom(43, 0x7ffcf05260, 3200, MSG_DONTWAIT, NULL, NULL) = -1 EAGAIN (Try again)
19463 1784159800.802101 recvfrom(43, "nysv\0\0\0\0\0\0\0\0\0\0\0\0\2X \34\241\3\0\0000\237\3\0\0\0\0\0", 3200, MSG_DONTWAIT, NULL, NULL) = 32
19463 1784159800.802395 recvfrom(43, 0x7ffcf06d30, 3200, MSG_DONTWAIT, NULL, NULL) = -1 EAGAIN (Try again)
19463 1784159800.802827 recvfrom(52, 0x7af3c1d420, 2272, MSG_DONTWAIT, NULL, NULL) = -1 EAGAIN (Try again)
19463 1784159800.803784 recvfrom(43, 0x7ffcf05260, 3200, MSG_DONTWAIT, NULL, NULL) = -1 EAGAIN (Try again)
19463 1784159800.829037 recvfrom(43, "nysv\0\0\0\0\0\0\0\0\0\0\0\0\301\356\34\36\241\3\0\0002\237\3\0\0\0\0\0", 3200, MSG_DONTWAIT, NULL, NULL) = 32
19463 1784159800.829431 recvfrom(43, 0x7ffcf06d30, 3200, MSG_DONTWAIT, NULL, NULL) = -1 EAGAIN (Try again)
19463 1784159800.829911 recvfrom(52, 0x7af3c1d420, 2272, MSG_DONTWAIT, NULL, NULL) = -1 EAGAIN (Try again)
19463 1784159800.830688 recvfrom(43, 0x7ffcf05260, 3200, MSG_DONTWAIT, NULL, NULL) = -1 EAGAIN (Try again)
19463 1784159800.852204 recvfrom(43, "nysv\0\0\0\0\0\0\0\0\0\0\0\0)\334\32\37\241\3\0\0003\237\3\0\0\0\0\0", 3200, MSG_DONTWAIT, NULL, NULL) = 32
19463 1784159800.852576 recvfrom(43, 0x7ffcf06d30, 3200, MSG_DONTWAIT, NULL, NULL) = -1 EAGAIN (Try again)
19463 1784159800.852980 recvfrom(52, 0x7af3c1d420, 2272, MSG_DONTWAIT, NULL, NULL) = -1 EAGAIN (Try again)
19463 1784159800.853662 recvfrom(43, 0x7ffcf05260, 3200, MSG_DONTWAIT, NULL, NULL) = -1 EAGAIN (Try again)
19463 1784159800.880436 recvfrom(43, "nysv\0\0\0\0\0\0\0\0\0\0\0\0\377\374\26!\241\3\0\0005\237\3\0\0\0\0\0", 3200, MSG_DONTWAIT, NULL, NULL) = 32
19463 1784159800.880836 recvfrom(43, 0x7ffcf06d30, 3200, MSG_DONTWAIT, NULL, NULL) = -1 EAGAIN (Try again)
19463 1784159800.881185 recvfrom(52, 0x7af3c1d420, 2272, MSG_DONTWAIT, NULL, NULL) = -1 EAGAIN (Try again)
19463 1784159800.881945 recvfrom(43, 0x7ffcf05260, 3200, MSG_DONTWAIT, NULL, NULL) = -1 EAGAIN (Try again)
19463 1784159800.899801 recvfrom(43, "nysv\0\0\0\0\0\0\0\0\0\0\0\0XH\25\"\241\3\0\0006\237\3\0\0\0\0\0", 3200, MSG_DONTWAIT, NULL, NULL) = 32
19463 1784159800.900293 recvfrom(43, 0x7ffcf06d30, 3200, MSG_DONTWAIT, NULL, NULL) = -1 EAGAIN (Try again)
19463 1784159800.900624 recvfrom(52, 0x7af3c1d420, 2272, MSG_DONTWAIT, NULL, NULL) = -1 EAGAIN (Try again)
19463 1784159800.901352 recvfrom(43, 0x7ffcf05260, 3200, MSG_DONTWAIT, NULL, NULL) = -1 EAGAIN (Try again)
19463 1784159800.928124 recvfrom(43, "nysv\0\0\0\0\0\0\0\0\0\0\0\0\225\253\23#\241\3\0\0007\237\3\0\0\0\0\0", 3200, MSG_DONTWAIT, NULL, NULL) = 32
19463 1784159800.928421 recvfrom(43, 0x7ffcf06d30, 3200, MSG_DONTWAIT, NULL, NULL) = -1 EAGAIN (Try again)
19463 1784159800.928767 recvfrom(52, 0x7af3c1d420, 2272, MSG_DONTWAIT, NULL, NULL) = -1 EAGAIN (Try again)
19463 1784159800.929473 recvfrom(43, 0x7ffcf05260, 3200, MSG_DONTWAIT, NULL, NULL) = -1 EAGAIN (Try again)
19463 1784159800.948117 recvfrom(43, "nysv\0\0\0\0\0\0\0\0\0\0\0\0}q\20%\241\3\0\09\237\3\0\0\0\0\0", 3200, MSG_DONTWAIT, NULL, NULL) = 32
19463 1784159800.948441 recvfrom(43, 0x7ffcf06d30, 3200, MSG_DONTWAIT, NULL, NULL) = -1 EAGAIN (Try again)
19463 1784159800.948740 recvfrom(52, 0x7af3c1d420, 2272, MSG_DONTWAIT, NULL, NULL) = -1 EAGAIN (Try again)
19463 1784159800.949346 recvfrom(43, 0x7ffcf05260, 3200, MSG_DONTWAIT, NULL, NULL) = -1 EAGAIN (Try again)
19463 1784159800.964752 recvfrom(43, "nysv\0\0\0\0\0\0\0\0\0\0\0\0\247\301\16&\241\3\0\0:\237\3\0\0\0\0\0", 3200, MSG_DONTWAIT, NULL, NULL) = 32
19463 1784159800.965002 recvfrom(43, 0x7ffcf06d30, 3200, MSG_DONTWAIT, NULL, NULL) = -1 EAGAIN (Try again)
19463 1784159800.965361 recvfrom(52, 0x7af3c1d420, 2272, MSG_DONTWAIT, NULL, NULL) = -1 EAGAIN (Try again)
19463 1784159800.966266 recvfrom(43, 0x7ffcf05260, 3200, MSG_DONTWAIT, NULL, NULL) = -1 EAGAIN (Try again)
19463 1784159800.982326 recvfrom(43, "nysv\0\0\0\0\0\0\0\0\0\0\0\0O\34\r'\241\3\0\0;\237\3\0\0\0\0\0", 3200, MSG_DONTWAIT, NULL, NULL) = 32
19463 1784159800.982698 recvfrom(43, 0x7ffcf06d30, 3200, MSG_DONTWAIT, NULL, NULL) = -1 EAGAIN (Try again)
19463 1784159800.983008 recvfrom(52, 0x7af3c1d420, 2272, MSG_DONTWAIT, NULL, NULL) = -1 EAGAIN (Try again)
19463 1784159800.983660 recvfrom(43, 0x7ffcf05260, 3200, MSG_DONTWAIT, NULL, NULL) = -1 EAGAIN (Try again)
19463 1784159800.999372 recvfrom(43, "nysv\0\0\0\0\0\0\0\0\0\0\0\0yl\v(\241\3\0\0<\237\3\0\0\0\0\0", 3200, MSG_DONTWAIT, NULL, NULL) = 32
19463 1784159800.999655 recvfrom(43, 0x7ffcf06d30, 3200, MSG_DONTWAIT, NULL, NULL) = -1 EAGAIN (Try again)
19463 1784159800.999950 recvfrom(52, 0x7af3c1d420, 2272, MSG_DONTWAIT, NULL, NULL) = -1 EAGAIN (Try again)
19463 1784159801.000538 recvfrom(43, 0x7ffcf05260, 3200, MSG_DONTWAIT, NULL, NULL) = -1 EAGAIN (Try again)
19463 1784159801.015327 recvfrom(43, "nysv\0\0\0\0\0\0\0\0\0\0\0\0\347\315\t)\241\3\0\0=\237\3\0\0\0\0\0", 3200, MSG_DONTWAIT, NULL, NULL) = 32
19463 1784159801.015635 recvfrom(43, 0x7ffcf06d30, 3200, MSG_DONTWAIT, NULL, NULL) = -1 EAGAIN (Try again)
19463 1784159801.015929 recvfrom(52, 0x7af3c1d420, 2272, MSG_DONTWAIT, NULL, NULL) = -1 EAGAIN (Try again)
19463 1784159801.016706 recvfrom(43, 0x7ffcf05260, 3200, MSG_DONTWAIT, NULL, NULL) = -1 EAGAIN (Try again)
19463 1784159801.033084 recvfrom(43, "nysv\0\0\0\0\0\0\0\0\0\0\0\0\356-\10*\241\3\0\0>\237\3\0\0\0\0\0", 3200, MSG_DONTWAIT, NULL, NULL) = 32
19463 1784159801.033401 recvfrom(43, 0x7ffcf06d30, 3200, MSG_DONTWAIT, NULL, NULL) = -1 EAGAIN (Try again)
19463 1784159801.033760 recvfrom(52, 0x7af3c1d420, 2272, MSG_DONTWAIT, NULL, NULL) = -1 EAGAIN (Try again)
19463 1784159801.034444 recvfrom(43, 0x7ffcf05260, 3200, MSG_DONTWAIT, NULL, NULL) = -1 EAGAIN (Try again)
19463 1784159801.060304 recvfrom(43, "nysv\0\0\0\0\0\0\0\0\0\0\0\0\250\220\6+\241\3\0\0?\237\3\0\0\0\0\0", 3200, MSG_DONTWAIT, NULL, NULL) = 32
19463 1784159801.060705 recvfrom(43, 0x7ffcf06d30, 3200, MSG_DONTWAIT, NULL, NULL) = -1 EAGAIN (Try again)
19463 1784159801.061073 recvfrom(52, 0x7af3c1d420, 2272, MSG_DONTWAIT, NULL, NULL) = -1 EAGAIN (Try again)
19463 1784159801.061772 recvfrom(43, 0x7ffcf05260, 3200, MSG_DONTWAIT, NULL, NULL) = -1 EAGAIN (Try again)
19463 1784159801.079055 recvfrom(43, "nysv\0\0\0\0\0\0\0\0\0\0\0\0\35>\3-\241\3\0\0A\237\3\0\0\0\0\0", 3200, MSG_DONTWAIT, NULL, NULL) = 32
19463 1784159801.079423 recvfrom(43, 0x7ffcf06d30, 3200, MSG_DONTWAIT, NULL, NULL) = -1 EAGAIN (Try again)
19463 1784159801.079742 recvfrom(52, 0x7af3c1d420, 2272, MSG_DONTWAIT, NULL, NULL) = -1 EAGAIN (Try again)
19463 1784159801.080362 recvfrom(43, 0x7ffcf05260, 3200, MSG_DONTWAIT, NULL, NULL) = -1 EAGAIN (Try again)
19463 1784159801.096906 recvfrom(43, "nysv\0\0\0\0\0\0\0\0\0\0\0\0\343\373\0.\241\3\0\0B\237\3\0\0\0\0\0", 3200, MSG_DONTWAIT, NULL, NULL) = 32
19463 1784159801.097205 recvfrom(43, 0x7ffcf06d30, 3200, MSG_DONTWAIT, NULL, NULL) = -1 EAGAIN (Try again)
19463 1784159801.097556 recvfrom(52, 0x7af3c1d420, 2272, MSG_DONTWAIT, NULL, NULL) = -1 EAGAIN (Try again)
19463 1784159801.099050 recvfrom(43, 0x7ffcf05260, 3200, MSG_DONTWAIT, NULL, NULL) = -1 EAGAIN (Try again)
19463 1784159801.113578 recvfrom(43, "nysv\0\0\0\0\0\0\0\0\0\0\0\0\267a\377.\241\3\0\0C\237\3\0\0\0\0\0", 3200, MSG_DONTWAIT, NULL, NULL) = 32
19463 1784159801.113885 recvfrom(43, 0x7ffcf06d30, 3200, MSG_DONTWAIT, NULL, NULL) = -1 EAGAIN (Try again)
19463 1784159801.114340 recvfrom(52, 0x7af3c1d420, 2272, MSG_DONTWAIT, NULL, NULL) = -1 EAGAIN (Try again)
19463 1784159801.114953 recvfrom(43, 0x7ffcf05260, 3200, MSG_DONTWAIT, NULL, NULL) = -1 EAGAIN (Try again)
19463 1784159801.134763 recvfrom(43, "nysv\0\0\0\0\0\0\0\0\0\0\0\0\341\261\375/\241\3\0\0D\237\3\0\0\0\0\0", 3200, MSG_DONTWAIT, NULL, NULL) = 32
19463 1784159801.135051 recvfrom(43, 0x7ffcf06d30, 3200, MSG_DONTWAIT, NULL, NULL) = -1 EAGAIN (Try again)
19463 1784159801.135386 recvfrom(52, 0x7af3c1d420, 2272, MSG_DONTWAIT, NULL, NULL) = -1 EAGAIN (Try again)
19463 1784159801.136148 recvfrom(43, 0x7ffcf05260, 3200, MSG_DONTWAIT, NULL, NULL) = -1 EAGAIN (Try again)
19463 1784159801.160235 recvfrom(43, "nysv\0\0\0\0\0\0\0\0\0\0\0\0Dx\3721\241\3\0\0F\237\3\0\0\0\0\0", 3200, MSG_DONTWAIT, NULL, NULL) = 32
19463 1784159801.160612 recvfrom(43, 0x7ffcf06d30, 3200, MSG_DONTWAIT, NULL, NULL) = -1 EAGAIN (Try again)
19463 1784159801.160960 recvfrom(52, 0x7af3c1d420, 2272, MSG_DONTWAIT, NULL, NULL) = -1 EAGAIN (Try again)
19463 1784159801.161646 recvfrom(43, 0x7ffcf05260, 3200, MSG_DONTWAIT, NULL, NULL) = -1 EAGAIN (Try again)
19463 1784159801.178568 recvfrom(43, "nysv\0\0\0\0\0\0\0\0\0\0\0\0,\333\3702\241\3\0\0G\237\3\0\0\0\0\0", 3200, MSG_DONTWAIT, NULL, NULL) = 32
19463 1784159801.178909 recvfrom(43, 0x7ffcf06d30, 3200, MSG_DONTWAIT, NULL, NULL) = -1 EAGAIN (Try again)
19463 1784159801.179324 recvfrom(52, 0x7af3c1d420, 2272, MSG_DONTWAIT, NULL, NULL) = -1 EAGAIN (Try again)
19463 1784159801.179943 recvfrom(43, 0x7ffcf05260, 3200, MSG_DONTWAIT, NULL, NULL) = -1 EAGAIN (Try again)
19463 1784159801.194853 recvfrom(43, "nysv\0\0\0\0\0\0\0\0\0\0\0\0\3530\3673\241\3\0\0H\237\3\0\0\0\0\0", 3200, MSG_DONTWAIT, NULL, NULL) = 32
19463 1784159801.195137 recvfrom(43, 0x7ffcf06d30, 3200, MSG_DONTWAIT, NULL, NULL) = -1 EAGAIN (Try again)
19463 1784159801.195579 recvfrom(52, 0x7af3c1d420, 2272, MSG_DONTWAIT, NULL, NULL) = -1 EAGAIN (Try again)
19463 1784159801.196204 recvfrom(43, 0x7ffcf05260, 3200, MSG_DONTWAIT, NULL, NULL) = -1 EAGAIN (Try again)
19463 1784159801.216101 recvfrom(43, "nysv\0\0\0\0\0\0\0\0\0\0\0\0\335x\3654\241\3\0\0I\237\3\0\0\0\0\0", 3200, MSG_DONTWAIT, NULL, NULL) = 32
19463 1784159801.216367 recvfrom(43, 0x7ffcf06d30, 3200, MSG_DONTWAIT, NULL, NULL) = -1 EAGAIN (Try again)
19463 1784159801.216660 recvfrom(52, 0x7af3c1d420, 2272, MSG_DONTWAIT, NULL, NULL) = -1 EAGAIN (Try again)
19463 1784159801.217260 recvfrom(43, 0x7ffcf05260, 3200, MSG_DONTWAIT, NULL, NULL) = -1 EAGAIN (Try again)
19463 1784159801.232578 recvfrom(43, "nysv\0\0\0\0\0\0\0\0\0\0\0\0\20\330\3635\241\3\0\0J\237\3\0\0\0\0\0", 3200, MSG_DONTWAIT, NULL, NULL) = 32
19463 1784159801.232938 recvfrom(43, 0x7ffcf06d30, 3200, MSG_DONTWAIT, NULL, NULL) = -1 EAGAIN (Try again)
19463 1784159801.233335 recvfrom(52, 0x7af3c1d420, 2272, MSG_DONTWAIT, NULL, NULL) = -1 EAGAIN (Try again)
19463 1784159801.234318 recvfrom(43, 0x7ffcf05260, 3200, MSG_DONTWAIT, NULL, NULL) = -1 EAGAIN (Try again)
19463 1784159801.264689 recvfrom(43, "nysv\0\0\0\0\0\0\0\0\0\0\0\0\211<\3626\241\3\0\0K\237\3\0\0\0\0\0", 3200, MSG_DONTWAIT, NULL, NULL) = 32
19463 1784159801.264988 recvfrom(43, 0x7ffcf06d30, 3200, MSG_DONTWAIT, NULL, NULL) = -1 EAGAIN (Try again)
19463 1784159801.265338 recvfrom(52, 0x7af3c1d420, 2272, MSG_DONTWAIT, NULL, NULL) = -1 EAGAIN (Try again)
19463 1784159801.266176 recvfrom(43, 0x7ffcf05260, 3200, MSG_DONTWAIT, NULL, NULL) = -1 EAGAIN (Try again)
19463 1784159801.283175 recvfrom(43, "nysv\0\0\0\0\0\0\0\0\0\0\0\0J\r\3578\241\3\0\0M\237\3\0\0\0\0\0", 3200, MSG_DONTWAIT, NULL, NULL) = 32
19463 1784159801.283470 recvfrom(43, 0x7ffcf06d30, 3200, MSG_DONTWAIT, NULL, NULL) = -1 EAGAIN (Try again)
19463 1784159801.283812 recvfrom(52, 0x7af3c1d420, 2272, MSG_DONTWAIT, NULL, NULL) = -1 EAGAIN (Try again)
19463 1784159801.284476 recvfrom(43, 0x7ffcf05260, 3200, MSG_DONTWAIT, NULL, NULL) = -1 EAGAIN (Try again)
19463 1784159801.301728 recvfrom(43, "nysv\0\0\0\0\0\0\0\0\0\0\0\0\224q\3559\241\3\0\0N\237\3\0\0\0\0\0", 3200, MSG_DONTWAIT, NULL, NULL) = 32
19463 1784159801.302135 recvfrom(43, 0x7ffcf06d30, 3200, MSG_DONTWAIT, NULL, NULL) = -1 EAGAIN (Try again)
19463 1784159801.302442 recvfrom(52, 0x7af3c1d420, 2272, MSG_DONTWAIT, NULL, NULL) = -1 EAGAIN (Try again)
19463 1784159801.303491 recvfrom(43, 0x7ffcf05260, 3200, MSG_DONTWAIT, NULL, NULL) = -1 EAGAIN (Try again)
19463 1784159801.326701 recvfrom(43, "nysv\0\0\0\0\0\0\0\0\0\0\0\0BA\352;\241\3\0\0P\237\3\0\0\0\0\0", 3200, MSG_DONTWAIT, NULL, NULL) = 32
19463 1784159801.327021 recvfrom(43, 0x7ffcf06d30, 3200, MSG_DONTWAIT, NULL, NULL) = -1 EAGAIN (Try again)
19463 1784159801.327361 recvfrom(52, 0x7af3c1d420, 2272, MSG_DONTWAIT, NULL, NULL) = -1 EAGAIN (Try again)
19463 1784159801.328023 recvfrom(43, 0x7ffcf05260, 3200, MSG_DONTWAIT, NULL, NULL) = -1 EAGAIN (Try again)
19463 1784159801.343393 recvfrom(43, "nysv\0\0\0\0\0\0\0\0\0\0\0\0\37\242\350<\241\3\0\0Q\237\3\0\0\0\0\0", 3200, MSG_DONTWAIT, NULL, NULL) = 32
19463 1784159801.343699 recvfrom(43, 0x7ffcf06d30, 3200, MSG_DONTWAIT, NULL, NULL) = -1 EAGAIN (Try again)
19463 1784159801.344025 recvfrom(52, 0x7af3c1d420, 2272, MSG_DONTWAIT, NULL, NULL) = -1 EAGAIN (Try again)
19463 1784159801.344668 recvfrom(43, 0x7ffcf05260, 3200, MSG_DONTWAIT, NULL, NULL) = -1 EAGAIN (Try again)
19463 1784159801.361495 recvfrom(43, "nysv\0\0\0\0\0\0\0\0\0\0\0\0\240\5\347=\241\3\0\0R\237\3\0\0\0\0\0", 3200, MSG_DONTWAIT, NULL, NULL) = 32
19463 1784159801.361899 recvfrom(43, 0x7ffcf06d30, 3200, MSG_DONTWAIT, NULL, NULL) = -1 EAGAIN (Try again)
19463 1784159801.362242 recvfrom(52, 0x7af3c1d420, 2272, MSG_DONTWAIT, NULL, NULL) = -1 EAGAIN (Try again)
19463 1784159801.362854 recvfrom(43, 0x7ffcf05260, 3200, MSG_DONTWAIT, NULL, NULL) = -1 EAGAIN (Try again)
19463 1784159801.378950 recvfrom(43, "nysv\0\0\0\0\0\0\0\0\0\0\0\0\312U\345>\241\3\0\0S\237\3\0\0\0\0\0", 3200, MSG_DONTWAIT, NULL, NULL) = 32
19463 1784159801.379333 recvfrom(43, 0x7ffcf06d30, 3200, MSG_DONTWAIT, NULL, NULL) = -1 EAGAIN (Try again)
19463 1784159801.379714 recvfrom(52, 0x7af3c1d420, 2272, MSG_DONTWAIT, NULL, NULL) = -1 EAGAIN (Try again)
19463 1784159801.380362 recvfrom(43, 0x7ffcf05260, 3200, MSG_DONTWAIT, NULL, NULL) = -1 EAGAIN (Try again)
19463 1784159801.396960 recvfrom(43, "nysv\0\0\0\0\0\0\0\0\0\0\0\0\253\250\343?\241\3\0\0T\237\3\0\0\0\0\0", 3200, MSG_DONTWAIT, NULL, NULL) = 32
19463 1784159801.397266 recvfrom(43, 0x7ffcf06d30, 3200, MSG_DONTWAIT, NULL, NULL) = -1 EAGAIN (Try again)
19463 1784159801.397575 recvfrom(52, 0x7af3c1d420, 2272, MSG_DONTWAIT, NULL, NULL) = -1 EAGAIN (Try again)
19463 1784159801.398387 recvfrom(43, 0x7ffcf05260, 3200, MSG_DONTWAIT, NULL, NULL) = -1 EAGAIN (Try again)
19463 1784159801.415185 recvfrom(43, "nysv\0\0\0\0\0\0\0\0\0\0\0\0001\344\341@\241\3\0\0U\237\3\0\0\0\0\0", 3200, MSG_DONTWAIT, NULL, NULL) = 32
19463 1784159801.415473 recvfrom(43, 0x7ffcf06d30, 3200, MSG_DONTWAIT, NULL, NULL) = -1 EAGAIN (Try again)
19463 1784159801.415860 recvfrom(52, 0x7af3c1d420, 2272, MSG_DONTWAIT, NULL, NULL) = -1 EAGAIN (Try again)
19463 1784159801.416621 recvfrom(43, 0x7ffcf05260, 3200, MSG_DONTWAIT, NULL, NULL) = -1 EAGAIN (Try again)
19463 1784159801.435837 recvfrom(43, "nysv\0\0\0\0\0\0\0\0\0\0\0\0\205C\340A\241\3\0\0V\237\3\0\0\0\0\0", 3200, MSG_DONTWAIT, NULL, NULL) = 32
19463 1784159801.436287 recvfrom(43, 0x7ffcf06d30, 3200, MSG_DONTWAIT, NULL, NULL) = -1 EAGAIN (Try again)
19463 1784159801.436650 recvfrom(52, 0x7af3c1d420, 2272, MSG_DONTWAIT, NULL, NULL) = -1 EAGAIN (Try again)
19463 1784159801.437370 recvfrom(43, 0x7ffcf05260, 3200, MSG_DONTWAIT, NULL, NULL) = -1 EAGAIN (Try again)
19463 1784159801.463451 recvfrom(43, "nysv\0\0\0\0\0\0\0\0\0\0\0\0L\236\334C\241\3\0\0X\237\3\0\0\0\0\0", 3200, MSG_DONTWAIT, NULL, NULL) = 32
19463 1784159801.463751 recvfrom(43, 0x7ffcf06d30, 3200, MSG_DONTWAIT, NULL, NULL) = -1 EAGAIN (Try again)
19463 1784159801.464100 recvfrom(52, 0x7af3c1d420, 2272, MSG_DONTWAIT, NULL, NULL) = -1 EAGAIN (Try again)
19463 1784159801.464814 recvfrom(43, 0x7ffcf05260, 3200, MSG_DONTWAIT, NULL, NULL) = -1 EAGAIN (Try again)
19463 1784159801.485123 recvfrom(43, "nysv\0\0\0\0\0\0\0\0\0\0\0\0\364\365\332D\241\3\0\0Y\237\3\0\0\0\0\0", 3200, MSG_DONTWAIT, NULL, NULL) = 32
19463 1784159801.485400 recvfrom(43, 0x7ffcf06d30, 3200, MSG_DONTWAIT, NULL, NULL) = -1 EAGAIN (Try again)
19463 1784159801.485695 recvfrom(52, 0x7af3c1d420, 2272, MSG_DONTWAIT, NULL, NULL) = -1 EAGAIN (Try again)
19463 1784159801.486793 recvfrom(43, 0x7ffcf05260, 3200, MSG_DONTWAIT, NULL, NULL) = -1 EAGAIN (Try again)
19463 1784159801.514940 recvfrom(43, "nysv\0\0\0\0\0\0\0\0\0\0\0\0\214\247\327F\241\3\0\0[\237\3\0\0\0\0\0", 3200, MSG_DONTWAIT, NULL, NULL) = 32
19463 1784159801.515296 recvfrom(43, 0x7ffcf06d30, 3200, MSG_DONTWAIT, NULL, NULL) = -1 EAGAIN (Try again)
19463 1784159801.515641 recvfrom(52, 0x7af3c1d420, 2272, MSG_DONTWAIT, NULL, NULL) = -1 EAGAIN (Try again)
19463 1784159801.516357 recvfrom(43, 0x7ffcf05260, 3200, MSG_DONTWAIT, NULL, NULL) = -1 EAGAIN (Try again)
19463 1784159801.532696 recvfrom(43, "nysv\0\0\0\0\0\0\0\0\0\0\0\0u\333\325G\241\3\0\0\\\237\3\0\0\0\0\0", 3200, MSG_DONTWAIT, NULL, NULL) = 32
19463 1784159801.532985 recvfrom(43, 0x7ffcf06d30, 3200, MSG_DONTWAIT, NULL, NULL) = -1 EAGAIN (Try again)
19463 1784159801.533321 recvfrom(52, 0x7af3c1d420, 2272, MSG_DONTWAIT, NULL, NULL) = -1 EAGAIN (Try again)
19463 1784159801.534023 recvfrom(43, 0x7ffcf05260, 3200, MSG_DONTWAIT, NULL, NULL) = -1 EAGAIN (Try again)
19463 1784159801.558408 recvfrom(43, "nysv\0\0\0\0\0\0\0\0\0\0\0\0\233\345\323H\241\3\0\0]\237\3\0\0\0\0\0", 3200, MSG_DONTWAIT, NULL, NULL) = 32
19463 1784159801.558704 recvfrom(43, 0x7ffcf06d30, 3200, MSG_DONTWAIT, NULL, NULL) = -1 EAGAIN (Try again)
19463 1784159801.559040 recvfrom(52, 0x7af3c1d420, 2272, MSG_DONTWAIT, NULL, NULL) = -1 EAGAIN (Try again)
19463 1784159801.559995 recvfrom(43, 0x7ffcf05260, 3200, MSG_DONTWAIT, NULL, NULL) = -1 EAGAIN (Try again)
19463 1784159801.575857 recvfrom(43, "nysv\0\0\0\0\0\0\0\0\0\0\0\0\322}\320J\241\3\0\0_\237\3\0\0\0\0\0", 3200, MSG_DONTWAIT, NULL, NULL) = 32
19463 1784159801.576128 recvfrom(43, 0x7ffcf06d30, 3200, MSG_DONTWAIT, NULL, NULL) = -1 EAGAIN (Try again)
19463 1784159801.576428 recvfrom(52, 0x7af3c1d420, 2272, MSG_DONTWAIT, NULL, NULL) = -1 EAGAIN (Try again)
19463 1784159801.577005 recvfrom(43, 0x7ffcf05260, 3200, MSG_DONTWAIT, NULL, NULL) = -1 EAGAIN (Try again)
19463 1784159801.593934 recvfrom(43, "nysv\0\0\0\0\0\0\0\0\0\0\0\0y\334\316K\241\3\0\0`\237\3\0\0\0\0\0", 3200, MSG_DONTWAIT, NULL, NULL) = 32
19463 1784159801.594220 recvfrom(43, 0x7ffcf06d30, 3200, MSG_DONTWAIT, NULL, NULL) = -1 EAGAIN (Try again)
19463 1784159801.594638 recvfrom(52, 0x7af3c1d420, 2272, MSG_DONTWAIT, NULL, NULL) = -1 EAGAIN (Try again)
19463 1784159801.595266 recvfrom(43, 0x7ffcf05260, 3200, MSG_DONTWAIT, NULL, NULL) = -1 EAGAIN (Try again)
19463 1784159801.610372 recvfrom(43, "nysv\0\0\0\0\0\0\0\0\0\0\0\0\302<\315L\241\3\0\0a\237\3\0\0\0\0\0", 3200, MSG_DONTWAIT, NULL, NULL) = 32
19463 1784159801.610641 recvfrom(43, 0x7ffcf06d30, 3200, MSG_DONTWAIT, NULL, NULL) = -1 EAGAIN (Try again)
19463 1784159801.610954 recvfrom(52, 0x7af3c1d420, 2272, MSG_DONTWAIT, NULL, NULL) = -1 EAGAIN (Try again)
19463 1784159801.611827 recvfrom(43, 0x7ffcf05260, 3200, MSG_DONTWAIT, NULL, NULL) = -1 EAGAIN (Try again)
19463 1784159801.627700 recvfrom(43, "nysv\0\0\0\0\0\0\0\0\0\0\0\0B\246\313M\241\3\0\0b\237\3\0\0\0\0\0", 3200, MSG_DONTWAIT, NULL, NULL) = 32
19463 1784159801.627954 recvfrom(43, 0x7ffcf06d30, 3200, MSG_DONTWAIT, NULL, NULL) = -1 EAGAIN (Try again)
19463 1784159801.628313 recvfrom(52, 0x7af3c1d420, 2272, MSG_DONTWAIT, NULL, NULL) = -1 EAGAIN (Try again)
19463 1784159801.628987 recvfrom(43, 0x7ffcf05260, 3200, MSG_DONTWAIT, NULL, NULL) = -1 EAGAIN (Try again)
19463 1784159801.646557 recvfrom(43, "nysv\0\0\0\0\0\0\0\0\0\0\0\0c\r\312N\241\3\0\0c\237\3\0\0\0\0\0", 3200, MSG_DONTWAIT, NULL, NULL) = 32
19463 1784159801.646848 recvfrom(43, 0x7ffcf06d30, 3200, MSG_DONTWAIT, NULL, NULL) = -1 EAGAIN (Try again)
19463 1784159801.647201 recvfrom(52, 0x7af3c1d420, 2272, MSG_DONTWAIT, NULL, NULL) = -1 EAGAIN (Try again)
19463 1784159801.647926 recvfrom(43, 0x7ffcf05260, 3200, MSG_DONTWAIT, NULL, NULL) = -1 EAGAIN (Try again)
19463 1784159801.664181 recvfrom(43, "nysv\0\0\0\0\0\0\0\0\0\0\0\0\375v\310O\241\3\0\0d\237\3\0\0\0\0\0", 3200, MSG_DONTWAIT, NULL, NULL) = 32
19463 1784159801.664463 recvfrom(43, 0x7ffcf06d30, 3200, MSG_DONTWAIT, NULL, NULL) = -1 EAGAIN (Try again)
19463 1784159801.664782 recvfrom(52, 0x7af3c1d420, 2272, MSG_DONTWAIT, NULL, NULL) = -1 EAGAIN (Try again)
19463 1784159801.665747 recvfrom(43, 0x7ffcf05260, 3200, MSG_DONTWAIT, NULL, NULL) = -1 EAGAIN (Try again)
19463 1784159801.684594 recvfrom(43, "nysv\0\0\0\0\0\0\0\0\0\0\0\0P\335\306P\241\3\0\0e\237\3\0\0\0\0\0", 3200, MSG_DONTWAIT, NULL, NULL) = 32
19463 1784159801.684894 recvfrom(43, 0x7ffcf06d30, 3200, MSG_DONTWAIT, NULL, NULL) = -1 EAGAIN (Try again)
19463 1784159801.685236 recvfrom(52, 0x7af3c1d420, 2272, MSG_DONTWAIT, NULL, NULL) = -1 EAGAIN (Try again)
19463 1784159801.686062 recvfrom(43, 0x7ffcf05260, 3200, MSG_DONTWAIT, NULL, NULL) = -1 EAGAIN (Try again)
19463 1784159801.711359 recvfrom(43, "nysv\0\0\0\0\0\0\0\0\0\0\0\0\244}\303R\241\3\0\0g\237\3\0\0\0\0\0", 3200, MSG_DONTWAIT, NULL, NULL) = 32
19463 1784159801.711742 recvfrom(43, 0x7ffcf06d30, 3200, MSG_DONTWAIT, NULL, NULL) = -1 EAGAIN (Try again)
19463 1784159801.712069 recvfrom(52, 0x7af3c1d420, 2272, MSG_DONTWAIT, NULL, NULL) = -1 EAGAIN (Try again)
19463 1784159801.712741 recvfrom(43, 0x7ffcf05260, 3200, MSG_DONTWAIT, NULL, NULL) = -1 EAGAIN (Try again)
19463 1784159801.729709 recvfrom(43, "nysv\0\0\0\0\0\0\0\0\0\0\0\0_\330\301S\241\3\0\0h\237\3\0\0\0\0\0", 3200, MSG_DONTWAIT, NULL, NULL) = 32
19463 1784159801.730244 recvfrom(43, 0x7ffcf06d30, 3200, MSG_DONTWAIT, NULL, NULL) = -1 EAGAIN (Try again)
19463 1784159801.730664 recvfrom(52, 0x7af3c1d420, 2272, MSG_DONTWAIT, NULL, NULL) = -1 EAGAIN (Try again)
19463 1784159801.731331 recvfrom(43, 0x7ffcf05260, 3200, MSG_DONTWAIT, NULL, NULL) = -1 EAGAIN (Try again)
19506 1784159801.747817 exit(0)         = ?
19506 1784159801.748432 +++ exited with 0 +++
19463 1784159801.759290 recvfrom(43, "nysv\0\0\0\0\0\0\0\0\0\0\0\0\211(\300T\241\3\0\0i\237\3\0\0\0\0\0", 3200, MSG_DONTWAIT, NULL, NULL) = 32
19463 1784159801.759906 recvfrom(43, 0x7ffcf06d30, 3200, MSG_DONTWAIT, NULL, NULL) = -1 EAGAIN (Try again)
19463 1784159801.760330 recvfrom(52, 0x7af3c1d420, 2272, MSG_DONTWAIT, NULL, NULL) = -1 EAGAIN (Try again)
19463 1784159801.761087 recvfrom(43, 0x7ffcf05260, 3200, MSG_DONTWAIT, NULL, NULL) = -1 EAGAIN (Try again)
19463 1784159801.777698 recvfrom(43, "nysv\0\0\0\0\0\0\0\0\0\0\0\0\335\310\274V\241\3\0\0k\237\3\0\0\0\0\0", 3200, MSG_DONTWAIT, NULL, NULL) = 32
19463 1784159801.778095 recvfrom(43, 0x7ffcf06d30, 3200, MSG_DONTWAIT, NULL, NULL) = -1 EAGAIN (Try again)
19463 1784159801.778421 recvfrom(52, 0x7af3c1d420, 2272, MSG_DONTWAIT, NULL, NULL) = -1 EAGAIN (Try again)
19463 1784159801.779105 recvfrom(43, 0x7ffcf05260, 3200, MSG_DONTWAIT, NULL, NULL) = -1 EAGAIN (Try again)
19504 1784159801.796013 faccessat(AT_FDCWD, "/proc/self/task/19506", F_OK) = -1 ENOENT (No such file or directory)
19463 1784159801.798357 recvfrom(43, "nysv\0\0\0\0\0\0\0\0\0\0\0\0000+\273W\241\3\0\0l\237\3\0\0\0\0\0", 3200, MSG_DONTWAIT, NULL, NULL) = 32
19463 1784159801.798654 recvfrom(43, 0x7ffcf06d30, 3200, MSG_DONTWAIT, NULL, NULL) = -1 EAGAIN (Try again)
19463 1784159801.799009 recvfrom(52, 0x7af3c1d420, 2272, MSG_DONTWAIT, NULL, NULL) = -1 EAGAIN (Try again)
19463 1784159801.799747 recvfrom(43, 0x7ffcf05260, 3200, MSG_DONTWAIT, NULL, NULL) = -1 EAGAIN (Try again)
19463 1784159801.816355 recvfrom(43, "nysv\0\0\0\0\0\0\0\0\0\0\0\0\324f\271X\241\3\0\0m\237\3\0\0\0\0\0", 3200, MSG_DONTWAIT, NULL, NULL) = 32
19463 1784159801.816727 recvfrom(43, 0x7ffcf06d30, 3200, MSG_DONTWAIT, NULL, NULL) = -1 EAGAIN (Try again)
19463 1784159801.817021 recvfrom(52, 0x7af3c1d420, 2272, MSG_DONTWAIT, NULL, NULL) = -1 EAGAIN (Try again)
19463 1784159801.817655 recvfrom(43, 0x7ffcf05260, 3200, MSG_DONTWAIT, NULL, NULL) = -1 EAGAIN (Try again)
19463 1784159801.842297 recvfrom(43, "nysv\0\0\0\0\0\0\0\0\0\0\0\0\321\276\267Y\241\3\0\0n\237\3\0\0\0\0\0", 3200, MSG_DONTWAIT, NULL, NULL) = 32
19463 1784159801.842871 recvfrom(43, 0x7ffcf06d30, 3200, MSG_DONTWAIT, NULL, NULL) = -1 EAGAIN (Try again)
19463 1784159801.843296 recvfrom(52, 0x7af3c1d420, 2272, MSG_DONTWAIT, NULL, NULL) = -1 EAGAIN (Try again)
19463 1784159801.844109 recvfrom(43, 0x7ffcf05260, 3200, MSG_DONTWAIT, NULL, NULL) = -1 EAGAIN (Try again)
19463 1784159801.861258 recvfrom(43, "nysv\0\0\0\0\0\0\0\0\0\0\0\0&n\264[\241\3\0\0p\237\3\0\0\0\0\0", 3200, MSG_DONTWAIT, NULL, NULL) = 32
19463 1784159801.861553 recvfrom(43, 0x7ffcf06d30, 3200, MSG_DONTWAIT, NULL, NULL) = -1 EAGAIN (Try again)
19463 1784159801.862014 recvfrom(52, 0x7af3c1d420, 2272, MSG_DONTWAIT, NULL, NULL) = -1 EAGAIN (Try again)
19463 1784159801.862699 recvfrom(43, 0x7ffcf05260, 3200, MSG_DONTWAIT, NULL, NULL) = -1 EAGAIN (Try again)
19463 1784159801.889696 recvfrom(43, "nysv\0\0\0\0\0\0\0\0\0\0\0\0\34\210\262\\\241\3\0\0q\237\3\0\0\0\0\0", 3200, MSG_DONTWAIT, NULL, NULL) = 32
19463 1784159801.890038 recvfrom(43, 0x7ffcf06d30, 3200, MSG_DONTWAIT, NULL, NULL) = -1 EAGAIN (Try again)
19463 1784159801.890455 recvfrom(52, 0x7af3c1d420, 2272, MSG_DONTWAIT, NULL, NULL) = -1 EAGAIN (Try again)
19463 1784159801.891065 recvfrom(43, 0x7ffcf05260, 3200, MSG_DONTWAIT, NULL, NULL) = -1 EAGAIN (Try again)
19463 1784159801.911459 recvfrom(43, "nysv\0\0\0\0\0\0\0\0\0\0\0\0,E\257^\241\3\0\0s\237\3\0\0\0\0\0", 3200, MSG_DONTWAIT, NULL, NULL) = 32
19463 1784159801.911775 recvfrom(43, 0x7ffcf06d30, 3200, MSG_DONTWAIT, NULL, NULL) = -1 EAGAIN (Try again)
19463 1784159801.912202 recvfrom(52, 0x7af3c1d420, 2272, MSG_DONTWAIT, NULL, NULL) = -1 EAGAIN (Try again)
19463 1784159801.912818 recvfrom(43, 0x7ffcf05260, 3200, MSG_DONTWAIT, NULL, NULL) = -1 EAGAIN (Try again)
19463 1784159801.927268 recvfrom(43, "nysv\0\0\0\0\0\0\0\0\0\0\0\0V\225\255_\241\3\0\0t\237\3\0\0\0\0\0", 3200, MSG_DONTWAIT, NULL, NULL) = 32
19463 1784159801.927525 recvfrom(43, 0x7ffcf06d30, 3200, MSG_DONTWAIT, NULL, NULL) = -1 EAGAIN (Try again)
19463 1784159801.927941 recvfrom(52, 0x7af3c1d420, 2272, MSG_DONTWAIT, NULL, NULL) = -1 EAGAIN (Try again)
19463 1784159801.928533 recvfrom(43, 0x7ffcf05260, 3200, MSG_DONTWAIT, NULL, NULL) = -1 EAGAIN (Try again)
19463 1784159801.948293 recvfrom(43, "nysv\0\0\0\0\0\0\0\0\0\0\0\0\260\353\252`\241\3\0\0u\237\3\0\0\0\0\0", 3200, MSG_DONTWAIT, NULL, NULL) = 32
19463 1784159801.948628 recvfrom(43, 0x7ffcf06d30, 3200, MSG_DONTWAIT, NULL, NULL) = -1 EAGAIN (Try again)
19463 1784159801.948930 recvfrom(52, 0x7af3c1d420, 2272, MSG_DONTWAIT, NULL, NULL) = -1 EAGAIN (Try again)
19463 1784159801.949571 recvfrom(43, 0x7ffcf05260, 3200, MSG_DONTWAIT, NULL, NULL) = -1 EAGAIN (Try again)
19463 1784159801.967609 recvfrom(43, "nysv\0\0\0\0\0\0\0\0\0\0\0\0\332;\251a\241\3\0\0v\237\3\0\0\0\0\0", 3200, MSG_DONTWAIT, NULL, NULL) = 32
19463 1784159801.967892 recvfrom(43, 0x7ffcf06d30, 3200, MSG_DONTWAIT, NULL, NULL) = -1 EAGAIN (Try again)
19463 1784159801.968186 recvfrom(52, 0x7af3c1d420, 2272, MSG_DONTWAIT, NULL, NULL) = -1 EAGAIN (Try again)
19463 1784159801.968798 recvfrom(43, 0x7ffcf05260, 3200, MSG_DONTWAIT, NULL, NULL) = -1 EAGAIN (Try again)
19463 1784159801.993438 recvfrom(43, "nysv\0\0\0\0\0\0\0\0\0\0\0\0qu\247b\241\3\0\0w\237\3\0\0\0\0\0", 3200, MSG_DONTWAIT, NULL, NULL) = 32
19463 1784159801.993737 recvfrom(43, 0x7ffcf06d30, 3200, MSG_DONTWAIT, NULL, NULL) = -1 EAGAIN (Try again)
19463 1784159801.994145 recvfrom(52, 0x7af3c1d420, 2272, MSG_DONTWAIT, NULL, NULL) = -1 EAGAIN (Try again)
19463 1784159801.994795 recvfrom(43, 0x7ffcf05260, 3200, MSG_DONTWAIT, NULL, NULL) = -1 EAGAIN (Try again)
19463 1784159802.010476 recvfrom(43, "nysv\0\0\0\0\0\0\0\0\0\0\0\0\305\25\244d\241\3\0\0y\237\3\0\0\0\0\0", 3200, MSG_DONTWAIT, NULL, NULL) = 32
19463 1784159802.010850 recvfrom(43, 0x7ffcf06d30, 3200, MSG_DONTWAIT, NULL, NULL) = -1 EAGAIN (Try again)
19463 1784159802.011178 recvfrom(52, 0x7af3c1d420, 2272, MSG_DONTWAIT, NULL, NULL) = -1 EAGAIN (Try again)
19463 1784159802.011845 recvfrom(43, 0x7ffcf05260, 3200, MSG_DONTWAIT, NULL, NULL) = -1 EAGAIN (Try again)
19463 1784159802.031032 recvfrom(43, "nysv\0\0\0\0\0\0\0\0\0\0\0\0\357e\242e\241\3\0\0z\237\3\0\0\0\0\0", 3200, MSG_DONTWAIT, NULL, NULL) = 32
19463 1784159802.031296 recvfrom(43, 0x7ffcf06d30, 3200, MSG_DONTWAIT, NULL, NULL) = -1 EAGAIN (Try again)
19463 1784159802.031587 recvfrom(52, 0x7af3c1d420, 2272, MSG_DONTWAIT, NULL, NULL) = -1 EAGAIN (Try again)
19463 1784159802.032206 recvfrom(43, 0x7ffcf05260, 3200, MSG_DONTWAIT, NULL, NULL) = -1 EAGAIN (Try again)
19463 1784159802.049091 recvfrom(43, "nysv\0\0\0\0\0\0\0\0\0\0\0\0\232\307\240f\241\3\0\0{\237\3\0\0\0\0\0", 3200, MSG_DONTWAIT, NULL, NULL) = 32
19463 1784159802.049361 recvfrom(43, 0x7ffcf06d30, 3200, MSG_DONTWAIT, NULL, NULL) = -1 EAGAIN (Try again)
19463 1784159802.049652 recvfrom(52, 0x7af3c1d420, 2272, MSG_DONTWAIT, NULL, NULL) = -1 EAGAIN (Try again)
19463 1784159802.050356 recvfrom(43, 0x7ffcf05260, 3200, MSG_DONTWAIT, NULL, NULL) = -1 EAGAIN (Try again)
19463 1784159802.065047 recvfrom(43, "nysv\0\0\0\0\0\0\0\0\0\0\0\0f\370\236g\241\3\0\0|\237\3\0\0\0\0\0", 3200, MSG_DONTWAIT, NULL, NULL) = 32
19463 1784159802.065328 recvfrom(43, 0x7ffcf06d30, 3200, MSG_DONTWAIT, NULL, NULL) = -1 EAGAIN (Try again)
19463 1784159802.065707 recvfrom(52, 0x7af3c1d420, 2272, MSG_DONTWAIT, NULL, NULL) = -1 EAGAIN (Try again)
19463 1784159802.066428 recvfrom(43, 0x7ffcf05260, 3200, MSG_DONTWAIT, NULL, NULL) = -1 EAGAIN (Try again)
19463 1784159802.083054 recvfrom(43, "nysv\0\0\0\0\0\0\0\0\0\0\0\0\220H\235h\241\3\0\0}\237\3\0\0\0\0\0", 3200, MSG_DONTWAIT, NULL, NULL) = 32
19463 1784159802.083398 recvfrom(43, 0x7ffcf06d30, 3200, MSG_DONTWAIT, NULL, NULL) = -1 EAGAIN (Try again)
19463 1784159802.083799 recvfrom(52, 0x7af3c1d420, 2272, MSG_DONTWAIT, NULL, NULL) = -1 EAGAIN (Try again)
19463 1784159802.084615 recvfrom(43, 0x7ffcf05260, 3200, MSG_DONTWAIT, NULL, NULL) = -1 EAGAIN (Try again)
19463 1784159802.110089 recvfrom(43, "nysv\0\0\0\0\0\0\0\0\0\0\0\0\272\230\233i\241\3\0\0~\237\3\0\0\0\0\0", 3200, MSG_DONTWAIT, NULL, NULL) = 32
19463 1784159802.110463 recvfrom(43, 0x7ffcf06d30, 3200, MSG_DONTWAIT, NULL, NULL) = -1 EAGAIN (Try again)
19463 1784159802.110807 recvfrom(52, 0x7af3c1d420, 2272, MSG_DONTWAIT, NULL, NULL) = -1 EAGAIN (Try again)
19463 1784159802.111486 recvfrom(43, 0x7ffcf05260, 3200, MSG_DONTWAIT, NULL, NULL) = -1 EAGAIN (Try again)
19463 1784159802.127597 recvfrom(43, "nysv\0\0\0\0\0\0\0\0\0\0\0\0\169\230k\241\3\0\0\200\237\3\0\0\0\0\0", 3200, MSG_DONTWAIT, NULL, NULL) = 32
19463 1784159802.127926 recvfrom(43, 0x7ffcf06d30, 3200, MSG_DONTWAIT, NULL, NULL) = -1 EAGAIN (Try again)
19463 1784159802.128309 recvfrom(52, 0x7af3c1d420, 2272, MSG_DONTWAIT, NULL, NULL) = -1 EAGAIN (Try again)
19463 1784159802.128968 recvfrom(43, 0x7ffcf05260, 3200, MSG_DONTWAIT, NULL, NULL) = -1 EAGAIN (Try again)
19463 1784159802.145662 recvfrom(43, "nysv\0\0\0\0\0\0\0\0\0\0\0\08\211\226l\241\3\0\0\201\237\3\0\0\0\0\0", 3200, MSG_DONTWAIT, NULL, NULL) = 32
19463 1784159802.146041 recvfrom(43, 0x7ffcf06d30, 3200, MSG_DONTWAIT, NULL, NULL) = -1 EAGAIN (Try again)
19463 1784159802.146386 recvfrom(52, 0x7af3c1d420, 2272, MSG_DONTWAIT, NULL, NULL) = -1 EAGAIN (Try again)
19463 1784159802.147290 recvfrom(43, 0x7ffcf05260, 3200, MSG_DONTWAIT, NULL, NULL) = -1 EAGAIN (Try again)
19463 1784159802.164705 recvfrom(43, "nysv\0\0\0\0\0\0\0\0\0\0\0\0\10\361\224m\241\3\0\0\202\237\3\0\0\0\0\0", 3200, MSG_DONTWAIT, NULL, NULL) = 32
19463 1784159802.165614 recvfrom(43, 0x7ffcf06d30, 3200, MSG_DONTWAIT, NULL, NULL) = -1 EAGAIN (Try again)
19463 1784159802.166170 recvfrom(52, 0x7af3c1d420, 2272, MSG_DONTWAIT, NULL, NULL) = -1 EAGAIN (Try again)
19463 1784159802.166876 recvfrom(43, 0x7ffcf05260, 3200, MSG_DONTWAIT, NULL, NULL) = -1 EAGAIN (Try again)
19463 1784159802.184426 recvfrom(43, "nysv\0\0\0\0\0\0\0\0\0\0\0\0d\"\223n\241\3\0\0\203\237\3\0\0\0\0\0", 3200, MSG_DONTWAIT, NULL, NULL) = 32
19463 1784159802.184758 recvfrom(43, 0x7ffcf06d30, 3200, MSG_DONTWAIT, NULL, NULL) = -1 EAGAIN (Try again)
19463 1784159802.185207 recvfrom(52, 0x7af3c1d420, 2272, MSG_DONTWAIT, NULL, NULL) = -1 EAGAIN (Try again)
19463 1784159802.186001 recvfrom(43, 0x7ffcf05260, 3200, MSG_DONTWAIT, NULL, NULL) = -1 EAGAIN (Try again)
19463 1784159802.214383 recvfrom(43, "nysv\0\0\0\0\0\0\0\0\0\0\0\0\270\302\217p\241\3\0\0\205\237\3\0\0\0\0\0", 3200, MSG_DONTWAIT, NULL, NULL) = 32
19463 1784159802.214685 recvfrom(43, 0x7ffcf06d30, 3200, MSG_DONTWAIT, NULL, NULL) = -1 EAGAIN (Try again)
19463 1784159802.215028 recvfrom(52, 0x7af3c1d420, 2272, MSG_DONTWAIT, NULL, NULL) = -1 EAGAIN (Try again)
19463 1784159802.215734 recvfrom(43, 0x7ffcf05260, 3200, MSG_DONTWAIT, NULL, NULL) = -1 EAGAIN (Try again)
19463 1784159802.235833 recvfrom(43, "nysv\0\0\0\0\0\0\0\0\0\0\0\0\342\22\216q\241\3\0\0\206\237\3\0\0\0\0\0", 3200, MSG_DONTWAIT, NULL, NULL) = 32
19463 1784159802.236791 recvfrom(43, 0x7ffcf06d30, 3200, MSG_DONTWAIT, NULL, NULL) = -1 EAGAIN (Try again)
19463 1784159802.237483 recvfrom(52, 0x7af3c1d420, 2272, MSG_DONTWAIT, NULL, NULL) = -1 EAGAIN (Try again)
19463 1784159802.238958 recvfrom(43, 0x7ffcf05260, 3200, MSG_DONTWAIT, NULL, NULL) = -1 EAGAIN (Try again)
19463 1784159802.260311 recvfrom(43, "nysv\0\0\0\0\0\0\0\0\0\0\0\0006\263\212s\241\3\0\0\210\237\3\0\0\0\0\0", 3200, MSG_DONTWAIT, NULL, NULL) = 32
19463 1784159802.260690 recvfrom(43, 0x7ffcf06d30, 3200, MSG_DONTWAIT, NULL, NULL) = -1 EAGAIN (Try again)
19463 1784159802.261036 recvfrom(52, 0x7af3c1d420, 2272, MSG_DONTWAIT, NULL, NULL) = -1 EAGAIN (Try again)
19463 1784159802.261744 recvfrom(43, 0x7ffcf05260, 3200, MSG_DONTWAIT, NULL, NULL) = -1 EAGAIN (Try again)
19463 1784159802.278363 recvfrom(43, "nysv\0\0\0\0\0\0\0\0\0\0\0\0`\3\211t\241\3\0\0\211\237\3\0\0\0\0\0", 3200, MSG_DONTWAIT, NULL, NULL) = 32
19463 1784159802.278794 recvfrom(43, 0x7ffcf06d30, 3200, MSG_DONTWAIT, NULL, NULL) = -1 EAGAIN (Try again)
19463 1784159802.279098 recvfrom(52, 0x7af3c1d420, 2272, MSG_DONTWAIT, NULL, NULL) = -1 EAGAIN (Try again)
19463 1784159802.279716 recvfrom(43, 0x7ffcf05260, 3200, MSG_DONTWAIT, NULL, NULL) = -1 EAGAIN (Try again)
19463 1784159802.295740 recvfrom(43, "nysv\0\0\0\0\0\0\0\0\0\0\0\0oR\207u\241\3\0\0\212\237\3\0\0\0\0\0", 3200, MSG_DONTWAIT, NULL, NULL) = 32
19463 1784159802.296198 recvfrom(43, 0x7ffcf06d30, 3200, MSG_DONTWAIT, NULL, NULL) = -1 EAGAIN (Try again)
19463 1784159802.296544 recvfrom(52, 0x7af3c1d420, 2272, MSG_DONTWAIT, NULL, NULL) = -1 EAGAIN (Try again)
19463 1784159802.297250 recvfrom(43, 0x7ffcf05260, 3200, MSG_DONTWAIT, NULL, NULL) = -1 EAGAIN (Try again)
19463 1784159802.313702 recvfrom(43, "nysv\0\0\0\0\0\0\0\0\0\0\0\0\334\252\205v\241\3\0\0\213\237\3\0\0\0\0\0", 3200, MSG_DONTWAIT, NULL, NULL) = 32
19463 1784159802.314002 recvfrom(43, 0x7ffcf06d30, 3200, MSG_DONTWAIT, NULL, NULL) = -1 EAGAIN (Try again)
19463 1784159802.314389 recvfrom(52, 0x7af3c1d420, 2272, MSG_DONTWAIT, NULL, NULL) = -1 EAGAIN (Try again)
19463 1784159802.315067 recvfrom(43, 0x7ffcf05260, 3200, MSG_DONTWAIT, NULL, NULL) = -1 EAGAIN (Try again)
19463 1784159802.331882 recvfrom(43, "nysv\0\0\0\0\0\0\0\0\0\0\0\0\6\373\203w\241\3\0\0\214\237\3\0\0\0\0\0", 3200, MSG_DONTWAIT, NULL, NULL) = 32
19463 1784159802.332236 recvfrom(43, 0x7ffcf06d30, 3200, MSG_DONTWAIT, NULL, NULL) = -1 EAGAIN (Try again)
19463 1784159802.332724 recvfrom(52, 0x7af3c1d420, 2272, MSG_DONTWAIT, NULL, NULL) = -1 EAGAIN (Try again)
19463 1784159802.333405 recvfrom(43, 0x7ffcf05260, 3200, MSG_DONTWAIT, NULL, NULL) = -1 EAGAIN (Try again)
19463 1784159802.354959 recvfrom(43, "nysv\0\0\0\0\0\0\0\0\0\0\0\0\253f\202x\241\3\0\0\215\237\3\0\0\0\0\0", 3200, MSG_DONTWAIT, NULL, NULL) = 32
19463 1784159802.355275 recvfrom(43, 0x7ffcf06d30, 3200, MSG_DONTWAIT, NULL, NULL) = -1 EAGAIN (Try again)
19463 1784159802.355608 recvfrom(52, 0x7af3c1d420, 2272, MSG_DONTWAIT, NULL, NULL) = -1 EAGAIN (Try again)
19463 1784159802.356431 recvfrom(43, 0x7ffcf05260, 3200, MSG_DONTWAIT, NULL, NULL) = -1 EAGAIN (Try again)
19463 1784159802.378127 recvfrom(43, "nysv\0\0\0\0\0\0\0\0\0\0\0\0\23\34\177z\241\3\0\0\217\237\3\0\0\0\0\0", 3200, MSG_DONTWAIT, NULL, NULL) = 32
19463 1784159802.378427 recvfrom(43, 0x7ffcf06d30, 3200, MSG_DONTWAIT, NULL, NULL) = -1 EAGAIN (Try again)
19463 1784159802.378768 recvfrom(52, 0x7af3c1d420, 2272, MSG_DONTWAIT, NULL, NULL) = -1 EAGAIN (Try again)
19463 1784159802.379499 recvfrom(43, 0x7ffcf05260, 3200, MSG_DONTWAIT, NULL, NULL) = -1 EAGAIN (Try again)
19463 1784159802.396506 recvfrom(43, "nysv\0\0\0\0\0\0\0\0\0\0\0\0^}}{\241\3\0\0\220\237\3\0\0\0\0\0", 3200, MSG_DONTWAIT, NULL, NULL) = 32
19463 1784159802.396772 recvfrom(43, 0x7ffcf06d30, 3200, MSG_DONTWAIT, NULL, NULL) = -1 EAGAIN (Try again)
19463 1784159802.397056 recvfrom(52, 0x7af3c1d420, 2272, MSG_DONTWAIT, NULL, NULL) = -1 EAGAIN (Try again)
19463 1784159802.397716 recvfrom(43, 0x7ffcf05260, 3200, MSG_DONTWAIT, NULL, NULL) = -1 EAGAIN (Try again)
19463 1784159802.415535 recvfrom(43, "nysv\0\0\0\0\0\0\0\0\0\0\0\0/\260{|\241\3\0\0\221\237\3\0\0\0\0\0", 3200, MSG_DONTWAIT, NULL, NULL) = 32
19463 1784159802.415849 recvfrom(43, 0x7ffcf06d30, 3200, MSG_DONTWAIT, NULL, NULL) = -1 EAGAIN (Try again)
19463 1784159802.416300 recvfrom(52, 0x7af3c1d420, 2272, MSG_DONTWAIT, NULL, NULL) = -1 EAGAIN (Try again)
19463 1784159802.417012 recvfrom(43, 0x7ffcf05260, 3200, MSG_DONTWAIT, NULL, NULL) = -1 EAGAIN (Try again)
19463 1784159802.444549 recvfrom(43, "nysv\0\0\0\0\0\0\0\0\0\0\0\0Y\0z}\241\3\0\0\222\237\3\0\0\0\0\0", 3200, MSG_DONTWAIT, NULL, NULL) = 32
19463 1784159802.444910 recvfrom(43, 0x7ffcf06d30, 3200, MSG_DONTWAIT, NULL, NULL) = -1 EAGAIN (Try again)
19463 1784159802.445244 recvfrom(52, 0x7af3c1d420, 2272, MSG_DONTWAIT, NULL, NULL) = -1 EAGAIN (Try again)
19463 1784159802.445949 recvfrom(43, 0x7ffcf05260, 3200, MSG_DONTWAIT, NULL, NULL) = -1 EAGAIN (Try again)
19463 1784159802.462184 recvfrom(43, "nysv\0\0\0\0\0\0\0\0\0\0\0\0\255\240v\177\241\3\0\0\224\237\3\0\0\0\0\0", 3200, MSG_DONTWAIT, NULL, NULL) = 32
19463 1784159802.462450 recvfrom(43, 0x7ffcf06d30, 3200, MSG_DONTWAIT, NULL, NULL) = -1 EAGAIN (Try again)
19463 1784159802.462740 recvfrom(52, 0x7af3c1d420, 2272, MSG_DONTWAIT, NULL, NULL) = -1 EAGAIN (Try again)
19463 1784159802.463301 recvfrom(43, 0x7ffcf05260, 3200, MSG_DONTWAIT, NULL, NULL) = -1 EAGAIN (Try again)
19463 1784159802.481660 recvfrom(43, "nysv\0\0\0\0\0\0\0\0\0\0\0\0\327\360t\200\241\3\0\0\225\237\3\0\0\0\0\0", 3200, MSG_DONTWAIT, NULL, NULL) = 32
19463 1784159802.482060 recvfrom(43, 0x7ffcf06d30, 3200, MSG_DONTWAIT, NULL, NULL) = -1 EAGAIN (Try again)
19463 1784159802.482361 recvfrom(52, 0x7af3c1d420, 2272, MSG_DONTWAIT, NULL, NULL) = -1 EAGAIN (Try again)
19463 1784159802.482955 recvfrom(43, 0x7ffcf05260, 3200, MSG_DONTWAIT, NULL, NULL) = -1 EAGAIN (Try again)
19463 1784159802.500892 recvfrom(43, "nysv\0\0\0\0\0\0\0\0\0\0\0\0\1As\201\241\3\0\0\226\237\3\0\0\0\0\0", 3200, MSG_DONTWAIT, NULL, NULL) = 32
19463 1784159802.501176 recvfrom(43, 0x7ffcf06d30, 3200, MSG_DONTWAIT, NULL, NULL) = -1 EAGAIN (Try again)
19463 1784159802.501458 recvfrom(52, 0x7af3c1d420, 2272, MSG_DONTWAIT, NULL, NULL) = -1 EAGAIN (Try again)
19463 1784159802.502525 recvfrom(43, 0x7ffcf05260, 3200, MSG_DONTWAIT, NULL, NULL) = -1 EAGAIN (Try again)
19463 1784159802.530559 recvfrom(43, "nysv\0\0\0\0\0\0\0\0\0\0\0\0T\362o\203\241\3\0\0\230\237\3\0\0\0\0\0", 3200, MSG_DONTWAIT, NULL, NULL) = 32
19463 1784159802.530938 recvfrom(43, 0x7ffcf06d30, 3200, MSG_DONTWAIT, NULL, NULL) = -1 EAGAIN (Try again)
19463 1784159802.531272 recvfrom(52, 0x7af3c1d420, 2272, MSG_DONTWAIT, NULL, NULL) = -1 EAGAIN (Try again)
19463 1784159802.531985 recvfrom(43, 0x7ffcf05260, 3200, MSG_DONTWAIT, NULL, NULL) = -1 EAGAIN (Try again)
19463 1784159802.548250 recvfrom(43, "nysv\0\0\0\0\0\0\0\0\0\0\0\0~Bn\204\241\3\0\0\231\237\3\0\0\0\0\0", 3200, MSG_DONTWAIT, NULL, NULL) = 32
19463 1784159802.548542 recvfrom(43, 0x7ffcf06d30, 3200, MSG_DONTWAIT, NULL, NULL) = -1 EAGAIN (Try again)
19463 1784159802.548884 recvfrom(52, 0x7af3c1d420, 2272, MSG_DONTWAIT, NULL, NULL) = -1 EAGAIN (Try again)
19463 1784159802.549548 recvfrom(43, 0x7ffcf05260, 3200, MSG_DONTWAIT, NULL, NULL) = -1 EAGAIN (Try again)
19463 1784159802.567866 recvfrom(43, "nysv\0\0\0\0\0\0\0\0\0\0\0\0\250\222l\205\241\3\0\0\232\237\3\0\0\0\0\0", 3200, MSG_DONTWAIT, NULL, NULL) = 32
19463 1784159802.568199 recvfrom(43, 0x7ffcf06d30, 3200, MSG_DONTWAIT, NULL, NULL) = -1 EAGAIN (Try again)
19463 1784159802.568500 recvfrom(52, 0x7af3c1d420, 2272, MSG_DONTWAIT, NULL, NULL) = -1 EAGAIN (Try again)
19463 1784159802.569474 recvfrom(43, 0x7ffcf05260, 3200, MSG_DONTWAIT, NULL, NULL) = -1 EAGAIN (Try again)
19463 1784159802.593631 recvfrom(43, "nysv\0\0\0\0\0\0\0\0\0\0\0\0\346Li\207\241\3\0\0\234\237\3\0\0\0\0\0", 3200, MSG_DONTWAIT, NULL, NULL) = 32
19463 1784159802.593956 recvfrom(43, 0x7ffcf06d30, 3200, MSG_DONTWAIT, NULL, NULL) = -1 EAGAIN (Try again)
19463 1784159802.594357 recvfrom(52, 0x7af3c1d420, 2272, MSG_DONTWAIT, NULL, NULL) = -1 EAGAIN (Try again)
19463 1784159802.594967 recvfrom(43, 0x7ffcf05260, 3200, MSG_DONTWAIT, NULL, NULL) = -1 EAGAIN (Try again)
19463 1784159802.610805 recvfrom(43, "nysv\0\0\0\0\0\0\0\0\0\0\0\0\301\250g\210\241\3\0\0\235\237\3\0\0\0\0\0", 3200, MSG_DONTWAIT, NULL, NULL) = 32
19463 1784159802.611051 recvfrom(43, 0x7ffcf06d30, 3200, MSG_DONTWAIT, NULL, NULL) = -1 EAGAIN (Try again)
19463 1784159802.611358 recvfrom(52, 0x7af3c1d420, 2272, MSG_DONTWAIT, NULL, NULL) = -1 EAGAIN (Try again)
19463 1784159802.612317 recvfrom(43, 0x7ffcf05260, 3200, MSG_DONTWAIT, NULL, NULL) = -1 EAGAIN (Try again)
19463 1784159802.628998 recvfrom(43, "nysv\0\0\0\0\0\0\0\0\0\0\0\0?\21f\211\241\3\0\0\236\237\3\0\0\0\0\0", 3200, MSG_DONTWAIT, NULL, NULL) = 32
19463 1784159802.629276 recvfrom(43, 0x7ffcf06d30, 3200, MSG_DONTWAIT, NULL, NULL) = -1 EAGAIN (Try again)
19463 1784159802.629582 recvfrom(52, 0x7af3c1d420, 2272, MSG_DONTWAIT, NULL, NULL) = -1 EAGAIN (Try again)
19463 1784159802.630337 recvfrom(43, 0x7ffcf05260, 3200, MSG_DONTWAIT, NULL, NULL) = -1 EAGAIN (Try again)
19463 1784159802.647099 recvfrom(43, "nysv\0\0\0\0\0\0\0\0\0\0\0\0y.d\212\241\3\0\0\237\237\3\0\0\0\0\0", 3200, MSG_DONTWAIT, NULL, NULL) = 32
19463 1784159802.647410 recvfrom(43, 0x7ffcf06d30, 3200, MSG_DONTWAIT, NULL, NULL) = -1 EAGAIN (Try again)
19463 1784159802.647733 recvfrom(52, 0x7af3c1d420, 2272, MSG_DONTWAIT, NULL, NULL) = -1 EAGAIN (Try again)
19463 1784159802.648442 recvfrom(43, 0x7ffcf05260, 3200, MSG_DONTWAIT, NULL, NULL) = -1 EAGAIN (Try again)
19463 1784159802.665537 recvfrom(43, "nysv\0\0\0\0\0\0\0\0\0\0\0\0\345\224b\213\241\3\0\0\240\237\3\0\0\0\0\0", 3200, MSG_DONTWAIT, NULL, NULL) = 32
19463 1784159802.665853 recvfrom(43, 0x7ffcf06d30, 3200, MSG_DONTWAIT, NULL, NULL) = -1 EAGAIN (Try again)
19463 1784159802.666490 recvfrom(52, 0x7af3c1d420, 2272, MSG_DONTWAIT, NULL, NULL) = -1 EAGAIN (Try again)
19463 1784159802.667242 recvfrom(43, 0x7ffcf05260, 3200, MSG_DONTWAIT, NULL, NULL) = -1 EAGAIN (Try again)
19463 1784159802.683970 recvfrom(43, "nysv\0\0\0\0\0\0\0\0\0\0\0\0\325\364`\214\241\3\0\0\241\237\3\0\0\0\0\0", 3200, MSG_DONTWAIT, NULL, NULL) = 32
19463 1784159802.684299 recvfrom(43, 0x7ffcf06d30, 3200, MSG_DONTWAIT, NULL, NULL) = -1 EAGAIN (Try again)
19463 1784159802.684682 recvfrom(52, 0x7af3c1d420, 2272, MSG_DONTWAIT, NULL, NULL) = -1 EAGAIN (Try again)
19463 1784159802.685481 recvfrom(43, 0x7ffcf05260, 3200, MSG_DONTWAIT, NULL, NULL) = -1 EAGAIN (Try again)
19463 1784159802.711511 recvfrom(43, "nysv\0\0\0\0\0\0\0\0\0\0\0\0\31\\_\215\241\3\0\0\242\237\3\0\0\0\0\0", 3200, MSG_DONTWAIT, NULL, NULL) = 32
19463 1784159802.711824 recvfrom(43, 0x7ffcf06d30, 3200, MSG_DONTWAIT, NULL, NULL) = -1 EAGAIN (Try again)
19463 1784159802.712171 recvfrom(52, 0x7af3c1d420, 2272, MSG_DONTWAIT, NULL, NULL) = -1 EAGAIN (Try again)
19463 1784159802.712875 recvfrom(43, 0x7ffcf05260, 3200, MSG_DONTWAIT, NULL, NULL) = -1 EAGAIN (Try again)
19463 1784159802.730751 recvfrom(43, "nysv\0\0\0\0\0\0\0\0\0\0\0\0#\23\\\217\241\3\0\0\244\237\3\0\0\0\0\0", 3200, MSG_DONTWAIT, NULL, NULL) = 32
19463 1784159802.731080 recvfrom(43, 0x7ffcf06d30, 3200, MSG_DONTWAIT, NULL, NULL) = -1 EAGAIN (Try again)
19463 1784159802.731374 recvfrom(52, 0x7af3c1d420, 2272, MSG_DONTWAIT, NULL, NULL) = -1 EAGAIN (Try again)
19463 1784159802.731966 recvfrom(43, 0x7ffcf05260, 3200, MSG_DONTWAIT, NULL, NULL) = -1 EAGAIN (Try again)
19463 1784159802.752020 recvfrom(43, "nysv\0\0\0\0\0\0\0\0\0\0\0\0\264bZ\220\241\3\0\0\245\237\3\0\0\0\0\0", 3200, MSG_DONTWAIT, NULL, NULL) = 32
19463 1784159802.752398 recvfrom(43, 0x7ffcf06d30, 3200, MSG_DONTWAIT, NULL, NULL) = -1 EAGAIN (Try again)
19463 1784159802.752780 recvfrom(52, 0x7af3c1d420, 2272, MSG_DONTWAIT, NULL, NULL) = -1 EAGAIN (Try again)
19463 1784159802.753438 recvfrom(43, 0x7ffcf05260, 3200, MSG_DONTWAIT, NULL, NULL) = -1 EAGAIN (Try again)
19463 1784159802.779273 recvfrom(43, "nysv\0\0\0\0\0\0\0\0\0\0\0\0w\5W\222\241\3\0\0\247\237\3\0\0\0\0\0", 3200, MSG_DONTWAIT, NULL, NULL) = 32
19463 1784159802.779548 recvfrom(43, 0x7ffcf06d30, 3200, MSG_DONTWAIT, NULL, NULL) = -1 EAGAIN (Try again)
19463 1784159802.779880 recvfrom(52, 0x7af3c1d420, 2272, MSG_DONTWAIT, NULL, NULL) = -1 EAGAIN (Try again)
19463 1784159802.780518 recvfrom(43, 0x7ffcf05260, 3200, MSG_DONTWAIT, NULL, NULL) = -1 EAGAIN (Try again)
19463 1784159802.799246 recvfrom(43, "nysv\0\0\0\0\0\0\0\0\0\0\0\0\356HU\223\241\3\0\0\250\237\3\0\0\0\0\0", 3200, MSG_DONTWAIT, NULL, NULL) = 32
19463 1784159802.799537 recvfrom(43, 0x7ffcf06d30, 3200, MSG_DONTWAIT, NULL, NULL) = -1 EAGAIN (Try again)
19463 1784159802.799828 recvfrom(52, 0x7af3c1d420, 2272, MSG_DONTWAIT, NULL, NULL) = -1 EAGAIN (Try again)
19463 1784159802.800486 recvfrom(43, 0x7ffcf05260, 3200, MSG_DONTWAIT, NULL, NULL) = -1 EAGAIN (Try again)
19463 1784159802.816102 recvfrom(43, "nysv\0\0\0\0\0\0\0\0\0\0\0\0c\250S\224\241\3\0\0\251\237\3\0\0\0\0\0", 3200, MSG_DONTWAIT, NULL, NULL) = 32
19463 1784159802.816470 recvfrom(43, 0x7ffcf06d30, 3200, MSG_DONTWAIT, NULL, NULL) = -1 EAGAIN (Try again)
19463 1784159802.816782 recvfrom(52, 0x7af3c1d420, 2272, MSG_DONTWAIT, NULL, NULL) = -1 EAGAIN (Try again)
19463 1784159802.817461 recvfrom(43, 0x7ffcf05260, 3200, MSG_DONTWAIT, NULL, NULL) = -1 EAGAIN (Try again)
19463 1784159802.844217 recvfrom(43, "nysv\0\0\0\0\0\0\0\0\0\0\0\0\330\nR\225\241\3\0\0\252\237\3\0\0\0\0\0", 3200, MSG_DONTWAIT, NULL, NULL) = 32
19463 1784159802.844558 recvfrom(43, 0x7ffcf06d30, 3200, MSG_DONTWAIT, NULL, NULL) = -1 EAGAIN (Try again)
19463 1784159802.844944 recvfrom(52, 0x7af3c1d420, 2272, MSG_DONTWAIT, NULL, NULL) = -1 EAGAIN (Try again)
19463 1784159802.845702 recvfrom(43, 0x7ffcf05260, 3200, MSG_DONTWAIT, NULL, NULL) = -1 EAGAIN (Try again)
19463 1784159802.862910 recvfrom(43, "nysv\0\0\0\0\0\0\0\0\0\0\0\0\234\314N\227\241\3\0\0\254\237\3\0\0\0\0\0", 3200, MSG_DONTWAIT, NULL, NULL) = 32
19463 1784159802.863244 recvfrom(43, 0x7ffcf06d30, 3200, MSG_DONTWAIT, NULL, NULL) = -1 EAGAIN (Try again)
19463 1784159802.863644 recvfrom(52, 0x7af3c1d420, 2272, MSG_DONTWAIT, NULL, NULL) = -1 EAGAIN (Try again)
19463 1784159802.864564 recvfrom(43, 0x7ffcf05260, 3200, MSG_DONTWAIT, NULL, NULL) = -1 EAGAIN (Try again)
19463 1784159802.884328 recvfrom(43, "nysv\0\0\0\0\0\0\0\0\0\0\0\0\16/M\230\241\3\0\0\255\237\3\0\0\0\0\0", 3200, MSG_DONTWAIT, NULL, NULL) = 32
19463 1784159802.884669 recvfrom(43, 0x7ffcf06d30, 3200, MSG_DONTWAIT, NULL, NULL) = -1 EAGAIN (Try again)
19463 1784159802.885005 recvfrom(52, 0x7af3c1d420, 2272, MSG_DONTWAIT, NULL, NULL) = -1 EAGAIN (Try again)
19463 1784159802.885657 recvfrom(43, 0x7ffcf05260, 3200, MSG_DONTWAIT, NULL, NULL) = -1 EAGAIN (Try again)
19463 1784159802.909643 recvfrom(43, "nysv\0\0\0\0\0\0\0\0\0\0\0\0M\301J\231\241\3\0\0\256\237\3\0\0\0\0\0", 3200, MSG_DONTWAIT, NULL, NULL) = 32
19463 1784159802.910121 recvfrom(43, 0x7ffcf06d30, 3200, MSG_DONTWAIT, NULL, NULL) = -1 EAGAIN (Try again)
19463 1784159802.910556 recvfrom(52, 0x7af3c1d420, 2272, MSG_DONTWAIT, NULL, NULL) = -1 EAGAIN (Try again)
19463 1784159802.911230 recvfrom(43, 0x7ffcf05260, 3200, MSG_DONTWAIT, NULL, NULL) = -1 EAGAIN (Try again)
19463 1784159802.926539 recvfrom(43, "nysv\0\0\0\0\0\0\0\0\0\0\0\0\356xG\233\241\3\0\0\260\237\3\0\0\0\0\0", 3200, MSG_DONTWAIT, NULL, NULL) = 32
19463 1784159802.926839 recvfrom(43, 0x7ffcf06d30, 3200, MSG_DONTWAIT, NULL, NULL) = -1 EAGAIN (Try again)
19463 1784159802.927177 recvfrom(52, 0x7af3c1d420, 2272, MSG_DONTWAIT, NULL, NULL) = -1 EAGAIN (Try again)
19463 1784159802.927927 recvfrom(43, 0x7ffcf05260, 3200, MSG_DONTWAIT, NULL, NULL) = -1 EAGAIN (Try again)
19463 1784159802.947074 recvfrom(43, "nysv\0\0\0\0\0\0\0\0\0\0\0\0N\323E\234\241\3\0\0\261\237\3\0\0\0\0\0", 3200, MSG_DONTWAIT, NULL, NULL) = 32
19463 1784159802.947409 recvfrom(43, 0x7ffcf06d30, 3200, MSG_DONTWAIT, NULL, NULL) = -1 EAGAIN (Try again)
19463 1784159802.947702 recvfrom(52, 0x7af3c1d420, 2272, MSG_DONTWAIT, NULL, NULL) = -1 EAGAIN (Try again)
19463 1784159802.948301 recvfrom(43, 0x7ffcf05260, 3200, MSG_DONTWAIT, NULL, NULL) = -1 EAGAIN (Try again)
19463 1784159802.966983 recvfrom(43, "nysv\0\0\0\0\0\0\0\0\0\0\0\0\273\354C\235\241\3\0\0\262\237\3\0\0\0\0\0", 3200, MSG_DONTWAIT, NULL, NULL) = 32
19463 1784159802.967291 recvfrom(43, 0x7ffcf06d30, 3200, MSG_DONTWAIT, NULL, NULL) = -1 EAGAIN (Try again)
19463 1784159802.967657 recvfrom(52, 0x7af3c1d420, 2272, MSG_DONTWAIT, NULL, NULL) = -1 EAGAIN (Try again)
19463 1784159802.968347 recvfrom(43, 0x7ffcf05260, 3200, MSG_DONTWAIT, NULL, NULL) = -1 EAGAIN (Try again)
19463 1784159802.993836 recvfrom(43, "nysv\0\0\0\0\0\0\0\0\0\0\0\0\277NB\236\241\3\0\0\263\237\3\0\0\0\0\0", 3200, MSG_DONTWAIT, NULL, NULL) = 32
19463 1784159802.994375 recvfrom(43, 0x7ffcf06d30, 3200, MSG_DONTWAIT, NULL, NULL) = -1 EAGAIN (Try again)
19463 1784159802.994692 recvfrom(52, 0x7af3c1d420, 2272, MSG_DONTWAIT, NULL, NULL) = -1 EAGAIN (Try again)
19463 1784159802.995407 recvfrom(43, 0x7ffcf05260, 3200, MSG_DONTWAIT, NULL, NULL) = -1 EAGAIN (Try again)
19463 1784159803.011373 recvfrom(43, "nysv\0\0\0\0\0\0\0\0\0\0\0\0\233\6?\240\241\3\0\0\265\237\3\0\0\0\0\0", 3200, MSG_DONTWAIT, NULL, NULL) = 32
19463 1784159803.011630 recvfrom(43, 0x7ffcf06d30, 3200, MSG_DONTWAIT, NULL, NULL) = -1 EAGAIN (Try again)
19463 1784159803.012007 recvfrom(52, 0x7af3c1d420, 2272, MSG_DONTWAIT, NULL, NULL) = -1 EAGAIN (Try again)
19463 1784159803.012590 recvfrom(43, 0x7ffcf05260, 3200, MSG_DONTWAIT, NULL, NULL) = -1 EAGAIN (Try again)
19463 1784159803.032296 recvfrom(43, "nysv\0\0\0\0\0\0\0\0\0\0\0\0M7<\241\241\3\0\0\266\237\3\0\0\0\0\0", 3200, MSG_DONTWAIT, NULL, NULL) = 32
19463 1784159803.032826 recvfrom(43, 0x7ffcf06d30, 3200, MSG_DONTWAIT, NULL, NULL) = -1 EAGAIN (Try again)
19463 1784159803.033134 recvfrom(52, 0x7af3c1d420, 2272, MSG_DONTWAIT, NULL, NULL) = -1 EAGAIN (Try again)
19463 1784159803.033777 recvfrom(43, 0x7ffcf05260, 3200, MSG_DONTWAIT, NULL, NULL) = -1 EAGAIN (Try again)
19463 1784159803.052556 recvfrom(43, "nysv\0\0\0\0\0\0\0\0\0\0\0\0`\245:\242\241\3\0\0\267\237\3\0\0\0\0\0", 3200, MSG_DONTWAIT, NULL, NULL) = 32
19463 1784159803.053193 recvfrom(43, 0x7ffcf06d30, 3200, MSG_DONTWAIT, NULL, NULL) = -1 EAGAIN (Try again)
19463 1784159803.054213 recvfrom(52, 0x7af3c1d420, 2272, MSG_DONTWAIT, NULL, NULL) = -1 EAGAIN (Try again)
19463 1784159803.054822 recvfrom(43, 0x7ffcf05260, 3200, MSG_DONTWAIT, NULL, NULL) = -1 EAGAIN (Try again)
19463 1784159803.076449 recvfrom(43, "nysv\0\0\0\0\0\0\0\0\0\0\0\0\311a7\244\241\3\0\0\271\237\3\0\0\0\0\0", 3200, MSG_DONTWAIT, NULL, NULL) = 32
19463 1784159803.078331 recvfrom(43, 0x7ffcf06d30, 3200, MSG_DONTWAIT, NULL, NULL) = -1 EAGAIN (Try again)
19463 1784159803.078960 recvfrom(52, 0x7af3c1d420, 2272, MSG_DONTWAIT, NULL, NULL) = -1 EAGAIN (Try again)
19463 1784159803.079656 recvfrom(43, 0x7ffcf05260, 3200, MSG_DONTWAIT, NULL, NULL) = -1 EAGAIN (Try again)
19463 1784159803.095417 recvfrom(43, "nysv\0\0\0\0\0\0\0\0\0\0\0\0\242\3155\245\241\3\0\0\272\237\3\0\0\0\0\0", 3200, MSG_DONTWAIT, NULL, NULL) = 32
19463 1784159803.095682 recvfrom(43, 0x7ffcf06d30, 3200, MSG_DONTWAIT, NULL, NULL) = -1 EAGAIN (Try again)
19463 1784159803.095974 recvfrom(52, 0x7af3c1d420, 2272, MSG_DONTWAIT, NULL, NULL) = -1 EAGAIN (Try again)
19463 1784159803.096560 recvfrom(43, 0x7ffcf05260, 3200, MSG_DONTWAIT, NULL, NULL) = -1 EAGAIN (Try again)
19463 1784159803.111716 recvfrom(43, "nysv\0\0\0\0\0\0\0\0\0\0\0\0\24074\246\241\3\0\0\273\237\3\0\0\0\0\0", 3200, MSG_DONTWAIT, NULL, NULL) = 32
19463 1784159803.112152 recvfrom(43, 0x7ffcf06d30, 3200, MSG_DONTWAIT, NULL, NULL) = -1 EAGAIN (Try again)
19463 1784159803.112462 recvfrom(52, 0x7af3c1d420, 2272, MSG_DONTWAIT, NULL, NULL) = -1 EAGAIN (Try again)
19463 1784159803.113217 recvfrom(43, 0x7ffcf05260, 3200, MSG_DONTWAIT, NULL, NULL) = -1 EAGAIN (Try again)
19463 1784159803.145790 recvfrom(43, "nysv\0\0\0\0\0\0\0\0\0\0\0\0\312\2072\247\241\3\0\0\274\237\3\0\0\0\0\0", 3200, MSG_DONTWAIT, NULL, NULL) = 32
19463 1784159803.146201 recvfrom(43, 0x7ffcf06d30, 3200, MSG_DONTWAIT, NULL, NULL) = -1 EAGAIN (Try again)
19463 1784159803.146563 recvfrom(52, 0x7af3c1d420, 2272, MSG_DONTWAIT, NULL, NULL) = -1 EAGAIN (Try again)
19463 1784159803.147156 recvfrom(43, 0x7ffcf05260, 3200, MSG_DONTWAIT, NULL, NULL) = -1 EAGAIN (Try again)
19463 1784159803.161165 recvfrom(43, "nysv\0\0\0\0\0\0\0\0\0\0\0\0\200\377.\251\241\3\0\0\276\237\3\0\0\0\0\0", 3200, MSG_DONTWAIT, NULL, NULL) = 32
19463 1784159803.161432 recvfrom(43, 0x7ffcf06d30, 3200, MSG_DONTWAIT, NULL, NULL) = -1 EAGAIN (Try again)
19463 1784159803.161717 recvfrom(52, 0x7af3c1d420, 2272, MSG_DONTWAIT, NULL, NULL) = -1 EAGAIN (Try again)
19463 1784159803.162352 recvfrom(43, 0x7ffcf05260, 3200, MSG_DONTWAIT, NULL, NULL) = -1 EAGAIN (Try again)
19463 1784159803.180766 recvfrom(43, "nysv\0\0\0\0\0\0\0\0\0\0\0\0\177\21-\252\241\3\0\0\277\237\3\0\0\0\0\0", 3200, MSG_DONTWAIT, NULL, NULL) = 32
19463 1784159803.181038 recvfrom(43, 0x7ffcf06d30, 3200, MSG_DONTWAIT, NULL, NULL) = -1 EAGAIN (Try again)
19463 1784159803.181324 recvfrom(52, 0x7af3c1d420, 2272, MSG_DONTWAIT, NULL, NULL) = -1 EAGAIN (Try again)
19463 1784159803.181951 recvfrom(43, 0x7ffcf05260, 3200, MSG_DONTWAIT, NULL, NULL) = -1 EAGAIN (Try again)
19463 1784159803.199653 recvfrom(43, "nysv\0\0\0\0\0\0\0\0\0\0\0\0\36~+\253\241\3\0\0\300\237\3\0\0\0\0\0", 3200, MSG_DONTWAIT, NULL, NULL) = 32
19463 1784159803.199909 recvfrom(43, 0x7ffcf06d30, 3200, MSG_DONTWAIT, NULL, NULL) = -1 EAGAIN (Try again)
19463 1784159803.200210 recvfrom(52, 0x7af3c1d420, 2272, MSG_DONTWAIT, NULL, NULL) = -1 EAGAIN (Try again)
19463 1784159803.200835 recvfrom(43, 0x7ffcf05260, 3200, MSG_DONTWAIT, NULL, NULL) = -1 EAGAIN (Try again)
19463 1784159803.219738 recvfrom(43, "nysv\0\0\0\0\0\0\0\0\0\0\0\0 \350)\254\241\3\0\0\301\237\3\0\0\0\0\0", 3200, MSG_DONTWAIT, NULL, NULL) = 32
19463 1784159803.220736 recvfrom(43, 0x7ffcf06d30, 3200, MSG_DONTWAIT, NULL, NULL) = -1 EAGAIN (Try again)
19463 1784159803.221453 recvfrom(52, 0x7af3c1d420, 2272, MSG_DONTWAIT, NULL, NULL) = -1 EAGAIN (Try again)
19463 1784159803.222502 recvfrom(43, 0x7ffcf05260, 3200, MSG_DONTWAIT, NULL, NULL) = -1 EAGAIN (Try again)
19463 1784159803.243955 recvfrom(43, "nysv\0\0\0\0\0\0\0\0\0\0\0\0f\263&\256\241\3\0\0\303\237\3\0\0\0\0\0", 3200, MSG_DONTWAIT, NULL, NULL) = 32
19463 1784159803.244305 recvfrom(43, 0x7ffcf06d30, 3200, MSG_DONTWAIT, NULL, NULL) = -1 EAGAIN (Try again)
19463 1784159803.244613 recvfrom(52, 0x7af3c1d420, 2272, MSG_DONTWAIT, NULL, NULL) = -1 EAGAIN (Try again)
19463 1784159803.245197 recvfrom(43, 0x7ffcf05260, 3200, MSG_DONTWAIT, NULL, NULL) = -1 EAGAIN (Try again)
19463 1784159803.261363 recvfrom(43, "nysv\0\0\0\0\0\0\0\0\0\0\0\0\347 %\257\241\3\0\0\304\237\3\0\0\0\0\0", 3200, MSG_DONTWAIT, NULL, NULL) = 32
19463 1784159803.261693 recvfrom(43, 0x7ffcf06d30, 3200, MSG_DONTWAIT, NULL, NULL) = -1 EAGAIN (Try again)
19463 1784159803.262121 recvfrom(52, 0x7af3c1d420, 2272, MSG_DONTWAIT, NULL, NULL) = -1 EAGAIN (Try again)
19463 1784159803.262728 recvfrom(43, 0x7ffcf05260, 3200, MSG_DONTWAIT, NULL, NULL) = -1 EAGAIN (Try again)
19463 1784159803.280080 recvfrom(43, "nysv\0\0\0\0\0\0\0\0\0\0\0\0\204r#\260\241\3\0\0\305\237\3\0\0\0\0\0", 3200, MSG_DONTWAIT, NULL, NULL) = 32
19463 1784159803.280404 recvfrom(43, 0x7ffcf06d30, 3200, MSG_DONTWAIT, NULL, NULL) = -1 EAGAIN (Try again)
19463 1784159803.280737 recvfrom(52, 0x7af3c1d420, 2272, MSG_DONTWAIT, NULL, NULL) = -1 EAGAIN (Try again)
19463 1784159803.281428 recvfrom(43, 0x7ffcf05260, 3200, MSG_DONTWAIT, NULL, NULL) = -1 EAGAIN (Try again)
19463 1784159803.298327 recvfrom(43, "nysv\0\0\0\0\0\0\0\0\0\0\0\0\323\331!\261\241\3\0\0\306\237\3\0\0\0\0\0", 3200, MSG_DONTWAIT, NULL, NULL) = 32
19463 1784159803.298620 recvfrom(43, 0x7ffcf06d30, 3200, MSG_DONTWAIT, NULL, NULL) = -1 EAGAIN (Try again)
19463 1784159803.298957 recvfrom(52, 0x7af3c1d420, 2272, MSG_DONTWAIT, NULL, NULL) = -1 EAGAIN (Try again)
19463 1784159803.299946 recvfrom(43, 0x7ffcf05260, 3200, MSG_DONTWAIT, NULL, NULL) = -1 EAGAIN (Try again)
19463 1784159803.319365 recvfrom(43, "nysv\0\0\0\0\0\0\0\0\0\0\0\0\361D \262\241\3\0\0\307\237\3\0\0\0\0\0", 3200, MSG_DONTWAIT, NULL, NULL) = 32
19463 1784159803.319892 recvfrom(43, 0x7ffcf06d30, 3200, MSG_DONTWAIT, NULL, NULL) = -1 EAGAIN (Try again)
19463 1784159803.320385 recvfrom(52, 0x7af3c1d420, 2272, MSG_DONTWAIT, NULL, NULL) = -1 EAGAIN (Try again)
19463 1784159803.321754 recvfrom(43, 0x7ffcf05260, 3200, MSG_DONTWAIT, NULL, NULL) = -1 EAGAIN (Try again)
19463 1784159803.343919 recvfrom(43, "nysv\0\0\0\0\0\0\0\0\0\0\0\0\376\21\35\264\241\3\0\0\311\237\3\0\0\0\0\0", 3200, MSG_DONTWAIT, NULL, NULL) = 32
19463 1784159803.344284 recvfrom(43, 0x7ffcf06d30, 3200, MSG_DONTWAIT, NULL, NULL) = -1 EAGAIN (Try again)
19463 1784159803.344615 recvfrom(52, 0x7af3c1d420, 2272, MSG_DONTWAIT, NULL, NULL) = -1 EAGAIN (Try again)
19463 1784159803.345296 recvfrom(43, 0x7ffcf05260, 3200, MSG_DONTWAIT, NULL, NULL) = -1 EAGAIN (Try again)
19463 1784159803.366476 recvfrom(43, "nysv\0\0\0\0\0\0\0\0\0\0\0\0\257u\33\265\241\3\0\0\312\237\3\0\0\0\0\0", 3200, MSG_DONTWAIT, NULL, NULL) = 32
19463 1784159803.366901 recvfrom(43, 0x7ffcf06d30, 3200, MSG_DONTWAIT, NULL, NULL) = -1 EAGAIN (Try again)
19463 1784159803.367253 recvfrom(52, 0x7af3c1d420, 2272, MSG_DONTWAIT, NULL, NULL) = -1 EAGAIN (Try again)
19463 1784159803.367964 recvfrom(43, 0x7ffcf05260, 3200, MSG_DONTWAIT, NULL, NULL) = -1 EAGAIN (Try again)
19463 1784159803.393649 recvfrom(43, "nysv\0\0\0\0\0\0\0\0\0\0\0\0\34\325\31\266\241\3\0\0\313\237\3\0\0\0\0\0", 3200, MSG_DONTWAIT, NULL, NULL) = 32
19463 1784159803.394220 recvfrom(43, 0x7ffcf06d30, 3200, MSG_DONTWAIT, NULL, NULL) = -1 EAGAIN (Try again)
19463 1784159803.394561 recvfrom(52, 0x7af3c1d420, 2272, MSG_DONTWAIT, NULL, NULL) = -1 EAGAIN (Try again)
19463 1784159803.395251 recvfrom(43, 0x7ffcf05260, 3200, MSG_DONTWAIT, NULL, NULL) = -1 EAGAIN (Try again)
19463 1784159803.414347 recvfrom(43, "nysv\0\0\0\0\0\0\0\0\0\0\0\0\364/\26\270\241\3\0\0\315\237\3\0\0\0\0\0", 3200, MSG_DONTWAIT, NULL, NULL) = 32
19463 1784159803.414624 recvfrom(43, 0x7ffcf06d30, 3200, MSG_DONTWAIT, NULL, NULL) = -1 EAGAIN (Try again)
19463 1784159803.415001 recvfrom(52, 0x7af3c1d420, 2272, MSG_DONTWAIT, NULL, NULL) = -1 EAGAIN (Try again)
19463 1784159803.415612 recvfrom(43, 0x7ffcf05260, 3200, MSG_DONTWAIT, NULL, NULL) = -1 EAGAIN (Try again)
19463 1784159803.435116 recvfrom(43, "nysv\0\0\0\0\0\0\0\0\0\0\0\0\\\223\24\271\241\3\0\0\316\237\3\0\0\0\0\0", 3200, MSG_DONTWAIT, NULL, NULL) = 32
19463 1784159803.435449 recvfrom(43, 0x7ffcf06d30, 3200, MSG_DONTWAIT, NULL, NULL) = -1 EAGAIN (Try again)
19463 1784159803.435857 recvfrom(52, 0x7af3c1d420, 2272, MSG_DONTWAIT, NULL, NULL) = -1 EAGAIN (Try again)
19463 1784159803.437002 recvfrom(43, 0x7ffcf05260, 3200, MSG_DONTWAIT, NULL, NULL) = -1 EAGAIN (Try again)
19463 1784159803.459639 recvfrom(43, "nysv\0\0\0\0\0\0\0\0\0\0\0\0\35[\21\273\241\3\0\0\320\237\3\0\0\0\0\0", 3200, MSG_DONTWAIT, NULL, NULL) = 32
19463 1784159803.459990 recvfrom(43, 0x7ffcf06d30, 3200, MSG_DONTWAIT, NULL, NULL) = -1 EAGAIN (Try again)
19463 1784159803.460285 recvfrom(52, 0x7af3c1d420, 2272, MSG_DONTWAIT, NULL, NULL) = -1 EAGAIN (Try again)
19463 1784159803.460883 recvfrom(43, 0x7ffcf05260, 3200, MSG_DONTWAIT, NULL, NULL) = -1 EAGAIN (Try again)
19463 1784159803.479898 recvfrom(43, "nysv\0\0\0\0\0\0\0\0\0\0\0\0\344\271\17\274\241\3\0\0\321\237\3\0\0\0\0\0", 3200, MSG_DONTWAIT, NULL, NULL) = 32
19463 1784159803.480232 recvfrom(43, 0x7ffcf06d30, 3200, MSG_DONTWAIT, NULL, NULL) = -1 EAGAIN (Try again)
19463 1784159803.480559 recvfrom(52, 0x7af3c1d420, 2272, MSG_DONTWAIT, NULL, NULL) = -1 EAGAIN (Try again)
19463 1784159803.481181 recvfrom(43, 0x7ffcf05260, 3200, MSG_DONTWAIT, NULL, NULL) = -1 EAGAIN (Try again)
19463 1784159803.498605 recvfrom(43, "nysv\0\0\0\0\0\0\0\0\0\0\0\0\325\37\16\275\241\3\0\0\322\237\3\0\0\0\0\0", 3200, MSG_DONTWAIT, NULL, NULL) = 32
19463 1784159803.498882 recvfrom(43, 0x7ffcf06d30, 3200, MSG_DONTWAIT, NULL, NULL) = -1 EAGAIN (Try again)
19463 1784159803.499169 recvfrom(52, 0x7af3c1d420, 2272, MSG_DONTWAIT, NULL, NULL) = -1 EAGAIN (Try again)
19463 1784159803.499933 recvfrom(43, 0x7ffcf05260, 3200, MSG_DONTWAIT, NULL, NULL) = -1 EAGAIN (Try again)
19463 1784159803.519447 recvfrom(43, "nysv\0\0\0\0\0\0\0\0\0\0\0\0\260h\f\276\241\3\0\0\323\237\3\0\0\0\0\0", 3200, MSG_DONTWAIT, NULL, NULL) = 32
19463 1784159803.519741 recvfrom(43, 0x7ffcf06d30, 3200, MSG_DONTWAIT, NULL, NULL) = -1 EAGAIN (Try again)
19463 1784159803.520078 recvfrom(52, 0x7af3c1d420, 2272, MSG_DONTWAIT, NULL, NULL) = -1 EAGAIN (Try again)
19463 1784159803.520768 recvfrom(43, 0x7ffcf05260, 3200, MSG_DONTWAIT, NULL, NULL) = -1 EAGAIN (Try again)
19463 1784159803.545456 recvfrom(43, "nysv\0\0\0\0\0\0\0\0\0\0\0\0\275^\n\277\241\3\0\0\324\237\3\0\0\0\0\0", 3200, MSG_DONTWAIT, NULL, NULL) = 32
19463 1784159803.545745 recvfrom(43, 0x7ffcf06d30, 3200, MSG_DONTWAIT, NULL, NULL) = -1 EAGAIN (Try again)
19463 1784159803.546160 recvfrom(52, 0x7af3c1d420, 2272, MSG_DONTWAIT, NULL, NULL) = -1 EAGAIN (Try again)
19463 1784159803.546879 recvfrom(43, 0x7ffcf05260, 3200, MSG_DONTWAIT, NULL, NULL) = -1 EAGAIN (Try again)
19463 1784159803.562843 recvfrom(43, "nysv\0\0\0\0\0\0\0\0\0\0\0\0\223\21\7\301\241\3\0\0\326\237\3\0\0\0\0\0", 3200, MSG_DONTWAIT, NULL, NULL) = 32
19463 1784159803.563243 recvfrom(43, 0x7ffcf06d30, 3200, MSG_DONTWAIT, NULL, NULL) = -1 EAGAIN (Try again)
19463 1784159803.563536 recvfrom(52, 0x7af3c1d420, 2272, MSG_DONTWAIT, NULL, NULL) = -1 EAGAIN (Try again)
19463 1784159803.564169 recvfrom(43, 0x7ffcf05260, 3200, MSG_DONTWAIT, NULL, NULL) = -1 EAGAIN (Try again)
19463 1784159803.583429 recvfrom(43, "nysv\0\0\0\0\0\0\0\0\0\0\0\0\275a\5\302\241\3\0\0\327\237\3\0\0\0\0\0", 3200, MSG_DONTWAIT, NULL, NULL) = 32
19463 1784159803.583803 recvfrom(43, 0x7ffcf06d30, 3200, MSG_DONTWAIT, NULL, NULL) = -1 EAGAIN (Try again)
19463 1784159803.584137 recvfrom(52, 0x7af3c1d420, 2272, MSG_DONTWAIT, NULL, NULL) = -1 EAGAIN (Try again)
19463 1784159803.584809 recvfrom(43, 0x7ffcf05260, 3200, MSG_DONTWAIT, NULL, NULL) = -1 EAGAIN (Try again)
19463 1784159803.609200 recvfrom(43, "nysv\0\0\0\0\0\0\0\0\0\0\0\0T\314\3\303\241\3\0\0\330\237\3\0\0\0\0\0", 3200, MSG_DONTWAIT, NULL, NULL) = 32
19463 1784159803.609775 recvfrom(43, 0x7ffcf06d30, 3200, MSG_DONTWAIT, NULL, NULL) = -1 EAGAIN (Try again)
19463 1784159803.610146 recvfrom(52, 0x7af3c1d420, 2272, MSG_DONTWAIT, NULL, NULL) = -1 EAGAIN (Try again)
19463 1784159803.610858 recvfrom(43, 0x7ffcf05260, 3200, MSG_DONTWAIT, NULL, NULL) = -1 EAGAIN (Try again)
19463 1784159803.626999 recvfrom(43, "nysv\0\0\0\0\0\0\0\0\0\0\0\0\250l\0\305\241\3\0\0\332\237\3\0\0\0\0\0", 3200, MSG_DONTWAIT, NULL, NULL) = 32
19463 1784159803.627309 recvfrom(43, 0x7ffcf06d30, 3200, MSG_DONTWAIT, NULL, NULL) = -1 EAGAIN (Try again)
19463 1784159803.627706 recvfrom(52, 0x7af3c1d420, 2272, MSG_DONTWAIT, NULL, NULL) = -1 EAGAIN (Try again)
19463 1784159803.628356 recvfrom(43, 0x7ffcf05260, 3200, MSG_DONTWAIT, NULL, NULL) = -1 EAGAIN (Try again)
19463 1784159803.645608 recvfrom(43, "nysv\0\0\0\0\0\0\0\0\0\0\0\0\n\326\376\305\241\3\0\0\333\237\3\0\0\0\0\0", 3200, MSG_DONTWAIT, NULL, NULL) = 32
19463 1784159803.646041 recvfrom(43, 0x7ffcf06d30, 3200, MSG_DONTWAIT, NULL, NULL) = -1 EAGAIN (Try again)
19463 1784159803.646999 recvfrom(52, 0x7af3c1d420, 2272, MSG_DONTWAIT, NULL, NULL) = -1 EAGAIN (Try again)
19463 1784159803.647833 recvfrom(43, 0x7ffcf05260, 3200, MSG_DONTWAIT, NULL, NULL) = -1 EAGAIN (Try again)
19463 1784159803.663450 recvfrom(43, "nysv\0\0\0\0\0\0\0\0\0\0\0\0)\3\375\306\241\3\0\0\334\237\3\0\0\0\0\0", 3200, MSG_DONTWAIT, NULL, NULL) = 32
19463 1784159803.663820 recvfrom(43, 0x7ffcf06d30, 3200, MSG_DONTWAIT, NULL, NULL) = -1 EAGAIN (Try again)
19463 1784159803.664119 recvfrom(52, 0x7af3c1d420, 2272, MSG_DONTWAIT, NULL, NULL) = -1 EAGAIN (Try again)
19463 1784159803.664701 recvfrom(43, 0x7ffcf05260, 3200, MSG_DONTWAIT, NULL, NULL) = -1 EAGAIN (Try again)
19463 1784159803.680926 recvfrom(43, "nysv\0\0\0\0\0\0\0\0\0\0\0\0SS\373\307\241\3\0\0\335\237\3\0\0\0\0\0", 3200, MSG_DONTWAIT, NULL, NULL) = 32
19463 1784159803.681251 recvfrom(43, 0x7ffcf06d30, 3200, MSG_DONTWAIT, NULL, NULL) = -1 EAGAIN (Try again)
19463 1784159803.681633 recvfrom(52, 0x7af3c1d420, 2272, MSG_DONTWAIT, NULL, NULL) = -1 EAGAIN (Try again)
19463 1784159803.682461 recvfrom(43, 0x7ffcf05260, 3200, MSG_DONTWAIT, NULL, NULL) = -1 EAGAIN (Try again)
19463 1784159803.703611 recvfrom(43, "nysv\0\0\0\0\0\0\0\0\0\0\0\0}\243\371\310\241\3\0\0\336\237\3\0\0\0\0\0", 3200, MSG_DONTWAIT, NULL, NULL) = 32
19463 1784159803.704658 recvfrom(43, 0x7ffcf06d30, 3200, MSG_DONTWAIT, NULL, NULL) = -1 EAGAIN (Try again)
19463 1784159803.705299 recvfrom(52, 0x7af3c1d420, 2272, MSG_DONTWAIT, NULL, NULL) = -1 EAGAIN (Try again)
19463 1784159803.705994 recvfrom(43, 0x7ffcf05260, 3200, MSG_DONTWAIT, NULL, NULL) = -1 EAGAIN (Try again)
19463 1784159803.728371 recvfrom(43, "nysv\0\0\0\0\0\0\0\0\0\0\0\0\321C\366\312\241\3\0\0\340\237\3\0\0\0\0\0", 3200, MSG_DONTWAIT, NULL, NULL) = 32
19463 1784159803.728736 recvfrom(43, 0x7ffcf06d30, 3200, MSG_DONTWAIT, NULL, NULL) = -1 EAGAIN (Try again)
19463 1784159803.729103 recvfrom(52, 0x7af3c1d420, 2272, MSG_DONTWAIT, NULL, NULL) = -1 EAGAIN (Try again)
19463 1784159803.729836 recvfrom(43, 0x7ffcf05260, 3200, MSG_DONTWAIT, NULL, NULL) = -1 EAGAIN (Try again)
19463 1784159803.745852 recvfrom(43, "nysv\0\0\0\0\0\0\0\0\0\0\0\0\245\246\364\313\241\3\0\0\341\237\3\0\0\0\0\0", 3200, MSG_DONTWAIT, NULL, NULL) = 32
19463 1784159803.746199 recvfrom(43, 0x7ffcf06d30, 3200, MSG_DONTWAIT, NULL, NULL) = -1 EAGAIN (Try again)
19463 1784159803.746611 recvfrom(52, 0x7af3c1d420, 2272, MSG_DONTWAIT, NULL, NULL) = -1 EAGAIN (Try again)
19463 1784159803.747336 recvfrom(43, 0x7ffcf05260, 3200, MSG_DONTWAIT, NULL, NULL) = -1 EAGAIN (Try again)
19463 1784159803.764568 recvfrom(43, "nysv\0\0\0\0\0\0\0\0\0\0\0\0\317\366\362\314\241\3\0\0\342\237\3\0\0\0\0\0", 3200, MSG_DONTWAIT, NULL, NULL) = 32
19463 1784159803.764857 recvfrom(43, 0x7ffcf06d30, 3200, MSG_DONTWAIT, NULL, NULL) = -1 EAGAIN (Try again)
19463 1784159803.765251 recvfrom(52, 0x7af3c1d420, 2272, MSG_DONTWAIT, NULL, NULL) = -1 EAGAIN (Try again)
19463 1784159803.766227 recvfrom(43, 0x7ffcf05260, 3200, MSG_DONTWAIT, NULL, NULL) = -1 EAGAIN (Try again)
19463 1784159803.788866 recvfrom(43, "nysv\0\0\0\0\0\0\0\0\0\0\0\0\23c\361\315\241\3\0\0\343\237\3\0\0\0\0\0", 3200, MSG_DONTWAIT, NULL, NULL) = 32
19463 1784159803.789163 recvfrom(43, 0x7ffcf06d30, 3200, MSG_DONTWAIT, NULL, NULL) = -1 EAGAIN (Try again)
19463 1784159803.792588 recvfrom(52, 0x7af3c1d420, 2272, MSG_DONTWAIT, NULL, NULL) = -1 EAGAIN (Try again)
19463 1784159803.793604 recvfrom(43, 0x7ffcf05260, 3200, MSG_DONTWAIT, NULL, NULL) = -1 EAGAIN (Try again)
19463 1784159803.810493 recvfrom(43, "nysv\0\0\0\0\0\0\0\0\0\0\0\0g\3\356\317\241\3\0\0\345\237\3\0\0\0\0\0", 3200, MSG_DONTWAIT, NULL, NULL) = 32
19463 1784159803.810784 recvfrom(43, 0x7ffcf06d30, 3200, MSG_DONTWAIT, NULL, NULL) = -1 EAGAIN (Try again)
19463 1784159803.811112 recvfrom(52, 0x7af3c1d420, 2272, MSG_DONTWAIT, NULL, NULL) = -1 EAGAIN (Try again)
19463 1784159803.811763 recvfrom(43, 0x7ffcf05260, 3200, MSG_DONTWAIT, NULL, NULL) = -1 EAGAIN (Try again)
19463 1784159803.830460 recvfrom(43, "nysv\0\0\0\0\0\0\0\0\0\0\0\0\221S\354\320\241\3\0\0\346\237\3\0\0\0\0\0", 3200, MSG_DONTWAIT, NULL, NULL) = 32
19463 1784159803.830846 recvfrom(43, 0x7ffcf06d30, 3200, MSG_DONTWAIT, NULL, NULL) = -1 EAGAIN (Try again)
19463 1784159803.831188 recvfrom(52, 0x7af3c1d420, 2272, MSG_DONTWAIT, NULL, NULL) = -1 EAGAIN (Try again)
19463 1784159803.831868 recvfrom(43, 0x7ffcf05260, 3200, MSG_DONTWAIT, NULL, NULL) = -1 EAGAIN (Try again)
19463 1784159803.851822 recvfrom(43, "nysv\0\0\0\0\0\0\0\0\0\0\0\0\273\243\352\321\241\3\0\0\347\237\3\0\0\0\0\0", 3200, MSG_DONTWAIT, NULL, NULL) = 32
19463 1784159803.852158 recvfrom(43, 0x7ffcf06d30, 3200, MSG_DONTWAIT, NULL, NULL) = -1 EAGAIN (Try again)
19463 1784159803.852545 recvfrom(52, 0x7af3c1d420, 2272, MSG_DONTWAIT, NULL, NULL) = -1 EAGAIN (Try again)
19463 1784159803.854289 recvfrom(43, 0x7ffcf05260, 3200, MSG_DONTWAIT, NULL, NULL) = -1 EAGAIN (Try again)
19463 1784159803.877088 recvfrom(43, "nysv\0\0\0\0\0\0\0\0\0\0\0\0\232v\347\323\241\3\0\0\351\237\3\0\0\0\0\0", 3200, MSG_DONTWAIT, NULL, NULL) = 32
19463 1784159803.877389 recvfrom(43, 0x7ffcf06d30, 3200, MSG_DONTWAIT, NULL, NULL) = -1 EAGAIN (Try again)
19463 1784159803.877726 recvfrom(52, 0x7af3c1d420, 2272, MSG_DONTWAIT, NULL, NULL) = -1 EAGAIN (Try again)
19463 1784159803.878613 recvfrom(43, 0x7ffcf05260, 3200, MSG_DONTWAIT, NULL, NULL) = -1 EAGAIN (Try again)
19463 1784159803.894797 recvfrom(43, "nysv\0\0\0\0\0\0\0\0\0\0\0\0\304\306\345\324\241\3\0\0\352\237\3\0\0\0\0\0", 3200, MSG_DONTWAIT, NULL, NULL) = 32
19463 1784159803.895067 recvfrom(43, 0x7ffcf06d30, 3200, MSG_DONTWAIT, NULL, NULL) = -1 EAGAIN (Try again)
19463 1784159803.895482 recvfrom(52, 0x7af3c1d420, 2272, MSG_DONTWAIT, NULL, NULL) = -1 EAGAIN (Try again)
19463 1784159803.896101 recvfrom(43, 0x7ffcf05260, 3200, MSG_DONTWAIT, NULL, NULL) = -1 EAGAIN (Try again)
19463 1784159803.916557 recvfrom(43, "nysv\0\0\0\0\0\0\0\0\0\0\0\0\324\272\343\325\241\3\0\0\353\237\3\0\0\0\0\0", 3200, MSG_DONTWAIT, NULL, NULL) = 32
19463 1784159803.916865 recvfrom(43, 0x7ffcf06d30, 3200, MSG_DONTWAIT, NULL, NULL) = -1 EAGAIN (Try again)
19463 1784159803.917209 recvfrom(52, 0x7af3c1d420, 2272, MSG_DONTWAIT, NULL, NULL) = -1 EAGAIN (Try again)
19463 1784159803.917917 recvfrom(43, 0x7ffcf05260, 3200, MSG_DONTWAIT, NULL, NULL) = -1 EAGAIN (Try again)
19463 1784159803.944353 recvfrom(43, "nysv\0\0\0\0\0\0\0\0\0\0\0\0\376\n\342\326\241\3\0\0\354\237\3\0\0\0\0\0", 3200, MSG_DONTWAIT, NULL, NULL) = 32
19463 1784159803.944623 recvfrom(43, 0x7ffcf06d30, 3200, MSG_DONTWAIT, NULL, NULL) = -1 EAGAIN (Try again)
19463 1784159803.944960 recvfrom(52, 0x7af3c1d420, 2272, MSG_DONTWAIT, NULL, NULL) = -1 EAGAIN (Try again)
19463 1784159803.945659 recvfrom(43, 0x7ffcf05260, 3200, MSG_DONTWAIT, NULL, NULL) = -1 EAGAIN (Try again)
19463 1784159803.962263 recvfrom(43, "nysv\0\0\0\0\0\0\0\0\0\0\0\0R\253\336\330\241\3\0\0\356\237\3\0\0\0\0\0", 3200, MSG_DONTWAIT, NULL, NULL) = 32
19463 1784159803.962577 recvfrom(43, 0x7ffcf06d30, 3200, MSG_DONTWAIT, NULL, NULL) = -1 EAGAIN (Try again)
19463 1784159803.962922 recvfrom(52, 0x7af3c1d420, 2272, MSG_DONTWAIT, NULL, NULL) = -1 EAGAIN (Try again)
19463 1784159803.963612 recvfrom(43, 0x7ffcf05260, 3200, MSG_DONTWAIT, NULL, NULL) = -1 EAGAIN (Try again)
19463 1784159803.982302 recvfrom(43, "nysv\0\0\0\0\0\0\0\0\0\0\0\0|\373\334\331\241\3\0\0\357\237\3\0\0\0\0\0", 3200, MSG_DONTWAIT, NULL, NULL) = 32
19463 1784159803.982569 recvfrom(43, 0x7ffcf06d30, 3200, MSG_DONTWAIT, NULL, NULL) = -1 EAGAIN (Try again)
19463 1784159803.982854 recvfrom(52, 0x7af3c1d420, 2272, MSG_DONTWAIT, NULL, NULL) = -1 EAGAIN (Try again)
19463 1784159803.983449 recvfrom(43, 0x7ffcf05260, 3200, MSG_DONTWAIT, NULL, NULL) = -1 EAGAIN (Try again)
19463 1784159803.998243 recvfrom(43, "nysv\0\0\0\0\0\0\0\0\0\0\0\0\246K\333\332\241\3\0\0\360\237\3\0\0\0\0\0", 3200, MSG_DONTWAIT, NULL, NULL) = 32
19463 1784159803.998759 recvfrom(43, 0x7ffcf06d30, 3200, MSG_DONTWAIT, NULL, NULL) = -1 EAGAIN (Try again)
19463 1784159803.999058 recvfrom(52, 0x7af3c1d420, 2272, MSG_DONTWAIT, NULL, NULL) = -1 EAGAIN (Try again)
19463 1784159803.999776 recvfrom(43, 0x7ffcf05260, 3200, MSG_DONTWAIT, NULL, NULL) = -1 EAGAIN (Try again)
19463 1784159804.017557 recvfrom(43, "nysv\0\0\0\0\0\0\0\0\0\0\0\0\31\251\331\333\241\3\0\0\361\237\3\0\0\0\0\0", 3200, MSG_DONTWAIT, NULL, NULL) = 32
19463 1784159804.017969 recvfrom(43, 0x7ffcf06d30, 3200, MSG_DONTWAIT, NULL, NULL) = -1 EAGAIN (Try again)
19463 1784159804.018319 recvfrom(52, 0x7af3c1d420, 2272, MSG_DONTWAIT, NULL, NULL) = -1 EAGAIN (Try again)
19463 1784159804.019007 recvfrom(43, 0x7ffcf05260, 3200, MSG_DONTWAIT, NULL, NULL) = -1 EAGAIN (Try again)
19463 1784159804.035362 recvfrom(43, "nysv\0\0\0\0\0\0\0\0\0\0\0\0\210\214\327\334\241\3\0\0\362\237\3\0\0\0\0\0", 3200, MSG_DONTWAIT, NULL, NULL) = 32
19463 1784159804.035681 recvfrom(43, 0x7ffcf06d30, 3200, MSG_DONTWAIT, NULL, NULL) = -1 EAGAIN (Try again)
19463 1784159804.036472 recvfrom(52, 0x7af3c1d420, 2272, MSG_DONTWAIT, NULL, NULL) = -1 EAGAIN (Try again)
19463 1784159804.037666 recvfrom(43, 0x7ffcf05260, 3200, MSG_DONTWAIT, NULL, NULL) = -1 EAGAIN (Try again)
19463 1784159804.064284 recvfrom(43, "nysv\0\0\0\0\0\0\0\0\0\0\0\0\334,\324\336\241\3\0\0\364\237\3\0\0\0\0\0", 3200, MSG_DONTWAIT, NULL, NULL) = 32
19463 1784159804.064535 recvfrom(43, 0x7ffcf06d30, 3200, MSG_DONTWAIT, NULL, NULL) = -1 EAGAIN (Try again)
19463 1784159804.064835 recvfrom(52, 0x7af3c1d420, 2272, MSG_DONTWAIT, NULL, NULL) = -1 EAGAIN (Try again)
19463 1784159804.065426 recvfrom(43, 0x7ffcf05260, 3200, MSG_DONTWAIT, NULL, NULL) = -1 EAGAIN (Try again)
19463 1784159804.083502 recvfrom(43, "nysv\0\0\0\0\0\0\0\0\0\0\0\0\6}\322\337\241\3\0\0\365\237\3\0\0\0\0\0", 3200, MSG_DONTWAIT, NULL, NULL) = 32
19463 1784159804.083796 recvfrom(43, 0x7ffcf06d30, 3200, MSG_DONTWAIT, NULL, NULL) = -1 EAGAIN (Try again)
19463 1784159804.084117 recvfrom(52, 0x7af3c1d420, 2272, MSG_DONTWAIT, NULL, NULL) = -1 EAGAIN (Try again)
19463 1784159804.084790 recvfrom(43, 0x7ffcf05260, 3200, MSG_DONTWAIT, NULL, NULL) = -1 EAGAIN (Try again)
19463 1784159804.111684 recvfrom(43, "nysv\0\0\0\0\0\0\0\0\0\0\0\0000\315\320\340\241\3\0\0\366\237\3\0\0\0\0\0", 3200, MSG_DONTWAIT, NULL, NULL) = 32
19463 1784159804.111994 recvfrom(43, 0x7ffcf06d30, 3200, MSG_DONTWAIT, NULL, NULL) = -1 EAGAIN (Try again)
19463 1784159804.112336 recvfrom(52, 0x7af3c1d420, 2272, MSG_DONTWAIT, NULL, NULL) = -1 EAGAIN (Try again)
19463 1784159804.113020 recvfrom(43, 0x7ffcf05260, 3200, MSG_DONTWAIT, NULL, NULL) = -1 EAGAIN (Try again)
19463 1784159804.131416 recvfrom(43, "nysv\0\0\0\0\0\0\0\0\0\0\0\0000\212\315\342\241\3\0\0\370\237\3\0\0\0\0\0", 3200, MSG_DONTWAIT, NULL, NULL) = 32
19463 1784159804.131736 recvfrom(43, 0x7ffcf06d30, 3200, MSG_DONTWAIT, NULL, NULL) = -1 EAGAIN (Try again)
19463 1784159804.132028 recvfrom(52, 0x7af3c1d420, 2272, MSG_DONTWAIT, NULL, NULL) = -1 EAGAIN (Try again)
19463 1784159804.132651 recvfrom(43, 0x7ffcf05260, 3200, MSG_DONTWAIT, NULL, NULL) = -1 EAGAIN (Try again)
19463 1784159804.147639 recvfrom(43, "nysv\0\0\0\0\0\0\0\0\0\0\0\0\3509\313\343\241\3\0\0\371\237\3\0\0\0\0\0", 3200, MSG_DONTWAIT, NULL, NULL) = 32
19463 1784159804.148083 recvfrom(43, 0x7ffcf06d30, 3200, MSG_DONTWAIT, NULL, NULL) = -1 EAGAIN (Try again)
19463 1784159804.148374 recvfrom(52, 0x7af3c1d420, 2272, MSG_DONTWAIT, NULL, NULL) = -1 EAGAIN (Try again)
19463 1784159804.149086 recvfrom(43, 0x7ffcf05260, 3200, MSG_DONTWAIT, NULL, NULL) = -1 EAGAIN (Try again)
19463 1784159804.167761 recvfrom(43, "nysv\0\0\0\0\0\0\0\0\0\0\0\0\335\244\311\344\241\3\0\0\372\237\3\0\0\0\0\0", 3200, MSG_DONTWAIT, NULL, NULL) = 32
19463 1784159804.168073 recvfrom(43, 0x7ffcf06d30, 3200, MSG_DONTWAIT, NULL, NULL) = -1 EAGAIN (Try again)
19463 1784159804.168424 recvfrom(52, 0x7af3c1d420, 2272, MSG_DONTWAIT, NULL, NULL) = -1 EAGAIN (Try again)
19463 1784159804.169098 recvfrom(43, 0x7ffcf05260, 3200, MSG_DONTWAIT, NULL, NULL) = -1 EAGAIN (Try again)
19463 1784159804.195161 recvfrom(43, "nysv\0\0\0\0\0\0\0\0\0\0\0\0001E\306\346\241\3\0\0\374\237\3\0\0\0\0\0", 3200, MSG_DONTWAIT, NULL, NULL) = 32
19463 1784159804.195580 recvfrom(43, 0x7ffcf06d30, 3200, MSG_DONTWAIT, NULL, NULL) = -1 EAGAIN (Try again)
19463 1784159804.195936 recvfrom(52, 0x7af3c1d420, 2272, MSG_DONTWAIT, NULL, NULL) = -1 EAGAIN (Try again)
19463 1784159804.196642 recvfrom(43, 0x7ffcf05260, 3200, MSG_DONTWAIT, NULL, NULL) = -1 EAGAIN (Try again)
19463 1784159804.220634 recvfrom(43, "nysv\0\0\0\0\0\0\0\0\0\0\0\0[\225\304\347\241\3\0\0\375\237\3\0\0\0\0\0", 3200, MSG_DONTWAIT, NULL, NULL) = 32
19463 1784159804.221564 recvfrom(43, 0x7ffcf06d30, 3200, MSG_DONTWAIT, NULL, NULL) = -1 EAGAIN (Try again)
19463 1784159804.222275 recvfrom(52, 0x7af3c1d420, 2272, MSG_DONTWAIT, NULL, NULL) = -1 EAGAIN (Try again)
19463 1784159804.225657 recvfrom(43, 0x7ffcf05260, 3200, MSG_DONTWAIT, NULL, NULL) = -1 EAGAIN (Try again)
19463 1784159804.247772 recvfrom(43, "nysv\0\0\0\0\0\0\0\0\0\0\0\0\2575\301\351\241\3\0\0\377\237\3\0\0\0\0\0", 3200, MSG_DONTWAIT, NULL, NULL) = 32
19463 1784159804.248130 recvfrom(43, 0x7ffcf06d30, 3200, MSG_DONTWAIT, NULL, NULL) = -1 EAGAIN (Try again)
19463 1784159804.248500 recvfrom(52, 0x7af3c1d420, 2272, MSG_DONTWAIT, NULL, NULL) = -1 EAGAIN (Try again)
19463 1784159804.249382 recvfrom(43, 0x7ffcf05260, 3200, MSG_DONTWAIT, NULL, NULL) = -1 EAGAIN (Try again)
19463 1784159804.266062 recvfrom(43, "nysv\0\0\0\0\0\0\0\0\0\0\0\0.L\277\352\241\3\0\0\0\240\3\0\200\0\0\0", 3200, MSG_DONTWAIT, NULL, NULL) = 32
19463 1784159804.266365 recvfrom(43, 0x7ffcf06d30, 3200, MSG_DONTWAIT, NULL, NULL) = -1 EAGAIN (Try again)
19463 1784159804.266691 recvfrom(52, 0x7af3c1d420, 2272, MSG_DONTWAIT, NULL, NULL) = -1 EAGAIN (Try again)
19463 1784159804.267367 recvfrom(43, 0x7ffcf05260, 3200, MSG_DONTWAIT, NULL, NULL) = -1 EAGAIN (Try again)
19463 1784159804.282892 recvfrom(43, "nysv\0\0\0\0\0\0\0\0\0\0\0\0{\246\275\353\241\3\0\0\1\240\3\0\0\0\0\0", 3200, MSG_DONTWAIT, NULL, NULL) = 32
19463 1784159804.283391 recvfrom(43, 0x7ffcf06d30, 3200, MSG_DONTWAIT, NULL, NULL) = -1 EAGAIN (Try again)
19463 1784159804.283669 recvfrom(52, 0x7af3c1d420, 2272, MSG_DONTWAIT, NULL, NULL) = -1 EAGAIN (Try again)
19463 1784159804.284452 recvfrom(43, 0x7ffcf05260, 3200, MSG_DONTWAIT, NULL, NULL) = -1 EAGAIN (Try again)
19463 1784159804.310439 recvfrom(43, "nysv\0\0\0\0\0\0\0\0\0\0\0\0@\25\274\354\241\3\0\0\2\240\3\0\0\0\0\0", 3200, MSG_DONTWAIT, NULL, NULL) = 32
19463 1784159804.310751 recvfrom(43, 0x7ffcf06d30, 3200, MSG_DONTWAIT, NULL, NULL) = -1 EAGAIN (Try again)
19463 1784159804.311103 recvfrom(52, 0x7af3c1d420, 2272, MSG_DONTWAIT, NULL, NULL) = -1 EAGAIN (Try again)
19463 1784159804.311781 recvfrom(43, 0x7ffcf05260, 3200, MSG_DONTWAIT, NULL, NULL) = -1 EAGAIN (Try again)
19463 1784159804.328034 recvfrom(43, "nysv\0\0\0\0\0\0\0\0\0\0\0\0\224\265\270\356\241\3\0\0\4\240\3\0\0\0\0\0", 3200, MSG_DONTWAIT, NULL, NULL) = 32
19463 1784159804.328338 recvfrom(43, 0x7ffcf06d30, 3200, MSG_DONTWAIT, NULL, NULL) = -1 EAGAIN (Try again)
19463 1784159804.328682 recvfrom(52, 0x7af3c1d420, 2272, MSG_DONTWAIT, NULL, NULL) = -1 EAGAIN (Try again)
19463 1784159804.329352 recvfrom(43, 0x7ffcf05260, 3200, MSG_DONTWAIT, NULL, NULL) = -1 EAGAIN (Try again)
19463 1784159804.345460 recvfrom(43, "nysv\0\0\0\0\0\0\0\0\0\0\0\0\276\5\267\357\241\3\0\0\5\240\3\0\0\0\0\0", 3200, MSG_DONTWAIT, NULL, NULL) = 32
19463 1784159804.345856 recvfrom(43, 0x7ffcf06d30, 3200, MSG_DONTWAIT, NULL, NULL) = -1 EAGAIN (Try again)
19463 1784159804.346352 recvfrom(52, 0x7af3c1d420, 2272, MSG_DONTWAIT, NULL, NULL) = -1 EAGAIN (Try again)
19463 1784159804.347033 recvfrom(43, 0x7ffcf05260, 3200, MSG_DONTWAIT, NULL, NULL) = -1 EAGAIN (Try again)
19463 1784159804.367120 recvfrom(43, "nysv\0\0\0\0\0\0\0\0\0\0\0\0\331F\265\360\241\3\0\0\6\240\3\0\0\0\0\0", 3200, MSG_DONTWAIT, NULL, NULL) = 32
19463 1784159804.367430 recvfrom(43, 0x7ffcf06d30, 3200, MSG_DONTWAIT, NULL, NULL) = -1 EAGAIN (Try again)
19463 1784159804.367773 recvfrom(52, 0x7af3c1d420, 2272, MSG_DONTWAIT, NULL, NULL) = -1 EAGAIN (Try again)
19463 1784159804.368471 recvfrom(43, 0x7ffcf05260, 3200, MSG_DONTWAIT, NULL, NULL) = -1 EAGAIN (Try again)
19463 1784159804.393364 recvfrom(43, "nysv\0\0\0\0\0\0\0\0\0\0\0\0\3\227\263\361\241\3\0\0\7\240\3\0\0\0\0\0", 3200, MSG_DONTWAIT, NULL, NULL) = 32
19463 1784159804.393681 recvfrom(43, 0x7ffcf06d30, 3200, MSG_DONTWAIT, NULL, NULL) = -1 EAGAIN (Try again)
19463 1784159804.394043 recvfrom(52, 0x7af3c1d420, 2272, MSG_DONTWAIT, NULL, NULL) = -1 EAGAIN (Try again)
19463 1784159804.394642 recvfrom(43, 0x7ffcf05260, 3200, MSG_DONTWAIT, NULL, NULL) = -1 EAGAIN (Try again)
19463 1784159804.412317 recvfrom(43, "nysv\0\0\0\0\0\0\0\0\0\0\0\0W7\260\363\241\3\0\0\t\240\3\0\0\0\0\0", 3200, MSG_DONTWAIT, NULL, NULL) = 32
19463 1784159804.412746 recvfrom(43, 0x7ffcf06d30, 3200, MSG_DONTWAIT, NULL, NULL) = -1 EAGAIN (Try again)
19463 1784159804.413115 recvfrom(52, 0x7af3c1d420, 2272, MSG_DONTWAIT, NULL, NULL) = -1 EAGAIN (Try again)
19463 1784159804.413771 recvfrom(43, 0x7ffcf05260, 3200, MSG_DONTWAIT, NULL, NULL) = -1 EAGAIN (Try again)
19463 1784159804.431470 recvfrom(43, "nysv\0\0\0\0\0\0\0\0\0\0\0\0\201\207\256\364\241\3\0\0\n\240\3\0\0\0\0\0", 3200, MSG_DONTWAIT, NULL, NULL) = 32
19463 1784159804.431861 recvfrom(43, 0x7ffcf06d30, 3200, MSG_DONTWAIT, NULL, NULL) = -1 EAGAIN (Try again)
19463 1784159804.432194 recvfrom(52, 0x7af3c1d420, 2272, MSG_DONTWAIT, NULL, NULL) = -1 EAGAIN (Try again)
19463 1784159804.432871 recvfrom(43, 0x7ffcf05260, 3200, MSG_DONTWAIT, NULL, NULL) = -1 EAGAIN (Try again)
19463 1784159804.451903 recvfrom(43, "nysv\0\0\0\0\0\0\0\0\0\0\0\0\253\327\254\365\241\3\0\0\v\240\3\0\0\0\0\0", 3200, MSG_DONTWAIT, NULL, NULL) = 32
19463 1784159804.452178 recvfrom(43, 0x7ffcf06d30, 3200, MSG_DONTWAIT, NULL, NULL) = -1 EAGAIN (Try again)
19463 1784159804.452478 recvfrom(52, 0x7af3c1d420, 2272, MSG_DONTWAIT, NULL, NULL) = -1 EAGAIN (Try again)
19463 1784159804.453756 recvfrom(43, 0x7ffcf05260, 3200, MSG_DONTWAIT, NULL, NULL) = -1 EAGAIN (Try again)
19463 1784159804.477238 recvfrom(43, "nysv\0\0\0\0\0\0\0\0\0\0\0\0\377w\251\367\241\3\0\0\r\240\3\0\0\0\0\0", 3200, MSG_DONTWAIT, NULL, NULL) = 32
19463 1784159804.477579 recvfrom(43, 0x7ffcf06d30, 3200, MSG_DONTWAIT, NULL, NULL) = -1 EAGAIN (Try again)
19463 1784159804.477949 recvfrom(52, 0x7af3c1d420, 2272, MSG_DONTWAIT, NULL, NULL) = -1 EAGAIN (Try again)
19463 1784159804.478584 recvfrom(43, 0x7ffcf05260, 3200, MSG_DONTWAIT, NULL, NULL) = -1 EAGAIN (Try again)
19463 1784159804.494766 recvfrom(43, "nysv\0\0\0\0\0\0\0\0\0\0\0\0)\310\247\370\241\3\0\0\16\240\3\0\0\0\0\0", 3200, MSG_DONTWAIT, NULL, NULL) = 32
19463 1784159804.495057 recvfrom(43, 0x7ffcf06d30, 3200, MSG_DONTWAIT, NULL, NULL) = -1 EAGAIN (Try again)
19463 1784159804.495400 recvfrom(52, 0x7af3c1d420, 2272, MSG_DONTWAIT, NULL, NULL) = -1 EAGAIN (Try again)
19463 1784159804.496054 recvfrom(43, 0x7ffcf05260, 3200, MSG_DONTWAIT, NULL, NULL) = -1 EAGAIN (Try again)
19463 1784159804.511931 recvfrom(43, "nysv\0\0\0\0\0\0\0\0\0\0\0\0S\30\246\371\241\3\0\0\17\240\3\0\0\0\0\0", 3200, MSG_DONTWAIT, NULL, NULL) = 32
19463 1784159804.512244 recvfrom(43, 0x7ffcf06d30, 3200, MSG_DONTWAIT, NULL, NULL) = -1 EAGAIN (Try again)
19463 1784159804.512573 recvfrom(52, 0x7af3c1d420, 2272, MSG_DONTWAIT, NULL, NULL) = -1 EAGAIN (Try again)
19463 1784159804.513247 recvfrom(43, 0x7ffcf05260, 3200, MSG_DONTWAIT, NULL, NULL) = -1 EAGAIN (Try again)
19463 1784159804.530547 recvfrom(43, "nysv\0\0\0\0\0\0\0\0\0\0\0\0\t\4\244\372\241\3\0\0\20\240\3\0\0\0\0\0", 3200, MSG_DONTWAIT, NULL, NULL) = 32
19463 1784159804.530840 recvfrom(43, 0x7ffcf06d30, 3200, MSG_DONTWAIT, NULL, NULL) = -1 EAGAIN (Try again)
19463 1784159804.531200 recvfrom(52, 0x7af3c1d420, 2272, MSG_DONTWAIT, NULL, NULL) = -1 EAGAIN (Try again)
19463 1784159804.532162 recvfrom(43, 0x7ffcf05260, 3200, MSG_DONTWAIT, NULL, NULL) = -1 EAGAIN (Try again)
19463 1784159804.549085 recvfrom(43, "nysv\0\0\0\0\0\0\0\0\0\0\0\0\263i\242\373\241\3\0\0\21\240\3\0\0\0\0\0", 3200, MSG_DONTWAIT, NULL, NULL) = 32
19463 1784159804.549389 recvfrom(43, 0x7ffcf06d30, 3200, MSG_DONTWAIT, NULL, NULL) = -1 EAGAIN (Try again)
19463 1784159804.549734 recvfrom(52, 0x7af3c1d420, 2272, MSG_DONTWAIT, NULL, NULL) = -1 EAGAIN (Try again)
19463 1784159804.550600 recvfrom(43, 0x7ffcf05260, 3200, MSG_DONTWAIT, NULL, NULL) = -1 EAGAIN (Try again)
19463 1784159804.576165 recvfrom(43, "nysv\0\0\0\0\0\0\0\0\0\0\0\0\367\326\240\374\241\3\0\0\22\240\3\0\0\0\0\0", 3200, MSG_DONTWAIT, NULL, NULL) = 32
19463 1784159804.576602 recvfrom(43, 0x7ffcf06d30, 3200, MSG_DONTWAIT, NULL, NULL) = -1 EAGAIN (Try again)
19463 1784159804.576956 recvfrom(52, 0x7af3c1d420, 2272, MSG_DONTWAIT, NULL, NULL) = -1 EAGAIN (Try again)
19463 1784159804.577970 recvfrom(43, 0x7ffcf05260, 3200, MSG_DONTWAIT, NULL, NULL) = -1 EAGAIN (Try again)
19463 1784159804.594301 recvfrom(43, "nysv\0\0\0\0\0\0\0\0\0\0\0\0Y\225\235\376\241\3\0\0\24\240\3\0\0\0\0\0", 3200, MSG_DONTWAIT, NULL, NULL) = 32
19463 1784159804.594617 recvfrom(43, 0x7ffcf06d30, 3200, MSG_DONTWAIT, NULL, NULL) = -1 EAGAIN (Try again)
19463 1784159804.594939 recvfrom(52, 0x7af3c1d420, 2272, MSG_DONTWAIT, NULL, NULL) = -1 EAGAIN (Try again)
19463 1784159804.595603 recvfrom(43, 0x7ffcf05260, 3200, MSG_DONTWAIT, NULL, NULL) = -1 EAGAIN (Try again)
19463 1784159804.616143 recvfrom(43, "nysv\0\0\0\0\0\0\0\0\0\0\0\0\203\345\233\377\241\3\0\0\25\240\3\0\0\0\0\0", 3200, MSG_DONTWAIT, NULL, NULL) = 32
19463 1784159804.616523 recvfrom(43, 0x7ffcf06d30, 3200, MSG_DONTWAIT, NULL, NULL) = -1 EAGAIN (Try again)
19463 1784159804.616867 recvfrom(52, 0x7af3c1d420, 2272, MSG_DONTWAIT, NULL, NULL) = -1 EAGAIN (Try again)
19463 1784159804.617554 recvfrom(43, 0x7ffcf05260, 3200, MSG_DONTWAIT, NULL, NULL) = -1 EAGAIN (Try again)
19463 1784159804.647013 recvfrom(43, "nysv\0\0\0\0\0\0\0\0\0\0\0\0\373R\232\0\242\3\0\0\26\240\3\0\0\0\0\0", 3200, MSG_DONTWAIT, NULL, NULL) = 32
19463 1784159804.647371 recvfrom(43, 0x7ffcf06d30, 3200, MSG_DONTWAIT, NULL, NULL) = -1 EAGAIN (Try again)
19463 1784159804.647701 recvfrom(52, 0x7af3c1d420, 2272, MSG_DONTWAIT, NULL, NULL) = -1 EAGAIN (Try again)
19463 1784159804.648407 recvfrom(43, 0x7ffcf05260, 3200, MSG_DONTWAIT, NULL, NULL) = -1 EAGAIN (Try again)
19463 1784159804.664785 recvfrom(43, "nysv\0\0\0\0\0\0\0\0\0\0\0\0\3344\227\2\242\3\0\0\30\240\3\0\0\0\0\0", 3200, MSG_DONTWAIT, NULL, NULL) = 32
19463 1784159804.665080 recvfrom(43, 0x7ffcf06d30, 3200, MSG_DONTWAIT, NULL, NULL) = -1 EAGAIN (Try again)
19463 1784159804.665415 recvfrom(52, 0x7af3c1d420, 2272, MSG_DONTWAIT, NULL, NULL) = -1 EAGAIN (Try again)
19463 1784159804.666210 recvfrom(43, 0x7ffcf05260, 3200, MSG_DONTWAIT, NULL, NULL) = -1 EAGAIN (Try again)
19463 1784159804.684969 recvfrom(43, "nysv\0\0\0\0\0\0\0\0\0\0\0\0\305\227\225\3\242\3\0\0\31\240\3\0\0\0\0\0", 3200, MSG_DONTWAIT, NULL, NULL) = 32
19463 1784159804.685280 recvfrom(43, 0x7ffcf06d30, 3200, MSG_DONTWAIT, NULL, NULL) = -1 EAGAIN (Try again)
19463 1784159804.685607 recvfrom(52, 0x7af3c1d420, 2272, MSG_DONTWAIT, NULL, NULL) = -1 EAGAIN (Try again)
19463 1784159804.686543 recvfrom(43, 0x7ffcf05260, 3200, MSG_DONTWAIT, NULL, NULL) = -1 EAGAIN (Try again)
19463 1784159804.708822 recvfrom(43, "nysv\0\0\0\0\0\0\0\0\0\0\0\08h\222\5\242\3\0\0\33\240\3\0\0\0\0\0", 3200, MSG_DONTWAIT, NULL, NULL) = 32
19463 1784159804.709214 recvfrom(43, 0x7ffcf06d30, 3200, MSG_DONTWAIT, NULL, NULL) = -1 EAGAIN (Try again)
19463 1784159804.709518 recvfrom(52, 0x7af3c1d420, 2272, MSG_DONTWAIT, NULL, NULL) = -1 EAGAIN (Try again)
19463 1784159804.710333 recvfrom(43, 0x7ffcf05260, 3200, MSG_DONTWAIT, NULL, NULL) = -1 EAGAIN (Try again)
19463 1784159804.729933 recvfrom(43, "nysv\0\0\0\0\0\0\0\0\0\0\0\0\236\323\220\6\242\3\0\0\34\240\3\0\0\0\0\0", 3200, MSG_DONTWAIT, NULL, NULL) = 32
19463 1784159804.730188 recvfrom(43, 0x7ffcf06d30, 3200, MSG_DONTWAIT, NULL, NULL) = -1 EAGAIN (Try again)
19463 1784159804.730473 recvfrom(52, 0x7af3c1d420, 2272, MSG_DONTWAIT, NULL, NULL) = -1 EAGAIN (Try again)
19463 1784159804.731168 recvfrom(43, 0x7ffcf05260, 3200, MSG_DONTWAIT, NULL, NULL) = -1 EAGAIN (Try again)
19463 1784159804.746741 recvfrom(43, "nysv\0\0\0\0\0\0\0\0\0\0\0\0\357\360\216\7\242\3\0\0\35\240\3\0\0\0\0\0", 3200, MSG_DONTWAIT, NULL, NULL) = 32
19463 1784159804.747207 recvfrom(43, 0x7ffcf06d30, 3200, MSG_DONTWAIT, NULL, NULL) = -1 EAGAIN (Try again)
19463 1784159804.747510 recvfrom(52, 0x7af3c1d420, 2272, MSG_DONTWAIT, NULL, NULL) = -1 EAGAIN (Try again)
19463 1784159804.748126 recvfrom(43, 0x7ffcf05260, 3200, MSG_DONTWAIT, NULL, NULL) = -1 EAGAIN (Try again)
19463 1784159804.764917 recvfrom(43, "nysv\0\0\0\0\0\0\0\0\0\0\0\0a\330\214\10\242\3\0\0\36\240\3\0\0\0\0\0", 3200, MSG_DONTWAIT, NULL, NULL) = 32
19463 1784159804.765221 recvfrom(43, 0x7ffcf06d30, 3200, MSG_DONTWAIT, NULL, NULL) = -1 EAGAIN (Try again)
19463 1784159804.765556 recvfrom(52, 0x7af3c1d420, 2272, MSG_DONTWAIT, NULL, NULL) = -1 EAGAIN (Try again)
19463 1784159804.766311 recvfrom(43, 0x7ffcf05260, 3200, MSG_DONTWAIT, NULL, NULL) = -1 EAGAIN (Try again)
19463 1784159804.783552 recvfrom(43, "nysv\0\0\0\0\0\0\0\0\0\0\0\00049\213\t\242\3\0\0\37\240\3\0\0\0\0\0", 3200, MSG_DONTWAIT, NULL, NULL) = 32
19463 1784159804.783862 recvfrom(43, 0x7ffcf06d30, 3200, MSG_DONTWAIT, NULL, NULL) = -1 EAGAIN (Try again)
19463 1784159804.784301 recvfrom(52, 0x7af3c1d420, 2272, MSG_DONTWAIT, NULL, NULL) = -1 EAGAIN (Try again)
19463 1784159804.784985 recvfrom(43, 0x7ffcf05260, 3200, MSG_DONTWAIT, NULL, NULL) = -1 EAGAIN (Try again)
19463 1784159804.810386 recvfrom(43, "nysv\0\0\0\0\0\0\0\0\0\0\0\0\374\231\211\n\242\3\0\0 \240\3\0\0\0\0\0", 3200, MSG_DONTWAIT, NULL, NULL) = 32
19463 1784159804.810811 recvfrom(43, 0x7ffcf06d30, 3200, MSG_DONTWAIT, NULL, NULL) = -1 EAGAIN (Try again)
19463 1784159804.811164 recvfrom(52, 0x7af3c1d420, 2272, MSG_DONTWAIT, NULL, NULL) = -1 EAGAIN (Try again)
19463 1784159804.811911 recvfrom(43, 0x7ffcf05260, 3200, MSG_DONTWAIT, NULL, NULL) = -1 EAGAIN (Try again)
19463 1784159804.829332 recvfrom(43, "nysv\0\0\0\0\0\0\0\0\0\0\0\0\21p\206\f\242\3\0\0\"\240\3\0\0\0\0\0", 3200, MSG_DONTWAIT, NULL, NULL) = 32
19463 1784159804.829648 recvfrom(43, 0x7ffcf06d30, 3200, MSG_DONTWAIT, NULL, NULL) = -1 EAGAIN (Try again)
19463 1784159804.830095 recvfrom(52, 0x7af3c1d420, 2272, MSG_DONTWAIT, NULL, NULL) = -1 EAGAIN (Try again)
19463 1784159804.830745 recvfrom(43, 0x7ffcf05260, 3200, MSG_DONTWAIT, NULL, NULL) = -1 EAGAIN (Try again)
19463 1784159804.848567 recvfrom(43, "nysv\0\0\0\0\0\0\0\0\0\0\0\0\205t\204\r\242\3\0\0#\240\3\0\0\0\0\0", 3200, MSG_DONTWAIT, NULL, NULL) = 32
19463 1784159804.848938 recvfrom(43, 0x7ffcf06d30, 3200, MSG_DONTWAIT, NULL, NULL) = -1 EAGAIN (Try again)
19463 1784159804.849256 recvfrom(52, 0x7af3c1d420, 2272, MSG_DONTWAIT, NULL, NULL) = -1 EAGAIN (Try again)
19463 1784159804.849942 recvfrom(43, 0x7ffcf05260, 3200, MSG_DONTWAIT, NULL, NULL) = -1 EAGAIN (Try again)
19463 1784159804.868774 recvfrom(43, "nysv\0\0\0\0\0\0\0\0\0\0\0\0\244\332\202\16\242\3\0\0$\240\3\0\0\0\0\0", 3200, MSG_DONTWAIT, NULL, NULL) = 32
19463 1784159804.869093 recvfrom(43, 0x7ffcf06d30, 3200, MSG_DONTWAIT, NULL, NULL) = -1 EAGAIN (Try again)
19463 1784159804.869570 recvfrom(52, 0x7af3c1d420, 2272, MSG_DONTWAIT, NULL, NULL) = -1 EAGAIN (Try again)
19463 1784159804.870873 recvfrom(43, 0x7ffcf05260, 3200, MSG_DONTWAIT, NULL, NULL) = -1 EAGAIN (Try again)
19463 1784159804.894109 recvfrom(43, "nysv\0\0\0\0\0\0\0\0\0\0\0\0\316\210\177\20\242\3\0\0&\240\3\0\0\0\0\0", 3200, MSG_DONTWAIT, NULL, NULL) = 32
19463 1784159804.894418 recvfrom(43, 0x7ffcf06d30, 3200, MSG_DONTWAIT, NULL, NULL) = -1 EAGAIN (Try again)
19463 1784159804.894767 recvfrom(52, 0x7af3c1d420, 2272, MSG_DONTWAIT, NULL, NULL) = -1 EAGAIN (Try again)
19463 1784159804.895429 recvfrom(43, 0x7ffcf05260, 3200, MSG_DONTWAIT, NULL, NULL) = -1 EAGAIN (Try again)
19463 1784159804.913641 recvfrom(43, "nysv\0\0\0\0\0\0\0\0\0\0\0\0\r\357}\21\242\3\0\0'\240\3\0\0\0\0\0", 3200, MSG_DONTWAIT, NULL, NULL) = 32
19463 1784159804.914048 recvfrom(43, 0x7ffcf06d30, 3200, MSG_DONTWAIT, NULL, NULL) = -1 EAGAIN (Try again)
19463 1784159804.914346 recvfrom(52, 0x7af3c1d420, 2272, MSG_DONTWAIT, NULL, NULL) = -1 EAGAIN (Try again)
19463 1784159804.914988 recvfrom(43, 0x7ffcf05260, 3200, MSG_DONTWAIT, NULL, NULL) = -1 EAGAIN (Try again)
19463 1784159804.934403 recvfrom(43, "nysv\0\0\0\0\0\0\0\0\0\0\0\0007?|\22\242\3\0\0(\240\3\0\0\0\0\0", 3200, MSG_DONTWAIT, NULL, NULL) = 32
19463 1784159804.934838 recvfrom(43, 0x7ffcf06d30, 3200, MSG_DONTWAIT, NULL, NULL) = -1 EAGAIN (Try again)
19463 1784159804.935174 recvfrom(52, 0x7af3c1d420, 2272, MSG_DONTWAIT, NULL, NULL) = -1 EAGAIN (Try again)
19463 1784159804.935850 recvfrom(43, 0x7ffcf05260, 3200, MSG_DONTWAIT, NULL, NULL) = -1 EAGAIN (Try again)
19463 1784159804.959095 recvfrom(43, "nysv\0\0\0\0\0\0\0\0\0\0\0\0\17\246z\23\242\3\0\0)\240\3\0\0\0\0\0", 3200, MSG_DONTWAIT, NULL, NULL) = 32
19463 1784159804.959431 recvfrom(43, 0x7ffcf06d30, 3200, MSG_DONTWAIT, NULL, NULL) = -1 EAGAIN (Try again)
19463 1784159804.959735 recvfrom(52, 0x7af3c1d420, 2272, MSG_DONTWAIT, NULL, NULL) = -1 EAGAIN (Try again)
19463 1784159804.960339 recvfrom(43, 0x7ffcf05260, 3200, MSG_DONTWAIT, NULL, NULL) = -1 EAGAIN (Try again)
19463 1784159804.978163 recvfrom(43, "nysv\0\0\0\0\0\0\0\0\0\0\0\0\327\367v\25\242\3\0\0+\240\3\0\0\0\0\0", 3200, MSG_DONTWAIT, NULL, NULL) = 32
19463 1784159804.978475 recvfrom(43, 0x7ffcf06d30, 3200, MSG_DONTWAIT, NULL, NULL) = -1 EAGAIN (Try again)
19463 1784159804.978797 recvfrom(52, 0x7af3c1d420, 2272, MSG_DONTWAIT, NULL, NULL) = -1 EAGAIN (Try again)
19463 1784159804.979386 recvfrom(43, 0x7ffcf05260, 3200, MSG_DONTWAIT, NULL, NULL) = -1 EAGAIN (Try again)
19463 1784159804.999123 recvfrom(43, "nysv\0\0\0\0\0\0\0\0\0\0\0\0\351?u\26\242\3\0\0,\240\3\0\0\0\0\0", 3200, MSG_DONTWAIT, NULL, NULL) = 32
19463 1784159804.999496 recvfrom(43, 0x7ffcf06d30, 3200, MSG_DONTWAIT, NULL, NULL) = -1 EAGAIN (Try again)
19463 1784159804.999832 recvfrom(52, 0x7af3c1d420, 2272, MSG_DONTWAIT, NULL, NULL) = -1 EAGAIN (Try again)
19463 1784159805.000551 recvfrom(43, 0x7ffcf05260, 3200, MSG_DONTWAIT, NULL, NULL) = -1 EAGAIN (Try again)
19463 1784159805.030562 recvfrom(43, "nysv\0\0\0\0\0\0\0\0\0\0\0\0\346\254s\27\242\3\0\0-\240\3\0\0\0\0\0", 3200, MSG_DONTWAIT, NULL, NULL) = 32
19463 1784159805.031016 recvfrom(43, 0x7ffcf06d30, 3200, MSG_DONTWAIT, NULL, NULL) = -1 EAGAIN (Try again)
19463 1784159805.031368 recvfrom(52, 0x7af3c1d420, 2272, MSG_DONTWAIT, NULL, NULL) = -1 EAGAIN (Try again)
19463 1784159805.032069 recvfrom(43, 0x7ffcf05260, 3200, MSG_DONTWAIT, NULL, NULL) = -1 EAGAIN (Try again)
19463 1784159805.048390 recvfrom(43, "nysv\0\0\0\0\0\0\0\0\0\0\0\0:Mp\31\242\3\0\0/\240\3\0\0\0\0\0", 3200, MSG_DONTWAIT, NULL, NULL) = 32
19463 1784159805.048688 recvfrom(43, 0x7ffcf06d30, 3200, MSG_DONTWAIT, NULL, NULL) = -1 EAGAIN (Try again)
19463 1784159805.049011 recvfrom(52, 0x7af3c1d420, 2272, MSG_DONTWAIT, NULL, NULL) = -1 EAGAIN (Try again)
19463 1784159805.049603 recvfrom(43, 0x7ffcf05260, 3200, MSG_DONTWAIT, NULL, NULL) = -1 EAGAIN (Try again)
19463 1784159805.066171 recvfrom(43, "nysv\0\0\0\0\0\0\0\0\0\0\0\0d\235n\32\242\3\0\0000\240\3\0\0\0\0\0", 3200, MSG_DONTWAIT, NULL, NULL) = 32
19463 1784159805.066476 recvfrom(43, 0x7ffcf06d30, 3200, MSG_DONTWAIT, NULL, NULL) = -1 EAGAIN (Try again)
19463 1784159805.066887 recvfrom(52, 0x7af3c1d420, 2272, MSG_DONTWAIT, NULL, NULL) = -1 EAGAIN (Try again)
19463 1784159805.067560 recvfrom(43, 0x7ffcf05260, 3200, MSG_DONTWAIT, NULL, NULL) = -1 EAGAIN (Try again)
19463 1784159805.093758 recvfrom(43, "nysv\0\0\0\0\0\0\0\0\0\0\0\0C\24m\33\242\3\0\0001\240\3\0\0\0\0\0", 3200, MSG_DONTWAIT, NULL, NULL) = 32
19463 1784159805.094225 recvfrom(43, 0x7ffcf06d30, 3200, MSG_DONTWAIT, NULL, NULL) = -1 EAGAIN (Try again)
19463 1784159805.094575 recvfrom(52, 0x7af3c1d420, 2272, MSG_DONTWAIT, NULL, NULL) = -1 EAGAIN (Try again)
19463 1784159805.095309 recvfrom(43, 0x7ffcf05260, 3200, MSG_DONTWAIT, NULL, NULL) = -1 EAGAIN (Try again)
19463 1784159805.112107 recvfrom(43, "nysv\0\0\0\0\0\0\0\0\0\0\0\0\315\335i\35\242\3\0\0003\240\3\0\0\0\0\0", 3200, MSG_DONTWAIT, NULL, NULL) = 32
19463 1784159805.112402 recvfrom(43, 0x7ffcf06d30, 3200, MSG_DONTWAIT, NULL, NULL) = -1 EAGAIN (Try again)
19463 1784159805.112721 recvfrom(52, 0x7af3c1d420, 2272, MSG_DONTWAIT, NULL, NULL) = -1 EAGAIN (Try again)
19463 1784159805.113384 recvfrom(43, 0x7ffcf05260, 3200, MSG_DONTWAIT, NULL, NULL) = -1 EAGAIN (Try again)
19463 1784159805.128866 recvfrom(43, "nysv\0\0\0\0\0\0\0\0\0\0\0\0}\22h\36\242\3\0\0004\240\3\0\0\0\0\0", 3200, MSG_DONTWAIT, NULL, NULL) = 32
19463 1784159805.129170 recvfrom(43, 0x7ffcf06d30, 3200, MSG_DONTWAIT, NULL, NULL) = -1 EAGAIN (Try again)
19463 1784159805.129524 recvfrom(52, 0x7af3c1d420, 2272, MSG_DONTWAIT, NULL, NULL) = -1 EAGAIN (Try again)
19463 1784159805.130485 recvfrom(43, 0x7ffcf05260, 3200, MSG_DONTWAIT, NULL, NULL) = -1 EAGAIN (Try again)
19463 1784159805.148545 recvfrom(43, "nysv\0\0\0\0\0\0\0\0\0\0\0\0006zf\37\242\3\0\0005\240\3\0\0\0\0\0", 3200, MSG_DONTWAIT, NULL, NULL) = 32
19463 1784159805.148991 recvfrom(43, 0x7ffcf06d30, 3200, MSG_DONTWAIT, NULL, NULL) = -1 EAGAIN (Try again)
19463 1784159805.149316 recvfrom(52, 0x7af3c1d420, 2272, MSG_DONTWAIT, NULL, NULL) = -1 EAGAIN (Try again)
19463 1784159805.150143 recvfrom(43, 0x7ffcf05260, 3200, MSG_DONTWAIT, NULL, NULL) = -1 EAGAIN (Try again)
19463 1784159805.168325 recvfrom(43, "nysv\0\0\0\0\0\0\0\0\0\0\0\0\357\342d \242\3\0\0006\240\3\0\0\0\0\0", 3200, MSG_DONTWAIT, NULL, NULL) = 32
19463 1784159805.168634 recvfrom(43, 0x7ffcf06d30, 3200, MSG_DONTWAIT, NULL, NULL) = -1 EAGAIN (Try again)
19463 1784159805.168994 recvfrom(52, 0x7af3c1d420, 2272, MSG_DONTWAIT, NULL, NULL) = -1 EAGAIN (Try again)
19463 1784159805.170163 recvfrom(43, 0x7ffcf05260, 3200, MSG_DONTWAIT, NULL, NULL) = -1 EAGAIN (Try again)
19463 1784159805.194272 recvfrom(43, "nysv\0\0\0\0\0\0\0\0\0\0\0\0|\270a\"\242\3\0\08\240\3\0\0\0\0\0", 3200, MSG_DONTWAIT, NULL, NULL) = 32
19463 1784159805.194671 recvfrom(43, 0x7ffcf06d30, 3200, MSG_DONTWAIT, NULL, NULL) = -1 EAGAIN (Try again)
19463 1784159805.195011 recvfrom(52, 0x7af3c1d420, 2272, MSG_DONTWAIT, NULL, NULL) = -1 EAGAIN (Try again)
19463 1784159805.195695 recvfrom(43, 0x7ffcf05260, 3200, MSG_DONTWAIT, NULL, NULL) = -1 EAGAIN (Try again)
19463 1784159805.211574 recvfrom(43, "nysv\0\0\0\0\0\0\0\0\0\0\0\0Q\r`#\242\3\0\09\240\3\0\0\0\0\0", 3200, MSG_DONTWAIT, NULL, NULL) = 32
19463 1784159805.211928 recvfrom(43, 0x7ffcf06d30, 3200, MSG_DONTWAIT, NULL, NULL) = -1 EAGAIN (Try again)
19463 1784159805.212367 recvfrom(52, 0x7af3c1d420, 2272, MSG_DONTWAIT, NULL, NULL) = -1 EAGAIN (Try again)
19463 1784159805.213000 recvfrom(43, 0x7ffcf05260, 3200, MSG_DONTWAIT, NULL, NULL) = -1 EAGAIN (Try again)
19463 1784159805.236202 recvfrom(43, "nysv\0\0\0\0\0\0\0\0\0\0\0\0{]^$\242\3\0\0:\240\3\0\0\0\0\0", 3200, MSG_DONTWAIT, NULL, NULL) = 32
19463 1784159805.236484 recvfrom(43, 0x7ffcf06d30, 3200, MSG_DONTWAIT, NULL, NULL) = -1 EAGAIN (Try again)
19463 1784159805.236874 recvfrom(52, 0x7af3c1d420, 2272, MSG_DONTWAIT, NULL, NULL) = -1 EAGAIN (Try again)
19463 1784159805.238466 recvfrom(43, 0x7ffcf05260, 3200, MSG_DONTWAIT, NULL, NULL) = -1 EAGAIN (Try again)
19463 1784159805.260167 recvfrom(43, "nysv\0\0\0\0\0\0\0\0\0\0\0\0\205\0[&\242\3\0\0<\240\3\0\0\0\0\0", 3200, MSG_DONTWAIT, NULL, NULL) = 32
19463 1784159805.260549 recvfrom(43, 0x7ffcf06d30, 3200, MSG_DONTWAIT, NULL, NULL) = -1 EAGAIN (Try again)
19463 1784159805.260890 recvfrom(52, 0x7af3c1d420, 2272, MSG_DONTWAIT, NULL, NULL) = -1 EAGAIN (Try again)
19463 1784159805.261577 recvfrom(43, 0x7ffcf05260, 3200, MSG_DONTWAIT, NULL, NULL) = -1 EAGAIN (Try again)
19463 1784159805.277062 recvfrom(43, "nysv\0\0\0\0\0\0\0\0\0\0\0\0\257PY'\242\3\0\0=\240\3\0\0\0\0\0", 3200, MSG_DONTWAIT, NULL, NULL) = 32
19463 1784159805.277328 recvfrom(43, 0x7ffcf06d30, 3200, MSG_DONTWAIT, NULL, NULL) = -1 EAGAIN (Try again)
19463 1784159805.277665 recvfrom(52, 0x7af3c1d420, 2272, MSG_DONTWAIT, NULL, NULL) = -1 EAGAIN (Try again)
19463 1784159805.278425 recvfrom(43, 0x7ffcf05260, 3200, MSG_DONTWAIT, NULL, NULL) = -1 EAGAIN (Try again)
19463 1784159805.297400 recvfrom(43, "nysv\0\0\0\0\0\0\0\0\0\0\0\0M\267W(\242\3\0\0>\240\3\0\0\0\0\0", 3200, MSG_DONTWAIT, NULL, NULL) = 32
19463 1784159805.297747 recvfrom(43, 0x7ffcf06d30, 3200, MSG_DONTWAIT, NULL, NULL) = -1 EAGAIN (Try again)
19463 1784159805.298121 recvfrom(52, 0x7af3c1d420, 2272, MSG_DONTWAIT, NULL, NULL) = -1 EAGAIN (Try again)
19463 1784159805.298922 recvfrom(43, 0x7ffcf05260, 3200, MSG_DONTWAIT, NULL, NULL) = -1 EAGAIN (Try again)
19463 1784159805.317742 recvfrom(43, "nysv\0\0\0\0\0\0\0\0\0\0\0\0w\7V)\242\3\0\0?\240\3\0\0\0\0\0", 3200, MSG_DONTWAIT, NULL, NULL) = 32
19463 1784159805.318134 recvfrom(43, 0x7ffcf06d30, 3200, MSG_DONTWAIT, NULL, NULL) = -1 EAGAIN (Try again)
19463 1784159805.318427 recvfrom(52, 0x7af3c1d420, 2272, MSG_DONTWAIT, NULL, NULL) = -1 EAGAIN (Try again)
19463 1784159805.319050 recvfrom(43, 0x7ffcf05260, 3200, MSG_DONTWAIT, NULL, NULL) = -1 EAGAIN (Try again)
19463 1784159805.344365 recvfrom(43, "nysv\0\0\0\0\0\0\0\0\0\0\0\0e\303R+\242\3\0\0A\240\3\0\0\0\0\0", 3200, MSG_DONTWAIT, NULL, NULL) = 32
19463 1784159805.344668 recvfrom(43, 0x7ffcf06d30, 3200, MSG_DONTWAIT, NULL, NULL) = -1 EAGAIN (Try again)
19463 1784159805.345005 recvfrom(52, 0x7af3c1d420, 2272, MSG_DONTWAIT, NULL, NULL) = -1 EAGAIN (Try again)
19463 1784159805.345650 recvfrom(43, 0x7ffcf05260, 3200, MSG_DONTWAIT, NULL, NULL) = -1 EAGAIN (Try again)
19463 1784159805.362492 recvfrom(43, "nysv\0\0\0\0\0\0\0\0\0\0\0\0003%Q,\242\3\0\0B\240\3\0\0\0\0\0", 3200, MSG_DONTWAIT, NULL, NULL) = 32
19463 1784159805.362835 recvfrom(43, 0x7ffcf06d30, 3200, MSG_DONTWAIT, NULL, NULL) = -1 EAGAIN (Try again)
19463 1784159805.363166 recvfrom(52, 0x7af3c1d420, 2272, MSG_DONTWAIT, NULL, NULL) = -1 EAGAIN (Try again)
19463 1784159805.363767 recvfrom(43, 0x7ffcf05260, 3200, MSG_DONTWAIT, NULL, NULL) = -1 EAGAIN (Try again)
19463 1784159805.380695 recvfrom(43, "nysv\0\0\0\0\0\0\0\0\0\0\0\0\340iO-\242\3\0\0C\240\3\0\0\0\0\0", 3200, MSG_DONTWAIT, NULL, NULL) = 32
19463 1784159805.381028 recvfrom(43, 0x7ffcf06d30, 3200, MSG_DONTWAIT, NULL, NULL) = -1 EAGAIN (Try again)
19463 1784159805.381388 recvfrom(52, 0x7af3c1d420, 2272, MSG_DONTWAIT, NULL, NULL) = -1 EAGAIN (Try again)
19463 1784159805.382243 recvfrom(43, 0x7ffcf05260, 3200, MSG_DONTWAIT, NULL, NULL) = -1 EAGAIN (Try again)
19463 1784159805.400946 recvfrom(43, "nysv\0\0\0\0\0\0\0\0\0\0\0\0\n\272M.\242\3\0\0D\240\3\0\0\0\0\0", 3200, MSG_DONTWAIT, NULL, NULL) = 32
19463 1784159805.401348 recvfrom(43, 0x7ffcf06d30, 3200, MSG_DONTWAIT, NULL, NULL) = -1 EAGAIN (Try again)
19463 1784159805.401715 recvfrom(52, 0x7af3c1d420, 2272, MSG_DONTWAIT, NULL, NULL) = -1 EAGAIN (Try again)
19463 1784159805.403179 recvfrom(43, 0x7ffcf05260, 3200, MSG_DONTWAIT, NULL, NULL) = -1 EAGAIN (Try again)
19463 1784159805.428333 recvfrom(43, "nysv\0\0\0\0\0\0\0\0\0\0\0\0\345WJ0\242\3\0\0F\240\3\0\0\0\0\0", 3200, MSG_DONTWAIT, NULL, NULL) = 32
19463 1784159805.428626 recvfrom(43, 0x7ffcf06d30, 3200, MSG_DONTWAIT, NULL, NULL) = -1 EAGAIN (Try again)
19463 1784159805.428958 recvfrom(52, 0x7af3c1d420, 2272, MSG_DONTWAIT, NULL, NULL) = -1 EAGAIN (Try again)
19463 1784159805.429636 recvfrom(43, 0x7ffcf05260, 3200, MSG_DONTWAIT, NULL, NULL) = -1 EAGAIN (Try again)
19463 1784159805.445506 recvfrom(43, "nysv\0\0\0\0\0\0\0\0\0\0\0\0|\266H1\242\3\0\0G\240\3\0\0\0\0\0", 3200, MSG_DONTWAIT, NULL, NULL) = 32
19463 1784159805.445767 recvfrom(43, 0x7ffcf06d30, 3200, MSG_DONTWAIT, NULL, NULL) = -1 EAGAIN (Try again)
19463 1784159805.446293 recvfrom(52, 0x7af3c1d420, 2272, MSG_DONTWAIT, NULL, NULL) = -1 EAGAIN (Try again)
19463 1784159805.446973 recvfrom(43, 0x7ffcf05260, 3200, MSG_DONTWAIT, NULL, NULL) = -1 EAGAIN (Try again)
19463 1784159805.466114 recvfrom(43, "nysv\0\0\0\0\0\0\0\0\0\0\0\0\31\376F2\242\3\0\0H\240\3\0\0\0\0\0", 3200, MSG_DONTWAIT, NULL, NULL) = 32
19463 1784159805.466434 recvfrom(43, 0x7ffcf06d30, 3200, MSG_DONTWAIT, NULL, NULL) = -1 EAGAIN (Try again)
19463 1784159805.466787 recvfrom(52, 0x7af3c1d420, 2272, MSG_DONTWAIT, NULL, NULL) = -1 EAGAIN (Try again)
19463 1784159805.467505 recvfrom(43, 0x7ffcf05260, 3200, MSG_DONTWAIT, NULL, NULL) = -1 EAGAIN (Try again)
19463 1784159805.496624 recvfrom(43, "nysv\0\0\0\0\0\0\0\0\0\0\0\0\31gE3\242\3\0\0I\240\3\0\0\0\0\0", 3200, MSG_DONTWAIT, NULL, NULL) = 32
19463 1784159805.496935 recvfrom(43, 0x7ffcf06d30, 3200, MSG_DONTWAIT, NULL, NULL) = -1 EAGAIN (Try again)
19463 1784159805.497280 recvfrom(52, 0x7af3c1d420, 2272, MSG_DONTWAIT, NULL, NULL) = -1 EAGAIN (Try again)
19463 1784159805.498030 recvfrom(43, 0x7ffcf05260, 3200, MSG_DONTWAIT, NULL, NULL) = -1 EAGAIN (Try again)
19463 1784159805.514002 recvfrom(43, "nysv\0\0\0\0\0\0\0\0\0\0\0\0\212TB5\242\3\0\0K\240\3\0\0\0\0\0", 3200, MSG_DONTWAIT, NULL, NULL) = 32
19463 1784159805.514281 recvfrom(43, 0x7ffcf06d30, 3200, MSG_DONTWAIT, NULL, NULL) = -1 EAGAIN (Try again)
19463 1784159805.514547 recvfrom(52, 0x7af3c1d420, 2272, MSG_DONTWAIT, NULL, NULL) = -1 EAGAIN (Try again)
19463 1784159805.515186 recvfrom(43, 0x7ffcf05260, 3200, MSG_DONTWAIT, NULL, NULL) = -1 EAGAIN (Try again)
19463 1784159805.532737 recvfrom(43, "nysv\0\0\0\0\0\0\0\0\0\0\0\0\337\274@6\242\3\0\0L\240\3\0\0\0\0\0", 3200, MSG_DONTWAIT, NULL, NULL) = 32
19463 1784159805.533015 recvfrom(43, 0x7ffcf06d30, 3200, MSG_DONTWAIT, NULL, NULL) = -1 EAGAIN (Try again)
19463 1784159805.533369 recvfrom(52, 0x7af3c1d420, 2272, MSG_DONTWAIT, NULL, NULL) = -1 EAGAIN (Try again)
19463 1784159805.534013 recvfrom(43, 0x7ffcf05260, 3200, MSG_DONTWAIT, NULL, NULL) = -1 EAGAIN (Try again)
19463 1784159805.549422 recvfrom(43, "nysv\0\0\0\0\0\0\0\0\0\0\0\0\374&?7\242\3\0\0M\240\3\0\0\0\0\0", 3200, MSG_DONTWAIT, NULL, NULL) = 32
19463 1784159805.549734 recvfrom(43, 0x7ffcf06d30, 3200, MSG_DONTWAIT, NULL, NULL) = -1 EAGAIN (Try again)
19463 1784159805.550314 recvfrom(52, 0x7af3c1d420, 2272, MSG_DONTWAIT, NULL, NULL) = -1 EAGAIN (Try again)
19463 1784159805.551124 recvfrom(43, 0x7ffcf05260, 3200, MSG_DONTWAIT, NULL, NULL) = -1 EAGAIN (Try again)
19463 1784159805.580462 recvfrom(43, "nysv\0\0\0\0\0\0\0\0\0\0\0\0\266\210=8\242\3\0\0N\240\3\0\0\0\0\0", 3200, MSG_DONTWAIT, NULL, NULL) = 32
19463 1784159805.580766 recvfrom(43, 0x7ffcf06d30, 3200, MSG_DONTWAIT, NULL, NULL) = -1 EAGAIN (Try again)
19463 1784159805.581098 recvfrom(52, 0x7af3c1d420, 2272, MSG_DONTWAIT, NULL, NULL) = -1 EAGAIN (Try again)
19463 1784159805.581900 recvfrom(43, 0x7ffcf05260, 3200, MSG_DONTWAIT, NULL, NULL) = -1 EAGAIN (Try again)
19463 1784159805.598188 recvfrom(43, "nysv\0\0\0\0\0\0\0\0\0\0\0\0-B::\242\3\0\0P\240\3\0\0\0\0\0", 3200, MSG_DONTWAIT, NULL, NULL) = 32
19463 1784159805.598501 recvfrom(43, 0x7ffcf06d30, 3200, MSG_DONTWAIT, NULL, NULL) = -1 EAGAIN (Try again)
19463 1784159805.598818 recvfrom(52, 0x7af3c1d420, 2272, MSG_DONTWAIT, NULL, NULL) = -1 EAGAIN (Try again)
19463 1784159805.599432 recvfrom(43, 0x7ffcf05260, 3200, MSG_DONTWAIT, NULL, NULL) = -1 EAGAIN (Try again)
19463 1784159805.617532 recvfrom(43, "nysv\0\0\0\0\0\0\0\0\0\0\0\0W\2228;\242\3\0\0Q\240\3\0\0\0\0\0", 3200, MSG_DONTWAIT, NULL, NULL) = 32
19463 1784159805.617882 recvfrom(43, 0x7ffcf06d30, 3200, MSG_DONTWAIT, NULL, NULL) = -1 EAGAIN (Try again)
19463 1784159805.618254 recvfrom(52, 0x7af3c1d420, 2272, MSG_DONTWAIT, NULL, NULL) = -1 EAGAIN (Try again)
19463 1784159805.618930 recvfrom(43, 0x7ffcf05260, 3200, MSG_DONTWAIT, NULL, NULL) = -1 EAGAIN (Try again)
19463 1784159805.647138 recvfrom(43, "nysv\0\0\0\0\0\0\0\0\0\0\0\0\"\2746<\242\3\0\0R\240\3\0\0\0\0\0", 3200, MSG_DONTWAIT, NULL, NULL) = 32
19463 1784159805.647443 recvfrom(43, 0x7ffcf06d30, 3200, MSG_DONTWAIT, NULL, NULL) = -1 EAGAIN (Try again)
19463 1784159805.647779 recvfrom(52, 0x7af3c1d420, 2272, MSG_DONTWAIT, NULL, NULL) = -1 EAGAIN (Try again)
19463 1784159805.648483 recvfrom(43, 0x7ffcf05260, 3200, MSG_DONTWAIT, NULL, NULL) = -1 EAGAIN (Try again)
19463 1784159805.663339 recvfrom(43, "nysv\0\0\0\0\0\0\0\0\0\0\0\0v\\3>\242\3\0\0T\240\3\0\0\0\0\0", 3200, MSG_DONTWAIT, NULL, NULL) = 32
19463 1784159805.663611 recvfrom(43, 0x7ffcf06d30, 3200, MSG_DONTWAIT, NULL, NULL) = -1 EAGAIN (Try again)
19463 1784159805.663966 recvfrom(52, 0x7af3c1d420, 2272, MSG_DONTWAIT, NULL, NULL) = -1 EAGAIN (Try again)
19463 1784159805.664543 recvfrom(43, 0x7ffcf05260, 3200, MSG_DONTWAIT, NULL, NULL) = -1 EAGAIN (Try again)
19463 1784159805.683242 recvfrom(43, "nysv\0\0\0\0\0\0\0\0\0\0\0\0\240\2541?\242\3\0\0U\240\3\0\0\0\0\0", 3200, MSG_DONTWAIT, NULL, NULL) = 32
19463 1784159805.683494 recvfrom(43, 0x7ffcf06d30, 3200, MSG_DONTWAIT, NULL, NULL) = -1 EAGAIN (Try again)
19463 1784159805.683783 recvfrom(52, 0x7af3c1d420, 2272, MSG_DONTWAIT, NULL, NULL) = -1 EAGAIN (Try again)
19463 1784159805.684383 recvfrom(43, 0x7ffcf05260, 3200, MSG_DONTWAIT, NULL, NULL) = -1 EAGAIN (Try again)
19463 1784159805.699952 recvfrom(43, "nysv\0\0\0\0\0\0\0\0\0\0\0\0\204\0220@\242\3\0\0V\240\3\0\0\0\0\0", 3200, MSG_DONTWAIT, NULL, NULL) = 32
19463 1784159805.700209 recvfrom(43, 0x7ffcf06d30, 3200, MSG_DONTWAIT, NULL, NULL) = -1 EAGAIN (Try again)
19463 1784159805.700507 recvfrom(52, 0x7af3c1d420, 2272, MSG_DONTWAIT, NULL, NULL) = -1 EAGAIN (Try again)
19463 1784159805.701141 recvfrom(43, 0x7ffcf05260, 3200, MSG_DONTWAIT, NULL, NULL) = -1 EAGAIN (Try again)
19463 1784159805.722879 recvfrom(43, "nysv\0\0\0\0\0\0\0\0\0\0\0\0Rw.A\242\3\0\0W\240\3\0\0\0\0\0", 3200, MSG_DONTWAIT, NULL, NULL) = 32
19463 1784159805.723184 recvfrom(43, 0x7ffcf06d30, 3200, MSG_DONTWAIT, NULL, NULL) = -1 EAGAIN (Try again)
19463 1784159805.723489 recvfrom(52, 0x7af3c1d420, 2272, MSG_DONTWAIT, NULL, NULL) = -1 EAGAIN (Try again)
19463 1784159805.724053 recvfrom(43, 0x7ffcf05260, 3200, MSG_DONTWAIT, NULL, NULL) = -1 EAGAIN (Try again)
19463 1784159805.750908 recvfrom(43, "nysv\0\0\0\0\0\0\0\0\0\0\0\0\217\24+C\242\3\0\0Y\240\3\0\0\0\0\0", 3200, MSG_DONTWAIT, NULL, NULL) = 32
19463 1784159805.751266 recvfrom(43, 0x7ffcf06d30, 3200, MSG_DONTWAIT, NULL, NULL) = -1 EAGAIN (Try again)
19463 1784159805.751622 recvfrom(52, 0x7af3c1d420, 2272, MSG_DONTWAIT, NULL, NULL) = -1 EAGAIN (Try again)
19463 1784159805.752338 recvfrom(43, 0x7ffcf05260, 3200, MSG_DONTWAIT, NULL, NULL) = -1 EAGAIN (Try again)
19463 1784159805.773834 recvfrom(43, "nysv\0\0\0\0\0\0\0\0\0\0\0\0\320\v)D\242\3\0\0Z\240\3\0\0\0\0\0", 3200, MSG_DONTWAIT, NULL, NULL) = 32
19463 1784159805.774186 recvfrom(43, 0x7ffcf06d30, 3200, MSG_DONTWAIT, NULL, NULL) = -1 EAGAIN (Try again)
19463 1784159805.774497 recvfrom(52, 0x7af3c1d420, 2272, MSG_DONTWAIT, NULL, NULL) = -1 EAGAIN (Try again)
19463 1784159805.775217 recvfrom(43, 0x7ffcf05260, 3200, MSG_DONTWAIT, NULL, NULL) = -1 EAGAIN (Try again)
19463 1784159805.794403 recvfrom(43, "nysv\0\0\0\0\0\0\0\0\0\0\0\0\333\300%F\242\3\0\0\\\240\3\0\0\0\0\0", 3200, MSG_DONTWAIT, NULL, NULL) = 32
19463 1784159805.794768 recvfrom(43, 0x7ffcf06d30, 3200, MSG_DONTWAIT, NULL, NULL) = -1 EAGAIN (Try again)
19463 1784159805.795080 recvfrom(52, 0x7af3c1d420, 2272, MSG_DONTWAIT, NULL, NULL) = -1 EAGAIN (Try again)
19463 1784159805.795683 recvfrom(43, 0x7ffcf05260, 3200, MSG_DONTWAIT, NULL, NULL) = -1 EAGAIN (Try again)
19463 1784159805.814228 recvfrom(43, "nysv\0\0\0\0\0\0\0\0\0\0\0\0\5\21$G\242\3\0\0]\240\3\0\0\0\0\0", 3200, MSG_DONTWAIT, NULL, NULL) = 32
19463 1784159805.814561 recvfrom(43, 0x7ffcf06d30, 3200, MSG_DONTWAIT, NULL, NULL) = -1 EAGAIN (Try again)
19463 1784159805.814865 recvfrom(52, 0x7af3c1d420, 2272, MSG_DONTWAIT, NULL, NULL) = -1 EAGAIN (Try again)
19463 1784159805.815472 recvfrom(43, 0x7ffcf05260, 3200, MSG_DONTWAIT, NULL, NULL) = -1 EAGAIN (Try again)
19463 1784159805.833794 recvfrom(43, "nysv\0\0\0\0\0\0\0\0\0\0\0\0/a\"H\242\3\0\0^\240\3\0\0\0\0\0", 3200, MSG_DONTWAIT, NULL, NULL) = 32
19463 1784159805.834304 recvfrom(43, 0x7ffcf06d30, 3200, MSG_DONTWAIT, NULL, NULL) = -1 EAGAIN (Try again)
19463 1784159805.834660 recvfrom(52, 0x7af3c1d420, 2272, MSG_DONTWAIT, NULL, NULL) = -1 EAGAIN (Try again)
19463 1784159805.835538 recvfrom(43, 0x7ffcf05260, 3200, MSG_DONTWAIT, NULL, NULL) = -1 EAGAIN (Try again)
19463 1784159805.861096 recvfrom(43, "nysv\0\0\0\0\0\0\0\0\0\0\0\0;\307 I\242\3\0\0_\240\3\0\0\0\0\0", 3200, MSG_DONTWAIT, NULL, NULL) = 32
19463 1784159805.861398 recvfrom(43, 0x7ffcf06d30, 3200, MSG_DONTWAIT, NULL, NULL) = -1 EAGAIN (Try again)
19463 1784159805.861727 recvfrom(52, 0x7af3c1d420, 2272, MSG_DONTWAIT, NULL, NULL) = -1 EAGAIN (Try again)
19463 1784159805.862471 recvfrom(43, 0x7ffcf05260, 3200, MSG_DONTWAIT, NULL, NULL) = -1 EAGAIN (Try again)
19463 1784159805.880309 recvfrom(43, "nysv\0\0\0\0\0\0\0\0\0\0\0\0Ze\35K\242\3\0\0a\240\3\0\0\0\0\0", 3200, MSG_DONTWAIT, NULL, NULL) = 32
19463 1784159805.880763 recvfrom(43, 0x7ffcf06d30, 3200, MSG_DONTWAIT, NULL, NULL) = -1 EAGAIN (Try again)
19463 1784159805.881189 recvfrom(52, 0x7af3c1d420, 2272, MSG_DONTWAIT, NULL, NULL) = -1 EAGAIN (Try again)
19463 1784159805.881922 recvfrom(43, 0x7ffcf05260, 3200, MSG_DONTWAIT, NULL, NULL) = -1 EAGAIN (Try again)
19463 1784159805.902649 recvfrom(43, "nysv\0\0\0\0\0\0\0\0\0\0\0\0iR\33L\242\3\0\0b\240\3\0\0\0\0\0", 3200, MSG_DONTWAIT, NULL, NULL) = 32
19463 1784159805.903547 recvfrom(43, 0x7ffcf06d30, 3200, MSG_DONTWAIT, NULL, NULL) = -1 EAGAIN (Try again)
19463 1784159805.904322 recvfrom(52, 0x7af3c1d420, 2272, MSG_DONTWAIT, NULL, NULL) = -1 EAGAIN (Try again)
19463 1784159805.905399 recvfrom(43, 0x7ffcf05260, 3200, MSG_DONTWAIT, NULL, NULL) = -1 EAGAIN (Try again)
19463 1784159805.927441 recvfrom(43, "nysv\0\0\0\0\0\0\0\0\0\0\0\0\354\10\30N\242\3\0\0d\240\3\0\0\0\0\0", 3200, MSG_DONTWAIT, NULL, NULL) = 32
19463 1784159805.927880 recvfrom(43, 0x7ffcf06d30, 3200, MSG_DONTWAIT, NULL, NULL) = -1 EAGAIN (Try again)
19463 1784159805.928213 recvfrom(52, 0x7af3c1d420, 2272, MSG_DONTWAIT, NULL, NULL) = -1 EAGAIN (Try again)
19463 1784159805.928868 recvfrom(43, 0x7ffcf05260, 3200, MSG_DONTWAIT, NULL, NULL) = -1 EAGAIN (Try again)
19463 1784159805.946670 recvfrom(43, "nysv\0\0\0\0\0\0\0\0\0\0\0\0\26Y\26O\242\3\0\0e\240\3\0\0\0\0\0", 3200, MSG_DONTWAIT, NULL, NULL) = 32
19463 1784159805.946947 recvfrom(43, 0x7ffcf06d30, 3200, MSG_DONTWAIT, NULL, NULL) = -1 EAGAIN (Try again)
19463 1784159805.947238 recvfrom(52, 0x7af3c1d420, 2272, MSG_DONTWAIT, NULL, NULL) = -1 EAGAIN (Try again)
19463 1784159805.947859 recvfrom(43, 0x7ffcf05260, 3200, MSG_DONTWAIT, NULL, NULL) = -1 EAGAIN (Try again)
19463 1784159805.967509 recvfrom(43, "nysv\0\0\0\0\0\0\0\0\0\0\0\0\213u\24P\242\3\0\0f\240\3\0\0\0\0\0", 3200, MSG_DONTWAIT, NULL, NULL) = 32
19463 1784159805.967831 recvfrom(43, 0x7ffcf06d30, 3200, MSG_DONTWAIT, NULL, NULL) = -1 EAGAIN (Try again)
19463 1784159805.968163 recvfrom(52, 0x7af3c1d420, 2272, MSG_DONTWAIT, NULL, NULL) = -1 EAGAIN (Try again)
19463 1784159805.968855 recvfrom(43, 0x7ffcf05260, 3200, MSG_DONTWAIT, NULL, NULL) = -1 EAGAIN (Try again)
19463 1784159805.992284 recvfrom(43, "nysv\0\0\0\0\0\0\0\0\0\0\0\0\23\334\22Q\242\3\0\0g\240\3\0\0\0\0\0", 3200, MSG_DONTWAIT, NULL, NULL) = 32
19463 1784159805.992554 recvfrom(43, 0x7ffcf06d30, 3200, MSG_DONTWAIT, NULL, NULL) = -1 EAGAIN (Try again)
19463 1784159805.992843 recvfrom(52, 0x7af3c1d420, 2272, MSG_DONTWAIT, NULL, NULL) = -1 EAGAIN (Try again)
19463 1784159805.993436 recvfrom(43, 0x7ffcf05260, 3200, MSG_DONTWAIT, NULL, NULL) = -1 EAGAIN (Try again)
19463 1784159806.010263 recvfrom(43, "nysv\0\0\0\0\0\0\0\0\0\0\0\0\201(\17S\242\3\0\0i\240\3\0\0\0\0\0", 3200, MSG_DONTWAIT, NULL, NULL) = 32
19463 1784159806.010597 recvfrom(43, 0x7ffcf06d30, 3200, MSG_DONTWAIT, NULL, NULL) = -1 EAGAIN (Try again)
19463 1784159806.010913 recvfrom(52, 0x7af3c1d420, 2272, MSG_DONTWAIT, NULL, NULL) = -1 EAGAIN (Try again)
19463 1784159806.012049 recvfrom(43, 0x7ffcf05260, 3200, MSG_DONTWAIT, NULL, NULL) = -1 EAGAIN (Try again)
19463 1784159806.027272 recvfrom(43, "nysv\0\0\0\0\0\0\0\0\0\0\0\0^d\rT\242\3\0\0j\240\3\0\0\0\0\0", 3200, MSG_DONTWAIT, NULL, NULL) = 32
19463 1784159806.027757 recvfrom(43, 0x7ffcf06d30, 3200, MSG_DONTWAIT, NULL, NULL) = -1 EAGAIN (Try again)
19463 1784159806.028104 recvfrom(52, 0x7af3c1d420, 2272, MSG_DONTWAIT, NULL, NULL) = -1 EAGAIN (Try again)
19463 1784159806.028798 recvfrom(43, 0x7ffcf05260, 3200, MSG_DONTWAIT, NULL, NULL) = -1 EAGAIN (Try again)
19463 1784159806.047374 recvfrom(43, "nysv\0\0\0\0\0\0\0\0\0\0\0\0\210\264\vU\242\3\0\0k\240\3\0\0\0\0\0", 3200, MSG_DONTWAIT, NULL, NULL) = 32
19463 1784159806.047790 recvfrom(43, 0x7ffcf06d30, 3200, MSG_DONTWAIT, NULL, NULL) = -1 EAGAIN (Try again)
19463 1784159806.048145 recvfrom(52, 0x7af3c1d420, 2272, MSG_DONTWAIT, NULL, NULL) = -1 EAGAIN (Try again)
19463 1784159806.048831 recvfrom(43, 0x7ffcf05260, 3200, MSG_DONTWAIT, NULL, NULL) = -1 EAGAIN (Try again)
19463 1784159806.072551 recvfrom(43, "nysv\0\0\0\0\0\0\0\0\0\0\0\0\262\4\nV\242\3\0\0l\240\3\0\0\0\0\0", 3200, MSG_DONTWAIT, NULL, NULL) = 32
19463 1784159806.072913 recvfrom(43, 0x7ffcf06d30, 3200, MSG_DONTWAIT, NULL, NULL) = -1 EAGAIN (Try again)
19463 1784159806.073246 recvfrom(52, 0x7af3c1d420, 2272, MSG_DONTWAIT, NULL, NULL) = -1 EAGAIN (Try again)
19463 1784159806.077247 recvfrom(43, 0x7ffcf05260, 3200, MSG_DONTWAIT, NULL, NULL) = -1 EAGAIN (Try again)
19463 1784159806.094762 recvfrom(43, "nysv\0\0\0\0\0\0\0\0\0\0\0\0\204\236\6X\242\3\0\0n\240\3\0\0\0\0\0", 3200, MSG_DONTWAIT, NULL, NULL) = 32
19463 1784159806.095109 recvfrom(43, 0x7ffcf06d30, 3200, MSG_DONTWAIT, NULL, NULL) = -1 EAGAIN (Try again)
19463 1784159806.095412 recvfrom(52, 0x7af3c1d420, 2272, MSG_DONTWAIT, NULL, NULL) = -1 EAGAIN (Try again)
19463 1784159806.096064 recvfrom(43, 0x7ffcf05260, 3200, MSG_DONTWAIT, NULL, NULL) = -1 EAGAIN (Try again)
19463 1784159806.112376 recvfrom(43, "nysv\0\0\0\0\0\0\0\0\0\0\0\0,\367\4Y\242\3\0\0o\240\3\0\0\0\0\0", 3200, MSG_DONTWAIT, NULL, NULL) = 32
19463 1784159806.112646 recvfrom(43, 0x7ffcf06d30, 3200, MSG_DONTWAIT, NULL, NULL) = -1 EAGAIN (Try again)
19463 1784159806.112955 recvfrom(52, 0x7af3c1d420, 2272, MSG_DONTWAIT, NULL, NULL) = -1 EAGAIN (Try again)
19463 1784159806.113579 recvfrom(43, 0x7ffcf05260, 3200, MSG_DONTWAIT, NULL, NULL) = -1 EAGAIN (Try again)
19463 1784159806.128796 recvfrom(43, "nysv\0\0\0\0\0\0\0\0\0\0\0\0VG\3Z\242\3\0\0p\240\3\0\0\0\0\0", 3200, MSG_DONTWAIT, NULL, NULL) = 32
19463 1784159806.129192 recvfrom(43, 0x7ffcf06d30, 3200, MSG_DONTWAIT, NULL, NULL) = -1 EAGAIN (Try again)
19463 1784159806.129633 recvfrom(52, 0x7af3c1d420, 2272, MSG_DONTWAIT, NULL, NULL) = -1 EAGAIN (Try again)
19463 1784159806.130385 recvfrom(43, 0x7ffcf05260, 3200, MSG_DONTWAIT, NULL, NULL) = -1 EAGAIN (Try again)
19463 1784159806.149140 recvfrom(43, "nysv\0\0\0\0\0\0\0\0\0\0\0\0%Y\1[\242\3\0\0q\240\3\0\0\0\0\0", 3200, MSG_DONTWAIT, NULL, NULL) = 32
19463 1784159806.149449 recvfrom(43, 0x7ffcf06d30, 3200, MSG_DONTWAIT, NULL, NULL) = -1 EAGAIN (Try again)
19463 1784159806.149867 recvfrom(52, 0x7af3c1d420, 2272, MSG_DONTWAIT, NULL, NULL) = -1 EAGAIN (Try again)
19463 1784159806.150554 recvfrom(43, 0x7ffcf05260, 3200, MSG_DONTWAIT, NULL, NULL) = -1 EAGAIN (Try again)
19463 1784159806.167280 recvfrom(43, "nysv\0\0\0\0\0\0\0\0\0\0\0\0O\251\377[\242\3\0\0r\240\3\0\0\0\0\0", 3200, MSG_DONTWAIT, NULL, NULL) = 32
19463 1784159806.167680 recvfrom(43, 0x7ffcf06d30, 3200, MSG_DONTWAIT, NULL, NULL) = -1 EAGAIN (Try again)
19463 1784159806.168003 recvfrom(52, 0x7af3c1d420, 2272, MSG_DONTWAIT, NULL, NULL) = -1 EAGAIN (Try again)
19463 1784159806.168848 recvfrom(43, 0x7ffcf05260, 3200, MSG_DONTWAIT, NULL, NULL) = -1 EAGAIN (Try again)
19463 1784159806.194073 recvfrom(43, "nysv\0\0\0\0\0\0\0\0\0\0\0\0y\371\375\\\242\3\0\0s\240\3\0\0\0\0\0", 3200, MSG_DONTWAIT, NULL, NULL) = 32
19463 1784159806.194392 recvfrom(43, 0x7ffcf06d30, 3200, MSG_DONTWAIT, NULL, NULL) = -1 EAGAIN (Try again)
19463 1784159806.194727 recvfrom(52, 0x7af3c1d420, 2272, MSG_DONTWAIT, NULL, NULL) = -1 EAGAIN (Try again)
19463 1784159806.195477 recvfrom(43, 0x7ffcf05260, 3200, MSG_DONTWAIT, NULL, NULL) = -1 EAGAIN (Try again)
19463 1784159806.212317 recvfrom(43, "nysv\0\0\0\0\0\0\0\0\0\0\0\0\315\231\372^\242\3\0\0u\240\3\0\0\0\0\0", 3200, MSG_DONTWAIT, NULL, NULL) = 32
19463 1784159806.212613 recvfrom(43, 0x7ffcf06d30, 3200, MSG_DONTWAIT, NULL, NULL) = -1 EAGAIN (Try again)
19463 1784159806.212927 recvfrom(52, 0x7af3c1d420, 2272, MSG_DONTWAIT, NULL, NULL) = -1 EAGAIN (Try again)
19463 1784159806.214036 recvfrom(43, 0x7ffcf05260, 3200, MSG_DONTWAIT, NULL, NULL) = -1 EAGAIN (Try again)
19463 1784159806.230724 recvfrom(43, "nysv\0\0\0\0\0\0\0\0\0\0\0\0\367\351\370_\242\3\0\0v\240\3\0\0\0\0\0", 3200, MSG_DONTWAIT, NULL, NULL) = 32
19463 1784159806.231032 recvfrom(43, 0x7ffcf06d30, 3200, MSG_DONTWAIT, NULL, NULL) = -1 EAGAIN (Try again)
19463 1784159806.231433 recvfrom(52, 0x7af3c1d420, 2272, MSG_DONTWAIT, NULL, NULL) = -1 EAGAIN (Try again)
19463 1784159806.233340 recvfrom(43, 0x7ffcf05260, 3200, MSG_DONTWAIT, NULL, NULL) = -1 EAGAIN (Try again)
19463 1784159806.251895 recvfrom(43, "nysv\0\0\0\0\0\0\0\0\0\0\0\0!:\367`\242\3\0\0w\240\3\0\0\0\0\0", 3200, MSG_DONTWAIT, NULL, NULL) = 32
19463 1784159806.252297 recvfrom(43, 0x7ffcf06d30, 3200, MSG_DONTWAIT, NULL, NULL) = -1 EAGAIN (Try again)
19463 1784159806.252704 recvfrom(52, 0x7af3c1d420, 2272, MSG_DONTWAIT, NULL, NULL) = -1 EAGAIN (Try again)
19463 1784159806.253924 recvfrom(43, 0x7ffcf05260, 3200, MSG_DONTWAIT, NULL, NULL) = -1 EAGAIN (Try again)
19463 1784159806.278358 recvfrom(43, "nysv\0\0\0\0\0\0\0\0\0\0\0\0x\330\363b\242\3\0\0y\240\3\0\0\0\0\0", 3200, MSG_DONTWAIT, NULL, NULL) = 32
19463 1784159806.278660 recvfrom(43, 0x7ffcf06d30, 3200, MSG_DONTWAIT, NULL, NULL) = -1 EAGAIN (Try again)
19463 1784159806.279004 recvfrom(52, 0x7af3c1d420, 2272, MSG_DONTWAIT, NULL, NULL) = -1 EAGAIN (Try again)
19463 1784159806.279782 recvfrom(43, 0x7ffcf05260, 3200, MSG_DONTWAIT, NULL, NULL) = -1 EAGAIN (Try again)
19463 1784159806.298003 recvfrom(43, "nysv\0\0\0\0\0\0\0\0\0\0\0\0m\17\362c\242\3\0\0z\240\3\0\0\0\0\0", 3200, MSG_DONTWAIT, NULL, NULL) = 32
19463 1784159806.298341 recvfrom(43, 0x7ffcf06d30, 3200, MSG_DONTWAIT, NULL, NULL) = -1 EAGAIN (Try again)
19463 1784159806.298654 recvfrom(52, 0x7af3c1d420, 2272, MSG_DONTWAIT, NULL, NULL) = -1 EAGAIN (Try again)
19463 1784159806.299347 recvfrom(43, 0x7ffcf05260, 3200, MSG_DONTWAIT, NULL, NULL) = -1 EAGAIN (Try again)
19463 1784159806.315040 recvfrom(43, "nysv\0\0\0\0\0\0\0\0\0\0\0\0Xj\360d\242\3\0\0{\240\3\0\0\0\0\0", 3200, MSG_DONTWAIT, NULL, NULL) = 32
19463 1784159806.315495 recvfrom(43, 0x7ffcf06d30, 3200, MSG_DONTWAIT, NULL, NULL) = -1 EAGAIN (Try again)
19463 1784159806.315859 recvfrom(52, 0x7af3c1d420, 2272, MSG_DONTWAIT, NULL, NULL) = -1 EAGAIN (Try again)
19463 1784159806.316576 recvfrom(43, 0x7ffcf05260, 3200, MSG_DONTWAIT, NULL, NULL) = -1 EAGAIN (Try again)
19463 1784159806.333688 recvfrom(43, "nysv\0\0\0\0\0\0\0\0\0\0\0\0\202\272\356e\242\3\0\0|\240\3\0\0\0\0\0", 3200, MSG_DONTWAIT, NULL, NULL) = 32
19463 1784159806.334218 recvfrom(43, 0x7ffcf06d30, 3200, MSG_DONTWAIT, NULL, NULL) = -1 EAGAIN (Try again)
19463 1784159806.334582 recvfrom(52, 0x7af3c1d420, 2272, MSG_DONTWAIT, NULL, NULL) = -1 EAGAIN (Try again)
19463 1784159806.335406 recvfrom(43, 0x7ffcf05260, 3200, MSG_DONTWAIT, NULL, NULL) = -1 EAGAIN (Try again)
19463 1784159806.360870 recvfrom(43, "nysv\0\0\0\0\0\0\0\0\0\0\0\0\254\n\355f\242\3\0\0}\240\3\0\0\0\0\0", 3200, MSG_DONTWAIT, NULL, NULL) = 32
19463 1784159806.361255 recvfrom(43, 0x7ffcf06d30, 3200, MSG_DONTWAIT, NULL, NULL) = -1 EAGAIN (Try again)
19463 1784159806.361588 recvfrom(52, 0x7af3c1d420, 2272, MSG_DONTWAIT, NULL, NULL) = -1 EAGAIN (Try again)
19463 1784159806.362333 recvfrom(43, 0x7ffcf05260, 3200, MSG_DONTWAIT, NULL, NULL) = -1 EAGAIN (Try again)
19463 1784159806.380523 recvfrom(43, "nysv\0\0\0\0\0\0\0\0\0\0\0\0\0\253\351h\242\3\0\0\177\240\3\0\0\0\0\0", 3200, MSG_DONTWAIT, NULL, NULL) = 32
19463 1784159806.380821 recvfrom(43, 0x7ffcf06d30, 3200, MSG_DONTWAIT, NULL, NULL) = -1 EAGAIN (Try again)
19463 1784159806.381167 recvfrom(52, 0x7af3c1d420, 2272, MSG_DONTWAIT, NULL, NULL) = -1 EAGAIN (Try again)
19463 1784159806.381869 recvfrom(43, 0x7ffcf05260, 3200, MSG_DONTWAIT, NULL, NULL) = -1 EAGAIN (Try again)
19463 1784159806.398326 recvfrom(43, "nysv\0\0\0\0\0\0\0\0\0\0\0\0*\373\347i\242\3\0\0\200\240\3\0\0\0\0\0", 3200, MSG_DONTWAIT, NULL, NULL) = 32
19463 1784159806.398760 recvfrom(43, 0x7ffcf06d30, 3200, MSG_DONTWAIT, NULL, NULL) = -1 EAGAIN (Try again)
19463 1784159806.399070 recvfrom(52, 0x7af3c1d420, 2272, MSG_DONTWAIT, NULL, NULL) = -1 EAGAIN (Try again)
19463 1784159806.399760 recvfrom(43, 0x7ffcf05260, 3200, MSG_DONTWAIT, NULL, NULL) = -1 EAGAIN (Try again)
19463 1784159806.419157 recvfrom(43, "nysv\0\0\0\0\0\0\0\0\0\0\0\0^N\346j\242\3\0\0\201\240\3\0\0\0\0\0", 3200, MSG_DONTWAIT, NULL, NULL) = 32
19463 1784159806.419787 recvfrom(43, 0x7ffcf06d30, 3200, MSG_DONTWAIT, NULL, NULL) = -1 EAGAIN (Try again)
19463 1784159806.420530 recvfrom(52, 0x7af3c1d420, 2272, MSG_DONTWAIT, NULL, NULL) = -1 EAGAIN (Try again)
19463 1784159806.422049 recvfrom(43, 0x7ffcf05260, 3200, MSG_DONTWAIT, NULL, NULL) = -1 EAGAIN (Try again)
19463 1784159806.444835 recvfrom(43, "nysv\0\0\0\0\0\0\0\0\0\0\0\0\262\356\342l\242\3\0\0\203\240\3\0\0\0\0\0", 3200, MSG_DONTWAIT, NULL, NULL) = 32
19463 1784159806.445135 recvfrom(43, 0x7ffcf06d30, 3200, MSG_DONTWAIT, NULL, NULL) = -1 EAGAIN (Try again)
19463 1784159806.445475 recvfrom(52, 0x7af3c1d420, 2272, MSG_DONTWAIT, NULL, NULL) = -1 EAGAIN (Try again)
19463 1784159806.446282 recvfrom(43, 0x7ffcf05260, 3200, MSG_DONTWAIT, NULL, NULL) = -1 EAGAIN (Try again)
19463 1784159806.465558 recvfrom(43, "nysv\0\0\0\0\0\0\0\0\0\0\0\0\215X\341m\242\3\0\0\204\240\3\0\0\0\0\0", 3200, MSG_DONTWAIT, NULL, NULL) = 32
19463 1784159806.465827 recvfrom(43, 0x7ffcf06d30, 3200, MSG_DONTWAIT, NULL, NULL) = -1 EAGAIN (Try again)
19463 1784159806.466147 recvfrom(52, 0x7af3c1d420, 2272, MSG_DONTWAIT, NULL, NULL) = -1 EAGAIN (Try again)
19463 1784159806.466752 recvfrom(43, 0x7ffcf05260, 3200, MSG_DONTWAIT, NULL, NULL) = -1 EAGAIN (Try again)
