relative_time,category,api,args_str
0,lifecycle,hook_loaded,"{""stage"": ""java_perform"", ""version"": ""3""}"
338,reflection,Method.invoke,"{""class"": ""android.view.ViewGroup"", ""method"": ""makeOptionalFitsSystemWindows""}"
391,reflection,Method.invoke,"{""class"": ""android.view.ViewGroup"", ""method"": ""makeOptionalFitsSystemWindows""}"
411,storage,SharedPreferences.apply,{}
455,reflection,Method.invoke,"{""class"": ""android.view.ViewGroup"", ""method"": ""makeOptionalFitsSystemWindows""}"
471,storage,SharedPreferences.apply,{}
475,audio,MediaRecorder.setAudioSource,"{""audioSource"": 1}"
503,network,okhttp3.RealCall.enqueue,"{""method"": ""GET"", ""url"": ""http://ipinfo.io/json""}"
507,reflection,Method.invoke,"{""class"": ""dalvik.system.CloseGuard"", ""method"": ""get""}"
512,reflection,Method.invoke,"{""class"": ""dalvik.system.CloseGuard"", ""method"": ""open""}"
522,reflection,Method.invoke,"{""class"": ""android.security.NetworkSecurityPolicy"", ""method"": ""getInstance""}"
531,reflection,Method.invoke,"{""class"": ""android.security.NetworkSecurityPolicy"", ""method"": ""isCleartextTrafficPermitted""}"
535,location,LocationManager.requestLocationUpdates,"{""minDistance"": 10, ""minTime"": ""300000"", ""provider"": ""network""}"
541,location,LocationManager.requestLocationUpdates,"{""minDistance"": 10, ""minTime"": ""300000"", ""provider"": ""gps""}"
573,reflection,Method.invoke,"{""class"": ""android.view.View"", ""method"": ""getElevation""}"
578,reflection,Method.invoke,"{""class"": ""android.view.View"", ""method"": ""getElevation""}"
587,reflection,Method.invoke,"{""class"": ""android.view.View"", ""method"": ""getElevation""}"
603,reflection,Method.invoke,"{""class"": ""android.view.View"", ""method"": ""getElevation""}"
641,ipc_intents,Context.bindService,"{""action"": ""android.intent.action.TTS_SERVICE"", ""flags"": 1, ""target"": ""android.intent.action.TTS_SERVICE""}"
704,reflection,Method.invoke,"{""class"": ""java.util.Locale"", ""method"": ""readObject""}"
710,reflection,Method.invoke,"{""class"": ""java.util.Locale"", ""method"": ""readResolve""}"
727,reflection,Method.invoke,"{""class"": ""java.util.Locale"", ""method"": ""readObject""}"
739,reflection,Method.invoke,"{""class"": ""java.util.Locale"", ""method"": ""readResolve""}"
745,reflection,Method.invoke,"{""class"": ""java.util.Locale"", ""method"": ""readObject""}"
759,reflection,Method.invoke,"{""class"": ""java.util.Locale"", ""method"": ""readResolve""}"
767,reflection,Method.invoke,"{""class"": ""java.util.Locale"", ""method"": ""readObject""}"
775,reflection,Method.invoke,"{""class"": ""java.util.Locale"", ""method"": ""readResolve""}"
790,reflection,Method.invoke,"{""class"": ""java.util.Locale"", ""method"": ""readObject""}"
795,reflection,Method.invoke,"{""class"": ""java.util.Locale"", ""method"": ""readResolve""}"
811,reflection,Method.invoke,"{""class"": ""java.util.Locale"", ""method"": ""readObject""}"
827,reflection,Method.invoke,"{""class"": ""java.util.Locale"", ""method"": ""readResolve""}"
839,reflection,Method.invoke,"{""class"": ""java.util.Locale"", ""method"": ""readObject""}"
844,reflection,Method.invoke,"{""class"": ""java.util.Locale"", ""method"": ""readResolve""}"
858,reflection,Method.invoke,"{""class"": ""java.util.Locale"", ""method"": ""readObject""}"
867,reflection,Method.invoke,"{""class"": ""java.util.Locale"", ""method"": ""readResolve""}"
875,reflection,Method.invoke,"{""class"": ""java.util.Locale"", ""method"": ""readObject""}"
881,reflection,Method.invoke,"{""class"": ""java.util.Locale"", ""method"": ""readResolve""}"
888,reflection,Method.invoke,"{""class"": ""java.util.Locale"", ""method"": ""readObject""}"
894,reflection,Method.invoke,"{""class"": ""java.util.Locale"", ""method"": ""readResolve""}"
906,reflection,Method.invoke,"{""class"": ""java.util.Locale"", ""method"": ""readObject""}"
911,reflection,Method.invoke,"{""class"": ""java.util.Locale"", ""method"": ""readResolve""}"
920,reflection,Method.invoke,"{""class"": ""java.util.Locale"", ""method"": ""readObject""}"
924,reflection,Method.invoke,"{""class"": ""java.util.Locale"", ""method"": ""readResolve""}"
928,reflection,Method.invoke,"{""class"": ""java.util.Locale"", ""method"": ""readObject""}"
938,reflection,Method.invoke,"{""class"": ""java.util.Locale"", ""method"": ""readResolve""}"
943,reflection,Method.invoke,"{""class"": ""java.util.Locale"", ""method"": ""readObject""}"
950,reflection,Method.invoke,"{""class"": ""java.util.Locale"", ""method"": ""readResolve""}"
958,reflection,Method.invoke,"{""class"": ""java.util.Locale"", ""method"": ""readObject""}"
963,reflection,Method.invoke,"{""class"": ""java.util.Locale"", ""method"": ""readResolve""}"
973,reflection,Method.invoke,"{""class"": ""java.util.Locale"", ""method"": ""readObject""}"
978,reflection,Method.invoke,"{""class"": ""java.util.Locale"", ""method"": ""readResolve""}"
986,reflection,Method.invoke,"{""class"": ""java.util.Locale"", ""method"": ""readObject""}"
990,reflection,Method.invoke,"{""class"": ""java.util.Locale"", ""method"": ""readResolve""}"
994,reflection,Method.invoke,"{""class"": ""java.util.Locale"", ""method"": ""readObject""}"
1002,reflection,Method.invoke,"{""class"": ""java.util.Locale"", ""method"": ""readResolve""}"
1006,reflection,Method.invoke,"{""class"": ""java.util.Locale"", ""method"": ""readObject""}"
1011,reflection,Method.invoke,"{""class"": ""java.util.Locale"", ""method"": ""readResolve""}"
1019,reflection,Method.invoke,"{""class"": ""java.util.Locale"", ""method"": ""readObject""}"
1023,reflection,Method.invoke,"{""class"": ""java.util.Locale"", ""method"": ""readResolve""}"
1028,reflection,Method.invoke,"{""class"": ""java.util.Locale"", ""method"": ""readObject""}"
1036,reflection,Method.invoke,"{""class"": ""java.util.Locale"", ""method"": ""readResolve""}"
1041,reflection,Method.invoke,"{""class"": ""java.util.Locale"", ""method"": ""readObject""}"
1045,reflection,Method.invoke,"{""class"": ""java.util.Locale"", ""method"": ""readResolve""}"
1053,reflection,Method.invoke,"{""class"": ""java.util.Locale"", ""method"": ""readObject""}"
1057,reflection,Method.invoke,"{""class"": ""java.util.Locale"", ""method"": ""readResolve""}"
1062,reflection,Method.invoke,"{""class"": ""java.util.Locale"", ""method"": ""readObject""}"
1070,reflection,Method.invoke,"{""class"": ""java.util.Locale"", ""method"": ""readResolve""}"
1076,reflection,Method.invoke,"{""class"": ""java.util.Locale"", ""method"": ""readObject""}"
1080,reflection,Method.invoke,"{""class"": ""java.util.Locale"", ""method"": ""readResolve""}"
1087,reflection,Method.invoke,"{""class"": ""java.util.Locale"", ""method"": ""readObject""}"
1092,reflection,Method.invoke,"{""class"": ""java.util.Locale"", ""method"": ""readResolve""}"
1097,reflection,Method.invoke,"{""class"": ""java.util.Locale"", ""method"": ""readObject""}"
1101,reflection,Method.invoke,"{""class"": ""java.util.Locale"", ""method"": ""readResolve""}"
1106,reflection,Method.invoke,"{""class"": ""java.util.Locale"", ""method"": ""readObject""}"
1110,reflection,Method.invoke,"{""class"": ""java.util.Locale"", ""method"": ""readResolve""}"
1115,reflection,Method.invoke,"{""class"": ""java.util.Locale"", ""method"": ""readObject""}"
1119,reflection,Method.invoke,"{""class"": ""java.util.Locale"", ""method"": ""readResolve""}"
1124,reflection,Method.invoke,"{""class"": ""java.util.Locale"", ""method"": ""readObject""}"
1128,reflection,Method.invoke,"{""class"": ""java.util.Locale"", ""method"": ""readResolve""}"
1133,reflection,Method.invoke,"{""class"": ""java.util.Locale"", ""method"": ""readObject""}"
1137,reflection,Method.invoke,"{""class"": ""java.util.Locale"", ""method"": ""readResolve""}"
1141,reflection,Method.invoke,"{""class"": ""java.util.Locale"", ""method"": ""readObject""}"
1145,reflection,Method.invoke,"{""class"": ""java.util.Locale"", ""method"": ""readResolve""}"
1150,reflection,Method.invoke,"{""class"": ""java.util.Locale"", ""method"": ""readObject""}"
1154,reflection,Method.invoke,"{""class"": ""java.util.Locale"", ""method"": ""readResolve""}"
1159,reflection,Method.invoke,"{""class"": ""java.util.Locale"", ""method"": ""readObject""}"
1164,reflection,Method.invoke,"{""class"": ""java.util.Locale"", ""method"": ""readResolve""}"
1169,reflection,Method.invoke,"{""class"": ""java.util.Locale"", ""method"": ""readObject""}"
1173,reflection,Method.invoke,"{""class"": ""java.util.Locale"", ""method"": ""readResolve""}"
1178,reflection,Method.invoke,"{""class"": ""java.util.Locale"", ""method"": ""readObject""}"
1182,reflection,Method.invoke,"{""class"": ""java.util.Locale"", ""method"": ""readResolve""}"
1187,reflection,Method.invoke,"{""class"": ""java.util.Locale"", ""method"": ""readObject""}"
1191,reflection,Method.invoke,"{""class"": ""java.util.Locale"", ""method"": ""readResolve""}"
1195,reflection,Method.invoke,"{""class"": ""java.util.Locale"", ""method"": ""readObject""}"
1200,reflection,Method.invoke,"{""class"": ""java.util.Locale"", ""method"": ""readResolve""}"
1204,reflection,Method.invoke,"{""class"": ""java.util.Locale"", ""method"": ""readObject""}"
1209,reflection,Method.invoke,"{""class"": ""java.util.Locale"", ""method"": ""readResolve""}"
1213,reflection,Method.invoke,"{""class"": ""java.util.Locale"", ""method"": ""readObject""}"
1217,reflection,Method.invoke,"{""class"": ""java.util.Locale"", ""method"": ""readResolve""}"
1222,reflection,Method.invoke,"{""class"": ""java.util.Locale"", ""method"": ""readObject""}"
1226,reflection,Method.invoke,"{""class"": ""java.util.Locale"", ""method"": ""readResolve""}"
1232,reflection,Method.invoke,"{""class"": ""java.util.Locale"", ""method"": ""readObject""}"
1236,reflection,Method.invoke,"{""class"": ""java.util.Locale"", ""method"": ""readResolve""}"
1240,reflection,Method.invoke,"{""class"": ""java.util.Locale"", ""method"": ""readObject""}"
1244,reflection,Method.invoke,"{""class"": ""java.util.Locale"", ""method"": ""readResolve""}"
1249,reflection,Method.invoke,"{""class"": ""java.util.Locale"", ""method"": ""readObject""}"
1253,reflection,Method.invoke,"{""class"": ""java.util.Locale"", ""method"": ""readResolve""}"
1257,reflection,Method.invoke,"{""class"": ""java.util.Locale"", ""method"": ""readObject""}"
1262,reflection,Method.invoke,"{""class"": ""java.util.Locale"", ""method"": ""readResolve""}"
1266,reflection,Method.invoke,"{""class"": ""java.util.Locale"", ""method"": ""readObject""}"
1271,reflection,Method.invoke,"{""class"": ""java.util.Locale"", ""method"": ""readResolve""}"
1275,reflection,Method.invoke,"{""class"": ""java.util.Locale"", ""method"": ""readObject""}"
1280,reflection,Method.invoke,"{""class"": ""java.util.Locale"", ""method"": ""readResolve""}"
1284,reflection,Method.invoke,"{""class"": ""java.util.Locale"", ""method"": ""readObject""}"
1288,reflection,Method.invoke,"{""class"": ""java.util.Locale"", ""method"": ""readResolve""}"
1293,reflection,Method.invoke,"{""class"": ""java.util.Locale"", ""method"": ""readObject""}"
1297,reflection,Method.invoke,"{""class"": ""java.util.Locale"", ""method"": ""readResolve""}"
1302,reflection,Method.invoke,"{""class"": ""java.util.Locale"", ""method"": ""readObject""}"
1306,reflection,Method.invoke,"{""class"": ""java.util.Locale"", ""method"": ""readResolve""}"
1311,reflection,Method.invoke,"{""class"": ""java.util.Locale"", ""method"": ""readObject""}"
1315,reflection,Method.invoke,"{""class"": ""java.util.Locale"", ""method"": ""readResolve""}"
1319,reflection,Method.invoke,"{""class"": ""java.util.Locale"", ""method"": ""readObject""}"
1323,reflection,Method.invoke,"{""class"": ""java.util.Locale"", ""method"": ""readResolve""}"
1328,reflection,Method.invoke,"{""class"": ""java.util.Locale"", ""method"": ""readObject""}"
1332,reflection,Method.invoke,"{""class"": ""java.util.Locale"", ""method"": ""readResolve""}"
1336,reflection,Method.invoke,"{""class"": ""java.util.Locale"", ""method"": ""readObject""}"
1341,reflection,Method.invoke,"{""class"": ""java.util.Locale"", ""method"": ""readResolve""}"
1345,reflection,Method.invoke,"{""class"": ""java.util.Locale"", ""method"": ""readObject""}"
1349,reflection,Method.invoke,"{""class"": ""java.util.Locale"", ""method"": ""readResolve""}"
1354,reflection,Method.invoke,"{""class"": ""java.util.Locale"", ""method"": ""readObject""}"
1358,reflection,Method.invoke,"{""class"": ""java.util.Locale"", ""method"": ""readResolve""}"
1364,reflection,Method.invoke,"{""class"": ""java.util.Locale"", ""method"": ""readObject""}"
1368,reflection,Method.invoke,"{""class"": ""java.util.Locale"", ""method"": ""readResolve""}"
1372,reflection,Method.invoke,"{""class"": ""java.util.Locale"", ""method"": ""readObject""}"
1377,reflection,Method.invoke,"{""class"": ""java.util.Locale"", ""method"": ""readResolve""}"
1381,reflection,Method.invoke,"{""class"": ""java.util.Locale"", ""method"": ""readObject""}"
1386,reflection,Method.invoke,"{""class"": ""java.util.Locale"", ""method"": ""readResolve""}"
1390,reflection,Method.invoke,"{""class"": ""java.util.Locale"", ""method"": ""readObject""}"
1394,reflection,Method.invoke,"{""class"": ""java.util.Locale"", ""method"": ""readResolve""}"
1398,reflection,Method.invoke,"{""class"": ""java.util.Locale"", ""method"": ""readObject""}"
1403,reflection,Method.invoke,"{""class"": ""java.util.Locale"", ""method"": ""readResolve""}"
1407,reflection,Method.invoke,"{""class"": ""java.util.Locale"", ""method"": ""readObject""}"
1411,reflection,Method.invoke,"{""class"": ""java.util.Locale"", ""method"": ""readResolve""}"
1416,reflection,Method.invoke,"{""class"": ""java.util.Locale"", ""method"": ""readObject""}"
1420,reflection,Method.invoke,"{""class"": ""java.util.Locale"", ""method"": ""readResolve""}"
1425,reflection,Method.invoke,"{""class"": ""java.util.Locale"", ""method"": ""readObject""}"
1429,reflection,Method.invoke,"{""class"": ""java.util.Locale"", ""method"": ""readResolve""}"
1433,reflection,Method.invoke,"{""class"": ""java.util.Locale"", ""method"": ""readObject""}"
1437,reflection,Method.invoke,"{""class"": ""java.util.Locale"", ""method"": ""readResolve""}"
1443,reflection,Method.invoke,"{""class"": ""java.util.Locale"", ""method"": ""readObject""}"
1447,reflection,Method.invoke,"{""class"": ""java.util.Locale"", ""method"": ""readResolve""}"
1452,reflection,Method.invoke,"{""class"": ""java.util.Locale"", ""method"": ""readObject""}"
1456,reflection,Method.invoke,"{""class"": ""java.util.Locale"", ""method"": ""readResolve""}"
1465,reflection,Method.invoke,"{""class"": ""java.util.Locale"", ""method"": ""readObject""}"
1469,reflection,Method.invoke,"{""class"": ""java.util.Locale"", ""method"": ""readResolve""}"
1474,reflection,Method.invoke,"{""class"": ""java.util.Locale"", ""method"": ""readObject""}"
1478,reflection,Method.invoke,"{""class"": ""java.util.Locale"", ""method"": ""readResolve""}"
1482,reflection,Method.invoke,"{""class"": ""java.util.Locale"", ""method"": ""readObject""}"
1486,reflection,Method.invoke,"{""class"": ""java.util.Locale"", ""method"": ""readResolve""}"
1492,reflection,Method.invoke,"{""class"": ""java.util.Locale"", ""method"": ""readObject""}"
1496,reflection,Method.invoke,"{""class"": ""java.util.Locale"", ""method"": ""readResolve""}"
1501,reflection,Method.invoke,"{""class"": ""java.util.Locale"", ""method"": ""readObject""}"
1506,reflection,Method.invoke,"{""class"": ""java.util.Locale"", ""method"": ""readResolve""}"
1512,reflection,Method.invoke,"{""class"": ""java.util.Locale"", ""method"": ""readObject""}"
1516,reflection,Method.invoke,"{""class"": ""java.util.Locale"", ""method"": ""readResolve""}"
1521,reflection,Method.invoke,"{""class"": ""java.util.Locale"", ""method"": ""readObject""}"
1525,reflection,Method.invoke,"{""class"": ""java.util.Locale"", ""method"": ""readResolve""}"
1531,reflection,Method.invoke,"{""class"": ""java.util.Locale"", ""method"": ""readObject""}"
1535,reflection,Method.invoke,"{""class"": ""java.util.Locale"", ""method"": ""readResolve""}"
1540,reflection,Method.invoke,"{""class"": ""java.util.Locale"", ""method"": ""readObject""}"
1546,reflection,Method.invoke,"{""class"": ""java.util.Locale"", ""method"": ""readResolve""}"
1560,reflection,Method.invoke,"{""class"": ""java.util.Locale"", ""method"": ""readObject""}"
1565,reflection,Method.invoke,"{""class"": ""java.util.Locale"", ""method"": ""readResolve""}"
1570,reflection,Method.invoke,"{""class"": ""java.util.Locale"", ""method"": ""readObject""}"
1575,reflection,Method.invoke,"{""class"": ""java.util.Locale"", ""method"": ""readResolve""}"
1581,reflection,Method.invoke,"{""class"": ""java.util.Locale"", ""method"": ""readObject""}"
1588,reflection,Method.invoke,"{""class"": ""java.util.Locale"", ""method"": ""readResolve""}"
1592,reflection,Method.invoke,"{""class"": ""java.util.Locale"", ""method"": ""readObject""}"
1599,reflection,Method.invoke,"{""class"": ""java.util.Locale"", ""method"": ""readResolve""}"
1605,reflection,Method.invoke,"{""class"": ""java.util.Locale"", ""method"": ""readObject""}"
1610,reflection,Method.invoke,"{""class"": ""java.util.Locale"", ""method"": ""readResolve""}"
1617,reflection,Method.invoke,"{""class"": ""java.util.Locale"", ""method"": ""readObject""}"
1622,reflection,Method.invoke,"{""class"": ""java.util.Locale"", ""method"": ""readResolve""}"
1627,reflection,Method.invoke,"{""class"": ""java.util.Locale"", ""method"": ""readObject""}"
1631,reflection,Method.invoke,"{""class"": ""java.util.Locale"", ""method"": ""readResolve""}"
1636,reflection,Method.invoke,"{""class"": ""java.util.Locale"", ""method"": ""readObject""}"
1641,reflection,Method.invoke,"{""class"": ""java.util.Locale"", ""method"": ""readResolve""}"
1646,reflection,Method.invoke,"{""class"": ""java.util.Locale"", ""method"": ""readObject""}"
1651,reflection,Method.invoke,"{""class"": ""java.util.Locale"", ""method"": ""readResolve""}"
1656,reflection,Method.invoke,"{""class"": ""java.util.Locale"", ""method"": ""readObject""}"
1661,reflection,Method.invoke,"{""class"": ""java.util.Locale"", ""method"": ""readResolve""}"
1667,reflection,Method.invoke,"{""class"": ""java.util.Locale"", ""method"": ""readObject""}"
1672,reflection,Method.invoke,"{""class"": ""java.util.Locale"", ""method"": ""readResolve""}"
1677,reflection,Method.invoke,"{""class"": ""java.util.Locale"", ""method"": ""readObject""}"
1682,reflection,Method.invoke,"{""class"": ""java.util.Locale"", ""method"": ""readResolve""}"
1687,reflection,Method.invoke,"{""class"": ""java.util.Locale"", ""method"": ""readObject""}"
1692,reflection,Method.invoke,"{""class"": ""java.util.Locale"", ""method"": ""readResolve""}"
1697,reflection,Method.invoke,"{""class"": ""java.util.Locale"", ""method"": ""readObject""}"
1701,reflection,Method.invoke,"{""class"": ""java.util.Locale"", ""method"": ""readResolve""}"
1707,reflection,Method.invoke,"{""class"": ""java.util.Locale"", ""method"": ""readObject""}"
1712,reflection,Method.invoke,"{""class"": ""java.util.Locale"", ""method"": ""readResolve""}"
1718,reflection,Method.invoke,"{""class"": ""java.util.Locale"", ""method"": ""readObject""}"
1722,reflection,Method.invoke,"{""class"": ""java.util.Locale"", ""method"": ""readResolve""}"
1727,reflection,Method.invoke,"{""class"": ""java.util.Locale"", ""method"": ""readObject""}"
1732,reflection,Method.invoke,"{""class"": ""java.util.Locale"", ""method"": ""readResolve""}"
1737,reflection,Method.invoke,"{""class"": ""java.util.Locale"", ""method"": ""readObject""}"
1742,reflection,Method.invoke,"{""class"": ""java.util.Locale"", ""method"": ""readResolve""}"
1747,reflection,Method.invoke,"{""class"": ""java.util.Locale"", ""method"": ""readObject""}"
1752,reflection,Method.invoke,"{""class"": ""java.util.Locale"", ""method"": ""readResolve""}"
1757,reflection,Method.invoke,"{""class"": ""java.util.Locale"", ""method"": ""readObject""}"
1761,reflection,Method.invoke,"{""class"": ""java.util.Locale"", ""method"": ""readResolve""}"
1766,reflection,Method.invoke,"{""class"": ""java.util.Locale"", ""method"": ""readObject""}"
1771,reflection,Method.invoke,"{""class"": ""java.util.Locale"", ""method"": ""readResolve""}"
1776,reflection,Method.invoke,"{""class"": ""java.util.Locale"", ""method"": ""readObject""}"
1781,reflection,Method.invoke,"{""class"": ""java.util.Locale"", ""method"": ""readResolve""}"
1786,reflection,Method.invoke,"{""class"": ""java.util.Locale"", ""method"": ""readObject""}"
1790,reflection,Method.invoke,"{""class"": ""java.util.Locale"", ""method"": ""readResolve""}"
1795,reflection,Method.invoke,"{""class"": ""java.util.Locale"", ""method"": ""readObject""}"
1800,reflection,Method.invoke,"{""class"": ""java.util.Locale"", ""method"": ""readResolve""}"
1805,reflection,Method.invoke,"{""class"": ""java.util.Locale"", ""method"": ""readObject""}"
1810,reflection,Method.invoke,"{""class"": ""java.util.Locale"", ""method"": ""readResolve""}"
1815,reflection,Method.invoke,"{""class"": ""java.util.Locale"", ""method"": ""readObject""}"
1819,reflection,Method.invoke,"{""class"": ""java.util.Locale"", ""method"": ""readResolve""}"
1824,reflection,Method.invoke,"{""class"": ""java.util.Locale"", ""method"": ""readObject""}"
1830,reflection,Method.invoke,"{""class"": ""java.util.Locale"", ""method"": ""readResolve""}"
1835,reflection,Method.invoke,"{""class"": ""java.util.Locale"", ""method"": ""readObject""}"
1840,reflection,Method.invoke,"{""class"": ""java.util.Locale"", ""method"": ""readResolve""}"
1845,reflection,Method.invoke,"{""class"": ""java.util.Locale"", ""method"": ""readObject""}"
1850,reflection,Method.invoke,"{""class"": ""java.util.Locale"", ""method"": ""readResolve""}"
1855,reflection,Method.invoke,"{""class"": ""java.util.Locale"", ""method"": ""readObject""}"
1860,reflection,Method.invoke,"{""class"": ""java.util.Locale"", ""method"": ""readResolve""}"
1865,reflection,Method.invoke,"{""class"": ""java.util.Locale"", ""method"": ""readObject""}"
1870,reflection,Method.invoke,"{""class"": ""java.util.Locale"", ""method"": ""readResolve""}"
1875,reflection,Method.invoke,"{""class"": ""java.util.Locale"", ""method"": ""readObject""}"
1879,reflection,Method.invoke,"{""class"": ""java.util.Locale"", ""method"": ""readResolve""}"
1885,reflection,Method.invoke,"{""class"": ""java.util.Locale"", ""method"": ""readObject""}"
1889,reflection,Method.invoke,"{""class"": ""java.util.Locale"", ""method"": ""readResolve""}"
1896,reflection,Method.invoke,"{""class"": ""java.util.Locale"", ""method"": ""readObject""}"
1905,reflection,Method.invoke,"{""class"": ""java.util.Locale"", ""method"": ""readResolve""}"
1911,reflection,Method.invoke,"{""class"": ""java.util.Locale"", ""method"": ""readObject""}"
1915,reflection,Method.invoke,"{""class"": ""java.util.Locale"", ""method"": ""readResolve""}"
1920,reflection,Method.invoke,"{""class"": ""java.util.Locale"", ""method"": ""readObject""}"
1925,reflection,Method.invoke,"{""class"": ""java.util.Locale"", ""method"": ""readResolve""}"
1930,reflection,Method.invoke,"{""class"": ""java.util.Locale"", ""method"": ""readObject""}"
1934,reflection,Method.invoke,"{""class"": ""java.util.Locale"", ""method"": ""readResolve""}"
1939,reflection,Method.invoke,"{""class"": ""java.util.Locale"", ""method"": ""readObject""}"
1944,reflection,Method.invoke,"{""class"": ""java.util.Locale"", ""method"": ""readResolve""}"
1949,reflection,Method.invoke,"{""class"": ""java.util.Locale"", ""method"": ""readObject""}"
1954,reflection,Method.invoke,"{""class"": ""java.util.Locale"", ""method"": ""readResolve""}"
1959,reflection,Method.invoke,"{""class"": ""java.util.Locale"", ""method"": ""readObject""}"
1964,reflection,Method.invoke,"{""class"": ""java.util.Locale"", ""method"": ""readResolve""}"
1969,reflection,Method.invoke,"{""class"": ""java.util.Locale"", ""method"": ""readObject""}"
1974,reflection,Method.invoke,"{""class"": ""java.util.Locale"", ""method"": ""readResolve""}"
1979,reflection,Method.invoke,"{""class"": ""java.util.Locale"", ""method"": ""readObject""}"
1989,reflection,Method.invoke,"{""class"": ""java.util.Locale"", ""method"": ""readResolve""}"
1994,reflection,Method.invoke,"{""class"": ""java.util.Locale"", ""method"": ""readObject""}"
1999,reflection,Method.invoke,"{""class"": ""java.util.Locale"", ""method"": ""readResolve""}"
2004,reflection,Method.invoke,"{""class"": ""java.util.Locale"", ""method"": ""readObject""}"
2009,reflection,Method.invoke,"{""class"": ""java.util.Locale"", ""method"": ""readResolve""}"
2014,reflection,Method.invoke,"{""class"": ""java.util.Locale"", ""method"": ""readObject""}"
2018,reflection,Method.invoke,"{""class"": ""java.util.Locale"", ""method"": ""readResolve""}"
2023,reflection,Method.invoke,"{""class"": ""java.util.Locale"", ""method"": ""readObject""}"
2028,reflection,Method.invoke,"{""class"": ""java.util.Locale"", ""method"": ""readResolve""}"
2033,reflection,Method.invoke,"{""class"": ""java.util.Locale"", ""method"": ""readObject""}"
2038,reflection,Method.invoke,"{""class"": ""java.util.Locale"", ""method"": ""readResolve""}"
2043,reflection,Method.invoke,"{""class"": ""java.util.Locale"", ""method"": ""readObject""}"
2048,reflection,Method.invoke,"{""class"": ""java.util.Locale"", ""method"": ""readResolve""}"
2053,reflection,Method.invoke,"{""class"": ""java.util.Locale"", ""method"": ""readObject""}"
2058,reflection,Method.invoke,"{""class"": ""java.util.Locale"", ""method"": ""readResolve""}"
2064,reflection,Method.invoke,"{""class"": ""java.util.Locale"", ""method"": ""readObject""}"
2068,reflection,Method.invoke,"{""class"": ""java.util.Locale"", ""method"": ""readResolve""}"
2074,reflection,Method.invoke,"{""class"": ""java.util.Locale"", ""method"": ""readObject""}"
2079,reflection,Method.invoke,"{""class"": ""java.util.Locale"", ""method"": ""readResolve""}"
2084,reflection,Method.invoke,"{""class"": ""java.util.Locale"", ""method"": ""readObject""}"
2089,reflection,Method.invoke,"{""class"": ""java.util.Locale"", ""method"": ""readResolve""}"
2094,reflection,Method.invoke,"{""class"": ""java.util.Locale"", ""method"": ""readObject""}"
2098,reflection,Method.invoke,"{""class"": ""java.util.Locale"", ""method"": ""readResolve""}"
2104,reflection,Method.invoke,"{""class"": ""java.util.Locale"", ""method"": ""readObject""}"
2108,reflection,Method.invoke,"{""class"": ""java.util.Locale"", ""method"": ""readResolve""}"
2114,reflection,Method.invoke,"{""class"": ""java.util.Locale"", ""method"": ""readObject""}"
2118,reflection,Method.invoke,"{""class"": ""java.util.Locale"", ""method"": ""readResolve""}"
2123,reflection,Method.invoke,"{""class"": ""java.util.Locale"", ""method"": ""readObject""}"
2128,reflection,Method.invoke,"{""class"": ""java.util.Locale"", ""method"": ""readResolve""}"
2133,reflection,Method.invoke,"{""class"": ""java.util.Locale"", ""method"": ""readObject""}"
2138,reflection,Method.invoke,"{""class"": ""java.util.Locale"", ""method"": ""readResolve""}"
2143,reflection,Method.invoke,"{""class"": ""java.util.Locale"", ""method"": ""readObject""}"
2148,reflection,Method.invoke,"{""class"": ""java.util.Locale"", ""method"": ""readResolve""}"
2153,reflection,Method.invoke,"{""class"": ""java.util.Locale"", ""method"": ""readObject""}"
2158,reflection,Method.invoke,"{""class"": ""java.util.Locale"", ""method"": ""readResolve""}"
2163,reflection,Method.invoke,"{""class"": ""java.util.Locale"", ""method"": ""readObject""}"
2168,reflection,Method.invoke,"{""class"": ""java.util.Locale"", ""method"": ""readResolve""}"
2174,reflection,Method.invoke,"{""class"": ""java.util.Locale"", ""method"": ""readObject""}"
2179,reflection,Method.invoke,"{""class"": ""java.util.Locale"", ""method"": ""readResolve""}"
2184,reflection,Method.invoke,"{""class"": ""java.util.Locale"", ""method"": ""readObject""}"
2189,reflection,Method.invoke,"{""class"": ""java.util.Locale"", ""method"": ""readResolve""}"
2194,reflection,Method.invoke,"{""class"": ""java.util.Locale"", ""method"": ""readObject""}"
2199,reflection,Method.invoke,"{""class"": ""java.util.Locale"", ""method"": ""readResolve""}"
2205,reflection,Method.invoke,"{""class"": ""java.util.Locale"", ""method"": ""readObject""}"
2209,reflection,Method.invoke,"{""class"": ""java.util.Locale"", ""method"": ""readResolve""}"
2214,reflection,Method.invoke,"{""class"": ""java.util.Locale"", ""method"": ""readObject""}"
2219,reflection,Method.invoke,"{""class"": ""java.util.Locale"", ""method"": ""readResolve""}"
2224,reflection,Method.invoke,"{""class"": ""java.util.Locale"", ""method"": ""readObject""}"
2229,reflection,Method.invoke,"{""class"": ""java.util.Locale"", ""method"": ""readResolve""}"
2234,reflection,Method.invoke,"{""class"": ""java.util.Locale"", ""method"": ""readObject""}"
2239,reflection,Method.invoke,"{""class"": ""java.util.Locale"", ""method"": ""readResolve""}"
2244,reflection,Method.invoke,"{""class"": ""java.util.Locale"", ""method"": ""readObject""}"
2249,reflection,Method.invoke,"{""class"": ""java.util.Locale"", ""method"": ""readResolve""}"
2255,reflection,Method.invoke,"{""class"": ""java.util.Locale"", ""method"": ""readObject""}"
2259,reflection,Method.invoke,"{""class"": ""java.util.Locale"", ""method"": ""readResolve""}"
2264,reflection,Method.invoke,"{""class"": ""java.util.Locale"", ""method"": ""readObject""}"
2269,reflection,Method.invoke,"{""class"": ""java.util.Locale"", ""method"": ""readResolve""}"
2274,reflection,Method.invoke,"{""class"": ""java.util.Locale"", ""method"": ""readObject""}"
2279,reflection,Method.invoke,"{""class"": ""java.util.Locale"", ""method"": ""readResolve""}"
2284,reflection,Method.invoke,"{""class"": ""java.util.Locale"", ""method"": ""readObject""}"
2288,reflection,Method.invoke,"{""class"": ""java.util.Locale"", ""method"": ""readResolve""}"
2293,reflection,Method.invoke,"{""class"": ""java.util.Locale"", ""method"": ""readObject""}"
2298,reflection,Method.invoke,"{""class"": ""java.util.Locale"", ""method"": ""readResolve""}"
2303,reflection,Method.invoke,"{""class"": ""java.util.Locale"", ""method"": ""readObject""}"
2308,reflection,Method.invoke,"{""class"": ""java.util.Locale"", ""method"": ""readResolve""}"
2314,reflection,Method.invoke,"{""class"": ""java.util.Locale"", ""method"": ""readObject""}"
2319,reflection,Method.invoke,"{""class"": ""java.util.Locale"", ""method"": ""readResolve""}"
2324,reflection,Method.invoke,"{""class"": ""java.util.Locale"", ""method"": ""readObject""}"
2329,reflection,Method.invoke,"{""class"": ""java.util.Locale"", ""method"": ""readResolve""}"
2334,reflection,Method.invoke,"{""class"": ""java.util.Locale"", ""method"": ""readObject""}"
2338,reflection,Method.invoke,"{""class"": ""java.util.Locale"", ""method"": ""readResolve""}"
2344,reflection,Method.invoke,"{""class"": ""java.util.Locale"", ""method"": ""readObject""}"
2348,reflection,Method.invoke,"{""class"": ""java.util.Locale"", ""method"": ""readResolve""}"
2354,reflection,Method.invoke,"{""class"": ""java.util.Locale"", ""method"": ""readObject""}"
2358,reflection,Method.invoke,"{""class"": ""java.util.Locale"", ""method"": ""readResolve""}"
2364,reflection,Method.invoke,"{""class"": ""java.util.Locale"", ""method"": ""readObject""}"
2369,reflection,Method.invoke,"{""class"": ""java.util.Locale"", ""method"": ""readResolve""}"
2374,reflection,Method.invoke,"{""class"": ""java.util.Locale"", ""method"": ""readObject""}"
2379,reflection,Method.invoke,"{""class"": ""java.util.Locale"", ""method"": ""readResolve""}"
2384,reflection,Method.invoke,"{""class"": ""java.util.Locale"", ""method"": ""readObject""}"
2388,reflection,Method.invoke,"{""class"": ""java.util.Locale"", ""method"": ""readResolve""}"
2394,reflection,Method.invoke,"{""class"": ""java.util.Locale"", ""method"": ""readObject""}"
2398,reflection,Method.invoke,"{""class"": ""java.util.Locale"", ""method"": ""readResolve""}"
2404,reflection,Method.invoke,"{""class"": ""java.util.Locale"", ""method"": ""readObject""}"
2408,reflection,Method.invoke,"{""class"": ""java.util.Locale"", ""method"": ""readResolve""}"
2414,reflection,Method.invoke,"{""class"": ""java.util.Locale"", ""method"": ""readObject""}"
2418,reflection,Method.invoke,"{""class"": ""java.util.Locale"", ""method"": ""readResolve""}"
2423,reflection,Method.invoke,"{""class"": ""java.util.Locale"", ""method"": ""readObject""}"
2427,reflection,Method.invoke,"{""class"": ""java.util.Locale"", ""method"": ""readResolve""}"
2433,reflection,Method.invoke,"{""class"": ""java.util.Locale"", ""method"": ""readObject""}"
2438,reflection,Method.invoke,"{""class"": ""java.util.Locale"", ""method"": ""readResolve""}"
2443,reflection,Method.invoke,"{""class"": ""java.util.Locale"", ""method"": ""readObject""}"
2448,reflection,Method.invoke,"{""class"": ""java.util.Locale"", ""method"": ""readResolve""}"
2453,reflection,Method.invoke,"{""class"": ""java.util.Locale"", ""method"": ""readObject""}"
2457,reflection,Method.invoke,"{""class"": ""java.util.Locale"", ""method"": ""readResolve""}"
2462,reflection,Method.invoke,"{""class"": ""java.util.Locale"", ""method"": ""readObject""}"
2467,reflection,Method.invoke,"{""class"": ""java.util.Locale"", ""method"": ""readResolve""}"
2472,reflection,Method.invoke,"{""class"": ""java.util.Locale"", ""method"": ""readObject""}"
2476,reflection,Method.invoke,"{""class"": ""java.util.Locale"", ""method"": ""readResolve""}"
2482,reflection,Method.invoke,"{""class"": ""java.util.Locale"", ""method"": ""readObject""}"
2486,reflection,Method.invoke,"{""class"": ""java.util.Locale"", ""method"": ""readResolve""}"
2491,reflection,Method.invoke,"{""class"": ""java.util.Locale"", ""method"": ""readObject""}"
2496,reflection,Method.invoke,"{""class"": ""java.util.Locale"", ""method"": ""readResolve""}"
2501,reflection,Method.invoke,"{""class"": ""java.util.Locale"", ""method"": ""readObject""}"
2507,reflection,Method.invoke,"{""class"": ""java.util.Locale"", ""method"": ""readResolve""}"
2521,reflection,Method.invoke,"{""class"": ""java.util.Locale"", ""method"": ""readObject""}"
2525,reflection,Method.invoke,"{""class"": ""java.util.Locale"", ""method"": ""readResolve""}"
2530,reflection,Method.invoke,"{""class"": ""java.util.Locale"", ""method"": ""readObject""}"
2535,reflection,Method.invoke,"{""class"": ""java.util.Locale"", ""method"": ""readResolve""}"
2540,reflection,Method.invoke,"{""class"": ""java.util.Locale"", ""method"": ""readObject""}"
2545,reflection,Method.invoke,"{""class"": ""java.util.Locale"", ""method"": ""readResolve""}"
2550,reflection,Method.invoke,"{""class"": ""java.util.Locale"", ""method"": ""readObject""}"
2555,reflection,Method.invoke,"{""class"": ""java.util.Locale"", ""method"": ""readResolve""}"
2560,reflection,Method.invoke,"{""class"": ""java.util.Locale"", ""method"": ""readObject""}"
2565,reflection,Method.invoke,"{""class"": ""java.util.Locale"", ""method"": ""readResolve""}"
2570,reflection,Method.invoke,"{""class"": ""java.util.Locale"", ""method"": ""readObject""}"
2575,reflection,Method.invoke,"{""class"": ""java.util.Locale"", ""method"": ""readResolve""}"
2580,reflection,Method.invoke,"{""class"": ""java.util.Locale"", ""method"": ""readObject""}"
2584,reflection,Method.invoke,"{""class"": ""java.util.Locale"", ""method"": ""readResolve""}"
2590,reflection,Method.invoke,"{""class"": ""java.util.Locale"", ""method"": ""readObject""}"
2598,reflection,Method.invoke,"{""class"": ""java.util.Locale"", ""method"": ""readResolve""}"
2607,reflection,Method.invoke,"{""class"": ""java.util.Locale"", ""method"": ""readObject""}"
2612,reflection,Method.invoke,"{""class"": ""java.util.Locale"", ""method"": ""readResolve""}"
2623,reflection,Method.invoke,"{""class"": ""java.util.Locale"", ""method"": ""readObject""}"
2628,reflection,Method.invoke,"{""class"": ""java.util.Locale"", ""method"": ""readResolve""}"
2634,reflection,Method.invoke,"{""class"": ""java.util.Locale"", ""method"": ""readObject""}"
2639,reflection,Method.invoke,"{""class"": ""java.util.Locale"", ""method"": ""readResolve""}"
2646,reflection,Method.invoke,"{""class"": ""java.util.Locale"", ""method"": ""readObject""}"
2652,reflection,Method.invoke,"{""class"": ""java.util.Locale"", ""method"": ""readResolve""}"
2657,reflection,Method.invoke,"{""class"": ""java.util.Locale"", ""method"": ""readObject""}"
2663,reflection,Method.invoke,"{""class"": ""java.util.Locale"", ""method"": ""readResolve""}"
2669,reflection,Method.invoke,"{""class"": ""java.util.Locale"", ""method"": ""readObject""}"
2675,reflection,Method.invoke,"{""class"": ""java.util.Locale"", ""method"": ""readResolve""}"
2681,reflection,Method.invoke,"{""class"": ""java.util.Locale"", ""method"": ""readObject""}"
2686,reflection,Method.invoke,"{""class"": ""java.util.Locale"", ""method"": ""readResolve""}"
2691,reflection,Method.invoke,"{""class"": ""java.util.Locale"", ""method"": ""readObject""}"
2695,reflection,Method.invoke,"{""class"": ""java.util.Locale"", ""method"": ""readResolve""}"
2701,reflection,Method.invoke,"{""class"": ""java.util.Locale"", ""method"": ""readObject""}"
2707,reflection,Method.invoke,"{""class"": ""java.util.Locale"", ""method"": ""readResolve""}"
2713,reflection,Method.invoke,"{""class"": ""java.util.Locale"", ""method"": ""readObject""}"
2719,reflection,Method.invoke,"{""class"": ""java.util.Locale"", ""method"": ""readResolve""}"
2724,reflection,Method.invoke,"{""class"": ""java.util.Locale"", ""method"": ""readObject""}"
2730,reflection,Method.invoke,"{""class"": ""java.util.Locale"", ""method"": ""readResolve""}"
2737,reflection,Method.invoke,"{""class"": ""java.util.Locale"", ""method"": ""readObject""}"
2744,reflection,Method.invoke,"{""class"": ""java.util.Locale"", ""method"": ""readResolve""}"
2753,reflection,Method.invoke,"{""class"": ""java.util.Locale"", ""method"": ""readObject""}"
2758,reflection,Method.invoke,"{""class"": ""java.util.Locale"", ""method"": ""readResolve""}"
2763,reflection,Method.invoke,"{""class"": ""java.util.Locale"", ""method"": ""readObject""}"
2768,reflection,Method.invoke,"{""class"": ""java.util.Locale"", ""method"": ""readResolve""}"
2773,reflection,Method.invoke,"{""class"": ""java.util.Locale"", ""method"": ""readObject""}"
2778,reflection,Method.invoke,"{""class"": ""java.util.Locale"", ""method"": ""readResolve""}"
2783,reflection,Method.invoke,"{""class"": ""java.util.Locale"", ""method"": ""readObject""}"
2788,reflection,Method.invoke,"{""class"": ""java.util.Locale"", ""method"": ""readResolve""}"
2793,reflection,Method.invoke,"{""class"": ""java.util.Locale"", ""method"": ""readObject""}"
2798,reflection,Method.invoke,"{""class"": ""java.util.Locale"", ""method"": ""readResolve""}"
2803,reflection,Method.invoke,"{""class"": ""java.util.Locale"", ""method"": ""readObject""}"
2808,reflection,Method.invoke,"{""class"": ""java.util.Locale"", ""method"": ""readResolve""}"
2812,reflection,Method.invoke,"{""class"": ""java.util.Locale"", ""method"": ""readObject""}"
2818,reflection,Method.invoke,"{""class"": ""java.util.Locale"", ""method"": ""readResolve""}"
2823,reflection,Method.invoke,"{""class"": ""java.util.Locale"", ""method"": ""readObject""}"
2827,reflection,Method.invoke,"{""class"": ""java.util.Locale"", ""method"": ""readResolve""}"
2834,reflection,Method.invoke,"{""class"": ""java.util.Locale"", ""method"": ""readObject""}"
2838,reflection,Method.invoke,"{""class"": ""java.util.Locale"", ""method"": ""readResolve""}"
2844,reflection,Method.invoke,"{""class"": ""java.util.Locale"", ""method"": ""readObject""}"
2853,reflection,Method.invoke,"{""class"": ""java.util.Locale"", ""method"": ""readResolve""}"
2858,reflection,Method.invoke,"{""class"": ""java.util.Locale"", ""method"": ""readObject""}"
2863,reflection,Method.invoke,"{""class"": ""java.util.Locale"", ""method"": ""readResolve""}"
2868,reflection,Method.invoke,"{""class"": ""java.util.Locale"", ""method"": ""readObject""}"
2873,reflection,Method.invoke,"{""class"": ""java.util.Locale"", ""method"": ""readResolve""}"
2878,reflection,Method.invoke,"{""class"": ""java.util.Locale"", ""method"": ""readObject""}"
2883,reflection,Method.invoke,"{""class"": ""java.util.Locale"", ""method"": ""readResolve""}"
2888,reflection,Method.invoke,"{""class"": ""java.util.Locale"", ""method"": ""readObject""}"
2892,reflection,Method.invoke,"{""class"": ""java.util.Locale"", ""method"": ""readResolve""}"
2899,reflection,Method.invoke,"{""class"": ""java.util.Locale"", ""method"": ""readObject""}"
2904,reflection,Method.invoke,"{""class"": ""java.util.Locale"", ""method"": ""readResolve""}"
2909,reflection,Method.invoke,"{""class"": ""java.util.Locale"", ""method"": ""readObject""}"
2914,reflection,Method.invoke,"{""class"": ""java.util.Locale"", ""method"": ""readResolve""}"
2919,reflection,Method.invoke,"{""class"": ""java.util.Locale"", ""method"": ""readObject""}"
2924,reflection,Method.invoke,"{""class"": ""java.util.Locale"", ""method"": ""readResolve""}"
2929,reflection,Method.invoke,"{""class"": ""java.util.Locale"", ""method"": ""readObject""}"
2933,reflection,Method.invoke,"{""class"": ""java.util.Locale"", ""method"": ""readResolve""}"
2938,reflection,Method.invoke,"{""class"": ""java.util.Locale"", ""method"": ""readObject""}"
2943,reflection,Method.invoke,"{""class"": ""java.util.Locale"", ""method"": ""readResolve""}"
2948,reflection,Method.invoke,"{""class"": ""java.util.Locale"", ""method"": ""readObject""}"
2953,reflection,Method.invoke,"{""class"": ""java.util.Locale"", ""method"": ""readResolve""}"
2959,reflection,Method.invoke,"{""class"": ""java.util.Locale"", ""method"": ""readObject""}"
2964,reflection,Method.invoke,"{""class"": ""java.util.Locale"", ""method"": ""readResolve""}"
2970,reflection,Method.invoke,"{""class"": ""java.util.Locale"", ""method"": ""readObject""}"
2975,reflection,Method.invoke,"{""class"": ""java.util.Locale"", ""method"": ""readResolve""}"
2981,reflection,Method.invoke,"{""class"": ""java.util.Locale"", ""method"": ""readObject""}"
2986,reflection,Method.invoke,"{""class"": ""java.util.Locale"", ""method"": ""readResolve""}"
2993,reflection,Method.invoke,"{""class"": ""java.util.Locale"", ""method"": ""readObject""}"
2997,reflection,Method.invoke,"{""class"": ""java.util.Locale"", ""method"": ""readResolve""}"
3003,reflection,Method.invoke,"{""class"": ""java.util.Locale"", ""method"": ""readObject""}"
3008,reflection,Method.invoke,"{""class"": ""java.util.Locale"", ""method"": ""readResolve""}"
3013,reflection,Method.invoke,"{""class"": ""java.util.Locale"", ""method"": ""readObject""}"
3018,reflection,Method.invoke,"{""class"": ""java.util.Locale"", ""method"": ""readResolve""}"
3023,reflection,Method.invoke,"{""class"": ""java.util.Locale"", ""method"": ""readObject""}"
3028,reflection,Method.invoke,"{""class"": ""java.util.Locale"", ""method"": ""readResolve""}"
3033,reflection,Method.invoke,"{""class"": ""java.util.Locale"", ""method"": ""readObject""}"
3038,reflection,Method.invoke,"{""class"": ""java.util.Locale"", ""method"": ""readResolve""}"
3043,reflection,Method.invoke,"{""class"": ""java.util.Locale"", ""method"": ""readObject""}"
3047,reflection,Method.invoke,"{""class"": ""java.util.Locale"", ""method"": ""readResolve""}"
3053,reflection,Method.invoke,"{""class"": ""java.util.Locale"", ""method"": ""readObject""}"
3057,reflection,Method.invoke,"{""class"": ""java.util.Locale"", ""method"": ""readResolve""}"
3063,reflection,Method.invoke,"{""class"": ""java.util.Locale"", ""method"": ""readObject""}"
3067,reflection,Method.invoke,"{""class"": ""java.util.Locale"", ""method"": ""readResolve""}"
3073,reflection,Method.invoke,"{""class"": ""java.util.Locale"", ""method"": ""readObject""}"
3078,reflection,Method.invoke,"{""class"": ""java.util.Locale"", ""method"": ""readResolve""}"
3083,reflection,Method.invoke,"{""class"": ""java.util.Locale"", ""method"": ""readObject""}"
3088,reflection,Method.invoke,"{""class"": ""java.util.Locale"", ""method"": ""readResolve""}"
3093,reflection,Method.invoke,"{""class"": ""java.util.Locale"", ""method"": ""readObject""}"
3097,reflection,Method.invoke,"{""class"": ""java.util.Locale"", ""method"": ""readResolve""}"
3103,reflection,Method.invoke,"{""class"": ""java.util.Locale"", ""method"": ""readObject""}"
3107,reflection,Method.invoke,"{""class"": ""java.util.Locale"", ""method"": ""readResolve""}"
3112,reflection,Method.invoke,"{""class"": ""java.util.Locale"", ""method"": ""readObject""}"
3117,reflection,Method.invoke,"{""class"": ""java.util.Locale"", ""method"": ""readResolve""}"
3122,reflection,Method.invoke,"{""class"": ""java.util.Locale"", ""method"": ""readObject""}"
3126,reflection,Method.invoke,"{""class"": ""java.util.Locale"", ""method"": ""readResolve""}"
3132,reflection,Method.invoke,"{""class"": ""java.util.Locale"", ""method"": ""readObject""}"
3136,reflection,Method.invoke,"{""class"": ""java.util.Locale"", ""method"": ""readResolve""}"
3141,reflection,Method.invoke,"{""class"": ""java.util.Locale"", ""method"": ""readObject""}"
3145,reflection,Method.invoke,"{""class"": ""java.util.Locale"", ""method"": ""readResolve""}"
3150,reflection,Method.invoke,"{""class"": ""java.util.Locale"", ""method"": ""readObject""}"
3155,reflection,Method.invoke,"{""class"": ""java.util.Locale"", ""method"": ""readResolve""}"
3160,reflection,Method.invoke,"{""class"": ""java.util.Locale"", ""method"": ""readObject""}"
3165,reflection,Method.invoke,"{""class"": ""java.util.Locale"", ""method"": ""readResolve""}"
3170,reflection,Method.invoke,"{""class"": ""java.util.Locale"", ""method"": ""readObject""}"
3175,reflection,Method.invoke,"{""class"": ""java.util.Locale"", ""method"": ""readResolve""}"
3180,reflection,Method.invoke,"{""class"": ""java.util.Locale"", ""method"": ""readObject""}"
3185,reflection,Method.invoke,"{""class"": ""java.util.Locale"", ""method"": ""readResolve""}"
3190,reflection,Method.invoke,"{""class"": ""java.util.Locale"", ""method"": ""readObject""}"
3195,reflection,Method.invoke,"{""class"": ""java.util.Locale"", ""method"": ""readResolve""}"
3200,reflection,Method.invoke,"{""class"": ""java.util.Locale"", ""method"": ""readObject""}"
3205,reflection,Method.invoke,"{""class"": ""java.util.Locale"", ""method"": ""readResolve""}"
3210,reflection,Method.invoke,"{""class"": ""java.util.Locale"", ""method"": ""readObject""}"
3215,reflection,Method.invoke,"{""class"": ""java.util.Locale"", ""method"": ""readResolve""}"
3220,reflection,Method.invoke,"{""class"": ""java.util.Locale"", ""method"": ""readObject""}"
3224,reflection,Method.invoke,"{""class"": ""java.util.Locale"", ""method"": ""readResolve""}"
3229,reflection,Method.invoke,"{""class"": ""java.util.Locale"", ""method"": ""readObject""}"
3234,reflection,Method.invoke,"{""class"": ""java.util.Locale"", ""method"": ""readResolve""}"
3239,reflection,Method.invoke,"{""class"": ""java.util.Locale"", ""method"": ""readObject""}"
3244,reflection,Method.invoke,"{""class"": ""java.util.Locale"", ""method"": ""readResolve""}"
3249,reflection,Method.invoke,"{""class"": ""java.util.Locale"", ""method"": ""readObject""}"
3254,reflection,Method.invoke,"{""class"": ""java.util.Locale"", ""method"": ""readResolve""}"
3259,reflection,Method.invoke,"{""class"": ""java.util.Locale"", ""method"": ""readObject""}"
3264,reflection,Method.invoke,"{""class"": ""java.util.Locale"", ""method"": ""readResolve""}"
3269,reflection,Method.invoke,"{""class"": ""java.util.Locale"", ""method"": ""readObject""}"
3274,reflection,Method.invoke,"{""class"": ""java.util.Locale"", ""method"": ""readResolve""}"
3279,reflection,Method.invoke,"{""class"": ""java.util.Locale"", ""method"": ""readObject""}"
3284,reflection,Method.invoke,"{""class"": ""java.util.Locale"", ""method"": ""readResolve""}"
3289,reflection,Method.invoke,"{""class"": ""java.util.Locale"", ""method"": ""readObject""}"
3294,reflection,Method.invoke,"{""class"": ""java.util.Locale"", ""method"": ""readResolve""}"
3300,reflection,Method.invoke,"{""class"": ""java.util.Locale"", ""method"": ""readObject""}"
3305,reflection,Method.invoke,"{""class"": ""java.util.Locale"", ""method"": ""readResolve""}"
3310,reflection,Method.invoke,"{""class"": ""java.util.Locale"", ""method"": ""readObject""}"
3315,reflection,Method.invoke,"{""class"": ""java.util.Locale"", ""method"": ""readResolve""}"
3320,reflection,Method.invoke,"{""class"": ""java.util.Locale"", ""method"": ""readObject""}"
3325,reflection,Method.invoke,"{""class"": ""java.util.Locale"", ""method"": ""readResolve""}"
3330,reflection,Method.invoke,"{""class"": ""java.util.Locale"", ""method"": ""readObject""}"
3334,reflection,Method.invoke,"{""class"": ""java.util.Locale"", ""method"": ""readResolve""}"
3340,reflection,Method.invoke,"{""class"": ""java.util.Locale"", ""method"": ""readObject""}"
3344,reflection,Method.invoke,"{""class"": ""java.util.Locale"", ""method"": ""readResolve""}"
3349,reflection,Method.invoke,"{""class"": ""java.util.Locale"", ""method"": ""readObject""}"
3354,reflection,Method.invoke,"{""class"": ""java.util.Locale"", ""method"": ""readResolve""}"
3359,reflection,Method.invoke,"{""class"": ""java.util.Locale"", ""method"": ""readObject""}"
3364,reflection,Method.invoke,"{""class"": ""java.util.Locale"", ""method"": ""readResolve""}"
3369,reflection,Method.invoke,"{""class"": ""java.util.Locale"", ""method"": ""readObject""}"
3373,reflection,Method.invoke,"{""class"": ""java.util.Locale"", ""method"": ""readResolve""}"
3379,reflection,Method.invoke,"{""class"": ""java.util.Locale"", ""method"": ""readObject""}"
3383,reflection,Method.invoke,"{""class"": ""java.util.Locale"", ""method"": ""readResolve""}"
3388,reflection,Method.invoke,"{""class"": ""java.util.Locale"", ""method"": ""readObject""}"
3393,reflection,Method.invoke,"{""class"": ""java.util.Locale"", ""method"": ""readResolve""}"
3399,reflection,Method.invoke,"{""class"": ""java.util.Locale"", ""method"": ""readObject""}"
3403,reflection,Method.invoke,"{""class"": ""java.util.Locale"", ""method"": ""readResolve""}"
3408,reflection,Method.invoke,"{""class"": ""java.util.Locale"", ""method"": ""readObject""}"
3413,reflection,Method.invoke,"{""class"": ""java.util.Locale"", ""method"": ""readResolve""}"
3418,reflection,Method.invoke,"{""class"": ""java.util.Locale"", ""method"": ""readObject""}"
3423,reflection,Method.invoke,"{""class"": ""java.util.Locale"", ""method"": ""readResolve""}"
3428,reflection,Method.invoke,"{""class"": ""java.util.Locale"", ""method"": ""readObject""}"
3433,reflection,Method.invoke,"{""class"": ""java.util.Locale"", ""method"": ""readResolve""}"
3438,reflection,Method.invoke,"{""class"": ""java.util.Locale"", ""method"": ""readObject""}"
3442,reflection,Method.invoke,"{""class"": ""java.util.Locale"", ""method"": ""readResolve""}"
3448,reflection,Method.invoke,"{""class"": ""java.util.Locale"", ""method"": ""readObject""}"
3453,reflection,Method.invoke,"{""class"": ""java.util.Locale"", ""method"": ""readResolve""}"
3458,reflection,Method.invoke,"{""class"": ""java.util.Locale"", ""method"": ""readObject""}"
3463,reflection,Method.invoke,"{""class"": ""java.util.Locale"", ""method"": ""readResolve""}"
3468,reflection,Method.invoke,"{""class"": ""java.util.Locale"", ""method"": ""readObject""}"
3473,reflection,Method.invoke,"{""class"": ""java.util.Locale"", ""method"": ""readResolve""}"
3478,reflection,Method.invoke,"{""class"": ""java.util.Locale"", ""method"": ""readObject""}"
3482,reflection,Method.invoke,"{""class"": ""java.util.Locale"", ""method"": ""readResolve""}"
3487,reflection,Method.invoke,"{""class"": ""java.util.Locale"", ""method"": ""readObject""}"
3492,reflection,Method.invoke,"{""class"": ""java.util.Locale"", ""method"": ""readResolve""}"
3497,reflection,Method.invoke,"{""class"": ""java.util.Locale"", ""method"": ""readObject""}"
3502,reflection,Method.invoke,"{""class"": ""java.util.Locale"", ""method"": ""readResolve""}"
3507,reflection,Method.invoke,"{""class"": ""java.util.Locale"", ""method"": ""readObject""}"
3512,reflection,Method.invoke,"{""class"": ""java.util.Locale"", ""method"": ""readResolve""}"
3517,reflection,Method.invoke,"{""class"": ""java.util.Locale"", ""method"": ""readObject""}"
3521,reflection,Method.invoke,"{""class"": ""java.util.Locale"", ""method"": ""readResolve""}"
3526,reflection,Method.invoke,"{""class"": ""java.util.Locale"", ""method"": ""readObject""}"
3531,reflection,Method.invoke,"{""class"": ""java.util.Locale"", ""method"": ""readResolve""}"
3536,reflection,Method.invoke,"{""class"": ""java.util.Locale"", ""method"": ""readObject""}"
3541,reflection,Method.invoke,"{""class"": ""java.util.Locale"", ""method"": ""readResolve""}"
3546,reflection,Method.invoke,"{""class"": ""java.util.Locale"", ""method"": ""readObject""}"
3551,reflection,Method.invoke,"{""class"": ""java.util.Locale"", ""method"": ""readResolve""}"
3556,reflection,Method.invoke,"{""class"": ""java.util.Locale"", ""method"": ""readObject""}"
3560,reflection,Method.invoke,"{""class"": ""java.util.Locale"", ""method"": ""readResolve""}"
3565,reflection,Method.invoke,"{""class"": ""java.util.Locale"", ""method"": ""readObject""}"
3570,reflection,Method.invoke,"{""class"": ""java.util.Locale"", ""method"": ""readResolve""}"
3575,reflection,Method.invoke,"{""class"": ""java.util.Locale"", ""method"": ""readObject""}"
3581,reflection,Method.invoke,"{""class"": ""java.util.Locale"", ""method"": ""readResolve""}"
3586,reflection,Method.invoke,"{""class"": ""java.util.Locale"", ""method"": ""readObject""}"
3590,reflection,Method.invoke,"{""class"": ""java.util.Locale"", ""method"": ""readResolve""}"
3600,reflection,Method.invoke,"{""class"": ""java.util.Locale"", ""method"": ""readObject""}"
3605,reflection,Method.invoke,"{""class"": ""java.util.Locale"", ""method"": ""readResolve""}"
3610,reflection,Method.invoke,"{""class"": ""java.util.Locale"", ""method"": ""readObject""}"
3614,reflection,Method.invoke,"{""class"": ""java.util.Locale"", ""method"": ""readResolve""}"
3619,reflection,Method.invoke,"{""class"": ""java.util.Locale"", ""method"": ""readObject""}"
3624,reflection,Method.invoke,"{""class"": ""java.util.Locale"", ""method"": ""readResolve""}"
3630,reflection,Method.invoke,"{""class"": ""java.util.Locale"", ""method"": ""readObject""}"
3635,reflection,Method.invoke,"{""class"": ""java.util.Locale"", ""method"": ""readResolve""}"
3640,reflection,Method.invoke,"{""class"": ""java.util.Locale"", ""method"": ""readObject""}"
3645,reflection,Method.invoke,"{""class"": ""java.util.Locale"", ""method"": ""readResolve""}"
3650,reflection,Method.invoke,"{""class"": ""java.util.Locale"", ""method"": ""readObject""}"
3654,reflection,Method.invoke,"{""class"": ""java.util.Locale"", ""method"": ""readResolve""}"
3660,reflection,Method.invoke,"{""class"": ""java.util.Locale"", ""method"": ""readObject""}"
3664,reflection,Method.invoke,"{""class"": ""java.util.Locale"", ""method"": ""readResolve""}"
3669,reflection,Method.invoke,"{""class"": ""java.util.Locale"", ""method"": ""readObject""}"
3673,reflection,Method.invoke,"{""class"": ""java.util.Locale"", ""method"": ""readResolve""}"
3679,reflection,Method.invoke,"{""class"": ""java.util.Locale"", ""method"": ""readObject""}"
3684,reflection,Method.invoke,"{""class"": ""java.util.Locale"", ""method"": ""readResolve""}"
3689,reflection,Method.invoke,"{""class"": ""java.util.Locale"", ""method"": ""readObject""}"
3693,reflection,Method.invoke,"{""class"": ""java.util.Locale"", ""method"": ""readResolve""}"
3698,reflection,Method.invoke,"{""class"": ""java.util.Locale"", ""method"": ""readObject""}"
3703,reflection,Method.invoke,"{""class"": ""java.util.Locale"", ""method"": ""readResolve""}"
3708,reflection,Method.invoke,"{""class"": ""java.util.Locale"", ""method"": ""readObject""}"
3713,reflection,Method.invoke,"{""class"": ""java.util.Locale"", ""method"": ""readResolve""}"
3718,reflection,Method.invoke,"{""class"": ""java.util.Locale"", ""method"": ""readObject""}"
3722,reflection,Method.invoke,"{""class"": ""java.util.Locale"", ""method"": ""readResolve""}"
3727,reflection,Method.invoke,"{""class"": ""java.util.Locale"", ""method"": ""readObject""}"
3732,reflection,Method.invoke,"{""class"": ""java.util.Locale"", ""method"": ""readResolve""}"
3737,reflection,Method.invoke,"{""class"": ""java.util.Locale"", ""method"": ""readObject""}"
3742,reflection,Method.invoke,"{""class"": ""java.util.Locale"", ""method"": ""readResolve""}"
3748,reflection,Method.invoke,"{""class"": ""java.util.Locale"", ""method"": ""readObject""}"
3756,reflection,Method.invoke,"{""class"": ""java.util.Locale"", ""method"": ""readResolve""}"
3762,reflection,Method.invoke,"{""class"": ""java.util.Locale"", ""method"": ""readObject""}"
3772,reflection,Method.invoke,"{""class"": ""java.util.Locale"", ""method"": ""readResolve""}"
3778,reflection,Method.invoke,"{""class"": ""java.util.Locale"", ""method"": ""readObject""}"
3787,reflection,Method.invoke,"{""class"": ""java.util.Locale"", ""method"": ""readResolve""}"
3792,reflection,Method.invoke,"{""class"": ""java.util.Locale"", ""method"": ""readObject""}"
3797,reflection,Method.invoke,"{""class"": ""java.util.Locale"", ""method"": ""readResolve""}"
3802,reflection,Method.invoke,"{""class"": ""java.util.Locale"", ""method"": ""readObject""}"
3806,reflection,Method.invoke,"{""class"": ""java.util.Locale"", ""method"": ""readResolve""}"
3811,reflection,Method.invoke,"{""class"": ""java.util.Locale"", ""method"": ""readObject""}"
3817,reflection,Method.invoke,"{""class"": ""java.util.Locale"", ""method"": ""readResolve""}"
3823,reflection,Method.invoke,"{""class"": ""java.util.Locale"", ""method"": ""readObject""}"
3828,reflection,Method.invoke,"{""class"": ""java.util.Locale"", ""method"": ""readResolve""}"
3833,reflection,Method.invoke,"{""class"": ""java.util.Locale"", ""method"": ""readObject""}"
3839,reflection,Method.invoke,"{""class"": ""java.util.Locale"", ""method"": ""readResolve""}"
3846,reflection,Method.invoke,"{""class"": ""java.util.Locale"", ""method"": ""readObject""}"
3851,reflection,Method.invoke,"{""class"": ""java.util.Locale"", ""method"": ""readResolve""}"
3857,reflection,Method.invoke,"{""class"": ""java.util.Locale"", ""method"": ""readObject""}"
3866,reflection,Method.invoke,"{""class"": ""java.util.Locale"", ""method"": ""readResolve""}"
3871,reflection,Method.invoke,"{""class"": ""java.util.Locale"", ""method"": ""readObject""}"
3875,reflection,Method.invoke,"{""class"": ""java.util.Locale"", ""method"": ""readResolve""}"
3880,reflection,Method.invoke,"{""class"": ""java.util.Locale"", ""method"": ""readObject""}"
3884,reflection,Method.invoke,"{""class"": ""java.util.Locale"", ""method"": ""readResolve""}"
3889,reflection,Method.invoke,"{""class"": ""java.util.Locale"", ""method"": ""readObject""}"
3893,reflection,Method.invoke,"{""class"": ""java.util.Locale"", ""method"": ""readResolve""}"
3899,reflection,Method.invoke,"{""class"": ""java.util.Locale"", ""method"": ""readObject""}"
3904,reflection,Method.invoke,"{""class"": ""java.util.Locale"", ""method"": ""readResolve""}"
3909,reflection,Method.invoke,"{""class"": ""java.util.Locale"", ""method"": ""readObject""}"
3913,reflection,Method.invoke,"{""class"": ""java.util.Locale"", ""method"": ""readResolve""}"
3918,reflection,Method.invoke,"{""class"": ""java.util.Locale"", ""method"": ""readObject""}"
3922,reflection,Method.invoke,"{""class"": ""java.util.Locale"", ""method"": ""readResolve""}"
3927,reflection,Method.invoke,"{""class"": ""java.util.Locale"", ""method"": ""readObject""}"
3931,reflection,Method.invoke,"{""class"": ""java.util.Locale"", ""method"": ""readResolve""}"
3936,reflection,Method.invoke,"{""class"": ""java.util.Locale"", ""method"": ""readObject""}"
3940,reflection,Method.invoke,"{""class"": ""java.util.Locale"", ""method"": ""readResolve""}"
3945,reflection,Method.invoke,"{""class"": ""java.util.Locale"", ""method"": ""readObject""}"
3949,reflection,Method.invoke,"{""class"": ""java.util.Locale"", ""method"": ""readResolve""}"
3954,reflection,Method.invoke,"{""class"": ""java.util.Locale"", ""method"": ""readObject""}"
3958,reflection,Method.invoke,"{""class"": ""java.util.Locale"", ""method"": ""readResolve""}"
3964,reflection,Method.invoke,"{""class"": ""java.util.Locale"", ""method"": ""readObject""}"
3969,reflection,Method.invoke,"{""class"": ""java.util.Locale"", ""method"": ""readResolve""}"
3973,reflection,Method.invoke,"{""class"": ""java.util.Locale"", ""method"": ""readObject""}"
3978,reflection,Method.invoke,"{""class"": ""java.util.Locale"", ""method"": ""readResolve""}"
3982,reflection,Method.invoke,"{""class"": ""java.util.Locale"", ""method"": ""readObject""}"
3987,reflection,Method.invoke,"{""class"": ""java.util.Locale"", ""method"": ""readResolve""}"
3991,reflection,Method.invoke,"{""class"": ""java.util.Locale"", ""method"": ""readObject""}"
3995,reflection,Method.invoke,"{""class"": ""java.util.Locale"", ""method"": ""readResolve""}"
4000,reflection,Method.invoke,"{""class"": ""java.util.Locale"", ""method"": ""readObject""}"
4005,reflection,Method.invoke,"{""class"": ""java.util.Locale"", ""method"": ""readResolve""}"
4009,reflection,Method.invoke,"{""class"": ""java.util.Locale"", ""method"": ""readObject""}"
4014,reflection,Method.invoke,"{""class"": ""java.util.Locale"", ""method"": ""readResolve""}"
4018,reflection,Method.invoke,"{""class"": ""java.util.Locale"", ""method"": ""readObject""}"
4022,reflection,Method.invoke,"{""class"": ""java.util.Locale"", ""method"": ""readResolve""}"
4027,reflection,Method.invoke,"{""class"": ""java.util.Locale"", ""method"": ""readObject""}"
4032,reflection,Method.invoke,"{""class"": ""java.util.Locale"", ""method"": ""readResolve""}"
4037,reflection,Method.invoke,"{""class"": ""java.util.Locale"", ""method"": ""readObject""}"
4041,reflection,Method.invoke,"{""class"": ""java.util.Locale"", ""method"": ""readResolve""}"
4046,reflection,Method.invoke,"{""class"": ""java.util.Locale"", ""method"": ""readObject""}"
4050,reflection,Method.invoke,"{""class"": ""java.util.Locale"", ""method"": ""readResolve""}"
4055,reflection,Method.invoke,"{""class"": ""java.util.Locale"", ""method"": ""readObject""}"
4059,reflection,Method.invoke,"{""class"": ""java.util.Locale"", ""method"": ""readResolve""}"
7061,ipc_intents,Context.bindService,"{""action"": ""android.speech.RecognitionService"", ""flags"": 1, ""target"": ""com.google.android.googlequicksearchbox/com.google.android.voicesearch.serviceapi.GoogleRecognitionService""}"
16567,reflection,Method.invoke,"{""class"": ""android.view.View"", ""method"": ""getElevation""}"
16581,reflection,Method.invoke,"{""class"": ""org.fossasia.susi.ai.chat.ChatActivity"", ""method"": ""openSettings""}"
16590,reflection,Method.invoke,"{""class"": ""android.view.View"", ""method"": ""getElevation""}"
16609,reflection,Method.invoke,"{""class"": ""android.view.ViewGroup"", ""method"": ""makeOptionalFitsSystemWindows""}"
16614,storage,SharedPreferences.getString,"{""key"": ""prefLanguage""}"
16615,storage,SharedPreferences.getString,"{""key"": ""preferences_running_base_url""}"
16617,network,okhttp3.RealCall.enqueue,"{""method"": ""GET"", ""url"": ""https://api.susi.ai/cms/getSkillMetricsData.json?model=general&language=en""}"
16619,reflection,Method.invoke,"{""class"": ""dalvik.system.CloseGuard"", ""method"": ""get""}"
16620,reflection,Method.invoke,"{""class"": ""dalvik.system.CloseGuard"", ""method"": ""open""}"
16663,network,Socket.connect,"{""endpoint"": ""api.susi.ai/167.235.1.187:443""}"
16729,reflection,Method.invoke,"{""class"": ""com.android.org.conscrypt.ConscryptFileDescriptorSocket"", ""method"": ""setUseSessionTickets""}"
16736,reflection,Method.invoke,"{""class"": ""com.android.org.conscrypt.ConscryptFileDescriptorSocket"", ""method"": ""setHostname""}"
16742,reflection,Method.invoke,"{""class"": ""com.android.org.conscrypt.OpenSSLSocketImpl"", ""method"": ""setAlpnProtocols""}"
16807,crypto,MessageDigest.getInstance,"{""algorithm"": ""SHA-256""}"
16826,crypto,MessageDigest.digest,{}
16829,crypto,MessageDigest.getInstance,"{""algorithm"": ""SHA-256""}"
16842,crypto,MessageDigest.digest,{}
16859,crypto,MessageDigest.getInstance,"{""algorithm"": ""SHA-256""}"
16861,crypto,MessageDigest.digest,{}
16872,crypto,MessageDigest.getInstance,"{""algorithm"": ""SHA-256""}"
16875,crypto,MessageDigest.digest,{}
16880,crypto,MessageDigest.getInstance,"{""algorithm"": ""SHA-256""}"
16890,crypto,MessageDigest.digest,{}
16894,crypto,MessageDigest.getInstance,"{""algorithm"": ""SHA-256""}"
16904,crypto,MessageDigest.digest,{}
16907,crypto,MessageDigest.getInstance,"{""algorithm"": ""SHA-256""}"
16914,crypto,MessageDigest.digest,{}
16928,crypto,MessageDigest.getInstance,"{""algorithm"": ""SHA-256""}"
16935,crypto,MessageDigest.digest,{}
16942,crypto,MessageDigest.getInstance,"{""algorithm"": ""MD5""}"
16959,crypto,MessageDigest.digest,{}
16962,crypto,MessageDigest.getInstance,"{""algorithm"": ""SHA1""}"
16972,crypto,MessageDigest.digest,{}
16976,crypto,MessageDigest.getInstance,"{""algorithm"": ""MD5""}"
16979,crypto,MessageDigest.digest,{}
16989,crypto,MessageDigest.getInstance,"{""algorithm"": ""SHA1""}"
16996,crypto,MessageDigest.digest,{}
17004,crypto,MessageDigest.getInstance,"{""algorithm"": ""MD5""}"
17010,crypto,MessageDigest.digest,{}
17022,crypto,MessageDigest.getInstance,"{""algorithm"": ""SHA1""}"
17026,crypto,MessageDigest.digest,{}
17029,crypto,MessageDigest.getInstance,"{""algorithm"": ""MD5""}"
17035,crypto,MessageDigest.digest,{}
17040,crypto,MessageDigest.getInstance,"{""algorithm"": ""SHA1""}"
17044,crypto,MessageDigest.digest,{}
17050,crypto,MessageDigest.getInstance,"{""algorithm"": ""MD5""}"
17053,crypto,MessageDigest.digest,{}
17067,crypto,MessageDigest.getInstance,"{""algorithm"": ""SHA1""}"
17070,crypto,MessageDigest.digest,{}
17073,crypto,MessageDigest.getInstance,"{""algorithm"": ""SHA1""}"
17080,crypto,MessageDigest.digest,{}
17088,crypto,MessageDigest.getInstance,"{""algorithm"": ""SHA1""}"
17091,crypto,MessageDigest.digest,{}
17094,crypto,MessageDigest.getInstance,"{""algorithm"": ""SHA1""}"
17107,crypto,MessageDigest.digest,{}
17113,crypto,MessageDigest.getInstance,"{""algorithm"": ""SHA1""}"
17119,crypto,MessageDigest.digest,{}
17123,crypto,MessageDigest.getInstance,"{""algorithm"": ""SHA1""}"
17130,crypto,MessageDigest.digest,{}
17141,crypto,MessageDigest.getInstance,"{""algorithm"": ""SHA-256""}"
17147,crypto,MessageDigest.digest,{}
20034,reflection,Method.invoke,"{""class"": ""android.widget.PopupWindow"", ""method"": ""getMaxAvailableHeight""}"
20035,reflection,Method.invoke,"{""class"": ""android.widget.PopupWindow"", ""method"": ""setClipToScreenEnabled""}"
20036,reflection,Method.invoke,"{""class"": ""android.widget.PopupWindow"", ""method"": ""setEpicenterBounds""}"
20044,reflection,Method.invoke,"{""class"": ""android.widget.PopupWindow"", ""method"": ""getMaxAvailableHeight""}"
20064,reflection,Method.invoke,"{""class"": ""android.view.View"", ""method"": ""getTransitionAlpha""}"
23165,reflection,Method.invoke,"{""class"": ""android.view.View"", ""method"": ""getTransitionAlpha""}"
26001,reflection,Method.invoke,"{""class"": ""android.widget.PopupWindow"", ""method"": ""getMaxAvailableHeight""}"
26002,reflection,Method.invoke,"{""class"": ""android.widget.PopupWindow"", ""method"": ""setClipToScreenEnabled""}"
26002,reflection,Method.invoke,"{""class"": ""android.widget.PopupWindow"", ""method"": ""setEpicenterBounds""}"
26011,reflection,Method.invoke,"{""class"": ""android.widget.PopupWindow"", ""method"": ""getMaxAvailableHeight""}"
26021,reflection,Method.invoke,"{""class"": ""android.view.View"", ""method"": ""getTransitionAlpha""}"
29048,reflection,Method.invoke,"{""class"": ""android.view.View"", ""method"": ""getTransitionAlpha""}"
31818,reflection,Method.invoke,"{""class"": ""android.widget.PopupWindow"", ""method"": ""getMaxAvailableHeight""}"
31819,reflection,Method.invoke,"{""class"": ""android.widget.PopupWindow"", ""method"": ""setClipToScreenEnabled""}"
31819,reflection,Method.invoke,"{""class"": ""android.widget.PopupWindow"", ""method"": ""setEpicenterBounds""}"
31828,reflection,Method.invoke,"{""class"": ""android.widget.PopupWindow"", ""method"": ""getMaxAvailableHeight""}"
31838,reflection,Method.invoke,"{""class"": ""android.view.View"", ""method"": ""getTransitionAlpha""}"
34832,reflection,Method.invoke,"{""class"": ""android.view.View"", ""method"": ""getTransitionAlpha""}"
37705,reflection,Method.invoke,"{""class"": ""android.view.ViewGroup"", ""method"": ""makeOptionalFitsSystemWindows""}"
37709,storage,SharedPreferences.apply,{}
37711,audio,MediaRecorder.setAudioSource,"{""audioSource"": 1}"
37721,network,okhttp3.RealCall.enqueue,"{""method"": ""GET"", ""url"": ""http://ipinfo.io/json""}"
37722,reflection,Method.invoke,"{""class"": ""dalvik.system.CloseGuard"", ""method"": ""get""}"
37723,reflection,Method.invoke,"{""class"": ""dalvik.system.CloseGuard"", ""method"": ""open""}"
37724,location,LocationManager.requestLocationUpdates,"{""minDistance"": 10, ""minTime"": ""300000"", ""provider"": ""network""}"
37727,location,LocationManager.requestLocationUpdates,"{""minDistance"": 10, ""minTime"": ""300000"", ""provider"": ""gps""}"
37742,reflection,Method.invoke,"{""class"": ""android.security.NetworkSecurityPolicy"", ""method"": ""getInstance""}"
37758,reflection,Method.invoke,"{""class"": ""android.security.NetworkSecurityPolicy"", ""method"": ""isCleartextTrafficPermitted""}"
37761,reflection,Method.invoke,"{""class"": ""android.view.View"", ""method"": ""getElevation""}"
37762,reflection,Method.invoke,"{""class"": ""android.view.View"", ""method"": ""getElevation""}"
37763,reflection,Method.invoke,"{""class"": ""android.view.View"", ""method"": ""getElevation""}"
37776,reflection,Method.invoke,"{""class"": ""android.view.View"", ""method"": ""getElevation""}"
37834,ipc_intents,Context.bindService,"{""action"": ""android.intent.action.TTS_SERVICE"", ""flags"": 1, ""target"": ""android.intent.action.TTS_SERVICE""}"
37870,reflection,Method.invoke,"{""class"": ""java.util.Locale"", ""method"": ""readObject""}"
37871,reflection,Method.invoke,"{""class"": ""java.util.Locale"", ""method"": ""readResolve""}"
37871,reflection,Method.invoke,"{""class"": ""java.util.Locale"", ""method"": ""readObject""}"
37871,reflection,Method.invoke,"{""class"": ""java.util.Locale"", ""method"": ""readResolve""}"
37872,reflection,Method.invoke,"{""class"": ""java.util.Locale"", ""method"": ""readObject""}"
37872,reflection,Method.invoke,"{""class"": ""java.util.Locale"", ""method"": ""readResolve""}"
37873,reflection,Method.invoke,"{""class"": ""java.util.Locale"", ""method"": ""readObject""}"
37874,reflection,Method.invoke,"{""class"": ""java.util.Locale"", ""method"": ""readResolve""}"
37875,reflection,Method.invoke,"{""class"": ""java.util.Locale"", ""method"": ""readObject""}"
37875,reflection,Method.invoke,"{""class"": ""java.util.Locale"", ""method"": ""readResolve""}"
37876,reflection,Method.invoke,"{""class"": ""java.util.Locale"", ""method"": ""readObject""}"
37876,reflection,Method.invoke,"{""class"": ""java.util.Locale"", ""method"": ""readResolve""}"
37877,reflection,Method.invoke,"{""class"": ""java.util.Locale"", ""method"": ""readObject""}"
37878,reflection,Method.invoke,"{""class"": ""java.util.Locale"", ""method"": ""readResolve""}"
37878,reflection,Method.invoke,"{""class"": ""java.util.Locale"", ""method"": ""readObject""}"
37879,reflection,Method.invoke,"{""class"": ""java.util.Locale"", ""method"": ""readResolve""}"
37880,reflection,Method.invoke,"{""class"": ""java.util.Locale"", ""method"": ""readObject""}"
37881,reflection,Method.invoke,"{""class"": ""java.util.Locale"", ""method"": ""readResolve""}"
37881,reflection,Method.invoke,"{""class"": ""java.util.Locale"", ""method"": ""readObject""}"
37881,reflection,Method.invoke,"{""class"": ""java.util.Locale"", ""method"": ""readResolve""}"
37882,reflection,Method.invoke,"{""class"": ""java.util.Locale"", ""method"": ""readObject""}"
37885,reflection,Method.invoke,"{""class"": ""java.util.Locale"", ""method"": ""readResolve""}"
37886,reflection,Method.invoke,"{""class"": ""java.util.Locale"", ""method"": ""readObject""}"
37886,reflection,Method.invoke,"{""class"": ""java.util.Locale"", ""method"": ""readResolve""}"
37887,reflection,Method.invoke,"{""class"": ""java.util.Locale"", ""method"": ""readObject""}"
37887,reflection,Method.invoke,"{""class"": ""java.util.Locale"", ""method"": ""readResolve""}"
37888,reflection,Method.invoke,"{""class"": ""java.util.Locale"", ""method"": ""readObject""}"
37889,reflection,Method.invoke,"{""class"": ""java.util.Locale"", ""method"": ""readResolve""}"
37889,reflection,Method.invoke,"{""class"": ""java.util.Locale"", ""method"": ""readObject""}"
37890,reflection,Method.invoke,"{""class"": ""java.util.Locale"", ""method"": ""readResolve""}"
37890,reflection,Method.invoke,"{""class"": ""java.util.Locale"", ""method"": ""readObject""}"
37891,reflection,Method.invoke,"{""class"": ""java.util.Locale"", ""method"": ""readResolve""}"
37892,reflection,Method.invoke,"{""class"": ""java.util.Locale"", ""method"": ""readObject""}"
37892,reflection,Method.invoke,"{""class"": ""java.util.Locale"", ""method"": ""readResolve""}"
37893,reflection,Method.invoke,"{""class"": ""java.util.Locale"", ""method"": ""readObject""}"
37894,reflection,Method.invoke,"{""class"": ""java.util.Locale"", ""method"": ""readResolve""}"
37894,reflection,Method.invoke,"{""class"": ""java.util.Locale"", ""method"": ""readObject""}"
37895,reflection,Method.invoke,"{""class"": ""java.util.Locale"", ""method"": ""readResolve""}"
37895,reflection,Method.invoke,"{""class"": ""java.util.Locale"", ""method"": ""readObject""}"
37896,reflection,Method.invoke,"{""class"": ""java.util.Locale"", ""method"": ""readResolve""}"
37897,reflection,Method.invoke,"{""class"": ""java.util.Locale"", ""method"": ""readObject""}"
37898,reflection,Method.invoke,"{""class"": ""java.util.Locale"", ""method"": ""readResolve""}"
37898,reflection,Method.invoke,"{""class"": ""java.util.Locale"", ""method"": ""readObject""}"
37898,reflection,Method.invoke,"{""class"": ""java.util.Locale"", ""method"": ""readResolve""}"
37898,reflection,Method.invoke,"{""class"": ""java.util.Locale"", ""method"": ""readObject""}"
37899,reflection,Method.invoke,"{""class"": ""java.util.Locale"", ""method"": ""readResolve""}"
37899,reflection,Method.invoke,"{""class"": ""java.util.Locale"", ""method"": ""readObject""}"
37899,reflection,Method.invoke,"{""class"": ""java.util.Locale"", ""method"": ""readResolve""}"
37899,reflection,Method.invoke,"{""class"": ""java.util.Locale"", ""method"": ""readObject""}"
37899,reflection,Method.invoke,"{""class"": ""java.util.Locale"", ""method"": ""readResolve""}"
37900,reflection,Method.invoke,"{""class"": ""java.util.Locale"", ""method"": ""readObject""}"
37900,reflection,Method.invoke,"{""class"": ""java.util.Locale"", ""method"": ""readResolve""}"
37900,reflection,Method.invoke,"{""class"": ""java.util.Locale"", ""method"": ""readObject""}"
37900,reflection,Method.invoke,"{""class"": ""java.util.Locale"", ""method"": ""readResolve""}"
37901,reflection,Method.invoke,"{""class"": ""java.util.Locale"", ""method"": ""readObject""}"
37901,reflection,Method.invoke,"{""class"": ""java.util.Locale"", ""method"": ""readResolve""}"
37901,reflection,Method.invoke,"{""class"": ""java.util.Locale"", ""method"": ""readObject""}"
37901,reflection,Method.invoke,"{""class"": ""java.util.Locale"", ""method"": ""readResolve""}"
37902,reflection,Method.invoke,"{""class"": ""java.util.Locale"", ""method"": ""readObject""}"
37902,reflection,Method.invoke,"{""class"": ""java.util.Locale"", ""method"": ""readResolve""}"
37903,reflection,Method.invoke,"{""class"": ""java.util.Locale"", ""method"": ""readObject""}"
37904,reflection,Method.invoke,"{""class"": ""java.util.Locale"", ""method"": ""readResolve""}"
37904,reflection,Method.invoke,"{""class"": ""java.util.Locale"", ""method"": ""readObject""}"
37905,reflection,Method.invoke,"{""class"": ""java.util.Locale"", ""method"": ""readResolve""}"
37905,reflection,Method.invoke,"{""class"": ""java.util.Locale"", ""method"": ""readObject""}"
37906,reflection,Method.invoke,"{""class"": ""java.util.Locale"", ""method"": ""readResolve""}"
37906,reflection,Method.invoke,"{""class"": ""java.util.Locale"", ""method"": ""readObject""}"
37907,reflection,Method.invoke,"{""class"": ""java.util.Locale"", ""method"": ""readResolve""}"
37909,reflection,Method.invoke,"{""class"": ""java.util.Locale"", ""method"": ""readObject""}"
37910,reflection,Method.invoke,"{""class"": ""java.util.Locale"", ""method"": ""readResolve""}"
37910,reflection,Method.invoke,"{""class"": ""java.util.Locale"", ""method"": ""readObject""}"
37911,reflection,Method.invoke,"{""class"": ""java.util.Locale"", ""method"": ""readResolve""}"
37911,reflection,Method.invoke,"{""class"": ""java.util.Locale"", ""method"": ""readObject""}"
37912,reflection,Method.invoke,"{""class"": ""java.util.Locale"", ""method"": ""readResolve""}"
37912,reflection,Method.invoke,"{""class"": ""java.util.Locale"", ""method"": ""readObject""}"
37913,reflection,Method.invoke,"{""class"": ""java.util.Locale"", ""method"": ""readResolve""}"
37913,reflection,Method.invoke,"{""class"": ""java.util.Locale"", ""method"": ""readObject""}"
37914,reflection,Method.invoke,"{""class"": ""java.util.Locale"", ""method"": ""readResolve""}"
37914,reflection,Method.invoke,"{""class"": ""java.util.Locale"", ""method"": ""readObject""}"
37914,reflection,Method.invoke,"{""class"": ""java.util.Locale"", ""method"": ""readResolve""}"
37915,reflection,Method.invoke,"{""class"": ""java.util.Locale"", ""method"": ""readObject""}"
37915,reflection,Method.invoke,"{""class"": ""java.util.Locale"", ""method"": ""readResolve""}"
37915,reflection,Method.invoke,"{""class"": ""java.util.Locale"", ""method"": ""readObject""}"
37915,reflection,Method.invoke,"{""class"": ""java.util.Locale"", ""method"": ""readResolve""}"
37916,reflection,Method.invoke,"{""class"": ""java.util.Locale"", ""method"": ""readObject""}"
37916,reflection,Method.invoke,"{""class"": ""java.util.Locale"", ""method"": ""readResolve""}"
37916,reflection,Method.invoke,"{""class"": ""java.util.Locale"", ""method"": ""readObject""}"
37917,reflection,Method.invoke,"{""class"": ""java.util.Locale"", ""method"": ""readResolve""}"
37917,reflection,Method.invoke,"{""class"": ""java.util.Locale"", ""method"": ""readObject""}"
37917,reflection,Method.invoke,"{""class"": ""java.util.Locale"", ""method"": ""readResolve""}"
37918,reflection,Method.invoke,"{""class"": ""java.util.Locale"", ""method"": ""readObject""}"
37918,reflection,Method.invoke,"{""class"": ""java.util.Locale"", ""method"": ""readResolve""}"
37919,reflection,Method.invoke,"{""class"": ""java.util.Locale"", ""method"": ""readObject""}"
37920,reflection,Method.invoke,"{""class"": ""java.util.Locale"", ""method"": ""readResolve""}"
37921,reflection,Method.invoke,"{""class"": ""java.util.Locale"", ""method"": ""readObject""}"
37921,reflection,Method.invoke,"{""class"": ""java.util.Locale"", ""method"": ""readResolve""}"
37922,reflection,Method.invoke,"{""class"": ""java.util.Locale"", ""method"": ""readObject""}"
37922,reflection,Method.invoke,"{""class"": ""java.util.Locale"", ""method"": ""readResolve""}"
37923,reflection,Method.invoke,"{""class"": ""java.util.Locale"", ""method"": ""readObject""}"
37924,reflection,Method.invoke,"{""class"": ""java.util.Locale"", ""method"": ""readResolve""}"
37924,reflection,Method.invoke,"{""class"": ""java.util.Locale"", ""method"": ""readObject""}"
37925,reflection,Method.invoke,"{""class"": ""java.util.Locale"", ""method"": ""readResolve""}"
37926,reflection,Method.invoke,"{""class"": ""java.util.Locale"", ""method"": ""readObject""}"
37926,reflection,Method.invoke,"{""class"": ""java.util.Locale"", ""method"": ""readResolve""}"
37926,reflection,Method.invoke,"{""class"": ""java.util.Locale"", ""method"": ""readObject""}"
37929,reflection,Method.invoke,"{""class"": ""java.util.Locale"", ""method"": ""readResolve""}"
37930,reflection,Method.invoke,"{""class"": ""java.util.Locale"", ""method"": ""readObject""}"
37930,reflection,Method.invoke,"{""class"": ""java.util.Locale"", ""method"": ""readResolve""}"
37939,reflection,Method.invoke,"{""class"": ""java.util.Locale"", ""method"": ""readObject""}"
37939,reflection,Method.invoke,"{""class"": ""java.util.Locale"", ""method"": ""readResolve""}"
37940,reflection,Method.invoke,"{""class"": ""java.util.Locale"", ""method"": ""readObject""}"
37941,reflection,Method.invoke,"{""class"": ""java.util.Locale"", ""method"": ""readResolve""}"
37942,reflection,Method.invoke,"{""class"": ""java.util.Locale"", ""method"": ""readObject""}"
37942,reflection,Method.invoke,"{""class"": ""java.util.Locale"", ""method"": ""readResolve""}"
37943,reflection,Method.invoke,"{""class"": ""java.util.Locale"", ""method"": ""readObject""}"
37943,reflection,Method.invoke,"{""class"": ""java.util.Locale"", ""method"": ""readResolve""}"
37944,reflection,Method.invoke,"{""class"": ""java.util.Locale"", ""method"": ""readObject""}"
37945,reflection,Method.invoke,"{""class"": ""java.util.Locale"", ""method"": ""readResolve""}"
37945,reflection,Method.invoke,"{""class"": ""java.util.Locale"", ""method"": ""readObject""}"
37945,reflection,Method.invoke,"{""class"": ""java.util.Locale"", ""method"": ""readResolve""}"
37946,reflection,Method.invoke,"{""class"": ""java.util.Locale"", ""method"": ""readObject""}"
37946,reflection,Method.invoke,"{""class"": ""java.util.Locale"", ""method"": ""readResolve""}"
37947,reflection,Method.invoke,"{""class"": ""java.util.Locale"", ""method"": ""readObject""}"
37953,reflection,Method.invoke,"{""class"": ""java.util.Locale"", ""method"": ""readResolve""}"
37955,reflection,Method.invoke,"{""class"": ""java.util.Locale"", ""method"": ""readObject""}"
37956,reflection,Method.invoke,"{""class"": ""java.util.Locale"", ""method"": ""readResolve""}"
37956,reflection,Method.invoke,"{""class"": ""java.util.Locale"", ""method"": ""readObject""}"
37957,reflection,Method.invoke,"{""class"": ""java.util.Locale"", ""method"": ""readResolve""}"
37957,reflection,Method.invoke,"{""class"": ""java.util.Locale"", ""method"": ""readObject""}"
37958,reflection,Method.invoke,"{""class"": ""java.util.Locale"", ""method"": ""readResolve""}"
37959,reflection,Method.invoke,"{""class"": ""java.util.Locale"", ""method"": ""readObject""}"
37959,reflection,Method.invoke,"{""class"": ""java.util.Locale"", ""method"": ""readResolve""}"
37960,reflection,Method.invoke,"{""class"": ""java.util.Locale"", ""method"": ""readObject""}"
37960,reflection,Method.invoke,"{""class"": ""java.util.Locale"", ""method"": ""readResolve""}"
37960,reflection,Method.invoke,"{""class"": ""java.util.Locale"", ""method"": ""readObject""}"
37961,reflection,Method.invoke,"{""class"": ""java.util.Locale"", ""method"": ""readResolve""}"
37961,reflection,Method.invoke,"{""class"": ""java.util.Locale"", ""method"": ""readObject""}"
37962,reflection,Method.invoke,"{""class"": ""java.util.Locale"", ""method"": ""readResolve""}"
37962,reflection,Method.invoke,"{""class"": ""java.util.Locale"", ""method"": ""readObject""}"
37963,reflection,Method.invoke,"{""class"": ""java.util.Locale"", ""method"": ""readResolve""}"
37964,reflection,Method.invoke,"{""class"": ""java.util.Locale"", ""method"": ""readObject""}"
37965,reflection,Method.invoke,"{""class"": ""java.util.Locale"", ""method"": ""readResolve""}"
37965,reflection,Method.invoke,"{""class"": ""java.util.Locale"", ""method"": ""readObject""}"
37966,reflection,Method.invoke,"{""class"": ""java.util.Locale"", ""method"": ""readResolve""}"
37966,reflection,Method.invoke,"{""class"": ""java.util.Locale"", ""method"": ""readObject""}"
37967,reflection,Method.invoke,"{""class"": ""java.util.Locale"", ""method"": ""readResolve""}"
37968,reflection,Method.invoke,"{""class"": ""java.util.Locale"", ""method"": ""readObject""}"
37968,reflection,Method.invoke,"{""class"": ""java.util.Locale"", ""method"": ""readResolve""}"
37969,reflection,Method.invoke,"{""class"": ""java.util.Locale"", ""method"": ""readObject""}"
37969,reflection,Method.invoke,"{""class"": ""java.util.Locale"", ""method"": ""readResolve""}"
37970,reflection,Method.invoke,"{""class"": ""java.util.Locale"", ""method"": ""readObject""}"
37970,reflection,Method.invoke,"{""class"": ""java.util.Locale"", ""method"": ""readResolve""}"
37971,reflection,Method.invoke,"{""class"": ""java.util.Locale"", ""method"": ""readObject""}"
37972,reflection,Method.invoke,"{""class"": ""java.util.Locale"", ""method"": ""readResolve""}"
37972,reflection,Method.invoke,"{""class"": ""java.util.Locale"", ""method"": ""readObject""}"
37973,reflection,Method.invoke,"{""class"": ""java.util.Locale"", ""method"": ""readResolve""}"
37974,reflection,Method.invoke,"{""class"": ""java.util.Locale"", ""method"": ""readObject""}"
37974,reflection,Method.invoke,"{""class"": ""java.util.Locale"", ""method"": ""readResolve""}"
37975,reflection,Method.invoke,"{""class"": ""java.util.Locale"", ""method"": ""readObject""}"
37975,reflection,Method.invoke,"{""class"": ""java.util.Locale"", ""method"": ""readResolve""}"
37976,reflection,Method.invoke,"{""class"": ""java.util.Locale"", ""method"": ""readObject""}"
37976,reflection,Method.invoke,"{""class"": ""java.util.Locale"", ""method"": ""readResolve""}"
37977,reflection,Method.invoke,"{""class"": ""java.util.Locale"", ""method"": ""readObject""}"
37977,reflection,Method.invoke,"{""class"": ""java.util.Locale"", ""method"": ""readResolve""}"
37978,reflection,Method.invoke,"{""class"": ""java.util.Locale"", ""method"": ""readObject""}"
37985,reflection,Method.invoke,"{""class"": ""java.util.Locale"", ""method"": ""readResolve""}"
37986,reflection,Method.invoke,"{""class"": ""java.util.Locale"", ""method"": ""readObject""}"
37986,reflection,Method.invoke,"{""class"": ""java.util.Locale"", ""method"": ""readResolve""}"
37987,reflection,Method.invoke,"{""class"": ""java.util.Locale"", ""method"": ""readObject""}"
37987,reflection,Method.invoke,"{""class"": ""java.util.Locale"", ""method"": ""readResolve""}"
37988,reflection,Method.invoke,"{""class"": ""java.util.Locale"", ""method"": ""readObject""}"
37988,reflection,Method.invoke,"{""class"": ""java.util.Locale"", ""method"": ""readResolve""}"
37989,reflection,Method.invoke,"{""class"": ""java.util.Locale"", ""method"": ""readObject""}"
37989,reflection,Method.invoke,"{""class"": ""java.util.Locale"", ""method"": ""readResolve""}"
37989,reflection,Method.invoke,"{""class"": ""java.util.Locale"", ""method"": ""readObject""}"
37997,reflection,Method.invoke,"{""class"": ""java.util.Locale"", ""method"": ""readResolve""}"
37997,reflection,Method.invoke,"{""class"": ""java.util.Locale"", ""method"": ""readObject""}"
38003,reflection,Method.invoke,"{""class"": ""java.util.Locale"", ""method"": ""readResolve""}"
38004,reflection,Method.invoke,"{""class"": ""java.util.Locale"", ""method"": ""readObject""}"
38005,reflection,Method.invoke,"{""class"": ""java.util.Locale"", ""method"": ""readResolve""}"
38006,reflection,Method.invoke,"{""class"": ""java.util.Locale"", ""method"": ""readObject""}"
38007,reflection,Method.invoke,"{""class"": ""java.util.Locale"", ""method"": ""readResolve""}"
38007,reflection,Method.invoke,"{""class"": ""java.util.Locale"", ""method"": ""readObject""}"
38008,reflection,Method.invoke,"{""class"": ""java.util.Locale"", ""method"": ""readResolve""}"
38009,reflection,Method.invoke,"{""class"": ""java.util.Locale"", ""method"": ""readObject""}"
38009,reflection,Method.invoke,"{""class"": ""java.util.Locale"", ""method"": ""readResolve""}"
38010,reflection,Method.invoke,"{""class"": ""java.util.Locale"", ""method"": ""readObject""}"
38010,reflection,Method.invoke,"{""class"": ""java.util.Locale"", ""method"": ""readResolve""}"
38011,reflection,Method.invoke,"{""class"": ""java.util.Locale"", ""method"": ""readObject""}"
38011,reflection,Method.invoke,"{""class"": ""java.util.Locale"", ""method"": ""readResolve""}"
38012,reflection,Method.invoke,"{""class"": ""java.util.Locale"", ""method"": ""readObject""}"
38012,reflection,Method.invoke,"{""class"": ""java.util.Locale"", ""method"": ""readResolve""}"
38013,reflection,Method.invoke,"{""class"": ""java.util.Locale"", ""method"": ""readObject""}"
38013,reflection,Method.invoke,"{""class"": ""java.util.Locale"", ""method"": ""readResolve""}"
38014,reflection,Method.invoke,"{""class"": ""java.util.Locale"", ""method"": ""readObject""}"
38015,reflection,Method.invoke,"{""class"": ""java.util.Locale"", ""method"": ""readResolve""}"
38015,reflection,Method.invoke,"{""class"": ""java.util.Locale"", ""method"": ""readObject""}"
38015,reflection,Method.invoke,"{""class"": ""java.util.Locale"", ""method"": ""readResolve""}"
38016,reflection,Method.invoke,"{""class"": ""java.util.Locale"", ""method"": ""readObject""}"
38016,reflection,Method.invoke,"{""class"": ""java.util.Locale"", ""method"": ""readResolve""}"
38016,reflection,Method.invoke,"{""class"": ""java.util.Locale"", ""method"": ""readObject""}"
38022,reflection,Method.invoke,"{""class"": ""java.util.Locale"", ""method"": ""readResolve""}"
38022,reflection,Method.invoke,"{""class"": ""java.util.Locale"", ""method"": ""readObject""}"
38023,reflection,Method.invoke,"{""class"": ""java.util.Locale"", ""method"": ""readResolve""}"
38023,reflection,Method.invoke,"{""class"": ""java.util.Locale"", ""method"": ""readObject""}"
38024,reflection,Method.invoke,"{""class"": ""java.util.Locale"", ""method"": ""readResolve""}"
38024,reflection,Method.invoke,"{""class"": ""java.util.Locale"", ""method"": ""readObject""}"
38025,reflection,Method.invoke,"{""class"": ""java.util.Locale"", ""method"": ""readResolve""}"
38025,reflection,Method.invoke,"{""class"": ""java.util.Locale"", ""method"": ""readObject""}"
38025,reflection,Method.invoke,"{""class"": ""java.util.Locale"", ""method"": ""readResolve""}"
38026,reflection,Method.invoke,"{""class"": ""java.util.Locale"", ""method"": ""readObject""}"
38026,reflection,Method.invoke,"{""class"": ""java.util.Locale"", ""method"": ""readResolve""}"
38027,reflection,Method.invoke,"{""class"": ""java.util.Locale"", ""method"": ""readObject""}"
38027,reflection,Method.invoke,"{""class"": ""java.util.Locale"", ""method"": ""readResolve""}"
38028,reflection,Method.invoke,"{""class"": ""java.util.Locale"", ""method"": ""readObject""}"
38028,reflection,Method.invoke,"{""class"": ""java.util.Locale"", ""method"": ""readResolve""}"
38029,reflection,Method.invoke,"{""class"": ""java.util.Locale"", ""method"": ""readObject""}"
38029,reflection,Method.invoke,"{""class"": ""java.util.Locale"", ""method"": ""readResolve""}"
38030,reflection,Method.invoke,"{""class"": ""java.util.Locale"", ""method"": ""readObject""}"
38030,reflection,Method.invoke,"{""class"": ""java.util.Locale"", ""method"": ""readResolve""}"
38033,reflection,Method.invoke,"{""class"": ""java.util.Locale"", ""method"": ""readObject""}"
38033,reflection,Method.invoke,"{""class"": ""java.util.Locale"", ""method"": ""readResolve""}"
38034,reflection,Method.invoke,"{""class"": ""java.util.Locale"", ""method"": ""readObject""}"
38034,reflection,Method.invoke,"{""class"": ""java.util.Locale"", ""method"": ""readResolve""}"
38034,reflection,Method.invoke,"{""class"": ""java.util.Locale"", ""method"": ""readObject""}"
38034,reflection,Method.invoke,"{""class"": ""java.util.Locale"", ""method"": ""readResolve""}"
38035,reflection,Method.invoke,"{""class"": ""java.util.Locale"", ""method"": ""readObject""}"
38035,reflection,Method.invoke,"{""class"": ""java.util.Locale"", ""method"": ""readResolve""}"
38035,reflection,Method.invoke,"{""class"": ""java.util.Locale"", ""method"": ""readObject""}"
38035,reflection,Method.invoke,"{""class"": ""java.util.Locale"", ""method"": ""readResolve""}"
38036,reflection,Method.invoke,"{""class"": ""java.util.Locale"", ""method"": ""readObject""}"
38036,reflection,Method.invoke,"{""class"": ""java.util.Locale"", ""method"": ""readResolve""}"
38037,reflection,Method.invoke,"{""class"": ""java.util.Locale"", ""method"": ""readObject""}"
38037,reflection,Method.invoke,"{""class"": ""java.util.Locale"", ""method"": ""readResolve""}"
38038,reflection,Method.invoke,"{""class"": ""java.util.Locale"", ""method"": ""readObject""}"
38039,reflection,Method.invoke,"{""class"": ""java.util.Locale"", ""method"": ""readResolve""}"
38039,reflection,Method.invoke,"{""class"": ""java.util.Locale"", ""method"": ""readObject""}"
38040,reflection,Method.invoke,"{""class"": ""java.util.Locale"", ""method"": ""readResolve""}"
38040,reflection,Method.invoke,"{""class"": ""java.util.Locale"", ""method"": ""readObject""}"
38040,reflection,Method.invoke,"{""class"": ""java.util.Locale"", ""method"": ""readResolve""}"
38041,reflection,Method.invoke,"{""class"": ""java.util.Locale"", ""method"": ""readObject""}"
38041,reflection,Method.invoke,"{""class"": ""java.util.Locale"", ""method"": ""readResolve""}"
38042,reflection,Method.invoke,"{""class"": ""java.util.Locale"", ""method"": ""readObject""}"
38042,reflection,Method.invoke,"{""class"": ""java.util.Locale"", ""method"": ""readResolve""}"
38043,reflection,Method.invoke,"{""class"": ""java.util.Locale"", ""method"": ""readObject""}"
38043,reflection,Method.invoke,"{""class"": ""java.util.Locale"", ""method"": ""readResolve""}"
38044,reflection,Method.invoke,"{""class"": ""java.util.Locale"", ""method"": ""readObject""}"
38044,reflection,Method.invoke,"{""class"": ""java.util.Locale"", ""method"": ""readResolve""}"
38044,reflection,Method.invoke,"{""class"": ""java.util.Locale"", ""method"": ""readObject""}"
38045,reflection,Method.invoke,"{""class"": ""java.util.Locale"", ""method"": ""readResolve""}"
38045,reflection,Method.invoke,"{""class"": ""java.util.Locale"", ""method"": ""readObject""}"
38045,reflection,Method.invoke,"{""class"": ""java.util.Locale"", ""method"": ""readResolve""}"
38048,reflection,Method.invoke,"{""class"": ""java.util.Locale"", ""method"": ""readObject""}"
38048,reflection,Method.invoke,"{""class"": ""java.util.Locale"", ""method"": ""readResolve""}"
38049,reflection,Method.invoke,"{""class"": ""java.util.Locale"", ""method"": ""readObject""}"
38049,reflection,Method.invoke,"{""class"": ""java.util.Locale"", ""method"": ""readResolve""}"
38049,reflection,Method.invoke,"{""class"": ""java.util.Locale"", ""method"": ""readObject""}"
38049,reflection,Method.invoke,"{""class"": ""java.util.Locale"", ""method"": ""readResolve""}"
38050,reflection,Method.invoke,"{""class"": ""java.util.Locale"", ""method"": ""readObject""}"
38050,reflection,Method.invoke,"{""class"": ""java.util.Locale"", ""method"": ""readResolve""}"
38051,reflection,Method.invoke,"{""class"": ""java.util.Locale"", ""method"": ""readObject""}"
38051,reflection,Method.invoke,"{""class"": ""java.util.Locale"", ""method"": ""readResolve""}"
38051,reflection,Method.invoke,"{""class"": ""java.util.Locale"", ""method"": ""readObject""}"
38051,reflection,Method.invoke,"{""class"": ""java.util.Locale"", ""method"": ""readResolve""}"
38052,reflection,Method.invoke,"{""class"": ""java.util.Locale"", ""method"": ""readObject""}"
38053,reflection,Method.invoke,"{""class"": ""java.util.Locale"", ""method"": ""readResolve""}"
38053,reflection,Method.invoke,"{""class"": ""java.util.Locale"", ""method"": ""readObject""}"
38054,reflection,Method.invoke,"{""class"": ""java.util.Locale"", ""method"": ""readResolve""}"
38054,reflection,Method.invoke,"{""class"": ""java.util.Locale"", ""method"": ""readObject""}"
38055,reflection,Method.invoke,"{""class"": ""java.util.Locale"", ""method"": ""readResolve""}"
38055,reflection,Method.invoke,"{""class"": ""java.util.Locale"", ""method"": ""readObject""}"
38056,reflection,Method.invoke,"{""class"": ""java.util.Locale"", ""method"": ""readResolve""}"
38056,reflection,Method.invoke,"{""class"": ""java.util.Locale"", ""method"": ""readObject""}"
38056,reflection,Method.invoke,"{""class"": ""java.util.Locale"", ""method"": ""readResolve""}"
38057,reflection,Method.invoke,"{""class"": ""java.util.Locale"", ""method"": ""readObject""}"
38058,reflection,Method.invoke,"{""class"": ""java.util.Locale"", ""method"": ""readResolve""}"
38058,reflection,Method.invoke,"{""class"": ""java.util.Locale"", ""method"": ""readObject""}"
38058,reflection,Method.invoke,"{""class"": ""java.util.Locale"", ""method"": ""readResolve""}"
38059,reflection,Method.invoke,"{""class"": ""java.util.Locale"", ""method"": ""readObject""}"
38060,reflection,Method.invoke,"{""class"": ""java.util.Locale"", ""method"": ""readResolve""}"
38060,reflection,Method.invoke,"{""class"": ""java.util.Locale"", ""method"": ""readObject""}"
38060,reflection,Method.invoke,"{""class"": ""java.util.Locale"", ""method"": ""readResolve""}"
38061,reflection,Method.invoke,"{""class"": ""java.util.Locale"", ""method"": ""readObject""}"
38061,reflection,Method.invoke,"{""class"": ""java.util.Locale"", ""method"": ""readResolve""}"
38061,reflection,Method.invoke,"{""class"": ""java.util.Locale"", ""method"": ""readObject""}"
38062,reflection,Method.invoke,"{""class"": ""java.util.Locale"", ""method"": ""readResolve""}"
38063,reflection,Method.invoke,"{""class"": ""java.util.Locale"", ""method"": ""readObject""}"
38064,reflection,Method.invoke,"{""class"": ""java.util.Locale"", ""method"": ""readResolve""}"
38064,reflection,Method.invoke,"{""class"": ""java.util.Locale"", ""method"": ""readObject""}"
38067,reflection,Method.invoke,"{""class"": ""java.util.Locale"", ""method"": ""readResolve""}"
38067,reflection,Method.invoke,"{""class"": ""java.util.Locale"", ""method"": ""readObject""}"
38067,reflection,Method.invoke,"{""class"": ""java.util.Locale"", ""method"": ""readResolve""}"
38068,reflection,Method.invoke,"{""class"": ""java.util.Locale"", ""method"": ""readObject""}"
38068,reflection,Method.invoke,"{""class"": ""java.util.Locale"", ""method"": ""readResolve""}"
38069,reflection,Method.invoke,"{""class"": ""java.util.Locale"", ""method"": ""readObject""}"
38070,reflection,Method.invoke,"{""class"": ""java.util.Locale"", ""method"": ""readResolve""}"
38070,reflection,Method.invoke,"{""class"": ""java.util.Locale"", ""method"": ""readObject""}"
38071,reflection,Method.invoke,"{""class"": ""java.util.Locale"", ""method"": ""readResolve""}"
38071,reflection,Method.invoke,"{""class"": ""java.util.Locale"", ""method"": ""readObject""}"
38072,reflection,Method.invoke,"{""class"": ""java.util.Locale"", ""method"": ""readResolve""}"
38072,reflection,Method.invoke,"{""class"": ""java.util.Locale"", ""method"": ""readObject""}"
38073,reflection,Method.invoke,"{""class"": ""java.util.Locale"", ""method"": ""readResolve""}"
38073,reflection,Method.invoke,"{""class"": ""java.util.Locale"", ""method"": ""readObject""}"
38074,reflection,Method.invoke,"{""class"": ""java.util.Locale"", ""method"": ""readResolve""}"
38075,reflection,Method.invoke,"{""class"": ""java.util.Locale"", ""method"": ""readObject""}"
38075,reflection,Method.invoke,"{""class"": ""java.util.Locale"", ""method"": ""readResolve""}"
38076,reflection,Method.invoke,"{""class"": ""java.util.Locale"", ""method"": ""readObject""}"
38076,reflection,Method.invoke,"{""class"": ""java.util.Locale"", ""method"": ""readResolve""}"
38077,reflection,Method.invoke,"{""class"": ""java.util.Locale"", ""method"": ""readObject""}"
38077,reflection,Method.invoke,"{""class"": ""java.util.Locale"", ""method"": ""readResolve""}"
38078,reflection,Method.invoke,"{""class"": ""java.util.Locale"", ""method"": ""readObject""}"
38078,reflection,Method.invoke,"{""class"": ""java.util.Locale"", ""method"": ""readResolve""}"
38079,reflection,Method.invoke,"{""class"": ""java.util.Locale"", ""method"": ""readObject""}"
38079,reflection,Method.invoke,"{""class"": ""java.util.Locale"", ""method"": ""readResolve""}"
38081,reflection,Method.invoke,"{""class"": ""java.util.Locale"", ""method"": ""readObject""}"
38082,reflection,Method.invoke,"{""class"": ""java.util.Locale"", ""method"": ""readResolve""}"
38085,reflection,Method.invoke,"{""class"": ""java.util.Locale"", ""method"": ""readObject""}"
38085,reflection,Method.invoke,"{""class"": ""java.util.Locale"", ""method"": ""readResolve""}"
38085,reflection,Method.invoke,"{""class"": ""java.util.Locale"", ""method"": ""readObject""}"
38086,reflection,Method.invoke,"{""class"": ""java.util.Locale"", ""method"": ""readResolve""}"
38086,reflection,Method.invoke,"{""class"": ""java.util.Locale"", ""method"": ""readObject""}"
38087,reflection,Method.invoke,"{""class"": ""java.util.Locale"", ""method"": ""readResolve""}"
38087,reflection,Method.invoke,"{""class"": ""java.util.Locale"", ""method"": ""readObject""}"
38088,reflection,Method.invoke,"{""class"": ""java.util.Locale"", ""method"": ""readResolve""}"
38088,reflection,Method.invoke,"{""class"": ""java.util.Locale"", ""method"": ""readObject""}"
38089,reflection,Method.invoke,"{""class"": ""java.util.Locale"", ""method"": ""readResolve""}"
38089,reflection,Method.invoke,"{""class"": ""java.util.Locale"", ""method"": ""readObject""}"
38090,reflection,Method.invoke,"{""class"": ""java.util.Locale"", ""method"": ""readResolve""}"
38090,reflection,Method.invoke,"{""class"": ""java.util.Locale"", ""method"": ""readObject""}"
38091,reflection,Method.invoke,"{""class"": ""java.util.Locale"", ""method"": ""readResolve""}"
38091,reflection,Method.invoke,"{""class"": ""java.util.Locale"", ""method"": ""readObject""}"
38092,reflection,Method.invoke,"{""class"": ""java.util.Locale"", ""method"": ""readResolve""}"
38092,reflection,Method.invoke,"{""class"": ""java.util.Locale"", ""method"": ""readObject""}"
38093,reflection,Method.invoke,"{""class"": ""java.util.Locale"", ""method"": ""readResolve""}"
38094,reflection,Method.invoke,"{""class"": ""java.util.Locale"", ""method"": ""readObject""}"
38095,reflection,Method.invoke,"{""class"": ""java.util.Locale"", ""method"": ""readResolve""}"
38095,reflection,Method.invoke,"{""class"": ""java.util.Locale"", ""method"": ""readObject""}"
38096,reflection,Method.invoke,"{""class"": ""java.util.Locale"", ""method"": ""readResolve""}"
38097,reflection,Method.invoke,"{""class"": ""java.util.Locale"", ""method"": ""readObject""}"
38098,reflection,Method.invoke,"{""class"": ""java.util.Locale"", ""method"": ""readResolve""}"
38099,reflection,Method.invoke,"{""class"": ""java.util.Locale"", ""method"": ""readObject""}"
38099,reflection,Method.invoke,"{""class"": ""java.util.Locale"", ""method"": ""readResolve""}"
38100,reflection,Method.invoke,"{""class"": ""java.util.Locale"", ""method"": ""readObject""}"
38100,reflection,Method.invoke,"{""class"": ""java.util.Locale"", ""method"": ""readResolve""}"
38100,reflection,Method.invoke,"{""class"": ""java.util.Locale"", ""method"": ""readObject""}"
38101,reflection,Method.invoke,"{""class"": ""java.util.Locale"", ""method"": ""readResolve""}"
38102,reflection,Method.invoke,"{""class"": ""java.util.Locale"", ""method"": ""readObject""}"
38102,reflection,Method.invoke,"{""class"": ""java.util.Locale"", ""method"": ""readResolve""}"
38102,reflection,Method.invoke,"{""class"": ""java.util.Locale"", ""method"": ""readObject""}"
38103,reflection,Method.invoke,"{""class"": ""java.util.Locale"", ""method"": ""readResolve""}"
38103,reflection,Method.invoke,"{""class"": ""java.util.Locale"", ""method"": ""readObject""}"
38104,reflection,Method.invoke,"{""class"": ""java.util.Locale"", ""method"": ""readResolve""}"
38104,reflection,Method.invoke,"{""class"": ""java.util.Locale"", ""method"": ""readObject""}"
38105,reflection,Method.invoke,"{""class"": ""java.util.Locale"", ""method"": ""readResolve""}"
38105,reflection,Method.invoke,"{""class"": ""java.util.Locale"", ""method"": ""readObject""}"
38106,reflection,Method.invoke,"{""class"": ""java.util.Locale"", ""method"": ""readResolve""}"
38106,reflection,Method.invoke,"{""class"": ""java.util.Locale"", ""method"": ""readObject""}"
38106,reflection,Method.invoke,"{""class"": ""java.util.Locale"", ""method"": ""readResolve""}"
38107,reflection,Method.invoke,"{""class"": ""java.util.Locale"", ""method"": ""readObject""}"
38107,reflection,Method.invoke,"{""class"": ""java.util.Locale"", ""method"": ""readResolve""}"
38108,reflection,Method.invoke,"{""class"": ""java.util.Locale"", ""method"": ""readObject""}"
38109,reflection,Method.invoke,"{""class"": ""java.util.Locale"", ""method"": ""readResolve""}"
38109,reflection,Method.invoke,"{""class"": ""java.util.Locale"", ""method"": ""readObject""}"
38110,reflection,Method.invoke,"{""class"": ""java.util.Locale"", ""method"": ""readResolve""}"
38110,reflection,Method.invoke,"{""class"": ""java.util.Locale"", ""method"": ""readObject""}"
38111,reflection,Method.invoke,"{""class"": ""java.util.Locale"", ""method"": ""readResolve""}"
38111,reflection,Method.invoke,"{""class"": ""java.util.Locale"", ""method"": ""readObject""}"
38112,reflection,Method.invoke,"{""class"": ""java.util.Locale"", ""method"": ""readResolve""}"
38112,reflection,Method.invoke,"{""class"": ""java.util.Locale"", ""method"": ""readObject""}"
38112,reflection,Method.invoke,"{""class"": ""java.util.Locale"", ""method"": ""readResolve""}"
38113,reflection,Method.invoke,"{""class"": ""java.util.Locale"", ""method"": ""readObject""}"
38116,reflection,Method.invoke,"{""class"": ""java.util.Locale"", ""method"": ""readResolve""}"
38116,reflection,Method.invoke,"{""class"": ""java.util.Locale"", ""method"": ""readObject""}"
38117,reflection,Method.invoke,"{""class"": ""java.util.Locale"", ""method"": ""readResolve""}"
38117,reflection,Method.invoke,"{""class"": ""java.util.Locale"", ""method"": ""readObject""}"
38118,reflection,Method.invoke,"{""class"": ""java.util.Locale"", ""method"": ""readResolve""}"
38118,reflection,Method.invoke,"{""class"": ""java.util.Locale"", ""method"": ""readObject""}"
38119,reflection,Method.invoke,"{""class"": ""java.util.Locale"", ""method"": ""readResolve""}"
38119,reflection,Method.invoke,"{""class"": ""java.util.Locale"", ""method"": ""readObject""}"
38120,reflection,Method.invoke,"{""class"": ""java.util.Locale"", ""method"": ""readResolve""}"
38120,reflection,Method.invoke,"{""class"": ""java.util.Locale"", ""method"": ""readObject""}"
38120,reflection,Method.invoke,"{""class"": ""java.util.Locale"", ""method"": ""readResolve""}"
38121,reflection,Method.invoke,"{""class"": ""java.util.Locale"", ""method"": ""readObject""}"
38121,reflection,Method.invoke,"{""class"": ""java.util.Locale"", ""method"": ""readResolve""}"
38122,reflection,Method.invoke,"{""class"": ""java.util.Locale"", ""method"": ""readObject""}"
38122,reflection,Method.invoke,"{""class"": ""java.util.Locale"", ""method"": ""readResolve""}"
38123,reflection,Method.invoke,"{""class"": ""java.util.Locale"", ""method"": ""readObject""}"
38123,reflection,Method.invoke,"{""class"": ""java.util.Locale"", ""method"": ""readResolve""}"
38124,reflection,Method.invoke,"{""class"": ""java.util.Locale"", ""method"": ""readObject""}"
38124,reflection,Method.invoke,"{""class"": ""java.util.Locale"", ""method"": ""readResolve""}"
38125,reflection,Method.invoke,"{""class"": ""java.util.Locale"", ""method"": ""readObject""}"
38126,reflection,Method.invoke,"{""class"": ""java.util.Locale"", ""method"": ""readResolve""}"
38127,reflection,Method.invoke,"{""class"": ""java.util.Locale"", ""method"": ""readObject""}"
38127,reflection,Method.invoke,"{""class"": ""java.util.Locale"", ""method"": ""readResolve""}"
38128,reflection,Method.invoke,"{""class"": ""java.util.Locale"", ""method"": ""readObject""}"
38128,reflection,Method.invoke,"{""class"": ""java.util.Locale"", ""method"": ""readResolve""}"
38128,reflection,Method.invoke,"{""class"": ""java.util.Locale"", ""method"": ""readObject""}"
38129,reflection,Method.invoke,"{""class"": ""java.util.Locale"", ""method"": ""readResolve""}"
38130,reflection,Method.invoke,"{""class"": ""java.util.Locale"", ""method"": ""readObject""}"
38130,reflection,Method.invoke,"{""class"": ""java.util.Locale"", ""method"": ""readResolve""}"
38131,reflection,Method.invoke,"{""class"": ""java.util.Locale"", ""method"": ""readObject""}"
38131,reflection,Method.invoke,"{""class"": ""java.util.Locale"", ""method"": ""readResolve""}"
38131,reflection,Method.invoke,"{""class"": ""java.util.Locale"", ""method"": ""readObject""}"
38131,reflection,Method.invoke,"{""class"": ""java.util.Locale"", ""method"": ""readResolve""}"
38132,reflection,Method.invoke,"{""class"": ""java.util.Locale"", ""method"": ""readObject""}"
38132,reflection,Method.invoke,"{""class"": ""java.util.Locale"", ""method"": ""readResolve""}"
38132,reflection,Method.invoke,"{""class"": ""java.util.Locale"", ""method"": ""readObject""}"
38132,reflection,Method.invoke,"{""class"": ""java.util.Locale"", ""method"": ""readResolve""}"
38133,reflection,Method.invoke,"{""class"": ""java.util.Locale"", ""method"": ""readObject""}"
38133,reflection,Method.invoke,"{""class"": ""java.util.Locale"", ""method"": ""readResolve""}"
38134,reflection,Method.invoke,"{""class"": ""java.util.Locale"", ""method"": ""readObject""}"
38134,reflection,Method.invoke,"{""class"": ""java.util.Locale"", ""method"": ""readResolve""}"
38135,reflection,Method.invoke,"{""class"": ""java.util.Locale"", ""method"": ""readObject""}"
38135,reflection,Method.invoke,"{""class"": ""java.util.Locale"", ""method"": ""readResolve""}"
38135,reflection,Method.invoke,"{""class"": ""java.util.Locale"", ""method"": ""readObject""}"
38136,reflection,Method.invoke,"{""class"": ""java.util.Locale"", ""method"": ""readResolve""}"
38137,reflection,Method.invoke,"{""class"": ""java.util.Locale"", ""method"": ""readObject""}"
38137,reflection,Method.invoke,"{""class"": ""java.util.Locale"", ""method"": ""readResolve""}"
38137,reflection,Method.invoke,"{""class"": ""java.util.Locale"", ""method"": ""readObject""}"
38138,reflection,Method.invoke,"{""class"": ""java.util.Locale"", ""method"": ""readResolve""}"
38138,reflection,Method.invoke,"{""class"": ""java.util.Locale"", ""method"": ""readObject""}"
38139,reflection,Method.invoke,"{""class"": ""java.util.Locale"", ""method"": ""readResolve""}"
38139,reflection,Method.invoke,"{""class"": ""java.util.Locale"", ""method"": ""readObject""}"
38140,reflection,Method.invoke,"{""class"": ""java.util.Locale"", ""method"": ""readResolve""}"
38140,reflection,Method.invoke,"{""class"": ""java.util.Locale"", ""method"": ""readObject""}"
38141,reflection,Method.invoke,"{""class"": ""java.util.Locale"", ""method"": ""readResolve""}"
38141,reflection,Method.invoke,"{""class"": ""java.util.Locale"", ""method"": ""readObject""}"
38142,reflection,Method.invoke,"{""class"": ""java.util.Locale"", ""method"": ""readResolve""}"
38142,reflection,Method.invoke,"{""class"": ""java.util.Locale"", ""method"": ""readObject""}"
38143,reflection,Method.invoke,"{""class"": ""java.util.Locale"", ""method"": ""readResolve""}"
38143,reflection,Method.invoke,"{""class"": ""java.util.Locale"", ""method"": ""readObject""}"
38144,reflection,Method.invoke,"{""class"": ""java.util.Locale"", ""method"": ""readResolve""}"
38144,reflection,Method.invoke,"{""class"": ""java.util.Locale"", ""method"": ""readObject""}"
38145,reflection,Method.invoke,"{""class"": ""java.util.Locale"", ""method"": ""readResolve""}"
38145,reflection,Method.invoke,"{""class"": ""java.util.Locale"", ""method"": ""readObject""}"
38146,reflection,Method.invoke,"{""class"": ""java.util.Locale"", ""method"": ""readResolve""}"
38147,reflection,Method.invoke,"{""class"": ""java.util.Locale"", ""method"": ""readObject""}"
38147,reflection,Method.invoke,"{""class"": ""java.util.Locale"", ""method"": ""readResolve""}"
38147,reflection,Method.invoke,"{""class"": ""java.util.Locale"", ""method"": ""readObject""}"
38148,reflection,Method.invoke,"{""class"": ""java.util.Locale"", ""method"": ""readResolve""}"
38148,reflection,Method.invoke,"{""class"": ""java.util.Locale"", ""method"": ""readObject""}"
38149,reflection,Method.invoke,"{""class"": ""java.util.Locale"", ""method"": ""readResolve""}"
38149,reflection,Method.invoke,"{""class"": ""java.util.Locale"", ""method"": ""readObject""}"
38149,reflection,Method.invoke,"{""class"": ""java.util.Locale"", ""method"": ""readResolve""}"
38150,reflection,Method.invoke,"{""class"": ""java.util.Locale"", ""method"": ""readObject""}"
38151,reflection,Method.invoke,"{""class"": ""java.util.Locale"", ""method"": ""readResolve""}"
38151,reflection,Method.invoke,"{""class"": ""java.util.Locale"", ""method"": ""readObject""}"
38152,reflection,Method.invoke,"{""class"": ""java.util.Locale"", ""method"": ""readResolve""}"
38152,reflection,Method.invoke,"{""class"": ""java.util.Locale"", ""method"": ""readObject""}"
38153,reflection,Method.invoke,"{""class"": ""java.util.Locale"", ""method"": ""readResolve""}"
38153,reflection,Method.invoke,"{""class"": ""java.util.Locale"", ""method"": ""readObject""}"
38154,reflection,Method.invoke,"{""class"": ""java.util.Locale"", ""method"": ""readResolve""}"
38154,reflection,Method.invoke,"{""class"": ""java.util.Locale"", ""method"": ""readObject""}"
38155,reflection,Method.invoke,"{""class"": ""java.util.Locale"", ""method"": ""readResolve""}"
38156,reflection,Method.invoke,"{""class"": ""java.util.Locale"", ""method"": ""readObject""}"
38156,reflection,Method.invoke,"{""class"": ""java.util.Locale"", ""method"": ""readResolve""}"
38156,reflection,Method.invoke,"{""class"": ""java.util.Locale"", ""method"": ""readObject""}"
38157,reflection,Method.invoke,"{""class"": ""java.util.Locale"", ""method"": ""readResolve""}"
38157,reflection,Method.invoke,"{""class"": ""java.util.Locale"", ""method"": ""readObject""}"
38158,reflection,Method.invoke,"{""class"": ""java.util.Locale"", ""method"": ""readResolve""}"
38158,reflection,Method.invoke,"{""class"": ""java.util.Locale"", ""method"": ""readObject""}"
38158,reflection,Method.invoke,"{""class"": ""java.util.Locale"", ""method"": ""readResolve""}"
38159,reflection,Method.invoke,"{""class"": ""java.util.Locale"", ""method"": ""readObject""}"
38159,reflection,Method.invoke,"{""class"": ""java.util.Locale"", ""method"": ""readResolve""}"
38160,reflection,Method.invoke,"{""class"": ""java.util.Locale"", ""method"": ""readObject""}"
38160,reflection,Method.invoke,"{""class"": ""java.util.Locale"", ""method"": ""readResolve""}"
38161,reflection,Method.invoke,"{""class"": ""java.util.Locale"", ""method"": ""readObject""}"
38161,reflection,Method.invoke,"{""class"": ""java.util.Locale"", ""method"": ""readResolve""}"
38162,reflection,Method.invoke,"{""class"": ""java.util.Locale"", ""method"": ""readObject""}"
38162,reflection,Method.invoke,"{""class"": ""java.util.Locale"", ""method"": ""readResolve""}"
38163,reflection,Method.invoke,"{""class"": ""java.util.Locale"", ""method"": ""readObject""}"
38163,reflection,Method.invoke,"{""class"": ""java.util.Locale"", ""method"": ""readResolve""}"
38164,reflection,Method.invoke,"{""class"": ""java.util.Locale"", ""method"": ""readObject""}"
38164,reflection,Method.invoke,"{""class"": ""java.util.Locale"", ""method"": ""readResolve""}"
38165,reflection,Method.invoke,"{""class"": ""java.util.Locale"", ""method"": ""readObject""}"
38165,reflection,Method.invoke,"{""class"": ""java.util.Locale"", ""method"": ""readResolve""}"
38166,reflection,Method.invoke,"{""class"": ""java.util.Locale"", ""method"": ""readObject""}"
38166,reflection,Method.invoke,"{""class"": ""java.util.Locale"", ""method"": ""readResolve""}"
38167,reflection,Method.invoke,"{""class"": ""java.util.Locale"", ""method"": ""readObject""}"
38167,reflection,Method.invoke,"{""class"": ""java.util.Locale"", ""method"": ""readResolve""}"
38167,reflection,Method.invoke,"{""class"": ""java.util.Locale"", ""method"": ""readObject""}"
38168,reflection,Method.invoke,"{""class"": ""java.util.Locale"", ""method"": ""readResolve""}"
38168,reflection,Method.invoke,"{""class"": ""java.util.Locale"", ""method"": ""readObject""}"
38169,reflection,Method.invoke,"{""class"": ""java.util.Locale"", ""method"": ""readResolve""}"
38169,reflection,Method.invoke,"{""class"": ""java.util.Locale"", ""method"": ""readObject""}"
38170,reflection,Method.invoke,"{""class"": ""java.util.Locale"", ""method"": ""readResolve""}"
38171,reflection,Method.invoke,"{""class"": ""java.util.Locale"", ""method"": ""readObject""}"
38171,reflection,Method.invoke,"{""class"": ""java.util.Locale"", ""method"": ""readResolve""}"
38172,reflection,Method.invoke,"{""class"": ""java.util.Locale"", ""method"": ""readObject""}"
38172,reflection,Method.invoke,"{""class"": ""java.util.Locale"", ""method"": ""readResolve""}"
38172,reflection,Method.invoke,"{""class"": ""java.util.Locale"", ""method"": ""readObject""}"
38173,reflection,Method.invoke,"{""class"": ""java.util.Locale"", ""method"": ""readResolve""}"
38174,reflection,Method.invoke,"{""class"": ""java.util.Locale"", ""method"": ""readObject""}"
38174,reflection,Method.invoke,"{""class"": ""java.util.Locale"", ""method"": ""readResolve""}"
38187,reflection,Method.invoke,"{""class"": ""java.util.Locale"", ""method"": ""readObject""}"
38205,reflection,Method.invoke,"{""class"": ""java.util.Locale"", ""method"": ""readResolve""}"
38218,reflection,Method.invoke,"{""class"": ""java.util.Locale"", ""method"": ""readObject""}"
38231,reflection,Method.invoke,"{""class"": ""java.util.Locale"", ""method"": ""readResolve""}"
38239,reflection,Method.invoke,"{""class"": ""java.util.Locale"", ""method"": ""readObject""}"
38245,reflection,Method.invoke,"{""class"": ""java.util.Locale"", ""method"": ""readResolve""}"
38252,reflection,Method.invoke,"{""class"": ""java.util.Locale"", ""method"": ""readObject""}"
38258,reflection,Method.invoke,"{""class"": ""java.util.Locale"", ""method"": ""readResolve""}"
38265,reflection,Method.invoke,"{""class"": ""java.util.Locale"", ""method"": ""readObject""}"
38271,reflection,Method.invoke,"{""class"": ""java.util.Locale"", ""method"": ""readResolve""}"
38278,reflection,Method.invoke,"{""class"": ""java.util.Locale"", ""method"": ""readObject""}"
38284,reflection,Method.invoke,"{""class"": ""java.util.Locale"", ""method"": ""readResolve""}"
38291,reflection,Method.invoke,"{""class"": ""java.util.Locale"", ""method"": ""readObject""}"
38297,reflection,Method.invoke,"{""class"": ""java.util.Locale"", ""method"": ""readResolve""}"
38303,reflection,Method.invoke,"{""class"": ""java.util.Locale"", ""method"": ""readObject""}"
38310,reflection,Method.invoke,"{""class"": ""java.util.Locale"", ""method"": ""readResolve""}"
38317,reflection,Method.invoke,"{""class"": ""java.util.Locale"", ""method"": ""readObject""}"
38323,reflection,Method.invoke,"{""class"": ""java.util.Locale"", ""method"": ""readResolve""}"
38329,reflection,Method.invoke,"{""class"": ""java.util.Locale"", ""method"": ""readObject""}"
38335,reflection,Method.invoke,"{""class"": ""java.util.Locale"", ""method"": ""readResolve""}"
38342,reflection,Method.invoke,"{""class"": ""java.util.Locale"", ""method"": ""readObject""}"
38348,reflection,Method.invoke,"{""class"": ""java.util.Locale"", ""method"": ""readResolve""}"
38355,reflection,Method.invoke,"{""class"": ""java.util.Locale"", ""method"": ""readObject""}"
38361,reflection,Method.invoke,"{""class"": ""java.util.Locale"", ""method"": ""readResolve""}"
38368,reflection,Method.invoke,"{""class"": ""java.util.Locale"", ""method"": ""readObject""}"
38375,reflection,Method.invoke,"{""class"": ""java.util.Locale"", ""method"": ""readResolve""}"
38382,reflection,Method.invoke,"{""class"": ""java.util.Locale"", ""method"": ""readObject""}"
38390,reflection,Method.invoke,"{""class"": ""java.util.Locale"", ""method"": ""readResolve""}"
38398,reflection,Method.invoke,"{""class"": ""java.util.Locale"", ""method"": ""readObject""}"
38405,reflection,Method.invoke,"{""class"": ""java.util.Locale"", ""method"": ""readResolve""}"
38418,reflection,Method.invoke,"{""class"": ""java.util.Locale"", ""method"": ""readObject""}"
38424,reflection,Method.invoke,"{""class"": ""java.util.Locale"", ""method"": ""readResolve""}"
38431,reflection,Method.invoke,"{""class"": ""java.util.Locale"", ""method"": ""readObject""}"
38438,reflection,Method.invoke,"{""class"": ""java.util.Locale"", ""method"": ""readResolve""}"
38445,reflection,Method.invoke,"{""class"": ""java.util.Locale"", ""method"": ""readObject""}"
38456,reflection,Method.invoke,"{""class"": ""java.util.Locale"", ""method"": ""readResolve""}"
38463,reflection,Method.invoke,"{""class"": ""java.util.Locale"", ""method"": ""readObject""}"
38469,reflection,Method.invoke,"{""class"": ""java.util.Locale"", ""method"": ""readResolve""}"
38481,reflection,Method.invoke,"{""class"": ""java.util.Locale"", ""method"": ""readObject""}"
38487,reflection,Method.invoke,"{""class"": ""java.util.Locale"", ""method"": ""readResolve""}"
38493,reflection,Method.invoke,"{""class"": ""java.util.Locale"", ""method"": ""readObject""}"
38504,reflection,Method.invoke,"{""class"": ""java.util.Locale"", ""method"": ""readResolve""}"
38511,reflection,Method.invoke,"{""class"": ""java.util.Locale"", ""method"": ""readObject""}"
38517,reflection,Method.invoke,"{""class"": ""java.util.Locale"", ""method"": ""readResolve""}"
38524,reflection,Method.invoke,"{""class"": ""java.util.Locale"", ""method"": ""readObject""}"
38535,reflection,Method.invoke,"{""class"": ""java.util.Locale"", ""method"": ""readResolve""}"
38542,reflection,Method.invoke,"{""class"": ""java.util.Locale"", ""method"": ""readObject""}"
38548,reflection,Method.invoke,"{""class"": ""java.util.Locale"", ""method"": ""readResolve""}"
38554,reflection,Method.invoke,"{""class"": ""java.util.Locale"", ""method"": ""readObject""}"
38560,reflection,Method.invoke,"{""class"": ""java.util.Locale"", ""method"": ""readResolve""}"
38567,reflection,Method.invoke,"{""class"": ""java.util.Locale"", ""method"": ""readObject""}"
38574,reflection,Method.invoke,"{""class"": ""java.util.Locale"", ""method"": ""readResolve""}"
38581,reflection,Method.invoke,"{""class"": ""java.util.Locale"", ""method"": ""readObject""}"
38587,reflection,Method.invoke,"{""class"": ""java.util.Locale"", ""method"": ""readResolve""}"
38594,reflection,Method.invoke,"{""class"": ""java.util.Locale"", ""method"": ""readObject""}"
38601,reflection,Method.invoke,"{""class"": ""java.util.Locale"", ""method"": ""readResolve""}"
38607,reflection,Method.invoke,"{""class"": ""java.util.Locale"", ""method"": ""readObject""}"
38613,reflection,Method.invoke,"{""class"": ""java.util.Locale"", ""method"": ""readResolve""}"
38621,reflection,Method.invoke,"{""class"": ""java.util.Locale"", ""method"": ""readObject""}"
38632,reflection,Method.invoke,"{""class"": ""java.util.Locale"", ""method"": ""readResolve""}"
38639,reflection,Method.invoke,"{""class"": ""java.util.Locale"", ""method"": ""readObject""}"
38645,reflection,Method.invoke,"{""class"": ""java.util.Locale"", ""method"": ""readResolve""}"
38652,reflection,Method.invoke,"{""class"": ""java.util.Locale"", ""method"": ""readObject""}"
38658,reflection,Method.invoke,"{""class"": ""java.util.Locale"", ""method"": ""readResolve""}"
38665,reflection,Method.invoke,"{""class"": ""java.util.Locale"", ""method"": ""readObject""}"
38671,reflection,Method.invoke,"{""class"": ""java.util.Locale"", ""method"": ""readResolve""}"
38678,reflection,Method.invoke,"{""class"": ""java.util.Locale"", ""method"": ""readObject""}"
38684,reflection,Method.invoke,"{""class"": ""java.util.Locale"", ""method"": ""readResolve""}"
38691,reflection,Method.invoke,"{""class"": ""java.util.Locale"", ""method"": ""readObject""}"
38697,reflection,Method.invoke,"{""class"": ""java.util.Locale"", ""method"": ""readResolve""}"
38709,reflection,Method.invoke,"{""class"": ""java.util.Locale"", ""method"": ""readObject""}"
38715,reflection,Method.invoke,"{""class"": ""java.util.Locale"", ""method"": ""readResolve""}"
38721,reflection,Method.invoke,"{""class"": ""java.util.Locale"", ""method"": ""readObject""}"
38727,reflection,Method.invoke,"{""class"": ""java.util.Locale"", ""method"": ""readResolve""}"
38738,reflection,Method.invoke,"{""class"": ""java.util.Locale"", ""method"": ""readObject""}"
38745,reflection,Method.invoke,"{""class"": ""java.util.Locale"", ""method"": ""readResolve""}"
38752,reflection,Method.invoke,"{""class"": ""java.util.Locale"", ""method"": ""readObject""}"
38758,reflection,Method.invoke,"{""class"": ""java.util.Locale"", ""method"": ""readResolve""}"
38765,reflection,Method.invoke,"{""class"": ""java.util.Locale"", ""method"": ""readObject""}"
38771,reflection,Method.invoke,"{""class"": ""java.util.Locale"", ""method"": ""readResolve""}"
38778,reflection,Method.invoke,"{""class"": ""java.util.Locale"", ""method"": ""readObject""}"
38789,reflection,Method.invoke,"{""class"": ""java.util.Locale"", ""method"": ""readResolve""}"
38795,reflection,Method.invoke,"{""class"": ""java.util.Locale"", ""method"": ""readObject""}"
38801,reflection,Method.invoke,"{""class"": ""java.util.Locale"", ""method"": ""readResolve""}"
38808,reflection,Method.invoke,"{""class"": ""java.util.Locale"", ""method"": ""readObject""}"
38814,reflection,Method.invoke,"{""class"": ""java.util.Locale"", ""method"": ""readResolve""}"
38821,reflection,Method.invoke,"{""class"": ""java.util.Locale"", ""method"": ""readObject""}"
38831,reflection,Method.invoke,"{""class"": ""java.util.Locale"", ""method"": ""readResolve""}"
38839,reflection,Method.invoke,"{""class"": ""java.util.Locale"", ""method"": ""readObject""}"
38845,reflection,Method.invoke,"{""class"": ""java.util.Locale"", ""method"": ""readResolve""}"
38852,reflection,Method.invoke,"{""class"": ""java.util.Locale"", ""method"": ""readObject""}"
38858,reflection,Method.invoke,"{""class"": ""java.util.Locale"", ""method"": ""readResolve""}"
38865,reflection,Method.invoke,"{""class"": ""java.util.Locale"", ""method"": ""readObject""}"
38871,reflection,Method.invoke,"{""class"": ""java.util.Locale"", ""method"": ""readResolve""}"
38878,reflection,Method.invoke,"{""class"": ""java.util.Locale"", ""method"": ""readObject""}"
38884,reflection,Method.invoke,"{""class"": ""java.util.Locale"", ""method"": ""readResolve""}"
38891,reflection,Method.invoke,"{""class"": ""java.util.Locale"", ""method"": ""readObject""}"
38897,reflection,Method.invoke,"{""class"": ""java.util.Locale"", ""method"": ""readResolve""}"
38904,reflection,Method.invoke,"{""class"": ""java.util.Locale"", ""method"": ""readObject""}"
38911,reflection,Method.invoke,"{""class"": ""java.util.Locale"", ""method"": ""readResolve""}"
38917,reflection,Method.invoke,"{""class"": ""java.util.Locale"", ""method"": ""readObject""}"
38924,reflection,Method.invoke,"{""class"": ""java.util.Locale"", ""method"": ""readResolve""}"
38931,reflection,Method.invoke,"{""class"": ""java.util.Locale"", ""method"": ""readObject""}"
38938,reflection,Method.invoke,"{""class"": ""java.util.Locale"", ""method"": ""readResolve""}"
38946,reflection,Method.invoke,"{""class"": ""java.util.Locale"", ""method"": ""readObject""}"
38957,reflection,Method.invoke,"{""class"": ""java.util.Locale"", ""method"": ""readResolve""}"
38963,reflection,Method.invoke,"{""class"": ""java.util.Locale"", ""method"": ""readObject""}"
38969,reflection,Method.invoke,"{""class"": ""java.util.Locale"", ""method"": ""readResolve""}"
38977,reflection,Method.invoke,"{""class"": ""java.util.Locale"", ""method"": ""readObject""}"
38984,reflection,Method.invoke,"{""class"": ""java.util.Locale"", ""method"": ""readResolve""}"
38990,reflection,Method.invoke,"{""class"": ""java.util.Locale"", ""method"": ""readObject""}"
38996,reflection,Method.invoke,"{""class"": ""java.util.Locale"", ""method"": ""readResolve""}"
39003,reflection,Method.invoke,"{""class"": ""java.util.Locale"", ""method"": ""readObject""}"
39011,reflection,Method.invoke,"{""class"": ""java.util.Locale"", ""method"": ""readResolve""}"
39018,reflection,Method.invoke,"{""class"": ""java.util.Locale"", ""method"": ""readObject""}"
39024,reflection,Method.invoke,"{""class"": ""java.util.Locale"", ""method"": ""readResolve""}"
39031,reflection,Method.invoke,"{""class"": ""java.util.Locale"", ""method"": ""readObject""}"
39037,reflection,Method.invoke,"{""class"": ""java.util.Locale"", ""method"": ""readResolve""}"
39044,reflection,Method.invoke,"{""class"": ""java.util.Locale"", ""method"": ""readObject""}"
39050,reflection,Method.invoke,"{""class"": ""java.util.Locale"", ""method"": ""readResolve""}"
39056,reflection,Method.invoke,"{""class"": ""java.util.Locale"", ""method"": ""readObject""}"
39062,reflection,Method.invoke,"{""class"": ""java.util.Locale"", ""method"": ""readResolve""}"
39069,reflection,Method.invoke,"{""class"": ""java.util.Locale"", ""method"": ""readObject""}"
39075,reflection,Method.invoke,"{""class"": ""java.util.Locale"", ""method"": ""readResolve""}"
39082,reflection,Method.invoke,"{""class"": ""java.util.Locale"", ""method"": ""readObject""}"
39088,reflection,Method.invoke,"{""class"": ""java.util.Locale"", ""method"": ""readResolve""}"
39095,reflection,Method.invoke,"{""class"": ""java.util.Locale"", ""method"": ""readObject""}"
39101,reflection,Method.invoke,"{""class"": ""java.util.Locale"", ""method"": ""readResolve""}"
39108,reflection,Method.invoke,"{""class"": ""java.util.Locale"", ""method"": ""readObject""}"
39114,reflection,Method.invoke,"{""class"": ""java.util.Locale"", ""method"": ""readResolve""}"
39121,reflection,Method.invoke,"{""class"": ""java.util.Locale"", ""method"": ""readObject""}"
39127,reflection,Method.invoke,"{""class"": ""java.util.Locale"", ""method"": ""readResolve""}"
39133,reflection,Method.invoke,"{""class"": ""java.util.Locale"", ""method"": ""readObject""}"
39140,reflection,Method.invoke,"{""class"": ""java.util.Locale"", ""method"": ""readResolve""}"
39146,reflection,Method.invoke,"{""class"": ""java.util.Locale"", ""method"": ""readObject""}"
39157,reflection,Method.invoke,"{""class"": ""java.util.Locale"", ""method"": ""readResolve""}"
39163,reflection,Method.invoke,"{""class"": ""java.util.Locale"", ""method"": ""readObject""}"
39169,reflection,Method.invoke,"{""class"": ""java.util.Locale"", ""method"": ""readResolve""}"
39176,reflection,Method.invoke,"{""class"": ""java.util.Locale"", ""method"": ""readObject""}"
39183,reflection,Method.invoke,"{""class"": ""java.util.Locale"", ""method"": ""readResolve""}"
39189,reflection,Method.invoke,"{""class"": ""java.util.Locale"", ""method"": ""readObject""}"
39196,reflection,Method.invoke,"{""class"": ""java.util.Locale"", ""method"": ""readResolve""}"
39203,reflection,Method.invoke,"{""class"": ""java.util.Locale"", ""method"": ""readObject""}"
39209,reflection,Method.invoke,"{""class"": ""java.util.Locale"", ""method"": ""readResolve""}"
39215,reflection,Method.invoke,"{""class"": ""java.util.Locale"", ""method"": ""readObject""}"
39221,reflection,Method.invoke,"{""class"": ""java.util.Locale"", ""method"": ""readResolve""}"
40912,ipc_intents,Context.bindService,"{""action"": ""android.speech.RecognitionService"", ""flags"": 1, ""target"": ""com.google.android.googlequicksearchbox/com.google.android.voicesearch.serviceapi.GoogleRecognitionService""}"
47376,reflection,Method.invoke,"{""class"": ""android.view.View"", ""method"": ""getElevation""}"
47395,reflection,Method.invoke,"{""class"": ""org.fossasia.susi.ai.chat.ChatActivity"", ""method"": ""openSettings""}"
47444,reflection,Method.invoke,"{""class"": ""android.view.View"", ""method"": ""getElevation""}"
47491,reflection,Method.invoke,"{""class"": ""android.view.ViewGroup"", ""method"": ""makeOptionalFitsSystemWindows""}"
47509,storage,SharedPreferences.getString,"{""key"": ""prefLanguage""}"
47521,network,okhttp3.RealCall.enqueue,"{""method"": ""GET"", ""url"": ""https://api.susi.ai/cms/getSkillMetricsData.json?model=general&language=en""}"
47530,reflection,Method.invoke,"{""class"": ""dalvik.system.CloseGuard"", ""method"": ""get""}"
47545,reflection,Method.invoke,"{""class"": ""dalvik.system.CloseGuard"", ""method"": ""open""}"
47561,network,Socket.connect,"{""endpoint"": ""api.susi.ai/167.235.1.187:443""}"
47624,reflection,Method.invoke,"{""class"": ""com.android.org.conscrypt.ConscryptFileDescriptorSocket"", ""method"": ""setUseSessionTickets""}"
47633,reflection,Method.invoke,"{""class"": ""com.android.org.conscrypt.ConscryptFileDescriptorSocket"", ""method"": ""setHostname""}"
47652,reflection,Method.invoke,"{""class"": ""com.android.org.conscrypt.OpenSSLSocketImpl"", ""method"": ""setAlpnProtocols""}"
47705,crypto,MessageDigest.getInstance,"{""algorithm"": ""MD5""}"
47710,crypto,MessageDigest.digest,{}
47721,crypto,MessageDigest.getInstance,"{""algorithm"": ""SHA1""}"
47724,crypto,MessageDigest.digest,{}
47738,crypto,MessageDigest.getInstance,"{""algorithm"": ""MD5""}"
47742,crypto,MessageDigest.digest,{}
47748,crypto,MessageDigest.getInstance,"{""algorithm"": ""SHA1""}"
47755,crypto,MessageDigest.digest,{}
47760,crypto,MessageDigest.getInstance,"{""algorithm"": ""MD5""}"
47764,crypto,MessageDigest.digest,{}
47779,crypto,MessageDigest.getInstance,"{""algorithm"": ""SHA1""}"
47788,crypto,MessageDigest.digest,{}
47791,crypto,MessageDigest.getInstance,"{""algorithm"": ""MD5""}"
47804,crypto,MessageDigest.digest,{}
47813,crypto,MessageDigest.getInstance,"{""algorithm"": ""SHA1""}"
47821,crypto,MessageDigest.digest,{}
47826,crypto,MessageDigest.getInstance,"{""algorithm"": ""SHA1""}"
47833,crypto,MessageDigest.digest,{}
47842,crypto,MessageDigest.getInstance,"{""algorithm"": ""SHA1""}"
47848,crypto,MessageDigest.digest,{}
47856,crypto,MessageDigest.getInstance,"{""algorithm"": ""SHA1""}"
47861,crypto,MessageDigest.digest,{}
47869,crypto,MessageDigest.getInstance,"{""algorithm"": ""SHA1""}"
47877,crypto,MessageDigest.digest,{}
47881,crypto,MessageDigest.getInstance,"{""algorithm"": ""SHA1""}"
47891,crypto,MessageDigest.digest,{}
47899,crypto,MessageDigest.getInstance,"{""algorithm"": ""SHA1""}"
47907,crypto,MessageDigest.digest,{}
47927,crypto,MessageDigest.getInstance,"{""algorithm"": ""SHA-256""}"
47931,crypto,MessageDigest.digest,{}
50760,reflection,Method.invoke,"{""class"": ""android.widget.PopupWindow"", ""method"": ""getMaxAvailableHeight""}"
50778,reflection,Method.invoke,"{""class"": ""android.widget.PopupWindow"", ""method"": ""setClipToScreenEnabled""}"
50793,reflection,Method.invoke,"{""class"": ""android.widget.PopupWindow"", ""method"": ""setEpicenterBounds""}"
50818,reflection,Method.invoke,"{""class"": ""android.widget.PopupWindow"", ""method"": ""getMaxAvailableHeight""}"
50855,reflection,Method.invoke,"{""class"": ""android.view.View"", ""method"": ""getTransitionAlpha""}"
53921,reflection,Method.invoke,"{""class"": ""android.view.View"", ""method"": ""getTransitionAlpha""}"
56729,reflection,Method.invoke,"{""class"": ""android.widget.PopupWindow"", ""method"": ""getMaxAvailableHeight""}"
56745,reflection,Method.invoke,"{""class"": ""android.widget.PopupWindow"", ""method"": ""setClipToScreenEnabled""}"
56758,reflection,Method.invoke,"{""class"": ""android.widget.PopupWindow"", ""method"": ""setEpicenterBounds""}"
56775,reflection,Method.invoke,"{""class"": ""android.widget.PopupWindow"", ""method"": ""getMaxAvailableHeight""}"
56795,reflection,Method.invoke,"{""class"": ""android.view.View"", ""method"": ""getTransitionAlpha""}"
59819,reflection,Method.invoke,"{""class"": ""android.view.View"", ""method"": ""getTransitionAlpha""}"
62692,reflection,Method.invoke,"{""class"": ""android.view.ViewGroup"", ""method"": ""makeOptionalFitsSystemWindows""}"
62724,storage,SharedPreferences.apply,{}
62731,audio,MediaRecorder.setAudioSource,"{""audioSource"": 1}"
62752,network,okhttp3.RealCall.enqueue,"{""method"": ""GET"", ""url"": ""http://ipinfo.io/json""}"
62758,reflection,Method.invoke,"{""class"": ""dalvik.system.CloseGuard"", ""method"": ""get""}"
62764,reflection,Method.invoke,"{""class"": ""dalvik.system.CloseGuard"", ""method"": ""open""}"
62772,location,LocationManager.requestLocationUpdates,"{""minDistance"": 10, ""minTime"": ""300000"", ""provider"": ""network""}"
62778,location,LocationManager.requestLocationUpdates,"{""minDistance"": 10, ""minTime"": ""300000"", ""provider"": ""gps""}"
62794,reflection,Method.invoke,"{""class"": ""android.security.NetworkSecurityPolicy"", ""method"": ""getInstance""}"
62808,reflection,Method.invoke,"{""class"": ""android.security.NetworkSecurityPolicy"", ""method"": ""isCleartextTrafficPermitted""}"
62852,reflection,Method.invoke,"{""class"": ""android.view.View"", ""method"": ""getElevation""}"
62859,reflection,Method.invoke,"{""class"": ""android.view.View"", ""method"": ""getElevation""}"
62869,reflection,Method.invoke,"{""class"": ""android.view.View"", ""method"": ""getElevation""}"
62892,reflection,Method.invoke,"{""class"": ""android.view.View"", ""method"": ""getElevation""}"
62957,ipc_intents,Context.bindService,"{""action"": ""android.intent.action.TTS_SERVICE"", ""flags"": 1, ""target"": ""android.intent.action.TTS_SERVICE""}"
63040,reflection,Method.invoke,"{""class"": ""java.util.Locale"", ""method"": ""readObject""}"
63044,reflection,Method.invoke,"{""class"": ""java.util.Locale"", ""method"": ""readResolve""}"
63056,reflection,Method.invoke,"{""class"": ""java.util.Locale"", ""method"": ""readObject""}"
63060,reflection,Method.invoke,"{""class"": ""java.util.Locale"", ""method"": ""readResolve""}"
63073,reflection,Method.invoke,"{""class"": ""java.util.Locale"", ""method"": ""readObject""}"
63077,reflection,Method.invoke,"{""class"": ""java.util.Locale"", ""method"": ""readResolve""}"
63094,reflection,Method.invoke,"{""class"": ""java.util.Locale"", ""method"": ""readObject""}"
63106,reflection,Method.invoke,"{""class"": ""java.util.Locale"", ""method"": ""readResolve""}"
63111,reflection,Method.invoke,"{""class"": ""java.util.Locale"", ""method"": ""readObject""}"
63121,reflection,Method.invoke,"{""class"": ""java.util.Locale"", ""method"": ""readResolve""}"
63126,reflection,Method.invoke,"{""class"": ""java.util.Locale"", ""method"": ""readObject""}"
63135,reflection,Method.invoke,"{""class"": ""java.util.Locale"", ""method"": ""readResolve""}"
63140,reflection,Method.invoke,"{""class"": ""java.util.Locale"", ""method"": ""readObject""}"
63144,reflection,Method.invoke,"{""class"": ""java.util.Locale"", ""method"": ""readResolve""}"
63152,reflection,Method.invoke,"{""class"": ""java.util.Locale"", ""method"": ""readObject""}"
63157,reflection,Method.invoke,"{""class"": ""java.util.Locale"", ""method"": ""readResolve""}"
63161,reflection,Method.invoke,"{""class"": ""java.util.Locale"", ""method"": ""readObject""}"
63169,reflection,Method.invoke,"{""class"": ""java.util.Locale"", ""method"": ""readResolve""}"
63174,reflection,Method.invoke,"{""class"": ""java.util.Locale"", ""method"": ""readObject""}"
63178,reflection,Method.invoke,"{""class"": ""java.util.Locale"", ""method"": ""readResolve""}"
63184,reflection,Method.invoke,"{""class"": ""java.util.Locale"", ""method"": ""readObject""}"
63188,reflection,Method.invoke,"{""class"": ""java.util.Locale"", ""method"": ""readResolve""}"
63193,reflection,Method.invoke,"{""class"": ""java.util.Locale"", ""method"": ""readObject""}"
63197,reflection,Method.invoke,"{""class"": ""java.util.Locale"", ""method"": ""readResolve""}"
63202,reflection,Method.invoke,"{""class"": ""java.util.Locale"", ""method"": ""readObject""}"
63206,reflection,Method.invoke,"{""class"": ""java.util.Locale"", ""method"": ""readResolve""}"
63211,reflection,Method.invoke,"{""class"": ""java.util.Locale"", ""method"": ""readObject""}"
63216,reflection,Method.invoke,"{""class"": ""java.util.Locale"", ""method"": ""readResolve""}"
63220,reflection,Method.invoke,"{""class"": ""java.util.Locale"", ""method"": ""readObject""}"
63225,reflection,Method.invoke,"{""class"": ""java.util.Locale"", ""method"": ""readResolve""}"
63230,reflection,Method.invoke,"{""class"": ""java.util.Locale"", ""method"": ""readObject""}"
63235,reflection,Method.invoke,"{""class"": ""java.util.Locale"", ""method"": ""readResolve""}"
63239,reflection,Method.invoke,"{""class"": ""java.util.Locale"", ""method"": ""readObject""}"
63244,reflection,Method.invoke,"{""class"": ""java.util.Locale"", ""method"": ""readResolve""}"
63248,reflection,Method.invoke,"{""class"": ""java.util.Locale"", ""method"": ""readObject""}"
63253,reflection,Method.invoke,"{""class"": ""java.util.Locale"", ""method"": ""readResolve""}"
63258,reflection,Method.invoke,"{""class"": ""java.util.Locale"", ""method"": ""readObject""}"
63262,reflection,Method.invoke,"{""class"": ""java.util.Locale"", ""method"": ""readResolve""}"
63291,reflection,Method.invoke,"{""class"": ""java.util.Locale"", ""method"": ""readObject""}"
63296,reflection,Method.invoke,"{""class"": ""java.util.Locale"", ""method"": ""readResolve""}"
63301,reflection,Method.invoke,"{""class"": ""java.util.Locale"", ""method"": ""readObject""}"
63305,reflection,Method.invoke,"{""class"": ""java.util.Locale"", ""method"": ""readResolve""}"
63310,reflection,Method.invoke,"{""class"": ""java.util.Locale"", ""method"": ""readObject""}"
63314,reflection,Method.invoke,"{""class"": ""java.util.Locale"", ""method"": ""readResolve""}"
63322,reflection,Method.invoke,"{""class"": ""java.util.Locale"", ""method"": ""readObject""}"
63330,reflection,Method.invoke,"{""class"": ""java.util.Locale"", ""method"": ""readResolve""}"
63337,reflection,Method.invoke,"{""class"": ""java.util.Locale"", ""method"": ""readObject""}"
63341,reflection,Method.invoke,"{""class"": ""java.util.Locale"", ""method"": ""readResolve""}"
63346,reflection,Method.invoke,"{""class"": ""java.util.Locale"", ""method"": ""readObject""}"
63350,reflection,Method.invoke,"{""class"": ""java.util.Locale"", ""method"": ""readResolve""}"
63356,reflection,Method.invoke,"{""class"": ""java.util.Locale"", ""method"": ""readObject""}"
63361,reflection,Method.invoke,"{""class"": ""java.util.Locale"", ""method"": ""readResolve""}"
63366,reflection,Method.invoke,"{""class"": ""java.util.Locale"", ""method"": ""readObject""}"
63370,reflection,Method.invoke,"{""class"": ""java.util.Locale"", ""method"": ""readResolve""}"
63375,reflection,Method.invoke,"{""class"": ""java.util.Locale"", ""method"": ""readObject""}"
63380,reflection,Method.invoke,"{""class"": ""java.util.Locale"", ""method"": ""readResolve""}"
63384,reflection,Method.invoke,"{""class"": ""java.util.Locale"", ""method"": ""readObject""}"
63389,reflection,Method.invoke,"{""class"": ""java.util.Locale"", ""method"": ""readResolve""}"
63393,reflection,Method.invoke,"{""class"": ""java.util.Locale"", ""method"": ""readObject""}"
63398,reflection,Method.invoke,"{""class"": ""java.util.Locale"", ""method"": ""readResolve""}"
63402,reflection,Method.invoke,"{""class"": ""java.util.Locale"", ""method"": ""readObject""}"
63407,reflection,Method.invoke,"{""class"": ""java.util.Locale"", ""method"": ""readResolve""}"
63412,reflection,Method.invoke,"{""class"": ""java.util.Locale"", ""method"": ""readObject""}"
63416,reflection,Method.invoke,"{""class"": ""java.util.Locale"", ""method"": ""readResolve""}"
63421,reflection,Method.invoke,"{""class"": ""java.util.Locale"", ""method"": ""readObject""}"
63426,reflection,Method.invoke,"{""class"": ""java.util.Locale"", ""method"": ""readResolve""}"
63431,reflection,Method.invoke,"{""class"": ""java.util.Locale"", ""method"": ""readObject""}"
63435,reflection,Method.invoke,"{""class"": ""java.util.Locale"", ""method"": ""readResolve""}"
63440,reflection,Method.invoke,"{""class"": ""java.util.Locale"", ""method"": ""readObject""}"
63445,reflection,Method.invoke,"{""class"": ""java.util.Locale"", ""method"": ""readResolve""}"
63450,reflection,Method.invoke,"{""class"": ""java.util.Locale"", ""method"": ""readObject""}"
63454,reflection,Method.invoke,"{""class"": ""java.util.Locale"", ""method"": ""readResolve""}"
63458,reflection,Method.invoke,"{""class"": ""java.util.Locale"", ""method"": ""readObject""}"
63463,reflection,Method.invoke,"{""class"": ""java.util.Locale"", ""method"": ""readResolve""}"
63468,reflection,Method.invoke,"{""class"": ""java.util.Locale"", ""method"": ""readObject""}"
63472,reflection,Method.invoke,"{""class"": ""java.util.Locale"", ""method"": ""readResolve""}"
63477,reflection,Method.invoke,"{""class"": ""java.util.Locale"", ""method"": ""readObject""}"
63481,reflection,Method.invoke,"{""class"": ""java.util.Locale"", ""method"": ""readResolve""}"
63486,reflection,Method.invoke,"{""class"": ""java.util.Locale"", ""method"": ""readObject""}"
63491,reflection,Method.invoke,"{""class"": ""java.util.Locale"", ""method"": ""readResolve""}"
63496,reflection,Method.invoke,"{""class"": ""java.util.Locale"", ""method"": ""readObject""}"
63501,reflection,Method.invoke,"{""class"": ""java.util.Locale"", ""method"": ""readResolve""}"
63505,reflection,Method.invoke,"{""class"": ""java.util.Locale"", ""method"": ""readObject""}"
63510,reflection,Method.invoke,"{""class"": ""java.util.Locale"", ""method"": ""readResolve""}"
63514,reflection,Method.invoke,"{""class"": ""java.util.Locale"", ""method"": ""readObject""}"
63519,reflection,Method.invoke,"{""class"": ""java.util.Locale"", ""method"": ""readResolve""}"
63523,reflection,Method.invoke,"{""class"": ""java.util.Locale"", ""method"": ""readObject""}"
63528,reflection,Method.invoke,"{""class"": ""java.util.Locale"", ""method"": ""readResolve""}"
63532,reflection,Method.invoke,"{""class"": ""java.util.Locale"", ""method"": ""readObject""}"
63537,reflection,Method.invoke,"{""class"": ""java.util.Locale"", ""method"": ""readResolve""}"
63542,reflection,Method.invoke,"{""class"": ""java.util.Locale"", ""method"": ""readObject""}"
63546,reflection,Method.invoke,"{""class"": ""java.util.Locale"", ""method"": ""readResolve""}"
63551,reflection,Method.invoke,"{""class"": ""java.util.Locale"", ""method"": ""readObject""}"
63555,reflection,Method.invoke,"{""class"": ""java.util.Locale"", ""method"": ""readResolve""}"
63561,reflection,Method.invoke,"{""class"": ""java.util.Locale"", ""method"": ""readObject""}"
63566,reflection,Method.invoke,"{""class"": ""java.util.Locale"", ""method"": ""readResolve""}"
63572,reflection,Method.invoke,"{""class"": ""java.util.Locale"", ""method"": ""readObject""}"
63576,reflection,Method.invoke,"{""class"": ""java.util.Locale"", ""method"": ""readResolve""}"
63581,reflection,Method.invoke,"{""class"": ""java.util.Locale"", ""method"": ""readObject""}"
63585,reflection,Method.invoke,"{""class"": ""java.util.Locale"", ""method"": ""readResolve""}"
63590,reflection,Method.invoke,"{""class"": ""java.util.Locale"", ""method"": ""readObject""}"
63594,reflection,Method.invoke,"{""class"": ""java.util.Locale"", ""method"": ""readResolve""}"
63599,reflection,Method.invoke,"{""class"": ""java.util.Locale"", ""method"": ""readObject""}"
63603,reflection,Method.invoke,"{""class"": ""java.util.Locale"", ""method"": ""readResolve""}"
63609,reflection,Method.invoke,"{""class"": ""java.util.Locale"", ""method"": ""readObject""}"
63613,reflection,Method.invoke,"{""class"": ""java.util.Locale"", ""method"": ""readResolve""}"
63618,reflection,Method.invoke,"{""class"": ""java.util.Locale"", ""method"": ""readObject""}"
63623,reflection,Method.invoke,"{""class"": ""java.util.Locale"", ""method"": ""readResolve""}"
63628,reflection,Method.invoke,"{""class"": ""java.util.Locale"", ""method"": ""readObject""}"
63634,reflection,Method.invoke,"{""class"": ""java.util.Locale"", ""method"": ""readResolve""}"
63639,reflection,Method.invoke,"{""class"": ""java.util.Locale"", ""method"": ""readObject""}"
63643,reflection,Method.invoke,"{""class"": ""java.util.Locale"", ""method"": ""readResolve""}"
63649,reflection,Method.invoke,"{""class"": ""java.util.Locale"", ""method"": ""readObject""}"
63654,reflection,Method.invoke,"{""class"": ""java.util.Locale"", ""method"": ""readResolve""}"
63659,reflection,Method.invoke,"{""class"": ""java.util.Locale"", ""method"": ""readObject""}"
63664,reflection,Method.invoke,"{""class"": ""java.util.Locale"", ""method"": ""readResolve""}"
63668,reflection,Method.invoke,"{""class"": ""java.util.Locale"", ""method"": ""readObject""}"
63673,reflection,Method.invoke,"{""class"": ""java.util.Locale"", ""method"": ""readResolve""}"
63678,reflection,Method.invoke,"{""class"": ""java.util.Locale"", ""method"": ""readObject""}"
63682,reflection,Method.invoke,"{""class"": ""java.util.Locale"", ""method"": ""readResolve""}"
63687,reflection,Method.invoke,"{""class"": ""java.util.Locale"", ""method"": ""readObject""}"
63693,reflection,Method.invoke,"{""class"": ""java.util.Locale"", ""method"": ""readResolve""}"
63698,reflection,Method.invoke,"{""class"": ""java.util.Locale"", ""method"": ""readObject""}"
63702,reflection,Method.invoke,"{""class"": ""java.util.Locale"", ""method"": ""readResolve""}"
63706,reflection,Method.invoke,"{""class"": ""java.util.Locale"", ""method"": ""readObject""}"
63711,reflection,Method.invoke,"{""class"": ""java.util.Locale"", ""method"": ""readResolve""}"
63716,reflection,Method.invoke,"{""class"": ""java.util.Locale"", ""method"": ""readObject""}"
63721,reflection,Method.invoke,"{""class"": ""java.util.Locale"", ""method"": ""readResolve""}"
63726,reflection,Method.invoke,"{""class"": ""java.util.Locale"", ""method"": ""readObject""}"
63731,reflection,Method.invoke,"{""class"": ""java.util.Locale"", ""method"": ""readResolve""}"
63736,reflection,Method.invoke,"{""class"": ""java.util.Locale"", ""method"": ""readObject""}"
63741,reflection,Method.invoke,"{""class"": ""java.util.Locale"", ""method"": ""readResolve""}"
63746,reflection,Method.invoke,"{""class"": ""java.util.Locale"", ""method"": ""readObject""}"
63750,reflection,Method.invoke,"{""class"": ""java.util.Locale"", ""method"": ""readResolve""}"
63755,reflection,Method.invoke,"{""class"": ""java.util.Locale"", ""method"": ""readObject""}"
63761,reflection,Method.invoke,"{""class"": ""java.util.Locale"", ""method"": ""readResolve""}"
63766,reflection,Method.invoke,"{""class"": ""java.util.Locale"", ""method"": ""readObject""}"
63770,reflection,Method.invoke,"{""class"": ""java.util.Locale"", ""method"": ""readResolve""}"
63775,reflection,Method.invoke,"{""class"": ""java.util.Locale"", ""method"": ""readObject""}"
63779,reflection,Method.invoke,"{""class"": ""java.util.Locale"", ""method"": ""readResolve""}"
63784,reflection,Method.invoke,"{""class"": ""java.util.Locale"", ""method"": ""readObject""}"
63788,reflection,Method.invoke,"{""class"": ""java.util.Locale"", ""method"": ""readResolve""}"
63794,reflection,Method.invoke,"{""class"": ""java.util.Locale"", ""method"": ""readObject""}"
63799,reflection,Method.invoke,"{""class"": ""java.util.Locale"", ""method"": ""readResolve""}"
63803,reflection,Method.invoke,"{""class"": ""java.util.Locale"", ""method"": ""readObject""}"
63808,reflection,Method.invoke,"{""class"": ""java.util.Locale"", ""method"": ""readResolve""}"
63814,reflection,Method.invoke,"{""class"": ""java.util.Locale"", ""method"": ""readObject""}"
63818,reflection,Method.invoke,"{""class"": ""java.util.Locale"", ""method"": ""readResolve""}"
63822,reflection,Method.invoke,"{""class"": ""java.util.Locale"", ""method"": ""readObject""}"
63827,reflection,Method.invoke,"{""class"": ""java.util.Locale"", ""method"": ""readResolve""}"
63832,reflection,Method.invoke,"{""class"": ""java.util.Locale"", ""method"": ""readObject""}"
63836,reflection,Method.invoke,"{""class"": ""java.util.Locale"", ""method"": ""readResolve""}"
63841,reflection,Method.invoke,"{""class"": ""java.util.Locale"", ""method"": ""readObject""}"
63845,reflection,Method.invoke,"{""class"": ""java.util.Locale"", ""method"": ""readResolve""}"
63850,reflection,Method.invoke,"{""class"": ""java.util.Locale"", ""method"": ""readObject""}"
63855,reflection,Method.invoke,"{""class"": ""java.util.Locale"", ""method"": ""readResolve""}"
63860,reflection,Method.invoke,"{""class"": ""java.util.Locale"", ""method"": ""readObject""}"
63864,reflection,Method.invoke,"{""class"": ""java.util.Locale"", ""method"": ""readResolve""}"
63869,reflection,Method.invoke,"{""class"": ""java.util.Locale"", ""method"": ""readObject""}"
63874,reflection,Method.invoke,"{""class"": ""java.util.Locale"", ""method"": ""readResolve""}"
63879,reflection,Method.invoke,"{""class"": ""java.util.Locale"", ""method"": ""readObject""}"
63884,reflection,Method.invoke,"{""class"": ""java.util.Locale"", ""method"": ""readResolve""}"
63889,reflection,Method.invoke,"{""class"": ""java.util.Locale"", ""method"": ""readObject""}"
63894,reflection,Method.invoke,"{""class"": ""java.util.Locale"", ""method"": ""readResolve""}"
63899,reflection,Method.invoke,"{""class"": ""java.util.Locale"", ""method"": ""readObject""}"
63903,reflection,Method.invoke,"{""class"": ""java.util.Locale"", ""method"": ""readResolve""}"
63908,reflection,Method.invoke,"{""class"": ""java.util.Locale"", ""method"": ""readObject""}"
63913,reflection,Method.invoke,"{""class"": ""java.util.Locale"", ""method"": ""readResolve""}"
63918,reflection,Method.invoke,"{""class"": ""java.util.Locale"", ""method"": ""readObject""}"
63922,reflection,Method.invoke,"{""class"": ""java.util.Locale"", ""method"": ""readResolve""}"
63927,reflection,Method.invoke,"{""class"": ""java.util.Locale"", ""method"": ""readObject""}"
63931,reflection,Method.invoke,"{""class"": ""java.util.Locale"", ""method"": ""readResolve""}"
63936,reflection,Method.invoke,"{""class"": ""java.util.Locale"", ""method"": ""readObject""}"
63940,reflection,Method.invoke,"{""class"": ""java.util.Locale"", ""method"": ""readResolve""}"
63945,reflection,Method.invoke,"{""class"": ""java.util.Locale"", ""method"": ""readObject""}"
63950,reflection,Method.invoke,"{""class"": ""java.util.Locale"", ""method"": ""readResolve""}"
63955,reflection,Method.invoke,"{""class"": ""java.util.Locale"", ""method"": ""readObject""}"
63960,reflection,Method.invoke,"{""class"": ""java.util.Locale"", ""method"": ""readResolve""}"
63965,reflection,Method.invoke,"{""class"": ""java.util.Locale"", ""method"": ""readObject""}"
63969,reflection,Method.invoke,"{""class"": ""java.util.Locale"", ""method"": ""readResolve""}"
63973,reflection,Method.invoke,"{""class"": ""java.util.Locale"", ""method"": ""readObject""}"
63978,reflection,Method.invoke,"{""class"": ""java.util.Locale"", ""method"": ""readResolve""}"
63983,reflection,Method.invoke,"{""class"": ""java.util.Locale"", ""method"": ""readObject""}"
63987,reflection,Method.invoke,"{""class"": ""java.util.Locale"", ""method"": ""readResolve""}"
63992,reflection,Method.invoke,"{""class"": ""java.util.Locale"", ""method"": ""readObject""}"
63997,reflection,Method.invoke,"{""class"": ""java.util.Locale"", ""method"": ""readResolve""}"
64002,reflection,Method.invoke,"{""class"": ""java.util.Locale"", ""method"": ""readObject""}"
64006,reflection,Method.invoke,"{""class"": ""java.util.Locale"", ""method"": ""readResolve""}"
64011,reflection,Method.invoke,"{""class"": ""java.util.Locale"", ""method"": ""readObject""}"
64015,reflection,Method.invoke,"{""class"": ""java.util.Locale"", ""method"": ""readResolve""}"
64020,reflection,Method.invoke,"{""class"": ""java.util.Locale"", ""method"": ""readObject""}"
64024,reflection,Method.invoke,"{""class"": ""java.util.Locale"", ""method"": ""readResolve""}"
64030,reflection,Method.invoke,"{""class"": ""java.util.Locale"", ""method"": ""readObject""}"
64035,reflection,Method.invoke,"{""class"": ""java.util.Locale"", ""method"": ""readResolve""}"
64040,reflection,Method.invoke,"{""class"": ""java.util.Locale"", ""method"": ""readObject""}"
64045,reflection,Method.invoke,"{""class"": ""java.util.Locale"", ""method"": ""readResolve""}"
64050,reflection,Method.invoke,"{""class"": ""java.util.Locale"", ""method"": ""readObject""}"
64055,reflection,Method.invoke,"{""class"": ""java.util.Locale"", ""method"": ""readResolve""}"
64060,reflection,Method.invoke,"{""class"": ""java.util.Locale"", ""method"": ""readObject""}"
64064,reflection,Method.invoke,"{""class"": ""java.util.Locale"", ""method"": ""readResolve""}"
64069,reflection,Method.invoke,"{""class"": ""java.util.Locale"", ""method"": ""readObject""}"
64073,reflection,Method.invoke,"{""class"": ""java.util.Locale"", ""method"": ""readResolve""}"
64078,reflection,Method.invoke,"{""class"": ""java.util.Locale"", ""method"": ""readObject""}"
64084,reflection,Method.invoke,"{""class"": ""java.util.Locale"", ""method"": ""readResolve""}"
64089,reflection,Method.invoke,"{""class"": ""java.util.Locale"", ""method"": ""readObject""}"
64093,reflection,Method.invoke,"{""class"": ""java.util.Locale"", ""method"": ""readResolve""}"
64098,reflection,Method.invoke,"{""class"": ""java.util.Locale"", ""method"": ""readObject""}"
64102,reflection,Method.invoke,"{""class"": ""java.util.Locale"", ""method"": ""readResolve""}"
64107,reflection,Method.invoke,"{""class"": ""java.util.Locale"", ""method"": ""readObject""}"
64111,reflection,Method.invoke,"{""class"": ""java.util.Locale"", ""method"": ""readResolve""}"
64117,reflection,Method.invoke,"{""class"": ""java.util.Locale"", ""method"": ""readObject""}"
64121,reflection,Method.invoke,"{""class"": ""java.util.Locale"", ""method"": ""readResolve""}"
64126,reflection,Method.invoke,"{""class"": ""java.util.Locale"", ""method"": ""readObject""}"
64130,reflection,Method.invoke,"{""class"": ""java.util.Locale"", ""method"": ""readResolve""}"
64135,reflection,Method.invoke,"{""class"": ""java.util.Locale"", ""method"": ""readObject""}"
64139,reflection,Method.invoke,"{""class"": ""java.util.Locale"", ""method"": ""readResolve""}"
64144,reflection,Method.invoke,"{""class"": ""java.util.Locale"", ""method"": ""readObject""}"
64149,reflection,Method.invoke,"{""class"": ""java.util.Locale"", ""method"": ""readResolve""}"
64153,reflection,Method.invoke,"{""class"": ""java.util.Locale"", ""method"": ""readObject""}"
64159,reflection,Method.invoke,"{""class"": ""java.util.Locale"", ""method"": ""readResolve""}"
64164,reflection,Method.invoke,"{""class"": ""java.util.Locale"", ""method"": ""readObject""}"
64168,reflection,Method.invoke,"{""class"": ""java.util.Locale"", ""method"": ""readResolve""}"
64173,reflection,Method.invoke,"{""class"": ""java.util.Locale"", ""method"": ""readObject""}"
64178,reflection,Method.invoke,"{""class"": ""java.util.Locale"", ""method"": ""readResolve""}"
64183,reflection,Method.invoke,"{""class"": ""java.util.Locale"", ""method"": ""readObject""}"
64188,reflection,Method.invoke,"{""class"": ""java.util.Locale"", ""method"": ""readResolve""}"
64193,reflection,Method.invoke,"{""class"": ""java.util.Locale"", ""method"": ""readObject""}"
64198,reflection,Method.invoke,"{""class"": ""java.util.Locale"", ""method"": ""readResolve""}"
64202,reflection,Method.invoke,"{""class"": ""java.util.Locale"", ""method"": ""readObject""}"
64207,reflection,Method.invoke,"{""class"": ""java.util.Locale"", ""method"": ""readResolve""}"
64212,reflection,Method.invoke,"{""class"": ""java.util.Locale"", ""method"": ""readObject""}"
64216,reflection,Method.invoke,"{""class"": ""java.util.Locale"", ""method"": ""readResolve""}"
64221,reflection,Method.invoke,"{""class"": ""java.util.Locale"", ""method"": ""readObject""}"
64226,reflection,Method.invoke,"{""class"": ""java.util.Locale"", ""method"": ""readResolve""}"
64231,reflection,Method.invoke,"{""class"": ""java.util.Locale"", ""method"": ""readObject""}"
64235,reflection,Method.invoke,"{""class"": ""java.util.Locale"", ""method"": ""readResolve""}"
64241,reflection,Method.invoke,"{""class"": ""java.util.Locale"", ""method"": ""readObject""}"
64245,reflection,Method.invoke,"{""class"": ""java.util.Locale"", ""method"": ""readResolve""}"
64250,reflection,Method.invoke,"{""class"": ""java.util.Locale"", ""method"": ""readObject""}"
64254,reflection,Method.invoke,"{""class"": ""java.util.Locale"", ""method"": ""readResolve""}"
64259,reflection,Method.invoke,"{""class"": ""java.util.Locale"", ""method"": ""readObject""}"
64263,reflection,Method.invoke,"{""class"": ""java.util.Locale"", ""method"": ""readResolve""}"
64269,reflection,Method.invoke,"{""class"": ""java.util.Locale"", ""method"": ""readObject""}"
64273,reflection,Method.invoke,"{""class"": ""java.util.Locale"", ""method"": ""readResolve""}"
64278,reflection,Method.invoke,"{""class"": ""java.util.Locale"", ""method"": ""readObject""}"
64283,reflection,Method.invoke,"{""class"": ""java.util.Locale"", ""method"": ""readResolve""}"
64288,reflection,Method.invoke,"{""class"": ""java.util.Locale"", ""method"": ""readObject""}"
64292,reflection,Method.invoke,"{""class"": ""java.util.Locale"", ""method"": ""readResolve""}"
64297,reflection,Method.invoke,"{""class"": ""java.util.Locale"", ""method"": ""readObject""}"
64302,reflection,Method.invoke,"{""class"": ""java.util.Locale"", ""method"": ""readResolve""}"
64306,reflection,Method.invoke,"{""class"": ""java.util.Locale"", ""method"": ""readObject""}"
64311,reflection,Method.invoke,"{""class"": ""java.util.Locale"", ""method"": ""readResolve""}"
64316,reflection,Method.invoke,"{""class"": ""java.util.Locale"", ""method"": ""readObject""}"
64320,reflection,Method.invoke,"{""class"": ""java.util.Locale"", ""method"": ""readResolve""}"
64325,reflection,Method.invoke,"{""class"": ""java.util.Locale"", ""method"": ""readObject""}"
64330,reflection,Method.invoke,"{""class"": ""java.util.Locale"", ""method"": ""readResolve""}"
64334,reflection,Method.invoke,"{""class"": ""java.util.Locale"", ""method"": ""readObject""}"
64339,reflection,Method.invoke,"{""class"": ""java.util.Locale"", ""method"": ""readResolve""}"
64344,reflection,Method.invoke,"{""class"": ""java.util.Locale"", ""method"": ""readObject""}"
64348,reflection,Method.invoke,"{""class"": ""java.util.Locale"", ""method"": ""readResolve""}"
64353,reflection,Method.invoke,"{""class"": ""java.util.Locale"", ""method"": ""readObject""}"
64358,reflection,Method.invoke,"{""class"": ""java.util.Locale"", ""method"": ""readResolve""}"
64363,reflection,Method.invoke,"{""class"": ""java.util.Locale"", ""method"": ""readObject""}"
64368,reflection,Method.invoke,"{""class"": ""java.util.Locale"", ""method"": ""readResolve""}"
64372,reflection,Method.invoke,"{""class"": ""java.util.Locale"", ""method"": ""readObject""}"
64377,reflection,Method.invoke,"{""class"": ""java.util.Locale"", ""method"": ""readResolve""}"
64381,reflection,Method.invoke,"{""class"": ""java.util.Locale"", ""method"": ""readObject""}"
64386,reflection,Method.invoke,"{""class"": ""java.util.Locale"", ""method"": ""readResolve""}"
64391,reflection,Method.invoke,"{""class"": ""java.util.Locale"", ""method"": ""readObject""}"
64395,reflection,Method.invoke,"{""class"": ""java.util.Locale"", ""method"": ""readResolve""}"
64400,reflection,Method.invoke,"{""class"": ""java.util.Locale"", ""method"": ""readObject""}"
64405,reflection,Method.invoke,"{""class"": ""java.util.Locale"", ""method"": ""readResolve""}"
64410,reflection,Method.invoke,"{""class"": ""java.util.Locale"", ""method"": ""readObject""}"
64415,reflection,Method.invoke,"{""class"": ""java.util.Locale"", ""method"": ""readResolve""}"
64419,reflection,Method.invoke,"{""class"": ""java.util.Locale"", ""method"": ""readObject""}"
64424,reflection,Method.invoke,"{""class"": ""java.util.Locale"", ""method"": ""readResolve""}"
64430,reflection,Method.invoke,"{""class"": ""java.util.Locale"", ""method"": ""readObject""}"
64434,reflection,Method.invoke,"{""class"": ""java.util.Locale"", ""method"": ""readResolve""}"
64439,reflection,Method.invoke,"{""class"": ""java.util.Locale"", ""method"": ""readObject""}"
64443,reflection,Method.invoke,"{""class"": ""java.util.Locale"", ""method"": ""readResolve""}"
64448,reflection,Method.invoke,"{""class"": ""java.util.Locale"", ""method"": ""readObject""}"
64452,reflection,Method.invoke,"{""class"": ""java.util.Locale"", ""method"": ""readResolve""}"
64457,reflection,Method.invoke,"{""class"": ""java.util.Locale"", ""method"": ""readObject""}"
64461,reflection,Method.invoke,"{""class"": ""java.util.Locale"", ""method"": ""readResolve""}"
64466,reflection,Method.invoke,"{""class"": ""java.util.Locale"", ""method"": ""readObject""}"
64470,reflection,Method.invoke,"{""class"": ""java.util.Locale"", ""method"": ""readResolve""}"
64475,reflection,Method.invoke,"{""class"": ""java.util.Locale"", ""method"": ""readObject""}"
64480,reflection,Method.invoke,"{""class"": ""java.util.Locale"", ""method"": ""readResolve""}"
64485,reflection,Method.invoke,"{""class"": ""java.util.Locale"", ""method"": ""readObject""}"
64489,reflection,Method.invoke,"{""class"": ""java.util.Locale"", ""method"": ""readResolve""}"
64494,reflection,Method.invoke,"{""class"": ""java.util.Locale"", ""method"": ""readObject""}"
64499,reflection,Method.invoke,"{""class"": ""java.util.Locale"", ""method"": ""readResolve""}"
64504,reflection,Method.invoke,"{""class"": ""java.util.Locale"", ""method"": ""readObject""}"
64508,reflection,Method.invoke,"{""class"": ""java.util.Locale"", ""method"": ""readResolve""}"
64514,reflection,Method.invoke,"{""class"": ""java.util.Locale"", ""method"": ""readObject""}"
64519,reflection,Method.invoke,"{""class"": ""java.util.Locale"", ""method"": ""readResolve""}"
64523,reflection,Method.invoke,"{""class"": ""java.util.Locale"", ""method"": ""readObject""}"
64528,reflection,Method.invoke,"{""class"": ""java.util.Locale"", ""method"": ""readResolve""}"
64533,reflection,Method.invoke,"{""class"": ""java.util.Locale"", ""method"": ""readObject""}"
64537,reflection,Method.invoke,"{""class"": ""java.util.Locale"", ""method"": ""readResolve""}"
64542,reflection,Method.invoke,"{""class"": ""java.util.Locale"", ""method"": ""readObject""}"
64546,reflection,Method.invoke,"{""class"": ""java.util.Locale"", ""method"": ""readResolve""}"
64551,reflection,Method.invoke,"{""class"": ""java.util.Locale"", ""method"": ""readObject""}"
64556,reflection,Method.invoke,"{""class"": ""java.util.Locale"", ""method"": ""readResolve""}"
64561,reflection,Method.invoke,"{""class"": ""java.util.Locale"", ""method"": ""readObject""}"
64565,reflection,Method.invoke,"{""class"": ""java.util.Locale"", ""method"": ""readResolve""}"
64570,reflection,Method.invoke,"{""class"": ""java.util.Locale"", ""method"": ""readObject""}"
64574,reflection,Method.invoke,"{""class"": ""java.util.Locale"", ""method"": ""readResolve""}"
64579,reflection,Method.invoke,"{""class"": ""java.util.Locale"", ""method"": ""readObject""}"
64583,reflection,Method.invoke,"{""class"": ""java.util.Locale"", ""method"": ""readResolve""}"
64589,reflection,Method.invoke,"{""class"": ""java.util.Locale"", ""method"": ""readObject""}"
64594,reflection,Method.invoke,"{""class"": ""java.util.Locale"", ""method"": ""readResolve""}"
64598,reflection,Method.invoke,"{""class"": ""java.util.Locale"", ""method"": ""readObject""}"
64603,reflection,Method.invoke,"{""class"": ""java.util.Locale"", ""method"": ""readResolve""}"
64607,reflection,Method.invoke,"{""class"": ""java.util.Locale"", ""method"": ""readObject""}"
64612,reflection,Method.invoke,"{""class"": ""java.util.Locale"", ""method"": ""readResolve""}"
64617,reflection,Method.invoke,"{""class"": ""java.util.Locale"", ""method"": ""readObject""}"
64622,reflection,Method.invoke,"{""class"": ""java.util.Locale"", ""method"": ""readResolve""}"
64626,reflection,Method.invoke,"{""class"": ""java.util.Locale"", ""method"": ""readObject""}"
64631,reflection,Method.invoke,"{""class"": ""java.util.Locale"", ""method"": ""readResolve""}"
64636,reflection,Method.invoke,"{""class"": ""java.util.Locale"", ""method"": ""readObject""}"
64641,reflection,Method.invoke,"{""class"": ""java.util.Locale"", ""method"": ""readResolve""}"
64646,reflection,Method.invoke,"{""class"": ""java.util.Locale"", ""method"": ""readObject""}"
64650,reflection,Method.invoke,"{""class"": ""java.util.Locale"", ""method"": ""readResolve""}"
64655,reflection,Method.invoke,"{""class"": ""java.util.Locale"", ""method"": ""readObject""}"
64660,reflection,Method.invoke,"{""class"": ""java.util.Locale"", ""method"": ""readResolve""}"
64665,reflection,Method.invoke,"{""class"": ""java.util.Locale"", ""method"": ""readObject""}"
64670,reflection,Method.invoke,"{""class"": ""java.util.Locale"", ""method"": ""readResolve""}"
64675,reflection,Method.invoke,"{""class"": ""java.util.Locale"", ""method"": ""readObject""}"
64679,reflection,Method.invoke,"{""class"": ""java.util.Locale"", ""method"": ""readResolve""}"
64684,reflection,Method.invoke,"{""class"": ""java.util.Locale"", ""method"": ""readObject""}"
64688,reflection,Method.invoke,"{""class"": ""java.util.Locale"", ""method"": ""readResolve""}"
64693,reflection,Method.invoke,"{""class"": ""java.util.Locale"", ""method"": ""readObject""}"
64698,reflection,Method.invoke,"{""class"": ""java.util.Locale"", ""method"": ""readResolve""}"
64703,reflection,Method.invoke,"{""class"": ""java.util.Locale"", ""method"": ""readObject""}"
64708,reflection,Method.invoke,"{""class"": ""java.util.Locale"", ""method"": ""readResolve""}"
64712,reflection,Method.invoke,"{""class"": ""java.util.Locale"", ""method"": ""readObject""}"
64717,reflection,Method.invoke,"{""class"": ""java.util.Locale"", ""method"": ""readResolve""}"
64721,reflection,Method.invoke,"{""class"": ""java.util.Locale"", ""method"": ""readObject""}"
64726,reflection,Method.invoke,"{""class"": ""java.util.Locale"", ""method"": ""readResolve""}"
64730,reflection,Method.invoke,"{""class"": ""java.util.Locale"", ""method"": ""readObject""}"
64735,reflection,Method.invoke,"{""class"": ""java.util.Locale"", ""method"": ""readResolve""}"
64739,reflection,Method.invoke,"{""class"": ""java.util.Locale"", ""method"": ""readObject""}"
64744,reflection,Method.invoke,"{""class"": ""java.util.Locale"", ""method"": ""readResolve""}"
64748,reflection,Method.invoke,"{""class"": ""java.util.Locale"", ""method"": ""readObject""}"
64753,reflection,Method.invoke,"{""class"": ""java.util.Locale"", ""method"": ""readResolve""}"
64758,reflection,Method.invoke,"{""class"": ""java.util.Locale"", ""method"": ""readObject""}"
64763,reflection,Method.invoke,"{""class"": ""java.util.Locale"", ""method"": ""readResolve""}"
64768,reflection,Method.invoke,"{""class"": ""java.util.Locale"", ""method"": ""readObject""}"
64772,reflection,Method.invoke,"{""class"": ""java.util.Locale"", ""method"": ""readResolve""}"
64777,reflection,Method.invoke,"{""class"": ""java.util.Locale"", ""method"": ""readObject""}"
64782,reflection,Method.invoke,"{""class"": ""java.util.Locale"", ""method"": ""readResolve""}"
64786,reflection,Method.invoke,"{""class"": ""java.util.Locale"", ""method"": ""readObject""}"
64791,reflection,Method.invoke,"{""class"": ""java.util.Locale"", ""method"": ""readResolve""}"
64795,reflection,Method.invoke,"{""class"": ""java.util.Locale"", ""method"": ""readObject""}"
64800,reflection,Method.invoke,"{""class"": ""java.util.Locale"", ""method"": ""readResolve""}"
64805,reflection,Method.invoke,"{""class"": ""java.util.Locale"", ""method"": ""readObject""}"
64809,reflection,Method.invoke,"{""class"": ""java.util.Locale"", ""method"": ""readResolve""}"
64815,reflection,Method.invoke,"{""class"": ""java.util.Locale"", ""method"": ""readObject""}"
64821,reflection,Method.invoke,"{""class"": ""java.util.Locale"", ""method"": ""readResolve""}"
64826,reflection,Method.invoke,"{""class"": ""java.util.Locale"", ""method"": ""readObject""}"
64830,reflection,Method.invoke,"{""class"": ""java.util.Locale"", ""method"": ""readResolve""}"
64835,reflection,Method.invoke,"{""class"": ""java.util.Locale"", ""method"": ""readObject""}"
64840,reflection,Method.invoke,"{""class"": ""java.util.Locale"", ""method"": ""readResolve""}"
64845,reflection,Method.invoke,"{""class"": ""java.util.Locale"", ""method"": ""readObject""}"
64849,reflection,Method.invoke,"{""class"": ""java.util.Locale"", ""method"": ""readResolve""}"
64854,reflection,Method.invoke,"{""class"": ""java.util.Locale"", ""method"": ""readObject""}"
64859,reflection,Method.invoke,"{""class"": ""java.util.Locale"", ""method"": ""readResolve""}"
64864,reflection,Method.invoke,"{""class"": ""java.util.Locale"", ""method"": ""readObject""}"
64868,reflection,Method.invoke,"{""class"": ""java.util.Locale"", ""method"": ""readResolve""}"
64872,reflection,Method.invoke,"{""class"": ""java.util.Locale"", ""method"": ""readObject""}"
64877,reflection,Method.invoke,"{""class"": ""java.util.Locale"", ""method"": ""readResolve""}"
64882,reflection,Method.invoke,"{""class"": ""java.util.Locale"", ""method"": ""readObject""}"
64887,reflection,Method.invoke,"{""class"": ""java.util.Locale"", ""method"": ""readResolve""}"
64891,reflection,Method.invoke,"{""class"": ""java.util.Locale"", ""method"": ""readObject""}"
64896,reflection,Method.invoke,"{""class"": ""java.util.Locale"", ""method"": ""readResolve""}"
64901,reflection,Method.invoke,"{""class"": ""java.util.Locale"", ""method"": ""readObject""}"
64906,reflection,Method.invoke,"{""class"": ""java.util.Locale"", ""method"": ""readResolve""}"
64910,reflection,Method.invoke,"{""class"": ""java.util.Locale"", ""method"": ""readObject""}"
64914,reflection,Method.invoke,"{""class"": ""java.util.Locale"", ""method"": ""readResolve""}"
64919,reflection,Method.invoke,"{""class"": ""java.util.Locale"", ""method"": ""readObject""}"
64923,reflection,Method.invoke,"{""class"": ""java.util.Locale"", ""method"": ""readResolve""}"
64928,reflection,Method.invoke,"{""class"": ""java.util.Locale"", ""method"": ""readObject""}"
64933,reflection,Method.invoke,"{""class"": ""java.util.Locale"", ""method"": ""readResolve""}"
64937,reflection,Method.invoke,"{""class"": ""java.util.Locale"", ""method"": ""readObject""}"
64942,reflection,Method.invoke,"{""class"": ""java.util.Locale"", ""method"": ""readResolve""}"
64947,reflection,Method.invoke,"{""class"": ""java.util.Locale"", ""method"": ""readObject""}"
64952,reflection,Method.invoke,"{""class"": ""java.util.Locale"", ""method"": ""readResolve""}"
64957,reflection,Method.invoke,"{""class"": ""java.util.Locale"", ""method"": ""readObject""}"
64961,reflection,Method.invoke,"{""class"": ""java.util.Locale"", ""method"": ""readResolve""}"
64966,reflection,Method.invoke,"{""class"": ""java.util.Locale"", ""method"": ""readObject""}"
64970,reflection,Method.invoke,"{""class"": ""java.util.Locale"", ""method"": ""readResolve""}"
64975,reflection,Method.invoke,"{""class"": ""java.util.Locale"", ""method"": ""readObject""}"
64980,reflection,Method.invoke,"{""class"": ""java.util.Locale"", ""method"": ""readResolve""}"
64985,reflection,Method.invoke,"{""class"": ""java.util.Locale"", ""method"": ""readObject""}"
64989,reflection,Method.invoke,"{""class"": ""java.util.Locale"", ""method"": ""readResolve""}"
64994,reflection,Method.invoke,"{""class"": ""java.util.Locale"", ""method"": ""readObject""}"
64998,reflection,Method.invoke,"{""class"": ""java.util.Locale"", ""method"": ""readResolve""}"
65003,reflection,Method.invoke,"{""class"": ""java.util.Locale"", ""method"": ""readObject""}"
65008,reflection,Method.invoke,"{""class"": ""java.util.Locale"", ""method"": ""readResolve""}"
65013,reflection,Method.invoke,"{""class"": ""java.util.Locale"", ""method"": ""readObject""}"
65018,reflection,Method.invoke,"{""class"": ""java.util.Locale"", ""method"": ""readResolve""}"
65022,reflection,Method.invoke,"{""class"": ""java.util.Locale"", ""method"": ""readObject""}"
65027,reflection,Method.invoke,"{""class"": ""java.util.Locale"", ""method"": ""readResolve""}"
65032,reflection,Method.invoke,"{""class"": ""java.util.Locale"", ""method"": ""readObject""}"
65036,reflection,Method.invoke,"{""class"": ""java.util.Locale"", ""method"": ""readResolve""}"
65041,reflection,Method.invoke,"{""class"": ""java.util.Locale"", ""method"": ""readObject""}"
65045,reflection,Method.invoke,"{""class"": ""java.util.Locale"", ""method"": ""readResolve""}"
65050,reflection,Method.invoke,"{""class"": ""java.util.Locale"", ""method"": ""readObject""}"
65054,reflection,Method.invoke,"{""class"": ""java.util.Locale"", ""method"": ""readResolve""}"
65059,reflection,Method.invoke,"{""class"": ""java.util.Locale"", ""method"": ""readObject""}"
65064,reflection,Method.invoke,"{""class"": ""java.util.Locale"", ""method"": ""readResolve""}"
65069,reflection,Method.invoke,"{""class"": ""java.util.Locale"", ""method"": ""readObject""}"
65074,reflection,Method.invoke,"{""class"": ""java.util.Locale"", ""method"": ""readResolve""}"
65078,reflection,Method.invoke,"{""class"": ""java.util.Locale"", ""method"": ""readObject""}"
65083,reflection,Method.invoke,"{""class"": ""java.util.Locale"", ""method"": ""readResolve""}"
65089,reflection,Method.invoke,"{""class"": ""java.util.Locale"", ""method"": ""readObject""}"
65094,reflection,Method.invoke,"{""class"": ""java.util.Locale"", ""method"": ""readResolve""}"
65099,reflection,Method.invoke,"{""class"": ""java.util.Locale"", ""method"": ""readObject""}"
65103,reflection,Method.invoke,"{""class"": ""java.util.Locale"", ""method"": ""readResolve""}"
65108,reflection,Method.invoke,"{""class"": ""java.util.Locale"", ""method"": ""readObject""}"
65112,reflection,Method.invoke,"{""class"": ""java.util.Locale"", ""method"": ""readResolve""}"
65118,reflection,Method.invoke,"{""class"": ""java.util.Locale"", ""method"": ""readObject""}"
65123,reflection,Method.invoke,"{""class"": ""java.util.Locale"", ""method"": ""readResolve""}"
65127,reflection,Method.invoke,"{""class"": ""java.util.Locale"", ""method"": ""readObject""}"
65132,reflection,Method.invoke,"{""class"": ""java.util.Locale"", ""method"": ""readResolve""}"
65137,reflection,Method.invoke,"{""class"": ""java.util.Locale"", ""method"": ""readObject""}"
65141,reflection,Method.invoke,"{""class"": ""java.util.Locale"", ""method"": ""readResolve""}"
65146,reflection,Method.invoke,"{""class"": ""java.util.Locale"", ""method"": ""readObject""}"
65151,reflection,Method.invoke,"{""class"": ""java.util.Locale"", ""method"": ""readResolve""}"
65155,reflection,Method.invoke,"{""class"": ""java.util.Locale"", ""method"": ""readObject""}"
65160,reflection,Method.invoke,"{""class"": ""java.util.Locale"", ""method"": ""readResolve""}"
65165,reflection,Method.invoke,"{""class"": ""java.util.Locale"", ""method"": ""readObject""}"
65169,reflection,Method.invoke,"{""class"": ""java.util.Locale"", ""method"": ""readResolve""}"
65174,reflection,Method.invoke,"{""class"": ""java.util.Locale"", ""method"": ""readObject""}"
65179,reflection,Method.invoke,"{""class"": ""java.util.Locale"", ""method"": ""readResolve""}"
65184,reflection,Method.invoke,"{""class"": ""java.util.Locale"", ""method"": ""readObject""}"
65188,reflection,Method.invoke,"{""class"": ""java.util.Locale"", ""method"": ""readResolve""}"
65193,reflection,Method.invoke,"{""class"": ""java.util.Locale"", ""method"": ""readObject""}"
65198,reflection,Method.invoke,"{""class"": ""java.util.Locale"", ""method"": ""readResolve""}"
65202,reflection,Method.invoke,"{""class"": ""java.util.Locale"", ""method"": ""readObject""}"
65207,reflection,Method.invoke,"{""class"": ""java.util.Locale"", ""method"": ""readResolve""}"
65212,reflection,Method.invoke,"{""class"": ""java.util.Locale"", ""method"": ""readObject""}"
65217,reflection,Method.invoke,"{""class"": ""java.util.Locale"", ""method"": ""readResolve""}"
65222,reflection,Method.invoke,"{""class"": ""java.util.Locale"", ""method"": ""readObject""}"
65226,reflection,Method.invoke,"{""class"": ""java.util.Locale"", ""method"": ""readResolve""}"
65231,reflection,Method.invoke,"{""class"": ""java.util.Locale"", ""method"": ""readObject""}"
65235,reflection,Method.invoke,"{""class"": ""java.util.Locale"", ""method"": ""readResolve""}"
65241,reflection,Method.invoke,"{""class"": ""java.util.Locale"", ""method"": ""readObject""}"
65245,reflection,Method.invoke,"{""class"": ""java.util.Locale"", ""method"": ""readResolve""}"
65250,reflection,Method.invoke,"{""class"": ""java.util.Locale"", ""method"": ""readObject""}"
65255,reflection,Method.invoke,"{""class"": ""java.util.Locale"", ""method"": ""readResolve""}"
65259,reflection,Method.invoke,"{""class"": ""java.util.Locale"", ""method"": ""readObject""}"
65264,reflection,Method.invoke,"{""class"": ""java.util.Locale"", ""method"": ""readResolve""}"
65268,reflection,Method.invoke,"{""class"": ""java.util.Locale"", ""method"": ""readObject""}"
65273,reflection,Method.invoke,"{""class"": ""java.util.Locale"", ""method"": ""readResolve""}"
65278,reflection,Method.invoke,"{""class"": ""java.util.Locale"", ""method"": ""readObject""}"
65283,reflection,Method.invoke,"{""class"": ""java.util.Locale"", ""method"": ""readResolve""}"
65288,reflection,Method.invoke,"{""class"": ""java.util.Locale"", ""method"": ""readObject""}"
65292,reflection,Method.invoke,"{""class"": ""java.util.Locale"", ""method"": ""readResolve""}"
65297,reflection,Method.invoke,"{""class"": ""java.util.Locale"", ""method"": ""readObject""}"
65301,reflection,Method.invoke,"{""class"": ""java.util.Locale"", ""method"": ""readResolve""}"
65307,reflection,Method.invoke,"{""class"": ""java.util.Locale"", ""method"": ""readObject""}"
65311,reflection,Method.invoke,"{""class"": ""java.util.Locale"", ""method"": ""readResolve""}"
65316,reflection,Method.invoke,"{""class"": ""java.util.Locale"", ""method"": ""readObject""}"
65320,reflection,Method.invoke,"{""class"": ""java.util.Locale"", ""method"": ""readResolve""}"
65325,reflection,Method.invoke,"{""class"": ""java.util.Locale"", ""method"": ""readObject""}"
65330,reflection,Method.invoke,"{""class"": ""java.util.Locale"", ""method"": ""readResolve""}"
65335,reflection,Method.invoke,"{""class"": ""java.util.Locale"", ""method"": ""readObject""}"
65339,reflection,Method.invoke,"{""class"": ""java.util.Locale"", ""method"": ""readResolve""}"
65344,reflection,Method.invoke,"{""class"": ""java.util.Locale"", ""method"": ""readObject""}"
65350,reflection,Method.invoke,"{""class"": ""java.util.Locale"", ""method"": ""readResolve""}"
65354,reflection,Method.invoke,"{""class"": ""java.util.Locale"", ""method"": ""readObject""}"
65359,reflection,Method.invoke,"{""class"": ""java.util.Locale"", ""method"": ""readResolve""}"
65363,reflection,Method.invoke,"{""class"": ""java.util.Locale"", ""method"": ""readObject""}"
65368,reflection,Method.invoke,"{""class"": ""java.util.Locale"", ""method"": ""readResolve""}"
65372,reflection,Method.invoke,"{""class"": ""java.util.Locale"", ""method"": ""readObject""}"
65377,reflection,Method.invoke,"{""class"": ""java.util.Locale"", ""method"": ""readResolve""}"
65383,reflection,Method.invoke,"{""class"": ""java.util.Locale"", ""method"": ""readObject""}"
65387,reflection,Method.invoke,"{""class"": ""java.util.Locale"", ""method"": ""readResolve""}"
65392,reflection,Method.invoke,"{""class"": ""java.util.Locale"", ""method"": ""readObject""}"
65396,reflection,Method.invoke,"{""class"": ""java.util.Locale"", ""method"": ""readResolve""}"
65401,reflection,Method.invoke,"{""class"": ""java.util.Locale"", ""method"": ""readObject""}"
65405,reflection,Method.invoke,"{""class"": ""java.util.Locale"", ""method"": ""readResolve""}"
65410,reflection,Method.invoke,"{""class"": ""java.util.Locale"", ""method"": ""readObject""}"
65414,reflection,Method.invoke,"{""class"": ""java.util.Locale"", ""method"": ""readResolve""}"
65419,reflection,Method.invoke,"{""class"": ""java.util.Locale"", ""method"": ""readObject""}"
65423,reflection,Method.invoke,"{""class"": ""java.util.Locale"", ""method"": ""readResolve""}"
65429,reflection,Method.invoke,"{""class"": ""java.util.Locale"", ""method"": ""readObject""}"
65434,reflection,Method.invoke,"{""class"": ""java.util.Locale"", ""method"": ""readResolve""}"
65439,reflection,Method.invoke,"{""class"": ""java.util.Locale"", ""method"": ""readObject""}"
65443,reflection,Method.invoke,"{""class"": ""java.util.Locale"", ""method"": ""readResolve""}"
65448,reflection,Method.invoke,"{""class"": ""java.util.Locale"", ""method"": ""readObject""}"
65452,reflection,Method.invoke,"{""class"": ""java.util.Locale"", ""method"": ""readResolve""}"
65457,reflection,Method.invoke,"{""class"": ""java.util.Locale"", ""method"": ""readObject""}"
65461,reflection,Method.invoke,"{""class"": ""java.util.Locale"", ""method"": ""readResolve""}"
65467,reflection,Method.invoke,"{""class"": ""java.util.Locale"", ""method"": ""readObject""}"
65471,reflection,Method.invoke,"{""class"": ""java.util.Locale"", ""method"": ""readResolve""}"
65477,reflection,Method.invoke,"{""class"": ""java.util.Locale"", ""method"": ""readObject""}"
65482,reflection,Method.invoke,"{""class"": ""java.util.Locale"", ""method"": ""readResolve""}"
65487,reflection,Method.invoke,"{""class"": ""java.util.Locale"", ""method"": ""readObject""}"
65492,reflection,Method.invoke,"{""class"": ""java.util.Locale"", ""method"": ""readResolve""}"
65497,reflection,Method.invoke,"{""class"": ""java.util.Locale"", ""method"": ""readObject""}"
65501,reflection,Method.invoke,"{""class"": ""java.util.Locale"", ""method"": ""readResolve""}"
65506,reflection,Method.invoke,"{""class"": ""java.util.Locale"", ""method"": ""readObject""}"
65510,reflection,Method.invoke,"{""class"": ""java.util.Locale"", ""method"": ""readResolve""}"
65515,reflection,Method.invoke,"{""class"": ""java.util.Locale"", ""method"": ""readObject""}"
65520,reflection,Method.invoke,"{""class"": ""java.util.Locale"", ""method"": ""readResolve""}"
65525,reflection,Method.invoke,"{""class"": ""java.util.Locale"", ""method"": ""readObject""}"
65530,reflection,Method.invoke,"{""class"": ""java.util.Locale"", ""method"": ""readResolve""}"
65535,reflection,Method.invoke,"{""class"": ""java.util.Locale"", ""method"": ""readObject""}"
65539,reflection,Method.invoke,"{""class"": ""java.util.Locale"", ""method"": ""readResolve""}"
65544,reflection,Method.invoke,"{""class"": ""java.util.Locale"", ""method"": ""readObject""}"
65549,reflection,Method.invoke,"{""class"": ""java.util.Locale"", ""method"": ""readResolve""}"
65553,reflection,Method.invoke,"{""class"": ""java.util.Locale"", ""method"": ""readObject""}"
65558,reflection,Method.invoke,"{""class"": ""java.util.Locale"", ""method"": ""readResolve""}"
65563,reflection,Method.invoke,"{""class"": ""java.util.Locale"", ""method"": ""readObject""}"
65568,reflection,Method.invoke,"{""class"": ""java.util.Locale"", ""method"": ""readResolve""}"
65573,reflection,Method.invoke,"{""class"": ""java.util.Locale"", ""method"": ""readObject""}"
65577,reflection,Method.invoke,"{""class"": ""java.util.Locale"", ""method"": ""readResolve""}"
65582,reflection,Method.invoke,"{""class"": ""java.util.Locale"", ""method"": ""readObject""}"
65586,reflection,Method.invoke,"{""class"": ""java.util.Locale"", ""method"": ""readResolve""}"
65591,reflection,Method.invoke,"{""class"": ""java.util.Locale"", ""method"": ""readObject""}"
65595,reflection,Method.invoke,"{""class"": ""java.util.Locale"", ""method"": ""readResolve""}"
65600,reflection,Method.invoke,"{""class"": ""java.util.Locale"", ""method"": ""readObject""}"
65604,reflection,Method.invoke,"{""class"": ""java.util.Locale"", ""method"": ""readResolve""}"
65609,reflection,Method.invoke,"{""class"": ""java.util.Locale"", ""method"": ""readObject""}"
65614,reflection,Method.invoke,"{""class"": ""java.util.Locale"", ""method"": ""readResolve""}"
65619,reflection,Method.invoke,"{""class"": ""java.util.Locale"", ""method"": ""readObject""}"
65624,reflection,Method.invoke,"{""class"": ""java.util.Locale"", ""method"": ""readResolve""}"
65629,reflection,Method.invoke,"{""class"": ""java.util.Locale"", ""method"": ""readObject""}"
65634,reflection,Method.invoke,"{""class"": ""java.util.Locale"", ""method"": ""readResolve""}"
65639,reflection,Method.invoke,"{""class"": ""java.util.Locale"", ""method"": ""readObject""}"
65644,reflection,Method.invoke,"{""class"": ""java.util.Locale"", ""method"": ""readResolve""}"
65649,reflection,Method.invoke,"{""class"": ""java.util.Locale"", ""method"": ""readObject""}"
65653,reflection,Method.invoke,"{""class"": ""java.util.Locale"", ""method"": ""readResolve""}"
65658,reflection,Method.invoke,"{""class"": ""java.util.Locale"", ""method"": ""readObject""}"
65662,reflection,Method.invoke,"{""class"": ""java.util.Locale"", ""method"": ""readResolve""}"
65668,reflection,Method.invoke,"{""class"": ""java.util.Locale"", ""method"": ""readObject""}"
65672,reflection,Method.invoke,"{""class"": ""java.util.Locale"", ""method"": ""readResolve""}"
65676,reflection,Method.invoke,"{""class"": ""java.util.Locale"", ""method"": ""readObject""}"
65681,reflection,Method.invoke,"{""class"": ""java.util.Locale"", ""method"": ""readResolve""}"
65686,reflection,Method.invoke,"{""class"": ""java.util.Locale"", ""method"": ""readObject""}"
65690,reflection,Method.invoke,"{""class"": ""java.util.Locale"", ""method"": ""readResolve""}"
65695,reflection,Method.invoke,"{""class"": ""java.util.Locale"", ""method"": ""readObject""}"
65699,reflection,Method.invoke,"{""class"": ""java.util.Locale"", ""method"": ""readResolve""}"
65704,reflection,Method.invoke,"{""class"": ""java.util.Locale"", ""method"": ""readObject""}"
65708,reflection,Method.invoke,"{""class"": ""java.util.Locale"", ""method"": ""readResolve""}"
65713,reflection,Method.invoke,"{""class"": ""java.util.Locale"", ""method"": ""readObject""}"
65718,reflection,Method.invoke,"{""class"": ""java.util.Locale"", ""method"": ""readResolve""}"
65722,reflection,Method.invoke,"{""class"": ""java.util.Locale"", ""method"": ""readObject""}"
65727,reflection,Method.invoke,"{""class"": ""java.util.Locale"", ""method"": ""readResolve""}"
65732,reflection,Method.invoke,"{""class"": ""java.util.Locale"", ""method"": ""readObject""}"
65736,reflection,Method.invoke,"{""class"": ""java.util.Locale"", ""method"": ""readResolve""}"
65741,reflection,Method.invoke,"{""class"": ""java.util.Locale"", ""method"": ""readObject""}"
65745,reflection,Method.invoke,"{""class"": ""java.util.Locale"", ""method"": ""readResolve""}"
65751,reflection,Method.invoke,"{""class"": ""java.util.Locale"", ""method"": ""readObject""}"
65755,reflection,Method.invoke,"{""class"": ""java.util.Locale"", ""method"": ""readResolve""}"
65761,reflection,Method.invoke,"{""class"": ""java.util.Locale"", ""method"": ""readObject""}"
65765,reflection,Method.invoke,"{""class"": ""java.util.Locale"", ""method"": ""readResolve""}"
65770,reflection,Method.invoke,"{""class"": ""java.util.Locale"", ""method"": ""readObject""}"
65774,reflection,Method.invoke,"{""class"": ""java.util.Locale"", ""method"": ""readResolve""}"
65779,reflection,Method.invoke,"{""class"": ""java.util.Locale"", ""method"": ""readObject""}"
65783,reflection,Method.invoke,"{""class"": ""java.util.Locale"", ""method"": ""readResolve""}"
65788,reflection,Method.invoke,"{""class"": ""java.util.Locale"", ""method"": ""readObject""}"
65793,reflection,Method.invoke,"{""class"": ""java.util.Locale"", ""method"": ""readResolve""}"
65798,reflection,Method.invoke,"{""class"": ""java.util.Locale"", ""method"": ""readObject""}"
65802,reflection,Method.invoke,"{""class"": ""java.util.Locale"", ""method"": ""readResolve""}"
65807,reflection,Method.invoke,"{""class"": ""java.util.Locale"", ""method"": ""readObject""}"
65812,reflection,Method.invoke,"{""class"": ""java.util.Locale"", ""method"": ""readResolve""}"
65818,reflection,Method.invoke,"{""class"": ""java.util.Locale"", ""method"": ""readObject""}"
65823,reflection,Method.invoke,"{""class"": ""java.util.Locale"", ""method"": ""readResolve""}"
65829,reflection,Method.invoke,"{""class"": ""java.util.Locale"", ""method"": ""readObject""}"
65834,reflection,Method.invoke,"{""class"": ""java.util.Locale"", ""method"": ""readResolve""}"
65840,reflection,Method.invoke,"{""class"": ""java.util.Locale"", ""method"": ""readObject""}"
65844,reflection,Method.invoke,"{""class"": ""java.util.Locale"", ""method"": ""readResolve""}"
65850,reflection,Method.invoke,"{""class"": ""java.util.Locale"", ""method"": ""readObject""}"
65854,reflection,Method.invoke,"{""class"": ""java.util.Locale"", ""method"": ""readResolve""}"
65860,reflection,Method.invoke,"{""class"": ""java.util.Locale"", ""method"": ""readObject""}"
65864,reflection,Method.invoke,"{""class"": ""java.util.Locale"", ""method"": ""readResolve""}"
65869,reflection,Method.invoke,"{""class"": ""java.util.Locale"", ""method"": ""readObject""}"
65874,reflection,Method.invoke,"{""class"": ""java.util.Locale"", ""method"": ""readResolve""}"
65881,reflection,Method.invoke,"{""class"": ""java.util.Locale"", ""method"": ""readObject""}"
65885,reflection,Method.invoke,"{""class"": ""java.util.Locale"", ""method"": ""readResolve""}"
65891,reflection,Method.invoke,"{""class"": ""java.util.Locale"", ""method"": ""readObject""}"
65895,reflection,Method.invoke,"{""class"": ""java.util.Locale"", ""method"": ""readResolve""}"
65900,reflection,Method.invoke,"{""class"": ""java.util.Locale"", ""method"": ""readObject""}"
65904,reflection,Method.invoke,"{""class"": ""java.util.Locale"", ""method"": ""readResolve""}"
65910,reflection,Method.invoke,"{""class"": ""java.util.Locale"", ""method"": ""readObject""}"
65914,reflection,Method.invoke,"{""class"": ""java.util.Locale"", ""method"": ""readResolve""}"
65919,reflection,Method.invoke,"{""class"": ""java.util.Locale"", ""method"": ""readObject""}"
65923,reflection,Method.invoke,"{""class"": ""java.util.Locale"", ""method"": ""readResolve""}"
65928,reflection,Method.invoke,"{""class"": ""java.util.Locale"", ""method"": ""readObject""}"
65933,reflection,Method.invoke,"{""class"": ""java.util.Locale"", ""method"": ""readResolve""}"
65938,reflection,Method.invoke,"{""class"": ""java.util.Locale"", ""method"": ""readObject""}"
65943,reflection,Method.invoke,"{""class"": ""java.util.Locale"", ""method"": ""readResolve""}"
65949,reflection,Method.invoke,"{""class"": ""java.util.Locale"", ""method"": ""readObject""}"
65958,reflection,Method.invoke,"{""class"": ""java.util.Locale"", ""method"": ""readResolve""}"
65964,reflection,Method.invoke,"{""class"": ""java.util.Locale"", ""method"": ""readObject""}"
65968,reflection,Method.invoke,"{""class"": ""java.util.Locale"", ""method"": ""readResolve""}"
65973,reflection,Method.invoke,"{""class"": ""java.util.Locale"", ""method"": ""readObject""}"
65978,reflection,Method.invoke,"{""class"": ""java.util.Locale"", ""method"": ""readResolve""}"
65983,reflection,Method.invoke,"{""class"": ""java.util.Locale"", ""method"": ""readObject""}"
65987,reflection,Method.invoke,"{""class"": ""java.util.Locale"", ""method"": ""readResolve""}"
65993,reflection,Method.invoke,"{""class"": ""java.util.Locale"", ""method"": ""readObject""}"
65997,reflection,Method.invoke,"{""class"": ""java.util.Locale"", ""method"": ""readResolve""}"
66002,reflection,Method.invoke,"{""class"": ""java.util.Locale"", ""method"": ""readObject""}"
66006,reflection,Method.invoke,"{""class"": ""java.util.Locale"", ""method"": ""readResolve""}"
66011,reflection,Method.invoke,"{""class"": ""java.util.Locale"", ""method"": ""readObject""}"
66016,reflection,Method.invoke,"{""class"": ""java.util.Locale"", ""method"": ""readResolve""}"
66021,reflection,Method.invoke,"{""class"": ""java.util.Locale"", ""method"": ""readObject""}"
66026,reflection,Method.invoke,"{""class"": ""java.util.Locale"", ""method"": ""readResolve""}"
66030,reflection,Method.invoke,"{""class"": ""java.util.Locale"", ""method"": ""readObject""}"
66035,reflection,Method.invoke,"{""class"": ""java.util.Locale"", ""method"": ""readResolve""}"
66039,reflection,Method.invoke,"{""class"": ""java.util.Locale"", ""method"": ""readObject""}"
66044,reflection,Method.invoke,"{""class"": ""java.util.Locale"", ""method"": ""readResolve""}"
66049,reflection,Method.invoke,"{""class"": ""java.util.Locale"", ""method"": ""readObject""}"
66053,reflection,Method.invoke,"{""class"": ""java.util.Locale"", ""method"": ""readResolve""}"
66057,reflection,Method.invoke,"{""class"": ""java.util.Locale"", ""method"": ""readObject""}"
66062,reflection,Method.invoke,"{""class"": ""java.util.Locale"", ""method"": ""readResolve""}"
66067,reflection,Method.invoke,"{""class"": ""java.util.Locale"", ""method"": ""readObject""}"
66072,reflection,Method.invoke,"{""class"": ""java.util.Locale"", ""method"": ""readResolve""}"
66077,reflection,Method.invoke,"{""class"": ""java.util.Locale"", ""method"": ""readObject""}"
66082,reflection,Method.invoke,"{""class"": ""java.util.Locale"", ""method"": ""readResolve""}"
66088,reflection,Method.invoke,"{""class"": ""java.util.Locale"", ""method"": ""readObject""}"
66092,reflection,Method.invoke,"{""class"": ""java.util.Locale"", ""method"": ""readResolve""}"
66097,reflection,Method.invoke,"{""class"": ""java.util.Locale"", ""method"": ""readObject""}"
66102,reflection,Method.invoke,"{""class"": ""java.util.Locale"", ""method"": ""readResolve""}"
66107,reflection,Method.invoke,"{""class"": ""java.util.Locale"", ""method"": ""readObject""}"
66111,reflection,Method.invoke,"{""class"": ""java.util.Locale"", ""method"": ""readResolve""}"
66116,reflection,Method.invoke,"{""class"": ""java.util.Locale"", ""method"": ""readObject""}"
66120,reflection,Method.invoke,"{""class"": ""java.util.Locale"", ""method"": ""readResolve""}"
66125,reflection,Method.invoke,"{""class"": ""java.util.Locale"", ""method"": ""readObject""}"
66130,reflection,Method.invoke,"{""class"": ""java.util.Locale"", ""method"": ""readResolve""}"
66135,reflection,Method.invoke,"{""class"": ""java.util.Locale"", ""method"": ""readObject""}"
66140,reflection,Method.invoke,"{""class"": ""java.util.Locale"", ""method"": ""readResolve""}"
66145,reflection,Method.invoke,"{""class"": ""java.util.Locale"", ""method"": ""readObject""}"
66150,reflection,Method.invoke,"{""class"": ""java.util.Locale"", ""method"": ""readResolve""}"
66156,reflection,Method.invoke,"{""class"": ""java.util.Locale"", ""method"": ""readObject""}"
66160,reflection,Method.invoke,"{""class"": ""java.util.Locale"", ""method"": ""readResolve""}"
67838,reflection,Method.invoke,"{""class"": ""android.view.View"", ""method"": ""getElevation""}"
67856,reflection,Method.invoke,"{""class"": ""org.fossasia.susi.ai.chat.ChatActivity"", ""method"": ""openSettings""}"
67910,reflection,Method.invoke,"{""class"": ""android.view.ViewGroup"", ""method"": ""makeOptionalFitsSystemWindows""}"
67927,storage,SharedPreferences.getString,"{""key"": ""prefLanguage""}"
67944,network,okhttp3.RealCall.enqueue,"{""method"": ""GET"", ""url"": ""https://api.susi.ai/cms/getSkillMetricsData.json?model=general&language=en""}"
67955,reflection,Method.invoke,"{""class"": ""dalvik.system.CloseGuard"", ""method"": ""get""}"
67963,reflection,Method.invoke,"{""class"": ""dalvik.system.CloseGuard"", ""method"": ""open""}"
67973,network,Socket.connect,"{""endpoint"": ""api.susi.ai/167.235.1.187:443""}"
68009,reflection,Method.invoke,"{""class"": ""android.view.View"", ""method"": ""getElevation""}"
68016,reflection,Method.invoke,"{""class"": ""com.android.org.conscrypt.ConscryptFileDescriptorSocket"", ""method"": ""setUseSessionTickets""}"
68016,reflection,Method.invoke,"{""class"": ""com.android.org.conscrypt.ConscryptFileDescriptorSocket"", ""method"": ""setHostname""}"
68016,reflection,Method.invoke,"{""class"": ""com.android.org.conscrypt.OpenSSLSocketImpl"", ""method"": ""setAlpnProtocols""}"
68061,crypto,MessageDigest.getInstance,"{""algorithm"": ""MD5""}"
68061,crypto,MessageDigest.digest,{}
68062,crypto,MessageDigest.getInstance,"{""algorithm"": ""SHA1""}"
68062,crypto,MessageDigest.digest,{}
68062,crypto,MessageDigest.getInstance,"{""algorithm"": ""MD5""}"
68062,crypto,MessageDigest.digest,{}
68062,crypto,MessageDigest.getInstance,"{""algorithm"": ""SHA1""}"
68062,crypto,MessageDigest.digest,{}
68062,crypto,MessageDigest.getInstance,"{""algorithm"": ""MD5""}"
68062,crypto,MessageDigest.digest,{}
68063,crypto,MessageDigest.getInstance,"{""algorithm"": ""SHA1""}"
68063,crypto,MessageDigest.digest,{}
68063,crypto,MessageDigest.getInstance,"{""algorithm"": ""MD5""}"
68063,crypto,MessageDigest.digest,{}
68063,crypto,MessageDigest.getInstance,"{""algorithm"": ""SHA1""}"
68063,crypto,MessageDigest.digest,{}
68063,crypto,MessageDigest.getInstance,"{""algorithm"": ""SHA1""}"
68063,crypto,MessageDigest.digest,{}
68063,crypto,MessageDigest.getInstance,"{""algorithm"": ""SHA1""}"
68064,crypto,MessageDigest.digest,{}
68064,crypto,MessageDigest.getInstance,"{""algorithm"": ""SHA1""}"
68064,crypto,MessageDigest.digest,{}
68064,crypto,MessageDigest.getInstance,"{""algorithm"": ""SHA1""}"
68064,crypto,MessageDigest.digest,{}
68064,crypto,MessageDigest.getInstance,"{""algorithm"": ""SHA1""}"
68064,crypto,MessageDigest.digest,{}
68065,crypto,MessageDigest.getInstance,"{""algorithm"": ""SHA1""}"
68065,crypto,MessageDigest.digest,{}
68072,crypto,MessageDigest.getInstance,"{""algorithm"": ""SHA-256""}"
68073,crypto,MessageDigest.digest,{}
70995,reflection,Method.invoke,"{""class"": ""android.widget.PopupWindow"", ""method"": ""getMaxAvailableHeight""}"
71007,reflection,Method.invoke,"{""class"": ""android.widget.PopupWindow"", ""method"": ""setClipToScreenEnabled""}"
71012,reflection,Method.invoke,"{""class"": ""android.widget.PopupWindow"", ""method"": ""setEpicenterBounds""}"
71039,reflection,Method.invoke,"{""class"": ""android.widget.PopupWindow"", ""method"": ""getMaxAvailableHeight""}"
71057,reflection,Method.invoke,"{""class"": ""android.view.View"", ""method"": ""getTransitionAlpha""}"
74087,reflection,Method.invoke,"{""class"": ""android.view.View"", ""method"": ""getTransitionAlpha""}"
76935,reflection,Method.invoke,"{""class"": ""android.widget.PopupWindow"", ""method"": ""getMaxAvailableHeight""}"
76951,reflection,Method.invoke,"{""class"": ""android.widget.PopupWindow"", ""method"": ""setClipToScreenEnabled""}"
76963,reflection,Method.invoke,"{""class"": ""android.widget.PopupWindow"", ""method"": ""setEpicenterBounds""}"
76994,reflection,Method.invoke,"{""class"": ""android.widget.PopupWindow"", ""method"": ""getMaxAvailableHeight""}"
77030,reflection,Method.invoke,"{""class"": ""android.view.View"", ""method"": ""getTransitionAlpha""}"
80054,reflection,Method.invoke,"{""class"": ""android.view.View"", ""method"": ""getTransitionAlpha""}"
82951,reflection,Method.invoke,"{""class"": ""android.view.ViewGroup"", ""method"": ""makeOptionalFitsSystemWindows""}"
82980,storage,SharedPreferences.apply,{}
82987,audio,MediaRecorder.setAudioSource,"{""audioSource"": 1}"
83020,network,okhttp3.RealCall.enqueue,"{""method"": ""GET"", ""url"": ""http://ipinfo.io/json""}"
83029,reflection,Method.invoke,"{""class"": ""dalvik.system.CloseGuard"", ""method"": ""get""}"
83053,reflection,Method.invoke,"{""class"": ""dalvik.system.CloseGuard"", ""method"": ""open""}"
83069,location,LocationManager.requestLocationUpdates,"{""minDistance"": 10, ""minTime"": ""300000"", ""provider"": ""network""}"
83076,reflection,Method.invoke,"{""class"": ""android.security.NetworkSecurityPolicy"", ""method"": ""getInstance""}"
83096,reflection,Method.invoke,"{""class"": ""android.security.NetworkSecurityPolicy"", ""method"": ""isCleartextTrafficPermitted""}"
83107,location,LocationManager.requestLocationUpdates,"{""minDistance"": 10, ""minTime"": ""300000"", ""provider"": ""gps""}"
83167,reflection,Method.invoke,"{""class"": ""android.view.View"", ""method"": ""getElevation""}"
83179,reflection,Method.invoke,"{""class"": ""android.view.View"", ""method"": ""getElevation""}"
83194,reflection,Method.invoke,"{""class"": ""android.view.View"", ""method"": ""getElevation""}"
83218,reflection,Method.invoke,"{""class"": ""android.view.View"", ""method"": ""getElevation""}"
83290,ipc_intents,Context.bindService,"{""action"": ""android.intent.action.TTS_SERVICE"", ""flags"": 1, ""target"": ""android.intent.action.TTS_SERVICE""}"
83362,reflection,Method.invoke,"{""class"": ""java.util.Locale"", ""method"": ""readObject""}"
83374,reflection,Method.invoke,"{""class"": ""java.util.Locale"", ""method"": ""readResolve""}"
83387,reflection,Method.invoke,"{""class"": ""java.util.Locale"", ""method"": ""readObject""}"
83393,reflection,Method.invoke,"{""class"": ""java.util.Locale"", ""method"": ""readResolve""}"
83405,reflection,Method.invoke,"{""class"": ""java.util.Locale"", ""method"": ""readObject""}"
83411,reflection,Method.invoke,"{""class"": ""java.util.Locale"", ""method"": ""readResolve""}"
83425,reflection,Method.invoke,"{""class"": ""java.util.Locale"", ""method"": ""readObject""}"
83437,reflection,Method.invoke,"{""class"": ""java.util.Locale"", ""method"": ""readResolve""}"
83443,reflection,Method.invoke,"{""class"": ""java.util.Locale"", ""method"": ""readObject""}"
83453,reflection,Method.invoke,"{""class"": ""java.util.Locale"", ""method"": ""readResolve""}"
83459,reflection,Method.invoke,"{""class"": ""java.util.Locale"", ""method"": ""readObject""}"
83469,reflection,Method.invoke,"{""class"": ""java.util.Locale"", ""method"": ""readResolve""}"
83476,reflection,Method.invoke,"{""class"": ""java.util.Locale"", ""method"": ""readObject""}"
83485,reflection,Method.invoke,"{""class"": ""java.util.Locale"", ""method"": ""readResolve""}"
83492,reflection,Method.invoke,"{""class"": ""java.util.Locale"", ""method"": ""readObject""}"
83498,reflection,Method.invoke,"{""class"": ""java.util.Locale"", ""method"": ""readResolve""}"
83504,reflection,Method.invoke,"{""class"": ""java.util.Locale"", ""method"": ""readObject""}"
83510,reflection,Method.invoke,"{""class"": ""java.util.Locale"", ""method"": ""readResolve""}"
83517,reflection,Method.invoke,"{""class"": ""java.util.Locale"", ""method"": ""readObject""}"
83523,reflection,Method.invoke,"{""class"": ""java.util.Locale"", ""method"": ""readResolve""}"
83529,reflection,Method.invoke,"{""class"": ""java.util.Locale"", ""method"": ""readObject""}"
83535,reflection,Method.invoke,"{""class"": ""java.util.Locale"", ""method"": ""readResolve""}"
83541,reflection,Method.invoke,"{""class"": ""java.util.Locale"", ""method"": ""readObject""}"
83547,reflection,Method.invoke,"{""class"": ""java.util.Locale"", ""method"": ""readResolve""}"
83553,reflection,Method.invoke,"{""class"": ""java.util.Locale"", ""method"": ""readObject""}"
83574,reflection,Method.invoke,"{""class"": ""java.util.Locale"", ""method"": ""readResolve""}"
83580,reflection,Method.invoke,"{""class"": ""java.util.Locale"", ""method"": ""readObject""}"
83586,reflection,Method.invoke,"{""class"": ""java.util.Locale"", ""method"": ""readResolve""}"
83592,reflection,Method.invoke,"{""class"": ""java.util.Locale"", ""method"": ""readObject""}"
83598,reflection,Method.invoke,"{""class"": ""java.util.Locale"", ""method"": ""readResolve""}"
83604,reflection,Method.invoke,"{""class"": ""java.util.Locale"", ""method"": ""readObject""}"
83610,reflection,Method.invoke,"{""class"": ""java.util.Locale"", ""method"": ""readResolve""}"
83617,reflection,Method.invoke,"{""class"": ""java.util.Locale"", ""method"": ""readObject""}"
83623,reflection,Method.invoke,"{""class"": ""java.util.Locale"", ""method"": ""readResolve""}"
83629,reflection,Method.invoke,"{""class"": ""java.util.Locale"", ""method"": ""readObject""}"
83635,reflection,Method.invoke,"{""class"": ""java.util.Locale"", ""method"": ""readResolve""}"
83641,reflection,Method.invoke,"{""class"": ""java.util.Locale"", ""method"": ""readObject""}"
83646,reflection,Method.invoke,"{""class"": ""java.util.Locale"", ""method"": ""readResolve""}"
83653,reflection,Method.invoke,"{""class"": ""java.util.Locale"", ""method"": ""readObject""}"
83658,reflection,Method.invoke,"{""class"": ""java.util.Locale"", ""method"": ""readResolve""}"
83665,reflection,Method.invoke,"{""class"": ""java.util.Locale"", ""method"": ""readObject""}"
83670,reflection,Method.invoke,"{""class"": ""java.util.Locale"", ""method"": ""readResolve""}"
83676,reflection,Method.invoke,"{""class"": ""java.util.Locale"", ""method"": ""readObject""}"
83682,reflection,Method.invoke,"{""class"": ""java.util.Locale"", ""method"": ""readResolve""}"
83689,reflection,Method.invoke,"{""class"": ""java.util.Locale"", ""method"": ""readObject""}"
83695,reflection,Method.invoke,"{""class"": ""java.util.Locale"", ""method"": ""readResolve""}"
83701,reflection,Method.invoke,"{""class"": ""java.util.Locale"", ""method"": ""readObject""}"
83707,reflection,Method.invoke,"{""class"": ""java.util.Locale"", ""method"": ""readResolve""}"
83713,reflection,Method.invoke,"{""class"": ""java.util.Locale"", ""method"": ""readObject""}"
83719,reflection,Method.invoke,"{""class"": ""java.util.Locale"", ""method"": ""readResolve""}"
83725,reflection,Method.invoke,"{""class"": ""java.util.Locale"", ""method"": ""readObject""}"
83730,reflection,Method.invoke,"{""class"": ""java.util.Locale"", ""method"": ""readResolve""}"
83737,reflection,Method.invoke,"{""class"": ""java.util.Locale"", ""method"": ""readObject""}"
83742,reflection,Method.invoke,"{""class"": ""java.util.Locale"", ""method"": ""readResolve""}"
83749,reflection,Method.invoke,"{""class"": ""java.util.Locale"", ""method"": ""readObject""}"
83754,reflection,Method.invoke,"{""class"": ""java.util.Locale"", ""method"": ""readResolve""}"
83761,reflection,Method.invoke,"{""class"": ""java.util.Locale"", ""method"": ""readObject""}"
83767,reflection,Method.invoke,"{""class"": ""java.util.Locale"", ""method"": ""readResolve""}"
83773,reflection,Method.invoke,"{""class"": ""java.util.Locale"", ""method"": ""readObject""}"
83779,reflection,Method.invoke,"{""class"": ""java.util.Locale"", ""method"": ""readResolve""}"
83785,reflection,Method.invoke,"{""class"": ""java.util.Locale"", ""method"": ""readObject""}"
83791,reflection,Method.invoke,"{""class"": ""java.util.Locale"", ""method"": ""readResolve""}"
83797,reflection,Method.invoke,"{""class"": ""java.util.Locale"", ""method"": ""readObject""}"
83803,reflection,Method.invoke,"{""class"": ""java.util.Locale"", ""method"": ""readResolve""}"
83809,reflection,Method.invoke,"{""class"": ""java.util.Locale"", ""method"": ""readObject""}"
83815,reflection,Method.invoke,"{""class"": ""java.util.Locale"", ""method"": ""readResolve""}"
83822,reflection,Method.invoke,"{""class"": ""java.util.Locale"", ""method"": ""readObject""}"
83827,reflection,Method.invoke,"{""class"": ""java.util.Locale"", ""method"": ""readResolve""}"
83833,reflection,Method.invoke,"{""class"": ""java.util.Locale"", ""method"": ""readObject""}"
83839,reflection,Method.invoke,"{""class"": ""java.util.Locale"", ""method"": ""readResolve""}"
83845,reflection,Method.invoke,"{""class"": ""java.util.Locale"", ""method"": ""readObject""}"
83851,reflection,Method.invoke,"{""class"": ""java.util.Locale"", ""method"": ""readResolve""}"
83857,reflection,Method.invoke,"{""class"": ""java.util.Locale"", ""method"": ""readObject""}"
83863,reflection,Method.invoke,"{""class"": ""java.util.Locale"", ""method"": ""readResolve""}"
83869,reflection,Method.invoke,"{""class"": ""java.util.Locale"", ""method"": ""readObject""}"
83875,reflection,Method.invoke,"{""class"": ""java.util.Locale"", ""method"": ""readResolve""}"
83881,reflection,Method.invoke,"{""class"": ""java.util.Locale"", ""method"": ""readObject""}"
83887,reflection,Method.invoke,"{""class"": ""java.util.Locale"", ""method"": ""readResolve""}"
83893,reflection,Method.invoke,"{""class"": ""java.util.Locale"", ""method"": ""readObject""}"
83899,reflection,Method.invoke,"{""class"": ""java.util.Locale"", ""method"": ""readResolve""}"
83905,reflection,Method.invoke,"{""class"": ""java.util.Locale"", ""method"": ""readObject""}"
83911,reflection,Method.invoke,"{""class"": ""java.util.Locale"", ""method"": ""readResolve""}"
83917,reflection,Method.invoke,"{""class"": ""java.util.Locale"", ""method"": ""readObject""}"
83923,reflection,Method.invoke,"{""class"": ""java.util.Locale"", ""method"": ""readResolve""}"
83929,reflection,Method.invoke,"{""class"": ""java.util.Locale"", ""method"": ""readObject""}"
83935,reflection,Method.invoke,"{""class"": ""java.util.Locale"", ""method"": ""readResolve""}"
83941,reflection,Method.invoke,"{""class"": ""java.util.Locale"", ""method"": ""readObject""}"
83947,reflection,Method.invoke,"{""class"": ""java.util.Locale"", ""method"": ""readResolve""}"
83954,reflection,Method.invoke,"{""class"": ""java.util.Locale"", ""method"": ""readObject""}"
83959,reflection,Method.invoke,"{""class"": ""java.util.Locale"", ""method"": ""readResolve""}"
83966,reflection,Method.invoke,"{""class"": ""java.util.Locale"", ""method"": ""readObject""}"
83972,reflection,Method.invoke,"{""class"": ""java.util.Locale"", ""method"": ""readResolve""}"
83978,reflection,Method.invoke,"{""class"": ""java.util.Locale"", ""method"": ""readObject""}"
83984,reflection,Method.invoke,"{""class"": ""java.util.Locale"", ""method"": ""readResolve""}"
83990,reflection,Method.invoke,"{""class"": ""java.util.Locale"", ""method"": ""readObject""}"
83996,reflection,Method.invoke,"{""class"": ""java.util.Locale"", ""method"": ""readResolve""}"
84002,reflection,Method.invoke,"{""class"": ""java.util.Locale"", ""method"": ""readObject""}"
84008,reflection,Method.invoke,"{""class"": ""java.util.Locale"", ""method"": ""readResolve""}"
84014,reflection,Method.invoke,"{""class"": ""java.util.Locale"", ""method"": ""readObject""}"
84020,reflection,Method.invoke,"{""class"": ""java.util.Locale"", ""method"": ""readResolve""}"
84026,reflection,Method.invoke,"{""class"": ""java.util.Locale"", ""method"": ""readObject""}"
84032,reflection,Method.invoke,"{""class"": ""java.util.Locale"", ""method"": ""readResolve""}"
84038,reflection,Method.invoke,"{""class"": ""java.util.Locale"", ""method"": ""readObject""}"
84044,reflection,Method.invoke,"{""class"": ""java.util.Locale"", ""method"": ""readResolve""}"
84050,reflection,Method.invoke,"{""class"": ""java.util.Locale"", ""method"": ""readObject""}"
84056,reflection,Method.invoke,"{""class"": ""java.util.Locale"", ""method"": ""readResolve""}"
84062,reflection,Method.invoke,"{""class"": ""java.util.Locale"", ""method"": ""readObject""}"
84068,reflection,Method.invoke,"{""class"": ""java.util.Locale"", ""method"": ""readResolve""}"
84074,reflection,Method.invoke,"{""class"": ""java.util.Locale"", ""method"": ""readObject""}"
84080,reflection,Method.invoke,"{""class"": ""java.util.Locale"", ""method"": ""readResolve""}"
84086,reflection,Method.invoke,"{""class"": ""java.util.Locale"", ""method"": ""readObject""}"
84092,reflection,Method.invoke,"{""class"": ""java.util.Locale"", ""method"": ""readResolve""}"
84098,reflection,Method.invoke,"{""class"": ""java.util.Locale"", ""method"": ""readObject""}"
84104,reflection,Method.invoke,"{""class"": ""java.util.Locale"", ""method"": ""readResolve""}"
84113,reflection,Method.invoke,"{""class"": ""java.util.Locale"", ""method"": ""readObject""}"
84119,reflection,Method.invoke,"{""class"": ""java.util.Locale"", ""method"": ""readResolve""}"
84125,reflection,Method.invoke,"{""class"": ""java.util.Locale"", ""method"": ""readObject""}"
84131,reflection,Method.invoke,"{""class"": ""java.util.Locale"", ""method"": ""readResolve""}"
84137,reflection,Method.invoke,"{""class"": ""java.util.Locale"", ""method"": ""readObject""}"
84145,reflection,Method.invoke,"{""class"": ""java.util.Locale"", ""method"": ""readResolve""}"
84151,reflection,Method.invoke,"{""class"": ""java.util.Locale"", ""method"": ""readObject""}"
84157,reflection,Method.invoke,"{""class"": ""java.util.Locale"", ""method"": ""readResolve""}"
84164,reflection,Method.invoke,"{""class"": ""java.util.Locale"", ""method"": ""readObject""}"
84169,reflection,Method.invoke,"{""class"": ""java.util.Locale"", ""method"": ""readResolve""}"
84176,reflection,Method.invoke,"{""class"": ""java.util.Locale"", ""method"": ""readObject""}"
84181,reflection,Method.invoke,"{""class"": ""java.util.Locale"", ""method"": ""readResolve""}"
84188,reflection,Method.invoke,"{""class"": ""java.util.Locale"", ""method"": ""readObject""}"
84193,reflection,Method.invoke,"{""class"": ""java.util.Locale"", ""method"": ""readResolve""}"
84200,reflection,Method.invoke,"{""class"": ""java.util.Locale"", ""method"": ""readObject""}"
84205,reflection,Method.invoke,"{""class"": ""java.util.Locale"", ""method"": ""readResolve""}"
84211,reflection,Method.invoke,"{""class"": ""java.util.Locale"", ""method"": ""readObject""}"
84217,reflection,Method.invoke,"{""class"": ""java.util.Locale"", ""method"": ""readResolve""}"
84224,reflection,Method.invoke,"{""class"": ""java.util.Locale"", ""method"": ""readObject""}"
84229,reflection,Method.invoke,"{""class"": ""java.util.Locale"", ""method"": ""readResolve""}"
84236,reflection,Method.invoke,"{""class"": ""java.util.Locale"", ""method"": ""readObject""}"
84241,reflection,Method.invoke,"{""class"": ""java.util.Locale"", ""method"": ""readResolve""}"
84248,reflection,Method.invoke,"{""class"": ""java.util.Locale"", ""method"": ""readObject""}"
84253,reflection,Method.invoke,"{""class"": ""java.util.Locale"", ""method"": ""readResolve""}"
84259,reflection,Method.invoke,"{""class"": ""java.util.Locale"", ""method"": ""readObject""}"
84265,reflection,Method.invoke,"{""class"": ""java.util.Locale"", ""method"": ""readResolve""}"
84271,reflection,Method.invoke,"{""class"": ""java.util.Locale"", ""method"": ""readObject""}"
84277,reflection,Method.invoke,"{""class"": ""java.util.Locale"", ""method"": ""readResolve""}"
84283,reflection,Method.invoke,"{""class"": ""java.util.Locale"", ""method"": ""readObject""}"
84289,reflection,Method.invoke,"{""class"": ""java.util.Locale"", ""method"": ""readResolve""}"
84296,reflection,Method.invoke,"{""class"": ""java.util.Locale"", ""method"": ""readObject""}"
84301,reflection,Method.invoke,"{""class"": ""java.util.Locale"", ""method"": ""readResolve""}"
84308,reflection,Method.invoke,"{""class"": ""java.util.Locale"", ""method"": ""readObject""}"
84313,reflection,Method.invoke,"{""class"": ""java.util.Locale"", ""method"": ""readResolve""}"
84320,reflection,Method.invoke,"{""class"": ""java.util.Locale"", ""method"": ""readObject""}"
84325,reflection,Method.invoke,"{""class"": ""java.util.Locale"", ""method"": ""readResolve""}"
84332,reflection,Method.invoke,"{""class"": ""java.util.Locale"", ""method"": ""readObject""}"
84338,reflection,Method.invoke,"{""class"": ""java.util.Locale"", ""method"": ""readResolve""}"
84344,reflection,Method.invoke,"{""class"": ""java.util.Locale"", ""method"": ""readObject""}"
84350,reflection,Method.invoke,"{""class"": ""java.util.Locale"", ""method"": ""readResolve""}"
84356,reflection,Method.invoke,"{""class"": ""java.util.Locale"", ""method"": ""readObject""}"
84362,reflection,Method.invoke,"{""class"": ""java.util.Locale"", ""method"": ""readResolve""}"
84369,reflection,Method.invoke,"{""class"": ""java.util.Locale"", ""method"": ""readObject""}"
84375,reflection,Method.invoke,"{""class"": ""java.util.Locale"", ""method"": ""readResolve""}"
84381,reflection,Method.invoke,"{""class"": ""java.util.Locale"", ""method"": ""readObject""}"
84387,reflection,Method.invoke,"{""class"": ""java.util.Locale"", ""method"": ""readResolve""}"
84393,reflection,Method.invoke,"{""class"": ""java.util.Locale"", ""method"": ""readObject""}"
84399,reflection,Method.invoke,"{""class"": ""java.util.Locale"", ""method"": ""readResolve""}"
84405,reflection,Method.invoke,"{""class"": ""java.util.Locale"", ""method"": ""readObject""}"
84411,reflection,Method.invoke,"{""class"": ""java.util.Locale"", ""method"": ""readResolve""}"
84417,reflection,Method.invoke,"{""class"": ""java.util.Locale"", ""method"": ""readObject""}"
84423,reflection,Method.invoke,"{""class"": ""java.util.Locale"", ""method"": ""readResolve""}"
84430,reflection,Method.invoke,"{""class"": ""java.util.Locale"", ""method"": ""readObject""}"
84435,reflection,Method.invoke,"{""class"": ""java.util.Locale"", ""method"": ""readResolve""}"
84441,reflection,Method.invoke,"{""class"": ""java.util.Locale"", ""method"": ""readObject""}"
84447,reflection,Method.invoke,"{""class"": ""java.util.Locale"", ""method"": ""readResolve""}"
84453,reflection,Method.invoke,"{""class"": ""java.util.Locale"", ""method"": ""readObject""}"
84459,reflection,Method.invoke,"{""class"": ""java.util.Locale"", ""method"": ""readResolve""}"
84465,reflection,Method.invoke,"{""class"": ""java.util.Locale"", ""method"": ""readObject""}"
84471,reflection,Method.invoke,"{""class"": ""java.util.Locale"", ""method"": ""readResolve""}"
84477,reflection,Method.invoke,"{""class"": ""java.util.Locale"", ""method"": ""readObject""}"
84483,reflection,Method.invoke,"{""class"": ""java.util.Locale"", ""method"": ""readResolve""}"
84489,reflection,Method.invoke,"{""class"": ""java.util.Locale"", ""method"": ""readObject""}"
84495,reflection,Method.invoke,"{""class"": ""java.util.Locale"", ""method"": ""readResolve""}"
84501,reflection,Method.invoke,"{""class"": ""java.util.Locale"", ""method"": ""readObject""}"
84507,reflection,Method.invoke,"{""class"": ""java.util.Locale"", ""method"": ""readResolve""}"
84513,reflection,Method.invoke,"{""class"": ""java.util.Locale"", ""method"": ""readObject""}"
84519,reflection,Method.invoke,"{""class"": ""java.util.Locale"", ""method"": ""readResolve""}"
84525,reflection,Method.invoke,"{""class"": ""java.util.Locale"", ""method"": ""readObject""}"
84531,reflection,Method.invoke,"{""class"": ""java.util.Locale"", ""method"": ""readResolve""}"
84537,reflection,Method.invoke,"{""class"": ""java.util.Locale"", ""method"": ""readObject""}"
84543,reflection,Method.invoke,"{""class"": ""java.util.Locale"", ""method"": ""readResolve""}"
84549,reflection,Method.invoke,"{""class"": ""java.util.Locale"", ""method"": ""readObject""}"
84555,reflection,Method.invoke,"{""class"": ""java.util.Locale"", ""method"": ""readResolve""}"
84561,reflection,Method.invoke,"{""class"": ""java.util.Locale"", ""method"": ""readObject""}"
84567,reflection,Method.invoke,"{""class"": ""java.util.Locale"", ""method"": ""readResolve""}"
84574,reflection,Method.invoke,"{""class"": ""java.util.Locale"", ""method"": ""readObject""}"
84579,reflection,Method.invoke,"{""class"": ""java.util.Locale"", ""method"": ""readResolve""}"
84586,reflection,Method.invoke,"{""class"": ""java.util.Locale"", ""method"": ""readObject""}"
84591,reflection,Method.invoke,"{""class"": ""java.util.Locale"", ""method"": ""readResolve""}"
84598,reflection,Method.invoke,"{""class"": ""java.util.Locale"", ""method"": ""readObject""}"
84603,reflection,Method.invoke,"{""class"": ""java.util.Locale"", ""method"": ""readResolve""}"
84609,reflection,Method.invoke,"{""class"": ""java.util.Locale"", ""method"": ""readObject""}"
84615,reflection,Method.invoke,"{""class"": ""java.util.Locale"", ""method"": ""readResolve""}"
84622,reflection,Method.invoke,"{""class"": ""java.util.Locale"", ""method"": ""readObject""}"
84628,reflection,Method.invoke,"{""class"": ""java.util.Locale"", ""method"": ""readResolve""}"
84634,reflection,Method.invoke,"{""class"": ""java.util.Locale"", ""method"": ""readObject""}"
84640,reflection,Method.invoke,"{""class"": ""java.util.Locale"", ""method"": ""readResolve""}"
84646,reflection,Method.invoke,"{""class"": ""java.util.Locale"", ""method"": ""readObject""}"
84652,reflection,Method.invoke,"{""class"": ""java.util.Locale"", ""method"": ""readResolve""}"
84658,reflection,Method.invoke,"{""class"": ""java.util.Locale"", ""method"": ""readObject""}"
84664,reflection,Method.invoke,"{""class"": ""java.util.Locale"", ""method"": ""readResolve""}"
84670,reflection,Method.invoke,"{""class"": ""java.util.Locale"", ""method"": ""readObject""}"
84676,reflection,Method.invoke,"{""class"": ""java.util.Locale"", ""method"": ""readResolve""}"
84682,reflection,Method.invoke,"{""class"": ""java.util.Locale"", ""method"": ""readObject""}"
84688,reflection,Method.invoke,"{""class"": ""java.util.Locale"", ""method"": ""readResolve""}"
84694,reflection,Method.invoke,"{""class"": ""java.util.Locale"", ""method"": ""readObject""}"
84700,reflection,Method.invoke,"{""class"": ""java.util.Locale"", ""method"": ""readResolve""}"
84706,reflection,Method.invoke,"{""class"": ""java.util.Locale"", ""method"": ""readObject""}"
84712,reflection,Method.invoke,"{""class"": ""java.util.Locale"", ""method"": ""readResolve""}"
84718,reflection,Method.invoke,"{""class"": ""java.util.Locale"", ""method"": ""readObject""}"
84724,reflection,Method.invoke,"{""class"": ""java.util.Locale"", ""method"": ""readResolve""}"
84731,reflection,Method.invoke,"{""class"": ""java.util.Locale"", ""method"": ""readObject""}"
84736,reflection,Method.invoke,"{""class"": ""java.util.Locale"", ""method"": ""readResolve""}"
84742,reflection,Method.invoke,"{""class"": ""java.util.Locale"", ""method"": ""readObject""}"
84748,reflection,Method.invoke,"{""class"": ""java.util.Locale"", ""method"": ""readResolve""}"
84755,reflection,Method.invoke,"{""class"": ""java.util.Locale"", ""method"": ""readObject""}"
84760,reflection,Method.invoke,"{""class"": ""java.util.Locale"", ""method"": ""readResolve""}"
84767,reflection,Method.invoke,"{""class"": ""java.util.Locale"", ""method"": ""readObject""}"
84772,reflection,Method.invoke,"{""class"": ""java.util.Locale"", ""method"": ""readResolve""}"
84779,reflection,Method.invoke,"{""class"": ""java.util.Locale"", ""method"": ""readObject""}"
84784,reflection,Method.invoke,"{""class"": ""java.util.Locale"", ""method"": ""readResolve""}"
84790,reflection,Method.invoke,"{""class"": ""java.util.Locale"", ""method"": ""readObject""}"
84796,reflection,Method.invoke,"{""class"": ""java.util.Locale"", ""method"": ""readResolve""}"
84802,reflection,Method.invoke,"{""class"": ""java.util.Locale"", ""method"": ""readObject""}"
84808,reflection,Method.invoke,"{""class"": ""java.util.Locale"", ""method"": ""readResolve""}"
84814,reflection,Method.invoke,"{""class"": ""java.util.Locale"", ""method"": ""readObject""}"
84820,reflection,Method.invoke,"{""class"": ""java.util.Locale"", ""method"": ""readResolve""}"
84826,reflection,Method.invoke,"{""class"": ""java.util.Locale"", ""method"": ""readObject""}"
84832,reflection,Method.invoke,"{""class"": ""java.util.Locale"", ""method"": ""readResolve""}"
84838,reflection,Method.invoke,"{""class"": ""java.util.Locale"", ""method"": ""readObject""}"
84844,reflection,Method.invoke,"{""class"": ""java.util.Locale"", ""method"": ""readResolve""}"
84850,reflection,Method.invoke,"{""class"": ""java.util.Locale"", ""method"": ""readObject""}"
84856,reflection,Method.invoke,"{""class"": ""java.util.Locale"", ""method"": ""readResolve""}"
84862,reflection,Method.invoke,"{""class"": ""java.util.Locale"", ""method"": ""readObject""}"
84868,reflection,Method.invoke,"{""class"": ""java.util.Locale"", ""method"": ""readResolve""}"
84874,reflection,Method.invoke,"{""class"": ""java.util.Locale"", ""method"": ""readObject""}"
84880,reflection,Method.invoke,"{""class"": ""java.util.Locale"", ""method"": ""readResolve""}"
84887,reflection,Method.invoke,"{""class"": ""java.util.Locale"", ""method"": ""readObject""}"
84892,reflection,Method.invoke,"{""class"": ""java.util.Locale"", ""method"": ""readResolve""}"
84898,reflection,Method.invoke,"{""class"": ""java.util.Locale"", ""method"": ""readObject""}"
84904,reflection,Method.invoke,"{""class"": ""java.util.Locale"", ""method"": ""readResolve""}"
84910,reflection,Method.invoke,"{""class"": ""java.util.Locale"", ""method"": ""readObject""}"
84916,reflection,Method.invoke,"{""class"": ""java.util.Locale"", ""method"": ""readResolve""}"
84922,reflection,Method.invoke,"{""class"": ""java.util.Locale"", ""method"": ""readObject""}"
84928,reflection,Method.invoke,"{""class"": ""java.util.Locale"", ""method"": ""readResolve""}"
84934,reflection,Method.invoke,"{""class"": ""java.util.Locale"", ""method"": ""readObject""}"
84940,reflection,Method.invoke,"{""class"": ""java.util.Locale"", ""method"": ""readResolve""}"
84946,reflection,Method.invoke,"{""class"": ""java.util.Locale"", ""method"": ""readObject""}"
84952,reflection,Method.invoke,"{""class"": ""java.util.Locale"", ""method"": ""readResolve""}"
84958,reflection,Method.invoke,"{""class"": ""java.util.Locale"", ""method"": ""readObject""}"
84964,reflection,Method.invoke,"{""class"": ""java.util.Locale"", ""method"": ""readResolve""}"
84970,reflection,Method.invoke,"{""class"": ""java.util.Locale"", ""method"": ""readObject""}"
84976,reflection,Method.invoke,"{""class"": ""java.util.Locale"", ""method"": ""readResolve""}"
84982,reflection,Method.invoke,"{""class"": ""java.util.Locale"", ""method"": ""readObject""}"
85007,reflection,Method.invoke,"{""class"": ""java.util.Locale"", ""method"": ""readResolve""}"
85014,reflection,Method.invoke,"{""class"": ""java.util.Locale"", ""method"": ""readObject""}"
85031,reflection,Method.invoke,"{""class"": ""java.util.Locale"", ""method"": ""readResolve""}"
85046,reflection,Method.invoke,"{""class"": ""java.util.Locale"", ""method"": ""readObject""}"
85061,reflection,Method.invoke,"{""class"": ""java.util.Locale"", ""method"": ""readResolve""}"
85082,reflection,Method.invoke,"{""class"": ""java.util.Locale"", ""method"": ""readObject""}"
85105,reflection,Method.invoke,"{""class"": ""java.util.Locale"", ""method"": ""readResolve""}"
85124,reflection,Method.invoke,"{""class"": ""java.util.Locale"", ""method"": ""readObject""}"
85135,reflection,Method.invoke,"{""class"": ""java.util.Locale"", ""method"": ""readResolve""}"
85141,reflection,Method.invoke,"{""class"": ""java.util.Locale"", ""method"": ""readObject""}"
85149,reflection,Method.invoke,"{""class"": ""java.util.Locale"", ""method"": ""readResolve""}"
85155,reflection,Method.invoke,"{""class"": ""java.util.Locale"", ""method"": ""readObject""}"
85161,reflection,Method.invoke,"{""class"": ""java.util.Locale"", ""method"": ""readResolve""}"
85167,reflection,Method.invoke,"{""class"": ""java.util.Locale"", ""method"": ""readObject""}"
85173,reflection,Method.invoke,"{""class"": ""java.util.Locale"", ""method"": ""readResolve""}"
85179,reflection,Method.invoke,"{""class"": ""java.util.Locale"", ""method"": ""readObject""}"
85185,reflection,Method.invoke,"{""class"": ""java.util.Locale"", ""method"": ""readResolve""}"
85191,reflection,Method.invoke,"{""class"": ""java.util.Locale"", ""method"": ""readObject""}"
85197,reflection,Method.invoke,"{""class"": ""java.util.Locale"", ""method"": ""readResolve""}"
85203,reflection,Method.invoke,"{""class"": ""java.util.Locale"", ""method"": ""readObject""}"
85209,reflection,Method.invoke,"{""class"": ""java.util.Locale"", ""method"": ""readResolve""}"
85216,reflection,Method.invoke,"{""class"": ""java.util.Locale"", ""method"": ""readObject""}"
85222,reflection,Method.invoke,"{""class"": ""java.util.Locale"", ""method"": ""readResolve""}"
85228,reflection,Method.invoke,"{""class"": ""java.util.Locale"", ""method"": ""readObject""}"
85234,reflection,Method.invoke,"{""class"": ""java.util.Locale"", ""method"": ""readResolve""}"
85240,reflection,Method.invoke,"{""class"": ""java.util.Locale"", ""method"": ""readObject""}"
85245,reflection,Method.invoke,"{""class"": ""java.util.Locale"", ""method"": ""readResolve""}"
85252,reflection,Method.invoke,"{""class"": ""java.util.Locale"", ""method"": ""readObject""}"
85257,reflection,Method.invoke,"{""class"": ""java.util.Locale"", ""method"": ""readResolve""}"
85264,reflection,Method.invoke,"{""class"": ""java.util.Locale"", ""method"": ""readObject""}"
85269,reflection,Method.invoke,"{""class"": ""java.util.Locale"", ""method"": ""readResolve""}"
85275,reflection,Method.invoke,"{""class"": ""java.util.Locale"", ""method"": ""readObject""}"
85281,reflection,Method.invoke,"{""class"": ""java.util.Locale"", ""method"": ""readResolve""}"
85288,reflection,Method.invoke,"{""class"": ""java.util.Locale"", ""method"": ""readObject""}"
85293,reflection,Method.invoke,"{""class"": ""java.util.Locale"", ""method"": ""readResolve""}"
85300,reflection,Method.invoke,"{""class"": ""java.util.Locale"", ""method"": ""readObject""}"
85305,reflection,Method.invoke,"{""class"": ""java.util.Locale"", ""method"": ""readResolve""}"
85312,reflection,Method.invoke,"{""class"": ""java.util.Locale"", ""method"": ""readObject""}"
85317,reflection,Method.invoke,"{""class"": ""java.util.Locale"", ""method"": ""readResolve""}"
85324,reflection,Method.invoke,"{""class"": ""java.util.Locale"", ""method"": ""readObject""}"
85329,reflection,Method.invoke,"{""class"": ""java.util.Locale"", ""method"": ""readResolve""}"
85336,reflection,Method.invoke,"{""class"": ""java.util.Locale"", ""method"": ""readObject""}"
85341,reflection,Method.invoke,"{""class"": ""java.util.Locale"", ""method"": ""readResolve""}"
85348,reflection,Method.invoke,"{""class"": ""java.util.Locale"", ""method"": ""readObject""}"
85354,reflection,Method.invoke,"{""class"": ""java.util.Locale"", ""method"": ""readResolve""}"
85360,reflection,Method.invoke,"{""class"": ""java.util.Locale"", ""method"": ""readObject""}"
85365,reflection,Method.invoke,"{""class"": ""java.util.Locale"", ""method"": ""readResolve""}"
85372,reflection,Method.invoke,"{""class"": ""java.util.Locale"", ""method"": ""readObject""}"
85377,reflection,Method.invoke,"{""class"": ""java.util.Locale"", ""method"": ""readResolve""}"
85383,reflection,Method.invoke,"{""class"": ""java.util.Locale"", ""method"": ""readObject""}"
85389,reflection,Method.invoke,"{""class"": ""java.util.Locale"", ""method"": ""readResolve""}"
85395,reflection,Method.invoke,"{""class"": ""java.util.Locale"", ""method"": ""readObject""}"
85401,reflection,Method.invoke,"{""class"": ""java.util.Locale"", ""method"": ""readResolve""}"
85407,reflection,Method.invoke,"{""class"": ""java.util.Locale"", ""method"": ""readObject""}"
85413,reflection,Method.invoke,"{""class"": ""java.util.Locale"", ""method"": ""readResolve""}"
85421,reflection,Method.invoke,"{""class"": ""java.util.Locale"", ""method"": ""readObject""}"
85427,reflection,Method.invoke,"{""class"": ""java.util.Locale"", ""method"": ""readResolve""}"
85433,reflection,Method.invoke,"{""class"": ""java.util.Locale"", ""method"": ""readObject""}"
85439,reflection,Method.invoke,"{""class"": ""java.util.Locale"", ""method"": ""readResolve""}"
85445,reflection,Method.invoke,"{""class"": ""java.util.Locale"", ""method"": ""readObject""}"
85451,reflection,Method.invoke,"{""class"": ""java.util.Locale"", ""method"": ""readResolve""}"
85457,reflection,Method.invoke,"{""class"": ""java.util.Locale"", ""method"": ""readObject""}"
85463,reflection,Method.invoke,"{""class"": ""java.util.Locale"", ""method"": ""readResolve""}"
85469,reflection,Method.invoke,"{""class"": ""java.util.Locale"", ""method"": ""readObject""}"
85474,reflection,Method.invoke,"{""class"": ""java.util.Locale"", ""method"": ""readResolve""}"
85481,reflection,Method.invoke,"{""class"": ""java.util.Locale"", ""method"": ""readObject""}"
85487,reflection,Method.invoke,"{""class"": ""java.util.Locale"", ""method"": ""readResolve""}"
85493,reflection,Method.invoke,"{""class"": ""java.util.Locale"", ""method"": ""readObject""}"
85499,reflection,Method.invoke,"{""class"": ""java.util.Locale"", ""method"": ""readResolve""}"
85505,reflection,Method.invoke,"{""class"": ""java.util.Locale"", ""method"": ""readObject""}"
85510,reflection,Method.invoke,"{""class"": ""java.util.Locale"", ""method"": ""readResolve""}"
85517,reflection,Method.invoke,"{""class"": ""java.util.Locale"", ""method"": ""readObject""}"
85522,reflection,Method.invoke,"{""class"": ""java.util.Locale"", ""method"": ""readResolve""}"
85528,reflection,Method.invoke,"{""class"": ""java.util.Locale"", ""method"": ""readObject""}"
85534,reflection,Method.invoke,"{""class"": ""java.util.Locale"", ""method"": ""readResolve""}"
85540,reflection,Method.invoke,"{""class"": ""java.util.Locale"", ""method"": ""readObject""}"
85547,reflection,Method.invoke,"{""class"": ""java.util.Locale"", ""method"": ""readResolve""}"
85553,reflection,Method.invoke,"{""class"": ""java.util.Locale"", ""method"": ""readObject""}"
85559,reflection,Method.invoke,"{""class"": ""java.util.Locale"", ""method"": ""readResolve""}"
85565,reflection,Method.invoke,"{""class"": ""java.util.Locale"", ""method"": ""readObject""}"
85570,reflection,Method.invoke,"{""class"": ""java.util.Locale"", ""method"": ""readResolve""}"
85577,reflection,Method.invoke,"{""class"": ""java.util.Locale"", ""method"": ""readObject""}"
85582,reflection,Method.invoke,"{""class"": ""java.util.Locale"", ""method"": ""readResolve""}"
85589,reflection,Method.invoke,"{""class"": ""java.util.Locale"", ""method"": ""readObject""}"
85594,reflection,Method.invoke,"{""class"": ""java.util.Locale"", ""method"": ""readResolve""}"
85601,reflection,Method.invoke,"{""class"": ""java.util.Locale"", ""method"": ""readObject""}"
85606,reflection,Method.invoke,"{""class"": ""java.util.Locale"", ""method"": ""readResolve""}"
85612,reflection,Method.invoke,"{""class"": ""java.util.Locale"", ""method"": ""readObject""}"
85619,reflection,Method.invoke,"{""class"": ""java.util.Locale"", ""method"": ""readResolve""}"
85625,reflection,Method.invoke,"{""class"": ""java.util.Locale"", ""method"": ""readObject""}"
85630,reflection,Method.invoke,"{""class"": ""java.util.Locale"", ""method"": ""readResolve""}"
85637,reflection,Method.invoke,"{""class"": ""java.util.Locale"", ""method"": ""readObject""}"
85642,reflection,Method.invoke,"{""class"": ""java.util.Locale"", ""method"": ""readResolve""}"
85648,reflection,Method.invoke,"{""class"": ""java.util.Locale"", ""method"": ""readObject""}"
85654,reflection,Method.invoke,"{""class"": ""java.util.Locale"", ""method"": ""readResolve""}"
85661,reflection,Method.invoke,"{""class"": ""java.util.Locale"", ""method"": ""readObject""}"
85667,reflection,Method.invoke,"{""class"": ""java.util.Locale"", ""method"": ""readResolve""}"
85673,reflection,Method.invoke,"{""class"": ""java.util.Locale"", ""method"": ""readObject""}"
85678,reflection,Method.invoke,"{""class"": ""java.util.Locale"", ""method"": ""readResolve""}"
85685,reflection,Method.invoke,"{""class"": ""java.util.Locale"", ""method"": ""readObject""}"
85691,reflection,Method.invoke,"{""class"": ""java.util.Locale"", ""method"": ""readResolve""}"
85697,reflection,Method.invoke,"{""class"": ""java.util.Locale"", ""method"": ""readObject""}"
85703,reflection,Method.invoke,"{""class"": ""java.util.Locale"", ""method"": ""readResolve""}"
85709,reflection,Method.invoke,"{""class"": ""java.util.Locale"", ""method"": ""readObject""}"
85715,reflection,Method.invoke,"{""class"": ""java.util.Locale"", ""method"": ""readResolve""}"
85721,reflection,Method.invoke,"{""class"": ""java.util.Locale"", ""method"": ""readObject""}"
85726,reflection,Method.invoke,"{""class"": ""java.util.Locale"", ""method"": ""readResolve""}"
85733,reflection,Method.invoke,"{""class"": ""java.util.Locale"", ""method"": ""readObject""}"
85738,reflection,Method.invoke,"{""class"": ""java.util.Locale"", ""method"": ""readResolve""}"
85745,reflection,Method.invoke,"{""class"": ""java.util.Locale"", ""method"": ""readObject""}"
85751,reflection,Method.invoke,"{""class"": ""java.util.Locale"", ""method"": ""readResolve""}"
85757,reflection,Method.invoke,"{""class"": ""java.util.Locale"", ""method"": ""readObject""}"
85763,reflection,Method.invoke,"{""class"": ""java.util.Locale"", ""method"": ""readResolve""}"
85769,reflection,Method.invoke,"{""class"": ""java.util.Locale"", ""method"": ""readObject""}"
85774,reflection,Method.invoke,"{""class"": ""java.util.Locale"", ""method"": ""readResolve""}"
85781,reflection,Method.invoke,"{""class"": ""java.util.Locale"", ""method"": ""readObject""}"
85786,reflection,Method.invoke,"{""class"": ""java.util.Locale"", ""method"": ""readResolve""}"
85792,reflection,Method.invoke,"{""class"": ""java.util.Locale"", ""method"": ""readObject""}"
85798,reflection,Method.invoke,"{""class"": ""java.util.Locale"", ""method"": ""readResolve""}"
85804,reflection,Method.invoke,"{""class"": ""java.util.Locale"", ""method"": ""readObject""}"
85810,reflection,Method.invoke,"{""class"": ""java.util.Locale"", ""method"": ""readResolve""}"
85816,reflection,Method.invoke,"{""class"": ""java.util.Locale"", ""method"": ""readObject""}"
85822,reflection,Method.invoke,"{""class"": ""java.util.Locale"", ""method"": ""readResolve""}"
85829,reflection,Method.invoke,"{""class"": ""java.util.Locale"", ""method"": ""readObject""}"
85834,reflection,Method.invoke,"{""class"": ""java.util.Locale"", ""method"": ""readResolve""}"
85841,reflection,Method.invoke,"{""class"": ""java.util.Locale"", ""method"": ""readObject""}"
85847,reflection,Method.invoke,"{""class"": ""java.util.Locale"", ""method"": ""readResolve""}"
85853,reflection,Method.invoke,"{""class"": ""java.util.Locale"", ""method"": ""readObject""}"
85859,reflection,Method.invoke,"{""class"": ""java.util.Locale"", ""method"": ""readResolve""}"
85865,reflection,Method.invoke,"{""class"": ""java.util.Locale"", ""method"": ""readObject""}"
85871,reflection,Method.invoke,"{""class"": ""java.util.Locale"", ""method"": ""readResolve""}"
85877,reflection,Method.invoke,"{""class"": ""java.util.Locale"", ""method"": ""readObject""}"
85883,reflection,Method.invoke,"{""class"": ""java.util.Locale"", ""method"": ""readResolve""}"
85890,reflection,Method.invoke,"{""class"": ""java.util.Locale"", ""method"": ""readObject""}"
85895,reflection,Method.invoke,"{""class"": ""java.util.Locale"", ""method"": ""readResolve""}"
85903,reflection,Method.invoke,"{""class"": ""java.util.Locale"", ""method"": ""readObject""}"
85909,reflection,Method.invoke,"{""class"": ""java.util.Locale"", ""method"": ""readResolve""}"
85915,reflection,Method.invoke,"{""class"": ""java.util.Locale"", ""method"": ""readObject""}"
85921,reflection,Method.invoke,"{""class"": ""java.util.Locale"", ""method"": ""readResolve""}"
85927,reflection,Method.invoke,"{""class"": ""java.util.Locale"", ""method"": ""readObject""}"
85933,reflection,Method.invoke,"{""class"": ""java.util.Locale"", ""method"": ""readResolve""}"
85939,reflection,Method.invoke,"{""class"": ""java.util.Locale"", ""method"": ""readObject""}"
85944,reflection,Method.invoke,"{""class"": ""java.util.Locale"", ""method"": ""readResolve""}"
85951,reflection,Method.invoke,"{""class"": ""java.util.Locale"", ""method"": ""readObject""}"
85958,reflection,Method.invoke,"{""class"": ""java.util.Locale"", ""method"": ""readResolve""}"
85964,reflection,Method.invoke,"{""class"": ""java.util.Locale"", ""method"": ""readObject""}"
85969,reflection,Method.invoke,"{""class"": ""java.util.Locale"", ""method"": ""readResolve""}"
85976,reflection,Method.invoke,"{""class"": ""java.util.Locale"", ""method"": ""readObject""}"
85981,reflection,Method.invoke,"{""class"": ""java.util.Locale"", ""method"": ""readResolve""}"
85988,reflection,Method.invoke,"{""class"": ""java.util.Locale"", ""method"": ""readObject""}"
85993,reflection,Method.invoke,"{""class"": ""java.util.Locale"", ""method"": ""readResolve""}"
85999,reflection,Method.invoke,"{""class"": ""java.util.Locale"", ""method"": ""readObject""}"
86005,reflection,Method.invoke,"{""class"": ""java.util.Locale"", ""method"": ""readResolve""}"
86011,reflection,Method.invoke,"{""class"": ""java.util.Locale"", ""method"": ""readObject""}"
86017,reflection,Method.invoke,"{""class"": ""java.util.Locale"", ""method"": ""readResolve""}"
86023,reflection,Method.invoke,"{""class"": ""java.util.Locale"", ""method"": ""readObject""}"
86029,reflection,Method.invoke,"{""class"": ""java.util.Locale"", ""method"": ""readResolve""}"
86035,reflection,Method.invoke,"{""class"": ""java.util.Locale"", ""method"": ""readObject""}"
86041,reflection,Method.invoke,"{""class"": ""java.util.Locale"", ""method"": ""readResolve""}"
86047,reflection,Method.invoke,"{""class"": ""java.util.Locale"", ""method"": ""readObject""}"
86053,reflection,Method.invoke,"{""class"": ""java.util.Locale"", ""method"": ""readResolve""}"
86059,reflection,Method.invoke,"{""class"": ""java.util.Locale"", ""method"": ""readObject""}"
86064,reflection,Method.invoke,"{""class"": ""java.util.Locale"", ""method"": ""readResolve""}"
86071,reflection,Method.invoke,"{""class"": ""java.util.Locale"", ""method"": ""readObject""}"
86076,reflection,Method.invoke,"{""class"": ""java.util.Locale"", ""method"": ""readResolve""}"
86083,reflection,Method.invoke,"{""class"": ""java.util.Locale"", ""method"": ""readObject""}"
86088,reflection,Method.invoke,"{""class"": ""java.util.Locale"", ""method"": ""readResolve""}"
86094,reflection,Method.invoke,"{""class"": ""java.util.Locale"", ""method"": ""readObject""}"
86100,reflection,Method.invoke,"{""class"": ""java.util.Locale"", ""method"": ""readResolve""}"
86106,reflection,Method.invoke,"{""class"": ""java.util.Locale"", ""method"": ""readObject""}"
86112,reflection,Method.invoke,"{""class"": ""java.util.Locale"", ""method"": ""readResolve""}"
86118,reflection,Method.invoke,"{""class"": ""java.util.Locale"", ""method"": ""readObject""}"
86124,reflection,Method.invoke,"{""class"": ""java.util.Locale"", ""method"": ""readResolve""}"
86130,reflection,Method.invoke,"{""class"": ""java.util.Locale"", ""method"": ""readObject""}"
86135,reflection,Method.invoke,"{""class"": ""java.util.Locale"", ""method"": ""readResolve""}"
86141,reflection,Method.invoke,"{""class"": ""java.util.Locale"", ""method"": ""readObject""}"
86149,reflection,Method.invoke,"{""class"": ""java.util.Locale"", ""method"": ""readResolve""}"
86155,reflection,Method.invoke,"{""class"": ""java.util.Locale"", ""method"": ""readObject""}"
86161,reflection,Method.invoke,"{""class"": ""java.util.Locale"", ""method"": ""readResolve""}"
86167,reflection,Method.invoke,"{""class"": ""java.util.Locale"", ""method"": ""readObject""}"
86172,reflection,Method.invoke,"{""class"": ""java.util.Locale"", ""method"": ""readResolve""}"
86178,reflection,Method.invoke,"{""class"": ""java.util.Locale"", ""method"": ""readObject""}"
86184,reflection,Method.invoke,"{""class"": ""java.util.Locale"", ""method"": ""readResolve""}"
86190,reflection,Method.invoke,"{""class"": ""java.util.Locale"", ""method"": ""readObject""}"
86196,reflection,Method.invoke,"{""class"": ""java.util.Locale"", ""method"": ""readResolve""}"
86202,reflection,Method.invoke,"{""class"": ""java.util.Locale"", ""method"": ""readObject""}"
86209,reflection,Method.invoke,"{""class"": ""java.util.Locale"", ""method"": ""readResolve""}"
86216,reflection,Method.invoke,"{""class"": ""java.util.Locale"", ""method"": ""readObject""}"
86221,reflection,Method.invoke,"{""class"": ""java.util.Locale"", ""method"": ""readResolve""}"
86227,reflection,Method.invoke,"{""class"": ""java.util.Locale"", ""method"": ""readObject""}"
86233,reflection,Method.invoke,"{""class"": ""java.util.Locale"", ""method"": ""readResolve""}"
86239,reflection,Method.invoke,"{""class"": ""java.util.Locale"", ""method"": ""readObject""}"
86245,reflection,Method.invoke,"{""class"": ""java.util.Locale"", ""method"": ""readResolve""}"
86251,reflection,Method.invoke,"{""class"": ""java.util.Locale"", ""method"": ""readObject""}"
86257,reflection,Method.invoke,"{""class"": ""java.util.Locale"", ""method"": ""readResolve""}"
86263,reflection,Method.invoke,"{""class"": ""java.util.Locale"", ""method"": ""readObject""}"
86269,reflection,Method.invoke,"{""class"": ""java.util.Locale"", ""method"": ""readResolve""}"
86275,reflection,Method.invoke,"{""class"": ""java.util.Locale"", ""method"": ""readObject""}"
86281,reflection,Method.invoke,"{""class"": ""java.util.Locale"", ""method"": ""readResolve""}"
86287,reflection,Method.invoke,"{""class"": ""java.util.Locale"", ""method"": ""readObject""}"
86293,reflection,Method.invoke,"{""class"": ""java.util.Locale"", ""method"": ""readResolve""}"
86300,reflection,Method.invoke,"{""class"": ""java.util.Locale"", ""method"": ""readObject""}"
86305,reflection,Method.invoke,"{""class"": ""java.util.Locale"", ""method"": ""readResolve""}"
86311,reflection,Method.invoke,"{""class"": ""java.util.Locale"", ""method"": ""readObject""}"
86317,reflection,Method.invoke,"{""class"": ""java.util.Locale"", ""method"": ""readResolve""}"
86323,reflection,Method.invoke,"{""class"": ""java.util.Locale"", ""method"": ""readObject""}"
86329,reflection,Method.invoke,"{""class"": ""java.util.Locale"", ""method"": ""readResolve""}"
86335,reflection,Method.invoke,"{""class"": ""java.util.Locale"", ""method"": ""readObject""}"
86341,reflection,Method.invoke,"{""class"": ""java.util.Locale"", ""method"": ""readResolve""}"
86347,reflection,Method.invoke,"{""class"": ""java.util.Locale"", ""method"": ""readObject""}"
86353,reflection,Method.invoke,"{""class"": ""java.util.Locale"", ""method"": ""readResolve""}"
86359,reflection,Method.invoke,"{""class"": ""java.util.Locale"", ""method"": ""readObject""}"
86365,reflection,Method.invoke,"{""class"": ""java.util.Locale"", ""method"": ""readResolve""}"
86371,reflection,Method.invoke,"{""class"": ""java.util.Locale"", ""method"": ""readObject""}"
86377,reflection,Method.invoke,"{""class"": ""java.util.Locale"", ""method"": ""readResolve""}"
86383,reflection,Method.invoke,"{""class"": ""java.util.Locale"", ""method"": ""readObject""}"
86388,reflection,Method.invoke,"{""class"": ""java.util.Locale"", ""method"": ""readResolve""}"
86394,reflection,Method.invoke,"{""class"": ""java.util.Locale"", ""method"": ""readObject""}"
86400,reflection,Method.invoke,"{""class"": ""java.util.Locale"", ""method"": ""readResolve""}"
86406,reflection,Method.invoke,"{""class"": ""java.util.Locale"", ""method"": ""readObject""}"
86412,reflection,Method.invoke,"{""class"": ""java.util.Locale"", ""method"": ""readResolve""}"
86418,reflection,Method.invoke,"{""class"": ""java.util.Locale"", ""method"": ""readObject""}"
86424,reflection,Method.invoke,"{""class"": ""java.util.Locale"", ""method"": ""readResolve""}"
86431,reflection,Method.invoke,"{""class"": ""java.util.Locale"", ""method"": ""readObject""}"
86437,reflection,Method.invoke,"{""class"": ""java.util.Locale"", ""method"": ""readResolve""}"
86443,reflection,Method.invoke,"{""class"": ""java.util.Locale"", ""method"": ""readObject""}"
86449,reflection,Method.invoke,"{""class"": ""java.util.Locale"", ""method"": ""readResolve""}"
86455,reflection,Method.invoke,"{""class"": ""java.util.Locale"", ""method"": ""readObject""}"
86460,reflection,Method.invoke,"{""class"": ""java.util.Locale"", ""method"": ""readResolve""}"
86466,reflection,Method.invoke,"{""class"": ""java.util.Locale"", ""method"": ""readObject""}"
86472,reflection,Method.invoke,"{""class"": ""java.util.Locale"", ""method"": ""readResolve""}"
86478,reflection,Method.invoke,"{""class"": ""java.util.Locale"", ""method"": ""readObject""}"
86484,reflection,Method.invoke,"{""class"": ""java.util.Locale"", ""method"": ""readResolve""}"
86490,reflection,Method.invoke,"{""class"": ""java.util.Locale"", ""method"": ""readObject""}"
86496,reflection,Method.invoke,"{""class"": ""java.util.Locale"", ""method"": ""readResolve""}"
86502,reflection,Method.invoke,"{""class"": ""java.util.Locale"", ""method"": ""readObject""}"
86508,reflection,Method.invoke,"{""class"": ""java.util.Locale"", ""method"": ""readResolve""}"
86514,reflection,Method.invoke,"{""class"": ""java.util.Locale"", ""method"": ""readObject""}"
86519,reflection,Method.invoke,"{""class"": ""java.util.Locale"", ""method"": ""readResolve""}"
86525,reflection,Method.invoke,"{""class"": ""java.util.Locale"", ""method"": ""readObject""}"
86531,reflection,Method.invoke,"{""class"": ""java.util.Locale"", ""method"": ""readResolve""}"
86537,reflection,Method.invoke,"{""class"": ""java.util.Locale"", ""method"": ""readObject""}"
86543,reflection,Method.invoke,"{""class"": ""java.util.Locale"", ""method"": ""readResolve""}"
86550,reflection,Method.invoke,"{""class"": ""java.util.Locale"", ""method"": ""readObject""}"
86556,reflection,Method.invoke,"{""class"": ""java.util.Locale"", ""method"": ""readResolve""}"
86564,reflection,Method.invoke,"{""class"": ""java.util.Locale"", ""method"": ""readObject""}"
86570,reflection,Method.invoke,"{""class"": ""java.util.Locale"", ""method"": ""readResolve""}"
86577,reflection,Method.invoke,"{""class"": ""java.util.Locale"", ""method"": ""readObject""}"
86582,reflection,Method.invoke,"{""class"": ""java.util.Locale"", ""method"": ""readResolve""}"
86589,reflection,Method.invoke,"{""class"": ""java.util.Locale"", ""method"": ""readObject""}"
86594,reflection,Method.invoke,"{""class"": ""java.util.Locale"", ""method"": ""readResolve""}"
86601,reflection,Method.invoke,"{""class"": ""java.util.Locale"", ""method"": ""readObject""}"
86606,reflection,Method.invoke,"{""class"": ""java.util.Locale"", ""method"": ""readResolve""}"
86613,reflection,Method.invoke,"{""class"": ""java.util.Locale"", ""method"": ""readObject""}"
86619,reflection,Method.invoke,"{""class"": ""java.util.Locale"", ""method"": ""readResolve""}"
86625,reflection,Method.invoke,"{""class"": ""java.util.Locale"", ""method"": ""readObject""}"
86631,reflection,Method.invoke,"{""class"": ""java.util.Locale"", ""method"": ""readResolve""}"
86637,reflection,Method.invoke,"{""class"": ""java.util.Locale"", ""method"": ""readObject""}"
86642,reflection,Method.invoke,"{""class"": ""java.util.Locale"", ""method"": ""readResolve""}"
86649,reflection,Method.invoke,"{""class"": ""java.util.Locale"", ""method"": ""readObject""}"
86654,reflection,Method.invoke,"{""class"": ""java.util.Locale"", ""method"": ""readResolve""}"
86660,reflection,Method.invoke,"{""class"": ""java.util.Locale"", ""method"": ""readObject""}"
86666,reflection,Method.invoke,"{""class"": ""java.util.Locale"", ""method"": ""readResolve""}"
86672,reflection,Method.invoke,"{""class"": ""java.util.Locale"", ""method"": ""readObject""}"
86678,reflection,Method.invoke,"{""class"": ""java.util.Locale"", ""method"": ""readResolve""}"
86684,reflection,Method.invoke,"{""class"": ""java.util.Locale"", ""method"": ""readObject""}"
86690,reflection,Method.invoke,"{""class"": ""java.util.Locale"", ""method"": ""readResolve""}"
86696,reflection,Method.invoke,"{""class"": ""java.util.Locale"", ""method"": ""readObject""}"
86702,reflection,Method.invoke,"{""class"": ""java.util.Locale"", ""method"": ""readResolve""}"
86708,reflection,Method.invoke,"{""class"": ""java.util.Locale"", ""method"": ""readObject""}"
86714,reflection,Method.invoke,"{""class"": ""java.util.Locale"", ""method"": ""readResolve""}"
86720,reflection,Method.invoke,"{""class"": ""java.util.Locale"", ""method"": ""readObject""}"
86725,reflection,Method.invoke,"{""class"": ""java.util.Locale"", ""method"": ""readResolve""}"
86731,reflection,Method.invoke,"{""class"": ""java.util.Locale"", ""method"": ""readObject""}"
86737,reflection,Method.invoke,"{""class"": ""java.util.Locale"", ""method"": ""readResolve""}"
86743,reflection,Method.invoke,"{""class"": ""java.util.Locale"", ""method"": ""readObject""}"
86749,reflection,Method.invoke,"{""class"": ""java.util.Locale"", ""method"": ""readResolve""}"
86755,reflection,Method.invoke,"{""class"": ""java.util.Locale"", ""method"": ""readObject""}"
86761,reflection,Method.invoke,"{""class"": ""java.util.Locale"", ""method"": ""readResolve""}"
86767,reflection,Method.invoke,"{""class"": ""java.util.Locale"", ""method"": ""readObject""}"
86773,reflection,Method.invoke,"{""class"": ""java.util.Locale"", ""method"": ""readResolve""}"
86779,reflection,Method.invoke,"{""class"": ""java.util.Locale"", ""method"": ""readObject""}"
86784,reflection,Method.invoke,"{""class"": ""java.util.Locale"", ""method"": ""readResolve""}"
86790,reflection,Method.invoke,"{""class"": ""java.util.Locale"", ""method"": ""readObject""}"
86796,reflection,Method.invoke,"{""class"": ""java.util.Locale"", ""method"": ""readResolve""}"
86807,reflection,Method.invoke,"{""class"": ""java.util.Locale"", ""method"": ""readObject""}"
86813,reflection,Method.invoke,"{""class"": ""java.util.Locale"", ""method"": ""readResolve""}"
86819,reflection,Method.invoke,"{""class"": ""java.util.Locale"", ""method"": ""readObject""}"
86825,reflection,Method.invoke,"{""class"": ""java.util.Locale"", ""method"": ""readResolve""}"
86831,reflection,Method.invoke,"{""class"": ""java.util.Locale"", ""method"": ""readObject""}"
86837,reflection,Method.invoke,"{""class"": ""java.util.Locale"", ""method"": ""readResolve""}"
86843,reflection,Method.invoke,"{""class"": ""java.util.Locale"", ""method"": ""readObject""}"
86848,reflection,Method.invoke,"{""class"": ""java.util.Locale"", ""method"": ""readResolve""}"
86854,reflection,Method.invoke,"{""class"": ""java.util.Locale"", ""method"": ""readObject""}"
86860,reflection,Method.invoke,"{""class"": ""java.util.Locale"", ""method"": ""readResolve""}"
86866,reflection,Method.invoke,"{""class"": ""java.util.Locale"", ""method"": ""readObject""}"
86872,reflection,Method.invoke,"{""class"": ""java.util.Locale"", ""method"": ""readResolve""}"
86878,reflection,Method.invoke,"{""class"": ""java.util.Locale"", ""method"": ""readObject""}"
86884,reflection,Method.invoke,"{""class"": ""java.util.Locale"", ""method"": ""readResolve""}"
86890,reflection,Method.invoke,"{""class"": ""java.util.Locale"", ""method"": ""readObject""}"
86896,reflection,Method.invoke,"{""class"": ""java.util.Locale"", ""method"": ""readResolve""}"
86902,reflection,Method.invoke,"{""class"": ""java.util.Locale"", ""method"": ""readObject""}"
86908,reflection,Method.invoke,"{""class"": ""java.util.Locale"", ""method"": ""readResolve""}"
86914,reflection,Method.invoke,"{""class"": ""java.util.Locale"", ""method"": ""readObject""}"
86919,reflection,Method.invoke,"{""class"": ""java.util.Locale"", ""method"": ""readResolve""}"
86926,reflection,Method.invoke,"{""class"": ""java.util.Locale"", ""method"": ""readObject""}"
86931,reflection,Method.invoke,"{""class"": ""java.util.Locale"", ""method"": ""readResolve""}"
86937,reflection,Method.invoke,"{""class"": ""java.util.Locale"", ""method"": ""readObject""}"
86943,reflection,Method.invoke,"{""class"": ""java.util.Locale"", ""method"": ""readResolve""}"
86949,reflection,Method.invoke,"{""class"": ""java.util.Locale"", ""method"": ""readObject""}"
86955,reflection,Method.invoke,"{""class"": ""java.util.Locale"", ""method"": ""readResolve""}"
86961,reflection,Method.invoke,"{""class"": ""java.util.Locale"", ""method"": ""readObject""}"
86967,reflection,Method.invoke,"{""class"": ""java.util.Locale"", ""method"": ""readResolve""}"
86973,reflection,Method.invoke,"{""class"": ""java.util.Locale"", ""method"": ""readObject""}"
86979,reflection,Method.invoke,"{""class"": ""java.util.Locale"", ""method"": ""readResolve""}"
86985,reflection,Method.invoke,"{""class"": ""java.util.Locale"", ""method"": ""readObject""}"
86991,reflection,Method.invoke,"{""class"": ""java.util.Locale"", ""method"": ""readResolve""}"
86997,reflection,Method.invoke,"{""class"": ""java.util.Locale"", ""method"": ""readObject""}"
87003,reflection,Method.invoke,"{""class"": ""java.util.Locale"", ""method"": ""readResolve""}"
87009,reflection,Method.invoke,"{""class"": ""java.util.Locale"", ""method"": ""readObject""}"
87015,reflection,Method.invoke,"{""class"": ""java.util.Locale"", ""method"": ""readResolve""}"
87021,reflection,Method.invoke,"{""class"": ""java.util.Locale"", ""method"": ""readObject""}"
87027,reflection,Method.invoke,"{""class"": ""java.util.Locale"", ""method"": ""readResolve""}"
87033,reflection,Method.invoke,"{""class"": ""java.util.Locale"", ""method"": ""readObject""}"
87039,reflection,Method.invoke,"{""class"": ""java.util.Locale"", ""method"": ""readResolve""}"
87045,reflection,Method.invoke,"{""class"": ""java.util.Locale"", ""method"": ""readObject""}"
87050,reflection,Method.invoke,"{""class"": ""java.util.Locale"", ""method"": ""readResolve""}"
87056,reflection,Method.invoke,"{""class"": ""java.util.Locale"", ""method"": ""readObject""}"
87062,reflection,Method.invoke,"{""class"": ""java.util.Locale"", ""method"": ""readResolve""}"
87068,reflection,Method.invoke,"{""class"": ""java.util.Locale"", ""method"": ""readObject""}"
87074,reflection,Method.invoke,"{""class"": ""java.util.Locale"", ""method"": ""readResolve""}"
87080,reflection,Method.invoke,"{""class"": ""java.util.Locale"", ""method"": ""readObject""}"
87086,reflection,Method.invoke,"{""class"": ""java.util.Locale"", ""method"": ""readResolve""}"
87092,reflection,Method.invoke,"{""class"": ""java.util.Locale"", ""method"": ""readObject""}"
87098,reflection,Method.invoke,"{""class"": ""java.util.Locale"", ""method"": ""readResolve""}"
87104,reflection,Method.invoke,"{""class"": ""java.util.Locale"", ""method"": ""readObject""}"
87110,reflection,Method.invoke,"{""class"": ""java.util.Locale"", ""method"": ""readResolve""}"
87116,reflection,Method.invoke,"{""class"": ""java.util.Locale"", ""method"": ""readObject""}"
87122,reflection,Method.invoke,"{""class"": ""java.util.Locale"", ""method"": ""readResolve""}"
87128,reflection,Method.invoke,"{""class"": ""java.util.Locale"", ""method"": ""readObject""}"
87133,reflection,Method.invoke,"{""class"": ""java.util.Locale"", ""method"": ""readResolve""}"
87140,reflection,Method.invoke,"{""class"": ""java.util.Locale"", ""method"": ""readObject""}"
87146,reflection,Method.invoke,"{""class"": ""java.util.Locale"", ""method"": ""readResolve""}"
87153,reflection,Method.invoke,"{""class"": ""java.util.Locale"", ""method"": ""readObject""}"
87159,reflection,Method.invoke,"{""class"": ""java.util.Locale"", ""method"": ""readResolve""}"
87165,reflection,Method.invoke,"{""class"": ""java.util.Locale"", ""method"": ""readObject""}"
87171,reflection,Method.invoke,"{""class"": ""java.util.Locale"", ""method"": ""readResolve""}"
87177,reflection,Method.invoke,"{""class"": ""java.util.Locale"", ""method"": ""readObject""}"
87183,reflection,Method.invoke,"{""class"": ""java.util.Locale"", ""method"": ""readResolve""}"
87189,reflection,Method.invoke,"{""class"": ""java.util.Locale"", ""method"": ""readObject""}"
87199,reflection,Method.invoke,"{""class"": ""java.util.Locale"", ""method"": ""readResolve""}"
87205,reflection,Method.invoke,"{""class"": ""java.util.Locale"", ""method"": ""readObject""}"
87211,reflection,Method.invoke,"{""class"": ""java.util.Locale"", ""method"": ""readResolve""}"
87217,reflection,Method.invoke,"{""class"": ""java.util.Locale"", ""method"": ""readObject""}"
87223,reflection,Method.invoke,"{""class"": ""java.util.Locale"", ""method"": ""readResolve""}"
87229,reflection,Method.invoke,"{""class"": ""java.util.Locale"", ""method"": ""readObject""}"
87235,reflection,Method.invoke,"{""class"": ""java.util.Locale"", ""method"": ""readResolve""}"
87241,reflection,Method.invoke,"{""class"": ""java.util.Locale"", ""method"": ""readObject""}"
87247,reflection,Method.invoke,"{""class"": ""java.util.Locale"", ""method"": ""readResolve""}"
87253,reflection,Method.invoke,"{""class"": ""java.util.Locale"", ""method"": ""readObject""}"
87258,reflection,Method.invoke,"{""class"": ""java.util.Locale"", ""method"": ""readResolve""}"
87265,reflection,Method.invoke,"{""class"": ""java.util.Locale"", ""method"": ""readObject""}"
87270,reflection,Method.invoke,"{""class"": ""java.util.Locale"", ""method"": ""readResolve""}"
87276,reflection,Method.invoke,"{""class"": ""java.util.Locale"", ""method"": ""readObject""}"
87283,reflection,Method.invoke,"{""class"": ""java.util.Locale"", ""method"": ""readResolve""}"
87289,reflection,Method.invoke,"{""class"": ""java.util.Locale"", ""method"": ""readObject""}"
87294,reflection,Method.invoke,"{""class"": ""java.util.Locale"", ""method"": ""readResolve""}"
87300,reflection,Method.invoke,"{""class"": ""java.util.Locale"", ""method"": ""readObject""}"
87306,reflection,Method.invoke,"{""class"": ""java.util.Locale"", ""method"": ""readResolve""}"
87312,reflection,Method.invoke,"{""class"": ""java.util.Locale"", ""method"": ""readObject""}"
87318,reflection,Method.invoke,"{""class"": ""java.util.Locale"", ""method"": ""readResolve""}"
87324,reflection,Method.invoke,"{""class"": ""java.util.Locale"", ""method"": ""readObject""}"
87330,reflection,Method.invoke,"{""class"": ""java.util.Locale"", ""method"": ""readResolve""}"
87336,reflection,Method.invoke,"{""class"": ""java.util.Locale"", ""method"": ""readObject""}"
87342,reflection,Method.invoke,"{""class"": ""java.util.Locale"", ""method"": ""readResolve""}"
87348,reflection,Method.invoke,"{""class"": ""java.util.Locale"", ""method"": ""readObject""}"
87354,reflection,Method.invoke,"{""class"": ""java.util.Locale"", ""method"": ""readResolve""}"
87360,reflection,Method.invoke,"{""class"": ""java.util.Locale"", ""method"": ""readObject""}"
87365,reflection,Method.invoke,"{""class"": ""java.util.Locale"", ""method"": ""readResolve""}"
87371,reflection,Method.invoke,"{""class"": ""java.util.Locale"", ""method"": ""readObject""}"
87377,reflection,Method.invoke,"{""class"": ""java.util.Locale"", ""method"": ""readResolve""}"
89084,reflection,Method.invoke,"{""class"": ""android.view.View"", ""method"": ""getElevation""}"
89105,reflection,Method.invoke,"{""class"": ""org.fossasia.susi.ai.chat.ChatActivity"", ""method"": ""openSettings""}"
89141,reflection,Method.invoke,"{""class"": ""android.view.View"", ""method"": ""getElevation""}"
89186,reflection,Method.invoke,"{""class"": ""android.view.ViewGroup"", ""method"": ""makeOptionalFitsSystemWindows""}"
89208,storage,SharedPreferences.getString,"{""key"": ""prefLanguage""}"
89220,network,okhttp3.RealCall.enqueue,"{""method"": ""GET"", ""url"": ""https://api.susi.ai/cms/getSkillMetricsData.json?model=general&language=en""}"
89229,reflection,Method.invoke,"{""class"": ""dalvik.system.CloseGuard"", ""method"": ""get""}"
89244,reflection,Method.invoke,"{""class"": ""dalvik.system.CloseGuard"", ""method"": ""open""}"
89260,network,Socket.connect,"{""endpoint"": ""api.susi.ai/167.235.1.187:443""}"
89312,reflection,Method.invoke,"{""class"": ""com.android.org.conscrypt.ConscryptFileDescriptorSocket"", ""method"": ""setUseSessionTickets""}"
89326,reflection,Method.invoke,"{""class"": ""com.android.org.conscrypt.ConscryptFileDescriptorSocket"", ""method"": ""setHostname""}"
89339,reflection,Method.invoke,"{""class"": ""com.android.org.conscrypt.OpenSSLSocketImpl"", ""method"": ""setAlpnProtocols""}"
89387,crypto,MessageDigest.getInstance,"{""algorithm"": ""MD5""}"
89394,crypto,MessageDigest.digest,{}
89405,crypto,MessageDigest.getInstance,"{""algorithm"": ""SHA1""}"
89409,crypto,MessageDigest.digest,{}
89417,crypto,MessageDigest.getInstance,"{""algorithm"": ""MD5""}"
89424,crypto,MessageDigest.digest,{}
89432,crypto,MessageDigest.getInstance,"{""algorithm"": ""SHA1""}"
89439,crypto,MessageDigest.digest,{}
89443,crypto,MessageDigest.getInstance,"{""algorithm"": ""MD5""}"
89450,crypto,MessageDigest.digest,{}
89460,crypto,MessageDigest.getInstance,"{""algorithm"": ""SHA1""}"
89471,crypto,MessageDigest.digest,{}
89476,crypto,MessageDigest.getInstance,"{""algorithm"": ""MD5""}"
89484,crypto,MessageDigest.digest,{}
89490,crypto,MessageDigest.getInstance,"{""algorithm"": ""SHA1""}"
89493,crypto,MessageDigest.digest,{}
89501,crypto,MessageDigest.getInstance,"{""algorithm"": ""SHA1""}"
89505,crypto,MessageDigest.digest,{}
89513,crypto,MessageDigest.getInstance,"{""algorithm"": ""SHA1""}"
89519,crypto,MessageDigest.digest,{}
89524,crypto,MessageDigest.getInstance,"{""algorithm"": ""SHA1""}"
89528,crypto,MessageDigest.digest,{}
89539,crypto,MessageDigest.getInstance,"{""algorithm"": ""SHA1""}"
89546,crypto,MessageDigest.digest,{}
89552,crypto,MessageDigest.getInstance,"{""algorithm"": ""SHA1""}"
89555,crypto,MessageDigest.digest,{}
89560,crypto,MessageDigest.getInstance,"{""algorithm"": ""SHA1""}"
89569,crypto,MessageDigest.digest,{}
89583,crypto,MessageDigest.getInstance,"{""algorithm"": ""SHA-256""}"
89588,crypto,MessageDigest.digest,{}
92471,reflection,Method.invoke,"{""class"": ""android.widget.PopupWindow"", ""method"": ""getMaxAvailableHeight""}"
92489,reflection,Method.invoke,"{""class"": ""android.widget.PopupWindow"", ""method"": ""setClipToScreenEnabled""}"
92508,reflection,Method.invoke,"{""class"": ""android.widget.PopupWindow"", ""method"": ""setEpicenterBounds""}"
92540,reflection,Method.invoke,"{""class"": ""android.widget.PopupWindow"", ""method"": ""getMaxAvailableHeight""}"
92587,reflection,Method.invoke,"{""class"": ""android.view.View"", ""method"": ""getTransitionAlpha""}"
95621,reflection,Method.invoke,"{""class"": ""android.view.View"", ""method"": ""getTransitionAlpha""}"
98478,reflection,Method.invoke,"{""class"": ""android.widget.PopupWindow"", ""method"": ""getMaxAvailableHeight""}"
98507,reflection,Method.invoke,"{""class"": ""android.widget.PopupWindow"", ""method"": ""setClipToScreenEnabled""}"
98524,reflection,Method.invoke,"{""class"": ""android.widget.PopupWindow"", ""method"": ""setEpicenterBounds""}"
98546,reflection,Method.invoke,"{""class"": ""android.widget.PopupWindow"", ""method"": ""getMaxAvailableHeight""}"
98584,reflection,Method.invoke,"{""class"": ""android.view.View"", ""method"": ""getTransitionAlpha""}"
101721,reflection,Method.invoke,"{""class"": ""android.view.View"", ""method"": ""getTransitionAlpha""}"
104654,reflection,Method.invoke,"{""class"": ""android.view.ViewGroup"", ""method"": ""makeOptionalFitsSystemWindows""}"
104672,storage,SharedPreferences.apply,{}
104674,audio,MediaRecorder.setAudioSource,"{""audioSource"": 1}"
104688,network,okhttp3.RealCall.enqueue,"{""method"": ""GET"", ""url"": ""http://ipinfo.io/json""}"
104690,reflection,Method.invoke,"{""class"": ""dalvik.system.CloseGuard"", ""method"": ""get""}"
104690,reflection,Method.invoke,"{""class"": ""dalvik.system.CloseGuard"", ""method"": ""open""}"
104692,location,LocationManager.requestLocationUpdates,"{""minDistance"": 10, ""minTime"": ""300000"", ""provider"": ""network""}"
104695,location,LocationManager.requestLocationUpdates,"{""minDistance"": 10, ""minTime"": ""300000"", ""provider"": ""gps""}"
104722,reflection,Method.invoke,"{""class"": ""android.security.NetworkSecurityPolicy"", ""method"": ""getInstance""}"
104723,reflection,Method.invoke,"{""class"": ""android.security.NetworkSecurityPolicy"", ""method"": ""isCleartextTrafficPermitted""}"
104769,reflection,Method.invoke,"{""class"": ""android.view.View"", ""method"": ""getElevation""}"
104779,reflection,Method.invoke,"{""class"": ""android.view.View"", ""method"": ""getElevation""}"
104795,reflection,Method.invoke,"{""class"": ""android.view.View"", ""method"": ""getElevation""}"
104812,reflection,Method.invoke,"{""class"": ""android.view.View"", ""method"": ""getElevation""}"
104879,ipc_intents,Context.bindService,"{""action"": ""android.intent.action.TTS_SERVICE"", ""flags"": 1, ""target"": ""android.intent.action.TTS_SERVICE""}"
104979,reflection,Method.invoke,"{""class"": ""java.util.Locale"", ""method"": ""readObject""}"
105006,reflection,Method.invoke,"{""class"": ""java.util.Locale"", ""method"": ""readResolve""}"
105019,reflection,Method.invoke,"{""class"": ""java.util.Locale"", ""method"": ""readObject""}"
105025,reflection,Method.invoke,"{""class"": ""java.util.Locale"", ""method"": ""readResolve""}"
105040,reflection,Method.invoke,"{""class"": ""java.util.Locale"", ""method"": ""readObject""}"
105045,reflection,Method.invoke,"{""class"": ""java.util.Locale"", ""method"": ""readResolve""}"
105055,reflection,Method.invoke,"{""class"": ""java.util.Locale"", ""method"": ""readObject""}"
105067,reflection,Method.invoke,"{""class"": ""java.util.Locale"", ""method"": ""readResolve""}"
105074,reflection,Method.invoke,"{""class"": ""java.util.Locale"", ""method"": ""readObject""}"
105080,reflection,Method.invoke,"{""class"": ""java.util.Locale"", ""method"": ""readResolve""}"
105092,reflection,Method.invoke,"{""class"": ""java.util.Locale"", ""method"": ""readObject""}"
105098,reflection,Method.invoke,"{""class"": ""java.util.Locale"", ""method"": ""readResolve""}"
105105,reflection,Method.invoke,"{""class"": ""java.util.Locale"", ""method"": ""readObject""}"
105111,reflection,Method.invoke,"{""class"": ""java.util.Locale"", ""method"": ""readResolve""}"
105118,reflection,Method.invoke,"{""class"": ""java.util.Locale"", ""method"": ""readObject""}"
105125,reflection,Method.invoke,"{""class"": ""java.util.Locale"", ""method"": ""readResolve""}"
105132,reflection,Method.invoke,"{""class"": ""java.util.Locale"", ""method"": ""readObject""}"
105139,reflection,Method.invoke,"{""class"": ""java.util.Locale"", ""method"": ""readResolve""}"
105146,reflection,Method.invoke,"{""class"": ""java.util.Locale"", ""method"": ""readObject""}"
105151,reflection,Method.invoke,"{""class"": ""java.util.Locale"", ""method"": ""readResolve""}"
105158,reflection,Method.invoke,"{""class"": ""java.util.Locale"", ""method"": ""readObject""}"
105167,reflection,Method.invoke,"{""class"": ""java.util.Locale"", ""method"": ""readResolve""}"
105173,reflection,Method.invoke,"{""class"": ""java.util.Locale"", ""method"": ""readObject""}"
105181,reflection,Method.invoke,"{""class"": ""java.util.Locale"", ""method"": ""readResolve""}"
105189,reflection,Method.invoke,"{""class"": ""java.util.Locale"", ""method"": ""readObject""}"
105195,reflection,Method.invoke,"{""class"": ""java.util.Locale"", ""method"": ""readResolve""}"
105207,reflection,Method.invoke,"{""class"": ""java.util.Locale"", ""method"": ""readObject""}"
105216,reflection,Method.invoke,"{""class"": ""java.util.Locale"", ""method"": ""readResolve""}"
105221,reflection,Method.invoke,"{""class"": ""java.util.Locale"", ""method"": ""readObject""}"
105228,reflection,Method.invoke,"{""class"": ""java.util.Locale"", ""method"": ""readResolve""}"
105235,reflection,Method.invoke,"{""class"": ""java.util.Locale"", ""method"": ""readObject""}"
105243,reflection,Method.invoke,"{""class"": ""java.util.Locale"", ""method"": ""readResolve""}"
105249,reflection,Method.invoke,"{""class"": ""java.util.Locale"", ""method"": ""readObject""}"
105255,reflection,Method.invoke,"{""class"": ""java.util.Locale"", ""method"": ""readResolve""}"
105263,reflection,Method.invoke,"{""class"": ""java.util.Locale"", ""method"": ""readObject""}"
105270,reflection,Method.invoke,"{""class"": ""java.util.Locale"", ""method"": ""readResolve""}"
105276,reflection,Method.invoke,"{""class"": ""java.util.Locale"", ""method"": ""readObject""}"
105283,reflection,Method.invoke,"{""class"": ""java.util.Locale"", ""method"": ""readResolve""}"
105292,reflection,Method.invoke,"{""class"": ""java.util.Locale"", ""method"": ""readObject""}"
105298,reflection,Method.invoke,"{""class"": ""java.util.Locale"", ""method"": ""readResolve""}"
105305,reflection,Method.invoke,"{""class"": ""java.util.Locale"", ""method"": ""readObject""}"
105313,reflection,Method.invoke,"{""class"": ""java.util.Locale"", ""method"": ""readResolve""}"
105320,reflection,Method.invoke,"{""class"": ""java.util.Locale"", ""method"": ""readObject""}"
105326,reflection,Method.invoke,"{""class"": ""java.util.Locale"", ""method"": ""readResolve""}"
105334,reflection,Method.invoke,"{""class"": ""java.util.Locale"", ""method"": ""readObject""}"
105341,reflection,Method.invoke,"{""class"": ""java.util.Locale"", ""method"": ""readResolve""}"
105349,reflection,Method.invoke,"{""class"": ""java.util.Locale"", ""method"": ""readObject""}"
105357,reflection,Method.invoke,"{""class"": ""java.util.Locale"", ""method"": ""readResolve""}"
105362,reflection,Method.invoke,"{""class"": ""java.util.Locale"", ""method"": ""readObject""}"
105371,reflection,Method.invoke,"{""class"": ""java.util.Locale"", ""method"": ""readResolve""}"
105380,reflection,Method.invoke,"{""class"": ""java.util.Locale"", ""method"": ""readObject""}"
105387,reflection,Method.invoke,"{""class"": ""java.util.Locale"", ""method"": ""readResolve""}"
105394,reflection,Method.invoke,"{""class"": ""java.util.Locale"", ""method"": ""readObject""}"
105400,reflection,Method.invoke,"{""class"": ""java.util.Locale"", ""method"": ""readResolve""}"
105408,reflection,Method.invoke,"{""class"": ""java.util.Locale"", ""method"": ""readObject""}"
105416,reflection,Method.invoke,"{""class"": ""java.util.Locale"", ""method"": ""readResolve""}"
105423,reflection,Method.invoke,"{""class"": ""java.util.Locale"", ""method"": ""readObject""}"
105431,reflection,Method.invoke,"{""class"": ""java.util.Locale"", ""method"": ""readResolve""}"
105440,reflection,Method.invoke,"{""class"": ""java.util.Locale"", ""method"": ""readObject""}"
105447,reflection,Method.invoke,"{""class"": ""java.util.Locale"", ""method"": ""readResolve""}"
105453,reflection,Method.invoke,"{""class"": ""java.util.Locale"", ""method"": ""readObject""}"
105461,reflection,Method.invoke,"{""class"": ""java.util.Locale"", ""method"": ""readResolve""}"
105467,reflection,Method.invoke,"{""class"": ""java.util.Locale"", ""method"": ""readObject""}"
105474,reflection,Method.invoke,"{""class"": ""java.util.Locale"", ""method"": ""readResolve""}"
105480,reflection,Method.invoke,"{""class"": ""java.util.Locale"", ""method"": ""readObject""}"
105487,reflection,Method.invoke,"{""class"": ""java.util.Locale"", ""method"": ""readResolve""}"
105495,reflection,Method.invoke,"{""class"": ""java.util.Locale"", ""method"": ""readObject""}"
105502,reflection,Method.invoke,"{""class"": ""java.util.Locale"", ""method"": ""readResolve""}"
105510,reflection,Method.invoke,"{""class"": ""java.util.Locale"", ""method"": ""readObject""}"
105518,reflection,Method.invoke,"{""class"": ""java.util.Locale"", ""method"": ""readResolve""}"
105524,reflection,Method.invoke,"{""class"": ""java.util.Locale"", ""method"": ""readObject""}"
105530,reflection,Method.invoke,"{""class"": ""java.util.Locale"", ""method"": ""readResolve""}"
105540,reflection,Method.invoke,"{""class"": ""java.util.Locale"", ""method"": ""readObject""}"
105546,reflection,Method.invoke,"{""class"": ""java.util.Locale"", ""method"": ""readResolve""}"
105552,reflection,Method.invoke,"{""class"": ""java.util.Locale"", ""method"": ""readObject""}"
105558,reflection,Method.invoke,"{""class"": ""java.util.Locale"", ""method"": ""readResolve""}"
105565,reflection,Method.invoke,"{""class"": ""java.util.Locale"", ""method"": ""readObject""}"
105572,reflection,Method.invoke,"{""class"": ""java.util.Locale"", ""method"": ""readResolve""}"
105582,reflection,Method.invoke,"{""class"": ""java.util.Locale"", ""method"": ""readObject""}"
105588,reflection,Method.invoke,"{""class"": ""java.util.Locale"", ""method"": ""readResolve""}"
105595,reflection,Method.invoke,"{""class"": ""java.util.Locale"", ""method"": ""readObject""}"
105601,reflection,Method.invoke,"{""class"": ""java.util.Locale"", ""method"": ""readResolve""}"
105606,reflection,Method.invoke,"{""class"": ""java.util.Locale"", ""method"": ""readObject""}"
105614,reflection,Method.invoke,"{""class"": ""java.util.Locale"", ""method"": ""readResolve""}"
105622,reflection,Method.invoke,"{""class"": ""java.util.Locale"", ""method"": ""readObject""}"
105629,reflection,Method.invoke,"{""class"": ""java.util.Locale"", ""method"": ""readResolve""}"
105637,reflection,Method.invoke,"{""class"": ""java.util.Locale"", ""method"": ""readObject""}"
105644,reflection,Method.invoke,"{""class"": ""java.util.Locale"", ""method"": ""readResolve""}"
105651,reflection,Method.invoke,"{""class"": ""java.util.Locale"", ""method"": ""readObject""}"
105659,reflection,Method.invoke,"{""class"": ""java.util.Locale"", ""method"": ""readResolve""}"
105665,reflection,Method.invoke,"{""class"": ""java.util.Locale"", ""method"": ""readObject""}"
105673,reflection,Method.invoke,"{""class"": ""java.util.Locale"", ""method"": ""readResolve""}"
105680,reflection,Method.invoke,"{""class"": ""java.util.Locale"", ""method"": ""readObject""}"
105688,reflection,Method.invoke,"{""class"": ""java.util.Locale"", ""method"": ""readResolve""}"
105696,reflection,Method.invoke,"{""class"": ""java.util.Locale"", ""method"": ""readObject""}"
105702,reflection,Method.invoke,"{""class"": ""java.util.Locale"", ""method"": ""readResolve""}"
105710,reflection,Method.invoke,"{""class"": ""java.util.Locale"", ""method"": ""readObject""}"
105719,reflection,Method.invoke,"{""class"": ""java.util.Locale"", ""method"": ""readResolve""}"
105725,reflection,Method.invoke,"{""class"": ""java.util.Locale"", ""method"": ""readObject""}"
105733,reflection,Method.invoke,"{""class"": ""java.util.Locale"", ""method"": ""readResolve""}"
105739,reflection,Method.invoke,"{""class"": ""java.util.Locale"", ""method"": ""readObject""}"
105745,reflection,Method.invoke,"{""class"": ""java.util.Locale"", ""method"": ""readResolve""}"
105752,reflection,Method.invoke,"{""class"": ""java.util.Locale"", ""method"": ""readObject""}"
105757,reflection,Method.invoke,"{""class"": ""java.util.Locale"", ""method"": ""readResolve""}"
105767,reflection,Method.invoke,"{""class"": ""java.util.Locale"", ""method"": ""readObject""}"
105773,reflection,Method.invoke,"{""class"": ""java.util.Locale"", ""method"": ""readResolve""}"
105781,reflection,Method.invoke,"{""class"": ""java.util.Locale"", ""method"": ""readObject""}"
105787,reflection,Method.invoke,"{""class"": ""java.util.Locale"", ""method"": ""readResolve""}"
105795,reflection,Method.invoke,"{""class"": ""java.util.Locale"", ""method"": ""readObject""}"
105803,reflection,Method.invoke,"{""class"": ""java.util.Locale"", ""method"": ""readResolve""}"
105810,reflection,Method.invoke,"{""class"": ""java.util.Locale"", ""method"": ""readObject""}"
105815,reflection,Method.invoke,"{""class"": ""java.util.Locale"", ""method"": ""readResolve""}"
105822,reflection,Method.invoke,"{""class"": ""java.util.Locale"", ""method"": ""readObject""}"
105830,reflection,Method.invoke,"{""class"": ""java.util.Locale"", ""method"": ""readResolve""}"
105838,reflection,Method.invoke,"{""class"": ""java.util.Locale"", ""method"": ""readObject""}"
105844,reflection,Method.invoke,"{""class"": ""java.util.Locale"", ""method"": ""readResolve""}"
105851,reflection,Method.invoke,"{""class"": ""java.util.Locale"", ""method"": ""readObject""}"
105858,reflection,Method.invoke,"{""class"": ""java.util.Locale"", ""method"": ""readResolve""}"
105865,reflection,Method.invoke,"{""class"": ""java.util.Locale"", ""method"": ""readObject""}"
105871,reflection,Method.invoke,"{""class"": ""java.util.Locale"", ""method"": ""readResolve""}"
105880,reflection,Method.invoke,"{""class"": ""java.util.Locale"", ""method"": ""readObject""}"
105886,reflection,Method.invoke,"{""class"": ""java.util.Locale"", ""method"": ""readResolve""}"
105893,reflection,Method.invoke,"{""class"": ""java.util.Locale"", ""method"": ""readObject""}"
105900,reflection,Method.invoke,"{""class"": ""java.util.Locale"", ""method"": ""readResolve""}"
105908,reflection,Method.invoke,"{""class"": ""java.util.Locale"", ""method"": ""readObject""}"
105914,reflection,Method.invoke,"{""class"": ""java.util.Locale"", ""method"": ""readResolve""}"
105920,reflection,Method.invoke,"{""class"": ""java.util.Locale"", ""method"": ""readObject""}"
105925,reflection,Method.invoke,"{""class"": ""java.util.Locale"", ""method"": ""readResolve""}"
105931,reflection,Method.invoke,"{""class"": ""java.util.Locale"", ""method"": ""readObject""}"
105940,reflection,Method.invoke,"{""class"": ""java.util.Locale"", ""method"": ""readResolve""}"
105947,reflection,Method.invoke,"{""class"": ""java.util.Locale"", ""method"": ""readObject""}"
105954,reflection,Method.invoke,"{""class"": ""java.util.Locale"", ""method"": ""readResolve""}"
105962,reflection,Method.invoke,"{""class"": ""java.util.Locale"", ""method"": ""readObject""}"
105967,reflection,Method.invoke,"{""class"": ""java.util.Locale"", ""method"": ""readResolve""}"
105975,reflection,Method.invoke,"{""class"": ""java.util.Locale"", ""method"": ""readObject""}"
105982,reflection,Method.invoke,"{""class"": ""java.util.Locale"", ""method"": ""readResolve""}"
105989,reflection,Method.invoke,"{""class"": ""java.util.Locale"", ""method"": ""readObject""}"
105995,reflection,Method.invoke,"{""class"": ""java.util.Locale"", ""method"": ""readResolve""}"
106001,reflection,Method.invoke,"{""class"": ""java.util.Locale"", ""method"": ""readObject""}"
106008,reflection,Method.invoke,"{""class"": ""java.util.Locale"", ""method"": ""readResolve""}"
106015,reflection,Method.invoke,"{""class"": ""java.util.Locale"", ""method"": ""readObject""}"
106021,reflection,Method.invoke,"{""class"": ""java.util.Locale"", ""method"": ""readResolve""}"
106028,reflection,Method.invoke,"{""class"": ""java.util.Locale"", ""method"": ""readObject""}"
106033,reflection,Method.invoke,"{""class"": ""java.util.Locale"", ""method"": ""readResolve""}"
106040,reflection,Method.invoke,"{""class"": ""java.util.Locale"", ""method"": ""readObject""}"
106047,reflection,Method.invoke,"{""class"": ""java.util.Locale"", ""method"": ""readResolve""}"
106054,reflection,Method.invoke,"{""class"": ""java.util.Locale"", ""method"": ""readObject""}"
106062,reflection,Method.invoke,"{""class"": ""java.util.Locale"", ""method"": ""readResolve""}"
106069,reflection,Method.invoke,"{""class"": ""java.util.Locale"", ""method"": ""readObject""}"
106075,reflection,Method.invoke,"{""class"": ""java.util.Locale"", ""method"": ""readResolve""}"
106083,reflection,Method.invoke,"{""class"": ""java.util.Locale"", ""method"": ""readObject""}"
106089,reflection,Method.invoke,"{""class"": ""java.util.Locale"", ""method"": ""readResolve""}"
106095,reflection,Method.invoke,"{""class"": ""java.util.Locale"", ""method"": ""readObject""}"
106101,reflection,Method.invoke,"{""class"": ""java.util.Locale"", ""method"": ""readResolve""}"
106110,reflection,Method.invoke,"{""class"": ""java.util.Locale"", ""method"": ""readObject""}"
106114,reflection,Method.invoke,"{""class"": ""java.util.Locale"", ""method"": ""readResolve""}"
106122,reflection,Method.invoke,"{""class"": ""java.util.Locale"", ""method"": ""readObject""}"
106129,reflection,Method.invoke,"{""class"": ""java.util.Locale"", ""method"": ""readResolve""}"
106136,reflection,Method.invoke,"{""class"": ""java.util.Locale"", ""method"": ""readObject""}"
106142,reflection,Method.invoke,"{""class"": ""java.util.Locale"", ""method"": ""readResolve""}"
106149,reflection,Method.invoke,"{""class"": ""java.util.Locale"", ""method"": ""readObject""}"
106155,reflection,Method.invoke,"{""class"": ""java.util.Locale"", ""method"": ""readResolve""}"
106161,reflection,Method.invoke,"{""class"": ""java.util.Locale"", ""method"": ""readObject""}"
106171,reflection,Method.invoke,"{""class"": ""java.util.Locale"", ""method"": ""readResolve""}"
106178,reflection,Method.invoke,"{""class"": ""java.util.Locale"", ""method"": ""readObject""}"
106184,reflection,Method.invoke,"{""class"": ""java.util.Locale"", ""method"": ""readResolve""}"
106192,reflection,Method.invoke,"{""class"": ""java.util.Locale"", ""method"": ""readObject""}"
106197,reflection,Method.invoke,"{""class"": ""java.util.Locale"", ""method"": ""readResolve""}"
106204,reflection,Method.invoke,"{""class"": ""java.util.Locale"", ""method"": ""readObject""}"
106210,reflection,Method.invoke,"{""class"": ""java.util.Locale"", ""method"": ""readResolve""}"
106220,reflection,Method.invoke,"{""class"": ""java.util.Locale"", ""method"": ""readObject""}"
106227,reflection,Method.invoke,"{""class"": ""java.util.Locale"", ""method"": ""readResolve""}"
106236,reflection,Method.invoke,"{""class"": ""java.util.Locale"", ""method"": ""readObject""}"
106242,reflection,Method.invoke,"{""class"": ""java.util.Locale"", ""method"": ""readResolve""}"
106248,reflection,Method.invoke,"{""class"": ""java.util.Locale"", ""method"": ""readObject""}"
106254,reflection,Method.invoke,"{""class"": ""java.util.Locale"", ""method"": ""readResolve""}"
106261,reflection,Method.invoke,"{""class"": ""java.util.Locale"", ""method"": ""readObject""}"
106266,reflection,Method.invoke,"{""class"": ""java.util.Locale"", ""method"": ""readResolve""}"
106274,reflection,Method.invoke,"{""class"": ""java.util.Locale"", ""method"": ""readObject""}"
106280,reflection,Method.invoke,"{""class"": ""java.util.Locale"", ""method"": ""readResolve""}"
106289,reflection,Method.invoke,"{""class"": ""java.util.Locale"", ""method"": ""readObject""}"
106296,reflection,Method.invoke,"{""class"": ""java.util.Locale"", ""method"": ""readResolve""}"
106304,reflection,Method.invoke,"{""class"": ""java.util.Locale"", ""method"": ""readObject""}"
106310,reflection,Method.invoke,"{""class"": ""java.util.Locale"", ""method"": ""readResolve""}"
106318,reflection,Method.invoke,"{""class"": ""java.util.Locale"", ""method"": ""readObject""}"
106323,reflection,Method.invoke,"{""class"": ""java.util.Locale"", ""method"": ""readResolve""}"
106329,reflection,Method.invoke,"{""class"": ""java.util.Locale"", ""method"": ""readObject""}"
106337,reflection,Method.invoke,"{""class"": ""java.util.Locale"", ""method"": ""readResolve""}"
106343,reflection,Method.invoke,"{""class"": ""java.util.Locale"", ""method"": ""readObject""}"
106349,reflection,Method.invoke,"{""class"": ""java.util.Locale"", ""method"": ""readResolve""}"
106355,reflection,Method.invoke,"{""class"": ""java.util.Locale"", ""method"": ""readObject""}"
106363,reflection,Method.invoke,"{""class"": ""java.util.Locale"", ""method"": ""readResolve""}"
106371,reflection,Method.invoke,"{""class"": ""java.util.Locale"", ""method"": ""readObject""}"
106378,reflection,Method.invoke,"{""class"": ""java.util.Locale"", ""method"": ""readResolve""}"
106386,reflection,Method.invoke,"{""class"": ""java.util.Locale"", ""method"": ""readObject""}"
106393,reflection,Method.invoke,"{""class"": ""java.util.Locale"", ""method"": ""readResolve""}"
106401,reflection,Method.invoke,"{""class"": ""java.util.Locale"", ""method"": ""readObject""}"
106408,reflection,Method.invoke,"{""class"": ""java.util.Locale"", ""method"": ""readResolve""}"
106416,reflection,Method.invoke,"{""class"": ""java.util.Locale"", ""method"": ""readObject""}"
106423,reflection,Method.invoke,"{""class"": ""java.util.Locale"", ""method"": ""readResolve""}"
106431,reflection,Method.invoke,"{""class"": ""java.util.Locale"", ""method"": ""readObject""}"
106438,reflection,Method.invoke,"{""class"": ""java.util.Locale"", ""method"": ""readResolve""}"
106444,reflection,Method.invoke,"{""class"": ""java.util.Locale"", ""method"": ""readObject""}"
106451,reflection,Method.invoke,"{""class"": ""java.util.Locale"", ""method"": ""readResolve""}"
106459,reflection,Method.invoke,"{""class"": ""java.util.Locale"", ""method"": ""readObject""}"
106465,reflection,Method.invoke,"{""class"": ""java.util.Locale"", ""method"": ""readResolve""}"
106473,reflection,Method.invoke,"{""class"": ""java.util.Locale"", ""method"": ""readObject""}"
106481,reflection,Method.invoke,"{""class"": ""java.util.Locale"", ""method"": ""readResolve""}"
106488,reflection,Method.invoke,"{""class"": ""java.util.Locale"", ""method"": ""readObject""}"
106493,reflection,Method.invoke,"{""class"": ""java.util.Locale"", ""method"": ""readResolve""}"
106499,reflection,Method.invoke,"{""class"": ""java.util.Locale"", ""method"": ""readObject""}"
106505,reflection,Method.invoke,"{""class"": ""java.util.Locale"", ""method"": ""readResolve""}"
106511,reflection,Method.invoke,"{""class"": ""java.util.Locale"", ""method"": ""readObject""}"
106518,reflection,Method.invoke,"{""class"": ""java.util.Locale"", ""method"": ""readResolve""}"
106525,reflection,Method.invoke,"{""class"": ""java.util.Locale"", ""method"": ""readObject""}"
106531,reflection,Method.invoke,"{""class"": ""java.util.Locale"", ""method"": ""readResolve""}"
106540,reflection,Method.invoke,"{""class"": ""java.util.Locale"", ""method"": ""readObject""}"
106546,reflection,Method.invoke,"{""class"": ""java.util.Locale"", ""method"": ""readResolve""}"
106553,reflection,Method.invoke,"{""class"": ""java.util.Locale"", ""method"": ""readObject""}"
106560,reflection,Method.invoke,"{""class"": ""java.util.Locale"", ""method"": ""readResolve""}"
106568,reflection,Method.invoke,"{""class"": ""java.util.Locale"", ""method"": ""readObject""}"
106575,reflection,Method.invoke,"{""class"": ""java.util.Locale"", ""method"": ""readResolve""}"
106581,reflection,Method.invoke,"{""class"": ""java.util.Locale"", ""method"": ""readObject""}"
106588,reflection,Method.invoke,"{""class"": ""java.util.Locale"", ""method"": ""readResolve""}"
106593,reflection,Method.invoke,"{""class"": ""java.util.Locale"", ""method"": ""readObject""}"
106602,reflection,Method.invoke,"{""class"": ""java.util.Locale"", ""method"": ""readResolve""}"
106612,reflection,Method.invoke,"{""class"": ""java.util.Locale"", ""method"": ""readObject""}"
106618,reflection,Method.invoke,"{""class"": ""java.util.Locale"", ""method"": ""readResolve""}"
106625,reflection,Method.invoke,"{""class"": ""java.util.Locale"", ""method"": ""readObject""}"
106633,reflection,Method.invoke,"{""class"": ""java.util.Locale"", ""method"": ""readResolve""}"
106640,reflection,Method.invoke,"{""class"": ""java.util.Locale"", ""method"": ""readObject""}"
106648,reflection,Method.invoke,"{""class"": ""java.util.Locale"", ""method"": ""readResolve""}"
106654,reflection,Method.invoke,"{""class"": ""java.util.Locale"", ""method"": ""readObject""}"
106663,reflection,Method.invoke,"{""class"": ""java.util.Locale"", ""method"": ""readResolve""}"
106671,reflection,Method.invoke,"{""class"": ""java.util.Locale"", ""method"": ""readObject""}"
106676,reflection,Method.invoke,"{""class"": ""java.util.Locale"", ""method"": ""readResolve""}"
106683,reflection,Method.invoke,"{""class"": ""java.util.Locale"", ""method"": ""readObject""}"
106690,reflection,Method.invoke,"{""class"": ""java.util.Locale"", ""method"": ""readResolve""}"
106698,reflection,Method.invoke,"{""class"": ""java.util.Locale"", ""method"": ""readObject""}"
106703,reflection,Method.invoke,"{""class"": ""java.util.Locale"", ""method"": ""readResolve""}"
106710,reflection,Method.invoke,"{""class"": ""java.util.Locale"", ""method"": ""readObject""}"
106717,reflection,Method.invoke,"{""class"": ""java.util.Locale"", ""method"": ""readResolve""}"
106725,reflection,Method.invoke,"{""class"": ""java.util.Locale"", ""method"": ""readObject""}"
106732,reflection,Method.invoke,"{""class"": ""java.util.Locale"", ""method"": ""readResolve""}"
106737,reflection,Method.invoke,"{""class"": ""java.util.Locale"", ""method"": ""readObject""}"
106745,reflection,Method.invoke,"{""class"": ""java.util.Locale"", ""method"": ""readResolve""}"
106753,reflection,Method.invoke,"{""class"": ""java.util.Locale"", ""method"": ""readObject""}"
106759,reflection,Method.invoke,"{""class"": ""java.util.Locale"", ""method"": ""readResolve""}"
106766,reflection,Method.invoke,"{""class"": ""java.util.Locale"", ""method"": ""readObject""}"
106773,reflection,Method.invoke,"{""class"": ""java.util.Locale"", ""method"": ""readResolve""}"
106780,reflection,Method.invoke,"{""class"": ""java.util.Locale"", ""method"": ""readObject""}"
106787,reflection,Method.invoke,"{""class"": ""java.util.Locale"", ""method"": ""readResolve""}"
106794,reflection,Method.invoke,"{""class"": ""java.util.Locale"", ""method"": ""readObject""}"
106801,reflection,Method.invoke,"{""class"": ""java.util.Locale"", ""method"": ""readResolve""}"
106808,reflection,Method.invoke,"{""class"": ""java.util.Locale"", ""method"": ""readObject""}"
106816,reflection,Method.invoke,"{""class"": ""java.util.Locale"", ""method"": ""readResolve""}"
106822,reflection,Method.invoke,"{""class"": ""java.util.Locale"", ""method"": ""readObject""}"
106828,reflection,Method.invoke,"{""class"": ""java.util.Locale"", ""method"": ""readResolve""}"
106836,reflection,Method.invoke,"{""class"": ""java.util.Locale"", ""method"": ""readObject""}"
106842,reflection,Method.invoke,"{""class"": ""java.util.Locale"", ""method"": ""readResolve""}"
106850,reflection,Method.invoke,"{""class"": ""java.util.Locale"", ""method"": ""readObject""}"
106857,reflection,Method.invoke,"{""class"": ""java.util.Locale"", ""method"": ""readResolve""}"
106863,reflection,Method.invoke,"{""class"": ""java.util.Locale"", ""method"": ""readObject""}"
106870,reflection,Method.invoke,"{""class"": ""java.util.Locale"", ""method"": ""readResolve""}"
106876,reflection,Method.invoke,"{""class"": ""java.util.Locale"", ""method"": ""readObject""}"
106883,reflection,Method.invoke,"{""class"": ""java.util.Locale"", ""method"": ""readResolve""}"
106892,reflection,Method.invoke,"{""class"": ""java.util.Locale"", ""method"": ""readObject""}"
106898,reflection,Method.invoke,"{""class"": ""java.util.Locale"", ""method"": ""readResolve""}"
106907,reflection,Method.invoke,"{""class"": ""java.util.Locale"", ""method"": ""readObject""}"
106913,reflection,Method.invoke,"{""class"": ""java.util.Locale"", ""method"": ""readResolve""}"
106919,reflection,Method.invoke,"{""class"": ""java.util.Locale"", ""method"": ""readObject""}"
106925,reflection,Method.invoke,"{""class"": ""java.util.Locale"", ""method"": ""readResolve""}"
106933,reflection,Method.invoke,"{""class"": ""java.util.Locale"", ""method"": ""readObject""}"
106940,reflection,Method.invoke,"{""class"": ""java.util.Locale"", ""method"": ""readResolve""}"
106949,reflection,Method.invoke,"{""class"": ""java.util.Locale"", ""method"": ""readObject""}"
106955,reflection,Method.invoke,"{""class"": ""java.util.Locale"", ""method"": ""readResolve""}"
106961,reflection,Method.invoke,"{""class"": ""java.util.Locale"", ""method"": ""readObject""}"
106968,reflection,Method.invoke,"{""class"": ""java.util.Locale"", ""method"": ""readResolve""}"
106975,reflection,Method.invoke,"{""class"": ""java.util.Locale"", ""method"": ""readObject""}"
106981,reflection,Method.invoke,"{""class"": ""java.util.Locale"", ""method"": ""readResolve""}"
106987,reflection,Method.invoke,"{""class"": ""java.util.Locale"", ""method"": ""readObject""}"
106994,reflection,Method.invoke,"{""class"": ""java.util.Locale"", ""method"": ""readResolve""}"
107001,reflection,Method.invoke,"{""class"": ""java.util.Locale"", ""method"": ""readObject""}"
107008,reflection,Method.invoke,"{""class"": ""java.util.Locale"", ""method"": ""readResolve""}"
107015,reflection,Method.invoke,"{""class"": ""java.util.Locale"", ""method"": ""readObject""}"
107022,reflection,Method.invoke,"{""class"": ""java.util.Locale"", ""method"": ""readResolve""}"
107029,reflection,Method.invoke,"{""class"": ""java.util.Locale"", ""method"": ""readObject""}"
107035,reflection,Method.invoke,"{""class"": ""java.util.Locale"", ""method"": ""readResolve""}"
107042,reflection,Method.invoke,"{""class"": ""java.util.Locale"", ""method"": ""readObject""}"
107050,reflection,Method.invoke,"{""class"": ""java.util.Locale"", ""method"": ""readResolve""}"
107058,reflection,Method.invoke,"{""class"": ""java.util.Locale"", ""method"": ""readObject""}"
107063,reflection,Method.invoke,"{""class"": ""java.util.Locale"", ""method"": ""readResolve""}"
107070,reflection,Method.invoke,"{""class"": ""java.util.Locale"", ""method"": ""readObject""}"
107076,reflection,Method.invoke,"{""class"": ""java.util.Locale"", ""method"": ""readResolve""}"
107084,reflection,Method.invoke,"{""class"": ""java.util.Locale"", ""method"": ""readObject""}"
107090,reflection,Method.invoke,"{""class"": ""java.util.Locale"", ""method"": ""readResolve""}"
107096,reflection,Method.invoke,"{""class"": ""java.util.Locale"", ""method"": ""readObject""}"
107103,reflection,Method.invoke,"{""class"": ""java.util.Locale"", ""method"": ""readResolve""}"
107109,reflection,Method.invoke,"{""class"": ""java.util.Locale"", ""method"": ""readObject""}"
107115,reflection,Method.invoke,"{""class"": ""java.util.Locale"", ""method"": ""readResolve""}"
107122,reflection,Method.invoke,"{""class"": ""java.util.Locale"", ""method"": ""readObject""}"
107127,reflection,Method.invoke,"{""class"": ""java.util.Locale"", ""method"": ""readResolve""}"
107134,reflection,Method.invoke,"{""class"": ""java.util.Locale"", ""method"": ""readObject""}"
107140,reflection,Method.invoke,"{""class"": ""java.util.Locale"", ""method"": ""readResolve""}"
107145,reflection,Method.invoke,"{""class"": ""java.util.Locale"", ""method"": ""readObject""}"
107154,reflection,Method.invoke,"{""class"": ""java.util.Locale"", ""method"": ""readResolve""}"
107160,reflection,Method.invoke,"{""class"": ""java.util.Locale"", ""method"": ""readObject""}"
107168,reflection,Method.invoke,"{""class"": ""java.util.Locale"", ""method"": ""readResolve""}"
107177,reflection,Method.invoke,"{""class"": ""java.util.Locale"", ""method"": ""readObject""}"
107183,reflection,Method.invoke,"{""class"": ""java.util.Locale"", ""method"": ""readResolve""}"
107189,reflection,Method.invoke,"{""class"": ""java.util.Locale"", ""method"": ""readObject""}"
107195,reflection,Method.invoke,"{""class"": ""java.util.Locale"", ""method"": ""readResolve""}"
107201,reflection,Method.invoke,"{""class"": ""java.util.Locale"", ""method"": ""readObject""}"
107208,reflection,Method.invoke,"{""class"": ""java.util.Locale"", ""method"": ""readResolve""}"
107216,reflection,Method.invoke,"{""class"": ""java.util.Locale"", ""method"": ""readObject""}"
107223,reflection,Method.invoke,"{""class"": ""java.util.Locale"", ""method"": ""readResolve""}"
107230,reflection,Method.invoke,"{""class"": ""java.util.Locale"", ""method"": ""readObject""}"
107238,reflection,Method.invoke,"{""class"": ""java.util.Locale"", ""method"": ""readResolve""}"
107246,reflection,Method.invoke,"{""class"": ""java.util.Locale"", ""method"": ""readObject""}"
107252,reflection,Method.invoke,"{""class"": ""java.util.Locale"", ""method"": ""readResolve""}"
107258,reflection,Method.invoke,"{""class"": ""java.util.Locale"", ""method"": ""readObject""}"
107265,reflection,Method.invoke,"{""class"": ""java.util.Locale"", ""method"": ""readResolve""}"
107273,reflection,Method.invoke,"{""class"": ""java.util.Locale"", ""method"": ""readObject""}"
107280,reflection,Method.invoke,"{""class"": ""java.util.Locale"", ""method"": ""readResolve""}"
107289,reflection,Method.invoke,"{""class"": ""java.util.Locale"", ""method"": ""readObject""}"
107296,reflection,Method.invoke,"{""class"": ""java.util.Locale"", ""method"": ""readResolve""}"
107303,reflection,Method.invoke,"{""class"": ""java.util.Locale"", ""method"": ""readObject""}"
107310,reflection,Method.invoke,"{""class"": ""java.util.Locale"", ""method"": ""readResolve""}"
107318,reflection,Method.invoke,"{""class"": ""java.util.Locale"", ""method"": ""readObject""}"
107325,reflection,Method.invoke,"{""class"": ""java.util.Locale"", ""method"": ""readResolve""}"
107332,reflection,Method.invoke,"{""class"": ""java.util.Locale"", ""method"": ""readObject""}"
107338,reflection,Method.invoke,"{""class"": ""java.util.Locale"", ""method"": ""readResolve""}"
107344,reflection,Method.invoke,"{""class"": ""java.util.Locale"", ""method"": ""readObject""}"
107350,reflection,Method.invoke,"{""class"": ""java.util.Locale"", ""method"": ""readResolve""}"
107356,reflection,Method.invoke,"{""class"": ""java.util.Locale"", ""method"": ""readObject""}"
107363,reflection,Method.invoke,"{""class"": ""java.util.Locale"", ""method"": ""readResolve""}"
107369,reflection,Method.invoke,"{""class"": ""java.util.Locale"", ""method"": ""readObject""}"
107375,reflection,Method.invoke,"{""class"": ""java.util.Locale"", ""method"": ""readResolve""}"
107382,reflection,Method.invoke,"{""class"": ""java.util.Locale"", ""method"": ""readObject""}"
107389,reflection,Method.invoke,"{""class"": ""java.util.Locale"", ""method"": ""readResolve""}"
107395,reflection,Method.invoke,"{""class"": ""java.util.Locale"", ""method"": ""readObject""}"
107403,reflection,Method.invoke,"{""class"": ""java.util.Locale"", ""method"": ""readResolve""}"
107409,reflection,Method.invoke,"{""class"": ""java.util.Locale"", ""method"": ""readObject""}"
107417,reflection,Method.invoke,"{""class"": ""java.util.Locale"", ""method"": ""readResolve""}"
107423,reflection,Method.invoke,"{""class"": ""java.util.Locale"", ""method"": ""readObject""}"
107428,reflection,Method.invoke,"{""class"": ""java.util.Locale"", ""method"": ""readResolve""}"
107435,reflection,Method.invoke,"{""class"": ""java.util.Locale"", ""method"": ""readObject""}"
107441,reflection,Method.invoke,"{""class"": ""java.util.Locale"", ""method"": ""readResolve""}"
107448,reflection,Method.invoke,"{""class"": ""java.util.Locale"", ""method"": ""readObject""}"
107456,reflection,Method.invoke,"{""class"": ""java.util.Locale"", ""method"": ""readResolve""}"
107464,reflection,Method.invoke,"{""class"": ""java.util.Locale"", ""method"": ""readObject""}"
107469,reflection,Method.invoke,"{""class"": ""java.util.Locale"", ""method"": ""readResolve""}"
107478,reflection,Method.invoke,"{""class"": ""java.util.Locale"", ""method"": ""readObject""}"
107485,reflection,Method.invoke,"{""class"": ""java.util.Locale"", ""method"": ""readResolve""}"
107492,reflection,Method.invoke,"{""class"": ""java.util.Locale"", ""method"": ""readObject""}"
107499,reflection,Method.invoke,"{""class"": ""java.util.Locale"", ""method"": ""readResolve""}"
107505,reflection,Method.invoke,"{""class"": ""java.util.Locale"", ""method"": ""readObject""}"
107511,reflection,Method.invoke,"{""class"": ""java.util.Locale"", ""method"": ""readResolve""}"
107518,reflection,Method.invoke,"{""class"": ""java.util.Locale"", ""method"": ""readObject""}"
107523,reflection,Method.invoke,"{""class"": ""java.util.Locale"", ""method"": ""readResolve""}"
107530,reflection,Method.invoke,"{""class"": ""java.util.Locale"", ""method"": ""readObject""}"
107537,reflection,Method.invoke,"{""class"": ""java.util.Locale"", ""method"": ""readResolve""}"
107544,reflection,Method.invoke,"{""class"": ""java.util.Locale"", ""method"": ""readObject""}"
107550,reflection,Method.invoke,"{""class"": ""java.util.Locale"", ""method"": ""readResolve""}"
107557,reflection,Method.invoke,"{""class"": ""java.util.Locale"", ""method"": ""readObject""}"
107563,reflection,Method.invoke,"{""class"": ""java.util.Locale"", ""method"": ""readResolve""}"
107571,reflection,Method.invoke,"{""class"": ""java.util.Locale"", ""method"": ""readObject""}"
107577,reflection,Method.invoke,"{""class"": ""java.util.Locale"", ""method"": ""readResolve""}"
107583,reflection,Method.invoke,"{""class"": ""java.util.Locale"", ""method"": ""readObject""}"
107588,reflection,Method.invoke,"{""class"": ""java.util.Locale"", ""method"": ""readResolve""}"
107594,reflection,Method.invoke,"{""class"": ""java.util.Locale"", ""method"": ""readObject""}"
107603,reflection,Method.invoke,"{""class"": ""java.util.Locale"", ""method"": ""readResolve""}"
107611,reflection,Method.invoke,"{""class"": ""java.util.Locale"", ""method"": ""readObject""}"
107620,reflection,Method.invoke,"{""class"": ""java.util.Locale"", ""method"": ""readResolve""}"
107627,reflection,Method.invoke,"{""class"": ""java.util.Locale"", ""method"": ""readObject""}"
107633,reflection,Method.invoke,"{""class"": ""java.util.Locale"", ""method"": ""readResolve""}"
107641,reflection,Method.invoke,"{""class"": ""java.util.Locale"", ""method"": ""readObject""}"
107648,reflection,Method.invoke,"{""class"": ""java.util.Locale"", ""method"": ""readResolve""}"
107654,reflection,Method.invoke,"{""class"": ""java.util.Locale"", ""method"": ""readObject""}"
107662,reflection,Method.invoke,"{""class"": ""java.util.Locale"", ""method"": ""readResolve""}"
107669,reflection,Method.invoke,"{""class"": ""java.util.Locale"", ""method"": ""readObject""}"
107676,reflection,Method.invoke,"{""class"": ""java.util.Locale"", ""method"": ""readResolve""}"
107683,reflection,Method.invoke,"{""class"": ""java.util.Locale"", ""method"": ""readObject""}"
107689,reflection,Method.invoke,"{""class"": ""java.util.Locale"", ""method"": ""readResolve""}"
107698,reflection,Method.invoke,"{""class"": ""java.util.Locale"", ""method"": ""readObject""}"
107705,reflection,Method.invoke,"{""class"": ""java.util.Locale"", ""method"": ""readResolve""}"
107711,reflection,Method.invoke,"{""class"": ""java.util.Locale"", ""method"": ""readObject""}"
107716,reflection,Method.invoke,"{""class"": ""java.util.Locale"", ""method"": ""readResolve""}"
107725,reflection,Method.invoke,"{""class"": ""java.util.Locale"", ""method"": ""readObject""}"
107739,reflection,Method.invoke,"{""class"": ""java.util.Locale"", ""method"": ""readResolve""}"
107745,reflection,Method.invoke,"{""class"": ""java.util.Locale"", ""method"": ""readObject""}"
107752,reflection,Method.invoke,"{""class"": ""java.util.Locale"", ""method"": ""readResolve""}"
107758,reflection,Method.invoke,"{""class"": ""java.util.Locale"", ""method"": ""readObject""}"
107764,reflection,Method.invoke,"{""class"": ""java.util.Locale"", ""method"": ""readResolve""}"
107771,reflection,Method.invoke,"{""class"": ""java.util.Locale"", ""method"": ""readObject""}"
107777,reflection,Method.invoke,"{""class"": ""java.util.Locale"", ""method"": ""readResolve""}"
107785,reflection,Method.invoke,"{""class"": ""java.util.Locale"", ""method"": ""readObject""}"
107792,reflection,Method.invoke,"{""class"": ""java.util.Locale"", ""method"": ""readResolve""}"
107798,reflection,Method.invoke,"{""class"": ""java.util.Locale"", ""method"": ""readObject""}"
107807,reflection,Method.invoke,"{""class"": ""java.util.Locale"", ""method"": ""readResolve""}"
107813,reflection,Method.invoke,"{""class"": ""java.util.Locale"", ""method"": ""readObject""}"
107818,reflection,Method.invoke,"{""class"": ""java.util.Locale"", ""method"": ""readResolve""}"
107825,reflection,Method.invoke,"{""class"": ""java.util.Locale"", ""method"": ""readObject""}"
107830,reflection,Method.invoke,"{""class"": ""java.util.Locale"", ""method"": ""readResolve""}"
107839,reflection,Method.invoke,"{""class"": ""java.util.Locale"", ""method"": ""readObject""}"
107846,reflection,Method.invoke,"{""class"": ""java.util.Locale"", ""method"": ""readResolve""}"
107855,reflection,Method.invoke,"{""class"": ""java.util.Locale"", ""method"": ""readObject""}"
107860,reflection,Method.invoke,"{""class"": ""java.util.Locale"", ""method"": ""readResolve""}"
107867,reflection,Method.invoke,"{""class"": ""java.util.Locale"", ""method"": ""readObject""}"
107874,reflection,Method.invoke,"{""class"": ""java.util.Locale"", ""method"": ""readResolve""}"
107882,reflection,Method.invoke,"{""class"": ""java.util.Locale"", ""method"": ""readObject""}"
107890,reflection,Method.invoke,"{""class"": ""java.util.Locale"", ""method"": ""readResolve""}"
107897,reflection,Method.invoke,"{""class"": ""java.util.Locale"", ""method"": ""readObject""}"
107905,reflection,Method.invoke,"{""class"": ""java.util.Locale"", ""method"": ""readResolve""}"
107911,reflection,Method.invoke,"{""class"": ""java.util.Locale"", ""method"": ""readObject""}"
107919,reflection,Method.invoke,"{""class"": ""java.util.Locale"", ""method"": ""readResolve""}"
107926,reflection,Method.invoke,"{""class"": ""java.util.Locale"", ""method"": ""readObject""}"
107930,reflection,Method.invoke,"{""class"": ""java.util.Locale"", ""method"": ""readResolve""}"
107938,reflection,Method.invoke,"{""class"": ""java.util.Locale"", ""method"": ""readObject""}"
107944,reflection,Method.invoke,"{""class"": ""java.util.Locale"", ""method"": ""readResolve""}"
107952,reflection,Method.invoke,"{""class"": ""java.util.Locale"", ""method"": ""readObject""}"
107959,reflection,Method.invoke,"{""class"": ""java.util.Locale"", ""method"": ""readResolve""}"
107968,reflection,Method.invoke,"{""class"": ""java.util.Locale"", ""method"": ""readObject""}"
107973,reflection,Method.invoke,"{""class"": ""java.util.Locale"", ""method"": ""readResolve""}"
107980,reflection,Method.invoke,"{""class"": ""java.util.Locale"", ""method"": ""readObject""}"
107988,reflection,Method.invoke,"{""class"": ""java.util.Locale"", ""method"": ""readResolve""}"
107994,reflection,Method.invoke,"{""class"": ""java.util.Locale"", ""method"": ""readObject""}"
108001,reflection,Method.invoke,"{""class"": ""java.util.Locale"", ""method"": ""readResolve""}"
108007,reflection,Method.invoke,"{""class"": ""java.util.Locale"", ""method"": ""readObject""}"
108013,reflection,Method.invoke,"{""class"": ""java.util.Locale"", ""method"": ""readResolve""}"
108020,reflection,Method.invoke,"{""class"": ""java.util.Locale"", ""method"": ""readObject""}"
108026,reflection,Method.invoke,"{""class"": ""java.util.Locale"", ""method"": ""readResolve""}"
108032,reflection,Method.invoke,"{""class"": ""java.util.Locale"", ""method"": ""readObject""}"
108039,reflection,Method.invoke,"{""class"": ""java.util.Locale"", ""method"": ""readResolve""}"
108046,reflection,Method.invoke,"{""class"": ""java.util.Locale"", ""method"": ""readObject""}"
108051,reflection,Method.invoke,"{""class"": ""java.util.Locale"", ""method"": ""readResolve""}"
108059,reflection,Method.invoke,"{""class"": ""java.util.Locale"", ""method"": ""readObject""}"
108065,reflection,Method.invoke,"{""class"": ""java.util.Locale"", ""method"": ""readResolve""}"
108071,reflection,Method.invoke,"{""class"": ""java.util.Locale"", ""method"": ""readObject""}"
108077,reflection,Method.invoke,"{""class"": ""java.util.Locale"", ""method"": ""readResolve""}"
108085,reflection,Method.invoke,"{""class"": ""java.util.Locale"", ""method"": ""readObject""}"
108092,reflection,Method.invoke,"{""class"": ""java.util.Locale"", ""method"": ""readResolve""}"
108098,reflection,Method.invoke,"{""class"": ""java.util.Locale"", ""method"": ""readObject""}"
108105,reflection,Method.invoke,"{""class"": ""java.util.Locale"", ""method"": ""readResolve""}"
108112,reflection,Method.invoke,"{""class"": ""java.util.Locale"", ""method"": ""readObject""}"
108118,reflection,Method.invoke,"{""class"": ""java.util.Locale"", ""method"": ""readResolve""}"
108127,reflection,Method.invoke,"{""class"": ""java.util.Locale"", ""method"": ""readObject""}"
108133,reflection,Method.invoke,"{""class"": ""java.util.Locale"", ""method"": ""readResolve""}"
108140,reflection,Method.invoke,"{""class"": ""java.util.Locale"", ""method"": ""readObject""}"
108148,reflection,Method.invoke,"{""class"": ""java.util.Locale"", ""method"": ""readResolve""}"
108156,reflection,Method.invoke,"{""class"": ""java.util.Locale"", ""method"": ""readObject""}"
108163,reflection,Method.invoke,"{""class"": ""java.util.Locale"", ""method"": ""readResolve""}"
108169,reflection,Method.invoke,"{""class"": ""java.util.Locale"", ""method"": ""readObject""}"
108176,reflection,Method.invoke,"{""class"": ""java.util.Locale"", ""method"": ""readResolve""}"
108182,reflection,Method.invoke,"{""class"": ""java.util.Locale"", ""method"": ""readObject""}"
108188,reflection,Method.invoke,"{""class"": ""java.util.Locale"", ""method"": ""readResolve""}"
108195,reflection,Method.invoke,"{""class"": ""java.util.Locale"", ""method"": ""readObject""}"
108203,reflection,Method.invoke,"{""class"": ""java.util.Locale"", ""method"": ""readResolve""}"
108209,reflection,Method.invoke,"{""class"": ""java.util.Locale"", ""method"": ""readObject""}"
108215,reflection,Method.invoke,"{""class"": ""java.util.Locale"", ""method"": ""readResolve""}"
108227,reflection,Method.invoke,"{""class"": ""java.util.Locale"", ""method"": ""readObject""}"
108233,reflection,Method.invoke,"{""class"": ""java.util.Locale"", ""method"": ""readResolve""}"
108240,reflection,Method.invoke,"{""class"": ""java.util.Locale"", ""method"": ""readObject""}"
108245,reflection,Method.invoke,"{""class"": ""java.util.Locale"", ""method"": ""readResolve""}"
108253,reflection,Method.invoke,"{""class"": ""java.util.Locale"", ""method"": ""readObject""}"
108259,reflection,Method.invoke,"{""class"": ""java.util.Locale"", ""method"": ""readResolve""}"
108265,reflection,Method.invoke,"{""class"": ""java.util.Locale"", ""method"": ""readObject""}"
108273,reflection,Method.invoke,"{""class"": ""java.util.Locale"", ""method"": ""readResolve""}"
108280,reflection,Method.invoke,"{""class"": ""java.util.Locale"", ""method"": ""readObject""}"
108288,reflection,Method.invoke,"{""class"": ""java.util.Locale"", ""method"": ""readResolve""}"
108296,reflection,Method.invoke,"{""class"": ""java.util.Locale"", ""method"": ""readObject""}"
108302,reflection,Method.invoke,"{""class"": ""java.util.Locale"", ""method"": ""readResolve""}"
108309,reflection,Method.invoke,"{""class"": ""java.util.Locale"", ""method"": ""readObject""}"
108315,reflection,Method.invoke,"{""class"": ""java.util.Locale"", ""method"": ""readResolve""}"
108322,reflection,Method.invoke,"{""class"": ""java.util.Locale"", ""method"": ""readObject""}"
108329,reflection,Method.invoke,"{""class"": ""java.util.Locale"", ""method"": ""readResolve""}"
108336,reflection,Method.invoke,"{""class"": ""java.util.Locale"", ""method"": ""readObject""}"
108345,reflection,Method.invoke,"{""class"": ""java.util.Locale"", ""method"": ""readResolve""}"
108352,reflection,Method.invoke,"{""class"": ""java.util.Locale"", ""method"": ""readObject""}"
108357,reflection,Method.invoke,"{""class"": ""java.util.Locale"", ""method"": ""readResolve""}"
108365,reflection,Method.invoke,"{""class"": ""java.util.Locale"", ""method"": ""readObject""}"
108372,reflection,Method.invoke,"{""class"": ""java.util.Locale"", ""method"": ""readResolve""}"
108379,reflection,Method.invoke,"{""class"": ""java.util.Locale"", ""method"": ""readObject""}"
108386,reflection,Method.invoke,"{""class"": ""java.util.Locale"", ""method"": ""readResolve""}"
108394,reflection,Method.invoke,"{""class"": ""java.util.Locale"", ""method"": ""readObject""}"
108400,reflection,Method.invoke,"{""class"": ""java.util.Locale"", ""method"": ""readResolve""}"
108406,reflection,Method.invoke,"{""class"": ""java.util.Locale"", ""method"": ""readObject""}"
108414,reflection,Method.invoke,"{""class"": ""java.util.Locale"", ""method"": ""readResolve""}"
108423,reflection,Method.invoke,"{""class"": ""java.util.Locale"", ""method"": ""readObject""}"
108429,reflection,Method.invoke,"{""class"": ""java.util.Locale"", ""method"": ""readResolve""}"
108438,reflection,Method.invoke,"{""class"": ""java.util.Locale"", ""method"": ""readObject""}"
108444,reflection,Method.invoke,"{""class"": ""java.util.Locale"", ""method"": ""readResolve""}"
108451,reflection,Method.invoke,"{""class"": ""java.util.Locale"", ""method"": ""readObject""}"
108458,reflection,Method.invoke,"{""class"": ""java.util.Locale"", ""method"": ""readResolve""}"
108464,reflection,Method.invoke,"{""class"": ""java.util.Locale"", ""method"": ""readObject""}"
108470,reflection,Method.invoke,"{""class"": ""java.util.Locale"", ""method"": ""readResolve""}"
108476,reflection,Method.invoke,"{""class"": ""java.util.Locale"", ""method"": ""readObject""}"
108481,reflection,Method.invoke,"{""class"": ""java.util.Locale"", ""method"": ""readResolve""}"
108490,reflection,Method.invoke,"{""class"": ""java.util.Locale"", ""method"": ""readObject""}"
108496,reflection,Method.invoke,"{""class"": ""java.util.Locale"", ""method"": ""readResolve""}"
108503,reflection,Method.invoke,"{""class"": ""java.util.Locale"", ""method"": ""readObject""}"
108510,reflection,Method.invoke,"{""class"": ""java.util.Locale"", ""method"": ""readResolve""}"
108516,reflection,Method.invoke,"{""class"": ""java.util.Locale"", ""method"": ""readObject""}"
108523,reflection,Method.invoke,"{""class"": ""java.util.Locale"", ""method"": ""readResolve""}"
108530,reflection,Method.invoke,"{""class"": ""java.util.Locale"", ""method"": ""readObject""}"
108536,reflection,Method.invoke,"{""class"": ""java.util.Locale"", ""method"": ""readResolve""}"
108543,reflection,Method.invoke,"{""class"": ""java.util.Locale"", ""method"": ""readObject""}"
108550,reflection,Method.invoke,"{""class"": ""java.util.Locale"", ""method"": ""readResolve""}"
108556,reflection,Method.invoke,"{""class"": ""java.util.Locale"", ""method"": ""readObject""}"
108564,reflection,Method.invoke,"{""class"": ""java.util.Locale"", ""method"": ""readResolve""}"
108572,reflection,Method.invoke,"{""class"": ""java.util.Locale"", ""method"": ""readObject""}"
108577,reflection,Method.invoke,"{""class"": ""java.util.Locale"", ""method"": ""readResolve""}"
108584,reflection,Method.invoke,"{""class"": ""java.util.Locale"", ""method"": ""readObject""}"
108591,reflection,Method.invoke,"{""class"": ""java.util.Locale"", ""method"": ""readResolve""}"
108598,reflection,Method.invoke,"{""class"": ""java.util.Locale"", ""method"": ""readObject""}"
108604,reflection,Method.invoke,"{""class"": ""java.util.Locale"", ""method"": ""readResolve""}"
108611,reflection,Method.invoke,"{""class"": ""java.util.Locale"", ""method"": ""readObject""}"
108617,reflection,Method.invoke,"{""class"": ""java.util.Locale"", ""method"": ""readResolve""}"
108625,reflection,Method.invoke,"{""class"": ""java.util.Locale"", ""method"": ""readObject""}"
108631,reflection,Method.invoke,"{""class"": ""java.util.Locale"", ""method"": ""readResolve""}"
108638,reflection,Method.invoke,"{""class"": ""java.util.Locale"", ""method"": ""readObject""}"
108644,reflection,Method.invoke,"{""class"": ""java.util.Locale"", ""method"": ""readResolve""}"
108652,reflection,Method.invoke,"{""class"": ""java.util.Locale"", ""method"": ""readObject""}"
108658,reflection,Method.invoke,"{""class"": ""java.util.Locale"", ""method"": ""readResolve""}"
108666,reflection,Method.invoke,"{""class"": ""java.util.Locale"", ""method"": ""readObject""}"
108673,reflection,Method.invoke,"{""class"": ""java.util.Locale"", ""method"": ""readResolve""}"
108679,reflection,Method.invoke,"{""class"": ""java.util.Locale"", ""method"": ""readObject""}"
108688,reflection,Method.invoke,"{""class"": ""java.util.Locale"", ""method"": ""readResolve""}"
108695,reflection,Method.invoke,"{""class"": ""java.util.Locale"", ""method"": ""readObject""}"
108701,reflection,Method.invoke,"{""class"": ""java.util.Locale"", ""method"": ""readResolve""}"
108709,reflection,Method.invoke,"{""class"": ""java.util.Locale"", ""method"": ""readObject""}"
108717,reflection,Method.invoke,"{""class"": ""java.util.Locale"", ""method"": ""readResolve""}"
108723,reflection,Method.invoke,"{""class"": ""java.util.Locale"", ""method"": ""readObject""}"
108731,reflection,Method.invoke,"{""class"": ""java.util.Locale"", ""method"": ""readResolve""}"
108738,reflection,Method.invoke,"{""class"": ""java.util.Locale"", ""method"": ""readObject""}"
108745,reflection,Method.invoke,"{""class"": ""java.util.Locale"", ""method"": ""readResolve""}"
108752,reflection,Method.invoke,"{""class"": ""java.util.Locale"", ""method"": ""readObject""}"
108758,reflection,Method.invoke,"{""class"": ""java.util.Locale"", ""method"": ""readResolve""}"
108768,reflection,Method.invoke,"{""class"": ""java.util.Locale"", ""method"": ""readObject""}"
108774,reflection,Method.invoke,"{""class"": ""java.util.Locale"", ""method"": ""readResolve""}"
108782,reflection,Method.invoke,"{""class"": ""java.util.Locale"", ""method"": ""readObject""}"
108788,reflection,Method.invoke,"{""class"": ""java.util.Locale"", ""method"": ""readResolve""}"
108796,reflection,Method.invoke,"{""class"": ""java.util.Locale"", ""method"": ""readObject""}"
108803,reflection,Method.invoke,"{""class"": ""java.util.Locale"", ""method"": ""readResolve""}"
108810,reflection,Method.invoke,"{""class"": ""java.util.Locale"", ""method"": ""readObject""}"
108817,reflection,Method.invoke,"{""class"": ""java.util.Locale"", ""method"": ""readResolve""}"
108824,reflection,Method.invoke,"{""class"": ""java.util.Locale"", ""method"": ""readObject""}"
108831,reflection,Method.invoke,"{""class"": ""java.util.Locale"", ""method"": ""readResolve""}"
108838,reflection,Method.invoke,"{""class"": ""java.util.Locale"", ""method"": ""readObject""}"
108844,reflection,Method.invoke,"{""class"": ""java.util.Locale"", ""method"": ""readResolve""}"
108852,reflection,Method.invoke,"{""class"": ""java.util.Locale"", ""method"": ""readObject""}"
108859,reflection,Method.invoke,"{""class"": ""java.util.Locale"", ""method"": ""readResolve""}"
108866,reflection,Method.invoke,"{""class"": ""java.util.Locale"", ""method"": ""readObject""}"
108872,reflection,Method.invoke,"{""class"": ""java.util.Locale"", ""method"": ""readResolve""}"
108879,reflection,Method.invoke,"{""class"": ""java.util.Locale"", ""method"": ""readObject""}"
108885,reflection,Method.invoke,"{""class"": ""java.util.Locale"", ""method"": ""readResolve""}"
108892,reflection,Method.invoke,"{""class"": ""java.util.Locale"", ""method"": ""readObject""}"
108900,reflection,Method.invoke,"{""class"": ""java.util.Locale"", ""method"": ""readResolve""}"
108908,reflection,Method.invoke,"{""class"": ""java.util.Locale"", ""method"": ""readObject""}"
108914,reflection,Method.invoke,"{""class"": ""java.util.Locale"", ""method"": ""readResolve""}"
108922,reflection,Method.invoke,"{""class"": ""java.util.Locale"", ""method"": ""readObject""}"
108927,reflection,Method.invoke,"{""class"": ""java.util.Locale"", ""method"": ""readResolve""}"
108935,reflection,Method.invoke,"{""class"": ""java.util.Locale"", ""method"": ""readObject""}"
108940,reflection,Method.invoke,"{""class"": ""java.util.Locale"", ""method"": ""readResolve""}"
108949,reflection,Method.invoke,"{""class"": ""java.util.Locale"", ""method"": ""readObject""}"
108956,reflection,Method.invoke,"{""class"": ""java.util.Locale"", ""method"": ""readResolve""}"
108962,reflection,Method.invoke,"{""class"": ""java.util.Locale"", ""method"": ""readObject""}"
108969,reflection,Method.invoke,"{""class"": ""java.util.Locale"", ""method"": ""readResolve""}"
108977,reflection,Method.invoke,"{""class"": ""java.util.Locale"", ""method"": ""readObject""}"
108983,reflection,Method.invoke,"{""class"": ""java.util.Locale"", ""method"": ""readResolve""}"
108990,reflection,Method.invoke,"{""class"": ""java.util.Locale"", ""method"": ""readObject""}"
108998,reflection,Method.invoke,"{""class"": ""java.util.Locale"", ""method"": ""readResolve""}"
109005,reflection,Method.invoke,"{""class"": ""java.util.Locale"", ""method"": ""readObject""}"
109011,reflection,Method.invoke,"{""class"": ""java.util.Locale"", ""method"": ""readResolve""}"
109018,reflection,Method.invoke,"{""class"": ""java.util.Locale"", ""method"": ""readObject""}"
109026,reflection,Method.invoke,"{""class"": ""java.util.Locale"", ""method"": ""readResolve""}"
109034,reflection,Method.invoke,"{""class"": ""java.util.Locale"", ""method"": ""readObject""}"
109041,reflection,Method.invoke,"{""class"": ""java.util.Locale"", ""method"": ""readResolve""}"
109049,reflection,Method.invoke,"{""class"": ""java.util.Locale"", ""method"": ""readObject""}"
109056,reflection,Method.invoke,"{""class"": ""java.util.Locale"", ""method"": ""readResolve""}"
109063,reflection,Method.invoke,"{""class"": ""java.util.Locale"", ""method"": ""readObject""}"
109069,reflection,Method.invoke,"{""class"": ""java.util.Locale"", ""method"": ""readResolve""}"
109077,reflection,Method.invoke,"{""class"": ""java.util.Locale"", ""method"": ""readObject""}"
109083,reflection,Method.invoke,"{""class"": ""java.util.Locale"", ""method"": ""readResolve""}"
109090,reflection,Method.invoke,"{""class"": ""java.util.Locale"", ""method"": ""readObject""}"
109096,reflection,Method.invoke,"{""class"": ""java.util.Locale"", ""method"": ""readResolve""}"
109104,reflection,Method.invoke,"{""class"": ""java.util.Locale"", ""method"": ""readObject""}"
109111,reflection,Method.invoke,"{""class"": ""java.util.Locale"", ""method"": ""readResolve""}"
109118,reflection,Method.invoke,"{""class"": ""java.util.Locale"", ""method"": ""readObject""}"
109124,reflection,Method.invoke,"{""class"": ""java.util.Locale"", ""method"": ""readResolve""}"
109132,reflection,Method.invoke,"{""class"": ""java.util.Locale"", ""method"": ""readObject""}"
109138,reflection,Method.invoke,"{""class"": ""java.util.Locale"", ""method"": ""readResolve""}"
109146,reflection,Method.invoke,"{""class"": ""java.util.Locale"", ""method"": ""readObject""}"
109151,reflection,Method.invoke,"{""class"": ""java.util.Locale"", ""method"": ""readResolve""}"
109159,reflection,Method.invoke,"{""class"": ""java.util.Locale"", ""method"": ""readObject""}"
109166,reflection,Method.invoke,"{""class"": ""java.util.Locale"", ""method"": ""readResolve""}"
109173,reflection,Method.invoke,"{""class"": ""java.util.Locale"", ""method"": ""readObject""}"
109180,reflection,Method.invoke,"{""class"": ""java.util.Locale"", ""method"": ""readResolve""}"
109191,reflection,Method.invoke,"{""class"": ""java.util.Locale"", ""method"": ""readObject""}"
109197,reflection,Method.invoke,"{""class"": ""java.util.Locale"", ""method"": ""readResolve""}"
109205,reflection,Method.invoke,"{""class"": ""java.util.Locale"", ""method"": ""readObject""}"
109212,reflection,Method.invoke,"{""class"": ""java.util.Locale"", ""method"": ""readResolve""}"
109218,reflection,Method.invoke,"{""class"": ""java.util.Locale"", ""method"": ""readObject""}"
109228,reflection,Method.invoke,"{""class"": ""java.util.Locale"", ""method"": ""readResolve""}"
109234,reflection,Method.invoke,"{""class"": ""java.util.Locale"", ""method"": ""readObject""}"
109241,reflection,Method.invoke,"{""class"": ""java.util.Locale"", ""method"": ""readResolve""}"
109247,reflection,Method.invoke,"{""class"": ""java.util.Locale"", ""method"": ""readObject""}"
109253,reflection,Method.invoke,"{""class"": ""java.util.Locale"", ""method"": ""readResolve""}"
109259,reflection,Method.invoke,"{""class"": ""java.util.Locale"", ""method"": ""readObject""}"
109265,reflection,Method.invoke,"{""class"": ""java.util.Locale"", ""method"": ""readResolve""}"
109274,reflection,Method.invoke,"{""class"": ""java.util.Locale"", ""method"": ""readObject""}"
109279,reflection,Method.invoke,"{""class"": ""java.util.Locale"", ""method"": ""readResolve""}"
109287,reflection,Method.invoke,"{""class"": ""java.util.Locale"", ""method"": ""readObject""}"
109293,reflection,Method.invoke,"{""class"": ""java.util.Locale"", ""method"": ""readResolve""}"
109301,reflection,Method.invoke,"{""class"": ""java.util.Locale"", ""method"": ""readObject""}"
109307,reflection,Method.invoke,"{""class"": ""java.util.Locale"", ""method"": ""readResolve""}"
109313,reflection,Method.invoke,"{""class"": ""java.util.Locale"", ""method"": ""readObject""}"
109321,reflection,Method.invoke,"{""class"": ""java.util.Locale"", ""method"": ""readResolve""}"
109328,reflection,Method.invoke,"{""class"": ""java.util.Locale"", ""method"": ""readObject""}"
109334,reflection,Method.invoke,"{""class"": ""java.util.Locale"", ""method"": ""readResolve""}"
109340,reflection,Method.invoke,"{""class"": ""java.util.Locale"", ""method"": ""readObject""}"
109349,reflection,Method.invoke,"{""class"": ""java.util.Locale"", ""method"": ""readResolve""}"
109357,reflection,Method.invoke,"{""class"": ""java.util.Locale"", ""method"": ""readObject""}"
109363,reflection,Method.invoke,"{""class"": ""java.util.Locale"", ""method"": ""readResolve""}"
109370,reflection,Method.invoke,"{""class"": ""java.util.Locale"", ""method"": ""readObject""}"
109374,reflection,Method.invoke,"{""class"": ""java.util.Locale"", ""method"": ""readResolve""}"
109384,reflection,Method.invoke,"{""class"": ""java.util.Locale"", ""method"": ""readObject""}"
109391,reflection,Method.invoke,"{""class"": ""java.util.Locale"", ""method"": ""readResolve""}"
109398,reflection,Method.invoke,"{""class"": ""java.util.Locale"", ""method"": ""readObject""}"
109404,reflection,Method.invoke,"{""class"": ""java.util.Locale"", ""method"": ""readResolve""}"
109411,reflection,Method.invoke,"{""class"": ""java.util.Locale"", ""method"": ""readObject""}"
109417,reflection,Method.invoke,"{""class"": ""java.util.Locale"", ""method"": ""readResolve""}"
109425,reflection,Method.invoke,"{""class"": ""java.util.Locale"", ""method"": ""readObject""}"
109432,reflection,Method.invoke,"{""class"": ""java.util.Locale"", ""method"": ""readResolve""}"
109438,reflection,Method.invoke,"{""class"": ""java.util.Locale"", ""method"": ""readObject""}"
109444,reflection,Method.invoke,"{""class"": ""java.util.Locale"", ""method"": ""readResolve""}"
109451,reflection,Method.invoke,"{""class"": ""java.util.Locale"", ""method"": ""readObject""}"
109458,reflection,Method.invoke,"{""class"": ""java.util.Locale"", ""method"": ""readResolve""}"
109464,reflection,Method.invoke,"{""class"": ""java.util.Locale"", ""method"": ""readObject""}"
109470,reflection,Method.invoke,"{""class"": ""java.util.Locale"", ""method"": ""readResolve""}"
111167,reflection,Method.invoke,"{""class"": ""android.view.View"", ""method"": ""getElevation""}"
111183,reflection,Method.invoke,"{""class"": ""org.fossasia.susi.ai.chat.ChatActivity"", ""method"": ""openSettings""}"
111245,reflection,Method.invoke,"{""class"": ""android.view.ViewGroup"", ""method"": ""makeOptionalFitsSystemWindows""}"
111267,storage,SharedPreferences.getString,"{""key"": ""prefLanguage""}"
111276,network,okhttp3.RealCall.enqueue,"{""method"": ""GET"", ""url"": ""https://api.susi.ai/cms/getSkillMetricsData.json?model=general&language=en""}"
111289,reflection,Method.invoke,"{""class"": ""dalvik.system.CloseGuard"", ""method"": ""get""}"
111306,reflection,Method.invoke,"{""class"": ""dalvik.system.CloseGuard"", ""method"": ""open""}"
111317,network,Socket.connect,"{""endpoint"": ""api.susi.ai/167.235.1.187:443""}"
111364,reflection,Method.invoke,"{""class"": ""com.android.org.conscrypt.ConscryptFileDescriptorSocket"", ""method"": ""setUseSessionTickets""}"
111366,reflection,Method.invoke,"{""class"": ""com.android.org.conscrypt.ConscryptFileDescriptorSocket"", ""method"": ""setHostname""}"
111368,reflection,Method.invoke,"{""class"": ""com.android.org.conscrypt.OpenSSLSocketImpl"", ""method"": ""setAlpnProtocols""}"
111377,reflection,Method.invoke,"{""class"": ""android.view.View"", ""method"": ""getElevation""}"
111414,crypto,MessageDigest.getInstance,"{""algorithm"": ""MD5""}"
111415,crypto,MessageDigest.digest,{}
111416,crypto,MessageDigest.getInstance,"{""algorithm"": ""SHA1""}"
111416,crypto,MessageDigest.digest,{}
111416,crypto,MessageDigest.getInstance,"{""algorithm"": ""MD5""}"
111416,crypto,MessageDigest.digest,{}
111417,crypto,MessageDigest.getInstance,"{""algorithm"": ""SHA1""}"
111419,crypto,MessageDigest.digest,{}
111419,crypto,MessageDigest.getInstance,"{""algorithm"": ""MD5""}"
111420,crypto,MessageDigest.digest,{}
111422,crypto,MessageDigest.getInstance,"{""algorithm"": ""SHA1""}"
111423,crypto,MessageDigest.digest,{}
111424,crypto,MessageDigest.getInstance,"{""algorithm"": ""MD5""}"
111424,crypto,MessageDigest.digest,{}
111426,crypto,MessageDigest.getInstance,"{""algorithm"": ""SHA1""}"
111427,crypto,MessageDigest.digest,{}
111428,crypto,MessageDigest.getInstance,"{""algorithm"": ""SHA1""}"
111430,crypto,MessageDigest.digest,{}
111435,crypto,MessageDigest.getInstance,"{""algorithm"": ""SHA1""}"
111436,crypto,MessageDigest.digest,{}
111437,crypto,MessageDigest.getInstance,"{""algorithm"": ""SHA1""}"
111438,crypto,MessageDigest.digest,{}
111439,crypto,MessageDigest.getInstance,"{""algorithm"": ""SHA1""}"
111445,crypto,MessageDigest.digest,{}
111446,crypto,MessageDigest.getInstance,"{""algorithm"": ""SHA1""}"
111447,crypto,MessageDigest.digest,{}
111447,crypto,MessageDigest.getInstance,"{""algorithm"": ""SHA1""}"
111448,crypto,MessageDigest.digest,{}
111458,crypto,MessageDigest.getInstance,"{""algorithm"": ""SHA-256""}"
111459,crypto,MessageDigest.digest,{}
114408,reflection,Method.invoke,"{""class"": ""android.widget.PopupWindow"", ""method"": ""getMaxAvailableHeight""}"
114422,reflection,Method.invoke,"{""class"": ""android.widget.PopupWindow"", ""method"": ""setClipToScreenEnabled""}"
114436,reflection,Method.invoke,"{""class"": ""android.widget.PopupWindow"", ""method"": ""setEpicenterBounds""}"
114459,reflection,Method.invoke,"{""class"": ""android.widget.PopupWindow"", ""method"": ""getMaxAvailableHeight""}"
114495,reflection,Method.invoke,"{""class"": ""android.view.View"", ""method"": ""getTransitionAlpha""}"
117514,reflection,Method.invoke,"{""class"": ""android.view.View"", ""method"": ""getTransitionAlpha""}"
120353,reflection,Method.invoke,"{""class"": ""android.widget.PopupWindow"", ""method"": ""getMaxAvailableHeight""}"
120363,reflection,Method.invoke,"{""class"": ""android.widget.PopupWindow"", ""method"": ""setClipToScreenEnabled""}"
120370,reflection,Method.invoke,"{""class"": ""android.widget.PopupWindow"", ""method"": ""setEpicenterBounds""}"
120391,reflection,Method.invoke,"{""class"": ""android.widget.PopupWindow"", ""method"": ""getMaxAvailableHeight""}"
120423,reflection,Method.invoke,"{""class"": ""android.view.View"", ""method"": ""getTransitionAlpha""}"
123454,reflection,Method.invoke,"{""class"": ""android.view.View"", ""method"": ""getTransitionAlpha""}"
126325,reflection,Method.invoke,"{""class"": ""android.view.ViewGroup"", ""method"": ""makeOptionalFitsSystemWindows""}"
126354,storage,SharedPreferences.apply,{}
126359,audio,MediaRecorder.setAudioSource,"{""audioSource"": 1}"
126384,network,okhttp3.RealCall.enqueue,"{""method"": ""GET"", ""url"": ""http://ipinfo.io/json""}"
126388,reflection,Method.invoke,"{""class"": ""dalvik.system.CloseGuard"", ""method"": ""get""}"
126403,reflection,Method.invoke,"{""class"": ""dalvik.system.CloseGuard"", ""method"": ""open""}"
126410,reflection,Method.invoke,"{""class"": ""android.security.NetworkSecurityPolicy"", ""method"": ""getInstance""}"
126410,reflection,Method.invoke,"{""class"": ""android.security.NetworkSecurityPolicy"", ""method"": ""isCleartextTrafficPermitted""}"
126416,location,LocationManager.requestLocationUpdates,"{""minDistance"": 10, ""minTime"": ""300000"", ""provider"": ""network""}"
126422,location,LocationManager.requestLocationUpdates,"{""minDistance"": 10, ""minTime"": ""300000"", ""provider"": ""gps""}"
126484,reflection,Method.invoke,"{""class"": ""android.view.View"", ""method"": ""getElevation""}"
126493,reflection,Method.invoke,"{""class"": ""android.view.View"", ""method"": ""getElevation""}"
126504,reflection,Method.invoke,"{""class"": ""android.view.View"", ""method"": ""getElevation""}"
126528,reflection,Method.invoke,"{""class"": ""android.view.View"", ""method"": ""getElevation""}"
126603,ipc_intents,Context.bindService,"{""action"": ""android.intent.action.TTS_SERVICE"", ""flags"": 1, ""target"": ""android.intent.action.TTS_SERVICE""}"
126675,reflection,Method.invoke,"{""class"": ""java.util.Locale"", ""method"": ""readObject""}"
126688,reflection,Method.invoke,"{""class"": ""java.util.Locale"", ""method"": ""readResolve""}"
126704,reflection,Method.invoke,"{""class"": ""java.util.Locale"", ""method"": ""readObject""}"
126711,reflection,Method.invoke,"{""class"": ""java.util.Locale"", ""method"": ""readResolve""}"
126724,reflection,Method.invoke,"{""class"": ""java.util.Locale"", ""method"": ""readObject""}"
126739,reflection,Method.invoke,"{""class"": ""java.util.Locale"", ""method"": ""readResolve""}"
126752,reflection,Method.invoke,"{""class"": ""java.util.Locale"", ""method"": ""readObject""}"
126761,reflection,Method.invoke,"{""class"": ""java.util.Locale"", ""method"": ""readResolve""}"
126771,reflection,Method.invoke,"{""class"": ""java.util.Locale"", ""method"": ""readObject""}"
126778,reflection,Method.invoke,"{""class"": ""java.util.Locale"", ""method"": ""readResolve""}"
126788,reflection,Method.invoke,"{""class"": ""java.util.Locale"", ""method"": ""readObject""}"
126795,reflection,Method.invoke,"{""class"": ""java.util.Locale"", ""method"": ""readResolve""}"
126807,reflection,Method.invoke,"{""class"": ""java.util.Locale"", ""method"": ""readObject""}"
126812,reflection,Method.invoke,"{""class"": ""java.util.Locale"", ""method"": ""readResolve""}"
126820,reflection,Method.invoke,"{""class"": ""java.util.Locale"", ""method"": ""readObject""}"
126827,reflection,Method.invoke,"{""class"": ""java.util.Locale"", ""method"": ""readResolve""}"
126833,reflection,Method.invoke,"{""class"": ""java.util.Locale"", ""method"": ""readObject""}"
126840,reflection,Method.invoke,"{""class"": ""java.util.Locale"", ""method"": ""readResolve""}"
126848,reflection,Method.invoke,"{""class"": ""java.util.Locale"", ""method"": ""readObject""}"
126855,reflection,Method.invoke,"{""class"": ""java.util.Locale"", ""method"": ""readResolve""}"
126863,reflection,Method.invoke,"{""class"": ""java.util.Locale"", ""method"": ""readObject""}"
126870,reflection,Method.invoke,"{""class"": ""java.util.Locale"", ""method"": ""readResolve""}"
126878,reflection,Method.invoke,"{""class"": ""java.util.Locale"", ""method"": ""readObject""}"
126889,reflection,Method.invoke,"{""class"": ""java.util.Locale"", ""method"": ""readResolve""}"
126896,reflection,Method.invoke,"{""class"": ""java.util.Locale"", ""method"": ""readObject""}"
126902,reflection,Method.invoke,"{""class"": ""java.util.Locale"", ""method"": ""readResolve""}"
126912,reflection,Method.invoke,"{""class"": ""java.util.Locale"", ""method"": ""readObject""}"
126922,reflection,Method.invoke,"{""class"": ""java.util.Locale"", ""method"": ""readResolve""}"
126939,reflection,Method.invoke,"{""class"": ""java.util.Locale"", ""method"": ""readObject""}"
126951,reflection,Method.invoke,"{""class"": ""java.util.Locale"", ""method"": ""readResolve""}"
126958,reflection,Method.invoke,"{""class"": ""java.util.Locale"", ""method"": ""readObject""}"
126965,reflection,Method.invoke,"{""class"": ""java.util.Locale"", ""method"": ""readResolve""}"
126972,reflection,Method.invoke,"{""class"": ""java.util.Locale"", ""method"": ""readObject""}"
126980,reflection,Method.invoke,"{""class"": ""java.util.Locale"", ""method"": ""readResolve""}"
126986,reflection,Method.invoke,"{""class"": ""java.util.Locale"", ""method"": ""readObject""}"
126993,reflection,Method.invoke,"{""class"": ""java.util.Locale"", ""method"": ""readResolve""}"
126999,reflection,Method.invoke,"{""class"": ""java.util.Locale"", ""method"": ""readObject""}"
127006,reflection,Method.invoke,"{""class"": ""java.util.Locale"", ""method"": ""readResolve""}"
127012,reflection,Method.invoke,"{""class"": ""java.util.Locale"", ""method"": ""readObject""}"
127019,reflection,Method.invoke,"{""class"": ""java.util.Locale"", ""method"": ""readResolve""}"
127027,reflection,Method.invoke,"{""class"": ""java.util.Locale"", ""method"": ""readObject""}"
127033,reflection,Method.invoke,"{""class"": ""java.util.Locale"", ""method"": ""readResolve""}"
127040,reflection,Method.invoke,"{""class"": ""java.util.Locale"", ""method"": ""readObject""}"
127046,reflection,Method.invoke,"{""class"": ""java.util.Locale"", ""method"": ""readResolve""}"
127054,reflection,Method.invoke,"{""class"": ""java.util.Locale"", ""method"": ""readObject""}"
127060,reflection,Method.invoke,"{""class"": ""java.util.Locale"", ""method"": ""readResolve""}"
127068,reflection,Method.invoke,"{""class"": ""java.util.Locale"", ""method"": ""readObject""}"
127075,reflection,Method.invoke,"{""class"": ""java.util.Locale"", ""method"": ""readResolve""}"
127082,reflection,Method.invoke,"{""class"": ""java.util.Locale"", ""method"": ""readObject""}"
127089,reflection,Method.invoke,"{""class"": ""java.util.Locale"", ""method"": ""readResolve""}"
127095,reflection,Method.invoke,"{""class"": ""java.util.Locale"", ""method"": ""readObject""}"
127100,reflection,Method.invoke,"{""class"": ""java.util.Locale"", ""method"": ""readResolve""}"
127108,reflection,Method.invoke,"{""class"": ""java.util.Locale"", ""method"": ""readObject""}"
127114,reflection,Method.invoke,"{""class"": ""java.util.Locale"", ""method"": ""readResolve""}"
127122,reflection,Method.invoke,"{""class"": ""java.util.Locale"", ""method"": ""readObject""}"
127129,reflection,Method.invoke,"{""class"": ""java.util.Locale"", ""method"": ""readResolve""}"
127137,reflection,Method.invoke,"{""class"": ""java.util.Locale"", ""method"": ""readObject""}"
127142,reflection,Method.invoke,"{""class"": ""java.util.Locale"", ""method"": ""readResolve""}"
127151,reflection,Method.invoke,"{""class"": ""java.util.Locale"", ""method"": ""readObject""}"
127157,reflection,Method.invoke,"{""class"": ""java.util.Locale"", ""method"": ""readResolve""}"
127165,reflection,Method.invoke,"{""class"": ""java.util.Locale"", ""method"": ""readObject""}"
127171,reflection,Method.invoke,"{""class"": ""java.util.Locale"", ""method"": ""readResolve""}"
127179,reflection,Method.invoke,"{""class"": ""java.util.Locale"", ""method"": ""readObject""}"
127185,reflection,Method.invoke,"{""class"": ""java.util.Locale"", ""method"": ""readResolve""}"
127191,reflection,Method.invoke,"{""class"": ""java.util.Locale"", ""method"": ""readObject""}"
127197,reflection,Method.invoke,"{""class"": ""java.util.Locale"", ""method"": ""readResolve""}"
127209,reflection,Method.invoke,"{""class"": ""java.util.Locale"", ""method"": ""readObject""}"
127215,reflection,Method.invoke,"{""class"": ""java.util.Locale"", ""method"": ""readResolve""}"
127221,reflection,Method.invoke,"{""class"": ""java.util.Locale"", ""method"": ""readObject""}"
127229,reflection,Method.invoke,"{""class"": ""java.util.Locale"", ""method"": ""readResolve""}"
127236,reflection,Method.invoke,"{""class"": ""java.util.Locale"", ""method"": ""readObject""}"
127241,reflection,Method.invoke,"{""class"": ""java.util.Locale"", ""method"": ""readResolve""}"
127248,reflection,Method.invoke,"{""class"": ""java.util.Locale"", ""method"": ""readObject""}"
127257,reflection,Method.invoke,"{""class"": ""java.util.Locale"", ""method"": ""readResolve""}"
127263,reflection,Method.invoke,"{""class"": ""java.util.Locale"", ""method"": ""readObject""}"
127270,reflection,Method.invoke,"{""class"": ""java.util.Locale"", ""method"": ""readResolve""}"
127277,reflection,Method.invoke,"{""class"": ""java.util.Locale"", ""method"": ""readObject""}"
127287,reflection,Method.invoke,"{""class"": ""java.util.Locale"", ""method"": ""readResolve""}"
127295,reflection,Method.invoke,"{""class"": ""java.util.Locale"", ""method"": ""readObject""}"
127300,reflection,Method.invoke,"{""class"": ""java.util.Locale"", ""method"": ""readResolve""}"
127309,reflection,Method.invoke,"{""class"": ""java.util.Locale"", ""method"": ""readObject""}"
127314,reflection,Method.invoke,"{""class"": ""java.util.Locale"", ""method"": ""readResolve""}"
127323,reflection,Method.invoke,"{""class"": ""java.util.Locale"", ""method"": ""readObject""}"
127329,reflection,Method.invoke,"{""class"": ""java.util.Locale"", ""method"": ""readResolve""}"
127335,reflection,Method.invoke,"{""class"": ""java.util.Locale"", ""method"": ""readObject""}"
127342,reflection,Method.invoke,"{""class"": ""java.util.Locale"", ""method"": ""readResolve""}"
127349,reflection,Method.invoke,"{""class"": ""java.util.Locale"", ""method"": ""readObject""}"
127356,reflection,Method.invoke,"{""class"": ""java.util.Locale"", ""method"": ""readResolve""}"
127366,reflection,Method.invoke,"{""class"": ""java.util.Locale"", ""method"": ""readObject""}"
127374,reflection,Method.invoke,"{""class"": ""java.util.Locale"", ""method"": ""readResolve""}"
127382,reflection,Method.invoke,"{""class"": ""java.util.Locale"", ""method"": ""readObject""}"
127388,reflection,Method.invoke,"{""class"": ""java.util.Locale"", ""method"": ""readResolve""}"
127396,reflection,Method.invoke,"{""class"": ""java.util.Locale"", ""method"": ""readObject""}"
127403,reflection,Method.invoke,"{""class"": ""java.util.Locale"", ""method"": ""readResolve""}"
127412,reflection,Method.invoke,"{""class"": ""java.util.Locale"", ""method"": ""readObject""}"
127418,reflection,Method.invoke,"{""class"": ""java.util.Locale"", ""method"": ""readResolve""}"
127425,reflection,Method.invoke,"{""class"": ""java.util.Locale"", ""method"": ""readObject""}"
127433,reflection,Method.invoke,"{""class"": ""java.util.Locale"", ""method"": ""readResolve""}"
127440,reflection,Method.invoke,"{""class"": ""java.util.Locale"", ""method"": ""readObject""}"
127447,reflection,Method.invoke,"{""class"": ""java.util.Locale"", ""method"": ""readResolve""}"
127455,reflection,Method.invoke,"{""class"": ""java.util.Locale"", ""method"": ""readObject""}"
127462,reflection,Method.invoke,"{""class"": ""java.util.Locale"", ""method"": ""readResolve""}"
127473,reflection,Method.invoke,"{""class"": ""java.util.Locale"", ""method"": ""readObject""}"
127481,reflection,Method.invoke,"{""class"": ""java.util.Locale"", ""method"": ""readResolve""}"
127488,reflection,Method.invoke,"{""class"": ""java.util.Locale"", ""method"": ""readObject""}"
127495,reflection,Method.invoke,"{""class"": ""java.util.Locale"", ""method"": ""readResolve""}"
127501,reflection,Method.invoke,"{""class"": ""java.util.Locale"", ""method"": ""readObject""}"
127508,reflection,Method.invoke,"{""class"": ""java.util.Locale"", ""method"": ""readResolve""}"
127517,reflection,Method.invoke,"{""class"": ""java.util.Locale"", ""method"": ""readObject""}"
127525,reflection,Method.invoke,"{""class"": ""java.util.Locale"", ""method"": ""readResolve""}"
127532,reflection,Method.invoke,"{""class"": ""java.util.Locale"", ""method"": ""readObject""}"
127539,reflection,Method.invoke,"{""class"": ""java.util.Locale"", ""method"": ""readResolve""}"
127546,reflection,Method.invoke,"{""class"": ""java.util.Locale"", ""method"": ""readObject""}"
127554,reflection,Method.invoke,"{""class"": ""java.util.Locale"", ""method"": ""readResolve""}"
127560,reflection,Method.invoke,"{""class"": ""java.util.Locale"", ""method"": ""readObject""}"
127566,reflection,Method.invoke,"{""class"": ""java.util.Locale"", ""method"": ""readResolve""}"
127573,reflection,Method.invoke,"{""class"": ""java.util.Locale"", ""method"": ""readObject""}"
127579,reflection,Method.invoke,"{""class"": ""java.util.Locale"", ""method"": ""readResolve""}"
127586,reflection,Method.invoke,"{""class"": ""java.util.Locale"", ""method"": ""readObject""}"
127593,reflection,Method.invoke,"{""class"": ""java.util.Locale"", ""method"": ""readResolve""}"
127600,reflection,Method.invoke,"{""class"": ""java.util.Locale"", ""method"": ""readObject""}"
127608,reflection,Method.invoke,"{""class"": ""java.util.Locale"", ""method"": ""readResolve""}"
127615,reflection,Method.invoke,"{""class"": ""java.util.Locale"", ""method"": ""readObject""}"
127622,reflection,Method.invoke,"{""class"": ""java.util.Locale"", ""method"": ""readResolve""}"
127630,reflection,Method.invoke,"{""class"": ""java.util.Locale"", ""method"": ""readObject""}"
127636,reflection,Method.invoke,"{""class"": ""java.util.Locale"", ""method"": ""readResolve""}"
127643,reflection,Method.invoke,"{""class"": ""java.util.Locale"", ""method"": ""readObject""}"
127651,reflection,Method.invoke,"{""class"": ""java.util.Locale"", ""method"": ""readResolve""}"
127658,reflection,Method.invoke,"{""class"": ""java.util.Locale"", ""method"": ""readObject""}"
127664,reflection,Method.invoke,"{""class"": ""java.util.Locale"", ""method"": ""readResolve""}"
127670,reflection,Method.invoke,"{""class"": ""java.util.Locale"", ""method"": ""readObject""}"
127677,reflection,Method.invoke,"{""class"": ""java.util.Locale"", ""method"": ""readResolve""}"
127684,reflection,Method.invoke,"{""class"": ""java.util.Locale"", ""method"": ""readObject""}"
127691,reflection,Method.invoke,"{""class"": ""java.util.Locale"", ""method"": ""readResolve""}"
127698,reflection,Method.invoke,"{""class"": ""java.util.Locale"", ""method"": ""readObject""}"
127706,reflection,Method.invoke,"{""class"": ""java.util.Locale"", ""method"": ""readResolve""}"
127715,reflection,Method.invoke,"{""class"": ""java.util.Locale"", ""method"": ""readObject""}"
127721,reflection,Method.invoke,"{""class"": ""java.util.Locale"", ""method"": ""readResolve""}"
127728,reflection,Method.invoke,"{""class"": ""java.util.Locale"", ""method"": ""readObject""}"
127734,reflection,Method.invoke,"{""class"": ""java.util.Locale"", ""method"": ""readResolve""}"
127742,reflection,Method.invoke,"{""class"": ""java.util.Locale"", ""method"": ""readObject""}"
127750,reflection,Method.invoke,"{""class"": ""java.util.Locale"", ""method"": ""readResolve""}"
127757,reflection,Method.invoke,"{""class"": ""java.util.Locale"", ""method"": ""readObject""}"
127764,reflection,Method.invoke,"{""class"": ""java.util.Locale"", ""method"": ""readResolve""}"
127770,reflection,Method.invoke,"{""class"": ""java.util.Locale"", ""method"": ""readObject""}"
127776,reflection,Method.invoke,"{""class"": ""java.util.Locale"", ""method"": ""readResolve""}"
127784,reflection,Method.invoke,"{""class"": ""java.util.Locale"", ""method"": ""readObject""}"
127790,reflection,Method.invoke,"{""class"": ""java.util.Locale"", ""method"": ""readResolve""}"
127797,reflection,Method.invoke,"{""class"": ""java.util.Locale"", ""method"": ""readObject""}"
127804,reflection,Method.invoke,"{""class"": ""java.util.Locale"", ""method"": ""readResolve""}"
127811,reflection,Method.invoke,"{""class"": ""java.util.Locale"", ""method"": ""readObject""}"
127817,reflection,Method.invoke,"{""class"": ""java.util.Locale"", ""method"": ""readResolve""}"
127825,reflection,Method.invoke,"{""class"": ""java.util.Locale"", ""method"": ""readObject""}"
127831,reflection,Method.invoke,"{""class"": ""java.util.Locale"", ""method"": ""readResolve""}"
127836,reflection,Method.invoke,"{""class"": ""java.util.Locale"", ""method"": ""readObject""}"
127843,reflection,Method.invoke,"{""class"": ""java.util.Locale"", ""method"": ""readResolve""}"
127852,reflection,Method.invoke,"{""class"": ""java.util.Locale"", ""method"": ""readObject""}"
127858,reflection,Method.invoke,"{""class"": ""java.util.Locale"", ""method"": ""readResolve""}"
127867,reflection,Method.invoke,"{""class"": ""java.util.Locale"", ""method"": ""readObject""}"
127873,reflection,Method.invoke,"{""class"": ""java.util.Locale"", ""method"": ""readResolve""}"
127880,reflection,Method.invoke,"{""class"": ""java.util.Locale"", ""method"": ""readObject""}"
127887,reflection,Method.invoke,"{""class"": ""java.util.Locale"", ""method"": ""readResolve""}"
127893,reflection,Method.invoke,"{""class"": ""java.util.Locale"", ""method"": ""readObject""}"
127901,reflection,Method.invoke,"{""class"": ""java.util.Locale"", ""method"": ""readResolve""}"
127909,reflection,Method.invoke,"{""class"": ""java.util.Locale"", ""method"": ""readObject""}"
127916,reflection,Method.invoke,"{""class"": ""java.util.Locale"", ""method"": ""readResolve""}"
127922,reflection,Method.invoke,"{""class"": ""java.util.Locale"", ""method"": ""readObject""}"
127931,reflection,Method.invoke,"{""class"": ""java.util.Locale"", ""method"": ""readResolve""}"
127938,reflection,Method.invoke,"{""class"": ""java.util.Locale"", ""method"": ""readObject""}"
127946,reflection,Method.invoke,"{""class"": ""java.util.Locale"", ""method"": ""readResolve""}"
127953,reflection,Method.invoke,"{""class"": ""java.util.Locale"", ""method"": ""readObject""}"
127961,reflection,Method.invoke,"{""class"": ""java.util.Locale"", ""method"": ""readResolve""}"
127967,reflection,Method.invoke,"{""class"": ""java.util.Locale"", ""method"": ""readObject""}"
127976,reflection,Method.invoke,"{""class"": ""java.util.Locale"", ""method"": ""readResolve""}"
127984,reflection,Method.invoke,"{""class"": ""java.util.Locale"", ""method"": ""readObject""}"
127991,reflection,Method.invoke,"{""class"": ""java.util.Locale"", ""method"": ""readResolve""}"
127998,reflection,Method.invoke,"{""class"": ""java.util.Locale"", ""method"": ""readObject""}"
128004,reflection,Method.invoke,"{""class"": ""java.util.Locale"", ""method"": ""readResolve""}"
128010,reflection,Method.invoke,"{""class"": ""java.util.Locale"", ""method"": ""readObject""}"
128017,reflection,Method.invoke,"{""class"": ""java.util.Locale"", ""method"": ""readResolve""}"
128025,reflection,Method.invoke,"{""class"": ""java.util.Locale"", ""method"": ""readObject""}"
128033,reflection,Method.invoke,"{""class"": ""java.util.Locale"", ""method"": ""readResolve""}"
128040,reflection,Method.invoke,"{""class"": ""java.util.Locale"", ""method"": ""readObject""}"
128046,reflection,Method.invoke,"{""class"": ""java.util.Locale"", ""method"": ""readResolve""}"
128054,reflection,Method.invoke,"{""class"": ""java.util.Locale"", ""method"": ""readObject""}"
128060,reflection,Method.invoke,"{""class"": ""java.util.Locale"", ""method"": ""readResolve""}"
128068,reflection,Method.invoke,"{""class"": ""java.util.Locale"", ""method"": ""readObject""}"
128075,reflection,Method.invoke,"{""class"": ""java.util.Locale"", ""method"": ""readResolve""}"
128082,reflection,Method.invoke,"{""class"": ""java.util.Locale"", ""method"": ""readObject""}"
128088,reflection,Method.invoke,"{""class"": ""java.util.Locale"", ""method"": ""readResolve""}"
128096,reflection,Method.invoke,"{""class"": ""java.util.Locale"", ""method"": ""readObject""}"
128102,reflection,Method.invoke,"{""class"": ""java.util.Locale"", ""method"": ""readResolve""}"
128110,reflection,Method.invoke,"{""class"": ""java.util.Locale"", ""method"": ""readObject""}"
128116,reflection,Method.invoke,"{""class"": ""java.util.Locale"", ""method"": ""readResolve""}"
128123,reflection,Method.invoke,"{""class"": ""java.util.Locale"", ""method"": ""readObject""}"
128131,reflection,Method.invoke,"{""class"": ""java.util.Locale"", ""method"": ""readResolve""}"
128138,reflection,Method.invoke,"{""class"": ""java.util.Locale"", ""method"": ""readObject""}"
128143,reflection,Method.invoke,"{""class"": ""java.util.Locale"", ""method"": ""readResolve""}"
128152,reflection,Method.invoke,"{""class"": ""java.util.Locale"", ""method"": ""readObject""}"
128158,reflection,Method.invoke,"{""class"": ""java.util.Locale"", ""method"": ""readResolve""}"
128167,reflection,Method.invoke,"{""class"": ""java.util.Locale"", ""method"": ""readObject""}"
128173,reflection,Method.invoke,"{""class"": ""java.util.Locale"", ""method"": ""readResolve""}"
128180,reflection,Method.invoke,"{""class"": ""java.util.Locale"", ""method"": ""readObject""}"
128188,reflection,Method.invoke,"{""class"": ""java.util.Locale"", ""method"": ""readResolve""}"
128195,reflection,Method.invoke,"{""class"": ""java.util.Locale"", ""method"": ""readObject""}"
128204,reflection,Method.invoke,"{""class"": ""java.util.Locale"", ""method"": ""readResolve""}"
128210,reflection,Method.invoke,"{""class"": ""java.util.Locale"", ""method"": ""readObject""}"
128218,reflection,Method.invoke,"{""class"": ""java.util.Locale"", ""method"": ""readResolve""}"
128225,reflection,Method.invoke,"{""class"": ""java.util.Locale"", ""method"": ""readObject""}"
128231,reflection,Method.invoke,"{""class"": ""java.util.Locale"", ""method"": ""readResolve""}"
128237,reflection,Method.invoke,"{""class"": ""java.util.Locale"", ""method"": ""readObject""}"
128244,reflection,Method.invoke,"{""class"": ""java.util.Locale"", ""method"": ""readResolve""}"
128251,reflection,Method.invoke,"{""class"": ""java.util.Locale"", ""method"": ""readObject""}"
128257,reflection,Method.invoke,"{""class"": ""java.util.Locale"", ""method"": ""readResolve""}"
128265,reflection,Method.invoke,"{""class"": ""java.util.Locale"", ""method"": ""readObject""}"
128272,reflection,Method.invoke,"{""class"": ""java.util.Locale"", ""method"": ""readResolve""}"
128278,reflection,Method.invoke,"{""class"": ""java.util.Locale"", ""method"": ""readObject""}"
128284,reflection,Method.invoke,"{""class"": ""java.util.Locale"", ""method"": ""readResolve""}"
128292,reflection,Method.invoke,"{""class"": ""java.util.Locale"", ""method"": ""readObject""}"
128297,reflection,Method.invoke,"{""class"": ""java.util.Locale"", ""method"": ""readResolve""}"
128307,reflection,Method.invoke,"{""class"": ""java.util.Locale"", ""method"": ""readObject""}"
128315,reflection,Method.invoke,"{""class"": ""java.util.Locale"", ""method"": ""readResolve""}"
128323,reflection,Method.invoke,"{""class"": ""java.util.Locale"", ""method"": ""readObject""}"
128330,reflection,Method.invoke,"{""class"": ""java.util.Locale"", ""method"": ""readResolve""}"
128337,reflection,Method.invoke,"{""class"": ""java.util.Locale"", ""method"": ""readObject""}"
128343,reflection,Method.invoke,"{""class"": ""java.util.Locale"", ""method"": ""readResolve""}"
128350,reflection,Method.invoke,"{""class"": ""java.util.Locale"", ""method"": ""readObject""}"
128358,reflection,Method.invoke,"{""class"": ""java.util.Locale"", ""method"": ""readResolve""}"
128365,reflection,Method.invoke,"{""class"": ""java.util.Locale"", ""method"": ""readObject""}"
128371,reflection,Method.invoke,"{""class"": ""java.util.Locale"", ""method"": ""readResolve""}"
128379,reflection,Method.invoke,"{""class"": ""java.util.Locale"", ""method"": ""readObject""}"
128385,reflection,Method.invoke,"{""class"": ""java.util.Locale"", ""method"": ""readResolve""}"
128392,reflection,Method.invoke,"{""class"": ""java.util.Locale"", ""method"": ""readObject""}"
128401,reflection,Method.invoke,"{""class"": ""java.util.Locale"", ""method"": ""readResolve""}"
128408,reflection,Method.invoke,"{""class"": ""java.util.Locale"", ""method"": ""readObject""}"
128417,reflection,Method.invoke,"{""class"": ""java.util.Locale"", ""method"": ""readResolve""}"
128426,reflection,Method.invoke,"{""class"": ""java.util.Locale"", ""method"": ""readObject""}"
128433,reflection,Method.invoke,"{""class"": ""java.util.Locale"", ""method"": ""readResolve""}"
128440,reflection,Method.invoke,"{""class"": ""java.util.Locale"", ""method"": ""readObject""}"
128446,reflection,Method.invoke,"{""class"": ""java.util.Locale"", ""method"": ""readResolve""}"
128454,reflection,Method.invoke,"{""class"": ""java.util.Locale"", ""method"": ""readObject""}"
128460,reflection,Method.invoke,"{""class"": ""java.util.Locale"", ""method"": ""readResolve""}"
128469,reflection,Method.invoke,"{""class"": ""java.util.Locale"", ""method"": ""readObject""}"
128477,reflection,Method.invoke,"{""class"": ""java.util.Locale"", ""method"": ""readResolve""}"
128483,reflection,Method.invoke,"{""class"": ""java.util.Locale"", ""method"": ""readObject""}"
128491,reflection,Method.invoke,"{""class"": ""java.util.Locale"", ""method"": ""readResolve""}"
128496,reflection,Method.invoke,"{""class"": ""java.util.Locale"", ""method"": ""readObject""}"
128505,reflection,Method.invoke,"{""class"": ""java.util.Locale"", ""method"": ""readResolve""}"
128511,reflection,Method.invoke,"{""class"": ""java.util.Locale"", ""method"": ""readObject""}"
128518,reflection,Method.invoke,"{""class"": ""java.util.Locale"", ""method"": ""readResolve""}"
128525,reflection,Method.invoke,"{""class"": ""java.util.Locale"", ""method"": ""readObject""}"
128532,reflection,Method.invoke,"{""class"": ""java.util.Locale"", ""method"": ""readResolve""}"
128539,reflection,Method.invoke,"{""class"": ""java.util.Locale"", ""method"": ""readObject""}"
128557,reflection,Method.invoke,"{""class"": ""java.util.Locale"", ""method"": ""readResolve""}"
128563,reflection,Method.invoke,"{""class"": ""java.util.Locale"", ""method"": ""readObject""}"
128570,reflection,Method.invoke,"{""class"": ""java.util.Locale"", ""method"": ""readResolve""}"
128580,reflection,Method.invoke,"{""class"": ""java.util.Locale"", ""method"": ""readObject""}"
128587,reflection,Method.invoke,"{""class"": ""java.util.Locale"", ""method"": ""readResolve""}"
128594,reflection,Method.invoke,"{""class"": ""java.util.Locale"", ""method"": ""readObject""}"
128601,reflection,Method.invoke,"{""class"": ""java.util.Locale"", ""method"": ""readResolve""}"
128609,reflection,Method.invoke,"{""class"": ""java.util.Locale"", ""method"": ""readObject""}"
128615,reflection,Method.invoke,"{""class"": ""java.util.Locale"", ""method"": ""readResolve""}"
128621,reflection,Method.invoke,"{""class"": ""java.util.Locale"", ""method"": ""readObject""}"
128627,reflection,Method.invoke,"{""class"": ""java.util.Locale"", ""method"": ""readResolve""}"
128636,reflection,Method.invoke,"{""class"": ""java.util.Locale"", ""method"": ""readObject""}"
128642,reflection,Method.invoke,"{""class"": ""java.util.Locale"", ""method"": ""readResolve""}"
128650,reflection,Method.invoke,"{""class"": ""java.util.Locale"", ""method"": ""readObject""}"
128656,reflection,Method.invoke,"{""class"": ""java.util.Locale"", ""method"": ""readResolve""}"
128663,reflection,Method.invoke,"{""class"": ""java.util.Locale"", ""method"": ""readObject""}"
128668,reflection,Method.invoke,"{""class"": ""java.util.Locale"", ""method"": ""readResolve""}"
128675,reflection,Method.invoke,"{""class"": ""java.util.Locale"", ""method"": ""readObject""}"
128683,reflection,Method.invoke,"{""class"": ""java.util.Locale"", ""method"": ""readResolve""}"
128691,reflection,Method.invoke,"{""class"": ""java.util.Locale"", ""method"": ""readObject""}"
128698,reflection,Method.invoke,"{""class"": ""java.util.Locale"", ""method"": ""readResolve""}"
128704,reflection,Method.invoke,"{""class"": ""java.util.Locale"", ""method"": ""readObject""}"
128711,reflection,Method.invoke,"{""class"": ""java.util.Locale"", ""method"": ""readResolve""}"
128719,reflection,Method.invoke,"{""class"": ""java.util.Locale"", ""method"": ""readObject""}"
128725,reflection,Method.invoke,"{""class"": ""java.util.Locale"", ""method"": ""readResolve""}"
128733,reflection,Method.invoke,"{""class"": ""java.util.Locale"", ""method"": ""readObject""}"
128741,reflection,Method.invoke,"{""class"": ""java.util.Locale"", ""method"": ""readResolve""}"
128749,reflection,Method.invoke,"{""class"": ""java.util.Locale"", ""method"": ""readObject""}"
128755,reflection,Method.invoke,"{""class"": ""java.util.Locale"", ""method"": ""readResolve""}"
128763,reflection,Method.invoke,"{""class"": ""java.util.Locale"", ""method"": ""readObject""}"
128772,reflection,Method.invoke,"{""class"": ""java.util.Locale"", ""method"": ""readResolve""}"
128779,reflection,Method.invoke,"{""class"": ""java.util.Locale"", ""method"": ""readObject""}"
128787,reflection,Method.invoke,"{""class"": ""java.util.Locale"", ""method"": ""readResolve""}"
128794,reflection,Method.invoke,"{""class"": ""java.util.Locale"", ""method"": ""readObject""}"
128801,reflection,Method.invoke,"{""class"": ""java.util.Locale"", ""method"": ""readResolve""}"
128808,reflection,Method.invoke,"{""class"": ""java.util.Locale"", ""method"": ""readObject""}"
128814,reflection,Method.invoke,"{""class"": ""java.util.Locale"", ""method"": ""readResolve""}"
128821,reflection,Method.invoke,"{""class"": ""java.util.Locale"", ""method"": ""readObject""}"
128826,reflection,Method.invoke,"{""class"": ""java.util.Locale"", ""method"": ""readResolve""}"
128834,reflection,Method.invoke,"{""class"": ""java.util.Locale"", ""method"": ""readObject""}"
128841,reflection,Method.invoke,"{""class"": ""java.util.Locale"", ""method"": ""readResolve""}"
128848,reflection,Method.invoke,"{""class"": ""java.util.Locale"", ""method"": ""readObject""}"
128856,reflection,Method.invoke,"{""class"": ""java.util.Locale"", ""method"": ""readResolve""}"
128865,reflection,Method.invoke,"{""class"": ""java.util.Locale"", ""method"": ""readObject""}"
128871,reflection,Method.invoke,"{""class"": ""java.util.Locale"", ""method"": ""readResolve""}"
128878,reflection,Method.invoke,"{""class"": ""java.util.Locale"", ""method"": ""readObject""}"
128884,reflection,Method.invoke,"{""class"": ""java.util.Locale"", ""method"": ""readResolve""}"
128890,reflection,Method.invoke,"{""class"": ""java.util.Locale"", ""method"": ""readObject""}"
128896,reflection,Method.invoke,"{""class"": ""java.util.Locale"", ""method"": ""readResolve""}"
128902,reflection,Method.invoke,"{""class"": ""java.util.Locale"", ""method"": ""readObject""}"
128908,reflection,Method.invoke,"{""class"": ""java.util.Locale"", ""method"": ""readResolve""}"
128916,reflection,Method.invoke,"{""class"": ""java.util.Locale"", ""method"": ""readObject""}"
128922,reflection,Method.invoke,"{""class"": ""java.util.Locale"", ""method"": ""readResolve""}"
128930,reflection,Method.invoke,"{""class"": ""java.util.Locale"", ""method"": ""readObject""}"
128937,reflection,Method.invoke,"{""class"": ""java.util.Locale"", ""method"": ""readResolve""}"
128943,reflection,Method.invoke,"{""class"": ""java.util.Locale"", ""method"": ""readObject""}"
128949,reflection,Method.invoke,"{""class"": ""java.util.Locale"", ""method"": ""readResolve""}"
128955,reflection,Method.invoke,"{""class"": ""java.util.Locale"", ""method"": ""readObject""}"
128963,reflection,Method.invoke,"{""class"": ""java.util.Locale"", ""method"": ""readResolve""}"
128969,reflection,Method.invoke,"{""class"": ""java.util.Locale"", ""method"": ""readObject""}"
128976,reflection,Method.invoke,"{""class"": ""java.util.Locale"", ""method"": ""readResolve""}"
128983,reflection,Method.invoke,"{""class"": ""java.util.Locale"", ""method"": ""readObject""}"
128989,reflection,Method.invoke,"{""class"": ""java.util.Locale"", ""method"": ""readResolve""}"
128998,reflection,Method.invoke,"{""class"": ""java.util.Locale"", ""method"": ""readObject""}"
129003,reflection,Method.invoke,"{""class"": ""java.util.Locale"", ""method"": ""readResolve""}"
129010,reflection,Method.invoke,"{""class"": ""java.util.Locale"", ""method"": ""readObject""}"
129018,reflection,Method.invoke,"{""class"": ""java.util.Locale"", ""method"": ""readResolve""}"
129025,reflection,Method.invoke,"{""class"": ""java.util.Locale"", ""method"": ""readObject""}"
129033,reflection,Method.invoke,"{""class"": ""java.util.Locale"", ""method"": ""readResolve""}"
129039,reflection,Method.invoke,"{""class"": ""java.util.Locale"", ""method"": ""readObject""}"
129044,reflection,Method.invoke,"{""class"": ""java.util.Locale"", ""method"": ""readResolve""}"
129051,reflection,Method.invoke,"{""class"": ""java.util.Locale"", ""method"": ""readObject""}"
129058,reflection,Method.invoke,"{""class"": ""java.util.Locale"", ""method"": ""readResolve""}"
129064,reflection,Method.invoke,"{""class"": ""java.util.Locale"", ""method"": ""readObject""}"
129071,reflection,Method.invoke,"{""class"": ""java.util.Locale"", ""method"": ""readResolve""}"
129078,reflection,Method.invoke,"{""class"": ""java.util.Locale"", ""method"": ""readObject""}"
129085,reflection,Method.invoke,"{""class"": ""java.util.Locale"", ""method"": ""readResolve""}"
129092,reflection,Method.invoke,"{""class"": ""java.util.Locale"", ""method"": ""readObject""}"
129098,reflection,Method.invoke,"{""class"": ""java.util.Locale"", ""method"": ""readResolve""}"
129105,reflection,Method.invoke,"{""class"": ""java.util.Locale"", ""method"": ""readObject""}"
129111,reflection,Method.invoke,"{""class"": ""java.util.Locale"", ""method"": ""readResolve""}"
129119,reflection,Method.invoke,"{""class"": ""java.util.Locale"", ""method"": ""readObject""}"
129124,reflection,Method.invoke,"{""class"": ""java.util.Locale"", ""method"": ""readResolve""}"
129133,reflection,Method.invoke,"{""class"": ""java.util.Locale"", ""method"": ""readObject""}"
129142,reflection,Method.invoke,"{""class"": ""java.util.Locale"", ""method"": ""readResolve""}"
129150,reflection,Method.invoke,"{""class"": ""java.util.Locale"", ""method"": ""readObject""}"
129157,reflection,Method.invoke,"{""class"": ""java.util.Locale"", ""method"": ""readResolve""}"
129163,reflection,Method.invoke,"{""class"": ""java.util.Locale"", ""method"": ""readObject""}"
129168,reflection,Method.invoke,"{""class"": ""java.util.Locale"", ""method"": ""readResolve""}"
129177,reflection,Method.invoke,"{""class"": ""java.util.Locale"", ""method"": ""readObject""}"
129183,reflection,Method.invoke,"{""class"": ""java.util.Locale"", ""method"": ""readResolve""}"
129191,reflection,Method.invoke,"{""class"": ""java.util.Locale"", ""method"": ""readObject""}"
129199,reflection,Method.invoke,"{""class"": ""java.util.Locale"", ""method"": ""readResolve""}"
129205,reflection,Method.invoke,"{""class"": ""java.util.Locale"", ""method"": ""readObject""}"
129213,reflection,Method.invoke,"{""class"": ""java.util.Locale"", ""method"": ""readResolve""}"
129220,reflection,Method.invoke,"{""class"": ""java.util.Locale"", ""method"": ""readObject""}"
129225,reflection,Method.invoke,"{""class"": ""java.util.Locale"", ""method"": ""readResolve""}"
129233,reflection,Method.invoke,"{""class"": ""java.util.Locale"", ""method"": ""readObject""}"
129241,reflection,Method.invoke,"{""class"": ""java.util.Locale"", ""method"": ""readResolve""}"
129247,reflection,Method.invoke,"{""class"": ""java.util.Locale"", ""method"": ""readObject""}"
129254,reflection,Method.invoke,"{""class"": ""java.util.Locale"", ""method"": ""readResolve""}"
129262,reflection,Method.invoke,"{""class"": ""java.util.Locale"", ""method"": ""readObject""}"
129269,reflection,Method.invoke,"{""class"": ""java.util.Locale"", ""method"": ""readResolve""}"
129274,reflection,Method.invoke,"{""class"": ""java.util.Locale"", ""method"": ""readObject""}"
129281,reflection,Method.invoke,"{""class"": ""java.util.Locale"", ""method"": ""readResolve""}"
129288,reflection,Method.invoke,"{""class"": ""java.util.Locale"", ""method"": ""readObject""}"
129297,reflection,Method.invoke,"{""class"": ""java.util.Locale"", ""method"": ""readResolve""}"
129305,reflection,Method.invoke,"{""class"": ""java.util.Locale"", ""method"": ""readObject""}"
129312,reflection,Method.invoke,"{""class"": ""java.util.Locale"", ""method"": ""readResolve""}"
129320,reflection,Method.invoke,"{""class"": ""java.util.Locale"", ""method"": ""readObject""}"
129326,reflection,Method.invoke,"{""class"": ""java.util.Locale"", ""method"": ""readResolve""}"
129332,reflection,Method.invoke,"{""class"": ""java.util.Locale"", ""method"": ""readObject""}"
129338,reflection,Method.invoke,"{""class"": ""java.util.Locale"", ""method"": ""readResolve""}"
129345,reflection,Method.invoke,"{""class"": ""java.util.Locale"", ""method"": ""readObject""}"
129351,reflection,Method.invoke,"{""class"": ""java.util.Locale"", ""method"": ""readResolve""}"
129357,reflection,Method.invoke,"{""class"": ""java.util.Locale"", ""method"": ""readObject""}"
129364,reflection,Method.invoke,"{""class"": ""java.util.Locale"", ""method"": ""readResolve""}"
129369,reflection,Method.invoke,"{""class"": ""java.util.Locale"", ""method"": ""readObject""}"
129377,reflection,Method.invoke,"{""class"": ""java.util.Locale"", ""method"": ""readResolve""}"
129385,reflection,Method.invoke,"{""class"": ""java.util.Locale"", ""method"": ""readObject""}"
129393,reflection,Method.invoke,"{""class"": ""java.util.Locale"", ""method"": ""readResolve""}"
129399,reflection,Method.invoke,"{""class"": ""java.util.Locale"", ""method"": ""readObject""}"
129407,reflection,Method.invoke,"{""class"": ""java.util.Locale"", ""method"": ""readResolve""}"
129417,reflection,Method.invoke,"{""class"": ""java.util.Locale"", ""method"": ""readObject""}"
129424,reflection,Method.invoke,"{""class"": ""java.util.Locale"", ""method"": ""readResolve""}"
129430,reflection,Method.invoke,"{""class"": ""java.util.Locale"", ""method"": ""readObject""}"
129437,reflection,Method.invoke,"{""class"": ""java.util.Locale"", ""method"": ""readResolve""}"
129445,reflection,Method.invoke,"{""class"": ""java.util.Locale"", ""method"": ""readObject""}"
129451,reflection,Method.invoke,"{""class"": ""java.util.Locale"", ""method"": ""readResolve""}"
129457,reflection,Method.invoke,"{""class"": ""java.util.Locale"", ""method"": ""readObject""}"
129465,reflection,Method.invoke,"{""class"": ""java.util.Locale"", ""method"": ""readResolve""}"
129472,reflection,Method.invoke,"{""class"": ""java.util.Locale"", ""method"": ""readObject""}"
129478,reflection,Method.invoke,"{""class"": ""java.util.Locale"", ""method"": ""readResolve""}"
129485,reflection,Method.invoke,"{""class"": ""java.util.Locale"", ""method"": ""readObject""}"
129493,reflection,Method.invoke,"{""class"": ""java.util.Locale"", ""method"": ""readResolve""}"
129499,reflection,Method.invoke,"{""class"": ""java.util.Locale"", ""method"": ""readObject""}"
129505,reflection,Method.invoke,"{""class"": ""java.util.Locale"", ""method"": ""readResolve""}"
129513,reflection,Method.invoke,"{""class"": ""java.util.Locale"", ""method"": ""readObject""}"
129520,reflection,Method.invoke,"{""class"": ""java.util.Locale"", ""method"": ""readResolve""}"
129527,reflection,Method.invoke,"{""class"": ""java.util.Locale"", ""method"": ""readObject""}"
129535,reflection,Method.invoke,"{""class"": ""java.util.Locale"", ""method"": ""readResolve""}"
129543,reflection,Method.invoke,"{""class"": ""java.util.Locale"", ""method"": ""readObject""}"
129549,reflection,Method.invoke,"{""class"": ""java.util.Locale"", ""method"": ""readResolve""}"
129557,reflection,Method.invoke,"{""class"": ""java.util.Locale"", ""method"": ""readObject""}"
129563,reflection,Method.invoke,"{""class"": ""java.util.Locale"", ""method"": ""readResolve""}"
129572,reflection,Method.invoke,"{""class"": ""java.util.Locale"", ""method"": ""readObject""}"
129577,reflection,Method.invoke,"{""class"": ""java.util.Locale"", ""method"": ""readResolve""}"
129583,reflection,Method.invoke,"{""class"": ""java.util.Locale"", ""method"": ""readObject""}"
129590,reflection,Method.invoke,"{""class"": ""java.util.Locale"", ""method"": ""readResolve""}"
129596,reflection,Method.invoke,"{""class"": ""java.util.Locale"", ""method"": ""readObject""}"
129604,reflection,Method.invoke,"{""class"": ""java.util.Locale"", ""method"": ""readResolve""}"
129612,reflection,Method.invoke,"{""class"": ""java.util.Locale"", ""method"": ""readObject""}"
129617,reflection,Method.invoke,"{""class"": ""java.util.Locale"", ""method"": ""readResolve""}"
129624,reflection,Method.invoke,"{""class"": ""java.util.Locale"", ""method"": ""readObject""}"
129630,reflection,Method.invoke,"{""class"": ""java.util.Locale"", ""method"": ""readResolve""}"
129637,reflection,Method.invoke,"{""class"": ""java.util.Locale"", ""method"": ""readObject""}"
129644,reflection,Method.invoke,"{""class"": ""java.util.Locale"", ""method"": ""readResolve""}"
129650,reflection,Method.invoke,"{""class"": ""java.util.Locale"", ""method"": ""readObject""}"
129657,reflection,Method.invoke,"{""class"": ""java.util.Locale"", ""method"": ""readResolve""}"
129664,reflection,Method.invoke,"{""class"": ""java.util.Locale"", ""method"": ""readObject""}"
129672,reflection,Method.invoke,"{""class"": ""java.util.Locale"", ""method"": ""readResolve""}"
129679,reflection,Method.invoke,"{""class"": ""java.util.Locale"", ""method"": ""readObject""}"
129686,reflection,Method.invoke,"{""class"": ""java.util.Locale"", ""method"": ""readResolve""}"
129693,reflection,Method.invoke,"{""class"": ""java.util.Locale"", ""method"": ""readObject""}"
129700,reflection,Method.invoke,"{""class"": ""java.util.Locale"", ""method"": ""readResolve""}"
129708,reflection,Method.invoke,"{""class"": ""java.util.Locale"", ""method"": ""readObject""}"
129715,reflection,Method.invoke,"{""class"": ""java.util.Locale"", ""method"": ""readResolve""}"
129722,reflection,Method.invoke,"{""class"": ""java.util.Locale"", ""method"": ""readObject""}"
129730,reflection,Method.invoke,"{""class"": ""java.util.Locale"", ""method"": ""readResolve""}"
129736,reflection,Method.invoke,"{""class"": ""java.util.Locale"", ""method"": ""readObject""}"
129743,reflection,Method.invoke,"{""class"": ""java.util.Locale"", ""method"": ""readResolve""}"
129751,reflection,Method.invoke,"{""class"": ""java.util.Locale"", ""method"": ""readObject""}"
129757,reflection,Method.invoke,"{""class"": ""java.util.Locale"", ""method"": ""readResolve""}"
129764,reflection,Method.invoke,"{""class"": ""java.util.Locale"", ""method"": ""readObject""}"
129772,reflection,Method.invoke,"{""class"": ""java.util.Locale"", ""method"": ""readResolve""}"
129779,reflection,Method.invoke,"{""class"": ""java.util.Locale"", ""method"": ""readObject""}"
129786,reflection,Method.invoke,"{""class"": ""java.util.Locale"", ""method"": ""readResolve""}"
129792,reflection,Method.invoke,"{""class"": ""java.util.Locale"", ""method"": ""readObject""}"
129799,reflection,Method.invoke,"{""class"": ""java.util.Locale"", ""method"": ""readResolve""}"
129805,reflection,Method.invoke,"{""class"": ""java.util.Locale"", ""method"": ""readObject""}"
129813,reflection,Method.invoke,"{""class"": ""java.util.Locale"", ""method"": ""readResolve""}"
129820,reflection,Method.invoke,"{""class"": ""java.util.Locale"", ""method"": ""readObject""}"
129826,reflection,Method.invoke,"{""class"": ""java.util.Locale"", ""method"": ""readResolve""}"
129833,reflection,Method.invoke,"{""class"": ""java.util.Locale"", ""method"": ""readObject""}"
129840,reflection,Method.invoke,"{""class"": ""java.util.Locale"", ""method"": ""readResolve""}"
129847,reflection,Method.invoke,"{""class"": ""java.util.Locale"", ""method"": ""readObject""}"
129855,reflection,Method.invoke,"{""class"": ""java.util.Locale"", ""method"": ""readResolve""}"
129862,reflection,Method.invoke,"{""class"": ""java.util.Locale"", ""method"": ""readObject""}"
129873,reflection,Method.invoke,"{""class"": ""java.util.Locale"", ""method"": ""readResolve""}"
129879,reflection,Method.invoke,"{""class"": ""java.util.Locale"", ""method"": ""readObject""}"
129886,reflection,Method.invoke,"{""class"": ""java.util.Locale"", ""method"": ""readResolve""}"
129894,reflection,Method.invoke,"{""class"": ""java.util.Locale"", ""method"": ""readObject""}"
129901,reflection,Method.invoke,"{""class"": ""java.util.Locale"", ""method"": ""readResolve""}"
129909,reflection,Method.invoke,"{""class"": ""java.util.Locale"", ""method"": ""readObject""}"
129916,reflection,Method.invoke,"{""class"": ""java.util.Locale"", ""method"": ""readResolve""}"
129923,reflection,Method.invoke,"{""class"": ""java.util.Locale"", ""method"": ""readObject""}"
129930,reflection,Method.invoke,"{""class"": ""java.util.Locale"", ""method"": ""readResolve""}"
129938,reflection,Method.invoke,"{""class"": ""java.util.Locale"", ""method"": ""readObject""}"
129945,reflection,Method.invoke,"{""class"": ""java.util.Locale"", ""method"": ""readResolve""}"
129951,reflection,Method.invoke,"{""class"": ""java.util.Locale"", ""method"": ""readObject""}"
129957,reflection,Method.invoke,"{""class"": ""java.util.Locale"", ""method"": ""readResolve""}"
129964,reflection,Method.invoke,"{""class"": ""java.util.Locale"", ""method"": ""readObject""}"
129974,reflection,Method.invoke,"{""class"": ""java.util.Locale"", ""method"": ""readResolve""}"
129981,reflection,Method.invoke,"{""class"": ""java.util.Locale"", ""method"": ""readObject""}"
129987,reflection,Method.invoke,"{""class"": ""java.util.Locale"", ""method"": ""readResolve""}"
129994,reflection,Method.invoke,"{""class"": ""java.util.Locale"", ""method"": ""readObject""}"
130001,reflection,Method.invoke,"{""class"": ""java.util.Locale"", ""method"": ""readResolve""}"
130008,reflection,Method.invoke,"{""class"": ""java.util.Locale"", ""method"": ""readObject""}"
130013,reflection,Method.invoke,"{""class"": ""java.util.Locale"", ""method"": ""readResolve""}"
130022,reflection,Method.invoke,"{""class"": ""java.util.Locale"", ""method"": ""readObject""}"
130028,reflection,Method.invoke,"{""class"": ""java.util.Locale"", ""method"": ""readResolve""}"
130036,reflection,Method.invoke,"{""class"": ""java.util.Locale"", ""method"": ""readObject""}"
130042,reflection,Method.invoke,"{""class"": ""java.util.Locale"", ""method"": ""readResolve""}"
130049,reflection,Method.invoke,"{""class"": ""java.util.Locale"", ""method"": ""readObject""}"
130056,reflection,Method.invoke,"{""class"": ""java.util.Locale"", ""method"": ""readResolve""}"
130064,reflection,Method.invoke,"{""class"": ""java.util.Locale"", ""method"": ""readObject""}"
130070,reflection,Method.invoke,"{""class"": ""java.util.Locale"", ""method"": ""readResolve""}"
130078,reflection,Method.invoke,"{""class"": ""java.util.Locale"", ""method"": ""readObject""}"
130083,reflection,Method.invoke,"{""class"": ""java.util.Locale"", ""method"": ""readResolve""}"
130090,reflection,Method.invoke,"{""class"": ""java.util.Locale"", ""method"": ""readObject""}"
130095,reflection,Method.invoke,"{""class"": ""java.util.Locale"", ""method"": ""readResolve""}"
130102,reflection,Method.invoke,"{""class"": ""java.util.Locale"", ""method"": ""readObject""}"
130110,reflection,Method.invoke,"{""class"": ""java.util.Locale"", ""method"": ""readResolve""}"
130116,reflection,Method.invoke,"{""class"": ""java.util.Locale"", ""method"": ""readObject""}"
130123,reflection,Method.invoke,"{""class"": ""java.util.Locale"", ""method"": ""readResolve""}"
130131,reflection,Method.invoke,"{""class"": ""java.util.Locale"", ""method"": ""readObject""}"
130139,reflection,Method.invoke,"{""class"": ""java.util.Locale"", ""method"": ""readResolve""}"
130145,reflection,Method.invoke,"{""class"": ""java.util.Locale"", ""method"": ""readObject""}"
130151,reflection,Method.invoke,"{""class"": ""java.util.Locale"", ""method"": ""readResolve""}"
130157,reflection,Method.invoke,"{""class"": ""java.util.Locale"", ""method"": ""readObject""}"
130164,reflection,Method.invoke,"{""class"": ""java.util.Locale"", ""method"": ""readResolve""}"
130172,reflection,Method.invoke,"{""class"": ""java.util.Locale"", ""method"": ""readObject""}"
130179,reflection,Method.invoke,"{""class"": ""java.util.Locale"", ""method"": ""readResolve""}"
130185,reflection,Method.invoke,"{""class"": ""java.util.Locale"", ""method"": ""readObject""}"
130191,reflection,Method.invoke,"{""class"": ""java.util.Locale"", ""method"": ""readResolve""}"
130198,reflection,Method.invoke,"{""class"": ""java.util.Locale"", ""method"": ""readObject""}"
130204,reflection,Method.invoke,"{""class"": ""java.util.Locale"", ""method"": ""readResolve""}"
130211,reflection,Method.invoke,"{""class"": ""java.util.Locale"", ""method"": ""readObject""}"
130217,reflection,Method.invoke,"{""class"": ""java.util.Locale"", ""method"": ""readResolve""}"
130223,reflection,Method.invoke,"{""class"": ""java.util.Locale"", ""method"": ""readObject""}"
130231,reflection,Method.invoke,"{""class"": ""java.util.Locale"", ""method"": ""readResolve""}"
130239,reflection,Method.invoke,"{""class"": ""java.util.Locale"", ""method"": ""readObject""}"
130245,reflection,Method.invoke,"{""class"": ""java.util.Locale"", ""method"": ""readResolve""}"
130252,reflection,Method.invoke,"{""class"": ""java.util.Locale"", ""method"": ""readObject""}"
130257,reflection,Method.invoke,"{""class"": ""java.util.Locale"", ""method"": ""readResolve""}"
130265,reflection,Method.invoke,"{""class"": ""java.util.Locale"", ""method"": ""readObject""}"
130271,reflection,Method.invoke,"{""class"": ""java.util.Locale"", ""method"": ""readResolve""}"
130278,reflection,Method.invoke,"{""class"": ""java.util.Locale"", ""method"": ""readObject""}"
130284,reflection,Method.invoke,"{""class"": ""java.util.Locale"", ""method"": ""readResolve""}"
130293,reflection,Method.invoke,"{""class"": ""java.util.Locale"", ""method"": ""readObject""}"
130300,reflection,Method.invoke,"{""class"": ""java.util.Locale"", ""method"": ""readResolve""}"
130306,reflection,Method.invoke,"{""class"": ""java.util.Locale"", ""method"": ""readObject""}"
130313,reflection,Method.invoke,"{""class"": ""java.util.Locale"", ""method"": ""readResolve""}"
130320,reflection,Method.invoke,"{""class"": ""java.util.Locale"", ""method"": ""readObject""}"
130327,reflection,Method.invoke,"{""class"": ""java.util.Locale"", ""method"": ""readResolve""}"
130336,reflection,Method.invoke,"{""class"": ""java.util.Locale"", ""method"": ""readObject""}"
130343,reflection,Method.invoke,"{""class"": ""java.util.Locale"", ""method"": ""readResolve""}"
130349,reflection,Method.invoke,"{""class"": ""java.util.Locale"", ""method"": ""readObject""}"
130357,reflection,Method.invoke,"{""class"": ""java.util.Locale"", ""method"": ""readResolve""}"
130364,reflection,Method.invoke,"{""class"": ""java.util.Locale"", ""method"": ""readObject""}"
130370,reflection,Method.invoke,"{""class"": ""java.util.Locale"", ""method"": ""readResolve""}"
130376,reflection,Method.invoke,"{""class"": ""java.util.Locale"", ""method"": ""readObject""}"
130383,reflection,Method.invoke,"{""class"": ""java.util.Locale"", ""method"": ""readResolve""}"
130389,reflection,Method.invoke,"{""class"": ""java.util.Locale"", ""method"": ""readObject""}"
130398,reflection,Method.invoke,"{""class"": ""java.util.Locale"", ""method"": ""readResolve""}"
130404,reflection,Method.invoke,"{""class"": ""java.util.Locale"", ""method"": ""readObject""}"
130411,reflection,Method.invoke,"{""class"": ""java.util.Locale"", ""method"": ""readResolve""}"
130418,reflection,Method.invoke,"{""class"": ""java.util.Locale"", ""method"": ""readObject""}"
130426,reflection,Method.invoke,"{""class"": ""java.util.Locale"", ""method"": ""readResolve""}"
130432,reflection,Method.invoke,"{""class"": ""java.util.Locale"", ""method"": ""readObject""}"
130439,reflection,Method.invoke,"{""class"": ""java.util.Locale"", ""method"": ""readResolve""}"
130447,reflection,Method.invoke,"{""class"": ""java.util.Locale"", ""method"": ""readObject""}"
130454,reflection,Method.invoke,"{""class"": ""java.util.Locale"", ""method"": ""readResolve""}"
130463,reflection,Method.invoke,"{""class"": ""java.util.Locale"", ""method"": ""readObject""}"
130470,reflection,Method.invoke,"{""class"": ""java.util.Locale"", ""method"": ""readResolve""}"
130478,reflection,Method.invoke,"{""class"": ""java.util.Locale"", ""method"": ""readObject""}"
130484,reflection,Method.invoke,"{""class"": ""java.util.Locale"", ""method"": ""readResolve""}"
130494,reflection,Method.invoke,"{""class"": ""java.util.Locale"", ""method"": ""readObject""}"
130500,reflection,Method.invoke,"{""class"": ""java.util.Locale"", ""method"": ""readResolve""}"
130507,reflection,Method.invoke,"{""class"": ""java.util.Locale"", ""method"": ""readObject""}"
130514,reflection,Method.invoke,"{""class"": ""java.util.Locale"", ""method"": ""readResolve""}"
130521,reflection,Method.invoke,"{""class"": ""java.util.Locale"", ""method"": ""readObject""}"
130527,reflection,Method.invoke,"{""class"": ""java.util.Locale"", ""method"": ""readResolve""}"
130536,reflection,Method.invoke,"{""class"": ""java.util.Locale"", ""method"": ""readObject""}"
130543,reflection,Method.invoke,"{""class"": ""java.util.Locale"", ""method"": ""readResolve""}"
130550,reflection,Method.invoke,"{""class"": ""java.util.Locale"", ""method"": ""readObject""}"
130556,reflection,Method.invoke,"{""class"": ""java.util.Locale"", ""method"": ""readResolve""}"
130562,reflection,Method.invoke,"{""class"": ""java.util.Locale"", ""method"": ""readObject""}"
130570,reflection,Method.invoke,"{""class"": ""java.util.Locale"", ""method"": ""readResolve""}"
130577,reflection,Method.invoke,"{""class"": ""java.util.Locale"", ""method"": ""readObject""}"
130584,reflection,Method.invoke,"{""class"": ""java.util.Locale"", ""method"": ""readResolve""}"
130590,reflection,Method.invoke,"{""class"": ""java.util.Locale"", ""method"": ""readObject""}"
130596,reflection,Method.invoke,"{""class"": ""java.util.Locale"", ""method"": ""readResolve""}"
130604,reflection,Method.invoke,"{""class"": ""java.util.Locale"", ""method"": ""readObject""}"
130611,reflection,Method.invoke,"{""class"": ""java.util.Locale"", ""method"": ""readResolve""}"
130620,reflection,Method.invoke,"{""class"": ""java.util.Locale"", ""method"": ""readObject""}"
130626,reflection,Method.invoke,"{""class"": ""java.util.Locale"", ""method"": ""readResolve""}"
130633,reflection,Method.invoke,"{""class"": ""java.util.Locale"", ""method"": ""readObject""}"
130638,reflection,Method.invoke,"{""class"": ""java.util.Locale"", ""method"": ""readResolve""}"
130646,reflection,Method.invoke,"{""class"": ""java.util.Locale"", ""method"": ""readObject""}"
130653,reflection,Method.invoke,"{""class"": ""java.util.Locale"", ""method"": ""readResolve""}"
130660,reflection,Method.invoke,"{""class"": ""java.util.Locale"", ""method"": ""readObject""}"
130667,reflection,Method.invoke,"{""class"": ""java.util.Locale"", ""method"": ""readResolve""}"
130674,reflection,Method.invoke,"{""class"": ""java.util.Locale"", ""method"": ""readObject""}"
130681,reflection,Method.invoke,"{""class"": ""java.util.Locale"", ""method"": ""readResolve""}"
130687,reflection,Method.invoke,"{""class"": ""java.util.Locale"", ""method"": ""readObject""}"
130694,reflection,Method.invoke,"{""class"": ""java.util.Locale"", ""method"": ""readResolve""}"
130701,reflection,Method.invoke,"{""class"": ""java.util.Locale"", ""method"": ""readObject""}"
130708,reflection,Method.invoke,"{""class"": ""java.util.Locale"", ""method"": ""readResolve""}"
130714,reflection,Method.invoke,"{""class"": ""java.util.Locale"", ""method"": ""readObject""}"
130722,reflection,Method.invoke,"{""class"": ""java.util.Locale"", ""method"": ""readResolve""}"
130730,reflection,Method.invoke,"{""class"": ""java.util.Locale"", ""method"": ""readObject""}"
130736,reflection,Method.invoke,"{""class"": ""java.util.Locale"", ""method"": ""readResolve""}"
130746,reflection,Method.invoke,"{""class"": ""java.util.Locale"", ""method"": ""readObject""}"
130752,reflection,Method.invoke,"{""class"": ""java.util.Locale"", ""method"": ""readResolve""}"
130758,reflection,Method.invoke,"{""class"": ""java.util.Locale"", ""method"": ""readObject""}"
130765,reflection,Method.invoke,"{""class"": ""java.util.Locale"", ""method"": ""readResolve""}"
130771,reflection,Method.invoke,"{""class"": ""java.util.Locale"", ""method"": ""readObject""}"
130778,reflection,Method.invoke,"{""class"": ""java.util.Locale"", ""method"": ""readResolve""}"
130785,reflection,Method.invoke,"{""class"": ""java.util.Locale"", ""method"": ""readObject""}"
130791,reflection,Method.invoke,"{""class"": ""java.util.Locale"", ""method"": ""readResolve""}"
130798,reflection,Method.invoke,"{""class"": ""java.util.Locale"", ""method"": ""readObject""}"
130805,reflection,Method.invoke,"{""class"": ""java.util.Locale"", ""method"": ""readResolve""}"
130812,reflection,Method.invoke,"{""class"": ""java.util.Locale"", ""method"": ""readObject""}"
130818,reflection,Method.invoke,"{""class"": ""java.util.Locale"", ""method"": ""readResolve""}"
130823,reflection,Method.invoke,"{""class"": ""java.util.Locale"", ""method"": ""readObject""}"
130832,reflection,Method.invoke,"{""class"": ""java.util.Locale"", ""method"": ""readResolve""}"
130839,reflection,Method.invoke,"{""class"": ""java.util.Locale"", ""method"": ""readObject""}"
130847,reflection,Method.invoke,"{""class"": ""java.util.Locale"", ""method"": ""readResolve""}"
130854,reflection,Method.invoke,"{""class"": ""java.util.Locale"", ""method"": ""readObject""}"
130859,reflection,Method.invoke,"{""class"": ""java.util.Locale"", ""method"": ""readResolve""}"
130868,reflection,Method.invoke,"{""class"": ""java.util.Locale"", ""method"": ""readObject""}"
130875,reflection,Method.invoke,"{""class"": ""java.util.Locale"", ""method"": ""readResolve""}"
130882,reflection,Method.invoke,"{""class"": ""java.util.Locale"", ""method"": ""readObject""}"
130889,reflection,Method.invoke,"{""class"": ""java.util.Locale"", ""method"": ""readResolve""}"
130897,reflection,Method.invoke,"{""class"": ""java.util.Locale"", ""method"": ""readObject""}"
130904,reflection,Method.invoke,"{""class"": ""java.util.Locale"", ""method"": ""readResolve""}"
130910,reflection,Method.invoke,"{""class"": ""java.util.Locale"", ""method"": ""readObject""}"
130916,reflection,Method.invoke,"{""class"": ""java.util.Locale"", ""method"": ""readResolve""}"
130923,reflection,Method.invoke,"{""class"": ""java.util.Locale"", ""method"": ""readObject""}"
130931,reflection,Method.invoke,"{""class"": ""java.util.Locale"", ""method"": ""readResolve""}"
130937,reflection,Method.invoke,"{""class"": ""java.util.Locale"", ""method"": ""readObject""}"
130945,reflection,Method.invoke,"{""class"": ""java.util.Locale"", ""method"": ""readResolve""}"
130954,reflection,Method.invoke,"{""class"": ""java.util.Locale"", ""method"": ""readObject""}"
130961,reflection,Method.invoke,"{""class"": ""java.util.Locale"", ""method"": ""readResolve""}"
130968,reflection,Method.invoke,"{""class"": ""java.util.Locale"", ""method"": ""readObject""}"
130976,reflection,Method.invoke,"{""class"": ""java.util.Locale"", ""method"": ""readResolve""}"
130983,reflection,Method.invoke,"{""class"": ""java.util.Locale"", ""method"": ""readObject""}"
130989,reflection,Method.invoke,"{""class"": ""java.util.Locale"", ""method"": ""readResolve""}"
130997,reflection,Method.invoke,"{""class"": ""java.util.Locale"", ""method"": ""readObject""}"
131002,reflection,Method.invoke,"{""class"": ""java.util.Locale"", ""method"": ""readResolve""}"
131009,reflection,Method.invoke,"{""class"": ""java.util.Locale"", ""method"": ""readObject""}"
131017,reflection,Method.invoke,"{""class"": ""java.util.Locale"", ""method"": ""readResolve""}"
131022,reflection,Method.invoke,"{""class"": ""java.util.Locale"", ""method"": ""readObject""}"
131029,reflection,Method.invoke,"{""class"": ""java.util.Locale"", ""method"": ""readResolve""}"
131039,reflection,Method.invoke,"{""class"": ""java.util.Locale"", ""method"": ""readObject""}"
131045,reflection,Method.invoke,"{""class"": ""java.util.Locale"", ""method"": ""readResolve""}"
131051,reflection,Method.invoke,"{""class"": ""java.util.Locale"", ""method"": ""readObject""}"
131059,reflection,Method.invoke,"{""class"": ""java.util.Locale"", ""method"": ""readResolve""}"
131066,reflection,Method.invoke,"{""class"": ""java.util.Locale"", ""method"": ""readObject""}"
131073,reflection,Method.invoke,"{""class"": ""java.util.Locale"", ""method"": ""readResolve""}"
131079,reflection,Method.invoke,"{""class"": ""java.util.Locale"", ""method"": ""readObject""}"
131087,reflection,Method.invoke,"{""class"": ""java.util.Locale"", ""method"": ""readResolve""}"
131093,reflection,Method.invoke,"{""class"": ""java.util.Locale"", ""method"": ""readObject""}"
131099,reflection,Method.invoke,"{""class"": ""java.util.Locale"", ""method"": ""readResolve""}"
131106,reflection,Method.invoke,"{""class"": ""java.util.Locale"", ""method"": ""readObject""}"
131111,reflection,Method.invoke,"{""class"": ""java.util.Locale"", ""method"": ""readResolve""}"
131120,reflection,Method.invoke,"{""class"": ""java.util.Locale"", ""method"": ""readObject""}"
131128,reflection,Method.invoke,"{""class"": ""java.util.Locale"", ""method"": ""readResolve""}"
131134,reflection,Method.invoke,"{""class"": ""java.util.Locale"", ""method"": ""readObject""}"
131141,reflection,Method.invoke,"{""class"": ""java.util.Locale"", ""method"": ""readResolve""}"
131147,reflection,Method.invoke,"{""class"": ""java.util.Locale"", ""method"": ""readObject""}"
131156,reflection,Method.invoke,"{""class"": ""java.util.Locale"", ""method"": ""readResolve""}"
131163,reflection,Method.invoke,"{""class"": ""java.util.Locale"", ""method"": ""readObject""}"
131170,reflection,Method.invoke,"{""class"": ""java.util.Locale"", ""method"": ""readResolve""}"
131177,reflection,Method.invoke,"{""class"": ""java.util.Locale"", ""method"": ""readObject""}"
131185,reflection,Method.invoke,"{""class"": ""java.util.Locale"", ""method"": ""readResolve""}"
131192,reflection,Method.invoke,"{""class"": ""java.util.Locale"", ""method"": ""readObject""}"
131200,reflection,Method.invoke,"{""class"": ""java.util.Locale"", ""method"": ""readResolve""}"
131208,reflection,Method.invoke,"{""class"": ""java.util.Locale"", ""method"": ""readObject""}"
131215,reflection,Method.invoke,"{""class"": ""java.util.Locale"", ""method"": ""readResolve""}"
131221,reflection,Method.invoke,"{""class"": ""java.util.Locale"", ""method"": ""readObject""}"
131229,reflection,Method.invoke,"{""class"": ""java.util.Locale"", ""method"": ""readResolve""}"
131234,reflection,Method.invoke,"{""class"": ""java.util.Locale"", ""method"": ""readObject""}"
131240,reflection,Method.invoke,"{""class"": ""java.util.Locale"", ""method"": ""readResolve""}"
131248,reflection,Method.invoke,"{""class"": ""java.util.Locale"", ""method"": ""readObject""}"
131255,reflection,Method.invoke,"{""class"": ""java.util.Locale"", ""method"": ""readResolve""}"
132936,reflection,Method.invoke,"{""class"": ""android.view.View"", ""method"": ""getElevation""}"
132958,reflection,Method.invoke,"{""class"": ""org.fossasia.susi.ai.chat.ChatActivity"", ""method"": ""openSettings""}"
132986,reflection,Method.invoke,"{""class"": ""android.view.View"", ""method"": ""getElevation""}"
133019,reflection,Method.invoke,"{""class"": ""android.view.ViewGroup"", ""method"": ""makeOptionalFitsSystemWindows""}"
133043,storage,SharedPreferences.getString,"{""key"": ""prefLanguage""}"
133057,network,okhttp3.RealCall.enqueue,"{""method"": ""GET"", ""url"": ""https://api.susi.ai/cms/getSkillMetricsData.json?model=general&language=en""}"
133065,reflection,Method.invoke,"{""class"": ""dalvik.system.CloseGuard"", ""method"": ""get""}"
133077,reflection,Method.invoke,"{""class"": ""dalvik.system.CloseGuard"", ""method"": ""open""}"
133095,network,Socket.connect,"{""endpoint"": ""api.susi.ai/167.235.1.187:443""}"
133154,reflection,Method.invoke,"{""class"": ""com.android.org.conscrypt.ConscryptFileDescriptorSocket"", ""method"": ""setUseSessionTickets""}"
133167,reflection,Method.invoke,"{""class"": ""com.android.org.conscrypt.ConscryptFileDescriptorSocket"", ""method"": ""setHostname""}"
133177,reflection,Method.invoke,"{""class"": ""com.android.org.conscrypt.OpenSSLSocketImpl"", ""method"": ""setAlpnProtocols""}"
133232,crypto,MessageDigest.getInstance,"{""algorithm"": ""MD5""}"
133238,crypto,MessageDigest.digest,{}
133245,crypto,MessageDigest.getInstance,"{""algorithm"": ""SHA1""}"
133253,crypto,MessageDigest.digest,{}
133260,crypto,MessageDigest.getInstance,"{""algorithm"": ""MD5""}"
133268,crypto,MessageDigest.digest,{}
133274,crypto,MessageDigest.getInstance,"{""algorithm"": ""SHA1""}"
133277,crypto,MessageDigest.digest,{}
133287,crypto,MessageDigest.getInstance,"{""algorithm"": ""MD5""}"
133292,crypto,MessageDigest.digest,{}
133299,crypto,MessageDigest.getInstance,"{""algorithm"": ""SHA1""}"
133311,crypto,MessageDigest.digest,{}
133322,crypto,MessageDigest.getInstance,"{""algorithm"": ""MD5""}"
133329,crypto,MessageDigest.digest,{}
133338,crypto,MessageDigest.getInstance,"{""algorithm"": ""SHA1""}"
133342,crypto,MessageDigest.digest,{}
133355,crypto,MessageDigest.getInstance,"{""algorithm"": ""SHA1""}"
133360,crypto,MessageDigest.digest,{}
133375,crypto,MessageDigest.getInstance,"{""algorithm"": ""SHA1""}"
133378,crypto,MessageDigest.digest,{}
133388,crypto,MessageDigest.getInstance,"{""algorithm"": ""SHA1""}"
133391,crypto,MessageDigest.digest,{}
133395,crypto,MessageDigest.getInstance,"{""algorithm"": ""SHA1""}"
133406,crypto,MessageDigest.digest,{}
133426,crypto,MessageDigest.getInstance,"{""algorithm"": ""SHA1""}"
133428,crypto,MessageDigest.digest,{}
133438,crypto,MessageDigest.getInstance,"{""algorithm"": ""SHA1""}"
133446,crypto,MessageDigest.digest,{}
133460,crypto,MessageDigest.getInstance,"{""algorithm"": ""SHA-256""}"
133467,crypto,MessageDigest.digest,{}
136290,reflection,Method.invoke,"{""class"": ""android.widget.PopupWindow"", ""method"": ""getMaxAvailableHeight""}"
136309,reflection,Method.invoke,"{""class"": ""android.widget.PopupWindow"", ""method"": ""setClipToScreenEnabled""}"
136335,reflection,Method.invoke,"{""class"": ""android.widget.PopupWindow"", ""method"": ""setEpicenterBounds""}"
136377,reflection,Method.invoke,"{""class"": ""android.widget.PopupWindow"", ""method"": ""getMaxAvailableHeight""}"
136406,reflection,Method.invoke,"{""class"": ""android.view.View"", ""method"": ""getTransitionAlpha""}"
139454,reflection,Method.invoke,"{""class"": ""android.view.View"", ""method"": ""getTransitionAlpha""}"
142289,reflection,Method.invoke,"{""class"": ""android.widget.PopupWindow"", ""method"": ""getMaxAvailableHeight""}"
142299,reflection,Method.invoke,"{""class"": ""android.widget.PopupWindow"", ""method"": ""setClipToScreenEnabled""}"
142309,reflection,Method.invoke,"{""class"": ""android.widget.PopupWindow"", ""method"": ""setEpicenterBounds""}"
142345,reflection,Method.invoke,"{""class"": ""android.widget.PopupWindow"", ""method"": ""getMaxAvailableHeight""}"
142377,reflection,Method.invoke,"{""class"": ""android.view.View"", ""method"": ""getTransitionAlpha""}"
145436,reflection,Method.invoke,"{""class"": ""android.view.View"", ""method"": ""getTransitionAlpha""}"
148342,reflection,Method.invoke,"{""class"": ""android.view.ViewGroup"", ""method"": ""makeOptionalFitsSystemWindows""}"
148379,storage,SharedPreferences.apply,{}
148388,audio,MediaRecorder.setAudioSource,"{""audioSource"": 1}"
148420,network,okhttp3.RealCall.enqueue,"{""method"": ""GET"", ""url"": ""http://ipinfo.io/json""}"
148428,reflection,Method.invoke,"{""class"": ""dalvik.system.CloseGuard"", ""method"": ""get""}"
148438,reflection,Method.invoke,"{""class"": ""dalvik.system.CloseGuard"", ""method"": ""open""}"
148454,reflection,Method.invoke,"{""class"": ""android.security.NetworkSecurityPolicy"", ""method"": ""getInstance""}"
148460,location,LocationManager.requestLocationUpdates,"{""minDistance"": 10, ""minTime"": ""300000"", ""provider"": ""network""}"
148476,reflection,Method.invoke,"{""class"": ""android.security.NetworkSecurityPolicy"", ""method"": ""isCleartextTrafficPermitted""}"
148487,location,LocationManager.requestLocationUpdates,"{""minDistance"": 10, ""minTime"": ""300000"", ""provider"": ""gps""}"
148555,reflection,Method.invoke,"{""class"": ""android.view.View"", ""method"": ""getElevation""}"
148567,reflection,Method.invoke,"{""class"": ""android.view.View"", ""method"": ""getElevation""}"
148575,reflection,Method.invoke,"{""class"": ""android.view.View"", ""method"": ""getElevation""}"
148593,reflection,Method.invoke,"{""class"": ""android.view.View"", ""method"": ""getElevation""}"
148666,ipc_intents,Context.bindService,"{""action"": ""android.intent.action.TTS_SERVICE"", ""flags"": 1, ""target"": ""android.intent.action.TTS_SERVICE""}"
148723,reflection,Method.invoke,"{""class"": ""java.util.Locale"", ""method"": ""readObject""}"
148728,reflection,Method.invoke,"{""class"": ""java.util.Locale"", ""method"": ""readResolve""}"
148740,reflection,Method.invoke,"{""class"": ""java.util.Locale"", ""method"": ""readObject""}"
148744,reflection,Method.invoke,"{""class"": ""java.util.Locale"", ""method"": ""readResolve""}"
148755,reflection,Method.invoke,"{""class"": ""java.util.Locale"", ""method"": ""readObject""}"
148759,reflection,Method.invoke,"{""class"": ""java.util.Locale"", ""method"": ""readResolve""}"
148770,reflection,Method.invoke,"{""class"": ""java.util.Locale"", ""method"": ""readObject""}"
148775,reflection,Method.invoke,"{""class"": ""java.util.Locale"", ""method"": ""readResolve""}"
148786,reflection,Method.invoke,"{""class"": ""java.util.Locale"", ""method"": ""readObject""}"
148791,reflection,Method.invoke,"{""class"": ""java.util.Locale"", ""method"": ""readResolve""}"
148797,reflection,Method.invoke,"{""class"": ""java.util.Locale"", ""method"": ""readObject""}"
148808,reflection,Method.invoke,"{""class"": ""java.util.Locale"", ""method"": ""readResolve""}"
148821,reflection,Method.invoke,"{""class"": ""java.util.Locale"", ""method"": ""readObject""}"
148825,reflection,Method.invoke,"{""class"": ""java.util.Locale"", ""method"": ""readResolve""}"
148835,reflection,Method.invoke,"{""class"": ""java.util.Locale"", ""method"": ""readObject""}"
148839,reflection,Method.invoke,"{""class"": ""java.util.Locale"", ""method"": ""readResolve""}"
148844,reflection,Method.invoke,"{""class"": ""java.util.Locale"", ""method"": ""readObject""}"
148853,reflection,Method.invoke,"{""class"": ""java.util.Locale"", ""method"": ""readResolve""}"
148858,reflection,Method.invoke,"{""class"": ""java.util.Locale"", ""method"": ""readObject""}"
148863,reflection,Method.invoke,"{""class"": ""java.util.Locale"", ""method"": ""readResolve""}"
148871,reflection,Method.invoke,"{""class"": ""java.util.Locale"", ""method"": ""readObject""}"
148876,reflection,Method.invoke,"{""class"": ""java.util.Locale"", ""method"": ""readResolve""}"
148880,reflection,Method.invoke,"{""class"": ""java.util.Locale"", ""method"": ""readObject""}"
148884,reflection,Method.invoke,"{""class"": ""java.util.Locale"", ""method"": ""readResolve""}"
148889,reflection,Method.invoke,"{""class"": ""java.util.Locale"", ""method"": ""readObject""}"
148894,reflection,Method.invoke,"{""class"": ""java.util.Locale"", ""method"": ""readResolve""}"
148899,reflection,Method.invoke,"{""class"": ""java.util.Locale"", ""method"": ""readObject""}"
148904,reflection,Method.invoke,"{""class"": ""java.util.Locale"", ""method"": ""readResolve""}"
148910,reflection,Method.invoke,"{""class"": ""java.util.Locale"", ""method"": ""readObject""}"
148914,reflection,Method.invoke,"{""class"": ""java.util.Locale"", ""method"": ""readResolve""}"
148920,reflection,Method.invoke,"{""class"": ""java.util.Locale"", ""method"": ""readObject""}"
148924,reflection,Method.invoke,"{""class"": ""java.util.Locale"", ""method"": ""readResolve""}"
148929,reflection,Method.invoke,"{""class"": ""java.util.Locale"", ""method"": ""readObject""}"
148934,reflection,Method.invoke,"{""class"": ""java.util.Locale"", ""method"": ""readResolve""}"
148938,reflection,Method.invoke,"{""class"": ""java.util.Locale"", ""method"": ""readObject""}"
148943,reflection,Method.invoke,"{""class"": ""java.util.Locale"", ""method"": ""readResolve""}"
148949,reflection,Method.invoke,"{""class"": ""java.util.Locale"", ""method"": ""readObject""}"
148953,reflection,Method.invoke,"{""class"": ""java.util.Locale"", ""method"": ""readResolve""}"
148958,reflection,Method.invoke,"{""class"": ""java.util.Locale"", ""method"": ""readObject""}"
148962,reflection,Method.invoke,"{""class"": ""java.util.Locale"", ""method"": ""readResolve""}"
148982,reflection,Method.invoke,"{""class"": ""java.util.Locale"", ""method"": ""readObject""}"
148987,reflection,Method.invoke,"{""class"": ""java.util.Locale"", ""method"": ""readResolve""}"
148991,reflection,Method.invoke,"{""class"": ""java.util.Locale"", ""method"": ""readObject""}"
148995,reflection,Method.invoke,"{""class"": ""java.util.Locale"", ""method"": ""readResolve""}"
149000,reflection,Method.invoke,"{""class"": ""java.util.Locale"", ""method"": ""readObject""}"
149004,reflection,Method.invoke,"{""class"": ""java.util.Locale"", ""method"": ""readResolve""}"
149009,reflection,Method.invoke,"{""class"": ""java.util.Locale"", ""method"": ""readObject""}"
149014,reflection,Method.invoke,"{""class"": ""java.util.Locale"", ""method"": ""readResolve""}"
149019,reflection,Method.invoke,"{""class"": ""java.util.Locale"", ""method"": ""readObject""}"
149024,reflection,Method.invoke,"{""class"": ""java.util.Locale"", ""method"": ""readResolve""}"
149029,reflection,Method.invoke,"{""class"": ""java.util.Locale"", ""method"": ""readObject""}"
149033,reflection,Method.invoke,"{""class"": ""java.util.Locale"", ""method"": ""readResolve""}"
149038,reflection,Method.invoke,"{""class"": ""java.util.Locale"", ""method"": ""readObject""}"
149043,reflection,Method.invoke,"{""class"": ""java.util.Locale"", ""method"": ""readResolve""}"
149048,reflection,Method.invoke,"{""class"": ""java.util.Locale"", ""method"": ""readObject""}"
149052,reflection,Method.invoke,"{""class"": ""java.util.Locale"", ""method"": ""readResolve""}"
149057,reflection,Method.invoke,"{""class"": ""java.util.Locale"", ""method"": ""readObject""}"
149062,reflection,Method.invoke,"{""class"": ""java.util.Locale"", ""method"": ""readResolve""}"
149067,reflection,Method.invoke,"{""class"": ""java.util.Locale"", ""method"": ""readObject""}"
149072,reflection,Method.invoke,"{""class"": ""java.util.Locale"", ""method"": ""readResolve""}"
149077,reflection,Method.invoke,"{""class"": ""java.util.Locale"", ""method"": ""readObject""}"
149082,reflection,Method.invoke,"{""class"": ""java.util.Locale"", ""method"": ""readResolve""}"
149087,reflection,Method.invoke,"{""class"": ""java.util.Locale"", ""method"": ""readObject""}"
149092,reflection,Method.invoke,"{""class"": ""java.util.Locale"", ""method"": ""readResolve""}"
149097,reflection,Method.invoke,"{""class"": ""java.util.Locale"", ""method"": ""readObject""}"
149102,reflection,Method.invoke,"{""class"": ""java.util.Locale"", ""method"": ""readResolve""}"
149106,reflection,Method.invoke,"{""class"": ""java.util.Locale"", ""method"": ""readObject""}"
149111,reflection,Method.invoke,"{""class"": ""java.util.Locale"", ""method"": ""readResolve""}"
149116,reflection,Method.invoke,"{""class"": ""java.util.Locale"", ""method"": ""readObject""}"
149120,reflection,Method.invoke,"{""class"": ""java.util.Locale"", ""method"": ""readResolve""}"
149126,reflection,Method.invoke,"{""class"": ""java.util.Locale"", ""method"": ""readObject""}"
149130,reflection,Method.invoke,"{""class"": ""java.util.Locale"", ""method"": ""readResolve""}"
149136,reflection,Method.invoke,"{""class"": ""java.util.Locale"", ""method"": ""readObject""}"
149140,reflection,Method.invoke,"{""class"": ""java.util.Locale"", ""method"": ""readResolve""}"
149145,reflection,Method.invoke,"{""class"": ""java.util.Locale"", ""method"": ""readObject""}"
149149,reflection,Method.invoke,"{""class"": ""java.util.Locale"", ""method"": ""readResolve""}"
149154,reflection,Method.invoke,"{""class"": ""java.util.Locale"", ""method"": ""readObject""}"
149159,reflection,Method.invoke,"{""class"": ""java.util.Locale"", ""method"": ""readResolve""}"
149164,reflection,Method.invoke,"{""class"": ""java.util.Locale"", ""method"": ""readObject""}"
149169,reflection,Method.invoke,"{""class"": ""java.util.Locale"", ""method"": ""readResolve""}"
149174,reflection,Method.invoke,"{""class"": ""java.util.Locale"", ""method"": ""readObject""}"
149178,reflection,Method.invoke,"{""class"": ""java.util.Locale"", ""method"": ""readResolve""}"
149183,reflection,Method.invoke,"{""class"": ""java.util.Locale"", ""method"": ""readObject""}"
149187,reflection,Method.invoke,"{""class"": ""java.util.Locale"", ""method"": ""readResolve""}"
149192,reflection,Method.invoke,"{""class"": ""java.util.Locale"", ""method"": ""readObject""}"
149197,reflection,Method.invoke,"{""class"": ""java.util.Locale"", ""method"": ""readResolve""}"
149202,reflection,Method.invoke,"{""class"": ""java.util.Locale"", ""method"": ""readObject""}"
149206,reflection,Method.invoke,"{""class"": ""java.util.Locale"", ""method"": ""readResolve""}"
149211,reflection,Method.invoke,"{""class"": ""java.util.Locale"", ""method"": ""readObject""}"
149215,reflection,Method.invoke,"{""class"": ""java.util.Locale"", ""method"": ""readResolve""}"
149220,reflection,Method.invoke,"{""class"": ""java.util.Locale"", ""method"": ""readObject""}"
149224,reflection,Method.invoke,"{""class"": ""java.util.Locale"", ""method"": ""readResolve""}"
149229,reflection,Method.invoke,"{""class"": ""java.util.Locale"", ""method"": ""readObject""}"
149234,reflection,Method.invoke,"{""class"": ""java.util.Locale"", ""method"": ""readResolve""}"
149239,reflection,Method.invoke,"{""class"": ""java.util.Locale"", ""method"": ""readObject""}"
149244,reflection,Method.invoke,"{""class"": ""java.util.Locale"", ""method"": ""readResolve""}"
149248,reflection,Method.invoke,"{""class"": ""java.util.Locale"", ""method"": ""readObject""}"
149255,reflection,Method.invoke,"{""class"": ""java.util.Locale"", ""method"": ""readResolve""}"
149260,reflection,Method.invoke,"{""class"": ""java.util.Locale"", ""method"": ""readObject""}"
149265,reflection,Method.invoke,"{""class"": ""java.util.Locale"", ""method"": ""readResolve""}"
149269,reflection,Method.invoke,"{""class"": ""java.util.Locale"", ""method"": ""readObject""}"
149274,reflection,Method.invoke,"{""class"": ""java.util.Locale"", ""method"": ""readResolve""}"
149279,reflection,Method.invoke,"{""class"": ""java.util.Locale"", ""method"": ""readObject""}"
149284,reflection,Method.invoke,"{""class"": ""java.util.Locale"", ""method"": ""readResolve""}"
149289,reflection,Method.invoke,"{""class"": ""java.util.Locale"", ""method"": ""readObject""}"
149294,reflection,Method.invoke,"{""class"": ""java.util.Locale"", ""method"": ""readResolve""}"
149299,reflection,Method.invoke,"{""class"": ""java.util.Locale"", ""method"": ""readObject""}"
149304,reflection,Method.invoke,"{""class"": ""java.util.Locale"", ""method"": ""readResolve""}"
149309,reflection,Method.invoke,"{""class"": ""java.util.Locale"", ""method"": ""readObject""}"
149313,reflection,Method.invoke,"{""class"": ""java.util.Locale"", ""method"": ""readResolve""}"
149318,reflection,Method.invoke,"{""class"": ""java.util.Locale"", ""method"": ""readObject""}"
149322,reflection,Method.invoke,"{""class"": ""java.util.Locale"", ""method"": ""readResolve""}"
149327,reflection,Method.invoke,"{""class"": ""java.util.Locale"", ""method"": ""readObject""}"
149332,reflection,Method.invoke,"{""class"": ""java.util.Locale"", ""method"": ""readResolve""}"
149337,reflection,Method.invoke,"{""class"": ""java.util.Locale"", ""method"": ""readObject""}"
149342,reflection,Method.invoke,"{""class"": ""java.util.Locale"", ""method"": ""readResolve""}"
149347,reflection,Method.invoke,"{""class"": ""java.util.Locale"", ""method"": ""readObject""}"
149352,reflection,Method.invoke,"{""class"": ""java.util.Locale"", ""method"": ""readResolve""}"
149358,reflection,Method.invoke,"{""class"": ""java.util.Locale"", ""method"": ""readObject""}"
149363,reflection,Method.invoke,"{""class"": ""java.util.Locale"", ""method"": ""readResolve""}"
149370,reflection,Method.invoke,"{""class"": ""java.util.Locale"", ""method"": ""readObject""}"
149374,reflection,Method.invoke,"{""class"": ""java.util.Locale"", ""method"": ""readResolve""}"
149379,reflection,Method.invoke,"{""class"": ""java.util.Locale"", ""method"": ""readObject""}"
149384,reflection,Method.invoke,"{""class"": ""java.util.Locale"", ""method"": ""readResolve""}"
149389,reflection,Method.invoke,"{""class"": ""java.util.Locale"", ""method"": ""readObject""}"
149394,reflection,Method.invoke,"{""class"": ""java.util.Locale"", ""method"": ""readResolve""}"
149400,reflection,Method.invoke,"{""class"": ""java.util.Locale"", ""method"": ""readObject""}"
149404,reflection,Method.invoke,"{""class"": ""java.util.Locale"", ""method"": ""readResolve""}"
149409,reflection,Method.invoke,"{""class"": ""java.util.Locale"", ""method"": ""readObject""}"
149415,reflection,Method.invoke,"{""class"": ""java.util.Locale"", ""method"": ""readResolve""}"
149420,reflection,Method.invoke,"{""class"": ""java.util.Locale"", ""method"": ""readObject""}"
149424,reflection,Method.invoke,"{""class"": ""java.util.Locale"", ""method"": ""readResolve""}"
149429,reflection,Method.invoke,"{""class"": ""java.util.Locale"", ""method"": ""readObject""}"
149435,reflection,Method.invoke,"{""class"": ""java.util.Locale"", ""method"": ""readResolve""}"
149440,reflection,Method.invoke,"{""class"": ""java.util.Locale"", ""method"": ""readObject""}"
149444,reflection,Method.invoke,"{""class"": ""java.util.Locale"", ""method"": ""readResolve""}"
149450,reflection,Method.invoke,"{""class"": ""java.util.Locale"", ""method"": ""readObject""}"
149454,reflection,Method.invoke,"{""class"": ""java.util.Locale"", ""method"": ""readResolve""}"
149459,reflection,Method.invoke,"{""class"": ""java.util.Locale"", ""method"": ""readObject""}"
149463,reflection,Method.invoke,"{""class"": ""java.util.Locale"", ""method"": ""readResolve""}"
149468,reflection,Method.invoke,"{""class"": ""java.util.Locale"", ""method"": ""readObject""}"
149473,reflection,Method.invoke,"{""class"": ""java.util.Locale"", ""method"": ""readResolve""}"
149478,reflection,Method.invoke,"{""class"": ""java.util.Locale"", ""method"": ""readObject""}"
149483,reflection,Method.invoke,"{""class"": ""java.util.Locale"", ""method"": ""readResolve""}"
149487,reflection,Method.invoke,"{""class"": ""java.util.Locale"", ""method"": ""readObject""}"
149492,reflection,Method.invoke,"{""class"": ""java.util.Locale"", ""method"": ""readResolve""}"
149497,reflection,Method.invoke,"{""class"": ""java.util.Locale"", ""method"": ""readObject""}"
149501,reflection,Method.invoke,"{""class"": ""java.util.Locale"", ""method"": ""readResolve""}"
149507,reflection,Method.invoke,"{""class"": ""java.util.Locale"", ""method"": ""readObject""}"
149512,reflection,Method.invoke,"{""class"": ""java.util.Locale"", ""method"": ""readResolve""}"
149517,reflection,Method.invoke,"{""class"": ""java.util.Locale"", ""method"": ""readObject""}"
149521,reflection,Method.invoke,"{""class"": ""java.util.Locale"", ""method"": ""readResolve""}"
149526,reflection,Method.invoke,"{""class"": ""java.util.Locale"", ""method"": ""readObject""}"
149531,reflection,Method.invoke,"{""class"": ""java.util.Locale"", ""method"": ""readResolve""}"
149536,reflection,Method.invoke,"{""class"": ""java.util.Locale"", ""method"": ""readObject""}"
149541,reflection,Method.invoke,"{""class"": ""java.util.Locale"", ""method"": ""readResolve""}"
149545,reflection,Method.invoke,"{""class"": ""java.util.Locale"", ""method"": ""readObject""}"
149550,reflection,Method.invoke,"{""class"": ""java.util.Locale"", ""method"": ""readResolve""}"
149555,reflection,Method.invoke,"{""class"": ""java.util.Locale"", ""method"": ""readObject""}"
149560,reflection,Method.invoke,"{""class"": ""java.util.Locale"", ""method"": ""readResolve""}"
149564,reflection,Method.invoke,"{""class"": ""java.util.Locale"", ""method"": ""readObject""}"
149569,reflection,Method.invoke,"{""class"": ""java.util.Locale"", ""method"": ""readResolve""}"
149574,reflection,Method.invoke,"{""class"": ""java.util.Locale"", ""method"": ""readObject""}"
149579,reflection,Method.invoke,"{""class"": ""java.util.Locale"", ""method"": ""readResolve""}"
149585,reflection,Method.invoke,"{""class"": ""java.util.Locale"", ""method"": ""readObject""}"
149590,reflection,Method.invoke,"{""class"": ""java.util.Locale"", ""method"": ""readResolve""}"
149595,reflection,Method.invoke,"{""class"": ""java.util.Locale"", ""method"": ""readObject""}"
149599,reflection,Method.invoke,"{""class"": ""java.util.Locale"", ""method"": ""readResolve""}"
149604,reflection,Method.invoke,"{""class"": ""java.util.Locale"", ""method"": ""readObject""}"
149608,reflection,Method.invoke,"{""class"": ""java.util.Locale"", ""method"": ""readResolve""}"
149614,reflection,Method.invoke,"{""class"": ""java.util.Locale"", ""method"": ""readObject""}"
149618,reflection,Method.invoke,"{""class"": ""java.util.Locale"", ""method"": ""readResolve""}"
149624,reflection,Method.invoke,"{""class"": ""java.util.Locale"", ""method"": ""readObject""}"
149628,reflection,Method.invoke,"{""class"": ""java.util.Locale"", ""method"": ""readResolve""}"
149634,reflection,Method.invoke,"{""class"": ""java.util.Locale"", ""method"": ""readObject""}"
149638,reflection,Method.invoke,"{""class"": ""java.util.Locale"", ""method"": ""readResolve""}"
149643,reflection,Method.invoke,"{""class"": ""java.util.Locale"", ""method"": ""readObject""}"
149648,reflection,Method.invoke,"{""class"": ""java.util.Locale"", ""method"": ""readResolve""}"
149653,reflection,Method.invoke,"{""class"": ""java.util.Locale"", ""method"": ""readObject""}"
149657,reflection,Method.invoke,"{""class"": ""java.util.Locale"", ""method"": ""readResolve""}"
149663,reflection,Method.invoke,"{""class"": ""java.util.Locale"", ""method"": ""readObject""}"
149667,reflection,Method.invoke,"{""class"": ""java.util.Locale"", ""method"": ""readResolve""}"
149672,reflection,Method.invoke,"{""class"": ""java.util.Locale"", ""method"": ""readObject""}"
149677,reflection,Method.invoke,"{""class"": ""java.util.Locale"", ""method"": ""readResolve""}"
149682,reflection,Method.invoke,"{""class"": ""java.util.Locale"", ""method"": ""readObject""}"
149686,reflection,Method.invoke,"{""class"": ""java.util.Locale"", ""method"": ""readResolve""}"
149691,reflection,Method.invoke,"{""class"": ""java.util.Locale"", ""method"": ""readObject""}"
149696,reflection,Method.invoke,"{""class"": ""java.util.Locale"", ""method"": ""readResolve""}"
149702,reflection,Method.invoke,"{""class"": ""java.util.Locale"", ""method"": ""readObject""}"
149706,reflection,Method.invoke,"{""class"": ""java.util.Locale"", ""method"": ""readResolve""}"
149712,reflection,Method.invoke,"{""class"": ""java.util.Locale"", ""method"": ""readObject""}"
149717,reflection,Method.invoke,"{""class"": ""java.util.Locale"", ""method"": ""readResolve""}"
149722,reflection,Method.invoke,"{""class"": ""java.util.Locale"", ""method"": ""readObject""}"
149726,reflection,Method.invoke,"{""class"": ""java.util.Locale"", ""method"": ""readResolve""}"
149731,reflection,Method.invoke,"{""class"": ""java.util.Locale"", ""method"": ""readObject""}"
149735,reflection,Method.invoke,"{""class"": ""java.util.Locale"", ""method"": ""readResolve""}"
149740,reflection,Method.invoke,"{""class"": ""java.util.Locale"", ""method"": ""readObject""}"
149744,reflection,Method.invoke,"{""class"": ""java.util.Locale"", ""method"": ""readResolve""}"
149749,reflection,Method.invoke,"{""class"": ""java.util.Locale"", ""method"": ""readObject""}"
149754,reflection,Method.invoke,"{""class"": ""java.util.Locale"", ""method"": ""readResolve""}"
149758,reflection,Method.invoke,"{""class"": ""java.util.Locale"", ""method"": ""readObject""}"
149763,reflection,Method.invoke,"{""class"": ""java.util.Locale"", ""method"": ""readResolve""}"
149768,reflection,Method.invoke,"{""class"": ""java.util.Locale"", ""method"": ""readObject""}"
149773,reflection,Method.invoke,"{""class"": ""java.util.Locale"", ""method"": ""readResolve""}"
149777,reflection,Method.invoke,"{""class"": ""java.util.Locale"", ""method"": ""readObject""}"
149782,reflection,Method.invoke,"{""class"": ""java.util.Locale"", ""method"": ""readResolve""}"
149787,reflection,Method.invoke,"{""class"": ""java.util.Locale"", ""method"": ""readObject""}"
149791,reflection,Method.invoke,"{""class"": ""java.util.Locale"", ""method"": ""readResolve""}"
149796,reflection,Method.invoke,"{""class"": ""java.util.Locale"", ""method"": ""readObject""}"
149800,reflection,Method.invoke,"{""class"": ""java.util.Locale"", ""method"": ""readResolve""}"
149805,reflection,Method.invoke,"{""class"": ""java.util.Locale"", ""method"": ""readObject""}"
149810,reflection,Method.invoke,"{""class"": ""java.util.Locale"", ""method"": ""readResolve""}"
149815,reflection,Method.invoke,"{""class"": ""java.util.Locale"", ""method"": ""readObject""}"
149819,reflection,Method.invoke,"{""class"": ""java.util.Locale"", ""method"": ""readResolve""}"
149824,reflection,Method.invoke,"{""class"": ""java.util.Locale"", ""method"": ""readObject""}"
149828,reflection,Method.invoke,"{""class"": ""java.util.Locale"", ""method"": ""readResolve""}"
149834,reflection,Method.invoke,"{""class"": ""java.util.Locale"", ""method"": ""readObject""}"
149838,reflection,Method.invoke,"{""class"": ""java.util.Locale"", ""method"": ""readResolve""}"
149843,reflection,Method.invoke,"{""class"": ""java.util.Locale"", ""method"": ""readObject""}"
149848,reflection,Method.invoke,"{""class"": ""java.util.Locale"", ""method"": ""readResolve""}"
149853,reflection,Method.invoke,"{""class"": ""java.util.Locale"", ""method"": ""readObject""}"
149858,reflection,Method.invoke,"{""class"": ""java.util.Locale"", ""method"": ""readResolve""}"
149862,reflection,Method.invoke,"{""class"": ""java.util.Locale"", ""method"": ""readObject""}"
149867,reflection,Method.invoke,"{""class"": ""java.util.Locale"", ""method"": ""readResolve""}"
149872,reflection,Method.invoke,"{""class"": ""java.util.Locale"", ""method"": ""readObject""}"
149877,reflection,Method.invoke,"{""class"": ""java.util.Locale"", ""method"": ""readResolve""}"
149882,reflection,Method.invoke,"{""class"": ""java.util.Locale"", ""method"": ""readObject""}"
149887,reflection,Method.invoke,"{""class"": ""java.util.Locale"", ""method"": ""readResolve""}"
149892,reflection,Method.invoke,"{""class"": ""java.util.Locale"", ""method"": ""readObject""}"
149896,reflection,Method.invoke,"{""class"": ""java.util.Locale"", ""method"": ""readResolve""}"
149901,reflection,Method.invoke,"{""class"": ""java.util.Locale"", ""method"": ""readObject""}"
149906,reflection,Method.invoke,"{""class"": ""java.util.Locale"", ""method"": ""readResolve""}"
149911,reflection,Method.invoke,"{""class"": ""java.util.Locale"", ""method"": ""readObject""}"
149916,reflection,Method.invoke,"{""class"": ""java.util.Locale"", ""method"": ""readResolve""}"
149921,reflection,Method.invoke,"{""class"": ""java.util.Locale"", ""method"": ""readObject""}"
149926,reflection,Method.invoke,"{""class"": ""java.util.Locale"", ""method"": ""readResolve""}"
149930,reflection,Method.invoke,"{""class"": ""java.util.Locale"", ""method"": ""readObject""}"
149935,reflection,Method.invoke,"{""class"": ""java.util.Locale"", ""method"": ""readResolve""}"
149940,reflection,Method.invoke,"{""class"": ""java.util.Locale"", ""method"": ""readObject""}"
149944,reflection,Method.invoke,"{""class"": ""java.util.Locale"", ""method"": ""readResolve""}"
149949,reflection,Method.invoke,"{""class"": ""java.util.Locale"", ""method"": ""readObject""}"
149954,reflection,Method.invoke,"{""class"": ""java.util.Locale"", ""method"": ""readResolve""}"
149958,reflection,Method.invoke,"{""class"": ""java.util.Locale"", ""method"": ""readObject""}"
149963,reflection,Method.invoke,"{""class"": ""java.util.Locale"", ""method"": ""readResolve""}"
149968,reflection,Method.invoke,"{""class"": ""java.util.Locale"", ""method"": ""readObject""}"
149973,reflection,Method.invoke,"{""class"": ""java.util.Locale"", ""method"": ""readResolve""}"
149978,reflection,Method.invoke,"{""class"": ""java.util.Locale"", ""method"": ""readObject""}"
149983,reflection,Method.invoke,"{""class"": ""java.util.Locale"", ""method"": ""readResolve""}"
149988,reflection,Method.invoke,"{""class"": ""java.util.Locale"", ""method"": ""readObject""}"
149993,reflection,Method.invoke,"{""class"": ""java.util.Locale"", ""method"": ""readResolve""}"
149998,reflection,Method.invoke,"{""class"": ""java.util.Locale"", ""method"": ""readObject""}"
150003,reflection,Method.invoke,"{""class"": ""java.util.Locale"", ""method"": ""readResolve""}"
150008,reflection,Method.invoke,"{""class"": ""java.util.Locale"", ""method"": ""readObject""}"
150012,reflection,Method.invoke,"{""class"": ""java.util.Locale"", ""method"": ""readResolve""}"
150016,reflection,Method.invoke,"{""class"": ""java.util.Locale"", ""method"": ""readObject""}"
150021,reflection,Method.invoke,"{""class"": ""java.util.Locale"", ""method"": ""readResolve""}"
150026,reflection,Method.invoke,"{""class"": ""java.util.Locale"", ""method"": ""readObject""}"
150031,reflection,Method.invoke,"{""class"": ""java.util.Locale"", ""method"": ""readResolve""}"
150036,reflection,Method.invoke,"{""class"": ""java.util.Locale"", ""method"": ""readObject""}"
150040,reflection,Method.invoke,"{""class"": ""java.util.Locale"", ""method"": ""readResolve""}"
150045,reflection,Method.invoke,"{""class"": ""java.util.Locale"", ""method"": ""readObject""}"
150049,reflection,Method.invoke,"{""class"": ""java.util.Locale"", ""method"": ""readResolve""}"
150054,reflection,Method.invoke,"{""class"": ""java.util.Locale"", ""method"": ""readObject""}"
150058,reflection,Method.invoke,"{""class"": ""java.util.Locale"", ""method"": ""readResolve""}"
150063,reflection,Method.invoke,"{""class"": ""java.util.Locale"", ""method"": ""readObject""}"
150067,reflection,Method.invoke,"{""class"": ""java.util.Locale"", ""method"": ""readResolve""}"
150072,reflection,Method.invoke,"{""class"": ""java.util.Locale"", ""method"": ""readObject""}"
150077,reflection,Method.invoke,"{""class"": ""java.util.Locale"", ""method"": ""readResolve""}"
150081,reflection,Method.invoke,"{""class"": ""java.util.Locale"", ""method"": ""readObject""}"
150086,reflection,Method.invoke,"{""class"": ""java.util.Locale"", ""method"": ""readResolve""}"
150091,reflection,Method.invoke,"{""class"": ""java.util.Locale"", ""method"": ""readObject""}"
150095,reflection,Method.invoke,"{""class"": ""java.util.Locale"", ""method"": ""readResolve""}"
150101,reflection,Method.invoke,"{""class"": ""java.util.Locale"", ""method"": ""readObject""}"
150105,reflection,Method.invoke,"{""class"": ""java.util.Locale"", ""method"": ""readResolve""}"
150110,reflection,Method.invoke,"{""class"": ""java.util.Locale"", ""method"": ""readObject""}"
150114,reflection,Method.invoke,"{""class"": ""java.util.Locale"", ""method"": ""readResolve""}"
150120,reflection,Method.invoke,"{""class"": ""java.util.Locale"", ""method"": ""readObject""}"
150125,reflection,Method.invoke,"{""class"": ""java.util.Locale"", ""method"": ""readResolve""}"
150130,reflection,Method.invoke,"{""class"": ""java.util.Locale"", ""method"": ""readObject""}"
150134,reflection,Method.invoke,"{""class"": ""java.util.Locale"", ""method"": ""readResolve""}"
150148,reflection,Method.invoke,"{""class"": ""java.util.Locale"", ""method"": ""readObject""}"
150152,reflection,Method.invoke,"{""class"": ""java.util.Locale"", ""method"": ""readResolve""}"
150158,reflection,Method.invoke,"{""class"": ""java.util.Locale"", ""method"": ""readObject""}"
150162,reflection,Method.invoke,"{""class"": ""java.util.Locale"", ""method"": ""readResolve""}"
150167,reflection,Method.invoke,"{""class"": ""java.util.Locale"", ""method"": ""readObject""}"
150171,reflection,Method.invoke,"{""class"": ""java.util.Locale"", ""method"": ""readResolve""}"
150177,reflection,Method.invoke,"{""class"": ""java.util.Locale"", ""method"": ""readObject""}"
150181,reflection,Method.invoke,"{""class"": ""java.util.Locale"", ""method"": ""readResolve""}"
150187,reflection,Method.invoke,"{""class"": ""java.util.Locale"", ""method"": ""readObject""}"
150191,reflection,Method.invoke,"{""class"": ""java.util.Locale"", ""method"": ""readResolve""}"
150196,reflection,Method.invoke,"{""class"": ""java.util.Locale"", ""method"": ""readObject""}"
150200,reflection,Method.invoke,"{""class"": ""java.util.Locale"", ""method"": ""readResolve""}"
150206,reflection,Method.invoke,"{""class"": ""java.util.Locale"", ""method"": ""readObject""}"
150210,reflection,Method.invoke,"{""class"": ""java.util.Locale"", ""method"": ""readResolve""}"
150215,reflection,Method.invoke,"{""class"": ""java.util.Locale"", ""method"": ""readObject""}"
150219,reflection,Method.invoke,"{""class"": ""java.util.Locale"", ""method"": ""readResolve""}"
150224,reflection,Method.invoke,"{""class"": ""java.util.Locale"", ""method"": ""readObject""}"
150228,reflection,Method.invoke,"{""class"": ""java.util.Locale"", ""method"": ""readResolve""}"
150233,reflection,Method.invoke,"{""class"": ""java.util.Locale"", ""method"": ""readObject""}"
150238,reflection,Method.invoke,"{""class"": ""java.util.Locale"", ""method"": ""readResolve""}"
150243,reflection,Method.invoke,"{""class"": ""java.util.Locale"", ""method"": ""readObject""}"
150247,reflection,Method.invoke,"{""class"": ""java.util.Locale"", ""method"": ""readResolve""}"
150253,reflection,Method.invoke,"{""class"": ""java.util.Locale"", ""method"": ""readObject""}"
150257,reflection,Method.invoke,"{""class"": ""java.util.Locale"", ""method"": ""readResolve""}"
150262,reflection,Method.invoke,"{""class"": ""java.util.Locale"", ""method"": ""readObject""}"
150267,reflection,Method.invoke,"{""class"": ""java.util.Locale"", ""method"": ""readResolve""}"
150271,reflection,Method.invoke,"{""class"": ""java.util.Locale"", ""method"": ""readObject""}"
150276,reflection,Method.invoke,"{""class"": ""java.util.Locale"", ""method"": ""readResolve""}"
150282,reflection,Method.invoke,"{""class"": ""java.util.Locale"", ""method"": ""readObject""}"
150286,reflection,Method.invoke,"{""class"": ""java.util.Locale"", ""method"": ""readResolve""}"
150291,reflection,Method.invoke,"{""class"": ""java.util.Locale"", ""method"": ""readObject""}"
150296,reflection,Method.invoke,"{""class"": ""java.util.Locale"", ""method"": ""readResolve""}"
150301,reflection,Method.invoke,"{""class"": ""java.util.Locale"", ""method"": ""readObject""}"
150305,reflection,Method.invoke,"{""class"": ""java.util.Locale"", ""method"": ""readResolve""}"
150310,reflection,Method.invoke,"{""class"": ""java.util.Locale"", ""method"": ""readObject""}"
150315,reflection,Method.invoke,"{""class"": ""java.util.Locale"", ""method"": ""readResolve""}"
150320,reflection,Method.invoke,"{""class"": ""java.util.Locale"", ""method"": ""readObject""}"
150325,reflection,Method.invoke,"{""class"": ""java.util.Locale"", ""method"": ""readResolve""}"
150330,reflection,Method.invoke,"{""class"": ""java.util.Locale"", ""method"": ""readObject""}"
150336,reflection,Method.invoke,"{""class"": ""java.util.Locale"", ""method"": ""readResolve""}"
150341,reflection,Method.invoke,"{""class"": ""java.util.Locale"", ""method"": ""readObject""}"
150346,reflection,Method.invoke,"{""class"": ""java.util.Locale"", ""method"": ""readResolve""}"
150352,reflection,Method.invoke,"{""class"": ""java.util.Locale"", ""method"": ""readObject""}"
150356,reflection,Method.invoke,"{""class"": ""java.util.Locale"", ""method"": ""readResolve""}"
150361,reflection,Method.invoke,"{""class"": ""java.util.Locale"", ""method"": ""readObject""}"
150366,reflection,Method.invoke,"{""class"": ""java.util.Locale"", ""method"": ""readResolve""}"
150373,reflection,Method.invoke,"{""class"": ""java.util.Locale"", ""method"": ""readObject""}"
150377,reflection,Method.invoke,"{""class"": ""java.util.Locale"", ""method"": ""readResolve""}"
150383,reflection,Method.invoke,"{""class"": ""java.util.Locale"", ""method"": ""readObject""}"
150387,reflection,Method.invoke,"{""class"": ""java.util.Locale"", ""method"": ""readResolve""}"
150392,reflection,Method.invoke,"{""class"": ""java.util.Locale"", ""method"": ""readObject""}"
150396,reflection,Method.invoke,"{""class"": ""java.util.Locale"", ""method"": ""readResolve""}"
150401,reflection,Method.invoke,"{""class"": ""java.util.Locale"", ""method"": ""readObject""}"
150406,reflection,Method.invoke,"{""class"": ""java.util.Locale"", ""method"": ""readResolve""}"
150411,reflection,Method.invoke,"{""class"": ""java.util.Locale"", ""method"": ""readObject""}"
150416,reflection,Method.invoke,"{""class"": ""java.util.Locale"", ""method"": ""readResolve""}"
150420,reflection,Method.invoke,"{""class"": ""java.util.Locale"", ""method"": ""readObject""}"
150425,reflection,Method.invoke,"{""class"": ""java.util.Locale"", ""method"": ""readResolve""}"
150431,reflection,Method.invoke,"{""class"": ""java.util.Locale"", ""method"": ""readObject""}"
150435,reflection,Method.invoke,"{""class"": ""java.util.Locale"", ""method"": ""readResolve""}"
150440,reflection,Method.invoke,"{""class"": ""java.util.Locale"", ""method"": ""readObject""}"
150445,reflection,Method.invoke,"{""class"": ""java.util.Locale"", ""method"": ""readResolve""}"
150450,reflection,Method.invoke,"{""class"": ""java.util.Locale"", ""method"": ""readObject""}"
150454,reflection,Method.invoke,"{""class"": ""java.util.Locale"", ""method"": ""readResolve""}"
150458,reflection,Method.invoke,"{""class"": ""java.util.Locale"", ""method"": ""readObject""}"
150464,reflection,Method.invoke,"{""class"": ""java.util.Locale"", ""method"": ""readResolve""}"
150468,reflection,Method.invoke,"{""class"": ""java.util.Locale"", ""method"": ""readObject""}"
150472,reflection,Method.invoke,"{""class"": ""java.util.Locale"", ""method"": ""readResolve""}"
150477,reflection,Method.invoke,"{""class"": ""java.util.Locale"", ""method"": ""readObject""}"
150482,reflection,Method.invoke,"{""class"": ""java.util.Locale"", ""method"": ""readResolve""}"
150487,reflection,Method.invoke,"{""class"": ""java.util.Locale"", ""method"": ""readObject""}"
150491,reflection,Method.invoke,"{""class"": ""java.util.Locale"", ""method"": ""readResolve""}"
150497,reflection,Method.invoke,"{""class"": ""java.util.Locale"", ""method"": ""readObject""}"
150501,reflection,Method.invoke,"{""class"": ""java.util.Locale"", ""method"": ""readResolve""}"
150506,reflection,Method.invoke,"{""class"": ""java.util.Locale"", ""method"": ""readObject""}"
150511,reflection,Method.invoke,"{""class"": ""java.util.Locale"", ""method"": ""readResolve""}"
150516,reflection,Method.invoke,"{""class"": ""java.util.Locale"", ""method"": ""readObject""}"
150520,reflection,Method.invoke,"{""class"": ""java.util.Locale"", ""method"": ""readResolve""}"
150526,reflection,Method.invoke,"{""class"": ""java.util.Locale"", ""method"": ""readObject""}"
150530,reflection,Method.invoke,"{""class"": ""java.util.Locale"", ""method"": ""readResolve""}"
150535,reflection,Method.invoke,"{""class"": ""java.util.Locale"", ""method"": ""readObject""}"
150540,reflection,Method.invoke,"{""class"": ""java.util.Locale"", ""method"": ""readResolve""}"
150545,reflection,Method.invoke,"{""class"": ""java.util.Locale"", ""method"": ""readObject""}"
150550,reflection,Method.invoke,"{""class"": ""java.util.Locale"", ""method"": ""readResolve""}"
150555,reflection,Method.invoke,"{""class"": ""java.util.Locale"", ""method"": ""readObject""}"
150559,reflection,Method.invoke,"{""class"": ""java.util.Locale"", ""method"": ""readResolve""}"
150565,reflection,Method.invoke,"{""class"": ""java.util.Locale"", ""method"": ""readObject""}"
150569,reflection,Method.invoke,"{""class"": ""java.util.Locale"", ""method"": ""readResolve""}"
150574,reflection,Method.invoke,"{""class"": ""java.util.Locale"", ""method"": ""readObject""}"
150579,reflection,Method.invoke,"{""class"": ""java.util.Locale"", ""method"": ""readResolve""}"
150584,reflection,Method.invoke,"{""class"": ""java.util.Locale"", ""method"": ""readObject""}"
150588,reflection,Method.invoke,"{""class"": ""java.util.Locale"", ""method"": ""readResolve""}"
150592,reflection,Method.invoke,"{""class"": ""java.util.Locale"", ""method"": ""readObject""}"
150597,reflection,Method.invoke,"{""class"": ""java.util.Locale"", ""method"": ""readResolve""}"
150602,reflection,Method.invoke,"{""class"": ""java.util.Locale"", ""method"": ""readObject""}"
150607,reflection,Method.invoke,"{""class"": ""java.util.Locale"", ""method"": ""readResolve""}"
150611,reflection,Method.invoke,"{""class"": ""java.util.Locale"", ""method"": ""readObject""}"
150616,reflection,Method.invoke,"{""class"": ""java.util.Locale"", ""method"": ""readResolve""}"
150621,reflection,Method.invoke,"{""class"": ""java.util.Locale"", ""method"": ""readObject""}"
150626,reflection,Method.invoke,"{""class"": ""java.util.Locale"", ""method"": ""readResolve""}"
150632,reflection,Method.invoke,"{""class"": ""java.util.Locale"", ""method"": ""readObject""}"
150637,reflection,Method.invoke,"{""class"": ""java.util.Locale"", ""method"": ""readResolve""}"
150642,reflection,Method.invoke,"{""class"": ""java.util.Locale"", ""method"": ""readObject""}"
150646,reflection,Method.invoke,"{""class"": ""java.util.Locale"", ""method"": ""readResolve""}"
150651,reflection,Method.invoke,"{""class"": ""java.util.Locale"", ""method"": ""readObject""}"
150656,reflection,Method.invoke,"{""class"": ""java.util.Locale"", ""method"": ""readResolve""}"
150660,reflection,Method.invoke,"{""class"": ""java.util.Locale"", ""method"": ""readObject""}"
150665,reflection,Method.invoke,"{""class"": ""java.util.Locale"", ""method"": ""readResolve""}"
150670,reflection,Method.invoke,"{""class"": ""java.util.Locale"", ""method"": ""readObject""}"
150675,reflection,Method.invoke,"{""class"": ""java.util.Locale"", ""method"": ""readResolve""}"
150679,reflection,Method.invoke,"{""class"": ""java.util.Locale"", ""method"": ""readObject""}"
150684,reflection,Method.invoke,"{""class"": ""java.util.Locale"", ""method"": ""readResolve""}"
150689,reflection,Method.invoke,"{""class"": ""java.util.Locale"", ""method"": ""readObject""}"
150693,reflection,Method.invoke,"{""class"": ""java.util.Locale"", ""method"": ""readResolve""}"
150698,reflection,Method.invoke,"{""class"": ""java.util.Locale"", ""method"": ""readObject""}"
150703,reflection,Method.invoke,"{""class"": ""java.util.Locale"", ""method"": ""readResolve""}"
150708,reflection,Method.invoke,"{""class"": ""java.util.Locale"", ""method"": ""readObject""}"
150712,reflection,Method.invoke,"{""class"": ""java.util.Locale"", ""method"": ""readResolve""}"
150718,reflection,Method.invoke,"{""class"": ""java.util.Locale"", ""method"": ""readObject""}"
150722,reflection,Method.invoke,"{""class"": ""java.util.Locale"", ""method"": ""readResolve""}"
150728,reflection,Method.invoke,"{""class"": ""java.util.Locale"", ""method"": ""readObject""}"
150732,reflection,Method.invoke,"{""class"": ""java.util.Locale"", ""method"": ""readResolve""}"
150737,reflection,Method.invoke,"{""class"": ""java.util.Locale"", ""method"": ""readObject""}"
150741,reflection,Method.invoke,"{""class"": ""java.util.Locale"", ""method"": ""readResolve""}"
150746,reflection,Method.invoke,"{""class"": ""java.util.Locale"", ""method"": ""readObject""}"
150751,reflection,Method.invoke,"{""class"": ""java.util.Locale"", ""method"": ""readResolve""}"
150756,reflection,Method.invoke,"{""class"": ""java.util.Locale"", ""method"": ""readObject""}"
150761,reflection,Method.invoke,"{""class"": ""java.util.Locale"", ""method"": ""readResolve""}"
150766,reflection,Method.invoke,"{""class"": ""java.util.Locale"", ""method"": ""readObject""}"
150770,reflection,Method.invoke,"{""class"": ""java.util.Locale"", ""method"": ""readResolve""}"
150775,reflection,Method.invoke,"{""class"": ""java.util.Locale"", ""method"": ""readObject""}"
150779,reflection,Method.invoke,"{""class"": ""java.util.Locale"", ""method"": ""readResolve""}"
150784,reflection,Method.invoke,"{""class"": ""java.util.Locale"", ""method"": ""readObject""}"
150789,reflection,Method.invoke,"{""class"": ""java.util.Locale"", ""method"": ""readResolve""}"
150794,reflection,Method.invoke,"{""class"": ""java.util.Locale"", ""method"": ""readObject""}"
150798,reflection,Method.invoke,"{""class"": ""java.util.Locale"", ""method"": ""readResolve""}"
150803,reflection,Method.invoke,"{""class"": ""java.util.Locale"", ""method"": ""readObject""}"
150807,reflection,Method.invoke,"{""class"": ""java.util.Locale"", ""method"": ""readResolve""}"
150812,reflection,Method.invoke,"{""class"": ""java.util.Locale"", ""method"": ""readObject""}"
150816,reflection,Method.invoke,"{""class"": ""java.util.Locale"", ""method"": ""readResolve""}"
150821,reflection,Method.invoke,"{""class"": ""java.util.Locale"", ""method"": ""readObject""}"
150825,reflection,Method.invoke,"{""class"": ""java.util.Locale"", ""method"": ""readResolve""}"
150830,reflection,Method.invoke,"{""class"": ""java.util.Locale"", ""method"": ""readObject""}"
150835,reflection,Method.invoke,"{""class"": ""java.util.Locale"", ""method"": ""readResolve""}"
150840,reflection,Method.invoke,"{""class"": ""java.util.Locale"", ""method"": ""readObject""}"
150844,reflection,Method.invoke,"{""class"": ""java.util.Locale"", ""method"": ""readResolve""}"
150849,reflection,Method.invoke,"{""class"": ""java.util.Locale"", ""method"": ""readObject""}"
150853,reflection,Method.invoke,"{""class"": ""java.util.Locale"", ""method"": ""readResolve""}"
150858,reflection,Method.invoke,"{""class"": ""java.util.Locale"", ""method"": ""readObject""}"
150862,reflection,Method.invoke,"{""class"": ""java.util.Locale"", ""method"": ""readResolve""}"
150867,reflection,Method.invoke,"{""class"": ""java.util.Locale"", ""method"": ""readObject""}"
150872,reflection,Method.invoke,"{""class"": ""java.util.Locale"", ""method"": ""readResolve""}"
150876,reflection,Method.invoke,"{""class"": ""java.util.Locale"", ""method"": ""readObject""}"
150881,reflection,Method.invoke,"{""class"": ""java.util.Locale"", ""method"": ""readResolve""}"
150886,reflection,Method.invoke,"{""class"": ""java.util.Locale"", ""method"": ""readObject""}"
150891,reflection,Method.invoke,"{""class"": ""java.util.Locale"", ""method"": ""readResolve""}"
150897,reflection,Method.invoke,"{""class"": ""java.util.Locale"", ""method"": ""readObject""}"
150901,reflection,Method.invoke,"{""class"": ""java.util.Locale"", ""method"": ""readResolve""}"
150906,reflection,Method.invoke,"{""class"": ""java.util.Locale"", ""method"": ""readObject""}"
150911,reflection,Method.invoke,"{""class"": ""java.util.Locale"", ""method"": ""readResolve""}"
150916,reflection,Method.invoke,"{""class"": ""java.util.Locale"", ""method"": ""readObject""}"
150921,reflection,Method.invoke,"{""class"": ""java.util.Locale"", ""method"": ""readResolve""}"
150925,reflection,Method.invoke,"{""class"": ""java.util.Locale"", ""method"": ""readObject""}"
150930,reflection,Method.invoke,"{""class"": ""java.util.Locale"", ""method"": ""readResolve""}"
150935,reflection,Method.invoke,"{""class"": ""java.util.Locale"", ""method"": ""readObject""}"
150939,reflection,Method.invoke,"{""class"": ""java.util.Locale"", ""method"": ""readResolve""}"
150944,reflection,Method.invoke,"{""class"": ""java.util.Locale"", ""method"": ""readObject""}"
150948,reflection,Method.invoke,"{""class"": ""java.util.Locale"", ""method"": ""readResolve""}"
150953,reflection,Method.invoke,"{""class"": ""java.util.Locale"", ""method"": ""readObject""}"
150957,reflection,Method.invoke,"{""class"": ""java.util.Locale"", ""method"": ""readResolve""}"
150963,reflection,Method.invoke,"{""class"": ""java.util.Locale"", ""method"": ""readObject""}"
150967,reflection,Method.invoke,"{""class"": ""java.util.Locale"", ""method"": ""readResolve""}"
150972,reflection,Method.invoke,"{""class"": ""java.util.Locale"", ""method"": ""readObject""}"
150977,reflection,Method.invoke,"{""class"": ""java.util.Locale"", ""method"": ""readResolve""}"
150981,reflection,Method.invoke,"{""class"": ""java.util.Locale"", ""method"": ""readObject""}"
150986,reflection,Method.invoke,"{""class"": ""java.util.Locale"", ""method"": ""readResolve""}"
150991,reflection,Method.invoke,"{""class"": ""java.util.Locale"", ""method"": ""readObject""}"
150995,reflection,Method.invoke,"{""class"": ""java.util.Locale"", ""method"": ""readResolve""}"
151000,reflection,Method.invoke,"{""class"": ""java.util.Locale"", ""method"": ""readObject""}"
151005,reflection,Method.invoke,"{""class"": ""java.util.Locale"", ""method"": ""readResolve""}"
151009,reflection,Method.invoke,"{""class"": ""java.util.Locale"", ""method"": ""readObject""}"
151014,reflection,Method.invoke,"{""class"": ""java.util.Locale"", ""method"": ""readResolve""}"
151018,reflection,Method.invoke,"{""class"": ""java.util.Locale"", ""method"": ""readObject""}"
151023,reflection,Method.invoke,"{""class"": ""java.util.Locale"", ""method"": ""readResolve""}"
151029,reflection,Method.invoke,"{""class"": ""java.util.Locale"", ""method"": ""readObject""}"
151034,reflection,Method.invoke,"{""class"": ""java.util.Locale"", ""method"": ""readResolve""}"
151038,reflection,Method.invoke,"{""class"": ""java.util.Locale"", ""method"": ""readObject""}"
151043,reflection,Method.invoke,"{""class"": ""java.util.Locale"", ""method"": ""readResolve""}"
151048,reflection,Method.invoke,"{""class"": ""java.util.Locale"", ""method"": ""readObject""}"
151053,reflection,Method.invoke,"{""class"": ""java.util.Locale"", ""method"": ""readResolve""}"
151057,reflection,Method.invoke,"{""class"": ""java.util.Locale"", ""method"": ""readObject""}"
151062,reflection,Method.invoke,"{""class"": ""java.util.Locale"", ""method"": ""readResolve""}"
151067,reflection,Method.invoke,"{""class"": ""java.util.Locale"", ""method"": ""readObject""}"
151072,reflection,Method.invoke,"{""class"": ""java.util.Locale"", ""method"": ""readResolve""}"
151076,reflection,Method.invoke,"{""class"": ""java.util.Locale"", ""method"": ""readObject""}"
151081,reflection,Method.invoke,"{""class"": ""java.util.Locale"", ""method"": ""readResolve""}"
151085,reflection,Method.invoke,"{""class"": ""java.util.Locale"", ""method"": ""readObject""}"
151090,reflection,Method.invoke,"{""class"": ""java.util.Locale"", ""method"": ""readResolve""}"
151095,reflection,Method.invoke,"{""class"": ""java.util.Locale"", ""method"": ""readObject""}"
151100,reflection,Method.invoke,"{""class"": ""java.util.Locale"", ""method"": ""readResolve""}"
151104,reflection,Method.invoke,"{""class"": ""java.util.Locale"", ""method"": ""readObject""}"
151109,reflection,Method.invoke,"{""class"": ""java.util.Locale"", ""method"": ""readResolve""}"
151114,reflection,Method.invoke,"{""class"": ""java.util.Locale"", ""method"": ""readObject""}"
151119,reflection,Method.invoke,"{""class"": ""java.util.Locale"", ""method"": ""readResolve""}"
151123,reflection,Method.invoke,"{""class"": ""java.util.Locale"", ""method"": ""readObject""}"
151128,reflection,Method.invoke,"{""class"": ""java.util.Locale"", ""method"": ""readResolve""}"
151133,reflection,Method.invoke,"{""class"": ""java.util.Locale"", ""method"": ""readObject""}"
151137,reflection,Method.invoke,"{""class"": ""java.util.Locale"", ""method"": ""readResolve""}"
151142,reflection,Method.invoke,"{""class"": ""java.util.Locale"", ""method"": ""readObject""}"
151146,reflection,Method.invoke,"{""class"": ""java.util.Locale"", ""method"": ""readResolve""}"
151151,reflection,Method.invoke,"{""class"": ""java.util.Locale"", ""method"": ""readObject""}"
151156,reflection,Method.invoke,"{""class"": ""java.util.Locale"", ""method"": ""readResolve""}"
151161,reflection,Method.invoke,"{""class"": ""java.util.Locale"", ""method"": ""readObject""}"
151165,reflection,Method.invoke,"{""class"": ""java.util.Locale"", ""method"": ""readResolve""}"
151170,reflection,Method.invoke,"{""class"": ""java.util.Locale"", ""method"": ""readObject""}"
151175,reflection,Method.invoke,"{""class"": ""java.util.Locale"", ""method"": ""readResolve""}"
151179,reflection,Method.invoke,"{""class"": ""java.util.Locale"", ""method"": ""readObject""}"
151184,reflection,Method.invoke,"{""class"": ""java.util.Locale"", ""method"": ""readResolve""}"
151189,reflection,Method.invoke,"{""class"": ""java.util.Locale"", ""method"": ""readObject""}"
151194,reflection,Method.invoke,"{""class"": ""java.util.Locale"", ""method"": ""readResolve""}"
151199,reflection,Method.invoke,"{""class"": ""java.util.Locale"", ""method"": ""readObject""}"
151203,reflection,Method.invoke,"{""class"": ""java.util.Locale"", ""method"": ""readResolve""}"
151208,reflection,Method.invoke,"{""class"": ""java.util.Locale"", ""method"": ""readObject""}"
151212,reflection,Method.invoke,"{""class"": ""java.util.Locale"", ""method"": ""readResolve""}"
151221,reflection,Method.invoke,"{""class"": ""java.util.Locale"", ""method"": ""readObject""}"
151226,reflection,Method.invoke,"{""class"": ""java.util.Locale"", ""method"": ""readResolve""}"
151231,reflection,Method.invoke,"{""class"": ""java.util.Locale"", ""method"": ""readObject""}"
151236,reflection,Method.invoke,"{""class"": ""java.util.Locale"", ""method"": ""readResolve""}"
151241,reflection,Method.invoke,"{""class"": ""java.util.Locale"", ""method"": ""readObject""}"
151245,reflection,Method.invoke,"{""class"": ""java.util.Locale"", ""method"": ""readResolve""}"
151250,reflection,Method.invoke,"{""class"": ""java.util.Locale"", ""method"": ""readObject""}"
151254,reflection,Method.invoke,"{""class"": ""java.util.Locale"", ""method"": ""readResolve""}"
151259,reflection,Method.invoke,"{""class"": ""java.util.Locale"", ""method"": ""readObject""}"
151264,reflection,Method.invoke,"{""class"": ""java.util.Locale"", ""method"": ""readResolve""}"
151269,reflection,Method.invoke,"{""class"": ""java.util.Locale"", ""method"": ""readObject""}"
151273,reflection,Method.invoke,"{""class"": ""java.util.Locale"", ""method"": ""readResolve""}"
151278,reflection,Method.invoke,"{""class"": ""java.util.Locale"", ""method"": ""readObject""}"
151282,reflection,Method.invoke,"{""class"": ""java.util.Locale"", ""method"": ""readResolve""}"
151289,reflection,Method.invoke,"{""class"": ""java.util.Locale"", ""method"": ""readObject""}"
151293,reflection,Method.invoke,"{""class"": ""java.util.Locale"", ""method"": ""readResolve""}"
151298,reflection,Method.invoke,"{""class"": ""java.util.Locale"", ""method"": ""readObject""}"
151302,reflection,Method.invoke,"{""class"": ""java.util.Locale"", ""method"": ""readResolve""}"
151308,reflection,Method.invoke,"{""class"": ""java.util.Locale"", ""method"": ""readObject""}"
151312,reflection,Method.invoke,"{""class"": ""java.util.Locale"", ""method"": ""readResolve""}"
151317,reflection,Method.invoke,"{""class"": ""java.util.Locale"", ""method"": ""readObject""}"
151322,reflection,Method.invoke,"{""class"": ""java.util.Locale"", ""method"": ""readResolve""}"
151327,reflection,Method.invoke,"{""class"": ""java.util.Locale"", ""method"": ""readObject""}"
151331,reflection,Method.invoke,"{""class"": ""java.util.Locale"", ""method"": ""readResolve""}"
151336,reflection,Method.invoke,"{""class"": ""java.util.Locale"", ""method"": ""readObject""}"
151341,reflection,Method.invoke,"{""class"": ""java.util.Locale"", ""method"": ""readResolve""}"
151346,reflection,Method.invoke,"{""class"": ""java.util.Locale"", ""method"": ""readObject""}"
151351,reflection,Method.invoke,"{""class"": ""java.util.Locale"", ""method"": ""readResolve""}"
151356,reflection,Method.invoke,"{""class"": ""java.util.Locale"", ""method"": ""readObject""}"
151360,reflection,Method.invoke,"{""class"": ""java.util.Locale"", ""method"": ""readResolve""}"
151365,reflection,Method.invoke,"{""class"": ""java.util.Locale"", ""method"": ""readObject""}"
151371,reflection,Method.invoke,"{""class"": ""java.util.Locale"", ""method"": ""readResolve""}"
151376,reflection,Method.invoke,"{""class"": ""java.util.Locale"", ""method"": ""readObject""}"
151380,reflection,Method.invoke,"{""class"": ""java.util.Locale"", ""method"": ""readResolve""}"
151386,reflection,Method.invoke,"{""class"": ""java.util.Locale"", ""method"": ""readObject""}"
151390,reflection,Method.invoke,"{""class"": ""java.util.Locale"", ""method"": ""readResolve""}"
151396,reflection,Method.invoke,"{""class"": ""java.util.Locale"", ""method"": ""readObject""}"
151400,reflection,Method.invoke,"{""class"": ""java.util.Locale"", ""method"": ""readResolve""}"
151405,reflection,Method.invoke,"{""class"": ""java.util.Locale"", ""method"": ""readObject""}"
151410,reflection,Method.invoke,"{""class"": ""java.util.Locale"", ""method"": ""readResolve""}"
151415,reflection,Method.invoke,"{""class"": ""java.util.Locale"", ""method"": ""readObject""}"
151419,reflection,Method.invoke,"{""class"": ""java.util.Locale"", ""method"": ""readResolve""}"
151424,reflection,Method.invoke,"{""class"": ""java.util.Locale"", ""method"": ""readObject""}"
151428,reflection,Method.invoke,"{""class"": ""java.util.Locale"", ""method"": ""readResolve""}"
151433,reflection,Method.invoke,"{""class"": ""java.util.Locale"", ""method"": ""readObject""}"
151437,reflection,Method.invoke,"{""class"": ""java.util.Locale"", ""method"": ""readResolve""}"
151443,reflection,Method.invoke,"{""class"": ""java.util.Locale"", ""method"": ""readObject""}"
151448,reflection,Method.invoke,"{""class"": ""java.util.Locale"", ""method"": ""readResolve""}"
151452,reflection,Method.invoke,"{""class"": ""java.util.Locale"", ""method"": ""readObject""}"
151457,reflection,Method.invoke,"{""class"": ""java.util.Locale"", ""method"": ""readResolve""}"
151461,reflection,Method.invoke,"{""class"": ""java.util.Locale"", ""method"": ""readObject""}"
151466,reflection,Method.invoke,"{""class"": ""java.util.Locale"", ""method"": ""readResolve""}"
151471,reflection,Method.invoke,"{""class"": ""java.util.Locale"", ""method"": ""readObject""}"
151475,reflection,Method.invoke,"{""class"": ""java.util.Locale"", ""method"": ""readResolve""}"
151480,reflection,Method.invoke,"{""class"": ""java.util.Locale"", ""method"": ""readObject""}"
151485,reflection,Method.invoke,"{""class"": ""java.util.Locale"", ""method"": ""readResolve""}"
151491,reflection,Method.invoke,"{""class"": ""java.util.Locale"", ""method"": ""readObject""}"
151495,reflection,Method.invoke,"{""class"": ""java.util.Locale"", ""method"": ""readResolve""}"
151500,reflection,Method.invoke,"{""class"": ""java.util.Locale"", ""method"": ""readObject""}"
151504,reflection,Method.invoke,"{""class"": ""java.util.Locale"", ""method"": ""readResolve""}"
151509,reflection,Method.invoke,"{""class"": ""java.util.Locale"", ""method"": ""readObject""}"
151514,reflection,Method.invoke,"{""class"": ""java.util.Locale"", ""method"": ""readResolve""}"
151519,reflection,Method.invoke,"{""class"": ""java.util.Locale"", ""method"": ""readObject""}"
151523,reflection,Method.invoke,"{""class"": ""java.util.Locale"", ""method"": ""readResolve""}"
151528,reflection,Method.invoke,"{""class"": ""java.util.Locale"", ""method"": ""readObject""}"
151533,reflection,Method.invoke,"{""class"": ""java.util.Locale"", ""method"": ""readResolve""}"
151538,reflection,Method.invoke,"{""class"": ""java.util.Locale"", ""method"": ""readObject""}"
151542,reflection,Method.invoke,"{""class"": ""java.util.Locale"", ""method"": ""readResolve""}"
151547,reflection,Method.invoke,"{""class"": ""java.util.Locale"", ""method"": ""readObject""}"
151552,reflection,Method.invoke,"{""class"": ""java.util.Locale"", ""method"": ""readResolve""}"
151557,reflection,Method.invoke,"{""class"": ""java.util.Locale"", ""method"": ""readObject""}"
151561,reflection,Method.invoke,"{""class"": ""java.util.Locale"", ""method"": ""readResolve""}"
151566,reflection,Method.invoke,"{""class"": ""java.util.Locale"", ""method"": ""readObject""}"
151570,reflection,Method.invoke,"{""class"": ""java.util.Locale"", ""method"": ""readResolve""}"
151575,reflection,Method.invoke,"{""class"": ""java.util.Locale"", ""method"": ""readObject""}"
151579,reflection,Method.invoke,"{""class"": ""java.util.Locale"", ""method"": ""readResolve""}"
151585,reflection,Method.invoke,"{""class"": ""java.util.Locale"", ""method"": ""readObject""}"
151589,reflection,Method.invoke,"{""class"": ""java.util.Locale"", ""method"": ""readResolve""}"
151594,reflection,Method.invoke,"{""class"": ""java.util.Locale"", ""method"": ""readObject""}"
151599,reflection,Method.invoke,"{""class"": ""java.util.Locale"", ""method"": ""readResolve""}"
151604,reflection,Method.invoke,"{""class"": ""java.util.Locale"", ""method"": ""readObject""}"
151609,reflection,Method.invoke,"{""class"": ""java.util.Locale"", ""method"": ""readResolve""}"
151614,reflection,Method.invoke,"{""class"": ""java.util.Locale"", ""method"": ""readObject""}"
151618,reflection,Method.invoke,"{""class"": ""java.util.Locale"", ""method"": ""readResolve""}"
151623,reflection,Method.invoke,"{""class"": ""java.util.Locale"", ""method"": ""readObject""}"
151627,reflection,Method.invoke,"{""class"": ""java.util.Locale"", ""method"": ""readResolve""}"
151632,reflection,Method.invoke,"{""class"": ""java.util.Locale"", ""method"": ""readObject""}"
151637,reflection,Method.invoke,"{""class"": ""java.util.Locale"", ""method"": ""readResolve""}"
151642,reflection,Method.invoke,"{""class"": ""java.util.Locale"", ""method"": ""readObject""}"
151647,reflection,Method.invoke,"{""class"": ""java.util.Locale"", ""method"": ""readResolve""}"
151651,reflection,Method.invoke,"{""class"": ""java.util.Locale"", ""method"": ""readObject""}"
151656,reflection,Method.invoke,"{""class"": ""java.util.Locale"", ""method"": ""readResolve""}"
151661,reflection,Method.invoke,"{""class"": ""java.util.Locale"", ""method"": ""readObject""}"
151666,reflection,Method.invoke,"{""class"": ""java.util.Locale"", ""method"": ""readResolve""}"
151670,reflection,Method.invoke,"{""class"": ""java.util.Locale"", ""method"": ""readObject""}"
151675,reflection,Method.invoke,"{""class"": ""java.util.Locale"", ""method"": ""readResolve""}"
151679,reflection,Method.invoke,"{""class"": ""java.util.Locale"", ""method"": ""readObject""}"
151684,reflection,Method.invoke,"{""class"": ""java.util.Locale"", ""method"": ""readResolve""}"
151689,reflection,Method.invoke,"{""class"": ""java.util.Locale"", ""method"": ""readObject""}"
151694,reflection,Method.invoke,"{""class"": ""java.util.Locale"", ""method"": ""readResolve""}"
151699,reflection,Method.invoke,"{""class"": ""java.util.Locale"", ""method"": ""readObject""}"
151703,reflection,Method.invoke,"{""class"": ""java.util.Locale"", ""method"": ""readResolve""}"
151708,reflection,Method.invoke,"{""class"": ""java.util.Locale"", ""method"": ""readObject""}"
151712,reflection,Method.invoke,"{""class"": ""java.util.Locale"", ""method"": ""readResolve""}"
151717,reflection,Method.invoke,"{""class"": ""java.util.Locale"", ""method"": ""readObject""}"
151721,reflection,Method.invoke,"{""class"": ""java.util.Locale"", ""method"": ""readResolve""}"
151726,reflection,Method.invoke,"{""class"": ""java.util.Locale"", ""method"": ""readObject""}"
151731,reflection,Method.invoke,"{""class"": ""java.util.Locale"", ""method"": ""readResolve""}"
151736,reflection,Method.invoke,"{""class"": ""java.util.Locale"", ""method"": ""readObject""}"
151740,reflection,Method.invoke,"{""class"": ""java.util.Locale"", ""method"": ""readResolve""}"
151745,reflection,Method.invoke,"{""class"": ""java.util.Locale"", ""method"": ""readObject""}"
151750,reflection,Method.invoke,"{""class"": ""java.util.Locale"", ""method"": ""readResolve""}"
151754,reflection,Method.invoke,"{""class"": ""java.util.Locale"", ""method"": ""readObject""}"
151759,reflection,Method.invoke,"{""class"": ""java.util.Locale"", ""method"": ""readResolve""}"
151764,reflection,Method.invoke,"{""class"": ""java.util.Locale"", ""method"": ""readObject""}"
151768,reflection,Method.invoke,"{""class"": ""java.util.Locale"", ""method"": ""readResolve""}"
151773,reflection,Method.invoke,"{""class"": ""java.util.Locale"", ""method"": ""readObject""}"
151777,reflection,Method.invoke,"{""class"": ""java.util.Locale"", ""method"": ""readResolve""}"
151782,reflection,Method.invoke,"{""class"": ""java.util.Locale"", ""method"": ""readObject""}"
151787,reflection,Method.invoke,"{""class"": ""java.util.Locale"", ""method"": ""readResolve""}"
151791,reflection,Method.invoke,"{""class"": ""java.util.Locale"", ""method"": ""readObject""}"
151796,reflection,Method.invoke,"{""class"": ""java.util.Locale"", ""method"": ""readResolve""}"
151801,reflection,Method.invoke,"{""class"": ""java.util.Locale"", ""method"": ""readObject""}"
151805,reflection,Method.invoke,"{""class"": ""java.util.Locale"", ""method"": ""readResolve""}"
151810,reflection,Method.invoke,"{""class"": ""java.util.Locale"", ""method"": ""readObject""}"
151814,reflection,Method.invoke,"{""class"": ""java.util.Locale"", ""method"": ""readResolve""}"
151819,reflection,Method.invoke,"{""class"": ""java.util.Locale"", ""method"": ""readObject""}"
151824,reflection,Method.invoke,"{""class"": ""java.util.Locale"", ""method"": ""readResolve""}"
151829,reflection,Method.invoke,"{""class"": ""java.util.Locale"", ""method"": ""readObject""}"
151834,reflection,Method.invoke,"{""class"": ""java.util.Locale"", ""method"": ""readResolve""}"
151839,reflection,Method.invoke,"{""class"": ""java.util.Locale"", ""method"": ""readObject""}"
151843,reflection,Method.invoke,"{""class"": ""java.util.Locale"", ""method"": ""readResolve""}"
151848,reflection,Method.invoke,"{""class"": ""java.util.Locale"", ""method"": ""readObject""}"
151852,reflection,Method.invoke,"{""class"": ""java.util.Locale"", ""method"": ""readResolve""}"
151858,reflection,Method.invoke,"{""class"": ""java.util.Locale"", ""method"": ""readObject""}"
151862,reflection,Method.invoke,"{""class"": ""java.util.Locale"", ""method"": ""readResolve""}"
184730,reflection,Method.invoke,"{""class"": ""android.view.ViewGroup"", ""method"": ""makeOptionalFitsSystemWindows""}"
184785,reflection,Method.invoke,"{""class"": ""android.view.ViewGroup"", ""method"": ""makeOptionalFitsSystemWindows""}"
184826,storage,SharedPreferences.apply,{}
184872,reflection,Method.invoke,"{""class"": ""android.view.ViewGroup"", ""method"": ""makeOptionalFitsSystemWindows""}"
184888,storage,SharedPreferences.apply,{}
184892,audio,MediaRecorder.setAudioSource,"{""audioSource"": 1}"
184907,network,okhttp3.RealCall.enqueue,"{""method"": ""GET"", ""url"": ""http://ipinfo.io/json""}"
184911,reflection,Method.invoke,"{""class"": ""dalvik.system.CloseGuard"", ""method"": ""get""}"
184916,reflection,Method.invoke,"{""class"": ""dalvik.system.CloseGuard"", ""method"": ""open""}"
184921,location,LocationManager.requestLocationUpdates,"{""minDistance"": 10, ""minTime"": ""300000"", ""provider"": ""network""}"
184927,location,LocationManager.requestLocationUpdates,"{""minDistance"": 10, ""minTime"": ""300000"", ""provider"": ""gps""}"
184943,reflection,Method.invoke,"{""class"": ""android.security.NetworkSecurityPolicy"", ""method"": ""getInstance""}"
184955,reflection,Method.invoke,"{""class"": ""android.security.NetworkSecurityPolicy"", ""method"": ""isCleartextTrafficPermitted""}"
184964,reflection,Method.invoke,"{""class"": ""android.view.View"", ""method"": ""getElevation""}"
184972,reflection,Method.invoke,"{""class"": ""android.view.View"", ""method"": ""getElevation""}"
184977,reflection,Method.invoke,"{""class"": ""android.view.View"", ""method"": ""getElevation""}"
184989,reflection,Method.invoke,"{""class"": ""android.view.View"", ""method"": ""getElevation""}"
185026,ipc_intents,Context.bindService,"{""action"": ""android.intent.action.TTS_SERVICE"", ""flags"": 1, ""target"": ""android.intent.action.TTS_SERVICE""}"
185071,reflection,Method.invoke,"{""class"": ""java.util.Locale"", ""method"": ""readObject""}"
185075,reflection,Method.invoke,"{""class"": ""java.util.Locale"", ""method"": ""readResolve""}"
185083,reflection,Method.invoke,"{""class"": ""java.util.Locale"", ""method"": ""readObject""}"
185089,reflection,Method.invoke,"{""class"": ""java.util.Locale"", ""method"": ""readResolve""}"
185095,reflection,Method.invoke,"{""class"": ""java.util.Locale"", ""method"": ""readObject""}"
185104,reflection,Method.invoke,"{""class"": ""java.util.Locale"", ""method"": ""readResolve""}"
185109,reflection,Method.invoke,"{""class"": ""java.util.Locale"", ""method"": ""readObject""}"
185119,reflection,Method.invoke,"{""class"": ""java.util.Locale"", ""method"": ""readResolve""}"
185124,reflection,Method.invoke,"{""class"": ""java.util.Locale"", ""method"": ""readObject""}"
185129,reflection,Method.invoke,"{""class"": ""java.util.Locale"", ""method"": ""readResolve""}"
185139,reflection,Method.invoke,"{""class"": ""java.util.Locale"", ""method"": ""readObject""}"
185144,reflection,Method.invoke,"{""class"": ""java.util.Locale"", ""method"": ""readResolve""}"
185153,reflection,Method.invoke,"{""class"": ""java.util.Locale"", ""method"": ""readObject""}"
185158,reflection,Method.invoke,"{""class"": ""java.util.Locale"", ""method"": ""readResolve""}"
185164,reflection,Method.invoke,"{""class"": ""java.util.Locale"", ""method"": ""readObject""}"
185172,reflection,Method.invoke,"{""class"": ""java.util.Locale"", ""method"": ""readResolve""}"
185177,reflection,Method.invoke,"{""class"": ""java.util.Locale"", ""method"": ""readObject""}"
185186,reflection,Method.invoke,"{""class"": ""java.util.Locale"", ""method"": ""readResolve""}"
185191,reflection,Method.invoke,"{""class"": ""java.util.Locale"", ""method"": ""readObject""}"
185196,reflection,Method.invoke,"{""class"": ""java.util.Locale"", ""method"": ""readResolve""}"
185206,reflection,Method.invoke,"{""class"": ""java.util.Locale"", ""method"": ""readObject""}"
185210,reflection,Method.invoke,"{""class"": ""java.util.Locale"", ""method"": ""readResolve""}"
185220,reflection,Method.invoke,"{""class"": ""java.util.Locale"", ""method"": ""readObject""}"
185225,reflection,Method.invoke,"{""class"": ""java.util.Locale"", ""method"": ""readResolve""}"
185231,reflection,Method.invoke,"{""class"": ""java.util.Locale"", ""method"": ""readObject""}"
185238,reflection,Method.invoke,"{""class"": ""java.util.Locale"", ""method"": ""readResolve""}"
185243,reflection,Method.invoke,"{""class"": ""java.util.Locale"", ""method"": ""readObject""}"
185252,reflection,Method.invoke,"{""class"": ""java.util.Locale"", ""method"": ""readResolve""}"
185258,reflection,Method.invoke,"{""class"": ""java.util.Locale"", ""method"": ""readObject""}"
185263,reflection,Method.invoke,"{""class"": ""java.util.Locale"", ""method"": ""readResolve""}"
185273,reflection,Method.invoke,"{""class"": ""java.util.Locale"", ""method"": ""readObject""}"
185278,reflection,Method.invoke,"{""class"": ""java.util.Locale"", ""method"": ""readResolve""}"
185288,reflection,Method.invoke,"{""class"": ""java.util.Locale"", ""method"": ""readObject""}"
185293,reflection,Method.invoke,"{""class"": ""java.util.Locale"", ""method"": ""readResolve""}"
185301,reflection,Method.invoke,"{""class"": ""java.util.Locale"", ""method"": ""readObject""}"
185307,reflection,Method.invoke,"{""class"": ""java.util.Locale"", ""method"": ""readResolve""}"
185312,reflection,Method.invoke,"{""class"": ""java.util.Locale"", ""method"": ""readObject""}"
185320,reflection,Method.invoke,"{""class"": ""java.util.Locale"", ""method"": ""readResolve""}"
185325,reflection,Method.invoke,"{""class"": ""java.util.Locale"", ""method"": ""readObject""}"
185330,reflection,Method.invoke,"{""class"": ""java.util.Locale"", ""method"": ""readResolve""}"
185338,reflection,Method.invoke,"{""class"": ""java.util.Locale"", ""method"": ""readObject""}"
185343,reflection,Method.invoke,"{""class"": ""java.util.Locale"", ""method"": ""readResolve""}"
185351,reflection,Method.invoke,"{""class"": ""java.util.Locale"", ""method"": ""readObject""}"
185356,reflection,Method.invoke,"{""class"": ""java.util.Locale"", ""method"": ""readResolve""}"
185362,reflection,Method.invoke,"{""class"": ""java.util.Locale"", ""method"": ""readObject""}"
185374,reflection,Method.invoke,"{""class"": ""java.util.Locale"", ""method"": ""readResolve""}"
185380,reflection,Method.invoke,"{""class"": ""java.util.Locale"", ""method"": ""readObject""}"
185386,reflection,Method.invoke,"{""class"": ""java.util.Locale"", ""method"": ""readResolve""}"
185391,reflection,Method.invoke,"{""class"": ""java.util.Locale"", ""method"": ""readObject""}"
185395,reflection,Method.invoke,"{""class"": ""java.util.Locale"", ""method"": ""readResolve""}"
185404,reflection,Method.invoke,"{""class"": ""java.util.Locale"", ""method"": ""readObject""}"
185408,reflection,Method.invoke,"{""class"": ""java.util.Locale"", ""method"": ""readResolve""}"
185414,reflection,Method.invoke,"{""class"": ""java.util.Locale"", ""method"": ""readObject""}"
185421,reflection,Method.invoke,"{""class"": ""java.util.Locale"", ""method"": ""readResolve""}"
185426,reflection,Method.invoke,"{""class"": ""java.util.Locale"", ""method"": ""readObject""}"
185435,reflection,Method.invoke,"{""class"": ""java.util.Locale"", ""method"": ""readResolve""}"
185440,reflection,Method.invoke,"{""class"": ""java.util.Locale"", ""method"": ""readObject""}"
185444,reflection,Method.invoke,"{""class"": ""java.util.Locale"", ""method"": ""readResolve""}"
185451,reflection,Method.invoke,"{""class"": ""java.util.Locale"", ""method"": ""readObject""}"
185456,reflection,Method.invoke,"{""class"": ""java.util.Locale"", ""method"": ""readResolve""}"
185461,reflection,Method.invoke,"{""class"": ""java.util.Locale"", ""method"": ""readObject""}"
185469,reflection,Method.invoke,"{""class"": ""java.util.Locale"", ""method"": ""readResolve""}"
185474,reflection,Method.invoke,"{""class"": ""java.util.Locale"", ""method"": ""readObject""}"
185479,reflection,Method.invoke,"{""class"": ""java.util.Locale"", ""method"": ""readResolve""}"
185488,reflection,Method.invoke,"{""class"": ""java.util.Locale"", ""method"": ""readObject""}"
185493,reflection,Method.invoke,"{""class"": ""java.util.Locale"", ""method"": ""readResolve""}"
185498,reflection,Method.invoke,"{""class"": ""java.util.Locale"", ""method"": ""readObject""}"
185502,reflection,Method.invoke,"{""class"": ""java.util.Locale"", ""method"": ""readResolve""}"
185507,reflection,Method.invoke,"{""class"": ""java.util.Locale"", ""method"": ""readObject""}"
185511,reflection,Method.invoke,"{""class"": ""java.util.Locale"", ""method"": ""readResolve""}"
185516,reflection,Method.invoke,"{""class"": ""java.util.Locale"", ""method"": ""readObject""}"
185521,reflection,Method.invoke,"{""class"": ""java.util.Locale"", ""method"": ""readResolve""}"
185526,reflection,Method.invoke,"{""class"": ""java.util.Locale"", ""method"": ""readObject""}"
185530,reflection,Method.invoke,"{""class"": ""java.util.Locale"", ""method"": ""readResolve""}"
185535,reflection,Method.invoke,"{""class"": ""java.util.Locale"", ""method"": ""readObject""}"
185539,reflection,Method.invoke,"{""class"": ""java.util.Locale"", ""method"": ""readResolve""}"
185544,reflection,Method.invoke,"{""class"": ""java.util.Locale"", ""method"": ""readObject""}"
185549,reflection,Method.invoke,"{""class"": ""java.util.Locale"", ""method"": ""readResolve""}"
185553,reflection,Method.invoke,"{""class"": ""java.util.Locale"", ""method"": ""readObject""}"
185558,reflection,Method.invoke,"{""class"": ""java.util.Locale"", ""method"": ""readResolve""}"
185562,reflection,Method.invoke,"{""class"": ""java.util.Locale"", ""method"": ""readObject""}"
185567,reflection,Method.invoke,"{""class"": ""java.util.Locale"", ""method"": ""readResolve""}"
185572,reflection,Method.invoke,"{""class"": ""java.util.Locale"", ""method"": ""readObject""}"
185576,reflection,Method.invoke,"{""class"": ""java.util.Locale"", ""method"": ""readResolve""}"
185581,reflection,Method.invoke,"{""class"": ""java.util.Locale"", ""method"": ""readObject""}"
185586,reflection,Method.invoke,"{""class"": ""java.util.Locale"", ""method"": ""readResolve""}"
185590,reflection,Method.invoke,"{""class"": ""java.util.Locale"", ""method"": ""readObject""}"
185595,reflection,Method.invoke,"{""class"": ""java.util.Locale"", ""method"": ""readResolve""}"
185600,reflection,Method.invoke,"{""class"": ""java.util.Locale"", ""method"": ""readObject""}"
185604,reflection,Method.invoke,"{""class"": ""java.util.Locale"", ""method"": ""readResolve""}"
185610,reflection,Method.invoke,"{""class"": ""java.util.Locale"", ""method"": ""readObject""}"
185615,reflection,Method.invoke,"{""class"": ""java.util.Locale"", ""method"": ""readResolve""}"
185619,reflection,Method.invoke,"{""class"": ""java.util.Locale"", ""method"": ""readObject""}"
185624,reflection,Method.invoke,"{""class"": ""java.util.Locale"", ""method"": ""readResolve""}"
185628,reflection,Method.invoke,"{""class"": ""java.util.Locale"", ""method"": ""readObject""}"
185633,reflection,Method.invoke,"{""class"": ""java.util.Locale"", ""method"": ""readResolve""}"
185638,reflection,Method.invoke,"{""class"": ""java.util.Locale"", ""method"": ""readObject""}"
185643,reflection,Method.invoke,"{""class"": ""java.util.Locale"", ""method"": ""readResolve""}"
185647,reflection,Method.invoke,"{""class"": ""java.util.Locale"", ""method"": ""readObject""}"
185652,reflection,Method.invoke,"{""class"": ""java.util.Locale"", ""method"": ""readResolve""}"
185657,reflection,Method.invoke,"{""class"": ""java.util.Locale"", ""method"": ""readObject""}"
185661,reflection,Method.invoke,"{""class"": ""java.util.Locale"", ""method"": ""readResolve""}"
185666,reflection,Method.invoke,"{""class"": ""java.util.Locale"", ""method"": ""readObject""}"
185671,reflection,Method.invoke,"{""class"": ""java.util.Locale"", ""method"": ""readResolve""}"
185676,reflection,Method.invoke,"{""class"": ""java.util.Locale"", ""method"": ""readObject""}"
185680,reflection,Method.invoke,"{""class"": ""java.util.Locale"", ""method"": ""readResolve""}"
185685,reflection,Method.invoke,"{""class"": ""java.util.Locale"", ""method"": ""readObject""}"
185689,reflection,Method.invoke,"{""class"": ""java.util.Locale"", ""method"": ""readResolve""}"
185694,reflection,Method.invoke,"{""class"": ""java.util.Locale"", ""method"": ""readObject""}"
185701,reflection,Method.invoke,"{""class"": ""java.util.Locale"", ""method"": ""readResolve""}"
185706,reflection,Method.invoke,"{""class"": ""java.util.Locale"", ""method"": ""readObject""}"
185710,reflection,Method.invoke,"{""class"": ""java.util.Locale"", ""method"": ""readResolve""}"
185715,reflection,Method.invoke,"{""class"": ""java.util.Locale"", ""method"": ""readObject""}"
185720,reflection,Method.invoke,"{""class"": ""java.util.Locale"", ""method"": ""readResolve""}"
185725,reflection,Method.invoke,"{""class"": ""java.util.Locale"", ""method"": ""readObject""}"
185729,reflection,Method.invoke,"{""class"": ""java.util.Locale"", ""method"": ""readResolve""}"
185735,reflection,Method.invoke,"{""class"": ""java.util.Locale"", ""method"": ""readObject""}"
185739,reflection,Method.invoke,"{""class"": ""java.util.Locale"", ""method"": ""readResolve""}"
185744,reflection,Method.invoke,"{""class"": ""java.util.Locale"", ""method"": ""readObject""}"
185748,reflection,Method.invoke,"{""class"": ""java.util.Locale"", ""method"": ""readResolve""}"
185753,reflection,Method.invoke,"{""class"": ""java.util.Locale"", ""method"": ""readObject""}"
185757,reflection,Method.invoke,"{""class"": ""java.util.Locale"", ""method"": ""readResolve""}"
185763,reflection,Method.invoke,"{""class"": ""java.util.Locale"", ""method"": ""readObject""}"
185767,reflection,Method.invoke,"{""class"": ""java.util.Locale"", ""method"": ""readResolve""}"
185772,reflection,Method.invoke,"{""class"": ""java.util.Locale"", ""method"": ""readObject""}"
185776,reflection,Method.invoke,"{""class"": ""java.util.Locale"", ""method"": ""readResolve""}"
185781,reflection,Method.invoke,"{""class"": ""java.util.Locale"", ""method"": ""readObject""}"
185786,reflection,Method.invoke,"{""class"": ""java.util.Locale"", ""method"": ""readResolve""}"
185791,reflection,Method.invoke,"{""class"": ""java.util.Locale"", ""method"": ""readObject""}"
185795,reflection,Method.invoke,"{""class"": ""java.util.Locale"", ""method"": ""readResolve""}"
185800,reflection,Method.invoke,"{""class"": ""java.util.Locale"", ""method"": ""readObject""}"
185804,reflection,Method.invoke,"{""class"": ""java.util.Locale"", ""method"": ""readResolve""}"
185809,reflection,Method.invoke,"{""class"": ""java.util.Locale"", ""method"": ""readObject""}"
185814,reflection,Method.invoke,"{""class"": ""java.util.Locale"", ""method"": ""readResolve""}"
185818,reflection,Method.invoke,"{""class"": ""java.util.Locale"", ""method"": ""readObject""}"
185823,reflection,Method.invoke,"{""class"": ""java.util.Locale"", ""method"": ""readResolve""}"
185827,reflection,Method.invoke,"{""class"": ""java.util.Locale"", ""method"": ""readObject""}"
185832,reflection,Method.invoke,"{""class"": ""java.util.Locale"", ""method"": ""readResolve""}"
185837,reflection,Method.invoke,"{""class"": ""java.util.Locale"", ""method"": ""readObject""}"
185841,reflection,Method.invoke,"{""class"": ""java.util.Locale"", ""method"": ""readResolve""}"
185846,reflection,Method.invoke,"{""class"": ""java.util.Locale"", ""method"": ""readObject""}"
185851,reflection,Method.invoke,"{""class"": ""java.util.Locale"", ""method"": ""readResolve""}"
185857,reflection,Method.invoke,"{""class"": ""java.util.Locale"", ""method"": ""readObject""}"
185861,reflection,Method.invoke,"{""class"": ""java.util.Locale"", ""method"": ""readResolve""}"
185866,reflection,Method.invoke,"{""class"": ""java.util.Locale"", ""method"": ""readObject""}"
185871,reflection,Method.invoke,"{""class"": ""java.util.Locale"", ""method"": ""readResolve""}"
185876,reflection,Method.invoke,"{""class"": ""java.util.Locale"", ""method"": ""readObject""}"
185881,reflection,Method.invoke,"{""class"": ""java.util.Locale"", ""method"": ""readResolve""}"
185885,reflection,Method.invoke,"{""class"": ""java.util.Locale"", ""method"": ""readObject""}"
185890,reflection,Method.invoke,"{""class"": ""java.util.Locale"", ""method"": ""readResolve""}"
185895,reflection,Method.invoke,"{""class"": ""java.util.Locale"", ""method"": ""readObject""}"
185899,reflection,Method.invoke,"{""class"": ""java.util.Locale"", ""method"": ""readResolve""}"
185904,reflection,Method.invoke,"{""class"": ""java.util.Locale"", ""method"": ""readObject""}"
185908,reflection,Method.invoke,"{""class"": ""java.util.Locale"", ""method"": ""readResolve""}"
185913,reflection,Method.invoke,"{""class"": ""java.util.Locale"", ""method"": ""readObject""}"
185918,reflection,Method.invoke,"{""class"": ""java.util.Locale"", ""method"": ""readResolve""}"
185923,reflection,Method.invoke,"{""class"": ""java.util.Locale"", ""method"": ""readObject""}"
185927,reflection,Method.invoke,"{""class"": ""java.util.Locale"", ""method"": ""readResolve""}"
185932,reflection,Method.invoke,"{""class"": ""java.util.Locale"", ""method"": ""readObject""}"
185937,reflection,Method.invoke,"{""class"": ""java.util.Locale"", ""method"": ""readResolve""}"
185942,reflection,Method.invoke,"{""class"": ""java.util.Locale"", ""method"": ""readObject""}"
185946,reflection,Method.invoke,"{""class"": ""java.util.Locale"", ""method"": ""readResolve""}"
185951,reflection,Method.invoke,"{""class"": ""java.util.Locale"", ""method"": ""readObject""}"
185956,reflection,Method.invoke,"{""class"": ""java.util.Locale"", ""method"": ""readResolve""}"
185960,reflection,Method.invoke,"{""class"": ""java.util.Locale"", ""method"": ""readObject""}"
185965,reflection,Method.invoke,"{""class"": ""java.util.Locale"", ""method"": ""readResolve""}"
185970,reflection,Method.invoke,"{""class"": ""java.util.Locale"", ""method"": ""readObject""}"
185975,reflection,Method.invoke,"{""class"": ""java.util.Locale"", ""method"": ""readResolve""}"
185979,reflection,Method.invoke,"{""class"": ""java.util.Locale"", ""method"": ""readObject""}"
185984,reflection,Method.invoke,"{""class"": ""java.util.Locale"", ""method"": ""readResolve""}"
185989,reflection,Method.invoke,"{""class"": ""java.util.Locale"", ""method"": ""readObject""}"
185993,reflection,Method.invoke,"{""class"": ""java.util.Locale"", ""method"": ""readResolve""}"
185998,reflection,Method.invoke,"{""class"": ""java.util.Locale"", ""method"": ""readObject""}"
186003,reflection,Method.invoke,"{""class"": ""java.util.Locale"", ""method"": ""readResolve""}"
186007,reflection,Method.invoke,"{""class"": ""java.util.Locale"", ""method"": ""readObject""}"
186012,reflection,Method.invoke,"{""class"": ""java.util.Locale"", ""method"": ""readResolve""}"
186017,reflection,Method.invoke,"{""class"": ""java.util.Locale"", ""method"": ""readObject""}"
186022,reflection,Method.invoke,"{""class"": ""java.util.Locale"", ""method"": ""readResolve""}"
186026,reflection,Method.invoke,"{""class"": ""java.util.Locale"", ""method"": ""readObject""}"
186031,reflection,Method.invoke,"{""class"": ""java.util.Locale"", ""method"": ""readResolve""}"
186036,reflection,Method.invoke,"{""class"": ""java.util.Locale"", ""method"": ""readObject""}"
186040,reflection,Method.invoke,"{""class"": ""java.util.Locale"", ""method"": ""readResolve""}"
186045,reflection,Method.invoke,"{""class"": ""java.util.Locale"", ""method"": ""readObject""}"
186049,reflection,Method.invoke,"{""class"": ""java.util.Locale"", ""method"": ""readResolve""}"
186055,reflection,Method.invoke,"{""class"": ""java.util.Locale"", ""method"": ""readObject""}"
186059,reflection,Method.invoke,"{""class"": ""java.util.Locale"", ""method"": ""readResolve""}"
186064,reflection,Method.invoke,"{""class"": ""java.util.Locale"", ""method"": ""readObject""}"
186068,reflection,Method.invoke,"{""class"": ""java.util.Locale"", ""method"": ""readResolve""}"
186073,reflection,Method.invoke,"{""class"": ""java.util.Locale"", ""method"": ""readObject""}"
186078,reflection,Method.invoke,"{""class"": ""java.util.Locale"", ""method"": ""readResolve""}"
186083,reflection,Method.invoke,"{""class"": ""java.util.Locale"", ""method"": ""readObject""}"
186087,reflection,Method.invoke,"{""class"": ""java.util.Locale"", ""method"": ""readResolve""}"
186092,reflection,Method.invoke,"{""class"": ""java.util.Locale"", ""method"": ""readObject""}"
186096,reflection,Method.invoke,"{""class"": ""java.util.Locale"", ""method"": ""readResolve""}"
186101,reflection,Method.invoke,"{""class"": ""java.util.Locale"", ""method"": ""readObject""}"
186106,reflection,Method.invoke,"{""class"": ""java.util.Locale"", ""method"": ""readResolve""}"
186111,reflection,Method.invoke,"{""class"": ""java.util.Locale"", ""method"": ""readObject""}"
186115,reflection,Method.invoke,"{""class"": ""java.util.Locale"", ""method"": ""readResolve""}"
186120,reflection,Method.invoke,"{""class"": ""java.util.Locale"", ""method"": ""readObject""}"
186124,reflection,Method.invoke,"{""class"": ""java.util.Locale"", ""method"": ""readResolve""}"
186130,reflection,Method.invoke,"{""class"": ""java.util.Locale"", ""method"": ""readObject""}"
186134,reflection,Method.invoke,"{""class"": ""java.util.Locale"", ""method"": ""readResolve""}"
186139,reflection,Method.invoke,"{""class"": ""java.util.Locale"", ""method"": ""readObject""}"
186143,reflection,Method.invoke,"{""class"": ""java.util.Locale"", ""method"": ""readResolve""}"
186148,reflection,Method.invoke,"{""class"": ""java.util.Locale"", ""method"": ""readObject""}"
186153,reflection,Method.invoke,"{""class"": ""java.util.Locale"", ""method"": ""readResolve""}"
186157,reflection,Method.invoke,"{""class"": ""java.util.Locale"", ""method"": ""readObject""}"
186162,reflection,Method.invoke,"{""class"": ""java.util.Locale"", ""method"": ""readResolve""}"
186166,reflection,Method.invoke,"{""class"": ""java.util.Locale"", ""method"": ""readObject""}"
186171,reflection,Method.invoke,"{""class"": ""java.util.Locale"", ""method"": ""readResolve""}"
186175,reflection,Method.invoke,"{""class"": ""java.util.Locale"", ""method"": ""readObject""}"
186180,reflection,Method.invoke,"{""class"": ""java.util.Locale"", ""method"": ""readResolve""}"
186185,reflection,Method.invoke,"{""class"": ""java.util.Locale"", ""method"": ""readObject""}"
186190,reflection,Method.invoke,"{""class"": ""java.util.Locale"", ""method"": ""readResolve""}"
186195,reflection,Method.invoke,"{""class"": ""java.util.Locale"", ""method"": ""readObject""}"
186200,reflection,Method.invoke,"{""class"": ""java.util.Locale"", ""method"": ""readResolve""}"
186205,reflection,Method.invoke,"{""class"": ""java.util.Locale"", ""method"": ""readObject""}"
186209,reflection,Method.invoke,"{""class"": ""java.util.Locale"", ""method"": ""readResolve""}"
186214,reflection,Method.invoke,"{""class"": ""java.util.Locale"", ""method"": ""readObject""}"
186218,reflection,Method.invoke,"{""class"": ""java.util.Locale"", ""method"": ""readResolve""}"
186224,reflection,Method.invoke,"{""class"": ""java.util.Locale"", ""method"": ""readObject""}"
186228,reflection,Method.invoke,"{""class"": ""java.util.Locale"", ""method"": ""readResolve""}"
186233,reflection,Method.invoke,"{""class"": ""java.util.Locale"", ""method"": ""readObject""}"
186237,reflection,Method.invoke,"{""class"": ""java.util.Locale"", ""method"": ""readResolve""}"
186241,reflection,Method.invoke,"{""class"": ""java.util.Locale"", ""method"": ""readObject""}"
186245,reflection,Method.invoke,"{""class"": ""java.util.Locale"", ""method"": ""readResolve""}"
186250,reflection,Method.invoke,"{""class"": ""java.util.Locale"", ""method"": ""readObject""}"
186255,reflection,Method.invoke,"{""class"": ""java.util.Locale"", ""method"": ""readResolve""}"
186260,reflection,Method.invoke,"{""class"": ""java.util.Locale"", ""method"": ""readObject""}"
186265,reflection,Method.invoke,"{""class"": ""java.util.Locale"", ""method"": ""readResolve""}"
186270,reflection,Method.invoke,"{""class"": ""java.util.Locale"", ""method"": ""readObject""}"
186275,reflection,Method.invoke,"{""class"": ""java.util.Locale"", ""method"": ""readResolve""}"
186280,reflection,Method.invoke,"{""class"": ""java.util.Locale"", ""method"": ""readObject""}"
186284,reflection,Method.invoke,"{""class"": ""java.util.Locale"", ""method"": ""readResolve""}"
186289,reflection,Method.invoke,"{""class"": ""java.util.Locale"", ""method"": ""readObject""}"
186294,reflection,Method.invoke,"{""class"": ""java.util.Locale"", ""method"": ""readResolve""}"
186299,reflection,Method.invoke,"{""class"": ""java.util.Locale"", ""method"": ""readObject""}"
186303,reflection,Method.invoke,"{""class"": ""java.util.Locale"", ""method"": ""readResolve""}"
186308,reflection,Method.invoke,"{""class"": ""java.util.Locale"", ""method"": ""readObject""}"
186312,reflection,Method.invoke,"{""class"": ""java.util.Locale"", ""method"": ""readResolve""}"
186318,reflection,Method.invoke,"{""class"": ""java.util.Locale"", ""method"": ""readObject""}"
186322,reflection,Method.invoke,"{""class"": ""java.util.Locale"", ""method"": ""readResolve""}"
186327,reflection,Method.invoke,"{""class"": ""java.util.Locale"", ""method"": ""readObject""}"
186332,reflection,Method.invoke,"{""class"": ""java.util.Locale"", ""method"": ""readResolve""}"
186337,reflection,Method.invoke,"{""class"": ""java.util.Locale"", ""method"": ""readObject""}"
186342,reflection,Method.invoke,"{""class"": ""java.util.Locale"", ""method"": ""readResolve""}"
186347,reflection,Method.invoke,"{""class"": ""java.util.Locale"", ""method"": ""readObject""}"
186351,reflection,Method.invoke,"{""class"": ""java.util.Locale"", ""method"": ""readResolve""}"
186356,reflection,Method.invoke,"{""class"": ""java.util.Locale"", ""method"": ""readObject""}"
186361,reflection,Method.invoke,"{""class"": ""java.util.Locale"", ""method"": ""readResolve""}"
186366,reflection,Method.invoke,"{""class"": ""java.util.Locale"", ""method"": ""readObject""}"
186371,reflection,Method.invoke,"{""class"": ""java.util.Locale"", ""method"": ""readResolve""}"
186375,reflection,Method.invoke,"{""class"": ""java.util.Locale"", ""method"": ""readObject""}"
186380,reflection,Method.invoke,"{""class"": ""java.util.Locale"", ""method"": ""readResolve""}"
186385,reflection,Method.invoke,"{""class"": ""java.util.Locale"", ""method"": ""readObject""}"
186389,reflection,Method.invoke,"{""class"": ""java.util.Locale"", ""method"": ""readResolve""}"
186394,reflection,Method.invoke,"{""class"": ""java.util.Locale"", ""method"": ""readObject""}"
186399,reflection,Method.invoke,"{""class"": ""java.util.Locale"", ""method"": ""readResolve""}"
186404,reflection,Method.invoke,"{""class"": ""java.util.Locale"", ""method"": ""readObject""}"
186409,reflection,Method.invoke,"{""class"": ""java.util.Locale"", ""method"": ""readResolve""}"
186414,reflection,Method.invoke,"{""class"": ""java.util.Locale"", ""method"": ""readObject""}"
186418,reflection,Method.invoke,"{""class"": ""java.util.Locale"", ""method"": ""readResolve""}"
186423,reflection,Method.invoke,"{""class"": ""java.util.Locale"", ""method"": ""readObject""}"
186427,reflection,Method.invoke,"{""class"": ""java.util.Locale"", ""method"": ""readResolve""}"
186432,reflection,Method.invoke,"{""class"": ""java.util.Locale"", ""method"": ""readObject""}"
186437,reflection,Method.invoke,"{""class"": ""java.util.Locale"", ""method"": ""readResolve""}"
186442,reflection,Method.invoke,"{""class"": ""java.util.Locale"", ""method"": ""readObject""}"
186446,reflection,Method.invoke,"{""class"": ""java.util.Locale"", ""method"": ""readResolve""}"
186451,reflection,Method.invoke,"{""class"": ""java.util.Locale"", ""method"": ""readObject""}"
186455,reflection,Method.invoke,"{""class"": ""java.util.Locale"", ""method"": ""readResolve""}"
186460,reflection,Method.invoke,"{""class"": ""java.util.Locale"", ""method"": ""readObject""}"
186465,reflection,Method.invoke,"{""class"": ""java.util.Locale"", ""method"": ""readResolve""}"
186470,reflection,Method.invoke,"{""class"": ""java.util.Locale"", ""method"": ""readObject""}"
186475,reflection,Method.invoke,"{""class"": ""java.util.Locale"", ""method"": ""readResolve""}"
186480,reflection,Method.invoke,"{""class"": ""java.util.Locale"", ""method"": ""readObject""}"
186485,reflection,Method.invoke,"{""class"": ""java.util.Locale"", ""method"": ""readResolve""}"
186492,reflection,Method.invoke,"{""class"": ""java.util.Locale"", ""method"": ""readObject""}"
186496,reflection,Method.invoke,"{""class"": ""java.util.Locale"", ""method"": ""readResolve""}"
186501,reflection,Method.invoke,"{""class"": ""java.util.Locale"", ""method"": ""readObject""}"
186506,reflection,Method.invoke,"{""class"": ""java.util.Locale"", ""method"": ""readResolve""}"
186510,reflection,Method.invoke,"{""class"": ""java.util.Locale"", ""method"": ""readObject""}"
186516,reflection,Method.invoke,"{""class"": ""java.util.Locale"", ""method"": ""readResolve""}"
186520,reflection,Method.invoke,"{""class"": ""java.util.Locale"", ""method"": ""readObject""}"
186525,reflection,Method.invoke,"{""class"": ""java.util.Locale"", ""method"": ""readResolve""}"
186530,reflection,Method.invoke,"{""class"": ""java.util.Locale"", ""method"": ""readObject""}"
186535,reflection,Method.invoke,"{""class"": ""java.util.Locale"", ""method"": ""readResolve""}"
186540,reflection,Method.invoke,"{""class"": ""java.util.Locale"", ""method"": ""readObject""}"
186544,reflection,Method.invoke,"{""class"": ""java.util.Locale"", ""method"": ""readResolve""}"
186549,reflection,Method.invoke,"{""class"": ""java.util.Locale"", ""method"": ""readObject""}"
186554,reflection,Method.invoke,"{""class"": ""java.util.Locale"", ""method"": ""readResolve""}"
186559,reflection,Method.invoke,"{""class"": ""java.util.Locale"", ""method"": ""readObject""}"
186564,reflection,Method.invoke,"{""class"": ""java.util.Locale"", ""method"": ""readResolve""}"
186569,reflection,Method.invoke,"{""class"": ""java.util.Locale"", ""method"": ""readObject""}"
186573,reflection,Method.invoke,"{""class"": ""java.util.Locale"", ""method"": ""readResolve""}"
186578,reflection,Method.invoke,"{""class"": ""java.util.Locale"", ""method"": ""readObject""}"
186582,reflection,Method.invoke,"{""class"": ""java.util.Locale"", ""method"": ""readResolve""}"
186587,reflection,Method.invoke,"{""class"": ""java.util.Locale"", ""method"": ""readObject""}"
186591,reflection,Method.invoke,"{""class"": ""java.util.Locale"", ""method"": ""readResolve""}"
186596,reflection,Method.invoke,"{""class"": ""java.util.Locale"", ""method"": ""readObject""}"
186601,reflection,Method.invoke,"{""class"": ""java.util.Locale"", ""method"": ""readResolve""}"
186606,reflection,Method.invoke,"{""class"": ""java.util.Locale"", ""method"": ""readObject""}"
186610,reflection,Method.invoke,"{""class"": ""java.util.Locale"", ""method"": ""readResolve""}"
186616,reflection,Method.invoke,"{""class"": ""java.util.Locale"", ""method"": ""readObject""}"
186620,reflection,Method.invoke,"{""class"": ""java.util.Locale"", ""method"": ""readResolve""}"
186625,reflection,Method.invoke,"{""class"": ""java.util.Locale"", ""method"": ""readObject""}"
186629,reflection,Method.invoke,"{""class"": ""java.util.Locale"", ""method"": ""readResolve""}"
186635,reflection,Method.invoke,"{""class"": ""java.util.Locale"", ""method"": ""readObject""}"
186640,reflection,Method.invoke,"{""class"": ""java.util.Locale"", ""method"": ""readResolve""}"
186645,reflection,Method.invoke,"{""class"": ""java.util.Locale"", ""method"": ""readObject""}"
186649,reflection,Method.invoke,"{""class"": ""java.util.Locale"", ""method"": ""readResolve""}"
186655,reflection,Method.invoke,"{""class"": ""java.util.Locale"", ""method"": ""readObject""}"
186660,reflection,Method.invoke,"{""class"": ""java.util.Locale"", ""method"": ""readResolve""}"
186664,reflection,Method.invoke,"{""class"": ""java.util.Locale"", ""method"": ""readObject""}"
186669,reflection,Method.invoke,"{""class"": ""java.util.Locale"", ""method"": ""readResolve""}"
186674,reflection,Method.invoke,"{""class"": ""java.util.Locale"", ""method"": ""readObject""}"
186678,reflection,Method.invoke,"{""class"": ""java.util.Locale"", ""method"": ""readResolve""}"
186683,reflection,Method.invoke,"{""class"": ""java.util.Locale"", ""method"": ""readObject""}"
186688,reflection,Method.invoke,"{""class"": ""java.util.Locale"", ""method"": ""readResolve""}"
186692,reflection,Method.invoke,"{""class"": ""java.util.Locale"", ""method"": ""readObject""}"
186697,reflection,Method.invoke,"{""class"": ""java.util.Locale"", ""method"": ""readResolve""}"
186701,reflection,Method.invoke,"{""class"": ""java.util.Locale"", ""method"": ""readObject""}"
186706,reflection,Method.invoke,"{""class"": ""java.util.Locale"", ""method"": ""readResolve""}"
186710,reflection,Method.invoke,"{""class"": ""java.util.Locale"", ""method"": ""readObject""}"
186715,reflection,Method.invoke,"{""class"": ""java.util.Locale"", ""method"": ""readResolve""}"
186720,reflection,Method.invoke,"{""class"": ""java.util.Locale"", ""method"": ""readObject""}"
186726,reflection,Method.invoke,"{""class"": ""java.util.Locale"", ""method"": ""readResolve""}"
186731,reflection,Method.invoke,"{""class"": ""java.util.Locale"", ""method"": ""readObject""}"
186735,reflection,Method.invoke,"{""class"": ""java.util.Locale"", ""method"": ""readResolve""}"
186740,reflection,Method.invoke,"{""class"": ""java.util.Locale"", ""method"": ""readObject""}"
186745,reflection,Method.invoke,"{""class"": ""java.util.Locale"", ""method"": ""readResolve""}"
186750,reflection,Method.invoke,"{""class"": ""java.util.Locale"", ""method"": ""readObject""}"
186755,reflection,Method.invoke,"{""class"": ""java.util.Locale"", ""method"": ""readResolve""}"
186759,reflection,Method.invoke,"{""class"": ""java.util.Locale"", ""method"": ""readObject""}"
186763,reflection,Method.invoke,"{""class"": ""java.util.Locale"", ""method"": ""readResolve""}"
186768,reflection,Method.invoke,"{""class"": ""java.util.Locale"", ""method"": ""readObject""}"
186772,reflection,Method.invoke,"{""class"": ""java.util.Locale"", ""method"": ""readResolve""}"
186777,reflection,Method.invoke,"{""class"": ""java.util.Locale"", ""method"": ""readObject""}"
186782,reflection,Method.invoke,"{""class"": ""java.util.Locale"", ""method"": ""readResolve""}"
186787,reflection,Method.invoke,"{""class"": ""java.util.Locale"", ""method"": ""readObject""}"
186792,reflection,Method.invoke,"{""class"": ""java.util.Locale"", ""method"": ""readResolve""}"
186797,reflection,Method.invoke,"{""class"": ""java.util.Locale"", ""method"": ""readObject""}"
186801,reflection,Method.invoke,"{""class"": ""java.util.Locale"", ""method"": ""readResolve""}"
186806,reflection,Method.invoke,"{""class"": ""java.util.Locale"", ""method"": ""readObject""}"
186811,reflection,Method.invoke,"{""class"": ""java.util.Locale"", ""method"": ""readResolve""}"
186816,reflection,Method.invoke,"{""class"": ""java.util.Locale"", ""method"": ""readObject""}"
186820,reflection,Method.invoke,"{""class"": ""java.util.Locale"", ""method"": ""readResolve""}"
186827,reflection,Method.invoke,"{""class"": ""java.util.Locale"", ""method"": ""readObject""}"
186832,reflection,Method.invoke,"{""class"": ""java.util.Locale"", ""method"": ""readResolve""}"
186841,reflection,Method.invoke,"{""class"": ""java.util.Locale"", ""method"": ""readObject""}"
186846,reflection,Method.invoke,"{""class"": ""java.util.Locale"", ""method"": ""readResolve""}"
186855,reflection,Method.invoke,"{""class"": ""java.util.Locale"", ""method"": ""readObject""}"
186859,reflection,Method.invoke,"{""class"": ""java.util.Locale"", ""method"": ""readResolve""}"
186868,reflection,Method.invoke,"{""class"": ""java.util.Locale"", ""method"": ""readObject""}"
186873,reflection,Method.invoke,"{""class"": ""java.util.Locale"", ""method"": ""readResolve""}"
186878,reflection,Method.invoke,"{""class"": ""java.util.Locale"", ""method"": ""readObject""}"
186883,reflection,Method.invoke,"{""class"": ""java.util.Locale"", ""method"": ""readResolve""}"
186888,reflection,Method.invoke,"{""class"": ""java.util.Locale"", ""method"": ""readObject""}"
186893,reflection,Method.invoke,"{""class"": ""java.util.Locale"", ""method"": ""readResolve""}"
186898,reflection,Method.invoke,"{""class"": ""java.util.Locale"", ""method"": ""readObject""}"
186903,reflection,Method.invoke,"{""class"": ""java.util.Locale"", ""method"": ""readResolve""}"
186908,reflection,Method.invoke,"{""class"": ""java.util.Locale"", ""method"": ""readObject""}"
186913,reflection,Method.invoke,"{""class"": ""java.util.Locale"", ""method"": ""readResolve""}"
186918,reflection,Method.invoke,"{""class"": ""java.util.Locale"", ""method"": ""readObject""}"
186923,reflection,Method.invoke,"{""class"": ""java.util.Locale"", ""method"": ""readResolve""}"
186928,reflection,Method.invoke,"{""class"": ""java.util.Locale"", ""method"": ""readObject""}"
186933,reflection,Method.invoke,"{""class"": ""java.util.Locale"", ""method"": ""readResolve""}"
186938,reflection,Method.invoke,"{""class"": ""java.util.Locale"", ""method"": ""readObject""}"
186943,reflection,Method.invoke,"{""class"": ""java.util.Locale"", ""method"": ""readResolve""}"
186948,reflection,Method.invoke,"{""class"": ""java.util.Locale"", ""method"": ""readObject""}"
186952,reflection,Method.invoke,"{""class"": ""java.util.Locale"", ""method"": ""readResolve""}"
186957,reflection,Method.invoke,"{""class"": ""java.util.Locale"", ""method"": ""readObject""}"
186962,reflection,Method.invoke,"{""class"": ""java.util.Locale"", ""method"": ""readResolve""}"
186968,reflection,Method.invoke,"{""class"": ""java.util.Locale"", ""method"": ""readObject""}"
186973,reflection,Method.invoke,"{""class"": ""java.util.Locale"", ""method"": ""readResolve""}"
186978,reflection,Method.invoke,"{""class"": ""java.util.Locale"", ""method"": ""readObject""}"
186983,reflection,Method.invoke,"{""class"": ""java.util.Locale"", ""method"": ""readResolve""}"
186988,reflection,Method.invoke,"{""class"": ""java.util.Locale"", ""method"": ""readObject""}"
186993,reflection,Method.invoke,"{""class"": ""java.util.Locale"", ""method"": ""readResolve""}"
186998,reflection,Method.invoke,"{""class"": ""java.util.Locale"", ""method"": ""readObject""}"
187003,reflection,Method.invoke,"{""class"": ""java.util.Locale"", ""method"": ""readResolve""}"
187008,reflection,Method.invoke,"{""class"": ""java.util.Locale"", ""method"": ""readObject""}"
187013,reflection,Method.invoke,"{""class"": ""java.util.Locale"", ""method"": ""readResolve""}"
187018,reflection,Method.invoke,"{""class"": ""java.util.Locale"", ""method"": ""readObject""}"
187023,reflection,Method.invoke,"{""class"": ""java.util.Locale"", ""method"": ""readResolve""}"
187027,reflection,Method.invoke,"{""class"": ""java.util.Locale"", ""method"": ""readObject""}"
187032,reflection,Method.invoke,"{""class"": ""java.util.Locale"", ""method"": ""readResolve""}"
187037,reflection,Method.invoke,"{""class"": ""java.util.Locale"", ""method"": ""readObject""}"
187042,reflection,Method.invoke,"{""class"": ""java.util.Locale"", ""method"": ""readResolve""}"
187047,reflection,Method.invoke,"{""class"": ""java.util.Locale"", ""method"": ""readObject""}"
187052,reflection,Method.invoke,"{""class"": ""java.util.Locale"", ""method"": ""readResolve""}"
187058,reflection,Method.invoke,"{""class"": ""java.util.Locale"", ""method"": ""readObject""}"
187064,reflection,Method.invoke,"{""class"": ""java.util.Locale"", ""method"": ""readResolve""}"
187069,reflection,Method.invoke,"{""class"": ""java.util.Locale"", ""method"": ""readObject""}"
187074,reflection,Method.invoke,"{""class"": ""java.util.Locale"", ""method"": ""readResolve""}"
187079,reflection,Method.invoke,"{""class"": ""java.util.Locale"", ""method"": ""readObject""}"
187083,reflection,Method.invoke,"{""class"": ""java.util.Locale"", ""method"": ""readResolve""}"
187089,reflection,Method.invoke,"{""class"": ""java.util.Locale"", ""method"": ""readObject""}"
187094,reflection,Method.invoke,"{""class"": ""java.util.Locale"", ""method"": ""readResolve""}"
187099,reflection,Method.invoke,"{""class"": ""java.util.Locale"", ""method"": ""readObject""}"
187103,reflection,Method.invoke,"{""class"": ""java.util.Locale"", ""method"": ""readResolve""}"
187108,reflection,Method.invoke,"{""class"": ""java.util.Locale"", ""method"": ""readObject""}"
187113,reflection,Method.invoke,"{""class"": ""java.util.Locale"", ""method"": ""readResolve""}"
187118,reflection,Method.invoke,"{""class"": ""java.util.Locale"", ""method"": ""readObject""}"
187124,reflection,Method.invoke,"{""class"": ""java.util.Locale"", ""method"": ""readResolve""}"
187130,reflection,Method.invoke,"{""class"": ""java.util.Locale"", ""method"": ""readObject""}"
187135,reflection,Method.invoke,"{""class"": ""java.util.Locale"", ""method"": ""readResolve""}"
187140,reflection,Method.invoke,"{""class"": ""java.util.Locale"", ""method"": ""readObject""}"
187144,reflection,Method.invoke,"{""class"": ""java.util.Locale"", ""method"": ""readResolve""}"
187149,reflection,Method.invoke,"{""class"": ""java.util.Locale"", ""method"": ""readObject""}"
187155,reflection,Method.invoke,"{""class"": ""java.util.Locale"", ""method"": ""readResolve""}"
187160,reflection,Method.invoke,"{""class"": ""java.util.Locale"", ""method"": ""readObject""}"
187165,reflection,Method.invoke,"{""class"": ""java.util.Locale"", ""method"": ""readResolve""}"
187171,reflection,Method.invoke,"{""class"": ""java.util.Locale"", ""method"": ""readObject""}"
187175,reflection,Method.invoke,"{""class"": ""java.util.Locale"", ""method"": ""readResolve""}"
187180,reflection,Method.invoke,"{""class"": ""java.util.Locale"", ""method"": ""readObject""}"
187184,reflection,Method.invoke,"{""class"": ""java.util.Locale"", ""method"": ""readResolve""}"
187189,reflection,Method.invoke,"{""class"": ""java.util.Locale"", ""method"": ""readObject""}"
187194,reflection,Method.invoke,"{""class"": ""java.util.Locale"", ""method"": ""readResolve""}"
187200,reflection,Method.invoke,"{""class"": ""java.util.Locale"", ""method"": ""readObject""}"
187205,reflection,Method.invoke,"{""class"": ""java.util.Locale"", ""method"": ""readResolve""}"
187211,reflection,Method.invoke,"{""class"": ""java.util.Locale"", ""method"": ""readObject""}"
187216,reflection,Method.invoke,"{""class"": ""java.util.Locale"", ""method"": ""readResolve""}"
187221,reflection,Method.invoke,"{""class"": ""java.util.Locale"", ""method"": ""readObject""}"
187226,reflection,Method.invoke,"{""class"": ""java.util.Locale"", ""method"": ""readResolve""}"
187232,reflection,Method.invoke,"{""class"": ""java.util.Locale"", ""method"": ""readObject""}"
187236,reflection,Method.invoke,"{""class"": ""java.util.Locale"", ""method"": ""readResolve""}"
187241,reflection,Method.invoke,"{""class"": ""java.util.Locale"", ""method"": ""readObject""}"
187246,reflection,Method.invoke,"{""class"": ""java.util.Locale"", ""method"": ""readResolve""}"
187251,reflection,Method.invoke,"{""class"": ""java.util.Locale"", ""method"": ""readObject""}"
187256,reflection,Method.invoke,"{""class"": ""java.util.Locale"", ""method"": ""readResolve""}"
187262,reflection,Method.invoke,"{""class"": ""java.util.Locale"", ""method"": ""readObject""}"
187267,reflection,Method.invoke,"{""class"": ""java.util.Locale"", ""method"": ""readResolve""}"
187272,reflection,Method.invoke,"{""class"": ""java.util.Locale"", ""method"": ""readObject""}"
187277,reflection,Method.invoke,"{""class"": ""java.util.Locale"", ""method"": ""readResolve""}"
187283,reflection,Method.invoke,"{""class"": ""java.util.Locale"", ""method"": ""readObject""}"
187288,reflection,Method.invoke,"{""class"": ""java.util.Locale"", ""method"": ""readResolve""}"
187292,reflection,Method.invoke,"{""class"": ""java.util.Locale"", ""method"": ""readObject""}"
187298,reflection,Method.invoke,"{""class"": ""java.util.Locale"", ""method"": ""readResolve""}"
187303,reflection,Method.invoke,"{""class"": ""java.util.Locale"", ""method"": ""readObject""}"
187307,reflection,Method.invoke,"{""class"": ""java.util.Locale"", ""method"": ""readResolve""}"
187312,reflection,Method.invoke,"{""class"": ""java.util.Locale"", ""method"": ""readObject""}"
187316,reflection,Method.invoke,"{""class"": ""java.util.Locale"", ""method"": ""readResolve""}"
187321,reflection,Method.invoke,"{""class"": ""java.util.Locale"", ""method"": ""readObject""}"
187326,reflection,Method.invoke,"{""class"": ""java.util.Locale"", ""method"": ""readResolve""}"
187331,reflection,Method.invoke,"{""class"": ""java.util.Locale"", ""method"": ""readObject""}"
187336,reflection,Method.invoke,"{""class"": ""java.util.Locale"", ""method"": ""readResolve""}"
187341,reflection,Method.invoke,"{""class"": ""java.util.Locale"", ""method"": ""readObject""}"
187345,reflection,Method.invoke,"{""class"": ""java.util.Locale"", ""method"": ""readResolve""}"
187350,reflection,Method.invoke,"{""class"": ""java.util.Locale"", ""method"": ""readObject""}"
187355,reflection,Method.invoke,"{""class"": ""java.util.Locale"", ""method"": ""readResolve""}"
187359,reflection,Method.invoke,"{""class"": ""java.util.Locale"", ""method"": ""readObject""}"
187364,reflection,Method.invoke,"{""class"": ""java.util.Locale"", ""method"": ""readResolve""}"
187369,reflection,Method.invoke,"{""class"": ""java.util.Locale"", ""method"": ""readObject""}"
187374,reflection,Method.invoke,"{""class"": ""java.util.Locale"", ""method"": ""readResolve""}"
187378,reflection,Method.invoke,"{""class"": ""java.util.Locale"", ""method"": ""readObject""}"
187383,reflection,Method.invoke,"{""class"": ""java.util.Locale"", ""method"": ""readResolve""}"
187388,reflection,Method.invoke,"{""class"": ""java.util.Locale"", ""method"": ""readObject""}"
187393,reflection,Method.invoke,"{""class"": ""java.util.Locale"", ""method"": ""readResolve""}"
187399,reflection,Method.invoke,"{""class"": ""java.util.Locale"", ""method"": ""readObject""}"
187403,reflection,Method.invoke,"{""class"": ""java.util.Locale"", ""method"": ""readResolve""}"
187408,reflection,Method.invoke,"{""class"": ""java.util.Locale"", ""method"": ""readObject""}"
187413,reflection,Method.invoke,"{""class"": ""java.util.Locale"", ""method"": ""readResolve""}"
187418,reflection,Method.invoke,"{""class"": ""java.util.Locale"", ""method"": ""readObject""}"
187423,reflection,Method.invoke,"{""class"": ""java.util.Locale"", ""method"": ""readResolve""}"
187428,reflection,Method.invoke,"{""class"": ""java.util.Locale"", ""method"": ""readObject""}"
187433,reflection,Method.invoke,"{""class"": ""java.util.Locale"", ""method"": ""readResolve""}"
187439,reflection,Method.invoke,"{""class"": ""java.util.Locale"", ""method"": ""readObject""}"
187444,reflection,Method.invoke,"{""class"": ""java.util.Locale"", ""method"": ""readResolve""}"
187449,reflection,Method.invoke,"{""class"": ""java.util.Locale"", ""method"": ""readObject""}"
187454,reflection,Method.invoke,"{""class"": ""java.util.Locale"", ""method"": ""readResolve""}"
187460,reflection,Method.invoke,"{""class"": ""java.util.Locale"", ""method"": ""readObject""}"
187465,reflection,Method.invoke,"{""class"": ""java.util.Locale"", ""method"": ""readResolve""}"
187470,reflection,Method.invoke,"{""class"": ""java.util.Locale"", ""method"": ""readObject""}"
187475,reflection,Method.invoke,"{""class"": ""java.util.Locale"", ""method"": ""readResolve""}"
187480,reflection,Method.invoke,"{""class"": ""java.util.Locale"", ""method"": ""readObject""}"
187485,reflection,Method.invoke,"{""class"": ""java.util.Locale"", ""method"": ""readResolve""}"
187492,reflection,Method.invoke,"{""class"": ""java.util.Locale"", ""method"": ""readObject""}"
187497,reflection,Method.invoke,"{""class"": ""java.util.Locale"", ""method"": ""readResolve""}"
187502,reflection,Method.invoke,"{""class"": ""java.util.Locale"", ""method"": ""readObject""}"
187507,reflection,Method.invoke,"{""class"": ""java.util.Locale"", ""method"": ""readResolve""}"
187512,reflection,Method.invoke,"{""class"": ""java.util.Locale"", ""method"": ""readObject""}"
187517,reflection,Method.invoke,"{""class"": ""java.util.Locale"", ""method"": ""readResolve""}"
187522,reflection,Method.invoke,"{""class"": ""java.util.Locale"", ""method"": ""readObject""}"
187527,reflection,Method.invoke,"{""class"": ""java.util.Locale"", ""method"": ""readResolve""}"
187532,reflection,Method.invoke,"{""class"": ""java.util.Locale"", ""method"": ""readObject""}"
187536,reflection,Method.invoke,"{""class"": ""java.util.Locale"", ""method"": ""readResolve""}"
187541,reflection,Method.invoke,"{""class"": ""java.util.Locale"", ""method"": ""readObject""}"
187547,reflection,Method.invoke,"{""class"": ""java.util.Locale"", ""method"": ""readResolve""}"
187552,reflection,Method.invoke,"{""class"": ""java.util.Locale"", ""method"": ""readObject""}"
187557,reflection,Method.invoke,"{""class"": ""java.util.Locale"", ""method"": ""readResolve""}"
187562,reflection,Method.invoke,"{""class"": ""java.util.Locale"", ""method"": ""readObject""}"
187567,reflection,Method.invoke,"{""class"": ""java.util.Locale"", ""method"": ""readResolve""}"
187572,reflection,Method.invoke,"{""class"": ""java.util.Locale"", ""method"": ""readObject""}"
187576,reflection,Method.invoke,"{""class"": ""java.util.Locale"", ""method"": ""readResolve""}"
187582,reflection,Method.invoke,"{""class"": ""java.util.Locale"", ""method"": ""readObject""}"
187586,reflection,Method.invoke,"{""class"": ""java.util.Locale"", ""method"": ""readResolve""}"
187592,reflection,Method.invoke,"{""class"": ""java.util.Locale"", ""method"": ""readObject""}"
187597,reflection,Method.invoke,"{""class"": ""java.util.Locale"", ""method"": ""readResolve""}"
187603,reflection,Method.invoke,"{""class"": ""java.util.Locale"", ""method"": ""readObject""}"
187607,reflection,Method.invoke,"{""class"": ""java.util.Locale"", ""method"": ""readResolve""}"
187612,reflection,Method.invoke,"{""class"": ""java.util.Locale"", ""method"": ""readObject""}"
187617,reflection,Method.invoke,"{""class"": ""java.util.Locale"", ""method"": ""readResolve""}"
187622,reflection,Method.invoke,"{""class"": ""java.util.Locale"", ""method"": ""readObject""}"
187626,reflection,Method.invoke,"{""class"": ""java.util.Locale"", ""method"": ""readResolve""}"
187632,reflection,Method.invoke,"{""class"": ""java.util.Locale"", ""method"": ""readObject""}"
187636,reflection,Method.invoke,"{""class"": ""java.util.Locale"", ""method"": ""readResolve""}"
187641,reflection,Method.invoke,"{""class"": ""java.util.Locale"", ""method"": ""readObject""}"
187647,reflection,Method.invoke,"{""class"": ""java.util.Locale"", ""method"": ""readResolve""}"
187652,reflection,Method.invoke,"{""class"": ""java.util.Locale"", ""method"": ""readObject""}"
187658,reflection,Method.invoke,"{""class"": ""java.util.Locale"", ""method"": ""readResolve""}"
187663,reflection,Method.invoke,"{""class"": ""java.util.Locale"", ""method"": ""readObject""}"
187667,reflection,Method.invoke,"{""class"": ""java.util.Locale"", ""method"": ""readResolve""}"
187672,reflection,Method.invoke,"{""class"": ""java.util.Locale"", ""method"": ""readObject""}"
187677,reflection,Method.invoke,"{""class"": ""java.util.Locale"", ""method"": ""readResolve""}"
187683,reflection,Method.invoke,"{""class"": ""java.util.Locale"", ""method"": ""readObject""}"
187687,reflection,Method.invoke,"{""class"": ""java.util.Locale"", ""method"": ""readResolve""}"
187692,reflection,Method.invoke,"{""class"": ""java.util.Locale"", ""method"": ""readObject""}"
187697,reflection,Method.invoke,"{""class"": ""java.util.Locale"", ""method"": ""readResolve""}"
187703,reflection,Method.invoke,"{""class"": ""java.util.Locale"", ""method"": ""readObject""}"
187708,reflection,Method.invoke,"{""class"": ""java.util.Locale"", ""method"": ""readResolve""}"
187713,reflection,Method.invoke,"{""class"": ""java.util.Locale"", ""method"": ""readObject""}"
187718,reflection,Method.invoke,"{""class"": ""java.util.Locale"", ""method"": ""readResolve""}"
187723,reflection,Method.invoke,"{""class"": ""java.util.Locale"", ""method"": ""readObject""}"
187729,reflection,Method.invoke,"{""class"": ""java.util.Locale"", ""method"": ""readResolve""}"
187734,reflection,Method.invoke,"{""class"": ""java.util.Locale"", ""method"": ""readObject""}"
187738,reflection,Method.invoke,"{""class"": ""java.util.Locale"", ""method"": ""readResolve""}"
187743,reflection,Method.invoke,"{""class"": ""java.util.Locale"", ""method"": ""readObject""}"
187748,reflection,Method.invoke,"{""class"": ""java.util.Locale"", ""method"": ""readResolve""}"
187753,reflection,Method.invoke,"{""class"": ""java.util.Locale"", ""method"": ""readObject""}"
187758,reflection,Method.invoke,"{""class"": ""java.util.Locale"", ""method"": ""readResolve""}"
187763,reflection,Method.invoke,"{""class"": ""java.util.Locale"", ""method"": ""readObject""}"
187768,reflection,Method.invoke,"{""class"": ""java.util.Locale"", ""method"": ""readResolve""}"
187773,reflection,Method.invoke,"{""class"": ""java.util.Locale"", ""method"": ""readObject""}"
187778,reflection,Method.invoke,"{""class"": ""java.util.Locale"", ""method"": ""readResolve""}"
187783,reflection,Method.invoke,"{""class"": ""java.util.Locale"", ""method"": ""readObject""}"
187788,reflection,Method.invoke,"{""class"": ""java.util.Locale"", ""method"": ""readResolve""}"
187793,reflection,Method.invoke,"{""class"": ""java.util.Locale"", ""method"": ""readObject""}"
187797,reflection,Method.invoke,"{""class"": ""java.util.Locale"", ""method"": ""readResolve""}"
187802,reflection,Method.invoke,"{""class"": ""java.util.Locale"", ""method"": ""readObject""}"
187807,reflection,Method.invoke,"{""class"": ""java.util.Locale"", ""method"": ""readResolve""}"
187812,reflection,Method.invoke,"{""class"": ""java.util.Locale"", ""method"": ""readObject""}"
187818,reflection,Method.invoke,"{""class"": ""java.util.Locale"", ""method"": ""readResolve""}"
187823,reflection,Method.invoke,"{""class"": ""java.util.Locale"", ""method"": ""readObject""}"
187827,reflection,Method.invoke,"{""class"": ""java.util.Locale"", ""method"": ""readResolve""}"
187832,reflection,Method.invoke,"{""class"": ""java.util.Locale"", ""method"": ""readObject""}"
187837,reflection,Method.invoke,"{""class"": ""java.util.Locale"", ""method"": ""readResolve""}"
187845,reflection,Method.invoke,"{""class"": ""java.util.Locale"", ""method"": ""readObject""}"
187854,reflection,Method.invoke,"{""class"": ""java.util.Locale"", ""method"": ""readResolve""}"
187859,reflection,Method.invoke,"{""class"": ""java.util.Locale"", ""method"": ""readObject""}"
187868,reflection,Method.invoke,"{""class"": ""java.util.Locale"", ""method"": ""readResolve""}"
187873,reflection,Method.invoke,"{""class"": ""java.util.Locale"", ""method"": ""readObject""}"
187878,reflection,Method.invoke,"{""class"": ""java.util.Locale"", ""method"": ""readResolve""}"
187884,reflection,Method.invoke,"{""class"": ""java.util.Locale"", ""method"": ""readObject""}"
187888,reflection,Method.invoke,"{""class"": ""java.util.Locale"", ""method"": ""readResolve""}"
187894,reflection,Method.invoke,"{""class"": ""java.util.Locale"", ""method"": ""readObject""}"
187899,reflection,Method.invoke,"{""class"": ""java.util.Locale"", ""method"": ""readResolve""}"
187903,reflection,Method.invoke,"{""class"": ""java.util.Locale"", ""method"": ""readObject""}"
187908,reflection,Method.invoke,"{""class"": ""java.util.Locale"", ""method"": ""readResolve""}"
187913,reflection,Method.invoke,"{""class"": ""java.util.Locale"", ""method"": ""readObject""}"
187917,reflection,Method.invoke,"{""class"": ""java.util.Locale"", ""method"": ""readResolve""}"
187922,reflection,Method.invoke,"{""class"": ""java.util.Locale"", ""method"": ""readObject""}"
187927,reflection,Method.invoke,"{""class"": ""java.util.Locale"", ""method"": ""readResolve""}"
187932,reflection,Method.invoke,"{""class"": ""java.util.Locale"", ""method"": ""readObject""}"
187937,reflection,Method.invoke,"{""class"": ""java.util.Locale"", ""method"": ""readResolve""}"
187941,reflection,Method.invoke,"{""class"": ""java.util.Locale"", ""method"": ""readObject""}"
187946,reflection,Method.invoke,"{""class"": ""java.util.Locale"", ""method"": ""readResolve""}"
187952,reflection,Method.invoke,"{""class"": ""java.util.Locale"", ""method"": ""readObject""}"
187958,reflection,Method.invoke,"{""class"": ""java.util.Locale"", ""method"": ""readResolve""}"
187963,reflection,Method.invoke,"{""class"": ""java.util.Locale"", ""method"": ""readObject""}"
187968,reflection,Method.invoke,"{""class"": ""java.util.Locale"", ""method"": ""readResolve""}"
187972,reflection,Method.invoke,"{""class"": ""java.util.Locale"", ""method"": ""readObject""}"
187976,reflection,Method.invoke,"{""class"": ""java.util.Locale"", ""method"": ""readResolve""}"
187981,reflection,Method.invoke,"{""class"": ""java.util.Locale"", ""method"": ""readObject""}"
187985,reflection,Method.invoke,"{""class"": ""java.util.Locale"", ""method"": ""readResolve""}"
187991,reflection,Method.invoke,"{""class"": ""java.util.Locale"", ""method"": ""readObject""}"
187995,reflection,Method.invoke,"{""class"": ""java.util.Locale"", ""method"": ""readResolve""}"
188000,reflection,Method.invoke,"{""class"": ""java.util.Locale"", ""method"": ""readObject""}"
188005,reflection,Method.invoke,"{""class"": ""java.util.Locale"", ""method"": ""readResolve""}"
188010,reflection,Method.invoke,"{""class"": ""java.util.Locale"", ""method"": ""readObject""}"
188014,reflection,Method.invoke,"{""class"": ""java.util.Locale"", ""method"": ""readResolve""}"
188019,reflection,Method.invoke,"{""class"": ""java.util.Locale"", ""method"": ""readObject""}"
188024,reflection,Method.invoke,"{""class"": ""java.util.Locale"", ""method"": ""readResolve""}"
188029,reflection,Method.invoke,"{""class"": ""java.util.Locale"", ""method"": ""readObject""}"
188034,reflection,Method.invoke,"{""class"": ""java.util.Locale"", ""method"": ""readResolve""}"
188039,reflection,Method.invoke,"{""class"": ""java.util.Locale"", ""method"": ""readObject""}"
188044,reflection,Method.invoke,"{""class"": ""java.util.Locale"", ""method"": ""readResolve""}"
188049,reflection,Method.invoke,"{""class"": ""java.util.Locale"", ""method"": ""readObject""}"
188053,reflection,Method.invoke,"{""class"": ""java.util.Locale"", ""method"": ""readResolve""}"
188059,reflection,Method.invoke,"{""class"": ""java.util.Locale"", ""method"": ""readObject""}"
188064,reflection,Method.invoke,"{""class"": ""java.util.Locale"", ""method"": ""readResolve""}"
188070,reflection,Method.invoke,"{""class"": ""java.util.Locale"", ""method"": ""readObject""}"
188075,reflection,Method.invoke,"{""class"": ""java.util.Locale"", ""method"": ""readResolve""}"
188080,reflection,Method.invoke,"{""class"": ""java.util.Locale"", ""method"": ""readObject""}"
188085,reflection,Method.invoke,"{""class"": ""java.util.Locale"", ""method"": ""readResolve""}"
188090,reflection,Method.invoke,"{""class"": ""java.util.Locale"", ""method"": ""readObject""}"
188095,reflection,Method.invoke,"{""class"": ""java.util.Locale"", ""method"": ""readResolve""}"
188100,reflection,Method.invoke,"{""class"": ""java.util.Locale"", ""method"": ""readObject""}"
188105,reflection,Method.invoke,"{""class"": ""java.util.Locale"", ""method"": ""readResolve""}"
188110,reflection,Method.invoke,"{""class"": ""java.util.Locale"", ""method"": ""readObject""}"
188116,reflection,Method.invoke,"{""class"": ""java.util.Locale"", ""method"": ""readResolve""}"
188121,reflection,Method.invoke,"{""class"": ""java.util.Locale"", ""method"": ""readObject""}"
188125,reflection,Method.invoke,"{""class"": ""java.util.Locale"", ""method"": ""readResolve""}"
188131,reflection,Method.invoke,"{""class"": ""java.util.Locale"", ""method"": ""readObject""}"
188135,reflection,Method.invoke,"{""class"": ""java.util.Locale"", ""method"": ""readResolve""}"
188140,reflection,Method.invoke,"{""class"": ""java.util.Locale"", ""method"": ""readObject""}"
188144,reflection,Method.invoke,"{""class"": ""java.util.Locale"", ""method"": ""readResolve""}"
188150,reflection,Method.invoke,"{""class"": ""java.util.Locale"", ""method"": ""readObject""}"
188154,reflection,Method.invoke,"{""class"": ""java.util.Locale"", ""method"": ""readResolve""}"
188159,reflection,Method.invoke,"{""class"": ""java.util.Locale"", ""method"": ""readObject""}"
188164,reflection,Method.invoke,"{""class"": ""java.util.Locale"", ""method"": ""readResolve""}"
188169,reflection,Method.invoke,"{""class"": ""java.util.Locale"", ""method"": ""readObject""}"
188174,reflection,Method.invoke,"{""class"": ""java.util.Locale"", ""method"": ""readResolve""}"
188179,reflection,Method.invoke,"{""class"": ""java.util.Locale"", ""method"": ""readObject""}"
188184,reflection,Method.invoke,"{""class"": ""java.util.Locale"", ""method"": ""readResolve""}"
188190,reflection,Method.invoke,"{""class"": ""java.util.Locale"", ""method"": ""readObject""}"
188194,reflection,Method.invoke,"{""class"": ""java.util.Locale"", ""method"": ""readResolve""}"
188200,reflection,Method.invoke,"{""class"": ""java.util.Locale"", ""method"": ""readObject""}"
188205,reflection,Method.invoke,"{""class"": ""java.util.Locale"", ""method"": ""readResolve""}"
188210,reflection,Method.invoke,"{""class"": ""java.util.Locale"", ""method"": ""readObject""}"
188215,reflection,Method.invoke,"{""class"": ""java.util.Locale"", ""method"": ""readResolve""}"
188220,reflection,Method.invoke,"{""class"": ""java.util.Locale"", ""method"": ""readObject""}"
188225,reflection,Method.invoke,"{""class"": ""java.util.Locale"", ""method"": ""readResolve""}"
188230,reflection,Method.invoke,"{""class"": ""java.util.Locale"", ""method"": ""readObject""}"
188236,reflection,Method.invoke,"{""class"": ""java.util.Locale"", ""method"": ""readResolve""}"
188243,reflection,Method.invoke,"{""class"": ""java.util.Locale"", ""method"": ""readObject""}"
188247,reflection,Method.invoke,"{""class"": ""java.util.Locale"", ""method"": ""readResolve""}"
188252,reflection,Method.invoke,"{""class"": ""java.util.Locale"", ""method"": ""readObject""}"
188257,reflection,Method.invoke,"{""class"": ""java.util.Locale"", ""method"": ""readResolve""}"
188263,reflection,Method.invoke,"{""class"": ""java.util.Locale"", ""method"": ""readObject""}"
188267,reflection,Method.invoke,"{""class"": ""java.util.Locale"", ""method"": ""readResolve""}"
188273,reflection,Method.invoke,"{""class"": ""java.util.Locale"", ""method"": ""readObject""}"
188277,reflection,Method.invoke,"{""class"": ""java.util.Locale"", ""method"": ""readResolve""}"
188283,reflection,Method.invoke,"{""class"": ""java.util.Locale"", ""method"": ""readObject""}"
188287,reflection,Method.invoke,"{""class"": ""java.util.Locale"", ""method"": ""readResolve""}"
188292,reflection,Method.invoke,"{""class"": ""java.util.Locale"", ""method"": ""readObject""}"
188296,reflection,Method.invoke,"{""class"": ""java.util.Locale"", ""method"": ""readResolve""}"
188301,reflection,Method.invoke,"{""class"": ""java.util.Locale"", ""method"": ""readObject""}"
188306,reflection,Method.invoke,"{""class"": ""java.util.Locale"", ""method"": ""readResolve""}"
188311,reflection,Method.invoke,"{""class"": ""java.util.Locale"", ""method"": ""readObject""}"
188316,reflection,Method.invoke,"{""class"": ""java.util.Locale"", ""method"": ""readResolve""}"
211052,reflection,Method.invoke,"{""class"": ""android.view.View"", ""method"": ""getElevation""}"
211064,reflection,Method.invoke,"{""class"": ""org.fossasia.susi.ai.chat.ChatActivity"", ""method"": ""openSettings""}"
211075,reflection,Method.invoke,"{""class"": ""android.view.View"", ""method"": ""getElevation""}"
211092,reflection,Method.invoke,"{""class"": ""android.view.ViewGroup"", ""method"": ""makeOptionalFitsSystemWindows""}"
211098,storage,SharedPreferences.getString,"{""key"": ""prefLanguage""}"
211098,network,okhttp3.RealCall.enqueue,"{""method"": ""GET"", ""url"": ""https://api.susi.ai/cms/getSkillMetricsData.json?model=general&language=en""}"
211099,reflection,Method.invoke,"{""class"": ""dalvik.system.CloseGuard"", ""method"": ""get""}"
211100,reflection,Method.invoke,"{""class"": ""dalvik.system.CloseGuard"", ""method"": ""open""}"
211120,network,Socket.connect,"{""endpoint"": ""api.susi.ai/167.235.1.187:443""}"
211182,reflection,Method.invoke,"{""class"": ""com.android.org.conscrypt.ConscryptFileDescriptorSocket"", ""method"": ""setUseSessionTickets""}"
211193,reflection,Method.invoke,"{""class"": ""com.android.org.conscrypt.ConscryptFileDescriptorSocket"", ""method"": ""setHostname""}"
211208,reflection,Method.invoke,"{""class"": ""com.android.org.conscrypt.OpenSSLSocketImpl"", ""method"": ""setAlpnProtocols""}"
211275,crypto,MessageDigest.getInstance,"{""algorithm"": ""MD5""}"
211286,crypto,MessageDigest.digest,{}
211293,crypto,MessageDigest.getInstance,"{""algorithm"": ""SHA1""}"
211303,crypto,MessageDigest.digest,{}
211310,crypto,MessageDigest.getInstance,"{""algorithm"": ""MD5""}"
211321,crypto,MessageDigest.digest,{}
211337,crypto,MessageDigest.getInstance,"{""algorithm"": ""SHA1""}"
211343,crypto,MessageDigest.digest,{}
211355,crypto,MessageDigest.getInstance,"{""algorithm"": ""MD5""}"
211361,crypto,MessageDigest.digest,{}
211373,crypto,MessageDigest.getInstance,"{""algorithm"": ""SHA1""}"
211377,crypto,MessageDigest.digest,{}
211403,crypto,MessageDigest.getInstance,"{""algorithm"": ""MD5""}"
211408,crypto,MessageDigest.digest,{}
211425,crypto,MessageDigest.getInstance,"{""algorithm"": ""SHA1""}"
211436,crypto,MessageDigest.digest,{}
211442,crypto,MessageDigest.getInstance,"{""algorithm"": ""SHA1""}"
211449,crypto,MessageDigest.digest,{}
211454,crypto,MessageDigest.getInstance,"{""algorithm"": ""SHA1""}"
211458,crypto,MessageDigest.digest,{}
211474,crypto,MessageDigest.getInstance,"{""algorithm"": ""SHA1""}"
211479,crypto,MessageDigest.digest,{}
211486,crypto,MessageDigest.getInstance,"{""algorithm"": ""SHA1""}"
211492,crypto,MessageDigest.digest,{}
211496,crypto,MessageDigest.getInstance,"{""algorithm"": ""SHA1""}"
211502,crypto,MessageDigest.digest,{}
211510,crypto,MessageDigest.getInstance,"{""algorithm"": ""SHA1""}"
211519,crypto,MessageDigest.digest,{}
211528,crypto,MessageDigest.getInstance,"{""algorithm"": ""SHA-256""}"
211539,crypto,MessageDigest.digest,{}
257198,lifecycle,hook_loaded,"{""stage"": ""java_perform"", ""version"": ""3""}"
268733,ipc_intents,Context.bindService,"{""action"": ""android.speech.RecognitionService"", ""flags"": 1, ""target"": ""com.google.android.googlequicksearchbox/com.google.android.voicesearch.serviceapi.GoogleRecognitionService""}"
292783,reflection,Method.invoke,"{""class"": ""android.view.View"", ""method"": ""getElevation""}"
292797,reflection,Method.invoke,"{""class"": ""org.fossasia.susi.ai.chat.ChatActivity"", ""method"": ""openSettings""}"
292805,reflection,Method.invoke,"{""class"": ""android.view.View"", ""method"": ""getElevation""}"
292831,reflection,Method.invoke,"{""class"": ""android.view.ViewGroup"", ""method"": ""makeOptionalFitsSystemWindows""}"
292837,storage,SharedPreferences.getString,"{""key"": ""prefLanguage""}"
292837,storage,SharedPreferences.getString,"{""key"": ""preferences_running_base_url""}"
292844,network,okhttp3.RealCall.enqueue,"{""method"": ""GET"", ""url"": ""https://api.susi.ai/cms/getSkillMetricsData.json?model=general&language=en""}"
292845,reflection,Method.invoke,"{""class"": ""dalvik.system.CloseGuard"", ""method"": ""get""}"
292846,reflection,Method.invoke,"{""class"": ""dalvik.system.CloseGuard"", ""method"": ""open""}"
292876,network,Socket.connect,"{""endpoint"": ""api.susi.ai/167.235.1.187:443""}"
292937,reflection,Method.invoke,"{""class"": ""com.android.org.conscrypt.ConscryptFileDescriptorSocket"", ""method"": ""setUseSessionTickets""}"
292947,reflection,Method.invoke,"{""class"": ""com.android.org.conscrypt.ConscryptFileDescriptorSocket"", ""method"": ""setHostname""}"
292956,reflection,Method.invoke,"{""class"": ""com.android.org.conscrypt.OpenSSLSocketImpl"", ""method"": ""setAlpnProtocols""}"
293022,crypto,MessageDigest.getInstance,"{""algorithm"": ""SHA-256""}"
293035,crypto,MessageDigest.digest,{}
293040,crypto,MessageDigest.getInstance,"{""algorithm"": ""SHA-256""}"
293044,crypto,MessageDigest.digest,{}
293055,crypto,MessageDigest.getInstance,"{""algorithm"": ""SHA-256""}"
293063,crypto,MessageDigest.digest,{}
293069,crypto,MessageDigest.getInstance,"{""algorithm"": ""SHA-256""}"
293073,crypto,MessageDigest.digest,{}
293079,crypto,MessageDigest.getInstance,"{""algorithm"": ""SHA-256""}"
293088,crypto,MessageDigest.digest,{}
293099,crypto,MessageDigest.getInstance,"{""algorithm"": ""SHA-256""}"
293104,crypto,MessageDigest.digest,{}
293115,crypto,MessageDigest.getInstance,"{""algorithm"": ""SHA-256""}"
293121,crypto,MessageDigest.digest,{}
293125,crypto,MessageDigest.getInstance,"{""algorithm"": ""SHA-256""}"
293140,crypto,MessageDigest.digest,{}
293145,crypto,MessageDigest.getInstance,"{""algorithm"": ""MD5""}"
293152,crypto,MessageDigest.digest,{}
293158,crypto,MessageDigest.getInstance,"{""algorithm"": ""SHA1""}"
293163,crypto,MessageDigest.digest,{}
293171,crypto,MessageDigest.getInstance,"{""algorithm"": ""MD5""}"
293182,crypto,MessageDigest.digest,{}
293188,crypto,MessageDigest.getInstance,"{""algorithm"": ""SHA1""}"
293192,crypto,MessageDigest.digest,{}
293200,crypto,MessageDigest.getInstance,"{""algorithm"": ""MD5""}"
293204,crypto,MessageDigest.digest,{}
293209,crypto,MessageDigest.getInstance,"{""algorithm"": ""SHA1""}"
293218,crypto,MessageDigest.digest,{}
293229,crypto,MessageDigest.getInstance,"{""algorithm"": ""MD5""}"
293242,crypto,MessageDigest.digest,{}
293251,crypto,MessageDigest.getInstance,"{""algorithm"": ""SHA1""}"
293255,crypto,MessageDigest.digest,{}
293262,crypto,MessageDigest.getInstance,"{""algorithm"": ""MD5""}"
293272,crypto,MessageDigest.digest,{}
293279,crypto,MessageDigest.getInstance,"{""algorithm"": ""SHA1""}"
293286,crypto,MessageDigest.digest,{}
293293,crypto,MessageDigest.getInstance,"{""algorithm"": ""SHA1""}"
293302,crypto,MessageDigest.digest,{}
293309,crypto,MessageDigest.getInstance,"{""algorithm"": ""SHA1""}"
293318,crypto,MessageDigest.digest,{}
293324,crypto,MessageDigest.getInstance,"{""algorithm"": ""SHA1""}"
293333,crypto,MessageDigest.digest,{}
293341,crypto,MessageDigest.getInstance,"{""algorithm"": ""SHA1""}"
293345,crypto,MessageDigest.digest,{}
293358,crypto,MessageDigest.getInstance,"{""algorithm"": ""SHA1""}"
293367,crypto,MessageDigest.digest,{}
293378,crypto,MessageDigest.getInstance,"{""algorithm"": ""SHA-256""}"
293390,crypto,MessageDigest.digest,{}
339727,lifecycle,hook_loaded,"{""stage"": ""java_perform"", ""version"": ""3""}"
355678,reflection,Method.invoke,"{""class"": ""android.view.View"", ""method"": ""getElevation""}"
355700,reflection,Method.invoke,"{""class"": ""org.fossasia.susi.ai.chat.ChatActivity"", ""method"": ""openSettings""}"
355809,reflection,Method.invoke,"{""class"": ""android.view.ViewGroup"", ""method"": ""makeOptionalFitsSystemWindows""}"
355840,storage,SharedPreferences.getString,"{""key"": ""prefLanguage""}"
355844,storage,SharedPreferences.getString,"{""key"": ""preferences_running_base_url""}"
355890,network,okhttp3.RealCall.enqueue,"{""method"": ""GET"", ""url"": ""https://api.susi.ai/cms/getSkillMetricsData.json?model=general&language=en""}"
355895,reflection,Method.invoke,"{""class"": ""dalvik.system.CloseGuard"", ""method"": ""get""}"
355909,reflection,Method.invoke,"{""class"": ""dalvik.system.CloseGuard"", ""method"": ""open""}"
355946,reflection,Method.invoke,"{""class"": ""android.view.View"", ""method"": ""getElevation""}"
355957,network,Socket.connect,"{""endpoint"": ""api.susi.ai/167.235.1.187:443""}"
356033,reflection,Method.invoke,"{""class"": ""com.android.org.conscrypt.ConscryptFileDescriptorSocket"", ""method"": ""setUseSessionTickets""}"
356045,reflection,Method.invoke,"{""class"": ""com.android.org.conscrypt.ConscryptFileDescriptorSocket"", ""method"": ""setHostname""}"
356065,reflection,Method.invoke,"{""class"": ""com.android.org.conscrypt.OpenSSLSocketImpl"", ""method"": ""setAlpnProtocols""}"
356134,crypto,MessageDigest.getInstance,"{""algorithm"": ""SHA-256""}"
356144,crypto,MessageDigest.digest,{}
356153,crypto,MessageDigest.getInstance,"{""algorithm"": ""SHA-256""}"
356158,crypto,MessageDigest.digest,{}
356169,crypto,MessageDigest.getInstance,"{""algorithm"": ""SHA-256""}"
356177,crypto,MessageDigest.digest,{}
356183,crypto,MessageDigest.getInstance,"{""algorithm"": ""SHA-256""}"
356194,crypto,MessageDigest.digest,{}
356202,crypto,MessageDigest.getInstance,"{""algorithm"": ""SHA-256""}"
356210,crypto,MessageDigest.digest,{}
356216,crypto,MessageDigest.getInstance,"{""algorithm"": ""SHA-256""}"
356221,crypto,MessageDigest.digest,{}
356227,crypto,MessageDigest.getInstance,"{""algorithm"": ""SHA-256""}"
356235,crypto,MessageDigest.digest,{}
356245,crypto,MessageDigest.getInstance,"{""algorithm"": ""SHA-256""}"
356256,crypto,MessageDigest.digest,{}
356263,crypto,MessageDigest.getInstance,"{""algorithm"": ""MD5""}"
356271,crypto,MessageDigest.digest,{}
356288,crypto,MessageDigest.getInstance,"{""algorithm"": ""SHA1""}"
356291,crypto,MessageDigest.digest,{}
356313,crypto,MessageDigest.getInstance,"{""algorithm"": ""MD5""}"
356319,crypto,MessageDigest.digest,{}
356335,crypto,MessageDigest.getInstance,"{""algorithm"": ""SHA1""}"
356342,crypto,MessageDigest.digest,{}
356352,crypto,MessageDigest.getInstance,"{""algorithm"": ""MD5""}"
356356,crypto,MessageDigest.digest,{}
356370,crypto,MessageDigest.getInstance,"{""algorithm"": ""SHA1""}"
356380,crypto,MessageDigest.digest,{}
356399,crypto,MessageDigest.getInstance,"{""algorithm"": ""MD5""}"
356400,crypto,MessageDigest.digest,{}
356400,crypto,MessageDigest.getInstance,"{""algorithm"": ""SHA1""}"
356400,crypto,MessageDigest.digest,{}
356400,crypto,MessageDigest.getInstance,"{""algorithm"": ""MD5""}"
356401,crypto,MessageDigest.digest,{}
356403,crypto,MessageDigest.getInstance,"{""algorithm"": ""SHA1""}"
356403,crypto,MessageDigest.digest,{}
356404,crypto,MessageDigest.getInstance,"{""algorithm"": ""SHA1""}"
356407,crypto,MessageDigest.digest,{}
356416,crypto,MessageDigest.getInstance,"{""algorithm"": ""SHA1""}"
356416,crypto,MessageDigest.digest,{}
356419,crypto,MessageDigest.getInstance,"{""algorithm"": ""SHA1""}"
356422,crypto,MessageDigest.digest,{}
356423,crypto,MessageDigest.getInstance,"{""algorithm"": ""SHA1""}"
356424,crypto,MessageDigest.digest,{}
356425,crypto,MessageDigest.getInstance,"{""algorithm"": ""SHA1""}"
356430,crypto,MessageDigest.digest,{}
356449,crypto,MessageDigest.getInstance,"{""algorithm"": ""SHA-256""}"
356449,crypto,MessageDigest.digest,{}
406003,lifecycle,hook_loaded,"{""stage"": ""java_perform"", ""version"": ""3""}"
419069,ipc_intents,Context.bindService,"{""action"": ""android.speech.RecognitionService"", ""flags"": 1, ""target"": ""com.google.android.googlequicksearchbox/com.google.android.voicesearch.serviceapi.GoogleRecognitionService""}"
