13974 1784103158.470393 exit(0)         = ?
13974 1784103158.470542 +++ exited with 0 +++
13973 1784103158.474700 exit(0)         = ?
13975 1784103158.475465 exit(0 <unfinished ...>
13973 1784103158.475500 +++ exited with 0 +++
13972 1784103158.475504 exit(0 <unfinished ...>
13975 1784103158.475605 <... exit resumed>) = ?
13972 1784103158.475623 <... exit resumed>) = ?
13975 1784103158.475766 +++ exited with 0 +++
13972 1784103158.475776 +++ exited with 0 +++
13986 1784103158.478116 newfstatat(AT_FDCWD, "/data", {st_mode=S_IFDIR|0771, st_size=4096, ...}, AT_SYMLINK_NOFOLLOW) = 0
13986 1784103158.478406 newfstatat(AT_FDCWD, "/data/app", {st_mode=S_IFDIR|0771, st_size=4096, ...}, AT_SYMLINK_NOFOLLOW) = 0
13986 1784103158.478666 newfstatat(AT_FDCWD, "/data/app/ca.andries.portknocker-FrzEWEBdr_69tezOsrez8Q==", {st_mode=S_IFDIR|0775, st_size=4096, ...}, AT_SYMLINK_NOFOLLOW) = 0
13986 1784103158.479110 newfstatat(AT_FDCWD, "/data/app/ca.andries.portknocker-FrzEWEBdr_69tezOsrez8Q==/base.apk", {st_mode=S_IFREG|0644, st_size=3525018, ...}, AT_SYMLINK_NOFOLLOW) = 0
13986 1784103158.479379 getcwd("/", 4096) = 2
13986 1784103158.479632 newfstatat(AT_FDCWD, "/base.apk", 0x7115731690, AT_SYMLINK_NOFOLLOW) = -1 ENOENT (No such file or directory)
13999 1784103171.239603 exit(0)         = ?
13999 1784103171.240179 +++ exited with 0 +++
13997 1784103171.289867 faccessat(AT_FDCWD, "/proc/self/task/13999", F_OK) = -1 ENOENT (No such file or directory)
13965 1784103181.453377 recvfrom(45, "\2\0\0\0\0\0\0\0\345\22\0\0\0\0\0\0@\320T-\261\2\0\0\1\0\0\0\2\20\0\0"..., 2272, MSG_DONTWAIT, NULL, NULL) = 232
13965 1784103181.454013 sendto(45, "\3\0\0\0\0\0\0\0\345\22\0\0\1\0\0\0", 16, MSG_DONTWAIT|MSG_NOSIGNAL, NULL, 0) = 16
13965 1784103181.454058 recvfrom(45, 0x71a5c2bc20, 2272, MSG_DONTWAIT, NULL, NULL) = -1 EAGAIN (Try again)
13965 1784103181.454390 recvfrom(45, "\2\0\0\0\0\0\0\0\347\22\0\0\0\0\0\0@\320T-\261\2\0\0\1\0\0\0\2\20\0\0"..., 2272, MSG_DONTWAIT, NULL, NULL) = 232
13965 1784103181.454619 recvfrom(42, 0x7fefc85dc0, 3200, MSG_DONTWAIT, NULL, NULL) = -1 EAGAIN (Try again)
13965 1784103181.459438 sendto(45, "\3\0\0\0\0\0\0\0\347\22\0\0\1\0\0\0", 16, MSG_DONTWAIT|MSG_NOSIGNAL, NULL, 0) = 16
13965 1784103181.459649 recvfrom(45, 0x71a5c2bc20, 2272, MSG_DONTWAIT, NULL, NULL) = -1 EAGAIN (Try again)
13965 1784103181.459676 recvfrom(42, "nysv\0\0\0\0\0\0\0\0\0\0\0\0\252\345\260-\261\2\0\0\311\256\2\0\0\0\0\0", 3200, MSG_DONTWAIT, NULL, NULL) = 32
13965 1784103181.459703 recvfrom(42, 0x7fefc89590, 3200, MSG_DONTWAIT, NULL, NULL) = -1 EAGAIN (Try again)
13965 1784103181.459729 recvfrom(45, 0x71a5c2bc20, 2272, MSG_DONTWAIT, NULL, NULL) = -1 EAGAIN (Try again)
13965 1784103181.459957 recvfrom(42, 0x7fefc894f0, 3200, MSG_DONTWAIT, NULL, NULL) = -1 EAGAIN (Try again)
14000 1784103181.460368 sendmsg(68, {msg_name=NULL, msg_namelen=0, msg_iov=[{iov_base="l\1\1\1\374\0\0\0L\0\0\0\235\0\0\0\1\1o\0;\0\0\0/re/frid"..., iov_len=428}], msg_iovlen=1, msg_controllen=0, msg_flags=0}, MSG_NOSIGNAL) = 428
14000 1784103181.462403 sendmsg(68, {msg_name=NULL, msg_namelen=0, msg_iov=[{iov_base="l\1\1\1\0\1\0\0M\0\0\0\235\0\0\0\1\1o\0;\0\0\0/re/frid"..., iov_len=432}], msg_iovlen=1, msg_controllen=0, msg_flags=0}, MSG_NOSIGNAL) = 432
13965 1784103181.463259 socket(AF_UNIX, SOCK_DGRAM|SOCK_CLOEXEC|SOCK_NONBLOCK, 0) = 67
13965 1784103181.463300 setsockopt(67, SOL_SOCKET, SO_SNDBUF, [1048576], 4) = 0
13965 1784103181.463322 connect(67, {sa_family=AF_UNIX, sun_path="/dev/socket/statsdw"}, 110) = 0
13965 1784103181.475120 recvfrom(42, "nysv\0\0\0\0\0\0\0\0\0\0\0\0\270r\257.\261\2\0\0\312\256\2\0\0\0\0\0", 3200, MSG_DONTWAIT, NULL, NULL) = 32
13965 1784103181.475143 recvfrom(42, 0x7fefc89590, 3200, MSG_DONTWAIT, NULL, NULL) = -1 EAGAIN (Try again)
13965 1784103181.475177 recvfrom(45, 0x71a5c2bc20, 2272, MSG_DONTWAIT, NULL, NULL) = -1 EAGAIN (Try again)
13965 1784103181.475302 recvfrom(42, 0x7fefc894f0, 3200, MSG_DONTWAIT, NULL, NULL) = -1 EAGAIN (Try again)
13987 1784103181.494492 recvfrom(43, 0x71155c1eb0, 3200, MSG_DONTWAIT, NULL, NULL) = -1 EAGAIN (Try again)
13965 1784103181.496375 recvfrom(42, "nysv\0\0\0\0\0\0\0\0\0\0\0\0\276\303\255/\261\2\0\0\313\256\2\0\0\0\0\0", 3200, MSG_DONTWAIT, NULL, NULL) = 32
13965 1784103181.496438 recvfrom(42, 0x7fefc89590, 3200, MSG_DONTWAIT, NULL, NULL) = -1 EAGAIN (Try again)
13965 1784103181.496568 recvfrom(45, 0x71a5c2bc20, 2272, MSG_DONTWAIT, NULL, NULL) = -1 EAGAIN (Try again)
13965 1784103181.496685 recvfrom(42, 0x7fefc894f0, 3200, MSG_DONTWAIT, NULL, NULL) = -1 EAGAIN (Try again)
13987 1784103181.541763 recvfrom(43, "nysv\0\0\0\0\0\0\0\0\0\0\0\0\212U\2540\261\2\0\0\314\256\2\0\0\0\0\0", 3200, MSG_DONTWAIT, NULL, NULL) = 32
13987 1784103181.542057 recvfrom(43, 0x71155c1eb0, 3200, MSG_DONTWAIT, NULL, NULL) = -1 EAGAIN (Try again)
13965 1784103181.546420 recvfrom(42, "nysv\0\0\0\0\0\0\0\0\0\0\0\0\212U\2540\261\2\0\0\314\256\2\0\0\0\0\0", 3200, MSG_DONTWAIT, NULL, NULL) = 32
13965 1784103181.546438 recvfrom(42, 0x7fefc89590, 3200, MSG_DONTWAIT, NULL, NULL) = -1 EAGAIN (Try again)
13965 1784103181.546507 recvfrom(42, 0x7fefc88940, 3200, MSG_DONTWAIT, NULL, NULL) = -1 EAGAIN (Try again)
13987 1784103181.580901 recvfrom(43, "nysv\0\0\0\0\0\0\0\0\0\0\0\0\17\332\2473\261\2\0\0\317\256\2\0\0\0\0\0", 3200, MSG_DONTWAIT, NULL, NULL) = 32
13987 1784103181.581060 recvfrom(43, 0x71155c1eb0, 3200, MSG_DONTWAIT, NULL, NULL) = -1 EAGAIN (Try again)
13965 1784103181.582422 recvfrom(42, "nysv\0\0\0\0\0\0\0\0\0\0\0\0\17\332\2473\261\2\0\0\317\256\2\0\0\0\0\0", 3200, MSG_DONTWAIT, NULL, NULL) = 32
13965 1784103181.582434 recvfrom(42, 0x7fefc89590, 3200, MSG_DONTWAIT, NULL, NULL) = -1 EAGAIN (Try again)
13965 1784103181.584175 recvfrom(45, 0x71a5c2bc20, 2272, MSG_DONTWAIT, NULL, NULL) = -1 EAGAIN (Try again)
14000 1784103181.584332 sendmsg(68, {msg_name=NULL, msg_namelen=0, msg_iov=[{iov_base="l\1\1\1\374\0\0\0N\0\0\0\235\0\0\0\1\1o\0;\0\0\0/re/frid"..., iov_len=428}], msg_iovlen=1, msg_controllen=0, msg_flags=0}, MSG_NOSIGNAL) = 428
13965 1784103181.584572 recvfrom(42, 0x7fefc88520, 3200, MSG_DONTWAIT, NULL, NULL) = -1 EAGAIN (Try again)
14000 1784103181.586743 sendmsg(68, {msg_name=NULL, msg_namelen=0, msg_iov=[{iov_base="l\1\1\1\0\1\0\0O\0\0\0\235\0\0\0\1\1o\0;\0\0\0/re/frid"..., iov_len=432}], msg_iovlen=1, msg_controllen=0, msg_flags=0}, MSG_NOSIGNAL) = 432
13987 1784103181.601757 recvfrom(43, "nysv\0\0\0\0\0\0\0\0\0\0\0\0g\332\2445\261\2\0\0\321\256\2\0\0\0\0\0", 3200, MSG_DONTWAIT, NULL, NULL) = 32
13987 1784103181.601923 recvfrom(43, 0x71155c1eb0, 3200, MSG_DONTWAIT, NULL, NULL) = -1 EAGAIN (Try again)
13965 1784103181.603094 recvfrom(42, "nysv\0\0\0\0\0\0\0\0\0\0\0\0g\332\2445\261\2\0\0\321\256\2\0\0\0\0\0", 3200, MSG_DONTWAIT, NULL, NULL) = 32
13965 1784103181.603109 recvfrom(42, 0x7fefc89590, 3200, MSG_DONTWAIT, NULL, NULL) = -1 EAGAIN (Try again)
13965 1784103181.603199 recvfrom(42, 0x7fefc890a0, 3200, MSG_DONTWAIT, NULL, NULL) = -1 EAGAIN (Try again)
13987 1784103181.613563 recvfrom(43, "nysv\0\0\0\0\0\0\0\0\0\0\0\0CS\2436\261\2\0\0\322\256\2\0\0\0\0\0", 3200, MSG_DONTWAIT, NULL, NULL) = 32
13987 1784103181.613734 recvfrom(43, 0x71155c1eb0, 3200, MSG_DONTWAIT, NULL, NULL) = -1 EAGAIN (Try again)
13965 1784103181.614900 recvfrom(42, "nysv\0\0\0\0\0\0\0\0\0\0\0\0CS\2436\261\2\0\0\322\256\2\0\0\0\0\0", 3200, MSG_DONTWAIT, NULL, NULL) = 32
13965 1784103181.614917 recvfrom(42, 0x7fefc89590, 3200, MSG_DONTWAIT, NULL, NULL) = -1 EAGAIN (Try again)
13965 1784103181.614947 recvfrom(45, 0x71a5c2bc20, 2272, MSG_DONTWAIT, NULL, NULL) = -1 EAGAIN (Try again)
13965 1784103181.614962 recvfrom(42, 0x7fefc890a0, 3200, MSG_DONTWAIT, NULL, NULL) = -1 EAGAIN (Try again)
13987 1784103181.630690 recvfrom(43, "nysv\0\0\0\0\0\0\0\0\0\0\0\0\320\327\2417\261\2\0\0\323\256\2\0\0\0\0\0", 3200, MSG_DONTWAIT, NULL, NULL) = 32
13987 1784103181.630868 recvfrom(43, 0x71155c1eb0, 3200, MSG_DONTWAIT, NULL, NULL) = -1 EAGAIN (Try again)
13965 1784103181.632019 recvfrom(42, "nysv\0\0\0\0\0\0\0\0\0\0\0\0\320\327\2417\261\2\0\0\323\256\2\0\0\0\0\0", 3200, MSG_DONTWAIT, NULL, NULL) = 32
13965 1784103181.632032 recvfrom(42, 0x7fefc89590, 3200, MSG_DONTWAIT, NULL, NULL) = -1 EAGAIN (Try again)
13965 1784103181.632063 recvfrom(45, 0x71a5c2bc20, 2272, MSG_DONTWAIT, NULL, NULL) = -1 EAGAIN (Try again)
13965 1784103181.632084 recvfrom(42, 0x7fefc890a0, 3200, MSG_DONTWAIT, NULL, NULL) = -1 EAGAIN (Try again)
13987 1784103181.665267 recvfrom(43, "nysv\0\0\0\0\0\0\0\0\0\0\0\0\205X\2408\261\2\0\0\324\256\2\0\0\0\0\0", 3200, MSG_DONTWAIT, NULL, NULL) = 32
13987 1784103181.665431 recvfrom(43, 0x71155c1eb0, 3200, MSG_DONTWAIT, NULL, NULL) = -1 EAGAIN (Try again)
13965 1784103181.666547 recvfrom(42, "nysv\0\0\0\0\0\0\0\0\0\0\0\0\205X\2408\261\2\0\0\324\256\2\0\0\0\0\0", 3200, MSG_DONTWAIT, NULL, NULL) = 32
13965 1784103181.666560 recvfrom(42, 0x7fefc89590, 3200, MSG_DONTWAIT, NULL, NULL) = -1 EAGAIN (Try again)
13965 1784103181.666593 recvfrom(45, 0x71a5c2bc20, 2272, MSG_DONTWAIT, NULL, NULL) = -1 EAGAIN (Try again)
13965 1784103181.666608 recvfrom(42, 0x7fefc890a0, 3200, MSG_DONTWAIT, NULL, NULL) = -1 EAGAIN (Try again)
13987 1784103181.695829 recvfrom(43, "nysv\0\0\0\0\0\0\0\0\0\0\0\0\247f\234:\261\2\0\0\326\256\2\0\0\0\0\0", 3200, MSG_DONTWAIT, NULL, NULL) = 32
13987 1784103181.695994 recvfrom(43, 0x71155c1eb0, 3200, MSG_DONTWAIT, NULL, NULL) = -1 EAGAIN (Try again)
13965 1784103181.697116 recvfrom(42, "nysv\0\0\0\0\0\0\0\0\0\0\0\0\247f\234:\261\2\0\0\326\256\2\0\0\0\0\0", 3200, MSG_DONTWAIT, NULL, NULL) = 32
13965 1784103181.697128 recvfrom(42, 0x7fefc89590, 3200, MSG_DONTWAIT, NULL, NULL) = -1 EAGAIN (Try again)
13965 1784103181.697158 recvfrom(45, 0x71a5c2bc20, 2272, MSG_DONTWAIT, NULL, NULL) = -1 EAGAIN (Try again)
13965 1784103181.697173 recvfrom(42, 0x7fefc890a0, 3200, MSG_DONTWAIT, NULL, NULL) = -1 EAGAIN (Try again)
13987 1784103181.723012 recvfrom(43, "nysv\0\0\0\0\0\0\0\0\0\0\0\0Xg\231<\261\2\0\0\330\256\2\0\0\0\0\0", 3200, MSG_DONTWAIT, NULL, NULL) = 32
13987 1784103181.723180 recvfrom(43, 0x71155c1eb0, 3200, MSG_DONTWAIT, NULL, NULL) = -1 EAGAIN (Try again)
13965 1784103181.724326 recvfrom(42, "nysv\0\0\0\0\0\0\0\0\0\0\0\0Xg\231<\261\2\0\0\330\256\2\0\0\0\0\0", 3200, MSG_DONTWAIT, NULL, NULL) = 32
13965 1784103181.724338 recvfrom(42, 0x7fefc89590, 3200, MSG_DONTWAIT, NULL, NULL) = -1 EAGAIN (Try again)
13965 1784103181.724367 recvfrom(45, 0x71a5c2bc20, 2272, MSG_DONTWAIT, NULL, NULL) = -1 EAGAIN (Try again)
13965 1784103181.724379 recvfrom(42, 0x7fefc894f0, 3200, MSG_DONTWAIT, NULL, NULL) = -1 EAGAIN (Try again)
13965 1784103181.725186 recvfrom(42, "nysv\0\0\0\0\0\0\0\0\0\0\0\0000\351\227=\261\2\0\0\331\256\2\0\0\0\0\0", 3200, MSG_DONTWAIT, NULL, NULL) = 32
13965 1784103181.725200 recvfrom(42, 0x7fefc89590, 3200, MSG_DONTWAIT, NULL, NULL) = -1 EAGAIN (Try again)
13965 1784103181.725221 recvfrom(42, 0x7fefc894f0, 3200, MSG_DONTWAIT, NULL, NULL) = -1 EAGAIN (Try again)
13987 1784103181.734348 recvfrom(43, "nysv\0\0\0\0\0\0\0\0\0\0\0\0000\351\227=\261\2\0\0\331\256\2\0\0\0\0\0", 3200, MSG_DONTWAIT, NULL, NULL) = 32
13987 1784103181.734501 recvfrom(43, 0x71155c1eb0, 3200, MSG_DONTWAIT, NULL, NULL) = -1 EAGAIN (Try again)
13965 1784103181.741514 recvfrom(42, "nysv\0\0\0\0\0\0\0\0\0\0\0\0\261z\226>\261\2\0\0\332\256\2\0\0\0\0\0", 3200, MSG_DONTWAIT, NULL, NULL) = 32
13965 1784103181.741534 recvfrom(42, 0x7fefc89590, 3200, MSG_DONTWAIT, NULL, NULL) = -1 EAGAIN (Try again)
13965 1784103181.741587 recvfrom(42, 0x7fefc894f0, 3200, MSG_DONTWAIT, NULL, NULL) = -1 EAGAIN (Try again)
13987 1784103181.747305 recvfrom(43, "nysv\0\0\0\0\0\0\0\0\0\0\0\0\261z\226>\261\2\0\0\332\256\2\0\0\0\0\0", 3200, MSG_DONTWAIT, NULL, NULL) = 32
13987 1784103181.747532 recvfrom(43, 0x71155c1eb0, 3200, MSG_DONTWAIT, NULL, NULL) = -1 EAGAIN (Try again)
13965 1784103181.759882 recvfrom(42, "nysv\0\0\0\0\0\0\0\0\0\0\0\0\325\247\224?\261\2\0\0\333\256\2\0\0\0\0\0", 3200, MSG_DONTWAIT, NULL, NULL) = 32
13965 1784103181.760195 recvfrom(42, 0x7fefc89590, 3200, MSG_DONTWAIT, NULL, NULL) = -1 EAGAIN (Try again)
13965 1784103181.760247 recvfrom(42, 0x7fefc894f0, 3200, MSG_DONTWAIT, NULL, NULL) = -1 EAGAIN (Try again)
13987 1784103181.765009 recvfrom(43, "nysv\0\0\0\0\0\0\0\0\0\0\0\0\325\247\224?\261\2\0\0\333\256\2\0\0\0\0\0", 3200, MSG_DONTWAIT, NULL, NULL) = 32
13987 1784103181.765174 recvfrom(43, 0x71155c1eb0, 3200, MSG_DONTWAIT, NULL, NULL) = -1 EAGAIN (Try again)
13965 1784103181.776602 recvfrom(42, "nysv\0\0\0\0\0\0\0\0\0\0\0\0\255\325\222@\261\2\0\0\334\256\2\0\0\0\0\0", 3200, MSG_DONTWAIT, NULL, NULL) = 32
13965 1784103181.776625 recvfrom(42, 0x7fefc89590, 3200, MSG_DONTWAIT, NULL, NULL) = -1 EAGAIN (Try again)
13965 1784103181.776688 recvfrom(42, 0x7fefc894f0, 3200, MSG_DONTWAIT, NULL, NULL) = -1 EAGAIN (Try again)
13987 1784103181.779576 recvfrom(43, "nysv\0\0\0\0\0\0\0\0\0\0\0\0\255\325\222@\261\2\0\0\334\256\2\0\0\0\0\0", 3200, MSG_DONTWAIT, NULL, NULL) = 32
13987 1784103181.780139 recvfrom(43, 0x71155c1eb0, 3200, MSG_DONTWAIT, NULL, NULL) = -1 EAGAIN (Try again)
13965 1784103181.792480 recvfrom(42, "nysv\0\0\0\0\0\0\0\0\0\0\0\0\323-\221A\261\2\0\0\335\256\2\0\0\0\0\0", 3200, MSG_DONTWAIT, NULL, NULL) = 32
13965 1784103181.792501 recvfrom(42, 0x7fefc89590, 3200, MSG_DONTWAIT, NULL, NULL) = -1 EAGAIN (Try again)
13965 1784103181.792638 recvfrom(42, 0x7fefc894f0, 3200, MSG_DONTWAIT, NULL, NULL) = -1 EAGAIN (Try again)
13987 1784103181.795610 recvfrom(43, "nysv\0\0\0\0\0\0\0\0\0\0\0\0\323-\221A\261\2\0\0\335\256\2\0\0\0\0\0", 3200, MSG_DONTWAIT, NULL, NULL) = 32
13987 1784103181.795875 recvfrom(43, 0x71155c1eb0, 3200, MSG_DONTWAIT, NULL, NULL) = -1 EAGAIN (Try again)
13965 1784103181.808943 recvfrom(42, "nysv\0\0\0\0\0\0\0\0\0\0\0\0^\222\217B\261\2\0\0\336\256\2\0\0\0\0\0", 3200, MSG_DONTWAIT, NULL, NULL) = 32
13965 1784103181.808972 recvfrom(42, 0x7fefc89590, 3200, MSG_DONTWAIT, NULL, NULL) = -1 EAGAIN (Try again)
13965 1784103181.809071 recvfrom(42, 0x7fefc894f0, 3200, MSG_DONTWAIT, NULL, NULL) = -1 EAGAIN (Try again)
13987 1784103181.813144 recvfrom(43, "nysv\0\0\0\0\0\0\0\0\0\0\0\0^\222\217B\261\2\0\0\336\256\2\0\0\0\0\0", 3200, MSG_DONTWAIT, NULL, NULL) = 32
13987 1784103181.813330 recvfrom(43, 0x71155c1eb0, 3200, MSG_DONTWAIT, NULL, NULL) = -1 EAGAIN (Try again)
13965 1784103181.825421 recvfrom(42, "nysv\0\0\0\0\0\0\0\0\0\0\0\0\256\0\216C\261\2\0\0\337\256\2\0\0\0\0\0", 3200, MSG_DONTWAIT, NULL, NULL) = 32
13965 1784103181.825441 recvfrom(42, 0x7fefc89590, 3200, MSG_DONTWAIT, NULL, NULL) = -1 EAGAIN (Try again)
13987 1784103181.828976 recvfrom(43, "nysv\0\0\0\0\0\0\0\0\0\0\0\0\256\0\216C\261\2\0\0\337\256\2\0\0\0\0\0", 3200, MSG_DONTWAIT, NULL, NULL) = 32
13987 1784103181.829208 recvfrom(43, 0x71155c1eb0, 3200, MSG_DONTWAIT, NULL, NULL) = -1 EAGAIN (Try again)
13987 1784103181.845718 recvfrom(43, "nysv\0\0\0\0\0\0\0\0\0\0\0\0\252Z\214D\261\2\0\0\340\256\2\0\0\0\0\0", 3200, MSG_DONTWAIT, NULL, NULL) = 32
13987 1784103181.846009 recvfrom(43, 0x71155c1eb0, 3200, MSG_DONTWAIT, NULL, NULL) = -1 EAGAIN (Try again)
13987 1784103181.862369 recvfrom(43, "nysv\0\0\0\0\0\0\0\0\0\0\0\0E\264\212E\261\2\0\0\341\256\2\0\0\0\0\0", 3200, MSG_DONTWAIT, NULL, NULL) = 32
13987 1784103181.862753 recvfrom(43, 0x71155c1c80, 3200, MSG_DONTWAIT, NULL, NULL) = -1 EAGAIN (Try again)
13965 1784103183.095092 recvfrom(42, 0x7fefc892a0, 3200, MSG_DONTWAIT, NULL, NULL) = -1 EAGAIN (Try again)
13965 1784103183.111834 recvfrom(42, "nysv\0\0\0\0\0\0\0\0\0\0\0\0\344\30\10\220\261\2\0\0+\257\2\0\0\0\0\0", 3200, MSG_DONTWAIT, NULL, NULL) = 32
13965 1784103183.112034 recvfrom(42, 0x7fefc89590, 3200, MSG_DONTWAIT, NULL, NULL) = -1 EAGAIN (Try again)
13965 1784103183.112120 recvfrom(45, 0x71a5c2bc20, 2272, MSG_DONTWAIT, NULL, NULL) = -1 EAGAIN (Try again)
13965 1784103183.112425 recvfrom(42, 0x7fefc881d0, 3200, MSG_DONTWAIT, NULL, NULL) = -1 EAGAIN (Try again)
13965 1784103183.125876 recvfrom(42, "nysv\0\0\0\0\0\0\0\0\0\0\0\0\16i\6\221\261\2\0\0,\257\2\0\0\0\0\0", 3200, MSG_DONTWAIT, NULL, NULL) = 32
13965 1784103183.125903 recvfrom(42, 0x7fefc89590, 3200, MSG_DONTWAIT, NULL, NULL) = -1 EAGAIN (Try again)
13965 1784103183.125934 recvfrom(45, 0x71a5c2bc20, 2272, MSG_DONTWAIT, NULL, NULL) = -1 EAGAIN (Try again)
13965 1784103183.126075 recvfrom(42, 0x7fefc881d0, 3200, MSG_DONTWAIT, NULL, NULL) = -1 EAGAIN (Try again)
13965 1784103183.141449 recvfrom(42, "nysv\0\0\0\0\0\0\0\0\0\0\0\0K\0\5\222\261\2\0\0-\257\2\0\0\0\0\0", 3200, MSG_DONTWAIT, NULL, NULL) = 32
13965 1784103183.141489 recvfrom(42, 0x7fefc89590, 3200, MSG_DONTWAIT, NULL, NULL) = -1 EAGAIN (Try again)
13965 1784103183.141570 recvfrom(45, 0x71a5c2bc20, 2272, MSG_DONTWAIT, NULL, NULL) = -1 EAGAIN (Try again)
13965 1784103183.141650 recvfrom(42, 0x7fefc881d0, 3200, MSG_DONTWAIT, NULL, NULL) = -1 EAGAIN (Try again)
13965 1784103183.159800 recvfrom(42, "nysv\0\0\0\0\0\0\0\0\0\0\0\0l1\3\223\261\2\0\0.\257\2\0\0\0\0\0", 3200, MSG_DONTWAIT, NULL, NULL) = 32
13965 1784103183.159825 recvfrom(42, 0x7fefc89590, 3200, MSG_DONTWAIT, NULL, NULL) = -1 EAGAIN (Try again)
13965 1784103183.159861 recvfrom(45, 0x71a5c2bc20, 2272, MSG_DONTWAIT, NULL, NULL) = -1 EAGAIN (Try again)
13965 1784103183.159960 recvfrom(42, 0x7fefc881d0, 3200, MSG_DONTWAIT, NULL, NULL) = -1 EAGAIN (Try again)
13965 1784103183.176433 recvfrom(42, "nysv\0\0\0\0\0\0\0\0\0\0\0\0\202d\1\224\261\2\0\0/\257\2\0\0\0\0\0", 3200, MSG_DONTWAIT, NULL, NULL) = 32
13965 1784103183.176468 recvfrom(42, 0x7fefc89590, 3200, MSG_DONTWAIT, NULL, NULL) = -1 EAGAIN (Try again)
13965 1784103183.176661 recvfrom(45, 0x71a5c2bc20, 2272, MSG_DONTWAIT, NULL, NULL) = -1 EAGAIN (Try again)
13965 1784103183.176814 recvfrom(42, 0x7fefc881d0, 3200, MSG_DONTWAIT, NULL, NULL) = -1 EAGAIN (Try again)
13965 1784103183.191824 recvfrom(42, "nysv\0\0\0\0\0\0\0\0\0\0\0\0\211\345\377\224\261\2\0\0000\257\2\0\0\0\0\0", 3200, MSG_DONTWAIT, NULL, NULL) = 32
13965 1784103183.191852 recvfrom(42, 0x7fefc89590, 3200, MSG_DONTWAIT, NULL, NULL) = -1 EAGAIN (Try again)
13965 1784103183.191880 recvfrom(45, 0x71a5c2bc20, 2272, MSG_DONTWAIT, NULL, NULL) = -1 EAGAIN (Try again)
13965 1784103183.191986 recvfrom(42, 0x7fefc881d0, 3200, MSG_DONTWAIT, NULL, NULL) = -1 EAGAIN (Try again)
13965 1784103183.208835 recvfrom(42, "nysv\0\0\0\0\0\0\0\0\0\0\0\0<V\376\225\261\2\0\0001\257\2\0\0\0\0\0", 3200, MSG_DONTWAIT, NULL, NULL) = 32
13965 1784103183.208856 recvfrom(42, 0x7fefc89590, 3200, MSG_DONTWAIT, NULL, NULL) = -1 EAGAIN (Try again)
13965 1784103183.208877 recvfrom(45, 0x71a5c2bc20, 2272, MSG_DONTWAIT, NULL, NULL) = -1 EAGAIN (Try again)
13965 1784103183.208920 recvfrom(42, 0x7fefc881d0, 3200, MSG_DONTWAIT, NULL, NULL) = -1 EAGAIN (Try again)
13965 1784103183.225171 recvfrom(42, "nysv\0\0\0\0\0\0\0\0\0\0\0\0[\324\374\226\261\2\0\0002\257\2\0\0\0\0\0", 3200, MSG_DONTWAIT, NULL, NULL) = 32
13965 1784103183.225196 recvfrom(42, 0x7fefc89590, 3200, MSG_DONTWAIT, NULL, NULL) = -1 EAGAIN (Try again)
13965 1784103183.225219 recvfrom(45, 0x71a5c2bc20, 2272, MSG_DONTWAIT, NULL, NULL) = -1 EAGAIN (Try again)
13965 1784103183.225344 recvfrom(42, 0x7fefc881d0, 3200, MSG_DONTWAIT, NULL, NULL) = -1 EAGAIN (Try again)
13965 1784103183.241425 recvfrom(42, "nysv\0\0\0\0\0\0\0\0\0\0\0\0.\233\373\227\261\2\0\0003\257\2\0\0\0\0\0", 3200, MSG_DONTWAIT, NULL, NULL) = 32
13965 1784103183.241446 recvfrom(42, 0x7fefc89590, 3200, MSG_DONTWAIT, NULL, NULL) = -1 EAGAIN (Try again)
13965 1784103183.241471 recvfrom(45, 0x71a5c2bc20, 2272, MSG_DONTWAIT, NULL, NULL) = -1 EAGAIN (Try again)
13965 1784103183.241555 recvfrom(42, 0x7fefc881d0, 3200, MSG_DONTWAIT, NULL, NULL) = -1 EAGAIN (Try again)
13965 1784103183.261141 recvfrom(42, "nysv\0\0\0\0\0\0\0\0\0\0\0\0p|\371\230\261\2\0\0004\257\2\0\0\0\0\0", 3200, MSG_DONTWAIT, NULL, NULL) = 32
13965 1784103183.261165 recvfrom(42, 0x7fefc89590, 3200, MSG_DONTWAIT, NULL, NULL) = -1 EAGAIN (Try again)
13965 1784103183.261198 recvfrom(45, 0x71a5c2bc20, 2272, MSG_DONTWAIT, NULL, NULL) = -1 EAGAIN (Try again)
13965 1784103183.261348 recvfrom(42, 0x7fefc881d0, 3200, MSG_DONTWAIT, NULL, NULL) = -1 EAGAIN (Try again)
13965 1784103183.276589 recvfrom(42, "nysv\0\0\0\0\0\0\0\0\0\0\0\0\202\246\367\231\261\2\0\0005\257\2\0\0\0\0\0", 3200, MSG_DONTWAIT, NULL, NULL) = 32
13965 1784103183.276612 recvfrom(42, 0x7fefc89590, 3200, MSG_DONTWAIT, NULL, NULL) = -1 EAGAIN (Try again)
13965 1784103183.276638 recvfrom(45, 0x71a5c2bc20, 2272, MSG_DONTWAIT, NULL, NULL) = -1 EAGAIN (Try again)
13965 1784103183.276727 recvfrom(42, 0x7fefc881d0, 3200, MSG_DONTWAIT, NULL, NULL) = -1 EAGAIN (Try again)
13965 1784103183.292354 recvfrom(42, "nysv\0\0\0\0\0\0\0\0\0\0\0\0\301\f\366\232\261\2\0\0006\257\2\0\0\0\0\0", 3200, MSG_DONTWAIT, NULL, NULL) = 32
13965 1784103183.292373 recvfrom(42, 0x7fefc89590, 3200, MSG_DONTWAIT, NULL, NULL) = -1 EAGAIN (Try again)
13965 1784103183.292399 recvfrom(45, 0x71a5c2bc20, 2272, MSG_DONTWAIT, NULL, NULL) = -1 EAGAIN (Try again)
13965 1784103183.292519 recvfrom(42, 0x7fefc881d0, 3200, MSG_DONTWAIT, NULL, NULL) = -1 EAGAIN (Try again)
13965 1784103183.308999 recvfrom(42, "nysv\0\0\0\0\0\0\0\0\0\0\0\0\365m\364\233\261\2\0\0007\257\2\0\0\0\0\0", 3200, MSG_DONTWAIT, NULL, NULL) = 32
13965 1784103183.309207 recvfrom(42, 0x7fefc89590, 3200, MSG_DONTWAIT, NULL, NULL) = -1 EAGAIN (Try again)
13965 1784103183.309233 recvfrom(45, 0x71a5c2bc20, 2272, MSG_DONTWAIT, NULL, NULL) = -1 EAGAIN (Try again)
13965 1784103183.309367 recvfrom(42, 0x7fefc881d0, 3200, MSG_DONTWAIT, NULL, NULL) = -1 EAGAIN (Try again)
13965 1784103183.324728 recvfrom(42, "nysv\0\0\0\0\0\0\0\0\0\0\0\0\7\10\363\234\261\2\0\08\257\2\0\0\0\0\0", 3200, MSG_DONTWAIT, NULL, NULL) = 32
13965 1784103183.324748 recvfrom(42, 0x7fefc89590, 3200, MSG_DONTWAIT, NULL, NULL) = -1 EAGAIN (Try again)
13965 1784103183.324780 recvfrom(45, 0x71a5c2bc20, 2272, MSG_DONTWAIT, NULL, NULL) = -1 EAGAIN (Try again)
13965 1784103183.324913 recvfrom(42, 0x7fefc881d0, 3200, MSG_DONTWAIT, NULL, NULL) = -1 EAGAIN (Try again)
13965 1784103183.342173 recvfrom(42, "nysv\0\0\0\0\0\0\0\0\0\0\0\0\365r\361\235\261\2\0\09\257\2\0\0\0\0\0", 3200, MSG_DONTWAIT, NULL, NULL) = 32
13965 1784103183.342195 recvfrom(42, 0x7fefc89590, 3200, MSG_DONTWAIT, NULL, NULL) = -1 EAGAIN (Try again)
13965 1784103183.342224 recvfrom(45, 0x71a5c2bc20, 2272, MSG_DONTWAIT, NULL, NULL) = -1 EAGAIN (Try again)
13965 1784103183.342356 recvfrom(42, 0x7fefc881d0, 3200, MSG_DONTWAIT, NULL, NULL) = -1 EAGAIN (Try again)
13965 1784103183.359630 recvfrom(42, "nysv\0\0\0\0\0\0\0\0\0\0\0\0\364\254\357\236\261\2\0\0:\257\2\0\0\0\0\0", 3200, MSG_DONTWAIT, NULL, NULL) = 32
13965 1784103183.359651 recvfrom(42, 0x7fefc89590, 3200, MSG_DONTWAIT, NULL, NULL) = -1 EAGAIN (Try again)
13965 1784103183.359738 recvfrom(45, 0x71a5c2bc20, 2272, MSG_DONTWAIT, NULL, NULL) = -1 EAGAIN (Try again)
13965 1784103183.359786 recvfrom(42, 0x7fefc881d0, 3200, MSG_DONTWAIT, NULL, NULL) = -1 EAGAIN (Try again)
13965 1784103183.377691 recvfrom(42, "nysv\0\0\0\0\0\0\0\0\0\0\0\0:\224\355\237\261\2\0\0;\257\2\0\0\0\0\0", 3200, MSG_DONTWAIT, NULL, NULL) = 32
13965 1784103183.377712 recvfrom(42, 0x7fefc89590, 3200, MSG_DONTWAIT, NULL, NULL) = -1 EAGAIN (Try again)
13965 1784103183.377743 recvfrom(45, 0x71a5c2bc20, 2272, MSG_DONTWAIT, NULL, NULL) = -1 EAGAIN (Try again)
13965 1784103197.656521 recvfrom(45, "\2\0\0\0\0\0\0\0\353\22\0\0\0\0\0\0\0\371\32\363\264\2\0\0\1\0\0\0\2\20\0\0"..., 2272, MSG_DONTWAIT, NULL, NULL) = 232
13965 1784103197.656717 sendto(45, "\3\0\0\0\0\0\0\0\353\22\0\0\1\0\0\0", 16, MSG_DONTWAIT|MSG_NOSIGNAL, NULL, 0) = 16
13965 1784103197.656746 recvfrom(45, 0x71a5c2bc20, 2272, MSG_DONTWAIT, NULL, NULL) = -1 EAGAIN (Try again)
13965 1784103197.657040 recvfrom(45, "\2\0\0\0\0\0\0\0\355\22\0\0\0\0\0\0\0\371\32\363\264\2\0\0\1\0\0\0\2\20\0\0"..., 2272, MSG_DONTWAIT, NULL, NULL) = 232
13965 1784103197.657139 recvfrom(42, 0x7fefc85dc0, 3200, MSG_DONTWAIT, NULL, NULL) = -1 EAGAIN (Try again)
13965 1784103197.658871 sendto(45, "\3\0\0\0\0\0\0\0\355\22\0\0\1\0\0\0", 16, MSG_DONTWAIT|MSG_NOSIGNAL, NULL, 0) = 16
13965 1784103197.658915 recvfrom(45, 0x71a5c2bc20, 2272, MSG_DONTWAIT, NULL, NULL) = -1 EAGAIN (Try again)
13965 1784103197.658928 recvfrom(42, "nysv\0\0\0\0\0\0\0\0\0\0\0\0\331\361G\363\264\2\0\0\216\262\2\0\0\0\0\0", 3200, MSG_DONTWAIT, NULL, NULL) = 32
13965 1784103197.658941 recvfrom(42, 0x7fefc89590, 3200, MSG_DONTWAIT, NULL, NULL) = -1 EAGAIN (Try again)
13965 1784103197.659053 recvfrom(45, 0x71a5c2bc20, 2272, MSG_DONTWAIT, NULL, NULL) = -1 EAGAIN (Try again)
13965 1784103197.659261 recvfrom(42, 0x7fefc894f0, 3200, MSG_DONTWAIT, NULL, NULL) = -1 EAGAIN (Try again)
14000 1784103197.659874 sendmsg(68, {msg_name=NULL, msg_namelen=0, msg_iov=[{iov_base="l\1\1\1\374\0\0\0P\0\0\0\235\0\0\0\1\1o\0;\0\0\0/re/frid"..., iov_len=428}], msg_iovlen=1, msg_controllen=0, msg_flags=0}, MSG_NOSIGNAL) = 428
14000 1784103197.661716 sendmsg(68, {msg_name=NULL, msg_namelen=0, msg_iov=[{iov_base="l\1\1\1\0\1\0\0Q\0\0\0\235\0\0\0\1\1o\0;\0\0\0/re/frid"..., iov_len=432}], msg_iovlen=1, msg_controllen=0, msg_flags=0}, MSG_NOSIGNAL) = 432
13987 1784103197.669807 recvfrom(43, 0x71155c1eb0, 3200, MSG_DONTWAIT, NULL, NULL) = -1 EAGAIN (Try again)
13987 1784103197.670393 recvfrom(43, 0x71155c1eb0, 3200, MSG_DONTWAIT, NULL, NULL) = -1 EAGAIN (Try again)
13965 1784103197.676355 recvfrom(42, "nysv\0\0\0\0\0\0\0\0\0\0\0\0\271.F\364\264\2\0\0\217\262\2\0\0\0\0\0", 3200, MSG_DONTWAIT, NULL, NULL) = 32
13965 1784103197.676378 recvfrom(42, 0x7fefc89590, 3200, MSG_DONTWAIT, NULL, NULL) = -1 EAGAIN (Try again)
13965 1784103197.676416 recvfrom(45, 0x71a5c2bc20, 2272, MSG_DONTWAIT, NULL, NULL) = -1 EAGAIN (Try again)
13965 1784103197.676441 recvfrom(42, 0x7fefc894f0, 3200, MSG_DONTWAIT, NULL, NULL) = -1 EAGAIN (Try again)
13987 1784103197.676491 recvfrom(43, "nysv\0\0\0\0\0\0\0\0\0\0\0\0\271.F\364\264\2\0\0\217\262\2\0\0\0\0\0", 3200, MSG_DONTWAIT, NULL, NULL) = 32
13987 1784103197.676740 recvfrom(43, 0x71155c1c80, 3200, MSG_DONTWAIT, NULL, NULL) = -1 EAGAIN (Try again)
13986 1784103197.683839 openat(AT_FDCWD, "/data/misc/profiles/cur/0/ca.andries.portknocker/primary.prof", O_RDWR|O_NOFOLLOW|O_CLOEXEC) = 70
13986 1784103197.685082 newfstatat(AT_FDCWD, "/data/misc/profiles/cur/0/ca.andries.portknocker/primary.prof", {st_mode=S_IFREG|0600, st_size=6865, ...}, 0) = 0
13987 1784103197.689904 recvfrom(43, 0x71155c1eb0, 3200, MSG_DONTWAIT, NULL, NULL) = -1 EAGAIN (Try again)
13965 1784103197.691383 recvfrom(42, "nysv\0\0\0\0\0\0\0\0\0\0\0\0\256(E\365\264\2\0\0\220\262\2\0\0\0\0\0", 3200, MSG_DONTWAIT, NULL, NULL) = 32
13965 1784103197.691412 recvfrom(42, 0x7fefc89590, 3200, MSG_DONTWAIT, NULL, NULL) = -1 EAGAIN (Try again)
13987 1784103197.691493 recvfrom(43,  <unfinished ...>
13965 1784103197.691508 recvfrom(42, 0x7fefc88940, 3200, MSG_DONTWAIT, NULL, NULL) = -1 EAGAIN (Try again)
13987 1784103197.691553 <... recvfrom resumed> "nysv\0\0\0\0\0\0\0\0\0\0\0\0\256(E\365\264\2\0\0\220\262\2\0\0\0\0\0", 3200, MSG_DONTWAIT, NULL, NULL) = 32
13987 1784103197.691749 recvfrom(43, 0x71155c1c80, 3200, MSG_DONTWAIT, NULL, NULL) = -1 EAGAIN (Try again)
13987 1784103197.702074 recvfrom(43, 0x71155c1eb0, 3200, MSG_DONTWAIT, NULL, NULL) = -1 EAGAIN (Try again)
13965 1784103197.708458 recvfrom(42, "nysv\0\0\0\0\0\0\0\0\0\0\0\0m\261C\366\264\2\0\0\221\262\2\0\0\0\0\0", 3200, MSG_DONTWAIT, NULL, NULL) = 32
13965 1784103197.708477 recvfrom(42, 0x7fefc89590, 3200, MSG_DONTWAIT, NULL, NULL) = -1 EAGAIN (Try again)
13965 1784103197.708516 recvfrom(45, 0x71a5c2bc20, 2272, MSG_DONTWAIT, NULL, NULL) = -1 EAGAIN (Try again)
13965 1784103197.708547 recvfrom(42, 0x7fefc88940, 3200, MSG_DONTWAIT, NULL, NULL) = -1 EAGAIN (Try again)
13987 1784103197.708627 recvfrom(43, "nysv\0\0\0\0\0\0\0\0\0\0\0\0m\261C\366\264\2\0\0\221\262\2\0\0\0\0\0", 3200, MSG_DONTWAIT, NULL, NULL) = 32
13987 1784103197.708828 recvfrom(43, 0x71155c1c80, 3200, MSG_DONTWAIT, NULL, NULL) = -1 EAGAIN (Try again)
13987 1784103197.718307 recvfrom(43, 0x71155c1eb0, 3200, MSG_DONTWAIT, NULL, NULL) = -1 EAGAIN (Try again)
13987 1784103197.724865 recvfrom(43, "nysv\0\0\0\0\0\0\0\0\0\0\0\0SOB\367\264\2\0\0\222\262\2\0\0\0\0\0", 3200, MSG_DONTWAIT, NULL, NULL) = 32
13987 1784103197.725123 recvfrom(43, 0x71155c1c80, 3200, MSG_DONTWAIT, NULL, NULL) = -1 EAGAIN (Try again)
13965 1784103197.726630 recvfrom(42, "nysv\0\0\0\0\0\0\0\0\0\0\0\0SOB\367\264\2\0\0\222\262\2\0\0\0\0\0", 3200, MSG_DONTWAIT, NULL, NULL) = 32
13965 1784103197.727078 recvfrom(42, 0x7fefc89590, 3200, MSG_DONTWAIT, NULL, NULL) = -1 EAGAIN (Try again)
13965 1784103197.727199 recvfrom(45, 0x71a5c2bc20, 2272, MSG_DONTWAIT, NULL, NULL) = -1 EAGAIN (Try again)
13965 1784103197.727236 recvfrom(42, 0x7fefc894f0, 3200, MSG_DONTWAIT, NULL, NULL) = -1 EAGAIN (Try again)
14000 1784103197.728297 sendmsg(68, {msg_name=NULL, msg_namelen=0, msg_iov=[{iov_base="l\1\1\1\374\0\0\0R\0\0\0\235\0\0\0\1\1o\0;\0\0\0/re/frid"..., iov_len=428}], msg_iovlen=1, msg_controllen=0, msg_flags=0}, MSG_NOSIGNAL) = 428
14000 1784103197.730128 sendmsg(68, {msg_name=NULL, msg_namelen=0, msg_iov=[{iov_base="l\1\1\1\0\1\0\0S\0\0\0\235\0\0\0\1\1o\0;\0\0\0/re/frid"..., iov_len=432}], msg_iovlen=1, msg_controllen=0, msg_flags=0}, MSG_NOSIGNAL) = 432
13987 1784103197.738031 recvfrom(43, 0x71155c1eb0, 3200, MSG_DONTWAIT, NULL, NULL) = -1 EAGAIN (Try again)
13965 1784103197.742432 recvfrom(42, "nysv\0\0\0\0\0\0\0\0\0\0\0\0\301\254@\370\264\2\0\0\223\262\2\0\0\0\0\0", 3200, MSG_DONTWAIT, NULL, NULL) = 32
13965 1784103197.742458 recvfrom(42, 0x7fefc89590, 3200, MSG_DONTWAIT, NULL, NULL) = -1 EAGAIN (Try again)
13987 1784103197.742520 recvfrom(43, "nysv\0\0\0\0\0\0\0\0\0\0\0\0\301\254@\370\264\2\0\0\223\262\2\0\0\0\0\0", 3200, MSG_DONTWAIT, NULL, NULL) = 32
13965 1784103197.742633 recvfrom(42, 0x7fefc88940, 3200, MSG_DONTWAIT, NULL, NULL) = -1 EAGAIN (Try again)
13987 1784103197.742700 recvfrom(43, 0x71155c1c80, 3200, MSG_DONTWAIT, NULL, NULL) = -1 EAGAIN (Try again)
13987 1784103197.752814 recvfrom(43, 0x71155c1eb0, 3200, MSG_DONTWAIT, NULL, NULL) = -1 EAGAIN (Try again)
13965 1784103197.759547 recvfrom(42, "nysv\0\0\0\0\0\0\0\0\0\0\0\0\256\363>\371\264\2\0\0\224\262\2\0\0\0\0\0", 3200, MSG_DONTWAIT, NULL, NULL) = 32
13965 1784103197.759585 recvfrom(42, 0x7fefc89590, 3200, MSG_DONTWAIT, NULL, NULL) = -1 EAGAIN (Try again)
13965 1784103197.759612 recvfrom(45, 0x71a5c2bc20, 2272, MSG_DONTWAIT, NULL, NULL) = -1 EAGAIN (Try again)
13987 1784103197.759713 recvfrom(43,  <unfinished ...>
13965 1784103197.759716 recvfrom(42, 0x7fefc88940, 3200, MSG_DONTWAIT, NULL, NULL) = -1 EAGAIN (Try again)
13987 1784103197.759771 <... recvfrom resumed> "nysv\0\0\0\0\0\0\0\0\0\0\0\0\256\363>\371\264\2\0\0\224\262\2\0\0\0\0\0", 3200, MSG_DONTWAIT, NULL, NULL) = 32
13987 1784103197.759931 recvfrom(43, 0x71155c1c80, 3200, MSG_DONTWAIT, NULL, NULL) = -1 EAGAIN (Try again)
13987 1784103197.769438 recvfrom(43, 0x71155c1eb0, 3200, MSG_DONTWAIT, NULL, NULL) = -1 EAGAIN (Try again)
13965 1784103197.776263 recvfrom(42, "nysv\0\0\0\0\0\0\0\0\0\0\0\0\3050=\372\264\2\0\0\225\262\2\0\0\0\0\0", 3200, MSG_DONTWAIT, NULL, NULL) = 32
13965 1784103197.776303 recvfrom(42,  <unfinished ...>
13987 1784103197.776442 recvfrom(43,  <unfinished ...>
13965 1784103197.776445 <... recvfrom resumed> 0x7fefc89590, 3200, MSG_DONTWAIT, NULL, NULL) = -1 EAGAIN (Try again)
13965 1784103197.776470 recvfrom(45, 0x71a5c2bc20, 2272, MSG_DONTWAIT, NULL, NULL) = -1 EAGAIN (Try again)
13965 1784103197.776489 recvfrom(42, 0x7fefc88940, 3200, MSG_DONTWAIT, NULL, NULL) = -1 EAGAIN (Try again)
13987 1784103197.776509 <... recvfrom resumed> "nysv\0\0\0\0\0\0\0\0\0\0\0\0\3050=\372\264\2\0\0\225\262\2\0\0\0\0\0", 3200, MSG_DONTWAIT, NULL, NULL) = 32
13987 1784103197.776660 recvfrom(43, 0x71155c1c80, 3200, MSG_DONTWAIT, NULL, NULL) = -1 EAGAIN (Try again)
13987 1784103197.787132 recvfrom(43, 0x71155c1eb0, 3200, MSG_DONTWAIT, NULL, NULL) = -1 EAGAIN (Try again)
13965 1784103197.791710 recvfrom(42, "nysv\0\0\0\0\0\0\0\0\0\0\0\0\311|;\373\264\2\0\0\226\262\2\0\0\0\0\0", 3200, MSG_DONTWAIT, NULL, NULL) = 32
13965 1784103197.791724 recvfrom(42, 0x7fefc89590, 3200, MSG_DONTWAIT, NULL, NULL) = -1 EAGAIN (Try again)
13965 1784103197.791828 recvfrom(45, 0x71a5c2bc20, 2272, MSG_DONTWAIT, NULL, NULL) = -1 EAGAIN (Try again)
13987 1784103197.791855 recvfrom(43,  <unfinished ...>
13965 1784103197.791878 recvfrom(42, 0x7fefc88940, 3200, MSG_DONTWAIT, NULL, NULL) = -1 EAGAIN (Try again)
13987 1784103197.792022 <... recvfrom resumed> "nysv\0\0\0\0\0\0\0\0\0\0\0\0\311|;\373\264\2\0\0\226\262\2\0\0\0\0\0", 3200, MSG_DONTWAIT, NULL, NULL) = 32
13987 1784103197.792186 recvfrom(43, 0x71155c1c80, 3200, MSG_DONTWAIT, NULL, NULL) = -1 EAGAIN (Try again)
13987 1784103197.801151 recvfrom(43, 0x71155c1eb0, 3200, MSG_DONTWAIT, NULL, NULL) = -1 EAGAIN (Try again)
13965 1784103197.808523 recvfrom(42, "nysv\0\0\0\0\0\0\0\0\0\0\0\0_\3739\374\264\2\0\0\227\262\2\0\0\0\0\0", 3200, MSG_DONTWAIT, NULL, NULL) = 32
13965 1784103197.808581 recvfrom(42,  <unfinished ...>
13987 1784103197.808729 recvfrom(43,  <unfinished ...>
13965 1784103197.808732 <... recvfrom resumed> 0x7fefc89590, 3200, MSG_DONTWAIT, NULL, NULL) = -1 EAGAIN (Try again)
13965 1784103197.808756 recvfrom(45, 0x71a5c2bc20, 2272, MSG_DONTWAIT, NULL, NULL) = -1 EAGAIN (Try again)
13965 1784103197.808774 recvfrom(42, 0x7fefc88940, 3200, MSG_DONTWAIT, NULL, NULL) = -1 EAGAIN (Try again)
13987 1784103197.808798 <... recvfrom resumed> "nysv\0\0\0\0\0\0\0\0\0\0\0\0_\3739\374\264\2\0\0\227\262\2\0\0\0\0\0", 3200, MSG_DONTWAIT, NULL, NULL) = 32
13987 1784103197.808990 recvfrom(43, 0x71155c1c80, 3200, MSG_DONTWAIT, NULL, NULL) = -1 EAGAIN (Try again)
13987 1784103197.818030 recvfrom(43, 0x71155c1eb0, 3200, MSG_DONTWAIT, NULL, NULL) = -1 EAGAIN (Try again)
13965 1784103197.824793 recvfrom(42, "nysv\0\0\0\0\0\0\0\0\0\0\0\0\1\2208\375\264\2\0\0\230\262\2\0\0\0\0\0", 3200, MSG_DONTWAIT, NULL, NULL) = 32
13965 1784103197.824809 recvfrom(42, 0x7fefc89590, 3200, MSG_DONTWAIT, NULL, NULL) = -1 EAGAIN (Try again)
13965 1784103197.824840 recvfrom(45, 0x71a5c2bc20, 2272, MSG_DONTWAIT, NULL, NULL) = -1 EAGAIN (Try again)
13965 1784103197.824949 recvfrom(42, 0x7fefc888b0, 3200, MSG_DONTWAIT, NULL, NULL) = -1 EAGAIN (Try again)
13987 1784103197.825008 recvfrom(43, "nysv\0\0\0\0\0\0\0\0\0\0\0\0\1\2208\375\264\2\0\0\230\262\2\0\0\0\0\0", 3200, MSG_DONTWAIT, NULL, NULL) = 32
13987 1784103197.825360 recvfrom(43, 0x71155c1c80, 3200, MSG_DONTWAIT, NULL, NULL) = -1 EAGAIN (Try again)
13987 1784103197.834387 recvfrom(43, 0x71155c1eb0, 3200, MSG_DONTWAIT, NULL, NULL) = -1 EAGAIN (Try again)
13965 1784103197.841484 recvfrom(42, "nysv\0\0\0\0\0\0\0\0\0\0\0\0\376$7\376\264\2\0\0\231\262\2\0\0\0\0\0", 3200, MSG_DONTWAIT, NULL, NULL) = 32
13965 1784103197.841511 recvfrom(42, 0x7fefc89590, 3200, MSG_DONTWAIT, NULL, NULL) = -1 EAGAIN (Try again)
13965 1784103197.841546 recvfrom(45, 0x71a5c2bc20, 2272, MSG_DONTWAIT, NULL, NULL) = -1 EAGAIN (Try again)
13965 1784103197.841558 recvfrom(42, 0x7fefc894f0, 3200, MSG_DONTWAIT, NULL, NULL) = -1 EAGAIN (Try again)
13987 1784103197.841744 recvfrom(43, "nysv\0\0\0\0\0\0\0\0\0\0\0\0\376$7\376\264\2\0\0\231\262\2\0\0\0\0\0", 3200, MSG_DONTWAIT, NULL, NULL) = 32
13987 1784103197.842206 recvfrom(43, 0x71155c1c80, 3200, MSG_DONTWAIT, NULL, NULL) = -1 EAGAIN (Try again)
13987 1784103197.852968 recvfrom(43, 0x71155c1eb0, 3200, MSG_DONTWAIT, NULL, NULL) = -1 EAGAIN (Try again)
13965 1784103197.859200 recvfrom(42, "nysv\0\0\0\0\0\0\0\0\0\0\0\0\37~5\377\264\2\0\0\232\262\2\0\0\0\0\0", 3200, MSG_DONTWAIT, NULL, NULL) = 32
13965 1784103197.859223 recvfrom(42, 0x7fefc89590, 3200, MSG_DONTWAIT, NULL, NULL) = -1 EAGAIN (Try again)
13965 1784103197.859311 recvfrom(42, 0x7fefc894f0, 3200, MSG_DONTWAIT, NULL, NULL) = -1 EAGAIN (Try again)
13987 1784103197.859409 recvfrom(43, "nysv\0\0\0\0\0\0\0\0\0\0\0\0\37~5\377\264\2\0\0\232\262\2\0\0\0\0\0", 3200, MSG_DONTWAIT, NULL, NULL) = 32
13987 1784103197.859683 recvfrom(43, 0x71155c1c80, 3200, MSG_DONTWAIT, NULL, NULL) = -1 EAGAIN (Try again)
13987 1784103197.870134 recvfrom(43, 0x71155c1eb0, 3200, MSG_DONTWAIT, NULL, NULL) = -1 EAGAIN (Try again)
13965 1784103197.876482 recvfrom(42, "nysv\0\0\0\0\0\0\0\0\0\0\0\0;\2603\0\265\2\0\0\233\262\2\0\0\0\0\0", 3200, MSG_DONTWAIT, NULL, NULL) = 32
13965 1784103197.876499 recvfrom(42, 0x7fefc89590, 3200, MSG_DONTWAIT, NULL, NULL) = -1 EAGAIN (Try again)
13965 1784103197.876548 recvfrom(42, 0x7fefc894f0, 3200, MSG_DONTWAIT, NULL, NULL) = -1 EAGAIN (Try again)
13987 1784103197.876575 recvfrom(43, "nysv\0\0\0\0\0\0\0\0\0\0\0\0;\2603\0\265\2\0\0\233\262\2\0\0\0\0\0", 3200, MSG_DONTWAIT, NULL, NULL) = 32
13987 1784103197.876843 recvfrom(43, 0x71155c1c80, 3200, MSG_DONTWAIT, NULL, NULL) = -1 EAGAIN (Try again)
13987 1784103197.887938 recvfrom(43, 0x71155c1eb0, 3200, MSG_DONTWAIT, NULL, NULL) = -1 EAGAIN (Try again)
13965 1784103197.892891 recvfrom(42, "nysv\0\0\0\0\0\0\0\0\0\0\0\0{\3601\1\265\2\0\0\234\262\2\0\0\0\0\0", 3200, MSG_DONTWAIT, NULL, NULL) = 32
13965 1784103197.893008 recvfrom(42, 0x7fefc89590, 3200, MSG_DONTWAIT, NULL, NULL) = -1 EAGAIN (Try again)
13965 1784103197.893046 recvfrom(42, 0x7fefc894f0, 3200, MSG_DONTWAIT, NULL, NULL) = -1 EAGAIN (Try again)
13987 1784103197.893063 recvfrom(43, "nysv\0\0\0\0\0\0\0\0\0\0\0\0{\3601\1\265\2\0\0\234\262\2\0\0\0\0\0", 3200, MSG_DONTWAIT, NULL, NULL) = 32
13987 1784103197.893324 recvfrom(43, 0x71155c1c80, 3200, MSG_DONTWAIT, NULL, NULL) = -1 EAGAIN (Try again)
13987 1784103197.905340 recvfrom(43, 0x71155c1eb0, 3200, MSG_DONTWAIT, NULL, NULL) = -1 EAGAIN (Try again)
13965 1784103197.909270 recvfrom(42, "nysv\0\0\0\0\0\0\0\0\0\0\0\0\7H0\2\265\2\0\0\235\262\2\0\0\0\0\0", 3200, MSG_DONTWAIT, NULL, NULL) = 32
13965 1784103197.909394 recvfrom(42, 0x7fefc89590, 3200, MSG_DONTWAIT, NULL, NULL) = -1 EAGAIN (Try again)
13965 1784103197.909420 recvfrom(42, 0x7fefc894f0, 3200, MSG_DONTWAIT, NULL, NULL) = -1 EAGAIN (Try again)
13987 1784103197.909550 recvfrom(43, "nysv\0\0\0\0\0\0\0\0\0\0\0\0\7H0\2\265\2\0\0\235\262\2\0\0\0\0\0", 3200, MSG_DONTWAIT, NULL, NULL) = 32
13987 1784103197.909834 recvfrom(43, 0x71155c1c80, 3200, MSG_DONTWAIT, NULL, NULL) = -1 EAGAIN (Try again)
13987 1784103197.919763 recvfrom(43, 0x71155c1eb0, 3200, MSG_DONTWAIT, NULL, NULL) = -1 EAGAIN (Try again)
13965 1784103197.924793 recvfrom(42, "nysv\0\0\0\0\0\0\0\0\0\0\0\0\f\335.\3\265\2\0\0\236\262\2\0\0\0\0\0", 3200, MSG_DONTWAIT, NULL, NULL) = 32
13965 1784103197.924808 recvfrom(42, 0x7fefc89590, 3200, MSG_DONTWAIT, NULL, NULL) = -1 EAGAIN (Try again)
13965 1784103197.924856 recvfrom(42, 0x7fefc894f0, 3200, MSG_DONTWAIT, NULL, NULL) = -1 EAGAIN (Try again)
13987 1784103197.924874 recvfrom(43, "nysv\0\0\0\0\0\0\0\0\0\0\0\0\f\335.\3\265\2\0\0\236\262\2\0\0\0\0\0", 3200, MSG_DONTWAIT, NULL, NULL) = 32
13987 1784103197.925237 recvfrom(43, 0x71155c1c80, 3200, MSG_DONTWAIT, NULL, NULL) = -1 EAGAIN (Try again)
13987 1784103197.936014 recvfrom(43, 0x71155c1eb0, 3200, MSG_DONTWAIT, NULL, NULL) = -1 EAGAIN (Try again)
13965 1784103197.942069 recvfrom(42, "nysv\0\0\0\0\0\0\0\0\0\0\0\0\346S-\4\265\2\0\0\237\262\2\0\0\0\0\0", 3200, MSG_DONTWAIT, NULL, NULL) = 32
13965 1784103197.942138 recvfrom(42, 0x7fefc89590, 3200, MSG_DONTWAIT, NULL, NULL) = -1 EAGAIN (Try again)
13965 1784103197.942169 recvfrom(42, 0x7fefc894f0, 3200, MSG_DONTWAIT, NULL, NULL) = -1 EAGAIN (Try again)
13987 1784103197.942316 recvfrom(43, "nysv\0\0\0\0\0\0\0\0\0\0\0\0\346S-\4\265\2\0\0\237\262\2\0\0\0\0\0", 3200, MSG_DONTWAIT, NULL, NULL) = 32
13987 1784103197.942670 recvfrom(43, 0x71155c1c80, 3200, MSG_DONTWAIT, NULL, NULL) = -1 EAGAIN (Try again)
13987 1784103197.953343 recvfrom(43, 0x71155c1eb0, 3200, MSG_DONTWAIT, NULL, NULL) = -1 EAGAIN (Try again)
13965 1784103197.959387 recvfrom(42, "nysv\0\0\0\0\0\0\0\0\0\0\0\0-\244+\5\265\2\0\0\240\262\2\0\0\0\0\0", 3200, MSG_DONTWAIT, NULL, NULL) = 32
13965 1784103197.959403 recvfrom(42, 0x7fefc89590, 3200, MSG_DONTWAIT, NULL, NULL) = -1 EAGAIN (Try again)
13965 1784103197.959446 recvfrom(42, 0x7fefc894f0, 3200, MSG_DONTWAIT, NULL, NULL) = -1 EAGAIN (Try again)
13987 1784103197.959598 recvfrom(43, "nysv\0\0\0\0\0\0\0\0\0\0\0\0-\244+\5\265\2\0\0\240\262\2\0\0\0\0\0", 3200, MSG_DONTWAIT, NULL, NULL) = 32
13987 1784103197.959846 recvfrom(43, 0x71155c1c80, 3200, MSG_DONTWAIT, NULL, NULL) = -1 EAGAIN (Try again)
13987 1784103197.970293 recvfrom(43, 0x71155c1eb0, 3200, MSG_DONTWAIT, NULL, NULL) = -1 EAGAIN (Try again)
13965 1784103197.976780 recvfrom(42, "nysv\0\0\0\0\0\0\0\0\0\0\0\0\325\303)\6\265\2\0\0\241\262\2\0\0\0\0\0", 3200, MSG_DONTWAIT, NULL, NULL) = 32
13965 1784103197.976795 recvfrom(42, 0x7fefc89590, 3200, MSG_DONTWAIT, NULL, NULL) = -1 EAGAIN (Try again)
13965 1784103197.976837 recvfrom(42, 0x7fefc894f0, 3200, MSG_DONTWAIT, NULL, NULL) = -1 EAGAIN (Try again)
13987 1784103197.976915 recvfrom(43, "nysv\0\0\0\0\0\0\0\0\0\0\0\0\325\303)\6\265\2\0\0\241\262\2\0\0\0\0\0", 3200, MSG_DONTWAIT, NULL, NULL) = 32
13987 1784103197.977279 recvfrom(43, 0x71155c1c80, 3200, MSG_DONTWAIT, NULL, NULL) = -1 EAGAIN (Try again)
13987 1784103197.986690 recvfrom(43, 0x71155c1eb0, 3200, MSG_DONTWAIT, NULL, NULL) = -1 EAGAIN (Try again)
13965 1784103197.992076 recvfrom(42, "nysv\0\0\0\0\0\0\0\0\0\0\0\0\2236(\7\265\2\0\0\242\262\2\0\0\0\0\0", 3200, MSG_DONTWAIT, NULL, NULL) = 32
13965 1784103197.992090 recvfrom(42, 0x7fefc89590, 3200, MSG_DONTWAIT, NULL, NULL) = -1 EAGAIN (Try again)
13965 1784103197.992120 recvfrom(42, 0x7fefc894f0, 3200, MSG_DONTWAIT, NULL, NULL) = -1 EAGAIN (Try again)
13987 1784103197.992392 recvfrom(43, "nysv\0\0\0\0\0\0\0\0\0\0\0\0\2236(\7\265\2\0\0\242\262\2\0\0\0\0\0", 3200, MSG_DONTWAIT, NULL, NULL) = 32
13987 1784103197.992722 recvfrom(43, 0x71155c1c80, 3200, MSG_DONTWAIT, NULL, NULL) = -1 EAGAIN (Try again)
13987 1784103198.003113 recvfrom(43, 0x71155c1eb0, 3200, MSG_DONTWAIT, NULL, NULL) = -1 EAGAIN (Try again)
13965 1784103198.008921 recvfrom(42, "nysv\0\0\0\0\0\0\0\0\0\0\0\0c`&\10\265\2\0\0\243\262\2\0\0\0\0\0", 3200, MSG_DONTWAIT, NULL, NULL) = 32
13965 1784103198.008936 recvfrom(42, 0x7fefc89590, 3200, MSG_DONTWAIT, NULL, NULL) = -1 EAGAIN (Try again)
13965 1784103198.008984 recvfrom(42, 0x7fefc894f0, 3200, MSG_DONTWAIT, NULL, NULL) = -1 EAGAIN (Try again)
13987 1784103198.009111 recvfrom(43, "nysv\0\0\0\0\0\0\0\0\0\0\0\0c`&\10\265\2\0\0\243\262\2\0\0\0\0\0", 3200, MSG_DONTWAIT, NULL, NULL) = 32
13987 1784103198.009389 recvfrom(43, 0x71155c1c80, 3200, MSG_DONTWAIT, NULL, NULL) = -1 EAGAIN (Try again)
13987 1784103198.019633 recvfrom(43, 0x71155c1eb0, 3200, MSG_DONTWAIT, NULL, NULL) = -1 EAGAIN (Try again)
13965 1784103198.025533 recvfrom(42, "nysv\0\0\0\0\0\0\0\0\0\0\0\0?\316$\t\265\2\0\0\244\262\2\0\0\0\0\0", 3200, MSG_DONTWAIT, NULL, NULL) = 32
13965 1784103198.025625 recvfrom(42, 0x7fefc89590, 3200, MSG_DONTWAIT, NULL, NULL) = -1 EAGAIN (Try again)
13965 1784103198.025651 recvfrom(42,  <unfinished ...>
13987 1784103198.025655 recvfrom(43,  <unfinished ...>
13965 1784103198.025672 <... recvfrom resumed> 0x7fefc894f0, 3200, MSG_DONTWAIT, NULL, NULL) = -1 EAGAIN (Try again)
13987 1784103198.025856 <... recvfrom resumed> "nysv\0\0\0\0\0\0\0\0\0\0\0\0?\316$\t\265\2\0\0\244\262\2\0\0\0\0\0", 3200, MSG_DONTWAIT, NULL, NULL) = 32
13987 1784103198.026056 recvfrom(43, 0x71155c1c80, 3200, MSG_DONTWAIT, NULL, NULL) = -1 EAGAIN (Try again)
13987 1784103198.036843 recvfrom(43, 0x71155c1eb0, 3200, MSG_DONTWAIT, NULL, NULL) = -1 EAGAIN (Try again)
13965 1784103198.042105 recvfrom(42, "nysv\0\0\0\0\0\0\0\0\0\0\0\0\230<#\n\265\2\0\0\245\262\2\0\0\0\0\0", 3200, MSG_DONTWAIT, NULL, NULL) = 32
13965 1784103198.042120 recvfrom(42, 0x7fefc89590, 3200, MSG_DONTWAIT, NULL, NULL) = -1 EAGAIN (Try again)
13987 1784103198.042291 recvfrom(43, "nysv\0\0\0\0\0\0\0\0\0\0\0\0\230<#\n\265\2\0\0\245\262\2\0\0\0\0\0", 3200, MSG_DONTWAIT, NULL, NULL) = 32
13987 1784103198.042572 recvfrom(43, 0x71155c1c80, 3200, MSG_DONTWAIT, NULL, NULL) = -1 EAGAIN (Try again)
13987 1784103198.059647 recvfrom(43, "nysv\0\0\0\0\0\0\0\0\0\0\0\0\336\215!\v\265\2\0\0\246\262\2\0\0\0\0\0", 3200, MSG_DONTWAIT, NULL, NULL) = 32
13987 1784103198.059929 recvfrom(43, 0x71155c1c80, 3200, MSG_DONTWAIT, NULL, NULL) = -1 EAGAIN (Try again)
13965 1784103212.153006 recvfrom(45, "\2\0\0\0\0\0\0\0\361\22\0\0\0\0\0\0@\2431S\270\2\0\0\1\0\0\0\2\20\0\0"..., 2272, MSG_DONTWAIT, NULL, NULL) = 232
13965 1784103212.153189 sendto(45, "\3\0\0\0\0\0\0\0\361\22\0\0\1\0\0\0", 16, MSG_DONTWAIT|MSG_NOSIGNAL, NULL, 0) = 16
13965 1784103212.153214 recvfrom(45, 0x71a5c2bc20, 2272, MSG_DONTWAIT, NULL, NULL) = -1 EAGAIN (Try again)
13965 1784103212.153453 recvfrom(45, "\2\0\0\0\0\0\0\0\363\22\0\0\0\0\0\0@\2431S\270\2\0\0\1\0\0\0\2\20\0\0"..., 2272, MSG_DONTWAIT, NULL, NULL) = 232
13965 1784103212.153562 recvfrom(42, 0x7fefc85dc0, 3200, MSG_DONTWAIT, NULL, NULL) = -1 EAGAIN (Try again)
13965 1784103212.155318 sendto(45, "\3\0\0\0\0\0\0\0\363\22\0\0\1\0\0\0", 16, MSG_DONTWAIT|MSG_NOSIGNAL, NULL, 0 <unfinished ...>
14000 1784103212.155397 sendmsg(68, {msg_name=NULL, msg_namelen=0, msg_iov=[{iov_base="l\1\1\1\374\0\0\0T\0\0\0\235\0\0\0\1\1o\0;\0\0\0/re/frid"..., iov_len=428}], msg_iovlen=1, msg_controllen=0, msg_flags=0}, MSG_NOSIGNAL) = 428
13965 1784103212.155668 <... sendto resumed> ) = 16
13965 1784103212.155674 recvfrom(45, 0x71a5c2bc20, 2272, MSG_DONTWAIT, NULL, NULL) = -1 EAGAIN (Try again)
14000 1784103212.157364 sendmsg(68, {msg_name=NULL, msg_namelen=0, msg_iov=[{iov_base="l\1\1\1\0\1\0\0U\0\0\0\235\0\0\0\1\1o\0;\0\0\0/re/frid"..., iov_len=432}], msg_iovlen=1, msg_controllen=0, msg_flags=0}, MSG_NOSIGNAL) = 432
13965 1784103212.157956 recvfrom(42, "nysv\0\0\0\0\0\0\0\0\0\0\0\0S\342\214S\270\2\0\0\353\265\2\0\0\0\0\0", 3200, MSG_DONTWAIT, NULL, NULL) = 32
13965 1784103212.157968 recvfrom(42, 0x7fefc89590, 3200, MSG_DONTWAIT, NULL, NULL) = -1 EAGAIN (Try again)
13965 1784103212.157987 recvfrom(45, 0x71a5c2bc20, 2272, MSG_DONTWAIT, NULL, NULL) = -1 EAGAIN (Try again)
13965 1784103212.158010 recvfrom(42, 0x7fefc894f0, 3200, MSG_DONTWAIT, NULL, NULL) = -1 EAGAIN (Try again)
13987 1784103212.168555 recvfrom(43, 0x71155c1eb0, 3200, MSG_DONTWAIT, NULL, NULL) = -1 EAGAIN (Try again)
13987 1784103212.169190 recvfrom(43, 0x71155c1eb0, 3200, MSG_DONTWAIT, NULL, NULL) = -1 EAGAIN (Try again)
13965 1784103212.176084 recvfrom(42, "nysv\0\0\0\0\0\0\0\0\0\0\0\0\215/\213T\270\2\0\0\354\265\2\0\0\0\0\0", 3200, MSG_DONTWAIT, NULL, NULL) = 32
13965 1784103212.176108 recvfrom(42, 0x7fefc89590, 3200, MSG_DONTWAIT, NULL, NULL) = -1 EAGAIN (Try again)
13965 1784103212.176220 recvfrom(45, 0x71a5c2bc20, 2272, MSG_DONTWAIT, NULL, NULL) = -1 EAGAIN (Try again)
13987 1784103212.176252 recvfrom(43,  <unfinished ...>
13965 1784103212.176262 recvfrom(42, 0x7fefc894f0, 3200, MSG_DONTWAIT, NULL, NULL) = -1 EAGAIN (Try again)
13987 1784103212.176435 <... recvfrom resumed> "nysv\0\0\0\0\0\0\0\0\0\0\0\0\215/\213T\270\2\0\0\354\265\2\0\0\0\0\0", 3200, MSG_DONTWAIT, NULL, NULL) = 32
13987 1784103212.176509 recvfrom(43, 0x71155c1c80, 3200, MSG_DONTWAIT, NULL, NULL) = -1 EAGAIN (Try again)
13987 1784103212.186941 recvfrom(43, 0x71155c1eb0, 3200, MSG_DONTWAIT, NULL, NULL) = -1 EAGAIN (Try again)
13965 1784103212.192642 recvfrom(42, "nysv\0\0\0\0\0\0\0\0\0\0\0\0\376\177\211U\270\2\0\0\355\265\2\0\0\0\0\0", 3200, MSG_DONTWAIT, NULL, NULL) = 32
13965 1784103212.192668 recvfrom(42, 0x7fefc89590, 3200, MSG_DONTWAIT, NULL, NULL) = -1 EAGAIN (Try again)
13987 1784103212.192722 recvfrom(43,  <unfinished ...>
13965 1784103212.192734 recvfrom(42, 0x7fefc88940, 3200, MSG_DONTWAIT, NULL, NULL) = -1 EAGAIN (Try again)
13987 1784103212.192836 <... recvfrom resumed> "nysv\0\0\0\0\0\0\0\0\0\0\0\0\376\177\211U\270\2\0\0\355\265\2\0\0\0\0\0", 3200, MSG_DONTWAIT, NULL, NULL) = 32
13987 1784103212.193015 recvfrom(43, 0x71155c1c80, 3200, MSG_DONTWAIT, NULL, NULL) = -1 EAGAIN (Try again)
13987 1784103212.202330 recvfrom(43, 0x71155c1eb0, 3200, MSG_DONTWAIT, NULL, NULL) = -1 EAGAIN (Try again)
13965 1784103212.208950 recvfrom(42, "nysv\0\0\0\0\0\0\0\0\0\0\0\0\254\343\207V\270\2\0\0\356\265\2\0\0\0\0\0", 3200, MSG_DONTWAIT, NULL, NULL) = 32
13965 1784103212.208978 recvfrom(42, 0x7fefc89590, 3200, MSG_DONTWAIT, NULL, NULL) = -1 EAGAIN (Try again)
13965 1784103212.209029 recvfrom(45, 0x71a5c2bc20, 2272, MSG_DONTWAIT, NULL, NULL) = -1 EAGAIN (Try again)
13987 1784103212.209173 recvfrom(43,  <unfinished ...>
13965 1784103212.209176 recvfrom(42, 0x7fefc88940, 3200, MSG_DONTWAIT, NULL, NULL) = -1 EAGAIN (Try again)
13987 1784103212.209235 <... recvfrom resumed> "nysv\0\0\0\0\0\0\0\0\0\0\0\0\254\343\207V\270\2\0\0\356\265\2\0\0\0\0\0", 3200, MSG_DONTWAIT, NULL, NULL) = 32
13987 1784103212.209370 recvfrom(43, 0x71155c1c80, 3200, MSG_DONTWAIT, NULL, NULL) = -1 EAGAIN (Try again)
13987 1784103212.220025 recvfrom(43, 0x71155c1eb0, 3200, MSG_DONTWAIT, NULL, NULL) = -1 EAGAIN (Try again)
14000 1784103212.221110 sendmsg(68, {msg_name=NULL, msg_namelen=0, msg_iov=[{iov_base="l\1\1\1\374\0\0\0V\0\0\0\235\0\0\0\1\1o\0;\0\0\0/re/frid"..., iov_len=428}], msg_iovlen=1, msg_controllen=0, msg_flags=0}, MSG_NOSIGNAL) = 428
14000 1784103212.222222 sendmsg(68, {msg_name=NULL, msg_namelen=0, msg_iov=[{iov_base="l\1\1\1\0\1\0\0W\0\0\0\235\0\0\0\1\1o\0;\0\0\0/re/frid"..., iov_len=432}], msg_iovlen=1, msg_controllen=0, msg_flags=0}, MSG_NOSIGNAL) = 432
13965 1784103212.225366 recvfrom(42, "nysv\0\0\0\0\0\0\0\0\0\0\0\0lW\206W\270\2\0\0\357\265\2\0\0\0\0\0", 3200, MSG_DONTWAIT, NULL, NULL) = 32
13965 1784103212.225383 recvfrom(42, 0x7fefc89590, 3200, MSG_DONTWAIT, NULL, NULL) = -1 EAGAIN (Try again)
13987 1784103212.225619 recvfrom(43, "nysv\0\0\0\0\0\0\0\0\0\0\0\0lW\206W\270\2\0\0\357\265\2\0\0\0\0\0", 3200, MSG_DONTWAIT, NULL, NULL) = 32
13965 1784103212.225720 recvfrom(45, 0x71a5c2bc20, 2272, MSG_DONTWAIT, NULL, NULL) = -1 EAGAIN (Try again)
13965 1784103212.225737 recvfrom(42, 0x7fefc894f0, 3200, MSG_DONTWAIT, NULL, NULL) = -1 EAGAIN (Try again)
13987 1784103212.225930 recvfrom(43, 0x71155c1c80, 3200, MSG_DONTWAIT, NULL, NULL) = -1 EAGAIN (Try again)
13987 1784103212.236454 recvfrom(43, 0x71155c1eb0, 3200, MSG_DONTWAIT, NULL, NULL) = -1 EAGAIN (Try again)
13965 1784103212.242019 recvfrom(42, "nysv\0\0\0\0\0\0\0\0\0\0\0\0,\316\204X\270\2\0\0\360\265\2\0\0\0\0\0", 3200, MSG_DONTWAIT, NULL, NULL) = 32
13965 1784103212.242035 recvfrom(42, 0x7fefc89590, 3200, MSG_DONTWAIT, NULL, NULL) = -1 EAGAIN (Try again)
13965 1784103212.242091 recvfrom(42, 0x7fefc88940, 3200, MSG_DONTWAIT, NULL, NULL) = -1 EAGAIN (Try again)
13987 1784103212.242189 recvfrom(43, "nysv\0\0\0\0\0\0\0\0\0\0\0\0,\316\204X\270\2\0\0\360\265\2\0\0\0\0\0", 3200, MSG_DONTWAIT, NULL, NULL) = 32
13987 1784103212.242497 recvfrom(43, 0x71155c1c80, 3200, MSG_DONTWAIT, NULL, NULL) = -1 EAGAIN (Try again)
13987 1784103212.252223 recvfrom(43, 0x71155c1eb0, 3200, MSG_DONTWAIT, NULL, NULL) = -1 EAGAIN (Try again)
13965 1784103212.258969 recvfrom(42, "nysv\0\0\0\0\0\0\0\0\0\0\0\0\3112\203Y\270\2\0\0\361\265\2\0\0\0\0\0", 3200, MSG_DONTWAIT, NULL, NULL) = 32
13965 1784103212.258985 recvfrom(42, 0x7fefc89590, 3200, MSG_DONTWAIT, NULL, NULL) = -1 EAGAIN (Try again)
13965 1784103212.259031 recvfrom(45, 0x71a5c2bc20, 2272, MSG_DONTWAIT, NULL, NULL) = -1 EAGAIN (Try again)
13965 1784103212.259052 recvfrom(42, 0x7fefc88940, 3200, MSG_DONTWAIT, NULL, NULL) = -1 EAGAIN (Try again)
13987 1784103212.259169 recvfrom(43, "nysv\0\0\0\0\0\0\0\0\0\0\0\0\3112\203Y\270\2\0\0\361\265\2\0\0\0\0\0", 3200, MSG_DONTWAIT, NULL, NULL) = 32
13987 1784103212.259367 recvfrom(43, 0x71155c1c80, 3200, MSG_DONTWAIT, NULL, NULL) = -1 EAGAIN (Try again)
13987 1784103212.270661 recvfrom(43, 0x71155c1eb0, 3200, MSG_DONTWAIT, NULL, NULL) = -1 EAGAIN (Try again)
13965 1784103212.276022 recvfrom(42, "nysv\0\0\0\0\0\0\0\0\0\0\0\0\240\204\201Z\270\2\0\0\362\265\2\0\0\0\0\0", 3200, MSG_DONTWAIT, NULL, NULL) = 32
13965 1784103212.276075 recvfrom(42, 0x7fefc89590, 3200, MSG_DONTWAIT, NULL, NULL) = -1 EAGAIN (Try again)
13987 1784103212.276411 recvfrom(43,  <unfinished ...>
13965 1784103212.276429 recvfrom(45, 0x71a5c2bc20, 2272, MSG_DONTWAIT, NULL, NULL) = -1 EAGAIN (Try again)
13987 1784103212.276716 <... recvfrom resumed> "nysv\0\0\0\0\0\0\0\0\0\0\0\0\240\204\201Z\270\2\0\0\362\265\2\0\0\0\0\0", 3200, MSG_DONTWAIT, NULL, NULL) = 32
13965 1784103212.276742 recvfrom(42, 0x7fefc88940, 3200, MSG_DONTWAIT, NULL, NULL) = -1 EAGAIN (Try again)
13987 1784103212.277010 recvfrom(43, 0x71155c1c80, 3200, MSG_DONTWAIT, NULL, NULL) = -1 EAGAIN (Try again)
13987 1784103212.287467 recvfrom(43, 0x71155c1eb0, 3200, MSG_DONTWAIT, NULL, NULL) = -1 EAGAIN (Try again)
13965 1784103212.292432 recvfrom(42, "nysv\0\0\0\0\0\0\0\0\0\0\0\0c\337\177[\270\2\0\0\363\265\2\0\0\0\0\0", 3200, MSG_DONTWAIT, NULL, NULL) = 32
13965 1784103212.292669 recvfrom(42, 0x7fefc89590, 3200, MSG_DONTWAIT, NULL, NULL) = -1 EAGAIN (Try again)
13987 1784103212.292744 recvfrom(43,  <unfinished ...>
13965 1784103212.292761 recvfrom(45, 0x71a5c2bc20, 2272, MSG_DONTWAIT, NULL, NULL) = -1 EAGAIN (Try again)
13965 1784103212.292789 recvfrom(42, 0x7fefc88940, 3200, MSG_DONTWAIT, NULL, NULL) = -1 EAGAIN (Try again)
13987 1784103212.292803 <... recvfrom resumed> "nysv\0\0\0\0\0\0\0\0\0\0\0\0c\337\177[\270\2\0\0\363\265\2\0\0\0\0\0", 3200, MSG_DONTWAIT, NULL, NULL) = 32
13987 1784103212.292992 recvfrom(43, 0x71155c1c80, 3200, MSG_DONTWAIT, NULL, NULL) = -1 EAGAIN (Try again)
13987 1784103212.302350 recvfrom(43, 0x71155c1eb0, 3200, MSG_DONTWAIT, NULL, NULL) = -1 EAGAIN (Try again)
13965 1784103212.308979 recvfrom(42, "nysv\0\0\0\0\0\0\0\0\0\0\0\0HC~\\\270\2\0\0\364\265\2\0\0\0\0\0", 3200, MSG_DONTWAIT, NULL, NULL) = 32
13965 1784103212.309004 recvfrom(42, 0x7fefc89590, 3200, MSG_DONTWAIT, NULL, NULL) = -1 EAGAIN (Try again)
13965 1784103212.309041 recvfrom(45, 0x71a5c2bc20, 2272, MSG_DONTWAIT, NULL, NULL) = -1 EAGAIN (Try again)
13987 1784103212.309193 recvfrom(43,  <unfinished ...>
13965 1784103212.309196 recvfrom(42, 0x7fefc88940, 3200, MSG_DONTWAIT, NULL, NULL) = -1 EAGAIN (Try again)
13987 1784103212.309231 <... recvfrom resumed> "nysv\0\0\0\0\0\0\0\0\0\0\0\0HC~\\\270\2\0\0\364\265\2\0\0\0\0\0", 3200, MSG_DONTWAIT, NULL, NULL) = 32
13987 1784103212.309359 recvfrom(43, 0x71155c1c80, 3200, MSG_DONTWAIT, NULL, NULL) = -1 EAGAIN (Try again)
13987 1784103212.319176 recvfrom(43, 0x71155c1eb0, 3200, MSG_DONTWAIT, NULL, NULL) = -1 EAGAIN (Try again)
13965 1784103212.324952 recvfrom(42, "nysv\0\0\0\0\0\0\0\0\0\0\0\0\263\320|]\270\2\0\0\365\265\2\0\0\0\0\0", 3200, MSG_DONTWAIT, NULL, NULL) = 32
13965 1784103212.324973 recvfrom(42, 0x7fefc89590, 3200, MSG_DONTWAIT, NULL, NULL) = -1 EAGAIN (Try again)
13965 1784103212.325008 recvfrom(45, 0x71a5c2bc20, 2272, MSG_DONTWAIT, NULL, NULL) = -1 EAGAIN (Try again)
13965 1784103212.325039 recvfrom(42, 0x7fefc888b0, 3200, MSG_DONTWAIT, NULL, NULL) = -1 EAGAIN (Try again)
13987 1784103212.325601 recvfrom(43, "nysv\0\0\0\0\0\0\0\0\0\0\0\0\263\320|]\270\2\0\0\365\265\2\0\0\0\0\0", 3200, MSG_DONTWAIT, NULL, NULL) = 32
13987 1784103212.325774 recvfrom(43, 0x71155c1c80, 3200, MSG_DONTWAIT, NULL, NULL) = -1 EAGAIN (Try again)
13987 1784103212.335808 recvfrom(43, 0x71155c1eb0, 3200, MSG_DONTWAIT, NULL, NULL) = -1 EAGAIN (Try again)
13965 1784103212.341913 recvfrom(42, "nysv\0\0\0\0\0\0\0\0\0\0\0\0qN{^\270\2\0\0\366\265\2\0\0\0\0\0", 3200, MSG_DONTWAIT, NULL, NULL) = 32
13965 1784103212.341929 recvfrom(42, 0x7fefc89590, 3200, MSG_DONTWAIT, NULL, NULL) = -1 EAGAIN (Try again)
13965 1784103212.341958 recvfrom(45, 0x71a5c2bc20, 2272, MSG_DONTWAIT, NULL, NULL) = -1 EAGAIN (Try again)
13965 1784103212.341972 recvfrom(42, 0x7fefc894f0, 3200, MSG_DONTWAIT, NULL, NULL) = -1 EAGAIN (Try again)
13987 1784103212.342130 recvfrom(43, "nysv\0\0\0\0\0\0\0\0\0\0\0\0qN{^\270\2\0\0\366\265\2\0\0\0\0\0", 3200, MSG_DONTWAIT, NULL, NULL) = 32
13987 1784103212.342442 recvfrom(43, 0x71155c1c80, 3200, MSG_DONTWAIT, NULL, NULL) = -1 EAGAIN (Try again)
13987 1784103212.353068 recvfrom(43, 0x71155c1eb0, 3200, MSG_DONTWAIT, NULL, NULL) = -1 EAGAIN (Try again)
13965 1784103212.359288 recvfrom(42, "nysv\0\0\0\0\0\0\0\0\0\0\0\0\243\243y_\270\2\0\0\367\265\2\0\0\0\0\0", 3200, MSG_DONTWAIT, NULL, NULL) = 32
13965 1784103212.359306 recvfrom(42, 0x7fefc89590, 3200, MSG_DONTWAIT, NULL, NULL) = -1 EAGAIN (Try again)
13987 1784103212.359504 recvfrom(43,  <unfinished ...>
13965 1784103212.359507 recvfrom(42, 0x7fefc894f0, 3200, MSG_DONTWAIT, NULL, NULL) = -1 EAGAIN (Try again)
13987 1784103212.359696 <... recvfrom resumed> "nysv\0\0\0\0\0\0\0\0\0\0\0\0\243\243y_\270\2\0\0\367\265\2\0\0\0\0\0", 3200, MSG_DONTWAIT, NULL, NULL) = 32
13987 1784103212.359806 recvfrom(43, 0x71155c1c80, 3200, MSG_DONTWAIT, NULL, NULL) = -1 EAGAIN (Try again)
13987 1784103212.372415 recvfrom(43, 0x71155c1eb0, 3200, MSG_DONTWAIT, NULL, NULL) = -1 EAGAIN (Try again)
13965 1784103212.375807 recvfrom(42, "nysv\0\0\0\0\0\0\0\0\0\0\0\0\272\1x`\270\2\0\0\370\265\2\0\0\0\0\0", 3200, MSG_DONTWAIT, NULL, NULL) = 32
13965 1784103212.375825 recvfrom(42, 0x7fefc89590, 3200, MSG_DONTWAIT, NULL, NULL) = -1 EAGAIN (Try again)
13965 1784103212.375878 recvfrom(42, 0x7fefc894f0, 3200, MSG_DONTWAIT, NULL, NULL) = -1 EAGAIN (Try again)
13987 1784103212.375900 recvfrom(43, "nysv\0\0\0\0\0\0\0\0\0\0\0\0\272\1x`\270\2\0\0\370\265\2\0\0\0\0\0", 3200, MSG_DONTWAIT, NULL, NULL) = 32
13987 1784103212.376175 recvfrom(43, 0x71155c1c80, 3200, MSG_DONTWAIT, NULL, NULL) = -1 EAGAIN (Try again)
13987 1784103212.386479 recvfrom(43, 0x71155c1eb0, 3200, MSG_DONTWAIT, NULL, NULL) = -1 EAGAIN (Try again)
13965 1784103212.392110 recvfrom(42, "nysv\0\0\0\0\0\0\0\0\0\0\0\0|5va\270\2\0\0\371\265\2\0\0\0\0\0", 3200, MSG_DONTWAIT, NULL, NULL) = 32
13965 1784103212.392128 recvfrom(42, 0x7fefc89590, 3200, MSG_DONTWAIT, NULL, NULL) = -1 EAGAIN (Try again)
13965 1784103212.392184 recvfrom(42, 0x7fefc894f0, 3200, MSG_DONTWAIT, NULL, NULL) = -1 EAGAIN (Try again)
13987 1784103212.392254 recvfrom(43, "nysv\0\0\0\0\0\0\0\0\0\0\0\0|5va\270\2\0\0\371\265\2\0\0\0\0\0", 3200, MSG_DONTWAIT, NULL, NULL) = 32
13987 1784103212.392542 recvfrom(43, 0x71155c1c80, 3200, MSG_DONTWAIT, NULL, NULL) = -1 EAGAIN (Try again)
13987 1784103212.405222 recvfrom(43, 0x71155c1eb0, 3200, MSG_DONTWAIT, NULL, NULL) = -1 EAGAIN (Try again)
13965 1784103212.408149 recvfrom(42, "nysv\0\0\0\0\0\0\0\0\0\0\0\0\177\312tb\270\2\0\0\372\265\2\0\0\0\0\0", 3200, MSG_DONTWAIT, NULL, NULL) = 32
13965 1784103212.408183 recvfrom(42, 0x7fefc89590, 3200, MSG_DONTWAIT, NULL, NULL) = -1 EAGAIN (Try again)
13965 1784103212.408215 recvfrom(42, 0x7fefc894f0, 3200, MSG_DONTWAIT, NULL, NULL) = -1 EAGAIN (Try again)
13987 1784103212.408394 recvfrom(43, "nysv\0\0\0\0\0\0\0\0\0\0\0\0\177\312tb\270\2\0\0\372\265\2\0\0\0\0\0", 3200, MSG_DONTWAIT, NULL, NULL) = 32
13987 1784103212.408552 recvfrom(43, 0x71155c1c80, 3200, MSG_DONTWAIT, NULL, NULL) = -1 EAGAIN (Try again)
13987 1784103212.419618 recvfrom(43, 0x71155c1eb0, 3200, MSG_DONTWAIT, NULL, NULL) = -1 EAGAIN (Try again)
13965 1784103212.424865 recvfrom(42, "nysv\0\0\0\0\0\0\0\0\0\0\0\0/bsc\270\2\0\0\373\265\2\0\0\0\0\0", 3200, MSG_DONTWAIT, NULL, NULL) = 32
13965 1784103212.424884 recvfrom(42, 0x7fefc89590, 3200, MSG_DONTWAIT, NULL, NULL) = -1 EAGAIN (Try again)
13965 1784103212.424916 recvfrom(42, 0x7fefc894f0, 3200, MSG_DONTWAIT, NULL, NULL) = -1 EAGAIN (Try again)
13987 1784103212.425102 recvfrom(43, "nysv\0\0\0\0\0\0\0\0\0\0\0\0/bsc\270\2\0\0\373\265\2\0\0\0\0\0", 3200, MSG_DONTWAIT, NULL, NULL) = 32
13987 1784103212.425398 recvfrom(43, 0x71155c1c80, 3200, MSG_DONTWAIT, NULL, NULL) = -1 EAGAIN (Try again)
13987 1784103212.436494 recvfrom(43, 0x71155c1eb0, 3200, MSG_DONTWAIT, NULL, NULL) = -1 EAGAIN (Try again)
13965 1784103212.442155 recvfrom(42, "nysv\0\0\0\0\0\0\0\0\0\0\0\0s\323qd\270\2\0\0\374\265\2\0\0\0\0\0", 3200, MSG_DONTWAIT, NULL, NULL) = 32
13965 1784103212.442169 recvfrom(42, 0x7fefc89590, 3200, MSG_DONTWAIT, NULL, NULL) = -1 EAGAIN (Try again)
13965 1784103212.442207 recvfrom(42, 0x7fefc894f0, 3200, MSG_DONTWAIT, NULL, NULL) = -1 EAGAIN (Try again)
13987 1784103212.442231 recvfrom(43, "nysv\0\0\0\0\0\0\0\0\0\0\0\0s\323qd\270\2\0\0\374\265\2\0\0\0\0\0", 3200, MSG_DONTWAIT, NULL, NULL) = 32
13987 1784103212.442467 recvfrom(43, 0x71155c1c80, 3200, MSG_DONTWAIT, NULL, NULL) = -1 EAGAIN (Try again)
13987 1784103212.453144 recvfrom(43, 0x71155c1eb0, 3200, MSG_DONTWAIT, NULL, NULL) = -1 EAGAIN (Try again)
13965 1784103212.459316 recvfrom(42, "nysv\0\0\0\0\0\0\0\0\0\0\0\0\260\"pe\270\2\0\0\375\265\2\0\0\0\0\0", 3200, MSG_DONTWAIT, NULL, NULL) = 32
13965 1784103212.459336 recvfrom(42, 0x7fefc89590, 3200, MSG_DONTWAIT, NULL, NULL) = -1 EAGAIN (Try again)
13965 1784103212.459376 recvfrom(42, 0x7fefc894f0, 3200, MSG_DONTWAIT, NULL, NULL) = -1 EAGAIN (Try again)
13987 1784103212.459529 recvfrom(43, "nysv\0\0\0\0\0\0\0\0\0\0\0\0\260\"pe\270\2\0\0\375\265\2\0\0\0\0\0", 3200, MSG_DONTWAIT, NULL, NULL) = 32
13987 1784103212.459813 recvfrom(43, 0x71155c1c80, 3200, MSG_DONTWAIT, NULL, NULL) = -1 EAGAIN (Try again)
13987 1784103212.470232 recvfrom(43, 0x71155c1eb0, 3200, MSG_DONTWAIT, NULL, NULL) = -1 EAGAIN (Try again)
13965 1784103212.476580 recvfrom(42, "nysv\0\0\0\0\0\0\0\0\0\0\0\0QOnf\270\2\0\0\376\265\2\0\0\0\0\0", 3200, MSG_DONTWAIT, NULL, NULL) = 32
13965 1784103212.476595 recvfrom(42, 0x7fefc89590, 3200, MSG_DONTWAIT, NULL, NULL) = -1 EAGAIN (Try again)
13965 1784103212.476628 recvfrom(42, 0x7fefc894f0, 3200, MSG_DONTWAIT, NULL, NULL) = -1 EAGAIN (Try again)
13987 1784103212.476805 recvfrom(43, "nysv\0\0\0\0\0\0\0\0\0\0\0\0QOnf\270\2\0\0\376\265\2\0\0\0\0\0", 3200, MSG_DONTWAIT, NULL, NULL) = 32
13987 1784103212.477065 recvfrom(43, 0x71155c1c80, 3200, MSG_DONTWAIT, NULL, NULL) = -1 EAGAIN (Try again)
13987 1784103212.487398 recvfrom(43, 0x71155c1eb0, 3200, MSG_DONTWAIT, NULL, NULL) = -1 EAGAIN (Try again)
13965 1784103212.492544 recvfrom(42, "nysv\0\0\0\0\0\0\0\0\0\0\0\0\315\247lg\270\2\0\0\377\265\2\0\0\0\0\0", 3200, MSG_DONTWAIT, NULL, NULL) = 32
13965 1784103212.492559 recvfrom(42, 0x7fefc89590, 3200, MSG_DONTWAIT, NULL, NULL) = -1 EAGAIN (Try again)
13965 1784103212.492589 recvfrom(42, 0x7fefc894f0, 3200, MSG_DONTWAIT, NULL, NULL) = -1 EAGAIN (Try again)
13987 1784103212.492752 recvfrom(43, "nysv\0\0\0\0\0\0\0\0\0\0\0\0\315\247lg\270\2\0\0\377\265\2\0\0\0\0\0", 3200, MSG_DONTWAIT, NULL, NULL) = 32
13987 1784103212.492972 recvfrom(43, 0x71155c1c80, 3200, MSG_DONTWAIT, NULL, NULL) = -1 EAGAIN (Try again)
13987 1784103212.503612 recvfrom(43, 0x71155c1eb0, 3200, MSG_DONTWAIT, NULL, NULL) = -1 EAGAIN (Try again)
13965 1784103212.508530 recvfrom(42, "nysv\0\0\0\0\0\0\0\0\0\0\0\0[*kh\270\2\0\0\0\266\2\0\200\0\0\0", 3200, MSG_DONTWAIT, NULL, NULL) = 32
13965 1784103212.508545 recvfrom(42, 0x7fefc89590, 3200, MSG_DONTWAIT, NULL, NULL) = -1 EAGAIN (Try again)
13965 1784103212.508605 recvfrom(42, 0x7fefc894f0, 3200, MSG_DONTWAIT, NULL, NULL) = -1 EAGAIN (Try again)
13987 1784103212.508851 recvfrom(43, "nysv\0\0\0\0\0\0\0\0\0\0\0\0[*kh\270\2\0\0\0\266\2\0\200\0\0\0", 3200, MSG_DONTWAIT, NULL, NULL) = 32
13987 1784103212.509151 recvfrom(43, 0x71155c1c80, 3200, MSG_DONTWAIT, NULL, NULL) = -1 EAGAIN (Try again)
13987 1784103212.520636 recvfrom(43, 0x71155c1eb0, 3200, MSG_DONTWAIT, NULL, NULL) = -1 EAGAIN (Try again)
13965 1784103212.525018 recvfrom(42, "nysv\0\0\0\0\0\0\0\0\0\0\0\0\203\265ii\270\2\0\0\1\266\2\0\0\0\0\0", 3200, MSG_DONTWAIT, NULL, NULL) = 32
13965 1784103212.525031 recvfrom(42, 0x7fefc89590, 3200, MSG_DONTWAIT, NULL, NULL) = -1 EAGAIN (Try again)
13965 1784103212.525149 recvfrom(42, 0x7fefc894f0, 3200, MSG_DONTWAIT, NULL, NULL) = -1 EAGAIN (Try again)
13987 1784103212.525394 recvfrom(43, "nysv\0\0\0\0\0\0\0\0\0\0\0\0\203\265ii\270\2\0\0\1\266\2\0\0\0\0\0", 3200, MSG_DONTWAIT, NULL, NULL) = 32
13987 1784103212.525600 recvfrom(43, 0x71155c1c80, 3200, MSG_DONTWAIT, NULL, NULL) = -1 EAGAIN (Try again)
13987 1784103212.536005 recvfrom(43, 0x71155c1eb0, 3200, MSG_DONTWAIT, NULL, NULL) = -1 EAGAIN (Try again)
13965 1784103212.542102 recvfrom(42, "nysv\0\0\0\0\0\0\0\0\0\0\0\0006)hj\270\2\0\0\2\266\2\0\0\0\0\0", 3200, MSG_DONTWAIT, NULL, NULL) = 32
13965 1784103212.542125 recvfrom(42, 0x7fefc89590, 3200, MSG_DONTWAIT, NULL, NULL) = -1 EAGAIN (Try again)
13987 1784103212.542333 recvfrom(43, "nysv\0\0\0\0\0\0\0\0\0\0\0\0006)hj\270\2\0\0\2\266\2\0\0\0\0\0", 3200, MSG_DONTWAIT, NULL, NULL) = 32
13987 1784103212.542670 recvfrom(43, 0x71155c1c80, 3200, MSG_DONTWAIT, NULL, NULL) = -1 EAGAIN (Try again)
13987 1784103212.559915 recvfrom(43, "nysv\0\0\0\0\0\0\0\0\0\0\0\0!mfk\270\2\0\0\3\266\2\0\0\0\0\0", 3200, MSG_DONTWAIT, NULL, NULL) = 32
13987 1784103212.560194 recvfrom(43, 0x71155c1c80, 3200, MSG_DONTWAIT, NULL, NULL) = -1 EAGAIN (Try again)
13965 1784103226.695740 recvfrom(45, "\2\0\0\0\0\0\0\0\367\22\0\0\0\0\0\0\300\362\366\265\273\2\0\0\1\0\0\0\2\20\0\0"..., 2272, MSG_DONTWAIT, NULL, NULL) = 232
13965 1784103226.695934 sendto(45, "\3\0\0\0\0\0\0\0\367\22\0\0\1\0\0\0", 16, MSG_DONTWAIT|MSG_NOSIGNAL, NULL, 0) = 16
13965 1784103226.695960 recvfrom(45, 0x71a5c2bc20, 2272, MSG_DONTWAIT, NULL, NULL) = -1 EAGAIN (Try again)
13965 1784103226.696309 recvfrom(45, "\2\0\0\0\0\0\0\0\371\22\0\0\0\0\0\0\300\362\366\265\273\2\0\0\1\0\0\0\2\20\0\0"..., 2272, MSG_DONTWAIT, NULL, NULL) = 232
13965 1784103226.696438 recvfrom(42, 0x7fefc85dc0, 3200, MSG_DONTWAIT, NULL, NULL) = -1 EAGAIN (Try again)
13965 1784103226.698319 sendto(45, "\3\0\0\0\0\0\0\0\371\22\0\0\1\0\0\0", 16, MSG_DONTWAIT|MSG_NOSIGNAL, NULL, 0) = 16
13965 1784103226.698347 recvfrom(45, 0x71a5c2bc20, 2272, MSG_DONTWAIT, NULL, NULL) = -1 EAGAIN (Try again)
14000 1784103226.699069 sendmsg(68, {msg_name=NULL, msg_namelen=0, msg_iov=[{iov_base="l\1\1\1\374\0\0\0X\0\0\0\235\0\0\0\1\1o\0;\0\0\0/re/frid"..., iov_len=428}], msg_iovlen=1, msg_controllen=0, msg_flags=0}, MSG_NOSIGNAL) = 428
14000 1784103226.700724 sendmsg(68, {msg_name=NULL, msg_namelen=0, msg_iov=[{iov_base="l\1\1\1\0\1\0\0Y\0\0\0\235\0\0\0\1\1o\0;\0\0\0/re/frid"..., iov_len=432}], msg_iovlen=1, msg_controllen=0, msg_flags=0}, MSG_NOSIGNAL) = 432
13965 1784103226.708026 recvfrom(42, "nysv\0\0\0\0\0\0\0\0\0\0\0\0\306\351\313\266\273\2\0\0J\271\2\0\0\0\0\0", 3200, MSG_DONTWAIT, NULL, NULL) = 32
13965 1784103226.708078 recvfrom(42, 0x7fefc89590, 3200, MSG_DONTWAIT, NULL, NULL) = -1 EAGAIN (Try again)
13965 1784103226.708101 recvfrom(45, 0x71a5c2bc20, 2272, MSG_DONTWAIT, NULL, NULL) = -1 EAGAIN (Try again)
13965 1784103226.708129 recvfrom(42, 0x7fefc894f0, 3200, MSG_DONTWAIT, NULL, NULL) = -1 EAGAIN (Try again)
13987 1784103226.718310 recvfrom(43, 0x71155c1eb0, 3200, MSG_DONTWAIT, NULL, NULL) = -1 EAGAIN (Try again)
13987 1784103226.718984 recvfrom(43, 0x71155c1eb0, 3200, MSG_DONTWAIT, NULL, NULL) = -1 EAGAIN (Try again)
13965 1784103226.724979 recvfrom(42, "nysv\0\0\0\0\0\0\0\0\0\0\0\0\377\177\312\267\273\2\0\0K\271\2\0\0\0\0\0", 3200, MSG_DONTWAIT, NULL, NULL) = 32
13965 1784103226.724995 recvfrom(42, 0x7fefc89590, 3200, MSG_DONTWAIT, NULL, NULL) = -1 EAGAIN (Try again)
13987 1784103226.725094 recvfrom(43,  <unfinished ...>
13965 1784103226.725116 recvfrom(45, 0x71a5c2bc20, 2272, MSG_DONTWAIT, NULL, NULL) = -1 EAGAIN (Try again)
13965 1784103226.725142 recvfrom(42, 0x7fefc894f0, 3200, MSG_DONTWAIT, NULL, NULL) = -1 EAGAIN (Try again)
13987 1784103226.725166 <... recvfrom resumed> "nysv\0\0\0\0\0\0\0\0\0\0\0\0\377\177\312\267\273\2\0\0K\271\2\0\0\0\0\0", 3200, MSG_DONTWAIT, NULL, NULL) = 32
13987 1784103226.725440 recvfrom(43, 0x71155c1c80, 3200, MSG_DONTWAIT, NULL, NULL) = -1 EAGAIN (Try again)
13987 1784103226.735765 recvfrom(43, 0x71155c1eb0, 3200, MSG_DONTWAIT, NULL, NULL) = -1 EAGAIN (Try again)
13965 1784103226.741975 recvfrom(42, "nysv\0\0\0\0\0\0\0\0\0\0\0\0\366\4\311\270\273\2\0\0L\271\2\0\0\0\0\0", 3200, MSG_DONTWAIT, NULL, NULL) = 32
13965 1784103226.742004 recvfrom(42, 0x7fefc89590, 3200, MSG_DONTWAIT, NULL, NULL) = -1 EAGAIN (Try again)
13965 1784103226.742040 recvfrom(42, 0x7fefc88940, 3200, MSG_DONTWAIT, NULL, NULL) = -1 EAGAIN (Try again)
13987 1784103226.742143 recvfrom(43, "nysv\0\0\0\0\0\0\0\0\0\0\0\0\366\4\311\270\273\2\0\0L\271\2\0\0\0\0\0", 3200, MSG_DONTWAIT, NULL, NULL) = 32
13987 1784103226.742495 recvfrom(43, 0x71155c1c80, 3200, MSG_DONTWAIT, NULL, NULL) = -1 EAGAIN (Try again)
13987 1784103226.751695 recvfrom(43, 0x71155c1eb0, 3200, MSG_DONTWAIT, NULL, NULL) = -1 EAGAIN (Try again)
13965 1784103226.759701 recvfrom(42, "nysv\0\0\0\0\0\0\0\0\0\0\0\0 U\307\271\273\2\0\0M\271\2\0\0\0\0\0", 3200, MSG_DONTWAIT, NULL, NULL) = 32
13965 1784103226.759718 recvfrom(42,  <unfinished ...>
13987 1784103226.759720 recvfrom(43,  <unfinished ...>
13965 1784103226.759758 <... recvfrom resumed> 0x7fefc89590, 3200, MSG_DONTWAIT, NULL, NULL) = -1 EAGAIN (Try again)
13965 1784103226.759783 recvfrom(45, 0x71a5c2bc20, 2272, MSG_DONTWAIT, NULL, NULL) = -1 EAGAIN (Try again)
13987 1784103226.759807 <... recvfrom resumed> "nysv\0\0\0\0\0\0\0\0\0\0\0\0 U\307\271\273\2\0\0M\271\2\0\0\0\0\0", 3200, MSG_DONTWAIT, NULL, NULL) = 32
13965 1784103226.759916 recvfrom(42, 0x7fefc88940, 3200, MSG_DONTWAIT, NULL, NULL) = -1 EAGAIN (Try again)
13987 1784103226.759973 recvfrom(43, 0x71155c1c80, 3200, MSG_DONTWAIT, NULL, NULL) = -1 EAGAIN (Try again)
14000 1784103226.766368 sendmsg(68, {msg_name=NULL, msg_namelen=0, msg_iov=[{iov_base="l\1\1\1\374\0\0\0Z\0\0\0\235\0\0\0\1\1o\0;\0\0\0/re/frid"..., iov_len=428}], msg_iovlen=1, msg_controllen=0, msg_flags=0}, MSG_NOSIGNAL) = 428
14000 1784103226.767857 sendmsg(68, {msg_name=NULL, msg_namelen=0, msg_iov=[{iov_base="l\1\1\1\0\1\0\0[\0\0\0\235\0\0\0\1\1o\0;\0\0\0/re/frid"..., iov_len=432}], msg_iovlen=1, msg_controllen=0, msg_flags=0}, MSG_NOSIGNAL) = 432
13987 1784103226.772079 recvfrom(43, 0x71155c1eb0, 3200, MSG_DONTWAIT, NULL, NULL) = -1 EAGAIN (Try again)
13965 1784103226.776050 recvfrom(42, "nysv\0\0\0\0\0\0\0\0\0\0\0\0\215\264\305\272\273\2\0\0N\271\2\0\0\0\0\0", 3200, MSG_DONTWAIT, NULL, NULL) = 32
13987 1784103226.776075 recvfrom(43,  <unfinished ...>
13965 1784103226.776086 recvfrom(42, 0x7fefc89590, 3200, MSG_DONTWAIT, NULL, NULL) = -1 EAGAIN (Try again)
13965 1784103226.776118 recvfrom(45, 0x71a5c2bc20, 2272, MSG_DONTWAIT, NULL, NULL) = -1 EAGAIN (Try again)
13987 1784103226.776141 <... recvfrom resumed> "nysv\0\0\0\0\0\0\0\0\0\0\0\0\215\264\305\272\273\2\0\0N\271\2\0\0\0\0\0", 3200, MSG_DONTWAIT, NULL, NULL) = 32
13965 1784103226.776156 recvfrom(42, 0x7fefc894f0, 3200, MSG_DONTWAIT, NULL, NULL) = -1 EAGAIN (Try again)
13987 1784103226.776208 recvfrom(43, 0x71155c1c80, 3200, MSG_DONTWAIT, NULL, NULL) = -1 EAGAIN (Try again)
13987 1784103226.786276 recvfrom(43, 0x71155c1eb0, 3200, MSG_DONTWAIT, NULL, NULL) = -1 EAGAIN (Try again)
13965 1784103226.793210 recvfrom(42, "nysv\0\0\0\0\0\0\0\0\0\0\0\0\267\4\304\273\273\2\0\0O\271\2\0\0\0\0\0", 3200, MSG_DONTWAIT, NULL, NULL) = 32
13987 1784103226.793345 recvfrom(43,  <unfinished ...>
13965 1784103226.793358 recvfrom(42, 0x7fefc89590, 3200, MSG_DONTWAIT, NULL, NULL) = -1 EAGAIN (Try again)
13965 1784103226.793405 recvfrom(42, 0x7fefc88940, 3200, MSG_DONTWAIT, NULL, NULL) = -1 EAGAIN (Try again)
13987 1784103226.793412 <... recvfrom resumed> "nysv\0\0\0\0\0\0\0\0\0\0\0\0\267\4\304\273\273\2\0\0O\271\2\0\0\0\0\0", 3200, MSG_DONTWAIT, NULL, NULL) = 32
13987 1784103226.793596 recvfrom(43, 0x71155c1c80, 3200, MSG_DONTWAIT, NULL, NULL) = -1 EAGAIN (Try again)
13987 1784103226.803212 recvfrom(43, 0x71155c1eb0, 3200, MSG_DONTWAIT, NULL, NULL) = -1 EAGAIN (Try again)
13965 1784103226.808766 recvfrom(42, "nysv\0\0\0\0\0\0\0\0\0\0\0\0\341T\302\274\273\2\0\0P\271\2\0\0\0\0\0", 3200, MSG_DONTWAIT, NULL, NULL) = 32
13965 1784103226.808781 recvfrom(42, 0x7fefc89590, 3200, MSG_DONTWAIT, NULL, NULL) = -1 EAGAIN (Try again)
13965 1784103226.808802 recvfrom(45, 0x71a5c2bc20, 2272, MSG_DONTWAIT, NULL, NULL) = -1 EAGAIN (Try again)
13987 1784103226.808826 recvfrom(43, "nysv\0\0\0\0\0\0\0\0\0\0\0\0\341T\302\274\273\2\0\0P\271\2\0\0\0\0\0", 3200, MSG_DONTWAIT, NULL, NULL) = 32
13965 1784103226.808952 recvfrom(42, 0x7fefc88940, 3200, MSG_DONTWAIT, NULL, NULL) = -1 EAGAIN (Try again)
13987 1784103226.809007 recvfrom(43, 0x71155c1c80, 3200, MSG_DONTWAIT, NULL, NULL) = -1 EAGAIN (Try again)
13987 1784103226.819331 recvfrom(43, 0x71155c1eb0, 3200, MSG_DONTWAIT, NULL, NULL) = -1 EAGAIN (Try again)
13965 1784103226.825651 recvfrom(42, "nysv\0\0\0\0\0\0\0\0\0\0\0\0\v\245\300\275\273\2\0\0Q\271\2\0\0\0\0\0", 3200, MSG_DONTWAIT, NULL, NULL) = 32
13965 1784103226.825667 recvfrom(42, 0x7fefc89590, 3200, MSG_DONTWAIT, NULL, NULL) = -1 EAGAIN (Try again)
13987 1784103226.825683 recvfrom(43, "nysv\0\0\0\0\0\0\0\0\0\0\0\0\v\245\300\275\273\2\0\0Q\271\2\0\0\0\0\0", 3200, MSG_DONTWAIT, NULL, NULL) = 32
13965 1784103226.825845 recvfrom(45, 0x71a5c2bc20, 2272, MSG_DONTWAIT, NULL, NULL) = -1 EAGAIN (Try again)
13965 1784103226.825867 recvfrom(42, 0x7fefc88940, 3200, MSG_DONTWAIT, NULL, NULL) = -1 EAGAIN (Try again)
13987 1784103226.825905 recvfrom(43, 0x71155c1c80, 3200, MSG_DONTWAIT, NULL, NULL) = -1 EAGAIN (Try again)
13987 1784103226.835185 recvfrom(43, 0x71155c1eb0, 3200, MSG_DONTWAIT, NULL, NULL) = -1 EAGAIN (Try again)
13965 1784103226.842510 recvfrom(42, "nysv\0\0\0\0\0\0\0\0\0\0\0\0005\365\276\276\273\2\0\0R\271\2\0\0\0\0\0", 3200, MSG_DONTWAIT, NULL, NULL) = 32
13965 1784103226.842524 recvfrom(42, 0x7fefc89590, 3200, MSG_DONTWAIT, NULL, NULL) = -1 EAGAIN (Try again)
13965 1784103226.842548 recvfrom(45, 0x71a5c2bc20, 2272, MSG_DONTWAIT, NULL, NULL) = -1 EAGAIN (Try again)
13987 1784103226.842569 recvfrom(43,  <unfinished ...>
13965 1784103226.842579 recvfrom(42, 0x7fefc88940, 3200, MSG_DONTWAIT, NULL, NULL) = -1 EAGAIN (Try again)
13987 1784103226.842847 <... recvfrom resumed> "nysv\0\0\0\0\0\0\0\0\0\0\0\0005\365\276\276\273\2\0\0R\271\2\0\0\0\0\0", 3200, MSG_DONTWAIT, NULL, NULL) = 32
13987 1784103226.843055 recvfrom(43, 0x71155c1c80, 3200, MSG_DONTWAIT, NULL, NULL) = -1 EAGAIN (Try again)
13987 1784103226.852059 recvfrom(43, 0x71155c1eb0, 3200, MSG_DONTWAIT, NULL, NULL) = -1 EAGAIN (Try again)
13965 1784103226.858198 recvfrom(42, "nysv\0\0\0\0\0\0\0\0\0\0\0\0\316\221\275\277\273\2\0\0S\271\2\0\0\0\0\0", 3200, MSG_DONTWAIT, NULL, NULL) = 32
13965 1784103226.858213 recvfrom(42, 0x7fefc89590, 3200, MSG_DONTWAIT, NULL, NULL) = -1 EAGAIN (Try again)
13965 1784103226.858239 recvfrom(45, 0x71a5c2bc20, 2272, MSG_DONTWAIT, NULL, NULL) = -1 EAGAIN (Try again)
13965 1784103226.858259 recvfrom(42,  <unfinished ...>
13987 1784103226.858262 recvfrom(43, "nysv\0\0\0\0\0\0\0\0\0\0\0\0\316\221\275\277\273\2\0\0S\271\2\0\0\0\0\0", 3200, MSG_DONTWAIT, NULL, NULL) = 32
13965 1784103226.858442 <... recvfrom resumed> 0x7fefc88940, 3200, MSG_DONTWAIT, NULL, NULL) = -1 EAGAIN (Try again)
13987 1784103226.858518 recvfrom(43, 0x71155c1c80, 3200, MSG_DONTWAIT, NULL, NULL) = -1 EAGAIN (Try again)
13987 1784103226.868866 recvfrom(43, 0x71155c1eb0, 3200, MSG_DONTWAIT, NULL, NULL) = -1 EAGAIN (Try again)
13965 1784103226.876836 recvfrom(42, "nysv\0\0\0\0\0\0\0\0\0\0\0\0\370\341\273\300\273\2\0\0T\271\2\0\0\0\0\0", 3200, MSG_DONTWAIT, NULL, NULL) = 32
13965 1784103226.876852 recvfrom(42, 0x7fefc89590, 3200, MSG_DONTWAIT, NULL, NULL) = -1 EAGAIN (Try again)
13965 1784103226.876875 recvfrom(45, 0x71a5c2bc20, 2272, MSG_DONTWAIT, NULL, NULL) = -1 EAGAIN (Try again)
13987 1784103226.876967 recvfrom(43,  <unfinished ...>
13965 1784103226.876982 recvfrom(42, 0x7fefc888b0, 3200, MSG_DONTWAIT, NULL, NULL) = -1 EAGAIN (Try again)
13987 1784103226.877020 <... recvfrom resumed> "nysv\0\0\0\0\0\0\0\0\0\0\0\0\370\341\273\300\273\2\0\0T\271\2\0\0\0\0\0", 3200, MSG_DONTWAIT, NULL, NULL) = 32
13987 1784103226.877157 recvfrom(43, 0x71155c1c80, 3200, MSG_DONTWAIT, NULL, NULL) = -1 EAGAIN (Try again)
13987 1784103226.886823 recvfrom(43, 0x71155c1eb0, 3200, MSG_DONTWAIT, NULL, NULL) = -1 EAGAIN (Try again)
13965 1784103226.893091 recvfrom(42, "nysv\0\0\0\0\0\0\0\0\0\0\0\0\320&\272\301\273\2\0\0U\271\2\0\0\0\0\0", 3200, MSG_DONTWAIT, NULL, NULL) = 32
13965 1784103226.893107 recvfrom(42, 0x7fefc89590, 3200, MSG_DONTWAIT, NULL, NULL) = -1 EAGAIN (Try again)
13987 1784103226.893130 recvfrom(43,  <unfinished ...>
13965 1784103226.893141 recvfrom(45, 0x71a5c2bc20, 2272, MSG_DONTWAIT, NULL, NULL) = -1 EAGAIN (Try again)
13965 1784103226.893153 recvfrom(42, 0x7fefc894f0, 3200, MSG_DONTWAIT, NULL, NULL) = -1 EAGAIN (Try again)
13987 1784103226.893337 <... recvfrom resumed> "nysv\0\0\0\0\0\0\0\0\0\0\0\0\320&\272\301\273\2\0\0U\271\2\0\0\0\0\0", 3200, MSG_DONTWAIT, NULL, NULL) = 32
13987 1784103226.893524 recvfrom(43, 0x71155c1c80, 3200, MSG_DONTWAIT, NULL, NULL) = -1 EAGAIN (Try again)
13987 1784103226.903620 recvfrom(43, 0x71155c1eb0, 3200, MSG_DONTWAIT, NULL, NULL) = -1 EAGAIN (Try again)
13965 1784103226.908702 recvfrom(42, "nysv\0\0\0\0\0\0\0\0\0\0\0\0\306\242\270\302\273\2\0\0V\271\2\0\0\0\0\0", 3200, MSG_DONTWAIT, NULL, NULL) = 32
13965 1784103226.908718 recvfrom(42, 0x7fefc89590, 3200, MSG_DONTWAIT, NULL, NULL) = -1 EAGAIN (Try again)
13987 1784103226.908742 recvfrom(43,  <unfinished ...>
13965 1784103226.908785 recvfrom(42, 0x7fefc894f0, 3200, MSG_DONTWAIT, NULL, NULL) = -1 EAGAIN (Try again)
13987 1784103226.908865 <... recvfrom resumed> "nysv\0\0\0\0\0\0\0\0\0\0\0\0\306\242\270\302\273\2\0\0V\271\2\0\0\0\0\0", 3200, MSG_DONTWAIT, NULL, NULL) = 32
13987 1784103226.908978 recvfrom(43, 0x71155c1c80, 3200, MSG_DONTWAIT, NULL, NULL) = -1 EAGAIN (Try again)
13987 1784103226.919638 recvfrom(43, 0x71155c1eb0, 3200, MSG_DONTWAIT, NULL, NULL) = -1 EAGAIN (Try again)
13965 1784103226.925664 recvfrom(42, "nysv\0\0\0\0\0\0\0\0\0\0\0\0\372\17\267\303\273\2\0\0W\271\2\0\0\0\0\0", 3200, MSG_DONTWAIT, NULL, NULL) = 32
13965 1784103226.925681 recvfrom(42,  <unfinished ...>
13987 1784103226.925770 recvfrom(43,  <unfinished ...>
13965 1784103226.925782 <... recvfrom resumed> 0x7fefc89590, 3200, MSG_DONTWAIT, NULL, NULL) = -1 EAGAIN (Try again)
13965 1784103226.925807 recvfrom(42,  <unfinished ...>
13987 1784103226.925810 <... recvfrom resumed> "nysv\0\0\0\0\0\0\0\0\0\0\0\0\372\17\267\303\273\2\0\0W\271\2\0\0\0\0\0", 3200, MSG_DONTWAIT, NULL, NULL) = 32
13965 1784103226.925834 <... recvfrom resumed> 0x7fefc894f0, 3200, MSG_DONTWAIT, NULL, NULL) = -1 EAGAIN (Try again)
13987 1784103226.925892 recvfrom(43, 0x71155c1c80, 3200, MSG_DONTWAIT, NULL, NULL) = -1 EAGAIN (Try again)
13987 1784103226.936141 recvfrom(43, 0x71155c1eb0, 3200, MSG_DONTWAIT, NULL, NULL) = -1 EAGAIN (Try again)
13965 1784103226.944026 recvfrom(42, "nysv\0\0\0\0\0\0\0\0\0\0\0\0\16\27\265\304\273\2\0\0X\271\2\0\0\0\0\0", 3200, MSG_DONTWAIT, NULL, NULL) = 32
13965 1784103226.944043 recvfrom(42, 0x7fefc89590, 3200, MSG_DONTWAIT, NULL, NULL) = -1 EAGAIN (Try again)
13987 1784103226.944077 recvfrom(43,  <unfinished ...>
13965 1784103226.944122 recvfrom(42, 0x7fefc894f0, 3200, MSG_DONTWAIT, NULL, NULL) = -1 EAGAIN (Try again)
13987 1784103226.944216 <... recvfrom resumed> "nysv\0\0\0\0\0\0\0\0\0\0\0\0\16\27\265\304\273\2\0\0X\271\2\0\0\0\0\0", 3200, MSG_DONTWAIT, NULL, NULL) = 32
13987 1784103226.944470 recvfrom(43, 0x71155c1c80, 3200, MSG_DONTWAIT, NULL, NULL) = -1 EAGAIN (Try again)
13987 1784103226.954903 recvfrom(43, 0x71155c1eb0, 3200, MSG_DONTWAIT, NULL, NULL) = -1 EAGAIN (Try again)
13965 1784103226.959789 recvfrom(42, "nysv\0\0\0\0\0\0\0\0\0\0\0\0\7a\263\305\273\2\0\0Y\271\2\0\0\0\0\0", 3200, MSG_DONTWAIT, NULL, NULL) = 32
13965 1784103226.959813 recvfrom(42, 0x7fefc89590, 3200, MSG_DONTWAIT, NULL, NULL) = -1 EAGAIN (Try again)
13987 1784103226.959915 recvfrom(43,  <unfinished ...>
13965 1784103226.959946 recvfrom(42, 0x7fefc894f0, 3200, MSG_DONTWAIT, NULL, NULL) = -1 EAGAIN (Try again)
13987 1784103226.960203 <... recvfrom resumed> "nysv\0\0\0\0\0\0\0\0\0\0\0\0\7a\263\305\273\2\0\0Y\271\2\0\0\0\0\0", 3200, MSG_DONTWAIT, NULL, NULL) = 32
13987 1784103226.960310 recvfrom(43, 0x71155c1c80, 3200, MSG_DONTWAIT, NULL, NULL) = -1 EAGAIN (Try again)
13987 1784103226.969779 recvfrom(43, 0x71155c1eb0, 3200, MSG_DONTWAIT, NULL, NULL) = -1 EAGAIN (Try again)
13965 1784103226.977016 recvfrom(42, "nysv\0\0\0\0\0\0\0\0\0\0\0\0\241z\261\306\273\2\0\0Z\271\2\0\0\0\0\0", 3200, MSG_DONTWAIT, NULL, NULL) = 32
13965 1784103226.977036 recvfrom(42, 0x7fefc89590, 3200, MSG_DONTWAIT, NULL, NULL) = -1 EAGAIN (Try again)
13987 1784103226.977066 recvfrom(43,  <unfinished ...>
13965 1784103226.977117 recvfrom(42, 0x7fefc894f0, 3200, MSG_DONTWAIT, NULL, NULL) = -1 EAGAIN (Try again)
13987 1784103226.977146 <... recvfrom resumed> "nysv\0\0\0\0\0\0\0\0\0\0\0\0\241z\261\306\273\2\0\0Z\271\2\0\0\0\0\0", 3200, MSG_DONTWAIT, NULL, NULL) = 32
13987 1784103226.977347 recvfrom(43, 0x71155c1c80, 3200, MSG_DONTWAIT, NULL, NULL) = -1 EAGAIN (Try again)
13987 1784103226.986615 recvfrom(43, 0x71155c1eb0, 3200, MSG_DONTWAIT, NULL, NULL) = -1 EAGAIN (Try again)
13965 1784103226.992743 recvfrom(42, "nysv\0\0\0\0\0\0\0\0\0\0\0\0\313\312\257\307\273\2\0\0[\271\2\0\0\0\0\0", 3200, MSG_DONTWAIT, NULL, NULL) = 32
13965 1784103226.992758 recvfrom(42, 0x7fefc89590, 3200, MSG_DONTWAIT, NULL, NULL) = -1 EAGAIN (Try again)
13987 1784103226.992773 recvfrom(43,  <unfinished ...>
13965 1784103226.992805 recvfrom(42, 0x7fefc894f0, 3200, MSG_DONTWAIT, NULL, NULL) = -1 EAGAIN (Try again)
13987 1784103226.992930 <... recvfrom resumed> "nysv\0\0\0\0\0\0\0\0\0\0\0\0\313\312\257\307\273\2\0\0[\271\2\0\0\0\0\0", 3200, MSG_DONTWAIT, NULL, NULL) = 32
13987 1784103226.993222 recvfrom(43, 0x71155c1c80, 3200, MSG_DONTWAIT, NULL, NULL) = -1 EAGAIN (Try again)
13987 1784103227.004391 recvfrom(43, 0x71155c1eb0, 3200, MSG_DONTWAIT, NULL, NULL) = -1 EAGAIN (Try again)
13965 1784103227.008315 recvfrom(42, "nysv\0\0\0\0\0\0\0\0\0\0\0\0Te\256\310\273\2\0\0\\\271\2\0\0\0\0\0", 3200, MSG_DONTWAIT, NULL, NULL) = 32
13965 1784103227.008335 recvfrom(42, 0x7fefc89590, 3200, MSG_DONTWAIT, NULL, NULL) = -1 EAGAIN (Try again)
13987 1784103227.008443 recvfrom(43,  <unfinished ...>
13965 1784103227.008466 recvfrom(42, 0x7fefc894f0, 3200, MSG_DONTWAIT, NULL, NULL) = -1 EAGAIN (Try again)
13987 1784103227.008510 <... recvfrom resumed> "nysv\0\0\0\0\0\0\0\0\0\0\0\0Te\256\310\273\2\0\0\\\271\2\0\0\0\0\0", 3200, MSG_DONTWAIT, NULL, NULL) = 32
13987 1784103227.008624 recvfrom(43, 0x71155c1c80, 3200, MSG_DONTWAIT, NULL, NULL) = -1 EAGAIN (Try again)
13987 1784103227.019774 recvfrom(43, 0x71155c1eb0, 3200, MSG_DONTWAIT, NULL, NULL) = -1 EAGAIN (Try again)
13965 1784103227.027113 recvfrom(42, "nysv\0\0\0\0\0\0\0\0\0\0\0\0\242y\254\311\273\2\0\0]\271\2\0\0\0\0\0", 3200, MSG_DONTWAIT, NULL, NULL) = 32
13965 1784103227.027129 recvfrom(42, 0x7fefc89590, 3200, MSG_DONTWAIT, NULL, NULL) = -1 EAGAIN (Try again)
13965 1784103227.027153 recvfrom(42, 0x7fefc894f0, 3200, MSG_DONTWAIT, NULL, NULL) = -1 EAGAIN (Try again)
13987 1784103227.027166 recvfrom(43, "nysv\0\0\0\0\0\0\0\0\0\0\0\0\242y\254\311\273\2\0\0]\271\2\0\0\0\0\0", 3200, MSG_DONTWAIT, NULL, NULL) = 32
13987 1784103227.027527 recvfrom(43, 0x71155c1c80, 3200, MSG_DONTWAIT, NULL, NULL) = -1 EAGAIN (Try again)
13987 1784103227.037410 recvfrom(43, 0x71155c1eb0, 3200, MSG_DONTWAIT, NULL, NULL) = -1 EAGAIN (Try again)
13965 1784103227.043264 recvfrom(42, "nysv\0\0\0\0\0\0\0\0\0\0\0\0\332\252\252\312\273\2\0\0^\271\2\0\0\0\0\0", 3200, MSG_DONTWAIT, NULL, NULL) = 32
13965 1784103227.043278 recvfrom(42, 0x7fefc89590, 3200, MSG_DONTWAIT, NULL, NULL) = -1 EAGAIN (Try again)
13965 1784103227.043312 recvfrom(42, 0x7fefc894f0, 3200, MSG_DONTWAIT, NULL, NULL) = -1 EAGAIN (Try again)
13987 1784103227.043332 recvfrom(43, "nysv\0\0\0\0\0\0\0\0\0\0\0\0\332\252\252\312\273\2\0\0^\271\2\0\0\0\0\0", 3200, MSG_DONTWAIT, NULL, NULL) = 32
13987 1784103227.043682 recvfrom(43, 0x71155c1c80, 3200, MSG_DONTWAIT, NULL, NULL) = -1 EAGAIN (Try again)
13987 1784103227.054225 recvfrom(43, 0x71155c1eb0, 3200, MSG_DONTWAIT, NULL, NULL) = -1 EAGAIN (Try again)
13965 1784103227.059902 recvfrom(42, "nysv\0\0\0\0\0\0\0\0\0\0\0\0=\340\250\313\273\2\0\0_\271\2\0\0\0\0\0", 3200, MSG_DONTWAIT, NULL, NULL) = 32
13965 1784103227.059954 recvfrom(42, 0x7fefc89590, 3200, MSG_DONTWAIT, NULL, NULL) = -1 EAGAIN (Try again)
13965 1784103227.059985 recvfrom(42, 0x7fefc894f0, 3200, MSG_DONTWAIT, NULL, NULL) = -1 EAGAIN (Try again)
13987 1784103227.060002 recvfrom(43, "nysv\0\0\0\0\0\0\0\0\0\0\0\0=\340\250\313\273\2\0\0_\271\2\0\0\0\0\0", 3200, MSG_DONTWAIT, NULL, NULL) = 32
13987 1784103227.060256 recvfrom(43, 0x71155c1c80, 3200, MSG_DONTWAIT, NULL, NULL) = -1 EAGAIN (Try again)
13987 1784103227.069732 recvfrom(43, 0x71155c1eb0, 3200, MSG_DONTWAIT, NULL, NULL) = -1 EAGAIN (Try again)
13965 1784103227.076023 recvfrom(42, "nysv\0\0\0\0\0\0\0\0\0\0\0\0\232,\247\314\273\2\0\0`\271\2\0\0\0\0\0", 3200, MSG_DONTWAIT, NULL, NULL) = 32
13965 1784103227.076037 recvfrom(42, 0x7fefc89590, 3200, MSG_DONTWAIT, NULL, NULL) = -1 EAGAIN (Try again)
13965 1784103227.076062 recvfrom(42, 0x7fefc894f0, 3200, MSG_DONTWAIT, NULL, NULL) = -1 EAGAIN (Try again)
13987 1784103227.076270 recvfrom(43, "nysv\0\0\0\0\0\0\0\0\0\0\0\0\232,\247\314\273\2\0\0`\271\2\0\0\0\0\0", 3200, MSG_DONTWAIT, NULL, NULL) = 32
13987 1784103227.076629 recvfrom(43, 0x71155c1c80, 3200, MSG_DONTWAIT, NULL, NULL) = -1 EAGAIN (Try again)
13987 1784103227.086626 recvfrom(43, 0x71155c1eb0, 3200, MSG_DONTWAIT, NULL, NULL) = -1 EAGAIN (Try again)
13965 1784103227.092972 recvfrom(42, "nysv\0\0\0\0\0\0\0\0\0\0\0\0`l\245\315\273\2\0\0a\271\2\0\0\0\0\0", 3200, MSG_DONTWAIT, NULL, NULL) = 32
13965 1784103227.092986 recvfrom(42, 0x7fefc89590, 3200, MSG_DONTWAIT, NULL, NULL) = -1 EAGAIN (Try again)
13987 1784103227.093019 recvfrom(43, "nysv\0\0\0\0\0\0\0\0\0\0\0\0`l\245\315\273\2\0\0a\271\2\0\0\0\0\0", 3200, MSG_DONTWAIT, NULL, NULL) = 32
13987 1784103227.093357 recvfrom(43, 0x71155c1c80, 3200, MSG_DONTWAIT, NULL, NULL) = -1 EAGAIN (Try again)
13987 1784103227.109214 recvfrom(43, "nysv\0\0\0\0\0\0\0\0\0\0\0\0\236\322\243\316\273\2\0\0b\271\2\0\0\0\0\0", 3200, MSG_DONTWAIT, NULL, NULL) = 32
13987 1784103227.109554 recvfrom(43, 0x71155c1c80, 3200, MSG_DONTWAIT, NULL, NULL) = -1 EAGAIN (Try again)
13965 1784103241.388556 recvfrom(45, "\2\0\0\0\0\0\0\0\375\22\0\0\0\0\0\0\0V\274!\277\2\0\0\1\0\0\0\2\20\0\0"..., 2272, MSG_DONTWAIT, NULL, NULL) = 232
13965 1784103241.388696 sendto(45, "\3\0\0\0\0\0\0\0\375\22\0\0\1\0\0\0", 16, MSG_DONTWAIT|MSG_NOSIGNAL, NULL, 0) = 16
13965 1784103241.388725 recvfrom(45, 0x71a5c2bc20, 2272, MSG_DONTWAIT, NULL, NULL) = -1 EAGAIN (Try again)
13965 1784103241.388918 recvfrom(45, "\2\0\0\0\0\0\0\0\377\22\0\0\0\0\0\0\0V\274!\277\2\0\0\1\0\0\0\2\20\0\0"..., 2272, MSG_DONTWAIT, NULL, NULL) = 232
13965 1784103241.389043 recvfrom(42, 0x7fefc85dc0, 3200, MSG_DONTWAIT, NULL, NULL) = -1 EAGAIN (Try again)
13965 1784103241.390935 sendto(45, "\3\0\0\0\0\0\0\0\377\22\0\0\1\0\0\0", 16, MSG_DONTWAIT|MSG_NOSIGNAL, NULL, 0) = 16
13965 1784103241.390968 recvfrom(45, 0x71a5c2bc20, 2272, MSG_DONTWAIT, NULL, NULL) = -1 EAGAIN (Try again)
14000 1784103241.391188 sendmsg(68, {msg_name=NULL, msg_namelen=0, msg_iov=[{iov_base="l\1\1\1\374\0\0\0\\\0\0\0\235\0\0\0\1\1o\0;\0\0\0/re/frid"..., iov_len=428}], msg_iovlen=1, msg_controllen=0, msg_flags=0}, MSG_NOSIGNAL) = 428
13965 1784103241.391686 recvfrom(42, "nysv\0\0\0\0\0\0\0\0\0\0\0\0:\224\376!\277\2\0\0\264\274\2\0\0\0\0\0", 3200, MSG_DONTWAIT, NULL, NULL) = 32
13965 1784103241.391697 recvfrom(42, 0x7fefc89590, 3200, MSG_DONTWAIT, NULL, NULL) = -1 EAGAIN (Try again)
13965 1784103241.391726 recvfrom(45, 0x71a5c2bc20, 2272, MSG_DONTWAIT, NULL, NULL) = -1 EAGAIN (Try again)
13965 1784103241.391746 recvfrom(42, 0x7fefc894f0, 3200, MSG_DONTWAIT, NULL, NULL) = -1 EAGAIN (Try again)
14000 1784103241.394048 sendmsg(68, {msg_name=NULL, msg_namelen=0, msg_iov=[{iov_base="l\1\1\1\0\1\0\0]\0\0\0\235\0\0\0\1\1o\0;\0\0\0/re/frid"..., iov_len=432}], msg_iovlen=1, msg_controllen=0, msg_flags=0}, MSG_NOSIGNAL) = 432
13986 1784103241.400638 openat(AT_FDCWD, "/data/misc/profiles/cur/0/ca.andries.portknocker/primary.prof", O_RDWR|O_NOFOLLOW|O_CLOEXEC) = 70
13986 1784103241.402082 newfstatat(AT_FDCWD, "/data/misc/profiles/cur/0/ca.andries.portknocker/primary.prof", {st_mode=S_IFREG|0600, st_size=6865, ...}, 0) = 0
13987 1784103241.404256 recvfrom(43, 0x71155c1eb0, 3200, MSG_DONTWAIT, NULL, NULL) = -1 EAGAIN (Try again)
13987 1784103241.405160 recvfrom(43, 0x71155c1eb0, 3200, MSG_DONTWAIT, NULL, NULL) = -1 EAGAIN (Try again)
13965 1784103241.408546 recvfrom(42, "nysv\0\0\0\0\0\0\0\0\0\0\0\0\10+\375\"\277\2\0\0\265\274\2\0\0\0\0\0", 3200, MSG_DONTWAIT, NULL, NULL) = 32
13965 1784103241.408569 recvfrom(42, 0x7fefc89590, 3200, MSG_DONTWAIT, NULL, NULL) = -1 EAGAIN (Try again)
13965 1784103241.408600 recvfrom(45, 0x71a5c2bc20, 2272, MSG_DONTWAIT, NULL, NULL) = -1 EAGAIN (Try again)
13965 1784103241.408629 recvfrom(42, 0x7fefc894f0, 3200, MSG_DONTWAIT, NULL, NULL) = -1 EAGAIN (Try again)
13987 1784103241.408636 recvfrom(43, "nysv\0\0\0\0\0\0\0\0\0\0\0\0\10+\375\"\277\2\0\0\265\274\2\0\0\0\0\0", 3200, MSG_DONTWAIT, NULL, NULL) = 32
13987 1784103241.409042 recvfrom(43, 0x71155c1c80, 3200, MSG_DONTWAIT, NULL, NULL) = -1 EAGAIN (Try again)
13987 1784103241.420184 recvfrom(43, 0x71155c1eb0, 3200, MSG_DONTWAIT, NULL, NULL) = -1 EAGAIN (Try again)
13965 1784103241.425388 recvfrom(42, "nysv\0\0\0\0\0\0\0\0\0\0\0\0\7\272\373#\277\2\0\0\266\274\2\0\0\0\0\0", 3200, MSG_DONTWAIT, NULL, NULL) = 32
13965 1784103241.425410 recvfrom(42, 0x7fefc89590, 3200, MSG_DONTWAIT, NULL, NULL) = -1 EAGAIN (Try again)
13987 1784103241.425425 recvfrom(43,  <unfinished ...>
13965 1784103241.425464 recvfrom(42, 0x7fefc88940, 3200, MSG_DONTWAIT, NULL, NULL) = -1 EAGAIN (Try again)
13987 1784103241.425605 <... recvfrom resumed> "nysv\0\0\0\0\0\0\0\0\0\0\0\0\7\272\373#\277\2\0\0\266\274\2\0\0\0\0\0", 3200, MSG_DONTWAIT, NULL, NULL) = 32
13987 1784103241.425712 recvfrom(43, 0x71155c1c80, 3200, MSG_DONTWAIT, NULL, NULL) = -1 EAGAIN (Try again)
13987 1784103241.435654 recvfrom(43, 0x71155c1eb0, 3200, MSG_DONTWAIT, NULL, NULL) = -1 EAGAIN (Try again)
13965 1784103241.441959 recvfrom(42, "nysv\0\0\0\0\0\0\0\0\0\0\0\0s:\372$\277\2\0\0\267\274\2\0\0\0\0\0", 3200, MSG_DONTWAIT, NULL, NULL) = 32
13965 1784103241.441977 recvfrom(42, 0x7fefc89590, 3200, MSG_DONTWAIT, NULL, NULL) = -1 EAGAIN (Try again)
13987 1784103241.442002 recvfrom(43,  <unfinished ...>
13965 1784103241.442013 recvfrom(45, 0x71a5c2bc20, 2272, MSG_DONTWAIT, NULL, NULL) = -1 EAGAIN (Try again)
13965 1784103241.442043 recvfrom(42, 0x7fefc88940, 3200, MSG_DONTWAIT, NULL, NULL) = -1 EAGAIN (Try again)
13987 1784103241.442065 <... recvfrom resumed> "nysv\0\0\0\0\0\0\0\0\0\0\0\0s:\372$\277\2\0\0\267\274\2\0\0\0\0\0", 3200, MSG_DONTWAIT, NULL, NULL) = 32
13987 1784103241.442214 recvfrom(43, 0x71155c1c80, 3200, MSG_DONTWAIT, NULL, NULL) = -1 EAGAIN (Try again)
13987 1784103241.451926 recvfrom(43, 0x71155c1eb0, 3200, MSG_DONTWAIT, NULL, NULL) = -1 EAGAIN (Try again)
13987 1784103241.456484 recvfrom(43, 0x71155c1eb0, 3200, MSG_DONTWAIT, NULL, NULL) = -1 EAGAIN (Try again)
14000 1784103241.457824 sendmsg(68, {msg_name=NULL, msg_namelen=0, msg_iov=[{iov_base="l\1\1\1\374\0\0\0^\0\0\0\235\0\0\0\1\1o\0;\0\0\0/re/frid"..., iov_len=428}], msg_iovlen=1, msg_controllen=0, msg_flags=0}, MSG_NOSIGNAL) = 428
13987 1784103241.458537 recvfrom(43, "nysv\0\0\0\0\0\0\0\0\0\0\0\0z\317\370%\277\2\0\0\270\274\2\0\0\0\0\0", 3200, MSG_DONTWAIT, NULL, NULL) = 32
13987 1784103241.459120 recvfrom(43,  <unfinished ...>
13965 1784103241.459142 recvfrom(42, "nysv\0\0\0\0\0\0\0\0\0\0\0\0z\317\370%\277\2\0\0\270\274\2\0\0\0\0\0", 3200, MSG_DONTWAIT, NULL, NULL) = 32
13965 1784103241.459154 recvfrom(42, 0x7fefc89590, 3200, MSG_DONTWAIT, NULL, NULL) = -1 EAGAIN (Try again)
13965 1784103241.459170 recvfrom(45, 0x71a5c2bc20, 2272, MSG_DONTWAIT, NULL, NULL) = -1 EAGAIN (Try again)
13987 1784103241.459193 <... recvfrom resumed> 0x71155c1c80, 3200, MSG_DONTWAIT, NULL, NULL) = -1 EAGAIN (Try again)
13965 1784103241.459203 recvfrom(42, 0x7fefc894f0, 3200, MSG_DONTWAIT, NULL, NULL) = -1 EAGAIN (Try again)
14000 1784103241.460243 sendmsg(68, {msg_name=NULL, msg_namelen=0, msg_iov=[{iov_base="l\1\1\1\0\1\0\0_\0\0\0\235\0\0\0\1\1o\0;\0\0\0/re/frid"..., iov_len=432}], msg_iovlen=1, msg_controllen=0, msg_flags=0}, MSG_NOSIGNAL) = 432
13987 1784103241.469923 recvfrom(43, 0x71155c1eb0, 3200, MSG_DONTWAIT, NULL, NULL) = -1 EAGAIN (Try again)
13965 1784103241.477232 recvfrom(42, "nysv\0\0\0\0\0\0\0\0\0\0\0\0\327\351\366&\277\2\0\0\271\274\2\0\0\0\0\0", 3200, MSG_DONTWAIT, NULL, NULL) = 32
13965 1784103241.477253 recvfrom(42, 0x7fefc89590, 3200, MSG_DONTWAIT, NULL, NULL) = -1 EAGAIN (Try again)
13987 1784103241.477296 recvfrom(43,  <unfinished ...>
13965 1784103241.477298 recvfrom(42, 0x7fefc88940, 3200, MSG_DONTWAIT, NULL, NULL) = -1 EAGAIN (Try again)
13987 1784103241.477359 <... recvfrom resumed> "nysv\0\0\0\0\0\0\0\0\0\0\0\0\327\351\366&\277\2\0\0\271\274\2\0\0\0\0\0", 3200, MSG_DONTWAIT, NULL, NULL) = 32
13987 1784103241.477453 recvfrom(43, 0x71155c1c80, 3200, MSG_DONTWAIT, NULL, NULL) = -1 EAGAIN (Try again)
13987 1784103241.487320 recvfrom(43, 0x71155c1eb0, 3200, MSG_DONTWAIT, NULL, NULL) = -1 EAGAIN (Try again)
13965 1784103241.492943 recvfrom(42, "nysv\0\0\0\0\0\0\0\0\0\0\0\0\fB\365'\277\2\0\0\272\274\2\0\0\0\0\0", 3200, MSG_DONTWAIT, NULL, NULL) = 32
13987 1784103241.492959 recvfrom(43,  <unfinished ...>
13965 1784103241.493017 recvfrom(42, 0x7fefc89590, 3200, MSG_DONTWAIT, NULL, NULL) = -1 EAGAIN (Try again)
13987 1784103241.493047 <... recvfrom resumed> "nysv\0\0\0\0\0\0\0\0\0\0\0\0\fB\365'\277\2\0\0\272\274\2\0\0\0\0\0", 3200, MSG_DONTWAIT, NULL, NULL) = 32
13965 1784103241.493062 recvfrom(45, 0x71a5c2bc20, 2272, MSG_DONTWAIT, NULL, NULL) = -1 EAGAIN (Try again)
13987 1784103241.493088 recvfrom(43,  <unfinished ...>
13965 1784103241.493098 recvfrom(42, 0x7fefc88940, 3200, MSG_DONTWAIT, NULL, NULL) = -1 EAGAIN (Try again)
13987 1784103241.493132 <... recvfrom resumed> 0x71155c1c80, 3200, MSG_DONTWAIT, NULL, NULL) = -1 EAGAIN (Try again)
13987 1784103241.502265 recvfrom(43, 0x71155c1eb0, 3200, MSG_DONTWAIT, NULL, NULL) = -1 EAGAIN (Try again)
13965 1784103241.509135 recvfrom(42, "nysv\0\0\0\0\0\0\0\0\0\0\0\0\213\247\363(\277\2\0\0\273\274\2\0\0\0\0\0", 3200, MSG_DONTWAIT, NULL, NULL) = 32
13965 1784103241.509150 recvfrom(42, 0x7fefc89590, 3200, MSG_DONTWAIT, NULL, NULL) = -1 EAGAIN (Try again)
13965 1784103241.509174 recvfrom(45, 0x71a5c2bc20, 2272, MSG_DONTWAIT, NULL, NULL) = -1 EAGAIN (Try again)
13987 1784103241.509292 recvfrom(43,  <unfinished ...>
13965 1784103241.509303 recvfrom(42, 0x7fefc88940, 3200, MSG_DONTWAIT, NULL, NULL) = -1 EAGAIN (Try again)
13987 1784103241.509355 <... recvfrom resumed> "nysv\0\0\0\0\0\0\0\0\0\0\0\0\213\247\363(\277\2\0\0\273\274\2\0\0\0\0\0", 3200, MSG_DONTWAIT, NULL, NULL) = 32
13987 1784103241.509642 recvfrom(43, 0x71155c1c80, 3200, MSG_DONTWAIT, NULL, NULL) = -1 EAGAIN (Try again)
13987 1784103241.520430 recvfrom(43, 0x71155c1eb0, 3200, MSG_DONTWAIT, NULL, NULL) = -1 EAGAIN (Try again)
13965 1784103241.525552 recvfrom(42, "nysv\0\0\0\0\0\0\0\0\0\0\0\0\343*\362)\277\2\0\0\274\274\2\0\0\0\0\0", 3200, MSG_DONTWAIT, NULL, NULL) = 32
13965 1784103241.525567 recvfrom(42, 0x7fefc89590, 3200, MSG_DONTWAIT, NULL, NULL) = -1 EAGAIN (Try again)
13987 1784103241.525585 recvfrom(43,  <unfinished ...>
13965 1784103241.525608 recvfrom(45, 0x71a5c2bc20, 2272, MSG_DONTWAIT, NULL, NULL) = -1 EAGAIN (Try again)
13965 1784103241.525631 recvfrom(42, 0x7fefc88940, 3200, MSG_DONTWAIT, NULL, NULL) = -1 EAGAIN (Try again)
13987 1784103241.525875 <... recvfrom resumed> "nysv\0\0\0\0\0\0\0\0\0\0\0\0\343*\362)\277\2\0\0\274\274\2\0\0\0\0\0", 3200, MSG_DONTWAIT, NULL, NULL) = 32
13987 1784103241.525968 recvfrom(43, 0x71155c1c80, 3200, MSG_DONTWAIT, NULL, NULL) = -1 EAGAIN (Try again)
13987 1784103241.535782 recvfrom(43, 0x71155c1eb0, 3200, MSG_DONTWAIT, NULL, NULL) = -1 EAGAIN (Try again)
13965 1784103241.542247 recvfrom(42, "nysv\0\0\0\0\0\0\0\0\0\0\0\0006\245\360*\277\2\0\0\275\274\2\0\0\0\0\0", 3200, MSG_DONTWAIT, NULL, NULL) = 32
13965 1784103241.542261 recvfrom(42, 0x7fefc89590, 3200, MSG_DONTWAIT, NULL, NULL) = -1 EAGAIN (Try again)
13987 1784103241.542470 recvfrom(43,  <unfinished ...>
13965 1784103241.542493 recvfrom(45, 0x71a5c2bc20, 2272, MSG_DONTWAIT, NULL, NULL) = -1 EAGAIN (Try again)
13987 1784103241.542514 <... recvfrom resumed> "nysv\0\0\0\0\0\0\0\0\0\0\0\0006\245\360*\277\2\0\0\275\274\2\0\0\0\0\0", 3200, MSG_DONTWAIT, NULL, NULL) = 32
13965 1784103241.542529 recvfrom(42, 0x7fefc88940, 3200, MSG_DONTWAIT, NULL, NULL) = -1 EAGAIN (Try again)
13987 1784103241.542705 recvfrom(43, 0x71155c1c80, 3200, MSG_DONTWAIT, NULL, NULL) = -1 EAGAIN (Try again)
13987 1784103241.552592 recvfrom(43, 0x71155c1eb0, 3200, MSG_DONTWAIT, NULL, NULL) = -1 EAGAIN (Try again)
13965 1784103241.560666 recvfrom(42, "nysv\0\0\0\0\0\0\0\0\0\0\0\0\226\253\356+\277\2\0\0\276\274\2\0\0\0\0\0", 3200, MSG_DONTWAIT, NULL, NULL) = 32
13965 1784103241.560680 recvfrom(42, 0x7fefc89590, 3200, MSG_DONTWAIT, NULL, NULL) = -1 EAGAIN (Try again)
13987 1784103241.560704 recvfrom(43,  <unfinished ...>
13965 1784103241.560724 recvfrom(45, 0x71a5c2bc20, 2272, MSG_DONTWAIT, NULL, NULL) = -1 EAGAIN (Try again)
13965 1784103241.560750 recvfrom(42, 0x7fefc888b0, 3200, MSG_DONTWAIT, NULL, NULL) = -1 EAGAIN (Try again)
13987 1784103241.560946 <... recvfrom resumed> "nysv\0\0\0\0\0\0\0\0\0\0\0\0\226\253\356+\277\2\0\0\276\274\2\0\0\0\0\0", 3200, MSG_DONTWAIT, NULL, NULL) = 32
13987 1784103241.561216 recvfrom(43, 0x71155c1c80, 3200, MSG_DONTWAIT, NULL, NULL) = -1 EAGAIN (Try again)
13987 1784103241.570957 recvfrom(43, 0x71155c1eb0, 3200, MSG_DONTWAIT, NULL, NULL) = -1 EAGAIN (Try again)
13965 1784103241.576816 recvfrom(42, "nysv\0\0\0\0\0\0\0\0\0\0\0\0\222\344\354,\277\2\0\0\277\274\2\0\0\0\0\0", 3200, MSG_DONTWAIT, NULL, NULL) = 32
13965 1784103241.576832 recvfrom(42,  <unfinished ...>
13987 1784103241.576835 recvfrom(43,  <unfinished ...>
13965 1784103241.576844 <... recvfrom resumed> 0x7fefc89590, 3200, MSG_DONTWAIT, NULL, NULL) = -1 EAGAIN (Try again)
13987 1784103241.576870 <... recvfrom resumed> "nysv\0\0\0\0\0\0\0\0\0\0\0\0\222\344\354,\277\2\0\0\277\274\2\0\0\0\0\0", 3200, MSG_DONTWAIT, NULL, NULL) = 32
13965 1784103241.576884 recvfrom(45, 0x71a5c2bc20, 2272, MSG_DONTWAIT, NULL, NULL) = -1 EAGAIN (Try again)
13965 1784103241.576896 recvfrom(42, 0x7fefc894f0, 3200, MSG_DONTWAIT, NULL, NULL) = -1 EAGAIN (Try again)
13987 1784103241.576914 recvfrom(43, 0x71155c1c80, 3200, MSG_DONTWAIT, NULL, NULL) = -1 EAGAIN (Try again)
13987 1784103241.586811 recvfrom(43, 0x71155c1eb0, 3200, MSG_DONTWAIT, NULL, NULL) = -1 EAGAIN (Try again)
13965 1784103241.593248 recvfrom(42, "nysv\0\0\0\0\0\0\0\0\0\0\0\0007*\353-\277\2\0\0\300\274\2\0\0\0\0\0", 3200, MSG_DONTWAIT, NULL, NULL) = 32
13965 1784103241.593260 recvfrom(42, 0x7fefc89590, 3200, MSG_DONTWAIT, NULL, NULL) = -1 EAGAIN (Try again)
13987 1784103241.593274 recvfrom(43,  <unfinished ...>
13965 1784103241.593295 recvfrom(42, 0x7fefc894f0, 3200, MSG_DONTWAIT, NULL, NULL) = -1 EAGAIN (Try again)
13987 1784103241.593309 <... recvfrom resumed> "nysv\0\0\0\0\0\0\0\0\0\0\0\0007*\353-\277\2\0\0\300\274\2\0\0\0\0\0", 3200, MSG_DONTWAIT, NULL, NULL) = 32
13987 1784103241.593435 recvfrom(43, 0x71155c1c80, 3200, MSG_DONTWAIT, NULL, NULL) = -1 EAGAIN (Try again)
13987 1784103241.603704 recvfrom(43, 0x71155c1eb0, 3200, MSG_DONTWAIT, NULL, NULL) = -1 EAGAIN (Try again)
13965 1784103241.608559 recvfrom(42, "nysv\0\0\0\0\0\0\0\0\0\0\0\0\23\264\351.\277\2\0\0\301\274\2\0\0\0\0\0", 3200, MSG_DONTWAIT, NULL, NULL) = 32
13965 1784103241.608576 recvfrom(42, 0x7fefc89590, 3200, MSG_DONTWAIT, NULL, NULL) = -1 EAGAIN (Try again)
13987 1784103241.608662 recvfrom(43,  <unfinished ...>
13965 1784103241.608686 recvfrom(42, 0x7fefc894f0, 3200, MSG_DONTWAIT, NULL, NULL) = -1 EAGAIN (Try again)
13987 1784103241.608743 <... recvfrom resumed> "nysv\0\0\0\0\0\0\0\0\0\0\0\0\23\264\351.\277\2\0\0\301\274\2\0\0\0\0\0", 3200, MSG_DONTWAIT, NULL, NULL) = 32
13987 1784103241.608928 recvfrom(43, 0x71155c1c80, 3200, MSG_DONTWAIT, NULL, NULL) = -1 EAGAIN (Try again)
13987 1784103241.620002 recvfrom(43, 0x71155c1eb0, 3200, MSG_DONTWAIT, NULL, NULL) = -1 EAGAIN (Try again)
13965 1784103241.625265 recvfrom(42,  <unfinished ...>
13987 1784103241.625366 recvfrom(43,  <unfinished ...>
13965 1784103241.625378 <... recvfrom resumed> "nysv\0\0\0\0\0\0\0\0\0\0\0\0=m\350/\277\2\0\0\302\274\2\0\0\0\0\0", 3200, MSG_DONTWAIT, NULL, NULL) = 32
13965 1784103241.625395 recvfrom(42, 0x7fefc89590, 3200, MSG_DONTWAIT, NULL, NULL) = -1 EAGAIN (Try again)
13987 1784103241.625640 <... recvfrom resumed> "nysv\0\0\0\0\0\0\0\0\0\0\0\0=m\350/\277\2\0\0\302\274\2\0\0\0\0\0", 3200, MSG_DONTWAIT, NULL, NULL) = 32
13965 1784103241.625656 recvfrom(42, 0x7fefc894f0, 3200, MSG_DONTWAIT, NULL, NULL) = -1 EAGAIN (Try again)
13987 1784103241.625680 recvfrom(43, 0x71155c1c80, 3200, MSG_DONTWAIT, NULL, NULL) = -1 EAGAIN (Try again)
13987 1784103241.637835 recvfrom(43, 0x71155c1eb0, 3200, MSG_DONTWAIT, NULL, NULL) = -1 EAGAIN (Try again)
13987 1784103241.643091 recvfrom(43,  <unfinished ...>
13965 1784103241.643122 recvfrom(42, "nysv\0\0\0\0\0\0\0\0\0\0\0\0=\304\3460\277\2\0\0\303\274\2\0\0\0\0\0", 3200, MSG_DONTWAIT, NULL, NULL) = 32
13965 1784103241.643135 recvfrom(42, 0x7fefc89590, 3200, MSG_DONTWAIT, NULL, NULL) = -1 EAGAIN (Try again)
13965 1784103241.643155 recvfrom(42, 0x7fefc894f0, 3200, MSG_DONTWAIT, NULL, NULL) = -1 EAGAIN (Try again)
13987 1784103241.643162 <... recvfrom resumed> "nysv\0\0\0\0\0\0\0\0\0\0\0\0=\304\3460\277\2\0\0\303\274\2\0\0\0\0\0", 3200, MSG_DONTWAIT, NULL, NULL) = 32
13987 1784103241.643300 recvfrom(43, 0x71155c1c80, 3200, MSG_DONTWAIT, NULL, NULL) = -1 EAGAIN (Try again)
13987 1784103241.653085 recvfrom(43, 0x71155c1eb0, 3200, MSG_DONTWAIT, NULL, NULL) = -1 EAGAIN (Try again)
13965 1784103241.659727 recvfrom(42, "nysv\0\0\0\0\0\0\0\0\0\0\0\0[\23\3451\277\2\0\0\304\274\2\0\0\0\0\0", 3200, MSG_DONTWAIT, NULL, NULL) = 32
13965 1784103241.659741 recvfrom(42, 0x7fefc89590, 3200, MSG_DONTWAIT, NULL, NULL) = -1 EAGAIN (Try again)
13987 1784103241.659757 recvfrom(43,  <unfinished ...>
13965 1784103241.659879 recvfrom(42, 0x7fefc894f0, 3200, MSG_DONTWAIT, NULL, NULL) = -1 EAGAIN (Try again)
13987 1784103241.659903 <... recvfrom resumed> "nysv\0\0\0\0\0\0\0\0\0\0\0\0[\23\3451\277\2\0\0\304\274\2\0\0\0\0\0", 3200, MSG_DONTWAIT, NULL, NULL) = 32
13987 1784103241.660005 recvfrom(43, 0x71155c1c80, 3200, MSG_DONTWAIT, NULL, NULL) = -1 EAGAIN (Try again)
13987 1784103241.669771 recvfrom(43, 0x71155c1eb0, 3200, MSG_DONTWAIT, NULL, NULL) = -1 EAGAIN (Try again)
13965 1784103241.676599 recvfrom(42, "nysv\0\0\0\0\0\0\0\0\0\0\0\0nE\3432\277\2\0\0\305\274\2\0\0\0\0\0", 3200, MSG_DONTWAIT, NULL, NULL) = 32
13965 1784103241.676704 recvfrom(42, 0x7fefc89590, 3200, MSG_DONTWAIT, NULL, NULL) = -1 EAGAIN (Try again)
13965 1784103241.676729 recvfrom(42,  <unfinished ...>
13987 1784103241.676732 recvfrom(43, "nysv\0\0\0\0\0\0\0\0\0\0\0\0nE\3432\277\2\0\0\305\274\2\0\0\0\0\0", 3200, MSG_DONTWAIT, NULL, NULL) = 32
13965 1784103241.676975 <... recvfrom resumed> 0x7fefc894f0, 3200, MSG_DONTWAIT, NULL, NULL) = -1 EAGAIN (Try again)
13987 1784103241.677129 recvfrom(43, 0x71155c1c80, 3200, MSG_DONTWAIT, NULL, NULL) = -1 EAGAIN (Try again)
13987 1784103241.687055 recvfrom(43, 0x71155c1eb0, 3200, MSG_DONTWAIT, NULL, NULL) = -1 EAGAIN (Try again)
13965 1784103241.692079 recvfrom(42, "nysv\0\0\0\0\0\0\0\0\0\0\0\0\36\272\3413\277\2\0\0\306\274\2\0\0\0\0\0", 3200, MSG_DONTWAIT, NULL, NULL) = 32
13965 1784103241.692093 recvfrom(42, 0x7fefc89590, 3200, MSG_DONTWAIT, NULL, NULL) = -1 EAGAIN (Try again)
13965 1784103241.692114 recvfrom(42, 0x7fefc894f0, 3200, MSG_DONTWAIT, NULL, NULL) = -1 EAGAIN (Try again)
13987 1784103241.692182 recvfrom(43, "nysv\0\0\0\0\0\0\0\0\0\0\0\0\36\272\3413\277\2\0\0\306\274\2\0\0\0\0\0", 3200, MSG_DONTWAIT, NULL, NULL) = 32
13987 1784103241.692554 recvfrom(43, 0x71155c1c80, 3200, MSG_DONTWAIT, NULL, NULL) = -1 EAGAIN (Try again)
13987 1784103241.703106 recvfrom(43, 0x71155c1eb0, 3200, MSG_DONTWAIT, NULL, NULL) = -1 EAGAIN (Try again)
13965 1784103241.709319 recvfrom(42, "nysv\0\0\0\0\0\0\0\0\0\0\0\0\373\36\3404\277\2\0\0\307\274\2\0\0\0\0\0", 3200, MSG_DONTWAIT, NULL, NULL) = 32
13965 1784103241.709335 recvfrom(42, 0x7fefc89590, 3200, MSG_DONTWAIT, NULL, NULL) = -1 EAGAIN (Try again)
13987 1784103241.709362 recvfrom(43,  <unfinished ...>
13965 1784103241.709373 recvfrom(42, 0x7fefc894f0, 3200, MSG_DONTWAIT, NULL, NULL) = -1 EAGAIN (Try again)
13987 1784103241.709486 <... recvfrom resumed> "nysv\0\0\0\0\0\0\0\0\0\0\0\0\373\36\3404\277\2\0\0\307\274\2\0\0\0\0\0", 3200, MSG_DONTWAIT, NULL, NULL) = 32
13987 1784103241.709555 recvfrom(43, 0x71155c1c80, 3200, MSG_DONTWAIT, NULL, NULL) = -1 EAGAIN (Try again)
13987 1784103241.719869 recvfrom(43, 0x71155c1eb0, 3200, MSG_DONTWAIT, NULL, NULL) = -1 EAGAIN (Try again)
13965 1784103241.725372 recvfrom(42, "nysv\0\0\0\0\0\0\0\0\0\0\0\0\350\254\3365\277\2\0\0\310\274\2\0\0\0\0\0", 3200, MSG_DONTWAIT, NULL, NULL) = 32
13965 1784103241.725386 recvfrom(42, 0x7fefc89590, 3200, MSG_DONTWAIT, NULL, NULL) = -1 EAGAIN (Try again)
13965 1784103241.725410 recvfrom(42,  <unfinished ...>
13987 1784103241.725413 recvfrom(43,  <unfinished ...>
13965 1784103241.725424 <... recvfrom resumed> 0x7fefc894f0, 3200, MSG_DONTWAIT, NULL, NULL) = -1 EAGAIN (Try again)
13987 1784103241.725480 <... recvfrom resumed> "nysv\0\0\0\0\0\0\0\0\0\0\0\0\350\254\3365\277\2\0\0\310\274\2\0\0\0\0\0", 3200, MSG_DONTWAIT, NULL, NULL) = 32
13987 1784103241.725579 recvfrom(43, 0x71155c1c80, 3200, MSG_DONTWAIT, NULL, NULL) = -1 EAGAIN (Try again)
13987 1784103241.736112 recvfrom(43, 0x71155c1eb0, 3200, MSG_DONTWAIT, NULL, NULL) = -1 EAGAIN (Try again)
13987 1784103241.742340 recvfrom(43,  <unfinished ...>
13965 1784103241.742367 recvfrom(42, "nysv\0\0\0\0\0\0\0\0\0\0\0\0vl\3356\277\2\0\0\311\274\2\0\0\0\0\0", 3200, MSG_DONTWAIT, NULL, NULL) = 32
13965 1784103241.742380 recvfrom(42, 0x7fefc89590, 3200, MSG_DONTWAIT, NULL, NULL) = -1 EAGAIN (Try again)
13987 1784103241.742395 <... recvfrom resumed> "nysv\0\0\0\0\0\0\0\0\0\0\0\0vl\3356\277\2\0\0\311\274\2\0\0\0\0\0", 3200, MSG_DONTWAIT, NULL, NULL) = 32
13965 1784103241.742420 recvfrom(42, 0x7fefc894f0, 3200, MSG_DONTWAIT, NULL, NULL) = -1 EAGAIN (Try again)
13987 1784103241.742551 recvfrom(43, 0x71155c1c80, 3200, MSG_DONTWAIT, NULL, NULL) = -1 EAGAIN (Try again)
13987 1784103241.753645 recvfrom(43, 0x71155c1eb0, 3200, MSG_DONTWAIT, NULL, NULL) = -1 EAGAIN (Try again)
13965 1784103241.759277 recvfrom(42, "nysv\0\0\0\0\0\0\0\0\0\0\0\0\226\303\3337\277\2\0\0\312\274\2\0\0\0\0\0", 3200, MSG_DONTWAIT, NULL, NULL) = 32
13965 1784103241.759367 recvfrom(42, 0x7fefc89590, 3200, MSG_DONTWAIT, NULL, NULL) = -1 EAGAIN (Try again)
13987 1784103241.759406 recvfrom(43,  <unfinished ...>
13965 1784103241.759416 recvfrom(42, 0x7fefc894f0, 3200, MSG_DONTWAIT, NULL, NULL) = -1 EAGAIN (Try again)
13987 1784103241.759635 <... recvfrom resumed> "nysv\0\0\0\0\0\0\0\0\0\0\0\0\226\303\3337\277\2\0\0\312\274\2\0\0\0\0\0", 3200, MSG_DONTWAIT, NULL, NULL) = 32
13987 1784103241.759688 recvfrom(43, 0x71155c1c80, 3200, MSG_DONTWAIT, NULL, NULL) = -1 EAGAIN (Try again)
13987 1784103241.770050 recvfrom(43, 0x71155c1eb0, 3200, MSG_DONTWAIT, NULL, NULL) = -1 EAGAIN (Try again)
13965 1784103241.776825 recvfrom(42, "nysv\0\0\0\0\0\0\0\0\0\0\0\08\356\3318\277\2\0\0\313\274\2\0\0\0\0\0", 3200, MSG_DONTWAIT, NULL, NULL) = 32
13965 1784103241.776839 recvfrom(42, 0x7fefc89590, 3200, MSG_DONTWAIT, NULL, NULL) = -1 EAGAIN (Try again)
13987 1784103241.776853 recvfrom(43, "nysv\0\0\0\0\0\0\0\0\0\0\0\08\356\3318\277\2\0\0\313\274\2\0\0\0\0\0", 3200, MSG_DONTWAIT, NULL, NULL) = 32
13987 1784103241.777274 recvfrom(43, 0x71155c1c80, 3200, MSG_DONTWAIT, NULL, NULL) = -1 EAGAIN (Try again)
13987 1784103241.793064 recvfrom(43, "nysv\0\0\0\0\0\0\0\0\0\0\0\0EF\3309\277\2\0\0\314\274\2\0\0\0\0\0", 3200, MSG_DONTWAIT, NULL, NULL) = 32
13987 1784103241.793202 recvfrom(43, 0x71155c1c80, 3200, MSG_DONTWAIT, NULL, NULL) = -1 EAGAIN (Try again)
13965 1784103257.852334 recvfrom(45, "\2\0\0\0\0\0\0\0\3\23\0\0\0\0\0\0\0\n\21\367\302\2\0\0\1\0\0\0\2\20\0\0"..., 2272, MSG_DONTWAIT, NULL, NULL) = 232
13965 1784103257.852482 sendto(45, "\3\0\0\0\0\0\0\0\3\23\0\0\1\0\0\0", 16, MSG_DONTWAIT|MSG_NOSIGNAL, NULL, 0) = 16
13965 1784103257.852506 recvfrom(45, 0x71a5c2bc20, 2272, MSG_DONTWAIT, NULL, NULL) = -1 EAGAIN (Try again)
13965 1784103257.852771 recvfrom(45, "\2\0\0\0\0\0\0\0\5\23\0\0\0\0\0\0\0\n\21\367\302\2\0\0\1\0\0\0\2\20\0\0"..., 2272, MSG_DONTWAIT, NULL, NULL) = 232
13965 1784103257.852938 recvfrom(42, 0x7fefc85dc0, 3200, MSG_DONTWAIT, NULL, NULL) = -1 EAGAIN (Try again)
13965 1784103257.854660 sendto(45, "\3\0\0\0\0\0\0\0\5\23\0\0\1\0\0\0", 16, MSG_DONTWAIT|MSG_NOSIGNAL, NULL, 0) = 16
13965 1784103257.854697 recvfrom(45, 0x71a5c2bc20, 2272, MSG_DONTWAIT, NULL, NULL) = -1 EAGAIN (Try again)
13965 1784103257.859633 recvfrom(42, "nysv\0\0\0\0\0\0\0\0\0\0\0\0\373\200{\367\302\2\0\0\214\300\2\0\0\0\0\0", 3200, MSG_DONTWAIT, NULL, NULL) = 32
13965 1784103257.859647 recvfrom(42, 0x7fefc89590, 3200, MSG_DONTWAIT, NULL, NULL) = -1 EAGAIN (Try again)
13965 1784103257.859679 recvfrom(45, 0x71a5c2bc20, 2272, MSG_DONTWAIT, NULL, NULL) = -1 EAGAIN (Try again)
13965 1784103257.859719 recvfrom(42, 0x7fefc894f0, 3200, MSG_DONTWAIT, NULL, NULL) = -1 EAGAIN (Try again)
14000 1784103257.860038 sendmsg(68, {msg_name=NULL, msg_namelen=0, msg_iov=[{iov_base="l\1\1\1\374\0\0\0`\0\0\0\235\0\0\0\1\1o\0;\0\0\0/re/frid"..., iov_len=428}], msg_iovlen=1, msg_controllen=0, msg_flags=0}, MSG_NOSIGNAL) = 428
14000 1784103257.861905 sendmsg(68, {msg_name=NULL, msg_namelen=0, msg_iov=[{iov_base="l\1\1\1\0\1\0\0a\0\0\0\235\0\0\0\1\1o\0;\0\0\0/re/frid"..., iov_len=432}], msg_iovlen=1, msg_controllen=0, msg_flags=0}, MSG_NOSIGNAL) = 432
13987 1784103257.871280 recvfrom(43, 0x71155c1eb0, 3200, MSG_DONTWAIT, NULL, NULL) = -1 EAGAIN (Try again)
13987 1784103257.871897 recvfrom(43, 0x71155c1eb0, 3200, MSG_DONTWAIT, NULL, NULL) = -1 EAGAIN (Try again)
13965 1784103257.876409 recvfrom(42, "nysv\0\0\0\0\0\0\0\0\0\0\0\0\255\307y\370\302\2\0\0\215\300\2\0\0\0\0\0", 3200, MSG_DONTWAIT, NULL, NULL) = 32
13965 1784103257.876428 recvfrom(42, 0x7fefc89590, 3200, MSG_DONTWAIT, NULL, NULL) = -1 EAGAIN (Try again)
13987 1784103257.876442 recvfrom(43,  <unfinished ...>
13965 1784103257.876462 recvfrom(45, 0x71a5c2bc20, 2272, MSG_DONTWAIT, NULL, NULL) = -1 EAGAIN (Try again)
13965 1784103257.876483 recvfrom(42, 0x7fefc894f0, 3200, MSG_DONTWAIT, NULL, NULL) = -1 EAGAIN (Try again)
13987 1784103257.876579 <... recvfrom resumed> "nysv\0\0\0\0\0\0\0\0\0\0\0\0\255\307y\370\302\2\0\0\215\300\2\0\0\0\0\0", 3200, MSG_DONTWAIT, NULL, NULL) = 32
13987 1784103257.876806 recvfrom(43, 0x71155c1c80, 3200, MSG_DONTWAIT, NULL, NULL) = -1 EAGAIN (Try again)
13987 1784103257.887738 recvfrom(43, 0x71155c1eb0, 3200, MSG_DONTWAIT, NULL, NULL) = -1 EAGAIN (Try again)
13965 1784103257.892534 recvfrom(42, "nysv\0\0\0\0\0\0\0\0\0\0\0\0c,x\371\302\2\0\0\216\300\2\0\0\0\0\0", 3200, MSG_DONTWAIT, NULL, NULL) = 32
13987 1784103257.892703 recvfrom(43,  <unfinished ...>
13965 1784103257.892714 recvfrom(42, 0x7fefc89590, 3200, MSG_DONTWAIT, NULL, NULL) = -1 EAGAIN (Try again)
13987 1784103257.892803 <... recvfrom resumed> "nysv\0\0\0\0\0\0\0\0\0\0\0\0c,x\371\302\2\0\0\216\300\2\0\0\0\0\0", 3200, MSG_DONTWAIT, NULL, NULL) = 32
13965 1784103257.892821 recvfrom(42, 0x7fefc88940, 3200, MSG_DONTWAIT, NULL, NULL) = -1 EAGAIN (Try again)
13987 1784103257.892976 recvfrom(43, 0x71155c1c80, 3200, MSG_DONTWAIT, NULL, NULL) = -1 EAGAIN (Try again)
13987 1784103257.901878 recvfrom(43, 0x71155c1eb0, 3200, MSG_DONTWAIT, NULL, NULL) = -1 EAGAIN (Try again)
13965 1784103257.909041 recvfrom(42, "nysv\0\0\0\0\0\0\0\0\0\0\0\0\344\225v\372\302\2\0\0\217\300\2\0\0\0\0\0", 3200, MSG_DONTWAIT, NULL, NULL) = 32
13965 1784103257.909061 recvfrom(42, 0x7fefc89590, 3200, MSG_DONTWAIT, NULL, NULL) = -1 EAGAIN (Try again)
13987 1784103257.909078 recvfrom(43,  <unfinished ...>
13965 1784103257.909100 recvfrom(45, 0x71a5c2bc20, 2272, MSG_DONTWAIT, NULL, NULL) = -1 EAGAIN (Try again)
13965 1784103257.909125 recvfrom(42, 0x7fefc88940, 3200, MSG_DONTWAIT, NULL, NULL) = -1 EAGAIN (Try again)
13987 1784103257.909200 <... recvfrom resumed> "nysv\0\0\0\0\0\0\0\0\0\0\0\0\344\225v\372\302\2\0\0\217\300\2\0\0\0\0\0", 3200, MSG_DONTWAIT, NULL, NULL) = 32
13987 1784103257.909282 recvfrom(43, 0x71155c1c80, 3200, MSG_DONTWAIT, NULL, NULL) = -1 EAGAIN (Try again)
13987 1784103257.919898 recvfrom(43, 0x71155c1eb0, 3200, MSG_DONTWAIT, NULL, NULL) = -1 EAGAIN (Try again)
14000 1784103257.920668 sendmsg(68, {msg_name=NULL, msg_namelen=0, msg_iov=[{iov_base="l\1\1\1\374\0\0\0b\0\0\0\235\0\0\0\1\1o\0;\0\0\0/re/frid"..., iov_len=428}], msg_iovlen=1, msg_controllen=0, msg_flags=0}, MSG_NOSIGNAL) = 428
14000 1784103257.921944 sendmsg(68, {msg_name=NULL, msg_namelen=0, msg_iov=[{iov_base="l\1\1\1\0\1\0\0c\0\0\0\235\0\0\0\1\1o\0;\0\0\0/re/frid"..., iov_len=432}], msg_iovlen=1, msg_controllen=0, msg_flags=0}, MSG_NOSIGNAL) = 432
13965 1784103257.925559 recvfrom(42, "nysv\0\0\0\0\0\0\0\0\0\0\0\0\274\tu\373\302\2\0\0\220\300\2\0\0\0\0\0", 3200, MSG_DONTWAIT, NULL, NULL) = 32
13965 1784103257.925575 recvfrom(42, 0x7fefc89590, 3200, MSG_DONTWAIT, NULL, NULL) = -1 EAGAIN (Try again)
13987 1784103257.925586 recvfrom(43,  <unfinished ...>
13965 1784103257.925608 recvfrom(45, 0x71a5c2bc20, 2272, MSG_DONTWAIT, NULL, NULL) = -1 EAGAIN (Try again)
13965 1784103257.925621 recvfrom(42, 0x7fefc894f0, 3200, MSG_DONTWAIT, NULL, NULL) = -1 EAGAIN (Try again)
13987 1784103257.925893 <... recvfrom resumed> "nysv\0\0\0\0\0\0\0\0\0\0\0\0\274\tu\373\302\2\0\0\220\300\2\0\0\0\0\0", 3200, MSG_DONTWAIT, NULL, NULL) = 32
13987 1784103257.926069 recvfrom(43, 0x71155c1c80, 3200, MSG_DONTWAIT, NULL, NULL) = -1 EAGAIN (Try again)
13987 1784103257.935295 recvfrom(43, 0x71155c1eb0, 3200, MSG_DONTWAIT, NULL, NULL) = -1 EAGAIN (Try again)
13965 1784103257.942747 recvfrom(42, "nysv\0\0\0\0\0\0\0\0\0\0\0\0\272cs\374\302\2\0\0\221\300\2\0\0\0\0\0", 3200, MSG_DONTWAIT, NULL, NULL) = 32
13987 1784103257.942964 recvfrom(43,  <unfinished ...>
13965 1784103257.942975 recvfrom(42, 0x7fefc89590, 3200, MSG_DONTWAIT, NULL, NULL) = -1 EAGAIN (Try again)
13987 1784103257.943017 <... recvfrom resumed> "nysv\0\0\0\0\0\0\0\0\0\0\0\0\272cs\374\302\2\0\0\221\300\2\0\0\0\0\0", 3200, MSG_DONTWAIT, NULL, NULL) = 32
13965 1784103257.943030 recvfrom(42, 0x7fefc88940, 3200, MSG_DONTWAIT, NULL, NULL) = -1 EAGAIN (Try again)
13987 1784103257.943096 recvfrom(43, 0x71155c1c80, 3200, MSG_DONTWAIT, NULL, NULL) = -1 EAGAIN (Try again)
13987 1784103257.953019 recvfrom(43, 0x71155c1eb0, 3200, MSG_DONTWAIT, NULL, NULL) = -1 EAGAIN (Try again)
13965 1784103257.960159 recvfrom(42, "nysv\0\0\0\0\0\0\0\0\0\0\0\0\337\217q\375\302\2\0\0\222\300\2\0\0\0\0\0", 3200, MSG_DONTWAIT, NULL, NULL) = 32
13965 1784103257.960174 recvfrom(42, 0x7fefc89590, 3200, MSG_DONTWAIT, NULL, NULL) = -1 EAGAIN (Try again)
13987 1784103257.960195 recvfrom(43,  <unfinished ...>
13965 1784103257.960217 recvfrom(45, 0x71a5c2bc20, 2272, MSG_DONTWAIT, NULL, NULL) = -1 EAGAIN (Try again)
13965 1784103257.960235 recvfrom(42, 0x7fefc88940, 3200, MSG_DONTWAIT, NULL, NULL) = -1 EAGAIN (Try again)
13987 1784103257.960331 <... recvfrom resumed> "nysv\0\0\0\0\0\0\0\0\0\0\0\0\337\217q\375\302\2\0\0\222\300\2\0\0\0\0\0", 3200, MSG_DONTWAIT, NULL, NULL) = 32
13987 1784103257.960526 recvfrom(43, 0x71155c1c80, 3200, MSG_DONTWAIT, NULL, NULL) = -1 EAGAIN (Try again)
13987 1784103257.969905 recvfrom(43, 0x71155c1eb0, 3200, MSG_DONTWAIT, NULL, NULL) = -1 EAGAIN (Try again)
13965 1784103257.976629 recvfrom(42, "nysv\0\0\0\0\0\0\0\0\0\0\0\0>\306o\376\302\2\0\0\223\300\2\0\0\0\0\0", 3200, MSG_DONTWAIT, NULL, NULL) = 32
13965 1784103257.976644 recvfrom(42, 0x7fefc89590, 3200, MSG_DONTWAIT, NULL, NULL) = -1 EAGAIN (Try again)
13965 1784103257.976666 recvfrom(45, 0x71a5c2bc20, 2272, MSG_DONTWAIT, NULL, NULL) = -1 EAGAIN (Try again)
13987 1784103257.976685 recvfrom(43,  <unfinished ...>
13965 1784103257.976718 recvfrom(42, 0x7fefc88940, 3200, MSG_DONTWAIT, NULL, NULL) = -1 EAGAIN (Try again)
13987 1784103257.976876 <... recvfrom resumed> "nysv\0\0\0\0\0\0\0\0\0\0\0\0>\306o\376\302\2\0\0\223\300\2\0\0\0\0\0", 3200, MSG_DONTWAIT, NULL, NULL) = 32
13987 1784103257.977001 recvfrom(43, 0x71155c1c80, 3200, MSG_DONTWAIT, NULL, NULL) = -1 EAGAIN (Try again)
13987 1784103257.986262 recvfrom(43, 0x71155c1eb0, 3200, MSG_DONTWAIT, NULL, NULL) = -1 EAGAIN (Try again)
13965 1784103257.993345 recvfrom(42, "nysv\0\0\0\0\0\0\0\0\0\0\0\0\323\275m\377\302\2\0\0\224\300\2\0\0\0\0\0", 3200, MSG_DONTWAIT, NULL, NULL) = 32
13965 1784103257.993360 recvfrom(42, 0x7fefc89590, 3200, MSG_DONTWAIT, NULL, NULL) = -1 EAGAIN (Try again)
13965 1784103257.993383 recvfrom(45, 0x71a5c2bc20, 2272, MSG_DONTWAIT, NULL, NULL) = -1 EAGAIN (Try again)
13987 1784103257.993401 recvfrom(43,  <unfinished ...>
13965 1784103257.993418 recvfrom(42, 0x7fefc88940, 3200, MSG_DONTWAIT, NULL, NULL) = -1 EAGAIN (Try again)
13987 1784103257.993494 <... recvfrom resumed> "nysv\0\0\0\0\0\0\0\0\0\0\0\0\323\275m\377\302\2\0\0\224\300\2\0\0\0\0\0", 3200, MSG_DONTWAIT, NULL, NULL) = 32
13987 1784103257.993660 recvfrom(43, 0x71155c1c80, 3200, MSG_DONTWAIT, NULL, NULL) = -1 EAGAIN (Try again)
13987 1784103258.003090 recvfrom(43, 0x71155c1eb0, 3200, MSG_DONTWAIT, NULL, NULL) = -1 EAGAIN (Try again)
13965 1784103258.008764 recvfrom(42, "nysv\0\0\0\0\0\0\0\0\0\0\0\0w7l\0\303\2\0\0\225\300\2\0\0\0\0\0", 3200, MSG_DONTWAIT, NULL, NULL) = 32
13965 1784103258.008792 recvfrom(42, 0x7fefc89590, 3200, MSG_DONTWAIT, NULL, NULL) = -1 EAGAIN (Try again)
13987 1784103258.008817 recvfrom(43,  <unfinished ...>
13965 1784103258.008828 recvfrom(45, 0x71a5c2bc20, 2272, MSG_DONTWAIT, NULL, NULL) = -1 EAGAIN (Try again)
13965 1784103258.008849 recvfrom(42, 0x7fefc88940, 3200, MSG_DONTWAIT, NULL, NULL) = -1 EAGAIN (Try again)
13987 1784103258.008897 <... recvfrom resumed> "nysv\0\0\0\0\0\0\0\0\0\0\0\0w7l\0\303\2\0\0\225\300\2\0\0\0\0\0", 3200, MSG_DONTWAIT, NULL, NULL) = 32
13987 1784103258.009050 recvfrom(43, 0x71155c1c80, 3200, MSG_DONTWAIT, NULL, NULL) = -1 EAGAIN (Try again)
13987 1784103258.018817 recvfrom(43, 0x71155c1eb0, 3200, MSG_DONTWAIT, NULL, NULL) = -1 EAGAIN (Try again)
13965 1784103258.025502 recvfrom(42, "nysv\0\0\0\0\0\0\0\0\0\0\0\0\241\263j\1\303\2\0\0\226\300\2\0\0\0\0\0", 3200, MSG_DONTWAIT, NULL, NULL) = 32
13965 1784103258.025521 recvfrom(42, 0x7fefc89590, 3200, MSG_DONTWAIT, NULL, NULL) = -1 EAGAIN (Try again)
13965 1784103258.025547 recvfrom(45, 0x71a5c2bc20, 2272, MSG_DONTWAIT, NULL, NULL) = -1 EAGAIN (Try again)
13965 1784103258.025564 recvfrom(42, 0x7fefc888b0, 3200, MSG_DONTWAIT, NULL, NULL) = -1 EAGAIN (Try again)
13987 1784103258.025572 recvfrom(43, "nysv\0\0\0\0\0\0\0\0\0\0\0\0\241\263j\1\303\2\0\0\226\300\2\0\0\0\0\0", 3200, MSG_DONTWAIT, NULL, NULL) = 32
13987 1784103258.025810 recvfrom(43, 0x71155c1c80, 3200, MSG_DONTWAIT, NULL, NULL) = -1 EAGAIN (Try again)
13987 1784103258.035955 recvfrom(43, 0x71155c1eb0, 3200, MSG_DONTWAIT, NULL, NULL) = -1 EAGAIN (Try again)
13965 1784103258.044705 recvfrom(42, "nysv\0\0\0\0\0\0\0\0\0\0\0\0\251\223h\2\303\2\0\0\227\300\2\0\0\0\0\0", 3200, MSG_DONTWAIT, NULL, NULL) = 32
13965 1784103258.044717 recvfrom(42, 0x7fefc89590, 3200, MSG_DONTWAIT, NULL, NULL) = -1 EAGAIN (Try again)
13965 1784103258.044739 recvfrom(45, 0x71a5c2bc20, 2272, MSG_DONTWAIT, NULL, NULL) = -1 EAGAIN (Try again)
13965 1784103258.044748 recvfrom(42, 0x7fefc894f0, 3200, MSG_DONTWAIT, NULL, NULL) = -1 EAGAIN (Try again)
13987 1784103258.044756 recvfrom(43, "nysv\0\0\0\0\0\0\0\0\0\0\0\0\251\223h\2\303\2\0\0\227\300\2\0\0\0\0\0", 3200, MSG_DONTWAIT, NULL, NULL) = 32
13987 1784103258.045116 recvfrom(43, 0x71155c1c80, 3200, MSG_DONTWAIT, NULL, NULL) = -1 EAGAIN (Try again)
13987 1784103258.053671 recvfrom(43, 0x71155c1eb0, 3200, MSG_DONTWAIT, NULL, NULL) = -1 EAGAIN (Try again)
13965 1784103258.060164 recvfrom(42, "nysv\0\0\0\0\0\0\0\0\0\0\0\0^\275f\3\303\2\0\0\230\300\2\0\0\0\0\0", 3200, MSG_DONTWAIT, NULL, NULL) = 32
13965 1784103258.060180 recvfrom(42, 0x7fefc89590, 3200, MSG_DONTWAIT, NULL, NULL) = -1 EAGAIN (Try again)
13965 1784103258.060211 recvfrom(42, 0x7fefc894f0, 3200, MSG_DONTWAIT, NULL, NULL) = -1 EAGAIN (Try again)
13987 1784103258.060363 recvfrom(43, "nysv\0\0\0\0\0\0\0\0\0\0\0\0^\275f\3\303\2\0\0\230\300\2\0\0\0\0\0", 3200, MSG_DONTWAIT, NULL, NULL) = 32
13987 1784103258.060682 recvfrom(43, 0x71155c1c80, 3200, MSG_DONTWAIT, NULL, NULL) = -1 EAGAIN (Try again)
13987 1784103258.072018 recvfrom(43, 0x71155c1eb0, 3200, MSG_DONTWAIT, NULL, NULL) = -1 EAGAIN (Try again)
13965 1784103258.075422 recvfrom(42, "nysv\0\0\0\0\0\0\0\0\0\0\0\0\"Be\4\303\2\0\0\231\300\2\0\0\0\0\0", 3200, MSG_DONTWAIT, NULL, NULL) = 32
13965 1784103258.075437 recvfrom(42, 0x7fefc89590, 3200, MSG_DONTWAIT, NULL, NULL) = -1 EAGAIN (Try again)
13965 1784103258.075469 recvfrom(42, 0x7fefc894f0, 3200, MSG_DONTWAIT, NULL, NULL) = -1 EAGAIN (Try again)
13987 1784103258.075679 recvfrom(43, "nysv\0\0\0\0\0\0\0\0\0\0\0\0\"Be\4\303\2\0\0\231\300\2\0\0\0\0\0", 3200, MSG_DONTWAIT, NULL, NULL) = 32
13987 1784103258.075967 recvfrom(43, 0x71155c1c80, 3200, MSG_DONTWAIT, NULL, NULL) = -1 EAGAIN (Try again)
13987 1784103258.086461 recvfrom(43, 0x71155c1eb0, 3200, MSG_DONTWAIT, NULL, NULL) = -1 EAGAIN (Try again)
13965 1784103258.093076 recvfrom(42, "nysv\0\0\0\0\0\0\0\0\0\0\0\08{c\5\303\2\0\0\232\300\2\0\0\0\0\0", 3200, MSG_DONTWAIT, NULL, NULL) = 32
13965 1784103258.093092 recvfrom(42, 0x7fefc89590, 3200, MSG_DONTWAIT, NULL, NULL) = -1 EAGAIN (Try again)
13987 1784103258.093112 recvfrom(43,  <unfinished ...>
13965 1784103258.093164 recvfrom(42, 0x7fefc894f0, 3200, MSG_DONTWAIT, NULL, NULL) = -1 EAGAIN (Try again)
13987 1784103258.093299 <... recvfrom resumed> "nysv\0\0\0\0\0\0\0\0\0\0\0\08{c\5\303\2\0\0\232\300\2\0\0\0\0\0", 3200, MSG_DONTWAIT, NULL, NULL) = 32
13987 1784103258.093390 recvfrom(43, 0x71155c1c80, 3200, MSG_DONTWAIT, NULL, NULL) = -1 EAGAIN (Try again)
13987 1784103258.105282 recvfrom(43, 0x71155c1eb0, 3200, MSG_DONTWAIT, NULL, NULL) = -1 EAGAIN (Try again)
13965 1784103258.108508 recvfrom(42, "nysv\0\0\0\0\0\0\0\0\0\0\0\0\335\311a\6\303\2\0\0\233\300\2\0\0\0\0\0", 3200, MSG_DONTWAIT, NULL, NULL) = 32
13965 1784103258.108529 recvfrom(42, 0x7fefc89590, 3200, MSG_DONTWAIT, NULL, NULL) = -1 EAGAIN (Try again)
13965 1784103258.108555 recvfrom(42, 0x7fefc894f0, 3200, MSG_DONTWAIT, NULL, NULL) = -1 EAGAIN (Try again)
13987 1784103258.108749 recvfrom(43, "nysv\0\0\0\0\0\0\0\0\0\0\0\0\335\311a\6\303\2\0\0\233\300\2\0\0\0\0\0", 3200, MSG_DONTWAIT, NULL, NULL) = 32
13987 1784103258.109036 recvfrom(43, 0x71155c1c80, 3200, MSG_DONTWAIT, NULL, NULL) = -1 EAGAIN (Try again)
13987 1784103258.119312 recvfrom(43, 0x71155c1eb0, 3200, MSG_DONTWAIT, NULL, NULL) = -1 EAGAIN (Try again)
13965 1784103258.124778 recvfrom(42, "nysv\0\0\0\0\0\0\0\0\0\0\0\0Xo`\7\303\2\0\0\234\300\2\0\0\0\0\0", 3200, MSG_DONTWAIT, NULL, NULL) = 32
13987 1784103258.124800 recvfrom(43,  <unfinished ...>
13965 1784103258.124824 recvfrom(42, 0x7fefc89590, 3200, MSG_DONTWAIT, NULL, NULL) = -1 EAGAIN (Try again)
13987 1784103258.124871 <... recvfrom resumed> "nysv\0\0\0\0\0\0\0\0\0\0\0\0Xo`\7\303\2\0\0\234\300\2\0\0\0\0\0", 3200, MSG_DONTWAIT, NULL, NULL) = 32
13965 1784103258.124938 recvfrom(42, 0x7fefc894f0, 3200, MSG_DONTWAIT, NULL, NULL) = -1 EAGAIN (Try again)
13987 1784103258.124992 recvfrom(43, 0x71155c1c80, 3200, MSG_DONTWAIT, NULL, NULL) = -1 EAGAIN (Try again)
13987 1784103258.136110 recvfrom(43, 0x71155c1eb0, 3200, MSG_DONTWAIT, NULL, NULL) = -1 EAGAIN (Try again)
13965 1784103258.141590 recvfrom(42, "nysv\0\0\0\0\0\0\0\0\0\0\0\0\353\5_\10\303\2\0\0\235\300\2\0\0\0\0\0", 3200, MSG_DONTWAIT, NULL, NULL) = 32
13965 1784103258.141606 recvfrom(42, 0x7fefc89590, 3200, MSG_DONTWAIT, NULL, NULL) = -1 EAGAIN (Try again)
13965 1784103258.141637 recvfrom(42, 0x7fefc894f0, 3200, MSG_DONTWAIT, NULL, NULL) = -1 EAGAIN (Try again)
13987 1784103258.141792 recvfrom(43, "nysv\0\0\0\0\0\0\0\0\0\0\0\0\353\5_\10\303\2\0\0\235\300\2\0\0\0\0\0", 3200, MSG_DONTWAIT, NULL, NULL) = 32
13987 1784103258.142078 recvfrom(43, 0x71155c1c80, 3200, MSG_DONTWAIT, NULL, NULL) = -1 EAGAIN (Try again)
13987 1784103258.153624 recvfrom(43, 0x71155c1eb0, 3200, MSG_DONTWAIT, NULL, NULL) = -1 EAGAIN (Try again)
13965 1784103258.160741 recvfrom(42, "nysv\0\0\0\0\0\0\0\0\0\0\0\0Q\n]\t\303\2\0\0\236\300\2\0\0\0\0\0", 3200, MSG_DONTWAIT, NULL, NULL) = 32
13965 1784103258.160758 recvfrom(42, 0x7fefc89590, 3200, MSG_DONTWAIT, NULL, NULL) = -1 EAGAIN (Try again)
13965 1784103258.160785 recvfrom(42, 0x7fefc894f0, 3200, MSG_DONTWAIT, NULL, NULL) = -1 EAGAIN (Try again)
13987 1784103258.160793 recvfrom(43, "nysv\0\0\0\0\0\0\0\0\0\0\0\0Q\n]\t\303\2\0\0\236\300\2\0\0\0\0\0", 3200, MSG_DONTWAIT, NULL, NULL) = 32
13987 1784103258.161033 recvfrom(43, 0x71155c1c80, 3200, MSG_DONTWAIT, NULL, NULL) = -1 EAGAIN (Try again)
13987 1784103258.171066 recvfrom(43, 0x71155c1eb0, 3200, MSG_DONTWAIT, NULL, NULL) = -1 EAGAIN (Try again)
13965 1784103258.176513 recvfrom(42, "nysv\0\0\0\0\0\0\0\0\0\0\0\0\375G[\n\303\2\0\0\237\300\2\0\0\0\0\0", 3200, MSG_DONTWAIT, NULL, NULL) = 32
13965 1784103258.176532 recvfrom(42, 0x7fefc89590, 3200, MSG_DONTWAIT, NULL, NULL) = -1 EAGAIN (Try again)
13987 1784103258.176560 recvfrom(43,  <unfinished ...>
13965 1784103258.176571 recvfrom(42, 0x7fefc894f0, 3200, MSG_DONTWAIT, NULL, NULL) = -1 EAGAIN (Try again)
13987 1784103258.176775 <... recvfrom resumed> "nysv\0\0\0\0\0\0\0\0\0\0\0\0\375G[\n\303\2\0\0\237\300\2\0\0\0\0\0", 3200, MSG_DONTWAIT, NULL, NULL) = 32
13987 1784103258.176997 recvfrom(43, 0x71155c1c80, 3200, MSG_DONTWAIT, NULL, NULL) = -1 EAGAIN (Try again)
13987 1784103258.186983 recvfrom(43, 0x71155c1eb0, 3200, MSG_DONTWAIT, NULL, NULL) = -1 EAGAIN (Try again)
13965 1784103258.193091 recvfrom(42, "nysv\0\0\0\0\0\0\0\0\0\0\0\0\202\214Y\v\303\2\0\0\240\300\2\0\0\0\0\0", 3200, MSG_DONTWAIT, NULL, NULL) = 32
13965 1784103258.193105 recvfrom(42, 0x7fefc89590, 3200, MSG_DONTWAIT, NULL, NULL) = -1 EAGAIN (Try again)
13965 1784103258.193134 recvfrom(42,  <unfinished ...>
13987 1784103258.193139 recvfrom(43,  <unfinished ...>
13965 1784103258.193149 <... recvfrom resumed> 0x7fefc894f0, 3200, MSG_DONTWAIT, NULL, NULL) = -1 EAGAIN (Try again)
13987 1784103258.193352 <... recvfrom resumed> "nysv\0\0\0\0\0\0\0\0\0\0\0\0\202\214Y\v\303\2\0\0\240\300\2\0\0\0\0\0", 3200, MSG_DONTWAIT, NULL, NULL) = 32
13987 1784103258.193495 recvfrom(43, 0x71155c1c80, 3200, MSG_DONTWAIT, NULL, NULL) = -1 EAGAIN (Try again)
13987 1784103258.204003 recvfrom(43, 0x71155c1eb0, 3200, MSG_DONTWAIT, NULL, NULL) = -1 EAGAIN (Try again)
13965 1784103258.210689 recvfrom(42, "nysv\0\0\0\0\0\0\0\0\0\0\0\0\202\226W\f\303\2\0\0\241\300\2\0\0\0\0\0", 3200, MSG_DONTWAIT, NULL, NULL) = 32
13965 1784103258.210703 recvfrom(42, 0x7fefc89590, 3200, MSG_DONTWAIT, NULL, NULL) = -1 EAGAIN (Try again)
13965 1784103258.210730 recvfrom(42, 0x7fefc894f0, 3200, MSG_DONTWAIT, NULL, NULL) = -1 EAGAIN (Try again)
13987 1784103258.210825 recvfrom(43, "nysv\0\0\0\0\0\0\0\0\0\0\0\0\202\226W\f\303\2\0\0\241\300\2\0\0\0\0\0", 3200, MSG_DONTWAIT, NULL, NULL) = 32
13987 1784103258.211344 recvfrom(43, 0x71155c1c80, 3200, MSG_DONTWAIT, NULL, NULL) = -1 EAGAIN (Try again)
13987 1784103258.220826 recvfrom(43, 0x71155c1eb0, 3200, MSG_DONTWAIT, NULL, NULL) = -1 EAGAIN (Try again)
13965 1784103258.224825 recvfrom(42, "nysv\0\0\0\0\0\0\0\0\0\0\0\089V\r\303\2\0\0\242\300\2\0\0\0\0\0", 3200, MSG_DONTWAIT, NULL, NULL) = 32
13965 1784103258.224840 recvfrom(42, 0x7fefc89590, 3200, MSG_DONTWAIT, NULL, NULL) = -1 EAGAIN (Try again)
13987 1784103258.224854 recvfrom(43,  <unfinished ...>
13965 1784103258.224878 recvfrom(42, 0x7fefc894f0, 3200, MSG_DONTWAIT, NULL, NULL) = -1 EAGAIN (Try again)
13987 1784103258.225071 <... recvfrom resumed> "nysv\0\0\0\0\0\0\0\0\0\0\0\089V\r\303\2\0\0\242\300\2\0\0\0\0\0", 3200, MSG_DONTWAIT, NULL, NULL) = 32
13987 1784103258.225308 recvfrom(43, 0x71155c1c80, 3200, MSG_DONTWAIT, NULL, NULL) = -1 EAGAIN (Try again)
13987 1784103258.238000 recvfrom(43, 0x71155c1eb0, 3200, MSG_DONTWAIT, NULL, NULL) = -1 EAGAIN (Try again)
13965 1784103258.242356 recvfrom(42, "nysv\0\0\0\0\0\0\0\0\0\0\0\0F\237T\16\303\2\0\0\243\300\2\0\0\0\0\0", 3200, MSG_DONTWAIT, NULL, NULL) = 32
13965 1784103258.242381 recvfrom(42, 0x7fefc89590, 3200, MSG_DONTWAIT, NULL, NULL) = -1 EAGAIN (Try again)
13987 1784103258.242523 recvfrom(43, "nysv\0\0\0\0\0\0\0\0\0\0\0\0F\237T\16\303\2\0\0\243\300\2\0\0\0\0\0", 3200, MSG_DONTWAIT, NULL, NULL) = 32
13987 1784103258.242816 recvfrom(43, 0x71155c1c80, 3200, MSG_DONTWAIT, NULL, NULL) = -1 EAGAIN (Try again)
13987 1784103258.260734 recvfrom(43, "nysv\0\0\0\0\0\0\0\0\0\0\0\0\310\271R\17\303\2\0\0\244\300\2\0\0\0\0\0", 3200, MSG_DONTWAIT, NULL, NULL) = 32
13987 1784103258.261123 recvfrom(43, 0x71155c1c80, 3200, MSG_DONTWAIT, NULL, NULL) = -1 EAGAIN (Try again)
13985 1784103259.853363 clone(child_stack=0x711159bd40, flags=CLONE_VM|CLONE_FS|CLONE_FILES|CLONE_SIGHAND|CLONE_THREAD|CLONE_SYSVSEM|CLONE_SETTLS|CLONE_PARENT_SETTID|CLONE_CHILD_CLEARTID, parent_tidptr=0x711159bd60, tls=0x711159c020, child_tidptr=0x711159bd60) = 14331
14331 1784103259.855770 openat(AT_FDCWD, "/proc/14331/timerslack_ns", O_WRONLY|O_CREAT|O_TRUNC|O_NOFOLLOW|O_CLOEXEC, 0666) = 70
13965 1784103279.029476 recvfrom(45, "\2\0\0\0\0\0\0\0\t\23\0\0\0\0\0\0@jP\345\307\2\0\0\1\0\0\0\2\20\0\0"..., 2272, MSG_DONTWAIT, NULL, NULL) = 232
13965 1784103279.029631 sendto(45, "\3\0\0\0\0\0\0\0\t\23\0\0\1\0\0\0", 16, MSG_DONTWAIT|MSG_NOSIGNAL, NULL, 0) = 16
13965 1784103279.029655 recvfrom(45, 0x71a5c2bc20, 2272, MSG_DONTWAIT, NULL, NULL) = -1 EAGAIN (Try again)
13965 1784103279.029935 recvfrom(45, "\2\0\0\0\0\0\0\0\v\23\0\0\0\0\0\0@jP\345\307\2\0\0\1\0\0\0\2\20\0\0"..., 2272, MSG_DONTWAIT, NULL, NULL) = 232
13965 1784103279.030031 recvfrom(42, 0x7fefc85dc0, 3200, MSG_DONTWAIT, NULL, NULL) = -1 EAGAIN (Try again)
13965 1784103279.031796 sendto(45, "\3\0\0\0\0\0\0\0\v\23\0\0\1\0\0\0", 16, MSG_DONTWAIT|MSG_NOSIGNAL, NULL, 0) = 16
13965 1784103279.031842 recvfrom(45, 0x71a5c2bc20, 2272, MSG_DONTWAIT, NULL, NULL) = -1 EAGAIN (Try again)
14000 1784103279.032517 sendmsg(68, {msg_name=NULL, msg_namelen=0, msg_iov=[{iov_base="l\1\1\1\374\0\0\0d\0\0\0\235\0\0\0\1\1o\0;\0\0\0/re/frid"..., iov_len=428}], msg_iovlen=1, msg_controllen=0, msg_flags=0}, MSG_NOSIGNAL) = 428
14000 1784103279.034103 sendmsg(68, {msg_name=NULL, msg_namelen=0, msg_iov=[{iov_base="l\1\1\1\0\1\0\0e\0\0\0\235\0\0\0\1\1o\0;\0\0\0/re/frid"..., iov_len=432}], msg_iovlen=1, msg_controllen=0, msg_flags=0}, MSG_NOSIGNAL) = 432
13965 1784103279.042385 recvfrom(42, "nysv\0\0\0\0\0\0\0\0\0\0\0\0O\357\32\346\307\2\0\0y\305\2\0\0\0\0\0", 3200, MSG_DONTWAIT, NULL, NULL) = 32
13965 1784103279.042399 recvfrom(42, 0x7fefc89590, 3200, MSG_DONTWAIT, NULL, NULL) = -1 EAGAIN (Try again)
13965 1784103279.042427 recvfrom(45, 0x71a5c2bc20, 2272, MSG_DONTWAIT, NULL, NULL) = -1 EAGAIN (Try again)
13965 1784103279.042479 recvfrom(42, 0x7fefc894f0, 3200, MSG_DONTWAIT, NULL, NULL) = -1 EAGAIN (Try again)
13987 1784103279.051748 recvfrom(43, 0x71155c1eb0, 3200, MSG_DONTWAIT, NULL, NULL) = -1 EAGAIN (Try again)
13987 1784103279.052386 recvfrom(43, 0x71155c1eb0, 3200, MSG_DONTWAIT, NULL, NULL) = -1 EAGAIN (Try again)
13965 1784103279.059255 recvfrom(42, "nysv\0\0\0\0\0\0\0\0\0\0\0\0\244]\31\347\307\2\0\0z\305\2\0\0\0\0\0", 3200, MSG_DONTWAIT, NULL, NULL) = 32
13965 1784103279.059269 recvfrom(42, 0x7fefc89590, 3200, MSG_DONTWAIT, NULL, NULL) = -1 EAGAIN (Try again)
13987 1784103279.059283 recvfrom(43,  <unfinished ...>
13965 1784103279.059350 recvfrom(45, 0x71a5c2bc20, 2272, MSG_DONTWAIT, NULL, NULL) = -1 EAGAIN (Try again)
13965 1784103279.059370 recvfrom(42, 0x7fefc894f0, 3200, MSG_DONTWAIT, NULL, NULL) = -1 EAGAIN (Try again)
13987 1784103279.059472 <... recvfrom resumed> "nysv\0\0\0\0\0\0\0\0\0\0\0\0\244]\31\347\307\2\0\0z\305\2\0\0\0\0\0", 3200, MSG_DONTWAIT, NULL, NULL) = 32
13987 1784103279.059715 recvfrom(43, 0x71155c1c80, 3200, MSG_DONTWAIT, NULL, NULL) = -1 EAGAIN (Try again)
13987 1784103279.070271 recvfrom(43, 0x71155c1eb0, 3200, MSG_DONTWAIT, NULL, NULL) = -1 EAGAIN (Try again)
13965 1784103279.076548 recvfrom(42, "nysv\0\0\0\0\0\0\0\0\0\0\0\0001\223\27\350\307\2\0\0{\305\2\0\0\0\0\0", 3200, MSG_DONTWAIT, NULL, NULL) = 32
13965 1784103279.076567 recvfrom(42, 0x7fefc89590, 3200, MSG_DONTWAIT, NULL, NULL) = -1 EAGAIN (Try again)
13987 1784103279.076582 recvfrom(43,  <unfinished ...>
13965 1784103279.076617 recvfrom(42, 0x7fefc88940, 3200, MSG_DONTWAIT, NULL, NULL) = -1 EAGAIN (Try again)
13987 1784103279.076822 <... recvfrom resumed> "nysv\0\0\0\0\0\0\0\0\0\0\0\0001\223\27\350\307\2\0\0{\305\2\0\0\0\0\0", 3200, MSG_DONTWAIT, NULL, NULL) = 32
13987 1784103279.076961 recvfrom(43, 0x71155c1c80, 3200, MSG_DONTWAIT, NULL, NULL) = -1 EAGAIN (Try again)
13987 1784103279.086267 recvfrom(43, 0x71155c1eb0, 3200, MSG_DONTWAIT, NULL, NULL) = -1 EAGAIN (Try again)
13965 1784103279.094323 recvfrom(42, "nysv\0\0\0\0\0\0\0\0\0\0\0\0'\206\25\351\307\2\0\0|\305\2\0\0\0\0\0", 3200, MSG_DONTWAIT, NULL, NULL) = 32
13965 1784103279.094340 recvfrom(42, 0x7fefc89590, 3200, MSG_DONTWAIT, NULL, NULL) = -1 EAGAIN (Try again)
13965 1784103279.094372 recvfrom(45,  <unfinished ...>
13987 1784103279.094376 recvfrom(43,  <unfinished ...>
13965 1784103279.094421 <... recvfrom resumed> 0x71a5c2bc20, 2272, MSG_DONTWAIT, NULL, NULL) = -1 EAGAIN (Try again)
13965 1784103279.094449 recvfrom(42, 0x7fefc88940, 3200, MSG_DONTWAIT, NULL, NULL) = -1 EAGAIN (Try again)
13987 1784103279.094629 <... recvfrom resumed> "nysv\0\0\0\0\0\0\0\0\0\0\0\0'\206\25\351\307\2\0\0|\305\2\0\0\0\0\0", 3200, MSG_DONTWAIT, NULL, NULL) = 32
13987 1784103279.094785 recvfrom(43, 0x71155c1c80, 3200, MSG_DONTWAIT, NULL, NULL) = -1 EAGAIN (Try again)
14000 1784103279.099916 sendmsg(68, {msg_name=NULL, msg_namelen=0, msg_iov=[{iov_base="l\1\1\1\374\0\0\0f\0\0\0\235\0\0\0\1\1o\0;\0\0\0/re/frid"..., iov_len=428}], msg_iovlen=1, msg_controllen=0, msg_flags=0}, MSG_NOSIGNAL) = 428
14000 1784103279.101182 sendmsg(68, {msg_name=NULL, msg_namelen=0, msg_iov=[{iov_base="l\1\1\1\0\1\0\0g\0\0\0\235\0\0\0\1\1o\0;\0\0\0/re/frid"..., iov_len=432}], msg_iovlen=1, msg_controllen=0, msg_flags=0}, MSG_NOSIGNAL) = 432
13987 1784103279.107162 recvfrom(43, 0x71155c1eb0, 3200, MSG_DONTWAIT, NULL, NULL) = -1 EAGAIN (Try again)
13965 1784103279.108653 recvfrom(42, "nysv\0\0\0\0\0\0\0\0\0\0\0\0\374\21\24\352\307\2\0\0}\305\2\0\0\0\0\0", 3200, MSG_DONTWAIT, NULL, NULL) = 32
13965 1784103279.108672 recvfrom(42, 0x7fefc89590, 3200, MSG_DONTWAIT, NULL, NULL) = -1 EAGAIN (Try again)
13965 1784103279.108701 recvfrom(45, 0x71a5c2bc20, 2272, MSG_DONTWAIT, NULL, NULL) = -1 EAGAIN (Try again)
13987 1784103279.108724 recvfrom(43,  <unfinished ...>
13965 1784103279.108759 recvfrom(42, 0x7fefc894f0, 3200, MSG_DONTWAIT, NULL, NULL) = -1 EAGAIN (Try again)
13987 1784103279.108969 <... recvfrom resumed> "nysv\0\0\0\0\0\0\0\0\0\0\0\0\374\21\24\352\307\2\0\0}\305\2\0\0\0\0\0", 3200, MSG_DONTWAIT, NULL, NULL) = 32
13987 1784103279.109119 recvfrom(43, 0x71155c1c80, 3200, MSG_DONTWAIT, NULL, NULL) = -1 EAGAIN (Try again)
13987 1784103279.118501 recvfrom(43, 0x71155c1eb0, 3200, MSG_DONTWAIT, NULL, NULL) = -1 EAGAIN (Try again)
13965 1784103279.124828 recvfrom(42, "nysv\0\0\0\0\0\0\0\0\0\0\0\0\6\265\22\353\307\2\0\0~\305\2\0\0\0\0\0", 3200, MSG_DONTWAIT, NULL, NULL) = 32
13987 1784103279.124851 recvfrom(43,  <unfinished ...>
13965 1784103279.124861 recvfrom(42, 0x7fefc89590, 3200, MSG_DONTWAIT, NULL, NULL) = -1 EAGAIN (Try again)
13965 1784103279.124909 recvfrom(42, 0x7fefc88940, 3200, MSG_DONTWAIT, NULL, NULL) = -1 EAGAIN (Try again)
13987 1784103279.125206 <... recvfrom resumed> "nysv\0\0\0\0\0\0\0\0\0\0\0\0\6\265\22\353\307\2\0\0~\305\2\0\0\0\0\0", 3200, MSG_DONTWAIT, NULL, NULL) = 32
13987 1784103279.125369 recvfrom(43, 0x71155c1c80, 3200, MSG_DONTWAIT, NULL, NULL) = -1 EAGAIN (Try again)
13987 1784103279.135264 recvfrom(43, 0x71155c1eb0, 3200, MSG_DONTWAIT, NULL, NULL) = -1 EAGAIN (Try again)
13965 1784103279.141716 recvfrom(42, "nysv\0\0\0\0\0\0\0\0\0\0\0\0\361F\21\354\307\2\0\0\177\305\2\0\0\0\0\0", 3200, MSG_DONTWAIT, NULL, NULL) = 32
13965 1784103279.141735 recvfrom(42, 0x7fefc89590, 3200, MSG_DONTWAIT, NULL, NULL) = -1 EAGAIN (Try again)
13965 1784103279.141757 recvfrom(45,  <unfinished ...>
13987 1784103279.141760 recvfrom(43,  <unfinished ...>
13965 1784103279.141770 <... recvfrom resumed> 0x71a5c2bc20, 2272, MSG_DONTWAIT, NULL, NULL) = -1 EAGAIN (Try again)
13965 1784103279.141791 recvfrom(42, 0x7fefc88940, 3200, MSG_DONTWAIT, NULL, NULL) = -1 EAGAIN (Try again)
13987 1784103279.142055 <... recvfrom resumed> "nysv\0\0\0\0\0\0\0\0\0\0\0\0\361F\21\354\307\2\0\0\177\305\2\0\0\0\0\0", 3200, MSG_DONTWAIT, NULL, NULL) = 32
13987 1784103279.142183 recvfrom(43, 0x71155c1c80, 3200, MSG_DONTWAIT, NULL, NULL) = -1 EAGAIN (Try again)
13987 1784103279.152111 recvfrom(43, 0x71155c1eb0, 3200, MSG_DONTWAIT, NULL, NULL) = -1 EAGAIN (Try again)
13965 1784103279.159715 recvfrom(42, "nysv\0\0\0\0\0\0\0\0\0\0\0\0\335\207\17\355\307\2\0\0\200\305\2\0\0\0\0\0", 3200, MSG_DONTWAIT, NULL, NULL) = 32
13965 1784103279.159730 recvfrom(42, 0x7fefc89590, 3200, MSG_DONTWAIT, NULL, NULL) = -1 EAGAIN (Try again)
13965 1784103279.159754 recvfrom(45, 0x71a5c2bc20, 2272, MSG_DONTWAIT, NULL, NULL) = -1 EAGAIN (Try again)
13965 1784103279.159774 recvfrom(42, 0x7fefc88940, 3200, MSG_DONTWAIT, NULL, NULL) = -1 EAGAIN (Try again)
13987 1784103279.159792 recvfrom(43, "nysv\0\0\0\0\0\0\0\0\0\0\0\0\335\207\17\355\307\2\0\0\200\305\2\0\0\0\0\0", 3200, MSG_DONTWAIT, NULL, NULL) = 32
13987 1784103279.160204 recvfrom(43, 0x71155c1c80, 3200, MSG_DONTWAIT, NULL, NULL) = -1 EAGAIN (Try again)
13987 1784103279.170112 recvfrom(43, 0x71155c1eb0, 3200, MSG_DONTWAIT, NULL, NULL) = -1 EAGAIN (Try again)
13965 1784103279.176039 recvfrom(42, "nysv\0\0\0\0\0\0\0\0\0\0\0\0\363\332\r\356\307\2\0\0\201\305\2\0\0\0\0\0", 3200, MSG_DONTWAIT, NULL, NULL) = 32
13965 1784103279.176055 recvfrom(42, 0x7fefc89590, 3200, MSG_DONTWAIT, NULL, NULL) = -1 EAGAIN (Try again)
13965 1784103279.176081 recvfrom(45, 0x71a5c2bc20, 2272, MSG_DONTWAIT, NULL, NULL) = -1 EAGAIN (Try again)
13965 1784103279.176112 recvfrom(42, 0x7fefc88940, 3200, MSG_DONTWAIT, NULL, NULL) = -1 EAGAIN (Try again)
13987 1784103279.176160 recvfrom(43, "nysv\0\0\0\0\0\0\0\0\0\0\0\0\363\332\r\356\307\2\0\0\201\305\2\0\0\0\0\0", 3200, MSG_DONTWAIT, NULL, NULL) = 32
13987 1784103279.176595 recvfrom(43, 0x71155c1c80, 3200, MSG_DONTWAIT, NULL, NULL) = -1 EAGAIN (Try again)
13987 1784103279.186349 recvfrom(43, 0x71155c1eb0, 3200, MSG_DONTWAIT, NULL, NULL) = -1 EAGAIN (Try again)
13965 1784103279.193201 recvfrom(42, "nysv\0\0\0\0\0\0\0\0\0\0\0\0\275\25\f\357\307\2\0\0\202\305\2\0\0\0\0\0", 3200, MSG_DONTWAIT, NULL, NULL) = 32
13965 1784103279.193219 recvfrom(42, 0x7fefc89590, 3200, MSG_DONTWAIT, NULL, NULL) = -1 EAGAIN (Try again)
13965 1784103279.193241 recvfrom(45, 0x71a5c2bc20, 2272, MSG_DONTWAIT, NULL, NULL) = -1 EAGAIN (Try again)
13965 1784103279.193260 recvfrom(42, 0x7fefc88940, 3200, MSG_DONTWAIT, NULL, NULL) = -1 EAGAIN (Try again)
13987 1784103279.193286 recvfrom(43, "nysv\0\0\0\0\0\0\0\0\0\0\0\0\275\25\f\357\307\2\0\0\202\305\2\0\0\0\0\0", 3200, MSG_DONTWAIT, NULL, NULL) = 32
13987 1784103279.193630 recvfrom(43, 0x71155c1c80, 3200, MSG_DONTWAIT, NULL, NULL) = -1 EAGAIN (Try again)
13987 1784103279.203874 recvfrom(43, 0x71155c1eb0, 3200, MSG_DONTWAIT, NULL, NULL) = -1 EAGAIN (Try again)
13965 1784103279.208666 recvfrom(42, "nysv\0\0\0\0\0\0\0\0\0\0\0\0\253\227\n\360\307\2\0\0\203\305\2\0\0\0\0\0", 3200, MSG_DONTWAIT, NULL, NULL) = 32
13965 1784103279.208682 recvfrom(42, 0x7fefc89590, 3200, MSG_DONTWAIT, NULL, NULL) = -1 EAGAIN (Try again)
13965 1784103279.208704 recvfrom(45, 0x71a5c2bc20, 2272, MSG_DONTWAIT, NULL, NULL) = -1 EAGAIN (Try again)
13987 1784103279.208723 recvfrom(43,  <unfinished ...>
13965 1784103279.208735 recvfrom(42, 0x7fefc888b0, 3200, MSG_DONTWAIT, NULL, NULL) = -1 EAGAIN (Try again)
13987 1784103279.208783 <... recvfrom resumed> "nysv\0\0\0\0\0\0\0\0\0\0\0\0\253\227\n\360\307\2\0\0\203\305\2\0\0\0\0\0", 3200, MSG_DONTWAIT, NULL, NULL) = 32
13987 1784103279.209052 recvfrom(43, 0x71155c1c80, 3200, MSG_DONTWAIT, NULL, NULL) = -1 EAGAIN (Try again)
13987 1784103279.218418 recvfrom(43, 0x71155c1eb0, 3200, MSG_DONTWAIT, NULL, NULL) = -1 EAGAIN (Try again)
13965 1784103279.225914 recvfrom(42, "nysv\0\0\0\0\0\0\0\0\0\0\0\0\365\370\10\361\307\2\0\0\204\305\2\0\0\0\0\0", 3200, MSG_DONTWAIT, NULL, NULL) = 32
13965 1784103279.225933 recvfrom(42, 0x7fefc89590, 3200, MSG_DONTWAIT, NULL, NULL) = -1 EAGAIN (Try again)
13965 1784103279.225977 recvfrom(45, 0x71a5c2bc20, 2272, MSG_DONTWAIT, NULL, NULL) = -1 EAGAIN (Try again)
13965 1784103279.225994 recvfrom(42, 0x7fefc894f0, 3200, MSG_DONTWAIT, NULL, NULL) = -1 EAGAIN (Try again)
13987 1784103279.226222 recvfrom(43, "nysv\0\0\0\0\0\0\0\0\0\0\0\0\365\370\10\361\307\2\0\0\204\305\2\0\0\0\0\0", 3200, MSG_DONTWAIT, NULL, NULL) = 32
13987 1784103279.226556 recvfrom(43, 0x71155c1c80, 3200, MSG_DONTWAIT, NULL, NULL) = -1 EAGAIN (Try again)
13987 1784103279.237336 recvfrom(43, 0x71155c1eb0, 3200, MSG_DONTWAIT, NULL, NULL) = -1 EAGAIN (Try again)
13965 1784103279.242171 recvfrom(42, "nysv\0\0\0\0\0\0\0\0\0\0\0\0\352{\7\362\307\2\0\0\205\305\2\0\0\0\0\0", 3200, MSG_DONTWAIT, NULL, NULL) = 32
13965 1784103279.242189 recvfrom(42, 0x7fefc89590, 3200, MSG_DONTWAIT, NULL, NULL) = -1 EAGAIN (Try again)
13965 1784103279.242221 recvfrom(42, 0x7fefc894f0, 3200, MSG_DONTWAIT, NULL, NULL) = -1 EAGAIN (Try again)
13987 1784103279.242367 recvfrom(43, "nysv\0\0\0\0\0\0\0\0\0\0\0\0\352{\7\362\307\2\0\0\205\305\2\0\0\0\0\0", 3200, MSG_DONTWAIT, NULL, NULL) = 32
13987 1784103279.242726 recvfrom(43, 0x71155c1c80, 3200, MSG_DONTWAIT, NULL, NULL) = -1 EAGAIN (Try again)
13987 1784103279.252755 recvfrom(43, 0x71155c1eb0, 3200, MSG_DONTWAIT, NULL, NULL) = -1 EAGAIN (Try again)
13965 1784103279.259945 recvfrom(42, "nysv\0\0\0\0\0\0\0\0\0\0\0\0A\262\5\363\307\2\0\0\206\305\2\0\0\0\0\0", 3200, MSG_DONTWAIT, NULL, NULL) = 32
13965 1784103279.259960 recvfrom(42, 0x7fefc89590, 3200, MSG_DONTWAIT, NULL, NULL) = -1 EAGAIN (Try again)
13965 1784103279.259989 recvfrom(42, 0x7fefc894f0, 3200, MSG_DONTWAIT, NULL, NULL) = -1 EAGAIN (Try again)
13987 1784103279.260017 recvfrom(43, "nysv\0\0\0\0\0\0\0\0\0\0\0\0A\262\5\363\307\2\0\0\206\305\2\0\0\0\0\0", 3200, MSG_DONTWAIT, NULL, NULL) = 32
13987 1784103279.260312 recvfrom(43, 0x71155c1c80, 3200, MSG_DONTWAIT, NULL, NULL) = -1 EAGAIN (Try again)
13987 1784103279.270381 recvfrom(43, 0x71155c1eb0, 3200, MSG_DONTWAIT, NULL, NULL) = -1 EAGAIN (Try again)
13965 1784103279.277082 recvfrom(42, "nysv\0\0\0\0\0\0\0\0\0\0\0\0\377\307\3\364\307\2\0\0\207\305\2\0\0\0\0\0", 3200, MSG_DONTWAIT, NULL, NULL) = 32
13965 1784103279.277096 recvfrom(42, 0x7fefc89590, 3200, MSG_DONTWAIT, NULL, NULL) = -1 EAGAIN (Try again)
13987 1784103279.277132 recvfrom(43,  <unfinished ...>
13965 1784103279.277164 recvfrom(42, 0x7fefc894f0, 3200, MSG_DONTWAIT, NULL, NULL) = -1 EAGAIN (Try again)
13987 1784103279.277412 <... recvfrom resumed> "nysv\0\0\0\0\0\0\0\0\0\0\0\0\377\307\3\364\307\2\0\0\207\305\2\0\0\0\0\0", 3200, MSG_DONTWAIT, NULL, NULL) = 32
13987 1784103279.277582 recvfrom(43, 0x71155c1c80, 3200, MSG_DONTWAIT, NULL, NULL) = -1 EAGAIN (Try again)
13987 1784103279.288893 recvfrom(43, 0x71155c1eb0, 3200, MSG_DONTWAIT, NULL, NULL) = -1 EAGAIN (Try again)
13965 1784103279.292152 recvfrom(42, "nysv\0\0\0\0\0\0\0\0\0\0\0\0qE\2\365\307\2\0\0\210\305\2\0\0\0\0\0", 3200, MSG_DONTWAIT, NULL, NULL) = 32
13965 1784103279.292175 recvfrom(42, 0x7fefc89590, 3200, MSG_DONTWAIT, NULL, NULL) = -1 EAGAIN (Try again)
13965 1784103279.292205 recvfrom(42, 0x7fefc894f0, 3200, MSG_DONTWAIT, NULL, NULL) = -1 EAGAIN (Try again)
13987 1784103279.292225 recvfrom(43, "nysv\0\0\0\0\0\0\0\0\0\0\0\0qE\2\365\307\2\0\0\210\305\2\0\0\0\0\0", 3200, MSG_DONTWAIT, NULL, NULL) = 32
13987 1784103279.292568 recvfrom(43, 0x71155c1c80, 3200, MSG_DONTWAIT, NULL, NULL) = -1 EAGAIN (Try again)
13987 1784103279.303269 recvfrom(43, 0x71155c1eb0, 3200, MSG_DONTWAIT, NULL, NULL) = -1 EAGAIN (Try again)
13965 1784103279.310034 recvfrom(42, "nysv\0\0\0\0\0\0\0\0\0\0\0\0\265|\0\366\307\2\0\0\211\305\2\0\0\0\0\0", 3200, MSG_DONTWAIT, NULL, NULL) = 32
13965 1784103279.310048 recvfrom(42, 0x7fefc89590, 3200, MSG_DONTWAIT, NULL, NULL) = -1 EAGAIN (Try again)
13987 1784103279.310199 recvfrom(43,  <unfinished ...>
13965 1784103279.310246 recvfrom(42, 0x7fefc894f0, 3200, MSG_DONTWAIT, NULL, NULL) = -1 EAGAIN (Try again)
13987 1784103279.310270 <... recvfrom resumed> "nysv\0\0\0\0\0\0\0\0\0\0\0\0\265|\0\366\307\2\0\0\211\305\2\0\0\0\0\0", 3200, MSG_DONTWAIT, NULL, NULL) = 32
13987 1784103279.310465 recvfrom(43, 0x71155c1c80, 3200, MSG_DONTWAIT, NULL, NULL) = -1 EAGAIN (Try again)
13987 1784103279.320203 recvfrom(43, 0x71155c1eb0, 3200, MSG_DONTWAIT, NULL, NULL) = -1 EAGAIN (Try again)
13965 1784103279.325658 recvfrom(42, "nysv\0\0\0\0\0\0\0\0\0\0\0\0\207\350\376\366\307\2\0\0\212\305\2\0\0\0\0\0", 3200, MSG_DONTWAIT, NULL, NULL) = 32
13965 1784103279.325671 recvfrom(42, 0x7fefc89590, 3200, MSG_DONTWAIT, NULL, NULL) = -1 EAGAIN (Try again)
13965 1784103279.325695 recvfrom(42, 0x7fefc894f0, 3200, MSG_DONTWAIT, NULL, NULL) = -1 EAGAIN (Try again)
13987 1784103279.325703 recvfrom(43, "nysv\0\0\0\0\0\0\0\0\0\0\0\0\207\350\376\366\307\2\0\0\212\305\2\0\0\0\0\0", 3200, MSG_DONTWAIT, NULL, NULL) = 32
13987 1784103279.326149 recvfrom(43, 0x71155c1c80, 3200, MSG_DONTWAIT, NULL, NULL) = -1 EAGAIN (Try again)
13987 1784103279.337272 recvfrom(43, 0x71155c1eb0, 3200, MSG_DONTWAIT, NULL, NULL) = -1 EAGAIN (Try again)
13965 1784103279.342159 recvfrom(42, "nysv\0\0\0\0\0\0\0\0\0\0\0\0Jc\375\367\307\2\0\0\213\305\2\0\0\0\0\0", 3200, MSG_DONTWAIT, NULL, NULL) = 32
13965 1784103279.342174 recvfrom(42, 0x7fefc89590, 3200, MSG_DONTWAIT, NULL, NULL) = -1 EAGAIN (Try again)
13965 1784103279.342206 recvfrom(42, 0x7fefc894f0, 3200, MSG_DONTWAIT, NULL, NULL) = -1 EAGAIN (Try again)
13987 1784103279.342215 recvfrom(43, "nysv\0\0\0\0\0\0\0\0\0\0\0\0Jc\375\367\307\2\0\0\213\305\2\0\0\0\0\0", 3200, MSG_DONTWAIT, NULL, NULL) = 32
13987 1784103279.342536 recvfrom(43, 0x71155c1c80, 3200, MSG_DONTWAIT, NULL, NULL) = -1 EAGAIN (Try again)
13987 1784103279.354228 recvfrom(43, 0x71155c1eb0, 3200, MSG_DONTWAIT, NULL, NULL) = -1 EAGAIN (Try again)
13965 1784103279.358663 recvfrom(42, "nysv\0\0\0\0\0\0\0\0\0\0\0\0g\341\373\370\307\2\0\0\214\305\2\0\0\0\0\0", 3200, MSG_DONTWAIT, NULL, NULL) = 32
13965 1784103279.358682 recvfrom(42, 0x7fefc89590, 3200, MSG_DONTWAIT, NULL, NULL) = -1 EAGAIN (Try again)
13965 1784103279.358710 recvfrom(42, 0x7fefc894f0, 3200, MSG_DONTWAIT, NULL, NULL) = -1 EAGAIN (Try again)
13987 1784103279.358998 recvfrom(43, "nysv\0\0\0\0\0\0\0\0\0\0\0\0g\341\373\370\307\2\0\0\214\305\2\0\0\0\0\0", 3200, MSG_DONTWAIT, NULL, NULL) = 32
13987 1784103279.359400 recvfrom(43, 0x71155c1c80, 3200, MSG_DONTWAIT, NULL, NULL) = -1 EAGAIN (Try again)
13987 1784103279.370353 recvfrom(43, 0x71155c1eb0, 3200, MSG_DONTWAIT, NULL, NULL) = -1 EAGAIN (Try again)
13965 1784103279.375154 recvfrom(42, "nysv\0\0\0\0\0\0\0\0\0\0\0\0\314A\372\371\307\2\0\0\215\305\2\0\0\0\0\0", 3200, MSG_DONTWAIT, NULL, NULL) = 32
13965 1784103279.375172 recvfrom(42, 0x7fefc89590, 3200, MSG_DONTWAIT, NULL, NULL) = -1 EAGAIN (Try again)
13965 1784103279.375197 recvfrom(42, 0x7fefc894f0, 3200, MSG_DONTWAIT, NULL, NULL) = -1 EAGAIN (Try again)
13987 1784103279.375442 recvfrom(43, "nysv\0\0\0\0\0\0\0\0\0\0\0\0\314A\372\371\307\2\0\0\215\305\2\0\0\0\0\0", 3200, MSG_DONTWAIT, NULL, NULL) = 32
13987 1784103279.376059 recvfrom(43, 0x71155c1c80, 3200, MSG_DONTWAIT, NULL, NULL) = -1 EAGAIN (Try again)
13987 1784103279.386904 recvfrom(43, 0x71155c1eb0, 3200, MSG_DONTWAIT, NULL, NULL) = -1 EAGAIN (Try again)
13965 1784103279.392653 recvfrom(42, "nysv\0\0\0\0\0\0\0\0\0\0\0\0\35\234\370\372\307\2\0\0\216\305\2\0\0\0\0\0", 3200, MSG_DONTWAIT, NULL, NULL) = 32
13965 1784103279.392677 recvfrom(42, 0x7fefc89590, 3200, MSG_DONTWAIT, NULL, NULL) = -1 EAGAIN (Try again)
13987 1784103279.392707 recvfrom(43,  <unfinished ...>
13965 1784103279.392722 recvfrom(42, 0x7fefc894f0, 3200, MSG_DONTWAIT, NULL, NULL) = -1 EAGAIN (Try again)
13987 1784103279.392931 <... recvfrom resumed> "nysv\0\0\0\0\0\0\0\0\0\0\0\0\35\234\370\372\307\2\0\0\216\305\2\0\0\0\0\0", 3200, MSG_DONTWAIT, NULL, NULL) = 32
13987 1784103279.393100 recvfrom(43, 0x71155c1c80, 3200, MSG_DONTWAIT, NULL, NULL) = -1 EAGAIN (Try again)
13987 1784103279.404218 recvfrom(43, 0x71155c1eb0, 3200, MSG_DONTWAIT, NULL, NULL) = -1 EAGAIN (Try again)
13965 1784103279.408530 recvfrom(42, "nysv\0\0\0\0\0\0\0\0\0\0\0\0\2141\367\373\307\2\0\0\217\305\2\0\0\0\0\0", 3200, MSG_DONTWAIT, NULL, NULL) = 32
13965 1784103279.408545 recvfrom(42, 0x7fefc89590, 3200, MSG_DONTWAIT, NULL, NULL) = -1 EAGAIN (Try again)
13965 1784103279.408576 recvfrom(42, 0x7fefc894f0, 3200, MSG_DONTWAIT, NULL, NULL) = -1 EAGAIN (Try again)
13987 1784103279.408613 recvfrom(43, "nysv\0\0\0\0\0\0\0\0\0\0\0\0\2141\367\373\307\2\0\0\217\305\2\0\0\0\0\0", 3200, MSG_DONTWAIT, NULL, NULL) = 32
13987 1784103279.409037 recvfrom(43, 0x71155c1c80, 3200, MSG_DONTWAIT, NULL, NULL) = -1 EAGAIN (Try again)
13987 1784103279.420264 recvfrom(43, 0x71155c1eb0, 3200, MSG_DONTWAIT, NULL, NULL) = -1 EAGAIN (Try again)
13965 1784103279.425055 recvfrom(42, "nysv\0\0\0\0\0\0\0\0\0\0\0\0\301\313\365\374\307\2\0\0\220\305\2\0\0\0\0\0", 3200, MSG_DONTWAIT, NULL, NULL) = 32
13965 1784103279.425073 recvfrom(42, 0x7fefc89590, 3200, MSG_DONTWAIT, NULL, NULL) = -1 EAGAIN (Try again)
13987 1784103279.425088 recvfrom(43, "nysv\0\0\0\0\0\0\0\0\0\0\0\0\301\313\365\374\307\2\0\0\220\305\2\0\0\0\0\0", 3200, MSG_DONTWAIT, NULL, NULL) = 32
13987 1784103279.425418 recvfrom(43, 0x71155c1c80, 3200, MSG_DONTWAIT, NULL, NULL) = -1 EAGAIN (Try again)
13987 1784103279.443860 recvfrom(43, "nysv\0\0\0\0\0\0\0\0\0\0\0\0\242\0\364\375\307\2\0\0\221\305\2\0\0\0\0\0", 3200, MSG_DONTWAIT, NULL, NULL) = 32
13987 1784103279.444171 recvfrom(43, 0x71155c1c80, 3200, MSG_DONTWAIT, NULL, NULL) = -1 EAGAIN (Try again)
13965 1784103302.253229 recvfrom(45, "\2\0\0\0\0\0\0\0\17\23\0\0\0\0\0\0@\210\222M\315\2\0\0\1\0\0\0\2\20\0\0"..., 2272, MSG_DONTWAIT, NULL, NULL) = 232
13965 1784103302.253374 sendto(45, "\3\0\0\0\0\0\0\0\17\23\0\0\1\0\0\0", 16, MSG_DONTWAIT|MSG_NOSIGNAL, NULL, 0) = 16
13965 1784103302.253399 recvfrom(45, 0x71a5c2bc20, 2272, MSG_DONTWAIT, NULL, NULL) = -1 EAGAIN (Try again)
13965 1784103302.253674 recvfrom(45, "\2\0\0\0\0\0\0\0\21\23\0\0\0\0\0\0@\210\222M\315\2\0\0\1\0\0\0\2\20\0\0"..., 2272, MSG_DONTWAIT, NULL, NULL) = 232
13965 1784103302.253782 recvfrom(42, 0x7fefc85dc0, 3200, MSG_DONTWAIT, NULL, NULL) = -1 EAGAIN (Try again)
13965 1784103302.255248 sendto(45, "\3\0\0\0\0\0\0\0\21\23\0\0\1\0\0\0", 16, MSG_DONTWAIT|MSG_NOSIGNAL, NULL, 0) = 16
13965 1784103302.255284 recvfrom(45, 0x71a5c2bc20, 2272, MSG_DONTWAIT, NULL, NULL) = -1 EAGAIN (Try again)
14000 1784103302.255806 sendmsg(68, {msg_name=NULL, msg_namelen=0, msg_iov=[{iov_base="l\1\1\1\374\0\0\0h\0\0\0\235\0\0\0\1\1o\0;\0\0\0/re/frid"..., iov_len=428}], msg_iovlen=1, msg_controllen=0, msg_flags=0}, MSG_NOSIGNAL) = 428
14000 1784103302.257627 sendmsg(68, {msg_name=NULL, msg_namelen=0, msg_iov=[{iov_base="l\1\1\1\0\1\0\0i\0\0\0\235\0\0\0\1\1o\0;\0\0\0/re/frid"..., iov_len=432}], msg_iovlen=1, msg_controllen=0, msg_flags=0}, MSG_NOSIGNAL) = 432
13965 1784103302.258050 recvfrom(42, "nysv\0\0\0\0\0\0\0\0\0\0\0\0\300\247\355M\315\2\0\0\341\312\2\0\0\0\0\0", 3200, MSG_DONTWAIT, NULL, NULL) = 32
13965 1784103302.258068 recvfrom(42, 0x7fefc89590, 3200, MSG_DONTWAIT, NULL, NULL) = -1 EAGAIN (Try again)
13965 1784103302.258092 recvfrom(45, 0x71a5c2bc20, 2272, MSG_DONTWAIT, NULL, NULL) = -1 EAGAIN (Try again)
13965 1784103302.258108 recvfrom(42, 0x7fefc894f0, 3200, MSG_DONTWAIT, NULL, NULL) = -1 EAGAIN (Try again)
13986 1784103302.264865 openat(AT_FDCWD, "/data/misc/profiles/cur/0/ca.andries.portknocker/primary.prof", O_RDWR|O_NOFOLLOW|O_CLOEXEC) = 70
13986 1784103302.266191 newfstatat(AT_FDCWD, "/data/misc/profiles/cur/0/ca.andries.portknocker/primary.prof", {st_mode=S_IFREG|0600, st_size=6865, ...}, 0) = 0
13987 1784103302.269555 recvfrom(43, 0x71155c1eb0, 3200, MSG_DONTWAIT, NULL, NULL) = -1 EAGAIN (Try again)
13987 1784103302.270108 recvfrom(43, 0x71155c1eb0, 3200, MSG_DONTWAIT, NULL, NULL) = -1 EAGAIN (Try again)
13965 1784103302.276341 recvfrom(42, "nysv\0\0\0\0\0\0\0\0\0\0\0\0\230\347\353N\315\2\0\0\342\312\2\0\0\0\0\0", 3200, MSG_DONTWAIT, NULL, NULL) = 32
13965 1784103302.276369 recvfrom(42, 0x7fefc89590, 3200, MSG_DONTWAIT, NULL, NULL) = -1 EAGAIN (Try again)
13965 1784103302.276426 recvfrom(45, 0x71a5c2bc20, 2272, MSG_DONTWAIT, NULL, NULL) = -1 EAGAIN (Try again)
13965 1784103302.276461 recvfrom(42, 0x7fefc894f0, 3200, MSG_DONTWAIT, NULL, NULL) = -1 EAGAIN (Try again)
13987 1784103302.276499 recvfrom(43, "nysv\0\0\0\0\0\0\0\0\0\0\0\0\230\347\353N\315\2\0\0\342\312\2\0\0\0\0\0", 3200, MSG_DONTWAIT, NULL, NULL) = 32
13987 1784103302.276934 recvfrom(43, 0x71155c1c80, 3200, MSG_DONTWAIT, NULL, NULL) = -1 EAGAIN (Try again)
13987 1784103302.287855 recvfrom(43, 0x71155c1eb0, 3200, MSG_DONTWAIT, NULL, NULL) = -1 EAGAIN (Try again)
13965 1784103302.291830 recvfrom(42, "nysv\0\0\0\0\0\0\0\0\0\0\0\0002n\352O\315\2\0\0\343\312\2\0\0\0\0\0", 3200, MSG_DONTWAIT, NULL, NULL) = 32
13965 1784103302.291863 recvfrom(42, 0x7fefc89590, 3200, MSG_DONTWAIT, NULL, NULL) = -1 EAGAIN (Try again)
13965 1784103302.291904 recvfrom(42, 0x7fefc88940, 3200, MSG_DONTWAIT, NULL, NULL) = -1 EAGAIN (Try again)
13987 1784103302.291948 recvfrom(43, "nysv\0\0\0\0\0\0\0\0\0\0\0\0002n\352O\315\2\0\0\343\312\2\0\0\0\0\0", 3200, MSG_DONTWAIT, NULL, NULL) = 32
13987 1784103302.292134 recvfrom(43, 0x71155c1c80, 3200, MSG_DONTWAIT, NULL, NULL) = -1 EAGAIN (Try again)
13987 1784103302.301160 recvfrom(43, 0x71155c1eb0, 3200, MSG_DONTWAIT, NULL, NULL) = -1 EAGAIN (Try again)
13965 1784103302.310505 recvfrom(42, "nysv\0\0\0\0\0\0\0\0\0\0\0\0\212\201\350P\315\2\0\0\344\312\2\0\0\0\0\0", 3200, MSG_DONTWAIT, NULL, NULL) = 32
13965 1784103302.310522 recvfrom(42, 0x7fefc89590, 3200, MSG_DONTWAIT, NULL, NULL) = -1 EAGAIN (Try again)
13987 1784103302.310552 recvfrom(43,  <unfinished ...>
13965 1784103302.310564 recvfrom(45, 0x71a5c2bc20, 2272, MSG_DONTWAIT, NULL, NULL) = -1 EAGAIN (Try again)
13965 1784103302.310587 recvfrom(42, 0x7fefc88940, 3200, MSG_DONTWAIT, NULL, NULL) = -1 EAGAIN (Try again)
13987 1784103302.310706 <... recvfrom resumed> "nysv\0\0\0\0\0\0\0\0\0\0\0\0\212\201\350P\315\2\0\0\344\312\2\0\0\0\0\0", 3200, MSG_DONTWAIT, NULL, NULL) = 32
13987 1784103302.310846 recvfrom(43, 0x71155c1c80, 3200, MSG_DONTWAIT, NULL, NULL) = -1 EAGAIN (Try again)
14000 1784103302.321319 sendmsg(68, {msg_name=NULL, msg_namelen=0, msg_iov=[{iov_base="l\1\1\1\374\0\0\0j\0\0\0\235\0\0\0\1\1o\0;\0\0\0/re/frid"..., iov_len=428}], msg_iovlen=1, msg_controllen=0, msg_flags=0}, MSG_NOSIGNAL) = 428
13987 1784103302.321523 recvfrom(43, 0x71155c1eb0, 3200, MSG_DONTWAIT, NULL, NULL) = -1 EAGAIN (Try again)
14000 1784103302.322977 sendmsg(68, {msg_name=NULL, msg_namelen=0, msg_iov=[{iov_base="l\1\1\1\0\1\0\0k\0\0\0\235\0\0\0\1\1o\0;\0\0\0/re/frid"..., iov_len=432}], msg_iovlen=1, msg_controllen=0, msg_flags=0}, MSG_NOSIGNAL) = 432
13965 1784103302.325237 recvfrom(42, "nysv\0\0\0\0\0\0\0\0\0\0\0\0\317\1\347Q\315\2\0\0\345\312\2\0\0\0\0\0", 3200, MSG_DONTWAIT, NULL, NULL) = 32
13965 1784103302.325255 recvfrom(42, 0x7fefc89590, 3200, MSG_DONTWAIT, NULL, NULL) = -1 EAGAIN (Try again)
13965 1784103302.325274 recvfrom(45, 0x71a5c2bc20, 2272, MSG_DONTWAIT, NULL, NULL) = -1 EAGAIN (Try again)
13965 1784103302.325300 recvfrom(42, 0x7fefc894f0, 3200, MSG_DONTWAIT, NULL, NULL) = -1 EAGAIN (Try again)
13987 1784103302.325464 recvfrom(43, "nysv\0\0\0\0\0\0\0\0\0\0\0\0\317\1\347Q\315\2\0\0\345\312\2\0\0\0\0\0", 3200, MSG_DONTWAIT, NULL, NULL) = 32
13987 1784103302.325789 recvfrom(43, 0x71155c1c80, 3200, MSG_DONTWAIT, NULL, NULL) = -1 EAGAIN (Try again)
13987 1784103302.335356 recvfrom(43, 0x71155c1eb0, 3200, MSG_DONTWAIT, NULL, NULL) = -1 EAGAIN (Try again)
13965 1784103302.342111 recvfrom(42, "nysv\0\0\0\0\0\0\0\0\0\0\0\0|x\345R\315\2\0\0\346\312\2\0\0\0\0\0", 3200, MSG_DONTWAIT, NULL, NULL) = 32
13965 1784103302.342129 recvfrom(42, 0x7fefc89590, 3200, MSG_DONTWAIT, NULL, NULL) = -1 EAGAIN (Try again)
13987 1784103302.342177 recvfrom(43,  <unfinished ...>
13965 1784103302.342187 recvfrom(42, 0x7fefc88940, 3200, MSG_DONTWAIT, NULL, NULL) = -1 EAGAIN (Try again)
13987 1784103302.342318 <... recvfrom resumed> "nysv\0\0\0\0\0\0\0\0\0\0\0\0|x\345R\315\2\0\0\346\312\2\0\0\0\0\0", 3200, MSG_DONTWAIT, NULL, NULL) = 32
13987 1784103302.342492 recvfrom(43, 0x71155c1c80, 3200, MSG_DONTWAIT, NULL, NULL) = -1 EAGAIN (Try again)
13987 1784103302.352181 recvfrom(43, 0x71155c1eb0, 3200, MSG_DONTWAIT, NULL, NULL) = -1 EAGAIN (Try again)
13965 1784103302.358628 recvfrom(42, "nysv\0\0\0\0\0\0\0\0\0\0\0\0\207\362\343S\315\2\0\0\347\312\2\0\0\0\0\0", 3200, MSG_DONTWAIT, NULL, NULL) = 32
13965 1784103302.358658 recvfrom(42, 0x7fefc89590, 3200, MSG_DONTWAIT, NULL, NULL) = -1 EAGAIN (Try again)
13965 1784103302.358683 recvfrom(45, 0x71a5c2bc20, 2272, MSG_DONTWAIT, NULL, NULL) = -1 EAGAIN (Try again)
13965 1784103302.358704 recvfrom(42, 0x7fefc88940, 3200, MSG_DONTWAIT, NULL, NULL) = -1 EAGAIN (Try again)
13987 1784103302.358726 recvfrom(43, "nysv\0\0\0\0\0\0\0\0\0\0\0\0\207\362\343S\315\2\0\0\347\312\2\0\0\0\0\0", 3200, MSG_DONTWAIT, NULL, NULL) = 32
13987 1784103302.358955 recvfrom(43, 0x71155c1c80, 3200, MSG_DONTWAIT, NULL, NULL) = -1 EAGAIN (Try again)
13987 1784103302.368524 recvfrom(43, 0x71155c1eb0, 3200, MSG_DONTWAIT, NULL, NULL) = -1 EAGAIN (Try again)
13965 1784103302.376766 recvfrom(42, "nysv\0\0\0\0\0\0\0\0\0\0\0\0\243\21\342T\315\2\0\0\350\312\2\0\0\0\0\0", 3200, MSG_DONTWAIT, NULL, NULL) = 32
13965 1784103302.376784 recvfrom(42, 0x7fefc89590, 3200, MSG_DONTWAIT, NULL, NULL) = -1 EAGAIN (Try again)
13965 1784103302.376844 recvfrom(45, 0x71a5c2bc20, 2272, MSG_DONTWAIT, NULL, NULL) = -1 EAGAIN (Try again)
13965 1784103302.376868 recvfrom(42, 0x7fefc88940, 3200, MSG_DONTWAIT, NULL, NULL) = -1 EAGAIN (Try again)
13987 1784103302.377088 recvfrom(43, "nysv\0\0\0\0\0\0\0\0\0\0\0\0\243\21\342T\315\2\0\0\350\312\2\0\0\0\0\0", 3200, MSG_DONTWAIT, NULL, NULL) = 32
13987 1784103302.377377 recvfrom(43, 0x71155c1c80, 3200, MSG_DONTWAIT, NULL, NULL) = -1 EAGAIN (Try again)
13987 1784103302.386160 recvfrom(43, 0x71155c1eb0, 3200, MSG_DONTWAIT, NULL, NULL) = -1 EAGAIN (Try again)
13965 1784103302.392700 recvfrom(42, "nysv\0\0\0\0\0\0\0\0\0\0\0\0$f\340U\315\2\0\0\351\312\2\0\0\0\0\0", 3200, MSG_DONTWAIT, NULL, NULL) = 32
13965 1784103302.392714 recvfrom(42, 0x7fefc89590, 3200, MSG_DONTWAIT, NULL, NULL) = -1 EAGAIN (Try again)
13987 1784103302.392726 recvfrom(43,  <unfinished ...>
13965 1784103302.392763 recvfrom(45, 0x71a5c2bc20, 2272, MSG_DONTWAIT, NULL, NULL) = -1 EAGAIN (Try again)
13987 1784103302.392782 <... recvfrom resumed> "nysv\0\0\0\0\0\0\0\0\0\0\0\0$f\340U\315\2\0\0\351\312\2\0\0\0\0\0", 3200, MSG_DONTWAIT, NULL, NULL) = 32
13965 1784103302.392801 recvfrom(42, 0x7fefc88940, 3200, MSG_DONTWAIT, NULL, NULL) = -1 EAGAIN (Try again)
13987 1784103302.392846 recvfrom(43, 0x71155c1c80, 3200, MSG_DONTWAIT, NULL, NULL) = -1 EAGAIN (Try again)
13987 1784103302.403086 recvfrom(43, 0x71155c1eb0, 3200, MSG_DONTWAIT, NULL, NULL) = -1 EAGAIN (Try again)
13965 1784103302.409167 recvfrom(42, "nysv\0\0\0\0\0\0\0\0\0\0\0\0\325\307\336V\315\2\0\0\352\312\2\0\0\0\0\0", 3200, MSG_DONTWAIT, NULL, NULL) = 32
13965 1784103302.409185 recvfrom(42, 0x7fefc89590, 3200, MSG_DONTWAIT, NULL, NULL) = -1 EAGAIN (Try again)
13987 1784103302.409281 recvfrom(43,  <unfinished ...>
13965 1784103302.409307 recvfrom(45, 0x71a5c2bc20, 2272, MSG_DONTWAIT, NULL, NULL) = -1 EAGAIN (Try again)
13987 1784103302.409556 <... recvfrom resumed> "nysv\0\0\0\0\0\0\0\0\0\0\0\0\325\307\336V\315\2\0\0\352\312\2\0\0\0\0\0", 3200, MSG_DONTWAIT, NULL, NULL) = 32
13965 1784103302.409573 recvfrom(42, 0x7fefc88940, 3200, MSG_DONTWAIT, NULL, NULL) = -1 EAGAIN (Try again)
13987 1784103302.409695 recvfrom(43, 0x71155c1c80, 3200, MSG_DONTWAIT, NULL, NULL) = -1 EAGAIN (Try again)
13987 1784103302.418384 recvfrom(43, 0x71155c1eb0, 3200, MSG_DONTWAIT, NULL, NULL) = -1 EAGAIN (Try again)
13965 1784103302.425195 recvfrom(42, "nysv\0\0\0\0\0\0\0\0\0\0\0\0\303T\335W\315\2\0\0\353\312\2\0\0\0\0\0", 3200, MSG_DONTWAIT, NULL, NULL) = 32
13965 1784103302.425214 recvfrom(42, 0x7fefc89590, 3200, MSG_DONTWAIT, NULL, NULL) = -1 EAGAIN (Try again)
13965 1784103302.425240 recvfrom(45, 0x71a5c2bc20, 2272, MSG_DONTWAIT, NULL, NULL) = -1 EAGAIN (Try again)
13965 1784103302.425258 recvfrom(42, 0x7fefc888b0, 3200, MSG_DONTWAIT, NULL, NULL) = -1 EAGAIN (Try again)
13987 1784103302.426193 recvfrom(43, "nysv\0\0\0\0\0\0\0\0\0\0\0\0\303T\335W\315\2\0\0\353\312\2\0\0\0\0\0", 3200, MSG_DONTWAIT, NULL, NULL) = 32
13987 1784103302.427808 recvfrom(43, 0x71155c1c80, 3200, MSG_DONTWAIT, NULL, NULL) = -1 EAGAIN (Try again)
13987 1784103302.435758 recvfrom(43, 0x71155c1eb0, 3200, MSG_DONTWAIT, NULL, NULL) = -1 EAGAIN (Try again)
13965 1784103302.442621 recvfrom(42, "nysv\0\0\0\0\0\0\0\0\0\0\0\0\22\251\333X\315\2\0\0\354\312\2\0\0\0\0\0", 3200, MSG_DONTWAIT, NULL, NULL) = 32
13965 1784103302.442635 recvfrom(42, 0x7fefc89590, 3200, MSG_DONTWAIT, NULL, NULL) = -1 EAGAIN (Try again)
13965 1784103302.442657 recvfrom(45, 0x71a5c2bc20, 2272, MSG_DONTWAIT, NULL, NULL) = -1 EAGAIN (Try again)
13965 1784103302.442667 recvfrom(42, 0x7fefc894f0, 3200, MSG_DONTWAIT, NULL, NULL) = -1 EAGAIN (Try again)
13987 1784103302.443246 recvfrom(43, "nysv\0\0\0\0\0\0\0\0\0\0\0\0\22\251\333X\315\2\0\0\354\312\2\0\0\0\0\0", 3200, MSG_DONTWAIT, NULL, NULL) = 32
13987 1784103302.443399 recvfrom(43, 0x71155c1c80, 3200, MSG_DONTWAIT, NULL, NULL) = -1 EAGAIN (Try again)
13987 1784103302.453659 recvfrom(43, 0x71155c1eb0, 3200, MSG_DONTWAIT, NULL, NULL) = -1 EAGAIN (Try again)
13965 1784103302.460160 recvfrom(42, "nysv\0\0\0\0\0\0\0\0\0\0\0\0\202\320\331Y\315\2\0\0\355\312\2\0\0\0\0\0", 3200, MSG_DONTWAIT, NULL, NULL) = 32
13965 1784103302.460174 recvfrom(42, 0x7fefc89590, 3200, MSG_DONTWAIT, NULL, NULL) = -1 EAGAIN (Try again)
13965 1784103302.460204 recvfrom(42, 0x7fefc894f0, 3200, MSG_DONTWAIT, NULL, NULL) = -1 EAGAIN (Try again)
13987 1784103302.460533 recvfrom(43, "nysv\0\0\0\0\0\0\0\0\0\0\0\0\202\320\331Y\315\2\0\0\355\312\2\0\0\0\0\0", 3200, MSG_DONTWAIT, NULL, NULL) = 32
13987 1784103302.460862 recvfrom(43, 0x71155c1c80, 3200, MSG_DONTWAIT, NULL, NULL) = -1 EAGAIN (Try again)
13987 1784103302.469622 recvfrom(43, 0x71155c1eb0, 3200, MSG_DONTWAIT, NULL, NULL) = -1 EAGAIN (Try again)
13965 1784103302.476091 recvfrom(42, "nysv\0\0\0\0\0\0\0\0\0\0\0\0h \330Z\315\2\0\0\356\312\2\0\0\0\0\0", 3200, MSG_DONTWAIT, NULL, NULL) = 32
13965 1784103302.476111 recvfrom(42, 0x7fefc89590, 3200, MSG_DONTWAIT, NULL, NULL) = -1 EAGAIN (Try again)
13965 1784103302.476171 recvfrom(42, 0x7fefc894f0, 3200, MSG_DONTWAIT, NULL, NULL) = -1 EAGAIN (Try again)
13987 1784103302.476361 recvfrom(43, "nysv\0\0\0\0\0\0\0\0\0\0\0\0h \330Z\315\2\0\0\356\312\2\0\0\0\0\0", 3200, MSG_DONTWAIT, NULL, NULL) = 32
13987 1784103302.476751 recvfrom(43, 0x71155c1c80, 3200, MSG_DONTWAIT, NULL, NULL) = -1 EAGAIN (Try again)
13987 1784103302.487956 recvfrom(43, 0x71155c1eb0, 3200, MSG_DONTWAIT, NULL, NULL) = -1 EAGAIN (Try again)
13965 1784103302.492417 recvfrom(42, "nysv\0\0\0\0\0\0\0\0\0\0\0\0\37W\326[\315\2\0\0\357\312\2\0\0\0\0\0", 3200, MSG_DONTWAIT, NULL, NULL) = 32
13965 1784103302.492431 recvfrom(42, 0x7fefc89590, 3200, MSG_DONTWAIT, NULL, NULL) = -1 EAGAIN (Try again)
13965 1784103302.492462 recvfrom(42, 0x7fefc894f0, 3200, MSG_DONTWAIT, NULL, NULL) = -1 EAGAIN (Try again)
13987 1784103302.493024 recvfrom(43, "nysv\0\0\0\0\0\0\0\0\0\0\0\0\37W\326[\315\2\0\0\357\312\2\0\0\0\0\0", 3200, MSG_DONTWAIT, NULL, NULL) = 32
13987 1784103302.493250 recvfrom(43, 0x71155c1c80, 3200, MSG_DONTWAIT, NULL, NULL) = -1 EAGAIN (Try again)
13987 1784103302.504626 recvfrom(43, 0x71155c1eb0, 3200, MSG_DONTWAIT, NULL, NULL) = -1 EAGAIN (Try again)
13965 1784103302.508398 recvfrom(42, "nysv\0\0\0\0\0\0\0\0\0\0\0\0\n\366\324\\\315\2\0\0\360\312\2\0\0\0\0\0", 3200, MSG_DONTWAIT, NULL, NULL) = 32
13965 1784103302.508415 recvfrom(42, 0x7fefc89590, 3200, MSG_DONTWAIT, NULL, NULL) = -1 EAGAIN (Try again)
13987 1784103302.508490 recvfrom(43,  <unfinished ...>
13965 1784103302.508528 recvfrom(42, 0x7fefc894f0, 3200, MSG_DONTWAIT, NULL, NULL) = -1 EAGAIN (Try again)
13987 1784103302.508730 <... recvfrom resumed> "nysv\0\0\0\0\0\0\0\0\0\0\0\0\n\366\324\\\315\2\0\0\360\312\2\0\0\0\0\0", 3200, MSG_DONTWAIT, NULL, NULL) = 32
13987 1784103302.508866 recvfrom(43, 0x71155c1c80, 3200, MSG_DONTWAIT, NULL, NULL) = -1 EAGAIN (Try again)
13987 1784103302.519819 recvfrom(43, 0x71155c1eb0, 3200, MSG_DONTWAIT, NULL, NULL) = -1 EAGAIN (Try again)
13965 1784103302.526814 recvfrom(42, "nysv\0\0\0\0\0\0\0\0\0\0\0\0\316\27\323]\315\2\0\0\361\312\2\0\0\0\0\0", 3200, MSG_DONTWAIT, NULL, NULL) = 32
13965 1784103302.526828 recvfrom(42, 0x7fefc89590, 3200, MSG_DONTWAIT, NULL, NULL) = -1 EAGAIN (Try again)
13965 1784103302.526888 recvfrom(42, 0x7fefc894f0, 3200, MSG_DONTWAIT, NULL, NULL) = -1 EAGAIN (Try again)
13987 1784103302.527031 recvfrom(43, "nysv\0\0\0\0\0\0\0\0\0\0\0\0\316\27\323]\315\2\0\0\361\312\2\0\0\0\0\0", 3200, MSG_DONTWAIT, NULL, NULL) = 32
13987 1784103302.527374 recvfrom(43, 0x71155c1c80, 3200, MSG_DONTWAIT, NULL, NULL) = -1 EAGAIN (Try again)
13987 1784103302.536717 recvfrom(43, 0x71155c1eb0, 3200, MSG_DONTWAIT, NULL, NULL) = -1 EAGAIN (Try again)
13965 1784103302.542846 recvfrom(42, "nysv\0\0\0\0\0\0\0\0\0\0\0\0wb\321^\315\2\0\0\362\312\2\0\0\0\0\0", 3200, MSG_DONTWAIT, NULL, NULL) = 32
13965 1784103302.542890 recvfrom(42, 0x7fefc89590, 3200, MSG_DONTWAIT, NULL, NULL) = -1 EAGAIN (Try again)
13965 1784103302.542920 recvfrom(42, 0x7fefc894f0, 3200, MSG_DONTWAIT, NULL, NULL) = -1 EAGAIN (Try again)
13987 1784103302.542962 recvfrom(43, "nysv\0\0\0\0\0\0\0\0\0\0\0\0wb\321^\315\2\0\0\362\312\2\0\0\0\0\0", 3200, MSG_DONTWAIT, NULL, NULL) = 32
13987 1784103302.543256 recvfrom(43, 0x71155c1c80, 3200, MSG_DONTWAIT, NULL, NULL) = -1 EAGAIN (Try again)
13987 1784103302.553710 recvfrom(43, 0x71155c1eb0, 3200, MSG_DONTWAIT, NULL, NULL) = -1 EAGAIN (Try again)
13965 1784103302.559091 recvfrom(42, "nysv\0\0\0\0\0\0\0\0\0\0\0\0\275\301\317_\315\2\0\0\363\312\2\0\0\0\0\0", 3200, MSG_DONTWAIT, NULL, NULL) = 32
13965 1784103302.559113 recvfrom(42, 0x7fefc89590, 3200, MSG_DONTWAIT, NULL, NULL) = -1 EAGAIN (Try again)
13965 1784103302.559143 recvfrom(42, 0x7fefc894f0, 3200, MSG_DONTWAIT, NULL, NULL) = -1 EAGAIN (Try again)
13987 1784103302.559523 recvfrom(43, "nysv\0\0\0\0\0\0\0\0\0\0\0\0\275\301\317_\315\2\0\0\363\312\2\0\0\0\0\0", 3200, MSG_DONTWAIT, NULL, NULL) = 32
13987 1784103302.559864 recvfrom(43, 0x71155c1c80, 3200, MSG_DONTWAIT, NULL, NULL) = -1 EAGAIN (Try again)
13987 1784103302.570105 recvfrom(43, 0x71155c1eb0, 3200, MSG_DONTWAIT, NULL, NULL) = -1 EAGAIN (Try again)
13965 1784103302.576113 recvfrom(42, "nysv\0\0\0\0\0\0\0\0\0\0\0\0@\37\316`\315\2\0\0\364\312\2\0\0\0\0\0", 3200, MSG_DONTWAIT, NULL, NULL) = 32
13965 1784103302.576136 recvfrom(42, 0x7fefc89590, 3200, MSG_DONTWAIT, NULL, NULL) = -1 EAGAIN (Try again)
13987 1784103302.576156 recvfrom(43, "nysv\0\0\0\0\0\0\0\0\0\0\0\0@\37\316`\315\2\0\0\364\312\2\0\0\0\0\0", 3200, MSG_DONTWAIT, NULL, NULL) = 32
13965 1784103302.576291 recvfrom(42, 0x7fefc894f0, 3200, MSG_DONTWAIT, NULL, NULL) = -1 EAGAIN (Try again)
13987 1784103302.576399 recvfrom(43, 0x71155c1c80, 3200, MSG_DONTWAIT, NULL, NULL) = -1 EAGAIN (Try again)
13987 1784103302.586381 recvfrom(43, 0x71155c1eb0, 3200, MSG_DONTWAIT, NULL, NULL) = -1 EAGAIN (Try again)
13965 1784103302.592603 recvfrom(42, "nysv\0\0\0\0\0\0\0\0\0\0\0\0005{\314a\315\2\0\0\365\312\2\0\0\0\0\0", 3200, MSG_DONTWAIT, NULL, NULL) = 32
13965 1784103302.592625 recvfrom(42, 0x7fefc89590, 3200, MSG_DONTWAIT, NULL, NULL) = -1 EAGAIN (Try again)
13965 1784103302.592667 recvfrom(42, 0x7fefc894f0, 3200, MSG_DONTWAIT, NULL, NULL) = -1 EAGAIN (Try again)
13987 1784103302.592905 recvfrom(43, "nysv\0\0\0\0\0\0\0\0\0\0\0\0005{\314a\315\2\0\0\365\312\2\0\0\0\0\0", 3200, MSG_DONTWAIT, NULL, NULL) = 32
13987 1784103302.593287 recvfrom(43, 0x71155c1c80, 3200, MSG_DONTWAIT, NULL, NULL) = -1 EAGAIN (Try again)
13987 1784103302.603592 recvfrom(43, 0x71155c1eb0, 3200, MSG_DONTWAIT, NULL, NULL) = -1 EAGAIN (Try again)
13965 1784103302.608534 recvfrom(42, "nysv\0\0\0\0\0\0\0\0\0\0\0\0\305\370\312b\315\2\0\0\366\312\2\0\0\0\0\0", 3200, MSG_DONTWAIT, NULL, NULL) = 32
13965 1784103302.608554 recvfrom(42, 0x7fefc89590, 3200, MSG_DONTWAIT, NULL, NULL) = -1 EAGAIN (Try again)
13965 1784103302.608669 recvfrom(42, 0x7fefc894f0, 3200, MSG_DONTWAIT, NULL, NULL) = -1 EAGAIN (Try again)
13987 1784103302.609138 recvfrom(43, "nysv\0\0\0\0\0\0\0\0\0\0\0\0\305\370\312b\315\2\0\0\366\312\2\0\0\0\0\0", 3200, MSG_DONTWAIT, NULL, NULL) = 32
13987 1784103302.609400 recvfrom(43, 0x71155c1c80, 3200, MSG_DONTWAIT, NULL, NULL) = -1 EAGAIN (Try again)
13987 1784103302.619198 recvfrom(43, 0x71155c1eb0, 3200, MSG_DONTWAIT, NULL, NULL) = -1 EAGAIN (Try again)
13965 1784103302.625463 recvfrom(42, "nysv\0\0\0\0\0\0\0\0\0\0\0\0\253q\311c\315\2\0\0\367\312\2\0\0\0\0\0", 3200, MSG_DONTWAIT, NULL, NULL) = 32
13965 1784103302.625478 recvfrom(42, 0x7fefc89590, 3200, MSG_DONTWAIT, NULL, NULL) = -1 EAGAIN (Try again)
13965 1784103302.625505 recvfrom(42, 0x7fefc894f0, 3200, MSG_DONTWAIT, NULL, NULL) = -1 EAGAIN (Try again)
13987 1784103302.625726 recvfrom(43, "nysv\0\0\0\0\0\0\0\0\0\0\0\0\253q\311c\315\2\0\0\367\312\2\0\0\0\0\0", 3200, MSG_DONTWAIT, NULL, NULL) = 32
13987 1784103302.626004 recvfrom(43, 0x71155c1c80, 3200, MSG_DONTWAIT, NULL, NULL) = -1 EAGAIN (Try again)
13987 1784103302.637102 recvfrom(43, 0x71155c1eb0, 3200, MSG_DONTWAIT, NULL, NULL) = -1 EAGAIN (Try again)
13965 1784103302.644055 recvfrom(42, "nysv\0\0\0\0\0\0\0\0\0\0\0\0Ak\307d\315\2\0\0\370\312\2\0\0\0\0\0", 3200, MSG_DONTWAIT, NULL, NULL) = 32
13965 1784103302.644076 recvfrom(42, 0x7fefc89590, 3200, MSG_DONTWAIT, NULL, NULL) = -1 EAGAIN (Try again)
13987 1784103302.644480 recvfrom(43, "nysv\0\0\0\0\0\0\0\0\0\0\0\0Ak\307d\315\2\0\0\370\312\2\0\0\0\0\0", 3200, MSG_DONTWAIT, NULL, NULL) = 32
13987 1784103302.644838 recvfrom(43, 0x71155c1c80, 3200, MSG_DONTWAIT, NULL, NULL) = -1 EAGAIN (Try again)
13987 1784103302.659797 recvfrom(43, "nysv\0\0\0\0\0\0\0\0\0\0\0\0F\263\305e\315\2\0\0\371\312\2\0\0\0\0\0", 3200, MSG_DONTWAIT, NULL, NULL) = 32
13987 1784103302.660172 recvfrom(43, 0x71155c1c80, 3200, MSG_DONTWAIT, NULL, NULL) = -1 EAGAIN (Try again)
13965 1784103324.132625 recvfrom(45, "\2\0\0\0\0\0\0\0\25\23\0\0\0\0\0\0\0\224\251e\322\2\0\0\1\0\0\0\2\20\0\0"..., 2272, MSG_DONTWAIT, NULL, NULL) = 232
13965 1784103324.132771 sendto(45, "\3\0\0\0\0\0\0\0\25\23\0\0\1\0\0\0", 16, MSG_DONTWAIT|MSG_NOSIGNAL, NULL, 0) = 16
13965 1784103324.132795 recvfrom(45, 0x71a5c2bc20, 2272, MSG_DONTWAIT, NULL, NULL) = -1 EAGAIN (Try again)
13965 1784103324.133083 recvfrom(45, "\2\0\0\0\0\0\0\0\27\23\0\0\0\0\0\0\0\224\251e\322\2\0\0\1\0\0\0\2\20\0\0"..., 2272, MSG_DONTWAIT, NULL, NULL) = 232
13965 1784103324.133178 recvfrom(42, 0x7fefc85dc0, 3200, MSG_DONTWAIT, NULL, NULL) = -1 EAGAIN (Try again)
14000 1784103324.135167 sendmsg(68, {msg_name=NULL, msg_namelen=0, msg_iov=[{iov_base="l\1\1\1\374\0\0\0l\0\0\0\235\0\0\0\1\1o\0;\0\0\0/re/frid"..., iov_len=428}], msg_iovlen=1, msg_controllen=0, msg_flags=0}, MSG_NOSIGNAL) = 428
13965 1784103324.135759 sendto(45, "\3\0\0\0\0\0\0\0\27\23\0\0\1\0\0\0", 16, MSG_DONTWAIT|MSG_NOSIGNAL, NULL, 0) = 16
13965 1784103324.135809 recvfrom(45, 0x71a5c2bc20, 2272, MSG_DONTWAIT, NULL, NULL) = -1 EAGAIN (Try again)
14000 1784103324.137292 sendmsg(68, {msg_name=NULL, msg_namelen=0, msg_iov=[{iov_base="l\1\1\1\0\1\0\0m\0\0\0\235\0\0\0\1\1o\0;\0\0\0/re/frid"..., iov_len=432}], msg_iovlen=1, msg_controllen=0, msg_flags=0}, MSG_NOSIGNAL) = 432
13965 1784103324.141224 recvfrom(42, "nysv\0\0\0\0\0\0\0\0\0\0\0\0\335\212Gf\322\2\0\0\371\317\2\0\0\0\0\0", 3200, MSG_DONTWAIT, NULL, NULL) = 32
13965 1784103324.141238 recvfrom(42, 0x7fefc89590, 3200, MSG_DONTWAIT, NULL, NULL) = -1 EAGAIN (Try again)
13965 1784103324.141259 recvfrom(45, 0x71a5c2bc20, 2272, MSG_DONTWAIT, NULL, NULL) = -1 EAGAIN (Try again)
13965 1784103324.141280 recvfrom(42, 0x7fefc894f0, 3200, MSG_DONTWAIT, NULL, NULL) = -1 EAGAIN (Try again)
13987 1784103324.150291 recvfrom(43, 0x71155c1eb0, 3200, MSG_DONTWAIT, NULL, NULL) = -1 EAGAIN (Try again)
13987 1784103324.150873 recvfrom(43, 0x71155c1eb0, 3200, MSG_DONTWAIT, NULL, NULL) = -1 EAGAIN (Try again)
13965 1784103324.158704 recvfrom(42, "nysv\0\0\0\0\0\0\0\0\0\0\0\0\313\7Fg\322\2\0\0\372\317\2\0\0\0\0\0", 3200, MSG_DONTWAIT, NULL, NULL) = 32
13965 1784103324.158723 recvfrom(42, 0x7fefc89590, 3200, MSG_DONTWAIT, NULL, NULL) = -1 EAGAIN (Try again)
13965 1784103324.158750 recvfrom(45, 0x71a5c2bc20, 2272, MSG_DONTWAIT, NULL, NULL) = -1 EAGAIN (Try again)
13965 1784103324.158836 recvfrom(42, 0x7fefc894f0, 3200, MSG_DONTWAIT, NULL, NULL) = -1 EAGAIN (Try again)
13987 1784103324.159332 recvfrom(43, "nysv\0\0\0\0\0\0\0\0\0\0\0\0\313\7Fg\322\2\0\0\372\317\2\0\0\0\0\0", 3200, MSG_DONTWAIT, NULL, NULL) = 32
13987 1784103324.159534 recvfrom(43, 0x71155c1c80, 3200, MSG_DONTWAIT, NULL, NULL) = -1 EAGAIN (Try again)
13987 1784103324.170894 recvfrom(43, 0x71155c1eb0, 3200, MSG_DONTWAIT, NULL, NULL) = -1 EAGAIN (Try again)
13965 1784103324.176544 recvfrom(42, "nysv\0\0\0\0\0\0\0\0\0\0\0\0\227?Dh\322\2\0\0\373\317\2\0\0\0\0\0", 3200, MSG_DONTWAIT, NULL, NULL) = 32
13965 1784103324.176565 recvfrom(42, 0x7fefc89590, 3200, MSG_DONTWAIT, NULL, NULL) = -1 EAGAIN (Try again)
13965 1784103324.176610 recvfrom(42, 0x7fefc88940, 3200, MSG_DONTWAIT, NULL, NULL) = -1 EAGAIN (Try again)
13987 1784103324.176709 recvfrom(43, "nysv\0\0\0\0\0\0\0\0\0\0\0\0\227?Dh\322\2\0\0\373\317\2\0\0\0\0\0", 3200, MSG_DONTWAIT, NULL, NULL) = 32
13987 1784103324.177011 recvfrom(43, 0x71155c1c80, 3200, MSG_DONTWAIT, NULL, NULL) = -1 EAGAIN (Try again)
13987 1784103324.186967 recvfrom(43, 0x71155c1eb0, 3200, MSG_DONTWAIT, NULL, NULL) = -1 EAGAIN (Try again)
13965 1784103324.194010 recvfrom(42, "nysv\0\0\0\0\0\0\0\0\0\0\0\0\345ABi\322\2\0\0\374\317\2\0\0\0\0\0", 3200, MSG_DONTWAIT, NULL, NULL) = 32
13965 1784103324.194031 recvfrom(42, 0x7fefc89590, 3200, MSG_DONTWAIT, NULL, NULL) = -1 EAGAIN (Try again)
13965 1784103324.194060 recvfrom(45, 0x71a5c2bc20, 2272, MSG_DONTWAIT, NULL, NULL) = -1 EAGAIN (Try again)
13965 1784103324.194083 recvfrom(42, 0x7fefc88940, 3200, MSG_DONTWAIT, NULL, NULL) = -1 EAGAIN (Try again)
13987 1784103324.194702 recvfrom(43, "nysv\0\0\0\0\0\0\0\0\0\0\0\0\345ABi\322\2\0\0\374\317\2\0\0\0\0\0", 3200, MSG_DONTWAIT, NULL, NULL) = 32
13987 1784103324.194927 recvfrom(43, 0x71155c1c80, 3200, MSG_DONTWAIT, NULL, NULL) = -1 EAGAIN (Try again)
14000 1784103324.201987 sendmsg(68, {msg_name=NULL, msg_namelen=0, msg_iov=[{iov_base="l\1\1\1\374\0\0\0n\0\0\0\235\0\0\0\1\1o\0;\0\0\0/re/frid"..., iov_len=428}], msg_iovlen=1, msg_controllen=0, msg_flags=0}, MSG_NOSIGNAL) = 428
14000 1784103324.203276 sendmsg(68, {msg_name=NULL, msg_namelen=0, msg_iov=[{iov_base="l\1\1\1\0\1\0\0o\0\0\0\235\0\0\0\1\1o\0;\0\0\0/re/frid"..., iov_len=432}], msg_iovlen=1, msg_controllen=0, msg_flags=0}, MSG_NOSIGNAL) = 432
13987 1784103324.205971 recvfrom(43, 0x71155c1eb0, 3200, MSG_DONTWAIT, NULL, NULL) = -1 EAGAIN (Try again)
13965 1784103324.209468 recvfrom(42, "nysv\0\0\0\0\0\0\0\0\0\0\0\0\275\213@j\322\2\0\0\375\317\2\0\0\0\0\0", 3200, MSG_DONTWAIT, NULL, NULL) = 32
13965 1784103324.209485 recvfrom(42, 0x7fefc89590, 3200, MSG_DONTWAIT, NULL, NULL) = -1 EAGAIN (Try again)
13965 1784103324.209515 recvfrom(45, 0x71a5c2bc20, 2272, MSG_DONTWAIT, NULL, NULL) = -1 EAGAIN (Try again)
13965 1784103324.209529 recvfrom(42, 0x7fefc894f0, 3200, MSG_DONTWAIT, NULL, NULL) = -1 EAGAIN (Try again)
13987 1784103324.209712 recvfrom(43, "nysv\0\0\0\0\0\0\0\0\0\0\0\0\275\213@j\322\2\0\0\375\317\2\0\0\0\0\0", 3200, MSG_DONTWAIT, NULL, NULL) = 32
13987 1784103324.210069 recvfrom(43, 0x71155c1c80, 3200, MSG_DONTWAIT, NULL, NULL) = -1 EAGAIN (Try again)
13987 1784103324.220099 recvfrom(43, 0x71155c1eb0, 3200, MSG_DONTWAIT, NULL, NULL) = -1 EAGAIN (Try again)
13965 1784103324.226810 recvfrom(42, "nysv\0\0\0\0\0\0\0\0\0\0\0\0T\254>k\322\2\0\0\376\317\2\0\0\0\0\0", 3200, MSG_DONTWAIT, NULL, NULL) = 32
13965 1784103324.226836 recvfrom(42, 0x7fefc89590, 3200, MSG_DONTWAIT, NULL, NULL) = -1 EAGAIN (Try again)
13965 1784103324.226897 recvfrom(42, 0x7fefc88940, 3200, MSG_DONTWAIT, NULL, NULL) = -1 EAGAIN (Try again)
13987 1784103324.227709 recvfrom(43, "nysv\0\0\0\0\0\0\0\0\0\0\0\0T\254>k\322\2\0\0\376\317\2\0\0\0\0\0", 3200, MSG_DONTWAIT, NULL, NULL) = 32
13987 1784103324.227891 recvfrom(43, 0x71155c1c80, 3200, MSG_DONTWAIT, NULL, NULL) = -1 EAGAIN (Try again)
13987 1784103324.238582 recvfrom(43, 0x71155c1eb0, 3200, MSG_DONTWAIT, NULL, NULL) = -1 EAGAIN (Try again)
13965 1784103324.243535 recvfrom(42, "nysv\0\0\0\0\0\0\0\0\0\0\0\0~\374<l\322\2\0\0\377\317\2\0\0\0\0\0", 3200, MSG_DONTWAIT, NULL, NULL) = 32
13965 1784103324.243552 recvfrom(42, 0x7fefc89590, 3200, MSG_DONTWAIT, NULL, NULL) = -1 EAGAIN (Try again)
13965 1784103324.243581 recvfrom(45, 0x71a5c2bc20, 2272, MSG_DONTWAIT, NULL, NULL) = -1 EAGAIN (Try again)
13965 1784103324.243605 recvfrom(42, 0x7fefc88940, 3200, MSG_DONTWAIT, NULL, NULL) = -1 EAGAIN (Try again)
13987 1784103324.243696 recvfrom(43, "nysv\0\0\0\0\0\0\0\0\0\0\0\0~\374<l\322\2\0\0\377\317\2\0\0\0\0\0", 3200, MSG_DONTWAIT, NULL, NULL) = 32
13987 1784103324.244089 recvfrom(43, 0x71155c1c80, 3200, MSG_DONTWAIT, NULL, NULL) = -1 EAGAIN (Try again)
13987 1784103324.254537 recvfrom(43, 0x71155c1eb0, 3200, MSG_DONTWAIT, NULL, NULL) = -1 EAGAIN (Try again)
13965 1784103324.260271 recvfrom(42, "nysv\0\0\0\0\0\0\0\0\0\0\0\0x\36;m\322\2\0\0\0\320\2\0\200\0\0\0", 3200, MSG_DONTWAIT, NULL, NULL) = 32
13965 1784103324.260292 recvfrom(42, 0x7fefc89590, 3200, MSG_DONTWAIT, NULL, NULL) = -1 EAGAIN (Try again)
13965 1784103324.260368 recvfrom(45, 0x71a5c2bc20, 2272, MSG_DONTWAIT, NULL, NULL) = -1 EAGAIN (Try again)
13987 1784103324.260392 recvfrom(43,  <unfinished ...>
13965 1784103324.260404 recvfrom(42, 0x7fefc88940, 3200, MSG_DONTWAIT, NULL, NULL) = -1 EAGAIN (Try again)
13987 1784103324.260615 <... recvfrom resumed> "nysv\0\0\0\0\0\0\0\0\0\0\0\0x\36;m\322\2\0\0\0\320\2\0\200\0\0\0", 3200, MSG_DONTWAIT, NULL, NULL) = 32
13987 1784103324.260938 recvfrom(43, 0x71155c1c80, 3200, MSG_DONTWAIT, NULL, NULL) = -1 EAGAIN (Try again)
13987 1784103324.272130 recvfrom(43, 0x71155c1eb0, 3200, MSG_DONTWAIT, NULL, NULL) = -1 EAGAIN (Try again)
13965 1784103324.275703 recvfrom(42, "nysv\0\0\0\0\0\0\0\0\0\0\0\0\350\2009n\322\2\0\0\1\320\2\0\0\0\0\0", 3200, MSG_DONTWAIT, NULL, NULL) = 32
13965 1784103324.275879 recvfrom(42, 0x7fefc89590, 3200, MSG_DONTWAIT, NULL, NULL) = -1 EAGAIN (Try again)
13965 1784103324.275916 recvfrom(45, 0x71a5c2bc20, 2272, MSG_DONTWAIT, NULL, NULL) = -1 EAGAIN (Try again)
13965 1784103324.275939 recvfrom(42, 0x7fefc88940, 3200, MSG_DONTWAIT, NULL, NULL) = -1 EAGAIN (Try again)
13987 1784103324.276825 recvfrom(43, "nysv\0\0\0\0\0\0\0\0\0\0\0\0\350\2009n\322\2\0\0\1\320\2\0\0\0\0\0", 3200, MSG_DONTWAIT, NULL, NULL) = 32
13987 1784103324.276992 recvfrom(43, 0x71155c1c80, 3200, MSG_DONTWAIT, NULL, NULL) = -1 EAGAIN (Try again)
13987 1784103324.287919 recvfrom(43, 0x71155c1eb0, 3200, MSG_DONTWAIT, NULL, NULL) = -1 EAGAIN (Try again)
13965 1784103324.292327 recvfrom(42, "nysv\0\0\0\0\0\0\0\0\0\0\0\0\244\3507o\322\2\0\0\2\320\2\0\0\0\0\0", 3200, MSG_DONTWAIT, NULL, NULL) = 32
13965 1784103324.292351 recvfrom(42, 0x7fefc89590, 3200, MSG_DONTWAIT, NULL, NULL) = -1 EAGAIN (Try again)
13965 1784103324.292388 recvfrom(45, 0x71a5c2bc20, 2272, MSG_DONTWAIT, NULL, NULL) = -1 EAGAIN (Try again)
13965 1784103324.292412 recvfrom(42, 0x7fefc88940, 3200, MSG_DONTWAIT, NULL, NULL) = -1 EAGAIN (Try again)
13987 1784103324.293014 recvfrom(43, "nysv\0\0\0\0\0\0\0\0\0\0\0\0\244\3507o\322\2\0\0\2\320\2\0\0\0\0\0", 3200, MSG_DONTWAIT, NULL, NULL) = 32
13987 1784103324.293446 recvfrom(43, 0x71155c1c80, 3200, MSG_DONTWAIT, NULL, NULL) = -1 EAGAIN (Try again)
13987 1784103324.303647 recvfrom(43, 0x71155c1eb0, 3200, MSG_DONTWAIT, NULL, NULL) = -1 EAGAIN (Try again)
13965 1784103324.308685 recvfrom(42, "nysv\0\0\0\0\0\0\0\0\0\0\0\0\31686p\322\2\0\0\3\320\2\0\0\0\0\0", 3200, MSG_DONTWAIT, NULL, NULL) = 32
13965 1784103324.308701 recvfrom(42, 0x7fefc89590, 3200, MSG_DONTWAIT, NULL, NULL) = -1 EAGAIN (Try again)
13965 1784103324.308727 recvfrom(45, 0x71a5c2bc20, 2272, MSG_DONTWAIT, NULL, NULL) = -1 EAGAIN (Try again)
13987 1784103324.308748 recvfrom(43,  <unfinished ...>
13965 1784103324.308762 recvfrom(42, 0x7fefc88940, 3200, MSG_DONTWAIT, NULL, NULL) = -1 EAGAIN (Try again)
13987 1784103324.309151 <... recvfrom resumed> "nysv\0\0\0\0\0\0\0\0\0\0\0\0\31686p\322\2\0\0\3\320\2\0\0\0\0\0", 3200, MSG_DONTWAIT, NULL, NULL) = 32
13987 1784103324.309254 recvfrom(43, 0x71155c1c80, 3200, MSG_DONTWAIT, NULL, NULL) = -1 EAGAIN (Try again)
13987 1784103324.319706 recvfrom(43, 0x71155c1eb0, 3200, MSG_DONTWAIT, NULL, NULL) = -1 EAGAIN (Try again)
13965 1784103324.325806 recvfrom(42, "nysv\0\0\0\0\0\0\0\0\0\0\0\0\370\2104q\322\2\0\0\4\320\2\0\0\0\0\0", 3200, MSG_DONTWAIT, NULL, NULL) = 32
13965 1784103324.325824 recvfrom(42, 0x7fefc89590, 3200, MSG_DONTWAIT, NULL, NULL) = -1 EAGAIN (Try again)
13987 1784103324.325853 recvfrom(43,  <unfinished ...>
13965 1784103324.325865 recvfrom(45, 0x71a5c2bc20, 2272, MSG_DONTWAIT, NULL, NULL) = -1 EAGAIN (Try again)
13965 1784103324.325888 recvfrom(42, 0x7fefc888b0, 3200, MSG_DONTWAIT, NULL, NULL) = -1 EAGAIN (Try again)
13987 1784103324.325978 <... recvfrom resumed> "nysv\0\0\0\0\0\0\0\0\0\0\0\0\370\2104q\322\2\0\0\4\320\2\0\0\0\0\0", 3200, MSG_DONTWAIT, NULL, NULL) = 32
13987 1784103324.326157 recvfrom(43, 0x71155c1c80, 3200, MSG_DONTWAIT, NULL, NULL) = -1 EAGAIN (Try again)
13987 1784103324.337174 recvfrom(43, 0x71155c1eb0, 3200, MSG_DONTWAIT, NULL, NULL) = -1 EAGAIN (Try again)
13965 1784103324.343108 recvfrom(42, "nysv\0\0\0\0\0\0\0\0\0\0\0\0\"\3312r\322\2\0\0\5\320\2\0\0\0\0\0", 3200, MSG_DONTWAIT, NULL, NULL) = 32
13965 1784103324.343289 recvfrom(42, 0x7fefc89590, 3200, MSG_DONTWAIT, NULL, NULL) = -1 EAGAIN (Try again)
13965 1784103324.343322 recvfrom(45, 0x71a5c2bc20, 2272, MSG_DONTWAIT, NULL, NULL) = -1 EAGAIN (Try again)
13965 1784103324.343335 recvfrom(42,  <unfinished ...>
13987 1784103324.343395 recvfrom(43,  <unfinished ...>
13965 1784103324.343398 <... recvfrom resumed> 0x7fefc894f0, 3200, MSG_DONTWAIT, NULL, NULL) = -1 EAGAIN (Try again)
13987 1784103324.343703 <... recvfrom resumed> "nysv\0\0\0\0\0\0\0\0\0\0\0\0\"\3312r\322\2\0\0\5\320\2\0\0\0\0\0", 3200, MSG_DONTWAIT, NULL, NULL) = 32
13987 1784103324.343788 recvfrom(43, 0x71155c1c80, 3200, MSG_DONTWAIT, NULL, NULL) = -1 EAGAIN (Try again)
13987 1784103324.354518 recvfrom(43, 0x71155c1eb0, 3200, MSG_DONTWAIT, NULL, NULL) = -1 EAGAIN (Try again)
13965 1784103324.360265 recvfrom(42, "nysv\0\0\0\0\0\0\0\0\0\0\0\0\242\3650s\322\2\0\0\6\320\2\0\0\0\0\0", 3200, MSG_DONTWAIT, NULL, NULL) = 32
13965 1784103324.360280 recvfrom(42, 0x7fefc89590, 3200, MSG_DONTWAIT, NULL, NULL) = -1 EAGAIN (Try again)
13965 1784103324.360318 recvfrom(42, 0x7fefc894f0, 3200, MSG_DONTWAIT, NULL, NULL) = -1 EAGAIN (Try again)
13987 1784103324.360556 recvfrom(43, "nysv\0\0\0\0\0\0\0\0\0\0\0\0\242\3650s\322\2\0\0\6\320\2\0\0\0\0\0", 3200, MSG_DONTWAIT, NULL, NULL) = 32
13987 1784103324.360872 recvfrom(43, 0x71155c1c80, 3200, MSG_DONTWAIT, NULL, NULL) = -1 EAGAIN (Try again)
13987 1784103324.373286 recvfrom(43, 0x71155c1eb0, 3200, MSG_DONTWAIT, NULL, NULL) = -1 EAGAIN (Try again)
13965 1784103324.375887 recvfrom(42, "nysv\0\0\0\0\0\0\0\0\0\0\0\0\314E/t\322\2\0\0\7\320\2\0\0\0\0\0", 3200, MSG_DONTWAIT, NULL, NULL) = 32
13965 1784103324.375905 recvfrom(42, 0x7fefc89590, 3200, MSG_DONTWAIT, NULL, NULL) = -1 EAGAIN (Try again)
13965 1784103324.375952 recvfrom(42, 0x7fefc894f0, 3200, MSG_DONTWAIT, NULL, NULL) = -1 EAGAIN (Try again)
13987 1784103324.376218 recvfrom(43, "nysv\0\0\0\0\0\0\0\0\0\0\0\0\314E/t\322\2\0\0\7\320\2\0\0\0\0\0", 3200, MSG_DONTWAIT, NULL, NULL) = 32
13987 1784103324.376608 recvfrom(43, 0x71155c1c80, 3200, MSG_DONTWAIT, NULL, NULL) = -1 EAGAIN (Try again)
13987 1784103324.389664 recvfrom(43, 0x71155c1eb0, 3200, MSG_DONTWAIT, NULL, NULL) = -1 EAGAIN (Try again)
13965 1784103324.392420 recvfrom(42, "nysv\0\0\0\0\0\0\0\0\0\0\0\0\377\264-u\322\2\0\0\10\320\2\0\0\0\0\0", 3200, MSG_DONTWAIT, NULL, NULL) = 32
13965 1784103324.392442 recvfrom(42, 0x7fefc89590, 3200, MSG_DONTWAIT, NULL, NULL) = -1 EAGAIN (Try again)
13965 1784103324.392466 recvfrom(42, 0x7fefc894f0, 3200, MSG_DONTWAIT, NULL, NULL) = -1 EAGAIN (Try again)
13987 1784103324.392587 recvfrom(43, "nysv\0\0\0\0\0\0\0\0\0\0\0\0\377\264-u\322\2\0\0\10\320\2\0\0\0\0\0", 3200, MSG_DONTWAIT, NULL, NULL) = 32
13987 1784103324.393069 recvfrom(43, 0x71155c1c80, 3200, MSG_DONTWAIT, NULL, NULL) = -1 EAGAIN (Try again)
13987 1784103324.405267 recvfrom(43, 0x71155c1eb0, 3200, MSG_DONTWAIT, NULL, NULL) = -1 EAGAIN (Try again)
13965 1784103324.410089 recvfrom(42, "nysv\0\0\0\0\0\0\0\0\0\0\0\0\206\334+v\322\2\0\0\t\320\2\0\0\0\0\0", 3200, MSG_DONTWAIT, NULL, NULL) = 32
13965 1784103324.410107 recvfrom(42, 0x7fefc89590, 3200, MSG_DONTWAIT, NULL, NULL) = -1 EAGAIN (Try again)
13965 1784103324.410147 recvfrom(42, 0x7fefc894f0, 3200, MSG_DONTWAIT, NULL, NULL) = -1 EAGAIN (Try again)
13987 1784103324.410928 recvfrom(43, "nysv\0\0\0\0\0\0\0\0\0\0\0\0\206\334+v\322\2\0\0\t\320\2\0\0\0\0\0", 3200, MSG_DONTWAIT, NULL, NULL) = 32
13987 1784103324.411091 recvfrom(43, 0x71155c1c80, 3200, MSG_DONTWAIT, NULL, NULL) = -1 EAGAIN (Try again)
13987 1784103324.422616 recvfrom(43, 0x71155c1eb0, 3200, MSG_DONTWAIT, NULL, NULL) = -1 EAGAIN (Try again)
13965 1784103324.426110 recvfrom(42, "nysv\0\0\0\0\0\0\0\0\0\0\0\0\260,*w\322\2\0\0\n\320\2\0\0\0\0\0", 3200, MSG_DONTWAIT, NULL, NULL) = 32
13965 1784103324.426181 recvfrom(42, 0x7fefc89590, 3200, MSG_DONTWAIT, NULL, NULL) = -1 EAGAIN (Try again)
13965 1784103324.426220 recvfrom(42, 0x7fefc894f0, 3200, MSG_DONTWAIT, NULL, NULL) = -1 EAGAIN (Try again)
13987 1784103324.426242 recvfrom(43, "nysv\0\0\0\0\0\0\0\0\0\0\0\0\260,*w\322\2\0\0\n\320\2\0\0\0\0\0", 3200, MSG_DONTWAIT, NULL, NULL) = 32
13987 1784103324.426782 recvfrom(43, 0x71155c1c80, 3200, MSG_DONTWAIT, NULL, NULL) = -1 EAGAIN (Try again)
13987 1784103324.438475 recvfrom(43, 0x71155c1eb0, 3200, MSG_DONTWAIT, NULL, NULL) = -1 EAGAIN (Try again)
13965 1784103324.442387 recvfrom(42, "nysv\0\0\0\0\0\0\0\0\0\0\0\0C\216(x\322\2\0\0\v\320\2\0\0\0\0\0", 3200, MSG_DONTWAIT, NULL, NULL) = 32
13965 1784103324.442410 recvfrom(42, 0x7fefc89590, 3200, MSG_DONTWAIT, NULL, NULL) = -1 EAGAIN (Try again)
13965 1784103324.442459 recvfrom(42, 0x7fefc894f0, 3200, MSG_DONTWAIT, NULL, NULL) = -1 EAGAIN (Try again)
13987 1784103324.442943 recvfrom(43, "nysv\0\0\0\0\0\0\0\0\0\0\0\0C\216(x\322\2\0\0\v\320\2\0\0\0\0\0", 3200, MSG_DONTWAIT, NULL, NULL) = 32
13987 1784103324.443337 recvfrom(43, 0x71155c1c80, 3200, MSG_DONTWAIT, NULL, NULL) = -1 EAGAIN (Try again)
13987 1784103324.455597 recvfrom(43, 0x71155c1eb0, 3200, MSG_DONTWAIT, NULL, NULL) = -1 EAGAIN (Try again)
13965 1784103324.460056 recvfrom(42, "nysv\0\0\0\0\0\0\0\0\0\0\0\0\224\307&y\322\2\0\0\f\320\2\0\0\0\0\0", 3200, MSG_DONTWAIT, NULL, NULL) = 32
13965 1784103324.460072 recvfrom(42, 0x7fefc89590, 3200, MSG_DONTWAIT, NULL, NULL) = -1 EAGAIN (Try again)
13987 1784103324.460148 recvfrom(43,  <unfinished ...>
13965 1784103324.460166 recvfrom(42, 0x7fefc894f0, 3200, MSG_DONTWAIT, NULL, NULL) = -1 EAGAIN (Try again)
13987 1784103324.460508 <... recvfrom resumed> "nysv\0\0\0\0\0\0\0\0\0\0\0\0\224\307&y\322\2\0\0\f\320\2\0\0\0\0\0", 3200, MSG_DONTWAIT, NULL, NULL) = 32
13987 1784103324.460601 recvfrom(43, 0x71155c1c80, 3200, MSG_DONTWAIT, NULL, NULL) = -1 EAGAIN (Try again)
13987 1784103324.472501 recvfrom(43, 0x71155c1eb0, 3200, MSG_DONTWAIT, NULL, NULL) = -1 EAGAIN (Try again)
13965 1784103324.474880 recvfrom(42, "nysv\0\0\0\0\0\0\0\0\0\0\0\0001\37%z\322\2\0\0\r\320\2\0\0\0\0\0", 3200, MSG_DONTWAIT, NULL, NULL) = 32
13965 1784103324.474907 recvfrom(42, 0x7fefc89590, 3200, MSG_DONTWAIT, NULL, NULL) = -1 EAGAIN (Try again)
13965 1784103324.475136 recvfrom(42, 0x7fefc894f0, 3200, MSG_DONTWAIT, NULL, NULL) = -1 EAGAIN (Try again)
13987 1784103324.475462 recvfrom(43, "nysv\0\0\0\0\0\0\0\0\0\0\0\0001\37%z\322\2\0\0\r\320\2\0\0\0\0\0", 3200, MSG_DONTWAIT, NULL, NULL) = 32
13987 1784103324.475887 recvfrom(43, 0x71155c1c80, 3200, MSG_DONTWAIT, NULL, NULL) = -1 EAGAIN (Try again)
13987 1784103324.488054 recvfrom(43, 0x71155c1eb0, 3200, MSG_DONTWAIT, NULL, NULL) = -1 EAGAIN (Try again)
13965 1784103324.492516 recvfrom(42, "nysv\0\0\0\0\0\0\0\0\0\0\0\0a\205#{\322\2\0\0\16\320\2\0\0\0\0\0", 3200, MSG_DONTWAIT, NULL, NULL) = 32
13965 1784103324.492537 recvfrom(42, 0x7fefc89590, 3200, MSG_DONTWAIT, NULL, NULL) = -1 EAGAIN (Try again)
13965 1784103324.492616 recvfrom(42, 0x7fefc894f0, 3200, MSG_DONTWAIT, NULL, NULL) = -1 EAGAIN (Try again)
13987 1784103324.493025 recvfrom(43, "nysv\0\0\0\0\0\0\0\0\0\0\0\0a\205#{\322\2\0\0\16\320\2\0\0\0\0\0", 3200, MSG_DONTWAIT, NULL, NULL) = 32
13987 1784103324.493196 recvfrom(43, 0x71155c1c80, 3200, MSG_DONTWAIT, NULL, NULL) = -1 EAGAIN (Try again)
13987 1784103324.504436 recvfrom(43, 0x71155c1eb0, 3200, MSG_DONTWAIT, NULL, NULL) = -1 EAGAIN (Try again)
13965 1784103324.510432 recvfrom(42, "nysv\0\0\0\0\0\0\0\0\0\0\0\0v\244!|\322\2\0\0\17\320\2\0\0\0\0\0", 3200, MSG_DONTWAIT, NULL, NULL) = 32
13965 1784103324.510452 recvfrom(42, 0x7fefc89590, 3200, MSG_DONTWAIT, NULL, NULL) = -1 EAGAIN (Try again)
13987 1784103324.510530 recvfrom(43,  <unfinished ...>
13965 1784103324.510550 recvfrom(42, 0x7fefc894f0, 3200, MSG_DONTWAIT, NULL, NULL) = -1 EAGAIN (Try again)
13987 1784103324.510847 <... recvfrom resumed> "nysv\0\0\0\0\0\0\0\0\0\0\0\0v\244!|\322\2\0\0\17\320\2\0\0\0\0\0", 3200, MSG_DONTWAIT, NULL, NULL) = 32
13987 1784103324.511021 recvfrom(43, 0x71155c1c80, 3200, MSG_DONTWAIT, NULL, NULL) = -1 EAGAIN (Try again)
13987 1784103324.522473 recvfrom(43, 0x71155c1eb0, 3200, MSG_DONTWAIT, NULL, NULL) = -1 EAGAIN (Try again)
13965 1784103324.526491 recvfrom(42, "nysv\0\0\0\0\0\0\0\0\0\0\0\0\31\340\37}\322\2\0\0\20\320\2\0\0\0\0\0", 3200, MSG_DONTWAIT, NULL, NULL) = 32
13965 1784103324.526509 recvfrom(42, 0x7fefc89590, 3200, MSG_DONTWAIT, NULL, NULL) = -1 EAGAIN (Try again)
13987 1784103324.526693 recvfrom(43, "nysv\0\0\0\0\0\0\0\0\0\0\0\0\31\340\37}\322\2\0\0\20\320\2\0\0\0\0\0", 3200, MSG_DONTWAIT, NULL, NULL) = 32
13987 1784103324.527227 recvfrom(43, 0x71155c1c80, 3200, MSG_DONTWAIT, NULL, NULL) = -1 EAGAIN (Try again)
13987 1784103324.543058 recvfrom(43, "nysv\0\0\0\0\0\0\0\0\0\0\0\0C0\36~\322\2\0\0\21\320\2\0\0\0\0\0", 3200, MSG_DONTWAIT, NULL, NULL) = 32
13987 1784103324.543598 recvfrom(43, 0x71155c1c80, 3200, MSG_DONTWAIT, NULL, NULL) = -1 EAGAIN (Try again)
13965 1784103342.992210 recvfrom(45, "\2\0\0\0\0\0\0\0\33\23\0\0\0\0\0\0\0W\316\311\326\2\0\0\1\0\0\0\2\20\0\0"..., 2272, MSG_DONTWAIT, NULL, NULL) = 232
13965 1784103342.992415 sendto(45, "\3\0\0\0\0\0\0\0\33\23\0\0\1\0\0\0", 16, MSG_DONTWAIT|MSG_NOSIGNAL, NULL, 0) = 16
13965 1784103342.992445 recvfrom(45, 0x71a5c2bc20, 2272, MSG_DONTWAIT, NULL, NULL) = -1 EAGAIN (Try again)
13965 1784103342.992654 recvfrom(45, "\2\0\0\0\0\0\0\0\35\23\0\0\0\0\0\0\0W\316\311\326\2\0\0\1\0\0\0\2\20\0\0"..., 2272, MSG_DONTWAIT, NULL, NULL) = 232
13965 1784103342.992761 recvfrom(42, 0x7fefc85dc0, 3200, MSG_DONTWAIT, NULL, NULL) = -1 EAGAIN (Try again)
14000 1784103342.994695 sendmsg(68, {msg_name=NULL, msg_namelen=0, msg_iov=[{iov_base="l\1\1\1\374\0\0\0p\0\0\0\235\0\0\0\1\1o\0;\0\0\0/re/frid"..., iov_len=428}], msg_iovlen=1, msg_controllen=0, msg_flags=0}, MSG_NOSIGNAL) = 428
13965 1784103342.995290 sendto(45, "\3\0\0\0\0\0\0\0\35\23\0\0\1\0\0\0", 16, MSG_DONTWAIT|MSG_NOSIGNAL, NULL, 0) = 16
13965 1784103342.995318 recvfrom(45, 0x71a5c2bc20, 2272, MSG_DONTWAIT, NULL, NULL) = -1 EAGAIN (Try again)
14000 1784103342.998802 sendmsg(68, {msg_name=NULL, msg_namelen=0, msg_iov=[{iov_base="l\1\1\1\0\1\0\0q\0\0\0\235\0\0\0\1\1o\0;\0\0\0/re/frid"..., iov_len=432}], msg_iovlen=1, msg_controllen=0, msg_flags=0}, MSG_NOSIGNAL) = 432
13965 1784103343.008534 recvfrom(42, "nysv\0\0\0\0\0\0\0\0\0\0\0\0|\345\321\312\326\2\0\0a\324\2\0\0\0\0\0", 3200, MSG_DONTWAIT, NULL, NULL) = 32
13965 1784103343.008555 recvfrom(42, 0x7fefc89590, 3200, MSG_DONTWAIT, NULL, NULL) = -1 EAGAIN (Try again)
13965 1784103343.008580 recvfrom(45, 0x71a5c2bc20, 2272, MSG_DONTWAIT, NULL, NULL) = -1 EAGAIN (Try again)
13965 1784103343.008606 recvfrom(42, 0x7fefc894f0, 3200, MSG_DONTWAIT, NULL, NULL) = -1 EAGAIN (Try again)
13987 1784103343.017698 recvfrom(43, 0x71155c1eb0, 3200, MSG_DONTWAIT, NULL, NULL) = -1 EAGAIN (Try again)
13987 1784103343.018339 recvfrom(43, 0x71155c1eb0, 3200, MSG_DONTWAIT, NULL, NULL) = -1 EAGAIN (Try again)
13965 1784103343.028012 recvfrom(42, "nysv\0\0\0\0\0\0\0\0\0\0\0\0\323\276\317\313\326\2\0\0b\324\2\0\0\0\0\0", 3200, MSG_DONTWAIT, NULL, NULL) = 32
13965 1784103343.028027 recvfrom(42, 0x7fefc89590, 3200, MSG_DONTWAIT, NULL, NULL) = -1 EAGAIN (Try again)
13965 1784103343.028046 recvfrom(45, 0x71a5c2bc20, 2272, MSG_DONTWAIT, NULL, NULL) = -1 EAGAIN (Try again)
13965 1784103343.028074 recvfrom(42, 0x7fefc894f0, 3200, MSG_DONTWAIT, NULL, NULL) = -1 EAGAIN (Try again)
13987 1784103343.028245 recvfrom(43, "nysv\0\0\0\0\0\0\0\0\0\0\0\0\323\276\317\313\326\2\0\0b\324\2\0\0\0\0\0", 3200, MSG_DONTWAIT, NULL, NULL) = 32
13987 1784103343.028681 recvfrom(43, 0x71155c1c80, 3200, MSG_DONTWAIT, NULL, NULL) = -1 EAGAIN (Try again)
13987 1784103343.037899 recvfrom(43, 0x71155c1eb0, 3200, MSG_DONTWAIT, NULL, NULL) = -1 EAGAIN (Try again)
13965 1784103343.043318 recvfrom(42, "nysv\0\0\0\0\0\0\0\0\0\0\0\0\275\360\315\314\326\2\0\0c\324\2\0\0\0\0\0", 3200, MSG_DONTWAIT, NULL, NULL) = 32
13965 1784103343.043336 recvfrom(42, 0x7fefc89590, 3200, MSG_DONTWAIT, NULL, NULL) = -1 EAGAIN (Try again)
13965 1784103343.043388 recvfrom(42, 0x7fefc88940, 3200, MSG_DONTWAIT, NULL, NULL) = -1 EAGAIN (Try again)
13987 1784103343.043584 recvfrom(43, "nysv\0\0\0\0\0\0\0\0\0\0\0\0\275\360\315\314\326\2\0\0c\324\2\0\0\0\0\0", 3200, MSG_DONTWAIT, NULL, NULL) = 32
13987 1784103343.043975 recvfrom(43, 0x71155c1c80, 3200, MSG_DONTWAIT, NULL, NULL) = -1 EAGAIN (Try again)
13987 1784103343.053546 recvfrom(43, 0x71155c1eb0, 3200, MSG_DONTWAIT, NULL, NULL) = -1 EAGAIN (Try again)
13965 1784103343.059380 recvfrom(42, "nysv\0\0\0\0\0\0\0\0\0\0\0\0\214C\314\315\326\2\0\0d\324\2\0\0\0\0\0", 3200, MSG_DONTWAIT, NULL, NULL) = 32
13965 1784103343.059488 recvfrom(42, 0x7fefc89590, 3200, MSG_DONTWAIT, NULL, NULL) = -1 EAGAIN (Try again)
13965 1784103343.059523 recvfrom(45, 0x71a5c2bc20, 2272, MSG_DONTWAIT, NULL, NULL) = -1 EAGAIN (Try again)
13965 1784103343.059544 recvfrom(42, 0x7fefc88940, 3200, MSG_DONTWAIT, NULL, NULL) = -1 EAGAIN (Try again)
13987 1784103343.059703 recvfrom(43, "nysv\0\0\0\0\0\0\0\0\0\0\0\0\214C\314\315\326\2\0\0d\324\2\0\0\0\0\0", 3200, MSG_DONTWAIT, NULL, NULL) = 32
13987 1784103343.060008 recvfrom(43, 0x71155c1c80, 3200, MSG_DONTWAIT, NULL, NULL) = -1 EAGAIN (Try again)
14000 1784103343.065666 sendmsg(68, {msg_name=NULL, msg_namelen=0, msg_iov=[{iov_base="l\1\1\1\374\0\0\0r\0\0\0\235\0\0\0\1\1o\0;\0\0\0/re/frid"..., iov_len=428}], msg_iovlen=1, msg_controllen=0, msg_flags=0}, MSG_NOSIGNAL) = 428
14000 1784103343.067638 sendmsg(68, {msg_name=NULL, msg_namelen=0, msg_iov=[{iov_base="l\1\1\1\0\1\0\0s\0\0\0\235\0\0\0\1\1o\0;\0\0\0/re/frid"..., iov_len=432}], msg_iovlen=1, msg_controllen=0, msg_flags=0}, MSG_NOSIGNAL) = 432
13987 1784103343.072860 recvfrom(43, 0x71155c1eb0, 3200, MSG_DONTWAIT, NULL, NULL) = -1 EAGAIN (Try again)
13965 1784103343.075399 recvfrom(42, "nysv\0\0\0\0\0\0\0\0\0\0\0\0\313\272\312\316\326\2\0\0e\324\2\0\0\0\0\0", 3200, MSG_DONTWAIT, NULL, NULL) = 32
13965 1784103343.075416 recvfrom(42, 0x7fefc89590, 3200, MSG_DONTWAIT, NULL, NULL) = -1 EAGAIN (Try again)
13965 1784103343.075454 recvfrom(45, 0x71a5c2bc20, 2272, MSG_DONTWAIT, NULL, NULL) = -1 EAGAIN (Try again)
13965 1784103343.075468 recvfrom(42, 0x7fefc894f0, 3200, MSG_DONTWAIT, NULL, NULL) = -1 EAGAIN (Try again)
13987 1784103343.075668 recvfrom(43, "nysv\0\0\0\0\0\0\0\0\0\0\0\0\313\272\312\316\326\2\0\0e\324\2\0\0\0\0\0", 3200, MSG_DONTWAIT, NULL, NULL) = 32
13987 1784103343.076057 recvfrom(43, 0x71155c1c80, 3200, MSG_DONTWAIT, NULL, NULL) = -1 EAGAIN (Try again)
13987 1784103343.086470 recvfrom(43, 0x71155c1eb0, 3200, MSG_DONTWAIT, NULL, NULL) = -1 EAGAIN (Try again)
13965 1784103343.093026 recvfrom(42, "nysv\0\0\0\0\0\0\0\0\0\0\0\0\365\n\311\317\326\2\0\0f\324\2\0\0\0\0\0", 3200, MSG_DONTWAIT, NULL, NULL) = 32
13965 1784103343.093046 recvfrom(42, 0x7fefc89590, 3200, MSG_DONTWAIT, NULL, NULL) = -1 EAGAIN (Try again)
13965 1784103343.093085 recvfrom(42, 0x7fefc88940, 3200, MSG_DONTWAIT, NULL, NULL) = -1 EAGAIN (Try again)
13987 1784103343.093328 recvfrom(43, "nysv\0\0\0\0\0\0\0\0\0\0\0\0\365\n\311\317\326\2\0\0f\324\2\0\0\0\0\0", 3200, MSG_DONTWAIT, NULL, NULL) = 32
13987 1784103343.093719 recvfrom(43, 0x71155c1c80, 3200, MSG_DONTWAIT, NULL, NULL) = -1 EAGAIN (Try again)
13987 1784103343.102774 recvfrom(43, 0x71155c1eb0, 3200, MSG_DONTWAIT, NULL, NULL) = -1 EAGAIN (Try again)
13965 1784103343.108982 recvfrom(42, "nysv\0\0\0\0\0\0\0\0\0\0\0\0\364x\307\320\326\2\0\0g\324\2\0\0\0\0\0", 3200, MSG_DONTWAIT, NULL, NULL) = 32
13965 1784103343.108999 recvfrom(42, 0x7fefc89590, 3200, MSG_DONTWAIT, NULL, NULL) = -1 EAGAIN (Try again)
13965 1784103343.109022 recvfrom(45, 0x71a5c2bc20, 2272, MSG_DONTWAIT, NULL, NULL) = -1 EAGAIN (Try again)
13987 1784103343.109045 recvfrom(43,  <unfinished ...>
13965 1784103343.109065 recvfrom(42, 0x7fefc88940, 3200, MSG_DONTWAIT, NULL, NULL) = -1 EAGAIN (Try again)
13987 1784103343.109101 <... recvfrom resumed> "nysv\0\0\0\0\0\0\0\0\0\0\0\0\364x\307\320\326\2\0\0g\324\2\0\0\0\0\0", 3200, MSG_DONTWAIT, NULL, NULL) = 32
13987 1784103343.109249 recvfrom(43, 0x71155c1c80, 3200, MSG_DONTWAIT, NULL, NULL) = -1 EAGAIN (Try again)
13987 1784103343.121199 recvfrom(43, 0x71155c1eb0, 3200, MSG_DONTWAIT, NULL, NULL) = -1 EAGAIN (Try again)
13965 1784103343.124964 recvfrom(42, "nysv\0\0\0\0\0\0\0\0\0\0\0\0\373\v\306\321\326\2\0\0h\324\2\0\0\0\0\0", 3200, MSG_DONTWAIT, NULL, NULL) = 32
13965 1784103343.124984 recvfrom(42, 0x7fefc89590, 3200, MSG_DONTWAIT, NULL, NULL) = -1 EAGAIN (Try again)
13965 1784103343.125021 recvfrom(45, 0x71a5c2bc20, 2272, MSG_DONTWAIT, NULL, NULL) = -1 EAGAIN (Try again)
13965 1784103343.125064 recvfrom(42, 0x7fefc88940, 3200, MSG_DONTWAIT, NULL, NULL) = -1 EAGAIN (Try again)
13987 1784103343.125130 recvfrom(43, "nysv\0\0\0\0\0\0\0\0\0\0\0\0\373\v\306\321\326\2\0\0h\324\2\0\0\0\0\0", 3200, MSG_DONTWAIT, NULL, NULL) = 32
13987 1784103343.125626 recvfrom(43, 0x71155c1c80, 3200, MSG_DONTWAIT, NULL, NULL) = -1 EAGAIN (Try again)
13987 1784103343.137385 recvfrom(43, 0x71155c1eb0, 3200, MSG_DONTWAIT, NULL, NULL) = -1 EAGAIN (Try again)
13965 1784103343.141689 recvfrom(42, "nysv\0\0\0\0\0\0\0\0\0\0\0\0\37a\304\322\326\2\0\0i\324\2\0\0\0\0\0", 3200, MSG_DONTWAIT, NULL, NULL) = 32
13965 1784103343.141709 recvfrom(42, 0x7fefc89590, 3200, MSG_DONTWAIT, NULL, NULL) = -1 EAGAIN (Try again)
13965 1784103343.141735 recvfrom(45, 0x71a5c2bc20, 2272, MSG_DONTWAIT, NULL, NULL) = -1 EAGAIN (Try again)
13965 1784103343.141763 recvfrom(42, 0x7fefc88940, 3200, MSG_DONTWAIT, NULL, NULL) = -1 EAGAIN (Try again)
13987 1784103343.142475 recvfrom(43, "nysv\0\0\0\0\0\0\0\0\0\0\0\0\37a\304\322\326\2\0\0i\324\2\0\0\0\0\0", 3200, MSG_DONTWAIT, NULL, NULL) = 32
13987 1784103343.142661 recvfrom(43, 0x71155c1c80, 3200, MSG_DONTWAIT, NULL, NULL) = -1 EAGAIN (Try again)
13987 1784103343.151760 recvfrom(43, 0x71155c1eb0, 3200, MSG_DONTWAIT, NULL, NULL) = -1 EAGAIN (Try again)
13965 1784103343.160977 recvfrom(42, "nysv\0\0\0\0\0\0\0\0\0\0\0\0%V\302\323\326\2\0\0j\324\2\0\0\0\0\0", 3200, MSG_DONTWAIT, NULL, NULL) = 32
13965 1784103343.160993 recvfrom(42, 0x7fefc89590, 3200, MSG_DONTWAIT, NULL, NULL) = -1 EAGAIN (Try again)
13965 1784103343.161064 recvfrom(45, 0x71a5c2bc20, 2272, MSG_DONTWAIT, NULL, NULL) = -1 EAGAIN (Try again)
13965 1784103343.161093 recvfrom(42, 0x7fefc88940, 3200, MSG_DONTWAIT, NULL, NULL) = -1 EAGAIN (Try again)
13987 1784103343.161762 recvfrom(43, "nysv\0\0\0\0\0\0\0\0\0\0\0\0%V\302\323\326\2\0\0j\324\2\0\0\0\0\0", 3200, MSG_DONTWAIT, NULL, NULL) = 32
13987 1784103343.161985 recvfrom(43, 0x71155c1c80, 3200, MSG_DONTWAIT, NULL, NULL) = -1 EAGAIN (Try again)
13987 1784103343.170962 recvfrom(43, 0x71155c1eb0, 3200, MSG_DONTWAIT, NULL, NULL) = -1 EAGAIN (Try again)
13965 1784103343.176903 recvfrom(42, "nysv\0\0\0\0\0\0\0\0\0\0\0\0fw\300\324\326\2\0\0k\324\2\0\0\0\0\0", 3200, MSG_DONTWAIT, NULL, NULL) = 32
13965 1784103343.176924 recvfrom(42, 0x7fefc89590, 3200, MSG_DONTWAIT, NULL, NULL) = -1 EAGAIN (Try again)
13965 1784103343.176958 recvfrom(45, 0x71a5c2bc20, 2272, MSG_DONTWAIT, NULL, NULL) = -1 EAGAIN (Try again)
13965 1784103343.176981 recvfrom(42, 0x7fefc888b0, 3200, MSG_DONTWAIT, NULL, NULL) = -1 EAGAIN (Try again)
13987 1784103343.177353 recvfrom(43, "nysv\0\0\0\0\0\0\0\0\0\0\0\0fw\300\324\326\2\0\0k\324\2\0\0\0\0\0", 3200, MSG_DONTWAIT, NULL, NULL) = 32
13987 1784103343.177517 recvfrom(43, 0x71155c1c80, 3200, MSG_DONTWAIT, NULL, NULL) = -1 EAGAIN (Try again)
13987 1784103343.186762 recvfrom(43, 0x71155c1eb0, 3200, MSG_DONTWAIT, NULL, NULL) = -1 EAGAIN (Try again)
13965 1784103343.193423 recvfrom(42, "nysv\0\0\0\0\0\0\0\0\0\0\0\0Y\232\276\325\326\2\0\0l\324\2\0\0\0\0\0", 3200, MSG_DONTWAIT, NULL, NULL) = 32
13965 1784103343.193436 recvfrom(42, 0x7fefc89590, 3200, MSG_DONTWAIT, NULL, NULL) = -1 EAGAIN (Try again)
13965 1784103343.193462 recvfrom(45, 0x71a5c2bc20, 2272, MSG_DONTWAIT, NULL, NULL) = -1 EAGAIN (Try again)
13965 1784103343.193473 recvfrom(42, 0x7fefc894f0, 3200, MSG_DONTWAIT, NULL, NULL) = -1 EAGAIN (Try again)
13987 1784103343.193628 recvfrom(43, "nysv\0\0\0\0\0\0\0\0\0\0\0\0Y\232\276\325\326\2\0\0l\324\2\0\0\0\0\0", 3200, MSG_DONTWAIT, NULL, NULL) = 32
13987 1784103343.194039 recvfrom(43, 0x71155c1c80, 3200, MSG_DONTWAIT, NULL, NULL) = -1 EAGAIN (Try again)
13987 1784103343.204365 recvfrom(43, 0x71155c1eb0, 3200, MSG_DONTWAIT, NULL, NULL) = -1 EAGAIN (Try again)
13965 1784103343.208751 recvfrom(42, "nysv\0\0\0\0\0\0\0\0\0\0\0\0G\21\275\326\326\2\0\0m\324\2\0\0\0\0\0", 3200, MSG_DONTWAIT, NULL, NULL) = 32
13965 1784103343.208771 recvfrom(42, 0x7fefc89590, 3200, MSG_DONTWAIT, NULL, NULL) = -1 EAGAIN (Try again)
13965 1784103343.208798 recvfrom(42, 0x7fefc894f0, 3200, MSG_DONTWAIT, NULL, NULL) = -1 EAGAIN (Try again)
13987 1784103343.209025 recvfrom(43, "nysv\0\0\0\0\0\0\0\0\0\0\0\0G\21\275\326\326\2\0\0m\324\2\0\0\0\0\0", 3200, MSG_DONTWAIT, NULL, NULL) = 32
13987 1784103343.209444 recvfrom(43, 0x71155c1c80, 3200, MSG_DONTWAIT, NULL, NULL) = -1 EAGAIN (Try again)
13987 1784103343.220463 recvfrom(43, 0x71155c1eb0, 3200, MSG_DONTWAIT, NULL, NULL) = -1 EAGAIN (Try again)
13965 1784103343.227479 recvfrom(42, "nysv\0\0\0\0\0\0\0\0\0\0\0\0\347\21\273\327\326\2\0\0n\324\2\0\0\0\0\0", 3200, MSG_DONTWAIT, NULL, NULL) = 32
13965 1784103343.227496 recvfrom(42, 0x7fefc89590, 3200, MSG_DONTWAIT, NULL, NULL) = -1 EAGAIN (Try again)
13965 1784103343.227605 recvfrom(42, 0x7fefc894f0, 3200, MSG_DONTWAIT, NULL, NULL) = -1 EAGAIN (Try again)
13987 1784103343.227902 recvfrom(43, "nysv\0\0\0\0\0\0\0\0\0\0\0\0\347\21\273\327\326\2\0\0n\324\2\0\0\0\0\0", 3200, MSG_DONTWAIT, NULL, NULL) = 32
13987 1784103343.228039 recvfrom(43, 0x71155c1c80, 3200, MSG_DONTWAIT, NULL, NULL) = -1 EAGAIN (Try again)
13987 1784103343.238216 recvfrom(43, 0x71155c1eb0, 3200, MSG_DONTWAIT, NULL, NULL) = -1 EAGAIN (Try again)
13965 1784103343.243366 recvfrom(42, "nysv\0\0\0\0\0\0\0\0\0\0\0\0\2315\271\330\326\2\0\0o\324\2\0\0\0\0\0", 3200, MSG_DONTWAIT, NULL, NULL) = 32
13965 1784103343.243379 recvfrom(42, 0x7fefc89590, 3200, MSG_DONTWAIT, NULL, NULL) = -1 EAGAIN (Try again)
13965 1784103343.243424 recvfrom(42, 0x7fefc894f0, 3200, MSG_DONTWAIT, NULL, NULL) = -1 EAGAIN (Try again)
13987 1784103343.243747 recvfrom(43, "nysv\0\0\0\0\0\0\0\0\0\0\0\0\2315\271\330\326\2\0\0o\324\2\0\0\0\0\0", 3200, MSG_DONTWAIT, NULL, NULL) = 32
13987 1784103343.244146 recvfrom(43, 0x71155c1c80, 3200, MSG_DONTWAIT, NULL, NULL) = -1 EAGAIN (Try again)
13987 1784103343.254927 recvfrom(43, 0x71155c1eb0, 3200, MSG_DONTWAIT, NULL, NULL) = -1 EAGAIN (Try again)
13965 1784103343.259290 recvfrom(42, "nysv\0\0\0\0\0\0\0\0\0\0\0\0_\210\267\331\326\2\0\0p\324\2\0\0\0\0\0", 3200, MSG_DONTWAIT, NULL, NULL) = 32
13965 1784103343.259321 recvfrom(42, 0x7fefc89590, 3200, MSG_DONTWAIT, NULL, NULL) = -1 EAGAIN (Try again)
13965 1784103343.259347 recvfrom(42, 0x7fefc894f0, 3200, MSG_DONTWAIT, NULL, NULL) = -1 EAGAIN (Try again)
13987 1784103343.259640 recvfrom(43, "nysv\0\0\0\0\0\0\0\0\0\0\0\0_\210\267\331\326\2\0\0p\324\2\0\0\0\0\0", 3200, MSG_DONTWAIT, NULL, NULL) = 32
13987 1784103343.260056 recvfrom(43, 0x71155c1c80, 3200, MSG_DONTWAIT, NULL, NULL) = -1 EAGAIN (Try again)
13987 1784103343.270189 recvfrom(43, 0x71155c1eb0, 3200, MSG_DONTWAIT, NULL, NULL) = -1 EAGAIN (Try again)
13965 1784103343.277278 recvfrom(42, "nysv\0\0\0\0\0\0\0\0\0\0\0\0G\220\265\332\326\2\0\0q\324\2\0\0\0\0\0", 3200, MSG_DONTWAIT, NULL, NULL) = 32
13965 1784103343.277292 recvfrom(42, 0x7fefc89590, 3200, MSG_DONTWAIT, NULL, NULL) = -1 EAGAIN (Try again)
13965 1784103343.277321 recvfrom(42,  <unfinished ...>
13987 1784103343.277323 recvfrom(43,  <unfinished ...>
13965 1784103343.277336 <... recvfrom resumed> 0x7fefc894f0, 3200, MSG_DONTWAIT, NULL, NULL) = -1 EAGAIN (Try again)
13987 1784103343.277464 <... recvfrom resumed> "nysv\0\0\0\0\0\0\0\0\0\0\0\0G\220\265\332\326\2\0\0q\324\2\0\0\0\0\0", 3200, MSG_DONTWAIT, NULL, NULL) = 32
13987 1784103343.277735 recvfrom(43, 0x71155c1c80, 3200, MSG_DONTWAIT, NULL, NULL) = -1 EAGAIN (Try again)
13987 1784103343.287659 recvfrom(43, 0x71155c1eb0, 3200, MSG_DONTWAIT, NULL, NULL) = -1 EAGAIN (Try again)
13965 1784103343.292578 recvfrom(42, "nysv\0\0\0\0\0\0\0\0\0\0\0\0q\340\263\333\326\2\0\0r\324\2\0\0\0\0\0", 3200, MSG_DONTWAIT, NULL, NULL) = 32
13965 1784103343.292595 recvfrom(42, 0x7fefc89590, 3200, MSG_DONTWAIT, NULL, NULL) = -1 EAGAIN (Try again)
13965 1784103343.292662 recvfrom(42, 0x7fefc894f0, 3200, MSG_DONTWAIT, NULL, NULL) = -1 EAGAIN (Try again)
13987 1784103343.292684 recvfrom(43, "nysv\0\0\0\0\0\0\0\0\0\0\0\0q\340\263\333\326\2\0\0r\324\2\0\0\0\0\0", 3200, MSG_DONTWAIT, NULL, NULL) = 32
13987 1784103343.293282 recvfrom(43, 0x71155c1c80, 3200, MSG_DONTWAIT, NULL, NULL) = -1 EAGAIN (Try again)
13987 1784103343.303144 recvfrom(43, 0x71155c1eb0, 3200, MSG_DONTWAIT, NULL, NULL) = -1 EAGAIN (Try again)
13965 1784103343.308908 recvfrom(42, "nysv\0\0\0\0\0\0\0\0\0\0\0\0\31O\262\334\326\2\0\0s\324\2\0\0\0\0\0", 3200, MSG_DONTWAIT, NULL, NULL) = 32
13965 1784103343.308923 recvfrom(42, 0x7fefc89590, 3200, MSG_DONTWAIT, NULL, NULL) = -1 EAGAIN (Try again)
13965 1784103343.308955 recvfrom(42, 0x7fefc894f0, 3200, MSG_DONTWAIT, NULL, NULL) = -1 EAGAIN (Try again)
13987 1784103343.309232 recvfrom(43, "nysv\0\0\0\0\0\0\0\0\0\0\0\0\31O\262\334\326\2\0\0s\324\2\0\0\0\0\0", 3200, MSG_DONTWAIT, NULL, NULL) = 32
13987 1784103343.309491 recvfrom(43, 0x71155c1c80, 3200, MSG_DONTWAIT, NULL, NULL) = -1 EAGAIN (Try again)
13987 1784103343.319360 recvfrom(43, 0x71155c1eb0, 3200, MSG_DONTWAIT, NULL, NULL) = -1 EAGAIN (Try again)
13965 1784103343.324663 recvfrom(42, "nysv\0\0\0\0\0\0\0\0\0\0\0\0\357\360\260\335\326\2\0\0t\324\2\0\0\0\0\0", 3200, MSG_DONTWAIT, NULL, NULL) = 32
13965 1784103343.324678 recvfrom(42, 0x7fefc89590, 3200, MSG_DONTWAIT, NULL, NULL) = -1 EAGAIN (Try again)
13965 1784103343.324709 recvfrom(42, 0x7fefc894f0, 3200, MSG_DONTWAIT, NULL, NULL) = -1 EAGAIN (Try again)
13987 1784103343.325058 recvfrom(43, "nysv\0\0\0\0\0\0\0\0\0\0\0\0\357\360\260\335\326\2\0\0t\324\2\0\0\0\0\0", 3200, MSG_DONTWAIT, NULL, NULL) = 32
13987 1784103343.325331 recvfrom(43, 0x71155c1c80, 3200, MSG_DONTWAIT, NULL, NULL) = -1 EAGAIN (Try again)
13987 1784103343.337167 recvfrom(43, 0x71155c1eb0, 3200, MSG_DONTWAIT, NULL, NULL) = -1 EAGAIN (Try again)
13965 1784103343.342992 recvfrom(42, "nysv\0\0\0\0\0\0\0\0\0\0\0\0\31A\257\336\326\2\0\0u\324\2\0\0\0\0\0", 3200, MSG_DONTWAIT, NULL, NULL) = 32
13965 1784103343.343007 recvfrom(42, 0x7fefc89590, 3200, MSG_DONTWAIT, NULL, NULL) = -1 EAGAIN (Try again)
13965 1784103343.343036 recvfrom(42, 0x7fefc894f0, 3200, MSG_DONTWAIT, NULL, NULL) = -1 EAGAIN (Try again)
13987 1784103343.343332 recvfrom(43, "nysv\0\0\0\0\0\0\0\0\0\0\0\0\31A\257\336\326\2\0\0u\324\2\0\0\0\0\0", 3200, MSG_DONTWAIT, NULL, NULL) = 32
13987 1784103343.343585 recvfrom(43, 0x71155c1c80, 3200, MSG_DONTWAIT, NULL, NULL) = -1 EAGAIN (Try again)
13987 1784103343.353100 recvfrom(43, 0x71155c1eb0, 3200, MSG_DONTWAIT, NULL, NULL) = -1 EAGAIN (Try again)
13965 1784103343.359386 recvfrom(42, "nysv\0\0\0\0\0\0\0\0\0\0\0\0\217S\255\337\326\2\0\0v\324\2\0\0\0\0\0", 3200, MSG_DONTWAIT, NULL, NULL) = 32
13965 1784103343.359399 recvfrom(42, 0x7fefc89590, 3200, MSG_DONTWAIT, NULL, NULL) = -1 EAGAIN (Try again)
13965 1784103343.359434 recvfrom(42, 0x7fefc894f0, 3200, MSG_DONTWAIT, NULL, NULL) = -1 EAGAIN (Try again)
13987 1784103343.359722 recvfrom(43, "nysv\0\0\0\0\0\0\0\0\0\0\0\0\217S\255\337\326\2\0\0v\324\2\0\0\0\0\0", 3200, MSG_DONTWAIT, NULL, NULL) = 32
13987 1784103343.359982 recvfrom(43, 0x71155c1c80, 3200, MSG_DONTWAIT, NULL, NULL) = -1 EAGAIN (Try again)
13987 1784103343.370092 recvfrom(43, 0x71155c1eb0, 3200, MSG_DONTWAIT, NULL, NULL) = -1 EAGAIN (Try again)
13965 1784103343.376890 recvfrom(42, "nysv\0\0\0\0\0\0\0\0\0\0\0\0\274o\253\340\326\2\0\0w\324\2\0\0\0\0\0", 3200, MSG_DONTWAIT, NULL, NULL) = 32
13965 1784103343.376904 recvfrom(42, 0x7fefc89590, 3200, MSG_DONTWAIT, NULL, NULL) = -1 EAGAIN (Try again)
13965 1784103343.376934 recvfrom(42, 0x7fefc894f0, 3200, MSG_DONTWAIT, NULL, NULL) = -1 EAGAIN (Try again)
13987 1784103343.377259 recvfrom(43, "nysv\0\0\0\0\0\0\0\0\0\0\0\0\274o\253\340\326\2\0\0w\324\2\0\0\0\0\0", 3200, MSG_DONTWAIT, NULL, NULL) = 32
13987 1784103343.377543 recvfrom(43, 0x71155c1c80, 3200, MSG_DONTWAIT, NULL, NULL) = -1 EAGAIN (Try again)
13987 1784103343.386558 recvfrom(43, 0x71155c1eb0, 3200, MSG_DONTWAIT, NULL, NULL) = -1 EAGAIN (Try again)
13965 1784103343.393031 recvfrom(42, "nysv\0\0\0\0\0\0\0\0\0\0\0\0\331\252\251\341\326\2\0\0x\324\2\0\0\0\0\0", 3200, MSG_DONTWAIT, NULL, NULL) = 32
13965 1784103343.393045 recvfrom(42, 0x7fefc89590, 3200, MSG_DONTWAIT, NULL, NULL) = -1 EAGAIN (Try again)
13987 1784103343.393473 recvfrom(43, "nysv\0\0\0\0\0\0\0\0\0\0\0\0\331\252\251\341\326\2\0\0x\324\2\0\0\0\0\0", 3200, MSG_DONTWAIT, NULL, NULL) = 32
13987 1784103343.393760 recvfrom(43, 0x71155c1c80, 3200, MSG_DONTWAIT, NULL, NULL) = -1 EAGAIN (Try again)
13987 1784103343.408508 recvfrom(43, "nysv\0\0\0\0\0\0\0\0\0\0\0\0\213@\250\342\326\2\0\0y\324\2\0\0\0\0\0", 3200, MSG_DONTWAIT, NULL, NULL) = 32
13987 1784103343.408823 recvfrom(43, 0x71155c1c80, 3200, MSG_DONTWAIT, NULL, NULL) = -1 EAGAIN (Try again)
13986 1784103344.964896 openat(AT_FDCWD, "/data/misc/profiles/cur/0/ca.andries.portknocker/primary.prof", O_RDWR|O_NOFOLLOW|O_CLOEXEC) = 70
13986 1784103344.967129 newfstatat(AT_FDCWD, "/data/misc/profiles/cur/0/ca.andries.portknocker/primary.prof", {st_mode=S_IFREG|0600, st_size=6865, ...}, 0) = 0
