relative_time,category,api,args_str
0,lifecycle,hook_loaded,"{""stage"": ""java_perform"", ""version"": ""3""}"
347,storage,SharedPreferences.getInt,"{""key"": ""version""}"
352,storage,SharedPreferences.getInt,"{""key"": ""mockCount""}"
356,storage,SharedPreferences.getInt,"{""key"": ""mockFrequency""}"
363,storage,SharedPreferences.getString,"{""key"": ""mapProvider""}"
370,webview,WebView.loadUrl,"{""url"": ""javascript:setOnMap(12.0,15.0);""}"
379,storage,SharedPreferences.putString,"{""key"": ""mapProvider""}"
387,storage,SharedPreferences.apply,{}
391,webview,WebView.loadUrl,"{""url"": ""file:///android_asset/map.html?lat=12.0&lng=15.0&zoom=12.0&provider=OpenStreetMap""}"
395,storage,SharedPreferences.getInt,"{""key"": ""version""}"
403,storage,SharedPreferences.getInt,"{""key"": ""mockCount""}"
405,storage,SharedPreferences.getInt,"{""key"": ""mockFrequency""}"
408,storage,SharedPreferences.getString,"{""key"": ""mapProvider""}"
420,file_io,AssetManager.open,"{""path"": ""map.html""}"
472,file_io,AssetManager.open,"{""path"": ""polyfill.js""}"
477,file_io,AssetManager.open,"{""path"": ""leaflet.css""}"
488,file_io,AssetManager.open,"{""path"": ""leaflet.js""}"
499,file_io,AssetManager.open,"{""path"": ""leaflet-providers.js""}"
504,file_io,AssetManager.open,"{""path"": ""search.js""}"
508,file_io,AssetManager.open,"{""path"": ""init.js""}"
551,reflection,Method.invoke,"{""class"": ""android.os.Trace"", ""method"": ""isTagEnabled""}"
564,reflection,Method.invoke,"{""class"": ""android.os.Trace"", ""method"": ""isTagEnabled""}"
576,reflection,Method.invoke,"{""class"": ""android.os.Trace"", ""method"": ""isTagEnabled""}"
618,file_io,AssetManager.open,"{""path"": ""marker-icon-2x.png""}"
622,file_io,AssetManager.open,"{""path"": ""marker-shadow.png""}"
676,reflection,Method.invoke,"{""class"": ""android.os.Trace"", ""method"": ""isTagEnabled""}"
711,reflection,Method.invoke,"{""class"": ""android.os.Trace"", ""method"": ""isTagEnabled""}"
731,reflection,Method.invoke,"{""class"": ""android.os.Trace"", ""method"": ""isTagEnabled""}"
821,reflection,Method.invoke,"{""class"": ""android.os.Trace"", ""method"": ""isTagEnabled""}"
867,reflection,Method.invoke,"{""class"": ""android.os.Trace"", ""method"": ""isTagEnabled""}"
879,reflection,Method.invoke,"{""class"": ""android.os.Trace"", ""method"": ""isTagEnabled""}"
902,reflection,Method.invoke,"{""class"": ""android.os.Trace"", ""method"": ""isTagEnabled""}"
912,reflection,Method.invoke,"{""class"": ""android.os.Trace"", ""method"": ""isTagEnabled""}"
921,reflection,Method.invoke,"{""class"": ""android.os.Trace"", ""method"": ""isTagEnabled""}"
937,reflection,Method.invoke,"{""class"": ""android.os.Trace"", ""method"": ""isTagEnabled""}"
954,reflection,Method.invoke,"{""class"": ""android.os.Trace"", ""method"": ""isTagEnabled""}"
970,reflection,Method.invoke,"{""class"": ""android.os.Trace"", ""method"": ""isTagEnabled""}"
986,reflection,Method.invoke,"{""class"": ""android.os.Trace"", ""method"": ""isTagEnabled""}"
1443,reflection,Method.invoke,"{""class"": ""android.os.Trace"", ""method"": ""isTagEnabled""}"
1460,reflection,Method.invoke,"{""class"": ""android.os.Trace"", ""method"": ""isTagEnabled""}"
1667,reflection,Method.invoke,"{""class"": ""android.os.Trace"", ""method"": ""isTagEnabled""}"
1944,reflection,Method.invoke,"{""class"": ""android.os.Trace"", ""method"": ""isTagEnabled""}"
1960,reflection,Method.invoke,"{""class"": ""android.os.Trace"", ""method"": ""isTagEnabled""}"
1975,reflection,Method.invoke,"{""class"": ""android.os.Trace"", ""method"": ""isTagEnabled""}"
1986,reflection,Method.invoke,"{""class"": ""android.os.Trace"", ""method"": ""isTagEnabled""}"
2000,reflection,Method.invoke,"{""class"": ""android.os.Trace"", ""method"": ""isTagEnabled""}"
2445,reflection,Method.invoke,"{""class"": ""android.os.Trace"", ""method"": ""isTagEnabled""}"
2687,reflection,Method.invoke,"{""class"": ""android.os.Trace"", ""method"": ""isTagEnabled""}"
2719,reflection,Method.invoke,"{""class"": ""android.os.Trace"", ""method"": ""isTagEnabled""}"
2890,reflection,Method.invoke,"{""class"": ""android.os.Trace"", ""method"": ""isTagEnabled""}"
2925,reflection,Method.invoke,"{""class"": ""android.os.Trace"", ""method"": ""isTagEnabled""}"
2938,reflection,Method.invoke,"{""class"": ""android.os.Trace"", ""method"": ""isTagEnabled""}"
2950,reflection,Method.invoke,"{""class"": ""android.os.Trace"", ""method"": ""isTagEnabled""}"
3461,reflection,Method.invoke,"{""class"": ""android.os.Trace"", ""method"": ""isTagEnabled""}"
3482,reflection,Method.invoke,"{""class"": ""android.os.Trace"", ""method"": ""isTagEnabled""}"
3491,reflection,Method.invoke,"{""class"": ""android.os.Trace"", ""method"": ""isTagEnabled""}"
3951,reflection,Method.invoke,"{""class"": ""android.os.Trace"", ""method"": ""isTagEnabled""}"
3966,reflection,Method.invoke,"{""class"": ""android.os.Trace"", ""method"": ""isTagEnabled""}"
3976,reflection,Method.invoke,"{""class"": ""android.os.Trace"", ""method"": ""isTagEnabled""}"
4173,reflection,Method.invoke,"{""class"": ""android.view.ViewGroup"", ""method"": ""makeOptionalFitsSystemWindows""}"
4239,storage,SharedPreferences.getInt,"{""key"": ""mockCount""}"
4243,storage,SharedPreferences.getInt,"{""key"": ""mockFrequency""}"
4248,storage,SharedPreferences.getString,"{""key"": ""mapProvider""}"
4352,reflection,Method.invoke,"{""class"": ""android.view.View"", ""method"": ""getViewRootImpl""}"
4366,reflection,Method.invoke,"{""class"": ""android.view.View"", ""method"": ""getViewRootImpl""}"
4402,reflection,Method.invoke,"{""class"": ""android.view.View"", ""method"": ""getViewRootImpl""}"
4412,reflection,Method.invoke,"{""class"": ""android.view.View"", ""method"": ""getViewRootImpl""}"
4668,reflection,Method.invoke,"{""class"": ""android.view.View"", ""method"": ""getViewRootImpl""}"
4690,reflection,Method.invoke,"{""class"": ""android.view.View"", ""method"": ""getViewRootImpl""}"
4768,reflection,Method.invoke,"{""class"": ""android.os.Trace"", ""method"": ""isTagEnabled""}"
4777,reflection,Method.invoke,"{""class"": ""android.os.Trace"", ""method"": ""isTagEnabled""}"
4993,reflection,Method.invoke,"{""class"": ""android.os.Trace"", ""method"": ""isTagEnabled""}"
5083,reflection,Method.invoke,"{""class"": ""android.os.Trace"", ""method"": ""isTagEnabled""}"
5803,reflection,Method.invoke,"{""class"": ""android.os.Trace"", ""method"": ""isTagEnabled""}"
5821,reflection,Method.invoke,"{""class"": ""android.os.Trace"", ""method"": ""isTagEnabled""}"
6180,reflection,Method.invoke,"{""class"": ""android.os.Trace"", ""method"": ""isTagEnabled""}"
6392,reflection,Method.invoke,"{""class"": ""android.os.Trace"", ""method"": ""isTagEnabled""}"
7416,reflection,Method.invoke,"{""class"": ""android.os.Trace"", ""method"": ""isTagEnabled""}"
7443,reflection,Method.invoke,"{""class"": ""android.os.Trace"", ""method"": ""isTagEnabled""}"
7605,storage,SharedPreferences.getInt,"{""key"": ""version""}"
7608,storage,SharedPreferences.getInt,"{""key"": ""mockCount""}"
7608,storage,SharedPreferences.getInt,"{""key"": ""mockFrequency""}"
7609,storage,SharedPreferences.getString,"{""key"": ""mapProvider""}"
7609,webview,WebView.loadUrl,"{""url"": ""javascript:setOnMap(12.0,15.0);""}"
7610,storage,SharedPreferences.putString,"{""key"": ""mapProvider""}"
7616,storage,SharedPreferences.apply,{}
7616,webview,WebView.loadUrl,"{""url"": ""file:///android_asset/map.html?lat=12.0&lng=15.0&zoom=12.0&provider=OpenStreetMap""}"
7618,storage,SharedPreferences.getInt,"{""key"": ""version""}"
7619,storage,SharedPreferences.getInt,"{""key"": ""mockCount""}"
7619,storage,SharedPreferences.getInt,"{""key"": ""mockFrequency""}"
7620,storage,SharedPreferences.getString,"{""key"": ""mapProvider""}"
7628,file_io,AssetManager.open,"{""path"": ""map.html""}"
7827,file_io,AssetManager.open,"{""path"": ""polyfill.js""}"
7828,file_io,AssetManager.open,"{""path"": ""leaflet.css""}"
7833,file_io,AssetManager.open,"{""path"": ""leaflet.js""}"
7836,file_io,AssetManager.open,"{""path"": ""leaflet-providers.js""}"
7840,file_io,AssetManager.open,"{""path"": ""search.js""}"
7842,file_io,AssetManager.open,"{""path"": ""init.js""}"
7939,reflection,Method.invoke,"{""class"": ""android.os.Trace"", ""method"": ""isTagEnabled""}"
7948,reflection,Method.invoke,"{""class"": ""android.os.Trace"", ""method"": ""isTagEnabled""}"
8002,file_io,AssetManager.open,"{""path"": ""marker-icon-2x.png""}"
8004,file_io,AssetManager.open,"{""path"": ""marker-shadow.png""}"
8028,reflection,Method.invoke,"{""class"": ""android.os.Trace"", ""method"": ""isTagEnabled""}"
8303,reflection,Method.invoke,"{""class"": ""android.os.Trace"", ""method"": ""isTagEnabled""}"
8345,reflection,Method.invoke,"{""class"": ""android.os.Trace"", ""method"": ""isTagEnabled""}"
8351,reflection,Method.invoke,"{""class"": ""android.os.Trace"", ""method"": ""isTagEnabled""}"
8364,reflection,Method.invoke,"{""class"": ""android.os.Trace"", ""method"": ""isTagEnabled""}"
8382,reflection,Method.invoke,"{""class"": ""android.os.Trace"", ""method"": ""isTagEnabled""}"
8398,reflection,Method.invoke,"{""class"": ""android.os.Trace"", ""method"": ""isTagEnabled""}"
8413,reflection,Method.invoke,"{""class"": ""android.os.Trace"", ""method"": ""isTagEnabled""}"
8807,reflection,Method.invoke,"{""class"": ""android.os.Trace"", ""method"": ""isTagEnabled""}"
8868,reflection,Method.invoke,"{""class"": ""android.os.Trace"", ""method"": ""isTagEnabled""}"
9549,reflection,Method.invoke,"{""class"": ""android.os.Trace"", ""method"": ""isTagEnabled""}"
9564,reflection,Method.invoke,"{""class"": ""android.os.Trace"", ""method"": ""isTagEnabled""}"
9583,reflection,Method.invoke,"{""class"": ""android.os.Trace"", ""method"": ""isTagEnabled""}"
9596,reflection,Method.invoke,"{""class"": ""android.os.Trace"", ""method"": ""isTagEnabled""}"
9848,reflection,Method.invoke,"{""class"": ""android.os.Trace"", ""method"": ""isTagEnabled""}"
9898,reflection,Method.invoke,"{""class"": ""android.os.Trace"", ""method"": ""isTagEnabled""}"
9915,reflection,Method.invoke,"{""class"": ""android.os.Trace"", ""method"": ""isTagEnabled""}"
9952,reflection,Method.invoke,"{""class"": ""android.os.Trace"", ""method"": ""isTagEnabled""}"
10353,reflection,Method.invoke,"{""class"": ""android.os.Trace"", ""method"": ""isTagEnabled""}"
10415,reflection,Method.invoke,"{""class"": ""android.os.Trace"", ""method"": ""isTagEnabled""}"
10429,reflection,Method.invoke,"{""class"": ""android.os.Trace"", ""method"": ""isTagEnabled""}"
10853,reflection,Method.invoke,"{""class"": ""android.os.Trace"", ""method"": ""isTagEnabled""}"
10917,reflection,Method.invoke,"{""class"": ""android.os.Trace"", ""method"": ""isTagEnabled""}"
10932,reflection,Method.invoke,"{""class"": ""android.os.Trace"", ""method"": ""isTagEnabled""}"
10957,reflection,Method.invoke,"{""class"": ""android.os.Trace"", ""method"": ""isTagEnabled""}"
10967,reflection,Method.invoke,"{""class"": ""android.os.Trace"", ""method"": ""isTagEnabled""}"
10974,reflection,Method.invoke,"{""class"": ""android.os.Trace"", ""method"": ""isTagEnabled""}"
11107,reflection,Method.invoke,"{""class"": ""android.os.Trace"", ""method"": ""isTagEnabled""}"
11133,reflection,Method.invoke,"{""class"": ""android.os.Trace"", ""method"": ""isTagEnabled""}"
11150,reflection,Method.invoke,"{""class"": ""android.os.Trace"", ""method"": ""isTagEnabled""}"
11162,reflection,Method.invoke,"{""class"": ""android.os.Trace"", ""method"": ""isTagEnabled""}"
11209,reflection,Method.invoke,"{""class"": ""android.os.Trace"", ""method"": ""isTagEnabled""}"
11219,reflection,Method.invoke,"{""class"": ""android.os.Trace"", ""method"": ""isTagEnabled""}"
11234,reflection,Method.invoke,"{""class"": ""android.os.Trace"", ""method"": ""isTagEnabled""}"
11349,reflection,Method.invoke,"{""class"": ""android.os.Trace"", ""method"": ""isTagEnabled""}"
12232,reflection,Method.invoke,"{""class"": ""android.os.Trace"", ""method"": ""isTagEnabled""}"
12252,reflection,Method.invoke,"{""class"": ""android.os.Trace"", ""method"": ""isTagEnabled""}"
12268,reflection,Method.invoke,"{""class"": ""android.os.Trace"", ""method"": ""isTagEnabled""}"
12276,reflection,Method.invoke,"{""class"": ""android.os.Trace"", ""method"": ""isTagEnabled""}"
12285,reflection,Method.invoke,"{""class"": ""android.os.Trace"", ""method"": ""isTagEnabled""}"
12295,reflection,Method.invoke,"{""class"": ""android.os.Trace"", ""method"": ""isTagEnabled""}"
12307,reflection,Method.invoke,"{""class"": ""android.os.Trace"", ""method"": ""isTagEnabled""}"
12908,reflection,Method.invoke,"{""class"": ""android.os.Trace"", ""method"": ""isTagEnabled""}"
13925,reflection,Method.invoke,"{""class"": ""android.os.Trace"", ""method"": ""isTagEnabled""}"
13957,reflection,Method.invoke,"{""class"": ""android.os.Trace"", ""method"": ""isTagEnabled""}"
13974,reflection,Method.invoke,"{""class"": ""android.os.Trace"", ""method"": ""isTagEnabled""}"
14143,ipc_intents,Context.bindService,"{""action"": null, ""flags"": 1, ""target"": ""cl.coders.faketraveler/cl.coders.faketraveler.MockedLocationService""}"
14214,storage,SharedPreferences.putString,"{""key"": ""mapProvider""}"
14227,storage,SharedPreferences.apply,{}
14340,file_io,File.delete,"{""path"": ""/data/user/0/cl.coders.faketraveler/shared_prefs/cl.coders.faketraveler.sharedprefs.xml.bak""}"
14359,reflection,Method.invoke,"{""class"": ""android.os.Trace"", ""method"": ""isTagEnabled""}"
14380,reflection,Method.invoke,"{""class"": ""android.os.Trace"", ""method"": ""isTagEnabled""}"
14410,reflection,Method.invoke,"{""class"": ""android.os.Trace"", ""method"": ""isTagEnabled""}"
14436,reflection,Method.invoke,"{""class"": ""android.os.Trace"", ""method"": ""isTagEnabled""}"
14461,reflection,Method.invoke,"{""class"": ""android.os.Trace"", ""method"": ""isTagEnabled""}"
14493,reflection,Method.invoke,"{""class"": ""android.os.Trace"", ""method"": ""isTagEnabled""}"
14521,reflection,Method.invoke,"{""class"": ""android.os.Trace"", ""method"": ""isTagEnabled""}"
14536,reflection,Method.invoke,"{""class"": ""android.os.Trace"", ""method"": ""isTagEnabled""}"
14821,reflection,Method.invoke,"{""class"": ""android.os.Trace"", ""method"": ""isTagEnabled""}"
15300,reflection,Method.invoke,"{""class"": ""android.os.Trace"", ""method"": ""isTagEnabled""}"
15321,reflection,Method.invoke,"{""class"": ""android.os.Trace"", ""method"": ""isTagEnabled""}"
15342,reflection,Method.invoke,"{""class"": ""android.os.Trace"", ""method"": ""isTagEnabled""}"
15954,reflection,Method.invoke,"{""class"": ""android.os.Trace"", ""method"": ""isTagEnabled""}"
16300,reflection,Method.invoke,"{""class"": ""android.os.Trace"", ""method"": ""isTagEnabled""}"
16967,reflection,Method.invoke,"{""class"": ""android.os.Trace"", ""method"": ""isTagEnabled""}"
16988,reflection,Method.invoke,"{""class"": ""android.os.Trace"", ""method"": ""isTagEnabled""}"
17007,reflection,Method.invoke,"{""class"": ""android.os.Trace"", ""method"": ""isTagEnabled""}"
17122,reflection,Method.invoke,"{""class"": ""android.os.Trace"", ""method"": ""isTagEnabled""}"
17125,reflection,Method.invoke,"{""class"": ""android.os.Trace"", ""method"": ""isTagEnabled""}"
17152,reflection,Method.invoke,"{""class"": ""android.view.ViewGroup"", ""method"": ""makeOptionalFitsSystemWindows""}"
17165,storage,SharedPreferences.getInt,"{""key"": ""mockCount""}"
17169,storage,SharedPreferences.getInt,"{""key"": ""mockFrequency""}"
17169,storage,SharedPreferences.getString,"{""key"": ""mapProvider""}"
17187,reflection,Method.invoke,"{""class"": ""android.view.View"", ""method"": ""getViewRootImpl""}"
17193,reflection,Method.invoke,"{""class"": ""android.view.View"", ""method"": ""getViewRootImpl""}"
17205,reflection,Method.invoke,"{""class"": ""android.view.View"", ""method"": ""getViewRootImpl""}"
17211,reflection,Method.invoke,"{""class"": ""android.view.View"", ""method"": ""getViewRootImpl""}"
17392,reflection,Method.invoke,"{""class"": ""android.view.View"", ""method"": ""getViewRootImpl""}"
17401,reflection,Method.invoke,"{""class"": ""android.view.View"", ""method"": ""getViewRootImpl""}"
17545,reflection,Method.invoke,"{""class"": ""android.os.Trace"", ""method"": ""isTagEnabled""}"
17557,reflection,Method.invoke,"{""class"": ""android.os.Trace"", ""method"": ""isTagEnabled""}"
17610,reflection,Method.invoke,"{""class"": ""android.os.Trace"", ""method"": ""isTagEnabled""}"
17645,reflection,Method.invoke,"{""class"": ""android.os.Trace"", ""method"": ""isTagEnabled""}"
17807,reflection,Method.invoke,"{""class"": ""android.os.Trace"", ""method"": ""isTagEnabled""}"
17891,reflection,Method.invoke,"{""class"": ""android.os.Trace"", ""method"": ""isTagEnabled""}"
18546,reflection,Method.invoke,"{""class"": ""android.os.Trace"", ""method"": ""isTagEnabled""}"
18576,reflection,Method.invoke,"{""class"": ""android.os.Trace"", ""method"": ""isTagEnabled""}"
19073,reflection,Method.invoke,"{""class"": ""android.os.Trace"", ""method"": ""isTagEnabled""}"
19123,reflection,Method.invoke,"{""class"": ""android.os.Trace"", ""method"": ""isTagEnabled""}"
20134,reflection,Method.invoke,"{""class"": ""android.os.Trace"", ""method"": ""isTagEnabled""}"
20178,reflection,Method.invoke,"{""class"": ""android.os.Trace"", ""method"": ""isTagEnabled""}"
20352,storage,SharedPreferences.getInt,"{""key"": ""version""}"
20355,storage,SharedPreferences.getInt,"{""key"": ""mockCount""}"
20360,storage,SharedPreferences.getInt,"{""key"": ""mockFrequency""}"
20370,storage,SharedPreferences.getString,"{""key"": ""mapProvider""}"
20374,webview,WebView.loadUrl,"{""url"": ""javascript:setOnMap(12.0,15.0);""}"
20385,storage,SharedPreferences.putString,"{""key"": ""mapProvider""}"
20387,storage,SharedPreferences.apply,{}
20390,webview,WebView.loadUrl,"{""url"": ""file:///android_asset/map.html?lat=12.0&lng=15.0&zoom=12.0&provider=OpenStreetMap""}"
20400,storage,SharedPreferences.getInt,"{""key"": ""version""}"
20403,storage,SharedPreferences.getInt,"{""key"": ""mockCount""}"
20405,storage,SharedPreferences.getInt,"{""key"": ""mockFrequency""}"
20408,storage,SharedPreferences.getString,"{""key"": ""mapProvider""}"
20430,file_io,AssetManager.open,"{""path"": ""map.html""}"
20612,file_io,AssetManager.open,"{""path"": ""polyfill.js""}"
20624,file_io,AssetManager.open,"{""path"": ""leaflet.js""}"
20626,file_io,AssetManager.open,"{""path"": ""leaflet.css""}"
20637,file_io,AssetManager.open,"{""path"": ""leaflet-providers.js""}"
20643,file_io,AssetManager.open,"{""path"": ""init.js""}"
20658,file_io,AssetManager.open,"{""path"": ""search.js""}"
20834,reflection,Method.invoke,"{""class"": ""android.os.Trace"", ""method"": ""isTagEnabled""}"
20844,file_io,AssetManager.open,"{""path"": ""marker-icon-2x.png""}"
20850,file_io,AssetManager.open,"{""path"": ""marker-shadow.png""}"
20896,reflection,Method.invoke,"{""class"": ""android.os.Trace"", ""method"": ""isTagEnabled""}"
21153,reflection,Method.invoke,"{""class"": ""android.os.Trace"", ""method"": ""isTagEnabled""}"
21171,reflection,Method.invoke,"{""class"": ""android.os.Trace"", ""method"": ""isTagEnabled""}"
21188,reflection,Method.invoke,"{""class"": ""android.os.Trace"", ""method"": ""isTagEnabled""}"
21203,reflection,Method.invoke,"{""class"": ""android.os.Trace"", ""method"": ""isTagEnabled""}"
21220,reflection,Method.invoke,"{""class"": ""android.os.Trace"", ""method"": ""isTagEnabled""}"
21237,reflection,Method.invoke,"{""class"": ""android.os.Trace"", ""method"": ""isTagEnabled""}"
21252,reflection,Method.invoke,"{""class"": ""android.os.Trace"", ""method"": ""isTagEnabled""}"
22387,reflection,Method.invoke,"{""class"": ""android.os.Trace"", ""method"": ""isTagEnabled""}"
22394,reflection,Method.invoke,"{""class"": ""android.os.Trace"", ""method"": ""isTagEnabled""}"
22401,reflection,Method.invoke,"{""class"": ""android.os.Trace"", ""method"": ""isTagEnabled""}"
22419,reflection,Method.invoke,"{""class"": ""android.os.Trace"", ""method"": ""isTagEnabled""}"
22438,reflection,Method.invoke,"{""class"": ""android.os.Trace"", ""method"": ""isTagEnabled""}"
22770,reflection,Method.invoke,"{""class"": ""android.os.Trace"", ""method"": ""isTagEnabled""}"
23782,reflection,Method.invoke,"{""class"": ""android.os.Trace"", ""method"": ""isTagEnabled""}"
23805,reflection,Method.invoke,"{""class"": ""android.os.Trace"", ""method"": ""isTagEnabled""}"
23824,reflection,Method.invoke,"{""class"": ""android.os.Trace"", ""method"": ""isTagEnabled""}"
23939,reflection,Method.invoke,"{""class"": ""android.os.Trace"", ""method"": ""isTagEnabled""}"
23959,reflection,Method.invoke,"{""class"": ""android.os.Trace"", ""method"": ""isTagEnabled""}"
23986,reflection,Method.invoke,"{""class"": ""android.os.Trace"", ""method"": ""isTagEnabled""}"
24001,reflection,Method.invoke,"{""class"": ""android.os.Trace"", ""method"": ""isTagEnabled""}"
24103,reflection,Method.invoke,"{""class"": ""android.os.Trace"", ""method"": ""isTagEnabled""}"
24119,reflection,Method.invoke,"{""class"": ""android.os.Trace"", ""method"": ""isTagEnabled""}"
24135,reflection,Method.invoke,"{""class"": ""android.os.Trace"", ""method"": ""isTagEnabled""}"
24151,reflection,Method.invoke,"{""class"": ""android.os.Trace"", ""method"": ""isTagEnabled""}"
24169,reflection,Method.invoke,"{""class"": ""android.os.Trace"", ""method"": ""isTagEnabled""}"
24186,reflection,Method.invoke,"{""class"": ""android.os.Trace"", ""method"": ""isTagEnabled""}"
24210,storage,SharedPreferences.putString,"{""key"": ""mapProvider""}"
24210,storage,SharedPreferences.apply,{}
24220,reflection,Method.invoke,"{""class"": ""android.os.Trace"", ""method"": ""isTagEnabled""}"
24237,reflection,Method.invoke,"{""class"": ""android.os.Trace"", ""method"": ""isTagEnabled""}"
24249,reflection,Method.invoke,"{""class"": ""android.os.Trace"", ""method"": ""isTagEnabled""}"
24263,reflection,Method.invoke,"{""class"": ""android.os.Trace"", ""method"": ""isTagEnabled""}"
24280,reflection,Method.invoke,"{""class"": ""android.os.Trace"", ""method"": ""isTagEnabled""}"
24298,reflection,Method.invoke,"{""class"": ""android.os.Trace"", ""method"": ""isTagEnabled""}"
24317,file_io,File.delete,"{""path"": ""/data/user/0/cl.coders.faketraveler/shared_prefs/cl.coders.faketraveler.sharedprefs.xml.bak""}"
24335,reflection,Method.invoke,"{""class"": ""android.os.Trace"", ""method"": ""isTagEnabled""}"
24349,reflection,Method.invoke,"{""class"": ""android.os.Trace"", ""method"": ""isTagEnabled""}"
24362,reflection,Method.invoke,"{""class"": ""android.os.Trace"", ""method"": ""isTagEnabled""}"
25332,reflection,Method.invoke,"{""class"": ""android.os.Trace"", ""method"": ""isTagEnabled""}"
25348,reflection,Method.invoke,"{""class"": ""android.os.Trace"", ""method"": ""isTagEnabled""}"
25362,reflection,Method.invoke,"{""class"": ""android.os.Trace"", ""method"": ""isTagEnabled""}"
25996,reflection,Method.invoke,"{""class"": ""android.os.Trace"", ""method"": ""isTagEnabled""}"
27006,reflection,Method.invoke,"{""class"": ""android.os.Trace"", ""method"": ""isTagEnabled""}"
27025,reflection,Method.invoke,"{""class"": ""android.os.Trace"", ""method"": ""isTagEnabled""}"
27038,reflection,Method.invoke,"{""class"": ""android.os.Trace"", ""method"": ""isTagEnabled""}"
27163,reflection,Method.invoke,"{""class"": ""android.os.Trace"", ""method"": ""isTagEnabled""}"
27187,reflection,Method.invoke,"{""class"": ""android.os.Trace"", ""method"": ""isTagEnabled""}"
27198,reflection,Method.invoke,"{""class"": ""android.os.Trace"", ""method"": ""isTagEnabled""}"
27220,reflection,Method.invoke,"{""class"": ""android.os.Trace"", ""method"": ""isTagEnabled""}"
27229,reflection,Method.invoke,"{""class"": ""android.os.Trace"", ""method"": ""isTagEnabled""}"
27253,reflection,Method.invoke,"{""class"": ""android.os.Trace"", ""method"": ""isTagEnabled""}"
28264,reflection,Method.invoke,"{""class"": ""android.os.Trace"", ""method"": ""isTagEnabled""}"
28281,reflection,Method.invoke,"{""class"": ""android.os.Trace"", ""method"": ""isTagEnabled""}"
28288,reflection,Method.invoke,"{""class"": ""android.os.Trace"", ""method"": ""isTagEnabled""}"
28290,reflection,Method.invoke,"{""class"": ""android.os.Trace"", ""method"": ""isTagEnabled""}"
28297,reflection,Method.invoke,"{""class"": ""android.os.Trace"", ""method"": ""isTagEnabled""}"
28301,reflection,Method.invoke,"{""class"": ""android.os.Trace"", ""method"": ""isTagEnabled""}"
28305,reflection,Method.invoke,"{""class"": ""android.os.Trace"", ""method"": ""isTagEnabled""}"
28312,reflection,Method.invoke,"{""class"": ""android.os.Trace"", ""method"": ""isTagEnabled""}"
28712,reflection,Method.invoke,"{""class"": ""android.os.Trace"", ""method"": ""isTagEnabled""}"
28719,reflection,Method.invoke,"{""class"": ""android.os.Trace"", ""method"": ""isTagEnabled""}"
28734,reflection,Method.invoke,"{""class"": ""android.os.Trace"", ""method"": ""isTagEnabled""}"
28749,reflection,Method.invoke,"{""class"": ""android.os.Trace"", ""method"": ""isTagEnabled""}"
28916,reflection,Method.invoke,"{""class"": ""android.os.Trace"", ""method"": ""isTagEnabled""}"
29937,reflection,Method.invoke,"{""class"": ""android.os.Trace"", ""method"": ""isTagEnabled""}"
29962,reflection,Method.invoke,"{""class"": ""android.os.Trace"", ""method"": ""isTagEnabled""}"
29976,reflection,Method.invoke,"{""class"": ""android.os.Trace"", ""method"": ""isTagEnabled""}"
30087,ipc_intents,Context.bindService,"{""action"": null, ""flags"": 1, ""target"": ""cl.coders.faketraveler/cl.coders.faketraveler.MockedLocationService""}"
30098,reflection,Method.invoke,"{""class"": ""android.os.Trace"", ""method"": ""isTagEnabled""}"
30105,reflection,Method.invoke,"{""class"": ""android.os.Trace"", ""method"": ""isTagEnabled""}"
30117,reflection,Method.invoke,"{""class"": ""android.os.Trace"", ""method"": ""isTagEnabled""}"
30138,reflection,Method.invoke,"{""class"": ""android.os.Trace"", ""method"": ""isTagEnabled""}"
30193,reflection,Method.invoke,"{""class"": ""android.os.Trace"", ""method"": ""isTagEnabled""}"
30202,reflection,Method.invoke,"{""class"": ""android.os.Trace"", ""method"": ""isTagEnabled""}"
30219,reflection,Method.invoke,"{""class"": ""android.os.Trace"", ""method"": ""isTagEnabled""}"
30230,reflection,Method.invoke,"{""class"": ""android.os.Trace"", ""method"": ""isTagEnabled""}"
30240,reflection,Method.invoke,"{""class"": ""android.os.Trace"", ""method"": ""isTagEnabled""}"
30250,reflection,Method.invoke,"{""class"": ""android.os.Trace"", ""method"": ""isTagEnabled""}"
30269,reflection,Method.invoke,"{""class"": ""android.os.Trace"", ""method"": ""isTagEnabled""}"
30285,reflection,Method.invoke,"{""class"": ""android.os.Trace"", ""method"": ""isTagEnabled""}"
30302,reflection,Method.invoke,"{""class"": ""android.os.Trace"", ""method"": ""isTagEnabled""}"
30320,reflection,Method.invoke,"{""class"": ""android.os.Trace"", ""method"": ""isTagEnabled""}"
30335,reflection,Method.invoke,"{""class"": ""android.os.Trace"", ""method"": ""isTagEnabled""}"
30355,reflection,Method.invoke,"{""class"": ""android.os.Trace"", ""method"": ""isTagEnabled""}"
30367,reflection,Method.invoke,"{""class"": ""android.os.Trace"", ""method"": ""isTagEnabled""}"
30385,reflection,Method.invoke,"{""class"": ""android.os.Trace"", ""method"": ""isTagEnabled""}"
30402,reflection,Method.invoke,"{""class"": ""android.os.Trace"", ""method"": ""isTagEnabled""}"
30418,reflection,Method.invoke,"{""class"": ""android.os.Trace"", ""method"": ""isTagEnabled""}"
30438,reflection,Method.invoke,"{""class"": ""android.os.Trace"", ""method"": ""isTagEnabled""}"
30450,reflection,Method.invoke,"{""class"": ""android.os.Trace"", ""method"": ""isTagEnabled""}"
30470,reflection,Method.invoke,"{""class"": ""android.os.Trace"", ""method"": ""isTagEnabled""}"
30483,reflection,Method.invoke,"{""class"": ""android.os.Trace"", ""method"": ""isTagEnabled""}"
30502,reflection,Method.invoke,"{""class"": ""android.os.Trace"", ""method"": ""isTagEnabled""}"
30520,reflection,Method.invoke,"{""class"": ""android.os.Trace"", ""method"": ""isTagEnabled""}"
31211,reflection,Method.invoke,"{""class"": ""android.os.Trace"", ""method"": ""isTagEnabled""}"
31228,reflection,Method.invoke,"{""class"": ""android.os.Trace"", ""method"": ""isTagEnabled""}"
31243,reflection,Method.invoke,"{""class"": ""android.os.Trace"", ""method"": ""isTagEnabled""}"
31858,reflection,Method.invoke,"{""class"": ""android.os.Trace"", ""method"": ""isTagEnabled""}"
32869,reflection,Method.invoke,"{""class"": ""android.os.Trace"", ""method"": ""isTagEnabled""}"
32889,reflection,Method.invoke,"{""class"": ""android.os.Trace"", ""method"": ""isTagEnabled""}"
32908,reflection,Method.invoke,"{""class"": ""android.os.Trace"", ""method"": ""isTagEnabled""}"
33020,ipc_intents,Context.bindService,"{""action"": null, ""flags"": 1, ""target"": ""cl.coders.faketraveler/cl.coders.faketraveler.MockedLocationService""}"
33028,reflection,Method.invoke,"{""class"": ""android.os.Trace"", ""method"": ""isTagEnabled""}"
33036,reflection,Method.invoke,"{""class"": ""android.os.Trace"", ""method"": ""isTagEnabled""}"
33052,reflection,Method.invoke,"{""class"": ""android.os.Trace"", ""method"": ""isTagEnabled""}"
33127,reflection,Method.invoke,"{""class"": ""android.os.Trace"", ""method"": ""isTagEnabled""}"
33133,reflection,Method.invoke,"{""class"": ""android.os.Trace"", ""method"": ""isTagEnabled""}"
33152,reflection,Method.invoke,"{""class"": ""android.os.Trace"", ""method"": ""isTagEnabled""}"
33159,reflection,Method.invoke,"{""class"": ""android.os.Trace"", ""method"": ""isTagEnabled""}"
33169,reflection,Method.invoke,"{""class"": ""android.os.Trace"", ""method"": ""isTagEnabled""}"
33184,reflection,Method.invoke,"{""class"": ""android.os.Trace"", ""method"": ""isTagEnabled""}"
33200,reflection,Method.invoke,"{""class"": ""android.os.Trace"", ""method"": ""isTagEnabled""}"
33209,reflection,Method.invoke,"{""class"": ""android.os.Trace"", ""method"": ""isTagEnabled""}"
33216,reflection,Method.invoke,"{""class"": ""android.os.Trace"", ""method"": ""isTagEnabled""}"
33236,reflection,Method.invoke,"{""class"": ""android.os.Trace"", ""method"": ""isTagEnabled""}"
33253,reflection,Method.invoke,"{""class"": ""android.os.Trace"", ""method"": ""isTagEnabled""}"
33267,reflection,Method.invoke,"{""class"": ""android.os.Trace"", ""method"": ""isTagEnabled""}"
33285,reflection,Method.invoke,"{""class"": ""android.os.Trace"", ""method"": ""isTagEnabled""}"
33293,reflection,Method.invoke,"{""class"": ""android.os.Trace"", ""method"": ""isTagEnabled""}"
33300,reflection,Method.invoke,"{""class"": ""android.os.Trace"", ""method"": ""isTagEnabled""}"
33319,reflection,Method.invoke,"{""class"": ""android.os.Trace"", ""method"": ""isTagEnabled""}"
33335,reflection,Method.invoke,"{""class"": ""android.os.Trace"", ""method"": ""isTagEnabled""}"
33350,reflection,Method.invoke,"{""class"": ""android.os.Trace"", ""method"": ""isTagEnabled""}"
33371,reflection,Method.invoke,"{""class"": ""android.os.Trace"", ""method"": ""isTagEnabled""}"
33383,reflection,Method.invoke,"{""class"": ""android.os.Trace"", ""method"": ""isTagEnabled""}"
33404,reflection,Method.invoke,"{""class"": ""android.os.Trace"", ""method"": ""isTagEnabled""}"
33410,reflection,Method.invoke,"{""class"": ""android.os.Trace"", ""method"": ""isTagEnabled""}"
33417,reflection,Method.invoke,"{""class"": ""android.os.Trace"", ""method"": ""isTagEnabled""}"
33454,reflection,Method.invoke,"{""class"": ""android.os.Trace"", ""method"": ""isTagEnabled""}"
33468,reflection,Method.invoke,"{""class"": ""android.os.Trace"", ""method"": ""isTagEnabled""}"
34145,reflection,Method.invoke,"{""class"": ""android.os.Trace"", ""method"": ""isTagEnabled""}"
34169,reflection,Method.invoke,"{""class"": ""android.os.Trace"", ""method"": ""isTagEnabled""}"
34188,reflection,Method.invoke,"{""class"": ""android.os.Trace"", ""method"": ""isTagEnabled""}"
34794,reflection,Method.invoke,"{""class"": ""android.os.Trace"", ""method"": ""isTagEnabled""}"
35806,reflection,Method.invoke,"{""class"": ""android.os.Trace"", ""method"": ""isTagEnabled""}"
35821,reflection,Method.invoke,"{""class"": ""android.os.Trace"", ""method"": ""isTagEnabled""}"
35844,reflection,Method.invoke,"{""class"": ""android.os.Trace"", ""method"": ""isTagEnabled""}"
36014,reflection,Method.invoke,"{""class"": ""android.view.ViewGroup"", ""method"": ""makeOptionalFitsSystemWindows""}"
36045,storage,SharedPreferences.getInt,"{""key"": ""mockCount""}"
36051,storage,SharedPreferences.getInt,"{""key"": ""mockFrequency""}"
36052,storage,SharedPreferences.getString,"{""key"": ""mapProvider""}"
36169,reflection,Method.invoke,"{""class"": ""android.view.View"", ""method"": ""getViewRootImpl""}"
36170,reflection,Method.invoke,"{""class"": ""android.view.View"", ""method"": ""getViewRootImpl""}"
36209,reflection,Method.invoke,"{""class"": ""android.view.View"", ""method"": ""getViewRootImpl""}"
36209,reflection,Method.invoke,"{""class"": ""android.view.View"", ""method"": ""getViewRootImpl""}"
36439,reflection,Method.invoke,"{""class"": ""android.view.View"", ""method"": ""getViewRootImpl""}"
36440,reflection,Method.invoke,"{""class"": ""android.view.View"", ""method"": ""getViewRootImpl""}"
36513,reflection,Method.invoke,"{""class"": ""android.os.Trace"", ""method"": ""isTagEnabled""}"
36529,reflection,Method.invoke,"{""class"": ""android.os.Trace"", ""method"": ""isTagEnabled""}"
36536,reflection,Method.invoke,"{""class"": ""android.os.Trace"", ""method"": ""isTagEnabled""}"
36582,reflection,Method.invoke,"{""class"": ""android.os.Trace"", ""method"": ""isTagEnabled""}"
36596,reflection,Method.invoke,"{""class"": ""android.os.Trace"", ""method"": ""isTagEnabled""}"
36773,reflection,Method.invoke,"{""class"": ""android.os.Trace"", ""method"": ""isTagEnabled""}"
36846,reflection,Method.invoke,"{""class"": ""android.os.Trace"", ""method"": ""isTagEnabled""}"
37546,reflection,Method.invoke,"{""class"": ""android.os.Trace"", ""method"": ""isTagEnabled""}"
37565,reflection,Method.invoke,"{""class"": ""android.os.Trace"", ""method"": ""isTagEnabled""}"
38015,reflection,Method.invoke,"{""class"": ""android.os.Trace"", ""method"": ""isTagEnabled""}"
38136,reflection,Method.invoke,"{""class"": ""android.os.Trace"", ""method"": ""isTagEnabled""}"
39152,reflection,Method.invoke,"{""class"": ""android.os.Trace"", ""method"": ""isTagEnabled""}"
39168,reflection,Method.invoke,"{""class"": ""android.os.Trace"", ""method"": ""isTagEnabled""}"
39346,storage,SharedPreferences.getInt,"{""key"": ""version""}"
39357,storage,SharedPreferences.getInt,"{""key"": ""mockCount""}"
39359,storage,SharedPreferences.getInt,"{""key"": ""mockFrequency""}"
39372,storage,SharedPreferences.getString,"{""key"": ""mapProvider""}"
39376,webview,WebView.loadUrl,"{""url"": ""javascript:setOnMap(12.0,15.0);""}"
39388,storage,SharedPreferences.putString,"{""key"": ""mapProvider""}"
39404,storage,SharedPreferences.apply,{}
39406,webview,WebView.loadUrl,"{""url"": ""file:///android_asset/map.html?lat=12.0&lng=15.0&zoom=13.0&provider=OpenStreetMap""}"
39411,storage,SharedPreferences.getInt,"{""key"": ""version""}"
39421,storage,SharedPreferences.getInt,"{""key"": ""mockCount""}"
39424,storage,SharedPreferences.getInt,"{""key"": ""mockFrequency""}"
39426,storage,SharedPreferences.getString,"{""key"": ""mapProvider""}"
39451,file_io,AssetManager.open,"{""path"": ""map.html""}"
39563,file_io,AssetManager.open,"{""path"": ""polyfill.js""}"
39571,file_io,AssetManager.open,"{""path"": ""leaflet.css""}"
39584,file_io,AssetManager.open,"{""path"": ""leaflet.js""}"
39589,file_io,AssetManager.open,"{""path"": ""leaflet-providers.js""}"
39591,file_io,AssetManager.open,"{""path"": ""search.js""}"
39594,file_io,AssetManager.open,"{""path"": ""init.js""}"
39754,reflection,Method.invoke,"{""class"": ""android.os.Trace"", ""method"": ""isTagEnabled""}"
39786,file_io,AssetManager.open,"{""path"": ""marker-shadow.png""}"
39789,file_io,AssetManager.open,"{""path"": ""marker-icon-2x.png""}"
39791,reflection,Method.invoke,"{""class"": ""android.os.Trace"", ""method"": ""isTagEnabled""}"
39835,reflection,Method.invoke,"{""class"": ""android.os.Trace"", ""method"": ""isTagEnabled""}"
40024,reflection,Method.invoke,"{""class"": ""android.os.Trace"", ""method"": ""isTagEnabled""}"
40039,reflection,Method.invoke,"{""class"": ""android.os.Trace"", ""method"": ""isTagEnabled""}"
40053,reflection,Method.invoke,"{""class"": ""android.os.Trace"", ""method"": ""isTagEnabled""}"
40070,reflection,Method.invoke,"{""class"": ""android.os.Trace"", ""method"": ""isTagEnabled""}"
40087,reflection,Method.invoke,"{""class"": ""android.os.Trace"", ""method"": ""isTagEnabled""}"
40102,reflection,Method.invoke,"{""class"": ""android.os.Trace"", ""method"": ""isTagEnabled""}"
40120,reflection,Method.invoke,"{""class"": ""android.os.Trace"", ""method"": ""isTagEnabled""}"
40135,reflection,Method.invoke,"{""class"": ""android.os.Trace"", ""method"": ""isTagEnabled""}"
41003,reflection,Method.invoke,"{""class"": ""android.os.Trace"", ""method"": ""isTagEnabled""}"
41026,reflection,Method.invoke,"{""class"": ""android.os.Trace"", ""method"": ""isTagEnabled""}"
41312,reflection,Method.invoke,"{""class"": ""android.os.Trace"", ""method"": ""isTagEnabled""}"
41324,reflection,Method.invoke,"{""class"": ""android.os.Trace"", ""method"": ""isTagEnabled""}"
41333,reflection,Method.invoke,"{""class"": ""android.os.Trace"", ""method"": ""isTagEnabled""}"
41609,reflection,Method.invoke,"{""class"": ""android.os.Trace"", ""method"": ""isTagEnabled""}"
42625,reflection,Method.invoke,"{""class"": ""android.os.Trace"", ""method"": ""isTagEnabled""}"
42654,reflection,Method.invoke,"{""class"": ""android.os.Trace"", ""method"": ""isTagEnabled""}"
42672,reflection,Method.invoke,"{""class"": ""android.os.Trace"", ""method"": ""isTagEnabled""}"
42793,reflection,Method.invoke,"{""class"": ""android.os.Trace"", ""method"": ""isTagEnabled""}"
42819,reflection,Method.invoke,"{""class"": ""android.os.Trace"", ""method"": ""isTagEnabled""}"
42855,reflection,Method.invoke,"{""class"": ""android.os.Trace"", ""method"": ""isTagEnabled""}"
42886,reflection,Method.invoke,"{""class"": ""android.os.Trace"", ""method"": ""isTagEnabled""}"
42905,reflection,Method.invoke,"{""class"": ""android.os.Trace"", ""method"": ""isTagEnabled""}"
42926,reflection,Method.invoke,"{""class"": ""android.os.Trace"", ""method"": ""isTagEnabled""}"
43098,storage,SharedPreferences.putString,"{""key"": ""mapProvider""}"
43107,storage,SharedPreferences.apply,{}
43218,file_io,File.delete,"{""path"": ""/data/user/0/cl.coders.faketraveler/shared_prefs/cl.coders.faketraveler.sharedprefs.xml.bak""}"
43308,reflection,Method.invoke,"{""class"": ""android.os.Trace"", ""method"": ""isTagEnabled""}"
43324,reflection,Method.invoke,"{""class"": ""android.os.Trace"", ""method"": ""isTagEnabled""}"
43342,reflection,Method.invoke,"{""class"": ""android.os.Trace"", ""method"": ""isTagEnabled""}"
43351,reflection,Method.invoke,"{""class"": ""android.os.Trace"", ""method"": ""isTagEnabled""}"
44237,reflection,Method.invoke,"{""class"": ""android.os.Trace"", ""method"": ""isTagEnabled""}"
44272,reflection,Method.invoke,"{""class"": ""android.os.Trace"", ""method"": ""isTagEnabled""}"
44289,reflection,Method.invoke,"{""class"": ""android.os.Trace"", ""method"": ""isTagEnabled""}"
44879,reflection,Method.invoke,"{""class"": ""android.os.Trace"", ""method"": ""isTagEnabled""}"
45890,reflection,Method.invoke,"{""class"": ""android.os.Trace"", ""method"": ""isTagEnabled""}"
45914,reflection,Method.invoke,"{""class"": ""android.os.Trace"", ""method"": ""isTagEnabled""}"
45939,reflection,Method.invoke,"{""class"": ""android.os.Trace"", ""method"": ""isTagEnabled""}"
46060,reflection,Method.invoke,"{""class"": ""android.os.Trace"", ""method"": ""isTagEnabled""}"
46095,reflection,Method.invoke,"{""class"": ""android.os.Trace"", ""method"": ""isTagEnabled""}"
46156,reflection,Method.invoke,"{""class"": ""android.os.Trace"", ""method"": ""isTagEnabled""}"
46361,storage,SharedPreferences.putString,"{""key"": ""mapProvider""}"
46369,storage,SharedPreferences.apply,{}
46457,reflection,Method.invoke,"{""class"": ""android.os.Trace"", ""method"": ""isTagEnabled""}"
46476,file_io,File.delete,"{""path"": ""/data/user/0/cl.coders.faketraveler/shared_prefs/cl.coders.faketraveler.sharedprefs.xml.bak""}"
46542,reflection,Method.invoke,"{""class"": ""android.os.Trace"", ""method"": ""isTagEnabled""}"
46554,reflection,Method.invoke,"{""class"": ""android.os.Trace"", ""method"": ""isTagEnabled""}"
46589,reflection,Method.invoke,"{""class"": ""android.os.Trace"", ""method"": ""isTagEnabled""}"
46601,reflection,Method.invoke,"{""class"": ""android.os.Trace"", ""method"": ""isTagEnabled""}"
47479,reflection,Method.invoke,"{""class"": ""android.os.Trace"", ""method"": ""isTagEnabled""}"
47507,reflection,Method.invoke,"{""class"": ""android.os.Trace"", ""method"": ""isTagEnabled""}"
47526,reflection,Method.invoke,"{""class"": ""android.os.Trace"", ""method"": ""isTagEnabled""}"
47667,reflection,Method.invoke,"{""class"": ""android.os.Trace"", ""method"": ""isTagEnabled""}"
47684,reflection,Method.invoke,"{""class"": ""android.os.Trace"", ""method"": ""isTagEnabled""}"
47697,reflection,Method.invoke,"{""class"": ""android.os.Trace"", ""method"": ""isTagEnabled""}"
47705,reflection,Method.invoke,"{""class"": ""android.os.Trace"", ""method"": ""isTagEnabled""}"
48137,reflection,Method.invoke,"{""class"": ""android.os.Trace"", ""method"": ""isTagEnabled""}"
49149,reflection,Method.invoke,"{""class"": ""android.os.Trace"", ""method"": ""isTagEnabled""}"
49173,reflection,Method.invoke,"{""class"": ""android.os.Trace"", ""method"": ""isTagEnabled""}"
49190,reflection,Method.invoke,"{""class"": ""android.os.Trace"", ""method"": ""isTagEnabled""}"
49316,ipc_intents,Context.startActivity,"{""action"": ""android.intent.action.VIEW"", ""target"": ""android.intent.action.VIEW""}"
49318,navigation,Context.startActivity,"{""target"": ""android.intent.action.VIEW""}"
49429,reflection,Method.invoke,"{""class"": ""android.os.Trace"", ""method"": ""isTagEnabled""}"
49449,reflection,Method.invoke,"{""class"": ""android.os.Trace"", ""method"": ""isTagEnabled""}"
49507,reflection,Method.invoke,"{""class"": ""android.os.Trace"", ""method"": ""isTagEnabled""}"
49806,reflection,Method.invoke,"{""class"": ""android.os.Trace"", ""method"": ""isTagEnabled""}"
49841,reflection,Method.invoke,"{""class"": ""android.os.Trace"", ""method"": ""isTagEnabled""}"
49892,reflection,Method.invoke,"{""class"": ""android.os.Trace"", ""method"": ""isTagEnabled""}"
50058,reflection,Method.invoke,"{""class"": ""android.os.Trace"", ""method"": ""isTagEnabled""}"
50309,reflection,Method.invoke,"{""class"": ""android.os.Trace"", ""method"": ""isTagEnabled""}"
50424,reflection,Method.invoke,"{""class"": ""android.os.Trace"", ""method"": ""isTagEnabled""}"
51976,reflection,Method.invoke,"{""class"": ""android.os.Trace"", ""method"": ""isTagEnabled""}"
52670,storage,SharedPreferences.getInt,"{""key"": ""version""}"
52672,storage,SharedPreferences.getInt,"{""key"": ""mockCount""}"
52674,storage,SharedPreferences.getInt,"{""key"": ""mockFrequency""}"
52677,storage,SharedPreferences.getString,"{""key"": ""mapProvider""}"
52685,webview,WebView.loadUrl,"{""url"": ""javascript:setOnMap(12.0,15.0);""}"
52690,storage,SharedPreferences.putString,"{""key"": ""mapProvider""}"
52694,storage,SharedPreferences.apply,{}
52696,webview,WebView.loadUrl,"{""url"": ""file:///android_asset/map.html?lat=12.0&lng=15.0&zoom=13.0&provider=OpenStreetMap""}"
52700,storage,SharedPreferences.getInt,"{""key"": ""version""}"
52702,storage,SharedPreferences.getInt,"{""key"": ""mockCount""}"
52704,storage,SharedPreferences.getInt,"{""key"": ""mockFrequency""}"
52706,storage,SharedPreferences.getString,"{""key"": ""mapProvider""}"
52719,file_io,AssetManager.open,"{""path"": ""map.html""}"
52854,file_io,AssetManager.open,"{""path"": ""polyfill.js""}"
52856,file_io,AssetManager.open,"{""path"": ""leaflet.css""}"
52859,file_io,AssetManager.open,"{""path"": ""leaflet.js""}"
52877,file_io,AssetManager.open,"{""path"": ""leaflet-providers.js""}"
52879,file_io,AssetManager.open,"{""path"": ""search.js""}"
52891,file_io,AssetManager.open,"{""path"": ""init.js""}"
53125,reflection,Method.invoke,"{""class"": ""android.os.Trace"", ""method"": ""isTagEnabled""}"
53142,file_io,AssetManager.open,"{""path"": ""marker-icon-2x.png""}"
53156,file_io,AssetManager.open,"{""path"": ""marker-shadow.png""}"
53477,reflection,Method.invoke,"{""class"": ""android.os.Trace"", ""method"": ""isTagEnabled""}"
53559,reflection,Method.invoke,"{""class"": ""android.os.Trace"", ""method"": ""isTagEnabled""}"
53573,reflection,Method.invoke,"{""class"": ""android.os.Trace"", ""method"": ""isTagEnabled""}"
53589,reflection,Method.invoke,"{""class"": ""android.os.Trace"", ""method"": ""isTagEnabled""}"
53604,reflection,Method.invoke,"{""class"": ""android.os.Trace"", ""method"": ""isTagEnabled""}"
54093,reflection,Method.invoke,"{""class"": ""android.os.Trace"", ""method"": ""isTagEnabled""}"
54667,reflection,Method.invoke,"{""class"": ""android.os.Trace"", ""method"": ""isTagEnabled""}"
54679,reflection,Method.invoke,"{""class"": ""android.os.Trace"", ""method"": ""isTagEnabled""}"
54704,reflection,Method.invoke,"{""class"": ""android.os.Trace"", ""method"": ""isTagEnabled""}"
54718,reflection,Method.invoke,"{""class"": ""android.os.Trace"", ""method"": ""isTagEnabled""}"
55116,reflection,Method.invoke,"{""class"": ""android.os.Trace"", ""method"": ""isTagEnabled""}"
55144,reflection,Method.invoke,"{""class"": ""android.os.Trace"", ""method"": ""isTagEnabled""}"
55269,ipc_intents,Context.startActivity,"{""action"": ""android.intent.action.VIEW"", ""target"": ""android.intent.action.VIEW""}"
55269,navigation,Context.startActivity,"{""target"": ""android.intent.action.VIEW""}"
55332,reflection,Method.invoke,"{""class"": ""android.os.Trace"", ""method"": ""isTagEnabled""}"
55346,reflection,Method.invoke,"{""class"": ""android.os.Trace"", ""method"": ""isTagEnabled""}"
55369,reflection,Method.invoke,"{""class"": ""android.os.Trace"", ""method"": ""isTagEnabled""}"
55388,reflection,Method.invoke,"{""class"": ""android.os.Trace"", ""method"": ""isTagEnabled""}"
55401,reflection,Method.invoke,"{""class"": ""android.os.Trace"", ""method"": ""isTagEnabled""}"
55757,reflection,Method.invoke,"{""class"": ""android.os.Trace"", ""method"": ""isTagEnabled""}"
55777,reflection,Method.invoke,"{""class"": ""android.os.Trace"", ""method"": ""isTagEnabled""}"
55841,reflection,Method.invoke,"{""class"": ""android.os.Trace"", ""method"": ""isTagEnabled""}"
56006,reflection,Method.invoke,"{""class"": ""android.os.Trace"", ""method"": ""isTagEnabled""}"
56170,reflection,Method.invoke,"{""class"": ""android.os.Trace"", ""method"": ""isTagEnabled""}"
56251,reflection,Method.invoke,"{""class"": ""android.os.Trace"", ""method"": ""isTagEnabled""}"
57869,reflection,Method.invoke,"{""class"": ""android.os.Trace"", ""method"": ""isTagEnabled""}"
58540,storage,SharedPreferences.getInt,"{""key"": ""version""}"
58542,storage,SharedPreferences.getInt,"{""key"": ""mockCount""}"
58544,storage,SharedPreferences.getInt,"{""key"": ""mockFrequency""}"
58547,storage,SharedPreferences.getString,"{""key"": ""mapProvider""}"
58550,webview,WebView.loadUrl,"{""url"": ""javascript:setOnMap(12.0,15.0);""}"
58554,storage,SharedPreferences.putString,"{""key"": ""mapProvider""}"
58557,storage,SharedPreferences.apply,{}
58561,webview,WebView.loadUrl,"{""url"": ""file:///android_asset/map.html?lat=12.0&lng=15.0&zoom=13.0&provider=OpenStreetMap""}"
58570,storage,SharedPreferences.getInt,"{""key"": ""version""}"
58572,storage,SharedPreferences.getInt,"{""key"": ""mockCount""}"
58574,storage,SharedPreferences.getInt,"{""key"": ""mockFrequency""}"
58577,storage,SharedPreferences.getString,"{""key"": ""mapProvider""}"
58592,file_io,AssetManager.open,"{""path"": ""map.html""}"
58711,file_io,AssetManager.open,"{""path"": ""polyfill.js""}"
58718,file_io,AssetManager.open,"{""path"": ""leaflet.css""}"
58726,file_io,AssetManager.open,"{""path"": ""leaflet.js""}"
58728,file_io,AssetManager.open,"{""path"": ""leaflet-providers.js""}"
58735,file_io,AssetManager.open,"{""path"": ""search.js""}"
58741,file_io,AssetManager.open,"{""path"": ""init.js""}"
58962,file_io,AssetManager.open,"{""path"": ""marker-icon-2x.png""}"
58973,file_io,AssetManager.open,"{""path"": ""marker-shadow.png""}"
59387,reflection,Method.invoke,"{""class"": ""android.os.Trace"", ""method"": ""isTagEnabled""}"
59408,reflection,Method.invoke,"{""class"": ""android.os.Trace"", ""method"": ""isTagEnabled""}"
59435,reflection,Method.invoke,"{""class"": ""android.os.Trace"", ""method"": ""isTagEnabled""}"
59969,reflection,Method.invoke,"{""class"": ""android.os.Trace"", ""method"": ""isTagEnabled""}"
60508,reflection,Method.invoke,"{""class"": ""android.os.Trace"", ""method"": ""isTagEnabled""}"
60519,reflection,Method.invoke,"{""class"": ""android.os.Trace"", ""method"": ""isTagEnabled""}"
60554,reflection,Method.invoke,"{""class"": ""android.os.Trace"", ""method"": ""isTagEnabled""}"
60568,reflection,Method.invoke,"{""class"": ""android.os.Trace"", ""method"": ""isTagEnabled""}"
60951,reflection,Method.invoke,"{""class"": ""android.os.Trace"", ""method"": ""isTagEnabled""}"
60979,reflection,Method.invoke,"{""class"": ""android.os.Trace"", ""method"": ""isTagEnabled""}"
61004,reflection,Method.invoke,"{""class"": ""android.os.Trace"", ""method"": ""isTagEnabled""}"
61107,ipc_intents,Context.startActivity,"{""action"": ""android.intent.action.VIEW"", ""target"": ""android.intent.action.VIEW""}"
61108,navigation,Context.startActivity,"{""target"": ""android.intent.action.VIEW""}"
61212,reflection,Method.invoke,"{""class"": ""android.os.Trace"", ""method"": ""isTagEnabled""}"
61233,reflection,Method.invoke,"{""class"": ""android.os.Trace"", ""method"": ""isTagEnabled""}"
61262,reflection,Method.invoke,"{""class"": ""android.os.Trace"", ""method"": ""isTagEnabled""}"
61544,reflection,Method.invoke,"{""class"": ""android.os.Trace"", ""method"": ""isTagEnabled""}"
61559,reflection,Method.invoke,"{""class"": ""android.os.Trace"", ""method"": ""isTagEnabled""}"
61638,reflection,Method.invoke,"{""class"": ""android.os.Trace"", ""method"": ""isTagEnabled""}"
61843,reflection,Method.invoke,"{""class"": ""android.os.Trace"", ""method"": ""isTagEnabled""}"
61994,reflection,Method.invoke,"{""class"": ""android.os.Trace"", ""method"": ""isTagEnabled""}"
62098,reflection,Method.invoke,"{""class"": ""android.os.Trace"", ""method"": ""isTagEnabled""}"
63727,reflection,Method.invoke,"{""class"": ""android.os.Trace"", ""method"": ""isTagEnabled""}"
64392,storage,SharedPreferences.getInt,"{""key"": ""version""}"
64394,storage,SharedPreferences.getInt,"{""key"": ""mockCount""}"
64397,storage,SharedPreferences.getInt,"{""key"": ""mockFrequency""}"
64400,storage,SharedPreferences.getString,"{""key"": ""mapProvider""}"
64403,webview,WebView.loadUrl,"{""url"": ""javascript:setOnMap(12.0,15.0);""}"
64408,storage,SharedPreferences.putString,"{""key"": ""mapProvider""}"
64410,storage,SharedPreferences.apply,{}
64420,webview,WebView.loadUrl,"{""url"": ""file:///android_asset/map.html?lat=12.0&lng=15.0&zoom=13.0&provider=OpenStreetMap""}"
64424,storage,SharedPreferences.getInt,"{""key"": ""version""}"
64426,storage,SharedPreferences.getInt,"{""key"": ""mockCount""}"
64428,storage,SharedPreferences.getInt,"{""key"": ""mockFrequency""}"
64431,storage,SharedPreferences.getString,"{""key"": ""mapProvider""}"
64440,file_io,AssetManager.open,"{""path"": ""map.html""}"
64541,file_io,AssetManager.open,"{""path"": ""polyfill.js""}"
64543,file_io,AssetManager.open,"{""path"": ""leaflet.js""}"
64552,file_io,AssetManager.open,"{""path"": ""leaflet.css""}"
64573,file_io,AssetManager.open,"{""path"": ""leaflet-providers.js""}"
64574,file_io,AssetManager.open,"{""path"": ""init.js""}"
64596,file_io,AssetManager.open,"{""path"": ""search.js""}"
64631,file_io,AssetManager.open,"{""path"": ""marker-icon-2x.png""}"
64650,file_io,AssetManager.open,"{""path"": ""marker-shadow.png""}"
64990,reflection,Method.invoke,"{""class"": ""android.os.Trace"", ""method"": ""isTagEnabled""}"
65031,reflection,Method.invoke,"{""class"": ""android.os.Trace"", ""method"": ""isTagEnabled""}"
65043,reflection,Method.invoke,"{""class"": ""android.os.Trace"", ""method"": ""isTagEnabled""}"
65085,reflection,Method.invoke,"{""class"": ""android.os.Trace"", ""method"": ""isTagEnabled""}"
65139,reflection,Method.invoke,"{""class"": ""android.os.Trace"", ""method"": ""isTagEnabled""}"
65812,reflection,Method.invoke,"{""class"": ""android.os.Trace"", ""method"": ""isTagEnabled""}"
66385,reflection,Method.invoke,"{""class"": ""android.os.Trace"", ""method"": ""isTagEnabled""}"
66395,reflection,Method.invoke,"{""class"": ""android.os.Trace"", ""method"": ""isTagEnabled""}"
66419,reflection,Method.invoke,"{""class"": ""android.os.Trace"", ""method"": ""isTagEnabled""}"
66437,reflection,Method.invoke,"{""class"": ""android.os.Trace"", ""method"": ""isTagEnabled""}"
66837,reflection,Method.invoke,"{""class"": ""android.os.Trace"", ""method"": ""isTagEnabled""}"
66860,reflection,Method.invoke,"{""class"": ""android.os.Trace"", ""method"": ""isTagEnabled""}"
66993,ipc_intents,Context.startActivity,"{""action"": ""android.intent.action.VIEW"", ""target"": ""android.intent.action.VIEW""}"
66993,navigation,Context.startActivity,"{""target"": ""android.intent.action.VIEW""}"
67066,reflection,Method.invoke,"{""class"": ""android.os.Trace"", ""method"": ""isTagEnabled""}"
67088,reflection,Method.invoke,"{""class"": ""android.os.Trace"", ""method"": ""isTagEnabled""}"
67103,reflection,Method.invoke,"{""class"": ""android.os.Trace"", ""method"": ""isTagEnabled""}"
67118,reflection,Method.invoke,"{""class"": ""android.os.Trace"", ""method"": ""isTagEnabled""}"
67347,reflection,Method.invoke,"{""class"": ""android.os.Trace"", ""method"": ""isTagEnabled""}"
67365,reflection,Method.invoke,"{""class"": ""android.os.Trace"", ""method"": ""isTagEnabled""}"
67722,reflection,Method.invoke,"{""class"": ""android.os.Trace"", ""method"": ""isTagEnabled""}"
67856,reflection,Method.invoke,"{""class"": ""android.os.Trace"", ""method"": ""isTagEnabled""}"
67977,reflection,Method.invoke,"{""class"": ""android.os.Trace"", ""method"": ""isTagEnabled""}"
69594,reflection,Method.invoke,"{""class"": ""android.os.Trace"", ""method"": ""isTagEnabled""}"
70272,reflection,Method.invoke,"{""class"": ""android.os.Trace"", ""method"": ""isTagEnabled""}"
70276,storage,SharedPreferences.getInt,"{""key"": ""version""}"
70296,storage,SharedPreferences.getInt,"{""key"": ""mockCount""}"
70296,storage,SharedPreferences.getInt,"{""key"": ""mockFrequency""}"
70296,storage,SharedPreferences.getString,"{""key"": ""mapProvider""}"
70296,webview,WebView.loadUrl,"{""url"": ""javascript:setOnMap(12.0,15.0);""}"
70297,storage,SharedPreferences.putString,"{""key"": ""mapProvider""}"
70297,storage,SharedPreferences.apply,{}
70297,webview,WebView.loadUrl,"{""url"": ""file:///android_asset/map.html?lat=12.0&lng=15.0&zoom=13.0&provider=OpenStreetMap""}"
70298,storage,SharedPreferences.getInt,"{""key"": ""version""}"
70298,storage,SharedPreferences.getInt,"{""key"": ""mockCount""}"
70298,storage,SharedPreferences.getInt,"{""key"": ""mockFrequency""}"
70298,storage,SharedPreferences.getString,"{""key"": ""mapProvider""}"
70340,file_io,AssetManager.open,"{""path"": ""map.html""}"
70356,file_io,AssetManager.open,"{""path"": ""polyfill.js""}"
70359,file_io,AssetManager.open,"{""path"": ""leaflet.css""}"
70370,file_io,AssetManager.open,"{""path"": ""leaflet.js""}"
70376,file_io,AssetManager.open,"{""path"": ""search.js""}"
70388,file_io,AssetManager.open,"{""path"": ""leaflet-providers.js""}"
70389,file_io,AssetManager.open,"{""path"": ""init.js""}"
70421,file_io,AssetManager.open,"{""path"": ""marker-icon-2x.png""}"
70422,file_io,AssetManager.open,"{""path"": ""marker-shadow.png""}"
70674,reflection,Method.invoke,"{""class"": ""android.os.Trace"", ""method"": ""isTagEnabled""}"
70679,reflection,Method.invoke,"{""class"": ""android.os.Trace"", ""method"": ""isTagEnabled""}"
70697,reflection,Method.invoke,"{""class"": ""android.os.Trace"", ""method"": ""isTagEnabled""}"
70972,reflection,Method.invoke,"{""class"": ""android.os.Trace"", ""method"": ""isTagEnabled""}"
71700,reflection,Method.invoke,"{""class"": ""android.os.Trace"", ""method"": ""isTagEnabled""}"
72192,reflection,Method.invoke,"{""class"": ""android.os.Trace"", ""method"": ""isTagEnabled""}"
72196,reflection,Method.invoke,"{""class"": ""android.os.Trace"", ""method"": ""isTagEnabled""}"
72217,reflection,Method.invoke,"{""class"": ""android.os.Trace"", ""method"": ""isTagEnabled""}"
72672,reflection,Method.invoke,"{""class"": ""android.os.Trace"", ""method"": ""isTagEnabled""}"
72680,reflection,Method.invoke,"{""class"": ""android.os.Trace"", ""method"": ""isTagEnabled""}"
72701,reflection,Method.invoke,"{""class"": ""android.os.Trace"", ""method"": ""isTagEnabled""}"
72709,reflection,Method.invoke,"{""class"": ""android.os.Trace"", ""method"": ""isTagEnabled""}"
72713,reflection,Method.invoke,"{""class"": ""android.os.Trace"", ""method"": ""isTagEnabled""}"
72736,reflection,Method.invoke,"{""class"": ""android.os.Trace"", ""method"": ""isTagEnabled""}"
72853,ipc_intents,Context.startActivity,"{""action"": ""android.intent.action.VIEW"", ""target"": ""android.intent.action.VIEW""}"
72853,navigation,Context.startActivity,"{""target"": ""android.intent.action.VIEW""}"
72863,reflection,Method.invoke,"{""class"": ""android.os.Trace"", ""method"": ""isTagEnabled""}"
72885,reflection,Method.invoke,"{""class"": ""android.os.Trace"", ""method"": ""isTagEnabled""}"
72896,reflection,Method.invoke,"{""class"": ""android.os.Trace"", ""method"": ""isTagEnabled""}"
72914,reflection,Method.invoke,"{""class"": ""android.os.Trace"", ""method"": ""isTagEnabled""}"
72950,reflection,Method.invoke,"{""class"": ""android.os.Trace"", ""method"": ""isTagEnabled""}"
72961,reflection,Method.invoke,"{""class"": ""android.os.Trace"", ""method"": ""isTagEnabled""}"
72967,reflection,Method.invoke,"{""class"": ""android.os.Trace"", ""method"": ""isTagEnabled""}"
73360,reflection,Method.invoke,"{""class"": ""android.os.Trace"", ""method"": ""isTagEnabled""}"
73378,reflection,Method.invoke,"{""class"": ""android.os.Trace"", ""method"": ""isTagEnabled""}"
73420,reflection,Method.invoke,"{""class"": ""android.os.Trace"", ""method"": ""isTagEnabled""}"
73572,reflection,Method.invoke,"{""class"": ""android.os.Trace"", ""method"": ""isTagEnabled""}"
73740,reflection,Method.invoke,"{""class"": ""android.os.Trace"", ""method"": ""isTagEnabled""}"
73849,reflection,Method.invoke,"{""class"": ""android.os.Trace"", ""method"": ""isTagEnabled""}"
74226,reflection,Method.invoke,"{""class"": ""android.os.Trace"", ""method"": ""isTagEnabled""}"
74876,storage,SharedPreferences.getInt,"{""key"": ""version""}"
74878,storage,SharedPreferences.getInt,"{""key"": ""mockCount""}"
74891,storage,SharedPreferences.getInt,"{""key"": ""mockFrequency""}"
74894,storage,SharedPreferences.getString,"{""key"": ""mapProvider""}"
74902,webview,WebView.loadUrl,"{""url"": ""javascript:setOnMap(12.0,15.0);""}"
74907,storage,SharedPreferences.putString,"{""key"": ""mapProvider""}"
74909,storage,SharedPreferences.apply,{}
74913,webview,WebView.loadUrl,"{""url"": ""file:///android_asset/map.html?lat=12.0&lng=15.0&zoom=13.0&provider=OpenStreetMap""}"
74916,storage,SharedPreferences.getInt,"{""key"": ""version""}"
74918,storage,SharedPreferences.getInt,"{""key"": ""mockCount""}"
74921,storage,SharedPreferences.getInt,"{""key"": ""mockFrequency""}"
74923,storage,SharedPreferences.getString,"{""key"": ""mapProvider""}"
74937,file_io,AssetManager.open,"{""path"": ""map.html""}"
75069,file_io,AssetManager.open,"{""path"": ""polyfill.js""}"
75075,file_io,AssetManager.open,"{""path"": ""leaflet.js""}"
75084,file_io,AssetManager.open,"{""path"": ""leaflet.css""}"
75089,file_io,AssetManager.open,"{""path"": ""init.js""}"
75093,file_io,AssetManager.open,"{""path"": ""leaflet-providers.js""}"
75106,file_io,AssetManager.open,"{""path"": ""search.js""}"
75161,reflection,Method.invoke,"{""class"": ""android.os.Trace"", ""method"": ""isTagEnabled""}"
75391,reflection,Method.invoke,"{""class"": ""android.os.Trace"", ""method"": ""isTagEnabled""}"
75422,reflection,Method.invoke,"{""class"": ""android.os.Trace"", ""method"": ""isTagEnabled""}"
75457,file_io,AssetManager.open,"{""path"": ""marker-icon-2x.png""}"
75462,file_io,AssetManager.open,"{""path"": ""marker-shadow.png""}"
75508,reflection,Method.invoke,"{""class"": ""android.os.Trace"", ""method"": ""isTagEnabled""}"
75570,reflection,Method.invoke,"{""class"": ""android.os.Trace"", ""method"": ""isTagEnabled""}"
75591,reflection,Method.invoke,"{""class"": ""android.os.Trace"", ""method"": ""isTagEnabled""}"
75623,reflection,Method.invoke,"{""class"": ""android.os.Trace"", ""method"": ""isTagEnabled""}"
75667,reflection,Method.invoke,"{""class"": ""android.os.Trace"", ""method"": ""isTagEnabled""}"
75737,reflection,Method.invoke,"{""class"": ""android.os.Trace"", ""method"": ""isTagEnabled""}"
75757,reflection,Method.invoke,"{""class"": ""android.os.Trace"", ""method"": ""isTagEnabled""}"
75774,reflection,Method.invoke,"{""class"": ""android.os.Trace"", ""method"": ""isTagEnabled""}"
75789,reflection,Method.invoke,"{""class"": ""android.os.Trace"", ""method"": ""isTagEnabled""}"
75804,reflection,Method.invoke,"{""class"": ""android.os.Trace"", ""method"": ""isTagEnabled""}"
75819,reflection,Method.invoke,"{""class"": ""android.os.Trace"", ""method"": ""isTagEnabled""}"
75836,reflection,Method.invoke,"{""class"": ""android.os.Trace"", ""method"": ""isTagEnabled""}"
75854,reflection,Method.invoke,"{""class"": ""android.os.Trace"", ""method"": ""isTagEnabled""}"
75869,reflection,Method.invoke,"{""class"": ""android.os.Trace"", ""method"": ""isTagEnabled""}"
76326,reflection,Method.invoke,"{""class"": ""android.os.Trace"", ""method"": ""isTagEnabled""}"
76877,reflection,Method.invoke,"{""class"": ""android.os.Trace"", ""method"": ""isTagEnabled""}"
76889,reflection,Method.invoke,"{""class"": ""android.os.Trace"", ""method"": ""isTagEnabled""}"
76923,reflection,Method.invoke,"{""class"": ""android.os.Trace"", ""method"": ""isTagEnabled""}"
76935,reflection,Method.invoke,"{""class"": ""android.os.Trace"", ""method"": ""isTagEnabled""}"
77349,reflection,Method.invoke,"{""class"": ""android.os.Trace"", ""method"": ""isTagEnabled""}"
77386,reflection,Method.invoke,"{""class"": ""android.os.Trace"", ""method"": ""isTagEnabled""}"
77498,ipc_intents,Context.startActivity,"{""action"": ""android.intent.action.VIEW"", ""target"": ""android.intent.action.VIEW""}"
77499,navigation,Context.startActivity,"{""target"": ""android.intent.action.VIEW""}"
77550,reflection,Method.invoke,"{""class"": ""android.os.Trace"", ""method"": ""isTagEnabled""}"
77898,reflection,Method.invoke,"{""class"": ""android.os.Trace"", ""method"": ""isTagEnabled""}"
77912,reflection,Method.invoke,"{""class"": ""android.os.Trace"", ""method"": ""isTagEnabled""}"
78227,reflection,Method.invoke,"{""class"": ""android.os.Trace"", ""method"": ""isTagEnabled""}"
78368,reflection,Method.invoke,"{""class"": ""android.os.Trace"", ""method"": ""isTagEnabled""}"
78486,reflection,Method.invoke,"{""class"": ""android.os.Trace"", ""method"": ""isTagEnabled""}"
80068,reflection,Method.invoke,"{""class"": ""android.os.Trace"", ""method"": ""isTagEnabled""}"
80727,storage,SharedPreferences.getInt,"{""key"": ""version""}"
80733,storage,SharedPreferences.getInt,"{""key"": ""mockCount""}"
80736,storage,SharedPreferences.getInt,"{""key"": ""mockFrequency""}"
80739,storage,SharedPreferences.getString,"{""key"": ""mapProvider""}"
80741,webview,WebView.loadUrl,"{""url"": ""javascript:setOnMap(12.0,15.0);""}"
80747,storage,SharedPreferences.putString,"{""key"": ""mapProvider""}"
80749,storage,SharedPreferences.apply,{}
80753,webview,WebView.loadUrl,"{""url"": ""file:///android_asset/map.html?lat=12.0&lng=15.0&zoom=13.0&provider=OpenStreetMap""}"
80756,storage,SharedPreferences.getInt,"{""key"": ""version""}"
80758,storage,SharedPreferences.getInt,"{""key"": ""mockCount""}"
80760,storage,SharedPreferences.getInt,"{""key"": ""mockFrequency""}"
80762,storage,SharedPreferences.getString,"{""key"": ""mapProvider""}"
80776,file_io,AssetManager.open,"{""path"": ""map.html""}"
80875,file_io,AssetManager.open,"{""path"": ""polyfill.js""}"
80881,file_io,AssetManager.open,"{""path"": ""leaflet.css""}"
80889,file_io,AssetManager.open,"{""path"": ""leaflet.js""}"
80896,file_io,AssetManager.open,"{""path"": ""search.js""}"
80930,file_io,AssetManager.open,"{""path"": ""leaflet-providers.js""}"
80948,file_io,AssetManager.open,"{""path"": ""init.js""}"
80954,reflection,Method.invoke,"{""class"": ""android.os.Trace"", ""method"": ""isTagEnabled""}"
81056,reflection,Method.invoke,"{""class"": ""android.os.Trace"", ""method"": ""isTagEnabled""}"
81076,reflection,Method.invoke,"{""class"": ""android.os.Trace"", ""method"": ""isTagEnabled""}"
81138,file_io,AssetManager.open,"{""path"": ""marker-icon-2x.png""}"
81143,file_io,AssetManager.open,"{""path"": ""marker-shadow.png""}"
81202,reflection,Method.invoke,"{""class"": ""android.os.Trace"", ""method"": ""isTagEnabled""}"
81474,reflection,Method.invoke,"{""class"": ""android.os.Trace"", ""method"": ""isTagEnabled""}"
81489,reflection,Method.invoke,"{""class"": ""android.os.Trace"", ""method"": ""isTagEnabled""}"
81506,reflection,Method.invoke,"{""class"": ""android.os.Trace"", ""method"": ""isTagEnabled""}"
81520,reflection,Method.invoke,"{""class"": ""android.os.Trace"", ""method"": ""isTagEnabled""}"
81537,reflection,Method.invoke,"{""class"": ""android.os.Trace"", ""method"": ""isTagEnabled""}"
81553,reflection,Method.invoke,"{""class"": ""android.os.Trace"", ""method"": ""isTagEnabled""}"
81570,reflection,Method.invoke,"{""class"": ""android.os.Trace"", ""method"": ""isTagEnabled""}"
81584,reflection,Method.invoke,"{""class"": ""android.os.Trace"", ""method"": ""isTagEnabled""}"
82160,reflection,Method.invoke,"{""class"": ""android.os.Trace"", ""method"": ""isTagEnabled""}"
82654,reflection,Method.invoke,"{""class"": ""android.os.Trace"", ""method"": ""isTagEnabled""}"
82669,reflection,Method.invoke,"{""class"": ""android.os.Trace"", ""method"": ""isTagEnabled""}"
83166,reflection,Method.invoke,"{""class"": ""android.os.Trace"", ""method"": ""isTagEnabled""}"
83201,reflection,Method.invoke,"{""class"": ""android.os.Trace"", ""method"": ""isTagEnabled""}"
83218,reflection,Method.invoke,"{""class"": ""android.os.Trace"", ""method"": ""isTagEnabled""}"
83226,reflection,Method.invoke,"{""class"": ""android.os.Trace"", ""method"": ""isTagEnabled""}"
83294,ipc_intents,Context.startActivity,"{""action"": ""android.intent.action.VIEW"", ""target"": ""android.intent.action.VIEW""}"
83294,navigation,Context.startActivity,"{""target"": ""android.intent.action.VIEW""}"
83301,reflection,Method.invoke,"{""class"": ""android.os.Trace"", ""method"": ""isTagEnabled""}"
83372,reflection,Method.invoke,"{""class"": ""android.os.Trace"", ""method"": ""isTagEnabled""}"
83824,reflection,Method.invoke,"{""class"": ""android.os.Trace"", ""method"": ""isTagEnabled""}"
83830,reflection,Method.invoke,"{""class"": ""android.os.Trace"", ""method"": ""isTagEnabled""}"
83880,reflection,Method.invoke,"{""class"": ""android.os.Trace"", ""method"": ""isTagEnabled""}"
84002,reflection,Method.invoke,"{""class"": ""android.os.Trace"", ""method"": ""isTagEnabled""}"
84149,reflection,Method.invoke,"{""class"": ""android.os.Trace"", ""method"": ""isTagEnabled""}"
84281,reflection,Method.invoke,"{""class"": ""android.os.Trace"", ""method"": ""isTagEnabled""}"
85855,reflection,Method.invoke,"{""class"": ""android.os.Trace"", ""method"": ""isTagEnabled""}"
86545,storage,SharedPreferences.getInt,"{""key"": ""version""}"
86545,storage,SharedPreferences.getInt,"{""key"": ""mockCount""}"
86545,storage,SharedPreferences.getInt,"{""key"": ""mockFrequency""}"
86546,storage,SharedPreferences.getString,"{""key"": ""mapProvider""}"
86546,webview,WebView.loadUrl,"{""url"": ""javascript:setOnMap(12.0,15.0);""}"
86547,storage,SharedPreferences.putString,"{""key"": ""mapProvider""}"
86547,storage,SharedPreferences.apply,{}
86547,webview,WebView.loadUrl,"{""url"": ""file:///android_asset/map.html?lat=12.0&lng=15.0&zoom=13.0&provider=OpenStreetMap""}"
86547,storage,SharedPreferences.getInt,"{""key"": ""version""}"
86547,storage,SharedPreferences.getInt,"{""key"": ""mockCount""}"
86547,storage,SharedPreferences.getInt,"{""key"": ""mockFrequency""}"
86547,storage,SharedPreferences.getString,"{""key"": ""mapProvider""}"
86673,file_io,AssetManager.open,"{""path"": ""map.html""}"
86676,reflection,Method.invoke,"{""class"": ""android.os.Trace"", ""method"": ""isTagEnabled""}"
86834,file_io,AssetManager.open,"{""path"": ""polyfill.js""}"
86845,file_io,AssetManager.open,"{""path"": ""leaflet-providers.js""}"
86853,file_io,AssetManager.open,"{""path"": ""leaflet.js""}"
86857,file_io,AssetManager.open,"{""path"": ""leaflet.css""}"
86862,file_io,AssetManager.open,"{""path"": ""search.js""}"
86872,file_io,AssetManager.open,"{""path"": ""init.js""}"
86887,reflection,Method.invoke,"{""class"": ""android.os.Trace"", ""method"": ""isTagEnabled""}"
86897,reflection,Method.invoke,"{""class"": ""android.os.Trace"", ""method"": ""isTagEnabled""}"
87065,reflection,Method.invoke,"{""class"": ""android.os.Trace"", ""method"": ""isTagEnabled""}"
87075,file_io,AssetManager.open,"{""path"": ""marker-icon-2x.png""}"
87084,file_io,AssetManager.open,"{""path"": ""marker-shadow.png""}"
87109,reflection,Method.invoke,"{""class"": ""android.os.Trace"", ""method"": ""isTagEnabled""}"
87126,reflection,Method.invoke,"{""class"": ""android.os.Trace"", ""method"": ""isTagEnabled""}"
87140,reflection,Method.invoke,"{""class"": ""android.os.Trace"", ""method"": ""isTagEnabled""}"
87142,reflection,Method.invoke,"{""class"": ""android.os.Trace"", ""method"": ""isTagEnabled""}"
87156,reflection,Method.invoke,"{""class"": ""android.os.Trace"", ""method"": ""isTagEnabled""}"
87176,reflection,Method.invoke,"{""class"": ""android.os.Trace"", ""method"": ""isTagEnabled""}"
87186,reflection,Method.invoke,"{""class"": ""android.os.Trace"", ""method"": ""isTagEnabled""}"
87187,reflection,Method.invoke,"{""class"": ""android.os.Trace"", ""method"": ""isTagEnabled""}"
87191,reflection,Method.invoke,"{""class"": ""android.os.Trace"", ""method"": ""isTagEnabled""}"
87202,reflection,Method.invoke,"{""class"": ""android.os.Trace"", ""method"": ""isTagEnabled""}"
87218,reflection,Method.invoke,"{""class"": ""android.os.Trace"", ""method"": ""isTagEnabled""}"
87371,reflection,Method.invoke,"{""class"": ""android.os.Trace"", ""method"": ""isTagEnabled""}"
87383,reflection,Method.invoke,"{""class"": ""android.os.Trace"", ""method"": ""isTagEnabled""}"
87399,reflection,Method.invoke,"{""class"": ""android.os.Trace"", ""method"": ""isTagEnabled""}"
87418,reflection,Method.invoke,"{""class"": ""android.os.Trace"", ""method"": ""isTagEnabled""}"
87430,reflection,Method.invoke,"{""class"": ""android.os.Trace"", ""method"": ""isTagEnabled""}"
87447,reflection,Method.invoke,"{""class"": ""android.os.Trace"", ""method"": ""isTagEnabled""}"
87467,reflection,Method.invoke,"{""class"": ""android.os.Trace"", ""method"": ""isTagEnabled""}"
87482,reflection,Method.invoke,"{""class"": ""android.os.Trace"", ""method"": ""isTagEnabled""}"
87498,reflection,Method.invoke,"{""class"": ""android.os.Trace"", ""method"": ""isTagEnabled""}"
87520,reflection,Method.invoke,"{""class"": ""android.os.Trace"", ""method"": ""isTagEnabled""}"
87531,reflection,Method.invoke,"{""class"": ""android.os.Trace"", ""method"": ""isTagEnabled""}"
87547,reflection,Method.invoke,"{""class"": ""android.os.Trace"", ""method"": ""isTagEnabled""}"
87977,reflection,Method.invoke,"{""class"": ""android.os.Trace"", ""method"": ""isTagEnabled""}"
88481,reflection,Method.invoke,"{""class"": ""android.os.Trace"", ""method"": ""isTagEnabled""}"
88499,reflection,Method.invoke,"{""class"": ""android.os.Trace"", ""method"": ""isTagEnabled""}"
88514,reflection,Method.invoke,"{""class"": ""android.os.Trace"", ""method"": ""isTagEnabled""}"
88533,reflection,Method.invoke,"{""class"": ""android.os.Trace"", ""method"": ""isTagEnabled""}"
88993,reflection,Method.invoke,"{""class"": ""android.os.Trace"", ""method"": ""isTagEnabled""}"
89018,reflection,Method.invoke,"{""class"": ""android.os.Trace"", ""method"": ""isTagEnabled""}"
89150,ipc_intents,Context.startActivity,"{""action"": ""android.intent.action.VIEW"", ""target"": ""android.intent.action.VIEW""}"
89150,navigation,Context.startActivity,"{""target"": ""android.intent.action.VIEW""}"
89158,reflection,Method.invoke,"{""class"": ""android.os.Trace"", ""method"": ""isTagEnabled""}"
89176,reflection,Method.invoke,"{""class"": ""android.os.Trace"", ""method"": ""isTagEnabled""}"
89194,reflection,Method.invoke,"{""class"": ""android.os.Trace"", ""method"": ""isTagEnabled""}"
89209,reflection,Method.invoke,"{""class"": ""android.os.Trace"", ""method"": ""isTagEnabled""}"
89562,reflection,Method.invoke,"{""class"": ""android.os.Trace"", ""method"": ""isTagEnabled""}"
89579,reflection,Method.invoke,"{""class"": ""android.os.Trace"", ""method"": ""isTagEnabled""}"
89613,reflection,Method.invoke,"{""class"": ""android.os.Trace"", ""method"": ""isTagEnabled""}"
89854,reflection,Method.invoke,"{""class"": ""android.os.Trace"", ""method"": ""isTagEnabled""}"
90043,reflection,Method.invoke,"{""class"": ""android.os.Trace"", ""method"": ""isTagEnabled""}"
90143,reflection,Method.invoke,"{""class"": ""android.os.Trace"", ""method"": ""isTagEnabled""}"
90459,reflection,Method.invoke,"{""class"": ""android.os.Trace"", ""method"": ""isTagEnabled""}"
91121,storage,SharedPreferences.getInt,"{""key"": ""version""}"
91126,storage,SharedPreferences.getInt,"{""key"": ""mockCount""}"
91132,storage,SharedPreferences.getInt,"{""key"": ""mockFrequency""}"
91142,storage,SharedPreferences.getString,"{""key"": ""mapProvider""}"
91144,webview,WebView.loadUrl,"{""url"": ""javascript:setOnMap(12.0,15.0);""}"
91148,storage,SharedPreferences.putString,"{""key"": ""mapProvider""}"
91151,storage,SharedPreferences.apply,{}
91154,webview,WebView.loadUrl,"{""url"": ""file:///android_asset/map.html?lat=12.0&lng=15.0&zoom=13.0&provider=OpenStreetMap""}"
91157,storage,SharedPreferences.getInt,"{""key"": ""version""}"
91159,storage,SharedPreferences.getInt,"{""key"": ""mockCount""}"
91165,storage,SharedPreferences.getInt,"{""key"": ""mockFrequency""}"
91169,storage,SharedPreferences.getString,"{""key"": ""mapProvider""}"
91181,file_io,AssetManager.open,"{""path"": ""map.html""}"
91320,file_io,AssetManager.open,"{""path"": ""polyfill.js""}"
91335,file_io,AssetManager.open,"{""path"": ""leaflet.js""}"
91342,file_io,AssetManager.open,"{""path"": ""leaflet.css""}"
91356,file_io,AssetManager.open,"{""path"": ""search.js""}"
91359,file_io,AssetManager.open,"{""path"": ""init.js""}"
91361,file_io,AssetManager.open,"{""path"": ""leaflet-providers.js""}"
91560,file_io,AssetManager.open,"{""path"": ""marker-icon-2x.png""}"
91573,file_io,AssetManager.open,"{""path"": ""marker-shadow.png""}"
91927,reflection,Method.invoke,"{""class"": ""android.os.Trace"", ""method"": ""isTagEnabled""}"
91948,reflection,Method.invoke,"{""class"": ""android.os.Trace"", ""method"": ""isTagEnabled""}"
91959,reflection,Method.invoke,"{""class"": ""android.os.Trace"", ""method"": ""isTagEnabled""}"
91973,reflection,Method.invoke,"{""class"": ""android.os.Trace"", ""method"": ""isTagEnabled""}"
91986,reflection,Method.invoke,"{""class"": ""android.os.Trace"", ""method"": ""isTagEnabled""}"
92560,reflection,Method.invoke,"{""class"": ""android.os.Trace"", ""method"": ""isTagEnabled""}"
93089,reflection,Method.invoke,"{""class"": ""android.os.Trace"", ""method"": ""isTagEnabled""}"
93101,reflection,Method.invoke,"{""class"": ""android.os.Trace"", ""method"": ""isTagEnabled""}"
93120,reflection,Method.invoke,"{""class"": ""android.os.Trace"", ""method"": ""isTagEnabled""}"
93138,reflection,Method.invoke,"{""class"": ""android.os.Trace"", ""method"": ""isTagEnabled""}"
93605,reflection,Method.invoke,"{""class"": ""android.os.Trace"", ""method"": ""isTagEnabled""}"
93622,reflection,Method.invoke,"{""class"": ""android.os.Trace"", ""method"": ""isTagEnabled""}"
93738,ipc_intents,Context.startActivity,"{""action"": ""android.intent.action.VIEW"", ""target"": ""android.intent.action.VIEW""}"
93739,navigation,Context.startActivity,"{""target"": ""android.intent.action.VIEW""}"
93843,reflection,Method.invoke,"{""class"": ""android.os.Trace"", ""method"": ""isTagEnabled""}"
93879,reflection,Method.invoke,"{""class"": ""android.os.Trace"", ""method"": ""isTagEnabled""}"
94217,reflection,Method.invoke,"{""class"": ""android.os.Trace"", ""method"": ""isTagEnabled""}"
94226,reflection,Method.invoke,"{""class"": ""android.os.Trace"", ""method"": ""isTagEnabled""}"
94271,reflection,Method.invoke,"{""class"": ""android.os.Trace"", ""method"": ""isTagEnabled""}"
94471,reflection,Method.invoke,"{""class"": ""android.os.Trace"", ""method"": ""isTagEnabled""}"
94691,reflection,Method.invoke,"{""class"": ""android.os.Trace"", ""method"": ""isTagEnabled""}"
94822,reflection,Method.invoke,"{""class"": ""android.os.Trace"", ""method"": ""isTagEnabled""}"
96339,reflection,Method.invoke,"{""class"": ""android.os.Trace"", ""method"": ""isTagEnabled""}"
96989,storage,SharedPreferences.getInt,"{""key"": ""version""}"
96991,storage,SharedPreferences.getInt,"{""key"": ""mockCount""}"
96995,storage,SharedPreferences.getInt,"{""key"": ""mockFrequency""}"
97004,storage,SharedPreferences.getString,"{""key"": ""mapProvider""}"
97006,webview,WebView.loadUrl,"{""url"": ""javascript:setOnMap(12.0,15.0);""}"
97011,storage,SharedPreferences.putString,"{""key"": ""mapProvider""}"
97014,storage,SharedPreferences.apply,{}
97017,webview,WebView.loadUrl,"{""url"": ""file:///android_asset/map.html?lat=12.0&lng=15.0&zoom=13.0&provider=OpenStreetMap""}"
97021,storage,SharedPreferences.getInt,"{""key"": ""version""}"
97024,storage,SharedPreferences.getInt,"{""key"": ""mockCount""}"
97027,storage,SharedPreferences.getInt,"{""key"": ""mockFrequency""}"
97030,storage,SharedPreferences.getString,"{""key"": ""mapProvider""}"
97039,file_io,AssetManager.open,"{""path"": ""map.html""}"
97127,file_io,AssetManager.open,"{""path"": ""leaflet.css""}"
97128,file_io,AssetManager.open,"{""path"": ""leaflet.js""}"
97128,file_io,AssetManager.open,"{""path"": ""leaflet-providers.js""}"
97129,file_io,AssetManager.open,"{""path"": ""search.js""}"
97130,file_io,AssetManager.open,"{""path"": ""init.js""}"
97132,file_io,AssetManager.open,"{""path"": ""polyfill.js""}"
97147,file_io,AssetManager.open,"{""path"": ""marker-icon-2x.png""}"
97150,file_io,AssetManager.open,"{""path"": ""marker-shadow.png""}"
97489,reflection,Method.invoke,"{""class"": ""android.os.Trace"", ""method"": ""isTagEnabled""}"
97507,reflection,Method.invoke,"{""class"": ""android.os.Trace"", ""method"": ""isTagEnabled""}"
97540,reflection,Method.invoke,"{""class"": ""android.os.Trace"", ""method"": ""isTagEnabled""}"
97771,reflection,Method.invoke,"{""class"": ""android.os.Trace"", ""method"": ""isTagEnabled""}"
98422,reflection,Method.invoke,"{""class"": ""android.os.Trace"", ""method"": ""isTagEnabled""}"
98968,reflection,Method.invoke,"{""class"": ""android.os.Trace"", ""method"": ""isTagEnabled""}"
98985,reflection,Method.invoke,"{""class"": ""android.os.Trace"", ""method"": ""isTagEnabled""}"
99003,reflection,Method.invoke,"{""class"": ""android.os.Trace"", ""method"": ""isTagEnabled""}"
99019,reflection,Method.invoke,"{""class"": ""android.os.Trace"", ""method"": ""isTagEnabled""}"
99443,reflection,Method.invoke,"{""class"": ""android.os.Trace"", ""method"": ""isTagEnabled""}"
99473,reflection,Method.invoke,"{""class"": ""android.os.Trace"", ""method"": ""isTagEnabled""}"
99601,ipc_intents,Context.startActivity,"{""action"": ""android.intent.action.VIEW"", ""target"": ""android.intent.action.VIEW""}"
99601,navigation,Context.startActivity,"{""target"": ""android.intent.action.VIEW""}"
99918,reflection,Method.invoke,"{""class"": ""android.os.Trace"", ""method"": ""isTagEnabled""}"
99931,reflection,Method.invoke,"{""class"": ""android.os.Trace"", ""method"": ""isTagEnabled""}"
100340,reflection,Method.invoke,"{""class"": ""android.os.Trace"", ""method"": ""isTagEnabled""}"
100475,reflection,Method.invoke,"{""class"": ""android.os.Trace"", ""method"": ""isTagEnabled""}"
100584,reflection,Method.invoke,"{""class"": ""android.os.Trace"", ""method"": ""isTagEnabled""}"
102204,reflection,Method.invoke,"{""class"": ""android.os.Trace"", ""method"": ""isTagEnabled""}"
102874,reflection,Method.invoke,"{""class"": ""android.os.Trace"", ""method"": ""isTagEnabled""}"
102889,storage,SharedPreferences.getInt,"{""key"": ""version""}"
102890,storage,SharedPreferences.getInt,"{""key"": ""mockCount""}"
102890,storage,SharedPreferences.getInt,"{""key"": ""mockFrequency""}"
102890,storage,SharedPreferences.getString,"{""key"": ""mapProvider""}"
102890,webview,WebView.loadUrl,"{""url"": ""javascript:setOnMap(12.0,15.0);""}"
102891,storage,SharedPreferences.putString,"{""key"": ""mapProvider""}"
102892,storage,SharedPreferences.apply,{}
102893,webview,WebView.loadUrl,"{""url"": ""file:///android_asset/map.html?lat=12.0&lng=15.0&zoom=13.0&provider=OpenStreetMap""}"
102893,storage,SharedPreferences.getInt,"{""key"": ""version""}"
102894,storage,SharedPreferences.getInt,"{""key"": ""mockCount""}"
102894,storage,SharedPreferences.getInt,"{""key"": ""mockFrequency""}"
102894,storage,SharedPreferences.getString,"{""key"": ""mapProvider""}"
103003,file_io,AssetManager.open,"{""path"": ""map.html""}"
103007,reflection,Method.invoke,"{""class"": ""android.os.Trace"", ""method"": ""isTagEnabled""}"
103024,reflection,Method.invoke,"{""class"": ""android.os.Trace"", ""method"": ""isTagEnabled""}"
103109,reflection,Method.invoke,"{""class"": ""android.os.Trace"", ""method"": ""isTagEnabled""}"
103112,reflection,Method.invoke,"{""class"": ""android.os.Trace"", ""method"": ""isTagEnabled""}"
103129,reflection,Method.invoke,"{""class"": ""android.os.Trace"", ""method"": ""isTagEnabled""}"
103183,reflection,Method.invoke,"{""class"": ""android.os.Trace"", ""method"": ""isTagEnabled""}"
103187,reflection,Method.invoke,"{""class"": ""android.os.Trace"", ""method"": ""isTagEnabled""}"
103195,file_io,AssetManager.open,"{""path"": ""polyfill.js""}"
103206,file_io,AssetManager.open,"{""path"": ""leaflet.js""}"
103206,file_io,AssetManager.open,"{""path"": ""leaflet.css""}"
103210,file_io,AssetManager.open,"{""path"": ""leaflet-providers.js""}"
103213,file_io,AssetManager.open,"{""path"": ""search.js""}"
103222,file_io,AssetManager.open,"{""path"": ""init.js""}"
103374,reflection,Method.invoke,"{""class"": ""android.os.Trace"", ""method"": ""isTagEnabled""}"
103387,reflection,Method.invoke,"{""class"": ""android.os.Trace"", ""method"": ""isTagEnabled""}"
103392,file_io,AssetManager.open,"{""path"": ""marker-icon-2x.png""}"
103396,file_io,AssetManager.open,"{""path"": ""marker-shadow.png""}"
103425,reflection,Method.invoke,"{""class"": ""android.os.Trace"", ""method"": ""isTagEnabled""}"
103425,reflection,Method.invoke,"{""class"": ""android.os.Trace"", ""method"": ""isTagEnabled""}"
103442,reflection,Method.invoke,"{""class"": ""android.os.Trace"", ""method"": ""isTagEnabled""}"
103452,reflection,Method.invoke,"{""class"": ""android.os.Trace"", ""method"": ""isTagEnabled""}"
103461,reflection,Method.invoke,"{""class"": ""android.os.Trace"", ""method"": ""isTagEnabled""}"
103465,reflection,Method.invoke,"{""class"": ""android.os.Trace"", ""method"": ""isTagEnabled""}"
103468,reflection,Method.invoke,"{""class"": ""android.os.Trace"", ""method"": ""isTagEnabled""}"
103471,reflection,Method.invoke,"{""class"": ""android.os.Trace"", ""method"": ""isTagEnabled""}"
103490,reflection,Method.invoke,"{""class"": ""android.os.Trace"", ""method"": ""isTagEnabled""}"
103494,reflection,Method.invoke,"{""class"": ""android.os.Trace"", ""method"": ""isTagEnabled""}"
103495,reflection,Method.invoke,"{""class"": ""android.os.Trace"", ""method"": ""isTagEnabled""}"
103504,reflection,Method.invoke,"{""class"": ""android.os.Trace"", ""method"": ""isTagEnabled""}"
103507,reflection,Method.invoke,"{""class"": ""android.os.Trace"", ""method"": ""isTagEnabled""}"
103510,reflection,Method.invoke,"{""class"": ""android.os.Trace"", ""method"": ""isTagEnabled""}"
103700,reflection,Method.invoke,"{""class"": ""android.os.Trace"", ""method"": ""isTagEnabled""}"
103716,reflection,Method.invoke,"{""class"": ""android.os.Trace"", ""method"": ""isTagEnabled""}"
103731,reflection,Method.invoke,"{""class"": ""android.os.Trace"", ""method"": ""isTagEnabled""}"
103752,reflection,Method.invoke,"{""class"": ""android.os.Trace"", ""method"": ""isTagEnabled""}"
103764,reflection,Method.invoke,"{""class"": ""android.os.Trace"", ""method"": ""isTagEnabled""}"
103780,reflection,Method.invoke,"{""class"": ""android.os.Trace"", ""method"": ""isTagEnabled""}"
103796,reflection,Method.invoke,"{""class"": ""android.os.Trace"", ""method"": ""isTagEnabled""}"
104334,reflection,Method.invoke,"{""class"": ""android.os.Trace"", ""method"": ""isTagEnabled""}"
104838,reflection,Method.invoke,"{""class"": ""android.os.Trace"", ""method"": ""isTagEnabled""}"
104845,reflection,Method.invoke,"{""class"": ""android.os.Trace"", ""method"": ""isTagEnabled""}"
104882,reflection,Method.invoke,"{""class"": ""android.os.Trace"", ""method"": ""isTagEnabled""}"
104896,reflection,Method.invoke,"{""class"": ""android.os.Trace"", ""method"": ""isTagEnabled""}"
105253,reflection,Method.invoke,"{""class"": ""android.os.Trace"", ""method"": ""isTagEnabled""}"
105264,reflection,Method.invoke,"{""class"": ""android.os.Trace"", ""method"": ""isTagEnabled""}"
105284,reflection,Method.invoke,"{""class"": ""android.os.Trace"", ""method"": ""isTagEnabled""}"
105298,reflection,Method.invoke,"{""class"": ""android.os.Trace"", ""method"": ""isTagEnabled""}"
105344,reflection,Method.invoke,"{""class"": ""android.os.Trace"", ""method"": ""isTagEnabled""}"
105376,reflection,Method.invoke,"{""class"": ""android.os.Trace"", ""method"": ""isTagEnabled""}"
105495,ipc_intents,Context.startActivity,"{""action"": ""android.intent.action.VIEW"", ""target"": ""android.intent.action.VIEW""}"
105495,navigation,Context.startActivity,"{""target"": ""android.intent.action.VIEW""}"
105507,reflection,Method.invoke,"{""class"": ""android.os.Trace"", ""method"": ""isTagEnabled""}"
105525,reflection,Method.invoke,"{""class"": ""android.os.Trace"", ""method"": ""isTagEnabled""}"
105536,reflection,Method.invoke,"{""class"": ""android.os.Trace"", ""method"": ""isTagEnabled""}"
105894,reflection,Method.invoke,"{""class"": ""android.os.Trace"", ""method"": ""isTagEnabled""}"
105907,reflection,Method.invoke,"{""class"": ""android.os.Trace"", ""method"": ""isTagEnabled""}"
105921,reflection,Method.invoke,"{""class"": ""android.os.Trace"", ""method"": ""isTagEnabled""}"
105957,reflection,Method.invoke,"{""class"": ""android.os.Trace"", ""method"": ""isTagEnabled""}"
105988,reflection,Method.invoke,"{""class"": ""android.os.Trace"", ""method"": ""isTagEnabled""}"
106214,reflection,Method.invoke,"{""class"": ""android.os.Trace"", ""method"": ""isTagEnabled""}"
106372,reflection,Method.invoke,"{""class"": ""android.os.Trace"", ""method"": ""isTagEnabled""}"
106489,reflection,Method.invoke,"{""class"": ""android.os.Trace"", ""method"": ""isTagEnabled""}"
108076,reflection,Method.invoke,"{""class"": ""android.os.Trace"", ""method"": ""isTagEnabled""}"
108767,storage,SharedPreferences.getInt,"{""key"": ""version""}"
108770,storage,SharedPreferences.getInt,"{""key"": ""mockCount""}"
108773,storage,SharedPreferences.getInt,"{""key"": ""mockFrequency""}"
108776,storage,SharedPreferences.getString,"{""key"": ""mapProvider""}"
108783,webview,WebView.loadUrl,"{""url"": ""javascript:setOnMap(12.0,15.0);""}"
108788,storage,SharedPreferences.putString,"{""key"": ""mapProvider""}"
108793,storage,SharedPreferences.apply,{}
108796,webview,WebView.loadUrl,"{""url"": ""file:///android_asset/map.html?lat=12.0&lng=15.0&zoom=13.0&provider=OpenStreetMap""}"
108800,storage,SharedPreferences.getInt,"{""key"": ""version""}"
108803,storage,SharedPreferences.getInt,"{""key"": ""mockCount""}"
108805,storage,SharedPreferences.getInt,"{""key"": ""mockFrequency""}"
108808,storage,SharedPreferences.getString,"{""key"": ""mapProvider""}"
108817,file_io,AssetManager.open,"{""path"": ""map.html""}"
108896,file_io,AssetManager.open,"{""path"": ""polyfill.js""}"
108897,file_io,AssetManager.open,"{""path"": ""leaflet.css""}"
108898,file_io,AssetManager.open,"{""path"": ""leaflet.js""}"
108899,file_io,AssetManager.open,"{""path"": ""leaflet-providers.js""}"
108899,file_io,AssetManager.open,"{""path"": ""search.js""}"
108900,file_io,AssetManager.open,"{""path"": ""init.js""}"
108912,file_io,AssetManager.open,"{""path"": ""marker-icon-2x.png""}"
108913,file_io,AssetManager.open,"{""path"": ""marker-shadow.png""}"
109104,reflection,Method.invoke,"{""class"": ""android.os.Trace"", ""method"": ""isTagEnabled""}"
109340,reflection,Method.invoke,"{""class"": ""android.os.Trace"", ""method"": ""isTagEnabled""}"
109357,reflection,Method.invoke,"{""class"": ""android.os.Trace"", ""method"": ""isTagEnabled""}"
109387,reflection,Method.invoke,"{""class"": ""android.os.Trace"", ""method"": ""isTagEnabled""}"
109521,reflection,Method.invoke,"{""class"": ""android.os.Trace"", ""method"": ""isTagEnabled""}"
110175,reflection,Method.invoke,"{""class"": ""android.os.Trace"", ""method"": ""isTagEnabled""}"
110750,reflection,Method.invoke,"{""class"": ""android.os.Trace"", ""method"": ""isTagEnabled""}"
110757,reflection,Method.invoke,"{""class"": ""android.os.Trace"", ""method"": ""isTagEnabled""}"
110787,reflection,Method.invoke,"{""class"": ""android.os.Trace"", ""method"": ""isTagEnabled""}"
110800,reflection,Method.invoke,"{""class"": ""android.os.Trace"", ""method"": ""isTagEnabled""}"
111200,reflection,Method.invoke,"{""class"": ""android.os.Trace"", ""method"": ""isTagEnabled""}"
111235,reflection,Method.invoke,"{""class"": ""android.os.Trace"", ""method"": ""isTagEnabled""}"
111350,ipc_intents,Context.startActivity,"{""action"": ""android.intent.action.VIEW"", ""target"": ""android.intent.action.VIEW""}"
111351,navigation,Context.startActivity,"{""target"": ""android.intent.action.VIEW""}"
111354,reflection,Method.invoke,"{""class"": ""android.os.Trace"", ""method"": ""isTagEnabled""}"
111357,reflection,Method.invoke,"{""class"": ""android.os.Trace"", ""method"": ""isTagEnabled""}"
111370,reflection,Method.invoke,"{""class"": ""android.os.Trace"", ""method"": ""isTagEnabled""}"
111387,reflection,Method.invoke,"{""class"": ""android.os.Trace"", ""method"": ""isTagEnabled""}"
111423,reflection,Method.invoke,"{""class"": ""android.os.Trace"", ""method"": ""isTagEnabled""}"
111446,reflection,Method.invoke,"{""class"": ""android.os.Trace"", ""method"": ""isTagEnabled""}"
111463,reflection,Method.invoke,"{""class"": ""android.os.Trace"", ""method"": ""isTagEnabled""}"
111493,reflection,Method.invoke,"{""class"": ""android.os.Trace"", ""method"": ""isTagEnabled""}"
111508,reflection,Method.invoke,"{""class"": ""android.os.Trace"", ""method"": ""isTagEnabled""}"
111518,reflection,Method.invoke,"{""class"": ""android.os.Trace"", ""method"": ""isTagEnabled""}"
111531,reflection,Method.invoke,"{""class"": ""android.os.Trace"", ""method"": ""isTagEnabled""}"
111828,reflection,Method.invoke,"{""class"": ""android.os.Trace"", ""method"": ""isTagEnabled""}"
111829,reflection,Method.invoke,"{""class"": ""android.os.Trace"", ""method"": ""isTagEnabled""}"
111889,reflection,Method.invoke,"{""class"": ""android.os.Trace"", ""method"": ""isTagEnabled""}"
112055,reflection,Method.invoke,"{""class"": ""android.os.Trace"", ""method"": ""isTagEnabled""}"
112208,reflection,Method.invoke,"{""class"": ""android.os.Trace"", ""method"": ""isTagEnabled""}"
112280,reflection,Method.invoke,"{""class"": ""android.os.Trace"", ""method"": ""isTagEnabled""}"
113939,reflection,Method.invoke,"{""class"": ""android.os.Trace"", ""method"": ""isTagEnabled""}"
114621,storage,SharedPreferences.getInt,"{""key"": ""version""}"
114622,storage,SharedPreferences.getInt,"{""key"": ""mockCount""}"
114622,storage,SharedPreferences.getInt,"{""key"": ""mockFrequency""}"
114622,storage,SharedPreferences.getString,"{""key"": ""mapProvider""}"
114622,webview,WebView.loadUrl,"{""url"": ""javascript:setOnMap(12.0,15.0);""}"
114624,storage,SharedPreferences.putString,"{""key"": ""mapProvider""}"
114625,storage,SharedPreferences.apply,{}
114625,webview,WebView.loadUrl,"{""url"": ""file:///android_asset/map.html?lat=12.0&lng=15.0&zoom=13.0&provider=OpenStreetMap""}"
114626,storage,SharedPreferences.getInt,"{""key"": ""version""}"
114626,storage,SharedPreferences.getInt,"{""key"": ""mockCount""}"
114626,storage,SharedPreferences.getInt,"{""key"": ""mockFrequency""}"
114627,storage,SharedPreferences.getString,"{""key"": ""mapProvider""}"
114629,file_io,AssetManager.open,"{""path"": ""map.html""}"
114701,file_io,AssetManager.open,"{""path"": ""polyfill.js""}"
114701,file_io,AssetManager.open,"{""path"": ""leaflet.css""}"
114705,file_io,AssetManager.open,"{""path"": ""leaflet.js""}"
114710,file_io,AssetManager.open,"{""path"": ""init.js""}"
114725,file_io,AssetManager.open,"{""path"": ""leaflet-providers.js""}"
114726,reflection,Method.invoke,"{""class"": ""android.os.Trace"", ""method"": ""isTagEnabled""}"
114740,file_io,AssetManager.open,"{""path"": ""search.js""}"
114772,file_io,AssetManager.open,"{""path"": ""marker-shadow.png""}"
114775,file_io,AssetManager.open,"{""path"": ""marker-icon-2x.png""}"
115187,reflection,Method.invoke,"{""class"": ""android.os.Trace"", ""method"": ""isTagEnabled""}"
115196,reflection,Method.invoke,"{""class"": ""android.os.Trace"", ""method"": ""isTagEnabled""}"
115230,reflection,Method.invoke,"{""class"": ""android.os.Trace"", ""method"": ""isTagEnabled""}"
115318,reflection,Method.invoke,"{""class"": ""android.os.Trace"", ""method"": ""isTagEnabled""}"
116033,reflection,Method.invoke,"{""class"": ""android.os.Trace"", ""method"": ""isTagEnabled""}"
116573,reflection,Method.invoke,"{""class"": ""android.os.Trace"", ""method"": ""isTagEnabled""}"
116581,reflection,Method.invoke,"{""class"": ""android.os.Trace"", ""method"": ""isTagEnabled""}"
116614,reflection,Method.invoke,"{""class"": ""android.os.Trace"", ""method"": ""isTagEnabled""}"
116629,reflection,Method.invoke,"{""class"": ""android.os.Trace"", ""method"": ""isTagEnabled""}"
117024,reflection,Method.invoke,"{""class"": ""android.os.Trace"", ""method"": ""isTagEnabled""}"
117041,reflection,Method.invoke,"{""class"": ""android.os.Trace"", ""method"": ""isTagEnabled""}"
117048,reflection,Method.invoke,"{""class"": ""android.os.Trace"", ""method"": ""isTagEnabled""}"
117063,reflection,Method.invoke,"{""class"": ""android.os.Trace"", ""method"": ""isTagEnabled""}"
117113,reflection,Method.invoke,"{""class"": ""android.os.Trace"", ""method"": ""isTagEnabled""}"
117188,ipc_intents,Context.startActivity,"{""action"": ""android.intent.action.VIEW"", ""target"": ""android.intent.action.VIEW""}"
117188,navigation,Context.startActivity,"{""target"": ""android.intent.action.VIEW""}"
117270,reflection,Method.invoke,"{""class"": ""android.os.Trace"", ""method"": ""isTagEnabled""}"
117327,reflection,Method.invoke,"{""class"": ""android.os.Trace"", ""method"": ""isTagEnabled""}"
117557,reflection,Method.invoke,"{""class"": ""android.os.Trace"", ""method"": ""isTagEnabled""}"
117575,reflection,Method.invoke,"{""class"": ""android.os.Trace"", ""method"": ""isTagEnabled""}"
117623,reflection,Method.invoke,"{""class"": ""android.os.Trace"", ""method"": ""isTagEnabled""}"
117926,reflection,Method.invoke,"{""class"": ""android.os.Trace"", ""method"": ""isTagEnabled""}"
118092,reflection,Method.invoke,"{""class"": ""android.os.Trace"", ""method"": ""isTagEnabled""}"
118173,reflection,Method.invoke,"{""class"": ""android.os.Trace"", ""method"": ""isTagEnabled""}"
119794,reflection,Method.invoke,"{""class"": ""android.os.Trace"", ""method"": ""isTagEnabled""}"
120451,storage,SharedPreferences.getInt,"{""key"": ""version""}"
120453,storage,SharedPreferences.getInt,"{""key"": ""mockCount""}"
120457,storage,SharedPreferences.getInt,"{""key"": ""mockFrequency""}"
120459,storage,SharedPreferences.getString,"{""key"": ""mapProvider""}"
120468,webview,WebView.loadUrl,"{""url"": ""javascript:setOnMap(12.0,15.0);""}"
120474,storage,SharedPreferences.putString,"{""key"": ""mapProvider""}"
120477,storage,SharedPreferences.apply,{}
120481,webview,WebView.loadUrl,"{""url"": ""file:///android_asset/map.html?lat=12.0&lng=15.0&zoom=13.0&provider=OpenStreetMap""}"
120486,storage,SharedPreferences.getInt,"{""key"": ""version""}"
120488,storage,SharedPreferences.getInt,"{""key"": ""mockCount""}"
120491,storage,SharedPreferences.getInt,"{""key"": ""mockFrequency""}"
120495,storage,SharedPreferences.getString,"{""key"": ""mapProvider""}"
120511,file_io,AssetManager.open,"{""path"": ""map.html""}"
120661,file_io,AssetManager.open,"{""path"": ""polyfill.js""}"
120674,file_io,AssetManager.open,"{""path"": ""leaflet.css""}"
120679,file_io,AssetManager.open,"{""path"": ""leaflet.js""}"
120689,file_io,AssetManager.open,"{""path"": ""leaflet-providers.js""}"
120703,file_io,AssetManager.open,"{""path"": ""init.js""}"
120706,file_io,AssetManager.open,"{""path"": ""search.js""}"
120946,file_io,AssetManager.open,"{""path"": ""marker-icon-2x.png""}"
120960,file_io,AssetManager.open,"{""path"": ""marker-shadow.png""}"
121316,reflection,Method.invoke,"{""class"": ""android.os.Trace"", ""method"": ""isTagEnabled""}"
121335,reflection,Method.invoke,"{""class"": ""android.os.Trace"", ""method"": ""isTagEnabled""}"
121356,reflection,Method.invoke,"{""class"": ""android.os.Trace"", ""method"": ""isTagEnabled""}"
121372,reflection,Method.invoke,"{""class"": ""android.os.Trace"", ""method"": ""isTagEnabled""}"
121386,reflection,Method.invoke,"{""class"": ""android.os.Trace"", ""method"": ""isTagEnabled""}"
121403,reflection,Method.invoke,"{""class"": ""android.os.Trace"", ""method"": ""isTagEnabled""}"
121857,reflection,Method.invoke,"{""class"": ""android.os.Trace"", ""method"": ""isTagEnabled""}"
122445,reflection,Method.invoke,"{""class"": ""android.os.Trace"", ""method"": ""isTagEnabled""}"
122459,reflection,Method.invoke,"{""class"": ""android.os.Trace"", ""method"": ""isTagEnabled""}"
122487,reflection,Method.invoke,"{""class"": ""android.os.Trace"", ""method"": ""isTagEnabled""}"
122501,reflection,Method.invoke,"{""class"": ""android.os.Trace"", ""method"": ""isTagEnabled""}"
122878,reflection,Method.invoke,"{""class"": ""android.os.Trace"", ""method"": ""isTagEnabled""}"
122914,reflection,Method.invoke,"{""class"": ""android.os.Trace"", ""method"": ""isTagEnabled""}"
123037,ipc_intents,Context.startActivity,"{""action"": ""android.intent.action.VIEW"", ""target"": ""android.intent.action.VIEW""}"
123038,navigation,Context.startActivity,"{""target"": ""android.intent.action.VIEW""}"
123121,reflection,Method.invoke,"{""class"": ""android.os.Trace"", ""method"": ""isTagEnabled""}"
123132,reflection,Method.invoke,"{""class"": ""android.os.Trace"", ""method"": ""isTagEnabled""}"
123134,reflection,Method.invoke,"{""class"": ""android.os.Trace"", ""method"": ""isTagEnabled""}"
123151,reflection,Method.invoke,"{""class"": ""android.os.Trace"", ""method"": ""isTagEnabled""}"
123167,reflection,Method.invoke,"{""class"": ""android.os.Trace"", ""method"": ""isTagEnabled""}"
123185,reflection,Method.invoke,"{""class"": ""android.os.Trace"", ""method"": ""isTagEnabled""}"
123201,reflection,Method.invoke,"{""class"": ""android.os.Trace"", ""method"": ""isTagEnabled""}"
123392,reflection,Method.invoke,"{""class"": ""android.os.Trace"", ""method"": ""isTagEnabled""}"
123397,reflection,Method.invoke,"{""class"": ""android.os.Trace"", ""method"": ""isTagEnabled""}"
123431,reflection,Method.invoke,"{""class"": ""android.os.Trace"", ""method"": ""isTagEnabled""}"
123763,reflection,Method.invoke,"{""class"": ""android.os.Trace"", ""method"": ""isTagEnabled""}"
123931,reflection,Method.invoke,"{""class"": ""android.os.Trace"", ""method"": ""isTagEnabled""}"
124021,reflection,Method.invoke,"{""class"": ""android.os.Trace"", ""method"": ""isTagEnabled""}"
125641,reflection,Method.invoke,"{""class"": ""android.os.Trace"", ""method"": ""isTagEnabled""}"
126342,storage,SharedPreferences.getInt,"{""key"": ""version""}"
126342,storage,SharedPreferences.getInt,"{""key"": ""mockCount""}"
126342,storage,SharedPreferences.getInt,"{""key"": ""mockFrequency""}"
126342,storage,SharedPreferences.getString,"{""key"": ""mapProvider""}"
126343,webview,WebView.loadUrl,"{""url"": ""javascript:setOnMap(12.0,15.0);""}"
126343,storage,SharedPreferences.putString,"{""key"": ""mapProvider""}"
126345,storage,SharedPreferences.apply,{}
126346,webview,WebView.loadUrl,"{""url"": ""file:///android_asset/map.html?lat=12.0&lng=15.0&zoom=13.0&provider=OpenStreetMap""}"
126351,storage,SharedPreferences.getInt,"{""key"": ""version""}"
126351,storage,SharedPreferences.getInt,"{""key"": ""mockCount""}"
126352,storage,SharedPreferences.getInt,"{""key"": ""mockFrequency""}"
126352,storage,SharedPreferences.getString,"{""key"": ""mapProvider""}"
126361,file_io,AssetManager.open,"{""path"": ""map.html""}"
126439,reflection,Method.invoke,"{""class"": ""android.os.Trace"", ""method"": ""isTagEnabled""}"
126454,reflection,Method.invoke,"{""class"": ""android.os.Trace"", ""method"": ""isTagEnabled""}"
126525,file_io,AssetManager.open,"{""path"": ""polyfill.js""}"
126529,file_io,AssetManager.open,"{""path"": ""leaflet.css""}"
126536,file_io,AssetManager.open,"{""path"": ""leaflet.js""}"
126539,file_io,AssetManager.open,"{""path"": ""leaflet-providers.js""}"
126542,file_io,AssetManager.open,"{""path"": ""search.js""}"
126544,file_io,AssetManager.open,"{""path"": ""init.js""}"
126555,reflection,Method.invoke,"{""class"": ""android.os.Trace"", ""method"": ""isTagEnabled""}"
126562,reflection,Method.invoke,"{""class"": ""android.os.Trace"", ""method"": ""isTagEnabled""}"
126614,reflection,Method.invoke,"{""class"": ""android.os.Trace"", ""method"": ""isTagEnabled""}"
126629,reflection,Method.invoke,"{""class"": ""android.os.Trace"", ""method"": ""isTagEnabled""}"
126663,reflection,Method.invoke,"{""class"": ""android.os.Trace"", ""method"": ""isTagEnabled""}"
126671,file_io,AssetManager.open,"{""path"": ""marker-icon-2x.png""}"
126674,file_io,AssetManager.open,"{""path"": ""marker-shadow.png""}"
126710,reflection,Method.invoke,"{""class"": ""android.os.Trace"", ""method"": ""isTagEnabled""}"
126722,reflection,Method.invoke,"{""class"": ""android.os.Trace"", ""method"": ""isTagEnabled""}"
126723,reflection,Method.invoke,"{""class"": ""android.os.Trace"", ""method"": ""isTagEnabled""}"
126729,reflection,Method.invoke,"{""class"": ""android.os.Trace"", ""method"": ""isTagEnabled""}"
126732,reflection,Method.invoke,"{""class"": ""android.os.Trace"", ""method"": ""isTagEnabled""}"
126741,reflection,Method.invoke,"{""class"": ""android.os.Trace"", ""method"": ""isTagEnabled""}"
126743,reflection,Method.invoke,"{""class"": ""android.os.Trace"", ""method"": ""isTagEnabled""}"
126746,reflection,Method.invoke,"{""class"": ""android.os.Trace"", ""method"": ""isTagEnabled""}"
126752,reflection,Method.invoke,"{""class"": ""android.os.Trace"", ""method"": ""isTagEnabled""}"
126755,reflection,Method.invoke,"{""class"": ""android.os.Trace"", ""method"": ""isTagEnabled""}"
126758,reflection,Method.invoke,"{""class"": ""android.os.Trace"", ""method"": ""isTagEnabled""}"
126760,reflection,Method.invoke,"{""class"": ""android.os.Trace"", ""method"": ""isTagEnabled""}"
126761,reflection,Method.invoke,"{""class"": ""android.os.Trace"", ""method"": ""isTagEnabled""}"
126793,reflection,Method.invoke,"{""class"": ""android.os.Trace"", ""method"": ""isTagEnabled""}"
126805,reflection,Method.invoke,"{""class"": ""android.os.Trace"", ""method"": ""isTagEnabled""}"
126821,reflection,Method.invoke,"{""class"": ""android.os.Trace"", ""method"": ""isTagEnabled""}"
126826,reflection,Method.invoke,"{""class"": ""android.os.Trace"", ""method"": ""isTagEnabled""}"
126828,reflection,Method.invoke,"{""class"": ""android.os.Trace"", ""method"": ""isTagEnabled""}"
126829,reflection,Method.invoke,"{""class"": ""android.os.Trace"", ""method"": ""isTagEnabled""}"
126882,reflection,Method.invoke,"{""class"": ""android.os.Trace"", ""method"": ""isTagEnabled""}"
126988,reflection,Method.invoke,"{""class"": ""android.os.Trace"", ""method"": ""isTagEnabled""}"
126998,reflection,Method.invoke,"{""class"": ""android.os.Trace"", ""method"": ""isTagEnabled""}"
127018,reflection,Method.invoke,"{""class"": ""android.os.Trace"", ""method"": ""isTagEnabled""}"
127037,reflection,Method.invoke,"{""class"": ""android.os.Trace"", ""method"": ""isTagEnabled""}"
127054,reflection,Method.invoke,"{""class"": ""android.os.Trace"", ""method"": ""isTagEnabled""}"
127064,reflection,Method.invoke,"{""class"": ""android.os.Trace"", ""method"": ""isTagEnabled""}"
127082,reflection,Method.invoke,"{""class"": ""android.os.Trace"", ""method"": ""isTagEnabled""}"
127096,reflection,Method.invoke,"{""class"": ""android.os.Trace"", ""method"": ""isTagEnabled""}"
127768,reflection,Method.invoke,"{""class"": ""android.os.Trace"", ""method"": ""isTagEnabled""}"
128295,reflection,Method.invoke,"{""class"": ""android.os.Trace"", ""method"": ""isTagEnabled""}"
128296,reflection,Method.invoke,"{""class"": ""android.os.Trace"", ""method"": ""isTagEnabled""}"
128329,reflection,Method.invoke,"{""class"": ""android.os.Trace"", ""method"": ""isTagEnabled""}"
128351,reflection,Method.invoke,"{""class"": ""android.os.Trace"", ""method"": ""isTagEnabled""}"
128734,reflection,Method.invoke,"{""class"": ""android.os.Trace"", ""method"": ""isTagEnabled""}"
128750,reflection,Method.invoke,"{""class"": ""android.os.Trace"", ""method"": ""isTagEnabled""}"
128768,reflection,Method.invoke,"{""class"": ""android.os.Trace"", ""method"": ""isTagEnabled""}"
128775,reflection,Method.invoke,"{""class"": ""android.os.Trace"", ""method"": ""isTagEnabled""}"
128783,reflection,Method.invoke,"{""class"": ""android.os.Trace"", ""method"": ""isTagEnabled""}"
128792,reflection,Method.invoke,"{""class"": ""android.os.Trace"", ""method"": ""isTagEnabled""}"
128913,reflection,Method.invoke,"{""class"": ""android.os.Trace"", ""method"": ""isTagEnabled""}"
128928,ipc_intents,Context.startActivity,"{""action"": ""android.intent.action.VIEW"", ""target"": ""android.intent.action.VIEW""}"
128928,navigation,Context.startActivity,"{""target"": ""android.intent.action.VIEW""}"
128937,reflection,Method.invoke,"{""class"": ""android.os.Trace"", ""method"": ""isTagEnabled""}"
129315,reflection,Method.invoke,"{""class"": ""android.os.Trace"", ""method"": ""isTagEnabled""}"
129317,reflection,Method.invoke,"{""class"": ""android.os.Trace"", ""method"": ""isTagEnabled""}"
129330,reflection,Method.invoke,"{""class"": ""android.os.Trace"", ""method"": ""isTagEnabled""}"
129364,reflection,Method.invoke,"{""class"": ""android.os.Trace"", ""method"": ""isTagEnabled""}"
129637,reflection,Method.invoke,"{""class"": ""android.os.Trace"", ""method"": ""isTagEnabled""}"
129800,reflection,Method.invoke,"{""class"": ""android.os.Trace"", ""method"": ""isTagEnabled""}"
129903,reflection,Method.invoke,"{""class"": ""android.os.Trace"", ""method"": ""isTagEnabled""}"
130286,reflection,Method.invoke,"{""class"": ""android.os.Trace"", ""method"": ""isTagEnabled""}"
130988,storage,SharedPreferences.getInt,"{""key"": ""version""}"
130990,storage,SharedPreferences.getInt,"{""key"": ""mockCount""}"
130992,storage,SharedPreferences.getInt,"{""key"": ""mockFrequency""}"
130995,storage,SharedPreferences.getString,"{""key"": ""mapProvider""}"
131002,webview,WebView.loadUrl,"{""url"": ""javascript:setOnMap(12.0,15.0);""}"
131007,storage,SharedPreferences.putString,"{""key"": ""mapProvider""}"
131011,storage,SharedPreferences.apply,{}
131013,webview,WebView.loadUrl,"{""url"": ""file:///android_asset/map.html?lat=12.0&lng=15.0&zoom=13.0&provider=OpenStreetMap""}"
131017,storage,SharedPreferences.getInt,"{""key"": ""version""}"
131020,storage,SharedPreferences.getInt,"{""key"": ""mockCount""}"
131021,storage,SharedPreferences.getInt,"{""key"": ""mockFrequency""}"
131024,storage,SharedPreferences.getString,"{""key"": ""mapProvider""}"
131038,file_io,AssetManager.open,"{""path"": ""map.html""}"
131157,reflection,Method.invoke,"{""class"": ""android.os.Trace"", ""method"": ""isTagEnabled""}"
131162,reflection,Method.invoke,"{""class"": ""android.os.Trace"", ""method"": ""isTagEnabled""}"
131189,reflection,Method.invoke,"{""class"": ""android.os.Trace"", ""method"": ""isTagEnabled""}"
131190,reflection,Method.invoke,"{""class"": ""android.os.Trace"", ""method"": ""isTagEnabled""}"
131195,file_io,AssetManager.open,"{""path"": ""polyfill.js""}"
131234,file_io,AssetManager.open,"{""path"": ""leaflet.js""}"
131238,file_io,AssetManager.open,"{""path"": ""leaflet.css""}"
131242,file_io,AssetManager.open,"{""path"": ""init.js""}"
131248,file_io,AssetManager.open,"{""path"": ""leaflet-providers.js""}"
131257,file_io,AssetManager.open,"{""path"": ""search.js""}"
131374,reflection,Method.invoke,"{""class"": ""android.os.Trace"", ""method"": ""isTagEnabled""}"
131379,reflection,Method.invoke,"{""class"": ""android.os.Trace"", ""method"": ""isTagEnabled""}"
131427,file_io,AssetManager.open,"{""path"": ""marker-icon-2x.png""}"
131439,file_io,AssetManager.open,"{""path"": ""marker-shadow.png""}"
131472,reflection,Method.invoke,"{""class"": ""android.os.Trace"", ""method"": ""isTagEnabled""}"
131493,reflection,Method.invoke,"{""class"": ""android.os.Trace"", ""method"": ""isTagEnabled""}"
131495,reflection,Method.invoke,"{""class"": ""android.os.Trace"", ""method"": ""isTagEnabled""}"
131509,reflection,Method.invoke,"{""class"": ""android.os.Trace"", ""method"": ""isTagEnabled""}"
131513,reflection,Method.invoke,"{""class"": ""android.os.Trace"", ""method"": ""isTagEnabled""}"
131520,reflection,Method.invoke,"{""class"": ""android.os.Trace"", ""method"": ""isTagEnabled""}"
131521,reflection,Method.invoke,"{""class"": ""android.os.Trace"", ""method"": ""isTagEnabled""}"
131523,reflection,Method.invoke,"{""class"": ""android.os.Trace"", ""method"": ""isTagEnabled""}"
131524,reflection,Method.invoke,"{""class"": ""android.os.Trace"", ""method"": ""isTagEnabled""}"
131526,reflection,Method.invoke,"{""class"": ""android.os.Trace"", ""method"": ""isTagEnabled""}"
131528,reflection,Method.invoke,"{""class"": ""android.os.Trace"", ""method"": ""isTagEnabled""}"
131530,reflection,Method.invoke,"{""class"": ""android.os.Trace"", ""method"": ""isTagEnabled""}"
131578,reflection,Method.invoke,"{""class"": ""android.os.Trace"", ""method"": ""isTagEnabled""}"
131585,reflection,Method.invoke,"{""class"": ""android.os.Trace"", ""method"": ""isTagEnabled""}"
131593,reflection,Method.invoke,"{""class"": ""android.os.Trace"", ""method"": ""isTagEnabled""}"
131596,reflection,Method.invoke,"{""class"": ""android.os.Trace"", ""method"": ""isTagEnabled""}"
131686,reflection,Method.invoke,"{""class"": ""android.os.Trace"", ""method"": ""isTagEnabled""}"
131794,reflection,Method.invoke,"{""class"": ""android.os.Trace"", ""method"": ""isTagEnabled""}"
131799,reflection,Method.invoke,"{""class"": ""android.os.Trace"", ""method"": ""isTagEnabled""}"
131814,reflection,Method.invoke,"{""class"": ""android.os.Trace"", ""method"": ""isTagEnabled""}"
131834,reflection,Method.invoke,"{""class"": ""android.os.Trace"", ""method"": ""isTagEnabled""}"
131847,reflection,Method.invoke,"{""class"": ""android.os.Trace"", ""method"": ""isTagEnabled""}"
131864,reflection,Method.invoke,"{""class"": ""android.os.Trace"", ""method"": ""isTagEnabled""}"
132401,reflection,Method.invoke,"{""class"": ""android.os.Trace"", ""method"": ""isTagEnabled""}"
132984,reflection,Method.invoke,"{""class"": ""android.os.Trace"", ""method"": ""isTagEnabled""}"
132998,reflection,Method.invoke,"{""class"": ""android.os.Trace"", ""method"": ""isTagEnabled""}"
133016,reflection,Method.invoke,"{""class"": ""android.os.Trace"", ""method"": ""isTagEnabled""}"
133031,reflection,Method.invoke,"{""class"": ""android.os.Trace"", ""method"": ""isTagEnabled""}"
133409,reflection,Method.invoke,"{""class"": ""android.os.Trace"", ""method"": ""isTagEnabled""}"
133437,reflection,Method.invoke,"{""class"": ""android.os.Trace"", ""method"": ""isTagEnabled""}"
133566,ipc_intents,Context.startActivity,"{""action"": ""android.intent.action.VIEW"", ""target"": ""android.intent.action.VIEW""}"
133567,navigation,Context.startActivity,"{""target"": ""android.intent.action.VIEW""}"
133587,reflection,Method.invoke,"{""class"": ""android.os.Trace"", ""method"": ""isTagEnabled""}"
133606,reflection,Method.invoke,"{""class"": ""android.os.Trace"", ""method"": ""isTagEnabled""}"
134012,reflection,Method.invoke,"{""class"": ""android.os.Trace"", ""method"": ""isTagEnabled""}"
134014,reflection,Method.invoke,"{""class"": ""android.os.Trace"", ""method"": ""isTagEnabled""}"
134064,reflection,Method.invoke,"{""class"": ""android.os.Trace"", ""method"": ""isTagEnabled""}"
134273,reflection,Method.invoke,"{""class"": ""android.os.Trace"", ""method"": ""isTagEnabled""}"
134483,reflection,Method.invoke,"{""class"": ""android.os.Trace"", ""method"": ""isTagEnabled""}"
134564,reflection,Method.invoke,"{""class"": ""android.os.Trace"", ""method"": ""isTagEnabled""}"
134960,reflection,Method.invoke,"{""class"": ""android.os.Trace"", ""method"": ""isTagEnabled""}"
135629,storage,SharedPreferences.getInt,"{""key"": ""version""}"
135636,storage,SharedPreferences.getInt,"{""key"": ""mockCount""}"
135638,storage,SharedPreferences.getInt,"{""key"": ""mockFrequency""}"
135640,storage,SharedPreferences.getString,"{""key"": ""mapProvider""}"
135643,webview,WebView.loadUrl,"{""url"": ""javascript:setOnMap(12.0,15.0);""}"
135652,storage,SharedPreferences.putString,"{""key"": ""mapProvider""}"
135655,storage,SharedPreferences.apply,{}
135659,webview,WebView.loadUrl,"{""url"": ""file:///android_asset/map.html?lat=12.0&lng=15.0&zoom=13.0&provider=OpenStreetMap""}"
135663,storage,SharedPreferences.getInt,"{""key"": ""version""}"
135666,storage,SharedPreferences.getInt,"{""key"": ""mockCount""}"
135668,storage,SharedPreferences.getInt,"{""key"": ""mockFrequency""}"
135672,storage,SharedPreferences.getString,"{""key"": ""mapProvider""}"
135686,file_io,AssetManager.open,"{""path"": ""map.html""}"
135802,file_io,AssetManager.open,"{""path"": ""polyfill.js""}"
135806,file_io,AssetManager.open,"{""path"": ""leaflet.css""}"
135820,file_io,AssetManager.open,"{""path"": ""leaflet.js""}"
135822,file_io,AssetManager.open,"{""path"": ""leaflet-providers.js""}"
135838,file_io,AssetManager.open,"{""path"": ""search.js""}"
135840,file_io,AssetManager.open,"{""path"": ""init.js""}"
135957,reflection,Method.invoke,"{""class"": ""android.os.Trace"", ""method"": ""isTagEnabled""}"
135977,reflection,Method.invoke,"{""class"": ""android.os.Trace"", ""method"": ""isTagEnabled""}"
136074,file_io,AssetManager.open,"{""path"": ""marker-icon-2x.png""}"
136079,file_io,AssetManager.open,"{""path"": ""marker-shadow.png""}"
136157,reflection,Method.invoke,"{""class"": ""android.os.Trace"", ""method"": ""isTagEnabled""}"
136370,reflection,Method.invoke,"{""class"": ""android.os.Trace"", ""method"": ""isTagEnabled""}"
136384,reflection,Method.invoke,"{""class"": ""android.os.Trace"", ""method"": ""isTagEnabled""}"
136408,reflection,Method.invoke,"{""class"": ""android.os.Trace"", ""method"": ""isTagEnabled""}"
136422,reflection,Method.invoke,"{""class"": ""android.os.Trace"", ""method"": ""isTagEnabled""}"
136439,reflection,Method.invoke,"{""class"": ""android.os.Trace"", ""method"": ""isTagEnabled""}"
136452,reflection,Method.invoke,"{""class"": ""android.os.Trace"", ""method"": ""isTagEnabled""}"
136473,reflection,Method.invoke,"{""class"": ""android.os.Trace"", ""method"": ""isTagEnabled""}"
136486,reflection,Method.invoke,"{""class"": ""android.os.Trace"", ""method"": ""isTagEnabled""}"
136504,reflection,Method.invoke,"{""class"": ""android.os.Trace"", ""method"": ""isTagEnabled""}"
136520,reflection,Method.invoke,"{""class"": ""android.os.Trace"", ""method"": ""isTagEnabled""}"
136538,reflection,Method.invoke,"{""class"": ""android.os.Trace"", ""method"": ""isTagEnabled""}"
136554,reflection,Method.invoke,"{""class"": ""android.os.Trace"", ""method"": ""isTagEnabled""}"
136568,reflection,Method.invoke,"{""class"": ""android.os.Trace"", ""method"": ""isTagEnabled""}"
137043,reflection,Method.invoke,"{""class"": ""android.os.Trace"", ""method"": ""isTagEnabled""}"
137566,reflection,Method.invoke,"{""class"": ""android.os.Trace"", ""method"": ""isTagEnabled""}"
137575,reflection,Method.invoke,"{""class"": ""android.os.Trace"", ""method"": ""isTagEnabled""}"
137585,reflection,Method.invoke,"{""class"": ""android.os.Trace"", ""method"": ""isTagEnabled""}"
138064,reflection,Method.invoke,"{""class"": ""android.os.Trace"", ""method"": ""isTagEnabled""}"
138102,reflection,Method.invoke,"{""class"": ""android.os.Trace"", ""method"": ""isTagEnabled""}"
138236,ipc_intents,Context.startActivity,"{""action"": ""android.intent.action.VIEW"", ""target"": ""android.intent.action.VIEW""}"
138236,navigation,Context.startActivity,"{""target"": ""android.intent.action.VIEW""}"
138386,reflection,Method.invoke,"{""class"": ""android.os.Trace"", ""method"": ""isTagEnabled""}"
138418,reflection,Method.invoke,"{""class"": ""android.os.Trace"", ""method"": ""isTagEnabled""}"
138722,reflection,Method.invoke,"{""class"": ""android.os.Trace"", ""method"": ""isTagEnabled""}"
138729,reflection,Method.invoke,"{""class"": ""android.os.Trace"", ""method"": ""isTagEnabled""}"
138779,reflection,Method.invoke,"{""class"": ""android.os.Trace"", ""method"": ""isTagEnabled""}"
138957,reflection,Method.invoke,"{""class"": ""android.os.Trace"", ""method"": ""isTagEnabled""}"
139153,reflection,Method.invoke,"{""class"": ""android.os.Trace"", ""method"": ""isTagEnabled""}"
139255,reflection,Method.invoke,"{""class"": ""android.os.Trace"", ""method"": ""isTagEnabled""}"
140851,reflection,Method.invoke,"{""class"": ""android.os.Trace"", ""method"": ""isTagEnabled""}"
141510,storage,SharedPreferences.getInt,"{""key"": ""version""}"
141510,storage,SharedPreferences.getInt,"{""key"": ""mockCount""}"
141510,storage,SharedPreferences.getInt,"{""key"": ""mockFrequency""}"
141511,storage,SharedPreferences.getString,"{""key"": ""mapProvider""}"
141511,webview,WebView.loadUrl,"{""url"": ""javascript:setOnMap(12.0,15.0);""}"
141512,storage,SharedPreferences.putString,"{""key"": ""mapProvider""}"
141512,storage,SharedPreferences.apply,{}
141513,webview,WebView.loadUrl,"{""url"": ""file:///android_asset/map.html?lat=12.0&lng=15.0&zoom=13.0&provider=OpenStreetMap""}"
141513,storage,SharedPreferences.getInt,"{""key"": ""version""}"
141513,storage,SharedPreferences.getInt,"{""key"": ""mockCount""}"
141513,storage,SharedPreferences.getInt,"{""key"": ""mockFrequency""}"
141513,storage,SharedPreferences.getString,"{""key"": ""mapProvider""}"
141585,file_io,AssetManager.open,"{""path"": ""map.html""}"
141610,reflection,Method.invoke,"{""class"": ""android.os.Trace"", ""method"": ""isTagEnabled""}"
141730,reflection,Method.invoke,"{""class"": ""android.os.Trace"", ""method"": ""isTagEnabled""}"
141749,file_io,AssetManager.open,"{""path"": ""leaflet-providers.js""}"
141753,file_io,AssetManager.open,"{""path"": ""leaflet.js""}"
141759,reflection,Method.invoke,"{""class"": ""android.os.Trace"", ""method"": ""isTagEnabled""}"
141761,file_io,AssetManager.open,"{""path"": ""init.js""}"
141776,reflection,Method.invoke,"{""class"": ""android.os.Trace"", ""method"": ""isTagEnabled""}"
141777,file_io,AssetManager.open,"{""path"": ""leaflet.css""}"
141787,file_io,AssetManager.open,"{""path"": ""search.js""}"
141794,file_io,AssetManager.open,"{""path"": ""polyfill.js""}"
141854,file_io,AssetManager.open,"{""path"": ""marker-icon-2x.png""}"
141860,reflection,Method.invoke,"{""class"": ""android.os.Trace"", ""method"": ""isTagEnabled""}"
141861,file_io,AssetManager.open,"{""path"": ""marker-shadow.png""}"
141872,reflection,Method.invoke,"{""class"": ""android.os.Trace"", ""method"": ""isTagEnabled""}"
142247,reflection,Method.invoke,"{""class"": ""android.os.Trace"", ""method"": ""isTagEnabled""}"
142263,reflection,Method.invoke,"{""class"": ""android.os.Trace"", ""method"": ""isTagEnabled""}"
142279,reflection,Method.invoke,"{""class"": ""android.os.Trace"", ""method"": ""isTagEnabled""}"
142957,reflection,Method.invoke,"{""class"": ""android.os.Trace"", ""method"": ""isTagEnabled""}"
143461,reflection,Method.invoke,"{""class"": ""android.os.Trace"", ""method"": ""isTagEnabled""}"
143465,reflection,Method.invoke,"{""class"": ""android.os.Trace"", ""method"": ""isTagEnabled""}"
143497,reflection,Method.invoke,"{""class"": ""android.os.Trace"", ""method"": ""isTagEnabled""}"
143512,reflection,Method.invoke,"{""class"": ""android.os.Trace"", ""method"": ""isTagEnabled""}"
143974,reflection,Method.invoke,"{""class"": ""android.os.Trace"", ""method"": ""isTagEnabled""}"
144002,reflection,Method.invoke,"{""class"": ""android.os.Trace"", ""method"": ""isTagEnabled""}"
144127,ipc_intents,Context.startActivity,"{""action"": ""android.intent.action.VIEW"", ""target"": ""android.intent.action.VIEW""}"
144127,navigation,Context.startActivity,"{""target"": ""android.intent.action.VIEW""}"
144140,reflection,Method.invoke,"{""class"": ""android.os.Trace"", ""method"": ""isTagEnabled""}"
144154,reflection,Method.invoke,"{""class"": ""android.os.Trace"", ""method"": ""isTagEnabled""}"
144165,reflection,Method.invoke,"{""class"": ""android.os.Trace"", ""method"": ""isTagEnabled""}"
144183,reflection,Method.invoke,"{""class"": ""android.os.Trace"", ""method"": ""isTagEnabled""}"
144196,reflection,Method.invoke,"{""class"": ""android.os.Trace"", ""method"": ""isTagEnabled""}"
144213,reflection,Method.invoke,"{""class"": ""android.os.Trace"", ""method"": ""isTagEnabled""}"
144437,reflection,Method.invoke,"{""class"": ""android.os.Trace"", ""method"": ""isTagEnabled""}"
144467,reflection,Method.invoke,"{""class"": ""android.os.Trace"", ""method"": ""isTagEnabled""}"
144479,reflection,Method.invoke,"{""class"": ""android.os.Trace"", ""method"": ""isTagEnabled""}"
144837,reflection,Method.invoke,"{""class"": ""android.os.Trace"", ""method"": ""isTagEnabled""}"
145086,reflection,Method.invoke,"{""class"": ""android.os.Trace"", ""method"": ""isTagEnabled""}"
145211,reflection,Method.invoke,"{""class"": ""android.os.Trace"", ""method"": ""isTagEnabled""}"
146674,reflection,Method.invoke,"{""class"": ""android.os.Trace"", ""method"": ""isTagEnabled""}"
147376,storage,SharedPreferences.getInt,"{""key"": ""version""}"
147376,storage,SharedPreferences.getInt,"{""key"": ""mockCount""}"
147377,storage,SharedPreferences.getInt,"{""key"": ""mockFrequency""}"
147377,storage,SharedPreferences.getString,"{""key"": ""mapProvider""}"
147377,webview,WebView.loadUrl,"{""url"": ""javascript:setOnMap(12.0,15.0);""}"
147378,storage,SharedPreferences.putString,"{""key"": ""mapProvider""}"
147378,storage,SharedPreferences.apply,{}
147381,webview,WebView.loadUrl,"{""url"": ""file:///android_asset/map.html?lat=12.0&lng=15.0&zoom=13.0&provider=OpenStreetMap""}"
147381,storage,SharedPreferences.getInt,"{""key"": ""version""}"
147382,storage,SharedPreferences.getInt,"{""key"": ""mockCount""}"
147382,storage,SharedPreferences.getInt,"{""key"": ""mockFrequency""}"
147382,storage,SharedPreferences.getString,"{""key"": ""mapProvider""}"
147475,reflection,Method.invoke,"{""class"": ""android.os.Trace"", ""method"": ""isTagEnabled""}"
147484,file_io,AssetManager.open,"{""path"": ""map.html""}"
147642,file_io,AssetManager.open,"{""path"": ""polyfill.js""}"
147644,file_io,AssetManager.open,"{""path"": ""leaflet.css""}"
147651,file_io,AssetManager.open,"{""path"": ""search.js""}"
147659,file_io,AssetManager.open,"{""path"": ""leaflet-providers.js""}"
147673,file_io,AssetManager.open,"{""path"": ""init.js""}"
147683,file_io,AssetManager.open,"{""path"": ""leaflet.js""}"
147719,reflection,Method.invoke,"{""class"": ""android.os.Trace"", ""method"": ""isTagEnabled""}"
147730,reflection,Method.invoke,"{""class"": ""android.os.Trace"", ""method"": ""isTagEnabled""}"
147861,file_io,AssetManager.open,"{""path"": ""marker-icon-2x.png""}"
147868,file_io,AssetManager.open,"{""path"": ""marker-shadow.png""}"
147890,reflection,Method.invoke,"{""class"": ""android.os.Trace"", ""method"": ""isTagEnabled""}"
147891,reflection,Method.invoke,"{""class"": ""android.os.Trace"", ""method"": ""isTagEnabled""}"
147904,reflection,Method.invoke,"{""class"": ""android.os.Trace"", ""method"": ""isTagEnabled""}"
147912,reflection,Method.invoke,"{""class"": ""android.os.Trace"", ""method"": ""isTagEnabled""}"
147921,reflection,Method.invoke,"{""class"": ""android.os.Trace"", ""method"": ""isTagEnabled""}"
147925,reflection,Method.invoke,"{""class"": ""android.os.Trace"", ""method"": ""isTagEnabled""}"
147928,reflection,Method.invoke,"{""class"": ""android.os.Trace"", ""method"": ""isTagEnabled""}"
147930,reflection,Method.invoke,"{""class"": ""android.os.Trace"", ""method"": ""isTagEnabled""}"
147935,reflection,Method.invoke,"{""class"": ""android.os.Trace"", ""method"": ""isTagEnabled""}"
147936,reflection,Method.invoke,"{""class"": ""android.os.Trace"", ""method"": ""isTagEnabled""}"
147938,reflection,Method.invoke,"{""class"": ""android.os.Trace"", ""method"": ""isTagEnabled""}"
147938,reflection,Method.invoke,"{""class"": ""android.os.Trace"", ""method"": ""isTagEnabled""}"
147978,reflection,Method.invoke,"{""class"": ""android.os.Trace"", ""method"": ""isTagEnabled""}"
147987,reflection,Method.invoke,"{""class"": ""android.os.Trace"", ""method"": ""isTagEnabled""}"
148191,reflection,Method.invoke,"{""class"": ""android.os.Trace"", ""method"": ""isTagEnabled""}"
148199,reflection,Method.invoke,"{""class"": ""android.os.Trace"", ""method"": ""isTagEnabled""}"
148215,reflection,Method.invoke,"{""class"": ""android.os.Trace"", ""method"": ""isTagEnabled""}"
148233,reflection,Method.invoke,"{""class"": ""android.os.Trace"", ""method"": ""isTagEnabled""}"
148246,reflection,Method.invoke,"{""class"": ""android.os.Trace"", ""method"": ""isTagEnabled""}"
148265,reflection,Method.invoke,"{""class"": ""android.os.Trace"", ""method"": ""isTagEnabled""}"
148280,reflection,Method.invoke,"{""class"": ""android.os.Trace"", ""method"": ""isTagEnabled""}"
148302,reflection,Method.invoke,"{""class"": ""android.os.Trace"", ""method"": ""isTagEnabled""}"
148801,reflection,Method.invoke,"{""class"": ""android.os.Trace"", ""method"": ""isTagEnabled""}"
149328,reflection,Method.invoke,"{""class"": ""android.os.Trace"", ""method"": ""isTagEnabled""}"
149329,reflection,Method.invoke,"{""class"": ""android.os.Trace"", ""method"": ""isTagEnabled""}"
149364,reflection,Method.invoke,"{""class"": ""android.os.Trace"", ""method"": ""isTagEnabled""}"
149378,reflection,Method.invoke,"{""class"": ""android.os.Trace"", ""method"": ""isTagEnabled""}"
149810,reflection,Method.invoke,"{""class"": ""android.os.Trace"", ""method"": ""isTagEnabled""}"
149840,reflection,Method.invoke,"{""class"": ""android.os.Trace"", ""method"": ""isTagEnabled""}"
149854,reflection,Method.invoke,"{""class"": ""android.os.Trace"", ""method"": ""isTagEnabled""}"
149869,reflection,Method.invoke,"{""class"": ""android.os.Trace"", ""method"": ""isTagEnabled""}"
149881,reflection,Method.invoke,"{""class"": ""android.os.Trace"", ""method"": ""isTagEnabled""}"
149896,reflection,Method.invoke,"{""class"": ""android.os.Trace"", ""method"": ""isTagEnabled""}"
149967,ipc_intents,Context.startActivity,"{""action"": ""android.intent.action.VIEW"", ""target"": ""android.intent.action.VIEW""}"
149968,navigation,Context.startActivity,"{""target"": ""android.intent.action.VIEW""}"
149979,reflection,Method.invoke,"{""class"": ""android.os.Trace"", ""method"": ""isTagEnabled""}"
150025,reflection,Method.invoke,"{""class"": ""android.os.Trace"", ""method"": ""isTagEnabled""}"
150032,reflection,Method.invoke,"{""class"": ""android.os.Trace"", ""method"": ""isTagEnabled""}"
150069,reflection,Method.invoke,"{""class"": ""android.os.Trace"", ""method"": ""isTagEnabled""}"
150079,reflection,Method.invoke,"{""class"": ""android.os.Trace"", ""method"": ""isTagEnabled""}"
150085,reflection,Method.invoke,"{""class"": ""android.os.Trace"", ""method"": ""isTagEnabled""}"
150093,reflection,Method.invoke,"{""class"": ""android.os.Trace"", ""method"": ""isTagEnabled""}"
150344,reflection,Method.invoke,"{""class"": ""android.os.Trace"", ""method"": ""isTagEnabled""}"
150360,reflection,Method.invoke,"{""class"": ""android.os.Trace"", ""method"": ""isTagEnabled""}"
150390,reflection,Method.invoke,"{""class"": ""android.os.Trace"", ""method"": ""isTagEnabled""}"
150689,reflection,Method.invoke,"{""class"": ""android.os.Trace"", ""method"": ""isTagEnabled""}"
150824,reflection,Method.invoke,"{""class"": ""android.os.Trace"", ""method"": ""isTagEnabled""}"
150923,reflection,Method.invoke,"{""class"": ""android.os.Trace"", ""method"": ""isTagEnabled""}"
152557,reflection,Method.invoke,"{""class"": ""android.os.Trace"", ""method"": ""isTagEnabled""}"
153194,reflection,Method.invoke,"{""class"": ""android.os.Trace"", ""method"": ""isTagEnabled""}"
153218,storage,SharedPreferences.getInt,"{""key"": ""version""}"
153220,storage,SharedPreferences.getInt,"{""key"": ""mockCount""}"
153223,storage,SharedPreferences.getInt,"{""key"": ""mockFrequency""}"
153225,storage,SharedPreferences.getString,"{""key"": ""mapProvider""}"
153228,webview,WebView.loadUrl,"{""url"": ""javascript:setOnMap(12.0,15.0);""}"
153233,storage,SharedPreferences.putString,"{""key"": ""mapProvider""}"
153237,storage,SharedPreferences.apply,{}
153239,webview,WebView.loadUrl,"{""url"": ""file:///android_asset/map.html?lat=12.0&lng=15.0&zoom=13.0&provider=OpenStreetMap""}"
153243,storage,SharedPreferences.getInt,"{""key"": ""version""}"
153246,storage,SharedPreferences.getInt,"{""key"": ""mockCount""}"
153248,storage,SharedPreferences.getInt,"{""key"": ""mockFrequency""}"
153251,storage,SharedPreferences.getString,"{""key"": ""mapProvider""}"
153264,file_io,AssetManager.open,"{""path"": ""map.html""}"
153392,file_io,AssetManager.open,"{""path"": ""polyfill.js""}"
153394,file_io,AssetManager.open,"{""path"": ""leaflet.css""}"
153405,file_io,AssetManager.open,"{""path"": ""leaflet.js""}"
153408,file_io,AssetManager.open,"{""path"": ""leaflet-providers.js""}"
153422,file_io,AssetManager.open,"{""path"": ""search.js""}"
153424,file_io,AssetManager.open,"{""path"": ""init.js""}"
153674,file_io,AssetManager.open,"{""path"": ""marker-icon-2x.png""}"
153676,file_io,AssetManager.open,"{""path"": ""marker-shadow.png""}"
154051,reflection,Method.invoke,"{""class"": ""android.os.Trace"", ""method"": ""isTagEnabled""}"
154069,reflection,Method.invoke,"{""class"": ""android.os.Trace"", ""method"": ""isTagEnabled""}"
154088,reflection,Method.invoke,"{""class"": ""android.os.Trace"", ""method"": ""isTagEnabled""}"
154103,reflection,Method.invoke,"{""class"": ""android.os.Trace"", ""method"": ""isTagEnabled""}"
154118,reflection,Method.invoke,"{""class"": ""android.os.Trace"", ""method"": ""isTagEnabled""}"
154641,reflection,Method.invoke,"{""class"": ""android.os.Trace"", ""method"": ""isTagEnabled""}"
155182,reflection,Method.invoke,"{""class"": ""android.os.Trace"", ""method"": ""isTagEnabled""}"
155190,reflection,Method.invoke,"{""class"": ""android.os.Trace"", ""method"": ""isTagEnabled""}"
155223,reflection,Method.invoke,"{""class"": ""android.os.Trace"", ""method"": ""isTagEnabled""}"
155234,reflection,Method.invoke,"{""class"": ""android.os.Trace"", ""method"": ""isTagEnabled""}"
155656,reflection,Method.invoke,"{""class"": ""android.os.Trace"", ""method"": ""isTagEnabled""}"
155688,reflection,Method.invoke,"{""class"": ""android.os.Trace"", ""method"": ""isTagEnabled""}"
161501,reflection,Method.invoke,"{""class"": ""android.os.Trace"", ""method"": ""isTagEnabled""}"
161517,reflection,Method.invoke,"{""class"": ""android.os.Trace"", ""method"": ""isTagEnabled""}"
161530,reflection,Method.invoke,"{""class"": ""android.os.Trace"", ""method"": ""isTagEnabled""}"
161541,reflection,Method.invoke,"{""class"": ""android.os.Trace"", ""method"": ""isTagEnabled""}"
180731,storage,SharedPreferences.getInt,"{""key"": ""version""}"
180736,storage,SharedPreferences.getInt,"{""key"": ""mockCount""}"
180740,storage,SharedPreferences.getInt,"{""key"": ""mockFrequency""}"
180746,storage,SharedPreferences.getString,"{""key"": ""mapProvider""}"
180753,webview,WebView.loadUrl,"{""url"": ""javascript:setOnMap(12.0,15.0);""}"
180761,storage,SharedPreferences.putString,"{""key"": ""mapProvider""}"
180766,storage,SharedPreferences.apply,{}
180769,webview,WebView.loadUrl,"{""url"": ""file:///android_asset/map.html?lat=12.0&lng=15.0&zoom=13.0&provider=OpenStreetMap""}"
180773,storage,SharedPreferences.getInt,"{""key"": ""version""}"
180776,storage,SharedPreferences.getInt,"{""key"": ""mockCount""}"
180778,storage,SharedPreferences.getInt,"{""key"": ""mockFrequency""}"
180781,storage,SharedPreferences.getString,"{""key"": ""mapProvider""}"
180801,file_io,AssetManager.open,"{""path"": ""map.html""}"
180880,reflection,Method.invoke,"{""class"": ""android.os.Trace"", ""method"": ""isTagEnabled""}"
180888,file_io,AssetManager.open,"{""path"": ""polyfill.js""}"
180899,file_io,AssetManager.open,"{""path"": ""leaflet.css""}"
180902,file_io,AssetManager.open,"{""path"": ""leaflet.js""}"
180902,file_io,AssetManager.open,"{""path"": ""leaflet-providers.js""}"
180906,file_io,AssetManager.open,"{""path"": ""search.js""}"
180910,file_io,AssetManager.open,"{""path"": ""init.js""}"
180923,reflection,Method.invoke,"{""class"": ""android.os.Trace"", ""method"": ""isTagEnabled""}"
180941,reflection,Method.invoke,"{""class"": ""android.os.Trace"", ""method"": ""isTagEnabled""}"
181014,file_io,AssetManager.open,"{""path"": ""marker-icon-2x.png""}"
181017,file_io,AssetManager.open,"{""path"": ""marker-shadow.png""}"
181047,reflection,Method.invoke,"{""class"": ""android.os.Trace"", ""method"": ""isTagEnabled""}"
181078,reflection,Method.invoke,"{""class"": ""android.os.Trace"", ""method"": ""isTagEnabled""}"
181093,reflection,Method.invoke,"{""class"": ""android.os.Trace"", ""method"": ""isTagEnabled""}"
181308,reflection,Method.invoke,"{""class"": ""android.os.Trace"", ""method"": ""isTagEnabled""}"
181320,reflection,Method.invoke,"{""class"": ""android.os.Trace"", ""method"": ""isTagEnabled""}"
181337,reflection,Method.invoke,"{""class"": ""android.os.Trace"", ""method"": ""isTagEnabled""}"
181357,reflection,Method.invoke,"{""class"": ""android.os.Trace"", ""method"": ""isTagEnabled""}"
181369,reflection,Method.invoke,"{""class"": ""android.os.Trace"", ""method"": ""isTagEnabled""}"
181384,reflection,Method.invoke,"{""class"": ""android.os.Trace"", ""method"": ""isTagEnabled""}"
182885,reflection,Method.invoke,"{""class"": ""android.os.Trace"", ""method"": ""isTagEnabled""}"
183896,reflection,Method.invoke,"{""class"": ""android.os.Trace"", ""method"": ""isTagEnabled""}"
183914,reflection,Method.invoke,"{""class"": ""android.os.Trace"", ""method"": ""isTagEnabled""}"
184080,reflection,Method.invoke,"{""class"": ""android.view.ViewGroup"", ""method"": ""makeOptionalFitsSystemWindows""}"
184094,storage,SharedPreferences.getInt,"{""key"": ""mockCount""}"
184095,storage,SharedPreferences.getInt,"{""key"": ""mockFrequency""}"
184096,storage,SharedPreferences.getString,"{""key"": ""mapProvider""}"
184112,reflection,Method.invoke,"{""class"": ""android.view.View"", ""method"": ""getViewRootImpl""}"
184113,reflection,Method.invoke,"{""class"": ""android.view.View"", ""method"": ""getViewRootImpl""}"
184128,reflection,Method.invoke,"{""class"": ""android.view.View"", ""method"": ""getViewRootImpl""}"
184135,reflection,Method.invoke,"{""class"": ""android.view.View"", ""method"": ""getViewRootImpl""}"
184162,reflection,Method.invoke,"{""class"": ""android.view.View"", ""method"": ""getViewRootImpl""}"
184163,reflection,Method.invoke,"{""class"": ""android.view.View"", ""method"": ""getViewRootImpl""}"
184201,reflection,Method.invoke,"{""class"": ""android.os.Trace"", ""method"": ""isTagEnabled""}"
184210,reflection,Method.invoke,"{""class"": ""android.os.Trace"", ""method"": ""isTagEnabled""}"
184226,reflection,Method.invoke,"{""class"": ""android.os.Trace"", ""method"": ""isTagEnabled""}"
184237,reflection,Method.invoke,"{""class"": ""android.os.Trace"", ""method"": ""isTagEnabled""}"
184259,reflection,Method.invoke,"{""class"": ""android.os.Trace"", ""method"": ""isTagEnabled""}"
184277,reflection,Method.invoke,"{""class"": ""android.os.Trace"", ""method"": ""isTagEnabled""}"
184291,reflection,Method.invoke,"{""class"": ""android.os.Trace"", ""method"": ""isTagEnabled""}"
184304,reflection,Method.invoke,"{""class"": ""android.os.Trace"", ""method"": ""isTagEnabled""}"
184325,reflection,Method.invoke,"{""class"": ""android.os.Trace"", ""method"": ""isTagEnabled""}"
184342,reflection,Method.invoke,"{""class"": ""android.os.Trace"", ""method"": ""isTagEnabled""}"
184356,reflection,Method.invoke,"{""class"": ""android.os.Trace"", ""method"": ""isTagEnabled""}"
184370,reflection,Method.invoke,"{""class"": ""android.os.Trace"", ""method"": ""isTagEnabled""}"
184392,reflection,Method.invoke,"{""class"": ""android.os.Trace"", ""method"": ""isTagEnabled""}"
184406,reflection,Method.invoke,"{""class"": ""android.os.Trace"", ""method"": ""isTagEnabled""}"
184422,reflection,Method.invoke,"{""class"": ""android.os.Trace"", ""method"": ""isTagEnabled""}"
184441,reflection,Method.invoke,"{""class"": ""android.os.Trace"", ""method"": ""isTagEnabled""}"
184454,reflection,Method.invoke,"{""class"": ""android.os.Trace"", ""method"": ""isTagEnabled""}"
184470,reflection,Method.invoke,"{""class"": ""android.os.Trace"", ""method"": ""isTagEnabled""}"
184509,reflection,Method.invoke,"{""class"": ""android.os.Trace"", ""method"": ""isTagEnabled""}"
184521,reflection,Method.invoke,"{""class"": ""android.os.Trace"", ""method"": ""isTagEnabled""}"
184555,reflection,Method.invoke,"{""class"": ""android.os.Trace"", ""method"": ""isTagEnabled""}"
184624,reflection,Method.invoke,"{""class"": ""android.os.Trace"", ""method"": ""isTagEnabled""}"
185042,reflection,Method.invoke,"{""class"": ""android.os.Trace"", ""method"": ""isTagEnabled""}"
185990,reflection,Method.invoke,"{""class"": ""android.os.Trace"", ""method"": ""isTagEnabled""}"
186049,reflection,Method.invoke,"{""class"": ""android.os.Trace"", ""method"": ""isTagEnabled""}"
186058,reflection,Method.invoke,"{""class"": ""android.os.Trace"", ""method"": ""isTagEnabled""}"
299282,lifecycle,hook_loaded,"{""stage"": ""java_perform"", ""version"": ""3""}"
299669,reflection,Method.invoke,"{""class"": ""android.os.Trace"", ""method"": ""isTagEnabled""}"
300695,reflection,Method.invoke,"{""class"": ""android.os.Trace"", ""method"": ""isTagEnabled""}"
300718,reflection,Method.invoke,"{""class"": ""android.os.Trace"", ""method"": ""isTagEnabled""}"
300728,reflection,Method.invoke,"{""class"": ""android.os.Trace"", ""method"": ""isTagEnabled""}"
302553,reflection,Method.invoke,"{""class"": ""android.os.Trace"", ""method"": ""isTagEnabled""}"
302563,file_io,File.delete,"{""path"": ""/data/user/0/cl.coders.faketraveler/files/profileInstalled""}"
312304,reflection,Method.invoke,"{""class"": ""android.os.Trace"", ""method"": ""isTagEnabled""}"
318089,reflection,Method.invoke,"{""class"": ""android.os.Trace"", ""method"": ""isTagEnabled""}"
319126,reflection,Method.invoke,"{""class"": ""android.os.Trace"", ""method"": ""isTagEnabled""}"
319146,reflection,Method.invoke,"{""class"": ""android.os.Trace"", ""method"": ""isTagEnabled""}"
335499,reflection,Method.invoke,"{""class"": ""android.os.Trace"", ""method"": ""isTagEnabled""}"
336526,reflection,Method.invoke,"{""class"": ""android.os.Trace"", ""method"": ""isTagEnabled""}"
336557,reflection,Method.invoke,"{""class"": ""android.os.Trace"", ""method"": ""isTagEnabled""}"
336572,reflection,Method.invoke,"{""class"": ""android.os.Trace"", ""method"": ""isTagEnabled""}"
353043,reflection,Method.invoke,"{""class"": ""android.os.Trace"", ""method"": ""isTagEnabled""}"
353171,reflection,Method.invoke,"{""class"": ""android.os.Trace"", ""method"": ""isTagEnabled""}"
353186,reflection,Method.invoke,"{""class"": ""android.os.Trace"", ""method"": ""isTagEnabled""}"
353203,reflection,Method.invoke,"{""class"": ""android.os.Trace"", ""method"": ""isTagEnabled""}"
375045,lifecycle,hook_loaded,"{""stage"": ""java_perform"", ""version"": ""3""}"
375423,reflection,Method.invoke,"{""class"": ""android.os.Trace"", ""method"": ""isTagEnabled""}"
376455,reflection,Method.invoke,"{""class"": ""android.os.Trace"", ""method"": ""isTagEnabled""}"
376473,reflection,Method.invoke,"{""class"": ""android.os.Trace"", ""method"": ""isTagEnabled""}"
378309,reflection,Method.invoke,"{""class"": ""android.os.Trace"", ""method"": ""isTagEnabled""}"
388018,reflection,Method.invoke,"{""class"": ""android.os.Trace"", ""method"": ""isTagEnabled""}"
393055,ipc_intents,Context.bindService,"{""action"": null, ""flags"": 1, ""target"": ""cl.coders.faketraveler/cl.coders.faketraveler.MockedLocationService""}"
393060,reflection,Method.invoke,"{""class"": ""android.os.Trace"", ""method"": ""isTagEnabled""}"
393062,reflection,Method.invoke,"{""class"": ""android.os.Trace"", ""method"": ""isTagEnabled""}"
393066,storage,SharedPreferences.putString,"{""key"": ""mapProvider""}"
393067,storage,SharedPreferences.apply,{}
393071,reflection,Method.invoke,"{""class"": ""android.os.Trace"", ""method"": ""isTagEnabled""}"
393177,file_io,File.delete,"{""path"": ""/data/user/0/cl.coders.faketraveler/shared_prefs/cl.coders.faketraveler.sharedprefs.xml.bak""}"
393314,reflection,Method.invoke,"{""class"": ""android.os.Trace"", ""method"": ""isTagEnabled""}"
393329,reflection,Method.invoke,"{""class"": ""android.os.Trace"", ""method"": ""isTagEnabled""}"
393350,reflection,Method.invoke,"{""class"": ""android.os.Trace"", ""method"": ""isTagEnabled""}"
393363,reflection,Method.invoke,"{""class"": ""android.os.Trace"", ""method"": ""isTagEnabled""}"
393383,reflection,Method.invoke,"{""class"": ""android.os.Trace"", ""method"": ""isTagEnabled""}"
393396,reflection,Method.invoke,"{""class"": ""android.os.Trace"", ""method"": ""isTagEnabled""}"
393413,reflection,Method.invoke,"{""class"": ""android.os.Trace"", ""method"": ""isTagEnabled""}"
393434,reflection,Method.invoke,"{""class"": ""android.os.Trace"", ""method"": ""isTagEnabled""}"
393438,reflection,Method.invoke,"{""class"": ""android.os.Trace"", ""method"": ""isTagEnabled""}"
393445,reflection,Method.invoke,"{""class"": ""android.os.Trace"", ""method"": ""isTagEnabled""}"
393479,reflection,Method.invoke,"{""class"": ""android.os.Trace"", ""method"": ""isTagEnabled""}"
393484,reflection,Method.invoke,"{""class"": ""android.os.Trace"", ""method"": ""isTagEnabled""}"
393496,reflection,Method.invoke,"{""class"": ""android.os.Trace"", ""method"": ""isTagEnabled""}"
393535,reflection,Method.invoke,"{""class"": ""android.os.Trace"", ""method"": ""isTagEnabled""}"
393545,reflection,Method.invoke,"{""class"": ""android.os.Trace"", ""method"": ""isTagEnabled""}"
393816,reflection,Method.invoke,"{""class"": ""android.os.Trace"", ""method"": ""isTagEnabled""}"
393967,reflection,Method.invoke,"{""class"": ""android.os.Trace"", ""method"": ""isTagEnabled""}"
394989,reflection,Method.invoke,"{""class"": ""android.os.Trace"", ""method"": ""isTagEnabled""}"
395020,reflection,Method.invoke,"{""class"": ""android.os.Trace"", ""method"": ""isTagEnabled""}"
395080,reflection,Method.invoke,"{""class"": ""android.os.Trace"", ""method"": ""isTagEnabled""}"
404276,reflection,Method.invoke,"{""class"": ""android.view.ViewGroup"", ""method"": ""makeOptionalFitsSystemWindows""}"
404290,storage,SharedPreferences.getInt,"{""key"": ""mockCount""}"
404290,storage,SharedPreferences.getInt,"{""key"": ""mockFrequency""}"
404291,storage,SharedPreferences.getString,"{""key"": ""mapProvider""}"
404324,reflection,Method.invoke,"{""class"": ""android.view.View"", ""method"": ""getViewRootImpl""}"
404324,reflection,Method.invoke,"{""class"": ""android.view.View"", ""method"": ""getViewRootImpl""}"
404336,reflection,Method.invoke,"{""class"": ""android.view.View"", ""method"": ""getViewRootImpl""}"
404336,reflection,Method.invoke,"{""class"": ""android.view.View"", ""method"": ""getViewRootImpl""}"
404557,reflection,Method.invoke,"{""class"": ""android.view.View"", ""method"": ""getViewRootImpl""}"
404559,reflection,Method.invoke,"{""class"": ""android.view.View"", ""method"": ""getViewRootImpl""}"
404577,reflection,Method.invoke,"{""class"": ""android.os.Trace"", ""method"": ""isTagEnabled""}"
404581,reflection,Method.invoke,"{""class"": ""android.os.Trace"", ""method"": ""isTagEnabled""}"
404596,reflection,Method.invoke,"{""class"": ""android.os.Trace"", ""method"": ""isTagEnabled""}"
404612,reflection,Method.invoke,"{""class"": ""android.os.Trace"", ""method"": ""isTagEnabled""}"
404634,reflection,Method.invoke,"{""class"": ""android.os.Trace"", ""method"": ""isTagEnabled""}"
404646,reflection,Method.invoke,"{""class"": ""android.os.Trace"", ""method"": ""isTagEnabled""}"
404699,reflection,Method.invoke,"{""class"": ""android.os.Trace"", ""method"": ""isTagEnabled""}"
404713,reflection,Method.invoke,"{""class"": ""android.os.Trace"", ""method"": ""isTagEnabled""}"
404748,reflection,Method.invoke,"{""class"": ""android.os.Trace"", ""method"": ""isTagEnabled""}"
404763,reflection,Method.invoke,"{""class"": ""android.os.Trace"", ""method"": ""isTagEnabled""}"
404798,reflection,Method.invoke,"{""class"": ""android.os.Trace"", ""method"": ""isTagEnabled""}"
404812,reflection,Method.invoke,"{""class"": ""android.os.Trace"", ""method"": ""isTagEnabled""}"
404867,reflection,Method.invoke,"{""class"": ""android.os.Trace"", ""method"": ""isTagEnabled""}"
404879,reflection,Method.invoke,"{""class"": ""android.os.Trace"", ""method"": ""isTagEnabled""}"
404967,reflection,Method.invoke,"{""class"": ""android.os.Trace"", ""method"": ""isTagEnabled""}"
405199,reflection,Method.invoke,"{""class"": ""android.os.Trace"", ""method"": ""isTagEnabled""}"
406251,reflection,Method.invoke,"{""class"": ""android.os.Trace"", ""method"": ""isTagEnabled""}"
406261,reflection,Method.invoke,"{""class"": ""android.os.Trace"", ""method"": ""isTagEnabled""}"
422819,reflection,Method.invoke,"{""class"": ""android.os.Trace"", ""method"": ""isTagEnabled""}"
422890,reflection,Method.invoke,"{""class"": ""android.os.Trace"", ""method"": ""isTagEnabled""}"
