relative_time,category,api,args_str
0,lifecycle,hook_loaded,"{""stage"": ""java_perform"", ""version"": ""3""}"
472,storage,SharedPreferences.getString,"{""key"": ""prefTheme""}"
476,storage,SharedPreferences.getString,"{""key"": ""prefThemeBase""}"
545,reflection,Method.invoke,"{""class"": ""android.view.ViewGroup"", ""method"": ""makeOptionalFitsSystemWindows""}"
673,database,SQLiteDatabase.rawQuery,"{""sql"": ""SELECT date FROM hours WHERE edit IS NOT 1  ORDER BY _id DESC LIMIT 1""}"
702,database,SQLiteDatabase.rawQuery,"{""sql"": ""SELECT startSteps FROM hours WHERE edit IS NOT 1  ORDER BY _id DESC LIMIT 1""}"
725,database,SQLiteDatabase.rawQuery,"{""sql"": ""SELECT date FROM hours WHERE edit IS NOT 1  ORDER BY _id DESC LIMIT 1""}"
745,database,SQLiteDatabase.rawQuery,"{""sql"": ""SELECT startSteps FROM hours WHERE edit IS NOT 1  ORDER BY _id DESC LIMIT 1""}"
770,storage,SharedPreferences.getString,"{""key"": ""prefFirstDayOfWeek""}"
800,ipc_intents,Context.startService,"{""action"": null, ""target"": ""ca.chancehorizon.paseo/ca.chancehorizon.paseo.background.StepCounterService""}"
811,storage,SharedPreferences.getString,"{""key"": ""prefLastTimeUnit""}"
821,storage,SharedPreferences.getString,"{""key"": ""prefFirstDayOfWeek""}"
845,database,SQLiteDatabase.rawQuery,"{""sql"": ""SELECT SUM(endSteps - startSteps) AS sumSteps,  CAST(STRFTIME('%W', DATE(SUBSTR(date, 1, 4) || '-' || SUBSTR(date, 5, 2) || '-' || SUBSTR(date, 7, 2), \""+1 day\"")) AS int) AS week  FROM hours WHERE week""}"
867,database,SQLiteDatabase.rawQuery,"{""sql"": ""SELECT SUM(endSteps - startSteps) AS sumSteps,  CAST(SUBSTR(date, 5, 2) AS INT) AS month  FROM hours WHERE month = SUBSTR(20260715, 5, 2)  AND SUBSTR(date, 1, 4) = '2026' GROUP BY month ""}"
883,database,SQLiteDatabase.rawQuery,"{""sql"": ""SELECT SUM(endSteps - startSteps) AS sumSteps,  CAST(SUBSTR(date, 1, 4) AS INT) AS year  FROM hours WHERE year = SUBSTR(20260715, 1, 4)  GROUP BY year ""}"
908,ipc_intents,Context.sendBroadcast,"{""action"": ""restartservice"", ""target"": ""ca.chancehorizon.paseo/ca.chancehorizon.paseo.background.Restarter""}"
934,reflection,Method.invoke,"{""class"": ""android.view.View"", ""method"": ""getElevation""}"
947,reflection,Method.invoke,"{""class"": ""android.view.View"", ""method"": ""getViewRootImpl""}"
954,reflection,Method.invoke,"{""class"": ""android.view.View"", ""method"": ""getViewRootImpl""}"
960,reflection,Method.invoke,"{""class"": ""android.view.View"", ""method"": ""getViewRootImpl""}"
967,reflection,Method.invoke,"{""class"": ""android.view.View"", ""method"": ""getViewRootImpl""}"
973,reflection,Method.invoke,"{""class"": ""android.view.View"", ""method"": ""getViewRootImpl""}"
980,reflection,Method.invoke,"{""class"": ""android.view.View"", ""method"": ""getViewRootImpl""}"
995,reflection,Method.invoke,"{""class"": ""android.view.View"", ""method"": ""getViewRootImpl""}"
1005,reflection,Method.invoke,"{""class"": ""android.view.View"", ""method"": ""getViewRootImpl""}"
1012,reflection,Method.invoke,"{""class"": ""android.view.View"", ""method"": ""getViewRootImpl""}"
1019,reflection,Method.invoke,"{""class"": ""android.view.View"", ""method"": ""getViewRootImpl""}"
1031,reflection,Method.invoke,"{""class"": ""android.view.View"", ""method"": ""getViewRootImpl""}"
1038,reflection,Method.invoke,"{""class"": ""android.view.View"", ""method"": ""getViewRootImpl""}"
1123,ipc_intents,Context.bindService,"{""action"": ""android.intent.action.TTS_SERVICE"", ""flags"": 1, ""target"": ""android.intent.action.TTS_SERVICE""}"
1172,database,SQLiteDatabase.rawQuery,"{""sql"": ""SELECT SUM(endSteps - startSteps) AS sumSteps  FROM hours WHERE date = 20260715 GROUP BY date""}"
1210,notifications,NotificationManager.notifyAsUser,"{""id"": 1001, ""tag"": null}"
1284,database,SQLiteDatabase.rawQuery,"{""sql"": ""SELECT SUM(endSteps - startSteps) AS sumSteps  FROM hours WHERE date = 20260715 GROUP BY date""}"
1306,notifications,NotificationManager.notifyAsUser,"{""id"": 1001, ""tag"": null}"
1334,reflection,Method.invoke,"{""class"": ""java.util.Locale"", ""method"": ""readObject""}"
1341,reflection,Method.invoke,"{""class"": ""java.util.Locale"", ""method"": ""readResolve""}"
1351,reflection,Method.invoke,"{""class"": ""java.util.Locale"", ""method"": ""readObject""}"
1357,reflection,Method.invoke,"{""class"": ""java.util.Locale"", ""method"": ""readResolve""}"
1366,reflection,Method.invoke,"{""class"": ""java.util.Locale"", ""method"": ""readObject""}"
1371,reflection,Method.invoke,"{""class"": ""java.util.Locale"", ""method"": ""readResolve""}"
1380,reflection,Method.invoke,"{""class"": ""java.util.Locale"", ""method"": ""readObject""}"
1387,reflection,Method.invoke,"{""class"": ""java.util.Locale"", ""method"": ""readResolve""}"
1393,reflection,Method.invoke,"{""class"": ""java.util.Locale"", ""method"": ""readObject""}"
1406,reflection,Method.invoke,"{""class"": ""java.util.Locale"", ""method"": ""readResolve""}"
1420,reflection,Method.invoke,"{""class"": ""java.util.Locale"", ""method"": ""readObject""}"
1426,reflection,Method.invoke,"{""class"": ""java.util.Locale"", ""method"": ""readResolve""}"
1437,reflection,Method.invoke,"{""class"": ""java.util.Locale"", ""method"": ""readObject""}"
1443,reflection,Method.invoke,"{""class"": ""java.util.Locale"", ""method"": ""readResolve""}"
1454,reflection,Method.invoke,"{""class"": ""java.util.Locale"", ""method"": ""readObject""}"
1460,reflection,Method.invoke,"{""class"": ""java.util.Locale"", ""method"": ""readResolve""}"
1471,reflection,Method.invoke,"{""class"": ""java.util.Locale"", ""method"": ""readObject""}"
1483,reflection,Method.invoke,"{""class"": ""java.util.Locale"", ""method"": ""readResolve""}"
1490,reflection,Method.invoke,"{""class"": ""java.util.Locale"", ""method"": ""readObject""}"
1502,reflection,Method.invoke,"{""class"": ""java.util.Locale"", ""method"": ""readResolve""}"
1508,reflection,Method.invoke,"{""class"": ""java.util.Locale"", ""method"": ""readObject""}"
1520,reflection,Method.invoke,"{""class"": ""java.util.Locale"", ""method"": ""readResolve""}"
1526,reflection,Method.invoke,"{""class"": ""java.util.Locale"", ""method"": ""readObject""}"
1538,reflection,Method.invoke,"{""class"": ""java.util.Locale"", ""method"": ""readResolve""}"
1550,reflection,Method.invoke,"{""class"": ""java.util.Locale"", ""method"": ""readObject""}"
1557,reflection,Method.invoke,"{""class"": ""java.util.Locale"", ""method"": ""readResolve""}"
1568,reflection,Method.invoke,"{""class"": ""java.util.Locale"", ""method"": ""readObject""}"
1574,reflection,Method.invoke,"{""class"": ""java.util.Locale"", ""method"": ""readResolve""}"
1586,reflection,Method.invoke,"{""class"": ""java.util.Locale"", ""method"": ""readObject""}"
1593,reflection,Method.invoke,"{""class"": ""java.util.Locale"", ""method"": ""readResolve""}"
1605,reflection,Method.invoke,"{""class"": ""java.util.Locale"", ""method"": ""readObject""}"
1617,reflection,Method.invoke,"{""class"": ""java.util.Locale"", ""method"": ""readResolve""}"
1625,reflection,Method.invoke,"{""class"": ""java.util.Locale"", ""method"": ""readObject""}"
1633,reflection,Method.invoke,"{""class"": ""java.util.Locale"", ""method"": ""readResolve""}"
1639,reflection,Method.invoke,"{""class"": ""java.util.Locale"", ""method"": ""readObject""}"
1647,reflection,Method.invoke,"{""class"": ""java.util.Locale"", ""method"": ""readResolve""}"
1656,reflection,Method.invoke,"{""class"": ""java.util.Locale"", ""method"": ""readObject""}"
1663,reflection,Method.invoke,"{""class"": ""java.util.Locale"", ""method"": ""readResolve""}"
1672,reflection,Method.invoke,"{""class"": ""java.util.Locale"", ""method"": ""readObject""}"
1683,reflection,Method.invoke,"{""class"": ""java.util.Locale"", ""method"": ""readResolve""}"
1691,reflection,Method.invoke,"{""class"": ""java.util.Locale"", ""method"": ""readObject""}"
1702,reflection,Method.invoke,"{""class"": ""java.util.Locale"", ""method"": ""readResolve""}"
1708,reflection,Method.invoke,"{""class"": ""java.util.Locale"", ""method"": ""readObject""}"
1716,reflection,Method.invoke,"{""class"": ""java.util.Locale"", ""method"": ""readResolve""}"
1724,reflection,Method.invoke,"{""class"": ""java.util.Locale"", ""method"": ""readObject""}"
1732,reflection,Method.invoke,"{""class"": ""java.util.Locale"", ""method"": ""readResolve""}"
1739,reflection,Method.invoke,"{""class"": ""java.util.Locale"", ""method"": ""readObject""}"
1745,reflection,Method.invoke,"{""class"": ""java.util.Locale"", ""method"": ""readResolve""}"
1753,reflection,Method.invoke,"{""class"": ""java.util.Locale"", ""method"": ""readObject""}"
1759,reflection,Method.invoke,"{""class"": ""java.util.Locale"", ""method"": ""readResolve""}"
1765,reflection,Method.invoke,"{""class"": ""java.util.Locale"", ""method"": ""readObject""}"
1772,reflection,Method.invoke,"{""class"": ""java.util.Locale"", ""method"": ""readResolve""}"
1779,reflection,Method.invoke,"{""class"": ""java.util.Locale"", ""method"": ""readObject""}"
1786,reflection,Method.invoke,"{""class"": ""java.util.Locale"", ""method"": ""readResolve""}"
1792,reflection,Method.invoke,"{""class"": ""java.util.Locale"", ""method"": ""readObject""}"
1799,reflection,Method.invoke,"{""class"": ""java.util.Locale"", ""method"": ""readResolve""}"
1807,reflection,Method.invoke,"{""class"": ""java.util.Locale"", ""method"": ""readObject""}"
1812,reflection,Method.invoke,"{""class"": ""java.util.Locale"", ""method"": ""readResolve""}"
1819,reflection,Method.invoke,"{""class"": ""java.util.Locale"", ""method"": ""readObject""}"
1827,reflection,Method.invoke,"{""class"": ""java.util.Locale"", ""method"": ""readResolve""}"
1836,reflection,Method.invoke,"{""class"": ""java.util.Locale"", ""method"": ""readObject""}"
1841,reflection,Method.invoke,"{""class"": ""java.util.Locale"", ""method"": ""readResolve""}"
1849,reflection,Method.invoke,"{""class"": ""java.util.Locale"", ""method"": ""readObject""}"
1856,reflection,Method.invoke,"{""class"": ""java.util.Locale"", ""method"": ""readResolve""}"
1862,reflection,Method.invoke,"{""class"": ""java.util.Locale"", ""method"": ""readObject""}"
1868,reflection,Method.invoke,"{""class"": ""java.util.Locale"", ""method"": ""readResolve""}"
1876,reflection,Method.invoke,"{""class"": ""java.util.Locale"", ""method"": ""readObject""}"
1882,reflection,Method.invoke,"{""class"": ""java.util.Locale"", ""method"": ""readResolve""}"
1889,reflection,Method.invoke,"{""class"": ""java.util.Locale"", ""method"": ""readObject""}"
1898,reflection,Method.invoke,"{""class"": ""java.util.Locale"", ""method"": ""readResolve""}"
1907,reflection,Method.invoke,"{""class"": ""java.util.Locale"", ""method"": ""readObject""}"
1912,reflection,Method.invoke,"{""class"": ""java.util.Locale"", ""method"": ""readResolve""}"
1919,reflection,Method.invoke,"{""class"": ""java.util.Locale"", ""method"": ""readObject""}"
1925,reflection,Method.invoke,"{""class"": ""java.util.Locale"", ""method"": ""readResolve""}"
1932,reflection,Method.invoke,"{""class"": ""java.util.Locale"", ""method"": ""readObject""}"
1939,reflection,Method.invoke,"{""class"": ""java.util.Locale"", ""method"": ""readResolve""}"
1945,reflection,Method.invoke,"{""class"": ""java.util.Locale"", ""method"": ""readObject""}"
1951,reflection,Method.invoke,"{""class"": ""java.util.Locale"", ""method"": ""readResolve""}"
1958,reflection,Method.invoke,"{""class"": ""java.util.Locale"", ""method"": ""readObject""}"
1966,reflection,Method.invoke,"{""class"": ""java.util.Locale"", ""method"": ""readResolve""}"
1972,reflection,Method.invoke,"{""class"": ""java.util.Locale"", ""method"": ""readObject""}"
1978,reflection,Method.invoke,"{""class"": ""java.util.Locale"", ""method"": ""readResolve""}"
1985,reflection,Method.invoke,"{""class"": ""java.util.Locale"", ""method"": ""readObject""}"
1991,reflection,Method.invoke,"{""class"": ""java.util.Locale"", ""method"": ""readResolve""}"
1996,reflection,Method.invoke,"{""class"": ""java.util.Locale"", ""method"": ""readObject""}"
2002,reflection,Method.invoke,"{""class"": ""java.util.Locale"", ""method"": ""readResolve""}"
2010,reflection,Method.invoke,"{""class"": ""java.util.Locale"", ""method"": ""readObject""}"
2015,reflection,Method.invoke,"{""class"": ""java.util.Locale"", ""method"": ""readResolve""}"
2023,reflection,Method.invoke,"{""class"": ""java.util.Locale"", ""method"": ""readObject""}"
2030,reflection,Method.invoke,"{""class"": ""java.util.Locale"", ""method"": ""readResolve""}"
2038,reflection,Method.invoke,"{""class"": ""java.util.Locale"", ""method"": ""readObject""}"
2047,reflection,Method.invoke,"{""class"": ""java.util.Locale"", ""method"": ""readResolve""}"
2055,reflection,Method.invoke,"{""class"": ""java.util.Locale"", ""method"": ""readObject""}"
2063,reflection,Method.invoke,"{""class"": ""java.util.Locale"", ""method"": ""readResolve""}"
2070,reflection,Method.invoke,"{""class"": ""java.util.Locale"", ""method"": ""readObject""}"
2076,reflection,Method.invoke,"{""class"": ""java.util.Locale"", ""method"": ""readResolve""}"
2084,reflection,Method.invoke,"{""class"": ""java.util.Locale"", ""method"": ""readObject""}"
2092,reflection,Method.invoke,"{""class"": ""java.util.Locale"", ""method"": ""readResolve""}"
2100,reflection,Method.invoke,"{""class"": ""java.util.Locale"", ""method"": ""readObject""}"
2106,reflection,Method.invoke,"{""class"": ""java.util.Locale"", ""method"": ""readResolve""}"
2114,reflection,Method.invoke,"{""class"": ""java.util.Locale"", ""method"": ""readObject""}"
2121,reflection,Method.invoke,"{""class"": ""java.util.Locale"", ""method"": ""readResolve""}"
2127,reflection,Method.invoke,"{""class"": ""java.util.Locale"", ""method"": ""readObject""}"
2134,reflection,Method.invoke,"{""class"": ""java.util.Locale"", ""method"": ""readResolve""}"
2140,reflection,Method.invoke,"{""class"": ""java.util.Locale"", ""method"": ""readObject""}"
2146,reflection,Method.invoke,"{""class"": ""java.util.Locale"", ""method"": ""readResolve""}"
2154,reflection,Method.invoke,"{""class"": ""java.util.Locale"", ""method"": ""readObject""}"
2159,reflection,Method.invoke,"{""class"": ""java.util.Locale"", ""method"": ""readResolve""}"
2167,reflection,Method.invoke,"{""class"": ""java.util.Locale"", ""method"": ""readObject""}"
2175,reflection,Method.invoke,"{""class"": ""java.util.Locale"", ""method"": ""readResolve""}"
2181,reflection,Method.invoke,"{""class"": ""java.util.Locale"", ""method"": ""readObject""}"
2188,reflection,Method.invoke,"{""class"": ""java.util.Locale"", ""method"": ""readResolve""}"
2194,reflection,Method.invoke,"{""class"": ""java.util.Locale"", ""method"": ""readObject""}"
2200,reflection,Method.invoke,"{""class"": ""java.util.Locale"", ""method"": ""readResolve""}"
2210,reflection,Method.invoke,"{""class"": ""java.util.Locale"", ""method"": ""readObject""}"
2218,reflection,Method.invoke,"{""class"": ""java.util.Locale"", ""method"": ""readResolve""}"
2225,reflection,Method.invoke,"{""class"": ""java.util.Locale"", ""method"": ""readObject""}"
2232,reflection,Method.invoke,"{""class"": ""java.util.Locale"", ""method"": ""readResolve""}"
2239,reflection,Method.invoke,"{""class"": ""java.util.Locale"", ""method"": ""readObject""}"
2244,reflection,Method.invoke,"{""class"": ""java.util.Locale"", ""method"": ""readResolve""}"
2251,reflection,Method.invoke,"{""class"": ""java.util.Locale"", ""method"": ""readObject""}"
2256,reflection,Method.invoke,"{""class"": ""java.util.Locale"", ""method"": ""readResolve""}"
2263,reflection,Method.invoke,"{""class"": ""java.util.Locale"", ""method"": ""readObject""}"
2269,reflection,Method.invoke,"{""class"": ""java.util.Locale"", ""method"": ""readResolve""}"
2277,reflection,Method.invoke,"{""class"": ""java.util.Locale"", ""method"": ""readObject""}"
2283,reflection,Method.invoke,"{""class"": ""java.util.Locale"", ""method"": ""readResolve""}"
2291,reflection,Method.invoke,"{""class"": ""java.util.Locale"", ""method"": ""readObject""}"
2299,reflection,Method.invoke,"{""class"": ""java.util.Locale"", ""method"": ""readResolve""}"
2306,reflection,Method.invoke,"{""class"": ""java.util.Locale"", ""method"": ""readObject""}"
2312,reflection,Method.invoke,"{""class"": ""java.util.Locale"", ""method"": ""readResolve""}"
2320,reflection,Method.invoke,"{""class"": ""java.util.Locale"", ""method"": ""readObject""}"
2326,reflection,Method.invoke,"{""class"": ""java.util.Locale"", ""method"": ""readResolve""}"
2334,reflection,Method.invoke,"{""class"": ""java.util.Locale"", ""method"": ""readObject""}"
2341,reflection,Method.invoke,"{""class"": ""java.util.Locale"", ""method"": ""readResolve""}"
2350,reflection,Method.invoke,"{""class"": ""java.util.Locale"", ""method"": ""readObject""}"
2355,reflection,Method.invoke,"{""class"": ""java.util.Locale"", ""method"": ""readResolve""}"
2362,reflection,Method.invoke,"{""class"": ""java.util.Locale"", ""method"": ""readObject""}"
2369,reflection,Method.invoke,"{""class"": ""java.util.Locale"", ""method"": ""readResolve""}"
2376,reflection,Method.invoke,"{""class"": ""java.util.Locale"", ""method"": ""readObject""}"
2382,reflection,Method.invoke,"{""class"": ""java.util.Locale"", ""method"": ""readResolve""}"
2391,reflection,Method.invoke,"{""class"": ""java.util.Locale"", ""method"": ""readObject""}"
2397,reflection,Method.invoke,"{""class"": ""java.util.Locale"", ""method"": ""readResolve""}"
2404,reflection,Method.invoke,"{""class"": ""java.util.Locale"", ""method"": ""readObject""}"
2410,reflection,Method.invoke,"{""class"": ""java.util.Locale"", ""method"": ""readResolve""}"
2417,reflection,Method.invoke,"{""class"": ""java.util.Locale"", ""method"": ""readObject""}"
2424,reflection,Method.invoke,"{""class"": ""java.util.Locale"", ""method"": ""readResolve""}"
2430,reflection,Method.invoke,"{""class"": ""java.util.Locale"", ""method"": ""readObject""}"
2435,reflection,Method.invoke,"{""class"": ""java.util.Locale"", ""method"": ""readResolve""}"
2442,reflection,Method.invoke,"{""class"": ""java.util.Locale"", ""method"": ""readObject""}"
2449,reflection,Method.invoke,"{""class"": ""java.util.Locale"", ""method"": ""readResolve""}"
2457,reflection,Method.invoke,"{""class"": ""java.util.Locale"", ""method"": ""readObject""}"
2463,reflection,Method.invoke,"{""class"": ""java.util.Locale"", ""method"": ""readResolve""}"
2470,reflection,Method.invoke,"{""class"": ""java.util.Locale"", ""method"": ""readObject""}"
2476,reflection,Method.invoke,"{""class"": ""java.util.Locale"", ""method"": ""readResolve""}"
2482,reflection,Method.invoke,"{""class"": ""java.util.Locale"", ""method"": ""readObject""}"
2488,reflection,Method.invoke,"{""class"": ""java.util.Locale"", ""method"": ""readResolve""}"
2496,reflection,Method.invoke,"{""class"": ""java.util.Locale"", ""method"": ""readObject""}"
2503,reflection,Method.invoke,"{""class"": ""java.util.Locale"", ""method"": ""readResolve""}"
2510,reflection,Method.invoke,"{""class"": ""java.util.Locale"", ""method"": ""readObject""}"
2516,reflection,Method.invoke,"{""class"": ""java.util.Locale"", ""method"": ""readResolve""}"
2523,reflection,Method.invoke,"{""class"": ""java.util.Locale"", ""method"": ""readObject""}"
2530,reflection,Method.invoke,"{""class"": ""java.util.Locale"", ""method"": ""readResolve""}"
2538,reflection,Method.invoke,"{""class"": ""java.util.Locale"", ""method"": ""readObject""}"
2544,reflection,Method.invoke,"{""class"": ""java.util.Locale"", ""method"": ""readResolve""}"
2553,reflection,Method.invoke,"{""class"": ""java.util.Locale"", ""method"": ""readObject""}"
2560,reflection,Method.invoke,"{""class"": ""java.util.Locale"", ""method"": ""readResolve""}"
2566,reflection,Method.invoke,"{""class"": ""java.util.Locale"", ""method"": ""readObject""}"
2574,reflection,Method.invoke,"{""class"": ""java.util.Locale"", ""method"": ""readResolve""}"
2580,reflection,Method.invoke,"{""class"": ""java.util.Locale"", ""method"": ""readObject""}"
2587,reflection,Method.invoke,"{""class"": ""java.util.Locale"", ""method"": ""readResolve""}"
2593,reflection,Method.invoke,"{""class"": ""java.util.Locale"", ""method"": ""readObject""}"
2600,reflection,Method.invoke,"{""class"": ""java.util.Locale"", ""method"": ""readResolve""}"
2608,reflection,Method.invoke,"{""class"": ""java.util.Locale"", ""method"": ""readObject""}"
2613,reflection,Method.invoke,"{""class"": ""java.util.Locale"", ""method"": ""readResolve""}"
2621,reflection,Method.invoke,"{""class"": ""java.util.Locale"", ""method"": ""readObject""}"
2626,reflection,Method.invoke,"{""class"": ""java.util.Locale"", ""method"": ""readResolve""}"
2635,reflection,Method.invoke,"{""class"": ""java.util.Locale"", ""method"": ""readObject""}"
2641,reflection,Method.invoke,"{""class"": ""java.util.Locale"", ""method"": ""readResolve""}"
2648,reflection,Method.invoke,"{""class"": ""java.util.Locale"", ""method"": ""readObject""}"
2656,reflection,Method.invoke,"{""class"": ""java.util.Locale"", ""method"": ""readResolve""}"
2665,reflection,Method.invoke,"{""class"": ""java.util.Locale"", ""method"": ""readObject""}"
2671,reflection,Method.invoke,"{""class"": ""java.util.Locale"", ""method"": ""readResolve""}"
2680,reflection,Method.invoke,"{""class"": ""java.util.Locale"", ""method"": ""readObject""}"
2689,reflection,Method.invoke,"{""class"": ""java.util.Locale"", ""method"": ""readResolve""}"
2703,reflection,Method.invoke,"{""class"": ""java.util.Locale"", ""method"": ""readObject""}"
2708,reflection,Method.invoke,"{""class"": ""java.util.Locale"", ""method"": ""readResolve""}"
2720,reflection,Method.invoke,"{""class"": ""java.util.Locale"", ""method"": ""readObject""}"
2726,reflection,Method.invoke,"{""class"": ""java.util.Locale"", ""method"": ""readResolve""}"
2733,reflection,Method.invoke,"{""class"": ""java.util.Locale"", ""method"": ""readObject""}"
2741,reflection,Method.invoke,"{""class"": ""java.util.Locale"", ""method"": ""readResolve""}"
2748,reflection,Method.invoke,"{""class"": ""java.util.Locale"", ""method"": ""readObject""}"
2757,reflection,Method.invoke,"{""class"": ""java.util.Locale"", ""method"": ""readResolve""}"
2766,reflection,Method.invoke,"{""class"": ""java.util.Locale"", ""method"": ""readObject""}"
2773,reflection,Method.invoke,"{""class"": ""java.util.Locale"", ""method"": ""readResolve""}"
2779,reflection,Method.invoke,"{""class"": ""java.util.Locale"", ""method"": ""readObject""}"
2784,reflection,Method.invoke,"{""class"": ""java.util.Locale"", ""method"": ""readResolve""}"
2791,reflection,Method.invoke,"{""class"": ""java.util.Locale"", ""method"": ""readObject""}"
2799,reflection,Method.invoke,"{""class"": ""java.util.Locale"", ""method"": ""readResolve""}"
2806,reflection,Method.invoke,"{""class"": ""java.util.Locale"", ""method"": ""readObject""}"
2814,reflection,Method.invoke,"{""class"": ""java.util.Locale"", ""method"": ""readResolve""}"
2823,reflection,Method.invoke,"{""class"": ""java.util.Locale"", ""method"": ""readObject""}"
2835,reflection,Method.invoke,"{""class"": ""java.util.Locale"", ""method"": ""readResolve""}"
2842,reflection,Method.invoke,"{""class"": ""java.util.Locale"", ""method"": ""readObject""}"
2850,reflection,Method.invoke,"{""class"": ""java.util.Locale"", ""method"": ""readResolve""}"
2859,reflection,Method.invoke,"{""class"": ""java.util.Locale"", ""method"": ""readObject""}"
2869,reflection,Method.invoke,"{""class"": ""java.util.Locale"", ""method"": ""readResolve""}"
2875,reflection,Method.invoke,"{""class"": ""java.util.Locale"", ""method"": ""readObject""}"
2883,reflection,Method.invoke,"{""class"": ""java.util.Locale"", ""method"": ""readResolve""}"
2889,reflection,Method.invoke,"{""class"": ""java.util.Locale"", ""method"": ""readObject""}"
2897,reflection,Method.invoke,"{""class"": ""java.util.Locale"", ""method"": ""readResolve""}"
2904,reflection,Method.invoke,"{""class"": ""java.util.Locale"", ""method"": ""readObject""}"
2911,reflection,Method.invoke,"{""class"": ""java.util.Locale"", ""method"": ""readResolve""}"
2918,reflection,Method.invoke,"{""class"": ""java.util.Locale"", ""method"": ""readObject""}"
2923,reflection,Method.invoke,"{""class"": ""java.util.Locale"", ""method"": ""readResolve""}"
2934,reflection,Method.invoke,"{""class"": ""java.util.Locale"", ""method"": ""readObject""}"
2944,reflection,Method.invoke,"{""class"": ""java.util.Locale"", ""method"": ""readResolve""}"
2954,reflection,Method.invoke,"{""class"": ""java.util.Locale"", ""method"": ""readObject""}"
2962,reflection,Method.invoke,"{""class"": ""java.util.Locale"", ""method"": ""readResolve""}"
2968,reflection,Method.invoke,"{""class"": ""java.util.Locale"", ""method"": ""readObject""}"
2974,reflection,Method.invoke,"{""class"": ""java.util.Locale"", ""method"": ""readResolve""}"
2981,reflection,Method.invoke,"{""class"": ""java.util.Locale"", ""method"": ""readObject""}"
2986,reflection,Method.invoke,"{""class"": ""java.util.Locale"", ""method"": ""readResolve""}"
2995,reflection,Method.invoke,"{""class"": ""java.util.Locale"", ""method"": ""readObject""}"
3001,reflection,Method.invoke,"{""class"": ""java.util.Locale"", ""method"": ""readResolve""}"
3008,reflection,Method.invoke,"{""class"": ""java.util.Locale"", ""method"": ""readObject""}"
3017,reflection,Method.invoke,"{""class"": ""java.util.Locale"", ""method"": ""readResolve""}"
3025,reflection,Method.invoke,"{""class"": ""java.util.Locale"", ""method"": ""readObject""}"
3030,reflection,Method.invoke,"{""class"": ""java.util.Locale"", ""method"": ""readResolve""}"
3037,reflection,Method.invoke,"{""class"": ""java.util.Locale"", ""method"": ""readObject""}"
3045,reflection,Method.invoke,"{""class"": ""java.util.Locale"", ""method"": ""readResolve""}"
3052,reflection,Method.invoke,"{""class"": ""java.util.Locale"", ""method"": ""readObject""}"
3060,reflection,Method.invoke,"{""class"": ""java.util.Locale"", ""method"": ""readResolve""}"
3069,reflection,Method.invoke,"{""class"": ""java.util.Locale"", ""method"": ""readObject""}"
3075,reflection,Method.invoke,"{""class"": ""java.util.Locale"", ""method"": ""readResolve""}"
3084,reflection,Method.invoke,"{""class"": ""java.util.Locale"", ""method"": ""readObject""}"
3090,reflection,Method.invoke,"{""class"": ""java.util.Locale"", ""method"": ""readResolve""}"
3097,reflection,Method.invoke,"{""class"": ""java.util.Locale"", ""method"": ""readObject""}"
3103,reflection,Method.invoke,"{""class"": ""java.util.Locale"", ""method"": ""readResolve""}"
3109,reflection,Method.invoke,"{""class"": ""java.util.Locale"", ""method"": ""readObject""}"
3117,reflection,Method.invoke,"{""class"": ""java.util.Locale"", ""method"": ""readResolve""}"
3123,reflection,Method.invoke,"{""class"": ""java.util.Locale"", ""method"": ""readObject""}"
3129,reflection,Method.invoke,"{""class"": ""java.util.Locale"", ""method"": ""readResolve""}"
3137,reflection,Method.invoke,"{""class"": ""java.util.Locale"", ""method"": ""readObject""}"
3142,reflection,Method.invoke,"{""class"": ""java.util.Locale"", ""method"": ""readResolve""}"
3150,reflection,Method.invoke,"{""class"": ""java.util.Locale"", ""method"": ""readObject""}"
3157,reflection,Method.invoke,"{""class"": ""java.util.Locale"", ""method"": ""readResolve""}"
3163,reflection,Method.invoke,"{""class"": ""java.util.Locale"", ""method"": ""readObject""}"
3170,reflection,Method.invoke,"{""class"": ""java.util.Locale"", ""method"": ""readResolve""}"
3177,reflection,Method.invoke,"{""class"": ""java.util.Locale"", ""method"": ""readObject""}"
3184,reflection,Method.invoke,"{""class"": ""java.util.Locale"", ""method"": ""readResolve""}"
3190,reflection,Method.invoke,"{""class"": ""java.util.Locale"", ""method"": ""readObject""}"
3197,reflection,Method.invoke,"{""class"": ""java.util.Locale"", ""method"": ""readResolve""}"
3205,reflection,Method.invoke,"{""class"": ""java.util.Locale"", ""method"": ""readObject""}"
3213,reflection,Method.invoke,"{""class"": ""java.util.Locale"", ""method"": ""readResolve""}"
3219,reflection,Method.invoke,"{""class"": ""java.util.Locale"", ""method"": ""readObject""}"
3226,reflection,Method.invoke,"{""class"": ""java.util.Locale"", ""method"": ""readResolve""}"
3234,reflection,Method.invoke,"{""class"": ""java.util.Locale"", ""method"": ""readObject""}"
3239,reflection,Method.invoke,"{""class"": ""java.util.Locale"", ""method"": ""readResolve""}"
3246,reflection,Method.invoke,"{""class"": ""java.util.Locale"", ""method"": ""readObject""}"
3253,reflection,Method.invoke,"{""class"": ""java.util.Locale"", ""method"": ""readResolve""}"
3260,reflection,Method.invoke,"{""class"": ""java.util.Locale"", ""method"": ""readObject""}"
3265,reflection,Method.invoke,"{""class"": ""java.util.Locale"", ""method"": ""readResolve""}"
3273,reflection,Method.invoke,"{""class"": ""java.util.Locale"", ""method"": ""readObject""}"
3280,reflection,Method.invoke,"{""class"": ""java.util.Locale"", ""method"": ""readResolve""}"
3286,reflection,Method.invoke,"{""class"": ""java.util.Locale"", ""method"": ""readObject""}"
3293,reflection,Method.invoke,"{""class"": ""java.util.Locale"", ""method"": ""readResolve""}"
3299,reflection,Method.invoke,"{""class"": ""java.util.Locale"", ""method"": ""readObject""}"
3306,reflection,Method.invoke,"{""class"": ""java.util.Locale"", ""method"": ""readResolve""}"
3313,reflection,Method.invoke,"{""class"": ""java.util.Locale"", ""method"": ""readObject""}"
3320,reflection,Method.invoke,"{""class"": ""java.util.Locale"", ""method"": ""readResolve""}"
3327,reflection,Method.invoke,"{""class"": ""java.util.Locale"", ""method"": ""readObject""}"
3334,reflection,Method.invoke,"{""class"": ""java.util.Locale"", ""method"": ""readResolve""}"
3341,reflection,Method.invoke,"{""class"": ""java.util.Locale"", ""method"": ""readObject""}"
3347,reflection,Method.invoke,"{""class"": ""java.util.Locale"", ""method"": ""readResolve""}"
3353,reflection,Method.invoke,"{""class"": ""java.util.Locale"", ""method"": ""readObject""}"
3360,reflection,Method.invoke,"{""class"": ""java.util.Locale"", ""method"": ""readResolve""}"
3367,reflection,Method.invoke,"{""class"": ""java.util.Locale"", ""method"": ""readObject""}"
3373,reflection,Method.invoke,"{""class"": ""java.util.Locale"", ""method"": ""readResolve""}"
3379,reflection,Method.invoke,"{""class"": ""java.util.Locale"", ""method"": ""readObject""}"
3386,reflection,Method.invoke,"{""class"": ""java.util.Locale"", ""method"": ""readResolve""}"
3393,reflection,Method.invoke,"{""class"": ""java.util.Locale"", ""method"": ""readObject""}"
3400,reflection,Method.invoke,"{""class"": ""java.util.Locale"", ""method"": ""readResolve""}"
3407,reflection,Method.invoke,"{""class"": ""java.util.Locale"", ""method"": ""readObject""}"
3414,reflection,Method.invoke,"{""class"": ""java.util.Locale"", ""method"": ""readResolve""}"
3420,reflection,Method.invoke,"{""class"": ""java.util.Locale"", ""method"": ""readObject""}"
3427,reflection,Method.invoke,"{""class"": ""java.util.Locale"", ""method"": ""readResolve""}"
3435,reflection,Method.invoke,"{""class"": ""java.util.Locale"", ""method"": ""readObject""}"
3440,reflection,Method.invoke,"{""class"": ""java.util.Locale"", ""method"": ""readResolve""}"
3447,reflection,Method.invoke,"{""class"": ""java.util.Locale"", ""method"": ""readObject""}"
3453,reflection,Method.invoke,"{""class"": ""java.util.Locale"", ""method"": ""readResolve""}"
3463,reflection,Method.invoke,"{""class"": ""java.util.Locale"", ""method"": ""readObject""}"
3470,reflection,Method.invoke,"{""class"": ""java.util.Locale"", ""method"": ""readResolve""}"
3477,reflection,Method.invoke,"{""class"": ""java.util.Locale"", ""method"": ""readObject""}"
3483,reflection,Method.invoke,"{""class"": ""java.util.Locale"", ""method"": ""readResolve""}"
3489,reflection,Method.invoke,"{""class"": ""java.util.Locale"", ""method"": ""readObject""}"
3494,reflection,Method.invoke,"{""class"": ""java.util.Locale"", ""method"": ""readResolve""}"
3502,reflection,Method.invoke,"{""class"": ""java.util.Locale"", ""method"": ""readObject""}"
3508,reflection,Method.invoke,"{""class"": ""java.util.Locale"", ""method"": ""readResolve""}"
3515,reflection,Method.invoke,"{""class"": ""java.util.Locale"", ""method"": ""readObject""}"
3522,reflection,Method.invoke,"{""class"": ""java.util.Locale"", ""method"": ""readResolve""}"
3528,reflection,Method.invoke,"{""class"": ""java.util.Locale"", ""method"": ""readObject""}"
3534,reflection,Method.invoke,"{""class"": ""java.util.Locale"", ""method"": ""readResolve""}"
3541,reflection,Method.invoke,"{""class"": ""java.util.Locale"", ""method"": ""readObject""}"
3549,reflection,Method.invoke,"{""class"": ""java.util.Locale"", ""method"": ""readResolve""}"
3556,reflection,Method.invoke,"{""class"": ""java.util.Locale"", ""method"": ""readObject""}"
3563,reflection,Method.invoke,"{""class"": ""java.util.Locale"", ""method"": ""readResolve""}"
3569,reflection,Method.invoke,"{""class"": ""java.util.Locale"", ""method"": ""readObject""}"
3577,reflection,Method.invoke,"{""class"": ""java.util.Locale"", ""method"": ""readResolve""}"
3584,reflection,Method.invoke,"{""class"": ""java.util.Locale"", ""method"": ""readObject""}"
3589,reflection,Method.invoke,"{""class"": ""java.util.Locale"", ""method"": ""readResolve""}"
3595,reflection,Method.invoke,"{""class"": ""java.util.Locale"", ""method"": ""readObject""}"
3602,reflection,Method.invoke,"{""class"": ""java.util.Locale"", ""method"": ""readResolve""}"
3608,reflection,Method.invoke,"{""class"": ""java.util.Locale"", ""method"": ""readObject""}"
3614,reflection,Method.invoke,"{""class"": ""java.util.Locale"", ""method"": ""readResolve""}"
3622,reflection,Method.invoke,"{""class"": ""java.util.Locale"", ""method"": ""readObject""}"
3631,reflection,Method.invoke,"{""class"": ""java.util.Locale"", ""method"": ""readResolve""}"
3638,reflection,Method.invoke,"{""class"": ""java.util.Locale"", ""method"": ""readObject""}"
3645,reflection,Method.invoke,"{""class"": ""java.util.Locale"", ""method"": ""readResolve""}"
3654,reflection,Method.invoke,"{""class"": ""java.util.Locale"", ""method"": ""readObject""}"
3659,reflection,Method.invoke,"{""class"": ""java.util.Locale"", ""method"": ""readResolve""}"
3667,reflection,Method.invoke,"{""class"": ""java.util.Locale"", ""method"": ""readObject""}"
3672,reflection,Method.invoke,"{""class"": ""java.util.Locale"", ""method"": ""readResolve""}"
3680,reflection,Method.invoke,"{""class"": ""java.util.Locale"", ""method"": ""readObject""}"
3686,reflection,Method.invoke,"{""class"": ""java.util.Locale"", ""method"": ""readResolve""}"
3693,reflection,Method.invoke,"{""class"": ""java.util.Locale"", ""method"": ""readObject""}"
3700,reflection,Method.invoke,"{""class"": ""java.util.Locale"", ""method"": ""readResolve""}"
3709,reflection,Method.invoke,"{""class"": ""java.util.Locale"", ""method"": ""readObject""}"
3715,reflection,Method.invoke,"{""class"": ""java.util.Locale"", ""method"": ""readResolve""}"
3722,reflection,Method.invoke,"{""class"": ""java.util.Locale"", ""method"": ""readObject""}"
3728,reflection,Method.invoke,"{""class"": ""java.util.Locale"", ""method"": ""readResolve""}"
3736,reflection,Method.invoke,"{""class"": ""java.util.Locale"", ""method"": ""readObject""}"
3741,reflection,Method.invoke,"{""class"": ""java.util.Locale"", ""method"": ""readResolve""}"
3750,reflection,Method.invoke,"{""class"": ""java.util.Locale"", ""method"": ""readObject""}"
3759,reflection,Method.invoke,"{""class"": ""java.util.Locale"", ""method"": ""readResolve""}"
3767,reflection,Method.invoke,"{""class"": ""java.util.Locale"", ""method"": ""readObject""}"
3772,reflection,Method.invoke,"{""class"": ""java.util.Locale"", ""method"": ""readResolve""}"
3780,reflection,Method.invoke,"{""class"": ""java.util.Locale"", ""method"": ""readObject""}"
3785,reflection,Method.invoke,"{""class"": ""java.util.Locale"", ""method"": ""readResolve""}"
3793,reflection,Method.invoke,"{""class"": ""java.util.Locale"", ""method"": ""readObject""}"
3799,reflection,Method.invoke,"{""class"": ""java.util.Locale"", ""method"": ""readResolve""}"
3806,reflection,Method.invoke,"{""class"": ""java.util.Locale"", ""method"": ""readObject""}"
3813,reflection,Method.invoke,"{""class"": ""java.util.Locale"", ""method"": ""readResolve""}"
3821,reflection,Method.invoke,"{""class"": ""java.util.Locale"", ""method"": ""readObject""}"
3827,reflection,Method.invoke,"{""class"": ""java.util.Locale"", ""method"": ""readResolve""}"
3835,reflection,Method.invoke,"{""class"": ""java.util.Locale"", ""method"": ""readObject""}"
3851,reflection,Method.invoke,"{""class"": ""java.util.Locale"", ""method"": ""readResolve""}"
3859,reflection,Method.invoke,"{""class"": ""java.util.Locale"", ""method"": ""readObject""}"
3870,reflection,Method.invoke,"{""class"": ""java.util.Locale"", ""method"": ""readResolve""}"
3878,reflection,Method.invoke,"{""class"": ""java.util.Locale"", ""method"": ""readObject""}"
3885,reflection,Method.invoke,"{""class"": ""java.util.Locale"", ""method"": ""readResolve""}"
3892,reflection,Method.invoke,"{""class"": ""java.util.Locale"", ""method"": ""readObject""}"
3899,reflection,Method.invoke,"{""class"": ""java.util.Locale"", ""method"": ""readResolve""}"
3905,reflection,Method.invoke,"{""class"": ""java.util.Locale"", ""method"": ""readObject""}"
3911,reflection,Method.invoke,"{""class"": ""java.util.Locale"", ""method"": ""readResolve""}"
3920,reflection,Method.invoke,"{""class"": ""java.util.Locale"", ""method"": ""readObject""}"
3926,reflection,Method.invoke,"{""class"": ""java.util.Locale"", ""method"": ""readResolve""}"
3936,reflection,Method.invoke,"{""class"": ""java.util.Locale"", ""method"": ""readObject""}"
3945,reflection,Method.invoke,"{""class"": ""java.util.Locale"", ""method"": ""readResolve""}"
3952,reflection,Method.invoke,"{""class"": ""java.util.Locale"", ""method"": ""readObject""}"
3958,reflection,Method.invoke,"{""class"": ""java.util.Locale"", ""method"": ""readResolve""}"
3967,reflection,Method.invoke,"{""class"": ""java.util.Locale"", ""method"": ""readObject""}"
3974,reflection,Method.invoke,"{""class"": ""java.util.Locale"", ""method"": ""readResolve""}"
3980,reflection,Method.invoke,"{""class"": ""java.util.Locale"", ""method"": ""readObject""}"
3986,reflection,Method.invoke,"{""class"": ""java.util.Locale"", ""method"": ""readResolve""}"
3993,reflection,Method.invoke,"{""class"": ""java.util.Locale"", ""method"": ""readObject""}"
4000,reflection,Method.invoke,"{""class"": ""java.util.Locale"", ""method"": ""readResolve""}"
4008,reflection,Method.invoke,"{""class"": ""java.util.Locale"", ""method"": ""readObject""}"
4014,reflection,Method.invoke,"{""class"": ""java.util.Locale"", ""method"": ""readResolve""}"
4021,reflection,Method.invoke,"{""class"": ""java.util.Locale"", ""method"": ""readObject""}"
4029,reflection,Method.invoke,"{""class"": ""java.util.Locale"", ""method"": ""readResolve""}"
4037,reflection,Method.invoke,"{""class"": ""java.util.Locale"", ""method"": ""readObject""}"
4042,reflection,Method.invoke,"{""class"": ""java.util.Locale"", ""method"": ""readResolve""}"
4053,reflection,Method.invoke,"{""class"": ""java.util.Locale"", ""method"": ""readObject""}"
4058,reflection,Method.invoke,"{""class"": ""java.util.Locale"", ""method"": ""readResolve""}"
4068,reflection,Method.invoke,"{""class"": ""java.util.Locale"", ""method"": ""readObject""}"
4076,reflection,Method.invoke,"{""class"": ""java.util.Locale"", ""method"": ""readResolve""}"
4085,reflection,Method.invoke,"{""class"": ""java.util.Locale"", ""method"": ""readObject""}"
4090,reflection,Method.invoke,"{""class"": ""java.util.Locale"", ""method"": ""readResolve""}"
4100,reflection,Method.invoke,"{""class"": ""java.util.Locale"", ""method"": ""readObject""}"
4106,reflection,Method.invoke,"{""class"": ""java.util.Locale"", ""method"": ""readResolve""}"
4114,reflection,Method.invoke,"{""class"": ""java.util.Locale"", ""method"": ""readObject""}"
4122,reflection,Method.invoke,"{""class"": ""java.util.Locale"", ""method"": ""readResolve""}"
4128,reflection,Method.invoke,"{""class"": ""java.util.Locale"", ""method"": ""readObject""}"
4134,reflection,Method.invoke,"{""class"": ""java.util.Locale"", ""method"": ""readResolve""}"
4143,reflection,Method.invoke,"{""class"": ""java.util.Locale"", ""method"": ""readObject""}"
4151,reflection,Method.invoke,"{""class"": ""java.util.Locale"", ""method"": ""readResolve""}"
4159,reflection,Method.invoke,"{""class"": ""java.util.Locale"", ""method"": ""readObject""}"
4167,reflection,Method.invoke,"{""class"": ""java.util.Locale"", ""method"": ""readResolve""}"
4176,reflection,Method.invoke,"{""class"": ""java.util.Locale"", ""method"": ""readObject""}"
4184,reflection,Method.invoke,"{""class"": ""java.util.Locale"", ""method"": ""readResolve""}"
4191,reflection,Method.invoke,"{""class"": ""java.util.Locale"", ""method"": ""readObject""}"
4197,reflection,Method.invoke,"{""class"": ""java.util.Locale"", ""method"": ""readResolve""}"
4204,reflection,Method.invoke,"{""class"": ""java.util.Locale"", ""method"": ""readObject""}"
4209,reflection,Method.invoke,"{""class"": ""java.util.Locale"", ""method"": ""readResolve""}"
4217,reflection,Method.invoke,"{""class"": ""java.util.Locale"", ""method"": ""readObject""}"
4222,reflection,Method.invoke,"{""class"": ""java.util.Locale"", ""method"": ""readResolve""}"
4229,reflection,Method.invoke,"{""class"": ""java.util.Locale"", ""method"": ""readObject""}"
4236,reflection,Method.invoke,"{""class"": ""java.util.Locale"", ""method"": ""readResolve""}"
4242,reflection,Method.invoke,"{""class"": ""java.util.Locale"", ""method"": ""readObject""}"
4248,reflection,Method.invoke,"{""class"": ""java.util.Locale"", ""method"": ""readResolve""}"
4257,reflection,Method.invoke,"{""class"": ""java.util.Locale"", ""method"": ""readObject""}"
4263,reflection,Method.invoke,"{""class"": ""java.util.Locale"", ""method"": ""readResolve""}"
4270,reflection,Method.invoke,"{""class"": ""java.util.Locale"", ""method"": ""readObject""}"
4276,reflection,Method.invoke,"{""class"": ""java.util.Locale"", ""method"": ""readResolve""}"
4284,reflection,Method.invoke,"{""class"": ""java.util.Locale"", ""method"": ""readObject""}"
4291,reflection,Method.invoke,"{""class"": ""java.util.Locale"", ""method"": ""readResolve""}"
4297,reflection,Method.invoke,"{""class"": ""java.util.Locale"", ""method"": ""readObject""}"
4303,reflection,Method.invoke,"{""class"": ""java.util.Locale"", ""method"": ""readResolve""}"
4310,reflection,Method.invoke,"{""class"": ""java.util.Locale"", ""method"": ""readObject""}"
4316,reflection,Method.invoke,"{""class"": ""java.util.Locale"", ""method"": ""readResolve""}"
4323,reflection,Method.invoke,"{""class"": ""java.util.Locale"", ""method"": ""readObject""}"
4329,reflection,Method.invoke,"{""class"": ""java.util.Locale"", ""method"": ""readResolve""}"
4337,reflection,Method.invoke,"{""class"": ""java.util.Locale"", ""method"": ""readObject""}"
4345,reflection,Method.invoke,"{""class"": ""java.util.Locale"", ""method"": ""readResolve""}"
4352,reflection,Method.invoke,"{""class"": ""java.util.Locale"", ""method"": ""readObject""}"
4358,reflection,Method.invoke,"{""class"": ""java.util.Locale"", ""method"": ""readResolve""}"
4366,reflection,Method.invoke,"{""class"": ""java.util.Locale"", ""method"": ""readObject""}"
4371,reflection,Method.invoke,"{""class"": ""java.util.Locale"", ""method"": ""readResolve""}"
4379,reflection,Method.invoke,"{""class"": ""java.util.Locale"", ""method"": ""readObject""}"
4385,reflection,Method.invoke,"{""class"": ""java.util.Locale"", ""method"": ""readResolve""}"
4393,reflection,Method.invoke,"{""class"": ""java.util.Locale"", ""method"": ""readObject""}"
4400,reflection,Method.invoke,"{""class"": ""java.util.Locale"", ""method"": ""readResolve""}"
4406,reflection,Method.invoke,"{""class"": ""java.util.Locale"", ""method"": ""readObject""}"
4415,reflection,Method.invoke,"{""class"": ""java.util.Locale"", ""method"": ""readResolve""}"
4422,reflection,Method.invoke,"{""class"": ""java.util.Locale"", ""method"": ""readObject""}"
4430,reflection,Method.invoke,"{""class"": ""java.util.Locale"", ""method"": ""readResolve""}"
4437,reflection,Method.invoke,"{""class"": ""java.util.Locale"", ""method"": ""readObject""}"
4444,reflection,Method.invoke,"{""class"": ""java.util.Locale"", ""method"": ""readResolve""}"
4450,reflection,Method.invoke,"{""class"": ""java.util.Locale"", ""method"": ""readObject""}"
4458,reflection,Method.invoke,"{""class"": ""java.util.Locale"", ""method"": ""readResolve""}"
4466,reflection,Method.invoke,"{""class"": ""java.util.Locale"", ""method"": ""readObject""}"
4471,reflection,Method.invoke,"{""class"": ""java.util.Locale"", ""method"": ""readResolve""}"
4478,reflection,Method.invoke,"{""class"": ""java.util.Locale"", ""method"": ""readObject""}"
4485,reflection,Method.invoke,"{""class"": ""java.util.Locale"", ""method"": ""readResolve""}"
4492,reflection,Method.invoke,"{""class"": ""java.util.Locale"", ""method"": ""readObject""}"
4498,reflection,Method.invoke,"{""class"": ""java.util.Locale"", ""method"": ""readResolve""}"
4505,reflection,Method.invoke,"{""class"": ""java.util.Locale"", ""method"": ""readObject""}"
4512,reflection,Method.invoke,"{""class"": ""java.util.Locale"", ""method"": ""readResolve""}"
4518,reflection,Method.invoke,"{""class"": ""java.util.Locale"", ""method"": ""readObject""}"
4525,reflection,Method.invoke,"{""class"": ""java.util.Locale"", ""method"": ""readResolve""}"
4533,reflection,Method.invoke,"{""class"": ""java.util.Locale"", ""method"": ""readObject""}"
4539,reflection,Method.invoke,"{""class"": ""java.util.Locale"", ""method"": ""readResolve""}"
4549,reflection,Method.invoke,"{""class"": ""java.util.Locale"", ""method"": ""readObject""}"
4554,reflection,Method.invoke,"{""class"": ""java.util.Locale"", ""method"": ""readResolve""}"
4562,reflection,Method.invoke,"{""class"": ""java.util.Locale"", ""method"": ""readObject""}"
4569,reflection,Method.invoke,"{""class"": ""java.util.Locale"", ""method"": ""readResolve""}"
4577,reflection,Method.invoke,"{""class"": ""java.util.Locale"", ""method"": ""readObject""}"
4583,reflection,Method.invoke,"{""class"": ""java.util.Locale"", ""method"": ""readResolve""}"
4590,reflection,Method.invoke,"{""class"": ""java.util.Locale"", ""method"": ""readObject""}"
4597,reflection,Method.invoke,"{""class"": ""java.util.Locale"", ""method"": ""readResolve""}"
4604,reflection,Method.invoke,"{""class"": ""java.util.Locale"", ""method"": ""readObject""}"
4610,reflection,Method.invoke,"{""class"": ""java.util.Locale"", ""method"": ""readResolve""}"
4618,reflection,Method.invoke,"{""class"": ""java.util.Locale"", ""method"": ""readObject""}"
4625,reflection,Method.invoke,"{""class"": ""java.util.Locale"", ""method"": ""readResolve""}"
4630,reflection,Method.invoke,"{""class"": ""java.util.Locale"", ""method"": ""readObject""}"
4637,reflection,Method.invoke,"{""class"": ""java.util.Locale"", ""method"": ""readResolve""}"
4645,reflection,Method.invoke,"{""class"": ""java.util.Locale"", ""method"": ""readObject""}"
4651,reflection,Method.invoke,"{""class"": ""java.util.Locale"", ""method"": ""readResolve""}"
4659,reflection,Method.invoke,"{""class"": ""java.util.Locale"", ""method"": ""readObject""}"
4666,reflection,Method.invoke,"{""class"": ""java.util.Locale"", ""method"": ""readResolve""}"
4674,reflection,Method.invoke,"{""class"": ""java.util.Locale"", ""method"": ""readObject""}"
4681,reflection,Method.invoke,"{""class"": ""java.util.Locale"", ""method"": ""readResolve""}"
4688,reflection,Method.invoke,"{""class"": ""java.util.Locale"", ""method"": ""readObject""}"
4695,reflection,Method.invoke,"{""class"": ""java.util.Locale"", ""method"": ""readResolve""}"
4700,reflection,Method.invoke,"{""class"": ""java.util.Locale"", ""method"": ""readObject""}"
4709,reflection,Method.invoke,"{""class"": ""java.util.Locale"", ""method"": ""readResolve""}"
4716,reflection,Method.invoke,"{""class"": ""java.util.Locale"", ""method"": ""readObject""}"
4724,reflection,Method.invoke,"{""class"": ""java.util.Locale"", ""method"": ""readResolve""}"
4732,reflection,Method.invoke,"{""class"": ""java.util.Locale"", ""method"": ""readObject""}"
4740,reflection,Method.invoke,"{""class"": ""java.util.Locale"", ""method"": ""readResolve""}"
4747,reflection,Method.invoke,"{""class"": ""java.util.Locale"", ""method"": ""readObject""}"
4754,reflection,Method.invoke,"{""class"": ""java.util.Locale"", ""method"": ""readResolve""}"
4760,reflection,Method.invoke,"{""class"": ""java.util.Locale"", ""method"": ""readObject""}"
4766,reflection,Method.invoke,"{""class"": ""java.util.Locale"", ""method"": ""readResolve""}"
4776,reflection,Method.invoke,"{""class"": ""java.util.Locale"", ""method"": ""readObject""}"
4784,reflection,Method.invoke,"{""class"": ""java.util.Locale"", ""method"": ""readResolve""}"
4791,reflection,Method.invoke,"{""class"": ""java.util.Locale"", ""method"": ""readObject""}"
4798,reflection,Method.invoke,"{""class"": ""java.util.Locale"", ""method"": ""readResolve""}"
4804,reflection,Method.invoke,"{""class"": ""java.util.Locale"", ""method"": ""readObject""}"
4810,reflection,Method.invoke,"{""class"": ""java.util.Locale"", ""method"": ""readResolve""}"
4818,reflection,Method.invoke,"{""class"": ""java.util.Locale"", ""method"": ""readObject""}"
4826,reflection,Method.invoke,"{""class"": ""java.util.Locale"", ""method"": ""readResolve""}"
4832,reflection,Method.invoke,"{""class"": ""java.util.Locale"", ""method"": ""readObject""}"
4839,reflection,Method.invoke,"{""class"": ""java.util.Locale"", ""method"": ""readResolve""}"
4847,reflection,Method.invoke,"{""class"": ""java.util.Locale"", ""method"": ""readObject""}"
4853,reflection,Method.invoke,"{""class"": ""java.util.Locale"", ""method"": ""readResolve""}"
4861,reflection,Method.invoke,"{""class"": ""java.util.Locale"", ""method"": ""readObject""}"
4867,reflection,Method.invoke,"{""class"": ""java.util.Locale"", ""method"": ""readResolve""}"
4874,reflection,Method.invoke,"{""class"": ""java.util.Locale"", ""method"": ""readObject""}"
4882,reflection,Method.invoke,"{""class"": ""java.util.Locale"", ""method"": ""readResolve""}"
4889,reflection,Method.invoke,"{""class"": ""java.util.Locale"", ""method"": ""readObject""}"
4896,reflection,Method.invoke,"{""class"": ""java.util.Locale"", ""method"": ""readResolve""}"
4904,reflection,Method.invoke,"{""class"": ""java.util.Locale"", ""method"": ""readObject""}"
4911,reflection,Method.invoke,"{""class"": ""java.util.Locale"", ""method"": ""readResolve""}"
4918,reflection,Method.invoke,"{""class"": ""java.util.Locale"", ""method"": ""readObject""}"
4924,reflection,Method.invoke,"{""class"": ""java.util.Locale"", ""method"": ""readResolve""}"
4931,reflection,Method.invoke,"{""class"": ""java.util.Locale"", ""method"": ""readObject""}"
4937,reflection,Method.invoke,"{""class"": ""java.util.Locale"", ""method"": ""readResolve""}"
4944,reflection,Method.invoke,"{""class"": ""java.util.Locale"", ""method"": ""readObject""}"
4952,reflection,Method.invoke,"{""class"": ""java.util.Locale"", ""method"": ""readResolve""}"
4958,reflection,Method.invoke,"{""class"": ""java.util.Locale"", ""method"": ""readObject""}"
4963,reflection,Method.invoke,"{""class"": ""java.util.Locale"", ""method"": ""readResolve""}"
4970,reflection,Method.invoke,"{""class"": ""java.util.Locale"", ""method"": ""readObject""}"
4978,reflection,Method.invoke,"{""class"": ""java.util.Locale"", ""method"": ""readResolve""}"
4984,reflection,Method.invoke,"{""class"": ""java.util.Locale"", ""method"": ""readObject""}"
4990,reflection,Method.invoke,"{""class"": ""java.util.Locale"", ""method"": ""readResolve""}"
4998,reflection,Method.invoke,"{""class"": ""java.util.Locale"", ""method"": ""readObject""}"
5005,reflection,Method.invoke,"{""class"": ""java.util.Locale"", ""method"": ""readResolve""}"
5011,reflection,Method.invoke,"{""class"": ""java.util.Locale"", ""method"": ""readObject""}"
5020,reflection,Method.invoke,"{""class"": ""java.util.Locale"", ""method"": ""readResolve""}"
5028,reflection,Method.invoke,"{""class"": ""java.util.Locale"", ""method"": ""readObject""}"
5034,reflection,Method.invoke,"{""class"": ""java.util.Locale"", ""method"": ""readResolve""}"
5042,reflection,Method.invoke,"{""class"": ""java.util.Locale"", ""method"": ""readObject""}"
5051,reflection,Method.invoke,"{""class"": ""java.util.Locale"", ""method"": ""readResolve""}"
5057,reflection,Method.invoke,"{""class"": ""java.util.Locale"", ""method"": ""readObject""}"
5063,reflection,Method.invoke,"{""class"": ""java.util.Locale"", ""method"": ""readResolve""}"
5073,reflection,Method.invoke,"{""class"": ""java.util.Locale"", ""method"": ""readObject""}"
5079,reflection,Method.invoke,"{""class"": ""java.util.Locale"", ""method"": ""readResolve""}"
5087,reflection,Method.invoke,"{""class"": ""java.util.Locale"", ""method"": ""readObject""}"
5095,reflection,Method.invoke,"{""class"": ""java.util.Locale"", ""method"": ""readResolve""}"
5102,reflection,Method.invoke,"{""class"": ""java.util.Locale"", ""method"": ""readObject""}"
5108,reflection,Method.invoke,"{""class"": ""java.util.Locale"", ""method"": ""readResolve""}"
5117,reflection,Method.invoke,"{""class"": ""java.util.Locale"", ""method"": ""readObject""}"
5123,reflection,Method.invoke,"{""class"": ""java.util.Locale"", ""method"": ""readResolve""}"
5131,reflection,Method.invoke,"{""class"": ""java.util.Locale"", ""method"": ""readObject""}"
5136,reflection,Method.invoke,"{""class"": ""java.util.Locale"", ""method"": ""readResolve""}"
5143,reflection,Method.invoke,"{""class"": ""java.util.Locale"", ""method"": ""readObject""}"
5150,reflection,Method.invoke,"{""class"": ""java.util.Locale"", ""method"": ""readResolve""}"
5159,reflection,Method.invoke,"{""class"": ""java.util.Locale"", ""method"": ""readObject""}"
5165,reflection,Method.invoke,"{""class"": ""java.util.Locale"", ""method"": ""readResolve""}"
5171,reflection,Method.invoke,"{""class"": ""java.util.Locale"", ""method"": ""readObject""}"
5176,reflection,Method.invoke,"{""class"": ""java.util.Locale"", ""method"": ""readResolve""}"
5185,reflection,Method.invoke,"{""class"": ""java.util.Locale"", ""method"": ""readObject""}"
5191,reflection,Method.invoke,"{""class"": ""java.util.Locale"", ""method"": ""readResolve""}"
5199,reflection,Method.invoke,"{""class"": ""java.util.Locale"", ""method"": ""readObject""}"
5205,reflection,Method.invoke,"{""class"": ""java.util.Locale"", ""method"": ""readResolve""}"
5212,reflection,Method.invoke,"{""class"": ""java.util.Locale"", ""method"": ""readObject""}"
5218,reflection,Method.invoke,"{""class"": ""java.util.Locale"", ""method"": ""readResolve""}"
5225,reflection,Method.invoke,"{""class"": ""java.util.Locale"", ""method"": ""readObject""}"
5233,reflection,Method.invoke,"{""class"": ""java.util.Locale"", ""method"": ""readResolve""}"
5241,reflection,Method.invoke,"{""class"": ""java.util.Locale"", ""method"": ""readObject""}"
5247,reflection,Method.invoke,"{""class"": ""java.util.Locale"", ""method"": ""readResolve""}"
5255,reflection,Method.invoke,"{""class"": ""java.util.Locale"", ""method"": ""readObject""}"
5261,reflection,Method.invoke,"{""class"": ""java.util.Locale"", ""method"": ""readResolve""}"
5270,reflection,Method.invoke,"{""class"": ""java.util.Locale"", ""method"": ""readObject""}"
5275,reflection,Method.invoke,"{""class"": ""java.util.Locale"", ""method"": ""readResolve""}"
5281,reflection,Method.invoke,"{""class"": ""java.util.Locale"", ""method"": ""readObject""}"
5287,reflection,Method.invoke,"{""class"": ""java.util.Locale"", ""method"": ""readResolve""}"
5295,reflection,Method.invoke,"{""class"": ""java.util.Locale"", ""method"": ""readObject""}"
5301,reflection,Method.invoke,"{""class"": ""java.util.Locale"", ""method"": ""readResolve""}"
5308,reflection,Method.invoke,"{""class"": ""java.util.Locale"", ""method"": ""readObject""}"
5315,reflection,Method.invoke,"{""class"": ""java.util.Locale"", ""method"": ""readResolve""}"
5323,reflection,Method.invoke,"{""class"": ""java.util.Locale"", ""method"": ""readObject""}"
5329,reflection,Method.invoke,"{""class"": ""java.util.Locale"", ""method"": ""readResolve""}"
5336,reflection,Method.invoke,"{""class"": ""java.util.Locale"", ""method"": ""readObject""}"
5343,reflection,Method.invoke,"{""class"": ""java.util.Locale"", ""method"": ""readResolve""}"
5350,reflection,Method.invoke,"{""class"": ""java.util.Locale"", ""method"": ""readObject""}"
5357,reflection,Method.invoke,"{""class"": ""java.util.Locale"", ""method"": ""readResolve""}"
5364,reflection,Method.invoke,"{""class"": ""java.util.Locale"", ""method"": ""readObject""}"
5369,reflection,Method.invoke,"{""class"": ""java.util.Locale"", ""method"": ""readResolve""}"
5376,reflection,Method.invoke,"{""class"": ""java.util.Locale"", ""method"": ""readObject""}"
5383,reflection,Method.invoke,"{""class"": ""java.util.Locale"", ""method"": ""readResolve""}"
5390,reflection,Method.invoke,"{""class"": ""java.util.Locale"", ""method"": ""readObject""}"
5397,reflection,Method.invoke,"{""class"": ""java.util.Locale"", ""method"": ""readResolve""}"
5403,reflection,Method.invoke,"{""class"": ""java.util.Locale"", ""method"": ""readObject""}"
5409,reflection,Method.invoke,"{""class"": ""java.util.Locale"", ""method"": ""readResolve""}"
5418,reflection,Method.invoke,"{""class"": ""java.util.Locale"", ""method"": ""readObject""}"
5425,reflection,Method.invoke,"{""class"": ""java.util.Locale"", ""method"": ""readResolve""}"
5433,reflection,Method.invoke,"{""class"": ""java.util.Locale"", ""method"": ""readObject""}"
5438,reflection,Method.invoke,"{""class"": ""java.util.Locale"", ""method"": ""readResolve""}"
5445,reflection,Method.invoke,"{""class"": ""java.util.Locale"", ""method"": ""readObject""}"
5452,reflection,Method.invoke,"{""class"": ""java.util.Locale"", ""method"": ""readResolve""}"
5460,reflection,Method.invoke,"{""class"": ""java.util.Locale"", ""method"": ""readObject""}"
5467,reflection,Method.invoke,"{""class"": ""java.util.Locale"", ""method"": ""readResolve""}"
5474,reflection,Method.invoke,"{""class"": ""java.util.Locale"", ""method"": ""readObject""}"
5482,reflection,Method.invoke,"{""class"": ""java.util.Locale"", ""method"": ""readResolve""}"
5492,reflection,Method.invoke,"{""class"": ""java.util.Locale"", ""method"": ""readObject""}"
5498,reflection,Method.invoke,"{""class"": ""java.util.Locale"", ""method"": ""readResolve""}"
5507,reflection,Method.invoke,"{""class"": ""java.util.Locale"", ""method"": ""readObject""}"
5513,reflection,Method.invoke,"{""class"": ""java.util.Locale"", ""method"": ""readResolve""}"
5521,reflection,Method.invoke,"{""class"": ""java.util.Locale"", ""method"": ""readObject""}"
5532,reflection,Method.invoke,"{""class"": ""java.util.Locale"", ""method"": ""readResolve""}"
5538,reflection,Method.invoke,"{""class"": ""java.util.Locale"", ""method"": ""readObject""}"
5545,reflection,Method.invoke,"{""class"": ""java.util.Locale"", ""method"": ""readResolve""}"
5551,reflection,Method.invoke,"{""class"": ""java.util.Locale"", ""method"": ""readObject""}"
5559,reflection,Method.invoke,"{""class"": ""java.util.Locale"", ""method"": ""readResolve""}"
5565,reflection,Method.invoke,"{""class"": ""java.util.Locale"", ""method"": ""readObject""}"
5571,reflection,Method.invoke,"{""class"": ""java.util.Locale"", ""method"": ""readResolve""}"
5577,reflection,Method.invoke,"{""class"": ""java.util.Locale"", ""method"": ""readObject""}"
5584,reflection,Method.invoke,"{""class"": ""java.util.Locale"", ""method"": ""readResolve""}"
5592,reflection,Method.invoke,"{""class"": ""java.util.Locale"", ""method"": ""readObject""}"
5600,reflection,Method.invoke,"{""class"": ""java.util.Locale"", ""method"": ""readResolve""}"
5607,reflection,Method.invoke,"{""class"": ""java.util.Locale"", ""method"": ""readObject""}"
5612,reflection,Method.invoke,"{""class"": ""java.util.Locale"", ""method"": ""readResolve""}"
5622,reflection,Method.invoke,"{""class"": ""java.util.Locale"", ""method"": ""readObject""}"
5630,reflection,Method.invoke,"{""class"": ""java.util.Locale"", ""method"": ""readResolve""}"
5638,reflection,Method.invoke,"{""class"": ""java.util.Locale"", ""method"": ""readObject""}"
5643,reflection,Method.invoke,"{""class"": ""java.util.Locale"", ""method"": ""readResolve""}"
5652,reflection,Method.invoke,"{""class"": ""java.util.Locale"", ""method"": ""readObject""}"
5657,reflection,Method.invoke,"{""class"": ""java.util.Locale"", ""method"": ""readResolve""}"
5664,reflection,Method.invoke,"{""class"": ""java.util.Locale"", ""method"": ""readObject""}"
5669,reflection,Method.invoke,"{""class"": ""java.util.Locale"", ""method"": ""readResolve""}"
5678,reflection,Method.invoke,"{""class"": ""java.util.Locale"", ""method"": ""readObject""}"
5684,reflection,Method.invoke,"{""class"": ""java.util.Locale"", ""method"": ""readResolve""}"
5690,reflection,Method.invoke,"{""class"": ""java.util.Locale"", ""method"": ""readObject""}"
5696,reflection,Method.invoke,"{""class"": ""java.util.Locale"", ""method"": ""readResolve""}"
5703,reflection,Method.invoke,"{""class"": ""java.util.Locale"", ""method"": ""readObject""}"
5709,reflection,Method.invoke,"{""class"": ""java.util.Locale"", ""method"": ""readResolve""}"
5718,reflection,Method.invoke,"{""class"": ""java.util.Locale"", ""method"": ""readObject""}"
5725,reflection,Method.invoke,"{""class"": ""java.util.Locale"", ""method"": ""readResolve""}"
5733,reflection,Method.invoke,"{""class"": ""java.util.Locale"", ""method"": ""readObject""}"
5738,reflection,Method.invoke,"{""class"": ""java.util.Locale"", ""method"": ""readResolve""}"
5747,reflection,Method.invoke,"{""class"": ""java.util.Locale"", ""method"": ""readObject""}"
5755,reflection,Method.invoke,"{""class"": ""java.util.Locale"", ""method"": ""readResolve""}"
5763,reflection,Method.invoke,"{""class"": ""java.util.Locale"", ""method"": ""readObject""}"
5768,reflection,Method.invoke,"{""class"": ""java.util.Locale"", ""method"": ""readResolve""}"
5776,reflection,Method.invoke,"{""class"": ""java.util.Locale"", ""method"": ""readObject""}"
5783,reflection,Method.invoke,"{""class"": ""java.util.Locale"", ""method"": ""readResolve""}"
5789,reflection,Method.invoke,"{""class"": ""java.util.Locale"", ""method"": ""readObject""}"
5797,reflection,Method.invoke,"{""class"": ""java.util.Locale"", ""method"": ""readResolve""}"
5803,reflection,Method.invoke,"{""class"": ""java.util.Locale"", ""method"": ""readObject""}"
5810,reflection,Method.invoke,"{""class"": ""java.util.Locale"", ""method"": ""readResolve""}"
5819,reflection,Method.invoke,"{""class"": ""java.util.Locale"", ""method"": ""readObject""}"
5827,reflection,Method.invoke,"{""class"": ""java.util.Locale"", ""method"": ""readResolve""}"
5834,reflection,Method.invoke,"{""class"": ""java.util.Locale"", ""method"": ""readObject""}"
5841,reflection,Method.invoke,"{""class"": ""java.util.Locale"", ""method"": ""readResolve""}"
5848,reflection,Method.invoke,"{""class"": ""java.util.Locale"", ""method"": ""readObject""}"
5854,reflection,Method.invoke,"{""class"": ""java.util.Locale"", ""method"": ""readResolve""}"
5862,reflection,Method.invoke,"{""class"": ""java.util.Locale"", ""method"": ""readObject""}"
5869,reflection,Method.invoke,"{""class"": ""java.util.Locale"", ""method"": ""readResolve""}"
5875,reflection,Method.invoke,"{""class"": ""java.util.Locale"", ""method"": ""readObject""}"
5882,reflection,Method.invoke,"{""class"": ""java.util.Locale"", ""method"": ""readResolve""}"
5888,reflection,Method.invoke,"{""class"": ""java.util.Locale"", ""method"": ""readObject""}"
5894,reflection,Method.invoke,"{""class"": ""java.util.Locale"", ""method"": ""readResolve""}"
5902,reflection,Method.invoke,"{""class"": ""java.util.Locale"", ""method"": ""readObject""}"
5909,reflection,Method.invoke,"{""class"": ""java.util.Locale"", ""method"": ""readResolve""}"
5918,reflection,Method.invoke,"{""class"": ""java.util.Locale"", ""method"": ""readObject""}"
5924,reflection,Method.invoke,"{""class"": ""java.util.Locale"", ""method"": ""readResolve""}"
5933,reflection,Method.invoke,"{""class"": ""java.util.Locale"", ""method"": ""readObject""}"
5939,reflection,Method.invoke,"{""class"": ""java.util.Locale"", ""method"": ""readResolve""}"
5942,storage,SharedPreferences.apply,{}
5950,database,SQLiteDatabase.rawQuery,"{""sql"": ""SELECT SUM(endSteps - startSteps) AS sumSteps  FROM hours WHERE date = 20260715 GROUP BY date""}"
5969,notifications,NotificationManager.notifyAsUser,"{""id"": 1001, ""tag"": null}"
6167,database,SQLiteDatabase.rawQuery,"{""sql"": ""SELECT SUM(endSteps - startSteps) AS sumSteps  FROM hours WHERE date = 20260715 GROUP BY date""}"
6199,notifications,NotificationManager.notifyAsUser,"{""id"": 1001, ""tag"": null}"
6309,ipc_intents,Context.sendBroadcast,"{""action"": ""restartservice"", ""target"": ""ca.chancehorizon.paseo/ca.chancehorizon.paseo.background.Restarter""}"
6340,ipc_intents,Context.bindService,"{""action"": ""android.intent.action.TTS_SERVICE"", ""flags"": 1, ""target"": ""android.intent.action.TTS_SERVICE""}"
6387,database,SQLiteDatabase.rawQuery,"{""sql"": ""SELECT SUM(endSteps - startSteps) AS sumSteps  FROM hours WHERE date = 20260715 GROUP BY date""}"
6408,notifications,NotificationManager.notifyAsUser,"{""id"": 1001, ""tag"": null}"
6432,reflection,Method.invoke,"{""class"": ""java.util.Locale"", ""method"": ""readObject""}"
6439,reflection,Method.invoke,"{""class"": ""java.util.Locale"", ""method"": ""readResolve""}"
6445,reflection,Method.invoke,"{""class"": ""java.util.Locale"", ""method"": ""readObject""}"
6453,reflection,Method.invoke,"{""class"": ""java.util.Locale"", ""method"": ""readResolve""}"
6460,reflection,Method.invoke,"{""class"": ""java.util.Locale"", ""method"": ""readObject""}"
6468,reflection,Method.invoke,"{""class"": ""java.util.Locale"", ""method"": ""readResolve""}"
6473,reflection,Method.invoke,"{""class"": ""java.util.Locale"", ""method"": ""readObject""}"
6479,reflection,Method.invoke,"{""class"": ""java.util.Locale"", ""method"": ""readResolve""}"
6488,reflection,Method.invoke,"{""class"": ""java.util.Locale"", ""method"": ""readObject""}"
6495,reflection,Method.invoke,"{""class"": ""java.util.Locale"", ""method"": ""readResolve""}"
6504,reflection,Method.invoke,"{""class"": ""java.util.Locale"", ""method"": ""readObject""}"
6510,reflection,Method.invoke,"{""class"": ""java.util.Locale"", ""method"": ""readResolve""}"
6521,reflection,Method.invoke,"{""class"": ""java.util.Locale"", ""method"": ""readObject""}"
6529,reflection,Method.invoke,"{""class"": ""java.util.Locale"", ""method"": ""readResolve""}"
6537,reflection,Method.invoke,"{""class"": ""java.util.Locale"", ""method"": ""readObject""}"
6548,reflection,Method.invoke,"{""class"": ""java.util.Locale"", ""method"": ""readResolve""}"
6555,reflection,Method.invoke,"{""class"": ""java.util.Locale"", ""method"": ""readObject""}"
6564,reflection,Method.invoke,"{""class"": ""java.util.Locale"", ""method"": ""readResolve""}"
6572,reflection,Method.invoke,"{""class"": ""java.util.Locale"", ""method"": ""readObject""}"
6584,reflection,Method.invoke,"{""class"": ""java.util.Locale"", ""method"": ""readResolve""}"
6592,reflection,Method.invoke,"{""class"": ""java.util.Locale"", ""method"": ""readObject""}"
6605,reflection,Method.invoke,"{""class"": ""java.util.Locale"", ""method"": ""readResolve""}"
6622,reflection,Method.invoke,"{""class"": ""java.util.Locale"", ""method"": ""readObject""}"
6632,reflection,Method.invoke,"{""class"": ""java.util.Locale"", ""method"": ""readResolve""}"
6633,reflection,Method.invoke,"{""class"": ""java.util.Locale"", ""method"": ""readObject""}"
6633,reflection,Method.invoke,"{""class"": ""java.util.Locale"", ""method"": ""readResolve""}"
6634,reflection,Method.invoke,"{""class"": ""java.util.Locale"", ""method"": ""readObject""}"
6634,reflection,Method.invoke,"{""class"": ""java.util.Locale"", ""method"": ""readResolve""}"
6634,reflection,Method.invoke,"{""class"": ""java.util.Locale"", ""method"": ""readObject""}"
6635,reflection,Method.invoke,"{""class"": ""java.util.Locale"", ""method"": ""readResolve""}"
6635,reflection,Method.invoke,"{""class"": ""java.util.Locale"", ""method"": ""readObject""}"
6636,reflection,Method.invoke,"{""class"": ""java.util.Locale"", ""method"": ""readResolve""}"
6636,reflection,Method.invoke,"{""class"": ""java.util.Locale"", ""method"": ""readObject""}"
6637,reflection,Method.invoke,"{""class"": ""java.util.Locale"", ""method"": ""readResolve""}"
6638,reflection,Method.invoke,"{""class"": ""java.util.Locale"", ""method"": ""readObject""}"
6639,reflection,Method.invoke,"{""class"": ""java.util.Locale"", ""method"": ""readResolve""}"
6639,reflection,Method.invoke,"{""class"": ""java.util.Locale"", ""method"": ""readObject""}"
6639,reflection,Method.invoke,"{""class"": ""java.util.Locale"", ""method"": ""readResolve""}"
6640,reflection,Method.invoke,"{""class"": ""java.util.Locale"", ""method"": ""readObject""}"
6640,reflection,Method.invoke,"{""class"": ""java.util.Locale"", ""method"": ""readResolve""}"
6641,reflection,Method.invoke,"{""class"": ""java.util.Locale"", ""method"": ""readObject""}"
6641,reflection,Method.invoke,"{""class"": ""java.util.Locale"", ""method"": ""readResolve""}"
6642,reflection,Method.invoke,"{""class"": ""java.util.Locale"", ""method"": ""readObject""}"
6642,reflection,Method.invoke,"{""class"": ""java.util.Locale"", ""method"": ""readResolve""}"
6644,reflection,Method.invoke,"{""class"": ""java.util.Locale"", ""method"": ""readObject""}"
6644,reflection,Method.invoke,"{""class"": ""java.util.Locale"", ""method"": ""readResolve""}"
6645,reflection,Method.invoke,"{""class"": ""java.util.Locale"", ""method"": ""readObject""}"
6645,reflection,Method.invoke,"{""class"": ""java.util.Locale"", ""method"": ""readResolve""}"
6645,reflection,Method.invoke,"{""class"": ""java.util.Locale"", ""method"": ""readObject""}"
6645,reflection,Method.invoke,"{""class"": ""java.util.Locale"", ""method"": ""readResolve""}"
6646,reflection,Method.invoke,"{""class"": ""java.util.Locale"", ""method"": ""readObject""}"
6646,reflection,Method.invoke,"{""class"": ""java.util.Locale"", ""method"": ""readResolve""}"
6646,reflection,Method.invoke,"{""class"": ""java.util.Locale"", ""method"": ""readObject""}"
6648,reflection,Method.invoke,"{""class"": ""java.util.Locale"", ""method"": ""readResolve""}"
6648,reflection,Method.invoke,"{""class"": ""java.util.Locale"", ""method"": ""readObject""}"
6648,reflection,Method.invoke,"{""class"": ""java.util.Locale"", ""method"": ""readResolve""}"
6649,reflection,Method.invoke,"{""class"": ""java.util.Locale"", ""method"": ""readObject""}"
6650,reflection,Method.invoke,"{""class"": ""java.util.Locale"", ""method"": ""readResolve""}"
6650,reflection,Method.invoke,"{""class"": ""java.util.Locale"", ""method"": ""readObject""}"
6651,reflection,Method.invoke,"{""class"": ""java.util.Locale"", ""method"": ""readResolve""}"
6651,reflection,Method.invoke,"{""class"": ""java.util.Locale"", ""method"": ""readObject""}"
6652,reflection,Method.invoke,"{""class"": ""java.util.Locale"", ""method"": ""readResolve""}"
6652,reflection,Method.invoke,"{""class"": ""java.util.Locale"", ""method"": ""readObject""}"
6653,reflection,Method.invoke,"{""class"": ""java.util.Locale"", ""method"": ""readResolve""}"
6653,reflection,Method.invoke,"{""class"": ""java.util.Locale"", ""method"": ""readObject""}"
6653,reflection,Method.invoke,"{""class"": ""java.util.Locale"", ""method"": ""readResolve""}"
6654,reflection,Method.invoke,"{""class"": ""java.util.Locale"", ""method"": ""readObject""}"
6655,reflection,Method.invoke,"{""class"": ""java.util.Locale"", ""method"": ""readResolve""}"
6655,reflection,Method.invoke,"{""class"": ""java.util.Locale"", ""method"": ""readObject""}"
6655,reflection,Method.invoke,"{""class"": ""java.util.Locale"", ""method"": ""readResolve""}"
6656,reflection,Method.invoke,"{""class"": ""java.util.Locale"", ""method"": ""readObject""}"
6656,reflection,Method.invoke,"{""class"": ""java.util.Locale"", ""method"": ""readResolve""}"
6657,reflection,Method.invoke,"{""class"": ""java.util.Locale"", ""method"": ""readObject""}"
6657,reflection,Method.invoke,"{""class"": ""java.util.Locale"", ""method"": ""readResolve""}"
6658,reflection,Method.invoke,"{""class"": ""java.util.Locale"", ""method"": ""readObject""}"
6658,reflection,Method.invoke,"{""class"": ""java.util.Locale"", ""method"": ""readResolve""}"
6659,reflection,Method.invoke,"{""class"": ""java.util.Locale"", ""method"": ""readObject""}"
6659,reflection,Method.invoke,"{""class"": ""java.util.Locale"", ""method"": ""readResolve""}"
6660,reflection,Method.invoke,"{""class"": ""java.util.Locale"", ""method"": ""readObject""}"
6661,reflection,Method.invoke,"{""class"": ""java.util.Locale"", ""method"": ""readResolve""}"
6661,reflection,Method.invoke,"{""class"": ""java.util.Locale"", ""method"": ""readObject""}"
6665,reflection,Method.invoke,"{""class"": ""java.util.Locale"", ""method"": ""readResolve""}"
6666,reflection,Method.invoke,"{""class"": ""java.util.Locale"", ""method"": ""readObject""}"
6666,reflection,Method.invoke,"{""class"": ""java.util.Locale"", ""method"": ""readResolve""}"
6667,reflection,Method.invoke,"{""class"": ""java.util.Locale"", ""method"": ""readObject""}"
6667,reflection,Method.invoke,"{""class"": ""java.util.Locale"", ""method"": ""readResolve""}"
6668,reflection,Method.invoke,"{""class"": ""java.util.Locale"", ""method"": ""readObject""}"
6668,reflection,Method.invoke,"{""class"": ""java.util.Locale"", ""method"": ""readResolve""}"
6669,reflection,Method.invoke,"{""class"": ""java.util.Locale"", ""method"": ""readObject""}"
6669,reflection,Method.invoke,"{""class"": ""java.util.Locale"", ""method"": ""readResolve""}"
6670,reflection,Method.invoke,"{""class"": ""java.util.Locale"", ""method"": ""readObject""}"
6670,reflection,Method.invoke,"{""class"": ""java.util.Locale"", ""method"": ""readResolve""}"
6671,reflection,Method.invoke,"{""class"": ""java.util.Locale"", ""method"": ""readObject""}"
6671,reflection,Method.invoke,"{""class"": ""java.util.Locale"", ""method"": ""readResolve""}"
6672,reflection,Method.invoke,"{""class"": ""java.util.Locale"", ""method"": ""readObject""}"
6673,reflection,Method.invoke,"{""class"": ""java.util.Locale"", ""method"": ""readResolve""}"
6673,reflection,Method.invoke,"{""class"": ""java.util.Locale"", ""method"": ""readObject""}"
6673,reflection,Method.invoke,"{""class"": ""java.util.Locale"", ""method"": ""readResolve""}"
6674,reflection,Method.invoke,"{""class"": ""java.util.Locale"", ""method"": ""readObject""}"
6674,reflection,Method.invoke,"{""class"": ""java.util.Locale"", ""method"": ""readResolve""}"
6675,reflection,Method.invoke,"{""class"": ""java.util.Locale"", ""method"": ""readObject""}"
6676,reflection,Method.invoke,"{""class"": ""java.util.Locale"", ""method"": ""readResolve""}"
6676,reflection,Method.invoke,"{""class"": ""java.util.Locale"", ""method"": ""readObject""}"
6677,reflection,Method.invoke,"{""class"": ""java.util.Locale"", ""method"": ""readResolve""}"
6678,reflection,Method.invoke,"{""class"": ""java.util.Locale"", ""method"": ""readObject""}"
6678,reflection,Method.invoke,"{""class"": ""java.util.Locale"", ""method"": ""readResolve""}"
6679,reflection,Method.invoke,"{""class"": ""java.util.Locale"", ""method"": ""readObject""}"
6679,reflection,Method.invoke,"{""class"": ""java.util.Locale"", ""method"": ""readResolve""}"
6679,reflection,Method.invoke,"{""class"": ""java.util.Locale"", ""method"": ""readObject""}"
6679,reflection,Method.invoke,"{""class"": ""java.util.Locale"", ""method"": ""readResolve""}"
6679,reflection,Method.invoke,"{""class"": ""java.util.Locale"", ""method"": ""readObject""}"
6680,reflection,Method.invoke,"{""class"": ""java.util.Locale"", ""method"": ""readResolve""}"
6680,reflection,Method.invoke,"{""class"": ""java.util.Locale"", ""method"": ""readObject""}"
6680,reflection,Method.invoke,"{""class"": ""java.util.Locale"", ""method"": ""readResolve""}"
6680,reflection,Method.invoke,"{""class"": ""java.util.Locale"", ""method"": ""readObject""}"
6680,reflection,Method.invoke,"{""class"": ""java.util.Locale"", ""method"": ""readResolve""}"
6681,reflection,Method.invoke,"{""class"": ""java.util.Locale"", ""method"": ""readObject""}"
6681,reflection,Method.invoke,"{""class"": ""java.util.Locale"", ""method"": ""readResolve""}"
6681,reflection,Method.invoke,"{""class"": ""java.util.Locale"", ""method"": ""readObject""}"
6682,reflection,Method.invoke,"{""class"": ""java.util.Locale"", ""method"": ""readResolve""}"
6682,reflection,Method.invoke,"{""class"": ""java.util.Locale"", ""method"": ""readObject""}"
6682,reflection,Method.invoke,"{""class"": ""java.util.Locale"", ""method"": ""readResolve""}"
6683,reflection,Method.invoke,"{""class"": ""java.util.Locale"", ""method"": ""readObject""}"
6684,reflection,Method.invoke,"{""class"": ""java.util.Locale"", ""method"": ""readResolve""}"
6684,reflection,Method.invoke,"{""class"": ""java.util.Locale"", ""method"": ""readObject""}"
6685,reflection,Method.invoke,"{""class"": ""java.util.Locale"", ""method"": ""readResolve""}"
6685,reflection,Method.invoke,"{""class"": ""java.util.Locale"", ""method"": ""readObject""}"
6685,reflection,Method.invoke,"{""class"": ""java.util.Locale"", ""method"": ""readResolve""}"
6686,reflection,Method.invoke,"{""class"": ""java.util.Locale"", ""method"": ""readObject""}"
6687,reflection,Method.invoke,"{""class"": ""java.util.Locale"", ""method"": ""readResolve""}"
6687,reflection,Method.invoke,"{""class"": ""java.util.Locale"", ""method"": ""readObject""}"
6687,reflection,Method.invoke,"{""class"": ""java.util.Locale"", ""method"": ""readResolve""}"
6688,reflection,Method.invoke,"{""class"": ""java.util.Locale"", ""method"": ""readObject""}"
6689,reflection,Method.invoke,"{""class"": ""java.util.Locale"", ""method"": ""readResolve""}"
6689,reflection,Method.invoke,"{""class"": ""java.util.Locale"", ""method"": ""readObject""}"
6690,reflection,Method.invoke,"{""class"": ""java.util.Locale"", ""method"": ""readResolve""}"
6690,reflection,Method.invoke,"{""class"": ""java.util.Locale"", ""method"": ""readObject""}"
6691,reflection,Method.invoke,"{""class"": ""java.util.Locale"", ""method"": ""readResolve""}"
6691,reflection,Method.invoke,"{""class"": ""java.util.Locale"", ""method"": ""readObject""}"
6691,reflection,Method.invoke,"{""class"": ""java.util.Locale"", ""method"": ""readResolve""}"
6692,reflection,Method.invoke,"{""class"": ""java.util.Locale"", ""method"": ""readObject""}"
6692,reflection,Method.invoke,"{""class"": ""java.util.Locale"", ""method"": ""readResolve""}"
6693,reflection,Method.invoke,"{""class"": ""java.util.Locale"", ""method"": ""readObject""}"
6693,reflection,Method.invoke,"{""class"": ""java.util.Locale"", ""method"": ""readResolve""}"
6694,reflection,Method.invoke,"{""class"": ""java.util.Locale"", ""method"": ""readObject""}"
6695,reflection,Method.invoke,"{""class"": ""java.util.Locale"", ""method"": ""readResolve""}"
6695,reflection,Method.invoke,"{""class"": ""java.util.Locale"", ""method"": ""readObject""}"
6695,reflection,Method.invoke,"{""class"": ""java.util.Locale"", ""method"": ""readResolve""}"
6696,reflection,Method.invoke,"{""class"": ""java.util.Locale"", ""method"": ""readObject""}"
6696,reflection,Method.invoke,"{""class"": ""java.util.Locale"", ""method"": ""readResolve""}"
6696,reflection,Method.invoke,"{""class"": ""java.util.Locale"", ""method"": ""readObject""}"
6696,reflection,Method.invoke,"{""class"": ""java.util.Locale"", ""method"": ""readResolve""}"
6696,reflection,Method.invoke,"{""class"": ""java.util.Locale"", ""method"": ""readObject""}"
6697,reflection,Method.invoke,"{""class"": ""java.util.Locale"", ""method"": ""readResolve""}"
6697,reflection,Method.invoke,"{""class"": ""java.util.Locale"", ""method"": ""readObject""}"
6697,reflection,Method.invoke,"{""class"": ""java.util.Locale"", ""method"": ""readResolve""}"
6697,reflection,Method.invoke,"{""class"": ""java.util.Locale"", ""method"": ""readObject""}"
6698,reflection,Method.invoke,"{""class"": ""java.util.Locale"", ""method"": ""readResolve""}"
6698,reflection,Method.invoke,"{""class"": ""java.util.Locale"", ""method"": ""readObject""}"
6698,reflection,Method.invoke,"{""class"": ""java.util.Locale"", ""method"": ""readResolve""}"
6699,reflection,Method.invoke,"{""class"": ""java.util.Locale"", ""method"": ""readObject""}"
6699,reflection,Method.invoke,"{""class"": ""java.util.Locale"", ""method"": ""readResolve""}"
6700,reflection,Method.invoke,"{""class"": ""java.util.Locale"", ""method"": ""readObject""}"
6700,reflection,Method.invoke,"{""class"": ""java.util.Locale"", ""method"": ""readResolve""}"
6702,reflection,Method.invoke,"{""class"": ""java.util.Locale"", ""method"": ""readObject""}"
6702,reflection,Method.invoke,"{""class"": ""java.util.Locale"", ""method"": ""readResolve""}"
6703,reflection,Method.invoke,"{""class"": ""java.util.Locale"", ""method"": ""readObject""}"
6704,reflection,Method.invoke,"{""class"": ""java.util.Locale"", ""method"": ""readResolve""}"
6704,reflection,Method.invoke,"{""class"": ""java.util.Locale"", ""method"": ""readObject""}"
6705,reflection,Method.invoke,"{""class"": ""java.util.Locale"", ""method"": ""readResolve""}"
6706,reflection,Method.invoke,"{""class"": ""java.util.Locale"", ""method"": ""readObject""}"
6707,reflection,Method.invoke,"{""class"": ""java.util.Locale"", ""method"": ""readResolve""}"
6709,reflection,Method.invoke,"{""class"": ""java.util.Locale"", ""method"": ""readObject""}"
6709,reflection,Method.invoke,"{""class"": ""java.util.Locale"", ""method"": ""readResolve""}"
6710,reflection,Method.invoke,"{""class"": ""java.util.Locale"", ""method"": ""readObject""}"
6711,reflection,Method.invoke,"{""class"": ""java.util.Locale"", ""method"": ""readResolve""}"
6712,reflection,Method.invoke,"{""class"": ""java.util.Locale"", ""method"": ""readObject""}"
6713,reflection,Method.invoke,"{""class"": ""java.util.Locale"", ""method"": ""readResolve""}"
6714,reflection,Method.invoke,"{""class"": ""java.util.Locale"", ""method"": ""readObject""}"
6714,reflection,Method.invoke,"{""class"": ""java.util.Locale"", ""method"": ""readResolve""}"
6715,reflection,Method.invoke,"{""class"": ""java.util.Locale"", ""method"": ""readObject""}"
6716,reflection,Method.invoke,"{""class"": ""java.util.Locale"", ""method"": ""readResolve""}"
6717,reflection,Method.invoke,"{""class"": ""java.util.Locale"", ""method"": ""readObject""}"
6718,reflection,Method.invoke,"{""class"": ""java.util.Locale"", ""method"": ""readResolve""}"
6719,reflection,Method.invoke,"{""class"": ""java.util.Locale"", ""method"": ""readObject""}"
6719,reflection,Method.invoke,"{""class"": ""java.util.Locale"", ""method"": ""readResolve""}"
6720,reflection,Method.invoke,"{""class"": ""java.util.Locale"", ""method"": ""readObject""}"
6721,reflection,Method.invoke,"{""class"": ""java.util.Locale"", ""method"": ""readResolve""}"
6721,reflection,Method.invoke,"{""class"": ""java.util.Locale"", ""method"": ""readObject""}"
6722,reflection,Method.invoke,"{""class"": ""java.util.Locale"", ""method"": ""readResolve""}"
6723,reflection,Method.invoke,"{""class"": ""java.util.Locale"", ""method"": ""readObject""}"
6724,reflection,Method.invoke,"{""class"": ""java.util.Locale"", ""method"": ""readResolve""}"
6724,reflection,Method.invoke,"{""class"": ""java.util.Locale"", ""method"": ""readObject""}"
6724,reflection,Method.invoke,"{""class"": ""java.util.Locale"", ""method"": ""readResolve""}"
6725,reflection,Method.invoke,"{""class"": ""java.util.Locale"", ""method"": ""readObject""}"
6725,reflection,Method.invoke,"{""class"": ""java.util.Locale"", ""method"": ""readResolve""}"
6726,reflection,Method.invoke,"{""class"": ""java.util.Locale"", ""method"": ""readObject""}"
6726,reflection,Method.invoke,"{""class"": ""java.util.Locale"", ""method"": ""readResolve""}"
6727,reflection,Method.invoke,"{""class"": ""java.util.Locale"", ""method"": ""readObject""}"
6728,reflection,Method.invoke,"{""class"": ""java.util.Locale"", ""method"": ""readResolve""}"
6731,reflection,Method.invoke,"{""class"": ""java.util.Locale"", ""method"": ""readObject""}"
6732,reflection,Method.invoke,"{""class"": ""java.util.Locale"", ""method"": ""readResolve""}"
6732,reflection,Method.invoke,"{""class"": ""java.util.Locale"", ""method"": ""readObject""}"
6733,reflection,Method.invoke,"{""class"": ""java.util.Locale"", ""method"": ""readResolve""}"
6734,reflection,Method.invoke,"{""class"": ""java.util.Locale"", ""method"": ""readObject""}"
6734,reflection,Method.invoke,"{""class"": ""java.util.Locale"", ""method"": ""readResolve""}"
6735,reflection,Method.invoke,"{""class"": ""java.util.Locale"", ""method"": ""readObject""}"
6735,reflection,Method.invoke,"{""class"": ""java.util.Locale"", ""method"": ""readResolve""}"
6736,reflection,Method.invoke,"{""class"": ""java.util.Locale"", ""method"": ""readObject""}"
6736,reflection,Method.invoke,"{""class"": ""java.util.Locale"", ""method"": ""readResolve""}"
6737,reflection,Method.invoke,"{""class"": ""java.util.Locale"", ""method"": ""readObject""}"
6737,reflection,Method.invoke,"{""class"": ""java.util.Locale"", ""method"": ""readResolve""}"
6737,reflection,Method.invoke,"{""class"": ""java.util.Locale"", ""method"": ""readObject""}"
6738,reflection,Method.invoke,"{""class"": ""java.util.Locale"", ""method"": ""readResolve""}"
6738,reflection,Method.invoke,"{""class"": ""java.util.Locale"", ""method"": ""readObject""}"
6739,reflection,Method.invoke,"{""class"": ""java.util.Locale"", ""method"": ""readResolve""}"
6739,reflection,Method.invoke,"{""class"": ""java.util.Locale"", ""method"": ""readObject""}"
6740,reflection,Method.invoke,"{""class"": ""java.util.Locale"", ""method"": ""readResolve""}"
6740,reflection,Method.invoke,"{""class"": ""java.util.Locale"", ""method"": ""readObject""}"
6741,reflection,Method.invoke,"{""class"": ""java.util.Locale"", ""method"": ""readResolve""}"
6741,reflection,Method.invoke,"{""class"": ""java.util.Locale"", ""method"": ""readObject""}"
6742,reflection,Method.invoke,"{""class"": ""java.util.Locale"", ""method"": ""readResolve""}"
6742,reflection,Method.invoke,"{""class"": ""java.util.Locale"", ""method"": ""readObject""}"
6743,reflection,Method.invoke,"{""class"": ""java.util.Locale"", ""method"": ""readResolve""}"
6743,reflection,Method.invoke,"{""class"": ""java.util.Locale"", ""method"": ""readObject""}"
6743,reflection,Method.invoke,"{""class"": ""java.util.Locale"", ""method"": ""readResolve""}"
6757,reflection,Method.invoke,"{""class"": ""java.util.Locale"", ""method"": ""readObject""}"
6771,reflection,Method.invoke,"{""class"": ""java.util.Locale"", ""method"": ""readResolve""}"
6778,reflection,Method.invoke,"{""class"": ""java.util.Locale"", ""method"": ""readObject""}"
6786,reflection,Method.invoke,"{""class"": ""java.util.Locale"", ""method"": ""readResolve""}"
6792,reflection,Method.invoke,"{""class"": ""java.util.Locale"", ""method"": ""readObject""}"
6801,reflection,Method.invoke,"{""class"": ""java.util.Locale"", ""method"": ""readResolve""}"
6805,reflection,Method.invoke,"{""class"": ""java.util.Locale"", ""method"": ""readObject""}"
6811,reflection,Method.invoke,"{""class"": ""java.util.Locale"", ""method"": ""readResolve""}"
6818,reflection,Method.invoke,"{""class"": ""java.util.Locale"", ""method"": ""readObject""}"
6822,reflection,Method.invoke,"{""class"": ""java.util.Locale"", ""method"": ""readResolve""}"
6828,reflection,Method.invoke,"{""class"": ""java.util.Locale"", ""method"": ""readObject""}"
6833,reflection,Method.invoke,"{""class"": ""java.util.Locale"", ""method"": ""readResolve""}"
6839,reflection,Method.invoke,"{""class"": ""java.util.Locale"", ""method"": ""readObject""}"
6844,reflection,Method.invoke,"{""class"": ""java.util.Locale"", ""method"": ""readResolve""}"
6850,reflection,Method.invoke,"{""class"": ""java.util.Locale"", ""method"": ""readObject""}"
6855,reflection,Method.invoke,"{""class"": ""java.util.Locale"", ""method"": ""readResolve""}"
6860,reflection,Method.invoke,"{""class"": ""java.util.Locale"", ""method"": ""readObject""}"
6864,reflection,Method.invoke,"{""class"": ""java.util.Locale"", ""method"": ""readResolve""}"
6869,reflection,Method.invoke,"{""class"": ""java.util.Locale"", ""method"": ""readObject""}"
6875,reflection,Method.invoke,"{""class"": ""java.util.Locale"", ""method"": ""readResolve""}"
6880,reflection,Method.invoke,"{""class"": ""java.util.Locale"", ""method"": ""readObject""}"
6885,reflection,Method.invoke,"{""class"": ""java.util.Locale"", ""method"": ""readResolve""}"
6890,reflection,Method.invoke,"{""class"": ""java.util.Locale"", ""method"": ""readObject""}"
6895,reflection,Method.invoke,"{""class"": ""java.util.Locale"", ""method"": ""readResolve""}"
6900,reflection,Method.invoke,"{""class"": ""java.util.Locale"", ""method"": ""readObject""}"
6905,reflection,Method.invoke,"{""class"": ""java.util.Locale"", ""method"": ""readResolve""}"
6910,reflection,Method.invoke,"{""class"": ""java.util.Locale"", ""method"": ""readObject""}"
6915,reflection,Method.invoke,"{""class"": ""java.util.Locale"", ""method"": ""readResolve""}"
6921,reflection,Method.invoke,"{""class"": ""java.util.Locale"", ""method"": ""readObject""}"
6925,reflection,Method.invoke,"{""class"": ""java.util.Locale"", ""method"": ""readResolve""}"
6930,reflection,Method.invoke,"{""class"": ""java.util.Locale"", ""method"": ""readObject""}"
6935,reflection,Method.invoke,"{""class"": ""java.util.Locale"", ""method"": ""readResolve""}"
6941,reflection,Method.invoke,"{""class"": ""java.util.Locale"", ""method"": ""readObject""}"
6945,reflection,Method.invoke,"{""class"": ""java.util.Locale"", ""method"": ""readResolve""}"
6950,reflection,Method.invoke,"{""class"": ""java.util.Locale"", ""method"": ""readObject""}"
6955,reflection,Method.invoke,"{""class"": ""java.util.Locale"", ""method"": ""readResolve""}"
6961,reflection,Method.invoke,"{""class"": ""java.util.Locale"", ""method"": ""readObject""}"
6965,reflection,Method.invoke,"{""class"": ""java.util.Locale"", ""method"": ""readResolve""}"
6970,reflection,Method.invoke,"{""class"": ""java.util.Locale"", ""method"": ""readObject""}"
6975,reflection,Method.invoke,"{""class"": ""java.util.Locale"", ""method"": ""readResolve""}"
6980,reflection,Method.invoke,"{""class"": ""java.util.Locale"", ""method"": ""readObject""}"
6985,reflection,Method.invoke,"{""class"": ""java.util.Locale"", ""method"": ""readResolve""}"
6991,reflection,Method.invoke,"{""class"": ""java.util.Locale"", ""method"": ""readObject""}"
6995,reflection,Method.invoke,"{""class"": ""java.util.Locale"", ""method"": ""readResolve""}"
7000,reflection,Method.invoke,"{""class"": ""java.util.Locale"", ""method"": ""readObject""}"
7004,reflection,Method.invoke,"{""class"": ""java.util.Locale"", ""method"": ""readResolve""}"
7009,reflection,Method.invoke,"{""class"": ""java.util.Locale"", ""method"": ""readObject""}"
7014,reflection,Method.invoke,"{""class"": ""java.util.Locale"", ""method"": ""readResolve""}"
7019,reflection,Method.invoke,"{""class"": ""java.util.Locale"", ""method"": ""readObject""}"
7024,reflection,Method.invoke,"{""class"": ""java.util.Locale"", ""method"": ""readResolve""}"
7030,reflection,Method.invoke,"{""class"": ""java.util.Locale"", ""method"": ""readObject""}"
7035,reflection,Method.invoke,"{""class"": ""java.util.Locale"", ""method"": ""readResolve""}"
7040,reflection,Method.invoke,"{""class"": ""java.util.Locale"", ""method"": ""readObject""}"
7045,reflection,Method.invoke,"{""class"": ""java.util.Locale"", ""method"": ""readResolve""}"
7050,reflection,Method.invoke,"{""class"": ""java.util.Locale"", ""method"": ""readObject""}"
7055,reflection,Method.invoke,"{""class"": ""java.util.Locale"", ""method"": ""readResolve""}"
7060,reflection,Method.invoke,"{""class"": ""java.util.Locale"", ""method"": ""readObject""}"
7064,reflection,Method.invoke,"{""class"": ""java.util.Locale"", ""method"": ""readResolve""}"
7070,reflection,Method.invoke,"{""class"": ""java.util.Locale"", ""method"": ""readObject""}"
7074,reflection,Method.invoke,"{""class"": ""java.util.Locale"", ""method"": ""readResolve""}"
7079,reflection,Method.invoke,"{""class"": ""java.util.Locale"", ""method"": ""readObject""}"
7084,reflection,Method.invoke,"{""class"": ""java.util.Locale"", ""method"": ""readResolve""}"
7089,reflection,Method.invoke,"{""class"": ""java.util.Locale"", ""method"": ""readObject""}"
7095,reflection,Method.invoke,"{""class"": ""java.util.Locale"", ""method"": ""readResolve""}"
7100,reflection,Method.invoke,"{""class"": ""java.util.Locale"", ""method"": ""readObject""}"
7105,reflection,Method.invoke,"{""class"": ""java.util.Locale"", ""method"": ""readResolve""}"
7110,reflection,Method.invoke,"{""class"": ""java.util.Locale"", ""method"": ""readObject""}"
7114,reflection,Method.invoke,"{""class"": ""java.util.Locale"", ""method"": ""readResolve""}"
7120,reflection,Method.invoke,"{""class"": ""java.util.Locale"", ""method"": ""readObject""}"
7124,reflection,Method.invoke,"{""class"": ""java.util.Locale"", ""method"": ""readResolve""}"
7130,reflection,Method.invoke,"{""class"": ""java.util.Locale"", ""method"": ""readObject""}"
7134,reflection,Method.invoke,"{""class"": ""java.util.Locale"", ""method"": ""readResolve""}"
7139,reflection,Method.invoke,"{""class"": ""java.util.Locale"", ""method"": ""readObject""}"
7144,reflection,Method.invoke,"{""class"": ""java.util.Locale"", ""method"": ""readResolve""}"
7149,reflection,Method.invoke,"{""class"": ""java.util.Locale"", ""method"": ""readObject""}"
7153,reflection,Method.invoke,"{""class"": ""java.util.Locale"", ""method"": ""readResolve""}"
7158,reflection,Method.invoke,"{""class"": ""java.util.Locale"", ""method"": ""readObject""}"
7163,reflection,Method.invoke,"{""class"": ""java.util.Locale"", ""method"": ""readResolve""}"
7169,reflection,Method.invoke,"{""class"": ""java.util.Locale"", ""method"": ""readObject""}"
7173,reflection,Method.invoke,"{""class"": ""java.util.Locale"", ""method"": ""readResolve""}"
7179,reflection,Method.invoke,"{""class"": ""java.util.Locale"", ""method"": ""readObject""}"
7184,reflection,Method.invoke,"{""class"": ""java.util.Locale"", ""method"": ""readResolve""}"
7189,reflection,Method.invoke,"{""class"": ""java.util.Locale"", ""method"": ""readObject""}"
7193,reflection,Method.invoke,"{""class"": ""java.util.Locale"", ""method"": ""readResolve""}"
7198,reflection,Method.invoke,"{""class"": ""java.util.Locale"", ""method"": ""readObject""}"
7203,reflection,Method.invoke,"{""class"": ""java.util.Locale"", ""method"": ""readResolve""}"
7208,reflection,Method.invoke,"{""class"": ""java.util.Locale"", ""method"": ""readObject""}"
7212,reflection,Method.invoke,"{""class"": ""java.util.Locale"", ""method"": ""readResolve""}"
7217,reflection,Method.invoke,"{""class"": ""java.util.Locale"", ""method"": ""readObject""}"
7222,reflection,Method.invoke,"{""class"": ""java.util.Locale"", ""method"": ""readResolve""}"
7227,reflection,Method.invoke,"{""class"": ""java.util.Locale"", ""method"": ""readObject""}"
7231,reflection,Method.invoke,"{""class"": ""java.util.Locale"", ""method"": ""readResolve""}"
7237,reflection,Method.invoke,"{""class"": ""java.util.Locale"", ""method"": ""readObject""}"
7241,reflection,Method.invoke,"{""class"": ""java.util.Locale"", ""method"": ""readResolve""}"
7246,reflection,Method.invoke,"{""class"": ""java.util.Locale"", ""method"": ""readObject""}"
7251,reflection,Method.invoke,"{""class"": ""java.util.Locale"", ""method"": ""readResolve""}"
7257,reflection,Method.invoke,"{""class"": ""java.util.Locale"", ""method"": ""readObject""}"
7262,reflection,Method.invoke,"{""class"": ""java.util.Locale"", ""method"": ""readResolve""}"
7267,reflection,Method.invoke,"{""class"": ""java.util.Locale"", ""method"": ""readObject""}"
7271,reflection,Method.invoke,"{""class"": ""java.util.Locale"", ""method"": ""readResolve""}"
7277,reflection,Method.invoke,"{""class"": ""java.util.Locale"", ""method"": ""readObject""}"
7281,reflection,Method.invoke,"{""class"": ""java.util.Locale"", ""method"": ""readResolve""}"
7287,reflection,Method.invoke,"{""class"": ""java.util.Locale"", ""method"": ""readObject""}"
7291,reflection,Method.invoke,"{""class"": ""java.util.Locale"", ""method"": ""readResolve""}"
7297,reflection,Method.invoke,"{""class"": ""java.util.Locale"", ""method"": ""readObject""}"
7301,reflection,Method.invoke,"{""class"": ""java.util.Locale"", ""method"": ""readResolve""}"
7307,reflection,Method.invoke,"{""class"": ""java.util.Locale"", ""method"": ""readObject""}"
7312,reflection,Method.invoke,"{""class"": ""java.util.Locale"", ""method"": ""readResolve""}"
7317,reflection,Method.invoke,"{""class"": ""java.util.Locale"", ""method"": ""readObject""}"
7322,reflection,Method.invoke,"{""class"": ""java.util.Locale"", ""method"": ""readResolve""}"
7327,reflection,Method.invoke,"{""class"": ""java.util.Locale"", ""method"": ""readObject""}"
7332,reflection,Method.invoke,"{""class"": ""java.util.Locale"", ""method"": ""readResolve""}"
7337,reflection,Method.invoke,"{""class"": ""java.util.Locale"", ""method"": ""readObject""}"
7342,reflection,Method.invoke,"{""class"": ""java.util.Locale"", ""method"": ""readResolve""}"
7347,reflection,Method.invoke,"{""class"": ""java.util.Locale"", ""method"": ""readObject""}"
7352,reflection,Method.invoke,"{""class"": ""java.util.Locale"", ""method"": ""readResolve""}"
7357,reflection,Method.invoke,"{""class"": ""java.util.Locale"", ""method"": ""readObject""}"
7362,reflection,Method.invoke,"{""class"": ""java.util.Locale"", ""method"": ""readResolve""}"
7367,reflection,Method.invoke,"{""class"": ""java.util.Locale"", ""method"": ""readObject""}"
7372,reflection,Method.invoke,"{""class"": ""java.util.Locale"", ""method"": ""readResolve""}"
7378,reflection,Method.invoke,"{""class"": ""java.util.Locale"", ""method"": ""readObject""}"
7383,reflection,Method.invoke,"{""class"": ""java.util.Locale"", ""method"": ""readResolve""}"
7389,reflection,Method.invoke,"{""class"": ""java.util.Locale"", ""method"": ""readObject""}"
7393,reflection,Method.invoke,"{""class"": ""java.util.Locale"", ""method"": ""readResolve""}"
7398,reflection,Method.invoke,"{""class"": ""java.util.Locale"", ""method"": ""readObject""}"
7403,reflection,Method.invoke,"{""class"": ""java.util.Locale"", ""method"": ""readResolve""}"
7407,reflection,Method.invoke,"{""class"": ""java.util.Locale"", ""method"": ""readObject""}"
7412,reflection,Method.invoke,"{""class"": ""java.util.Locale"", ""method"": ""readResolve""}"
7417,reflection,Method.invoke,"{""class"": ""java.util.Locale"", ""method"": ""readObject""}"
7422,reflection,Method.invoke,"{""class"": ""java.util.Locale"", ""method"": ""readResolve""}"
7427,reflection,Method.invoke,"{""class"": ""java.util.Locale"", ""method"": ""readObject""}"
7431,reflection,Method.invoke,"{""class"": ""java.util.Locale"", ""method"": ""readResolve""}"
7436,reflection,Method.invoke,"{""class"": ""java.util.Locale"", ""method"": ""readObject""}"
7442,reflection,Method.invoke,"{""class"": ""java.util.Locale"", ""method"": ""readResolve""}"
7447,reflection,Method.invoke,"{""class"": ""java.util.Locale"", ""method"": ""readObject""}"
7452,reflection,Method.invoke,"{""class"": ""java.util.Locale"", ""method"": ""readResolve""}"
7457,reflection,Method.invoke,"{""class"": ""java.util.Locale"", ""method"": ""readObject""}"
7462,reflection,Method.invoke,"{""class"": ""java.util.Locale"", ""method"": ""readResolve""}"
7467,reflection,Method.invoke,"{""class"": ""java.util.Locale"", ""method"": ""readObject""}"
7472,reflection,Method.invoke,"{""class"": ""java.util.Locale"", ""method"": ""readResolve""}"
7477,reflection,Method.invoke,"{""class"": ""java.util.Locale"", ""method"": ""readObject""}"
7482,reflection,Method.invoke,"{""class"": ""java.util.Locale"", ""method"": ""readResolve""}"
7487,reflection,Method.invoke,"{""class"": ""java.util.Locale"", ""method"": ""readObject""}"
7492,reflection,Method.invoke,"{""class"": ""java.util.Locale"", ""method"": ""readResolve""}"
7498,reflection,Method.invoke,"{""class"": ""java.util.Locale"", ""method"": ""readObject""}"
7502,reflection,Method.invoke,"{""class"": ""java.util.Locale"", ""method"": ""readResolve""}"
7508,reflection,Method.invoke,"{""class"": ""java.util.Locale"", ""method"": ""readObject""}"
7513,reflection,Method.invoke,"{""class"": ""java.util.Locale"", ""method"": ""readResolve""}"
7519,reflection,Method.invoke,"{""class"": ""java.util.Locale"", ""method"": ""readObject""}"
7523,reflection,Method.invoke,"{""class"": ""java.util.Locale"", ""method"": ""readResolve""}"
7528,reflection,Method.invoke,"{""class"": ""java.util.Locale"", ""method"": ""readObject""}"
7533,reflection,Method.invoke,"{""class"": ""java.util.Locale"", ""method"": ""readResolve""}"
7537,reflection,Method.invoke,"{""class"": ""java.util.Locale"", ""method"": ""readObject""}"
7542,reflection,Method.invoke,"{""class"": ""java.util.Locale"", ""method"": ""readResolve""}"
7547,reflection,Method.invoke,"{""class"": ""java.util.Locale"", ""method"": ""readObject""}"
7552,reflection,Method.invoke,"{""class"": ""java.util.Locale"", ""method"": ""readResolve""}"
7556,reflection,Method.invoke,"{""class"": ""java.util.Locale"", ""method"": ""readObject""}"
7561,reflection,Method.invoke,"{""class"": ""java.util.Locale"", ""method"": ""readResolve""}"
7566,reflection,Method.invoke,"{""class"": ""java.util.Locale"", ""method"": ""readObject""}"
7571,reflection,Method.invoke,"{""class"": ""java.util.Locale"", ""method"": ""readResolve""}"
7576,reflection,Method.invoke,"{""class"": ""java.util.Locale"", ""method"": ""readObject""}"
7580,reflection,Method.invoke,"{""class"": ""java.util.Locale"", ""method"": ""readResolve""}"
7585,reflection,Method.invoke,"{""class"": ""java.util.Locale"", ""method"": ""readObject""}"
7590,reflection,Method.invoke,"{""class"": ""java.util.Locale"", ""method"": ""readResolve""}"
7596,reflection,Method.invoke,"{""class"": ""java.util.Locale"", ""method"": ""readObject""}"
7600,reflection,Method.invoke,"{""class"": ""java.util.Locale"", ""method"": ""readResolve""}"
7605,reflection,Method.invoke,"{""class"": ""java.util.Locale"", ""method"": ""readObject""}"
7610,reflection,Method.invoke,"{""class"": ""java.util.Locale"", ""method"": ""readResolve""}"
7615,reflection,Method.invoke,"{""class"": ""java.util.Locale"", ""method"": ""readObject""}"
7619,reflection,Method.invoke,"{""class"": ""java.util.Locale"", ""method"": ""readResolve""}"
7625,reflection,Method.invoke,"{""class"": ""java.util.Locale"", ""method"": ""readObject""}"
7630,reflection,Method.invoke,"{""class"": ""java.util.Locale"", ""method"": ""readResolve""}"
7635,reflection,Method.invoke,"{""class"": ""java.util.Locale"", ""method"": ""readObject""}"
7641,reflection,Method.invoke,"{""class"": ""java.util.Locale"", ""method"": ""readResolve""}"
7646,reflection,Method.invoke,"{""class"": ""java.util.Locale"", ""method"": ""readObject""}"
7651,reflection,Method.invoke,"{""class"": ""java.util.Locale"", ""method"": ""readResolve""}"
7655,reflection,Method.invoke,"{""class"": ""java.util.Locale"", ""method"": ""readObject""}"
7660,reflection,Method.invoke,"{""class"": ""java.util.Locale"", ""method"": ""readResolve""}"
7666,reflection,Method.invoke,"{""class"": ""java.util.Locale"", ""method"": ""readObject""}"
7670,reflection,Method.invoke,"{""class"": ""java.util.Locale"", ""method"": ""readResolve""}"
7675,reflection,Method.invoke,"{""class"": ""java.util.Locale"", ""method"": ""readObject""}"
7680,reflection,Method.invoke,"{""class"": ""java.util.Locale"", ""method"": ""readResolve""}"
7685,reflection,Method.invoke,"{""class"": ""java.util.Locale"", ""method"": ""readObject""}"
7690,reflection,Method.invoke,"{""class"": ""java.util.Locale"", ""method"": ""readResolve""}"
7696,reflection,Method.invoke,"{""class"": ""java.util.Locale"", ""method"": ""readObject""}"
7701,reflection,Method.invoke,"{""class"": ""java.util.Locale"", ""method"": ""readResolve""}"
7706,reflection,Method.invoke,"{""class"": ""java.util.Locale"", ""method"": ""readObject""}"
7711,reflection,Method.invoke,"{""class"": ""java.util.Locale"", ""method"": ""readResolve""}"
7716,reflection,Method.invoke,"{""class"": ""java.util.Locale"", ""method"": ""readObject""}"
7720,reflection,Method.invoke,"{""class"": ""java.util.Locale"", ""method"": ""readResolve""}"
7727,reflection,Method.invoke,"{""class"": ""java.util.Locale"", ""method"": ""readObject""}"
7732,reflection,Method.invoke,"{""class"": ""java.util.Locale"", ""method"": ""readResolve""}"
7737,reflection,Method.invoke,"{""class"": ""java.util.Locale"", ""method"": ""readObject""}"
7742,reflection,Method.invoke,"{""class"": ""java.util.Locale"", ""method"": ""readResolve""}"
7747,reflection,Method.invoke,"{""class"": ""java.util.Locale"", ""method"": ""readObject""}"
7752,reflection,Method.invoke,"{""class"": ""java.util.Locale"", ""method"": ""readResolve""}"
7757,reflection,Method.invoke,"{""class"": ""java.util.Locale"", ""method"": ""readObject""}"
7762,reflection,Method.invoke,"{""class"": ""java.util.Locale"", ""method"": ""readResolve""}"
7767,reflection,Method.invoke,"{""class"": ""java.util.Locale"", ""method"": ""readObject""}"
7771,reflection,Method.invoke,"{""class"": ""java.util.Locale"", ""method"": ""readResolve""}"
7777,reflection,Method.invoke,"{""class"": ""java.util.Locale"", ""method"": ""readObject""}"
7782,reflection,Method.invoke,"{""class"": ""java.util.Locale"", ""method"": ""readResolve""}"
7787,reflection,Method.invoke,"{""class"": ""java.util.Locale"", ""method"": ""readObject""}"
7792,reflection,Method.invoke,"{""class"": ""java.util.Locale"", ""method"": ""readResolve""}"
7797,reflection,Method.invoke,"{""class"": ""java.util.Locale"", ""method"": ""readObject""}"
7801,reflection,Method.invoke,"{""class"": ""java.util.Locale"", ""method"": ""readResolve""}"
7807,reflection,Method.invoke,"{""class"": ""java.util.Locale"", ""method"": ""readObject""}"
7811,reflection,Method.invoke,"{""class"": ""java.util.Locale"", ""method"": ""readResolve""}"
7817,reflection,Method.invoke,"{""class"": ""java.util.Locale"", ""method"": ""readObject""}"
7821,reflection,Method.invoke,"{""class"": ""java.util.Locale"", ""method"": ""readResolve""}"
7827,reflection,Method.invoke,"{""class"": ""java.util.Locale"", ""method"": ""readObject""}"
7832,reflection,Method.invoke,"{""class"": ""java.util.Locale"", ""method"": ""readResolve""}"
7836,reflection,Method.invoke,"{""class"": ""java.util.Locale"", ""method"": ""readObject""}"
7841,reflection,Method.invoke,"{""class"": ""java.util.Locale"", ""method"": ""readResolve""}"
7846,reflection,Method.invoke,"{""class"": ""java.util.Locale"", ""method"": ""readObject""}"
7850,reflection,Method.invoke,"{""class"": ""java.util.Locale"", ""method"": ""readResolve""}"
7855,reflection,Method.invoke,"{""class"": ""java.util.Locale"", ""method"": ""readObject""}"
7860,reflection,Method.invoke,"{""class"": ""java.util.Locale"", ""method"": ""readResolve""}"
7864,reflection,Method.invoke,"{""class"": ""java.util.Locale"", ""method"": ""readObject""}"
7869,reflection,Method.invoke,"{""class"": ""java.util.Locale"", ""method"": ""readResolve""}"
7874,reflection,Method.invoke,"{""class"": ""java.util.Locale"", ""method"": ""readObject""}"
7879,reflection,Method.invoke,"{""class"": ""java.util.Locale"", ""method"": ""readResolve""}"
7884,reflection,Method.invoke,"{""class"": ""java.util.Locale"", ""method"": ""readObject""}"
7889,reflection,Method.invoke,"{""class"": ""java.util.Locale"", ""method"": ""readResolve""}"
7893,reflection,Method.invoke,"{""class"": ""java.util.Locale"", ""method"": ""readObject""}"
7899,reflection,Method.invoke,"{""class"": ""java.util.Locale"", ""method"": ""readResolve""}"
7904,reflection,Method.invoke,"{""class"": ""java.util.Locale"", ""method"": ""readObject""}"
7908,reflection,Method.invoke,"{""class"": ""java.util.Locale"", ""method"": ""readResolve""}"
7913,reflection,Method.invoke,"{""class"": ""java.util.Locale"", ""method"": ""readObject""}"
7918,reflection,Method.invoke,"{""class"": ""java.util.Locale"", ""method"": ""readResolve""}"
7923,reflection,Method.invoke,"{""class"": ""java.util.Locale"", ""method"": ""readObject""}"
7928,reflection,Method.invoke,"{""class"": ""java.util.Locale"", ""method"": ""readResolve""}"
7933,reflection,Method.invoke,"{""class"": ""java.util.Locale"", ""method"": ""readObject""}"
7938,reflection,Method.invoke,"{""class"": ""java.util.Locale"", ""method"": ""readResolve""}"
7943,reflection,Method.invoke,"{""class"": ""java.util.Locale"", ""method"": ""readObject""}"
7947,reflection,Method.invoke,"{""class"": ""java.util.Locale"", ""method"": ""readResolve""}"
7952,reflection,Method.invoke,"{""class"": ""java.util.Locale"", ""method"": ""readObject""}"
7956,reflection,Method.invoke,"{""class"": ""java.util.Locale"", ""method"": ""readResolve""}"
7962,reflection,Method.invoke,"{""class"": ""java.util.Locale"", ""method"": ""readObject""}"
7966,reflection,Method.invoke,"{""class"": ""java.util.Locale"", ""method"": ""readResolve""}"
7971,reflection,Method.invoke,"{""class"": ""java.util.Locale"", ""method"": ""readObject""}"
7976,reflection,Method.invoke,"{""class"": ""java.util.Locale"", ""method"": ""readResolve""}"
7981,reflection,Method.invoke,"{""class"": ""java.util.Locale"", ""method"": ""readObject""}"
7986,reflection,Method.invoke,"{""class"": ""java.util.Locale"", ""method"": ""readResolve""}"
7991,reflection,Method.invoke,"{""class"": ""java.util.Locale"", ""method"": ""readObject""}"
7995,reflection,Method.invoke,"{""class"": ""java.util.Locale"", ""method"": ""readResolve""}"
8000,reflection,Method.invoke,"{""class"": ""java.util.Locale"", ""method"": ""readObject""}"
8005,reflection,Method.invoke,"{""class"": ""java.util.Locale"", ""method"": ""readResolve""}"
8010,reflection,Method.invoke,"{""class"": ""java.util.Locale"", ""method"": ""readObject""}"
8015,reflection,Method.invoke,"{""class"": ""java.util.Locale"", ""method"": ""readResolve""}"
8020,reflection,Method.invoke,"{""class"": ""java.util.Locale"", ""method"": ""readObject""}"
8024,reflection,Method.invoke,"{""class"": ""java.util.Locale"", ""method"": ""readResolve""}"
8030,reflection,Method.invoke,"{""class"": ""java.util.Locale"", ""method"": ""readObject""}"
8035,reflection,Method.invoke,"{""class"": ""java.util.Locale"", ""method"": ""readResolve""}"
8040,reflection,Method.invoke,"{""class"": ""java.util.Locale"", ""method"": ""readObject""}"
8045,reflection,Method.invoke,"{""class"": ""java.util.Locale"", ""method"": ""readResolve""}"
8051,reflection,Method.invoke,"{""class"": ""java.util.Locale"", ""method"": ""readObject""}"
8056,reflection,Method.invoke,"{""class"": ""java.util.Locale"", ""method"": ""readResolve""}"
8061,reflection,Method.invoke,"{""class"": ""java.util.Locale"", ""method"": ""readObject""}"
8066,reflection,Method.invoke,"{""class"": ""java.util.Locale"", ""method"": ""readResolve""}"
8071,reflection,Method.invoke,"{""class"": ""java.util.Locale"", ""method"": ""readObject""}"
8076,reflection,Method.invoke,"{""class"": ""java.util.Locale"", ""method"": ""readResolve""}"
8081,reflection,Method.invoke,"{""class"": ""java.util.Locale"", ""method"": ""readObject""}"
8085,reflection,Method.invoke,"{""class"": ""java.util.Locale"", ""method"": ""readResolve""}"
8090,reflection,Method.invoke,"{""class"": ""java.util.Locale"", ""method"": ""readObject""}"
8095,reflection,Method.invoke,"{""class"": ""java.util.Locale"", ""method"": ""readResolve""}"
8100,reflection,Method.invoke,"{""class"": ""java.util.Locale"", ""method"": ""readObject""}"
8104,reflection,Method.invoke,"{""class"": ""java.util.Locale"", ""method"": ""readResolve""}"
8109,reflection,Method.invoke,"{""class"": ""java.util.Locale"", ""method"": ""readObject""}"
8114,reflection,Method.invoke,"{""class"": ""java.util.Locale"", ""method"": ""readResolve""}"
8119,reflection,Method.invoke,"{""class"": ""java.util.Locale"", ""method"": ""readObject""}"
8124,reflection,Method.invoke,"{""class"": ""java.util.Locale"", ""method"": ""readResolve""}"
8129,reflection,Method.invoke,"{""class"": ""java.util.Locale"", ""method"": ""readObject""}"
8134,reflection,Method.invoke,"{""class"": ""java.util.Locale"", ""method"": ""readResolve""}"
8139,reflection,Method.invoke,"{""class"": ""java.util.Locale"", ""method"": ""readObject""}"
8144,reflection,Method.invoke,"{""class"": ""java.util.Locale"", ""method"": ""readResolve""}"
8148,reflection,Method.invoke,"{""class"": ""java.util.Locale"", ""method"": ""readObject""}"
8153,reflection,Method.invoke,"{""class"": ""java.util.Locale"", ""method"": ""readResolve""}"
8158,reflection,Method.invoke,"{""class"": ""java.util.Locale"", ""method"": ""readObject""}"
8163,reflection,Method.invoke,"{""class"": ""java.util.Locale"", ""method"": ""readResolve""}"
8168,reflection,Method.invoke,"{""class"": ""java.util.Locale"", ""method"": ""readObject""}"
8174,reflection,Method.invoke,"{""class"": ""java.util.Locale"", ""method"": ""readResolve""}"
8182,reflection,Method.invoke,"{""class"": ""java.util.Locale"", ""method"": ""readObject""}"
8187,reflection,Method.invoke,"{""class"": ""java.util.Locale"", ""method"": ""readResolve""}"
8192,reflection,Method.invoke,"{""class"": ""java.util.Locale"", ""method"": ""readObject""}"
8198,reflection,Method.invoke,"{""class"": ""java.util.Locale"", ""method"": ""readResolve""}"
8203,reflection,Method.invoke,"{""class"": ""java.util.Locale"", ""method"": ""readObject""}"
8207,reflection,Method.invoke,"{""class"": ""java.util.Locale"", ""method"": ""readResolve""}"
8212,reflection,Method.invoke,"{""class"": ""java.util.Locale"", ""method"": ""readObject""}"
8217,reflection,Method.invoke,"{""class"": ""java.util.Locale"", ""method"": ""readResolve""}"
8222,reflection,Method.invoke,"{""class"": ""java.util.Locale"", ""method"": ""readObject""}"
8228,reflection,Method.invoke,"{""class"": ""java.util.Locale"", ""method"": ""readResolve""}"
8233,reflection,Method.invoke,"{""class"": ""java.util.Locale"", ""method"": ""readObject""}"
8237,reflection,Method.invoke,"{""class"": ""java.util.Locale"", ""method"": ""readResolve""}"
8243,reflection,Method.invoke,"{""class"": ""java.util.Locale"", ""method"": ""readObject""}"
8248,reflection,Method.invoke,"{""class"": ""java.util.Locale"", ""method"": ""readResolve""}"
8253,reflection,Method.invoke,"{""class"": ""java.util.Locale"", ""method"": ""readObject""}"
8257,reflection,Method.invoke,"{""class"": ""java.util.Locale"", ""method"": ""readResolve""}"
8262,reflection,Method.invoke,"{""class"": ""java.util.Locale"", ""method"": ""readObject""}"
8266,reflection,Method.invoke,"{""class"": ""java.util.Locale"", ""method"": ""readResolve""}"
8271,reflection,Method.invoke,"{""class"": ""java.util.Locale"", ""method"": ""readObject""}"
8275,reflection,Method.invoke,"{""class"": ""java.util.Locale"", ""method"": ""readResolve""}"
8281,reflection,Method.invoke,"{""class"": ""java.util.Locale"", ""method"": ""readObject""}"
8286,reflection,Method.invoke,"{""class"": ""java.util.Locale"", ""method"": ""readResolve""}"
8291,reflection,Method.invoke,"{""class"": ""java.util.Locale"", ""method"": ""readObject""}"
8295,reflection,Method.invoke,"{""class"": ""java.util.Locale"", ""method"": ""readResolve""}"
8300,reflection,Method.invoke,"{""class"": ""java.util.Locale"", ""method"": ""readObject""}"
8305,reflection,Method.invoke,"{""class"": ""java.util.Locale"", ""method"": ""readResolve""}"
8311,reflection,Method.invoke,"{""class"": ""java.util.Locale"", ""method"": ""readObject""}"
8316,reflection,Method.invoke,"{""class"": ""java.util.Locale"", ""method"": ""readResolve""}"
8321,reflection,Method.invoke,"{""class"": ""java.util.Locale"", ""method"": ""readObject""}"
8326,reflection,Method.invoke,"{""class"": ""java.util.Locale"", ""method"": ""readResolve""}"
8331,reflection,Method.invoke,"{""class"": ""java.util.Locale"", ""method"": ""readObject""}"
8335,reflection,Method.invoke,"{""class"": ""java.util.Locale"", ""method"": ""readResolve""}"
8340,reflection,Method.invoke,"{""class"": ""java.util.Locale"", ""method"": ""readObject""}"
8345,reflection,Method.invoke,"{""class"": ""java.util.Locale"", ""method"": ""readResolve""}"
8350,reflection,Method.invoke,"{""class"": ""java.util.Locale"", ""method"": ""readObject""}"
8354,reflection,Method.invoke,"{""class"": ""java.util.Locale"", ""method"": ""readResolve""}"
8360,reflection,Method.invoke,"{""class"": ""java.util.Locale"", ""method"": ""readObject""}"
8365,reflection,Method.invoke,"{""class"": ""java.util.Locale"", ""method"": ""readResolve""}"
8370,reflection,Method.invoke,"{""class"": ""java.util.Locale"", ""method"": ""readObject""}"
8374,reflection,Method.invoke,"{""class"": ""java.util.Locale"", ""method"": ""readResolve""}"
8380,reflection,Method.invoke,"{""class"": ""java.util.Locale"", ""method"": ""readObject""}"
8385,reflection,Method.invoke,"{""class"": ""java.util.Locale"", ""method"": ""readResolve""}"
8389,reflection,Method.invoke,"{""class"": ""java.util.Locale"", ""method"": ""readObject""}"
8394,reflection,Method.invoke,"{""class"": ""java.util.Locale"", ""method"": ""readResolve""}"
8399,reflection,Method.invoke,"{""class"": ""java.util.Locale"", ""method"": ""readObject""}"
8404,reflection,Method.invoke,"{""class"": ""java.util.Locale"", ""method"": ""readResolve""}"
8409,reflection,Method.invoke,"{""class"": ""java.util.Locale"", ""method"": ""readObject""}"
8414,reflection,Method.invoke,"{""class"": ""java.util.Locale"", ""method"": ""readResolve""}"
8419,reflection,Method.invoke,"{""class"": ""java.util.Locale"", ""method"": ""readObject""}"
8424,reflection,Method.invoke,"{""class"": ""java.util.Locale"", ""method"": ""readResolve""}"
8429,reflection,Method.invoke,"{""class"": ""java.util.Locale"", ""method"": ""readObject""}"
8434,reflection,Method.invoke,"{""class"": ""java.util.Locale"", ""method"": ""readResolve""}"
8439,reflection,Method.invoke,"{""class"": ""java.util.Locale"", ""method"": ""readObject""}"
8445,reflection,Method.invoke,"{""class"": ""java.util.Locale"", ""method"": ""readResolve""}"
8450,reflection,Method.invoke,"{""class"": ""java.util.Locale"", ""method"": ""readObject""}"
8455,reflection,Method.invoke,"{""class"": ""java.util.Locale"", ""method"": ""readResolve""}"
8459,reflection,Method.invoke,"{""class"": ""java.util.Locale"", ""method"": ""readObject""}"
8465,reflection,Method.invoke,"{""class"": ""java.util.Locale"", ""method"": ""readResolve""}"
8470,reflection,Method.invoke,"{""class"": ""java.util.Locale"", ""method"": ""readObject""}"
8474,reflection,Method.invoke,"{""class"": ""java.util.Locale"", ""method"": ""readResolve""}"
8479,reflection,Method.invoke,"{""class"": ""java.util.Locale"", ""method"": ""readObject""}"
8484,reflection,Method.invoke,"{""class"": ""java.util.Locale"", ""method"": ""readResolve""}"
8489,reflection,Method.invoke,"{""class"": ""java.util.Locale"", ""method"": ""readObject""}"
8493,reflection,Method.invoke,"{""class"": ""java.util.Locale"", ""method"": ""readResolve""}"
8499,reflection,Method.invoke,"{""class"": ""java.util.Locale"", ""method"": ""readObject""}"
8503,reflection,Method.invoke,"{""class"": ""java.util.Locale"", ""method"": ""readResolve""}"
8508,reflection,Method.invoke,"{""class"": ""java.util.Locale"", ""method"": ""readObject""}"
8513,reflection,Method.invoke,"{""class"": ""java.util.Locale"", ""method"": ""readResolve""}"
8519,reflection,Method.invoke,"{""class"": ""java.util.Locale"", ""method"": ""readObject""}"
8523,reflection,Method.invoke,"{""class"": ""java.util.Locale"", ""method"": ""readResolve""}"
8529,reflection,Method.invoke,"{""class"": ""java.util.Locale"", ""method"": ""readObject""}"
8533,reflection,Method.invoke,"{""class"": ""java.util.Locale"", ""method"": ""readResolve""}"
8538,reflection,Method.invoke,"{""class"": ""java.util.Locale"", ""method"": ""readObject""}"
8542,reflection,Method.invoke,"{""class"": ""java.util.Locale"", ""method"": ""readResolve""}"
8548,reflection,Method.invoke,"{""class"": ""java.util.Locale"", ""method"": ""readObject""}"
8552,reflection,Method.invoke,"{""class"": ""java.util.Locale"", ""method"": ""readResolve""}"
8558,reflection,Method.invoke,"{""class"": ""java.util.Locale"", ""method"": ""readObject""}"
8563,reflection,Method.invoke,"{""class"": ""java.util.Locale"", ""method"": ""readResolve""}"
8568,reflection,Method.invoke,"{""class"": ""java.util.Locale"", ""method"": ""readObject""}"
8573,reflection,Method.invoke,"{""class"": ""java.util.Locale"", ""method"": ""readResolve""}"
8579,reflection,Method.invoke,"{""class"": ""java.util.Locale"", ""method"": ""readObject""}"
8583,reflection,Method.invoke,"{""class"": ""java.util.Locale"", ""method"": ""readResolve""}"
8588,reflection,Method.invoke,"{""class"": ""java.util.Locale"", ""method"": ""readObject""}"
8593,reflection,Method.invoke,"{""class"": ""java.util.Locale"", ""method"": ""readResolve""}"
8598,reflection,Method.invoke,"{""class"": ""java.util.Locale"", ""method"": ""readObject""}"
8603,reflection,Method.invoke,"{""class"": ""java.util.Locale"", ""method"": ""readResolve""}"
8608,reflection,Method.invoke,"{""class"": ""java.util.Locale"", ""method"": ""readObject""}"
8613,reflection,Method.invoke,"{""class"": ""java.util.Locale"", ""method"": ""readResolve""}"
8618,reflection,Method.invoke,"{""class"": ""java.util.Locale"", ""method"": ""readObject""}"
8623,reflection,Method.invoke,"{""class"": ""java.util.Locale"", ""method"": ""readResolve""}"
8628,reflection,Method.invoke,"{""class"": ""java.util.Locale"", ""method"": ""readObject""}"
8634,reflection,Method.invoke,"{""class"": ""java.util.Locale"", ""method"": ""readResolve""}"
8639,reflection,Method.invoke,"{""class"": ""java.util.Locale"", ""method"": ""readObject""}"
8644,reflection,Method.invoke,"{""class"": ""java.util.Locale"", ""method"": ""readResolve""}"
8649,reflection,Method.invoke,"{""class"": ""java.util.Locale"", ""method"": ""readObject""}"
8653,reflection,Method.invoke,"{""class"": ""java.util.Locale"", ""method"": ""readResolve""}"
8658,reflection,Method.invoke,"{""class"": ""java.util.Locale"", ""method"": ""readObject""}"
8663,reflection,Method.invoke,"{""class"": ""java.util.Locale"", ""method"": ""readResolve""}"
8668,reflection,Method.invoke,"{""class"": ""java.util.Locale"", ""method"": ""readObject""}"
8673,reflection,Method.invoke,"{""class"": ""java.util.Locale"", ""method"": ""readResolve""}"
8679,reflection,Method.invoke,"{""class"": ""java.util.Locale"", ""method"": ""readObject""}"
8684,reflection,Method.invoke,"{""class"": ""java.util.Locale"", ""method"": ""readResolve""}"
8690,reflection,Method.invoke,"{""class"": ""java.util.Locale"", ""method"": ""readObject""}"
8694,reflection,Method.invoke,"{""class"": ""java.util.Locale"", ""method"": ""readResolve""}"
8699,reflection,Method.invoke,"{""class"": ""java.util.Locale"", ""method"": ""readObject""}"
8704,reflection,Method.invoke,"{""class"": ""java.util.Locale"", ""method"": ""readResolve""}"
8709,reflection,Method.invoke,"{""class"": ""java.util.Locale"", ""method"": ""readObject""}"
8714,reflection,Method.invoke,"{""class"": ""java.util.Locale"", ""method"": ""readResolve""}"
8719,reflection,Method.invoke,"{""class"": ""java.util.Locale"", ""method"": ""readObject""}"
8726,reflection,Method.invoke,"{""class"": ""java.util.Locale"", ""method"": ""readResolve""}"
8731,reflection,Method.invoke,"{""class"": ""java.util.Locale"", ""method"": ""readObject""}"
8735,reflection,Method.invoke,"{""class"": ""java.util.Locale"", ""method"": ""readResolve""}"
8740,reflection,Method.invoke,"{""class"": ""java.util.Locale"", ""method"": ""readObject""}"
8745,reflection,Method.invoke,"{""class"": ""java.util.Locale"", ""method"": ""readResolve""}"
8751,reflection,Method.invoke,"{""class"": ""java.util.Locale"", ""method"": ""readObject""}"
8755,reflection,Method.invoke,"{""class"": ""java.util.Locale"", ""method"": ""readResolve""}"
8761,reflection,Method.invoke,"{""class"": ""java.util.Locale"", ""method"": ""readObject""}"
8766,reflection,Method.invoke,"{""class"": ""java.util.Locale"", ""method"": ""readResolve""}"
8771,reflection,Method.invoke,"{""class"": ""java.util.Locale"", ""method"": ""readObject""}"
8776,reflection,Method.invoke,"{""class"": ""java.util.Locale"", ""method"": ""readResolve""}"
8781,reflection,Method.invoke,"{""class"": ""java.util.Locale"", ""method"": ""readObject""}"
8785,reflection,Method.invoke,"{""class"": ""java.util.Locale"", ""method"": ""readResolve""}"
8790,reflection,Method.invoke,"{""class"": ""java.util.Locale"", ""method"": ""readObject""}"
8795,reflection,Method.invoke,"{""class"": ""java.util.Locale"", ""method"": ""readResolve""}"
8800,reflection,Method.invoke,"{""class"": ""java.util.Locale"", ""method"": ""readObject""}"
8804,reflection,Method.invoke,"{""class"": ""java.util.Locale"", ""method"": ""readResolve""}"
8809,reflection,Method.invoke,"{""class"": ""java.util.Locale"", ""method"": ""readObject""}"
8814,reflection,Method.invoke,"{""class"": ""java.util.Locale"", ""method"": ""readResolve""}"
8820,reflection,Method.invoke,"{""class"": ""java.util.Locale"", ""method"": ""readObject""}"
8824,reflection,Method.invoke,"{""class"": ""java.util.Locale"", ""method"": ""readResolve""}"
8829,reflection,Method.invoke,"{""class"": ""java.util.Locale"", ""method"": ""readObject""}"
8833,reflection,Method.invoke,"{""class"": ""java.util.Locale"", ""method"": ""readResolve""}"
8836,storage,SharedPreferences.apply,{}
8846,database,SQLiteDatabase.rawQuery,"{""sql"": ""SELECT SUM(endSteps - startSteps) AS sumSteps  FROM hours WHERE date = 20260715 GROUP BY date""}"
8863,notifications,NotificationManager.notifyAsUser,"{""id"": 1001, ""tag"": null}"
10587,reflection,Method.invoke,"{""class"": ""android.view.ViewGroup"", ""method"": ""makeOptionalFitsSystemWindows""}"
10606,reflection,Method.invoke,"{""class"": ""android.view.View"", ""method"": ""getViewRootImpl""}"
10614,reflection,Method.invoke,"{""class"": ""android.view.View"", ""method"": ""getViewRootImpl""}"
10619,reflection,Method.invoke,"{""class"": ""android.view.View"", ""method"": ""getViewRootImpl""}"
10623,reflection,Method.invoke,"{""class"": ""android.view.View"", ""method"": ""getViewRootImpl""}"
10631,reflection,Method.invoke,"{""class"": ""android.view.View"", ""method"": ""getViewRootImpl""}"
10637,reflection,Method.invoke,"{""class"": ""android.view.View"", ""method"": ""getViewRootImpl""}"
10642,reflection,Method.invoke,"{""class"": ""android.view.View"", ""method"": ""getViewRootImpl""}"
10647,reflection,Method.invoke,"{""class"": ""android.view.View"", ""method"": ""getViewRootImpl""}"
10657,reflection,Method.invoke,"{""class"": ""android.view.View"", ""method"": ""getViewRootImpl""}"
10667,reflection,Method.invoke,"{""class"": ""android.view.View"", ""method"": ""getViewRootImpl""}"
10674,reflection,Method.invoke,"{""class"": ""android.view.View"", ""method"": ""getViewRootImpl""}"
10684,reflection,Method.invoke,"{""class"": ""android.view.View"", ""method"": ""getViewRootImpl""}"
10697,reflection,Method.invoke,"{""class"": ""android.view.View"", ""method"": ""getViewRootImpl""}"
10753,reflection,Method.invoke,"{""class"": ""android.view.View"", ""method"": ""getViewRootImpl""}"
10758,reflection,Method.invoke,"{""class"": ""android.view.View"", ""method"": ""getViewRootImpl""}"
10767,reflection,Method.invoke,"{""class"": ""android.view.View"", ""method"": ""getViewRootImpl""}"
10772,reflection,Method.invoke,"{""class"": ""android.view.View"", ""method"": ""getViewRootImpl""}"
10777,reflection,Method.invoke,"{""class"": ""android.view.View"", ""method"": ""getViewRootImpl""}"
10785,reflection,Method.invoke,"{""class"": ""android.view.View"", ""method"": ""getViewRootImpl""}"
10805,reflection,Method.invoke,"{""class"": ""android.view.View"", ""method"": ""getViewRootImpl""}"
10815,reflection,Method.invoke,"{""class"": ""android.view.View"", ""method"": ""getViewRootImpl""}"
10821,reflection,Method.invoke,"{""class"": ""android.view.View"", ""method"": ""getViewRootImpl""}"
10826,reflection,Method.invoke,"{""class"": ""android.view.View"", ""method"": ""getViewRootImpl""}"
10833,reflection,Method.invoke,"{""class"": ""android.view.View"", ""method"": ""getViewRootImpl""}"
10838,reflection,Method.invoke,"{""class"": ""android.view.View"", ""method"": ""getViewRootImpl""}"
16377,database,SQLiteDatabase.rawQuery,"{""sql"": ""SELECT count(date) AS onTarget, sumSteps FROM (SELECT date, SUM(endSteps - startSteps) as sumSteps FROM hours GROUP BY date) WHERE sumSteps > 10000""}"
16391,database,SQLiteDatabase.rawQuery,"{""sql"": ""SELECT CAST(AVG(sumSteps) AS INTEGER) AS maxSteps FROM (SELECT SUM(endSteps - startSteps) AS sumSteps FROM hours GROUP BY date)""}"
16404,database,SQLiteDatabase.rawQuery,"{""sql"": ""SELECT CAST((sumSteps) AS INTEGER) AS maxSteps, date FROM (SELECT SUM(endSteps - startSteps) AS sumSteps,  date FROM hours GROUP BY date) ORDER BY maxSteps DESC LIMIT 1""}"
18353,lifecycle,hook_loaded,"{""stage"": ""java_perform"", ""version"": ""3""}"
18848,storage,SharedPreferences.getString,"{""key"": ""prefTheme""}"
18854,storage,SharedPreferences.getString,"{""key"": ""prefThemeBase""}"
18912,reflection,Method.invoke,"{""class"": ""android.view.ViewGroup"", ""method"": ""makeOptionalFitsSystemWindows""}"
18940,database,SQLiteDatabase.rawQuery,"{""sql"": ""SELECT date FROM hours WHERE edit IS NOT 1  ORDER BY _id DESC LIMIT 1""}"
18971,database,SQLiteDatabase.rawQuery,"{""sql"": ""SELECT startSteps FROM hours WHERE edit IS NOT 1  ORDER BY _id DESC LIMIT 1""}"
18994,database,SQLiteDatabase.rawQuery,"{""sql"": ""SELECT date FROM hours WHERE edit IS NOT 1  ORDER BY _id DESC LIMIT 1""}"
19016,database,SQLiteDatabase.rawQuery,"{""sql"": ""SELECT startSteps FROM hours WHERE edit IS NOT 1  ORDER BY _id DESC LIMIT 1""}"
19041,storage,SharedPreferences.getString,"{""key"": ""prefFirstDayOfWeek""}"
19049,storage,SharedPreferences.getString,"{""key"": ""prefLastTimeUnit""}"
19052,storage,SharedPreferences.getString,"{""key"": ""prefFirstDayOfWeek""}"
19061,database,SQLiteDatabase.rawQuery,"{""sql"": ""SELECT SUM(endSteps - startSteps) AS sumSteps  FROM hours WHERE date = 20260715 GROUP BY date""}"
19082,database,SQLiteDatabase.rawQuery,"{""sql"": ""SELECT SUM(endSteps - startSteps) AS sumSteps,  CAST(STRFTIME('%W', DATE(SUBSTR(date, 1, 4) || '-' || SUBSTR(date, 5, 2) || '-' || SUBSTR(date, 7, 2), \""+1 day\"")) AS int) AS week  FROM hours WHERE week""}"
19103,database,SQLiteDatabase.rawQuery,"{""sql"": ""SELECT SUM(endSteps - startSteps) AS sumSteps,  CAST(SUBSTR(date, 5, 2) AS INT) AS month  FROM hours WHERE month = SUBSTR(20260715, 5, 2)  AND SUBSTR(date, 1, 4) = '2026' GROUP BY month ""}"
19117,database,SQLiteDatabase.rawQuery,"{""sql"": ""SELECT SUM(endSteps - startSteps) AS sumSteps,  CAST(SUBSTR(date, 1, 4) AS INT) AS year  FROM hours WHERE year = SUBSTR(20260715, 1, 4)  GROUP BY year ""}"
19151,reflection,Method.invoke,"{""class"": ""android.view.View"", ""method"": ""getElevation""}"
19167,reflection,Method.invoke,"{""class"": ""android.view.View"", ""method"": ""getViewRootImpl""}"
19175,reflection,Method.invoke,"{""class"": ""android.view.View"", ""method"": ""getViewRootImpl""}"
19184,reflection,Method.invoke,"{""class"": ""android.view.View"", ""method"": ""getViewRootImpl""}"
19191,reflection,Method.invoke,"{""class"": ""android.view.View"", ""method"": ""getViewRootImpl""}"
19198,reflection,Method.invoke,"{""class"": ""android.view.View"", ""method"": ""getViewRootImpl""}"
19205,reflection,Method.invoke,"{""class"": ""android.view.View"", ""method"": ""getViewRootImpl""}"
19216,reflection,Method.invoke,"{""class"": ""android.view.View"", ""method"": ""getViewRootImpl""}"
19222,reflection,Method.invoke,"{""class"": ""android.view.View"", ""method"": ""getViewRootImpl""}"
19230,reflection,Method.invoke,"{""class"": ""android.view.View"", ""method"": ""getViewRootImpl""}"
19238,reflection,Method.invoke,"{""class"": ""android.view.View"", ""method"": ""getViewRootImpl""}"
19244,reflection,Method.invoke,"{""class"": ""android.view.View"", ""method"": ""getViewRootImpl""}"
19252,reflection,Method.invoke,"{""class"": ""android.view.View"", ""method"": ""getViewRootImpl""}"
21329,database,SQLiteDatabase.rawQuery,"{""sql"": ""SELECT SUM(endSteps - startSteps) AS sumSteps,  CAST(SUBSTR(date, 5, 2) AS INT) AS month  FROM hours WHERE month = SUBSTR(20260715, 5, 2)  AND SUBSTR(date, 1, 4) = '2026' GROUP BY month ""}"
21344,database,SQLiteDatabase.rawQuery,"{""sql"": ""SELECT count(month) AS onTarget, sumSteps FROM(SELECT SUBSTR(firstOfMonth,6,2) AS month, (CAST( STRFTIME( '%d',  DATE(firstOfMonth,'start of month','+1 month','-1 day') ) AS INTEGER)*10000)   AS targe""}"
21357,database,SQLiteDatabase.rawQuery,"{""sql"": ""SELECT CAST((sumSteps) AS INTEGER) AS maxSteps, date FROM (SELECT SUM(endSteps - startSteps) AS sumSteps,  CAST(SUBSTR(date, 5, 2) AS INT) AS month,  CAST(SUBSTR(date, 1, 4) AS INT) AS year, date FROM""}"
32074,lifecycle,hook_loaded,"{""stage"": ""java_perform"", ""version"": ""3""}"
86911,lifecycle,hook_loaded,"{""stage"": ""java_perform"", ""version"": ""3""}"
90549,file_io,File.delete,"{""path"": ""/data/user/0/ca.chancehorizon.paseo/files/profileInstalled""}"
111126,database,SQLiteDatabase.rawQuery,"{""sql"": ""SELECT SUM(endSteps - startSteps) AS sumSteps  FROM hours WHERE date = 20260715 GROUP BY date""}"
111152,database,SQLiteDatabase.rawQuery,"{""sql"": ""SELECT SUM(endSteps - startSteps) AS sumSteps  FROM hours WHERE date = 20260715 GROUP BY date""}"
111165,notifications,NotificationManager.notify,"{""id"": 1001}"
111167,notifications,NotificationManager.notify,"{""id"": 1001, ""tag"": null}"
111172,notifications,NotificationManager.notifyAsUser,"{""id"": 1001, ""tag"": null}"
158589,lifecycle,hook_loaded,"{""stage"": ""java_perform"", ""version"": ""3""}"
184055,storage,SharedPreferences.getString,"{""key"": ""prefTheme""}"
184059,storage,SharedPreferences.getString,"{""key"": ""prefThemeBase""}"
184092,reflection,Method.invoke,"{""class"": ""android.view.ViewGroup"", ""method"": ""makeOptionalFitsSystemWindows""}"
184112,database,SQLiteDatabase.rawQuery,"{""sql"": ""SELECT date FROM hours WHERE edit IS NOT 1  ORDER BY _id DESC LIMIT 1""}"
184133,database,SQLiteDatabase.rawQuery,"{""sql"": ""SELECT startSteps FROM hours WHERE edit IS NOT 1  ORDER BY _id DESC LIMIT 1""}"
184152,database,SQLiteDatabase.rawQuery,"{""sql"": ""SELECT date FROM hours WHERE edit IS NOT 1  ORDER BY _id DESC LIMIT 1""}"
184171,database,SQLiteDatabase.rawQuery,"{""sql"": ""SELECT startSteps FROM hours WHERE edit IS NOT 1  ORDER BY _id DESC LIMIT 1""}"
184199,storage,SharedPreferences.getString,"{""key"": ""prefFirstDayOfWeek""}"
184205,storage,SharedPreferences.getString,"{""key"": ""prefLastTimeUnit""}"
184210,storage,SharedPreferences.getString,"{""key"": ""prefFirstDayOfWeek""}"
184225,database,SQLiteDatabase.rawQuery,"{""sql"": ""SELECT SUM(endSteps - startSteps) AS sumSteps  FROM hours WHERE date = 20260715 GROUP BY date""}"
184244,database,SQLiteDatabase.rawQuery,"{""sql"": ""SELECT SUM(endSteps - startSteps) AS sumSteps,  CAST(STRFTIME('%W', DATE(SUBSTR(date, 1, 4) || '-' || SUBSTR(date, 5, 2) || '-' || SUBSTR(date, 7, 2), \""+1 day\"")) AS int) AS week  FROM hours WHERE week""}"
184266,database,SQLiteDatabase.rawQuery,"{""sql"": ""SELECT SUM(endSteps - startSteps) AS sumSteps,  CAST(SUBSTR(date, 5, 2) AS INT) AS month  FROM hours WHERE month = SUBSTR(20260715, 5, 2)  AND SUBSTR(date, 1, 4) = '2026' GROUP BY month ""}"
184284,database,SQLiteDatabase.rawQuery,"{""sql"": ""SELECT SUM(endSteps - startSteps) AS sumSteps,  CAST(SUBSTR(date, 1, 4) AS INT) AS year  FROM hours WHERE year = SUBSTR(20260715, 1, 4)  GROUP BY year ""}"
184318,reflection,Method.invoke,"{""class"": ""android.view.View"", ""method"": ""getElevation""}"
184324,reflection,Method.invoke,"{""class"": ""android.view.View"", ""method"": ""getViewRootImpl""}"
184331,reflection,Method.invoke,"{""class"": ""android.view.View"", ""method"": ""getViewRootImpl""}"
184337,reflection,Method.invoke,"{""class"": ""android.view.View"", ""method"": ""getViewRootImpl""}"
184342,reflection,Method.invoke,"{""class"": ""android.view.View"", ""method"": ""getViewRootImpl""}"
184351,reflection,Method.invoke,"{""class"": ""android.view.View"", ""method"": ""getViewRootImpl""}"
184356,reflection,Method.invoke,"{""class"": ""android.view.View"", ""method"": ""getViewRootImpl""}"
184370,reflection,Method.invoke,"{""class"": ""android.view.View"", ""method"": ""getViewRootImpl""}"
184375,reflection,Method.invoke,"{""class"": ""android.view.View"", ""method"": ""getViewRootImpl""}"
184382,reflection,Method.invoke,"{""class"": ""android.view.View"", ""method"": ""getViewRootImpl""}"
184387,reflection,Method.invoke,"{""class"": ""android.view.View"", ""method"": ""getViewRootImpl""}"
184392,reflection,Method.invoke,"{""class"": ""android.view.View"", ""method"": ""getViewRootImpl""}"
184400,reflection,Method.invoke,"{""class"": ""android.view.View"", ""method"": ""getViewRootImpl""}"
184723,ipc_intents,Context.sendBroadcast,"{""action"": ""restartservice"", ""target"": ""ca.chancehorizon.paseo/ca.chancehorizon.paseo.background.Restarter""}"
184767,ipc_intents,Context.bindService,"{""action"": ""android.intent.action.TTS_SERVICE"", ""flags"": 1, ""target"": ""android.intent.action.TTS_SERVICE""}"
184786,database,SQLiteDatabase.rawQuery,"{""sql"": ""SELECT SUM(endSteps - startSteps) AS sumSteps  FROM hours WHERE date = 20260715 GROUP BY date""}"
184806,database,SQLiteDatabase.rawQuery,"{""sql"": ""SELECT SUM(endSteps - startSteps) AS sumSteps  FROM hours WHERE date = 20260715 GROUP BY date""}"
184823,database,SQLiteDatabase.rawQuery,"{""sql"": ""SELECT SUM(endSteps - startSteps) AS sumSteps  FROM hours WHERE date = 20260715 GROUP BY date""}"
184833,notifications,NotificationManager.notify,"{""id"": 1001}"
184836,notifications,NotificationManager.notify,"{""id"": 1001, ""tag"": null}"
184842,notifications,NotificationManager.notifyAsUser,"{""id"": 1001, ""tag"": null}"
184864,reflection,Method.invoke,"{""class"": ""java.util.Locale"", ""method"": ""readObject""}"
184869,reflection,Method.invoke,"{""class"": ""java.util.Locale"", ""method"": ""readResolve""}"
184874,reflection,Method.invoke,"{""class"": ""java.util.Locale"", ""method"": ""readObject""}"
184879,reflection,Method.invoke,"{""class"": ""java.util.Locale"", ""method"": ""readResolve""}"
184884,reflection,Method.invoke,"{""class"": ""java.util.Locale"", ""method"": ""readObject""}"
184888,reflection,Method.invoke,"{""class"": ""java.util.Locale"", ""method"": ""readResolve""}"
184893,reflection,Method.invoke,"{""class"": ""java.util.Locale"", ""method"": ""readObject""}"
184898,reflection,Method.invoke,"{""class"": ""java.util.Locale"", ""method"": ""readResolve""}"
184902,reflection,Method.invoke,"{""class"": ""java.util.Locale"", ""method"": ""readObject""}"
184907,reflection,Method.invoke,"{""class"": ""java.util.Locale"", ""method"": ""readResolve""}"
184912,reflection,Method.invoke,"{""class"": ""java.util.Locale"", ""method"": ""readObject""}"
184917,reflection,Method.invoke,"{""class"": ""java.util.Locale"", ""method"": ""readResolve""}"
184923,reflection,Method.invoke,"{""class"": ""java.util.Locale"", ""method"": ""readObject""}"
184932,reflection,Method.invoke,"{""class"": ""java.util.Locale"", ""method"": ""readResolve""}"
184938,reflection,Method.invoke,"{""class"": ""java.util.Locale"", ""method"": ""readObject""}"
184945,reflection,Method.invoke,"{""class"": ""java.util.Locale"", ""method"": ""readResolve""}"
184957,reflection,Method.invoke,"{""class"": ""java.util.Locale"", ""method"": ""readObject""}"
184966,reflection,Method.invoke,"{""class"": ""java.util.Locale"", ""method"": ""readResolve""}"
184973,reflection,Method.invoke,"{""class"": ""java.util.Locale"", ""method"": ""readObject""}"
184983,reflection,Method.invoke,"{""class"": ""java.util.Locale"", ""method"": ""readResolve""}"
184990,reflection,Method.invoke,"{""class"": ""java.util.Locale"", ""method"": ""readObject""}"
184998,reflection,Method.invoke,"{""class"": ""java.util.Locale"", ""method"": ""readResolve""}"
185007,reflection,Method.invoke,"{""class"": ""java.util.Locale"", ""method"": ""readObject""}"
185018,reflection,Method.invoke,"{""class"": ""java.util.Locale"", ""method"": ""readResolve""}"
185025,reflection,Method.invoke,"{""class"": ""java.util.Locale"", ""method"": ""readObject""}"
185037,reflection,Method.invoke,"{""class"": ""java.util.Locale"", ""method"": ""readResolve""}"
185048,reflection,Method.invoke,"{""class"": ""java.util.Locale"", ""method"": ""readObject""}"
185056,reflection,Method.invoke,"{""class"": ""java.util.Locale"", ""method"": ""readResolve""}"
185069,reflection,Method.invoke,"{""class"": ""java.util.Locale"", ""method"": ""readObject""}"
185076,reflection,Method.invoke,"{""class"": ""java.util.Locale"", ""method"": ""readResolve""}"
185087,reflection,Method.invoke,"{""class"": ""java.util.Locale"", ""method"": ""readObject""}"
185099,reflection,Method.invoke,"{""class"": ""java.util.Locale"", ""method"": ""readResolve""}"
185105,reflection,Method.invoke,"{""class"": ""java.util.Locale"", ""method"": ""readObject""}"
185109,reflection,Method.invoke,"{""class"": ""java.util.Locale"", ""method"": ""readResolve""}"
185120,reflection,Method.invoke,"{""class"": ""java.util.Locale"", ""method"": ""readObject""}"
185124,reflection,Method.invoke,"{""class"": ""java.util.Locale"", ""method"": ""readResolve""}"
185135,reflection,Method.invoke,"{""class"": ""java.util.Locale"", ""method"": ""readObject""}"
185139,reflection,Method.invoke,"{""class"": ""java.util.Locale"", ""method"": ""readResolve""}"
185150,reflection,Method.invoke,"{""class"": ""java.util.Locale"", ""method"": ""readObject""}"
185155,reflection,Method.invoke,"{""class"": ""java.util.Locale"", ""method"": ""readResolve""}"
185165,reflection,Method.invoke,"{""class"": ""java.util.Locale"", ""method"": ""readObject""}"
185171,reflection,Method.invoke,"{""class"": ""java.util.Locale"", ""method"": ""readResolve""}"
185176,reflection,Method.invoke,"{""class"": ""java.util.Locale"", ""method"": ""readObject""}"
185185,reflection,Method.invoke,"{""class"": ""java.util.Locale"", ""method"": ""readResolve""}"
185190,reflection,Method.invoke,"{""class"": ""java.util.Locale"", ""method"": ""readObject""}"
185200,reflection,Method.invoke,"{""class"": ""java.util.Locale"", ""method"": ""readResolve""}"
185205,reflection,Method.invoke,"{""class"": ""java.util.Locale"", ""method"": ""readObject""}"
185210,reflection,Method.invoke,"{""class"": ""java.util.Locale"", ""method"": ""readResolve""}"
185220,reflection,Method.invoke,"{""class"": ""java.util.Locale"", ""method"": ""readObject""}"
185225,reflection,Method.invoke,"{""class"": ""java.util.Locale"", ""method"": ""readResolve""}"
185236,reflection,Method.invoke,"{""class"": ""java.util.Locale"", ""method"": ""readObject""}"
185241,reflection,Method.invoke,"{""class"": ""java.util.Locale"", ""method"": ""readResolve""}"
185249,reflection,Method.invoke,"{""class"": ""java.util.Locale"", ""method"": ""readObject""}"
185254,reflection,Method.invoke,"{""class"": ""java.util.Locale"", ""method"": ""readResolve""}"
185260,reflection,Method.invoke,"{""class"": ""java.util.Locale"", ""method"": ""readObject""}"
185265,reflection,Method.invoke,"{""class"": ""java.util.Locale"", ""method"": ""readResolve""}"
185270,reflection,Method.invoke,"{""class"": ""java.util.Locale"", ""method"": ""readObject""}"
185275,reflection,Method.invoke,"{""class"": ""java.util.Locale"", ""method"": ""readResolve""}"
185281,reflection,Method.invoke,"{""class"": ""java.util.Locale"", ""method"": ""readObject""}"
185286,reflection,Method.invoke,"{""class"": ""java.util.Locale"", ""method"": ""readResolve""}"
185291,reflection,Method.invoke,"{""class"": ""java.util.Locale"", ""method"": ""readObject""}"
185296,reflection,Method.invoke,"{""class"": ""java.util.Locale"", ""method"": ""readResolve""}"
185302,reflection,Method.invoke,"{""class"": ""java.util.Locale"", ""method"": ""readObject""}"
185307,reflection,Method.invoke,"{""class"": ""java.util.Locale"", ""method"": ""readResolve""}"
185313,reflection,Method.invoke,"{""class"": ""java.util.Locale"", ""method"": ""readObject""}"
185317,reflection,Method.invoke,"{""class"": ""java.util.Locale"", ""method"": ""readResolve""}"
185322,reflection,Method.invoke,"{""class"": ""java.util.Locale"", ""method"": ""readObject""}"
185328,reflection,Method.invoke,"{""class"": ""java.util.Locale"", ""method"": ""readResolve""}"
185333,reflection,Method.invoke,"{""class"": ""java.util.Locale"", ""method"": ""readObject""}"
185337,reflection,Method.invoke,"{""class"": ""java.util.Locale"", ""method"": ""readResolve""}"
185343,reflection,Method.invoke,"{""class"": ""java.util.Locale"", ""method"": ""readObject""}"
185348,reflection,Method.invoke,"{""class"": ""java.util.Locale"", ""method"": ""readResolve""}"
185353,reflection,Method.invoke,"{""class"": ""java.util.Locale"", ""method"": ""readObject""}"
185358,reflection,Method.invoke,"{""class"": ""java.util.Locale"", ""method"": ""readResolve""}"
185364,reflection,Method.invoke,"{""class"": ""java.util.Locale"", ""method"": ""readObject""}"
185369,reflection,Method.invoke,"{""class"": ""java.util.Locale"", ""method"": ""readResolve""}"
185374,reflection,Method.invoke,"{""class"": ""java.util.Locale"", ""method"": ""readObject""}"
185379,reflection,Method.invoke,"{""class"": ""java.util.Locale"", ""method"": ""readResolve""}"
185384,reflection,Method.invoke,"{""class"": ""java.util.Locale"", ""method"": ""readObject""}"
185389,reflection,Method.invoke,"{""class"": ""java.util.Locale"", ""method"": ""readResolve""}"
185394,reflection,Method.invoke,"{""class"": ""java.util.Locale"", ""method"": ""readObject""}"
185399,reflection,Method.invoke,"{""class"": ""java.util.Locale"", ""method"": ""readResolve""}"
185404,reflection,Method.invoke,"{""class"": ""java.util.Locale"", ""method"": ""readObject""}"
185409,reflection,Method.invoke,"{""class"": ""java.util.Locale"", ""method"": ""readResolve""}"
185415,reflection,Method.invoke,"{""class"": ""java.util.Locale"", ""method"": ""readObject""}"
185420,reflection,Method.invoke,"{""class"": ""java.util.Locale"", ""method"": ""readResolve""}"
185425,reflection,Method.invoke,"{""class"": ""java.util.Locale"", ""method"": ""readObject""}"
185429,reflection,Method.invoke,"{""class"": ""java.util.Locale"", ""method"": ""readResolve""}"
185435,reflection,Method.invoke,"{""class"": ""java.util.Locale"", ""method"": ""readObject""}"
185440,reflection,Method.invoke,"{""class"": ""java.util.Locale"", ""method"": ""readResolve""}"
185445,reflection,Method.invoke,"{""class"": ""java.util.Locale"", ""method"": ""readObject""}"
185450,reflection,Method.invoke,"{""class"": ""java.util.Locale"", ""method"": ""readResolve""}"
185455,reflection,Method.invoke,"{""class"": ""java.util.Locale"", ""method"": ""readObject""}"
185459,reflection,Method.invoke,"{""class"": ""java.util.Locale"", ""method"": ""readResolve""}"
185469,reflection,Method.invoke,"{""class"": ""java.util.Locale"", ""method"": ""readObject""}"
185480,reflection,Method.invoke,"{""class"": ""java.util.Locale"", ""method"": ""readResolve""}"
185485,reflection,Method.invoke,"{""class"": ""java.util.Locale"", ""method"": ""readObject""}"
185490,reflection,Method.invoke,"{""class"": ""java.util.Locale"", ""method"": ""readResolve""}"
185495,reflection,Method.invoke,"{""class"": ""java.util.Locale"", ""method"": ""readObject""}"
185500,reflection,Method.invoke,"{""class"": ""java.util.Locale"", ""method"": ""readResolve""}"
185505,reflection,Method.invoke,"{""class"": ""java.util.Locale"", ""method"": ""readObject""}"
185516,reflection,Method.invoke,"{""class"": ""java.util.Locale"", ""method"": ""readResolve""}"
185521,reflection,Method.invoke,"{""class"": ""java.util.Locale"", ""method"": ""readObject""}"
185526,reflection,Method.invoke,"{""class"": ""java.util.Locale"", ""method"": ""readResolve""}"
185532,reflection,Method.invoke,"{""class"": ""java.util.Locale"", ""method"": ""readObject""}"
185536,reflection,Method.invoke,"{""class"": ""java.util.Locale"", ""method"": ""readResolve""}"
185542,reflection,Method.invoke,"{""class"": ""java.util.Locale"", ""method"": ""readObject""}"
185547,reflection,Method.invoke,"{""class"": ""java.util.Locale"", ""method"": ""readResolve""}"
185552,reflection,Method.invoke,"{""class"": ""java.util.Locale"", ""method"": ""readObject""}"
185556,reflection,Method.invoke,"{""class"": ""java.util.Locale"", ""method"": ""readResolve""}"
185562,reflection,Method.invoke,"{""class"": ""java.util.Locale"", ""method"": ""readObject""}"
185566,reflection,Method.invoke,"{""class"": ""java.util.Locale"", ""method"": ""readResolve""}"
185572,reflection,Method.invoke,"{""class"": ""java.util.Locale"", ""method"": ""readObject""}"
185577,reflection,Method.invoke,"{""class"": ""java.util.Locale"", ""method"": ""readResolve""}"
185582,reflection,Method.invoke,"{""class"": ""java.util.Locale"", ""method"": ""readObject""}"
185587,reflection,Method.invoke,"{""class"": ""java.util.Locale"", ""method"": ""readResolve""}"
185592,reflection,Method.invoke,"{""class"": ""java.util.Locale"", ""method"": ""readObject""}"
185597,reflection,Method.invoke,"{""class"": ""java.util.Locale"", ""method"": ""readResolve""}"
185602,reflection,Method.invoke,"{""class"": ""java.util.Locale"", ""method"": ""readObject""}"
185607,reflection,Method.invoke,"{""class"": ""java.util.Locale"", ""method"": ""readResolve""}"
185613,reflection,Method.invoke,"{""class"": ""java.util.Locale"", ""method"": ""readObject""}"
185617,reflection,Method.invoke,"{""class"": ""java.util.Locale"", ""method"": ""readResolve""}"
185622,reflection,Method.invoke,"{""class"": ""java.util.Locale"", ""method"": ""readObject""}"
185627,reflection,Method.invoke,"{""class"": ""java.util.Locale"", ""method"": ""readResolve""}"
185632,reflection,Method.invoke,"{""class"": ""java.util.Locale"", ""method"": ""readObject""}"
185637,reflection,Method.invoke,"{""class"": ""java.util.Locale"", ""method"": ""readResolve""}"
185643,reflection,Method.invoke,"{""class"": ""java.util.Locale"", ""method"": ""readObject""}"
185653,reflection,Method.invoke,"{""class"": ""java.util.Locale"", ""method"": ""readResolve""}"
185658,reflection,Method.invoke,"{""class"": ""java.util.Locale"", ""method"": ""readObject""}"
185663,reflection,Method.invoke,"{""class"": ""java.util.Locale"", ""method"": ""readResolve""}"
185668,reflection,Method.invoke,"{""class"": ""java.util.Locale"", ""method"": ""readObject""}"
185672,reflection,Method.invoke,"{""class"": ""java.util.Locale"", ""method"": ""readResolve""}"
185678,reflection,Method.invoke,"{""class"": ""java.util.Locale"", ""method"": ""readObject""}"
185682,reflection,Method.invoke,"{""class"": ""java.util.Locale"", ""method"": ""readResolve""}"
185688,reflection,Method.invoke,"{""class"": ""java.util.Locale"", ""method"": ""readObject""}"
185692,reflection,Method.invoke,"{""class"": ""java.util.Locale"", ""method"": ""readResolve""}"
185698,reflection,Method.invoke,"{""class"": ""java.util.Locale"", ""method"": ""readObject""}"
185702,reflection,Method.invoke,"{""class"": ""java.util.Locale"", ""method"": ""readResolve""}"
185708,reflection,Method.invoke,"{""class"": ""java.util.Locale"", ""method"": ""readObject""}"
185713,reflection,Method.invoke,"{""class"": ""java.util.Locale"", ""method"": ""readResolve""}"
185718,reflection,Method.invoke,"{""class"": ""java.util.Locale"", ""method"": ""readObject""}"
185723,reflection,Method.invoke,"{""class"": ""java.util.Locale"", ""method"": ""readResolve""}"
185728,reflection,Method.invoke,"{""class"": ""java.util.Locale"", ""method"": ""readObject""}"
185733,reflection,Method.invoke,"{""class"": ""java.util.Locale"", ""method"": ""readResolve""}"
185738,reflection,Method.invoke,"{""class"": ""java.util.Locale"", ""method"": ""readObject""}"
185743,reflection,Method.invoke,"{""class"": ""java.util.Locale"", ""method"": ""readResolve""}"
185748,reflection,Method.invoke,"{""class"": ""java.util.Locale"", ""method"": ""readObject""}"
185753,reflection,Method.invoke,"{""class"": ""java.util.Locale"", ""method"": ""readResolve""}"
185758,reflection,Method.invoke,"{""class"": ""java.util.Locale"", ""method"": ""readObject""}"
185764,reflection,Method.invoke,"{""class"": ""java.util.Locale"", ""method"": ""readResolve""}"
185769,reflection,Method.invoke,"{""class"": ""java.util.Locale"", ""method"": ""readObject""}"
185774,reflection,Method.invoke,"{""class"": ""java.util.Locale"", ""method"": ""readResolve""}"
185779,reflection,Method.invoke,"{""class"": ""java.util.Locale"", ""method"": ""readObject""}"
185784,reflection,Method.invoke,"{""class"": ""java.util.Locale"", ""method"": ""readResolve""}"
185789,reflection,Method.invoke,"{""class"": ""java.util.Locale"", ""method"": ""readObject""}"
185794,reflection,Method.invoke,"{""class"": ""java.util.Locale"", ""method"": ""readResolve""}"
185800,reflection,Method.invoke,"{""class"": ""java.util.Locale"", ""method"": ""readObject""}"
185805,reflection,Method.invoke,"{""class"": ""java.util.Locale"", ""method"": ""readResolve""}"
185810,reflection,Method.invoke,"{""class"": ""java.util.Locale"", ""method"": ""readObject""}"
185815,reflection,Method.invoke,"{""class"": ""java.util.Locale"", ""method"": ""readResolve""}"
185820,reflection,Method.invoke,"{""class"": ""java.util.Locale"", ""method"": ""readObject""}"
185825,reflection,Method.invoke,"{""class"": ""java.util.Locale"", ""method"": ""readResolve""}"
185830,reflection,Method.invoke,"{""class"": ""java.util.Locale"", ""method"": ""readObject""}"
185835,reflection,Method.invoke,"{""class"": ""java.util.Locale"", ""method"": ""readResolve""}"
185840,reflection,Method.invoke,"{""class"": ""java.util.Locale"", ""method"": ""readObject""}"
185845,reflection,Method.invoke,"{""class"": ""java.util.Locale"", ""method"": ""readResolve""}"
185850,reflection,Method.invoke,"{""class"": ""java.util.Locale"", ""method"": ""readObject""}"
185855,reflection,Method.invoke,"{""class"": ""java.util.Locale"", ""method"": ""readResolve""}"
185860,reflection,Method.invoke,"{""class"": ""java.util.Locale"", ""method"": ""readObject""}"
185865,reflection,Method.invoke,"{""class"": ""java.util.Locale"", ""method"": ""readResolve""}"
185870,reflection,Method.invoke,"{""class"": ""java.util.Locale"", ""method"": ""readObject""}"
185875,reflection,Method.invoke,"{""class"": ""java.util.Locale"", ""method"": ""readResolve""}"
185880,reflection,Method.invoke,"{""class"": ""java.util.Locale"", ""method"": ""readObject""}"
185885,reflection,Method.invoke,"{""class"": ""java.util.Locale"", ""method"": ""readResolve""}"
185890,reflection,Method.invoke,"{""class"": ""java.util.Locale"", ""method"": ""readObject""}"
185895,reflection,Method.invoke,"{""class"": ""java.util.Locale"", ""method"": ""readResolve""}"
185900,reflection,Method.invoke,"{""class"": ""java.util.Locale"", ""method"": ""readObject""}"
185905,reflection,Method.invoke,"{""class"": ""java.util.Locale"", ""method"": ""readResolve""}"
185910,reflection,Method.invoke,"{""class"": ""java.util.Locale"", ""method"": ""readObject""}"
185915,reflection,Method.invoke,"{""class"": ""java.util.Locale"", ""method"": ""readResolve""}"
185920,reflection,Method.invoke,"{""class"": ""java.util.Locale"", ""method"": ""readObject""}"
185925,reflection,Method.invoke,"{""class"": ""java.util.Locale"", ""method"": ""readResolve""}"
185930,reflection,Method.invoke,"{""class"": ""java.util.Locale"", ""method"": ""readObject""}"
185935,reflection,Method.invoke,"{""class"": ""java.util.Locale"", ""method"": ""readResolve""}"
185940,reflection,Method.invoke,"{""class"": ""java.util.Locale"", ""method"": ""readObject""}"
185945,reflection,Method.invoke,"{""class"": ""java.util.Locale"", ""method"": ""readResolve""}"
185950,reflection,Method.invoke,"{""class"": ""java.util.Locale"", ""method"": ""readObject""}"
185955,reflection,Method.invoke,"{""class"": ""java.util.Locale"", ""method"": ""readResolve""}"
185960,reflection,Method.invoke,"{""class"": ""java.util.Locale"", ""method"": ""readObject""}"
185965,reflection,Method.invoke,"{""class"": ""java.util.Locale"", ""method"": ""readResolve""}"
185970,reflection,Method.invoke,"{""class"": ""java.util.Locale"", ""method"": ""readObject""}"
185975,reflection,Method.invoke,"{""class"": ""java.util.Locale"", ""method"": ""readResolve""}"
185980,reflection,Method.invoke,"{""class"": ""java.util.Locale"", ""method"": ""readObject""}"
185985,reflection,Method.invoke,"{""class"": ""java.util.Locale"", ""method"": ""readResolve""}"
185990,reflection,Method.invoke,"{""class"": ""java.util.Locale"", ""method"": ""readObject""}"
185995,reflection,Method.invoke,"{""class"": ""java.util.Locale"", ""method"": ""readResolve""}"
186000,reflection,Method.invoke,"{""class"": ""java.util.Locale"", ""method"": ""readObject""}"
186004,reflection,Method.invoke,"{""class"": ""java.util.Locale"", ""method"": ""readResolve""}"
186009,reflection,Method.invoke,"{""class"": ""java.util.Locale"", ""method"": ""readObject""}"
186014,reflection,Method.invoke,"{""class"": ""java.util.Locale"", ""method"": ""readResolve""}"
186019,reflection,Method.invoke,"{""class"": ""java.util.Locale"", ""method"": ""readObject""}"
186024,reflection,Method.invoke,"{""class"": ""java.util.Locale"", ""method"": ""readResolve""}"
186029,reflection,Method.invoke,"{""class"": ""java.util.Locale"", ""method"": ""readObject""}"
186034,reflection,Method.invoke,"{""class"": ""java.util.Locale"", ""method"": ""readResolve""}"
186039,reflection,Method.invoke,"{""class"": ""java.util.Locale"", ""method"": ""readObject""}"
186045,reflection,Method.invoke,"{""class"": ""java.util.Locale"", ""method"": ""readResolve""}"
186049,reflection,Method.invoke,"{""class"": ""java.util.Locale"", ""method"": ""readObject""}"
186054,reflection,Method.invoke,"{""class"": ""java.util.Locale"", ""method"": ""readResolve""}"
186059,reflection,Method.invoke,"{""class"": ""java.util.Locale"", ""method"": ""readObject""}"
186064,reflection,Method.invoke,"{""class"": ""java.util.Locale"", ""method"": ""readResolve""}"
186069,reflection,Method.invoke,"{""class"": ""java.util.Locale"", ""method"": ""readObject""}"
186073,reflection,Method.invoke,"{""class"": ""java.util.Locale"", ""method"": ""readResolve""}"
186078,reflection,Method.invoke,"{""class"": ""java.util.Locale"", ""method"": ""readObject""}"
186082,reflection,Method.invoke,"{""class"": ""java.util.Locale"", ""method"": ""readResolve""}"
186088,reflection,Method.invoke,"{""class"": ""java.util.Locale"", ""method"": ""readObject""}"
186093,reflection,Method.invoke,"{""class"": ""java.util.Locale"", ""method"": ""readResolve""}"
186098,reflection,Method.invoke,"{""class"": ""java.util.Locale"", ""method"": ""readObject""}"
186102,reflection,Method.invoke,"{""class"": ""java.util.Locale"", ""method"": ""readResolve""}"
186110,reflection,Method.invoke,"{""class"": ""java.util.Locale"", ""method"": ""readObject""}"
186116,reflection,Method.invoke,"{""class"": ""java.util.Locale"", ""method"": ""readResolve""}"
186123,reflection,Method.invoke,"{""class"": ""java.util.Locale"", ""method"": ""readObject""}"
186132,reflection,Method.invoke,"{""class"": ""java.util.Locale"", ""method"": ""readResolve""}"
186137,reflection,Method.invoke,"{""class"": ""java.util.Locale"", ""method"": ""readObject""}"
186142,reflection,Method.invoke,"{""class"": ""java.util.Locale"", ""method"": ""readResolve""}"
186150,reflection,Method.invoke,"{""class"": ""java.util.Locale"", ""method"": ""readObject""}"
186154,reflection,Method.invoke,"{""class"": ""java.util.Locale"", ""method"": ""readResolve""}"
186160,reflection,Method.invoke,"{""class"": ""java.util.Locale"", ""method"": ""readObject""}"
186165,reflection,Method.invoke,"{""class"": ""java.util.Locale"", ""method"": ""readResolve""}"
186170,reflection,Method.invoke,"{""class"": ""java.util.Locale"", ""method"": ""readObject""}"
186175,reflection,Method.invoke,"{""class"": ""java.util.Locale"", ""method"": ""readResolve""}"
186180,reflection,Method.invoke,"{""class"": ""java.util.Locale"", ""method"": ""readObject""}"
186185,reflection,Method.invoke,"{""class"": ""java.util.Locale"", ""method"": ""readResolve""}"
186191,reflection,Method.invoke,"{""class"": ""java.util.Locale"", ""method"": ""readObject""}"
186195,reflection,Method.invoke,"{""class"": ""java.util.Locale"", ""method"": ""readResolve""}"
186200,reflection,Method.invoke,"{""class"": ""java.util.Locale"", ""method"": ""readObject""}"
186205,reflection,Method.invoke,"{""class"": ""java.util.Locale"", ""method"": ""readResolve""}"
186211,reflection,Method.invoke,"{""class"": ""java.util.Locale"", ""method"": ""readObject""}"
186216,reflection,Method.invoke,"{""class"": ""java.util.Locale"", ""method"": ""readResolve""}"
186221,reflection,Method.invoke,"{""class"": ""java.util.Locale"", ""method"": ""readObject""}"
186226,reflection,Method.invoke,"{""class"": ""java.util.Locale"", ""method"": ""readResolve""}"
186231,reflection,Method.invoke,"{""class"": ""java.util.Locale"", ""method"": ""readObject""}"
186235,reflection,Method.invoke,"{""class"": ""java.util.Locale"", ""method"": ""readResolve""}"
186241,reflection,Method.invoke,"{""class"": ""java.util.Locale"", ""method"": ""readObject""}"
186245,reflection,Method.invoke,"{""class"": ""java.util.Locale"", ""method"": ""readResolve""}"
186251,reflection,Method.invoke,"{""class"": ""java.util.Locale"", ""method"": ""readObject""}"
186256,reflection,Method.invoke,"{""class"": ""java.util.Locale"", ""method"": ""readResolve""}"
186261,reflection,Method.invoke,"{""class"": ""java.util.Locale"", ""method"": ""readObject""}"
186266,reflection,Method.invoke,"{""class"": ""java.util.Locale"", ""method"": ""readResolve""}"
186271,reflection,Method.invoke,"{""class"": ""java.util.Locale"", ""method"": ""readObject""}"
186276,reflection,Method.invoke,"{""class"": ""java.util.Locale"", ""method"": ""readResolve""}"
186281,reflection,Method.invoke,"{""class"": ""java.util.Locale"", ""method"": ""readObject""}"
186286,reflection,Method.invoke,"{""class"": ""java.util.Locale"", ""method"": ""readResolve""}"
186291,reflection,Method.invoke,"{""class"": ""java.util.Locale"", ""method"": ""readObject""}"
186296,reflection,Method.invoke,"{""class"": ""java.util.Locale"", ""method"": ""readResolve""}"
186301,reflection,Method.invoke,"{""class"": ""java.util.Locale"", ""method"": ""readObject""}"
186306,reflection,Method.invoke,"{""class"": ""java.util.Locale"", ""method"": ""readResolve""}"
186312,reflection,Method.invoke,"{""class"": ""java.util.Locale"", ""method"": ""readObject""}"
186317,reflection,Method.invoke,"{""class"": ""java.util.Locale"", ""method"": ""readResolve""}"
186322,reflection,Method.invoke,"{""class"": ""java.util.Locale"", ""method"": ""readObject""}"
186327,reflection,Method.invoke,"{""class"": ""java.util.Locale"", ""method"": ""readResolve""}"
186332,reflection,Method.invoke,"{""class"": ""java.util.Locale"", ""method"": ""readObject""}"
186337,reflection,Method.invoke,"{""class"": ""java.util.Locale"", ""method"": ""readResolve""}"
186348,reflection,Method.invoke,"{""class"": ""java.util.Locale"", ""method"": ""readObject""}"
186352,reflection,Method.invoke,"{""class"": ""java.util.Locale"", ""method"": ""readResolve""}"
186358,reflection,Method.invoke,"{""class"": ""java.util.Locale"", ""method"": ""readObject""}"
186368,reflection,Method.invoke,"{""class"": ""java.util.Locale"", ""method"": ""readResolve""}"
186373,reflection,Method.invoke,"{""class"": ""java.util.Locale"", ""method"": ""readObject""}"
186378,reflection,Method.invoke,"{""class"": ""java.util.Locale"", ""method"": ""readResolve""}"
186383,reflection,Method.invoke,"{""class"": ""java.util.Locale"", ""method"": ""readObject""}"
186388,reflection,Method.invoke,"{""class"": ""java.util.Locale"", ""method"": ""readResolve""}"
186393,reflection,Method.invoke,"{""class"": ""java.util.Locale"", ""method"": ""readObject""}"
186398,reflection,Method.invoke,"{""class"": ""java.util.Locale"", ""method"": ""readResolve""}"
186403,reflection,Method.invoke,"{""class"": ""java.util.Locale"", ""method"": ""readObject""}"
186407,reflection,Method.invoke,"{""class"": ""java.util.Locale"", ""method"": ""readResolve""}"
186413,reflection,Method.invoke,"{""class"": ""java.util.Locale"", ""method"": ""readObject""}"
186417,reflection,Method.invoke,"{""class"": ""java.util.Locale"", ""method"": ""readResolve""}"
186422,reflection,Method.invoke,"{""class"": ""java.util.Locale"", ""method"": ""readObject""}"
186427,reflection,Method.invoke,"{""class"": ""java.util.Locale"", ""method"": ""readResolve""}"
186433,reflection,Method.invoke,"{""class"": ""java.util.Locale"", ""method"": ""readObject""}"
186438,reflection,Method.invoke,"{""class"": ""java.util.Locale"", ""method"": ""readResolve""}"
186443,reflection,Method.invoke,"{""class"": ""java.util.Locale"", ""method"": ""readObject""}"
186448,reflection,Method.invoke,"{""class"": ""java.util.Locale"", ""method"": ""readResolve""}"
186453,reflection,Method.invoke,"{""class"": ""java.util.Locale"", ""method"": ""readObject""}"
186457,reflection,Method.invoke,"{""class"": ""java.util.Locale"", ""method"": ""readResolve""}"
186463,reflection,Method.invoke,"{""class"": ""java.util.Locale"", ""method"": ""readObject""}"
186467,reflection,Method.invoke,"{""class"": ""java.util.Locale"", ""method"": ""readResolve""}"
186472,reflection,Method.invoke,"{""class"": ""java.util.Locale"", ""method"": ""readObject""}"
186477,reflection,Method.invoke,"{""class"": ""java.util.Locale"", ""method"": ""readResolve""}"
186482,reflection,Method.invoke,"{""class"": ""java.util.Locale"", ""method"": ""readObject""}"
186487,reflection,Method.invoke,"{""class"": ""java.util.Locale"", ""method"": ""readResolve""}"
186492,reflection,Method.invoke,"{""class"": ""java.util.Locale"", ""method"": ""readObject""}"
186497,reflection,Method.invoke,"{""class"": ""java.util.Locale"", ""method"": ""readResolve""}"
186502,reflection,Method.invoke,"{""class"": ""java.util.Locale"", ""method"": ""readObject""}"
186507,reflection,Method.invoke,"{""class"": ""java.util.Locale"", ""method"": ""readResolve""}"
186512,reflection,Method.invoke,"{""class"": ""java.util.Locale"", ""method"": ""readObject""}"
186517,reflection,Method.invoke,"{""class"": ""java.util.Locale"", ""method"": ""readResolve""}"
186522,reflection,Method.invoke,"{""class"": ""java.util.Locale"", ""method"": ""readObject""}"
186527,reflection,Method.invoke,"{""class"": ""java.util.Locale"", ""method"": ""readResolve""}"
186532,reflection,Method.invoke,"{""class"": ""java.util.Locale"", ""method"": ""readObject""}"
186537,reflection,Method.invoke,"{""class"": ""java.util.Locale"", ""method"": ""readResolve""}"
186542,reflection,Method.invoke,"{""class"": ""java.util.Locale"", ""method"": ""readObject""}"
186547,reflection,Method.invoke,"{""class"": ""java.util.Locale"", ""method"": ""readResolve""}"
186552,reflection,Method.invoke,"{""class"": ""java.util.Locale"", ""method"": ""readObject""}"
186557,reflection,Method.invoke,"{""class"": ""java.util.Locale"", ""method"": ""readResolve""}"
186562,reflection,Method.invoke,"{""class"": ""java.util.Locale"", ""method"": ""readObject""}"
186567,reflection,Method.invoke,"{""class"": ""java.util.Locale"", ""method"": ""readResolve""}"
186572,reflection,Method.invoke,"{""class"": ""java.util.Locale"", ""method"": ""readObject""}"
186577,reflection,Method.invoke,"{""class"": ""java.util.Locale"", ""method"": ""readResolve""}"
186582,reflection,Method.invoke,"{""class"": ""java.util.Locale"", ""method"": ""readObject""}"
186586,reflection,Method.invoke,"{""class"": ""java.util.Locale"", ""method"": ""readResolve""}"
186591,reflection,Method.invoke,"{""class"": ""java.util.Locale"", ""method"": ""readObject""}"
186596,reflection,Method.invoke,"{""class"": ""java.util.Locale"", ""method"": ""readResolve""}"
186601,reflection,Method.invoke,"{""class"": ""java.util.Locale"", ""method"": ""readObject""}"
186612,reflection,Method.invoke,"{""class"": ""java.util.Locale"", ""method"": ""readResolve""}"
186617,reflection,Method.invoke,"{""class"": ""java.util.Locale"", ""method"": ""readObject""}"
186621,reflection,Method.invoke,"{""class"": ""java.util.Locale"", ""method"": ""readResolve""}"
186626,reflection,Method.invoke,"{""class"": ""java.util.Locale"", ""method"": ""readObject""}"
186631,reflection,Method.invoke,"{""class"": ""java.util.Locale"", ""method"": ""readResolve""}"
186637,reflection,Method.invoke,"{""class"": ""java.util.Locale"", ""method"": ""readObject""}"
186642,reflection,Method.invoke,"{""class"": ""java.util.Locale"", ""method"": ""readResolve""}"
186647,reflection,Method.invoke,"{""class"": ""java.util.Locale"", ""method"": ""readObject""}"
186652,reflection,Method.invoke,"{""class"": ""java.util.Locale"", ""method"": ""readResolve""}"
186662,reflection,Method.invoke,"{""class"": ""java.util.Locale"", ""method"": ""readObject""}"
186667,reflection,Method.invoke,"{""class"": ""java.util.Locale"", ""method"": ""readResolve""}"
186671,reflection,Method.invoke,"{""class"": ""java.util.Locale"", ""method"": ""readObject""}"
186676,reflection,Method.invoke,"{""class"": ""java.util.Locale"", ""method"": ""readResolve""}"
186681,reflection,Method.invoke,"{""class"": ""java.util.Locale"", ""method"": ""readObject""}"
186685,reflection,Method.invoke,"{""class"": ""java.util.Locale"", ""method"": ""readResolve""}"
186690,reflection,Method.invoke,"{""class"": ""java.util.Locale"", ""method"": ""readObject""}"
186694,reflection,Method.invoke,"{""class"": ""java.util.Locale"", ""method"": ""readResolve""}"
186699,reflection,Method.invoke,"{""class"": ""java.util.Locale"", ""method"": ""readObject""}"
186703,reflection,Method.invoke,"{""class"": ""java.util.Locale"", ""method"": ""readResolve""}"
186708,reflection,Method.invoke,"{""class"": ""java.util.Locale"", ""method"": ""readObject""}"
186714,reflection,Method.invoke,"{""class"": ""java.util.Locale"", ""method"": ""readResolve""}"
186719,reflection,Method.invoke,"{""class"": ""java.util.Locale"", ""method"": ""readObject""}"
186723,reflection,Method.invoke,"{""class"": ""java.util.Locale"", ""method"": ""readResolve""}"
186729,reflection,Method.invoke,"{""class"": ""java.util.Locale"", ""method"": ""readObject""}"
186733,reflection,Method.invoke,"{""class"": ""java.util.Locale"", ""method"": ""readResolve""}"
186739,reflection,Method.invoke,"{""class"": ""java.util.Locale"", ""method"": ""readObject""}"
186743,reflection,Method.invoke,"{""class"": ""java.util.Locale"", ""method"": ""readResolve""}"
186754,reflection,Method.invoke,"{""class"": ""java.util.Locale"", ""method"": ""readObject""}"
186759,reflection,Method.invoke,"{""class"": ""java.util.Locale"", ""method"": ""readResolve""}"
186765,reflection,Method.invoke,"{""class"": ""java.util.Locale"", ""method"": ""readObject""}"
186770,reflection,Method.invoke,"{""class"": ""java.util.Locale"", ""method"": ""readResolve""}"
186776,reflection,Method.invoke,"{""class"": ""java.util.Locale"", ""method"": ""readObject""}"
186786,reflection,Method.invoke,"{""class"": ""java.util.Locale"", ""method"": ""readResolve""}"
186791,reflection,Method.invoke,"{""class"": ""java.util.Locale"", ""method"": ""readObject""}"
186796,reflection,Method.invoke,"{""class"": ""java.util.Locale"", ""method"": ""readResolve""}"
186801,reflection,Method.invoke,"{""class"": ""java.util.Locale"", ""method"": ""readObject""}"
186806,reflection,Method.invoke,"{""class"": ""java.util.Locale"", ""method"": ""readResolve""}"
186811,reflection,Method.invoke,"{""class"": ""java.util.Locale"", ""method"": ""readObject""}"
186816,reflection,Method.invoke,"{""class"": ""java.util.Locale"", ""method"": ""readResolve""}"
186821,reflection,Method.invoke,"{""class"": ""java.util.Locale"", ""method"": ""readObject""}"
186825,reflection,Method.invoke,"{""class"": ""java.util.Locale"", ""method"": ""readResolve""}"
186831,reflection,Method.invoke,"{""class"": ""java.util.Locale"", ""method"": ""readObject""}"
186835,reflection,Method.invoke,"{""class"": ""java.util.Locale"", ""method"": ""readResolve""}"
186841,reflection,Method.invoke,"{""class"": ""java.util.Locale"", ""method"": ""readObject""}"
186846,reflection,Method.invoke,"{""class"": ""java.util.Locale"", ""method"": ""readResolve""}"
186851,reflection,Method.invoke,"{""class"": ""java.util.Locale"", ""method"": ""readObject""}"
186855,reflection,Method.invoke,"{""class"": ""java.util.Locale"", ""method"": ""readResolve""}"
186866,reflection,Method.invoke,"{""class"": ""java.util.Locale"", ""method"": ""readObject""}"
186870,reflection,Method.invoke,"{""class"": ""java.util.Locale"", ""method"": ""readResolve""}"
186875,reflection,Method.invoke,"{""class"": ""java.util.Locale"", ""method"": ""readObject""}"
186880,reflection,Method.invoke,"{""class"": ""java.util.Locale"", ""method"": ""readResolve""}"
186885,reflection,Method.invoke,"{""class"": ""java.util.Locale"", ""method"": ""readObject""}"
186890,reflection,Method.invoke,"{""class"": ""java.util.Locale"", ""method"": ""readResolve""}"
186895,reflection,Method.invoke,"{""class"": ""java.util.Locale"", ""method"": ""readObject""}"
186900,reflection,Method.invoke,"{""class"": ""java.util.Locale"", ""method"": ""readResolve""}"
186905,reflection,Method.invoke,"{""class"": ""java.util.Locale"", ""method"": ""readObject""}"
186910,reflection,Method.invoke,"{""class"": ""java.util.Locale"", ""method"": ""readResolve""}"
186915,reflection,Method.invoke,"{""class"": ""java.util.Locale"", ""method"": ""readObject""}"
186920,reflection,Method.invoke,"{""class"": ""java.util.Locale"", ""method"": ""readResolve""}"
186925,reflection,Method.invoke,"{""class"": ""java.util.Locale"", ""method"": ""readObject""}"
186930,reflection,Method.invoke,"{""class"": ""java.util.Locale"", ""method"": ""readResolve""}"
186935,reflection,Method.invoke,"{""class"": ""java.util.Locale"", ""method"": ""readObject""}"
186940,reflection,Method.invoke,"{""class"": ""java.util.Locale"", ""method"": ""readResolve""}"
186945,reflection,Method.invoke,"{""class"": ""java.util.Locale"", ""method"": ""readObject""}"
186950,reflection,Method.invoke,"{""class"": ""java.util.Locale"", ""method"": ""readResolve""}"
186955,reflection,Method.invoke,"{""class"": ""java.util.Locale"", ""method"": ""readObject""}"
186959,reflection,Method.invoke,"{""class"": ""java.util.Locale"", ""method"": ""readResolve""}"
186965,reflection,Method.invoke,"{""class"": ""java.util.Locale"", ""method"": ""readObject""}"
186969,reflection,Method.invoke,"{""class"": ""java.util.Locale"", ""method"": ""readResolve""}"
186974,reflection,Method.invoke,"{""class"": ""java.util.Locale"", ""method"": ""readObject""}"
186979,reflection,Method.invoke,"{""class"": ""java.util.Locale"", ""method"": ""readResolve""}"
186985,reflection,Method.invoke,"{""class"": ""java.util.Locale"", ""method"": ""readObject""}"
186989,reflection,Method.invoke,"{""class"": ""java.util.Locale"", ""method"": ""readResolve""}"
186994,reflection,Method.invoke,"{""class"": ""java.util.Locale"", ""method"": ""readObject""}"
186999,reflection,Method.invoke,"{""class"": ""java.util.Locale"", ""method"": ""readResolve""}"
187004,reflection,Method.invoke,"{""class"": ""java.util.Locale"", ""method"": ""readObject""}"
187009,reflection,Method.invoke,"{""class"": ""java.util.Locale"", ""method"": ""readResolve""}"
187014,reflection,Method.invoke,"{""class"": ""java.util.Locale"", ""method"": ""readObject""}"
187018,reflection,Method.invoke,"{""class"": ""java.util.Locale"", ""method"": ""readResolve""}"
187024,reflection,Method.invoke,"{""class"": ""java.util.Locale"", ""method"": ""readObject""}"
187029,reflection,Method.invoke,"{""class"": ""java.util.Locale"", ""method"": ""readResolve""}"
187034,reflection,Method.invoke,"{""class"": ""java.util.Locale"", ""method"": ""readObject""}"
187042,reflection,Method.invoke,"{""class"": ""java.util.Locale"", ""method"": ""readResolve""}"
187048,reflection,Method.invoke,"{""class"": ""java.util.Locale"", ""method"": ""readObject""}"
187053,reflection,Method.invoke,"{""class"": ""java.util.Locale"", ""method"": ""readResolve""}"
187058,reflection,Method.invoke,"{""class"": ""java.util.Locale"", ""method"": ""readObject""}"
187062,reflection,Method.invoke,"{""class"": ""java.util.Locale"", ""method"": ""readResolve""}"
187067,reflection,Method.invoke,"{""class"": ""java.util.Locale"", ""method"": ""readObject""}"
187072,reflection,Method.invoke,"{""class"": ""java.util.Locale"", ""method"": ""readResolve""}"
187077,reflection,Method.invoke,"{""class"": ""java.util.Locale"", ""method"": ""readObject""}"
187082,reflection,Method.invoke,"{""class"": ""java.util.Locale"", ""method"": ""readResolve""}"
187087,reflection,Method.invoke,"{""class"": ""java.util.Locale"", ""method"": ""readObject""}"
187092,reflection,Method.invoke,"{""class"": ""java.util.Locale"", ""method"": ""readResolve""}"
187097,reflection,Method.invoke,"{""class"": ""java.util.Locale"", ""method"": ""readObject""}"
187102,reflection,Method.invoke,"{""class"": ""java.util.Locale"", ""method"": ""readResolve""}"
187108,reflection,Method.invoke,"{""class"": ""java.util.Locale"", ""method"": ""readObject""}"
187113,reflection,Method.invoke,"{""class"": ""java.util.Locale"", ""method"": ""readResolve""}"
187128,reflection,Method.invoke,"{""class"": ""java.util.Locale"", ""method"": ""readObject""}"
187136,reflection,Method.invoke,"{""class"": ""java.util.Locale"", ""method"": ""readResolve""}"
187141,reflection,Method.invoke,"{""class"": ""java.util.Locale"", ""method"": ""readObject""}"
187149,reflection,Method.invoke,"{""class"": ""java.util.Locale"", ""method"": ""readResolve""}"
187155,reflection,Method.invoke,"{""class"": ""java.util.Locale"", ""method"": ""readObject""}"
187159,reflection,Method.invoke,"{""class"": ""java.util.Locale"", ""method"": ""readResolve""}"
187164,reflection,Method.invoke,"{""class"": ""java.util.Locale"", ""method"": ""readObject""}"
187169,reflection,Method.invoke,"{""class"": ""java.util.Locale"", ""method"": ""readResolve""}"
187174,reflection,Method.invoke,"{""class"": ""java.util.Locale"", ""method"": ""readObject""}"
187179,reflection,Method.invoke,"{""class"": ""java.util.Locale"", ""method"": ""readResolve""}"
187184,reflection,Method.invoke,"{""class"": ""java.util.Locale"", ""method"": ""readObject""}"
187189,reflection,Method.invoke,"{""class"": ""java.util.Locale"", ""method"": ""readResolve""}"
187194,reflection,Method.invoke,"{""class"": ""java.util.Locale"", ""method"": ""readObject""}"
187199,reflection,Method.invoke,"{""class"": ""java.util.Locale"", ""method"": ""readResolve""}"
187204,reflection,Method.invoke,"{""class"": ""java.util.Locale"", ""method"": ""readObject""}"
187208,reflection,Method.invoke,"{""class"": ""java.util.Locale"", ""method"": ""readResolve""}"
187213,reflection,Method.invoke,"{""class"": ""java.util.Locale"", ""method"": ""readObject""}"
187217,reflection,Method.invoke,"{""class"": ""java.util.Locale"", ""method"": ""readResolve""}"
187222,reflection,Method.invoke,"{""class"": ""java.util.Locale"", ""method"": ""readObject""}"
187226,reflection,Method.invoke,"{""class"": ""java.util.Locale"", ""method"": ""readResolve""}"
187231,reflection,Method.invoke,"{""class"": ""java.util.Locale"", ""method"": ""readObject""}"
187236,reflection,Method.invoke,"{""class"": ""java.util.Locale"", ""method"": ""readResolve""}"
187241,reflection,Method.invoke,"{""class"": ""java.util.Locale"", ""method"": ""readObject""}"
187246,reflection,Method.invoke,"{""class"": ""java.util.Locale"", ""method"": ""readResolve""}"
187251,reflection,Method.invoke,"{""class"": ""java.util.Locale"", ""method"": ""readObject""}"
187256,reflection,Method.invoke,"{""class"": ""java.util.Locale"", ""method"": ""readResolve""}"
187262,reflection,Method.invoke,"{""class"": ""java.util.Locale"", ""method"": ""readObject""}"
187266,reflection,Method.invoke,"{""class"": ""java.util.Locale"", ""method"": ""readResolve""}"
187272,reflection,Method.invoke,"{""class"": ""java.util.Locale"", ""method"": ""readObject""}"
187276,reflection,Method.invoke,"{""class"": ""java.util.Locale"", ""method"": ""readResolve""}"
187282,reflection,Method.invoke,"{""class"": ""java.util.Locale"", ""method"": ""readObject""}"
187287,reflection,Method.invoke,"{""class"": ""java.util.Locale"", ""method"": ""readResolve""}"
187292,reflection,Method.invoke,"{""class"": ""java.util.Locale"", ""method"": ""readObject""}"
187297,reflection,Method.invoke,"{""class"": ""java.util.Locale"", ""method"": ""readResolve""}"
187302,reflection,Method.invoke,"{""class"": ""java.util.Locale"", ""method"": ""readObject""}"
187307,reflection,Method.invoke,"{""class"": ""java.util.Locale"", ""method"": ""readResolve""}"
187313,reflection,Method.invoke,"{""class"": ""java.util.Locale"", ""method"": ""readObject""}"
187317,reflection,Method.invoke,"{""class"": ""java.util.Locale"", ""method"": ""readResolve""}"
187322,reflection,Method.invoke,"{""class"": ""java.util.Locale"", ""method"": ""readObject""}"
187327,reflection,Method.invoke,"{""class"": ""java.util.Locale"", ""method"": ""readResolve""}"
187333,reflection,Method.invoke,"{""class"": ""java.util.Locale"", ""method"": ""readObject""}"
187337,reflection,Method.invoke,"{""class"": ""java.util.Locale"", ""method"": ""readResolve""}"
187342,reflection,Method.invoke,"{""class"": ""java.util.Locale"", ""method"": ""readObject""}"
187347,reflection,Method.invoke,"{""class"": ""java.util.Locale"", ""method"": ""readResolve""}"
187352,reflection,Method.invoke,"{""class"": ""java.util.Locale"", ""method"": ""readObject""}"
187357,reflection,Method.invoke,"{""class"": ""java.util.Locale"", ""method"": ""readResolve""}"
187363,reflection,Method.invoke,"{""class"": ""java.util.Locale"", ""method"": ""readObject""}"
187367,reflection,Method.invoke,"{""class"": ""java.util.Locale"", ""method"": ""readResolve""}"
187373,reflection,Method.invoke,"{""class"": ""java.util.Locale"", ""method"": ""readObject""}"
187378,reflection,Method.invoke,"{""class"": ""java.util.Locale"", ""method"": ""readResolve""}"
187383,reflection,Method.invoke,"{""class"": ""java.util.Locale"", ""method"": ""readObject""}"
187388,reflection,Method.invoke,"{""class"": ""java.util.Locale"", ""method"": ""readResolve""}"
187393,reflection,Method.invoke,"{""class"": ""java.util.Locale"", ""method"": ""readObject""}"
187397,reflection,Method.invoke,"{""class"": ""java.util.Locale"", ""method"": ""readResolve""}"
187403,reflection,Method.invoke,"{""class"": ""java.util.Locale"", ""method"": ""readObject""}"
187407,reflection,Method.invoke,"{""class"": ""java.util.Locale"", ""method"": ""readResolve""}"
187412,reflection,Method.invoke,"{""class"": ""java.util.Locale"", ""method"": ""readObject""}"
187417,reflection,Method.invoke,"{""class"": ""java.util.Locale"", ""method"": ""readResolve""}"
187423,reflection,Method.invoke,"{""class"": ""java.util.Locale"", ""method"": ""readObject""}"
187428,reflection,Method.invoke,"{""class"": ""java.util.Locale"", ""method"": ""readResolve""}"
187433,reflection,Method.invoke,"{""class"": ""java.util.Locale"", ""method"": ""readObject""}"
187438,reflection,Method.invoke,"{""class"": ""java.util.Locale"", ""method"": ""readResolve""}"
187443,reflection,Method.invoke,"{""class"": ""java.util.Locale"", ""method"": ""readObject""}"
187448,reflection,Method.invoke,"{""class"": ""java.util.Locale"", ""method"": ""readResolve""}"
187453,reflection,Method.invoke,"{""class"": ""java.util.Locale"", ""method"": ""readObject""}"
187457,reflection,Method.invoke,"{""class"": ""java.util.Locale"", ""method"": ""readResolve""}"
187462,reflection,Method.invoke,"{""class"": ""java.util.Locale"", ""method"": ""readObject""}"
187467,reflection,Method.invoke,"{""class"": ""java.util.Locale"", ""method"": ""readResolve""}"
187473,reflection,Method.invoke,"{""class"": ""java.util.Locale"", ""method"": ""readObject""}"
187477,reflection,Method.invoke,"{""class"": ""java.util.Locale"", ""method"": ""readResolve""}"
187482,reflection,Method.invoke,"{""class"": ""java.util.Locale"", ""method"": ""readObject""}"
187487,reflection,Method.invoke,"{""class"": ""java.util.Locale"", ""method"": ""readResolve""}"
187492,reflection,Method.invoke,"{""class"": ""java.util.Locale"", ""method"": ""readObject""}"
187497,reflection,Method.invoke,"{""class"": ""java.util.Locale"", ""method"": ""readResolve""}"
187502,reflection,Method.invoke,"{""class"": ""java.util.Locale"", ""method"": ""readObject""}"
187508,reflection,Method.invoke,"{""class"": ""java.util.Locale"", ""method"": ""readResolve""}"
187513,reflection,Method.invoke,"{""class"": ""java.util.Locale"", ""method"": ""readObject""}"
187518,reflection,Method.invoke,"{""class"": ""java.util.Locale"", ""method"": ""readResolve""}"
187523,reflection,Method.invoke,"{""class"": ""java.util.Locale"", ""method"": ""readObject""}"
187532,reflection,Method.invoke,"{""class"": ""java.util.Locale"", ""method"": ""readResolve""}"
187538,reflection,Method.invoke,"{""class"": ""java.util.Locale"", ""method"": ""readObject""}"
187542,reflection,Method.invoke,"{""class"": ""java.util.Locale"", ""method"": ""readResolve""}"
187548,reflection,Method.invoke,"{""class"": ""java.util.Locale"", ""method"": ""readObject""}"
187553,reflection,Method.invoke,"{""class"": ""java.util.Locale"", ""method"": ""readResolve""}"
187558,reflection,Method.invoke,"{""class"": ""java.util.Locale"", ""method"": ""readObject""}"
187567,reflection,Method.invoke,"{""class"": ""java.util.Locale"", ""method"": ""readResolve""}"
187573,reflection,Method.invoke,"{""class"": ""java.util.Locale"", ""method"": ""readObject""}"
187577,reflection,Method.invoke,"{""class"": ""java.util.Locale"", ""method"": ""readResolve""}"
187583,reflection,Method.invoke,"{""class"": ""java.util.Locale"", ""method"": ""readObject""}"
187587,reflection,Method.invoke,"{""class"": ""java.util.Locale"", ""method"": ""readResolve""}"
187593,reflection,Method.invoke,"{""class"": ""java.util.Locale"", ""method"": ""readObject""}"
187598,reflection,Method.invoke,"{""class"": ""java.util.Locale"", ""method"": ""readResolve""}"
187608,reflection,Method.invoke,"{""class"": ""java.util.Locale"", ""method"": ""readObject""}"
187613,reflection,Method.invoke,"{""class"": ""java.util.Locale"", ""method"": ""readResolve""}"
187618,reflection,Method.invoke,"{""class"": ""java.util.Locale"", ""method"": ""readObject""}"
187623,reflection,Method.invoke,"{""class"": ""java.util.Locale"", ""method"": ""readResolve""}"
187628,reflection,Method.invoke,"{""class"": ""java.util.Locale"", ""method"": ""readObject""}"
187633,reflection,Method.invoke,"{""class"": ""java.util.Locale"", ""method"": ""readResolve""}"
187639,reflection,Method.invoke,"{""class"": ""java.util.Locale"", ""method"": ""readObject""}"
187643,reflection,Method.invoke,"{""class"": ""java.util.Locale"", ""method"": ""readResolve""}"
187649,reflection,Method.invoke,"{""class"": ""java.util.Locale"", ""method"": ""readObject""}"
187653,reflection,Method.invoke,"{""class"": ""java.util.Locale"", ""method"": ""readResolve""}"
187659,reflection,Method.invoke,"{""class"": ""java.util.Locale"", ""method"": ""readObject""}"
187663,reflection,Method.invoke,"{""class"": ""java.util.Locale"", ""method"": ""readResolve""}"
187674,reflection,Method.invoke,"{""class"": ""java.util.Locale"", ""method"": ""readObject""}"
187679,reflection,Method.invoke,"{""class"": ""java.util.Locale"", ""method"": ""readResolve""}"
187684,reflection,Method.invoke,"{""class"": ""java.util.Locale"", ""method"": ""readObject""}"
187689,reflection,Method.invoke,"{""class"": ""java.util.Locale"", ""method"": ""readResolve""}"
187694,reflection,Method.invoke,"{""class"": ""java.util.Locale"", ""method"": ""readObject""}"
187698,reflection,Method.invoke,"{""class"": ""java.util.Locale"", ""method"": ""readResolve""}"
187708,reflection,Method.invoke,"{""class"": ""java.util.Locale"", ""method"": ""readObject""}"
187713,reflection,Method.invoke,"{""class"": ""java.util.Locale"", ""method"": ""readResolve""}"
187718,reflection,Method.invoke,"{""class"": ""java.util.Locale"", ""method"": ""readObject""}"
187723,reflection,Method.invoke,"{""class"": ""java.util.Locale"", ""method"": ""readResolve""}"
187728,reflection,Method.invoke,"{""class"": ""java.util.Locale"", ""method"": ""readObject""}"
187733,reflection,Method.invoke,"{""class"": ""java.util.Locale"", ""method"": ""readResolve""}"
187738,reflection,Method.invoke,"{""class"": ""java.util.Locale"", ""method"": ""readObject""}"
187742,reflection,Method.invoke,"{""class"": ""java.util.Locale"", ""method"": ""readResolve""}"
187748,reflection,Method.invoke,"{""class"": ""java.util.Locale"", ""method"": ""readObject""}"
187752,reflection,Method.invoke,"{""class"": ""java.util.Locale"", ""method"": ""readResolve""}"
187757,reflection,Method.invoke,"{""class"": ""java.util.Locale"", ""method"": ""readObject""}"
187762,reflection,Method.invoke,"{""class"": ""java.util.Locale"", ""method"": ""readResolve""}"
187768,reflection,Method.invoke,"{""class"": ""java.util.Locale"", ""method"": ""readObject""}"
187774,reflection,Method.invoke,"{""class"": ""java.util.Locale"", ""method"": ""readResolve""}"
187779,reflection,Method.invoke,"{""class"": ""java.util.Locale"", ""method"": ""readObject""}"
187784,reflection,Method.invoke,"{""class"": ""java.util.Locale"", ""method"": ""readResolve""}"
187789,reflection,Method.invoke,"{""class"": ""java.util.Locale"", ""method"": ""readObject""}"
187794,reflection,Method.invoke,"{""class"": ""java.util.Locale"", ""method"": ""readResolve""}"
187799,reflection,Method.invoke,"{""class"": ""java.util.Locale"", ""method"": ""readObject""}"
187804,reflection,Method.invoke,"{""class"": ""java.util.Locale"", ""method"": ""readResolve""}"
187810,reflection,Method.invoke,"{""class"": ""java.util.Locale"", ""method"": ""readObject""}"
187814,reflection,Method.invoke,"{""class"": ""java.util.Locale"", ""method"": ""readResolve""}"
187819,reflection,Method.invoke,"{""class"": ""java.util.Locale"", ""method"": ""readObject""}"
187824,reflection,Method.invoke,"{""class"": ""java.util.Locale"", ""method"": ""readResolve""}"
187829,reflection,Method.invoke,"{""class"": ""java.util.Locale"", ""method"": ""readObject""}"
187834,reflection,Method.invoke,"{""class"": ""java.util.Locale"", ""method"": ""readResolve""}"
187845,reflection,Method.invoke,"{""class"": ""java.util.Locale"", ""method"": ""readObject""}"
187850,reflection,Method.invoke,"{""class"": ""java.util.Locale"", ""method"": ""readResolve""}"
187855,reflection,Method.invoke,"{""class"": ""java.util.Locale"", ""method"": ""readObject""}"
187860,reflection,Method.invoke,"{""class"": ""java.util.Locale"", ""method"": ""readResolve""}"
187865,reflection,Method.invoke,"{""class"": ""java.util.Locale"", ""method"": ""readObject""}"
187870,reflection,Method.invoke,"{""class"": ""java.util.Locale"", ""method"": ""readResolve""}"
187875,reflection,Method.invoke,"{""class"": ""java.util.Locale"", ""method"": ""readObject""}"
187879,reflection,Method.invoke,"{""class"": ""java.util.Locale"", ""method"": ""readResolve""}"
187884,reflection,Method.invoke,"{""class"": ""java.util.Locale"", ""method"": ""readObject""}"
187895,reflection,Method.invoke,"{""class"": ""java.util.Locale"", ""method"": ""readResolve""}"
187900,reflection,Method.invoke,"{""class"": ""java.util.Locale"", ""method"": ""readObject""}"
187905,reflection,Method.invoke,"{""class"": ""java.util.Locale"", ""method"": ""readResolve""}"
187910,reflection,Method.invoke,"{""class"": ""java.util.Locale"", ""method"": ""readObject""}"
187915,reflection,Method.invoke,"{""class"": ""java.util.Locale"", ""method"": ""readResolve""}"
187920,reflection,Method.invoke,"{""class"": ""java.util.Locale"", ""method"": ""readObject""}"
187925,reflection,Method.invoke,"{""class"": ""java.util.Locale"", ""method"": ""readResolve""}"
187930,reflection,Method.invoke,"{""class"": ""java.util.Locale"", ""method"": ""readObject""}"
187935,reflection,Method.invoke,"{""class"": ""java.util.Locale"", ""method"": ""readResolve""}"
187940,reflection,Method.invoke,"{""class"": ""java.util.Locale"", ""method"": ""readObject""}"
187945,reflection,Method.invoke,"{""class"": ""java.util.Locale"", ""method"": ""readResolve""}"
187950,reflection,Method.invoke,"{""class"": ""java.util.Locale"", ""method"": ""readObject""}"
187955,reflection,Method.invoke,"{""class"": ""java.util.Locale"", ""method"": ""readResolve""}"
187960,reflection,Method.invoke,"{""class"": ""java.util.Locale"", ""method"": ""readObject""}"
187964,reflection,Method.invoke,"{""class"": ""java.util.Locale"", ""method"": ""readResolve""}"
187969,reflection,Method.invoke,"{""class"": ""java.util.Locale"", ""method"": ""readObject""}"
187975,reflection,Method.invoke,"{""class"": ""java.util.Locale"", ""method"": ""readResolve""}"
187981,reflection,Method.invoke,"{""class"": ""java.util.Locale"", ""method"": ""readObject""}"
187986,reflection,Method.invoke,"{""class"": ""java.util.Locale"", ""method"": ""readResolve""}"
187991,reflection,Method.invoke,"{""class"": ""java.util.Locale"", ""method"": ""readObject""}"
187996,reflection,Method.invoke,"{""class"": ""java.util.Locale"", ""method"": ""readResolve""}"
188002,reflection,Method.invoke,"{""class"": ""java.util.Locale"", ""method"": ""readObject""}"
188006,reflection,Method.invoke,"{""class"": ""java.util.Locale"", ""method"": ""readResolve""}"
188012,reflection,Method.invoke,"{""class"": ""java.util.Locale"", ""method"": ""readObject""}"
188016,reflection,Method.invoke,"{""class"": ""java.util.Locale"", ""method"": ""readResolve""}"
188021,reflection,Method.invoke,"{""class"": ""java.util.Locale"", ""method"": ""readObject""}"
188026,reflection,Method.invoke,"{""class"": ""java.util.Locale"", ""method"": ""readResolve""}"
188031,reflection,Method.invoke,"{""class"": ""java.util.Locale"", ""method"": ""readObject""}"
188035,reflection,Method.invoke,"{""class"": ""java.util.Locale"", ""method"": ""readResolve""}"
188041,reflection,Method.invoke,"{""class"": ""java.util.Locale"", ""method"": ""readObject""}"
188046,reflection,Method.invoke,"{""class"": ""java.util.Locale"", ""method"": ""readResolve""}"
188050,reflection,Method.invoke,"{""class"": ""java.util.Locale"", ""method"": ""readObject""}"
188055,reflection,Method.invoke,"{""class"": ""java.util.Locale"", ""method"": ""readResolve""}"
188061,reflection,Method.invoke,"{""class"": ""java.util.Locale"", ""method"": ""readObject""}"
188067,reflection,Method.invoke,"{""class"": ""java.util.Locale"", ""method"": ""readResolve""}"
188074,reflection,Method.invoke,"{""class"": ""java.util.Locale"", ""method"": ""readObject""}"
188081,reflection,Method.invoke,"{""class"": ""java.util.Locale"", ""method"": ""readResolve""}"
188087,reflection,Method.invoke,"{""class"": ""java.util.Locale"", ""method"": ""readObject""}"
188092,reflection,Method.invoke,"{""class"": ""java.util.Locale"", ""method"": ""readResolve""}"
188099,reflection,Method.invoke,"{""class"": ""java.util.Locale"", ""method"": ""readObject""}"
188104,reflection,Method.invoke,"{""class"": ""java.util.Locale"", ""method"": ""readResolve""}"
188109,reflection,Method.invoke,"{""class"": ""java.util.Locale"", ""method"": ""readObject""}"
188114,reflection,Method.invoke,"{""class"": ""java.util.Locale"", ""method"": ""readResolve""}"
188119,reflection,Method.invoke,"{""class"": ""java.util.Locale"", ""method"": ""readObject""}"
188123,reflection,Method.invoke,"{""class"": ""java.util.Locale"", ""method"": ""readResolve""}"
188128,reflection,Method.invoke,"{""class"": ""java.util.Locale"", ""method"": ""readObject""}"
188133,reflection,Method.invoke,"{""class"": ""java.util.Locale"", ""method"": ""readResolve""}"
188138,reflection,Method.invoke,"{""class"": ""java.util.Locale"", ""method"": ""readObject""}"
188142,reflection,Method.invoke,"{""class"": ""java.util.Locale"", ""method"": ""readResolve""}"
188147,reflection,Method.invoke,"{""class"": ""java.util.Locale"", ""method"": ""readObject""}"
188152,reflection,Method.invoke,"{""class"": ""java.util.Locale"", ""method"": ""readResolve""}"
188157,reflection,Method.invoke,"{""class"": ""java.util.Locale"", ""method"": ""readObject""}"
188162,reflection,Method.invoke,"{""class"": ""java.util.Locale"", ""method"": ""readResolve""}"
188167,reflection,Method.invoke,"{""class"": ""java.util.Locale"", ""method"": ""readObject""}"
188172,reflection,Method.invoke,"{""class"": ""java.util.Locale"", ""method"": ""readResolve""}"
188178,reflection,Method.invoke,"{""class"": ""java.util.Locale"", ""method"": ""readObject""}"
188182,reflection,Method.invoke,"{""class"": ""java.util.Locale"", ""method"": ""readResolve""}"
188187,reflection,Method.invoke,"{""class"": ""java.util.Locale"", ""method"": ""readObject""}"
188191,reflection,Method.invoke,"{""class"": ""java.util.Locale"", ""method"": ""readResolve""}"
188198,reflection,Method.invoke,"{""class"": ""java.util.Locale"", ""method"": ""readObject""}"
188203,reflection,Method.invoke,"{""class"": ""java.util.Locale"", ""method"": ""readResolve""}"
188208,reflection,Method.invoke,"{""class"": ""java.util.Locale"", ""method"": ""readObject""}"
188212,reflection,Method.invoke,"{""class"": ""java.util.Locale"", ""method"": ""readResolve""}"
188217,reflection,Method.invoke,"{""class"": ""java.util.Locale"", ""method"": ""readObject""}"
188222,reflection,Method.invoke,"{""class"": ""java.util.Locale"", ""method"": ""readResolve""}"
188227,reflection,Method.invoke,"{""class"": ""java.util.Locale"", ""method"": ""readObject""}"
188232,reflection,Method.invoke,"{""class"": ""java.util.Locale"", ""method"": ""readResolve""}"
188237,reflection,Method.invoke,"{""class"": ""java.util.Locale"", ""method"": ""readObject""}"
188242,reflection,Method.invoke,"{""class"": ""java.util.Locale"", ""method"": ""readResolve""}"
188247,reflection,Method.invoke,"{""class"": ""java.util.Locale"", ""method"": ""readObject""}"
188252,reflection,Method.invoke,"{""class"": ""java.util.Locale"", ""method"": ""readResolve""}"
188257,reflection,Method.invoke,"{""class"": ""java.util.Locale"", ""method"": ""readObject""}"
188262,reflection,Method.invoke,"{""class"": ""java.util.Locale"", ""method"": ""readResolve""}"
188268,reflection,Method.invoke,"{""class"": ""java.util.Locale"", ""method"": ""readObject""}"
188273,reflection,Method.invoke,"{""class"": ""java.util.Locale"", ""method"": ""readResolve""}"
188278,reflection,Method.invoke,"{""class"": ""java.util.Locale"", ""method"": ""readObject""}"
188282,reflection,Method.invoke,"{""class"": ""java.util.Locale"", ""method"": ""readResolve""}"
188287,reflection,Method.invoke,"{""class"": ""java.util.Locale"", ""method"": ""readObject""}"
188291,reflection,Method.invoke,"{""class"": ""java.util.Locale"", ""method"": ""readResolve""}"
188296,reflection,Method.invoke,"{""class"": ""java.util.Locale"", ""method"": ""readObject""}"
188301,reflection,Method.invoke,"{""class"": ""java.util.Locale"", ""method"": ""readResolve""}"
188306,reflection,Method.invoke,"{""class"": ""java.util.Locale"", ""method"": ""readObject""}"
188311,reflection,Method.invoke,"{""class"": ""java.util.Locale"", ""method"": ""readResolve""}"
188317,reflection,Method.invoke,"{""class"": ""java.util.Locale"", ""method"": ""readObject""}"
188321,reflection,Method.invoke,"{""class"": ""java.util.Locale"", ""method"": ""readResolve""}"
188324,storage,SharedPreferences.apply,{}
188333,database,SQLiteDatabase.rawQuery,"{""sql"": ""SELECT SUM(endSteps - startSteps) AS sumSteps  FROM hours WHERE date = 20260715 GROUP BY date""}"
188349,database,SQLiteDatabase.rawQuery,"{""sql"": ""SELECT SUM(endSteps - startSteps) AS sumSteps  FROM hours WHERE date = 20260715 GROUP BY date""}"
188358,notifications,NotificationManager.notify,"{""id"": 1001}"
188360,notifications,NotificationManager.notify,"{""id"": 1001, ""tag"": null}"
188363,notifications,NotificationManager.notifyAsUser,"{""id"": 1001, ""tag"": null}"
203425,database,SQLiteDatabase.rawQuery,"{""sql"": ""SELECT SUM(endSteps - startSteps) AS sumSteps  FROM hours WHERE date = 20260715 GROUP BY date""}"
203439,database,SQLiteDatabase.rawQuery,"{""sql"": ""SELECT count(date) AS onTarget, sumSteps FROM (SELECT date, SUM(endSteps - startSteps) as sumSteps FROM hours GROUP BY date) WHERE sumSteps > 10000""}"
203453,database,SQLiteDatabase.rawQuery,"{""sql"": ""SELECT CAST(AVG(sumSteps) AS INTEGER) AS maxSteps FROM (SELECT SUM(endSteps - startSteps) AS sumSteps FROM hours GROUP BY date)""}"
203466,database,SQLiteDatabase.rawQuery,"{""sql"": ""SELECT CAST((sumSteps) AS INTEGER) AS maxSteps, date FROM (SELECT SUM(endSteps - startSteps) AS sumSteps,  date FROM hours GROUP BY date) ORDER BY maxSteps DESC LIMIT 1""}"
205300,lifecycle,hook_loaded,"{""stage"": ""java_perform"", ""version"": ""3""}"
205759,storage,SharedPreferences.getString,"{""key"": ""prefTheme""}"
205770,storage,SharedPreferences.getString,"{""key"": ""prefThemeBase""}"
205861,reflection,Method.invoke,"{""class"": ""android.view.ViewGroup"", ""method"": ""makeOptionalFitsSystemWindows""}"
205890,database,SQLiteDatabase.rawQuery,"{""sql"": ""SELECT date FROM hours WHERE edit IS NOT 1  ORDER BY _id DESC LIMIT 1""}"
205924,database,SQLiteDatabase.rawQuery,"{""sql"": ""SELECT startSteps FROM hours WHERE edit IS NOT 1  ORDER BY _id DESC LIMIT 1""}"
205958,database,SQLiteDatabase.rawQuery,"{""sql"": ""SELECT date FROM hours WHERE edit IS NOT 1  ORDER BY _id DESC LIMIT 1""}"
205992,database,SQLiteDatabase.rawQuery,"{""sql"": ""SELECT startSteps FROM hours WHERE edit IS NOT 1  ORDER BY _id DESC LIMIT 1""}"
206034,storage,SharedPreferences.getString,"{""key"": ""prefFirstDayOfWeek""}"
206047,storage,SharedPreferences.getString,"{""key"": ""prefLastTimeUnit""}"
206054,storage,SharedPreferences.getString,"{""key"": ""prefFirstDayOfWeek""}"
206068,database,SQLiteDatabase.rawQuery,"{""sql"": ""SELECT SUM(endSteps - startSteps) AS sumSteps  FROM hours WHERE date = 20260715 GROUP BY date""}"
206094,database,SQLiteDatabase.rawQuery,"{""sql"": ""SELECT SUM(endSteps - startSteps) AS sumSteps,  CAST(STRFTIME('%W', DATE(SUBSTR(date, 1, 4) || '-' || SUBSTR(date, 5, 2) || '-' || SUBSTR(date, 7, 2), \""+1 day\"")) AS int) AS week  FROM hours WHERE week""}"
206114,database,SQLiteDatabase.rawQuery,"{""sql"": ""SELECT SUM(endSteps - startSteps) AS sumSteps,  CAST(SUBSTR(date, 5, 2) AS INT) AS month  FROM hours WHERE month = SUBSTR(20260715, 5, 2)  AND SUBSTR(date, 1, 4) = '2026' GROUP BY month ""}"
206132,database,SQLiteDatabase.rawQuery,"{""sql"": ""SELECT SUM(endSteps - startSteps) AS sumSteps,  CAST(SUBSTR(date, 1, 4) AS INT) AS year  FROM hours WHERE year = SUBSTR(20260715, 1, 4)  GROUP BY year ""}"
206172,reflection,Method.invoke,"{""class"": ""android.view.View"", ""method"": ""getElevation""}"
206191,reflection,Method.invoke,"{""class"": ""android.view.View"", ""method"": ""getViewRootImpl""}"
206201,reflection,Method.invoke,"{""class"": ""android.view.View"", ""method"": ""getViewRootImpl""}"
206211,reflection,Method.invoke,"{""class"": ""android.view.View"", ""method"": ""getViewRootImpl""}"
206221,reflection,Method.invoke,"{""class"": ""android.view.View"", ""method"": ""getViewRootImpl""}"
206229,reflection,Method.invoke,"{""class"": ""android.view.View"", ""method"": ""getViewRootImpl""}"
206240,reflection,Method.invoke,"{""class"": ""android.view.View"", ""method"": ""getViewRootImpl""}"
206254,reflection,Method.invoke,"{""class"": ""android.view.View"", ""method"": ""getViewRootImpl""}"
206263,reflection,Method.invoke,"{""class"": ""android.view.View"", ""method"": ""getViewRootImpl""}"
206272,reflection,Method.invoke,"{""class"": ""android.view.View"", ""method"": ""getViewRootImpl""}"
206283,reflection,Method.invoke,"{""class"": ""android.view.View"", ""method"": ""getViewRootImpl""}"
206292,reflection,Method.invoke,"{""class"": ""android.view.View"", ""method"": ""getViewRootImpl""}"
206303,reflection,Method.invoke,"{""class"": ""android.view.View"", ""method"": ""getViewRootImpl""}"
231137,database,SQLiteDatabase.rawQuery,"{""sql"": ""SELECT SUM(endSteps - startSteps) AS sumSteps,  CAST(SUBSTR(date, 5, 2) AS INT) AS month  FROM hours WHERE month = SUBSTR(20260715, 5, 2)  AND SUBSTR(date, 1, 4) = '2026' GROUP BY month ""}"
231151,database,SQLiteDatabase.rawQuery,"{""sql"": ""SELECT count(month) AS onTarget, sumSteps FROM(SELECT SUBSTR(firstOfMonth,6,2) AS month, (CAST( STRFTIME( '%d',  DATE(firstOfMonth,'start of month','+1 month','-1 day') ) AS INTEGER)*10000)   AS targe""}"
231164,database,SQLiteDatabase.rawQuery,"{""sql"": ""SELECT CAST((sumSteps) AS INTEGER) AS maxSteps, date FROM (SELECT SUM(endSteps - startSteps) AS sumSteps,  CAST(SUBSTR(date, 5, 2) AS INT) AS month,  CAST(SUBSTR(date, 1, 4) AS INT) AS year, date FROM""}"
253599,lifecycle,hook_loaded,"{""stage"": ""java_perform"", ""version"": ""3""}"
267045,reflection,Method.invoke,"{""class"": ""android.view.ViewGroup"", ""method"": ""makeOptionalFitsSystemWindows""}"
267067,reflection,Method.invoke,"{""class"": ""android.view.View"", ""method"": ""getViewRootImpl""}"
267073,reflection,Method.invoke,"{""class"": ""android.view.View"", ""method"": ""getViewRootImpl""}"
267082,reflection,Method.invoke,"{""class"": ""android.view.View"", ""method"": ""getViewRootImpl""}"
267091,reflection,Method.invoke,"{""class"": ""android.view.View"", ""method"": ""getViewRootImpl""}"
267097,reflection,Method.invoke,"{""class"": ""android.view.View"", ""method"": ""getViewRootImpl""}"
267106,reflection,Method.invoke,"{""class"": ""android.view.View"", ""method"": ""getViewRootImpl""}"
267114,reflection,Method.invoke,"{""class"": ""android.view.View"", ""method"": ""getViewRootImpl""}"
267120,reflection,Method.invoke,"{""class"": ""android.view.View"", ""method"": ""getViewRootImpl""}"
267135,reflection,Method.invoke,"{""class"": ""android.view.View"", ""method"": ""getViewRootImpl""}"
267147,reflection,Method.invoke,"{""class"": ""android.view.View"", ""method"": ""getViewRootImpl""}"
267156,reflection,Method.invoke,"{""class"": ""android.view.View"", ""method"": ""getViewRootImpl""}"
267162,reflection,Method.invoke,"{""class"": ""android.view.View"", ""method"": ""getViewRootImpl""}"
267172,reflection,Method.invoke,"{""class"": ""android.view.View"", ""method"": ""getViewRootImpl""}"
267207,reflection,Method.invoke,"{""class"": ""android.view.View"", ""method"": ""getViewRootImpl""}"
267217,reflection,Method.invoke,"{""class"": ""android.view.View"", ""method"": ""getViewRootImpl""}"
267224,reflection,Method.invoke,"{""class"": ""android.view.View"", ""method"": ""getViewRootImpl""}"
267234,reflection,Method.invoke,"{""class"": ""android.view.View"", ""method"": ""getViewRootImpl""}"
267239,reflection,Method.invoke,"{""class"": ""android.view.View"", ""method"": ""getViewRootImpl""}"
267252,reflection,Method.invoke,"{""class"": ""android.view.View"", ""method"": ""getViewRootImpl""}"
267270,reflection,Method.invoke,"{""class"": ""android.view.View"", ""method"": ""getViewRootImpl""}"
267280,reflection,Method.invoke,"{""class"": ""android.view.View"", ""method"": ""getViewRootImpl""}"
267288,reflection,Method.invoke,"{""class"": ""android.view.View"", ""method"": ""getViewRootImpl""}"
267298,reflection,Method.invoke,"{""class"": ""android.view.View"", ""method"": ""getViewRootImpl""}"
267306,reflection,Method.invoke,"{""class"": ""android.view.View"", ""method"": ""getViewRootImpl""}"
267318,reflection,Method.invoke,"{""class"": ""android.view.View"", ""method"": ""getViewRootImpl""}"
271130,database,SQLiteDatabase.rawQuery,"{""sql"": ""SELECT SUM(endSteps - startSteps) AS sumSteps  FROM hours WHERE date = 20260715 GROUP BY date""}"
271157,database,SQLiteDatabase.rawQuery,"{""sql"": ""SELECT SUM(endSteps - startSteps) AS sumSteps  FROM hours WHERE date = 20260715 GROUP BY date""}"
271169,notifications,NotificationManager.notify,"{""id"": 1001}"
271172,notifications,NotificationManager.notify,"{""id"": 1001, ""tag"": null}"
271177,notifications,NotificationManager.notifyAsUser,"{""id"": 1001, ""tag"": null}"
326006,lifecycle,hook_loaded,"{""stage"": ""java_perform"", ""version"": ""3""}"
345218,database,SQLiteDatabase.rawQuery,"{""sql"": ""SELECT SUM(endSteps - startSteps) AS sumSteps,  CAST(SUBSTR(date, 1, 4) AS INT) AS year  FROM hours WHERE year = SUBSTR(20260715, 1, 4)  GROUP BY year ""}"
345239,database,SQLiteDatabase.rawQuery,"{""sql"": ""SELECT count(year) AS onTarget, sumSteps FROM (SELECT SUM(endSteps - startSteps) AS sumSteps,  CAST(SUBSTR(date, 1, 4) AS INT) AS year  FROM hours GROUP BY year )WHERE sumSteps > 3650000""}"
345254,database,SQLiteDatabase.rawQuery,"{""sql"": ""SELECT CAST((sumSteps) AS INTEGER) AS maxSteps, date FROM (SELECT SUM(endSteps - startSteps) AS sumSteps,  CAST(SUBSTR(date, 1, 4) AS INT) AS year, date FROM hours GROUP BY year ) ORDER BY maxSteps DE""}"
346829,lifecycle,hook_loaded,"{""stage"": ""java_perform"", ""version"": ""3""}"
347250,storage,SharedPreferences.getString,"{""key"": ""prefTheme""}"
347252,storage,SharedPreferences.getString,"{""key"": ""prefThemeBase""}"
347298,reflection,Method.invoke,"{""class"": ""android.view.ViewGroup"", ""method"": ""makeOptionalFitsSystemWindows""}"
347314,database,SQLiteDatabase.rawQuery,"{""sql"": ""SELECT date FROM hours WHERE edit IS NOT 1  ORDER BY _id DESC LIMIT 1""}"
347318,database,SQLiteDatabase.rawQuery,"{""sql"": ""SELECT startSteps FROM hours WHERE edit IS NOT 1  ORDER BY _id DESC LIMIT 1""}"
347328,database,SQLiteDatabase.rawQuery,"{""sql"": ""SELECT date FROM hours WHERE edit IS NOT 1  ORDER BY _id DESC LIMIT 1""}"
347331,database,SQLiteDatabase.rawQuery,"{""sql"": ""SELECT startSteps FROM hours WHERE edit IS NOT 1  ORDER BY _id DESC LIMIT 1""}"
347348,storage,SharedPreferences.getString,"{""key"": ""prefFirstDayOfWeek""}"
347411,storage,SharedPreferences.getString,"{""key"": ""prefLastTimeUnit""}"
347412,storage,SharedPreferences.getString,"{""key"": ""prefFirstDayOfWeek""}"
347413,database,SQLiteDatabase.rawQuery,"{""sql"": ""SELECT SUM(endSteps - startSteps) AS sumSteps  FROM hours WHERE date = 20260715 GROUP BY date""}"
347424,database,SQLiteDatabase.rawQuery,"{""sql"": ""SELECT SUM(endSteps - startSteps) AS sumSteps,  CAST(STRFTIME('%W', DATE(SUBSTR(date, 1, 4) || '-' || SUBSTR(date, 5, 2) || '-' || SUBSTR(date, 7, 2), \""+1 day\"")) AS int) AS week  FROM hours WHERE week""}"
347428,database,SQLiteDatabase.rawQuery,"{""sql"": ""SELECT SUM(endSteps - startSteps) AS sumSteps,  CAST(SUBSTR(date, 5, 2) AS INT) AS month  FROM hours WHERE month = SUBSTR(20260715, 5, 2)  AND SUBSTR(date, 1, 4) = '2026' GROUP BY month ""}"
347431,database,SQLiteDatabase.rawQuery,"{""sql"": ""SELECT SUM(endSteps - startSteps) AS sumSteps,  CAST(SUBSTR(date, 1, 4) AS INT) AS year  FROM hours WHERE year = SUBSTR(20260715, 1, 4)  GROUP BY year ""}"
347446,reflection,Method.invoke,"{""class"": ""android.view.View"", ""method"": ""getElevation""}"
347453,reflection,Method.invoke,"{""class"": ""android.view.View"", ""method"": ""getViewRootImpl""}"
347453,reflection,Method.invoke,"{""class"": ""android.view.View"", ""method"": ""getViewRootImpl""}"
347454,reflection,Method.invoke,"{""class"": ""android.view.View"", ""method"": ""getViewRootImpl""}"
347454,reflection,Method.invoke,"{""class"": ""android.view.View"", ""method"": ""getViewRootImpl""}"
347454,reflection,Method.invoke,"{""class"": ""android.view.View"", ""method"": ""getViewRootImpl""}"
347455,reflection,Method.invoke,"{""class"": ""android.view.View"", ""method"": ""getViewRootImpl""}"
347460,reflection,Method.invoke,"{""class"": ""android.view.View"", ""method"": ""getViewRootImpl""}"
347461,reflection,Method.invoke,"{""class"": ""android.view.View"", ""method"": ""getViewRootImpl""}"
347463,reflection,Method.invoke,"{""class"": ""android.view.View"", ""method"": ""getViewRootImpl""}"
347465,reflection,Method.invoke,"{""class"": ""android.view.View"", ""method"": ""getViewRootImpl""}"
347467,reflection,Method.invoke,"{""class"": ""android.view.View"", ""method"": ""getViewRootImpl""}"
347467,reflection,Method.invoke,"{""class"": ""android.view.View"", ""method"": ""getViewRootImpl""}"
368012,reflection,Method.invoke,"{""class"": ""android.view.ViewGroup"", ""method"": ""makeOptionalFitsSystemWindows""}"
368028,reflection,Method.invoke,"{""class"": ""android.view.View"", ""method"": ""getViewRootImpl""}"
368029,reflection,Method.invoke,"{""class"": ""android.view.View"", ""method"": ""getViewRootImpl""}"
368032,reflection,Method.invoke,"{""class"": ""android.view.View"", ""method"": ""getViewRootImpl""}"
368032,reflection,Method.invoke,"{""class"": ""android.view.View"", ""method"": ""getViewRootImpl""}"
368034,reflection,Method.invoke,"{""class"": ""android.view.View"", ""method"": ""getViewRootImpl""}"
368034,reflection,Method.invoke,"{""class"": ""android.view.View"", ""method"": ""getViewRootImpl""}"
368035,reflection,Method.invoke,"{""class"": ""android.view.View"", ""method"": ""getViewRootImpl""}"
368035,reflection,Method.invoke,"{""class"": ""android.view.View"", ""method"": ""getViewRootImpl""}"
368040,reflection,Method.invoke,"{""class"": ""android.view.View"", ""method"": ""getViewRootImpl""}"
368041,reflection,Method.invoke,"{""class"": ""android.view.View"", ""method"": ""getViewRootImpl""}"
368042,reflection,Method.invoke,"{""class"": ""android.view.View"", ""method"": ""getViewRootImpl""}"
368043,reflection,Method.invoke,"{""class"": ""android.view.View"", ""method"": ""getViewRootImpl""}"
368045,reflection,Method.invoke,"{""class"": ""android.view.View"", ""method"": ""getViewRootImpl""}"
368087,reflection,Method.invoke,"{""class"": ""android.view.View"", ""method"": ""getViewRootImpl""}"
368087,reflection,Method.invoke,"{""class"": ""android.view.View"", ""method"": ""getViewRootImpl""}"
368088,reflection,Method.invoke,"{""class"": ""android.view.View"", ""method"": ""getViewRootImpl""}"
368089,reflection,Method.invoke,"{""class"": ""android.view.View"", ""method"": ""getViewRootImpl""}"
368090,reflection,Method.invoke,"{""class"": ""android.view.View"", ""method"": ""getViewRootImpl""}"
368091,reflection,Method.invoke,"{""class"": ""android.view.View"", ""method"": ""getViewRootImpl""}"
368095,reflection,Method.invoke,"{""class"": ""android.view.View"", ""method"": ""getViewRootImpl""}"
368095,reflection,Method.invoke,"{""class"": ""android.view.View"", ""method"": ""getViewRootImpl""}"
368095,reflection,Method.invoke,"{""class"": ""android.view.View"", ""method"": ""getViewRootImpl""}"
368095,reflection,Method.invoke,"{""class"": ""android.view.View"", ""method"": ""getViewRootImpl""}"
368095,reflection,Method.invoke,"{""class"": ""android.view.View"", ""method"": ""getViewRootImpl""}"
368095,reflection,Method.invoke,"{""class"": ""android.view.View"", ""method"": ""getViewRootImpl""}"
403579,reflection,Method.invoke,"{""class"": ""android.view.ViewGroup"", ""method"": ""makeOptionalFitsSystemWindows""}"
403594,reflection,Method.invoke,"{""class"": ""android.view.View"", ""method"": ""getViewRootImpl""}"
403595,reflection,Method.invoke,"{""class"": ""android.view.View"", ""method"": ""getViewRootImpl""}"
403595,reflection,Method.invoke,"{""class"": ""android.view.View"", ""method"": ""getViewRootImpl""}"
403595,reflection,Method.invoke,"{""class"": ""android.view.View"", ""method"": ""getViewRootImpl""}"
403596,reflection,Method.invoke,"{""class"": ""android.view.View"", ""method"": ""getViewRootImpl""}"
403596,reflection,Method.invoke,"{""class"": ""android.view.View"", ""method"": ""getViewRootImpl""}"
403596,reflection,Method.invoke,"{""class"": ""android.view.View"", ""method"": ""getViewRootImpl""}"
403597,reflection,Method.invoke,"{""class"": ""android.view.View"", ""method"": ""getViewRootImpl""}"
403603,reflection,Method.invoke,"{""class"": ""android.view.View"", ""method"": ""getViewRootImpl""}"
403603,reflection,Method.invoke,"{""class"": ""android.view.View"", ""method"": ""getViewRootImpl""}"
403604,reflection,Method.invoke,"{""class"": ""android.view.View"", ""method"": ""getViewRootImpl""}"
403605,reflection,Method.invoke,"{""class"": ""android.view.View"", ""method"": ""getViewRootImpl""}"
403606,reflection,Method.invoke,"{""class"": ""android.view.View"", ""method"": ""getViewRootImpl""}"
403691,reflection,Method.invoke,"{""class"": ""android.view.View"", ""method"": ""getViewRootImpl""}"
403691,reflection,Method.invoke,"{""class"": ""android.view.View"", ""method"": ""getViewRootImpl""}"
403692,reflection,Method.invoke,"{""class"": ""android.view.View"", ""method"": ""getViewRootImpl""}"
403692,reflection,Method.invoke,"{""class"": ""android.view.View"", ""method"": ""getViewRootImpl""}"
403693,reflection,Method.invoke,"{""class"": ""android.view.View"", ""method"": ""getViewRootImpl""}"
403695,reflection,Method.invoke,"{""class"": ""android.view.View"", ""method"": ""getViewRootImpl""}"
403703,reflection,Method.invoke,"{""class"": ""android.view.View"", ""method"": ""getViewRootImpl""}"
403703,reflection,Method.invoke,"{""class"": ""android.view.View"", ""method"": ""getViewRootImpl""}"
403704,reflection,Method.invoke,"{""class"": ""android.view.View"", ""method"": ""getViewRootImpl""}"
403705,reflection,Method.invoke,"{""class"": ""android.view.View"", ""method"": ""getViewRootImpl""}"
403705,reflection,Method.invoke,"{""class"": ""android.view.View"", ""method"": ""getViewRootImpl""}"
403706,reflection,Method.invoke,"{""class"": ""android.view.View"", ""method"": ""getViewRootImpl""}"
424975,lifecycle,hook_loaded,"{""stage"": ""java_perform"", ""version"": ""3""}"
428307,file_io,File.delete,"{""path"": ""/data/user/0/ca.chancehorizon.paseo/files/profileInstalled""}"
