relative_time,category,api,args_str
0,lifecycle,hook_loaded,"{""stage"": ""java_perform"", ""version"": ""3""}"
343,crypto,MessageDigest.getInstance,"{""algorithm"": ""MD5""}"
360,crypto,MessageDigest.digest,{}
405,crypto,MessageDigest.getInstance,"{""algorithm"": ""MD5""}"
408,crypto,MessageDigest.digest,{}
419,file_io,File.delete,"{""path"": ""/data/user/0/app.ladefuchs.android/cache/http-cache/167d487a351b7fe42e67203f5e08841a.0""}"
422,file_io,File.delete,"{""path"": ""/data/user/0/app.ladefuchs.android/cache/http-cache/167d487a351b7fe42e67203f5e08841a.1""}"
4101,reflection,Method.invoke,"{""class"": ""com.facebook.react.uimanager.BaseViewManager"", ""method"": ""setTransform""}"
4113,reflection,Method.invoke,"{""class"": ""com.facebook.react.uimanager.BaseViewManager"", ""method"": ""setOpacity""}"
4124,reflection,Method.invoke,"{""class"": ""com.facebook.react.uimanager.BaseViewManager"", ""method"": ""setImportantForAccessibility""}"
4134,reflection,Method.invoke,"{""class"": ""com.facebook.react.uimanager.BaseViewManager"", ""method"": ""setOpacity""}"
4146,reflection,Method.invoke,"{""class"": ""com.facebook.react.uimanager.BaseViewManager"", ""method"": ""setTransform""}"
4158,reflection,Method.invoke,"{""class"": ""com.facebook.react.uimanager.BaseViewManager"", ""method"": ""setImportantForAccessibility""}"
4171,reflection,Method.invoke,"{""class"": ""com.facebook.react.uimanager.BaseViewManager"", ""method"": ""setTransform""}"
4183,reflection,Method.invoke,"{""class"": ""com.facebook.react.uimanager.BaseViewManager"", ""method"": ""setOpacity""}"
4190,reflection,Method.invoke,"{""class"": ""com.facebook.react.views.view.ReactViewManager"", ""method"": ""setPointerEvents""}"
4198,reflection,Method.invoke,"{""class"": ""com.facebook.react.uimanager.BaseViewManager"", ""method"": ""setOpacity""}"
4212,reflection,Method.invoke,"{""class"": ""com.facebook.react.uimanager.BaseViewManager"", ""method"": ""setOpacity""}"
4219,reflection,Method.invoke,"{""class"": ""com.facebook.react.uimanager.BaseViewManager"", ""method"": ""setOpacity""}"
4227,reflection,Method.invoke,"{""class"": ""com.facebook.react.uimanager.BaseViewManager"", ""method"": ""setTransform""}"
4235,reflection,Method.invoke,"{""class"": ""com.facebook.react.uimanager.BaseViewManager"", ""method"": ""setOpacity""}"
4243,reflection,Method.invoke,"{""class"": ""com.facebook.react.uimanager.BaseViewManager"", ""method"": ""setTransform""}"
4250,reflection,Method.invoke,"{""class"": ""com.facebook.react.uimanager.BaseViewManager"", ""method"": ""setOpacity""}"
4258,reflection,Method.invoke,"{""class"": ""com.facebook.react.uimanager.BaseViewManager"", ""method"": ""setTransform""}"
4266,reflection,Method.invoke,"{""class"": ""com.facebook.react.uimanager.BaseViewManager"", ""method"": ""setOpacity""}"
4278,reflection,Method.invoke,"{""class"": ""com.facebook.react.uimanager.BaseViewManager"", ""method"": ""setTransform""}"
4285,reflection,Method.invoke,"{""class"": ""com.facebook.react.uimanager.BaseViewManager"", ""method"": ""setOpacity""}"
4302,reflection,Method.invoke,"{""class"": ""com.facebook.react.uimanager.BaseViewManager"", ""method"": ""setOpacity""}"
4336,reflection,Method.invoke,"{""class"": ""com.facebook.react.uimanager.BaseViewManager"", ""method"": ""setOpacity""}"
4347,reflection,Method.invoke,"{""class"": ""com.facebook.react.uimanager.BaseViewManager"", ""method"": ""setTransform""}"
4354,reflection,Method.invoke,"{""class"": ""com.facebook.react.uimanager.BaseViewManager"", ""method"": ""setOpacity""}"
4363,reflection,Method.invoke,"{""class"": ""com.facebook.react.uimanager.BaseViewManager"", ""method"": ""setTransform""}"
4371,reflection,Method.invoke,"{""class"": ""com.facebook.react.uimanager.BaseViewManager"", ""method"": ""setOpacity""}"
4379,reflection,Method.invoke,"{""class"": ""com.facebook.react.uimanager.BaseViewManager"", ""method"": ""setTransform""}"
4387,reflection,Method.invoke,"{""class"": ""com.facebook.react.uimanager.BaseViewManager"", ""method"": ""setOpacity""}"
4395,reflection,Method.invoke,"{""class"": ""com.facebook.react.uimanager.BaseViewManager"", ""method"": ""setTransform""}"
4402,reflection,Method.invoke,"{""class"": ""com.facebook.react.uimanager.BaseViewManager"", ""method"": ""setOpacity""}"
4409,reflection,Method.invoke,"{""class"": ""android.view.View"", ""method"": ""getViewRootImpl""}"
4419,reflection,Method.invoke,"{""class"": ""android.view.View"", ""method"": ""getViewRootImpl""}"
4436,reflection,Method.invoke,"{""class"": ""com.facebook.react.uimanager.BaseViewManager"", ""method"": ""setOpacity""}"
4444,reflection,Method.invoke,"{""class"": ""com.facebook.react.uimanager.BaseViewManager"", ""method"": ""setOpacity""}"
4454,reflection,Method.invoke,"{""class"": ""com.facebook.react.uimanager.BaseViewManager"", ""method"": ""setTransform""}"
4461,reflection,Method.invoke,"{""class"": ""com.facebook.react.uimanager.BaseViewManager"", ""method"": ""setOpacity""}"
4468,reflection,Method.invoke,"{""class"": ""com.facebook.react.uimanager.BaseViewManager"", ""method"": ""setTransform""}"
4476,reflection,Method.invoke,"{""class"": ""com.facebook.react.uimanager.BaseViewManager"", ""method"": ""setOpacity""}"
4484,reflection,Method.invoke,"{""class"": ""com.facebook.react.uimanager.BaseViewManager"", ""method"": ""setTransform""}"
4492,reflection,Method.invoke,"{""class"": ""com.facebook.react.uimanager.BaseViewManager"", ""method"": ""setOpacity""}"
4499,reflection,Method.invoke,"{""class"": ""com.facebook.react.uimanager.BaseViewManager"", ""method"": ""setTransform""}"
4508,reflection,Method.invoke,"{""class"": ""com.facebook.react.uimanager.BaseViewManager"", ""method"": ""setOpacity""}"
4557,reflection,Method.invoke,"{""class"": ""com.facebook.react.uimanager.BaseViewManager"", ""method"": ""setOpacity""}"
4567,reflection,Method.invoke,"{""class"": ""com.facebook.react.uimanager.BaseViewManager"", ""method"": ""setOpacity""}"
4577,reflection,Method.invoke,"{""class"": ""com.facebook.react.uimanager.BaseViewManager"", ""method"": ""setTransform""}"
4594,reflection,Method.invoke,"{""class"": ""com.facebook.react.uimanager.BaseViewManager"", ""method"": ""setOpacity""}"
4603,reflection,Method.invoke,"{""class"": ""com.facebook.react.uimanager.BaseViewManager"", ""method"": ""setTransform""}"
4612,reflection,Method.invoke,"{""class"": ""com.facebook.react.uimanager.BaseViewManager"", ""method"": ""setOpacity""}"
4619,reflection,Method.invoke,"{""class"": ""com.facebook.react.uimanager.BaseViewManager"", ""method"": ""setTransform""}"
4626,reflection,Method.invoke,"{""class"": ""com.facebook.react.uimanager.BaseViewManager"", ""method"": ""setOpacity""}"
4636,reflection,Method.invoke,"{""class"": ""com.facebook.react.uimanager.BaseViewManager"", ""method"": ""setTransform""}"
4644,reflection,Method.invoke,"{""class"": ""com.facebook.react.uimanager.BaseViewManager"", ""method"": ""setOpacity""}"
4695,reflection,Method.invoke,"{""class"": ""com.facebook.react.uimanager.BaseViewManager"", ""method"": ""setTransform""}"
4711,reflection,Method.invoke,"{""class"": ""com.facebook.react.uimanager.BaseViewManager"", ""method"": ""setOpacity""}"
4724,reflection,Method.invoke,"{""class"": ""com.facebook.react.views.view.ReactViewManager"", ""method"": ""setOverflow""}"
4734,reflection,Method.invoke,"{""class"": ""com.facebook.react.uimanager.BaseViewManager"", ""method"": ""setOpacity""}"
4744,reflection,Method.invoke,"{""class"": ""com.facebook.react.uimanager.BaseViewManager"", ""method"": ""setTransform""}"
4758,reflection,Method.invoke,"{""class"": ""com.facebook.react.uimanager.BaseViewManager"", ""method"": ""setOpacity""}"
4767,reflection,Method.invoke,"{""class"": ""com.facebook.react.uimanager.BaseViewManager"", ""method"": ""setTransform""}"
4774,reflection,Method.invoke,"{""class"": ""com.facebook.react.uimanager.BaseViewManager"", ""method"": ""setOpacity""}"
7924,reflection,Method.invoke,"{""class"": ""com.facebook.react.uimanager.BaseViewManager"", ""method"": ""setOpacity""}"
7940,reflection,Method.invoke,"{""class"": ""com.facebook.react.views.view.ReactViewManager"", ""method"": ""setPointerEvents""}"
7953,reflection,Method.invoke,"{""class"": ""com.facebook.react.uimanager.BaseViewManager"", ""method"": ""setBackgroundColor""}"
7965,reflection,Method.invoke,"{""class"": ""com.facebook.react.views.view.ReactViewManager"", ""method"": ""setCollapsable""}"
7976,reflection,Method.invoke,"{""class"": ""com.facebook.react.uimanager.BaseViewManager"", ""method"": ""setOpacity""}"
8001,reflection,Method.invoke,"{""class"": ""com.facebook.react.uimanager.BaseViewManager"", ""method"": ""setOpacity""}"
8004,reflection,Method.invoke,"{""class"": ""android.os.SystemProperties"", ""method"": ""get""}"
8024,reflection,Method.invoke,"{""class"": ""android.os.SystemProperties"", ""method"": ""get""}"
8043,reflection,Method.invoke,"{""class"": ""java.util.Locale"", ""method"": ""getDefault""}"
8047,reflection,Method.invoke,"{""class"": ""com.facebook.react.uimanager.BaseViewManager"", ""method"": ""setOpacity""}"
8057,reflection,Method.invoke,"{""class"": ""com.facebook.react.views.view.ReactViewManager"", ""method"": ""setCollapsable""}"
8067,reflection,Method.invoke,"{""class"": ""android.os.SystemProperties"", ""method"": ""get""}"
8081,reflection,Method.invoke,"{""class"": ""android.os.SystemProperties"", ""method"": ""get""}"
8091,reflection,Method.invoke,"{""class"": ""java.util.Locale"", ""method"": ""getDefault""}"
8099,reflection,Method.invoke,"{""class"": ""com.facebook.react.uimanager.BaseViewManager"", ""method"": ""setOpacity""}"
8117,reflection,Method.invoke,"{""class"": ""android.os.SystemProperties"", ""method"": ""get""}"
8125,reflection,Method.invoke,"{""class"": ""com.facebook.react.uimanager.BaseViewManager"", ""method"": ""setOpacity""}"
8134,reflection,Method.invoke,"{""class"": ""android.os.SystemProperties"", ""method"": ""get""}"
8161,reflection,Method.invoke,"{""class"": ""com.facebook.react.views.view.ReactViewManager"", ""method"": ""setPointerEvents""}"
8172,reflection,Method.invoke,"{""class"": ""java.util.Locale"", ""method"": ""getDefault""}"
8177,reflection,Method.invoke,"{""class"": ""com.facebook.react.uimanager.BaseViewManager"", ""method"": ""setBackgroundColor""}"
8194,reflection,Method.invoke,"{""class"": ""com.facebook.react.views.view.ReactViewManager"", ""method"": ""setCollapsable""}"
8197,reflection,Method.invoke,"{""class"": ""android.os.SystemProperties"", ""method"": ""get""}"
8217,reflection,Method.invoke,"{""class"": ""android.os.SystemProperties"", ""method"": ""get""}"
8221,reflection,Method.invoke,"{""class"": ""com.facebook.react.uimanager.BaseViewManager"", ""method"": ""setOpacity""}"
8236,reflection,Method.invoke,"{""class"": ""com.facebook.react.uimanager.BaseViewManager"", ""method"": ""setOpacity""}"
8240,reflection,Method.invoke,"{""class"": ""java.util.Locale"", ""method"": ""getDefault""}"
8260,reflection,Method.invoke,"{""class"": ""com.facebook.react.uimanager.BaseViewManager"", ""method"": ""setOpacity""}"
8270,reflection,Method.invoke,"{""class"": ""android.os.SystemProperties"", ""method"": ""get""}"
8282,reflection,Method.invoke,"{""class"": ""android.os.SystemProperties"", ""method"": ""get""}"
8296,reflection,Method.invoke,"{""class"": ""com.facebook.react.views.text.ReactTextAnchorViewManager"", ""method"": ""setAccessible$ReactAndroid_release""}"
8304,reflection,Method.invoke,"{""class"": ""java.util.Locale"", ""method"": ""getDefault""}"
8320,reflection,Method.invoke,"{""class"": ""java.util.Locale"", ""method"": ""getDefault""}"
8323,reflection,Method.invoke,"{""class"": ""com.facebook.react.views.text.ReactTextAnchorViewManager"", ""method"": ""setFontSize$ReactAndroid_release""}"
8336,reflection,Method.invoke,"{""class"": ""com.facebook.react.views.text.ReactTextAnchorViewManager"", ""method"": ""setEllipsizeMode$ReactAndroid_release""}"
8352,reflection,Method.invoke,"{""class"": ""com.facebook.react.views.text.ReactTextAnchorViewManager"", ""method"": ""setAccessible$ReactAndroid_release""}"
8363,reflection,Method.invoke,"{""class"": ""com.facebook.react.views.text.ReactTextAnchorViewManager"", ""method"": ""setFontSize$ReactAndroid_release""}"
8374,reflection,Method.invoke,"{""class"": ""com.facebook.react.views.text.ReactTextAnchorViewManager"", ""method"": ""setEllipsizeMode$ReactAndroid_release""}"
8391,reflection,Method.invoke,"{""class"": ""com.facebook.react.uimanager.BaseViewManager"", ""method"": ""setBackgroundColor""}"
8406,reflection,Method.invoke,"{""class"": ""com.facebook.react.views.view.ReactViewManager"", ""method"": ""setBorderRadius""}"
8420,reflection,Method.invoke,"{""class"": ""com.facebook.react.views.view.ReactViewManager"", ""method"": ""setHitSlop""}"
8431,reflection,Method.invoke,"{""class"": ""com.facebook.react.uimanager.BaseViewManager"", ""method"": ""setResponderMove""}"
8441,reflection,Method.invoke,"{""class"": ""com.facebook.react.views.view.ReactViewManager"", ""method"": ""setAccessible""}"
8452,reflection,Method.invoke,"{""class"": ""com.facebook.react.uimanager.BaseViewManager"", ""method"": ""setOpacity""}"
8463,reflection,Method.invoke,"{""class"": ""com.facebook.react.uimanager.BaseViewManager"", ""method"": ""setResponderGrant""}"
8474,reflection,Method.invoke,"{""class"": ""com.facebook.react.uimanager.BaseViewManager"", ""method"": ""setStartShouldSetResponder""}"
8483,reflection,Method.invoke,"{""class"": ""com.facebook.react.uimanager.BaseViewManager"", ""method"": ""setResponderTerminationRequest""}"
8490,reflection,Method.invoke,"{""class"": ""com.facebook.react.uimanager.BaseViewManager"", ""method"": ""setResponderRelease""}"
8497,reflection,Method.invoke,"{""class"": ""com.facebook.react.uimanager.BaseViewManager"", ""method"": ""setResponderTerminate""}"
8504,reflection,Method.invoke,"{""class"": ""com.facebook.react.views.view.ReactViewManager"", ""method"": ""setFocusable""}"
8517,reflection,Method.invoke,"{""class"": ""com.facebook.react.uimanager.BaseViewManager"", ""method"": ""setClick""}"
8524,reflection,Method.invoke,"{""class"": ""com.facebook.react.views.view.ReactViewManager"", ""method"": ""setCollapsable""}"
8531,reflection,Method.invoke,"{""class"": ""com.facebook.react.uimanager.BaseViewManager"", ""method"": ""setAccessibilityValue""}"
8538,reflection,Method.invoke,"{""class"": ""com.facebook.react.uimanager.BaseViewManager"", ""method"": ""setViewState""}"
8545,reflection,Method.invoke,"{""class"": ""com.facebook.react.uimanager.BaseViewManager"", ""method"": ""setBackgroundColor""}"
8552,reflection,Method.invoke,"{""class"": ""com.facebook.react.views.view.ReactViewManager"", ""method"": ""setBorderWidth""}"
8559,reflection,Method.invoke,"{""class"": ""com.facebook.react.views.view.ReactViewManager"", ""method"": ""setBorderColor""}"
8566,reflection,Method.invoke,"{""class"": ""com.facebook.react.views.view.ReactViewManager"", ""method"": ""setPointerEvents""}"
8573,reflection,Method.invoke,"{""class"": ""com.facebook.react.uimanager.BaseViewManager"", ""method"": ""setZIndex""}"
8580,reflection,Method.invoke,"{""class"": ""com.facebook.react.views.view.ReactViewManager"", ""method"": ""setCollapsable""}"
8588,reflection,Method.invoke,"{""class"": ""com.facebook.react.uimanager.BaseViewManager"", ""method"": ""setBackgroundColor""}"
8595,reflection,Method.invoke,"{""class"": ""com.facebook.react.views.view.ReactViewManager"", ""method"": ""setBorderRadius""}"
8602,reflection,Method.invoke,"{""class"": ""com.facebook.react.uimanager.BaseViewManager"", ""method"": ""setElevation""}"
8610,reflection,Method.invoke,"{""class"": ""com.facebook.react.views.text.ReactTextAnchorViewManager"", ""method"": ""setAccessible$ReactAndroid_release""}"
8617,reflection,Method.invoke,"{""class"": ""com.facebook.react.views.text.ReactTextAnchorViewManager"", ""method"": ""setFontSize$ReactAndroid_release""}"
8624,reflection,Method.invoke,"{""class"": ""com.facebook.react.views.text.ReactTextAnchorViewManager"", ""method"": ""setEllipsizeMode$ReactAndroid_release""}"
8641,reflection,Method.invoke,"{""class"": ""com.facebook.react.views.view.ReactViewManager"", ""method"": ""setBorderRadius""}"
8649,reflection,Method.invoke,"{""class"": ""com.facebook.react.views.view.ReactViewManager"", ""method"": ""setBorderRadius""}"
8656,reflection,Method.invoke,"{""class"": ""com.facebook.react.uimanager.BaseViewManager"", ""method"": ""setBackgroundColor""}"
8663,reflection,Method.invoke,"{""class"": ""com.facebook.react.views.text.ReactTextAnchorViewManager"", ""method"": ""setAccessible$ReactAndroid_release""}"
8670,reflection,Method.invoke,"{""class"": ""com.facebook.react.views.text.ReactTextAnchorViewManager"", ""method"": ""setEllipsizeMode$ReactAndroid_release""}"
8677,reflection,Method.invoke,"{""class"": ""com.facebook.react.views.text.ReactTextAnchorViewManager"", ""method"": ""setFontSize$ReactAndroid_release""}"
8684,reflection,Method.invoke,"{""class"": ""com.facebook.react.uimanager.BaseViewManager"", ""method"": ""setBackgroundColor""}"
8691,reflection,Method.invoke,"{""class"": ""com.facebook.react.views.text.ReactTextAnchorViewManager"", ""method"": ""setAccessible$ReactAndroid_release""}"
8697,reflection,Method.invoke,"{""class"": ""com.facebook.react.views.text.ReactTextAnchorViewManager"", ""method"": ""setEllipsizeMode$ReactAndroid_release""}"
8704,reflection,Method.invoke,"{""class"": ""com.facebook.react.views.text.ReactTextAnchorViewManager"", ""method"": ""setFontSize$ReactAndroid_release""}"
8718,reflection,Method.invoke,"{""class"": ""com.facebook.react.views.text.ReactTextAnchorViewManager"", ""method"": ""setAccessible$ReactAndroid_release""}"
8726,reflection,Method.invoke,"{""class"": ""com.facebook.react.views.text.ReactTextAnchorViewManager"", ""method"": ""setEllipsizeMode$ReactAndroid_release""}"
8733,reflection,Method.invoke,"{""class"": ""com.facebook.react.uimanager.BaseViewManager"", ""method"": ""setBackgroundColor""}"
8740,reflection,Method.invoke,"{""class"": ""com.facebook.react.views.view.ReactViewManager"", ""method"": ""setBorderRadius""}"
8747,reflection,Method.invoke,"{""class"": ""com.facebook.react.views.view.ReactViewManager"", ""method"": ""setBorderRadius""}"
8755,reflection,Method.invoke,"{""class"": ""com.facebook.react.views.text.ReactTextAnchorViewManager"", ""method"": ""setAccessible$ReactAndroid_release""}"
8762,reflection,Method.invoke,"{""class"": ""com.facebook.react.views.text.ReactTextAnchorViewManager"", ""method"": ""setFontSize$ReactAndroid_release""}"
8769,reflection,Method.invoke,"{""class"": ""com.facebook.react.views.text.ReactTextAnchorViewManager"", ""method"": ""setEllipsizeMode$ReactAndroid_release""}"
8780,reflection,Method.invoke,"{""class"": ""com.facebook.react.views.view.ReactViewManager"", ""method"": ""setBorderRadius""}"
8788,reflection,Method.invoke,"{""class"": ""com.facebook.react.views.view.ReactViewManager"", ""method"": ""setBorderRadius""}"
8795,reflection,Method.invoke,"{""class"": ""com.facebook.react.uimanager.BaseViewManager"", ""method"": ""setBackgroundColor""}"
8802,reflection,Method.invoke,"{""class"": ""com.facebook.react.views.text.ReactTextAnchorViewManager"", ""method"": ""setAccessible$ReactAndroid_release""}"
8809,reflection,Method.invoke,"{""class"": ""com.facebook.react.views.text.ReactTextAnchorViewManager"", ""method"": ""setEllipsizeMode$ReactAndroid_release""}"
8816,reflection,Method.invoke,"{""class"": ""com.facebook.react.views.text.ReactTextAnchorViewManager"", ""method"": ""setFontSize$ReactAndroid_release""}"
8823,reflection,Method.invoke,"{""class"": ""com.facebook.react.uimanager.BaseViewManager"", ""method"": ""setBackgroundColor""}"
8830,reflection,Method.invoke,"{""class"": ""com.facebook.react.views.text.ReactTextAnchorViewManager"", ""method"": ""setAccessible$ReactAndroid_release""}"
8837,reflection,Method.invoke,"{""class"": ""com.facebook.react.views.text.ReactTextAnchorViewManager"", ""method"": ""setEllipsizeMode$ReactAndroid_release""}"
8844,reflection,Method.invoke,"{""class"": ""com.facebook.react.views.text.ReactTextAnchorViewManager"", ""method"": ""setFontSize$ReactAndroid_release""}"
8851,reflection,Method.invoke,"{""class"": ""com.facebook.react.views.text.ReactTextAnchorViewManager"", ""method"": ""setAccessible$ReactAndroid_release""}"
8858,reflection,Method.invoke,"{""class"": ""com.facebook.react.views.text.ReactTextAnchorViewManager"", ""method"": ""setEllipsizeMode$ReactAndroid_release""}"
8865,reflection,Method.invoke,"{""class"": ""com.facebook.react.uimanager.BaseViewManager"", ""method"": ""setBackgroundColor""}"
8872,reflection,Method.invoke,"{""class"": ""com.facebook.react.views.view.ReactViewManager"", ""method"": ""setBorderRadius""}"
8879,reflection,Method.invoke,"{""class"": ""com.facebook.react.views.view.ReactViewManager"", ""method"": ""setBorderRadius""}"
8887,reflection,Method.invoke,"{""class"": ""com.facebook.react.views.text.ReactTextAnchorViewManager"", ""method"": ""setAccessible$ReactAndroid_release""}"
8893,reflection,Method.invoke,"{""class"": ""com.facebook.react.views.text.ReactTextAnchorViewManager"", ""method"": ""setEllipsizeMode$ReactAndroid_release""}"
8900,reflection,Method.invoke,"{""class"": ""com.facebook.react.views.text.ReactTextAnchorViewManager"", ""method"": ""setFontSize$ReactAndroid_release""}"
8907,reflection,Method.invoke,"{""class"": ""com.facebook.react.views.text.ReactTextAnchorViewManager"", ""method"": ""setAccessible$ReactAndroid_release""}"
8914,reflection,Method.invoke,"{""class"": ""com.facebook.react.views.text.ReactTextAnchorViewManager"", ""method"": ""setEllipsizeMode$ReactAndroid_release""}"
8921,reflection,Method.invoke,"{""class"": ""com.facebook.react.uimanager.BaseViewManager"", ""method"": ""setBackgroundColor""}"
8929,reflection,Method.invoke,"{""class"": ""com.facebook.react.views.view.ReactViewManager"", ""method"": ""setBorderRadius""}"
8936,reflection,Method.invoke,"{""class"": ""com.facebook.react.views.text.ReactTextAnchorViewManager"", ""method"": ""setAccessible$ReactAndroid_release""}"
8943,reflection,Method.invoke,"{""class"": ""com.facebook.react.views.text.ReactTextAnchorViewManager"", ""method"": ""setEllipsizeMode$ReactAndroid_release""}"
8950,reflection,Method.invoke,"{""class"": ""com.facebook.react.views.text.ReactTextAnchorViewManager"", ""method"": ""setFontSize$ReactAndroid_release""}"
8956,reflection,Method.invoke,"{""class"": ""com.facebook.react.views.text.ReactTextAnchorViewManager"", ""method"": ""setAccessible$ReactAndroid_release""}"
8964,reflection,Method.invoke,"{""class"": ""com.facebook.react.views.text.ReactTextAnchorViewManager"", ""method"": ""setEllipsizeMode$ReactAndroid_release""}"
8970,reflection,Method.invoke,"{""class"": ""com.facebook.react.uimanager.BaseViewManager"", ""method"": ""setBackgroundColor""}"
8977,reflection,Method.invoke,"{""class"": ""com.facebook.react.views.view.ReactViewManager"", ""method"": ""setBorderRadius""}"
8985,reflection,Method.invoke,"{""class"": ""com.facebook.react.views.text.ReactTextAnchorViewManager"", ""method"": ""setEllipsizeMode$ReactAndroid_release""}"
8992,reflection,Method.invoke,"{""class"": ""com.facebook.react.views.text.ReactTextAnchorViewManager"", ""method"": ""setAccessible$ReactAndroid_release""}"
8999,reflection,Method.invoke,"{""class"": ""com.facebook.react.views.text.ReactTextAnchorViewManager"", ""method"": ""setFontSize$ReactAndroid_release""}"
9006,reflection,Method.invoke,"{""class"": ""com.facebook.react.views.view.ReactViewManager"", ""method"": ""setHitSlop""}"
9013,reflection,Method.invoke,"{""class"": ""com.facebook.react.uimanager.BaseViewManager"", ""method"": ""setResponderMove""}"
9020,reflection,Method.invoke,"{""class"": ""com.facebook.react.views.view.ReactViewManager"", ""method"": ""setAccessible""}"
9027,reflection,Method.invoke,"{""class"": ""com.facebook.react.uimanager.BaseViewManager"", ""method"": ""setOpacity""}"
9034,reflection,Method.invoke,"{""class"": ""com.facebook.react.uimanager.BaseViewManager"", ""method"": ""setResponderGrant""}"
9041,reflection,Method.invoke,"{""class"": ""com.facebook.react.uimanager.BaseViewManager"", ""method"": ""setStartShouldSetResponder""}"
9053,reflection,Method.invoke,"{""class"": ""com.facebook.react.uimanager.BaseViewManager"", ""method"": ""setResponderTerminationRequest""}"
9060,reflection,Method.invoke,"{""class"": ""com.facebook.react.uimanager.BaseViewManager"", ""method"": ""setResponderRelease""}"
9067,reflection,Method.invoke,"{""class"": ""com.facebook.react.uimanager.BaseViewManager"", ""method"": ""setResponderTerminate""}"
9074,reflection,Method.invoke,"{""class"": ""com.facebook.react.views.view.ReactViewManager"", ""method"": ""setFocusable""}"
9081,reflection,Method.invoke,"{""class"": ""com.facebook.react.uimanager.BaseViewManager"", ""method"": ""setClick""}"
9088,reflection,Method.invoke,"{""class"": ""com.facebook.react.views.view.ReactViewManager"", ""method"": ""setCollapsable""}"
9095,reflection,Method.invoke,"{""class"": ""com.facebook.react.uimanager.BaseViewManager"", ""method"": ""setAccessibilityValue""}"
9102,reflection,Method.invoke,"{""class"": ""com.facebook.react.uimanager.BaseViewManager"", ""method"": ""setViewState""}"
9108,reflection,Method.invoke,"{""class"": ""com.facebook.react.views.view.ReactViewManager"", ""method"": ""setCollapsable""}"
9115,reflection,Method.invoke,"{""class"": ""com.facebook.react.views.view.ReactViewManager"", ""method"": ""setCollapsableChildren""}"
9122,reflection,Method.invoke,"{""class"": ""com.facebook.react.views.scroll.ReactScrollViewManager"", ""method"": ""setOverflow""}"
9130,reflection,Method.invoke,"{""class"": ""com.facebook.react.uimanager.BaseViewManager"", ""method"": ""setTouchMove""}"
9136,reflection,Method.invoke,"{""class"": ""com.facebook.react.uimanager.BaseViewManager"", ""method"": ""setResponderRelease""}"
9143,reflection,Method.invoke,"{""class"": ""com.facebook.react.uimanager.BaseViewManager"", ""method"": ""setStartShouldSetResponderCapture""}"
9150,reflection,Method.invoke,"{""class"": ""com.facebook.react.uimanager.BaseViewManager"", ""method"": ""setResponderGrant""}"
9158,reflection,Method.invoke,"{""class"": ""com.facebook.react.uimanager.BaseViewManager"", ""method"": ""setStartShouldSetResponder""}"
9170,reflection,Method.invoke,"{""class"": ""com.facebook.react.uimanager.BaseViewManager"", ""method"": ""setResponderTerminationRequest""}"
9177,reflection,Method.invoke,"{""class"": ""com.facebook.react.uimanager.BaseViewManager"", ""method"": ""setResponderReject""}"
9184,reflection,Method.invoke,"{""class"": ""com.facebook.react.views.scroll.ReactScrollViewManager"", ""method"": ""setSendMomentumEvents""}"
9191,reflection,Method.invoke,"{""class"": ""com.facebook.react.uimanager.BaseViewManager"", ""method"": ""setTouchEnd""}"
9203,reflection,Method.invoke,"{""class"": ""com.facebook.react.views.scroll.ReactScrollViewManager"", ""method"": ""setSnapToStart""}"
9210,reflection,Method.invoke,"{""class"": ""com.facebook.react.uimanager.BaseViewManager"", ""method"": ""setTouchStart""}"
9217,reflection,Method.invoke,"{""class"": ""com.facebook.react.views.scroll.ReactScrollViewManager"", ""method"": ""setSnapToEnd""}"
9224,reflection,Method.invoke,"{""class"": ""com.facebook.react.uimanager.BaseViewManager"", ""method"": ""setTouchCancel""}"
9231,reflection,Method.invoke,"{""class"": ""com.facebook.react.views.scroll.ReactScrollViewManager"", ""method"": ""setPagingEnabled""}"
9238,reflection,Method.invoke,"{""class"": ""com.facebook.react.uimanager.BaseViewManager"", ""method"": ""setBackgroundColor""}"
9245,reflection,Method.invoke,"{""class"": ""com.facebook.react.views.view.ReactViewManager"", ""method"": ""setPointerEvents""}"
9252,reflection,Method.invoke,"{""class"": ""com.facebook.react.uimanager.BaseViewManager"", ""method"": ""setBackgroundColor""}"
9259,reflection,Method.invoke,"{""class"": ""com.facebook.react.views.view.ReactViewManager"", ""method"": ""setOverflow""}"
9266,reflection,Method.invoke,"{""class"": ""com.facebook.react.views.view.ReactViewManager"", ""method"": ""setNeedsOffscreenAlphaCompositing""}"
9273,reflection,Method.invoke,"{""class"": ""com.facebook.react.views.view.ReactViewManager"", ""method"": ""setCollapsable""}"
9280,reflection,Method.invoke,"{""class"": ""com.facebook.react.uimanager.BaseViewManager"", ""method"": ""setOpacity""}"
9287,reflection,Method.invoke,"{""class"": ""com.facebook.react.uimanager.BaseViewManager"", ""method"": ""setTransform""}"
9294,reflection,Method.invoke,"{""class"": ""com.facebook.react.views.view.ReactViewManager"", ""method"": ""setCollapsable""}"
9301,reflection,Method.invoke,"{""class"": ""com.facebook.react.views.view.ReactViewManager"", ""method"": ""setPointerEvents""}"
9308,reflection,Method.invoke,"{""class"": ""com.facebook.react.views.view.ReactViewManager"", ""method"": ""setPointerEvents""}"
9315,reflection,Method.invoke,"{""class"": ""com.facebook.react.views.view.ReactViewManager"", ""method"": ""setCollapsable""}"
9325,reflection,Method.invoke,"{""class"": ""com.facebook.react.views.view.ReactViewManager"", ""method"": ""setPointerEvents""}"
9332,reflection,Method.invoke,"{""class"": ""com.facebook.react.uimanager.BaseViewManager"", ""method"": ""setImportantForAccessibility""}"
9340,reflection,Method.invoke,"{""class"": ""com.facebook.react.uimanager.BaseViewManager"", ""method"": ""setTransform""}"
9347,reflection,Method.invoke,"{""class"": ""com.facebook.react.uimanager.BaseViewManager"", ""method"": ""setOpacity""}"
9357,reflection,Method.invoke,"{""class"": ""com.facebook.react.views.view.ReactViewManager"", ""method"": ""setOverflow""}"
9364,reflection,Method.invoke,"{""class"": ""com.facebook.react.uimanager.BaseViewManager"", ""method"": ""setImportantForAccessibility""}"
9371,reflection,Method.invoke,"{""class"": ""com.facebook.react.uimanager.BaseViewManager"", ""method"": ""setOpacity""}"
9378,reflection,Method.invoke,"{""class"": ""com.facebook.react.uimanager.BaseViewManager"", ""method"": ""setTransform""}"
9385,reflection,Method.invoke,"{""class"": ""com.facebook.react.uimanager.BaseViewManager"", ""method"": ""setOpacity""}"
9392,reflection,Method.invoke,"{""class"": ""com.facebook.react.uimanager.BaseViewManager"", ""method"": ""setTransform""}"
9399,reflection,Method.invoke,"{""class"": ""com.facebook.react.uimanager.BaseViewManager"", ""method"": ""setOpacity""}"
9406,reflection,Method.invoke,"{""class"": ""com.facebook.react.uimanager.BaseViewManager"", ""method"": ""setTransform""}"
9413,crypto,MessageDigest.digest,{}
9415,crypto,MessageDigest.digest,{}
9419,crypto,MessageDigest.digest,{}
9425,crypto,MessageDigest.digest,{}
9428,crypto,MessageDigest.digest,{}
9432,crypto,MessageDigest.digest,{}
9439,reflection,Method.invoke,"{""class"": ""com.facebook.react.uimanager.BaseViewManager"", ""method"": ""setTransform""}"
9444,crypto,MessageDigest.digest,{}
9448,crypto,MessageDigest.digest,{}
9459,crypto,MessageDigest.digest,{}
9461,reflection,Method.invoke,"{""class"": ""com.facebook.react.uimanager.BaseViewManager"", ""method"": ""setOpacity""}"
9471,crypto,MessageDigest.digest,{}
9477,reflection,Method.invoke,"{""class"": ""com.facebook.react.uimanager.BaseViewManager"", ""method"": ""setTransform""}"
9481,crypto,MessageDigest.digest,{}
9485,crypto,MessageDigest.digest,{}
9488,crypto,MessageDigest.digest,{}
9499,reflection,Method.invoke,"{""class"": ""com.facebook.react.uimanager.BaseViewManager"", ""method"": ""setOpacity""}"
9506,reflection,Method.invoke,"{""class"": ""com.facebook.react.uimanager.BaseViewManager"", ""method"": ""setOpacity""}"
9513,reflection,Method.invoke,"{""class"": ""com.facebook.react.uimanager.BaseViewManager"", ""method"": ""setOpacity""}"
9520,reflection,Method.invoke,"{""class"": ""com.facebook.react.uimanager.BaseViewManager"", ""method"": ""setOpacity""}"
9527,reflection,Method.invoke,"{""class"": ""com.facebook.react.uimanager.BaseViewManager"", ""method"": ""setOpacity""}"
9536,reflection,Method.invoke,"{""class"": ""com.facebook.react.uimanager.BaseViewManager"", ""method"": ""setTransform""}"
9543,reflection,Method.invoke,"{""class"": ""com.facebook.react.uimanager.BaseViewManager"", ""method"": ""setOpacity""}"
9550,reflection,Method.invoke,"{""class"": ""com.facebook.react.uimanager.BaseViewManager"", ""method"": ""setTransform""}"
9556,reflection,Method.invoke,"{""class"": ""com.facebook.react.uimanager.BaseViewManager"", ""method"": ""setOpacity""}"
9560,reflection,Method.invoke,"{""class"": ""expo.modules.image.records.ImageProgressEvent"", ""method"": ""getLoaded""}"
9562,reflection,Method.invoke,"{""class"": ""expo.modules.image.records.ImageProgressEvent"", ""method"": ""getTotal""}"
9566,reflection,Method.invoke,"{""class"": ""expo.modules.image.records.ImageProgressEvent"", ""method"": ""getLoaded""}"
9568,reflection,Method.invoke,"{""class"": ""expo.modules.image.records.ImageProgressEvent"", ""method"": ""getTotal""}"
9571,reflection,Method.invoke,"{""class"": ""expo.modules.image.records.ImageProgressEvent"", ""method"": ""getLoaded""}"
9573,reflection,Method.invoke,"{""class"": ""expo.modules.image.records.ImageProgressEvent"", ""method"": ""getTotal""}"
9575,reflection,Method.invoke,"{""class"": ""expo.modules.image.records.ImageProgressEvent"", ""method"": ""getLoaded""}"
9577,reflection,Method.invoke,"{""class"": ""expo.modules.image.records.ImageProgressEvent"", ""method"": ""getTotal""}"
9579,reflection,Method.invoke,"{""class"": ""expo.modules.image.records.ImageProgressEvent"", ""method"": ""getLoaded""}"
9581,reflection,Method.invoke,"{""class"": ""expo.modules.image.records.ImageProgressEvent"", ""method"": ""getTotal""}"
9587,reflection,Method.invoke,"{""class"": ""android.view.View"", ""method"": ""getViewRootImpl""}"
9589,reflection,Method.invoke,"{""class"": ""expo.modules.image.records.ImageProgressEvent"", ""method"": ""getLoaded""}"
9591,reflection,Method.invoke,"{""class"": ""expo.modules.image.records.ImageProgressEvent"", ""method"": ""getTotal""}"
9593,reflection,Method.invoke,"{""class"": ""expo.modules.image.records.ImageProgressEvent"", ""method"": ""getLoaded""}"
9595,reflection,Method.invoke,"{""class"": ""expo.modules.image.records.ImageProgressEvent"", ""method"": ""getTotal""}"
9597,reflection,Method.invoke,"{""class"": ""expo.modules.image.records.ImageProgressEvent"", ""method"": ""getLoaded""}"
9599,reflection,Method.invoke,"{""class"": ""expo.modules.image.records.ImageProgressEvent"", ""method"": ""getTotal""}"
9601,reflection,Method.invoke,"{""class"": ""expo.modules.image.records.ImageProgressEvent"", ""method"": ""getLoaded""}"
9603,reflection,Method.invoke,"{""class"": ""expo.modules.image.records.ImageProgressEvent"", ""method"": ""getTotal""}"
9606,reflection,Method.invoke,"{""class"": ""expo.modules.image.records.ImageProgressEvent"", ""method"": ""getLoaded""}"
9607,reflection,Method.invoke,"{""class"": ""expo.modules.image.records.ImageProgressEvent"", ""method"": ""getTotal""}"
9609,reflection,Method.invoke,"{""class"": ""expo.modules.image.records.ImageProgressEvent"", ""method"": ""getLoaded""}"
9610,reflection,Method.invoke,"{""class"": ""expo.modules.image.records.ImageProgressEvent"", ""method"": ""getTotal""}"
9612,reflection,Method.invoke,"{""class"": ""expo.modules.image.records.ImageProgressEvent"", ""method"": ""getLoaded""}"
9614,reflection,Method.invoke,"{""class"": ""expo.modules.image.records.ImageProgressEvent"", ""method"": ""getTotal""}"
9617,reflection,Method.invoke,"{""class"": ""expo.modules.image.records.ImageProgressEvent"", ""method"": ""getLoaded""}"
9618,reflection,Method.invoke,"{""class"": ""expo.modules.image.records.ImageProgressEvent"", ""method"": ""getTotal""}"
9620,reflection,Method.invoke,"{""class"": ""expo.modules.image.records.ImageProgressEvent"", ""method"": ""getLoaded""}"
9621,reflection,Method.invoke,"{""class"": ""expo.modules.image.records.ImageProgressEvent"", ""method"": ""getTotal""}"
9629,reflection,Method.invoke,"{""class"": ""android.view.View"", ""method"": ""getViewRootImpl""}"
9670,reflection,Method.invoke,"{""class"": ""com.facebook.react.uimanager.BaseViewManager"", ""method"": ""setTransform""}"
9680,reflection,Method.invoke,"{""class"": ""com.facebook.react.uimanager.BaseViewManager"", ""method"": ""setOpacity""}"
9688,reflection,Method.invoke,"{""class"": ""com.facebook.react.uimanager.BaseViewManager"", ""method"": ""setOpacity""}"
9695,reflection,Method.invoke,"{""class"": ""com.facebook.react.uimanager.BaseViewManager"", ""method"": ""setTransform""}"
9702,reflection,Method.invoke,"{""class"": ""com.facebook.react.uimanager.BaseViewManager"", ""method"": ""setOpacity""}"
9709,reflection,Method.invoke,"{""class"": ""com.facebook.react.uimanager.BaseViewManager"", ""method"": ""setTransform""}"
9717,reflection,Method.invoke,"{""class"": ""com.facebook.react.uimanager.BaseViewManager"", ""method"": ""setOpacity""}"
9724,reflection,Method.invoke,"{""class"": ""com.facebook.react.uimanager.BaseViewManager"", ""method"": ""setTransform""}"
9733,reflection,Method.invoke,"{""class"": ""com.facebook.react.uimanager.BaseViewManager"", ""method"": ""setOpacity""}"
9744,reflection,Method.invoke,"{""class"": ""com.facebook.react.uimanager.BaseViewManager"", ""method"": ""setOpacity""}"
9751,reflection,Method.invoke,"{""class"": ""com.facebook.react.uimanager.BaseViewManager"", ""method"": ""setTransform""}"
9758,reflection,Method.invoke,"{""class"": ""com.facebook.react.uimanager.BaseViewManager"", ""method"": ""setOpacity""}"
9774,reflection,Method.invoke,"{""class"": ""expo.modules.image.records.ImageLoadEvent"", ""method"": ""getCacheType""}"
9789,reflection,Method.invoke,"{""class"": ""expo.modules.image.records.ImageLoadEvent"", ""method"": ""getSource""}"
9802,reflection,Method.invoke,"{""class"": ""expo.modules.image.records.ImageSource"", ""method"": ""getHeight""}"
9809,reflection,Method.invoke,"{""class"": ""expo.modules.image.records.ImageSource"", ""method"": ""isAnimated""}"
9816,reflection,Method.invoke,"{""class"": ""expo.modules.image.records.ImageSource"", ""method"": ""getMediaType""}"
9821,reflection,Method.invoke,"{""class"": ""expo.modules.image.records.ImageSource"", ""method"": ""getUrl""}"
9827,reflection,Method.invoke,"{""class"": ""expo.modules.image.records.ImageSource"", ""method"": ""getWidth""}"
9841,reflection,Method.invoke,"{""class"": ""expo.modules.image.records.ImageLoadEvent"", ""method"": ""getCacheType""}"
9848,reflection,Method.invoke,"{""class"": ""expo.modules.image.records.ImageLoadEvent"", ""method"": ""getSource""}"
9854,reflection,Method.invoke,"{""class"": ""expo.modules.image.records.ImageSource"", ""method"": ""getHeight""}"
9861,reflection,Method.invoke,"{""class"": ""expo.modules.image.records.ImageSource"", ""method"": ""isAnimated""}"
9868,reflection,Method.invoke,"{""class"": ""expo.modules.image.records.ImageSource"", ""method"": ""getMediaType""}"
9873,reflection,Method.invoke,"{""class"": ""expo.modules.image.records.ImageSource"", ""method"": ""getUrl""}"
9879,reflection,Method.invoke,"{""class"": ""expo.modules.image.records.ImageSource"", ""method"": ""getWidth""}"
9887,reflection,Method.invoke,"{""class"": ""com.facebook.react.uimanager.BaseViewManager"", ""method"": ""setTransform""}"
9894,reflection,Method.invoke,"{""class"": ""com.facebook.react.uimanager.BaseViewManager"", ""method"": ""setOpacity""}"
9900,reflection,Method.invoke,"{""class"": ""com.facebook.react.uimanager.BaseViewManager"", ""method"": ""setOpacity""}"
9907,reflection,Method.invoke,"{""class"": ""com.facebook.react.uimanager.BaseViewManager"", ""method"": ""setOpacity""}"
9914,reflection,Method.invoke,"{""class"": ""com.facebook.react.uimanager.BaseViewManager"", ""method"": ""setOpacity""}"
9921,reflection,Method.invoke,"{""class"": ""com.facebook.react.uimanager.BaseViewManager"", ""method"": ""setTransform""}"
9945,reflection,Method.invoke,"{""class"": ""com.facebook.react.uimanager.BaseViewManager"", ""method"": ""setTransform""}"
9954,reflection,Method.invoke,"{""class"": ""com.facebook.react.uimanager.BaseViewManager"", ""method"": ""setOpacity""}"
9962,reflection,Method.invoke,"{""class"": ""com.facebook.react.uimanager.BaseViewManager"", ""method"": ""setOpacity""}"
9968,reflection,Method.invoke,"{""class"": ""com.facebook.react.uimanager.BaseViewManager"", ""method"": ""setTransform""}"
9975,reflection,Method.invoke,"{""class"": ""com.facebook.react.uimanager.BaseViewManager"", ""method"": ""setTransform""}"
9983,reflection,Method.invoke,"{""class"": ""com.facebook.react.uimanager.BaseViewManager"", ""method"": ""setOpacity""}"
12003,reflection,Method.invoke,"{""class"": ""expo.modules.haptics.HapticType"", ""method"": ""values""}"
12012,reflection,Method.invoke,"{""class"": ""kotlin.Metadata"", ""method"": ""bv""}"
12028,reflection,Method.invoke,"{""class"": ""com.facebook.react.uimanager.BaseViewManager"", ""method"": ""setOpacity""}"
12035,reflection,Method.invoke,"{""class"": ""kotlin.Metadata"", ""method"": ""d1""}"
12048,reflection,Method.invoke,"{""class"": ""com.facebook.react.uimanager.BaseViewManager"", ""method"": ""setOpacity""}"
12058,reflection,Method.invoke,"{""class"": ""kotlin.Metadata"", ""method"": ""d2""}"
12071,reflection,Method.invoke,"{""class"": ""com.facebook.react.uimanager.BaseViewManager"", ""method"": ""setOpacity""}"
12086,reflection,Method.invoke,"{""class"": ""kotlin.Metadata"", ""method"": ""k""}"
12103,reflection,Method.invoke,"{""class"": ""kotlin.Metadata"", ""method"": ""mv""}"
12113,reflection,Method.invoke,"{""class"": ""com.facebook.react.uimanager.BaseViewManager"", ""method"": ""setOpacity""}"
12123,reflection,Method.invoke,"{""class"": ""kotlin.Metadata"", ""method"": ""pn""}"
12143,reflection,Method.invoke,"{""class"": ""com.facebook.react.uimanager.BaseViewManager"", ""method"": ""setOpacity""}"
12148,reflection,Method.invoke,"{""class"": ""kotlin.Metadata"", ""method"": ""xi""}"
12164,reflection,Method.invoke,"{""class"": ""kotlin.Metadata"", ""method"": ""xs""}"
12172,reflection,Method.invoke,"{""class"": ""com.facebook.react.uimanager.BaseViewManager"", ""method"": ""setOpacity""}"
12185,reflection,Method.invoke,"{""class"": ""com.facebook.react.uimanager.BaseViewManager"", ""method"": ""setOpacity""}"
12202,reflection,Method.invoke,"{""class"": ""com.facebook.react.uimanager.BaseViewManager"", ""method"": ""setOpacity""}"
12213,reflection,Method.invoke,"{""class"": ""com.facebook.react.views.view.ReactViewManager"", ""method"": ""setCollapsable""}"
12224,reflection,Method.invoke,"{""class"": ""com.facebook.react.uimanager.BaseViewManager"", ""method"": ""setOpacity""}"
12235,reflection,Method.invoke,"{""class"": ""com.facebook.react.views.view.ReactViewManager"", ""method"": ""setPointerEvents""}"
12246,reflection,Method.invoke,"{""class"": ""com.facebook.react.uimanager.BaseViewManager"", ""method"": ""setBackgroundColor""}"
12256,reflection,Method.invoke,"{""class"": ""com.facebook.react.views.view.ReactViewManager"", ""method"": ""setCollapsable""}"
12272,reflection,Method.invoke,"{""class"": ""com.facebook.react.uimanager.BaseViewManager"", ""method"": ""setOpacity""}"
12283,reflection,Method.invoke,"{""class"": ""com.facebook.react.uimanager.BaseViewManager"", ""method"": ""setOpacity""}"
12301,reflection,Method.invoke,"{""class"": ""com.facebook.react.uimanager.BaseViewManager"", ""method"": ""setOpacity""}"
12316,reflection,Method.invoke,"{""class"": ""android.os.SystemProperties"", ""method"": ""get""}"
12328,reflection,Method.invoke,"{""class"": ""com.facebook.react.views.view.ReactViewManager"", ""method"": ""setBorderColor""}"
12340,reflection,Method.invoke,"{""class"": ""com.facebook.react.uimanager.BaseViewManager"", ""method"": ""setElevation""}"
12344,reflection,Method.invoke,"{""class"": ""android.os.SystemProperties"", ""method"": ""get""}"
12359,reflection,Method.invoke,"{""class"": ""java.util.Locale"", ""method"": ""getDefault""}"
12365,reflection,Method.invoke,"{""class"": ""com.facebook.react.uimanager.BaseViewManager"", ""method"": ""setBackgroundColor""}"
12378,reflection,Method.invoke,"{""class"": ""com.facebook.react.views.view.ReactViewManager"", ""method"": ""setPointerEvents""}"
12389,reflection,Method.invoke,"{""class"": ""com.facebook.react.views.view.ReactViewManager"", ""method"": ""setCollapsable""}"
12402,reflection,Method.invoke,"{""class"": ""android.os.SystemProperties"", ""method"": ""get""}"
12412,reflection,Method.invoke,"{""class"": ""com.facebook.react.views.view.ReactViewManager"", ""method"": ""setPointerEvents""}"
12421,reflection,Method.invoke,"{""class"": ""android.os.SystemProperties"", ""method"": ""get""}"
12430,reflection,Method.invoke,"{""class"": ""com.facebook.react.views.view.ReactViewManager"", ""method"": ""setCollapsable""}"
12447,reflection,Method.invoke,"{""class"": ""java.util.Locale"", ""method"": ""getDefault""}"
12456,reflection,Method.invoke,"{""class"": ""com.facebook.react.views.view.ReactViewManager"", ""method"": ""setPointerEvents""}"
12468,reflection,Method.invoke,"{""class"": ""com.facebook.react.views.view.ReactViewManager"", ""method"": ""setPointerEvents""}"
12479,reflection,Method.invoke,"{""class"": ""com.facebook.react.views.view.ReactViewManager"", ""method"": ""setCollapsable""}"
12502,reflection,Method.invoke,"{""class"": ""com.facebook.react.uimanager.BaseViewManager"", ""method"": ""setRole""}"
12515,reflection,Method.invoke,"{""class"": ""com.facebook.react.views.text.ReactTextAnchorViewManager"", ""method"": ""setNumberOfLines$ReactAndroid_release""}"
12526,reflection,Method.invoke,"{""class"": ""com.facebook.react.views.text.ReactTextAnchorViewManager"", ""method"": ""setAccessible$ReactAndroid_release""}"
12542,reflection,Method.invoke,"{""class"": ""java.util.Locale"", ""method"": ""getDefault""}"
12550,reflection,Method.invoke,"{""class"": ""com.facebook.react.views.text.ReactTextAnchorViewManager"", ""method"": ""setEllipsizeMode$ReactAndroid_release""}"
12567,file_io,AssetManager.open,"{""path"": ""fonts/sans-serif-medium.ttf""}"
12576,file_io,AssetManager.open,"{""path"": ""fonts/sans-serif-medium.otf""}"
12579,reflection,Method.invoke,"{""class"": ""com.facebook.react.views.text.ReactTextAnchorViewManager"", ""method"": ""setFontSize$ReactAndroid_release""}"
12607,reflection,Method.invoke,"{""class"": ""com.facebook.react.views.view.ReactViewManager"", ""method"": ""setPointerEvents""}"
12618,reflection,Method.invoke,"{""class"": ""com.facebook.react.views.view.ReactViewManager"", ""method"": ""setCollapsable""}"
12638,reflection,Method.invoke,"{""class"": ""com.facebook.react.uimanager.BaseViewManager"", ""method"": ""setBackgroundColor""}"
12652,reflection,Method.invoke,"{""class"": ""com.facebook.react.views.view.ReactViewManager"", ""method"": ""setBorderRadius""}"
12668,reflection,Method.invoke,"{""class"": ""com.facebook.react.views.view.ReactViewManager"", ""method"": ""setHitSlop""}"
12682,reflection,Method.invoke,"{""class"": ""com.facebook.react.uimanager.BaseViewManager"", ""method"": ""setResponderMove""}"
12696,reflection,Method.invoke,"{""class"": ""com.facebook.react.views.view.ReactViewManager"", ""method"": ""setAccessible""}"
12712,reflection,Method.invoke,"{""class"": ""com.facebook.react.uimanager.BaseViewManager"", ""method"": ""setOpacity""}"
12733,reflection,Method.invoke,"{""class"": ""java.util.Locale"", ""method"": ""getDefault""}"
12742,reflection,Method.invoke,"{""class"": ""com.facebook.react.uimanager.BaseViewManager"", ""method"": ""setResponderGrant""}"
12756,reflection,Method.invoke,"{""class"": ""com.facebook.react.uimanager.BaseViewManager"", ""method"": ""setStartShouldSetResponder""}"
12767,reflection,Method.invoke,"{""class"": ""com.facebook.react.uimanager.BaseViewManager"", ""method"": ""setResponderTerminationRequest""}"
12778,reflection,Method.invoke,"{""class"": ""com.facebook.react.uimanager.BaseViewManager"", ""method"": ""setResponderRelease""}"
12785,reflection,Method.invoke,"{""class"": ""com.facebook.react.uimanager.BaseViewManager"", ""method"": ""setResponderTerminate""}"
12792,reflection,Method.invoke,"{""class"": ""com.facebook.react.views.view.ReactViewManager"", ""method"": ""setFocusable""}"
12799,reflection,Method.invoke,"{""class"": ""com.facebook.react.uimanager.BaseViewManager"", ""method"": ""setClick""}"
12806,reflection,Method.invoke,"{""class"": ""com.facebook.react.views.view.ReactViewManager"", ""method"": ""setCollapsable""}"
12813,reflection,Method.invoke,"{""class"": ""com.facebook.react.uimanager.BaseViewManager"", ""method"": ""setAccessibilityValue""}"
12820,reflection,Method.invoke,"{""class"": ""com.facebook.react.uimanager.BaseViewManager"", ""method"": ""setViewState""}"
12827,reflection,Method.invoke,"{""class"": ""com.facebook.react.views.view.ReactViewManager"", ""method"": ""setPointerEvents""}"
12834,reflection,Method.invoke,"{""class"": ""com.facebook.react.views.view.ReactViewManager"", ""method"": ""setCollapsable""}"
12842,reflection,Method.invoke,"{""class"": ""com.facebook.react.views.view.ReactViewManager"", ""method"": ""setPointerEvents""}"
12849,reflection,Method.invoke,"{""class"": ""com.facebook.react.views.view.ReactViewManager"", ""method"": ""setCollapsable""}"
12856,reflection,Method.invoke,"{""class"": ""com.facebook.react.views.view.ReactViewManager"", ""method"": ""setPointerEvents""}"
12863,reflection,Method.invoke,"{""class"": ""com.facebook.react.uimanager.BaseViewManager"", ""method"": ""setZIndex""}"
12870,reflection,Method.invoke,"{""class"": ""com.facebook.react.views.view.ReactViewManager"", ""method"": ""setCollapsable""}"
12877,reflection,Method.invoke,"{""class"": ""com.facebook.react.views.text.ReactTextAnchorViewManager"", ""method"": ""setAccessible$ReactAndroid_release""}"
12884,reflection,Method.invoke,"{""class"": ""com.facebook.react.views.text.ReactTextAnchorViewManager"", ""method"": ""setEllipsizeMode$ReactAndroid_release""}"
12891,reflection,Method.invoke,"{""class"": ""com.facebook.react.views.text.ReactTextAnchorViewManager"", ""method"": ""setFontSize$ReactAndroid_release""}"
12898,reflection,Method.invoke,"{""class"": ""com.facebook.react.views.text.ReactTextAnchorViewManager"", ""method"": ""setAccessible$ReactAndroid_release""}"
12905,reflection,Method.invoke,"{""class"": ""com.facebook.react.views.text.ReactTextAnchorViewManager"", ""method"": ""setEllipsizeMode$ReactAndroid_release""}"
12913,reflection,Method.invoke,"{""class"": ""com.facebook.react.uimanager.BaseViewManager"", ""method"": ""setBackgroundColor""}"
12920,reflection,Method.invoke,"{""class"": ""com.facebook.react.views.view.ReactViewManager"", ""method"": ""setBorderRadius""}"
12927,reflection,Method.invoke,"{""class"": ""com.facebook.react.uimanager.BaseViewManager"", ""method"": ""setElevation""}"
12934,reflection,Method.invoke,"{""class"": ""com.facebook.react.views.text.ReactTextAnchorViewManager"", ""method"": ""setAccessible$ReactAndroid_release""}"
12940,reflection,Method.invoke,"{""class"": ""com.facebook.react.views.text.ReactTextAnchorViewManager"", ""method"": ""setFontSize$ReactAndroid_release""}"
12947,reflection,Method.invoke,"{""class"": ""com.facebook.react.views.text.ReactTextAnchorViewManager"", ""method"": ""setEllipsizeMode$ReactAndroid_release""}"
12958,reflection,Method.invoke,"{""class"": ""com.facebook.react.views.view.ReactViewManager"", ""method"": ""setBorderRadius""}"
12965,reflection,Method.invoke,"{""class"": ""com.facebook.react.views.view.ReactViewManager"", ""method"": ""setBorderRadius""}"
12972,reflection,Method.invoke,"{""class"": ""com.facebook.react.uimanager.BaseViewManager"", ""method"": ""setBackgroundColor""}"
12983,reflection,Method.invoke,"{""class"": ""com.facebook.react.views.view.ReactViewManager"", ""method"": ""setCollapsable""}"
12990,reflection,Method.invoke,"{""class"": ""com.facebook.react.uimanager.BaseViewManager"", ""method"": ""setAccessibilityValue""}"
12997,reflection,Method.invoke,"{""class"": ""com.facebook.react.uimanager.BaseViewManager"", ""method"": ""setResponderRelease""}"
13004,reflection,Method.invoke,"{""class"": ""com.facebook.react.views.view.ReactViewManager"", ""method"": ""setAccessible""}"
13011,reflection,Method.invoke,"{""class"": ""com.facebook.react.uimanager.BaseViewManager"", ""method"": ""setOpacity""}"
13017,reflection,Method.invoke,"{""class"": ""com.facebook.react.views.view.ReactViewManager"", ""method"": ""setHitSlop""}"
13024,reflection,Method.invoke,"{""class"": ""com.facebook.react.uimanager.BaseViewManager"", ""method"": ""setResponderMove""}"
13032,reflection,Method.invoke,"{""class"": ""com.facebook.react.uimanager.BaseViewManager"", ""method"": ""setResponderGrant""}"
13039,reflection,Method.invoke,"{""class"": ""com.facebook.react.uimanager.BaseViewManager"", ""method"": ""setStartShouldSetResponder""}"
13046,reflection,Method.invoke,"{""class"": ""com.facebook.react.uimanager.BaseViewManager"", ""method"": ""setResponderTerminate""}"
13053,reflection,Method.invoke,"{""class"": ""com.facebook.react.views.view.ReactViewManager"", ""method"": ""setFocusable""}"
13065,reflection,Method.invoke,"{""class"": ""com.facebook.react.uimanager.BaseViewManager"", ""method"": ""setResponderTerminationRequest""}"
13071,reflection,Method.invoke,"{""class"": ""com.facebook.react.uimanager.BaseViewManager"", ""method"": ""setClick""}"
13078,reflection,Method.invoke,"{""class"": ""com.facebook.react.uimanager.BaseViewManager"", ""method"": ""setViewState""}"
13085,reflection,Method.invoke,"{""class"": ""com.facebook.react.views.text.ReactTextAnchorViewManager"", ""method"": ""setAccessible$ReactAndroid_release""}"
13092,reflection,Method.invoke,"{""class"": ""com.facebook.react.views.text.ReactTextAnchorViewManager"", ""method"": ""setEllipsizeMode$ReactAndroid_release""}"
13099,reflection,Method.invoke,"{""class"": ""com.facebook.react.views.text.ReactTextAnchorViewManager"", ""method"": ""setFontSize$ReactAndroid_release""}"
13106,reflection,Method.invoke,"{""class"": ""com.facebook.react.views.view.ReactViewManager"", ""method"": ""setCollapsable""}"
13114,reflection,Method.invoke,"{""class"": ""com.facebook.react.uimanager.BaseViewManager"", ""method"": ""setAccessibilityValue""}"
13121,reflection,Method.invoke,"{""class"": ""com.facebook.react.uimanager.BaseViewManager"", ""method"": ""setResponderRelease""}"
13128,reflection,Method.invoke,"{""class"": ""com.facebook.react.views.view.ReactViewManager"", ""method"": ""setAccessible""}"
13135,reflection,Method.invoke,"{""class"": ""com.facebook.react.uimanager.BaseViewManager"", ""method"": ""setOpacity""}"
13141,reflection,Method.invoke,"{""class"": ""com.facebook.react.views.view.ReactViewManager"", ""method"": ""setHitSlop""}"
13149,reflection,Method.invoke,"{""class"": ""com.facebook.react.uimanager.BaseViewManager"", ""method"": ""setResponderMove""}"
13156,reflection,Method.invoke,"{""class"": ""com.facebook.react.uimanager.BaseViewManager"", ""method"": ""setResponderGrant""}"
13163,reflection,Method.invoke,"{""class"": ""com.facebook.react.uimanager.BaseViewManager"", ""method"": ""setStartShouldSetResponder""}"
13169,reflection,Method.invoke,"{""class"": ""com.facebook.react.uimanager.BaseViewManager"", ""method"": ""setResponderTerminate""}"
13177,reflection,Method.invoke,"{""class"": ""com.facebook.react.views.view.ReactViewManager"", ""method"": ""setFocusable""}"
13184,reflection,Method.invoke,"{""class"": ""com.facebook.react.uimanager.BaseViewManager"", ""method"": ""setResponderTerminationRequest""}"
13191,reflection,Method.invoke,"{""class"": ""com.facebook.react.uimanager.BaseViewManager"", ""method"": ""setClick""}"
13198,reflection,Method.invoke,"{""class"": ""com.facebook.react.uimanager.BaseViewManager"", ""method"": ""setViewState""}"
13205,reflection,Method.invoke,"{""class"": ""com.facebook.react.uimanager.BaseViewManager"", ""method"": ""setBackgroundColor""}"
13212,reflection,Method.invoke,"{""class"": ""com.facebook.react.views.view.ReactViewManager"", ""method"": ""setBorderRadius""}"
13220,reflection,Method.invoke,"{""class"": ""com.facebook.react.views.view.ReactViewManager"", ""method"": ""setBorderRadius""}"
13227,reflection,Method.invoke,"{""class"": ""com.facebook.react.views.text.ReactTextAnchorViewManager"", ""method"": ""setAccessible$ReactAndroid_release""}"
13234,reflection,Method.invoke,"{""class"": ""com.facebook.react.views.text.ReactTextAnchorViewManager"", ""method"": ""setFontSize$ReactAndroid_release""}"
13242,reflection,Method.invoke,"{""class"": ""com.facebook.react.views.text.ReactTextAnchorViewManager"", ""method"": ""setEllipsizeMode$ReactAndroid_release""}"
13250,reflection,Method.invoke,"{""class"": ""com.facebook.react.views.view.ReactViewManager"", ""method"": ""setBorderRadius""}"
13257,reflection,Method.invoke,"{""class"": ""com.facebook.react.views.view.ReactViewManager"", ""method"": ""setBorderRadius""}"
13265,reflection,Method.invoke,"{""class"": ""com.facebook.react.uimanager.BaseViewManager"", ""method"": ""setBackgroundColor""}"
13272,reflection,Method.invoke,"{""class"": ""com.facebook.react.views.view.ReactViewManager"", ""method"": ""setCollapsable""}"
13279,reflection,Method.invoke,"{""class"": ""com.facebook.react.uimanager.BaseViewManager"", ""method"": ""setAccessibilityValue""}"
13286,reflection,Method.invoke,"{""class"": ""com.facebook.react.uimanager.BaseViewManager"", ""method"": ""setResponderRelease""}"
13293,reflection,Method.invoke,"{""class"": ""com.facebook.react.views.view.ReactViewManager"", ""method"": ""setAccessible""}"
13300,reflection,Method.invoke,"{""class"": ""com.facebook.react.uimanager.BaseViewManager"", ""method"": ""setOpacity""}"
13307,reflection,Method.invoke,"{""class"": ""com.facebook.react.views.view.ReactViewManager"", ""method"": ""setHitSlop""}"
13314,reflection,Method.invoke,"{""class"": ""com.facebook.react.uimanager.BaseViewManager"", ""method"": ""setResponderMove""}"
13321,reflection,Method.invoke,"{""class"": ""com.facebook.react.uimanager.BaseViewManager"", ""method"": ""setResponderGrant""}"
13328,reflection,Method.invoke,"{""class"": ""com.facebook.react.uimanager.BaseViewManager"", ""method"": ""setStartShouldSetResponder""}"
13335,reflection,Method.invoke,"{""class"": ""com.facebook.react.uimanager.BaseViewManager"", ""method"": ""setResponderTerminate""}"
13342,reflection,Method.invoke,"{""class"": ""com.facebook.react.views.view.ReactViewManager"", ""method"": ""setFocusable""}"
13349,reflection,Method.invoke,"{""class"": ""com.facebook.react.uimanager.BaseViewManager"", ""method"": ""setResponderTerminationRequest""}"
13356,reflection,Method.invoke,"{""class"": ""com.facebook.react.uimanager.BaseViewManager"", ""method"": ""setClick""}"
13363,reflection,Method.invoke,"{""class"": ""com.facebook.react.uimanager.BaseViewManager"", ""method"": ""setViewState""}"
13370,reflection,Method.invoke,"{""class"": ""com.facebook.react.views.text.ReactTextAnchorViewManager"", ""method"": ""setAccessible$ReactAndroid_release""}"
13377,reflection,Method.invoke,"{""class"": ""com.facebook.react.views.text.ReactTextAnchorViewManager"", ""method"": ""setEllipsizeMode$ReactAndroid_release""}"
13384,reflection,Method.invoke,"{""class"": ""com.facebook.react.views.text.ReactTextAnchorViewManager"", ""method"": ""setFontSize$ReactAndroid_release""}"
13391,reflection,Method.invoke,"{""class"": ""com.facebook.react.views.view.ReactViewManager"", ""method"": ""setCollapsable""}"
13398,reflection,Method.invoke,"{""class"": ""com.facebook.react.uimanager.BaseViewManager"", ""method"": ""setAccessibilityValue""}"
13405,reflection,Method.invoke,"{""class"": ""com.facebook.react.uimanager.BaseViewManager"", ""method"": ""setResponderRelease""}"
13413,reflection,Method.invoke,"{""class"": ""com.facebook.react.views.view.ReactViewManager"", ""method"": ""setAccessible""}"
13419,reflection,Method.invoke,"{""class"": ""com.facebook.react.uimanager.BaseViewManager"", ""method"": ""setOpacity""}"
13426,reflection,Method.invoke,"{""class"": ""com.facebook.react.views.view.ReactViewManager"", ""method"": ""setHitSlop""}"
13433,reflection,Method.invoke,"{""class"": ""com.facebook.react.uimanager.BaseViewManager"", ""method"": ""setResponderMove""}"
13440,reflection,Method.invoke,"{""class"": ""com.facebook.react.uimanager.BaseViewManager"", ""method"": ""setResponderGrant""}"
13447,reflection,Method.invoke,"{""class"": ""com.facebook.react.uimanager.BaseViewManager"", ""method"": ""setStartShouldSetResponder""}"
13455,reflection,Method.invoke,"{""class"": ""com.facebook.react.uimanager.BaseViewManager"", ""method"": ""setResponderTerminate""}"
13461,reflection,Method.invoke,"{""class"": ""com.facebook.react.views.view.ReactViewManager"", ""method"": ""setFocusable""}"
13468,reflection,Method.invoke,"{""class"": ""com.facebook.react.uimanager.BaseViewManager"", ""method"": ""setResponderTerminationRequest""}"
13475,reflection,Method.invoke,"{""class"": ""com.facebook.react.uimanager.BaseViewManager"", ""method"": ""setClick""}"
13482,reflection,Method.invoke,"{""class"": ""com.facebook.react.uimanager.BaseViewManager"", ""method"": ""setViewState""}"
13489,reflection,Method.invoke,"{""class"": ""com.facebook.react.uimanager.BaseViewManager"", ""method"": ""setBackgroundColor""}"
13496,reflection,Method.invoke,"{""class"": ""com.facebook.react.views.view.ReactViewManager"", ""method"": ""setBorderRadius""}"
13503,reflection,Method.invoke,"{""class"": ""com.facebook.react.views.view.ReactViewManager"", ""method"": ""setBorderRadius""}"
13512,reflection,Method.invoke,"{""class"": ""com.facebook.react.views.textinput.ReactTextInputManager"", ""method"": ""setAllowFontScaling""}"
13519,reflection,Method.invoke,"{""class"": ""com.facebook.react.views.textinput.ReactTextInputManager"", ""method"": ""setFontSize""}"
13526,reflection,Method.invoke,"{""class"": ""com.facebook.react.views.textinput.ReactTextInputManager"", ""method"": ""setMultiline""}"
13533,reflection,Method.invoke,"{""class"": ""com.facebook.react.uimanager.BaseViewManager"", ""method"": ""setStartShouldSetResponder""}"
13541,reflection,Method.invoke,"{""class"": ""com.facebook.react.uimanager.BaseViewManager"", ""method"": ""setResponderGrant""}"
13548,reflection,Method.invoke,"{""class"": ""com.facebook.react.uimanager.BaseViewManager"", ""method"": ""setBackgroundColor""}"
13555,reflection,Method.invoke,"{""class"": ""com.facebook.react.views.textinput.ReactTextInputManager"", ""method"": ""setUnderlineColor""}"
13562,reflection,Method.invoke,"{""class"": ""com.facebook.react.views.textinput.ReactTextInputManager"", ""method"": ""setBorderRadius""}"
13569,reflection,Method.invoke,"{""class"": ""com.facebook.react.views.textinput.ReactTextInputManager"", ""method"": ""setOnSelectionChange""}"
13577,reflection,Method.invoke,"{""class"": ""com.facebook.react.views.textinput.ReactTextInputManager"", ""method"": ""setTextAlignVertical""}"
13584,reflection,Method.invoke,"{""class"": ""com.facebook.react.views.textinput.ReactTextInputManager"", ""method"": ""setPlaceholder""}"
13591,reflection,Method.invoke,"{""class"": ""com.facebook.react.views.textinput.ReactTextInputManager"", ""method"": ""setPlaceholderTextColor""}"
13598,reflection,Method.invoke,"{""class"": ""com.facebook.react.views.textinput.ReactTextInputManager"", ""method"": ""setNumLines""}"
13605,reflection,Method.invoke,"{""class"": ""com.facebook.react.uimanager.BaseViewManager"", ""method"": ""setResponderMove""}"
13612,reflection,Method.invoke,"{""class"": ""com.facebook.react.views.textinput.ReactTextInputManager"", ""method"": ""setMaxLength""}"
13619,reflection,Method.invoke,"{""class"": ""com.facebook.react.views.textinput.ReactTextInputManager"", ""method"": ""setAutoCapitalize""}"
13626,reflection,Method.invoke,"{""class"": ""com.facebook.react.uimanager.BaseViewManager"", ""method"": ""setResponderRelease""}"
13633,reflection,Method.invoke,"{""class"": ""com.facebook.react.views.textinput.ReactTextInputManager"", ""method"": ""setSubmitBehavior""}"
13640,reflection,Method.invoke,"{""class"": ""com.facebook.react.uimanager.BaseViewManager"", ""method"": ""setResponderTerminate""}"
13647,reflection,Method.invoke,"{""class"": ""com.facebook.react.uimanager.BaseViewManager"", ""method"": ""setResponderTerminationRequest""}"
13654,reflection,Method.invoke,"{""class"": ""com.facebook.react.uimanager.BaseViewManager"", ""method"": ""setClick""}"
13661,reflection,Method.invoke,"{""class"": ""com.facebook.react.views.textinput.ReactTextInputManager"", ""method"": ""setOnScroll""}"
13668,reflection,Method.invoke,"{""class"": ""com.facebook.react.uimanager.BaseViewManager"", ""method"": ""setNativeId""}"
13676,reflection,Method.invoke,"{""class"": ""com.facebook.react.views.view.ReactViewManager"", ""method"": ""setBorderColor""}"
13683,reflection,Method.invoke,"{""class"": ""com.facebook.react.views.view.ReactViewManager"", ""method"": ""setCollapsable""}"
13690,reflection,Method.invoke,"{""class"": ""com.facebook.react.views.view.ReactViewManager"", ""method"": ""setBorderWidth""}"
13698,reflection,Method.invoke,"{""class"": ""com.facebook.react.views.view.ReactViewManager"", ""method"": ""setBorderRadius""}"
13705,reflection,Method.invoke,"{""class"": ""com.facebook.react.views.text.ReactTextAnchorViewManager"", ""method"": ""setAccessible$ReactAndroid_release""}"
13712,reflection,Method.invoke,"{""class"": ""com.facebook.react.views.text.ReactTextAnchorViewManager"", ""method"": ""setEllipsizeMode$ReactAndroid_release""}"
13719,reflection,Method.invoke,"{""class"": ""com.facebook.react.uimanager.BaseViewManager"", ""method"": ""setOpacity""}"
13726,reflection,Method.invoke,"{""class"": ""com.facebook.react.views.text.ReactTextAnchorViewManager"", ""method"": ""setFontSize$ReactAndroid_release""}"
13733,reflection,Method.invoke,"{""class"": ""com.facebook.react.views.text.ReactTextAnchorViewManager"", ""method"": ""setAccessible$ReactAndroid_release""}"
13740,reflection,Method.invoke,"{""class"": ""com.facebook.react.views.text.ReactTextAnchorViewManager"", ""method"": ""setFontSize$ReactAndroid_release""}"
13749,reflection,Method.invoke,"{""class"": ""com.facebook.react.views.text.ReactTextAnchorViewManager"", ""method"": ""setEllipsizeMode$ReactAndroid_release""}"
13755,reflection,Method.invoke,"{""class"": ""com.facebook.react.views.view.ReactViewManager"", ""method"": ""setFocusable""}"
13762,reflection,Method.invoke,"{""class"": ""com.facebook.react.uimanager.BaseViewManager"", ""method"": ""setResponderTerminate""}"
13769,reflection,Method.invoke,"{""class"": ""com.facebook.react.views.view.ReactViewManager"", ""method"": ""setBorderRadius""}"
13777,reflection,Method.invoke,"{""class"": ""com.facebook.react.uimanager.BaseViewManager"", ""method"": ""setOpacity""}"
13784,reflection,Method.invoke,"{""class"": ""com.facebook.react.uimanager.BaseViewManager"", ""method"": ""setBackgroundColor""}"
13791,reflection,Method.invoke,"{""class"": ""com.facebook.react.views.view.ReactViewManager"", ""method"": ""setAccessible""}"
13798,reflection,Method.invoke,"{""class"": ""com.facebook.react.uimanager.BaseViewManager"", ""method"": ""setStartShouldSetResponder""}"
13805,reflection,Method.invoke,"{""class"": ""com.facebook.react.uimanager.BaseViewManager"", ""method"": ""setResponderGrant""}"
13812,reflection,Method.invoke,"{""class"": ""com.facebook.react.views.view.ReactViewManager"", ""method"": ""setHitSlop""}"
13819,reflection,Method.invoke,"{""class"": ""com.facebook.react.uimanager.BaseViewManager"", ""method"": ""setResponderMove""}"
13826,reflection,Method.invoke,"{""class"": ""com.facebook.react.uimanager.BaseViewManager"", ""method"": ""setResponderRelease""}"
13833,reflection,Method.invoke,"{""class"": ""com.facebook.react.uimanager.BaseViewManager"", ""method"": ""setResponderTerminationRequest""}"
13840,reflection,Method.invoke,"{""class"": ""com.facebook.react.uimanager.BaseViewManager"", ""method"": ""setClick""}"
13847,reflection,Method.invoke,"{""class"": ""com.facebook.react.views.view.ReactViewManager"", ""method"": ""setCollapsable""}"
13854,reflection,Method.invoke,"{""class"": ""com.facebook.react.uimanager.BaseViewManager"", ""method"": ""setAccessibilityValue""}"
13861,reflection,Method.invoke,"{""class"": ""com.facebook.react.uimanager.BaseViewManager"", ""method"": ""setViewState""}"
13868,reflection,Method.invoke,"{""class"": ""com.facebook.react.views.view.ReactViewManager"", ""method"": ""setCollapsable""}"
13875,reflection,Method.invoke,"{""class"": ""com.facebook.react.views.view.ReactViewManager"", ""method"": ""setCollapsableChildren""}"
13882,reflection,Method.invoke,"{""class"": ""com.facebook.react.uimanager.BaseViewManager"", ""method"": ""setStartShouldSetResponder""}"
13889,reflection,Method.invoke,"{""class"": ""com.facebook.react.uimanager.BaseViewManager"", ""method"": ""setResponderGrant""}"
13896,reflection,Method.invoke,"{""class"": ""com.facebook.react.uimanager.BaseViewManager"", ""method"": ""setResponderTerminationRequest""}"
13903,reflection,Method.invoke,"{""class"": ""com.facebook.react.views.scroll.ReactScrollViewManager"", ""method"": ""setSnapToEnd""}"
13911,reflection,Method.invoke,"{""class"": ""com.facebook.react.uimanager.BaseViewManager"", ""method"": ""setResponderMove""}"
13918,reflection,Method.invoke,"{""class"": ""com.facebook.react.uimanager.BaseViewManager"", ""method"": ""setClick""}"
13926,reflection,Method.invoke,"{""class"": ""com.facebook.react.uimanager.BaseViewManager"", ""method"": ""setResponderReject""}"
13934,reflection,Method.invoke,"{""class"": ""com.facebook.react.views.scroll.ReactScrollViewManager"", ""method"": ""setSendMomentumEvents""}"
13941,reflection,Method.invoke,"{""class"": ""com.facebook.react.uimanager.BaseViewManager"", ""method"": ""setTouchStart""}"
13949,reflection,Method.invoke,"{""class"": ""com.facebook.react.uimanager.BaseViewManager"", ""method"": ""setViewState""}"
13956,reflection,Method.invoke,"{""class"": ""com.facebook.react.uimanager.BaseViewManager"", ""method"": ""setResponderTerminate""}"
13964,reflection,Method.invoke,"{""class"": ""com.facebook.react.uimanager.BaseViewManager"", ""method"": ""setStartShouldSetResponderCapture""}"
13970,reflection,Method.invoke,"{""class"": ""com.facebook.react.uimanager.BaseViewManager"", ""method"": ""setTouchEnd""}"
13978,reflection,Method.invoke,"{""class"": ""com.facebook.react.uimanager.BaseViewManager"", ""method"": ""setResponderRelease""}"
13985,reflection,Method.invoke,"{""class"": ""com.facebook.react.views.scroll.ReactScrollViewManager"", ""method"": ""setSnapToStart""}"
13992,reflection,Method.invoke,"{""class"": ""com.facebook.react.views.scroll.ReactScrollViewManager"", ""method"": ""setOverflow""}"
13999,reflection,Method.invoke,"{""class"": ""com.facebook.react.uimanager.BaseViewManager"", ""method"": ""setTouchMove""}"
14006,reflection,Method.invoke,"{""class"": ""com.facebook.react.uimanager.BaseViewManager"", ""method"": ""setTouchCancel""}"
14013,reflection,Method.invoke,"{""class"": ""com.facebook.react.views.scroll.ReactScrollViewManager"", ""method"": ""setPagingEnabled""}"
14020,reflection,Method.invoke,"{""class"": ""com.facebook.react.uimanager.BaseViewManager"", ""method"": ""setBackgroundColor""}"
14027,reflection,Method.invoke,"{""class"": ""com.facebook.react.views.view.ReactViewManager"", ""method"": ""setPointerEvents""}"
14034,reflection,Method.invoke,"{""class"": ""com.facebook.react.uimanager.BaseViewManager"", ""method"": ""setBackgroundColor""}"
14041,reflection,Method.invoke,"{""class"": ""com.facebook.react.views.view.ReactViewManager"", ""method"": ""setOverflow""}"
14048,reflection,Method.invoke,"{""class"": ""com.facebook.react.views.view.ReactViewManager"", ""method"": ""setNeedsOffscreenAlphaCompositing""}"
14055,reflection,Method.invoke,"{""class"": ""com.facebook.react.views.view.ReactViewManager"", ""method"": ""setCollapsable""}"
14062,reflection,Method.invoke,"{""class"": ""com.facebook.react.uimanager.BaseViewManager"", ""method"": ""setOpacity""}"
14069,reflection,Method.invoke,"{""class"": ""com.facebook.react.uimanager.BaseViewManager"", ""method"": ""setTransform""}"
14076,reflection,Method.invoke,"{""class"": ""com.facebook.react.views.view.ReactViewManager"", ""method"": ""setCollapsable""}"
14083,reflection,Method.invoke,"{""class"": ""com.facebook.react.views.view.ReactViewManager"", ""method"": ""setPointerEvents""}"
14090,reflection,Method.invoke,"{""class"": ""com.facebook.react.views.view.ReactViewManager"", ""method"": ""setPointerEvents""}"
14097,reflection,Method.invoke,"{""class"": ""com.facebook.react.views.view.ReactViewManager"", ""method"": ""setCollapsable""}"
14105,reflection,Method.invoke,"{""class"": ""com.facebook.react.views.view.ReactViewManager"", ""method"": ""setPointerEvents""}"
14112,reflection,Method.invoke,"{""class"": ""com.facebook.react.uimanager.BaseViewManager"", ""method"": ""setImportantForAccessibility""}"
14119,reflection,Method.invoke,"{""class"": ""com.facebook.react.uimanager.BaseViewManager"", ""method"": ""setTransform""}"
14126,reflection,Method.invoke,"{""class"": ""com.facebook.react.uimanager.BaseViewManager"", ""method"": ""setOpacity""}"
14143,reflection,Method.invoke,"{""class"": ""com.facebook.react.uimanager.BaseViewManager"", ""method"": ""setTransform""}"
14150,reflection,Method.invoke,"{""class"": ""com.facebook.react.uimanager.BaseViewManager"", ""method"": ""setOpacity""}"
14157,reflection,Method.invoke,"{""class"": ""com.facebook.react.views.view.ReactViewManager"", ""method"": ""setOverflow""}"
14164,reflection,Method.invoke,"{""class"": ""com.facebook.react.uimanager.BaseViewManager"", ""method"": ""setImportantForAccessibility""}"
14171,reflection,Method.invoke,"{""class"": ""com.facebook.react.uimanager.BaseViewManager"", ""method"": ""setTransform""}"
14178,reflection,Method.invoke,"{""class"": ""com.facebook.react.uimanager.BaseViewManager"", ""method"": ""setOpacity""}"
14185,reflection,Method.invoke,"{""class"": ""com.facebook.react.uimanager.BaseViewManager"", ""method"": ""setOpacity""}"
14192,reflection,Method.invoke,"{""class"": ""com.facebook.react.uimanager.BaseViewManager"", ""method"": ""setTransform""}"
14199,reflection,Method.invoke,"{""class"": ""com.facebook.react.uimanager.BaseViewManager"", ""method"": ""setOpacity""}"
14206,reflection,Method.invoke,"{""class"": ""com.facebook.react.uimanager.BaseViewManager"", ""method"": ""setTransform""}"
14226,reflection,Method.invoke,"{""class"": ""com.facebook.react.uimanager.BaseViewManager"", ""method"": ""setOpacity""}"
14234,reflection,Method.invoke,"{""class"": ""com.facebook.react.uimanager.BaseViewManager"", ""method"": ""setOpacity""}"
14242,reflection,Method.invoke,"{""class"": ""com.facebook.react.uimanager.BaseViewManager"", ""method"": ""setOpacity""}"
14250,reflection,Method.invoke,"{""class"": ""com.facebook.react.uimanager.BaseViewManager"", ""method"": ""setOpacity""}"
14258,reflection,Method.invoke,"{""class"": ""com.facebook.react.uimanager.BaseViewManager"", ""method"": ""setOpacity""}"
14265,reflection,Method.invoke,"{""class"": ""com.facebook.react.uimanager.BaseViewManager"", ""method"": ""setOpacity""}"
14272,reflection,Method.invoke,"{""class"": ""com.facebook.react.uimanager.BaseViewManager"", ""method"": ""setOpacity""}"
14278,reflection,Method.invoke,"{""class"": ""com.facebook.react.uimanager.BaseViewManager"", ""method"": ""setTransform""}"
14285,reflection,Method.invoke,"{""class"": ""com.facebook.react.uimanager.BaseViewManager"", ""method"": ""setOpacity""}"
14293,reflection,Method.invoke,"{""class"": ""com.facebook.react.uimanager.BaseViewManager"", ""method"": ""setTransform""}"
14300,reflection,Method.invoke,"{""class"": ""com.facebook.react.uimanager.BaseViewManager"", ""method"": ""setOpacity""}"
14306,reflection,Method.invoke,"{""class"": ""com.facebook.react.uimanager.BaseViewManager"", ""method"": ""setTransform""}"
14314,reflection,Method.invoke,"{""class"": ""com.facebook.react.uimanager.BaseViewManager"", ""method"": ""setOpacity""}"
14323,reflection,Method.invoke,"{""class"": ""android.view.View"", ""method"": ""getViewRootImpl""}"
14330,reflection,Method.invoke,"{""class"": ""android.view.View"", ""method"": ""getViewRootImpl""}"
14439,reflection,Method.invoke,"{""class"": ""com.facebook.react.uimanager.BaseViewManager"", ""method"": ""setTransform""}"
14446,reflection,Method.invoke,"{""class"": ""com.facebook.react.uimanager.BaseViewManager"", ""method"": ""setOpacity""}"
14453,reflection,Method.invoke,"{""class"": ""com.facebook.react.uimanager.BaseViewManager"", ""method"": ""setTransform""}"
14460,reflection,Method.invoke,"{""class"": ""com.facebook.react.uimanager.BaseViewManager"", ""method"": ""setOpacity""}"
14467,reflection,Method.invoke,"{""class"": ""com.facebook.react.uimanager.BaseViewManager"", ""method"": ""setTransform""}"
14474,reflection,Method.invoke,"{""class"": ""com.facebook.react.uimanager.BaseViewManager"", ""method"": ""setOpacity""}"
14481,reflection,Method.invoke,"{""class"": ""com.facebook.react.uimanager.BaseViewManager"", ""method"": ""setOpacity""}"
14488,reflection,Method.invoke,"{""class"": ""com.facebook.react.uimanager.BaseViewManager"", ""method"": ""setTransform""}"
14495,reflection,Method.invoke,"{""class"": ""com.facebook.react.uimanager.BaseViewManager"", ""method"": ""setTransform""}"
14508,reflection,Method.invoke,"{""class"": ""com.facebook.react.uimanager.BaseViewManager"", ""method"": ""setOpacity""}"
14515,reflection,Method.invoke,"{""class"": ""com.facebook.react.uimanager.BaseViewManager"", ""method"": ""setTransform""}"
14522,reflection,Method.invoke,"{""class"": ""com.facebook.react.uimanager.BaseViewManager"", ""method"": ""setOpacity""}"
14529,reflection,Method.invoke,"{""class"": ""com.facebook.react.views.view.ReactViewManager"", ""method"": ""setFocusable""}"
14536,reflection,Method.invoke,"{""class"": ""com.facebook.react.uimanager.BaseViewManager"", ""method"": ""setViewState""}"
14543,reflection,Method.invoke,"{""class"": ""com.facebook.react.uimanager.BaseViewManager"", ""method"": ""setOpacity""}"
14550,reflection,Method.invoke,"{""class"": ""com.facebook.react.uimanager.BaseViewManager"", ""method"": ""setTransform""}"
14557,reflection,Method.invoke,"{""class"": ""com.facebook.react.uimanager.BaseViewManager"", ""method"": ""setOpacity""}"
14564,reflection,Method.invoke,"{""class"": ""com.facebook.react.uimanager.BaseViewManager"", ""method"": ""setTransform""}"
14571,reflection,Method.invoke,"{""class"": ""com.facebook.react.uimanager.BaseViewManager"", ""method"": ""setOpacity""}"
14579,reflection,Method.invoke,"{""class"": ""com.facebook.react.uimanager.BaseViewManager"", ""method"": ""setOpacity""}"
14586,reflection,Method.invoke,"{""class"": ""com.facebook.react.uimanager.BaseViewManager"", ""method"": ""setOpacity""}"
14593,reflection,Method.invoke,"{""class"": ""com.facebook.react.uimanager.BaseViewManager"", ""method"": ""setTransform""}"
14600,reflection,Method.invoke,"{""class"": ""com.facebook.react.uimanager.BaseViewManager"", ""method"": ""setOpacity""}"
14615,reflection,Method.invoke,"{""class"": ""expo.modules.image.records.ImageLoadEvent"", ""method"": ""getCacheType""}"
14625,reflection,Method.invoke,"{""class"": ""expo.modules.image.records.ImageLoadEvent"", ""method"": ""getSource""}"
14638,reflection,Method.invoke,"{""class"": ""expo.modules.image.records.ImageSource"", ""method"": ""getHeight""}"
14653,reflection,Method.invoke,"{""class"": ""expo.modules.image.records.ImageSource"", ""method"": ""isAnimated""}"
14664,reflection,Method.invoke,"{""class"": ""expo.modules.image.records.ImageSource"", ""method"": ""getMediaType""}"
14671,reflection,Method.invoke,"{""class"": ""expo.modules.image.records.ImageSource"", ""method"": ""getUrl""}"
14682,reflection,Method.invoke,"{""class"": ""expo.modules.image.records.ImageSource"", ""method"": ""getWidth""}"
14693,reflection,Method.invoke,"{""class"": ""expo.modules.image.records.ImageLoadEvent"", ""method"": ""getCacheType""}"
14704,reflection,Method.invoke,"{""class"": ""expo.modules.image.records.ImageLoadEvent"", ""method"": ""getSource""}"
14717,reflection,Method.invoke,"{""class"": ""expo.modules.image.records.ImageSource"", ""method"": ""getHeight""}"
14724,reflection,Method.invoke,"{""class"": ""expo.modules.image.records.ImageSource"", ""method"": ""isAnimated""}"
14731,reflection,Method.invoke,"{""class"": ""expo.modules.image.records.ImageSource"", ""method"": ""getMediaType""}"
14736,reflection,Method.invoke,"{""class"": ""expo.modules.image.records.ImageSource"", ""method"": ""getUrl""}"
14742,reflection,Method.invoke,"{""class"": ""expo.modules.image.records.ImageSource"", ""method"": ""getWidth""}"
14753,reflection,Method.invoke,"{""class"": ""com.facebook.react.uimanager.BaseViewManager"", ""method"": ""setTransform""}"
14760,reflection,Method.invoke,"{""class"": ""com.facebook.react.uimanager.BaseViewManager"", ""method"": ""setOpacity""}"
14767,reflection,Method.invoke,"{""class"": ""com.facebook.react.uimanager.BaseViewManager"", ""method"": ""setOpacity""}"
14774,reflection,Method.invoke,"{""class"": ""com.facebook.react.uimanager.BaseViewManager"", ""method"": ""setOpacity""}"
14781,reflection,Method.invoke,"{""class"": ""com.facebook.react.uimanager.BaseViewManager"", ""method"": ""setOpacity""}"
14788,reflection,Method.invoke,"{""class"": ""com.facebook.react.uimanager.BaseViewManager"", ""method"": ""setTransform""}"
14795,reflection,Method.invoke,"{""class"": ""com.facebook.react.uimanager.BaseViewManager"", ""method"": ""setOpacity""}"
14804,reflection,Method.invoke,"{""class"": ""com.facebook.react.uimanager.BaseViewManager"", ""method"": ""setTransform""}"
14811,reflection,Method.invoke,"{""class"": ""com.facebook.react.uimanager.BaseViewManager"", ""method"": ""setOpacity""}"
14850,reflection,Method.invoke,"{""class"": ""com.facebook.react.uimanager.BaseViewManager"", ""method"": ""setTransform""}"
14857,reflection,Method.invoke,"{""class"": ""com.facebook.react.uimanager.BaseViewManager"", ""method"": ""setOpacity""}"
14869,reflection,Method.invoke,"{""class"": ""com.facebook.react.uimanager.BaseViewManager"", ""method"": ""setOpacity""}"
14876,reflection,Method.invoke,"{""class"": ""com.facebook.react.uimanager.BaseViewManager"", ""method"": ""setTransform""}"
14883,reflection,Method.invoke,"{""class"": ""com.facebook.react.uimanager.BaseViewManager"", ""method"": ""setTransform""}"
14890,reflection,Method.invoke,"{""class"": ""com.facebook.react.uimanager.BaseViewManager"", ""method"": ""setOpacity""}"
16574,reflection,Method.invoke,"{""class"": ""android.view.View"", ""method"": ""getViewRootImpl""}"
16575,reflection,Method.invoke,"{""class"": ""android.view.View"", ""method"": ""getViewRootImpl""}"
16590,reflection,Method.invoke,"{""class"": ""android.view.View"", ""method"": ""getViewRootImpl""}"
16592,reflection,Method.invoke,"{""class"": ""android.view.View"", ""method"": ""getViewRootImpl""}"
16595,reflection,Method.invoke,"{""class"": ""com.facebook.react.uimanager.BaseViewManager"", ""method"": ""setTransform""}"
16596,reflection,Method.invoke,"{""class"": ""com.facebook.react.uimanager.BaseViewManager"", ""method"": ""setOpacity""}"
16596,reflection,Method.invoke,"{""class"": ""com.facebook.react.uimanager.BaseViewManager"", ""method"": ""setTransform""}"
16596,reflection,Method.invoke,"{""class"": ""com.facebook.react.uimanager.BaseViewManager"", ""method"": ""setOpacity""}"
16597,reflection,Method.invoke,"{""class"": ""com.facebook.react.views.textinput.ReactTextInputManager"", ""method"": ""setPlaceholder""}"
16597,reflection,Method.invoke,"{""class"": ""com.facebook.react.uimanager.BaseViewManager"", ""method"": ""setOpacity""}"
16645,reflection,Method.invoke,"{""class"": ""com.facebook.react.uimanager.BaseViewManager"", ""method"": ""setTransform""}"
16645,reflection,Method.invoke,"{""class"": ""com.facebook.react.uimanager.BaseViewManager"", ""method"": ""setOpacity""}"
16647,reflection,Method.invoke,"{""class"": ""com.facebook.react.uimanager.BaseViewManager"", ""method"": ""setOpacity""}"
16648,reflection,Method.invoke,"{""class"": ""com.facebook.react.uimanager.BaseViewManager"", ""method"": ""setTransform""}"
16649,reflection,Method.invoke,"{""class"": ""com.facebook.react.uimanager.BaseViewManager"", ""method"": ""setTransform""}"
16649,reflection,Method.invoke,"{""class"": ""com.facebook.react.uimanager.BaseViewManager"", ""method"": ""setOpacity""}"
16650,reflection,Method.invoke,"{""class"": ""com.facebook.react.uimanager.BaseViewManager"", ""method"": ""setTransform""}"
16652,reflection,Method.invoke,"{""class"": ""com.facebook.react.uimanager.BaseViewManager"", ""method"": ""setOpacity""}"
16704,reflection,Method.invoke,"{""class"": ""com.facebook.react.uimanager.BaseViewManager"", ""method"": ""setOpacity""}"
16705,reflection,Method.invoke,"{""class"": ""com.facebook.react.uimanager.BaseViewManager"", ""method"": ""setTransform""}"
16706,reflection,Method.invoke,"{""class"": ""com.facebook.react.uimanager.BaseViewManager"", ""method"": ""setTransform""}"
16706,reflection,Method.invoke,"{""class"": ""com.facebook.react.uimanager.BaseViewManager"", ""method"": ""setOpacity""}"
16737,reflection,Method.invoke,"{""class"": ""com.facebook.react.uimanager.BaseViewManager"", ""method"": ""setOpacity""}"
16737,reflection,Method.invoke,"{""class"": ""com.facebook.react.uimanager.BaseViewManager"", ""method"": ""setTransform""}"
16738,reflection,Method.invoke,"{""class"": ""com.facebook.react.uimanager.BaseViewManager"", ""method"": ""setTransform""}"
16739,reflection,Method.invoke,"{""class"": ""com.facebook.react.uimanager.BaseViewManager"", ""method"": ""setOpacity""}"
16772,reflection,Method.invoke,"{""class"": ""com.facebook.react.uimanager.BaseViewManager"", ""method"": ""setOpacity""}"
16773,reflection,Method.invoke,"{""class"": ""com.facebook.react.uimanager.BaseViewManager"", ""method"": ""setTransform""}"
16774,reflection,Method.invoke,"{""class"": ""com.facebook.react.uimanager.BaseViewManager"", ""method"": ""setTransform""}"
16775,reflection,Method.invoke,"{""class"": ""com.facebook.react.uimanager.BaseViewManager"", ""method"": ""setOpacity""}"
16776,reflection,Method.invoke,"{""class"": ""com.facebook.react.uimanager.BaseViewManager"", ""method"": ""setOpacity""}"
16778,reflection,Method.invoke,"{""class"": ""com.facebook.react.uimanager.BaseViewManager"", ""method"": ""setTransform""}"
16782,reflection,Method.invoke,"{""class"": ""com.facebook.react.uimanager.BaseViewManager"", ""method"": ""setTransform""}"
16783,reflection,Method.invoke,"{""class"": ""com.facebook.react.uimanager.BaseViewManager"", ""method"": ""setOpacity""}"
16813,reflection,Method.invoke,"{""class"": ""com.facebook.react.uimanager.BaseViewManager"", ""method"": ""setOpacity""}"
16813,reflection,Method.invoke,"{""class"": ""com.facebook.react.uimanager.BaseViewManager"", ""method"": ""setTransform""}"
16818,reflection,Method.invoke,"{""class"": ""com.facebook.react.uimanager.BaseViewManager"", ""method"": ""setTransform""}"
16818,reflection,Method.invoke,"{""class"": ""com.facebook.react.uimanager.BaseViewManager"", ""method"": ""setOpacity""}"
16819,reflection,Method.invoke,"{""class"": ""com.facebook.react.uimanager.BaseViewManager"", ""method"": ""setOpacity""}"
16820,reflection,Method.invoke,"{""class"": ""com.facebook.react.uimanager.BaseViewManager"", ""method"": ""setTransform""}"
16821,reflection,Method.invoke,"{""class"": ""com.facebook.react.uimanager.BaseViewManager"", ""method"": ""setTransform""}"
16822,reflection,Method.invoke,"{""class"": ""com.facebook.react.uimanager.BaseViewManager"", ""method"": ""setOpacity""}"
16845,reflection,Method.invoke,"{""class"": ""com.facebook.react.uimanager.BaseViewManager"", ""method"": ""setOpacity""}"
16845,reflection,Method.invoke,"{""class"": ""com.facebook.react.uimanager.BaseViewManager"", ""method"": ""setTransform""}"
16846,reflection,Method.invoke,"{""class"": ""com.facebook.react.uimanager.BaseViewManager"", ""method"": ""setTransform""}"
16847,reflection,Method.invoke,"{""class"": ""com.facebook.react.uimanager.BaseViewManager"", ""method"": ""setOpacity""}"
16847,reflection,Method.invoke,"{""class"": ""com.facebook.react.uimanager.BaseViewManager"", ""method"": ""setOpacity""}"
16848,reflection,Method.invoke,"{""class"": ""com.facebook.react.uimanager.BaseViewManager"", ""method"": ""setTransform""}"
16850,reflection,Method.invoke,"{""class"": ""com.facebook.react.uimanager.BaseViewManager"", ""method"": ""setTransform""}"
16851,reflection,Method.invoke,"{""class"": ""com.facebook.react.uimanager.BaseViewManager"", ""method"": ""setOpacity""}"
16872,reflection,Method.invoke,"{""class"": ""com.facebook.react.uimanager.BaseViewManager"", ""method"": ""setOpacity""}"
16872,reflection,Method.invoke,"{""class"": ""com.facebook.react.uimanager.BaseViewManager"", ""method"": ""setTransform""}"
16873,reflection,Method.invoke,"{""class"": ""com.facebook.react.uimanager.BaseViewManager"", ""method"": ""setTransform""}"
16874,reflection,Method.invoke,"{""class"": ""com.facebook.react.uimanager.BaseViewManager"", ""method"": ""setOpacity""}"
16897,reflection,Method.invoke,"{""class"": ""com.facebook.react.uimanager.BaseViewManager"", ""method"": ""setOpacity""}"
16897,reflection,Method.invoke,"{""class"": ""com.facebook.react.uimanager.BaseViewManager"", ""method"": ""setTransform""}"
16897,reflection,Method.invoke,"{""class"": ""com.facebook.react.uimanager.BaseViewManager"", ""method"": ""setTransform""}"
16898,reflection,Method.invoke,"{""class"": ""com.facebook.react.uimanager.BaseViewManager"", ""method"": ""setOpacity""}"
19744,reflection,Method.invoke,"{""class"": ""com.facebook.react.uimanager.BaseViewManager"", ""method"": ""setTransform""}"
19745,reflection,Method.invoke,"{""class"": ""com.facebook.react.uimanager.BaseViewManager"", ""method"": ""setOpacity""}"
19747,reflection,Method.invoke,"{""class"": ""com.facebook.react.uimanager.BaseViewManager"", ""method"": ""setOpacity""}"
19747,reflection,Method.invoke,"{""class"": ""com.facebook.react.uimanager.BaseViewManager"", ""method"": ""setTransform""}"
19748,reflection,Method.invoke,"{""class"": ""com.facebook.react.uimanager.BaseViewManager"", ""method"": ""setOpacity""}"
19761,reflection,Method.invoke,"{""class"": ""com.facebook.react.uimanager.BaseViewManager"", ""method"": ""setOpacity""}"
19778,reflection,Method.invoke,"{""class"": ""com.facebook.react.uimanager.BaseViewManager"", ""method"": ""setOpacity""}"
19796,reflection,Method.invoke,"{""class"": ""com.facebook.react.uimanager.BaseViewManager"", ""method"": ""setOpacity""}"
19811,reflection,Method.invoke,"{""class"": ""com.facebook.react.uimanager.BaseViewManager"", ""method"": ""setOpacity""}"
19828,reflection,Method.invoke,"{""class"": ""com.facebook.react.uimanager.BaseViewManager"", ""method"": ""setOpacity""}"
19845,reflection,Method.invoke,"{""class"": ""com.facebook.react.uimanager.BaseViewManager"", ""method"": ""setOpacity""}"
19861,reflection,Method.invoke,"{""class"": ""com.facebook.react.uimanager.BaseViewManager"", ""method"": ""setOpacity""}"
19863,reflection,Method.invoke,"{""class"": ""com.facebook.react.uimanager.BaseViewManager"", ""method"": ""setOpacity""}"
19878,reflection,Method.invoke,"{""class"": ""com.facebook.react.uimanager.BaseViewManager"", ""method"": ""setOpacity""}"
19897,reflection,Method.invoke,"{""class"": ""com.facebook.react.uimanager.BaseViewManager"", ""method"": ""setOpacity""}"
19915,reflection,Method.invoke,"{""class"": ""com.facebook.react.uimanager.BaseViewManager"", ""method"": ""setOpacity""}"
19928,reflection,Method.invoke,"{""class"": ""com.facebook.react.uimanager.BaseViewManager"", ""method"": ""setOpacity""}"
19945,reflection,Method.invoke,"{""class"": ""com.facebook.react.uimanager.BaseViewManager"", ""method"": ""setOpacity""}"
19962,reflection,Method.invoke,"{""class"": ""com.facebook.react.uimanager.BaseViewManager"", ""method"": ""setOpacity""}"
19979,reflection,Method.invoke,"{""class"": ""com.facebook.react.uimanager.BaseViewManager"", ""method"": ""setOpacity""}"
20001,reflection,Method.invoke,"{""class"": ""com.facebook.react.uimanager.BaseViewManager"", ""method"": ""setOpacity""}"
20028,reflection,Method.invoke,"{""class"": ""com.facebook.react.uimanager.BaseViewManager"", ""method"": ""setTransform""}"
20029,reflection,Method.invoke,"{""class"": ""com.facebook.react.uimanager.BaseViewManager"", ""method"": ""setOpacity""}"
20030,reflection,Method.invoke,"{""class"": ""com.facebook.react.uimanager.BaseViewManager"", ""method"": ""setTransform""}"
20031,reflection,Method.invoke,"{""class"": ""com.facebook.react.uimanager.BaseViewManager"", ""method"": ""setOpacity""}"
20045,reflection,Method.invoke,"{""class"": ""com.facebook.react.uimanager.BaseViewManager"", ""method"": ""setOpacity""}"
20295,reflection,Method.invoke,"{""class"": ""com.facebook.react.uimanager.BaseViewManager"", ""method"": ""setTransform""}"
20296,reflection,Method.invoke,"{""class"": ""com.facebook.react.uimanager.BaseViewManager"", ""method"": ""setOpacity""}"
20297,reflection,Method.invoke,"{""class"": ""com.facebook.react.uimanager.BaseViewManager"", ""method"": ""setOpacity""}"
20299,reflection,Method.invoke,"{""class"": ""com.facebook.react.uimanager.BaseViewManager"", ""method"": ""setTransform""}"
20300,reflection,Method.invoke,"{""class"": ""com.facebook.react.uimanager.BaseViewManager"", ""method"": ""setOpacity""}"
20561,reflection,Method.invoke,"{""class"": ""com.facebook.react.uimanager.BaseViewManager"", ""method"": ""setTransform""}"
20562,reflection,Method.invoke,"{""class"": ""com.facebook.react.uimanager.BaseViewManager"", ""method"": ""setOpacity""}"
20563,reflection,Method.invoke,"{""class"": ""com.facebook.react.uimanager.BaseViewManager"", ""method"": ""setTransform""}"
20564,reflection,Method.invoke,"{""class"": ""com.facebook.react.uimanager.BaseViewManager"", ""method"": ""setOpacity""}"
20577,reflection,Method.invoke,"{""class"": ""com.facebook.react.uimanager.BaseViewManager"", ""method"": ""setOpacity""}"
20829,reflection,Method.invoke,"{""class"": ""com.facebook.react.uimanager.BaseViewManager"", ""method"": ""setTransform""}"
20830,reflection,Method.invoke,"{""class"": ""com.facebook.react.uimanager.BaseViewManager"", ""method"": ""setOpacity""}"
20831,reflection,Method.invoke,"{""class"": ""com.facebook.react.uimanager.BaseViewManager"", ""method"": ""setOpacity""}"
20832,reflection,Method.invoke,"{""class"": ""com.facebook.react.uimanager.BaseViewManager"", ""method"": ""setTransform""}"
20834,reflection,Method.invoke,"{""class"": ""com.facebook.react.uimanager.BaseViewManager"", ""method"": ""setOpacity""}"
21095,reflection,Method.invoke,"{""class"": ""com.facebook.react.uimanager.BaseViewManager"", ""method"": ""setTransform""}"
21096,reflection,Method.invoke,"{""class"": ""com.facebook.react.uimanager.BaseViewManager"", ""method"": ""setOpacity""}"
21096,reflection,Method.invoke,"{""class"": ""com.facebook.react.uimanager.BaseViewManager"", ""method"": ""setTransform""}"
21097,reflection,Method.invoke,"{""class"": ""com.facebook.react.uimanager.BaseViewManager"", ""method"": ""setOpacity""}"
21111,reflection,Method.invoke,"{""class"": ""com.facebook.react.uimanager.BaseViewManager"", ""method"": ""setOpacity""}"
21361,reflection,Method.invoke,"{""class"": ""com.facebook.react.uimanager.BaseViewManager"", ""method"": ""setTransform""}"
21362,reflection,Method.invoke,"{""class"": ""com.facebook.react.uimanager.BaseViewManager"", ""method"": ""setOpacity""}"
21363,reflection,Method.invoke,"{""class"": ""com.facebook.react.uimanager.BaseViewManager"", ""method"": ""setOpacity""}"
21364,reflection,Method.invoke,"{""class"": ""com.facebook.react.uimanager.BaseViewManager"", ""method"": ""setTransform""}"
21367,reflection,Method.invoke,"{""class"": ""com.facebook.react.uimanager.BaseViewManager"", ""method"": ""setOpacity""}"
21627,reflection,Method.invoke,"{""class"": ""com.facebook.react.uimanager.BaseViewManager"", ""method"": ""setTransform""}"
21628,reflection,Method.invoke,"{""class"": ""com.facebook.react.uimanager.BaseViewManager"", ""method"": ""setOpacity""}"
21629,reflection,Method.invoke,"{""class"": ""com.facebook.react.uimanager.BaseViewManager"", ""method"": ""setTransform""}"
21630,reflection,Method.invoke,"{""class"": ""com.facebook.react.uimanager.BaseViewManager"", ""method"": ""setOpacity""}"
21646,reflection,Method.invoke,"{""class"": ""com.facebook.react.uimanager.BaseViewManager"", ""method"": ""setOpacity""}"
21894,reflection,Method.invoke,"{""class"": ""com.facebook.react.uimanager.BaseViewManager"", ""method"": ""setTransform""}"
21895,reflection,Method.invoke,"{""class"": ""com.facebook.react.uimanager.BaseViewManager"", ""method"": ""setOpacity""}"
21896,reflection,Method.invoke,"{""class"": ""com.facebook.react.uimanager.BaseViewManager"", ""method"": ""setOpacity""}"
21897,reflection,Method.invoke,"{""class"": ""com.facebook.react.uimanager.BaseViewManager"", ""method"": ""setTransform""}"
21899,reflection,Method.invoke,"{""class"": ""com.facebook.react.uimanager.BaseViewManager"", ""method"": ""setOpacity""}"
22162,reflection,Method.invoke,"{""class"": ""com.facebook.react.uimanager.BaseViewManager"", ""method"": ""setTransform""}"
22163,reflection,Method.invoke,"{""class"": ""com.facebook.react.uimanager.BaseViewManager"", ""method"": ""setOpacity""}"
22164,reflection,Method.invoke,"{""class"": ""com.facebook.react.uimanager.BaseViewManager"", ""method"": ""setTransform""}"
22165,reflection,Method.invoke,"{""class"": ""com.facebook.react.uimanager.BaseViewManager"", ""method"": ""setOpacity""}"
22178,reflection,Method.invoke,"{""class"": ""com.facebook.react.uimanager.BaseViewManager"", ""method"": ""setOpacity""}"
22428,reflection,Method.invoke,"{""class"": ""com.facebook.react.uimanager.BaseViewManager"", ""method"": ""setTransform""}"
22429,reflection,Method.invoke,"{""class"": ""com.facebook.react.uimanager.BaseViewManager"", ""method"": ""setOpacity""}"
22430,reflection,Method.invoke,"{""class"": ""com.facebook.react.uimanager.BaseViewManager"", ""method"": ""setOpacity""}"
22431,reflection,Method.invoke,"{""class"": ""com.facebook.react.uimanager.BaseViewManager"", ""method"": ""setTransform""}"
22433,reflection,Method.invoke,"{""class"": ""com.facebook.react.uimanager.BaseViewManager"", ""method"": ""setOpacity""}"
22678,reflection,Method.invoke,"{""class"": ""com.facebook.react.uimanager.BaseViewManager"", ""method"": ""setTransform""}"
22678,reflection,Method.invoke,"{""class"": ""com.facebook.react.uimanager.BaseViewManager"", ""method"": ""setOpacity""}"
22679,reflection,Method.invoke,"{""class"": ""com.facebook.react.uimanager.BaseViewManager"", ""method"": ""setTransform""}"
22680,reflection,Method.invoke,"{""class"": ""com.facebook.react.uimanager.BaseViewManager"", ""method"": ""setOpacity""}"
22682,reflection,Method.invoke,"{""class"": ""com.facebook.react.uimanager.BaseViewManager"", ""method"": ""setOpacity""}"
22961,reflection,Method.invoke,"{""class"": ""com.facebook.react.uimanager.BaseViewManager"", ""method"": ""setTransform""}"
22962,reflection,Method.invoke,"{""class"": ""com.facebook.react.uimanager.BaseViewManager"", ""method"": ""setOpacity""}"
22963,reflection,Method.invoke,"{""class"": ""com.facebook.react.uimanager.BaseViewManager"", ""method"": ""setOpacity""}"
22964,reflection,Method.invoke,"{""class"": ""com.facebook.react.uimanager.BaseViewManager"", ""method"": ""setTransform""}"
22967,reflection,Method.invoke,"{""class"": ""com.facebook.react.uimanager.BaseViewManager"", ""method"": ""setOpacity""}"
23227,reflection,Method.invoke,"{""class"": ""com.facebook.react.uimanager.BaseViewManager"", ""method"": ""setTransform""}"
23228,reflection,Method.invoke,"{""class"": ""com.facebook.react.uimanager.BaseViewManager"", ""method"": ""setOpacity""}"
23229,reflection,Method.invoke,"{""class"": ""com.facebook.react.uimanager.BaseViewManager"", ""method"": ""setTransform""}"
23230,reflection,Method.invoke,"{""class"": ""com.facebook.react.uimanager.BaseViewManager"", ""method"": ""setOpacity""}"
23232,reflection,Method.invoke,"{""class"": ""com.facebook.react.uimanager.BaseViewManager"", ""method"": ""setOpacity""}"
23496,reflection,Method.invoke,"{""class"": ""com.facebook.react.uimanager.BaseViewManager"", ""method"": ""setTransform""}"
23496,reflection,Method.invoke,"{""class"": ""com.facebook.react.uimanager.BaseViewManager"", ""method"": ""setOpacity""}"
23498,reflection,Method.invoke,"{""class"": ""com.facebook.react.uimanager.BaseViewManager"", ""method"": ""setOpacity""}"
23499,reflection,Method.invoke,"{""class"": ""com.facebook.react.uimanager.BaseViewManager"", ""method"": ""setTransform""}"
23511,reflection,Method.invoke,"{""class"": ""com.facebook.react.uimanager.BaseViewManager"", ""method"": ""setOpacity""}"
23763,reflection,Method.invoke,"{""class"": ""com.facebook.react.uimanager.BaseViewManager"", ""method"": ""setTransform""}"
23764,reflection,Method.invoke,"{""class"": ""com.facebook.react.uimanager.BaseViewManager"", ""method"": ""setOpacity""}"
23766,reflection,Method.invoke,"{""class"": ""com.facebook.react.uimanager.BaseViewManager"", ""method"": ""setTransform""}"
23767,reflection,Method.invoke,"{""class"": ""com.facebook.react.uimanager.BaseViewManager"", ""method"": ""setOpacity""}"
23769,reflection,Method.invoke,"{""class"": ""com.facebook.react.uimanager.BaseViewManager"", ""method"": ""setOpacity""}"
24028,reflection,Method.invoke,"{""class"": ""com.facebook.react.uimanager.BaseViewManager"", ""method"": ""setTransform""}"
24029,reflection,Method.invoke,"{""class"": ""com.facebook.react.uimanager.BaseViewManager"", ""method"": ""setOpacity""}"
24031,reflection,Method.invoke,"{""class"": ""com.facebook.react.uimanager.BaseViewManager"", ""method"": ""setOpacity""}"
24031,reflection,Method.invoke,"{""class"": ""com.facebook.react.uimanager.BaseViewManager"", ""method"": ""setTransform""}"
24045,reflection,Method.invoke,"{""class"": ""com.facebook.react.uimanager.BaseViewManager"", ""method"": ""setOpacity""}"
24296,reflection,Method.invoke,"{""class"": ""com.facebook.react.uimanager.BaseViewManager"", ""method"": ""setTransform""}"
24296,reflection,Method.invoke,"{""class"": ""com.facebook.react.uimanager.BaseViewManager"", ""method"": ""setOpacity""}"
24297,reflection,Method.invoke,"{""class"": ""com.facebook.react.uimanager.BaseViewManager"", ""method"": ""setTransform""}"
24299,reflection,Method.invoke,"{""class"": ""com.facebook.react.uimanager.BaseViewManager"", ""method"": ""setOpacity""}"
24311,reflection,Method.invoke,"{""class"": ""com.facebook.react.uimanager.BaseViewManager"", ""method"": ""setOpacity""}"
24561,reflection,Method.invoke,"{""class"": ""com.facebook.react.uimanager.BaseViewManager"", ""method"": ""setTransform""}"
24563,reflection,Method.invoke,"{""class"": ""com.facebook.react.uimanager.BaseViewManager"", ""method"": ""setOpacity""}"
24564,reflection,Method.invoke,"{""class"": ""com.facebook.react.uimanager.BaseViewManager"", ""method"": ""setOpacity""}"
24565,reflection,Method.invoke,"{""class"": ""com.facebook.react.uimanager.BaseViewManager"", ""method"": ""setTransform""}"
24568,reflection,Method.invoke,"{""class"": ""com.facebook.react.uimanager.BaseViewManager"", ""method"": ""setOpacity""}"
24828,reflection,Method.invoke,"{""class"": ""com.facebook.react.uimanager.BaseViewManager"", ""method"": ""setTransform""}"
24829,reflection,Method.invoke,"{""class"": ""com.facebook.react.uimanager.BaseViewManager"", ""method"": ""setOpacity""}"
24830,reflection,Method.invoke,"{""class"": ""com.facebook.react.uimanager.BaseViewManager"", ""method"": ""setTransform""}"
24832,reflection,Method.invoke,"{""class"": ""com.facebook.react.uimanager.BaseViewManager"", ""method"": ""setOpacity""}"
24845,reflection,Method.invoke,"{""class"": ""com.facebook.react.uimanager.BaseViewManager"", ""method"": ""setOpacity""}"
25096,reflection,Method.invoke,"{""class"": ""com.facebook.react.uimanager.BaseViewManager"", ""method"": ""setTransform""}"
25097,reflection,Method.invoke,"{""class"": ""com.facebook.react.uimanager.BaseViewManager"", ""method"": ""setOpacity""}"
25098,reflection,Method.invoke,"{""class"": ""com.facebook.react.uimanager.BaseViewManager"", ""method"": ""setOpacity""}"
25100,reflection,Method.invoke,"{""class"": ""com.facebook.react.uimanager.BaseViewManager"", ""method"": ""setTransform""}"
25101,reflection,Method.invoke,"{""class"": ""com.facebook.react.uimanager.BaseViewManager"", ""method"": ""setOpacity""}"
25362,reflection,Method.invoke,"{""class"": ""com.facebook.react.uimanager.BaseViewManager"", ""method"": ""setTransform""}"
25363,reflection,Method.invoke,"{""class"": ""com.facebook.react.uimanager.BaseViewManager"", ""method"": ""setOpacity""}"
25364,reflection,Method.invoke,"{""class"": ""com.facebook.react.uimanager.BaseViewManager"", ""method"": ""setTransform""}"
25365,reflection,Method.invoke,"{""class"": ""com.facebook.react.uimanager.BaseViewManager"", ""method"": ""setOpacity""}"
25380,reflection,Method.invoke,"{""class"": ""com.facebook.react.uimanager.BaseViewManager"", ""method"": ""setOpacity""}"
25628,reflection,Method.invoke,"{""class"": ""com.facebook.react.uimanager.BaseViewManager"", ""method"": ""setTransform""}"
25628,reflection,Method.invoke,"{""class"": ""com.facebook.react.uimanager.BaseViewManager"", ""method"": ""setOpacity""}"
25629,reflection,Method.invoke,"{""class"": ""com.facebook.react.uimanager.BaseViewManager"", ""method"": ""setOpacity""}"
25630,reflection,Method.invoke,"{""class"": ""com.facebook.react.uimanager.BaseViewManager"", ""method"": ""setTransform""}"
25632,reflection,Method.invoke,"{""class"": ""com.facebook.react.uimanager.BaseViewManager"", ""method"": ""setOpacity""}"
25911,reflection,Method.invoke,"{""class"": ""com.facebook.react.uimanager.BaseViewManager"", ""method"": ""setTransform""}"
25912,reflection,Method.invoke,"{""class"": ""com.facebook.react.uimanager.BaseViewManager"", ""method"": ""setOpacity""}"
25913,reflection,Method.invoke,"{""class"": ""com.facebook.react.uimanager.BaseViewManager"", ""method"": ""setTransform""}"
25914,reflection,Method.invoke,"{""class"": ""com.facebook.react.uimanager.BaseViewManager"", ""method"": ""setOpacity""}"
25916,reflection,Method.invoke,"{""class"": ""com.facebook.react.uimanager.BaseViewManager"", ""method"": ""setOpacity""}"
26145,reflection,Method.invoke,"{""class"": ""com.facebook.react.uimanager.BaseViewManager"", ""method"": ""setTransform""}"
26145,reflection,Method.invoke,"{""class"": ""com.facebook.react.uimanager.BaseViewManager"", ""method"": ""setOpacity""}"
26146,reflection,Method.invoke,"{""class"": ""com.facebook.react.uimanager.BaseViewManager"", ""method"": ""setOpacity""}"
26147,reflection,Method.invoke,"{""class"": ""com.facebook.react.uimanager.BaseViewManager"", ""method"": ""setTransform""}"
26149,reflection,Method.invoke,"{""class"": ""com.facebook.react.uimanager.BaseViewManager"", ""method"": ""setOpacity""}"
26428,reflection,Method.invoke,"{""class"": ""com.facebook.react.uimanager.BaseViewManager"", ""method"": ""setTransform""}"
26429,reflection,Method.invoke,"{""class"": ""com.facebook.react.uimanager.BaseViewManager"", ""method"": ""setOpacity""}"
26430,reflection,Method.invoke,"{""class"": ""com.facebook.react.uimanager.BaseViewManager"", ""method"": ""setTransform""}"
26431,reflection,Method.invoke,"{""class"": ""com.facebook.react.uimanager.BaseViewManager"", ""method"": ""setOpacity""}"
26434,reflection,Method.invoke,"{""class"": ""com.facebook.react.uimanager.BaseViewManager"", ""method"": ""setOpacity""}"
26699,reflection,Method.invoke,"{""class"": ""com.facebook.react.uimanager.BaseViewManager"", ""method"": ""setTransform""}"
26699,reflection,Method.invoke,"{""class"": ""com.facebook.react.uimanager.BaseViewManager"", ""method"": ""setOpacity""}"
26700,reflection,Method.invoke,"{""class"": ""com.facebook.react.uimanager.BaseViewManager"", ""method"": ""setOpacity""}"
26702,reflection,Method.invoke,"{""class"": ""com.facebook.react.uimanager.BaseViewManager"", ""method"": ""setTransform""}"
26713,reflection,Method.invoke,"{""class"": ""com.facebook.react.uimanager.BaseViewManager"", ""method"": ""setOpacity""}"
26963,reflection,Method.invoke,"{""class"": ""com.facebook.react.uimanager.BaseViewManager"", ""method"": ""setTransform""}"
26964,reflection,Method.invoke,"{""class"": ""com.facebook.react.uimanager.BaseViewManager"", ""method"": ""setOpacity""}"
26965,reflection,Method.invoke,"{""class"": ""com.facebook.react.uimanager.BaseViewManager"", ""method"": ""setTransform""}"
26966,reflection,Method.invoke,"{""class"": ""com.facebook.react.uimanager.BaseViewManager"", ""method"": ""setOpacity""}"
26968,reflection,Method.invoke,"{""class"": ""com.facebook.react.uimanager.BaseViewManager"", ""method"": ""setOpacity""}"
27231,reflection,Method.invoke,"{""class"": ""com.facebook.react.uimanager.BaseViewManager"", ""method"": ""setTransform""}"
27231,reflection,Method.invoke,"{""class"": ""com.facebook.react.uimanager.BaseViewManager"", ""method"": ""setOpacity""}"
27232,reflection,Method.invoke,"{""class"": ""com.facebook.react.uimanager.BaseViewManager"", ""method"": ""setOpacity""}"
27234,reflection,Method.invoke,"{""class"": ""com.facebook.react.uimanager.BaseViewManager"", ""method"": ""setTransform""}"
27246,reflection,Method.invoke,"{""class"": ""com.facebook.react.uimanager.BaseViewManager"", ""method"": ""setOpacity""}"
27494,reflection,Method.invoke,"{""class"": ""com.facebook.react.uimanager.BaseViewManager"", ""method"": ""setTransform""}"
27495,reflection,Method.invoke,"{""class"": ""com.facebook.react.uimanager.BaseViewManager"", ""method"": ""setOpacity""}"
27496,reflection,Method.invoke,"{""class"": ""com.facebook.react.uimanager.BaseViewManager"", ""method"": ""setTransform""}"
27497,reflection,Method.invoke,"{""class"": ""com.facebook.react.uimanager.BaseViewManager"", ""method"": ""setOpacity""}"
27500,reflection,Method.invoke,"{""class"": ""com.facebook.react.uimanager.BaseViewManager"", ""method"": ""setOpacity""}"
27763,reflection,Method.invoke,"{""class"": ""com.facebook.react.uimanager.BaseViewManager"", ""method"": ""setTransform""}"
27764,reflection,Method.invoke,"{""class"": ""com.facebook.react.uimanager.BaseViewManager"", ""method"": ""setOpacity""}"
27765,reflection,Method.invoke,"{""class"": ""com.facebook.react.uimanager.BaseViewManager"", ""method"": ""setOpacity""}"
27766,reflection,Method.invoke,"{""class"": ""com.facebook.react.uimanager.BaseViewManager"", ""method"": ""setTransform""}"
27778,reflection,Method.invoke,"{""class"": ""com.facebook.react.uimanager.BaseViewManager"", ""method"": ""setOpacity""}"
28028,reflection,Method.invoke,"{""class"": ""com.facebook.react.uimanager.BaseViewManager"", ""method"": ""setTransform""}"
28029,reflection,Method.invoke,"{""class"": ""com.facebook.react.uimanager.BaseViewManager"", ""method"": ""setOpacity""}"
28030,reflection,Method.invoke,"{""class"": ""com.facebook.react.uimanager.BaseViewManager"", ""method"": ""setTransform""}"
28032,reflection,Method.invoke,"{""class"": ""com.facebook.react.uimanager.BaseViewManager"", ""method"": ""setOpacity""}"
28034,reflection,Method.invoke,"{""class"": ""com.facebook.react.uimanager.BaseViewManager"", ""method"": ""setOpacity""}"
28295,reflection,Method.invoke,"{""class"": ""com.facebook.react.uimanager.BaseViewManager"", ""method"": ""setTransform""}"
28296,reflection,Method.invoke,"{""class"": ""com.facebook.react.uimanager.BaseViewManager"", ""method"": ""setOpacity""}"
28298,reflection,Method.invoke,"{""class"": ""com.facebook.react.uimanager.BaseViewManager"", ""method"": ""setOpacity""}"
28299,reflection,Method.invoke,"{""class"": ""com.facebook.react.uimanager.BaseViewManager"", ""method"": ""setTransform""}"
28312,reflection,Method.invoke,"{""class"": ""com.facebook.react.uimanager.BaseViewManager"", ""method"": ""setOpacity""}"
28561,reflection,Method.invoke,"{""class"": ""com.facebook.react.uimanager.BaseViewManager"", ""method"": ""setTransform""}"
28561,reflection,Method.invoke,"{""class"": ""com.facebook.react.uimanager.BaseViewManager"", ""method"": ""setOpacity""}"
28563,reflection,Method.invoke,"{""class"": ""com.facebook.react.uimanager.BaseViewManager"", ""method"": ""setTransform""}"
28564,reflection,Method.invoke,"{""class"": ""com.facebook.react.uimanager.BaseViewManager"", ""method"": ""setOpacity""}"
28566,reflection,Method.invoke,"{""class"": ""com.facebook.react.uimanager.BaseViewManager"", ""method"": ""setOpacity""}"
28828,reflection,Method.invoke,"{""class"": ""com.facebook.react.uimanager.BaseViewManager"", ""method"": ""setTransform""}"
28829,reflection,Method.invoke,"{""class"": ""com.facebook.react.uimanager.BaseViewManager"", ""method"": ""setOpacity""}"
28830,reflection,Method.invoke,"{""class"": ""com.facebook.react.uimanager.BaseViewManager"", ""method"": ""setOpacity""}"
28831,reflection,Method.invoke,"{""class"": ""com.facebook.react.uimanager.BaseViewManager"", ""method"": ""setTransform""}"
28845,reflection,Method.invoke,"{""class"": ""com.facebook.react.uimanager.BaseViewManager"", ""method"": ""setOpacity""}"
29094,reflection,Method.invoke,"{""class"": ""com.facebook.react.uimanager.BaseViewManager"", ""method"": ""setTransform""}"
29095,reflection,Method.invoke,"{""class"": ""com.facebook.react.uimanager.BaseViewManager"", ""method"": ""setOpacity""}"
29096,reflection,Method.invoke,"{""class"": ""com.facebook.react.uimanager.BaseViewManager"", ""method"": ""setTransform""}"
29097,reflection,Method.invoke,"{""class"": ""com.facebook.react.uimanager.BaseViewManager"", ""method"": ""setOpacity""}"
29100,reflection,Method.invoke,"{""class"": ""com.facebook.react.uimanager.BaseViewManager"", ""method"": ""setOpacity""}"
29366,reflection,Method.invoke,"{""class"": ""com.facebook.react.uimanager.BaseViewManager"", ""method"": ""setTransform""}"
29367,reflection,Method.invoke,"{""class"": ""com.facebook.react.uimanager.BaseViewManager"", ""method"": ""setOpacity""}"
29368,reflection,Method.invoke,"{""class"": ""com.facebook.react.uimanager.BaseViewManager"", ""method"": ""setOpacity""}"
29370,reflection,Method.invoke,"{""class"": ""com.facebook.react.uimanager.BaseViewManager"", ""method"": ""setTransform""}"
29380,reflection,Method.invoke,"{""class"": ""com.facebook.react.uimanager.BaseViewManager"", ""method"": ""setOpacity""}"
29644,reflection,Method.invoke,"{""class"": ""com.facebook.react.uimanager.BaseViewManager"", ""method"": ""setTransform""}"
29645,reflection,Method.invoke,"{""class"": ""com.facebook.react.uimanager.BaseViewManager"", ""method"": ""setOpacity""}"
29646,reflection,Method.invoke,"{""class"": ""com.facebook.react.uimanager.BaseViewManager"", ""method"": ""setTransform""}"
29647,reflection,Method.invoke,"{""class"": ""com.facebook.react.uimanager.BaseViewManager"", ""method"": ""setOpacity""}"
29662,reflection,Method.invoke,"{""class"": ""com.facebook.react.uimanager.BaseViewManager"", ""method"": ""setOpacity""}"
29895,reflection,Method.invoke,"{""class"": ""com.facebook.react.uimanager.BaseViewManager"", ""method"": ""setTransform""}"
29896,reflection,Method.invoke,"{""class"": ""com.facebook.react.uimanager.BaseViewManager"", ""method"": ""setOpacity""}"
29897,reflection,Method.invoke,"{""class"": ""com.facebook.react.uimanager.BaseViewManager"", ""method"": ""setOpacity""}"
29898,reflection,Method.invoke,"{""class"": ""com.facebook.react.uimanager.BaseViewManager"", ""method"": ""setTransform""}"
29901,reflection,Method.invoke,"{""class"": ""com.facebook.react.uimanager.BaseViewManager"", ""method"": ""setOpacity""}"
30161,reflection,Method.invoke,"{""class"": ""com.facebook.react.uimanager.BaseViewManager"", ""method"": ""setTransform""}"
30162,reflection,Method.invoke,"{""class"": ""com.facebook.react.uimanager.BaseViewManager"", ""method"": ""setOpacity""}"
30163,reflection,Method.invoke,"{""class"": ""com.facebook.react.uimanager.BaseViewManager"", ""method"": ""setTransform""}"
30164,reflection,Method.invoke,"{""class"": ""com.facebook.react.uimanager.BaseViewManager"", ""method"": ""setOpacity""}"
30179,reflection,Method.invoke,"{""class"": ""com.facebook.react.uimanager.BaseViewManager"", ""method"": ""setOpacity""}"
30411,reflection,Method.invoke,"{""class"": ""com.facebook.react.uimanager.BaseViewManager"", ""method"": ""setTransform""}"
30412,reflection,Method.invoke,"{""class"": ""com.facebook.react.uimanager.BaseViewManager"", ""method"": ""setOpacity""}"
30413,reflection,Method.invoke,"{""class"": ""com.facebook.react.uimanager.BaseViewManager"", ""method"": ""setOpacity""}"
30414,reflection,Method.invoke,"{""class"": ""com.facebook.react.uimanager.BaseViewManager"", ""method"": ""setTransform""}"
30428,reflection,Method.invoke,"{""class"": ""com.facebook.react.uimanager.BaseViewManager"", ""method"": ""setOpacity""}"
30678,reflection,Method.invoke,"{""class"": ""com.facebook.react.uimanager.BaseViewManager"", ""method"": ""setTransform""}"
30678,reflection,Method.invoke,"{""class"": ""com.facebook.react.uimanager.BaseViewManager"", ""method"": ""setOpacity""}"
30679,reflection,Method.invoke,"{""class"": ""com.facebook.react.uimanager.BaseViewManager"", ""method"": ""setTransform""}"
30680,reflection,Method.invoke,"{""class"": ""com.facebook.react.uimanager.BaseViewManager"", ""method"": ""setOpacity""}"
30682,reflection,Method.invoke,"{""class"": ""com.facebook.react.uimanager.BaseViewManager"", ""method"": ""setOpacity""}"
30965,reflection,Method.invoke,"{""class"": ""com.facebook.react.uimanager.BaseViewManager"", ""method"": ""setTransform""}"
30966,reflection,Method.invoke,"{""class"": ""com.facebook.react.uimanager.BaseViewManager"", ""method"": ""setOpacity""}"
30967,reflection,Method.invoke,"{""class"": ""com.facebook.react.uimanager.BaseViewManager"", ""method"": ""setOpacity""}"
30968,reflection,Method.invoke,"{""class"": ""com.facebook.react.uimanager.BaseViewManager"", ""method"": ""setTransform""}"
30970,reflection,Method.invoke,"{""class"": ""com.facebook.react.uimanager.BaseViewManager"", ""method"": ""setOpacity""}"
31228,reflection,Method.invoke,"{""class"": ""com.facebook.react.uimanager.BaseViewManager"", ""method"": ""setTransform""}"
31229,reflection,Method.invoke,"{""class"": ""com.facebook.react.uimanager.BaseViewManager"", ""method"": ""setOpacity""}"
31230,reflection,Method.invoke,"{""class"": ""com.facebook.react.uimanager.BaseViewManager"", ""method"": ""setTransform""}"
31231,reflection,Method.invoke,"{""class"": ""com.facebook.react.uimanager.BaseViewManager"", ""method"": ""setOpacity""}"
31233,reflection,Method.invoke,"{""class"": ""com.facebook.react.uimanager.BaseViewManager"", ""method"": ""setOpacity""}"
31495,reflection,Method.invoke,"{""class"": ""com.facebook.react.uimanager.BaseViewManager"", ""method"": ""setTransform""}"
31496,reflection,Method.invoke,"{""class"": ""com.facebook.react.uimanager.BaseViewManager"", ""method"": ""setOpacity""}"
31498,reflection,Method.invoke,"{""class"": ""com.facebook.react.uimanager.BaseViewManager"", ""method"": ""setOpacity""}"
31499,reflection,Method.invoke,"{""class"": ""com.facebook.react.uimanager.BaseViewManager"", ""method"": ""setTransform""}"
31511,reflection,Method.invoke,"{""class"": ""com.facebook.react.uimanager.BaseViewManager"", ""method"": ""setOpacity""}"
31745,reflection,Method.invoke,"{""class"": ""com.facebook.react.uimanager.BaseViewManager"", ""method"": ""setTransform""}"
31745,reflection,Method.invoke,"{""class"": ""com.facebook.react.uimanager.BaseViewManager"", ""method"": ""setOpacity""}"
31746,reflection,Method.invoke,"{""class"": ""com.facebook.react.uimanager.BaseViewManager"", ""method"": ""setTransform""}"
31747,reflection,Method.invoke,"{""class"": ""com.facebook.react.uimanager.BaseViewManager"", ""method"": ""setOpacity""}"
31762,reflection,Method.invoke,"{""class"": ""com.facebook.react.uimanager.BaseViewManager"", ""method"": ""setOpacity""}"
32029,reflection,Method.invoke,"{""class"": ""com.facebook.react.uimanager.BaseViewManager"", ""method"": ""setTransform""}"
32029,reflection,Method.invoke,"{""class"": ""com.facebook.react.uimanager.BaseViewManager"", ""method"": ""setOpacity""}"
32031,reflection,Method.invoke,"{""class"": ""com.facebook.react.uimanager.BaseViewManager"", ""method"": ""setOpacity""}"
32032,reflection,Method.invoke,"{""class"": ""com.facebook.react.uimanager.BaseViewManager"", ""method"": ""setTransform""}"
32046,reflection,Method.invoke,"{""class"": ""com.facebook.react.uimanager.BaseViewManager"", ""method"": ""setOpacity""}"
32296,reflection,Method.invoke,"{""class"": ""com.facebook.react.uimanager.BaseViewManager"", ""method"": ""setTransform""}"
32297,reflection,Method.invoke,"{""class"": ""com.facebook.react.uimanager.BaseViewManager"", ""method"": ""setOpacity""}"
32299,reflection,Method.invoke,"{""class"": ""com.facebook.react.uimanager.BaseViewManager"", ""method"": ""setTransform""}"
32300,reflection,Method.invoke,"{""class"": ""com.facebook.react.uimanager.BaseViewManager"", ""method"": ""setOpacity""}"
32301,reflection,Method.invoke,"{""class"": ""com.facebook.react.uimanager.BaseViewManager"", ""method"": ""setOpacity""}"
32544,reflection,Method.invoke,"{""class"": ""com.facebook.react.uimanager.BaseViewManager"", ""method"": ""setTransform""}"
32545,reflection,Method.invoke,"{""class"": ""com.facebook.react.uimanager.BaseViewManager"", ""method"": ""setOpacity""}"
32547,reflection,Method.invoke,"{""class"": ""com.facebook.react.uimanager.BaseViewManager"", ""method"": ""setOpacity""}"
32547,reflection,Method.invoke,"{""class"": ""com.facebook.react.uimanager.BaseViewManager"", ""method"": ""setTransform""}"
32549,reflection,Method.invoke,"{""class"": ""com.facebook.react.uimanager.BaseViewManager"", ""method"": ""setOpacity""}"
32829,reflection,Method.invoke,"{""class"": ""com.facebook.react.uimanager.BaseViewManager"", ""method"": ""setTransform""}"
32829,reflection,Method.invoke,"{""class"": ""com.facebook.react.uimanager.BaseViewManager"", ""method"": ""setOpacity""}"
32830,reflection,Method.invoke,"{""class"": ""com.facebook.react.uimanager.BaseViewManager"", ""method"": ""setTransform""}"
32831,reflection,Method.invoke,"{""class"": ""com.facebook.react.uimanager.BaseViewManager"", ""method"": ""setOpacity""}"
32832,reflection,Method.invoke,"{""class"": ""com.facebook.react.uimanager.BaseViewManager"", ""method"": ""setOpacity""}"
33094,reflection,Method.invoke,"{""class"": ""com.facebook.react.uimanager.BaseViewManager"", ""method"": ""setTransform""}"
33095,reflection,Method.invoke,"{""class"": ""com.facebook.react.uimanager.BaseViewManager"", ""method"": ""setOpacity""}"
33096,reflection,Method.invoke,"{""class"": ""com.facebook.react.uimanager.BaseViewManager"", ""method"": ""setOpacity""}"
33098,reflection,Method.invoke,"{""class"": ""com.facebook.react.uimanager.BaseViewManager"", ""method"": ""setTransform""}"
33111,reflection,Method.invoke,"{""class"": ""com.facebook.react.uimanager.BaseViewManager"", ""method"": ""setOpacity""}"
33345,reflection,Method.invoke,"{""class"": ""com.facebook.react.views.text.ReactTextAnchorViewManager"", ""method"": ""setAccessible$ReactAndroid_release""}"
33346,reflection,Method.invoke,"{""class"": ""com.facebook.react.views.text.ReactTextAnchorViewManager"", ""method"": ""setEllipsizeMode$ReactAndroid_release""}"
33348,reflection,Method.invoke,"{""class"": ""com.facebook.react.views.text.ReactTextAnchorViewManager"", ""method"": ""setFontSize$ReactAndroid_release""}"
33362,reflection,Method.invoke,"{""class"": ""com.facebook.react.uimanager.BaseViewManager"", ""method"": ""setTransform""}"
33363,reflection,Method.invoke,"{""class"": ""com.facebook.react.uimanager.BaseViewManager"", ""method"": ""setOpacity""}"
33364,reflection,Method.invoke,"{""class"": ""com.facebook.react.uimanager.BaseViewManager"", ""method"": ""setTransform""}"
33365,reflection,Method.invoke,"{""class"": ""com.facebook.react.uimanager.BaseViewManager"", ""method"": ""setOpacity""}"
33367,reflection,Method.invoke,"{""class"": ""com.facebook.react.uimanager.BaseViewManager"", ""method"": ""setOpacity""}"
34611,reflection,Method.invoke,"{""class"": ""com.facebook.react.uimanager.BaseViewManager"", ""method"": ""setTransform""}"
34612,reflection,Method.invoke,"{""class"": ""com.facebook.react.uimanager.BaseViewManager"", ""method"": ""setOpacity""}"
34612,reflection,Method.invoke,"{""class"": ""com.facebook.react.uimanager.BaseViewManager"", ""method"": ""setOpacity""}"
34618,reflection,Method.invoke,"{""class"": ""com.facebook.react.uimanager.BaseViewManager"", ""method"": ""setTransform""}"
34620,reflection,Method.invoke,"{""class"": ""com.facebook.react.uimanager.BaseViewManager"", ""method"": ""setOpacity""}"
34628,reflection,Method.invoke,"{""class"": ""com.facebook.react.uimanager.BaseViewManager"", ""method"": ""setOpacity""}"
34644,reflection,Method.invoke,"{""class"": ""com.facebook.react.uimanager.BaseViewManager"", ""method"": ""setOpacity""}"
34661,reflection,Method.invoke,"{""class"": ""com.facebook.react.uimanager.BaseViewManager"", ""method"": ""setOpacity""}"
34677,reflection,Method.invoke,"{""class"": ""com.facebook.react.uimanager.BaseViewManager"", ""method"": ""setOpacity""}"
34695,reflection,Method.invoke,"{""class"": ""com.facebook.react.uimanager.BaseViewManager"", ""method"": ""setOpacity""}"
34696,reflection,Method.invoke,"{""class"": ""com.facebook.react.uimanager.BaseViewManager"", ""method"": ""setOpacity""}"
34712,reflection,Method.invoke,"{""class"": ""com.facebook.react.uimanager.BaseViewManager"", ""method"": ""setOpacity""}"
34728,reflection,Method.invoke,"{""class"": ""com.facebook.react.uimanager.BaseViewManager"", ""method"": ""setOpacity""}"
34744,reflection,Method.invoke,"{""class"": ""com.facebook.react.uimanager.BaseViewManager"", ""method"": ""setOpacity""}"
34768,reflection,Method.invoke,"{""class"": ""com.facebook.react.uimanager.BaseViewManager"", ""method"": ""setOpacity""}"
34781,reflection,Method.invoke,"{""class"": ""com.facebook.react.uimanager.BaseViewManager"", ""method"": ""setOpacity""}"
34794,reflection,Method.invoke,"{""class"": ""com.facebook.react.uimanager.BaseViewManager"", ""method"": ""setOpacity""}"
34815,reflection,Method.invoke,"{""class"": ""com.facebook.react.uimanager.BaseViewManager"", ""method"": ""setOpacity""}"
34832,reflection,Method.invoke,"{""class"": ""com.facebook.react.uimanager.BaseViewManager"", ""method"": ""setOpacity""}"
34848,reflection,Method.invoke,"{""class"": ""com.facebook.react.uimanager.BaseViewManager"", ""method"": ""setOpacity""}"
34861,reflection,Method.invoke,"{""class"": ""com.facebook.react.uimanager.BaseViewManager"", ""method"": ""setOpacity""}"
34899,reflection,Method.invoke,"{""class"": ""com.facebook.react.uimanager.BaseViewManager"", ""method"": ""setTransform""}"
34900,reflection,Method.invoke,"{""class"": ""com.facebook.react.uimanager.BaseViewManager"", ""method"": ""setOpacity""}"
34901,reflection,Method.invoke,"{""class"": ""com.facebook.react.uimanager.BaseViewManager"", ""method"": ""setTransform""}"
34902,reflection,Method.invoke,"{""class"": ""com.facebook.react.uimanager.BaseViewManager"", ""method"": ""setOpacity""}"
34903,reflection,Method.invoke,"{""class"": ""com.facebook.react.uimanager.BaseViewManager"", ""method"": ""setOpacity""}"
35178,reflection,Method.invoke,"{""class"": ""com.facebook.react.uimanager.BaseViewManager"", ""method"": ""setTransform""}"
35179,reflection,Method.invoke,"{""class"": ""com.facebook.react.uimanager.BaseViewManager"", ""method"": ""setOpacity""}"
35180,reflection,Method.invoke,"{""class"": ""com.facebook.react.uimanager.BaseViewManager"", ""method"": ""setOpacity""}"
35181,reflection,Method.invoke,"{""class"": ""com.facebook.react.uimanager.BaseViewManager"", ""method"": ""setTransform""}"
35183,reflection,Method.invoke,"{""class"": ""com.facebook.react.uimanager.BaseViewManager"", ""method"": ""setOpacity""}"
35427,reflection,Method.invoke,"{""class"": ""com.facebook.react.uimanager.BaseViewManager"", ""method"": ""setTransform""}"
35428,reflection,Method.invoke,"{""class"": ""com.facebook.react.uimanager.BaseViewManager"", ""method"": ""setOpacity""}"
35429,reflection,Method.invoke,"{""class"": ""com.facebook.react.uimanager.BaseViewManager"", ""method"": ""setTransform""}"
35431,reflection,Method.invoke,"{""class"": ""com.facebook.react.uimanager.BaseViewManager"", ""method"": ""setOpacity""}"
35434,reflection,Method.invoke,"{""class"": ""com.facebook.react.uimanager.BaseViewManager"", ""method"": ""setOpacity""}"
35695,reflection,Method.invoke,"{""class"": ""com.facebook.react.uimanager.BaseViewManager"", ""method"": ""setTransform""}"
35696,reflection,Method.invoke,"{""class"": ""com.facebook.react.uimanager.BaseViewManager"", ""method"": ""setOpacity""}"
35697,reflection,Method.invoke,"{""class"": ""com.facebook.react.uimanager.BaseViewManager"", ""method"": ""setOpacity""}"
35698,reflection,Method.invoke,"{""class"": ""com.facebook.react.uimanager.BaseViewManager"", ""method"": ""setTransform""}"
35700,reflection,Method.invoke,"{""class"": ""com.facebook.react.uimanager.BaseViewManager"", ""method"": ""setOpacity""}"
35965,reflection,Method.invoke,"{""class"": ""com.facebook.react.uimanager.BaseViewManager"", ""method"": ""setTransform""}"
35966,reflection,Method.invoke,"{""class"": ""com.facebook.react.uimanager.BaseViewManager"", ""method"": ""setOpacity""}"
35967,reflection,Method.invoke,"{""class"": ""com.facebook.react.uimanager.BaseViewManager"", ""method"": ""setTransform""}"
35969,reflection,Method.invoke,"{""class"": ""com.facebook.react.uimanager.BaseViewManager"", ""method"": ""setOpacity""}"
35981,reflection,Method.invoke,"{""class"": ""com.facebook.react.uimanager.BaseViewManager"", ""method"": ""setOpacity""}"
36233,reflection,Method.invoke,"{""class"": ""com.facebook.react.uimanager.BaseViewManager"", ""method"": ""setTransform""}"
36234,reflection,Method.invoke,"{""class"": ""com.facebook.react.uimanager.BaseViewManager"", ""method"": ""setOpacity""}"
36235,reflection,Method.invoke,"{""class"": ""com.facebook.react.uimanager.BaseViewManager"", ""method"": ""setOpacity""}"
36236,reflection,Method.invoke,"{""class"": ""com.facebook.react.uimanager.BaseViewManager"", ""method"": ""setTransform""}"
36238,reflection,Method.invoke,"{""class"": ""com.facebook.react.uimanager.BaseViewManager"", ""method"": ""setOpacity""}"
36495,reflection,Method.invoke,"{""class"": ""com.facebook.react.uimanager.BaseViewManager"", ""method"": ""setTransform""}"
36496,reflection,Method.invoke,"{""class"": ""com.facebook.react.uimanager.BaseViewManager"", ""method"": ""setOpacity""}"
36498,reflection,Method.invoke,"{""class"": ""com.facebook.react.uimanager.BaseViewManager"", ""method"": ""setTransform""}"
36500,reflection,Method.invoke,"{""class"": ""com.facebook.react.uimanager.BaseViewManager"", ""method"": ""setOpacity""}"
36502,reflection,Method.invoke,"{""class"": ""com.facebook.react.uimanager.BaseViewManager"", ""method"": ""setOpacity""}"
36765,reflection,Method.invoke,"{""class"": ""com.facebook.react.uimanager.BaseViewManager"", ""method"": ""setTransform""}"
36766,reflection,Method.invoke,"{""class"": ""com.facebook.react.uimanager.BaseViewManager"", ""method"": ""setOpacity""}"
36767,reflection,Method.invoke,"{""class"": ""com.facebook.react.uimanager.BaseViewManager"", ""method"": ""setOpacity""}"
36768,reflection,Method.invoke,"{""class"": ""com.facebook.react.uimanager.BaseViewManager"", ""method"": ""setTransform""}"
36780,reflection,Method.invoke,"{""class"": ""com.facebook.react.uimanager.BaseViewManager"", ""method"": ""setOpacity""}"
37032,reflection,Method.invoke,"{""class"": ""com.facebook.react.uimanager.BaseViewManager"", ""method"": ""setTransform""}"
37033,reflection,Method.invoke,"{""class"": ""com.facebook.react.uimanager.BaseViewManager"", ""method"": ""setOpacity""}"
37034,reflection,Method.invoke,"{""class"": ""com.facebook.react.uimanager.BaseViewManager"", ""method"": ""setTransform""}"
37036,reflection,Method.invoke,"{""class"": ""com.facebook.react.uimanager.BaseViewManager"", ""method"": ""setOpacity""}"
37038,reflection,Method.invoke,"{""class"": ""com.facebook.react.uimanager.BaseViewManager"", ""method"": ""setOpacity""}"
37296,reflection,Method.invoke,"{""class"": ""com.facebook.react.uimanager.BaseViewManager"", ""method"": ""setTransform""}"
37296,reflection,Method.invoke,"{""class"": ""com.facebook.react.uimanager.BaseViewManager"", ""method"": ""setOpacity""}"
37297,reflection,Method.invoke,"{""class"": ""com.facebook.react.uimanager.BaseViewManager"", ""method"": ""setOpacity""}"
37299,reflection,Method.invoke,"{""class"": ""com.facebook.react.uimanager.BaseViewManager"", ""method"": ""setTransform""}"
37312,reflection,Method.invoke,"{""class"": ""com.facebook.react.uimanager.BaseViewManager"", ""method"": ""setOpacity""}"
37568,reflection,Method.invoke,"{""class"": ""com.facebook.react.uimanager.BaseViewManager"", ""method"": ""setTransform""}"
37569,reflection,Method.invoke,"{""class"": ""com.facebook.react.uimanager.BaseViewManager"", ""method"": ""setOpacity""}"
37570,reflection,Method.invoke,"{""class"": ""com.facebook.react.uimanager.BaseViewManager"", ""method"": ""setTransform""}"
37571,reflection,Method.invoke,"{""class"": ""com.facebook.react.uimanager.BaseViewManager"", ""method"": ""setOpacity""}"
37573,reflection,Method.invoke,"{""class"": ""com.facebook.react.uimanager.BaseViewManager"", ""method"": ""setOpacity""}"
37827,reflection,Method.invoke,"{""class"": ""com.facebook.react.uimanager.BaseViewManager"", ""method"": ""setTransform""}"
37829,reflection,Method.invoke,"{""class"": ""com.facebook.react.uimanager.BaseViewManager"", ""method"": ""setOpacity""}"
37830,reflection,Method.invoke,"{""class"": ""com.facebook.react.uimanager.BaseViewManager"", ""method"": ""setOpacity""}"
37831,reflection,Method.invoke,"{""class"": ""com.facebook.react.uimanager.BaseViewManager"", ""method"": ""setTransform""}"
37833,reflection,Method.invoke,"{""class"": ""com.facebook.react.uimanager.BaseViewManager"", ""method"": ""setOpacity""}"
38094,reflection,Method.invoke,"{""class"": ""com.facebook.react.uimanager.BaseViewManager"", ""method"": ""setTransform""}"
38095,reflection,Method.invoke,"{""class"": ""com.facebook.react.uimanager.BaseViewManager"", ""method"": ""setOpacity""}"
38096,reflection,Method.invoke,"{""class"": ""com.facebook.react.uimanager.BaseViewManager"", ""method"": ""setTransform""}"
38098,reflection,Method.invoke,"{""class"": ""com.facebook.react.uimanager.BaseViewManager"", ""method"": ""setOpacity""}"
38111,reflection,Method.invoke,"{""class"": ""com.facebook.react.uimanager.BaseViewManager"", ""method"": ""setOpacity""}"
38345,reflection,Method.invoke,"{""class"": ""com.facebook.react.uimanager.BaseViewManager"", ""method"": ""setTransform""}"
38345,reflection,Method.invoke,"{""class"": ""com.facebook.react.uimanager.BaseViewManager"", ""method"": ""setOpacity""}"
38346,reflection,Method.invoke,"{""class"": ""com.facebook.react.uimanager.BaseViewManager"", ""method"": ""setOpacity""}"
38348,reflection,Method.invoke,"{""class"": ""com.facebook.react.uimanager.BaseViewManager"", ""method"": ""setTransform""}"
38350,reflection,Method.invoke,"{""class"": ""com.facebook.react.uimanager.BaseViewManager"", ""method"": ""setOpacity""}"
38653,reflection,Method.invoke,"{""class"": ""com.facebook.react.uimanager.BaseViewManager"", ""method"": ""setTransform""}"
38653,reflection,Method.invoke,"{""class"": ""com.facebook.react.uimanager.BaseViewManager"", ""method"": ""setOpacity""}"
38655,reflection,Method.invoke,"{""class"": ""com.facebook.react.uimanager.BaseViewManager"", ""method"": ""setTransform""}"
38657,reflection,Method.invoke,"{""class"": ""com.facebook.react.uimanager.BaseViewManager"", ""method"": ""setOpacity""}"
38659,reflection,Method.invoke,"{""class"": ""com.facebook.react.uimanager.BaseViewManager"", ""method"": ""setOpacity""}"
38895,reflection,Method.invoke,"{""class"": ""com.facebook.react.uimanager.BaseViewManager"", ""method"": ""setTransform""}"
38896,reflection,Method.invoke,"{""class"": ""com.facebook.react.uimanager.BaseViewManager"", ""method"": ""setOpacity""}"
38897,reflection,Method.invoke,"{""class"": ""com.facebook.react.uimanager.BaseViewManager"", ""method"": ""setOpacity""}"
38899,reflection,Method.invoke,"{""class"": ""com.facebook.react.uimanager.BaseViewManager"", ""method"": ""setTransform""}"
38902,reflection,Method.invoke,"{""class"": ""com.facebook.react.uimanager.BaseViewManager"", ""method"": ""setOpacity""}"
39178,reflection,Method.invoke,"{""class"": ""com.facebook.react.uimanager.BaseViewManager"", ""method"": ""setTransform""}"
39178,reflection,Method.invoke,"{""class"": ""com.facebook.react.uimanager.BaseViewManager"", ""method"": ""setOpacity""}"
39179,reflection,Method.invoke,"{""class"": ""com.facebook.react.uimanager.BaseViewManager"", ""method"": ""setTransform""}"
39179,reflection,Method.invoke,"{""class"": ""com.facebook.react.uimanager.BaseViewManager"", ""method"": ""setOpacity""}"
39195,reflection,Method.invoke,"{""class"": ""com.facebook.react.uimanager.BaseViewManager"", ""method"": ""setOpacity""}"
39428,reflection,Method.invoke,"{""class"": ""com.facebook.react.uimanager.BaseViewManager"", ""method"": ""setTransform""}"
39429,reflection,Method.invoke,"{""class"": ""com.facebook.react.uimanager.BaseViewManager"", ""method"": ""setOpacity""}"
39430,reflection,Method.invoke,"{""class"": ""com.facebook.react.uimanager.BaseViewManager"", ""method"": ""setOpacity""}"
39432,reflection,Method.invoke,"{""class"": ""com.facebook.react.uimanager.BaseViewManager"", ""method"": ""setTransform""}"
39434,reflection,Method.invoke,"{""class"": ""com.facebook.react.uimanager.BaseViewManager"", ""method"": ""setOpacity""}"
39695,reflection,Method.invoke,"{""class"": ""com.facebook.react.uimanager.BaseViewManager"", ""method"": ""setTransform""}"
39696,reflection,Method.invoke,"{""class"": ""com.facebook.react.uimanager.BaseViewManager"", ""method"": ""setOpacity""}"
39697,reflection,Method.invoke,"{""class"": ""com.facebook.react.uimanager.BaseViewManager"", ""method"": ""setTransform""}"
39698,reflection,Method.invoke,"{""class"": ""com.facebook.react.uimanager.BaseViewManager"", ""method"": ""setOpacity""}"
39711,reflection,Method.invoke,"{""class"": ""com.facebook.react.uimanager.BaseViewManager"", ""method"": ""setOpacity""}"
39961,reflection,Method.invoke,"{""class"": ""com.facebook.react.uimanager.BaseViewManager"", ""method"": ""setTransform""}"
39962,reflection,Method.invoke,"{""class"": ""com.facebook.react.uimanager.BaseViewManager"", ""method"": ""setOpacity""}"
39963,reflection,Method.invoke,"{""class"": ""com.facebook.react.uimanager.BaseViewManager"", ""method"": ""setOpacity""}"
39964,reflection,Method.invoke,"{""class"": ""com.facebook.react.uimanager.BaseViewManager"", ""method"": ""setTransform""}"
39967,reflection,Method.invoke,"{""class"": ""com.facebook.react.uimanager.BaseViewManager"", ""method"": ""setOpacity""}"
40211,reflection,Method.invoke,"{""class"": ""com.facebook.react.uimanager.BaseViewManager"", ""method"": ""setTransform""}"
40211,reflection,Method.invoke,"{""class"": ""com.facebook.react.uimanager.BaseViewManager"", ""method"": ""setOpacity""}"
40213,reflection,Method.invoke,"{""class"": ""com.facebook.react.uimanager.BaseViewManager"", ""method"": ""setTransform""}"
40214,reflection,Method.invoke,"{""class"": ""com.facebook.react.uimanager.BaseViewManager"", ""method"": ""setOpacity""}"
40216,reflection,Method.invoke,"{""class"": ""com.facebook.react.uimanager.BaseViewManager"", ""method"": ""setOpacity""}"
40513,reflection,Method.invoke,"{""class"": ""com.facebook.react.uimanager.BaseViewManager"", ""method"": ""setTransform""}"
40514,reflection,Method.invoke,"{""class"": ""com.facebook.react.uimanager.BaseViewManager"", ""method"": ""setOpacity""}"
40515,reflection,Method.invoke,"{""class"": ""com.facebook.react.uimanager.BaseViewManager"", ""method"": ""setOpacity""}"
40516,reflection,Method.invoke,"{""class"": ""com.facebook.react.uimanager.BaseViewManager"", ""method"": ""setTransform""}"
40519,reflection,Method.invoke,"{""class"": ""com.facebook.react.uimanager.BaseViewManager"", ""method"": ""setOpacity""}"
40765,reflection,Method.invoke,"{""class"": ""com.facebook.react.uimanager.BaseViewManager"", ""method"": ""setTransform""}"
40766,reflection,Method.invoke,"{""class"": ""com.facebook.react.uimanager.BaseViewManager"", ""method"": ""setOpacity""}"
40767,reflection,Method.invoke,"{""class"": ""com.facebook.react.uimanager.BaseViewManager"", ""method"": ""setTransform""}"
40768,reflection,Method.invoke,"{""class"": ""com.facebook.react.uimanager.BaseViewManager"", ""method"": ""setOpacity""}"
40770,reflection,Method.invoke,"{""class"": ""com.facebook.react.uimanager.BaseViewManager"", ""method"": ""setOpacity""}"
41028,reflection,Method.invoke,"{""class"": ""com.facebook.react.uimanager.BaseViewManager"", ""method"": ""setTransform""}"
41029,reflection,Method.invoke,"{""class"": ""com.facebook.react.uimanager.BaseViewManager"", ""method"": ""setOpacity""}"
41030,reflection,Method.invoke,"{""class"": ""com.facebook.react.uimanager.BaseViewManager"", ""method"": ""setOpacity""}"
41032,reflection,Method.invoke,"{""class"": ""com.facebook.react.uimanager.BaseViewManager"", ""method"": ""setTransform""}"
41035,reflection,Method.invoke,"{""class"": ""com.facebook.react.uimanager.BaseViewManager"", ""method"": ""setOpacity""}"
41299,reflection,Method.invoke,"{""class"": ""com.facebook.react.uimanager.BaseViewManager"", ""method"": ""setTransform""}"
41300,reflection,Method.invoke,"{""class"": ""com.facebook.react.uimanager.BaseViewManager"", ""method"": ""setOpacity""}"
41301,reflection,Method.invoke,"{""class"": ""com.facebook.react.uimanager.BaseViewManager"", ""method"": ""setTransform""}"
41302,reflection,Method.invoke,"{""class"": ""com.facebook.react.uimanager.BaseViewManager"", ""method"": ""setOpacity""}"
41314,reflection,Method.invoke,"{""class"": ""com.facebook.react.uimanager.BaseViewManager"", ""method"": ""setOpacity""}"
41562,reflection,Method.invoke,"{""class"": ""com.facebook.react.uimanager.BaseViewManager"", ""method"": ""setTransform""}"
41563,reflection,Method.invoke,"{""class"": ""com.facebook.react.uimanager.BaseViewManager"", ""method"": ""setOpacity""}"
41564,reflection,Method.invoke,"{""class"": ""com.facebook.react.uimanager.BaseViewManager"", ""method"": ""setOpacity""}"
41566,reflection,Method.invoke,"{""class"": ""com.facebook.react.uimanager.BaseViewManager"", ""method"": ""setTransform""}"
41568,reflection,Method.invoke,"{""class"": ""com.facebook.react.uimanager.BaseViewManager"", ""method"": ""setOpacity""}"
41830,reflection,Method.invoke,"{""class"": ""com.facebook.react.uimanager.BaseViewManager"", ""method"": ""setTransform""}"
41830,reflection,Method.invoke,"{""class"": ""com.facebook.react.uimanager.BaseViewManager"", ""method"": ""setOpacity""}"
41832,reflection,Method.invoke,"{""class"": ""com.facebook.react.uimanager.BaseViewManager"", ""method"": ""setTransform""}"
41832,reflection,Method.invoke,"{""class"": ""com.facebook.react.uimanager.BaseViewManager"", ""method"": ""setOpacity""}"
41835,reflection,Method.invoke,"{""class"": ""com.facebook.react.uimanager.BaseViewManager"", ""method"": ""setOpacity""}"
42095,reflection,Method.invoke,"{""class"": ""com.facebook.react.uimanager.BaseViewManager"", ""method"": ""setTransform""}"
42096,reflection,Method.invoke,"{""class"": ""com.facebook.react.uimanager.BaseViewManager"", ""method"": ""setOpacity""}"
42097,reflection,Method.invoke,"{""class"": ""com.facebook.react.uimanager.BaseViewManager"", ""method"": ""setOpacity""}"
42100,reflection,Method.invoke,"{""class"": ""com.facebook.react.uimanager.BaseViewManager"", ""method"": ""setTransform""}"
42113,reflection,Method.invoke,"{""class"": ""com.facebook.react.uimanager.BaseViewManager"", ""method"": ""setOpacity""}"
42362,reflection,Method.invoke,"{""class"": ""com.facebook.react.uimanager.BaseViewManager"", ""method"": ""setTransform""}"
42363,reflection,Method.invoke,"{""class"": ""com.facebook.react.uimanager.BaseViewManager"", ""method"": ""setOpacity""}"
42364,reflection,Method.invoke,"{""class"": ""com.facebook.react.uimanager.BaseViewManager"", ""method"": ""setTransform""}"
42365,reflection,Method.invoke,"{""class"": ""com.facebook.react.uimanager.BaseViewManager"", ""method"": ""setOpacity""}"
42367,reflection,Method.invoke,"{""class"": ""com.facebook.react.uimanager.BaseViewManager"", ""method"": ""setOpacity""}"
42630,reflection,Method.invoke,"{""class"": ""com.facebook.react.uimanager.BaseViewManager"", ""method"": ""setTransform""}"
42631,reflection,Method.invoke,"{""class"": ""com.facebook.react.uimanager.BaseViewManager"", ""method"": ""setOpacity""}"
42632,reflection,Method.invoke,"{""class"": ""com.facebook.react.uimanager.BaseViewManager"", ""method"": ""setOpacity""}"
42634,reflection,Method.invoke,"{""class"": ""com.facebook.react.uimanager.BaseViewManager"", ""method"": ""setTransform""}"
42647,reflection,Method.invoke,"{""class"": ""com.facebook.react.uimanager.BaseViewManager"", ""method"": ""setOpacity""}"
42896,reflection,Method.invoke,"{""class"": ""com.facebook.react.uimanager.BaseViewManager"", ""method"": ""setTransform""}"
42896,reflection,Method.invoke,"{""class"": ""com.facebook.react.uimanager.BaseViewManager"", ""method"": ""setOpacity""}"
42898,reflection,Method.invoke,"{""class"": ""com.facebook.react.uimanager.BaseViewManager"", ""method"": ""setTransform""}"
42899,reflection,Method.invoke,"{""class"": ""com.facebook.react.uimanager.BaseViewManager"", ""method"": ""setOpacity""}"
42901,reflection,Method.invoke,"{""class"": ""com.facebook.react.uimanager.BaseViewManager"", ""method"": ""setOpacity""}"
43162,reflection,Method.invoke,"{""class"": ""com.facebook.react.uimanager.BaseViewManager"", ""method"": ""setTransform""}"
43163,reflection,Method.invoke,"{""class"": ""com.facebook.react.uimanager.BaseViewManager"", ""method"": ""setOpacity""}"
43164,reflection,Method.invoke,"{""class"": ""com.facebook.react.uimanager.BaseViewManager"", ""method"": ""setOpacity""}"
43165,reflection,Method.invoke,"{""class"": ""com.facebook.react.uimanager.BaseViewManager"", ""method"": ""setTransform""}"
43179,reflection,Method.invoke,"{""class"": ""com.facebook.react.uimanager.BaseViewManager"", ""method"": ""setOpacity""}"
43433,reflection,Method.invoke,"{""class"": ""com.facebook.react.uimanager.BaseViewManager"", ""method"": ""setTransform""}"
43434,reflection,Method.invoke,"{""class"": ""com.facebook.react.uimanager.BaseViewManager"", ""method"": ""setOpacity""}"
43435,reflection,Method.invoke,"{""class"": ""com.facebook.react.uimanager.BaseViewManager"", ""method"": ""setTransform""}"
43436,reflection,Method.invoke,"{""class"": ""com.facebook.react.uimanager.BaseViewManager"", ""method"": ""setOpacity""}"
43439,reflection,Method.invoke,"{""class"": ""com.facebook.react.uimanager.BaseViewManager"", ""method"": ""setOpacity""}"
43711,reflection,Method.invoke,"{""class"": ""com.facebook.react.uimanager.BaseViewManager"", ""method"": ""setTransform""}"
43712,reflection,Method.invoke,"{""class"": ""com.facebook.react.uimanager.BaseViewManager"", ""method"": ""setOpacity""}"
43713,reflection,Method.invoke,"{""class"": ""com.facebook.react.uimanager.BaseViewManager"", ""method"": ""setOpacity""}"
43715,reflection,Method.invoke,"{""class"": ""com.facebook.react.uimanager.BaseViewManager"", ""method"": ""setTransform""}"
43717,reflection,Method.invoke,"{""class"": ""com.facebook.react.uimanager.BaseViewManager"", ""method"": ""setOpacity""}"
43964,reflection,Method.invoke,"{""class"": ""com.facebook.react.uimanager.BaseViewManager"", ""method"": ""setTransform""}"
43964,reflection,Method.invoke,"{""class"": ""com.facebook.react.uimanager.BaseViewManager"", ""method"": ""setOpacity""}"
43965,reflection,Method.invoke,"{""class"": ""com.facebook.react.uimanager.BaseViewManager"", ""method"": ""setTransform""}"
43967,reflection,Method.invoke,"{""class"": ""com.facebook.react.uimanager.BaseViewManager"", ""method"": ""setOpacity""}"
43969,reflection,Method.invoke,"{""class"": ""com.facebook.react.uimanager.BaseViewManager"", ""method"": ""setOpacity""}"
44234,reflection,Method.invoke,"{""class"": ""com.facebook.react.uimanager.BaseViewManager"", ""method"": ""setTransform""}"
44235,reflection,Method.invoke,"{""class"": ""com.facebook.react.uimanager.BaseViewManager"", ""method"": ""setOpacity""}"
44236,reflection,Method.invoke,"{""class"": ""com.facebook.react.uimanager.BaseViewManager"", ""method"": ""setOpacity""}"
44237,reflection,Method.invoke,"{""class"": ""com.facebook.react.uimanager.BaseViewManager"", ""method"": ""setTransform""}"
44245,reflection,Method.invoke,"{""class"": ""com.facebook.react.uimanager.BaseViewManager"", ""method"": ""setOpacity""}"
44495,reflection,Method.invoke,"{""class"": ""com.facebook.react.uimanager.BaseViewManager"", ""method"": ""setTransform""}"
44495,reflection,Method.invoke,"{""class"": ""com.facebook.react.uimanager.BaseViewManager"", ""method"": ""setOpacity""}"
44497,reflection,Method.invoke,"{""class"": ""com.facebook.react.uimanager.BaseViewManager"", ""method"": ""setTransform""}"
44498,reflection,Method.invoke,"{""class"": ""com.facebook.react.uimanager.BaseViewManager"", ""method"": ""setOpacity""}"
44501,reflection,Method.invoke,"{""class"": ""com.facebook.react.uimanager.BaseViewManager"", ""method"": ""setOpacity""}"
44744,reflection,Method.invoke,"{""class"": ""com.facebook.react.uimanager.BaseViewManager"", ""method"": ""setTransform""}"
44745,reflection,Method.invoke,"{""class"": ""com.facebook.react.uimanager.BaseViewManager"", ""method"": ""setOpacity""}"
44747,reflection,Method.invoke,"{""class"": ""com.facebook.react.uimanager.BaseViewManager"", ""method"": ""setOpacity""}"
44748,reflection,Method.invoke,"{""class"": ""com.facebook.react.uimanager.BaseViewManager"", ""method"": ""setTransform""}"
44750,reflection,Method.invoke,"{""class"": ""com.facebook.react.uimanager.BaseViewManager"", ""method"": ""setOpacity""}"
45011,reflection,Method.invoke,"{""class"": ""com.facebook.react.uimanager.BaseViewManager"", ""method"": ""setTransform""}"
45012,reflection,Method.invoke,"{""class"": ""com.facebook.react.uimanager.BaseViewManager"", ""method"": ""setOpacity""}"
45013,reflection,Method.invoke,"{""class"": ""com.facebook.react.uimanager.BaseViewManager"", ""method"": ""setTransform""}"
45014,reflection,Method.invoke,"{""class"": ""com.facebook.react.uimanager.BaseViewManager"", ""method"": ""setOpacity""}"
45029,reflection,Method.invoke,"{""class"": ""com.facebook.react.uimanager.BaseViewManager"", ""method"": ""setOpacity""}"
45277,reflection,Method.invoke,"{""class"": ""com.facebook.react.uimanager.BaseViewManager"", ""method"": ""setTransform""}"
45278,reflection,Method.invoke,"{""class"": ""com.facebook.react.uimanager.BaseViewManager"", ""method"": ""setOpacity""}"
45279,reflection,Method.invoke,"{""class"": ""com.facebook.react.uimanager.BaseViewManager"", ""method"": ""setOpacity""}"
45279,reflection,Method.invoke,"{""class"": ""com.facebook.react.uimanager.BaseViewManager"", ""method"": ""setTransform""}"
45281,reflection,Method.invoke,"{""class"": ""com.facebook.react.uimanager.BaseViewManager"", ""method"": ""setOpacity""}"
45561,reflection,Method.invoke,"{""class"": ""com.facebook.react.uimanager.BaseViewManager"", ""method"": ""setTransform""}"
45562,reflection,Method.invoke,"{""class"": ""com.facebook.react.uimanager.BaseViewManager"", ""method"": ""setOpacity""}"
45563,reflection,Method.invoke,"{""class"": ""com.facebook.react.uimanager.BaseViewManager"", ""method"": ""setTransform""}"
45565,reflection,Method.invoke,"{""class"": ""com.facebook.react.uimanager.BaseViewManager"", ""method"": ""setOpacity""}"
45567,reflection,Method.invoke,"{""class"": ""com.facebook.react.uimanager.BaseViewManager"", ""method"": ""setOpacity""}"
45834,reflection,Method.invoke,"{""class"": ""com.facebook.react.uimanager.BaseViewManager"", ""method"": ""setTransform""}"
45834,reflection,Method.invoke,"{""class"": ""com.facebook.react.uimanager.BaseViewManager"", ""method"": ""setOpacity""}"
45835,reflection,Method.invoke,"{""class"": ""com.facebook.react.uimanager.BaseViewManager"", ""method"": ""setOpacity""}"
45836,reflection,Method.invoke,"{""class"": ""com.facebook.react.uimanager.BaseViewManager"", ""method"": ""setTransform""}"
45846,reflection,Method.invoke,"{""class"": ""com.facebook.react.uimanager.BaseViewManager"", ""method"": ""setOpacity""}"
46095,reflection,Method.invoke,"{""class"": ""com.facebook.react.uimanager.BaseViewManager"", ""method"": ""setTransform""}"
46096,reflection,Method.invoke,"{""class"": ""com.facebook.react.uimanager.BaseViewManager"", ""method"": ""setOpacity""}"
46097,reflection,Method.invoke,"{""class"": ""com.facebook.react.uimanager.BaseViewManager"", ""method"": ""setTransform""}"
46098,reflection,Method.invoke,"{""class"": ""com.facebook.react.uimanager.BaseViewManager"", ""method"": ""setOpacity""}"
46100,reflection,Method.invoke,"{""class"": ""com.facebook.react.uimanager.BaseViewManager"", ""method"": ""setOpacity""}"
46364,reflection,Method.invoke,"{""class"": ""com.facebook.react.uimanager.BaseViewManager"", ""method"": ""setTransform""}"
46365,reflection,Method.invoke,"{""class"": ""com.facebook.react.uimanager.BaseViewManager"", ""method"": ""setOpacity""}"
46366,reflection,Method.invoke,"{""class"": ""com.facebook.react.uimanager.BaseViewManager"", ""method"": ""setOpacity""}"
46368,reflection,Method.invoke,"{""class"": ""com.facebook.react.uimanager.BaseViewManager"", ""method"": ""setTransform""}"
46370,reflection,Method.invoke,"{""class"": ""com.facebook.react.uimanager.BaseViewManager"", ""method"": ""setOpacity""}"
46628,reflection,Method.invoke,"{""class"": ""com.facebook.react.uimanager.BaseViewManager"", ""method"": ""setTransform""}"
46629,reflection,Method.invoke,"{""class"": ""com.facebook.react.uimanager.BaseViewManager"", ""method"": ""setOpacity""}"
46630,reflection,Method.invoke,"{""class"": ""com.facebook.react.uimanager.BaseViewManager"", ""method"": ""setTransform""}"
46631,reflection,Method.invoke,"{""class"": ""com.facebook.react.uimanager.BaseViewManager"", ""method"": ""setOpacity""}"
46644,reflection,Method.invoke,"{""class"": ""com.facebook.react.uimanager.BaseViewManager"", ""method"": ""setOpacity""}"
46895,reflection,Method.invoke,"{""class"": ""com.facebook.react.uimanager.BaseViewManager"", ""method"": ""setTransform""}"
46895,reflection,Method.invoke,"{""class"": ""com.facebook.react.uimanager.BaseViewManager"", ""method"": ""setOpacity""}"
46896,reflection,Method.invoke,"{""class"": ""com.facebook.react.uimanager.BaseViewManager"", ""method"": ""setOpacity""}"
46898,reflection,Method.invoke,"{""class"": ""com.facebook.react.uimanager.BaseViewManager"", ""method"": ""setTransform""}"
46900,reflection,Method.invoke,"{""class"": ""com.facebook.react.uimanager.BaseViewManager"", ""method"": ""setOpacity""}"
47162,reflection,Method.invoke,"{""class"": ""com.facebook.react.uimanager.BaseViewManager"", ""method"": ""setTransform""}"
47163,reflection,Method.invoke,"{""class"": ""com.facebook.react.uimanager.BaseViewManager"", ""method"": ""setOpacity""}"
47164,reflection,Method.invoke,"{""class"": ""com.facebook.react.uimanager.BaseViewManager"", ""method"": ""setTransform""}"
47166,reflection,Method.invoke,"{""class"": ""com.facebook.react.uimanager.BaseViewManager"", ""method"": ""setOpacity""}"
47179,reflection,Method.invoke,"{""class"": ""com.facebook.react.uimanager.BaseViewManager"", ""method"": ""setOpacity""}"
47429,reflection,Method.invoke,"{""class"": ""com.facebook.react.uimanager.BaseViewManager"", ""method"": ""setTransform""}"
47430,reflection,Method.invoke,"{""class"": ""com.facebook.react.uimanager.BaseViewManager"", ""method"": ""setOpacity""}"
47431,reflection,Method.invoke,"{""class"": ""com.facebook.react.uimanager.BaseViewManager"", ""method"": ""setOpacity""}"
47432,reflection,Method.invoke,"{""class"": ""com.facebook.react.uimanager.BaseViewManager"", ""method"": ""setTransform""}"
47435,reflection,Method.invoke,"{""class"": ""com.facebook.react.uimanager.BaseViewManager"", ""method"": ""setOpacity""}"
47696,reflection,Method.invoke,"{""class"": ""com.facebook.react.uimanager.BaseViewManager"", ""method"": ""setTransform""}"
47696,reflection,Method.invoke,"{""class"": ""com.facebook.react.uimanager.BaseViewManager"", ""method"": ""setOpacity""}"
47699,reflection,Method.invoke,"{""class"": ""com.facebook.react.uimanager.BaseViewManager"", ""method"": ""setTransform""}"
47703,reflection,Method.invoke,"{""class"": ""com.facebook.react.uimanager.BaseViewManager"", ""method"": ""setOpacity""}"
47705,reflection,Method.invoke,"{""class"": ""com.facebook.react.uimanager.BaseViewManager"", ""method"": ""setOpacity""}"
47962,reflection,Method.invoke,"{""class"": ""com.facebook.react.uimanager.BaseViewManager"", ""method"": ""setTransform""}"
47962,reflection,Method.invoke,"{""class"": ""com.facebook.react.uimanager.BaseViewManager"", ""method"": ""setOpacity""}"
47964,reflection,Method.invoke,"{""class"": ""com.facebook.react.uimanager.BaseViewManager"", ""method"": ""setOpacity""}"
47965,reflection,Method.invoke,"{""class"": ""com.facebook.react.uimanager.BaseViewManager"", ""method"": ""setTransform""}"
47967,reflection,Method.invoke,"{""class"": ""com.facebook.react.uimanager.BaseViewManager"", ""method"": ""setOpacity""}"
48245,reflection,Method.invoke,"{""class"": ""com.facebook.react.uimanager.BaseViewManager"", ""method"": ""setTransform""}"
48246,reflection,Method.invoke,"{""class"": ""com.facebook.react.uimanager.BaseViewManager"", ""method"": ""setOpacity""}"
48247,reflection,Method.invoke,"{""class"": ""com.facebook.react.uimanager.BaseViewManager"", ""method"": ""setTransform""}"
48248,reflection,Method.invoke,"{""class"": ""com.facebook.react.uimanager.BaseViewManager"", ""method"": ""setOpacity""}"
48262,reflection,Method.invoke,"{""class"": ""com.facebook.react.uimanager.BaseViewManager"", ""method"": ""setOpacity""}"
48497,reflection,Method.invoke,"{""class"": ""com.facebook.react.uimanager.BaseViewManager"", ""method"": ""setTransform""}"
48498,reflection,Method.invoke,"{""class"": ""com.facebook.react.uimanager.BaseViewManager"", ""method"": ""setOpacity""}"
48499,reflection,Method.invoke,"{""class"": ""com.facebook.react.uimanager.BaseViewManager"", ""method"": ""setOpacity""}"
48500,reflection,Method.invoke,"{""class"": ""com.facebook.react.uimanager.BaseViewManager"", ""method"": ""setTransform""}"
48503,reflection,Method.invoke,"{""class"": ""com.facebook.react.uimanager.BaseViewManager"", ""method"": ""setOpacity""}"
48761,reflection,Method.invoke,"{""class"": ""com.facebook.react.uimanager.BaseViewManager"", ""method"": ""setTransform""}"
48761,reflection,Method.invoke,"{""class"": ""com.facebook.react.uimanager.BaseViewManager"", ""method"": ""setOpacity""}"
48763,reflection,Method.invoke,"{""class"": ""com.facebook.react.uimanager.BaseViewManager"", ""method"": ""setTransform""}"
48764,reflection,Method.invoke,"{""class"": ""com.facebook.react.uimanager.BaseViewManager"", ""method"": ""setOpacity""}"
48779,reflection,Method.invoke,"{""class"": ""com.facebook.react.uimanager.BaseViewManager"", ""method"": ""setOpacity""}"
49029,reflection,Method.invoke,"{""class"": ""com.facebook.react.uimanager.BaseViewManager"", ""method"": ""setTransform""}"
49030,reflection,Method.invoke,"{""class"": ""com.facebook.react.uimanager.BaseViewManager"", ""method"": ""setOpacity""}"
49031,reflection,Method.invoke,"{""class"": ""com.facebook.react.uimanager.BaseViewManager"", ""method"": ""setOpacity""}"
49032,reflection,Method.invoke,"{""class"": ""com.facebook.react.uimanager.BaseViewManager"", ""method"": ""setTransform""}"
49035,reflection,Method.invoke,"{""class"": ""com.facebook.react.uimanager.BaseViewManager"", ""method"": ""setOpacity""}"
49299,reflection,Method.invoke,"{""class"": ""com.facebook.react.uimanager.BaseViewManager"", ""method"": ""setTransform""}"
49299,reflection,Method.invoke,"{""class"": ""com.facebook.react.uimanager.BaseViewManager"", ""method"": ""setOpacity""}"
49300,reflection,Method.invoke,"{""class"": ""com.facebook.react.uimanager.BaseViewManager"", ""method"": ""setTransform""}"
49301,reflection,Method.invoke,"{""class"": ""com.facebook.react.uimanager.BaseViewManager"", ""method"": ""setOpacity""}"
49304,reflection,Method.invoke,"{""class"": ""com.facebook.react.uimanager.BaseViewManager"", ""method"": ""setOpacity""}"
49562,reflection,Method.invoke,"{""class"": ""com.facebook.react.uimanager.BaseViewManager"", ""method"": ""setTransform""}"
49563,reflection,Method.invoke,"{""class"": ""com.facebook.react.uimanager.BaseViewManager"", ""method"": ""setOpacity""}"
49564,reflection,Method.invoke,"{""class"": ""com.facebook.react.uimanager.BaseViewManager"", ""method"": ""setOpacity""}"
49565,reflection,Method.invoke,"{""class"": ""com.facebook.react.uimanager.BaseViewManager"", ""method"": ""setTransform""}"
49578,reflection,Method.invoke,"{""class"": ""com.facebook.react.uimanager.BaseViewManager"", ""method"": ""setOpacity""}"
49833,reflection,Method.invoke,"{""class"": ""com.facebook.react.uimanager.BaseViewManager"", ""method"": ""setTransform""}"
49834,reflection,Method.invoke,"{""class"": ""com.facebook.react.uimanager.BaseViewManager"", ""method"": ""setOpacity""}"
49835,reflection,Method.invoke,"{""class"": ""com.facebook.react.uimanager.BaseViewManager"", ""method"": ""setTransform""}"
49836,reflection,Method.invoke,"{""class"": ""com.facebook.react.uimanager.BaseViewManager"", ""method"": ""setOpacity""}"
49845,reflection,Method.invoke,"{""class"": ""com.facebook.react.uimanager.BaseViewManager"", ""method"": ""setOpacity""}"
50097,reflection,Method.invoke,"{""class"": ""com.facebook.react.uimanager.BaseViewManager"", ""method"": ""setTransform""}"
50098,reflection,Method.invoke,"{""class"": ""com.facebook.react.uimanager.BaseViewManager"", ""method"": ""setOpacity""}"
50099,reflection,Method.invoke,"{""class"": ""com.facebook.react.uimanager.BaseViewManager"", ""method"": ""setOpacity""}"
50101,reflection,Method.invoke,"{""class"": ""com.facebook.react.uimanager.BaseViewManager"", ""method"": ""setTransform""}"
50113,reflection,Method.invoke,"{""class"": ""com.facebook.react.uimanager.BaseViewManager"", ""method"": ""setOpacity""}"
50365,reflection,Method.invoke,"{""class"": ""com.facebook.react.uimanager.BaseViewManager"", ""method"": ""setTransform""}"
50365,reflection,Method.invoke,"{""class"": ""com.facebook.react.uimanager.BaseViewManager"", ""method"": ""setOpacity""}"
50367,reflection,Method.invoke,"{""class"": ""com.facebook.react.uimanager.BaseViewManager"", ""method"": ""setTransform""}"
50368,reflection,Method.invoke,"{""class"": ""com.facebook.react.uimanager.BaseViewManager"", ""method"": ""setOpacity""}"
50370,reflection,Method.invoke,"{""class"": ""com.facebook.react.uimanager.BaseViewManager"", ""method"": ""setOpacity""}"
50628,reflection,Method.invoke,"{""class"": ""com.facebook.react.uimanager.BaseViewManager"", ""method"": ""setTransform""}"
50629,reflection,Method.invoke,"{""class"": ""com.facebook.react.uimanager.BaseViewManager"", ""method"": ""setOpacity""}"
50631,reflection,Method.invoke,"{""class"": ""com.facebook.react.uimanager.BaseViewManager"", ""method"": ""setOpacity""}"
50632,reflection,Method.invoke,"{""class"": ""com.facebook.react.uimanager.BaseViewManager"", ""method"": ""setTransform""}"
50646,reflection,Method.invoke,"{""class"": ""com.facebook.react.uimanager.BaseViewManager"", ""method"": ""setOpacity""}"
50896,reflection,Method.invoke,"{""class"": ""com.facebook.react.uimanager.BaseViewManager"", ""method"": ""setTransform""}"
50897,reflection,Method.invoke,"{""class"": ""com.facebook.react.uimanager.BaseViewManager"", ""method"": ""setOpacity""}"
50898,reflection,Method.invoke,"{""class"": ""com.facebook.react.uimanager.BaseViewManager"", ""method"": ""setTransform""}"
50898,reflection,Method.invoke,"{""class"": ""com.facebook.react.uimanager.BaseViewManager"", ""method"": ""setOpacity""}"
50900,reflection,Method.invoke,"{""class"": ""com.facebook.react.uimanager.BaseViewManager"", ""method"": ""setOpacity""}"
51165,reflection,Method.invoke,"{""class"": ""com.facebook.react.uimanager.BaseViewManager"", ""method"": ""setTransform""}"
51166,reflection,Method.invoke,"{""class"": ""com.facebook.react.uimanager.BaseViewManager"", ""method"": ""setOpacity""}"
51167,reflection,Method.invoke,"{""class"": ""com.facebook.react.uimanager.BaseViewManager"", ""method"": ""setOpacity""}"
51168,reflection,Method.invoke,"{""class"": ""com.facebook.react.uimanager.BaseViewManager"", ""method"": ""setTransform""}"
51170,reflection,Method.invoke,"{""class"": ""com.facebook.react.uimanager.BaseViewManager"", ""method"": ""setOpacity""}"
51429,reflection,Method.invoke,"{""class"": ""com.facebook.react.uimanager.BaseViewManager"", ""method"": ""setTransform""}"
51430,reflection,Method.invoke,"{""class"": ""com.facebook.react.uimanager.BaseViewManager"", ""method"": ""setOpacity""}"
51431,reflection,Method.invoke,"{""class"": ""com.facebook.react.uimanager.BaseViewManager"", ""method"": ""setTransform""}"
51432,reflection,Method.invoke,"{""class"": ""com.facebook.react.uimanager.BaseViewManager"", ""method"": ""setOpacity""}"
51446,reflection,Method.invoke,"{""class"": ""com.facebook.react.uimanager.BaseViewManager"", ""method"": ""setOpacity""}"
51695,reflection,Method.invoke,"{""class"": ""com.facebook.react.uimanager.BaseViewManager"", ""method"": ""setTransform""}"
51695,reflection,Method.invoke,"{""class"": ""com.facebook.react.uimanager.BaseViewManager"", ""method"": ""setOpacity""}"
51696,reflection,Method.invoke,"{""class"": ""com.facebook.react.uimanager.BaseViewManager"", ""method"": ""setOpacity""}"
51697,reflection,Method.invoke,"{""class"": ""com.facebook.react.uimanager.BaseViewManager"", ""method"": ""setTransform""}"
51699,reflection,Method.invoke,"{""class"": ""com.facebook.react.uimanager.BaseViewManager"", ""method"": ""setOpacity""}"
51983,reflection,Method.invoke,"{""class"": ""com.facebook.react.uimanager.BaseViewManager"", ""method"": ""setTransform""}"
51984,reflection,Method.invoke,"{""class"": ""com.facebook.react.uimanager.BaseViewManager"", ""method"": ""setOpacity""}"
51985,reflection,Method.invoke,"{""class"": ""com.facebook.react.uimanager.BaseViewManager"", ""method"": ""setTransform""}"
51986,reflection,Method.invoke,"{""class"": ""com.facebook.react.uimanager.BaseViewManager"", ""method"": ""setOpacity""}"
51997,reflection,Method.invoke,"{""class"": ""com.facebook.react.uimanager.BaseViewManager"", ""method"": ""setOpacity""}"
52247,reflection,Method.invoke,"{""class"": ""com.facebook.react.uimanager.BaseViewManager"", ""method"": ""setTransform""}"
52248,reflection,Method.invoke,"{""class"": ""com.facebook.react.uimanager.BaseViewManager"", ""method"": ""setOpacity""}"
52249,reflection,Method.invoke,"{""class"": ""com.facebook.react.uimanager.BaseViewManager"", ""method"": ""setOpacity""}"
52249,reflection,Method.invoke,"{""class"": ""com.facebook.react.uimanager.BaseViewManager"", ""method"": ""setTransform""}"
52250,reflection,Method.invoke,"{""class"": ""com.facebook.react.uimanager.BaseViewManager"", ""method"": ""setOpacity""}"
52497,reflection,Method.invoke,"{""class"": ""com.facebook.react.uimanager.BaseViewManager"", ""method"": ""setTransform""}"
52498,reflection,Method.invoke,"{""class"": ""com.facebook.react.uimanager.BaseViewManager"", ""method"": ""setOpacity""}"
52499,reflection,Method.invoke,"{""class"": ""com.facebook.react.uimanager.BaseViewManager"", ""method"": ""setTransform""}"
52500,reflection,Method.invoke,"{""class"": ""com.facebook.react.uimanager.BaseViewManager"", ""method"": ""setOpacity""}"
52501,reflection,Method.invoke,"{""class"": ""com.facebook.react.uimanager.BaseViewManager"", ""method"": ""setOpacity""}"
52763,reflection,Method.invoke,"{""class"": ""com.facebook.react.uimanager.BaseViewManager"", ""method"": ""setTransform""}"
52764,reflection,Method.invoke,"{""class"": ""com.facebook.react.uimanager.BaseViewManager"", ""method"": ""setOpacity""}"
52764,reflection,Method.invoke,"{""class"": ""com.facebook.react.uimanager.BaseViewManager"", ""method"": ""setOpacity""}"
52766,reflection,Method.invoke,"{""class"": ""com.facebook.react.uimanager.BaseViewManager"", ""method"": ""setTransform""}"
52778,reflection,Method.invoke,"{""class"": ""com.facebook.react.uimanager.BaseViewManager"", ""method"": ""setOpacity""}"
53028,reflection,Method.invoke,"{""class"": ""com.facebook.react.uimanager.BaseViewManager"", ""method"": ""setTransform""}"
53029,reflection,Method.invoke,"{""class"": ""com.facebook.react.uimanager.BaseViewManager"", ""method"": ""setOpacity""}"
53030,reflection,Method.invoke,"{""class"": ""com.facebook.react.uimanager.BaseViewManager"", ""method"": ""setTransform""}"
53031,reflection,Method.invoke,"{""class"": ""com.facebook.react.uimanager.BaseViewManager"", ""method"": ""setOpacity""}"
53034,reflection,Method.invoke,"{""class"": ""com.facebook.react.uimanager.BaseViewManager"", ""method"": ""setOpacity""}"
53295,reflection,Method.invoke,"{""class"": ""com.facebook.react.uimanager.BaseViewManager"", ""method"": ""setTransform""}"
53295,reflection,Method.invoke,"{""class"": ""com.facebook.react.uimanager.BaseViewManager"", ""method"": ""setOpacity""}"
53296,reflection,Method.invoke,"{""class"": ""com.facebook.react.uimanager.BaseViewManager"", ""method"": ""setOpacity""}"
53297,reflection,Method.invoke,"{""class"": ""com.facebook.react.uimanager.BaseViewManager"", ""method"": ""setTransform""}"
53299,reflection,Method.invoke,"{""class"": ""com.facebook.react.uimanager.BaseViewManager"", ""method"": ""setOpacity""}"
53546,reflection,Method.invoke,"{""class"": ""com.facebook.react.views.text.ReactTextAnchorViewManager"", ""method"": ""setAccessible$ReactAndroid_release""}"
53547,reflection,Method.invoke,"{""class"": ""com.facebook.react.views.text.ReactTextAnchorViewManager"", ""method"": ""setEllipsizeMode$ReactAndroid_release""}"
53549,reflection,Method.invoke,"{""class"": ""com.facebook.react.views.text.ReactTextAnchorViewManager"", ""method"": ""setFontSize$ReactAndroid_release""}"
53562,reflection,Method.invoke,"{""class"": ""com.facebook.react.uimanager.BaseViewManager"", ""method"": ""setTransform""}"
53563,reflection,Method.invoke,"{""class"": ""com.facebook.react.uimanager.BaseViewManager"", ""method"": ""setOpacity""}"
53565,reflection,Method.invoke,"{""class"": ""com.facebook.react.uimanager.BaseViewManager"", ""method"": ""setTransform""}"
53566,reflection,Method.invoke,"{""class"": ""com.facebook.react.uimanager.BaseViewManager"", ""method"": ""setOpacity""}"
53579,reflection,Method.invoke,"{""class"": ""com.facebook.react.uimanager.BaseViewManager"", ""method"": ""setOpacity""}"
54828,reflection,Method.invoke,"{""class"": ""com.facebook.react.uimanager.BaseViewManager"", ""method"": ""setOpacity""}"
54845,reflection,Method.invoke,"{""class"": ""com.facebook.react.views.view.ReactViewManager"", ""method"": ""setPointerEvents""}"
54845,reflection,Method.invoke,"{""class"": ""com.facebook.react.uimanager.BaseViewManager"", ""method"": ""setImportantForAccessibility""}"
54846,reflection,Method.invoke,"{""class"": ""com.facebook.react.uimanager.BaseViewManager"", ""method"": ""setTransform""}"
54848,reflection,Method.invoke,"{""class"": ""com.facebook.react.uimanager.BaseViewManager"", ""method"": ""setOpacity""}"
54848,reflection,Method.invoke,"{""class"": ""com.facebook.react.uimanager.BaseViewManager"", ""method"": ""setOpacity""}"
54849,reflection,Method.invoke,"{""class"": ""com.facebook.react.uimanager.BaseViewManager"", ""method"": ""setTransform""}"
54849,reflection,Method.invoke,"{""class"": ""com.facebook.react.uimanager.BaseViewManager"", ""method"": ""setImportantForAccessibility""}"
54851,reflection,Method.invoke,"{""class"": ""com.facebook.react.uimanager.BaseViewManager"", ""method"": ""setOpacity""}"
54852,reflection,Method.invoke,"{""class"": ""com.facebook.react.uimanager.BaseViewManager"", ""method"": ""setTransform""}"
54853,reflection,Method.invoke,"{""class"": ""com.facebook.react.uimanager.BaseViewManager"", ""method"": ""setImportantForAccessibility""}"
54854,reflection,Method.invoke,"{""class"": ""com.facebook.react.uimanager.BaseViewManager"", ""method"": ""setOpacity""}"
54855,reflection,Method.invoke,"{""class"": ""com.facebook.react.uimanager.BaseViewManager"", ""method"": ""setTransform""}"
54856,reflection,Method.invoke,"{""class"": ""com.facebook.react.uimanager.BaseViewManager"", ""method"": ""setTransform""}"
54857,reflection,Method.invoke,"{""class"": ""com.facebook.react.uimanager.BaseViewManager"", ""method"": ""setOpacity""}"
54858,reflection,Method.invoke,"{""class"": ""com.facebook.react.views.view.ReactViewManager"", ""method"": ""setPointerEvents""}"
54859,reflection,Method.invoke,"{""class"": ""com.facebook.react.uimanager.BaseViewManager"", ""method"": ""setOpacity""}"
54867,reflection,Method.invoke,"{""class"": ""com.facebook.react.uimanager.BaseViewManager"", ""method"": ""setOpacity""}"
54878,reflection,Method.invoke,"{""class"": ""com.facebook.react.uimanager.BaseViewManager"", ""method"": ""setOpacity""}"
54894,reflection,Method.invoke,"{""class"": ""com.facebook.react.uimanager.BaseViewManager"", ""method"": ""setOpacity""}"
54911,reflection,Method.invoke,"{""class"": ""com.facebook.react.uimanager.BaseViewManager"", ""method"": ""setOpacity""}"
54912,reflection,Method.invoke,"{""class"": ""com.facebook.react.uimanager.BaseViewManager"", ""method"": ""setOpacity""}"
54913,reflection,Method.invoke,"{""class"": ""com.facebook.react.uimanager.BaseViewManager"", ""method"": ""setOpacity""}"
54915,reflection,Method.invoke,"{""class"": ""com.facebook.react.uimanager.BaseViewManager"", ""method"": ""setOpacity""}"
54916,reflection,Method.invoke,"{""class"": ""com.facebook.react.uimanager.BaseViewManager"", ""method"": ""setOpacity""}"
54917,reflection,Method.invoke,"{""class"": ""com.facebook.react.uimanager.BaseViewManager"", ""method"": ""setOpacity""}"
54918,reflection,Method.invoke,"{""class"": ""com.facebook.react.uimanager.BaseViewManager"", ""method"": ""setOpacity""}"
54919,reflection,Method.invoke,"{""class"": ""com.facebook.react.uimanager.BaseViewManager"", ""method"": ""setOpacity""}"
54920,reflection,Method.invoke,"{""class"": ""com.facebook.react.uimanager.BaseViewManager"", ""method"": ""setOpacity""}"
54920,reflection,Method.invoke,"{""class"": ""com.facebook.react.uimanager.BaseViewManager"", ""method"": ""setOpacity""}"
54922,reflection,Method.invoke,"{""class"": ""com.facebook.react.uimanager.BaseViewManager"", ""method"": ""setTransform""}"
54923,reflection,Method.invoke,"{""class"": ""com.facebook.react.uimanager.BaseViewManager"", ""method"": ""setOpacity""}"
54924,reflection,Method.invoke,"{""class"": ""com.facebook.react.uimanager.BaseViewManager"", ""method"": ""setTransform""}"
54925,reflection,Method.invoke,"{""class"": ""com.facebook.react.uimanager.BaseViewManager"", ""method"": ""setOpacity""}"
54926,reflection,Method.invoke,"{""class"": ""com.facebook.react.uimanager.BaseViewManager"", ""method"": ""setTransform""}"
54927,reflection,Method.invoke,"{""class"": ""com.facebook.react.uimanager.BaseViewManager"", ""method"": ""setOpacity""}"
54928,reflection,Method.invoke,"{""class"": ""com.facebook.react.uimanager.BaseViewManager"", ""method"": ""setTransform""}"
54929,reflection,Method.invoke,"{""class"": ""com.facebook.react.uimanager.BaseViewManager"", ""method"": ""setOpacity""}"
54933,reflection,Method.invoke,"{""class"": ""com.facebook.react.uimanager.BaseViewManager"", ""method"": ""setOpacity""}"
54933,reflection,Method.invoke,"{""class"": ""com.facebook.react.uimanager.BaseViewManager"", ""method"": ""setOpacity""}"
54934,reflection,Method.invoke,"{""class"": ""com.facebook.react.uimanager.BaseViewManager"", ""method"": ""setOpacity""}"
54945,reflection,Method.invoke,"{""class"": ""com.facebook.react.uimanager.BaseViewManager"", ""method"": ""setOpacity""}"
54946,reflection,Method.invoke,"{""class"": ""com.facebook.react.uimanager.BaseViewManager"", ""method"": ""setOpacity""}"
54950,reflection,Method.invoke,"{""class"": ""com.facebook.react.uimanager.BaseViewManager"", ""method"": ""setOpacity""}"
54951,reflection,Method.invoke,"{""class"": ""com.facebook.react.uimanager.BaseViewManager"", ""method"": ""setTransform""}"
54953,reflection,Method.invoke,"{""class"": ""com.facebook.react.uimanager.BaseViewManager"", ""method"": ""setOpacity""}"
54956,reflection,Method.invoke,"{""class"": ""com.facebook.react.uimanager.BaseViewManager"", ""method"": ""setTransform""}"
54957,reflection,Method.invoke,"{""class"": ""com.facebook.react.uimanager.BaseViewManager"", ""method"": ""setOpacity""}"
54959,reflection,Method.invoke,"{""class"": ""android.view.View"", ""method"": ""getViewRootImpl""}"
54960,reflection,Method.invoke,"{""class"": ""android.view.View"", ""method"": ""getViewRootImpl""}"
54972,reflection,Method.invoke,"{""class"": ""com.facebook.react.uimanager.BaseViewManager"", ""method"": ""setOpacity""}"
54972,reflection,Method.invoke,"{""class"": ""com.facebook.react.uimanager.BaseViewManager"", ""method"": ""setOpacity""}"
54973,reflection,Method.invoke,"{""class"": ""com.facebook.react.uimanager.BaseViewManager"", ""method"": ""setOpacity""}"
54975,reflection,Method.invoke,"{""class"": ""com.facebook.react.uimanager.BaseViewManager"", ""method"": ""setOpacity""}"
54976,reflection,Method.invoke,"{""class"": ""com.facebook.react.uimanager.BaseViewManager"", ""method"": ""setOpacity""}"
54977,reflection,Method.invoke,"{""class"": ""com.facebook.react.uimanager.BaseViewManager"", ""method"": ""setOpacity""}"
54978,reflection,Method.invoke,"{""class"": ""com.facebook.react.uimanager.BaseViewManager"", ""method"": ""setTransform""}"
54979,reflection,Method.invoke,"{""class"": ""com.facebook.react.uimanager.BaseViewManager"", ""method"": ""setOpacity""}"
54980,reflection,Method.invoke,"{""class"": ""com.facebook.react.uimanager.BaseViewManager"", ""method"": ""setTransform""}"
54981,reflection,Method.invoke,"{""class"": ""com.facebook.react.uimanager.BaseViewManager"", ""method"": ""setOpacity""}"
55008,reflection,Method.invoke,"{""class"": ""com.facebook.react.uimanager.BaseViewManager"", ""method"": ""setOpacity""}"
55009,reflection,Method.invoke,"{""class"": ""com.facebook.react.uimanager.BaseViewManager"", ""method"": ""setOpacity""}"
55009,reflection,Method.invoke,"{""class"": ""com.facebook.react.uimanager.BaseViewManager"", ""method"": ""setOpacity""}"
55010,reflection,Method.invoke,"{""class"": ""com.facebook.react.uimanager.BaseViewManager"", ""method"": ""setOpacity""}"
55011,reflection,Method.invoke,"{""class"": ""com.facebook.react.uimanager.BaseViewManager"", ""method"": ""setOpacity""}"
55012,reflection,Method.invoke,"{""class"": ""com.facebook.react.uimanager.BaseViewManager"", ""method"": ""setOpacity""}"
55012,reflection,Method.invoke,"{""class"": ""com.facebook.react.uimanager.BaseViewManager"", ""method"": ""setTransform""}"
55013,reflection,Method.invoke,"{""class"": ""com.facebook.react.uimanager.BaseViewManager"", ""method"": ""setOpacity""}"
55014,reflection,Method.invoke,"{""class"": ""com.facebook.react.uimanager.BaseViewManager"", ""method"": ""setTransform""}"
55015,reflection,Method.invoke,"{""class"": ""com.facebook.react.uimanager.BaseViewManager"", ""method"": ""setOpacity""}"
55035,reflection,Method.invoke,"{""class"": ""com.facebook.react.uimanager.BaseViewManager"", ""method"": ""setOpacity""}"
55036,reflection,Method.invoke,"{""class"": ""com.facebook.react.uimanager.BaseViewManager"", ""method"": ""setOpacity""}"
55037,reflection,Method.invoke,"{""class"": ""com.facebook.react.uimanager.BaseViewManager"", ""method"": ""setOpacity""}"
55039,reflection,Method.invoke,"{""class"": ""com.facebook.react.uimanager.BaseViewManager"", ""method"": ""setOpacity""}"
55039,reflection,Method.invoke,"{""class"": ""com.facebook.react.uimanager.BaseViewManager"", ""method"": ""setOpacity""}"
55040,reflection,Method.invoke,"{""class"": ""com.facebook.react.uimanager.BaseViewManager"", ""method"": ""setOpacity""}"
55042,reflection,Method.invoke,"{""class"": ""com.facebook.react.uimanager.BaseViewManager"", ""method"": ""setTransform""}"
55043,reflection,Method.invoke,"{""class"": ""com.facebook.react.uimanager.BaseViewManager"", ""method"": ""setOpacity""}"
55044,reflection,Method.invoke,"{""class"": ""com.facebook.react.uimanager.BaseViewManager"", ""method"": ""setTransform""}"
55045,reflection,Method.invoke,"{""class"": ""com.facebook.react.uimanager.BaseViewManager"", ""method"": ""setOpacity""}"
55056,reflection,Method.invoke,"{""class"": ""com.facebook.react.uimanager.BaseViewManager"", ""method"": ""setOpacity""}"
55056,reflection,Method.invoke,"{""class"": ""com.facebook.react.uimanager.BaseViewManager"", ""method"": ""setOpacity""}"
55057,reflection,Method.invoke,"{""class"": ""com.facebook.react.uimanager.BaseViewManager"", ""method"": ""setOpacity""}"
55058,reflection,Method.invoke,"{""class"": ""com.facebook.react.uimanager.BaseViewManager"", ""method"": ""setTransform""}"
55058,reflection,Method.invoke,"{""class"": ""com.facebook.react.uimanager.BaseViewManager"", ""method"": ""setOpacity""}"
55072,reflection,Method.invoke,"{""class"": ""com.facebook.react.uimanager.BaseViewManager"", ""method"": ""setOpacity""}"
55073,reflection,Method.invoke,"{""class"": ""com.facebook.react.uimanager.BaseViewManager"", ""method"": ""setOpacity""}"
55073,reflection,Method.invoke,"{""class"": ""com.facebook.react.uimanager.BaseViewManager"", ""method"": ""setOpacity""}"
55075,reflection,Method.invoke,"{""class"": ""com.facebook.react.uimanager.BaseViewManager"", ""method"": ""setTransform""}"
55075,reflection,Method.invoke,"{""class"": ""com.facebook.react.uimanager.BaseViewManager"", ""method"": ""setOpacity""}"
55088,reflection,Method.invoke,"{""class"": ""com.facebook.react.uimanager.BaseViewManager"", ""method"": ""setOpacity""}"
55089,reflection,Method.invoke,"{""class"": ""com.facebook.react.uimanager.BaseViewManager"", ""method"": ""setOpacity""}"
55089,reflection,Method.invoke,"{""class"": ""com.facebook.react.uimanager.BaseViewManager"", ""method"": ""setOpacity""}"
55090,reflection,Method.invoke,"{""class"": ""com.facebook.react.uimanager.BaseViewManager"", ""method"": ""setTransform""}"
55091,reflection,Method.invoke,"{""class"": ""com.facebook.react.uimanager.BaseViewManager"", ""method"": ""setOpacity""}"
55104,reflection,Method.invoke,"{""class"": ""com.facebook.react.uimanager.BaseViewManager"", ""method"": ""setOpacity""}"
55105,reflection,Method.invoke,"{""class"": ""com.facebook.react.uimanager.BaseViewManager"", ""method"": ""setOpacity""}"
55105,reflection,Method.invoke,"{""class"": ""com.facebook.react.uimanager.BaseViewManager"", ""method"": ""setTransform""}"
55106,reflection,Method.invoke,"{""class"": ""com.facebook.react.uimanager.BaseViewManager"", ""method"": ""setOpacity""}"
55119,reflection,Method.invoke,"{""class"": ""com.facebook.react.uimanager.BaseViewManager"", ""method"": ""setOpacity""}"
55120,reflection,Method.invoke,"{""class"": ""com.facebook.react.uimanager.BaseViewManager"", ""method"": ""setOpacity""}"
55122,reflection,Method.invoke,"{""class"": ""com.facebook.react.uimanager.BaseViewManager"", ""method"": ""setTransform""}"
55122,reflection,Method.invoke,"{""class"": ""com.facebook.react.uimanager.BaseViewManager"", ""method"": ""setOpacity""}"
55145,reflection,Method.invoke,"{""class"": ""com.facebook.react.uimanager.BaseViewManager"", ""method"": ""setOpacity""}"
55169,reflection,Method.invoke,"{""class"": ""com.facebook.react.uimanager.BaseViewManager"", ""method"": ""setTransform""}"
55169,reflection,Method.invoke,"{""class"": ""com.facebook.react.uimanager.BaseViewManager"", ""method"": ""setOpacity""}"
55172,reflection,Method.invoke,"{""class"": ""com.facebook.react.views.view.ReactViewManager"", ""method"": ""setOverflow""}"
55172,reflection,Method.invoke,"{""class"": ""com.facebook.react.uimanager.BaseViewManager"", ""method"": ""setTransform""}"
55173,reflection,Method.invoke,"{""class"": ""com.facebook.react.uimanager.BaseViewManager"", ""method"": ""setOpacity""}"
55179,reflection,Method.invoke,"{""class"": ""com.facebook.react.uimanager.BaseViewManager"", ""method"": ""setOpacity""}"
55180,reflection,Method.invoke,"{""class"": ""com.facebook.react.uimanager.BaseViewManager"", ""method"": ""setOpacity""}"
55181,reflection,Method.invoke,"{""class"": ""com.facebook.react.uimanager.BaseViewManager"", ""method"": ""setTransform""}"
55183,reflection,Method.invoke,"{""class"": ""com.facebook.react.uimanager.BaseViewManager"", ""method"": ""setOpacity""}"
55217,reflection,Method.invoke,"{""class"": ""android.view.View"", ""method"": ""getViewRootImpl""}"
55217,reflection,Method.invoke,"{""class"": ""android.view.View"", ""method"": ""getViewRootImpl""}"
55221,reflection,Method.invoke,"{""class"": ""android.view.View"", ""method"": ""getViewRootImpl""}"
55228,reflection,Method.invoke,"{""class"": ""android.view.View"", ""method"": ""getViewRootImpl""}"
58022,reflection,Method.invoke,"{""class"": ""android.os.SystemProperties"", ""method"": ""get""}"
58035,reflection,Method.invoke,"{""class"": ""com.facebook.react.uimanager.BaseViewManager"", ""method"": ""setOpacity""}"
58039,reflection,Method.invoke,"{""class"": ""android.os.SystemProperties"", ""method"": ""get""}"
58052,reflection,Method.invoke,"{""class"": ""com.facebook.react.views.view.ReactViewManager"", ""method"": ""setCollapsable""}"
58064,reflection,Method.invoke,"{""class"": ""java.util.Locale"", ""method"": ""getDefault""}"
58069,reflection,Method.invoke,"{""class"": ""com.facebook.react.views.view.ReactViewManager"", ""method"": ""setPointerEvents""}"
58080,reflection,Method.invoke,"{""class"": ""com.facebook.react.uimanager.BaseViewManager"", ""method"": ""setBackgroundColor""}"
58094,reflection,Method.invoke,"{""class"": ""com.facebook.react.views.view.ReactViewManager"", ""method"": ""setCollapsable""}"
58099,reflection,Method.invoke,"{""class"": ""android.os.SystemProperties"", ""method"": ""get""}"
58115,reflection,Method.invoke,"{""class"": ""com.facebook.react.uimanager.BaseViewManager"", ""method"": ""setOpacity""}"
58117,reflection,Method.invoke,"{""class"": ""android.os.SystemProperties"", ""method"": ""get""}"
58119,reflection,Method.invoke,"{""class"": ""com.facebook.react.views.view.ReactViewManager"", ""method"": ""setBorderColor""}"
58121,reflection,Method.invoke,"{""class"": ""com.facebook.react.uimanager.BaseViewManager"", ""method"": ""setElevation""}"
58123,reflection,Method.invoke,"{""class"": ""com.facebook.react.uimanager.BaseViewManager"", ""method"": ""setBackgroundColor""}"
58124,reflection,Method.invoke,"{""class"": ""com.facebook.react.views.view.ReactViewManager"", ""method"": ""setPointerEvents""}"
58126,reflection,Method.invoke,"{""class"": ""com.facebook.react.views.view.ReactViewManager"", ""method"": ""setCollapsable""}"
58133,reflection,Method.invoke,"{""class"": ""com.facebook.react.views.view.ReactViewManager"", ""method"": ""setPointerEvents""}"
58134,reflection,Method.invoke,"{""class"": ""com.facebook.react.views.view.ReactViewManager"", ""method"": ""setCollapsable""}"
58135,reflection,Method.invoke,"{""class"": ""com.facebook.react.views.view.ReactViewManager"", ""method"": ""setPointerEvents""}"
58137,reflection,Method.invoke,"{""class"": ""com.facebook.react.views.view.ReactViewManager"", ""method"": ""setPointerEvents""}"
58138,reflection,Method.invoke,"{""class"": ""com.facebook.react.views.view.ReactViewManager"", ""method"": ""setCollapsable""}"
58139,reflection,Method.invoke,"{""class"": ""com.facebook.react.uimanager.BaseViewManager"", ""method"": ""setRole""}"
58140,reflection,Method.invoke,"{""class"": ""com.facebook.react.views.text.ReactTextAnchorViewManager"", ""method"": ""setNumberOfLines$ReactAndroid_release""}"
58141,reflection,Method.invoke,"{""class"": ""com.facebook.react.views.text.ReactTextAnchorViewManager"", ""method"": ""setAccessible$ReactAndroid_release""}"
58141,reflection,Method.invoke,"{""class"": ""com.facebook.react.views.text.ReactTextAnchorViewManager"", ""method"": ""setEllipsizeMode$ReactAndroid_release""}"
58144,reflection,Method.invoke,"{""class"": ""com.facebook.react.views.text.ReactTextAnchorViewManager"", ""method"": ""setFontSize$ReactAndroid_release""}"
58145,reflection,Method.invoke,"{""class"": ""com.facebook.react.views.view.ReactViewManager"", ""method"": ""setPointerEvents""}"
58146,reflection,Method.invoke,"{""class"": ""com.facebook.react.views.view.ReactViewManager"", ""method"": ""setCollapsable""}"
58147,reflection,Method.invoke,"{""class"": ""com.facebook.react.uimanager.BaseViewManager"", ""method"": ""setBackgroundColor""}"
58148,reflection,Method.invoke,"{""class"": ""com.facebook.react.views.view.ReactViewManager"", ""method"": ""setBorderRadius""}"
58148,reflection,Method.invoke,"{""class"": ""com.facebook.react.views.view.ReactViewManager"", ""method"": ""setHitSlop""}"
58149,reflection,Method.invoke,"{""class"": ""com.facebook.react.uimanager.BaseViewManager"", ""method"": ""setResponderMove""}"
58150,reflection,Method.invoke,"{""class"": ""com.facebook.react.views.view.ReactViewManager"", ""method"": ""setAccessible""}"
58151,reflection,Method.invoke,"{""class"": ""com.facebook.react.uimanager.BaseViewManager"", ""method"": ""setOpacity""}"
58152,reflection,Method.invoke,"{""class"": ""com.facebook.react.uimanager.BaseViewManager"", ""method"": ""setResponderGrant""}"
58153,reflection,Method.invoke,"{""class"": ""com.facebook.react.uimanager.BaseViewManager"", ""method"": ""setStartShouldSetResponder""}"
58154,reflection,Method.invoke,"{""class"": ""com.facebook.react.uimanager.BaseViewManager"", ""method"": ""setResponderTerminationRequest""}"
58155,reflection,Method.invoke,"{""class"": ""com.facebook.react.uimanager.BaseViewManager"", ""method"": ""setResponderRelease""}"
58157,reflection,Method.invoke,"{""class"": ""com.facebook.react.uimanager.BaseViewManager"", ""method"": ""setResponderTerminate""}"
58158,reflection,Method.invoke,"{""class"": ""com.facebook.react.views.view.ReactViewManager"", ""method"": ""setFocusable""}"
58159,reflection,Method.invoke,"{""class"": ""com.facebook.react.uimanager.BaseViewManager"", ""method"": ""setClick""}"
58160,reflection,Method.invoke,"{""class"": ""com.facebook.react.views.view.ReactViewManager"", ""method"": ""setCollapsable""}"
58161,reflection,Method.invoke,"{""class"": ""com.facebook.react.uimanager.BaseViewManager"", ""method"": ""setAccessibilityValue""}"
58162,reflection,Method.invoke,"{""class"": ""com.facebook.react.uimanager.BaseViewManager"", ""method"": ""setViewState""}"
58163,reflection,Method.invoke,"{""class"": ""com.facebook.react.views.view.ReactViewManager"", ""method"": ""setPointerEvents""}"
58164,reflection,Method.invoke,"{""class"": ""com.facebook.react.views.view.ReactViewManager"", ""method"": ""setCollapsable""}"
58166,reflection,Method.invoke,"{""class"": ""com.facebook.react.views.view.ReactViewManager"", ""method"": ""setPointerEvents""}"
58166,reflection,Method.invoke,"{""class"": ""com.facebook.react.views.view.ReactViewManager"", ""method"": ""setCollapsable""}"
58167,reflection,Method.invoke,"{""class"": ""com.facebook.react.views.view.ReactViewManager"", ""method"": ""setPointerEvents""}"
58169,reflection,Method.invoke,"{""class"": ""com.facebook.react.uimanager.BaseViewManager"", ""method"": ""setZIndex""}"
58170,reflection,Method.invoke,"{""class"": ""com.facebook.react.views.view.ReactViewManager"", ""method"": ""setCollapsable""}"
58172,reflection,Method.invoke,"{""class"": ""com.facebook.react.views.text.ReactTextAnchorViewManager"", ""method"": ""setAccessible$ReactAndroid_release""}"
58173,reflection,Method.invoke,"{""class"": ""com.facebook.react.views.text.ReactTextAnchorViewManager"", ""method"": ""setEllipsizeMode$ReactAndroid_release""}"
58174,reflection,Method.invoke,"{""class"": ""com.facebook.react.views.text.ReactTextAnchorViewManager"", ""method"": ""setFontSize$ReactAndroid_release""}"
58175,reflection,Method.invoke,"{""class"": ""com.facebook.react.views.text.ReactTextAnchorViewManager"", ""method"": ""setAccessible$ReactAndroid_release""}"
58178,reflection,Method.invoke,"{""class"": ""com.facebook.react.views.text.ReactTextAnchorViewManager"", ""method"": ""setEllipsizeMode$ReactAndroid_release""}"
58180,reflection,Method.invoke,"{""class"": ""com.facebook.react.uimanager.BaseViewManager"", ""method"": ""setBackgroundColor""}"
58180,reflection,Method.invoke,"{""class"": ""com.facebook.react.views.view.ReactViewManager"", ""method"": ""setBorderRadius""}"
58182,reflection,Method.invoke,"{""class"": ""com.facebook.react.uimanager.BaseViewManager"", ""method"": ""setElevation""}"
58186,reflection,Method.invoke,"{""class"": ""com.facebook.react.uimanager.BaseViewManager"", ""method"": ""setOpacity""}"
58187,reflection,Method.invoke,"{""class"": ""java.util.Locale"", ""method"": ""getDefault""}"
58195,reflection,Method.invoke,"{""class"": ""com.facebook.react.views.text.ReactTextAnchorViewManager"", ""method"": ""setAccessible$ReactAndroid_release""}"
58195,reflection,Method.invoke,"{""class"": ""com.facebook.react.views.text.ReactTextAnchorViewManager"", ""method"": ""setFontSize$ReactAndroid_release""}"
58195,reflection,Method.invoke,"{""class"": ""com.facebook.react.views.text.ReactTextAnchorViewManager"", ""method"": ""setEllipsizeMode$ReactAndroid_release""}"
58196,reflection,Method.invoke,"{""class"": ""com.facebook.react.views.view.ReactViewManager"", ""method"": ""setBorderRadius""}"
58197,reflection,Method.invoke,"{""class"": ""com.facebook.react.views.view.ReactViewManager"", ""method"": ""setBorderRadius""}"
58197,reflection,Method.invoke,"{""class"": ""com.facebook.react.uimanager.BaseViewManager"", ""method"": ""setBackgroundColor""}"
58197,reflection,Method.invoke,"{""class"": ""com.facebook.react.views.view.ReactViewManager"", ""method"": ""setCollapsable""}"
58198,reflection,Method.invoke,"{""class"": ""com.facebook.react.uimanager.BaseViewManager"", ""method"": ""setAccessibilityValue""}"
58199,reflection,Method.invoke,"{""class"": ""com.facebook.react.uimanager.BaseViewManager"", ""method"": ""setResponderRelease""}"
58199,reflection,Method.invoke,"{""class"": ""com.facebook.react.views.view.ReactViewManager"", ""method"": ""setAccessible""}"
58200,reflection,Method.invoke,"{""class"": ""com.facebook.react.uimanager.BaseViewManager"", ""method"": ""setOpacity""}"
58200,reflection,Method.invoke,"{""class"": ""com.facebook.react.views.view.ReactViewManager"", ""method"": ""setHitSlop""}"
58201,reflection,Method.invoke,"{""class"": ""com.facebook.react.uimanager.BaseViewManager"", ""method"": ""setResponderMove""}"
58201,reflection,Method.invoke,"{""class"": ""com.facebook.react.uimanager.BaseViewManager"", ""method"": ""setResponderGrant""}"
58202,reflection,Method.invoke,"{""class"": ""com.facebook.react.uimanager.BaseViewManager"", ""method"": ""setStartShouldSetResponder""}"
58203,reflection,Method.invoke,"{""class"": ""com.facebook.react.uimanager.BaseViewManager"", ""method"": ""setResponderTerminate""}"
58204,reflection,Method.invoke,"{""class"": ""com.facebook.react.views.view.ReactViewManager"", ""method"": ""setFocusable""}"
58205,reflection,Method.invoke,"{""class"": ""com.facebook.react.uimanager.BaseViewManager"", ""method"": ""setResponderTerminationRequest""}"
58206,reflection,Method.invoke,"{""class"": ""com.facebook.react.uimanager.BaseViewManager"", ""method"": ""setClick""}"
58206,reflection,Method.invoke,"{""class"": ""com.facebook.react.uimanager.BaseViewManager"", ""method"": ""setViewState""}"
58207,reflection,Method.invoke,"{""class"": ""com.facebook.react.uimanager.BaseViewManager"", ""method"": ""setOpacity""}"
58211,reflection,Method.invoke,"{""class"": ""com.facebook.react.views.text.ReactTextAnchorViewManager"", ""method"": ""setAccessible$ReactAndroid_release""}"
58212,reflection,Method.invoke,"{""class"": ""com.facebook.react.views.text.ReactTextAnchorViewManager"", ""method"": ""setEllipsizeMode$ReactAndroid_release""}"
58213,reflection,Method.invoke,"{""class"": ""com.facebook.react.views.text.ReactTextAnchorViewManager"", ""method"": ""setFontSize$ReactAndroid_release""}"
58218,reflection,Method.invoke,"{""class"": ""com.facebook.react.views.view.ReactViewManager"", ""method"": ""setCollapsable""}"
58219,reflection,Method.invoke,"{""class"": ""com.facebook.react.uimanager.BaseViewManager"", ""method"": ""setAccessibilityValue""}"
58220,reflection,Method.invoke,"{""class"": ""com.facebook.react.uimanager.BaseViewManager"", ""method"": ""setResponderRelease""}"
58221,reflection,Method.invoke,"{""class"": ""com.facebook.react.views.view.ReactViewManager"", ""method"": ""setAccessible""}"
58228,reflection,Method.invoke,"{""class"": ""com.facebook.react.uimanager.BaseViewManager"", ""method"": ""setOpacity""}"
58229,reflection,Method.invoke,"{""class"": ""com.facebook.react.views.view.ReactViewManager"", ""method"": ""setHitSlop""}"
58231,reflection,Method.invoke,"{""class"": ""com.facebook.react.uimanager.BaseViewManager"", ""method"": ""setResponderMove""}"
58232,reflection,Method.invoke,"{""class"": ""com.facebook.react.uimanager.BaseViewManager"", ""method"": ""setResponderGrant""}"
58232,reflection,Method.invoke,"{""class"": ""com.facebook.react.uimanager.BaseViewManager"", ""method"": ""setStartShouldSetResponder""}"
58233,reflection,Method.invoke,"{""class"": ""com.facebook.react.uimanager.BaseViewManager"", ""method"": ""setResponderTerminate""}"
58234,reflection,Method.invoke,"{""class"": ""com.facebook.react.views.view.ReactViewManager"", ""method"": ""setFocusable""}"
58235,reflection,Method.invoke,"{""class"": ""com.facebook.react.uimanager.BaseViewManager"", ""method"": ""setResponderTerminationRequest""}"
58236,reflection,Method.invoke,"{""class"": ""com.facebook.react.uimanager.BaseViewManager"", ""method"": ""setClick""}"
58237,reflection,Method.invoke,"{""class"": ""com.facebook.react.uimanager.BaseViewManager"", ""method"": ""setViewState""}"
58238,reflection,Method.invoke,"{""class"": ""com.facebook.react.uimanager.BaseViewManager"", ""method"": ""setOpacity""}"
58241,reflection,Method.invoke,"{""class"": ""java.util.Locale"", ""method"": ""getDefault""}"
58244,reflection,Method.invoke,"{""class"": ""com.facebook.react.uimanager.BaseViewManager"", ""method"": ""setBackgroundColor""}"
58245,reflection,Method.invoke,"{""class"": ""com.facebook.react.views.view.ReactViewManager"", ""method"": ""setBorderRadius""}"
58245,reflection,Method.invoke,"{""class"": ""com.facebook.react.views.view.ReactViewManager"", ""method"": ""setBorderRadius""}"
58246,reflection,Method.invoke,"{""class"": ""com.facebook.react.views.text.ReactTextAnchorViewManager"", ""method"": ""setAccessible$ReactAndroid_release""}"
58247,reflection,Method.invoke,"{""class"": ""com.facebook.react.views.text.ReactTextAnchorViewManager"", ""method"": ""setFontSize$ReactAndroid_release""}"
58248,reflection,Method.invoke,"{""class"": ""com.facebook.react.views.text.ReactTextAnchorViewManager"", ""method"": ""setEllipsizeMode$ReactAndroid_release""}"
58249,reflection,Method.invoke,"{""class"": ""com.facebook.react.views.view.ReactViewManager"", ""method"": ""setBorderRadius""}"
58250,reflection,Method.invoke,"{""class"": ""com.facebook.react.views.view.ReactViewManager"", ""method"": ""setBorderRadius""}"
58251,reflection,Method.invoke,"{""class"": ""com.facebook.react.uimanager.BaseViewManager"", ""method"": ""setBackgroundColor""}"
58252,reflection,Method.invoke,"{""class"": ""com.facebook.react.views.view.ReactViewManager"", ""method"": ""setCollapsable""}"
58253,reflection,Method.invoke,"{""class"": ""com.facebook.react.uimanager.BaseViewManager"", ""method"": ""setAccessibilityValue""}"
58253,reflection,Method.invoke,"{""class"": ""com.facebook.react.uimanager.BaseViewManager"", ""method"": ""setResponderRelease""}"
58254,reflection,Method.invoke,"{""class"": ""com.facebook.react.views.view.ReactViewManager"", ""method"": ""setAccessible""}"
58261,reflection,Method.invoke,"{""class"": ""com.facebook.react.uimanager.BaseViewManager"", ""method"": ""setOpacity""}"
58268,reflection,Method.invoke,"{""class"": ""com.facebook.react.views.view.ReactViewManager"", ""method"": ""setHitSlop""}"
58275,reflection,Method.invoke,"{""class"": ""com.facebook.react.uimanager.BaseViewManager"", ""method"": ""setResponderMove""}"
58276,reflection,Method.invoke,"{""class"": ""com.facebook.react.uimanager.BaseViewManager"", ""method"": ""setResponderGrant""}"
58276,reflection,Method.invoke,"{""class"": ""com.facebook.react.uimanager.BaseViewManager"", ""method"": ""setStartShouldSetResponder""}"
58277,reflection,Method.invoke,"{""class"": ""com.facebook.react.uimanager.BaseViewManager"", ""method"": ""setResponderTerminate""}"
58277,reflection,Method.invoke,"{""class"": ""com.facebook.react.views.view.ReactViewManager"", ""method"": ""setFocusable""}"
58278,reflection,Method.invoke,"{""class"": ""com.facebook.react.uimanager.BaseViewManager"", ""method"": ""setResponderTerminationRequest""}"
58279,reflection,Method.invoke,"{""class"": ""com.facebook.react.uimanager.BaseViewManager"", ""method"": ""setClick""}"
58279,reflection,Method.invoke,"{""class"": ""com.facebook.react.uimanager.BaseViewManager"", ""method"": ""setViewState""}"
58280,reflection,Method.invoke,"{""class"": ""com.facebook.react.uimanager.BaseViewManager"", ""method"": ""setOpacity""}"
58294,reflection,Method.invoke,"{""class"": ""com.facebook.react.views.text.ReactTextAnchorViewManager"", ""method"": ""setAccessible$ReactAndroid_release""}"
58295,reflection,Method.invoke,"{""class"": ""com.facebook.react.views.text.ReactTextAnchorViewManager"", ""method"": ""setEllipsizeMode$ReactAndroid_release""}"
58296,reflection,Method.invoke,"{""class"": ""com.facebook.react.views.text.ReactTextAnchorViewManager"", ""method"": ""setFontSize$ReactAndroid_release""}"
58297,reflection,Method.invoke,"{""class"": ""com.facebook.react.views.view.ReactViewManager"", ""method"": ""setCollapsable""}"
58297,reflection,Method.invoke,"{""class"": ""com.facebook.react.uimanager.BaseViewManager"", ""method"": ""setAccessibilityValue""}"
58298,reflection,Method.invoke,"{""class"": ""com.facebook.react.uimanager.BaseViewManager"", ""method"": ""setResponderRelease""}"
58299,reflection,Method.invoke,"{""class"": ""com.facebook.react.views.view.ReactViewManager"", ""method"": ""setAccessible""}"
58300,reflection,Method.invoke,"{""class"": ""com.facebook.react.uimanager.BaseViewManager"", ""method"": ""setOpacity""}"
58300,reflection,Method.invoke,"{""class"": ""com.facebook.react.views.view.ReactViewManager"", ""method"": ""setHitSlop""}"
58301,reflection,Method.invoke,"{""class"": ""com.facebook.react.uimanager.BaseViewManager"", ""method"": ""setResponderMove""}"
58302,reflection,Method.invoke,"{""class"": ""com.facebook.react.uimanager.BaseViewManager"", ""method"": ""setResponderGrant""}"
58303,reflection,Method.invoke,"{""class"": ""com.facebook.react.uimanager.BaseViewManager"", ""method"": ""setStartShouldSetResponder""}"
58303,reflection,Method.invoke,"{""class"": ""com.facebook.react.uimanager.BaseViewManager"", ""method"": ""setResponderTerminate""}"
58304,reflection,Method.invoke,"{""class"": ""com.facebook.react.views.view.ReactViewManager"", ""method"": ""setFocusable""}"
58305,reflection,Method.invoke,"{""class"": ""com.facebook.react.uimanager.BaseViewManager"", ""method"": ""setResponderTerminationRequest""}"
58306,reflection,Method.invoke,"{""class"": ""com.facebook.react.uimanager.BaseViewManager"", ""method"": ""setClick""}"
58307,reflection,Method.invoke,"{""class"": ""com.facebook.react.uimanager.BaseViewManager"", ""method"": ""setViewState""}"
58307,reflection,Method.invoke,"{""class"": ""com.facebook.react.uimanager.BaseViewManager"", ""method"": ""setOpacity""}"
58311,reflection,Method.invoke,"{""class"": ""com.facebook.react.uimanager.BaseViewManager"", ""method"": ""setBackgroundColor""}"
58311,reflection,Method.invoke,"{""class"": ""com.facebook.react.views.view.ReactViewManager"", ""method"": ""setBorderRadius""}"
58312,reflection,Method.invoke,"{""class"": ""com.facebook.react.views.view.ReactViewManager"", ""method"": ""setBorderRadius""}"
58314,reflection,Method.invoke,"{""class"": ""com.facebook.react.views.textinput.ReactTextInputManager"", ""method"": ""setAllowFontScaling""}"
58314,reflection,Method.invoke,"{""class"": ""com.facebook.react.views.textinput.ReactTextInputManager"", ""method"": ""setFontSize""}"
58315,reflection,Method.invoke,"{""class"": ""com.facebook.react.views.textinput.ReactTextInputManager"", ""method"": ""setMultiline""}"
58316,reflection,Method.invoke,"{""class"": ""com.facebook.react.uimanager.BaseViewManager"", ""method"": ""setStartShouldSetResponder""}"
58316,reflection,Method.invoke,"{""class"": ""com.facebook.react.uimanager.BaseViewManager"", ""method"": ""setResponderGrant""}"
58317,reflection,Method.invoke,"{""class"": ""com.facebook.react.uimanager.BaseViewManager"", ""method"": ""setBackgroundColor""}"
58318,reflection,Method.invoke,"{""class"": ""com.facebook.react.views.textinput.ReactTextInputManager"", ""method"": ""setUnderlineColor""}"
58319,reflection,Method.invoke,"{""class"": ""com.facebook.react.views.textinput.ReactTextInputManager"", ""method"": ""setBorderRadius""}"
58319,reflection,Method.invoke,"{""class"": ""com.facebook.react.views.textinput.ReactTextInputManager"", ""method"": ""setOnSelectionChange""}"
58320,reflection,Method.invoke,"{""class"": ""com.facebook.react.views.textinput.ReactTextInputManager"", ""method"": ""setTextAlignVertical""}"
58321,reflection,Method.invoke,"{""class"": ""com.facebook.react.views.textinput.ReactTextInputManager"", ""method"": ""setPlaceholder""}"
58322,reflection,Method.invoke,"{""class"": ""com.facebook.react.views.textinput.ReactTextInputManager"", ""method"": ""setPlaceholderTextColor""}"
58322,reflection,Method.invoke,"{""class"": ""com.facebook.react.views.textinput.ReactTextInputManager"", ""method"": ""setNumLines""}"
58323,reflection,Method.invoke,"{""class"": ""com.facebook.react.uimanager.BaseViewManager"", ""method"": ""setResponderMove""}"
58323,reflection,Method.invoke,"{""class"": ""com.facebook.react.views.textinput.ReactTextInputManager"", ""method"": ""setMaxLength""}"
58324,reflection,Method.invoke,"{""class"": ""com.facebook.react.views.textinput.ReactTextInputManager"", ""method"": ""setAutoCapitalize""}"
58325,reflection,Method.invoke,"{""class"": ""com.facebook.react.uimanager.BaseViewManager"", ""method"": ""setResponderRelease""}"
58326,reflection,Method.invoke,"{""class"": ""com.facebook.react.views.textinput.ReactTextInputManager"", ""method"": ""setSubmitBehavior""}"
58326,reflection,Method.invoke,"{""class"": ""com.facebook.react.uimanager.BaseViewManager"", ""method"": ""setResponderTerminate""}"
58327,reflection,Method.invoke,"{""class"": ""com.facebook.react.uimanager.BaseViewManager"", ""method"": ""setResponderTerminationRequest""}"
58328,reflection,Method.invoke,"{""class"": ""com.facebook.react.uimanager.BaseViewManager"", ""method"": ""setClick""}"
58329,reflection,Method.invoke,"{""class"": ""com.facebook.react.views.textinput.ReactTextInputManager"", ""method"": ""setOnScroll""}"
58330,reflection,Method.invoke,"{""class"": ""com.facebook.react.uimanager.BaseViewManager"", ""method"": ""setNativeId""}"
58332,reflection,Method.invoke,"{""class"": ""com.facebook.react.views.view.ReactViewManager"", ""method"": ""setBorderColor""}"
58332,reflection,Method.invoke,"{""class"": ""com.facebook.react.views.view.ReactViewManager"", ""method"": ""setCollapsable""}"
58333,reflection,Method.invoke,"{""class"": ""com.facebook.react.views.view.ReactViewManager"", ""method"": ""setBorderWidth""}"
58334,reflection,Method.invoke,"{""class"": ""com.facebook.react.views.view.ReactViewManager"", ""method"": ""setBorderRadius""}"
58335,reflection,Method.invoke,"{""class"": ""com.facebook.react.views.text.ReactTextAnchorViewManager"", ""method"": ""setAccessible$ReactAndroid_release""}"
58335,reflection,Method.invoke,"{""class"": ""com.facebook.react.views.text.ReactTextAnchorViewManager"", ""method"": ""setEllipsizeMode$ReactAndroid_release""}"
58336,reflection,Method.invoke,"{""class"": ""com.facebook.react.uimanager.BaseViewManager"", ""method"": ""setOpacity""}"
58337,reflection,Method.invoke,"{""class"": ""com.facebook.react.views.text.ReactTextAnchorViewManager"", ""method"": ""setFontSize$ReactAndroid_release""}"
58338,reflection,Method.invoke,"{""class"": ""com.facebook.react.views.text.ReactTextAnchorViewManager"", ""method"": ""setAccessible$ReactAndroid_release""}"
58338,reflection,Method.invoke,"{""class"": ""com.facebook.react.views.text.ReactTextAnchorViewManager"", ""method"": ""setFontSize$ReactAndroid_release""}"
58339,reflection,Method.invoke,"{""class"": ""com.facebook.react.views.text.ReactTextAnchorViewManager"", ""method"": ""setEllipsizeMode$ReactAndroid_release""}"
58340,reflection,Method.invoke,"{""class"": ""com.facebook.react.views.view.ReactViewManager"", ""method"": ""setFocusable""}"
58341,reflection,Method.invoke,"{""class"": ""com.facebook.react.uimanager.BaseViewManager"", ""method"": ""setResponderTerminate""}"
58342,reflection,Method.invoke,"{""class"": ""com.facebook.react.views.view.ReactViewManager"", ""method"": ""setBorderRadius""}"
58343,reflection,Method.invoke,"{""class"": ""com.facebook.react.uimanager.BaseViewManager"", ""method"": ""setOpacity""}"
58343,reflection,Method.invoke,"{""class"": ""com.facebook.react.uimanager.BaseViewManager"", ""method"": ""setBackgroundColor""}"
58344,reflection,Method.invoke,"{""class"": ""com.facebook.react.views.view.ReactViewManager"", ""method"": ""setAccessible""}"
58345,reflection,Method.invoke,"{""class"": ""com.facebook.react.uimanager.BaseViewManager"", ""method"": ""setStartShouldSetResponder""}"
58346,reflection,Method.invoke,"{""class"": ""com.facebook.react.uimanager.BaseViewManager"", ""method"": ""setResponderGrant""}"
58346,reflection,Method.invoke,"{""class"": ""com.facebook.react.views.view.ReactViewManager"", ""method"": ""setHitSlop""}"
58347,reflection,Method.invoke,"{""class"": ""com.facebook.react.uimanager.BaseViewManager"", ""method"": ""setResponderMove""}"
58348,reflection,Method.invoke,"{""class"": ""com.facebook.react.uimanager.BaseViewManager"", ""method"": ""setResponderRelease""}"
58348,reflection,Method.invoke,"{""class"": ""com.facebook.react.uimanager.BaseViewManager"", ""method"": ""setResponderTerminationRequest""}"
58349,reflection,Method.invoke,"{""class"": ""com.facebook.react.uimanager.BaseViewManager"", ""method"": ""setClick""}"
58350,reflection,Method.invoke,"{""class"": ""com.facebook.react.views.view.ReactViewManager"", ""method"": ""setCollapsable""}"
58351,reflection,Method.invoke,"{""class"": ""com.facebook.react.uimanager.BaseViewManager"", ""method"": ""setAccessibilityValue""}"
58351,reflection,Method.invoke,"{""class"": ""com.facebook.react.uimanager.BaseViewManager"", ""method"": ""setViewState""}"
58352,reflection,Method.invoke,"{""class"": ""com.facebook.react.views.view.ReactViewManager"", ""method"": ""setCollapsable""}"
58353,reflection,Method.invoke,"{""class"": ""com.facebook.react.views.view.ReactViewManager"", ""method"": ""setCollapsableChildren""}"
58353,reflection,Method.invoke,"{""class"": ""com.facebook.react.uimanager.BaseViewManager"", ""method"": ""setStartShouldSetResponder""}"
58354,reflection,Method.invoke,"{""class"": ""com.facebook.react.uimanager.BaseViewManager"", ""method"": ""setResponderGrant""}"
58355,reflection,Method.invoke,"{""class"": ""com.facebook.react.uimanager.BaseViewManager"", ""method"": ""setResponderTerminationRequest""}"
58355,reflection,Method.invoke,"{""class"": ""com.facebook.react.views.scroll.ReactScrollViewManager"", ""method"": ""setSnapToEnd""}"
58356,reflection,Method.invoke,"{""class"": ""com.facebook.react.uimanager.BaseViewManager"", ""method"": ""setResponderMove""}"
58356,reflection,Method.invoke,"{""class"": ""com.facebook.react.uimanager.BaseViewManager"", ""method"": ""setClick""}"
58357,reflection,Method.invoke,"{""class"": ""com.facebook.react.uimanager.BaseViewManager"", ""method"": ""setResponderReject""}"
58358,reflection,Method.invoke,"{""class"": ""com.facebook.react.views.scroll.ReactScrollViewManager"", ""method"": ""setSendMomentumEvents""}"
58359,reflection,Method.invoke,"{""class"": ""com.facebook.react.uimanager.BaseViewManager"", ""method"": ""setTouchStart""}"
58360,reflection,Method.invoke,"{""class"": ""com.facebook.react.uimanager.BaseViewManager"", ""method"": ""setViewState""}"
58360,reflection,Method.invoke,"{""class"": ""com.facebook.react.uimanager.BaseViewManager"", ""method"": ""setResponderTerminate""}"
58361,reflection,Method.invoke,"{""class"": ""com.facebook.react.uimanager.BaseViewManager"", ""method"": ""setStartShouldSetResponderCapture""}"
58361,reflection,Method.invoke,"{""class"": ""com.facebook.react.uimanager.BaseViewManager"", ""method"": ""setTouchEnd""}"
58362,reflection,Method.invoke,"{""class"": ""com.facebook.react.uimanager.BaseViewManager"", ""method"": ""setResponderRelease""}"
58363,reflection,Method.invoke,"{""class"": ""com.facebook.react.views.scroll.ReactScrollViewManager"", ""method"": ""setSnapToStart""}"
58364,reflection,Method.invoke,"{""class"": ""com.facebook.react.views.scroll.ReactScrollViewManager"", ""method"": ""setOverflow""}"
58364,reflection,Method.invoke,"{""class"": ""com.facebook.react.uimanager.BaseViewManager"", ""method"": ""setTouchMove""}"
58365,reflection,Method.invoke,"{""class"": ""com.facebook.react.uimanager.BaseViewManager"", ""method"": ""setTouchCancel""}"
58365,reflection,Method.invoke,"{""class"": ""com.facebook.react.views.scroll.ReactScrollViewManager"", ""method"": ""setPagingEnabled""}"
58366,reflection,Method.invoke,"{""class"": ""com.facebook.react.uimanager.BaseViewManager"", ""method"": ""setBackgroundColor""}"
58367,reflection,Method.invoke,"{""class"": ""com.facebook.react.views.view.ReactViewManager"", ""method"": ""setPointerEvents""}"
58367,reflection,Method.invoke,"{""class"": ""com.facebook.react.uimanager.BaseViewManager"", ""method"": ""setBackgroundColor""}"
58368,reflection,Method.invoke,"{""class"": ""com.facebook.react.views.view.ReactViewManager"", ""method"": ""setOverflow""}"
58369,reflection,Method.invoke,"{""class"": ""com.facebook.react.views.view.ReactViewManager"", ""method"": ""setNeedsOffscreenAlphaCompositing""}"
58369,reflection,Method.invoke,"{""class"": ""com.facebook.react.views.view.ReactViewManager"", ""method"": ""setCollapsable""}"
58370,reflection,Method.invoke,"{""class"": ""com.facebook.react.uimanager.BaseViewManager"", ""method"": ""setOpacity""}"
58371,reflection,Method.invoke,"{""class"": ""com.facebook.react.uimanager.BaseViewManager"", ""method"": ""setTransform""}"
58371,reflection,Method.invoke,"{""class"": ""com.facebook.react.views.view.ReactViewManager"", ""method"": ""setCollapsable""}"
58372,reflection,Method.invoke,"{""class"": ""com.facebook.react.views.view.ReactViewManager"", ""method"": ""setPointerEvents""}"
58373,reflection,Method.invoke,"{""class"": ""com.facebook.react.views.view.ReactViewManager"", ""method"": ""setPointerEvents""}"
58373,reflection,Method.invoke,"{""class"": ""com.facebook.react.views.view.ReactViewManager"", ""method"": ""setCollapsable""}"
58375,reflection,Method.invoke,"{""class"": ""com.facebook.react.views.view.ReactViewManager"", ""method"": ""setPointerEvents""}"
58375,reflection,Method.invoke,"{""class"": ""com.facebook.react.uimanager.BaseViewManager"", ""method"": ""setImportantForAccessibility""}"
58377,reflection,Method.invoke,"{""class"": ""com.facebook.react.uimanager.BaseViewManager"", ""method"": ""setTransform""}"
58377,reflection,Method.invoke,"{""class"": ""com.facebook.react.uimanager.BaseViewManager"", ""method"": ""setOpacity""}"
58380,reflection,Method.invoke,"{""class"": ""com.facebook.react.uimanager.BaseViewManager"", ""method"": ""setTransform""}"
58381,reflection,Method.invoke,"{""class"": ""com.facebook.react.uimanager.BaseViewManager"", ""method"": ""setOpacity""}"
58382,reflection,Method.invoke,"{""class"": ""com.facebook.react.views.view.ReactViewManager"", ""method"": ""setOverflow""}"
58383,reflection,Method.invoke,"{""class"": ""com.facebook.react.uimanager.BaseViewManager"", ""method"": ""setImportantForAccessibility""}"
58384,reflection,Method.invoke,"{""class"": ""com.facebook.react.uimanager.BaseViewManager"", ""method"": ""setOpacity""}"
58384,reflection,Method.invoke,"{""class"": ""com.facebook.react.uimanager.BaseViewManager"", ""method"": ""setTransform""}"
58386,reflection,Method.invoke,"{""class"": ""com.facebook.react.uimanager.BaseViewManager"", ""method"": ""setOpacity""}"
58387,reflection,Method.invoke,"{""class"": ""com.facebook.react.uimanager.BaseViewManager"", ""method"": ""setTransform""}"
58388,reflection,Method.invoke,"{""class"": ""com.facebook.react.uimanager.BaseViewManager"", ""method"": ""setOpacity""}"
58388,reflection,Method.invoke,"{""class"": ""com.facebook.react.uimanager.BaseViewManager"", ""method"": ""setTransform""}"
58413,reflection,Method.invoke,"{""class"": ""com.facebook.react.uimanager.BaseViewManager"", ""method"": ""setOpacity""}"
58417,reflection,Method.invoke,"{""class"": ""java.util.Locale"", ""method"": ""getDefault""}"
58430,reflection,Method.invoke,"{""class"": ""com.facebook.react.uimanager.BaseViewManager"", ""method"": ""setOpacity""}"
58443,reflection,Method.invoke,"{""class"": ""com.facebook.react.uimanager.BaseViewManager"", ""method"": ""setOpacity""}"
58450,reflection,Method.invoke,"{""class"": ""com.facebook.react.uimanager.BaseViewManager"", ""method"": ""setOpacity""}"
58457,reflection,Method.invoke,"{""class"": ""com.facebook.react.uimanager.BaseViewManager"", ""method"": ""setOpacity""}"
58465,reflection,Method.invoke,"{""class"": ""com.facebook.react.uimanager.BaseViewManager"", ""method"": ""setOpacity""}"
58472,reflection,Method.invoke,"{""class"": ""com.facebook.react.uimanager.BaseViewManager"", ""method"": ""setTransform""}"
58479,reflection,Method.invoke,"{""class"": ""com.facebook.react.uimanager.BaseViewManager"", ""method"": ""setOpacity""}"
58487,reflection,Method.invoke,"{""class"": ""com.facebook.react.uimanager.BaseViewManager"", ""method"": ""setTransform""}"
58494,reflection,Method.invoke,"{""class"": ""com.facebook.react.uimanager.BaseViewManager"", ""method"": ""setOpacity""}"
58501,reflection,Method.invoke,"{""class"": ""com.facebook.react.uimanager.BaseViewManager"", ""method"": ""setTransform""}"
58508,reflection,Method.invoke,"{""class"": ""com.facebook.react.uimanager.BaseViewManager"", ""method"": ""setOpacity""}"
58519,reflection,Method.invoke,"{""class"": ""android.view.View"", ""method"": ""getViewRootImpl""}"
58526,reflection,Method.invoke,"{""class"": ""android.view.View"", ""method"": ""getViewRootImpl""}"
58559,reflection,Method.invoke,"{""class"": ""com.facebook.react.uimanager.BaseViewManager"", ""method"": ""setTransform""}"
58569,reflection,Method.invoke,"{""class"": ""com.facebook.react.uimanager.BaseViewManager"", ""method"": ""setOpacity""}"
58576,reflection,Method.invoke,"{""class"": ""com.facebook.react.uimanager.BaseViewManager"", ""method"": ""setTransform""}"
58584,reflection,Method.invoke,"{""class"": ""com.facebook.react.uimanager.BaseViewManager"", ""method"": ""setOpacity""}"
58591,reflection,Method.invoke,"{""class"": ""com.facebook.react.uimanager.BaseViewManager"", ""method"": ""setTransform""}"
58599,reflection,Method.invoke,"{""class"": ""com.facebook.react.uimanager.BaseViewManager"", ""method"": ""setOpacity""}"
58606,reflection,Method.invoke,"{""class"": ""com.facebook.react.uimanager.BaseViewManager"", ""method"": ""setOpacity""}"
58614,reflection,Method.invoke,"{""class"": ""com.facebook.react.uimanager.BaseViewManager"", ""method"": ""setTransform""}"
58621,reflection,Method.invoke,"{""class"": ""com.facebook.react.uimanager.BaseViewManager"", ""method"": ""setTransform""}"
58629,reflection,Method.invoke,"{""class"": ""com.facebook.react.uimanager.BaseViewManager"", ""method"": ""setOpacity""}"
58637,reflection,Method.invoke,"{""class"": ""com.facebook.react.uimanager.BaseViewManager"", ""method"": ""setTransform""}"
58644,reflection,Method.invoke,"{""class"": ""com.facebook.react.uimanager.BaseViewManager"", ""method"": ""setOpacity""}"
58651,reflection,Method.invoke,"{""class"": ""com.facebook.react.views.view.ReactViewManager"", ""method"": ""setFocusable""}"
58659,reflection,Method.invoke,"{""class"": ""com.facebook.react.uimanager.BaseViewManager"", ""method"": ""setViewState""}"
58667,reflection,Method.invoke,"{""class"": ""com.facebook.react.uimanager.BaseViewManager"", ""method"": ""setOpacity""}"
58674,reflection,Method.invoke,"{""class"": ""com.facebook.react.uimanager.BaseViewManager"", ""method"": ""setTransform""}"
58681,reflection,Method.invoke,"{""class"": ""com.facebook.react.uimanager.BaseViewManager"", ""method"": ""setOpacity""}"
58689,reflection,Method.invoke,"{""class"": ""com.facebook.react.uimanager.BaseViewManager"", ""method"": ""setTransform""}"
58696,reflection,Method.invoke,"{""class"": ""com.facebook.react.uimanager.BaseViewManager"", ""method"": ""setOpacity""}"
58703,reflection,Method.invoke,"{""class"": ""com.facebook.react.uimanager.BaseViewManager"", ""method"": ""setOpacity""}"
58712,reflection,Method.invoke,"{""class"": ""com.facebook.react.uimanager.BaseViewManager"", ""method"": ""setOpacity""}"
58719,reflection,Method.invoke,"{""class"": ""com.facebook.react.uimanager.BaseViewManager"", ""method"": ""setTransform""}"
58726,reflection,Method.invoke,"{""class"": ""com.facebook.react.uimanager.BaseViewManager"", ""method"": ""setOpacity""}"
58747,reflection,Method.invoke,"{""class"": ""expo.modules.image.records.ImageLoadEvent"", ""method"": ""getCacheType""}"
58756,reflection,Method.invoke,"{""class"": ""expo.modules.image.records.ImageLoadEvent"", ""method"": ""getSource""}"
58766,reflection,Method.invoke,"{""class"": ""expo.modules.image.records.ImageSource"", ""method"": ""getHeight""}"
58774,reflection,Method.invoke,"{""class"": ""expo.modules.image.records.ImageSource"", ""method"": ""isAnimated""}"
58780,reflection,Method.invoke,"{""class"": ""expo.modules.image.records.ImageSource"", ""method"": ""getMediaType""}"
58786,reflection,Method.invoke,"{""class"": ""expo.modules.image.records.ImageSource"", ""method"": ""getUrl""}"
58793,reflection,Method.invoke,"{""class"": ""expo.modules.image.records.ImageSource"", ""method"": ""getWidth""}"
58802,reflection,Method.invoke,"{""class"": ""expo.modules.image.records.ImageLoadEvent"", ""method"": ""getCacheType""}"
58809,reflection,Method.invoke,"{""class"": ""expo.modules.image.records.ImageLoadEvent"", ""method"": ""getSource""}"
58815,reflection,Method.invoke,"{""class"": ""expo.modules.image.records.ImageSource"", ""method"": ""getHeight""}"
58821,reflection,Method.invoke,"{""class"": ""expo.modules.image.records.ImageSource"", ""method"": ""isAnimated""}"
58828,reflection,Method.invoke,"{""class"": ""expo.modules.image.records.ImageSource"", ""method"": ""getMediaType""}"
58834,reflection,Method.invoke,"{""class"": ""expo.modules.image.records.ImageSource"", ""method"": ""getUrl""}"
58842,reflection,Method.invoke,"{""class"": ""expo.modules.image.records.ImageSource"", ""method"": ""getWidth""}"
58851,reflection,Method.invoke,"{""class"": ""com.facebook.react.uimanager.BaseViewManager"", ""method"": ""setOpacity""}"
58859,reflection,Method.invoke,"{""class"": ""com.facebook.react.uimanager.BaseViewManager"", ""method"": ""setOpacity""}"
58867,reflection,Method.invoke,"{""class"": ""com.facebook.react.uimanager.BaseViewManager"", ""method"": ""setOpacity""}"
58874,reflection,Method.invoke,"{""class"": ""com.facebook.react.uimanager.BaseViewManager"", ""method"": ""setTransform""}"
58881,reflection,Method.invoke,"{""class"": ""com.facebook.react.uimanager.BaseViewManager"", ""method"": ""setOpacity""}"
58921,reflection,Method.invoke,"{""class"": ""com.facebook.react.uimanager.BaseViewManager"", ""method"": ""setTransform""}"
58933,reflection,Method.invoke,"{""class"": ""com.facebook.react.uimanager.BaseViewManager"", ""method"": ""setOpacity""}"
58940,reflection,Method.invoke,"{""class"": ""com.facebook.react.uimanager.BaseViewManager"", ""method"": ""setOpacity""}"
58947,reflection,Method.invoke,"{""class"": ""com.facebook.react.uimanager.BaseViewManager"", ""method"": ""setOpacity""}"
58954,reflection,Method.invoke,"{""class"": ""com.facebook.react.uimanager.BaseViewManager"", ""method"": ""setOpacity""}"
58961,reflection,Method.invoke,"{""class"": ""com.facebook.react.uimanager.BaseViewManager"", ""method"": ""setTransform""}"
58968,reflection,Method.invoke,"{""class"": ""com.facebook.react.uimanager.BaseViewManager"", ""method"": ""setOpacity""}"
58978,reflection,Method.invoke,"{""class"": ""com.facebook.react.uimanager.BaseViewManager"", ""method"": ""setTransform""}"
58986,reflection,Method.invoke,"{""class"": ""com.facebook.react.uimanager.BaseViewManager"", ""method"": ""setOpacity""}"
59010,reflection,Method.invoke,"{""class"": ""com.facebook.react.uimanager.BaseViewManager"", ""method"": ""setTransform""}"
59028,reflection,Method.invoke,"{""class"": ""com.facebook.react.uimanager.BaseViewManager"", ""method"": ""setOpacity""}"
59036,reflection,Method.invoke,"{""class"": ""com.facebook.react.uimanager.BaseViewManager"", ""method"": ""setOpacity""}"
59044,reflection,Method.invoke,"{""class"": ""com.facebook.react.uimanager.BaseViewManager"", ""method"": ""setTransform""}"
61941,reflection,Method.invoke,"{""class"": ""com.facebook.react.uimanager.BaseViewManager"", ""method"": ""setOpacity""}"
61951,reflection,Method.invoke,"{""class"": ""com.facebook.react.uimanager.BaseViewManager"", ""method"": ""setOpacity""}"
61964,reflection,Method.invoke,"{""class"": ""com.facebook.react.uimanager.BaseViewManager"", ""method"": ""setOpacity""}"
61973,reflection,Method.invoke,"{""class"": ""com.facebook.react.uimanager.BaseViewManager"", ""method"": ""setTransform""}"
61981,reflection,Method.invoke,"{""class"": ""com.facebook.react.uimanager.BaseViewManager"", ""method"": ""setTransform""}"
61989,reflection,Method.invoke,"{""class"": ""com.facebook.react.uimanager.BaseViewManager"", ""method"": ""setOpacity""}"
61999,reflection,Method.invoke,"{""class"": ""com.facebook.react.views.view.ReactViewManager"", ""method"": ""setBorderColor""}"
62015,reflection,Method.invoke,"{""class"": ""com.facebook.react.uimanager.BaseViewManager"", ""method"": ""setOpacity""}"
62033,reflection,Method.invoke,"{""class"": ""com.facebook.react.uimanager.BaseViewManager"", ""method"": ""setOpacity""}"
62041,reflection,Method.invoke,"{""class"": ""com.facebook.react.uimanager.BaseViewManager"", ""method"": ""setTransform""}"
62052,reflection,Method.invoke,"{""class"": ""com.facebook.react.uimanager.BaseViewManager"", ""method"": ""setTransform""}"
62059,reflection,Method.invoke,"{""class"": ""com.facebook.react.uimanager.BaseViewManager"", ""method"": ""setOpacity""}"
62066,reflection,Method.invoke,"{""class"": ""com.facebook.react.views.view.ReactViewManager"", ""method"": ""setBorderColor""}"
62083,reflection,Method.invoke,"{""class"": ""com.facebook.react.uimanager.BaseViewManager"", ""method"": ""setOpacity""}"
62098,reflection,Method.invoke,"{""class"": ""com.facebook.react.uimanager.BaseViewManager"", ""method"": ""setOpacity""}"
62106,reflection,Method.invoke,"{""class"": ""com.facebook.react.uimanager.BaseViewManager"", ""method"": ""setTransform""}"
62113,reflection,Method.invoke,"{""class"": ""com.facebook.react.uimanager.BaseViewManager"", ""method"": ""setTransform""}"
62121,reflection,Method.invoke,"{""class"": ""com.facebook.react.uimanager.BaseViewManager"", ""method"": ""setOpacity""}"
62128,reflection,Method.invoke,"{""class"": ""com.facebook.react.views.view.ReactViewManager"", ""method"": ""setBorderColor""}"
62144,reflection,Method.invoke,"{""class"": ""com.facebook.react.uimanager.BaseViewManager"", ""method"": ""setOpacity""}"
62159,reflection,Method.invoke,"{""class"": ""com.facebook.react.uimanager.BaseViewManager"", ""method"": ""setOpacity""}"
62167,reflection,Method.invoke,"{""class"": ""com.facebook.react.uimanager.BaseViewManager"", ""method"": ""setTransform""}"
62175,reflection,Method.invoke,"{""class"": ""com.facebook.react.uimanager.BaseViewManager"", ""method"": ""setTransform""}"
62182,reflection,Method.invoke,"{""class"": ""com.facebook.react.uimanager.BaseViewManager"", ""method"": ""setOpacity""}"
62189,reflection,Method.invoke,"{""class"": ""com.facebook.react.views.view.ReactViewManager"", ""method"": ""setBorderColor""}"
62207,reflection,Method.invoke,"{""class"": ""com.facebook.react.uimanager.BaseViewManager"", ""method"": ""setOpacity""}"
62222,reflection,Method.invoke,"{""class"": ""com.facebook.react.uimanager.BaseViewManager"", ""method"": ""setOpacity""}"
62230,reflection,Method.invoke,"{""class"": ""com.facebook.react.uimanager.BaseViewManager"", ""method"": ""setTransform""}"
62241,reflection,Method.invoke,"{""class"": ""com.facebook.react.uimanager.BaseViewManager"", ""method"": ""setTransform""}"
62248,reflection,Method.invoke,"{""class"": ""com.facebook.react.uimanager.BaseViewManager"", ""method"": ""setOpacity""}"
62256,reflection,Method.invoke,"{""class"": ""com.facebook.react.views.view.ReactViewManager"", ""method"": ""setBorderColor""}"
62276,reflection,Method.invoke,"{""class"": ""com.facebook.react.uimanager.BaseViewManager"", ""method"": ""setOpacity""}"
62287,reflection,Method.invoke,"{""class"": ""com.facebook.react.uimanager.BaseViewManager"", ""method"": ""setTransform""}"
62294,reflection,Method.invoke,"{""class"": ""com.facebook.react.uimanager.BaseViewManager"", ""method"": ""setTransform""}"
62301,reflection,Method.invoke,"{""class"": ""com.facebook.react.uimanager.BaseViewManager"", ""method"": ""setOpacity""}"
62309,reflection,Method.invoke,"{""class"": ""com.facebook.react.views.view.ReactViewManager"", ""method"": ""setBorderColor""}"
62334,reflection,Method.invoke,"{""class"": ""com.facebook.react.uimanager.BaseViewManager"", ""method"": ""setOpacity""}"
62341,reflection,Method.invoke,"{""class"": ""com.facebook.react.uimanager.BaseViewManager"", ""method"": ""setTransform""}"
62348,reflection,Method.invoke,"{""class"": ""com.facebook.react.uimanager.BaseViewManager"", ""method"": ""setTransform""}"
62355,reflection,Method.invoke,"{""class"": ""com.facebook.react.uimanager.BaseViewManager"", ""method"": ""setOpacity""}"
62363,reflection,Method.invoke,"{""class"": ""com.facebook.react.views.view.ReactViewManager"", ""method"": ""setBorderColor""}"
62386,reflection,Method.invoke,"{""class"": ""com.facebook.react.uimanager.BaseViewManager"", ""method"": ""setOpacity""}"
62394,reflection,Method.invoke,"{""class"": ""com.facebook.react.uimanager.BaseViewManager"", ""method"": ""setTransform""}"
62401,reflection,Method.invoke,"{""class"": ""com.facebook.react.uimanager.BaseViewManager"", ""method"": ""setTransform""}"
62409,reflection,Method.invoke,"{""class"": ""com.facebook.react.uimanager.BaseViewManager"", ""method"": ""setOpacity""}"
62415,reflection,Method.invoke,"{""class"": ""com.facebook.react.views.view.ReactViewManager"", ""method"": ""setBorderColor""}"
62437,reflection,Method.invoke,"{""class"": ""com.facebook.react.uimanager.BaseViewManager"", ""method"": ""setOpacity""}"
62453,reflection,Method.invoke,"{""class"": ""com.facebook.react.uimanager.BaseViewManager"", ""method"": ""setTransform""}"
62460,reflection,Method.invoke,"{""class"": ""com.facebook.react.uimanager.BaseViewManager"", ""method"": ""setTransform""}"
62467,reflection,Method.invoke,"{""class"": ""com.facebook.react.uimanager.BaseViewManager"", ""method"": ""setOpacity""}"
62474,reflection,Method.invoke,"{""class"": ""com.facebook.react.views.view.ReactViewManager"", ""method"": ""setBorderColor""}"
62501,reflection,Method.invoke,"{""class"": ""com.facebook.react.uimanager.BaseViewManager"", ""method"": ""setOpacity""}"
62509,reflection,Method.invoke,"{""class"": ""com.facebook.react.uimanager.BaseViewManager"", ""method"": ""setTransform""}"
62517,reflection,Method.invoke,"{""class"": ""com.facebook.react.uimanager.BaseViewManager"", ""method"": ""setTransform""}"
62524,reflection,Method.invoke,"{""class"": ""com.facebook.react.uimanager.BaseViewManager"", ""method"": ""setOpacity""}"
62533,reflection,Method.invoke,"{""class"": ""com.facebook.react.views.view.ReactViewManager"", ""method"": ""setBorderColor""}"
62555,reflection,Method.invoke,"{""class"": ""com.facebook.react.uimanager.BaseViewManager"", ""method"": ""setOpacity""}"
62566,reflection,Method.invoke,"{""class"": ""com.facebook.react.uimanager.BaseViewManager"", ""method"": ""setTransform""}"
62575,reflection,Method.invoke,"{""class"": ""com.facebook.react.uimanager.BaseViewManager"", ""method"": ""setTransform""}"
62583,reflection,Method.invoke,"{""class"": ""com.facebook.react.uimanager.BaseViewManager"", ""method"": ""setOpacity""}"
62591,reflection,Method.invoke,"{""class"": ""com.facebook.react.views.view.ReactViewManager"", ""method"": ""setBorderColor""}"
62619,reflection,Method.invoke,"{""class"": ""com.facebook.react.uimanager.BaseViewManager"", ""method"": ""setOpacity""}"
62627,reflection,Method.invoke,"{""class"": ""com.facebook.react.uimanager.BaseViewManager"", ""method"": ""setTransform""}"
62635,reflection,Method.invoke,"{""class"": ""com.facebook.react.uimanager.BaseViewManager"", ""method"": ""setTransform""}"
62650,reflection,Method.invoke,"{""class"": ""com.facebook.react.uimanager.BaseViewManager"", ""method"": ""setOpacity""}"
62659,reflection,Method.invoke,"{""class"": ""com.facebook.react.views.view.ReactViewManager"", ""method"": ""setBorderColor""}"
62686,reflection,Method.invoke,"{""class"": ""com.facebook.react.uimanager.BaseViewManager"", ""method"": ""setOpacity""}"
62695,reflection,Method.invoke,"{""class"": ""com.facebook.react.uimanager.BaseViewManager"", ""method"": ""setTransform""}"
62706,reflection,Method.invoke,"{""class"": ""com.facebook.react.uimanager.BaseViewManager"", ""method"": ""setTransform""}"
62715,reflection,Method.invoke,"{""class"": ""com.facebook.react.uimanager.BaseViewManager"", ""method"": ""setOpacity""}"
62723,reflection,Method.invoke,"{""class"": ""com.facebook.react.views.view.ReactViewManager"", ""method"": ""setBorderColor""}"
62757,reflection,Method.invoke,"{""class"": ""com.facebook.react.uimanager.BaseViewManager"", ""method"": ""setOpacity""}"
62765,reflection,Method.invoke,"{""class"": ""com.facebook.react.uimanager.BaseViewManager"", ""method"": ""setTransform""}"
62773,reflection,Method.invoke,"{""class"": ""com.facebook.react.uimanager.BaseViewManager"", ""method"": ""setTransform""}"
62780,reflection,Method.invoke,"{""class"": ""com.facebook.react.uimanager.BaseViewManager"", ""method"": ""setOpacity""}"
62786,reflection,Method.invoke,"{""class"": ""com.facebook.react.views.view.ReactViewManager"", ""method"": ""setBorderColor""}"
62807,reflection,Method.invoke,"{""class"": ""com.facebook.react.uimanager.BaseViewManager"", ""method"": ""setOpacity""}"
62817,reflection,Method.invoke,"{""class"": ""com.facebook.react.uimanager.BaseViewManager"", ""method"": ""setTransform""}"
62825,reflection,Method.invoke,"{""class"": ""com.facebook.react.uimanager.BaseViewManager"", ""method"": ""setTransform""}"
62835,reflection,Method.invoke,"{""class"": ""com.facebook.react.uimanager.BaseViewManager"", ""method"": ""setOpacity""}"
62842,reflection,Method.invoke,"{""class"": ""com.facebook.react.views.view.ReactViewManager"", ""method"": ""setBorderColor""}"
62870,reflection,Method.invoke,"{""class"": ""com.facebook.react.uimanager.BaseViewManager"", ""method"": ""setOpacity""}"
62877,reflection,Method.invoke,"{""class"": ""com.facebook.react.uimanager.BaseViewManager"", ""method"": ""setTransform""}"
62884,reflection,Method.invoke,"{""class"": ""com.facebook.react.uimanager.BaseViewManager"", ""method"": ""setTransform""}"
62891,reflection,Method.invoke,"{""class"": ""com.facebook.react.uimanager.BaseViewManager"", ""method"": ""setOpacity""}"
62897,reflection,Method.invoke,"{""class"": ""com.facebook.react.views.view.ReactViewManager"", ""method"": ""setBorderColor""}"
62922,reflection,Method.invoke,"{""class"": ""com.facebook.react.uimanager.BaseViewManager"", ""method"": ""setOpacity""}"
62934,reflection,Method.invoke,"{""class"": ""com.facebook.react.uimanager.BaseViewManager"", ""method"": ""setTransform""}"
62942,reflection,Method.invoke,"{""class"": ""com.facebook.react.uimanager.BaseViewManager"", ""method"": ""setTransform""}"
62949,reflection,Method.invoke,"{""class"": ""com.facebook.react.uimanager.BaseViewManager"", ""method"": ""setOpacity""}"
62956,reflection,Method.invoke,"{""class"": ""com.facebook.react.views.view.ReactViewManager"", ""method"": ""setBorderColor""}"
62976,reflection,Method.invoke,"{""class"": ""com.facebook.react.uimanager.BaseViewManager"", ""method"": ""setOpacity""}"
62991,reflection,Method.invoke,"{""class"": ""com.facebook.react.uimanager.BaseViewManager"", ""method"": ""setTransform""}"
63000,reflection,Method.invoke,"{""class"": ""com.facebook.react.uimanager.BaseViewManager"", ""method"": ""setTransform""}"
63009,reflection,Method.invoke,"{""class"": ""com.facebook.react.uimanager.BaseViewManager"", ""method"": ""setOpacity""}"
63016,reflection,Method.invoke,"{""class"": ""com.facebook.react.views.view.ReactViewManager"", ""method"": ""setBorderColor""}"
63036,reflection,Method.invoke,"{""class"": ""com.facebook.react.uimanager.BaseViewManager"", ""method"": ""setOpacity""}"
63043,reflection,Method.invoke,"{""class"": ""com.facebook.react.uimanager.BaseViewManager"", ""method"": ""setTransform""}"
63054,reflection,Method.invoke,"{""class"": ""com.facebook.react.uimanager.BaseViewManager"", ""method"": ""setTransform""}"
63061,reflection,Method.invoke,"{""class"": ""com.facebook.react.uimanager.BaseViewManager"", ""method"": ""setOpacity""}"
63068,reflection,Method.invoke,"{""class"": ""com.facebook.react.views.view.ReactViewManager"", ""method"": ""setBorderColor""}"
63092,reflection,Method.invoke,"{""class"": ""com.facebook.react.uimanager.BaseViewManager"", ""method"": ""setOpacity""}"
63103,reflection,Method.invoke,"{""class"": ""com.facebook.react.uimanager.BaseViewManager"", ""method"": ""setTransform""}"
63109,reflection,Method.invoke,"{""class"": ""com.facebook.react.uimanager.BaseViewManager"", ""method"": ""setTransform""}"
63117,reflection,Method.invoke,"{""class"": ""com.facebook.react.uimanager.BaseViewManager"", ""method"": ""setOpacity""}"
63125,reflection,Method.invoke,"{""class"": ""com.facebook.react.views.view.ReactViewManager"", ""method"": ""setBorderColor""}"
63144,reflection,Method.invoke,"{""class"": ""com.facebook.react.uimanager.BaseViewManager"", ""method"": ""setOpacity""}"
63155,reflection,Method.invoke,"{""class"": ""com.facebook.react.uimanager.BaseViewManager"", ""method"": ""setTransform""}"
63162,reflection,Method.invoke,"{""class"": ""com.facebook.react.uimanager.BaseViewManager"", ""method"": ""setTransform""}"
63170,reflection,Method.invoke,"{""class"": ""com.facebook.react.uimanager.BaseViewManager"", ""method"": ""setOpacity""}"
63177,reflection,Method.invoke,"{""class"": ""com.facebook.react.views.view.ReactViewManager"", ""method"": ""setBorderColor""}"
63207,reflection,Method.invoke,"{""class"": ""com.facebook.react.uimanager.BaseViewManager"", ""method"": ""setOpacity""}"
63215,reflection,Method.invoke,"{""class"": ""com.facebook.react.uimanager.BaseViewManager"", ""method"": ""setTransform""}"
63222,reflection,Method.invoke,"{""class"": ""com.facebook.react.uimanager.BaseViewManager"", ""method"": ""setTransform""}"
63229,reflection,Method.invoke,"{""class"": ""com.facebook.react.uimanager.BaseViewManager"", ""method"": ""setOpacity""}"
63238,reflection,Method.invoke,"{""class"": ""com.facebook.react.views.view.ReactViewManager"", ""method"": ""setBorderColor""}"
63260,reflection,Method.invoke,"{""class"": ""com.facebook.react.uimanager.BaseViewManager"", ""method"": ""setOpacity""}"
63272,reflection,Method.invoke,"{""class"": ""com.facebook.react.uimanager.BaseViewManager"", ""method"": ""setTransform""}"
63279,reflection,Method.invoke,"{""class"": ""com.facebook.react.uimanager.BaseViewManager"", ""method"": ""setTransform""}"
63288,reflection,Method.invoke,"{""class"": ""com.facebook.react.uimanager.BaseViewManager"", ""method"": ""setOpacity""}"
63295,reflection,Method.invoke,"{""class"": ""com.facebook.react.views.view.ReactViewManager"", ""method"": ""setBorderColor""}"
63325,reflection,Method.invoke,"{""class"": ""com.facebook.react.uimanager.BaseViewManager"", ""method"": ""setOpacity""}"
63334,reflection,Method.invoke,"{""class"": ""com.facebook.react.uimanager.BaseViewManager"", ""method"": ""setTransform""}"
63341,reflection,Method.invoke,"{""class"": ""com.facebook.react.uimanager.BaseViewManager"", ""method"": ""setTransform""}"
63348,reflection,Method.invoke,"{""class"": ""com.facebook.react.uimanager.BaseViewManager"", ""method"": ""setOpacity""}"
63355,reflection,Method.invoke,"{""class"": ""com.facebook.react.views.view.ReactViewManager"", ""method"": ""setBorderColor""}"
63379,reflection,Method.invoke,"{""class"": ""com.facebook.react.uimanager.BaseViewManager"", ""method"": ""setOpacity""}"
63389,reflection,Method.invoke,"{""class"": ""com.facebook.react.uimanager.BaseViewManager"", ""method"": ""setTransform""}"
63396,reflection,Method.invoke,"{""class"": ""com.facebook.react.uimanager.BaseViewManager"", ""method"": ""setTransform""}"
63404,reflection,Method.invoke,"{""class"": ""com.facebook.react.uimanager.BaseViewManager"", ""method"": ""setOpacity""}"
63411,reflection,Method.invoke,"{""class"": ""com.facebook.react.views.view.ReactViewManager"", ""method"": ""setBorderColor""}"
63437,reflection,Method.invoke,"{""class"": ""com.facebook.react.uimanager.BaseViewManager"", ""method"": ""setOpacity""}"
63444,reflection,Method.invoke,"{""class"": ""com.facebook.react.uimanager.BaseViewManager"", ""method"": ""setTransform""}"
63452,reflection,Method.invoke,"{""class"": ""com.facebook.react.uimanager.BaseViewManager"", ""method"": ""setTransform""}"
63460,reflection,Method.invoke,"{""class"": ""com.facebook.react.uimanager.BaseViewManager"", ""method"": ""setOpacity""}"
63467,reflection,Method.invoke,"{""class"": ""com.facebook.react.views.view.ReactViewManager"", ""method"": ""setBorderColor""}"
63488,reflection,Method.invoke,"{""class"": ""com.facebook.react.uimanager.BaseViewManager"", ""method"": ""setOpacity""}"
63496,reflection,Method.invoke,"{""class"": ""com.facebook.react.uimanager.BaseViewManager"", ""method"": ""setTransform""}"
63506,reflection,Method.invoke,"{""class"": ""com.facebook.react.uimanager.BaseViewManager"", ""method"": ""setTransform""}"
63512,reflection,Method.invoke,"{""class"": ""com.facebook.react.uimanager.BaseViewManager"", ""method"": ""setOpacity""}"
63520,reflection,Method.invoke,"{""class"": ""com.facebook.react.views.view.ReactViewManager"", ""method"": ""setBorderColor""}"
63542,reflection,Method.invoke,"{""class"": ""com.facebook.react.uimanager.BaseViewManager"", ""method"": ""setOpacity""}"
63552,reflection,Method.invoke,"{""class"": ""com.facebook.react.uimanager.BaseViewManager"", ""method"": ""setTransform""}"
63559,reflection,Method.invoke,"{""class"": ""com.facebook.react.uimanager.BaseViewManager"", ""method"": ""setTransform""}"
63566,reflection,Method.invoke,"{""class"": ""com.facebook.react.uimanager.BaseViewManager"", ""method"": ""setOpacity""}"
63573,reflection,Method.invoke,"{""class"": ""com.facebook.react.views.view.ReactViewManager"", ""method"": ""setBorderColor""}"
65294,reflection,Method.invoke,"{""class"": ""com.facebook.react.uimanager.BaseViewManager"", ""method"": ""setOpacity""}"
65300,reflection,Method.invoke,"{""class"": ""com.facebook.react.uimanager.BaseViewManager"", ""method"": ""setTransform""}"
65306,reflection,Method.invoke,"{""class"": ""com.facebook.react.uimanager.BaseViewManager"", ""method"": ""setTransform""}"
65313,reflection,Method.invoke,"{""class"": ""com.facebook.react.uimanager.BaseViewManager"", ""method"": ""setOpacity""}"
65319,reflection,Method.invoke,"{""class"": ""com.facebook.react.views.view.ReactViewManager"", ""method"": ""setBorderColor""}"
65328,reflection,Method.invoke,"{""class"": ""com.facebook.react.uimanager.BaseViewManager"", ""method"": ""setOpacity""}"
65340,reflection,Method.invoke,"{""class"": ""com.facebook.react.uimanager.BaseViewManager"", ""method"": ""setOpacity""}"
65347,reflection,Method.invoke,"{""class"": ""com.facebook.react.uimanager.BaseViewManager"", ""method"": ""setTransform""}"
65354,reflection,Method.invoke,"{""class"": ""com.facebook.react.uimanager.BaseViewManager"", ""method"": ""setTransform""}"
65360,reflection,Method.invoke,"{""class"": ""com.facebook.react.uimanager.BaseViewManager"", ""method"": ""setOpacity""}"
65367,reflection,Method.invoke,"{""class"": ""com.facebook.react.views.view.ReactViewManager"", ""method"": ""setBorderColor""}"
65384,reflection,Method.invoke,"{""class"": ""com.facebook.react.uimanager.BaseViewManager"", ""method"": ""setOpacity""}"
65398,reflection,Method.invoke,"{""class"": ""com.facebook.react.uimanager.BaseViewManager"", ""method"": ""setOpacity""}"
65405,reflection,Method.invoke,"{""class"": ""com.facebook.react.uimanager.BaseViewManager"", ""method"": ""setTransform""}"
65413,reflection,Method.invoke,"{""class"": ""com.facebook.react.uimanager.BaseViewManager"", ""method"": ""setTransform""}"
65424,reflection,Method.invoke,"{""class"": ""com.facebook.react.uimanager.BaseViewManager"", ""method"": ""setOpacity""}"
65431,reflection,Method.invoke,"{""class"": ""com.facebook.react.views.view.ReactViewManager"", ""method"": ""setBorderColor""}"
65434,reflection,Method.invoke,"{""class"": ""com.facebook.react.uimanager.BaseViewManager"", ""method"": ""setOpacity""}"
65436,reflection,Method.invoke,"{""class"": ""com.facebook.react.uimanager.BaseViewManager"", ""method"": ""setOpacity""}"
65437,reflection,Method.invoke,"{""class"": ""com.facebook.react.uimanager.BaseViewManager"", ""method"": ""setTransform""}"
65437,reflection,Method.invoke,"{""class"": ""com.facebook.react.uimanager.BaseViewManager"", ""method"": ""setTransform""}"
65438,reflection,Method.invoke,"{""class"": ""com.facebook.react.uimanager.BaseViewManager"", ""method"": ""setOpacity""}"
65439,reflection,Method.invoke,"{""class"": ""com.facebook.react.views.view.ReactViewManager"", ""method"": ""setBorderColor""}"
65446,reflection,Method.invoke,"{""class"": ""com.facebook.react.uimanager.BaseViewManager"", ""method"": ""setOpacity""}"
65447,reflection,Method.invoke,"{""class"": ""com.facebook.react.uimanager.BaseViewManager"", ""method"": ""setOpacity""}"
65447,reflection,Method.invoke,"{""class"": ""com.facebook.react.uimanager.BaseViewManager"", ""method"": ""setTransform""}"
65447,reflection,Method.invoke,"{""class"": ""com.facebook.react.uimanager.BaseViewManager"", ""method"": ""setTransform""}"
65448,reflection,Method.invoke,"{""class"": ""com.facebook.react.uimanager.BaseViewManager"", ""method"": ""setOpacity""}"
65448,reflection,Method.invoke,"{""class"": ""com.facebook.react.views.view.ReactViewManager"", ""method"": ""setBorderColor""}"
65461,reflection,Method.invoke,"{""class"": ""com.facebook.react.uimanager.BaseViewManager"", ""method"": ""setOpacity""}"
65463,reflection,Method.invoke,"{""class"": ""com.facebook.react.uimanager.BaseViewManager"", ""method"": ""setOpacity""}"
65463,reflection,Method.invoke,"{""class"": ""com.facebook.react.uimanager.BaseViewManager"", ""method"": ""setTransform""}"
65464,reflection,Method.invoke,"{""class"": ""com.facebook.react.uimanager.BaseViewManager"", ""method"": ""setTransform""}"
65465,reflection,Method.invoke,"{""class"": ""com.facebook.react.uimanager.BaseViewManager"", ""method"": ""setOpacity""}"
65465,reflection,Method.invoke,"{""class"": ""com.facebook.react.views.view.ReactViewManager"", ""method"": ""setBorderColor""}"
65478,reflection,Method.invoke,"{""class"": ""com.facebook.react.uimanager.BaseViewManager"", ""method"": ""setOpacity""}"
65481,reflection,Method.invoke,"{""class"": ""com.facebook.react.uimanager.BaseViewManager"", ""method"": ""setOpacity""}"
65481,reflection,Method.invoke,"{""class"": ""com.facebook.react.uimanager.BaseViewManager"", ""method"": ""setTransform""}"
65482,reflection,Method.invoke,"{""class"": ""com.facebook.react.uimanager.BaseViewManager"", ""method"": ""setTransform""}"
65482,reflection,Method.invoke,"{""class"": ""com.facebook.react.uimanager.BaseViewManager"", ""method"": ""setOpacity""}"
65483,reflection,Method.invoke,"{""class"": ""com.facebook.react.views.view.ReactViewManager"", ""method"": ""setBorderColor""}"
65496,reflection,Method.invoke,"{""class"": ""com.facebook.react.uimanager.BaseViewManager"", ""method"": ""setOpacity""}"
65499,reflection,Method.invoke,"{""class"": ""com.facebook.react.uimanager.BaseViewManager"", ""method"": ""setOpacity""}"
65499,reflection,Method.invoke,"{""class"": ""com.facebook.react.uimanager.BaseViewManager"", ""method"": ""setTransform""}"
65500,reflection,Method.invoke,"{""class"": ""com.facebook.react.uimanager.BaseViewManager"", ""method"": ""setTransform""}"
65500,reflection,Method.invoke,"{""class"": ""com.facebook.react.uimanager.BaseViewManager"", ""method"": ""setOpacity""}"
65501,reflection,Method.invoke,"{""class"": ""com.facebook.react.views.view.ReactViewManager"", ""method"": ""setBorderColor""}"
65512,reflection,Method.invoke,"{""class"": ""com.facebook.react.uimanager.BaseViewManager"", ""method"": ""setOpacity""}"
65513,reflection,Method.invoke,"{""class"": ""com.facebook.react.uimanager.BaseViewManager"", ""method"": ""setOpacity""}"
65513,reflection,Method.invoke,"{""class"": ""com.facebook.react.uimanager.BaseViewManager"", ""method"": ""setTransform""}"
65513,reflection,Method.invoke,"{""class"": ""com.facebook.react.uimanager.BaseViewManager"", ""method"": ""setTransform""}"
65513,reflection,Method.invoke,"{""class"": ""com.facebook.react.uimanager.BaseViewManager"", ""method"": ""setOpacity""}"
65514,reflection,Method.invoke,"{""class"": ""com.facebook.react.views.view.ReactViewManager"", ""method"": ""setBorderColor""}"
65528,reflection,Method.invoke,"{""class"": ""com.facebook.react.uimanager.BaseViewManager"", ""method"": ""setOpacity""}"
65530,reflection,Method.invoke,"{""class"": ""com.facebook.react.uimanager.BaseViewManager"", ""method"": ""setOpacity""}"
65530,reflection,Method.invoke,"{""class"": ""com.facebook.react.uimanager.BaseViewManager"", ""method"": ""setTransform""}"
65531,reflection,Method.invoke,"{""class"": ""com.facebook.react.uimanager.BaseViewManager"", ""method"": ""setTransform""}"
65532,reflection,Method.invoke,"{""class"": ""com.facebook.react.uimanager.BaseViewManager"", ""method"": ""setOpacity""}"
65533,reflection,Method.invoke,"{""class"": ""com.facebook.react.views.view.ReactViewManager"", ""method"": ""setBorderColor""}"
65544,reflection,Method.invoke,"{""class"": ""com.facebook.react.uimanager.BaseViewManager"", ""method"": ""setOpacity""}"
65545,reflection,Method.invoke,"{""class"": ""com.facebook.react.uimanager.BaseViewManager"", ""method"": ""setOpacity""}"
65546,reflection,Method.invoke,"{""class"": ""com.facebook.react.uimanager.BaseViewManager"", ""method"": ""setTransform""}"
65546,reflection,Method.invoke,"{""class"": ""com.facebook.react.uimanager.BaseViewManager"", ""method"": ""setTransform""}"
65546,reflection,Method.invoke,"{""class"": ""com.facebook.react.uimanager.BaseViewManager"", ""method"": ""setOpacity""}"
65547,reflection,Method.invoke,"{""class"": ""com.facebook.react.views.view.ReactViewManager"", ""method"": ""setBorderColor""}"
65561,reflection,Method.invoke,"{""class"": ""com.facebook.react.uimanager.BaseViewManager"", ""method"": ""setOpacity""}"
65562,reflection,Method.invoke,"{""class"": ""com.facebook.react.uimanager.BaseViewManager"", ""method"": ""setOpacity""}"
65563,reflection,Method.invoke,"{""class"": ""com.facebook.react.uimanager.BaseViewManager"", ""method"": ""setTransform""}"
65563,reflection,Method.invoke,"{""class"": ""com.facebook.react.uimanager.BaseViewManager"", ""method"": ""setTransform""}"
65563,reflection,Method.invoke,"{""class"": ""com.facebook.react.uimanager.BaseViewManager"", ""method"": ""setOpacity""}"
65563,reflection,Method.invoke,"{""class"": ""com.facebook.react.views.view.ReactViewManager"", ""method"": ""setBorderColor""}"
65581,reflection,Method.invoke,"{""class"": ""com.facebook.react.uimanager.BaseViewManager"", ""method"": ""setOpacity""}"
65582,reflection,Method.invoke,"{""class"": ""com.facebook.react.uimanager.BaseViewManager"", ""method"": ""setTransform""}"
65582,reflection,Method.invoke,"{""class"": ""com.facebook.react.uimanager.BaseViewManager"", ""method"": ""setTransform""}"
65582,reflection,Method.invoke,"{""class"": ""com.facebook.react.uimanager.BaseViewManager"", ""method"": ""setOpacity""}"
65583,reflection,Method.invoke,"{""class"": ""com.facebook.react.views.view.ReactViewManager"", ""method"": ""setBorderColor""}"
65595,reflection,Method.invoke,"{""class"": ""com.facebook.react.uimanager.BaseViewManager"", ""method"": ""setOpacity""}"
65596,reflection,Method.invoke,"{""class"": ""com.facebook.react.uimanager.BaseViewManager"", ""method"": ""setTransform""}"
65596,reflection,Method.invoke,"{""class"": ""com.facebook.react.uimanager.BaseViewManager"", ""method"": ""setTransform""}"
65596,reflection,Method.invoke,"{""class"": ""com.facebook.react.uimanager.BaseViewManager"", ""method"": ""setOpacity""}"
65597,reflection,Method.invoke,"{""class"": ""com.facebook.react.views.view.ReactViewManager"", ""method"": ""setBorderColor""}"
65612,reflection,Method.invoke,"{""class"": ""com.facebook.react.uimanager.BaseViewManager"", ""method"": ""setOpacity""}"
65612,reflection,Method.invoke,"{""class"": ""com.facebook.react.uimanager.BaseViewManager"", ""method"": ""setTransform""}"
65613,reflection,Method.invoke,"{""class"": ""com.facebook.react.uimanager.BaseViewManager"", ""method"": ""setTransform""}"
65614,reflection,Method.invoke,"{""class"": ""com.facebook.react.uimanager.BaseViewManager"", ""method"": ""setOpacity""}"
65615,reflection,Method.invoke,"{""class"": ""com.facebook.react.views.view.ReactViewManager"", ""method"": ""setBorderColor""}"
65628,reflection,Method.invoke,"{""class"": ""com.facebook.react.uimanager.BaseViewManager"", ""method"": ""setOpacity""}"
65630,reflection,Method.invoke,"{""class"": ""com.facebook.react.uimanager.BaseViewManager"", ""method"": ""setTransform""}"
65631,reflection,Method.invoke,"{""class"": ""com.facebook.react.uimanager.BaseViewManager"", ""method"": ""setTransform""}"
65632,reflection,Method.invoke,"{""class"": ""com.facebook.react.uimanager.BaseViewManager"", ""method"": ""setOpacity""}"
65632,reflection,Method.invoke,"{""class"": ""com.facebook.react.views.view.ReactViewManager"", ""method"": ""setBorderColor""}"
65646,reflection,Method.invoke,"{""class"": ""com.facebook.react.uimanager.BaseViewManager"", ""method"": ""setOpacity""}"
65646,reflection,Method.invoke,"{""class"": ""com.facebook.react.uimanager.BaseViewManager"", ""method"": ""setTransform""}"
65646,reflection,Method.invoke,"{""class"": ""com.facebook.react.uimanager.BaseViewManager"", ""method"": ""setTransform""}"
65647,reflection,Method.invoke,"{""class"": ""com.facebook.react.uimanager.BaseViewManager"", ""method"": ""setOpacity""}"
65647,reflection,Method.invoke,"{""class"": ""com.facebook.react.views.view.ReactViewManager"", ""method"": ""setBorderColor""}"
65664,reflection,Method.invoke,"{""class"": ""com.facebook.react.uimanager.BaseViewManager"", ""method"": ""setOpacity""}"
65665,reflection,Method.invoke,"{""class"": ""com.facebook.react.uimanager.BaseViewManager"", ""method"": ""setTransform""}"
65665,reflection,Method.invoke,"{""class"": ""com.facebook.react.uimanager.BaseViewManager"", ""method"": ""setTransform""}"
65665,reflection,Method.invoke,"{""class"": ""com.facebook.react.uimanager.BaseViewManager"", ""method"": ""setOpacity""}"
65665,reflection,Method.invoke,"{""class"": ""com.facebook.react.views.view.ReactViewManager"", ""method"": ""setBorderColor""}"
65679,reflection,Method.invoke,"{""class"": ""com.facebook.react.uimanager.BaseViewManager"", ""method"": ""setOpacity""}"
65680,reflection,Method.invoke,"{""class"": ""com.facebook.react.uimanager.BaseViewManager"", ""method"": ""setTransform""}"
65680,reflection,Method.invoke,"{""class"": ""com.facebook.react.uimanager.BaseViewManager"", ""method"": ""setTransform""}"
65682,reflection,Method.invoke,"{""class"": ""com.facebook.react.uimanager.BaseViewManager"", ""method"": ""setOpacity""}"
65683,reflection,Method.invoke,"{""class"": ""com.facebook.react.views.view.ReactViewManager"", ""method"": ""setBorderColor""}"
65696,reflection,Method.invoke,"{""class"": ""com.facebook.react.uimanager.BaseViewManager"", ""method"": ""setOpacity""}"
65696,reflection,Method.invoke,"{""class"": ""com.facebook.react.uimanager.BaseViewManager"", ""method"": ""setTransform""}"
65697,reflection,Method.invoke,"{""class"": ""com.facebook.react.uimanager.BaseViewManager"", ""method"": ""setTransform""}"
65697,reflection,Method.invoke,"{""class"": ""com.facebook.react.uimanager.BaseViewManager"", ""method"": ""setOpacity""}"
65697,reflection,Method.invoke,"{""class"": ""com.facebook.react.views.view.ReactViewManager"", ""method"": ""setBorderColor""}"
65713,reflection,Method.invoke,"{""class"": ""com.facebook.react.uimanager.BaseViewManager"", ""method"": ""setOpacity""}"
65713,reflection,Method.invoke,"{""class"": ""com.facebook.react.uimanager.BaseViewManager"", ""method"": ""setTransform""}"
65713,reflection,Method.invoke,"{""class"": ""com.facebook.react.uimanager.BaseViewManager"", ""method"": ""setTransform""}"
65713,reflection,Method.invoke,"{""class"": ""com.facebook.react.uimanager.BaseViewManager"", ""method"": ""setOpacity""}"
65714,reflection,Method.invoke,"{""class"": ""com.facebook.react.views.view.ReactViewManager"", ""method"": ""setBorderColor""}"
65729,reflection,Method.invoke,"{""class"": ""com.facebook.react.uimanager.BaseViewManager"", ""method"": ""setOpacity""}"
65730,reflection,Method.invoke,"{""class"": ""com.facebook.react.uimanager.BaseViewManager"", ""method"": ""setTransform""}"
65731,reflection,Method.invoke,"{""class"": ""com.facebook.react.uimanager.BaseViewManager"", ""method"": ""setTransform""}"
65732,reflection,Method.invoke,"{""class"": ""com.facebook.react.uimanager.BaseViewManager"", ""method"": ""setOpacity""}"
65732,reflection,Method.invoke,"{""class"": ""com.facebook.react.views.view.ReactViewManager"", ""method"": ""setBorderColor""}"
65747,reflection,Method.invoke,"{""class"": ""com.facebook.react.uimanager.BaseViewManager"", ""method"": ""setOpacity""}"
65748,reflection,Method.invoke,"{""class"": ""com.facebook.react.uimanager.BaseViewManager"", ""method"": ""setTransform""}"
65749,reflection,Method.invoke,"{""class"": ""com.facebook.react.uimanager.BaseViewManager"", ""method"": ""setTransform""}"
65750,reflection,Method.invoke,"{""class"": ""com.facebook.react.uimanager.BaseViewManager"", ""method"": ""setOpacity""}"
65751,reflection,Method.invoke,"{""class"": ""com.facebook.react.views.view.ReactViewManager"", ""method"": ""setBorderColor""}"
65762,reflection,Method.invoke,"{""class"": ""com.facebook.react.uimanager.BaseViewManager"", ""method"": ""setOpacity""}"
65763,reflection,Method.invoke,"{""class"": ""com.facebook.react.uimanager.BaseViewManager"", ""method"": ""setTransform""}"
65763,reflection,Method.invoke,"{""class"": ""com.facebook.react.uimanager.BaseViewManager"", ""method"": ""setTransform""}"
65763,reflection,Method.invoke,"{""class"": ""com.facebook.react.uimanager.BaseViewManager"", ""method"": ""setOpacity""}"
65763,reflection,Method.invoke,"{""class"": ""com.facebook.react.views.view.ReactViewManager"", ""method"": ""setBorderColor""}"
65781,reflection,Method.invoke,"{""class"": ""com.facebook.react.uimanager.BaseViewManager"", ""method"": ""setOpacity""}"
65781,reflection,Method.invoke,"{""class"": ""com.facebook.react.uimanager.BaseViewManager"", ""method"": ""setTransform""}"
65782,reflection,Method.invoke,"{""class"": ""com.facebook.react.uimanager.BaseViewManager"", ""method"": ""setTransform""}"
65783,reflection,Method.invoke,"{""class"": ""com.facebook.react.uimanager.BaseViewManager"", ""method"": ""setOpacity""}"
65783,reflection,Method.invoke,"{""class"": ""com.facebook.react.views.view.ReactViewManager"", ""method"": ""setBorderColor""}"
65798,reflection,Method.invoke,"{""class"": ""com.facebook.react.uimanager.BaseViewManager"", ""method"": ""setOpacity""}"
65798,reflection,Method.invoke,"{""class"": ""com.facebook.react.uimanager.BaseViewManager"", ""method"": ""setTransform""}"
65800,reflection,Method.invoke,"{""class"": ""com.facebook.react.uimanager.BaseViewManager"", ""method"": ""setTransform""}"
65801,reflection,Method.invoke,"{""class"": ""com.facebook.react.uimanager.BaseViewManager"", ""method"": ""setOpacity""}"
65802,reflection,Method.invoke,"{""class"": ""com.facebook.react.views.view.ReactViewManager"", ""method"": ""setBorderColor""}"
65813,reflection,Method.invoke,"{""class"": ""com.facebook.react.uimanager.BaseViewManager"", ""method"": ""setOpacity""}"
65813,reflection,Method.invoke,"{""class"": ""com.facebook.react.uimanager.BaseViewManager"", ""method"": ""setTransform""}"
65813,reflection,Method.invoke,"{""class"": ""com.facebook.react.uimanager.BaseViewManager"", ""method"": ""setTransform""}"
65813,reflection,Method.invoke,"{""class"": ""com.facebook.react.uimanager.BaseViewManager"", ""method"": ""setOpacity""}"
65814,reflection,Method.invoke,"{""class"": ""com.facebook.react.views.view.ReactViewManager"", ""method"": ""setBorderColor""}"
65832,reflection,Method.invoke,"{""class"": ""com.facebook.react.uimanager.BaseViewManager"", ""method"": ""setOpacity""}"
65833,reflection,Method.invoke,"{""class"": ""com.facebook.react.uimanager.BaseViewManager"", ""method"": ""setTransform""}"
65834,reflection,Method.invoke,"{""class"": ""com.facebook.react.uimanager.BaseViewManager"", ""method"": ""setTransform""}"
65834,reflection,Method.invoke,"{""class"": ""com.facebook.react.uimanager.BaseViewManager"", ""method"": ""setOpacity""}"
65835,reflection,Method.invoke,"{""class"": ""com.facebook.react.views.view.ReactViewManager"", ""method"": ""setBorderColor""}"
65846,reflection,Method.invoke,"{""class"": ""com.facebook.react.uimanager.BaseViewManager"", ""method"": ""setOpacity""}"
65847,reflection,Method.invoke,"{""class"": ""com.facebook.react.uimanager.BaseViewManager"", ""method"": ""setTransform""}"
65848,reflection,Method.invoke,"{""class"": ""com.facebook.react.uimanager.BaseViewManager"", ""method"": ""setTransform""}"
65849,reflection,Method.invoke,"{""class"": ""com.facebook.react.uimanager.BaseViewManager"", ""method"": ""setOpacity""}"
65850,reflection,Method.invoke,"{""class"": ""com.facebook.react.views.view.ReactViewManager"", ""method"": ""setBorderColor""}"
65863,reflection,Method.invoke,"{""class"": ""com.facebook.react.uimanager.BaseViewManager"", ""method"": ""setOpacity""}"
65863,reflection,Method.invoke,"{""class"": ""com.facebook.react.uimanager.BaseViewManager"", ""method"": ""setTransform""}"
65864,reflection,Method.invoke,"{""class"": ""com.facebook.react.uimanager.BaseViewManager"", ""method"": ""setTransform""}"
65864,reflection,Method.invoke,"{""class"": ""com.facebook.react.uimanager.BaseViewManager"", ""method"": ""setOpacity""}"
65865,reflection,Method.invoke,"{""class"": ""com.facebook.react.views.view.ReactViewManager"", ""method"": ""setBorderColor""}"
65880,reflection,Method.invoke,"{""class"": ""com.facebook.react.uimanager.BaseViewManager"", ""method"": ""setOpacity""}"
65881,reflection,Method.invoke,"{""class"": ""com.facebook.react.uimanager.BaseViewManager"", ""method"": ""setTransform""}"
65881,reflection,Method.invoke,"{""class"": ""com.facebook.react.uimanager.BaseViewManager"", ""method"": ""setTransform""}"
65882,reflection,Method.invoke,"{""class"": ""com.facebook.react.uimanager.BaseViewManager"", ""method"": ""setOpacity""}"
65883,reflection,Method.invoke,"{""class"": ""com.facebook.react.views.view.ReactViewManager"", ""method"": ""setBorderColor""}"
65895,reflection,Method.invoke,"{""class"": ""com.facebook.react.uimanager.BaseViewManager"", ""method"": ""setOpacity""}"
65895,reflection,Method.invoke,"{""class"": ""com.facebook.react.uimanager.BaseViewManager"", ""method"": ""setTransform""}"
65896,reflection,Method.invoke,"{""class"": ""com.facebook.react.uimanager.BaseViewManager"", ""method"": ""setTransform""}"
65896,reflection,Method.invoke,"{""class"": ""com.facebook.react.uimanager.BaseViewManager"", ""method"": ""setOpacity""}"
65896,reflection,Method.invoke,"{""class"": ""com.facebook.react.views.view.ReactViewManager"", ""method"": ""setBorderColor""}"
65912,reflection,Method.invoke,"{""class"": ""com.facebook.react.uimanager.BaseViewManager"", ""method"": ""setOpacity""}"
65913,reflection,Method.invoke,"{""class"": ""com.facebook.react.uimanager.BaseViewManager"", ""method"": ""setTransform""}"
65913,reflection,Method.invoke,"{""class"": ""com.facebook.react.uimanager.BaseViewManager"", ""method"": ""setTransform""}"
65913,reflection,Method.invoke,"{""class"": ""com.facebook.react.uimanager.BaseViewManager"", ""method"": ""setOpacity""}"
65914,reflection,Method.invoke,"{""class"": ""com.facebook.react.views.view.ReactViewManager"", ""method"": ""setBorderColor""}"
65929,reflection,Method.invoke,"{""class"": ""com.facebook.react.uimanager.BaseViewManager"", ""method"": ""setOpacity""}"
65930,reflection,Method.invoke,"{""class"": ""com.facebook.react.uimanager.BaseViewManager"", ""method"": ""setTransform""}"
65931,reflection,Method.invoke,"{""class"": ""com.facebook.react.uimanager.BaseViewManager"", ""method"": ""setTransform""}"
65932,reflection,Method.invoke,"{""class"": ""com.facebook.react.uimanager.BaseViewManager"", ""method"": ""setOpacity""}"
65933,reflection,Method.invoke,"{""class"": ""com.facebook.react.views.view.ReactViewManager"", ""method"": ""setBorderColor""}"
65948,reflection,Method.invoke,"{""class"": ""com.facebook.react.uimanager.BaseViewManager"", ""method"": ""setOpacity""}"
65948,reflection,Method.invoke,"{""class"": ""com.facebook.react.uimanager.BaseViewManager"", ""method"": ""setTransform""}"
65949,reflection,Method.invoke,"{""class"": ""com.facebook.react.uimanager.BaseViewManager"", ""method"": ""setTransform""}"
65949,reflection,Method.invoke,"{""class"": ""com.facebook.react.uimanager.BaseViewManager"", ""method"": ""setOpacity""}"
65949,reflection,Method.invoke,"{""class"": ""com.facebook.react.views.view.ReactViewManager"", ""method"": ""setBorderColor""}"
65964,reflection,Method.invoke,"{""class"": ""com.facebook.react.uimanager.BaseViewManager"", ""method"": ""setOpacity""}"
65965,reflection,Method.invoke,"{""class"": ""com.facebook.react.uimanager.BaseViewManager"", ""method"": ""setTransform""}"
65965,reflection,Method.invoke,"{""class"": ""com.facebook.react.uimanager.BaseViewManager"", ""method"": ""setTransform""}"
65966,reflection,Method.invoke,"{""class"": ""com.facebook.react.uimanager.BaseViewManager"", ""method"": ""setOpacity""}"
65967,reflection,Method.invoke,"{""class"": ""com.facebook.react.views.view.ReactViewManager"", ""method"": ""setBorderColor""}"
65980,reflection,Method.invoke,"{""class"": ""com.facebook.react.uimanager.BaseViewManager"", ""method"": ""setOpacity""}"
65980,reflection,Method.invoke,"{""class"": ""com.facebook.react.uimanager.BaseViewManager"", ""method"": ""setTransform""}"
65980,reflection,Method.invoke,"{""class"": ""com.facebook.react.uimanager.BaseViewManager"", ""method"": ""setTransform""}"
65981,reflection,Method.invoke,"{""class"": ""com.facebook.react.uimanager.BaseViewManager"", ""method"": ""setOpacity""}"
65981,reflection,Method.invoke,"{""class"": ""com.facebook.react.views.view.ReactViewManager"", ""method"": ""setBorderColor""}"
65996,reflection,Method.invoke,"{""class"": ""com.facebook.react.uimanager.BaseViewManager"", ""method"": ""setOpacity""}"
65998,reflection,Method.invoke,"{""class"": ""com.facebook.react.uimanager.BaseViewManager"", ""method"": ""setTransform""}"
65998,reflection,Method.invoke,"{""class"": ""com.facebook.react.uimanager.BaseViewManager"", ""method"": ""setTransform""}"
65998,reflection,Method.invoke,"{""class"": ""com.facebook.react.uimanager.BaseViewManager"", ""method"": ""setOpacity""}"
65998,reflection,Method.invoke,"{""class"": ""com.facebook.react.views.view.ReactViewManager"", ""method"": ""setBorderColor""}"
66012,reflection,Method.invoke,"{""class"": ""com.facebook.react.uimanager.BaseViewManager"", ""method"": ""setOpacity""}"
66013,reflection,Method.invoke,"{""class"": ""com.facebook.react.uimanager.BaseViewManager"", ""method"": ""setTransform""}"
66013,reflection,Method.invoke,"{""class"": ""com.facebook.react.uimanager.BaseViewManager"", ""method"": ""setTransform""}"
66013,reflection,Method.invoke,"{""class"": ""com.facebook.react.uimanager.BaseViewManager"", ""method"": ""setOpacity""}"
66014,reflection,Method.invoke,"{""class"": ""com.facebook.react.views.view.ReactViewManager"", ""method"": ""setBorderColor""}"
66029,reflection,Method.invoke,"{""class"": ""com.facebook.react.uimanager.BaseViewManager"", ""method"": ""setOpacity""}"
66029,reflection,Method.invoke,"{""class"": ""com.facebook.react.uimanager.BaseViewManager"", ""method"": ""setTransform""}"
66030,reflection,Method.invoke,"{""class"": ""com.facebook.react.uimanager.BaseViewManager"", ""method"": ""setTransform""}"
66030,reflection,Method.invoke,"{""class"": ""com.facebook.react.uimanager.BaseViewManager"", ""method"": ""setOpacity""}"
66030,reflection,Method.invoke,"{""class"": ""com.facebook.react.views.view.ReactViewManager"", ""method"": ""setBorderColor""}"
66046,reflection,Method.invoke,"{""class"": ""com.facebook.react.uimanager.BaseViewManager"", ""method"": ""setOpacity""}"
66047,reflection,Method.invoke,"{""class"": ""com.facebook.react.uimanager.BaseViewManager"", ""method"": ""setTransform""}"
66047,reflection,Method.invoke,"{""class"": ""com.facebook.react.uimanager.BaseViewManager"", ""method"": ""setTransform""}"
66048,reflection,Method.invoke,"{""class"": ""com.facebook.react.uimanager.BaseViewManager"", ""method"": ""setOpacity""}"
66049,reflection,Method.invoke,"{""class"": ""com.facebook.react.views.view.ReactViewManager"", ""method"": ""setBorderColor""}"
66065,reflection,Method.invoke,"{""class"": ""com.facebook.react.uimanager.BaseViewManager"", ""method"": ""setOpacity""}"
66065,reflection,Method.invoke,"{""class"": ""com.facebook.react.uimanager.BaseViewManager"", ""method"": ""setTransform""}"
66066,reflection,Method.invoke,"{""class"": ""com.facebook.react.uimanager.BaseViewManager"", ""method"": ""setTransform""}"
66067,reflection,Method.invoke,"{""class"": ""com.facebook.react.uimanager.BaseViewManager"", ""method"": ""setOpacity""}"
66068,reflection,Method.invoke,"{""class"": ""com.facebook.react.views.view.ReactViewManager"", ""method"": ""setBorderColor""}"
66078,reflection,Method.invoke,"{""class"": ""com.facebook.react.uimanager.BaseViewManager"", ""method"": ""setOpacity""}"
66079,reflection,Method.invoke,"{""class"": ""com.facebook.react.uimanager.BaseViewManager"", ""method"": ""setTransform""}"
66079,reflection,Method.invoke,"{""class"": ""com.facebook.react.uimanager.BaseViewManager"", ""method"": ""setTransform""}"
66079,reflection,Method.invoke,"{""class"": ""com.facebook.react.uimanager.BaseViewManager"", ""method"": ""setOpacity""}"
66080,reflection,Method.invoke,"{""class"": ""com.facebook.react.views.view.ReactViewManager"", ""method"": ""setBorderColor""}"
66097,reflection,Method.invoke,"{""class"": ""com.facebook.react.uimanager.BaseViewManager"", ""method"": ""setOpacity""}"
66097,reflection,Method.invoke,"{""class"": ""com.facebook.react.uimanager.BaseViewManager"", ""method"": ""setTransform""}"
66097,reflection,Method.invoke,"{""class"": ""com.facebook.react.uimanager.BaseViewManager"", ""method"": ""setTransform""}"
66098,reflection,Method.invoke,"{""class"": ""com.facebook.react.uimanager.BaseViewManager"", ""method"": ""setOpacity""}"
66098,reflection,Method.invoke,"{""class"": ""com.facebook.react.views.view.ReactViewManager"", ""method"": ""setBorderColor""}"
66112,reflection,Method.invoke,"{""class"": ""com.facebook.react.uimanager.BaseViewManager"", ""method"": ""setOpacity""}"
66112,reflection,Method.invoke,"{""class"": ""com.facebook.react.uimanager.BaseViewManager"", ""method"": ""setTransform""}"
66113,reflection,Method.invoke,"{""class"": ""com.facebook.react.uimanager.BaseViewManager"", ""method"": ""setTransform""}"
66113,reflection,Method.invoke,"{""class"": ""com.facebook.react.uimanager.BaseViewManager"", ""method"": ""setOpacity""}"
66113,reflection,Method.invoke,"{""class"": ""com.facebook.react.views.view.ReactViewManager"", ""method"": ""setBorderColor""}"
66132,reflection,Method.invoke,"{""class"": ""com.facebook.react.uimanager.BaseViewManager"", ""method"": ""setOpacity""}"
66132,reflection,Method.invoke,"{""class"": ""com.facebook.react.uimanager.BaseViewManager"", ""method"": ""setTransform""}"
66133,reflection,Method.invoke,"{""class"": ""com.facebook.react.uimanager.BaseViewManager"", ""method"": ""setTransform""}"
66134,reflection,Method.invoke,"{""class"": ""com.facebook.react.uimanager.BaseViewManager"", ""method"": ""setOpacity""}"
66134,reflection,Method.invoke,"{""class"": ""com.facebook.react.views.view.ReactViewManager"", ""method"": ""setBorderColor""}"
66146,reflection,Method.invoke,"{""class"": ""com.facebook.react.uimanager.BaseViewManager"", ""method"": ""setOpacity""}"
66146,reflection,Method.invoke,"{""class"": ""com.facebook.react.uimanager.BaseViewManager"", ""method"": ""setTransform""}"
66147,reflection,Method.invoke,"{""class"": ""com.facebook.react.uimanager.BaseViewManager"", ""method"": ""setTransform""}"
66147,reflection,Method.invoke,"{""class"": ""com.facebook.react.uimanager.BaseViewManager"", ""method"": ""setOpacity""}"
66147,reflection,Method.invoke,"{""class"": ""com.facebook.react.views.view.ReactViewManager"", ""method"": ""setBorderColor""}"
66162,reflection,Method.invoke,"{""class"": ""com.facebook.react.uimanager.BaseViewManager"", ""method"": ""setOpacity""}"
66162,reflection,Method.invoke,"{""class"": ""com.facebook.react.uimanager.BaseViewManager"", ""method"": ""setTransform""}"
66163,reflection,Method.invoke,"{""class"": ""com.facebook.react.uimanager.BaseViewManager"", ""method"": ""setTransform""}"
66163,reflection,Method.invoke,"{""class"": ""com.facebook.react.uimanager.BaseViewManager"", ""method"": ""setOpacity""}"
66163,reflection,Method.invoke,"{""class"": ""com.facebook.react.views.view.ReactViewManager"", ""method"": ""setBorderColor""}"
66180,reflection,Method.invoke,"{""class"": ""com.facebook.react.uimanager.BaseViewManager"", ""method"": ""setOpacity""}"
66181,reflection,Method.invoke,"{""class"": ""com.facebook.react.uimanager.BaseViewManager"", ""method"": ""setTransform""}"
66182,reflection,Method.invoke,"{""class"": ""com.facebook.react.uimanager.BaseViewManager"", ""method"": ""setTransform""}"
66183,reflection,Method.invoke,"{""class"": ""com.facebook.react.uimanager.BaseViewManager"", ""method"": ""setOpacity""}"
66184,reflection,Method.invoke,"{""class"": ""com.facebook.react.views.view.ReactViewManager"", ""method"": ""setBorderColor""}"
66196,reflection,Method.invoke,"{""class"": ""com.facebook.react.uimanager.BaseViewManager"", ""method"": ""setOpacity""}"
66196,reflection,Method.invoke,"{""class"": ""com.facebook.react.uimanager.BaseViewManager"", ""method"": ""setTransform""}"
66197,reflection,Method.invoke,"{""class"": ""com.facebook.react.uimanager.BaseViewManager"", ""method"": ""setTransform""}"
66198,reflection,Method.invoke,"{""class"": ""com.facebook.react.uimanager.BaseViewManager"", ""method"": ""setOpacity""}"
66199,reflection,Method.invoke,"{""class"": ""com.facebook.react.views.view.ReactViewManager"", ""method"": ""setBorderColor""}"
66212,reflection,Method.invoke,"{""class"": ""com.facebook.react.uimanager.BaseViewManager"", ""method"": ""setOpacity""}"
66212,reflection,Method.invoke,"{""class"": ""com.facebook.react.uimanager.BaseViewManager"", ""method"": ""setTransform""}"
66213,reflection,Method.invoke,"{""class"": ""com.facebook.react.uimanager.BaseViewManager"", ""method"": ""setTransform""}"
66213,reflection,Method.invoke,"{""class"": ""com.facebook.react.uimanager.BaseViewManager"", ""method"": ""setOpacity""}"
66214,reflection,Method.invoke,"{""class"": ""com.facebook.react.views.view.ReactViewManager"", ""method"": ""setBorderColor""}"
66229,reflection,Method.invoke,"{""class"": ""com.facebook.react.uimanager.BaseViewManager"", ""method"": ""setOpacity""}"
66229,reflection,Method.invoke,"{""class"": ""com.facebook.react.uimanager.BaseViewManager"", ""method"": ""setTransform""}"
66230,reflection,Method.invoke,"{""class"": ""com.facebook.react.uimanager.BaseViewManager"", ""method"": ""setTransform""}"
66231,reflection,Method.invoke,"{""class"": ""com.facebook.react.uimanager.BaseViewManager"", ""method"": ""setOpacity""}"
66231,reflection,Method.invoke,"{""class"": ""com.facebook.react.views.view.ReactViewManager"", ""method"": ""setBorderColor""}"
66247,reflection,Method.invoke,"{""class"": ""com.facebook.react.uimanager.BaseViewManager"", ""method"": ""setOpacity""}"
66247,reflection,Method.invoke,"{""class"": ""com.facebook.react.uimanager.BaseViewManager"", ""method"": ""setTransform""}"
66248,reflection,Method.invoke,"{""class"": ""com.facebook.react.uimanager.BaseViewManager"", ""method"": ""setTransform""}"
66249,reflection,Method.invoke,"{""class"": ""com.facebook.react.uimanager.BaseViewManager"", ""method"": ""setOpacity""}"
66250,reflection,Method.invoke,"{""class"": ""com.facebook.react.views.view.ReactViewManager"", ""method"": ""setBorderColor""}"
66263,reflection,Method.invoke,"{""class"": ""com.facebook.react.uimanager.BaseViewManager"", ""method"": ""setOpacity""}"
66264,reflection,Method.invoke,"{""class"": ""com.facebook.react.uimanager.BaseViewManager"", ""method"": ""setTransform""}"
66264,reflection,Method.invoke,"{""class"": ""com.facebook.react.uimanager.BaseViewManager"", ""method"": ""setTransform""}"
66264,reflection,Method.invoke,"{""class"": ""com.facebook.react.uimanager.BaseViewManager"", ""method"": ""setOpacity""}"
66264,reflection,Method.invoke,"{""class"": ""com.facebook.react.views.view.ReactViewManager"", ""method"": ""setBorderColor""}"
66280,reflection,Method.invoke,"{""class"": ""com.facebook.react.uimanager.BaseViewManager"", ""method"": ""setOpacity""}"
66280,reflection,Method.invoke,"{""class"": ""com.facebook.react.uimanager.BaseViewManager"", ""method"": ""setTransform""}"
66280,reflection,Method.invoke,"{""class"": ""com.facebook.react.uimanager.BaseViewManager"", ""method"": ""setTransform""}"
66280,reflection,Method.invoke,"{""class"": ""com.facebook.react.uimanager.BaseViewManager"", ""method"": ""setOpacity""}"
66281,reflection,Method.invoke,"{""class"": ""com.facebook.react.views.view.ReactViewManager"", ""method"": ""setBorderColor""}"
66296,reflection,Method.invoke,"{""class"": ""com.facebook.react.uimanager.BaseViewManager"", ""method"": ""setOpacity""}"
66296,reflection,Method.invoke,"{""class"": ""com.facebook.react.uimanager.BaseViewManager"", ""method"": ""setTransform""}"
66296,reflection,Method.invoke,"{""class"": ""com.facebook.react.uimanager.BaseViewManager"", ""method"": ""setTransform""}"
66297,reflection,Method.invoke,"{""class"": ""com.facebook.react.uimanager.BaseViewManager"", ""method"": ""setOpacity""}"
66297,reflection,Method.invoke,"{""class"": ""com.facebook.react.views.view.ReactViewManager"", ""method"": ""setBorderColor""}"
66312,reflection,Method.invoke,"{""class"": ""com.facebook.react.uimanager.BaseViewManager"", ""method"": ""setOpacity""}"
66313,reflection,Method.invoke,"{""class"": ""com.facebook.react.uimanager.BaseViewManager"", ""method"": ""setTransform""}"
66313,reflection,Method.invoke,"{""class"": ""com.facebook.react.uimanager.BaseViewManager"", ""method"": ""setTransform""}"
66314,reflection,Method.invoke,"{""class"": ""com.facebook.react.uimanager.BaseViewManager"", ""method"": ""setOpacity""}"
66314,reflection,Method.invoke,"{""class"": ""com.facebook.react.views.view.ReactViewManager"", ""method"": ""setBorderColor""}"
66329,reflection,Method.invoke,"{""class"": ""com.facebook.react.uimanager.BaseViewManager"", ""method"": ""setOpacity""}"
66330,reflection,Method.invoke,"{""class"": ""com.facebook.react.uimanager.BaseViewManager"", ""method"": ""setTransform""}"
66332,reflection,Method.invoke,"{""class"": ""com.facebook.react.uimanager.BaseViewManager"", ""method"": ""setTransform""}"
66332,reflection,Method.invoke,"{""class"": ""com.facebook.react.uimanager.BaseViewManager"", ""method"": ""setOpacity""}"
66333,reflection,Method.invoke,"{""class"": ""com.facebook.react.views.view.ReactViewManager"", ""method"": ""setBorderColor""}"
66345,reflection,Method.invoke,"{""class"": ""com.facebook.react.uimanager.BaseViewManager"", ""method"": ""setOpacity""}"
66347,reflection,Method.invoke,"{""class"": ""com.facebook.react.uimanager.BaseViewManager"", ""method"": ""setTransform""}"
66349,reflection,Method.invoke,"{""class"": ""com.facebook.react.uimanager.BaseViewManager"", ""method"": ""setTransform""}"
66349,reflection,Method.invoke,"{""class"": ""com.facebook.react.uimanager.BaseViewManager"", ""method"": ""setOpacity""}"
66350,reflection,Method.invoke,"{""class"": ""com.facebook.react.views.view.ReactViewManager"", ""method"": ""setBorderColor""}"
66366,reflection,Method.invoke,"{""class"": ""com.facebook.react.uimanager.BaseViewManager"", ""method"": ""setOpacity""}"
66367,reflection,Method.invoke,"{""class"": ""com.facebook.react.uimanager.BaseViewManager"", ""method"": ""setTransform""}"
66367,reflection,Method.invoke,"{""class"": ""com.facebook.react.uimanager.BaseViewManager"", ""method"": ""setTransform""}"
66368,reflection,Method.invoke,"{""class"": ""com.facebook.react.uimanager.BaseViewManager"", ""method"": ""setOpacity""}"
66368,reflection,Method.invoke,"{""class"": ""com.facebook.react.views.view.ReactViewManager"", ""method"": ""setBorderColor""}"
66380,reflection,Method.invoke,"{""class"": ""com.facebook.react.uimanager.BaseViewManager"", ""method"": ""setOpacity""}"
66380,reflection,Method.invoke,"{""class"": ""com.facebook.react.uimanager.BaseViewManager"", ""method"": ""setTransform""}"
66382,reflection,Method.invoke,"{""class"": ""com.facebook.react.uimanager.BaseViewManager"", ""method"": ""setTransform""}"
66383,reflection,Method.invoke,"{""class"": ""com.facebook.react.uimanager.BaseViewManager"", ""method"": ""setOpacity""}"
66384,reflection,Method.invoke,"{""class"": ""com.facebook.react.views.view.ReactViewManager"", ""method"": ""setBorderColor""}"
66395,reflection,Method.invoke,"{""class"": ""com.facebook.react.uimanager.BaseViewManager"", ""method"": ""setOpacity""}"
66396,reflection,Method.invoke,"{""class"": ""com.facebook.react.uimanager.BaseViewManager"", ""method"": ""setTransform""}"
66396,reflection,Method.invoke,"{""class"": ""com.facebook.react.uimanager.BaseViewManager"", ""method"": ""setTransform""}"
66396,reflection,Method.invoke,"{""class"": ""com.facebook.react.uimanager.BaseViewManager"", ""method"": ""setOpacity""}"
66396,reflection,Method.invoke,"{""class"": ""com.facebook.react.views.view.ReactViewManager"", ""method"": ""setBorderColor""}"
66412,reflection,Method.invoke,"{""class"": ""com.facebook.react.uimanager.BaseViewManager"", ""method"": ""setOpacity""}"
66413,reflection,Method.invoke,"{""class"": ""com.facebook.react.uimanager.BaseViewManager"", ""method"": ""setTransform""}"
66414,reflection,Method.invoke,"{""class"": ""com.facebook.react.uimanager.BaseViewManager"", ""method"": ""setTransform""}"
66415,reflection,Method.invoke,"{""class"": ""com.facebook.react.uimanager.BaseViewManager"", ""method"": ""setOpacity""}"
66416,reflection,Method.invoke,"{""class"": ""com.facebook.react.views.view.ReactViewManager"", ""method"": ""setBorderColor""}"
66431,reflection,Method.invoke,"{""class"": ""com.facebook.react.uimanager.BaseViewManager"", ""method"": ""setOpacity""}"
66432,reflection,Method.invoke,"{""class"": ""com.facebook.react.uimanager.BaseViewManager"", ""method"": ""setTransform""}"
66432,reflection,Method.invoke,"{""class"": ""com.facebook.react.uimanager.BaseViewManager"", ""method"": ""setTransform""}"
66433,reflection,Method.invoke,"{""class"": ""com.facebook.react.uimanager.BaseViewManager"", ""method"": ""setOpacity""}"
66435,reflection,Method.invoke,"{""class"": ""com.facebook.react.views.view.ReactViewManager"", ""method"": ""setBorderColor""}"
66445,reflection,Method.invoke,"{""class"": ""com.facebook.react.uimanager.BaseViewManager"", ""method"": ""setOpacity""}"
66446,reflection,Method.invoke,"{""class"": ""com.facebook.react.uimanager.BaseViewManager"", ""method"": ""setTransform""}"
66446,reflection,Method.invoke,"{""class"": ""com.facebook.react.uimanager.BaseViewManager"", ""method"": ""setTransform""}"
66446,reflection,Method.invoke,"{""class"": ""com.facebook.react.uimanager.BaseViewManager"", ""method"": ""setOpacity""}"
66446,reflection,Method.invoke,"{""class"": ""com.facebook.react.views.view.ReactViewManager"", ""method"": ""setBorderColor""}"
66463,reflection,Method.invoke,"{""class"": ""com.facebook.react.uimanager.BaseViewManager"", ""method"": ""setOpacity""}"
66463,reflection,Method.invoke,"{""class"": ""com.facebook.react.uimanager.BaseViewManager"", ""method"": ""setTransform""}"
66463,reflection,Method.invoke,"{""class"": ""com.facebook.react.uimanager.BaseViewManager"", ""method"": ""setTransform""}"
66463,reflection,Method.invoke,"{""class"": ""com.facebook.react.uimanager.BaseViewManager"", ""method"": ""setOpacity""}"
66464,reflection,Method.invoke,"{""class"": ""com.facebook.react.views.view.ReactViewManager"", ""method"": ""setBorderColor""}"
66479,reflection,Method.invoke,"{""class"": ""com.facebook.react.uimanager.BaseViewManager"", ""method"": ""setOpacity""}"
66479,reflection,Method.invoke,"{""class"": ""com.facebook.react.uimanager.BaseViewManager"", ""method"": ""setTransform""}"
66479,reflection,Method.invoke,"{""class"": ""com.facebook.react.uimanager.BaseViewManager"", ""method"": ""setTransform""}"
66480,reflection,Method.invoke,"{""class"": ""com.facebook.react.uimanager.BaseViewManager"", ""method"": ""setOpacity""}"
66480,reflection,Method.invoke,"{""class"": ""com.facebook.react.views.view.ReactViewManager"", ""method"": ""setBorderColor""}"
66496,reflection,Method.invoke,"{""class"": ""com.facebook.react.uimanager.BaseViewManager"", ""method"": ""setOpacity""}"
66496,reflection,Method.invoke,"{""class"": ""com.facebook.react.uimanager.BaseViewManager"", ""method"": ""setTransform""}"
66497,reflection,Method.invoke,"{""class"": ""com.facebook.react.uimanager.BaseViewManager"", ""method"": ""setTransform""}"
66497,reflection,Method.invoke,"{""class"": ""com.facebook.react.uimanager.BaseViewManager"", ""method"": ""setOpacity""}"
66497,reflection,Method.invoke,"{""class"": ""com.facebook.react.views.view.ReactViewManager"", ""method"": ""setBorderColor""}"
66512,reflection,Method.invoke,"{""class"": ""com.facebook.react.uimanager.BaseViewManager"", ""method"": ""setOpacity""}"
66512,reflection,Method.invoke,"{""class"": ""com.facebook.react.uimanager.BaseViewManager"", ""method"": ""setTransform""}"
66513,reflection,Method.invoke,"{""class"": ""com.facebook.react.uimanager.BaseViewManager"", ""method"": ""setTransform""}"
66513,reflection,Method.invoke,"{""class"": ""com.facebook.react.uimanager.BaseViewManager"", ""method"": ""setOpacity""}"
66513,reflection,Method.invoke,"{""class"": ""com.facebook.react.views.view.ReactViewManager"", ""method"": ""setBorderColor""}"
66529,reflection,Method.invoke,"{""class"": ""com.facebook.react.uimanager.BaseViewManager"", ""method"": ""setOpacity""}"
66530,reflection,Method.invoke,"{""class"": ""com.facebook.react.uimanager.BaseViewManager"", ""method"": ""setTransform""}"
66531,reflection,Method.invoke,"{""class"": ""com.facebook.react.uimanager.BaseViewManager"", ""method"": ""setTransform""}"
66531,reflection,Method.invoke,"{""class"": ""com.facebook.react.uimanager.BaseViewManager"", ""method"": ""setOpacity""}"
66532,reflection,Method.invoke,"{""class"": ""com.facebook.react.views.view.ReactViewManager"", ""method"": ""setBorderColor""}"
66546,reflection,Method.invoke,"{""class"": ""com.facebook.react.uimanager.BaseViewManager"", ""method"": ""setOpacity""}"
66546,reflection,Method.invoke,"{""class"": ""com.facebook.react.uimanager.BaseViewManager"", ""method"": ""setTransform""}"
66547,reflection,Method.invoke,"{""class"": ""com.facebook.react.uimanager.BaseViewManager"", ""method"": ""setTransform""}"
66547,reflection,Method.invoke,"{""class"": ""com.facebook.react.uimanager.BaseViewManager"", ""method"": ""setOpacity""}"
66547,reflection,Method.invoke,"{""class"": ""com.facebook.react.views.view.ReactViewManager"", ""method"": ""setBorderColor""}"
66563,reflection,Method.invoke,"{""class"": ""com.facebook.react.uimanager.BaseViewManager"", ""method"": ""setOpacity""}"
66563,reflection,Method.invoke,"{""class"": ""com.facebook.react.uimanager.BaseViewManager"", ""method"": ""setTransform""}"
66563,reflection,Method.invoke,"{""class"": ""com.facebook.react.uimanager.BaseViewManager"", ""method"": ""setTransform""}"
66564,reflection,Method.invoke,"{""class"": ""com.facebook.react.uimanager.BaseViewManager"", ""method"": ""setOpacity""}"
66564,reflection,Method.invoke,"{""class"": ""com.facebook.react.views.view.ReactViewManager"", ""method"": ""setBorderColor""}"
66579,reflection,Method.invoke,"{""class"": ""com.facebook.react.uimanager.BaseViewManager"", ""method"": ""setOpacity""}"
66579,reflection,Method.invoke,"{""class"": ""com.facebook.react.uimanager.BaseViewManager"", ""method"": ""setTransform""}"
66580,reflection,Method.invoke,"{""class"": ""com.facebook.react.uimanager.BaseViewManager"", ""method"": ""setTransform""}"
66581,reflection,Method.invoke,"{""class"": ""com.facebook.react.uimanager.BaseViewManager"", ""method"": ""setOpacity""}"
66581,reflection,Method.invoke,"{""class"": ""com.facebook.react.views.view.ReactViewManager"", ""method"": ""setBorderColor""}"
66598,reflection,Method.invoke,"{""class"": ""com.facebook.react.uimanager.BaseViewManager"", ""method"": ""setOpacity""}"
66598,reflection,Method.invoke,"{""class"": ""com.facebook.react.uimanager.BaseViewManager"", ""method"": ""setTransform""}"
66599,reflection,Method.invoke,"{""class"": ""com.facebook.react.uimanager.BaseViewManager"", ""method"": ""setTransform""}"
66600,reflection,Method.invoke,"{""class"": ""com.facebook.react.uimanager.BaseViewManager"", ""method"": ""setOpacity""}"
66601,reflection,Method.invoke,"{""class"": ""com.facebook.react.views.view.ReactViewManager"", ""method"": ""setBorderColor""}"
66614,reflection,Method.invoke,"{""class"": ""com.facebook.react.uimanager.BaseViewManager"", ""method"": ""setOpacity""}"
66614,reflection,Method.invoke,"{""class"": ""com.facebook.react.uimanager.BaseViewManager"", ""method"": ""setTransform""}"
66615,reflection,Method.invoke,"{""class"": ""com.facebook.react.uimanager.BaseViewManager"", ""method"": ""setTransform""}"
66616,reflection,Method.invoke,"{""class"": ""com.facebook.react.uimanager.BaseViewManager"", ""method"": ""setOpacity""}"
66617,reflection,Method.invoke,"{""class"": ""com.facebook.react.views.view.ReactViewManager"", ""method"": ""setBorderColor""}"
66631,reflection,Method.invoke,"{""class"": ""com.facebook.react.uimanager.BaseViewManager"", ""method"": ""setOpacity""}"
66632,reflection,Method.invoke,"{""class"": ""com.facebook.react.uimanager.BaseViewManager"", ""method"": ""setTransform""}"
66633,reflection,Method.invoke,"{""class"": ""com.facebook.react.uimanager.BaseViewManager"", ""method"": ""setTransform""}"
66634,reflection,Method.invoke,"{""class"": ""com.facebook.react.uimanager.BaseViewManager"", ""method"": ""setOpacity""}"
66634,reflection,Method.invoke,"{""class"": ""com.facebook.react.views.view.ReactViewManager"", ""method"": ""setBorderColor""}"
66646,reflection,Method.invoke,"{""class"": ""com.facebook.react.uimanager.BaseViewManager"", ""method"": ""setOpacity""}"
66647,reflection,Method.invoke,"{""class"": ""com.facebook.react.uimanager.BaseViewManager"", ""method"": ""setTransform""}"
66648,reflection,Method.invoke,"{""class"": ""com.facebook.react.uimanager.BaseViewManager"", ""method"": ""setTransform""}"
66649,reflection,Method.invoke,"{""class"": ""com.facebook.react.uimanager.BaseViewManager"", ""method"": ""setOpacity""}"
66650,reflection,Method.invoke,"{""class"": ""com.facebook.react.views.view.ReactViewManager"", ""method"": ""setBorderColor""}"
66664,reflection,Method.invoke,"{""class"": ""com.facebook.react.uimanager.BaseViewManager"", ""method"": ""setOpacity""}"
66664,reflection,Method.invoke,"{""class"": ""com.facebook.react.uimanager.BaseViewManager"", ""method"": ""setTransform""}"
66665,reflection,Method.invoke,"{""class"": ""com.facebook.react.uimanager.BaseViewManager"", ""method"": ""setTransform""}"
66665,reflection,Method.invoke,"{""class"": ""com.facebook.react.uimanager.BaseViewManager"", ""method"": ""setOpacity""}"
66665,reflection,Method.invoke,"{""class"": ""com.facebook.react.views.view.ReactViewManager"", ""method"": ""setBorderColor""}"
66680,reflection,Method.invoke,"{""class"": ""com.facebook.react.uimanager.BaseViewManager"", ""method"": ""setOpacity""}"
66680,reflection,Method.invoke,"{""class"": ""com.facebook.react.uimanager.BaseViewManager"", ""method"": ""setTransform""}"
66680,reflection,Method.invoke,"{""class"": ""com.facebook.react.uimanager.BaseViewManager"", ""method"": ""setTransform""}"
66681,reflection,Method.invoke,"{""class"": ""com.facebook.react.uimanager.BaseViewManager"", ""method"": ""setOpacity""}"
66681,reflection,Method.invoke,"{""class"": ""com.facebook.react.views.view.ReactViewManager"", ""method"": ""setBorderColor""}"
66697,reflection,Method.invoke,"{""class"": ""com.facebook.react.uimanager.BaseViewManager"", ""method"": ""setOpacity""}"
66697,reflection,Method.invoke,"{""class"": ""com.facebook.react.uimanager.BaseViewManager"", ""method"": ""setTransform""}"
66697,reflection,Method.invoke,"{""class"": ""com.facebook.react.uimanager.BaseViewManager"", ""method"": ""setTransform""}"
66697,reflection,Method.invoke,"{""class"": ""com.facebook.react.uimanager.BaseViewManager"", ""method"": ""setOpacity""}"
66698,reflection,Method.invoke,"{""class"": ""com.facebook.react.views.view.ReactViewManager"", ""method"": ""setBorderColor""}"
66713,reflection,Method.invoke,"{""class"": ""com.facebook.react.uimanager.BaseViewManager"", ""method"": ""setOpacity""}"
66713,reflection,Method.invoke,"{""class"": ""com.facebook.react.uimanager.BaseViewManager"", ""method"": ""setTransform""}"
66713,reflection,Method.invoke,"{""class"": ""com.facebook.react.uimanager.BaseViewManager"", ""method"": ""setTransform""}"
66713,reflection,Method.invoke,"{""class"": ""com.facebook.react.uimanager.BaseViewManager"", ""method"": ""setOpacity""}"
66714,reflection,Method.invoke,"{""class"": ""com.facebook.react.views.view.ReactViewManager"", ""method"": ""setBorderColor""}"
66730,reflection,Method.invoke,"{""class"": ""com.facebook.react.uimanager.BaseViewManager"", ""method"": ""setOpacity""}"
66731,reflection,Method.invoke,"{""class"": ""com.facebook.react.uimanager.BaseViewManager"", ""method"": ""setTransform""}"
66731,reflection,Method.invoke,"{""class"": ""com.facebook.react.uimanager.BaseViewManager"", ""method"": ""setTransform""}"
66732,reflection,Method.invoke,"{""class"": ""com.facebook.react.uimanager.BaseViewManager"", ""method"": ""setOpacity""}"
66732,reflection,Method.invoke,"{""class"": ""com.facebook.react.views.view.ReactViewManager"", ""method"": ""setBorderColor""}"
66746,reflection,Method.invoke,"{""class"": ""com.facebook.react.uimanager.BaseViewManager"", ""method"": ""setOpacity""}"
66746,reflection,Method.invoke,"{""class"": ""com.facebook.react.uimanager.BaseViewManager"", ""method"": ""setTransform""}"
66747,reflection,Method.invoke,"{""class"": ""com.facebook.react.uimanager.BaseViewManager"", ""method"": ""setTransform""}"
66747,reflection,Method.invoke,"{""class"": ""com.facebook.react.uimanager.BaseViewManager"", ""method"": ""setOpacity""}"
66748,reflection,Method.invoke,"{""class"": ""com.facebook.react.views.view.ReactViewManager"", ""method"": ""setBorderColor""}"
66762,reflection,Method.invoke,"{""class"": ""com.facebook.react.uimanager.BaseViewManager"", ""method"": ""setOpacity""}"
66763,reflection,Method.invoke,"{""class"": ""com.facebook.react.uimanager.BaseViewManager"", ""method"": ""setTransform""}"
66763,reflection,Method.invoke,"{""class"": ""com.facebook.react.uimanager.BaseViewManager"", ""method"": ""setTransform""}"
66764,reflection,Method.invoke,"{""class"": ""com.facebook.react.uimanager.BaseViewManager"", ""method"": ""setOpacity""}"
66764,reflection,Method.invoke,"{""class"": ""com.facebook.react.views.view.ReactViewManager"", ""method"": ""setBorderColor""}"
66780,reflection,Method.invoke,"{""class"": ""com.facebook.react.uimanager.BaseViewManager"", ""method"": ""setOpacity""}"
66780,reflection,Method.invoke,"{""class"": ""com.facebook.react.uimanager.BaseViewManager"", ""method"": ""setTransform""}"
66780,reflection,Method.invoke,"{""class"": ""com.facebook.react.uimanager.BaseViewManager"", ""method"": ""setTransform""}"
66780,reflection,Method.invoke,"{""class"": ""com.facebook.react.uimanager.BaseViewManager"", ""method"": ""setOpacity""}"
66781,reflection,Method.invoke,"{""class"": ""com.facebook.react.views.view.ReactViewManager"", ""method"": ""setBorderColor""}"
66796,reflection,Method.invoke,"{""class"": ""com.facebook.react.uimanager.BaseViewManager"", ""method"": ""setOpacity""}"
66797,reflection,Method.invoke,"{""class"": ""com.facebook.react.uimanager.BaseViewManager"", ""method"": ""setTransform""}"
66797,reflection,Method.invoke,"{""class"": ""com.facebook.react.uimanager.BaseViewManager"", ""method"": ""setTransform""}"
66797,reflection,Method.invoke,"{""class"": ""com.facebook.react.uimanager.BaseViewManager"", ""method"": ""setOpacity""}"
66797,reflection,Method.invoke,"{""class"": ""com.facebook.react.views.view.ReactViewManager"", ""method"": ""setBorderColor""}"
87707,lifecycle,hook_loaded,"{""stage"": ""java_perform"", ""version"": ""3""}"
89194,reflection,Method.invoke,"{""class"": ""com.facebook.react.uimanager.H0$a"", ""method"": ""values""}"
89228,reflection,Method.invoke,"{""class"": ""com.facebook.react.uimanager.BaseViewManager"", ""method"": ""setOpacity""}"
89244,reflection,Method.invoke,"{""class"": ""com.facebook.react.views.view.ReactViewManager"", ""method"": ""setPointerEvents""}"
89250,reflection,Method.invoke,"{""class"": ""com.facebook.react.uimanager.BaseViewManager"", ""method"": ""setBackgroundColor""}"
89252,reflection,Method.invoke,"{""class"": ""com.facebook.react.views.view.ReactViewManager"", ""method"": ""setCollapsable""}"
89253,reflection,Method.invoke,"{""class"": ""com.facebook.react.uimanager.BaseViewManager"", ""method"": ""setOpacity""}"
89254,reflection,Method.invoke,"{""class"": ""com.facebook.react.uimanager.BaseViewManager"", ""method"": ""setOpacity""}"
89261,reflection,Method.invoke,"{""class"": ""com.facebook.react.uimanager.BaseViewManager"", ""method"": ""setOpacity""}"
89262,reflection,Method.invoke,"{""class"": ""com.facebook.react.views.view.ReactViewManager"", ""method"": ""setCollapsable""}"
89262,reflection,Method.invoke,"{""class"": ""com.facebook.react.views.view.ReactViewManager"", ""method"": ""setPointerEvents""}"
89270,reflection,Method.invoke,"{""class"": ""com.facebook.react.uimanager.BaseViewManager"", ""method"": ""setBackgroundColor""}"
89277,reflection,Method.invoke,"{""class"": ""com.facebook.react.views.view.ReactViewManager"", ""method"": ""setCollapsable""}"
89278,reflection,Method.invoke,"{""class"": ""com.facebook.react.uimanager.BaseViewManager"", ""method"": ""setOpacity""}"
89279,reflection,Method.invoke,"{""class"": ""com.facebook.react.uimanager.BaseViewManager"", ""method"": ""setOpacity""}"
89293,reflection,Method.invoke,"{""class"": ""android.os.SystemProperties"", ""method"": ""get""}"
89297,reflection,Method.invoke,"{""class"": ""com.facebook.react.views.text.ReactTextAnchorViewManager"", ""method"": ""setAccessible$ReactAndroid_release""}"
89298,reflection,Method.invoke,"{""class"": ""com.facebook.react.views.text.ReactTextAnchorViewManager"", ""method"": ""setFontSize$ReactAndroid_release""}"
89299,reflection,Method.invoke,"{""class"": ""com.facebook.react.views.text.ReactTextAnchorViewManager"", ""method"": ""setEllipsizeMode$ReactAndroid_release""}"
89301,reflection,Method.invoke,"{""class"": ""com.facebook.react.views.text.ReactTextAnchorViewManager"", ""method"": ""setAccessible$ReactAndroid_release""}"
89302,reflection,Method.invoke,"{""class"": ""com.facebook.react.views.text.ReactTextAnchorViewManager"", ""method"": ""setFontSize$ReactAndroid_release""}"
89304,reflection,Method.invoke,"{""class"": ""com.facebook.react.views.text.ReactTextAnchorViewManager"", ""method"": ""setEllipsizeMode$ReactAndroid_release""}"
89305,reflection,Method.invoke,"{""class"": ""com.facebook.react.uimanager.BaseViewManager"", ""method"": ""setOpacity""}"
89314,reflection,Method.invoke,"{""class"": ""com.facebook.react.uimanager.BaseViewManager"", ""method"": ""setBackgroundColor""}"
89315,reflection,Method.invoke,"{""class"": ""com.facebook.react.views.view.ReactViewManager"", ""method"": ""setBorderRadius""}"
89315,reflection,Method.invoke,"{""class"": ""com.facebook.react.views.view.ReactViewManager"", ""method"": ""setHitSlop""}"
89316,reflection,Method.invoke,"{""class"": ""com.facebook.react.uimanager.BaseViewManager"", ""method"": ""setResponderMove""}"
89317,reflection,Method.invoke,"{""class"": ""com.facebook.react.views.view.ReactViewManager"", ""method"": ""setAccessible""}"
89318,reflection,Method.invoke,"{""class"": ""com.facebook.react.uimanager.BaseViewManager"", ""method"": ""setOpacity""}"
89320,reflection,Method.invoke,"{""class"": ""com.facebook.react.uimanager.BaseViewManager"", ""method"": ""setResponderGrant""}"
89324,reflection,Method.invoke,"{""class"": ""com.facebook.react.uimanager.BaseViewManager"", ""method"": ""setStartShouldSetResponder""}"
89324,reflection,Method.invoke,"{""class"": ""com.facebook.react.uimanager.BaseViewManager"", ""method"": ""setResponderTerminationRequest""}"
89325,reflection,Method.invoke,"{""class"": ""com.facebook.react.uimanager.BaseViewManager"", ""method"": ""setResponderRelease""}"
89327,reflection,Method.invoke,"{""class"": ""com.facebook.react.uimanager.BaseViewManager"", ""method"": ""setResponderTerminate""}"
89327,reflection,Method.invoke,"{""class"": ""com.facebook.react.views.view.ReactViewManager"", ""method"": ""setFocusable""}"
89328,reflection,Method.invoke,"{""class"": ""com.facebook.react.uimanager.BaseViewManager"", ""method"": ""setClick""}"
89329,reflection,Method.invoke,"{""class"": ""com.facebook.react.views.view.ReactViewManager"", ""method"": ""setCollapsable""}"
89329,reflection,Method.invoke,"{""class"": ""com.facebook.react.uimanager.BaseViewManager"", ""method"": ""setAccessibilityValue""}"
89332,reflection,Method.invoke,"{""class"": ""com.facebook.react.uimanager.BaseViewManager"", ""method"": ""setViewState""}"
89334,reflection,Method.invoke,"{""class"": ""com.facebook.react.uimanager.BaseViewManager"", ""method"": ""setOpacity""}"
89345,reflection,Method.invoke,"{""class"": ""com.facebook.react.uimanager.BaseViewManager"", ""method"": ""setBackgroundColor""}"
89345,reflection,Method.invoke,"{""class"": ""com.facebook.react.views.view.ReactViewManager"", ""method"": ""setBorderWidth""}"
89346,reflection,Method.invoke,"{""class"": ""com.facebook.react.views.view.ReactViewManager"", ""method"": ""setBorderColor""}"
89347,reflection,Method.invoke,"{""class"": ""com.facebook.react.views.view.ReactViewManager"", ""method"": ""setPointerEvents""}"
89348,reflection,Method.invoke,"{""class"": ""com.facebook.react.uimanager.BaseViewManager"", ""method"": ""setZIndex""}"
89351,reflection,Method.invoke,"{""class"": ""com.facebook.react.views.view.ReactViewManager"", ""method"": ""setCollapsable""}"
89353,reflection,Method.invoke,"{""class"": ""com.facebook.react.uimanager.BaseViewManager"", ""method"": ""setOpacity""}"
89359,reflection,Method.invoke,"{""class"": ""android.os.SystemProperties"", ""method"": ""get""}"
89362,reflection,Method.invoke,"{""class"": ""com.facebook.react.uimanager.BaseViewManager"", ""method"": ""setBackgroundColor""}"
89362,reflection,Method.invoke,"{""class"": ""com.facebook.react.views.view.ReactViewManager"", ""method"": ""setBorderRadius""}"
89365,reflection,Method.invoke,"{""class"": ""com.facebook.react.uimanager.BaseViewManager"", ""method"": ""setElevation""}"
89366,reflection,Method.invoke,"{""class"": ""com.facebook.react.uimanager.BaseViewManager"", ""method"": ""setOpacity""}"
89373,reflection,Method.invoke,"{""class"": ""java.util.Locale"", ""method"": ""getDefault""}"
89379,reflection,Method.invoke,"{""class"": ""com.facebook.react.uimanager.BaseViewManager"", ""method"": ""setOpacity""}"
89392,reflection,Method.invoke,"{""class"": ""android.os.SystemProperties"", ""method"": ""get""}"
89397,reflection,Method.invoke,"{""class"": ""com.facebook.react.views.text.ReactTextAnchorViewManager"", ""method"": ""setAccessible$ReactAndroid_release""}"
89399,reflection,Method.invoke,"{""class"": ""com.facebook.react.views.text.ReactTextAnchorViewManager"", ""method"": ""setFontSize$ReactAndroid_release""}"
89400,reflection,Method.invoke,"{""class"": ""com.facebook.react.views.text.ReactTextAnchorViewManager"", ""method"": ""setEllipsizeMode$ReactAndroid_release""}"
89404,reflection,Method.invoke,"{""class"": ""com.facebook.react.uimanager.BaseViewManager"", ""method"": ""setOpacity""}"
89412,reflection,Method.invoke,"{""class"": ""com.facebook.react.views.view.ReactViewManager"", ""method"": ""setBorderRadius""}"
89413,reflection,Method.invoke,"{""class"": ""android.os.SystemProperties"", ""method"": ""get""}"
89413,reflection,Method.invoke,"{""class"": ""com.facebook.react.views.view.ReactViewManager"", ""method"": ""setBorderRadius""}"
89416,reflection,Method.invoke,"{""class"": ""com.facebook.react.uimanager.BaseViewManager"", ""method"": ""setBackgroundColor""}"
89418,reflection,Method.invoke,"{""class"": ""com.facebook.react.views.text.ReactTextAnchorViewManager"", ""method"": ""setAccessible$ReactAndroid_release""}"
89420,reflection,Method.invoke,"{""class"": ""com.facebook.react.views.text.ReactTextAnchorViewManager"", ""method"": ""setEllipsizeMode$ReactAndroid_release""}"
89421,reflection,Method.invoke,"{""class"": ""com.facebook.react.views.text.ReactTextAnchorViewManager"", ""method"": ""setFontSize$ReactAndroid_release""}"
89422,reflection,Method.invoke,"{""class"": ""com.facebook.react.uimanager.BaseViewManager"", ""method"": ""setOpacity""}"
89428,reflection,Method.invoke,"{""class"": ""com.facebook.react.uimanager.BaseViewManager"", ""method"": ""setBackgroundColor""}"
89430,reflection,Method.invoke,"{""class"": ""com.facebook.react.uimanager.BaseViewManager"", ""method"": ""setOpacity""}"
89435,reflection,Method.invoke,"{""class"": ""java.util.Locale"", ""method"": ""getDefault""}"
89445,reflection,Method.invoke,"{""class"": ""com.facebook.react.views.text.ReactTextAnchorViewManager"", ""method"": ""setAccessible$ReactAndroid_release""}"
89446,reflection,Method.invoke,"{""class"": ""com.facebook.react.views.text.ReactTextAnchorViewManager"", ""method"": ""setEllipsizeMode$ReactAndroid_release""}"
89447,reflection,Method.invoke,"{""class"": ""com.facebook.react.views.text.ReactTextAnchorViewManager"", ""method"": ""setFontSize$ReactAndroid_release""}"
89450,reflection,Method.invoke,"{""class"": ""com.facebook.react.views.text.ReactTextAnchorViewManager"", ""method"": ""setAccessible$ReactAndroid_release""}"
89450,reflection,Method.invoke,"{""class"": ""com.facebook.react.views.text.ReactTextAnchorViewManager"", ""method"": ""setEllipsizeMode$ReactAndroid_release""}"
89451,reflection,Method.invoke,"{""class"": ""com.facebook.react.uimanager.BaseViewManager"", ""method"": ""setBackgroundColor""}"
89451,reflection,Method.invoke,"{""class"": ""com.facebook.react.views.view.ReactViewManager"", ""method"": ""setBorderRadius""}"
89453,reflection,Method.invoke,"{""class"": ""com.facebook.react.views.view.ReactViewManager"", ""method"": ""setBorderRadius""}"
89455,reflection,Method.invoke,"{""class"": ""com.facebook.react.uimanager.BaseViewManager"", ""method"": ""setOpacity""}"
89462,reflection,Method.invoke,"{""class"": ""com.facebook.react.uimanager.BaseViewManager"", ""method"": ""setOpacity""}"
89467,reflection,Method.invoke,"{""class"": ""android.os.SystemProperties"", ""method"": ""get""}"
89474,reflection,Method.invoke,"{""class"": ""android.os.SystemProperties"", ""method"": ""get""}"
89478,reflection,Method.invoke,"{""class"": ""com.facebook.react.uimanager.BaseViewManager"", ""method"": ""setOpacity""}"
89483,reflection,Method.invoke,"{""class"": ""java.util.Locale"", ""method"": ""getDefault""}"
89496,reflection,Method.invoke,"{""class"": ""com.facebook.react.views.text.ReactTextAnchorViewManager"", ""method"": ""setAccessible$ReactAndroid_release""}"
89498,reflection,Method.invoke,"{""class"": ""com.facebook.react.views.text.ReactTextAnchorViewManager"", ""method"": ""setFontSize$ReactAndroid_release""}"
89499,reflection,Method.invoke,"{""class"": ""com.facebook.react.views.text.ReactTextAnchorViewManager"", ""method"": ""setEllipsizeMode$ReactAndroid_release""}"
89502,reflection,Method.invoke,"{""class"": ""com.facebook.react.views.view.ReactViewManager"", ""method"": ""setBorderRadius""}"
89502,reflection,Method.invoke,"{""class"": ""com.facebook.react.views.view.ReactViewManager"", ""method"": ""setBorderRadius""}"
89503,reflection,Method.invoke,"{""class"": ""android.os.SystemProperties"", ""method"": ""get""}"
89504,reflection,Method.invoke,"{""class"": ""com.facebook.react.uimanager.BaseViewManager"", ""method"": ""setBackgroundColor""}"
89511,reflection,Method.invoke,"{""class"": ""com.facebook.react.views.text.ReactTextAnchorViewManager"", ""method"": ""setAccessible$ReactAndroid_release""}"
89512,reflection,Method.invoke,"{""class"": ""com.facebook.react.views.text.ReactTextAnchorViewManager"", ""method"": ""setEllipsizeMode$ReactAndroid_release""}"
89512,reflection,Method.invoke,"{""class"": ""com.facebook.react.views.text.ReactTextAnchorViewManager"", ""method"": ""setFontSize$ReactAndroid_release""}"
89513,reflection,Method.invoke,"{""class"": ""com.facebook.react.uimanager.BaseViewManager"", ""method"": ""setBackgroundColor""}"
89524,reflection,Method.invoke,"{""class"": ""android.os.SystemProperties"", ""method"": ""get""}"
89531,reflection,Method.invoke,"{""class"": ""java.util.Locale"", ""method"": ""getDefault""}"
89539,reflection,Method.invoke,"{""class"": ""android.os.SystemProperties"", ""method"": ""get""}"
89546,reflection,Method.invoke,"{""class"": ""com.facebook.react.views.text.ReactTextAnchorViewManager"", ""method"": ""setAccessible$ReactAndroid_release""}"
89546,reflection,Method.invoke,"{""class"": ""com.facebook.react.views.text.ReactTextAnchorViewManager"", ""method"": ""setEllipsizeMode$ReactAndroid_release""}"
89547,reflection,Method.invoke,"{""class"": ""com.facebook.react.views.text.ReactTextAnchorViewManager"", ""method"": ""setFontSize$ReactAndroid_release""}"
89550,reflection,Method.invoke,"{""class"": ""com.facebook.react.views.text.ReactTextAnchorViewManager"", ""method"": ""setAccessible$ReactAndroid_release""}"
89550,reflection,Method.invoke,"{""class"": ""com.facebook.react.views.text.ReactTextAnchorViewManager"", ""method"": ""setEllipsizeMode$ReactAndroid_release""}"
89551,reflection,Method.invoke,"{""class"": ""com.facebook.react.uimanager.BaseViewManager"", ""method"": ""setBackgroundColor""}"
89552,reflection,Method.invoke,"{""class"": ""com.facebook.react.views.view.ReactViewManager"", ""method"": ""setBorderRadius""}"
89553,reflection,Method.invoke,"{""class"": ""com.facebook.react.views.view.ReactViewManager"", ""method"": ""setBorderRadius""}"
89559,reflection,Method.invoke,"{""class"": ""android.os.SystemProperties"", ""method"": ""get""}"
89567,reflection,Method.invoke,"{""class"": ""java.util.Locale"", ""method"": ""getDefault""}"
89575,reflection,Method.invoke,"{""class"": ""java.util.Locale"", ""method"": ""getDefault""}"
89583,reflection,Method.invoke,"{""class"": ""com.facebook.react.views.text.ReactTextAnchorViewManager"", ""method"": ""setAccessible$ReactAndroid_release""}"
89584,reflection,Method.invoke,"{""class"": ""com.facebook.react.views.text.ReactTextAnchorViewManager"", ""method"": ""setEllipsizeMode$ReactAndroid_release""}"
89585,reflection,Method.invoke,"{""class"": ""com.facebook.react.views.text.ReactTextAnchorViewManager"", ""method"": ""setFontSize$ReactAndroid_release""}"
89585,reflection,Method.invoke,"{""class"": ""com.facebook.react.views.text.ReactTextAnchorViewManager"", ""method"": ""setAccessible$ReactAndroid_release""}"
89586,reflection,Method.invoke,"{""class"": ""com.facebook.react.views.text.ReactTextAnchorViewManager"", ""method"": ""setEllipsizeMode$ReactAndroid_release""}"
89595,reflection,Method.invoke,"{""class"": ""com.facebook.react.uimanager.BaseViewManager"", ""method"": ""setBackgroundColor""}"
89595,reflection,Method.invoke,"{""class"": ""com.facebook.react.views.view.ReactViewManager"", ""method"": ""setBorderRadius""}"
89596,reflection,Method.invoke,"{""class"": ""com.facebook.react.views.text.ReactTextAnchorViewManager"", ""method"": ""setAccessible$ReactAndroid_release""}"
89596,reflection,Method.invoke,"{""class"": ""com.facebook.react.views.text.ReactTextAnchorViewManager"", ""method"": ""setEllipsizeMode$ReactAndroid_release""}"
89597,reflection,Method.invoke,"{""class"": ""com.facebook.react.views.text.ReactTextAnchorViewManager"", ""method"": ""setFontSize$ReactAndroid_release""}"
89598,reflection,Method.invoke,"{""class"": ""com.facebook.react.views.text.ReactTextAnchorViewManager"", ""method"": ""setAccessible$ReactAndroid_release""}"
89599,reflection,Method.invoke,"{""class"": ""com.facebook.react.views.text.ReactTextAnchorViewManager"", ""method"": ""setEllipsizeMode$ReactAndroid_release""}"
89600,reflection,Method.invoke,"{""class"": ""com.facebook.react.uimanager.BaseViewManager"", ""method"": ""setBackgroundColor""}"
89601,reflection,Method.invoke,"{""class"": ""com.facebook.react.views.view.ReactViewManager"", ""method"": ""setBorderRadius""}"
89602,reflection,Method.invoke,"{""class"": ""com.facebook.react.views.text.ReactTextAnchorViewManager"", ""method"": ""setEllipsizeMode$ReactAndroid_release""}"
89603,reflection,Method.invoke,"{""class"": ""com.facebook.react.views.text.ReactTextAnchorViewManager"", ""method"": ""setAccessible$ReactAndroid_release""}"
89604,reflection,Method.invoke,"{""class"": ""com.facebook.react.views.text.ReactTextAnchorViewManager"", ""method"": ""setFontSize$ReactAndroid_release""}"
89611,reflection,Method.invoke,"{""class"": ""com.facebook.react.views.view.ReactViewManager"", ""method"": ""setHitSlop""}"
89612,reflection,Method.invoke,"{""class"": ""com.facebook.react.uimanager.BaseViewManager"", ""method"": ""setResponderMove""}"
89612,reflection,Method.invoke,"{""class"": ""com.facebook.react.views.view.ReactViewManager"", ""method"": ""setAccessible""}"
89612,reflection,Method.invoke,"{""class"": ""com.facebook.react.uimanager.BaseViewManager"", ""method"": ""setOpacity""}"
89613,reflection,Method.invoke,"{""class"": ""com.facebook.react.uimanager.BaseViewManager"", ""method"": ""setResponderGrant""}"
89614,reflection,Method.invoke,"{""class"": ""com.facebook.react.uimanager.BaseViewManager"", ""method"": ""setStartShouldSetResponder""}"
89614,reflection,Method.invoke,"{""class"": ""com.facebook.react.uimanager.BaseViewManager"", ""method"": ""setResponderTerminationRequest""}"
89615,reflection,Method.invoke,"{""class"": ""com.facebook.react.uimanager.BaseViewManager"", ""method"": ""setResponderRelease""}"
89617,reflection,Method.invoke,"{""class"": ""com.facebook.react.uimanager.BaseViewManager"", ""method"": ""setResponderTerminate""}"
89617,reflection,Method.invoke,"{""class"": ""com.facebook.react.views.view.ReactViewManager"", ""method"": ""setFocusable""}"
89619,reflection,Method.invoke,"{""class"": ""com.facebook.react.uimanager.BaseViewManager"", ""method"": ""setClick""}"
89619,reflection,Method.invoke,"{""class"": ""com.facebook.react.views.view.ReactViewManager"", ""method"": ""setCollapsable""}"
89620,reflection,Method.invoke,"{""class"": ""com.facebook.react.uimanager.BaseViewManager"", ""method"": ""setAccessibilityValue""}"
89620,reflection,Method.invoke,"{""class"": ""com.facebook.react.uimanager.BaseViewManager"", ""method"": ""setViewState""}"
89629,reflection,Method.invoke,"{""class"": ""com.facebook.react.views.view.ReactViewManager"", ""method"": ""setCollapsable""}"
89629,reflection,Method.invoke,"{""class"": ""com.facebook.react.views.view.ReactViewManager"", ""method"": ""setCollapsableChildren""}"
89631,reflection,Method.invoke,"{""class"": ""com.facebook.react.views.scroll.ReactScrollViewManager"", ""method"": ""setOverflow""}"
89631,reflection,Method.invoke,"{""class"": ""com.facebook.react.uimanager.BaseViewManager"", ""method"": ""setTouchMove""}"
89639,reflection,Method.invoke,"{""class"": ""com.facebook.react.uimanager.BaseViewManager"", ""method"": ""setResponderRelease""}"
89640,reflection,Method.invoke,"{""class"": ""com.facebook.react.uimanager.BaseViewManager"", ""method"": ""setStartShouldSetResponderCapture""}"
89640,reflection,Method.invoke,"{""class"": ""com.facebook.react.uimanager.BaseViewManager"", ""method"": ""setResponderGrant""}"
89641,reflection,Method.invoke,"{""class"": ""com.facebook.react.uimanager.BaseViewManager"", ""method"": ""setStartShouldSetResponder""}"
89641,reflection,Method.invoke,"{""class"": ""com.facebook.react.uimanager.BaseViewManager"", ""method"": ""setResponderTerminationRequest""}"
89642,reflection,Method.invoke,"{""class"": ""com.facebook.react.uimanager.BaseViewManager"", ""method"": ""setResponderReject""}"
89643,reflection,Method.invoke,"{""class"": ""com.facebook.react.views.scroll.ReactScrollViewManager"", ""method"": ""setSendMomentumEvents""}"
89643,reflection,Method.invoke,"{""class"": ""com.facebook.react.uimanager.BaseViewManager"", ""method"": ""setTouchEnd""}"
89644,reflection,Method.invoke,"{""class"": ""com.facebook.react.views.scroll.ReactScrollViewManager"", ""method"": ""setSnapToStart""}"
89644,reflection,Method.invoke,"{""class"": ""com.facebook.react.uimanager.BaseViewManager"", ""method"": ""setTouchStart""}"
89645,reflection,Method.invoke,"{""class"": ""com.facebook.react.views.scroll.ReactScrollViewManager"", ""method"": ""setSnapToEnd""}"
89646,reflection,Method.invoke,"{""class"": ""com.facebook.react.uimanager.BaseViewManager"", ""method"": ""setTouchCancel""}"
89646,reflection,Method.invoke,"{""class"": ""com.facebook.react.views.scroll.ReactScrollViewManager"", ""method"": ""setPagingEnabled""}"
89661,reflection,Method.invoke,"{""class"": ""com.facebook.react.uimanager.BaseViewManager"", ""method"": ""setBackgroundColor""}"
89662,reflection,Method.invoke,"{""class"": ""com.facebook.react.views.view.ReactViewManager"", ""method"": ""setPointerEvents""}"
89664,reflection,Method.invoke,"{""class"": ""com.facebook.react.uimanager.BaseViewManager"", ""method"": ""setBackgroundColor""}"
89664,reflection,Method.invoke,"{""class"": ""com.facebook.react.views.view.ReactViewManager"", ""method"": ""setOverflow""}"
89665,reflection,Method.invoke,"{""class"": ""com.facebook.react.views.view.ReactViewManager"", ""method"": ""setNeedsOffscreenAlphaCompositing""}"
89666,reflection,Method.invoke,"{""class"": ""com.facebook.react.views.view.ReactViewManager"", ""method"": ""setCollapsable""}"
89666,reflection,Method.invoke,"{""class"": ""com.facebook.react.uimanager.BaseViewManager"", ""method"": ""setOpacity""}"
89667,reflection,Method.invoke,"{""class"": ""com.facebook.react.uimanager.BaseViewManager"", ""method"": ""setTransform""}"
89668,reflection,Method.invoke,"{""class"": ""com.facebook.react.views.view.ReactViewManager"", ""method"": ""setCollapsable""}"
89668,reflection,Method.invoke,"{""class"": ""com.facebook.react.views.view.ReactViewManager"", ""method"": ""setPointerEvents""}"
89669,reflection,Method.invoke,"{""class"": ""com.facebook.react.views.view.ReactViewManager"", ""method"": ""setPointerEvents""}"
89670,reflection,Method.invoke,"{""class"": ""com.facebook.react.views.view.ReactViewManager"", ""method"": ""setCollapsable""}"
89672,reflection,Method.invoke,"{""class"": ""com.facebook.react.views.view.ReactViewManager"", ""method"": ""setPointerEvents""}"
89672,reflection,Method.invoke,"{""class"": ""com.facebook.react.uimanager.BaseViewManager"", ""method"": ""setImportantForAccessibility""}"
89681,reflection,Method.invoke,"{""class"": ""com.facebook.react.uimanager.BaseViewManager"", ""method"": ""setTransform""}"
89682,reflection,Method.invoke,"{""class"": ""com.facebook.react.uimanager.BaseViewManager"", ""method"": ""setOpacity""}"
89685,reflection,Method.invoke,"{""class"": ""com.facebook.react.views.view.ReactViewManager"", ""method"": ""setOverflow""}"
89686,reflection,Method.invoke,"{""class"": ""com.facebook.react.uimanager.BaseViewManager"", ""method"": ""setImportantForAccessibility""}"
89686,reflection,Method.invoke,"{""class"": ""com.facebook.react.uimanager.BaseViewManager"", ""method"": ""setOpacity""}"
89687,reflection,Method.invoke,"{""class"": ""com.facebook.react.uimanager.BaseViewManager"", ""method"": ""setTransform""}"
89688,reflection,Method.invoke,"{""class"": ""com.facebook.react.uimanager.BaseViewManager"", ""method"": ""setOpacity""}"
89689,reflection,Method.invoke,"{""class"": ""com.facebook.react.uimanager.BaseViewManager"", ""method"": ""setTransform""}"
89690,reflection,Method.invoke,"{""class"": ""com.facebook.react.uimanager.BaseViewManager"", ""method"": ""setOpacity""}"
89690,reflection,Method.invoke,"{""class"": ""com.facebook.react.uimanager.BaseViewManager"", ""method"": ""setTransform""}"
89695,reflection,Method.invoke,"{""class"": ""com.facebook.react.uimanager.BaseViewManager"", ""method"": ""setOpacity""}"
89696,reflection,Method.invoke,"{""class"": ""com.facebook.react.uimanager.BaseViewManager"", ""method"": ""setOpacity""}"
89698,crypto,MessageDigest.digest,{}
89700,reflection,Method.invoke,"{""class"": ""com.facebook.react.uimanager.BaseViewManager"", ""method"": ""setOpacity""}"
89700,reflection,Method.invoke,"{""class"": ""com.facebook.react.uimanager.BaseViewManager"", ""method"": ""setTransform""}"
89702,reflection,Method.invoke,"{""class"": ""com.facebook.react.uimanager.BaseViewManager"", ""method"": ""setOpacity""}"
89703,reflection,Method.invoke,"{""class"": ""com.facebook.react.uimanager.BaseViewManager"", ""method"": ""setOpacity""}"
89703,reflection,Method.invoke,"{""class"": ""com.facebook.react.uimanager.BaseViewManager"", ""method"": ""setTransform""}"
89704,reflection,Method.invoke,"{""class"": ""com.facebook.react.uimanager.BaseViewManager"", ""method"": ""setOpacity""}"
89705,reflection,Method.invoke,"{""class"": ""android.view.View"", ""method"": ""getViewRootImpl""}"
89706,reflection,Method.invoke,"{""class"": ""android.view.View"", ""method"": ""getViewRootImpl""}"
89723,reflection,Method.invoke,"{""class"": ""com.facebook.react.uimanager.BaseViewManager"", ""method"": ""setTransform""}"
89724,reflection,Method.invoke,"{""class"": ""com.facebook.react.uimanager.BaseViewManager"", ""method"": ""setOpacity""}"
89725,reflection,Method.invoke,"{""class"": ""com.facebook.react.uimanager.BaseViewManager"", ""method"": ""setTransform""}"
89725,reflection,Method.invoke,"{""class"": ""com.facebook.react.uimanager.BaseViewManager"", ""method"": ""setOpacity""}"
89729,reflection,Method.invoke,"{""class"": ""com.facebook.react.uimanager.BaseViewManager"", ""method"": ""setTransform""}"
89729,crypto,MessageDigest.digest,{}
89733,reflection,Method.invoke,"{""class"": ""com.facebook.react.uimanager.BaseViewManager"", ""method"": ""setOpacity""}"
89735,reflection,Method.invoke,"{""class"": ""com.facebook.react.uimanager.BaseViewManager"", ""method"": ""setOpacity""}"
89736,reflection,Method.invoke,"{""class"": ""com.facebook.react.uimanager.BaseViewManager"", ""method"": ""setTransform""}"
89738,reflection,Method.invoke,"{""class"": ""com.facebook.react.uimanager.BaseViewManager"", ""method"": ""setOpacity""}"
89739,reflection,Method.invoke,"{""class"": ""com.facebook.react.uimanager.BaseViewManager"", ""method"": ""setTransform""}"
89740,reflection,Method.invoke,"{""class"": ""com.facebook.react.uimanager.BaseViewManager"", ""method"": ""setOpacity""}"
89740,reflection,Method.invoke,"{""class"": ""com.facebook.react.uimanager.BaseViewManager"", ""method"": ""setTransform""}"
89741,reflection,Method.invoke,"{""class"": ""com.facebook.react.uimanager.BaseViewManager"", ""method"": ""setOpacity""}"
89743,reflection,Method.invoke,"{""class"": ""com.facebook.react.uimanager.BaseViewManager"", ""method"": ""setOpacity""}"
89743,reflection,Method.invoke,"{""class"": ""com.facebook.react.uimanager.BaseViewManager"", ""method"": ""setTransform""}"
89745,reflection,Method.invoke,"{""class"": ""com.facebook.react.uimanager.BaseViewManager"", ""method"": ""setOpacity""}"
89761,crypto,MessageDigest.digest,{}
89773,reflection,Method.invoke,"{""class"": ""com.facebook.react.uimanager.BaseViewManager"", ""method"": ""setOpacity""}"
89775,reflection,Method.invoke,"{""class"": ""com.facebook.react.uimanager.BaseViewManager"", ""method"": ""setOpacity""}"
89775,reflection,Method.invoke,"{""class"": ""com.facebook.react.uimanager.BaseViewManager"", ""method"": ""setTransform""}"
89776,reflection,Method.invoke,"{""class"": ""com.facebook.react.uimanager.BaseViewManager"", ""method"": ""setOpacity""}"
89804,crypto,MessageDigest.digest,{}
89810,crypto,MessageDigest.digest,{}
89815,crypto,MessageDigest.digest,{}
89825,crypto,MessageDigest.digest,{}
89840,crypto,MessageDigest.digest,{}
89844,crypto,MessageDigest.digest,{}
89848,crypto,MessageDigest.digest,{}
89852,crypto,MessageDigest.digest,{}
89857,crypto,MessageDigest.digest,{}
89861,crypto,MessageDigest.digest,{}
89903,reflection,Method.invoke,"{""class"": ""com.facebook.react.uimanager.BaseViewManager"", ""method"": ""setOpacity""}"
89906,reflection,Method.invoke,"{""class"": ""com.facebook.react.uimanager.BaseViewManager"", ""method"": ""setOpacity""}"
89906,reflection,Method.invoke,"{""class"": ""com.facebook.react.uimanager.BaseViewManager"", ""method"": ""setTransform""}"
89907,reflection,Method.invoke,"{""class"": ""com.facebook.react.uimanager.BaseViewManager"", ""method"": ""setOpacity""}"
89922,reflection,Method.invoke,"{""class"": ""expo.modules.image.records.ImageLoadEvent"", ""method"": ""getCacheType""}"
89925,reflection,Method.invoke,"{""class"": ""expo.modules.image.records.ImageLoadEvent"", ""method"": ""getSource""}"
89926,reflection,Method.invoke,"{""class"": ""expo.modules.image.records.ImageSource"", ""method"": ""getHeight""}"
89927,reflection,Method.invoke,"{""class"": ""expo.modules.image.records.ImageSource"", ""method"": ""isAnimated""}"
89928,reflection,Method.invoke,"{""class"": ""expo.modules.image.records.ImageSource"", ""method"": ""getMediaType""}"
89928,reflection,Method.invoke,"{""class"": ""expo.modules.image.records.ImageSource"", ""method"": ""getUrl""}"
89929,reflection,Method.invoke,"{""class"": ""expo.modules.image.records.ImageSource"", ""method"": ""getWidth""}"
89933,reflection,Method.invoke,"{""class"": ""expo.modules.image.records.ImageLoadEvent"", ""method"": ""getCacheType""}"
89933,reflection,Method.invoke,"{""class"": ""expo.modules.image.records.ImageLoadEvent"", ""method"": ""getSource""}"
89933,reflection,Method.invoke,"{""class"": ""expo.modules.image.records.ImageSource"", ""method"": ""getHeight""}"
89937,reflection,Method.invoke,"{""class"": ""expo.modules.image.records.ImageSource"", ""method"": ""isAnimated""}"
89937,reflection,Method.invoke,"{""class"": ""expo.modules.image.records.ImageSource"", ""method"": ""getMediaType""}"
89939,reflection,Method.invoke,"{""class"": ""expo.modules.image.records.ImageSource"", ""method"": ""getUrl""}"
89941,reflection,Method.invoke,"{""class"": ""expo.modules.image.records.ImageSource"", ""method"": ""getWidth""}"
89945,reflection,Method.invoke,"{""class"": ""com.facebook.react.uimanager.BaseViewManager"", ""method"": ""setOpacity""}"
89948,reflection,Method.invoke,"{""class"": ""com.facebook.react.uimanager.BaseViewManager"", ""method"": ""setOpacity""}"
89949,reflection,Method.invoke,"{""class"": ""com.facebook.react.uimanager.BaseViewManager"", ""method"": ""setTransform""}"
89950,reflection,Method.invoke,"{""class"": ""com.facebook.react.uimanager.BaseViewManager"", ""method"": ""setOpacity""}"
89978,reflection,Method.invoke,"{""class"": ""com.facebook.react.uimanager.BaseViewManager"", ""method"": ""setTransform""}"
89979,reflection,Method.invoke,"{""class"": ""com.facebook.react.uimanager.BaseViewManager"", ""method"": ""setOpacity""}"
89979,reflection,Method.invoke,"{""class"": ""com.facebook.react.uimanager.BaseViewManager"", ""method"": ""setOpacity""}"
89979,reflection,Method.invoke,"{""class"": ""com.facebook.react.uimanager.BaseViewManager"", ""method"": ""setOpacity""}"
89980,reflection,Method.invoke,"{""class"": ""com.facebook.react.uimanager.BaseViewManager"", ""method"": ""setOpacity""}"
89980,reflection,Method.invoke,"{""class"": ""com.facebook.react.uimanager.BaseViewManager"", ""method"": ""setTransform""}"
89980,reflection,Method.invoke,"{""class"": ""com.facebook.react.uimanager.BaseViewManager"", ""method"": ""setTransform""}"
89987,reflection,Method.invoke,"{""class"": ""com.facebook.react.uimanager.BaseViewManager"", ""method"": ""setOpacity""}"
89987,reflection,Method.invoke,"{""class"": ""com.facebook.react.uimanager.BaseViewManager"", ""method"": ""setOpacity""}"
89988,reflection,Method.invoke,"{""class"": ""com.facebook.react.uimanager.BaseViewManager"", ""method"": ""setTransform""}"
89989,reflection,Method.invoke,"{""class"": ""com.facebook.react.uimanager.BaseViewManager"", ""method"": ""setTransform""}"
89989,reflection,Method.invoke,"{""class"": ""com.facebook.react.uimanager.BaseViewManager"", ""method"": ""setOpacity""}"
91068,file_io,File.delete,"{""path"": ""/data/user/0/app.ladefuchs.android/files/profileInstalled""}"
92817,reflection,Method.invoke,"{""class"": ""expo.modules.haptics.HapticType"", ""method"": ""values""}"
92828,reflection,Method.invoke,"{""class"": ""com.facebook.react.uimanager.BaseViewManager"", ""method"": ""setOpacity""}"
92832,reflection,Method.invoke,"{""class"": ""kotlin.Metadata"", ""method"": ""bv""}"
92840,reflection,Method.invoke,"{""class"": ""kotlin.Metadata"", ""method"": ""d1""}"
92845,reflection,Method.invoke,"{""class"": ""com.facebook.react.uimanager.BaseViewManager"", ""method"": ""setOpacity""}"
92849,reflection,Method.invoke,"{""class"": ""kotlin.Metadata"", ""method"": ""d2""}"
92856,reflection,Method.invoke,"{""class"": ""kotlin.Metadata"", ""method"": ""k""}"
92863,reflection,Method.invoke,"{""class"": ""com.facebook.react.uimanager.BaseViewManager"", ""method"": ""setOpacity""}"
92875,reflection,Method.invoke,"{""class"": ""kotlin.Metadata"", ""method"": ""mv""}"
92880,reflection,Method.invoke,"{""class"": ""com.facebook.react.uimanager.BaseViewManager"", ""method"": ""setOpacity""}"
92886,reflection,Method.invoke,"{""class"": ""kotlin.Metadata"", ""method"": ""pn""}"
92895,reflection,Method.invoke,"{""class"": ""kotlin.Metadata"", ""method"": ""xi""}"
92897,reflection,Method.invoke,"{""class"": ""com.facebook.react.uimanager.BaseViewManager"", ""method"": ""setOpacity""}"
92908,reflection,Method.invoke,"{""class"": ""kotlin.Metadata"", ""method"": ""xs""}"
92913,reflection,Method.invoke,"{""class"": ""com.facebook.react.uimanager.BaseViewManager"", ""method"": ""setOpacity""}"
92928,reflection,Method.invoke,"{""class"": ""com.facebook.react.uimanager.BaseViewManager"", ""method"": ""setOpacity""}"
92928,reflection,Method.invoke,"{""class"": ""com.facebook.react.views.view.ReactViewManager"", ""method"": ""setCollapsable""}"
92929,reflection,Method.invoke,"{""class"": ""com.facebook.react.uimanager.BaseViewManager"", ""method"": ""setOpacity""}"
92944,reflection,Method.invoke,"{""class"": ""com.facebook.react.views.view.ReactViewManager"", ""method"": ""setPointerEvents""}"
92945,reflection,Method.invoke,"{""class"": ""com.facebook.react.uimanager.BaseViewManager"", ""method"": ""setBackgroundColor""}"
92945,reflection,Method.invoke,"{""class"": ""com.facebook.react.views.view.ReactViewManager"", ""method"": ""setCollapsable""}"
92946,reflection,Method.invoke,"{""class"": ""com.facebook.react.uimanager.BaseViewManager"", ""method"": ""setOpacity""}"
92947,reflection,Method.invoke,"{""class"": ""com.facebook.react.uimanager.BaseViewManager"", ""method"": ""setOpacity""}"
92961,reflection,Method.invoke,"{""class"": ""com.facebook.react.views.view.ReactViewManager"", ""method"": ""setBorderColor""}"
92961,reflection,Method.invoke,"{""class"": ""com.facebook.react.uimanager.BaseViewManager"", ""method"": ""setElevation""}"
92962,reflection,Method.invoke,"{""class"": ""com.facebook.react.uimanager.BaseViewManager"", ""method"": ""setBackgroundColor""}"
92964,reflection,Method.invoke,"{""class"": ""com.facebook.react.views.view.ReactViewManager"", ""method"": ""setPointerEvents""}"
92965,reflection,Method.invoke,"{""class"": ""com.facebook.react.views.view.ReactViewManager"", ""method"": ""setCollapsable""}"
92965,reflection,Method.invoke,"{""class"": ""com.facebook.react.views.view.ReactViewManager"", ""method"": ""setPointerEvents""}"
92966,reflection,Method.invoke,"{""class"": ""com.facebook.react.views.view.ReactViewManager"", ""method"": ""setCollapsable""}"
92967,reflection,Method.invoke,"{""class"": ""com.facebook.react.views.view.ReactViewManager"", ""method"": ""setPointerEvents""}"
92968,reflection,Method.invoke,"{""class"": ""com.facebook.react.uimanager.BaseViewManager"", ""method"": ""setOpacity""}"
92981,reflection,Method.invoke,"{""class"": ""com.facebook.react.views.view.ReactViewManager"", ""method"": ""setPointerEvents""}"
92981,reflection,Method.invoke,"{""class"": ""com.facebook.react.views.view.ReactViewManager"", ""method"": ""setCollapsable""}"
92983,reflection,Method.invoke,"{""class"": ""com.facebook.react.uimanager.BaseViewManager"", ""method"": ""setOpacity""}"
92995,reflection,Method.invoke,"{""class"": ""com.facebook.react.uimanager.BaseViewManager"", ""method"": ""setRole""}"
92996,reflection,Method.invoke,"{""class"": ""com.facebook.react.views.text.ReactTextAnchorViewManager"", ""method"": ""setNumberOfLines$ReactAndroid_release""}"
92997,reflection,Method.invoke,"{""class"": ""com.facebook.react.views.text.ReactTextAnchorViewManager"", ""method"": ""setAccessible$ReactAndroid_release""}"
92998,reflection,Method.invoke,"{""class"": ""com.facebook.react.views.text.ReactTextAnchorViewManager"", ""method"": ""setEllipsizeMode$ReactAndroid_release""}"
92998,reflection,Method.invoke,"{""class"": ""com.facebook.react.views.text.ReactTextAnchorViewManager"", ""method"": ""setFontSize$ReactAndroid_release""}"
92999,reflection,Method.invoke,"{""class"": ""com.facebook.react.views.view.ReactViewManager"", ""method"": ""setPointerEvents""}"
93000,reflection,Method.invoke,"{""class"": ""com.facebook.react.views.view.ReactViewManager"", ""method"": ""setCollapsable""}"
93001,reflection,Method.invoke,"{""class"": ""com.facebook.react.uimanager.BaseViewManager"", ""method"": ""setBackgroundColor""}"
93002,reflection,Method.invoke,"{""class"": ""com.facebook.react.views.view.ReactViewManager"", ""method"": ""setBorderRadius""}"
93004,reflection,Method.invoke,"{""class"": ""com.facebook.react.uimanager.BaseViewManager"", ""method"": ""setOpacity""}"
93012,reflection,Method.invoke,"{""class"": ""com.facebook.react.views.view.ReactViewManager"", ""method"": ""setHitSlop""}"
93012,reflection,Method.invoke,"{""class"": ""com.facebook.react.uimanager.BaseViewManager"", ""method"": ""setResponderMove""}"
93013,reflection,Method.invoke,"{""class"": ""com.facebook.react.views.view.ReactViewManager"", ""method"": ""setAccessible""}"
93013,reflection,Method.invoke,"{""class"": ""com.facebook.react.uimanager.BaseViewManager"", ""method"": ""setOpacity""}"
93014,reflection,Method.invoke,"{""class"": ""com.facebook.react.uimanager.BaseViewManager"", ""method"": ""setResponderGrant""}"
93015,reflection,Method.invoke,"{""class"": ""com.facebook.react.uimanager.BaseViewManager"", ""method"": ""setStartShouldSetResponder""}"
93015,reflection,Method.invoke,"{""class"": ""com.facebook.react.uimanager.BaseViewManager"", ""method"": ""setResponderTerminationRequest""}"
93016,reflection,Method.invoke,"{""class"": ""com.facebook.react.uimanager.BaseViewManager"", ""method"": ""setResponderRelease""}"
93017,reflection,Method.invoke,"{""class"": ""com.facebook.react.uimanager.BaseViewManager"", ""method"": ""setResponderTerminate""}"
93018,reflection,Method.invoke,"{""class"": ""com.facebook.react.views.view.ReactViewManager"", ""method"": ""setFocusable""}"
93018,reflection,Method.invoke,"{""class"": ""com.facebook.react.uimanager.BaseViewManager"", ""method"": ""setClick""}"
93021,reflection,Method.invoke,"{""class"": ""com.facebook.react.views.view.ReactViewManager"", ""method"": ""setCollapsable""}"
93022,reflection,Method.invoke,"{""class"": ""com.facebook.react.uimanager.BaseViewManager"", ""method"": ""setAccessibilityValue""}"
93023,reflection,Method.invoke,"{""class"": ""com.facebook.react.uimanager.BaseViewManager"", ""method"": ""setViewState""}"
93024,reflection,Method.invoke,"{""class"": ""com.facebook.react.uimanager.BaseViewManager"", ""method"": ""setOpacity""}"
93028,reflection,Method.invoke,"{""class"": ""com.facebook.react.views.view.ReactViewManager"", ""method"": ""setPointerEvents""}"
93029,reflection,Method.invoke,"{""class"": ""com.facebook.react.views.view.ReactViewManager"", ""method"": ""setCollapsable""}"
93030,reflection,Method.invoke,"{""class"": ""com.facebook.react.views.view.ReactViewManager"", ""method"": ""setPointerEvents""}"
93031,reflection,Method.invoke,"{""class"": ""com.facebook.react.views.view.ReactViewManager"", ""method"": ""setCollapsable""}"
93032,reflection,Method.invoke,"{""class"": ""com.facebook.react.views.view.ReactViewManager"", ""method"": ""setPointerEvents""}"
93033,reflection,Method.invoke,"{""class"": ""com.facebook.react.uimanager.BaseViewManager"", ""method"": ""setZIndex""}"
93035,reflection,Method.invoke,"{""class"": ""com.facebook.react.views.view.ReactViewManager"", ""method"": ""setCollapsable""}"
93042,reflection,Method.invoke,"{""class"": ""com.facebook.react.uimanager.BaseViewManager"", ""method"": ""setOpacity""}"
93045,reflection,Method.invoke,"{""class"": ""com.facebook.react.uimanager.BaseViewManager"", ""method"": ""setOpacity""}"
93055,reflection,Method.invoke,"{""class"": ""android.os.SystemProperties"", ""method"": ""get""}"
93062,reflection,Method.invoke,"{""class"": ""com.facebook.react.views.text.ReactTextAnchorViewManager"", ""method"": ""setAccessible$ReactAndroid_release""}"
93063,reflection,Method.invoke,"{""class"": ""com.facebook.react.views.text.ReactTextAnchorViewManager"", ""method"": ""setEllipsizeMode$ReactAndroid_release""}"
93064,reflection,Method.invoke,"{""class"": ""com.facebook.react.views.text.ReactTextAnchorViewManager"", ""method"": ""setFontSize$ReactAndroid_release""}"
93066,reflection,Method.invoke,"{""class"": ""com.facebook.react.views.text.ReactTextAnchorViewManager"", ""method"": ""setAccessible$ReactAndroid_release""}"
93066,reflection,Method.invoke,"{""class"": ""com.facebook.react.views.text.ReactTextAnchorViewManager"", ""method"": ""setEllipsizeMode$ReactAndroid_release""}"
93067,reflection,Method.invoke,"{""class"": ""com.facebook.react.uimanager.BaseViewManager"", ""method"": ""setBackgroundColor""}"
93068,reflection,Method.invoke,"{""class"": ""com.facebook.react.views.view.ReactViewManager"", ""method"": ""setBorderRadius""}"
93068,reflection,Method.invoke,"{""class"": ""com.facebook.react.uimanager.BaseViewManager"", ""method"": ""setElevation""}"
93069,reflection,Method.invoke,"{""class"": ""com.facebook.react.uimanager.BaseViewManager"", ""method"": ""setOpacity""}"
93080,reflection,Method.invoke,"{""class"": ""com.facebook.react.uimanager.BaseViewManager"", ""method"": ""setOpacity""}"
93086,reflection,Method.invoke,"{""class"": ""android.os.SystemProperties"", ""method"": ""get""}"
93094,reflection,Method.invoke,"{""class"": ""java.util.Locale"", ""method"": ""getDefault""}"
93111,reflection,Method.invoke,"{""class"": ""com.facebook.react.views.text.ReactTextAnchorViewManager"", ""method"": ""setAccessible$ReactAndroid_release""}"
93113,reflection,Method.invoke,"{""class"": ""com.facebook.react.views.text.ReactTextAnchorViewManager"", ""method"": ""setFontSize$ReactAndroid_release""}"
93114,reflection,Method.invoke,"{""class"": ""com.facebook.react.views.text.ReactTextAnchorViewManager"", ""method"": ""setEllipsizeMode$ReactAndroid_release""}"
93118,reflection,Method.invoke,"{""class"": ""com.facebook.react.views.view.ReactViewManager"", ""method"": ""setBorderRadius""}"
93120,reflection,Method.invoke,"{""class"": ""com.facebook.react.views.view.ReactViewManager"", ""method"": ""setBorderRadius""}"
93120,reflection,Method.invoke,"{""class"": ""com.facebook.react.uimanager.BaseViewManager"", ""method"": ""setBackgroundColor""}"
93130,reflection,Method.invoke,"{""class"": ""com.facebook.react.views.view.ReactViewManager"", ""method"": ""setCollapsable""}"
93132,reflection,Method.invoke,"{""class"": ""com.facebook.react.uimanager.BaseViewManager"", ""method"": ""setAccessibilityValue""}"
93133,reflection,Method.invoke,"{""class"": ""com.facebook.react.uimanager.BaseViewManager"", ""method"": ""setResponderRelease""}"
93134,reflection,Method.invoke,"{""class"": ""com.facebook.react.views.view.ReactViewManager"", ""method"": ""setAccessible""}"
93136,reflection,Method.invoke,"{""class"": ""com.facebook.react.uimanager.BaseViewManager"", ""method"": ""setOpacity""}"
93136,reflection,Method.invoke,"{""class"": ""com.facebook.react.views.view.ReactViewManager"", ""method"": ""setHitSlop""}"
93137,reflection,Method.invoke,"{""class"": ""com.facebook.react.uimanager.BaseViewManager"", ""method"": ""setResponderMove""}"
93138,reflection,Method.invoke,"{""class"": ""com.facebook.react.uimanager.BaseViewManager"", ""method"": ""setResponderGrant""}"
93139,reflection,Method.invoke,"{""class"": ""com.facebook.react.uimanager.BaseViewManager"", ""method"": ""setStartShouldSetResponder""}"
93139,reflection,Method.invoke,"{""class"": ""android.os.SystemProperties"", ""method"": ""get""}"
93141,reflection,Method.invoke,"{""class"": ""com.facebook.react.uimanager.BaseViewManager"", ""method"": ""setResponderTerminate""}"
93143,reflection,Method.invoke,"{""class"": ""com.facebook.react.views.view.ReactViewManager"", ""method"": ""setFocusable""}"
93144,reflection,Method.invoke,"{""class"": ""com.facebook.react.uimanager.BaseViewManager"", ""method"": ""setResponderTerminationRequest""}"
93146,reflection,Method.invoke,"{""class"": ""com.facebook.react.uimanager.BaseViewManager"", ""method"": ""setClick""}"
93147,reflection,Method.invoke,"{""class"": ""com.facebook.react.uimanager.BaseViewManager"", ""method"": ""setViewState""}"
93162,reflection,Method.invoke,"{""class"": ""com.facebook.react.views.text.ReactTextAnchorViewManager"", ""method"": ""setAccessible$ReactAndroid_release""}"
93164,reflection,Method.invoke,"{""class"": ""com.facebook.react.views.text.ReactTextAnchorViewManager"", ""method"": ""setEllipsizeMode$ReactAndroid_release""}"
93165,reflection,Method.invoke,"{""class"": ""com.facebook.react.views.text.ReactTextAnchorViewManager"", ""method"": ""setFontSize$ReactAndroid_release""}"
93167,reflection,Method.invoke,"{""class"": ""com.facebook.react.views.view.ReactViewManager"", ""method"": ""setCollapsable""}"
93169,reflection,Method.invoke,"{""class"": ""com.facebook.react.uimanager.BaseViewManager"", ""method"": ""setAccessibilityValue""}"
93169,reflection,Method.invoke,"{""class"": ""com.facebook.react.uimanager.BaseViewManager"", ""method"": ""setResponderRelease""}"
93171,reflection,Method.invoke,"{""class"": ""com.facebook.react.views.view.ReactViewManager"", ""method"": ""setAccessible""}"
93171,reflection,Method.invoke,"{""class"": ""com.facebook.react.uimanager.BaseViewManager"", ""method"": ""setOpacity""}"
93172,reflection,Method.invoke,"{""class"": ""com.facebook.react.views.view.ReactViewManager"", ""method"": ""setHitSlop""}"
93173,reflection,Method.invoke,"{""class"": ""com.facebook.react.uimanager.BaseViewManager"", ""method"": ""setResponderMove""}"
93175,reflection,Method.invoke,"{""class"": ""android.os.SystemProperties"", ""method"": ""get""}"
93176,reflection,Method.invoke,"{""class"": ""com.facebook.react.uimanager.BaseViewManager"", ""method"": ""setResponderGrant""}"
93178,reflection,Method.invoke,"{""class"": ""com.facebook.react.uimanager.BaseViewManager"", ""method"": ""setStartShouldSetResponder""}"
93179,reflection,Method.invoke,"{""class"": ""com.facebook.react.uimanager.BaseViewManager"", ""method"": ""setResponderTerminate""}"
93179,reflection,Method.invoke,"{""class"": ""com.facebook.react.views.view.ReactViewManager"", ""method"": ""setFocusable""}"
93180,reflection,Method.invoke,"{""class"": ""com.facebook.react.uimanager.BaseViewManager"", ""method"": ""setResponderTerminationRequest""}"
93181,reflection,Method.invoke,"{""class"": ""com.facebook.react.uimanager.BaseViewManager"", ""method"": ""setClick""}"
93181,reflection,Method.invoke,"{""class"": ""com.facebook.react.uimanager.BaseViewManager"", ""method"": ""setViewState""}"
93195,reflection,Method.invoke,"{""class"": ""com.facebook.react.uimanager.BaseViewManager"", ""method"": ""setBackgroundColor""}"
93195,reflection,Method.invoke,"{""class"": ""com.facebook.react.views.view.ReactViewManager"", ""method"": ""setBorderRadius""}"
93197,reflection,Method.invoke,"{""class"": ""com.facebook.react.views.view.ReactViewManager"", ""method"": ""setBorderRadius""}"
93215,reflection,Method.invoke,"{""class"": ""java.util.Locale"", ""method"": ""getDefault""}"
93228,reflection,Method.invoke,"{""class"": ""com.facebook.react.views.text.ReactTextAnchorViewManager"", ""method"": ""setAccessible$ReactAndroid_release""}"
93228,reflection,Method.invoke,"{""class"": ""com.facebook.react.views.text.ReactTextAnchorViewManager"", ""method"": ""setFontSize$ReactAndroid_release""}"
93229,reflection,Method.invoke,"{""class"": ""com.facebook.react.views.text.ReactTextAnchorViewManager"", ""method"": ""setEllipsizeMode$ReactAndroid_release""}"
93231,reflection,Method.invoke,"{""class"": ""com.facebook.react.views.view.ReactViewManager"", ""method"": ""setBorderRadius""}"
93231,reflection,Method.invoke,"{""class"": ""com.facebook.react.views.view.ReactViewManager"", ""method"": ""setBorderRadius""}"
93232,reflection,Method.invoke,"{""class"": ""com.facebook.react.uimanager.BaseViewManager"", ""method"": ""setBackgroundColor""}"
93233,reflection,Method.invoke,"{""class"": ""com.facebook.react.views.view.ReactViewManager"", ""method"": ""setCollapsable""}"
93235,reflection,Method.invoke,"{""class"": ""com.facebook.react.uimanager.BaseViewManager"", ""method"": ""setAccessibilityValue""}"
93235,reflection,Method.invoke,"{""class"": ""com.facebook.react.uimanager.BaseViewManager"", ""method"": ""setResponderRelease""}"
93242,reflection,Method.invoke,"{""class"": ""com.facebook.react.views.view.ReactViewManager"", ""method"": ""setAccessible""}"
93242,reflection,Method.invoke,"{""class"": ""com.facebook.react.uimanager.BaseViewManager"", ""method"": ""setOpacity""}"
93243,reflection,Method.invoke,"{""class"": ""com.facebook.react.views.view.ReactViewManager"", ""method"": ""setHitSlop""}"
93244,reflection,Method.invoke,"{""class"": ""com.facebook.react.uimanager.BaseViewManager"", ""method"": ""setResponderMove""}"
93245,reflection,Method.invoke,"{""class"": ""com.facebook.react.uimanager.BaseViewManager"", ""method"": ""setResponderGrant""}"
93245,reflection,Method.invoke,"{""class"": ""com.facebook.react.uimanager.BaseViewManager"", ""method"": ""setStartShouldSetResponder""}"
93247,reflection,Method.invoke,"{""class"": ""com.facebook.react.uimanager.BaseViewManager"", ""method"": ""setResponderTerminate""}"
93247,reflection,Method.invoke,"{""class"": ""com.facebook.react.views.view.ReactViewManager"", ""method"": ""setFocusable""}"
93248,reflection,Method.invoke,"{""class"": ""com.facebook.react.uimanager.BaseViewManager"", ""method"": ""setResponderTerminationRequest""}"
93249,reflection,Method.invoke,"{""class"": ""com.facebook.react.uimanager.BaseViewManager"", ""method"": ""setClick""}"
93249,reflection,Method.invoke,"{""class"": ""com.facebook.react.uimanager.BaseViewManager"", ""method"": ""setViewState""}"
93261,reflection,Method.invoke,"{""class"": ""com.facebook.react.views.text.ReactTextAnchorViewManager"", ""method"": ""setAccessible$ReactAndroid_release""}"
93262,reflection,Method.invoke,"{""class"": ""com.facebook.react.views.text.ReactTextAnchorViewManager"", ""method"": ""setEllipsizeMode$ReactAndroid_release""}"
93262,reflection,Method.invoke,"{""class"": ""com.facebook.react.views.text.ReactTextAnchorViewManager"", ""method"": ""setFontSize$ReactAndroid_release""}"
93264,reflection,Method.invoke,"{""class"": ""com.facebook.react.views.view.ReactViewManager"", ""method"": ""setCollapsable""}"
93265,reflection,Method.invoke,"{""class"": ""com.facebook.react.uimanager.BaseViewManager"", ""method"": ""setAccessibilityValue""}"
93266,reflection,Method.invoke,"{""class"": ""com.facebook.react.uimanager.BaseViewManager"", ""method"": ""setResponderRelease""}"
93267,reflection,Method.invoke,"{""class"": ""com.facebook.react.views.view.ReactViewManager"", ""method"": ""setAccessible""}"
93268,reflection,Method.invoke,"{""class"": ""com.facebook.react.uimanager.BaseViewManager"", ""method"": ""setOpacity""}"
93269,reflection,Method.invoke,"{""class"": ""com.facebook.react.views.view.ReactViewManager"", ""method"": ""setHitSlop""}"
93270,reflection,Method.invoke,"{""class"": ""com.facebook.react.uimanager.BaseViewManager"", ""method"": ""setResponderMove""}"
93272,reflection,Method.invoke,"{""class"": ""com.facebook.react.uimanager.BaseViewManager"", ""method"": ""setResponderGrant""}"
93273,reflection,Method.invoke,"{""class"": ""com.facebook.react.uimanager.BaseViewManager"", ""method"": ""setStartShouldSetResponder""}"
93273,reflection,Method.invoke,"{""class"": ""com.facebook.react.uimanager.BaseViewManager"", ""method"": ""setResponderTerminate""}"
93274,reflection,Method.invoke,"{""class"": ""com.facebook.react.views.view.ReactViewManager"", ""method"": ""setFocusable""}"
93275,reflection,Method.invoke,"{""class"": ""com.facebook.react.uimanager.BaseViewManager"", ""method"": ""setResponderTerminationRequest""}"
93275,reflection,Method.invoke,"{""class"": ""com.facebook.react.uimanager.BaseViewManager"", ""method"": ""setClick""}"
93276,reflection,Method.invoke,"{""class"": ""com.facebook.react.uimanager.BaseViewManager"", ""method"": ""setViewState""}"
93279,reflection,Method.invoke,"{""class"": ""com.facebook.react.uimanager.BaseViewManager"", ""method"": ""setBackgroundColor""}"
93279,reflection,Method.invoke,"{""class"": ""com.facebook.react.views.view.ReactViewManager"", ""method"": ""setBorderRadius""}"
93280,reflection,Method.invoke,"{""class"": ""com.facebook.react.views.view.ReactViewManager"", ""method"": ""setBorderRadius""}"
93302,reflection,Method.invoke,"{""class"": ""java.util.Locale"", ""method"": ""getDefault""}"
93312,reflection,Method.invoke,"{""class"": ""com.facebook.react.views.textinput.ReactTextInputManager"", ""method"": ""setAllowFontScaling""}"
93318,reflection,Method.invoke,"{""class"": ""com.facebook.react.views.textinput.ReactTextInputManager"", ""method"": ""setFontSize""}"
93319,reflection,Method.invoke,"{""class"": ""com.facebook.react.views.textinput.ReactTextInputManager"", ""method"": ""setMultiline""}"
93320,reflection,Method.invoke,"{""class"": ""com.facebook.react.uimanager.BaseViewManager"", ""method"": ""setStartShouldSetResponder""}"
93320,reflection,Method.invoke,"{""class"": ""com.facebook.react.uimanager.BaseViewManager"", ""method"": ""setResponderGrant""}"
93321,reflection,Method.invoke,"{""class"": ""com.facebook.react.uimanager.BaseViewManager"", ""method"": ""setBackgroundColor""}"
93321,reflection,Method.invoke,"{""class"": ""com.facebook.react.views.textinput.ReactTextInputManager"", ""method"": ""setUnderlineColor""}"
93323,reflection,Method.invoke,"{""class"": ""com.facebook.react.views.textinput.ReactTextInputManager"", ""method"": ""setBorderRadius""}"
93324,reflection,Method.invoke,"{""class"": ""com.facebook.react.views.textinput.ReactTextInputManager"", ""method"": ""setOnSelectionChange""}"
93325,reflection,Method.invoke,"{""class"": ""com.facebook.react.views.textinput.ReactTextInputManager"", ""method"": ""setTextAlignVertical""}"
93325,reflection,Method.invoke,"{""class"": ""com.facebook.react.views.textinput.ReactTextInputManager"", ""method"": ""setPlaceholder""}"
93326,reflection,Method.invoke,"{""class"": ""com.facebook.react.views.textinput.ReactTextInputManager"", ""method"": ""setPlaceholderTextColor""}"
93327,reflection,Method.invoke,"{""class"": ""com.facebook.react.views.textinput.ReactTextInputManager"", ""method"": ""setNumLines""}"
93333,reflection,Method.invoke,"{""class"": ""com.facebook.react.uimanager.BaseViewManager"", ""method"": ""setResponderMove""}"
93334,reflection,Method.invoke,"{""class"": ""com.facebook.react.views.textinput.ReactTextInputManager"", ""method"": ""setMaxLength""}"
93335,reflection,Method.invoke,"{""class"": ""com.facebook.react.views.textinput.ReactTextInputManager"", ""method"": ""setAutoCapitalize""}"
93336,reflection,Method.invoke,"{""class"": ""com.facebook.react.uimanager.BaseViewManager"", ""method"": ""setResponderRelease""}"
93336,reflection,Method.invoke,"{""class"": ""com.facebook.react.views.textinput.ReactTextInputManager"", ""method"": ""setSubmitBehavior""}"
93339,reflection,Method.invoke,"{""class"": ""com.facebook.react.uimanager.BaseViewManager"", ""method"": ""setResponderTerminate""}"
93346,reflection,Method.invoke,"{""class"": ""com.facebook.react.uimanager.BaseViewManager"", ""method"": ""setResponderTerminationRequest""}"
93347,reflection,Method.invoke,"{""class"": ""com.facebook.react.uimanager.BaseViewManager"", ""method"": ""setClick""}"
93348,file_io,AssetManager.open,"{""path"": ""fonts/sans-serif-medium.ttf""}"
93349,reflection,Method.invoke,"{""class"": ""com.facebook.react.views.textinput.ReactTextInputManager"", ""method"": ""setOnScroll""}"
93362,reflection,Method.invoke,"{""class"": ""com.facebook.react.uimanager.BaseViewManager"", ""method"": ""setNativeId""}"
93364,reflection,Method.invoke,"{""class"": ""com.facebook.react.views.view.ReactViewManager"", ""method"": ""setBorderColor""}"
93365,reflection,Method.invoke,"{""class"": ""com.facebook.react.views.view.ReactViewManager"", ""method"": ""setCollapsable""}"
93366,reflection,Method.invoke,"{""class"": ""com.facebook.react.views.view.ReactViewManager"", ""method"": ""setBorderWidth""}"
93366,reflection,Method.invoke,"{""class"": ""com.facebook.react.views.view.ReactViewManager"", ""method"": ""setBorderRadius""}"
93368,reflection,Method.invoke,"{""class"": ""com.facebook.react.views.text.ReactTextAnchorViewManager"", ""method"": ""setAccessible$ReactAndroid_release""}"
93370,reflection,Method.invoke,"{""class"": ""com.facebook.react.views.text.ReactTextAnchorViewManager"", ""method"": ""setEllipsizeMode$ReactAndroid_release""}"
93370,reflection,Method.invoke,"{""class"": ""com.facebook.react.uimanager.BaseViewManager"", ""method"": ""setOpacity""}"
93371,reflection,Method.invoke,"{""class"": ""com.facebook.react.views.text.ReactTextAnchorViewManager"", ""method"": ""setFontSize$ReactAndroid_release""}"
93378,reflection,Method.invoke,"{""class"": ""com.facebook.react.views.text.ReactTextAnchorViewManager"", ""method"": ""setAccessible$ReactAndroid_release""}"
93379,reflection,Method.invoke,"{""class"": ""com.facebook.react.views.text.ReactTextAnchorViewManager"", ""method"": ""setFontSize$ReactAndroid_release""}"
93386,reflection,Method.invoke,"{""class"": ""com.facebook.react.views.text.ReactTextAnchorViewManager"", ""method"": ""setEllipsizeMode$ReactAndroid_release""}"
93395,reflection,Method.invoke,"{""class"": ""com.facebook.react.views.view.ReactViewManager"", ""method"": ""setFocusable""}"
93396,reflection,Method.invoke,"{""class"": ""com.facebook.react.uimanager.BaseViewManager"", ""method"": ""setResponderTerminate""}"
93396,reflection,Method.invoke,"{""class"": ""com.facebook.react.views.view.ReactViewManager"", ""method"": ""setBorderRadius""}"
93397,reflection,Method.invoke,"{""class"": ""com.facebook.react.uimanager.BaseViewManager"", ""method"": ""setOpacity""}"
93398,reflection,Method.invoke,"{""class"": ""com.facebook.react.uimanager.BaseViewManager"", ""method"": ""setBackgroundColor""}"
93399,reflection,Method.invoke,"{""class"": ""com.facebook.react.views.view.ReactViewManager"", ""method"": ""setAccessible""}"
93400,reflection,Method.invoke,"{""class"": ""com.facebook.react.uimanager.BaseViewManager"", ""method"": ""setStartShouldSetResponder""}"
93403,reflection,Method.invoke,"{""class"": ""com.facebook.react.uimanager.BaseViewManager"", ""method"": ""setResponderGrant""}"
93403,file_io,AssetManager.open,"{""path"": ""fonts/sans-serif-medium.otf""}"
93404,reflection,Method.invoke,"{""class"": ""com.facebook.react.views.view.ReactViewManager"", ""method"": ""setHitSlop""}"
93405,reflection,Method.invoke,"{""class"": ""com.facebook.react.uimanager.BaseViewManager"", ""method"": ""setResponderMove""}"
93406,reflection,Method.invoke,"{""class"": ""com.facebook.react.uimanager.BaseViewManager"", ""method"": ""setResponderRelease""}"
93407,reflection,Method.invoke,"{""class"": ""com.facebook.react.uimanager.BaseViewManager"", ""method"": ""setResponderTerminationRequest""}"
93407,reflection,Method.invoke,"{""class"": ""com.facebook.react.uimanager.BaseViewManager"", ""method"": ""setClick""}"
93408,reflection,Method.invoke,"{""class"": ""com.facebook.react.views.view.ReactViewManager"", ""method"": ""setCollapsable""}"
93408,reflection,Method.invoke,"{""class"": ""com.facebook.react.uimanager.BaseViewManager"", ""method"": ""setAccessibilityValue""}"
93409,reflection,Method.invoke,"{""class"": ""com.facebook.react.uimanager.BaseViewManager"", ""method"": ""setViewState""}"
93412,reflection,Method.invoke,"{""class"": ""com.facebook.react.views.view.ReactViewManager"", ""method"": ""setCollapsable""}"
93413,reflection,Method.invoke,"{""class"": ""com.facebook.react.views.view.ReactViewManager"", ""method"": ""setCollapsableChildren""}"
93414,reflection,Method.invoke,"{""class"": ""com.facebook.react.uimanager.BaseViewManager"", ""method"": ""setStartShouldSetResponder""}"
93414,reflection,Method.invoke,"{""class"": ""com.facebook.react.uimanager.BaseViewManager"", ""method"": ""setResponderGrant""}"
93415,reflection,Method.invoke,"{""class"": ""com.facebook.react.uimanager.BaseViewManager"", ""method"": ""setResponderTerminationRequest""}"
93416,reflection,Method.invoke,"{""class"": ""com.facebook.react.views.scroll.ReactScrollViewManager"", ""method"": ""setSnapToEnd""}"
93416,reflection,Method.invoke,"{""class"": ""com.facebook.react.uimanager.BaseViewManager"", ""method"": ""setResponderMove""}"
93417,reflection,Method.invoke,"{""class"": ""com.facebook.react.uimanager.BaseViewManager"", ""method"": ""setClick""}"
93417,reflection,Method.invoke,"{""class"": ""com.facebook.react.uimanager.BaseViewManager"", ""method"": ""setResponderReject""}"
93418,reflection,Method.invoke,"{""class"": ""com.facebook.react.views.scroll.ReactScrollViewManager"", ""method"": ""setSendMomentumEvents""}"
93419,reflection,Method.invoke,"{""class"": ""com.facebook.react.uimanager.BaseViewManager"", ""method"": ""setTouchStart""}"
93420,reflection,Method.invoke,"{""class"": ""com.facebook.react.uimanager.BaseViewManager"", ""method"": ""setViewState""}"
93421,reflection,Method.invoke,"{""class"": ""com.facebook.react.uimanager.BaseViewManager"", ""method"": ""setResponderTerminate""}"
93422,reflection,Method.invoke,"{""class"": ""com.facebook.react.uimanager.BaseViewManager"", ""method"": ""setStartShouldSetResponderCapture""}"
93423,reflection,Method.invoke,"{""class"": ""com.facebook.react.uimanager.BaseViewManager"", ""method"": ""setTouchEnd""}"
93423,reflection,Method.invoke,"{""class"": ""com.facebook.react.uimanager.BaseViewManager"", ""method"": ""setResponderRelease""}"
93424,reflection,Method.invoke,"{""class"": ""com.facebook.react.views.scroll.ReactScrollViewManager"", ""method"": ""setSnapToStart""}"
93424,reflection,Method.invoke,"{""class"": ""com.facebook.react.views.scroll.ReactScrollViewManager"", ""method"": ""setOverflow""}"
93428,reflection,Method.invoke,"{""class"": ""com.facebook.react.uimanager.BaseViewManager"", ""method"": ""setTouchMove""}"
93429,reflection,Method.invoke,"{""class"": ""com.facebook.react.uimanager.BaseViewManager"", ""method"": ""setTouchCancel""}"
93429,reflection,Method.invoke,"{""class"": ""com.facebook.react.views.scroll.ReactScrollViewManager"", ""method"": ""setPagingEnabled""}"
93445,reflection,Method.invoke,"{""class"": ""com.facebook.react.uimanager.BaseViewManager"", ""method"": ""setBackgroundColor""}"
93445,reflection,Method.invoke,"{""class"": ""com.facebook.react.views.view.ReactViewManager"", ""method"": ""setPointerEvents""}"
93448,reflection,Method.invoke,"{""class"": ""com.facebook.react.uimanager.BaseViewManager"", ""method"": ""setBackgroundColor""}"
93449,reflection,Method.invoke,"{""class"": ""com.facebook.react.views.view.ReactViewManager"", ""method"": ""setOverflow""}"
93450,reflection,Method.invoke,"{""class"": ""com.facebook.react.views.view.ReactViewManager"", ""method"": ""setNeedsOffscreenAlphaCompositing""}"
93451,reflection,Method.invoke,"{""class"": ""com.facebook.react.views.view.ReactViewManager"", ""method"": ""setCollapsable""}"
93451,reflection,Method.invoke,"{""class"": ""com.facebook.react.uimanager.BaseViewManager"", ""method"": ""setOpacity""}"
93452,reflection,Method.invoke,"{""class"": ""com.facebook.react.uimanager.BaseViewManager"", ""method"": ""setTransform""}"
93454,reflection,Method.invoke,"{""class"": ""com.facebook.react.views.view.ReactViewManager"", ""method"": ""setCollapsable""}"
93455,reflection,Method.invoke,"{""class"": ""com.facebook.react.views.view.ReactViewManager"", ""method"": ""setPointerEvents""}"
93461,reflection,Method.invoke,"{""class"": ""com.facebook.react.views.view.ReactViewManager"", ""method"": ""setPointerEvents""}"
93462,reflection,Method.invoke,"{""class"": ""com.facebook.react.views.view.ReactViewManager"", ""method"": ""setCollapsable""}"
93512,reflection,Method.invoke,"{""class"": ""com.facebook.react.views.view.ReactViewManager"", ""method"": ""setPointerEvents""}"
93512,reflection,Method.invoke,"{""class"": ""com.facebook.react.uimanager.BaseViewManager"", ""method"": ""setImportantForAccessibility""}"
93514,reflection,Method.invoke,"{""class"": ""com.facebook.react.uimanager.BaseViewManager"", ""method"": ""setTransform""}"
93515,reflection,Method.invoke,"{""class"": ""com.facebook.react.uimanager.BaseViewManager"", ""method"": ""setOpacity""}"
93526,reflection,Method.invoke,"{""class"": ""com.facebook.react.uimanager.BaseViewManager"", ""method"": ""setTransform""}"
93527,reflection,Method.invoke,"{""class"": ""com.facebook.react.uimanager.BaseViewManager"", ""method"": ""setOpacity""}"
93530,reflection,Method.invoke,"{""class"": ""com.facebook.react.views.view.ReactViewManager"", ""method"": ""setOverflow""}"
93531,reflection,Method.invoke,"{""class"": ""com.facebook.react.uimanager.BaseViewManager"", ""method"": ""setImportantForAccessibility""}"
93532,reflection,Method.invoke,"{""class"": ""com.facebook.react.uimanager.BaseViewManager"", ""method"": ""setTransform""}"
93534,reflection,Method.invoke,"{""class"": ""com.facebook.react.uimanager.BaseViewManager"", ""method"": ""setOpacity""}"
93535,reflection,Method.invoke,"{""class"": ""com.facebook.react.uimanager.BaseViewManager"", ""method"": ""setOpacity""}"
93535,reflection,Method.invoke,"{""class"": ""com.facebook.react.uimanager.BaseViewManager"", ""method"": ""setTransform""}"
93536,reflection,Method.invoke,"{""class"": ""com.facebook.react.uimanager.BaseViewManager"", ""method"": ""setOpacity""}"
93537,reflection,Method.invoke,"{""class"": ""com.facebook.react.uimanager.BaseViewManager"", ""method"": ""setTransform""}"
93548,reflection,Method.invoke,"{""class"": ""com.facebook.react.uimanager.BaseViewManager"", ""method"": ""setOpacity""}"
93548,reflection,Method.invoke,"{""class"": ""com.facebook.react.uimanager.BaseViewManager"", ""method"": ""setOpacity""}"
93549,reflection,Method.invoke,"{""class"": ""com.facebook.react.uimanager.BaseViewManager"", ""method"": ""setOpacity""}"
93550,reflection,Method.invoke,"{""class"": ""com.facebook.react.uimanager.BaseViewManager"", ""method"": ""setOpacity""}"
93551,reflection,Method.invoke,"{""class"": ""com.facebook.react.uimanager.BaseViewManager"", ""method"": ""setTransform""}"
93551,reflection,Method.invoke,"{""class"": ""com.facebook.react.uimanager.BaseViewManager"", ""method"": ""setOpacity""}"
93556,reflection,Method.invoke,"{""class"": ""com.facebook.react.uimanager.BaseViewManager"", ""method"": ""setTransform""}"
93557,reflection,Method.invoke,"{""class"": ""com.facebook.react.uimanager.BaseViewManager"", ""method"": ""setOpacity""}"
93559,reflection,Method.invoke,"{""class"": ""android.view.View"", ""method"": ""getViewRootImpl""}"
93560,reflection,Method.invoke,"{""class"": ""android.view.View"", ""method"": ""getViewRootImpl""}"
93581,reflection,Method.invoke,"{""class"": ""com.facebook.react.uimanager.BaseViewManager"", ""method"": ""setOpacity""}"
93581,reflection,Method.invoke,"{""class"": ""com.facebook.react.uimanager.BaseViewManager"", ""method"": ""setOpacity""}"
93582,reflection,Method.invoke,"{""class"": ""com.facebook.react.uimanager.BaseViewManager"", ""method"": ""setTransform""}"
93582,reflection,Method.invoke,"{""class"": ""com.facebook.react.uimanager.BaseViewManager"", ""method"": ""setOpacity""}"
93589,reflection,Method.invoke,"{""class"": ""expo.modules.image.records.ImageLoadEvent"", ""method"": ""getCacheType""}"
93590,reflection,Method.invoke,"{""class"": ""expo.modules.image.records.ImageLoadEvent"", ""method"": ""getSource""}"
93590,reflection,Method.invoke,"{""class"": ""expo.modules.image.records.ImageSource"", ""method"": ""getHeight""}"
93591,reflection,Method.invoke,"{""class"": ""expo.modules.image.records.ImageSource"", ""method"": ""isAnimated""}"
93591,reflection,Method.invoke,"{""class"": ""expo.modules.image.records.ImageSource"", ""method"": ""getMediaType""}"
93591,reflection,Method.invoke,"{""class"": ""expo.modules.image.records.ImageSource"", ""method"": ""getUrl""}"
93593,reflection,Method.invoke,"{""class"": ""expo.modules.image.records.ImageSource"", ""method"": ""getWidth""}"
93604,reflection,Method.invoke,"{""class"": ""com.facebook.react.uimanager.BaseViewManager"", ""method"": ""setTransform""}"
93604,reflection,Method.invoke,"{""class"": ""com.facebook.react.uimanager.BaseViewManager"", ""method"": ""setOpacity""}"
93606,reflection,Method.invoke,"{""class"": ""com.facebook.react.uimanager.BaseViewManager"", ""method"": ""setTransform""}"
93607,reflection,Method.invoke,"{""class"": ""com.facebook.react.uimanager.BaseViewManager"", ""method"": ""setOpacity""}"
93609,reflection,Method.invoke,"{""class"": ""com.facebook.react.uimanager.BaseViewManager"", ""method"": ""setOpacity""}"
93609,reflection,Method.invoke,"{""class"": ""com.facebook.react.uimanager.BaseViewManager"", ""method"": ""setTransform""}"
93610,reflection,Method.invoke,"{""class"": ""com.facebook.react.uimanager.BaseViewManager"", ""method"": ""setOpacity""}"
93612,reflection,Method.invoke,"{""class"": ""com.facebook.react.uimanager.BaseViewManager"", ""method"": ""setTransform""}"
93616,reflection,Method.invoke,"{""class"": ""com.facebook.react.uimanager.BaseViewManager"", ""method"": ""setOpacity""}"
93616,reflection,Method.invoke,"{""class"": ""com.facebook.react.uimanager.BaseViewManager"", ""method"": ""setOpacity""}"
93617,reflection,Method.invoke,"{""class"": ""com.facebook.react.uimanager.BaseViewManager"", ""method"": ""setTransform""}"
93617,reflection,Method.invoke,"{""class"": ""com.facebook.react.uimanager.BaseViewManager"", ""method"": ""setOpacity""}"
93624,reflection,Method.invoke,"{""class"": ""java.util.Locale"", ""method"": ""getDefault""}"
93636,reflection,Method.invoke,"{""class"": ""com.facebook.react.uimanager.BaseViewManager"", ""method"": ""setTransform""}"
93637,reflection,Method.invoke,"{""class"": ""com.facebook.react.uimanager.BaseViewManager"", ""method"": ""setOpacity""}"
93639,reflection,Method.invoke,"{""class"": ""com.facebook.react.uimanager.BaseViewManager"", ""method"": ""setTransform""}"
93639,reflection,Method.invoke,"{""class"": ""com.facebook.react.uimanager.BaseViewManager"", ""method"": ""setOpacity""}"
93640,reflection,Method.invoke,"{""class"": ""com.facebook.react.uimanager.BaseViewManager"", ""method"": ""setOpacity""}"
93642,reflection,Method.invoke,"{""class"": ""com.facebook.react.uimanager.BaseViewManager"", ""method"": ""setOpacity""}"
93643,reflection,Method.invoke,"{""class"": ""com.facebook.react.uimanager.BaseViewManager"", ""method"": ""setTransform""}"
93644,reflection,Method.invoke,"{""class"": ""com.facebook.react.uimanager.BaseViewManager"", ""method"": ""setOpacity""}"
93658,reflection,Method.invoke,"{""class"": ""com.facebook.react.uimanager.BaseViewManager"", ""method"": ""setTransform""}"
93660,reflection,Method.invoke,"{""class"": ""com.facebook.react.uimanager.BaseViewManager"", ""method"": ""setOpacity""}"
93661,reflection,Method.invoke,"{""class"": ""com.facebook.react.uimanager.BaseViewManager"", ""method"": ""setOpacity""}"
93666,reflection,Method.invoke,"{""class"": ""com.facebook.react.uimanager.BaseViewManager"", ""method"": ""setTransform""}"
93667,reflection,Method.invoke,"{""class"": ""com.facebook.react.views.view.ReactViewManager"", ""method"": ""setFocusable""}"
93668,reflection,Method.invoke,"{""class"": ""com.facebook.react.uimanager.BaseViewManager"", ""method"": ""setViewState""}"
93670,reflection,Method.invoke,"{""class"": ""com.facebook.react.uimanager.BaseViewManager"", ""method"": ""setOpacity""}"
93670,reflection,Method.invoke,"{""class"": ""com.facebook.react.uimanager.BaseViewManager"", ""method"": ""setOpacity""}"
93672,reflection,Method.invoke,"{""class"": ""com.facebook.react.uimanager.BaseViewManager"", ""method"": ""setOpacity""}"
93673,reflection,Method.invoke,"{""class"": ""com.facebook.react.uimanager.BaseViewManager"", ""method"": ""setOpacity""}"
93674,reflection,Method.invoke,"{""class"": ""com.facebook.react.uimanager.BaseViewManager"", ""method"": ""setTransform""}"
93675,reflection,Method.invoke,"{""class"": ""com.facebook.react.uimanager.BaseViewManager"", ""method"": ""setOpacity""}"
93701,reflection,Method.invoke,"{""class"": ""expo.modules.image.records.ImageLoadEvent"", ""method"": ""getCacheType""}"
93708,reflection,Method.invoke,"{""class"": ""expo.modules.image.records.ImageLoadEvent"", ""method"": ""getSource""}"
93716,reflection,Method.invoke,"{""class"": ""expo.modules.image.records.ImageSource"", ""method"": ""getHeight""}"
93724,reflection,Method.invoke,"{""class"": ""expo.modules.image.records.ImageSource"", ""method"": ""isAnimated""}"
93732,reflection,Method.invoke,"{""class"": ""expo.modules.image.records.ImageSource"", ""method"": ""getMediaType""}"
93738,reflection,Method.invoke,"{""class"": ""expo.modules.image.records.ImageSource"", ""method"": ""getUrl""}"
93745,reflection,Method.invoke,"{""class"": ""expo.modules.image.records.ImageSource"", ""method"": ""getWidth""}"
93756,reflection,Method.invoke,"{""class"": ""com.facebook.react.uimanager.BaseViewManager"", ""method"": ""setOpacity""}"
93764,reflection,Method.invoke,"{""class"": ""com.facebook.react.uimanager.BaseViewManager"", ""method"": ""setOpacity""}"
93772,reflection,Method.invoke,"{""class"": ""com.facebook.react.uimanager.BaseViewManager"", ""method"": ""setOpacity""}"
93782,reflection,Method.invoke,"{""class"": ""com.facebook.react.uimanager.BaseViewManager"", ""method"": ""setOpacity""}"
93790,reflection,Method.invoke,"{""class"": ""com.facebook.react.uimanager.BaseViewManager"", ""method"": ""setTransform""}"
93797,reflection,Method.invoke,"{""class"": ""com.facebook.react.uimanager.BaseViewManager"", ""method"": ""setOpacity""}"
93810,reflection,Method.invoke,"{""class"": ""com.facebook.react.uimanager.BaseViewManager"", ""method"": ""setOpacity""}"
93823,reflection,Method.invoke,"{""class"": ""com.facebook.react.uimanager.BaseViewManager"", ""method"": ""setOpacity""}"
93835,reflection,Method.invoke,"{""class"": ""com.facebook.react.uimanager.BaseViewManager"", ""method"": ""setOpacity""}"
93844,reflection,Method.invoke,"{""class"": ""com.facebook.react.uimanager.BaseViewManager"", ""method"": ""setOpacity""}"
93853,reflection,Method.invoke,"{""class"": ""com.facebook.react.uimanager.BaseViewManager"", ""method"": ""setTransform""}"
93861,reflection,Method.invoke,"{""class"": ""com.facebook.react.uimanager.BaseViewManager"", ""method"": ""setOpacity""}"
93879,reflection,Method.invoke,"{""class"": ""com.facebook.react.uimanager.BaseViewManager"", ""method"": ""setOpacity""}"
93888,reflection,Method.invoke,"{""class"": ""com.facebook.react.uimanager.BaseViewManager"", ""method"": ""setOpacity""}"
93901,reflection,Method.invoke,"{""class"": ""com.facebook.react.uimanager.BaseViewManager"", ""method"": ""setOpacity""}"
93910,reflection,Method.invoke,"{""class"": ""com.facebook.react.uimanager.BaseViewManager"", ""method"": ""setTransform""}"
93919,reflection,Method.invoke,"{""class"": ""com.facebook.react.uimanager.BaseViewManager"", ""method"": ""setOpacity""}"
93937,reflection,Method.invoke,"{""class"": ""com.facebook.react.uimanager.BaseViewManager"", ""method"": ""setOpacity""}"
93960,reflection,Method.invoke,"{""class"": ""com.facebook.react.uimanager.BaseViewManager"", ""method"": ""setTransform""}"
93972,reflection,Method.invoke,"{""class"": ""com.facebook.react.uimanager.BaseViewManager"", ""method"": ""setOpacity""}"
93981,reflection,Method.invoke,"{""class"": ""com.facebook.react.uimanager.BaseViewManager"", ""method"": ""setOpacity""}"
93989,reflection,Method.invoke,"{""class"": ""com.facebook.react.uimanager.BaseViewManager"", ""method"": ""setOpacity""}"
93998,reflection,Method.invoke,"{""class"": ""com.facebook.react.uimanager.BaseViewManager"", ""method"": ""setOpacity""}"
94007,reflection,Method.invoke,"{""class"": ""com.facebook.react.uimanager.BaseViewManager"", ""method"": ""setTransform""}"
94014,reflection,Method.invoke,"{""class"": ""com.facebook.react.uimanager.BaseViewManager"", ""method"": ""setTransform""}"
94025,reflection,Method.invoke,"{""class"": ""com.facebook.react.uimanager.BaseViewManager"", ""method"": ""setOpacity""}"
94039,reflection,Method.invoke,"{""class"": ""com.facebook.react.uimanager.BaseViewManager"", ""method"": ""setTransform""}"
94049,reflection,Method.invoke,"{""class"": ""com.facebook.react.uimanager.BaseViewManager"", ""method"": ""setOpacity""}"
94058,reflection,Method.invoke,"{""class"": ""com.facebook.react.uimanager.BaseViewManager"", ""method"": ""setTransform""}"
94066,reflection,Method.invoke,"{""class"": ""com.facebook.react.uimanager.BaseViewManager"", ""method"": ""setOpacity""}"
94073,reflection,Method.invoke,"{""class"": ""com.facebook.react.uimanager.BaseViewManager"", ""method"": ""setOpacity""}"
96817,reflection,Method.invoke,"{""class"": ""com.facebook.react.uimanager.BaseViewManager"", ""method"": ""setOpacity""}"
96830,reflection,Method.invoke,"{""class"": ""com.facebook.react.uimanager.BaseViewManager"", ""method"": ""setOpacity""}"
96835,reflection,Method.invoke,"{""class"": ""com.facebook.react.uimanager.BaseViewManager"", ""method"": ""setTransform""}"
96841,reflection,Method.invoke,"{""class"": ""com.facebook.react.uimanager.BaseViewManager"", ""method"": ""setTransform""}"
96846,reflection,Method.invoke,"{""class"": ""com.facebook.react.uimanager.BaseViewManager"", ""method"": ""setOpacity""}"
96853,reflection,Method.invoke,"{""class"": ""com.facebook.react.views.view.ReactViewManager"", ""method"": ""setBorderColor""}"
96870,reflection,Method.invoke,"{""class"": ""com.facebook.react.uimanager.BaseViewManager"", ""method"": ""setOpacity""}"
96888,reflection,Method.invoke,"{""class"": ""com.facebook.react.uimanager.BaseViewManager"", ""method"": ""setOpacity""}"
96893,reflection,Method.invoke,"{""class"": ""com.facebook.react.uimanager.BaseViewManager"", ""method"": ""setTransform""}"
96901,reflection,Method.invoke,"{""class"": ""com.facebook.react.uimanager.BaseViewManager"", ""method"": ""setTransform""}"
96906,reflection,Method.invoke,"{""class"": ""com.facebook.react.uimanager.BaseViewManager"", ""method"": ""setOpacity""}"
96913,reflection,Method.invoke,"{""class"": ""com.facebook.react.views.view.ReactViewManager"", ""method"": ""setBorderColor""}"
96930,reflection,Method.invoke,"{""class"": ""com.facebook.react.uimanager.BaseViewManager"", ""method"": ""setOpacity""}"
96948,reflection,Method.invoke,"{""class"": ""com.facebook.react.uimanager.BaseViewManager"", ""method"": ""setOpacity""}"
96954,reflection,Method.invoke,"{""class"": ""com.facebook.react.uimanager.BaseViewManager"", ""method"": ""setTransform""}"
96960,reflection,Method.invoke,"{""class"": ""com.facebook.react.uimanager.BaseViewManager"", ""method"": ""setTransform""}"
96965,reflection,Method.invoke,"{""class"": ""com.facebook.react.uimanager.BaseViewManager"", ""method"": ""setOpacity""}"
96970,reflection,Method.invoke,"{""class"": ""com.facebook.react.views.view.ReactViewManager"", ""method"": ""setBorderColor""}"
96983,reflection,Method.invoke,"{""class"": ""com.facebook.react.uimanager.BaseViewManager"", ""method"": ""setOpacity""}"
96997,reflection,Method.invoke,"{""class"": ""com.facebook.react.uimanager.BaseViewManager"", ""method"": ""setOpacity""}"
97003,reflection,Method.invoke,"{""class"": ""com.facebook.react.uimanager.BaseViewManager"", ""method"": ""setTransform""}"
97009,reflection,Method.invoke,"{""class"": ""com.facebook.react.uimanager.BaseViewManager"", ""method"": ""setTransform""}"
97014,reflection,Method.invoke,"{""class"": ""com.facebook.react.uimanager.BaseViewManager"", ""method"": ""setOpacity""}"
97020,reflection,Method.invoke,"{""class"": ""com.facebook.react.views.view.ReactViewManager"", ""method"": ""setBorderColor""}"
97038,reflection,Method.invoke,"{""class"": ""com.facebook.react.uimanager.BaseViewManager"", ""method"": ""setOpacity""}"
97052,reflection,Method.invoke,"{""class"": ""com.facebook.react.uimanager.BaseViewManager"", ""method"": ""setOpacity""}"
97059,reflection,Method.invoke,"{""class"": ""com.facebook.react.uimanager.BaseViewManager"", ""method"": ""setTransform""}"
97064,reflection,Method.invoke,"{""class"": ""com.facebook.react.uimanager.BaseViewManager"", ""method"": ""setTransform""}"
97069,reflection,Method.invoke,"{""class"": ""com.facebook.react.uimanager.BaseViewManager"", ""method"": ""setOpacity""}"
97074,reflection,Method.invoke,"{""class"": ""com.facebook.react.views.view.ReactViewManager"", ""method"": ""setBorderColor""}"
97089,reflection,Method.invoke,"{""class"": ""com.facebook.react.uimanager.BaseViewManager"", ""method"": ""setOpacity""}"
97104,reflection,Method.invoke,"{""class"": ""com.facebook.react.uimanager.BaseViewManager"", ""method"": ""setOpacity""}"
97110,reflection,Method.invoke,"{""class"": ""com.facebook.react.uimanager.BaseViewManager"", ""method"": ""setTransform""}"
97115,reflection,Method.invoke,"{""class"": ""com.facebook.react.uimanager.BaseViewManager"", ""method"": ""setTransform""}"
97121,reflection,Method.invoke,"{""class"": ""com.facebook.react.uimanager.BaseViewManager"", ""method"": ""setOpacity""}"
97127,reflection,Method.invoke,"{""class"": ""com.facebook.react.views.view.ReactViewManager"", ""method"": ""setBorderColor""}"
97145,reflection,Method.invoke,"{""class"": ""com.facebook.react.uimanager.BaseViewManager"", ""method"": ""setOpacity""}"
97154,reflection,Method.invoke,"{""class"": ""com.facebook.react.uimanager.BaseViewManager"", ""method"": ""setTransform""}"
97159,reflection,Method.invoke,"{""class"": ""com.facebook.react.uimanager.BaseViewManager"", ""method"": ""setTransform""}"
97164,reflection,Method.invoke,"{""class"": ""com.facebook.react.uimanager.BaseViewManager"", ""method"": ""setOpacity""}"
97170,reflection,Method.invoke,"{""class"": ""com.facebook.react.views.view.ReactViewManager"", ""method"": ""setBorderColor""}"
97193,reflection,Method.invoke,"{""class"": ""com.facebook.react.uimanager.BaseViewManager"", ""method"": ""setOpacity""}"
97201,reflection,Method.invoke,"{""class"": ""com.facebook.react.uimanager.BaseViewManager"", ""method"": ""setTransform""}"
97206,reflection,Method.invoke,"{""class"": ""com.facebook.react.uimanager.BaseViewManager"", ""method"": ""setTransform""}"
97213,reflection,Method.invoke,"{""class"": ""com.facebook.react.uimanager.BaseViewManager"", ""method"": ""setOpacity""}"
97219,reflection,Method.invoke,"{""class"": ""com.facebook.react.views.view.ReactViewManager"", ""method"": ""setBorderColor""}"
97237,reflection,Method.invoke,"{""class"": ""com.facebook.react.uimanager.BaseViewManager"", ""method"": ""setOpacity""}"
97243,reflection,Method.invoke,"{""class"": ""com.facebook.react.uimanager.BaseViewManager"", ""method"": ""setTransform""}"
97252,reflection,Method.invoke,"{""class"": ""com.facebook.react.uimanager.BaseViewManager"", ""method"": ""setTransform""}"
97257,reflection,Method.invoke,"{""class"": ""com.facebook.react.uimanager.BaseViewManager"", ""method"": ""setOpacity""}"
97263,reflection,Method.invoke,"{""class"": ""com.facebook.react.views.view.ReactViewManager"", ""method"": ""setBorderColor""}"
97283,reflection,Method.invoke,"{""class"": ""com.facebook.react.uimanager.BaseViewManager"", ""method"": ""setOpacity""}"
97288,reflection,Method.invoke,"{""class"": ""com.facebook.react.uimanager.BaseViewManager"", ""method"": ""setTransform""}"
97293,reflection,Method.invoke,"{""class"": ""com.facebook.react.uimanager.BaseViewManager"", ""method"": ""setTransform""}"
97298,reflection,Method.invoke,"{""class"": ""com.facebook.react.uimanager.BaseViewManager"", ""method"": ""setOpacity""}"
97304,reflection,Method.invoke,"{""class"": ""com.facebook.react.views.view.ReactViewManager"", ""method"": ""setBorderColor""}"
97324,reflection,Method.invoke,"{""class"": ""com.facebook.react.uimanager.BaseViewManager"", ""method"": ""setOpacity""}"
97332,reflection,Method.invoke,"{""class"": ""com.facebook.react.uimanager.BaseViewManager"", ""method"": ""setTransform""}"
97339,reflection,Method.invoke,"{""class"": ""com.facebook.react.uimanager.BaseViewManager"", ""method"": ""setTransform""}"
97344,reflection,Method.invoke,"{""class"": ""com.facebook.react.uimanager.BaseViewManager"", ""method"": ""setOpacity""}"
97349,reflection,Method.invoke,"{""class"": ""com.facebook.react.views.view.ReactViewManager"", ""method"": ""setBorderColor""}"
97369,reflection,Method.invoke,"{""class"": ""com.facebook.react.uimanager.BaseViewManager"", ""method"": ""setOpacity""}"
97375,reflection,Method.invoke,"{""class"": ""com.facebook.react.uimanager.BaseViewManager"", ""method"": ""setTransform""}"
97381,reflection,Method.invoke,"{""class"": ""com.facebook.react.uimanager.BaseViewManager"", ""method"": ""setTransform""}"
97386,reflection,Method.invoke,"{""class"": ""com.facebook.react.uimanager.BaseViewManager"", ""method"": ""setOpacity""}"
97392,reflection,Method.invoke,"{""class"": ""com.facebook.react.views.view.ReactViewManager"", ""method"": ""setBorderColor""}"
97408,reflection,Method.invoke,"{""class"": ""com.facebook.react.uimanager.BaseViewManager"", ""method"": ""setOpacity""}"
97414,reflection,Method.invoke,"{""class"": ""com.facebook.react.uimanager.BaseViewManager"", ""method"": ""setTransform""}"
97420,reflection,Method.invoke,"{""class"": ""com.facebook.react.uimanager.BaseViewManager"", ""method"": ""setTransform""}"
97425,reflection,Method.invoke,"{""class"": ""com.facebook.react.uimanager.BaseViewManager"", ""method"": ""setOpacity""}"
97430,reflection,Method.invoke,"{""class"": ""com.facebook.react.views.view.ReactViewManager"", ""method"": ""setBorderColor""}"
97451,reflection,Method.invoke,"{""class"": ""com.facebook.react.uimanager.BaseViewManager"", ""method"": ""setOpacity""}"
97457,reflection,Method.invoke,"{""class"": ""com.facebook.react.uimanager.BaseViewManager"", ""method"": ""setTransform""}"
97466,reflection,Method.invoke,"{""class"": ""com.facebook.react.uimanager.BaseViewManager"", ""method"": ""setTransform""}"
97471,reflection,Method.invoke,"{""class"": ""com.facebook.react.uimanager.BaseViewManager"", ""method"": ""setOpacity""}"
97476,reflection,Method.invoke,"{""class"": ""com.facebook.react.views.view.ReactViewManager"", ""method"": ""setBorderColor""}"
97492,reflection,Method.invoke,"{""class"": ""com.facebook.react.uimanager.BaseViewManager"", ""method"": ""setOpacity""}"
97499,reflection,Method.invoke,"{""class"": ""com.facebook.react.uimanager.BaseViewManager"", ""method"": ""setTransform""}"
97505,reflection,Method.invoke,"{""class"": ""com.facebook.react.uimanager.BaseViewManager"", ""method"": ""setTransform""}"
97510,reflection,Method.invoke,"{""class"": ""com.facebook.react.uimanager.BaseViewManager"", ""method"": ""setOpacity""}"
97515,reflection,Method.invoke,"{""class"": ""com.facebook.react.views.view.ReactViewManager"", ""method"": ""setBorderColor""}"
97535,reflection,Method.invoke,"{""class"": ""com.facebook.react.uimanager.BaseViewManager"", ""method"": ""setOpacity""}"
97540,reflection,Method.invoke,"{""class"": ""com.facebook.react.uimanager.BaseViewManager"", ""method"": ""setTransform""}"
97546,reflection,Method.invoke,"{""class"": ""com.facebook.react.uimanager.BaseViewManager"", ""method"": ""setTransform""}"
97552,reflection,Method.invoke,"{""class"": ""com.facebook.react.uimanager.BaseViewManager"", ""method"": ""setOpacity""}"
97557,reflection,Method.invoke,"{""class"": ""com.facebook.react.views.view.ReactViewManager"", ""method"": ""setBorderColor""}"
97575,reflection,Method.invoke,"{""class"": ""com.facebook.react.uimanager.BaseViewManager"", ""method"": ""setOpacity""}"
97583,reflection,Method.invoke,"{""class"": ""com.facebook.react.uimanager.BaseViewManager"", ""method"": ""setTransform""}"
97588,reflection,Method.invoke,"{""class"": ""com.facebook.react.uimanager.BaseViewManager"", ""method"": ""setTransform""}"
97593,reflection,Method.invoke,"{""class"": ""com.facebook.react.uimanager.BaseViewManager"", ""method"": ""setOpacity""}"
97599,reflection,Method.invoke,"{""class"": ""com.facebook.react.views.view.ReactViewManager"", ""method"": ""setBorderColor""}"
97618,reflection,Method.invoke,"{""class"": ""com.facebook.react.uimanager.BaseViewManager"", ""method"": ""setOpacity""}"
97623,reflection,Method.invoke,"{""class"": ""com.facebook.react.uimanager.BaseViewManager"", ""method"": ""setTransform""}"
97628,reflection,Method.invoke,"{""class"": ""com.facebook.react.uimanager.BaseViewManager"", ""method"": ""setTransform""}"
97634,reflection,Method.invoke,"{""class"": ""com.facebook.react.uimanager.BaseViewManager"", ""method"": ""setOpacity""}"
97639,reflection,Method.invoke,"{""class"": ""com.facebook.react.views.view.ReactViewManager"", ""method"": ""setBorderColor""}"
97655,reflection,Method.invoke,"{""class"": ""com.facebook.react.uimanager.BaseViewManager"", ""method"": ""setOpacity""}"
97660,reflection,Method.invoke,"{""class"": ""com.facebook.react.uimanager.BaseViewManager"", ""method"": ""setTransform""}"
97668,reflection,Method.invoke,"{""class"": ""com.facebook.react.uimanager.BaseViewManager"", ""method"": ""setTransform""}"
97674,reflection,Method.invoke,"{""class"": ""com.facebook.react.uimanager.BaseViewManager"", ""method"": ""setOpacity""}"
97679,reflection,Method.invoke,"{""class"": ""com.facebook.react.views.view.ReactViewManager"", ""method"": ""setBorderColor""}"
97698,reflection,Method.invoke,"{""class"": ""com.facebook.react.uimanager.BaseViewManager"", ""method"": ""setOpacity""}"
97705,reflection,Method.invoke,"{""class"": ""com.facebook.react.uimanager.BaseViewManager"", ""method"": ""setTransform""}"
97710,reflection,Method.invoke,"{""class"": ""com.facebook.react.uimanager.BaseViewManager"", ""method"": ""setTransform""}"
97716,reflection,Method.invoke,"{""class"": ""com.facebook.react.uimanager.BaseViewManager"", ""method"": ""setOpacity""}"
97721,reflection,Method.invoke,"{""class"": ""com.facebook.react.views.view.ReactViewManager"", ""method"": ""setBorderColor""}"
97738,reflection,Method.invoke,"{""class"": ""com.facebook.react.uimanager.BaseViewManager"", ""method"": ""setOpacity""}"
97744,reflection,Method.invoke,"{""class"": ""com.facebook.react.uimanager.BaseViewManager"", ""method"": ""setTransform""}"
97751,reflection,Method.invoke,"{""class"": ""com.facebook.react.uimanager.BaseViewManager"", ""method"": ""setTransform""}"
97757,reflection,Method.invoke,"{""class"": ""com.facebook.react.uimanager.BaseViewManager"", ""method"": ""setOpacity""}"
97762,reflection,Method.invoke,"{""class"": ""com.facebook.react.views.view.ReactViewManager"", ""method"": ""setBorderColor""}"
97787,reflection,Method.invoke,"{""class"": ""com.facebook.react.uimanager.BaseViewManager"", ""method"": ""setOpacity""}"
97792,reflection,Method.invoke,"{""class"": ""com.facebook.react.uimanager.BaseViewManager"", ""method"": ""setTransform""}"
97797,reflection,Method.invoke,"{""class"": ""com.facebook.react.uimanager.BaseViewManager"", ""method"": ""setTransform""}"
97802,reflection,Method.invoke,"{""class"": ""com.facebook.react.uimanager.BaseViewManager"", ""method"": ""setOpacity""}"
97808,reflection,Method.invoke,"{""class"": ""com.facebook.react.views.view.ReactViewManager"", ""method"": ""setBorderColor""}"
97824,reflection,Method.invoke,"{""class"": ""com.facebook.react.uimanager.BaseViewManager"", ""method"": ""setOpacity""}"
97832,reflection,Method.invoke,"{""class"": ""com.facebook.react.uimanager.BaseViewManager"", ""method"": ""setTransform""}"
97838,reflection,Method.invoke,"{""class"": ""com.facebook.react.uimanager.BaseViewManager"", ""method"": ""setTransform""}"
97843,reflection,Method.invoke,"{""class"": ""com.facebook.react.uimanager.BaseViewManager"", ""method"": ""setOpacity""}"
97848,reflection,Method.invoke,"{""class"": ""com.facebook.react.views.view.ReactViewManager"", ""method"": ""setBorderColor""}"
97868,reflection,Method.invoke,"{""class"": ""com.facebook.react.uimanager.BaseViewManager"", ""method"": ""setOpacity""}"
97873,reflection,Method.invoke,"{""class"": ""com.facebook.react.uimanager.BaseViewManager"", ""method"": ""setTransform""}"
97878,reflection,Method.invoke,"{""class"": ""com.facebook.react.uimanager.BaseViewManager"", ""method"": ""setTransform""}"
97884,reflection,Method.invoke,"{""class"": ""com.facebook.react.uimanager.BaseViewManager"", ""method"": ""setOpacity""}"
97889,reflection,Method.invoke,"{""class"": ""com.facebook.react.views.view.ReactViewManager"", ""method"": ""setBorderColor""}"
97905,reflection,Method.invoke,"{""class"": ""com.facebook.react.uimanager.BaseViewManager"", ""method"": ""setOpacity""}"
97912,reflection,Method.invoke,"{""class"": ""com.facebook.react.uimanager.BaseViewManager"", ""method"": ""setTransform""}"
97920,reflection,Method.invoke,"{""class"": ""com.facebook.react.uimanager.BaseViewManager"", ""method"": ""setTransform""}"
97925,reflection,Method.invoke,"{""class"": ""com.facebook.react.uimanager.BaseViewManager"", ""method"": ""setOpacity""}"
97931,reflection,Method.invoke,"{""class"": ""com.facebook.react.views.view.ReactViewManager"", ""method"": ""setBorderColor""}"
97953,reflection,Method.invoke,"{""class"": ""com.facebook.react.uimanager.BaseViewManager"", ""method"": ""setOpacity""}"
97958,reflection,Method.invoke,"{""class"": ""com.facebook.react.uimanager.BaseViewManager"", ""method"": ""setTransform""}"
97968,reflection,Method.invoke,"{""class"": ""com.facebook.react.uimanager.BaseViewManager"", ""method"": ""setTransform""}"
97974,reflection,Method.invoke,"{""class"": ""com.facebook.react.uimanager.BaseViewManager"", ""method"": ""setOpacity""}"
97979,reflection,Method.invoke,"{""class"": ""com.facebook.react.views.view.ReactViewManager"", ""method"": ""setBorderColor""}"
98002,reflection,Method.invoke,"{""class"": ""com.facebook.react.uimanager.BaseViewManager"", ""method"": ""setOpacity""}"
98008,reflection,Method.invoke,"{""class"": ""com.facebook.react.uimanager.BaseViewManager"", ""method"": ""setTransform""}"
98015,reflection,Method.invoke,"{""class"": ""com.facebook.react.uimanager.BaseViewManager"", ""method"": ""setTransform""}"
98022,reflection,Method.invoke,"{""class"": ""com.facebook.react.uimanager.BaseViewManager"", ""method"": ""setOpacity""}"
98028,reflection,Method.invoke,"{""class"": ""com.facebook.react.views.view.ReactViewManager"", ""method"": ""setBorderColor""}"
98051,reflection,Method.invoke,"{""class"": ""com.facebook.react.uimanager.BaseViewManager"", ""method"": ""setOpacity""}"
98057,reflection,Method.invoke,"{""class"": ""com.facebook.react.uimanager.BaseViewManager"", ""method"": ""setTransform""}"
98062,reflection,Method.invoke,"{""class"": ""com.facebook.react.uimanager.BaseViewManager"", ""method"": ""setTransform""}"
98067,reflection,Method.invoke,"{""class"": ""com.facebook.react.uimanager.BaseViewManager"", ""method"": ""setOpacity""}"
98073,reflection,Method.invoke,"{""class"": ""com.facebook.react.views.view.ReactViewManager"", ""method"": ""setBorderColor""}"
98095,reflection,Method.invoke,"{""class"": ""com.facebook.react.uimanager.BaseViewManager"", ""method"": ""setOpacity""}"
98103,reflection,Method.invoke,"{""class"": ""com.facebook.react.uimanager.BaseViewManager"", ""method"": ""setTransform""}"
98108,reflection,Method.invoke,"{""class"": ""com.facebook.react.uimanager.BaseViewManager"", ""method"": ""setTransform""}"
98114,reflection,Method.invoke,"{""class"": ""com.facebook.react.uimanager.BaseViewManager"", ""method"": ""setOpacity""}"
98120,reflection,Method.invoke,"{""class"": ""com.facebook.react.views.view.ReactViewManager"", ""method"": ""setBorderColor""}"
98142,reflection,Method.invoke,"{""class"": ""com.facebook.react.uimanager.BaseViewManager"", ""method"": ""setOpacity""}"
98150,reflection,Method.invoke,"{""class"": ""com.facebook.react.uimanager.BaseViewManager"", ""method"": ""setTransform""}"
98155,reflection,Method.invoke,"{""class"": ""com.facebook.react.uimanager.BaseViewManager"", ""method"": ""setTransform""}"
98161,reflection,Method.invoke,"{""class"": ""com.facebook.react.uimanager.BaseViewManager"", ""method"": ""setOpacity""}"
98166,reflection,Method.invoke,"{""class"": ""com.facebook.react.views.view.ReactViewManager"", ""method"": ""setBorderColor""}"
98185,reflection,Method.invoke,"{""class"": ""com.facebook.react.uimanager.BaseViewManager"", ""method"": ""setOpacity""}"
98190,reflection,Method.invoke,"{""class"": ""com.facebook.react.uimanager.BaseViewManager"", ""method"": ""setTransform""}"
98196,reflection,Method.invoke,"{""class"": ""com.facebook.react.uimanager.BaseViewManager"", ""method"": ""setTransform""}"
98202,reflection,Method.invoke,"{""class"": ""com.facebook.react.uimanager.BaseViewManager"", ""method"": ""setOpacity""}"
98208,reflection,Method.invoke,"{""class"": ""com.facebook.react.views.view.ReactViewManager"", ""method"": ""setBorderColor""}"
98224,reflection,Method.invoke,"{""class"": ""com.facebook.react.uimanager.BaseViewManager"", ""method"": ""setOpacity""}"
98233,reflection,Method.invoke,"{""class"": ""com.facebook.react.uimanager.BaseViewManager"", ""method"": ""setTransform""}"
98240,reflection,Method.invoke,"{""class"": ""com.facebook.react.uimanager.BaseViewManager"", ""method"": ""setTransform""}"
98245,reflection,Method.invoke,"{""class"": ""com.facebook.react.uimanager.BaseViewManager"", ""method"": ""setOpacity""}"
98251,reflection,Method.invoke,"{""class"": ""com.facebook.react.views.view.ReactViewManager"", ""method"": ""setBorderColor""}"
98269,reflection,Method.invoke,"{""class"": ""com.facebook.react.uimanager.BaseViewManager"", ""method"": ""setOpacity""}"
98275,reflection,Method.invoke,"{""class"": ""com.facebook.react.uimanager.BaseViewManager"", ""method"": ""setTransform""}"
98281,reflection,Method.invoke,"{""class"": ""com.facebook.react.uimanager.BaseViewManager"", ""method"": ""setTransform""}"
98287,reflection,Method.invoke,"{""class"": ""com.facebook.react.uimanager.BaseViewManager"", ""method"": ""setOpacity""}"
98292,reflection,Method.invoke,"{""class"": ""com.facebook.react.views.view.ReactViewManager"", ""method"": ""setBorderColor""}"
98310,reflection,Method.invoke,"{""class"": ""com.facebook.react.uimanager.BaseViewManager"", ""method"": ""setOpacity""}"
98318,reflection,Method.invoke,"{""class"": ""com.facebook.react.uimanager.BaseViewManager"", ""method"": ""setTransform""}"
98323,reflection,Method.invoke,"{""class"": ""com.facebook.react.uimanager.BaseViewManager"", ""method"": ""setTransform""}"
98329,reflection,Method.invoke,"{""class"": ""com.facebook.react.uimanager.BaseViewManager"", ""method"": ""setOpacity""}"
98334,reflection,Method.invoke,"{""class"": ""com.facebook.react.views.view.ReactViewManager"", ""method"": ""setBorderColor""}"
98358,reflection,Method.invoke,"{""class"": ""com.facebook.react.uimanager.BaseViewManager"", ""method"": ""setOpacity""}"
98367,reflection,Method.invoke,"{""class"": ""com.facebook.react.uimanager.BaseViewManager"", ""method"": ""setTransform""}"
98372,reflection,Method.invoke,"{""class"": ""com.facebook.react.uimanager.BaseViewManager"", ""method"": ""setTransform""}"
98378,reflection,Method.invoke,"{""class"": ""com.facebook.react.uimanager.BaseViewManager"", ""method"": ""setOpacity""}"
98383,reflection,Method.invoke,"{""class"": ""com.facebook.react.views.view.ReactViewManager"", ""method"": ""setBorderColor""}"
100127,reflection,Method.invoke,"{""class"": ""com.facebook.react.uimanager.BaseViewManager"", ""method"": ""setOpacity""}"
100135,reflection,Method.invoke,"{""class"": ""com.facebook.react.uimanager.BaseViewManager"", ""method"": ""setTransform""}"
100142,reflection,Method.invoke,"{""class"": ""com.facebook.react.uimanager.BaseViewManager"", ""method"": ""setTransform""}"
100150,reflection,Method.invoke,"{""class"": ""com.facebook.react.uimanager.BaseViewManager"", ""method"": ""setOpacity""}"
100157,reflection,Method.invoke,"{""class"": ""com.facebook.react.views.view.ReactViewManager"", ""method"": ""setBorderColor""}"
100168,reflection,Method.invoke,"{""class"": ""com.facebook.react.uimanager.BaseViewManager"", ""method"": ""setOpacity""}"
100178,reflection,Method.invoke,"{""class"": ""com.facebook.react.uimanager.BaseViewManager"", ""method"": ""setOpacity""}"
100184,reflection,Method.invoke,"{""class"": ""com.facebook.react.uimanager.BaseViewManager"", ""method"": ""setTransform""}"
100193,reflection,Method.invoke,"{""class"": ""com.facebook.react.uimanager.BaseViewManager"", ""method"": ""setTransform""}"
100199,reflection,Method.invoke,"{""class"": ""com.facebook.react.uimanager.BaseViewManager"", ""method"": ""setOpacity""}"
100206,reflection,Method.invoke,"{""class"": ""com.facebook.react.views.view.ReactViewManager"", ""method"": ""setBorderColor""}"
100220,reflection,Method.invoke,"{""class"": ""com.facebook.react.uimanager.BaseViewManager"", ""method"": ""setOpacity""}"
100236,reflection,Method.invoke,"{""class"": ""com.facebook.react.uimanager.BaseViewManager"", ""method"": ""setOpacity""}"
100246,reflection,Method.invoke,"{""class"": ""com.facebook.react.uimanager.BaseViewManager"", ""method"": ""setTransform""}"
100253,reflection,Method.invoke,"{""class"": ""com.facebook.react.uimanager.BaseViewManager"", ""method"": ""setTransform""}"
100263,reflection,Method.invoke,"{""class"": ""com.facebook.react.uimanager.BaseViewManager"", ""method"": ""setOpacity""}"
100274,reflection,Method.invoke,"{""class"": ""com.facebook.react.views.view.ReactViewManager"", ""method"": ""setBorderColor""}"
100288,reflection,Method.invoke,"{""class"": ""com.facebook.react.uimanager.BaseViewManager"", ""method"": ""setOpacity""}"
100290,reflection,Method.invoke,"{""class"": ""com.facebook.react.uimanager.BaseViewManager"", ""method"": ""setOpacity""}"
100291,reflection,Method.invoke,"{""class"": ""com.facebook.react.uimanager.BaseViewManager"", ""method"": ""setTransform""}"
100293,reflection,Method.invoke,"{""class"": ""com.facebook.react.uimanager.BaseViewManager"", ""method"": ""setTransform""}"
100296,reflection,Method.invoke,"{""class"": ""com.facebook.react.uimanager.BaseViewManager"", ""method"": ""setOpacity""}"
100298,reflection,Method.invoke,"{""class"": ""com.facebook.react.views.view.ReactViewManager"", ""method"": ""setBorderColor""}"
100306,reflection,Method.invoke,"{""class"": ""com.facebook.react.uimanager.BaseViewManager"", ""method"": ""setOpacity""}"
100309,reflection,Method.invoke,"{""class"": ""com.facebook.react.uimanager.BaseViewManager"", ""method"": ""setOpacity""}"
100309,reflection,Method.invoke,"{""class"": ""com.facebook.react.uimanager.BaseViewManager"", ""method"": ""setTransform""}"
100310,reflection,Method.invoke,"{""class"": ""com.facebook.react.uimanager.BaseViewManager"", ""method"": ""setTransform""}"
100311,reflection,Method.invoke,"{""class"": ""com.facebook.react.uimanager.BaseViewManager"", ""method"": ""setOpacity""}"
100313,reflection,Method.invoke,"{""class"": ""com.facebook.react.views.view.ReactViewManager"", ""method"": ""setBorderColor""}"
100324,reflection,Method.invoke,"{""class"": ""com.facebook.react.uimanager.BaseViewManager"", ""method"": ""setOpacity""}"
100326,reflection,Method.invoke,"{""class"": ""com.facebook.react.uimanager.BaseViewManager"", ""method"": ""setOpacity""}"
100327,reflection,Method.invoke,"{""class"": ""com.facebook.react.uimanager.BaseViewManager"", ""method"": ""setTransform""}"
100328,reflection,Method.invoke,"{""class"": ""com.facebook.react.uimanager.BaseViewManager"", ""method"": ""setTransform""}"
100329,reflection,Method.invoke,"{""class"": ""com.facebook.react.uimanager.BaseViewManager"", ""method"": ""setOpacity""}"
100330,reflection,Method.invoke,"{""class"": ""com.facebook.react.views.view.ReactViewManager"", ""method"": ""setBorderColor""}"
100341,reflection,Method.invoke,"{""class"": ""com.facebook.react.uimanager.BaseViewManager"", ""method"": ""setOpacity""}"
100343,reflection,Method.invoke,"{""class"": ""com.facebook.react.uimanager.BaseViewManager"", ""method"": ""setOpacity""}"
100344,reflection,Method.invoke,"{""class"": ""com.facebook.react.uimanager.BaseViewManager"", ""method"": ""setTransform""}"
100346,reflection,Method.invoke,"{""class"": ""com.facebook.react.uimanager.BaseViewManager"", ""method"": ""setTransform""}"
100347,reflection,Method.invoke,"{""class"": ""com.facebook.react.uimanager.BaseViewManager"", ""method"": ""setOpacity""}"
100347,reflection,Method.invoke,"{""class"": ""com.facebook.react.views.view.ReactViewManager"", ""method"": ""setBorderColor""}"
100358,reflection,Method.invoke,"{""class"": ""com.facebook.react.uimanager.BaseViewManager"", ""method"": ""setOpacity""}"
100362,reflection,Method.invoke,"{""class"": ""com.facebook.react.uimanager.BaseViewManager"", ""method"": ""setOpacity""}"
100362,reflection,Method.invoke,"{""class"": ""com.facebook.react.uimanager.BaseViewManager"", ""method"": ""setTransform""}"
100366,reflection,Method.invoke,"{""class"": ""com.facebook.react.uimanager.BaseViewManager"", ""method"": ""setTransform""}"
100367,reflection,Method.invoke,"{""class"": ""com.facebook.react.uimanager.BaseViewManager"", ""method"": ""setOpacity""}"
100368,reflection,Method.invoke,"{""class"": ""com.facebook.react.views.view.ReactViewManager"", ""method"": ""setBorderColor""}"
100378,reflection,Method.invoke,"{""class"": ""com.facebook.react.uimanager.BaseViewManager"", ""method"": ""setOpacity""}"
100384,reflection,Method.invoke,"{""class"": ""com.facebook.react.uimanager.BaseViewManager"", ""method"": ""setOpacity""}"
100384,reflection,Method.invoke,"{""class"": ""com.facebook.react.uimanager.BaseViewManager"", ""method"": ""setTransform""}"
100386,reflection,Method.invoke,"{""class"": ""com.facebook.react.uimanager.BaseViewManager"", ""method"": ""setTransform""}"
100387,reflection,Method.invoke,"{""class"": ""com.facebook.react.uimanager.BaseViewManager"", ""method"": ""setOpacity""}"
100388,reflection,Method.invoke,"{""class"": ""com.facebook.react.views.view.ReactViewManager"", ""method"": ""setBorderColor""}"
100396,reflection,Method.invoke,"{""class"": ""com.facebook.react.uimanager.BaseViewManager"", ""method"": ""setOpacity""}"
100398,reflection,Method.invoke,"{""class"": ""com.facebook.react.uimanager.BaseViewManager"", ""method"": ""setOpacity""}"
100398,reflection,Method.invoke,"{""class"": ""com.facebook.react.uimanager.BaseViewManager"", ""method"": ""setTransform""}"
100400,reflection,Method.invoke,"{""class"": ""com.facebook.react.uimanager.BaseViewManager"", ""method"": ""setTransform""}"
100402,reflection,Method.invoke,"{""class"": ""com.facebook.react.uimanager.BaseViewManager"", ""method"": ""setOpacity""}"
100403,reflection,Method.invoke,"{""class"": ""com.facebook.react.views.view.ReactViewManager"", ""method"": ""setBorderColor""}"
100413,reflection,Method.invoke,"{""class"": ""com.facebook.react.uimanager.BaseViewManager"", ""method"": ""setOpacity""}"
100416,reflection,Method.invoke,"{""class"": ""com.facebook.react.uimanager.BaseViewManager"", ""method"": ""setOpacity""}"
100417,reflection,Method.invoke,"{""class"": ""com.facebook.react.uimanager.BaseViewManager"", ""method"": ""setTransform""}"
100417,reflection,Method.invoke,"{""class"": ""com.facebook.react.uimanager.BaseViewManager"", ""method"": ""setTransform""}"
100418,reflection,Method.invoke,"{""class"": ""com.facebook.react.uimanager.BaseViewManager"", ""method"": ""setOpacity""}"
100421,reflection,Method.invoke,"{""class"": ""com.facebook.react.views.view.ReactViewManager"", ""method"": ""setBorderColor""}"
100432,reflection,Method.invoke,"{""class"": ""com.facebook.react.uimanager.BaseViewManager"", ""method"": ""setOpacity""}"
100433,reflection,Method.invoke,"{""class"": ""com.facebook.react.uimanager.BaseViewManager"", ""method"": ""setTransform""}"
100433,reflection,Method.invoke,"{""class"": ""com.facebook.react.uimanager.BaseViewManager"", ""method"": ""setTransform""}"
100434,reflection,Method.invoke,"{""class"": ""com.facebook.react.uimanager.BaseViewManager"", ""method"": ""setOpacity""}"
100437,reflection,Method.invoke,"{""class"": ""com.facebook.react.views.view.ReactViewManager"", ""method"": ""setBorderColor""}"
100449,reflection,Method.invoke,"{""class"": ""com.facebook.react.uimanager.BaseViewManager"", ""method"": ""setOpacity""}"
100449,reflection,Method.invoke,"{""class"": ""com.facebook.react.uimanager.BaseViewManager"", ""method"": ""setTransform""}"
100453,reflection,Method.invoke,"{""class"": ""com.facebook.react.uimanager.BaseViewManager"", ""method"": ""setTransform""}"
100454,reflection,Method.invoke,"{""class"": ""com.facebook.react.uimanager.BaseViewManager"", ""method"": ""setOpacity""}"
100455,reflection,Method.invoke,"{""class"": ""com.facebook.react.views.view.ReactViewManager"", ""method"": ""setBorderColor""}"
100468,reflection,Method.invoke,"{""class"": ""com.facebook.react.uimanager.BaseViewManager"", ""method"": ""setOpacity""}"
100468,reflection,Method.invoke,"{""class"": ""com.facebook.react.uimanager.BaseViewManager"", ""method"": ""setTransform""}"
100469,reflection,Method.invoke,"{""class"": ""com.facebook.react.uimanager.BaseViewManager"", ""method"": ""setTransform""}"
100470,reflection,Method.invoke,"{""class"": ""com.facebook.react.uimanager.BaseViewManager"", ""method"": ""setOpacity""}"
100471,reflection,Method.invoke,"{""class"": ""com.facebook.react.views.view.ReactViewManager"", ""method"": ""setBorderColor""}"
100485,reflection,Method.invoke,"{""class"": ""com.facebook.react.uimanager.BaseViewManager"", ""method"": ""setOpacity""}"
100485,reflection,Method.invoke,"{""class"": ""com.facebook.react.uimanager.BaseViewManager"", ""method"": ""setTransform""}"
100487,reflection,Method.invoke,"{""class"": ""com.facebook.react.uimanager.BaseViewManager"", ""method"": ""setTransform""}"
100489,reflection,Method.invoke,"{""class"": ""com.facebook.react.uimanager.BaseViewManager"", ""method"": ""setOpacity""}"
100490,reflection,Method.invoke,"{""class"": ""com.facebook.react.views.view.ReactViewManager"", ""method"": ""setBorderColor""}"
100502,reflection,Method.invoke,"{""class"": ""com.facebook.react.uimanager.BaseViewManager"", ""method"": ""setOpacity""}"
100503,reflection,Method.invoke,"{""class"": ""com.facebook.react.uimanager.BaseViewManager"", ""method"": ""setTransform""}"
100504,reflection,Method.invoke,"{""class"": ""com.facebook.react.uimanager.BaseViewManager"", ""method"": ""setTransform""}"
100504,reflection,Method.invoke,"{""class"": ""com.facebook.react.uimanager.BaseViewManager"", ""method"": ""setOpacity""}"
100508,reflection,Method.invoke,"{""class"": ""com.facebook.react.views.view.ReactViewManager"", ""method"": ""setBorderColor""}"
100518,reflection,Method.invoke,"{""class"": ""com.facebook.react.uimanager.BaseViewManager"", ""method"": ""setOpacity""}"
100519,reflection,Method.invoke,"{""class"": ""com.facebook.react.uimanager.BaseViewManager"", ""method"": ""setTransform""}"
100520,reflection,Method.invoke,"{""class"": ""com.facebook.react.uimanager.BaseViewManager"", ""method"": ""setTransform""}"
100521,reflection,Method.invoke,"{""class"": ""com.facebook.react.uimanager.BaseViewManager"", ""method"": ""setOpacity""}"
100522,reflection,Method.invoke,"{""class"": ""com.facebook.react.views.view.ReactViewManager"", ""method"": ""setBorderColor""}"
100535,reflection,Method.invoke,"{""class"": ""com.facebook.react.uimanager.BaseViewManager"", ""method"": ""setOpacity""}"
100535,reflection,Method.invoke,"{""class"": ""com.facebook.react.uimanager.BaseViewManager"", ""method"": ""setTransform""}"
100536,reflection,Method.invoke,"{""class"": ""com.facebook.react.uimanager.BaseViewManager"", ""method"": ""setTransform""}"
100538,reflection,Method.invoke,"{""class"": ""com.facebook.react.uimanager.BaseViewManager"", ""method"": ""setOpacity""}"
100539,reflection,Method.invoke,"{""class"": ""com.facebook.react.views.view.ReactViewManager"", ""method"": ""setBorderColor""}"
100551,reflection,Method.invoke,"{""class"": ""com.facebook.react.uimanager.BaseViewManager"", ""method"": ""setOpacity""}"
100551,reflection,Method.invoke,"{""class"": ""com.facebook.react.uimanager.BaseViewManager"", ""method"": ""setTransform""}"
100552,reflection,Method.invoke,"{""class"": ""com.facebook.react.uimanager.BaseViewManager"", ""method"": ""setTransform""}"
100553,reflection,Method.invoke,"{""class"": ""com.facebook.react.uimanager.BaseViewManager"", ""method"": ""setOpacity""}"
100555,reflection,Method.invoke,"{""class"": ""com.facebook.react.views.view.ReactViewManager"", ""method"": ""setBorderColor""}"
100567,reflection,Method.invoke,"{""class"": ""com.facebook.react.uimanager.BaseViewManager"", ""method"": ""setOpacity""}"
100568,reflection,Method.invoke,"{""class"": ""com.facebook.react.uimanager.BaseViewManager"", ""method"": ""setTransform""}"
100571,reflection,Method.invoke,"{""class"": ""com.facebook.react.uimanager.BaseViewManager"", ""method"": ""setTransform""}"
100572,reflection,Method.invoke,"{""class"": ""com.facebook.react.uimanager.BaseViewManager"", ""method"": ""setOpacity""}"
100573,reflection,Method.invoke,"{""class"": ""com.facebook.react.views.view.ReactViewManager"", ""method"": ""setBorderColor""}"
100584,reflection,Method.invoke,"{""class"": ""com.facebook.react.uimanager.BaseViewManager"", ""method"": ""setOpacity""}"
100585,reflection,Method.invoke,"{""class"": ""com.facebook.react.uimanager.BaseViewManager"", ""method"": ""setTransform""}"
100586,reflection,Method.invoke,"{""class"": ""com.facebook.react.uimanager.BaseViewManager"", ""method"": ""setTransform""}"
100587,reflection,Method.invoke,"{""class"": ""com.facebook.react.uimanager.BaseViewManager"", ""method"": ""setOpacity""}"
100588,reflection,Method.invoke,"{""class"": ""com.facebook.react.views.view.ReactViewManager"", ""method"": ""setBorderColor""}"
100599,reflection,Method.invoke,"{""class"": ""com.facebook.react.uimanager.BaseViewManager"", ""method"": ""setOpacity""}"
100600,reflection,Method.invoke,"{""class"": ""com.facebook.react.uimanager.BaseViewManager"", ""method"": ""setTransform""}"
100601,reflection,Method.invoke,"{""class"": ""com.facebook.react.uimanager.BaseViewManager"", ""method"": ""setTransform""}"
100602,reflection,Method.invoke,"{""class"": ""com.facebook.react.uimanager.BaseViewManager"", ""method"": ""setOpacity""}"
100602,reflection,Method.invoke,"{""class"": ""com.facebook.react.views.view.ReactViewManager"", ""method"": ""setBorderColor""}"
100615,reflection,Method.invoke,"{""class"": ""com.facebook.react.uimanager.BaseViewManager"", ""method"": ""setOpacity""}"
100616,reflection,Method.invoke,"{""class"": ""com.facebook.react.uimanager.BaseViewManager"", ""method"": ""setTransform""}"
100617,reflection,Method.invoke,"{""class"": ""com.facebook.react.uimanager.BaseViewManager"", ""method"": ""setTransform""}"
100618,reflection,Method.invoke,"{""class"": ""com.facebook.react.uimanager.BaseViewManager"", ""method"": ""setOpacity""}"
100619,reflection,Method.invoke,"{""class"": ""com.facebook.react.views.view.ReactViewManager"", ""method"": ""setBorderColor""}"
100629,reflection,Method.invoke,"{""class"": ""com.facebook.react.uimanager.BaseViewManager"", ""method"": ""setOpacity""}"
100629,reflection,Method.invoke,"{""class"": ""com.facebook.react.uimanager.BaseViewManager"", ""method"": ""setTransform""}"
100629,reflection,Method.invoke,"{""class"": ""com.facebook.react.uimanager.BaseViewManager"", ""method"": ""setTransform""}"
100630,reflection,Method.invoke,"{""class"": ""com.facebook.react.uimanager.BaseViewManager"", ""method"": ""setOpacity""}"
100630,reflection,Method.invoke,"{""class"": ""com.facebook.react.views.view.ReactViewManager"", ""method"": ""setBorderColor""}"
100645,reflection,Method.invoke,"{""class"": ""com.facebook.react.uimanager.BaseViewManager"", ""method"": ""setOpacity""}"
100646,reflection,Method.invoke,"{""class"": ""com.facebook.react.uimanager.BaseViewManager"", ""method"": ""setTransform""}"
100646,reflection,Method.invoke,"{""class"": ""com.facebook.react.uimanager.BaseViewManager"", ""method"": ""setTransform""}"
100646,reflection,Method.invoke,"{""class"": ""com.facebook.react.uimanager.BaseViewManager"", ""method"": ""setOpacity""}"
100646,reflection,Method.invoke,"{""class"": ""com.facebook.react.views.view.ReactViewManager"", ""method"": ""setBorderColor""}"
100666,reflection,Method.invoke,"{""class"": ""com.facebook.react.uimanager.BaseViewManager"", ""method"": ""setOpacity""}"
100669,reflection,Method.invoke,"{""class"": ""com.facebook.react.uimanager.BaseViewManager"", ""method"": ""setTransform""}"
100669,reflection,Method.invoke,"{""class"": ""com.facebook.react.uimanager.BaseViewManager"", ""method"": ""setTransform""}"
100670,reflection,Method.invoke,"{""class"": ""com.facebook.react.uimanager.BaseViewManager"", ""method"": ""setOpacity""}"
100671,reflection,Method.invoke,"{""class"": ""com.facebook.react.views.view.ReactViewManager"", ""method"": ""setBorderColor""}"
100680,reflection,Method.invoke,"{""class"": ""com.facebook.react.uimanager.BaseViewManager"", ""method"": ""setOpacity""}"
100680,reflection,Method.invoke,"{""class"": ""com.facebook.react.uimanager.BaseViewManager"", ""method"": ""setTransform""}"
100681,reflection,Method.invoke,"{""class"": ""com.facebook.react.uimanager.BaseViewManager"", ""method"": ""setTransform""}"
100682,reflection,Method.invoke,"{""class"": ""com.facebook.react.uimanager.BaseViewManager"", ""method"": ""setOpacity""}"
100685,reflection,Method.invoke,"{""class"": ""com.facebook.react.views.view.ReactViewManager"", ""method"": ""setBorderColor""}"
100697,reflection,Method.invoke,"{""class"": ""com.facebook.react.uimanager.BaseViewManager"", ""method"": ""setOpacity""}"
100698,reflection,Method.invoke,"{""class"": ""com.facebook.react.uimanager.BaseViewManager"", ""method"": ""setTransform""}"
100699,reflection,Method.invoke,"{""class"": ""com.facebook.react.uimanager.BaseViewManager"", ""method"": ""setTransform""}"
100700,reflection,Method.invoke,"{""class"": ""com.facebook.react.uimanager.BaseViewManager"", ""method"": ""setOpacity""}"
100701,reflection,Method.invoke,"{""class"": ""com.facebook.react.views.view.ReactViewManager"", ""method"": ""setBorderColor""}"
100712,reflection,Method.invoke,"{""class"": ""com.facebook.react.uimanager.BaseViewManager"", ""method"": ""setOpacity""}"
100712,reflection,Method.invoke,"{""class"": ""com.facebook.react.uimanager.BaseViewManager"", ""method"": ""setTransform""}"
100712,reflection,Method.invoke,"{""class"": ""com.facebook.react.uimanager.BaseViewManager"", ""method"": ""setTransform""}"
100713,reflection,Method.invoke,"{""class"": ""com.facebook.react.uimanager.BaseViewManager"", ""method"": ""setOpacity""}"
100713,reflection,Method.invoke,"{""class"": ""com.facebook.react.views.view.ReactViewManager"", ""method"": ""setBorderColor""}"
100734,reflection,Method.invoke,"{""class"": ""com.facebook.react.uimanager.BaseViewManager"", ""method"": ""setOpacity""}"
100735,reflection,Method.invoke,"{""class"": ""com.facebook.react.uimanager.BaseViewManager"", ""method"": ""setTransform""}"
100736,reflection,Method.invoke,"{""class"": ""com.facebook.react.uimanager.BaseViewManager"", ""method"": ""setTransform""}"
100736,reflection,Method.invoke,"{""class"": ""com.facebook.react.uimanager.BaseViewManager"", ""method"": ""setOpacity""}"
100739,reflection,Method.invoke,"{""class"": ""com.facebook.react.views.view.ReactViewManager"", ""method"": ""setBorderColor""}"
100746,reflection,Method.invoke,"{""class"": ""com.facebook.react.uimanager.BaseViewManager"", ""method"": ""setOpacity""}"
100747,reflection,Method.invoke,"{""class"": ""com.facebook.react.uimanager.BaseViewManager"", ""method"": ""setTransform""}"
100749,reflection,Method.invoke,"{""class"": ""com.facebook.react.uimanager.BaseViewManager"", ""method"": ""setTransform""}"
100750,reflection,Method.invoke,"{""class"": ""com.facebook.react.uimanager.BaseViewManager"", ""method"": ""setOpacity""}"
100751,reflection,Method.invoke,"{""class"": ""com.facebook.react.views.view.ReactViewManager"", ""method"": ""setBorderColor""}"
100764,reflection,Method.invoke,"{""class"": ""com.facebook.react.uimanager.BaseViewManager"", ""method"": ""setOpacity""}"
100764,reflection,Method.invoke,"{""class"": ""com.facebook.react.uimanager.BaseViewManager"", ""method"": ""setTransform""}"
100765,reflection,Method.invoke,"{""class"": ""com.facebook.react.uimanager.BaseViewManager"", ""method"": ""setTransform""}"
100767,reflection,Method.invoke,"{""class"": ""com.facebook.react.uimanager.BaseViewManager"", ""method"": ""setOpacity""}"
100767,reflection,Method.invoke,"{""class"": ""com.facebook.react.views.view.ReactViewManager"", ""method"": ""setBorderColor""}"
100779,reflection,Method.invoke,"{""class"": ""com.facebook.react.uimanager.BaseViewManager"", ""method"": ""setOpacity""}"
100780,reflection,Method.invoke,"{""class"": ""com.facebook.react.uimanager.BaseViewManager"", ""method"": ""setTransform""}"
100783,reflection,Method.invoke,"{""class"": ""com.facebook.react.uimanager.BaseViewManager"", ""method"": ""setTransform""}"
100784,reflection,Method.invoke,"{""class"": ""com.facebook.react.uimanager.BaseViewManager"", ""method"": ""setOpacity""}"
100787,reflection,Method.invoke,"{""class"": ""com.facebook.react.views.view.ReactViewManager"", ""method"": ""setBorderColor""}"
100796,reflection,Method.invoke,"{""class"": ""com.facebook.react.uimanager.BaseViewManager"", ""method"": ""setOpacity""}"
100796,reflection,Method.invoke,"{""class"": ""com.facebook.react.uimanager.BaseViewManager"", ""method"": ""setTransform""}"
100796,reflection,Method.invoke,"{""class"": ""com.facebook.react.uimanager.BaseViewManager"", ""method"": ""setTransform""}"
100796,reflection,Method.invoke,"{""class"": ""com.facebook.react.uimanager.BaseViewManager"", ""method"": ""setOpacity""}"
100799,reflection,Method.invoke,"{""class"": ""com.facebook.react.views.view.ReactViewManager"", ""method"": ""setBorderColor""}"
100812,reflection,Method.invoke,"{""class"": ""com.facebook.react.uimanager.BaseViewManager"", ""method"": ""setOpacity""}"
100812,reflection,Method.invoke,"{""class"": ""com.facebook.react.uimanager.BaseViewManager"", ""method"": ""setTransform""}"
100813,reflection,Method.invoke,"{""class"": ""com.facebook.react.uimanager.BaseViewManager"", ""method"": ""setTransform""}"
100813,reflection,Method.invoke,"{""class"": ""com.facebook.react.uimanager.BaseViewManager"", ""method"": ""setOpacity""}"
100813,reflection,Method.invoke,"{""class"": ""com.facebook.react.views.view.ReactViewManager"", ""method"": ""setBorderColor""}"
100832,reflection,Method.invoke,"{""class"": ""com.facebook.react.uimanager.BaseViewManager"", ""method"": ""setOpacity""}"
100833,reflection,Method.invoke,"{""class"": ""com.facebook.react.uimanager.BaseViewManager"", ""method"": ""setTransform""}"
100833,reflection,Method.invoke,"{""class"": ""com.facebook.react.uimanager.BaseViewManager"", ""method"": ""setTransform""}"
100835,reflection,Method.invoke,"{""class"": ""com.facebook.react.uimanager.BaseViewManager"", ""method"": ""setOpacity""}"
100836,reflection,Method.invoke,"{""class"": ""com.facebook.react.views.view.ReactViewManager"", ""method"": ""setBorderColor""}"
100846,reflection,Method.invoke,"{""class"": ""com.facebook.react.uimanager.BaseViewManager"", ""method"": ""setOpacity""}"
100846,reflection,Method.invoke,"{""class"": ""com.facebook.react.uimanager.BaseViewManager"", ""method"": ""setTransform""}"
100848,reflection,Method.invoke,"{""class"": ""com.facebook.react.uimanager.BaseViewManager"", ""method"": ""setTransform""}"
100849,reflection,Method.invoke,"{""class"": ""com.facebook.react.uimanager.BaseViewManager"", ""method"": ""setOpacity""}"
100849,reflection,Method.invoke,"{""class"": ""com.facebook.react.views.view.ReactViewManager"", ""method"": ""setBorderColor""}"
100868,reflection,Method.invoke,"{""class"": ""com.facebook.react.uimanager.BaseViewManager"", ""method"": ""setOpacity""}"
100868,reflection,Method.invoke,"{""class"": ""com.facebook.react.uimanager.BaseViewManager"", ""method"": ""setTransform""}"
100870,reflection,Method.invoke,"{""class"": ""com.facebook.react.uimanager.BaseViewManager"", ""method"": ""setTransform""}"
100870,reflection,Method.invoke,"{""class"": ""com.facebook.react.uimanager.BaseViewManager"", ""method"": ""setOpacity""}"
100871,reflection,Method.invoke,"{""class"": ""com.facebook.react.views.view.ReactViewManager"", ""method"": ""setBorderColor""}"
100884,reflection,Method.invoke,"{""class"": ""com.facebook.react.uimanager.BaseViewManager"", ""method"": ""setOpacity""}"
100885,reflection,Method.invoke,"{""class"": ""com.facebook.react.uimanager.BaseViewManager"", ""method"": ""setTransform""}"
100885,reflection,Method.invoke,"{""class"": ""com.facebook.react.uimanager.BaseViewManager"", ""method"": ""setTransform""}"
100886,reflection,Method.invoke,"{""class"": ""com.facebook.react.uimanager.BaseViewManager"", ""method"": ""setOpacity""}"
100887,reflection,Method.invoke,"{""class"": ""com.facebook.react.views.view.ReactViewManager"", ""method"": ""setBorderColor""}"
100900,reflection,Method.invoke,"{""class"": ""com.facebook.react.uimanager.BaseViewManager"", ""method"": ""setOpacity""}"
100900,reflection,Method.invoke,"{""class"": ""com.facebook.react.uimanager.BaseViewManager"", ""method"": ""setTransform""}"
100901,reflection,Method.invoke,"{""class"": ""com.facebook.react.uimanager.BaseViewManager"", ""method"": ""setTransform""}"
100902,reflection,Method.invoke,"{""class"": ""com.facebook.react.uimanager.BaseViewManager"", ""method"": ""setOpacity""}"
100903,reflection,Method.invoke,"{""class"": ""com.facebook.react.views.view.ReactViewManager"", ""method"": ""setBorderColor""}"
100914,reflection,Method.invoke,"{""class"": ""com.facebook.react.uimanager.BaseViewManager"", ""method"": ""setOpacity""}"
100915,reflection,Method.invoke,"{""class"": ""com.facebook.react.uimanager.BaseViewManager"", ""method"": ""setTransform""}"
100916,reflection,Method.invoke,"{""class"": ""com.facebook.react.uimanager.BaseViewManager"", ""method"": ""setTransform""}"
100917,reflection,Method.invoke,"{""class"": ""com.facebook.react.uimanager.BaseViewManager"", ""method"": ""setOpacity""}"
100918,reflection,Method.invoke,"{""class"": ""com.facebook.react.views.view.ReactViewManager"", ""method"": ""setBorderColor""}"
100929,reflection,Method.invoke,"{""class"": ""com.facebook.react.uimanager.BaseViewManager"", ""method"": ""setOpacity""}"
100930,reflection,Method.invoke,"{""class"": ""com.facebook.react.uimanager.BaseViewManager"", ""method"": ""setTransform""}"
100930,reflection,Method.invoke,"{""class"": ""com.facebook.react.uimanager.BaseViewManager"", ""method"": ""setTransform""}"
100931,reflection,Method.invoke,"{""class"": ""com.facebook.react.uimanager.BaseViewManager"", ""method"": ""setOpacity""}"
100931,reflection,Method.invoke,"{""class"": ""com.facebook.react.views.view.ReactViewManager"", ""method"": ""setBorderColor""}"
100946,reflection,Method.invoke,"{""class"": ""com.facebook.react.uimanager.BaseViewManager"", ""method"": ""setOpacity""}"
100946,reflection,Method.invoke,"{""class"": ""com.facebook.react.uimanager.BaseViewManager"", ""method"": ""setTransform""}"
100949,reflection,Method.invoke,"{""class"": ""com.facebook.react.uimanager.BaseViewManager"", ""method"": ""setTransform""}"
100951,reflection,Method.invoke,"{""class"": ""com.facebook.react.uimanager.BaseViewManager"", ""method"": ""setOpacity""}"
100953,reflection,Method.invoke,"{""class"": ""com.facebook.react.views.view.ReactViewManager"", ""method"": ""setBorderColor""}"
100962,reflection,Method.invoke,"{""class"": ""com.facebook.react.uimanager.BaseViewManager"", ""method"": ""setOpacity""}"
100963,reflection,Method.invoke,"{""class"": ""com.facebook.react.uimanager.BaseViewManager"", ""method"": ""setTransform""}"
100964,reflection,Method.invoke,"{""class"": ""com.facebook.react.uimanager.BaseViewManager"", ""method"": ""setTransform""}"
100964,reflection,Method.invoke,"{""class"": ""com.facebook.react.uimanager.BaseViewManager"", ""method"": ""setOpacity""}"
100965,reflection,Method.invoke,"{""class"": ""com.facebook.react.views.view.ReactViewManager"", ""method"": ""setBorderColor""}"
100979,reflection,Method.invoke,"{""class"": ""com.facebook.react.uimanager.BaseViewManager"", ""method"": ""setOpacity""}"
100980,reflection,Method.invoke,"{""class"": ""com.facebook.react.uimanager.BaseViewManager"", ""method"": ""setTransform""}"
100981,reflection,Method.invoke,"{""class"": ""com.facebook.react.uimanager.BaseViewManager"", ""method"": ""setTransform""}"
100981,reflection,Method.invoke,"{""class"": ""com.facebook.react.uimanager.BaseViewManager"", ""method"": ""setOpacity""}"
100981,reflection,Method.invoke,"{""class"": ""com.facebook.react.views.view.ReactViewManager"", ""method"": ""setBorderColor""}"
100995,reflection,Method.invoke,"{""class"": ""com.facebook.react.uimanager.BaseViewManager"", ""method"": ""setOpacity""}"
100996,reflection,Method.invoke,"{""class"": ""com.facebook.react.uimanager.BaseViewManager"", ""method"": ""setTransform""}"
100997,reflection,Method.invoke,"{""class"": ""com.facebook.react.uimanager.BaseViewManager"", ""method"": ""setTransform""}"
100998,reflection,Method.invoke,"{""class"": ""com.facebook.react.uimanager.BaseViewManager"", ""method"": ""setOpacity""}"
100998,reflection,Method.invoke,"{""class"": ""com.facebook.react.views.view.ReactViewManager"", ""method"": ""setBorderColor""}"
101016,reflection,Method.invoke,"{""class"": ""com.facebook.react.uimanager.BaseViewManager"", ""method"": ""setOpacity""}"
101019,reflection,Method.invoke,"{""class"": ""com.facebook.react.uimanager.BaseViewManager"", ""method"": ""setTransform""}"
101019,reflection,Method.invoke,"{""class"": ""com.facebook.react.uimanager.BaseViewManager"", ""method"": ""setTransform""}"
101020,reflection,Method.invoke,"{""class"": ""com.facebook.react.uimanager.BaseViewManager"", ""method"": ""setOpacity""}"
101021,reflection,Method.invoke,"{""class"": ""com.facebook.react.views.view.ReactViewManager"", ""method"": ""setBorderColor""}"
101032,reflection,Method.invoke,"{""class"": ""com.facebook.react.uimanager.BaseViewManager"", ""method"": ""setOpacity""}"
101033,reflection,Method.invoke,"{""class"": ""com.facebook.react.uimanager.BaseViewManager"", ""method"": ""setTransform""}"
101033,reflection,Method.invoke,"{""class"": ""com.facebook.react.uimanager.BaseViewManager"", ""method"": ""setTransform""}"
101034,reflection,Method.invoke,"{""class"": ""com.facebook.react.uimanager.BaseViewManager"", ""method"": ""setOpacity""}"
101035,reflection,Method.invoke,"{""class"": ""com.facebook.react.views.view.ReactViewManager"", ""method"": ""setBorderColor""}"
101045,reflection,Method.invoke,"{""class"": ""com.facebook.react.uimanager.BaseViewManager"", ""method"": ""setOpacity""}"
101046,reflection,Method.invoke,"{""class"": ""com.facebook.react.uimanager.BaseViewManager"", ""method"": ""setTransform""}"
101046,reflection,Method.invoke,"{""class"": ""com.facebook.react.uimanager.BaseViewManager"", ""method"": ""setTransform""}"
101046,reflection,Method.invoke,"{""class"": ""com.facebook.react.uimanager.BaseViewManager"", ""method"": ""setOpacity""}"
101046,reflection,Method.invoke,"{""class"": ""com.facebook.react.views.view.ReactViewManager"", ""method"": ""setBorderColor""}"
101065,reflection,Method.invoke,"{""class"": ""com.facebook.react.uimanager.BaseViewManager"", ""method"": ""setOpacity""}"
101068,reflection,Method.invoke,"{""class"": ""com.facebook.react.uimanager.BaseViewManager"", ""method"": ""setTransform""}"
101069,reflection,Method.invoke,"{""class"": ""com.facebook.react.uimanager.BaseViewManager"", ""method"": ""setTransform""}"
101069,reflection,Method.invoke,"{""class"": ""com.facebook.react.uimanager.BaseViewManager"", ""method"": ""setOpacity""}"
101072,reflection,Method.invoke,"{""class"": ""com.facebook.react.views.view.ReactViewManager"", ""method"": ""setBorderColor""}"
101079,reflection,Method.invoke,"{""class"": ""com.facebook.react.uimanager.BaseViewManager"", ""method"": ""setOpacity""}"
101082,reflection,Method.invoke,"{""class"": ""com.facebook.react.uimanager.BaseViewManager"", ""method"": ""setTransform""}"
101083,reflection,Method.invoke,"{""class"": ""com.facebook.react.uimanager.BaseViewManager"", ""method"": ""setTransform""}"
101084,reflection,Method.invoke,"{""class"": ""com.facebook.react.uimanager.BaseViewManager"", ""method"": ""setOpacity""}"
101085,reflection,Method.invoke,"{""class"": ""com.facebook.react.views.view.ReactViewManager"", ""method"": ""setBorderColor""}"
101097,reflection,Method.invoke,"{""class"": ""com.facebook.react.uimanager.BaseViewManager"", ""method"": ""setOpacity""}"
101100,reflection,Method.invoke,"{""class"": ""com.facebook.react.uimanager.BaseViewManager"", ""method"": ""setTransform""}"
101101,reflection,Method.invoke,"{""class"": ""com.facebook.react.uimanager.BaseViewManager"", ""method"": ""setTransform""}"
101102,reflection,Method.invoke,"{""class"": ""com.facebook.react.uimanager.BaseViewManager"", ""method"": ""setOpacity""}"
101103,reflection,Method.invoke,"{""class"": ""com.facebook.react.views.view.ReactViewManager"", ""method"": ""setBorderColor""}"
101112,reflection,Method.invoke,"{""class"": ""com.facebook.react.uimanager.BaseViewManager"", ""method"": ""setOpacity""}"
101114,reflection,Method.invoke,"{""class"": ""com.facebook.react.uimanager.BaseViewManager"", ""method"": ""setTransform""}"
101116,reflection,Method.invoke,"{""class"": ""com.facebook.react.uimanager.BaseViewManager"", ""method"": ""setTransform""}"
101119,reflection,Method.invoke,"{""class"": ""com.facebook.react.uimanager.BaseViewManager"", ""method"": ""setOpacity""}"
101119,reflection,Method.invoke,"{""class"": ""com.facebook.react.views.view.ReactViewManager"", ""method"": ""setBorderColor""}"
101129,reflection,Method.invoke,"{""class"": ""com.facebook.react.uimanager.BaseViewManager"", ""method"": ""setOpacity""}"
101129,reflection,Method.invoke,"{""class"": ""com.facebook.react.uimanager.BaseViewManager"", ""method"": ""setTransform""}"
101129,reflection,Method.invoke,"{""class"": ""com.facebook.react.uimanager.BaseViewManager"", ""method"": ""setTransform""}"
101130,reflection,Method.invoke,"{""class"": ""com.facebook.react.uimanager.BaseViewManager"", ""method"": ""setOpacity""}"
101130,reflection,Method.invoke,"{""class"": ""com.facebook.react.views.view.ReactViewManager"", ""method"": ""setBorderColor""}"
101149,reflection,Method.invoke,"{""class"": ""com.facebook.react.uimanager.BaseViewManager"", ""method"": ""setOpacity""}"
101149,reflection,Method.invoke,"{""class"": ""com.facebook.react.uimanager.BaseViewManager"", ""method"": ""setTransform""}"
101150,reflection,Method.invoke,"{""class"": ""com.facebook.react.uimanager.BaseViewManager"", ""method"": ""setTransform""}"
101150,reflection,Method.invoke,"{""class"": ""com.facebook.react.uimanager.BaseViewManager"", ""method"": ""setOpacity""}"
101151,reflection,Method.invoke,"{""class"": ""com.facebook.react.views.view.ReactViewManager"", ""method"": ""setBorderColor""}"
101166,reflection,Method.invoke,"{""class"": ""com.facebook.react.uimanager.BaseViewManager"", ""method"": ""setOpacity""}"
101166,reflection,Method.invoke,"{""class"": ""com.facebook.react.uimanager.BaseViewManager"", ""method"": ""setTransform""}"
101166,reflection,Method.invoke,"{""class"": ""com.facebook.react.uimanager.BaseViewManager"", ""method"": ""setTransform""}"
101166,reflection,Method.invoke,"{""class"": ""com.facebook.react.uimanager.BaseViewManager"", ""method"": ""setOpacity""}"
101167,reflection,Method.invoke,"{""class"": ""com.facebook.react.views.view.ReactViewManager"", ""method"": ""setBorderColor""}"
101184,reflection,Method.invoke,"{""class"": ""com.facebook.react.uimanager.BaseViewManager"", ""method"": ""setOpacity""}"
101185,reflection,Method.invoke,"{""class"": ""com.facebook.react.uimanager.BaseViewManager"", ""method"": ""setTransform""}"
101186,reflection,Method.invoke,"{""class"": ""com.facebook.react.uimanager.BaseViewManager"", ""method"": ""setTransform""}"
101187,reflection,Method.invoke,"{""class"": ""com.facebook.react.uimanager.BaseViewManager"", ""method"": ""setOpacity""}"
101189,reflection,Method.invoke,"{""class"": ""com.facebook.react.views.view.ReactViewManager"", ""method"": ""setBorderColor""}"
101202,reflection,Method.invoke,"{""class"": ""com.facebook.react.uimanager.BaseViewManager"", ""method"": ""setOpacity""}"
101202,reflection,Method.invoke,"{""class"": ""com.facebook.react.uimanager.BaseViewManager"", ""method"": ""setTransform""}"
101203,reflection,Method.invoke,"{""class"": ""com.facebook.react.uimanager.BaseViewManager"", ""method"": ""setTransform""}"
101206,reflection,Method.invoke,"{""class"": ""com.facebook.react.uimanager.BaseViewManager"", ""method"": ""setOpacity""}"
101206,reflection,Method.invoke,"{""class"": ""com.facebook.react.views.view.ReactViewManager"", ""method"": ""setBorderColor""}"
101217,reflection,Method.invoke,"{""class"": ""com.facebook.react.uimanager.BaseViewManager"", ""method"": ""setOpacity""}"
101219,reflection,Method.invoke,"{""class"": ""com.facebook.react.uimanager.BaseViewManager"", ""method"": ""setTransform""}"
101220,reflection,Method.invoke,"{""class"": ""com.facebook.react.uimanager.BaseViewManager"", ""method"": ""setTransform""}"
101222,reflection,Method.invoke,"{""class"": ""com.facebook.react.uimanager.BaseViewManager"", ""method"": ""setOpacity""}"
101222,reflection,Method.invoke,"{""class"": ""com.facebook.react.views.view.ReactViewManager"", ""method"": ""setBorderColor""}"
101234,reflection,Method.invoke,"{""class"": ""com.facebook.react.uimanager.BaseViewManager"", ""method"": ""setOpacity""}"
101235,reflection,Method.invoke,"{""class"": ""com.facebook.react.uimanager.BaseViewManager"", ""method"": ""setTransform""}"
101237,reflection,Method.invoke,"{""class"": ""com.facebook.react.uimanager.BaseViewManager"", ""method"": ""setTransform""}"
101237,reflection,Method.invoke,"{""class"": ""com.facebook.react.uimanager.BaseViewManager"", ""method"": ""setOpacity""}"
101238,reflection,Method.invoke,"{""class"": ""com.facebook.react.views.view.ReactViewManager"", ""method"": ""setBorderColor""}"
101251,reflection,Method.invoke,"{""class"": ""com.facebook.react.uimanager.BaseViewManager"", ""method"": ""setOpacity""}"
101252,reflection,Method.invoke,"{""class"": ""com.facebook.react.uimanager.BaseViewManager"", ""method"": ""setTransform""}"
101253,reflection,Method.invoke,"{""class"": ""com.facebook.react.uimanager.BaseViewManager"", ""method"": ""setTransform""}"
101253,reflection,Method.invoke,"{""class"": ""com.facebook.react.uimanager.BaseViewManager"", ""method"": ""setOpacity""}"
101257,reflection,Method.invoke,"{""class"": ""com.facebook.react.views.view.ReactViewManager"", ""method"": ""setBorderColor""}"
101268,reflection,Method.invoke,"{""class"": ""com.facebook.react.uimanager.BaseViewManager"", ""method"": ""setOpacity""}"
101269,reflection,Method.invoke,"{""class"": ""com.facebook.react.uimanager.BaseViewManager"", ""method"": ""setTransform""}"
101270,reflection,Method.invoke,"{""class"": ""com.facebook.react.uimanager.BaseViewManager"", ""method"": ""setTransform""}"
101271,reflection,Method.invoke,"{""class"": ""com.facebook.react.uimanager.BaseViewManager"", ""method"": ""setOpacity""}"
101275,reflection,Method.invoke,"{""class"": ""com.facebook.react.views.view.ReactViewManager"", ""method"": ""setBorderColor""}"
101285,reflection,Method.invoke,"{""class"": ""com.facebook.react.uimanager.BaseViewManager"", ""method"": ""setOpacity""}"
101286,reflection,Method.invoke,"{""class"": ""com.facebook.react.uimanager.BaseViewManager"", ""method"": ""setTransform""}"
101287,reflection,Method.invoke,"{""class"": ""com.facebook.react.uimanager.BaseViewManager"", ""method"": ""setTransform""}"
101288,reflection,Method.invoke,"{""class"": ""com.facebook.react.uimanager.BaseViewManager"", ""method"": ""setOpacity""}"
101289,reflection,Method.invoke,"{""class"": ""com.facebook.react.views.view.ReactViewManager"", ""method"": ""setBorderColor""}"
101304,reflection,Method.invoke,"{""class"": ""com.facebook.react.uimanager.BaseViewManager"", ""method"": ""setOpacity""}"
101305,reflection,Method.invoke,"{""class"": ""com.facebook.react.uimanager.BaseViewManager"", ""method"": ""setTransform""}"
101305,reflection,Method.invoke,"{""class"": ""com.facebook.react.uimanager.BaseViewManager"", ""method"": ""setTransform""}"
101309,reflection,Method.invoke,"{""class"": ""com.facebook.react.uimanager.BaseViewManager"", ""method"": ""setOpacity""}"
101315,reflection,Method.invoke,"{""class"": ""com.facebook.react.views.view.ReactViewManager"", ""method"": ""setBorderColor""}"
101319,reflection,Method.invoke,"{""class"": ""com.facebook.react.uimanager.BaseViewManager"", ""method"": ""setOpacity""}"
101320,reflection,Method.invoke,"{""class"": ""com.facebook.react.uimanager.BaseViewManager"", ""method"": ""setTransform""}"
101322,reflection,Method.invoke,"{""class"": ""com.facebook.react.uimanager.BaseViewManager"", ""method"": ""setTransform""}"
101322,reflection,Method.invoke,"{""class"": ""com.facebook.react.uimanager.BaseViewManager"", ""method"": ""setOpacity""}"
101323,reflection,Method.invoke,"{""class"": ""com.facebook.react.views.view.ReactViewManager"", ""method"": ""setBorderColor""}"
101336,reflection,Method.invoke,"{""class"": ""com.facebook.react.uimanager.BaseViewManager"", ""method"": ""setOpacity""}"
101337,reflection,Method.invoke,"{""class"": ""com.facebook.react.uimanager.BaseViewManager"", ""method"": ""setTransform""}"
101337,reflection,Method.invoke,"{""class"": ""com.facebook.react.uimanager.BaseViewManager"", ""method"": ""setTransform""}"
101339,reflection,Method.invoke,"{""class"": ""com.facebook.react.uimanager.BaseViewManager"", ""method"": ""setOpacity""}"
101339,reflection,Method.invoke,"{""class"": ""com.facebook.react.views.view.ReactViewManager"", ""method"": ""setBorderColor""}"
101351,reflection,Method.invoke,"{""class"": ""com.facebook.react.uimanager.BaseViewManager"", ""method"": ""setOpacity""}"
101352,reflection,Method.invoke,"{""class"": ""com.facebook.react.uimanager.BaseViewManager"", ""method"": ""setTransform""}"
101353,reflection,Method.invoke,"{""class"": ""com.facebook.react.uimanager.BaseViewManager"", ""method"": ""setTransform""}"
101354,reflection,Method.invoke,"{""class"": ""com.facebook.react.uimanager.BaseViewManager"", ""method"": ""setOpacity""}"
101354,reflection,Method.invoke,"{""class"": ""com.facebook.react.views.view.ReactViewManager"", ""method"": ""setBorderColor""}"
101369,reflection,Method.invoke,"{""class"": ""com.facebook.react.uimanager.BaseViewManager"", ""method"": ""setOpacity""}"
101369,reflection,Method.invoke,"{""class"": ""com.facebook.react.uimanager.BaseViewManager"", ""method"": ""setTransform""}"
101375,reflection,Method.invoke,"{""class"": ""com.facebook.react.uimanager.BaseViewManager"", ""method"": ""setTransform""}"
101376,reflection,Method.invoke,"{""class"": ""com.facebook.react.uimanager.BaseViewManager"", ""method"": ""setOpacity""}"
101377,reflection,Method.invoke,"{""class"": ""com.facebook.react.views.view.ReactViewManager"", ""method"": ""setBorderColor""}"
101387,reflection,Method.invoke,"{""class"": ""com.facebook.react.uimanager.BaseViewManager"", ""method"": ""setOpacity""}"
101387,reflection,Method.invoke,"{""class"": ""com.facebook.react.uimanager.BaseViewManager"", ""method"": ""setTransform""}"
101388,reflection,Method.invoke,"{""class"": ""com.facebook.react.uimanager.BaseViewManager"", ""method"": ""setTransform""}"
101389,reflection,Method.invoke,"{""class"": ""com.facebook.react.uimanager.BaseViewManager"", ""method"": ""setOpacity""}"
101390,reflection,Method.invoke,"{""class"": ""com.facebook.react.views.view.ReactViewManager"", ""method"": ""setBorderColor""}"
101403,reflection,Method.invoke,"{""class"": ""com.facebook.react.uimanager.BaseViewManager"", ""method"": ""setOpacity""}"
101404,reflection,Method.invoke,"{""class"": ""com.facebook.react.uimanager.BaseViewManager"", ""method"": ""setTransform""}"
101405,reflection,Method.invoke,"{""class"": ""com.facebook.react.uimanager.BaseViewManager"", ""method"": ""setTransform""}"
101406,reflection,Method.invoke,"{""class"": ""com.facebook.react.uimanager.BaseViewManager"", ""method"": ""setOpacity""}"
101407,reflection,Method.invoke,"{""class"": ""com.facebook.react.views.view.ReactViewManager"", ""method"": ""setBorderColor""}"
101420,reflection,Method.invoke,"{""class"": ""com.facebook.react.uimanager.BaseViewManager"", ""method"": ""setOpacity""}"
101421,reflection,Method.invoke,"{""class"": ""com.facebook.react.uimanager.BaseViewManager"", ""method"": ""setTransform""}"
101422,reflection,Method.invoke,"{""class"": ""com.facebook.react.uimanager.BaseViewManager"", ""method"": ""setTransform""}"
101423,reflection,Method.invoke,"{""class"": ""com.facebook.react.uimanager.BaseViewManager"", ""method"": ""setOpacity""}"
101426,reflection,Method.invoke,"{""class"": ""com.facebook.react.views.view.ReactViewManager"", ""method"": ""setBorderColor""}"
101438,reflection,Method.invoke,"{""class"": ""com.facebook.react.uimanager.BaseViewManager"", ""method"": ""setOpacity""}"
101438,reflection,Method.invoke,"{""class"": ""com.facebook.react.uimanager.BaseViewManager"", ""method"": ""setTransform""}"
101439,reflection,Method.invoke,"{""class"": ""com.facebook.react.uimanager.BaseViewManager"", ""method"": ""setTransform""}"
101440,reflection,Method.invoke,"{""class"": ""com.facebook.react.uimanager.BaseViewManager"", ""method"": ""setOpacity""}"
101441,reflection,Method.invoke,"{""class"": ""com.facebook.react.views.view.ReactViewManager"", ""method"": ""setBorderColor""}"
101454,reflection,Method.invoke,"{""class"": ""com.facebook.react.uimanager.BaseViewManager"", ""method"": ""setOpacity""}"
101454,reflection,Method.invoke,"{""class"": ""com.facebook.react.uimanager.BaseViewManager"", ""method"": ""setTransform""}"
101455,reflection,Method.invoke,"{""class"": ""com.facebook.react.uimanager.BaseViewManager"", ""method"": ""setTransform""}"
101456,reflection,Method.invoke,"{""class"": ""com.facebook.react.uimanager.BaseViewManager"", ""method"": ""setOpacity""}"
101457,reflection,Method.invoke,"{""class"": ""com.facebook.react.views.view.ReactViewManager"", ""method"": ""setBorderColor""}"
101470,reflection,Method.invoke,"{""class"": ""com.facebook.react.uimanager.BaseViewManager"", ""method"": ""setOpacity""}"
101472,reflection,Method.invoke,"{""class"": ""com.facebook.react.uimanager.BaseViewManager"", ""method"": ""setTransform""}"
101473,reflection,Method.invoke,"{""class"": ""com.facebook.react.uimanager.BaseViewManager"", ""method"": ""setTransform""}"
101474,reflection,Method.invoke,"{""class"": ""com.facebook.react.uimanager.BaseViewManager"", ""method"": ""setOpacity""}"
101476,reflection,Method.invoke,"{""class"": ""com.facebook.react.views.view.ReactViewManager"", ""method"": ""setBorderColor""}"
101488,reflection,Method.invoke,"{""class"": ""com.facebook.react.uimanager.BaseViewManager"", ""method"": ""setOpacity""}"
101489,reflection,Method.invoke,"{""class"": ""com.facebook.react.uimanager.BaseViewManager"", ""method"": ""setTransform""}"
101490,reflection,Method.invoke,"{""class"": ""com.facebook.react.uimanager.BaseViewManager"", ""method"": ""setTransform""}"
101491,reflection,Method.invoke,"{""class"": ""com.facebook.react.uimanager.BaseViewManager"", ""method"": ""setOpacity""}"
101492,reflection,Method.invoke,"{""class"": ""com.facebook.react.views.view.ReactViewManager"", ""method"": ""setBorderColor""}"
101508,reflection,Method.invoke,"{""class"": ""com.facebook.react.uimanager.BaseViewManager"", ""method"": ""setOpacity""}"
101508,reflection,Method.invoke,"{""class"": ""com.facebook.react.uimanager.BaseViewManager"", ""method"": ""setTransform""}"
101509,reflection,Method.invoke,"{""class"": ""com.facebook.react.uimanager.BaseViewManager"", ""method"": ""setTransform""}"
101510,reflection,Method.invoke,"{""class"": ""com.facebook.react.uimanager.BaseViewManager"", ""method"": ""setOpacity""}"
101511,reflection,Method.invoke,"{""class"": ""com.facebook.react.views.view.ReactViewManager"", ""method"": ""setBorderColor""}"
101524,reflection,Method.invoke,"{""class"": ""com.facebook.react.uimanager.BaseViewManager"", ""method"": ""setOpacity""}"
101525,reflection,Method.invoke,"{""class"": ""com.facebook.react.uimanager.BaseViewManager"", ""method"": ""setTransform""}"
101526,reflection,Method.invoke,"{""class"": ""com.facebook.react.uimanager.BaseViewManager"", ""method"": ""setTransform""}"
101528,reflection,Method.invoke,"{""class"": ""com.facebook.react.uimanager.BaseViewManager"", ""method"": ""setOpacity""}"
101529,reflection,Method.invoke,"{""class"": ""com.facebook.react.views.view.ReactViewManager"", ""method"": ""setBorderColor""}"
101540,reflection,Method.invoke,"{""class"": ""com.facebook.react.uimanager.BaseViewManager"", ""method"": ""setOpacity""}"
101541,reflection,Method.invoke,"{""class"": ""com.facebook.react.uimanager.BaseViewManager"", ""method"": ""setTransform""}"
101542,reflection,Method.invoke,"{""class"": ""com.facebook.react.uimanager.BaseViewManager"", ""method"": ""setTransform""}"
101548,reflection,Method.invoke,"{""class"": ""com.facebook.react.uimanager.BaseViewManager"", ""method"": ""setOpacity""}"
101551,reflection,Method.invoke,"{""class"": ""com.facebook.react.views.view.ReactViewManager"", ""method"": ""setBorderColor""}"
101557,reflection,Method.invoke,"{""class"": ""com.facebook.react.uimanager.BaseViewManager"", ""method"": ""setOpacity""}"
101558,reflection,Method.invoke,"{""class"": ""com.facebook.react.uimanager.BaseViewManager"", ""method"": ""setTransform""}"
101559,reflection,Method.invoke,"{""class"": ""com.facebook.react.uimanager.BaseViewManager"", ""method"": ""setTransform""}"
101562,reflection,Method.invoke,"{""class"": ""com.facebook.react.uimanager.BaseViewManager"", ""method"": ""setOpacity""}"
101563,reflection,Method.invoke,"{""class"": ""com.facebook.react.views.view.ReactViewManager"", ""method"": ""setBorderColor""}"
101574,reflection,Method.invoke,"{""class"": ""com.facebook.react.uimanager.BaseViewManager"", ""method"": ""setOpacity""}"
101576,reflection,Method.invoke,"{""class"": ""com.facebook.react.uimanager.BaseViewManager"", ""method"": ""setTransform""}"
101577,reflection,Method.invoke,"{""class"": ""com.facebook.react.uimanager.BaseViewManager"", ""method"": ""setTransform""}"
101578,reflection,Method.invoke,"{""class"": ""com.facebook.react.uimanager.BaseViewManager"", ""method"": ""setOpacity""}"
101580,reflection,Method.invoke,"{""class"": ""com.facebook.react.views.view.ReactViewManager"", ""method"": ""setBorderColor""}"
101592,reflection,Method.invoke,"{""class"": ""com.facebook.react.uimanager.BaseViewManager"", ""method"": ""setOpacity""}"
101593,reflection,Method.invoke,"{""class"": ""com.facebook.react.uimanager.BaseViewManager"", ""method"": ""setTransform""}"
101602,reflection,Method.invoke,"{""class"": ""com.facebook.react.uimanager.BaseViewManager"", ""method"": ""setTransform""}"
101603,reflection,Method.invoke,"{""class"": ""com.facebook.react.uimanager.BaseViewManager"", ""method"": ""setOpacity""}"
101604,reflection,Method.invoke,"{""class"": ""com.facebook.react.views.view.ReactViewManager"", ""method"": ""setBorderColor""}"
101609,reflection,Method.invoke,"{""class"": ""com.facebook.react.uimanager.BaseViewManager"", ""method"": ""setOpacity""}"
101610,reflection,Method.invoke,"{""class"": ""com.facebook.react.uimanager.BaseViewManager"", ""method"": ""setTransform""}"
101610,reflection,Method.invoke,"{""class"": ""com.facebook.react.uimanager.BaseViewManager"", ""method"": ""setTransform""}"
101611,reflection,Method.invoke,"{""class"": ""com.facebook.react.uimanager.BaseViewManager"", ""method"": ""setOpacity""}"
101614,reflection,Method.invoke,"{""class"": ""com.facebook.react.views.view.ReactViewManager"", ""method"": ""setBorderColor""}"
101625,reflection,Method.invoke,"{""class"": ""com.facebook.react.uimanager.BaseViewManager"", ""method"": ""setOpacity""}"
101626,reflection,Method.invoke,"{""class"": ""com.facebook.react.uimanager.BaseViewManager"", ""method"": ""setTransform""}"
101629,reflection,Method.invoke,"{""class"": ""com.facebook.react.uimanager.BaseViewManager"", ""method"": ""setTransform""}"
101630,reflection,Method.invoke,"{""class"": ""com.facebook.react.uimanager.BaseViewManager"", ""method"": ""setOpacity""}"
101631,reflection,Method.invoke,"{""class"": ""com.facebook.react.views.view.ReactViewManager"", ""method"": ""setBorderColor""}"
101641,reflection,Method.invoke,"{""class"": ""com.facebook.react.uimanager.BaseViewManager"", ""method"": ""setOpacity""}"
101642,reflection,Method.invoke,"{""class"": ""com.facebook.react.uimanager.BaseViewManager"", ""method"": ""setTransform""}"
101643,reflection,Method.invoke,"{""class"": ""com.facebook.react.uimanager.BaseViewManager"", ""method"": ""setTransform""}"
101645,reflection,Method.invoke,"{""class"": ""com.facebook.react.uimanager.BaseViewManager"", ""method"": ""setOpacity""}"
101647,reflection,Method.invoke,"{""class"": ""com.facebook.react.views.view.ReactViewManager"", ""method"": ""setBorderColor""}"
103343,reflection,Method.invoke,"{""class"": ""com.facebook.react.uimanager.BaseViewManager"", ""method"": ""setOpacity""}"
103349,reflection,Method.invoke,"{""class"": ""com.facebook.react.uimanager.BaseViewManager"", ""method"": ""setTransform""}"
103358,reflection,Method.invoke,"{""class"": ""com.facebook.react.uimanager.BaseViewManager"", ""method"": ""setTransform""}"
103366,reflection,Method.invoke,"{""class"": ""com.facebook.react.uimanager.BaseViewManager"", ""method"": ""setOpacity""}"
103375,reflection,Method.invoke,"{""class"": ""com.facebook.react.views.view.ReactViewManager"", ""method"": ""setBorderColor""}"
103384,reflection,Method.invoke,"{""class"": ""com.facebook.react.uimanager.BaseViewManager"", ""method"": ""setOpacity""}"
103397,reflection,Method.invoke,"{""class"": ""com.facebook.react.uimanager.BaseViewManager"", ""method"": ""setOpacity""}"
103405,reflection,Method.invoke,"{""class"": ""com.facebook.react.uimanager.BaseViewManager"", ""method"": ""setTransform""}"
103413,reflection,Method.invoke,"{""class"": ""com.facebook.react.uimanager.BaseViewManager"", ""method"": ""setTransform""}"
103421,reflection,Method.invoke,"{""class"": ""com.facebook.react.uimanager.BaseViewManager"", ""method"": ""setOpacity""}"
103429,reflection,Method.invoke,"{""class"": ""com.facebook.react.views.view.ReactViewManager"", ""method"": ""setBorderColor""}"
103444,reflection,Method.invoke,"{""class"": ""com.facebook.react.uimanager.BaseViewManager"", ""method"": ""setOpacity""}"
103459,reflection,Method.invoke,"{""class"": ""com.facebook.react.uimanager.BaseViewManager"", ""method"": ""setOpacity""}"
103466,reflection,Method.invoke,"{""class"": ""com.facebook.react.uimanager.BaseViewManager"", ""method"": ""setTransform""}"
103476,reflection,Method.invoke,"{""class"": ""com.facebook.react.uimanager.BaseViewManager"", ""method"": ""setTransform""}"
103485,reflection,Method.invoke,"{""class"": ""com.facebook.react.uimanager.BaseViewManager"", ""method"": ""setOpacity""}"
103501,reflection,Method.invoke,"{""class"": ""com.facebook.react.views.view.ReactViewManager"", ""method"": ""setBorderColor""}"
103515,reflection,Method.invoke,"{""class"": ""com.facebook.react.uimanager.BaseViewManager"", ""method"": ""setOpacity""}"
103528,reflection,Method.invoke,"{""class"": ""com.facebook.react.uimanager.BaseViewManager"", ""method"": ""setOpacity""}"
103537,reflection,Method.invoke,"{""class"": ""com.facebook.react.uimanager.BaseViewManager"", ""method"": ""setTransform""}"
103545,reflection,Method.invoke,"{""class"": ""com.facebook.react.uimanager.BaseViewManager"", ""method"": ""setTransform""}"
103554,reflection,Method.invoke,"{""class"": ""com.facebook.react.uimanager.BaseViewManager"", ""method"": ""setOpacity""}"
103563,reflection,Method.invoke,"{""class"": ""com.facebook.react.views.view.ReactViewManager"", ""method"": ""setBorderColor""}"
103575,reflection,Method.invoke,"{""class"": ""com.facebook.react.uimanager.BaseViewManager"", ""method"": ""setOpacity""}"
103589,reflection,Method.invoke,"{""class"": ""com.facebook.react.uimanager.BaseViewManager"", ""method"": ""setOpacity""}"
103596,reflection,Method.invoke,"{""class"": ""com.facebook.react.uimanager.BaseViewManager"", ""method"": ""setTransform""}"
103606,reflection,Method.invoke,"{""class"": ""com.facebook.react.uimanager.BaseViewManager"", ""method"": ""setTransform""}"
103616,reflection,Method.invoke,"{""class"": ""com.facebook.react.uimanager.BaseViewManager"", ""method"": ""setOpacity""}"
103624,reflection,Method.invoke,"{""class"": ""com.facebook.react.views.view.ReactViewManager"", ""method"": ""setBorderColor""}"
103648,reflection,Method.invoke,"{""class"": ""com.facebook.react.uimanager.BaseViewManager"", ""method"": ""setOpacity""}"
103662,reflection,Method.invoke,"{""class"": ""com.facebook.react.uimanager.BaseViewManager"", ""method"": ""setOpacity""}"
103671,reflection,Method.invoke,"{""class"": ""com.facebook.react.uimanager.BaseViewManager"", ""method"": ""setTransform""}"
103680,reflection,Method.invoke,"{""class"": ""com.facebook.react.uimanager.BaseViewManager"", ""method"": ""setTransform""}"
103688,reflection,Method.invoke,"{""class"": ""com.facebook.react.uimanager.BaseViewManager"", ""method"": ""setOpacity""}"
103696,reflection,Method.invoke,"{""class"": ""com.facebook.react.views.view.ReactViewManager"", ""method"": ""setBorderColor""}"
103717,reflection,Method.invoke,"{""class"": ""com.facebook.react.uimanager.BaseViewManager"", ""method"": ""setOpacity""}"
103726,reflection,Method.invoke,"{""class"": ""com.facebook.react.uimanager.BaseViewManager"", ""method"": ""setTransform""}"
103735,reflection,Method.invoke,"{""class"": ""com.facebook.react.uimanager.BaseViewManager"", ""method"": ""setTransform""}"
103744,reflection,Method.invoke,"{""class"": ""com.facebook.react.uimanager.BaseViewManager"", ""method"": ""setOpacity""}"
103752,reflection,Method.invoke,"{""class"": ""com.facebook.react.views.view.ReactViewManager"", ""method"": ""setBorderColor""}"
103771,reflection,Method.invoke,"{""class"": ""com.facebook.react.uimanager.BaseViewManager"", ""method"": ""setOpacity""}"
103784,reflection,Method.invoke,"{""class"": ""com.facebook.react.uimanager.BaseViewManager"", ""method"": ""setTransform""}"
103793,reflection,Method.invoke,"{""class"": ""com.facebook.react.uimanager.BaseViewManager"", ""method"": ""setTransform""}"
103802,reflection,Method.invoke,"{""class"": ""com.facebook.react.uimanager.BaseViewManager"", ""method"": ""setOpacity""}"
103809,reflection,Method.invoke,"{""class"": ""com.facebook.react.views.view.ReactViewManager"", ""method"": ""setBorderColor""}"
103828,reflection,Method.invoke,"{""class"": ""com.facebook.react.uimanager.BaseViewManager"", ""method"": ""setOpacity""}"
103840,reflection,Method.invoke,"{""class"": ""com.facebook.react.uimanager.BaseViewManager"", ""method"": ""setTransform""}"
103847,reflection,Method.invoke,"{""class"": ""com.facebook.react.uimanager.BaseViewManager"", ""method"": ""setTransform""}"
103856,reflection,Method.invoke,"{""class"": ""com.facebook.react.uimanager.BaseViewManager"", ""method"": ""setOpacity""}"
103865,reflection,Method.invoke,"{""class"": ""com.facebook.react.views.view.ReactViewManager"", ""method"": ""setBorderColor""}"
103885,reflection,Method.invoke,"{""class"": ""com.facebook.react.uimanager.BaseViewManager"", ""method"": ""setOpacity""}"
103894,reflection,Method.invoke,"{""class"": ""com.facebook.react.uimanager.BaseViewManager"", ""method"": ""setTransform""}"
103901,reflection,Method.invoke,"{""class"": ""com.facebook.react.uimanager.BaseViewManager"", ""method"": ""setTransform""}"
103910,reflection,Method.invoke,"{""class"": ""com.facebook.react.uimanager.BaseViewManager"", ""method"": ""setOpacity""}"
103919,reflection,Method.invoke,"{""class"": ""com.facebook.react.views.view.ReactViewManager"", ""method"": ""setBorderColor""}"
103942,reflection,Method.invoke,"{""class"": ""com.facebook.react.uimanager.BaseViewManager"", ""method"": ""setOpacity""}"
103953,reflection,Method.invoke,"{""class"": ""com.facebook.react.uimanager.BaseViewManager"", ""method"": ""setTransform""}"
103961,reflection,Method.invoke,"{""class"": ""com.facebook.react.uimanager.BaseViewManager"", ""method"": ""setTransform""}"
103971,reflection,Method.invoke,"{""class"": ""com.facebook.react.uimanager.BaseViewManager"", ""method"": ""setOpacity""}"
103980,reflection,Method.invoke,"{""class"": ""com.facebook.react.views.view.ReactViewManager"", ""method"": ""setBorderColor""}"
104003,reflection,Method.invoke,"{""class"": ""com.facebook.react.uimanager.BaseViewManager"", ""method"": ""setOpacity""}"
104011,reflection,Method.invoke,"{""class"": ""com.facebook.react.uimanager.BaseViewManager"", ""method"": ""setTransform""}"
104018,reflection,Method.invoke,"{""class"": ""com.facebook.react.uimanager.BaseViewManager"", ""method"": ""setTransform""}"
104027,reflection,Method.invoke,"{""class"": ""com.facebook.react.uimanager.BaseViewManager"", ""method"": ""setOpacity""}"
104035,reflection,Method.invoke,"{""class"": ""com.facebook.react.views.view.ReactViewManager"", ""method"": ""setBorderColor""}"
104055,reflection,Method.invoke,"{""class"": ""com.facebook.react.uimanager.BaseViewManager"", ""method"": ""setOpacity""}"
104066,reflection,Method.invoke,"{""class"": ""com.facebook.react.uimanager.BaseViewManager"", ""method"": ""setTransform""}"
104076,reflection,Method.invoke,"{""class"": ""com.facebook.react.uimanager.BaseViewManager"", ""method"": ""setTransform""}"
104083,reflection,Method.invoke,"{""class"": ""com.facebook.react.uimanager.BaseViewManager"", ""method"": ""setOpacity""}"
104096,reflection,Method.invoke,"{""class"": ""com.facebook.react.views.view.ReactViewManager"", ""method"": ""setBorderColor""}"
104121,reflection,Method.invoke,"{""class"": ""com.facebook.react.uimanager.BaseViewManager"", ""method"": ""setOpacity""}"
104134,reflection,Method.invoke,"{""class"": ""com.facebook.react.uimanager.BaseViewManager"", ""method"": ""setTransform""}"
104143,reflection,Method.invoke,"{""class"": ""com.facebook.react.uimanager.BaseViewManager"", ""method"": ""setTransform""}"
104151,reflection,Method.invoke,"{""class"": ""com.facebook.react.uimanager.BaseViewManager"", ""method"": ""setOpacity""}"
104162,reflection,Method.invoke,"{""class"": ""com.facebook.react.views.view.ReactViewManager"", ""method"": ""setBorderColor""}"
104186,reflection,Method.invoke,"{""class"": ""com.facebook.react.uimanager.BaseViewManager"", ""method"": ""setOpacity""}"
104195,reflection,Method.invoke,"{""class"": ""com.facebook.react.uimanager.BaseViewManager"", ""method"": ""setTransform""}"
104204,reflection,Method.invoke,"{""class"": ""com.facebook.react.uimanager.BaseViewManager"", ""method"": ""setTransform""}"
104212,reflection,Method.invoke,"{""class"": ""com.facebook.react.uimanager.BaseViewManager"", ""method"": ""setOpacity""}"
104219,reflection,Method.invoke,"{""class"": ""com.facebook.react.views.view.ReactViewManager"", ""method"": ""setBorderColor""}"
104237,reflection,Method.invoke,"{""class"": ""com.facebook.react.uimanager.BaseViewManager"", ""method"": ""setOpacity""}"
104245,reflection,Method.invoke,"{""class"": ""com.facebook.react.uimanager.BaseViewManager"", ""method"": ""setTransform""}"
104255,reflection,Method.invoke,"{""class"": ""com.facebook.react.uimanager.BaseViewManager"", ""method"": ""setTransform""}"
104266,reflection,Method.invoke,"{""class"": ""com.facebook.react.uimanager.BaseViewManager"", ""method"": ""setOpacity""}"
104276,reflection,Method.invoke,"{""class"": ""com.facebook.react.views.view.ReactViewManager"", ""method"": ""setBorderColor""}"
104302,reflection,Method.invoke,"{""class"": ""com.facebook.react.uimanager.BaseViewManager"", ""method"": ""setOpacity""}"
104310,reflection,Method.invoke,"{""class"": ""com.facebook.react.uimanager.BaseViewManager"", ""method"": ""setTransform""}"
104319,reflection,Method.invoke,"{""class"": ""com.facebook.react.uimanager.BaseViewManager"", ""method"": ""setTransform""}"
104326,reflection,Method.invoke,"{""class"": ""com.facebook.react.uimanager.BaseViewManager"", ""method"": ""setOpacity""}"
104334,reflection,Method.invoke,"{""class"": ""com.facebook.react.views.view.ReactViewManager"", ""method"": ""setBorderColor""}"
104352,reflection,Method.invoke,"{""class"": ""com.facebook.react.uimanager.BaseViewManager"", ""method"": ""setOpacity""}"
104359,reflection,Method.invoke,"{""class"": ""com.facebook.react.uimanager.BaseViewManager"", ""method"": ""setTransform""}"
104370,reflection,Method.invoke,"{""class"": ""com.facebook.react.uimanager.BaseViewManager"", ""method"": ""setTransform""}"
104379,reflection,Method.invoke,"{""class"": ""com.facebook.react.uimanager.BaseViewManager"", ""method"": ""setOpacity""}"
104387,reflection,Method.invoke,"{""class"": ""com.facebook.react.views.view.ReactViewManager"", ""method"": ""setBorderColor""}"
104406,reflection,Method.invoke,"{""class"": ""com.facebook.react.uimanager.BaseViewManager"", ""method"": ""setOpacity""}"
104418,reflection,Method.invoke,"{""class"": ""com.facebook.react.uimanager.BaseViewManager"", ""method"": ""setTransform""}"
104428,reflection,Method.invoke,"{""class"": ""com.facebook.react.uimanager.BaseViewManager"", ""method"": ""setTransform""}"
104435,reflection,Method.invoke,"{""class"": ""com.facebook.react.uimanager.BaseViewManager"", ""method"": ""setOpacity""}"
104445,reflection,Method.invoke,"{""class"": ""com.facebook.react.views.view.ReactViewManager"", ""method"": ""setBorderColor""}"
104465,reflection,Method.invoke,"{""class"": ""com.facebook.react.uimanager.BaseViewManager"", ""method"": ""setOpacity""}"
104473,reflection,Method.invoke,"{""class"": ""com.facebook.react.uimanager.BaseViewManager"", ""method"": ""setTransform""}"
104480,reflection,Method.invoke,"{""class"": ""com.facebook.react.uimanager.BaseViewManager"", ""method"": ""setTransform""}"
104489,reflection,Method.invoke,"{""class"": ""com.facebook.react.uimanager.BaseViewManager"", ""method"": ""setOpacity""}"
104497,reflection,Method.invoke,"{""class"": ""com.facebook.react.views.view.ReactViewManager"", ""method"": ""setBorderColor""}"
104517,reflection,Method.invoke,"{""class"": ""com.facebook.react.uimanager.BaseViewManager"", ""method"": ""setOpacity""}"
104526,reflection,Method.invoke,"{""class"": ""com.facebook.react.uimanager.BaseViewManager"", ""method"": ""setTransform""}"
104533,reflection,Method.invoke,"{""class"": ""com.facebook.react.uimanager.BaseViewManager"", ""method"": ""setTransform""}"
104541,reflection,Method.invoke,"{""class"": ""com.facebook.react.uimanager.BaseViewManager"", ""method"": ""setOpacity""}"
104548,reflection,Method.invoke,"{""class"": ""com.facebook.react.views.view.ReactViewManager"", ""method"": ""setBorderColor""}"
104573,reflection,Method.invoke,"{""class"": ""com.facebook.react.uimanager.BaseViewManager"", ""method"": ""setOpacity""}"
104583,reflection,Method.invoke,"{""class"": ""com.facebook.react.uimanager.BaseViewManager"", ""method"": ""setTransform""}"
104592,reflection,Method.invoke,"{""class"": ""com.facebook.react.uimanager.BaseViewManager"", ""method"": ""setTransform""}"
104601,reflection,Method.invoke,"{""class"": ""com.facebook.react.uimanager.BaseViewManager"", ""method"": ""setOpacity""}"
104610,reflection,Method.invoke,"{""class"": ""com.facebook.react.views.view.ReactViewManager"", ""method"": ""setBorderColor""}"
104636,reflection,Method.invoke,"{""class"": ""com.facebook.react.uimanager.BaseViewManager"", ""method"": ""setOpacity""}"
104645,reflection,Method.invoke,"{""class"": ""com.facebook.react.uimanager.BaseViewManager"", ""method"": ""setTransform""}"
104653,reflection,Method.invoke,"{""class"": ""com.facebook.react.uimanager.BaseViewManager"", ""method"": ""setTransform""}"
104661,reflection,Method.invoke,"{""class"": ""com.facebook.react.uimanager.BaseViewManager"", ""method"": ""setOpacity""}"
104670,reflection,Method.invoke,"{""class"": ""com.facebook.react.views.view.ReactViewManager"", ""method"": ""setBorderColor""}"
104690,reflection,Method.invoke,"{""class"": ""com.facebook.react.uimanager.BaseViewManager"", ""method"": ""setOpacity""}"
104701,reflection,Method.invoke,"{""class"": ""com.facebook.react.uimanager.BaseViewManager"", ""method"": ""setTransform""}"
104709,reflection,Method.invoke,"{""class"": ""com.facebook.react.uimanager.BaseViewManager"", ""method"": ""setTransform""}"
104719,reflection,Method.invoke,"{""class"": ""com.facebook.react.uimanager.BaseViewManager"", ""method"": ""setOpacity""}"
104726,reflection,Method.invoke,"{""class"": ""com.facebook.react.views.view.ReactViewManager"", ""method"": ""setBorderColor""}"
104758,reflection,Method.invoke,"{""class"": ""com.facebook.react.uimanager.BaseViewManager"", ""method"": ""setOpacity""}"
104766,reflection,Method.invoke,"{""class"": ""com.facebook.react.uimanager.BaseViewManager"", ""method"": ""setTransform""}"
104774,reflection,Method.invoke,"{""class"": ""com.facebook.react.uimanager.BaseViewManager"", ""method"": ""setTransform""}"
104784,reflection,Method.invoke,"{""class"": ""com.facebook.react.uimanager.BaseViewManager"", ""method"": ""setOpacity""}"
104791,reflection,Method.invoke,"{""class"": ""com.facebook.react.views.view.ReactViewManager"", ""method"": ""setBorderColor""}"
104810,reflection,Method.invoke,"{""class"": ""com.facebook.react.uimanager.BaseViewManager"", ""method"": ""setOpacity""}"
104822,reflection,Method.invoke,"{""class"": ""com.facebook.react.uimanager.BaseViewManager"", ""method"": ""setTransform""}"
104831,reflection,Method.invoke,"{""class"": ""com.facebook.react.uimanager.BaseViewManager"", ""method"": ""setTransform""}"
104840,reflection,Method.invoke,"{""class"": ""com.facebook.react.uimanager.BaseViewManager"", ""method"": ""setOpacity""}"
104849,reflection,Method.invoke,"{""class"": ""com.facebook.react.views.view.ReactViewManager"", ""method"": ""setBorderColor""}"
104870,reflection,Method.invoke,"{""class"": ""com.facebook.react.uimanager.BaseViewManager"", ""method"": ""setOpacity""}"
104880,reflection,Method.invoke,"{""class"": ""com.facebook.react.uimanager.BaseViewManager"", ""method"": ""setTransform""}"
104888,reflection,Method.invoke,"{""class"": ""com.facebook.react.uimanager.BaseViewManager"", ""method"": ""setTransform""}"
104897,reflection,Method.invoke,"{""class"": ""com.facebook.react.uimanager.BaseViewManager"", ""method"": ""setOpacity""}"
104904,reflection,Method.invoke,"{""class"": ""com.facebook.react.views.view.ReactViewManager"", ""method"": ""setBorderColor""}"
104923,reflection,Method.invoke,"{""class"": ""com.facebook.react.uimanager.BaseViewManager"", ""method"": ""setOpacity""}"
104934,reflection,Method.invoke,"{""class"": ""com.facebook.react.uimanager.BaseViewManager"", ""method"": ""setTransform""}"
104943,reflection,Method.invoke,"{""class"": ""com.facebook.react.uimanager.BaseViewManager"", ""method"": ""setTransform""}"
104952,reflection,Method.invoke,"{""class"": ""com.facebook.react.uimanager.BaseViewManager"", ""method"": ""setOpacity""}"
104961,reflection,Method.invoke,"{""class"": ""com.facebook.react.views.view.ReactViewManager"", ""method"": ""setBorderColor""}"
106709,reflection,Method.invoke,"{""class"": ""com.facebook.react.uimanager.BaseViewManager"", ""method"": ""setOpacity""}"
106719,reflection,Method.invoke,"{""class"": ""com.facebook.react.uimanager.BaseViewManager"", ""method"": ""setTransform""}"
106726,reflection,Method.invoke,"{""class"": ""com.facebook.react.uimanager.BaseViewManager"", ""method"": ""setTransform""}"
106734,reflection,Method.invoke,"{""class"": ""com.facebook.react.uimanager.BaseViewManager"", ""method"": ""setOpacity""}"
106742,reflection,Method.invoke,"{""class"": ""com.facebook.react.views.view.ReactViewManager"", ""method"": ""setBorderColor""}"
106752,reflection,Method.invoke,"{""class"": ""com.facebook.react.uimanager.BaseViewManager"", ""method"": ""setOpacity""}"
106763,reflection,Method.invoke,"{""class"": ""com.facebook.react.uimanager.BaseViewManager"", ""method"": ""setOpacity""}"
106772,reflection,Method.invoke,"{""class"": ""com.facebook.react.uimanager.BaseViewManager"", ""method"": ""setTransform""}"
106782,reflection,Method.invoke,"{""class"": ""com.facebook.react.uimanager.BaseViewManager"", ""method"": ""setTransform""}"
106793,reflection,Method.invoke,"{""class"": ""com.facebook.react.uimanager.BaseViewManager"", ""method"": ""setOpacity""}"
106802,reflection,Method.invoke,"{""class"": ""com.facebook.react.views.view.ReactViewManager"", ""method"": ""setBorderColor""}"
106814,reflection,Method.invoke,"{""class"": ""com.facebook.react.uimanager.BaseViewManager"", ""method"": ""setOpacity""}"
106816,reflection,Method.invoke,"{""class"": ""com.facebook.react.uimanager.BaseViewManager"", ""method"": ""setOpacity""}"
106819,reflection,Method.invoke,"{""class"": ""com.facebook.react.uimanager.BaseViewManager"", ""method"": ""setTransform""}"
106820,reflection,Method.invoke,"{""class"": ""com.facebook.react.uimanager.BaseViewManager"", ""method"": ""setTransform""}"
106822,reflection,Method.invoke,"{""class"": ""com.facebook.react.uimanager.BaseViewManager"", ""method"": ""setOpacity""}"
106823,reflection,Method.invoke,"{""class"": ""com.facebook.react.views.view.ReactViewManager"", ""method"": ""setBorderColor""}"
106831,reflection,Method.invoke,"{""class"": ""com.facebook.react.uimanager.BaseViewManager"", ""method"": ""setOpacity""}"
106834,reflection,Method.invoke,"{""class"": ""com.facebook.react.uimanager.BaseViewManager"", ""method"": ""setOpacity""}"
106835,reflection,Method.invoke,"{""class"": ""com.facebook.react.uimanager.BaseViewManager"", ""method"": ""setTransform""}"
106837,reflection,Method.invoke,"{""class"": ""com.facebook.react.uimanager.BaseViewManager"", ""method"": ""setTransform""}"
106837,reflection,Method.invoke,"{""class"": ""com.facebook.react.uimanager.BaseViewManager"", ""method"": ""setOpacity""}"
106838,reflection,Method.invoke,"{""class"": ""com.facebook.react.views.view.ReactViewManager"", ""method"": ""setBorderColor""}"
106848,reflection,Method.invoke,"{""class"": ""com.facebook.react.uimanager.BaseViewManager"", ""method"": ""setOpacity""}"
106851,reflection,Method.invoke,"{""class"": ""com.facebook.react.uimanager.BaseViewManager"", ""method"": ""setOpacity""}"
106852,reflection,Method.invoke,"{""class"": ""com.facebook.react.uimanager.BaseViewManager"", ""method"": ""setTransform""}"
106852,reflection,Method.invoke,"{""class"": ""com.facebook.react.uimanager.BaseViewManager"", ""method"": ""setTransform""}"
106853,reflection,Method.invoke,"{""class"": ""com.facebook.react.uimanager.BaseViewManager"", ""method"": ""setOpacity""}"
106855,reflection,Method.invoke,"{""class"": ""com.facebook.react.views.view.ReactViewManager"", ""method"": ""setBorderColor""}"
106863,reflection,Method.invoke,"{""class"": ""com.facebook.react.uimanager.BaseViewManager"", ""method"": ""setOpacity""}"
106874,reflection,Method.invoke,"{""class"": ""com.facebook.react.uimanager.BaseViewManager"", ""method"": ""setOpacity""}"
106884,reflection,Method.invoke,"{""class"": ""com.facebook.react.uimanager.BaseViewManager"", ""method"": ""setTransform""}"
106891,reflection,Method.invoke,"{""class"": ""com.facebook.react.uimanager.BaseViewManager"", ""method"": ""setTransform""}"
106901,reflection,Method.invoke,"{""class"": ""com.facebook.react.uimanager.BaseViewManager"", ""method"": ""setOpacity""}"
106908,reflection,Method.invoke,"{""class"": ""com.facebook.react.views.view.ReactViewManager"", ""method"": ""setBorderColor""}"
106923,reflection,Method.invoke,"{""class"": ""com.facebook.react.uimanager.BaseViewManager"", ""method"": ""setOpacity""}"
106939,reflection,Method.invoke,"{""class"": ""com.facebook.react.uimanager.BaseViewManager"", ""method"": ""setOpacity""}"
106946,reflection,Method.invoke,"{""class"": ""com.facebook.react.uimanager.BaseViewManager"", ""method"": ""setTransform""}"
106958,reflection,Method.invoke,"{""class"": ""com.facebook.react.uimanager.BaseViewManager"", ""method"": ""setTransform""}"
106966,reflection,Method.invoke,"{""class"": ""com.facebook.react.uimanager.BaseViewManager"", ""method"": ""setOpacity""}"
106974,reflection,Method.invoke,"{""class"": ""com.facebook.react.views.view.ReactViewManager"", ""method"": ""setBorderColor""}"
106990,reflection,Method.invoke,"{""class"": ""com.facebook.react.uimanager.BaseViewManager"", ""method"": ""setOpacity""}"
107008,reflection,Method.invoke,"{""class"": ""com.facebook.react.uimanager.BaseViewManager"", ""method"": ""setOpacity""}"
107015,reflection,Method.invoke,"{""class"": ""com.facebook.react.uimanager.BaseViewManager"", ""method"": ""setTransform""}"
107023,reflection,Method.invoke,"{""class"": ""com.facebook.react.uimanager.BaseViewManager"", ""method"": ""setTransform""}"
107031,reflection,Method.invoke,"{""class"": ""com.facebook.react.uimanager.BaseViewManager"", ""method"": ""setOpacity""}"
107038,reflection,Method.invoke,"{""class"": ""com.facebook.react.views.view.ReactViewManager"", ""method"": ""setBorderColor""}"
107053,reflection,Method.invoke,"{""class"": ""com.facebook.react.uimanager.BaseViewManager"", ""method"": ""setOpacity""}"
107070,reflection,Method.invoke,"{""class"": ""com.facebook.react.uimanager.BaseViewManager"", ""method"": ""setOpacity""}"
107078,reflection,Method.invoke,"{""class"": ""com.facebook.react.uimanager.BaseViewManager"", ""method"": ""setTransform""}"
107085,reflection,Method.invoke,"{""class"": ""com.facebook.react.uimanager.BaseViewManager"", ""method"": ""setTransform""}"
107094,reflection,Method.invoke,"{""class"": ""com.facebook.react.uimanager.BaseViewManager"", ""method"": ""setOpacity""}"
107101,reflection,Method.invoke,"{""class"": ""com.facebook.react.views.view.ReactViewManager"", ""method"": ""setBorderColor""}"
107125,reflection,Method.invoke,"{""class"": ""com.facebook.react.uimanager.BaseViewManager"", ""method"": ""setOpacity""}"
107132,reflection,Method.invoke,"{""class"": ""com.facebook.react.uimanager.BaseViewManager"", ""method"": ""setTransform""}"
107141,reflection,Method.invoke,"{""class"": ""com.facebook.react.uimanager.BaseViewManager"", ""method"": ""setTransform""}"
107148,reflection,Method.invoke,"{""class"": ""com.facebook.react.uimanager.BaseViewManager"", ""method"": ""setOpacity""}"
107156,reflection,Method.invoke,"{""class"": ""com.facebook.react.views.view.ReactViewManager"", ""method"": ""setBorderColor""}"
107177,reflection,Method.invoke,"{""class"": ""com.facebook.react.uimanager.BaseViewManager"", ""method"": ""setOpacity""}"
107187,reflection,Method.invoke,"{""class"": ""com.facebook.react.uimanager.BaseViewManager"", ""method"": ""setTransform""}"
107194,reflection,Method.invoke,"{""class"": ""com.facebook.react.uimanager.BaseViewManager"", ""method"": ""setTransform""}"
107202,reflection,Method.invoke,"{""class"": ""com.facebook.react.uimanager.BaseViewManager"", ""method"": ""setOpacity""}"
107213,reflection,Method.invoke,"{""class"": ""com.facebook.react.views.view.ReactViewManager"", ""method"": ""setBorderColor""}"
107240,reflection,Method.invoke,"{""class"": ""com.facebook.react.uimanager.BaseViewManager"", ""method"": ""setOpacity""}"
107249,reflection,Method.invoke,"{""class"": ""com.facebook.react.uimanager.BaseViewManager"", ""method"": ""setTransform""}"
107262,reflection,Method.invoke,"{""class"": ""com.facebook.react.uimanager.BaseViewManager"", ""method"": ""setTransform""}"
107277,reflection,Method.invoke,"{""class"": ""com.facebook.react.uimanager.BaseViewManager"", ""method"": ""setOpacity""}"
107284,reflection,Method.invoke,"{""class"": ""com.facebook.react.views.view.ReactViewManager"", ""method"": ""setBorderColor""}"
107306,reflection,Method.invoke,"{""class"": ""com.facebook.react.uimanager.BaseViewManager"", ""method"": ""setOpacity""}"
107314,reflection,Method.invoke,"{""class"": ""com.facebook.react.uimanager.BaseViewManager"", ""method"": ""setTransform""}"
107327,reflection,Method.invoke,"{""class"": ""com.facebook.react.uimanager.BaseViewManager"", ""method"": ""setTransform""}"
107334,reflection,Method.invoke,"{""class"": ""com.facebook.react.uimanager.BaseViewManager"", ""method"": ""setOpacity""}"
107341,reflection,Method.invoke,"{""class"": ""com.facebook.react.views.view.ReactViewManager"", ""method"": ""setBorderColor""}"
107363,reflection,Method.invoke,"{""class"": ""com.facebook.react.uimanager.BaseViewManager"", ""method"": ""setOpacity""}"
107378,reflection,Method.invoke,"{""class"": ""com.facebook.react.uimanager.BaseViewManager"", ""method"": ""setTransform""}"
107385,reflection,Method.invoke,"{""class"": ""com.facebook.react.uimanager.BaseViewManager"", ""method"": ""setTransform""}"
107397,reflection,Method.invoke,"{""class"": ""com.facebook.react.uimanager.BaseViewManager"", ""method"": ""setOpacity""}"
107405,reflection,Method.invoke,"{""class"": ""com.facebook.react.views.view.ReactViewManager"", ""method"": ""setBorderColor""}"
107424,reflection,Method.invoke,"{""class"": ""com.facebook.react.uimanager.BaseViewManager"", ""method"": ""setOpacity""}"
107434,reflection,Method.invoke,"{""class"": ""com.facebook.react.uimanager.BaseViewManager"", ""method"": ""setTransform""}"
107441,reflection,Method.invoke,"{""class"": ""com.facebook.react.uimanager.BaseViewManager"", ""method"": ""setTransform""}"
107448,reflection,Method.invoke,"{""class"": ""com.facebook.react.uimanager.BaseViewManager"", ""method"": ""setOpacity""}"
107457,reflection,Method.invoke,"{""class"": ""com.facebook.react.views.view.ReactViewManager"", ""method"": ""setBorderColor""}"
107476,reflection,Method.invoke,"{""class"": ""com.facebook.react.uimanager.BaseViewManager"", ""method"": ""setOpacity""}"
107487,reflection,Method.invoke,"{""class"": ""com.facebook.react.uimanager.BaseViewManager"", ""method"": ""setTransform""}"
107494,reflection,Method.invoke,"{""class"": ""com.facebook.react.uimanager.BaseViewManager"", ""method"": ""setTransform""}"
107505,reflection,Method.invoke,"{""class"": ""com.facebook.react.uimanager.BaseViewManager"", ""method"": ""setOpacity""}"
107513,reflection,Method.invoke,"{""class"": ""com.facebook.react.views.view.ReactViewManager"", ""method"": ""setBorderColor""}"
107536,reflection,Method.invoke,"{""class"": ""com.facebook.react.uimanager.BaseViewManager"", ""method"": ""setOpacity""}"
107543,reflection,Method.invoke,"{""class"": ""com.facebook.react.uimanager.BaseViewManager"", ""method"": ""setTransform""}"
107551,reflection,Method.invoke,"{""class"": ""com.facebook.react.uimanager.BaseViewManager"", ""method"": ""setTransform""}"
107558,reflection,Method.invoke,"{""class"": ""com.facebook.react.uimanager.BaseViewManager"", ""method"": ""setOpacity""}"
107566,reflection,Method.invoke,"{""class"": ""com.facebook.react.views.view.ReactViewManager"", ""method"": ""setBorderColor""}"
107590,reflection,Method.invoke,"{""class"": ""com.facebook.react.uimanager.BaseViewManager"", ""method"": ""setOpacity""}"
107596,reflection,Method.invoke,"{""class"": ""com.facebook.react.uimanager.BaseViewManager"", ""method"": ""setTransform""}"
107605,reflection,Method.invoke,"{""class"": ""com.facebook.react.uimanager.BaseViewManager"", ""method"": ""setTransform""}"
107612,reflection,Method.invoke,"{""class"": ""com.facebook.react.uimanager.BaseViewManager"", ""method"": ""setOpacity""}"
107621,reflection,Method.invoke,"{""class"": ""com.facebook.react.views.view.ReactViewManager"", ""method"": ""setBorderColor""}"
107640,reflection,Method.invoke,"{""class"": ""com.facebook.react.uimanager.BaseViewManager"", ""method"": ""setOpacity""}"
107651,reflection,Method.invoke,"{""class"": ""com.facebook.react.uimanager.BaseViewManager"", ""method"": ""setTransform""}"
107658,reflection,Method.invoke,"{""class"": ""com.facebook.react.uimanager.BaseViewManager"", ""method"": ""setTransform""}"
107665,reflection,Method.invoke,"{""class"": ""com.facebook.react.uimanager.BaseViewManager"", ""method"": ""setOpacity""}"
107672,reflection,Method.invoke,"{""class"": ""com.facebook.react.views.view.ReactViewManager"", ""method"": ""setBorderColor""}"
107691,reflection,Method.invoke,"{""class"": ""com.facebook.react.uimanager.BaseViewManager"", ""method"": ""setOpacity""}"
107702,reflection,Method.invoke,"{""class"": ""com.facebook.react.uimanager.BaseViewManager"", ""method"": ""setTransform""}"
107709,reflection,Method.invoke,"{""class"": ""com.facebook.react.uimanager.BaseViewManager"", ""method"": ""setTransform""}"
107717,reflection,Method.invoke,"{""class"": ""com.facebook.react.uimanager.BaseViewManager"", ""method"": ""setOpacity""}"
107726,reflection,Method.invoke,"{""class"": ""com.facebook.react.views.view.ReactViewManager"", ""method"": ""setBorderColor""}"
107752,reflection,Method.invoke,"{""class"": ""com.facebook.react.uimanager.BaseViewManager"", ""method"": ""setOpacity""}"
107760,reflection,Method.invoke,"{""class"": ""com.facebook.react.uimanager.BaseViewManager"", ""method"": ""setTransform""}"
107768,reflection,Method.invoke,"{""class"": ""com.facebook.react.uimanager.BaseViewManager"", ""method"": ""setTransform""}"
107775,reflection,Method.invoke,"{""class"": ""com.facebook.react.uimanager.BaseViewManager"", ""method"": ""setOpacity""}"
107783,reflection,Method.invoke,"{""class"": ""com.facebook.react.views.view.ReactViewManager"", ""method"": ""setBorderColor""}"
107806,reflection,Method.invoke,"{""class"": ""com.facebook.react.uimanager.BaseViewManager"", ""method"": ""setOpacity""}"
107814,reflection,Method.invoke,"{""class"": ""com.facebook.react.uimanager.BaseViewManager"", ""method"": ""setTransform""}"
107821,reflection,Method.invoke,"{""class"": ""com.facebook.react.uimanager.BaseViewManager"", ""method"": ""setTransform""}"
107828,reflection,Method.invoke,"{""class"": ""com.facebook.react.uimanager.BaseViewManager"", ""method"": ""setOpacity""}"
107836,reflection,Method.invoke,"{""class"": ""com.facebook.react.views.view.ReactViewManager"", ""method"": ""setBorderColor""}"
107858,reflection,Method.invoke,"{""class"": ""com.facebook.react.uimanager.BaseViewManager"", ""method"": ""setOpacity""}"
107866,reflection,Method.invoke,"{""class"": ""com.facebook.react.uimanager.BaseViewManager"", ""method"": ""setTransform""}"
107873,reflection,Method.invoke,"{""class"": ""com.facebook.react.uimanager.BaseViewManager"", ""method"": ""setTransform""}"
107881,reflection,Method.invoke,"{""class"": ""com.facebook.react.uimanager.BaseViewManager"", ""method"": ""setOpacity""}"
107888,reflection,Method.invoke,"{""class"": ""com.facebook.react.views.view.ReactViewManager"", ""method"": ""setBorderColor""}"
107921,reflection,Method.invoke,"{""class"": ""com.facebook.react.uimanager.BaseViewManager"", ""method"": ""setOpacity""}"
107928,reflection,Method.invoke,"{""class"": ""com.facebook.react.uimanager.BaseViewManager"", ""method"": ""setTransform""}"
107934,reflection,Method.invoke,"{""class"": ""com.facebook.react.uimanager.BaseViewManager"", ""method"": ""setTransform""}"
107945,reflection,Method.invoke,"{""class"": ""com.facebook.react.uimanager.BaseViewManager"", ""method"": ""setOpacity""}"
107954,reflection,Method.invoke,"{""class"": ""com.facebook.react.views.view.ReactViewManager"", ""method"": ""setBorderColor""}"
107974,reflection,Method.invoke,"{""class"": ""com.facebook.react.uimanager.BaseViewManager"", ""method"": ""setOpacity""}"
107984,reflection,Method.invoke,"{""class"": ""com.facebook.react.uimanager.BaseViewManager"", ""method"": ""setTransform""}"
107992,reflection,Method.invoke,"{""class"": ""com.facebook.react.uimanager.BaseViewManager"", ""method"": ""setTransform""}"
107999,reflection,Method.invoke,"{""class"": ""com.facebook.react.uimanager.BaseViewManager"", ""method"": ""setOpacity""}"
108006,reflection,Method.invoke,"{""class"": ""com.facebook.react.views.view.ReactViewManager"", ""method"": ""setBorderColor""}"
108026,reflection,Method.invoke,"{""class"": ""com.facebook.react.uimanager.BaseViewManager"", ""method"": ""setOpacity""}"
108037,reflection,Method.invoke,"{""class"": ""com.facebook.react.uimanager.BaseViewManager"", ""method"": ""setTransform""}"
108045,reflection,Method.invoke,"{""class"": ""com.facebook.react.uimanager.BaseViewManager"", ""method"": ""setTransform""}"
108053,reflection,Method.invoke,"{""class"": ""com.facebook.react.uimanager.BaseViewManager"", ""method"": ""setOpacity""}"
108060,reflection,Method.invoke,"{""class"": ""com.facebook.react.views.view.ReactViewManager"", ""method"": ""setBorderColor""}"
108085,reflection,Method.invoke,"{""class"": ""com.facebook.react.uimanager.BaseViewManager"", ""method"": ""setOpacity""}"
108093,reflection,Method.invoke,"{""class"": ""com.facebook.react.uimanager.BaseViewManager"", ""method"": ""setTransform""}"
108101,reflection,Method.invoke,"{""class"": ""com.facebook.react.uimanager.BaseViewManager"", ""method"": ""setTransform""}"
108113,reflection,Method.invoke,"{""class"": ""com.facebook.react.uimanager.BaseViewManager"", ""method"": ""setOpacity""}"
108121,reflection,Method.invoke,"{""class"": ""com.facebook.react.views.view.ReactViewManager"", ""method"": ""setBorderColor""}"
108141,reflection,Method.invoke,"{""class"": ""com.facebook.react.uimanager.BaseViewManager"", ""method"": ""setOpacity""}"
108151,reflection,Method.invoke,"{""class"": ""com.facebook.react.uimanager.BaseViewManager"", ""method"": ""setTransform""}"
108159,reflection,Method.invoke,"{""class"": ""com.facebook.react.uimanager.BaseViewManager"", ""method"": ""setTransform""}"
108167,reflection,Method.invoke,"{""class"": ""com.facebook.react.uimanager.BaseViewManager"", ""method"": ""setOpacity""}"
108174,reflection,Method.invoke,"{""class"": ""com.facebook.react.views.view.ReactViewManager"", ""method"": ""setBorderColor""}"
108193,reflection,Method.invoke,"{""class"": ""com.facebook.react.uimanager.BaseViewManager"", ""method"": ""setOpacity""}"
108205,reflection,Method.invoke,"{""class"": ""com.facebook.react.uimanager.BaseViewManager"", ""method"": ""setTransform""}"
108212,reflection,Method.invoke,"{""class"": ""com.facebook.react.uimanager.BaseViewManager"", ""method"": ""setTransform""}"
108220,reflection,Method.invoke,"{""class"": ""com.facebook.react.uimanager.BaseViewManager"", ""method"": ""setOpacity""}"
108228,reflection,Method.invoke,"{""class"": ""com.facebook.react.views.view.ReactViewManager"", ""method"": ""setBorderColor""}"
108253,reflection,Method.invoke,"{""class"": ""com.facebook.react.uimanager.BaseViewManager"", ""method"": ""setOpacity""}"
108260,reflection,Method.invoke,"{""class"": ""com.facebook.react.uimanager.BaseViewManager"", ""method"": ""setTransform""}"
108267,reflection,Method.invoke,"{""class"": ""com.facebook.react.uimanager.BaseViewManager"", ""method"": ""setTransform""}"
108275,reflection,Method.invoke,"{""class"": ""com.facebook.react.uimanager.BaseViewManager"", ""method"": ""setOpacity""}"
108284,reflection,Method.invoke,"{""class"": ""com.facebook.react.views.view.ReactViewManager"", ""method"": ""setBorderColor""}"
110030,reflection,Method.invoke,"{""class"": ""com.facebook.react.uimanager.BaseViewManager"", ""method"": ""setOpacity""}"
110037,reflection,Method.invoke,"{""class"": ""com.facebook.react.uimanager.BaseViewManager"", ""method"": ""setTransform""}"
110047,reflection,Method.invoke,"{""class"": ""com.facebook.react.uimanager.BaseViewManager"", ""method"": ""setTransform""}"
110058,reflection,Method.invoke,"{""class"": ""com.facebook.react.uimanager.BaseViewManager"", ""method"": ""setOpacity""}"
110064,reflection,Method.invoke,"{""class"": ""com.facebook.react.views.view.ReactViewManager"", ""method"": ""setBorderColor""}"
110078,reflection,Method.invoke,"{""class"": ""com.facebook.react.uimanager.BaseViewManager"", ""method"": ""setOpacity""}"
110088,reflection,Method.invoke,"{""class"": ""com.facebook.react.uimanager.BaseViewManager"", ""method"": ""setOpacity""}"
110097,reflection,Method.invoke,"{""class"": ""com.facebook.react.uimanager.BaseViewManager"", ""method"": ""setTransform""}"
110107,reflection,Method.invoke,"{""class"": ""com.facebook.react.uimanager.BaseViewManager"", ""method"": ""setTransform""}"
110114,reflection,Method.invoke,"{""class"": ""com.facebook.react.uimanager.BaseViewManager"", ""method"": ""setOpacity""}"
110123,reflection,Method.invoke,"{""class"": ""com.facebook.react.views.view.ReactViewManager"", ""method"": ""setBorderColor""}"
110137,reflection,Method.invoke,"{""class"": ""com.facebook.react.uimanager.BaseViewManager"", ""method"": ""setOpacity""}"
110154,reflection,Method.invoke,"{""class"": ""com.facebook.react.uimanager.BaseViewManager"", ""method"": ""setOpacity""}"
110164,reflection,Method.invoke,"{""class"": ""com.facebook.react.uimanager.BaseViewManager"", ""method"": ""setTransform""}"
110173,reflection,Method.invoke,"{""class"": ""com.facebook.react.uimanager.BaseViewManager"", ""method"": ""setTransform""}"
110183,reflection,Method.invoke,"{""class"": ""com.facebook.react.uimanager.BaseViewManager"", ""method"": ""setOpacity""}"
110192,reflection,Method.invoke,"{""class"": ""com.facebook.react.views.view.ReactViewManager"", ""method"": ""setBorderColor""}"
110210,reflection,Method.invoke,"{""class"": ""com.facebook.react.uimanager.BaseViewManager"", ""method"": ""setOpacity""}"
110225,reflection,Method.invoke,"{""class"": ""com.facebook.react.uimanager.BaseViewManager"", ""method"": ""setOpacity""}"
110232,reflection,Method.invoke,"{""class"": ""com.facebook.react.uimanager.BaseViewManager"", ""method"": ""setTransform""}"
110242,reflection,Method.invoke,"{""class"": ""com.facebook.react.uimanager.BaseViewManager"", ""method"": ""setTransform""}"
110251,reflection,Method.invoke,"{""class"": ""com.facebook.react.uimanager.BaseViewManager"", ""method"": ""setOpacity""}"
110257,reflection,Method.invoke,"{""class"": ""com.facebook.react.views.view.ReactViewManager"", ""method"": ""setBorderColor""}"
110274,reflection,Method.invoke,"{""class"": ""com.facebook.react.uimanager.BaseViewManager"", ""method"": ""setOpacity""}"
110289,reflection,Method.invoke,"{""class"": ""com.facebook.react.uimanager.BaseViewManager"", ""method"": ""setOpacity""}"
110296,reflection,Method.invoke,"{""class"": ""com.facebook.react.uimanager.BaseViewManager"", ""method"": ""setTransform""}"
110306,reflection,Method.invoke,"{""class"": ""com.facebook.react.uimanager.BaseViewManager"", ""method"": ""setTransform""}"
110315,reflection,Method.invoke,"{""class"": ""com.facebook.react.uimanager.BaseViewManager"", ""method"": ""setOpacity""}"
110323,reflection,Method.invoke,"{""class"": ""com.facebook.react.views.view.ReactViewManager"", ""method"": ""setBorderColor""}"
110342,reflection,Method.invoke,"{""class"": ""com.facebook.react.uimanager.BaseViewManager"", ""method"": ""setOpacity""}"
110360,reflection,Method.invoke,"{""class"": ""com.facebook.react.uimanager.BaseViewManager"", ""method"": ""setOpacity""}"
110370,reflection,Method.invoke,"{""class"": ""com.facebook.react.uimanager.BaseViewManager"", ""method"": ""setTransform""}"
110381,reflection,Method.invoke,"{""class"": ""com.facebook.react.uimanager.BaseViewManager"", ""method"": ""setTransform""}"
110389,reflection,Method.invoke,"{""class"": ""com.facebook.react.uimanager.BaseViewManager"", ""method"": ""setOpacity""}"
110397,reflection,Method.invoke,"{""class"": ""com.facebook.react.views.view.ReactViewManager"", ""method"": ""setBorderColor""}"
110424,reflection,Method.invoke,"{""class"": ""com.facebook.react.uimanager.BaseViewManager"", ""method"": ""setOpacity""}"
110433,reflection,Method.invoke,"{""class"": ""com.facebook.react.uimanager.BaseViewManager"", ""method"": ""setTransform""}"
110442,reflection,Method.invoke,"{""class"": ""com.facebook.react.uimanager.BaseViewManager"", ""method"": ""setTransform""}"
110449,reflection,Method.invoke,"{""class"": ""com.facebook.react.uimanager.BaseViewManager"", ""method"": ""setOpacity""}"
110458,reflection,Method.invoke,"{""class"": ""com.facebook.react.views.view.ReactViewManager"", ""method"": ""setBorderColor""}"
110480,reflection,Method.invoke,"{""class"": ""com.facebook.react.uimanager.BaseViewManager"", ""method"": ""setOpacity""}"
110490,reflection,Method.invoke,"{""class"": ""com.facebook.react.uimanager.BaseViewManager"", ""method"": ""setTransform""}"
110497,reflection,Method.invoke,"{""class"": ""com.facebook.react.uimanager.BaseViewManager"", ""method"": ""setTransform""}"
110505,reflection,Method.invoke,"{""class"": ""com.facebook.react.uimanager.BaseViewManager"", ""method"": ""setOpacity""}"
110514,reflection,Method.invoke,"{""class"": ""com.facebook.react.views.view.ReactViewManager"", ""method"": ""setBorderColor""}"
110536,reflection,Method.invoke,"{""class"": ""com.facebook.react.uimanager.BaseViewManager"", ""method"": ""setOpacity""}"
110544,reflection,Method.invoke,"{""class"": ""com.facebook.react.uimanager.BaseViewManager"", ""method"": ""setTransform""}"
110551,reflection,Method.invoke,"{""class"": ""com.facebook.react.uimanager.BaseViewManager"", ""method"": ""setTransform""}"
110559,reflection,Method.invoke,"{""class"": ""com.facebook.react.uimanager.BaseViewManager"", ""method"": ""setOpacity""}"
110567,reflection,Method.invoke,"{""class"": ""com.facebook.react.views.view.ReactViewManager"", ""method"": ""setBorderColor""}"
110593,reflection,Method.invoke,"{""class"": ""com.facebook.react.uimanager.BaseViewManager"", ""method"": ""setOpacity""}"
110602,reflection,Method.invoke,"{""class"": ""com.facebook.react.uimanager.BaseViewManager"", ""method"": ""setTransform""}"
110610,reflection,Method.invoke,"{""class"": ""com.facebook.react.uimanager.BaseViewManager"", ""method"": ""setTransform""}"
110617,reflection,Method.invoke,"{""class"": ""com.facebook.react.uimanager.BaseViewManager"", ""method"": ""setOpacity""}"
110632,reflection,Method.invoke,"{""class"": ""com.facebook.react.views.view.ReactViewManager"", ""method"": ""setBorderColor""}"
110652,reflection,Method.invoke,"{""class"": ""com.facebook.react.uimanager.BaseViewManager"", ""method"": ""setOpacity""}"
110660,reflection,Method.invoke,"{""class"": ""com.facebook.react.uimanager.BaseViewManager"", ""method"": ""setTransform""}"
110666,reflection,Method.invoke,"{""class"": ""com.facebook.react.uimanager.BaseViewManager"", ""method"": ""setTransform""}"
110674,reflection,Method.invoke,"{""class"": ""com.facebook.react.uimanager.BaseViewManager"", ""method"": ""setOpacity""}"
110681,reflection,Method.invoke,"{""class"": ""com.facebook.react.views.view.ReactViewManager"", ""method"": ""setBorderColor""}"
110704,reflection,Method.invoke,"{""class"": ""com.facebook.react.uimanager.BaseViewManager"", ""method"": ""setOpacity""}"
110711,reflection,Method.invoke,"{""class"": ""com.facebook.react.uimanager.BaseViewManager"", ""method"": ""setTransform""}"
110721,reflection,Method.invoke,"{""class"": ""com.facebook.react.uimanager.BaseViewManager"", ""method"": ""setTransform""}"
110730,reflection,Method.invoke,"{""class"": ""com.facebook.react.uimanager.BaseViewManager"", ""method"": ""setOpacity""}"
110740,reflection,Method.invoke,"{""class"": ""com.facebook.react.views.view.ReactViewManager"", ""method"": ""setBorderColor""}"
110760,reflection,Method.invoke,"{""class"": ""com.facebook.react.uimanager.BaseViewManager"", ""method"": ""setOpacity""}"
110773,reflection,Method.invoke,"{""class"": ""com.facebook.react.uimanager.BaseViewManager"", ""method"": ""setTransform""}"
110780,reflection,Method.invoke,"{""class"": ""com.facebook.react.uimanager.BaseViewManager"", ""method"": ""setTransform""}"
110788,reflection,Method.invoke,"{""class"": ""com.facebook.react.uimanager.BaseViewManager"", ""method"": ""setOpacity""}"
110796,reflection,Method.invoke,"{""class"": ""com.facebook.react.views.view.ReactViewManager"", ""method"": ""setBorderColor""}"
110817,reflection,Method.invoke,"{""class"": ""com.facebook.react.uimanager.BaseViewManager"", ""method"": ""setOpacity""}"
110825,reflection,Method.invoke,"{""class"": ""com.facebook.react.uimanager.BaseViewManager"", ""method"": ""setTransform""}"
110835,reflection,Method.invoke,"{""class"": ""com.facebook.react.uimanager.BaseViewManager"", ""method"": ""setTransform""}"
110843,reflection,Method.invoke,"{""class"": ""com.facebook.react.uimanager.BaseViewManager"", ""method"": ""setOpacity""}"
110852,reflection,Method.invoke,"{""class"": ""com.facebook.react.views.view.ReactViewManager"", ""method"": ""setBorderColor""}"
110874,reflection,Method.invoke,"{""class"": ""com.facebook.react.uimanager.BaseViewManager"", ""method"": ""setOpacity""}"
110881,reflection,Method.invoke,"{""class"": ""com.facebook.react.uimanager.BaseViewManager"", ""method"": ""setTransform""}"
110890,reflection,Method.invoke,"{""class"": ""com.facebook.react.uimanager.BaseViewManager"", ""method"": ""setTransform""}"
110898,reflection,Method.invoke,"{""class"": ""com.facebook.react.uimanager.BaseViewManager"", ""method"": ""setOpacity""}"
110906,reflection,Method.invoke,"{""class"": ""com.facebook.react.views.view.ReactViewManager"", ""method"": ""setBorderColor""}"
110926,reflection,Method.invoke,"{""class"": ""com.facebook.react.uimanager.BaseViewManager"", ""method"": ""setOpacity""}"
110938,reflection,Method.invoke,"{""class"": ""com.facebook.react.uimanager.BaseViewManager"", ""method"": ""setTransform""}"
110948,reflection,Method.invoke,"{""class"": ""com.facebook.react.uimanager.BaseViewManager"", ""method"": ""setTransform""}"
110957,reflection,Method.invoke,"{""class"": ""com.facebook.react.uimanager.BaseViewManager"", ""method"": ""setOpacity""}"
110965,reflection,Method.invoke,"{""class"": ""com.facebook.react.views.view.ReactViewManager"", ""method"": ""setBorderColor""}"
110988,reflection,Method.invoke,"{""class"": ""com.facebook.react.uimanager.BaseViewManager"", ""method"": ""setOpacity""}"
110996,reflection,Method.invoke,"{""class"": ""com.facebook.react.uimanager.BaseViewManager"", ""method"": ""setTransform""}"
111009,reflection,Method.invoke,"{""class"": ""com.facebook.react.uimanager.BaseViewManager"", ""method"": ""setTransform""}"
111016,reflection,Method.invoke,"{""class"": ""com.facebook.react.uimanager.BaseViewManager"", ""method"": ""setOpacity""}"
111027,reflection,Method.invoke,"{""class"": ""com.facebook.react.views.view.ReactViewManager"", ""method"": ""setBorderColor""}"
111050,reflection,Method.invoke,"{""class"": ""com.facebook.react.uimanager.BaseViewManager"", ""method"": ""setOpacity""}"
111058,reflection,Method.invoke,"{""class"": ""com.facebook.react.uimanager.BaseViewManager"", ""method"": ""setTransform""}"
111066,reflection,Method.invoke,"{""class"": ""com.facebook.react.uimanager.BaseViewManager"", ""method"": ""setTransform""}"
111075,reflection,Method.invoke,"{""class"": ""com.facebook.react.uimanager.BaseViewManager"", ""method"": ""setOpacity""}"
111085,reflection,Method.invoke,"{""class"": ""com.facebook.react.views.view.ReactViewManager"", ""method"": ""setBorderColor""}"
111106,reflection,Method.invoke,"{""class"": ""com.facebook.react.uimanager.BaseViewManager"", ""method"": ""setOpacity""}"
111114,reflection,Method.invoke,"{""class"": ""com.facebook.react.uimanager.BaseViewManager"", ""method"": ""setTransform""}"
111123,reflection,Method.invoke,"{""class"": ""com.facebook.react.uimanager.BaseViewManager"", ""method"": ""setTransform""}"
111130,reflection,Method.invoke,"{""class"": ""com.facebook.react.uimanager.BaseViewManager"", ""method"": ""setOpacity""}"
111139,reflection,Method.invoke,"{""class"": ""com.facebook.react.views.view.ReactViewManager"", ""method"": ""setBorderColor""}"
111158,reflection,Method.invoke,"{""class"": ""com.facebook.react.uimanager.BaseViewManager"", ""method"": ""setOpacity""}"
111172,reflection,Method.invoke,"{""class"": ""com.facebook.react.uimanager.BaseViewManager"", ""method"": ""setTransform""}"
111180,reflection,Method.invoke,"{""class"": ""com.facebook.react.uimanager.BaseViewManager"", ""method"": ""setTransform""}"
111188,reflection,Method.invoke,"{""class"": ""com.facebook.react.uimanager.BaseViewManager"", ""method"": ""setOpacity""}"
111197,reflection,Method.invoke,"{""class"": ""com.facebook.react.views.view.ReactViewManager"", ""method"": ""setBorderColor""}"
111219,reflection,Method.invoke,"{""class"": ""com.facebook.react.uimanager.BaseViewManager"", ""method"": ""setOpacity""}"
111227,reflection,Method.invoke,"{""class"": ""com.facebook.react.uimanager.BaseViewManager"", ""method"": ""setTransform""}"
111235,reflection,Method.invoke,"{""class"": ""com.facebook.react.uimanager.BaseViewManager"", ""method"": ""setTransform""}"
111245,reflection,Method.invoke,"{""class"": ""com.facebook.react.uimanager.BaseViewManager"", ""method"": ""setOpacity""}"
111254,reflection,Method.invoke,"{""class"": ""com.facebook.react.views.view.ReactViewManager"", ""method"": ""setBorderColor""}"
111273,reflection,Method.invoke,"{""class"": ""com.facebook.react.uimanager.BaseViewManager"", ""method"": ""setOpacity""}"
111284,reflection,Method.invoke,"{""class"": ""com.facebook.react.uimanager.BaseViewManager"", ""method"": ""setTransform""}"
111291,reflection,Method.invoke,"{""class"": ""com.facebook.react.uimanager.BaseViewManager"", ""method"": ""setTransform""}"
111302,reflection,Method.invoke,"{""class"": ""com.facebook.react.uimanager.BaseViewManager"", ""method"": ""setOpacity""}"
111311,reflection,Method.invoke,"{""class"": ""com.facebook.react.views.view.ReactViewManager"", ""method"": ""setBorderColor""}"
111333,reflection,Method.invoke,"{""class"": ""com.facebook.react.uimanager.BaseViewManager"", ""method"": ""setOpacity""}"
111344,reflection,Method.invoke,"{""class"": ""com.facebook.react.uimanager.BaseViewManager"", ""method"": ""setTransform""}"
111353,reflection,Method.invoke,"{""class"": ""com.facebook.react.uimanager.BaseViewManager"", ""method"": ""setTransform""}"
111367,reflection,Method.invoke,"{""class"": ""com.facebook.react.uimanager.BaseViewManager"", ""method"": ""setOpacity""}"
111377,reflection,Method.invoke,"{""class"": ""com.facebook.react.views.view.ReactViewManager"", ""method"": ""setBorderColor""}"
111400,reflection,Method.invoke,"{""class"": ""com.facebook.react.uimanager.BaseViewManager"", ""method"": ""setOpacity""}"
111407,reflection,Method.invoke,"{""class"": ""com.facebook.react.uimanager.BaseViewManager"", ""method"": ""setTransform""}"
111416,reflection,Method.invoke,"{""class"": ""com.facebook.react.uimanager.BaseViewManager"", ""method"": ""setTransform""}"
111424,reflection,Method.invoke,"{""class"": ""com.facebook.react.uimanager.BaseViewManager"", ""method"": ""setOpacity""}"
111432,reflection,Method.invoke,"{""class"": ""com.facebook.react.views.view.ReactViewManager"", ""method"": ""setBorderColor""}"
111456,reflection,Method.invoke,"{""class"": ""com.facebook.react.uimanager.BaseViewManager"", ""method"": ""setOpacity""}"
111465,reflection,Method.invoke,"{""class"": ""com.facebook.react.uimanager.BaseViewManager"", ""method"": ""setTransform""}"
111475,reflection,Method.invoke,"{""class"": ""com.facebook.react.uimanager.BaseViewManager"", ""method"": ""setTransform""}"
111483,reflection,Method.invoke,"{""class"": ""com.facebook.react.uimanager.BaseViewManager"", ""method"": ""setOpacity""}"
111491,reflection,Method.invoke,"{""class"": ""com.facebook.react.views.view.ReactViewManager"", ""method"": ""setBorderColor""}"
111509,reflection,Method.invoke,"{""class"": ""com.facebook.react.uimanager.BaseViewManager"", ""method"": ""setOpacity""}"
111519,reflection,Method.invoke,"{""class"": ""com.facebook.react.uimanager.BaseViewManager"", ""method"": ""setTransform""}"
111528,reflection,Method.invoke,"{""class"": ""com.facebook.react.uimanager.BaseViewManager"", ""method"": ""setTransform""}"
111536,reflection,Method.invoke,"{""class"": ""com.facebook.react.uimanager.BaseViewManager"", ""method"": ""setOpacity""}"
111544,reflection,Method.invoke,"{""class"": ""com.facebook.react.views.view.ReactViewManager"", ""method"": ""setBorderColor""}"
111568,reflection,Method.invoke,"{""class"": ""com.facebook.react.uimanager.BaseViewManager"", ""method"": ""setOpacity""}"
111575,reflection,Method.invoke,"{""class"": ""com.facebook.react.uimanager.BaseViewManager"", ""method"": ""setTransform""}"
111584,reflection,Method.invoke,"{""class"": ""com.facebook.react.uimanager.BaseViewManager"", ""method"": ""setTransform""}"
111593,reflection,Method.invoke,"{""class"": ""com.facebook.react.uimanager.BaseViewManager"", ""method"": ""setOpacity""}"
111601,reflection,Method.invoke,"{""class"": ""com.facebook.react.views.view.ReactViewManager"", ""method"": ""setBorderColor""}"
111624,reflection,Method.invoke,"{""class"": ""com.facebook.react.uimanager.BaseViewManager"", ""method"": ""setOpacity""}"
111634,reflection,Method.invoke,"{""class"": ""com.facebook.react.uimanager.BaseViewManager"", ""method"": ""setTransform""}"
111643,reflection,Method.invoke,"{""class"": ""com.facebook.react.uimanager.BaseViewManager"", ""method"": ""setTransform""}"
111652,reflection,Method.invoke,"{""class"": ""com.facebook.react.uimanager.BaseViewManager"", ""method"": ""setOpacity""}"
111660,reflection,Method.invoke,"{""class"": ""com.facebook.react.views.view.ReactViewManager"", ""method"": ""setBorderColor""}"
114612,reflection,Method.invoke,"{""class"": ""com.facebook.react.uimanager.BaseViewManager"", ""method"": ""setOpacity""}"
114622,reflection,Method.invoke,"{""class"": ""com.facebook.react.uimanager.BaseViewManager"", ""method"": ""setTransform""}"
114630,reflection,Method.invoke,"{""class"": ""com.facebook.react.uimanager.BaseViewManager"", ""method"": ""setTransform""}"
114638,reflection,Method.invoke,"{""class"": ""com.facebook.react.uimanager.BaseViewManager"", ""method"": ""setOpacity""}"
114647,reflection,Method.invoke,"{""class"": ""com.facebook.react.views.view.ReactViewManager"", ""method"": ""setBorderColor""}"
114656,reflection,Method.invoke,"{""class"": ""com.facebook.react.uimanager.BaseViewManager"", ""method"": ""setOpacity""}"
114669,reflection,Method.invoke,"{""class"": ""com.facebook.react.uimanager.BaseViewManager"", ""method"": ""setOpacity""}"
114677,reflection,Method.invoke,"{""class"": ""com.facebook.react.uimanager.BaseViewManager"", ""method"": ""setTransform""}"
114685,reflection,Method.invoke,"{""class"": ""com.facebook.react.uimanager.BaseViewManager"", ""method"": ""setTransform""}"
114693,reflection,Method.invoke,"{""class"": ""com.facebook.react.uimanager.BaseViewManager"", ""method"": ""setOpacity""}"
114702,reflection,Method.invoke,"{""class"": ""com.facebook.react.views.view.ReactViewManager"", ""method"": ""setBorderColor""}"
114719,reflection,Method.invoke,"{""class"": ""com.facebook.react.uimanager.BaseViewManager"", ""method"": ""setOpacity""}"
114738,reflection,Method.invoke,"{""class"": ""com.facebook.react.uimanager.BaseViewManager"", ""method"": ""setOpacity""}"
114750,reflection,Method.invoke,"{""class"": ""com.facebook.react.uimanager.BaseViewManager"", ""method"": ""setTransform""}"
114760,reflection,Method.invoke,"{""class"": ""com.facebook.react.uimanager.BaseViewManager"", ""method"": ""setTransform""}"
114773,reflection,Method.invoke,"{""class"": ""com.facebook.react.uimanager.BaseViewManager"", ""method"": ""setOpacity""}"
114785,reflection,Method.invoke,"{""class"": ""com.facebook.react.views.view.ReactViewManager"", ""method"": ""setBorderColor""}"
114802,reflection,Method.invoke,"{""class"": ""com.facebook.react.uimanager.BaseViewManager"", ""method"": ""setOpacity""}"
114817,reflection,Method.invoke,"{""class"": ""com.facebook.react.uimanager.BaseViewManager"", ""method"": ""setOpacity""}"
114826,reflection,Method.invoke,"{""class"": ""com.facebook.react.uimanager.BaseViewManager"", ""method"": ""setTransform""}"
114833,reflection,Method.invoke,"{""class"": ""com.facebook.react.uimanager.BaseViewManager"", ""method"": ""setTransform""}"
114844,reflection,Method.invoke,"{""class"": ""com.facebook.react.uimanager.BaseViewManager"", ""method"": ""setOpacity""}"
114852,reflection,Method.invoke,"{""class"": ""com.facebook.react.views.view.ReactViewManager"", ""method"": ""setBorderColor""}"
114869,reflection,Method.invoke,"{""class"": ""com.facebook.react.uimanager.BaseViewManager"", ""method"": ""setOpacity""}"
114885,reflection,Method.invoke,"{""class"": ""com.facebook.react.uimanager.BaseViewManager"", ""method"": ""setOpacity""}"
114892,reflection,Method.invoke,"{""class"": ""com.facebook.react.uimanager.BaseViewManager"", ""method"": ""setTransform""}"
114900,reflection,Method.invoke,"{""class"": ""com.facebook.react.uimanager.BaseViewManager"", ""method"": ""setTransform""}"
114909,reflection,Method.invoke,"{""class"": ""com.facebook.react.uimanager.BaseViewManager"", ""method"": ""setOpacity""}"
114919,reflection,Method.invoke,"{""class"": ""com.facebook.react.views.view.ReactViewManager"", ""method"": ""setBorderColor""}"
114936,reflection,Method.invoke,"{""class"": ""com.facebook.react.uimanager.BaseViewManager"", ""method"": ""setOpacity""}"
114953,reflection,Method.invoke,"{""class"": ""com.facebook.react.uimanager.BaseViewManager"", ""method"": ""setOpacity""}"
114962,reflection,Method.invoke,"{""class"": ""com.facebook.react.uimanager.BaseViewManager"", ""method"": ""setTransform""}"
114970,reflection,Method.invoke,"{""class"": ""com.facebook.react.uimanager.BaseViewManager"", ""method"": ""setTransform""}"
114979,reflection,Method.invoke,"{""class"": ""com.facebook.react.uimanager.BaseViewManager"", ""method"": ""setOpacity""}"
114988,reflection,Method.invoke,"{""class"": ""com.facebook.react.views.view.ReactViewManager"", ""method"": ""setBorderColor""}"
115008,reflection,Method.invoke,"{""class"": ""com.facebook.react.uimanager.BaseViewManager"", ""method"": ""setOpacity""}"
115018,reflection,Method.invoke,"{""class"": ""com.facebook.react.uimanager.BaseViewManager"", ""method"": ""setTransform""}"
115026,reflection,Method.invoke,"{""class"": ""com.facebook.react.uimanager.BaseViewManager"", ""method"": ""setTransform""}"
115034,reflection,Method.invoke,"{""class"": ""com.facebook.react.uimanager.BaseViewManager"", ""method"": ""setOpacity""}"
115042,reflection,Method.invoke,"{""class"": ""com.facebook.react.views.view.ReactViewManager"", ""method"": ""setBorderColor""}"
115070,reflection,Method.invoke,"{""class"": ""com.facebook.react.uimanager.BaseViewManager"", ""method"": ""setOpacity""}"
115080,reflection,Method.invoke,"{""class"": ""com.facebook.react.uimanager.BaseViewManager"", ""method"": ""setTransform""}"
115088,reflection,Method.invoke,"{""class"": ""com.facebook.react.uimanager.BaseViewManager"", ""method"": ""setTransform""}"
115102,reflection,Method.invoke,"{""class"": ""com.facebook.react.uimanager.BaseViewManager"", ""method"": ""setOpacity""}"
115110,reflection,Method.invoke,"{""class"": ""com.facebook.react.views.view.ReactViewManager"", ""method"": ""setBorderColor""}"
115134,reflection,Method.invoke,"{""class"": ""com.facebook.react.uimanager.BaseViewManager"", ""method"": ""setOpacity""}"
115142,reflection,Method.invoke,"{""class"": ""com.facebook.react.uimanager.BaseViewManager"", ""method"": ""setTransform""}"
115151,reflection,Method.invoke,"{""class"": ""com.facebook.react.uimanager.BaseViewManager"", ""method"": ""setTransform""}"
115158,reflection,Method.invoke,"{""class"": ""com.facebook.react.uimanager.BaseViewManager"", ""method"": ""setOpacity""}"
115167,reflection,Method.invoke,"{""class"": ""com.facebook.react.views.view.ReactViewManager"", ""method"": ""setBorderColor""}"
115187,reflection,Method.invoke,"{""class"": ""com.facebook.react.uimanager.BaseViewManager"", ""method"": ""setOpacity""}"
115200,reflection,Method.invoke,"{""class"": ""com.facebook.react.uimanager.BaseViewManager"", ""method"": ""setTransform""}"
115210,reflection,Method.invoke,"{""class"": ""com.facebook.react.uimanager.BaseViewManager"", ""method"": ""setTransform""}"
115219,reflection,Method.invoke,"{""class"": ""com.facebook.react.uimanager.BaseViewManager"", ""method"": ""setOpacity""}"
115226,reflection,Method.invoke,"{""class"": ""com.facebook.react.views.view.ReactViewManager"", ""method"": ""setBorderColor""}"
115249,reflection,Method.invoke,"{""class"": ""com.facebook.react.uimanager.BaseViewManager"", ""method"": ""setOpacity""}"
115258,reflection,Method.invoke,"{""class"": ""com.facebook.react.uimanager.BaseViewManager"", ""method"": ""setTransform""}"
115265,reflection,Method.invoke,"{""class"": ""com.facebook.react.uimanager.BaseViewManager"", ""method"": ""setTransform""}"
115273,reflection,Method.invoke,"{""class"": ""com.facebook.react.uimanager.BaseViewManager"", ""method"": ""setOpacity""}"
115280,reflection,Method.invoke,"{""class"": ""com.facebook.react.views.view.ReactViewManager"", ""method"": ""setBorderColor""}"
115305,reflection,Method.invoke,"{""class"": ""com.facebook.react.uimanager.BaseViewManager"", ""method"": ""setOpacity""}"
115318,reflection,Method.invoke,"{""class"": ""com.facebook.react.uimanager.BaseViewManager"", ""method"": ""setTransform""}"
115328,reflection,Method.invoke,"{""class"": ""com.facebook.react.uimanager.BaseViewManager"", ""method"": ""setTransform""}"
115338,reflection,Method.invoke,"{""class"": ""com.facebook.react.uimanager.BaseViewManager"", ""method"": ""setOpacity""}"
115346,reflection,Method.invoke,"{""class"": ""com.facebook.react.views.view.ReactViewManager"", ""method"": ""setBorderColor""}"
115372,reflection,Method.invoke,"{""class"": ""com.facebook.react.uimanager.BaseViewManager"", ""method"": ""setOpacity""}"
115381,reflection,Method.invoke,"{""class"": ""com.facebook.react.uimanager.BaseViewManager"", ""method"": ""setTransform""}"
115390,reflection,Method.invoke,"{""class"": ""com.facebook.react.uimanager.BaseViewManager"", ""method"": ""setTransform""}"
115397,reflection,Method.invoke,"{""class"": ""com.facebook.react.uimanager.BaseViewManager"", ""method"": ""setOpacity""}"
115406,reflection,Method.invoke,"{""class"": ""com.facebook.react.views.view.ReactViewManager"", ""method"": ""setBorderColor""}"
115426,reflection,Method.invoke,"{""class"": ""com.facebook.react.uimanager.BaseViewManager"", ""method"": ""setOpacity""}"
115438,reflection,Method.invoke,"{""class"": ""com.facebook.react.uimanager.BaseViewManager"", ""method"": ""setTransform""}"
115447,reflection,Method.invoke,"{""class"": ""com.facebook.react.uimanager.BaseViewManager"", ""method"": ""setTransform""}"
115457,reflection,Method.invoke,"{""class"": ""com.facebook.react.uimanager.BaseViewManager"", ""method"": ""setOpacity""}"
115464,reflection,Method.invoke,"{""class"": ""com.facebook.react.views.view.ReactViewManager"", ""method"": ""setBorderColor""}"
115486,reflection,Method.invoke,"{""class"": ""com.facebook.react.uimanager.BaseViewManager"", ""method"": ""setOpacity""}"
115496,reflection,Method.invoke,"{""class"": ""com.facebook.react.uimanager.BaseViewManager"", ""method"": ""setTransform""}"
115503,reflection,Method.invoke,"{""class"": ""com.facebook.react.uimanager.BaseViewManager"", ""method"": ""setTransform""}"
115512,reflection,Method.invoke,"{""class"": ""com.facebook.react.uimanager.BaseViewManager"", ""method"": ""setOpacity""}"
115522,reflection,Method.invoke,"{""class"": ""com.facebook.react.views.view.ReactViewManager"", ""method"": ""setBorderColor""}"
115542,reflection,Method.invoke,"{""class"": ""com.facebook.react.uimanager.BaseViewManager"", ""method"": ""setOpacity""}"
115553,reflection,Method.invoke,"{""class"": ""com.facebook.react.uimanager.BaseViewManager"", ""method"": ""setTransform""}"
115562,reflection,Method.invoke,"{""class"": ""com.facebook.react.uimanager.BaseViewManager"", ""method"": ""setTransform""}"
115568,reflection,Method.invoke,"{""class"": ""com.facebook.react.uimanager.BaseViewManager"", ""method"": ""setOpacity""}"
115579,reflection,Method.invoke,"{""class"": ""com.facebook.react.views.view.ReactViewManager"", ""method"": ""setBorderColor""}"
115602,reflection,Method.invoke,"{""class"": ""com.facebook.react.uimanager.BaseViewManager"", ""method"": ""setOpacity""}"
115611,reflection,Method.invoke,"{""class"": ""com.facebook.react.uimanager.BaseViewManager"", ""method"": ""setTransform""}"
115618,reflection,Method.invoke,"{""class"": ""com.facebook.react.uimanager.BaseViewManager"", ""method"": ""setTransform""}"
115627,reflection,Method.invoke,"{""class"": ""com.facebook.react.uimanager.BaseViewManager"", ""method"": ""setOpacity""}"
115635,reflection,Method.invoke,"{""class"": ""com.facebook.react.views.view.ReactViewManager"", ""method"": ""setBorderColor""}"
115656,reflection,Method.invoke,"{""class"": ""com.facebook.react.uimanager.BaseViewManager"", ""method"": ""setOpacity""}"
115668,reflection,Method.invoke,"{""class"": ""com.facebook.react.uimanager.BaseViewManager"", ""method"": ""setTransform""}"
115677,reflection,Method.invoke,"{""class"": ""com.facebook.react.uimanager.BaseViewManager"", ""method"": ""setTransform""}"
115684,reflection,Method.invoke,"{""class"": ""com.facebook.react.uimanager.BaseViewManager"", ""method"": ""setOpacity""}"
115693,reflection,Method.invoke,"{""class"": ""com.facebook.react.views.view.ReactViewManager"", ""method"": ""setBorderColor""}"
115716,reflection,Method.invoke,"{""class"": ""com.facebook.react.uimanager.BaseViewManager"", ""method"": ""setOpacity""}"
115725,reflection,Method.invoke,"{""class"": ""com.facebook.react.uimanager.BaseViewManager"", ""method"": ""setTransform""}"
115735,reflection,Method.invoke,"{""class"": ""com.facebook.react.uimanager.BaseViewManager"", ""method"": ""setTransform""}"
115744,reflection,Method.invoke,"{""class"": ""com.facebook.react.uimanager.BaseViewManager"", ""method"": ""setOpacity""}"
115752,reflection,Method.invoke,"{""class"": ""com.facebook.react.views.view.ReactViewManager"", ""method"": ""setBorderColor""}"
115772,reflection,Method.invoke,"{""class"": ""com.facebook.react.uimanager.BaseViewManager"", ""method"": ""setOpacity""}"
115782,reflection,Method.invoke,"{""class"": ""com.facebook.react.uimanager.BaseViewManager"", ""method"": ""setTransform""}"
115791,reflection,Method.invoke,"{""class"": ""com.facebook.react.uimanager.BaseViewManager"", ""method"": ""setTransform""}"
115800,reflection,Method.invoke,"{""class"": ""com.facebook.react.uimanager.BaseViewManager"", ""method"": ""setOpacity""}"
115809,reflection,Method.invoke,"{""class"": ""com.facebook.react.views.view.ReactViewManager"", ""method"": ""setBorderColor""}"
115831,reflection,Method.invoke,"{""class"": ""com.facebook.react.uimanager.BaseViewManager"", ""method"": ""setOpacity""}"
115840,reflection,Method.invoke,"{""class"": ""com.facebook.react.uimanager.BaseViewManager"", ""method"": ""setTransform""}"
115849,reflection,Method.invoke,"{""class"": ""com.facebook.react.uimanager.BaseViewManager"", ""method"": ""setTransform""}"
115863,reflection,Method.invoke,"{""class"": ""com.facebook.react.uimanager.BaseViewManager"", ""method"": ""setOpacity""}"
115874,reflection,Method.invoke,"{""class"": ""com.facebook.react.views.view.ReactViewManager"", ""method"": ""setBorderColor""}"
115895,reflection,Method.invoke,"{""class"": ""com.facebook.react.uimanager.BaseViewManager"", ""method"": ""setOpacity""}"
115907,reflection,Method.invoke,"{""class"": ""com.facebook.react.uimanager.BaseViewManager"", ""method"": ""setTransform""}"
115915,reflection,Method.invoke,"{""class"": ""com.facebook.react.uimanager.BaseViewManager"", ""method"": ""setTransform""}"
115922,reflection,Method.invoke,"{""class"": ""com.facebook.react.uimanager.BaseViewManager"", ""method"": ""setOpacity""}"
115937,reflection,Method.invoke,"{""class"": ""com.facebook.react.views.view.ReactViewManager"", ""method"": ""setBorderColor""}"
115958,reflection,Method.invoke,"{""class"": ""com.facebook.react.uimanager.BaseViewManager"", ""method"": ""setOpacity""}"
115969,reflection,Method.invoke,"{""class"": ""com.facebook.react.uimanager.BaseViewManager"", ""method"": ""setTransform""}"
115977,reflection,Method.invoke,"{""class"": ""com.facebook.react.uimanager.BaseViewManager"", ""method"": ""setTransform""}"
115984,reflection,Method.invoke,"{""class"": ""com.facebook.react.uimanager.BaseViewManager"", ""method"": ""setOpacity""}"
115992,reflection,Method.invoke,"{""class"": ""com.facebook.react.views.view.ReactViewManager"", ""method"": ""setBorderColor""}"
116020,reflection,Method.invoke,"{""class"": ""com.facebook.react.uimanager.BaseViewManager"", ""method"": ""setOpacity""}"
116028,reflection,Method.invoke,"{""class"": ""com.facebook.react.uimanager.BaseViewManager"", ""method"": ""setTransform""}"
116036,reflection,Method.invoke,"{""class"": ""com.facebook.react.uimanager.BaseViewManager"", ""method"": ""setTransform""}"
116045,reflection,Method.invoke,"{""class"": ""com.facebook.react.uimanager.BaseViewManager"", ""method"": ""setOpacity""}"
116053,reflection,Method.invoke,"{""class"": ""com.facebook.react.views.view.ReactViewManager"", ""method"": ""setBorderColor""}"
116074,reflection,Method.invoke,"{""class"": ""com.facebook.react.uimanager.BaseViewManager"", ""method"": ""setOpacity""}"
116085,reflection,Method.invoke,"{""class"": ""com.facebook.react.uimanager.BaseViewManager"", ""method"": ""setTransform""}"
116095,reflection,Method.invoke,"{""class"": ""com.facebook.react.uimanager.BaseViewManager"", ""method"": ""setTransform""}"
116105,reflection,Method.invoke,"{""class"": ""com.facebook.react.uimanager.BaseViewManager"", ""method"": ""setOpacity""}"
116116,reflection,Method.invoke,"{""class"": ""com.facebook.react.views.view.ReactViewManager"", ""method"": ""setBorderColor""}"
116140,reflection,Method.invoke,"{""class"": ""com.facebook.react.uimanager.BaseViewManager"", ""method"": ""setOpacity""}"
116150,reflection,Method.invoke,"{""class"": ""com.facebook.react.uimanager.BaseViewManager"", ""method"": ""setTransform""}"
116159,reflection,Method.invoke,"{""class"": ""com.facebook.react.uimanager.BaseViewManager"", ""method"": ""setTransform""}"
116167,reflection,Method.invoke,"{""class"": ""com.facebook.react.uimanager.BaseViewManager"", ""method"": ""setOpacity""}"
116174,reflection,Method.invoke,"{""class"": ""com.facebook.react.views.view.ReactViewManager"", ""method"": ""setBorderColor""}"
117960,reflection,Method.invoke,"{""class"": ""com.facebook.react.uimanager.BaseViewManager"", ""method"": ""setOpacity""}"
117970,reflection,Method.invoke,"{""class"": ""com.facebook.react.uimanager.BaseViewManager"", ""method"": ""setTransform""}"
117980,reflection,Method.invoke,"{""class"": ""com.facebook.react.uimanager.BaseViewManager"", ""method"": ""setTransform""}"
117987,reflection,Method.invoke,"{""class"": ""com.facebook.react.uimanager.BaseViewManager"", ""method"": ""setOpacity""}"
117998,reflection,Method.invoke,"{""class"": ""com.facebook.react.views.view.ReactViewManager"", ""method"": ""setBorderColor""}"
118008,reflection,Method.invoke,"{""class"": ""com.facebook.react.uimanager.BaseViewManager"", ""method"": ""setOpacity""}"
118021,reflection,Method.invoke,"{""class"": ""com.facebook.react.uimanager.BaseViewManager"", ""method"": ""setOpacity""}"
118031,reflection,Method.invoke,"{""class"": ""com.facebook.react.uimanager.BaseViewManager"", ""method"": ""setTransform""}"
118039,reflection,Method.invoke,"{""class"": ""com.facebook.react.uimanager.BaseViewManager"", ""method"": ""setTransform""}"
118053,reflection,Method.invoke,"{""class"": ""com.facebook.react.uimanager.BaseViewManager"", ""method"": ""setOpacity""}"
118063,reflection,Method.invoke,"{""class"": ""com.facebook.react.views.view.ReactViewManager"", ""method"": ""setBorderColor""}"
118081,reflection,Method.invoke,"{""class"": ""com.facebook.react.uimanager.BaseViewManager"", ""method"": ""setOpacity""}"
118097,reflection,Method.invoke,"{""class"": ""com.facebook.react.uimanager.BaseViewManager"", ""method"": ""setOpacity""}"
118105,reflection,Method.invoke,"{""class"": ""com.facebook.react.uimanager.BaseViewManager"", ""method"": ""setTransform""}"
118114,reflection,Method.invoke,"{""class"": ""com.facebook.react.uimanager.BaseViewManager"", ""method"": ""setTransform""}"
118122,reflection,Method.invoke,"{""class"": ""com.facebook.react.uimanager.BaseViewManager"", ""method"": ""setOpacity""}"
118132,reflection,Method.invoke,"{""class"": ""com.facebook.react.views.view.ReactViewManager"", ""method"": ""setBorderColor""}"
118147,reflection,Method.invoke,"{""class"": ""com.facebook.react.uimanager.BaseViewManager"", ""method"": ""setOpacity""}"
118160,reflection,Method.invoke,"{""class"": ""com.facebook.react.uimanager.BaseViewManager"", ""method"": ""setOpacity""}"
118172,reflection,Method.invoke,"{""class"": ""com.facebook.react.uimanager.BaseViewManager"", ""method"": ""setTransform""}"
118181,reflection,Method.invoke,"{""class"": ""com.facebook.react.uimanager.BaseViewManager"", ""method"": ""setTransform""}"
118188,reflection,Method.invoke,"{""class"": ""com.facebook.react.uimanager.BaseViewManager"", ""method"": ""setOpacity""}"
118196,reflection,Method.invoke,"{""class"": ""com.facebook.react.views.view.ReactViewManager"", ""method"": ""setBorderColor""}"
118217,reflection,Method.invoke,"{""class"": ""com.facebook.react.uimanager.BaseViewManager"", ""method"": ""setOpacity""}"
118230,reflection,Method.invoke,"{""class"": ""com.facebook.react.uimanager.BaseViewManager"", ""method"": ""setOpacity""}"
118238,reflection,Method.invoke,"{""class"": ""com.facebook.react.uimanager.BaseViewManager"", ""method"": ""setTransform""}"
118246,reflection,Method.invoke,"{""class"": ""com.facebook.react.uimanager.BaseViewManager"", ""method"": ""setTransform""}"
118256,reflection,Method.invoke,"{""class"": ""com.facebook.react.uimanager.BaseViewManager"", ""method"": ""setOpacity""}"
118264,reflection,Method.invoke,"{""class"": ""com.facebook.react.views.view.ReactViewManager"", ""method"": ""setBorderColor""}"
118278,reflection,Method.invoke,"{""class"": ""com.facebook.react.uimanager.BaseViewManager"", ""method"": ""setOpacity""}"
118295,reflection,Method.invoke,"{""class"": ""com.facebook.react.uimanager.BaseViewManager"", ""method"": ""setOpacity""}"
118304,reflection,Method.invoke,"{""class"": ""com.facebook.react.uimanager.BaseViewManager"", ""method"": ""setTransform""}"
118312,reflection,Method.invoke,"{""class"": ""com.facebook.react.uimanager.BaseViewManager"", ""method"": ""setTransform""}"
118321,reflection,Method.invoke,"{""class"": ""com.facebook.react.uimanager.BaseViewManager"", ""method"": ""setOpacity""}"
118328,reflection,Method.invoke,"{""class"": ""com.facebook.react.views.view.ReactViewManager"", ""method"": ""setBorderColor""}"
118356,reflection,Method.invoke,"{""class"": ""com.facebook.react.uimanager.BaseViewManager"", ""method"": ""setOpacity""}"
118363,reflection,Method.invoke,"{""class"": ""com.facebook.react.uimanager.BaseViewManager"", ""method"": ""setTransform""}"
118374,reflection,Method.invoke,"{""class"": ""com.facebook.react.uimanager.BaseViewManager"", ""method"": ""setTransform""}"
118383,reflection,Method.invoke,"{""class"": ""com.facebook.react.uimanager.BaseViewManager"", ""method"": ""setOpacity""}"
118391,reflection,Method.invoke,"{""class"": ""com.facebook.react.views.view.ReactViewManager"", ""method"": ""setBorderColor""}"
118415,reflection,Method.invoke,"{""class"": ""com.facebook.react.uimanager.BaseViewManager"", ""method"": ""setOpacity""}"
118424,reflection,Method.invoke,"{""class"": ""com.facebook.react.uimanager.BaseViewManager"", ""method"": ""setTransform""}"
118432,reflection,Method.invoke,"{""class"": ""com.facebook.react.uimanager.BaseViewManager"", ""method"": ""setTransform""}"
118441,reflection,Method.invoke,"{""class"": ""com.facebook.react.uimanager.BaseViewManager"", ""method"": ""setOpacity""}"
118449,reflection,Method.invoke,"{""class"": ""com.facebook.react.views.view.ReactViewManager"", ""method"": ""setBorderColor""}"
118471,reflection,Method.invoke,"{""class"": ""com.facebook.react.uimanager.BaseViewManager"", ""method"": ""setOpacity""}"
118481,reflection,Method.invoke,"{""class"": ""com.facebook.react.uimanager.BaseViewManager"", ""method"": ""setTransform""}"
118488,reflection,Method.invoke,"{""class"": ""com.facebook.react.uimanager.BaseViewManager"", ""method"": ""setTransform""}"
118499,reflection,Method.invoke,"{""class"": ""com.facebook.react.uimanager.BaseViewManager"", ""method"": ""setOpacity""}"
118509,reflection,Method.invoke,"{""class"": ""com.facebook.react.views.view.ReactViewManager"", ""method"": ""setBorderColor""}"
118530,reflection,Method.invoke,"{""class"": ""com.facebook.react.uimanager.BaseViewManager"", ""method"": ""setOpacity""}"
118540,reflection,Method.invoke,"{""class"": ""com.facebook.react.uimanager.BaseViewManager"", ""method"": ""setTransform""}"
118549,reflection,Method.invoke,"{""class"": ""com.facebook.react.uimanager.BaseViewManager"", ""method"": ""setTransform""}"
118557,reflection,Method.invoke,"{""class"": ""com.facebook.react.uimanager.BaseViewManager"", ""method"": ""setOpacity""}"
118565,reflection,Method.invoke,"{""class"": ""com.facebook.react.views.view.ReactViewManager"", ""method"": ""setBorderColor""}"
118587,reflection,Method.invoke,"{""class"": ""com.facebook.react.uimanager.BaseViewManager"", ""method"": ""setOpacity""}"
118595,reflection,Method.invoke,"{""class"": ""com.facebook.react.uimanager.BaseViewManager"", ""method"": ""setTransform""}"
118604,reflection,Method.invoke,"{""class"": ""com.facebook.react.uimanager.BaseViewManager"", ""method"": ""setTransform""}"
118613,reflection,Method.invoke,"{""class"": ""com.facebook.react.uimanager.BaseViewManager"", ""method"": ""setOpacity""}"
118621,reflection,Method.invoke,"{""class"": ""com.facebook.react.views.view.ReactViewManager"", ""method"": ""setBorderColor""}"
118642,reflection,Method.invoke,"{""class"": ""com.facebook.react.uimanager.BaseViewManager"", ""method"": ""setOpacity""}"
118652,reflection,Method.invoke,"{""class"": ""com.facebook.react.uimanager.BaseViewManager"", ""method"": ""setTransform""}"
118660,reflection,Method.invoke,"{""class"": ""com.facebook.react.uimanager.BaseViewManager"", ""method"": ""setTransform""}"
118671,reflection,Method.invoke,"{""class"": ""com.facebook.react.uimanager.BaseViewManager"", ""method"": ""setOpacity""}"
118680,reflection,Method.invoke,"{""class"": ""com.facebook.react.views.view.ReactViewManager"", ""method"": ""setBorderColor""}"
118705,reflection,Method.invoke,"{""class"": ""com.facebook.react.uimanager.BaseViewManager"", ""method"": ""setOpacity""}"
118713,reflection,Method.invoke,"{""class"": ""com.facebook.react.uimanager.BaseViewManager"", ""method"": ""setTransform""}"
118720,reflection,Method.invoke,"{""class"": ""com.facebook.react.uimanager.BaseViewManager"", ""method"": ""setTransform""}"
118730,reflection,Method.invoke,"{""class"": ""com.facebook.react.uimanager.BaseViewManager"", ""method"": ""setOpacity""}"
118738,reflection,Method.invoke,"{""class"": ""com.facebook.react.views.view.ReactViewManager"", ""method"": ""setBorderColor""}"
118761,reflection,Method.invoke,"{""class"": ""com.facebook.react.uimanager.BaseViewManager"", ""method"": ""setOpacity""}"
118772,reflection,Method.invoke,"{""class"": ""com.facebook.react.uimanager.BaseViewManager"", ""method"": ""setTransform""}"
118780,reflection,Method.invoke,"{""class"": ""com.facebook.react.uimanager.BaseViewManager"", ""method"": ""setTransform""}"
118788,reflection,Method.invoke,"{""class"": ""com.facebook.react.uimanager.BaseViewManager"", ""method"": ""setOpacity""}"
118796,reflection,Method.invoke,"{""class"": ""com.facebook.react.views.view.ReactViewManager"", ""method"": ""setBorderColor""}"
118818,reflection,Method.invoke,"{""class"": ""com.facebook.react.uimanager.BaseViewManager"", ""method"": ""setOpacity""}"
118826,reflection,Method.invoke,"{""class"": ""com.facebook.react.uimanager.BaseViewManager"", ""method"": ""setTransform""}"
118835,reflection,Method.invoke,"{""class"": ""com.facebook.react.uimanager.BaseViewManager"", ""method"": ""setTransform""}"
118844,reflection,Method.invoke,"{""class"": ""com.facebook.react.uimanager.BaseViewManager"", ""method"": ""setOpacity""}"
118852,reflection,Method.invoke,"{""class"": ""com.facebook.react.views.view.ReactViewManager"", ""method"": ""setBorderColor""}"
118871,reflection,Method.invoke,"{""class"": ""com.facebook.react.uimanager.BaseViewManager"", ""method"": ""setOpacity""}"
118884,reflection,Method.invoke,"{""class"": ""com.facebook.react.uimanager.BaseViewManager"", ""method"": ""setTransform""}"
118892,reflection,Method.invoke,"{""class"": ""com.facebook.react.uimanager.BaseViewManager"", ""method"": ""setTransform""}"
118900,reflection,Method.invoke,"{""class"": ""com.facebook.react.uimanager.BaseViewManager"", ""method"": ""setOpacity""}"
118910,reflection,Method.invoke,"{""class"": ""com.facebook.react.views.view.ReactViewManager"", ""method"": ""setBorderColor""}"
118933,reflection,Method.invoke,"{""class"": ""com.facebook.react.uimanager.BaseViewManager"", ""method"": ""setOpacity""}"
118941,reflection,Method.invoke,"{""class"": ""com.facebook.react.uimanager.BaseViewManager"", ""method"": ""setTransform""}"
118949,reflection,Method.invoke,"{""class"": ""com.facebook.react.uimanager.BaseViewManager"", ""method"": ""setTransform""}"
118958,reflection,Method.invoke,"{""class"": ""com.facebook.react.uimanager.BaseViewManager"", ""method"": ""setOpacity""}"
118966,reflection,Method.invoke,"{""class"": ""com.facebook.react.views.view.ReactViewManager"", ""method"": ""setBorderColor""}"
118985,reflection,Method.invoke,"{""class"": ""com.facebook.react.uimanager.BaseViewManager"", ""method"": ""setOpacity""}"
118996,reflection,Method.invoke,"{""class"": ""com.facebook.react.uimanager.BaseViewManager"", ""method"": ""setTransform""}"
119005,reflection,Method.invoke,"{""class"": ""com.facebook.react.uimanager.BaseViewManager"", ""method"": ""setTransform""}"
119014,reflection,Method.invoke,"{""class"": ""com.facebook.react.uimanager.BaseViewManager"", ""method"": ""setOpacity""}"
119023,reflection,Method.invoke,"{""class"": ""com.facebook.react.views.view.ReactViewManager"", ""method"": ""setBorderColor""}"
119043,reflection,Method.invoke,"{""class"": ""com.facebook.react.uimanager.BaseViewManager"", ""method"": ""setOpacity""}"
119055,reflection,Method.invoke,"{""class"": ""com.facebook.react.uimanager.BaseViewManager"", ""method"": ""setTransform""}"
119063,reflection,Method.invoke,"{""class"": ""com.facebook.react.uimanager.BaseViewManager"", ""method"": ""setTransform""}"
119073,reflection,Method.invoke,"{""class"": ""com.facebook.react.uimanager.BaseViewManager"", ""method"": ""setOpacity""}"
119081,reflection,Method.invoke,"{""class"": ""com.facebook.react.views.view.ReactViewManager"", ""method"": ""setBorderColor""}"
119103,reflection,Method.invoke,"{""class"": ""com.facebook.react.uimanager.BaseViewManager"", ""method"": ""setOpacity""}"
119112,reflection,Method.invoke,"{""class"": ""com.facebook.react.uimanager.BaseViewManager"", ""method"": ""setTransform""}"
119121,reflection,Method.invoke,"{""class"": ""com.facebook.react.uimanager.BaseViewManager"", ""method"": ""setTransform""}"
119129,reflection,Method.invoke,"{""class"": ""com.facebook.react.uimanager.BaseViewManager"", ""method"": ""setOpacity""}"
119139,reflection,Method.invoke,"{""class"": ""com.facebook.react.views.view.ReactViewManager"", ""method"": ""setBorderColor""}"
119159,reflection,Method.invoke,"{""class"": ""com.facebook.react.uimanager.BaseViewManager"", ""method"": ""setOpacity""}"
119171,reflection,Method.invoke,"{""class"": ""com.facebook.react.uimanager.BaseViewManager"", ""method"": ""setTransform""}"
119179,reflection,Method.invoke,"{""class"": ""com.facebook.react.uimanager.BaseViewManager"", ""method"": ""setTransform""}"
119187,reflection,Method.invoke,"{""class"": ""com.facebook.react.uimanager.BaseViewManager"", ""method"": ""setOpacity""}"
119196,reflection,Method.invoke,"{""class"": ""com.facebook.react.views.view.ReactViewManager"", ""method"": ""setBorderColor""}"
119218,reflection,Method.invoke,"{""class"": ""com.facebook.react.uimanager.BaseViewManager"", ""method"": ""setOpacity""}"
119228,reflection,Method.invoke,"{""class"": ""com.facebook.react.uimanager.BaseViewManager"", ""method"": ""setTransform""}"
119235,reflection,Method.invoke,"{""class"": ""com.facebook.react.uimanager.BaseViewManager"", ""method"": ""setTransform""}"
119245,reflection,Method.invoke,"{""class"": ""com.facebook.react.uimanager.BaseViewManager"", ""method"": ""setOpacity""}"
119252,reflection,Method.invoke,"{""class"": ""com.facebook.react.views.view.ReactViewManager"", ""method"": ""setBorderColor""}"
119275,reflection,Method.invoke,"{""class"": ""com.facebook.react.uimanager.BaseViewManager"", ""method"": ""setOpacity""}"
119286,reflection,Method.invoke,"{""class"": ""com.facebook.react.uimanager.BaseViewManager"", ""method"": ""setTransform""}"
119294,reflection,Method.invoke,"{""class"": ""com.facebook.react.uimanager.BaseViewManager"", ""method"": ""setTransform""}"
119304,reflection,Method.invoke,"{""class"": ""com.facebook.react.uimanager.BaseViewManager"", ""method"": ""setOpacity""}"
119312,reflection,Method.invoke,"{""class"": ""com.facebook.react.views.view.ReactViewManager"", ""method"": ""setBorderColor""}"
119335,reflection,Method.invoke,"{""class"": ""com.facebook.react.uimanager.BaseViewManager"", ""method"": ""setOpacity""}"
119343,reflection,Method.invoke,"{""class"": ""com.facebook.react.uimanager.BaseViewManager"", ""method"": ""setTransform""}"
119353,reflection,Method.invoke,"{""class"": ""com.facebook.react.uimanager.BaseViewManager"", ""method"": ""setTransform""}"
119364,reflection,Method.invoke,"{""class"": ""com.facebook.react.uimanager.BaseViewManager"", ""method"": ""setOpacity""}"
119371,reflection,Method.invoke,"{""class"": ""com.facebook.react.views.view.ReactViewManager"", ""method"": ""setBorderColor""}"
119392,reflection,Method.invoke,"{""class"": ""com.facebook.react.uimanager.BaseViewManager"", ""method"": ""setOpacity""}"
119404,reflection,Method.invoke,"{""class"": ""com.facebook.react.uimanager.BaseViewManager"", ""method"": ""setTransform""}"
119412,reflection,Method.invoke,"{""class"": ""com.facebook.react.uimanager.BaseViewManager"", ""method"": ""setTransform""}"
119421,reflection,Method.invoke,"{""class"": ""com.facebook.react.uimanager.BaseViewManager"", ""method"": ""setOpacity""}"
119430,reflection,Method.invoke,"{""class"": ""com.facebook.react.views.view.ReactViewManager"", ""method"": ""setBorderColor""}"
119453,reflection,Method.invoke,"{""class"": ""com.facebook.react.uimanager.BaseViewManager"", ""method"": ""setOpacity""}"
119461,reflection,Method.invoke,"{""class"": ""com.facebook.react.uimanager.BaseViewManager"", ""method"": ""setTransform""}"
119468,reflection,Method.invoke,"{""class"": ""com.facebook.react.uimanager.BaseViewManager"", ""method"": ""setTransform""}"
119477,reflection,Method.invoke,"{""class"": ""com.facebook.react.uimanager.BaseViewManager"", ""method"": ""setOpacity""}"
119486,reflection,Method.invoke,"{""class"": ""com.facebook.react.views.view.ReactViewManager"", ""method"": ""setBorderColor""}"
119507,reflection,Method.invoke,"{""class"": ""com.facebook.react.uimanager.BaseViewManager"", ""method"": ""setOpacity""}"
119517,reflection,Method.invoke,"{""class"": ""com.facebook.react.uimanager.BaseViewManager"", ""method"": ""setTransform""}"
119524,reflection,Method.invoke,"{""class"": ""com.facebook.react.uimanager.BaseViewManager"", ""method"": ""setTransform""}"
119533,reflection,Method.invoke,"{""class"": ""com.facebook.react.uimanager.BaseViewManager"", ""method"": ""setOpacity""}"
119542,reflection,Method.invoke,"{""class"": ""com.facebook.react.views.view.ReactViewManager"", ""method"": ""setBorderColor""}"
119573,reflection,Method.invoke,"{""class"": ""com.facebook.react.uimanager.BaseViewManager"", ""method"": ""setOpacity""}"
119581,reflection,Method.invoke,"{""class"": ""com.facebook.react.uimanager.BaseViewManager"", ""method"": ""setTransform""}"
119589,reflection,Method.invoke,"{""class"": ""com.facebook.react.uimanager.BaseViewManager"", ""method"": ""setTransform""}"
119598,reflection,Method.invoke,"{""class"": ""com.facebook.react.uimanager.BaseViewManager"", ""method"": ""setOpacity""}"
119606,reflection,Method.invoke,"{""class"": ""com.facebook.react.views.view.ReactViewManager"", ""method"": ""setBorderColor""}"
122563,reflection,Method.invoke,"{""class"": ""com.facebook.react.uimanager.BaseViewManager"", ""method"": ""setOpacity""}"
122575,reflection,Method.invoke,"{""class"": ""com.facebook.react.uimanager.BaseViewManager"", ""method"": ""setTransform""}"
122585,reflection,Method.invoke,"{""class"": ""com.facebook.react.uimanager.BaseViewManager"", ""method"": ""setTransform""}"
122594,reflection,Method.invoke,"{""class"": ""com.facebook.react.uimanager.BaseViewManager"", ""method"": ""setOpacity""}"
122601,reflection,Method.invoke,"{""class"": ""com.facebook.react.views.view.ReactViewManager"", ""method"": ""setBorderColor""}"
122610,reflection,Method.invoke,"{""class"": ""com.facebook.react.uimanager.BaseViewManager"", ""method"": ""setOpacity""}"
122621,reflection,Method.invoke,"{""class"": ""com.facebook.react.uimanager.BaseViewManager"", ""method"": ""setOpacity""}"
122629,reflection,Method.invoke,"{""class"": ""com.facebook.react.uimanager.BaseViewManager"", ""method"": ""setTransform""}"
122636,reflection,Method.invoke,"{""class"": ""com.facebook.react.uimanager.BaseViewManager"", ""method"": ""setTransform""}"
122644,reflection,Method.invoke,"{""class"": ""com.facebook.react.uimanager.BaseViewManager"", ""method"": ""setOpacity""}"
122652,reflection,Method.invoke,"{""class"": ""com.facebook.react.views.view.ReactViewManager"", ""method"": ""setBorderColor""}"
122666,reflection,Method.invoke,"{""class"": ""com.facebook.react.uimanager.BaseViewManager"", ""method"": ""setOpacity""}"
122676,reflection,Method.invoke,"{""class"": ""com.facebook.react.uimanager.BaseViewManager"", ""method"": ""setOpacity""}"
122687,reflection,Method.invoke,"{""class"": ""com.facebook.react.uimanager.BaseViewManager"", ""method"": ""setTransform""}"
122696,reflection,Method.invoke,"{""class"": ""com.facebook.react.uimanager.BaseViewManager"", ""method"": ""setTransform""}"
122706,reflection,Method.invoke,"{""class"": ""com.facebook.react.uimanager.BaseViewManager"", ""method"": ""setOpacity""}"
122719,reflection,Method.invoke,"{""class"": ""com.facebook.react.views.view.ReactViewManager"", ""method"": ""setBorderColor""}"
122735,reflection,Method.invoke,"{""class"": ""com.facebook.react.uimanager.BaseViewManager"", ""method"": ""setOpacity""}"
122750,reflection,Method.invoke,"{""class"": ""com.facebook.react.uimanager.BaseViewManager"", ""method"": ""setOpacity""}"
122758,reflection,Method.invoke,"{""class"": ""com.facebook.react.uimanager.BaseViewManager"", ""method"": ""setTransform""}"
122765,reflection,Method.invoke,"{""class"": ""com.facebook.react.uimanager.BaseViewManager"", ""method"": ""setTransform""}"
122772,reflection,Method.invoke,"{""class"": ""com.facebook.react.uimanager.BaseViewManager"", ""method"": ""setOpacity""}"
122781,reflection,Method.invoke,"{""class"": ""com.facebook.react.views.view.ReactViewManager"", ""method"": ""setBorderColor""}"
122792,reflection,Method.invoke,"{""class"": ""com.facebook.react.uimanager.BaseViewManager"", ""method"": ""setOpacity""}"
122812,reflection,Method.invoke,"{""class"": ""com.facebook.react.uimanager.BaseViewManager"", ""method"": ""setOpacity""}"
122819,reflection,Method.invoke,"{""class"": ""com.facebook.react.uimanager.BaseViewManager"", ""method"": ""setTransform""}"
122826,reflection,Method.invoke,"{""class"": ""com.facebook.react.uimanager.BaseViewManager"", ""method"": ""setTransform""}"
122835,reflection,Method.invoke,"{""class"": ""com.facebook.react.uimanager.BaseViewManager"", ""method"": ""setOpacity""}"
122843,reflection,Method.invoke,"{""class"": ""com.facebook.react.views.view.ReactViewManager"", ""method"": ""setBorderColor""}"
122857,reflection,Method.invoke,"{""class"": ""com.facebook.react.uimanager.BaseViewManager"", ""method"": ""setOpacity""}"
122875,reflection,Method.invoke,"{""class"": ""com.facebook.react.uimanager.BaseViewManager"", ""method"": ""setOpacity""}"
122888,reflection,Method.invoke,"{""class"": ""com.facebook.react.uimanager.BaseViewManager"", ""method"": ""setTransform""}"
122896,reflection,Method.invoke,"{""class"": ""com.facebook.react.uimanager.BaseViewManager"", ""method"": ""setTransform""}"
122903,reflection,Method.invoke,"{""class"": ""com.facebook.react.uimanager.BaseViewManager"", ""method"": ""setOpacity""}"
122914,reflection,Method.invoke,"{""class"": ""com.facebook.react.views.view.ReactViewManager"", ""method"": ""setBorderColor""}"
122935,reflection,Method.invoke,"{""class"": ""com.facebook.react.uimanager.BaseViewManager"", ""method"": ""setOpacity""}"
122944,reflection,Method.invoke,"{""class"": ""com.facebook.react.uimanager.BaseViewManager"", ""method"": ""setTransform""}"
122952,reflection,Method.invoke,"{""class"": ""com.facebook.react.uimanager.BaseViewManager"", ""method"": ""setTransform""}"
122960,reflection,Method.invoke,"{""class"": ""com.facebook.react.uimanager.BaseViewManager"", ""method"": ""setOpacity""}"
122969,reflection,Method.invoke,"{""class"": ""com.facebook.react.views.view.ReactViewManager"", ""method"": ""setBorderColor""}"
122987,reflection,Method.invoke,"{""class"": ""com.facebook.react.uimanager.BaseViewManager"", ""method"": ""setOpacity""}"
122994,reflection,Method.invoke,"{""class"": ""com.facebook.react.uimanager.BaseViewManager"", ""method"": ""setTransform""}"
123004,reflection,Method.invoke,"{""class"": ""com.facebook.react.uimanager.BaseViewManager"", ""method"": ""setTransform""}"
123013,reflection,Method.invoke,"{""class"": ""com.facebook.react.uimanager.BaseViewManager"", ""method"": ""setOpacity""}"
123021,reflection,Method.invoke,"{""class"": ""com.facebook.react.views.view.ReactViewManager"", ""method"": ""setBorderColor""}"
123039,reflection,Method.invoke,"{""class"": ""com.facebook.react.uimanager.BaseViewManager"", ""method"": ""setOpacity""}"
123049,reflection,Method.invoke,"{""class"": ""com.facebook.react.uimanager.BaseViewManager"", ""method"": ""setTransform""}"
123057,reflection,Method.invoke,"{""class"": ""com.facebook.react.uimanager.BaseViewManager"", ""method"": ""setTransform""}"
123064,reflection,Method.invoke,"{""class"": ""com.facebook.react.uimanager.BaseViewManager"", ""method"": ""setOpacity""}"
123083,reflection,Method.invoke,"{""class"": ""com.facebook.react.views.view.ReactViewManager"", ""method"": ""setBorderColor""}"
123103,reflection,Method.invoke,"{""class"": ""com.facebook.react.uimanager.BaseViewManager"", ""method"": ""setOpacity""}"
123111,reflection,Method.invoke,"{""class"": ""com.facebook.react.uimanager.BaseViewManager"", ""method"": ""setTransform""}"
123119,reflection,Method.invoke,"{""class"": ""com.facebook.react.uimanager.BaseViewManager"", ""method"": ""setTransform""}"
123128,reflection,Method.invoke,"{""class"": ""com.facebook.react.uimanager.BaseViewManager"", ""method"": ""setOpacity""}"
123137,reflection,Method.invoke,"{""class"": ""com.facebook.react.views.view.ReactViewManager"", ""method"": ""setBorderColor""}"
123155,reflection,Method.invoke,"{""class"": ""com.facebook.react.uimanager.BaseViewManager"", ""method"": ""setOpacity""}"
123166,reflection,Method.invoke,"{""class"": ""com.facebook.react.uimanager.BaseViewManager"", ""method"": ""setTransform""}"
123175,reflection,Method.invoke,"{""class"": ""com.facebook.react.uimanager.BaseViewManager"", ""method"": ""setTransform""}"
123184,reflection,Method.invoke,"{""class"": ""com.facebook.react.uimanager.BaseViewManager"", ""method"": ""setOpacity""}"
123193,reflection,Method.invoke,"{""class"": ""com.facebook.react.views.view.ReactViewManager"", ""method"": ""setBorderColor""}"
123210,reflection,Method.invoke,"{""class"": ""com.facebook.react.uimanager.BaseViewManager"", ""method"": ""setOpacity""}"
123222,reflection,Method.invoke,"{""class"": ""com.facebook.react.uimanager.BaseViewManager"", ""method"": ""setTransform""}"
123229,reflection,Method.invoke,"{""class"": ""com.facebook.react.uimanager.BaseViewManager"", ""method"": ""setTransform""}"
123238,reflection,Method.invoke,"{""class"": ""com.facebook.react.uimanager.BaseViewManager"", ""method"": ""setOpacity""}"
123246,reflection,Method.invoke,"{""class"": ""com.facebook.react.views.view.ReactViewManager"", ""method"": ""setBorderColor""}"
123267,reflection,Method.invoke,"{""class"": ""com.facebook.react.uimanager.BaseViewManager"", ""method"": ""setOpacity""}"
123275,reflection,Method.invoke,"{""class"": ""com.facebook.react.uimanager.BaseViewManager"", ""method"": ""setTransform""}"
123284,reflection,Method.invoke,"{""class"": ""com.facebook.react.uimanager.BaseViewManager"", ""method"": ""setTransform""}"
123291,reflection,Method.invoke,"{""class"": ""com.facebook.react.uimanager.BaseViewManager"", ""method"": ""setOpacity""}"
123299,reflection,Method.invoke,"{""class"": ""com.facebook.react.views.view.ReactViewManager"", ""method"": ""setBorderColor""}"
123320,reflection,Method.invoke,"{""class"": ""com.facebook.react.uimanager.BaseViewManager"", ""method"": ""setOpacity""}"
123329,reflection,Method.invoke,"{""class"": ""com.facebook.react.uimanager.BaseViewManager"", ""method"": ""setTransform""}"
123337,reflection,Method.invoke,"{""class"": ""com.facebook.react.uimanager.BaseViewManager"", ""method"": ""setTransform""}"
123349,reflection,Method.invoke,"{""class"": ""com.facebook.react.uimanager.BaseViewManager"", ""method"": ""setOpacity""}"
123356,reflection,Method.invoke,"{""class"": ""com.facebook.react.views.view.ReactViewManager"", ""method"": ""setBorderColor""}"
123382,reflection,Method.invoke,"{""class"": ""com.facebook.react.uimanager.BaseViewManager"", ""method"": ""setOpacity""}"
123390,reflection,Method.invoke,"{""class"": ""com.facebook.react.uimanager.BaseViewManager"", ""method"": ""setTransform""}"
123397,reflection,Method.invoke,"{""class"": ""com.facebook.react.uimanager.BaseViewManager"", ""method"": ""setTransform""}"
123405,reflection,Method.invoke,"{""class"": ""com.facebook.react.uimanager.BaseViewManager"", ""method"": ""setOpacity""}"
123412,reflection,Method.invoke,"{""class"": ""com.facebook.react.views.view.ReactViewManager"", ""method"": ""setBorderColor""}"
123432,reflection,Method.invoke,"{""class"": ""com.facebook.react.uimanager.BaseViewManager"", ""method"": ""setOpacity""}"
123441,reflection,Method.invoke,"{""class"": ""com.facebook.react.uimanager.BaseViewManager"", ""method"": ""setTransform""}"
123450,reflection,Method.invoke,"{""class"": ""com.facebook.react.uimanager.BaseViewManager"", ""method"": ""setTransform""}"
123459,reflection,Method.invoke,"{""class"": ""com.facebook.react.uimanager.BaseViewManager"", ""method"": ""setOpacity""}"
123468,reflection,Method.invoke,"{""class"": ""com.facebook.react.views.view.ReactViewManager"", ""method"": ""setBorderColor""}"
123486,reflection,Method.invoke,"{""class"": ""com.facebook.react.uimanager.BaseViewManager"", ""method"": ""setOpacity""}"
123493,reflection,Method.invoke,"{""class"": ""com.facebook.react.uimanager.BaseViewManager"", ""method"": ""setTransform""}"
123507,reflection,Method.invoke,"{""class"": ""com.facebook.react.uimanager.BaseViewManager"", ""method"": ""setTransform""}"
123517,reflection,Method.invoke,"{""class"": ""com.facebook.react.uimanager.BaseViewManager"", ""method"": ""setOpacity""}"
123527,reflection,Method.invoke,"{""class"": ""com.facebook.react.views.view.ReactViewManager"", ""method"": ""setBorderColor""}"
123544,reflection,Method.invoke,"{""class"": ""com.facebook.react.uimanager.BaseViewManager"", ""method"": ""setOpacity""}"
123554,reflection,Method.invoke,"{""class"": ""com.facebook.react.uimanager.BaseViewManager"", ""method"": ""setTransform""}"
123561,reflection,Method.invoke,"{""class"": ""com.facebook.react.uimanager.BaseViewManager"", ""method"": ""setTransform""}"
123571,reflection,Method.invoke,"{""class"": ""com.facebook.react.uimanager.BaseViewManager"", ""method"": ""setOpacity""}"
123578,reflection,Method.invoke,"{""class"": ""com.facebook.react.views.view.ReactViewManager"", ""method"": ""setBorderColor""}"
123595,reflection,Method.invoke,"{""class"": ""com.facebook.react.uimanager.BaseViewManager"", ""method"": ""setOpacity""}"
123607,reflection,Method.invoke,"{""class"": ""com.facebook.react.uimanager.BaseViewManager"", ""method"": ""setTransform""}"
123617,reflection,Method.invoke,"{""class"": ""com.facebook.react.uimanager.BaseViewManager"", ""method"": ""setTransform""}"
123624,reflection,Method.invoke,"{""class"": ""com.facebook.react.uimanager.BaseViewManager"", ""method"": ""setOpacity""}"
123632,reflection,Method.invoke,"{""class"": ""com.facebook.react.views.view.ReactViewManager"", ""method"": ""setBorderColor""}"
123652,reflection,Method.invoke,"{""class"": ""com.facebook.react.uimanager.BaseViewManager"", ""method"": ""setOpacity""}"
123661,reflection,Method.invoke,"{""class"": ""com.facebook.react.uimanager.BaseViewManager"", ""method"": ""setTransform""}"
123670,reflection,Method.invoke,"{""class"": ""com.facebook.react.uimanager.BaseViewManager"", ""method"": ""setTransform""}"
123676,reflection,Method.invoke,"{""class"": ""com.facebook.react.uimanager.BaseViewManager"", ""method"": ""setOpacity""}"
123685,reflection,Method.invoke,"{""class"": ""com.facebook.react.views.view.ReactViewManager"", ""method"": ""setBorderColor""}"
123704,reflection,Method.invoke,"{""class"": ""com.facebook.react.uimanager.BaseViewManager"", ""method"": ""setOpacity""}"
123715,reflection,Method.invoke,"{""class"": ""com.facebook.react.uimanager.BaseViewManager"", ""method"": ""setTransform""}"
123723,reflection,Method.invoke,"{""class"": ""com.facebook.react.uimanager.BaseViewManager"", ""method"": ""setTransform""}"
123731,reflection,Method.invoke,"{""class"": ""com.facebook.react.uimanager.BaseViewManager"", ""method"": ""setOpacity""}"
123741,reflection,Method.invoke,"{""class"": ""com.facebook.react.views.view.ReactViewManager"", ""method"": ""setBorderColor""}"
123767,reflection,Method.invoke,"{""class"": ""com.facebook.react.uimanager.BaseViewManager"", ""method"": ""setOpacity""}"
123774,reflection,Method.invoke,"{""class"": ""com.facebook.react.uimanager.BaseViewManager"", ""method"": ""setTransform""}"
123782,reflection,Method.invoke,"{""class"": ""com.facebook.react.uimanager.BaseViewManager"", ""method"": ""setTransform""}"
123790,reflection,Method.invoke,"{""class"": ""com.facebook.react.uimanager.BaseViewManager"", ""method"": ""setOpacity""}"
123797,reflection,Method.invoke,"{""class"": ""com.facebook.react.views.view.ReactViewManager"", ""method"": ""setBorderColor""}"
123817,reflection,Method.invoke,"{""class"": ""com.facebook.react.uimanager.BaseViewManager"", ""method"": ""setOpacity""}"
123824,reflection,Method.invoke,"{""class"": ""com.facebook.react.uimanager.BaseViewManager"", ""method"": ""setTransform""}"
123833,reflection,Method.invoke,"{""class"": ""com.facebook.react.uimanager.BaseViewManager"", ""method"": ""setTransform""}"
123843,reflection,Method.invoke,"{""class"": ""com.facebook.react.uimanager.BaseViewManager"", ""method"": ""setOpacity""}"
123853,reflection,Method.invoke,"{""class"": ""com.facebook.react.views.view.ReactViewManager"", ""method"": ""setBorderColor""}"
123874,reflection,Method.invoke,"{""class"": ""com.facebook.react.uimanager.BaseViewManager"", ""method"": ""setOpacity""}"
123889,reflection,Method.invoke,"{""class"": ""com.facebook.react.uimanager.BaseViewManager"", ""method"": ""setTransform""}"
123897,reflection,Method.invoke,"{""class"": ""com.facebook.react.uimanager.BaseViewManager"", ""method"": ""setTransform""}"
123906,reflection,Method.invoke,"{""class"": ""com.facebook.react.uimanager.BaseViewManager"", ""method"": ""setOpacity""}"
123914,reflection,Method.invoke,"{""class"": ""com.facebook.react.views.view.ReactViewManager"", ""method"": ""setBorderColor""}"
123936,reflection,Method.invoke,"{""class"": ""com.facebook.react.uimanager.BaseViewManager"", ""method"": ""setOpacity""}"
123945,reflection,Method.invoke,"{""class"": ""com.facebook.react.uimanager.BaseViewManager"", ""method"": ""setTransform""}"
123952,reflection,Method.invoke,"{""class"": ""com.facebook.react.uimanager.BaseViewManager"", ""method"": ""setTransform""}"
123961,reflection,Method.invoke,"{""class"": ""com.facebook.react.uimanager.BaseViewManager"", ""method"": ""setOpacity""}"
123970,reflection,Method.invoke,"{""class"": ""com.facebook.react.views.view.ReactViewManager"", ""method"": ""setBorderColor""}"
123993,reflection,Method.invoke,"{""class"": ""com.facebook.react.uimanager.BaseViewManager"", ""method"": ""setOpacity""}"
124006,reflection,Method.invoke,"{""class"": ""com.facebook.react.uimanager.BaseViewManager"", ""method"": ""setTransform""}"
124014,reflection,Method.invoke,"{""class"": ""com.facebook.react.uimanager.BaseViewManager"", ""method"": ""setTransform""}"
124023,reflection,Method.invoke,"{""class"": ""com.facebook.react.uimanager.BaseViewManager"", ""method"": ""setOpacity""}"
124032,reflection,Method.invoke,"{""class"": ""com.facebook.react.views.view.ReactViewManager"", ""method"": ""setBorderColor""}"
124051,reflection,Method.invoke,"{""class"": ""com.facebook.react.uimanager.BaseViewManager"", ""method"": ""setOpacity""}"
124061,reflection,Method.invoke,"{""class"": ""com.facebook.react.uimanager.BaseViewManager"", ""method"": ""setTransform""}"
124068,reflection,Method.invoke,"{""class"": ""com.facebook.react.uimanager.BaseViewManager"", ""method"": ""setTransform""}"
124077,reflection,Method.invoke,"{""class"": ""com.facebook.react.uimanager.BaseViewManager"", ""method"": ""setOpacity""}"
124086,reflection,Method.invoke,"{""class"": ""com.facebook.react.views.view.ReactViewManager"", ""method"": ""setBorderColor""}"
124104,reflection,Method.invoke,"{""class"": ""com.facebook.react.uimanager.BaseViewManager"", ""method"": ""setOpacity""}"
124117,reflection,Method.invoke,"{""class"": ""com.facebook.react.uimanager.BaseViewManager"", ""method"": ""setTransform""}"
124125,reflection,Method.invoke,"{""class"": ""com.facebook.react.uimanager.BaseViewManager"", ""method"": ""setTransform""}"
124133,reflection,Method.invoke,"{""class"": ""com.facebook.react.uimanager.BaseViewManager"", ""method"": ""setOpacity""}"
124140,reflection,Method.invoke,"{""class"": ""com.facebook.react.views.view.ReactViewManager"", ""method"": ""setBorderColor""}"
125861,reflection,Method.invoke,"{""class"": ""com.facebook.react.uimanager.BaseViewManager"", ""method"": ""setOpacity""}"
125870,reflection,Method.invoke,"{""class"": ""com.facebook.react.uimanager.BaseViewManager"", ""method"": ""setTransform""}"
125878,reflection,Method.invoke,"{""class"": ""com.facebook.react.uimanager.BaseViewManager"", ""method"": ""setTransform""}"
125887,reflection,Method.invoke,"{""class"": ""com.facebook.react.uimanager.BaseViewManager"", ""method"": ""setOpacity""}"
125897,reflection,Method.invoke,"{""class"": ""com.facebook.react.views.view.ReactViewManager"", ""method"": ""setBorderColor""}"
125908,reflection,Method.invoke,"{""class"": ""com.facebook.react.uimanager.BaseViewManager"", ""method"": ""setOpacity""}"
125925,reflection,Method.invoke,"{""class"": ""com.facebook.react.uimanager.BaseViewManager"", ""method"": ""setOpacity""}"
125936,reflection,Method.invoke,"{""class"": ""com.facebook.react.uimanager.BaseViewManager"", ""method"": ""setTransform""}"
125945,reflection,Method.invoke,"{""class"": ""com.facebook.react.uimanager.BaseViewManager"", ""method"": ""setTransform""}"
125953,reflection,Method.invoke,"{""class"": ""com.facebook.react.uimanager.BaseViewManager"", ""method"": ""setOpacity""}"
125963,reflection,Method.invoke,"{""class"": ""com.facebook.react.views.view.ReactViewManager"", ""method"": ""setBorderColor""}"
125972,reflection,Method.invoke,"{""class"": ""com.facebook.react.uimanager.BaseViewManager"", ""method"": ""setOpacity""}"
125988,reflection,Method.invoke,"{""class"": ""com.facebook.react.uimanager.BaseViewManager"", ""method"": ""setOpacity""}"
125996,reflection,Method.invoke,"{""class"": ""com.facebook.react.uimanager.BaseViewManager"", ""method"": ""setTransform""}"
126004,reflection,Method.invoke,"{""class"": ""com.facebook.react.uimanager.BaseViewManager"", ""method"": ""setTransform""}"
126013,reflection,Method.invoke,"{""class"": ""com.facebook.react.uimanager.BaseViewManager"", ""method"": ""setOpacity""}"
126019,reflection,Method.invoke,"{""class"": ""com.facebook.react.views.view.ReactViewManager"", ""method"": ""setBorderColor""}"
126032,reflection,Method.invoke,"{""class"": ""com.facebook.react.uimanager.BaseViewManager"", ""method"": ""setOpacity""}"
126043,reflection,Method.invoke,"{""class"": ""com.facebook.react.uimanager.BaseViewManager"", ""method"": ""setOpacity""}"
126054,reflection,Method.invoke,"{""class"": ""com.facebook.react.uimanager.BaseViewManager"", ""method"": ""setTransform""}"
126062,reflection,Method.invoke,"{""class"": ""com.facebook.react.uimanager.BaseViewManager"", ""method"": ""setTransform""}"
126071,reflection,Method.invoke,"{""class"": ""com.facebook.react.uimanager.BaseViewManager"", ""method"": ""setOpacity""}"
126082,reflection,Method.invoke,"{""class"": ""com.facebook.react.views.view.ReactViewManager"", ""method"": ""setBorderColor""}"
126100,reflection,Method.invoke,"{""class"": ""com.facebook.react.uimanager.BaseViewManager"", ""method"": ""setOpacity""}"
126118,reflection,Method.invoke,"{""class"": ""com.facebook.react.uimanager.BaseViewManager"", ""method"": ""setOpacity""}"
126128,reflection,Method.invoke,"{""class"": ""com.facebook.react.uimanager.BaseViewManager"", ""method"": ""setTransform""}"
126137,reflection,Method.invoke,"{""class"": ""com.facebook.react.uimanager.BaseViewManager"", ""method"": ""setTransform""}"
126144,reflection,Method.invoke,"{""class"": ""com.facebook.react.uimanager.BaseViewManager"", ""method"": ""setOpacity""}"
126152,reflection,Method.invoke,"{""class"": ""com.facebook.react.views.view.ReactViewManager"", ""method"": ""setBorderColor""}"
126163,reflection,Method.invoke,"{""class"": ""com.facebook.react.uimanager.BaseViewManager"", ""method"": ""setOpacity""}"
126177,reflection,Method.invoke,"{""class"": ""com.facebook.react.uimanager.BaseViewManager"", ""method"": ""setOpacity""}"
126188,reflection,Method.invoke,"{""class"": ""com.facebook.react.uimanager.BaseViewManager"", ""method"": ""setTransform""}"
126196,reflection,Method.invoke,"{""class"": ""com.facebook.react.uimanager.BaseViewManager"", ""method"": ""setTransform""}"
126205,reflection,Method.invoke,"{""class"": ""com.facebook.react.uimanager.BaseViewManager"", ""method"": ""setOpacity""}"
126214,reflection,Method.invoke,"{""class"": ""com.facebook.react.views.view.ReactViewManager"", ""method"": ""setBorderColor""}"
126237,reflection,Method.invoke,"{""class"": ""com.facebook.react.uimanager.BaseViewManager"", ""method"": ""setOpacity""}"
126247,reflection,Method.invoke,"{""class"": ""com.facebook.react.uimanager.BaseViewManager"", ""method"": ""setTransform""}"
126256,reflection,Method.invoke,"{""class"": ""com.facebook.react.uimanager.BaseViewManager"", ""method"": ""setTransform""}"
126263,reflection,Method.invoke,"{""class"": ""com.facebook.react.uimanager.BaseViewManager"", ""method"": ""setOpacity""}"
126272,reflection,Method.invoke,"{""class"": ""com.facebook.react.views.view.ReactViewManager"", ""method"": ""setBorderColor""}"
126288,reflection,Method.invoke,"{""class"": ""com.facebook.react.uimanager.BaseViewManager"", ""method"": ""setOpacity""}"
126298,reflection,Method.invoke,"{""class"": ""com.facebook.react.uimanager.BaseViewManager"", ""method"": ""setTransform""}"
126307,reflection,Method.invoke,"{""class"": ""com.facebook.react.uimanager.BaseViewManager"", ""method"": ""setTransform""}"
126314,reflection,Method.invoke,"{""class"": ""com.facebook.react.uimanager.BaseViewManager"", ""method"": ""setOpacity""}"
126324,reflection,Method.invoke,"{""class"": ""com.facebook.react.views.view.ReactViewManager"", ""method"": ""setBorderColor""}"
126341,reflection,Method.invoke,"{""class"": ""com.facebook.react.uimanager.BaseViewManager"", ""method"": ""setOpacity""}"
126350,reflection,Method.invoke,"{""class"": ""com.facebook.react.uimanager.BaseViewManager"", ""method"": ""setTransform""}"
126358,reflection,Method.invoke,"{""class"": ""com.facebook.react.uimanager.BaseViewManager"", ""method"": ""setTransform""}"
126366,reflection,Method.invoke,"{""class"": ""com.facebook.react.uimanager.BaseViewManager"", ""method"": ""setOpacity""}"
126375,reflection,Method.invoke,"{""class"": ""com.facebook.react.views.view.ReactViewManager"", ""method"": ""setBorderColor""}"
126395,reflection,Method.invoke,"{""class"": ""com.facebook.react.uimanager.BaseViewManager"", ""method"": ""setOpacity""}"
126407,reflection,Method.invoke,"{""class"": ""com.facebook.react.uimanager.BaseViewManager"", ""method"": ""setTransform""}"
126415,reflection,Method.invoke,"{""class"": ""com.facebook.react.uimanager.BaseViewManager"", ""method"": ""setTransform""}"
126422,reflection,Method.invoke,"{""class"": ""com.facebook.react.uimanager.BaseViewManager"", ""method"": ""setOpacity""}"
126432,reflection,Method.invoke,"{""class"": ""com.facebook.react.views.view.ReactViewManager"", ""method"": ""setBorderColor""}"
126454,reflection,Method.invoke,"{""class"": ""com.facebook.react.uimanager.BaseViewManager"", ""method"": ""setOpacity""}"
126465,reflection,Method.invoke,"{""class"": ""com.facebook.react.uimanager.BaseViewManager"", ""method"": ""setTransform""}"
126474,reflection,Method.invoke,"{""class"": ""com.facebook.react.uimanager.BaseViewManager"", ""method"": ""setTransform""}"
126482,reflection,Method.invoke,"{""class"": ""com.facebook.react.uimanager.BaseViewManager"", ""method"": ""setOpacity""}"
126489,reflection,Method.invoke,"{""class"": ""com.facebook.react.views.view.ReactViewManager"", ""method"": ""setBorderColor""}"
126507,reflection,Method.invoke,"{""class"": ""com.facebook.react.uimanager.BaseViewManager"", ""method"": ""setOpacity""}"
126518,reflection,Method.invoke,"{""class"": ""com.facebook.react.uimanager.BaseViewManager"", ""method"": ""setTransform""}"
126525,reflection,Method.invoke,"{""class"": ""com.facebook.react.uimanager.BaseViewManager"", ""method"": ""setTransform""}"
126535,reflection,Method.invoke,"{""class"": ""com.facebook.react.uimanager.BaseViewManager"", ""method"": ""setOpacity""}"
126544,reflection,Method.invoke,"{""class"": ""com.facebook.react.views.view.ReactViewManager"", ""method"": ""setBorderColor""}"
126571,reflection,Method.invoke,"{""class"": ""com.facebook.react.uimanager.BaseViewManager"", ""method"": ""setOpacity""}"
126579,reflection,Method.invoke,"{""class"": ""com.facebook.react.uimanager.BaseViewManager"", ""method"": ""setTransform""}"
126586,reflection,Method.invoke,"{""class"": ""com.facebook.react.uimanager.BaseViewManager"", ""method"": ""setTransform""}"
126595,reflection,Method.invoke,"{""class"": ""com.facebook.react.uimanager.BaseViewManager"", ""method"": ""setOpacity""}"
126603,reflection,Method.invoke,"{""class"": ""com.facebook.react.views.view.ReactViewManager"", ""method"": ""setBorderColor""}"
126621,reflection,Method.invoke,"{""class"": ""com.facebook.react.uimanager.BaseViewManager"", ""method"": ""setOpacity""}"
126631,reflection,Method.invoke,"{""class"": ""com.facebook.react.uimanager.BaseViewManager"", ""method"": ""setTransform""}"
126640,reflection,Method.invoke,"{""class"": ""com.facebook.react.uimanager.BaseViewManager"", ""method"": ""setTransform""}"
126649,reflection,Method.invoke,"{""class"": ""com.facebook.react.uimanager.BaseViewManager"", ""method"": ""setOpacity""}"
126657,reflection,Method.invoke,"{""class"": ""com.facebook.react.views.view.ReactViewManager"", ""method"": ""setBorderColor""}"
126685,reflection,Method.invoke,"{""class"": ""com.facebook.react.uimanager.BaseViewManager"", ""method"": ""setOpacity""}"
126692,reflection,Method.invoke,"{""class"": ""com.facebook.react.uimanager.BaseViewManager"", ""method"": ""setTransform""}"
126700,reflection,Method.invoke,"{""class"": ""com.facebook.react.uimanager.BaseViewManager"", ""method"": ""setTransform""}"
126709,reflection,Method.invoke,"{""class"": ""com.facebook.react.uimanager.BaseViewManager"", ""method"": ""setOpacity""}"
126717,reflection,Method.invoke,"{""class"": ""com.facebook.react.views.view.ReactViewManager"", ""method"": ""setBorderColor""}"
126737,reflection,Method.invoke,"{""class"": ""com.facebook.react.uimanager.BaseViewManager"", ""method"": ""setOpacity""}"
126745,reflection,Method.invoke,"{""class"": ""com.facebook.react.uimanager.BaseViewManager"", ""method"": ""setTransform""}"
126752,reflection,Method.invoke,"{""class"": ""com.facebook.react.uimanager.BaseViewManager"", ""method"": ""setTransform""}"
126760,reflection,Method.invoke,"{""class"": ""com.facebook.react.uimanager.BaseViewManager"", ""method"": ""setOpacity""}"
126768,reflection,Method.invoke,"{""class"": ""com.facebook.react.views.view.ReactViewManager"", ""method"": ""setBorderColor""}"
126786,reflection,Method.invoke,"{""class"": ""com.facebook.react.uimanager.BaseViewManager"", ""method"": ""setOpacity""}"
126796,reflection,Method.invoke,"{""class"": ""com.facebook.react.uimanager.BaseViewManager"", ""method"": ""setTransform""}"
126804,reflection,Method.invoke,"{""class"": ""com.facebook.react.uimanager.BaseViewManager"", ""method"": ""setTransform""}"
126812,reflection,Method.invoke,"{""class"": ""com.facebook.react.uimanager.BaseViewManager"", ""method"": ""setOpacity""}"
126820,reflection,Method.invoke,"{""class"": ""com.facebook.react.views.view.ReactViewManager"", ""method"": ""setBorderColor""}"
126839,reflection,Method.invoke,"{""class"": ""com.facebook.react.uimanager.BaseViewManager"", ""method"": ""setOpacity""}"
126850,reflection,Method.invoke,"{""class"": ""com.facebook.react.uimanager.BaseViewManager"", ""method"": ""setTransform""}"
126858,reflection,Method.invoke,"{""class"": ""com.facebook.react.uimanager.BaseViewManager"", ""method"": ""setTransform""}"
126866,reflection,Method.invoke,"{""class"": ""com.facebook.react.uimanager.BaseViewManager"", ""method"": ""setOpacity""}"
126875,reflection,Method.invoke,"{""class"": ""com.facebook.react.views.view.ReactViewManager"", ""method"": ""setBorderColor""}"
126901,reflection,Method.invoke,"{""class"": ""com.facebook.react.uimanager.BaseViewManager"", ""method"": ""setOpacity""}"
126912,reflection,Method.invoke,"{""class"": ""com.facebook.react.uimanager.BaseViewManager"", ""method"": ""setTransform""}"
126923,reflection,Method.invoke,"{""class"": ""com.facebook.react.uimanager.BaseViewManager"", ""method"": ""setTransform""}"
126937,reflection,Method.invoke,"{""class"": ""com.facebook.react.uimanager.BaseViewManager"", ""method"": ""setOpacity""}"
126944,reflection,Method.invoke,"{""class"": ""com.facebook.react.views.view.ReactViewManager"", ""method"": ""setBorderColor""}"
126966,reflection,Method.invoke,"{""class"": ""com.facebook.react.uimanager.BaseViewManager"", ""method"": ""setOpacity""}"
126973,reflection,Method.invoke,"{""class"": ""com.facebook.react.uimanager.BaseViewManager"", ""method"": ""setTransform""}"
126987,reflection,Method.invoke,"{""class"": ""com.facebook.react.uimanager.BaseViewManager"", ""method"": ""setTransform""}"
126993,reflection,Method.invoke,"{""class"": ""com.facebook.react.uimanager.BaseViewManager"", ""method"": ""setOpacity""}"
127003,reflection,Method.invoke,"{""class"": ""com.facebook.react.views.view.ReactViewManager"", ""method"": ""setBorderColor""}"
127024,reflection,Method.invoke,"{""class"": ""com.facebook.react.uimanager.BaseViewManager"", ""method"": ""setOpacity""}"
127035,reflection,Method.invoke,"{""class"": ""com.facebook.react.uimanager.BaseViewManager"", ""method"": ""setTransform""}"
127043,reflection,Method.invoke,"{""class"": ""com.facebook.react.uimanager.BaseViewManager"", ""method"": ""setTransform""}"
127052,reflection,Method.invoke,"{""class"": ""com.facebook.react.uimanager.BaseViewManager"", ""method"": ""setOpacity""}"
127059,reflection,Method.invoke,"{""class"": ""com.facebook.react.views.view.ReactViewManager"", ""method"": ""setBorderColor""}"
127076,reflection,Method.invoke,"{""class"": ""com.facebook.react.uimanager.BaseViewManager"", ""method"": ""setOpacity""}"
127089,reflection,Method.invoke,"{""class"": ""com.facebook.react.uimanager.BaseViewManager"", ""method"": ""setTransform""}"
127097,reflection,Method.invoke,"{""class"": ""com.facebook.react.uimanager.BaseViewManager"", ""method"": ""setTransform""}"
127104,reflection,Method.invoke,"{""class"": ""com.facebook.react.uimanager.BaseViewManager"", ""method"": ""setOpacity""}"
127112,reflection,Method.invoke,"{""class"": ""com.facebook.react.views.view.ReactViewManager"", ""method"": ""setBorderColor""}"
127132,reflection,Method.invoke,"{""class"": ""com.facebook.react.uimanager.BaseViewManager"", ""method"": ""setOpacity""}"
127140,reflection,Method.invoke,"{""class"": ""com.facebook.react.uimanager.BaseViewManager"", ""method"": ""setTransform""}"
127147,reflection,Method.invoke,"{""class"": ""com.facebook.react.uimanager.BaseViewManager"", ""method"": ""setTransform""}"
127156,reflection,Method.invoke,"{""class"": ""com.facebook.react.uimanager.BaseViewManager"", ""method"": ""setOpacity""}"
127164,reflection,Method.invoke,"{""class"": ""com.facebook.react.views.view.ReactViewManager"", ""method"": ""setBorderColor""}"
127190,reflection,Method.invoke,"{""class"": ""com.facebook.react.uimanager.BaseViewManager"", ""method"": ""setOpacity""}"
127199,reflection,Method.invoke,"{""class"": ""com.facebook.react.uimanager.BaseViewManager"", ""method"": ""setTransform""}"
127207,reflection,Method.invoke,"{""class"": ""com.facebook.react.uimanager.BaseViewManager"", ""method"": ""setTransform""}"
127215,reflection,Method.invoke,"{""class"": ""com.facebook.react.uimanager.BaseViewManager"", ""method"": ""setOpacity""}"
127223,reflection,Method.invoke,"{""class"": ""com.facebook.react.views.view.ReactViewManager"", ""method"": ""setBorderColor""}"
127245,reflection,Method.invoke,"{""class"": ""com.facebook.react.uimanager.BaseViewManager"", ""method"": ""setOpacity""}"
127258,reflection,Method.invoke,"{""class"": ""com.facebook.react.uimanager.BaseViewManager"", ""method"": ""setTransform""}"
127268,reflection,Method.invoke,"{""class"": ""com.facebook.react.uimanager.BaseViewManager"", ""method"": ""setTransform""}"
127279,reflection,Method.invoke,"{""class"": ""com.facebook.react.uimanager.BaseViewManager"", ""method"": ""setOpacity""}"
127287,reflection,Method.invoke,"{""class"": ""com.facebook.react.views.view.ReactViewManager"", ""method"": ""setBorderColor""}"
127305,reflection,Method.invoke,"{""class"": ""com.facebook.react.uimanager.BaseViewManager"", ""method"": ""setOpacity""}"
127317,reflection,Method.invoke,"{""class"": ""com.facebook.react.uimanager.BaseViewManager"", ""method"": ""setTransform""}"
127327,reflection,Method.invoke,"{""class"": ""com.facebook.react.uimanager.BaseViewManager"", ""method"": ""setTransform""}"
127334,reflection,Method.invoke,"{""class"": ""com.facebook.react.uimanager.BaseViewManager"", ""method"": ""setOpacity""}"
127344,reflection,Method.invoke,"{""class"": ""com.facebook.react.views.view.ReactViewManager"", ""method"": ""setBorderColor""}"
127365,reflection,Method.invoke,"{""class"": ""com.facebook.react.uimanager.BaseViewManager"", ""method"": ""setOpacity""}"
127373,reflection,Method.invoke,"{""class"": ""com.facebook.react.uimanager.BaseViewManager"", ""method"": ""setTransform""}"
127381,reflection,Method.invoke,"{""class"": ""com.facebook.react.uimanager.BaseViewManager"", ""method"": ""setTransform""}"
127391,reflection,Method.invoke,"{""class"": ""com.facebook.react.uimanager.BaseViewManager"", ""method"": ""setOpacity""}"
127403,reflection,Method.invoke,"{""class"": ""com.facebook.react.views.view.ReactViewManager"", ""method"": ""setBorderColor""}"
127425,reflection,Method.invoke,"{""class"": ""com.facebook.react.uimanager.BaseViewManager"", ""method"": ""setOpacity""}"
127435,reflection,Method.invoke,"{""class"": ""com.facebook.react.uimanager.BaseViewManager"", ""method"": ""setTransform""}"
127443,reflection,Method.invoke,"{""class"": ""com.facebook.react.uimanager.BaseViewManager"", ""method"": ""setTransform""}"
127457,reflection,Method.invoke,"{""class"": ""com.facebook.react.uimanager.BaseViewManager"", ""method"": ""setOpacity""}"
127465,reflection,Method.invoke,"{""class"": ""com.facebook.react.views.view.ReactViewManager"", ""method"": ""setBorderColor""}"
130378,reflection,Method.invoke,"{""class"": ""com.facebook.react.uimanager.BaseViewManager"", ""method"": ""setOpacity""}"
130385,reflection,Method.invoke,"{""class"": ""com.facebook.react.uimanager.BaseViewManager"", ""method"": ""setTransform""}"
130393,reflection,Method.invoke,"{""class"": ""com.facebook.react.uimanager.BaseViewManager"", ""method"": ""setTransform""}"
130399,reflection,Method.invoke,"{""class"": ""com.facebook.react.uimanager.BaseViewManager"", ""method"": ""setOpacity""}"
130408,reflection,Method.invoke,"{""class"": ""com.facebook.react.views.view.ReactViewManager"", ""method"": ""setBorderColor""}"
130418,reflection,Method.invoke,"{""class"": ""com.facebook.react.uimanager.BaseViewManager"", ""method"": ""setOpacity""}"
130431,reflection,Method.invoke,"{""class"": ""com.facebook.react.uimanager.BaseViewManager"", ""method"": ""setOpacity""}"
130438,reflection,Method.invoke,"{""class"": ""com.facebook.react.uimanager.BaseViewManager"", ""method"": ""setTransform""}"
130445,reflection,Method.invoke,"{""class"": ""com.facebook.react.uimanager.BaseViewManager"", ""method"": ""setTransform""}"
130454,reflection,Method.invoke,"{""class"": ""com.facebook.react.uimanager.BaseViewManager"", ""method"": ""setOpacity""}"
130463,reflection,Method.invoke,"{""class"": ""com.facebook.react.views.view.ReactViewManager"", ""method"": ""setBorderColor""}"
130472,reflection,Method.invoke,"{""class"": ""com.facebook.react.uimanager.BaseViewManager"", ""method"": ""setOpacity""}"
130488,reflection,Method.invoke,"{""class"": ""com.facebook.react.uimanager.BaseViewManager"", ""method"": ""setOpacity""}"
130495,reflection,Method.invoke,"{""class"": ""com.facebook.react.uimanager.BaseViewManager"", ""method"": ""setTransform""}"
130504,reflection,Method.invoke,"{""class"": ""com.facebook.react.uimanager.BaseViewManager"", ""method"": ""setTransform""}"
130514,reflection,Method.invoke,"{""class"": ""com.facebook.react.uimanager.BaseViewManager"", ""method"": ""setOpacity""}"
130522,reflection,Method.invoke,"{""class"": ""com.facebook.react.views.view.ReactViewManager"", ""method"": ""setBorderColor""}"
130534,reflection,Method.invoke,"{""class"": ""com.facebook.react.uimanager.BaseViewManager"", ""method"": ""setOpacity""}"
130548,reflection,Method.invoke,"{""class"": ""com.facebook.react.uimanager.BaseViewManager"", ""method"": ""setOpacity""}"
130553,reflection,Method.invoke,"{""class"": ""com.facebook.react.uimanager.BaseViewManager"", ""method"": ""setTransform""}"
130559,reflection,Method.invoke,"{""class"": ""com.facebook.react.uimanager.BaseViewManager"", ""method"": ""setTransform""}"
130564,reflection,Method.invoke,"{""class"": ""com.facebook.react.uimanager.BaseViewManager"", ""method"": ""setOpacity""}"
130570,reflection,Method.invoke,"{""class"": ""com.facebook.react.views.view.ReactViewManager"", ""method"": ""setBorderColor""}"
130587,reflection,Method.invoke,"{""class"": ""com.facebook.react.uimanager.BaseViewManager"", ""method"": ""setOpacity""}"
130599,reflection,Method.invoke,"{""class"": ""com.facebook.react.uimanager.BaseViewManager"", ""method"": ""setOpacity""}"
130604,reflection,Method.invoke,"{""class"": ""com.facebook.react.uimanager.BaseViewManager"", ""method"": ""setTransform""}"
130609,reflection,Method.invoke,"{""class"": ""com.facebook.react.uimanager.BaseViewManager"", ""method"": ""setTransform""}"
130614,reflection,Method.invoke,"{""class"": ""com.facebook.react.uimanager.BaseViewManager"", ""method"": ""setOpacity""}"
130619,reflection,Method.invoke,"{""class"": ""com.facebook.react.views.view.ReactViewManager"", ""method"": ""setBorderColor""}"
130632,reflection,Method.invoke,"{""class"": ""com.facebook.react.uimanager.BaseViewManager"", ""method"": ""setOpacity""}"
130642,reflection,Method.invoke,"{""class"": ""com.facebook.react.uimanager.BaseViewManager"", ""method"": ""setOpacity""}"
130649,reflection,Method.invoke,"{""class"": ""com.facebook.react.uimanager.BaseViewManager"", ""method"": ""setTransform""}"
130654,reflection,Method.invoke,"{""class"": ""com.facebook.react.uimanager.BaseViewManager"", ""method"": ""setTransform""}"
130659,reflection,Method.invoke,"{""class"": ""com.facebook.react.uimanager.BaseViewManager"", ""method"": ""setOpacity""}"
130666,reflection,Method.invoke,"{""class"": ""com.facebook.react.views.view.ReactViewManager"", ""method"": ""setBorderColor""}"
130676,reflection,Method.invoke,"{""class"": ""com.facebook.react.uimanager.BaseViewManager"", ""method"": ""setOpacity""}"
130690,reflection,Method.invoke,"{""class"": ""com.facebook.react.uimanager.BaseViewManager"", ""method"": ""setOpacity""}"
130696,reflection,Method.invoke,"{""class"": ""com.facebook.react.uimanager.BaseViewManager"", ""method"": ""setTransform""}"
130702,reflection,Method.invoke,"{""class"": ""com.facebook.react.uimanager.BaseViewManager"", ""method"": ""setTransform""}"
130707,reflection,Method.invoke,"{""class"": ""com.facebook.react.uimanager.BaseViewManager"", ""method"": ""setOpacity""}"
130712,reflection,Method.invoke,"{""class"": ""com.facebook.react.views.view.ReactViewManager"", ""method"": ""setBorderColor""}"
130728,reflection,Method.invoke,"{""class"": ""com.facebook.react.uimanager.BaseViewManager"", ""method"": ""setOpacity""}"
130737,reflection,Method.invoke,"{""class"": ""com.facebook.react.uimanager.BaseViewManager"", ""method"": ""setTransform""}"
130741,reflection,Method.invoke,"{""class"": ""com.facebook.react.uimanager.BaseViewManager"", ""method"": ""setTransform""}"
130747,reflection,Method.invoke,"{""class"": ""com.facebook.react.uimanager.BaseViewManager"", ""method"": ""setOpacity""}"
130753,reflection,Method.invoke,"{""class"": ""com.facebook.react.views.view.ReactViewManager"", ""method"": ""setBorderColor""}"
130769,reflection,Method.invoke,"{""class"": ""com.facebook.react.uimanager.BaseViewManager"", ""method"": ""setOpacity""}"
130774,reflection,Method.invoke,"{""class"": ""com.facebook.react.uimanager.BaseViewManager"", ""method"": ""setTransform""}"
130782,reflection,Method.invoke,"{""class"": ""com.facebook.react.uimanager.BaseViewManager"", ""method"": ""setTransform""}"
130787,reflection,Method.invoke,"{""class"": ""com.facebook.react.uimanager.BaseViewManager"", ""method"": ""setOpacity""}"
130792,reflection,Method.invoke,"{""class"": ""com.facebook.react.views.view.ReactViewManager"", ""method"": ""setBorderColor""}"
130817,reflection,Method.invoke,"{""class"": ""com.facebook.react.uimanager.BaseViewManager"", ""method"": ""setOpacity""}"
130821,reflection,Method.invoke,"{""class"": ""com.facebook.react.uimanager.BaseViewManager"", ""method"": ""setTransform""}"
130826,reflection,Method.invoke,"{""class"": ""com.facebook.react.uimanager.BaseViewManager"", ""method"": ""setTransform""}"
130831,reflection,Method.invoke,"{""class"": ""com.facebook.react.uimanager.BaseViewManager"", ""method"": ""setOpacity""}"
130837,reflection,Method.invoke,"{""class"": ""com.facebook.react.views.view.ReactViewManager"", ""method"": ""setBorderColor""}"
130853,reflection,Method.invoke,"{""class"": ""com.facebook.react.uimanager.BaseViewManager"", ""method"": ""setOpacity""}"
130858,reflection,Method.invoke,"{""class"": ""com.facebook.react.uimanager.BaseViewManager"", ""method"": ""setTransform""}"
130866,reflection,Method.invoke,"{""class"": ""com.facebook.react.uimanager.BaseViewManager"", ""method"": ""setTransform""}"
130871,reflection,Method.invoke,"{""class"": ""com.facebook.react.uimanager.BaseViewManager"", ""method"": ""setOpacity""}"
130876,reflection,Method.invoke,"{""class"": ""com.facebook.react.views.view.ReactViewManager"", ""method"": ""setBorderColor""}"
130901,reflection,Method.invoke,"{""class"": ""com.facebook.react.uimanager.BaseViewManager"", ""method"": ""setOpacity""}"
130906,reflection,Method.invoke,"{""class"": ""com.facebook.react.uimanager.BaseViewManager"", ""method"": ""setTransform""}"
130911,reflection,Method.invoke,"{""class"": ""com.facebook.react.uimanager.BaseViewManager"", ""method"": ""setTransform""}"
130916,reflection,Method.invoke,"{""class"": ""com.facebook.react.uimanager.BaseViewManager"", ""method"": ""setOpacity""}"
130921,reflection,Method.invoke,"{""class"": ""com.facebook.react.views.view.ReactViewManager"", ""method"": ""setBorderColor""}"
130936,reflection,Method.invoke,"{""class"": ""com.facebook.react.uimanager.BaseViewManager"", ""method"": ""setOpacity""}"
130941,reflection,Method.invoke,"{""class"": ""com.facebook.react.uimanager.BaseViewManager"", ""method"": ""setTransform""}"
130949,reflection,Method.invoke,"{""class"": ""com.facebook.react.uimanager.BaseViewManager"", ""method"": ""setTransform""}"
130954,reflection,Method.invoke,"{""class"": ""com.facebook.react.uimanager.BaseViewManager"", ""method"": ""setOpacity""}"
130959,reflection,Method.invoke,"{""class"": ""com.facebook.react.views.view.ReactViewManager"", ""method"": ""setBorderColor""}"
130981,reflection,Method.invoke,"{""class"": ""com.facebook.react.uimanager.BaseViewManager"", ""method"": ""setOpacity""}"
130988,reflection,Method.invoke,"{""class"": ""com.facebook.react.uimanager.BaseViewManager"", ""method"": ""setTransform""}"
130994,reflection,Method.invoke,"{""class"": ""com.facebook.react.uimanager.BaseViewManager"", ""method"": ""setTransform""}"
130999,reflection,Method.invoke,"{""class"": ""com.facebook.react.uimanager.BaseViewManager"", ""method"": ""setOpacity""}"
131004,reflection,Method.invoke,"{""class"": ""com.facebook.react.views.view.ReactViewManager"", ""method"": ""setBorderColor""}"
131019,reflection,Method.invoke,"{""class"": ""com.facebook.react.uimanager.BaseViewManager"", ""method"": ""setOpacity""}"
131025,reflection,Method.invoke,"{""class"": ""com.facebook.react.uimanager.BaseViewManager"", ""method"": ""setTransform""}"
131032,reflection,Method.invoke,"{""class"": ""com.facebook.react.uimanager.BaseViewManager"", ""method"": ""setTransform""}"
131038,reflection,Method.invoke,"{""class"": ""com.facebook.react.uimanager.BaseViewManager"", ""method"": ""setOpacity""}"
131043,reflection,Method.invoke,"{""class"": ""com.facebook.react.views.view.ReactViewManager"", ""method"": ""setBorderColor""}"
131059,reflection,Method.invoke,"{""class"": ""com.facebook.react.uimanager.BaseViewManager"", ""method"": ""setOpacity""}"
131067,reflection,Method.invoke,"{""class"": ""com.facebook.react.uimanager.BaseViewManager"", ""method"": ""setTransform""}"
131072,reflection,Method.invoke,"{""class"": ""com.facebook.react.uimanager.BaseViewManager"", ""method"": ""setTransform""}"
131077,reflection,Method.invoke,"{""class"": ""com.facebook.react.uimanager.BaseViewManager"", ""method"": ""setOpacity""}"
131082,reflection,Method.invoke,"{""class"": ""com.facebook.react.views.view.ReactViewManager"", ""method"": ""setBorderColor""}"
131100,reflection,Method.invoke,"{""class"": ""com.facebook.react.uimanager.BaseViewManager"", ""method"": ""setOpacity""}"
131106,reflection,Method.invoke,"{""class"": ""com.facebook.react.uimanager.BaseViewManager"", ""method"": ""setTransform""}"
131111,reflection,Method.invoke,"{""class"": ""com.facebook.react.uimanager.BaseViewManager"", ""method"": ""setTransform""}"
131116,reflection,Method.invoke,"{""class"": ""com.facebook.react.uimanager.BaseViewManager"", ""method"": ""setOpacity""}"
131122,reflection,Method.invoke,"{""class"": ""com.facebook.react.views.view.ReactViewManager"", ""method"": ""setBorderColor""}"
131137,reflection,Method.invoke,"{""class"": ""com.facebook.react.uimanager.BaseViewManager"", ""method"": ""setOpacity""}"
131142,reflection,Method.invoke,"{""class"": ""com.facebook.react.uimanager.BaseViewManager"", ""method"": ""setTransform""}"
131149,reflection,Method.invoke,"{""class"": ""com.facebook.react.uimanager.BaseViewManager"", ""method"": ""setTransform""}"
131154,reflection,Method.invoke,"{""class"": ""com.facebook.react.uimanager.BaseViewManager"", ""method"": ""setOpacity""}"
131159,reflection,Method.invoke,"{""class"": ""com.facebook.react.views.view.ReactViewManager"", ""method"": ""setBorderColor""}"
131182,reflection,Method.invoke,"{""class"": ""com.facebook.react.uimanager.BaseViewManager"", ""method"": ""setOpacity""}"
131187,reflection,Method.invoke,"{""class"": ""com.facebook.react.uimanager.BaseViewManager"", ""method"": ""setTransform""}"
131192,reflection,Method.invoke,"{""class"": ""com.facebook.react.uimanager.BaseViewManager"", ""method"": ""setTransform""}"
131197,reflection,Method.invoke,"{""class"": ""com.facebook.react.uimanager.BaseViewManager"", ""method"": ""setOpacity""}"
131202,reflection,Method.invoke,"{""class"": ""com.facebook.react.views.view.ReactViewManager"", ""method"": ""setBorderColor""}"
131223,reflection,Method.invoke,"{""class"": ""com.facebook.react.uimanager.BaseViewManager"", ""method"": ""setOpacity""}"
131231,reflection,Method.invoke,"{""class"": ""com.facebook.react.uimanager.BaseViewManager"", ""method"": ""setTransform""}"
131238,reflection,Method.invoke,"{""class"": ""com.facebook.react.uimanager.BaseViewManager"", ""method"": ""setTransform""}"
131243,reflection,Method.invoke,"{""class"": ""com.facebook.react.uimanager.BaseViewManager"", ""method"": ""setOpacity""}"
131248,reflection,Method.invoke,"{""class"": ""com.facebook.react.views.view.ReactViewManager"", ""method"": ""setBorderColor""}"
131269,reflection,Method.invoke,"{""class"": ""com.facebook.react.uimanager.BaseViewManager"", ""method"": ""setOpacity""}"
131274,reflection,Method.invoke,"{""class"": ""com.facebook.react.uimanager.BaseViewManager"", ""method"": ""setTransform""}"
131282,reflection,Method.invoke,"{""class"": ""com.facebook.react.uimanager.BaseViewManager"", ""method"": ""setTransform""}"
131287,reflection,Method.invoke,"{""class"": ""com.facebook.react.uimanager.BaseViewManager"", ""method"": ""setOpacity""}"
131292,reflection,Method.invoke,"{""class"": ""com.facebook.react.views.view.ReactViewManager"", ""method"": ""setBorderColor""}"
131307,reflection,Method.invoke,"{""class"": ""com.facebook.react.uimanager.BaseViewManager"", ""method"": ""setOpacity""}"
131315,reflection,Method.invoke,"{""class"": ""com.facebook.react.uimanager.BaseViewManager"", ""method"": ""setTransform""}"
131320,reflection,Method.invoke,"{""class"": ""com.facebook.react.uimanager.BaseViewManager"", ""method"": ""setTransform""}"
131326,reflection,Method.invoke,"{""class"": ""com.facebook.react.uimanager.BaseViewManager"", ""method"": ""setOpacity""}"
131331,reflection,Method.invoke,"{""class"": ""com.facebook.react.views.view.ReactViewManager"", ""method"": ""setBorderColor""}"
131348,reflection,Method.invoke,"{""class"": ""com.facebook.react.uimanager.BaseViewManager"", ""method"": ""setOpacity""}"
131354,reflection,Method.invoke,"{""class"": ""com.facebook.react.uimanager.BaseViewManager"", ""method"": ""setTransform""}"
131359,reflection,Method.invoke,"{""class"": ""com.facebook.react.uimanager.BaseViewManager"", ""method"": ""setTransform""}"
131364,reflection,Method.invoke,"{""class"": ""com.facebook.react.uimanager.BaseViewManager"", ""method"": ""setOpacity""}"
131369,reflection,Method.invoke,"{""class"": ""com.facebook.react.views.view.ReactViewManager"", ""method"": ""setBorderColor""}"
131384,reflection,Method.invoke,"{""class"": ""com.facebook.react.uimanager.BaseViewManager"", ""method"": ""setOpacity""}"
131389,reflection,Method.invoke,"{""class"": ""com.facebook.react.uimanager.BaseViewManager"", ""method"": ""setTransform""}"
131394,reflection,Method.invoke,"{""class"": ""com.facebook.react.uimanager.BaseViewManager"", ""method"": ""setTransform""}"
131401,reflection,Method.invoke,"{""class"": ""com.facebook.react.uimanager.BaseViewManager"", ""method"": ""setOpacity""}"
131407,reflection,Method.invoke,"{""class"": ""com.facebook.react.views.view.ReactViewManager"", ""method"": ""setBorderColor""}"
131424,reflection,Method.invoke,"{""class"": ""com.facebook.react.uimanager.BaseViewManager"", ""method"": ""setOpacity""}"
131431,reflection,Method.invoke,"{""class"": ""com.facebook.react.uimanager.BaseViewManager"", ""method"": ""setTransform""}"
131437,reflection,Method.invoke,"{""class"": ""com.facebook.react.uimanager.BaseViewManager"", ""method"": ""setTransform""}"
131443,reflection,Method.invoke,"{""class"": ""com.facebook.react.uimanager.BaseViewManager"", ""method"": ""setOpacity""}"
131448,reflection,Method.invoke,"{""class"": ""com.facebook.react.views.view.ReactViewManager"", ""method"": ""setBorderColor""}"
131467,reflection,Method.invoke,"{""class"": ""com.facebook.react.uimanager.BaseViewManager"", ""method"": ""setOpacity""}"
131477,reflection,Method.invoke,"{""class"": ""com.facebook.react.uimanager.BaseViewManager"", ""method"": ""setTransform""}"
131482,reflection,Method.invoke,"{""class"": ""com.facebook.react.uimanager.BaseViewManager"", ""method"": ""setTransform""}"
131487,reflection,Method.invoke,"{""class"": ""com.facebook.react.uimanager.BaseViewManager"", ""method"": ""setOpacity""}"
131493,reflection,Method.invoke,"{""class"": ""com.facebook.react.views.view.ReactViewManager"", ""method"": ""setBorderColor""}"
131509,reflection,Method.invoke,"{""class"": ""com.facebook.react.uimanager.BaseViewManager"", ""method"": ""setOpacity""}"
131518,reflection,Method.invoke,"{""class"": ""com.facebook.react.uimanager.BaseViewManager"", ""method"": ""setTransform""}"
131523,reflection,Method.invoke,"{""class"": ""com.facebook.react.uimanager.BaseViewManager"", ""method"": ""setTransform""}"
131529,reflection,Method.invoke,"{""class"": ""com.facebook.react.uimanager.BaseViewManager"", ""method"": ""setOpacity""}"
131535,reflection,Method.invoke,"{""class"": ""com.facebook.react.views.view.ReactViewManager"", ""method"": ""setBorderColor""}"
131555,reflection,Method.invoke,"{""class"": ""com.facebook.react.uimanager.BaseViewManager"", ""method"": ""setOpacity""}"
131560,reflection,Method.invoke,"{""class"": ""com.facebook.react.uimanager.BaseViewManager"", ""method"": ""setTransform""}"
131569,reflection,Method.invoke,"{""class"": ""com.facebook.react.uimanager.BaseViewManager"", ""method"": ""setTransform""}"
131574,reflection,Method.invoke,"{""class"": ""com.facebook.react.uimanager.BaseViewManager"", ""method"": ""setOpacity""}"
131580,reflection,Method.invoke,"{""class"": ""com.facebook.react.views.view.ReactViewManager"", ""method"": ""setBorderColor""}"
131596,reflection,Method.invoke,"{""class"": ""com.facebook.react.uimanager.BaseViewManager"", ""method"": ""setOpacity""}"
131603,reflection,Method.invoke,"{""class"": ""com.facebook.react.uimanager.BaseViewManager"", ""method"": ""setTransform""}"
131608,reflection,Method.invoke,"{""class"": ""com.facebook.react.uimanager.BaseViewManager"", ""method"": ""setTransform""}"
131613,reflection,Method.invoke,"{""class"": ""com.facebook.react.uimanager.BaseViewManager"", ""method"": ""setOpacity""}"
131619,reflection,Method.invoke,"{""class"": ""com.facebook.react.views.view.ReactViewManager"", ""method"": ""setBorderColor""}"
131635,reflection,Method.invoke,"{""class"": ""com.facebook.react.uimanager.BaseViewManager"", ""method"": ""setOpacity""}"
131640,reflection,Method.invoke,"{""class"": ""com.facebook.react.uimanager.BaseViewManager"", ""method"": ""setTransform""}"
131648,reflection,Method.invoke,"{""class"": ""com.facebook.react.uimanager.BaseViewManager"", ""method"": ""setTransform""}"
131653,reflection,Method.invoke,"{""class"": ""com.facebook.react.uimanager.BaseViewManager"", ""method"": ""setOpacity""}"
131658,reflection,Method.invoke,"{""class"": ""com.facebook.react.views.view.ReactViewManager"", ""method"": ""setBorderColor""}"
131684,reflection,Method.invoke,"{""class"": ""com.facebook.react.uimanager.BaseViewManager"", ""method"": ""setOpacity""}"
131689,reflection,Method.invoke,"{""class"": ""com.facebook.react.uimanager.BaseViewManager"", ""method"": ""setTransform""}"
131693,reflection,Method.invoke,"{""class"": ""com.facebook.react.uimanager.BaseViewManager"", ""method"": ""setTransform""}"
131699,reflection,Method.invoke,"{""class"": ""com.facebook.react.uimanager.BaseViewManager"", ""method"": ""setOpacity""}"
131704,reflection,Method.invoke,"{""class"": ""com.facebook.react.views.view.ReactViewManager"", ""method"": ""setBorderColor""}"
131734,reflection,Method.invoke,"{""class"": ""com.facebook.react.uimanager.BaseViewManager"", ""method"": ""setOpacity""}"
131739,reflection,Method.invoke,"{""class"": ""com.facebook.react.uimanager.BaseViewManager"", ""method"": ""setTransform""}"
131745,reflection,Method.invoke,"{""class"": ""com.facebook.react.uimanager.BaseViewManager"", ""method"": ""setTransform""}"
131750,reflection,Method.invoke,"{""class"": ""com.facebook.react.uimanager.BaseViewManager"", ""method"": ""setOpacity""}"
131755,reflection,Method.invoke,"{""class"": ""com.facebook.react.views.view.ReactViewManager"", ""method"": ""setBorderColor""}"
131772,reflection,Method.invoke,"{""class"": ""com.facebook.react.uimanager.BaseViewManager"", ""method"": ""setOpacity""}"
131777,reflection,Method.invoke,"{""class"": ""com.facebook.react.uimanager.BaseViewManager"", ""method"": ""setTransform""}"
131786,reflection,Method.invoke,"{""class"": ""com.facebook.react.uimanager.BaseViewManager"", ""method"": ""setTransform""}"
131791,reflection,Method.invoke,"{""class"": ""com.facebook.react.uimanager.BaseViewManager"", ""method"": ""setOpacity""}"
131797,reflection,Method.invoke,"{""class"": ""com.facebook.react.views.view.ReactViewManager"", ""method"": ""setBorderColor""}"
131816,reflection,Method.invoke,"{""class"": ""com.facebook.react.uimanager.BaseViewManager"", ""method"": ""setOpacity""}"
131822,reflection,Method.invoke,"{""class"": ""com.facebook.react.uimanager.BaseViewManager"", ""method"": ""setTransform""}"
131828,reflection,Method.invoke,"{""class"": ""com.facebook.react.uimanager.BaseViewManager"", ""method"": ""setTransform""}"
131833,reflection,Method.invoke,"{""class"": ""com.facebook.react.uimanager.BaseViewManager"", ""method"": ""setOpacity""}"
131838,reflection,Method.invoke,"{""class"": ""com.facebook.react.views.view.ReactViewManager"", ""method"": ""setBorderColor""}"
131860,reflection,Method.invoke,"{""class"": ""com.facebook.react.uimanager.BaseViewManager"", ""method"": ""setOpacity""}"
131868,reflection,Method.invoke,"{""class"": ""com.facebook.react.uimanager.BaseViewManager"", ""method"": ""setTransform""}"
131874,reflection,Method.invoke,"{""class"": ""com.facebook.react.uimanager.BaseViewManager"", ""method"": ""setTransform""}"
131879,reflection,Method.invoke,"{""class"": ""com.facebook.react.uimanager.BaseViewManager"", ""method"": ""setOpacity""}"
131885,reflection,Method.invoke,"{""class"": ""com.facebook.react.views.view.ReactViewManager"", ""method"": ""setBorderColor""}"
131910,reflection,Method.invoke,"{""class"": ""com.facebook.react.uimanager.BaseViewManager"", ""method"": ""setOpacity""}"
131920,reflection,Method.invoke,"{""class"": ""com.facebook.react.uimanager.BaseViewManager"", ""method"": ""setTransform""}"
131925,reflection,Method.invoke,"{""class"": ""com.facebook.react.uimanager.BaseViewManager"", ""method"": ""setTransform""}"
131934,reflection,Method.invoke,"{""class"": ""com.facebook.react.uimanager.BaseViewManager"", ""method"": ""setOpacity""}"
131939,reflection,Method.invoke,"{""class"": ""com.facebook.react.views.view.ReactViewManager"", ""method"": ""setBorderColor""}"
153067,lifecycle,hook_loaded,"{""stage"": ""java_perform"", ""version"": ""3""}"
154647,reflection,Method.invoke,"{""class"": ""com.facebook.react.uimanager.H0$a"", ""method"": ""values""}"
154701,reflection,Method.invoke,"{""class"": ""com.facebook.react.uimanager.BaseViewManager"", ""method"": ""setOpacity""}"
154722,reflection,Method.invoke,"{""class"": ""com.facebook.react.views.view.ReactViewManager"", ""method"": ""setPointerEvents""}"
154731,reflection,Method.invoke,"{""class"": ""com.facebook.react.uimanager.BaseViewManager"", ""method"": ""setBackgroundColor""}"
154742,reflection,Method.invoke,"{""class"": ""com.facebook.react.views.view.ReactViewManager"", ""method"": ""setCollapsable""}"
154756,reflection,Method.invoke,"{""class"": ""com.facebook.react.uimanager.BaseViewManager"", ""method"": ""setOpacity""}"
154777,reflection,Method.invoke,"{""class"": ""com.facebook.react.uimanager.BaseViewManager"", ""method"": ""setOpacity""}"
154784,reflection,Method.invoke,"{""class"": ""android.os.SystemProperties"", ""method"": ""get""}"
154802,reflection,Method.invoke,"{""class"": ""com.facebook.react.uimanager.BaseViewManager"", ""method"": ""setOpacity""}"
154808,reflection,Method.invoke,"{""class"": ""android.os.SystemProperties"", ""method"": ""get""}"
154825,reflection,Method.invoke,"{""class"": ""java.util.Locale"", ""method"": ""getDefault""}"
154826,reflection,Method.invoke,"{""class"": ""com.facebook.react.uimanager.BaseViewManager"", ""method"": ""setOpacity""}"
154840,reflection,Method.invoke,"{""class"": ""com.facebook.react.uimanager.BaseViewManager"", ""method"": ""setOpacity""}"
154858,reflection,Method.invoke,"{""class"": ""android.os.SystemProperties"", ""method"": ""get""}"
154866,reflection,Method.invoke,"{""class"": ""com.facebook.react.views.view.ReactViewManager"", ""method"": ""setCollapsable""}"
154879,reflection,Method.invoke,"{""class"": ""android.os.SystemProperties"", ""method"": ""get""}"
154882,reflection,Method.invoke,"{""class"": ""com.facebook.react.uimanager.BaseViewManager"", ""method"": ""setOpacity""}"
154895,reflection,Method.invoke,"{""class"": ""java.util.Locale"", ""method"": ""getDefault""}"
154906,reflection,Method.invoke,"{""class"": ""com.facebook.react.uimanager.BaseViewManager"", ""method"": ""setOpacity""}"
154921,reflection,Method.invoke,"{""class"": ""android.os.SystemProperties"", ""method"": ""get""}"
154930,reflection,Method.invoke,"{""class"": ""com.facebook.react.uimanager.BaseViewManager"", ""method"": ""setOpacity""}"
154943,reflection,Method.invoke,"{""class"": ""android.os.SystemProperties"", ""method"": ""get""}"
154945,reflection,Method.invoke,"{""class"": ""com.facebook.react.views.view.ReactViewManager"", ""method"": ""setPointerEvents""}"
154965,reflection,Method.invoke,"{""class"": ""com.facebook.react.uimanager.BaseViewManager"", ""method"": ""setBackgroundColor""}"
154966,reflection,Method.invoke,"{""class"": ""java.util.Locale"", ""method"": ""getDefault""}"
154978,reflection,Method.invoke,"{""class"": ""com.facebook.react.views.view.ReactViewManager"", ""method"": ""setCollapsable""}"
154988,reflection,Method.invoke,"{""class"": ""android.os.SystemProperties"", ""method"": ""get""}"
155002,reflection,Method.invoke,"{""class"": ""com.facebook.react.uimanager.BaseViewManager"", ""method"": ""setOpacity""}"
155011,reflection,Method.invoke,"{""class"": ""android.os.SystemProperties"", ""method"": ""get""}"
155017,reflection,Method.invoke,"{""class"": ""com.facebook.react.uimanager.BaseViewManager"", ""method"": ""setOpacity""}"
155032,reflection,Method.invoke,"{""class"": ""com.facebook.react.uimanager.BaseViewManager"", ""method"": ""setOpacity""}"
155038,reflection,Method.invoke,"{""class"": ""java.util.Locale"", ""method"": ""getDefault""}"
155046,reflection,Method.invoke,"{""class"": ""android.os.SystemProperties"", ""method"": ""get""}"
155060,reflection,Method.invoke,"{""class"": ""com.facebook.react.views.text.ReactTextAnchorViewManager"", ""method"": ""setAccessible$ReactAndroid_release""}"
155071,reflection,Method.invoke,"{""class"": ""android.os.SystemProperties"", ""method"": ""get""}"
155076,reflection,Method.invoke,"{""class"": ""com.facebook.react.views.text.ReactTextAnchorViewManager"", ""method"": ""setFontSize$ReactAndroid_release""}"
155091,reflection,Method.invoke,"{""class"": ""com.facebook.react.views.text.ReactTextAnchorViewManager"", ""method"": ""setEllipsizeMode$ReactAndroid_release""}"
155100,reflection,Method.invoke,"{""class"": ""java.util.Locale"", ""method"": ""getDefault""}"
155112,reflection,Method.invoke,"{""class"": ""java.util.Locale"", ""method"": ""getDefault""}"
155118,reflection,Method.invoke,"{""class"": ""com.facebook.react.views.text.ReactTextAnchorViewManager"", ""method"": ""setAccessible$ReactAndroid_release""}"
155130,reflection,Method.invoke,"{""class"": ""com.facebook.react.views.text.ReactTextAnchorViewManager"", ""method"": ""setFontSize$ReactAndroid_release""}"
155146,reflection,Method.invoke,"{""class"": ""com.facebook.react.views.text.ReactTextAnchorViewManager"", ""method"": ""setEllipsizeMode$ReactAndroid_release""}"
155149,reflection,Method.invoke,"{""class"": ""java.util.Locale"", ""method"": ""getDefault""}"
155173,reflection,Method.invoke,"{""class"": ""com.facebook.react.uimanager.BaseViewManager"", ""method"": ""setBackgroundColor""}"
155183,reflection,Method.invoke,"{""class"": ""com.facebook.react.views.view.ReactViewManager"", ""method"": ""setBorderRadius""}"
155201,reflection,Method.invoke,"{""class"": ""com.facebook.react.views.view.ReactViewManager"", ""method"": ""setHitSlop""}"
155211,reflection,Method.invoke,"{""class"": ""com.facebook.react.uimanager.BaseViewManager"", ""method"": ""setResponderMove""}"
155220,reflection,Method.invoke,"{""class"": ""com.facebook.react.views.view.ReactViewManager"", ""method"": ""setAccessible""}"
155228,reflection,Method.invoke,"{""class"": ""com.facebook.react.uimanager.BaseViewManager"", ""method"": ""setOpacity""}"
155236,reflection,Method.invoke,"{""class"": ""com.facebook.react.uimanager.BaseViewManager"", ""method"": ""setResponderGrant""}"
155244,reflection,Method.invoke,"{""class"": ""com.facebook.react.uimanager.BaseViewManager"", ""method"": ""setStartShouldSetResponder""}"
155252,reflection,Method.invoke,"{""class"": ""com.facebook.react.uimanager.BaseViewManager"", ""method"": ""setResponderTerminationRequest""}"
155259,reflection,Method.invoke,"{""class"": ""com.facebook.react.uimanager.BaseViewManager"", ""method"": ""setResponderRelease""}"
155267,reflection,Method.invoke,"{""class"": ""com.facebook.react.uimanager.BaseViewManager"", ""method"": ""setResponderTerminate""}"
155274,reflection,Method.invoke,"{""class"": ""com.facebook.react.views.view.ReactViewManager"", ""method"": ""setFocusable""}"
155281,reflection,Method.invoke,"{""class"": ""com.facebook.react.uimanager.BaseViewManager"", ""method"": ""setClick""}"
155290,reflection,Method.invoke,"{""class"": ""com.facebook.react.views.view.ReactViewManager"", ""method"": ""setCollapsable""}"
155298,reflection,Method.invoke,"{""class"": ""com.facebook.react.uimanager.BaseViewManager"", ""method"": ""setAccessibilityValue""}"
155305,reflection,Method.invoke,"{""class"": ""com.facebook.react.uimanager.BaseViewManager"", ""method"": ""setViewState""}"
155314,reflection,Method.invoke,"{""class"": ""com.facebook.react.uimanager.BaseViewManager"", ""method"": ""setBackgroundColor""}"
155321,reflection,Method.invoke,"{""class"": ""com.facebook.react.views.view.ReactViewManager"", ""method"": ""setBorderWidth""}"
155330,reflection,Method.invoke,"{""class"": ""com.facebook.react.views.view.ReactViewManager"", ""method"": ""setBorderColor""}"
155340,reflection,Method.invoke,"{""class"": ""com.facebook.react.views.view.ReactViewManager"", ""method"": ""setPointerEvents""}"
155346,reflection,Method.invoke,"{""class"": ""com.facebook.react.uimanager.BaseViewManager"", ""method"": ""setZIndex""}"
155355,reflection,Method.invoke,"{""class"": ""com.facebook.react.views.view.ReactViewManager"", ""method"": ""setCollapsable""}"
155361,reflection,Method.invoke,"{""class"": ""com.facebook.react.uimanager.BaseViewManager"", ""method"": ""setBackgroundColor""}"
155369,reflection,Method.invoke,"{""class"": ""com.facebook.react.views.view.ReactViewManager"", ""method"": ""setBorderRadius""}"
155378,reflection,Method.invoke,"{""class"": ""com.facebook.react.uimanager.BaseViewManager"", ""method"": ""setElevation""}"
155385,reflection,Method.invoke,"{""class"": ""com.facebook.react.views.text.ReactTextAnchorViewManager"", ""method"": ""setAccessible$ReactAndroid_release""}"
155391,reflection,Method.invoke,"{""class"": ""com.facebook.react.views.text.ReactTextAnchorViewManager"", ""method"": ""setFontSize$ReactAndroid_release""}"
155399,reflection,Method.invoke,"{""class"": ""com.facebook.react.views.text.ReactTextAnchorViewManager"", ""method"": ""setEllipsizeMode$ReactAndroid_release""}"
155409,reflection,Method.invoke,"{""class"": ""com.facebook.react.views.view.ReactViewManager"", ""method"": ""setBorderRadius""}"
155419,reflection,Method.invoke,"{""class"": ""com.facebook.react.views.view.ReactViewManager"", ""method"": ""setBorderRadius""}"
155427,reflection,Method.invoke,"{""class"": ""com.facebook.react.uimanager.BaseViewManager"", ""method"": ""setBackgroundColor""}"
155434,reflection,Method.invoke,"{""class"": ""com.facebook.react.views.text.ReactTextAnchorViewManager"", ""method"": ""setAccessible$ReactAndroid_release""}"
155442,reflection,Method.invoke,"{""class"": ""com.facebook.react.views.text.ReactTextAnchorViewManager"", ""method"": ""setEllipsizeMode$ReactAndroid_release""}"
155450,reflection,Method.invoke,"{""class"": ""com.facebook.react.views.text.ReactTextAnchorViewManager"", ""method"": ""setFontSize$ReactAndroid_release""}"
155458,reflection,Method.invoke,"{""class"": ""com.facebook.react.uimanager.BaseViewManager"", ""method"": ""setBackgroundColor""}"
155465,reflection,Method.invoke,"{""class"": ""com.facebook.react.views.text.ReactTextAnchorViewManager"", ""method"": ""setAccessible$ReactAndroid_release""}"
155474,reflection,Method.invoke,"{""class"": ""com.facebook.react.views.text.ReactTextAnchorViewManager"", ""method"": ""setEllipsizeMode$ReactAndroid_release""}"
155483,reflection,Method.invoke,"{""class"": ""com.facebook.react.views.text.ReactTextAnchorViewManager"", ""method"": ""setFontSize$ReactAndroid_release""}"
155491,reflection,Method.invoke,"{""class"": ""com.facebook.react.views.text.ReactTextAnchorViewManager"", ""method"": ""setAccessible$ReactAndroid_release""}"
155500,reflection,Method.invoke,"{""class"": ""com.facebook.react.views.text.ReactTextAnchorViewManager"", ""method"": ""setEllipsizeMode$ReactAndroid_release""}"
155507,reflection,Method.invoke,"{""class"": ""com.facebook.react.uimanager.BaseViewManager"", ""method"": ""setBackgroundColor""}"
155514,reflection,Method.invoke,"{""class"": ""com.facebook.react.views.view.ReactViewManager"", ""method"": ""setBorderRadius""}"
155522,reflection,Method.invoke,"{""class"": ""com.facebook.react.views.view.ReactViewManager"", ""method"": ""setBorderRadius""}"
155531,reflection,Method.invoke,"{""class"": ""com.facebook.react.views.text.ReactTextAnchorViewManager"", ""method"": ""setAccessible$ReactAndroid_release""}"
155538,reflection,Method.invoke,"{""class"": ""com.facebook.react.views.text.ReactTextAnchorViewManager"", ""method"": ""setFontSize$ReactAndroid_release""}"
155548,reflection,Method.invoke,"{""class"": ""com.facebook.react.views.text.ReactTextAnchorViewManager"", ""method"": ""setEllipsizeMode$ReactAndroid_release""}"
155558,reflection,Method.invoke,"{""class"": ""com.facebook.react.views.view.ReactViewManager"", ""method"": ""setBorderRadius""}"
155568,reflection,Method.invoke,"{""class"": ""com.facebook.react.views.view.ReactViewManager"", ""method"": ""setBorderRadius""}"
155575,reflection,Method.invoke,"{""class"": ""com.facebook.react.uimanager.BaseViewManager"", ""method"": ""setBackgroundColor""}"
155583,reflection,Method.invoke,"{""class"": ""com.facebook.react.views.text.ReactTextAnchorViewManager"", ""method"": ""setAccessible$ReactAndroid_release""}"
155590,reflection,Method.invoke,"{""class"": ""com.facebook.react.views.text.ReactTextAnchorViewManager"", ""method"": ""setEllipsizeMode$ReactAndroid_release""}"
155597,reflection,Method.invoke,"{""class"": ""com.facebook.react.views.text.ReactTextAnchorViewManager"", ""method"": ""setFontSize$ReactAndroid_release""}"
155603,reflection,Method.invoke,"{""class"": ""com.facebook.react.uimanager.BaseViewManager"", ""method"": ""setBackgroundColor""}"
155609,reflection,Method.invoke,"{""class"": ""com.facebook.react.views.text.ReactTextAnchorViewManager"", ""method"": ""setAccessible$ReactAndroid_release""}"
155617,reflection,Method.invoke,"{""class"": ""com.facebook.react.views.text.ReactTextAnchorViewManager"", ""method"": ""setEllipsizeMode$ReactAndroid_release""}"
155625,reflection,Method.invoke,"{""class"": ""com.facebook.react.views.text.ReactTextAnchorViewManager"", ""method"": ""setFontSize$ReactAndroid_release""}"
155631,reflection,Method.invoke,"{""class"": ""com.facebook.react.views.text.ReactTextAnchorViewManager"", ""method"": ""setAccessible$ReactAndroid_release""}"
155640,reflection,Method.invoke,"{""class"": ""com.facebook.react.views.text.ReactTextAnchorViewManager"", ""method"": ""setEllipsizeMode$ReactAndroid_release""}"
155647,reflection,Method.invoke,"{""class"": ""com.facebook.react.uimanager.BaseViewManager"", ""method"": ""setBackgroundColor""}"
155655,reflection,Method.invoke,"{""class"": ""com.facebook.react.views.view.ReactViewManager"", ""method"": ""setBorderRadius""}"
155664,reflection,Method.invoke,"{""class"": ""com.facebook.react.views.view.ReactViewManager"", ""method"": ""setBorderRadius""}"
155671,reflection,Method.invoke,"{""class"": ""com.facebook.react.views.text.ReactTextAnchorViewManager"", ""method"": ""setAccessible$ReactAndroid_release""}"
155678,reflection,Method.invoke,"{""class"": ""com.facebook.react.views.text.ReactTextAnchorViewManager"", ""method"": ""setEllipsizeMode$ReactAndroid_release""}"
155688,reflection,Method.invoke,"{""class"": ""com.facebook.react.views.text.ReactTextAnchorViewManager"", ""method"": ""setFontSize$ReactAndroid_release""}"
155710,reflection,Method.invoke,"{""class"": ""com.facebook.react.views.text.ReactTextAnchorViewManager"", ""method"": ""setAccessible$ReactAndroid_release""}"
155719,reflection,Method.invoke,"{""class"": ""com.facebook.react.views.text.ReactTextAnchorViewManager"", ""method"": ""setEllipsizeMode$ReactAndroid_release""}"
155726,reflection,Method.invoke,"{""class"": ""com.facebook.react.uimanager.BaseViewManager"", ""method"": ""setBackgroundColor""}"
155733,reflection,Method.invoke,"{""class"": ""com.facebook.react.views.view.ReactViewManager"", ""method"": ""setBorderRadius""}"
155742,reflection,Method.invoke,"{""class"": ""com.facebook.react.views.text.ReactTextAnchorViewManager"", ""method"": ""setAccessible$ReactAndroid_release""}"
155750,reflection,Method.invoke,"{""class"": ""com.facebook.react.views.text.ReactTextAnchorViewManager"", ""method"": ""setEllipsizeMode$ReactAndroid_release""}"
155758,reflection,Method.invoke,"{""class"": ""com.facebook.react.views.text.ReactTextAnchorViewManager"", ""method"": ""setFontSize$ReactAndroid_release""}"
155766,reflection,Method.invoke,"{""class"": ""com.facebook.react.views.text.ReactTextAnchorViewManager"", ""method"": ""setAccessible$ReactAndroid_release""}"
155774,reflection,Method.invoke,"{""class"": ""com.facebook.react.views.text.ReactTextAnchorViewManager"", ""method"": ""setEllipsizeMode$ReactAndroid_release""}"
155783,reflection,Method.invoke,"{""class"": ""com.facebook.react.uimanager.BaseViewManager"", ""method"": ""setBackgroundColor""}"
155790,reflection,Method.invoke,"{""class"": ""com.facebook.react.views.view.ReactViewManager"", ""method"": ""setBorderRadius""}"
155799,reflection,Method.invoke,"{""class"": ""com.facebook.react.views.text.ReactTextAnchorViewManager"", ""method"": ""setEllipsizeMode$ReactAndroid_release""}"
155806,reflection,Method.invoke,"{""class"": ""com.facebook.react.views.text.ReactTextAnchorViewManager"", ""method"": ""setAccessible$ReactAndroid_release""}"
155814,reflection,Method.invoke,"{""class"": ""com.facebook.react.views.text.ReactTextAnchorViewManager"", ""method"": ""setFontSize$ReactAndroid_release""}"
155822,reflection,Method.invoke,"{""class"": ""com.facebook.react.views.view.ReactViewManager"", ""method"": ""setHitSlop""}"
155830,reflection,Method.invoke,"{""class"": ""com.facebook.react.uimanager.BaseViewManager"", ""method"": ""setResponderMove""}"
155838,reflection,Method.invoke,"{""class"": ""com.facebook.react.views.view.ReactViewManager"", ""method"": ""setAccessible""}"
155846,reflection,Method.invoke,"{""class"": ""com.facebook.react.uimanager.BaseViewManager"", ""method"": ""setOpacity""}"
155853,reflection,Method.invoke,"{""class"": ""com.facebook.react.uimanager.BaseViewManager"", ""method"": ""setResponderGrant""}"
155861,reflection,Method.invoke,"{""class"": ""com.facebook.react.uimanager.BaseViewManager"", ""method"": ""setStartShouldSetResponder""}"
155868,reflection,Method.invoke,"{""class"": ""com.facebook.react.uimanager.BaseViewManager"", ""method"": ""setResponderTerminationRequest""}"
155876,reflection,Method.invoke,"{""class"": ""com.facebook.react.uimanager.BaseViewManager"", ""method"": ""setResponderRelease""}"
155882,reflection,Method.invoke,"{""class"": ""com.facebook.react.uimanager.BaseViewManager"", ""method"": ""setResponderTerminate""}"
155890,reflection,Method.invoke,"{""class"": ""com.facebook.react.views.view.ReactViewManager"", ""method"": ""setFocusable""}"
155898,reflection,Method.invoke,"{""class"": ""com.facebook.react.uimanager.BaseViewManager"", ""method"": ""setClick""}"
155905,reflection,Method.invoke,"{""class"": ""com.facebook.react.views.view.ReactViewManager"", ""method"": ""setCollapsable""}"
155913,reflection,Method.invoke,"{""class"": ""com.facebook.react.uimanager.BaseViewManager"", ""method"": ""setAccessibilityValue""}"
155920,reflection,Method.invoke,"{""class"": ""com.facebook.react.uimanager.BaseViewManager"", ""method"": ""setViewState""}"
155927,reflection,Method.invoke,"{""class"": ""com.facebook.react.views.view.ReactViewManager"", ""method"": ""setCollapsable""}"
155934,reflection,Method.invoke,"{""class"": ""com.facebook.react.views.view.ReactViewManager"", ""method"": ""setCollapsableChildren""}"
155942,reflection,Method.invoke,"{""class"": ""com.facebook.react.views.scroll.ReactScrollViewManager"", ""method"": ""setOverflow""}"
155949,reflection,Method.invoke,"{""class"": ""com.facebook.react.uimanager.BaseViewManager"", ""method"": ""setTouchMove""}"
155956,reflection,Method.invoke,"{""class"": ""com.facebook.react.uimanager.BaseViewManager"", ""method"": ""setResponderRelease""}"
155965,reflection,Method.invoke,"{""class"": ""com.facebook.react.uimanager.BaseViewManager"", ""method"": ""setStartShouldSetResponderCapture""}"
155973,reflection,Method.invoke,"{""class"": ""com.facebook.react.uimanager.BaseViewManager"", ""method"": ""setResponderGrant""}"
155981,reflection,Method.invoke,"{""class"": ""com.facebook.react.uimanager.BaseViewManager"", ""method"": ""setStartShouldSetResponder""}"
155989,reflection,Method.invoke,"{""class"": ""com.facebook.react.uimanager.BaseViewManager"", ""method"": ""setResponderTerminationRequest""}"
155997,reflection,Method.invoke,"{""class"": ""com.facebook.react.uimanager.BaseViewManager"", ""method"": ""setResponderReject""}"
156004,reflection,Method.invoke,"{""class"": ""com.facebook.react.views.scroll.ReactScrollViewManager"", ""method"": ""setSendMomentumEvents""}"
156013,reflection,Method.invoke,"{""class"": ""com.facebook.react.uimanager.BaseViewManager"", ""method"": ""setTouchEnd""}"
156022,reflection,Method.invoke,"{""class"": ""com.facebook.react.views.scroll.ReactScrollViewManager"", ""method"": ""setSnapToStart""}"
156029,reflection,Method.invoke,"{""class"": ""com.facebook.react.uimanager.BaseViewManager"", ""method"": ""setTouchStart""}"
156038,reflection,Method.invoke,"{""class"": ""com.facebook.react.views.scroll.ReactScrollViewManager"", ""method"": ""setSnapToEnd""}"
156045,reflection,Method.invoke,"{""class"": ""com.facebook.react.uimanager.BaseViewManager"", ""method"": ""setTouchCancel""}"
156051,reflection,Method.invoke,"{""class"": ""com.facebook.react.views.scroll.ReactScrollViewManager"", ""method"": ""setPagingEnabled""}"
156059,reflection,Method.invoke,"{""class"": ""com.facebook.react.views.text.ReactTextAnchorViewManager"", ""method"": ""setAccessible$ReactAndroid_release""}"
156067,reflection,Method.invoke,"{""class"": ""com.facebook.react.views.text.ReactTextAnchorViewManager"", ""method"": ""setFontSize$ReactAndroid_release""}"
156073,reflection,Method.invoke,"{""class"": ""com.facebook.react.views.text.ReactTextAnchorViewManager"", ""method"": ""setEllipsizeMode$ReactAndroid_release""}"
156080,reflection,Method.invoke,"{""class"": ""com.facebook.react.views.view.ReactViewManager"", ""method"": ""setFocusable""}"
156088,reflection,Method.invoke,"{""class"": ""com.facebook.react.uimanager.BaseViewManager"", ""method"": ""setResponderTerminate""}"
156095,reflection,Method.invoke,"{""class"": ""com.facebook.react.views.view.ReactViewManager"", ""method"": ""setBorderRadius""}"
156105,reflection,Method.invoke,"{""class"": ""com.facebook.react.uimanager.BaseViewManager"", ""method"": ""setOpacity""}"
156116,reflection,Method.invoke,"{""class"": ""com.facebook.react.uimanager.BaseViewManager"", ""method"": ""setBackgroundColor""}"
156141,reflection,Method.invoke,"{""class"": ""com.facebook.react.views.view.ReactViewManager"", ""method"": ""setAccessible""}"
156162,reflection,Method.invoke,"{""class"": ""com.facebook.react.uimanager.BaseViewManager"", ""method"": ""setStartShouldSetResponder""}"
156172,reflection,Method.invoke,"{""class"": ""com.facebook.react.uimanager.BaseViewManager"", ""method"": ""setResponderGrant""}"
156180,reflection,Method.invoke,"{""class"": ""com.facebook.react.views.view.ReactViewManager"", ""method"": ""setHitSlop""}"
156189,reflection,Method.invoke,"{""class"": ""com.facebook.react.uimanager.BaseViewManager"", ""method"": ""setResponderMove""}"
156196,reflection,Method.invoke,"{""class"": ""com.facebook.react.uimanager.BaseViewManager"", ""method"": ""setResponderRelease""}"
156203,reflection,Method.invoke,"{""class"": ""com.facebook.react.uimanager.BaseViewManager"", ""method"": ""setResponderTerminationRequest""}"
156211,reflection,Method.invoke,"{""class"": ""com.facebook.react.uimanager.BaseViewManager"", ""method"": ""setClick""}"
156218,reflection,Method.invoke,"{""class"": ""com.facebook.react.views.view.ReactViewManager"", ""method"": ""setCollapsable""}"
156227,reflection,Method.invoke,"{""class"": ""com.facebook.react.uimanager.BaseViewManager"", ""method"": ""setAccessibilityValue""}"
156234,reflection,Method.invoke,"{""class"": ""com.facebook.react.uimanager.BaseViewManager"", ""method"": ""setViewState""}"
156241,reflection,Method.invoke,"{""class"": ""com.th3rdwave.safeareacontext.SafeAreaViewManager"", ""method"": ""setEdges""}"
156249,reflection,Method.invoke,"{""class"": ""com.facebook.react.uimanager.BaseViewManager"", ""method"": ""setBackgroundColor""}"
156256,reflection,Method.invoke,"{""class"": ""com.facebook.react.views.view.ReactViewManager"", ""method"": ""setPointerEvents""}"
156266,reflection,Method.invoke,"{""class"": ""com.facebook.react.uimanager.BaseViewManager"", ""method"": ""setBackgroundColor""}"
156274,reflection,Method.invoke,"{""class"": ""com.facebook.react.views.view.ReactViewManager"", ""method"": ""setOverflow""}"
156281,reflection,Method.invoke,"{""class"": ""com.facebook.react.views.view.ReactViewManager"", ""method"": ""setNeedsOffscreenAlphaCompositing""}"
156290,reflection,Method.invoke,"{""class"": ""com.facebook.react.views.view.ReactViewManager"", ""method"": ""setCollapsable""}"
156298,reflection,Method.invoke,"{""class"": ""com.facebook.react.uimanager.BaseViewManager"", ""method"": ""setOpacity""}"
156305,reflection,Method.invoke,"{""class"": ""com.facebook.react.uimanager.BaseViewManager"", ""method"": ""setTransform""}"
156312,reflection,Method.invoke,"{""class"": ""com.facebook.react.views.view.ReactViewManager"", ""method"": ""setCollapsable""}"
156320,reflection,Method.invoke,"{""class"": ""com.facebook.react.views.view.ReactViewManager"", ""method"": ""setPointerEvents""}"
156328,reflection,Method.invoke,"{""class"": ""com.facebook.react.views.view.ReactViewManager"", ""method"": ""setPointerEvents""}"
156335,reflection,Method.invoke,"{""class"": ""com.facebook.react.views.view.ReactViewManager"", ""method"": ""setCollapsable""}"
156343,reflection,Method.invoke,"{""class"": ""com.facebook.react.views.view.ReactViewManager"", ""method"": ""setPointerEvents""}"
156352,reflection,Method.invoke,"{""class"": ""com.facebook.react.uimanager.BaseViewManager"", ""method"": ""setImportantForAccessibility""}"
156360,reflection,Method.invoke,"{""class"": ""com.facebook.react.uimanager.BaseViewManager"", ""method"": ""setTransform""}"
156367,reflection,Method.invoke,"{""class"": ""com.facebook.react.uimanager.BaseViewManager"", ""method"": ""setOpacity""}"
156375,reflection,Method.invoke,"{""class"": ""com.facebook.react.views.view.ReactViewManager"", ""method"": ""setOverflow""}"
156382,reflection,Method.invoke,"{""class"": ""com.facebook.react.uimanager.BaseViewManager"", ""method"": ""setImportantForAccessibility""}"
156389,reflection,Method.invoke,"{""class"": ""com.facebook.react.uimanager.BaseViewManager"", ""method"": ""setOpacity""}"
156395,reflection,Method.invoke,"{""class"": ""com.facebook.react.uimanager.BaseViewManager"", ""method"": ""setTransform""}"
156404,reflection,Method.invoke,"{""class"": ""com.facebook.react.uimanager.BaseViewManager"", ""method"": ""setOpacity""}"
156411,reflection,Method.invoke,"{""class"": ""com.facebook.react.uimanager.BaseViewManager"", ""method"": ""setTransform""}"
156418,reflection,Method.invoke,"{""class"": ""com.facebook.react.uimanager.BaseViewManager"", ""method"": ""setOpacity""}"
156427,reflection,Method.invoke,"{""class"": ""com.facebook.react.uimanager.BaseViewManager"", ""method"": ""setTransform""}"
156435,crypto,MessageDigest.digest,{}
156437,crypto,MessageDigest.digest,{}
156442,crypto,MessageDigest.digest,{}
156446,crypto,MessageDigest.digest,{}
156451,crypto,MessageDigest.digest,{}
156455,crypto,MessageDigest.digest,{}
156465,reflection,Method.invoke,"{""class"": ""com.facebook.react.uimanager.BaseViewManager"", ""method"": ""setTransform""}"
156474,crypto,MessageDigest.digest,{}
156479,crypto,MessageDigest.digest,{}
156482,crypto,MessageDigest.digest,{}
156495,reflection,Method.invoke,"{""class"": ""com.facebook.react.uimanager.BaseViewManager"", ""method"": ""setOpacity""}"
156497,crypto,MessageDigest.digest,{}
156505,crypto,MessageDigest.digest,{}
156512,crypto,MessageDigest.digest,{}
156517,crypto,MessageDigest.digest,{}
156520,reflection,Method.invoke,"{""class"": ""com.facebook.react.uimanager.BaseViewManager"", ""method"": ""setTransform""}"
156533,reflection,Method.invoke,"{""class"": ""com.facebook.react.uimanager.BaseViewManager"", ""method"": ""setOpacity""}"
156542,reflection,Method.invoke,"{""class"": ""com.facebook.react.uimanager.BaseViewManager"", ""method"": ""setOpacity""}"
156551,reflection,Method.invoke,"{""class"": ""com.facebook.react.uimanager.BaseViewManager"", ""method"": ""setOpacity""}"
156558,reflection,Method.invoke,"{""class"": ""com.facebook.react.uimanager.BaseViewManager"", ""method"": ""setOpacity""}"
156567,reflection,Method.invoke,"{""class"": ""com.facebook.react.uimanager.BaseViewManager"", ""method"": ""setOpacity""}"
156575,reflection,Method.invoke,"{""class"": ""com.facebook.react.uimanager.BaseViewManager"", ""method"": ""setTransform""}"
156583,reflection,Method.invoke,"{""class"": ""com.facebook.react.uimanager.BaseViewManager"", ""method"": ""setOpacity""}"
156591,reflection,Method.invoke,"{""class"": ""com.facebook.react.uimanager.BaseViewManager"", ""method"": ""setTransform""}"
156599,reflection,Method.invoke,"{""class"": ""com.facebook.react.uimanager.BaseViewManager"", ""method"": ""setOpacity""}"
156605,reflection,Method.invoke,"{""class"": ""android.view.View"", ""method"": ""getViewRootImpl""}"
156614,reflection,Method.invoke,"{""class"": ""android.view.View"", ""method"": ""getViewRootImpl""}"
156662,file_io,File.delete,"{""path"": ""/data/user/0/app.ladefuchs.android/files/profileInstalled""}"
156675,reflection,Method.invoke,"{""class"": ""com.facebook.react.uimanager.BaseViewManager"", ""method"": ""setTransform""}"
156685,reflection,Method.invoke,"{""class"": ""com.facebook.react.uimanager.BaseViewManager"", ""method"": ""setOpacity""}"
156692,reflection,Method.invoke,"{""class"": ""com.facebook.react.uimanager.BaseViewManager"", ""method"": ""setTransform""}"
156700,reflection,Method.invoke,"{""class"": ""com.facebook.react.uimanager.BaseViewManager"", ""method"": ""setOpacity""}"
156710,reflection,Method.invoke,"{""class"": ""com.facebook.react.uimanager.BaseViewManager"", ""method"": ""setOpacity""}"
156717,reflection,Method.invoke,"{""class"": ""com.facebook.react.uimanager.BaseViewManager"", ""method"": ""setTransform""}"
156723,reflection,Method.invoke,"{""class"": ""com.facebook.react.uimanager.BaseViewManager"", ""method"": ""setOpacity""}"
156731,reflection,Method.invoke,"{""class"": ""com.facebook.react.uimanager.BaseViewManager"", ""method"": ""setTransform""}"
156738,reflection,Method.invoke,"{""class"": ""com.facebook.react.uimanager.BaseViewManager"", ""method"": ""setTransform""}"
156747,reflection,Method.invoke,"{""class"": ""com.facebook.react.uimanager.BaseViewManager"", ""method"": ""setOpacity""}"
156754,reflection,Method.invoke,"{""class"": ""com.facebook.react.uimanager.BaseViewManager"", ""method"": ""setTransform""}"
156763,reflection,Method.invoke,"{""class"": ""com.facebook.react.uimanager.BaseViewManager"", ""method"": ""setOpacity""}"
156770,reflection,Method.invoke,"{""class"": ""com.facebook.react.uimanager.BaseViewManager"", ""method"": ""setOpacity""}"
156780,reflection,Method.invoke,"{""class"": ""com.facebook.react.uimanager.BaseViewManager"", ""method"": ""setOpacity""}"
156788,reflection,Method.invoke,"{""class"": ""com.facebook.react.uimanager.BaseViewManager"", ""method"": ""setTransform""}"
156795,reflection,Method.invoke,"{""class"": ""com.facebook.react.uimanager.BaseViewManager"", ""method"": ""setOpacity""}"
156816,reflection,Method.invoke,"{""class"": ""expo.modules.image.records.ImageLoadEvent"", ""method"": ""getCacheType""}"
156827,reflection,Method.invoke,"{""class"": ""expo.modules.image.records.ImageLoadEvent"", ""method"": ""getSource""}"
156838,reflection,Method.invoke,"{""class"": ""expo.modules.image.records.ImageSource"", ""method"": ""getHeight""}"
156849,reflection,Method.invoke,"{""class"": ""expo.modules.image.records.ImageSource"", ""method"": ""isAnimated""}"
156858,reflection,Method.invoke,"{""class"": ""expo.modules.image.records.ImageSource"", ""method"": ""getMediaType""}"
156867,reflection,Method.invoke,"{""class"": ""expo.modules.image.records.ImageSource"", ""method"": ""getUrl""}"
156880,reflection,Method.invoke,"{""class"": ""expo.modules.image.records.ImageSource"", ""method"": ""getWidth""}"
156891,reflection,Method.invoke,"{""class"": ""expo.modules.image.records.ImageLoadEvent"", ""method"": ""getCacheType""}"
156902,reflection,Method.invoke,"{""class"": ""expo.modules.image.records.ImageLoadEvent"", ""method"": ""getSource""}"
156912,reflection,Method.invoke,"{""class"": ""expo.modules.image.records.ImageSource"", ""method"": ""getHeight""}"
156923,reflection,Method.invoke,"{""class"": ""expo.modules.image.records.ImageSource"", ""method"": ""isAnimated""}"
156932,reflection,Method.invoke,"{""class"": ""expo.modules.image.records.ImageSource"", ""method"": ""getMediaType""}"
156938,reflection,Method.invoke,"{""class"": ""expo.modules.image.records.ImageSource"", ""method"": ""getUrl""}"
156945,reflection,Method.invoke,"{""class"": ""expo.modules.image.records.ImageSource"", ""method"": ""getWidth""}"
156957,reflection,Method.invoke,"{""class"": ""com.facebook.react.uimanager.BaseViewManager"", ""method"": ""setTransform""}"
156964,reflection,Method.invoke,"{""class"": ""com.facebook.react.uimanager.BaseViewManager"", ""method"": ""setOpacity""}"
156971,reflection,Method.invoke,"{""class"": ""com.facebook.react.uimanager.BaseViewManager"", ""method"": ""setOpacity""}"
156979,reflection,Method.invoke,"{""class"": ""com.facebook.react.uimanager.BaseViewManager"", ""method"": ""setOpacity""}"
156987,reflection,Method.invoke,"{""class"": ""com.facebook.react.uimanager.BaseViewManager"", ""method"": ""setOpacity""}"
156994,reflection,Method.invoke,"{""class"": ""com.facebook.react.uimanager.BaseViewManager"", ""method"": ""setTransform""}"
157019,reflection,Method.invoke,"{""class"": ""com.facebook.react.uimanager.BaseViewManager"", ""method"": ""setTransform""}"
157025,reflection,Method.invoke,"{""class"": ""com.facebook.react.uimanager.BaseViewManager"", ""method"": ""setOpacity""}"
157033,reflection,Method.invoke,"{""class"": ""com.facebook.react.uimanager.BaseViewManager"", ""method"": ""setOpacity""}"
157039,reflection,Method.invoke,"{""class"": ""com.facebook.react.uimanager.BaseViewManager"", ""method"": ""setTransform""}"
157046,reflection,Method.invoke,"{""class"": ""com.facebook.react.uimanager.BaseViewManager"", ""method"": ""setTransform""}"
157055,reflection,Method.invoke,"{""class"": ""com.facebook.react.uimanager.BaseViewManager"", ""method"": ""setOpacity""}"
180375,crypto,MessageDigest.getInstance,"{""algorithm"": ""MD5""}"
180388,crypto,MessageDigest.digest,{}
180400,reflection,Method.invoke,"{""class"": ""com.facebook.react.uimanager.BaseViewManager"", ""method"": ""setClick""}"
180412,reflection,Method.invoke,"{""class"": ""com.facebook.react.uimanager.BaseViewManager"", ""method"": ""setStartShouldSetResponder""}"
180418,reflection,Method.invoke,"{""class"": ""com.facebook.react.uimanager.BaseViewManager"", ""method"": ""setResponderGrant""}"
180427,reflection,Method.invoke,"{""class"": ""com.facebook.react.uimanager.BaseViewManager"", ""method"": ""setResponderTerminationRequest""}"
180434,reflection,Method.invoke,"{""class"": ""com.facebook.react.uimanager.BaseViewManager"", ""method"": ""setResponderRelease""}"
180444,crypto,MessageDigest.getInstance,"{""algorithm"": ""MD5""}"
180448,reflection,Method.invoke,"{""class"": ""com.facebook.react.uimanager.BaseViewManager"", ""method"": ""setResponderMove""}"
180452,crypto,MessageDigest.digest,{}
180466,reflection,Method.invoke,"{""class"": ""com.facebook.react.uimanager.BaseViewManager"", ""method"": ""setViewState""}"
180469,file_io,File.delete,"{""path"": ""/data/user/0/app.ladefuchs.android/cache/http-cache/167d487a351b7fe42e67203f5e08841a.0""}"
180478,file_io,File.delete,"{""path"": ""/data/user/0/app.ladefuchs.android/cache/http-cache/167d487a351b7fe42e67203f5e08841a.1""}"
180483,reflection,Method.invoke,"{""class"": ""com.facebook.react.uimanager.BaseViewManager"", ""method"": ""setResponderTerminate""}"
180493,reflection,Method.invoke,"{""class"": ""com.facebook.react.uimanager.BaseViewManager"", ""method"": ""setTransform""}"
180500,reflection,Method.invoke,"{""class"": ""com.facebook.react.uimanager.BaseViewManager"", ""method"": ""setOpacity""}"
180508,reflection,Method.invoke,"{""class"": ""com.facebook.react.uimanager.BaseViewManager"", ""method"": ""setTransform""}"
180517,reflection,Method.invoke,"{""class"": ""com.facebook.react.uimanager.BaseViewManager"", ""method"": ""setOpacity""}"
180523,reflection,Method.invoke,"{""class"": ""com.facebook.react.uimanager.BaseViewManager"", ""method"": ""setTransform""}"
180535,reflection,Method.invoke,"{""class"": ""com.facebook.react.uimanager.BaseViewManager"", ""method"": ""setOpacity""}"
180543,reflection,Method.invoke,"{""class"": ""com.facebook.react.uimanager.BaseViewManager"", ""method"": ""setOpacity""}"
180550,reflection,Method.invoke,"{""class"": ""com.facebook.react.uimanager.BaseViewManager"", ""method"": ""setTransform""}"
180567,reflection,Method.invoke,"{""class"": ""expo.modules.image.records.ImageLoadEvent"", ""method"": ""getCacheType""}"
180575,reflection,Method.invoke,"{""class"": ""expo.modules.image.records.ImageLoadEvent"", ""method"": ""getSource""}"
180583,reflection,Method.invoke,"{""class"": ""expo.modules.image.records.ImageSource"", ""method"": ""getHeight""}"
180590,reflection,Method.invoke,"{""class"": ""expo.modules.image.records.ImageSource"", ""method"": ""isAnimated""}"
180597,reflection,Method.invoke,"{""class"": ""expo.modules.image.records.ImageSource"", ""method"": ""getMediaType""}"
180603,reflection,Method.invoke,"{""class"": ""expo.modules.image.records.ImageSource"", ""method"": ""getUrl""}"
180610,reflection,Method.invoke,"{""class"": ""expo.modules.image.records.ImageSource"", ""method"": ""getWidth""}"
237476,lifecycle,hook_loaded,"{""stage"": ""java_perform"", ""version"": ""3""}"
240720,file_io,File.delete,"{""path"": ""/data/user/0/app.ladefuchs.android/files/profileInstalled""}"
269153,reflection,Method.invoke,"{""class"": ""com.facebook.react.uimanager.H0$a"", ""method"": ""values""}"
269219,reflection,Method.invoke,"{""class"": ""com.facebook.react.uimanager.BaseViewManager"", ""method"": ""setOpacity""}"
269248,reflection,Method.invoke,"{""class"": ""com.facebook.react.uimanager.BaseViewManager"", ""method"": ""setOpacity""}"
269268,reflection,Method.invoke,"{""class"": ""com.facebook.react.uimanager.BaseViewManager"", ""method"": ""setTransform""}"
269280,reflection,Method.invoke,"{""class"": ""com.facebook.react.uimanager.BaseViewManager"", ""method"": ""setOpacity""}"
269289,reflection,Method.invoke,"{""class"": ""com.facebook.react.uimanager.BaseViewManager"", ""method"": ""setOpacity""}"
269299,reflection,Method.invoke,"{""class"": ""com.facebook.react.uimanager.BaseViewManager"", ""method"": ""setTransform""}"
269306,reflection,Method.invoke,"{""class"": ""com.facebook.react.uimanager.BaseViewManager"", ""method"": ""setOpacity""}"
269312,reflection,Method.invoke,"{""class"": ""com.facebook.react.uimanager.BaseViewManager"", ""method"": ""setOpacity""}"
269327,reflection,Method.invoke,"{""class"": ""com.facebook.react.uimanager.BaseViewManager"", ""method"": ""setOpacity""}"
269335,reflection,Method.invoke,"{""class"": ""com.facebook.react.uimanager.BaseViewManager"", ""method"": ""setTransform""}"
269344,reflection,Method.invoke,"{""class"": ""com.facebook.react.uimanager.BaseViewManager"", ""method"": ""setOpacity""}"
269354,reflection,Method.invoke,"{""class"": ""com.facebook.react.uimanager.BaseViewManager"", ""method"": ""setTransform""}"
269363,reflection,Method.invoke,"{""class"": ""com.facebook.react.uimanager.BaseViewManager"", ""method"": ""setOpacity""}"
269382,reflection,Method.invoke,"{""class"": ""com.facebook.react.uimanager.BaseViewManager"", ""method"": ""setOpacity""}"
269400,reflection,Method.invoke,"{""class"": ""com.facebook.react.uimanager.BaseViewManager"", ""method"": ""setOpacity""}"
269409,reflection,Method.invoke,"{""class"": ""com.facebook.react.uimanager.BaseViewManager"", ""method"": ""setTransform""}"
269420,reflection,Method.invoke,"{""class"": ""com.facebook.react.uimanager.BaseViewManager"", ""method"": ""setOpacity""}"
269428,reflection,Method.invoke,"{""class"": ""com.facebook.react.uimanager.BaseViewManager"", ""method"": ""setTransform""}"
269436,reflection,Method.invoke,"{""class"": ""com.facebook.react.uimanager.BaseViewManager"", ""method"": ""setOpacity""}"
269449,reflection,Method.invoke,"{""class"": ""com.facebook.react.uimanager.BaseViewManager"", ""method"": ""setOpacity""}"
269457,reflection,Method.invoke,"{""class"": ""com.facebook.react.uimanager.BaseViewManager"", ""method"": ""setTransform""}"
269469,reflection,Method.invoke,"{""class"": ""com.facebook.react.uimanager.BaseViewManager"", ""method"": ""setOpacity""}"
269479,reflection,Method.invoke,"{""class"": ""com.facebook.react.uimanager.BaseViewManager"", ""method"": ""setTransform""}"
269486,reflection,Method.invoke,"{""class"": ""com.facebook.react.uimanager.BaseViewManager"", ""method"": ""setOpacity""}"
269503,reflection,Method.invoke,"{""class"": ""com.facebook.react.uimanager.BaseViewManager"", ""method"": ""setOpacity""}"
269513,reflection,Method.invoke,"{""class"": ""com.facebook.react.uimanager.BaseViewManager"", ""method"": ""setTransform""}"
269521,reflection,Method.invoke,"{""class"": ""com.facebook.react.uimanager.BaseViewManager"", ""method"": ""setOpacity""}"
269530,reflection,Method.invoke,"{""class"": ""com.facebook.react.uimanager.BaseViewManager"", ""method"": ""setTransform""}"
269538,reflection,Method.invoke,"{""class"": ""com.facebook.react.uimanager.BaseViewManager"", ""method"": ""setOpacity""}"
269554,reflection,Method.invoke,"{""class"": ""com.facebook.react.uimanager.BaseViewManager"", ""method"": ""setOpacity""}"
269565,reflection,Method.invoke,"{""class"": ""com.facebook.react.uimanager.BaseViewManager"", ""method"": ""setTransform""}"
269574,reflection,Method.invoke,"{""class"": ""com.facebook.react.uimanager.BaseViewManager"", ""method"": ""setOpacity""}"
269581,reflection,Method.invoke,"{""class"": ""com.facebook.react.uimanager.BaseViewManager"", ""method"": ""setTransform""}"
269600,reflection,Method.invoke,"{""class"": ""com.facebook.react.uimanager.BaseViewManager"", ""method"": ""setTransform""}"
269608,reflection,Method.invoke,"{""class"": ""com.facebook.react.uimanager.BaseViewManager"", ""method"": ""setOpacity""}"
269619,reflection,Method.invoke,"{""class"": ""com.facebook.react.uimanager.BaseViewManager"", ""method"": ""setTransform""}"
269627,reflection,Method.invoke,"{""class"": ""com.facebook.react.uimanager.BaseViewManager"", ""method"": ""setOpacity""}"
269637,reflection,Method.invoke,"{""class"": ""com.facebook.react.uimanager.BaseViewManager"", ""method"": ""setOpacity""}"
269685,reflection,Method.invoke,"{""class"": ""android.os.SystemProperties"", ""method"": ""get""}"
269692,reflection,Method.invoke,"{""class"": ""com.facebook.react.uimanager.BaseViewManager"", ""method"": ""setOpacity""}"
269705,reflection,Method.invoke,"{""class"": ""com.facebook.react.uimanager.BaseViewManager"", ""method"": ""setTransform""}"
269716,reflection,Method.invoke,"{""class"": ""android.os.SystemProperties"", ""method"": ""get""}"
269722,reflection,Method.invoke,"{""class"": ""com.facebook.react.uimanager.BaseViewManager"", ""method"": ""setOpacity""}"
269738,reflection,Method.invoke,"{""class"": ""com.facebook.react.uimanager.BaseViewManager"", ""method"": ""setTransform""}"
269750,reflection,Method.invoke,"{""class"": ""com.facebook.react.uimanager.BaseViewManager"", ""method"": ""setOpacity""}"
269757,reflection,Method.invoke,"{""class"": ""android.os.SystemProperties"", ""method"": ""get""}"
269767,reflection,Method.invoke,"{""class"": ""com.facebook.react.uimanager.BaseViewManager"", ""method"": ""setTransform""}"
269773,reflection,Method.invoke,"{""class"": ""android.os.SystemProperties"", ""method"": ""get""}"
269785,reflection,Method.invoke,"{""class"": ""com.facebook.react.uimanager.BaseViewManager"", ""method"": ""setOpacity""}"
269794,reflection,Method.invoke,"{""class"": ""com.facebook.react.uimanager.BaseViewManager"", ""method"": ""setTransform""}"
269818,reflection,Method.invoke,"{""class"": ""com.facebook.react.uimanager.BaseViewManager"", ""method"": ""setBackgroundColor""}"
269827,reflection,Method.invoke,"{""class"": ""com.facebook.react.views.view.ReactViewManager"", ""method"": ""setAccessible""}"
269837,reflection,Method.invoke,"{""class"": ""com.facebook.react.uimanager.BaseViewManager"", ""method"": ""setOpacity""}"
269848,reflection,Method.invoke,"{""class"": ""com.facebook.react.views.view.ReactViewManager"", ""method"": ""setCollapsable""}"
269855,reflection,Method.invoke,"{""class"": ""com.facebook.react.uimanager.BaseViewManager"", ""method"": ""setAccessibilityValue""}"
269864,reflection,Method.invoke,"{""class"": ""com.facebook.react.uimanager.BaseViewManager"", ""method"": ""setViewState""}"
269871,reflection,Method.invoke,"{""class"": ""com.facebook.react.uimanager.BaseViewManager"", ""method"": ""setStartShouldSetResponder""}"
269880,reflection,Method.invoke,"{""class"": ""com.facebook.react.uimanager.BaseViewManager"", ""method"": ""setResponderGrant""}"
269888,reflection,Method.invoke,"{""class"": ""com.facebook.react.uimanager.BaseViewManager"", ""method"": ""setClick""}"
269896,reflection,Method.invoke,"{""class"": ""com.facebook.react.views.view.ReactViewManager"", ""method"": ""setFocusable""}"
269904,reflection,Method.invoke,"{""class"": ""com.facebook.react.uimanager.BaseViewManager"", ""method"": ""setResponderTerminate""}"
269912,reflection,Method.invoke,"{""class"": ""com.facebook.react.uimanager.BaseViewManager"", ""method"": ""setResponderMove""}"
269920,reflection,Method.invoke,"{""class"": ""com.facebook.react.uimanager.BaseViewManager"", ""method"": ""setResponderRelease""}"
269928,reflection,Method.invoke,"{""class"": ""com.facebook.react.uimanager.BaseViewManager"", ""method"": ""setResponderTerminationRequest""}"
269934,reflection,Method.invoke,"{""class"": ""com.facebook.react.uimanager.BaseViewManager"", ""method"": ""setBackgroundColor""}"
269942,reflection,Method.invoke,"{""class"": ""com.facebook.react.views.view.ReactViewManager"", ""method"": ""setAccessible""}"
269950,reflection,Method.invoke,"{""class"": ""com.facebook.react.uimanager.BaseViewManager"", ""method"": ""setOpacity""}"
269959,reflection,Method.invoke,"{""class"": ""com.facebook.react.views.view.ReactViewManager"", ""method"": ""setCollapsable""}"
269965,reflection,Method.invoke,"{""class"": ""com.facebook.react.uimanager.BaseViewManager"", ""method"": ""setAccessibilityValue""}"
269973,reflection,Method.invoke,"{""class"": ""com.facebook.react.uimanager.BaseViewManager"", ""method"": ""setViewState""}"
269980,reflection,Method.invoke,"{""class"": ""com.facebook.react.uimanager.BaseViewManager"", ""method"": ""setStartShouldSetResponder""}"
269986,reflection,Method.invoke,"{""class"": ""com.facebook.react.uimanager.BaseViewManager"", ""method"": ""setResponderGrant""}"
269996,reflection,Method.invoke,"{""class"": ""com.facebook.react.uimanager.BaseViewManager"", ""method"": ""setClick""}"
270004,reflection,Method.invoke,"{""class"": ""com.facebook.react.views.view.ReactViewManager"", ""method"": ""setFocusable""}"
270011,reflection,Method.invoke,"{""class"": ""com.facebook.react.uimanager.BaseViewManager"", ""method"": ""setResponderTerminate""}"
270019,reflection,Method.invoke,"{""class"": ""com.facebook.react.uimanager.BaseViewManager"", ""method"": ""setResponderMove""}"
270028,reflection,Method.invoke,"{""class"": ""com.facebook.react.uimanager.BaseViewManager"", ""method"": ""setResponderRelease""}"
270036,reflection,Method.invoke,"{""class"": ""com.facebook.react.uimanager.BaseViewManager"", ""method"": ""setResponderTerminationRequest""}"
270044,reflection,Method.invoke,"{""class"": ""com.facebook.react.uimanager.BaseViewManager"", ""method"": ""setBackgroundColor""}"
270052,reflection,Method.invoke,"{""class"": ""com.facebook.react.views.view.ReactViewManager"", ""method"": ""setBorderRadius""}"
270060,reflection,Method.invoke,"{""class"": ""com.facebook.react.uimanager.BaseViewManager"", ""method"": ""setElevation""}"
270068,reflection,Method.invoke,"{""class"": ""com.facebook.react.views.text.ReactTextAnchorViewManager"", ""method"": ""setAccessible$ReactAndroid_release""}"
270076,reflection,Method.invoke,"{""class"": ""com.facebook.react.views.text.ReactTextAnchorViewManager"", ""method"": ""setFontSize$ReactAndroid_release""}"
270083,reflection,Method.invoke,"{""class"": ""com.facebook.react.views.text.ReactTextAnchorViewManager"", ""method"": ""setEllipsizeMode$ReactAndroid_release""}"
270091,reflection,Method.invoke,"{""class"": ""com.facebook.react.uimanager.BaseViewManager"", ""method"": ""setBackgroundColor""}"
270099,reflection,Method.invoke,"{""class"": ""com.facebook.react.views.view.ReactViewManager"", ""method"": ""setBorderRadius""}"
270110,reflection,Method.invoke,"{""class"": ""com.facebook.react.uimanager.BaseViewManager"", ""method"": ""setElevation""}"
270117,reflection,Method.invoke,"{""class"": ""com.facebook.react.views.text.ReactTextAnchorViewManager"", ""method"": ""setAccessible$ReactAndroid_release""}"
270124,reflection,Method.invoke,"{""class"": ""com.facebook.react.views.text.ReactTextAnchorViewManager"", ""method"": ""setFontSize$ReactAndroid_release""}"
270132,reflection,Method.invoke,"{""class"": ""com.facebook.react.views.text.ReactTextAnchorViewManager"", ""method"": ""setEllipsizeMode$ReactAndroid_release""}"
270140,reflection,Method.invoke,"{""class"": ""com.facebook.react.uimanager.BaseViewManager"", ""method"": ""setTransform""}"
270149,reflection,Method.invoke,"{""class"": ""com.facebook.react.uimanager.BaseViewManager"", ""method"": ""setOpacity""}"
270158,reflection,Method.invoke,"{""class"": ""com.facebook.react.uimanager.BaseViewManager"", ""method"": ""setTransform""}"
270165,reflection,Method.invoke,"{""class"": ""com.facebook.react.uimanager.BaseViewManager"", ""method"": ""setOpacity""}"
270171,reflection,Method.invoke,"{""class"": ""com.facebook.react.uimanager.BaseViewManager"", ""method"": ""setTransform""}"
270179,reflection,Method.invoke,"{""class"": ""com.facebook.react.uimanager.BaseViewManager"", ""method"": ""setOpacity""}"
270187,reflection,Method.invoke,"{""class"": ""com.facebook.react.uimanager.BaseViewManager"", ""method"": ""setOpacity""}"
270196,reflection,Method.invoke,"{""class"": ""com.facebook.react.uimanager.BaseViewManager"", ""method"": ""setTransform""}"
270221,reflection,Method.invoke,"{""class"": ""com.facebook.react.uimanager.BaseViewManager"", ""method"": ""setOpacity""}"
270223,crypto,MessageDigest.digest,{}
270235,crypto,MessageDigest.digest,{}
270238,crypto,MessageDigest.digest,{}
270245,reflection,Method.invoke,"{""class"": ""com.facebook.react.uimanager.BaseViewManager"", ""method"": ""setTransform""}"
270254,crypto,MessageDigest.digest,{}
270263,reflection,Method.invoke,"{""class"": ""com.facebook.react.uimanager.BaseViewManager"", ""method"": ""setOpacity""}"
270269,crypto,MessageDigest.digest,{}
270277,reflection,Method.invoke,"{""class"": ""com.facebook.react.uimanager.BaseViewManager"", ""method"": ""setTransform""}"
270285,crypto,MessageDigest.digest,{}
270293,crypto,MessageDigest.digest,{}
270304,reflection,Method.invoke,"{""class"": ""expo.modules.image.records.ImageLoadEvent"", ""method"": ""getCacheType""}"
270310,network,Socket.connect,"{""endpoint"": ""api.ladefuchs.app/157.90.239.91:443""}"
270319,reflection,Method.invoke,"{""class"": ""expo.modules.image.records.ImageLoadEvent"", ""method"": ""getSource""}"
270326,reflection,Method.invoke,"{""class"": ""expo.modules.image.records.ImageSource"", ""method"": ""getHeight""}"
270332,reflection,Method.invoke,"{""class"": ""expo.modules.image.records.ImageSource"", ""method"": ""isAnimated""}"
270339,reflection,Method.invoke,"{""class"": ""expo.modules.image.records.ImageSource"", ""method"": ""getMediaType""}"
270344,reflection,Method.invoke,"{""class"": ""expo.modules.image.records.ImageSource"", ""method"": ""getUrl""}"
270352,reflection,Method.invoke,"{""class"": ""expo.modules.image.records.ImageSource"", ""method"": ""getWidth""}"
270361,reflection,Method.invoke,"{""class"": ""com.facebook.react.uimanager.BaseViewManager"", ""method"": ""setOpacity""}"
270370,reflection,Method.invoke,"{""class"": ""com.facebook.react.uimanager.BaseViewManager"", ""method"": ""setTransform""}"
270376,crypto,MessageDigest.getInstance,"{""algorithm"": ""MD5""}"
270377,crypto,MessageDigest.digest,{}
270377,crypto,MessageDigest.getInstance,"{""algorithm"": ""SHA1""}"
270377,crypto,MessageDigest.digest,{}
270377,crypto,MessageDigest.getInstance,"{""algorithm"": ""MD5""}"
270377,crypto,MessageDigest.digest,{}
270377,crypto,MessageDigest.getInstance,"{""algorithm"": ""SHA1""}"
270377,crypto,MessageDigest.digest,{}
270378,crypto,MessageDigest.getInstance,"{""algorithm"": ""MD5""}"
270378,crypto,MessageDigest.digest,{}
270378,crypto,MessageDigest.getInstance,"{""algorithm"": ""SHA1""}"
270378,crypto,MessageDigest.digest,{}
270378,crypto,MessageDigest.getInstance,"{""algorithm"": ""MD5""}"
270378,crypto,MessageDigest.digest,{}
270378,crypto,MessageDigest.getInstance,"{""algorithm"": ""SHA1""}"
270378,crypto,MessageDigest.digest,{}
270379,crypto,MessageDigest.getInstance,"{""algorithm"": ""SHA1""}"
270379,crypto,MessageDigest.digest,{}
270379,crypto,MessageDigest.getInstance,"{""algorithm"": ""SHA1""}"
270379,crypto,MessageDigest.digest,{}
270379,crypto,MessageDigest.getInstance,"{""algorithm"": ""SHA1""}"
270379,crypto,MessageDigest.digest,{}
270379,crypto,MessageDigest.getInstance,"{""algorithm"": ""SHA1""}"
270379,crypto,MessageDigest.digest,{}
270379,crypto,MessageDigest.getInstance,"{""algorithm"": ""SHA1""}"
270379,crypto,MessageDigest.digest,{}
270380,crypto,MessageDigest.getInstance,"{""algorithm"": ""SHA1""}"
270380,crypto,MessageDigest.digest,{}
270408,reflection,Method.invoke,"{""class"": ""com.facebook.react.uimanager.BaseViewManager"", ""method"": ""setOpacity""}"
270417,reflection,Method.invoke,"{""class"": ""com.facebook.react.uimanager.BaseViewManager"", ""method"": ""setTransform""}"
270425,reflection,Method.invoke,"{""class"": ""com.facebook.react.uimanager.BaseViewManager"", ""method"": ""setTransform""}"
270432,reflection,Method.invoke,"{""class"": ""com.facebook.react.uimanager.BaseViewManager"", ""method"": ""setOpacity""}"
270443,reflection,Method.invoke,"{""class"": ""com.facebook.react.uimanager.BaseViewManager"", ""method"": ""setTransform""}"
270453,reflection,Method.invoke,"{""class"": ""com.facebook.react.uimanager.BaseViewManager"", ""method"": ""setOpacity""}"
270468,reflection,Method.invoke,"{""class"": ""com.facebook.react.uimanager.BaseViewManager"", ""method"": ""setTransform""}"
270476,reflection,Method.invoke,"{""class"": ""com.facebook.react.uimanager.BaseViewManager"", ""method"": ""setOpacity""}"
270489,reflection,Method.invoke,"{""class"": ""com.facebook.react.uimanager.BaseViewManager"", ""method"": ""setOpacity""}"
270490,reflection,Method.invoke,"{""class"": ""kotlin.Metadata"", ""method"": ""bv""}"
270504,reflection,Method.invoke,"{""class"": ""com.facebook.react.uimanager.BaseViewManager"", ""method"": ""setTransform""}"
270509,reflection,Method.invoke,"{""class"": ""kotlin.Metadata"", ""method"": ""d1""}"
270522,reflection,Method.invoke,"{""class"": ""kotlin.Metadata"", ""method"": ""d2""}"
270527,reflection,Method.invoke,"{""class"": ""kotlin.Metadata"", ""method"": ""k""}"
270537,reflection,Method.invoke,"{""class"": ""kotlin.Metadata"", ""method"": ""mv""}"
270546,reflection,Method.invoke,"{""class"": ""kotlin.Metadata"", ""method"": ""pn""}"
270555,reflection,Method.invoke,"{""class"": ""kotlin.Metadata"", ""method"": ""xi""}"
270560,reflection,Method.invoke,"{""class"": ""kotlin.Metadata"", ""method"": ""xs""}"
270572,reflection,Method.invoke,"{""class"": ""X5.b"", ""method"": ""key""}"
270580,reflection,Method.invoke,"{""class"": ""X5.b"", ""method"": ""key""}"
270587,reflection,Method.invoke,"{""class"": ""expo.modules.image.records.ImageProgressEvent"", ""method"": ""getLoaded""}"
270593,reflection,Method.invoke,"{""class"": ""expo.modules.image.records.ImageProgressEvent"", ""method"": ""getTotal""}"
270601,reflection,Method.invoke,"{""class"": ""expo.modules.image.records.ImageProgressEvent"", ""method"": ""getLoaded""}"
270608,reflection,Method.invoke,"{""class"": ""expo.modules.image.records.ImageProgressEvent"", ""method"": ""getTotal""}"
270639,reflection,Method.invoke,"{""class"": ""expo.modules.image.records.ImageLoadEvent"", ""method"": ""getCacheType""}"
270652,reflection,Method.invoke,"{""class"": ""expo.modules.image.records.ImageLoadEvent"", ""method"": ""getSource""}"
270658,reflection,Method.invoke,"{""class"": ""expo.modules.image.records.ImageSource"", ""method"": ""getHeight""}"
270665,reflection,Method.invoke,"{""class"": ""expo.modules.image.records.ImageSource"", ""method"": ""isAnimated""}"
270673,reflection,Method.invoke,"{""class"": ""expo.modules.image.records.ImageSource"", ""method"": ""getMediaType""}"
270678,reflection,Method.invoke,"{""class"": ""expo.modules.image.records.ImageSource"", ""method"": ""getUrl""}"
270686,reflection,Method.invoke,"{""class"": ""expo.modules.image.records.ImageSource"", ""method"": ""getWidth""}"
284899,reflection,Method.invoke,"{""class"": ""com.facebook.react.uimanager.BaseViewManager"", ""method"": ""setOpacity""}"
284940,reflection,Method.invoke,"{""class"": ""com.facebook.react.uimanager.BaseViewManager"", ""method"": ""setTransform""}"
284955,reflection,Method.invoke,"{""class"": ""com.facebook.react.uimanager.BaseViewManager"", ""method"": ""setOpacity""}"
284967,reflection,Method.invoke,"{""class"": ""com.facebook.react.uimanager.BaseViewManager"", ""method"": ""setTransform""}"
284975,reflection,Method.invoke,"{""class"": ""com.facebook.react.uimanager.BaseViewManager"", ""method"": ""setOpacity""}"
284983,reflection,Method.invoke,"{""class"": ""com.facebook.react.uimanager.BaseViewManager"", ""method"": ""setOpacity""}"
284992,reflection,Method.invoke,"{""class"": ""com.facebook.react.uimanager.BaseViewManager"", ""method"": ""setOpacity""}"
285007,reflection,Method.invoke,"{""class"": ""com.facebook.react.uimanager.BaseViewManager"", ""method"": ""setOpacity""}"
285040,reflection,Method.invoke,"{""class"": ""com.facebook.react.uimanager.BaseViewManager"", ""method"": ""setOpacity""}"
285053,reflection,Method.invoke,"{""class"": ""com.facebook.react.uimanager.BaseViewManager"", ""method"": ""setTransform""}"
285063,reflection,Method.invoke,"{""class"": ""com.facebook.react.uimanager.BaseViewManager"", ""method"": ""setOpacity""}"
285071,reflection,Method.invoke,"{""class"": ""com.facebook.react.uimanager.BaseViewManager"", ""method"": ""setTransform""}"
285079,reflection,Method.invoke,"{""class"": ""com.facebook.react.uimanager.BaseViewManager"", ""method"": ""setOpacity""}"
285094,reflection,Method.invoke,"{""class"": ""com.facebook.react.uimanager.BaseViewManager"", ""method"": ""setTransform""}"
285104,reflection,Method.invoke,"{""class"": ""com.facebook.react.uimanager.BaseViewManager"", ""method"": ""setOpacity""}"
285113,reflection,Method.invoke,"{""class"": ""com.facebook.react.uimanager.BaseViewManager"", ""method"": ""setTransform""}"
285123,reflection,Method.invoke,"{""class"": ""com.facebook.react.uimanager.BaseViewManager"", ""method"": ""setOpacity""}"
285132,reflection,Method.invoke,"{""class"": ""com.facebook.react.uimanager.BaseViewManager"", ""method"": ""setBackgroundColor""}"
285144,reflection,Method.invoke,"{""class"": ""com.facebook.react.uimanager.BaseViewManager"", ""method"": ""setTransform""}"
285155,reflection,Method.invoke,"{""class"": ""com.facebook.react.uimanager.BaseViewManager"", ""method"": ""setOpacity""}"
285163,reflection,Method.invoke,"{""class"": ""com.facebook.react.uimanager.BaseViewManager"", ""method"": ""setOpacity""}"
285169,reflection,Method.invoke,"{""class"": ""com.facebook.react.uimanager.BaseViewManager"", ""method"": ""setTransform""}"
285177,reflection,Method.invoke,"{""class"": ""com.facebook.react.uimanager.BaseViewManager"", ""method"": ""setOpacity""}"
285186,reflection,Method.invoke,"{""class"": ""com.facebook.react.uimanager.BaseViewManager"", ""method"": ""setTransform""}"
285194,reflection,Method.invoke,"{""class"": ""com.facebook.react.uimanager.BaseViewManager"", ""method"": ""setOpacity""}"
285202,reflection,Method.invoke,"{""class"": ""com.facebook.react.uimanager.BaseViewManager"", ""method"": ""setTransform""}"
285209,reflection,Method.invoke,"{""class"": ""com.facebook.react.uimanager.BaseViewManager"", ""method"": ""setTransform""}"
285216,reflection,Method.invoke,"{""class"": ""com.facebook.react.uimanager.BaseViewManager"", ""method"": ""setOpacity""}"
285225,reflection,Method.invoke,"{""class"": ""com.facebook.react.uimanager.BaseViewManager"", ""method"": ""setTransform""}"
285233,reflection,Method.invoke,"{""class"": ""com.facebook.react.uimanager.BaseViewManager"", ""method"": ""setOpacity""}"
285240,reflection,Method.invoke,"{""class"": ""com.facebook.react.uimanager.BaseViewManager"", ""method"": ""setTransform""}"
285247,reflection,Method.invoke,"{""class"": ""com.facebook.react.uimanager.BaseViewManager"", ""method"": ""setOpacity""}"
285255,reflection,Method.invoke,"{""class"": ""com.facebook.react.uimanager.BaseViewManager"", ""method"": ""setOpacity""}"
285262,reflection,Method.invoke,"{""class"": ""com.facebook.react.uimanager.BaseViewManager"", ""method"": ""setTransform""}"
285270,reflection,Method.invoke,"{""class"": ""com.facebook.react.uimanager.BaseViewManager"", ""method"": ""setOpacity""}"
285281,reflection,Method.invoke,"{""class"": ""com.facebook.react.uimanager.BaseViewManager"", ""method"": ""setOpacity""}"
285292,reflection,Method.invoke,"{""class"": ""com.facebook.react.uimanager.BaseViewManager"", ""method"": ""setTransform""}"
285304,reflection,Method.invoke,"{""class"": ""com.facebook.react.uimanager.BaseViewManager"", ""method"": ""setOpacity""}"
285312,reflection,Method.invoke,"{""class"": ""com.facebook.react.uimanager.BaseViewManager"", ""method"": ""setTransform""}"
285319,reflection,Method.invoke,"{""class"": ""com.facebook.react.uimanager.BaseViewManager"", ""method"": ""setTransform""}"
285326,reflection,Method.invoke,"{""class"": ""com.facebook.react.uimanager.BaseViewManager"", ""method"": ""setOpacity""}"
285334,reflection,Method.invoke,"{""class"": ""com.facebook.react.uimanager.BaseViewManager"", ""method"": ""setTransform""}"
285342,reflection,Method.invoke,"{""class"": ""com.facebook.react.uimanager.BaseViewManager"", ""method"": ""setOpacity""}"
285349,reflection,Method.invoke,"{""class"": ""com.facebook.react.uimanager.BaseViewManager"", ""method"": ""setBackgroundColor""}"
285356,reflection,Method.invoke,"{""class"": ""com.facebook.react.uimanager.BaseViewManager"", ""method"": ""setTransform""}"
285364,reflection,Method.invoke,"{""class"": ""com.facebook.react.uimanager.BaseViewManager"", ""method"": ""setOpacity""}"
285373,reflection,Method.invoke,"{""class"": ""com.facebook.react.uimanager.BaseViewManager"", ""method"": ""setOpacity""}"
285380,reflection,Method.invoke,"{""class"": ""com.facebook.react.uimanager.BaseViewManager"", ""method"": ""setTransform""}"
285390,reflection,Method.invoke,"{""class"": ""com.facebook.react.uimanager.BaseViewManager"", ""method"": ""setOpacity""}"
285410,reflection,Method.invoke,"{""class"": ""expo.modules.image.records.ImageLoadEvent"", ""method"": ""getCacheType""}"
285422,reflection,Method.invoke,"{""class"": ""expo.modules.image.records.ImageLoadEvent"", ""method"": ""getSource""}"
285431,reflection,Method.invoke,"{""class"": ""expo.modules.image.records.ImageSource"", ""method"": ""getHeight""}"
285440,reflection,Method.invoke,"{""class"": ""expo.modules.image.records.ImageSource"", ""method"": ""isAnimated""}"
285448,reflection,Method.invoke,"{""class"": ""expo.modules.image.records.ImageSource"", ""method"": ""getMediaType""}"
285453,reflection,Method.invoke,"{""class"": ""expo.modules.image.records.ImageSource"", ""method"": ""getUrl""}"
285460,reflection,Method.invoke,"{""class"": ""expo.modules.image.records.ImageSource"", ""method"": ""getWidth""}"
285467,reflection,Method.invoke,"{""class"": ""expo.modules.image.records.ImageLoadEvent"", ""method"": ""getCacheType""}"
285476,reflection,Method.invoke,"{""class"": ""expo.modules.image.records.ImageLoadEvent"", ""method"": ""getSource""}"
285484,reflection,Method.invoke,"{""class"": ""expo.modules.image.records.ImageSource"", ""method"": ""getHeight""}"
285490,reflection,Method.invoke,"{""class"": ""expo.modules.image.records.ImageSource"", ""method"": ""isAnimated""}"
285498,reflection,Method.invoke,"{""class"": ""expo.modules.image.records.ImageSource"", ""method"": ""getMediaType""}"
285502,reflection,Method.invoke,"{""class"": ""expo.modules.image.records.ImageSource"", ""method"": ""getUrl""}"
285511,reflection,Method.invoke,"{""class"": ""expo.modules.image.records.ImageSource"", ""method"": ""getWidth""}"
285518,reflection,Method.invoke,"{""class"": ""com.facebook.react.uimanager.BaseViewManager"", ""method"": ""setOpacity""}"
285526,reflection,Method.invoke,"{""class"": ""com.facebook.react.uimanager.BaseViewManager"", ""method"": ""setTransform""}"
285534,reflection,Method.invoke,"{""class"": ""com.facebook.react.uimanager.BaseViewManager"", ""method"": ""setOpacity""}"
285542,reflection,Method.invoke,"{""class"": ""com.facebook.react.uimanager.BaseViewManager"", ""method"": ""setTransform""}"
285549,reflection,Method.invoke,"{""class"": ""com.facebook.react.uimanager.BaseViewManager"", ""method"": ""setTransform""}"
285558,reflection,Method.invoke,"{""class"": ""com.facebook.react.uimanager.BaseViewManager"", ""method"": ""setOpacity""}"
285565,reflection,Method.invoke,"{""class"": ""com.facebook.react.uimanager.BaseViewManager"", ""method"": ""setTransform""}"
285572,reflection,Method.invoke,"{""class"": ""com.facebook.react.uimanager.BaseViewManager"", ""method"": ""setOpacity""}"
285579,reflection,Method.invoke,"{""class"": ""com.facebook.react.uimanager.BaseViewManager"", ""method"": ""setOpacity""}"
285588,reflection,Method.invoke,"{""class"": ""com.facebook.react.uimanager.BaseViewManager"", ""method"": ""setTransform""}"
285596,reflection,Method.invoke,"{""class"": ""com.facebook.react.uimanager.BaseViewManager"", ""method"": ""setOpacity""}"
285606,reflection,Method.invoke,"{""class"": ""com.facebook.react.uimanager.BaseViewManager"", ""method"": ""setOpacity""}"
285613,reflection,Method.invoke,"{""class"": ""com.facebook.react.uimanager.BaseViewManager"", ""method"": ""setTransform""}"
285624,reflection,Method.invoke,"{""class"": ""expo.modules.image.records.ImageLoadEvent"", ""method"": ""getCacheType""}"
285633,reflection,Method.invoke,"{""class"": ""expo.modules.image.records.ImageLoadEvent"", ""method"": ""getSource""}"
285640,reflection,Method.invoke,"{""class"": ""expo.modules.image.records.ImageSource"", ""method"": ""getHeight""}"
285649,reflection,Method.invoke,"{""class"": ""expo.modules.image.records.ImageSource"", ""method"": ""isAnimated""}"
285656,reflection,Method.invoke,"{""class"": ""expo.modules.image.records.ImageSource"", ""method"": ""getMediaType""}"
285661,reflection,Method.invoke,"{""class"": ""expo.modules.image.records.ImageSource"", ""method"": ""getUrl""}"
285667,reflection,Method.invoke,"{""class"": ""expo.modules.image.records.ImageSource"", ""method"": ""getWidth""}"
300553,reflection,Method.invoke,"{""class"": ""com.facebook.react.uimanager.BaseViewManager"", ""method"": ""setOpacity""}"
300573,reflection,Method.invoke,"{""class"": ""com.facebook.react.uimanager.BaseViewManager"", ""method"": ""setOpacity""}"
300592,reflection,Method.invoke,"{""class"": ""com.facebook.react.uimanager.BaseViewManager"", ""method"": ""setTransform""}"
300605,reflection,Method.invoke,"{""class"": ""com.facebook.react.uimanager.BaseViewManager"", ""method"": ""setOpacity""}"
300614,reflection,Method.invoke,"{""class"": ""com.facebook.react.uimanager.BaseViewManager"", ""method"": ""setTransform""}"
300622,reflection,Method.invoke,"{""class"": ""com.facebook.react.uimanager.BaseViewManager"", ""method"": ""setOpacity""}"
300630,reflection,Method.invoke,"{""class"": ""com.facebook.react.uimanager.BaseViewManager"", ""method"": ""setOpacity""}"
300638,reflection,Method.invoke,"{""class"": ""com.facebook.react.uimanager.BaseViewManager"", ""method"": ""setOpacity""}"
300653,reflection,Method.invoke,"{""class"": ""com.facebook.react.uimanager.BaseViewManager"", ""method"": ""setOpacity""}"
300663,reflection,Method.invoke,"{""class"": ""com.facebook.react.uimanager.BaseViewManager"", ""method"": ""setTransform""}"
300671,reflection,Method.invoke,"{""class"": ""com.facebook.react.uimanager.BaseViewManager"", ""method"": ""setOpacity""}"
300678,reflection,Method.invoke,"{""class"": ""com.facebook.react.uimanager.BaseViewManager"", ""method"": ""setTransform""}"
300686,reflection,Method.invoke,"{""class"": ""com.facebook.react.uimanager.BaseViewManager"", ""method"": ""setTransform""}"
300694,reflection,Method.invoke,"{""class"": ""com.facebook.react.uimanager.BaseViewManager"", ""method"": ""setOpacity""}"
300703,reflection,Method.invoke,"{""class"": ""com.facebook.react.uimanager.BaseViewManager"", ""method"": ""setTransform""}"
300711,reflection,Method.invoke,"{""class"": ""com.facebook.react.uimanager.BaseViewManager"", ""method"": ""setOpacity""}"
300720,reflection,Method.invoke,"{""class"": ""com.facebook.react.uimanager.BaseViewManager"", ""method"": ""setTransform""}"
300728,reflection,Method.invoke,"{""class"": ""com.facebook.react.uimanager.BaseViewManager"", ""method"": ""setOpacity""}"
300735,reflection,Method.invoke,"{""class"": ""com.facebook.react.uimanager.BaseViewManager"", ""method"": ""setOpacity""}"
300743,reflection,Method.invoke,"{""class"": ""com.facebook.react.uimanager.BaseViewManager"", ""method"": ""setTransform""}"
300751,reflection,Method.invoke,"{""class"": ""com.facebook.react.uimanager.BaseViewManager"", ""method"": ""setOpacity""}"
300766,reflection,Method.invoke,"{""class"": ""com.facebook.react.uimanager.BaseViewManager"", ""method"": ""setOpacity""}"
300775,reflection,Method.invoke,"{""class"": ""com.facebook.react.uimanager.BaseViewManager"", ""method"": ""setTransform""}"
300786,reflection,Method.invoke,"{""class"": ""com.facebook.react.uimanager.BaseViewManager"", ""method"": ""setOpacity""}"
300793,reflection,Method.invoke,"{""class"": ""com.facebook.react.uimanager.BaseViewManager"", ""method"": ""setTransform""}"
300803,reflection,Method.invoke,"{""class"": ""com.facebook.react.uimanager.BaseViewManager"", ""method"": ""setOpacity""}"
300823,reflection,Method.invoke,"{""class"": ""com.facebook.react.uimanager.BaseViewManager"", ""method"": ""setOpacity""}"
300833,reflection,Method.invoke,"{""class"": ""com.facebook.react.uimanager.BaseViewManager"", ""method"": ""setTransform""}"
300839,reflection,Method.invoke,"{""class"": ""com.facebook.react.uimanager.BaseViewManager"", ""method"": ""setOpacity""}"
300848,reflection,Method.invoke,"{""class"": ""com.facebook.react.uimanager.BaseViewManager"", ""method"": ""setTransform""}"
300855,reflection,Method.invoke,"{""class"": ""com.facebook.react.uimanager.BaseViewManager"", ""method"": ""setOpacity""}"
300869,reflection,Method.invoke,"{""class"": ""com.facebook.react.uimanager.BaseViewManager"", ""method"": ""setOpacity""}"
300883,reflection,Method.invoke,"{""class"": ""com.facebook.react.uimanager.BaseViewManager"", ""method"": ""setTransform""}"
300891,reflection,Method.invoke,"{""class"": ""com.facebook.react.uimanager.BaseViewManager"", ""method"": ""setOpacity""}"
300897,reflection,Method.invoke,"{""class"": ""com.facebook.react.uimanager.BaseViewManager"", ""method"": ""setTransform""}"
300906,reflection,Method.invoke,"{""class"": ""com.facebook.react.uimanager.BaseViewManager"", ""method"": ""setOpacity""}"
300919,reflection,Method.invoke,"{""class"": ""com.facebook.react.uimanager.BaseViewManager"", ""method"": ""setOpacity""}"
300934,reflection,Method.invoke,"{""class"": ""com.facebook.react.uimanager.BaseViewManager"", ""method"": ""setTransform""}"
300943,reflection,Method.invoke,"{""class"": ""com.facebook.react.uimanager.BaseViewManager"", ""method"": ""setOpacity""}"
300953,reflection,Method.invoke,"{""class"": ""com.facebook.react.uimanager.BaseViewManager"", ""method"": ""setTransform""}"
300971,reflection,Method.invoke,"{""class"": ""com.facebook.react.uimanager.BaseViewManager"", ""method"": ""setTransform""}"
300986,reflection,Method.invoke,"{""class"": ""com.facebook.react.uimanager.BaseViewManager"", ""method"": ""setOpacity""}"
300993,reflection,Method.invoke,"{""class"": ""com.facebook.react.uimanager.BaseViewManager"", ""method"": ""setTransform""}"
301001,reflection,Method.invoke,"{""class"": ""com.facebook.react.uimanager.BaseViewManager"", ""method"": ""setOpacity""}"
301009,reflection,Method.invoke,"{""class"": ""com.facebook.react.uimanager.BaseViewManager"", ""method"": ""setOpacity""}"
318788,reflection,Method.invoke,"{""class"": ""com.facebook.react.uimanager.BaseViewManager"", ""method"": ""setOpacity""}"
318814,reflection,Method.invoke,"{""class"": ""com.facebook.react.uimanager.BaseViewManager"", ""method"": ""setTransform""}"
318822,reflection,Method.invoke,"{""class"": ""com.facebook.react.uimanager.BaseViewManager"", ""method"": ""setOpacity""}"
318834,reflection,Method.invoke,"{""class"": ""com.facebook.react.uimanager.BaseViewManager"", ""method"": ""setOpacity""}"
318843,reflection,Method.invoke,"{""class"": ""com.facebook.react.uimanager.BaseViewManager"", ""method"": ""setTransform""}"
318852,reflection,Method.invoke,"{""class"": ""com.facebook.react.uimanager.BaseViewManager"", ""method"": ""setOpacity""}"
318866,reflection,Method.invoke,"{""class"": ""com.facebook.react.uimanager.BaseViewManager"", ""method"": ""setOpacity""}"
318890,reflection,Method.invoke,"{""class"": ""com.facebook.react.uimanager.BaseViewManager"", ""method"": ""setOpacity""}"
318904,reflection,Method.invoke,"{""class"": ""com.facebook.react.uimanager.BaseViewManager"", ""method"": ""setTransform""}"
318914,reflection,Method.invoke,"{""class"": ""com.facebook.react.uimanager.BaseViewManager"", ""method"": ""setOpacity""}"
318922,reflection,Method.invoke,"{""class"": ""com.facebook.react.uimanager.BaseViewManager"", ""method"": ""setTransform""}"
318931,reflection,Method.invoke,"{""class"": ""com.facebook.react.uimanager.BaseViewManager"", ""method"": ""setOpacity""}"
318955,reflection,Method.invoke,"{""class"": ""com.facebook.react.uimanager.BaseViewManager"", ""method"": ""setOpacity""}"
318990,reflection,Method.invoke,"{""class"": ""com.facebook.react.uimanager.BaseViewManager"", ""method"": ""setOpacity""}"
318998,reflection,Method.invoke,"{""class"": ""com.facebook.react.uimanager.BaseViewManager"", ""method"": ""setTransform""}"
319007,reflection,Method.invoke,"{""class"": ""com.facebook.react.uimanager.BaseViewManager"", ""method"": ""setOpacity""}"
319018,reflection,Method.invoke,"{""class"": ""com.facebook.react.uimanager.BaseViewManager"", ""method"": ""setTransform""}"
319032,reflection,Method.invoke,"{""class"": ""com.facebook.react.uimanager.BaseViewManager"", ""method"": ""setOpacity""}"
319066,reflection,Method.invoke,"{""class"": ""com.facebook.react.uimanager.BaseViewManager"", ""method"": ""setOpacity""}"
319075,reflection,Method.invoke,"{""class"": ""com.facebook.react.uimanager.BaseViewManager"", ""method"": ""setTransform""}"
319083,reflection,Method.invoke,"{""class"": ""com.facebook.react.uimanager.BaseViewManager"", ""method"": ""setOpacity""}"
319092,reflection,Method.invoke,"{""class"": ""com.facebook.react.uimanager.BaseViewManager"", ""method"": ""setTransform""}"
319100,reflection,Method.invoke,"{""class"": ""com.facebook.react.uimanager.BaseViewManager"", ""method"": ""setOpacity""}"
319126,reflection,Method.invoke,"{""class"": ""com.facebook.react.uimanager.BaseViewManager"", ""method"": ""setOpacity""}"
319136,reflection,Method.invoke,"{""class"": ""com.facebook.react.uimanager.BaseViewManager"", ""method"": ""setTransform""}"
319146,reflection,Method.invoke,"{""class"": ""com.facebook.react.uimanager.BaseViewManager"", ""method"": ""setOpacity""}"
319154,reflection,Method.invoke,"{""class"": ""com.facebook.react.uimanager.BaseViewManager"", ""method"": ""setTransform""}"
319163,reflection,Method.invoke,"{""class"": ""com.facebook.react.uimanager.BaseViewManager"", ""method"": ""setOpacity""}"
319182,reflection,Method.invoke,"{""class"": ""com.facebook.react.uimanager.BaseViewManager"", ""method"": ""setTransform""}"
319192,reflection,Method.invoke,"{""class"": ""com.facebook.react.uimanager.BaseViewManager"", ""method"": ""setOpacity""}"
319204,reflection,Method.invoke,"{""class"": ""com.facebook.react.uimanager.BaseViewManager"", ""method"": ""setTransform""}"
319213,reflection,Method.invoke,"{""class"": ""com.facebook.react.uimanager.BaseViewManager"", ""method"": ""setOpacity""}"
319223,reflection,Method.invoke,"{""class"": ""com.facebook.react.uimanager.BaseViewManager"", ""method"": ""setOpacity""}"
319270,reflection,Method.invoke,"{""class"": ""com.facebook.react.uimanager.BaseViewManager"", ""method"": ""setOpacity""}"
319286,reflection,Method.invoke,"{""class"": ""com.facebook.react.uimanager.BaseViewManager"", ""method"": ""setTransform""}"
319294,reflection,Method.invoke,"{""class"": ""com.facebook.react.uimanager.BaseViewManager"", ""method"": ""setOpacity""}"
319302,reflection,Method.invoke,"{""class"": ""com.facebook.react.uimanager.BaseViewManager"", ""method"": ""setTransform""}"
319327,reflection,Method.invoke,"{""class"": ""com.facebook.react.uimanager.BaseViewManager"", ""method"": ""setOpacity""}"
319337,reflection,Method.invoke,"{""class"": ""com.facebook.react.uimanager.BaseViewManager"", ""method"": ""setTransform""}"
319349,reflection,Method.invoke,"{""class"": ""com.facebook.react.uimanager.BaseViewManager"", ""method"": ""setOpacity""}"
319358,reflection,Method.invoke,"{""class"": ""com.facebook.react.uimanager.BaseViewManager"", ""method"": ""setTransform""}"
319382,reflection,Method.invoke,"{""class"": ""com.facebook.react.uimanager.BaseViewManager"", ""method"": ""setOpacity""}"
319392,reflection,Method.invoke,"{""class"": ""com.facebook.react.uimanager.BaseViewManager"", ""method"": ""setTransform""}"
319404,reflection,Method.invoke,"{""class"": ""com.facebook.react.uimanager.BaseViewManager"", ""method"": ""setOpacity""}"
319413,reflection,Method.invoke,"{""class"": ""com.facebook.react.uimanager.BaseViewManager"", ""method"": ""setTransform""}"
319436,reflection,Method.invoke,"{""class"": ""com.facebook.react.uimanager.BaseViewManager"", ""method"": ""setOpacity""}"
319445,reflection,Method.invoke,"{""class"": ""com.facebook.react.uimanager.BaseViewManager"", ""method"": ""setTransform""}"
319458,reflection,Method.invoke,"{""class"": ""com.facebook.react.uimanager.BaseViewManager"", ""method"": ""setOpacity""}"
319466,reflection,Method.invoke,"{""class"": ""com.facebook.react.uimanager.BaseViewManager"", ""method"": ""setTransform""}"
319486,reflection,Method.invoke,"{""class"": ""com.facebook.react.uimanager.BaseViewManager"", ""method"": ""setOpacity""}"
319494,reflection,Method.invoke,"{""class"": ""com.facebook.react.uimanager.BaseViewManager"", ""method"": ""setTransform""}"
319505,reflection,Method.invoke,"{""class"": ""com.facebook.react.uimanager.BaseViewManager"", ""method"": ""setOpacity""}"
319515,reflection,Method.invoke,"{""class"": ""com.facebook.react.uimanager.BaseViewManager"", ""method"": ""setTransform""}"
319541,reflection,Method.invoke,"{""class"": ""com.facebook.react.uimanager.BaseViewManager"", ""method"": ""setOpacity""}"
319554,reflection,Method.invoke,"{""class"": ""com.facebook.react.uimanager.BaseViewManager"", ""method"": ""setTransform""}"
319563,reflection,Method.invoke,"{""class"": ""com.facebook.react.uimanager.BaseViewManager"", ""method"": ""setOpacity""}"
319571,reflection,Method.invoke,"{""class"": ""com.facebook.react.uimanager.BaseViewManager"", ""method"": ""setTransform""}"
319595,reflection,Method.invoke,"{""class"": ""com.facebook.react.uimanager.BaseViewManager"", ""method"": ""setOpacity""}"
319605,reflection,Method.invoke,"{""class"": ""com.facebook.react.uimanager.BaseViewManager"", ""method"": ""setTransform""}"
319616,reflection,Method.invoke,"{""class"": ""com.facebook.react.uimanager.BaseViewManager"", ""method"": ""setOpacity""}"
319624,reflection,Method.invoke,"{""class"": ""com.facebook.react.uimanager.BaseViewManager"", ""method"": ""setTransform""}"
319645,reflection,Method.invoke,"{""class"": ""com.facebook.react.uimanager.BaseViewManager"", ""method"": ""setOpacity""}"
319656,reflection,Method.invoke,"{""class"": ""com.facebook.react.uimanager.BaseViewManager"", ""method"": ""setTransform""}"
319666,reflection,Method.invoke,"{""class"": ""com.facebook.react.uimanager.BaseViewManager"", ""method"": ""setOpacity""}"
319674,reflection,Method.invoke,"{""class"": ""com.facebook.react.uimanager.BaseViewManager"", ""method"": ""setTransform""}"
340742,lifecycle,hook_loaded,"{""stage"": ""java_perform"", ""version"": ""3""}"
359228,reflection,Method.invoke,"{""class"": ""com.facebook.react.uimanager.H0$a"", ""method"": ""values""}"
359263,reflection,Method.invoke,"{""class"": ""com.facebook.react.uimanager.BaseViewManager"", ""method"": ""setOpacity""}"
359280,reflection,Method.invoke,"{""class"": ""com.facebook.react.uimanager.BaseViewManager"", ""method"": ""setOpacity""}"
359281,reflection,Method.invoke,"{""class"": ""com.facebook.react.uimanager.BaseViewManager"", ""method"": ""setTransform""}"
359283,reflection,Method.invoke,"{""class"": ""com.facebook.react.uimanager.BaseViewManager"", ""method"": ""setOpacity""}"
359290,reflection,Method.invoke,"{""class"": ""com.facebook.react.uimanager.BaseViewManager"", ""method"": ""setTransform""}"
359296,reflection,Method.invoke,"{""class"": ""com.facebook.react.uimanager.BaseViewManager"", ""method"": ""setOpacity""}"
359319,reflection,Method.invoke,"{""class"": ""com.facebook.react.uimanager.BaseViewManager"", ""method"": ""setOpacity""}"
359335,reflection,Method.invoke,"{""class"": ""com.facebook.react.uimanager.BaseViewManager"", ""method"": ""setOpacity""}"
359336,reflection,Method.invoke,"{""class"": ""com.facebook.react.uimanager.BaseViewManager"", ""method"": ""setTransform""}"
359338,reflection,Method.invoke,"{""class"": ""com.facebook.react.uimanager.BaseViewManager"", ""method"": ""setOpacity""}"
359339,reflection,Method.invoke,"{""class"": ""com.facebook.react.uimanager.BaseViewManager"", ""method"": ""setTransform""}"
359340,reflection,Method.invoke,"{""class"": ""com.facebook.react.uimanager.BaseViewManager"", ""method"": ""setOpacity""}"
359342,reflection,Method.invoke,"{""class"": ""com.facebook.react.uimanager.BaseViewManager"", ""method"": ""setTransform""}"
359344,reflection,Method.invoke,"{""class"": ""com.facebook.react.uimanager.BaseViewManager"", ""method"": ""setOpacity""}"
359347,reflection,Method.invoke,"{""class"": ""com.facebook.react.uimanager.BaseViewManager"", ""method"": ""setTransform""}"
359350,reflection,Method.invoke,"{""class"": ""com.facebook.react.uimanager.BaseViewManager"", ""method"": ""setOpacity""}"
359358,reflection,Method.invoke,"{""class"": ""com.facebook.react.uimanager.BaseViewManager"", ""method"": ""setOpacity""}"
359386,reflection,Method.invoke,"{""class"": ""com.facebook.react.uimanager.BaseViewManager"", ""method"": ""setTransform""}"
359387,reflection,Method.invoke,"{""class"": ""com.facebook.react.uimanager.BaseViewManager"", ""method"": ""setOpacity""}"
359389,reflection,Method.invoke,"{""class"": ""com.facebook.react.uimanager.BaseViewManager"", ""method"": ""setTransform""}"
359390,reflection,Method.invoke,"{""class"": ""com.facebook.react.uimanager.BaseViewManager"", ""method"": ""setOpacity""}"
359391,reflection,Method.invoke,"{""class"": ""com.facebook.react.uimanager.BaseViewManager"", ""method"": ""setOpacity""}"
359392,reflection,Method.invoke,"{""class"": ""com.facebook.react.uimanager.BaseViewManager"", ""method"": ""setOpacity""}"
359394,reflection,Method.invoke,"{""class"": ""com.facebook.react.uimanager.BaseViewManager"", ""method"": ""setTransform""}"
359396,reflection,Method.invoke,"{""class"": ""com.facebook.react.uimanager.BaseViewManager"", ""method"": ""setOpacity""}"
359399,reflection,Method.invoke,"{""class"": ""com.facebook.react.uimanager.BaseViewManager"", ""method"": ""setTransform""}"
359400,reflection,Method.invoke,"{""class"": ""com.facebook.react.uimanager.BaseViewManager"", ""method"": ""setOpacity""}"
359405,reflection,Method.invoke,"{""class"": ""com.facebook.react.uimanager.BaseViewManager"", ""method"": ""setOpacity""}"
359429,reflection,Method.invoke,"{""class"": ""com.facebook.react.uimanager.BaseViewManager"", ""method"": ""setOpacity""}"
359430,reflection,Method.invoke,"{""class"": ""com.facebook.react.uimanager.BaseViewManager"", ""method"": ""setTransform""}"
359432,reflection,Method.invoke,"{""class"": ""com.facebook.react.uimanager.BaseViewManager"", ""method"": ""setOpacity""}"
359433,reflection,Method.invoke,"{""class"": ""com.facebook.react.uimanager.BaseViewManager"", ""method"": ""setTransform""}"
359435,reflection,Method.invoke,"{""class"": ""com.facebook.react.uimanager.BaseViewManager"", ""method"": ""setOpacity""}"
359451,reflection,Method.invoke,"{""class"": ""com.facebook.react.uimanager.BaseViewManager"", ""method"": ""setOpacity""}"
359452,reflection,Method.invoke,"{""class"": ""com.facebook.react.uimanager.BaseViewManager"", ""method"": ""setTransform""}"
359453,reflection,Method.invoke,"{""class"": ""com.facebook.react.uimanager.BaseViewManager"", ""method"": ""setOpacity""}"
359454,reflection,Method.invoke,"{""class"": ""com.facebook.react.uimanager.BaseViewManager"", ""method"": ""setTransform""}"
359456,reflection,Method.invoke,"{""class"": ""com.facebook.react.uimanager.BaseViewManager"", ""method"": ""setOpacity""}"
359467,reflection,Method.invoke,"{""class"": ""com.facebook.react.uimanager.BaseViewManager"", ""method"": ""setOpacity""}"
359469,reflection,Method.invoke,"{""class"": ""com.facebook.react.uimanager.BaseViewManager"", ""method"": ""setTransform""}"
359470,reflection,Method.invoke,"{""class"": ""com.facebook.react.uimanager.BaseViewManager"", ""method"": ""setOpacity""}"
359471,reflection,Method.invoke,"{""class"": ""com.facebook.react.uimanager.BaseViewManager"", ""method"": ""setTransform""}"
359472,reflection,Method.invoke,"{""class"": ""com.facebook.react.uimanager.BaseViewManager"", ""method"": ""setOpacity""}"
359485,reflection,Method.invoke,"{""class"": ""com.facebook.react.uimanager.BaseViewManager"", ""method"": ""setOpacity""}"
359486,reflection,Method.invoke,"{""class"": ""com.facebook.react.uimanager.BaseViewManager"", ""method"": ""setTransform""}"
359488,reflection,Method.invoke,"{""class"": ""com.facebook.react.uimanager.BaseViewManager"", ""method"": ""setOpacity""}"
359489,reflection,Method.invoke,"{""class"": ""com.facebook.react.uimanager.BaseViewManager"", ""method"": ""setTransform""}"
359491,reflection,Method.invoke,"{""class"": ""com.facebook.react.uimanager.BaseViewManager"", ""method"": ""setOpacity""}"
359505,reflection,Method.invoke,"{""class"": ""com.facebook.react.uimanager.BaseViewManager"", ""method"": ""setOpacity""}"
359506,reflection,Method.invoke,"{""class"": ""com.facebook.react.uimanager.BaseViewManager"", ""method"": ""setTransform""}"
359507,reflection,Method.invoke,"{""class"": ""com.facebook.react.uimanager.BaseViewManager"", ""method"": ""setOpacity""}"
359508,reflection,Method.invoke,"{""class"": ""com.facebook.react.uimanager.BaseViewManager"", ""method"": ""setTransform""}"
359510,reflection,Method.invoke,"{""class"": ""com.facebook.react.uimanager.BaseViewManager"", ""method"": ""setOpacity""}"
359524,reflection,Method.invoke,"{""class"": ""com.facebook.react.uimanager.BaseViewManager"", ""method"": ""setOpacity""}"
359525,reflection,Method.invoke,"{""class"": ""com.facebook.react.uimanager.BaseViewManager"", ""method"": ""setTransform""}"
359527,reflection,Method.invoke,"{""class"": ""com.facebook.react.uimanager.BaseViewManager"", ""method"": ""setOpacity""}"
359531,reflection,Method.invoke,"{""class"": ""com.facebook.react.uimanager.BaseViewManager"", ""method"": ""setTransform""}"
359531,reflection,Method.invoke,"{""class"": ""com.facebook.react.uimanager.BaseViewManager"", ""method"": ""setOpacity""}"
359544,reflection,Method.invoke,"{""class"": ""android.os.SystemProperties"", ""method"": ""get""}"
359553,reflection,Method.invoke,"{""class"": ""com.facebook.react.uimanager.BaseViewManager"", ""method"": ""setOpacity""}"
359554,reflection,Method.invoke,"{""class"": ""com.facebook.react.uimanager.BaseViewManager"", ""method"": ""setTransform""}"
359556,reflection,Method.invoke,"{""class"": ""com.facebook.react.uimanager.BaseViewManager"", ""method"": ""setOpacity""}"
359558,reflection,Method.invoke,"{""class"": ""com.facebook.react.uimanager.BaseViewManager"", ""method"": ""setTransform""}"
359561,reflection,Method.invoke,"{""class"": ""com.facebook.react.uimanager.BaseViewManager"", ""method"": ""setOpacity""}"
359572,reflection,Method.invoke,"{""class"": ""android.os.SystemProperties"", ""method"": ""get""}"
359593,reflection,Method.invoke,"{""class"": ""android.os.SystemProperties"", ""method"": ""get""}"
359603,reflection,Method.invoke,"{""class"": ""com.facebook.react.uimanager.BaseViewManager"", ""method"": ""setBackgroundColor""}"
359604,reflection,Method.invoke,"{""class"": ""com.facebook.react.views.view.ReactViewManager"", ""method"": ""setBorderRadius""}"
359606,reflection,Method.invoke,"{""class"": ""com.facebook.react.uimanager.BaseViewManager"", ""method"": ""setElevation""}"
359615,reflection,Method.invoke,"{""class"": ""android.os.SystemProperties"", ""method"": ""get""}"
359692,reflection,Method.invoke,"{""class"": ""com.facebook.react.views.text.ReactTextAnchorViewManager"", ""method"": ""setAccessible$ReactAndroid_release""}"
359693,reflection,Method.invoke,"{""class"": ""com.facebook.react.views.text.ReactTextAnchorViewManager"", ""method"": ""setFontSize$ReactAndroid_release""}"
359694,reflection,Method.invoke,"{""class"": ""com.facebook.react.views.text.ReactTextAnchorViewManager"", ""method"": ""setEllipsizeMode$ReactAndroid_release""}"
359698,reflection,Method.invoke,"{""class"": ""com.facebook.react.views.view.ReactViewManager"", ""method"": ""setAccessible""}"
359700,reflection,Method.invoke,"{""class"": ""com.facebook.react.uimanager.BaseViewManager"", ""method"": ""setOpacity""}"
359701,reflection,Method.invoke,"{""class"": ""com.facebook.react.views.view.ReactViewManager"", ""method"": ""setCollapsable""}"
359704,reflection,Method.invoke,"{""class"": ""com.facebook.react.uimanager.BaseViewManager"", ""method"": ""setAccessibilityValue""}"
359705,reflection,Method.invoke,"{""class"": ""com.facebook.react.uimanager.BaseViewManager"", ""method"": ""setViewState""}"
359707,reflection,Method.invoke,"{""class"": ""com.facebook.react.uimanager.BaseViewManager"", ""method"": ""setStartShouldSetResponder""}"
359708,reflection,Method.invoke,"{""class"": ""com.facebook.react.uimanager.BaseViewManager"", ""method"": ""setResponderGrant""}"
359708,reflection,Method.invoke,"{""class"": ""com.facebook.react.uimanager.BaseViewManager"", ""method"": ""setClick""}"
359711,reflection,Method.invoke,"{""class"": ""com.facebook.react.views.view.ReactViewManager"", ""method"": ""setFocusable""}"
359712,reflection,Method.invoke,"{""class"": ""com.facebook.react.uimanager.BaseViewManager"", ""method"": ""setResponderTerminate""}"
359717,reflection,Method.invoke,"{""class"": ""com.facebook.react.uimanager.BaseViewManager"", ""method"": ""setResponderMove""}"
359719,reflection,Method.invoke,"{""class"": ""com.facebook.react.uimanager.BaseViewManager"", ""method"": ""setResponderRelease""}"
359719,reflection,Method.invoke,"{""class"": ""com.facebook.react.uimanager.BaseViewManager"", ""method"": ""setResponderTerminationRequest""}"
359721,reflection,Method.invoke,"{""class"": ""com.facebook.react.uimanager.BaseViewManager"", ""method"": ""setBackgroundColor""}"
359723,reflection,Method.invoke,"{""class"": ""com.facebook.react.uimanager.BaseViewManager"", ""method"": ""setBackgroundColor""}"
359725,reflection,Method.invoke,"{""class"": ""com.facebook.react.views.view.ReactViewManager"", ""method"": ""setBorderRadius""}"
359726,reflection,Method.invoke,"{""class"": ""com.facebook.react.uimanager.BaseViewManager"", ""method"": ""setElevation""}"
359728,reflection,Method.invoke,"{""class"": ""com.facebook.react.views.text.ReactTextAnchorViewManager"", ""method"": ""setAccessible$ReactAndroid_release""}"
359729,reflection,Method.invoke,"{""class"": ""com.facebook.react.views.text.ReactTextAnchorViewManager"", ""method"": ""setFontSize$ReactAndroid_release""}"
359730,reflection,Method.invoke,"{""class"": ""com.facebook.react.views.text.ReactTextAnchorViewManager"", ""method"": ""setEllipsizeMode$ReactAndroid_release""}"
359731,reflection,Method.invoke,"{""class"": ""com.facebook.react.views.view.ReactViewManager"", ""method"": ""setAccessible""}"
359732,reflection,Method.invoke,"{""class"": ""com.facebook.react.uimanager.BaseViewManager"", ""method"": ""setOpacity""}"
359734,reflection,Method.invoke,"{""class"": ""com.facebook.react.views.view.ReactViewManager"", ""method"": ""setCollapsable""}"
359735,reflection,Method.invoke,"{""class"": ""com.facebook.react.uimanager.BaseViewManager"", ""method"": ""setAccessibilityValue""}"
359736,reflection,Method.invoke,"{""class"": ""com.facebook.react.uimanager.BaseViewManager"", ""method"": ""setViewState""}"
359737,reflection,Method.invoke,"{""class"": ""com.facebook.react.uimanager.BaseViewManager"", ""method"": ""setStartShouldSetResponder""}"
359739,reflection,Method.invoke,"{""class"": ""com.facebook.react.uimanager.BaseViewManager"", ""method"": ""setResponderGrant""}"
359741,reflection,Method.invoke,"{""class"": ""com.facebook.react.uimanager.BaseViewManager"", ""method"": ""setClick""}"
359742,reflection,Method.invoke,"{""class"": ""com.facebook.react.views.view.ReactViewManager"", ""method"": ""setFocusable""}"
359743,reflection,Method.invoke,"{""class"": ""com.facebook.react.uimanager.BaseViewManager"", ""method"": ""setResponderTerminate""}"
359744,reflection,Method.invoke,"{""class"": ""com.facebook.react.uimanager.BaseViewManager"", ""method"": ""setResponderMove""}"
359745,reflection,Method.invoke,"{""class"": ""com.facebook.react.uimanager.BaseViewManager"", ""method"": ""setResponderRelease""}"
359747,reflection,Method.invoke,"{""class"": ""com.facebook.react.uimanager.BaseViewManager"", ""method"": ""setResponderTerminationRequest""}"
359749,reflection,Method.invoke,"{""class"": ""com.facebook.react.uimanager.BaseViewManager"", ""method"": ""setBackgroundColor""}"
359750,reflection,Method.invoke,"{""class"": ""com.facebook.react.uimanager.BaseViewManager"", ""method"": ""setTransform""}"
359752,reflection,Method.invoke,"{""class"": ""com.facebook.react.uimanager.BaseViewManager"", ""method"": ""setOpacity""}"
359753,reflection,Method.invoke,"{""class"": ""com.facebook.react.uimanager.BaseViewManager"", ""method"": ""setTransform""}"
359754,reflection,Method.invoke,"{""class"": ""com.facebook.react.uimanager.BaseViewManager"", ""method"": ""setOpacity""}"
359756,reflection,Method.invoke,"{""class"": ""com.facebook.react.uimanager.BaseViewManager"", ""method"": ""setTransform""}"
359758,reflection,Method.invoke,"{""class"": ""com.facebook.react.uimanager.BaseViewManager"", ""method"": ""setOpacity""}"
359758,reflection,Method.invoke,"{""class"": ""com.facebook.react.uimanager.BaseViewManager"", ""method"": ""setOpacity""}"
359759,reflection,Method.invoke,"{""class"": ""com.facebook.react.uimanager.BaseViewManager"", ""method"": ""setTransform""}"
359771,reflection,Method.invoke,"{""class"": ""com.facebook.react.uimanager.BaseViewManager"", ""method"": ""setOpacity""}"
359772,reflection,Method.invoke,"{""class"": ""com.facebook.react.uimanager.BaseViewManager"", ""method"": ""setTransform""}"
359774,reflection,Method.invoke,"{""class"": ""com.facebook.react.uimanager.BaseViewManager"", ""method"": ""setOpacity""}"
359776,reflection,Method.invoke,"{""class"": ""com.facebook.react.uimanager.BaseViewManager"", ""method"": ""setTransform""}"
359777,reflection,Method.invoke,"{""class"": ""com.facebook.react.uimanager.BaseViewManager"", ""method"": ""setTransform""}"
359779,reflection,Method.invoke,"{""class"": ""com.facebook.react.uimanager.BaseViewManager"", ""method"": ""setOpacity""}"
359781,reflection,Method.invoke,"{""class"": ""com.facebook.react.uimanager.BaseViewManager"", ""method"": ""setTransform""}"
359782,reflection,Method.invoke,"{""class"": ""com.facebook.react.uimanager.BaseViewManager"", ""method"": ""setOpacity""}"
359784,reflection,Method.invoke,"{""class"": ""com.facebook.react.uimanager.BaseViewManager"", ""method"": ""setBackgroundColor""}"
359787,reflection,Method.invoke,"{""class"": ""com.facebook.react.uimanager.BaseViewManager"", ""method"": ""setOpacity""}"
359790,reflection,Method.invoke,"{""class"": ""com.facebook.react.uimanager.BaseViewManager"", ""method"": ""setTransform""}"
359792,reflection,Method.invoke,"{""class"": ""com.facebook.react.uimanager.BaseViewManager"", ""method"": ""setOpacity""}"
359793,reflection,Method.invoke,"{""class"": ""com.facebook.react.uimanager.BaseViewManager"", ""method"": ""setOpacity""}"
359794,crypto,MessageDigest.digest,{}
359809,reflection,Method.invoke,"{""class"": ""com.facebook.react.uimanager.BaseViewManager"", ""method"": ""setTransform""}"
359814,crypto,MessageDigest.digest,{}
359819,reflection,Method.invoke,"{""class"": ""expo.modules.image.records.ImageLoadEvent"", ""method"": ""getCacheType""}"
359825,reflection,Method.invoke,"{""class"": ""expo.modules.image.records.ImageLoadEvent"", ""method"": ""getSource""}"
359826,reflection,Method.invoke,"{""class"": ""expo.modules.image.records.ImageSource"", ""method"": ""getHeight""}"
359834,reflection,Method.invoke,"{""class"": ""expo.modules.image.records.ImageSource"", ""method"": ""isAnimated""}"
359837,reflection,Method.invoke,"{""class"": ""expo.modules.image.records.ImageSource"", ""method"": ""getMediaType""}"
359838,reflection,Method.invoke,"{""class"": ""expo.modules.image.records.ImageSource"", ""method"": ""getUrl""}"
359839,reflection,Method.invoke,"{""class"": ""expo.modules.image.records.ImageSource"", ""method"": ""getWidth""}"
359841,reflection,Method.invoke,"{""class"": ""com.facebook.react.uimanager.BaseViewManager"", ""method"": ""setOpacity""}"
359842,reflection,Method.invoke,"{""class"": ""com.facebook.react.uimanager.BaseViewManager"", ""method"": ""setTransform""}"
359845,reflection,Method.invoke,"{""class"": ""com.facebook.react.uimanager.BaseViewManager"", ""method"": ""setOpacity""}"
359845,crypto,MessageDigest.digest,{}
359857,reflection,Method.invoke,"{""class"": ""com.facebook.react.uimanager.BaseViewManager"", ""method"": ""setTransform""}"
359858,reflection,Method.invoke,"{""class"": ""com.facebook.react.uimanager.BaseViewManager"", ""method"": ""setOpacity""}"
359859,reflection,Method.invoke,"{""class"": ""com.facebook.react.uimanager.BaseViewManager"", ""method"": ""setTransform""}"
359859,crypto,MessageDigest.digest,{}
359864,reflection,Method.invoke,"{""class"": ""com.facebook.react.uimanager.BaseViewManager"", ""method"": ""setOpacity""}"
359865,reflection,Method.invoke,"{""class"": ""com.facebook.react.uimanager.BaseViewManager"", ""method"": ""setTransform""}"
359869,crypto,MessageDigest.digest,{}
359874,crypto,MessageDigest.digest,{}
359880,crypto,MessageDigest.digest,{}
359896,reflection,Method.invoke,"{""class"": ""com.facebook.react.uimanager.BaseViewManager"", ""method"": ""setOpacity""}"
359896,reflection,Method.invoke,"{""class"": ""com.facebook.react.uimanager.BaseViewManager"", ""method"": ""setTransform""}"
359897,reflection,Method.invoke,"{""class"": ""com.facebook.react.uimanager.BaseViewManager"", ""method"": ""setOpacity""}"
359897,reflection,Method.invoke,"{""class"": ""com.facebook.react.uimanager.BaseViewManager"", ""method"": ""setTransform""}"
359922,reflection,Method.invoke,"{""class"": ""expo.modules.image.records.ImageLoadEvent"", ""method"": ""getCacheType""}"
359923,reflection,Method.invoke,"{""class"": ""expo.modules.image.records.ImageLoadEvent"", ""method"": ""getSource""}"
359924,reflection,Method.invoke,"{""class"": ""expo.modules.image.records.ImageSource"", ""method"": ""getHeight""}"
359925,reflection,Method.invoke,"{""class"": ""expo.modules.image.records.ImageSource"", ""method"": ""isAnimated""}"
359927,reflection,Method.invoke,"{""class"": ""expo.modules.image.records.ImageSource"", ""method"": ""getMediaType""}"
359928,reflection,Method.invoke,"{""class"": ""expo.modules.image.records.ImageSource"", ""method"": ""getUrl""}"
359929,reflection,Method.invoke,"{""class"": ""expo.modules.image.records.ImageSource"", ""method"": ""getWidth""}"
359931,reflection,Method.invoke,"{""class"": ""expo.modules.image.records.ImageLoadEvent"", ""method"": ""getCacheType""}"
359932,reflection,Method.invoke,"{""class"": ""expo.modules.image.records.ImageLoadEvent"", ""method"": ""getSource""}"
359933,reflection,Method.invoke,"{""class"": ""expo.modules.image.records.ImageSource"", ""method"": ""getHeight""}"
359934,reflection,Method.invoke,"{""class"": ""expo.modules.image.records.ImageSource"", ""method"": ""isAnimated""}"
359936,reflection,Method.invoke,"{""class"": ""expo.modules.image.records.ImageSource"", ""method"": ""getMediaType""}"
359937,reflection,Method.invoke,"{""class"": ""expo.modules.image.records.ImageSource"", ""method"": ""getUrl""}"
359939,reflection,Method.invoke,"{""class"": ""expo.modules.image.records.ImageSource"", ""method"": ""getWidth""}"
359941,reflection,Method.invoke,"{""class"": ""com.facebook.react.uimanager.BaseViewManager"", ""method"": ""setOpacity""}"
359942,reflection,Method.invoke,"{""class"": ""com.facebook.react.uimanager.BaseViewManager"", ""method"": ""setTransform""}"
359944,reflection,Method.invoke,"{""class"": ""com.facebook.react.uimanager.BaseViewManager"", ""method"": ""setOpacity""}"
359945,reflection,Method.invoke,"{""class"": ""com.facebook.react.uimanager.BaseViewManager"", ""method"": ""setTransform""}"
359948,reflection,Method.invoke,"{""class"": ""com.facebook.react.uimanager.BaseViewManager"", ""method"": ""setOpacity""}"
359951,reflection,Method.invoke,"{""class"": ""com.facebook.react.uimanager.BaseViewManager"", ""method"": ""setTransform""}"
359952,reflection,Method.invoke,"{""class"": ""com.facebook.react.uimanager.BaseViewManager"", ""method"": ""setOpacity""}"
359953,reflection,Method.invoke,"{""class"": ""com.facebook.react.uimanager.BaseViewManager"", ""method"": ""setTransform""}"
359957,reflection,Method.invoke,"{""class"": ""expo.modules.image.records.ImageLoadEvent"", ""method"": ""getCacheType""}"
359959,reflection,Method.invoke,"{""class"": ""expo.modules.image.records.ImageLoadEvent"", ""method"": ""getSource""}"
359960,reflection,Method.invoke,"{""class"": ""expo.modules.image.records.ImageSource"", ""method"": ""getHeight""}"
359961,reflection,Method.invoke,"{""class"": ""expo.modules.image.records.ImageSource"", ""method"": ""isAnimated""}"
359962,reflection,Method.invoke,"{""class"": ""expo.modules.image.records.ImageSource"", ""method"": ""getMediaType""}"
359964,reflection,Method.invoke,"{""class"": ""expo.modules.image.records.ImageSource"", ""method"": ""getUrl""}"
359965,reflection,Method.invoke,"{""class"": ""expo.modules.image.records.ImageSource"", ""method"": ""getWidth""}"
359986,reflection,Method.invoke,"{""class"": ""com.facebook.react.uimanager.BaseViewManager"", ""method"": ""setOpacity""}"
359987,reflection,Method.invoke,"{""class"": ""com.facebook.react.uimanager.BaseViewManager"", ""method"": ""setTransform""}"
359988,reflection,Method.invoke,"{""class"": ""com.facebook.react.uimanager.BaseViewManager"", ""method"": ""setOpacity""}"
359989,reflection,Method.invoke,"{""class"": ""com.facebook.react.uimanager.BaseViewManager"", ""method"": ""setTransform""}"
382738,reflection,Method.invoke,"{""class"": ""com.facebook.react.uimanager.BaseViewManager"", ""method"": ""setOpacity""}"
382791,reflection,Method.invoke,"{""class"": ""com.facebook.react.uimanager.BaseViewManager"", ""method"": ""setTransform""}"
382804,reflection,Method.invoke,"{""class"": ""com.facebook.react.uimanager.BaseViewManager"", ""method"": ""setOpacity""}"
382814,reflection,Method.invoke,"{""class"": ""com.facebook.react.uimanager.BaseViewManager"", ""method"": ""setTransform""}"
382823,reflection,Method.invoke,"{""class"": ""com.facebook.react.uimanager.BaseViewManager"", ""method"": ""setOpacity""}"
382833,reflection,Method.invoke,"{""class"": ""com.facebook.react.uimanager.BaseViewManager"", ""method"": ""setOpacity""}"
382842,reflection,Method.invoke,"{""class"": ""com.facebook.react.uimanager.BaseViewManager"", ""method"": ""setOpacity""}"
382871,reflection,Method.invoke,"{""class"": ""com.facebook.react.uimanager.BaseViewManager"", ""method"": ""setOpacity""}"
382884,reflection,Method.invoke,"{""class"": ""com.facebook.react.uimanager.BaseViewManager"", ""method"": ""setTransform""}"
382895,reflection,Method.invoke,"{""class"": ""com.facebook.react.uimanager.BaseViewManager"", ""method"": ""setOpacity""}"
382905,reflection,Method.invoke,"{""class"": ""com.facebook.react.uimanager.BaseViewManager"", ""method"": ""setTransform""}"
382915,reflection,Method.invoke,"{""class"": ""com.facebook.react.uimanager.BaseViewManager"", ""method"": ""setOpacity""}"
382936,reflection,Method.invoke,"{""class"": ""com.facebook.react.uimanager.BaseViewManager"", ""method"": ""setOpacity""}"
382952,reflection,Method.invoke,"{""class"": ""com.facebook.react.uimanager.BaseViewManager"", ""method"": ""setTransform""}"
382973,reflection,Method.invoke,"{""class"": ""com.facebook.react.uimanager.BaseViewManager"", ""method"": ""setOpacity""}"
382988,reflection,Method.invoke,"{""class"": ""com.facebook.react.uimanager.BaseViewManager"", ""method"": ""setTransform""}"
383008,reflection,Method.invoke,"{""class"": ""com.facebook.react.uimanager.BaseViewManager"", ""method"": ""setOpacity""}"
383035,reflection,Method.invoke,"{""class"": ""com.facebook.react.uimanager.BaseViewManager"", ""method"": ""setOpacity""}"
383053,reflection,Method.invoke,"{""class"": ""com.facebook.react.uimanager.BaseViewManager"", ""method"": ""setTransform""}"
383068,reflection,Method.invoke,"{""class"": ""com.facebook.react.uimanager.BaseViewManager"", ""method"": ""setOpacity""}"
383078,reflection,Method.invoke,"{""class"": ""com.facebook.react.uimanager.BaseViewManager"", ""method"": ""setTransform""}"
383095,reflection,Method.invoke,"{""class"": ""com.facebook.react.uimanager.BaseViewManager"", ""method"": ""setTransform""}"
383104,reflection,Method.invoke,"{""class"": ""com.facebook.react.uimanager.BaseViewManager"", ""method"": ""setOpacity""}"
383114,reflection,Method.invoke,"{""class"": ""com.facebook.react.uimanager.BaseViewManager"", ""method"": ""setTransform""}"
383123,reflection,Method.invoke,"{""class"": ""com.facebook.react.uimanager.BaseViewManager"", ""method"": ""setOpacity""}"
383133,reflection,Method.invoke,"{""class"": ""com.facebook.react.uimanager.BaseViewManager"", ""method"": ""setBackgroundColor""}"
383142,reflection,Method.invoke,"{""class"": ""com.facebook.react.uimanager.BaseViewManager"", ""method"": ""setTransform""}"
383152,reflection,Method.invoke,"{""class"": ""com.facebook.react.uimanager.BaseViewManager"", ""method"": ""setOpacity""}"
383161,reflection,Method.invoke,"{""class"": ""com.facebook.react.uimanager.BaseViewManager"", ""method"": ""setOpacity""}"
383169,reflection,Method.invoke,"{""class"": ""com.facebook.react.uimanager.BaseViewManager"", ""method"": ""setTransform""}"
383181,reflection,Method.invoke,"{""class"": ""com.facebook.react.uimanager.BaseViewManager"", ""method"": ""setOpacity""}"
383204,reflection,Method.invoke,"{""class"": ""com.facebook.react.uimanager.BaseViewManager"", ""method"": ""setOpacity""}"
383221,reflection,Method.invoke,"{""class"": ""com.facebook.react.uimanager.BaseViewManager"", ""method"": ""setTransform""}"
383230,reflection,Method.invoke,"{""class"": ""com.facebook.react.uimanager.BaseViewManager"", ""method"": ""setOpacity""}"
383238,reflection,Method.invoke,"{""class"": ""com.facebook.react.uimanager.BaseViewManager"", ""method"": ""setTransform""}"
383246,reflection,Method.invoke,"{""class"": ""com.facebook.react.uimanager.BaseViewManager"", ""method"": ""setTransform""}"
383255,reflection,Method.invoke,"{""class"": ""com.facebook.react.uimanager.BaseViewManager"", ""method"": ""setOpacity""}"
383263,reflection,Method.invoke,"{""class"": ""com.facebook.react.uimanager.BaseViewManager"", ""method"": ""setTransform""}"
383271,reflection,Method.invoke,"{""class"": ""com.facebook.react.uimanager.BaseViewManager"", ""method"": ""setOpacity""}"
383280,reflection,Method.invoke,"{""class"": ""com.facebook.react.uimanager.BaseViewManager"", ""method"": ""setTransform""}"
383288,reflection,Method.invoke,"{""class"": ""com.facebook.react.uimanager.BaseViewManager"", ""method"": ""setOpacity""}"
383296,reflection,Method.invoke,"{""class"": ""com.facebook.react.uimanager.BaseViewManager"", ""method"": ""setOpacity""}"
383305,reflection,Method.invoke,"{""class"": ""com.facebook.react.uimanager.BaseViewManager"", ""method"": ""setTransform""}"
383313,reflection,Method.invoke,"{""class"": ""com.facebook.react.uimanager.BaseViewManager"", ""method"": ""setOpacity""}"
383335,reflection,Method.invoke,"{""class"": ""expo.modules.image.records.ImageLoadEvent"", ""method"": ""getCacheType""}"
383351,reflection,Method.invoke,"{""class"": ""expo.modules.image.records.ImageLoadEvent"", ""method"": ""getSource""}"
383369,reflection,Method.invoke,"{""class"": ""expo.modules.image.records.ImageSource"", ""method"": ""getHeight""}"
383377,reflection,Method.invoke,"{""class"": ""expo.modules.image.records.ImageSource"", ""method"": ""isAnimated""}"
383385,reflection,Method.invoke,"{""class"": ""expo.modules.image.records.ImageSource"", ""method"": ""getMediaType""}"
383391,reflection,Method.invoke,"{""class"": ""expo.modules.image.records.ImageSource"", ""method"": ""getUrl""}"
383398,reflection,Method.invoke,"{""class"": ""expo.modules.image.records.ImageSource"", ""method"": ""getWidth""}"
383408,reflection,Method.invoke,"{""class"": ""com.facebook.react.uimanager.BaseViewManager"", ""method"": ""setOpacity""}"
383417,reflection,Method.invoke,"{""class"": ""com.facebook.react.uimanager.BaseViewManager"", ""method"": ""setTransform""}"
383425,reflection,Method.invoke,"{""class"": ""com.facebook.react.uimanager.BaseViewManager"", ""method"": ""setOpacity""}"
383433,reflection,Method.invoke,"{""class"": ""com.facebook.react.uimanager.BaseViewManager"", ""method"": ""setTransform""}"
383441,reflection,Method.invoke,"{""class"": ""com.facebook.react.uimanager.BaseViewManager"", ""method"": ""setTransform""}"
383450,reflection,Method.invoke,"{""class"": ""com.facebook.react.uimanager.BaseViewManager"", ""method"": ""setOpacity""}"
383458,reflection,Method.invoke,"{""class"": ""com.facebook.react.uimanager.BaseViewManager"", ""method"": ""setTransform""}"
383467,reflection,Method.invoke,"{""class"": ""com.facebook.react.uimanager.BaseViewManager"", ""method"": ""setOpacity""}"
383475,reflection,Method.invoke,"{""class"": ""com.facebook.react.uimanager.BaseViewManager"", ""method"": ""setOpacity""}"
404175,reflection,Method.invoke,"{""class"": ""com.facebook.react.uimanager.BaseViewManager"", ""method"": ""setOpacity""}"
404201,reflection,Method.invoke,"{""class"": ""com.facebook.react.uimanager.BaseViewManager"", ""method"": ""setTransform""}"
404211,reflection,Method.invoke,"{""class"": ""com.facebook.react.uimanager.BaseViewManager"", ""method"": ""setOpacity""}"
404221,reflection,Method.invoke,"{""class"": ""com.facebook.react.uimanager.BaseViewManager"", ""method"": ""setOpacity""}"
404230,reflection,Method.invoke,"{""class"": ""com.facebook.react.uimanager.BaseViewManager"", ""method"": ""setTransform""}"
404240,reflection,Method.invoke,"{""class"": ""com.facebook.react.uimanager.BaseViewManager"", ""method"": ""setOpacity""}"
404250,reflection,Method.invoke,"{""class"": ""com.facebook.react.uimanager.BaseViewManager"", ""method"": ""setOpacity""}"
404268,reflection,Method.invoke,"{""class"": ""com.facebook.react.uimanager.BaseViewManager"", ""method"": ""setOpacity""}"
404277,reflection,Method.invoke,"{""class"": ""com.facebook.react.uimanager.BaseViewManager"", ""method"": ""setTransform""}"
404289,reflection,Method.invoke,"{""class"": ""com.facebook.react.uimanager.BaseViewManager"", ""method"": ""setOpacity""}"
404299,reflection,Method.invoke,"{""class"": ""com.facebook.react.uimanager.BaseViewManager"", ""method"": ""setTransform""}"
404308,reflection,Method.invoke,"{""class"": ""com.facebook.react.uimanager.BaseViewManager"", ""method"": ""setOpacity""}"
404327,reflection,Method.invoke,"{""class"": ""com.facebook.react.uimanager.BaseViewManager"", ""method"": ""setOpacity""}"
404340,reflection,Method.invoke,"{""class"": ""com.facebook.react.uimanager.BaseViewManager"", ""method"": ""setTransform""}"
404348,reflection,Method.invoke,"{""class"": ""com.facebook.react.uimanager.BaseViewManager"", ""method"": ""setOpacity""}"
404357,reflection,Method.invoke,"{""class"": ""com.facebook.react.uimanager.BaseViewManager"", ""method"": ""setTransform""}"
404365,reflection,Method.invoke,"{""class"": ""com.facebook.react.uimanager.BaseViewManager"", ""method"": ""setOpacity""}"
404386,reflection,Method.invoke,"{""class"": ""com.facebook.react.uimanager.BaseViewManager"", ""method"": ""setOpacity""}"
404398,reflection,Method.invoke,"{""class"": ""com.facebook.react.uimanager.BaseViewManager"", ""method"": ""setTransform""}"
404408,reflection,Method.invoke,"{""class"": ""com.facebook.react.uimanager.BaseViewManager"", ""method"": ""setOpacity""}"
404417,reflection,Method.invoke,"{""class"": ""com.facebook.react.uimanager.BaseViewManager"", ""method"": ""setTransform""}"
404424,reflection,Method.invoke,"{""class"": ""com.facebook.react.uimanager.BaseViewManager"", ""method"": ""setOpacity""}"
404444,reflection,Method.invoke,"{""class"": ""com.facebook.react.uimanager.BaseViewManager"", ""method"": ""setOpacity""}"
404459,reflection,Method.invoke,"{""class"": ""com.facebook.react.uimanager.BaseViewManager"", ""method"": ""setTransform""}"
404468,reflection,Method.invoke,"{""class"": ""com.facebook.react.uimanager.BaseViewManager"", ""method"": ""setOpacity""}"
404478,reflection,Method.invoke,"{""class"": ""com.facebook.react.uimanager.BaseViewManager"", ""method"": ""setTransform""}"
404488,reflection,Method.invoke,"{""class"": ""com.facebook.react.uimanager.BaseViewManager"", ""method"": ""setOpacity""}"
404518,reflection,Method.invoke,"{""class"": ""com.facebook.react.uimanager.BaseViewManager"", ""method"": ""setTransform""}"
404526,reflection,Method.invoke,"{""class"": ""com.facebook.react.uimanager.BaseViewManager"", ""method"": ""setOpacity""}"
404534,reflection,Method.invoke,"{""class"": ""com.facebook.react.uimanager.BaseViewManager"", ""method"": ""setTransform""}"
404544,reflection,Method.invoke,"{""class"": ""com.facebook.react.uimanager.BaseViewManager"", ""method"": ""setOpacity""}"
404553,reflection,Method.invoke,"{""class"": ""com.facebook.react.uimanager.BaseViewManager"", ""method"": ""setOpacity""}"
404562,reflection,Method.invoke,"{""class"": ""com.facebook.react.uimanager.BaseViewManager"", ""method"": ""setOpacity""}"
404572,reflection,Method.invoke,"{""class"": ""com.facebook.react.uimanager.BaseViewManager"", ""method"": ""setTransform""}"
404581,reflection,Method.invoke,"{""class"": ""com.facebook.react.uimanager.BaseViewManager"", ""method"": ""setOpacity""}"
404589,reflection,Method.invoke,"{""class"": ""com.facebook.react.uimanager.BaseViewManager"", ""method"": ""setTransform""}"
426136,lifecycle,hook_loaded,"{""stage"": ""java_perform"", ""version"": ""3""}"
