relative_time,category,api,args_str
0,lifecycle,hook_loaded,"{""stage"": ""java_perform"", ""version"": ""3""}"
318,reflection,Method.invoke,"{""class"": ""android.view.ViewGroup"", ""method"": ""makeOptionalFitsSystemWindows""}"
353,reflection,Method.invoke,"{""class"": ""android.view.ViewGroup"", ""method"": ""makeOptionalFitsSystemWindows""}"
380,reflection,Method.invoke,"{""class"": ""android.view.View"", ""method"": ""getElevation""}"
385,reflection,Method.invoke,"{""class"": ""android.view.View"", ""method"": ""getTranslationZ""}"
389,reflection,Method.invoke,"{""class"": ""android.view.View"", ""method"": ""getViewRootImpl""}"
398,reflection,Method.invoke,"{""class"": ""android.view.View"", ""method"": ""getViewRootImpl""}"
403,reflection,Method.invoke,"{""class"": ""android.view.View"", ""method"": ""getViewRootImpl""}"
407,reflection,Method.invoke,"{""class"": ""android.view.View"", ""method"": ""getViewRootImpl""}"
416,reflection,Method.invoke,"{""class"": ""android.view.View"", ""method"": ""getViewRootImpl""}"
420,reflection,Method.invoke,"{""class"": ""android.view.View"", ""method"": ""getViewRootImpl""}"
424,reflection,Method.invoke,"{""class"": ""android.view.View"", ""method"": ""getViewRootImpl""}"
428,reflection,Method.invoke,"{""class"": ""android.view.View"", ""method"": ""getViewRootImpl""}"
3920,reflection,Method.invoke,"{""class"": ""android.view.View"", ""method"": ""getElevation""}"
3926,reflection,Method.invoke,"{""class"": ""android.view.View"", ""method"": ""getTranslationZ""}"
3955,reflection,Method.invoke,"{""class"": ""android.view.View"", ""method"": ""getElevation""}"
3963,reflection,Method.invoke,"{""class"": ""android.view.View"", ""method"": ""getTranslationZ""}"
4004,reflection,Method.invoke,"{""class"": ""android.view.ViewGroup"", ""method"": ""makeOptionalFitsSystemWindows""}"
4019,reflection,Method.invoke,"{""class"": ""app.notesr.activity.security.AuthActivity$Mode"", ""method"": ""values""}"
4045,reflection,Method.invoke,"{""class"": ""android.view.View"", ""method"": ""getElevation""}"
4050,reflection,Method.invoke,"{""class"": ""android.view.View"", ""method"": ""getTranslationZ""}"
4054,reflection,Method.invoke,"{""class"": ""android.view.View"", ""method"": ""getElevation""}"
4061,reflection,Method.invoke,"{""class"": ""android.view.View"", ""method"": ""getTranslationZ""}"
4066,reflection,Method.invoke,"{""class"": ""android.view.View"", ""method"": ""getElevation""}"
4070,reflection,Method.invoke,"{""class"": ""android.view.View"", ""method"": ""getTranslationZ""}"
4075,reflection,Method.invoke,"{""class"": ""android.view.View"", ""method"": ""getElevation""}"
4079,reflection,Method.invoke,"{""class"": ""android.view.View"", ""method"": ""getTranslationZ""}"
4084,reflection,Method.invoke,"{""class"": ""android.view.View"", ""method"": ""getElevation""}"
4089,reflection,Method.invoke,"{""class"": ""android.view.View"", ""method"": ""getTranslationZ""}"
4094,reflection,Method.invoke,"{""class"": ""android.view.View"", ""method"": ""getElevation""}"
4098,reflection,Method.invoke,"{""class"": ""android.view.View"", ""method"": ""getTranslationZ""}"
4102,reflection,Method.invoke,"{""class"": ""android.view.View"", ""method"": ""getElevation""}"
4107,reflection,Method.invoke,"{""class"": ""android.view.View"", ""method"": ""getTranslationZ""}"
4111,reflection,Method.invoke,"{""class"": ""android.view.View"", ""method"": ""getElevation""}"
4115,reflection,Method.invoke,"{""class"": ""android.view.View"", ""method"": ""getTranslationZ""}"
4120,reflection,Method.invoke,"{""class"": ""android.view.View"", ""method"": ""getElevation""}"
4125,reflection,Method.invoke,"{""class"": ""android.view.View"", ""method"": ""getTranslationZ""}"
4129,reflection,Method.invoke,"{""class"": ""android.view.View"", ""method"": ""getElevation""}"
4133,reflection,Method.invoke,"{""class"": ""android.view.View"", ""method"": ""getTranslationZ""}"
4138,reflection,Method.invoke,"{""class"": ""android.view.View"", ""method"": ""getElevation""}"
4143,reflection,Method.invoke,"{""class"": ""android.view.View"", ""method"": ""getTranslationZ""}"
4147,reflection,Method.invoke,"{""class"": ""android.view.View"", ""method"": ""getElevation""}"
4153,reflection,Method.invoke,"{""class"": ""android.view.View"", ""method"": ""getTranslationZ""}"
4158,reflection,Method.invoke,"{""class"": ""android.view.View"", ""method"": ""getElevation""}"
4162,reflection,Method.invoke,"{""class"": ""android.view.View"", ""method"": ""getTranslationZ""}"
4167,reflection,Method.invoke,"{""class"": ""android.view.View"", ""method"": ""getElevation""}"
4171,reflection,Method.invoke,"{""class"": ""android.view.View"", ""method"": ""getTranslationZ""}"
4176,reflection,Method.invoke,"{""class"": ""android.view.View"", ""method"": ""getElevation""}"
4180,reflection,Method.invoke,"{""class"": ""android.view.View"", ""method"": ""getTranslationZ""}"
4184,reflection,Method.invoke,"{""class"": ""android.view.View"", ""method"": ""getElevation""}"
4189,reflection,Method.invoke,"{""class"": ""android.view.View"", ""method"": ""getTranslationZ""}"
4194,reflection,Method.invoke,"{""class"": ""android.view.View"", ""method"": ""getElevation""}"
4198,reflection,Method.invoke,"{""class"": ""android.view.View"", ""method"": ""getTranslationZ""}"
4203,reflection,Method.invoke,"{""class"": ""android.view.View"", ""method"": ""getElevation""}"
4207,reflection,Method.invoke,"{""class"": ""android.view.View"", ""method"": ""getTranslationZ""}"
4212,reflection,Method.invoke,"{""class"": ""android.view.View"", ""method"": ""getElevation""}"
4216,reflection,Method.invoke,"{""class"": ""android.view.View"", ""method"": ""getTranslationZ""}"
4221,reflection,Method.invoke,"{""class"": ""android.view.View"", ""method"": ""getElevation""}"
4226,reflection,Method.invoke,"{""class"": ""android.view.View"", ""method"": ""getTranslationZ""}"
4230,reflection,Method.invoke,"{""class"": ""android.view.View"", ""method"": ""getElevation""}"
4235,reflection,Method.invoke,"{""class"": ""android.view.View"", ""method"": ""getTranslationZ""}"
4244,reflection,Method.invoke,"{""class"": ""android.view.View"", ""method"": ""getElevation""}"
4249,reflection,Method.invoke,"{""class"": ""android.view.View"", ""method"": ""getTranslationZ""}"
4253,reflection,Method.invoke,"{""class"": ""android.view.View"", ""method"": ""getElevation""}"
4258,reflection,Method.invoke,"{""class"": ""android.view.View"", ""method"": ""getTranslationZ""}"
4262,reflection,Method.invoke,"{""class"": ""android.view.View"", ""method"": ""getElevation""}"
4267,reflection,Method.invoke,"{""class"": ""android.view.View"", ""method"": ""getTranslationZ""}"
4271,reflection,Method.invoke,"{""class"": ""android.view.View"", ""method"": ""getElevation""}"
4277,reflection,Method.invoke,"{""class"": ""android.view.View"", ""method"": ""getTranslationZ""}"
4281,reflection,Method.invoke,"{""class"": ""android.view.View"", ""method"": ""getElevation""}"
4285,reflection,Method.invoke,"{""class"": ""android.view.View"", ""method"": ""getTranslationZ""}"
4290,reflection,Method.invoke,"{""class"": ""android.view.View"", ""method"": ""getElevation""}"
4295,reflection,Method.invoke,"{""class"": ""android.view.View"", ""method"": ""getTranslationZ""}"
4299,reflection,Method.invoke,"{""class"": ""android.view.View"", ""method"": ""getElevation""}"
4303,reflection,Method.invoke,"{""class"": ""android.view.View"", ""method"": ""getTranslationZ""}"
4312,reflection,Method.invoke,"{""class"": ""android.view.View"", ""method"": ""getElevation""}"
4317,reflection,Method.invoke,"{""class"": ""android.view.View"", ""method"": ""getTranslationZ""}"
4322,reflection,Method.invoke,"{""class"": ""android.view.View"", ""method"": ""getElevation""}"
4327,reflection,Method.invoke,"{""class"": ""android.view.View"", ""method"": ""getTranslationZ""}"
4331,reflection,Method.invoke,"{""class"": ""android.view.View"", ""method"": ""getElevation""}"
4335,reflection,Method.invoke,"{""class"": ""android.view.View"", ""method"": ""getTranslationZ""}"
4339,reflection,Method.invoke,"{""class"": ""android.view.View"", ""method"": ""getElevation""}"
4344,reflection,Method.invoke,"{""class"": ""android.view.View"", ""method"": ""getTranslationZ""}"
4348,reflection,Method.invoke,"{""class"": ""android.view.View"", ""method"": ""getElevation""}"
4353,reflection,Method.invoke,"{""class"": ""android.view.View"", ""method"": ""getTranslationZ""}"
4358,reflection,Method.invoke,"{""class"": ""android.view.View"", ""method"": ""getElevation""}"
4362,reflection,Method.invoke,"{""class"": ""android.view.View"", ""method"": ""getTranslationZ""}"
4366,reflection,Method.invoke,"{""class"": ""android.view.View"", ""method"": ""getElevation""}"
4371,reflection,Method.invoke,"{""class"": ""android.view.View"", ""method"": ""getTranslationZ""}"
4376,reflection,Method.invoke,"{""class"": ""android.view.View"", ""method"": ""getElevation""}"
4380,reflection,Method.invoke,"{""class"": ""android.view.View"", ""method"": ""getTranslationZ""}"
4384,reflection,Method.invoke,"{""class"": ""android.view.View"", ""method"": ""getViewRootImpl""}"
4389,reflection,Method.invoke,"{""class"": ""android.view.View"", ""method"": ""getViewRootImpl""}"
4393,reflection,Method.invoke,"{""class"": ""android.view.View"", ""method"": ""getViewRootImpl""}"
4397,reflection,Method.invoke,"{""class"": ""android.view.View"", ""method"": ""getViewRootImpl""}"
4403,reflection,Method.invoke,"{""class"": ""android.view.View"", ""method"": ""getViewRootImpl""}"
4408,reflection,Method.invoke,"{""class"": ""android.view.View"", ""method"": ""getViewRootImpl""}"
4413,reflection,Method.invoke,"{""class"": ""android.view.View"", ""method"": ""getViewRootImpl""}"
4417,reflection,Method.invoke,"{""class"": ""android.view.View"", ""method"": ""getViewRootImpl""}"
10079,reflection,Method.invoke,"{""class"": ""android.view.View"", ""method"": ""getElevation""}"
10089,reflection,Method.invoke,"{""class"": ""android.view.View"", ""method"": ""getTranslationZ""}"
10099,reflection,Method.invoke,"{""class"": ""android.view.View"", ""method"": ""getElevation""}"
10110,reflection,Method.invoke,"{""class"": ""android.view.View"", ""method"": ""getTranslationZ""}"
10117,reflection,Method.invoke,"{""class"": ""android.view.View"", ""method"": ""getElevation""}"
10126,reflection,Method.invoke,"{""class"": ""android.view.View"", ""method"": ""getTranslationZ""}"
10134,reflection,Method.invoke,"{""class"": ""android.view.View"", ""method"": ""getElevation""}"
10146,reflection,Method.invoke,"{""class"": ""android.view.View"", ""method"": ""getTranslationZ""}"
10155,reflection,Method.invoke,"{""class"": ""android.view.View"", ""method"": ""getElevation""}"
10164,reflection,Method.invoke,"{""class"": ""android.view.View"", ""method"": ""getTranslationZ""}"
10171,reflection,Method.invoke,"{""class"": ""android.view.View"", ""method"": ""getElevation""}"
10181,reflection,Method.invoke,"{""class"": ""android.view.View"", ""method"": ""getTranslationZ""}"
10189,reflection,Method.invoke,"{""class"": ""android.view.View"", ""method"": ""getElevation""}"
10199,reflection,Method.invoke,"{""class"": ""android.view.View"", ""method"": ""getTranslationZ""}"
10205,reflection,Method.invoke,"{""class"": ""android.view.View"", ""method"": ""getElevation""}"
10214,reflection,Method.invoke,"{""class"": ""android.view.View"", ""method"": ""getTranslationZ""}"
10221,reflection,Method.invoke,"{""class"": ""android.view.View"", ""method"": ""getElevation""}"
10229,reflection,Method.invoke,"{""class"": ""android.view.View"", ""method"": ""getTranslationZ""}"
10237,reflection,Method.invoke,"{""class"": ""android.view.View"", ""method"": ""getElevation""}"
10250,reflection,Method.invoke,"{""class"": ""android.view.View"", ""method"": ""getTranslationZ""}"
10259,reflection,Method.invoke,"{""class"": ""android.view.View"", ""method"": ""getElevation""}"
10268,reflection,Method.invoke,"{""class"": ""android.view.View"", ""method"": ""getTranslationZ""}"
10276,reflection,Method.invoke,"{""class"": ""android.view.View"", ""method"": ""getElevation""}"
10284,reflection,Method.invoke,"{""class"": ""android.view.View"", ""method"": ""getTranslationZ""}"
10291,reflection,Method.invoke,"{""class"": ""android.view.View"", ""method"": ""getElevation""}"
10298,reflection,Method.invoke,"{""class"": ""android.view.View"", ""method"": ""getTranslationZ""}"
10305,reflection,Method.invoke,"{""class"": ""android.view.View"", ""method"": ""getElevation""}"
10312,reflection,Method.invoke,"{""class"": ""android.view.View"", ""method"": ""getTranslationZ""}"
10322,reflection,Method.invoke,"{""class"": ""android.view.View"", ""method"": ""getElevation""}"
10331,reflection,Method.invoke,"{""class"": ""android.view.View"", ""method"": ""getTranslationZ""}"
10338,reflection,Method.invoke,"{""class"": ""android.view.View"", ""method"": ""getElevation""}"
10348,reflection,Method.invoke,"{""class"": ""android.view.View"", ""method"": ""getTranslationZ""}"
10355,reflection,Method.invoke,"{""class"": ""android.view.View"", ""method"": ""getElevation""}"
10363,reflection,Method.invoke,"{""class"": ""android.view.View"", ""method"": ""getTranslationZ""}"
10371,reflection,Method.invoke,"{""class"": ""android.view.View"", ""method"": ""getElevation""}"
10378,reflection,Method.invoke,"{""class"": ""android.view.View"", ""method"": ""getTranslationZ""}"
10386,reflection,Method.invoke,"{""class"": ""android.view.View"", ""method"": ""getElevation""}"
10393,reflection,Method.invoke,"{""class"": ""android.view.View"", ""method"": ""getTranslationZ""}"
10402,reflection,Method.invoke,"{""class"": ""android.view.View"", ""method"": ""getElevation""}"
10411,reflection,Method.invoke,"{""class"": ""android.view.View"", ""method"": ""getTranslationZ""}"
10419,reflection,Method.invoke,"{""class"": ""android.view.View"", ""method"": ""getElevation""}"
10426,reflection,Method.invoke,"{""class"": ""android.view.View"", ""method"": ""getTranslationZ""}"
10431,reflection,Method.invoke,"{""class"": ""android.view.View"", ""method"": ""getElevation""}"
10438,reflection,Method.invoke,"{""class"": ""android.view.View"", ""method"": ""getTranslationZ""}"
10445,reflection,Method.invoke,"{""class"": ""android.view.View"", ""method"": ""getElevation""}"
10453,reflection,Method.invoke,"{""class"": ""android.view.View"", ""method"": ""getTranslationZ""}"
10459,reflection,Method.invoke,"{""class"": ""android.view.View"", ""method"": ""getElevation""}"
10468,reflection,Method.invoke,"{""class"": ""android.view.View"", ""method"": ""getTranslationZ""}"
10474,reflection,Method.invoke,"{""class"": ""android.view.View"", ""method"": ""getElevation""}"
10482,reflection,Method.invoke,"{""class"": ""android.view.View"", ""method"": ""getTranslationZ""}"
10489,reflection,Method.invoke,"{""class"": ""android.view.View"", ""method"": ""getElevation""}"
10497,reflection,Method.invoke,"{""class"": ""android.view.View"", ""method"": ""getTranslationZ""}"
10503,reflection,Method.invoke,"{""class"": ""android.view.View"", ""method"": ""getElevation""}"
10511,reflection,Method.invoke,"{""class"": ""android.view.View"", ""method"": ""getTranslationZ""}"
10517,reflection,Method.invoke,"{""class"": ""android.view.View"", ""method"": ""getElevation""}"
10523,reflection,Method.invoke,"{""class"": ""android.view.View"", ""method"": ""getTranslationZ""}"
10531,reflection,Method.invoke,"{""class"": ""android.view.View"", ""method"": ""getElevation""}"
10537,reflection,Method.invoke,"{""class"": ""android.view.View"", ""method"": ""getTranslationZ""}"
10544,reflection,Method.invoke,"{""class"": ""android.view.View"", ""method"": ""getElevation""}"
10552,reflection,Method.invoke,"{""class"": ""android.view.View"", ""method"": ""getTranslationZ""}"
10560,reflection,Method.invoke,"{""class"": ""android.view.View"", ""method"": ""getElevation""}"
10566,reflection,Method.invoke,"{""class"": ""android.view.View"", ""method"": ""getTranslationZ""}"
10573,reflection,Method.invoke,"{""class"": ""android.view.View"", ""method"": ""getElevation""}"
10582,reflection,Method.invoke,"{""class"": ""android.view.View"", ""method"": ""getTranslationZ""}"
10589,reflection,Method.invoke,"{""class"": ""android.view.View"", ""method"": ""getElevation""}"
10598,reflection,Method.invoke,"{""class"": ""android.view.View"", ""method"": ""getTranslationZ""}"
10606,reflection,Method.invoke,"{""class"": ""android.view.View"", ""method"": ""getElevation""}"
10615,reflection,Method.invoke,"{""class"": ""android.view.View"", ""method"": ""getTranslationZ""}"
10621,reflection,Method.invoke,"{""class"": ""android.view.View"", ""method"": ""getElevation""}"
10629,reflection,Method.invoke,"{""class"": ""android.view.View"", ""method"": ""getTranslationZ""}"
10637,reflection,Method.invoke,"{""class"": ""android.view.View"", ""method"": ""getElevation""}"
10642,reflection,Method.invoke,"{""class"": ""android.view.View"", ""method"": ""getTranslationZ""}"
13406,reflection,Method.invoke,"{""class"": ""android.view.View"", ""method"": ""getElevation""}"
13418,reflection,Method.invoke,"{""class"": ""android.view.View"", ""method"": ""getTranslationZ""}"
13427,reflection,Method.invoke,"{""class"": ""android.view.View"", ""method"": ""getElevation""}"
13434,reflection,Method.invoke,"{""class"": ""android.view.View"", ""method"": ""getTranslationZ""}"
13441,reflection,Method.invoke,"{""class"": ""android.view.View"", ""method"": ""getElevation""}"
13448,reflection,Method.invoke,"{""class"": ""android.view.View"", ""method"": ""getTranslationZ""}"
13458,reflection,Method.invoke,"{""class"": ""android.view.View"", ""method"": ""getElevation""}"
13468,reflection,Method.invoke,"{""class"": ""android.view.View"", ""method"": ""getTranslationZ""}"
13478,reflection,Method.invoke,"{""class"": ""android.view.View"", ""method"": ""getElevation""}"
13487,reflection,Method.invoke,"{""class"": ""android.view.View"", ""method"": ""getTranslationZ""}"
13497,reflection,Method.invoke,"{""class"": ""android.view.View"", ""method"": ""getElevation""}"
13507,reflection,Method.invoke,"{""class"": ""android.view.View"", ""method"": ""getTranslationZ""}"
13518,reflection,Method.invoke,"{""class"": ""android.view.View"", ""method"": ""getElevation""}"
13529,reflection,Method.invoke,"{""class"": ""android.view.View"", ""method"": ""getTranslationZ""}"
13537,reflection,Method.invoke,"{""class"": ""android.view.View"", ""method"": ""getElevation""}"
13545,reflection,Method.invoke,"{""class"": ""android.view.View"", ""method"": ""getTranslationZ""}"
13553,reflection,Method.invoke,"{""class"": ""android.view.View"", ""method"": ""getElevation""}"
13560,reflection,Method.invoke,"{""class"": ""android.view.View"", ""method"": ""getTranslationZ""}"
13567,reflection,Method.invoke,"{""class"": ""android.view.View"", ""method"": ""getElevation""}"
13575,reflection,Method.invoke,"{""class"": ""android.view.View"", ""method"": ""getTranslationZ""}"
13584,reflection,Method.invoke,"{""class"": ""android.view.View"", ""method"": ""getElevation""}"
13591,reflection,Method.invoke,"{""class"": ""android.view.View"", ""method"": ""getTranslationZ""}"
13600,reflection,Method.invoke,"{""class"": ""android.view.View"", ""method"": ""getElevation""}"
13608,reflection,Method.invoke,"{""class"": ""android.view.View"", ""method"": ""getTranslationZ""}"
13615,reflection,Method.invoke,"{""class"": ""android.view.View"", ""method"": ""getElevation""}"
13623,reflection,Method.invoke,"{""class"": ""android.view.View"", ""method"": ""getTranslationZ""}"
13632,reflection,Method.invoke,"{""class"": ""android.view.View"", ""method"": ""getElevation""}"
13638,reflection,Method.invoke,"{""class"": ""android.view.View"", ""method"": ""getTranslationZ""}"
13649,reflection,Method.invoke,"{""class"": ""android.view.View"", ""method"": ""getElevation""}"
13655,reflection,Method.invoke,"{""class"": ""android.view.View"", ""method"": ""getTranslationZ""}"
13663,reflection,Method.invoke,"{""class"": ""android.view.View"", ""method"": ""getElevation""}"
13676,reflection,Method.invoke,"{""class"": ""android.view.View"", ""method"": ""getTranslationZ""}"
13683,reflection,Method.invoke,"{""class"": ""android.view.View"", ""method"": ""getElevation""}"
13691,reflection,Method.invoke,"{""class"": ""android.view.View"", ""method"": ""getTranslationZ""}"
13698,reflection,Method.invoke,"{""class"": ""android.view.View"", ""method"": ""getElevation""}"
13704,reflection,Method.invoke,"{""class"": ""android.view.View"", ""method"": ""getTranslationZ""}"
13714,reflection,Method.invoke,"{""class"": ""android.view.View"", ""method"": ""getElevation""}"
13720,reflection,Method.invoke,"{""class"": ""android.view.View"", ""method"": ""getTranslationZ""}"
13728,reflection,Method.invoke,"{""class"": ""android.view.View"", ""method"": ""getElevation""}"
13734,reflection,Method.invoke,"{""class"": ""android.view.View"", ""method"": ""getTranslationZ""}"
13741,reflection,Method.invoke,"{""class"": ""android.view.View"", ""method"": ""getElevation""}"
13750,reflection,Method.invoke,"{""class"": ""android.view.View"", ""method"": ""getTranslationZ""}"
13757,reflection,Method.invoke,"{""class"": ""android.view.View"", ""method"": ""getElevation""}"
13764,reflection,Method.invoke,"{""class"": ""android.view.View"", ""method"": ""getTranslationZ""}"
13774,reflection,Method.invoke,"{""class"": ""android.view.View"", ""method"": ""getElevation""}"
13781,reflection,Method.invoke,"{""class"": ""android.view.View"", ""method"": ""getTranslationZ""}"
13789,reflection,Method.invoke,"{""class"": ""android.view.View"", ""method"": ""getElevation""}"
13798,reflection,Method.invoke,"{""class"": ""android.view.View"", ""method"": ""getTranslationZ""}"
13805,reflection,Method.invoke,"{""class"": ""android.view.View"", ""method"": ""getElevation""}"
13813,reflection,Method.invoke,"{""class"": ""android.view.View"", ""method"": ""getTranslationZ""}"
13820,reflection,Method.invoke,"{""class"": ""android.view.View"", ""method"": ""getElevation""}"
13829,reflection,Method.invoke,"{""class"": ""android.view.View"", ""method"": ""getTranslationZ""}"
13835,reflection,Method.invoke,"{""class"": ""android.view.View"", ""method"": ""getElevation""}"
13843,reflection,Method.invoke,"{""class"": ""android.view.View"", ""method"": ""getTranslationZ""}"
13853,reflection,Method.invoke,"{""class"": ""android.view.View"", ""method"": ""getElevation""}"
13859,reflection,Method.invoke,"{""class"": ""android.view.View"", ""method"": ""getTranslationZ""}"
13868,reflection,Method.invoke,"{""class"": ""android.view.View"", ""method"": ""getElevation""}"
13875,reflection,Method.invoke,"{""class"": ""android.view.View"", ""method"": ""getTranslationZ""}"
13881,reflection,Method.invoke,"{""class"": ""android.view.View"", ""method"": ""getElevation""}"
13887,reflection,Method.invoke,"{""class"": ""android.view.View"", ""method"": ""getTranslationZ""}"
16661,reflection,Method.invoke,"{""class"": ""android.view.View"", ""method"": ""getElevation""}"
16662,reflection,Method.invoke,"{""class"": ""android.view.View"", ""method"": ""getTranslationZ""}"
16675,reflection,Method.invoke,"{""class"": ""android.view.View"", ""method"": ""getElevation""}"
16677,reflection,Method.invoke,"{""class"": ""android.view.View"", ""method"": ""getTranslationZ""}"
19471,reflection,Method.invoke,"{""class"": ""android.view.View"", ""method"": ""getElevation""}"
19472,reflection,Method.invoke,"{""class"": ""android.view.View"", ""method"": ""getTranslationZ""}"
19477,reflection,Method.invoke,"{""class"": ""android.view.View"", ""method"": ""getElevation""}"
19477,reflection,Method.invoke,"{""class"": ""android.view.View"", ""method"": ""getTranslationZ""}"
22286,reflection,Method.invoke,"{""class"": ""android.view.View"", ""method"": ""getElevation""}"
22288,reflection,Method.invoke,"{""class"": ""android.view.View"", ""method"": ""getTranslationZ""}"
22292,reflection,Method.invoke,"{""class"": ""android.view.View"", ""method"": ""getElevation""}"
22292,reflection,Method.invoke,"{""class"": ""android.view.View"", ""method"": ""getTranslationZ""}"
25107,reflection,Method.invoke,"{""class"": ""android.view.View"", ""method"": ""getElevation""}"
25114,reflection,Method.invoke,"{""class"": ""android.view.View"", ""method"": ""getTranslationZ""}"
25136,reflection,Method.invoke,"{""class"": ""android.view.View"", ""method"": ""getElevation""}"
25147,reflection,Method.invoke,"{""class"": ""android.view.View"", ""method"": ""getTranslationZ""}"
27937,reflection,Method.invoke,"{""class"": ""android.view.View"", ""method"": ""getElevation""}"
27944,reflection,Method.invoke,"{""class"": ""android.view.View"", ""method"": ""getTranslationZ""}"
27963,reflection,Method.invoke,"{""class"": ""android.view.View"", ""method"": ""getElevation""}"
27971,reflection,Method.invoke,"{""class"": ""android.view.View"", ""method"": ""getTranslationZ""}"
31905,reflection,Method.invoke,"{""class"": ""android.view.View"", ""method"": ""getElevation""}"
31906,reflection,Method.invoke,"{""class"": ""android.view.View"", ""method"": ""getTranslationZ""}"
31911,reflection,Method.invoke,"{""class"": ""android.view.View"", ""method"": ""getElevation""}"
31911,reflection,Method.invoke,"{""class"": ""android.view.View"", ""method"": ""getTranslationZ""}"
34684,reflection,Method.invoke,"{""class"": ""android.view.View"", ""method"": ""getElevation""}"
34685,reflection,Method.invoke,"{""class"": ""android.view.View"", ""method"": ""getTranslationZ""}"
34691,reflection,Method.invoke,"{""class"": ""android.view.View"", ""method"": ""getElevation""}"
34692,reflection,Method.invoke,"{""class"": ""android.view.View"", ""method"": ""getTranslationZ""}"
38659,reflection,Method.invoke,"{""class"": ""android.view.View"", ""method"": ""getElevation""}"
38666,reflection,Method.invoke,"{""class"": ""android.view.View"", ""method"": ""getTranslationZ""}"
38686,reflection,Method.invoke,"{""class"": ""android.view.View"", ""method"": ""getElevation""}"
38698,reflection,Method.invoke,"{""class"": ""android.view.View"", ""method"": ""getTranslationZ""}"
41477,reflection,Method.invoke,"{""class"": ""android.view.View"", ""method"": ""getElevation""}"
41486,reflection,Method.invoke,"{""class"": ""android.view.View"", ""method"": ""getTranslationZ""}"
41510,reflection,Method.invoke,"{""class"": ""android.view.View"", ""method"": ""getElevation""}"
41520,reflection,Method.invoke,"{""class"": ""android.view.View"", ""method"": ""getTranslationZ""}"
45484,reflection,Method.invoke,"{""class"": ""android.view.View"", ""method"": ""getElevation""}"
45492,reflection,Method.invoke,"{""class"": ""android.view.View"", ""method"": ""getTranslationZ""}"
45511,reflection,Method.invoke,"{""class"": ""android.view.View"", ""method"": ""getElevation""}"
45520,reflection,Method.invoke,"{""class"": ""android.view.View"", ""method"": ""getTranslationZ""}"
48328,reflection,Method.invoke,"{""class"": ""android.view.View"", ""method"": ""getElevation""}"
48336,reflection,Method.invoke,"{""class"": ""android.view.View"", ""method"": ""getTranslationZ""}"
48355,reflection,Method.invoke,"{""class"": ""android.view.View"", ""method"": ""getElevation""}"
48367,reflection,Method.invoke,"{""class"": ""android.view.View"", ""method"": ""getTranslationZ""}"
52346,reflection,Method.invoke,"{""class"": ""android.view.View"", ""method"": ""getElevation""}"
52354,reflection,Method.invoke,"{""class"": ""android.view.View"", ""method"": ""getTranslationZ""}"
52377,reflection,Method.invoke,"{""class"": ""android.view.View"", ""method"": ""getElevation""}"
52386,reflection,Method.invoke,"{""class"": ""android.view.View"", ""method"": ""getTranslationZ""}"
55173,reflection,Method.invoke,"{""class"": ""android.view.View"", ""method"": ""getElevation""}"
55179,reflection,Method.invoke,"{""class"": ""android.view.View"", ""method"": ""getTranslationZ""}"
55199,reflection,Method.invoke,"{""class"": ""android.view.View"", ""method"": ""getElevation""}"
55205,reflection,Method.invoke,"{""class"": ""android.view.View"", ""method"": ""getTranslationZ""}"
59160,reflection,Method.invoke,"{""class"": ""android.view.View"", ""method"": ""getElevation""}"
59168,reflection,Method.invoke,"{""class"": ""android.view.View"", ""method"": ""getTranslationZ""}"
59195,reflection,Method.invoke,"{""class"": ""android.view.View"", ""method"": ""getElevation""}"
59203,reflection,Method.invoke,"{""class"": ""android.view.View"", ""method"": ""getTranslationZ""}"
61939,reflection,Method.invoke,"{""class"": ""android.view.View"", ""method"": ""getElevation""}"
61945,reflection,Method.invoke,"{""class"": ""android.view.View"", ""method"": ""getTranslationZ""}"
61961,reflection,Method.invoke,"{""class"": ""android.view.View"", ""method"": ""getElevation""}"
61967,reflection,Method.invoke,"{""class"": ""android.view.View"", ""method"": ""getTranslationZ""}"
65986,reflection,Method.invoke,"{""class"": ""android.view.View"", ""method"": ""getElevation""}"
65994,reflection,Method.invoke,"{""class"": ""android.view.View"", ""method"": ""getTranslationZ""}"
66011,reflection,Method.invoke,"{""class"": ""android.view.View"", ""method"": ""getElevation""}"
66019,reflection,Method.invoke,"{""class"": ""android.view.View"", ""method"": ""getTranslationZ""}"
68821,reflection,Method.invoke,"{""class"": ""android.view.View"", ""method"": ""getElevation""}"
68830,reflection,Method.invoke,"{""class"": ""android.view.View"", ""method"": ""getTranslationZ""}"
68852,reflection,Method.invoke,"{""class"": ""android.view.View"", ""method"": ""getElevation""}"
68863,reflection,Method.invoke,"{""class"": ""android.view.View"", ""method"": ""getTranslationZ""}"
72816,reflection,Method.invoke,"{""class"": ""android.view.View"", ""method"": ""getElevation""}"
72823,reflection,Method.invoke,"{""class"": ""android.view.View"", ""method"": ""getTranslationZ""}"
72841,reflection,Method.invoke,"{""class"": ""android.view.View"", ""method"": ""getElevation""}"
72850,reflection,Method.invoke,"{""class"": ""android.view.View"", ""method"": ""getTranslationZ""}"
75650,reflection,Method.invoke,"{""class"": ""android.view.View"", ""method"": ""getElevation""}"
75658,reflection,Method.invoke,"{""class"": ""android.view.View"", ""method"": ""getTranslationZ""}"
75680,reflection,Method.invoke,"{""class"": ""android.view.View"", ""method"": ""getElevation""}"
75688,reflection,Method.invoke,"{""class"": ""android.view.View"", ""method"": ""getTranslationZ""}"
79659,reflection,Method.invoke,"{""class"": ""android.view.View"", ""method"": ""getElevation""}"
79667,reflection,Method.invoke,"{""class"": ""android.view.View"", ""method"": ""getTranslationZ""}"
79685,reflection,Method.invoke,"{""class"": ""android.view.View"", ""method"": ""getElevation""}"
79696,reflection,Method.invoke,"{""class"": ""android.view.View"", ""method"": ""getTranslationZ""}"
82510,reflection,Method.invoke,"{""class"": ""android.view.View"", ""method"": ""getElevation""}"
82516,reflection,Method.invoke,"{""class"": ""android.view.View"", ""method"": ""getTranslationZ""}"
82536,reflection,Method.invoke,"{""class"": ""android.view.View"", ""method"": ""getElevation""}"
82548,reflection,Method.invoke,"{""class"": ""android.view.View"", ""method"": ""getTranslationZ""}"
86519,reflection,Method.invoke,"{""class"": ""android.view.View"", ""method"": ""getElevation""}"
86524,reflection,Method.invoke,"{""class"": ""android.view.View"", ""method"": ""getTranslationZ""}"
86541,reflection,Method.invoke,"{""class"": ""android.view.View"", ""method"": ""getElevation""}"
86549,reflection,Method.invoke,"{""class"": ""android.view.View"", ""method"": ""getTranslationZ""}"
89341,reflection,Method.invoke,"{""class"": ""android.view.View"", ""method"": ""getElevation""}"
89342,reflection,Method.invoke,"{""class"": ""android.view.View"", ""method"": ""getTranslationZ""}"
89361,reflection,Method.invoke,"{""class"": ""android.view.View"", ""method"": ""getElevation""}"
89362,reflection,Method.invoke,"{""class"": ""android.view.View"", ""method"": ""getTranslationZ""}"
93337,reflection,Method.invoke,"{""class"": ""android.view.View"", ""method"": ""getElevation""}"
93344,reflection,Method.invoke,"{""class"": ""android.view.View"", ""method"": ""getTranslationZ""}"
93361,reflection,Method.invoke,"{""class"": ""android.view.View"", ""method"": ""getElevation""}"
93368,reflection,Method.invoke,"{""class"": ""android.view.View"", ""method"": ""getTranslationZ""}"
96174,reflection,Method.invoke,"{""class"": ""android.view.View"", ""method"": ""getElevation""}"
96181,reflection,Method.invoke,"{""class"": ""android.view.View"", ""method"": ""getTranslationZ""}"
96197,reflection,Method.invoke,"{""class"": ""android.view.View"", ""method"": ""getElevation""}"
96204,reflection,Method.invoke,"{""class"": ""android.view.View"", ""method"": ""getTranslationZ""}"
100142,reflection,Method.invoke,"{""class"": ""android.view.View"", ""method"": ""getElevation""}"
100149,reflection,Method.invoke,"{""class"": ""android.view.View"", ""method"": ""getTranslationZ""}"
100166,reflection,Method.invoke,"{""class"": ""android.view.View"", ""method"": ""getElevation""}"
100174,reflection,Method.invoke,"{""class"": ""android.view.View"", ""method"": ""getTranslationZ""}"
102959,reflection,Method.invoke,"{""class"": ""android.view.View"", ""method"": ""getElevation""}"
102966,reflection,Method.invoke,"{""class"": ""android.view.View"", ""method"": ""getTranslationZ""}"
102984,reflection,Method.invoke,"{""class"": ""android.view.View"", ""method"": ""getElevation""}"
102996,reflection,Method.invoke,"{""class"": ""android.view.View"", ""method"": ""getTranslationZ""}"
106973,reflection,Method.invoke,"{""class"": ""android.view.View"", ""method"": ""getElevation""}"
106980,reflection,Method.invoke,"{""class"": ""android.view.View"", ""method"": ""getTranslationZ""}"
106998,reflection,Method.invoke,"{""class"": ""android.view.View"", ""method"": ""getElevation""}"
107009,reflection,Method.invoke,"{""class"": ""android.view.View"", ""method"": ""getTranslationZ""}"
109807,reflection,Method.invoke,"{""class"": ""android.view.View"", ""method"": ""getElevation""}"
109814,reflection,Method.invoke,"{""class"": ""android.view.View"", ""method"": ""getTranslationZ""}"
109834,reflection,Method.invoke,"{""class"": ""android.view.View"", ""method"": ""getElevation""}"
109846,reflection,Method.invoke,"{""class"": ""android.view.View"", ""method"": ""getTranslationZ""}"
113818,reflection,Method.invoke,"{""class"": ""android.view.View"", ""method"": ""getElevation""}"
113827,reflection,Method.invoke,"{""class"": ""android.view.View"", ""method"": ""getTranslationZ""}"
113847,reflection,Method.invoke,"{""class"": ""android.view.View"", ""method"": ""getElevation""}"
113855,reflection,Method.invoke,"{""class"": ""android.view.View"", ""method"": ""getTranslationZ""}"
170002,lifecycle,hook_loaded,"{""stage"": ""java_perform"", ""version"": ""3""}"
171459,reflection,Method.invoke,"{""class"": ""android.view.View"", ""method"": ""getElevation""}"
171460,reflection,Method.invoke,"{""class"": ""android.view.View"", ""method"": ""getTranslationZ""}"
171477,reflection,Method.invoke,"{""class"": ""android.view.View"", ""method"": ""getElevation""}"
171478,reflection,Method.invoke,"{""class"": ""android.view.View"", ""method"": ""getTranslationZ""}"
171504,reflection,Method.invoke,"{""class"": ""android.view.ViewGroup"", ""method"": ""makeOptionalFitsSystemWindows""}"
171506,reflection,Method.invoke,"{""class"": ""app.notesr.activity.security.AuthActivity$Mode"", ""method"": ""values""}"
171517,reflection,Method.invoke,"{""class"": ""android.view.View"", ""method"": ""getElevation""}"
171517,reflection,Method.invoke,"{""class"": ""android.view.View"", ""method"": ""getTranslationZ""}"
171518,reflection,Method.invoke,"{""class"": ""android.view.View"", ""method"": ""getElevation""}"
171518,reflection,Method.invoke,"{""class"": ""android.view.View"", ""method"": ""getTranslationZ""}"
171519,reflection,Method.invoke,"{""class"": ""android.view.View"", ""method"": ""getElevation""}"
171520,reflection,Method.invoke,"{""class"": ""android.view.View"", ""method"": ""getTranslationZ""}"
171520,reflection,Method.invoke,"{""class"": ""android.view.View"", ""method"": ""getElevation""}"
171521,reflection,Method.invoke,"{""class"": ""android.view.View"", ""method"": ""getTranslationZ""}"
171521,reflection,Method.invoke,"{""class"": ""android.view.View"", ""method"": ""getElevation""}"
171522,reflection,Method.invoke,"{""class"": ""android.view.View"", ""method"": ""getTranslationZ""}"
171523,reflection,Method.invoke,"{""class"": ""android.view.View"", ""method"": ""getElevation""}"
171523,reflection,Method.invoke,"{""class"": ""android.view.View"", ""method"": ""getTranslationZ""}"
171524,reflection,Method.invoke,"{""class"": ""android.view.View"", ""method"": ""getElevation""}"
171525,reflection,Method.invoke,"{""class"": ""android.view.View"", ""method"": ""getTranslationZ""}"
171526,reflection,Method.invoke,"{""class"": ""android.view.View"", ""method"": ""getElevation""}"
171529,reflection,Method.invoke,"{""class"": ""android.view.View"", ""method"": ""getTranslationZ""}"
171529,reflection,Method.invoke,"{""class"": ""android.view.View"", ""method"": ""getElevation""}"
171530,reflection,Method.invoke,"{""class"": ""android.view.View"", ""method"": ""getTranslationZ""}"
171531,reflection,Method.invoke,"{""class"": ""android.view.View"", ""method"": ""getElevation""}"
171531,reflection,Method.invoke,"{""class"": ""android.view.View"", ""method"": ""getTranslationZ""}"
171532,reflection,Method.invoke,"{""class"": ""android.view.View"", ""method"": ""getElevation""}"
171533,reflection,Method.invoke,"{""class"": ""android.view.View"", ""method"": ""getTranslationZ""}"
171533,reflection,Method.invoke,"{""class"": ""android.view.View"", ""method"": ""getElevation""}"
171534,reflection,Method.invoke,"{""class"": ""android.view.View"", ""method"": ""getTranslationZ""}"
171535,reflection,Method.invoke,"{""class"": ""android.view.View"", ""method"": ""getElevation""}"
171535,reflection,Method.invoke,"{""class"": ""android.view.View"", ""method"": ""getTranslationZ""}"
171536,reflection,Method.invoke,"{""class"": ""android.view.View"", ""method"": ""getElevation""}"
171537,reflection,Method.invoke,"{""class"": ""android.view.View"", ""method"": ""getTranslationZ""}"
171537,reflection,Method.invoke,"{""class"": ""android.view.View"", ""method"": ""getElevation""}"
171538,reflection,Method.invoke,"{""class"": ""android.view.View"", ""method"": ""getTranslationZ""}"
171538,reflection,Method.invoke,"{""class"": ""android.view.View"", ""method"": ""getElevation""}"
171539,reflection,Method.invoke,"{""class"": ""android.view.View"", ""method"": ""getTranslationZ""}"
171540,reflection,Method.invoke,"{""class"": ""android.view.View"", ""method"": ""getElevation""}"
171541,reflection,Method.invoke,"{""class"": ""android.view.View"", ""method"": ""getTranslationZ""}"
171541,reflection,Method.invoke,"{""class"": ""android.view.View"", ""method"": ""getElevation""}"
171545,reflection,Method.invoke,"{""class"": ""android.view.View"", ""method"": ""getTranslationZ""}"
171545,reflection,Method.invoke,"{""class"": ""android.view.View"", ""method"": ""getElevation""}"
171546,reflection,Method.invoke,"{""class"": ""android.view.View"", ""method"": ""getTranslationZ""}"
171546,reflection,Method.invoke,"{""class"": ""android.view.View"", ""method"": ""getElevation""}"
171547,reflection,Method.invoke,"{""class"": ""android.view.View"", ""method"": ""getTranslationZ""}"
171548,reflection,Method.invoke,"{""class"": ""android.view.View"", ""method"": ""getElevation""}"
171548,reflection,Method.invoke,"{""class"": ""android.view.View"", ""method"": ""getTranslationZ""}"
171549,reflection,Method.invoke,"{""class"": ""android.view.View"", ""method"": ""getElevation""}"
171549,reflection,Method.invoke,"{""class"": ""android.view.View"", ""method"": ""getTranslationZ""}"
171550,reflection,Method.invoke,"{""class"": ""android.view.View"", ""method"": ""getElevation""}"
171550,reflection,Method.invoke,"{""class"": ""android.view.View"", ""method"": ""getTranslationZ""}"
171551,reflection,Method.invoke,"{""class"": ""android.view.View"", ""method"": ""getElevation""}"
171551,reflection,Method.invoke,"{""class"": ""android.view.View"", ""method"": ""getTranslationZ""}"
171552,reflection,Method.invoke,"{""class"": ""android.view.View"", ""method"": ""getElevation""}"
171552,reflection,Method.invoke,"{""class"": ""android.view.View"", ""method"": ""getTranslationZ""}"
171553,reflection,Method.invoke,"{""class"": ""android.view.View"", ""method"": ""getElevation""}"
171554,reflection,Method.invoke,"{""class"": ""android.view.View"", ""method"": ""getTranslationZ""}"
171554,reflection,Method.invoke,"{""class"": ""android.view.View"", ""method"": ""getElevation""}"
171555,reflection,Method.invoke,"{""class"": ""android.view.View"", ""method"": ""getTranslationZ""}"
171555,reflection,Method.invoke,"{""class"": ""android.view.View"", ""method"": ""getElevation""}"
171556,reflection,Method.invoke,"{""class"": ""android.view.View"", ""method"": ""getTranslationZ""}"
171557,reflection,Method.invoke,"{""class"": ""android.view.View"", ""method"": ""getElevation""}"
171558,reflection,Method.invoke,"{""class"": ""android.view.View"", ""method"": ""getTranslationZ""}"
171558,reflection,Method.invoke,"{""class"": ""android.view.View"", ""method"": ""getElevation""}"
171559,reflection,Method.invoke,"{""class"": ""android.view.View"", ""method"": ""getTranslationZ""}"
171560,reflection,Method.invoke,"{""class"": ""android.view.View"", ""method"": ""getElevation""}"
171561,reflection,Method.invoke,"{""class"": ""android.view.View"", ""method"": ""getTranslationZ""}"
171562,reflection,Method.invoke,"{""class"": ""android.view.View"", ""method"": ""getElevation""}"
171562,reflection,Method.invoke,"{""class"": ""android.view.View"", ""method"": ""getTranslationZ""}"
171563,reflection,Method.invoke,"{""class"": ""android.view.View"", ""method"": ""getElevation""}"
171563,reflection,Method.invoke,"{""class"": ""android.view.View"", ""method"": ""getTranslationZ""}"
171564,reflection,Method.invoke,"{""class"": ""android.view.View"", ""method"": ""getElevation""}"
171565,reflection,Method.invoke,"{""class"": ""android.view.View"", ""method"": ""getTranslationZ""}"
171566,reflection,Method.invoke,"{""class"": ""android.view.View"", ""method"": ""getElevation""}"
171566,reflection,Method.invoke,"{""class"": ""android.view.View"", ""method"": ""getTranslationZ""}"
171567,reflection,Method.invoke,"{""class"": ""android.view.View"", ""method"": ""getElevation""}"
171567,reflection,Method.invoke,"{""class"": ""android.view.View"", ""method"": ""getTranslationZ""}"
171568,reflection,Method.invoke,"{""class"": ""android.view.View"", ""method"": ""getViewRootImpl""}"
171569,reflection,Method.invoke,"{""class"": ""android.view.View"", ""method"": ""getViewRootImpl""}"
171569,reflection,Method.invoke,"{""class"": ""android.view.View"", ""method"": ""getViewRootImpl""}"
171570,reflection,Method.invoke,"{""class"": ""android.view.View"", ""method"": ""getViewRootImpl""}"
171571,reflection,Method.invoke,"{""class"": ""android.view.View"", ""method"": ""getViewRootImpl""}"
171572,reflection,Method.invoke,"{""class"": ""android.view.View"", ""method"": ""getViewRootImpl""}"
171572,reflection,Method.invoke,"{""class"": ""android.view.View"", ""method"": ""getViewRootImpl""}"
171574,reflection,Method.invoke,"{""class"": ""android.view.View"", ""method"": ""getViewRootImpl""}"
173137,file_io,File.delete,"{""path"": ""/data/user/0/app.notesr/files/profileInstalled""}"
174339,reflection,Method.invoke,"{""class"": ""android.view.ViewGroup"", ""method"": ""makeOptionalFitsSystemWindows""}"
174354,reflection,Method.invoke,"{""class"": ""android.view.ViewGroup"", ""method"": ""makeOptionalFitsSystemWindows""}"
174374,reflection,Method.invoke,"{""class"": ""android.view.View"", ""method"": ""getElevation""}"
174374,reflection,Method.invoke,"{""class"": ""android.view.View"", ""method"": ""getTranslationZ""}"
174376,reflection,Method.invoke,"{""class"": ""android.view.View"", ""method"": ""getViewRootImpl""}"
174376,reflection,Method.invoke,"{""class"": ""android.view.View"", ""method"": ""getViewRootImpl""}"
174377,reflection,Method.invoke,"{""class"": ""android.view.View"", ""method"": ""getViewRootImpl""}"
174378,reflection,Method.invoke,"{""class"": ""android.view.View"", ""method"": ""getViewRootImpl""}"
174379,reflection,Method.invoke,"{""class"": ""android.view.View"", ""method"": ""getViewRootImpl""}"
174379,reflection,Method.invoke,"{""class"": ""android.view.View"", ""method"": ""getViewRootImpl""}"
174380,reflection,Method.invoke,"{""class"": ""android.view.View"", ""method"": ""getViewRootImpl""}"
174381,reflection,Method.invoke,"{""class"": ""android.view.View"", ""method"": ""getViewRootImpl""}"
182695,reflection,Method.invoke,"{""class"": ""android.view.View"", ""method"": ""getElevation""}"
182696,reflection,Method.invoke,"{""class"": ""android.view.View"", ""method"": ""getTranslationZ""}"
182722,reflection,Method.invoke,"{""class"": ""android.view.View"", ""method"": ""getElevation""}"
182731,reflection,Method.invoke,"{""class"": ""android.view.View"", ""method"": ""getTranslationZ""}"
182773,reflection,Method.invoke,"{""class"": ""android.view.ViewGroup"", ""method"": ""makeOptionalFitsSystemWindows""}"
182800,reflection,Method.invoke,"{""class"": ""android.view.View"", ""method"": ""getElevation""}"
182805,reflection,Method.invoke,"{""class"": ""android.view.View"", ""method"": ""getTranslationZ""}"
182813,reflection,Method.invoke,"{""class"": ""android.view.View"", ""method"": ""getElevation""}"
182817,reflection,Method.invoke,"{""class"": ""android.view.View"", ""method"": ""getTranslationZ""}"
182822,reflection,Method.invoke,"{""class"": ""android.view.View"", ""method"": ""getElevation""}"
182829,reflection,Method.invoke,"{""class"": ""android.view.View"", ""method"": ""getTranslationZ""}"
182834,reflection,Method.invoke,"{""class"": ""android.view.View"", ""method"": ""getElevation""}"
182838,reflection,Method.invoke,"{""class"": ""android.view.View"", ""method"": ""getTranslationZ""}"
182843,reflection,Method.invoke,"{""class"": ""android.view.View"", ""method"": ""getElevation""}"
182848,reflection,Method.invoke,"{""class"": ""android.view.View"", ""method"": ""getTranslationZ""}"
182852,reflection,Method.invoke,"{""class"": ""android.view.View"", ""method"": ""getElevation""}"
182857,reflection,Method.invoke,"{""class"": ""android.view.View"", ""method"": ""getTranslationZ""}"
182862,reflection,Method.invoke,"{""class"": ""android.view.View"", ""method"": ""getElevation""}"
182869,reflection,Method.invoke,"{""class"": ""android.view.View"", ""method"": ""getTranslationZ""}"
182874,reflection,Method.invoke,"{""class"": ""android.view.View"", ""method"": ""getElevation""}"
182883,reflection,Method.invoke,"{""class"": ""android.view.View"", ""method"": ""getTranslationZ""}"
182893,reflection,Method.invoke,"{""class"": ""android.view.View"", ""method"": ""getElevation""}"
182897,reflection,Method.invoke,"{""class"": ""android.view.View"", ""method"": ""getTranslationZ""}"
182902,reflection,Method.invoke,"{""class"": ""android.view.View"", ""method"": ""getElevation""}"
182907,reflection,Method.invoke,"{""class"": ""android.view.View"", ""method"": ""getTranslationZ""}"
182912,reflection,Method.invoke,"{""class"": ""android.view.View"", ""method"": ""getElevation""}"
182916,reflection,Method.invoke,"{""class"": ""android.view.View"", ""method"": ""getTranslationZ""}"
182921,reflection,Method.invoke,"{""class"": ""android.view.View"", ""method"": ""getElevation""}"
182926,reflection,Method.invoke,"{""class"": ""android.view.View"", ""method"": ""getTranslationZ""}"
182930,reflection,Method.invoke,"{""class"": ""android.view.View"", ""method"": ""getElevation""}"
182934,reflection,Method.invoke,"{""class"": ""android.view.View"", ""method"": ""getTranslationZ""}"
182939,reflection,Method.invoke,"{""class"": ""android.view.View"", ""method"": ""getElevation""}"
182944,reflection,Method.invoke,"{""class"": ""android.view.View"", ""method"": ""getTranslationZ""}"
182948,reflection,Method.invoke,"{""class"": ""android.view.View"", ""method"": ""getElevation""}"
182953,reflection,Method.invoke,"{""class"": ""android.view.View"", ""method"": ""getTranslationZ""}"
182957,reflection,Method.invoke,"{""class"": ""android.view.View"", ""method"": ""getElevation""}"
182962,reflection,Method.invoke,"{""class"": ""android.view.View"", ""method"": ""getTranslationZ""}"
182967,reflection,Method.invoke,"{""class"": ""android.view.View"", ""method"": ""getElevation""}"
182971,reflection,Method.invoke,"{""class"": ""android.view.View"", ""method"": ""getTranslationZ""}"
182975,reflection,Method.invoke,"{""class"": ""android.view.View"", ""method"": ""getElevation""}"
182979,reflection,Method.invoke,"{""class"": ""android.view.View"", ""method"": ""getTranslationZ""}"
182984,reflection,Method.invoke,"{""class"": ""android.view.View"", ""method"": ""getElevation""}"
182989,reflection,Method.invoke,"{""class"": ""android.view.View"", ""method"": ""getTranslationZ""}"
182993,reflection,Method.invoke,"{""class"": ""android.view.View"", ""method"": ""getElevation""}"
182998,reflection,Method.invoke,"{""class"": ""android.view.View"", ""method"": ""getTranslationZ""}"
183003,reflection,Method.invoke,"{""class"": ""android.view.View"", ""method"": ""getElevation""}"
183007,reflection,Method.invoke,"{""class"": ""android.view.View"", ""method"": ""getTranslationZ""}"
183013,reflection,Method.invoke,"{""class"": ""android.view.View"", ""method"": ""getElevation""}"
183017,reflection,Method.invoke,"{""class"": ""android.view.View"", ""method"": ""getTranslationZ""}"
183021,reflection,Method.invoke,"{""class"": ""android.view.View"", ""method"": ""getElevation""}"
183026,reflection,Method.invoke,"{""class"": ""android.view.View"", ""method"": ""getTranslationZ""}"
183030,reflection,Method.invoke,"{""class"": ""android.view.View"", ""method"": ""getElevation""}"
183035,reflection,Method.invoke,"{""class"": ""android.view.View"", ""method"": ""getTranslationZ""}"
183039,reflection,Method.invoke,"{""class"": ""android.view.View"", ""method"": ""getElevation""}"
183044,reflection,Method.invoke,"{""class"": ""android.view.View"", ""method"": ""getTranslationZ""}"
183048,reflection,Method.invoke,"{""class"": ""android.view.View"", ""method"": ""getElevation""}"
183053,reflection,Method.invoke,"{""class"": ""android.view.View"", ""method"": ""getTranslationZ""}"
183058,reflection,Method.invoke,"{""class"": ""android.view.View"", ""method"": ""getElevation""}"
183063,reflection,Method.invoke,"{""class"": ""android.view.View"", ""method"": ""getTranslationZ""}"
183067,reflection,Method.invoke,"{""class"": ""android.view.View"", ""method"": ""getElevation""}"
183073,reflection,Method.invoke,"{""class"": ""android.view.View"", ""method"": ""getTranslationZ""}"
183077,reflection,Method.invoke,"{""class"": ""android.view.View"", ""method"": ""getElevation""}"
183082,reflection,Method.invoke,"{""class"": ""android.view.View"", ""method"": ""getTranslationZ""}"
183087,reflection,Method.invoke,"{""class"": ""android.view.View"", ""method"": ""getElevation""}"
183091,reflection,Method.invoke,"{""class"": ""android.view.View"", ""method"": ""getTranslationZ""}"
183096,reflection,Method.invoke,"{""class"": ""android.view.View"", ""method"": ""getElevation""}"
183100,reflection,Method.invoke,"{""class"": ""android.view.View"", ""method"": ""getTranslationZ""}"
183104,reflection,Method.invoke,"{""class"": ""android.view.View"", ""method"": ""getElevation""}"
183108,reflection,Method.invoke,"{""class"": ""android.view.View"", ""method"": ""getTranslationZ""}"
183113,reflection,Method.invoke,"{""class"": ""android.view.View"", ""method"": ""getElevation""}"
183117,reflection,Method.invoke,"{""class"": ""android.view.View"", ""method"": ""getTranslationZ""}"
183122,reflection,Method.invoke,"{""class"": ""android.view.View"", ""method"": ""getElevation""}"
183126,reflection,Method.invoke,"{""class"": ""android.view.View"", ""method"": ""getTranslationZ""}"
183130,reflection,Method.invoke,"{""class"": ""android.view.View"", ""method"": ""getElevation""}"
183135,reflection,Method.invoke,"{""class"": ""android.view.View"", ""method"": ""getTranslationZ""}"
183139,reflection,Method.invoke,"{""class"": ""android.view.View"", ""method"": ""getElevation""}"
183144,reflection,Method.invoke,"{""class"": ""android.view.View"", ""method"": ""getTranslationZ""}"
183149,reflection,Method.invoke,"{""class"": ""android.view.View"", ""method"": ""getViewRootImpl""}"
183153,reflection,Method.invoke,"{""class"": ""android.view.View"", ""method"": ""getViewRootImpl""}"
183158,reflection,Method.invoke,"{""class"": ""android.view.View"", ""method"": ""getViewRootImpl""}"
183163,reflection,Method.invoke,"{""class"": ""android.view.View"", ""method"": ""getViewRootImpl""}"
183169,reflection,Method.invoke,"{""class"": ""android.view.View"", ""method"": ""getViewRootImpl""}"
183175,reflection,Method.invoke,"{""class"": ""android.view.View"", ""method"": ""getViewRootImpl""}"
183181,reflection,Method.invoke,"{""class"": ""android.view.View"", ""method"": ""getViewRootImpl""}"
183186,reflection,Method.invoke,"{""class"": ""android.view.View"", ""method"": ""getViewRootImpl""}"
226395,lifecycle,hook_loaded,"{""stage"": ""java_perform"", ""version"": ""3""}"
230044,file_io,File.delete,"{""path"": ""/data/user/0/app.notesr/files/profileInstalled""}"
239190,reflection,Method.invoke,"{""class"": ""android.view.View"", ""method"": ""getElevation""}"
239196,reflection,Method.invoke,"{""class"": ""android.view.View"", ""method"": ""getTranslationZ""}"
239220,reflection,Method.invoke,"{""class"": ""android.view.View"", ""method"": ""getElevation""}"
239230,reflection,Method.invoke,"{""class"": ""android.view.View"", ""method"": ""getTranslationZ""}"
239272,reflection,Method.invoke,"{""class"": ""android.view.ViewGroup"", ""method"": ""makeOptionalFitsSystemWindows""}"
239284,reflection,Method.invoke,"{""class"": ""app.notesr.activity.security.AuthActivity$Mode"", ""method"": ""values""}"
239304,reflection,Method.invoke,"{""class"": ""android.view.View"", ""method"": ""getElevation""}"
239313,reflection,Method.invoke,"{""class"": ""android.view.View"", ""method"": ""getTranslationZ""}"
239321,reflection,Method.invoke,"{""class"": ""android.view.View"", ""method"": ""getElevation""}"
239331,reflection,Method.invoke,"{""class"": ""android.view.View"", ""method"": ""getTranslationZ""}"
239338,reflection,Method.invoke,"{""class"": ""android.view.View"", ""method"": ""getElevation""}"
239346,reflection,Method.invoke,"{""class"": ""android.view.View"", ""method"": ""getTranslationZ""}"
239354,reflection,Method.invoke,"{""class"": ""android.view.View"", ""method"": ""getElevation""}"
239362,reflection,Method.invoke,"{""class"": ""android.view.View"", ""method"": ""getTranslationZ""}"
239369,reflection,Method.invoke,"{""class"": ""android.view.View"", ""method"": ""getElevation""}"
239377,reflection,Method.invoke,"{""class"": ""android.view.View"", ""method"": ""getTranslationZ""}"
239386,reflection,Method.invoke,"{""class"": ""android.view.View"", ""method"": ""getElevation""}"
239396,reflection,Method.invoke,"{""class"": ""android.view.View"", ""method"": ""getTranslationZ""}"
239402,reflection,Method.invoke,"{""class"": ""android.view.View"", ""method"": ""getElevation""}"
239410,reflection,Method.invoke,"{""class"": ""android.view.View"", ""method"": ""getTranslationZ""}"
239418,reflection,Method.invoke,"{""class"": ""android.view.View"", ""method"": ""getElevation""}"
239426,reflection,Method.invoke,"{""class"": ""android.view.View"", ""method"": ""getTranslationZ""}"
239432,reflection,Method.invoke,"{""class"": ""android.view.View"", ""method"": ""getElevation""}"
239441,reflection,Method.invoke,"{""class"": ""android.view.View"", ""method"": ""getTranslationZ""}"
239447,reflection,Method.invoke,"{""class"": ""android.view.View"", ""method"": ""getElevation""}"
239455,reflection,Method.invoke,"{""class"": ""android.view.View"", ""method"": ""getTranslationZ""}"
239467,reflection,Method.invoke,"{""class"": ""android.view.View"", ""method"": ""getElevation""}"
239473,reflection,Method.invoke,"{""class"": ""android.view.View"", ""method"": ""getTranslationZ""}"
239480,reflection,Method.invoke,"{""class"": ""android.view.View"", ""method"": ""getElevation""}"
239487,reflection,Method.invoke,"{""class"": ""android.view.View"", ""method"": ""getTranslationZ""}"
239495,reflection,Method.invoke,"{""class"": ""android.view.View"", ""method"": ""getElevation""}"
239501,reflection,Method.invoke,"{""class"": ""android.view.View"", ""method"": ""getTranslationZ""}"
239508,reflection,Method.invoke,"{""class"": ""android.view.View"", ""method"": ""getElevation""}"
239515,reflection,Method.invoke,"{""class"": ""android.view.View"", ""method"": ""getTranslationZ""}"
239521,reflection,Method.invoke,"{""class"": ""android.view.View"", ""method"": ""getElevation""}"
239530,reflection,Method.invoke,"{""class"": ""android.view.View"", ""method"": ""getTranslationZ""}"
239535,reflection,Method.invoke,"{""class"": ""android.view.View"", ""method"": ""getElevation""}"
239544,reflection,Method.invoke,"{""class"": ""android.view.View"", ""method"": ""getTranslationZ""}"
239552,reflection,Method.invoke,"{""class"": ""android.view.View"", ""method"": ""getElevation""}"
239559,reflection,Method.invoke,"{""class"": ""android.view.View"", ""method"": ""getTranslationZ""}"
239565,reflection,Method.invoke,"{""class"": ""android.view.View"", ""method"": ""getElevation""}"
239573,reflection,Method.invoke,"{""class"": ""android.view.View"", ""method"": ""getTranslationZ""}"
239581,reflection,Method.invoke,"{""class"": ""android.view.View"", ""method"": ""getElevation""}"
239588,reflection,Method.invoke,"{""class"": ""android.view.View"", ""method"": ""getTranslationZ""}"
239595,reflection,Method.invoke,"{""class"": ""android.view.View"", ""method"": ""getElevation""}"
239603,reflection,Method.invoke,"{""class"": ""android.view.View"", ""method"": ""getTranslationZ""}"
239610,reflection,Method.invoke,"{""class"": ""android.view.View"", ""method"": ""getElevation""}"
239618,reflection,Method.invoke,"{""class"": ""android.view.View"", ""method"": ""getTranslationZ""}"
239627,reflection,Method.invoke,"{""class"": ""android.view.View"", ""method"": ""getElevation""}"
239634,reflection,Method.invoke,"{""class"": ""android.view.View"", ""method"": ""getTranslationZ""}"
239643,reflection,Method.invoke,"{""class"": ""android.view.View"", ""method"": ""getElevation""}"
239649,reflection,Method.invoke,"{""class"": ""android.view.View"", ""method"": ""getTranslationZ""}"
239656,reflection,Method.invoke,"{""class"": ""android.view.View"", ""method"": ""getElevation""}"
239667,reflection,Method.invoke,"{""class"": ""android.view.View"", ""method"": ""getTranslationZ""}"
239674,reflection,Method.invoke,"{""class"": ""android.view.View"", ""method"": ""getElevation""}"
239680,reflection,Method.invoke,"{""class"": ""android.view.View"", ""method"": ""getTranslationZ""}"
239686,reflection,Method.invoke,"{""class"": ""android.view.View"", ""method"": ""getElevation""}"
239694,reflection,Method.invoke,"{""class"": ""android.view.View"", ""method"": ""getTranslationZ""}"
239700,reflection,Method.invoke,"{""class"": ""android.view.View"", ""method"": ""getElevation""}"
239708,reflection,Method.invoke,"{""class"": ""android.view.View"", ""method"": ""getTranslationZ""}"
239715,reflection,Method.invoke,"{""class"": ""android.view.View"", ""method"": ""getElevation""}"
239722,reflection,Method.invoke,"{""class"": ""android.view.View"", ""method"": ""getTranslationZ""}"
239728,reflection,Method.invoke,"{""class"": ""android.view.View"", ""method"": ""getElevation""}"
239737,reflection,Method.invoke,"{""class"": ""android.view.View"", ""method"": ""getTranslationZ""}"
239745,reflection,Method.invoke,"{""class"": ""android.view.View"", ""method"": ""getElevation""}"
239752,reflection,Method.invoke,"{""class"": ""android.view.View"", ""method"": ""getTranslationZ""}"
239758,reflection,Method.invoke,"{""class"": ""android.view.View"", ""method"": ""getElevation""}"
239768,reflection,Method.invoke,"{""class"": ""android.view.View"", ""method"": ""getTranslationZ""}"
239776,reflection,Method.invoke,"{""class"": ""android.view.View"", ""method"": ""getElevation""}"
239784,reflection,Method.invoke,"{""class"": ""android.view.View"", ""method"": ""getTranslationZ""}"
239792,reflection,Method.invoke,"{""class"": ""android.view.View"", ""method"": ""getElevation""}"
239798,reflection,Method.invoke,"{""class"": ""android.view.View"", ""method"": ""getTranslationZ""}"
239805,reflection,Method.invoke,"{""class"": ""android.view.View"", ""method"": ""getElevation""}"
239812,reflection,Method.invoke,"{""class"": ""android.view.View"", ""method"": ""getTranslationZ""}"
239818,reflection,Method.invoke,"{""class"": ""android.view.View"", ""method"": ""getElevation""}"
239827,reflection,Method.invoke,"{""class"": ""android.view.View"", ""method"": ""getTranslationZ""}"
239834,reflection,Method.invoke,"{""class"": ""android.view.View"", ""method"": ""getElevation""}"
239841,reflection,Method.invoke,"{""class"": ""android.view.View"", ""method"": ""getTranslationZ""}"
239848,reflection,Method.invoke,"{""class"": ""android.view.View"", ""method"": ""getViewRootImpl""}"
239856,reflection,Method.invoke,"{""class"": ""android.view.View"", ""method"": ""getViewRootImpl""}"
239873,reflection,Method.invoke,"{""class"": ""android.view.View"", ""method"": ""getViewRootImpl""}"
239879,reflection,Method.invoke,"{""class"": ""android.view.View"", ""method"": ""getViewRootImpl""}"
239887,reflection,Method.invoke,"{""class"": ""android.view.View"", ""method"": ""getViewRootImpl""}"
239894,reflection,Method.invoke,"{""class"": ""android.view.View"", ""method"": ""getViewRootImpl""}"
239902,reflection,Method.invoke,"{""class"": ""android.view.View"", ""method"": ""getViewRootImpl""}"
239908,reflection,Method.invoke,"{""class"": ""android.view.View"", ""method"": ""getViewRootImpl""}"
263836,reflection,Method.invoke,"{""class"": ""android.view.View"", ""method"": ""getElevation""}"
263846,reflection,Method.invoke,"{""class"": ""android.view.View"", ""method"": ""getTranslationZ""}"
263852,reflection,Method.invoke,"{""class"": ""android.view.View"", ""method"": ""getElevation""}"
263861,reflection,Method.invoke,"{""class"": ""android.view.View"", ""method"": ""getTranslationZ""}"
263867,reflection,Method.invoke,"{""class"": ""android.view.View"", ""method"": ""getElevation""}"
263874,reflection,Method.invoke,"{""class"": ""android.view.View"", ""method"": ""getTranslationZ""}"
263882,reflection,Method.invoke,"{""class"": ""android.view.View"", ""method"": ""getElevation""}"
263890,reflection,Method.invoke,"{""class"": ""android.view.View"", ""method"": ""getTranslationZ""}"
263897,reflection,Method.invoke,"{""class"": ""android.view.View"", ""method"": ""getElevation""}"
263904,reflection,Method.invoke,"{""class"": ""android.view.View"", ""method"": ""getTranslationZ""}"
263912,reflection,Method.invoke,"{""class"": ""android.view.View"", ""method"": ""getElevation""}"
263918,reflection,Method.invoke,"{""class"": ""android.view.View"", ""method"": ""getTranslationZ""}"
263927,reflection,Method.invoke,"{""class"": ""android.view.View"", ""method"": ""getElevation""}"
263934,reflection,Method.invoke,"{""class"": ""android.view.View"", ""method"": ""getTranslationZ""}"
263942,reflection,Method.invoke,"{""class"": ""android.view.View"", ""method"": ""getElevation""}"
263950,reflection,Method.invoke,"{""class"": ""android.view.View"", ""method"": ""getTranslationZ""}"
263958,reflection,Method.invoke,"{""class"": ""android.view.View"", ""method"": ""getElevation""}"
263964,reflection,Method.invoke,"{""class"": ""android.view.View"", ""method"": ""getTranslationZ""}"
263971,reflection,Method.invoke,"{""class"": ""android.view.View"", ""method"": ""getElevation""}"
263977,reflection,Method.invoke,"{""class"": ""android.view.View"", ""method"": ""getTranslationZ""}"
263984,reflection,Method.invoke,"{""class"": ""android.view.View"", ""method"": ""getElevation""}"
263992,reflection,Method.invoke,"{""class"": ""android.view.View"", ""method"": ""getTranslationZ""}"
264000,reflection,Method.invoke,"{""class"": ""android.view.View"", ""method"": ""getElevation""}"
264007,reflection,Method.invoke,"{""class"": ""android.view.View"", ""method"": ""getTranslationZ""}"
264013,reflection,Method.invoke,"{""class"": ""android.view.View"", ""method"": ""getElevation""}"
264021,reflection,Method.invoke,"{""class"": ""android.view.View"", ""method"": ""getTranslationZ""}"
264029,reflection,Method.invoke,"{""class"": ""android.view.View"", ""method"": ""getElevation""}"
264036,reflection,Method.invoke,"{""class"": ""android.view.View"", ""method"": ""getTranslationZ""}"
264042,reflection,Method.invoke,"{""class"": ""android.view.View"", ""method"": ""getElevation""}"
264049,reflection,Method.invoke,"{""class"": ""android.view.View"", ""method"": ""getTranslationZ""}"
264055,reflection,Method.invoke,"{""class"": ""android.view.View"", ""method"": ""getElevation""}"
264060,reflection,Method.invoke,"{""class"": ""android.view.View"", ""method"": ""getTranslationZ""}"
264068,reflection,Method.invoke,"{""class"": ""android.view.View"", ""method"": ""getElevation""}"
264075,reflection,Method.invoke,"{""class"": ""android.view.View"", ""method"": ""getTranslationZ""}"
264081,reflection,Method.invoke,"{""class"": ""android.view.View"", ""method"": ""getElevation""}"
264089,reflection,Method.invoke,"{""class"": ""android.view.View"", ""method"": ""getTranslationZ""}"
264096,reflection,Method.invoke,"{""class"": ""android.view.View"", ""method"": ""getElevation""}"
264101,reflection,Method.invoke,"{""class"": ""android.view.View"", ""method"": ""getTranslationZ""}"
264108,reflection,Method.invoke,"{""class"": ""android.view.View"", ""method"": ""getElevation""}"
264116,reflection,Method.invoke,"{""class"": ""android.view.View"", ""method"": ""getTranslationZ""}"
264122,reflection,Method.invoke,"{""class"": ""android.view.View"", ""method"": ""getElevation""}"
264130,reflection,Method.invoke,"{""class"": ""android.view.View"", ""method"": ""getTranslationZ""}"
264137,reflection,Method.invoke,"{""class"": ""android.view.View"", ""method"": ""getElevation""}"
264146,reflection,Method.invoke,"{""class"": ""android.view.View"", ""method"": ""getTranslationZ""}"
264152,reflection,Method.invoke,"{""class"": ""android.view.View"", ""method"": ""getElevation""}"
264160,reflection,Method.invoke,"{""class"": ""android.view.View"", ""method"": ""getTranslationZ""}"
264165,reflection,Method.invoke,"{""class"": ""android.view.View"", ""method"": ""getElevation""}"
264173,reflection,Method.invoke,"{""class"": ""android.view.View"", ""method"": ""getTranslationZ""}"
264180,reflection,Method.invoke,"{""class"": ""android.view.View"", ""method"": ""getElevation""}"
264187,reflection,Method.invoke,"{""class"": ""android.view.View"", ""method"": ""getTranslationZ""}"
264194,reflection,Method.invoke,"{""class"": ""android.view.View"", ""method"": ""getElevation""}"
264199,reflection,Method.invoke,"{""class"": ""android.view.View"", ""method"": ""getTranslationZ""}"
264207,reflection,Method.invoke,"{""class"": ""android.view.View"", ""method"": ""getElevation""}"
264214,reflection,Method.invoke,"{""class"": ""android.view.View"", ""method"": ""getTranslationZ""}"
264221,reflection,Method.invoke,"{""class"": ""android.view.View"", ""method"": ""getElevation""}"
264227,reflection,Method.invoke,"{""class"": ""android.view.View"", ""method"": ""getTranslationZ""}"
264235,reflection,Method.invoke,"{""class"": ""android.view.View"", ""method"": ""getElevation""}"
264242,reflection,Method.invoke,"{""class"": ""android.view.View"", ""method"": ""getTranslationZ""}"
264249,reflection,Method.invoke,"{""class"": ""android.view.View"", ""method"": ""getElevation""}"
264255,reflection,Method.invoke,"{""class"": ""android.view.View"", ""method"": ""getTranslationZ""}"
264261,reflection,Method.invoke,"{""class"": ""android.view.View"", ""method"": ""getElevation""}"
264269,reflection,Method.invoke,"{""class"": ""android.view.View"", ""method"": ""getTranslationZ""}"
264277,reflection,Method.invoke,"{""class"": ""android.view.View"", ""method"": ""getElevation""}"
264282,reflection,Method.invoke,"{""class"": ""android.view.View"", ""method"": ""getTranslationZ""}"
264290,reflection,Method.invoke,"{""class"": ""android.view.View"", ""method"": ""getElevation""}"
264295,reflection,Method.invoke,"{""class"": ""android.view.View"", ""method"": ""getTranslationZ""}"
264302,reflection,Method.invoke,"{""class"": ""android.view.View"", ""method"": ""getElevation""}"
264309,reflection,Method.invoke,"{""class"": ""android.view.View"", ""method"": ""getTranslationZ""}"
264317,reflection,Method.invoke,"{""class"": ""android.view.View"", ""method"": ""getElevation""}"
264326,reflection,Method.invoke,"{""class"": ""android.view.View"", ""method"": ""getTranslationZ""}"
264332,reflection,Method.invoke,"{""class"": ""android.view.View"", ""method"": ""getElevation""}"
264338,reflection,Method.invoke,"{""class"": ""android.view.View"", ""method"": ""getTranslationZ""}"
294235,lifecycle,hook_loaded,"{""stage"": ""java_perform"", ""version"": ""3""}"
315792,reflection,Method.invoke,"{""class"": ""android.view.View"", ""method"": ""getElevation""}"
315799,reflection,Method.invoke,"{""class"": ""android.view.View"", ""method"": ""getTranslationZ""}"
315830,reflection,Method.invoke,"{""class"": ""android.view.View"", ""method"": ""getElevation""}"
315836,reflection,Method.invoke,"{""class"": ""android.view.View"", ""method"": ""getTranslationZ""}"
315887,reflection,Method.invoke,"{""class"": ""android.view.ViewGroup"", ""method"": ""makeOptionalFitsSystemWindows""}"
315898,reflection,Method.invoke,"{""class"": ""app.notesr.activity.security.AuthActivity$Mode"", ""method"": ""values""}"
315918,reflection,Method.invoke,"{""class"": ""android.view.View"", ""method"": ""getElevation""}"
315927,reflection,Method.invoke,"{""class"": ""android.view.View"", ""method"": ""getTranslationZ""}"
315934,reflection,Method.invoke,"{""class"": ""android.view.View"", ""method"": ""getElevation""}"
315944,reflection,Method.invoke,"{""class"": ""android.view.View"", ""method"": ""getTranslationZ""}"
315951,reflection,Method.invoke,"{""class"": ""android.view.View"", ""method"": ""getElevation""}"
315958,reflection,Method.invoke,"{""class"": ""android.view.View"", ""method"": ""getTranslationZ""}"
315965,reflection,Method.invoke,"{""class"": ""android.view.View"", ""method"": ""getElevation""}"
315971,reflection,Method.invoke,"{""class"": ""android.view.View"", ""method"": ""getTranslationZ""}"
315977,reflection,Method.invoke,"{""class"": ""android.view.View"", ""method"": ""getElevation""}"
315984,reflection,Method.invoke,"{""class"": ""android.view.View"", ""method"": ""getTranslationZ""}"
315990,reflection,Method.invoke,"{""class"": ""android.view.View"", ""method"": ""getElevation""}"
315997,reflection,Method.invoke,"{""class"": ""android.view.View"", ""method"": ""getTranslationZ""}"
316003,reflection,Method.invoke,"{""class"": ""android.view.View"", ""method"": ""getElevation""}"
316010,reflection,Method.invoke,"{""class"": ""android.view.View"", ""method"": ""getTranslationZ""}"
316016,reflection,Method.invoke,"{""class"": ""android.view.View"", ""method"": ""getElevation""}"
316025,reflection,Method.invoke,"{""class"": ""android.view.View"", ""method"": ""getTranslationZ""}"
316031,reflection,Method.invoke,"{""class"": ""android.view.View"", ""method"": ""getElevation""}"
316038,reflection,Method.invoke,"{""class"": ""android.view.View"", ""method"": ""getTranslationZ""}"
316044,reflection,Method.invoke,"{""class"": ""android.view.View"", ""method"": ""getElevation""}"
316051,reflection,Method.invoke,"{""class"": ""android.view.View"", ""method"": ""getTranslationZ""}"
316057,reflection,Method.invoke,"{""class"": ""android.view.View"", ""method"": ""getElevation""}"
316063,reflection,Method.invoke,"{""class"": ""android.view.View"", ""method"": ""getTranslationZ""}"
316070,reflection,Method.invoke,"{""class"": ""android.view.View"", ""method"": ""getElevation""}"
316076,reflection,Method.invoke,"{""class"": ""android.view.View"", ""method"": ""getTranslationZ""}"
316083,reflection,Method.invoke,"{""class"": ""android.view.View"", ""method"": ""getElevation""}"
316090,reflection,Method.invoke,"{""class"": ""android.view.View"", ""method"": ""getTranslationZ""}"
316096,reflection,Method.invoke,"{""class"": ""android.view.View"", ""method"": ""getElevation""}"
316103,reflection,Method.invoke,"{""class"": ""android.view.View"", ""method"": ""getTranslationZ""}"
316109,reflection,Method.invoke,"{""class"": ""android.view.View"", ""method"": ""getElevation""}"
316115,reflection,Method.invoke,"{""class"": ""android.view.View"", ""method"": ""getTranslationZ""}"
316122,reflection,Method.invoke,"{""class"": ""android.view.View"", ""method"": ""getElevation""}"
316128,reflection,Method.invoke,"{""class"": ""android.view.View"", ""method"": ""getTranslationZ""}"
316134,reflection,Method.invoke,"{""class"": ""android.view.View"", ""method"": ""getElevation""}"
316140,reflection,Method.invoke,"{""class"": ""android.view.View"", ""method"": ""getTranslationZ""}"
316147,reflection,Method.invoke,"{""class"": ""android.view.View"", ""method"": ""getElevation""}"
316153,reflection,Method.invoke,"{""class"": ""android.view.View"", ""method"": ""getTranslationZ""}"
316160,reflection,Method.invoke,"{""class"": ""android.view.View"", ""method"": ""getElevation""}"
316166,reflection,Method.invoke,"{""class"": ""android.view.View"", ""method"": ""getTranslationZ""}"
316172,reflection,Method.invoke,"{""class"": ""android.view.View"", ""method"": ""getElevation""}"
316179,reflection,Method.invoke,"{""class"": ""android.view.View"", ""method"": ""getTranslationZ""}"
316185,reflection,Method.invoke,"{""class"": ""android.view.View"", ""method"": ""getElevation""}"
316192,reflection,Method.invoke,"{""class"": ""android.view.View"", ""method"": ""getTranslationZ""}"
316198,reflection,Method.invoke,"{""class"": ""android.view.View"", ""method"": ""getElevation""}"
316204,reflection,Method.invoke,"{""class"": ""android.view.View"", ""method"": ""getTranslationZ""}"
316211,reflection,Method.invoke,"{""class"": ""android.view.View"", ""method"": ""getElevation""}"
316218,reflection,Method.invoke,"{""class"": ""android.view.View"", ""method"": ""getTranslationZ""}"
316225,reflection,Method.invoke,"{""class"": ""android.view.View"", ""method"": ""getElevation""}"
316231,reflection,Method.invoke,"{""class"": ""android.view.View"", ""method"": ""getTranslationZ""}"
316237,reflection,Method.invoke,"{""class"": ""android.view.View"", ""method"": ""getElevation""}"
316243,reflection,Method.invoke,"{""class"": ""android.view.View"", ""method"": ""getTranslationZ""}"
316250,reflection,Method.invoke,"{""class"": ""android.view.View"", ""method"": ""getElevation""}"
316256,reflection,Method.invoke,"{""class"": ""android.view.View"", ""method"": ""getTranslationZ""}"
316262,reflection,Method.invoke,"{""class"": ""android.view.View"", ""method"": ""getElevation""}"
316269,reflection,Method.invoke,"{""class"": ""android.view.View"", ""method"": ""getTranslationZ""}"
316275,reflection,Method.invoke,"{""class"": ""android.view.View"", ""method"": ""getElevation""}"
316281,reflection,Method.invoke,"{""class"": ""android.view.View"", ""method"": ""getTranslationZ""}"
316288,reflection,Method.invoke,"{""class"": ""android.view.View"", ""method"": ""getElevation""}"
316295,reflection,Method.invoke,"{""class"": ""android.view.View"", ""method"": ""getTranslationZ""}"
316301,reflection,Method.invoke,"{""class"": ""android.view.View"", ""method"": ""getElevation""}"
316307,reflection,Method.invoke,"{""class"": ""android.view.View"", ""method"": ""getTranslationZ""}"
316314,reflection,Method.invoke,"{""class"": ""android.view.View"", ""method"": ""getElevation""}"
316320,reflection,Method.invoke,"{""class"": ""android.view.View"", ""method"": ""getTranslationZ""}"
316327,reflection,Method.invoke,"{""class"": ""android.view.View"", ""method"": ""getElevation""}"
316333,reflection,Method.invoke,"{""class"": ""android.view.View"", ""method"": ""getTranslationZ""}"
316339,reflection,Method.invoke,"{""class"": ""android.view.View"", ""method"": ""getElevation""}"
316346,reflection,Method.invoke,"{""class"": ""android.view.View"", ""method"": ""getTranslationZ""}"
316352,reflection,Method.invoke,"{""class"": ""android.view.View"", ""method"": ""getElevation""}"
316359,reflection,Method.invoke,"{""class"": ""android.view.View"", ""method"": ""getTranslationZ""}"
316365,reflection,Method.invoke,"{""class"": ""android.view.View"", ""method"": ""getElevation""}"
316372,reflection,Method.invoke,"{""class"": ""android.view.View"", ""method"": ""getTranslationZ""}"
316378,reflection,Method.invoke,"{""class"": ""android.view.View"", ""method"": ""getElevation""}"
316385,reflection,Method.invoke,"{""class"": ""android.view.View"", ""method"": ""getTranslationZ""}"
316392,reflection,Method.invoke,"{""class"": ""android.view.View"", ""method"": ""getViewRootImpl""}"
316398,reflection,Method.invoke,"{""class"": ""android.view.View"", ""method"": ""getViewRootImpl""}"
316404,reflection,Method.invoke,"{""class"": ""android.view.View"", ""method"": ""getViewRootImpl""}"
316411,reflection,Method.invoke,"{""class"": ""android.view.View"", ""method"": ""getViewRootImpl""}"
316419,reflection,Method.invoke,"{""class"": ""android.view.View"", ""method"": ""getViewRootImpl""}"
316426,reflection,Method.invoke,"{""class"": ""android.view.View"", ""method"": ""getViewRootImpl""}"
316432,reflection,Method.invoke,"{""class"": ""android.view.View"", ""method"": ""getViewRootImpl""}"
316438,reflection,Method.invoke,"{""class"": ""android.view.View"", ""method"": ""getViewRootImpl""}"
327519,reflection,Method.invoke,"{""class"": ""android.view.View"", ""method"": ""getElevation""}"
327533,reflection,Method.invoke,"{""class"": ""android.view.View"", ""method"": ""getTranslationZ""}"
327541,reflection,Method.invoke,"{""class"": ""android.view.View"", ""method"": ""getElevation""}"
327548,reflection,Method.invoke,"{""class"": ""android.view.View"", ""method"": ""getTranslationZ""}"
327555,reflection,Method.invoke,"{""class"": ""android.view.View"", ""method"": ""getElevation""}"
327561,reflection,Method.invoke,"{""class"": ""android.view.View"", ""method"": ""getTranslationZ""}"
327568,reflection,Method.invoke,"{""class"": ""android.view.View"", ""method"": ""getElevation""}"
327575,reflection,Method.invoke,"{""class"": ""android.view.View"", ""method"": ""getTranslationZ""}"
327581,reflection,Method.invoke,"{""class"": ""android.view.View"", ""method"": ""getElevation""}"
327588,reflection,Method.invoke,"{""class"": ""android.view.View"", ""method"": ""getTranslationZ""}"
327594,reflection,Method.invoke,"{""class"": ""android.view.View"", ""method"": ""getElevation""}"
327601,reflection,Method.invoke,"{""class"": ""android.view.View"", ""method"": ""getTranslationZ""}"
327607,reflection,Method.invoke,"{""class"": ""android.view.View"", ""method"": ""getElevation""}"
327614,reflection,Method.invoke,"{""class"": ""android.view.View"", ""method"": ""getTranslationZ""}"
327621,reflection,Method.invoke,"{""class"": ""android.view.View"", ""method"": ""getElevation""}"
327627,reflection,Method.invoke,"{""class"": ""android.view.View"", ""method"": ""getTranslationZ""}"
327634,reflection,Method.invoke,"{""class"": ""android.view.View"", ""method"": ""getElevation""}"
327640,reflection,Method.invoke,"{""class"": ""android.view.View"", ""method"": ""getTranslationZ""}"
327647,reflection,Method.invoke,"{""class"": ""android.view.View"", ""method"": ""getElevation""}"
327653,reflection,Method.invoke,"{""class"": ""android.view.View"", ""method"": ""getTranslationZ""}"
327661,reflection,Method.invoke,"{""class"": ""android.view.View"", ""method"": ""getElevation""}"
327667,reflection,Method.invoke,"{""class"": ""android.view.View"", ""method"": ""getTranslationZ""}"
327674,reflection,Method.invoke,"{""class"": ""android.view.View"", ""method"": ""getElevation""}"
327680,reflection,Method.invoke,"{""class"": ""android.view.View"", ""method"": ""getTranslationZ""}"
327687,reflection,Method.invoke,"{""class"": ""android.view.View"", ""method"": ""getElevation""}"
327694,reflection,Method.invoke,"{""class"": ""android.view.View"", ""method"": ""getTranslationZ""}"
327700,reflection,Method.invoke,"{""class"": ""android.view.View"", ""method"": ""getElevation""}"
327705,reflection,Method.invoke,"{""class"": ""android.view.View"", ""method"": ""getTranslationZ""}"
327712,reflection,Method.invoke,"{""class"": ""android.view.View"", ""method"": ""getElevation""}"
327718,reflection,Method.invoke,"{""class"": ""android.view.View"", ""method"": ""getTranslationZ""}"
327725,reflection,Method.invoke,"{""class"": ""android.view.View"", ""method"": ""getElevation""}"
327731,reflection,Method.invoke,"{""class"": ""android.view.View"", ""method"": ""getTranslationZ""}"
327737,reflection,Method.invoke,"{""class"": ""android.view.View"", ""method"": ""getElevation""}"
327743,reflection,Method.invoke,"{""class"": ""android.view.View"", ""method"": ""getTranslationZ""}"
327750,reflection,Method.invoke,"{""class"": ""android.view.View"", ""method"": ""getElevation""}"
327756,reflection,Method.invoke,"{""class"": ""android.view.View"", ""method"": ""getTranslationZ""}"
327763,reflection,Method.invoke,"{""class"": ""android.view.View"", ""method"": ""getElevation""}"
327769,reflection,Method.invoke,"{""class"": ""android.view.View"", ""method"": ""getTranslationZ""}"
327776,reflection,Method.invoke,"{""class"": ""android.view.View"", ""method"": ""getElevation""}"
327782,reflection,Method.invoke,"{""class"": ""android.view.View"", ""method"": ""getTranslationZ""}"
327789,reflection,Method.invoke,"{""class"": ""android.view.View"", ""method"": ""getElevation""}"
327796,reflection,Method.invoke,"{""class"": ""android.view.View"", ""method"": ""getTranslationZ""}"
327802,reflection,Method.invoke,"{""class"": ""android.view.View"", ""method"": ""getElevation""}"
327809,reflection,Method.invoke,"{""class"": ""android.view.View"", ""method"": ""getTranslationZ""}"
327815,reflection,Method.invoke,"{""class"": ""android.view.View"", ""method"": ""getElevation""}"
327822,reflection,Method.invoke,"{""class"": ""android.view.View"", ""method"": ""getTranslationZ""}"
327828,reflection,Method.invoke,"{""class"": ""android.view.View"", ""method"": ""getElevation""}"
327835,reflection,Method.invoke,"{""class"": ""android.view.View"", ""method"": ""getTranslationZ""}"
327841,reflection,Method.invoke,"{""class"": ""android.view.View"", ""method"": ""getElevation""}"
327848,reflection,Method.invoke,"{""class"": ""android.view.View"", ""method"": ""getTranslationZ""}"
327854,reflection,Method.invoke,"{""class"": ""android.view.View"", ""method"": ""getElevation""}"
327861,reflection,Method.invoke,"{""class"": ""android.view.View"", ""method"": ""getTranslationZ""}"
327867,reflection,Method.invoke,"{""class"": ""android.view.View"", ""method"": ""getElevation""}"
327874,reflection,Method.invoke,"{""class"": ""android.view.View"", ""method"": ""getTranslationZ""}"
327881,reflection,Method.invoke,"{""class"": ""android.view.View"", ""method"": ""getElevation""}"
327887,reflection,Method.invoke,"{""class"": ""android.view.View"", ""method"": ""getTranslationZ""}"
327894,reflection,Method.invoke,"{""class"": ""android.view.View"", ""method"": ""getElevation""}"
327900,reflection,Method.invoke,"{""class"": ""android.view.View"", ""method"": ""getTranslationZ""}"
327907,reflection,Method.invoke,"{""class"": ""android.view.View"", ""method"": ""getElevation""}"
327913,reflection,Method.invoke,"{""class"": ""android.view.View"", ""method"": ""getTranslationZ""}"
327920,reflection,Method.invoke,"{""class"": ""android.view.View"", ""method"": ""getElevation""}"
327926,reflection,Method.invoke,"{""class"": ""android.view.View"", ""method"": ""getTranslationZ""}"
327933,reflection,Method.invoke,"{""class"": ""android.view.View"", ""method"": ""getElevation""}"
327939,reflection,Method.invoke,"{""class"": ""android.view.View"", ""method"": ""getTranslationZ""}"
327946,reflection,Method.invoke,"{""class"": ""android.view.View"", ""method"": ""getElevation""}"
327952,reflection,Method.invoke,"{""class"": ""android.view.View"", ""method"": ""getTranslationZ""}"
327959,reflection,Method.invoke,"{""class"": ""android.view.View"", ""method"": ""getElevation""}"
327965,reflection,Method.invoke,"{""class"": ""android.view.View"", ""method"": ""getTranslationZ""}"
327972,reflection,Method.invoke,"{""class"": ""android.view.View"", ""method"": ""getElevation""}"
327978,reflection,Method.invoke,"{""class"": ""android.view.View"", ""method"": ""getTranslationZ""}"
327985,reflection,Method.invoke,"{""class"": ""android.view.View"", ""method"": ""getElevation""}"
327991,reflection,Method.invoke,"{""class"": ""android.view.View"", ""method"": ""getTranslationZ""}"
337238,reflection,Method.invoke,"{""class"": ""android.view.View"", ""method"": ""getElevation""}"
337247,reflection,Method.invoke,"{""class"": ""android.view.View"", ""method"": ""getTranslationZ""}"
337255,reflection,Method.invoke,"{""class"": ""android.view.View"", ""method"": ""getElevation""}"
337266,reflection,Method.invoke,"{""class"": ""android.view.View"", ""method"": ""getTranslationZ""}"
337273,reflection,Method.invoke,"{""class"": ""android.view.View"", ""method"": ""getElevation""}"
337287,reflection,Method.invoke,"{""class"": ""android.view.View"", ""method"": ""getTranslationZ""}"
337293,reflection,Method.invoke,"{""class"": ""android.view.View"", ""method"": ""getElevation""}"
337300,reflection,Method.invoke,"{""class"": ""android.view.View"", ""method"": ""getTranslationZ""}"
337307,reflection,Method.invoke,"{""class"": ""android.view.View"", ""method"": ""getElevation""}"
337314,reflection,Method.invoke,"{""class"": ""android.view.View"", ""method"": ""getTranslationZ""}"
337320,reflection,Method.invoke,"{""class"": ""android.view.View"", ""method"": ""getElevation""}"
337327,reflection,Method.invoke,"{""class"": ""android.view.View"", ""method"": ""getTranslationZ""}"
337333,reflection,Method.invoke,"{""class"": ""android.view.View"", ""method"": ""getElevation""}"
337340,reflection,Method.invoke,"{""class"": ""android.view.View"", ""method"": ""getTranslationZ""}"
337346,reflection,Method.invoke,"{""class"": ""android.view.View"", ""method"": ""getElevation""}"
337353,reflection,Method.invoke,"{""class"": ""android.view.View"", ""method"": ""getTranslationZ""}"
337360,reflection,Method.invoke,"{""class"": ""android.view.View"", ""method"": ""getElevation""}"
337366,reflection,Method.invoke,"{""class"": ""android.view.View"", ""method"": ""getTranslationZ""}"
337372,reflection,Method.invoke,"{""class"": ""android.view.View"", ""method"": ""getElevation""}"
337379,reflection,Method.invoke,"{""class"": ""android.view.View"", ""method"": ""getTranslationZ""}"
337392,reflection,Method.invoke,"{""class"": ""android.view.View"", ""method"": ""getElevation""}"
337399,reflection,Method.invoke,"{""class"": ""android.view.View"", ""method"": ""getTranslationZ""}"
337406,reflection,Method.invoke,"{""class"": ""android.view.View"", ""method"": ""getElevation""}"
337413,reflection,Method.invoke,"{""class"": ""android.view.View"", ""method"": ""getTranslationZ""}"
337421,reflection,Method.invoke,"{""class"": ""android.view.View"", ""method"": ""getElevation""}"
337427,reflection,Method.invoke,"{""class"": ""android.view.View"", ""method"": ""getTranslationZ""}"
337434,reflection,Method.invoke,"{""class"": ""android.view.View"", ""method"": ""getElevation""}"
337440,reflection,Method.invoke,"{""class"": ""android.view.View"", ""method"": ""getTranslationZ""}"
337447,reflection,Method.invoke,"{""class"": ""android.view.View"", ""method"": ""getElevation""}"
337453,reflection,Method.invoke,"{""class"": ""android.view.View"", ""method"": ""getTranslationZ""}"
337460,reflection,Method.invoke,"{""class"": ""android.view.View"", ""method"": ""getElevation""}"
337466,reflection,Method.invoke,"{""class"": ""android.view.View"", ""method"": ""getTranslationZ""}"
337472,reflection,Method.invoke,"{""class"": ""android.view.View"", ""method"": ""getElevation""}"
337479,reflection,Method.invoke,"{""class"": ""android.view.View"", ""method"": ""getTranslationZ""}"
337485,reflection,Method.invoke,"{""class"": ""android.view.View"", ""method"": ""getElevation""}"
337492,reflection,Method.invoke,"{""class"": ""android.view.View"", ""method"": ""getTranslationZ""}"
337498,reflection,Method.invoke,"{""class"": ""android.view.View"", ""method"": ""getElevation""}"
337505,reflection,Method.invoke,"{""class"": ""android.view.View"", ""method"": ""getTranslationZ""}"
337511,reflection,Method.invoke,"{""class"": ""android.view.View"", ""method"": ""getElevation""}"
337517,reflection,Method.invoke,"{""class"": ""android.view.View"", ""method"": ""getTranslationZ""}"
337524,reflection,Method.invoke,"{""class"": ""android.view.View"", ""method"": ""getElevation""}"
337530,reflection,Method.invoke,"{""class"": ""android.view.View"", ""method"": ""getTranslationZ""}"
337537,reflection,Method.invoke,"{""class"": ""android.view.View"", ""method"": ""getElevation""}"
337544,reflection,Method.invoke,"{""class"": ""android.view.View"", ""method"": ""getTranslationZ""}"
337550,reflection,Method.invoke,"{""class"": ""android.view.View"", ""method"": ""getElevation""}"
337557,reflection,Method.invoke,"{""class"": ""android.view.View"", ""method"": ""getTranslationZ""}"
337563,reflection,Method.invoke,"{""class"": ""android.view.View"", ""method"": ""getElevation""}"
337570,reflection,Method.invoke,"{""class"": ""android.view.View"", ""method"": ""getTranslationZ""}"
337576,reflection,Method.invoke,"{""class"": ""android.view.View"", ""method"": ""getElevation""}"
337583,reflection,Method.invoke,"{""class"": ""android.view.View"", ""method"": ""getTranslationZ""}"
337589,reflection,Method.invoke,"{""class"": ""android.view.View"", ""method"": ""getElevation""}"
337596,reflection,Method.invoke,"{""class"": ""android.view.View"", ""method"": ""getTranslationZ""}"
337603,reflection,Method.invoke,"{""class"": ""android.view.View"", ""method"": ""getElevation""}"
337609,reflection,Method.invoke,"{""class"": ""android.view.View"", ""method"": ""getTranslationZ""}"
337618,reflection,Method.invoke,"{""class"": ""android.view.View"", ""method"": ""getElevation""}"
337624,reflection,Method.invoke,"{""class"": ""android.view.View"", ""method"": ""getTranslationZ""}"
337632,reflection,Method.invoke,"{""class"": ""android.view.View"", ""method"": ""getElevation""}"
337638,reflection,Method.invoke,"{""class"": ""android.view.View"", ""method"": ""getTranslationZ""}"
337644,reflection,Method.invoke,"{""class"": ""android.view.View"", ""method"": ""getElevation""}"
337651,reflection,Method.invoke,"{""class"": ""android.view.View"", ""method"": ""getTranslationZ""}"
386936,lifecycle,hook_loaded,"{""stage"": ""java_perform"", ""version"": ""3""}"
406258,reflection,Method.invoke,"{""class"": ""android.view.View"", ""method"": ""getElevation""}"
406265,reflection,Method.invoke,"{""class"": ""android.view.View"", ""method"": ""getTranslationZ""}"
406292,reflection,Method.invoke,"{""class"": ""android.view.View"", ""method"": ""getElevation""}"
406303,reflection,Method.invoke,"{""class"": ""android.view.View"", ""method"": ""getTranslationZ""}"
406347,reflection,Method.invoke,"{""class"": ""android.view.ViewGroup"", ""method"": ""makeOptionalFitsSystemWindows""}"
406357,reflection,Method.invoke,"{""class"": ""app.notesr.activity.security.AuthActivity$Mode"", ""method"": ""values""}"
406379,reflection,Method.invoke,"{""class"": ""android.view.View"", ""method"": ""getElevation""}"
406387,reflection,Method.invoke,"{""class"": ""android.view.View"", ""method"": ""getTranslationZ""}"
406397,reflection,Method.invoke,"{""class"": ""android.view.View"", ""method"": ""getElevation""}"
406405,reflection,Method.invoke,"{""class"": ""android.view.View"", ""method"": ""getTranslationZ""}"
406413,reflection,Method.invoke,"{""class"": ""android.view.View"", ""method"": ""getElevation""}"
406420,reflection,Method.invoke,"{""class"": ""android.view.View"", ""method"": ""getTranslationZ""}"
406427,reflection,Method.invoke,"{""class"": ""android.view.View"", ""method"": ""getElevation""}"
406435,reflection,Method.invoke,"{""class"": ""android.view.View"", ""method"": ""getTranslationZ""}"
406441,reflection,Method.invoke,"{""class"": ""android.view.View"", ""method"": ""getElevation""}"
406449,reflection,Method.invoke,"{""class"": ""android.view.View"", ""method"": ""getTranslationZ""}"
406454,reflection,Method.invoke,"{""class"": ""android.view.View"", ""method"": ""getElevation""}"
406462,reflection,Method.invoke,"{""class"": ""android.view.View"", ""method"": ""getTranslationZ""}"
406468,reflection,Method.invoke,"{""class"": ""android.view.View"", ""method"": ""getElevation""}"
406474,reflection,Method.invoke,"{""class"": ""android.view.View"", ""method"": ""getTranslationZ""}"
406482,reflection,Method.invoke,"{""class"": ""android.view.View"", ""method"": ""getElevation""}"
406489,reflection,Method.invoke,"{""class"": ""android.view.View"", ""method"": ""getTranslationZ""}"
406495,reflection,Method.invoke,"{""class"": ""android.view.View"", ""method"": ""getElevation""}"
406503,reflection,Method.invoke,"{""class"": ""android.view.View"", ""method"": ""getTranslationZ""}"
406511,reflection,Method.invoke,"{""class"": ""android.view.View"", ""method"": ""getElevation""}"
406516,reflection,Method.invoke,"{""class"": ""android.view.View"", ""method"": ""getTranslationZ""}"
406525,reflection,Method.invoke,"{""class"": ""android.view.View"", ""method"": ""getElevation""}"
406532,reflection,Method.invoke,"{""class"": ""android.view.View"", ""method"": ""getTranslationZ""}"
406540,reflection,Method.invoke,"{""class"": ""android.view.View"", ""method"": ""getElevation""}"
406548,reflection,Method.invoke,"{""class"": ""android.view.View"", ""method"": ""getTranslationZ""}"
406554,reflection,Method.invoke,"{""class"": ""android.view.View"", ""method"": ""getElevation""}"
406561,reflection,Method.invoke,"{""class"": ""android.view.View"", ""method"": ""getTranslationZ""}"
406568,reflection,Method.invoke,"{""class"": ""android.view.View"", ""method"": ""getElevation""}"
406574,reflection,Method.invoke,"{""class"": ""android.view.View"", ""method"": ""getTranslationZ""}"
406582,reflection,Method.invoke,"{""class"": ""android.view.View"", ""method"": ""getElevation""}"
406588,reflection,Method.invoke,"{""class"": ""android.view.View"", ""method"": ""getTranslationZ""}"
406595,reflection,Method.invoke,"{""class"": ""android.view.View"", ""method"": ""getElevation""}"
406603,reflection,Method.invoke,"{""class"": ""android.view.View"", ""method"": ""getTranslationZ""}"
406611,reflection,Method.invoke,"{""class"": ""android.view.View"", ""method"": ""getElevation""}"
406617,reflection,Method.invoke,"{""class"": ""android.view.View"", ""method"": ""getTranslationZ""}"
406625,reflection,Method.invoke,"{""class"": ""android.view.View"", ""method"": ""getElevation""}"
406631,reflection,Method.invoke,"{""class"": ""android.view.View"", ""method"": ""getTranslationZ""}"
406641,reflection,Method.invoke,"{""class"": ""android.view.View"", ""method"": ""getElevation""}"
406650,reflection,Method.invoke,"{""class"": ""android.view.View"", ""method"": ""getTranslationZ""}"
406655,reflection,Method.invoke,"{""class"": ""android.view.View"", ""method"": ""getElevation""}"
406664,reflection,Method.invoke,"{""class"": ""android.view.View"", ""method"": ""getTranslationZ""}"
406672,reflection,Method.invoke,"{""class"": ""android.view.View"", ""method"": ""getElevation""}"
406679,reflection,Method.invoke,"{""class"": ""android.view.View"", ""method"": ""getTranslationZ""}"
406687,reflection,Method.invoke,"{""class"": ""android.view.View"", ""method"": ""getElevation""}"
406694,reflection,Method.invoke,"{""class"": ""android.view.View"", ""method"": ""getTranslationZ""}"
406702,reflection,Method.invoke,"{""class"": ""android.view.View"", ""method"": ""getElevation""}"
406710,reflection,Method.invoke,"{""class"": ""android.view.View"", ""method"": ""getTranslationZ""}"
406717,reflection,Method.invoke,"{""class"": ""android.view.View"", ""method"": ""getElevation""}"
406723,reflection,Method.invoke,"{""class"": ""android.view.View"", ""method"": ""getTranslationZ""}"
406728,reflection,Method.invoke,"{""class"": ""android.view.View"", ""method"": ""getElevation""}"
406736,reflection,Method.invoke,"{""class"": ""android.view.View"", ""method"": ""getTranslationZ""}"
406744,reflection,Method.invoke,"{""class"": ""android.view.View"", ""method"": ""getElevation""}"
406750,reflection,Method.invoke,"{""class"": ""android.view.View"", ""method"": ""getTranslationZ""}"
406756,reflection,Method.invoke,"{""class"": ""android.view.View"", ""method"": ""getElevation""}"
406765,reflection,Method.invoke,"{""class"": ""android.view.View"", ""method"": ""getTranslationZ""}"
406771,reflection,Method.invoke,"{""class"": ""android.view.View"", ""method"": ""getElevation""}"
406778,reflection,Method.invoke,"{""class"": ""android.view.View"", ""method"": ""getTranslationZ""}"
406786,reflection,Method.invoke,"{""class"": ""android.view.View"", ""method"": ""getElevation""}"
406793,reflection,Method.invoke,"{""class"": ""android.view.View"", ""method"": ""getTranslationZ""}"
406801,reflection,Method.invoke,"{""class"": ""android.view.View"", ""method"": ""getElevation""}"
406807,reflection,Method.invoke,"{""class"": ""android.view.View"", ""method"": ""getTranslationZ""}"
406815,reflection,Method.invoke,"{""class"": ""android.view.View"", ""method"": ""getElevation""}"
406822,reflection,Method.invoke,"{""class"": ""android.view.View"", ""method"": ""getTranslationZ""}"
406830,reflection,Method.invoke,"{""class"": ""android.view.View"", ""method"": ""getElevation""}"
406839,reflection,Method.invoke,"{""class"": ""android.view.View"", ""method"": ""getTranslationZ""}"
406846,reflection,Method.invoke,"{""class"": ""android.view.View"", ""method"": ""getElevation""}"
406851,reflection,Method.invoke,"{""class"": ""android.view.View"", ""method"": ""getTranslationZ""}"
406860,reflection,Method.invoke,"{""class"": ""android.view.View"", ""method"": ""getElevation""}"
406867,reflection,Method.invoke,"{""class"": ""android.view.View"", ""method"": ""getTranslationZ""}"
406873,reflection,Method.invoke,"{""class"": ""android.view.View"", ""method"": ""getElevation""}"
406881,reflection,Method.invoke,"{""class"": ""android.view.View"", ""method"": ""getTranslationZ""}"
406888,reflection,Method.invoke,"{""class"": ""android.view.View"", ""method"": ""getElevation""}"
406895,reflection,Method.invoke,"{""class"": ""android.view.View"", ""method"": ""getTranslationZ""}"
406901,reflection,Method.invoke,"{""class"": ""android.view.View"", ""method"": ""getViewRootImpl""}"
406908,reflection,Method.invoke,"{""class"": ""android.view.View"", ""method"": ""getViewRootImpl""}"
406916,reflection,Method.invoke,"{""class"": ""android.view.View"", ""method"": ""getViewRootImpl""}"
406922,reflection,Method.invoke,"{""class"": ""android.view.View"", ""method"": ""getViewRootImpl""}"
406929,reflection,Method.invoke,"{""class"": ""android.view.View"", ""method"": ""getViewRootImpl""}"
406935,reflection,Method.invoke,"{""class"": ""android.view.View"", ""method"": ""getViewRootImpl""}"
406943,reflection,Method.invoke,"{""class"": ""android.view.View"", ""method"": ""getViewRootImpl""}"
406951,reflection,Method.invoke,"{""class"": ""android.view.View"", ""method"": ""getViewRootImpl""}"
