sha256,path,header_only,n_events,n_mapped,n_active_cats,n_dropped,mapped_rate,drop_rate
01500131E3563E9CAF7E4485FD9D1D5F8184FAE1962F9AEEE4D78EF06EB7005D,benign2017/01500131E3563E9CAF7E4485FD9D1D5F8184FAE1962F9AEEE4D78EF06EB7005D.apk.logcat,False,6321,189,3,2,0.029900332225913623,0.0003163055511624229
0197E1577B8F3174B0BA07CFBF856CEB98B82164F4D0116B74691DF155ADD743,benign2017/0197E1577B8F3174B0BA07CFBF856CEB98B82164F4D0116B74691DF155ADD743.apk.logcat,False,3192,421,5,2,0.13189223057644112,0.0006261740763932373
01A2BEDC8A98081567F4EACF41144E705D51BB705EAE3AD1A81D554E733529BE,benign2017/01A2BEDC8A98081567F4EACF41144E705D51BB705EAE3AD1A81D554E733529BE.apk.logcat,False,182,31,3,2,0.17032967032967034,0.010869565217391304
01B19F88E500A7A777875530BF256E42E3C6AD63007064AE6C98CBA8B0492C4F,benign2017/01B19F88E500A7A777875530BF256E42E3C6AD63007064AE6C98CBA8B0492C4F.apk.logcat,False,136018,6747,12,2,0.04960372891823141,1.4671146256657033e-05
01B586F27EDFCC594472066CE374F0D44F8F7C2A8821D214A6D1DE2AAE756615,benign2017/01B586F27EDFCC594472066CE374F0D44F8F7C2A8821D214A6D1DE2AAE756615.apk.logcat,False,2141,32,4,2,0.014946286781877626,0.0009332711152589828
0211BCE097636BDE4197A82E9F492C4321F9C7B35851329E2104471B4746CEC3,benign2017/0211BCE097636BDE4197A82E9F492C4321F9C7B35851329E2104471B4746CEC3.apk.logcat,False,278,3,1,2,0.01079136690647482,0.007142857142857143
02122C1CC9D9F9A911C58B901663A5C244C21530AD3AB053568E3064F967EE39,benign2017/02122C1CC9D9F9A911C58B901663A5C244C21530AD3AB053568E3064F967EE39.apk.logcat,False,17811,685,5,2,0.038459379035427545,0.00011150136589173217
043A3E59B5A0878441DD825CEDEC7DD6507CDEE83380D44382A0EEA9E369DA2D,benign2017/043A3E59B5A0878441DD825CEDEC7DD6507CDEE83380D44382A0EEA9E369DA2D.apk.logcat,False,12005,436,5,2,0.03631820074968763,0.000166472448809722
0449E3DDD19E7E96E9FB2D0274E6E8B240B2908CC36FBAE256FC3D8760BFFD40,benign2017/0449E3DDD19E7E96E9FB2D0274E6E8B240B2908CC36FBAE256FC3D8760BFFD40.apk.logcat,False,8818,1003,6,2,0.1137446132909957,0.00022675736961451248
045AB5F67A5772515397B52687984FA2615352FF8D5C32867E19E48B28181313,benign2017/045AB5F67A5772515397B52687984FA2615352FF8D5C32867E19E48B28181313.apk.logcat,False,20352,141,5,2,0.006928066037735849,9.757525491535346e-05
04EF743FD95799B93ED5DA02C557FD99173B402397EFB83FA951CE5C1A1DE25A,benign2017/04EF743FD95799B93ED5DA02C557FD99173B402397EFB83FA951CE5C1A1DE25A.apk.logcat,False,1850,32,1,2,0.017297297297297298,0.000996512207274539
05304A9B9B1A09B7898D14F75955BB5AD86BA28B6B44DBACA598A6B5C4593233,benign2017/05304A9B9B1A09B7898D14F75955BB5AD86BA28B6B44DBACA598A6B5C4593233.apk.logcat,False,71985,1812,7,2,0.025171910814753073,2.762698050916525e-05
05D5D26E347DD5CD9C53E8C7E900F2C0E9038AD9BF8BDDB0243F5B518C33A23F,benign2017/05D5D26E347DD5CD9C53E8C7E900F2C0E9038AD9BF8BDDB0243F5B518C33A23F.apk.logcat,False,1598,42,5,2,0.026282853566958697,0.0011792452830188679
06067E48ED88F1736835D34D2B4F0797EEBB927F8D9CA8373DD76B1FCCDC94A3,benign2017/06067E48ED88F1736835D34D2B4F0797EEBB927F8D9CA8373DD76B1FCCDC94A3.apk.logcat,False,98786,618,7,2,0.006255947198995809,2.0151742621943232e-05
061B68935E78FC9A648DDDFA61B7B2AF44EA3762C8393A8C0D79C3796931E9E7,benign2017/061B68935E78FC9A648DDDFA61B7B2AF44EA3762C8393A8C0D79C3796931E9E7.apk.logcat,False,2039,35,2,2,0.01716527709661599,0.0009799118079372856
062D98014CA72E5ABE13C71766C0C6C455AB696A2816328EB663E6C27163B43D,benign2017/062D98014CA72E5ABE13C71766C0C6C455AB696A2816328EB663E6C27163B43D.apk.logcat,False,2663,37,4,2,0.013894104393541119,0.00075046904315197
067E6D169AB0CD39C1A7E862F8FC3621375692418B766DF6D957837F90C74377,benign2017/067E6D169AB0CD39C1A7E862F8FC3621375692418B766DF6D957837F90C74377.apk.logcat,False,142,0,0,2,0.0,0.013888888888888888
06F1ED1550BE3150516D272D70ED3A40D3DF28F3148CFEF47FA63808EA264E34,benign2017/06F1ED1550BE3150516D272D70ED3A40D3DF28F3148CFEF47FA63808EA264E34.apk.logcat,False,166,13,1,2,0.0783132530120482,0.011904761904761904
07225F9E8D25E960323043F8930390E1255F8F85B01F319D12F19C7BD95CDA3E,benign2017/07225F9E8D25E960323043F8930390E1255F8F85B01F319D12F19C7BD95CDA3E.apk.logcat,False,1526,67,2,2,0.043905635648754916,0.0011098779134295228
07485CCDC4DEC253035E40F362351A9D3AF156364CE78AA643FF2E14037BFB2E,benign2017/07485CCDC4DEC253035E40F362351A9D3AF156364CE78AA643FF2E14037BFB2E.apk.logcat,False,416,10,1,2,0.02403846153846154,0.004210526315789474
077B88EBB54C6590D25FB66FD0889004543D73EF97B9450D822DE7E819A69D72,benign2017/077B88EBB54C6590D25FB66FD0889004543D73EF97B9450D822DE7E819A69D72.apk.logcat,False,30,0,0,2,0.0,0.0625
07F191F40A051FB17F7A68D7858698EF68C34829E0CAEB283F495CC14738AE02,benign2017/07F191F40A051FB17F7A68D7858698EF68C34829E0CAEB283F495CC14738AE02.apk.logcat,False,19352,444,9,2,0.022943365026870607,0.00010229132569558102
08FC917A493CDA7060384F0D0C5865CBA0F0BC8AFAFE032BE24D383FE4C3FF71,benign2017/08FC917A493CDA7060384F0D0C5865CBA0F0BC8AFAFE032BE24D383FE4C3FF71.apk.logcat,False,986,114,6,2,0.11561866125760649,0.001937984496124031
090153C2D6B0ECB1F7BE125FC9D9D4506CAF1D2F6F95C14FE221D3F06DFD2662,benign2017/090153C2D6B0ECB1F7BE125FC9D9D4506CAF1D2F6F95C14FE221D3F06DFD2662.apk.logcat,False,2626,258,4,2,0.09824828636709824,0.0007567158531971245
09081DD899F45BC18B2FC120EE870889E955BCD9B15E3EA4588734698BD15E2E,benign2017/09081DD899F45BC18B2FC120EE870889E955BCD9B15E3EA4588734698BD15E2E.apk.logcat,False,1026,187,9,2,0.18226120857699804,0.0018433179723502304
0A8624C22BA629224469AC5A892D56AF235D97464308D31F0C64BF160D2CDAD9,benign2017/0A8624C22BA629224469AC5A892D56AF235D97464308D31F0C64BF160D2CDAD9.apk.logcat,False,16888,254,7,2,0.015040265277119848,0.00011700696191423389
0B1983125AD79211FA4434B89CA462964E763B481C8B1CD4019BC9355811E68A,benign2017/0B1983125AD79211FA4434B89CA462964E763B481C8B1CD4019BC9355811E68A.apk.logcat,False,115,1,1,2,0.008695652173913044,0.017094017094017096
0BBF0829EB8E973F3ECCF005E0EDA5D3A5CF20A5E95A4E3C5EE226B450DAE31D,benign2017/0BBF0829EB8E973F3ECCF005E0EDA5D3A5CF20A5E95A4E3C5EE226B450DAE31D.apk.logcat,False,800473,33,1,2,4.12256253490124e-05,2.4981388865295354e-06
0BDF4C1713809C579AA6056A0EA82848D09464649DAD4327EC8C8C8DF343EA5C,benign2017/0BDF4C1713809C579AA6056A0EA82848D09464649DAD4327EC8C8C8DF343EA5C.apk.logcat,False,29896,815,9,2,0.02726117206315226,6.678465288676663e-05
0CD847919F16761E7705DA96BDECE408700C430C0FC9E2E06454EA40A4A88407,benign2017/0CD847919F16761E7705DA96BDECE408700C430C0FC9E2E06454EA40A4A88407.apk.logcat,False,14077,559,7,2,0.039710165518221215,0.00014088475626937165
0D00A757F03F5D90FE8B2288BA8977D88FC9318FE84DF7ABD2B4741A679ADD77,benign2017/0D00A757F03F5D90FE8B2288BA8977D88FC9318FE84DF7ABD2B4741A679ADD77.apk.logcat,False,64837,23838,8,2,0.36766044079769267,3.0824240182479504e-05
0D131D1DC67D872FF3C73E6EA7EAB4734DF97B286002A6027DD99DB2B665DCA6,benign2017/0D131D1DC67D872FF3C73E6EA7EAB4734DF97B286002A6027DD99DB2B665DCA6.apk.logcat,False,211,0,0,2,0.0,0.009389671361502348
0D3578F79ADD631C7B54B4CA996AADDAC9E9F4F5DE9A0400D2F6DBAEA17AA0D0,benign2017/0D3578F79ADD631C7B54B4CA996AADDAC9E9F4F5DE9A0400D2F6DBAEA17AA0D0.apk.logcat,False,5805,202,5,2,0.03479758828596038,0.00034441191665231615
0DA1B5FEBA812D1318762AAFA8540CF0B3D204A3CB1D4B5CAA65E9A73EE71394,benign2017/0DA1B5FEBA812D1318762AAFA8540CF0B3D204A3CB1D4B5CAA65E9A73EE71394.apk.logcat,False,83458,1716,6,2,0.02056124038438496,2.3819448579765378e-05
0EC9C059AF93F25FFA50D2E2323E0A3B2BF83FAF088C5847EE2FAF4003B6E992,benign2017/0EC9C059AF93F25FFA50D2E2323E0A3B2BF83FAF088C5847EE2FAF4003B6E992.apk.logcat,False,3150,100,6,2,0.031746031746031744,0.0006329113924050633
0F03CF62EBE16C46A91EF63D0D77CF2DE918933D1AD4CA192226E2DF2FF8CD76,benign2017/0F03CF62EBE16C46A91EF63D0D77CF2DE918933D1AD4CA192226E2DF2FF8CD76.apk.logcat,False,9599,308,5,2,0.03208667569538494,0.0002077922077922078
0FAA01FC97DD7034B013FC51C1F60F3FA5602CA6FDE9220435F01FC0F095AE77,benign2017/0FAA01FC97DD7034B013FC51C1F60F3FA5602CA6FDE9220435F01FC0F095AE77.apk.logcat,False,101240,50,5,2,0.0004938759383642829,1.972172643993255e-05
0FC0CBD4C9115E8FF1FC716274E909993DA863F0E78868CFB48CC3FC5B6D8DB2,benign2017/0FC0CBD4C9115E8FF1FC716274E909993DA863F0E78868CFB48CC3FC5B6D8DB2.apk.logcat,False,25044,3292,5,2,0.1314486503753394,7.985307035055498e-05
0FDE14ABF03BC0F8D7A6FE365264FC8FC230231EE74C58D5739D628C3CBF2ABD,benign2017/0FDE14ABF03BC0F8D7A6FE365264FC8FC230231EE74C58D5739D628C3CBF2ABD.apk.logcat,False,932,128,5,2,0.13733905579399142,0.0021413276231263384
0FE09D19FE267657866F7D0BA03272C8C1683D5E2E09BCEB0C1DB514AD96BF10,benign2017/0FE09D19FE267657866F7D0BA03272C8C1683D5E2E09BCEB0C1DB514AD96BF10.apk.logcat,False,125670,2293,7,2,0.018246200366038037,1.5816403191750165e-05
10790B305322B8795BF0FDC5C822DE8E9500477DEFE40B82BDBD0751AE2915BC,benign2017/10790B305322B8795BF0FDC5C822DE8E9500477DEFE40B82BDBD0751AE2915BC.apk.logcat,False,848,3,1,2,0.003537735849056604,0.0023501762632197414
1100F54C4A896AE48C9CAB976BAA67C19F159CD5B9E46E890DDE66CDB137479D,benign2017/1100F54C4A896AE48C9CAB976BAA67C19F159CD5B9E46E890DDE66CDB137479D.apk.logcat,False,41276,948,7,2,0.022967341796685727,4.8395683105067026e-05
11813EEB1DFFC7076B6C152829ED589E1DCBC3F889488A63FEE673DF0FF62F1B,benign2017/11813EEB1DFFC7076B6C152829ED589E1DCBC3F889488A63FEE673DF0FF62F1B.apk.logcat,False,18580,261,6,2,0.014047362755651239,0.00010755579456843238
122D586A6837D03D24B274D4C38577D3E9343F4C3EC4AE6EFC020C4752888F7F,benign2017/122D586A6837D03D24B274D4C38577D3E9343F4C3EC4AE6EFC020C4752888F7F.apk.logcat,False,3922,67,4,2,0.017083120856705762,0.0005096839959225281
1323ECED0E9B10BE35BCD61B7623EBCB38ACDC06386DDA1B69EF1D85802979C4,benign2017/1323ECED0E9B10BE35BCD61B7623EBCB38ACDC06386DDA1B69EF1D85802979C4.apk.logcat,False,66365,344,10,2,0.005183455134483538,3.0074283480196084e-05
1359CF6B6FE31BFA6BB83A78F13F442058C4E8CE3B31C59245E4CB8AE9BA3B14,benign2017/1359CF6B6FE31BFA6BB83A78F13F442058C4E8CE3B31C59245E4CB8AE9BA3B14.apk.logcat,False,129721,324,9,2,0.0024976680722473615,1.5393733211209717e-05
136B908BC4C5DC9940BEF1FFD7B68F6F9E5F9E8F88A37E1C62334D1066104588,benign2017/136B908BC4C5DC9940BEF1FFD7B68F6F9E5F9E8F88A37E1C62334D1066104588.apk.logcat,False,82680,4471,9,2,0.05407595549104983,2.407984877854967e-05
14C6784374071EC4D9952DCF215DD25F2FF85F6C8952FE65DEF845E3EDF91794,benign2017/14C6784374071EC4D9952DCF215DD25F2FF85F6C8952FE65DEF845E3EDF91794.apk.logcat,False,868,26,6,2,0.029953917050691243,0.0022988505747126436
14C77204D0F3696897B146FA88F0EB92532484DD86D7FD4144D42AA6A694E2B8,benign2017/14C77204D0F3696897B146FA88F0EB92532484DD86D7FD4144D42AA6A694E2B8.apk.logcat,False,82686,2786,4,2,0.0336937329173016,2.4017965438147735e-05
14EA7EAF5270720A6B61F614B8E45AE207A41CD49E3D9036AF24A05ECE185DFC,benign2017/14EA7EAF5270720A6B61F614B8E45AE207A41CD49E3D9036AF24A05ECE185DFC.apk.logcat,False,5644,48,3,2,0.008504606661941885,0.0003541076487252125
153204F57DDD69B0FEFB53D74652EABF0726F2ED066FE372B2665FB81A3016C5,benign2017/153204F57DDD69B0FEFB53D74652EABF0726F2ED066FE372B2665FB81A3016C5.apk.logcat,False,1100,37,3,2,0.03363636363636364,0.0018148820326678765
1541DC47479454F4821D9BA334AB4323839F7C0ED460012729E30125C637B1D3,benign2017/1541DC47479454F4821D9BA334AB4323839F7C0ED460012729E30125C637B1D3.apk.logcat,False,13482,5166,10,2,0.38317757009345793,0.00014796182584893096
15484D3185B65CBA5FD00AC8CABD2550D47FFD047FF1624E673257880882AA90,benign2017/15484D3185B65CBA5FD00AC8CABD2550D47FFD047FF1624E673257880882AA90.apk.logcat,False,6651,109,6,2,0.016388513005563075,0.00030012004801920766
167B28D89299D9BA8FCE3AAE58851B14C472787164909D803C6D5154ECAC5232,benign2017/167B28D89299D9BA8FCE3AAE58851B14C472787164909D803C6D5154ECAC5232.apk.logcat,False,1462,51,4,2,0.03488372093023256,0.0013651877133105802
16C5B7F88B10FFAF101B918E394D7E9F9BB9125672CE74A4FD9F5D664B928B32,benign2017/16C5B7F88B10FFAF101B918E394D7E9F9BB9125672CE74A4FD9F5D664B928B32.apk.logcat,False,137,3,2,2,0.021897810218978103,0.014388489208633094
16FF6E1321FA91F2A954FEE49B245D38920E90C6D0F820BACDC92E264DA6E834,benign2017/16FF6E1321FA91F2A954FEE49B245D38920E90C6D0F820BACDC92E264DA6E834.apk.logcat,False,8199,14,3,2,0.0017075253079643859,0.00024304289707133308
17100C4583998AE6916FB4253B6BA9FB1C53538D475BC3498E9F6A08E4DC4185,benign2017/17100C4583998AE6916FB4253B6BA9FB1C53538D475BC3498E9F6A08E4DC4185.apk.logcat,False,885,10,1,2,0.011299435028248588,0.002176278563656148
17A2C8B45CDD7611C7893C878633B0418AF11F428165DE9F703C3149ABDDFA51,benign2017/17A2C8B45CDD7611C7893C878633B0418AF11F428165DE9F703C3149ABDDFA51.apk.logcat,False,1565,8,2,2,0.005111821086261981,0.0012682308180088776
17E8BB132C5ABB694191A9B491D433EB9F0380701019B588A1367FD2F235C243,benign2017/17E8BB132C5ABB694191A9B491D433EB9F0380701019B588A1367FD2F235C243.apk.logcat,False,88479,247,7,2,0.0027916228709637314,2.258993618343028e-05
1831A1FD9F9A0BA512AD9A5924699D5C6BCE1A1FFAFA9002F50F7346D0935D3E,benign2017/1831A1FD9F9A0BA512AD9A5924699D5C6BCE1A1FFAFA9002F50F7346D0935D3E.apk.logcat,False,3085,274,8,2,0.08881685575364667,0.0006478781988986071
186994B1B3E8E761D625D2A0923AC474533873E82067AAB724967D8DDF1A887C,benign2017/186994B1B3E8E761D625D2A0923AC474533873E82067AAB724967D8DDF1A887C.apk.logcat,False,4472,28,2,2,0.006261180679785331,0.0004470272686633885
196E8735548E2E816370A541002981DAAECFC4A6D193A2D1A0E64B0F81277ABA,benign2017/196E8735548E2E816370A541002981DAAECFC4A6D193A2D1A0E64B0F81277ABA.apk.logcat,False,678,5,2,2,0.007374631268436578,0.0029411764705882353
1B05BFA946F00B02FB4A32A9AD1FE2A5A24859C0910D50F3B489FA7183C13800,benign2017/1B05BFA946F00B02FB4A32A9AD1FE2A5A24859C0910D50F3B489FA7183C13800.apk.logcat,False,3523,36,5,2,0.01021856372409878,0.0005672149744753262
1C06CB752D57C2BE885DBCFA55EDDC6D5B6C630BA30A93E52B8C689BF59448E9,benign2017/1C06CB752D57C2BE885DBCFA55EDDC6D5B6C630BA30A93E52B8C689BF59448E9.apk.logcat,False,2219,90,6,2,0.040558810274898605,0.000898069151324652
1C9DB8C98D3D53F118ABA07BC4D0DCC0C5C1496A916E8FF0A9C5EC1BC07CF8E3,benign2017/1C9DB8C98D3D53F118ABA07BC4D0DCC0C5C1496A916E8FF0A9C5EC1BC07CF8E3.apk.logcat,False,4732,259,8,2,0.05473372781065089,0.00042149631190727084
1D2595E5E5BF4F2C7724A95E10FA85E8F3A830639B0013EAC82FF425506CF342,benign2017/1D2595E5E5BF4F2C7724A95E10FA85E8F3A830639B0013EAC82FF425506CF342.apk.logcat,False,3790,620,4,2,0.16358839050131926,0.0005274261603375527
1D8E81FF1FDAC23A611BB45D3D86BB2F767A6455AF3996B27AE70E2992802BEB,benign2017/1D8E81FF1FDAC23A611BB45D3D86BB2F767A6455AF3996B27AE70E2992802BEB.apk.logcat,False,1548,185,4,2,0.11950904392764858,0.0011210762331838565
1E0C506AC3621F147D9ADCB294FFCC84787E3E374C40A2C4DE8A533EB29EED83,benign2017/1E0C506AC3621F147D9ADCB294FFCC84787E3E374C40A2C4DE8A533EB29EED83.apk.logcat,False,521,42,4,2,0.08061420345489444,0.003257328990228013
1E846D5E808C23137FA584A1F1CCB454DCB4885EBF9FEF5624C81D055C2A120F,benign2017/1E846D5E808C23137FA584A1F1CCB454DCB4885EBF9FEF5624C81D055C2A120F.apk.logcat,False,2881,64,6,2,0.02221450885109337,0.000690846286701209
1EDF275337690A662E158FD473138F2286B77350061C10373033E06CF69FE4D3,benign2017/1EDF275337690A662E158FD473138F2286B77350061C10373033E06CF69FE4D3.apk.logcat,False,64,0,0,2,0.0,0.030303030303030304
1EF12543CD7D99178BEB0F39088BDEA736AD89B1CE97BE6F7320DDE0E7BBE275,benign2017/1EF12543CD7D99178BEB0F39088BDEA736AD89B1CE97BE6F7320DDE0E7BBE275.apk.logcat,False,78626,726,7,2,0.00923358685422125,2.542362108635133e-05
1F0AAABE7C6264D769809DA30B80224A5472FAC772CFFA17207B75DEC2226539,benign2017/1F0AAABE7C6264D769809DA30B80224A5472FAC772CFFA17207B75DEC2226539.apk.logcat,False,953,9,2,2,0.00944386149003148,0.0020920502092050207
1F7F16C5380CBBEFE680CCE9D48632B050733A80FE11916DDB0AD926D15AD3C6,benign2017/1F7F16C5380CBBEFE680CCE9D48632B050733A80FE11916DDB0AD926D15AD3C6.apk.logcat,False,1381,2,2,2,0.001448225923244026,0.0014461315979754157
1F8CF82C0264B0B48A15E32D68E727ABADA7BB84188EB649C94C5FA235BF2A46,benign2017/1F8CF82C0264B0B48A15E32D68E727ABADA7BB84188EB649C94C5FA235BF2A46.apk.logcat,False,816,13,3,2,0.015931372549019607,0.0024449877750611247
1FFAD1CC79E6F6EC4D4DE60E8FA406EE2C8382DE1C37CF22CD7937709217AC2F,benign2017/1FFAD1CC79E6F6EC4D4DE60E8FA406EE2C8382DE1C37CF22CD7937709217AC2F.apk.logcat,False,1769,89,9,2,0.05031091011871114,0.0011217049915872126
1FFF6C2E499451C6D46A02ABECE2DB3B3D150AE3214E3C454E8B68DD685EDACC,benign2017/1FFF6C2E499451C6D46A02ABECE2DB3B3D150AE3214E3C454E8B68DD685EDACC.apk.logcat,False,8180,277,10,2,0.03386308068459658,0.00024251242876197404
20E0C6FA6725472286DB6224620D6629DCD1B5E50CE1288139F4BEE977231CAE,benign2017/20E0C6FA6725472286DB6224620D6629DCD1B5E50CE1288139F4BEE977231CAE.apk.logcat,False,59180,268,10,2,0.004528556944913822,3.374217603293236e-05
2143208770F38C47C18CC0DA92F9E98D28DF2D348E9FD6F1FF52D9B11B7383DB,benign2017/2143208770F38C47C18CC0DA92F9E98D28DF2D348E9FD6F1FF52D9B11B7383DB.apk.logcat,False,232602,231,2,2,0.000993112698944979,8.598304414369486e-06
21629D33EE893DF910E52D19DE10D00C95A105BED1FAA7D9EBB7D1749A6D0593,benign2017/21629D33EE893DF910E52D19DE10D00C95A105BED1FAA7D9EBB7D1749A6D0593.apk.logcat,False,10540,283,9,2,0.026850094876660343,0.00018731853516905497
221181EAE89966C74D867BAF54D4EEFCEBB8504BC16DB6945F26DE9F1BCE66E1,benign2017/221181EAE89966C74D867BAF54D4EEFCEBB8504BC16DB6945F26DE9F1BCE66E1.apk.logcat,False,402,35,3,2,0.08706467661691543,0.004464285714285714
22E31109576766606B56950C75C1C20A3B1858FFD5D837163A29B044F2948BFD,benign2017/22E31109576766606B56950C75C1C20A3B1858FFD5D837163A29B044F2948BFD.apk.logcat,False,1446,17,8,2,0.011756569847856155,0.0013708019191226869
235EB87FA3AA7B8F3BEB772240BB08DEF67468AAB0A28F35D397DDA3945916F1,benign2017/235EB87FA3AA7B8F3BEB772240BB08DEF67468AAB0A28F35D397DDA3945916F1.apk.logcat,False,32138,614,7,2,0.019105109216503827,6.182953596933255e-05
240118BE528526F98C23A7683469F6737059736F4586553509F4D406BB2FCEE3,benign2017/240118BE528526F98C23A7683469F6737059736F4586553509F4D406BB2FCEE3.apk.logcat,False,2407,70,3,2,0.029081844619858747,0.0008302200083022001
2411DF9614CC639DE813CC8B4197F0D8B82BF179224DFCA3DA8B0666A1039222,benign2017/2411DF9614CC639DE813CC8B4197F0D8B82BF179224DFCA3DA8B0666A1039222.apk.logcat,False,129486,620,8,2,0.004788162426826066,1.5382012274845795e-05
24146672E4A4D54D2BB9863F7E3A39F13443D30B44C6ADFD16B5805D2ECE8431,benign2017/24146672E4A4D54D2BB9863F7E3A39F13443D30B44C6ADFD16B5805D2ECE8431.apk.logcat,False,8178,278,7,2,0.033993641477133775,0.000244140625
242DB9A88440DCDD29DEDC0D64BA54F0B5803ADE5AE98A2FE10C18CE705B35F2,benign2017/242DB9A88440DCDD29DEDC0D64BA54F0B5803ADE5AE98A2FE10C18CE705B35F2.apk.logcat,False,20032,2615,11,2,0.13054113418530353,9.955201592832254e-05
24B707104D7A18D604E132E3179B95AB9EE0C9A9FD2273AF4AEF3ADF21A887CC,benign2017/24B707104D7A18D604E132E3179B95AB9EE0C9A9FD2273AF4AEF3ADF21A887CC.apk.logcat,False,7594,52,2,2,0.006847511193047142,0.0002632964718272775
2504D2DEB7247553B5BDC295E5D3D2BFB1E26F7CB0E065A3892554E05A368BE7,benign2017/2504D2DEB7247553B5BDC295E5D3D2BFB1E26F7CB0E065A3892554E05A368BE7.apk.logcat,False,154590,191,4,2,0.001235526230674688,1.2937280066238874e-05
255A0043511C81395EDC4D35827682CA7F02BC1F65CB9DFFB1240DA9F3547098,benign2017/255A0043511C81395EDC4D35827682CA7F02BC1F65CB9DFFB1240DA9F3547098.apk.logcat,False,2257,25,2,2,0.011076650420912717,0.0008853474988933156
25F4057538B08F536124BBB9F8AF34888D209DC35259F4DF565449F9E7EC1007,benign2017/25F4057538B08F536124BBB9F8AF34888D209DC35259F4DF565449F9E7EC1007.apk.logcat,False,1091,8,2,2,0.007332722273143905,0.0018298261665141812
25F6E54ADFCE190FE7D2F9FF30B97BA41ACF8604398B5EAC0B57AF31B77A8BA9,benign2017/25F6E54ADFCE190FE7D2F9FF30B97BA41ACF8604398B5EAC0B57AF31B77A8BA9.apk.logcat,False,7667,56,2,2,0.007304030259553933,0.0002607901942886947
261843960025D9E11D480AF077FDB43768BABCB69E75B13C7FEECDDEBEB9F8AD,benign2017/261843960025D9E11D480AF077FDB43768BABCB69E75B13C7FEECDDEBEB9F8AD.apk.logcat,False,764,5,2,2,0.006544502617801047,0.0026109660574412533
262AD62DAFDEEE13C725A5DDCCC5B94F7591EEA79E3E21D8E8144891A7929A3A,benign2017/262AD62DAFDEEE13C725A5DDCCC5B94F7591EEA79E3E21D8E8144891A7929A3A.apk.logcat,True,0,0,0,2,0.0,1.0
26AB07B5862EAEEA40FA15B219895AFE053ACF3E11593D29F4D70BDE37A923D0,benign2017/26AB07B5862EAEEA40FA15B219895AFE053ACF3E11593D29F4D70BDE37A923D0.apk.logcat,False,104895,693,8,2,0.006606606606606606,1.903909678524851e-05
26FAA899B93F846B26FBE1461A2D29806AF13B7D5F8AD6AEC608FC2EC78C666A,benign2017/26FAA899B93F846B26FBE1461A2D29806AF13B7D5F8AD6AEC608FC2EC78C666A.apk.logcat,False,148299,52,3,2,0.0003506429578082118,1.348308546927879e-05
2728F398F72E14046CB0A1C03AC9905E8698D30F3502E954C996C5C1ACFD4453,benign2017/2728F398F72E14046CB0A1C03AC9905E8698D30F3502E954C996C5C1ACFD4453.apk.logcat,False,1556,27,2,2,0.017352185089974295,0.0012746972594008922
27448A23083D96A49286338E610479892E64B44D3A356BB8DDF9BC73BFF36E45,benign2017/27448A23083D96A49286338E610479892E64B44D3A356BB8DDF9BC73BFF36E45.apk.logcat,False,942150,1492,7,2,0.0015836119513877832,2.1227997180921973e-06
2754175D62D6BBD2D27C2357D8DCCF9D6720992F6C251CA0E20554B3570620AF,benign2017/2754175D62D6BBD2D27C2357D8DCCF9D6720992F6C251CA0E20554B3570620AF.apk.logcat,False,1934,20,2,2,0.010341261633919338,0.0010330578512396695
2820003C7277E1FFF27ADBD3B392D5655E960F33A7C265857637548F65ED63FC,benign2017/2820003C7277E1FFF27ADBD3B392D5655E960F33A7C265857637548F65ED63FC.apk.logcat,False,252178,0,0,2,0.0,7.930843048616067e-06
28A8141DA07C778D9DF85DA38DE1E16CD8B3F02BA5DA5740B86174092958045F,benign2017/28A8141DA07C778D9DF85DA38DE1E16CD8B3F02BA5DA5740B86174092958045F.apk.logcat,False,20925,812,8,2,0.038805256869773,9.531525520659581e-05
296C3DA89192BD61F48C44D16FA27D2121E98D1CC2790E4458362FD0904DDF10,benign2017/296C3DA89192BD61F48C44D16FA27D2121E98D1CC2790E4458362FD0904DDF10.apk.logcat,False,4879,173,8,2,0.035458085673293706,0.0004092490280335584
2A01243FA99687B79207142133B6D7D9D0138FF9D45B31AF832202DC5778FEAD,benign2017/2A01243FA99687B79207142133B6D7D9D0138FF9D45B31AF832202DC5778FEAD.apk.logcat,False,638,44,4,2,0.06896551724137931,0.0028011204481792717
2A025C2D9F10365F3DDDC3891C774F3BAA4E2ABD5ADE5EC99D9DE7DCEB5E7B72,benign2017/2A025C2D9F10365F3DDDC3891C774F3BAA4E2ABD5ADE5EC99D9DE7DCEB5E7B72.apk.logcat,False,14154,6799,8,2,0.48035890914229196,0.00014060742407199101
2D3A6493607558A206FB01D56E025BE25554FECB85CAA0D8A3C6480604289686,benign2017/2D3A6493607558A206FB01D56E025BE25554FECB85CAA0D8A3C6480604289686.apk.logcat,False,33,1,1,2,0.030303030303030304,0.043478260869565216
2D45FBF1651647B7BBFF26A126798F8C3642121D34B362BB6C369EA02DF7CAC3,benign2017/2D45FBF1651647B7BBFF26A126798F8C3642121D34B362BB6C369EA02DF7CAC3.apk.logcat,False,13339,886,8,2,0.06642177074743234,0.0001495774437214868
2E05A271D29752B798E02020BBA0C89DC80039271C360C46559A1EC68C270E0D,benign2017/2E05A271D29752B798E02020BBA0C89DC80039271C360C46559A1EC68C270E0D.apk.logcat,False,1150,0,0,2,0.0,0.001736111111111111
2E3255841CDFA8587D68F54D15D0CD305BAF6D41F1A26759685D7B6F07EBBCDD,benign2017/2E3255841CDFA8587D68F54D15D0CD305BAF6D41F1A26759685D7B6F07EBBCDD.apk.logcat,False,12371,77,8,2,0.006224234095869372,0.0001610695014898929
2E3FE1CCCD381D0E2EB22F09423C13E546926E3BCF88B7468FCBBCBE4A6C7785,benign2017/2E3FE1CCCD381D0E2EB22F09423C13E546926E3BCF88B7468FCBBCBE4A6C7785.apk.logcat,False,450,45,3,2,0.1,0.004395604395604396
2F557E38BE4B055110AD33D570DBAADD14296DB64025F83C6507206C38F1C095,benign2017/2F557E38BE4B055110AD33D570DBAADD14296DB64025F83C6507206C38F1C095.apk.logcat,False,118,13,2,2,0.11016949152542373,0.013793103448275862
309143F1F0F6F0B38951C3CE3D51865963F95C85B3877BE422F0E8703DE70EC2,benign2017/309143F1F0F6F0B38951C3CE3D51865963F95C85B3877BE422F0E8703DE70EC2.apk.logcat,False,95951,207,6,2,0.0021573511479817823,2.0816203332674152e-05
30D6BFC8E15B222393679E3CAFF535DB885AABF04A58BD90E874795CA53DA341,benign2017/30D6BFC8E15B222393679E3CAFF535DB885AABF04A58BD90E874795CA53DA341.apk.logcat,False,5065,58,3,2,0.011451135241855873,0.00039471087428458656
31319594D965D8D97CA35132E16492A9ECE2411870F656B05F04FB49D88FF81D,benign2017/31319594D965D8D97CA35132E16492A9ECE2411870F656B05F04FB49D88FF81D.apk.logcat,False,1208,12,4,2,0.009933774834437087,0.001652892561983471
31C527CEABF4FB7A90FB424490EF6DDD864A570BCCE1C481657BA6F0B053C35E,benign2017/31C527CEABF4FB7A90FB424490EF6DDD864A570BCCE1C481657BA6F0B053C35E.apk.logcat,False,138262,690,6,2,0.004990525234699339,1.4418571119602047e-05
32034F15AE811DE25502E86753722AF5FD43AD08FD669D578403A0CCA7E824EB,benign2017/32034F15AE811DE25502E86753722AF5FD43AD08FD669D578403A0CCA7E824EB.apk.logcat,False,5629,96,6,2,0.017054538994492805,0.0003527336860670194
329729931D12CB3E34603707A159FEED2BE8EBC6C469F595D71E0A286A4D0BCC,benign2017/329729931D12CB3E34603707A159FEED2BE8EBC6C469F595D71E0A286A4D0BCC.apk.logcat,False,3082,33,5,2,0.010707332900713823,0.0006480881399870382
33CF86CF374A890DFD42698E11E36392562AE0A147D030086278CA1CC2D9606E,benign2017/33CF86CF374A890DFD42698E11E36392562AE0A147D030086278CA1CC2D9606E.apk.logcat,False,992,90,5,2,0.0907258064516129,0.0017452006980802793
34AB18D735E71C9907C11AFD6687D1CCB22621A3F2A1A50B11028FE425495854,benign2017/34AB18D735E71C9907C11AFD6687D1CCB22621A3F2A1A50B11028FE425495854.apk.logcat,False,4472,517,5,2,0.115608228980322,0.00043821209465381246
34B2439A96E93CC491378CB2CE87F34080BA6E30B1394DBD230529615F5E24B2,benign2017/34B2439A96E93CC491378CB2CE87F34080BA6E30B1394DBD230529615F5E24B2.apk.logcat,False,606,24,2,2,0.039603960396039604,0.0028694404591104736
34C75264329F18276CE82D1B4A859A609EBF62388E53629585E1AF6028D7F21F,benign2017/34C75264329F18276CE82D1B4A859A609EBF62388E53629585E1AF6028D7F21F.apk.logcat,False,360,10,1,2,0.027777777777777776,0.004750593824228029
34ECA4129C6757B8569DB68E8041B0C3505D70CFD4D6810521DD8F524A508071,benign2017/34ECA4129C6757B8569DB68E8041B0C3505D70CFD4D6810521DD8F524A508071.apk.logcat,False,93405,414,6,2,0.004432310904127188,2.1364554068345208e-05
34ED4115B2460C83B26AF01CCE0AC1D46CBC2DEFBAE1236DC3F12B294DCD8A4D,benign2017/34ED4115B2460C83B26AF01CCE0AC1D46CBC2DEFBAE1236DC3F12B294DCD8A4D.apk.logcat,False,15836,776,7,2,0.049002273301338724,0.0001259287243420224
35B586A648131CE37E3628B2165701B62BC36467CFEEA703F4C760AF855714B6,benign2017/35B586A648131CE37E3628B2165701B62BC36467CFEEA703F4C760AF855714B6.apk.logcat,False,5693,73,4,2,0.012822764798875813,0.0003511852502194908
35D3421206FD09E61993BB6D66FD709C2C145B6D1CD445A2E4B87BF61296BC49,benign2017/35D3421206FD09E61993BB6D66FD709C2C145B6D1CD445A2E4B87BF61296BC49.apk.logcat,False,566,18,3,2,0.03180212014134275,0.002717391304347826
36934EAB5042451C7CC99D423B3E0073E19AD14093AAA818F69C8580CB87A1EE,benign2017/36934EAB5042451C7CC99D423B3E0073E19AD14093AAA818F69C8580CB87A1EE.apk.logcat,False,15743,481,6,2,0.0305532617671346,0.00012608750472828143
36B2216C183DCDB79D5E07528749066972B93E77EC91AF767DBEB32DD051B30C,benign2017/36B2216C183DCDB79D5E07528749066972B93E77EC91AF767DBEB32DD051B30C.apk.logcat,False,1605,182,4,2,0.1133956386292835,0.001243008079552517
371594CC83B1237C1E7C0B21E2BB92B86CE17E3EABA284B8D5256D24A3962A69,benign2017/371594CC83B1237C1E7C0B21E2BB92B86CE17E3EABA284B8D5256D24A3962A69.apk.logcat,False,314,48,2,2,0.15286624203821655,0.006329113924050633
3760C1A43EE3FD627BBD55C8E65A235E57EB060CF8078BE8401A18651251B779,benign2017/3760C1A43EE3FD627BBD55C8E65A235E57EB060CF8078BE8401A18651251B779.apk.logcat,False,22082,64,4,2,0.0028982881985327416,8.998875140607424e-05
37E81E38C7C625E050E43E34F210B21DDF3539C25C229A1EF5E181CBA439230C,benign2017/37E81E38C7C625E050E43E34F210B21DDF3539C25C229A1EF5E181CBA439230C.apk.logcat,False,73522,1009,11,2,0.013723783357362422,2.7107249833968095e-05
38162675353E5DE4A275C845158BC2F6E423768903386EE6D253F281D55D966B,benign2017/38162675353E5DE4A275C845158BC2F6E423768903386EE6D253F281D55D966B.apk.logcat,False,7577,1184,7,2,0.15626237297083279,0.00026229508196721314
3839056837786EDE7C5C67CD27E37BF4C5319EA98B08D884AE96ED5A1C87C500,benign2017/3839056837786EDE7C5C67CD27E37BF4C5319EA98B08D884AE96ED5A1C87C500.apk.logcat,False,1058,152,4,2,0.14366729678638943,0.0018867924528301887
3892D87A41ADCD1B2683439157C11B1BE07AE83B95432693A2C98D85924C8EC4,benign2017/3892D87A41ADCD1B2683439157C11B1BE07AE83B95432693A2C98D85924C8EC4.apk.logcat,False,3849,51,6,2,0.013250194855806703,0.0005192107995846313
391209BE34CF6A7989405CA3DA93ABB63008B0566007AD8E3C0B5717847B7063,benign2017/391209BE34CF6A7989405CA3DA93ABB63008B0566007AD8E3C0B5717847B7063.apk.logcat,False,1012,105,4,2,0.10375494071146245,0.00196078431372549
39FF9AFC9F69BBFEAAEB4669D311435DDC88BE7A7C51F1D7BF6BAFED0C10CAB2,benign2017/39FF9AFC9F69BBFEAAEB4669D311435DDC88BE7A7C51F1D7BF6BAFED0C10CAB2.apk.logcat,False,5735,79,4,2,0.013775065387968613,0.00034674063800277393
3A5D58B8142C32E5CEFE7B71B705F19B8ED0019D7E9690D68C9A63D2E9EBAE38,benign2017/3A5D58B8142C32E5CEFE7B71B705F19B8ED0019D7E9690D68C9A63D2E9EBAE38.apk.logcat,False,2016,128,5,2,0.06349206349206349,0.0009541984732824427
3B06B32926E815DD21F80F94606B8AD6E928A215681E648343F3A2FE560414D8,benign2017/3B06B32926E815DD21F80F94606B8AD6E928A215681E648343F3A2FE560414D8.apk.logcat,False,342,53,3,2,0.15497076023391812,0.005154639175257732
3BCA0AEE1742FC9FF8C68F5673C5498AA02510980BDD03C2CDB21A543A3EDABB,benign2017/3BCA0AEE1742FC9FF8C68F5673C5498AA02510980BDD03C2CDB21A543A3EDABB.apk.logcat,False,13133,1716,6,2,0.13066321480240614,0.00015226494099733535
3BD36270537E79145098B338462E8578D7A3615D8811E5630DFC53D4A13FA824,benign2017/3BD36270537E79145098B338462E8578D7A3615D8811E5630DFC53D4A13FA824.apk.logcat,False,258856,2188,9,2,0.008452575949562691,7.726154190859188e-06
3CCA374356A669CC07575D2065C7809D3F171D31FB939FCED3A077725492CF68,benign2017/3CCA374356A669CC07575D2065C7809D3F171D31FB939FCED3A077725492CF68.apk.logcat,False,918,50,4,2,0.054466230936819175,0.002173913043478261
3DE645A5B2EB1383DF232EC1A8F0A3FA29654B8EBCBF3D71C605A2407FE8E7A5,benign2017/3DE645A5B2EB1383DF232EC1A8F0A3FA29654B8EBCBF3D71C605A2407FE8E7A5.apk.logcat,False,27443,279,6,2,0.010166526983201545,7.225955632632416e-05
3E019D523A296594E8D2388C84029339259842DA518BEE498D339ECFA7AB3E5B,benign2017/3E019D523A296594E8D2388C84029339259842DA518BEE498D339ECFA7AB3E5B.apk.logcat,False,11350,471,4,2,0.041497797356828195,0.00017514668534897976
3ED651D5C53BBE4BCCCDCFBEE5B775F990994ED1D994F0044E5E1BDDA3A7C447,benign2017/3ED651D5C53BBE4BCCCDCFBEE5B775F990994ED1D994F0044E5E1BDDA3A7C447.apk.logcat,False,29850,611,7,2,0.020469011725293133,6.66289102841723e-05
3EFBA74AA0821E1CD486297B1C0063D9ABB0AC0F437A0B96320C41805FA863B2,benign2017/3EFBA74AA0821E1CD486297B1C0063D9ABB0AC0F437A0B96320C41805FA863B2.apk.logcat,False,18287,410,10,2,0.022420298572756604,0.00010913456291607552
3F571453B4529E4DC644E325C98498738577E610294D0801DE27BF5873ED13F2,benign2017/3F571453B4529E4DC644E325C98498738577E610294D0801DE27BF5873ED13F2.apk.logcat,False,28796,357,6,2,0.012397555216002222,6.944926731022988e-05
408F720C0DF6E143D9A15D613F4AA17898F470DDD568AC6B801CD0F695C918B2,benign2017/408F720C0DF6E143D9A15D613F4AA17898F470DDD568AC6B801CD0F695C918B2.apk.logcat,False,17012,288,8,2,0.01692922642840348,0.0001169248757673195
417FE6F4CA98FB96A13664B5CABE20C8848CD034691CAF70179977F381591F07,benign2017/417FE6F4CA98FB96A13664B5CABE20C8848CD034691CAF70179977F381591F07.apk.logcat,False,27279,40,6,2,0.0014663294109021592,7.32493407559332e-05
4203C7D7B120CE80168C1D86BCFDE4393535B7741D68F88C06DAEA696BCA46E1,benign2017/4203C7D7B120CE80168C1D86BCFDE4393535B7741D68F88C06DAEA696BCA46E1.apk.logcat,False,410,38,4,2,0.09268292682926829,0.004842615012106538
42647DA4CFE53F746EC9CB080C31DDB65AF5C6D9A94760B37015AAC05A64D4E4,benign2017/42647DA4CFE53F746EC9CB080C31DDB65AF5C6D9A94760B37015AAC05A64D4E4.apk.logcat,False,77082,996,7,2,0.012921304584727952,2.5746652935118435e-05
427E47E2CE733197E5FF4F5385D157D537CA8ACACB0BE903D5B6780E1E21A126,benign2017/427E47E2CE733197E5FF4F5385D157D537CA8ACACB0BE903D5B6780E1E21A126.apk.logcat,False,44841,1395,8,2,0.03110992172342276,4.4152059693584704e-05
42B10DB52A4A9821F66E4DAABD8104609F03291370639E5F237AB37110FBFC2D,benign2017/42B10DB52A4A9821F66E4DAABD8104609F03291370639E5F237AB37110FBFC2D.apk.logcat,False,2530,179,6,2,0.07075098814229248,0.0007827788649706458
4345AD1918C506F3C2CFAE6165F0B1DB11D853BBA2EE379D51487A51B8BDE217,benign2017/4345AD1918C506F3C2CFAE6165F0B1DB11D853BBA2EE379D51487A51B8BDE217.apk.logcat,False,21031,1264,8,2,0.060101754552803005,9.480020856045883e-05
43CF2096FCFC0D60D3C93B18CBB63BBB34392BF409BFE07634A2E392DF1685DD,benign2017/43CF2096FCFC0D60D3C93B18CBB63BBB34392BF409BFE07634A2E392DF1685DD.apk.logcat,False,6919,121,7,2,0.017488076311605722,0.000286820593718629
44D5C35ACB946EC086F6626138DEC427B3AAE54E2B61DC442CC45726FC988D20,benign2017/44D5C35ACB946EC086F6626138DEC427B3AAE54E2B61DC442CC45726FC988D20.apk.logcat,False,88239,1806,11,2,0.020467140380104037,2.250149072376045e-05
45EB3BFC04CBB0B74EAF02A91D8656879F4CC49B81DA70EA5C3D6F8B98D918B4,benign2017/45EB3BFC04CBB0B74EAF02A91D8656879F4CC49B81DA70EA5C3D6F8B98D918B4.apk.logcat,False,1487,26,4,2,0.017484868863483525,0.0012987012987012987
4685289644B623228504FFDA4AE8B1B577C0BC8C5C16EEA4DAC1C0F3EDF081D2,benign2017/4685289644B623228504FFDA4AE8B1B577C0BC8C5C16EEA4DAC1C0F3EDF081D2.apk.logcat,False,767,62,4,2,0.08083441981747067,0.002564102564102564
46A13383586677F4D8964A3ED939C3B36774A683E54A509F108116CEDCB4B55F,benign2017/46A13383586677F4D8964A3ED939C3B36774A683E54A509F108116CEDCB4B55F.apk.logcat,False,2130,72,4,2,0.03380281690140845,0.0009380863039399625
46FD68018EF9E81031E3B775BE7284D87755EAC2E4A3C875D3C693FF93CBC3D0,benign2017/46FD68018EF9E81031E3B775BE7284D87755EAC2E4A3C875D3C693FF93CBC3D0.apk.logcat,False,11328,694,5,2,0.06126412429378531,0.00017600985655196692
4742FF195AF7D6FA15BA38D4FDB44E48F5F321BD079D05FC410BAF9751FDA03D,benign2017/4742FF195AF7D6FA15BA38D4FDB44E48F5F321BD079D05FC410BAF9751FDA03D.apk.logcat,False,8942,216,4,2,0.02415566987251174,0.00022361359570661896
47A4127ED46323CE14335D9FDC3B8FC36115E794A595E029C6DC34F32D6D8247,benign2017/47A4127ED46323CE14335D9FDC3B8FC36115E794A595E029C6DC34F32D6D8247.apk.logcat,False,45611,1008,9,2,0.02209993203393918,4.35777317790609e-05
47DE3A604557E1A5A389D03A6E422D1D0E6E30A8CFD33378E0F9A53691BA0084,benign2017/47DE3A604557E1A5A389D03A6E422D1D0E6E30A8CFD33378E0F9A53691BA0084.apk.logcat,False,5481,678,8,2,0.12370005473453749,0.0003624501631025734
48286829F28AD3DCD397A498C4A8F002E0C84D97BA010F5DC55189DD199B19F4,benign2017/48286829F28AD3DCD397A498C4A8F002E0C84D97BA010F5DC55189DD199B19F4.apk.logcat,False,929,131,5,2,0.14101184068891282,0.0021482277121374865
485A76D5998F8848422B0E11D30EAAB63CA26A86C52E7B34749AF2D26FF6C52A,benign2017/485A76D5998F8848422B0E11D30EAAB63CA26A86C52E7B34749AF2D26FF6C52A.apk.logcat,False,36,36,1,2,1.0,0.00425531914893617
4863469C395580361BBE6826AB694D823C4F85B419E6A28D9408250303C0AB37,benign2017/4863469C395580361BBE6826AB694D823C4F85B419E6A28D9408250303C0AB37.apk.logcat,False,14,14,1,2,1.0,0.010869565217391304
48B923F9DFF500FA117B775B9776F40DECAFDFAE383CB2BE5B3F7971E257D303,benign2017/48B923F9DFF500FA117B775B9776F40DECAFDFAE383CB2BE5B3F7971E257D303.apk.logcat,False,12,12,1,2,1.0,0.012658227848101266
49566BF3D95270EB9A416DCE003D4C817EBE700FD69D9B14845B867DEDABEDF8,benign2017/49566BF3D95270EB9A416DCE003D4C817EBE700FD69D9B14845B867DEDABEDF8.apk.logcat,False,10,10,1,2,1.0,0.015151515151515152
4A1BCBC7B98BEFAAF5A3AE54CD69DFAF34FD897BE062386EDDBA024016CA628A,benign2017/4A1BCBC7B98BEFAAF5A3AE54CD69DFAF34FD897BE062386EDDBA024016CA628A.apk.logcat,False,8,8,1,2,1.0,0.018867924528301886
4AA4C580F38D51FDC6C06D8D3F62515CAD5E92B954D35323F128BEA90ADDF010,benign2017/4AA4C580F38D51FDC6C06D8D3F62515CAD5E92B954D35323F128BEA90ADDF010.apk.logcat,False,8,8,1,2,1.0,0.018867924528301886
4B3997E9362F2F0A1B4629658E4F7811CF3E368A9C1F99191E7F1104CDD60317,benign2017/4B3997E9362F2F0A1B4629658E4F7811CF3E368A9C1F99191E7F1104CDD60317.apk.logcat,False,4,4,1,2,1.0,0.037037037037037035
4BC3D75FBA151D7FA7F7F987542C336983C7C32D17C0AF543F30ECBD3F8432BF,benign2017/4BC3D75FBA151D7FA7F7F987542C336983C7C32D17C0AF543F30ECBD3F8432BF.apk.logcat,False,2,2,1,2,1.0,0.07142857142857142
4C781D0011CF1FA9A21BB16A55FACC7356B42D2C9F416760FECF09B316ED24B7,benign2017/4C781D0011CF1FA9A21BB16A55FACC7356B42D2C9F416760FECF09B316ED24B7.apk.logcat,False,64228,632,6,2,0.00983994519524195,3.112356053532524e-05
4C8920EA2281D5FD89539889A709AC1E4BFFC7867F0118C649B71353B3C12B08,benign2017/4C8920EA2281D5FD89539889A709AC1E4BFFC7867F0118C649B71353B3C12B08.apk.logcat,False,83355,1882,8,2,0.022578129686281565,2.3848419446001216e-05
4CBFB3E2B2AA822F1FE564815EA707E625D5A33B04629A2D1110CDFAE652B865,benign2017/4CBFB3E2B2AA822F1FE564815EA707E625D5A33B04629A2D1110CDFAE652B865.apk.logcat,False,1246,19,4,2,0.015248796147672551,0.001567398119122257
4D0BBEE7301FF964C45152084B4175BFB1C3FB5F8107596582075AF510BB908B,benign2017/4D0BBEE7301FF964C45152084B4175BFB1C3FB5F8107596582075AF510BB908B.apk.logcat,False,4408,118,6,2,0.02676950998185118,0.00045248868778280545
4D6C6F90597CBECA88ABC47364DE2FDBD592697C2AD5A46337B6349E9AADF648,benign2017/4D6C6F90597CBECA88ABC47364DE2FDBD592697C2AD5A46337B6349E9AADF648.apk.logcat,False,48753,785,7,2,0.016101573236518778,4.100125053814141e-05
4D93F0854DE5C5A6EBA9FE46661A24FE207419B2A529027F4D34A24F8345356D,benign2017/4D93F0854DE5C5A6EBA9FE46661A24FE207419B2A529027F4D34A24F8345356D.apk.logcat,False,5100,81,3,2,0.01588235294117647,0.0003920031360250882
4E175FD7A471FDD8B1F9254E4EAFA32CC88BFC164E1096DD720FE2142049B4DE,benign2017/4E175FD7A471FDD8B1F9254E4EAFA32CC88BFC164E1096DD720FE2142049B4DE.apk.logcat,False,745,12,1,2,0.016107382550335572,0.002677376171352075
4E4E245AC1DAAF055D4ABE1EA92E842D57EE71889BB08F6C59E24B1D358A51BA,benign2017/4E4E245AC1DAAF055D4ABE1EA92E842D57EE71889BB08F6C59E24B1D358A51BA.apk.logcat,False,3215,142,2,2,0.04416796267496112,0.0005505092210294523
4E7AF920306DD165972A90AEBCF59DDBF9B7374109C276BDCABF85CD8DA71ED5,benign2017/4E7AF920306DD165972A90AEBCF59DDBF9B7374109C276BDCABF85CD8DA71ED5.apk.logcat,False,285,15,1,2,0.05263157894736842,0.005970149253731343
4EF5DC4250D45D3D9A606C3783ABC069730BF72D1430582F151ED2527F4D2590,benign2017/4EF5DC4250D45D3D9A606C3783ABC069730BF72D1430582F151ED2527F4D2590.apk.logcat,True,0,0,0,2,0.0,1.0
4F5FF9FC837ED3B433BA5AAD60138DB3929746200B01D96017536A158843EBD3,benign2017/4F5FF9FC837ED3B433BA5AAD60138DB3929746200B01D96017536A158843EBD3.apk.logcat,False,882,101,3,2,0.1145124716553288,0.001728608470181504
4F802185A14120BD953A34935A83A995BA4A702EFD52B9D42330F9CE79E5D485,benign2017/4F802185A14120BD953A34935A83A995BA4A702EFD52B9D42330F9CE79E5D485.apk.logcat,False,60335,180,6,2,0.002983343001574542,3.2976636053356195e-05
4FFF2431DA83D454977303261E5B96E042D4F9225AF6023ABCF601143F0FDAFB,benign2017/4FFF2431DA83D454977303261E5B96E042D4F9225AF6023ABCF601143F0FDAFB.apk.logcat,False,77075,1146,9,2,0.01486863444696724,2.5894995792063184e-05
50EE797DC7D000280682F194B9271C26F572C1D0113FDC06470007C94AAA0C70,benign2017/50EE797DC7D000280682F194B9271C26F572C1D0113FDC06470007C94AAA0C70.apk.logcat,False,948,5,2,2,0.005274261603375527,0.002098635886673662
512C9F1C03D55C6306518DA26E3FBF9A9C48CA8EE4581EE196D317799BA69B09,benign2017/512C9F1C03D55C6306518DA26E3FBF9A9C48CA8EE4581EE196D317799BA69B09.apk.logcat,False,2805,109,3,2,0.03885918003565062,0.0006357279084551812
5185323B7AF46F228CBF249CB34AA1E3E885EDBC27F86266BC4239E0FC00E990,benign2017/5185323B7AF46F228CBF249CB34AA1E3E885EDBC27F86266BC4239E0FC00E990.apk.logcat,False,190,10,1,2,0.05263157894736842,0.008928571428571428
51CF65DCB487C234D1647C04BCEB12C6F258C557DF5ACA75BAAA982C1D71201C,benign2017/51CF65DCB487C234D1647C04BCEB12C6F258C557DF5ACA75BAAA982C1D71201C.apk.logcat,False,3341,65,2,2,0.019455252918287938,0.0005982650314089142
5253625B7AC0227E73FDC5EFE8A58564F98940ACFE5FD502D9B80BA074C7CF89,benign2017/5253625B7AC0227E73FDC5EFE8A58564F98940ACFE5FD502D9B80BA074C7CF89.apk.logcat,False,559,10,2,2,0.017889087656529516,0.0035650623885918
52B1DBFEBF6D675CE05B08A4014342856F2AD5D67380EF68306D46BFBB1412C8,benign2017/52B1DBFEBF6D675CE05B08A4014342856F2AD5D67380EF68306D46BFBB1412C8.apk.logcat,False,15862,70,5,2,0.00441306266548985,0.00012484394506866417
52BA12CDBEC155C1F5611A8443EE5C79840903FE2C088D7BDDEE52D1BC943331,benign2017/52BA12CDBEC155C1F5611A8443EE5C79840903FE2C088D7BDDEE52D1BC943331.apk.logcat,False,1080,5,4,2,0.004629629629629629,0.0018264840182648401
52C8D060ED81891E12D6343FE864637BE50AD6BC16AB33AE36B4299536FD17B4,benign2017/52C8D060ED81891E12D6343FE864637BE50AD6BC16AB33AE36B4299536FD17B4.apk.logcat,False,20,0,0,2,0.0,0.09090909090909091
53EA66D160E9E52024FBC48B9AF6E33AD31DB08A392C2AAD2F1F089CD5B61B72,benign2017/53EA66D160E9E52024FBC48B9AF6E33AD31DB08A392C2AAD2F1F089CD5B61B72.apk.logcat,False,13385,100,2,2,0.007471049682480389,0.00014939867035183388
540C19F00B2E839BAF182B869881E46BEAAF5C238B04170A91B420FE37CB28B5,benign2017/540C19F00B2E839BAF182B869881E46BEAAF5C238B04170A91B420FE37CB28B5.apk.logcat,False,2322,48,4,2,0.020671834625323,0.0008605851979345956
54691D7DF0175471687B96CC135B8A1ABC86429CD08D85BA4FA10715AA8056D6,benign2017/54691D7DF0175471687B96CC135B8A1ABC86429CD08D85BA4FA10715AA8056D6.apk.logcat,False,173,5,2,2,0.028901734104046242,0.011428571428571429
555F7144920DD27F56D58888DE678A3541B8C3E7F4035646BAFFEB679369DB83,benign2017/555F7144920DD27F56D58888DE678A3541B8C3E7F4035646BAFFEB679369DB83.apk.logcat,False,163248,24735,11,2,0.15151793590120552,1.2241775057383321e-05
55DE171F7606D0379780E1B504961B693104C97206DBA539E46CA0C5C727CB79,benign2017/55DE171F7606D0379780E1B504961B693104C97206DBA539E46CA0C5C727CB79.apk.logcat,False,29793,3567,6,2,0.11972611016010472,6.712535660345696e-05
55FA1C3E9E7D7E1A243A62552795DDF15A2BD4C685B4BC212054924A373685E6,benign2017/55FA1C3E9E7D7E1A243A62552795DDF15A2BD4C685B4BC212054924A373685E6.apk.logcat,False,790,92,2,2,0.11645569620253164,0.0025252525252525255
5684BC9E9068E2E4B415F71E2A8ED39BAC365C2F3D1DD6258CF954E75999FC37,benign2017/5684BC9E9068E2E4B415F71E2A8ED39BAC365C2F3D1DD6258CF954E75999FC37.apk.logcat,False,51116,1836,6,2,0.03591830346662493,3.9049534334303066e-05
572B4C8641F3EE094B4990D38BE98CCC17D4A70986908D69B206BD01B96F683D,benign2017/572B4C8641F3EE094B4990D38BE98CCC17D4A70986908D69B206BD01B96F683D.apk.logcat,False,1048,18,3,2,0.01717557251908397,0.0019047619047619048
57DA2C47F7CE3BCDB2EFC358027CC7B73F8FDA80CB0C325EF415AB044FE56AC0,benign2017/57DA2C47F7CE3BCDB2EFC358027CC7B73F8FDA80CB0C325EF415AB044FE56AC0.apk.logcat,False,175178,518,6,2,0.002956992316386761,1.141585090898713e-05
58137BDB7BBACCC7B9C34C228256F644254B69B8C50BD60EAB0128813C6CE6D6,benign2017/58137BDB7BBACCC7B9C34C228256F644254B69B8C50BD60EAB0128813C6CE6D6.apk.logcat,False,49678,1337,9,2,0.02691332179234269,3.9931318132811565e-05
5837CC04E542F40721D2EA546135CE94DE2C7EBA8DBF0AC6C59A141A60CB2F21,benign2017/5837CC04E542F40721D2EA546135CE94DE2C7EBA8DBF0AC6C59A141A60CB2F21.apk.logcat,False,439,23,7,2,0.05239179954441914,0.0045351473922902496
58D6E596F93AA72FCEE0EC4D65FAA027F58B380E2C5333D6B34776242530059E,benign2017/58D6E596F93AA72FCEE0EC4D65FAA027F58B380E2C5333D6B34776242530059E.apk.logcat,False,13980,140,5,2,0.010014306151645207,0.00014304105278214847
5903316047EE65C003D0A6F73887D274C399110F1FE072AD6C7235CFA243B4F3,benign2017/5903316047EE65C003D0A6F73887D274C399110F1FE072AD6C7235CFA243B4F3.apk.logcat,False,936,9,3,2,0.009615384615384616,0.0021321961620469083
59E66C2984D73B8E5B891EF5BDD74560996EC87B5E55CFCB76405B296B243EBD,benign2017/59E66C2984D73B8E5B891EF5BDD74560996EC87B5E55CFCB76405B296B243EBD.apk.logcat,False,29827,3865,7,2,0.1295805813524659,6.704884508364343e-05
59EFE51A4E979CB751663DA6F0B03AE8FA49390149150D3DDC907BDF9A43D653,benign2017/59EFE51A4E979CB751663DA6F0B03AE8FA49390149150D3DDC907BDF9A43D653.apk.logcat,False,1236,157,7,2,0.12702265372168284,0.0016155088852988692
5A8F65DF0AAD4017BA70B605348B2560E4AA0CD7FA7F686EC3CA7E91C9158F37,benign2017/5A8F65DF0AAD4017BA70B605348B2560E4AA0CD7FA7F686EC3CA7E91C9158F37.apk.logcat,False,289803,1016,8,2,0.0035058298223275813,6.8836152747422945e-06
5AD260CBEA2DD63EF6BEC749FC6DFA79827BA2441932534E0FC3026272B3BE77,benign2017/5AD260CBEA2DD63EF6BEC749FC6DFA79827BA2441932534E0FC3026272B3BE77.apk.logcat,False,1004,3,2,2,0.00298804780876494,0.0019860973187686196
5B20BF7FCE4AF8C5D0153EBC0138A1DB12C41D974004C1B07A55131E0F1F63C5,benign2017/5B20BF7FCE4AF8C5D0153EBC0138A1DB12C41D974004C1B07A55131E0F1F63C5.apk.logcat,False,13136,1477,8,2,0.11243909866017053,0.00015082956259426848
5B3500312DE28244B0E1FC8145619F98C57D0BD1F7478A97715537118AC7B6DD,benign2017/5B3500312DE28244B0E1FC8145619F98C57D0BD1F7478A97715537118AC7B6DD.apk.logcat,False,1043,57,4,2,0.05465004793863854,0.001893939393939394
5BDFE0555E9455533836FB55AD0E36C17EDE9E90761BCA3D2C0830DE3635BFB3,benign2017/5BDFE0555E9455533836FB55AD0E36C17EDE9E90761BCA3D2C0830DE3635BFB3.apk.logcat,False,51359,2995,8,2,0.058314998344983354,3.8779229844495286e-05
5C74714BA9C986BC6B06FF20BAA0B50135E558DA4C3B811D76D82B505BDE893A,benign2017/5C74714BA9C986BC6B06FF20BAA0B50135E558DA4C3B811D76D82B505BDE893A.apk.logcat,False,1031,45,3,2,0.04364694471387003,0.001936108422071636
5CEACA019556AE5AD01D8F220EB3CC5290147B21D7B359801F4A74CE61AD04D5,benign2017/5CEACA019556AE5AD01D8F220EB3CC5290147B21D7B359801F4A74CE61AD04D5.apk.logcat,False,32010,1579,9,2,0.0493283348953452,6.200781298443604e-05
5D9372C76C8CAE1BE934662CD972263D83A1D309590C4C9475AF583228908A00,benign2017/5D9372C76C8CAE1BE934662CD972263D83A1D309590C4C9475AF583228908A00.apk.logcat,False,951,41,4,2,0.04311251314405889,0.002098635886673662
5E81A8E04C5AEFF59F675E2792DC02725C4E7A984DB98D6EE153C6B3440AE368,benign2017/5E81A8E04C5AEFF59F675E2792DC02725C4E7A984DB98D6EE153C6B3440AE368.apk.logcat,False,97993,3566,6,2,0.03639035441307032,2.0309310803537883e-05
5E8B3399BC7C02C1AE0A8E377B1B3C48AD22637495B52EF7A333E167BE89ED5B,benign2017/5E8B3399BC7C02C1AE0A8E377B1B3C48AD22637495B52EF7A333E167BE89ED5B.apk.logcat,False,988,86,4,2,0.08704453441295547,0.0020181634712411706
5EA680F2BA826499CF5A6BE1C14B28C9B08D67BBDD402D2D3BB736D7EEED8E82,benign2017/5EA680F2BA826499CF5A6BE1C14B28C9B08D67BBDD402D2D3BB736D7EEED8E82.apk.logcat,False,87865,3021,9,2,0.03438229101462471,2.232491683968477e-05
5EAB1958B24BD4B2D0988EAEAE335A14F195CA5C481C630E6651845122003C36,benign2017/5EAB1958B24BD4B2D0988EAEAE335A14F195CA5C481C630E6651845122003C36.apk.logcat,False,1111,44,9,2,0.039603960396039604,0.001759014951627089
5F8E0338D34AD628FF12A5D60C35CBBA1C00C5738C1C4E07AD888074A072E076,benign2017/5F8E0338D34AD628FF12A5D60C35CBBA1C00C5738C1C4E07AD888074A072E076.apk.logcat,False,107467,1928,9,2,0.01794039100374999,1.858718785141402e-05
5FE158B9D1F99C6E44E2342AD1E284BD115B4755692E4C54F01EF689ABD06F50,benign2017/5FE158B9D1F99C6E44E2342AD1E284BD115B4755692E4C54F01EF689ABD06F50.apk.logcat,False,603,8,1,2,0.013266998341625208,0.003305785123966942
60F961AF396D705A5596813E6CAB93B7A666611064DAFFC3EB05EAE58B9EAE47,benign2017/60F961AF396D705A5596813E6CAB93B7A666611064DAFFC3EB05EAE58B9EAE47.apk.logcat,False,547518,3251,8,2,0.005937704331181806,3.6506942707829462e-06
6127BAC27C1E18166ECE733DC5F720BACA6B0A292940BF58909ECA3F8A2345FA,benign2017/6127BAC27C1E18166ECE733DC5F720BACA6B0A292940BF58909ECA3F8A2345FA.apk.logcat,False,1257,24,2,2,0.01909307875894988,0.0015885623510722795
612F3B72422D2179620C226213AB7DDA200358540DE4724DA2085584AFBBE73C,benign2017/612F3B72422D2179620C226213AB7DDA200358540DE4724DA2085584AFBBE73C.apk.logcat,True,0,0,0,2,0.0,1.0
61D5E8BD807BB343F8CC82322AAA1344791D6C430B5174250680C4DE000AF224,benign2017/61D5E8BD807BB343F8CC82322AAA1344791D6C430B5174250680C4DE000AF224.apk.logcat,True,0,0,0,2,0.0,1.0
6245B3F631CFD14A688667B5247C0D1D07F5DAB87E901A4B9DFED6F772ABC499,benign2017/6245B3F631CFD14A688667B5247C0D1D07F5DAB87E901A4B9DFED6F772ABC499.apk.logcat,False,3754,60,1,2,0.015982951518380393,0.0005324813631522897
626C07548704DAAAA75E7583F03996CB363816BB7127A96E8FC055C5B43D9103,benign2017/626C07548704DAAAA75E7583F03996CB363816BB7127A96E8FC055C5B43D9103.apk.logcat,False,3693,77,3,2,0.020850257243433524,0.0005412719891745603
6307F01C00206CE0006BB2734F3B09B499FD0B17D1522A86427348ADDEA623F7,benign2017/6307F01C00206CE0006BB2734F3B09B499FD0B17D1522A86427348ADDEA623F7.apk.logcat,False,525,11,2,2,0.02095238095238095,0.003795066413662239
635B22AFCFE3BFA74EA65D479AABE3C255C365C9C1AD4D59D7F39BFBE8F9EB70,benign2017/635B22AFCFE3BFA74EA65D479AABE3C255C365C9C1AD4D59D7F39BFBE8F9EB70.apk.logcat,False,13292,1797,4,2,0.13519410171531748,0.00015044380923724988
6403C06A87E09B041349E3CB71BB131BAFA542BEA413F9DFC3DE14BFC3106A3B,benign2017/6403C06A87E09B041349E3CB71BB131BAFA542BEA413F9DFC3DE14BFC3106A3B.apk.logcat,False,4916,211,2,2,0.04292107404393816,0.00040666937779585197
643071371FA7237FCC748132F8E5DC583A232AA2A1D120BF3516A7B6632A02EB,benign2017/643071371FA7237FCC748132F8E5DC583A232AA2A1D120BF3516A7B6632A02EB.apk.logcat,False,47237,1313,10,2,0.027796007367106294,4.173013124126275e-05
64337EE37E08B91EC72623C1D08C7CB63E21C37A3A9EB171935C82536F0D74EA,benign2017/64337EE37E08B91EC72623C1D08C7CB63E21C37A3A9EB171935C82536F0D74EA.apk.logcat,False,1000,33,6,2,0.033,0.001953125
6442648749C019684BF40BC48A7ADECA23B5E472BDB3E11B958D29F0061966C9,benign2017/6442648749C019684BF40BC48A7ADECA23B5E472BDB3E11B958D29F0061966C9.apk.logcat,False,841,12,4,2,0.014268727705112961,0.002372479240806643
644682C1CBF2AEF6090DF08FD95ED5CD04C300391E52030D25133A6AA9E9129B,benign2017/644682C1CBF2AEF6090DF08FD95ED5CD04C300391E52030D25133A6AA9E9129B.apk.logcat,False,76294,343,7,2,0.004495766377434661,2.614549970586313e-05
646AC5875D033F72955D4AF3910FDBF286AB7BD9FC538D3DF19943B0F5161C6F,benign2017/646AC5875D033F72955D4AF3910FDBF286AB7BD9FC538D3DF19943B0F5161C6F.apk.logcat,False,1463,1,1,2,0.000683526999316473,0.0013651877133105802
6475E50216D2B989B14FBFD3A7409FDD6C4451B9B31EDFA9B66EB5BA99A41EC4,benign2017/6475E50216D2B989B14FBFD3A7409FDD6C4451B9B31EDFA9B66EB5BA99A41EC4.apk.logcat,False,455317,9845,6,2,0.02162229831084717,4.392524801293159e-06
65DCE7A94FACFA6F32D5BB0FD18CF432821AB575290EEE5B92792FBF7F911C19,benign2017/65DCE7A94FACFA6F32D5BB0FD18CF432821AB575290EEE5B92792FBF7F911C19.apk.logcat,False,78673,6525,5,2,0.08293823802321,2.5216229165090652e-05
65FBCA9FE90C3D7D275F843F859359BA04314F3348F19E2EC33FE1C7599D866F,benign2017/65FBCA9FE90C3D7D275F843F859359BA04314F3348F19E2EC33FE1C7599D866F.apk.logcat,False,4642,342,7,2,0.07367514002585093,0.00043010752688172043
674AE2ED10AE21C5FBA818BF8B9D9988E3D8882C4EC7C3BF354C810E47CE0FCC,benign2017/674AE2ED10AE21C5FBA818BF8B9D9988E3D8882C4EC7C3BF354C810E47CE0FCC.apk.logcat,False,330,20,4,2,0.06060606060606061,0.006006006006006006
6768A9FF02BB02899380D153A7DBA9338A1DE1F84777C61703F3E65865217B29,benign2017/6768A9FF02BB02899380D153A7DBA9338A1DE1F84777C61703F3E65865217B29.apk.logcat,True,0,0,0,2,0.0,1.0
677730BE5578B43420AFFE50CD176F1050BB2DC20A831E99EF4C67FD92190728,benign2017/677730BE5578B43420AFFE50CD176F1050BB2DC20A831E99EF4C67FD92190728.apk.logcat,False,1140,180,3,2,0.15789473684210525,0.0017513134851138354
679ECFCE97C302793CA74F00D6F3F56FC9B980314C86E3742BD0211CC36A7AA8,benign2017/679ECFCE97C302793CA74F00D6F3F56FC9B980314C86E3742BD0211CC36A7AA8.apk.logcat,False,222,36,3,2,0.16216216216216217,0.008928571428571428
67B56CBFF7EC8736ABDFC04F3579DEFD60E2D4CA14F6773113D7142B568CE34E,benign2017/67B56CBFF7EC8736ABDFC04F3579DEFD60E2D4CA14F6773113D7142B568CE34E.apk.logcat,False,596774,3095,11,2,0.005186217898232832,3.3425252778474136e-06
67F48A15683491FADB496C33EC127E58A108E266E0E303F39C9FB96228841F81,benign2017/67F48A15683491FADB496C33EC127E58A108E266E0E303F39C9FB96228841F81.apk.logcat,False,5418,132,2,2,0.024363233665559248,0.00036900369003690036
68A3DF59BEB67E14821EE6D5D59284B68A65374251AEA154AF5C4472EF3B8CC8,benign2017/68A3DF59BEB67E14821EE6D5D59284B68A65374251AEA154AF5C4472EF3B8CC8.apk.logcat,False,869,32,2,2,0.03682393555811277,0.002296211251435132
68D9651A5D3513C99F184FBDE7553720F77792FF37E29C1DEEE46E0D2854687C,benign2017/68D9651A5D3513C99F184FBDE7553720F77792FF37E29C1DEEE46E0D2854687C.apk.logcat,False,109149,4884,7,2,0.04474617266305692,1.8277358921635822e-05
69D8D7D278F149787173825C53716CD91B13307CEB487A46CF853249539C12BB,benign2017/69D8D7D278F149787173825C53716CD91B13307CEB487A46CF853249539C12BB.apk.logcat,False,946,10,2,2,0.010570824524312896,0.002109704641350211
6A645F0CBBDF998F59AD7F57A340F90A3FFEBB4570217DE07129700D1C8BEF0E,benign2017/6A645F0CBBDF998F59AD7F57A340F90A3FFEBB4570217DE07129700D1C8BEF0E.apk.logcat,False,55855,310,6,2,0.005550085041625638,3.399626041135475e-05
6AAFDC2D1E4242F45FE15BF80D73BD19A2DF2770413BEE4BB756F9FDDC9763AF,benign2017/6AAFDC2D1E4242F45FE15BF80D73BD19A2DF2770413BEE4BB756F9FDDC9763AF.apk.logcat,False,228521,1303,7,2,0.005701882977932006,8.68311828143723e-06
6AE5BCC6E666845538D9210191258897195A990EA50B109E40353814CA2B4607,benign2017/6AE5BCC6E666845538D9210191258897195A990EA50B109E40353814CA2B4607.apk.logcat,False,1238,29,4,2,0.023424878836833602,0.0015698587127158557
6B1794FD636CAA7E4F11D09A469E4D87D524429F64DF3DA9A51AB6FDEA5ABF28,benign2017/6B1794FD636CAA7E4F11D09A469E4D87D524429F64DF3DA9A51AB6FDEA5ABF28.apk.logcat,False,108,9,2,2,0.08333333333333333,0.01818181818181818
6B26B409E4AD417E28D082B51960F4E7CAC73D65ABB69FAEBF899FFE7236FB4F,benign2017/6B26B409E4AD417E28D082B51960F4E7CAC73D65ABB69FAEBF899FFE7236FB4F.apk.logcat,False,376,9,2,2,0.023936170212765957,0.005291005291005291
6B85F9CF096697DDECCE4C79C4FA2D40F170B65BEDDFF05743261540C4EFEE4B,benign2017/6B85F9CF096697DDECCE4C79C4FA2D40F170B65BEDDFF05743261540C4EFEE4B.apk.logcat,False,34,0,0,2,0.0,0.05555555555555555
6C04D3B5CB3B3DE263161EAF277CB1432694FCDDD4D2C0EF9E793CDB0CA99A8D,benign2017/6C04D3B5CB3B3DE263161EAF277CB1432694FCDDD4D2C0EF9E793CDB0CA99A8D.apk.logcat,False,16459,120,2,2,0.007290843915183183,0.00012149930137901708
6D1E690B905A5B1D52850BA76013D00D31038E20480653EC57862634E04AB9E7,benign2017/6D1E690B905A5B1D52850BA76013D00D31038E20480653EC57862634E04AB9E7.apk.logcat,False,752,121,4,2,0.16090425531914893,0.002652519893899204
6D68186F59DD92FC6DD96CAD743B85976CA5861430328EC8767AB60CD1C8BF70,benign2017/6D68186F59DD92FC6DD96CAD743B85976CA5861430328EC8767AB60CD1C8BF70.apk.logcat,False,222,54,3,2,0.24324324324324326,0.008928571428571428
6D709790F243F4F6CC33FD144FB99F8A92DE0A1F981E3903F2258111C692FD6F,benign2017/6D709790F243F4F6CC33FD144FB99F8A92DE0A1F981E3903F2258111C692FD6F.apk.logcat,False,13967,826,7,2,0.059139400014319464,0.0001424805870200185
6D7BE536969D67784EEFF0C0C4F01F017ED05EDE9824E39F4FB3C2C55689687E,benign2017/6D7BE536969D67784EEFF0C0C4F01F017ED05EDE9824E39F4FB3C2C55689687E.apk.logcat,False,2204,110,2,2,0.0499092558983666,0.0007933359777865926
6D9C23B98C26EB7B7BD0D958F77960C49FFB26487D5A9D8913CA2F86980C5D53,benign2017/6D9C23B98C26EB7B7BD0D958F77960C49FFB26487D5A9D8913CA2F86980C5D53.apk.logcat,False,95,5,1,2,0.05263157894736842,0.017699115044247787
6E26B1B9B9B8F2EB458AF99AEFA5F94D35E149F9F7B8A19FCB6F4C7F96411A81,benign2017/6E26B1B9B9B8F2EB458AF99AEFA5F94D35E149F9F7B8A19FCB6F4C7F96411A81.apk.logcat,False,54192,157,6,2,0.002897106583997638,3.675794890645102e-05
6EB7B0D772CC045EFD0758D24B34D369D1175EC9F5F7597F328A01079ABB9DD0,benign2017/6EB7B0D772CC045EFD0758D24B34D369D1175EC9F5F7597F328A01079ABB9DD0.apk.logcat,False,487,0,0,2,0.0,0.00408997955010225
6ED9C59473869D401BDB2D707AA4FA9570EF4444E504291BA3B072CDEE4E6D1C,benign2017/6ED9C59473869D401BDB2D707AA4FA9570EF4444E504291BA3B072CDEE4E6D1C.apk.logcat,False,101081,3070,10,2,0.030371682116322553,1.958978980155543e-05
6F420F280E2F1DFE24285026F9674FB151BE8BD8A0B6CC5BCEDF0234508EA933,benign2017/6F420F280E2F1DFE24285026F9674FB151BE8BD8A0B6CC5BCEDF0234508EA933.apk.logcat,False,950,22,4,2,0.023157894736842106,0.002098635886673662
6F42F34A700328B51ECEF630645D00E0F0D43ACD8364814658B9355ABBC76E48,benign2017/6F42F34A700328B51ECEF630645D00E0F0D43ACD8364814658B9355ABBC76E48.apk.logcat,False,73871,5872,5,2,0.07948992162012156,2.683195148783171e-05
6F7CD27966A4134C474EA9FB8553D38BEEC390AD2AEE6C69138CB181F4B83997,benign2017/6F7CD27966A4134C474EA9FB8553D38BEEC390AD2AEE6C69138CB181F4B83997.apk.logcat,False,1226,260,4,2,0.21207177814029363,0.0013504388926401081
6FED381C41A0FEF78ED71D84E4382F211708BD7F3F47C8D053D91587389BC65A,benign2017/6FED381C41A0FEF78ED71D84E4382F211708BD7F3F47C8D053D91587389BC65A.apk.logcat,False,28,12,1,2,0.42857142857142855,0.02702702702702703
709EA081541D41190B2AF1D6F531CED78AD1F4C7012DB4115CCDE41AF66E0C4F,benign2017/709EA081541D41190B2AF1D6F531CED78AD1F4C7012DB4115CCDE41AF66E0C4F.apk.logcat,False,20851,2665,5,2,0.12781161574984412,9.575792396820837e-05
70A2EDF197F4F78E768F45806CAA008B1F6363580D4DCF4BA5E91A27B13FD8AA,benign2017/70A2EDF197F4F78E768F45806CAA008B1F6363580D4DCF4BA5E91A27B13FD8AA.apk.logcat,False,950,122,5,2,0.12842105263157894,0.0021008403361344537
71073C8360365FB2A21EDE3506947DB8462CFB02A5ACF8EE53B4FBF716AA0AEC,benign2017/71073C8360365FB2A21EDE3506947DB8462CFB02A5ACF8EE53B4FBF716AA0AEC.apk.logcat,False,94505,731,7,2,0.007735040474048992,2.101966389557431e-05
722642C74F4F999B3C90A95BFFF703F3C9D1658C58D21EF69B53F9BE798A7225,benign2017/722642C74F4F999B3C90A95BFFF703F3C9D1658C58D21EF69B53F9BE798A7225.apk.logcat,False,26507,1279,8,2,0.0482514052891689,7.397270407219736e-05
72A86FF28005E8799DF041660C7C993395907769D3D750231A2DDBEB27E1AD03,benign2017/72A86FF28005E8799DF041660C7C993395907769D3D750231A2DDBEB27E1AD03.apk.logcat,False,941,42,7,2,0.044633368756641874,0.0020964360587002098
7360D1360C4CC36F16FC82498354107FF5624CA923F57FEFDD8DFBA05DBE9C7D,benign2017/7360D1360C4CC36F16FC82498354107FF5624CA923F57FEFDD8DFBA05DBE9C7D.apk.logcat,False,512760,8356,9,2,0.016296122942507214,3.895302070937346e-06
73838C3CA55C6B2219580F31DAF45D06F0BDB21CCBB2BE6361FB96EFF71C87C1,benign2017/73838C3CA55C6B2219580F31DAF45D06F0BDB21CCBB2BE6361FB96EFF71C87C1.apk.logcat,False,1313,0,0,2,0.0,0.001520912547528517
73FED5D6E12E2EB95F30D2DB9D5B2EA25EEBD6BE3CDBBE588A3D173537F1809A,benign2017/73FED5D6E12E2EB95F30D2DB9D5B2EA25EEBD6BE3CDBBE588A3D173537F1809A.apk.logcat,False,1384,137,3,2,0.09898843930635838,0.0011344299489506524
7419541E4E05CA47CF7508FABB8FB084C8AD80590F551F7DD6B11080DE068F59,benign2017/7419541E4E05CA47CF7508FABB8FB084C8AD80590F551F7DD6B11080DE068F59.apk.logcat,False,215,28,3,2,0.13023255813953488,0.006779661016949152
74F9D3DB94D5A2028C6411AB800393C9997BB9FC0848259B22BED315B66D7D77,benign2017/74F9D3DB94D5A2028C6411AB800393C9997BB9FC0848259B22BED315B66D7D77.apk.logcat,False,253,19,3,2,0.07509881422924901,0.006514657980456026
75D7C24479A0FD8CF1A56C30DC1444BCEC1A9D665EBF5FE3150941C7891D7C0C,benign2017/75D7C24479A0FD8CF1A56C30DC1444BCEC1A9D665EBF5FE3150941C7891D7C0C.apk.logcat,False,1813,234,2,2,0.12906784335355764,0.0010911074740861974
76396E71E95D48E67136D0581D5613E7E0BBC63230E2AF79DB9E58911287DE1A,benign2017/76396E71E95D48E67136D0581D5613E7E0BBC63230E2AF79DB9E58911287DE1A.apk.logcat,False,435,52,2,2,0.11954022988505747,0.0045351473922902496
764BD2AA6C59D80B79C5B5A9EF88C41346AC146F13DE37174A781BA1C1FD6737,benign2017/764BD2AA6C59D80B79C5B5A9EF88C41346AC146F13DE37174A781BA1C1FD6737.apk.logcat,False,164883,1128,7,2,0.006841214679500009,1.209292201274594e-05
76538DFF4311DEE53E843C5597EBA6AAB1E8AEEA8BA041DAEC28B60BECF7B960,benign2017/76538DFF4311DEE53E843C5597EBA6AAB1E8AEEA8BA041DAEC28B60BECF7B960.apk.logcat,False,835,4,1,2,0.004790419161676647,0.002328288707799767
77025C1925670E08B51970FC61DAEF12C2C16EF6DC545006545F5D89B1B15667,benign2017/77025C1925670E08B51970FC61DAEF12C2C16EF6DC545006545F5D89B1B15667.apk.logcat,False,4368,326,5,2,0.07463369963369963,0.00045413260672116256
772CB5CB741C6D48C015575E852123723536E97F5E0D1C835B0531360CFBF205,benign2017/772CB5CB741C6D48C015575E852123723536E97F5E0D1C835B0531360CFBF205.apk.logcat,False,768,68,5,2,0.08854166666666667,0.00258732212160414
7785E1DDCAD8B073BA0DFF12BBF6C6A194843613FE0620C683DBE7F5EE5516DA,benign2017/7785E1DDCAD8B073BA0DFF12BBF6C6A194843613FE0620C683DBE7F5EE5516DA.apk.logcat,False,1430,245,6,2,0.17132867132867133,0.0013937282229965157
7787A4CA0EA53D1E83933B4F03FF93F0C5B9B2549BE637F37D4786E9D2310465,benign2017/7787A4CA0EA53D1E83933B4F03FF93F0C5B9B2549BE637F37D4786E9D2310465.apk.logcat,False,338,88,4,2,0.2603550295857988,0.0058823529411764705
785391041E88724F641685E875FF16B645B93EBCDFFCA39D1F220173149FDCEE,benign2017/785391041E88724F641685E875FF16B645B93EBCDFFCA39D1F220173149FDCEE.apk.logcat,False,194546,61604,7,2,0.316655186948074,1.0280239323971463e-05
78A7CB4C2B355C472D2E9CF7C37159E5D3452053A42EB65E1D58E064CEEA0D56,benign2017/78A7CB4C2B355C472D2E9CF7C37159E5D3452053A42EB65E1D58E064CEEA0D56.apk.logcat,False,1081,0,0,2,0.0,0.0018467220683287165
7919719782E3A16074A1F3DB774A66F5FE7CFFB0943FAF1093EE097432637A8C,benign2017/7919719782E3A16074A1F3DB774A66F5FE7CFFB0943FAF1093EE097432637A8C.apk.logcat,False,739161,8126,7,2,0.010993545384564391,2.70576314020047e-06
79FA98A04A4B171D982228ED737E4AC035DFF9AC6B63634689168A6BD65D0CAA,benign2017/79FA98A04A4B171D982228ED737E4AC035DFF9AC6B63634689168A6BD65D0CAA.apk.logcat,False,1111,71,6,2,0.0639063906390639,0.0017969451931716084
7A73CE0C8D7CFF457B18DF35D6B8347D0D5FAA837E19DAA225D93123AC52EE82,benign2017/7A73CE0C8D7CFF457B18DF35D6B8347D0D5FAA837E19DAA225D93123AC52EE82.apk.logcat,False,14923,138,5,2,0.009247470347785298,0.0001340033500837521
7A7510912F5142AA128A5B8E4C1412EA7EE6212CE17860E6B9FCB5E9F34D9C69,benign2017/7A7510912F5142AA128A5B8E4C1412EA7EE6212CE17860E6B9FCB5E9F34D9C69.apk.logcat,False,31931,964,8,2,0.03019009739751339,6.106683765381209e-05
7A75F453F5CC5D1DE5E0D162D1C53AE4801CE172C5AFDCAAB45F2C02F9AC2999,benign2017/7A75F453F5CC5D1DE5E0D162D1C53AE4801CE172C5AFDCAAB45F2C02F9AC2999.apk.logcat,False,21942,309,8,2,0.014082581350834017,9.030976248532467e-05
7ACF5DE8236918517C11E4A381127B35BABA2A951B067D5D62A037692227E97B,benign2017/7ACF5DE8236918517C11E4A381127B35BABA2A951B067D5D62A037692227E97B.apk.logcat,False,59529,18094,9,2,0.30395269532496766,3.33628038100322e-05
7B8F62802E9C5AEB8398D89D587F215967349993C4DA809F0C845C9D32B0B8EF,benign2017/7B8F62802E9C5AEB8398D89D587F215967349993C4DA809F0C845C9D32B0B8EF.apk.logcat,False,15391,625,7,2,0.040608147618738225,0.00012981955082435416
7CB9B6F33F3995C7E216A810FF0B3026122E40D98D88B329A187BD6E44E04A59,benign2017/7CB9B6F33F3995C7E216A810FF0B3026122E40D98D88B329A187BD6E44E04A59.apk.logcat,False,180719,1533,5,2,0.008482782662586667,1.1038014923396176e-05
7D10FB8ED9A49E87935CC407EA6576DE51988820AABDCE229CA254940923C72C,benign2017/7D10FB8ED9A49E87935CC407EA6576DE51988820AABDCE229CA254940923C72C.apk.logcat,False,14243,742,4,2,0.05209576634136067,0.0001402426197321366
7D1257FF6A824109877FF7C7A29340FA157388299F2F38B2C6EF10BE9FB00F31,benign2017/7D1257FF6A824109877FF7C7A29340FA157388299F2F38B2C6EF10BE9FB00F31.apk.logcat,False,334,18,2,2,0.05389221556886228,0.005934718100890208
7D30FC85C745A80C3C08ACD91960F87C8B009E3B657947DADF93B23AB9EB89A9,benign2017/7D30FC85C745A80C3C08ACD91960F87C8B009E3B657947DADF93B23AB9EB89A9.apk.logcat,False,4220,230,5,2,0.054502369668246446,0.00047281323877068556
7DDDA05177068A69AF23AD8A1FC142F0FD8224FC28D96A5745E713FD500FB4FA,benign2017/7DDDA05177068A69AF23AD8A1FC142F0FD8224FC28D96A5745E713FD500FB4FA.apk.logcat,False,683,40,4,2,0.05856515373352855,0.002911208151382824
7E07D557FBA2C831D1DC6D69D03510F272BC7234BED6745316EC1AD8115F53FE,benign2017/7E07D557FBA2C831D1DC6D69D03510F272BC7234BED6745316EC1AD8115F53FE.apk.logcat,False,115902,1685,10,2,0.014538144294317613,1.712284787205808e-05
7E0FF16599A595BC1232206103C43EDB8E779D1A4CEBAB7D6FF9921E6B5CD243,benign2017/7E0FF16599A595BC1232206103C43EDB8E779D1A4CEBAB7D6FF9921E6B5CD243.apk.logcat,False,2993,69,6,2,0.023053792181757436,0.0006653359946773121
7E26EA0EAED00D711093C3474453A13BD32E42974EA39829CCE9DC56492D1129,benign2017/7E26EA0EAED00D711093C3474453A13BD32E42974EA39829CCE9DC56492D1129.apk.logcat,False,13951,608,10,2,0.04358110529711132,0.0001429388221841052
7E2C639EACC2CE5AC484D4C410F962BB29DF8EF15B7FE8C5CD3834145FAAD61D,benign2017/7E2C639EACC2CE5AC484D4C410F962BB29DF8EF15B7FE8C5CD3834145FAAD61D.apk.logcat,False,1509,94,9,2,0.062292909211398274,0.0013131976362442547
7E5C84F40FD4149EE68BCB175439E62D89216FB07A456B797C0FD80A00F02721,benign2017/7E5C84F40FD4149EE68BCB175439E62D89216FB07A456B797C0FD80A00F02721.apk.logcat,False,6382,143,8,2,0.022406769037919147,0.0003127443315089914
7EE77E46C02DE8E5ED22C94FA85BC21E815768D417DEC1CE70388C55BB0E85BF,benign2017/7EE77E46C02DE8E5ED22C94FA85BC21E815768D417DEC1CE70388C55BB0E85BF.apk.logcat,False,600,11,2,2,0.018333333333333333,0.0033222591362126247
7F1AE4AC566D25D145823AE62BBC26AC6E6339E16A49F0A334EE36EE35589B53,benign2017/7F1AE4AC566D25D145823AE62BBC26AC6E6339E16A49F0A334EE36EE35589B53.apk.logcat,False,2121,157,5,2,0.07402168788307402,0.0008169934640522876
7F237610DD13E0BB64498B214D999EDF265BB8867A34A49C3306728962AE666E,benign2017/7F237610DD13E0BB64498B214D999EDF265BB8867A34A49C3306728962AE666E.apk.logcat,False,3142,178,3,2,0.056651814131126674,0.0005411255411255411
7F7515FAA593352E2D7E192290396DDC63BAD72C82E33DDF6586B1BAFDDC666A,benign2017/7F7515FAA593352E2D7E192290396DDC63BAD72C82E33DDF6586B1BAFDDC666A.apk.logcat,False,536,31,1,2,0.05783582089552239,0.003115264797507788
804EBA506C01CC3ED82290FA3BC1394FD31526992B0BA8AE5E668AE3C14CD722,benign2017/804EBA506C01CC3ED82290FA3BC1394FD31526992B0BA8AE5E668AE3C14CD722.apk.logcat,False,85914,990,6,2,0.011523151058034779,2.3198357556285016e-05
805797318D3EB9E944FCF0D9DC3619D35A5FE858D28997862AD7444B0B3FBFAC,benign2017/805797318D3EB9E944FCF0D9DC3619D35A5FE858D28997862AD7444B0B3FBFAC.apk.logcat,False,1063,25,5,2,0.023518344308560677,0.0018587360594795538
809409B517A04DD61E13F9F608CF8F42DAB22ABD06684A4B892F2D610D6B532F,benign2017/809409B517A04DD61E13F9F608CF8F42DAB22ABD06684A4B892F2D610D6B532F.apk.logcat,False,64724,1054,7,2,0.016284531240343614,3.0720078643401325e-05
80F5178E952D2FB92C05605E6A423F10719F83625035671D66A50FA5443AE723,benign2017/80F5178E952D2FB92C05605E6A423F10719F83625035671D66A50FA5443AE723.apk.logcat,False,1301,21,4,2,0.01614142966948501,0.0015337423312883436
8100016398C68D2A402101F2F55AF77AE5340B483F45E1E7A049CAD25BC5AF1D,benign2017/8100016398C68D2A402101F2F55AF77AE5340B483F45E1E7A049CAD25BC5AF1D.apk.logcat,False,224127,6043,9,2,0.026962391858187544,8.878550310305333e-06
815CEC9FDED0645B2CE6ECDFA67D308221C229F32356FAE3E2CD8130F48586B3,benign2017/815CEC9FDED0645B2CE6ECDFA67D308221C229F32356FAE3E2CD8130F48586B3.apk.logcat,False,63645,1507,8,2,0.02367821509937937,3.1350419311858296e-05
8183DF36880884FAE5681D212498D6A613E5EE9CF4BEFAF0B483238E52402070,benign2017/8183DF36880884FAE5681D212498D6A613E5EE9CF4BEFAF0B483238E52402070.apk.logcat,False,1140,2,1,2,0.0017543859649122807,0.0017513134851138354
818A1D662ACE214951649043D8F2FB13BF69792CD3FD490BE6C98CD4B125D68E,benign2017/818A1D662ACE214951649043D8F2FB13BF69792CD3FD490BE6C98CD4B125D68E.apk.logcat,False,26425,3429,7,2,0.12976348155156103,7.568017557800734e-05
81AE2EE6E69C149E25B114BB9DE7E666B32BD063C353889214EF6D489270053F,benign2017/81AE2EE6E69C149E25B114BB9DE7E666B32BD063C353889214EF6D489270053F.apk.logcat,False,964,126,5,2,0.13070539419087138,0.002070393374741201
81D05D0E4CE4CF954455298A534518F95AA7113777CDA71D6C14C61D862C15A6,benign2017/81D05D0E4CE4CF954455298A534518F95AA7113777CDA71D6C14C61D862C15A6.apk.logcat,False,127348,1850,11,2,0.01452712253038917,1.5594177134258067e-05
81E1D53AA4161D88213533C317EABD35059B6A8C077D8520835DF7198323D9FF,benign2017/81E1D53AA4161D88213533C317EABD35059B6A8C077D8520835DF7198323D9FF.apk.logcat,False,641,7,3,2,0.0109204368174727,0.003105590062111801
8251BE7005100427FE3E96D4DDBEA8F17E9E2647F6DA3554A6CD8EB68AC5863A,benign2017/8251BE7005100427FE3E96D4DDBEA8F17E9E2647F6DA3554A6CD8EB68AC5863A.apk.logcat,False,27306,1030,6,2,0.037720647476745035,7.26321905868681e-05
82E18332C0325A6A1DCB53F4F8AD780A83E4AF6B8342DAD2F49D8EB1D884CA6B,benign2017/82E18332C0325A6A1DCB53F4F8AD780A83E4AF6B8342DAD2F49D8EB1D884CA6B.apk.logcat,False,1106,21,5,2,0.0189873417721519,0.0017825311942959
8399A59BDB357A597361947C91B16F500D6CC86161967E623A501632286AE6F3,benign2017/8399A59BDB357A597361947C91B16F500D6CC86161967E623A501632286AE6F3.apk.logcat,False,93156,1692,7,2,0.018163081283009145,2.1386028507576e-05
84178ECA7C9D0C7732BB6C8307F649998FA662D9616DD1A6FAFBE71418310482,benign2017/84178ECA7C9D0C7732BB6C8307F649998FA662D9616DD1A6FAFBE71418310482.apk.logcat,False,124210,2750,7,2,0.022139924321713227,1.6017683522608962e-05
846B5E18A4AE6B903745C0A3D19C5DDCC8C876960A5EDEC8A3CBD16A9FD174AC,benign2017/846B5E18A4AE6B903745C0A3D19C5DDCC8C876960A5EDEC8A3CBD16A9FD174AC.apk.logcat,False,1527,17,2,2,0.011132940406024885,0.0013080444735120995
84D97761B19FAEB201736BC28FCD5331EA2CB5E82B3F618DDE6D313D789F8EBA,benign2017/84D97761B19FAEB201736BC28FCD5331EA2CB5E82B3F618DDE6D313D789F8EBA.apk.logcat,False,165,0,0,2,0.0,0.011976047904191617
84F0D281D230D9803FFB835BC3018A1366C34258492353A8444C20AA70E8129D,benign2017/84F0D281D230D9803FFB835BC3018A1366C34258492353A8444C20AA70E8129D.apk.logcat,False,14625,108,2,2,0.0073846153846153844,0.0001367334381623026
85869F592BAC96CB040A4AB7F818D20486F4A49404C1A42C18DAA23E3CA90961,benign2017/85869F592BAC96CB040A4AB7F818D20486F4A49404C1A42C18DAA23E3CA90961.apk.logcat,False,13934,537,6,2,0.03853882589349792,0.0001433794537242813
85D27F4F931CE2344650B364D09A221134550392FC31F8A77E13B960A9F8382F,benign2017/85D27F4F931CE2344650B364D09A221134550392FC31F8A77E13B960A9F8382F.apk.logcat,False,588,27,3,2,0.04591836734693878,0.003389830508474576
86BF32E5AC6D1522C83B7771A0E4F00E66DDE301BF435C49DE1F8C638DDBC482,benign2017/86BF32E5AC6D1522C83B7771A0E4F00E66DDE301BF435C49DE1F8C638DDBC482.apk.logcat,False,959,32,4,2,0.03336809176225235,0.002081165452653486
874D9CDD0D79AA1F4C824CE46B6741966B57011E6EDF3DC5E408FE0DB11CB295,benign2017/874D9CDD0D79AA1F4C824CE46B6741966B57011E6EDF3DC5E408FE0DB11CB295.apk.logcat,False,10324,14,2,2,0.0013560635412630763,0.0001936858415649816
8AE118BC5E6ED89A8284A3DFC410DE875856B5071654641598E5C85C98513AB1,benign2017/8AE118BC5E6ED89A8284A3DFC410DE875856B5071654641598E5C85C98513AB1.apk.logcat,False,63445,1101,5,2,0.01735361336590748,3.118276216907294e-05
8BE912E14A47A5D3B9CD1B7A68CBF627DA783D156B702EB02221814B66F03CF6,benign2017/8BE912E14A47A5D3B9CD1B7A68CBF627DA783D156B702EB02221814B66F03CF6.apk.logcat,False,3524,162,4,2,0.04597048808172531,0.0005095541401273885
8C68A2B84F3650732270097961006B8975B49DCB22F92322F630A7F18F6D3C04,benign2017/8C68A2B84F3650732270097961006B8975B49DCB22F92322F630A7F18F6D3C04.apk.logcat,False,562,30,1,2,0.05338078291814947,0.00303951367781155
8D9FC0C50ABB097B8CE56AE3D759855ACF3541D410B168A56DD6C7A0AD6D285A,benign2017/8D9FC0C50ABB097B8CE56AE3D759855ACF3541D410B168A56DD6C7A0AD6D285A.apk.logcat,False,492,20,1,2,0.04065040650406504,0.0035971223021582736
8DC59AF71C86765549C3A23B8A172FFFB43E1B6226F9C1AF6BD5DD8831F5F08E,benign2017/8DC59AF71C86765549C3A23B8A172FFFB43E1B6226F9C1AF6BD5DD8831F5F08E.apk.logcat,False,48,0,0,2,0.0,0.04
8DCE3EF7AF29B49C838A5F175DA3C2B0D6124EF208F142AA7E5F970AA796D304,benign2017/8DCE3EF7AF29B49C838A5F175DA3C2B0D6124EF208F142AA7E5F970AA796D304.apk.logcat,False,738689,3150,7,2,0.0042643115032171865,2.704526430660675e-06
8E5AF0D67B8F6210DB7B36BCC2E33B88CE88FB10812E03CEB70A34E95FDF1F26,benign2017/8E5AF0D67B8F6210DB7B36BCC2E33B88CE88FB10812E03CEB70A34E95FDF1F26.apk.logcat,False,994,0,0,2,0.0,0.002008032128514056
8E840BFD3D6D5587FCB2EE46BDA30B82AC4F197B1A40165AE371C5202BD3F4E6,benign2017/8E840BFD3D6D5587FCB2EE46BDA30B82AC4F197B1A40165AE371C5202BD3F4E6.apk.logcat,False,26455,1419,5,2,0.05363825363825364,7.503282686175201e-05
8EAB3335CCC3395B00B5FE3154565E5F7B9F6205519E03DF2FCE2F549F6BBE64,benign2017/8EAB3335CCC3395B00B5FE3154565E5F7B9F6205519E03DF2FCE2F549F6BBE64.apk.logcat,False,1129,19,3,2,0.01682905225863596,0.0017482517482517483
8F00E09041FBB9C5A8AC1EC4A9CE33940E4761FD197F47089FA2B8833B3509DA,benign2017/8F00E09041FBB9C5A8AC1EC4A9CE33940E4761FD197F47089FA2B8833B3509DA.apk.logcat,False,436818,2489,11,2,0.005698025264526645,4.575674797640782e-06
8FA2E4D376B3BEE0300DDAEB7A7B11F8910A35E7A945A3BDFF7A5C7BA71A7CE9,benign2017/8FA2E4D376B3BEE0300DDAEB7A7B11F8910A35E7A945A3BDFF7A5C7BA71A7CE9.apk.logcat,False,1028,3,1,2,0.0029182879377431907,0.001941747572815534
8FFDD89DD7EE7C75308FE72B9489CE7454C82D06068EC947B42E6C482FFC1829,benign2017/8FFDD89DD7EE7C75308FE72B9489CE7454C82D06068EC947B42E6C482FFC1829.apk.logcat,False,284027,1288,5,2,0.004534780144141226,7.0171991551292216e-06
90BBC402568E3C09D0D68382AB62194D4931F60B5A9A79D771BD7450858F7103,benign2017/90BBC402568E3C09D0D68382AB62194D4931F60B5A9A79D771BD7450858F7103.apk.logcat,False,194571,85935,11,2,0.44166396842283795,1.0265517613061844e-05
916A9DB57014C057AFA52D6777FEACD0210A2FE277BBAEE8C5B59DC3EABF623E,benign2017/916A9DB57014C057AFA52D6777FEACD0210A2FE277BBAEE8C5B59DC3EABF623E.apk.logcat,False,110363,1266,8,2,0.011471235830849106,1.8095289796066083e-05
91F4402F56E4A9F3C28192FB918798E494A315B5EDD58F1049C2280EE3D17926,benign2017/91F4402F56E4A9F3C28192FB918798E494A315B5EDD58F1049C2280EE3D17926.apk.logcat,False,1436,15,1,2,0.010445682451253482,0.0013908205841446453
92FE22BE17BE4FC81A5387339217D1F0DD50A108D641B3486F10CF18ECC34FEA,benign2017/92FE22BE17BE4FC81A5387339217D1F0DD50A108D641B3486F10CF18ECC34FEA.apk.logcat,False,91565,2228,7,2,0.02433244143504614,2.172850236297463e-05
944FF61A9E91CFA8EEB345E69BCE27A92BABC69699EB8142CD6339D722C21D71,benign2017/944FF61A9E91CFA8EEB345E69BCE27A92BABC69699EB8142CD6339D722C21D71.apk.logcat,False,1196,14,3,2,0.011705685618729096,0.0016501650165016502
955DB843F62F232AA3E9601B0F30FA3F2D0ACC62AB0B3E69B4E98DCE261B3DBA,benign2017/955DB843F62F232AA3E9601B0F30FA3F2D0ACC62AB0B3E69B4E98DCE261B3DBA.apk.logcat,False,1287,50,4,2,0.03885003885003885,0.0015515903801396431
96894153F41F22D9BB9B1E2E516EFBDBE2E47FD0FE0346124AC783B78A479655,benign2017/96894153F41F22D9BB9B1E2E516EFBDBE2E47FD0FE0346124AC783B78A479655.apk.logcat,False,2498,116,4,2,0.04643714971977582,0.0008
96AA375FC53643496F490FF50AA347038F189CFD7240C45829FF52221466440D,benign2017/96AA375FC53643496F490FF50AA347038F189CFD7240C45829FF52221466440D.apk.logcat,False,1201,38,4,2,0.03164029975020816,0.0016625103906899418
97059DED9530CCA2C2465BB294AFC5DF0E3CBE7576366AE67A1FFBB4C3C9804A,benign2017/97059DED9530CCA2C2465BB294AFC5DF0E3CBE7576366AE67A1FFBB4C3C9804A.apk.logcat,False,491,11,2,2,0.02240325865580448,0.004056795131845842
97A981AFCE167901BEBD945C84C7B21F793CC24524C5A3EFDEA351D634DA04B9,benign2017/97A981AFCE167901BEBD945C84C7B21F793CC24524C5A3EFDEA351D634DA04B9.apk.logcat,False,294225,877,7,2,0.0029807120401053617,6.784191477020247e-06
98755AA1A80CC5B1F897E6EC9BCA2C604C0F2763801AF6801957B6C9A43A4E34,benign2017/98755AA1A80CC5B1F897E6EC9BCA2C604C0F2763801AF6801957B6C9A43A4E34.apk.logcat,False,1215,0,0,2,0.0,0.0016433853738701725
98E3210BA5A278EAD236EB4B766803EE38262362C2B483989AD9BB8A76B61251,benign2017/98E3210BA5A278EAD236EB4B766803EE38262362C2B483989AD9BB8A76B61251.apk.logcat,False,25232,3328,5,2,0.13189600507292326,7.925814377427281e-05
98EAE359BDA8609A488FF03EECBB6F5E2A425A7599579CFCCD653885C544D7A5,benign2017/98EAE359BDA8609A488FF03EECBB6F5E2A425A7599579CFCCD653885C544D7A5.apk.logcat,False,944,130,5,2,0.13771186440677965,0.0021141649048625794
98FB621CE29EDB4CF81EE0F2A9D29633BE0EC4D96EA2295141C22674243F3E29,benign2017/98FB621CE29EDB4CF81EE0F2A9D29633BE0EC4D96EA2295141C22674243F3E29.apk.logcat,False,43134,3307,9,2,0.07666805768071591,4.5631887563029045e-05
9944BB00BA4341C95656A351A4FFC583CB8FF64F6ED7E451B0FF7A868F990242,benign2017/9944BB00BA4341C95656A351A4FFC583CB8FF64F6ED7E451B0FF7A868F990242.apk.logcat,False,181779,81114,11,2,0.4462231610912152,1.0984303430397961e-05
99775DB939528C501D484A26BA99E10898834F319F23AB7FC53EBF8AC1A5A65C,benign2017/99775DB939528C501D484A26BA99E10898834F319F23AB7FC53EBF8AC1A5A65C.apk.logcat,False,1254,592,2,2,0.47208931419457734,0.0015128593040847202
999F83E63A97C71F6872187DCA70025A4CB8FBD3A7F59AC7C823F45304C60638,benign2017/999F83E63A97C71F6872187DCA70025A4CB8FBD3A7F59AC7C823F45304C60638.apk.logcat,False,58233,754,7,2,0.012947984819604005,3.4251853881591344e-05
99CD5AEE165C5EB3A875071B69B764422D95F32400E3DC5FE314214DBE3A7CD1,benign2017/99CD5AEE165C5EB3A875071B69B764422D95F32400E3DC5FE314214DBE3A7CD1.apk.logcat,False,9007,384,6,2,0.04263350727212168,0.00022187708009762592
99EAFE8C6FA01F0D7E750E621A1B4520D5F86B0038F68F56374C7531F4D5E397,benign2017/99EAFE8C6FA01F0D7E750E621A1B4520D5F86B0038F68F56374C7531F4D5E397.apk.logcat,False,3502,290,6,2,0.08280982295830953,0.0005698005698005698
9AA9D35A8D52183532AB17B014E23CE50D48382ADFAAF1511A7639A373C8BC36,benign2017/9AA9D35A8D52183532AB17B014E23CE50D48382ADFAAF1511A7639A373C8BC36.apk.logcat,False,529,48,4,2,0.09073724007561437,0.0037593984962406013
9BAFC3B68E0CB2F131E84C5A68EA75636FCABCB8D8026B15B7C3FDA54700830F,benign2017/9BAFC3B68E0CB2F131E84C5A68EA75636FCABCB8D8026B15B7C3FDA54700830F.apk.logcat,False,6987,261,11,2,0.0373550880206097,0.0002844141069397042
9BC4880D4D89D0F1AB6851FF61D0A3B4DB9C2BFF5273C0EA572493DA3F4DB87A,benign2017/9BC4880D4D89D0F1AB6851FF61D0A3B4DB9C2BFF5273C0EA572493DA3F4DB87A.apk.logcat,False,1420,58,8,2,0.04084507042253521,0.0014054813773717498
9C0043816D92219C2BEBE5EF562077A36482FE12D515DB79F789E32B669D587A,benign2017/9C0043816D92219C2BEBE5EF562077A36482FE12D515DB79F789E32B669D587A.apk.logcat,False,40535,305,10,2,0.0075243616627605776,4.9046054244935994e-05
9CA971EE4216CD307A389AED31E5A27DAE4F6C2699D1ADCDA8B30FA9F5A42511,benign2017/9CA971EE4216CD307A389AED31E5A27DAE4F6C2699D1ADCDA8B30FA9F5A42511.apk.logcat,False,101428,2309,12,2,0.022764916985447806,1.9642120563336017e-05
9E5CDAA6FE662D177B77395F5C3234ACC88C6B70095C7EA1873AFD9ACECE1558,benign2017/9E5CDAA6FE662D177B77395F5C3234ACC88C6B70095C7EA1873AFD9ACECE1558.apk.logcat,False,90399,7772,8,2,0.08597440237170766,2.1930786438001667e-05
9E70D8852E47ED899FC59FF2EA961D9917777EA75377DFD66BE00A5451A533DE,benign2017/9E70D8852E47ED899FC59FF2EA961D9917777EA75377DFD66BE00A5451A533DE.apk.logcat,False,1255,97,6,2,0.07729083665338646,0.001519756838905775
9EC8D1CC781EEDAB9CCE4972C0C7E9753074B2AD66EA41A7545CE295BF9EACE7,benign2017/9EC8D1CC781EEDAB9CCE4972C0C7E9753074B2AD66EA41A7545CE295BF9EACE7.apk.logcat,False,947,96,3,2,0.10137275607180571,0.001530221882172915
9EC9F62F2FE2F4079B973C26FAD9C37AB11C39C187FE0A0713341267209C52DB,benign2017/9EC9F62F2FE2F4079B973C26FAD9C37AB11C39C187FE0A0713341267209C52DB.apk.logcat,False,2,2,1,2,1.0,0.07142857142857142
9F83674541D88AF040F60478B6BFE900047415C84D9925EE3B5C4BB2757F85A1,benign2017/9F83674541D88AF040F60478B6BFE900047415C84D9925EE3B5C4BB2757F85A1.apk.logcat,False,60943,4543,4,2,0.07454506670167206,3.2787960260992165e-05
9FAC4851B3A73B3CCFFFE73634D5ADC522160030D4F9FBEEE357EEEDABE06825,benign2017/9FAC4851B3A73B3CCFFFE73634D5ADC522160030D4F9FBEEE357EEEDABE06825.apk.logcat,False,56064,2660,8,2,0.04744577625570776,3.560239248077471e-05
A013F1C801FF8E611FEC03CE81FCABAD1FD13DA8D988C54A0180C3D17176334E,benign2017/A013F1C801FF8E611FEC03CE81FCABAD1FD13DA8D988C54A0180C3D17176334E.apk.logcat,False,20702,419,7,2,0.02023959037774128,9.51339009656091e-05
A03ECB6C5710F34F002D6B3FC380DC897295C6ED1CEBE77CF197999CB67C7868,benign2017/A03ECB6C5710F34F002D6B3FC380DC897295C6ED1CEBE77CF197999CB67C7868.apk.logcat,False,867,3,2,2,0.0034602076124567475,0.0022675736961451248
A0F413E50EE00DB4E3CE3E070187839F6EF0E34CD73F02FEEE2DC7A583DDB954,benign2017/A0F413E50EE00DB4E3CE3E070187839F6EF0E34CD73F02FEEE2DC7A583DDB954.apk.logcat,False,33788,755,6,2,0.02234521131762756,5.89622641509434e-05
A1442023DAADF58DE06631A414B6FEA7DB07D37D86620D5D4841B50173302D42,benign2017/A1442023DAADF58DE06631A414B6FEA7DB07D37D86620D5D4841B50173302D42.apk.logcat,False,1139,13,4,2,0.01141352063213345,0.0017346053772766695
A14D19BAB8509AFD6A0D0035A85CA389A7ED806923CC395AF273DA4C20F1BC45,benign2017/A14D19BAB8509AFD6A0D0035A85CA389A7ED806923CC395AF273DA4C20F1BC45.apk.logcat,False,176278,1564,11,2,0.00887234935726523,1.129707349311161e-05
A193F7E12FA00962E38799204BBB2E2B77CD04840E4C2C7F5B0BC61171AF0D1F,benign2017/A193F7E12FA00962E38799204BBB2E2B77CD04840E4C2C7F5B0BC61171AF0D1F.apk.logcat,False,866,21,3,2,0.02424942263279446,0.002304147465437788
A22924B5862EE646B1A0BBAC00B9864D334C8214A9D4029F70B597BE6E97F295,benign2017/A22924B5862EE646B1A0BBAC00B9864D334C8214A9D4029F70B597BE6E97F295.apk.logcat,True,0,0,0,2,0.0,1.0
A27B53F515AE39A6E186D6F6A0B91F0BADCF4993DADEC25EE7EBC820C8456B1B,benign2017/A27B53F515AE39A6E186D6F6A0B91F0BADCF4993DADEC25EE7EBC820C8456B1B.apk.logcat,True,0,0,0,2,0.0,1.0
A2ED61A8F7AFCC24B8E25B93A77A0D9B0AF1861ADD6476F1273D548C8FD1EE99,benign2017/A2ED61A8F7AFCC24B8E25B93A77A0D9B0AF1861ADD6476F1273D548C8FD1EE99.apk.logcat,False,251295,10257,7,2,0.040816570166537336,7.951748788352278e-06
A3143EC54FA520865B04A947ED3894646E14FD5A504C1F81A5154718B82474A4,benign2017/A3143EC54FA520865B04A947ED3894646E14FD5A504C1F81A5154718B82474A4.apk.logcat,False,48916,2280,5,2,0.04661051598658925,4.0556434278298255e-05
A3A45D6FE44B29C169B1C5F6070CCBB436895D469137BFDE37E4831A27B627F9,benign2017/A3A45D6FE44B29C169B1C5F6070CCBB436895D469137BFDE37E4831A27B627F9.apk.logcat,False,1126,126,5,2,0.11190053285968028,0.001755926251097454
A402BEDAB4AEB15BE87F27048B9D03DF1569B2CC1CFC9C1CD1BAD6377BE8D33A,benign2017/A402BEDAB4AEB15BE87F27048B9D03DF1569B2CC1CFC9C1CD1BAD6377BE8D33A.apk.logcat,False,3282,347,6,2,0.10572821450335161,0.0006079027355623101
A4163D248FB7A232D2232857B5B5FA26930C0EB778C9C915CD4D7AF834AAD7B4,benign2017/A4163D248FB7A232D2232857B5B5FA26930C0EB778C9C915CD4D7AF834AAD7B4.apk.logcat,False,561,49,4,2,0.0873440285204991,0.0035460992907801418
A599E73C2BD928DCB5640A902713E0DDF7D17AA24C2248A0AE9B31929CDBB044,benign2017/A599E73C2BD928DCB5640A902713E0DDF7D17AA24C2248A0AE9B31929CDBB044.apk.logcat,False,29592,1164,7,2,0.03933495539334955,6.738771521951549e-05
A5A6C0E93E468503076E0EB9B8B5E2F47856E372CA2BF21D676264CFE3DE812D,benign2017/A5A6C0E93E468503076E0EB9B8B5E2F47856E372CA2BF21D676264CFE3DE812D.apk.logcat,False,921,155,4,2,0.16829533116178066,0.0021668472372697724
A658722EB44B34F547EE65A362B07D4F9AC6C59EB8E55AECF82C22BE14828854,benign2017/A658722EB44B34F547EE65A362B07D4F9AC6C59EB8E55AECF82C22BE14828854.apk.logcat,False,752,5,3,2,0.006648936170212766,0.002652519893899204
A706F259C597F572C2396E2B6893A8625FC628C8607E0915AF6A8A6984CC54AE,benign2017/A706F259C597F572C2396E2B6893A8625FC628C8607E0915AF6A8A6984CC54AE.apk.logcat,False,95,0,0,2,0.0,0.020618556701030927
A72BE85D1F577E80AB58B82776E89354AF1BAF818E121DBA64B68C46D34C4528,benign2017/A72BE85D1F577E80AB58B82776E89354AF1BAF818E121DBA64B68C46D34C4528.apk.logcat,False,61630,1928,10,2,0.03128346584455622,3.1512439535506643e-05
A809B86328C1A17773AC0D17A8539C778943A5250336F0C850949A284C883A72,benign2017/A809B86328C1A17773AC0D17A8539C778943A5250336F0C850949A284C883A72.apk.logcat,False,20752,2593,10,2,0.12495181187355435,9.614460148062687e-05
A811D603EC2CE108483950AE61C6866D1E737708C8E4B3FA47D38764F0F68854,benign2017/A811D603EC2CE108483950AE61C6866D1E737708C8E4B3FA47D38764F0F68854.apk.logcat,False,257,90,1,2,0.35019455252918286,0.007722007722007722
A8BA20BD2A599C4EC5E7CB999D5686E8DD508BB5D096630DBD051ED6CF1DFC99,benign2017/A8BA20BD2A599C4EC5E7CB999D5686E8DD508BB5D096630DBD051ED6CF1DFC99.apk.logcat,False,15172,21,3,2,0.0013841286580543106,0.0001314233144959916
A908022CF8EC4081B15D2CC3C25F7691C77985EDAA81D7D6485480E134812681,benign2017/A908022CF8EC4081B15D2CC3C25F7691C77985EDAA81D7D6485480E134812681.apk.logcat,False,1409,1,1,2,0.0007097232079489,0.001417434443656981
AA7BBA76B68B2460AF04237AE77ED98643F0A533CA8AEE7C71BA752848F243AD,benign2017/AA7BBA76B68B2460AF04237AE77ED98643F0A533CA8AEE7C71BA752848F243AD.apk.logcat,False,86,0,0,2,0.0,0.022727272727272728
AB9363F2182861BF526D68EA7CE1F8F37DCD647EA365BEF1D166FE25DC6F84E7,benign2017/AB9363F2182861BF526D68EA7CE1F8F37DCD647EA365BEF1D166FE25DC6F84E7.apk.logcat,False,3357,54,1,2,0.0160857908847185,0.0005954153021732659
ABE6EB0739BCC0ED56D5584FC9F570EA93FF1FDE1171B4EE55CD12EF6B492697,benign2017/ABE6EB0739BCC0ED56D5584FC9F570EA93FF1FDE1171B4EE55CD12EF6B492697.apk.logcat,False,2404,202,3,2,0.08402662229617304,0.0008261049153242462
AC1FCC387FB39632750A1A27A7C64C2CFF31C45A2317369B04336B443E6301E7,benign2017/AC1FCC387FB39632750A1A27A7C64C2CFF31C45A2317369B04336B443E6301E7.apk.logcat,False,87873,1731,6,2,0.01969888361612782,2.2758824734290723e-05
AC5A6F9B08F845959BDF59CE3E89BC876821D5D6A053C2ED25F5E76F7EB0393F,benign2017/AC5A6F9B08F845959BDF59CE3E89BC876821D5D6A053C2ED25F5E76F7EB0393F.apk.logcat,False,78484,2774,7,2,0.035344783650170734,2.537555826228177e-05
AD312B18C97552124F07EF9739B09B350826987CE715EC84E916DB220DC2A6AC,benign2017/AD312B18C97552124F07EF9739B09B350826987CE715EC84E916DB220DC2A6AC.apk.logcat,False,1092,23,3,2,0.021062271062271064,0.0018099547511312218
AD467835536AC62E1D50782037545816587DA7BDD626F90F7CE4DDF81BFA102C,benign2017/AD467835536AC62E1D50782037545816587DA7BDD626F90F7CE4DDF81BFA102C.apk.logcat,False,2751,83,5,2,0.030170846964740095,0.000723589001447178
ADFFC1659EBBB05A44CCBC1AE19093B9348A458C0A7F22DC65AD1D4BEC49CCF5,benign2017/ADFFC1659EBBB05A44CCBC1AE19093B9348A458C0A7F22DC65AD1D4BEC49CCF5.apk.logcat,False,175,5,2,2,0.02857142857142857,0.011299435028248588
AE5884FB6E1969F04B273F9DFAD12D30FB6B9B606A1444EDC438B86B781DD1F3,benign2017/AE5884FB6E1969F04B273F9DFAD12D30FB6B9B606A1444EDC438B86B781DD1F3.apk.logcat,False,177234,3118,7,2,0.017592561246713385,1.123286286359373e-05
AE9415A9EE9A7CD3FFDBE9F21CBB2D035240E6EDE340ED05665957B5037F1D9D,benign2017/AE9415A9EE9A7CD3FFDBE9F21CBB2D035240E6EDE340ED05665957B5037F1D9D.apk.logcat,False,1233,15,3,2,0.012165450121654502,0.0016012810248198558
AEB24A96D8B4AD5EDD58206D4AD7B239DC05F72A9EDAB84C4D5C547531DC5742,benign2017/AEB24A96D8B4AD5EDD58206D4AD7B239DC05F72A9EDAB84C4D5C547531DC5742.apk.logcat,False,65273,2591,8,2,0.039694820216628623,3.0473404336365436e-05
AECB46C309C759112613D9A5F13E1BABC767E66ADCD93901D51D9C182CDC6724,benign2017/AECB46C309C759112613D9A5F13E1BABC767E66ADCD93901D51D9C182CDC6724.apk.logcat,False,525451,18500,6,2,0.035207850018365176,3.7508603535936054e-06
AED523B1D46F294BAF0681E9100B8DFC5672A0438C4B53739D1574CE9E61814C,benign2017/AED523B1D46F294BAF0681E9100B8DFC5672A0438C4B53739D1574CE9E61814C.apk.logcat,False,35583,4415,4,2,0.12407610375741225,5.571961887780688e-05
AEF08DA0796E5817379320C9214E1431C07BB41D660A8E4F07891F134FA5C5A6,benign2017/AEF08DA0796E5817379320C9214E1431C07BB41D660A8E4F07891F134FA5C5A6.apk.logcat,False,871,151,4,2,0.17336394948335246,0.0022624434389140274
AF40D196CED0C8CA55DFAAE392A3E484F48D63B3DF7C8078B155660BD69AED35,benign2017/AF40D196CED0C8CA55DFAAE392A3E484F48D63B3DF7C8078B155660BD69AED35.apk.logcat,False,199,73,1,2,0.36683417085427134,0.009950248756218905
AFE91D394FBCB33670FB9D7D72B3BF87C3CAE53F7C79D041487E56BC2283DB5B,benign2017/AFE91D394FBCB33670FB9D7D72B3BF87C3CAE53F7C79D041487E56BC2283DB5B.apk.logcat,False,4088,66,1,2,0.01614481409001957,0.0004889975550122249
AFF225500F0C1923CA5E363CD8AE9ACAB1698BFD7F70B40C6C026F5220683AEF,benign2017/AFF225500F0C1923CA5E363CD8AE9ACAB1698BFD7F70B40C6C026F5220683AEF.apk.logcat,False,692,12,1,2,0.017341040462427744,0.002881844380403458
ah.creativecodeapps.tiempo,benign2017/ah.creativecodeapps.tiempo.apk.logcat,False,14943,113,9,2,0.0075620691962791945,0.0001337255950788981
air.bahraniapps.expressivecomiccreator,benign2017/air.bahraniapps.expressivecomiccreator.apk.logcat,False,338,0,0,2,0.0,0.0058823529411764705
air.com.adobe.connectpro,benign2017/air.com.adobe.connectpro.apk.logcat,False,788,20,1,2,0.025380710659898477,0.002531645569620253
air.com.flaxbin.chat,benign2017/air.com.flaxbin.chat.apk.logcat,False,345,0,0,2,0.0,0.005763688760806916
air.fisherprice.com.animalsounds,benign2017/air.fisherprice.com.animalsounds.apk.logcat,False,700,36,1,2,0.05142857142857143,0.002680965147453083
amazing.guidespiderman,benign2017/amazing.guidespiderman.apk.logcat,False,7306,42,6,2,0.005748699698877635,0.00027326137450471376
an.SpanishTranslate,benign2017/an.SpanishTranslate.apk.logcat,False,4903,236,9,2,0.04813379563532531,0.0004005607850991388
aplicacion.tiempo,benign2017/aplicacion.tiempo.apk.logcat,False,53753,557,7,2,0.010362212341636746,3.7205841317086785e-05
appinventor.ai_app_jcstudio.FodaSe,benign2017/appinventor.ai_app_jcstudio.FodaSe.apk.logcat,False,9373,1,1,2,0.0001066894270777766,0.00021333333333333333
app.qrcode,benign2017/app.qrcode.apk.logcat,False,5638,178,7,2,0.03157147924796027,0.0003546099290780142
app.quiktrip.com.quiktrip,benign2017/app.quiktrip.com.quiktrip.apk.logcat,False,1376,34,5,2,0.024709302325581394,0.001451378809869376
app.zenly.locator,benign2017/app.zenly.locator.apk.logcat,False,1357,63,7,2,0.04642593957258659,0.0014716703458425313
arproductions.andrew.worklog,benign2017/arproductions.andrew.worklog.apk.logcat,False,23050,163,7,2,0.007071583514099783,8.663634394628546e-05
au.com.penguinapps.android.beautifulcontractiontimer.app,benign2017/au.com.penguinapps.android.beautifulcontractiontimer.app.apk.logcat,False,1043,47,6,2,0.045062320230105465,0.001893939393939394
au.com.realestate.app,benign2017/au.com.realestate.app.apk.logcat,False,1663,70,6,2,0.04209260372820205,0.0011933174224343676
audio.virtualizer.equalizer.bassbooster.musicplayer,benign2017/audio.virtualizer.equalizer.bassbooster.musicplayer.apk.logcat,False,8354,986,7,2,0.11802729231505865,0.00023934897079942556
B0DEDFF45FFE188797BB7A18447C3B5BAC25335012DE2475470F55FA3431594E,benign2017/B0DEDFF45FFE188797BB7A18447C3B5BAC25335012DE2475470F55FA3431594E.apk.logcat,False,563,17,6,2,0.03019538188277087,0.0035398230088495575
B0F31EEBCF285F67A79D58D01D85A541AA59EB9729A81A51597112165EB48C8B,benign2017/B0F31EEBCF285F67A79D58D01D85A541AA59EB9729A81A51597112165EB48C8B.apk.logcat,False,24231,355,8,2,0.014650654120754406,8.167932696234583e-05
B0F4A6A99235AA7FA9DA86C37BF961AB4A1F0F52785E7248AE002926731490C8,benign2017/B0F4A6A99235AA7FA9DA86C37BF961AB4A1F0F52785E7248AE002926731490C8.apk.logcat,False,1030,13,3,2,0.01262135922330097,0.0019175455417066154
B125FBF2F32E3F846A546222A3E78887234CE8F305B5058AEEE3A2271A21631B,benign2017/B125FBF2F32E3F846A546222A3E78887234CE8F305B5058AEEE3A2271A21631B.apk.logcat,False,211271,1269,7,2,0.006006503495510506,9.450143405926185e-06
B1A0F123A9E8F35D64C97144D7CE265CCC2B66FA78EA8FA9B045A5762C89ED59,benign2017/B1A0F123A9E8F35D64C97144D7CE265CCC2B66FA78EA8FA9B045A5762C89ED59.apk.logcat,False,31899,1442,8,2,0.045205178845731844,6.249804693603325e-05
B1A4D9AA751B1E238FD102AC6FAD744761AD722D59101C9B39D20C0DB4D831F3,benign2017/B1A4D9AA751B1E238FD102AC6FAD744761AD722D59101C9B39D20C0DB4D831F3.apk.logcat,False,608,26,3,2,0.04276315789473684,0.003278688524590164
B1A856619192609FC68AA5E4AE46786FAEBAC8EBEC20317821E8CDC326111FDA,benign2017/B1A856619192609FC68AA5E4AE46786FAEBAC8EBEC20317821E8CDC326111FDA.apk.logcat,False,1259,32,3,2,0.025416997617156472,0.0015860428231562252
B1BBC4F738BD014BF60BBB39BB40E65F86F0CAB4CDD4999923E04401D4A25D8A,benign2017/B1BBC4F738BD014BF60BBB39BB40E65F86F0CAB4CDD4999923E04401D4A25D8A.apk.logcat,False,521,13,2,2,0.02495201535508637,0.0038240917782026767
B1D83663D7446C802517A355A3E822EE5E05754C97321BADAD0561D7A7DD534B,benign2017/B1D83663D7446C802517A355A3E822EE5E05754C97321BADAD0561D7A7DD534B.apk.logcat,False,49469,1718,10,2,0.034728820069134206,4.022849786788961e-05
B2011D19DA40D922EB048F74C7BCAEE8A66CDA5B760CABCE6CD02C2EEC197BF0,benign2017/B2011D19DA40D922EB048F74C7BCAEE8A66CDA5B760CABCE6CD02C2EEC197BF0.apk.logcat,False,996,11,2,2,0.01104417670682731,0.0019821605550049554
B2BA35DDB25C2A88D93F46655822BCA3C650402092BED73D49BA39FD03BFA002,benign2017/B2BA35DDB25C2A88D93F46655822BCA3C650402092BED73D49BA39FD03BFA002.apk.logcat,False,69094,294,4,2,0.004255072799374765,2.8621311428489655e-05
B43D18D0102560D423D916B23C839C2C26DD4BAB39E46747133C1F30EB946BA6,benign2017/B43D18D0102560D423D916B23C839C2C26DD4BAB39E46747133C1F30EB946BA6.apk.logcat,False,914,6,3,2,0.006564551422319475,0.002129925452609159
B4C8DDE2CB4AD0331482AE57432A9084AC125D7A270E174412C7FFC5D14603C4,benign2017/B4C8DDE2CB4AD0331482AE57432A9084AC125D7A270E174412C7FFC5D14603C4.apk.logcat,False,600,2,2,2,0.0033333333333333335,0.003316749585406302
B5005C55B90DCB1303E3F5549E6117E726680F7784626B6F52424D8A55444102,benign2017/B5005C55B90DCB1303E3F5549E6117E726680F7784626B6F52424D8A55444102.apk.logcat,True,0,0,0,2,0.0,1.0
B53AB0F17863D57EC432301326AF72E6EBF072F6D8B35BCE1F6B2D32FE3C105A,benign2017/B53AB0F17863D57EC432301326AF72E6EBF072F6D8B35BCE1F6B2D32FE3C105A.apk.logcat,False,13532,1802,3,2,0.13316582914572864,0.00014777597162701344
B575B2BBEC3EAF1662E7885695F21BD8936C9AA40B33107D466429F8D29B469C,benign2017/B575B2BBEC3EAF1662E7885695F21BD8936C9AA40B33107D466429F8D29B469C.apk.logcat,False,713,135,1,2,0.18934081346423562,0.002797202797202797
B5AEA0134DE1518AD5F1B8B7B5A0428EE4FCC3520C589E66A364EFC936D968B0,benign2017/B5AEA0134DE1518AD5F1B8B7B5A0428EE4FCC3520C589E66A364EFC936D968B0.apk.logcat,False,50396,1442,8,2,0.02861338201444559,3.9511636176854084e-05
B690F92672F5F92457ECC8915E63E825FD5097DF271DFE9A946E17BC08E3268D,benign2017/B690F92672F5F92457ECC8915E63E825FD5097DF271DFE9A946E17BC08E3268D.apk.logcat,False,38022,902,13,2,0.023723107674504234,5.24920605758379e-05
B69E494047BE5D3A74E901E3939239C0B954F3291AA1EBD5723188E2B4F7097D,benign2017/B69E494047BE5D3A74E901E3939239C0B954F3291AA1EBD5723188E2B4F7097D.apk.logcat,False,10292,1018,5,2,0.09891177613680528,0.00018216595318335004
B6EB06AB731AC17716A0989CBA617FE0ABE746C5C351816123E00CFF759E661C,benign2017/B6EB06AB731AC17716A0989CBA617FE0ABE746C5C351816123E00CFF759E661C.apk.logcat,False,2821,98,5,2,0.034739454094292806,0.0006906077348066298
B7B9C3D97E513D45539178EF57085CAFB3CFE97523E7372074AFC6EC28026AEC,benign2017/B7B9C3D97E513D45539178EF57085CAFB3CFE97523E7372074AFC6EC28026AEC.apk.logcat,False,176599,4016,7,2,0.022740785621662638,1.1259676284306827e-05
B87B092D26749A1F231FF33580C026C98310F78CC9CB47A33DC01AC59A64647D,benign2017/B87B092D26749A1F231FF33580C026C98310F78CC9CB47A33DC01AC59A64647D.apk.logcat,False,1116,13,4,2,0.011648745519713262,0.0017857142857142857
B8A793C5BD80550FF7208A33DEC173D4189E1263F1366C6B3ADBD08CB7EA98AB,benign2017/B8A793C5BD80550FF7208A33DEC173D4189E1263F1366C6B3ADBD08CB7EA98AB.apk.logcat,False,15138,112,3,2,0.007398599550799313,0.0001320829480914014
B8B459120816B86FC1252DDA38396A369D9338A5B6B3EE34592FB65B5F688BD5,benign2017/B8B459120816B86FC1252DDA38396A369D9338A5B6B3EE34592FB65B5F688BD5.apk.logcat,False,721,5,2,2,0.006934812760055479,0.0027662517289073307
B8D5027DDEE490DF3429F4BB03025ED49703273265FE6908D8A08CDC71131028,benign2017/B8D5027DDEE490DF3429F4BB03025ED49703273265FE6908D8A08CDC71131028.apk.logcat,False,2412,64,4,2,0.026533996683250415,0.0008285004142502071
B91FA2C042996372971016F0FAEA46F8892A02F2A8AD7BCCCF048FBB59B6505A,benign2017/B91FA2C042996372971016F0FAEA46F8892A02F2A8AD7BCCCF048FBB59B6505A.apk.logcat,False,510,15,2,2,0.029411764705882353,0.00390625
B96C0818FC779106B3FEDA5241928A1A2072AC8BB284464224FE5CE09FCF40E1,benign2017/B96C0818FC779106B3FEDA5241928A1A2072AC8BB284464224FE5CE09FCF40E1.apk.logcat,False,433,18,4,2,0.04157043879907621,0.004484304932735426
B9F5758F16D6FCA138DD5A11585AE6181D0A386F4823D8FF1CF82D3671B45715,benign2017/B9F5758F16D6FCA138DD5A11585AE6181D0A386F4823D8FF1CF82D3671B45715.apk.logcat,False,119322,2490,9,2,0.020867903655654448,1.6580173428614064e-05
BA2CB39CBE30D9B07181B0C66EEEED47541F0193DAB7891AFDB2943C91F71D91,benign2017/BA2CB39CBE30D9B07181B0C66EEEED47541F0193DAB7891AFDB2943C91F71D91.apk.logcat,False,1006,47,7,2,0.04671968190854871,0.001937984496124031
baby.com.AwesomeToys,benign2017/baby.com.AwesomeToys.apk.logcat,False,3069,197,7,2,0.0641902899967416,0.0006443298969072165
baby.com.BabyBigMouth,benign2017/baby.com.BabyBigMouth.apk.logcat,False,2923,212,7,2,0.07252822442695861,0.0006736274840013472
baby.com.BubblePOPKids,benign2017/baby.com.BubblePOPKids.apk.logcat,False,55,6,3,2,0.10909090909090909,0.029411764705882353
baby.com.Chansons1,benign2017/baby.com.Chansons1.apk.logcat,False,316,36,4,2,0.11392405063291139,0.0060790273556231
baby.com.CKNToys,benign2017/baby.com.CKNToys.apk.logcat,False,300,36,4,2,0.12,0.006389776357827476
baby.com.CrazyFunKids,benign2017/baby.com.CrazyFunKids.apk.logcat,False,2549,195,7,2,0.07650058846606513,0.0007739938080495357
baby.com.DisneyCarToys,benign2017/baby.com.DisneyCarToys.apk.logcat,False,3216,242,7,2,0.07524875621890548,0.0006131207847946045
baby.com.FamilyFunPack,benign2017/baby.com.FamilyFunPack.apk.logcat,False,3392,243,7,2,0.07163915094339622,0.0005817335660267597
baby.com.FluffyJetToys,benign2017/baby.com.FluffyJetToys.apk.logcat,False,3132,211,7,2,0.06736909323116219,0.0006315124723713293
baby.com.FunToyzCollector,benign2017/baby.com.FunToyzCollector.apk.logcat,False,3331,206,7,2,0.06184329030321225,0.0005941770647653001
baby.com.Kiddyzuzaa,benign2017/baby.com.Kiddyzuzaa.apk.logcat,False,3459,234,7,2,0.06764960971379011,0.0005724098454493417
baby.com.KidsandToys,benign2017/baby.com.KidsandToys.apk.logcat,False,1954,194,7,2,0.0992835209825998,0.001005530417295123
baby.com.KidsSurpriseFun,benign2017/baby.com.KidsSurpriseFun.apk.logcat,False,347,47,5,2,0.13544668587896252,0.005390835579514825
baby.com.kidssurprises,benign2017/baby.com.kidssurprises.apk.logcat,False,2962,204,7,2,0.0688723835246455,0.000667334000667334
baby.com.KidsToyscollection,benign2017/baby.com.KidsToyscollection.apk.logcat,False,55,6,3,2,0.10909090909090909,0.029411764705882353
baby.com.kidsToysReview,benign2017/baby.com.kidsToysReview.apk.logcat,False,55,6,3,2,0.10909090909090909,0.029411764705882353
baby.com.MightyToys,benign2017/baby.com.MightyToys.apk.logcat,False,21,3,1,2,0.14285714285714285,0.058823529411764705
baby.com.NaoDisneyToys,benign2017/baby.com.NaoDisneyToys.apk.logcat,False,302,26,4,2,0.08609271523178808,0.006134969325153374
baby.com.PlayToys,benign2017/baby.com.PlayToys.apk.logcat,False,141,14,3,2,0.09929078014184398,0.012987012987012988
baby.com.SurpriseCollector,benign2017/baby.com.SurpriseCollector.apk.logcat,False,11,0,0,2,0.0,0.15384615384615385
baby.com.ToyAndMe,benign2017/baby.com.ToyAndMe.apk.logcat,False,52,6,1,2,0.11538461538461539,0.02631578947368421
baby.com.ToyGenieSurprises,benign2017/baby.com.ToyGenieSurprises.apk.logcat,False,41,6,1,2,0.14634146341463414,0.03076923076923077
baby.com.ToysToSee,benign2017/baby.com.ToysToSee.apk.logcat,False,22,0,0,2,0.0,0.08333333333333333
bacterial.vaginosis.symptoms,benign2017/bacterial.vaginosis.symptoms.apk.logcat,False,2586,102,3,2,0.03944315545243619,0.0006435006435006435
BB46B744237EE51B4BBE0FC020AC4C225A617FA3F545B8C310DD62F50C46D231,benign2017/BB46B744237EE51B4BBE0FC020AC4C225A617FA3F545B8C310DD62F50C46D231.apk.logcat,False,9431,179,4,2,0.01897995970734811,0.000212021626205873
BB6F3637AF16986CCFB63B81BE0F3291BDC94EDB9D5E3DCEAC44B28ADDB94013,benign2017/BB6F3637AF16986CCFB63B81BE0F3291BDC94EDB9D5E3DCEAC44B28ADDB94013.apk.logcat,False,946,22,2,2,0.023255813953488372,0.002109704641350211
BB8265F7FB8F7B7803BFE4B180BECC52FFC729B4BF554AE942E6B3D4D3D73638,benign2017/BB8265F7FB8F7B7803BFE4B180BECC52FFC729B4BF554AE942E6B3D4D3D73638.apk.logcat,False,4043,121,2,2,0.029928271085827355,0.0004944375772558715
bbc.mobile.news.ww,benign2017/bbc.mobile.news.ww.apk.logcat,False,24039,585,7,2,0.024335454885810556,8.319121500769518e-05
BBFEC389F1810D1474FE3E1B9998AEF82DF2A5D55A5F80219788004D3DA1FC9A,benign2017/BBFEC389F1810D1474FE3E1B9998AEF82DF2A5D55A5F80219788004D3DA1FC9A.apk.logcat,False,940,32,2,2,0.03404255319148936,0.0021231422505307855
BC850E1C55712D61B20B9B43EF616F73CF6E49468DC2DBF12709B63D664FC741,benign2017/BC850E1C55712D61B20B9B43EF616F73CF6E49468DC2DBF12709B63D664FC741.apk.logcat,False,25738,101,4,2,0.003924158831300023,7.7003041620144e-05
BD47D8A431A30EA5D491A6D2799EF45E32A60600880DC82EC06849BF48C82A2E,benign2017/BD47D8A431A30EA5D491A6D2799EF45E32A60600880DC82EC06849BF48C82A2E.apk.logcat,False,951,8,3,2,0.008412197686645636,0.0020491803278688526
BE33601789DF6EA4A5E198D4ED4046A2261D9F0035CEDEBEAA854F1ABD2D2791,benign2017/BE33601789DF6EA4A5E198D4ED4046A2261D9F0035CEDEBEAA854F1ABD2D2791.apk.logcat,False,53637,2046,8,2,0.03814531014038817,3.717126661090977e-05
BE6AD92954DAA4FBF3C51B9919FCAF2EDC04A4D0396358C22B315F79E1289FE3,benign2017/BE6AD92954DAA4FBF3C51B9919FCAF2EDC04A4D0396358C22B315F79E1289FE3.apk.logcat,False,949,24,2,2,0.02528977871443625,0.0020100502512562816
BEA9040406CB71888776ACB561E3577AD0E467ABE7FD1816E2A9A99472E30554,benign2017/BEA9040406CB71888776ACB561E3577AD0E467ABE7FD1816E2A9A99472E30554.apk.logcat,False,121207,1920,8,2,0.015840669268276583,1.644128406428542e-05
bebekcinsiyettahmini.snstu.com.babygenderprediction,benign2017/bebekcinsiyettahmini.snstu.com.babygenderprediction.apk.logcat,False,7856,129,5,2,0.016420570264765785,0.0002534533012292485
bebekcinsiyettahmini.snstu.com.bebekcinsiyettahmini,benign2017/bebekcinsiyettahmini.snstu.com.bebekcinsiyettahmini.apk.logcat,False,5660,178,10,2,0.031448763250883395,0.0003518648838845883
be.hiphopringtoness.com,benign2017/be.hiphopringtoness.com.apk.logcat,False,11,0,0,2,0.0,0.15384615384615385
berkah25com.guideforroblox.guideforroblox,benign2017/berkah25com.guideforroblox.guideforroblox.apk.logcat,False,24644,414,5,2,0.01679922090569713,8.078849571820973e-05
best.butt.funphotoapps,benign2017/best.butt.funphotoapps.apk.logcat,False,30,0,0,2,0.0,0.0625
BF1733740489738A458DAD5B1BB6A680F5899583281A66DC485DFE525F4E35C1,benign2017/BF1733740489738A458DAD5B1BB6A680F5899583281A66DC485DFE525F4E35C1.apk.logcat,False,1153,22,5,2,0.019080659150043366,0.0017152658662092624
BF3AF07B03ED0DED1BAEE8E623883E4291E9E94430C4E7356F48E4EF68464FAA,benign2017/BF3AF07B03ED0DED1BAEE8E623883E4291E9E94430C4E7356F48E4EF68464FAA.apk.logcat,False,958,19,5,2,0.019832985386221295,0.0020597322348094747
BF703B6B52366F005868E02BB159D807F3253FE21341D1DB3F5D5D7F12560976,benign2017/BF703B6B52366F005868E02BB159D807F3253FE21341D1DB3F5D5D7F12560976.apk.logcat,False,45,0,0,2,0.0,0.0425531914893617
BFA904BE1D92754C5E3969AACDFE5CC573F5119B3E382697E4B6AA714A2028F3,benign2017/BFA904BE1D92754C5E3969AACDFE5CC573F5119B3E382697E4B6AA714A2028F3.apk.logcat,False,19119,136,2,2,0.007113342748051676,0.00010459703990377072
bibleverses.bibleverse.bible.biblia.verse.devotion,benign2017/bibleverses.bibleverse.bible.biblia.verse.devotion.apk.logcat,False,9254,95,7,2,0.010265830992003459,0.000216076058772688
biz.binarysolutions.fasp,benign2017/biz.binarysolutions.fasp.apk.logcat,False,1617,141,6,2,0.08719851576994433,0.0011350737797956867
biz.buildapps.UsedMobileHomes,benign2017/biz.buildapps.UsedMobileHomes.apk.logcat,False,22856,81,5,2,0.003543927196359818,8.739730816290858e-05
biz.quetzal.Terminology,benign2017/biz.quetzal.Terminology.apk.logcat,False,5005,21,3,2,0.004195804195804196,0.0003994407829039345
bookapps.fifa17totalguide,benign2017/bookapps.fifa17totalguide.apk.logcat,False,8914,1158,5,2,0.1299080098721113,0.00022431583669807088
boundless.moodgym,benign2017/boundless.moodgym.apk.logcat,False,1390,46,7,2,0.033093525179856115,0.0014367816091954023
braces.teethbooth.smilebraces,benign2017/braces.teethbooth.smilebraces.apk.logcat,False,855,8,2,2,0.00935672514619883,0.002333722287047841
br.com.ctncardoso.ctncar,benign2017/br.com.ctncardoso.ctncar.apk.logcat,False,3124,148,6,2,0.04737516005121639,0.0006397952655150352
br.com.gerenciadorfinanceiro.controller,benign2017/br.com.gerenciadorfinanceiro.controller.apk.logcat,False,5663,254,8,2,0.044852551651068336,0.000351000351000351
br.com.rodrigokolb.realdrum,benign2017/br.com.rodrigokolb.realdrum.apk.logcat,False,6726,492,5,2,0.07314897413024085,0.00029726516052318666
br.com.tunglabs.bibliasagrada.kjv.women,benign2017/br.com.tunglabs.bibliasagrada.kjv.women.apk.logcat,False,3432,479,5,2,0.13956876456876458,0.0005824111822947001
C06F70C3D8DCECF88DA75655808165817A35EC8BDAFA1CE3DAC093EC357C13E1,benign2017/C06F70C3D8DCECF88DA75655808165817A35EC8BDAFA1CE3DAC093EC357C13E1.apk.logcat,False,298,4,2,2,0.013422818791946308,0.006666666666666667
C0999C03E9F319D62F6D9669A37C57CB393E01DC9B72AFD6838A0411F4D8BF29,benign2017/C0999C03E9F319D62F6D9669A37C57CB393E01DC9B72AFD6838A0411F4D8BF29.apk.logcat,False,24494,734,8,2,0.029966522413652323,8.152616990053807e-05
C0AE662F3ABE8F568C8EE11E9A121010871806C8A0E293467A4CBBFABD591187,benign2017/C0AE662F3ABE8F568C8EE11E9A121010871806C8A0E293467A4CBBFABD591187.apk.logcat,False,3203,248,5,2,0.07742741180143616,0.0006224712107065049
C0C0DC684A615BC0058C29B41BDE74027D24BF3CD7733DA366B0B90445F7FA53,benign2017/C0C0DC684A615BC0058C29B41BDE74027D24BF3CD7733DA366B0B90445F7FA53.apk.logcat,False,602,59,4,2,0.09800664451827243,0.0033003300330033004
C0E06E18064092A4D213ED274D3E5E78BCE463689DEE63B9B3CF4D3292803D28,benign2017/C0E06E18064092A4D213ED274D3E5E78BCE463689DEE63B9B3CF4D3292803D28.apk.logcat,False,53845,2694,8,2,0.050032500696443494,3.6907178446207786e-05
C10BB287B36E387C63EA7277B8E7A84D29C42422274940627E71B770FE545450,benign2017/C10BB287B36E387C63EA7277B8E7A84D29C42422274940627E71B770FE545450.apk.logcat,False,5089,155,5,2,0.03045785026527805,0.0003928501276762915
C1191364A3734F53BB66569C82E6AE11B7197A4DFA015C826066A29EB401E854,benign2017/C1191364A3734F53BB66569C82E6AE11B7197A4DFA015C826066A29EB401E854.apk.logcat,False,648,22,2,2,0.033950617283950615,0.003076923076923077
C180E02111EF7493B849C422EDDE687144F6EA9DC52BD9E4BF1257E999FEBC3B,benign2017/C180E02111EF7493B849C422EDDE687144F6EA9DC52BD9E4BF1257E999FEBC3B.apk.logcat,False,526,11,2,2,0.02091254752851711,0.003787878787878788
C19A85239E20AA1F5F97085064AC479743AC5BB2CD6B7DF75934B159F3D7B3C4,benign2017/C19A85239E20AA1F5F97085064AC479743AC5BB2CD6B7DF75934B159F3D7B3C4.apk.logcat,False,98,0,0,2,0.0,0.02
C1A863203A6037607EB9B963353C6851F577FD7AFFBEE589A45ECF8772A9CBB9,benign2017/C1A863203A6037607EB9B963353C6851F577FD7AFFBEE589A45ECF8772A9CBB9.apk.logcat,False,958512,7382,8,2,0.007701520690403459,2.086545744385627e-06
C3A73484C95D9910E5386DF68D4462518915E7CD1088F9D5196727764E4C263A,benign2017/C3A73484C95D9910E5386DF68D4462518915E7CD1088F9D5196727764E4C263A.apk.logcat,False,1088,14,1,2,0.012867647058823529,0.001834862385321101
C4C52FF473B9371C02472B446D1188817A1998C68C71E6AE0C8FDD1EAC638F0B,benign2017/C4C52FF473B9371C02472B446D1188817A1998C68C71E6AE0C8FDD1EAC638F0B.apk.logcat,False,1275897,1871,8,2,0.001466419311276694,1.5668099514367255e-06
C4E034DA6A798EBFFC24891E4B1C9ED2BF4B38989B651D74B86914790430E6AD,benign2017/C4E034DA6A798EBFFC24891E4B1C9ED2BF4B38989B651D74B86914790430E6AD.apk.logcat,False,1209,0,0,2,0.0,0.0016515276630883566
C53EDD1F30C8BE9BED2AFEF12B05DB6350A5A52E56D18E41BBA6289B4AC69006,benign2017/C53EDD1F30C8BE9BED2AFEF12B05DB6350A5A52E56D18E41BBA6289B4AC69006.apk.logcat,False,433023,117714,10,2,0.2718423732688564,4.61480244030753e-06
C6981CA22CA5AD78B83D3D84BD952AB4DF103D9CD3C95DB8ED8B9D28F153518F,benign2017/C6981CA22CA5AD78B83D3D84BD952AB4DF103D9CD3C95DB8ED8B9D28F153518F.apk.logcat,False,1447,611,1,2,0.42225293711126466,0.0013802622498274672
C6F936A04BE56EC43EC30417AD9DB93CF59C2C0805C9E027CAA96877A4991FD6,benign2017/C6F936A04BE56EC43EC30417AD9DB93CF59C2C0805C9E027CAA96877A4991FD6.apk.logcat,False,63,0,0,2,0.0,0.03076923076923077
C7186F090F8D06F95A60988A2AE8E870EA8AE29F9071013058BA9E33BABB8C35,benign2017/C7186F090F8D06F95A60988A2AE8E870EA8AE29F9071013058BA9E33BABB8C35.apk.logcat,False,16023,394,5,2,0.024589652374711352,0.00012458730455366598
C72D67FBF68E702370CB928B128FE9F6D42A04E76A034E899D0792ED4F3D1B34,benign2017/C72D67FBF68E702370CB928B128FE9F6D42A04E76A034E899D0792ED4F3D1B34.apk.logcat,False,865,16,5,2,0.018497109826589597,0.002304147465437788
C7321E431A833E291991EB79BB0569F777562BDB69F4E1731E9BFB67258C56C1,benign2017/C7321E431A833E291991EB79BB0569F777562BDB69F4E1731E9BFB67258C56C1.apk.logcat,False,6220,334,5,2,0.05369774919614148,0.00031600568810238584
C73248DB007E3F29DE770891091908293719401DA0604E929130BD2A0DFDB3D7,benign2017/C73248DB007E3F29DE770891091908293719401DA0604E929130BD2A0DFDB3D7.apk.logcat,False,602,28,5,2,0.046511627906976744,0.0033003300330033004
C7913E01F23FDFD72B3837E288EA475E95C113CE78DA2982E52435C9E16C38B7,benign2017/C7913E01F23FDFD72B3837E288EA475E95C113CE78DA2982E52435C9E16C38B7.apk.logcat,False,1298,167,8,2,0.12865947611710324,0.0015372790161414297
C796C5AFEA355DA6E226FD4FA5A1740857D799C9153E5FC06678A1D139430206,benign2017/C796C5AFEA355DA6E226FD4FA5A1740857D799C9153E5FC06678A1D139430206.apk.logcat,False,74491,957,7,2,0.012847189593373696,2.612432566584375e-05
C7FBB83A0517F413C1BF0518C777304A0E40A2CC00472784B4840B911294A7BA,benign2017/C7FBB83A0517F413C1BF0518C777304A0E40A2CC00472784B4840B911294A7BA.apk.logcat,False,919,28,4,2,0.030467899891186073,0.0019175455417066154
C8767C1513DDCF9F0FA489189F547F3F9F415C49313007CF4B5B6D5F56E975A0,benign2017/C8767C1513DDCF9F0FA489189F547F3F9F415C49313007CF4B5B6D5F56E975A0.apk.logcat,False,3045,20,4,13,0.006568144499178982,0.004190844616376531
C96A48F052B5C6928897F774DD0956A28353777CDCBD51FBCD795C6F0E5B07C6,benign2017/C96A48F052B5C6928897F774DD0956A28353777CDCBD51FBCD795C6F0E5B07C6.apk.logcat,False,377269,140957,10,2,0.37362465508695386,5.300105207088361e-06
C995F722A9621DBA8A45D76238FF811AA8EA5E75F874452BC776942958FA3823,benign2017/C995F722A9621DBA8A45D76238FF811AA8EA5E75F874452BC776942958FA3823.apk.logcat,False,693,56,7,2,0.08080808080808081,0.0028776978417266188
C9E8D15D5B987CCB6A7281086F8247DB5991E9957D499FEE22F64579187CFE25,benign2017/C9E8D15D5B987CCB6A7281086F8247DB5991E9957D499FEE22F64579187CFE25.apk.logcat,False,103375,485,7,2,0.004691656590084643,1.933731037350015e-05
CA58C3635825CE256CF0444C4EC04F3398D688CA4B39384C0CB65E5B2F667924,benign2017/CA58C3635825CE256CF0444C4EC04F3398D688CA4B39384C0CB65E5B2F667924.apk.logcat,False,641594,5122,8,2,0.007983241738544937,3.1171243904073614e-06
CA99D1F959970A8365C1CF27745E4DA58E17581FEBDEC65137C7EDA932B1912D,benign2017/CA99D1F959970A8365C1CF27745E4DA58E17581FEBDEC65137C7EDA932B1912D.apk.logcat,False,889,43,3,2,0.048368953880764905,0.002244668911335578
caller.id.phone.number.block,benign2017/caller.id.phone.number.block.apk.logcat,False,3555,209,9,2,0.058790436005625876,0.0005585032113934655
cars.catalog,benign2017/cars.catalog.apk.logcat,False,15696,626,8,2,0.03988277268093782,0.0001272264631043257
CBF267E021FE021818C59F71A3E5B2C57D12A3D8F06447C9E8EDD6B37C02D2FA,benign2017/CBF267E021FE021818C59F71A3E5B2C57D12A3D8F06447C9E8EDD6B37C02D2FA.apk.logcat,False,487,27,2,2,0.055441478439425054,0.00408997955010225
CC1E9DB8FD3184EA59EC3525BD0FDEC1B95B023CD44531943C0F90ABDE80347D,benign2017/CC1E9DB8FD3184EA59EC3525BD0FDEC1B95B023CD44531943C0F90ABDE80347D.apk.logcat,True,0,0,0,2,0.0,1.0
CC3683B4E938B93489AE55FA8743B67BD499D5FDFE3A3B9A9A8E0695494C1C8E,benign2017/CC3683B4E938B93489AE55FA8743B67BD499D5FDFE3A3B9A9A8E0695494C1C8E.apk.logcat,False,14647,1006,4,2,0.06868300675906329,0.0001365280906546522
CC3738C870ED62AFDE0D597BC8A0FEAF7F6B729E355E7704F234C1441FBF8B89,benign2017/CC3738C870ED62AFDE0D597BC8A0FEAF7F6B729E355E7704F234C1441FBF8B89.apk.logcat,False,1383,148,4,2,0.10701373825018076,0.001444043321299639
cc.dreamspark.intervaltimer,benign2017/cc.dreamspark.intervaltimer.apk.logcat,False,1597,70,6,2,0.043832185347526614,0.0012091898428053204
cc.pacer.androidapp,benign2017/cc.pacer.androidapp.apk.logcat,False,625,44,3,2,0.0704,0.003189792663476874
cdff.mobileapp,benign2017/cdff.mobileapp.apk.logcat,False,26802,772,5,2,0.02880382061040221,7.429144534006909e-05
CFB5164CCC63C9C81EAC1C2CA3D9F2F12D3175047267F2F538AA9C22CCB03CAD,benign2017/CFB5164CCC63C9C81EAC1C2CA3D9F2F12D3175047267F2F538AA9C22CCB03CAD.apk.logcat,False,188,0,0,2,0.0,0.010526315789473684
CFD8F8FD2DECE036FBD3DB5CB3A4CF7C53AE8161196DD56E728C75D8FC2B3687,benign2017/CFD8F8FD2DECE036FBD3DB5CB3A4CF7C53AE8161196DD56E728C75D8FC2B3687.apk.logcat,False,30081,364,8,2,0.012100661547156012,6.597611664577422e-05
chat.meet.date.me,benign2017/chat.meet.date.me.apk.logcat,False,9196,476,6,2,0.05176163549369291,0.0002158894645941278
co.adultfnder.android,benign2017/co.adultfnder.android.apk.logcat,False,4762,107,7,2,0.02246955060898782,0.00041981528127623844
codeadore.textgram,benign2017/codeadore.textgram.apk.logcat,False,13039,252,5,2,0.01932663547818084,0.0001533624722030519
codeadore.textgramlegacy,benign2017/codeadore.textgramlegacy.apk.logcat,False,9728,17,2,2,0.0017475328947368421,0.00020554984583761563
com.a83146760554baf1cdae0499a.a99394247a,benign2017/com.a83146760554baf1cdae0499a.a99394247a.apk.logcat,False,13195,302,7,2,0.02288745737021599,0.00015100037750094376
com.aarp.discounts,benign2017/com.aarp.discounts.apk.logcat,False,200527,2385,8,2,0.01189366020535888,9.959960956953048e-06
com.abclocal.kabc.news,benign2017/com.abclocal.kabc.news.apk.logcat,False,4137,197,7,2,0.047619047619047616,0.00048320850446967865
com.abclocal.ktrk.news,benign2017/com.abclocal.ktrk.news.apk.logcat,False,1735,100,5,2,0.05763688760806916,0.0011514104778353484
com.abclocal.wabc.news,benign2017/com.abclocal.wabc.news.apk.logcat,False,1041,60,5,2,0.05763688760806916,0.0019175455417066154
com.abclocal.wls.news,benign2017/com.abclocal.wls.news.apk.logcat,False,3642,208,5,2,0.057111477210323995,0.0005488474204171241
com.abclocal.wpvi.news,benign2017/com.abclocal.wpvi.news.apk.logcat,False,1789,102,5,2,0.05701509223029626,0.0011166945840312675
com.abercrombie.hollister,benign2017/com.abercrombie.hollister.apk.logcat,False,10844,320,4,2,0.02950940612320177,0.00018439977872026554
com.abschallenge,benign2017/com.abschallenge.apk.logcat,False,2501,70,8,2,0.027988804478208718,0.0007886435331230284
com.absofun.glitter.zipperlock.lockscreen.unzip,benign2017/com.absofun.glitter.zipperlock.lockscreen.unzip.apk.logcat,False,53958,51,2,2,0.000945179584120983,3.7064492216456636e-05
com.acowboys.cardboardvr,benign2017/com.acowboys.cardboardvr.apk.logcat,False,115487,1104,9,2,0.009559517521452631,1.731107129564713e-05
com.adi.remote.phone,benign2017/com.adi.remote.phone.apk.logcat,False,8075,271,8,2,0.033560371517027864,0.00024363503471799245
com.adobe.reader,benign2017/com.adobe.reader.apk.logcat,False,46010,1950,9,2,0.04238209084981526,4.2517006802721085e-05
com.adoreme.android,benign2017/com.adoreme.android.apk.logcat,False,2816,116,6,2,0.041193181818181816,0.0007097232079489
com.adpog.diary,benign2017/com.adpog.diary.apk.logcat,False,23454,888,9,2,0.03786134561268867,8.37556011558273e-05
com.adp.run.mobile,benign2017/com.adp.run.mobile.apk.logcat,False,6744,329,9,2,0.0487841043890866,0.0002947678703021371
com.adultteen.livevideostreamingshow.app,benign2017/com.adultteen.livevideostreamingshow.app.apk.logcat,False,4065,70,6,2,0.017220172201722016,0.0004891171435558817
com.aerilys.acr.android,benign2017/com.aerilys.acr.android.apk.logcat,False,5015,383,4,2,0.07637088733798604,0.00039864460833167234
com.affinity.dallas_football,benign2017/com.affinity.dallas_football.apk.logcat,False,1187,25,3,2,0.02106149957877001,0.001682085786375105
com.affinity.pittsburgh_football,benign2017/com.affinity.pittsburgh_football.apk.logcat,False,1187,25,3,2,0.02106149957877001,0.001682085786375105
com.aflatoongames.FunnyQuotes,benign2017/com.aflatoongames.FunnyQuotes.apk.logcat,False,1393,23,2,2,0.016511127063890883,0.0014114326040931546
com.airkast.MARK_LEVIN,benign2017/com.airkast.MARK_LEVIN.apk.logcat,False,623,19,3,2,0.030497592295345103,0.0032
com.aja.gd.events,benign2017/com.aja.gd.events.apk.logcat,False,183285,1058,9,2,0.005772430913604496,1.0899182561307902e-05
com.ak.app.firehouse.activity,benign2017/com.ak.app.firehouse.activity.apk.logcat,False,36,0,0,2,0.0,0.05263157894736842
com.ak.app.veggiegrill.activity,benign2017/com.ak.app.veggiegrill.activity.apk.logcat,False,62479,1066,8,2,0.01706173274220138,3.182483610209407e-05
com.alaskaairlines.android,benign2017/com.alaskaairlines.android.apk.logcat,False,1719,60,5,2,0.034904013961605584,0.0011123470522803114
com.aldrinarciga.creepypastareader,benign2017/com.aldrinarciga.creepypastareader.apk.logcat,False,66745,965,4,2,0.01445801183609259,2.996389350832247e-05
com.alienskills.geekapp,benign2017/com.alienskills.geekapp.apk.logcat,False,13753,171,7,2,0.012433650839816767,0.0001449380389883325
com.alifesoftware.stocktrainer,benign2017/com.alifesoftware.stocktrainer.apk.logcat,False,133503,647,7,2,0.004846333041205067,1.4980712332871427e-05
com.all.bein.livesport,benign2017/com.all.bein.livesport.apk.logcat,False,46623,1318,7,2,0.02826930913926603,4.275422732422668e-05
com.allgymnastics.meethub,benign2017/com.allgymnastics.meethub.apk.logcat,False,2630,130,8,2,0.049429657794676805,0.0007535795026375283
com.ally.MobileBanking,benign2017/com.ally.MobileBanking.apk.logcat,False,8083,822,5,2,0.1016949152542373,0.0002473716759431045
com.alohabreezeapps.followersbooster,benign2017/com.alohabreezeapps.followersbooster.apk.logcat,False,1637,10,4,2,0.006108735491753207,0.0012202562538133007
com.alt12.babybump,benign2017/com.alt12.babybump.apk.logcat,False,7253,428,9,2,0.059010064800772095,0.00027427317608337906
com.amalabsstudio.girlywallpapperspictures,benign2017/com.amalabsstudio.girlywallpapperspictures.apk.logcat,False,4749,48,4,2,0.01010739102969046,0.00041519618019514223
com.amazon.mp3,benign2017/com.amazon.mp3.apk.logcat,False,4137,230,4,2,0.05559584239787285,0.00048320850446967865
com.amazon.sellermobile.android,benign2017/com.amazon.sellermobile.android.apk.logcat,False,4,0,0,2,0.0,0.3333333333333333
com.amazon.storm.lightning.client.aosp,benign2017/com.amazon.storm.lightning.client.aosp.apk.logcat,False,2366,56,3,2,0.023668639053254437,0.0008445945945945946
com.amazon.windowshop,benign2017/com.amazon.windowshop.apk.logcat,False,3873,56,4,2,0.014459075651949394,0.0005161290322580645
com.amber.weather,benign2017/com.amber.weather.apk.logcat,False,2820,112,6,2,0.03971631205673759,0.0007087172218284905
com.ambientdesign.artrage.oils,benign2017/com.ambientdesign.artrage.oils.apk.logcat,False,14414,1044,5,2,0.07242958235049257,0.00013712718546451835
com.amdroidalarmclock.amdroid,benign2017/com.amdroidalarmclock.amdroid.apk.logcat,False,38321,138,9,2,0.0036011586336473474,5.2187981107950836e-05
com.american.glitter.flag,benign2017/com.american.glitter.flag.apk.logcat,False,370,2,1,2,0.005405405405405406,0.005376344086021506
com.amikulich.babysleep,benign2017/com.amikulich.babysleep.apk.logcat,False,2772,175,6,2,0.06313131313131314,0.0007147962830593281
com.amitech.allevents,benign2017/com.amitech.allevents.apk.logcat,False,603,15,2,2,0.024875621890547265,0.003305785123966942
com.amitech.alleventsorg,benign2017/com.amitech.alleventsorg.apk.logcat,False,186,5,2,2,0.026881720430107527,0.010638297872340425
com.amolatina,benign2017/com.amolatina.apk.logcat,False,50342,780,9,2,0.015494020897064082,3.9596903522144565e-05
com.amour.chicme,benign2017/com.amour.chicme.apk.logcat,False,858,42,3,2,0.04895104895104895,0.002325581395348837
com.amtrak.rider,benign2017/com.amtrak.rider.apk.logcat,False,7565,436,9,2,0.057633840052875085,0.00025621316935690495
com.amuzestudios.chatr,benign2017/com.amuzestudios.chatr.apk.logcat,False,7749,154,5,2,0.01987353206865402,0.0002580312217778351
com.AnatomyLearning.Anatomy3DViewer3,benign2017/com.AnatomyLearning.Anatomy3DViewer3.apk.logcat,False,94,22,1,2,0.23404255319148937,0.005555555555555556
com.anbu.ringtonemaker,benign2017/com.anbu.ringtonemaker.apk.logcat,False,67811,2026,4,2,0.029877158573092862,2.949287009865365e-05
com.androidaplicativos.phonetrackerbynumber,benign2017/com.androidaplicativos.phonetrackerbynumber.apk.logcat,False,1026,46,7,2,0.04483430799220273,0.0019212295869356388
com.androidlab.videoroad,benign2017/com.androidlab.videoroad.apk.logcat,False,515,124,6,2,0.2407766990291262,0.0034965034965034965
com.andromo.dev266856.app554116,benign2017/com.andromo.dev266856.app554116.apk.logcat,False,4098,42,6,2,0.010248901903367497,0.0004878048780487805
com.andromo.dev266856.app563206,benign2017/com.andromo.dev266856.app563206.apk.logcat,False,2549,19,2,2,0.00745390349156532,0.0007840062720501764
com.andromo.dev295341.app529803,benign2017/com.andromo.dev295341.app529803.apk.logcat,False,10275,194,6,2,0.018880778588807785,0.00019275250578257516
com.andromo.dev430081.app392812,benign2017/com.andromo.dev430081.app392812.apk.logcat,False,10612,192,6,2,0.018092725216735772,0.00018668906935498925
com.andromo.dev498527.app570067,benign2017/com.andromo.dev498527.app570067.apk.logcat,False,100,0,0,2,0.0,0.0196078431372549
com.andromo.dev551559.app530131,benign2017/com.andromo.dev551559.app530131.apk.logcat,False,3330,24,2,2,0.007207207207207207,0.0006002400960384153
com.andromo.dev553624.app563488,benign2017/com.andromo.dev553624.app563488.apk.logcat,False,3752,28,2,2,0.007462686567164179,0.0005327650506126798
com.andromo.dev563393.app529069,benign2017/com.andromo.dev563393.app529069.apk.logcat,False,4733,35,2,2,0.007394886963870695,0.00042238648363252375
com.andromo.dev565044.app529245,benign2017/com.andromo.dev565044.app529245.apk.logcat,False,3986,59,3,2,0.014801806322127445,0.0005015045135406219
com.andromo.dev589470.app571471,benign2017/com.andromo.dev589470.app571471.apk.logcat,False,5684,41,2,2,0.007213230119634061,0.00035174111853675694
com.andrwq.recorder,benign2017/com.andrwq.recorder.apk.logcat,False,1064,42,6,2,0.039473684210526314,0.001876172607879925
com.andymstone.metronome,benign2017/com.andymstone.metronome.apk.logcat,False,30834,123,4,2,0.003989102938314847,6.483612668979155e-05
com.angelsense.mobile,benign2017/com.angelsense.mobile.apk.logcat,False,40152,468,7,2,0.011655708308427973,4.913159898788906e-05
com.anjokes.apps.jokes.es,benign2017/com.anjokes.apps.jokes.es.apk.logcat,False,869,49,1,2,0.05638665132336018,0.002296211251435132
com.antiquesnavigator.AntiquesandCollectiblesPriceGuides_3814022,benign2017/com.antiquesnavigator.AntiquesandCollectiblesPriceGuides_3814022.apk.logcat,False,119,55,1,2,0.46218487394957986,0.01652892561983471
com.ap.adval,benign2017/com.ap.adval.apk.logcat,False,3479,181,5,2,0.05202644438056913,0.0005745475438092502
com.apalon.myclockfree,benign2017/com.apalon.myclockfree.apk.logcat,False,8240,359,6,2,0.04356796116504855,0.0002410509822827528
com.apartments.mobile.android,benign2017/com.apartments.mobile.android.apk.logcat,False,5448,282,5,2,0.051762114537444934,0.0003669724770642202
com.apcvn.appsteled.downk,benign2017/com.apcvn.appsteled.downk.apk.logcat,False,287,7,2,2,0.024390243902439025,0.006920415224913495
com.appandgamesdev.cartoonmakerup,benign2017/com.appandgamesdev.cartoonmakerup.apk.logcat,False,48381,925,7,2,0.019119075670201113,4.110321016071355e-05
com.appguru.apps.drug.dictionary,benign2017/com.appguru.apps.drug.dictionary.apk.logcat,False,184,88,3,2,0.4782608695652174,0.010752688172043012
com.apple.movetoios,benign2017/com.apple.movetoios.apk.logcat,False,2140,34,3,2,0.01588785046728972,0.0009337068160597573
com.application.animefacechanger,benign2017/com.application.animefacechanger.apk.logcat,False,3574,468,5,2,0.13094571908226077,0.0005541701302299807
com.applivedating.chatsweden,benign2017/com.applivedating.chatsweden.apk.logcat,False,52978,896,9,2,0.016912680735399598,3.757209145047059e-05
com.applucinante.promdresses,benign2017/com.applucinante.promdresses.apk.logcat,False,83570,3667,7,2,0.043879382553547924,2.3865209297885544e-05
com.appriss.mobilepatrol,benign2017/com.appriss.mobilepatrol.apk.logcat,False,148076,992,9,2,0.006699262540857397,1.3474365020548406e-05
com.apps.go.clean.boost.master,benign2017/com.apps.go.clean.boost.master.apk.logcat,False,4419,181,5,2,0.04095949309798597,0.00045238633793259444
com.appsgodev.evantubehdevantuberawvideo,benign2017/com.appsgodev.evantubehdevantuberawvideo.apk.logcat,False,52947,8197,8,2,0.15481519255104162,3.764705882352941e-05
com.appsilicious.wallpapers,benign2017/com.appsilicious.wallpapers.apk.logcat,False,12799,490,6,2,0.03828424095632471,0.0001562377939223498
com.appsnblue.smartdraw,benign2017/com.appsnblue.smartdraw.apk.logcat,False,6952,44,4,2,0.006329113924050633,0.0002876042565429968
com.appssquare.firephotostickers,benign2017/com.appssquare.firephotostickers.apk.logcat,False,848,36,3,2,0.04245283018867924,0.002352941176470588
com.appstogo.carmanual,benign2017/com.appstogo.carmanual.apk.logcat,False,23000,583,7,2,0.025347826086956522,8.610297916307904e-05
com.apps.tomlinson.thefut17draftsimulator,benign2017/com.apps.tomlinson.thefut17draftsimulator.apk.logcat,False,54390,5320,3,2,0.0978120978120978,3.6762678528757606e-05
com.appstorm.loseweight,benign2017/com.appstorm.loseweight.apk.logcat,False,66021,529,9,20,0.008012602050862605,0.0003023157385573493
com.app.studio.voicerecord,benign2017/com.app.studio.voicerecord.apk.logcat,False,6999,396,9,2,0.05657951135876554,0.0002847785846504343
com.appswiz.kodistreamings,benign2017/com.appswiz.kodistreamings.apk.logcat,False,4161,132,2,2,0.03172314347512617,0.00048042277203939464
com.apptales.classifieds,benign2017/com.apptales.classifieds.apk.logcat,False,14593,214,6,2,0.014664565202494347,0.00013662135391761732
com.appxy.planner,benign2017/com.appxy.planner.apk.logcat,False,4050,270,4,2,0.06666666666666667,0.0004935834155972359
com.appzdreamer.hairstylechangerfemale,benign2017/com.appzdreamer.hairstylechangerfemale.apk.logcat,False,98696,231,7,2,0.0023405203858312394,2.0205489831587242e-05
com.apstudio.FunToyzCollectorForKids,benign2017/com.apstudio.FunToyzCollectorForKids.apk.logcat,False,18706,474,5,2,0.02533946327381589,0.00010665529010238908
com.aries.software.california_dmv_test,benign2017/com.aries.software.california_dmv_test.apk.logcat,False,8046,135,4,2,0.016778523489932886,0.00024850894632206757
com.aries.software.dmv_practice_test,benign2017/com.aries.software.dmv_practice_test.apk.logcat,False,6992,115,4,2,0.01644736842105263,0.00028595939376608524
com.ark.music.mp3.player,benign2017/com.ark.music.mp3.player.apk.logcat,False,24906,6,1,2,0.0002409058058299205,8.029548739360848e-05
com.arnold.mp3.musica,benign2017/com.arnold.mp3.musica.apk.logcat,False,16786,3,1,2,0.00017872036220660073,0.00011913271384322135
com.ArtDrawingIdeas.Kasimirus,benign2017/com.ArtDrawingIdeas.Kasimirus.apk.logcat,False,4417,728,6,2,0.1648177496038035,0.00045259108395564606
com.asiandate,benign2017/com.asiandate.apk.logcat,False,931,38,6,2,0.04081632653061224,0.0020942408376963353
com.askme4date,benign2017/com.askme4date.apk.logcat,False,7760,276,8,2,0.03556701030927835,0.0002565747273893522
com.asus.filemanager,benign2017/com.asus.filemanager.apk.logcat,False,31270,513,7,2,0.016405500479692997,6.36902108145978e-05
com.ati.webwatcherconsole,benign2017/com.ati.webwatcherconsole.apk.logcat,False,28886,629,8,2,0.021775254448521776,6.814310051107325e-05
com.atkins.android.carbcounter,benign2017/com.atkins.android.carbcounter.apk.logcat,False,354,2,1,2,0.005649717514124294,0.0056179775280898875
com.atlogis.northamerica.free,benign2017/com.atlogis.northamerica.free.apk.logcat,False,8279,103,6,2,0.012441116076820873,0.00024151672503320854
com.att.attlive,benign2017/com.att.attlive.apk.logcat,False,19101,443,8,2,0.023192503010313597,0.00010439503079653408
com.att.mobiletransfer,benign2017/com.att.mobiletransfer.apk.logcat,False,11906,57,5,2,0.004787502099781623,0.00016795431642593214
com.auction.resi.buyer,benign2017/com.auction.resi.buyer.apk.logcat,False,816,39,7,2,0.04779411764705882,0.0024125452352231603
com.audiobooks.androidapp,benign2017/com.audiobooks.androidapp.apk.logcat,False,6676,321,4,2,0.048082684242061115,0.0002994908655286014
com.autocodes.autocodes,benign2017/com.autocodes.autocodes.apk.logcat,False,2795,74,3,2,0.026475849731663684,0.0007150518412584912
com.autolauncher.motorcar.free,benign2017/com.autolauncher.motorcar.free.apk.logcat,False,27326,740,9,2,0.027080436214594158,7.300868803387604e-05
com.autolist.autolist,benign2017/com.autolist.autolist.apk.logcat,False,1743,31,7,2,0.01778542742398164,0.001146131805157593
com.autopten.cheapcarsforsale,benign2017/com.autopten.cheapcarsforsale.apk.logcat,False,38924,419,7,2,0.010764566848217038,5.11443549418233e-05
com.auto.webview.autowebviewapp,benign2017/com.auto.webview.autowebviewapp.apk.logcat,False,4637,87,4,2,0.018762130687944793,0.00042399830400678397
com.awabe.englishpronunciation,benign2017/com.awabe.englishpronunciation.apk.logcat,False,9505,224,4,2,0.023566543924250394,0.00021037130535394972
com.aws.android.tsunami,benign2017/com.aws.android.tsunami.apk.logcat,True,0,0,0,2,0.0,1.0
com.azure.authenticator,benign2017/com.azure.authenticator.apk.logcat,False,11535,114,7,2,0.00988296488946684,0.00017335529167027824
com.azwstudios.theholybible.kjv,benign2017/com.azwstudios.theholybible.kjv.apk.logcat,False,91646,564,6,2,0.006154114745869978,2.1799077899004873e-05
com.babbel.mobile.android.es,benign2017/com.babbel.mobile.android.es.apk.logcat,False,7123,158,6,2,0.02218166502878001,0.0002807017543859649
com.babycenter.momfeed,benign2017/com.babycenter.momfeed.apk.logcat,False,16116,102,4,2,0.006329113924050633,0.00012408487405385284
com.badao.haped.chatdating,benign2017/com.badao.haped.chatdating.apk.logcat,False,496,10,1,2,0.020161290322580645,0.004016064257028112
com.baipatz.pikachuwallpaper,benign2017/com.baipatz.pikachuwallpaper.apk.logcat,False,390,15,1,2,0.038461538461538464,0.00510204081632653
com.baloota.dumpster,benign2017/com.baloota.dumpster.apk.logcat,False,5947,291,4,2,0.048932234740205145,0.00033619095646327115
com.bambuna.podcastaddict,benign2017/com.bambuna.podcastaddict.apk.logcat,False,3528,113,6,2,0.03202947845804989,0.0005665722379603399
com.bamnetworks.mobile.android.ballpark,benign2017/com.bamnetworks.mobile.android.ballpark.apk.logcat,False,8,0,0,2,0.0,0.2
com.bandman.wrestlingrevolution3d,benign2017/com.bandman.wrestlingrevolution3d.apk.logcat,False,12860,135,4,2,0.010497667185069984,0.00015549681231534753
com.bandsintown,benign2017/com.bandsintown.apk.logcat,False,4032,204,7,2,0.050595238095238096,0.0004957858205255329
com.banfield.bpht,benign2017/com.banfield.bpht.apk.logcat,False,136,32,3,2,0.23529411764705882,0.014492753623188406
com.barilab.handmirror.googlemarket,benign2017/com.barilab.handmirror.googlemarket.apk.logcat,False,2308,118,7,2,0.0511265164644714,0.0008616975441619991
com.basti12354.bikinibody,benign2017/com.basti12354.bikinibody.apk.logcat,False,33113,501,6,2,0.01513000936188204,6.0395591121848105e-05
com.bbt.myfi,benign2017/com.bbt.myfi.apk.logcat,False,56,0,0,2,0.0,0.034482758620689655
com.beachbody.twentyonedayfix,benign2017/com.beachbody.twentyonedayfix.apk.logcat,False,1067,94,3,2,0.08809746954076851,0.0018709073900841909
com.beansandbrews.beansandbrews.android.app,benign2017/com.beansandbrews.beansandbrews.android.app.apk.logcat,False,2910,186,7,2,0.06391752577319587,0.0006842285323297981
com.beautycamera.selfiecamera,benign2017/com.beautycamera.selfiecamera.apk.logcat,False,1468,41,5,2,0.027929155313351498,0.0013605442176870747
com.beautylish,benign2017/com.beautylish.apk.logcat,False,11309,19,2,2,0.0016800778141303388,0.00017681902572716824
com.befit.mealreminder,benign2017/com.befit.mealreminder.apk.logcat,False,10882,90,3,2,0.008270538503951479,0.00018375597206909226
com.berobo.android.police.radio.scanner.se,benign2017/com.berobo.android.police.radio.scanner.se.apk.logcat,False,11964,252,6,2,0.02106318956870612,0.0001666805567130594
com.berobo.police.scanner.x,benign2017/com.berobo.police.scanner.x.apk.logcat,False,10298,256,6,2,0.024859195960380658,0.00019376089905057158
com.BestCeilingFanModels.acrets,benign2017/com.BestCeilingFanModels.acrets.apk.logcat,False,954,156,6,2,0.16352201257861634,0.0020920502092050207
com.bestparking,benign2017/com.bestparking.apk.logcat,False,2965,148,6,2,0.04991568296795953,0.0006740815638692282
com.bestweatherfor.bibleoffline_pt_ra,benign2017/com.bestweatherfor.bibleoffline_pt_ra.apk.logcat,False,2685,63,7,2,0.02346368715083799,0.000744324525493115
com.bettertomorrowapps.camerablockfree,benign2017/com.bettertomorrowapps.camerablockfree.apk.logcat,False,4552,144,5,2,0.03163444639718805,0.0004197271773347324
com.bettertomorrowapps.microphoneblockfree,benign2017/com.bettertomorrowapps.microphoneblockfree.apk.logcat,False,3986,142,5,2,0.03562468640240843,0.0004813477737665463
com.beyondmenu,benign2017/com.beyondmenu.apk.logcat,False,269,45,3,2,0.16728624535315986,0.007380073800738007
com.bible.appfree.niv,benign2017/com.bible.appfree.niv.apk.logcat,False,2917,31,2,2,0.01062735687350017,0.0006851661527920521
com.bisexualdating.bicupid,benign2017/com.bisexualdating.bicupid.apk.logcat,False,4270,171,3,2,0.040046838407494144,0.00046816479400749064
com.bizlog.triplog,benign2017/com.bizlog.triplog.apk.logcat,False,63615,288,7,2,0.004527234142890827,3.1360250882007055e-05
com.black4whitedating.app,benign2017/com.black4whitedating.app.apk.logcat,False,350,51,3,2,0.1457142857142857,0.005681818181818182
com.blackbirdwallpapers.icefire,benign2017/com.blackbirdwallpapers.icefire.apk.logcat,False,21348,320,5,2,0.014989694584972832,9.338812103100486e-05
com.blackbirdwallpapers.inkinwater,benign2017/com.blackbirdwallpapers.inkinwater.apk.logcat,False,23801,344,5,2,0.014453174236376622,8.375209380234506e-05
com.blackboard.android,benign2017/com.blackboard.android.apk.logcat,False,18559,1041,9,2,0.05609138423406434,0.00010649060220435547
com.blackpearl.modernhomedesign,benign2017/com.blackpearl.modernhomedesign.apk.logcat,False,45913,469,10,2,0.010214971794480866,4.3490551677648034e-05
com.bleacherreport.android.teamstream,benign2017/com.bleacherreport.android.teamstream.apk.logcat,False,3361,114,5,2,0.03391847664385599,0.0005947071067499256
com.bloomberg.android.plus,benign2017/com.bloomberg.android.plus.apk.logcat,False,562028,13785,11,2,0.024527247752781,3.5579464956005994e-06
com.bluetooth.vagerasedtcall,benign2017/com.bluetooth.vagerasedtcall.apk.logcat,False,1840,103,4,2,0.05597826086956522,0.000949667616334283
com.bonniercorp.offroadexpo,benign2017/com.bonniercorp.offroadexpo.apk.logcat,False,3585,157,7,2,0.04379358437935844,0.0005541701302299807
com.bookmark.money,benign2017/com.bookmark.money.apk.logcat,False,172726,876,8,2,0.005071616317172864,1.1575949806681639e-05
com.boostmema.android,benign2017/com.boostmema.android.apk.logcat,False,1204,35,2,2,0.029069767441860465,0.001658374792703151
com.boxs.tipapp,benign2017/com.boxs.tipapp.apk.logcat,False,221,7,2,2,0.03167420814479638,0.008968609865470852
com.brainpop.brainpopfeaturedmovieandroid,benign2017/com.brainpop.brainpopfeaturedmovieandroid.apk.logcat,False,7526,80,7,2,0.010629816635663035,0.00026528717336516777
com.brainpop.brainpopjuniorandroid,benign2017/com.brainpop.brainpopjuniorandroid.apk.logcat,False,9206,108,8,2,0.011731479469910927,0.00021694326933506888
com.brisk.jpay,benign2017/com.brisk.jpay.apk.logcat,False,14584,306,7,2,0.020981897970378496,0.0001371177841766077
com.brunopiovan.avozdazueira,benign2017/com.brunopiovan.avozdazueira.apk.logcat,False,21901,202,3,2,0.009223323135929867,9.131169246221979e-05
com.bsb.TeamSportsHQ,benign2017/com.bsb.TeamSportsHQ.apk.logcat,False,2827,100,7,2,0.035373187124159884,0.0007069635913750442
com.bsro.fcac,benign2017/com.bsro.fcac.apk.logcat,False,11441,163,6,2,0.01424700638056114,0.00017477934108188413
com.bsro.tp,benign2017/com.bsro.tp.apk.logcat,False,26399,545,9,62,0.020644721390961778,0.002335568447223687
com.buffalowildwings.blazinrewards,benign2017/com.buffalowildwings.blazinrewards.apk.logcat,False,40137,1050,10,2,0.026160400627849616,4.982685169037595e-05
com.bumrewse.appstoide,benign2017/com.bumrewse.appstoide.apk.logcat,False,1144,34,3,2,0.02972027972027972,0.0017452006980802793
com.bupt.koala.dateb,benign2017/com.bupt.koala.dateb.apk.logcat,False,2397,156,8,2,0.06508135168961202,0.0008336807002917883
com.burgerking.kingfinder,benign2017/com.burgerking.kingfinder.apk.logcat,False,34967,7934,9,2,0.22689964823976894,5.669737774627923e-05
com.burnzfatters,benign2017/com.burnzfatters.apk.logcat,False,2103,69,5,2,0.03281027104136947,0.000945179584120983
com.buttchallenge,benign2017/com.buttchallenge.apk.logcat,False,38896,1159,8,2,0.029797408473879062,5.082721288978119e-05
com.buyvia.foodcoupons,benign2017/com.buyvia.foodcoupons.apk.logcat,False,2772,60,2,2,0.021645021645021644,0.0007209805335255948
com.buzzfeed.android,benign2017/com.buzzfeed.android.apk.logcat,False,93867,894,9,2,0.009524113905845505,2.1306288551065846e-05
com.bytestorm.artflow,benign2017/com.bytestorm.artflow.apk.logcat,False,1129,372,3,2,0.32949512843224094,0.0017683465959328027
com.california.cyber.developers.gps.speedometer.tripmeter,benign2017/com.california.cyber.developers.gps.speedometer.tripmeter.apk.logcat,False,2658,78,2,2,0.029345372460496615,0.0007518796992481203
com.cam001.selfie,benign2017/com.cam001.selfie.apk.logcat,True,0,0,0,2,0.0,1.0
com.campbellskitchen.android,benign2017/com.campbellskitchen.android.apk.logcat,False,4722,244,6,2,0.05167301990681914,0.0004233700254022015
com.capstone.nik.mixology,benign2017/com.capstone.nik.mixology.apk.logcat,False,10613,170,7,2,0.016018091020446622,0.00018841262364578426
com.car2go,benign2017/com.car2go.apk.logcat,False,12,0,0,2,0.0,0.14285714285714285
com.cargurus.mobileApp,benign2017/com.cargurus.mobileApp.apk.logcat,False,52716,1023,5,2,0.019405872979740495,3.7584800706594254e-05
com.carwale,benign2017/com.carwale.apk.logcat,False,3548,163,5,2,0.04594137542277339,0.0005633802816901409
com.catscale.weighmytruck,benign2017/com.catscale.weighmytruck.apk.logcat,False,14778,717,6,2,0.048518067397482746,0.00013521736190926916
com.cbslocal.cbsyourday,benign2017/com.cbslocal.cbsyourday.apk.logcat,False,1477,54,4,2,0.03656059580230196,0.001352265043948614
com.cc.carchabi,benign2017/com.cc.carchabi.apk.logcat,False,15733,43,2,2,0.0027331087523040742,0.0001271051795360661
com.cdot.mobile,benign2017/com.cdot.mobile.apk.logcat,False,12055,433,11,2,0.0359187059311489,0.00016462260268334841
com.cf.flightsearch,benign2017/com.cf.flightsearch.apk.logcat,False,7843,207,7,2,0.026392961876832845,0.0002538715410002539
com.cg.android.countdown,benign2017/com.cg.android.countdown.apk.logcat,False,5768,399,5,2,0.0691747572815534,0.0003466204506065858
com.charlie_names.charlies_names,benign2017/com.charlie_names.charlies_names.apk.logcat,False,4435,220,8,2,0.0496054114994363,0.00044812906116961686
com.chase.sig.android,benign2017/com.chase.sig.android.apk.logcat,False,146805,623,7,2,0.004243724668778311,1.3610071452875128e-05
com.chatews.usa,benign2017/com.chatews.usa.apk.logcat,False,13001,336,9,2,0.02584416583339743,0.00015226494099733535
com.chebdev.hiphopdrumpadsguru,benign2017/com.chebdev.hiphopdrumpadsguru.apk.logcat,False,1001,60,4,2,0.059940059940059943,0.001951219512195122
com.chegg,benign2017/com.chegg.apk.logcat,False,1154,66,5,2,0.05719237435008666,0.0017301038062283738
com.chelin.howtogetpregnantfast,benign2017/com.chelin.howtogetpregnantfast.apk.logcat,False,19008,2399,4,2,0.12621001683501684,0.00010424267695194412
com.chelin.pregnancytracker,benign2017/com.chelin.pregnancytracker.apk.logcat,False,14182,1716,4,2,0.12099844873783669,0.00013991884706870015
com.chic.blacklight,benign2017/com.chic.blacklight.apk.logcat,False,8870,145,7,2,0.016347237880496055,0.00022487069934787497
com.chic.bluelight2,benign2017/com.chic.bluelight2.apk.logcat,False,19745,185,8,2,0.009369460622942517,0.00010111223458038423
com.chic.colorlightsshake,benign2017/com.chic.colorlightsshake.apk.logcat,False,25363,213,8,2,0.008398060166384103,7.874635798094339e-05
com.chic.colorscreenlight,benign2017/com.chic.colorscreenlight.apk.logcat,False,20849,148,8,2,0.007098661806321646,9.581756335936378e-05
com.chic.ledstrobo,benign2017/com.chic.ledstrobo.apk.logcat,False,29558,112,8,2,0.0037891602950131946,6.743315688323949e-05
com.chic.policelights,benign2017/com.chic.policelights.apk.logcat,False,20994,81,7,2,0.0038582452129179764,9.520635978483362e-05
com.chic.violetlight2,benign2017/com.chic.violetlight2.apk.logcat,False,35797,348,8,2,0.009721485040645864,5.579890076165499e-05
com.choiceoflove.dating,benign2017/com.choiceoflove.dating.apk.logcat,False,2812,135,5,2,0.04800853485064011,0.0007107320540156361
com.choptsalad.choptsalad.android.app,benign2017/com.choptsalad.choptsalad.android.app.apk.logcat,False,363,5,4,2,0.013774104683195593,0.005479452054794521
com.cisco.anyconnect.vpn.android.avf,benign2017/com.cisco.anyconnect.vpn.android.avf.apk.logcat,False,42723,1924,7,2,0.045034290663108864,4.582006460629109e-05
com.citrix.Receiver,benign2017/com.citrix.Receiver.apk.logcat,False,3140,511,4,2,0.1627388535031847,0.0006365372374283895
com.cke.happystarrewards,benign2017/com.cke.happystarrewards.apk.logcat,False,1030,22,4,2,0.021359223300970873,0.001937984496124031
com.clearchannel.iheartradio.connect,benign2017/com.clearchannel.iheartradio.connect.apk.logcat,False,7560,366,5,2,0.048412698412698414,0.0002644802962179318
com.clear.loud,benign2017/com.clear.loud.apk.logcat,False,14321,535,9,2,0.03735772641575309,0.00013836042891732966
com.clear.superfunny,benign2017/com.clear.superfunny.apk.logcat,False,28883,1308,8,2,0.0452861544853374,6.856124232971101e-05
com.cleverboy.TipsTempleRun2,benign2017/com.cleverboy.TipsTempleRun2.apk.logcat,False,10829,168,7,2,0.015513897866839044,0.00018353675323483528
com.client1517.activity,benign2017/com.client1517.activity.apk.logcat,False,125,0,0,2,0.0,0.015748031496062992
com.cloudmosa.puffinFree,benign2017/com.cloudmosa.puffinFree.apk.logcat,False,1222,96,5,2,0.07855973813420622,0.0016339869281045752
com.clusor.ice,benign2017/com.clusor.ice.apk.logcat,False,7530,103,5,2,0.013678618857901727,0.0002655337227827934
com.cmcm.lite,benign2017/com.cmcm.lite.apk.logcat,False,380,30,5,2,0.07894736842105263,0.005235602094240838
com.codeaeon.smartswitch,benign2017/com.codeaeon.smartswitch.apk.logcat,False,7576,97,5,2,0.012803590285110876,0.00026167735182519954
com.coffeebeanventures.easyvoicerecorder,benign2017/com.coffeebeanventures.easyvoicerecorder.apk.logcat,False,2992,68,5,2,0.022727272727272728,0.0006680026720106881
com.colarnaud.superloud.volumebooster,benign2017/com.colarnaud.superloud.volumebooster.apk.logcat,False,11269,1324,4,2,0.11749046055550626,0.00017607183730962233
com.collectorz.javamobile.android.comics,benign2017/com.collectorz.javamobile.android.comics.apk.logcat,False,2703,150,3,2,0.05549389567147614,0.0007393715341959334
com.coloring.bookjokr,benign2017/com.coloring.bookjokr.apk.logcat,False,19305,194,3,2,0.010049210049210049,0.00010341261633919338
com.coloring.harleyjoker,benign2017/com.coloring.harleyjoker.apk.logcat,False,38235,370,3,2,0.009676997515365503,5.226025607525477e-05
com.color.pokemon,benign2017/com.color.pokemon.apk.logcat,False,2035,245,5,2,0.12039312039312039,0.0009818360333824251
com.comcast,benign2017/com.comcast.apk.logcat,False,2312,36,6,2,0.015570934256055362,0.0008602150537634409
com.concentriclivers.mms.com.android.mms,benign2017/com.concentriclivers.mms.com.android.mms.apk.logcat,False,5457,321,8,2,0.058823529411764705,0.0003641660597232338
com.conducivetech.android.traveler,benign2017/com.conducivetech.android.traveler.apk.logcat,False,106280,390,7,2,0.003669552126458412,1.8813967489464178e-05
com.contextlogic.cute,benign2017/com.contextlogic.cute.apk.logcat,False,55715,958,8,2,0.01719465135062371,3.561760934606069e-05
com.contextlogic.geek,benign2017/com.contextlogic.geek.apk.logcat,False,13783,247,8,2,0.017920626859174345,0.000144102601051949
com.contextlogic.home,benign2017/com.contextlogic.home.apk.logcat,False,14877,272,8,2,0.01828325603280231,0.00013357376611233555
com.contextlogic.mama,benign2017/com.contextlogic.mama.apk.logcat,False,34681,651,8,2,0.018771085032150168,5.717552887364208e-05
com.contextlogic.wish,benign2017/com.contextlogic.wish.apk.logcat,False,13393,233,8,2,0.017397147763757188,0.00014841199168892847
com.contextlogic.wishlocal,benign2017/com.contextlogic.wishlocal.apk.logcat,False,1454,52,4,2,0.03576341127922971,0.0013736263736263737
com.coolmobilesolution.fastscannerfree,benign2017/com.coolmobilesolution.fastscannerfree.apk.logcat,False,9207,159,6,2,0.01726946888237211,0.0002171788467803236
com.coolniks.niksgps,benign2017/com.coolniks.niksgps.apk.logcat,False,33383,215,6,2,0.006440403798340473,5.9887411666067796e-05
com.cool.Wallems.ArtFnafWallpapers1,benign2017/com.cool.Wallems.ArtFnafWallpapers1.apk.logcat,False,1395,122,7,2,0.08745519713261649,0.0014204545454545455
com.couchsurfing.mobile.android,benign2017/com.couchsurfing.mobile.android.apk.logcat,False,1001,122,6,2,0.12187812187812187,0.0019940179461615153
com.coulombtech,benign2017/com.coulombtech.apk.logcat,False,1671,108,5,2,0.06463195691202872,0.001195457262402869
com.cpqas.legobatman3,benign2017/com.cpqas.legobatman3.apk.logcat,False,24052,620,6,2,0.025777482122068852,8.314625426124553e-05
com.craft.android.home,benign2017/com.craft.android.home.apk.logcat,False,4437,131,7,2,0.029524453459544738,0.0004505519261094841
com.craft.android.woodwork,benign2017/com.craft.android.woodwork.apk.logcat,False,744,32,3,2,0.043010752688172046,0.002680965147453083
com.craft.babyskins,benign2017/com.craft.babyskins.apk.logcat,False,184127,13267,11,2,0.07205352827124756,1.0858058036320204e-05
com.craft.hotskins,benign2017/com.craft.hotskins.apk.logcat,False,228068,8785,9,2,0.038519213567883265,8.765010079761592e-06
com.creditcards.walletup,benign2017/com.creditcards.walletup.apk.logcat,False,3630,71,6,2,0.01955922865013774,0.0005506607929515419
com.creepycat.fireblue.fire_blue,benign2017/com.creepycat.fireblue.fire_blue.apk.logcat,True,0,0,0,2,0.0,1.0
com.crewapp.android.crew,benign2017/com.crewapp.android.crew.apk.logcat,False,4417,208,9,2,0.04709078560108671,0.0004514672686230248
com.criticalhitsoftware.policeradio,benign2017/com.criticalhitsoftware.policeradio.apk.logcat,False,1134,48,3,2,0.042328042328042326,0.0017605633802816902
com.crone.skinsforminecraftpepro,benign2017/com.crone.skinsforminecraftpepro.apk.logcat,False,15651,1041,10,2,0.06651332183247077,0.00012746972594008922
com.crunchyroll.crmanga,benign2017/com.crunchyroll.crmanga.apk.logcat,False,32852,641,8,2,0.019511749665164984,6.073304788800826e-05
com.cryztalapps.chatr,benign2017/com.cryztalapps.chatr.apk.logcat,False,3401,69,5,2,0.020288150543957658,0.0005877167205406994
com.csmart.hairandeyecolorchanger,benign2017/com.csmart.hairandeyecolorchanger.apk.logcat,False,6850,285,6,2,0.041605839416058395,0.0002918855808523059
com.csnmedia.android.bg,benign2017/com.csnmedia.android.bg.apk.logcat,False,1075,20,2,2,0.018604651162790697,0.0018570102135561746
com.cute.baby.panda.keyboard.theme,benign2017/com.cute.baby.panda.keyboard.theme.apk.logcat,False,2761,6,1,2,0.0021731256791017745,0.0007039774727208729
com.cutegirls.stuffs,benign2017/com.cutegirls.stuffs.apk.logcat,False,4305,68,8,2,0.015795586527293844,0.000462000462000462
com.cute.girly,benign2017/com.cute.girly.apk.logcat,False,29203,227,10,2,0.007773173988973736,6.832701308462301e-05
com.cymath.cymath,benign2017/com.cymath.cymath.apk.logcat,False,476,15,2,2,0.031512605042016806,0.0041841004184100415
com.cyo.comicrack.viewer.free,benign2017/com.cyo.comicrack.viewer.free.apk.logcat,False,370,20,2,2,0.05405405405405406,0.005376344086021506
com.cyou.cma.clauncher.theme.v53b105a7e5ff28ac6dd25e76,benign2017/com.cyou.cma.clauncher.theme.v53b105a7e5ff28ac6dd25e76.apk.logcat,False,12731,87,8,2,0.00683371298405467,0.00015626220798499883
com.cyou.cma.clauncher.theme.v53c4199e227ba28a166990d3,benign2017/com.cyou.cma.clauncher.theme.v53c4199e227ba28a166990d3.apk.logcat,False,9225,160,8,2,0.017344173441734417,0.00021470746108427267
com.czene.nailbook,benign2017/com.czene.nailbook.apk.logcat,False,17645,227,5,2,0.012864834230660243,0.00011333371111237037
com.dailyroads.v,benign2017/com.dailyroads.v.apk.logcat,False,5506,109,7,2,0.019796585543043952,0.0003489183531053733
com.danaugo.ryantoyvideo,benign2017/com.danaugo.ryantoyvideo.apk.logcat,False,5857,221,8,2,0.037732627625064026,0.000338810774182619
com.danaugo.toyandmegames,benign2017/com.danaugo.toyandmegames.apk.logcat,False,11381,378,9,2,0.03321325015376505,0.00017401896806751936
com.darkhorse.digital,benign2017/com.darkhorse.digital.apk.logcat,False,3039,49,3,2,0.016123724909509706,0.0006576783952647156
com.datebytesapps.dating,benign2017/com.datebytesapps.dating.apk.logcat,False,3717,133,7,2,0.035781544256120526,0.0005314908317831517
com.days30.absworkout,benign2017/com.days30.absworkout.apk.logcat,False,740,4,1,2,0.005405405405405406,0.0026954177897574125
com.dccomics.comics,benign2017/com.dccomics.comics.apk.logcat,False,3614,194,6,2,0.05368013281682346,0.0005530973451327434
com.deepsgamestudio.houseplan,benign2017/com.deepsgamestudio.houseplan.apk.logcat,False,1150,9,3,2,0.00782608695652174,0.001736111111111111
com.defianttech.diskdigger,benign2017/com.defianttech.diskdigger.apk.logcat,False,35224,263,2,2,0.0074665001135589375,5.677624481916766e-05
com.deliveroo.orderapp,benign2017/com.deliveroo.orderapp.apk.logcat,False,45887,1076,11,2,0.023448907097870855,4.343293954134816e-05
com.deliverycom,benign2017/com.deliverycom.apk.logcat,False,1659,12,3,2,0.007233273056057866,0.0012040939193257074
com.dena.mj,benign2017/com.dena.mj.apk.logcat,False,13550,528,10,2,0.03896678966789668,0.000146864444118079
com.depadstudio.transgender,benign2017/com.depadstudio.transgender.apk.logcat,False,2768,39,5,2,0.014089595375722543,0.0007220216606498195
com.devdevna.seventeam1,benign2017/com.devdevna.seventeam1.apk.logcat,False,10840,95,4,2,0.008763837638376383,0.00018446781036709093
com.develobestsky.girlywallpapers,benign2017/com.develobestsky.girlywallpapers.apk.logcat,False,3407,69,8,2,0.020252421485177575,0.0005829204313611193
com.develobestskyt.halloweenmukeupideas,benign2017/com.develobestskyt.halloweenmukeupideas.apk.logcat,False,27063,686,8,2,0.02534826146399143,7.327080890973036e-05
com.developitnowadays.spanishtoenglish,benign2017/com.developitnowadays.spanishtoenglish.apk.logcat,False,114570,3450,7,2,0.03011259492013616,1.7418719898274675e-05
com.devexpert.weather,benign2017/com.devexpert.weather.apk.logcat,False,25795,2072,8,2,0.08032564450474898,7.75283947745862e-05
com.devsense.symbolab,benign2017/com.devsense.symbolab.apk.logcat,False,453,11,2,2,0.024282560706401765,0.004395604395604396
com.dg.coupon,benign2017/com.dg.coupon.apk.logcat,False,24365,3023,4,2,0.12407141391340037,8.20782205441786e-05
com.dgtldreams.BracketTracker,benign2017/com.dgtldreams.BracketTracker.apk.logcat,False,39719,938,8,2,0.023615901709509304,5.023989550101736e-05
com.dianxinos.dxbs,benign2017/com.dianxinos.dxbs.apk.logcat,False,12092,490,8,2,0.04052265960965928,0.00016417665407978985
com.dianxinos.optimizer.duplay,benign2017/com.dianxinos.optimizer.duplay.apk.logcat,False,3183,93,3,2,0.029217719132893498,0.0006279434850863422
com.dictionary,benign2017/com.dictionary.apk.logcat,False,70667,501,7,2,0.007089589200050943,2.8300952327045805e-05
com.dietcoacher.sos,benign2017/com.dietcoacher.sos.apk.logcat,False,17883,4,2,2,0.0002236761169826092,0.00011182555213866368
com.digitalattic.cpsalbertsons,benign2017/com.digitalattic.cpsalbertsons.apk.logcat,False,27001,524,4,2,0.019406688641161438,7.356998344675372e-05
com.digitalchemy.calculator.freedecimal,benign2017/com.digitalchemy.calculator.freedecimal.apk.logcat,False,196439,1327,9,2,0.006755277719801058,1.0175320776987495e-05
com.digitalcosmos.shimeji,benign2017/com.digitalcosmos.shimeji.apk.logcat,False,120073,955,9,2,0.00795349495723435,1.6631048504452964e-05
com.digitalpour.menu,benign2017/com.digitalpour.menu.apk.logcat,False,1835,114,4,2,0.06212534059945504,0.0010887316276537834
com.digiturk.ligtv,benign2017/com.digiturk.ligtv.apk.logcat,False,5001,559,7,2,0.11177764447110577,0.0003945551390806865
com.dilmeapps.kickme,benign2017/com.dilmeapps.kickme.apk.logcat,False,1152,72,2,2,0.0625,0.0017331022530329288
com.dil.slowcooker_project,benign2017/com.dil.slowcooker_project.apk.logcat,False,1955,56,2,2,0.02864450127877238,0.001021972406745018
com.disco.discolights,benign2017/com.disco.discolights.apk.logcat,False,3364,353,3,2,0.10493460166468489,0.0005941770647653001
com.discovery.discoverygo,benign2017/com.discovery.discoverygo.apk.logcat,False,2786,177,5,2,0.06353194544149318,0.0007173601147776184
com.discovery.idsgo,benign2017/com.discovery.idsgo.apk.logcat,False,3102,193,4,2,0.06221792392005158,0.0006443298969072165
com.disney.shopdisneyparks_goo,benign2017/com.disney.shopdisneyparks_goo.apk.logcat,False,100079,283,8,2,0.002827766064808801,1.997722596240286e-05
com.diycarrepairfasf,benign2017/com.diycarrepairfasf.apk.logcat,False,9140,398,8,2,0.04354485776805252,0.0002187705097352877
com.DIYPlantDecor,benign2017/com.DIYPlantDecor.apk.logcat,False,9330,1199,5,2,0.1285101822079314,0.0002143163309044149
com.djit.equalizerplusforandroidfree,benign2017/com.djit.equalizerplusforandroidfree.apk.logcat,False,5928,315,6,2,0.05313765182186235,0.0003372681281618887
com.dk.omega.chat,benign2017/com.dk.omega.chat.apk.logcat,False,15531,148,8,2,0.009529328439894404,0.00012866700977869275
com.dllstudio.rainsounds.nature.relax,benign2017/com.dllstudio.rainsounds.nature.relax.apk.logcat,False,2197,124,5,2,0.056440600819299046,0.0009049773755656109
com.dmpaintfree,benign2017/com.dmpaintfree.apk.logcat,False,8473,79,7,2,0.009323734214563908,0.00023537719195010004
com.doctor.ui,benign2017/com.doctor.ui.apk.logcat,False,23799,470,6,2,0.01974872893819068,8.375910880308233e-05
com.dominos.caribbean,benign2017/com.dominos.caribbean.apk.logcat,False,6416,71,7,2,0.011066084788029925,0.00030849915162733303
com.domobile.applock,benign2017/com.domobile.applock.apk.logcat,False,125961,6804,8,2,0.054016719460785484,1.57949187746302e-05
com.doomredmage.chat18mais.go,benign2017/com.doomredmage.chat18mais.go.apk.logcat,False,8512,233,5,2,0.02737312030075188,0.0002324770428920144
com.dot.matrix.eyemakeup,benign2017/com.dot.matrix.eyemakeup.apk.logcat,False,14172,287,8,2,0.020251199548405305,0.00014066676044450696
com.drawapp.dancedoodle,benign2017/com.drawapp.dancedoodle.apk.logcat,False,4580,454,8,2,0.09912663755458516,0.00043649061545176777
com.drawfivenightsatfreddys.fnafdraw,benign2017/com.drawfivenightsatfreddys.fnafdraw.apk.logcat,False,67643,1636,7,2,0.024185798974025396,2.9503746975865936e-05
com.drawlovehearts.loveheartsdraw,benign2017/com.drawlovehearts.loveheartsdraw.apk.logcat,False,41357,311,7,2,0.007519887806175496,4.826604242585129e-05
com.drawundertale.treasureshine,benign2017/com.drawundertale.treasureshine.apk.logcat,False,20112,475,6,2,0.02361774065234686,9.841551028442082e-05
com.drillyapps.babydaybook,benign2017/com.drillyapps.babydaybook.apk.logcat,False,32922,683,7,2,0.020746005710467166,6.0745960393633824e-05
com.driveinformed.www.informed_android,benign2017/com.driveinformed.www.informed_android.apk.logcat,False,3951,21,4,2,0.005315110098709187,0.0005042864346949068
com.drivemode.android,benign2017/com.drivemode.android.apk.logcat,False,2565,0,0,2,0.0,0.0007791195948578107
com.DriverAdvance,benign2017/com.DriverAdvance.apk.logcat,False,99,13,2,2,0.13131313131313133,0.019801980198019802
com.dteenergy.mydte,benign2017/com.dteenergy.mydte.apk.logcat,False,1107,39,7,2,0.03523035230352303,0.0018034265103697023
com.duapps.antivirus,benign2017/com.duapps.antivirus.apk.logcat,False,788,32,4,2,0.04060913705583756,0.002531645569620253
com.duckduckgo.mobile.android,benign2017/com.duckduckgo.mobile.android.apk.logcat,False,197260,3772,9,2,0.019121971002737503,1.0135460428628621e-05
com.duosecurity.duomobile,benign2017/com.duosecurity.duomobile.apk.logcat,False,1557,60,6,2,0.038535645472061654,0.0012828736369467607
com.dwabtech.frcspyder,benign2017/com.dwabtech.frcspyder.apk.logcat,False,40865,467,7,2,0.011427872262327174,4.885555854117302e-05
com.dynamixsoftware.printershare,benign2017/com.dynamixsoftware.printershare.apk.logcat,False,3631,137,8,2,0.037730652712751306,0.0005213764337851929
com.eabdrazakov.photomontage,benign2017/com.eabdrazakov.photomontage.apk.logcat,False,7250,140,5,2,0.019310344827586208,0.0002757859900717044
com.earshot.crysis.fyp,benign2017/com.earshot.crysis.fyp.apk.logcat,False,13914,244,5,2,0.01753629437976139,0.00014371945961483184
com.easymobs.pregnancy,benign2017/com.easymobs.pregnancy.apk.logcat,False,2674,70,6,2,0.02617801047120419,0.0007473841554559044
com.ebay.mobile,benign2017/com.ebay.mobile.apk.logcat,False,30697,744,8,2,0.024236896113626737,6.473748948015796e-05
com.ecare.ovulationcalculator,benign2017/com.ecare.ovulationcalculator.apk.logcat,False,5323,234,9,2,0.043960172834867556,0.0003693444136657433
com.ecg.close5,benign2017/com.ecg.close5.apk.logcat,False,7666,171,6,2,0.022306287503261153,0.00025786487880350697
com.edmunds,benign2017/com.edmunds.apk.logcat,False,822,0,0,2,0.0,0.0024271844660194173
com.ehawk.antivirus.applock.wifi,benign2017/com.ehawk.antivirus.applock.wifi.apk.logcat,False,2232,109,9,2,0.04883512544802868,0.0008908685968819599
come.homemadepregnancytests.app,benign2017/come.homemadepregnancytests.app.apk.logcat,False,14887,597,9,2,0.04010210250554175,0.0001341291663872309
com.elite.ethicalhacking,benign2017/com.elite.ethicalhacking.apk.logcat,False,34736,644,10,2,0.01853984339014279,5.722951898589292e-05
com.elitem.carswap.me,benign2017/com.elitem.carswap.me.apk.logcat,False,112,0,0,2,0.0,0.017543859649122806
com.ellisapps.bedtimefan,benign2017/com.ellisapps.bedtimefan.apk.logcat,False,3293,483,4,2,0.14667476465229273,0.0005989817310572028
com.emoji.androidl.keyboard,benign2017/com.emoji.androidl.keyboard.apk.logcat,False,2928,100,7,2,0.03415300546448088,0.0006182380216383308
com.emoji.coolkeyboard,benign2017/com.emoji.coolkeyboard.apk.logcat,False,121438,1018,6,2,0.008382878505904247,1.646903820816864e-05
com.emoji.ikeyboard,benign2017/com.emoji.ikeyboard.apk.logcat,False,8979,425,6,2,0.04733266510747299,0.00022160664819944597
com.emoji.smiley.locker,benign2017/com.emoji.smiley.locker.apk.logcat,False,88115,926,10,2,0.010508993928389037,2.261803788521346e-05
com.enchantedcloud.photovault,benign2017/com.enchantedcloud.photovault.apk.logcat,False,3676,157,5,2,0.0427094668117519,0.000543773790103317
com.endlessrun.mariosuper,benign2017/com.endlessrun.mariosuper.apk.logcat,False,52092,678,7,2,0.013015434231743837,3.8125738686187046e-05
com.endpermian.wallpaper.stalkercat.free,benign2017/com.endpermian.wallpaper.stalkercat.free.apk.logcat,False,323,44,3,2,0.13622291021671826,0.00558659217877095
com.eniseistudio.caraccessories,benign2017/com.eniseistudio.caraccessories.apk.logcat,False,97803,726,9,2,0.007423085181436152,2.0405248229844715e-05
com.enjoy.app.cartoon,benign2017/com.enjoy.app.cartoon.apk.logcat,False,62465,1177,7,2,0.018842551829024255,3.1831927423205473e-05
com.epic.haiku.android,benign2017/com.epic.haiku.android.apk.logcat,False,8322,437,6,2,0.05251141552511415,0.0002402691013935608
com.epicvin.app,benign2017/com.epicvin.app.apk.logcat,False,39320,519,7,2,0.013199389623601222,5.027146591594611e-05
com.epocrates,benign2017/com.epocrates.apk.logcat,False,2190,64,6,2,0.029223744292237442,0.0008944543828264759
come.pregnancysignsandsymptoms.app,benign2017/come.pregnancysignsandsymptoms.app.apk.logcat,False,23816,974,9,2,0.040896876049714474,8.381527114240215e-05
com.equalizer.volumebooster,benign2017/com.equalizer.volumebooster.apk.logcat,False,15619,697,9,2,0.04462513605224406,0.00012731555159462728
com.EricBROU.modele_coiffure_natte_et_tresse,benign2017/com.EricBROU.modele_coiffure_natte_et_tresse.apk.logcat,False,514,26,4,2,0.05058365758754864,0.003875968992248062
com.EricBROU.Natte_Tresse_Femme_Enfant,benign2017/com.EricBROU.Natte_Tresse_Femme_Enfant.apk.logcat,False,1131,141,4,2,0.1246684350132626,0.00176522506619594
com.esmobile.reverselookupfree,benign2017/com.esmobile.reverselookupfree.apk.logcat,False,2562,14,1,2,0.00546448087431694,0.00078003120124805
com.estrongs.android.taskmanager,benign2017/com.estrongs.android.taskmanager.apk.logcat,False,29133,1650,11,2,0.056636803624755434,6.647168306301516e-05
com.everbum.blgm,benign2017/com.everbum.blgm.apk.logcat,False,26948,391,10,2,0.01450942556033843,7.405487466212464e-05
com.everbum.lnl,benign2017/com.everbum.lnl.apk.logcat,False,10583,148,6,2,0.013984692431257677,0.0001889466225791214
com.evertec.athmovil.android,benign2017/com.evertec.athmovil.android.apk.logcat,False,835,14,1,2,0.016766467065868262,0.0023894862604540022
com.everydollar.android,benign2017/com.everydollar.android.apk.logcat,False,2241,136,4,2,0.0606871932173137,0.0008916629514043691
com.evgeniysharafan.tabatatimer,benign2017/com.evgeniysharafan.tabatatimer.apk.logcat,False,60794,639,6,2,0.010510905681481724,3.2867167343182526e-05
com.ew.coloring.animal,benign2017/com.ew.coloring.animal.apk.logcat,False,7355,242,4,2,0.03290278721957852,0.0002718499388337638
com.excentus.frn.android,benign2017/com.excentus.frn.android.apk.logcat,False,9217,247,8,2,0.02679830747531735,0.00021591277124041888
com.explore.web.browser,benign2017/com.explore.web.browser.apk.logcat,False,34229,1211,11,2,0.03537935668585118,5.809900069718801e-05
com.eyefilter.nightmode.bluelightfilter,benign2017/com.eyefilter.nightmode.bluelightfilter.apk.logcat,False,48464,707,10,2,0.014588147903598548,4.1061859691625436e-05
com.eyewind.paperone,benign2017/com.eyewind.paperone.apk.logcat,False,12737,1064,7,2,0.08353615451048127,0.000156998194520763
com.ezhld.recipe,benign2017/com.ezhld.recipe.apk.logcat,False,9611,344,7,2,0.03579232129851212,0.00020663291662361815
com.ezitools.fingerliedetectorprankapp,benign2017/com.ezitools.fingerliedetectorprankapp.apk.logcat,False,11363,181,6,2,0.015928892017953004,0.00017496282040066485
com.facebook.adsmanager,benign2017/com.facebook.adsmanager.apk.logcat,False,331,5,1,2,0.015105740181268883,0.006006006006006006
com.facebook.orca,benign2017/com.facebook.orca.apk.logcat,False,1793,88,2,2,0.049079754601226995,0.0011142061281337048
com.face.to.face.video.chat,benign2017/com.face.to.face.video.chat.apk.logcat,False,90533,993,8,2,0.010968376172224494,2.2072131726482144e-05
com.fanduel.android.self,benign2017/com.fanduel.android.self.apk.logcat,False,17920,410,7,2,0.022879464285714284,0.00011159468809284678
com.farmersonly.android,benign2017/com.farmersonly.android.apk.logcat,False,12995,360,8,2,0.02770296267795306,0.0001515955430910331
com.farproc.wifi.connecter,benign2017/com.farproc.wifi.connecter.apk.logcat,False,578,13,5,2,0.02249134948096886,0.0034482758620689655
com.fatowl.audiobible,benign2017/com.fatowl.audiobible.apk.logcat,False,1899,9,1,2,0.004739336492890996,0.0010520778537611783
com.feartools.anxietytest,benign2017/com.feartools.anxietytest.apk.logcat,False,31145,64,5,2,0.0020549044790496066,6.41210605623417e-05
com.featuredrentals.featuredrentals,benign2017/com.featuredrentals.featuredrentals.apk.logcat,False,29656,383,5,2,0.012914755867278123,6.743543057522422e-05
com.fever_thermometer.lucapp.thermometer,benign2017/com.fever_thermometer.lucapp.thermometer.apk.logcat,False,17460,438,7,2,0.025085910652920963,0.00011367511651699443
com.fic.foxsports,benign2017/com.fic.foxsports.apk.logcat,False,4677,159,8,2,0.03399615137908916,0.00042625745950554135
com.fifthfinger.clients.joann,benign2017/com.fifthfinger.clients.joann.apk.logcat,False,940,22,2,2,0.023404255319148935,0.0021231422505307855
com.figure1.android,benign2017/com.figure1.android.apk.logcat,False,3192,98,6,2,0.03070175438596491,0.0006261740763932373
com.findmillionaire.android,benign2017/com.findmillionaire.android.apk.logcat,False,12480,270,10,2,0.021634615384615384,0.0001602307322544464
com.findthebest.android.housing,benign2017/com.findthebest.android.housing.apk.logcat,False,79946,704,9,2,0.008805944012208241,2.500593891049124e-05
com.firstapplicationearear,benign2017/com.firstapplicationearear.apk.logcat,False,42405,622,10,2,0.014668081594151634,4.700352526439483e-05
com.fitgirls.fitgirlsapp,benign2017/com.fitgirls.fitgirlsapp.apk.logcat,False,9602,330,9,2,0.03436784003332639,0.0002057189878625797
com.fitness22.running,benign2017/com.fitness22.running.apk.logcat,False,4839,186,8,2,0.038437693738375696,0.00041126876413736374
com.fiverr.fiverr,benign2017/com.fiverr.fiverr.apk.logcat,False,862,38,3,2,0.04408352668213457,0.0023148148148148147
com.flayvr.flayvr,benign2017/com.flayvr.flayvr.apk.logcat,False,22943,247,7,2,0.010765810922721527,8.712319219376198e-05
com.flightview.flightview_free,benign2017/com.flightview.flightview_free.apk.logcat,False,21174,228,2,2,0.010767922924341174,9.444654325651681e-05
com.flipps.fitetv,benign2017/com.flipps.fitetv.apk.logcat,False,13269,499,9,2,0.03760645112668626,0.00014986886474334957
com.flyperinc.cornerfly,benign2017/com.flyperinc.cornerfly.apk.logcat,False,7314,247,7,2,0.03377085042384468,0.0002733734281027884
com.fnafdraw.alphaomegaapps,benign2017/com.fnafdraw.alphaomegaapps.apk.logcat,False,38318,780,8,2,0.02035596847434626,5.1753137533962996e-05
com.foodsby.consumerApp,benign2017/com.foodsby.consumerApp.apk.logcat,False,18121,469,5,2,0.02588157386457701,0.00010888501742160279
com.forrent.frmobile,benign2017/com.forrent.frmobile.apk.logcat,False,6698,108,7,2,0.016124216183935502,0.00029850746268656717
com.fourtechnologies.mynetdiary.ad,benign2017/com.fourtechnologies.mynetdiary.ad.apk.logcat,False,284,6,3,2,0.02112676056338028,0.006993006993006993
com.fourthcareer.medlist.free,benign2017/com.fourthcareer.medlist.free.apk.logcat,False,56237,637,8,2,0.01132706225438768,3.5520824083118726e-05
com.foxfi,benign2017/com.foxfi.apk.logcat,False,599,8,1,2,0.01335559265442404,0.0033277870216306157
com.freeapps.newmods,benign2017/com.freeapps.newmods.apk.logcat,False,55754,7157,10,2,0.1283674713921871,3.5814053434567724e-05
com.free.lock.screen.pattern.lock,benign2017/com.free.lock.screen.pattern.lock.apk.logcat,False,3851,474,5,2,0.12308491300960789,0.0005190760446405398
com.freerange360.mpp.businessinsider,benign2017/com.freerange360.mpp.businessinsider.apk.logcat,False,1843,162,6,2,0.08790016277807922,0.001084010840108401
com.freerecipes.detoxdrinks,benign2017/com.freerecipes.detoxdrinks.apk.logcat,False,108594,318,12,2,0.002928338582242113,1.8371714907728063e-05
com.freerecipes.smoothierecipes,benign2017/com.freerecipes.smoothierecipes.apk.logcat,False,97271,265,10,2,0.0027243474416835437,2.0518292057369146e-05
com.frogsparks.mytrails,benign2017/com.frogsparks.mytrails.apk.logcat,False,973,15,2,2,0.015416238437821172,0.0020512820512820513
com.ftw_and_co.happn,benign2017/com.ftw_and_co.happn.apk.logcat,False,22144,190,6,2,0.008580202312138728,9.030976248532467e-05
com.fueneco.talking.photos,benign2017/com.fueneco.talking.photos.apk.logcat,False,602,3,1,2,0.0049833887043189366,0.0033112582781456954
com.fullscan.girly,benign2017/com.fullscan.girly.apk.logcat,False,10864,575,9,2,0.052927098674521354,0.00018148820326678765
com.fundevs.app.mediaconverter,benign2017/com.fundevs.app.mediaconverter.apk.logcat,False,20875,509,7,2,0.02438323353293413,9.539709038874314e-05
com.funforfones.android.dcmetro,benign2017/com.funforfones.android.dcmetro.apk.logcat,False,35472,333,8,2,0.009387686062246279,5.637932006540001e-05
com.funforfones.android.lametro,benign2017/com.funforfones.android.lametro.apk.logcat,False,35673,136,8,2,0.0038124071426569113,5.606166783461808e-05
com.FunForMobile.main,benign2017/com.FunForMobile.main.apk.logcat,False,1336,30,3,2,0.02245508982035928,0.0014947683109118087
com.FunKidsHero.hobbykidstv,benign2017/com.FunKidsHero.hobbykidstv.apk.logcat,False,8389,51,3,2,0.006079389676957921,0.00023741690408357076
com.funkyqubits.kitchentimer,benign2017/com.funkyqubits.kitchentimer.apk.logcat,False,18026,327,7,2,0.018140463774547876,0.00011033265294864014
com.funnyvideos.funnyvideosfails,benign2017/com.funnyvideos.funnyvideosfails.apk.logcat,False,5412,249,4,2,0.046008869179600884,0.0003694126339120798
com.future.weather.forecast,benign2017/com.future.weather.forecast.apk.logcat,False,3525,105,7,2,0.029787234042553193,0.0005670541536716756
com.fxnetworks.fxnow,benign2017/com.fxnetworks.fxnow.apk.logcat,False,15824,3897,9,2,0.24627148634984833,0.00012618296529968455
com.g8n8.pregnancytracker,benign2017/com.g8n8.pregnancytracker.apk.logcat,False,10195,113,5,2,0.01108386463952918,0.00019508388607101054
com.gaana,benign2017/com.gaana.apk.logcat,False,5679,214,8,2,0.037682690614544816,0.0003520506953001232
com.gamesdev.cartoon,benign2017/com.gamesdev.cartoon.apk.logcat,False,8689,177,9,2,0.020370583496374727,0.0002289639381797367
com.GameZone.GrimReaper,benign2017/com.GameZone.GrimReaper.apk.logcat,False,391,5,2,2,0.01278772378516624,0.005089058524173028
com.gamma.bubblelevel,benign2017/com.gamma.bubblelevel.apk.logcat,False,5285,209,8,2,0.03954588457899716,0.00037593984962406017
com.gamma.scan,benign2017/com.gamma.scan.apk.logcat,False,13238,274,11,2,0.020697990633026138,0.0001504098668872678
com.gang.gud.star,benign2017/com.gang.gud.star.apk.logcat,False,107260,1406,7,2,0.013108334887190005,1.8543242842308262e-05
com.gangstar.gude,benign2017/com.gangstar.gude.apk.logcat,False,1493,87,3,2,0.05827193569993302,0.0013377926421404682
com.gatoapps.ketogenicdiet,benign2017/com.gatoapps.ketogenicdiet.apk.logcat,False,4714,643,5,2,0.1364022061943148,0.0004201680672268908
com.gau.go.launcherex.gowidget.timer,benign2017/com.gau.go.launcherex.gowidget.timer.apk.logcat,False,21509,110,7,2,0.005114138267701893,9.258830609693995e-05
com.gau.go.launcherex.theme.Blackgold.Mxy,benign2017/com.gau.go.launcherex.theme.Blackgold.Mxy.apk.logcat,False,947,20,2,2,0.021119324181626188,0.002107481559536354
com.gau.go.launcherex.theme.highlife,benign2017/com.gau.go.launcherex.theme.highlife.apk.logcat,False,450,10,2,2,0.022222222222222223,0.004424778761061947
com.gau.go.launcherex.theme.noblecj,benign2017/com.gau.go.launcherex.theme.noblecj.apk.logcat,False,479,10,2,2,0.020876826722338204,0.004158004158004158
com.g_automation.remote_sound,benign2017/com.g_automation.remote_sound.apk.logcat,False,11395,2,2,2,0.00017551557700745942,0.00017548477669562167
com.geekslab.qrbarcodescanner.pro,benign2017/com.geekslab.qrbarcodescanner.pro.apk.logcat,False,6976,392,10,2,0.05619266055045872,0.0002846569883290635
com.gekkotagames.coloringforadults,benign2017/com.gekkotagames.coloringforadults.apk.logcat,False,3687,85,8,2,0.023053973420124763,0.0005421523448088912
com.Gemstoneideasone,benign2017/com.Gemstoneideasone.apk.logcat,False,5667,680,5,2,0.11999294159167108,0.0003527959075674722
com.gen.beautyhub,benign2017/com.gen.beautyhub.apk.logcat,False,8967,412,7,2,0.04594624735139958,0.0002229902999219534
com.getpebble.android.basalt,benign2017/com.getpebble.android.basalt.apk.logcat,False,11892,75,7,2,0.006306760847628658,0.00016815200941651252
com.ghiestato,benign2017/com.ghiestato.apk.logcat,False,391,4,2,2,0.010230179028132993,0.005089058524173028
com.ghoushkaz.maddennflmobile,benign2017/com.ghoushkaz.maddennflmobile.apk.logcat,False,15879,159,4,2,0.010013225014169657,0.00012593665386310686
com.gifinteresting.buzzcnnbreakingnews,benign2017/com.gifinteresting.buzzcnnbreakingnews.apk.logcat,False,34428,525,7,2,0.015249215754618333,5.774005427565102e-05
com.giphy.stickers,benign2017/com.giphy.stickers.apk.logcat,False,7427,228,8,2,0.030698801669583952,0.0002680246582685607
com.girlmwallpaper.free,benign2017/com.girlmwallpaper.free.apk.logcat,False,21519,707,8,2,0.03285468655606673,9.203865623561896e-05
com.girly.beautiful,benign2017/com.girly.beautiful.apk.logcat,False,100576,854,10,2,0.00849109131403118,1.9839498457478995e-05
com.Girly.mmnewpictures,benign2017/com.Girly.mmnewpictures.apk.logcat,False,18779,579,8,2,0.030832312689706588,0.00010544074230282581
com.Girly.mnewpictures,benign2017/com.Girly.mnewpictures.apk.logcat,False,14523,398,8,2,0.027404806169524204,0.00013635124079629124
com.girlymthemes.me,benign2017/com.girlymthemes.me.apk.logcat,False,6184,131,8,2,0.021183699870633895,0.00032102728731942215
com.girlym.wallpaper,benign2017/com.girlym.wallpaper.apk.logcat,False,28380,779,8,2,0.02744890768146582,6.979097602679974e-05
com.girly.newwallpaper,benign2017/com.girly.newwallpaper.apk.logcat,False,32836,738,8,2,0.022475331952734802,6.041931001147967e-05
com.girly.pictures,benign2017/com.girly.pictures.apk.logcat,False,58270,660,10,2,0.011326583147417196,3.423778139176581e-05
com.girlyworld.eddyapp,benign2017/com.girlyworld.eddyapp.apk.logcat,False,10963,246,8,2,0.02243911338137371,0.00018112660749864155
com.github.jamesgay.fitnotes,benign2017/com.github.jamesgay.fitnotes.apk.logcat,False,417,30,2,2,0.07194244604316546,0.00477326968973747
com.GliApps.stolencarchecker,benign2017/com.GliApps.stolencarchecker.apk.logcat,False,142132,533,8,2,0.003750035178566403,1.4058172718710023e-05
com.Glitter.Private.Secret.Diary,benign2017/com.Glitter.Private.Secret.Diary.apk.logcat,False,13382,312,6,2,0.023314900612763412,0.00014943215780035862
com.gloto.deportes,benign2017/com.gloto.deportes.apk.logcat,False,1420,54,5,2,0.038028169014084505,0.0014064697609001407
com.glow.android.baby,benign2017/com.glow.android.baby.apk.logcat,False,1768,69,6,2,0.03902714932126697,0.0011229646266142617
com.glympse.android.glympse,benign2017/com.glympse.android.glympse.apk.logcat,False,15728,422,9,2,0.02683112919633774,0.00012624668602449185
com.gmail.andavidosp.concacaf,benign2017/com.gmail.andavidosp.concacaf.apk.logcat,False,618,37,3,2,0.059870550161812294,0.0032258064516129032
com.goanyware.tgif,benign2017/com.goanyware.tgif.apk.logcat,False,18589,367,8,2,0.019742858679864438,0.00010248526774276198
com.GodLiveWallpapers,benign2017/com.GodLiveWallpapers.apk.logcat,False,24230,6263,11,2,0.2584812216260834,8.216251745953496e-05
com.gogoair.ife,benign2017/com.gogoair.ife.apk.logcat,False,5396,199,10,2,0.03687916975537435,0.00036961744594344855
com.gohopscotch.android.ticketpop,benign2017/com.gohopscotch.android.ticketpop.apk.logcat,False,15243,119,6,2,0.0078068621662402415,0.0001307787876806382
com.gojuno.rider,benign2017/com.gojuno.rider.apk.logcat,False,224816,79,6,2,0.00035139847697672764,8.896084833064968e-06
com.goodreads,benign2017/com.goodreads.apk.logcat,False,12767,326,8,2,0.025534581342523694,0.00015662933667475918
com.google.android.apps.adm,benign2017/com.google.android.apps.adm.apk.logcat,False,20165,901,11,2,0.04468137862633276,9.863392020515855e-05
com.google.android.apps.authenticator2,benign2017/com.google.android.apps.authenticator2.apk.logcat,False,2117,76,9,2,0.03589985829003307,0.0009438414346389807
com.google.android.apps.books,benign2017/com.google.android.apps.books.apk.logcat,False,41242,536,7,2,0.01299645991949954,4.823461315840247e-05
com.google.android.apps.cloudprint,benign2017/com.google.android.apps.cloudprint.apk.logcat,False,363,4,3,2,0.011019283746556474,0.005479452054794521
com.google.android.apps.enterprise.cpanel,benign2017/com.google.android.apps.enterprise.cpanel.apk.logcat,False,23750,215,7,2,0.009052631578947368,8.346897041025e-05
com.google.android.apps.fitness,benign2017/com.google.android.apps.fitness.apk.logcat,False,1050,57,3,2,0.054285714285714284,0.0019011406844106464
com.google.android.apps.gmoney,benign2017/com.google.android.apps.gmoney.apk.logcat,False,4171,8,1,2,0.0019180052745145048,0.0004792715073088905
com.google.android.apps.hangoutsdialer,benign2017/com.google.android.apps.hangoutsdialer.apk.logcat,False,584,48,1,2,0.0821917808219178,0.0026954177897574125
com.google.android.apps.magazines,benign2017/com.google.android.apps.magazines.apk.logcat,False,3025,81,6,2,0.026776859504132233,0.0006523157208088715
com.google.android.apps.paidtasks,benign2017/com.google.android.apps.paidtasks.apk.logcat,False,7179,88,6,2,0.012257974648279704,0.0002755580049600441
com.google.android.apps.pdfviewer,benign2017/com.google.android.apps.pdfviewer.apk.logcat,True,0,0,0,2,0.0,1.0
com.google.android.apps.translate,benign2017/com.google.android.apps.translate.apk.logcat,False,10,0,0,2,0.0,0.16666666666666666
com.google.android.apps.travel.onthego,benign2017/com.google.android.apps.travel.onthego.apk.logcat,False,8848,182,6,2,0.020569620253164556,0.00022431583669807088
com.google.android.apps.vega,benign2017/com.google.android.apps.vega.apk.logcat,False,716640,4909,8,506,0.0068500223264121455,0.0007052795611098257
com.google.android.apps.wallpaper,benign2017/com.google.android.apps.wallpaper.apk.logcat,False,24849,362,5,2,0.014567990663608194,8.047965876624683e-05
com.google.android.calendar,benign2017/com.google.android.calendar.apk.logcat,False,118079,283,5,2,0.002396700514062619,1.693752593558659e-05
com.google.android.ears,benign2017/com.google.android.ears.apk.logcat,False,745,16,4,2,0.021476510067114093,0.002677376171352075
com.google.android.keep,benign2017/com.google.android.keep.apk.logcat,False,51971,1131,9,2,0.02176213657616748,3.812137846904544e-05
com.google.android.launcher,benign2017/com.google.android.launcher.apk.logcat,False,143,5,3,2,0.03496503496503497,0.012658227848101266
com.google.android.marvin.talkback,benign2017/com.google.android.marvin.talkback.apk.logcat,False,715,0,0,2,0.0,0.002789400278940028
com.google.android.music,benign2017/com.google.android.music.apk.logcat,False,113487,4155,8,2,0.036612122974437604,1.7622853316180423e-05
com.google.android.play.games,benign2017/com.google.android.play.games.apk.logcat,False,4283,277,5,2,0.0646742937193556,0.00045034902049088043
com.google.android.stardroid,benign2017/com.google.android.stardroid.apk.logcat,False,2997,88,2,2,0.029362696029362697,0.0006668889629876625
com.google.android.street,benign2017/com.google.android.street.apk.logcat,False,729,27,3,2,0.037037037037037035,0.0027359781121751026
com.google.android.tts,benign2017/com.google.android.tts.apk.logcat,False,826,33,5,2,0.039951573849878935,0.0024154589371980675
com.google.zxing.client.android,benign2017/com.google.zxing.client.android.apk.logcat,False,1014,100,8,2,0.09861932938856016,0.0019193857965451055
com.gowireless.mobile,benign2017/com.gowireless.mobile.apk.logcat,False,2183,168,6,2,0.07695831424644985,0.0009153318077803204
com.gpsall.n3,benign2017/com.gpsall.n3.apk.logcat,False,121232,1113,7,2,0.0091807443579253,1.6374115797746923e-05
com.gpsall.n4,benign2017/com.gpsall.n4.apk.logcat,False,1100,0,0,2,0.0,0.0018148820326678765
com.gpshopper.charlotterusse,benign2017/com.gpshopper.charlotterusse.apk.logcat,False,1998,117,3,2,0.05855855855855856,0.001
com.gpshopper.moneygram,benign2017/com.gpshopper.moneygram.apk.logcat,False,824,130,7,2,0.15776699029126215,0.0023837902264600714
com.granita.caldavsync,benign2017/com.granita.caldavsync.apk.logcat,False,460,45,3,2,0.09782608695652174,0.004329004329004329
com.grape.software.offcoupon,benign2017/com.grape.software.offcoupon.apk.logcat,False,475,25,5,2,0.05263157894736842,0.0041928721174004195
com.gregacucnik.fishingpoints,benign2017/com.gregacucnik.fishingpoints.apk.logcat,False,16148,531,7,2,0.03288332920485509,0.0001238390092879257
com.groupme.android,benign2017/com.groupme.android.apk.logcat,False,33707,8784,8,2,0.2605986886996766,5.933133584502655e-05
com.guideforamazonprime,benign2017/com.guideforamazonprime.apk.logcat,False,38049,516,7,2,0.01356146022234487,5.2500328127050794e-05
com.guidegame.goodgame.minion.rush.newtips,benign2017/com.guidegame.goodgame.minion.rush.newtips.apk.logcat,False,1123,359,3,2,0.3196794300979519,0.0017777777777777779
com.guideme.movieboxa,benign2017/com.guideme.movieboxa.apk.logcat,False,18147,7254,7,2,0.39973549346999504,0.00011019890903080059
com.guildgog.needforsguild,benign2017/com.guildgog.needforsguild.apk.logcat,False,156932,1610,8,2,0.010259220554125354,1.2685364894521191e-05
com.guru.cocktails,benign2017/com.guru.cocktails.apk.logcat,False,17699,746,7,2,0.04214927397028081,0.00011062558769843464
com.h17.tonnagecalculator,benign2017/com.h17.tonnagecalculator.apk.logcat,False,31529,297,7,2,0.00941989914047385,6.338541501600482e-05
com.HairColorStyle.bintangapp,benign2017/com.HairColorStyle.bintangapp.apk.logcat,False,2356,340,6,2,0.14431239388794567,0.0008481764206955047
com.hairdrawing.hairstyle,benign2017/com.hairdrawing.hairstyle.apk.logcat,False,926,65,7,2,0.07019438444924406,0.0020768431983385254
com.haleandhearty.haleandhearty.android.app,benign2017/com.haleandhearty.haleandhearty.android.app.apk.logcat,False,615,40,6,2,0.06504065040650407,0.003129890453834116
com.handmark.sportcaster,benign2017/com.handmark.sportcaster.apk.logcat,False,710063,3560,9,2,0.005013639634792969,2.808685015805875e-06
com.handyapps.tipnsplit,benign2017/com.handyapps.tipnsplit.apk.logcat,False,32804,421,5,2,0.012833800756005365,5.982113480692729e-05
com.handycloset.android.eraser,benign2017/com.handycloset.android.eraser.apk.logcat,False,6965,26,4,2,0.0037329504666188083,0.00028571428571428574
com.haulhound,benign2017/com.haulhound.apk.logcat,False,492,1,1,2,0.0020325203252032522,0.004048582995951417
com.hd.factory.anime,benign2017/com.hd.factory.anime.apk.logcat,False,455192,5762,12,2,0.012658394699379603,4.375036914373965e-06
com.health5c.android.pillidentifier.ui,benign2017/com.health5c.android.pillidentifier.ui.apk.logcat,False,316,40,7,2,0.12658227848101267,0.0058823529411764705
com.herman.ringtone,benign2017/com.herman.ringtone.apk.logcat,False,123840,592,6,2,0.004780361757105943,1.6149609986918816e-05
com.hermes.superb.booster,benign2017/com.hermes.superb.booster.apk.logcat,False,4664,832,4,2,0.1783876500857633,0.0004286326618088298
com.hertz,benign2017/com.hertz.apk.logcat,False,775,219,4,2,0.28258064516129033,0.002574002574002574
com.hirevue.candidate.generic,benign2017/com.hirevue.candidate.generic.apk.logcat,False,5940,305,4,2,0.05134680134680135,0.0003365870077415012
com.hm,benign2017/com.hm.apk.logcat,False,812,20,2,2,0.024630541871921183,0.002457002457002457
com.hmobile.biblekjv,benign2017/com.hmobile.biblekjv.apk.logcat,False,179988,66694,7,2,0.3705469253505789,1.109884072608616e-05
com.hollar.android,benign2017/com.hollar.android.apk.logcat,False,15735,412,8,2,0.026183666984429615,0.000127000254000508
com.holyclassic.bible,benign2017/com.holyclassic.bible.apk.logcat,False,29128,3695,7,2,0.1268538862949739,6.865774116031582e-05
com.homey.app,benign2017/com.homey.app.apk.logcat,False,998,236,5,2,0.23647294589178355,0.002
com.hongsovathna.sovathnamoviesplay,benign2017/com.hongsovathna.sovathnamoviesplay.apk.logcat,False,97292,1945,7,2,0.01999136619660404,2.0370332647532136e-05
com.hoopladigital.android,benign2017/com.hoopladigital.android.apk.logcat,False,868,25,2,2,0.02880184331797235,0.0022988505747126436
com.hotdatescan,benign2017/com.hotdatescan.apk.logcat,False,32586,129,4,2,0.0039587552936844045,6.13515752016933e-05
com.hoteltonight.android.prod,benign2017/com.hoteltonight.android.prod.apk.logcat,False,17430,281,4,2,0.016121629374641424,0.00011473152822395595
com.hotlinesinc.partshotlines,benign2017/com.hotlinesinc.partshotlines.apk.logcat,False,12241,174,4,2,0.014214524957111348,0.00015996160921378868
com.hottopic.android,benign2017/com.hottopic.android.apk.logcat,False,2032,107,5,2,0.05265748031496063,0.0009832841691248771
com.hotwire.hotels,benign2017/com.hotwire.hotels.apk.logcat,False,13161,550,7,2,0.0417901375275435,0.00015194104687381296
com.hovans.autoguard,benign2017/com.hovans.autoguard.apk.logcat,False,150594,703,8,2,0.004668180671208681,1.3234165321193193e-05
com.hp.android.print,benign2017/com.hp.android.print.apk.logcat,False,19363,618,4,2,0.031916541858183135,0.00010327911179963853
com.hp.printercontrol,benign2017/com.hp.printercontrol.apk.logcat,False,41972,1640,7,2,0.03907366815972553,4.736306154829848e-05
com.hptuners.trackaddict,benign2017/com.hptuners.trackaddict.apk.logcat,False,116198,2902,11,2,0.02497461229969535,1.7161342360199415e-05
com.hudl.hudroid,benign2017/com.hudl.hudroid.apk.logcat,False,23658,586,5,2,0.024769633950460734,8.4530853761623e-05
com.hunter.agilelink,benign2017/com.hunter.agilelink.apk.logcat,False,75633,823,8,2,0.010881493527957373,2.6312673499190884e-05
com.huntstand.core,benign2017/com.huntstand.core.apk.logcat,False,234,0,0,2,0.0,0.00847457627118644
com.iabuzz.Puzzle4KidsTools,benign2017/com.iabuzz.Puzzle4KidsTools.apk.logcat,False,144,0,0,2,0.0,0.0136986301369863
com.iart.chromecastapps,benign2017/com.iart.chromecastapps.apk.logcat,False,30,0,0,2,0.0,0.0625
com.iconology.comics,benign2017/com.iconology.comics.apk.logcat,False,19518,980,6,2,0.05021006250640434,0.00010245901639344262
com.idealista.android,benign2017/com.idealista.android.apk.logcat,False,605329,5021,9,2,0.008294662902322539,3.3039774933053156e-06
com.ideashower.readitlater.pro,benign2017/com.ideashower.readitlater.pro.apk.logcat,False,955,46,4,2,0.048167539267015703,0.0020898641588296763
com.iexamguru.dmv_practice_test,benign2017/com.iexamguru.dmv_practice_test.apk.logcat,False,93343,2289,8,2,0.02452246017376772,2.127297481279782e-05
com.ifttt.ifttt,benign2017/com.ifttt.ifttt.apk.logcat,False,14543,52,5,2,0.0035756033830708933,0.0001374003847210772
com.ikeyboard.emoji.emojione,benign2017/com.ikeyboard.emoji.emojione.apk.logcat,False,94702,7264,9,2,0.07670376549597685,2.0940873443831343e-05
com.ikeyboard.theme.FlamingSkull,benign2017/com.ikeyboard.theme.FlamingSkull.apk.logcat,False,1344,129,8,2,0.09598214285714286,0.0014858841010401188
com.ikeyboard.theme.GalaxySparkle,benign2017/com.ikeyboard.theme.GalaxySparkle.apk.logcat,False,33346,4335,9,2,0.1300005997720866,5.961962678113635e-05
com.ikeyboard.theme.golden_bow,benign2017/com.ikeyboard.theme.golden_bow.apk.logcat,False,1373,235,7,2,0.17115804806991988,0.0014545454545454545
com.ikeyboard.theme.HeartDroplet,benign2017/com.ikeyboard.theme.HeartDroplet.apk.logcat,False,29118,3749,9,2,0.1287519747235387,6.826870562534134e-05
com.ikeyboard.theme.owl,benign2017/com.ikeyboard.theme.owl.apk.logcat,False,27339,4145,9,2,0.1516149091042101,7.256630746344473e-05
com.ikeyboard.theme.SpringTime,benign2017/com.ikeyboard.theme.SpringTime.apk.logcat,False,430,35,5,2,0.08139534883720931,0.004629629629629629
com.ikm.my.persnl.gallery,benign2017/com.ikm.my.persnl.gallery.apk.logcat,False,182876,943,9,2,0.0051564994859905075,1.0905898455179485e-05
com.ikuaiji.imobiles,benign2017/com.ikuaiji.imobiles.apk.logcat,False,1044,60,4,2,0.05747126436781609,0.0019120458891013384
com.ilocatemobile.track,benign2017/com.ilocatemobile.track.apk.logcat,False,1260,0,0,2,0.0,0.001584786053882726
com.ilyabogdanovich.geotracker,benign2017/com.ilyabogdanovich.geotracker.apk.logcat,False,53281,1270,7,2,0.023835888966047936,3.7296732806206175e-05
com.imdb.mobile,benign2017/com.imdb.mobile.apk.logcat,False,790,22,5,2,0.027848101265822784,0.0025252525252525255
com.imib.cctv,benign2017/com.imib.cctv.apk.logcat,False,107158,9004,6,2,0.08402545773530674,1.8538086498711603e-05
com.infinitecampus.mobilePortal,benign2017/com.infinitecampus.mobilePortal.apk.logcat,False,1691,39,5,2,0.023063276167947958,0.0011661807580174927
com.infoscout.receipthog,benign2017/com.infoscout.receipthog.apk.logcat,False,3636,126,6,2,0.034653465346534656,0.000546448087431694
com.infotalk.android.tollcalc,benign2017/com.infotalk.android.tollcalc.apk.logcat,False,848,32,4,2,0.03773584905660377,0.002352941176470588
com.innovapps.maquillajeparahombres,benign2017/com.innovapps.maquillajeparahombres.apk.logcat,True,0,0,0,2,0.0,1.0
com.insplisity.weightlossrecipes,benign2017/com.insplisity.weightlossrecipes.apk.logcat,False,23546,334,6,2,0.014184999575299414,8.406893652795292e-05
com.instagram.layout,benign2017/com.instagram.layout.apk.logcat,False,801,7,2,2,0.008739076154806492,0.0024906600249066002
com.installer.hackers,benign2017/com.installer.hackers.apk.logcat,False,1744,43,4,2,0.024655963302752295,0.001145475372279496
com.instaview.app,benign2017/com.instaview.app.apk.logcat,False,35607,2045,9,2,0.05743252731204539,5.599260897561522e-05
com.instaworkmobile,benign2017/com.instaworkmobile.apk.logcat,False,364087,2872,11,2,0.007888224517766359,5.471267637999048e-06
com.intellectualflame.ledflashlight.washer,benign2017/com.intellectualflame.ledflashlight.washer.apk.logcat,False,7071,298,8,2,0.042143968321312404,0.0002827654460624912
com.intermarkets.drudgedroid,benign2017/com.intermarkets.drudgedroid.apk.logcat,False,4604,42,5,2,0.009122502172024326,0.0004342162396873643
com.intretech.bounty,benign2017/com.intretech.bounty.apk.logcat,False,372,2,1,2,0.005376344086021506,0.0053475935828877
com.ionicframework.growinghigh115253,benign2017/com.ionicframework.growinghigh115253.apk.logcat,False,16954,183,4,2,0.010793912940898903,0.00011564704521799469
com.ionicframework.sqmobile302915,benign2017/com.ionicframework.sqmobile302915.apk.logcat,False,958,14,3,2,0.014613778705636743,0.002028397565922921
com.ionicframework.wigmarket793166,benign2017/com.ionicframework.wigmarket793166.apk.logcat,False,61324,5163,5,2,0.0841921596764725,3.233368361490583e-05
com.iseecars.android.app,benign2017/com.iseecars.android.app.apk.logcat,False,1064,18,4,2,0.016917293233082706,0.0018535681186283596
com.iseecars.android.vin,benign2017/com.iseecars.android.vin.apk.logcat,False,26843,998,8,2,0.037179152851767684,7.446570854121677e-05
com.it4you.petralex,benign2017/com.it4you.petralex.apk.logcat,False,867,32,7,2,0.03690888119953864,0.0023014959723820483
com.itbenefit.android.calendar,benign2017/com.itbenefit.android.calendar.apk.logcat,False,399,45,5,2,0.11278195488721804,0.004987531172069825
com.j2.efax,benign2017/com.j2.efax.apk.logcat,False,18729,644,6,2,0.0343851780661007,0.00010677486519673269
com.j2.myfax,benign2017/com.j2.myfax.apk.logcat,False,17668,591,5,2,0.03345030563731039,0.00011318619128466328
com.jacek.miszczyk.pregnancytestLite,benign2017/com.jacek.miszczyk.pregnancytestLite.apk.logcat,False,482,4,3,2,0.008298755186721992,0.004132231404958678
com.jailbase.mobile_app,benign2017/com.jailbase.mobile_app.apk.logcat,False,1032167,47999,11,2,0.04650313369832595,1.9376671843467495e-06
com.jamesots.android.contractiontimer,benign2017/com.jamesots.android.contractiontimer.apk.logcat,False,99449,250,4,2,0.002513851320777484,2.0089397820300336e-05
com.jane.android,benign2017/com.jane.android.apk.logcat,False,974,0,0,2,0.0,0.0020491803278688526
com.jangomobile.android,benign2017/com.jangomobile.android.apk.logcat,False,11999,690,5,2,0.0575047920660055,0.00016665277893508876
com.jardogs.fmhmobile,benign2017/com.jardogs.fmhmobile.apk.logcat,False,1206,66,5,2,0.05472636815920398,0.0016556291390728477
com.jaumo,benign2017/com.jaumo.apk.logcat,False,1269257,9502,7,2,0.007486269526187368,1.575449456036689e-06
com.jaumo.lesbian,benign2017/com.jaumo.lesbian.apk.logcat,False,1001,5,1,2,0.004995004995004995,0.0019940179461615153
com.jaumo.prime,benign2017/com.jaumo.prime.apk.logcat,False,1208127,9727,7,2,0.008051305864366908,1.6551660214277793e-06
com.jb.gokeyboard.plugin.emojione,benign2017/com.jb.gokeyboard.plugin.emojione.apk.logcat,False,1159,0,0,2,0.0,0.0017226528854435831
com.jb.gokeyboard.sticker.emoticon,benign2017/com.jb.gokeyboard.sticker.emoticon.apk.logcat,False,40874,3063,10,2,0.07493761315261535,4.892846658185733e-05
com.jb.gokeyboard.theme.dlglkeyboardnew2017,benign2017/com.jb.gokeyboard.theme.dlglkeyboardnew2017.apk.logcat,False,955,75,10,2,0.07853403141361257,0.0020898641588296763
com.jb.gokeyboard.theme.tmeluminouskeyboard,benign2017/com.jb.gokeyboard.theme.tmeluminouskeyboard.apk.logcat,False,6459,85,10,2,0.01315993187799969,0.00030954960532425323
com.jb.gokeyboard.theme.twchangecolorofkeypad,benign2017/com.jb.gokeyboard.theme.twchangecolorofkeypad.apk.logcat,False,789,5,2,2,0.0063371356147021544,0.0025284450063211127
com.jb.gokeyboard.theme.twneonbutterflieskeyboard,benign2017/com.jb.gokeyboard.theme.twneonbutterflieskeyboard.apk.logcat,False,5234,41,2,2,0.007833397019487964,0.0003819709702062643
com.jb.gosms.pctheme.fd.thestarrynight,benign2017/com.jb.gosms.pctheme.fd.thestarrynight.apk.logcat,False,9805,465,5,2,0.04742478327383988,0.00020393596410727031
com.jb.gosms.pctheme.pandathemesms,benign2017/com.jb.gosms.pctheme.pandathemesms.apk.logcat,False,6968,72,5,2,0.010332950631458095,0.00028694404591104734
com.jb.gosms.pctheme.whitecj,benign2017/com.jb.gosms.pctheme.whitecj.apk.logcat,False,11574,540,5,2,0.04665629860031104,0.00017277125086385625
com.jchowstudio.artpokewallpaper,benign2017/com.jchowstudio.artpokewallpaper.apk.logcat,False,20221,776,9,2,0.038375945798921916,9.88972951589774e-05
com.jdpapps.paintmandalas,benign2017/com.jdpapps.paintmandalas.apk.logcat,False,854,24,6,2,0.02810304449648712,0.002336448598130841
com.jdpapps.textt1,benign2017/com.jdpapps.textt1.apk.logcat,False,11508,91,5,2,0.007907542579075427,0.00017029972752043596
com.jet.jet.app,benign2017/com.jet.jet.app.apk.logcat,False,855,5,2,2,0.005847953216374269,0.0022988505747126436
com.jiubang.fastestflashlight,benign2017/com.jiubang.fastestflashlight.apk.logcat,False,43364,321,6,2,0.007402453648187437,4.537513896136307e-05
com.jobportal.allgovernmentjob,benign2017/com.jobportal.allgovernmentjob.apk.logcat,False,655,0,0,2,0.0,0.0030441400304414
com.joelapenna.foursquared,benign2017/com.joelapenna.foursquared.apk.logcat,False,859621,6302,6,2,0.007331137792120016,2.3266013124358006e-06
com.joeperkins.nws,benign2017/com.joeperkins.nws.apk.logcat,False,4461,412,3,2,0.09235597399686168,0.00044812906116961686
com.joeware.android.gpulumera,benign2017/com.joeware.android.gpulumera.apk.logcat,False,27419,922,7,2,0.03362631751705022,7.267441860465116e-05
com.joeykrim.rootcheck,benign2017/com.joeykrim.rootcheck.apk.logcat,False,42572,703,9,2,0.016513201165085034,4.696489374192791e-05
com.johnguide.robuxfreeguideforroblox,benign2017/com.johnguide.robuxfreeguideforroblox.apk.logcat,False,1615,24,4,2,0.014860681114551083,0.0012368583797155227
com.joulespersecond.seattlebusbot,benign2017/com.joulespersecond.seattlebusbot.apk.logcat,False,10025,195,6,2,0.01945137157107232,0.0001994614540740002
com.jpma.EBTShopper,benign2017/com.jpma.EBTShopper.apk.logcat,False,977,21,4,2,0.021494370522006142,0.0020429009193054137
com.jrtstudio.music,benign2017/com.jrtstudio.music.apk.logcat,False,102153,4651,10,2,0.04552974459878809,1.870802387143846e-05
com.jrummy.apps.google.play.api,benign2017/com.jrummy.apps.google.play.api.apk.logcat,False,619,0,0,2,0.0,0.00322061191626409
com.jrummy.root.browserfree,benign2017/com.jrummy.root.browserfree.apk.logcat,False,1120,69,4,11,0.06160714285714286,0.009105960264900662
com.jsdev.pfei,benign2017/com.jsdev.pfei.apk.logcat,False,580250,5021,9,2,0.008653166738474796,3.44651694997036e-06
com.kailabs.tabs,benign2017/com.kailabs.tabs.apk.logcat,False,1079,54,6,2,0.05004633920296571,0.0018501387604070306
com.kajda.fuelio,benign2017/com.kajda.fuelio.apk.logcat,False,19820,689,5,2,0.034762865792129165,0.00010089799212995662
com.kbf.app2108798,benign2017/com.kbf.app2108798.apk.logcat,False,877,21,3,2,0.02394526795895097,0.0022753128555176336
com.kdmedia.nailsdesigns,benign2017/com.kdmedia.nailsdesigns.apk.logcat,False,12572,397,6,2,0.031578110085905185,0.0001590583744234134
com.kearextraearperfermant,benign2017/com.kearextraearperfermant.apk.logcat,False,220651,1956,11,2,0.008864677703704039,9.049118615846816e-06
com.keeptruckin.android,benign2017/com.keeptruckin.android.apk.logcat,False,13955,630,5,2,0.04514510927982802,0.00014329727018700295
com.kellerwilliams.eventapp,benign2017/com.kellerwilliams.eventapp.apk.logcat,False,11418,202,6,2,0.01769136451217376,0.00017313019390581717
com.keramidas.MarketUpdateHelper,benign2017/com.keramidas.MarketUpdateHelper.apk.logcat,False,1056,21,3,2,0.019886363636363636,0.0018148820326678765
com.kfteausa.kungfutea.android.app,benign2017/com.kfteausa.kungfutea.android.app.apk.logcat,False,828,21,3,2,0.025362318840579712,0.002288329519450801
com.kicksonfire.android,benign2017/com.kicksonfire.android.apk.logcat,False,1151251,8729,8,2,0.00758218668213969,1.7368393171789908e-06
com.kickstarter.kickstarter,benign2017/com.kickstarter.kickstarter.apk.logcat,False,12599,572,5,2,0.045400428605444874,0.00015871756209824618
com.kidscrape.king,benign2017/com.kidscrape.king.apk.logcat,False,22982,511,8,2,0.02223479244626229,8.676789587852495e-05
com.kidsgamesgalaxy.bubblelevel,benign2017/com.kidsgamesgalaxy.bubblelevel.apk.logcat,False,1114,12,6,2,0.010771992818671455,0.001774622892635315
com.king.hindi.spanish.translator,benign2017/com.king.hindi.spanish.translator.apk.logcat,False,72,0,0,2,0.0,0.02702702702702703
com.kirillleuhin.powerguidedino,benign2017/com.kirillleuhin.powerguidedino.apk.logcat,False,120888,80,4,2,0.000661769571835087,1.652892561983471e-05
com.kkmedia.company.mp3musicmk,benign2017/com.kkmedia.company.mp3musicmk.apk.logcat,False,1015,0,0,2,0.0,0.0019665683382497543
com.knoozapps.boyorgirl,benign2017/com.knoozapps.boyorgirl.apk.logcat,False,945155,1071,7,4,0.001133147473165777,4.228651652134201e-06
com.knoozapps.contractiontimer,benign2017/com.knoozapps.contractiontimer.apk.logcat,False,343667,1358,8,14,0.003951499562076079,4.070098728966311e-05
com.kolesnik.pregnancy,benign2017/com.kolesnik.pregnancy.apk.logcat,False,1157,0,0,2,0.0,0.001725625539257981
com.korrisoft.voice.recorder,benign2017/com.korrisoft.voice.recorder.apk.logcat,False,328651,6724,13,2,0.020459393094802693,6.018639727235247e-06
com.ksmobile.launcher,benign2017/com.ksmobile.launcher.apk.logcat,False,1194,50,6,2,0.04187604690117253,0.0016570008285004142
com.ksmobile.launcher.theme.neonlife,benign2017/com.ksmobile.launcher.theme.neonlife.apk.logcat,False,441999,120021,10,2,0.27154133832881977,4.5127473831706115e-06
com.ksmobile.launcher.theme.t100467646,benign2017/com.ksmobile.launcher.theme.t100467646.apk.logcat,False,108818,1393,10,2,0.01280119097943355,1.8310323360310542e-05
com.ksmobile.launcher.theme.t205969553,benign2017/com.ksmobile.launcher.theme.t205969553.apk.logcat,False,1442,78,6,2,0.05409153952843273,0.0013623978201634877
com.kt.telephone,benign2017/com.kt.telephone.apk.logcat,False,38710,1758,8,2,0.04541462154482046,5.1183621241202816e-05
com.labelsoft.trydate,benign2017/com.labelsoft.trydate.apk.logcat,False,14085,807,7,2,0.05729499467518637,0.00014065686757155918
com.ladytimer.ovulationcalendar,benign2017/com.ladytimer.ovulationcalendar.apk.logcat,False,31502,24569,8,2,0.7799187353183925,6.212530674370205e-05
com.lafitness.lafitness,benign2017/com.lafitness.lafitness.apk.logcat,False,6539,318,7,2,0.04863128918794923,0.00030156815440289503
com.lampe.torcher.flashlight,benign2017/com.lampe.torcher.flashlight.apk.logcat,False,1961,84,7,2,0.04283528811830699,0.0010131712259371835
com.l,benign2017/com.l.apk.logcat,False,38356,866,7,2,0.02257795390551674,5.2125413745471606e-05
com.lapptech.volumeboosterpro,benign2017/com.lapptech.volumeboosterpro.apk.logcat,False,864,16,3,2,0.018518518518518517,0.0023094688221709007
com.lastpass.lpandroid,benign2017/com.lastpass.lpandroid.apk.logcat,False,1225707,8511,6,2,0.006943747567730298,1.6317086682075435e-06
com.launcher.theme.luxury.pink.rabbit.fluffy,benign2017/com.launcher.theme.luxury.pink.rabbit.fluffy.apk.logcat,False,1808,159,3,2,0.08794247787610619,0.0011049723756906078
com.launcher.theme.t204067398,benign2017/com.launcher.theme.t204067398.apk.logcat,False,55878,852,10,2,0.015247503489745518,3.563791874554526e-05
com.launcher.theme.t204550588,benign2017/com.launcher.theme.t204550588.apk.logcat,False,721,0,0,2,0.0,0.0027662517289073307
com.launcher.theme.t204870425,benign2017/com.launcher.theme.t204870425.apk.logcat,False,46046,964,9,2,0.020935586152977456,4.320774282751469e-05
com.laurencedawson.reddit_sync,benign2017/com.laurencedawson.reddit_sync.apk.logcat,False,1356,74,7,2,0.05457227138643068,0.0014609203798392988
com.lbrc.PeriodCalendar,benign2017/com.lbrc.PeriodCalendar.apk.logcat,False,461435,2159,12,2,0.004678882182755968,4.332999692357022e-06
com.leafgreen.teen,benign2017/com.leafgreen.teen.apk.logcat,False,1530,0,0,2,0.0,0.0013054830287206266
com.learn.bibliavalera,benign2017/com.learn.bibliavalera.apk.logcat,False,365572,1701,11,2,0.004652982175877803,5.469202918366677e-06
com.LearnMangaDrawing.rahayu,benign2017/com.LearnMangaDrawing.rahayu.apk.logcat,False,23012,3654,6,2,0.15878671997218843,8.690362388111584e-05
com.lemurmonitors.bluedriver,benign2017/com.lemurmonitors.bluedriver.apk.logcat,False,710,117,6,2,0.1647887323943662,0.0028089887640449437
com.lenovo.anyshare.gps,benign2017/com.lenovo.anyshare.gps.apk.logcat,False,42855,2170,8,2,0.050635865126589664,4.564542632828191e-05
com.lessiastar.lonlygirlstravelguide,benign2017/com.lessiastar.lonlygirlstravelguide.apk.logcat,False,532631,6678,9,2,0.012537760663573844,3.752436738607133e-06
com.liberathor.diapason,benign2017/com.liberathor.diapason.apk.logcat,False,58351,3816,5,2,0.06539733680656716,3.427415899782359e-05
com.lids.retail.android,benign2017/com.lids.retail.android.apk.logcat,False,1144,122,4,2,0.10664335664335664,0.0017452006980802793
com.lioncomdev.trichat,benign2017/com.lioncomdev.trichat.apk.logcat,False,4683,223,5,2,0.047619047619047616,0.00042689434364994664
com.lionmobi.battery,benign2017/com.lionmobi.battery.apk.logcat,False,36174,1635,10,2,0.045198208658152265,5.510097253216519e-05
com.lionmobi.flashlight,benign2017/com.lionmobi.flashlight.apk.logcat,False,1247,72,7,2,0.057738572574178026,0.0016012810248198558
com.lionmobi.netmaster,benign2017/com.lionmobi.netmaster.apk.logcat,False,40,0,0,2,0.0,0.047619047619047616
com.lionmobi.powerclean,benign2017/com.lionmobi.powerclean.apk.logcat,False,232,0,0,2,0.0,0.008547008547008548
com.lippertcomponents.lcicares_droid,benign2017/com.lippertcomponents.lcicares_droid.apk.logcat,False,112,0,0,2,0.0,0.017543859649122806
com.little.baby.videos,benign2017/com.little.baby.videos.apk.logcat,False,60498,692,8,2,0.011438394657674635,3.30398295144797e-05
com.littlecaesars,benign2017/com.littlecaesars.apk.logcat,False,7327,208,6,2,0.028388153405213595,0.0002728885250375222
com.littleprinc.voicenavigation,benign2017/com.littleprinc.voicenavigation.apk.logcat,False,463,17,6,2,0.0367170626349892,0.004301075268817204
com.livechat.dating,benign2017/com.livechat.dating.apk.logcat,False,36669,1357,5,2,0.037006735934985956,5.431387991201151e-05
com.livemapsguide.mapliveguide,benign2017/com.livemapsguide.mapliveguide.apk.logcat,False,421215,1964,11,2,0.004662701945562242,4.73177910162442e-06
com.livemixtapes,benign2017/com.livemixtapes.apk.logcat,False,3267,57,3,2,0.017447199265381085,0.000611807892321811
com.liverpoolsol.interiordesigns,benign2017/com.liverpoolsol.interiordesigns.apk.logcat,False,358,10,2,2,0.027932960893854747,0.005555555555555556
com.livestrong.tracker,benign2017/com.livestrong.tracker.apk.logcat,False,15227,569,7,2,0.0373678334537335,0.00013132838663077023
com.livetmestudios.neonbubblelivewallpaper,benign2017/com.livetmestudios.neonbubblelivewallpaper.apk.logcat,False,1086,60,6,2,0.055248618784530384,0.001838235294117647
com.livetv.mobdrotutor,benign2017/com.livetv.mobdrotutor.apk.logcat,False,6,0,0,2,0.0,0.25
com.Livewallpaper.LawerClassFamily,benign2017/com.Livewallpaper.LawerClassFamily.apk.logcat,False,1291549,18463,12,2,0.014295237733914857,1.547571975638122e-06
com.lmi.samsung.rescuesecurity.signed,benign2017/com.lmi.samsung.rescuesecurity.signed.apk.logcat,False,1030,56,1,2,0.05436893203883495,0.001937984496124031
com.lmn.cnews,benign2017/com.lmn.cnews.apk.logcat,False,28827,3750,5,2,0.13008637735456344,6.937458808838322e-05
com.lm.powersecurity,benign2017/com.lm.powersecurity.apk.logcat,False,929,146,3,2,0.15715823466092574,0.0021482277121374865
com.lmsoft.babysleeper,benign2017/com.lmsoft.babysleeper.apk.logcat,False,706279,2626,9,2,0.0037180774169980986,2.8308523271729267e-06
com.local.singles.dating.chat.app.mobile,benign2017/com.local.singles.dating.chat.app.mobile.apk.logcat,False,1132,1,1,2,0.0008833922261484099,0.001763668430335097
com.localweatherfree.android,benign2017/com.localweatherfree.android.apk.logcat,False,23511,462,8,2,0.019650376419548296,8.44273713537929e-05
com.location.test,benign2017/com.location.test.apk.logcat,False,16535,544,9,2,0.03289990928333837,0.00012086052695189751
com.lodgenet,benign2017/com.lodgenet.apk.logcat,False,735,22,5,2,0.029931972789115645,0.0027137042062415195
com.loeb.searchrx,benign2017/com.loeb.searchrx.apk.logcat,False,110025,10344,11,2,0.0940149965916837,1.7554484731986905e-05
com.logmein.joinme,benign2017/com.logmein.joinme.apk.logcat,False,15919,758,7,2,0.047616056284942525,0.00012562024998429746
com.logmein.rescuemobile,benign2017/com.logmein.rescuemobile.apk.logcat,False,589,31,6,2,0.05263157894736842,0.00338409475465313
com.lolapink.videochatforsingles,benign2017/com.lolapink.videochatforsingles.apk.logcat,False,336791,3439,8,2,0.0102110804623639,5.932939979412698e-06
com.lolostudio.gwwe17,benign2017/com.lolostudio.gwwe17.apk.logcat,False,1224,10,2,2,0.008169934640522876,0.0016313213703099511
com.longform,benign2017/com.longform.apk.logcat,False,303596,3792,9,2,0.012490283139435301,6.58765868022846e-06
com.lookout,benign2017/com.lookout.apk.logcat,False,55118,169,4,2,0.003066148989440836,3.6284470246734395e-05
com.loris.matchmaster,benign2017/com.loris.matchmaster.apk.logcat,False,1542,2,1,2,0.0012970168612191958,0.0012953367875647669
com.loudtalks,benign2017/com.loudtalks.apk.logcat,False,17437,533,5,2,0.03056718472214257,0.00011468547508458054
com.lovem.fashionmeddymgirlym,benign2017/com.lovem.fashionmeddymgirlym.apk.logcat,False,83343,1188,9,2,0.014254346495806487,2.3870621232917586e-05
com.lovesoccer.gamming,benign2017/com.lovesoccer.gamming.apk.logcat,False,139328,1778,7,2,0.012761254019292605,1.4283775773287911e-05
com.lowes.android,benign2017/com.lowes.android.apk.logcat,False,979,2,1,2,0.0020429009193054137,0.0020387359836901123
com.luigiedeveloper.battlesimulator,benign2017/com.luigiedeveloper.battlesimulator.apk.logcat,False,154829,380,2,2,0.0024543205730192664,1.2917309841052502e-05
com.lumiyaviewer.lumiya.voice,benign2017/com.lumiyaviewer.lumiya.voice.apk.logcat,False,1341,0,0,2,0.0,0.0014892032762472078
com.luxdelux.bodymassagervibration,benign2017/com.luxdelux.bodymassagervibration.apk.logcat,False,168099,1088,7,2,0.006472376397242101,1.1870422468335647e-05
com.lyrebirdstudio.art_filter,benign2017/com.lyrebirdstudio.art_filter.apk.logcat,False,183859,1863,9,2,0.010132764781707722,1.0775165398788872e-05
com.lyricslib.lyricslibrary,benign2017/com.lyricslib.lyricslibrary.apk.logcat,False,1052,10,2,2,0.009505703422053232,0.0018214936247723133
com.m2c.studio.transparent.screen,benign2017/com.m2c.studio.transparent.screen.apk.logcat,False,23588,3736,4,2,0.15838561980668137,8.462384700008462e-05
com.macropoint.application,benign2017/com.macropoint.application.apk.logcat,False,6412,659,9,2,0.1027760449157829,0.00030501753850846426
com.magicjack,benign2017/com.magicjack.apk.logcat,False,1023,157,4,2,0.15347018572825025,0.001951219512195122
com.magnetic.openmaps,benign2017/com.magnetic.openmaps.apk.logcat,False,182343,4643,7,2,0.02546300104747646,1.0932785236366816e-05
com.makeup.beauty.bronzo,benign2017/com.makeup.beauty.bronzo.apk.logcat,False,7162,142,6,2,0.019826864004468026,0.00027874564459930314
com.manateeworks.barcodescanners,benign2017/com.manateeworks.barcodescanners.apk.logcat,False,876,3,2,2,0.003424657534246575,0.002277904328018223
com.mangaworld2.manga_online,benign2017/com.mangaworld2.manga_online.apk.logcat,False,330115,4824,10,2,0.01461308937794405,6.044377821968896e-06
com.mangaworld2.manga_spanish2,benign2017/com.mangaworld2.manga_spanish2.apk.logcat,False,1055,9,2,2,0.008530805687203791,0.001892147587511826
com.mango.palmreader,benign2017/com.mango.palmreader.apk.logcat,False,84161,2480,10,2,0.029467330473734864,2.3648768490380864e-05
com.mango.tree.happybirthdaysongs,benign2017/com.mango.tree.happybirthdaysongs.apk.logcat,False,107491,485,4,2,0.004512005656287503,1.860586270733908e-05
com.manythingsdev.headphonetools,benign2017/com.manythingsdev.headphonetools.apk.logcat,False,1125,3,2,2,0.0026666666666666666,0.001774622892635315
com.mapquest.android.ace,benign2017/com.mapquest.android.ace.apk.logcat,False,96,0,0,2,0.0,0.02040816326530612
com.MariiaKovalchuk.lesbianvideochatdating,benign2017/com.MariiaKovalchuk.lesbianvideochatdating.apk.logcat,False,520465,4060,8,2,0.00780071666682678,3.841160337714817e-06
com.marioherzberg.swipeviews_tutorial1,benign2017/com.marioherzberg.swipeviews_tutorial1.apk.logcat,False,1622,11,3,2,0.006781750924784217,0.0012315270935960591
com.mark.calligraphy,benign2017/com.mark.calligraphy.apk.logcat,False,21510,269,7,2,0.012505811250581126,9.297136481963555e-05
com.martianmode.applock,benign2017/com.martianmode.applock.apk.logcat,False,14582,450,6,2,0.030859964339596764,0.00013713658804168953
com.marvel.comics,benign2017/com.marvel.comics.apk.logcat,False,15945,591,8,2,0.03706491063029163,0.00012541543864049665
com.masti.Birthdayphotoframes,benign2017/com.masti.Birthdayphotoframes.apk.logcat,False,1308,51,4,2,0.0389908256880734,0.0015267175572519084
com.match.android.matchmobile,benign2017/com.match.android.matchmobile.apk.logcat,False,9154,401,8,2,0.043805986454009176,0.00021843599825251202
com.mathpapa.mathpapa,benign2017/com.mathpapa.mathpapa.apk.logcat,False,786,38,6,2,0.04834605597964377,0.0025380710659898475
comm.cchong.BloodAssistant,benign2017/comm.cchong.BloodAssistant.apk.logcat,False,32016,648,6,2,0.020239880059970013,6.246486351427322e-05
com.mcpeskins.enderman,benign2017/com.mcpeskins.enderman.apk.logcat,False,721550,41128,11,2,0.05699951493313007,2.7700293900118282e-06
com.mcpeskins.overwatch,benign2017/com.mcpeskins.overwatch.apk.logcat,False,1408,4,4,2,0.002840909090909091,0.0014184397163120568
com.mcpeskins.sisterlocation,benign2017/com.mcpeskins.sisterlocation.apk.logcat,False,506179,42753,11,2,0.08446221593546947,3.946952952320809e-06
com.meamobile.printicular,benign2017/com.meamobile.printicular.apk.logcat,False,1121,20,4,2,0.01784121320249777,0.0017809439002671415
com.media.bestrecorder.audiorecorder,benign2017/com.media.bestrecorder.audiorecorder.apk.logcat,False,7824,432,6,2,0.05521472392638037,0.00025131942699170643
com.mediamushroom.copymydata,benign2017/com.mediamushroom.copymydata.apk.logcat,False,850,44,4,2,0.05176470588235294,0.002347417840375587
com.medibang.android.paint.tablet,benign2017/com.medibang.android.paint.tablet.apk.logcat,False,231,7,2,2,0.030303030303030304,0.008583690987124463
com.medium.reader,benign2017/com.medium.reader.apk.logcat,False,9543,286,2,2,0.02996961123336477,0.00020953378732320587
com.medobay.police4g,benign2017/com.medobay.police4g.apk.logcat,False,68528,819,6,2,0.011951319168806911,2.889213122806004e-05
com.medscape.android,benign2017/com.medscape.android.apk.logcat,False,996,16,3,2,0.01606425702811245,0.0019193857965451055
com.medtronic.mcls_us,benign2017/com.medtronic.mcls_us.apk.logcat,False,884,5,1,2,0.005656108597285068,0.002257336343115124
com.MeeMe2Date,benign2017/com.MeeMe2Date.apk.logcat,False,2373,576,2,2,0.2427307206068268,0.0008421052631578948
com.meetingplay.con17,benign2017/com.meetingplay.con17.apk.logcat,False,55,0,0,2,0.0,0.03508771929824561
com.meetingplay.gobig17,benign2017/com.meetingplay.gobig17.apk.logcat,False,55495,818,5,2,0.014740066672673214,3.603798403517307e-05
com.me.events.near,benign2017/com.me.events.near.apk.logcat,False,2052,60,2,2,0.029239766081871343,0.0009737098344693282
com.meijer.mobile.meijer,benign2017/com.meijer.mobile.meijer.apk.logcat,False,595618,4946,7,2,0.008303980067761552,3.3567635428625136e-06
com.meltinglogic.pixly,benign2017/com.meltinglogic.pixly.apk.logcat,False,930,46,3,2,0.04946236559139785,0.002145922746781116
com.mentisco.freewificonnect,benign2017/com.mentisco.freewificonnect.apk.logcat,False,12898,384,7,2,0.02977205768336176,0.0001550387596899225
com.mentormate.android.inboxdollars,benign2017/com.mentormate.android.inboxdollars.apk.logcat,False,156938,2538,10,2,0.01617199148708407,1.2686410950909932e-05
com.merrickbank.smartclient.prod,benign2017/com.merrickbank.smartclient.prod.apk.logcat,False,1149,11,1,2,0.009573542210617928,0.0017376194613379669
com.mexico.autosusados,benign2017/com.mexico.autosusados.apk.logcat,False,41595,4631,4,2,0.11133549705493449,4.7714476572192006e-05
com.mhd.flasher.n54,benign2017/com.mhd.flasher.n54.apk.logcat,False,1007,173,3,2,0.1717974180734856,0.00196078431372549
com.microblink.photomath,benign2017/com.microblink.photomath.apk.logcat,False,48,6,1,2,0.125,0.04
com.microphone.earspy,benign2017/com.microphone.earspy.apk.logcat,False,20129,524,6,2,0.02603209300014904,9.891686037885158e-05
com.microsoft.amp.apps.bingfinance,benign2017/com.microsoft.amp.apps.bingfinance.apk.logcat,False,10186,61,6,2,0.005988611820145298,0.00019630938358853554
com.microsoft.amp.apps.bingnews,benign2017/com.microsoft.amp.apps.bingnews.apk.logcat,False,281,0,0,2,0.0,0.007067137809187279
com.microsoft.bing,benign2017/com.microsoft.bing.apk.logcat,False,6823,176,3,2,0.02579510479261322,0.00029304029304029304
com.microsoft.launcher,benign2017/com.microsoft.launcher.apk.logcat,False,5657,392,5,2,0.0692946791585646,0.00035341933203746247
com.microsoft.rdc.android,benign2017/com.microsoft.rdc.android.apk.logcat,True,0,0,0,2,0.0,1.0
com.microsoft.windowsintune.companyportal,benign2017/com.microsoft.windowsintune.companyportal.apk.logcat,False,29640,1769,2,2,0.05968286099865047,6.747183051076176e-05
com.mineworld.animeskins,benign2017/com.mineworld.animeskins.apk.logcat,False,732673,58625,11,2,0.08001523189744948,2.7277984484282423e-06
com.mineworld.babyplayeraddon,benign2017/com.mineworld.babyplayeraddon.apk.logcat,False,1082,154,4,2,0.1423290203327172,0.0018450184501845018
com.mineworld.carsaddon,benign2017/com.mineworld.carsaddon.apk.logcat,False,602709,64387,11,2,0.1068293322316408,3.31507280728653e-06
com.mineworld.dragonsaddon,benign2017/com.mineworld.dragonsaddon.apk.logcat,False,1029,1,1,2,0.0009718172983479105,0.0019398642095053346
com.mineworld.princessskins,benign2017/com.mineworld.princessskins.apk.logcat,False,689292,57022,11,2,0.08272546322893636,2.8995298412362435e-06
com.mineworld.spongebobaddon,benign2017/com.mineworld.spongebobaddon.apk.logcat,False,1261,627,1,2,0.4972244250594766,0.001583531274742676
com.mineworld.superheroskins,benign2017/com.mineworld.superheroskins.apk.logcat,False,801528,73962,11,2,0.09227625235799623,2.4933116913878522e-06
com.mineworld.swordsaddon,benign2017/com.mineworld.swordsaddon.apk.logcat,False,586904,55504,11,2,0.09457083270858607,3.4052754527313716e-06
com.mitula.homes,benign2017/com.mitula.homes.apk.logcat,False,1175,55,5,2,0.04680851063829787,0.0016992353440951572
com.mizaapp.Draw3dArt,benign2017/com.mizaapp.Draw3dArt.apk.logcat,False,99736,2459,8,2,0.024655089436111333,1.9877554265723145e-05
com.ml.mundohispanico,benign2017/com.ml.mundohispanico.apk.logcat,False,8718,246,3,2,0.028217481073640742,0.00022935779816513763
com.mobileapps.freestufftimes,benign2017/com.mobileapps.freestufftimes.apk.logcat,False,816,23,2,2,0.028186274509803922,0.0024449877750611247
com.mobilecreatures.drinkwater,benign2017/com.mobilecreatures.drinkwater.apk.logcat,False,4175,145,6,2,0.03473053892215569,0.00047881254488867607
com.mobilefitness.LoseBellyFatin2Week,benign2017/com.mobilefitness.LoseBellyFatin2Week.apk.logcat,False,366,14,5,2,0.03825136612021858,0.005434782608695652
com.mobilefootie.wc2010,benign2017/com.mobilefootie.wc2010.apk.logcat,False,60083,3184,8,2,0.052993359186458734,3.3110390040394676e-05
com.mobilehomesdirect4less.mhd,benign2017/com.mobilehomesdirect4less.mhd.apk.logcat,False,1094,58,7,2,0.05301645338208409,0.0018066847335140017
com.mobileiron,benign2017/com.mobileiron.apk.logcat,False,12924,478,7,2,0.03698545341999381,0.00015459534668006494
com.mobile.potbelly,benign2017/com.mobile.potbelly.apk.logcat,False,962,34,4,2,0.035343035343035345,0.002074688796680498
com.mobvantage.CashForApps,benign2017/com.mobvantage.CashForApps.apk.logcat,False,36530,1004,8,2,0.027484259512729262,5.413012882970661e-05
com.modoohut.dialer,benign2017/com.modoohut.dialer.apk.logcat,False,1244,26,4,2,0.02090032154340836,0.0015910898965791568
com.modsgang.craftingmodsmlp,benign2017/com.modsgang.craftingmodsmlp.apk.logcat,False,7650,995,6,2,0.1300653594771242,0.00025876568766981497
com.modstudio.housemap,benign2017/com.modstudio.housemap.apk.logcat,False,4473,481,6,2,0.10753409344958641,0.00044583147570218456
com.modularhomes.buildyourownhouse,benign2017/com.modularhomes.buildyourownhouse.apk.logcat,False,23526,422,7,2,0.01793760095213806,8.410075270173668e-05
com.momentgarden,benign2017/com.momentgarden.apk.logcat,False,831,9,3,2,0.010830324909747292,0.002369668246445498
com.monotype.android.font.free.fifty6,benign2017/com.monotype.android.font.free.fifty6.apk.logcat,False,27671,729,6,2,0.026345271222579597,7.143877696813831e-05
com.monster.android.Views,benign2017/com.monster.android.Views.apk.logcat,False,392605,2258,9,2,0.005751327670304759,5.089265720741811e-06
com.monsterguidehighdev.freepandoramusicradioguide,benign2017/com.monsterguidehighdev.freepandoramusicradioguide.apk.logcat,False,1223,0,0,2,0.0,0.0016326530612244899
com.moodtools.moodtools,benign2017/com.moodtools.moodtools.apk.logcat,False,9811,286,2,2,0.02915095301192539,0.00020381127076327322
com.moovel.na.mint,benign2017/com.moovel.na.mint.apk.logcat,False,84570,264,8,2,0.0031216743526073076,2.3648488861561747e-05
com.mosoyo.wildanimals,benign2017/com.mosoyo.wildanimals.apk.logcat,False,87949,4748,10,2,0.05398583269849572,2.2686025408348456e-05
com.moviebox.newhdversion,benign2017/com.moviebox.newhdversion.apk.logcat,False,586,23,5,2,0.03924914675767918,0.003401360544217687
com.MozzartSport.NewHelloNeighborGuide,benign2017/com.MozzartSport.NewHelloNeighborGuide.apk.logcat,False,12461,98,4,2,0.007864537356552443,0.00016047500601781272
com.mtph.clmobile,benign2017/com.mtph.clmobile.apk.logcat,False,23497,400,4,2,0.017023449802102394,8.511000468105026e-05
com.mufumbo.android.recipe.search,benign2017/com.mufumbo.android.recipe.search.apk.logcat,False,1016,18,3,2,0.017716535433070866,0.0019646365422396855
com.munchkinmonitor,benign2017/com.munchkinmonitor.apk.logcat,False,2304,57,8,2,0.024739583333333332,0.0008470986869970351
com.music.music_player,benign2017/com.music.music_player.apk.logcat,False,120239,2348,9,2,0.01952777385041459,1.6509959633148696e-05
com.music.player.mp3player.white,benign2017/com.music.player.mp3player.white.apk.logcat,False,1188,13,1,2,0.010942760942760943,0.0016806722689075631
com.musicplayer.music,benign2017/com.musicplayer.music.apk.logcat,False,10182,528,6,2,0.05185621685327048,0.00018796992481203009
com.musicplayer.player.mp3player.white,benign2017/com.musicplayer.player.mp3player.white.apk.logcat,False,43,9,2,2,0.20930232558139536,0.028985507246376812
com.musicstreaming.freemusic,benign2017/com.musicstreaming.freemusic.apk.logcat,False,222302,12421,12,2,0.05587444107565384,8.974284188657403e-06
com.musiFANS,benign2017/com.musiFANS.apk.logcat,False,1150,0,0,2,0.0,0.001736111111111111
com.mxtech.ffmpeg.tegra3,benign2017/com.mxtech.ffmpeg.tegra3.apk.logcat,False,921,0,0,2,0.0,0.0021668472372697724
com.mxtech.ffmpeg.v5te,benign2017/com.mxtech.ffmpeg.v5te.apk.logcat,False,479,0,0,2,0.0,0.004158004158004158
com.mxtech.ffmpeg.v6,benign2017/com.mxtech.ffmpeg.v6.apk.logcat,False,20,0,0,2,0.0,0.09090909090909091
com.mxtech.ffmpeg.v6_vfp,benign2017/com.mxtech.ffmpeg.v6_vfp.apk.logcat,True,0,0,0,2,0.0,1.0
com.mxtech.ffmpeg.v7_neon,benign2017/com.mxtech.ffmpeg.v7_neon.apk.logcat,True,0,0,0,2,0.0,1.0
com.mxtech.ffmpeg.v7_vfpv3d16,benign2017/com.mxtech.ffmpeg.v7_vfpv3d16.apk.logcat,True,0,0,0,2,0.0,1.0
com.my420match,benign2017/com.my420match.apk.logcat,False,35762,1989,7,2,0.055617694759800905,5.348737697903295e-05
com.mygdx.clock,benign2017/com.mygdx.clock.apk.logcat,False,10451,619,6,2,0.05922878193474309,0.00019093078758949882
com.mykeyboard.myphotokeyboard,benign2017/com.mykeyboard.myphotokeyboard.apk.logcat,False,929,31,3,2,0.03336921420882669,0.0021482277121374865
com.mykomae.app,benign2017/com.mykomae.app.apk.logcat,False,1411,66,2,2,0.04677533664068037,0.0014154281670205238
com.mylottos.mmpbfree,benign2017/com.mylottos.mmpbfree.apk.logcat,False,252,12,2,2,0.047619047619047616,0.007874015748031496
com.mylottos.results,benign2017/com.mylottos.results.apk.logcat,False,786999,9268,10,2,0.011776380910267992,2.540127666816534e-06
com.mynamecubeapps.myname,benign2017/com.mynamecubeapps.myname.apk.logcat,False,1735,0,0,2,0.0,0.0011514104778353484
com.mynavy.automaticbluetoothenable,benign2017/com.mynavy.automaticbluetoothenable.apk.logcat,False,293439,1136,7,2,0.003871332713102212,6.8123835508186786e-06
com.myndos.myndosbroken,benign2017/com.myndos.myndosbroken.apk.logcat,False,1042,0,0,2,0.0,0.0019157088122605363
com.mywickr.wickr2,benign2017/com.mywickr.wickr2.apk.logcat,False,49033,499,6,2,0.01017681969285991,4.0299018718894193e-05
com.name.picture.lockscreen,benign2017/com.name.picture.lockscreen.apk.logcat,False,860666,2656,11,5,0.0030859822509544934,5.803817054400338e-06
com.narvii.amino.master,benign2017/com.narvii.amino.master.apk.logcat,False,5217,72,4,2,0.013801035077630822,0.0003832151753209427
com.natasa.video.chat.adult.women,benign2017/com.natasa.video.chat.adult.women.apk.logcat,False,845,12,1,2,0.014201183431952662,0.0023612750885478157
com.nba2k17tips.nba2k17basketballcheats,benign2017/com.nba2k17tips.nba2k17basketballcheats.apk.logcat,False,230173,748,6,2,0.003249729551250581,8.680329505308021e-06
com.nbcuni.telemundo.noticiastelemundo,benign2017/com.nbcuni.telemundo.noticiastelemundo.apk.logcat,False,598,0,0,2,0.0,0.0033333333333333335
com.nest.flippingcars,benign2017/com.nest.flippingcars.apk.logcat,False,161634,27,2,2,0.0001670440625116003,1.23734811551882e-05
com.netflix.mediaclient,benign2017/com.netflix.mediaclient.apk.logcat,False,1048,0,0,2,0.0,0.0019047619047619048
com.nettstudio.haircut,benign2017/com.nettstudio.haircut.apk.logcat,False,236402,5026,12,2,0.021260395428126664,8.430743549427342e-06
com.neuralprisma,benign2017/com.neuralprisma.apk.logcat,False,10703,380,6,2,0.0355040642810427,0.0001866019779809666
com.newbattlesimulator.epicandfree,benign2017/com.newbattlesimulator.epicandfree.apk.logcat,False,1129,45,6,2,0.03985828166519043,0.0017683465959328027
com.newpicturesgirls.skijab,benign2017/com.newpicturesgirls.skijab.apk.logcat,False,72273,1116,9,2,0.01544145116433523,2.7521294601698064e-05
com.NewRoblox.Tricks,benign2017/com.NewRoblox.Tricks.apk.logcat,False,96841,4507,8,2,0.04654020507842752,2.0651983106677818e-05
com.nextbus.mobile,benign2017/com.nextbus.mobile.apk.logcat,False,123890,1126,6,2,0.009088707724594398,1.6143092370774547e-05
com.nextdoor,benign2017/com.nextdoor.apk.logcat,False,897,13,4,2,0.014492753623188406,0.002224694104560623
com.nextmd.nextgenpp,benign2017/com.nextmd.nextgenpp.apk.logcat,False,1595,126,2,2,0.07899686520376176,0.0009713453132588635
com.next.neon3d,benign2017/com.next.neon3d.apk.logcat,False,71516,1622,7,2,0.022680239386990323,2.794779352170146e-05
com.nextpick.makeupcontouring,benign2017/com.nextpick.makeupcontouring.apk.logcat,False,630,7,2,2,0.011111111111111112,0.0031645569620253164
com.nextradioapp.nextradio,benign2017/com.nextradioapp.nextradio.apk.logcat,False,848883,5682,9,2,0.006693501931361566,2.3549997232875324e-06
com.nezdroid.cardashdroid,benign2017/com.nezdroid.cardashdroid.apk.logcat,False,18257,410,6,2,0.022457139727227914,0.00010946907498631637
com.nicedayapps.iss_free,benign2017/com.nicedayapps.iss_free.apk.logcat,False,301416,1432,7,2,0.004750909042652016,6.631673535975171e-06
com.nighp.babytracker_android,benign2017/com.nighp.babytracker_android.apk.logcat,False,892,4,1,2,0.004484304932735426,0.0022371364653243847
com.NightLampIdeabelbo,benign2017/com.NightLampIdeabelbo.apk.logcat,False,29274,3703,5,2,0.12649450023912004,6.831534362617844e-05
com.nirkof.manikyurideas,benign2017/com.nirkof.manikyurideas.apk.logcat,False,1076,146,3,2,0.13568773234200743,0.0018552875695732839
com.nirmcorp.hairstyleapp,benign2017/com.nirmcorp.hairstyleapp.apk.logcat,False,53483,828,5,2,0.01548155488659948,3.7316913891221197e-05
com.nissan.nissanconnect,benign2017/com.nissan.nissanconnect.apk.logcat,False,1165,14,3,2,0.01201716738197425,0.001713796058269066
com.nithra.nithraresume,benign2017/com.nithra.nithraresume.apk.logcat,False,43756,2496,6,2,0.05704360544839565,4.517119884361731e-05
com.nithra.resume,benign2017/com.nithra.resume.apk.logcat,False,38551,1827,9,2,0.04739176675053825,5.155569303740365e-05
com.nll.acr,benign2017/com.nll.acr.apk.logcat,False,564,0,0,2,0.0,0.0035335689045936395
com.nlva.womanhair,benign2017/com.nlva.womanhair.apk.logcat,False,94850,896,5,2,0.00944649446494465,2.095184219072462e-05
com.nom.obdiicodesdemo,benign2017/com.nom.obdiicodesdemo.apk.logcat,False,1389,15,1,2,0.01079913606911447,0.0014378145219266715
com.norta.mobileapp,benign2017/com.norta.mobileapp.apk.logcat,False,338368,26268,9,2,0.07763145451106487,5.9045645236049725e-06
com.northpark.beautycamera,benign2017/com.northpark.beautycamera.apk.logcat,False,720,223,6,2,0.30972222222222223,0.0027210884353741495
com.northpark.drinkwater,benign2017/com.northpark.drinkwater.apk.logcat,False,5319,351,8,2,0.06598984771573604,0.0003749531308586427
com.northpark.periodtracker,benign2017/com.northpark.periodtracker.apk.logcat,False,14393,413,7,2,0.028694504272910443,0.00013767467474358092
com.noticentro.app,benign2017/com.noticentro.app.apk.logcat,False,1108,32,3,2,0.02888086642599278,0.001784121320249777
com.NSAppMobile.drawingWolves,benign2017/com.NSAppMobile.drawingWolves.apk.logcat,False,138616,3498,7,2,0.025235182085762104,1.4344321083283129e-05
com.nstudio.weatherhere.free,benign2017/com.nstudio.weatherhere.free.apk.logcat,False,1219,15,3,2,0.012305168170631665,0.0016207455429497568
com.obdautodoctor,benign2017/com.obdautodoctor.apk.logcat,False,13095,523,7,2,0.03993890798014509,0.00015255530129672007
com.obdhightech.fordoillightreset.oilreset.servicelight.oilprocedure,benign2017/com.obdhightech.fordoillightreset.oilreset.servicelight.oilprocedure.apk.logcat,False,93491,951,6,2,0.010172102127477512,2.1391975869851218e-05
com.ocs.confpal.comsep,benign2017/com.ocs.confpal.comsep.apk.logcat,False,1408,49,3,2,0.03480113636363636,0.0014184397163120568
com.ogqcorp.bgh,benign2017/com.ogqcorp.bgh.apk.logcat,False,249,15,2,2,0.060240963855421686,0.00796812749003984
com.okcupid.okcupid,benign2017/com.okcupid.okcupid.apk.logcat,False,39926,1301,6,2,0.03258528277313029,5.009016229212583e-05
com.oldguide.inter.tipstekken,benign2017/com.oldguide.inter.tipstekken.apk.logcat,False,1117,29,6,2,0.025962399283795883,0.0017873100983020554
com.oldnavy.snapappy,benign2017/com.oldnavy.snapappy.apk.logcat,False,40203,136,5,2,0.0033828321269557,4.974505658500187e-05
com.ols.zolo,benign2017/com.ols.zolo.apk.logcat,False,120780,5542,8,2,0.04588508031130982,1.63678175970407e-05
com.omada.prevent,benign2017/com.omada.prevent.apk.logcat,False,25553,617,5,2,0.02414589285015458,7.82625709254549e-05
com.omegagear.sexy.bikini,benign2017/com.omegagear.sexy.bikini.apk.logcat,False,13114,362,6,2,0.027604087235016013,0.00015248551387618176
com.omniluxtrade.healthyrecipes,benign2017/com.omniluxtrade.healthyrecipes.apk.logcat,False,34264,433,6,2,0.012637170207798273,5.79575750550597e-05
com.omniluxtrade.veganrecipes,benign2017/com.omniluxtrade.veganrecipes.apk.logcat,False,28583,362,8,2,0.01266487072735542,6.94589150517469e-05
com.onavo.spaceship,benign2017/com.onavo.spaceship.apk.logcat,False,567,4,1,2,0.007054673721340388,0.0034482758620689655
com.once.android,benign2017/com.once.android.apk.logcat,False,176,0,0,2,0.0,0.011235955056179775
com.onegogo.explorer,benign2017/com.onegogo.explorer.apk.logcat,False,8500,1252,5,2,0.14729411764705883,0.0002352387673488591
com.onelouder.baconreader,benign2017/com.onelouder.baconreader.apk.logcat,False,26557,743,8,2,0.0279775577060662,7.50835304276007e-05
com.onetap.bit8painter,benign2017/com.onetap.bit8painter.apk.logcat,False,1045,1,1,2,0.0009569377990430622,0.0019102196752626551
com.oodles.download.free.ebooks.reader,benign2017/com.oodles.download.free.ebooks.reader.apk.logcat,False,24184,608,9,2,0.02514058881905392,8.269246671628214e-05
com.optum.rx,benign2017/com.optum.rx.apk.logcat,False,918,23,6,2,0.02505446623093682,0.002173913043478261
com.overdrive.mobile.android.mediaconsole,benign2017/com.overdrive.mobile.android.mediaconsole.apk.logcat,False,16396,427,8,2,0.026042937301780922,0.00012075107166576104
com.overstock,benign2017/com.overstock.apk.logcat,False,957,45,7,2,0.047021943573667714,0.002061855670103093
com.ovuline.fertility,benign2017/com.ovuline.fertility.apk.logcat,False,39449,4349,7,2,0.11024360566807777,5.069579985298218e-05
com.ovuline.parenting,benign2017/com.ovuline.parenting.apk.logcat,False,22780,2044,8,2,0.08972783143107989,8.778860503906593e-05
com.ovuline.pregnancy,benign2017/com.ovuline.pregnancy.apk.logcat,False,33877,3612,8,2,0.10662101130560557,5.903361964638862e-05
com.oxagile.speedtrackerfree,benign2017/com.oxagile.speedtrackerfree.apk.logcat,False,37013,1888,7,2,0.051009104909085994,5.342879277642722e-05
com.oyo.oyoapp,benign2017/com.oyo.oyoapp.apk.logcat,False,124179,941,8,2,0.007577770798605239,1.6098393380340642e-05
com.paidsurveys,benign2017/com.paidsurveys.apk.logcat,False,821,5,2,2,0.0060901339829476245,0.002430133657351154
com.pakistansfeaturedapps.makeuptips,benign2017/com.pakistansfeaturedapps.makeuptips.apk.logcat,False,8791,376,8,2,0.042771015811625526,0.0002243661655822302
com.paktech.password.account.hacker.prank.free,benign2017/com.paktech.password.account.hacker.prank.free.apk.logcat,False,158396,4019,9,2,0.02537311548271421,1.2608909455421201e-05
com.pandoraapp.internetradio,benign2017/com.pandoraapp.internetradio.apk.logcat,False,782,3,2,2,0.0038363171355498722,0.002551020408163265
com.parentsware.ourpact.child,benign2017/com.parentsware.ourpact.child.apk.logcat,False,20756,409,6,2,0.019705145500096357,9.634839579920994e-05
com.parkeon.whoosh,benign2017/com.parkeon.whoosh.apk.logcat,False,738,14,5,2,0.018970189701897018,0.002702702702702703
com.paybyphone,benign2017/com.paybyphone.apk.logcat,False,10230,552,6,2,0.05395894428152493,0.00019109497420217848
com.paypal.here,benign2017/com.paypal.here.apk.logcat,False,1006120,8341,8,2,0.008290263586848487,1.9878305016687836e-06
com.paypal.merchant.client,benign2017/com.paypal.merchant.client.apk.logcat,False,819793,871,8,2,0.0010624633291574823,2.439634298818607e-06
com.peacock.flashlight,benign2017/com.peacock.flashlight.apk.logcat,True,0,0,0,2,0.0,1.0
com.pegasustranstech.transflonowplus,benign2017/com.pegasustranstech.transflonowplus.apk.logcat,False,2772,72,3,2,0.025974025974025976,0.0007209805335255948
com.peoplelooker,benign2017/com.peoplelooker.apk.logcat,False,505,12,3,2,0.023762376237623763,0.0039447731755424065
com.periodapp.period,benign2017/com.periodapp.period.apk.logcat,False,2811,67,3,2,0.02383493418712202,0.0007109847138286527
com.period.tracker.lite,benign2017/com.period.tracker.lite.apk.logcat,False,14613,1203,8,2,0.08232395811948265,0.00013304064391671656
com.peter.lovestickers,benign2017/com.peter.lovestickers.apk.logcat,False,706,115,6,2,0.16288951841359772,0.0027816411682892906
com.pgac.general.droid,benign2017/com.pgac.general.droid.apk.logcat,False,79421,4817,7,2,0.06065146497777666,2.496629550107355e-05
com.philips.sleepmapper.root,benign2017/com.philips.sleepmapper.root.apk.logcat,False,8598,164,6,2,0.019074203303093742,0.00023226106143305075
com.phoenix.chatroomsonline,benign2017/com.phoenix.chatroomsonline.apk.logcat,False,9399,934,4,2,0.09937227364613256,0.00021274332517817252
com.picediting.haircolorchanger,benign2017/com.picediting.haircolorchanger.apk.logcat,False,42,0,0,2,0.0,0.045454545454545456
com.pikasapps.lockscreen2.wallpapers,benign2017/com.pikasapps.lockscreen2.wallpapers.apk.logcat,False,14819,116,2,2,0.007827788649706457,0.00013494366102152351
com.pikasapps.lockscreen.wallpapers,benign2017/com.pikasapps.lockscreen.wallpapers.apk.logcat,False,1072,8,2,2,0.007462686567164179,0.00186219739292365
com.pillidapp,benign2017/com.pillidapp.apk.logcat,False,8134,370,6,2,0.04548807474797148,0.0002458210422812193
com.PillIdentifierandDrugList.app,benign2017/com.PillIdentifierandDrugList.app.apk.logcat,False,870,34,6,2,0.03908045977011494,0.0022935779816513763
com.pixatel.apps.notepad,benign2017/com.pixatel.apps.notepad.apk.logcat,False,323340,2628,11,2,0.008127667470773798,6.174649974529569e-06
com.pixelmonmod.modsformcpe,benign2017/com.pixelmonmod.modsformcpe.apk.logcat,False,175054,894,2,2,0.005106995555657112,1.1424915455625628e-05
com.pixlr.express,benign2017/com.pixlr.express.apk.logcat,False,755962,4125,5,2,0.005456623481074446,2.6456286278182557e-06
com.pizzahutapp,benign2017/com.pizzahutapp.apk.logcat,False,217,12,4,2,0.055299539170506916,0.0091324200913242
com.planetfitness,benign2017/com.planetfitness.apk.logcat,False,62465,901,5,2,0.0144240774833907,3.2016904925800824e-05
com.play.ckntoy,benign2017/com.play.ckntoy.apk.logcat,False,1083,7,3,2,0.006463527239150508,0.0018433179723502304
com.playsimple.roomtemperature,benign2017/com.playsimple.roomtemperature.apk.logcat,False,45206,2149,8,652,0.047537937441932486,0.01408572416176979
com.play.toysandme,benign2017/com.play.toysandme.apk.logcat,False,58110,1506,9,2,0.02591636551368095,3.424774821055516e-05
com.play.toyskids,benign2017/com.play.toyskids.apk.logcat,False,58838,1441,9,2,0.024490975220095856,3.3807197552358895e-05
com.pnn.obdcardoctor,benign2017/com.pnn.obdcardoctor.apk.logcat,False,1072,29,5,2,0.027052238805970148,0.0018248175182481751
com.pnsdigital.weather.kprc,benign2017/com.pnsdigital.weather.kprc.apk.logcat,False,5478,190,5,2,0.03468419131069733,0.000364963503649635
com.pof.android,benign2017/com.pof.android.apk.logcat,False,11858,434,4,2,0.03659976387249114,0.00016863406408094435
com.pokemon.howtodraw,benign2017/com.pokemon.howtodraw.apk.logcat,False,91057,2822,9,2,0.03099157670470145,2.1897650382114e-05
com.poker.clubs.wallpapers.cute.anime.girl,benign2017/com.poker.clubs.wallpapers.cute.anime.girl.apk.logcat,False,211071,15381,12,2,0.07287121395170346,9.466021715053814e-06
com.pokesniper.android,benign2017/com.pokesniper.android.apk.logcat,False,33321,340,6,2,0.010203775396896852,5.999520038396928e-05
com.polyhacks.kintsugi,benign2017/com.polyhacks.kintsugi.apk.logcat,False,1094,1,1,2,0.0009140767824497258,0.0018248175182481751
com.popfreetime.andweb,benign2017/com.popfreetime.andweb.apk.logcat,False,42608,623,6,2,0.014621667292527224,4.693733865289838e-05
com.popularapp.periodcalendar,benign2017/com.popularapp.periodcalendar.apk.logcat,False,1263,39,5,2,0.030878859857482184,0.001567398119122257
com.popularapp.sevenmins,benign2017/com.popularapp.sevenmins.apk.logcat,False,786,27,3,2,0.03435114503816794,0.0025380710659898475
com.popularapp.thirtydayfitnesschallenge,benign2017/com.popularapp.thirtydayfitnesschallenge.apk.logcat,False,430288,2483,12,2,0.005770553675677686,4.635692514515512e-06
com.poshmark.app,benign2017/com.poshmark.app.apk.logcat,False,1469522,21247,8,2,0.014458442949476088,1.3609849175651436e-06
com.potatolabs.banana,benign2017/com.potatolabs.banana.apk.logcat,False,459352,9050,11,2,0.019701666695693062,4.353940533880189e-06
com.potente.apk.installer,benign2017/com.potente.apk.installer.apk.logcat,False,4594,558,7,2,0.12146277753591642,0.0004351610095735422
com.powerd.cleaner,benign2017/com.powerd.cleaner.apk.logcat,False,4496,766,5,2,0.17037366548042704,0.00044464206313917296
com.powerschool.portal,benign2017/com.powerschool.portal.apk.logcat,False,997,187,4,2,0.18756268806419257,0.002002002002002002
com.ppapplej.sixgame6,benign2017/com.ppapplej.sixgame6.apk.logcat,False,109607,1040,7,2,0.00948844508106234,1.8246676823983433e-05
com.PregnancyCalendar,benign2017/com.PregnancyCalendar.apk.logcat,False,724,3,2,2,0.004143646408839779,0.0027548209366391185
com.pregnancy.healthy.diet_nutrition.tips,benign2017/com.pregnancy.healthy.diet_nutrition.tips.apk.logcat,False,8828,140,6,2,0.0158586316266425,0.00022593764121102577
com.pregnancytestforwomens.apps.pregnancytest,benign2017/com.pregnancytestforwomens.apps.pregnancytest.apk.logcat,False,616,18,4,2,0.02922077922077922,0.003236245954692557
com.priceline.android.negotiator,benign2017/com.priceline.android.negotiator.apk.logcat,False,942603,7865,10,54,0.00834391573122513,5.7181038344121844e-05
com.prism.coloringbook.anime,benign2017/com.prism.coloringbook.anime.apk.logcat,False,401453,1748,9,2,0.004354183428695264,4.979422536368457e-06
com.prism.coloringbook.love,benign2017/com.prism.coloringbook.love.apk.logcat,False,1030,48,3,2,0.04660194174757282,0.001937984496124031
com.prism.howtodraw.cute.things,benign2017/com.prism.howtodraw.cute.things.apk.logcat,False,87603,3007,10,2,0.034325308494001346,2.2674965704114372e-05
com.prizmos.carista,benign2017/com.prizmos.carista.apk.logcat,False,1113,59,4,2,0.053009883198562445,0.0017937219730941704
com.proguide.legomarvelsuperheroes,benign2017/com.proguide.legomarvelsuperheroes.apk.logcat,False,429763,146899,9,2,0.3418139765405584,4.646807759239596e-06
com.Project100Pi.themusicplayer,benign2017/com.Project100Pi.themusicplayer.apk.logcat,False,2748,171,8,2,0.06222707423580786,0.0007272727272727272
com.proj.minecraftangelskins,benign2017/com.proj.minecraftangelskins.apk.logcat,False,1412839,634,9,2,0.0004487418594758497,1.4153670648330114e-06
com.proj.minecraftanimeskins,benign2017/com.proj.minecraftanimeskins.apk.logcat,False,1160,54,2,2,0.04655172413793104,0.0017211703958691911
com.proj.minecraftcapes,benign2017/com.proj.minecraftcapes.apk.logcat,False,1433710,10667,11,2,0.007440137824246186,1.3947020846612059e-06
com.proj.minecraftendermanskins,benign2017/com.proj.minecraftendermanskins.apk.logcat,False,1528,7,2,2,0.004581151832460733,0.0012706480304955528
com.proj.minecraftgirlskins,benign2017/com.proj.minecraftgirlskins.apk.logcat,False,1479349,265,9,2,0.00017913284830016447,1.3517934243360667e-06
com.proj.minecraftherobrineskins,benign2017/com.proj.minecraftherobrineskins.apk.logcat,False,1527714,263,8,2,0.00017215264113570997,1.3089553489151379e-06
com.proj.minecraftmobskins,benign2017/com.proj.minecraftmobskins.apk.logcat,False,1182275,6379,11,2,0.005395529804825443,1.6913362148064646e-06
com.proj.minecraftninjaskins,benign2017/com.proj.minecraftninjaskins.apk.logcat,False,1788,0,0,2,0.0,0.0011173184357541898
com.proj.minecraftpixelmonskins,benign2017/com.proj.minecraftpixelmonskins.apk.logcat,False,1753234,122,5,2,6.958569135665861e-05,1.1406761700200644e-06
com.proj.minecraftprincessskins,benign2017/com.proj.minecraftprincessskins.apk.logcat,False,1293981,414,9,2,0.00031994287396801036,1.5454051627350272e-06
com.proj.minecraftpvpskins,benign2017/com.proj.minecraftpvpskins.apk.logcat,False,1753,0,0,2,0.0,0.0011396011396011395
com.proj.minecraftstarwarsskins,benign2017/com.proj.minecraftstarwarsskins.apk.logcat,False,1637193,4608,10,2,0.0028145734803410472,1.2215687508054718e-06
com.propel.ebenefits,benign2017/com.propel.ebenefits.apk.logcat,False,1554,0,0,2,0.0,0.0012853470437017994
com.protogeo.moves,benign2017/com.protogeo.moves.apk.logcat,False,19144,472,7,2,0.024655244463017135,0.00010380443244926559
com.psiphon3.subscription,benign2017/com.psiphon3.subscription.apk.logcat,False,1081,34,7,2,0.03145235892691952,0.0018281535648994515
com.pspemulator.forGame.apps,benign2017/com.pspemulator.forGame.apps.apk.logcat,False,25766,3827,6,2,0.14852906931615306,7.682851874615857e-05
com.pulsarappz.freeubertripes,benign2017/com.pulsarappz.freeubertripes.apk.logcat,False,702,148,4,2,0.21082621082621084,0.002797202797202797
com.punchh.lunagrill,benign2017/com.punchh.lunagrill.apk.logcat,False,12680,760,7,2,0.05993690851735016,0.00015634771732332708
com.punchh.smashburger,benign2017/com.punchh.smashburger.apk.logcat,False,13669,702,7,2,0.05135708537566757,0.00014501160092807424
com.punchh.toojays,benign2017/com.punchh.toojays.apk.logcat,False,845,44,7,2,0.05207100591715976,0.002331002331002331
com.pure.love.app,benign2017/com.pure.love.app.apk.logcat,False,30789,531,8,2,0.017246419175679626,6.49540450131532e-05
com.PYOPYO.StarTracker,benign2017/com.PYOPYO.StarTracker.apk.logcat,False,840,2,1,2,0.002380952380952381,0.0023752969121140144
com.qihoo.mm.weather,benign2017/com.qihoo.mm.weather.apk.logcat,False,8679,1066,4,2,0.12282521027768176,0.00023038820412394885
com.qihoo.security,benign2017/com.qihoo.security.apk.logcat,False,31161,1541,7,2,0.04945284169314207,6.395293064304672e-05
com.qisiemoji.inputmethod,benign2017/com.qisiemoji.inputmethod.apk.logcat,False,4310,166,7,2,0.03851508120649652,0.00046146746654360867
com.quantrity.anttester,benign2017/com.quantrity.anttester.apk.logcat,False,1733,169,2,2,0.09751875360646278,0.0010230179028132991
com.QueContactoscom.QC,benign2017/com.QueContactoscom.QC.apk.logcat,False,593040,270,8,2,0.00045528126264670173,3.3705043791278144e-06
com.quicksearch.tube.player,benign2017/com.quicksearch.tube.player.apk.logcat,False,579,6,2,2,0.010362694300518135,0.003316749585406302
com.quizlet.quizletandroid,benign2017/com.quizlet.quizletandroid.apk.logcat,False,157464,1339,8,2,0.008503530965808057,1.2687859621521147e-05
com.qvc,benign2017/com.qvc.apk.logcat,False,10700,426,7,2,0.03981308411214953,0.00018688095683049897
com.radio.fmradio,benign2017/com.radio.fmradio.apk.logcat,False,14740,453,7,2,0.03073270013568521,0.000135666802333469
com.rainbowshops,benign2017/com.rainbowshops.apk.logcat,False,4617,135,6,2,0.029239766081871343,0.00043299415457891317
com.rainbow.vn.theme.animecouple,benign2017/com.rainbow.vn.theme.animecouple.apk.logcat,False,419,13,4,2,0.031026252983293555,0.004750593824228029
com.rain.lockscreenpokeball,benign2017/com.rain.lockscreenpokeball.apk.logcat,False,48765,340,8,2,0.006972213677842715,4.076308495026904e-05
com.rain.pokemongoarts,benign2017/com.rain.pokemongoarts.apk.logcat,False,347,3,1,2,0.008645533141210375,0.005390835579514825
com.ram.transparentlivewallpaper,benign2017/com.ram.transparentlivewallpaper.apk.logcat,False,241804,33143,10,2,0.13706555722816827,8.257570127414308e-06
com.rarewire.forever21,benign2017/com.rarewire.forever21.apk.logcat,False,5513,598,6,2,0.10847088699437693,0.00036264732547597464
com.rcreations.amberalert,benign2017/com.rcreations.amberalert.apk.logcat,False,774,44,5,2,0.056847545219638244,0.002577319587628866
com.rc.telecommand,benign2017/com.rc.telecommand.apk.logcat,False,659,27,5,2,0.0409711684370258,0.0030257186081694403
com.real.eyelashes.photo_editor,benign2017/com.real.eyelashes.photo_editor.apk.logcat,False,101661,4540,7,2,0.04465822685198847,1.9379281610030717e-05
com.rebelmouse.android.higherperspective,benign2017/com.rebelmouse.android.higherperspective.apk.logcat,False,379,16,4,2,0.04221635883905013,0.00510204081632653
com.recommended.videocall,benign2017/com.recommended.videocall.apk.logcat,False,130561,1230,8,2,0.009420883724848922,1.528572847960502e-05
com.redcactus.repost,benign2017/com.redcactus.repost.apk.logcat,False,802,8,3,2,0.00997506234413965,0.002421307506053269
com.redhat.gd.saleskickoffevents,benign2017/com.redhat.gd.saleskickoffevents.apk.logcat,False,792413,6674,8,2,0.008422375705597965,2.5222493924531776e-06
com.redraw.keyboard,benign2017/com.redraw.keyboard.apk.logcat,False,922,15,1,2,0.016268980477223426,0.0021645021645021645
com.relevantmobile.peiwei,benign2017/com.relevantmobile.peiwei.apk.logcat,False,77,0,0,2,0.0,0.02531645569620253
com.relevantmobile.royrogers,benign2017/com.relevantmobile.royrogers.apk.logcat,False,3842,54,3,2,0.014055179593961478,0.000507227998985544
com.remasking.hdmoviestvfree,benign2017/com.remasking.hdmoviestvfree.apk.logcat,False,127190,3260,6,2,0.025630945829074613,1.5656557749213257e-05
com.remotefairy4,benign2017/com.remotefairy4.apk.logcat,False,1007,149,3,2,0.14796425024826215,0.00196078431372549
com.repost,benign2017/com.repost.apk.logcat,False,4788,140,2,2,0.029239766081871343,0.0004175365344467641
com.Revsoft.Wabbitemu,benign2017/com.Revsoft.Wabbitemu.apk.logcat,False,515,15,2,2,0.02912621359223301,0.0038684719535783366
com.riatech.cookbook,benign2017/com.riatech.cookbook.apk.logcat,False,4209,97,6,2,0.023045854122119267,0.0004749465685110425
com.riteshsahu.SMSBackupRestore,benign2017/com.riteshsahu.SMSBackupRestore.apk.logcat,False,23535,865,5,2,0.03675377097939239,8.49725963376811e-05
com.robinhood.android,benign2017/com.robinhood.android.apk.logcat,False,1033,36,5,2,0.03484995159728945,0.001932367149758454
com.roblox.gude,benign2017/com.roblox.gude.apk.logcat,False,2043,144,2,2,0.07048458149779736,0.0009779951100244498
com.rockscoder.tastyjunior,benign2017/com.rockscoder.tastyjunior.apk.logcat,False,81089,1064,6,2,0.013121385144717532,2.4663649480213586e-05
com.roku.remote,benign2017/com.roku.remote.apk.logcat,False,78571,1162,9,2,0.014789171577299512,2.5454036373817977e-05
com.rollingstory.spottoon,benign2017/com.rollingstory.spottoon.apk.logcat,False,35350,930,8,2,0.02630834512022631,5.6311062308190444e-05
com.rosegal,benign2017/com.rosegal.apk.logcat,False,1137,28,3,2,0.024626209322779244,0.001755926251097454
com.rpinfosoft.eyelenseeditor.colourchanger,benign2017/com.rpinfosoft.eyelenseeditor.colourchanger.apk.logcat,False,143812,1149,6,2,0.007989597530108753,1.3712812566421436e-05
com.rpinfosoft.photoblend.doubleexposure,benign2017/com.rpinfosoft.photoblend.doubleexposure.apk.logcat,False,152618,771,5,2,0.005051828748902488,1.2975385693339734e-05
com.rrm.airhorn,benign2017/com.rrm.airhorn.apk.logcat,False,25314,786,6,2,0.031050011851149563,7.835455435847208e-05
com.rsa.securidapp,benign2017/com.rsa.securidapp.apk.logcat,False,937,35,5,2,0.03735325506937033,0.002105263157894737
com.rschooltoday.activityscheduler,benign2017/com.rschooltoday.activityscheduler.apk.logcat,False,9028,310,7,2,0.03433761630482942,0.00021710811984368216
com.rt.mobile.english,benign2017/com.rt.mobile.english.apk.logcat,False,14794,777,7,2,0.05252129241584426,0.00013505300830576002
com.rubenmayayo.reddit,benign2017/com.rubenmayayo.reddit.apk.logcat,False,1239318,5980,9,2,0.004825234524149573,1.6137882064357873e-06
com.rushcard.android,benign2017/com.rushcard.android.apk.logcat,False,750447,6214,8,2,0.008280398215996599,2.6642120393077842e-06
com.rvparktime.android,benign2017/com.rvparktime.android.apk.logcat,False,1008,50,4,2,0.0496031746031746,0.0019801980198019802
com.ryan.review,benign2017/com.ryan.review.apk.logcat,False,46001,1397,7,2,0.030368905023803832,4.3196544276457885e-05
com.safesurfer,benign2017/com.safesurfer.apk.logcat,False,2724,68,3,2,0.024963289280469897,0.0007336757153338225
com.sagedining.customerapp,benign2017/com.sagedining.customerapp.apk.logcat,False,344,10,2,2,0.029069767441860465,0.005780346820809248
com.salzoom.main,benign2017/com.salzoom.main.apk.logcat,False,112594,1039,8,2,0.009227845178251062,1.7710713210420984e-05
com.samapoh.carfaultdiagnosis,benign2017/com.samapoh.carfaultdiagnosis.apk.logcat,False,850,4,1,2,0.004705882352941176,0.002347417840375587
com.samremote.view,benign2017/com.samremote.view.apk.logcat,False,6936,125,3,2,0.018021914648212227,0.0002882675122513693
com.samsung.smartviewad,benign2017/com.samsung.smartviewad.apk.logcat,False,344613,444,7,2,0.0012884017724229789,5.8035779057789124e-06
com.sapio.android,benign2017/com.sapio.android.apk.logcat,False,17280,990,8,2,0.057291666666666664,0.0001157273463719477
com.sap.sonyopentennis,benign2017/com.sap.sonyopentennis.apk.logcat,False,549,31,3,2,0.056466302367941715,0.003629764065335753
com.SarahAnderson.flirtformales,benign2017/com.SarahAnderson.flirtformales.apk.logcat,False,303906,3084,8,2,0.01014787467177351,6.574751638756846e-06
com.sarnavsky.pasz.nightlight,benign2017/com.sarnavsky.pasz.nightlight.apk.logcat,False,6321,175,6,2,0.02768549280177187,0.0003163055511624229
com.scannerradio,benign2017/com.scannerradio.apk.logcat,False,565622,7957,9,2,0.01406769892260202,3.5282391440491835e-06
com.scaryringtones.horrorsound.ghostscream,benign2017/com.scaryringtones.horrorsound.ghostscream.apk.logcat,False,1109,16,3,2,0.014427412082957619,0.0018001800180018
com.schoology.app,benign2017/com.schoology.app.apk.logcat,False,31455,351,7,2,0.011158798283261802,6.357885367326827e-05
com.scvngr.levelup.app,benign2017/com.scvngr.levelup.app.apk.logcat,False,834,8,4,2,0.009592326139088728,0.0023923444976076554
com.sdt1.bright.light,benign2017/com.sdt1.bright.light.apk.logcat,False,28,0,0,2,0.0,0.06666666666666667
com.sdt4.bright.light,benign2017/com.sdt4.bright.light.apk.logcat,False,47309,1655,9,2,0.03498277283392166,4.1922569015029244e-05
com.sdt5.bright.light,benign2017/com.sdt5.bright.light.apk.logcat,False,47471,1703,9,2,0.03587453392597586,4.1809515845806506e-05
com.sdt6.bright.light,benign2017/com.sdt6.bright.light.apk.logcat,False,42230,1630,9,2,0.03859815297182098,4.695386782486207e-05
com.seattleapplab.jerseymikes,benign2017/com.seattleapplab.jerseymikes.apk.logcat,False,2909,109,6,2,0.03746992093502922,0.0006870491240123669
com.sec.app.samsungprintservice,benign2017/com.sec.app.samsungprintservice.apk.logcat,False,187,5,2,2,0.026737967914438502,0.010582010582010581
com.sec.cloudprint,benign2017/com.sec.cloudprint.apk.logcat,False,104522,1648,9,2,0.015767015556533554,1.8661764843101213e-05
com.secretdiaryappfree,benign2017/com.secretdiaryappfree.apk.logcat,False,953,37,5,2,0.03882476390346275,0.00196078431372549
com.sec.spp.push,benign2017/com.sec.spp.push.apk.logcat,False,531,37,5,2,0.0696798493408663,0.0033444816053511705
com.securesoltuion.app.blocksmscall,benign2017/com.securesoltuion.app.blocksmscall.apk.logcat,False,74936,2635,12,2,0.03516333938294011,2.654139129973193e-05
com.seekingalpha.webwrapper,benign2017/com.seekingalpha.webwrapper.apk.logcat,False,8897,848,7,2,0.09531302686298752,0.0002247443532981234
com.selfiesweet.editor.top2017,benign2017/com.selfiesweet.editor.top2017.apk.logcat,False,64941,1943,10,2,0.029919465360866017,3.025443983904638e-05
com.semaphore.login,benign2017/com.semaphore.login.apk.logcat,False,197951,1298,8,2,0.006557178291597416,1.0093108929878126e-05
com.seta.tollroaddroid.app,benign2017/com.seta.tollroaddroid.app.apk.logcat,False,1074,0,0,2,0.0,0.0018587360594795538
com.shanga.walli,benign2017/com.shanga.walli.apk.logcat,False,766455,5839,8,2,0.007618190239479161,2.609109706540386e-06
com.sherpaoutdoorapp.noaaweatherbuoys,benign2017/com.sherpaoutdoorapp.noaaweatherbuoys.apk.logcat,False,1705,128,3,2,0.0750733137829912,0.0011716461628588166
com.shogungog.gameguide.realsteel.worldrobot,benign2017/com.shogungog.gameguide.realsteel.worldrobot.apk.logcat,False,147772,2220,8,2,0.015023143762011748,1.3464296052941612e-05
com.shoutz.shoutzapp,benign2017/com.shoutz.shoutzapp.apk.logcat,False,1467,162,2,2,0.11042944785276074,0.0013614703880190605
com.sigalert.mobile,benign2017/com.sigalert.mobile.apk.logcat,False,108302,834,7,2,0.007700688814610995,1.840908672520756e-05
com.sigmaphone.topmedfree,benign2017/com.sigmaphone.topmedfree.apk.logcat,False,678,1,1,2,0.0014749262536873156,0.0029411764705882353
com.sign.language.learn1234,benign2017/com.sign.language.learn1234.apk.logcat,False,79398,1449,11,2,0.018249829970528226,2.4834231504706088e-05
com.silptech.developerabhi.apartmentsforrent,benign2017/com.silptech.developerabhi.apartmentsforrent.apk.logcat,False,903,10,2,2,0.01107419712070875,0.002183406113537118
com.sipaiapps.mp3.MP3MusicDownloader,benign2017/com.sipaiapps.mp3.MP3MusicDownloader.apk.logcat,False,79122,1144,6,2,0.014458684057531408,2.519621552842763e-05
com.siplay.android_siplay,benign2017/com.siplay.android_siplay.apk.logcat,False,1075,7,2,2,0.0065116279069767444,0.0018570102135561746
com.siplay.tourneymachine_android,benign2017/com.siplay.tourneymachine_android.apk.logcat,False,2818,65,2,2,0.023066004258339247,0.0007092198581560284
com.siri.budgetdemo,benign2017/com.siri.budgetdemo.apk.logcat,False,98579,4255,7,2,0.04316335122084825,2.01999798000202e-05
com.sirius,benign2017/com.sirius.apk.logcat,False,10657,418,8,2,0.03922304588533358,0.00018763486255746317
com.skibler.cursodeingles,benign2017/com.skibler.cursodeingles.apk.logcat,False,59814,1520,8,2,0.025412110877052196,3.343587000133743e-05
com.skiplagged,benign2017/com.skiplagged.apk.logcat,False,12290,597,8,2,0.04857607811228641,0.0001606941989394183
com.skollabs.funny,benign2017/com.skollabs.funny.apk.logcat,False,1105,46,7,2,0.0416289592760181,0.001771479185119575
com.skollabs.nails,benign2017/com.skollabs.nails.apk.logcat,False,36344,1237,12,2,0.034035879374862424,5.4860653938994955e-05
com.skollabs.tipcalc,benign2017/com.skollabs.tipcalc.apk.logcat,False,1270,43,6,2,0.03385826771653543,0.0015723270440251573
com.SkyDevTeam.swivelblackspider,benign2017/com.SkyDevTeam.swivelblackspider.apk.logcat,False,62617,2174,8,2,0.03471900602072919,3.183851505165799e-05
com.skype.android.access,benign2017/com.skype.android.access.apk.logcat,False,543,10,4,2,0.01841620626151013,0.003669724770642202
com.slacker.radio,benign2017/com.slacker.radio.apk.logcat,False,9598,342,9,2,0.035632423421546155,0.00020833333333333335
com.Smartemoji.ColorEmoji,benign2017/com.Smartemoji.ColorEmoji.apk.logcat,False,1285,48,7,2,0.03735408560311284,0.001554001554001554
com.smartmadsoft.xposed.aio,benign2017/com.smartmadsoft.xposed.aio.apk.logcat,False,138834,1107,3,2,0.007973551147413457,1.4405485608919877e-05
com.smartmobilesoftware.phototranslatorlight,benign2017/com.smartmobilesoftware.phototranslatorlight.apk.logcat,False,8147,425,7,2,0.05216644163495765,0.00021795989537925023
com.smartplaygames.deephearingsuperear,benign2017/com.smartplaygames.deephearingsuperear.apk.logcat,False,741,4,1,2,0.005398110661268556,0.0026917900403768506
com.smartyapps.homebuttonfingerprintscanner,benign2017/com.smartyapps.homebuttonfingerprintscanner.apk.logcat,False,99522,3760,7,2,0.03778059122606057,2.004912034484487e-05
com.smftampa.mobile,benign2017/com.smftampa.mobile.apk.logcat,False,870,3,1,2,0.0034482758620689655,0.0022935779816513763
com.smsrobot.period,benign2017/com.smsrobot.period.apk.logcat,False,28686,1394,8,2,0.048595133514606426,6.971556051310653e-05
com.smyrna.ckntoys,benign2017/com.smyrna.ckntoys.apk.logcat,False,33549,410,5,2,0.012220930579152882,5.880104665863053e-05
com.snapphoto.filtersticker,benign2017/com.snapphoto.filtersticker.apk.logcat,False,973,6,2,2,0.006166495375128468,0.0020512820512820513
com.snstu.babygenderplanner,benign2017/com.snstu.babygenderplanner.apk.logcat,False,52248,573,5,2,0.010966926963711529,3.81410073040029e-05
com.snstu.babytrackerpregnancytrackerhamileliktakibi,benign2017/com.snstu.babytrackerpregnancytrackerhamileliktakibi.apk.logcat,False,59940,1182,10,2,0.019719719719719718,3.3243575679000035e-05
com.social.networks,benign2017/com.social.networks.apk.logcat,False,955,18,3,2,0.018848167539267015,0.0020898641588296763
com.socialnmobile.dictapps.notepad.color.note,benign2017/com.socialnmobile.dictapps.notepad.color.note.apk.logcat,False,750984,8481,10,2,0.011293183343453389,2.6597442389939782e-06
com.sofascore.results,benign2017/com.sofascore.results.apk.logcat,False,1459,27,5,2,0.018505825908156272,0.0013568521031207597
com.soft.dinosauraddonforminecraft,benign2017/com.soft.dinosauraddonforminecraft.apk.logcat,False,1007210,37502,12,2,0.0372335461323855,1.984288404413851e-06
com.soft.dragonsaddonforminecraft,benign2017/com.soft.dragonsaddonforminecraft.apk.logcat,False,1609,0,0,2,0.0,0.0012414649286157666
com.soft.evilnightaddonforminecraft,benign2017/com.soft.evilnightaddonforminecraft.apk.logcat,False,671499,38744,11,2,0.05769777765864134,2.976354352843832e-06
com.soft.gigamobsaddonforminecraft,benign2017/com.soft.gigamobsaddonforminecraft.apk.logcat,False,1679,0,0,2,0.0,0.001189767995240928
com.soft.gunsaddonforminecraft,benign2017/com.soft.gunsaddonforminecraft.apk.logcat,False,712109,48530,11,2,0.06814967933279877,2.80690329797103e-06
com.soft.nuclearweaponaddonforminecraft,benign2017/com.soft.nuclearweaponaddonforminecraft.apk.logcat,False,1273,3,2,2,0.002356637863315004,0.001568627450980392
com.soft.spongebobforminecraft,benign2017/com.soft.spongebobforminecraft.apk.logcat,False,787764,41801,11,2,0.05306284623313581,2.5362750742494527e-06
com.soft.vehiclesaddonforminecraft,benign2017/com.soft.vehiclesaddonforminecraft.apk.logcat,False,1387,554,3,2,0.3994232155731795,0.0014398848092152627
com.softwego.lockscreen,benign2017/com.softwego.lockscreen.apk.logcat,False,24731,1885,8,2,0.0762201285835591,7.986901481570224e-05
com.soft.wizardaddonforminecraft,benign2017/com.soft.wizardaddonforminecraft.apk.logcat,False,1006,48,5,2,0.04771371769383698,0.001984126984126984
com.sogekingappalive.guidenewgtaopenworld,benign2017/com.sogekingappalive.guidenewgtaopenworld.apk.logcat,False,1366,50,4,2,0.036603221083455345,0.0014619883040935672
com.sololearn,benign2017/com.sololearn.apk.logcat,False,298,8,2,2,0.026845637583892617,0.006666666666666667
com.sololearn.python,benign2017/com.sololearn.python.apk.logcat,False,2506,302,5,2,0.12051077414205906,0.0007974481658692185
com.somethingwonderful.mobile,benign2017/com.somethingwonderful.mobile.apk.logcat,False,157768,3923,9,2,0.024865625475381573,1.2655424431296864e-05
com.sonos.acr,benign2017/com.sonos.acr.apk.logcat,False,1245,45,3,2,0.03614457831325301,0.0016038492381716118
com.sourcecastle.freelogbook,benign2017/com.sourcecastle.freelogbook.apk.logcat,False,6246,200,3,2,0.03202049311559398,0.0003201024327784891
com.sowar.jamilat,benign2017/com.sowar.jamilat.apk.logcat,False,635,21,3,2,0.03307086614173228,0.0031397174254317113
com.spark.christianmingle,benign2017/com.spark.christianmingle.apk.logcat,False,7011,309,5,2,0.044073598630723146,0.00028518465706544986
com.splendapps.splendo,benign2017/com.splendapps.splendo.apk.logcat,False,999,41,4,2,0.04104104104104104,0.001998001998001998
com.splendapps.vox,benign2017/com.splendapps.vox.apk.logcat,False,24041,845,7,2,0.03514828834075122,8.318429480514078e-05
com.splitapps.makeup,benign2017/com.splitapps.makeup.apk.logcat,False,521,20,4,2,0.03838771593090211,0.0038240917782026767
com.Splitwise.SplitwiseMobile,benign2017/com.Splitwise.SplitwiseMobile.apk.logcat,False,630068,5399,12,2,0.00856891637093139,3.1678350698349242e-06
com.sportngin.android,benign2017/com.sportngin.android.apk.logcat,False,6584,233,6,2,0.035388821385176183,0.0003036744609778318
com.spreadsong.freebooks,benign2017/com.spreadsong.freebooks.apk.logcat,False,1034,43,6,2,0.041586073500967116,0.0019305019305019305
com.springapps.bikiniwallpapershd,benign2017/com.springapps.bikiniwallpapershd.apk.logcat,False,5668,87,6,2,0.015349329569513057,0.0003527336860670194
com.squarevalley.i8birdies,benign2017/com.squarevalley.i8birdies.apk.logcat,False,37952,444,12,2,0.011698988195615514,5.26495906494327e-05
com.srsdev.allfacts,benign2017/com.srsdev.allfacts.apk.logcat,False,1139,54,8,2,0.04741000877963126,0.001736111111111111
com.ss.android.article.master,benign2017/com.ss.android.article.master.apk.logcat,False,17572,596,9,2,0.03391759617573412,0.00011380448389666553
com.stazerracing.sprintstopwatch,benign2017/com.stazerracing.sprintstopwatch.apk.logcat,False,1150,32,7,2,0.02782608695652174,0.001736111111111111
com.stddating.positivesingles,benign2017/com.stddating.positivesingles.apk.logcat,False,283328,3288,11,2,0.01160492432798735,7.043692021610047e-06
com.stefanroobol.contractiontimer,benign2017/com.stefanroobol.contractiontimer.apk.logcat,False,960,46,9,2,0.04791666666666667,0.0020554984583761563
com.stela.comics,benign2017/com.stela.comics.apk.logcat,False,1119,24,5,2,0.021447721179624665,0.001784121320249777
com.stickerpictures.sticker.pawpawofpatrol,benign2017/com.stickerpictures.sticker.pawpawofpatrol.apk.logcat,False,243,5,2,2,0.0205761316872428,0.00816326530612245
com.stitcher.app,benign2017/com.stitcher.app.apk.logcat,False,10672,700,7,2,0.06559220389805097,0.00018717828731867103
com.stockmarket.pennystocks,benign2017/com.stockmarket.pennystocks.apk.logcat,False,72476,905,6,2,0.012486892212594514,2.7461211039406836e-05
com.stories.scaryhorrorstories,benign2017/com.stories.scaryhorrorstories.apk.logcat,False,1005,80,6,2,0.07960199004975124,0.0019230769230769232
com.stories.scarystories,benign2017/com.stories.scarystories.apk.logcat,False,95497,4050,9,2,0.04240970920552478,2.0870508927360193e-05
com.streema.podcast,benign2017/com.streema.podcast.apk.logcat,False,598,0,0,2,0.0,0.0033333333333333335
com.streema.simpleradio,benign2017/com.streema.simpleradio.apk.logcat,False,42500,912,5,2,0.021458823529411766,4.674207721791156e-05
com.studio8apps.instasizenocrop,benign2017/com.studio8apps.instasizenocrop.apk.logcat,False,8453,80,5,2,0.009464095587365433,0.00023623907394283014
com.stupakdeveloper.easyanimedrawingtutorials,benign2017/com.stupakdeveloper.easyanimedrawingtutorials.apk.logcat,False,1302,173,5,2,0.13287250384024576,0.0015337423312883436
com.stupeflix.legend,benign2017/com.stupeflix.legend.apk.logcat,False,93,21,3,2,0.22580645161290322,0.021052631578947368
com.subwaysurfers.cheats.prank,benign2017/com.subwaysurfers.cheats.prank.apk.logcat,False,64171,847,10,2,0.013199108631624877,3.102747482896105e-05
com.sudtai.gameguide.subway.surfer2017,benign2017/com.sudtai.gameguide.subway.surfer2017.apk.logcat,False,1052,0,0,2,0.0,0.0018975332068311196
com.sudtai.guide.gangster.vegas,benign2017/com.sudtai.guide.gangster.vegas.apk.logcat,False,139366,1573,7,2,0.011286827490205646,1.4274600489618797e-05
com.sudtai.new.gameguide.minnion.rush,benign2017/com.sudtai.new.gameguide.minnion.rush.apk.logcat,False,127158,1242,7,2,0.00976737602038409,1.5646636364347575e-05
com.sudtai.spiderman.amazing.trick,benign2017/com.sudtai.spiderman.amazing.trick.apk.logcat,False,146474,1423,7,2,0.009715034750194574,1.3577363819040896e-05
com.suicidecoloring.jokerandharley,benign2017/com.suicidecoloring.jokerandharley.apk.logcat,False,1221,3,2,2,0.002457002457002457,0.001635322976287817
com.sunflowerblogger.gettingreadyforyourwedding,benign2017/com.sunflowerblogger.gettingreadyforyourwedding.apk.logcat,False,1520,43,3,2,0.028289473684210528,0.001314060446780552
com.superhero.lexo,benign2017/com.superhero.lexo.apk.logcat,False,2357,184,2,2,0.07806533729316928,0.000847816871555744
com.superhero.princess,benign2017/com.superhero.princess.apk.logcat,False,63259,1774,10,2,0.02804344045906511,3.145643284051588e-05
com.supermario.run.tricks,benign2017/com.supermario.run.tricks.apk.logcat,False,104089,669,9,2,0.0064271921144405265,1.919570016316345e-05
com.superopt.cleaner,benign2017/com.superopt.cleaner.apk.logcat,False,639,7,1,2,0.010954616588419406,0.0031201248049922
com.sureuniversalremote.tvtips,benign2017/com.sureuniversalremote.tvtips.apk.logcat,False,117922,1551,7,2,0.013152761995217177,1.6873223038698736e-05
com.surpax.ledflashlight.panel,benign2017/com.surpax.ledflashlight.panel.apk.logcat,False,7990,310,5,2,0.03879849812265332,0.00025025025025025025
com.sweefitstudios.drawkawaii,benign2017/com.sweefitstudios.drawkawaii.apk.logcat,False,876,34,5,2,0.03881278538812785,0.002277904328018223
com.sweep.cleaner,benign2017/com.sweep.cleaner.apk.logcat,False,2479,375,5,2,0.15127067365873337,0.0008061265618702137
com.sweetgreen.android.app,benign2017/com.sweetgreen.android.app.apk.logcat,False,431,55,5,2,0.12761020881670534,0.004618937644341801
com.symantec.cleansweep,benign2017/com.symantec.cleansweep.apk.logcat,False,6863,13,1,2,0.0018942153577152848,0.000291332847778587
com.synergetechsolutions.nearbylive,benign2017/com.synergetechsolutions.nearbylive.apk.logcat,False,67897,2621,8,2,0.03860258921601838,2.928000468480075e-05
com.syntellia.fleksy.keyboard,benign2017/com.syntellia.fleksy.keyboard.apk.logcat,False,693,42,7,2,0.06060606060606061,0.0028328611898017
com.synthesia.synthesia,benign2017/com.synthesia.synthesia.apk.logcat,False,8,0,0,2,0.0,0.2
com.tabassamet.topvoicechangerever,benign2017/com.tabassamet.topvoicechangerever.apk.logcat,False,25671,1143,6,2,0.04452495033306065,7.737243220240629e-05
com.tacotimenw.tacotimenw.android.app,benign2017/com.tacotimenw.tacotimenw.android.app.apk.logcat,False,426,118,2,2,0.27699530516431925,0.004672897196261682
com.takl,benign2017/com.takl.apk.logcat,False,6656,256,4,2,0.038461538461538464,0.00030039050765995795
com.tappple.followersplus,benign2017/com.tappple.followersplus.apk.logcat,False,832,32,4,2,0.038461538461538464,0.002398081534772182
com.taxi.uber,benign2017/com.taxi.uber.apk.logcat,False,107406,833,6,2,0.007755618866729977,1.8450524917433902e-05
com.tayu.tau.pedometer,benign2017/com.tayu.tau.pedometer.apk.logcat,False,170205,2248,9,2,0.013207602596868482,1.1695222501608093e-05
com.tdameritrade.mobile3,benign2017/com.tdameritrade.mobile3.apk.logcat,False,1221,4,1,2,0.003276003276003276,0.001635322976287817
com.teachersparadise.adultcoloringbooksalphabet,benign2017/com.teachersparadise.adultcoloringbooksalphabet.apk.logcat,False,83571,2205,12,2,0.026384750691029184,2.3868342224290812e-05
com.teachersparadise.stainedglasscoloringbook,benign2017/com.teachersparadise.stainedglasscoloringbook.apk.logcat,False,1229,28,3,2,0.022782750203417412,0.0016246953696181965
com.teamviewer.teamviewer.market.mobile,benign2017/com.teamviewer.teamviewer.market.mobile.apk.logcat,False,4361,93,6,2,0.021325384086218757,0.00045840018336007336
com.tecarta.kjv2,benign2017/com.tecarta.kjv2.apk.logcat,False,130459,1144,9,2,0.008769038548509493,1.5309598352687217e-05
com.tecarta.NIV50thBible,benign2017/com.tecarta.NIV50thBible.apk.logcat,False,1013,10,2,2,0.009871668311944718,0.0019704433497536944
com.techniman.recipes.food,benign2017/com.techniman.recipes.food.apk.logcat,False,9959,379,6,2,0.038056029721859626,0.00019837333862328903
com.techxplay.garden,benign2017/com.techxplay.garden.apk.logcat,False,898,35,6,2,0.03897550111358575,0.0021953896816684962
com.ted.android,benign2017/com.ted.android.apk.logcat,False,41975,637,5,2,0.015175699821322216,4.7645139004693046e-05
com.teletype.smarttruckroute,benign2017/com.teletype.smarttruckroute.apk.logcat,False,18921,338,4,2,0.017863749273294222,0.00010569148655075833
com.teslacoilsw.launcher,benign2017/com.teslacoilsw.launcher.apk.logcat,False,704,11,2,2,0.015625,0.0028328611898017
com.tester.arejay.tester1,benign2017/com.tester.arejay.tester1.apk.logcat,False,237878,523,5,2,0.00219860600812181,8.377384413038561e-06
com.texas.lottery,benign2017/com.texas.lottery.apk.logcat,False,61294,1617,6,2,0.026381048716024407,3.247649513664485e-05
com.TexBest.TahkirClash,benign2017/com.TexBest.TahkirClash.apk.logcat,False,1170,7,2,2,0.005982905982905983,0.0017064846416382253
com.textra.emoji,benign2017/com.textra.emoji.apk.logcat,False,481,3,2,2,0.006237006237006237,0.004140786749482402
com.theapptower.stopwatch.google,benign2017/com.theapptower.stopwatch.google.apk.logcat,False,28226,1090,8,2,0.03861687805569333,6.960395350455906e-05
com.thechildrensplace.mobile,benign2017/com.thechildrensplace.mobile.apk.logcat,False,1090,21,5,2,0.01926605504587156,0.001813236627379873
com.theme.launcher.iphone.nine.seven.eight.for,benign2017/com.theme.launcher.iphone.nine.seven.eight.for.apk.logcat,False,6878,191,5,2,0.02776970049432975,0.0002902336380786533
com.thenewdeev.callfromfreddy,benign2017/com.thenewdeev.callfromfreddy.apk.logcat,False,197722,4936,8,2,0.024964343876756254,1.0071406270457543e-05
com.theteamof.strangers,benign2017/com.theteamof.strangers.apk.logcat,False,100,0,0,2,0.0,0.0196078431372549
com.thirdrock.fivemiles,benign2017/com.thirdrock.fivemiles.apk.logcat,False,496215,4646,8,2,0.009362876978728979,4.030494723074784e-06
com.thomsonreuters.reuters,benign2017/com.thomsonreuters.reuters.apk.logcat,False,1119,20,2,2,0.017873100983020553,0.001784121320249777
com.threeksd.hdanimewallpapers,benign2017/com.threeksd.hdanimewallpapers.apk.logcat,False,11739,359,6,2,0.0305818212794957,0.00017034324163188826
com.thumbtack.pro,benign2017/com.thumbtack.pro.apk.logcat,False,162258,740,7,2,0.004560637996277533,1.2325896708985578e-05
com.ticktalk.spanishenglish,benign2017/com.ticktalk.spanishenglish.apk.logcat,False,1407,5,2,2,0.0035536602700781805,0.0014194464158978
com.ticktockapps.android_girlywallpapers,benign2017/com.ticktockapps.android_girlywallpapers.apk.logcat,False,9480,372,7,2,0.039240506329113925,0.0002109259649862898
com.ticktockapps.android_wallpapers,benign2017/com.ticktockapps.android_wallpapers.apk.logcat,False,9150,405,6,2,0.04426229508196721,0.00021853146853146853
com.tidy.homekeeper,benign2017/com.tidy.homekeeper.apk.logcat,False,827,23,5,2,0.02781136638452237,0.0024125452352231603
com.tigertext,benign2017/com.tigertext.apk.logcat,False,11971,563,6,2,0.04703032328126305,0.00016704251231938527
com.tindfire,benign2017/com.tindfire.apk.logcat,False,639,40,5,2,0.06259780907668232,0.0031201248049922
com.tingyisou.ceversionf,benign2017/com.tingyisou.ceversionf.apk.logcat,False,100250,871,9,2,0.008688279301745636,1.988209915202847e-05
com.tipsdreamleague.soccertop,benign2017/com.tipsdreamleague.soccertop.apk.logcat,False,155291,1754,8,2,0.011294923723847486,1.2813448996066271e-05
com.tips.powerrangers.legacywars,benign2017/com.tips.powerrangers.legacywars.apk.logcat,False,91583,3537,6,2,0.03862070471594073,2.183763716765846e-05
com.tmarki.comicmaker,benign2017/com.tmarki.comicmaker.apk.logcat,False,5778,64,3,2,0.01107649705780547,0.00034602076124567473
com.tmestudios.emojilivewallpaper,benign2017/com.tmestudios.emojilivewallpaper.apk.logcat,False,352,3,2,2,0.008522727272727272,0.005649717514124294
com.tobeamaster.mypillbox,benign2017/com.tobeamaster.mypillbox.apk.logcat,False,49987,3397,11,2,0.06795766899393843,3.9317449083903436e-05
com.toekni.mats2017,benign2017/com.toekni.mats2017.apk.logcat,False,1139,47,6,2,0.041264266900790166,0.001736111111111111
com.tohsoft.weather,benign2017/com.tohsoft.weather.apk.logcat,False,2159,219,8,2,0.10143584993052339,0.0009208103130755065
com.tomdxs.drone,benign2017/com.tomdxs.drone.apk.logcat,False,338,42,5,2,0.1242603550295858,0.0058823529411764705
com.tomdxs.symafpv,benign2017/com.tomdxs.symafpv.apk.logcat,False,508,42,5,2,0.08267716535433071,0.00392156862745098
com.to.optimizer,benign2017/com.to.optimizer.apk.logcat,False,8486,203,4,2,0.02392175347631393,0.000235626767200754
com.topgolf.mobile,benign2017/com.topgolf.mobile.apk.logcat,False,628,23,4,2,0.03662420382165605,0.0031746031746031746
com.tophatter,benign2017/com.tophatter.apk.logcat,False,13193,573,8,2,0.04343212309558099,0.00015007128385983342
com.tophatter.jewelry,benign2017/com.tophatter.jewelry.apk.logcat,False,844,43,7,2,0.0509478672985782,0.002333722287047841
com.topringtones2017.popularringtones.besttones,benign2017/com.topringtones2017.popularringtones.besttones.apk.logcat,False,446635,4877,7,2,0.010919430855172569,4.475814934004109e-06
com.touchofmodern,benign2017/com.touchofmodern.apk.logcat,False,1073,0,0,2,0.0,0.0018604651162790699
com.tp.emoji.aaa,benign2017/com.tp.emoji.aaa.apk.logcat,False,500501,1654,6,2,0.0033046887019206753,3.988202895834123e-06
com.tracilynnjewelry.an20937,benign2017/com.tracilynnjewelry.an20937.apk.logcat,False,970,9,3,2,0.009278350515463918,0.001990049751243781
com.trackview,benign2017/com.trackview.apk.logcat,False,51355,1732,8,2,0.03372602472982183,3.891807744697412e-05
com.transactione.freemusic,benign2017/com.transactione.freemusic.apk.logcat,False,1227,41,8,2,0.03341483292583537,0.0016273393002441008
com.transloc.android.rider,benign2017/com.transloc.android.rider.apk.logcat,False,2039,125,6,2,0.061304561059342816,0.0009799118079372856
com.tranzmate,benign2017/com.tranzmate.apk.logcat,False,326,21,1,2,0.06441717791411043,0.006097560975609756
com.tregware.radar,benign2017/com.tregware.radar.apk.logcat,False,10215,371,2,2,0.036319138521781695,0.00017130620985010707
com.trentapps.oil,benign2017/com.trentapps.oil.apk.logcat,False,976281,27606,10,2,0.028276694926972868,2.04830518108554e-06
com.tribtv.kswb2,benign2017/com.tribtv.kswb2.apk.logcat,False,548723,2649,9,2,0.004827572381693496,3.6335030784854833e-06
com.tribtv.wgntv2,benign2017/com.tribtv.wgntv2.apk.logcat,False,585507,3265,9,2,0.0055763637326283035,3.4037338960840043e-06
com.tricolorcat.calculator,benign2017/com.tricolorcat.calculator.apk.logcat,False,26746,2957,8,2,0.11055858820010468,7.455731593662628e-05
com.trivago,benign2017/com.trivago.apk.logcat,False,760,103,6,2,0.1355263157894737,0.0026246719160104987
com.truckerpath.truckloads,benign2017/com.truckerpath.truckloads.apk.logcat,False,15072,394,6,2,0.0261411889596603,0.00013267878466233248
com.truckingstudy.parking,benign2017/com.truckingstudy.parking.apk.logcat,False,923,16,4,2,0.01733477789815818,0.002162162162162162
com.truecaller,benign2017/com.truecaller.apk.logcat,False,34205,1512,8,2,0.044204063733372316,5.805683764405353e-05
com.tubitv,benign2017/com.tubitv.apk.logcat,False,1018,41,5,2,0.04027504911591356,0.0019398642095053346
com.tudorspan.recipekeeper,benign2017/com.tudorspan.recipekeeper.apk.logcat,False,616,35,3,2,0.056818181818181816,0.003236245954692557
com.turboc.cleaner,benign2017/com.turboc.cleaner.apk.logcat,False,30,3,1,2,0.1,0.0625
com.tvazteca.deportes,benign2017/com.tvazteca.deportes.apk.logcat,False,5782,105,3,2,0.018159806295399514,0.00034578146611341634
com.twistsoft.getgorgeous,benign2017/com.twistsoft.getgorgeous.apk.logcat,False,174480,2574,11,2,0.014752407152682256,1.1367511651699443e-05
com.twoone.gpsnavigation.voicenavigation,benign2017/com.twoone.gpsnavigation.voicenavigation.apk.logcat,False,1143,62,6,2,0.0542432195975503,0.001713796058269066
com.twothumbsapp.futbolLigaMexicana,benign2017/com.twothumbsapp.futbolLigaMexicana.apk.logcat,False,870,40,6,2,0.04597701149425287,0.0022650056625141564
com.uc.iflow,benign2017/com.uc.iflow.apk.logcat,False,8910,844,4,2,0.09472502805836139,0.0002244165170556553
com.ucy.ece464.obd.project,benign2017/com.ucy.ece464.obd.project.apk.logcat,False,336,31,4,2,0.09226190476190477,0.005917159763313609
com.udemy.android,benign2017/com.udemy.android.apk.logcat,False,873195,6655,7,2,0.007621436219859253,2.2904338883436385e-06
com.unearby.sayhi,benign2017/com.unearby.sayhi.apk.logcat,False,38373,1204,7,2,0.03137622807703333,5.2117263843648206e-05
com.uniformdating,benign2017/com.uniformdating.apk.logcat,False,431,7,3,2,0.016241299303944315,0.004618937644341801
com.unitedcor,benign2017/com.unitedcor.apk.logcat,False,1582953,11506,6,2,0.007268693385084712,1.2634597951299942e-06
com.unusova.xdating,benign2017/com.unusova.xdating.apk.logcat,False,80869,1442,6,2,0.017831307423116397,2.4551927326295114e-05
com.uokooer.cam,benign2017/com.uokooer.cam.apk.logcat,False,296871,1524,9,2,0.005133542851945795,6.735004512453023e-06
com.upp.drawcartoons,benign2017/com.upp.drawcartoons.apk.logcat,False,338114,51667,11,2,0.15280940747795121,5.9028392656867956e-06
com.upp.illusionsdrawing,benign2017/com.upp.illusionsdrawing.apk.logcat,False,343547,45463,11,2,0.1323341493303682,5.813953488372093e-06
com.upp.mangadrawings,benign2017/com.upp.mangadrawings.apk.logcat,False,1222,47,2,2,0.038461538461538464,0.0016339869281045752
com.uptodate.android,benign2017/com.uptodate.android.apk.logcat,False,8758,130,3,2,0.0148435715916876,0.00022831050228310502
com.upwork.android,benign2017/com.upwork.android.apk.logcat,False,640414,5027,9,2,0.007849609783671187,3.1229700694548543e-06
com.urbandictionary.android,benign2017/com.urbandictionary.android.apk.logcat,False,522,25,4,2,0.04789272030651341,0.003816793893129771
com.urbandroid.babysleep,benign2017/com.urbandroid.babysleep.apk.logcat,False,589466,654,7,2,0.001109478748562258,3.391370995638697e-06
com.urbandroid.lux,benign2017/com.urbandroid.lux.apk.logcat,False,728086,3979,6,2,0.005465013748375879,2.7436460586838456e-06
com.urbansitter.android,benign2017/com.urbansitter.android.apk.logcat,False,829,7,2,2,0.008443908323281062,0.0024067388688327317
com.usa.autoparts,benign2017/com.usa.autoparts.apk.logcat,False,37891,4408,4,2,0.1163336940170489,5.235465040182194e-05
com.usa.buyusedcars,benign2017/com.usa.buyusedcars.apk.logcat,False,1115,153,4,2,0.13721973094170403,0.0017730496453900709
com.usnaviguide.radar_now,benign2017/com.usnaviguide.radar_now.apk.logcat,False,352422,45010,9,2,0.12771620386922497,5.6748052832437186e-06
com.valvesoftware.android.steam.community,benign2017/com.valvesoftware.android.steam.community.apk.logcat,False,1992,293,6,2,0.14708835341365462,0.0010030090270812437
com.vanguard,benign2017/com.vanguard.apk.logcat,False,165,45,3,2,0.2727272727272727,0.011976047904191617
com.vcoud.clasicomundial,benign2017/com.vcoud.clasicomundial.apk.logcat,False,30571,418,7,2,0.013673088875077687,6.511264487563485e-05
com.vehicle.modpe,benign2017/com.vehicle.modpe.apk.logcat,False,898,7,4,2,0.0077951002227171495,0.002190580503833516
com.velocitywebworks.parade.hghba,benign2017/com.velocitywebworks.parade.hghba.apk.logcat,False,194409,6934,8,2,0.035667073026454534,1.0223746696451849e-05
com.venmo,benign2017/com.venmo.apk.logcat,False,274346,4786,12,2,0.01744512404044528,7.218131947451999e-06
com.vertskebap.vertskebap.android.app,benign2017/com.vertskebap.vertskebap.android.app.apk.logcat,False,24726,165,4,2,0.006673137587964086,8.087997411840829e-05
com.viagogo.consumer.viagogo.playstore,benign2017/com.viagogo.consumer.viagogo.playstore.apk.logcat,False,21646,575,9,2,0.026563799316270904,9.182736455463728e-05
com.victoriassecret.vsaa,benign2017/com.victoriassecret.vsaa.apk.logcat,False,168579,1268,10,2,0.00752169605941428,1.1768374846275603e-05
com.videozone.movboxref,benign2017/com.videozone.movboxref.apk.logcat,False,670,7,2,2,0.010447761194029851,0.0027137042062415195
com.viewer.comicscreen,benign2017/com.viewer.comicscreen.apk.logcat,False,5916,170,2,2,0.028735632183908046,0.0003379520108144643
com.vinhashapp.freewifihotspotportable,benign2017/com.vinhashapp.freewifihotspotportable.apk.logcat,False,870,25,2,2,0.028735632183908046,0.0022935779816513763
com.virtual_pro.djmixer_musicplayer,benign2017/com.virtual_pro.djmixer_musicplayer.apk.logcat,False,845536,271888,10,2,0.3215569768762063,2.3581791084196427e-06
com.vitusvet.android,benign2017/com.vitusvet.android.apk.logcat,False,10796,784,7,2,0.07261948869951834,0.00018521948508983145
com.vizmanga.android,benign2017/com.vizmanga.android.apk.logcat,False,15382,62,6,2,0.0040306852164868024,0.00013000520020800833
com.vksoft.pokemonplus,benign2017/com.vksoft.pokemonplus.apk.logcat,False,1145,2,2,2,0.0017467248908296944,0.0017436791630340018
com.volaris.android,benign2017/com.volaris.android.apk.logcat,False,46905,1722,11,2,0.03671250399744164,4.2418715137118495e-05
com.voltage.mobile.securemail.ui,benign2017/com.voltage.mobile.securemail.ui.apk.logcat,False,1315,56,8,2,0.04258555133079848,0.0015060240963855422
com.vseazs.fuelcalc,benign2017/com.vseazs.fuelcalc.apk.logcat,False,53847,1542,10,2,0.02863669285196947,3.685481047413713e-05
com.vvaani.logo.maker,benign2017/com.vvaani.logo.maker.apk.logcat,False,82613,3684,11,2,0.044593465919407355,2.4121960632960248e-05
com.wachanga.babycare,benign2017/com.wachanga.babycare.apk.logcat,False,2138,68,5,2,0.031805425631431246,0.0009345794392523365
com.wallpaper.livewallpaper.RaindropsLiveWallpaperHD8,benign2017/com.wallpaper.livewallpaper.RaindropsLiveWallpaperHD8.apk.logcat,False,342,10,2,2,0.029239766081871343,0.005813953488372093
com.walmart.grocery.checkin,benign2017/com.walmart.grocery.checkin.apk.logcat,False,8595,391,6,2,0.04549156486329261,0.00023263929277654997
com.walmartone.android,benign2017/com.walmartone.android.apk.logcat,False,23689,516,7,2,0.02178226180927857,7.953551260637875e-05
com.waplog.social,benign2017/com.waplog.social.apk.logcat,False,572,55,4,2,0.09615384615384616,0.002583979328165375
com.WaterfallLiveWallpaperHDHQ,benign2017/com.WaterfallLiveWallpaperHDHQ.apk.logcat,False,60776,1585,10,2,0.02607937343688298,3.239548406952071e-05
com.webmd.android,benign2017/com.webmd.android.apk.logcat,False,802,6,1,2,0.007481296758104738,0.0024875621890547263
com.weddingservices.wedAbout,benign2017/com.weddingservices.wedAbout.apk.logcat,False,50535,1477,9,2,0.029227268229939644,3.910374222813123e-05
com.weheartit,benign2017/com.weheartit.apk.logcat,False,31486,1208,5,2,0.03836625801943721,6.351626016260163e-05
com.wendys.nutritiontool,benign2017/com.wendys.nutritiontool.apk.logcat,False,942,46,4,2,0.04883227176220807,0.00211864406779661
com.wetakesection8.section8,benign2017/com.wetakesection8.section8.apk.logcat,False,101839,1467,6,2,0.014405090387768929,1.963845602458735e-05
com.whatsappringtones.whatsappalerts.whatsappnotifications,benign2017/com.whatsappringtones.whatsappalerts.whatsappnotifications.apk.logcat,False,250379,1346,7,2,0.005375850211080003,7.983267072216633e-06
com.whatsapp.wallpaper,benign2017/com.whatsapp.wallpaper.apk.logcat,False,445,36,1,2,0.08089887640449438,0.0044742729306487695
com.wheelsvision,benign2017/com.wheelsvision.apk.logcat,False,291662,786,6,2,0.002694900261261323,6.849455810735837e-06
com.whentowork.webview,benign2017/com.whentowork.webview.apk.logcat,False,175925,406,4,2,0.0023078016200085262,1.1344814285390149e-05
com.whereismycar,benign2017/com.whereismycar.apk.logcat,False,35286,1516,8,2,0.04296321487275407,5.616873086752605e-05
com.whosthat.callerid,benign2017/com.whosthat.callerid.apk.logcat,False,158192,20598,12,2,0.13020886011934865,1.258581955710501e-05
com.whosyou.dadi,benign2017/com.whosyou.dadi.apk.logcat,False,1453,427,4,2,0.2938747419132829,0.0013745704467353953
com.whoviewedmyprofile.facebook,benign2017/com.whoviewedmyprofile.facebook.apk.logcat,False,74875,362,10,2,0.004834724540901503,2.6710471840485063e-05
com.whoviewedmy.profile.fbook,benign2017/com.whoviewedmy.profile.fbook.apk.logcat,False,109599,450,8,2,0.004105876878438672,1.8248008686052134e-05
com.wikia.singlewikia.gta,benign2017/com.wikia.singlewikia.gta.apk.logcat,False,1438,14,2,2,0.009735744089012517,0.001388888888888889
com.wishabi.flipp,benign2017/com.wishabi.flipp.apk.logcat,False,26833,1419,7,2,0.05288264450490068,7.452953232718464e-05
com.world.globle.bracesphoto.maker,benign2017/com.world.globle.bracesphoto.maker.apk.logcat,False,390,6,3,2,0.015384615384615385,0.00510204081632653
com.xe.currency,benign2017/com.xe.currency.apk.logcat,False,386678,3609,7,2,0.009333347126032513,5.161223726145469e-06
com.xiafy.magictricks,benign2017/com.xiafy.magictricks.apk.logcat,False,60103,3121,6,2,0.05192752441641848,3.3275101904999585e-05
com.xooloo.remote.parental,benign2017/com.xooloo.remote.parental.apk.logcat,False,1079,122,4,2,0.11306765523632993,0.0018501387604070306
com.xyware.scanner,benign2017/com.xyware.scanner.apk.logcat,False,30802,418,5,2,0.013570547367054087,6.492663290481755e-05
com.yadavapp.keypadlockscreen,benign2017/com.yadavapp.keypadlockscreen.apk.logcat,False,392,1,1,2,0.002551020408163265,0.005076142131979695
com.yahho.apls,benign2017/com.yahho.apls.apk.logcat,False,23639,1174,7,2,0.04966369135750243,8.378016085790885e-05
com.yahoo.mobile.client.android.atom,benign2017/com.yahoo.mobile.client.android.atom.apk.logcat,False,866,39,6,2,0.04503464203233257,0.002304147465437788
com.yahoo.mobile.client.android.finance,benign2017/com.yahoo.mobile.client.android.finance.apk.logcat,False,23628,1285,7,2,0.05438462840697478,8.463817181548878e-05
com.yahoo.mobile.client.android.flickr,benign2017/com.yahoo.mobile.client.android.flickr.apk.logcat,False,888,0,0,2,0.0,0.0022471910112359553
com.yahoo.mobile.client.android.yahoo,benign2017/com.yahoo.mobile.client.android.yahoo.apk.logcat,False,45649,371,6,2,0.008127231702775526,4.381065036910473e-05
com.yammer.v1,benign2017/com.yammer.v1.apk.logcat,False,1391,1,1,2,0.0007189072609633358,0.0014357501794687725
com.yinzcam.nfl.cowboys,benign2017/com.yinzcam.nfl.cowboys.apk.logcat,False,1041,13,1,2,0.012487992315081652,0.0019175455417066154
com.yk.grid,benign2017/com.yk.grid.apk.logcat,False,45,5,1,2,0.1111111111111111,0.0425531914893617
com.yogee.palletsideas,benign2017/com.yogee.palletsideas.apk.logcat,False,33993,538,2,2,0.01582678786809049,5.8832181203118105e-05
com.you.JohnCenaPrankCall,benign2017/com.you.JohnCenaPrankCall.apk.logcat,False,771,11,2,2,0.014267185473411154,0.00258732212160414
com.youmail.android.vvm,benign2017/com.youmail.android.vvm.apk.logcat,False,685387,5700,12,2,0.008316469381531893,2.916200074654722e-06
com.youthhr.phonto,benign2017/com.youthhr.phonto.apk.logcat,False,19613,556,8,2,0.028348544332840463,0.0001008827238335435
com.yplanapp,benign2017/com.yplanapp.apk.logcat,False,947,13,5,2,0.013727560718057022,0.002079002079002079
com.ytb.video.kozawa,benign2017/com.ytb.video.kozawa.apk.logcat,False,205659,48952,10,2,0.23802508035145556,9.715812484819044e-06
com.zach.wilson.magic.app,benign2017/com.zach.wilson.magic.app.apk.logcat,False,1021,2,1,2,0.0019588638589618022,0.0019550342130987292
com.zalebox.backsplash.tile.ideas.k1,benign2017/com.zalebox.backsplash.tile.ideas.k1.apk.logcat,False,10587,588,7,2,0.05553981297818079,0.00018731853516905497
com.zalebox.fire.pit.ideas,benign2017/com.zalebox.fire.pit.ideas.apk.logcat,False,8,0,0,2,0.0,0.2
com.zappos.android,benign2017/com.zappos.android.apk.logcat,False,1190515,5277,9,2,0.004432535499342721,1.6799424115741312e-06
com.zappos.android.sixpmFlavor,benign2017/com.zappos.android.sixpmFlavor.apk.logcat,False,858,0,0,2,0.0,0.002325581395348837
com.zenjoy.flashlight12,benign2017/com.zenjoy.flashlight12.apk.logcat,False,10621,496,8,2,0.04669993409283495,0.00018653236336504383
com.zenjoy.quick.collage,benign2017/com.zenjoy.quick.collage.apk.logcat,False,1088,59,8,2,0.05422794117647059,0.0018165304268846503
com.zentertain.freemusic,benign2017/com.zentertain.freemusic.apk.logcat,False,18105,818,10,2,0.04518088925711129,0.00010965513460167772
com.zentertain.music.player,benign2017/com.zentertain.music.player.apk.logcat,False,4355,218,8,2,0.050057405281285876,0.0004578754578754579
com.zillow.android.zmm,benign2017/com.zillow.android.zmm.apk.logcat,False,29228,981,10,2,0.03356370603530861,6.842285323297981e-05
com.zinio.mobile.android.libraries,benign2017/com.zinio.mobile.android.libraries.apk.logcat,False,1190,48,9,2,0.040336134453781515,0.0016778523489932886
com.zinio.mobile.android.reader,benign2017/com.zinio.mobile.android.reader.apk.logcat,False,22939,325,9,2,0.014168010811282095,8.718015779608561e-05
com.zipscene.mobile.sns,benign2017/com.zipscene.mobile.sns.apk.logcat,False,7360,52,6,2,0.007065217391304348,0.00027166530834012495
com.zlamanit.blood.pressure,benign2017/com.zlamanit.blood.pressure.apk.logcat,False,1134,12,3,2,0.010582010582010581,0.0017605633802816902
com.zodinplex.thunder.sounds.relax.and.sleep,benign2017/com.zodinplex.thunder.sounds.relax.and.sleep.apk.logcat,False,60799,2921,11,2,0.048043553347916906,3.275198558912634e-05
com.zoomradar.mobileapp,benign2017/com.zoomradar.mobileapp.apk.logcat,False,1126,20,6,2,0.017761989342806393,0.001755926251097454
com.zrgiu.antivirus,benign2017/com.zrgiu.antivirus.apk.logcat,False,28489,2344,10,2,0.0822773702130647,6.942034015966679e-05
com.ztnstudio.notepad,benign2017/com.ztnstudio.notepad.apk.logcat,False,108425,3912,11,2,0.036080239797094765,1.8229546448884353e-05
com.zubieta.craze,benign2017/com.zubieta.craze.apk.logcat,False,93140,274,6,2,0.0029418080309211937,2.145485362426115e-05
co.pamobile.pokemon.cardmaker,benign2017/co.pamobile.pokemon.cardmaker.apk.logcat,False,1668,6,1,2,0.0035971223021582736,0.0011976047904191617
co.pamobile.yugioh.cardmaker,benign2017/co.pamobile.yugioh.cardmaker.apk.logcat,False,92498,1087,8,2,0.011751605440117625,2.157683510982609e-05
cougar.cubdate,benign2017/cougar.cubdate.apk.logcat,False,2360,155,3,2,0.06567796610169492,0.0007371913011426465
countdown.reminder.widget,benign2017/countdown.reminder.widget.apk.logcat,False,292,23,3,2,0.07876712328767123,0.005780346820809248
co.windyapp.android,benign2017/co.windyapp.android.apk.logcat,False,1152,6,3,2,0.005208333333333333,0.001713796058269066
culun.app.gender.chart,benign2017/culun.app.gender.chart.apk.logcat,False,120,0,0,2,0.0,0.01639344262295082
curso.d.ingles.gratis,benign2017/curso.d.ingles.gratis.apk.logcat,False,21688,1143,9,2,0.052701954998155665,9.137426900584795e-05
cz.aponia.bor3.offlinemaps,benign2017/cz.aponia.bor3.offlinemaps.apk.logcat,False,1044,55,8,2,0.05268199233716475,0.001892147587511826
cz.rosada.ks,benign2017/cz.rosada.ks.apk.logcat,False,1110,9,2,2,0.008108108108108109,0.0017985611510791368
D040B0C096E49BCF4AE39DA898F72610DE5C07656EBAA445FD31AED70CF8412A,benign2017/D040B0C096E49BCF4AE39DA898F72610DE5C07656EBAA445FD31AED70CF8412A.apk.logcat,True,0,0,0,2,0.0,1.0
D11C0AFF0D6D970DA3266111C232CFE66D583B97B2F43DAC52684576955AE572,benign2017/D11C0AFF0D6D970DA3266111C232CFE66D583B97B2F43DAC52684576955AE572.apk.logcat,False,90040,2946,8,2,0.03271879164815637,2.215231934783572e-05
D1331B7BA99854A305EAF396A9801A91D0C28A5FD4C20255CCB97D773131238F,benign2017/D1331B7BA99854A305EAF396A9801A91D0C28A5FD4C20255CCB97D773131238F.apk.logcat,False,289053,77,3,2,0.0002663871331555113,6.915605409386551e-06
D2268645C814912412CEAEF61F571516709B919DF36C57BF0E7FC4539837FB09,benign2017/D2268645C814912412CEAEF61F571516709B919DF36C57BF0E7FC4539837FB09.apk.logcat,False,90921,2939,8,2,0.0323247654557253,2.189405466945451e-05
D2BAF2325631B0ED2140B0E6711EDED2273E2B1B8D1E5D616E4144C1C82E86BB,benign2017/D2BAF2325631B0ED2140B0E6711EDED2273E2B1B8D1E5D616E4144C1C82E86BB.apk.logcat,False,1247461,1033,9,2,0.0008280820001587224,1.6031498688623407e-06
D2C0B25A618BD08DA5AEB74A9D7951F33DC49C156C0B941EC2F341296A5FCE93,benign2017/D2C0B25A618BD08DA5AEB74A9D7951F33DC49C156C0B941EC2F341296A5FCE93.apk.logcat,False,42850,147,3,2,0.0034305717619603267,4.640478897422214e-05
D2C3449B81AE3A63C90548B0EF61FA441C0A28D56BCF26D9037A301F63B7073E,benign2017/D2C3449B81AE3A63C90548B0EF61FA441C0A28D56BCF26D9037A301F63B7073E.apk.logcat,False,1274,7,3,2,0.005494505494505495,0.0015515903801396431
D331ACFF6200EABDE8871D58B3CD7F1643FA70ABBC1DB2824AC984A571773319,benign2017/D331ACFF6200EABDE8871D58B3CD7F1643FA70ABBC1DB2824AC984A571773319.apk.logcat,False,18551,2193,6,2,0.11821465150126678,0.0001077992777448391
D35067F1DA95CC6592B6098A285B7110BD0265D6D0A13C4FB5361696FF5138A9,benign2017/D35067F1DA95CC6592B6098A285B7110BD0265D6D0A13C4FB5361696FF5138A9.apk.logcat,False,546,104,3,2,0.19047619047619047,0.0036496350364963502
D37B03D05C8034A174BEE2C8555C5F65054118C5C4729066521D695B8463A106,benign2017/D37B03D05C8034A174BEE2C8555C5F65054118C5C4729066521D695B8463A106.apk.logcat,False,39725,1703,7,2,0.04286972938955318,4.750819516366573e-05
D42B1954D65CC70496B5DC5A1A6CDB99184CBD4F8C00DFABE396C6E8587E3457,benign2017/D42B1954D65CC70496B5DC5A1A6CDB99184CBD4F8C00DFABE396C6E8587E3457.apk.logcat,False,1165,46,3,2,0.039484978540772535,0.0016038492381716118
D4463CCF8CFFF8617A8DCD53FFE530B6B040597ECF0A2E421F48EBF7962D3D95,benign2017/D4463CCF8CFFF8617A8DCD53FFE530B6B040597ECF0A2E421F48EBF7962D3D95.apk.logcat,False,44098,1284,9,2,0.029116966755861944,4.470972212907697e-05
D4819AFD4D4607398D81544EF291EA3CA6459E97ACE3186546A95D5C677D5E25,benign2017/D4819AFD4D4607398D81544EF291EA3CA6459E97ACE3186546A95D5C677D5E25.apk.logcat,False,1771,158,6,2,0.08921513269339357,0.0009341429238673517
D4ECFCF01D0AE78BB85013B203D3293BA996E1CF2852E4CF48DE4778028628FE,benign2017/D4ECFCF01D0AE78BB85013B203D3293BA996E1CF2852E4CF48DE4778028628FE.apk.logcat,False,142,18,3,2,0.1267605633802817,0.01020408163265306
D55FF2971E2AEF677ACF6D6E3E2FB52009F2A385BAE0E3FF54A4CDDE57362166,benign2017/D55FF2971E2AEF677ACF6D6E3E2FB52009F2A385BAE0E3FF54A4CDDE57362166.apk.logcat,False,18719,2782,6,2,0.14861905016293606,0.00010593781450288681
D595F66BC906C8BE7DE76468B3DFAB83E1E5B6ECA62777EFF4BF88354515D137,benign2017/D595F66BC906C8BE7DE76468B3DFAB83E1E5B6ECA62777EFF4BF88354515D137.apk.logcat,False,1156,151,4,2,0.13062283737024222,0.001710863986313088
D5B2F7CD0A8A4EF7A959C2F5991AFFEB03F2650BFDDC9C1D828ED76E61589A6E,benign2017/D5B2F7CD0A8A4EF7A959C2F5991AFFEB03F2650BFDDC9C1D828ED76E61589A6E.apk.logcat,False,2206,74,5,2,0.033544877606527655,0.0009057971014492754
D660E7446462BAC90C62D5EB6B6DA2A7F30BF44404D2CF982B5531E147AD355D,benign2017/D660E7446462BAC90C62D5EB6B6DA2A7F30BF44404D2CF982B5531E147AD355D.apk.logcat,False,18531,743,6,2,0.04009497598618531,0.00010781089968195785
D6BA08FFCF186E492153341B423FCE23A56B80A00EC2C0DFD762F7546BA86B4B,benign2017/D6BA08FFCF186E492153341B423FCE23A56B80A00EC2C0DFD762F7546BA86B4B.apk.logcat,False,1017,40,6,2,0.03933136676499508,0.00196078431372549
D729E7291C1659A6F0FA65DEAD2009670D3F55AD175037D049D53409FC52D922,benign2017/D729E7291C1659A6F0FA65DEAD2009670D3F55AD175037D049D53409FC52D922.apk.logcat,False,27311,538,8,2,0.019699022371938046,7.252420495340319e-05
D750F83733221C6FE1EB9933A59B747DEB9643855DEFD6761DDA1F711E60C42C,benign2017/D750F83733221C6FE1EB9933A59B747DEB9643855DEFD6761DDA1F711E60C42C.apk.logcat,False,68893,1505,10,2,0.021845470512243625,2.8893800835030844e-05
D7B186BA666517ED58135257CA6B0EFA018845E2A44F090F6586AEAE701BC6F4,benign2017/D7B186BA666517ED58135257CA6B0EFA018845E2A44F090F6586AEAE701BC6F4.apk.logcat,False,3176,365,5,2,0.11492443324937028,0.0006291286568103177
D7F5770CAF4809C87EB2226ECEDEFF51300CB4EA6DFA62CFBCB39DE5A6A6F186,benign2017/D7F5770CAF4809C87EB2226ECEDEFF51300CB4EA6DFA62CFBCB39DE5A6A6F186.apk.logcat,False,22740,205,6,2,0.00901495162708883,8.525149190110827e-05
D8239074FA19D0161C26DE4E19BD40A508ADA8BBA7B099288C0696F3CD2C70C2,benign2017/D8239074FA19D0161C26DE4E19BD40A508ADA8BBA7B099288C0696F3CD2C70C2.apk.logcat,False,62340,403,4,2,0.006464549246069939,3.187555782226189e-05
D844C93A6C7BCE56079DDA74B13268C2CABB440846E8ED8AEBDA24D06446837A,benign2017/D844C93A6C7BCE56079DDA74B13268C2CABB440846E8ED8AEBDA24D06446837A.apk.logcat,False,148599,3329,11,2,0.02240257336859602,1.3443299523435032e-05
D8559BA7527F68E0C95B24A15A77AA5D6B52518A9F07C3B6537605EDE95AFC60,benign2017/D8559BA7527F68E0C95B24A15A77AA5D6B52518A9F07C3B6537605EDE95AFC60.apk.logcat,False,111997,4249,9,2,0.03793851621025563,1.77421357983074e-05
D918489F848EF006B640657695A64166563CF3EE59F169081942F3C1A669FFDF,benign2017/D918489F848EF006B640657695A64166563CF3EE59F169081942F3C1A669FFDF.apk.logcat,False,1131,12,3,2,0.010610079575596816,0.0017436791630340018
D92E1333B5806255BC487D5AFC251C47640BD03C14AD27013DA0DF632F7A7DEA,benign2017/D92E1333B5806255BC487D5AFC251C47640BD03C14AD27013DA0DF632F7A7DEA.apk.logcat,False,84829,4494,10,2,0.05297716582772401,2.347555607723458e-05
D93E7B2EC09708D3522C7A6D29A27B9EEAE818730991215718EFB6D9E73D090E,benign2017/D93E7B2EC09708D3522C7A6D29A27B9EEAE818730991215718EFB6D9E73D090E.apk.logcat,False,18138,966,7,2,0.053258352629837906,0.00011015642211940956
D942002F584C199AAFBDF28F577EAA55D2ABE433CDC240A20120D06474B9CD7E,benign2017/D942002F584C199AAFBDF28F577EAA55D2ABE433CDC240A20120D06474B9CD7E.apk.logcat,False,216,19,4,2,0.08796296296296297,0.009174311926605505
D9B3C9C0EF730202194B32A95C6760A59D7FA9608D97FADE9500B180CADEDE9B,benign2017/D9B3C9C0EF730202194B32A95C6760A59D7FA9608D97FADE9500B180CADEDE9B.apk.logcat,False,4338,143,6,2,0.03296449976947902,0.0004570383912248629
DA0581D8C20262D0D73CF4D2213D764BC79DD0856D52C4E7965455A3FA583F5F,benign2017/DA0581D8C20262D0D73CF4D2213D764BC79DD0856D52C4E7965455A3FA583F5F.apk.logcat,False,165317,74172,10,2,0.4486652915308166,1.2075909165011261e-05
DA5FA4B3DC3469A638F669F480DB99EDC80EAEE24D712A337AB108939B46B665,benign2017/DA5FA4B3DC3469A638F669F480DB99EDC80EAEE24D712A337AB108939B46B665.apk.logcat,False,1429,715,1,2,0.5003498950314905,0.001397624039133473
DA9032C489B105BDBFB49C1390ADF0AA121D88821AF5B3066EB0DEE0715A58D4,benign2017/DA9032C489B105BDBFB49C1390ADF0AA121D88821AF5B3066EB0DEE0715A58D4.apk.logcat,False,146590,58936,11,2,0.40204652431953064,1.359831924774098e-05
DAE5935462BC37528BF48AF0AE306578B06CF06197066D3CF876ED0E66688FE6,benign2017/DAE5935462BC37528BF48AF0AE306578B06CF06197066D3CF876ED0E66688FE6.apk.logcat,False,5356,375,4,2,0.07001493651979089,0.00037250884708511827
DAFC17DD618E76AE2C195E44E3B8B905E8805A17753BF9DDFA38B70579E62F3F,benign2017/DAFC17DD618E76AE2C195E44E3B8B905E8805A17753BF9DDFA38B70579E62F3F.apk.logcat,False,367,11,2,2,0.02997275204359673,0.005420054200542005
dailybibleverse.bible.verse,benign2017/dailybibleverse.bible.verse.apk.logcat,False,21864,645,9,2,0.029500548847420417,9.100837277029486e-05
dating.app.chat.flirt.wgbcv,benign2017/dating.app.chat.flirt.wgbcv.apk.logcat,False,58085,1429,12,2,0.02460187656021348,3.42588944654756e-05
DB2B016175E2B931A812BF764CB31D1586062B825310A6AF838364396940915F,benign2017/DB2B016175E2B931A812BF764CB31D1586062B825310A6AF838364396940915F.apk.logcat,False,50651,484,9,2,0.009555586266806183,3.890596428432479e-05
DBD45401256D682CD31A9EA6A43EBEF2E9AF5EF3FFE63D38CE141E195C2F1F8A,benign2017/DBD45401256D682CD31A9EA6A43EBEF2E9AF5EF3FFE63D38CE141E195C2F1F8A.apk.logcat,False,53022,15782,6,2,0.2976500320621629,3.7470725995316157e-05
DE9AB0FF7FFB216505A00419523B29064F8BE2ED6EDD8F25A4C24DE3F3308B00,benign2017/DE9AB0FF7FFB216505A00419523B29064F8BE2ED6EDD8F25A4C24DE3F3308B00.apk.logcat,False,998,233,6,2,0.23346693386773548,0.0019743336623889436
de.affinitas.za.co.elitesingles.and,benign2017/de.affinitas.za.co.elitesingles.and.apk.logcat,False,1214134,8148,9,2,0.006710956121811925,1.6470082506878318e-06
de.aktiwir.aktibmi,benign2017/de.aktiwir.aktibmi.apk.logcat,False,43325,244,5,2,0.005631852279284478,4.603839602228258e-05
de.appfiction.yocutiegoogle,benign2017/de.appfiction.yocutiegoogle.apk.logcat,False,1043,8,4,2,0.007670182166826462,0.0019138755980861245
de.apptiv.business.android.aldi_us,benign2017/de.apptiv.business.android.aldi_us.apk.logcat,False,45838,729,6,2,0.015903835245865874,4.363001745200698e-05
DEE3AB02344C4102297055D7AF7A5B006FC6714F94DE1F8876FBD8D1BCED1F41,benign2017/DEE3AB02344C4102297055D7AF7A5B006FC6714F94DE1F8876FBD8D1BCED1F41.apk.logcat,False,1123,20,5,2,0.017809439002671415,0.0017777777777777779
deezer.android.app,benign2017/deezer.android.app.apk.logcat,False,273764,12623,8,2,0.04610905743633202,7.305509084400547e-06
de.fheft.ratemypicture2,benign2017/de.fheft.ratemypicture2.apk.logcat,False,59848,1753,8,2,0.02929087020451811,3.3040921180882525e-05
de.mdiener.rain.usa,benign2017/de.mdiener.rain.usa.apk.logcat,False,50732,212,4,2,0.004178822045257431,3.940265573899681e-05
de.motain.iliga,benign2017/de.motain.iliga.apk.logcat,False,907,4,1,2,0.004410143329658214,0.0022002200220022
de.perished.android.apps.fishingknots,benign2017/de.perished.android.apps.fishingknots.apk.logcat,False,38849,236,4,2,0.006074802440217251,5.1478726416308464e-05
de.protectyourkid,benign2017/de.protectyourkid.apk.logcat,False,200354,6202,12,2,0.030955209279575152,9.970338243724919e-06
de.schildbach.wallet,benign2017/de.schildbach.wallet.apk.logcat,False,1092,72,4,2,0.06593406593406594,0.0018281535648994515
de.starter.ssw,benign2017/de.starter.ssw.apk.logcat,False,38985,760,8,2,0.01949467744004104,5.095411581870525e-05
de.tap.easy_xkcd,benign2017/de.tap.easy_xkcd.apk.logcat,False,69068,741,8,2,0.010728557363757456,2.8951520678623644e-05
de.test.project1,benign2017/de.test.project1.apk.logcat,False,1069,8,3,2,0.007483629560336763,0.0018674136321195146
DF17A64DE14DA6236802F46AA4987F320D6DAB598CA607B27EC045A387E9F72B,benign2017/DF17A64DE14DA6236802F46AA4987F320D6DAB598CA607B27EC045A387E9F72B.apk.logcat,False,7218,132,2,2,0.01828761429758936,0.0002770083102493075
DF3773E09FE9EF6373799897B7A5504BAB5DAB128DDEDDDA3A25B793197D3D50,benign2017/DF3773E09FE9EF6373799897B7A5504BAB5DAB128DDEDDDA3A25B793197D3D50.apk.logcat,False,758,21,2,2,0.027704485488126648,0.002631578947368421
DF5698E4B1C91B750C4B6175BB283637C8915FBE9CC67D87216FAD57C9A4BF38,benign2017/DF5698E4B1C91B750C4B6175BB283637C8915FBE9CC67D87216FAD57C9A4BF38.apk.logcat,False,10303,199,3,2,0.0193147626904785,0.00019408054342552158
DF8D0FD48EE2326929A37498CED44B37844D42826716C4EEF25ADF42E9F96690,benign2017/DF8D0FD48EE2326929A37498CED44B37844D42826716C4EEF25ADF42E9F96690.apk.logcat,False,13131,499,6,2,0.03800167542456782,0.0001453594011192674
digifit.virtuagym.foodtracker,benign2017/digifit.virtuagym.foodtracker.apk.logcat,False,716,32,4,2,0.0446927374301676,0.002642007926023778
digit.android,benign2017/digit.android.apk.logcat,False,12106,567,8,2,0.04683627953081117,0.00016302575806977502
dil.multicooker_recipe,benign2017/dil.multicooker_recipe.apk.logcat,False,4781,166,8,2,0.03472076971344907,0.00041718815185648727
discreet.dating2,benign2017/discreet.dating2.apk.logcat,False,346,11,2,2,0.031791907514450865,0.005747126436781609
dpapps.pregnancy.scanner.test,benign2017/dpapps.pregnancy.scanner.test.apk.logcat,False,23419,3000,5,2,0.12810111447969597,8.539345032236028e-05
draziw.leftday.widget,benign2017/draziw.leftday.widget.apk.logcat,False,951,120,5,2,0.12618296529968454,0.002098635886673662
droom.sleepIfUCan,benign2017/droom.sleepIfUCan.apk.logcat,False,23494,1045,8,2,0.04447944155954712,8.512087163772556e-05
droso.application.nursing,benign2017/droso.application.nursing.apk.logcat,False,956,35,7,2,0.036610878661087864,0.0020876826722338203
dto.ee.dmv.genius,benign2017/dto.ee.dmv.genius.apk.logcat,False,8637,388,7,2,0.04492300567326618,0.00023150827642088204
dynnsoft.strangersmeet,benign2017/dynnsoft.strangersmeet.apk.logcat,False,756,37,6,2,0.04894179894179894,0.002638522427440633
E03DA52A82CEFC3B3BCDCC56A0AAF93828C37A34A6CE8DB48DF95AA0CFB286C3,benign2017/E03DA52A82CEFC3B3BCDCC56A0AAF93828C37A34A6CE8DB48DF95AA0CFB286C3.apk.logcat,False,50216,2550,9,2,0.05078062768838617,3.973062635332446e-05
E0552273E423B1F4A13DBA57DBC4CEAF1FF11C00629DF050EB012B0B7B5B9DB6,benign2017/E0552273E423B1F4A13DBA57DBC4CEAF1FF11C00629DF050EB012B0B7B5B9DB6.apk.logcat,False,927,33,2,2,0.03559870550161812,0.002152852529601722
E128DAD3A6D87825784DD9A80931FC94E53D2A9FDE6F2074C73630C93A4A8AD1,benign2017/E128DAD3A6D87825784DD9A80931FC94E53D2A9FDE6F2074C73630C93A4A8AD1.apk.logcat,False,51445,307,7,2,0.005967538147536203,3.819563805813376e-05
E16ADBDCD46C0772E6012AB4F27AEECE877A3EC8CEA9247633ADBF8B85DFF1A3,benign2017/E16ADBDCD46C0772E6012AB4F27AEECE877A3EC8CEA9247633ADBF8B85DFF1A3.apk.logcat,False,1336,3,2,2,0.002245508982035928,0.0014925373134328358
E176ABF6D79F135D8384DB62B453E0AFFE081DB95634E223FCA6C2BEFF82FF69,benign2017/E176ABF6D79F135D8384DB62B453E0AFFE081DB95634E223FCA6C2BEFF82FF69.apk.logcat,False,928,0,0,2,0.0,0.002145922746781116
E294EA9C0523E97E2AACB4035B7F10DBBD8D0F2A9BE0C82AD124C2953D5631E5,benign2017/E294EA9C0523E97E2AACB4035B7F10DBBD8D0F2A9BE0C82AD124C2953D5631E5.apk.logcat,True,0,0,0,2,0.0,1.0
E2B0741299DEBAD7252C634817415A5C557D799A78755022402AFFF3396EFC02,benign2017/E2B0741299DEBAD7252C634817415A5C557D799A78755022402AFFF3396EFC02.apk.logcat,False,5254,380,4,2,0.0723258469737343,0.000380517503805175
E3393F2E637E4F7F8A867E79DA9D48752E15B88C71BBD072BDDEFBE6B636ED18,benign2017/E3393F2E637E4F7F8A867E79DA9D48752E15B88C71BBD072BDDEFBE6B636ED18.apk.logcat,False,691,54,4,2,0.07814761215629522,0.002886002886002886
E34694822B87949DBE3D1838E0FCBF3E432FA46064F44067AC53116524540001,benign2017/E34694822B87949DBE3D1838E0FCBF3E432FA46064F44067AC53116524540001.apk.logcat,False,451,39,5,2,0.08647450110864745,0.004415011037527594
E49931E7E050F500623A7D9EB6B12038A95E6A830C36C7B8611BE585968D7AD8,benign2017/E49931E7E050F500623A7D9EB6B12038A95E6A830C36C7B8611BE585968D7AD8.apk.logcat,False,26324,611,7,2,0.02321075824342805,7.553725875287986e-05
E4AA2A3586E12E0B09C40FB77F7487C6DD25E64D6FE70D6DD118861086B6AF8E,benign2017/E4AA2A3586E12E0B09C40FB77F7487C6DD25E64D6FE70D6DD118861086B6AF8E.apk.logcat,False,875,17,5,2,0.019428571428571427,0.0022522522522522522
E4EFB2588117EAECC88CD8A04D85ACB66727D604ACAE2068F1B04AE999C489D3,benign2017/E4EFB2588117EAECC88CD8A04D85ACB66727D604ACAE2068F1B04AE999C489D3.apk.logcat,False,14957,118,4,2,0.007889282610149094,0.0001336005344021376
E50BD24A6508E3EA60F2D494110B33DA24F5A79224F3077446B9FD8A685F51B3,benign2017/E50BD24A6508E3EA60F2D494110B33DA24F5A79224F3077446B9FD8A685F51B3.apk.logcat,False,280304,3367,11,2,0.01201195844511673,7.101314453305307e-06
E533DD18DF0671122A3DABA6F0E691E66A1A29E264B0C75B9C805E09D768FE59,benign2017/E533DD18DF0671122A3DABA6F0E691E66A1A29E264B0C75B9C805E09D768FE59.apk.logcat,False,1200,44,3,2,0.03666666666666667,0.0016638935108153079
E59429313C008481F690F8CC3C1E8E3325AA5AB9D1011C57B038E355351D1624,benign2017/E59429313C008481F690F8CC3C1E8E3325AA5AB9D1011C57B038E355351D1624.apk.logcat,False,339745,284,4,2,0.0008359210584408895,5.886733363355673e-06
E5A543055751028D85114B63B006500010ADF60696A3EE508618387486E66F28,benign2017/E5A543055751028D85114B63B006500010ADF60696A3EE508618387486E66F28.apk.logcat,False,16698,814,7,2,0.048748353096179184,0.00011952429331261579
E5C10A1096954A7355F77C0666B9DF195AA41F8CA346DE618F40F9D27208F936,benign2017/E5C10A1096954A7355F77C0666B9DF195AA41F8CA346DE618F40F9D27208F936.apk.logcat,False,19397,630,6,2,0.03247924936845904,0.00010287007509515482
E6158749201FC1D197739894EBC26A17F4B967EDB852703CD684BD286FF92F90,benign2017/E6158749201FC1D197739894EBC26A17F4B967EDB852703CD684BD286FF92F90.apk.logcat,False,614,8,2,2,0.013029315960912053,0.003236245954692557
E67D80C3A6DE03776222F03028C8220EDDABB4F5B941CB4DC64BB7B27F533617,benign2017/E67D80C3A6DE03776222F03028C8220EDDABB4F5B941CB4DC64BB7B27F533617.apk.logcat,False,43802,172,6,2,0.003926761335098854,4.532783355619518e-05
E712F34035CFE69C560A1C6C1D98034F0EE6F7C83D7AFE4020696C6C977FAD7E,benign2017/E712F34035CFE69C560A1C6C1D98034F0EE6F7C83D7AFE4020696C6C977FAD7E.apk.logcat,False,333528,764,4,2,0.0022906622532441055,5.996138486814492e-06
E7546B31739AA63E658B568A261E51C7D6925030D8F5957D2B0D005B1B93386E,benign2017/E7546B31739AA63E658B568A261E51C7D6925030D8F5957D2B0D005B1B93386E.apk.logcat,False,22354,425,8,2,0.019012257314127225,8.902341315766046e-05
E7C58D5E7660F2FE2F79C5C40FB2F0D9466C5012821B529BBC0FF31D1C0D46DE,benign2017/E7C58D5E7660F2FE2F79C5C40FB2F0D9466C5012821B529BBC0FF31D1C0D46DE.apk.logcat,False,57949,845,8,2,0.014581787433777978,3.4234265075914484e-05
E8323A43A9E02AC8A41230A011AD861E90EDCD497B7FEFE41A03DDBF62CF4660,benign2017/E8323A43A9E02AC8A41230A011AD861E90EDCD497B7FEFE41A03DDBF62CF4660.apk.logcat,False,1228,6,2,2,0.004885993485342019,0.0016090104585679806
E8B97523DC66D5EBB5F807B4B1A75262598697BC97EB76631EA41117779BCAB3,benign2017/E8B97523DC66D5EBB5F807B4B1A75262598697BC97EB76631EA41117779BCAB3.apk.logcat,False,3609,147,2,2,0.040731504571903575,0.00049079754601227
E8C26645617EB0E2A3E143D1B22D586057CDE98BE13B134A05B366DC6AFF8420,benign2017/E8C26645617EB0E2A3E143D1B22D586057CDE98BE13B134A05B366DC6AFF8420.apk.logcat,False,551,30,1,2,0.0544464609800363,0.0030864197530864196
E947990F4C4AE3543C73107147B6146711C12726D1D38F0F4855EDAC1D2E5D81,benign2017/E947990F4C4AE3543C73107147B6146711C12726D1D38F0F4855EDAC1D2E5D81.apk.logcat,False,500,20,1,2,0.04,0.0035335689045936395
E95CDDAE66F7ADBC026C9F5BF29BD5A9A07DC7D2ACFA353AB0A13E2BFDC3E213,benign2017/E95CDDAE66F7ADBC026C9F5BF29BD5A9A07DC7D2ACFA353AB0A13E2BFDC3E213.apk.logcat,False,22,0,0,2,0.0,0.08333333333333333
EA53E0FE8CDA4F094CAA1069F7AF46648D10DE5743349E0AF4BA8E7FDA237B37,benign2017/EA53E0FE8CDA4F094CAA1069F7AF46648D10DE5743349E0AF4BA8E7FDA237B37.apk.logcat,False,11680,92,2,2,0.007876712328767124,0.0001712035610340695
EA89A5E0CDE98CBCEA84E7F1C249855C5966633422632E3888DEBD2F02CCF04F,benign2017/EA89A5E0CDE98CBCEA84E7F1C249855C5966633422632E3888DEBD2F02CCF04F.apk.logcat,False,243720,2188,3,2,0.008977515181355655,8.20526285559558e-06
easypedeometer.herzberg.com.stepcounter,benign2017/easypedeometer.herzberg.com.stepcounter.apk.logcat,False,1571,20,1,2,0.012730744748567792,0.0012714558169103624
EBAFECC1AA587F4EE0476F89F1B90A0EA60E9A93D8410FBE5AE0C765F34BDD0A,benign2017/EBAFECC1AA587F4EE0476F89F1B90A0EA60E9A93D8410FBE5AE0C765F34BDD0A.apk.logcat,False,48796,769,7,2,0.015759488482662513,4.056466006814863e-05
EBE28D79BCFF9098A93DD73102AA026AA4C0B66573A3520BDE21A3536A2A5719,benign2017/EBE28D79BCFF9098A93DD73102AA026AA4C0B66573A3520BDE21A3536A2A5719.apk.logcat,False,133562,5201,9,2,0.03894071667090939,1.4893141708243353e-05
ED082C2C240965FA2B21C7C2DCC6EDD40EC227DA6E213F712073CF461D6893AD,benign2017/ED082C2C240965FA2B21C7C2DCC6EDD40EC227DA6E213F712073CF461D6893AD.apk.logcat,False,759,43,4,2,0.05665349143610013,0.002628120893561104
ED256DD606083EB027F51AF807700DA4A47FCD452C9C17D6D9ACE459EDF2C91F,benign2017/ED256DD606083EB027F51AF807700DA4A47FCD452C9C17D6D9ACE459EDF2C91F.apk.logcat,False,98052,1759,8,2,0.01793946069432546,2.0320453552523292e-05
EF176445FB97C6AAA84F14B8E1E9B4EAE79A0B75EDAB175CD5DDB581262C03C4,benign2017/EF176445FB97C6AAA84F14B8E1E9B4EAE79A0B75EDAB175CD5DDB581262C03C4.apk.logcat,False,1136,14,4,2,0.01232394366197183,0.0017406440382941688
EF2F83FC973219791DB40562819C7C6C323D408347B5A3D6A3C39B271B93EFA3,benign2017/EF2F83FC973219791DB40562819C7C6C323D408347B5A3D6A3C39B271B93EFA3.apk.logcat,False,30304,330,5,2,0.010889651531151004,6.570302233902759e-05
EF6695ECA3D54AD6CB549A91EA7AC11F2E20D5E6F6321331A5506D1F3D644354,benign2017/EF6695ECA3D54AD6CB549A91EA7AC11F2E20D5E6F6321331A5506D1F3D644354.apk.logcat,False,970,26,4,2,0.026804123711340205,0.0020554984583761563
EFB2EA3F82C0C8A24F70D36864A71DC21EC296761AD916608905323A0BB08E7F,benign2017/EFB2EA3F82C0C8A24F70D36864A71DC21EC296761AD916608905323A0BB08E7F.apk.logcat,False,10742,208,7,2,0.01936324706758518,0.00018436578171091445
emoji.backgrounds__,benign2017/emoji.backgrounds__.apk.logcat,False,117409,3030,6,2,0.02580722091151445,1.697821694765616e-05
emoji.keyboard.teclado.FB.insta.whats.snap,benign2017/emoji.keyboard.teclado.FB.insta.whats.snap.apk.logcat,False,9906,300,6,2,0.03028467595396729,0.00020185708518368994
emoji.wallpapers3,benign2017/emoji.wallpapers3.apk.logcat,False,1039,36,6,2,0.03464870067372473,0.0019212295869356388
epic.mychart.android,benign2017/epic.mychart.android.apk.logcat,False,34280,445,7,2,0.012981330221703617,5.764020981036371e-05
epson.print,benign2017/epson.print.apk.logcat,False,1101,0,0,2,0.0,0.001813236627379873
evo.shark.guidehungry.gameflee,benign2017/evo.shark.guidehungry.gameflee.apk.logcat,False,168501,2687,7,2,0.015946492899151933,1.182179821372629e-05
F020E1D3A34E404A4B70E5D3FBB16383E9E4509F707C7C1E2B5FF02440AD5345,benign2017/F020E1D3A34E404A4B70E5D3FBB16383E9E4509F707C7C1E2B5FF02440AD5345.apk.logcat,False,10808,258,5,2,0.02387120651369356,0.00018467220683287164
F16078A0741712559BB31D9BEA86188DEC778362F5C9A180F5DFAAEC360A793C,benign2017/F16078A0741712559BB31D9BEA86188DEC778362F5C9A180F5DFAAEC360A793C.apk.logcat,False,73378,3383,7,2,0.04610373681484914,2.7036891838914198e-05
F18A984572B940DF068517EECD88743892148CDA3D2DF857FD16DB9E0B1017AE,benign2017/F18A984572B940DF068517EECD88743892148CDA3D2DF857FD16DB9E0B1017AE.apk.logcat,False,7659,930,8,2,0.12142577359968665,0.0002608242044861763
F1A8E25969CB39D13E7568DA659622449863D6E7892FB8DBFAE6C99E4FC44F5A,benign2017/F1A8E25969CB39D13E7568DA659622449863D6E7892FB8DBFAE6C99E4FC44F5A.apk.logcat,False,852,74,4,2,0.08685446009389672,0.0023391812865497076
F1DDC2536319CD1176B1C5EA9C1DF96AA7B77E16D648B1F09792ECE62DD4D3B4,benign2017/F1DDC2536319CD1176B1C5EA9C1DF96AA7B77E16D648B1F09792ECE62DD4D3B4.apk.logcat,False,9,0,0,2,0.0,0.18181818181818182
F2586B96B1BD2295A6CF1DC588D6BF021FD5474ECC8A397E39E23410FB33E836,benign2017/F2586B96B1BD2295A6CF1DC588D6BF021FD5474ECC8A397E39E23410FB33E836.apk.logcat,False,3960,110,2,2,0.027777777777777776,0.0005047955577990914
F26A6955440D70C3F59082B7FF5A0D08DC9E4EF8566F23A46DEE7697551C3D63,benign2017/F26A6955440D70C3F59082B7FF5A0D08DC9E4EF8566F23A46DEE7697551C3D63.apk.logcat,False,620,21,2,2,0.03387096774193549,0.003215434083601286
F2D0ABA16AFFB2D40E6250331EAAE5F2671FB1CBFEE9D8C52136F2CEC87FA158,benign2017/F2D0ABA16AFFB2D40E6250331EAAE5F2671FB1CBFEE9D8C52136F2CEC87FA158.apk.logcat,False,576,29,3,2,0.050347222222222224,0.0034602076124567475
F2EF82C9F380DB236AB68474FE2AA40F7BD83E5A3235355226CF9AC115AD5125,benign2017/F2EF82C9F380DB236AB68474FE2AA40F7BD83E5A3235355226CF9AC115AD5125.apk.logcat,False,60,6,1,2,0.1,0.03225806451612903
F3586C3C5A41CB0ADBB936D413A1FF09C7E5093EC2202E26E593B222E9468195,benign2017/F3586C3C5A41CB0ADBB936D413A1FF09C7E5093EC2202E26E593B222E9468195.apk.logcat,False,45554,680,8,2,0.014927338982306713,4.360813727841615e-05
F3947F24D07573A400274678FFA38F51C2D0A76BC6AB70DE726FD8E95267D2EF,benign2017/F3947F24D07573A400274678FFA38F51C2D0A76BC6AB70DE726FD8E95267D2EF.apk.logcat,False,712,4,2,2,0.0056179775280898875,0.0028011204481792717
F3CB1C786A966B0DF8A65565A675A09E22EC783D061A66067350AD7AEBA6A141,benign2017/F3CB1C786A966B0DF8A65565A675A09E22EC783D061A66067350AD7AEBA6A141.apk.logcat,False,47,3,1,2,0.06382978723404255,0.04081632653061224
F3D07BAA5E9923CE5D0A4EA3A60DC1BBD33D9CE2663A6B9FC991E7DCAE6FF38C,benign2017/F3D07BAA5E9923CE5D0A4EA3A60DC1BBD33D9CE2663A6B9FC991E7DCAE6FF38C.apk.logcat,False,6,0,0,2,0.0,0.25
F436D1F3F939AB829D43FD955C01D42958EE912560D05AA2C0C362D54AEFAE50,benign2017/F436D1F3F939AB829D43FD955C01D42958EE912560D05AA2C0C362D54AEFAE50.apk.logcat,False,31377,1353,8,2,0.04312075724256621,6.358087487283825e-05
F47199FE70F0B06DC4A78CBD16D3F2746028B25E3A1CC7433ECCE30C271DC9E1,benign2017/F47199FE70F0B06DC4A78CBD16D3F2746028B25E3A1CC7433ECCE30C271DC9E1.apk.logcat,False,937,27,3,2,0.0288153681963714,0.002105263157894737
F55A0A2C10398C761ACA23CFBB5525466D920BB67D8D73CA66ED1B8131738EEC,benign2017/F55A0A2C10398C761ACA23CFBB5525466D920BB67D8D73CA66ED1B8131738EEC.apk.logcat,False,50147,1204,8,2,0.024009412327756396,3.9607097591888464e-05
F6D64AAE58DF8C325B8FC4904777147E3E9E1DDD3AC375FAA76757C0D4408100,benign2017/F6D64AAE58DF8C325B8FC4904777147E3E9E1DDD3AC375FAA76757C0D4408100.apk.logcat,False,221216,1196,8,2,0.005406480543902792,9.027185368737955e-06
F700150476DBB02E27BD3831E9BB116CF1427FF0E98172FB20F29AD8099AE547,benign2017/F700150476DBB02E27BD3831E9BB116CF1427FF0E98172FB20F29AD8099AE547.apk.logcat,False,83220,2724,9,2,0.032732516222062004,2.4032106894811467e-05
F8030D5721B9DEE4392E5DAF25187E6CE39CE1E74985ED1936D0CC29B1C31D43,benign2017/F8030D5721B9DEE4392E5DAF25187E6CE39CE1E74985ED1936D0CC29B1C31D43.apk.logcat,True,0,0,0,2,0.0,1.0
F85A6E43E184DCF1FCA6A855A2C946ED96E925C3FD606AD01A0666F5A09C50F2,benign2017/F85A6E43E184DCF1FCA6A855A2C946ED96E925C3FD606AD01A0666F5A09C50F2.apk.logcat,False,124537,6263,9,2,0.050290275179263995,1.5912164850027847e-05
F87DF3FBD58605BBB3CD8BD23F47CBA08A3FD0FD49D81984B22EEC716226A846,benign2017/F87DF3FBD58605BBB3CD8BD23F47CBA08A3FD0FD49D81984B22EEC716226A846.apk.logcat,False,1579,60,4,2,0.03799873337555415,0.0012547051442910915
F8912E463636FB99DB8551E0F03E0B48F9705AFBFE066FDC642311AB31FB02D9,benign2017/F8912E463636FB99DB8551E0F03E0B48F9705AFBFE066FDC642311AB31FB02D9.apk.logcat,False,26,4,1,2,0.15384615384615385,0.07142857142857142
F8F6744FC3D8D28783BF1FA34F4E194C2C9B1B8294873DEE71B743237576FD77,benign2017/F8F6744FC3D8D28783BF1FA34F4E194C2C9B1B8294873DEE71B743237576FD77.apk.logcat,False,35819,1334,5,2,0.03724280409838354,5.560807429238725e-05
F9448584CF43043F840324D98ED21C2483C79BC0C7570F1CDD275073777AB9CE,benign2017/F9448584CF43043F840324D98ED21C2483C79BC0C7570F1CDD275073777AB9CE.apk.logcat,False,1130,28,2,2,0.024778761061946902,0.0017667844522968198
F9641DB99AE1710C6358AEB724B5F11CE67658926F82E0D432BD3205534F62B7,benign2017/F9641DB99AE1710C6358AEB724B5F11CE67658926F82E0D432BD3205534F62B7.apk.logcat,False,4904,28,2,2,0.005709624796084829,0.00040766408479412964
F9C450FE24F6F07863CC061F14292413D7153F92D1B2100B1E88593FAE36DA81,benign2017/F9C450FE24F6F07863CC061F14292413D7153F92D1B2100B1E88593FAE36DA81.apk.logcat,False,269008,4712,7,2,0.017516207696425385,7.428399514182672e-06
fast.explorer.web.browser,benign2017/fast.explorer.web.browser.apk.logcat,False,1191,0,0,2,0.0,0.0016764459346186086
FB4599F3F8C7EFEA5389B2A43D83D12BA8C7FC8BE110B1E22331FC6889FBBF86,benign2017/FB4599F3F8C7EFEA5389B2A43D83D12BA8C7FC8BE110B1E22331FC6889FBBF86.apk.logcat,False,104296,7137,7,2,0.0684302370177188,1.914718440653302e-05
FB75594B7418248E661D69048B6BA310E761674E088CCCB082FE3F06654B0B43,benign2017/FB75594B7418248E661D69048B6BA310E761674E088CCCB082FE3F06654B0B43.apk.logcat,False,1009,109,2,2,0.10802775024777007,0.0019782393669634025
FB81F79B5341C91480264B3F68C216D6DC8EAABE067D43D7996221D96C0CF631,benign2017/FB81F79B5341C91480264B3F68C216D6DC8EAABE067D43D7996221D96C0CF631.apk.logcat,False,4616,176,3,2,0.038128249566724434,0.00043308791684711995
FB9D9A93CFBAAA35E219200BFB266AA471442AFB07746B6942601B9D20AB5587,benign2017/FB9D9A93CFBAAA35E219200BFB266AA471442AFB07746B6942601B9D20AB5587.apk.logcat,False,800107,5123,6,2,0.006402893612979264,2.4990878329409764e-06
FC0D032B82D180B2145313DA1E263E262EC86F94079A6B748A98549988856573,benign2017/FC0D032B82D180B2145313DA1E263E262EC86F94079A6B748A98549988856573.apk.logcat,False,1095,14,1,2,0.012785388127853882,0.0018231540565177757
FC11091BCE513D159876448FF0E860D0DF1F5BE584CAA672ABBC8E44E12EC817,benign2017/FC11091BCE513D159876448FF0E860D0DF1F5BE584CAA672ABBC8E44E12EC817.apk.logcat,False,1243905,104927,9,2,0.08435290476362745,1.607561971514002e-06
FC57539D2E25B6EB3401698FA74AC5008095091812931153FBD775CC2738833D,benign2017/FC57539D2E25B6EB3401698FA74AC5008095091812931153FBD775CC2738833D.apk.logcat,False,25168,3571,4,2,0.14188652256834075,7.945967421533571e-05
FCF7516A957A79CDDB078E913D1CB62CCA25ED13E754FF6F0B462B2DA9570070,benign2017/FCF7516A957A79CDDB078E913D1CB62CCA25ED13E754FF6F0B462B2DA9570070.apk.logcat,False,779,149,4,2,0.19127086007702182,0.002560819462227913
FD6D9B60A0DCCD85EE0DC0F60242FE6005003FCA1F93650E6CE4D1822B57FB51,benign2017/FD6D9B60A0DCCD85EE0DC0F60242FE6005003FCA1F93650E6CE4D1822B57FB51.apk.logcat,False,229854,9991,9,2,0.04346672235419005,8.683646089319984e-06
FD8A5FDDEA1F88BE50855D9EF3F094D5487E42F22193F48EEB2708D2482106C0,benign2017/FD8A5FDDEA1F88BE50855D9EF3F094D5487E42F22193F48EEB2708D2482106C0.apk.logcat,False,831,10,1,2,0.012033694344163659,0.0024009603841536613
FDC5401D6FCB3389B9AE1EA0517E59107ABF7B04D7103101A3248089F76FEF6F,benign2017/FDC5401D6FCB3389B9AE1EA0517E59107ABF7B04D7103101A3248089F76FEF6F.apk.logcat,True,0,0,0,2,0.0,1.0
FE2F8B2D804E0548BE6F9F2D7C44FD87A057CA557C1B883B9D42E4BBC7E7720B,benign2017/FE2F8B2D804E0548BE6F9F2D7C44FD87A057CA557C1B883B9D42E4BBC7E7720B.apk.logcat,False,2604,72,3,2,0.027649769585253458,0.0007674597083653108
FE43624B220FC4E505C7847D9622B04E8D36D22BA4DC7903E3F252A13AEE406C,benign2017/FE43624B220FC4E505C7847D9622B04E8D36D22BA4DC7903E3F252A13AEE406C.apk.logcat,False,434,12,3,2,0.027649769585253458,0.0045871559633027525
FE61FF6D2C426838C79EAE0F5A694F50621BF893E25C6B1CD8C84E1165E94890,benign2017/FE61FF6D2C426838C79EAE0F5A694F50621BF893E25C6B1CD8C84E1165E94890.apk.logcat,False,104009,2022,9,2,0.019440625330500245,1.905034052483688e-05
FF03C4172F803A41382368671E479782A7421D236BA7406F11B646217A62EF11,benign2017/FF03C4172F803A41382368671E479782A7421D236BA7406F11B646217A62EF11.apk.logcat,False,1027,24,4,2,0.023369036027263874,0.001937984496124031
FF7FCD33CE58C8D1171E694553F3687CE79CA4C3CDFFFDAA3AF05E7EAFA4EA96,benign2017/FF7FCD33CE58C8D1171E694553F3687CE79CA4C3CDFFFDAA3AF05E7EAFA4EA96.apk.logcat,False,75974,194,5,2,0.0025535051464974858,2.6065424214779097e-05
FF92AB467B0705617D496ED5681804B0546F849F67538A35A30EFCF951FEC5B5,benign2017/FF92AB467B0705617D496ED5681804B0546F849F67538A35A30EFCF951FEC5B5.apk.logcat,False,1077,6,2,2,0.005571030640668524,0.0017985611510791368
fm.player,benign2017/fm.player.apk.logcat,False,10165,469,6,2,0.046138711264141666,0.0001967148618078096
forderror.forddtc.elm327.fordtroublecode.oht.fordscan.fordsysscan,benign2017/forderror.forddtc.elm327.fordtroublecode.oht.fordscan.fordsysscan.apk.logcat,False,369098,2682,10,2,0.00726636286297948,5.40308353977615e-06
frases_indirectas_mujeres.frasesparamujeresindirectas,benign2017/frases_indirectas_mujeres.frasesparamujeresindirectas.apk.logcat,False,1014,4,2,2,0.0039447731755424065,0.0019569471624266144
free.driving.uber.uberpop.mytaxi.uberx.ride.taxi.driver.lyft.promo.coupons.tips,benign2017/free.driving.uber.uberpop.mytaxi.uberx.ride.taxi.driver.lyft.promo.coupons.tips.apk.logcat,False,103262,961,7,2,0.009306424434932502,1.9233543299514353e-05
free.karma.report.score.insurance.credit.mornitor.karma.finance.tips,benign2017/free.karma.report.score.insurance.credit.mornitor.karma.finance.tips.apk.logcat,False,1276,4,3,2,0.003134796238244514,0.001549186676994578
freelegal.music.download,benign2017/freelegal.music.download.apk.logcat,False,138613,92,5,2,0.0006637184102501209,1.4416804227007e-05
free.snapchat.tips,benign2017/free.snapchat.tips.apk.logcat,False,165218,1176,7,2,0.007117868513116004,1.2074523961892803e-05
free.uber.coupons.free.rides.passenger.discount.promo.code.credit.tips,benign2017/free.uber.coupons.free.rides.passenger.discount.promo.code.credit.tips.apk.logcat,False,8,0,0,2,0.0,0.2
free.ubereats.uber.eats.food.delivery.promo.coupons.deals.tips,benign2017/free.ubereats.uber.eats.food.delivery.promo.coupons.deals.tips.apk.logcat,False,133237,1359,7,2,0.010199869405645578,1.4929049691341898e-05
free.vpn.unblock.proxy.turbovpn,benign2017/free.vpn.unblock.proxy.turbovpn.apk.logcat,False,1115,0,0,2,0.0,0.0017905102954341987
fr.recettetek,benign2017/fr.recettetek.apk.logcat,False,52266,1942,6,2,0.03715608617456855,3.826432999158185e-05
ginlemon.smartlauncher.extratool,benign2017/ginlemon.smartlauncher.extratool.apk.logcat,False,1191,31,5,2,0.026028547439126783,0.0016764459346186086
ginlemon.smartlauncher.notifier,benign2017/ginlemon.smartlauncher.notifier.apk.logcat,False,1634,29,4,2,0.017747858017135864,0.0011827321111768185
globus.magpakaleido,benign2017/globus.magpakaleido.apk.logcat,False,4202,121,2,2,0.028795811518324606,0.0004757373929590866
gov.caltrans.quickmap,benign2017/gov.caltrans.quickmap.apk.logcat,False,164921,1438,4,2,0.008719326222858217,1.2126871327831776e-05
gov.fema.mobile.android,benign2017/gov.fema.mobile.android.apk.logcat,False,161490,4319,8,2,0.026744690073688772,1.2344993179391269e-05
gov.honolulu.dabus2,benign2017/gov.honolulu.dabus2.apk.logcat,False,988,103,4,2,0.10425101214574899,0.00202020202020202
gov.irs,benign2017/gov.irs.apk.logcat,False,2038,90,3,2,0.04416094210009813,0.000980392156862745
gov.miamidade.MDTTracker,benign2017/gov.miamidade.MDTTracker.apk.logcat,False,145063,1047,5,2,0.007217553752507531,1.375563121152722e-05
gov.nasa,benign2017/gov.nasa.apk.logcat,False,326,1,1,2,0.003067484662576687,0.006097560975609756
gov.nih.nlm.sis.lactmed,benign2017/gov.nih.nlm.sis.lactmed.apk.logcat,False,1128,20,1,2,0.01773049645390071,0.0017699115044247787
gov.ornl.fe.fac,benign2017/gov.ornl.fe.fac.apk.logcat,False,63525,1308,6,2,0.020590318772136955,3.126270047206678e-05
graffiti.art.fashion.culture,benign2017/graffiti.art.fashion.culture.apk.logcat,False,1028,20,4,2,0.019455252918287938,0.001941747572815534
guide.com.forfreedatingchatmeetnewpeople.taggedmeetchatanddateguidetipsnewapps,benign2017/guide.com.forfreedatingchatmeetnewpeople.taggedmeetchatanddateguidetipsnewapps.apk.logcat,False,300975,1684,12,2,0.005595149098762356,6.6124227586366505e-06
hairstyles.haircut.hairstyleapp,benign2017/hairstyles.haircut.hairstyleapp.apk.logcat,False,81311,2487,10,2,0.030586267540677153,2.4129527302560142e-05
hologram.neon.cool.panda.keyboard.theme,benign2017/hologram.neon.cool.panda.keyboard.theme.apk.logcat,False,8491,551,9,2,0.0648922388411259,0.00022815423226100844
horhomun.oliviadrive,benign2017/horhomun.oliviadrive.apk.logcat,False,949,66,6,2,0.06954689146469968,0.0020060180541624875
horoscope.astrology.zodiac.daily.free,benign2017/horoscope.astrology.zodiac.daily.free.apk.logcat,False,24500,958,9,2,0.03910204081632653,8.110957904128478e-05
horoscope.astrology.zodiac.daily.professional.free,benign2017/horoscope.astrology.zodiac.daily.professional.free.apk.logcat,False,1320,54,8,2,0.04090909090909091,0.0015003750937734434
hotspotshield.android.vpn,benign2017/hotspotshield.android.vpn.apk.logcat,False,824,46,7,2,0.055825242718446605,0.0023894862604540022
howtodraw.learntodraw.glow.joy,benign2017/howtodraw.learntodraw.glow.joy.apk.logcat,False,20,0,0,2,0.0,0.09090909090909091
hr.palamida,benign2017/hr.palamida.apk.logcat,False,522066,2751,10,2,0.005269448690395467,3.816779325269751e-06
hr.podlanica,benign2017/hr.podlanica.apk.logcat,False,262263,1498,6,2,0.00571182362742743,7.609278754513254e-06
imoblife.toolbox.full,benign2017/imoblife.toolbox.full.apk.logcat,False,464,6,1,2,0.01293103448275862,0.004291845493562232
inaka.com.elixirchallenge,benign2017/inaka.com.elixirchallenge.apk.logcat,False,36703,213,4,2,0.005803340326403836,5.4099380562092566e-05
inc.idkfih,benign2017/inc.idkfih.apk.logcat,False,956,1,1,2,0.0010460251046025104,0.0020876826722338203
info.datingadvice.freelesbiandatechatapp,benign2017/info.datingadvice.freelesbiandatechatapp.apk.logcat,False,124081,2602,7,2,0.02097017270976217,1.6062708815214598e-05
in.india.asia.south.video.chat.dating.girls,benign2017/in.india.asia.south.video.chat.dating.girls.apk.logcat,False,996,31,3,2,0.03112449799196787,0.002004008016032064
innmov.babymanager,benign2017/innmov.babymanager.apk.logcat,False,567888,4501,10,2,0.00792585862000958,3.516347499525293e-06
inshot.photoeditor.selfiecamera,benign2017/inshot.photoeditor.selfiecamera.apk.logcat,False,3950,205,5,2,0.05189873417721519,0.0005060728744939271
interracial.dating2,benign2017/interracial.dating2.apk.logcat,False,521,22,5,2,0.04222648752399232,0.0038240917782026767
interracial.dating3,benign2017/interracial.dating3.apk.logcat,False,1145,136,3,2,0.11877729257641921,0.0013123359580052493
io.liki.stll,benign2017/io.liki.stll.apk.logcat,False,96,13,3,2,0.13541666666666666,0.014598540145985401
io.localactivities.www,benign2017/io.localactivities.www.apk.logcat,False,105836,5732,9,2,0.05415926527835519,1.8676752112807583e-05
io.mrarm.mctoolbox,benign2017/io.mrarm.mctoolbox.apk.logcat,False,1097,11,3,2,0.010027347310847767,0.0018018018018018018
io.white.likespro,benign2017/io.white.likespro.apk.logcat,False,157967,1943,4,2,0.012300037349573013,1.2638709840499482e-05
it.lrx.dogtitaniumwhistle,benign2017/it.lrx.dogtitaniumwhistle.apk.logcat,False,667,8,1,2,0.01199400299850075,0.0029895366218236174
its.myapps.haircolorchanger,benign2017/its.myapps.haircolorchanger.apk.logcat,False,134385,16783,9,2,0.1248874502362615,1.484351227187377e-05
izakuiki.newcandycrushsagatips,benign2017/izakuiki.newcandycrushsagatips.apk.logcat,False,914,86,9,2,0.09409190371991247,0.002036659877800407
joelosteen.android.phone.JOMApp,benign2017/joelosteen.android.phone.JOMApp.apk.logcat,False,1566,45,2,2,0.028735632183908046,0.0012755102040816326
jp.Appsys.PanecalST,benign2017/jp.Appsys.PanecalST.apk.logcat,False,24890,469,6,2,0.018842908798714343,8.034709946970914e-05
jp.co.a_tm.android.plus_colorful_zebra,benign2017/jp.co.a_tm.android.plus_colorful_zebra.apk.logcat,False,855,14,5,2,0.016374269005847954,0.002333722287047841
jp.co.canon.bsd.ad.pixmaprint,benign2017/jp.co.canon.bsd.ad.pixmaprint.apk.logcat,False,3229,270,6,2,0.0836172189532363,0.0006190034045187249
jp.gocro.smartnews.android,benign2017/jp.gocro.smartnews.android.apk.logcat,False,1325453,10433,10,2,0.007871271180494518,1.5086653968732909e-06
jp.nagoya_studio.shakocho,benign2017/jp.nagoya_studio.shakocho.apk.logcat,False,109159,3511,8,2,0.03216409091325498,1.8275521766146423e-05
kbk.maparea.measure.geo,benign2017/kbk.maparea.measure.geo.apk.logcat,False,12134,360,5,2,0.029668699522004287,0.00016479894528675015
keyboard.theme.k820000265,benign2017/keyboard.theme.k820000265.apk.logcat,False,961,32,2,2,0.03329864724245578,0.0020768431983385254
keyboard.theme.k820000476,benign2017/keyboard.theme.k820000476.apk.logcat,False,50418,579,8,2,0.011483993811733905,3.940110323089047e-05
king.james.bible.kjv,benign2017/king.james.bible.kjv.apk.logcat,False,1450,1,1,2,0.000689655172413793,0.0013651877133105802
kr.core.technology.wifi.hotspot,benign2017/kr.core.technology.wifi.hotspot.apk.logcat,False,37324,420,5,2,0.011252813203300824,5.3581953598028186e-05
kulana.tools.vacationcountdown,benign2017/kulana.tools.vacationcountdown.apk.logcat,False,880,6,2,2,0.006818181818181818,0.0022675736961451248
learn.to.draw.glow.cartoon,benign2017/learn.to.draw.glow.cartoon.apk.logcat,False,13902,562,7,2,0.04042583800891958,0.00014282653717060629
learntodraw.howtodraw.animals,benign2017/learntodraw.howtodraw.animals.apk.logcat,False,17196,414,8,2,0.02407536636427076,0.00011548010855130203
learntodraw.howtodraw.zoo,benign2017/learntodraw.howtodraw.zoo.apk.logcat,False,16863,695,8,2,0.04121449326928779,0.0001177440244907571
lesbian.datingappsfree,benign2017/lesbian.datingappsfree.apk.logcat,False,560,30,2,2,0.05357142857142857,0.0035587188612099642
live.girlschat3,benign2017/live.girlschat3.apk.logcat,False,2298,177,3,2,0.07702349869451697,0.0007434944237918215
logger.daily.beauty.tips,benign2017/logger.daily.beauty.tips.apk.logcat,False,474,36,3,2,0.0759493670886076,0.0036101083032490976
logic.pixel.promortalkombatxtricks,benign2017/logic.pixel.promortalkombatxtricks.apk.logcat,False,747854,173695,12,2,0.23225790060626808,2.659924644334826e-06
lyft.driver.rating.ss.guide,benign2017/lyft.driver.rating.ss.guide.apk.logcat,False,157033,1966,7,2,0.012519661472429363,1.2690999543124016e-05
lyft.driver.ride.taxi.alternative.cab.high.rating.tips.guide,benign2017/lyft.driver.ride.taxi.alternative.cab.high.rating.tips.guide.apk.logcat,False,1401,2,1,2,0.0014275517487508922,0.0014255167498218105
manga.comicreader.mangareader,benign2017/manga.comicreader.mangareader.apk.logcat,False,8882,408,6,2,0.045935600090069806,0.00022512381809995497
mangatutorial.drawanime,benign2017/mangatutorial.drawanime.apk.logcat,False,3126,120,7,2,0.03838771593090211,0.0006393861892583121
marcostudios.lovetest,benign2017/marcostudios.lovetest.apk.logcat,False,15759,454,7,2,0.028808934577067073,0.00012689550155446988
max.ldw.music,benign2017/max.ldw.music.apk.logcat,False,169,3,2,2,0.01775147928994083,0.011695906432748537
mbinc12.mb32b,benign2017/mbinc12.mb32b.apk.logcat,True,0,0,0,2,0.0,1.0
media.tool.pro.volumeboosterpro,benign2017/media.tool.pro.volumeboosterpro.apk.logcat,False,21089,385,8,2,0.018255962824221157,9.365488176071178e-05
mega.privacy.android.app,benign2017/mega.privacy.android.app.apk.logcat,False,1028,30,8,2,0.029182879377431907,0.0019212295869356388
me.keepy,benign2017/me.keepy.apk.logcat,False,820126,6692,10,2,0.008159721798845544,2.438349383768152e-06
me.lwwd.mealplan,benign2017/me.lwwd.mealplan.apk.logcat,False,70117,2170,8,2,0.03094827217365261,2.8522939574152512e-05
me.tidesnear.free,benign2017/me.tidesnear.free.apk.logcat,False,1097,22,4,2,0.020054694621695533,0.0018198362147406734
me.yenisu.girlymwallpaper,benign2017/me.yenisu.girlymwallpaper.apk.logcat,False,211331,5276,8,2,0.02496557532969607,9.44309355744942e-06
mg.locations.track5,benign2017/mg.locations.track5.apk.logcat,False,1195,12,2,2,0.0100418410041841,0.001670843776106934
mmapps.mirror.free,benign2017/mmapps.mirror.free.apk.logcat,False,410968,1680,10,2,0.0040879095209359366,4.864996351252737e-06
mmapps.mobile.magnifier,benign2017/mmapps.mobile.magnifier.apk.logcat,False,152860,564,8,2,0.0036896506607353133,1.3082583810302535e-05
mng.com.englishgrammar,benign2017/mng.com.englishgrammar.apk.logcat,False,837,0,0,2,0.0,0.0023837902264600714
mobi.charmer.fotocollage,benign2017/mobi.charmer.fotocollage.apk.logcat,False,4316,216,5,2,0.05004633920296571,0.0004631773969430292
mobi.firedepartment,benign2017/mobi.firedepartment.apk.logcat,False,5382,174,5,2,0.032329988851727984,0.0003714710252600297
mobi.infolife.ezweather,benign2017/mobi.infolife.ezweather.apk.logcat,False,32627,1621,7,2,0.04968277806724492,6.129516687609182e-05
mobi.infolife.ezweather.locker.crystal_ball,benign2017/mobi.infolife.ezweather.locker.crystal_ball.apk.logcat,False,789,130,3,2,0.16476552598225602,0.0025284450063211127
mobi.infolife.ezweather.widget.ace,benign2017/mobi.infolife.ezweather.widget.ace.apk.logcat,False,12402,646,6,2,0.05208837284308982,0.00016123831022250886
mobi.infolife.ezweather.widget.alpha,benign2017/mobi.infolife.ezweather.widget.alpha.apk.logcat,False,11402,466,6,2,0.04087002280301701,0.00017537706068046299
mobi.infolife.ezweather.widget.amity,benign2017/mobi.infolife.ezweather.widget.amity.apk.logcat,False,879,35,6,2,0.03981797497155859,0.0022701475595913734
mobi.infolife.ezweather.widget.apple_widget,benign2017/mobi.infolife.ezweather.widget.apple_widget.apk.logcat,False,9482,391,6,2,0.04123602615481966,0.00021088148460565162
mobi.infolife.ezweather.widget.clockandweather,benign2017/mobi.infolife.ezweather.widget.clockandweather.apk.logcat,False,9587,270,6,2,0.028163137582142485,0.00019920318725099602
mobi.infolife.ezweather.widget.cloud,benign2017/mobi.infolife.ezweather.widget.cloud.apk.logcat,False,12183,485,6,2,0.03980957071328901,0.0001636929120969062
mobi.infolife.ezweather.widget.dailyhourly,benign2017/mobi.infolife.ezweather.widget.dailyhourly.apk.logcat,False,899,38,6,2,0.042269187986651836,0.0022197558268590455
mobi.infolife.ezweather.widget.dawn,benign2017/mobi.infolife.ezweather.widget.dawn.apk.logcat,False,11153,464,6,2,0.041603156101497354,0.00017929179740026893
mobi.infolife.ezweather.widget.figures,benign2017/mobi.infolife.ezweather.widget.figures.apk.logcat,False,10058,411,6,2,0.04086299463113939,0.00019880715705765408
mobi.infolife.ezweather.widget.gcolour,benign2017/mobi.infolife.ezweather.widget.gcolour.apk.logcat,False,123,6,3,2,0.04878048780487805,0.016
mobi.infolife.ezweather.widget.giant_ic,benign2017/mobi.infolife.ezweather.widget.giant_ic.apk.logcat,False,8882,362,6,2,0.04075658635442468,0.00022512381809995497
mobi.infolife.ezweather.widget.green,benign2017/mobi.infolife.ezweather.widget.green.apk.logcat,False,9786,406,6,2,0.04148783977110158,0.0002043318348998774
mobi.infolife.ezweather.widget.histogram,benign2017/mobi.infolife.ezweather.widget.histogram.apk.logcat,False,898,38,6,2,0.042316258351893093,0.0022222222222222222
mobi.infolife.ezweather.widget.maple,benign2017/mobi.infolife.ezweather.widget.maple.apk.logcat,False,11514,467,6,2,0.040559319089803716,0.0001736714136853074
mobi.infolife.ezweather.widget.neon,benign2017/mobi.infolife.ezweather.widget.neon.apk.logcat,False,1065,43,6,2,0.04037558685446009,0.0018744142455482662
mobi.infolife.ezweather.widget.oxygen,benign2017/mobi.infolife.ezweather.widget.oxygen.apk.logcat,False,10613,429,6,2,0.04042212381042118,0.00018841262364578426
mobi.infolife.ezweather.widget.rainy,benign2017/mobi.infolife.ezweather.widget.rainy.apk.logcat,False,890,35,6,2,0.03932584269662921,0.002242152466367713
mobi.infolife.ezweather.widget.ripple2,benign2017/mobi.infolife.ezweather.widget.ripple2.apk.logcat,False,10092,415,6,2,0.04112168053904083,0.00019813750743015652
mobi.infolife.ezweather.widget.storm,benign2017/mobi.infolife.ezweather.widget.storm.apk.logcat,False,782,34,6,2,0.043478260869565216,0.002551020408163265
mobi.infolife.ezweather.widget.sunnybeams,benign2017/mobi.infolife.ezweather.widget.sunnybeams.apk.logcat,False,9207,373,6,2,0.04051265341587922,0.0002171788467803236
mobi.infolife.ezweather.widget.thunder,benign2017/mobi.infolife.ezweather.widget.thunder.apk.logcat,False,902,38,6,2,0.04212860310421286,0.0022123893805309734
mobi.infolife.ezweather.widget.transparentweather,benign2017/mobi.infolife.ezweather.widget.transparentweather.apk.logcat,False,8619,360,6,2,0.041768186564566656,0.00023199164830066117
mobi.infolife.ezweather.widget.transparentwidget,benign2017/mobi.infolife.ezweather.widget.transparentwidget.apk.logcat,False,9833,413,6,2,0.04200142377707719,0.00020335536349771224
mobi.infolife.ezweather.widget.water_drop,benign2017/mobi.infolife.ezweather.widget.water_drop.apk.logcat,False,8029,331,6,2,0.04122555735458961,0.00024903498941601296
mobi.infolife.ezweather.widget.weathertv,benign2017/mobi.infolife.ezweather.widget.weathertv.apk.logcat,False,9790,406,6,2,0.0414708886618999,0.0002042483660130719
mobi.infolife.ezweather.widget.zeus,benign2017/mobi.infolife.ezweather.widget.zeus.apk.logcat,False,10636,441,6,2,0.04146295599849568,0.00018800526414739614
mobi.infolife.taskmanager,benign2017/mobi.infolife.taskmanager.apk.logcat,False,33492,1753,11,2,0.0523408575182133,5.971218725741924e-05
mobile.eaudiologia,benign2017/mobile.eaudiologia.apk.logcat,False,163140,232,9,2,0.0014220914551918598,1.2255127238858557e-05
mobi.pdf417,benign2017/mobi.pdf417.apk.logcat,False,971,0,0,2,0.0,0.0020554984583761563
modluckyblock.luckyblocksmodmcpe,benign2017/modluckyblock.luckyblocksmodmcpe.apk.logcat,False,203641,1035,2,2,0.005082473568682142,9.821108508517357e-06
momdad.cute.puppy.lock.screen1,benign2017/momdad.cute.puppy.lock.screen1.apk.logcat,False,101028,3606,10,2,0.03569307518707685,1.9680390458946705e-05
monitoryourweight.bustan.net,benign2017/monitoryourweight.bustan.net.apk.logcat,False,2045,12,3,2,0.0058679706601467,0.0009615384615384616
mp3.music.download.player.music.search,benign2017/mp3.music.download.player.music.search.apk.logcat,False,292,0,0,2,0.0,0.006802721088435374
mp3player.musicplayer.playsong,benign2017/mp3player.musicplayer.playsong.apk.logcat,False,60504,3088,8,2,0.05103794790427079,3.254678600488202e-05
mrigapps.andriod.fuelcons,benign2017/mrigapps.andriod.fuelcons.apk.logcat,False,48222,977,8,2,0.02026046202977894,4.146366746138696e-05
music.bassbooster.equalizer,benign2017/music.bassbooster.equalizer.apk.logcat,False,979,18,5,2,0.018386108273748723,0.0020387359836901123
music.equalizer.volumebooster,benign2017/music.equalizer.volumebooster.apk.logcat,False,67032,2012,8,2,0.030015514977920994,2.972828348891135e-05
neondeveloper.com.earamplifier,benign2017/neondeveloper.com.earamplifier.apk.logcat,False,186500,1143,5,2,0.006128686327077748,1.0708587216088581e-05
net.app.guidekonihfgui,benign2017/net.app.guidekonihfgui.apk.logcat,False,964,2,1,2,0.002074688796680498,0.002070393374741201
net.app.guideteeken3game,benign2017/net.app.guideteeken3game.apk.logcat,False,109636,22472,10,2,0.20496917071035062,1.8168934755355293e-05
net.atlassc.playofthegamememe,benign2017/net.atlassc.playofthegamememe.apk.logcat,False,145514,391,6,2,0.0026870266778454307,1.3707925236975758e-05
net.babygender.predictor,benign2017/net.babygender.predictor.apk.logcat,False,777,0,0,2,0.0,0.0025673940949935813
net.cloudmusicplayer.freemusic,benign2017/net.cloudmusicplayer.freemusic.apk.logcat,False,261694,25797,12,2,0.09857696393497749,7.6235200841636615e-06
net.cm3d.dmv.ca.free,benign2017/net.cm3d.dmv.ca.free.apk.logcat,False,1315,7,1,2,0.00532319391634981,0.0015186028853454822
net.daylio,benign2017/net.daylio.apk.logcat,False,99533,1221,8,2,0.012267288236062412,1.998301443772793e-05
net.flixster.android,benign2017/net.flixster.android.apk.logcat,False,86454,9063,10,2,0.10483031438684155,2.3065656390916745e-05
net.gtl.mobile_app,benign2017/net.gtl.mobile_app.apk.logcat,False,4777,50,3,2,0.010466820180029307,0.0004184975936388366
net.konos.mbtatracker,benign2017/net.konos.mbtatracker.apk.logcat,False,4671,110,2,2,0.023549561121815457,0.00042799058420714745
net.linktomedia.trucosdebelleza,benign2017/net.linktomedia.trucosdebelleza.apk.logcat,False,567,15,2,2,0.026455026455026454,0.0035149384885764497
net.mercy.mymercy,benign2017/net.mercy.mymercy.apk.logcat,False,85709,392,7,2,0.0045736153729479985,2.316101537891421e-05
net.mypapit.mobile.speedmeter,benign2017/net.mypapit.mobile.speedmeter.apk.logcat,False,1180,10,3,2,0.00847457627118644,0.0016611295681063123
net.relaxio.relaxio,benign2017/net.relaxio.relaxio.apk.logcat,False,289797,2089,8,2,0.007208494221817341,6.872356290439521e-06
net.ridedata.rideplanfree,benign2017/net.ridedata.rideplanfree.apk.logcat,False,1335,14,4,2,0.010486891385767791,0.001455604075691412
net.slideshare.mobile,benign2017/net.slideshare.mobile.apk.logcat,False,2836,9,3,11,0.003173483779971791,0.0038287504350852765
net.sourceforge.opencamera,benign2017/net.sourceforge.opencamera.apk.logcat,False,216,0,0,2,0.0,0.009174311926605505
net.zedge.android,benign2017/net.zedge.android.apk.logcat,False,5346,99,5,2,0.018518518518518517,0.00037397157816005983
nextapp.fx,benign2017/nextapp.fx.apk.logcat,False,1158,14,4,2,0.012089810017271158,0.0017241379310344827
ninetailsdevelopments.com.yaoi_manga,benign2017/ninetailsdevelopments.com.yaoi_manga.apk.logcat,False,69797,1084,8,2,0.015530753470779547,2.850545879535931e-05
nl.martijnvandesande.securitytaser,benign2017/nl.martijnvandesande.securitytaser.apk.logcat,False,1082,20,4,2,0.018484288354898338,0.0018264840182648401
nl.tirato.RoomEasy,benign2017/nl.tirato.RoomEasy.apk.logcat,False,12983,565,8,2,0.04351844720018486,0.0001538935056940597
no.mobitroll.kahoot.android,benign2017/no.mobitroll.kahoot.android.apk.logcat,True,0,0,0,2,0.0,1.0
nsa.dating,benign2017/nsa.dating.apk.logcat,False,1149,139,3,2,0.12097476066144473,0.0012978585334198572
nu.tommie.inbrowser,benign2017/nu.tommie.inbrowser.apk.logcat,False,9521,390,7,13,0.040962083814725346,0.0013616842987325861
obdhightech.oht.vinnumber.vin17digit.vindecode.autovin.vincar.vindecodethis.autovindecode,benign2017/obdhightech.oht.vinnumber.vin17digit.vindecode.autovin.vincar.vindecodethis.autovindecode.apk.logcat,False,134524,704,10,2,0.005233266926347715,1.4780327384251562e-05
oht.lightsymbols.guidewarrninglight.lightdiagnostics.light.dashboard.dashboardwarninglights,benign2017/oht.lightsymbols.guidewarrninglight.lightdiagnostics.light.dashboard.dashboardwarninglights.apk.logcat,False,1239,11,3,2,0.00887812752219532,0.0016116035455278
org.familysearch.mobile,benign2017/org.familysearch.mobile.apk.logcat,False,30435,1593,8,2,0.05234105470675209,6.570949830798041e-05
org.joloapps.guidefordragoncity,benign2017/org.joloapps.guidefordragoncity.apk.logcat,False,1031,46,8,2,0.0446168768186227,0.001936108422071636
org.kde.necessitas.ministro,benign2017/org.kde.necessitas.ministro.apk.logcat,False,774,38,7,2,0.04909560723514212,0.002577319587628866
org.khanacademy.android,benign2017/org.khanacademy.android.apk.logcat,False,45140,342,6,2,0.0075764288879042975,4.430463869567144e-05
org.kill.geek.bdviewer,benign2017/org.kill.geek.bdviewer.apk.logcat,False,20108,1383,5,2,0.06877859558384722,9.945300845350572e-05
org.malwarebytes.antimalware,benign2017/org.malwarebytes.antimalware.apk.logcat,False,351,23,4,2,0.06552706552706553,0.0056657223796034
org.me.mobiexpensifyg,benign2017/org.me.mobiexpensifyg.apk.logcat,False,6129,101,5,2,0.016479034100179476,0.00032621105855488503
org.mrchops.android.digihud,benign2017/org.mrchops.android.digihud.apk.logcat,False,976,14,3,2,0.014344262295081968,0.002044989775051125
org.myklos.btautoconnect,benign2017/org.myklos.btautoconnect.apk.logcat,False,67266,702,4,2,0.010436178753010436,2.9731818992685973e-05
org.npr.android.news,benign2017/org.npr.android.news.apk.logcat,False,731,6,1,2,0.008207934336525308,0.002728512960436562
org.npr.one,benign2017/org.npr.one.apk.logcat,False,204792,3831,10,2,0.01870678542130552,9.716284492809949e-06
org.opencv.engine,benign2017/org.opencv.engine.apk.logcat,False,1729,85,2,2,0.049161364950838636,0.0010136847440446021
org.pbskids.video,benign2017/org.pbskids.video.apk.logcat,False,498,36,1,2,0.07228915662650602,0.003278688524590164
org.plantnet,benign2017/org.plantnet.apk.logcat,False,12,0,0,2,0.0,0.14285714285714285
org.stopbreathethink.app,benign2017/org.stopbreathethink.app.apk.logcat,False,5850,117,4,2,0.02,0.0003313452617627568
org.telegram.messenger,benign2017/org.telegram.messenger.apk.logcat,False,14179,490,6,2,0.0345581493758375,0.00014068655036578504
org.tla.gd.annualconf2017,benign2017/org.tla.gd.annualconf2017.apk.logcat,False,534145,3949,9,2,0.0073931235900364135,3.7237498906148468e-06
org.torproject.android,benign2017/org.torproject.android.apk.logcat,False,584432,3070,9,2,0.0052529635612013036,3.4061975764904242e-06
org.wikipedia,benign2017/org.wikipedia.apk.logcat,False,387211,32870,10,2,0.08488911730296918,5.165115840635516e-06
org.zwanoo.android.speedtest,benign2017/org.zwanoo.android.speedtest.apk.logcat,False,579770,3917,8,2,0.0067561274298428686,3.44963192427368e-06
ovulationcalculator.com.ovulationcalculator,benign2017/ovulationcalculator.com.ovulationcalculator.apk.logcat,False,8736,344,6,2,0.039377289377289376,0.00022888532845044633
pakistaneagles.logomaker3d,benign2017/pakistaneagles.logomaker3d.apk.logcat,False,735,26,6,2,0.03537414965986395,0.0027137042062415195
pakistaneagles.pelogomakerfree,benign2017/pakistaneagles.pelogomakerfree.apk.logcat,False,917,92,5,2,0.10032715376226826,0.002176278563656148
pandamonium.noaaweather,benign2017/pandamonium.noaaweather.apk.logcat,False,4575,108,4,2,0.02360655737704918,0.00043696744592527855
paperz.fr.makeup.samples.app,benign2017/paperz.fr.makeup.samples.app.apk.logcat,False,227,5,2,2,0.022026431718061675,0.008733624454148471
pdf.reader,benign2017/pdf.reader.apk.logcat,False,121264,3819,12,2,0.03149327088006333,1.639545845800713e-05
pink.panda.love.rose,benign2017/pink.panda.love.rose.apk.logcat,False,1376,65,8,2,0.047238372093023256,0.0014398848092152627
pixelate.color.splash.effect,benign2017/pixelate.color.splash.effect.apk.logcat,False,38495,1865,8,2,0.048447850370177944,5.193725979017347e-05
pl.nenter.app.flashlight,benign2017/pl.nenter.app.flashlight.apk.logcat,False,5824,306,4,2,0.05254120879120879,0.00034328870580157915
pl.nenter.app.flashlightgalaxys5,benign2017/pl.nenter.app.flashlightgalaxys5.apk.logcat,False,4575,143,2,2,0.0312568306010929,0.00043696744592527855
pl.nenter.app.flashlightgalaxys,benign2017/pl.nenter.app.flashlightgalaxys.apk.logcat,False,726,22,2,2,0.030303030303030304,0.0027472527472527475
position.apps,benign2017/position.apps.apk.logcat,False,274347,4841,10,2,0.017645536492106713,7.268419082507459e-06
potty.training.guide,benign2017/potty.training.guide.apk.logcat,False,1180,20,5,2,0.01694915254237288,0.001692047377326565
prank.agescanner.fake,benign2017/prank.agescanner.fake.apk.logcat,False,115969,3678,11,2,0.03171537221153929,1.720489307158956e-05
pr.baby.myBabyWidget,benign2017/pr.baby.myBabyWidget.apk.logcat,False,115240,1193,11,2,0.010352308226310308,1.7321716235644628e-05
ps.orderapp,benign2017/ps.orderapp.apk.logcat,False,106637,3740,6,2,0.03507225447077469,1.873167807738056e-05
pt.jmdev.vibrador_digital,benign2017/pt.jmdev.vibrador_digital.apk.logcat,False,826,0,0,2,0.0,0.0024154589371980675
qlocker.voice,benign2017/qlocker.voice.apk.logcat,False,4328,55,2,2,0.012707948243992606,0.00046189376443418013
rah.fakegps.withjoystick,benign2017/rah.fakegps.withjoystick.apk.logcat,False,386,5,2,2,0.012953367875647668,0.005154639175257732
random.video.chat.free.chatroulette.gay.lesbian,benign2017/random.video.chat.free.chatroulette.gay.lesbian.apk.logcat,False,536607,4372,8,2,0.008147489689847505,3.7251231618845398e-06
ringtonesforiphone2017.phonenotifications.iphone2017tones,benign2017/ringtonesforiphone2017.phonenotifications.iphone2017tones.apk.logcat,False,153260,1106,6,2,0.007216494845360825,1.3019646646790005e-05
roblox.guideforroblox,benign2017/roblox.guideforroblox.apk.logcat,False,869,29,1,2,0.0333716915995397,0.002296211251435132
ru.aviasales.blank,benign2017/ru.aviasales.blank.apk.logcat,False,109538,420,6,2,0.0038342858186200222,1.8258170531312762e-05
rubicoin.rubicoinlearn,benign2017/rubicoin.rubicoinlearn.apk.logcat,False,16279,509,6,2,0.03126727685975797,0.00012284257723727045
ru.chocoapp.app,benign2017/ru.chocoapp.app.apk.logcat,False,67941,520,8,2,0.0076536995334187015,2.943643936829401e-05
ru.kidcontrol.gpstracker,benign2017/ru.kidcontrol.gpstracker.apk.logcat,False,1192,16,5,2,0.013422818791946308,0.0016750418760469012
ru.mail.horo.android,benign2017/ru.mail.horo.android.apk.logcat,False,27419,940,9,2,0.03428279660089719,7.238508867173362e-05
ru.zed.kiosk,benign2017/ru.zed.kiosk.apk.logcat,False,9170,558,8,2,0.06085059978189749,0.00021779374931939454
seeso.com,benign2017/seeso.com.apk.logcat,False,1423080,13141,12,2,0.009234196250386486,1.4015377672382138e-06
share.enjoy.diypalletprojects,benign2017/share.enjoy.diypalletprojects.apk.logcat,False,1001,0,0,2,0.0,0.0019940179461615153
sh.whisper,benign2017/sh.whisper.apk.logcat,False,684040,5576,10,2,0.008151570083620841,2.9234209872392676e-06
sk.forbis.messenger,benign2017/sk.forbis.messenger.apk.logcat,False,305210,3890,9,2,0.012745322892434716,6.547159187628488e-06
sk.halmi.ccalc,benign2017/sk.halmi.ccalc.apk.logcat,False,1129,12,1,2,0.010628875110717449,0.0017683465959328027
skull.tattoo.keyboard.theme,benign2017/skull.tattoo.keyboard.theme.apk.logcat,False,35123,555,8,2,0.015801611479657203,5.6626744811574506e-05
sneakercrush.mobile.sc,benign2017/sneakercrush.mobile.sc.apk.logcat,False,661,53,4,2,0.08018154311649017,0.0030165912518853697
softmint.babyapp,benign2017/softmint.babyapp.apk.logcat,False,207388,712,5,2,0.00343317839026366,9.60674777964042e-06
spapps.com.earthquake,benign2017/spapps.com.earthquake.apk.logcat,False,59,0,0,2,0.0,0.03278688524590164
spinninghead.carhome,benign2017/spinninghead.carhome.apk.logcat,False,11769,864,6,2,0.07341320418047413,0.00016990909863223177
tarot.fortuneteller.reading,benign2017/tarot.fortuneteller.reading.apk.logcat,False,556,40,5,2,0.07194244604316546,0.0035842293906810036
teen.chatrooms,benign2017/teen.chatrooms.apk.logcat,False,1551,175,3,2,0.11283043197936815,0.0009896091044037606
teen.outfit.ideas,benign2017/teen.outfit.ideas.apk.logcat,False,368,40,3,2,0.10869565217391304,0.004219409282700422
tenmb.asl.americansignlanguagepro,benign2017/tenmb.asl.americansignlanguagepro.apk.logcat,False,63466,377,2,2,0.00594018844735764,3.151194302640701e-05
theme.skull.flower,benign2017/theme.skull.flower.apk.logcat,False,39685,1058,9,2,0.026659947083280837,5.006132512327601e-05
tikamori.com.boyorgirl,benign2017/tikamori.com.boyorgirl.apk.logcat,False,19392,482,9,2,0.024855610561056105,0.00010312467773538208
tipslyfttaxiapp.lyftalternativetaxiapp.lyftdriverpartner,benign2017/tipslyfttaxiapp.lyftalternativetaxiapp.lyftdriverpartner.apk.logcat,False,111124,907,7,2,0.008162053201828588,1.7838667094794678e-05
tipssupermariorun.newfreetipsmario,benign2017/tipssupermariorun.newfreetipsmario.apk.logcat,False,1302,13,2,2,0.009984639016897081,0.0015337423312883436
tk.alexapp.freestuffandcoupons,benign2017/tk.alexapp.freestuffandcoupons.apk.logcat,False,592852,4265,8,2,0.007194038309729916,3.343313123005505e-06
top.free.police.scanner.apps,benign2017/top.free.police.scanner.apps.apk.logcat,False,12163,90,3,2,0.007399490257337828,0.0001635189273158368
top.haircolorchanger,benign2017/top.haircolorchanger.apk.logcat,False,655,5,2,2,0.007633587786259542,0.0030441400304414
tpmssensorreset.tpmslight.tire.pressure.monitoring.system.tpmsresetprocedurefree,benign2017/tpmssensorreset.tpmslight.tire.pressure.monitoring.system.tpmsresetprocedurefree.apk.logcat,False,89417,816,3,2,0.009125781450954516,2.2366611122915713e-05
trans.dating,benign2017/trans.dating.apk.logcat,False,434,2,1,2,0.004608294930875576,0.0045871559633027525
transparent.screen.theme.wallpaper,benign2017/transparent.screen.theme.wallpaper.apk.logcat,False,376541,5401,8,2,0.014343723525459378,5.305841997331162e-06
tv.telepathic.hooked,benign2017/tv.telepathic.hooked.apk.logcat,False,15214,628,8,2,0.0412777704745629,0.0001305909239307868
tv.twitch.android.app,benign2017/tv.twitch.android.app.apk.logcat,False,11030,533,8,2,0.04832275611967362,0.0001811102055600833
tw.mobileapp.qrcode.banner,benign2017/tw.mobileapp.qrcode.banner.apk.logcat,False,879,38,5,2,0.04323094425483504,0.0022701475595913734
ua.com.spacetv.mycookbook,benign2017/ua.com.spacetv.mycookbook.apk.logcat,False,954637,2120,8,2,0.0022207394014688306,2.0943811941323815e-06
uber.driver.rating.ss.guide,benign2017/uber.driver.rating.ss.guide.apk.logcat,False,158996,1883,7,2,0.011843065234345519,1.2530621706795983e-05
uberpromocode.ubereats.taxitips,benign2017/uberpromocode.ubereats.taxitips.apk.logcat,False,104608,859,7,2,0.008211609054756807,1.8943340468658242e-05
uk.xeeleestudios.cyanide,benign2017/uk.xeeleestudios.cyanide.apk.logcat,False,182508,4799,8,2,0.026294737764919893,1.0938525486764384e-05
us.nz.pandoraonline.com.au,benign2017/us.nz.pandoraonline.com.au.apk.logcat,False,237252,4057,7,2,0.017099961222666195,8.37349120155412e-06
us.sifitich.root.all.devices,benign2017/us.sifitich.root.all.devices.apk.logcat,False,1046,6,3,2,0.0057361376673040155,0.0018315018315018315
us.trackview,benign2017/us.trackview.apk.logcat,False,44466,1484,8,2,0.033373813700355325,4.4931703810208485e-05
us.wow.video.chat.rooms.flirt.dating.singles.girls.friends,benign2017/us.wow.video.chat.rooms.flirt.dating.singles.girls.friends.apk.logcat,False,317574,3121,9,2,0.009827630725437221,6.290732492891472e-06
virtualgs.kidspaint,benign2017/virtualgs.kidspaint.apk.logcat,False,34066,4208,4,2,0.12352492220982798,5.821738371077604e-05
voice.gpsnavigation.gpsnavigationthattalks,benign2017/voice.gpsnavigation.gpsnavigationthattalks.apk.logcat,False,952,152,4,2,0.15966386554621848,0.002072538860103627
wallpapers.emojilwp,benign2017/wallpapers.emojilwp.apk.logcat,False,2560,149,3,2,0.058203125,0.00078064012490242
webexplorer.amazing.speed,benign2017/webexplorer.amazing.speed.apk.logcat,False,76048,3885,10,2,0.05108615611192931,2.6113410541983837e-05
website.leifs.delta,benign2017/website.leifs.delta.apk.logcat,False,1265,45,8,2,0.03557312252964427,0.0015785319652722968
wp.wattpad,benign2017/wp.wattpad.apk.logcat,False,42249,1826,9,2,0.0432199578688253,4.695717505634861e-05
www.maximoapps.in.twitterlocation,benign2017/www.maximoapps.in.twitterlocation.apk.logcat,False,1082,43,6,2,0.03974121996303143,0.0018264840182648401
xdebugx.partyLightA,benign2017/xdebugx.partyLightA.apk.logcat,False,41216,1216,9,2,0.029503105590062112,4.8367593712212815e-05
xyz.markapp.renthouse,benign2017/xyz.markapp.renthouse.apk.logcat,False,1942,38,3,2,0.01956745623069001,0.00102880658436214
yamayka.apps.BeautifulHairstyle,benign2017/yamayka.apps.BeautifulHairstyle.apk.logcat,False,531440,7640,9,2,0.01437603492398013,3.7418917882313763e-06
yamayka.apps.NailsTutorial,benign2017/yamayka.apps.NailsTutorial.apk.logcat,False,600616,8603,9,2,0.01432362774218469,3.3117078808712443e-06
yuni.tvremote.controle.remote.control,benign2017/yuni.tvremote.controle.remote.control.apk.logcat,False,963,6,1,2,0.006230529595015576,0.0019398642095053346
zimgsguides.clashroyale.app,benign2017/zimgsguides.clashroyale.app.apk.logcat,False,130253,1420,7,2,0.010901860225868119,1.5281173594132028e-05
