relative_time,category,api,args_str
0,lifecycle,hook_loaded,"{""stage"": ""java_perform"", ""version"": ""3""}"
303,crypto,MessageDigest.getInstance,"{""algorithm"": ""MD5""}"
328,crypto,MessageDigest.digest,{}
346,reflection,Method.invoke,"{""class"": ""com.facebook.react.uimanager.BaseViewManager"", ""method"": ""setClick""}"
443,crypto,MessageDigest.getInstance,"{""algorithm"": ""MD5""}"
450,crypto,MessageDigest.digest,{}
462,reflection,Method.invoke,"{""class"": ""com.facebook.react.uimanager.BaseViewManager"", ""method"": ""setStartShouldSetResponder""}"
476,file_io,File.delete,"{""path"": ""/data/user/0/app.ladefuchs.android/cache/http-cache/167d487a351b7fe42e67203f5e08841a.0""}"
484,file_io,File.delete,"{""path"": ""/data/user/0/app.ladefuchs.android/cache/http-cache/167d487a351b7fe42e67203f5e08841a.1""}"
486,reflection,Method.invoke,"{""class"": ""com.facebook.react.uimanager.BaseViewManager"", ""method"": ""setResponderGrant""}"
495,reflection,Method.invoke,"{""class"": ""com.facebook.react.uimanager.BaseViewManager"", ""method"": ""setResponderTerminationRequest""}"
504,reflection,Method.invoke,"{""class"": ""com.facebook.react.uimanager.BaseViewManager"", ""method"": ""setResponderRelease""}"
514,reflection,Method.invoke,"{""class"": ""com.facebook.react.uimanager.BaseViewManager"", ""method"": ""setResponderMove""}"
525,reflection,Method.invoke,"{""class"": ""com.facebook.react.uimanager.BaseViewManager"", ""method"": ""setViewState""}"
533,reflection,Method.invoke,"{""class"": ""com.facebook.react.uimanager.BaseViewManager"", ""method"": ""setResponderTerminate""}"
541,reflection,Method.invoke,"{""class"": ""com.facebook.react.uimanager.BaseViewManager"", ""method"": ""setTransform""}"
551,reflection,Method.invoke,"{""class"": ""com.facebook.react.uimanager.BaseViewManager"", ""method"": ""setOpacity""}"
559,reflection,Method.invoke,"{""class"": ""com.facebook.react.uimanager.BaseViewManager"", ""method"": ""setOpacity""}"
569,reflection,Method.invoke,"{""class"": ""com.facebook.react.uimanager.BaseViewManager"", ""method"": ""setTransform""}"
577,reflection,Method.invoke,"{""class"": ""com.facebook.react.uimanager.BaseViewManager"", ""method"": ""setTransform""}"
584,reflection,Method.invoke,"{""class"": ""com.facebook.react.uimanager.BaseViewManager"", ""method"": ""setOpacity""}"
594,reflection,Method.invoke,"{""class"": ""com.facebook.react.uimanager.BaseViewManager"", ""method"": ""setTransform""}"
603,reflection,Method.invoke,"{""class"": ""com.facebook.react.uimanager.BaseViewManager"", ""method"": ""setOpacity""}"
621,reflection,Method.invoke,"{""class"": ""expo.modules.image.records.ImageLoadEvent"", ""method"": ""getCacheType""}"
630,reflection,Method.invoke,"{""class"": ""expo.modules.image.records.ImageLoadEvent"", ""method"": ""getSource""}"
638,reflection,Method.invoke,"{""class"": ""expo.modules.image.records.ImageSource"", ""method"": ""getHeight""}"
647,reflection,Method.invoke,"{""class"": ""expo.modules.image.records.ImageSource"", ""method"": ""isAnimated""}"
656,reflection,Method.invoke,"{""class"": ""expo.modules.image.records.ImageSource"", ""method"": ""getMediaType""}"
661,reflection,Method.invoke,"{""class"": ""expo.modules.image.records.ImageSource"", ""method"": ""getUrl""}"
669,reflection,Method.invoke,"{""class"": ""expo.modules.image.records.ImageSource"", ""method"": ""getWidth""}"
3952,reflection,Method.invoke,"{""class"": ""com.facebook.react.uimanager.BaseViewManager"", ""method"": ""setTransform""}"
3962,reflection,Method.invoke,"{""class"": ""com.facebook.react.uimanager.BaseViewManager"", ""method"": ""setOpacity""}"
3971,reflection,Method.invoke,"{""class"": ""com.facebook.react.uimanager.BaseViewManager"", ""method"": ""setImportantForAccessibility""}"
3979,reflection,Method.invoke,"{""class"": ""com.facebook.react.uimanager.BaseViewManager"", ""method"": ""setOpacity""}"
3987,reflection,Method.invoke,"{""class"": ""com.facebook.react.uimanager.BaseViewManager"", ""method"": ""setTransform""}"
3996,reflection,Method.invoke,"{""class"": ""com.facebook.react.uimanager.BaseViewManager"", ""method"": ""setImportantForAccessibility""}"
4006,reflection,Method.invoke,"{""class"": ""com.facebook.react.uimanager.BaseViewManager"", ""method"": ""setTransform""}"
4014,reflection,Method.invoke,"{""class"": ""com.facebook.react.uimanager.BaseViewManager"", ""method"": ""setOpacity""}"
4023,reflection,Method.invoke,"{""class"": ""com.facebook.react.views.view.ReactViewManager"", ""method"": ""setPointerEvents""}"
4031,reflection,Method.invoke,"{""class"": ""com.facebook.react.uimanager.BaseViewManager"", ""method"": ""setOpacity""}"
4041,reflection,Method.invoke,"{""class"": ""com.facebook.react.uimanager.BaseViewManager"", ""method"": ""setOpacity""}"
4049,reflection,Method.invoke,"{""class"": ""com.facebook.react.uimanager.BaseViewManager"", ""method"": ""setOpacity""}"
4058,reflection,Method.invoke,"{""class"": ""com.facebook.react.uimanager.BaseViewManager"", ""method"": ""setTransform""}"
4070,reflection,Method.invoke,"{""class"": ""com.facebook.react.uimanager.BaseViewManager"", ""method"": ""setOpacity""}"
4080,reflection,Method.invoke,"{""class"": ""com.facebook.react.uimanager.BaseViewManager"", ""method"": ""setTransform""}"
4092,reflection,Method.invoke,"{""class"": ""com.facebook.react.uimanager.BaseViewManager"", ""method"": ""setOpacity""}"
4100,reflection,Method.invoke,"{""class"": ""com.facebook.react.uimanager.BaseViewManager"", ""method"": ""setTransform""}"
4107,reflection,Method.invoke,"{""class"": ""com.facebook.react.uimanager.BaseViewManager"", ""method"": ""setOpacity""}"
4116,reflection,Method.invoke,"{""class"": ""com.facebook.react.uimanager.BaseViewManager"", ""method"": ""setTransform""}"
4125,reflection,Method.invoke,"{""class"": ""com.facebook.react.uimanager.BaseViewManager"", ""method"": ""setOpacity""}"
4140,reflection,Method.invoke,"{""class"": ""com.facebook.react.uimanager.BaseViewManager"", ""method"": ""setOpacity""}"
4162,reflection,Method.invoke,"{""class"": ""com.facebook.react.uimanager.BaseViewManager"", ""method"": ""setOpacity""}"
4173,reflection,Method.invoke,"{""class"": ""com.facebook.react.uimanager.BaseViewManager"", ""method"": ""setTransform""}"
4182,reflection,Method.invoke,"{""class"": ""com.facebook.react.uimanager.BaseViewManager"", ""method"": ""setOpacity""}"
4191,reflection,Method.invoke,"{""class"": ""com.facebook.react.uimanager.BaseViewManager"", ""method"": ""setTransform""}"
4198,reflection,Method.invoke,"{""class"": ""com.facebook.react.uimanager.BaseViewManager"", ""method"": ""setOpacity""}"
4208,reflection,Method.invoke,"{""class"": ""com.facebook.react.uimanager.BaseViewManager"", ""method"": ""setTransform""}"
4215,reflection,Method.invoke,"{""class"": ""com.facebook.react.uimanager.BaseViewManager"", ""method"": ""setOpacity""}"
4224,reflection,Method.invoke,"{""class"": ""com.facebook.react.uimanager.BaseViewManager"", ""method"": ""setTransform""}"
4231,reflection,Method.invoke,"{""class"": ""com.facebook.react.uimanager.BaseViewManager"", ""method"": ""setOpacity""}"
4241,reflection,Method.invoke,"{""class"": ""android.view.View"", ""method"": ""getViewRootImpl""}"
4247,reflection,Method.invoke,"{""class"": ""android.view.View"", ""method"": ""getViewRootImpl""}"
4266,reflection,Method.invoke,"{""class"": ""com.facebook.react.uimanager.BaseViewManager"", ""method"": ""setOpacity""}"
4274,reflection,Method.invoke,"{""class"": ""com.facebook.react.uimanager.BaseViewManager"", ""method"": ""setOpacity""}"
4282,reflection,Method.invoke,"{""class"": ""com.facebook.react.uimanager.BaseViewManager"", ""method"": ""setTransform""}"
4291,reflection,Method.invoke,"{""class"": ""com.facebook.react.uimanager.BaseViewManager"", ""method"": ""setOpacity""}"
4298,reflection,Method.invoke,"{""class"": ""com.facebook.react.uimanager.BaseViewManager"", ""method"": ""setTransform""}"
4307,reflection,Method.invoke,"{""class"": ""com.facebook.react.uimanager.BaseViewManager"", ""method"": ""setOpacity""}"
4316,reflection,Method.invoke,"{""class"": ""com.facebook.react.uimanager.BaseViewManager"", ""method"": ""setTransform""}"
4322,reflection,Method.invoke,"{""class"": ""com.facebook.react.uimanager.BaseViewManager"", ""method"": ""setOpacity""}"
4330,reflection,Method.invoke,"{""class"": ""com.facebook.react.uimanager.BaseViewManager"", ""method"": ""setTransform""}"
4339,reflection,Method.invoke,"{""class"": ""com.facebook.react.uimanager.BaseViewManager"", ""method"": ""setOpacity""}"
4376,reflection,Method.invoke,"{""class"": ""com.facebook.react.uimanager.BaseViewManager"", ""method"": ""setOpacity""}"
4386,reflection,Method.invoke,"{""class"": ""com.facebook.react.uimanager.BaseViewManager"", ""method"": ""setTransform""}"
4399,reflection,Method.invoke,"{""class"": ""com.facebook.react.uimanager.BaseViewManager"", ""method"": ""setOpacity""}"
4410,reflection,Method.invoke,"{""class"": ""com.facebook.react.uimanager.BaseViewManager"", ""method"": ""setTransform""}"
4421,reflection,Method.invoke,"{""class"": ""com.facebook.react.uimanager.BaseViewManager"", ""method"": ""setOpacity""}"
4500,reflection,Method.invoke,"{""class"": ""com.facebook.react.uimanager.BaseViewManager"", ""method"": ""setTransform""}"
4513,reflection,Method.invoke,"{""class"": ""com.facebook.react.uimanager.BaseViewManager"", ""method"": ""setOpacity""}"
4525,reflection,Method.invoke,"{""class"": ""com.facebook.react.views.view.ReactViewManager"", ""method"": ""setOverflow""}"
4537,reflection,Method.invoke,"{""class"": ""com.facebook.react.uimanager.BaseViewManager"", ""method"": ""setOpacity""}"
4554,reflection,Method.invoke,"{""class"": ""com.facebook.react.uimanager.BaseViewManager"", ""method"": ""setTransform""}"
4579,reflection,Method.invoke,"{""class"": ""com.facebook.react.uimanager.BaseViewManager"", ""method"": ""setOpacity""}"
4590,reflection,Method.invoke,"{""class"": ""com.facebook.react.uimanager.BaseViewManager"", ""method"": ""setTransform""}"
4599,reflection,Method.invoke,"{""class"": ""com.facebook.react.uimanager.BaseViewManager"", ""method"": ""setOpacity""}"
8097,reflection,Method.invoke,"{""class"": ""com.facebook.react.views.view.ReactViewManager"", ""method"": ""setPointerEvents""}"
8116,reflection,Method.invoke,"{""class"": ""com.facebook.react.uimanager.BaseViewManager"", ""method"": ""setBackgroundColor""}"
8127,reflection,Method.invoke,"{""class"": ""com.facebook.react.views.view.ReactViewManager"", ""method"": ""setCollapsable""}"
8137,reflection,Method.invoke,"{""class"": ""com.facebook.react.uimanager.BaseViewManager"", ""method"": ""setOpacity""}"
8148,reflection,Method.invoke,"{""class"": ""com.facebook.react.uimanager.BaseViewManager"", ""method"": ""setOpacity""}"
8161,reflection,Method.invoke,"{""class"": ""android.os.SystemProperties"", ""method"": ""get""}"
8179,reflection,Method.invoke,"{""class"": ""com.facebook.react.uimanager.BaseViewManager"", ""method"": ""setOpacity""}"
8189,reflection,Method.invoke,"{""class"": ""android.os.SystemProperties"", ""method"": ""get""}"
8209,reflection,Method.invoke,"{""class"": ""java.util.Locale"", ""method"": ""getDefault""}"
8219,reflection,Method.invoke,"{""class"": ""com.facebook.react.uimanager.BaseViewManager"", ""method"": ""setOpacity""}"
8234,reflection,Method.invoke,"{""class"": ""android.os.SystemProperties"", ""method"": ""get""}"
8257,reflection,Method.invoke,"{""class"": ""com.facebook.react.views.view.ReactViewManager"", ""method"": ""setCollapsable""}"
8258,reflection,Method.invoke,"{""class"": ""android.os.SystemProperties"", ""method"": ""get""}"
8282,reflection,Method.invoke,"{""class"": ""com.facebook.react.uimanager.BaseViewManager"", ""method"": ""setOpacity""}"
8285,reflection,Method.invoke,"{""class"": ""java.util.Locale"", ""method"": ""getDefault""}"
8299,reflection,Method.invoke,"{""class"": ""com.facebook.react.views.view.ReactViewManager"", ""method"": ""setPointerEvents""}"
8313,reflection,Method.invoke,"{""class"": ""android.os.SystemProperties"", ""method"": ""get""}"
8328,reflection,Method.invoke,"{""class"": ""com.facebook.react.uimanager.BaseViewManager"", ""method"": ""setBackgroundColor""}"
8330,reflection,Method.invoke,"{""class"": ""android.os.SystemProperties"", ""method"": ""get""}"
8345,reflection,Method.invoke,"{""class"": ""com.facebook.react.views.view.ReactViewManager"", ""method"": ""setCollapsable""}"
8359,reflection,Method.invoke,"{""class"": ""java.util.Locale"", ""method"": ""getDefault""}"
8364,reflection,Method.invoke,"{""class"": ""com.facebook.react.uimanager.BaseViewManager"", ""method"": ""setOpacity""}"
8378,reflection,Method.invoke,"{""class"": ""com.facebook.react.uimanager.BaseViewManager"", ""method"": ""setOpacity""}"
8388,reflection,Method.invoke,"{""class"": ""android.os.SystemProperties"", ""method"": ""get""}"
8404,reflection,Method.invoke,"{""class"": ""com.facebook.react.views.text.ReactTextAnchorViewManager"", ""method"": ""setAccessible$ReactAndroid_release""}"
8410,reflection,Method.invoke,"{""class"": ""android.os.SystemProperties"", ""method"": ""get""}"
8424,reflection,Method.invoke,"{""class"": ""com.facebook.react.views.text.ReactTextAnchorViewManager"", ""method"": ""setFontSize$ReactAndroid_release""}"
8432,reflection,Method.invoke,"{""class"": ""java.util.Locale"", ""method"": ""getDefault""}"
8447,reflection,Method.invoke,"{""class"": ""android.os.SystemProperties"", ""method"": ""get""}"
8460,reflection,Method.invoke,"{""class"": ""android.os.SystemProperties"", ""method"": ""get""}"
8462,reflection,Method.invoke,"{""class"": ""com.facebook.react.views.text.ReactTextAnchorViewManager"", ""method"": ""setEllipsizeMode$ReactAndroid_release""}"
8476,reflection,Method.invoke,"{""class"": ""com.facebook.react.uimanager.BaseViewManager"", ""method"": ""setOpacity""}"
8485,reflection,Method.invoke,"{""class"": ""java.util.Locale"", ""method"": ""getDefault""}"
8499,reflection,Method.invoke,"{""class"": ""java.util.Locale"", ""method"": ""getDefault""}"
8508,reflection,Method.invoke,"{""class"": ""com.facebook.react.views.text.ReactTextAnchorViewManager"", ""method"": ""setAccessible$ReactAndroid_release""}"
8519,reflection,Method.invoke,"{""class"": ""com.facebook.react.views.text.ReactTextAnchorViewManager"", ""method"": ""setFontSize$ReactAndroid_release""}"
8534,reflection,Method.invoke,"{""class"": ""com.facebook.react.views.text.ReactTextAnchorViewManager"", ""method"": ""setEllipsizeMode$ReactAndroid_release""}"
8554,reflection,Method.invoke,"{""class"": ""com.facebook.react.uimanager.BaseViewManager"", ""method"": ""setBackgroundColor""}"
8575,reflection,Method.invoke,"{""class"": ""com.facebook.react.views.view.ReactViewManager"", ""method"": ""setBorderRadius""}"
8589,reflection,Method.invoke,"{""class"": ""com.facebook.react.views.view.ReactViewManager"", ""method"": ""setHitSlop""}"
8598,reflection,Method.invoke,"{""class"": ""com.facebook.react.uimanager.BaseViewManager"", ""method"": ""setResponderMove""}"
8607,reflection,Method.invoke,"{""class"": ""com.facebook.react.views.view.ReactViewManager"", ""method"": ""setAccessible""}"
8617,reflection,Method.invoke,"{""class"": ""com.facebook.react.uimanager.BaseViewManager"", ""method"": ""setOpacity""}"
8625,reflection,Method.invoke,"{""class"": ""com.facebook.react.uimanager.BaseViewManager"", ""method"": ""setResponderGrant""}"
8635,reflection,Method.invoke,"{""class"": ""com.facebook.react.uimanager.BaseViewManager"", ""method"": ""setStartShouldSetResponder""}"
8643,reflection,Method.invoke,"{""class"": ""com.facebook.react.uimanager.BaseViewManager"", ""method"": ""setResponderTerminationRequest""}"
8653,reflection,Method.invoke,"{""class"": ""com.facebook.react.uimanager.BaseViewManager"", ""method"": ""setResponderRelease""}"
8662,reflection,Method.invoke,"{""class"": ""com.facebook.react.uimanager.BaseViewManager"", ""method"": ""setResponderTerminate""}"
8670,reflection,Method.invoke,"{""class"": ""com.facebook.react.views.view.ReactViewManager"", ""method"": ""setFocusable""}"
8680,reflection,Method.invoke,"{""class"": ""com.facebook.react.uimanager.BaseViewManager"", ""method"": ""setClick""}"
8688,reflection,Method.invoke,"{""class"": ""com.facebook.react.views.view.ReactViewManager"", ""method"": ""setCollapsable""}"
8696,reflection,Method.invoke,"{""class"": ""com.facebook.react.uimanager.BaseViewManager"", ""method"": ""setAccessibilityValue""}"
8704,reflection,Method.invoke,"{""class"": ""com.facebook.react.uimanager.BaseViewManager"", ""method"": ""setViewState""}"
8711,reflection,Method.invoke,"{""class"": ""com.facebook.react.uimanager.BaseViewManager"", ""method"": ""setBackgroundColor""}"
8720,reflection,Method.invoke,"{""class"": ""com.facebook.react.views.view.ReactViewManager"", ""method"": ""setBorderWidth""}"
8729,reflection,Method.invoke,"{""class"": ""com.facebook.react.views.view.ReactViewManager"", ""method"": ""setBorderColor""}"
8738,reflection,Method.invoke,"{""class"": ""com.facebook.react.views.view.ReactViewManager"", ""method"": ""setPointerEvents""}"
8746,reflection,Method.invoke,"{""class"": ""com.facebook.react.uimanager.BaseViewManager"", ""method"": ""setZIndex""}"
8756,reflection,Method.invoke,"{""class"": ""com.facebook.react.views.view.ReactViewManager"", ""method"": ""setCollapsable""}"
8763,reflection,Method.invoke,"{""class"": ""com.facebook.react.uimanager.BaseViewManager"", ""method"": ""setBackgroundColor""}"
8772,reflection,Method.invoke,"{""class"": ""com.facebook.react.views.view.ReactViewManager"", ""method"": ""setBorderRadius""}"
8780,reflection,Method.invoke,"{""class"": ""com.facebook.react.uimanager.BaseViewManager"", ""method"": ""setElevation""}"
8787,reflection,Method.invoke,"{""class"": ""com.facebook.react.views.text.ReactTextAnchorViewManager"", ""method"": ""setAccessible$ReactAndroid_release""}"
8795,reflection,Method.invoke,"{""class"": ""com.facebook.react.views.text.ReactTextAnchorViewManager"", ""method"": ""setFontSize$ReactAndroid_release""}"
8804,reflection,Method.invoke,"{""class"": ""com.facebook.react.views.text.ReactTextAnchorViewManager"", ""method"": ""setEllipsizeMode$ReactAndroid_release""}"
8813,reflection,Method.invoke,"{""class"": ""com.facebook.react.views.view.ReactViewManager"", ""method"": ""setBorderRadius""}"
8829,reflection,Method.invoke,"{""class"": ""com.facebook.react.views.view.ReactViewManager"", ""method"": ""setBorderRadius""}"
8837,reflection,Method.invoke,"{""class"": ""com.facebook.react.uimanager.BaseViewManager"", ""method"": ""setBackgroundColor""}"
8846,reflection,Method.invoke,"{""class"": ""com.facebook.react.views.text.ReactTextAnchorViewManager"", ""method"": ""setAccessible$ReactAndroid_release""}"
8855,reflection,Method.invoke,"{""class"": ""com.facebook.react.views.text.ReactTextAnchorViewManager"", ""method"": ""setEllipsizeMode$ReactAndroid_release""}"
8863,reflection,Method.invoke,"{""class"": ""com.facebook.react.views.text.ReactTextAnchorViewManager"", ""method"": ""setFontSize$ReactAndroid_release""}"
8872,reflection,Method.invoke,"{""class"": ""com.facebook.react.uimanager.BaseViewManager"", ""method"": ""setBackgroundColor""}"
8880,reflection,Method.invoke,"{""class"": ""com.facebook.react.views.text.ReactTextAnchorViewManager"", ""method"": ""setAccessible$ReactAndroid_release""}"
8886,reflection,Method.invoke,"{""class"": ""com.facebook.react.views.text.ReactTextAnchorViewManager"", ""method"": ""setEllipsizeMode$ReactAndroid_release""}"
8896,reflection,Method.invoke,"{""class"": ""com.facebook.react.views.text.ReactTextAnchorViewManager"", ""method"": ""setFontSize$ReactAndroid_release""}"
8905,reflection,Method.invoke,"{""class"": ""com.facebook.react.views.text.ReactTextAnchorViewManager"", ""method"": ""setAccessible$ReactAndroid_release""}"
8912,reflection,Method.invoke,"{""class"": ""com.facebook.react.views.text.ReactTextAnchorViewManager"", ""method"": ""setEllipsizeMode$ReactAndroid_release""}"
8921,reflection,Method.invoke,"{""class"": ""com.facebook.react.uimanager.BaseViewManager"", ""method"": ""setBackgroundColor""}"
8929,reflection,Method.invoke,"{""class"": ""com.facebook.react.views.view.ReactViewManager"", ""method"": ""setBorderRadius""}"
8938,reflection,Method.invoke,"{""class"": ""com.facebook.react.views.view.ReactViewManager"", ""method"": ""setBorderRadius""}"
8946,reflection,Method.invoke,"{""class"": ""com.facebook.react.views.text.ReactTextAnchorViewManager"", ""method"": ""setAccessible$ReactAndroid_release""}"
8956,reflection,Method.invoke,"{""class"": ""com.facebook.react.views.text.ReactTextAnchorViewManager"", ""method"": ""setFontSize$ReactAndroid_release""}"
8964,reflection,Method.invoke,"{""class"": ""com.facebook.react.views.text.ReactTextAnchorViewManager"", ""method"": ""setEllipsizeMode$ReactAndroid_release""}"
8973,reflection,Method.invoke,"{""class"": ""com.facebook.react.views.view.ReactViewManager"", ""method"": ""setBorderRadius""}"
8984,reflection,Method.invoke,"{""class"": ""com.facebook.react.views.view.ReactViewManager"", ""method"": ""setBorderRadius""}"
8993,reflection,Method.invoke,"{""class"": ""com.facebook.react.uimanager.BaseViewManager"", ""method"": ""setBackgroundColor""}"
9001,reflection,Method.invoke,"{""class"": ""com.facebook.react.views.text.ReactTextAnchorViewManager"", ""method"": ""setAccessible$ReactAndroid_release""}"
9010,reflection,Method.invoke,"{""class"": ""com.facebook.react.views.text.ReactTextAnchorViewManager"", ""method"": ""setEllipsizeMode$ReactAndroid_release""}"
9018,reflection,Method.invoke,"{""class"": ""com.facebook.react.views.text.ReactTextAnchorViewManager"", ""method"": ""setFontSize$ReactAndroid_release""}"
9026,reflection,Method.invoke,"{""class"": ""com.facebook.react.uimanager.BaseViewManager"", ""method"": ""setBackgroundColor""}"
9034,reflection,Method.invoke,"{""class"": ""com.facebook.react.views.text.ReactTextAnchorViewManager"", ""method"": ""setAccessible$ReactAndroid_release""}"
9043,reflection,Method.invoke,"{""class"": ""com.facebook.react.views.text.ReactTextAnchorViewManager"", ""method"": ""setEllipsizeMode$ReactAndroid_release""}"
9053,reflection,Method.invoke,"{""class"": ""com.facebook.react.views.text.ReactTextAnchorViewManager"", ""method"": ""setFontSize$ReactAndroid_release""}"
9060,reflection,Method.invoke,"{""class"": ""com.facebook.react.views.text.ReactTextAnchorViewManager"", ""method"": ""setAccessible$ReactAndroid_release""}"
9068,reflection,Method.invoke,"{""class"": ""com.facebook.react.views.text.ReactTextAnchorViewManager"", ""method"": ""setEllipsizeMode$ReactAndroid_release""}"
9078,reflection,Method.invoke,"{""class"": ""com.facebook.react.uimanager.BaseViewManager"", ""method"": ""setBackgroundColor""}"
9085,reflection,Method.invoke,"{""class"": ""com.facebook.react.views.view.ReactViewManager"", ""method"": ""setBorderRadius""}"
9094,reflection,Method.invoke,"{""class"": ""com.facebook.react.views.view.ReactViewManager"", ""method"": ""setBorderRadius""}"
9104,reflection,Method.invoke,"{""class"": ""com.facebook.react.views.text.ReactTextAnchorViewManager"", ""method"": ""setAccessible$ReactAndroid_release""}"
9111,reflection,Method.invoke,"{""class"": ""com.facebook.react.views.text.ReactTextAnchorViewManager"", ""method"": ""setEllipsizeMode$ReactAndroid_release""}"
9121,reflection,Method.invoke,"{""class"": ""com.facebook.react.views.text.ReactTextAnchorViewManager"", ""method"": ""setFontSize$ReactAndroid_release""}"
9129,reflection,Method.invoke,"{""class"": ""com.facebook.react.views.text.ReactTextAnchorViewManager"", ""method"": ""setAccessible$ReactAndroid_release""}"
9139,reflection,Method.invoke,"{""class"": ""com.facebook.react.views.text.ReactTextAnchorViewManager"", ""method"": ""setEllipsizeMode$ReactAndroid_release""}"
9146,reflection,Method.invoke,"{""class"": ""com.facebook.react.uimanager.BaseViewManager"", ""method"": ""setBackgroundColor""}"
9155,reflection,Method.invoke,"{""class"": ""com.facebook.react.views.view.ReactViewManager"", ""method"": ""setBorderRadius""}"
9164,reflection,Method.invoke,"{""class"": ""com.facebook.react.views.text.ReactTextAnchorViewManager"", ""method"": ""setAccessible$ReactAndroid_release""}"
9172,reflection,Method.invoke,"{""class"": ""com.facebook.react.views.text.ReactTextAnchorViewManager"", ""method"": ""setEllipsizeMode$ReactAndroid_release""}"
9179,reflection,Method.invoke,"{""class"": ""com.facebook.react.views.text.ReactTextAnchorViewManager"", ""method"": ""setFontSize$ReactAndroid_release""}"
9188,reflection,Method.invoke,"{""class"": ""com.facebook.react.views.text.ReactTextAnchorViewManager"", ""method"": ""setAccessible$ReactAndroid_release""}"
9197,reflection,Method.invoke,"{""class"": ""com.facebook.react.views.text.ReactTextAnchorViewManager"", ""method"": ""setEllipsizeMode$ReactAndroid_release""}"
9205,reflection,Method.invoke,"{""class"": ""com.facebook.react.uimanager.BaseViewManager"", ""method"": ""setBackgroundColor""}"
9212,reflection,Method.invoke,"{""class"": ""com.facebook.react.views.view.ReactViewManager"", ""method"": ""setBorderRadius""}"
9220,reflection,Method.invoke,"{""class"": ""com.facebook.react.views.text.ReactTextAnchorViewManager"", ""method"": ""setEllipsizeMode$ReactAndroid_release""}"
9229,reflection,Method.invoke,"{""class"": ""com.facebook.react.views.text.ReactTextAnchorViewManager"", ""method"": ""setAccessible$ReactAndroid_release""}"
9238,reflection,Method.invoke,"{""class"": ""com.facebook.react.views.text.ReactTextAnchorViewManager"", ""method"": ""setFontSize$ReactAndroid_release""}"
9246,reflection,Method.invoke,"{""class"": ""com.facebook.react.views.view.ReactViewManager"", ""method"": ""setHitSlop""}"
9254,reflection,Method.invoke,"{""class"": ""com.facebook.react.uimanager.BaseViewManager"", ""method"": ""setResponderMove""}"
9263,reflection,Method.invoke,"{""class"": ""com.facebook.react.views.view.ReactViewManager"", ""method"": ""setAccessible""}"
9270,reflection,Method.invoke,"{""class"": ""com.facebook.react.uimanager.BaseViewManager"", ""method"": ""setOpacity""}"
9279,reflection,Method.invoke,"{""class"": ""com.facebook.react.uimanager.BaseViewManager"", ""method"": ""setResponderGrant""}"
9288,reflection,Method.invoke,"{""class"": ""com.facebook.react.uimanager.BaseViewManager"", ""method"": ""setStartShouldSetResponder""}"
9295,reflection,Method.invoke,"{""class"": ""com.facebook.react.uimanager.BaseViewManager"", ""method"": ""setResponderTerminationRequest""}"
9302,reflection,Method.invoke,"{""class"": ""com.facebook.react.uimanager.BaseViewManager"", ""method"": ""setResponderRelease""}"
9311,reflection,Method.invoke,"{""class"": ""com.facebook.react.uimanager.BaseViewManager"", ""method"": ""setResponderTerminate""}"
9320,reflection,Method.invoke,"{""class"": ""com.facebook.react.views.view.ReactViewManager"", ""method"": ""setFocusable""}"
9328,reflection,Method.invoke,"{""class"": ""com.facebook.react.uimanager.BaseViewManager"", ""method"": ""setClick""}"
9337,reflection,Method.invoke,"{""class"": ""com.facebook.react.views.view.ReactViewManager"", ""method"": ""setCollapsable""}"
9344,reflection,Method.invoke,"{""class"": ""com.facebook.react.uimanager.BaseViewManager"", ""method"": ""setAccessibilityValue""}"
9353,reflection,Method.invoke,"{""class"": ""com.facebook.react.uimanager.BaseViewManager"", ""method"": ""setViewState""}"
9361,reflection,Method.invoke,"{""class"": ""com.facebook.react.views.view.ReactViewManager"", ""method"": ""setCollapsable""}"
9368,reflection,Method.invoke,"{""class"": ""com.facebook.react.views.view.ReactViewManager"", ""method"": ""setCollapsableChildren""}"
9374,reflection,Method.invoke,"{""class"": ""com.facebook.react.views.scroll.ReactScrollViewManager"", ""method"": ""setOverflow""}"
9384,reflection,Method.invoke,"{""class"": ""com.facebook.react.uimanager.BaseViewManager"", ""method"": ""setTouchMove""}"
9391,reflection,Method.invoke,"{""class"": ""com.facebook.react.uimanager.BaseViewManager"", ""method"": ""setResponderRelease""}"
9401,reflection,Method.invoke,"{""class"": ""com.facebook.react.uimanager.BaseViewManager"", ""method"": ""setStartShouldSetResponderCapture""}"
9408,reflection,Method.invoke,"{""class"": ""com.facebook.react.uimanager.BaseViewManager"", ""method"": ""setResponderGrant""}"
9416,reflection,Method.invoke,"{""class"": ""com.facebook.react.uimanager.BaseViewManager"", ""method"": ""setStartShouldSetResponder""}"
9423,reflection,Method.invoke,"{""class"": ""com.facebook.react.uimanager.BaseViewManager"", ""method"": ""setResponderTerminationRequest""}"
9431,reflection,Method.invoke,"{""class"": ""com.facebook.react.uimanager.BaseViewManager"", ""method"": ""setResponderReject""}"
9438,reflection,Method.invoke,"{""class"": ""com.facebook.react.views.scroll.ReactScrollViewManager"", ""method"": ""setSendMomentumEvents""}"
9446,reflection,Method.invoke,"{""class"": ""com.facebook.react.uimanager.BaseViewManager"", ""method"": ""setTouchEnd""}"
9454,reflection,Method.invoke,"{""class"": ""com.facebook.react.views.scroll.ReactScrollViewManager"", ""method"": ""setSnapToStart""}"
9463,reflection,Method.invoke,"{""class"": ""com.facebook.react.uimanager.BaseViewManager"", ""method"": ""setTouchStart""}"
9471,reflection,Method.invoke,"{""class"": ""com.facebook.react.views.scroll.ReactScrollViewManager"", ""method"": ""setSnapToEnd""}"
9479,reflection,Method.invoke,"{""class"": ""com.facebook.react.uimanager.BaseViewManager"", ""method"": ""setTouchCancel""}"
9486,reflection,Method.invoke,"{""class"": ""com.facebook.react.views.scroll.ReactScrollViewManager"", ""method"": ""setPagingEnabled""}"
9496,reflection,Method.invoke,"{""class"": ""com.facebook.react.uimanager.BaseViewManager"", ""method"": ""setBackgroundColor""}"
9503,reflection,Method.invoke,"{""class"": ""com.facebook.react.views.view.ReactViewManager"", ""method"": ""setPointerEvents""}"
9512,reflection,Method.invoke,"{""class"": ""com.facebook.react.uimanager.BaseViewManager"", ""method"": ""setBackgroundColor""}"
9520,reflection,Method.invoke,"{""class"": ""com.facebook.react.views.view.ReactViewManager"", ""method"": ""setOverflow""}"
9528,reflection,Method.invoke,"{""class"": ""com.facebook.react.views.view.ReactViewManager"", ""method"": ""setNeedsOffscreenAlphaCompositing""}"
9537,reflection,Method.invoke,"{""class"": ""com.facebook.react.views.view.ReactViewManager"", ""method"": ""setCollapsable""}"
9546,reflection,Method.invoke,"{""class"": ""com.facebook.react.uimanager.BaseViewManager"", ""method"": ""setOpacity""}"
9554,reflection,Method.invoke,"{""class"": ""com.facebook.react.uimanager.BaseViewManager"", ""method"": ""setTransform""}"
9561,reflection,Method.invoke,"{""class"": ""com.facebook.react.views.view.ReactViewManager"", ""method"": ""setCollapsable""}"
9570,reflection,Method.invoke,"{""class"": ""com.facebook.react.views.view.ReactViewManager"", ""method"": ""setPointerEvents""}"
9578,reflection,Method.invoke,"{""class"": ""com.facebook.react.views.view.ReactViewManager"", ""method"": ""setPointerEvents""}"
9587,reflection,Method.invoke,"{""class"": ""com.facebook.react.views.view.ReactViewManager"", ""method"": ""setCollapsable""}"
9596,reflection,Method.invoke,"{""class"": ""com.facebook.react.views.view.ReactViewManager"", ""method"": ""setPointerEvents""}"
9606,reflection,Method.invoke,"{""class"": ""com.facebook.react.uimanager.BaseViewManager"", ""method"": ""setImportantForAccessibility""}"
9616,reflection,Method.invoke,"{""class"": ""com.facebook.react.uimanager.BaseViewManager"", ""method"": ""setTransform""}"
9626,reflection,Method.invoke,"{""class"": ""com.facebook.react.uimanager.BaseViewManager"", ""method"": ""setOpacity""}"
9634,reflection,Method.invoke,"{""class"": ""com.facebook.react.views.view.ReactViewManager"", ""method"": ""setOverflow""}"
9643,reflection,Method.invoke,"{""class"": ""com.facebook.react.uimanager.BaseViewManager"", ""method"": ""setImportantForAccessibility""}"
9652,reflection,Method.invoke,"{""class"": ""com.facebook.react.uimanager.BaseViewManager"", ""method"": ""setOpacity""}"
9659,reflection,Method.invoke,"{""class"": ""com.facebook.react.uimanager.BaseViewManager"", ""method"": ""setTransform""}"
9667,reflection,Method.invoke,"{""class"": ""com.facebook.react.uimanager.BaseViewManager"", ""method"": ""setOpacity""}"
9675,reflection,Method.invoke,"{""class"": ""com.facebook.react.uimanager.BaseViewManager"", ""method"": ""setTransform""}"
9683,reflection,Method.invoke,"{""class"": ""com.facebook.react.uimanager.BaseViewManager"", ""method"": ""setOpacity""}"
9691,reflection,Method.invoke,"{""class"": ""com.facebook.react.uimanager.BaseViewManager"", ""method"": ""setTransform""}"
9699,crypto,MessageDigest.digest,{}
9706,crypto,MessageDigest.digest,{}
9714,reflection,Method.invoke,"{""class"": ""com.facebook.react.uimanager.BaseViewManager"", ""method"": ""setTransform""}"
9716,crypto,MessageDigest.digest,{}
9719,crypto,MessageDigest.digest,{}
9723,crypto,MessageDigest.digest,{}
9736,reflection,Method.invoke,"{""class"": ""com.facebook.react.uimanager.BaseViewManager"", ""method"": ""setOpacity""}"
9741,crypto,MessageDigest.digest,{}
9752,reflection,Method.invoke,"{""class"": ""com.facebook.react.uimanager.BaseViewManager"", ""method"": ""setTransform""}"
9756,crypto,MessageDigest.digest,{}
9762,crypto,MessageDigest.digest,{}
9768,crypto,MessageDigest.digest,{}
9771,crypto,MessageDigest.digest,{}
9780,crypto,MessageDigest.digest,{}
9782,reflection,Method.invoke,"{""class"": ""com.facebook.react.uimanager.BaseViewManager"", ""method"": ""setOpacity""}"
9795,crypto,MessageDigest.digest,{}
9796,reflection,Method.invoke,"{""class"": ""com.facebook.react.uimanager.BaseViewManager"", ""method"": ""setTransform""}"
9804,crypto,MessageDigest.digest,{}
9814,reflection,Method.invoke,"{""class"": ""com.facebook.react.uimanager.BaseViewManager"", ""method"": ""setOpacity""}"
9822,reflection,Method.invoke,"{""class"": ""com.facebook.react.uimanager.BaseViewManager"", ""method"": ""setOpacity""}"
9830,reflection,Method.invoke,"{""class"": ""com.facebook.react.uimanager.BaseViewManager"", ""method"": ""setTransform""}"
9837,reflection,Method.invoke,"{""class"": ""com.facebook.react.uimanager.BaseViewManager"", ""method"": ""setOpacity""}"
9845,reflection,Method.invoke,"{""class"": ""com.facebook.react.uimanager.BaseViewManager"", ""method"": ""setOpacity""}"
9854,reflection,Method.invoke,"{""class"": ""com.facebook.react.uimanager.BaseViewManager"", ""method"": ""setOpacity""}"
9863,reflection,Method.invoke,"{""class"": ""expo.modules.image.records.ImageProgressEvent"", ""method"": ""getLoaded""}"
9886,reflection,Method.invoke,"{""class"": ""com.facebook.react.uimanager.BaseViewManager"", ""method"": ""setTransform""}"
9890,reflection,Method.invoke,"{""class"": ""expo.modules.image.records.ImageProgressEvent"", ""method"": ""getTotal""}"
9903,reflection,Method.invoke,"{""class"": ""com.facebook.react.uimanager.BaseViewManager"", ""method"": ""setOpacity""}"
9912,reflection,Method.invoke,"{""class"": ""com.facebook.react.uimanager.BaseViewManager"", ""method"": ""setOpacity""}"
9922,reflection,Method.invoke,"{""class"": ""com.facebook.react.uimanager.BaseViewManager"", ""method"": ""setTransform""}"
9931,reflection,Method.invoke,"{""class"": ""com.facebook.react.uimanager.BaseViewManager"", ""method"": ""setOpacity""}"
9943,reflection,Method.invoke,"{""class"": ""expo.modules.image.records.ImageProgressEvent"", ""method"": ""getLoaded""}"
9957,reflection,Method.invoke,"{""class"": ""android.view.View"", ""method"": ""getViewRootImpl""}"
9963,reflection,Method.invoke,"{""class"": ""expo.modules.image.records.ImageProgressEvent"", ""method"": ""getTotal""}"
9976,reflection,Method.invoke,"{""class"": ""android.view.View"", ""method"": ""getViewRootImpl""}"
9984,reflection,Method.invoke,"{""class"": ""expo.modules.image.records.ImageProgressEvent"", ""method"": ""getLoaded""}"
9993,reflection,Method.invoke,"{""class"": ""expo.modules.image.records.ImageProgressEvent"", ""method"": ""getTotal""}"
10002,reflection,Method.invoke,"{""class"": ""expo.modules.image.records.ImageProgressEvent"", ""method"": ""getLoaded""}"
10024,reflection,Method.invoke,"{""class"": ""expo.modules.image.records.ImageProgressEvent"", ""method"": ""getTotal""}"
10035,reflection,Method.invoke,"{""class"": ""expo.modules.image.records.ImageProgressEvent"", ""method"": ""getLoaded""}"
10038,reflection,Method.invoke,"{""class"": ""com.facebook.react.uimanager.BaseViewManager"", ""method"": ""setOpacity""}"
10054,reflection,Method.invoke,"{""class"": ""expo.modules.image.records.ImageProgressEvent"", ""method"": ""getTotal""}"
10060,reflection,Method.invoke,"{""class"": ""com.facebook.react.uimanager.BaseViewManager"", ""method"": ""setTransform""}"
10081,reflection,Method.invoke,"{""class"": ""com.facebook.react.uimanager.BaseViewManager"", ""method"": ""setOpacity""}"
10084,reflection,Method.invoke,"{""class"": ""expo.modules.image.records.ImageProgressEvent"", ""method"": ""getLoaded""}"
10099,reflection,Method.invoke,"{""class"": ""expo.modules.image.records.ImageProgressEvent"", ""method"": ""getTotal""}"
10109,reflection,Method.invoke,"{""class"": ""com.facebook.react.uimanager.BaseViewManager"", ""method"": ""setTransform""}"
10123,reflection,Method.invoke,"{""class"": ""com.facebook.react.uimanager.BaseViewManager"", ""method"": ""setOpacity""}"
10129,reflection,Method.invoke,"{""class"": ""expo.modules.image.records.ImageProgressEvent"", ""method"": ""getLoaded""}"
10138,reflection,Method.invoke,"{""class"": ""com.facebook.react.uimanager.BaseViewManager"", ""method"": ""setOpacity""}"
10152,reflection,Method.invoke,"{""class"": ""expo.modules.image.records.ImageProgressEvent"", ""method"": ""getTotal""}"
10159,reflection,Method.invoke,"{""class"": ""com.facebook.react.uimanager.BaseViewManager"", ""method"": ""setTransform""}"
10169,reflection,Method.invoke,"{""class"": ""expo.modules.image.records.ImageProgressEvent"", ""method"": ""getLoaded""}"
10181,reflection,Method.invoke,"{""class"": ""expo.modules.image.records.ImageProgressEvent"", ""method"": ""getTotal""}"
10194,reflection,Method.invoke,"{""class"": ""expo.modules.image.records.ImageProgressEvent"", ""method"": ""getLoaded""}"
10204,reflection,Method.invoke,"{""class"": ""com.facebook.react.uimanager.BaseViewManager"", ""method"": ""setOpacity""}"
10210,reflection,Method.invoke,"{""class"": ""expo.modules.image.records.ImageProgressEvent"", ""method"": ""getTotal""}"
10226,reflection,Method.invoke,"{""class"": ""expo.modules.image.records.ImageProgressEvent"", ""method"": ""getLoaded""}"
10242,reflection,Method.invoke,"{""class"": ""expo.modules.image.records.ImageLoadEvent"", ""method"": ""getCacheType""}"
10245,reflection,Method.invoke,"{""class"": ""expo.modules.image.records.ImageProgressEvent"", ""method"": ""getTotal""}"
10261,reflection,Method.invoke,"{""class"": ""expo.modules.image.records.ImageProgressEvent"", ""method"": ""getLoaded""}"
10277,reflection,Method.invoke,"{""class"": ""expo.modules.image.records.ImageLoadEvent"", ""method"": ""getSource""}"
10280,reflection,Method.invoke,"{""class"": ""expo.modules.image.records.ImageProgressEvent"", ""method"": ""getTotal""}"
10294,reflection,Method.invoke,"{""class"": ""expo.modules.image.records.ImageProgressEvent"", ""method"": ""getLoaded""}"
10302,reflection,Method.invoke,"{""class"": ""expo.modules.image.records.ImageSource"", ""method"": ""getHeight""}"
10311,reflection,Method.invoke,"{""class"": ""expo.modules.image.records.ImageProgressEvent"", ""method"": ""getTotal""}"
10326,reflection,Method.invoke,"{""class"": ""expo.modules.image.records.ImageSource"", ""method"": ""isAnimated""}"
10330,reflection,Method.invoke,"{""class"": ""expo.modules.image.records.ImageProgressEvent"", ""method"": ""getLoaded""}"
10346,reflection,Method.invoke,"{""class"": ""expo.modules.image.records.ImageProgressEvent"", ""method"": ""getTotal""}"
10352,reflection,Method.invoke,"{""class"": ""expo.modules.image.records.ImageSource"", ""method"": ""getMediaType""}"
10358,reflection,Method.invoke,"{""class"": ""expo.modules.image.records.ImageSource"", ""method"": ""getUrl""}"
10366,reflection,Method.invoke,"{""class"": ""expo.modules.image.records.ImageSource"", ""method"": ""getWidth""}"
10389,reflection,Method.invoke,"{""class"": ""com.facebook.react.uimanager.BaseViewManager"", ""method"": ""setTransform""}"
10396,reflection,Method.invoke,"{""class"": ""com.facebook.react.uimanager.BaseViewManager"", ""method"": ""setOpacity""}"
10408,reflection,Method.invoke,"{""class"": ""com.facebook.react.uimanager.BaseViewManager"", ""method"": ""setOpacity""}"
10419,reflection,Method.invoke,"{""class"": ""com.facebook.react.uimanager.BaseViewManager"", ""method"": ""setOpacity""}"
10435,reflection,Method.invoke,"{""class"": ""com.facebook.react.uimanager.BaseViewManager"", ""method"": ""setOpacity""}"
10444,reflection,Method.invoke,"{""class"": ""com.facebook.react.uimanager.BaseViewManager"", ""method"": ""setTransform""}"
10455,reflection,Method.invoke,"{""class"": ""com.facebook.react.uimanager.BaseViewManager"", ""method"": ""setTransform""}"
10463,reflection,Method.invoke,"{""class"": ""com.facebook.react.uimanager.BaseViewManager"", ""method"": ""setOpacity""}"
10488,reflection,Method.invoke,"{""class"": ""expo.modules.image.records.ImageLoadEvent"", ""method"": ""getCacheType""}"
10496,reflection,Method.invoke,"{""class"": ""expo.modules.image.records.ImageLoadEvent"", ""method"": ""getSource""}"
10502,reflection,Method.invoke,"{""class"": ""expo.modules.image.records.ImageSource"", ""method"": ""getHeight""}"
10512,reflection,Method.invoke,"{""class"": ""expo.modules.image.records.ImageSource"", ""method"": ""isAnimated""}"
10519,reflection,Method.invoke,"{""class"": ""expo.modules.image.records.ImageSource"", ""method"": ""getMediaType""}"
10525,reflection,Method.invoke,"{""class"": ""expo.modules.image.records.ImageSource"", ""method"": ""getUrl""}"
10532,reflection,Method.invoke,"{""class"": ""expo.modules.image.records.ImageSource"", ""method"": ""getWidth""}"
10542,reflection,Method.invoke,"{""class"": ""com.facebook.react.uimanager.BaseViewManager"", ""method"": ""setTransform""}"
10548,reflection,Method.invoke,"{""class"": ""com.facebook.react.uimanager.BaseViewManager"", ""method"": ""setOpacity""}"
10558,reflection,Method.invoke,"{""class"": ""com.facebook.react.uimanager.BaseViewManager"", ""method"": ""setOpacity""}"
10566,reflection,Method.invoke,"{""class"": ""com.facebook.react.uimanager.BaseViewManager"", ""method"": ""setTransform""}"
10588,reflection,Method.invoke,"{""class"": ""com.facebook.react.uimanager.BaseViewManager"", ""method"": ""setTransform""}"
10596,reflection,Method.invoke,"{""class"": ""com.facebook.react.uimanager.BaseViewManager"", ""method"": ""setOpacity""}"
12480,reflection,Method.invoke,"{""class"": ""expo.modules.haptics.HapticType"", ""method"": ""values""}"
12496,reflection,Method.invoke,"{""class"": ""kotlin.Metadata"", ""method"": ""bv""}"
12502,reflection,Method.invoke,"{""class"": ""com.facebook.react.uimanager.BaseViewManager"", ""method"": ""setOpacity""}"
12517,reflection,Method.invoke,"{""class"": ""com.facebook.react.uimanager.BaseViewManager"", ""method"": ""setOpacity""}"
12519,reflection,Method.invoke,"{""class"": ""kotlin.Metadata"", ""method"": ""d1""}"
12528,reflection,Method.invoke,"{""class"": ""com.facebook.react.uimanager.BaseViewManager"", ""method"": ""setOpacity""}"
12541,reflection,Method.invoke,"{""class"": ""com.facebook.react.uimanager.BaseViewManager"", ""method"": ""setOpacity""}"
12556,reflection,Method.invoke,"{""class"": ""com.facebook.react.uimanager.BaseViewManager"", ""method"": ""setOpacity""}"
12558,reflection,Method.invoke,"{""class"": ""kotlin.Metadata"", ""method"": ""d2""}"
12580,reflection,Method.invoke,"{""class"": ""kotlin.Metadata"", ""method"": ""k""}"
12590,reflection,Method.invoke,"{""class"": ""com.facebook.react.uimanager.BaseViewManager"", ""method"": ""setOpacity""}"
12609,reflection,Method.invoke,"{""class"": ""kotlin.Metadata"", ""method"": ""mv""}"
12623,reflection,Method.invoke,"{""class"": ""com.facebook.react.uimanager.BaseViewManager"", ""method"": ""setOpacity""}"
12627,reflection,Method.invoke,"{""class"": ""kotlin.Metadata"", ""method"": ""pn""}"
12642,reflection,Method.invoke,"{""class"": ""kotlin.Metadata"", ""method"": ""xi""}"
12655,reflection,Method.invoke,"{""class"": ""kotlin.Metadata"", ""method"": ""xs""}"
12660,reflection,Method.invoke,"{""class"": ""com.facebook.react.uimanager.BaseViewManager"", ""method"": ""setOpacity""}"
12675,reflection,Method.invoke,"{""class"": ""com.facebook.react.uimanager.BaseViewManager"", ""method"": ""setOpacity""}"
12685,reflection,Method.invoke,"{""class"": ""com.facebook.react.uimanager.BaseViewManager"", ""method"": ""setOpacity""}"
12694,reflection,Method.invoke,"{""class"": ""com.facebook.react.views.view.ReactViewManager"", ""method"": ""setCollapsable""}"
12703,reflection,Method.invoke,"{""class"": ""com.facebook.react.uimanager.BaseViewManager"", ""method"": ""setOpacity""}"
12719,reflection,Method.invoke,"{""class"": ""com.facebook.react.uimanager.BaseViewManager"", ""method"": ""setOpacity""}"
12729,reflection,Method.invoke,"{""class"": ""com.facebook.react.uimanager.BaseViewManager"", ""method"": ""setOpacity""}"
12741,reflection,Method.invoke,"{""class"": ""com.facebook.react.views.view.ReactViewManager"", ""method"": ""setPointerEvents""}"
12751,reflection,Method.invoke,"{""class"": ""com.facebook.react.uimanager.BaseViewManager"", ""method"": ""setBackgroundColor""}"
12758,reflection,Method.invoke,"{""class"": ""com.facebook.react.views.view.ReactViewManager"", ""method"": ""setCollapsable""}"
12768,reflection,Method.invoke,"{""class"": ""com.facebook.react.uimanager.BaseViewManager"", ""method"": ""setOpacity""}"
12780,reflection,Method.invoke,"{""class"": ""com.facebook.react.uimanager.BaseViewManager"", ""method"": ""setOpacity""}"
12808,reflection,Method.invoke,"{""class"": ""com.facebook.react.views.view.ReactViewManager"", ""method"": ""setBorderColor""}"
12815,reflection,Method.invoke,"{""class"": ""android.os.SystemProperties"", ""method"": ""get""}"
12831,reflection,Method.invoke,"{""class"": ""com.facebook.react.uimanager.BaseViewManager"", ""method"": ""setElevation""}"
12834,reflection,Method.invoke,"{""class"": ""android.os.SystemProperties"", ""method"": ""get""}"
12853,reflection,Method.invoke,"{""class"": ""com.facebook.react.uimanager.BaseViewManager"", ""method"": ""setBackgroundColor""}"
12864,reflection,Method.invoke,"{""class"": ""java.util.Locale"", ""method"": ""getDefault""}"
12874,reflection,Method.invoke,"{""class"": ""com.facebook.react.views.view.ReactViewManager"", ""method"": ""setPointerEvents""}"
12883,reflection,Method.invoke,"{""class"": ""com.facebook.react.views.view.ReactViewManager"", ""method"": ""setCollapsable""}"
12897,reflection,Method.invoke,"{""class"": ""android.os.SystemProperties"", ""method"": ""get""}"
12914,reflection,Method.invoke,"{""class"": ""android.os.SystemProperties"", ""method"": ""get""}"
12923,reflection,Method.invoke,"{""class"": ""com.facebook.react.views.view.ReactViewManager"", ""method"": ""setPointerEvents""}"
12932,reflection,Method.invoke,"{""class"": ""java.util.Locale"", ""method"": ""getDefault""}"
12943,reflection,Method.invoke,"{""class"": ""com.facebook.react.views.view.ReactViewManager"", ""method"": ""setCollapsable""}"
12956,reflection,Method.invoke,"{""class"": ""com.facebook.react.views.view.ReactViewManager"", ""method"": ""setPointerEvents""}"
12971,reflection,Method.invoke,"{""class"": ""com.facebook.react.views.view.ReactViewManager"", ""method"": ""setPointerEvents""}"
12982,reflection,Method.invoke,"{""class"": ""com.facebook.react.views.view.ReactViewManager"", ""method"": ""setCollapsable""}"
13004,reflection,Method.invoke,"{""class"": ""com.facebook.react.uimanager.BaseViewManager"", ""method"": ""setRole""}"
13014,reflection,Method.invoke,"{""class"": ""com.facebook.react.views.text.ReactTextAnchorViewManager"", ""method"": ""setNumberOfLines$ReactAndroid_release""}"
13026,reflection,Method.invoke,"{""class"": ""com.facebook.react.views.text.ReactTextAnchorViewManager"", ""method"": ""setAccessible$ReactAndroid_release""}"
13040,reflection,Method.invoke,"{""class"": ""com.facebook.react.views.text.ReactTextAnchorViewManager"", ""method"": ""setEllipsizeMode$ReactAndroid_release""}"
13053,reflection,Method.invoke,"{""class"": ""com.facebook.react.views.text.ReactTextAnchorViewManager"", ""method"": ""setFontSize$ReactAndroid_release""}"
13056,reflection,Method.invoke,"{""class"": ""java.util.Locale"", ""method"": ""getDefault""}"
13069,reflection,Method.invoke,"{""class"": ""com.facebook.react.views.view.ReactViewManager"", ""method"": ""setPointerEvents""}"
13076,file_io,AssetManager.open,"{""path"": ""fonts/sans-serif-medium.ttf""}"
13084,reflection,Method.invoke,"{""class"": ""com.facebook.react.views.view.ReactViewManager"", ""method"": ""setCollapsable""}"
13093,file_io,AssetManager.open,"{""path"": ""fonts/sans-serif-medium.otf""}"
13107,reflection,Method.invoke,"{""class"": ""com.facebook.react.uimanager.BaseViewManager"", ""method"": ""setBackgroundColor""}"
13118,reflection,Method.invoke,"{""class"": ""com.facebook.react.views.view.ReactViewManager"", ""method"": ""setBorderRadius""}"
13136,reflection,Method.invoke,"{""class"": ""com.facebook.react.views.view.ReactViewManager"", ""method"": ""setHitSlop""}"
13145,reflection,Method.invoke,"{""class"": ""com.facebook.react.uimanager.BaseViewManager"", ""method"": ""setResponderMove""}"
13168,reflection,Method.invoke,"{""class"": ""com.facebook.react.views.view.ReactViewManager"", ""method"": ""setAccessible""}"
13179,reflection,Method.invoke,"{""class"": ""com.facebook.react.uimanager.BaseViewManager"", ""method"": ""setOpacity""}"
13191,reflection,Method.invoke,"{""class"": ""com.facebook.react.uimanager.BaseViewManager"", ""method"": ""setResponderGrant""}"
13204,reflection,Method.invoke,"{""class"": ""com.facebook.react.uimanager.BaseViewManager"", ""method"": ""setStartShouldSetResponder""}"
13221,reflection,Method.invoke,"{""class"": ""com.facebook.react.uimanager.BaseViewManager"", ""method"": ""setResponderTerminationRequest""}"
13232,reflection,Method.invoke,"{""class"": ""com.facebook.react.uimanager.BaseViewManager"", ""method"": ""setResponderRelease""}"
13251,reflection,Method.invoke,"{""class"": ""com.facebook.react.uimanager.BaseViewManager"", ""method"": ""setResponderTerminate""}"
13255,reflection,Method.invoke,"{""class"": ""java.util.Locale"", ""method"": ""getDefault""}"
13268,reflection,Method.invoke,"{""class"": ""com.facebook.react.views.view.ReactViewManager"", ""method"": ""setFocusable""}"
13280,reflection,Method.invoke,"{""class"": ""com.facebook.react.uimanager.BaseViewManager"", ""method"": ""setClick""}"
13289,reflection,Method.invoke,"{""class"": ""com.facebook.react.views.view.ReactViewManager"", ""method"": ""setCollapsable""}"
13300,reflection,Method.invoke,"{""class"": ""com.facebook.react.uimanager.BaseViewManager"", ""method"": ""setAccessibilityValue""}"
13309,reflection,Method.invoke,"{""class"": ""com.facebook.react.uimanager.BaseViewManager"", ""method"": ""setViewState""}"
13317,reflection,Method.invoke,"{""class"": ""com.facebook.react.views.view.ReactViewManager"", ""method"": ""setPointerEvents""}"
13325,reflection,Method.invoke,"{""class"": ""com.facebook.react.views.view.ReactViewManager"", ""method"": ""setCollapsable""}"
13334,reflection,Method.invoke,"{""class"": ""com.facebook.react.views.view.ReactViewManager"", ""method"": ""setPointerEvents""}"
13341,reflection,Method.invoke,"{""class"": ""com.facebook.react.views.view.ReactViewManager"", ""method"": ""setCollapsable""}"
13352,reflection,Method.invoke,"{""class"": ""com.facebook.react.views.view.ReactViewManager"", ""method"": ""setPointerEvents""}"
13359,reflection,Method.invoke,"{""class"": ""com.facebook.react.uimanager.BaseViewManager"", ""method"": ""setZIndex""}"
13370,reflection,Method.invoke,"{""class"": ""com.facebook.react.views.view.ReactViewManager"", ""method"": ""setCollapsable""}"
13380,reflection,Method.invoke,"{""class"": ""com.facebook.react.views.text.ReactTextAnchorViewManager"", ""method"": ""setAccessible$ReactAndroid_release""}"
13388,reflection,Method.invoke,"{""class"": ""com.facebook.react.views.text.ReactTextAnchorViewManager"", ""method"": ""setEllipsizeMode$ReactAndroid_release""}"
13396,reflection,Method.invoke,"{""class"": ""com.facebook.react.views.text.ReactTextAnchorViewManager"", ""method"": ""setFontSize$ReactAndroid_release""}"
13404,reflection,Method.invoke,"{""class"": ""com.facebook.react.views.text.ReactTextAnchorViewManager"", ""method"": ""setAccessible$ReactAndroid_release""}"
13412,reflection,Method.invoke,"{""class"": ""com.facebook.react.views.text.ReactTextAnchorViewManager"", ""method"": ""setEllipsizeMode$ReactAndroid_release""}"
13421,reflection,Method.invoke,"{""class"": ""com.facebook.react.uimanager.BaseViewManager"", ""method"": ""setBackgroundColor""}"
13431,reflection,Method.invoke,"{""class"": ""com.facebook.react.views.view.ReactViewManager"", ""method"": ""setBorderRadius""}"
13440,reflection,Method.invoke,"{""class"": ""com.facebook.react.uimanager.BaseViewManager"", ""method"": ""setElevation""}"
13448,reflection,Method.invoke,"{""class"": ""com.facebook.react.views.text.ReactTextAnchorViewManager"", ""method"": ""setAccessible$ReactAndroid_release""}"
13459,reflection,Method.invoke,"{""class"": ""com.facebook.react.views.text.ReactTextAnchorViewManager"", ""method"": ""setFontSize$ReactAndroid_release""}"
13466,reflection,Method.invoke,"{""class"": ""com.facebook.react.views.text.ReactTextAnchorViewManager"", ""method"": ""setEllipsizeMode$ReactAndroid_release""}"
13478,reflection,Method.invoke,"{""class"": ""com.facebook.react.views.view.ReactViewManager"", ""method"": ""setBorderRadius""}"
13488,reflection,Method.invoke,"{""class"": ""com.facebook.react.views.view.ReactViewManager"", ""method"": ""setBorderRadius""}"
13498,reflection,Method.invoke,"{""class"": ""com.facebook.react.uimanager.BaseViewManager"", ""method"": ""setBackgroundColor""}"
13507,reflection,Method.invoke,"{""class"": ""com.facebook.react.views.view.ReactViewManager"", ""method"": ""setCollapsable""}"
13517,reflection,Method.invoke,"{""class"": ""com.facebook.react.uimanager.BaseViewManager"", ""method"": ""setAccessibilityValue""}"
13524,reflection,Method.invoke,"{""class"": ""com.facebook.react.uimanager.BaseViewManager"", ""method"": ""setResponderRelease""}"
13533,reflection,Method.invoke,"{""class"": ""com.facebook.react.views.view.ReactViewManager"", ""method"": ""setAccessible""}"
13541,reflection,Method.invoke,"{""class"": ""com.facebook.react.uimanager.BaseViewManager"", ""method"": ""setOpacity""}"
13549,reflection,Method.invoke,"{""class"": ""com.facebook.react.views.view.ReactViewManager"", ""method"": ""setHitSlop""}"
13558,reflection,Method.invoke,"{""class"": ""com.facebook.react.uimanager.BaseViewManager"", ""method"": ""setResponderMove""}"
13564,reflection,Method.invoke,"{""class"": ""com.facebook.react.uimanager.BaseViewManager"", ""method"": ""setResponderGrant""}"
13575,reflection,Method.invoke,"{""class"": ""com.facebook.react.uimanager.BaseViewManager"", ""method"": ""setStartShouldSetResponder""}"
13584,reflection,Method.invoke,"{""class"": ""com.facebook.react.uimanager.BaseViewManager"", ""method"": ""setResponderTerminate""}"
13591,reflection,Method.invoke,"{""class"": ""com.facebook.react.views.view.ReactViewManager"", ""method"": ""setFocusable""}"
13599,reflection,Method.invoke,"{""class"": ""com.facebook.react.uimanager.BaseViewManager"", ""method"": ""setResponderTerminationRequest""}"
13607,reflection,Method.invoke,"{""class"": ""com.facebook.react.uimanager.BaseViewManager"", ""method"": ""setClick""}"
13617,reflection,Method.invoke,"{""class"": ""com.facebook.react.uimanager.BaseViewManager"", ""method"": ""setViewState""}"
13633,reflection,Method.invoke,"{""class"": ""com.facebook.react.views.text.ReactTextAnchorViewManager"", ""method"": ""setAccessible$ReactAndroid_release""}"
13642,reflection,Method.invoke,"{""class"": ""com.facebook.react.views.text.ReactTextAnchorViewManager"", ""method"": ""setEllipsizeMode$ReactAndroid_release""}"
13649,reflection,Method.invoke,"{""class"": ""com.facebook.react.views.text.ReactTextAnchorViewManager"", ""method"": ""setFontSize$ReactAndroid_release""}"
13657,reflection,Method.invoke,"{""class"": ""com.facebook.react.views.view.ReactViewManager"", ""method"": ""setCollapsable""}"
13665,reflection,Method.invoke,"{""class"": ""com.facebook.react.uimanager.BaseViewManager"", ""method"": ""setAccessibilityValue""}"
13673,reflection,Method.invoke,"{""class"": ""com.facebook.react.uimanager.BaseViewManager"", ""method"": ""setResponderRelease""}"
13682,reflection,Method.invoke,"{""class"": ""com.facebook.react.views.view.ReactViewManager"", ""method"": ""setAccessible""}"
13692,reflection,Method.invoke,"{""class"": ""com.facebook.react.uimanager.BaseViewManager"", ""method"": ""setOpacity""}"
13700,reflection,Method.invoke,"{""class"": ""com.facebook.react.views.view.ReactViewManager"", ""method"": ""setHitSlop""}"
13708,reflection,Method.invoke,"{""class"": ""com.facebook.react.uimanager.BaseViewManager"", ""method"": ""setResponderMove""}"
13717,reflection,Method.invoke,"{""class"": ""com.facebook.react.uimanager.BaseViewManager"", ""method"": ""setResponderGrant""}"
13725,reflection,Method.invoke,"{""class"": ""com.facebook.react.uimanager.BaseViewManager"", ""method"": ""setStartShouldSetResponder""}"
13734,reflection,Method.invoke,"{""class"": ""com.facebook.react.uimanager.BaseViewManager"", ""method"": ""setResponderTerminate""}"
13742,reflection,Method.invoke,"{""class"": ""com.facebook.react.views.view.ReactViewManager"", ""method"": ""setFocusable""}"
13750,reflection,Method.invoke,"{""class"": ""com.facebook.react.uimanager.BaseViewManager"", ""method"": ""setResponderTerminationRequest""}"
13757,reflection,Method.invoke,"{""class"": ""com.facebook.react.uimanager.BaseViewManager"", ""method"": ""setClick""}"
13766,reflection,Method.invoke,"{""class"": ""com.facebook.react.uimanager.BaseViewManager"", ""method"": ""setViewState""}"
13773,reflection,Method.invoke,"{""class"": ""com.facebook.react.uimanager.BaseViewManager"", ""method"": ""setBackgroundColor""}"
13780,reflection,Method.invoke,"{""class"": ""com.facebook.react.views.view.ReactViewManager"", ""method"": ""setBorderRadius""}"
13789,reflection,Method.invoke,"{""class"": ""com.facebook.react.views.view.ReactViewManager"", ""method"": ""setBorderRadius""}"
13797,reflection,Method.invoke,"{""class"": ""com.facebook.react.views.text.ReactTextAnchorViewManager"", ""method"": ""setAccessible$ReactAndroid_release""}"
13806,reflection,Method.invoke,"{""class"": ""com.facebook.react.views.text.ReactTextAnchorViewManager"", ""method"": ""setFontSize$ReactAndroid_release""}"
13814,reflection,Method.invoke,"{""class"": ""com.facebook.react.views.text.ReactTextAnchorViewManager"", ""method"": ""setEllipsizeMode$ReactAndroid_release""}"
13824,reflection,Method.invoke,"{""class"": ""com.facebook.react.views.view.ReactViewManager"", ""method"": ""setBorderRadius""}"
13832,reflection,Method.invoke,"{""class"": ""com.facebook.react.views.view.ReactViewManager"", ""method"": ""setBorderRadius""}"
13840,reflection,Method.invoke,"{""class"": ""com.facebook.react.uimanager.BaseViewManager"", ""method"": ""setBackgroundColor""}"
13848,reflection,Method.invoke,"{""class"": ""com.facebook.react.views.view.ReactViewManager"", ""method"": ""setCollapsable""}"
13856,reflection,Method.invoke,"{""class"": ""com.facebook.react.uimanager.BaseViewManager"", ""method"": ""setAccessibilityValue""}"
13864,reflection,Method.invoke,"{""class"": ""com.facebook.react.uimanager.BaseViewManager"", ""method"": ""setResponderRelease""}"
13872,reflection,Method.invoke,"{""class"": ""com.facebook.react.views.view.ReactViewManager"", ""method"": ""setAccessible""}"
13879,reflection,Method.invoke,"{""class"": ""com.facebook.react.uimanager.BaseViewManager"", ""method"": ""setOpacity""}"
13888,reflection,Method.invoke,"{""class"": ""com.facebook.react.views.view.ReactViewManager"", ""method"": ""setHitSlop""}"
13895,reflection,Method.invoke,"{""class"": ""com.facebook.react.uimanager.BaseViewManager"", ""method"": ""setResponderMove""}"
13904,reflection,Method.invoke,"{""class"": ""com.facebook.react.uimanager.BaseViewManager"", ""method"": ""setResponderGrant""}"
13911,reflection,Method.invoke,"{""class"": ""com.facebook.react.uimanager.BaseViewManager"", ""method"": ""setStartShouldSetResponder""}"
13919,reflection,Method.invoke,"{""class"": ""com.facebook.react.uimanager.BaseViewManager"", ""method"": ""setResponderTerminate""}"
13926,reflection,Method.invoke,"{""class"": ""com.facebook.react.views.view.ReactViewManager"", ""method"": ""setFocusable""}"
13935,reflection,Method.invoke,"{""class"": ""com.facebook.react.uimanager.BaseViewManager"", ""method"": ""setResponderTerminationRequest""}"
13943,reflection,Method.invoke,"{""class"": ""com.facebook.react.uimanager.BaseViewManager"", ""method"": ""setClick""}"
13952,reflection,Method.invoke,"{""class"": ""com.facebook.react.uimanager.BaseViewManager"", ""method"": ""setViewState""}"
13961,reflection,Method.invoke,"{""class"": ""com.facebook.react.views.text.ReactTextAnchorViewManager"", ""method"": ""setAccessible$ReactAndroid_release""}"
13968,reflection,Method.invoke,"{""class"": ""com.facebook.react.views.text.ReactTextAnchorViewManager"", ""method"": ""setEllipsizeMode$ReactAndroid_release""}"
13976,reflection,Method.invoke,"{""class"": ""com.facebook.react.views.text.ReactTextAnchorViewManager"", ""method"": ""setFontSize$ReactAndroid_release""}"
13984,reflection,Method.invoke,"{""class"": ""com.facebook.react.views.view.ReactViewManager"", ""method"": ""setCollapsable""}"
13992,reflection,Method.invoke,"{""class"": ""com.facebook.react.uimanager.BaseViewManager"", ""method"": ""setAccessibilityValue""}"
14000,reflection,Method.invoke,"{""class"": ""com.facebook.react.uimanager.BaseViewManager"", ""method"": ""setResponderRelease""}"
14008,reflection,Method.invoke,"{""class"": ""com.facebook.react.views.view.ReactViewManager"", ""method"": ""setAccessible""}"
14017,reflection,Method.invoke,"{""class"": ""com.facebook.react.uimanager.BaseViewManager"", ""method"": ""setOpacity""}"
14027,reflection,Method.invoke,"{""class"": ""com.facebook.react.views.view.ReactViewManager"", ""method"": ""setHitSlop""}"
14037,reflection,Method.invoke,"{""class"": ""com.facebook.react.uimanager.BaseViewManager"", ""method"": ""setResponderMove""}"
14045,reflection,Method.invoke,"{""class"": ""com.facebook.react.uimanager.BaseViewManager"", ""method"": ""setResponderGrant""}"
14052,reflection,Method.invoke,"{""class"": ""com.facebook.react.uimanager.BaseViewManager"", ""method"": ""setStartShouldSetResponder""}"
14059,reflection,Method.invoke,"{""class"": ""com.facebook.react.uimanager.BaseViewManager"", ""method"": ""setResponderTerminate""}"
14066,reflection,Method.invoke,"{""class"": ""com.facebook.react.views.view.ReactViewManager"", ""method"": ""setFocusable""}"
14074,reflection,Method.invoke,"{""class"": ""com.facebook.react.uimanager.BaseViewManager"", ""method"": ""setResponderTerminationRequest""}"
14081,reflection,Method.invoke,"{""class"": ""com.facebook.react.uimanager.BaseViewManager"", ""method"": ""setClick""}"
14089,reflection,Method.invoke,"{""class"": ""com.facebook.react.uimanager.BaseViewManager"", ""method"": ""setViewState""}"
14098,reflection,Method.invoke,"{""class"": ""com.facebook.react.uimanager.BaseViewManager"", ""method"": ""setBackgroundColor""}"
14107,reflection,Method.invoke,"{""class"": ""com.facebook.react.views.view.ReactViewManager"", ""method"": ""setBorderRadius""}"
14115,reflection,Method.invoke,"{""class"": ""com.facebook.react.views.view.ReactViewManager"", ""method"": ""setBorderRadius""}"
14125,reflection,Method.invoke,"{""class"": ""com.facebook.react.views.textinput.ReactTextInputManager"", ""method"": ""setAllowFontScaling""}"
14132,reflection,Method.invoke,"{""class"": ""com.facebook.react.views.textinput.ReactTextInputManager"", ""method"": ""setFontSize""}"
14139,reflection,Method.invoke,"{""class"": ""com.facebook.react.views.textinput.ReactTextInputManager"", ""method"": ""setMultiline""}"
14151,reflection,Method.invoke,"{""class"": ""com.facebook.react.uimanager.BaseViewManager"", ""method"": ""setStartShouldSetResponder""}"
14159,reflection,Method.invoke,"{""class"": ""com.facebook.react.uimanager.BaseViewManager"", ""method"": ""setResponderGrant""}"
14167,reflection,Method.invoke,"{""class"": ""com.facebook.react.uimanager.BaseViewManager"", ""method"": ""setBackgroundColor""}"
14175,reflection,Method.invoke,"{""class"": ""com.facebook.react.views.textinput.ReactTextInputManager"", ""method"": ""setUnderlineColor""}"
14183,reflection,Method.invoke,"{""class"": ""com.facebook.react.views.textinput.ReactTextInputManager"", ""method"": ""setBorderRadius""}"
14191,reflection,Method.invoke,"{""class"": ""com.facebook.react.views.textinput.ReactTextInputManager"", ""method"": ""setOnSelectionChange""}"
14197,reflection,Method.invoke,"{""class"": ""com.facebook.react.views.textinput.ReactTextInputManager"", ""method"": ""setTextAlignVertical""}"
14206,reflection,Method.invoke,"{""class"": ""com.facebook.react.views.textinput.ReactTextInputManager"", ""method"": ""setPlaceholder""}"
14214,reflection,Method.invoke,"{""class"": ""com.facebook.react.views.textinput.ReactTextInputManager"", ""method"": ""setPlaceholderTextColor""}"
14221,reflection,Method.invoke,"{""class"": ""com.facebook.react.views.textinput.ReactTextInputManager"", ""method"": ""setNumLines""}"
14228,reflection,Method.invoke,"{""class"": ""com.facebook.react.uimanager.BaseViewManager"", ""method"": ""setResponderMove""}"
14244,reflection,Method.invoke,"{""class"": ""com.facebook.react.views.textinput.ReactTextInputManager"", ""method"": ""setMaxLength""}"
14253,reflection,Method.invoke,"{""class"": ""com.facebook.react.views.textinput.ReactTextInputManager"", ""method"": ""setAutoCapitalize""}"
14260,reflection,Method.invoke,"{""class"": ""com.facebook.react.uimanager.BaseViewManager"", ""method"": ""setResponderRelease""}"
14267,reflection,Method.invoke,"{""class"": ""com.facebook.react.views.textinput.ReactTextInputManager"", ""method"": ""setSubmitBehavior""}"
14276,reflection,Method.invoke,"{""class"": ""com.facebook.react.uimanager.BaseViewManager"", ""method"": ""setResponderTerminate""}"
14283,reflection,Method.invoke,"{""class"": ""com.facebook.react.uimanager.BaseViewManager"", ""method"": ""setResponderTerminationRequest""}"
14292,reflection,Method.invoke,"{""class"": ""com.facebook.react.uimanager.BaseViewManager"", ""method"": ""setClick""}"
14302,reflection,Method.invoke,"{""class"": ""com.facebook.react.views.textinput.ReactTextInputManager"", ""method"": ""setOnScroll""}"
14309,reflection,Method.invoke,"{""class"": ""com.facebook.react.uimanager.BaseViewManager"", ""method"": ""setNativeId""}"
14318,reflection,Method.invoke,"{""class"": ""com.facebook.react.views.view.ReactViewManager"", ""method"": ""setBorderColor""}"
14326,reflection,Method.invoke,"{""class"": ""com.facebook.react.views.view.ReactViewManager"", ""method"": ""setCollapsable""}"
14335,reflection,Method.invoke,"{""class"": ""com.facebook.react.views.view.ReactViewManager"", ""method"": ""setBorderWidth""}"
14345,reflection,Method.invoke,"{""class"": ""com.facebook.react.views.view.ReactViewManager"", ""method"": ""setBorderRadius""}"
14356,reflection,Method.invoke,"{""class"": ""com.facebook.react.views.text.ReactTextAnchorViewManager"", ""method"": ""setAccessible$ReactAndroid_release""}"
14365,reflection,Method.invoke,"{""class"": ""com.facebook.react.views.text.ReactTextAnchorViewManager"", ""method"": ""setEllipsizeMode$ReactAndroid_release""}"
14372,reflection,Method.invoke,"{""class"": ""com.facebook.react.uimanager.BaseViewManager"", ""method"": ""setOpacity""}"
14380,reflection,Method.invoke,"{""class"": ""com.facebook.react.views.text.ReactTextAnchorViewManager"", ""method"": ""setFontSize$ReactAndroid_release""}"
14387,reflection,Method.invoke,"{""class"": ""com.facebook.react.views.text.ReactTextAnchorViewManager"", ""method"": ""setAccessible$ReactAndroid_release""}"
14396,reflection,Method.invoke,"{""class"": ""com.facebook.react.views.text.ReactTextAnchorViewManager"", ""method"": ""setFontSize$ReactAndroid_release""}"
14404,reflection,Method.invoke,"{""class"": ""com.facebook.react.views.text.ReactTextAnchorViewManager"", ""method"": ""setEllipsizeMode$ReactAndroid_release""}"
14413,reflection,Method.invoke,"{""class"": ""com.facebook.react.views.view.ReactViewManager"", ""method"": ""setFocusable""}"
14421,reflection,Method.invoke,"{""class"": ""com.facebook.react.uimanager.BaseViewManager"", ""method"": ""setResponderTerminate""}"
14430,reflection,Method.invoke,"{""class"": ""com.facebook.react.views.view.ReactViewManager"", ""method"": ""setBorderRadius""}"
14439,reflection,Method.invoke,"{""class"": ""com.facebook.react.uimanager.BaseViewManager"", ""method"": ""setOpacity""}"
14447,reflection,Method.invoke,"{""class"": ""com.facebook.react.uimanager.BaseViewManager"", ""method"": ""setBackgroundColor""}"
14455,reflection,Method.invoke,"{""class"": ""com.facebook.react.views.view.ReactViewManager"", ""method"": ""setAccessible""}"
14462,reflection,Method.invoke,"{""class"": ""com.facebook.react.uimanager.BaseViewManager"", ""method"": ""setStartShouldSetResponder""}"
14471,reflection,Method.invoke,"{""class"": ""com.facebook.react.uimanager.BaseViewManager"", ""method"": ""setResponderGrant""}"
14478,reflection,Method.invoke,"{""class"": ""com.facebook.react.views.view.ReactViewManager"", ""method"": ""setHitSlop""}"
14487,reflection,Method.invoke,"{""class"": ""com.facebook.react.uimanager.BaseViewManager"", ""method"": ""setResponderMove""}"
14494,reflection,Method.invoke,"{""class"": ""com.facebook.react.uimanager.BaseViewManager"", ""method"": ""setResponderRelease""}"
14503,reflection,Method.invoke,"{""class"": ""com.facebook.react.uimanager.BaseViewManager"", ""method"": ""setResponderTerminationRequest""}"
14511,reflection,Method.invoke,"{""class"": ""com.facebook.react.uimanager.BaseViewManager"", ""method"": ""setClick""}"
14520,reflection,Method.invoke,"{""class"": ""com.facebook.react.views.view.ReactViewManager"", ""method"": ""setCollapsable""}"
14528,reflection,Method.invoke,"{""class"": ""com.facebook.react.uimanager.BaseViewManager"", ""method"": ""setAccessibilityValue""}"
14536,reflection,Method.invoke,"{""class"": ""com.facebook.react.uimanager.BaseViewManager"", ""method"": ""setViewState""}"
14543,reflection,Method.invoke,"{""class"": ""com.facebook.react.views.view.ReactViewManager"", ""method"": ""setCollapsable""}"
14551,reflection,Method.invoke,"{""class"": ""com.facebook.react.views.view.ReactViewManager"", ""method"": ""setCollapsableChildren""}"
14559,reflection,Method.invoke,"{""class"": ""com.facebook.react.uimanager.BaseViewManager"", ""method"": ""setStartShouldSetResponder""}"
14570,reflection,Method.invoke,"{""class"": ""com.facebook.react.uimanager.BaseViewManager"", ""method"": ""setResponderGrant""}"
14578,reflection,Method.invoke,"{""class"": ""com.facebook.react.uimanager.BaseViewManager"", ""method"": ""setResponderTerminationRequest""}"
14586,reflection,Method.invoke,"{""class"": ""com.facebook.react.views.scroll.ReactScrollViewManager"", ""method"": ""setSnapToEnd""}"
14595,reflection,Method.invoke,"{""class"": ""com.facebook.react.uimanager.BaseViewManager"", ""method"": ""setResponderMove""}"
14602,reflection,Method.invoke,"{""class"": ""com.facebook.react.uimanager.BaseViewManager"", ""method"": ""setClick""}"
14612,reflection,Method.invoke,"{""class"": ""com.facebook.react.uimanager.BaseViewManager"", ""method"": ""setResponderReject""}"
14619,reflection,Method.invoke,"{""class"": ""com.facebook.react.views.scroll.ReactScrollViewManager"", ""method"": ""setSendMomentumEvents""}"
14629,reflection,Method.invoke,"{""class"": ""com.facebook.react.uimanager.BaseViewManager"", ""method"": ""setTouchStart""}"
14637,reflection,Method.invoke,"{""class"": ""com.facebook.react.uimanager.BaseViewManager"", ""method"": ""setViewState""}"
14644,reflection,Method.invoke,"{""class"": ""com.facebook.react.uimanager.BaseViewManager"", ""method"": ""setResponderTerminate""}"
14653,reflection,Method.invoke,"{""class"": ""com.facebook.react.uimanager.BaseViewManager"", ""method"": ""setStartShouldSetResponderCapture""}"
14661,reflection,Method.invoke,"{""class"": ""com.facebook.react.uimanager.BaseViewManager"", ""method"": ""setTouchEnd""}"
14668,reflection,Method.invoke,"{""class"": ""com.facebook.react.uimanager.BaseViewManager"", ""method"": ""setResponderRelease""}"
14677,reflection,Method.invoke,"{""class"": ""com.facebook.react.views.scroll.ReactScrollViewManager"", ""method"": ""setSnapToStart""}"
14685,reflection,Method.invoke,"{""class"": ""com.facebook.react.views.scroll.ReactScrollViewManager"", ""method"": ""setOverflow""}"
14693,reflection,Method.invoke,"{""class"": ""com.facebook.react.uimanager.BaseViewManager"", ""method"": ""setTouchMove""}"
14702,reflection,Method.invoke,"{""class"": ""com.facebook.react.uimanager.BaseViewManager"", ""method"": ""setTouchCancel""}"
14711,reflection,Method.invoke,"{""class"": ""com.facebook.react.views.scroll.ReactScrollViewManager"", ""method"": ""setPagingEnabled""}"
14718,reflection,Method.invoke,"{""class"": ""com.facebook.react.uimanager.BaseViewManager"", ""method"": ""setBackgroundColor""}"
14726,reflection,Method.invoke,"{""class"": ""com.facebook.react.views.view.ReactViewManager"", ""method"": ""setPointerEvents""}"
14735,reflection,Method.invoke,"{""class"": ""com.facebook.react.uimanager.BaseViewManager"", ""method"": ""setBackgroundColor""}"
14742,reflection,Method.invoke,"{""class"": ""com.facebook.react.views.view.ReactViewManager"", ""method"": ""setOverflow""}"
14751,reflection,Method.invoke,"{""class"": ""com.facebook.react.views.view.ReactViewManager"", ""method"": ""setNeedsOffscreenAlphaCompositing""}"
14758,reflection,Method.invoke,"{""class"": ""com.facebook.react.views.view.ReactViewManager"", ""method"": ""setCollapsable""}"
14766,reflection,Method.invoke,"{""class"": ""com.facebook.react.uimanager.BaseViewManager"", ""method"": ""setOpacity""}"
14775,reflection,Method.invoke,"{""class"": ""com.facebook.react.uimanager.BaseViewManager"", ""method"": ""setTransform""}"
14783,reflection,Method.invoke,"{""class"": ""com.facebook.react.views.view.ReactViewManager"", ""method"": ""setCollapsable""}"
14793,reflection,Method.invoke,"{""class"": ""com.facebook.react.views.view.ReactViewManager"", ""method"": ""setPointerEvents""}"
14801,reflection,Method.invoke,"{""class"": ""com.facebook.react.views.view.ReactViewManager"", ""method"": ""setPointerEvents""}"
14810,reflection,Method.invoke,"{""class"": ""com.facebook.react.views.view.ReactViewManager"", ""method"": ""setCollapsable""}"
14820,reflection,Method.invoke,"{""class"": ""com.facebook.react.views.view.ReactViewManager"", ""method"": ""setPointerEvents""}"
14828,reflection,Method.invoke,"{""class"": ""com.facebook.react.uimanager.BaseViewManager"", ""method"": ""setImportantForAccessibility""}"
14835,reflection,Method.invoke,"{""class"": ""com.facebook.react.uimanager.BaseViewManager"", ""method"": ""setTransform""}"
14845,reflection,Method.invoke,"{""class"": ""com.facebook.react.uimanager.BaseViewManager"", ""method"": ""setOpacity""}"
14857,reflection,Method.invoke,"{""class"": ""com.facebook.react.uimanager.BaseViewManager"", ""method"": ""setTransform""}"
14864,reflection,Method.invoke,"{""class"": ""com.facebook.react.uimanager.BaseViewManager"", ""method"": ""setOpacity""}"
14873,reflection,Method.invoke,"{""class"": ""com.facebook.react.views.view.ReactViewManager"", ""method"": ""setOverflow""}"
14880,reflection,Method.invoke,"{""class"": ""com.facebook.react.uimanager.BaseViewManager"", ""method"": ""setImportantForAccessibility""}"
14888,reflection,Method.invoke,"{""class"": ""com.facebook.react.uimanager.BaseViewManager"", ""method"": ""setTransform""}"
14898,reflection,Method.invoke,"{""class"": ""com.facebook.react.uimanager.BaseViewManager"", ""method"": ""setOpacity""}"
14906,reflection,Method.invoke,"{""class"": ""com.facebook.react.uimanager.BaseViewManager"", ""method"": ""setOpacity""}"
14913,reflection,Method.invoke,"{""class"": ""com.facebook.react.uimanager.BaseViewManager"", ""method"": ""setTransform""}"
14921,reflection,Method.invoke,"{""class"": ""com.facebook.react.uimanager.BaseViewManager"", ""method"": ""setOpacity""}"
14931,reflection,Method.invoke,"{""class"": ""com.facebook.react.uimanager.BaseViewManager"", ""method"": ""setTransform""}"
14945,reflection,Method.invoke,"{""class"": ""com.facebook.react.uimanager.BaseViewManager"", ""method"": ""setTransform""}"
14957,reflection,Method.invoke,"{""class"": ""com.facebook.react.uimanager.BaseViewManager"", ""method"": ""setOpacity""}"
14965,reflection,Method.invoke,"{""class"": ""com.facebook.react.uimanager.BaseViewManager"", ""method"": ""setTransform""}"
14975,reflection,Method.invoke,"{""class"": ""com.facebook.react.uimanager.BaseViewManager"", ""method"": ""setOpacity""}"
14984,reflection,Method.invoke,"{""class"": ""com.facebook.react.uimanager.BaseViewManager"", ""method"": ""setTransform""}"
14992,reflection,Method.invoke,"{""class"": ""com.facebook.react.uimanager.BaseViewManager"", ""method"": ""setOpacity""}"
15000,reflection,Method.invoke,"{""class"": ""com.facebook.react.uimanager.BaseViewManager"", ""method"": ""setOpacity""}"
15008,reflection,Method.invoke,"{""class"": ""com.facebook.react.uimanager.BaseViewManager"", ""method"": ""setTransform""}"
15015,reflection,Method.invoke,"{""class"": ""com.facebook.react.views.view.ReactViewManager"", ""method"": ""setFocusable""}"
15023,reflection,Method.invoke,"{""class"": ""com.facebook.react.uimanager.BaseViewManager"", ""method"": ""setViewState""}"
15032,reflection,Method.invoke,"{""class"": ""com.facebook.react.uimanager.BaseViewManager"", ""method"": ""setOpacity""}"
15040,reflection,Method.invoke,"{""class"": ""com.facebook.react.uimanager.BaseViewManager"", ""method"": ""setOpacity""}"
15049,reflection,Method.invoke,"{""class"": ""com.facebook.react.uimanager.BaseViewManager"", ""method"": ""setOpacity""}"
15056,reflection,Method.invoke,"{""class"": ""com.facebook.react.uimanager.BaseViewManager"", ""method"": ""setOpacity""}"
15064,reflection,Method.invoke,"{""class"": ""com.facebook.react.uimanager.BaseViewManager"", ""method"": ""setOpacity""}"
15071,reflection,Method.invoke,"{""class"": ""com.facebook.react.uimanager.BaseViewManager"", ""method"": ""setOpacity""}"
15081,reflection,Method.invoke,"{""class"": ""com.facebook.react.uimanager.BaseViewManager"", ""method"": ""setOpacity""}"
15092,reflection,Method.invoke,"{""class"": ""com.facebook.react.uimanager.BaseViewManager"", ""method"": ""setOpacity""}"
15101,reflection,Method.invoke,"{""class"": ""com.facebook.react.uimanager.BaseViewManager"", ""method"": ""setTransform""}"
15109,reflection,Method.invoke,"{""class"": ""com.facebook.react.uimanager.BaseViewManager"", ""method"": ""setOpacity""}"
15118,reflection,Method.invoke,"{""class"": ""com.facebook.react.uimanager.BaseViewManager"", ""method"": ""setTransform""}"
15128,reflection,Method.invoke,"{""class"": ""com.facebook.react.uimanager.BaseViewManager"", ""method"": ""setOpacity""}"
15136,reflection,Method.invoke,"{""class"": ""com.facebook.react.uimanager.BaseViewManager"", ""method"": ""setTransform""}"
15143,reflection,Method.invoke,"{""class"": ""com.facebook.react.uimanager.BaseViewManager"", ""method"": ""setOpacity""}"
15151,reflection,Method.invoke,"{""class"": ""android.view.View"", ""method"": ""getViewRootImpl""}"
15161,reflection,Method.invoke,"{""class"": ""android.view.View"", ""method"": ""getViewRootImpl""}"
15274,reflection,Method.invoke,"{""class"": ""com.facebook.react.uimanager.BaseViewManager"", ""method"": ""setOpacity""}"
15281,reflection,Method.invoke,"{""class"": ""com.facebook.react.uimanager.BaseViewManager"", ""method"": ""setTransform""}"
15290,reflection,Method.invoke,"{""class"": ""com.facebook.react.uimanager.BaseViewManager"", ""method"": ""setOpacity""}"
15298,reflection,Method.invoke,"{""class"": ""com.facebook.react.uimanager.BaseViewManager"", ""method"": ""setTransform""}"
15306,reflection,Method.invoke,"{""class"": ""com.facebook.react.uimanager.BaseViewManager"", ""method"": ""setTransform""}"
15316,reflection,Method.invoke,"{""class"": ""com.facebook.react.uimanager.BaseViewManager"", ""method"": ""setOpacity""}"
15326,reflection,Method.invoke,"{""class"": ""com.facebook.react.uimanager.BaseViewManager"", ""method"": ""setTransform""}"
15334,reflection,Method.invoke,"{""class"": ""com.facebook.react.uimanager.BaseViewManager"", ""method"": ""setOpacity""}"
15342,reflection,Method.invoke,"{""class"": ""com.facebook.react.uimanager.BaseViewManager"", ""method"": ""setOpacity""}"
15351,reflection,Method.invoke,"{""class"": ""com.facebook.react.uimanager.BaseViewManager"", ""method"": ""setOpacity""}"
15360,reflection,Method.invoke,"{""class"": ""com.facebook.react.uimanager.BaseViewManager"", ""method"": ""setOpacity""}"
15368,reflection,Method.invoke,"{""class"": ""com.facebook.react.uimanager.BaseViewManager"", ""method"": ""setTransform""}"
15376,reflection,Method.invoke,"{""class"": ""com.facebook.react.uimanager.BaseViewManager"", ""method"": ""setOpacity""}"
15392,reflection,Method.invoke,"{""class"": ""expo.modules.image.records.ImageLoadEvent"", ""method"": ""getCacheType""}"
15401,reflection,Method.invoke,"{""class"": ""expo.modules.image.records.ImageLoadEvent"", ""method"": ""getSource""}"
15418,reflection,Method.invoke,"{""class"": ""expo.modules.image.records.ImageSource"", ""method"": ""getHeight""}"
15429,reflection,Method.invoke,"{""class"": ""expo.modules.image.records.ImageSource"", ""method"": ""isAnimated""}"
15439,reflection,Method.invoke,"{""class"": ""expo.modules.image.records.ImageSource"", ""method"": ""getMediaType""}"
15452,reflection,Method.invoke,"{""class"": ""expo.modules.image.records.ImageSource"", ""method"": ""getUrl""}"
15460,reflection,Method.invoke,"{""class"": ""expo.modules.image.records.ImageSource"", ""method"": ""getWidth""}"
15467,reflection,Method.invoke,"{""class"": ""expo.modules.image.records.ImageLoadEvent"", ""method"": ""getCacheType""}"
15475,reflection,Method.invoke,"{""class"": ""expo.modules.image.records.ImageLoadEvent"", ""method"": ""getSource""}"
15482,reflection,Method.invoke,"{""class"": ""expo.modules.image.records.ImageSource"", ""method"": ""getHeight""}"
15489,reflection,Method.invoke,"{""class"": ""expo.modules.image.records.ImageSource"", ""method"": ""isAnimated""}"
15497,reflection,Method.invoke,"{""class"": ""expo.modules.image.records.ImageSource"", ""method"": ""getMediaType""}"
15501,reflection,Method.invoke,"{""class"": ""expo.modules.image.records.ImageSource"", ""method"": ""getUrl""}"
15509,reflection,Method.invoke,"{""class"": ""expo.modules.image.records.ImageSource"", ""method"": ""getWidth""}"
15519,reflection,Method.invoke,"{""class"": ""com.facebook.react.uimanager.BaseViewManager"", ""method"": ""setTransform""}"
15527,reflection,Method.invoke,"{""class"": ""com.facebook.react.uimanager.BaseViewManager"", ""method"": ""setOpacity""}"
15535,reflection,Method.invoke,"{""class"": ""com.facebook.react.uimanager.BaseViewManager"", ""method"": ""setOpacity""}"
15543,reflection,Method.invoke,"{""class"": ""com.facebook.react.uimanager.BaseViewManager"", ""method"": ""setOpacity""}"
15550,reflection,Method.invoke,"{""class"": ""com.facebook.react.uimanager.BaseViewManager"", ""method"": ""setOpacity""}"
15559,reflection,Method.invoke,"{""class"": ""com.facebook.react.uimanager.BaseViewManager"", ""method"": ""setTransform""}"
15568,reflection,Method.invoke,"{""class"": ""com.facebook.react.uimanager.BaseViewManager"", ""method"": ""setOpacity""}"
15595,reflection,Method.invoke,"{""class"": ""com.facebook.react.uimanager.BaseViewManager"", ""method"": ""setTransform""}"
15607,reflection,Method.invoke,"{""class"": ""com.facebook.react.uimanager.BaseViewManager"", ""method"": ""setOpacity""}"
15624,reflection,Method.invoke,"{""class"": ""com.facebook.react.uimanager.BaseViewManager"", ""method"": ""setTransform""}"
15638,reflection,Method.invoke,"{""class"": ""com.facebook.react.uimanager.BaseViewManager"", ""method"": ""setOpacity""}"
15644,reflection,Method.invoke,"{""class"": ""com.facebook.react.uimanager.BaseViewManager"", ""method"": ""setOpacity""}"
15657,reflection,Method.invoke,"{""class"": ""com.facebook.react.uimanager.BaseViewManager"", ""method"": ""setTransform""}"
15675,reflection,Method.invoke,"{""class"": ""com.facebook.react.uimanager.BaseViewManager"", ""method"": ""setTransform""}"
15687,reflection,Method.invoke,"{""class"": ""com.facebook.react.uimanager.BaseViewManager"", ""method"": ""setOpacity""}"
17392,reflection,Method.invoke,"{""class"": ""com.facebook.react.uimanager.BaseViewManager"", ""method"": ""setTransform""}"
17405,reflection,Method.invoke,"{""class"": ""com.facebook.react.uimanager.BaseViewManager"", ""method"": ""setOpacity""}"
17411,reflection,Method.invoke,"{""class"": ""com.facebook.react.uimanager.BaseViewManager"", ""method"": ""setTransform""}"
17416,reflection,Method.invoke,"{""class"": ""com.facebook.react.uimanager.BaseViewManager"", ""method"": ""setOpacity""}"
17422,reflection,Method.invoke,"{""class"": ""com.facebook.react.views.textinput.ReactTextInputManager"", ""method"": ""setPlaceholder""}"
17440,reflection,Method.invoke,"{""class"": ""com.facebook.react.uimanager.BaseViewManager"", ""method"": ""setOpacity""}"
17487,reflection,Method.invoke,"{""class"": ""android.view.View"", ""method"": ""getViewRootImpl""}"
17492,reflection,Method.invoke,"{""class"": ""android.view.View"", ""method"": ""getViewRootImpl""}"
17507,reflection,Method.invoke,"{""class"": ""com.facebook.react.uimanager.BaseViewManager"", ""method"": ""setTransform""}"
17512,reflection,Method.invoke,"{""class"": ""com.facebook.react.uimanager.BaseViewManager"", ""method"": ""setOpacity""}"
17524,reflection,Method.invoke,"{""class"": ""com.facebook.react.uimanager.BaseViewManager"", ""method"": ""setOpacity""}"
17529,reflection,Method.invoke,"{""class"": ""com.facebook.react.uimanager.BaseViewManager"", ""method"": ""setTransform""}"
17541,reflection,Method.invoke,"{""class"": ""com.facebook.react.uimanager.BaseViewManager"", ""method"": ""setTransform""}"
17546,reflection,Method.invoke,"{""class"": ""com.facebook.react.uimanager.BaseViewManager"", ""method"": ""setOpacity""}"
17572,reflection,Method.invoke,"{""class"": ""com.facebook.react.uimanager.BaseViewManager"", ""method"": ""setTransform""}"
17578,reflection,Method.invoke,"{""class"": ""com.facebook.react.uimanager.BaseViewManager"", ""method"": ""setOpacity""}"
17592,reflection,Method.invoke,"{""class"": ""android.view.View"", ""method"": ""getViewRootImpl""}"
17597,reflection,Method.invoke,"{""class"": ""android.view.View"", ""method"": ""getViewRootImpl""}"
17658,reflection,Method.invoke,"{""class"": ""com.facebook.react.uimanager.BaseViewManager"", ""method"": ""setOpacity""}"
17667,reflection,Method.invoke,"{""class"": ""com.facebook.react.uimanager.BaseViewManager"", ""method"": ""setTransform""}"
17675,reflection,Method.invoke,"{""class"": ""com.facebook.react.uimanager.BaseViewManager"", ""method"": ""setTransform""}"
17686,reflection,Method.invoke,"{""class"": ""com.facebook.react.uimanager.BaseViewManager"", ""method"": ""setOpacity""}"
17708,reflection,Method.invoke,"{""class"": ""com.facebook.react.uimanager.BaseViewManager"", ""method"": ""setOpacity""}"
17713,reflection,Method.invoke,"{""class"": ""com.facebook.react.uimanager.BaseViewManager"", ""method"": ""setTransform""}"
17724,reflection,Method.invoke,"{""class"": ""com.facebook.react.uimanager.BaseViewManager"", ""method"": ""setTransform""}"
17729,reflection,Method.invoke,"{""class"": ""com.facebook.react.uimanager.BaseViewManager"", ""method"": ""setOpacity""}"
17756,reflection,Method.invoke,"{""class"": ""com.facebook.react.uimanager.BaseViewManager"", ""method"": ""setOpacity""}"
17761,reflection,Method.invoke,"{""class"": ""com.facebook.react.uimanager.BaseViewManager"", ""method"": ""setTransform""}"
17766,reflection,Method.invoke,"{""class"": ""com.facebook.react.uimanager.BaseViewManager"", ""method"": ""setTransform""}"
17772,reflection,Method.invoke,"{""class"": ""com.facebook.react.uimanager.BaseViewManager"", ""method"": ""setOpacity""}"
17790,reflection,Method.invoke,"{""class"": ""com.facebook.react.uimanager.BaseViewManager"", ""method"": ""setOpacity""}"
17795,reflection,Method.invoke,"{""class"": ""com.facebook.react.uimanager.BaseViewManager"", ""method"": ""setTransform""}"
17800,reflection,Method.invoke,"{""class"": ""com.facebook.react.uimanager.BaseViewManager"", ""method"": ""setTransform""}"
17805,reflection,Method.invoke,"{""class"": ""com.facebook.react.uimanager.BaseViewManager"", ""method"": ""setOpacity""}"
17824,reflection,Method.invoke,"{""class"": ""com.facebook.react.uimanager.BaseViewManager"", ""method"": ""setOpacity""}"
17829,reflection,Method.invoke,"{""class"": ""com.facebook.react.uimanager.BaseViewManager"", ""method"": ""setTransform""}"
17834,reflection,Method.invoke,"{""class"": ""com.facebook.react.uimanager.BaseViewManager"", ""method"": ""setTransform""}"
17839,reflection,Method.invoke,"{""class"": ""com.facebook.react.uimanager.BaseViewManager"", ""method"": ""setOpacity""}"
20686,reflection,Method.invoke,"{""class"": ""com.facebook.react.uimanager.BaseViewManager"", ""method"": ""setTransform""}"
20692,reflection,Method.invoke,"{""class"": ""com.facebook.react.uimanager.BaseViewManager"", ""method"": ""setOpacity""}"
20698,reflection,Method.invoke,"{""class"": ""com.facebook.react.uimanager.BaseViewManager"", ""method"": ""setOpacity""}"
20704,reflection,Method.invoke,"{""class"": ""com.facebook.react.uimanager.BaseViewManager"", ""method"": ""setTransform""}"
20713,reflection,Method.invoke,"{""class"": ""com.facebook.react.uimanager.BaseViewManager"", ""method"": ""setOpacity""}"
20728,reflection,Method.invoke,"{""class"": ""com.facebook.react.uimanager.BaseViewManager"", ""method"": ""setOpacity""}"
20742,reflection,Method.invoke,"{""class"": ""com.facebook.react.uimanager.BaseViewManager"", ""method"": ""setOpacity""}"
20751,reflection,Method.invoke,"{""class"": ""com.facebook.react.uimanager.BaseViewManager"", ""method"": ""setOpacity""}"
20769,reflection,Method.invoke,"{""class"": ""com.facebook.react.uimanager.BaseViewManager"", ""method"": ""setOpacity""}"
20791,reflection,Method.invoke,"{""class"": ""com.facebook.react.uimanager.BaseViewManager"", ""method"": ""setOpacity""}"
20798,reflection,Method.invoke,"{""class"": ""com.facebook.react.uimanager.BaseViewManager"", ""method"": ""setOpacity""}"
20808,reflection,Method.invoke,"{""class"": ""com.facebook.react.uimanager.BaseViewManager"", ""method"": ""setOpacity""}"
20818,reflection,Method.invoke,"{""class"": ""com.facebook.react.uimanager.BaseViewManager"", ""method"": ""setOpacity""}"
20840,reflection,Method.invoke,"{""class"": ""com.facebook.react.uimanager.BaseViewManager"", ""method"": ""setOpacity""}"
20853,reflection,Method.invoke,"{""class"": ""com.facebook.react.uimanager.BaseViewManager"", ""method"": ""setOpacity""}"
20871,reflection,Method.invoke,"{""class"": ""com.facebook.react.uimanager.BaseViewManager"", ""method"": ""setOpacity""}"
20887,reflection,Method.invoke,"{""class"": ""com.facebook.react.uimanager.BaseViewManager"", ""method"": ""setOpacity""}"
20904,reflection,Method.invoke,"{""class"": ""com.facebook.react.uimanager.BaseViewManager"", ""method"": ""setOpacity""}"
20922,reflection,Method.invoke,"{""class"": ""com.facebook.react.uimanager.BaseViewManager"", ""method"": ""setOpacity""}"
20937,reflection,Method.invoke,"{""class"": ""com.facebook.react.uimanager.BaseViewManager"", ""method"": ""setOpacity""}"
20951,reflection,Method.invoke,"{""class"": ""com.facebook.react.uimanager.BaseViewManager"", ""method"": ""setTransform""}"
20956,reflection,Method.invoke,"{""class"": ""com.facebook.react.uimanager.BaseViewManager"", ""method"": ""setOpacity""}"
20961,reflection,Method.invoke,"{""class"": ""com.facebook.react.uimanager.BaseViewManager"", ""method"": ""setTransform""}"
20966,reflection,Method.invoke,"{""class"": ""com.facebook.react.uimanager.BaseViewManager"", ""method"": ""setOpacity""}"
20992,reflection,Method.invoke,"{""class"": ""com.facebook.react.uimanager.BaseViewManager"", ""method"": ""setOpacity""}"
21220,reflection,Method.invoke,"{""class"": ""com.facebook.react.uimanager.BaseViewManager"", ""method"": ""setTransform""}"
21227,reflection,Method.invoke,"{""class"": ""com.facebook.react.uimanager.BaseViewManager"", ""method"": ""setOpacity""}"
21233,reflection,Method.invoke,"{""class"": ""com.facebook.react.uimanager.BaseViewManager"", ""method"": ""setOpacity""}"
21239,reflection,Method.invoke,"{""class"": ""com.facebook.react.uimanager.BaseViewManager"", ""method"": ""setTransform""}"
21246,reflection,Method.invoke,"{""class"": ""com.facebook.react.uimanager.BaseViewManager"", ""method"": ""setOpacity""}"
21486,reflection,Method.invoke,"{""class"": ""com.facebook.react.uimanager.BaseViewManager"", ""method"": ""setTransform""}"
21492,reflection,Method.invoke,"{""class"": ""com.facebook.react.uimanager.BaseViewManager"", ""method"": ""setOpacity""}"
21498,reflection,Method.invoke,"{""class"": ""com.facebook.react.uimanager.BaseViewManager"", ""method"": ""setTransform""}"
21504,reflection,Method.invoke,"{""class"": ""com.facebook.react.uimanager.BaseViewManager"", ""method"": ""setOpacity""}"
21512,reflection,Method.invoke,"{""class"": ""com.facebook.react.uimanager.BaseViewManager"", ""method"": ""setOpacity""}"
21754,reflection,Method.invoke,"{""class"": ""com.facebook.react.uimanager.BaseViewManager"", ""method"": ""setTransform""}"
21761,reflection,Method.invoke,"{""class"": ""com.facebook.react.uimanager.BaseViewManager"", ""method"": ""setOpacity""}"
21768,reflection,Method.invoke,"{""class"": ""com.facebook.react.uimanager.BaseViewManager"", ""method"": ""setOpacity""}"
21774,reflection,Method.invoke,"{""class"": ""com.facebook.react.uimanager.BaseViewManager"", ""method"": ""setTransform""}"
21782,reflection,Method.invoke,"{""class"": ""com.facebook.react.uimanager.BaseViewManager"", ""method"": ""setOpacity""}"
22020,reflection,Method.invoke,"{""class"": ""com.facebook.react.uimanager.BaseViewManager"", ""method"": ""setTransform""}"
22027,reflection,Method.invoke,"{""class"": ""com.facebook.react.uimanager.BaseViewManager"", ""method"": ""setOpacity""}"
22033,reflection,Method.invoke,"{""class"": ""com.facebook.react.uimanager.BaseViewManager"", ""method"": ""setTransform""}"
22040,reflection,Method.invoke,"{""class"": ""com.facebook.react.uimanager.BaseViewManager"", ""method"": ""setOpacity""}"
22047,reflection,Method.invoke,"{""class"": ""com.facebook.react.uimanager.BaseViewManager"", ""method"": ""setOpacity""}"
22286,reflection,Method.invoke,"{""class"": ""com.facebook.react.uimanager.BaseViewManager"", ""method"": ""setTransform""}"
22293,reflection,Method.invoke,"{""class"": ""com.facebook.react.uimanager.BaseViewManager"", ""method"": ""setOpacity""}"
22300,reflection,Method.invoke,"{""class"": ""com.facebook.react.uimanager.BaseViewManager"", ""method"": ""setOpacity""}"
22306,reflection,Method.invoke,"{""class"": ""com.facebook.react.uimanager.BaseViewManager"", ""method"": ""setTransform""}"
22314,reflection,Method.invoke,"{""class"": ""com.facebook.react.uimanager.BaseViewManager"", ""method"": ""setOpacity""}"
22554,reflection,Method.invoke,"{""class"": ""com.facebook.react.uimanager.BaseViewManager"", ""method"": ""setTransform""}"
22560,reflection,Method.invoke,"{""class"": ""com.facebook.react.uimanager.BaseViewManager"", ""method"": ""setOpacity""}"
22567,reflection,Method.invoke,"{""class"": ""com.facebook.react.uimanager.BaseViewManager"", ""method"": ""setTransform""}"
22573,reflection,Method.invoke,"{""class"": ""com.facebook.react.uimanager.BaseViewManager"", ""method"": ""setOpacity""}"
22581,reflection,Method.invoke,"{""class"": ""com.facebook.react.uimanager.BaseViewManager"", ""method"": ""setOpacity""}"
22819,reflection,Method.invoke,"{""class"": ""com.facebook.react.uimanager.BaseViewManager"", ""method"": ""setTransform""}"
22827,reflection,Method.invoke,"{""class"": ""com.facebook.react.uimanager.BaseViewManager"", ""method"": ""setOpacity""}"
22834,reflection,Method.invoke,"{""class"": ""com.facebook.react.uimanager.BaseViewManager"", ""method"": ""setOpacity""}"
22841,reflection,Method.invoke,"{""class"": ""com.facebook.react.uimanager.BaseViewManager"", ""method"": ""setTransform""}"
22848,reflection,Method.invoke,"{""class"": ""com.facebook.react.uimanager.BaseViewManager"", ""method"": ""setOpacity""}"
23088,reflection,Method.invoke,"{""class"": ""com.facebook.react.uimanager.BaseViewManager"", ""method"": ""setTransform""}"
23095,reflection,Method.invoke,"{""class"": ""com.facebook.react.uimanager.BaseViewManager"", ""method"": ""setOpacity""}"
23103,reflection,Method.invoke,"{""class"": ""com.facebook.react.uimanager.BaseViewManager"", ""method"": ""setTransform""}"
23109,reflection,Method.invoke,"{""class"": ""com.facebook.react.uimanager.BaseViewManager"", ""method"": ""setOpacity""}"
23117,reflection,Method.invoke,"{""class"": ""com.facebook.react.uimanager.BaseViewManager"", ""method"": ""setOpacity""}"
23353,reflection,Method.invoke,"{""class"": ""com.facebook.react.uimanager.BaseViewManager"", ""method"": ""setTransform""}"
23361,reflection,Method.invoke,"{""class"": ""com.facebook.react.uimanager.BaseViewManager"", ""method"": ""setOpacity""}"
23369,reflection,Method.invoke,"{""class"": ""com.facebook.react.uimanager.BaseViewManager"", ""method"": ""setOpacity""}"
23375,reflection,Method.invoke,"{""class"": ""com.facebook.react.uimanager.BaseViewManager"", ""method"": ""setTransform""}"
23384,reflection,Method.invoke,"{""class"": ""com.facebook.react.uimanager.BaseViewManager"", ""method"": ""setOpacity""}"
23620,reflection,Method.invoke,"{""class"": ""com.facebook.react.uimanager.BaseViewManager"", ""method"": ""setTransform""}"
23628,reflection,Method.invoke,"{""class"": ""com.facebook.react.uimanager.BaseViewManager"", ""method"": ""setOpacity""}"
23635,reflection,Method.invoke,"{""class"": ""com.facebook.react.uimanager.BaseViewManager"", ""method"": ""setTransform""}"
23641,reflection,Method.invoke,"{""class"": ""com.facebook.react.uimanager.BaseViewManager"", ""method"": ""setOpacity""}"
23650,reflection,Method.invoke,"{""class"": ""com.facebook.react.uimanager.BaseViewManager"", ""method"": ""setOpacity""}"
23887,reflection,Method.invoke,"{""class"": ""com.facebook.react.uimanager.BaseViewManager"", ""method"": ""setTransform""}"
23895,reflection,Method.invoke,"{""class"": ""com.facebook.react.uimanager.BaseViewManager"", ""method"": ""setOpacity""}"
23902,reflection,Method.invoke,"{""class"": ""com.facebook.react.uimanager.BaseViewManager"", ""method"": ""setOpacity""}"
23908,reflection,Method.invoke,"{""class"": ""com.facebook.react.uimanager.BaseViewManager"", ""method"": ""setTransform""}"
23916,reflection,Method.invoke,"{""class"": ""com.facebook.react.uimanager.BaseViewManager"", ""method"": ""setOpacity""}"
24153,reflection,Method.invoke,"{""class"": ""com.facebook.react.uimanager.BaseViewManager"", ""method"": ""setTransform""}"
24163,reflection,Method.invoke,"{""class"": ""com.facebook.react.uimanager.BaseViewManager"", ""method"": ""setOpacity""}"
24171,reflection,Method.invoke,"{""class"": ""com.facebook.react.uimanager.BaseViewManager"", ""method"": ""setTransform""}"
24177,reflection,Method.invoke,"{""class"": ""com.facebook.react.uimanager.BaseViewManager"", ""method"": ""setOpacity""}"
24185,reflection,Method.invoke,"{""class"": ""com.facebook.react.uimanager.BaseViewManager"", ""method"": ""setOpacity""}"
24419,reflection,Method.invoke,"{""class"": ""com.facebook.react.uimanager.BaseViewManager"", ""method"": ""setTransform""}"
24427,reflection,Method.invoke,"{""class"": ""com.facebook.react.uimanager.BaseViewManager"", ""method"": ""setOpacity""}"
24433,reflection,Method.invoke,"{""class"": ""com.facebook.react.uimanager.BaseViewManager"", ""method"": ""setOpacity""}"
24440,reflection,Method.invoke,"{""class"": ""com.facebook.react.uimanager.BaseViewManager"", ""method"": ""setTransform""}"
24447,reflection,Method.invoke,"{""class"": ""com.facebook.react.uimanager.BaseViewManager"", ""method"": ""setOpacity""}"
24688,reflection,Method.invoke,"{""class"": ""com.facebook.react.uimanager.BaseViewManager"", ""method"": ""setTransform""}"
24695,reflection,Method.invoke,"{""class"": ""com.facebook.react.uimanager.BaseViewManager"", ""method"": ""setOpacity""}"
24702,reflection,Method.invoke,"{""class"": ""com.facebook.react.uimanager.BaseViewManager"", ""method"": ""setTransform""}"
24709,reflection,Method.invoke,"{""class"": ""com.facebook.react.uimanager.BaseViewManager"", ""method"": ""setOpacity""}"
24717,reflection,Method.invoke,"{""class"": ""com.facebook.react.uimanager.BaseViewManager"", ""method"": ""setOpacity""}"
24953,reflection,Method.invoke,"{""class"": ""com.facebook.react.uimanager.BaseViewManager"", ""method"": ""setTransform""}"
24962,reflection,Method.invoke,"{""class"": ""com.facebook.react.uimanager.BaseViewManager"", ""method"": ""setOpacity""}"
24969,reflection,Method.invoke,"{""class"": ""com.facebook.react.uimanager.BaseViewManager"", ""method"": ""setOpacity""}"
24975,reflection,Method.invoke,"{""class"": ""com.facebook.react.uimanager.BaseViewManager"", ""method"": ""setTransform""}"
24982,reflection,Method.invoke,"{""class"": ""com.facebook.react.uimanager.BaseViewManager"", ""method"": ""setOpacity""}"
25220,reflection,Method.invoke,"{""class"": ""com.facebook.react.uimanager.BaseViewManager"", ""method"": ""setTransform""}"
25228,reflection,Method.invoke,"{""class"": ""com.facebook.react.uimanager.BaseViewManager"", ""method"": ""setOpacity""}"
25235,reflection,Method.invoke,"{""class"": ""com.facebook.react.uimanager.BaseViewManager"", ""method"": ""setTransform""}"
25241,reflection,Method.invoke,"{""class"": ""com.facebook.react.uimanager.BaseViewManager"", ""method"": ""setOpacity""}"
25248,reflection,Method.invoke,"{""class"": ""com.facebook.react.uimanager.BaseViewManager"", ""method"": ""setOpacity""}"
25487,reflection,Method.invoke,"{""class"": ""com.facebook.react.uimanager.BaseViewManager"", ""method"": ""setTransform""}"
25495,reflection,Method.invoke,"{""class"": ""com.facebook.react.uimanager.BaseViewManager"", ""method"": ""setOpacity""}"
25503,reflection,Method.invoke,"{""class"": ""com.facebook.react.uimanager.BaseViewManager"", ""method"": ""setOpacity""}"
25509,reflection,Method.invoke,"{""class"": ""com.facebook.react.uimanager.BaseViewManager"", ""method"": ""setTransform""}"
25517,reflection,Method.invoke,"{""class"": ""com.facebook.react.uimanager.BaseViewManager"", ""method"": ""setOpacity""}"
25754,reflection,Method.invoke,"{""class"": ""com.facebook.react.uimanager.BaseViewManager"", ""method"": ""setTransform""}"
25762,reflection,Method.invoke,"{""class"": ""com.facebook.react.uimanager.BaseViewManager"", ""method"": ""setOpacity""}"
25768,reflection,Method.invoke,"{""class"": ""com.facebook.react.uimanager.BaseViewManager"", ""method"": ""setTransform""}"
25775,reflection,Method.invoke,"{""class"": ""com.facebook.react.uimanager.BaseViewManager"", ""method"": ""setOpacity""}"
25782,reflection,Method.invoke,"{""class"": ""com.facebook.react.uimanager.BaseViewManager"", ""method"": ""setOpacity""}"
26021,reflection,Method.invoke,"{""class"": ""com.facebook.react.uimanager.BaseViewManager"", ""method"": ""setTransform""}"
26029,reflection,Method.invoke,"{""class"": ""com.facebook.react.uimanager.BaseViewManager"", ""method"": ""setOpacity""}"
26035,reflection,Method.invoke,"{""class"": ""com.facebook.react.uimanager.BaseViewManager"", ""method"": ""setOpacity""}"
26042,reflection,Method.invoke,"{""class"": ""com.facebook.react.uimanager.BaseViewManager"", ""method"": ""setTransform""}"
26050,reflection,Method.invoke,"{""class"": ""com.facebook.react.uimanager.BaseViewManager"", ""method"": ""setOpacity""}"
26288,reflection,Method.invoke,"{""class"": ""com.facebook.react.uimanager.BaseViewManager"", ""method"": ""setTransform""}"
26296,reflection,Method.invoke,"{""class"": ""com.facebook.react.uimanager.BaseViewManager"", ""method"": ""setOpacity""}"
26303,reflection,Method.invoke,"{""class"": ""com.facebook.react.uimanager.BaseViewManager"", ""method"": ""setTransform""}"
26309,reflection,Method.invoke,"{""class"": ""com.facebook.react.uimanager.BaseViewManager"", ""method"": ""setOpacity""}"
26317,reflection,Method.invoke,"{""class"": ""com.facebook.react.uimanager.BaseViewManager"", ""method"": ""setOpacity""}"
26554,reflection,Method.invoke,"{""class"": ""com.facebook.react.uimanager.BaseViewManager"", ""method"": ""setTransform""}"
26562,reflection,Method.invoke,"{""class"": ""com.facebook.react.uimanager.BaseViewManager"", ""method"": ""setOpacity""}"
26569,reflection,Method.invoke,"{""class"": ""com.facebook.react.uimanager.BaseViewManager"", ""method"": ""setOpacity""}"
26576,reflection,Method.invoke,"{""class"": ""com.facebook.react.uimanager.BaseViewManager"", ""method"": ""setTransform""}"
26585,reflection,Method.invoke,"{""class"": ""com.facebook.react.uimanager.BaseViewManager"", ""method"": ""setOpacity""}"
26823,reflection,Method.invoke,"{""class"": ""com.facebook.react.uimanager.BaseViewManager"", ""method"": ""setTransform""}"
26831,reflection,Method.invoke,"{""class"": ""com.facebook.react.uimanager.BaseViewManager"", ""method"": ""setOpacity""}"
26838,reflection,Method.invoke,"{""class"": ""com.facebook.react.uimanager.BaseViewManager"", ""method"": ""setTransform""}"
26843,reflection,Method.invoke,"{""class"": ""com.facebook.react.uimanager.BaseViewManager"", ""method"": ""setOpacity""}"
26851,reflection,Method.invoke,"{""class"": ""com.facebook.react.uimanager.BaseViewManager"", ""method"": ""setOpacity""}"
27092,reflection,Method.invoke,"{""class"": ""com.facebook.react.uimanager.BaseViewManager"", ""method"": ""setTransform""}"
27101,reflection,Method.invoke,"{""class"": ""com.facebook.react.uimanager.BaseViewManager"", ""method"": ""setOpacity""}"
27108,reflection,Method.invoke,"{""class"": ""com.facebook.react.uimanager.BaseViewManager"", ""method"": ""setOpacity""}"
27115,reflection,Method.invoke,"{""class"": ""com.facebook.react.uimanager.BaseViewManager"", ""method"": ""setTransform""}"
27122,reflection,Method.invoke,"{""class"": ""com.facebook.react.uimanager.BaseViewManager"", ""method"": ""setOpacity""}"
27354,reflection,Method.invoke,"{""class"": ""com.facebook.react.uimanager.BaseViewManager"", ""method"": ""setTransform""}"
27360,reflection,Method.invoke,"{""class"": ""com.facebook.react.uimanager.BaseViewManager"", ""method"": ""setOpacity""}"
27372,reflection,Method.invoke,"{""class"": ""com.facebook.react.uimanager.BaseViewManager"", ""method"": ""setTransform""}"
27378,reflection,Method.invoke,"{""class"": ""com.facebook.react.uimanager.BaseViewManager"", ""method"": ""setOpacity""}"
27389,reflection,Method.invoke,"{""class"": ""com.facebook.react.uimanager.BaseViewManager"", ""method"": ""setOpacity""}"
27619,reflection,Method.invoke,"{""class"": ""com.facebook.react.uimanager.BaseViewManager"", ""method"": ""setTransform""}"
27626,reflection,Method.invoke,"{""class"": ""com.facebook.react.uimanager.BaseViewManager"", ""method"": ""setOpacity""}"
27633,reflection,Method.invoke,"{""class"": ""com.facebook.react.uimanager.BaseViewManager"", ""method"": ""setOpacity""}"
27640,reflection,Method.invoke,"{""class"": ""com.facebook.react.uimanager.BaseViewManager"", ""method"": ""setTransform""}"
27648,reflection,Method.invoke,"{""class"": ""com.facebook.react.uimanager.BaseViewManager"", ""method"": ""setOpacity""}"
27886,reflection,Method.invoke,"{""class"": ""com.facebook.react.uimanager.BaseViewManager"", ""method"": ""setTransform""}"
27894,reflection,Method.invoke,"{""class"": ""com.facebook.react.uimanager.BaseViewManager"", ""method"": ""setOpacity""}"
27900,reflection,Method.invoke,"{""class"": ""com.facebook.react.uimanager.BaseViewManager"", ""method"": ""setTransform""}"
27906,reflection,Method.invoke,"{""class"": ""com.facebook.react.uimanager.BaseViewManager"", ""method"": ""setOpacity""}"
27914,reflection,Method.invoke,"{""class"": ""com.facebook.react.uimanager.BaseViewManager"", ""method"": ""setOpacity""}"
28154,reflection,Method.invoke,"{""class"": ""com.facebook.react.uimanager.BaseViewManager"", ""method"": ""setTransform""}"
28163,reflection,Method.invoke,"{""class"": ""com.facebook.react.uimanager.BaseViewManager"", ""method"": ""setOpacity""}"
28173,reflection,Method.invoke,"{""class"": ""com.facebook.react.uimanager.BaseViewManager"", ""method"": ""setOpacity""}"
28181,reflection,Method.invoke,"{""class"": ""com.facebook.react.uimanager.BaseViewManager"", ""method"": ""setTransform""}"
28188,reflection,Method.invoke,"{""class"": ""com.facebook.react.uimanager.BaseViewManager"", ""method"": ""setOpacity""}"
28420,reflection,Method.invoke,"{""class"": ""com.facebook.react.uimanager.BaseViewManager"", ""method"": ""setTransform""}"
28427,reflection,Method.invoke,"{""class"": ""com.facebook.react.uimanager.BaseViewManager"", ""method"": ""setOpacity""}"
28434,reflection,Method.invoke,"{""class"": ""com.facebook.react.uimanager.BaseViewManager"", ""method"": ""setTransform""}"
28440,reflection,Method.invoke,"{""class"": ""com.facebook.react.uimanager.BaseViewManager"", ""method"": ""setOpacity""}"
28446,reflection,Method.invoke,"{""class"": ""com.facebook.react.uimanager.BaseViewManager"", ""method"": ""setOpacity""}"
28686,reflection,Method.invoke,"{""class"": ""com.facebook.react.uimanager.BaseViewManager"", ""method"": ""setTransform""}"
28693,reflection,Method.invoke,"{""class"": ""com.facebook.react.uimanager.BaseViewManager"", ""method"": ""setOpacity""}"
28700,reflection,Method.invoke,"{""class"": ""com.facebook.react.uimanager.BaseViewManager"", ""method"": ""setOpacity""}"
28707,reflection,Method.invoke,"{""class"": ""com.facebook.react.uimanager.BaseViewManager"", ""method"": ""setTransform""}"
28715,reflection,Method.invoke,"{""class"": ""com.facebook.react.uimanager.BaseViewManager"", ""method"": ""setOpacity""}"
28954,reflection,Method.invoke,"{""class"": ""com.facebook.react.uimanager.BaseViewManager"", ""method"": ""setTransform""}"
28961,reflection,Method.invoke,"{""class"": ""com.facebook.react.uimanager.BaseViewManager"", ""method"": ""setOpacity""}"
28968,reflection,Method.invoke,"{""class"": ""com.facebook.react.uimanager.BaseViewManager"", ""method"": ""setTransform""}"
28974,reflection,Method.invoke,"{""class"": ""com.facebook.react.uimanager.BaseViewManager"", ""method"": ""setOpacity""}"
28981,reflection,Method.invoke,"{""class"": ""com.facebook.react.uimanager.BaseViewManager"", ""method"": ""setOpacity""}"
29220,reflection,Method.invoke,"{""class"": ""com.facebook.react.uimanager.BaseViewManager"", ""method"": ""setTransform""}"
29227,reflection,Method.invoke,"{""class"": ""com.facebook.react.uimanager.BaseViewManager"", ""method"": ""setOpacity""}"
29233,reflection,Method.invoke,"{""class"": ""com.facebook.react.uimanager.BaseViewManager"", ""method"": ""setOpacity""}"
29239,reflection,Method.invoke,"{""class"": ""com.facebook.react.uimanager.BaseViewManager"", ""method"": ""setTransform""}"
29245,reflection,Method.invoke,"{""class"": ""com.facebook.react.uimanager.BaseViewManager"", ""method"": ""setOpacity""}"
29488,reflection,Method.invoke,"{""class"": ""com.facebook.react.uimanager.BaseViewManager"", ""method"": ""setTransform""}"
29495,reflection,Method.invoke,"{""class"": ""com.facebook.react.uimanager.BaseViewManager"", ""method"": ""setOpacity""}"
29502,reflection,Method.invoke,"{""class"": ""com.facebook.react.uimanager.BaseViewManager"", ""method"": ""setTransform""}"
29508,reflection,Method.invoke,"{""class"": ""com.facebook.react.uimanager.BaseViewManager"", ""method"": ""setOpacity""}"
29515,reflection,Method.invoke,"{""class"": ""com.facebook.react.uimanager.BaseViewManager"", ""method"": ""setOpacity""}"
29753,reflection,Method.invoke,"{""class"": ""com.facebook.react.uimanager.BaseViewManager"", ""method"": ""setTransform""}"
29763,reflection,Method.invoke,"{""class"": ""com.facebook.react.uimanager.BaseViewManager"", ""method"": ""setOpacity""}"
29769,reflection,Method.invoke,"{""class"": ""com.facebook.react.uimanager.BaseViewManager"", ""method"": ""setOpacity""}"
29776,reflection,Method.invoke,"{""class"": ""com.facebook.react.uimanager.BaseViewManager"", ""method"": ""setTransform""}"
29783,reflection,Method.invoke,"{""class"": ""com.facebook.react.uimanager.BaseViewManager"", ""method"": ""setOpacity""}"
30019,reflection,Method.invoke,"{""class"": ""com.facebook.react.uimanager.BaseViewManager"", ""method"": ""setTransform""}"
30026,reflection,Method.invoke,"{""class"": ""com.facebook.react.uimanager.BaseViewManager"", ""method"": ""setOpacity""}"
30032,reflection,Method.invoke,"{""class"": ""com.facebook.react.uimanager.BaseViewManager"", ""method"": ""setTransform""}"
30038,reflection,Method.invoke,"{""class"": ""com.facebook.react.uimanager.BaseViewManager"", ""method"": ""setOpacity""}"
30045,reflection,Method.invoke,"{""class"": ""com.facebook.react.uimanager.BaseViewManager"", ""method"": ""setOpacity""}"
30287,reflection,Method.invoke,"{""class"": ""com.facebook.react.uimanager.BaseViewManager"", ""method"": ""setTransform""}"
30295,reflection,Method.invoke,"{""class"": ""com.facebook.react.uimanager.BaseViewManager"", ""method"": ""setOpacity""}"
30302,reflection,Method.invoke,"{""class"": ""com.facebook.react.uimanager.BaseViewManager"", ""method"": ""setOpacity""}"
30309,reflection,Method.invoke,"{""class"": ""com.facebook.react.uimanager.BaseViewManager"", ""method"": ""setTransform""}"
30316,reflection,Method.invoke,"{""class"": ""com.facebook.react.uimanager.BaseViewManager"", ""method"": ""setOpacity""}"
30554,reflection,Method.invoke,"{""class"": ""com.facebook.react.uimanager.BaseViewManager"", ""method"": ""setTransform""}"
30562,reflection,Method.invoke,"{""class"": ""com.facebook.react.uimanager.BaseViewManager"", ""method"": ""setOpacity""}"
30568,reflection,Method.invoke,"{""class"": ""com.facebook.react.uimanager.BaseViewManager"", ""method"": ""setTransform""}"
30574,reflection,Method.invoke,"{""class"": ""com.facebook.react.uimanager.BaseViewManager"", ""method"": ""setOpacity""}"
30583,reflection,Method.invoke,"{""class"": ""com.facebook.react.uimanager.BaseViewManager"", ""method"": ""setOpacity""}"
30818,reflection,Method.invoke,"{""class"": ""com.facebook.react.uimanager.BaseViewManager"", ""method"": ""setTransform""}"
30825,reflection,Method.invoke,"{""class"": ""com.facebook.react.uimanager.BaseViewManager"", ""method"": ""setOpacity""}"
30830,reflection,Method.invoke,"{""class"": ""com.facebook.react.uimanager.BaseViewManager"", ""method"": ""setOpacity""}"
30836,reflection,Method.invoke,"{""class"": ""com.facebook.react.uimanager.BaseViewManager"", ""method"": ""setTransform""}"
30853,reflection,Method.invoke,"{""class"": ""com.facebook.react.uimanager.BaseViewManager"", ""method"": ""setOpacity""}"
31087,reflection,Method.invoke,"{""class"": ""com.facebook.react.uimanager.BaseViewManager"", ""method"": ""setTransform""}"
31094,reflection,Method.invoke,"{""class"": ""com.facebook.react.uimanager.BaseViewManager"", ""method"": ""setOpacity""}"
31100,reflection,Method.invoke,"{""class"": ""com.facebook.react.uimanager.BaseViewManager"", ""method"": ""setTransform""}"
31107,reflection,Method.invoke,"{""class"": ""com.facebook.react.uimanager.BaseViewManager"", ""method"": ""setOpacity""}"
31114,reflection,Method.invoke,"{""class"": ""com.facebook.react.uimanager.BaseViewManager"", ""method"": ""setOpacity""}"
31351,reflection,Method.invoke,"{""class"": ""com.facebook.react.uimanager.BaseViewManager"", ""method"": ""setTransform""}"
31357,reflection,Method.invoke,"{""class"": ""com.facebook.react.uimanager.BaseViewManager"", ""method"": ""setOpacity""}"
31363,reflection,Method.invoke,"{""class"": ""com.facebook.react.uimanager.BaseViewManager"", ""method"": ""setOpacity""}"
31368,reflection,Method.invoke,"{""class"": ""com.facebook.react.uimanager.BaseViewManager"", ""method"": ""setTransform""}"
31375,reflection,Method.invoke,"{""class"": ""com.facebook.react.uimanager.BaseViewManager"", ""method"": ""setOpacity""}"
31621,reflection,Method.invoke,"{""class"": ""com.facebook.react.uimanager.BaseViewManager"", ""method"": ""setTransform""}"
31627,reflection,Method.invoke,"{""class"": ""com.facebook.react.uimanager.BaseViewManager"", ""method"": ""setOpacity""}"
31633,reflection,Method.invoke,"{""class"": ""com.facebook.react.uimanager.BaseViewManager"", ""method"": ""setTransform""}"
31638,reflection,Method.invoke,"{""class"": ""com.facebook.react.uimanager.BaseViewManager"", ""method"": ""setOpacity""}"
31645,reflection,Method.invoke,"{""class"": ""com.facebook.react.uimanager.BaseViewManager"", ""method"": ""setOpacity""}"
31887,reflection,Method.invoke,"{""class"": ""com.facebook.react.uimanager.BaseViewManager"", ""method"": ""setTransform""}"
31895,reflection,Method.invoke,"{""class"": ""com.facebook.react.uimanager.BaseViewManager"", ""method"": ""setOpacity""}"
31902,reflection,Method.invoke,"{""class"": ""com.facebook.react.uimanager.BaseViewManager"", ""method"": ""setOpacity""}"
31909,reflection,Method.invoke,"{""class"": ""com.facebook.react.uimanager.BaseViewManager"", ""method"": ""setTransform""}"
31917,reflection,Method.invoke,"{""class"": ""com.facebook.react.uimanager.BaseViewManager"", ""method"": ""setOpacity""}"
32154,reflection,Method.invoke,"{""class"": ""com.facebook.react.uimanager.BaseViewManager"", ""method"": ""setTransform""}"
32160,reflection,Method.invoke,"{""class"": ""com.facebook.react.uimanager.BaseViewManager"", ""method"": ""setOpacity""}"
32167,reflection,Method.invoke,"{""class"": ""com.facebook.react.uimanager.BaseViewManager"", ""method"": ""setTransform""}"
32173,reflection,Method.invoke,"{""class"": ""com.facebook.react.uimanager.BaseViewManager"", ""method"": ""setOpacity""}"
32180,reflection,Method.invoke,"{""class"": ""com.facebook.react.uimanager.BaseViewManager"", ""method"": ""setOpacity""}"
32420,reflection,Method.invoke,"{""class"": ""com.facebook.react.uimanager.BaseViewManager"", ""method"": ""setTransform""}"
32429,reflection,Method.invoke,"{""class"": ""com.facebook.react.uimanager.BaseViewManager"", ""method"": ""setOpacity""}"
32435,reflection,Method.invoke,"{""class"": ""com.facebook.react.uimanager.BaseViewManager"", ""method"": ""setOpacity""}"
32441,reflection,Method.invoke,"{""class"": ""com.facebook.react.uimanager.BaseViewManager"", ""method"": ""setTransform""}"
32451,reflection,Method.invoke,"{""class"": ""com.facebook.react.uimanager.BaseViewManager"", ""method"": ""setOpacity""}"
32687,reflection,Method.invoke,"{""class"": ""com.facebook.react.uimanager.BaseViewManager"", ""method"": ""setTransform""}"
32695,reflection,Method.invoke,"{""class"": ""com.facebook.react.uimanager.BaseViewManager"", ""method"": ""setOpacity""}"
32702,reflection,Method.invoke,"{""class"": ""com.facebook.react.uimanager.BaseViewManager"", ""method"": ""setTransform""}"
32709,reflection,Method.invoke,"{""class"": ""com.facebook.react.uimanager.BaseViewManager"", ""method"": ""setOpacity""}"
32718,reflection,Method.invoke,"{""class"": ""com.facebook.react.uimanager.BaseViewManager"", ""method"": ""setOpacity""}"
32953,reflection,Method.invoke,"{""class"": ""com.facebook.react.uimanager.BaseViewManager"", ""method"": ""setTransform""}"
32960,reflection,Method.invoke,"{""class"": ""com.facebook.react.uimanager.BaseViewManager"", ""method"": ""setOpacity""}"
32968,reflection,Method.invoke,"{""class"": ""com.facebook.react.uimanager.BaseViewManager"", ""method"": ""setOpacity""}"
32974,reflection,Method.invoke,"{""class"": ""com.facebook.react.uimanager.BaseViewManager"", ""method"": ""setTransform""}"
32982,reflection,Method.invoke,"{""class"": ""com.facebook.react.uimanager.BaseViewManager"", ""method"": ""setOpacity""}"
33219,reflection,Method.invoke,"{""class"": ""com.facebook.react.uimanager.BaseViewManager"", ""method"": ""setTransform""}"
33225,reflection,Method.invoke,"{""class"": ""com.facebook.react.uimanager.BaseViewManager"", ""method"": ""setOpacity""}"
33233,reflection,Method.invoke,"{""class"": ""com.facebook.react.uimanager.BaseViewManager"", ""method"": ""setTransform""}"
33239,reflection,Method.invoke,"{""class"": ""com.facebook.react.uimanager.BaseViewManager"", ""method"": ""setOpacity""}"
33248,reflection,Method.invoke,"{""class"": ""com.facebook.react.uimanager.BaseViewManager"", ""method"": ""setOpacity""}"
33489,reflection,Method.invoke,"{""class"": ""com.facebook.react.uimanager.BaseViewManager"", ""method"": ""setTransform""}"
33498,reflection,Method.invoke,"{""class"": ""com.facebook.react.uimanager.BaseViewManager"", ""method"": ""setOpacity""}"
33505,reflection,Method.invoke,"{""class"": ""com.facebook.react.uimanager.BaseViewManager"", ""method"": ""setOpacity""}"
33512,reflection,Method.invoke,"{""class"": ""com.facebook.react.uimanager.BaseViewManager"", ""method"": ""setTransform""}"
33519,reflection,Method.invoke,"{""class"": ""com.facebook.react.uimanager.BaseViewManager"", ""method"": ""setOpacity""}"
33755,reflection,Method.invoke,"{""class"": ""com.facebook.react.uimanager.BaseViewManager"", ""method"": ""setTransform""}"
33762,reflection,Method.invoke,"{""class"": ""com.facebook.react.uimanager.BaseViewManager"", ""method"": ""setOpacity""}"
33768,reflection,Method.invoke,"{""class"": ""com.facebook.react.uimanager.BaseViewManager"", ""method"": ""setTransform""}"
33775,reflection,Method.invoke,"{""class"": ""com.facebook.react.uimanager.BaseViewManager"", ""method"": ""setOpacity""}"
33784,reflection,Method.invoke,"{""class"": ""com.facebook.react.uimanager.BaseViewManager"", ""method"": ""setOpacity""}"
34020,reflection,Method.invoke,"{""class"": ""com.facebook.react.uimanager.BaseViewManager"", ""method"": ""setTransform""}"
34029,reflection,Method.invoke,"{""class"": ""com.facebook.react.uimanager.BaseViewManager"", ""method"": ""setOpacity""}"
34035,reflection,Method.invoke,"{""class"": ""com.facebook.react.uimanager.BaseViewManager"", ""method"": ""setOpacity""}"
34042,reflection,Method.invoke,"{""class"": ""com.facebook.react.uimanager.BaseViewManager"", ""method"": ""setTransform""}"
34050,reflection,Method.invoke,"{""class"": ""com.facebook.react.uimanager.BaseViewManager"", ""method"": ""setOpacity""}"
34291,reflection,Method.invoke,"{""class"": ""com.facebook.react.views.text.ReactTextAnchorViewManager"", ""method"": ""setAccessible$ReactAndroid_release""}"
34298,reflection,Method.invoke,"{""class"": ""com.facebook.react.views.text.ReactTextAnchorViewManager"", ""method"": ""setEllipsizeMode$ReactAndroid_release""}"
34305,reflection,Method.invoke,"{""class"": ""com.facebook.react.views.text.ReactTextAnchorViewManager"", ""method"": ""setFontSize$ReactAndroid_release""}"
34312,reflection,Method.invoke,"{""class"": ""com.facebook.react.uimanager.BaseViewManager"", ""method"": ""setTransform""}"
34317,reflection,Method.invoke,"{""class"": ""com.facebook.react.uimanager.BaseViewManager"", ""method"": ""setOpacity""}"
34322,reflection,Method.invoke,"{""class"": ""com.facebook.react.uimanager.BaseViewManager"", ""method"": ""setTransform""}"
34328,reflection,Method.invoke,"{""class"": ""com.facebook.react.uimanager.BaseViewManager"", ""method"": ""setOpacity""}"
34337,reflection,Method.invoke,"{""class"": ""com.facebook.react.uimanager.BaseViewManager"", ""method"": ""setOpacity""}"
35552,reflection,Method.invoke,"{""class"": ""com.facebook.react.uimanager.BaseViewManager"", ""method"": ""setTransform""}"
35557,reflection,Method.invoke,"{""class"": ""com.facebook.react.uimanager.BaseViewManager"", ""method"": ""setOpacity""}"
35562,reflection,Method.invoke,"{""class"": ""com.facebook.react.uimanager.BaseViewManager"", ""method"": ""setOpacity""}"
35568,reflection,Method.invoke,"{""class"": ""com.facebook.react.uimanager.BaseViewManager"", ""method"": ""setTransform""}"
35577,reflection,Method.invoke,"{""class"": ""com.facebook.react.uimanager.BaseViewManager"", ""method"": ""setOpacity""}"
35591,reflection,Method.invoke,"{""class"": ""com.facebook.react.uimanager.BaseViewManager"", ""method"": ""setOpacity""}"
35610,reflection,Method.invoke,"{""class"": ""com.facebook.react.uimanager.BaseViewManager"", ""method"": ""setOpacity""}"
35624,reflection,Method.invoke,"{""class"": ""com.facebook.react.uimanager.BaseViewManager"", ""method"": ""setOpacity""}"
35641,reflection,Method.invoke,"{""class"": ""com.facebook.react.uimanager.BaseViewManager"", ""method"": ""setOpacity""}"
35656,reflection,Method.invoke,"{""class"": ""com.facebook.react.uimanager.BaseViewManager"", ""method"": ""setOpacity""}"
35668,reflection,Method.invoke,"{""class"": ""com.facebook.react.uimanager.BaseViewManager"", ""method"": ""setOpacity""}"
35673,reflection,Method.invoke,"{""class"": ""com.facebook.react.uimanager.BaseViewManager"", ""method"": ""setOpacity""}"
35685,reflection,Method.invoke,"{""class"": ""com.facebook.react.uimanager.BaseViewManager"", ""method"": ""setOpacity""}"
35707,reflection,Method.invoke,"{""class"": ""com.facebook.react.uimanager.BaseViewManager"", ""method"": ""setOpacity""}"
35720,reflection,Method.invoke,"{""class"": ""com.facebook.react.uimanager.BaseViewManager"", ""method"": ""setOpacity""}"
35734,reflection,Method.invoke,"{""class"": ""com.facebook.react.uimanager.BaseViewManager"", ""method"": ""setOpacity""}"
35755,reflection,Method.invoke,"{""class"": ""com.facebook.react.uimanager.BaseViewManager"", ""method"": ""setOpacity""}"
35771,reflection,Method.invoke,"{""class"": ""com.facebook.react.uimanager.BaseViewManager"", ""method"": ""setOpacity""}"
35786,reflection,Method.invoke,"{""class"": ""com.facebook.react.uimanager.BaseViewManager"", ""method"": ""setOpacity""}"
35805,reflection,Method.invoke,"{""class"": ""com.facebook.react.uimanager.BaseViewManager"", ""method"": ""setOpacity""}"
35818,reflection,Method.invoke,"{""class"": ""com.facebook.react.uimanager.BaseViewManager"", ""method"": ""setTransform""}"
35823,reflection,Method.invoke,"{""class"": ""com.facebook.react.uimanager.BaseViewManager"", ""method"": ""setOpacity""}"
35828,reflection,Method.invoke,"{""class"": ""com.facebook.react.uimanager.BaseViewManager"", ""method"": ""setTransform""}"
35833,reflection,Method.invoke,"{""class"": ""com.facebook.react.uimanager.BaseViewManager"", ""method"": ""setOpacity""}"
35840,reflection,Method.invoke,"{""class"": ""com.facebook.react.uimanager.BaseViewManager"", ""method"": ""setOpacity""}"
36086,reflection,Method.invoke,"{""class"": ""com.facebook.react.uimanager.BaseViewManager"", ""method"": ""setTransform""}"
36094,reflection,Method.invoke,"{""class"": ""com.facebook.react.uimanager.BaseViewManager"", ""method"": ""setOpacity""}"
36100,reflection,Method.invoke,"{""class"": ""com.facebook.react.uimanager.BaseViewManager"", ""method"": ""setOpacity""}"
36106,reflection,Method.invoke,"{""class"": ""com.facebook.react.uimanager.BaseViewManager"", ""method"": ""setTransform""}"
36116,reflection,Method.invoke,"{""class"": ""com.facebook.react.uimanager.BaseViewManager"", ""method"": ""setOpacity""}"
36354,reflection,Method.invoke,"{""class"": ""com.facebook.react.uimanager.BaseViewManager"", ""method"": ""setTransform""}"
36362,reflection,Method.invoke,"{""class"": ""com.facebook.react.uimanager.BaseViewManager"", ""method"": ""setOpacity""}"
36369,reflection,Method.invoke,"{""class"": ""com.facebook.react.uimanager.BaseViewManager"", ""method"": ""setTransform""}"
36375,reflection,Method.invoke,"{""class"": ""com.facebook.react.uimanager.BaseViewManager"", ""method"": ""setOpacity""}"
36382,reflection,Method.invoke,"{""class"": ""com.facebook.react.uimanager.BaseViewManager"", ""method"": ""setOpacity""}"
36619,reflection,Method.invoke,"{""class"": ""com.facebook.react.uimanager.BaseViewManager"", ""method"": ""setTransform""}"
36626,reflection,Method.invoke,"{""class"": ""com.facebook.react.uimanager.BaseViewManager"", ""method"": ""setOpacity""}"
36632,reflection,Method.invoke,"{""class"": ""com.facebook.react.uimanager.BaseViewManager"", ""method"": ""setOpacity""}"
36638,reflection,Method.invoke,"{""class"": ""com.facebook.react.uimanager.BaseViewManager"", ""method"": ""setTransform""}"
36646,reflection,Method.invoke,"{""class"": ""com.facebook.react.uimanager.BaseViewManager"", ""method"": ""setOpacity""}"
36887,reflection,Method.invoke,"{""class"": ""com.facebook.react.uimanager.BaseViewManager"", ""method"": ""setTransform""}"
36894,reflection,Method.invoke,"{""class"": ""com.facebook.react.uimanager.BaseViewManager"", ""method"": ""setOpacity""}"
36902,reflection,Method.invoke,"{""class"": ""com.facebook.react.uimanager.BaseViewManager"", ""method"": ""setTransform""}"
36908,reflection,Method.invoke,"{""class"": ""com.facebook.react.uimanager.BaseViewManager"", ""method"": ""setOpacity""}"
36916,reflection,Method.invoke,"{""class"": ""com.facebook.react.uimanager.BaseViewManager"", ""method"": ""setOpacity""}"
37155,reflection,Method.invoke,"{""class"": ""com.facebook.react.uimanager.BaseViewManager"", ""method"": ""setTransform""}"
37163,reflection,Method.invoke,"{""class"": ""com.facebook.react.uimanager.BaseViewManager"", ""method"": ""setOpacity""}"
37171,reflection,Method.invoke,"{""class"": ""com.facebook.react.uimanager.BaseViewManager"", ""method"": ""setOpacity""}"
37178,reflection,Method.invoke,"{""class"": ""com.facebook.react.uimanager.BaseViewManager"", ""method"": ""setTransform""}"
37185,reflection,Method.invoke,"{""class"": ""com.facebook.react.uimanager.BaseViewManager"", ""method"": ""setOpacity""}"
37419,reflection,Method.invoke,"{""class"": ""com.facebook.react.uimanager.BaseViewManager"", ""method"": ""setTransform""}"
37426,reflection,Method.invoke,"{""class"": ""com.facebook.react.uimanager.BaseViewManager"", ""method"": ""setOpacity""}"
37431,reflection,Method.invoke,"{""class"": ""com.facebook.react.uimanager.BaseViewManager"", ""method"": ""setTransform""}"
37437,reflection,Method.invoke,"{""class"": ""com.facebook.react.uimanager.BaseViewManager"", ""method"": ""setOpacity""}"
37443,reflection,Method.invoke,"{""class"": ""com.facebook.react.uimanager.BaseViewManager"", ""method"": ""setOpacity""}"
37686,reflection,Method.invoke,"{""class"": ""com.facebook.react.uimanager.BaseViewManager"", ""method"": ""setTransform""}"
37696,reflection,Method.invoke,"{""class"": ""com.facebook.react.uimanager.BaseViewManager"", ""method"": ""setOpacity""}"
37702,reflection,Method.invoke,"{""class"": ""com.facebook.react.uimanager.BaseViewManager"", ""method"": ""setOpacity""}"
37709,reflection,Method.invoke,"{""class"": ""com.facebook.react.uimanager.BaseViewManager"", ""method"": ""setTransform""}"
37718,reflection,Method.invoke,"{""class"": ""com.facebook.react.uimanager.BaseViewManager"", ""method"": ""setOpacity""}"
37953,reflection,Method.invoke,"{""class"": ""com.facebook.react.uimanager.BaseViewManager"", ""method"": ""setTransform""}"
37962,reflection,Method.invoke,"{""class"": ""com.facebook.react.uimanager.BaseViewManager"", ""method"": ""setOpacity""}"
37969,reflection,Method.invoke,"{""class"": ""com.facebook.react.uimanager.BaseViewManager"", ""method"": ""setTransform""}"
37975,reflection,Method.invoke,"{""class"": ""com.facebook.react.uimanager.BaseViewManager"", ""method"": ""setOpacity""}"
37982,reflection,Method.invoke,"{""class"": ""com.facebook.react.uimanager.BaseViewManager"", ""method"": ""setOpacity""}"
38219,reflection,Method.invoke,"{""class"": ""com.facebook.react.uimanager.BaseViewManager"", ""method"": ""setTransform""}"
38227,reflection,Method.invoke,"{""class"": ""com.facebook.react.uimanager.BaseViewManager"", ""method"": ""setOpacity""}"
38234,reflection,Method.invoke,"{""class"": ""com.facebook.react.uimanager.BaseViewManager"", ""method"": ""setOpacity""}"
38239,reflection,Method.invoke,"{""class"": ""com.facebook.react.uimanager.BaseViewManager"", ""method"": ""setTransform""}"
38246,reflection,Method.invoke,"{""class"": ""com.facebook.react.uimanager.BaseViewManager"", ""method"": ""setOpacity""}"
38489,reflection,Method.invoke,"{""class"": ""com.facebook.react.uimanager.BaseViewManager"", ""method"": ""setTransform""}"
38496,reflection,Method.invoke,"{""class"": ""com.facebook.react.uimanager.BaseViewManager"", ""method"": ""setOpacity""}"
38503,reflection,Method.invoke,"{""class"": ""com.facebook.react.uimanager.BaseViewManager"", ""method"": ""setTransform""}"
38509,reflection,Method.invoke,"{""class"": ""com.facebook.react.uimanager.BaseViewManager"", ""method"": ""setOpacity""}"
38517,reflection,Method.invoke,"{""class"": ""com.facebook.react.uimanager.BaseViewManager"", ""method"": ""setOpacity""}"
38762,reflection,Method.invoke,"{""class"": ""com.facebook.react.uimanager.BaseViewManager"", ""method"": ""setTransform""}"
38770,reflection,Method.invoke,"{""class"": ""com.facebook.react.uimanager.BaseViewManager"", ""method"": ""setOpacity""}"
38776,reflection,Method.invoke,"{""class"": ""com.facebook.react.uimanager.BaseViewManager"", ""method"": ""setOpacity""}"
38783,reflection,Method.invoke,"{""class"": ""com.facebook.react.uimanager.BaseViewManager"", ""method"": ""setTransform""}"
38791,reflection,Method.invoke,"{""class"": ""com.facebook.react.uimanager.BaseViewManager"", ""method"": ""setOpacity""}"
39021,reflection,Method.invoke,"{""class"": ""com.facebook.react.uimanager.BaseViewManager"", ""method"": ""setTransform""}"
39028,reflection,Method.invoke,"{""class"": ""com.facebook.react.uimanager.BaseViewManager"", ""method"": ""setOpacity""}"
39034,reflection,Method.invoke,"{""class"": ""com.facebook.react.uimanager.BaseViewManager"", ""method"": ""setTransform""}"
39041,reflection,Method.invoke,"{""class"": ""com.facebook.react.uimanager.BaseViewManager"", ""method"": ""setOpacity""}"
39049,reflection,Method.invoke,"{""class"": ""com.facebook.react.uimanager.BaseViewManager"", ""method"": ""setOpacity""}"
39286,reflection,Method.invoke,"{""class"": ""com.facebook.react.uimanager.BaseViewManager"", ""method"": ""setTransform""}"
39294,reflection,Method.invoke,"{""class"": ""com.facebook.react.uimanager.BaseViewManager"", ""method"": ""setOpacity""}"
39301,reflection,Method.invoke,"{""class"": ""com.facebook.react.uimanager.BaseViewManager"", ""method"": ""setOpacity""}"
39307,reflection,Method.invoke,"{""class"": ""com.facebook.react.uimanager.BaseViewManager"", ""method"": ""setTransform""}"
39314,reflection,Method.invoke,"{""class"": ""com.facebook.react.uimanager.BaseViewManager"", ""method"": ""setOpacity""}"
39553,reflection,Method.invoke,"{""class"": ""com.facebook.react.uimanager.BaseViewManager"", ""method"": ""setTransform""}"
39560,reflection,Method.invoke,"{""class"": ""com.facebook.react.uimanager.BaseViewManager"", ""method"": ""setOpacity""}"
39567,reflection,Method.invoke,"{""class"": ""com.facebook.react.uimanager.BaseViewManager"", ""method"": ""setTransform""}"
39573,reflection,Method.invoke,"{""class"": ""com.facebook.react.uimanager.BaseViewManager"", ""method"": ""setOpacity""}"
39582,reflection,Method.invoke,"{""class"": ""com.facebook.react.uimanager.BaseViewManager"", ""method"": ""setOpacity""}"
39820,reflection,Method.invoke,"{""class"": ""com.facebook.react.uimanager.BaseViewManager"", ""method"": ""setTransform""}"
39829,reflection,Method.invoke,"{""class"": ""com.facebook.react.uimanager.BaseViewManager"", ""method"": ""setOpacity""}"
39837,reflection,Method.invoke,"{""class"": ""com.facebook.react.uimanager.BaseViewManager"", ""method"": ""setOpacity""}"
39844,reflection,Method.invoke,"{""class"": ""com.facebook.react.uimanager.BaseViewManager"", ""method"": ""setTransform""}"
39851,reflection,Method.invoke,"{""class"": ""com.facebook.react.uimanager.BaseViewManager"", ""method"": ""setOpacity""}"
40087,reflection,Method.invoke,"{""class"": ""com.facebook.react.uimanager.BaseViewManager"", ""method"": ""setTransform""}"
40095,reflection,Method.invoke,"{""class"": ""com.facebook.react.uimanager.BaseViewManager"", ""method"": ""setOpacity""}"
40101,reflection,Method.invoke,"{""class"": ""com.facebook.react.uimanager.BaseViewManager"", ""method"": ""setTransform""}"
40108,reflection,Method.invoke,"{""class"": ""com.facebook.react.uimanager.BaseViewManager"", ""method"": ""setOpacity""}"
40115,reflection,Method.invoke,"{""class"": ""com.facebook.react.uimanager.BaseViewManager"", ""method"": ""setOpacity""}"
40355,reflection,Method.invoke,"{""class"": ""com.facebook.react.uimanager.BaseViewManager"", ""method"": ""setTransform""}"
40363,reflection,Method.invoke,"{""class"": ""com.facebook.react.uimanager.BaseViewManager"", ""method"": ""setOpacity""}"
40371,reflection,Method.invoke,"{""class"": ""com.facebook.react.uimanager.BaseViewManager"", ""method"": ""setOpacity""}"
40377,reflection,Method.invoke,"{""class"": ""com.facebook.react.uimanager.BaseViewManager"", ""method"": ""setTransform""}"
40387,reflection,Method.invoke,"{""class"": ""com.facebook.react.uimanager.BaseViewManager"", ""method"": ""setOpacity""}"
40622,reflection,Method.invoke,"{""class"": ""com.facebook.react.uimanager.BaseViewManager"", ""method"": ""setTransform""}"
40629,reflection,Method.invoke,"{""class"": ""com.facebook.react.uimanager.BaseViewManager"", ""method"": ""setOpacity""}"
40637,reflection,Method.invoke,"{""class"": ""com.facebook.react.uimanager.BaseViewManager"", ""method"": ""setTransform""}"
40644,reflection,Method.invoke,"{""class"": ""com.facebook.react.uimanager.BaseViewManager"", ""method"": ""setOpacity""}"
40660,reflection,Method.invoke,"{""class"": ""com.facebook.react.uimanager.BaseViewManager"", ""method"": ""setOpacity""}"
40891,reflection,Method.invoke,"{""class"": ""com.facebook.react.uimanager.BaseViewManager"", ""method"": ""setTransform""}"
40898,reflection,Method.invoke,"{""class"": ""com.facebook.react.uimanager.BaseViewManager"", ""method"": ""setOpacity""}"
40910,reflection,Method.invoke,"{""class"": ""com.facebook.react.uimanager.BaseViewManager"", ""method"": ""setOpacity""}"
40916,reflection,Method.invoke,"{""class"": ""com.facebook.react.uimanager.BaseViewManager"", ""method"": ""setTransform""}"
40924,reflection,Method.invoke,"{""class"": ""com.facebook.react.uimanager.BaseViewManager"", ""method"": ""setOpacity""}"
41159,reflection,Method.invoke,"{""class"": ""com.facebook.react.uimanager.BaseViewManager"", ""method"": ""setTransform""}"
41167,reflection,Method.invoke,"{""class"": ""com.facebook.react.uimanager.BaseViewManager"", ""method"": ""setOpacity""}"
41174,reflection,Method.invoke,"{""class"": ""com.facebook.react.uimanager.BaseViewManager"", ""method"": ""setTransform""}"
41181,reflection,Method.invoke,"{""class"": ""com.facebook.react.uimanager.BaseViewManager"", ""method"": ""setOpacity""}"
41199,reflection,Method.invoke,"{""class"": ""com.facebook.react.uimanager.BaseViewManager"", ""method"": ""setOpacity""}"
41420,reflection,Method.invoke,"{""class"": ""com.facebook.react.uimanager.BaseViewManager"", ""method"": ""setTransform""}"
41429,reflection,Method.invoke,"{""class"": ""com.facebook.react.uimanager.BaseViewManager"", ""method"": ""setOpacity""}"
41437,reflection,Method.invoke,"{""class"": ""com.facebook.react.uimanager.BaseViewManager"", ""method"": ""setOpacity""}"
41443,reflection,Method.invoke,"{""class"": ""com.facebook.react.uimanager.BaseViewManager"", ""method"": ""setTransform""}"
41451,reflection,Method.invoke,"{""class"": ""com.facebook.react.uimanager.BaseViewManager"", ""method"": ""setOpacity""}"
41686,reflection,Method.invoke,"{""class"": ""com.facebook.react.uimanager.BaseViewManager"", ""method"": ""setTransform""}"
41694,reflection,Method.invoke,"{""class"": ""com.facebook.react.uimanager.BaseViewManager"", ""method"": ""setOpacity""}"
41702,reflection,Method.invoke,"{""class"": ""com.facebook.react.uimanager.BaseViewManager"", ""method"": ""setTransform""}"
41709,reflection,Method.invoke,"{""class"": ""com.facebook.react.uimanager.BaseViewManager"", ""method"": ""setOpacity""}"
41716,reflection,Method.invoke,"{""class"": ""com.facebook.react.uimanager.BaseViewManager"", ""method"": ""setOpacity""}"
41954,reflection,Method.invoke,"{""class"": ""com.facebook.react.uimanager.BaseViewManager"", ""method"": ""setTransform""}"
41961,reflection,Method.invoke,"{""class"": ""com.facebook.react.uimanager.BaseViewManager"", ""method"": ""setOpacity""}"
41969,reflection,Method.invoke,"{""class"": ""com.facebook.react.uimanager.BaseViewManager"", ""method"": ""setOpacity""}"
41975,reflection,Method.invoke,"{""class"": ""com.facebook.react.uimanager.BaseViewManager"", ""method"": ""setTransform""}"
41982,reflection,Method.invoke,"{""class"": ""com.facebook.react.uimanager.BaseViewManager"", ""method"": ""setOpacity""}"
42220,reflection,Method.invoke,"{""class"": ""com.facebook.react.uimanager.BaseViewManager"", ""method"": ""setTransform""}"
42228,reflection,Method.invoke,"{""class"": ""com.facebook.react.uimanager.BaseViewManager"", ""method"": ""setOpacity""}"
42235,reflection,Method.invoke,"{""class"": ""com.facebook.react.uimanager.BaseViewManager"", ""method"": ""setTransform""}"
42241,reflection,Method.invoke,"{""class"": ""com.facebook.react.uimanager.BaseViewManager"", ""method"": ""setOpacity""}"
42250,reflection,Method.invoke,"{""class"": ""com.facebook.react.uimanager.BaseViewManager"", ""method"": ""setOpacity""}"
42486,reflection,Method.invoke,"{""class"": ""com.facebook.react.uimanager.BaseViewManager"", ""method"": ""setTransform""}"
42492,reflection,Method.invoke,"{""class"": ""com.facebook.react.uimanager.BaseViewManager"", ""method"": ""setOpacity""}"
42498,reflection,Method.invoke,"{""class"": ""com.facebook.react.uimanager.BaseViewManager"", ""method"": ""setOpacity""}"
42505,reflection,Method.invoke,"{""class"": ""com.facebook.react.uimanager.BaseViewManager"", ""method"": ""setTransform""}"
42513,reflection,Method.invoke,"{""class"": ""com.facebook.react.uimanager.BaseViewManager"", ""method"": ""setOpacity""}"
42752,reflection,Method.invoke,"{""class"": ""com.facebook.react.uimanager.BaseViewManager"", ""method"": ""setTransform""}"
42760,reflection,Method.invoke,"{""class"": ""com.facebook.react.uimanager.BaseViewManager"", ""method"": ""setOpacity""}"
42768,reflection,Method.invoke,"{""class"": ""com.facebook.react.uimanager.BaseViewManager"", ""method"": ""setTransform""}"
42774,reflection,Method.invoke,"{""class"": ""com.facebook.react.uimanager.BaseViewManager"", ""method"": ""setOpacity""}"
42781,reflection,Method.invoke,"{""class"": ""com.facebook.react.uimanager.BaseViewManager"", ""method"": ""setOpacity""}"
43021,reflection,Method.invoke,"{""class"": ""com.facebook.react.uimanager.BaseViewManager"", ""method"": ""setTransform""}"
43029,reflection,Method.invoke,"{""class"": ""com.facebook.react.uimanager.BaseViewManager"", ""method"": ""setOpacity""}"
43037,reflection,Method.invoke,"{""class"": ""com.facebook.react.uimanager.BaseViewManager"", ""method"": ""setOpacity""}"
43043,reflection,Method.invoke,"{""class"": ""com.facebook.react.uimanager.BaseViewManager"", ""method"": ""setTransform""}"
43052,reflection,Method.invoke,"{""class"": ""com.facebook.react.uimanager.BaseViewManager"", ""method"": ""setOpacity""}"
43289,reflection,Method.invoke,"{""class"": ""com.facebook.react.uimanager.BaseViewManager"", ""method"": ""setTransform""}"
43295,reflection,Method.invoke,"{""class"": ""com.facebook.react.uimanager.BaseViewManager"", ""method"": ""setOpacity""}"
43301,reflection,Method.invoke,"{""class"": ""com.facebook.react.uimanager.BaseViewManager"", ""method"": ""setTransform""}"
43308,reflection,Method.invoke,"{""class"": ""com.facebook.react.uimanager.BaseViewManager"", ""method"": ""setOpacity""}"
43316,reflection,Method.invoke,"{""class"": ""com.facebook.react.uimanager.BaseViewManager"", ""method"": ""setOpacity""}"
43553,reflection,Method.invoke,"{""class"": ""com.facebook.react.uimanager.BaseViewManager"", ""method"": ""setTransform""}"
43561,reflection,Method.invoke,"{""class"": ""com.facebook.react.uimanager.BaseViewManager"", ""method"": ""setOpacity""}"
43570,reflection,Method.invoke,"{""class"": ""com.facebook.react.uimanager.BaseViewManager"", ""method"": ""setOpacity""}"
43576,reflection,Method.invoke,"{""class"": ""com.facebook.react.uimanager.BaseViewManager"", ""method"": ""setTransform""}"
43584,reflection,Method.invoke,"{""class"": ""com.facebook.react.uimanager.BaseViewManager"", ""method"": ""setOpacity""}"
43819,reflection,Method.invoke,"{""class"": ""com.facebook.react.uimanager.BaseViewManager"", ""method"": ""setTransform""}"
43827,reflection,Method.invoke,"{""class"": ""com.facebook.react.uimanager.BaseViewManager"", ""method"": ""setOpacity""}"
43833,reflection,Method.invoke,"{""class"": ""com.facebook.react.uimanager.BaseViewManager"", ""method"": ""setTransform""}"
43839,reflection,Method.invoke,"{""class"": ""com.facebook.react.uimanager.BaseViewManager"", ""method"": ""setOpacity""}"
43847,reflection,Method.invoke,"{""class"": ""com.facebook.react.uimanager.BaseViewManager"", ""method"": ""setOpacity""}"
44087,reflection,Method.invoke,"{""class"": ""com.facebook.react.uimanager.BaseViewManager"", ""method"": ""setTransform""}"
44094,reflection,Method.invoke,"{""class"": ""com.facebook.react.uimanager.BaseViewManager"", ""method"": ""setOpacity""}"
44100,reflection,Method.invoke,"{""class"": ""com.facebook.react.uimanager.BaseViewManager"", ""method"": ""setOpacity""}"
44106,reflection,Method.invoke,"{""class"": ""com.facebook.react.uimanager.BaseViewManager"", ""method"": ""setTransform""}"
44114,reflection,Method.invoke,"{""class"": ""com.facebook.react.uimanager.BaseViewManager"", ""method"": ""setOpacity""}"
44354,reflection,Method.invoke,"{""class"": ""com.facebook.react.uimanager.BaseViewManager"", ""method"": ""setTransform""}"
44361,reflection,Method.invoke,"{""class"": ""com.facebook.react.uimanager.BaseViewManager"", ""method"": ""setOpacity""}"
44368,reflection,Method.invoke,"{""class"": ""com.facebook.react.uimanager.BaseViewManager"", ""method"": ""setTransform""}"
44374,reflection,Method.invoke,"{""class"": ""com.facebook.react.uimanager.BaseViewManager"", ""method"": ""setOpacity""}"
44381,reflection,Method.invoke,"{""class"": ""com.facebook.react.uimanager.BaseViewManager"", ""method"": ""setOpacity""}"
44620,reflection,Method.invoke,"{""class"": ""com.facebook.react.uimanager.BaseViewManager"", ""method"": ""setTransform""}"
44628,reflection,Method.invoke,"{""class"": ""com.facebook.react.uimanager.BaseViewManager"", ""method"": ""setOpacity""}"
44636,reflection,Method.invoke,"{""class"": ""com.facebook.react.uimanager.BaseViewManager"", ""method"": ""setOpacity""}"
44642,reflection,Method.invoke,"{""class"": ""com.facebook.react.uimanager.BaseViewManager"", ""method"": ""setTransform""}"
44651,reflection,Method.invoke,"{""class"": ""com.facebook.react.uimanager.BaseViewManager"", ""method"": ""setOpacity""}"
44886,reflection,Method.invoke,"{""class"": ""com.facebook.react.uimanager.BaseViewManager"", ""method"": ""setTransform""}"
44892,reflection,Method.invoke,"{""class"": ""com.facebook.react.uimanager.BaseViewManager"", ""method"": ""setOpacity""}"
44899,reflection,Method.invoke,"{""class"": ""com.facebook.react.uimanager.BaseViewManager"", ""method"": ""setTransform""}"
44906,reflection,Method.invoke,"{""class"": ""com.facebook.react.uimanager.BaseViewManager"", ""method"": ""setOpacity""}"
44914,reflection,Method.invoke,"{""class"": ""com.facebook.react.uimanager.BaseViewManager"", ""method"": ""setOpacity""}"
45154,reflection,Method.invoke,"{""class"": ""com.facebook.react.uimanager.BaseViewManager"", ""method"": ""setTransform""}"
45161,reflection,Method.invoke,"{""class"": ""com.facebook.react.uimanager.BaseViewManager"", ""method"": ""setOpacity""}"
45168,reflection,Method.invoke,"{""class"": ""com.facebook.react.uimanager.BaseViewManager"", ""method"": ""setOpacity""}"
45174,reflection,Method.invoke,"{""class"": ""com.facebook.react.uimanager.BaseViewManager"", ""method"": ""setTransform""}"
45181,reflection,Method.invoke,"{""class"": ""com.facebook.react.uimanager.BaseViewManager"", ""method"": ""setOpacity""}"
45421,reflection,Method.invoke,"{""class"": ""com.facebook.react.uimanager.BaseViewManager"", ""method"": ""setTransform""}"
45429,reflection,Method.invoke,"{""class"": ""com.facebook.react.uimanager.BaseViewManager"", ""method"": ""setOpacity""}"
45437,reflection,Method.invoke,"{""class"": ""com.facebook.react.uimanager.BaseViewManager"", ""method"": ""setTransform""}"
45444,reflection,Method.invoke,"{""class"": ""com.facebook.react.uimanager.BaseViewManager"", ""method"": ""setOpacity""}"
45453,reflection,Method.invoke,"{""class"": ""com.facebook.react.uimanager.BaseViewManager"", ""method"": ""setOpacity""}"
45686,reflection,Method.invoke,"{""class"": ""com.facebook.react.uimanager.BaseViewManager"", ""method"": ""setTransform""}"
45693,reflection,Method.invoke,"{""class"": ""com.facebook.react.uimanager.BaseViewManager"", ""method"": ""setOpacity""}"
45699,reflection,Method.invoke,"{""class"": ""com.facebook.react.uimanager.BaseViewManager"", ""method"": ""setOpacity""}"
45704,reflection,Method.invoke,"{""class"": ""com.facebook.react.uimanager.BaseViewManager"", ""method"": ""setTransform""}"
45722,reflection,Method.invoke,"{""class"": ""com.facebook.react.uimanager.BaseViewManager"", ""method"": ""setOpacity""}"
45953,reflection,Method.invoke,"{""class"": ""com.facebook.react.uimanager.BaseViewManager"", ""method"": ""setTransform""}"
45962,reflection,Method.invoke,"{""class"": ""com.facebook.react.uimanager.BaseViewManager"", ""method"": ""setOpacity""}"
45969,reflection,Method.invoke,"{""class"": ""com.facebook.react.uimanager.BaseViewManager"", ""method"": ""setTransform""}"
45974,reflection,Method.invoke,"{""class"": ""com.facebook.react.uimanager.BaseViewManager"", ""method"": ""setOpacity""}"
45983,reflection,Method.invoke,"{""class"": ""com.facebook.react.uimanager.BaseViewManager"", ""method"": ""setOpacity""}"
46218,reflection,Method.invoke,"{""class"": ""com.facebook.react.uimanager.BaseViewManager"", ""method"": ""setTransform""}"
46224,reflection,Method.invoke,"{""class"": ""com.facebook.react.uimanager.BaseViewManager"", ""method"": ""setOpacity""}"
46229,reflection,Method.invoke,"{""class"": ""com.facebook.react.uimanager.BaseViewManager"", ""method"": ""setOpacity""}"
46235,reflection,Method.invoke,"{""class"": ""com.facebook.react.uimanager.BaseViewManager"", ""method"": ""setTransform""}"
46241,reflection,Method.invoke,"{""class"": ""com.facebook.react.uimanager.BaseViewManager"", ""method"": ""setOpacity""}"
46485,reflection,Method.invoke,"{""class"": ""com.facebook.react.uimanager.BaseViewManager"", ""method"": ""setTransform""}"
46491,reflection,Method.invoke,"{""class"": ""com.facebook.react.uimanager.BaseViewManager"", ""method"": ""setOpacity""}"
46496,reflection,Method.invoke,"{""class"": ""com.facebook.react.uimanager.BaseViewManager"", ""method"": ""setTransform""}"
46501,reflection,Method.invoke,"{""class"": ""com.facebook.react.uimanager.BaseViewManager"", ""method"": ""setOpacity""}"
46508,reflection,Method.invoke,"{""class"": ""com.facebook.react.uimanager.BaseViewManager"", ""method"": ""setOpacity""}"
46754,reflection,Method.invoke,"{""class"": ""com.facebook.react.uimanager.BaseViewManager"", ""method"": ""setTransform""}"
46761,reflection,Method.invoke,"{""class"": ""com.facebook.react.uimanager.BaseViewManager"", ""method"": ""setOpacity""}"
46767,reflection,Method.invoke,"{""class"": ""com.facebook.react.uimanager.BaseViewManager"", ""method"": ""setOpacity""}"
46774,reflection,Method.invoke,"{""class"": ""com.facebook.react.uimanager.BaseViewManager"", ""method"": ""setTransform""}"
46781,reflection,Method.invoke,"{""class"": ""com.facebook.react.uimanager.BaseViewManager"", ""method"": ""setOpacity""}"
47020,reflection,Method.invoke,"{""class"": ""com.facebook.react.uimanager.BaseViewManager"", ""method"": ""setTransform""}"
47028,reflection,Method.invoke,"{""class"": ""com.facebook.react.uimanager.BaseViewManager"", ""method"": ""setOpacity""}"
47035,reflection,Method.invoke,"{""class"": ""com.facebook.react.uimanager.BaseViewManager"", ""method"": ""setTransform""}"
47041,reflection,Method.invoke,"{""class"": ""com.facebook.react.uimanager.BaseViewManager"", ""method"": ""setOpacity""}"
47049,reflection,Method.invoke,"{""class"": ""com.facebook.react.uimanager.BaseViewManager"", ""method"": ""setOpacity""}"
47285,reflection,Method.invoke,"{""class"": ""com.facebook.react.uimanager.BaseViewManager"", ""method"": ""setTransform""}"
47293,reflection,Method.invoke,"{""class"": ""com.facebook.react.uimanager.BaseViewManager"", ""method"": ""setOpacity""}"
47298,reflection,Method.invoke,"{""class"": ""com.facebook.react.uimanager.BaseViewManager"", ""method"": ""setOpacity""}"
47305,reflection,Method.invoke,"{""class"": ""com.facebook.react.uimanager.BaseViewManager"", ""method"": ""setTransform""}"
47311,reflection,Method.invoke,"{""class"": ""com.facebook.react.uimanager.BaseViewManager"", ""method"": ""setOpacity""}"
47554,reflection,Method.invoke,"{""class"": ""com.facebook.react.uimanager.BaseViewManager"", ""method"": ""setTransform""}"
47561,reflection,Method.invoke,"{""class"": ""com.facebook.react.uimanager.BaseViewManager"", ""method"": ""setOpacity""}"
47568,reflection,Method.invoke,"{""class"": ""com.facebook.react.uimanager.BaseViewManager"", ""method"": ""setTransform""}"
47574,reflection,Method.invoke,"{""class"": ""com.facebook.react.uimanager.BaseViewManager"", ""method"": ""setOpacity""}"
47581,reflection,Method.invoke,"{""class"": ""com.facebook.react.uimanager.BaseViewManager"", ""method"": ""setOpacity""}"
47819,reflection,Method.invoke,"{""class"": ""com.facebook.react.uimanager.BaseViewManager"", ""method"": ""setTransform""}"
47827,reflection,Method.invoke,"{""class"": ""com.facebook.react.uimanager.BaseViewManager"", ""method"": ""setOpacity""}"
47833,reflection,Method.invoke,"{""class"": ""com.facebook.react.uimanager.BaseViewManager"", ""method"": ""setOpacity""}"
47839,reflection,Method.invoke,"{""class"": ""com.facebook.react.uimanager.BaseViewManager"", ""method"": ""setTransform""}"
47847,reflection,Method.invoke,"{""class"": ""com.facebook.react.uimanager.BaseViewManager"", ""method"": ""setOpacity""}"
48088,reflection,Method.invoke,"{""class"": ""com.facebook.react.uimanager.BaseViewManager"", ""method"": ""setTransform""}"
48095,reflection,Method.invoke,"{""class"": ""com.facebook.react.uimanager.BaseViewManager"", ""method"": ""setOpacity""}"
48101,reflection,Method.invoke,"{""class"": ""com.facebook.react.uimanager.BaseViewManager"", ""method"": ""setTransform""}"
48107,reflection,Method.invoke,"{""class"": ""com.facebook.react.uimanager.BaseViewManager"", ""method"": ""setOpacity""}"
48115,reflection,Method.invoke,"{""class"": ""com.facebook.react.uimanager.BaseViewManager"", ""method"": ""setOpacity""}"
48353,reflection,Method.invoke,"{""class"": ""com.facebook.react.uimanager.BaseViewManager"", ""method"": ""setTransform""}"
48360,reflection,Method.invoke,"{""class"": ""com.facebook.react.uimanager.BaseViewManager"", ""method"": ""setOpacity""}"
48367,reflection,Method.invoke,"{""class"": ""com.facebook.react.uimanager.BaseViewManager"", ""method"": ""setOpacity""}"
48373,reflection,Method.invoke,"{""class"": ""com.facebook.react.uimanager.BaseViewManager"", ""method"": ""setTransform""}"
48381,reflection,Method.invoke,"{""class"": ""com.facebook.react.uimanager.BaseViewManager"", ""method"": ""setOpacity""}"
48619,reflection,Method.invoke,"{""class"": ""com.facebook.react.uimanager.BaseViewManager"", ""method"": ""setTransform""}"
48627,reflection,Method.invoke,"{""class"": ""com.facebook.react.uimanager.BaseViewManager"", ""method"": ""setOpacity""}"
48633,reflection,Method.invoke,"{""class"": ""com.facebook.react.uimanager.BaseViewManager"", ""method"": ""setTransform""}"
48639,reflection,Method.invoke,"{""class"": ""com.facebook.react.uimanager.BaseViewManager"", ""method"": ""setOpacity""}"
48646,reflection,Method.invoke,"{""class"": ""com.facebook.react.uimanager.BaseViewManager"", ""method"": ""setOpacity""}"
48890,reflection,Method.invoke,"{""class"": ""com.facebook.react.uimanager.BaseViewManager"", ""method"": ""setTransform""}"
48898,reflection,Method.invoke,"{""class"": ""com.facebook.react.uimanager.BaseViewManager"", ""method"": ""setOpacity""}"
48905,reflection,Method.invoke,"{""class"": ""com.facebook.react.uimanager.BaseViewManager"", ""method"": ""setOpacity""}"
48912,reflection,Method.invoke,"{""class"": ""com.facebook.react.uimanager.BaseViewManager"", ""method"": ""setTransform""}"
48919,reflection,Method.invoke,"{""class"": ""com.facebook.react.uimanager.BaseViewManager"", ""method"": ""setOpacity""}"
49154,reflection,Method.invoke,"{""class"": ""com.facebook.react.uimanager.BaseViewManager"", ""method"": ""setTransform""}"
49162,reflection,Method.invoke,"{""class"": ""com.facebook.react.uimanager.BaseViewManager"", ""method"": ""setOpacity""}"
49168,reflection,Method.invoke,"{""class"": ""com.facebook.react.uimanager.BaseViewManager"", ""method"": ""setTransform""}"
49173,reflection,Method.invoke,"{""class"": ""com.facebook.react.uimanager.BaseViewManager"", ""method"": ""setOpacity""}"
49181,reflection,Method.invoke,"{""class"": ""com.facebook.react.uimanager.BaseViewManager"", ""method"": ""setOpacity""}"
49422,reflection,Method.invoke,"{""class"": ""com.facebook.react.uimanager.BaseViewManager"", ""method"": ""setTransform""}"
49430,reflection,Method.invoke,"{""class"": ""com.facebook.react.uimanager.BaseViewManager"", ""method"": ""setOpacity""}"
49437,reflection,Method.invoke,"{""class"": ""com.facebook.react.uimanager.BaseViewManager"", ""method"": ""setOpacity""}"
49444,reflection,Method.invoke,"{""class"": ""com.facebook.react.uimanager.BaseViewManager"", ""method"": ""setTransform""}"
49451,reflection,Method.invoke,"{""class"": ""com.facebook.react.uimanager.BaseViewManager"", ""method"": ""setOpacity""}"
49688,reflection,Method.invoke,"{""class"": ""com.facebook.react.uimanager.BaseViewManager"", ""method"": ""setTransform""}"
49696,reflection,Method.invoke,"{""class"": ""com.facebook.react.uimanager.BaseViewManager"", ""method"": ""setOpacity""}"
49702,reflection,Method.invoke,"{""class"": ""com.facebook.react.uimanager.BaseViewManager"", ""method"": ""setTransform""}"
49709,reflection,Method.invoke,"{""class"": ""com.facebook.react.uimanager.BaseViewManager"", ""method"": ""setOpacity""}"
49716,reflection,Method.invoke,"{""class"": ""com.facebook.react.uimanager.BaseViewManager"", ""method"": ""setOpacity""}"
49954,reflection,Method.invoke,"{""class"": ""com.facebook.react.uimanager.BaseViewManager"", ""method"": ""setTransform""}"
49963,reflection,Method.invoke,"{""class"": ""com.facebook.react.uimanager.BaseViewManager"", ""method"": ""setOpacity""}"
49969,reflection,Method.invoke,"{""class"": ""com.facebook.react.uimanager.BaseViewManager"", ""method"": ""setOpacity""}"
49976,reflection,Method.invoke,"{""class"": ""com.facebook.react.uimanager.BaseViewManager"", ""method"": ""setTransform""}"
49983,reflection,Method.invoke,"{""class"": ""com.facebook.react.uimanager.BaseViewManager"", ""method"": ""setOpacity""}"
50220,reflection,Method.invoke,"{""class"": ""com.facebook.react.uimanager.BaseViewManager"", ""method"": ""setTransform""}"
50227,reflection,Method.invoke,"{""class"": ""com.facebook.react.uimanager.BaseViewManager"", ""method"": ""setOpacity""}"
50233,reflection,Method.invoke,"{""class"": ""com.facebook.react.uimanager.BaseViewManager"", ""method"": ""setTransform""}"
50239,reflection,Method.invoke,"{""class"": ""com.facebook.react.uimanager.BaseViewManager"", ""method"": ""setOpacity""}"
50246,reflection,Method.invoke,"{""class"": ""com.facebook.react.uimanager.BaseViewManager"", ""method"": ""setOpacity""}"
50488,reflection,Method.invoke,"{""class"": ""com.facebook.react.uimanager.BaseViewManager"", ""method"": ""setTransform""}"
50496,reflection,Method.invoke,"{""class"": ""com.facebook.react.uimanager.BaseViewManager"", ""method"": ""setOpacity""}"
50502,reflection,Method.invoke,"{""class"": ""com.facebook.react.uimanager.BaseViewManager"", ""method"": ""setOpacity""}"
50508,reflection,Method.invoke,"{""class"": ""com.facebook.react.uimanager.BaseViewManager"", ""method"": ""setTransform""}"
50516,reflection,Method.invoke,"{""class"": ""com.facebook.react.uimanager.BaseViewManager"", ""method"": ""setOpacity""}"
50755,reflection,Method.invoke,"{""class"": ""com.facebook.react.uimanager.BaseViewManager"", ""method"": ""setTransform""}"
50761,reflection,Method.invoke,"{""class"": ""com.facebook.react.uimanager.BaseViewManager"", ""method"": ""setOpacity""}"
50768,reflection,Method.invoke,"{""class"": ""com.facebook.react.uimanager.BaseViewManager"", ""method"": ""setTransform""}"
50773,reflection,Method.invoke,"{""class"": ""com.facebook.react.uimanager.BaseViewManager"", ""method"": ""setOpacity""}"
50781,reflection,Method.invoke,"{""class"": ""com.facebook.react.uimanager.BaseViewManager"", ""method"": ""setOpacity""}"
51022,reflection,Method.invoke,"{""class"": ""com.facebook.react.uimanager.BaseViewManager"", ""method"": ""setTransform""}"
51030,reflection,Method.invoke,"{""class"": ""com.facebook.react.uimanager.BaseViewManager"", ""method"": ""setOpacity""}"
51038,reflection,Method.invoke,"{""class"": ""com.facebook.react.uimanager.BaseViewManager"", ""method"": ""setOpacity""}"
51044,reflection,Method.invoke,"{""class"": ""com.facebook.react.uimanager.BaseViewManager"", ""method"": ""setTransform""}"
51051,reflection,Method.invoke,"{""class"": ""com.facebook.react.uimanager.BaseViewManager"", ""method"": ""setOpacity""}"
51287,reflection,Method.invoke,"{""class"": ""com.facebook.react.uimanager.BaseViewManager"", ""method"": ""setTransform""}"
51297,reflection,Method.invoke,"{""class"": ""com.facebook.react.uimanager.BaseViewManager"", ""method"": ""setOpacity""}"
51304,reflection,Method.invoke,"{""class"": ""com.facebook.react.uimanager.BaseViewManager"", ""method"": ""setTransform""}"
51311,reflection,Method.invoke,"{""class"": ""com.facebook.react.uimanager.BaseViewManager"", ""method"": ""setOpacity""}"
51319,reflection,Method.invoke,"{""class"": ""com.facebook.react.uimanager.BaseViewManager"", ""method"": ""setOpacity""}"
51554,reflection,Method.invoke,"{""class"": ""com.facebook.react.uimanager.BaseViewManager"", ""method"": ""setTransform""}"
51561,reflection,Method.invoke,"{""class"": ""com.facebook.react.uimanager.BaseViewManager"", ""method"": ""setOpacity""}"
51567,reflection,Method.invoke,"{""class"": ""com.facebook.react.uimanager.BaseViewManager"", ""method"": ""setOpacity""}"
51573,reflection,Method.invoke,"{""class"": ""com.facebook.react.uimanager.BaseViewManager"", ""method"": ""setTransform""}"
51581,reflection,Method.invoke,"{""class"": ""com.facebook.react.uimanager.BaseViewManager"", ""method"": ""setOpacity""}"
51821,reflection,Method.invoke,"{""class"": ""com.facebook.react.uimanager.BaseViewManager"", ""method"": ""setTransform""}"
51828,reflection,Method.invoke,"{""class"": ""com.facebook.react.uimanager.BaseViewManager"", ""method"": ""setOpacity""}"
51835,reflection,Method.invoke,"{""class"": ""com.facebook.react.uimanager.BaseViewManager"", ""method"": ""setTransform""}"
51841,reflection,Method.invoke,"{""class"": ""com.facebook.react.uimanager.BaseViewManager"", ""method"": ""setOpacity""}"
51848,reflection,Method.invoke,"{""class"": ""com.facebook.react.uimanager.BaseViewManager"", ""method"": ""setOpacity""}"
52087,reflection,Method.invoke,"{""class"": ""com.facebook.react.uimanager.BaseViewManager"", ""method"": ""setTransform""}"
52095,reflection,Method.invoke,"{""class"": ""com.facebook.react.uimanager.BaseViewManager"", ""method"": ""setOpacity""}"
52102,reflection,Method.invoke,"{""class"": ""com.facebook.react.uimanager.BaseViewManager"", ""method"": ""setOpacity""}"
52108,reflection,Method.invoke,"{""class"": ""com.facebook.react.uimanager.BaseViewManager"", ""method"": ""setTransform""}"
52115,reflection,Method.invoke,"{""class"": ""com.facebook.react.uimanager.BaseViewManager"", ""method"": ""setOpacity""}"
52352,reflection,Method.invoke,"{""class"": ""com.facebook.react.uimanager.BaseViewManager"", ""method"": ""setTransform""}"
52359,reflection,Method.invoke,"{""class"": ""com.facebook.react.uimanager.BaseViewManager"", ""method"": ""setOpacity""}"
52365,reflection,Method.invoke,"{""class"": ""com.facebook.react.uimanager.BaseViewManager"", ""method"": ""setTransform""}"
52371,reflection,Method.invoke,"{""class"": ""com.facebook.react.uimanager.BaseViewManager"", ""method"": ""setOpacity""}"
52378,reflection,Method.invoke,"{""class"": ""com.facebook.react.uimanager.BaseViewManager"", ""method"": ""setOpacity""}"
52621,reflection,Method.invoke,"{""class"": ""com.facebook.react.uimanager.BaseViewManager"", ""method"": ""setTransform""}"
52629,reflection,Method.invoke,"{""class"": ""com.facebook.react.uimanager.BaseViewManager"", ""method"": ""setOpacity""}"
52635,reflection,Method.invoke,"{""class"": ""com.facebook.react.uimanager.BaseViewManager"", ""method"": ""setOpacity""}"
52641,reflection,Method.invoke,"{""class"": ""com.facebook.react.uimanager.BaseViewManager"", ""method"": ""setTransform""}"
52649,reflection,Method.invoke,"{""class"": ""com.facebook.react.uimanager.BaseViewManager"", ""method"": ""setOpacity""}"
52887,reflection,Method.invoke,"{""class"": ""com.facebook.react.uimanager.BaseViewManager"", ""method"": ""setTransform""}"
52893,reflection,Method.invoke,"{""class"": ""com.facebook.react.uimanager.BaseViewManager"", ""method"": ""setOpacity""}"
52897,reflection,Method.invoke,"{""class"": ""com.facebook.react.uimanager.BaseViewManager"", ""method"": ""setTransform""}"
52903,reflection,Method.invoke,"{""class"": ""com.facebook.react.uimanager.BaseViewManager"", ""method"": ""setOpacity""}"
52908,reflection,Method.invoke,"{""class"": ""com.facebook.react.uimanager.BaseViewManager"", ""method"": ""setOpacity""}"
53151,reflection,Method.invoke,"{""class"": ""com.facebook.react.uimanager.BaseViewManager"", ""method"": ""setTransform""}"
53156,reflection,Method.invoke,"{""class"": ""com.facebook.react.uimanager.BaseViewManager"", ""method"": ""setOpacity""}"
53160,reflection,Method.invoke,"{""class"": ""com.facebook.react.uimanager.BaseViewManager"", ""method"": ""setOpacity""}"
53165,reflection,Method.invoke,"{""class"": ""com.facebook.react.uimanager.BaseViewManager"", ""method"": ""setTransform""}"
53172,reflection,Method.invoke,"{""class"": ""com.facebook.react.uimanager.BaseViewManager"", ""method"": ""setOpacity""}"
53418,reflection,Method.invoke,"{""class"": ""com.facebook.react.uimanager.BaseViewManager"", ""method"": ""setTransform""}"
53423,reflection,Method.invoke,"{""class"": ""com.facebook.react.uimanager.BaseViewManager"", ""method"": ""setOpacity""}"
53427,reflection,Method.invoke,"{""class"": ""com.facebook.react.uimanager.BaseViewManager"", ""method"": ""setTransform""}"
53432,reflection,Method.invoke,"{""class"": ""com.facebook.react.uimanager.BaseViewManager"", ""method"": ""setOpacity""}"
53438,reflection,Method.invoke,"{""class"": ""com.facebook.react.uimanager.BaseViewManager"", ""method"": ""setOpacity""}"
53684,reflection,Method.invoke,"{""class"": ""com.facebook.react.uimanager.BaseViewManager"", ""method"": ""setTransform""}"
53689,reflection,Method.invoke,"{""class"": ""com.facebook.react.uimanager.BaseViewManager"", ""method"": ""setOpacity""}"
53694,reflection,Method.invoke,"{""class"": ""com.facebook.react.uimanager.BaseViewManager"", ""method"": ""setOpacity""}"
53698,reflection,Method.invoke,"{""class"": ""com.facebook.react.uimanager.BaseViewManager"", ""method"": ""setTransform""}"
53705,reflection,Method.invoke,"{""class"": ""com.facebook.react.uimanager.BaseViewManager"", ""method"": ""setOpacity""}"
53954,reflection,Method.invoke,"{""class"": ""com.facebook.react.uimanager.BaseViewManager"", ""method"": ""setTransform""}"
53965,reflection,Method.invoke,"{""class"": ""com.facebook.react.uimanager.BaseViewManager"", ""method"": ""setOpacity""}"
53970,reflection,Method.invoke,"{""class"": ""com.facebook.react.uimanager.BaseViewManager"", ""method"": ""setTransform""}"
53974,reflection,Method.invoke,"{""class"": ""com.facebook.react.uimanager.BaseViewManager"", ""method"": ""setOpacity""}"
53981,reflection,Method.invoke,"{""class"": ""com.facebook.react.uimanager.BaseViewManager"", ""method"": ""setOpacity""}"
54219,reflection,Method.invoke,"{""class"": ""com.facebook.react.uimanager.BaseViewManager"", ""method"": ""setTransform""}"
54224,reflection,Method.invoke,"{""class"": ""com.facebook.react.uimanager.BaseViewManager"", ""method"": ""setOpacity""}"
54229,reflection,Method.invoke,"{""class"": ""com.facebook.react.uimanager.BaseViewManager"", ""method"": ""setOpacity""}"
54233,reflection,Method.invoke,"{""class"": ""com.facebook.react.uimanager.BaseViewManager"", ""method"": ""setTransform""}"
54239,reflection,Method.invoke,"{""class"": ""com.facebook.react.uimanager.BaseViewManager"", ""method"": ""setOpacity""}"
54490,reflection,Method.invoke,"{""class"": ""com.facebook.react.views.text.ReactTextAnchorViewManager"", ""method"": ""setAccessible$ReactAndroid_release""}"
54496,reflection,Method.invoke,"{""class"": ""com.facebook.react.views.text.ReactTextAnchorViewManager"", ""method"": ""setEllipsizeMode$ReactAndroid_release""}"
54501,reflection,Method.invoke,"{""class"": ""com.facebook.react.views.text.ReactTextAnchorViewManager"", ""method"": ""setFontSize$ReactAndroid_release""}"
54506,reflection,Method.invoke,"{""class"": ""com.facebook.react.uimanager.BaseViewManager"", ""method"": ""setTransform""}"
54511,reflection,Method.invoke,"{""class"": ""com.facebook.react.uimanager.BaseViewManager"", ""method"": ""setOpacity""}"
54516,reflection,Method.invoke,"{""class"": ""com.facebook.react.uimanager.BaseViewManager"", ""method"": ""setTransform""}"
54521,reflection,Method.invoke,"{""class"": ""com.facebook.react.uimanager.BaseViewManager"", ""method"": ""setOpacity""}"
54528,reflection,Method.invoke,"{""class"": ""com.facebook.react.uimanager.BaseViewManager"", ""method"": ""setOpacity""}"
55760,reflection,Method.invoke,"{""class"": ""com.facebook.react.uimanager.BaseViewManager"", ""method"": ""setOpacity""}"
55770,reflection,Method.invoke,"{""class"": ""com.facebook.react.views.view.ReactViewManager"", ""method"": ""setPointerEvents""}"
55777,reflection,Method.invoke,"{""class"": ""com.facebook.react.uimanager.BaseViewManager"", ""method"": ""setImportantForAccessibility""}"
55784,reflection,Method.invoke,"{""class"": ""com.facebook.react.uimanager.BaseViewManager"", ""method"": ""setTransform""}"
55792,reflection,Method.invoke,"{""class"": ""com.facebook.react.uimanager.BaseViewManager"", ""method"": ""setOpacity""}"
55800,reflection,Method.invoke,"{""class"": ""com.facebook.react.uimanager.BaseViewManager"", ""method"": ""setOpacity""}"
55807,reflection,Method.invoke,"{""class"": ""com.facebook.react.uimanager.BaseViewManager"", ""method"": ""setTransform""}"
55817,reflection,Method.invoke,"{""class"": ""com.facebook.react.uimanager.BaseViewManager"", ""method"": ""setImportantForAccessibility""}"
55827,reflection,Method.invoke,"{""class"": ""com.facebook.react.uimanager.BaseViewManager"", ""method"": ""setOpacity""}"
55840,reflection,Method.invoke,"{""class"": ""com.facebook.react.uimanager.BaseViewManager"", ""method"": ""setTransform""}"
55854,reflection,Method.invoke,"{""class"": ""com.facebook.react.uimanager.BaseViewManager"", ""method"": ""setImportantForAccessibility""}"
55862,reflection,Method.invoke,"{""class"": ""com.facebook.react.uimanager.BaseViewManager"", ""method"": ""setOpacity""}"
55869,reflection,Method.invoke,"{""class"": ""com.facebook.react.uimanager.BaseViewManager"", ""method"": ""setTransform""}"
55876,reflection,Method.invoke,"{""class"": ""com.facebook.react.uimanager.BaseViewManager"", ""method"": ""setTransform""}"
55884,reflection,Method.invoke,"{""class"": ""com.facebook.react.uimanager.BaseViewManager"", ""method"": ""setOpacity""}"
55891,reflection,Method.invoke,"{""class"": ""com.facebook.react.views.view.ReactViewManager"", ""method"": ""setPointerEvents""}"
55900,reflection,Method.invoke,"{""class"": ""com.facebook.react.uimanager.BaseViewManager"", ""method"": ""setOpacity""}"
55909,reflection,Method.invoke,"{""class"": ""com.facebook.react.uimanager.BaseViewManager"", ""method"": ""setOpacity""}"
55916,reflection,Method.invoke,"{""class"": ""com.facebook.react.uimanager.BaseViewManager"", ""method"": ""setOpacity""}"
55921,reflection,Method.invoke,"{""class"": ""com.facebook.react.uimanager.BaseViewManager"", ""method"": ""setOpacity""}"
55926,reflection,Method.invoke,"{""class"": ""com.facebook.react.uimanager.BaseViewManager"", ""method"": ""setOpacity""}"
55931,reflection,Method.invoke,"{""class"": ""com.facebook.react.uimanager.BaseViewManager"", ""method"": ""setOpacity""}"
55936,reflection,Method.invoke,"{""class"": ""com.facebook.react.uimanager.BaseViewManager"", ""method"": ""setOpacity""}"
55941,reflection,Method.invoke,"{""class"": ""com.facebook.react.uimanager.BaseViewManager"", ""method"": ""setOpacity""}"
55946,reflection,Method.invoke,"{""class"": ""com.facebook.react.uimanager.BaseViewManager"", ""method"": ""setOpacity""}"
55951,reflection,Method.invoke,"{""class"": ""com.facebook.react.uimanager.BaseViewManager"", ""method"": ""setOpacity""}"
55956,reflection,Method.invoke,"{""class"": ""com.facebook.react.uimanager.BaseViewManager"", ""method"": ""setTransform""}"
55967,reflection,Method.invoke,"{""class"": ""com.facebook.react.uimanager.BaseViewManager"", ""method"": ""setOpacity""}"
55972,reflection,Method.invoke,"{""class"": ""com.facebook.react.uimanager.BaseViewManager"", ""method"": ""setTransform""}"
55977,reflection,Method.invoke,"{""class"": ""com.facebook.react.uimanager.BaseViewManager"", ""method"": ""setOpacity""}"
55982,reflection,Method.invoke,"{""class"": ""com.facebook.react.uimanager.BaseViewManager"", ""method"": ""setTransform""}"
55987,reflection,Method.invoke,"{""class"": ""com.facebook.react.uimanager.BaseViewManager"", ""method"": ""setOpacity""}"
55991,reflection,Method.invoke,"{""class"": ""com.facebook.react.uimanager.BaseViewManager"", ""method"": ""setTransform""}"
55997,reflection,Method.invoke,"{""class"": ""com.facebook.react.uimanager.BaseViewManager"", ""method"": ""setOpacity""}"
56010,reflection,Method.invoke,"{""class"": ""com.facebook.react.uimanager.BaseViewManager"", ""method"": ""setOpacity""}"
56020,reflection,Method.invoke,"{""class"": ""com.facebook.react.uimanager.BaseViewManager"", ""method"": ""setOpacity""}"
56026,reflection,Method.invoke,"{""class"": ""com.facebook.react.uimanager.BaseViewManager"", ""method"": ""setOpacity""}"
56033,reflection,Method.invoke,"{""class"": ""com.facebook.react.uimanager.BaseViewManager"", ""method"": ""setOpacity""}"
56039,reflection,Method.invoke,"{""class"": ""com.facebook.react.uimanager.BaseViewManager"", ""method"": ""setOpacity""}"
56044,reflection,Method.invoke,"{""class"": ""com.facebook.react.uimanager.BaseViewManager"", ""method"": ""setOpacity""}"
56048,reflection,Method.invoke,"{""class"": ""com.facebook.react.uimanager.BaseViewManager"", ""method"": ""setTransform""}"
56054,reflection,Method.invoke,"{""class"": ""com.facebook.react.uimanager.BaseViewManager"", ""method"": ""setOpacity""}"
56058,reflection,Method.invoke,"{""class"": ""com.facebook.react.uimanager.BaseViewManager"", ""method"": ""setTransform""}"
56063,reflection,Method.invoke,"{""class"": ""com.facebook.react.uimanager.BaseViewManager"", ""method"": ""setOpacity""}"
56078,reflection,Method.invoke,"{""class"": ""android.view.View"", ""method"": ""getViewRootImpl""}"
56086,reflection,Method.invoke,"{""class"": ""android.view.View"", ""method"": ""getViewRootImpl""}"
56123,reflection,Method.invoke,"{""class"": ""com.facebook.react.uimanager.BaseViewManager"", ""method"": ""setTransform""}"
56130,reflection,Method.invoke,"{""class"": ""com.facebook.react.uimanager.BaseViewManager"", ""method"": ""setOpacity""}"
56144,reflection,Method.invoke,"{""class"": ""com.facebook.react.views.view.ReactViewManager"", ""method"": ""setOverflow""}"
56163,reflection,Method.invoke,"{""class"": ""com.facebook.react.uimanager.BaseViewManager"", ""method"": ""setTransform""}"
56176,reflection,Method.invoke,"{""class"": ""com.facebook.react.uimanager.BaseViewManager"", ""method"": ""setOpacity""}"
56243,reflection,Method.invoke,"{""class"": ""android.view.View"", ""method"": ""getViewRootImpl""}"
56255,reflection,Method.invoke,"{""class"": ""android.view.View"", ""method"": ""getViewRootImpl""}"
56271,reflection,Method.invoke,"{""class"": ""android.view.View"", ""method"": ""getViewRootImpl""}"
56277,reflection,Method.invoke,"{""class"": ""android.view.View"", ""method"": ""getViewRootImpl""}"
56343,reflection,Method.invoke,"{""class"": ""com.facebook.react.uimanager.BaseViewManager"", ""method"": ""setOpacity""}"
56352,reflection,Method.invoke,"{""class"": ""com.facebook.react.uimanager.BaseViewManager"", ""method"": ""setOpacity""}"
56357,reflection,Method.invoke,"{""class"": ""com.facebook.react.uimanager.BaseViewManager"", ""method"": ""setTransform""}"
56362,reflection,Method.invoke,"{""class"": ""com.facebook.react.uimanager.BaseViewManager"", ""method"": ""setOpacity""}"
78590,lifecycle,hook_loaded,"{""stage"": ""java_perform"", ""version"": ""3""}"
80156,reflection,Method.invoke,"{""class"": ""com.facebook.react.uimanager.H0$a"", ""method"": ""values""}"
80207,reflection,Method.invoke,"{""class"": ""com.facebook.react.uimanager.BaseViewManager"", ""method"": ""setOpacity""}"
80221,reflection,Method.invoke,"{""class"": ""com.facebook.react.views.view.ReactViewManager"", ""method"": ""setPointerEvents""}"
80232,reflection,Method.invoke,"{""class"": ""com.facebook.react.uimanager.BaseViewManager"", ""method"": ""setBackgroundColor""}"
80242,reflection,Method.invoke,"{""class"": ""com.facebook.react.views.view.ReactViewManager"", ""method"": ""setCollapsable""}"
80253,reflection,Method.invoke,"{""class"": ""com.facebook.react.uimanager.BaseViewManager"", ""method"": ""setOpacity""}"
80273,reflection,Method.invoke,"{""class"": ""android.os.SystemProperties"", ""method"": ""get""}"
80280,reflection,Method.invoke,"{""class"": ""com.facebook.react.uimanager.BaseViewManager"", ""method"": ""setOpacity""}"
80294,reflection,Method.invoke,"{""class"": ""android.os.SystemProperties"", ""method"": ""get""}"
80307,reflection,Method.invoke,"{""class"": ""com.facebook.react.uimanager.BaseViewManager"", ""method"": ""setOpacity""}"
80332,reflection,Method.invoke,"{""class"": ""java.util.Locale"", ""method"": ""getDefault""}"
80333,reflection,Method.invoke,"{""class"": ""com.facebook.react.views.view.ReactViewManager"", ""method"": ""setCollapsable""}"
80348,reflection,Method.invoke,"{""class"": ""com.facebook.react.uimanager.BaseViewManager"", ""method"": ""setOpacity""}"
80365,reflection,Method.invoke,"{""class"": ""android.os.SystemProperties"", ""method"": ""get""}"
80369,reflection,Method.invoke,"{""class"": ""com.facebook.react.views.view.ReactViewManager"", ""method"": ""setPointerEvents""}"
80380,reflection,Method.invoke,"{""class"": ""android.os.SystemProperties"", ""method"": ""get""}"
80389,reflection,Method.invoke,"{""class"": ""com.facebook.react.uimanager.BaseViewManager"", ""method"": ""setBackgroundColor""}"
80404,reflection,Method.invoke,"{""class"": ""java.util.Locale"", ""method"": ""getDefault""}"
80415,reflection,Method.invoke,"{""class"": ""com.facebook.react.views.view.ReactViewManager"", ""method"": ""setCollapsable""}"
80433,reflection,Method.invoke,"{""class"": ""com.facebook.react.uimanager.BaseViewManager"", ""method"": ""setOpacity""}"
80438,reflection,Method.invoke,"{""class"": ""android.os.SystemProperties"", ""method"": ""get""}"
80454,reflection,Method.invoke,"{""class"": ""android.os.SystemProperties"", ""method"": ""get""}"
80467,reflection,Method.invoke,"{""class"": ""java.util.Locale"", ""method"": ""getDefault""}"
80475,reflection,Method.invoke,"{""class"": ""com.facebook.react.uimanager.BaseViewManager"", ""method"": ""setOpacity""}"
80495,reflection,Method.invoke,"{""class"": ""com.facebook.react.views.text.ReactTextAnchorViewManager"", ""method"": ""setAccessible$ReactAndroid_release""}"
80499,reflection,Method.invoke,"{""class"": ""android.os.SystemProperties"", ""method"": ""get""}"
80508,reflection,Method.invoke,"{""class"": ""com.facebook.react.views.text.ReactTextAnchorViewManager"", ""method"": ""setFontSize$ReactAndroid_release""}"
80521,reflection,Method.invoke,"{""class"": ""android.os.SystemProperties"", ""method"": ""get""}"
80539,reflection,Method.invoke,"{""class"": ""java.util.Locale"", ""method"": ""getDefault""}"
80551,reflection,Method.invoke,"{""class"": ""com.facebook.react.views.text.ReactTextAnchorViewManager"", ""method"": ""setEllipsizeMode$ReactAndroid_release""}"
80557,reflection,Method.invoke,"{""class"": ""android.os.SystemProperties"", ""method"": ""get""}"
80573,reflection,Method.invoke,"{""class"": ""android.os.SystemProperties"", ""method"": ""get""}"
80581,reflection,Method.invoke,"{""class"": ""com.facebook.react.uimanager.BaseViewManager"", ""method"": ""setOpacity""}"
80596,reflection,Method.invoke,"{""class"": ""java.util.Locale"", ""method"": ""getDefault""}"
80612,reflection,Method.invoke,"{""class"": ""java.util.Locale"", ""method"": ""getDefault""}"
80617,reflection,Method.invoke,"{""class"": ""com.facebook.react.views.text.ReactTextAnchorViewManager"", ""method"": ""setAccessible$ReactAndroid_release""}"
80628,reflection,Method.invoke,"{""class"": ""com.facebook.react.views.text.ReactTextAnchorViewManager"", ""method"": ""setFontSize$ReactAndroid_release""}"
80638,reflection,Method.invoke,"{""class"": ""com.facebook.react.views.text.ReactTextAnchorViewManager"", ""method"": ""setEllipsizeMode$ReactAndroid_release""}"
80656,reflection,Method.invoke,"{""class"": ""com.facebook.react.uimanager.BaseViewManager"", ""method"": ""setBackgroundColor""}"
80673,reflection,Method.invoke,"{""class"": ""com.facebook.react.views.view.ReactViewManager"", ""method"": ""setBorderRadius""}"
80690,reflection,Method.invoke,"{""class"": ""com.facebook.react.views.view.ReactViewManager"", ""method"": ""setHitSlop""}"
80705,reflection,Method.invoke,"{""class"": ""com.facebook.react.uimanager.BaseViewManager"", ""method"": ""setResponderMove""}"
80725,reflection,Method.invoke,"{""class"": ""com.facebook.react.views.view.ReactViewManager"", ""method"": ""setAccessible""}"
80736,reflection,Method.invoke,"{""class"": ""com.facebook.react.uimanager.BaseViewManager"", ""method"": ""setOpacity""}"
80746,reflection,Method.invoke,"{""class"": ""com.facebook.react.uimanager.BaseViewManager"", ""method"": ""setResponderGrant""}"
80762,reflection,Method.invoke,"{""class"": ""com.facebook.react.uimanager.BaseViewManager"", ""method"": ""setStartShouldSetResponder""}"
80772,reflection,Method.invoke,"{""class"": ""com.facebook.react.uimanager.BaseViewManager"", ""method"": ""setResponderTerminationRequest""}"
80782,reflection,Method.invoke,"{""class"": ""com.facebook.react.uimanager.BaseViewManager"", ""method"": ""setResponderRelease""}"
80792,reflection,Method.invoke,"{""class"": ""com.facebook.react.uimanager.BaseViewManager"", ""method"": ""setResponderTerminate""}"
80799,reflection,Method.invoke,"{""class"": ""com.facebook.react.views.view.ReactViewManager"", ""method"": ""setFocusable""}"
80807,reflection,Method.invoke,"{""class"": ""com.facebook.react.uimanager.BaseViewManager"", ""method"": ""setClick""}"
80814,reflection,Method.invoke,"{""class"": ""com.facebook.react.views.view.ReactViewManager"", ""method"": ""setCollapsable""}"
80822,reflection,Method.invoke,"{""class"": ""com.facebook.react.uimanager.BaseViewManager"", ""method"": ""setAccessibilityValue""}"
80829,reflection,Method.invoke,"{""class"": ""com.facebook.react.uimanager.BaseViewManager"", ""method"": ""setViewState""}"
80836,reflection,Method.invoke,"{""class"": ""com.facebook.react.uimanager.BaseViewManager"", ""method"": ""setBackgroundColor""}"
80844,reflection,Method.invoke,"{""class"": ""com.facebook.react.views.view.ReactViewManager"", ""method"": ""setBorderWidth""}"
80857,reflection,Method.invoke,"{""class"": ""com.facebook.react.views.view.ReactViewManager"", ""method"": ""setBorderColor""}"
80865,reflection,Method.invoke,"{""class"": ""com.facebook.react.views.view.ReactViewManager"", ""method"": ""setPointerEvents""}"
80872,reflection,Method.invoke,"{""class"": ""com.facebook.react.uimanager.BaseViewManager"", ""method"": ""setZIndex""}"
80885,reflection,Method.invoke,"{""class"": ""com.facebook.react.views.view.ReactViewManager"", ""method"": ""setCollapsable""}"
80893,reflection,Method.invoke,"{""class"": ""com.facebook.react.uimanager.BaseViewManager"", ""method"": ""setBackgroundColor""}"
80900,reflection,Method.invoke,"{""class"": ""com.facebook.react.views.view.ReactViewManager"", ""method"": ""setBorderRadius""}"
80908,reflection,Method.invoke,"{""class"": ""com.facebook.react.uimanager.BaseViewManager"", ""method"": ""setElevation""}"
80916,reflection,Method.invoke,"{""class"": ""com.facebook.react.views.text.ReactTextAnchorViewManager"", ""method"": ""setAccessible$ReactAndroid_release""}"
80923,reflection,Method.invoke,"{""class"": ""com.facebook.react.views.text.ReactTextAnchorViewManager"", ""method"": ""setFontSize$ReactAndroid_release""}"
80940,reflection,Method.invoke,"{""class"": ""com.facebook.react.views.text.ReactTextAnchorViewManager"", ""method"": ""setEllipsizeMode$ReactAndroid_release""}"
80951,reflection,Method.invoke,"{""class"": ""com.facebook.react.views.view.ReactViewManager"", ""method"": ""setBorderRadius""}"
80959,reflection,Method.invoke,"{""class"": ""com.facebook.react.views.view.ReactViewManager"", ""method"": ""setBorderRadius""}"
80967,reflection,Method.invoke,"{""class"": ""com.facebook.react.uimanager.BaseViewManager"", ""method"": ""setBackgroundColor""}"
80975,reflection,Method.invoke,"{""class"": ""com.facebook.react.views.text.ReactTextAnchorViewManager"", ""method"": ""setAccessible$ReactAndroid_release""}"
80982,reflection,Method.invoke,"{""class"": ""com.facebook.react.views.text.ReactTextAnchorViewManager"", ""method"": ""setEllipsizeMode$ReactAndroid_release""}"
80989,reflection,Method.invoke,"{""class"": ""com.facebook.react.views.text.ReactTextAnchorViewManager"", ""method"": ""setFontSize$ReactAndroid_release""}"
80998,reflection,Method.invoke,"{""class"": ""com.facebook.react.uimanager.BaseViewManager"", ""method"": ""setBackgroundColor""}"
81006,reflection,Method.invoke,"{""class"": ""com.facebook.react.views.text.ReactTextAnchorViewManager"", ""method"": ""setAccessible$ReactAndroid_release""}"
81013,reflection,Method.invoke,"{""class"": ""com.facebook.react.views.text.ReactTextAnchorViewManager"", ""method"": ""setEllipsizeMode$ReactAndroid_release""}"
81021,reflection,Method.invoke,"{""class"": ""com.facebook.react.views.text.ReactTextAnchorViewManager"", ""method"": ""setFontSize$ReactAndroid_release""}"
81028,reflection,Method.invoke,"{""class"": ""com.facebook.react.views.text.ReactTextAnchorViewManager"", ""method"": ""setAccessible$ReactAndroid_release""}"
81035,reflection,Method.invoke,"{""class"": ""com.facebook.react.views.text.ReactTextAnchorViewManager"", ""method"": ""setEllipsizeMode$ReactAndroid_release""}"
81048,reflection,Method.invoke,"{""class"": ""com.facebook.react.uimanager.BaseViewManager"", ""method"": ""setBackgroundColor""}"
81055,reflection,Method.invoke,"{""class"": ""com.facebook.react.views.view.ReactViewManager"", ""method"": ""setBorderRadius""}"
81063,reflection,Method.invoke,"{""class"": ""com.facebook.react.views.view.ReactViewManager"", ""method"": ""setBorderRadius""}"
81070,reflection,Method.invoke,"{""class"": ""com.facebook.react.views.text.ReactTextAnchorViewManager"", ""method"": ""setAccessible$ReactAndroid_release""}"
81081,reflection,Method.invoke,"{""class"": ""com.facebook.react.views.text.ReactTextAnchorViewManager"", ""method"": ""setFontSize$ReactAndroid_release""}"
81089,reflection,Method.invoke,"{""class"": ""com.facebook.react.views.text.ReactTextAnchorViewManager"", ""method"": ""setEllipsizeMode$ReactAndroid_release""}"
81103,reflection,Method.invoke,"{""class"": ""com.facebook.react.views.view.ReactViewManager"", ""method"": ""setBorderRadius""}"
81111,reflection,Method.invoke,"{""class"": ""com.facebook.react.views.view.ReactViewManager"", ""method"": ""setBorderRadius""}"
81124,reflection,Method.invoke,"{""class"": ""com.facebook.react.uimanager.BaseViewManager"", ""method"": ""setBackgroundColor""}"
81132,reflection,Method.invoke,"{""class"": ""com.facebook.react.views.text.ReactTextAnchorViewManager"", ""method"": ""setAccessible$ReactAndroid_release""}"
81139,reflection,Method.invoke,"{""class"": ""com.facebook.react.views.text.ReactTextAnchorViewManager"", ""method"": ""setEllipsizeMode$ReactAndroid_release""}"
81147,reflection,Method.invoke,"{""class"": ""com.facebook.react.views.text.ReactTextAnchorViewManager"", ""method"": ""setFontSize$ReactAndroid_release""}"
81155,reflection,Method.invoke,"{""class"": ""com.facebook.react.uimanager.BaseViewManager"", ""method"": ""setBackgroundColor""}"
81167,reflection,Method.invoke,"{""class"": ""com.facebook.react.views.text.ReactTextAnchorViewManager"", ""method"": ""setAccessible$ReactAndroid_release""}"
81179,reflection,Method.invoke,"{""class"": ""com.facebook.react.views.text.ReactTextAnchorViewManager"", ""method"": ""setEllipsizeMode$ReactAndroid_release""}"
81189,reflection,Method.invoke,"{""class"": ""com.facebook.react.views.text.ReactTextAnchorViewManager"", ""method"": ""setFontSize$ReactAndroid_release""}"
81199,reflection,Method.invoke,"{""class"": ""com.facebook.react.views.text.ReactTextAnchorViewManager"", ""method"": ""setAccessible$ReactAndroid_release""}"
81206,reflection,Method.invoke,"{""class"": ""com.facebook.react.views.text.ReactTextAnchorViewManager"", ""method"": ""setEllipsizeMode$ReactAndroid_release""}"
81214,reflection,Method.invoke,"{""class"": ""com.facebook.react.uimanager.BaseViewManager"", ""method"": ""setBackgroundColor""}"
81227,reflection,Method.invoke,"{""class"": ""com.facebook.react.views.view.ReactViewManager"", ""method"": ""setBorderRadius""}"
81236,reflection,Method.invoke,"{""class"": ""com.facebook.react.views.view.ReactViewManager"", ""method"": ""setBorderRadius""}"
81243,reflection,Method.invoke,"{""class"": ""com.facebook.react.views.text.ReactTextAnchorViewManager"", ""method"": ""setAccessible$ReactAndroid_release""}"
81251,reflection,Method.invoke,"{""class"": ""com.facebook.react.views.text.ReactTextAnchorViewManager"", ""method"": ""setEllipsizeMode$ReactAndroid_release""}"
81258,reflection,Method.invoke,"{""class"": ""com.facebook.react.views.text.ReactTextAnchorViewManager"", ""method"": ""setFontSize$ReactAndroid_release""}"
81267,reflection,Method.invoke,"{""class"": ""com.facebook.react.views.text.ReactTextAnchorViewManager"", ""method"": ""setAccessible$ReactAndroid_release""}"
81275,reflection,Method.invoke,"{""class"": ""com.facebook.react.views.text.ReactTextAnchorViewManager"", ""method"": ""setEllipsizeMode$ReactAndroid_release""}"
81286,reflection,Method.invoke,"{""class"": ""com.facebook.react.uimanager.BaseViewManager"", ""method"": ""setBackgroundColor""}"
81293,reflection,Method.invoke,"{""class"": ""com.facebook.react.views.view.ReactViewManager"", ""method"": ""setBorderRadius""}"
81305,reflection,Method.invoke,"{""class"": ""com.facebook.react.views.text.ReactTextAnchorViewManager"", ""method"": ""setAccessible$ReactAndroid_release""}"
81312,reflection,Method.invoke,"{""class"": ""com.facebook.react.views.text.ReactTextAnchorViewManager"", ""method"": ""setEllipsizeMode$ReactAndroid_release""}"
81319,reflection,Method.invoke,"{""class"": ""com.facebook.react.views.text.ReactTextAnchorViewManager"", ""method"": ""setFontSize$ReactAndroid_release""}"
81327,reflection,Method.invoke,"{""class"": ""com.facebook.react.views.text.ReactTextAnchorViewManager"", ""method"": ""setAccessible$ReactAndroid_release""}"
81334,reflection,Method.invoke,"{""class"": ""com.facebook.react.views.text.ReactTextAnchorViewManager"", ""method"": ""setEllipsizeMode$ReactAndroid_release""}"
81341,reflection,Method.invoke,"{""class"": ""com.facebook.react.uimanager.BaseViewManager"", ""method"": ""setBackgroundColor""}"
81348,reflection,Method.invoke,"{""class"": ""com.facebook.react.views.view.ReactViewManager"", ""method"": ""setBorderRadius""}"
81356,reflection,Method.invoke,"{""class"": ""com.facebook.react.views.text.ReactTextAnchorViewManager"", ""method"": ""setEllipsizeMode$ReactAndroid_release""}"
81363,reflection,Method.invoke,"{""class"": ""com.facebook.react.views.text.ReactTextAnchorViewManager"", ""method"": ""setAccessible$ReactAndroid_release""}"
81370,reflection,Method.invoke,"{""class"": ""com.facebook.react.views.text.ReactTextAnchorViewManager"", ""method"": ""setFontSize$ReactAndroid_release""}"
81377,reflection,Method.invoke,"{""class"": ""com.facebook.react.views.view.ReactViewManager"", ""method"": ""setHitSlop""}"
81390,reflection,Method.invoke,"{""class"": ""com.facebook.react.uimanager.BaseViewManager"", ""method"": ""setResponderMove""}"
81398,reflection,Method.invoke,"{""class"": ""com.facebook.react.views.view.ReactViewManager"", ""method"": ""setAccessible""}"
81410,reflection,Method.invoke,"{""class"": ""com.facebook.react.uimanager.BaseViewManager"", ""method"": ""setOpacity""}"
81422,reflection,Method.invoke,"{""class"": ""com.facebook.react.uimanager.BaseViewManager"", ""method"": ""setResponderGrant""}"
81434,reflection,Method.invoke,"{""class"": ""com.facebook.react.uimanager.BaseViewManager"", ""method"": ""setStartShouldSetResponder""}"
81441,reflection,Method.invoke,"{""class"": ""com.facebook.react.uimanager.BaseViewManager"", ""method"": ""setResponderTerminationRequest""}"
81449,reflection,Method.invoke,"{""class"": ""com.facebook.react.uimanager.BaseViewManager"", ""method"": ""setResponderRelease""}"
81456,reflection,Method.invoke,"{""class"": ""com.facebook.react.uimanager.BaseViewManager"", ""method"": ""setResponderTerminate""}"
81465,reflection,Method.invoke,"{""class"": ""com.facebook.react.views.view.ReactViewManager"", ""method"": ""setFocusable""}"
81472,reflection,Method.invoke,"{""class"": ""com.facebook.react.uimanager.BaseViewManager"", ""method"": ""setClick""}"
81483,reflection,Method.invoke,"{""class"": ""com.facebook.react.views.view.ReactViewManager"", ""method"": ""setCollapsable""}"
81492,reflection,Method.invoke,"{""class"": ""com.facebook.react.uimanager.BaseViewManager"", ""method"": ""setAccessibilityValue""}"
81500,reflection,Method.invoke,"{""class"": ""com.facebook.react.uimanager.BaseViewManager"", ""method"": ""setViewState""}"
81508,reflection,Method.invoke,"{""class"": ""com.facebook.react.views.view.ReactViewManager"", ""method"": ""setCollapsable""}"
81521,reflection,Method.invoke,"{""class"": ""com.facebook.react.views.view.ReactViewManager"", ""method"": ""setCollapsableChildren""}"
81529,reflection,Method.invoke,"{""class"": ""com.facebook.react.views.scroll.ReactScrollViewManager"", ""method"": ""setOverflow""}"
81541,reflection,Method.invoke,"{""class"": ""com.facebook.react.uimanager.BaseViewManager"", ""method"": ""setTouchMove""}"
81549,reflection,Method.invoke,"{""class"": ""com.facebook.react.uimanager.BaseViewManager"", ""method"": ""setResponderRelease""}"
81556,reflection,Method.invoke,"{""class"": ""com.facebook.react.uimanager.BaseViewManager"", ""method"": ""setStartShouldSetResponderCapture""}"
81564,reflection,Method.invoke,"{""class"": ""com.facebook.react.uimanager.BaseViewManager"", ""method"": ""setResponderGrant""}"
81570,reflection,Method.invoke,"{""class"": ""com.facebook.react.uimanager.BaseViewManager"", ""method"": ""setStartShouldSetResponder""}"
81578,reflection,Method.invoke,"{""class"": ""com.facebook.react.uimanager.BaseViewManager"", ""method"": ""setResponderTerminationRequest""}"
81586,reflection,Method.invoke,"{""class"": ""com.facebook.react.uimanager.BaseViewManager"", ""method"": ""setResponderReject""}"
81593,reflection,Method.invoke,"{""class"": ""com.facebook.react.views.scroll.ReactScrollViewManager"", ""method"": ""setSendMomentumEvents""}"
81601,reflection,Method.invoke,"{""class"": ""com.facebook.react.uimanager.BaseViewManager"", ""method"": ""setTouchEnd""}"
81614,reflection,Method.invoke,"{""class"": ""com.facebook.react.views.scroll.ReactScrollViewManager"", ""method"": ""setSnapToStart""}"
81621,reflection,Method.invoke,"{""class"": ""com.facebook.react.uimanager.BaseViewManager"", ""method"": ""setTouchStart""}"
81634,reflection,Method.invoke,"{""class"": ""com.facebook.react.views.scroll.ReactScrollViewManager"", ""method"": ""setSnapToEnd""}"
81646,reflection,Method.invoke,"{""class"": ""com.facebook.react.uimanager.BaseViewManager"", ""method"": ""setTouchCancel""}"
81653,reflection,Method.invoke,"{""class"": ""com.facebook.react.views.scroll.ReactScrollViewManager"", ""method"": ""setPagingEnabled""}"
81659,reflection,Method.invoke,"{""class"": ""com.facebook.react.uimanager.BaseViewManager"", ""method"": ""setBackgroundColor""}"
81666,reflection,Method.invoke,"{""class"": ""com.facebook.react.views.view.ReactViewManager"", ""method"": ""setPointerEvents""}"
81672,reflection,Method.invoke,"{""class"": ""com.facebook.react.uimanager.BaseViewManager"", ""method"": ""setBackgroundColor""}"
81680,reflection,Method.invoke,"{""class"": ""com.facebook.react.views.view.ReactViewManager"", ""method"": ""setOverflow""}"
81697,reflection,Method.invoke,"{""class"": ""com.facebook.react.views.view.ReactViewManager"", ""method"": ""setNeedsOffscreenAlphaCompositing""}"
81711,reflection,Method.invoke,"{""class"": ""com.facebook.react.views.view.ReactViewManager"", ""method"": ""setCollapsable""}"
81720,reflection,Method.invoke,"{""class"": ""com.facebook.react.uimanager.BaseViewManager"", ""method"": ""setOpacity""}"
81728,reflection,Method.invoke,"{""class"": ""com.facebook.react.uimanager.BaseViewManager"", ""method"": ""setTransform""}"
81735,reflection,Method.invoke,"{""class"": ""com.facebook.react.views.view.ReactViewManager"", ""method"": ""setCollapsable""}"
81751,reflection,Method.invoke,"{""class"": ""com.facebook.react.views.view.ReactViewManager"", ""method"": ""setPointerEvents""}"
81763,reflection,Method.invoke,"{""class"": ""com.facebook.react.views.view.ReactViewManager"", ""method"": ""setPointerEvents""}"
81776,reflection,Method.invoke,"{""class"": ""com.facebook.react.views.view.ReactViewManager"", ""method"": ""setCollapsable""}"
81784,reflection,Method.invoke,"{""class"": ""com.facebook.react.views.view.ReactViewManager"", ""method"": ""setPointerEvents""}"
81792,reflection,Method.invoke,"{""class"": ""com.facebook.react.uimanager.BaseViewManager"", ""method"": ""setImportantForAccessibility""}"
81802,reflection,Method.invoke,"{""class"": ""com.facebook.react.uimanager.BaseViewManager"", ""method"": ""setTransform""}"
81808,reflection,Method.invoke,"{""class"": ""com.facebook.react.uimanager.BaseViewManager"", ""method"": ""setOpacity""}"
81818,reflection,Method.invoke,"{""class"": ""com.facebook.react.views.view.ReactViewManager"", ""method"": ""setOverflow""}"
81825,reflection,Method.invoke,"{""class"": ""com.facebook.react.uimanager.BaseViewManager"", ""method"": ""setImportantForAccessibility""}"
81833,reflection,Method.invoke,"{""class"": ""com.facebook.react.uimanager.BaseViewManager"", ""method"": ""setOpacity""}"
81846,reflection,Method.invoke,"{""class"": ""com.facebook.react.uimanager.BaseViewManager"", ""method"": ""setTransform""}"
81854,reflection,Method.invoke,"{""class"": ""com.facebook.react.uimanager.BaseViewManager"", ""method"": ""setOpacity""}"
81862,reflection,Method.invoke,"{""class"": ""com.facebook.react.uimanager.BaseViewManager"", ""method"": ""setTransform""}"
81870,reflection,Method.invoke,"{""class"": ""com.facebook.react.uimanager.BaseViewManager"", ""method"": ""setOpacity""}"
81877,reflection,Method.invoke,"{""class"": ""com.facebook.react.uimanager.BaseViewManager"", ""method"": ""setTransform""}"
81885,crypto,MessageDigest.digest,{}
81891,crypto,MessageDigest.digest,{}
81897,crypto,MessageDigest.digest,{}
81907,reflection,Method.invoke,"{""class"": ""com.facebook.react.uimanager.BaseViewManager"", ""method"": ""setTransform""}"
81910,crypto,MessageDigest.digest,{}
81916,crypto,MessageDigest.digest,{}
81926,reflection,Method.invoke,"{""class"": ""com.facebook.react.uimanager.BaseViewManager"", ""method"": ""setOpacity""}"
81931,crypto,MessageDigest.digest,{}
81941,crypto,MessageDigest.digest,{}
81944,crypto,MessageDigest.digest,{}
81948,crypto,MessageDigest.digest,{}
81952,crypto,MessageDigest.digest,{}
81955,reflection,Method.invoke,"{""class"": ""com.facebook.react.uimanager.BaseViewManager"", ""method"": ""setTransform""}"
81960,crypto,MessageDigest.digest,{}
81964,crypto,MessageDigest.digest,{}
81970,crypto,MessageDigest.digest,{}
81978,reflection,Method.invoke,"{""class"": ""com.facebook.react.uimanager.BaseViewManager"", ""method"": ""setOpacity""}"
81990,reflection,Method.invoke,"{""class"": ""com.facebook.react.uimanager.BaseViewManager"", ""method"": ""setTransform""}"
81999,reflection,Method.invoke,"{""class"": ""com.facebook.react.uimanager.BaseViewManager"", ""method"": ""setOpacity""}"
82006,reflection,Method.invoke,"{""class"": ""com.facebook.react.uimanager.BaseViewManager"", ""method"": ""setOpacity""}"
82014,reflection,Method.invoke,"{""class"": ""com.facebook.react.uimanager.BaseViewManager"", ""method"": ""setTransform""}"
82024,reflection,Method.invoke,"{""class"": ""com.facebook.react.uimanager.BaseViewManager"", ""method"": ""setOpacity""}"
82037,reflection,Method.invoke,"{""class"": ""com.facebook.react.uimanager.BaseViewManager"", ""method"": ""setOpacity""}"
82045,reflection,Method.invoke,"{""class"": ""com.facebook.react.uimanager.BaseViewManager"", ""method"": ""setOpacity""}"
82058,reflection,Method.invoke,"{""class"": ""com.facebook.react.uimanager.BaseViewManager"", ""method"": ""setOpacity""}"
82066,reflection,Method.invoke,"{""class"": ""com.facebook.react.uimanager.BaseViewManager"", ""method"": ""setTransform""}"
82073,reflection,Method.invoke,"{""class"": ""com.facebook.react.uimanager.BaseViewManager"", ""method"": ""setOpacity""}"
82080,reflection,Method.invoke,"{""class"": ""com.facebook.react.uimanager.BaseViewManager"", ""method"": ""setTransform""}"
82087,reflection,Method.invoke,"{""class"": ""com.facebook.react.uimanager.BaseViewManager"", ""method"": ""setOpacity""}"
82103,reflection,Method.invoke,"{""class"": ""android.view.View"", ""method"": ""getViewRootImpl""}"
82110,reflection,Method.invoke,"{""class"": ""android.view.View"", ""method"": ""getViewRootImpl""}"
82173,file_io,File.delete,"{""path"": ""/data/user/0/app.ladefuchs.android/files/profileInstalled""}"
82175,reflection,Method.invoke,"{""class"": ""com.facebook.react.uimanager.BaseViewManager"", ""method"": ""setOpacity""}"
82184,reflection,Method.invoke,"{""class"": ""com.facebook.react.uimanager.BaseViewManager"", ""method"": ""setTransform""}"
82191,reflection,Method.invoke,"{""class"": ""com.facebook.react.uimanager.BaseViewManager"", ""method"": ""setOpacity""}"
82199,reflection,Method.invoke,"{""class"": ""com.facebook.react.uimanager.BaseViewManager"", ""method"": ""setTransform""}"
82208,reflection,Method.invoke,"{""class"": ""com.facebook.react.uimanager.BaseViewManager"", ""method"": ""setOpacity""}"
82217,reflection,Method.invoke,"{""class"": ""com.facebook.react.uimanager.BaseViewManager"", ""method"": ""setOpacity""}"
82225,reflection,Method.invoke,"{""class"": ""com.facebook.react.uimanager.BaseViewManager"", ""method"": ""setTransform""}"
82232,reflection,Method.invoke,"{""class"": ""com.facebook.react.uimanager.BaseViewManager"", ""method"": ""setOpacity""}"
82251,reflection,Method.invoke,"{""class"": ""expo.modules.image.records.ImageLoadEvent"", ""method"": ""getCacheType""}"
82268,reflection,Method.invoke,"{""class"": ""expo.modules.image.records.ImageLoadEvent"", ""method"": ""getSource""}"
82281,reflection,Method.invoke,"{""class"": ""expo.modules.image.records.ImageSource"", ""method"": ""getHeight""}"
82292,reflection,Method.invoke,"{""class"": ""expo.modules.image.records.ImageSource"", ""method"": ""isAnimated""}"
82303,reflection,Method.invoke,"{""class"": ""expo.modules.image.records.ImageSource"", ""method"": ""getMediaType""}"
82312,reflection,Method.invoke,"{""class"": ""expo.modules.image.records.ImageSource"", ""method"": ""getUrl""}"
82322,reflection,Method.invoke,"{""class"": ""expo.modules.image.records.ImageSource"", ""method"": ""getWidth""}"
82333,reflection,Method.invoke,"{""class"": ""expo.modules.image.records.ImageLoadEvent"", ""method"": ""getCacheType""}"
82344,reflection,Method.invoke,"{""class"": ""expo.modules.image.records.ImageLoadEvent"", ""method"": ""getSource""}"
82354,reflection,Method.invoke,"{""class"": ""expo.modules.image.records.ImageSource"", ""method"": ""getHeight""}"
82367,reflection,Method.invoke,"{""class"": ""expo.modules.image.records.ImageSource"", ""method"": ""isAnimated""}"
82375,reflection,Method.invoke,"{""class"": ""expo.modules.image.records.ImageSource"", ""method"": ""getMediaType""}"
82380,reflection,Method.invoke,"{""class"": ""expo.modules.image.records.ImageSource"", ""method"": ""getUrl""}"
82389,reflection,Method.invoke,"{""class"": ""expo.modules.image.records.ImageSource"", ""method"": ""getWidth""}"
82398,reflection,Method.invoke,"{""class"": ""com.facebook.react.uimanager.BaseViewManager"", ""method"": ""setTransform""}"
82409,reflection,Method.invoke,"{""class"": ""com.facebook.react.uimanager.BaseViewManager"", ""method"": ""setOpacity""}"
82421,reflection,Method.invoke,"{""class"": ""com.facebook.react.uimanager.BaseViewManager"", ""method"": ""setOpacity""}"
82428,reflection,Method.invoke,"{""class"": ""com.facebook.react.uimanager.BaseViewManager"", ""method"": ""setOpacity""}"
82441,reflection,Method.invoke,"{""class"": ""com.facebook.react.uimanager.BaseViewManager"", ""method"": ""setOpacity""}"
82448,reflection,Method.invoke,"{""class"": ""com.facebook.react.uimanager.BaseViewManager"", ""method"": ""setTransform""}"
82475,reflection,Method.invoke,"{""class"": ""com.facebook.react.uimanager.BaseViewManager"", ""method"": ""setTransform""}"
82485,reflection,Method.invoke,"{""class"": ""com.facebook.react.uimanager.BaseViewManager"", ""method"": ""setOpacity""}"
82507,reflection,Method.invoke,"{""class"": ""com.facebook.react.uimanager.BaseViewManager"", ""method"": ""setTransform""}"
82519,reflection,Method.invoke,"{""class"": ""com.facebook.react.uimanager.BaseViewManager"", ""method"": ""setOpacity""}"
82527,reflection,Method.invoke,"{""class"": ""com.facebook.react.uimanager.BaseViewManager"", ""method"": ""setOpacity""}"
82538,reflection,Method.invoke,"{""class"": ""com.facebook.react.uimanager.BaseViewManager"", ""method"": ""setTransform""}"
82554,reflection,Method.invoke,"{""class"": ""com.facebook.react.uimanager.BaseViewManager"", ""method"": ""setTransform""}"
82562,reflection,Method.invoke,"{""class"": ""com.facebook.react.uimanager.BaseViewManager"", ""method"": ""setOpacity""}"
84224,reflection,Method.invoke,"{""class"": ""expo.modules.haptics.HapticType"", ""method"": ""values""}"
84231,reflection,Method.invoke,"{""class"": ""kotlin.Metadata"", ""method"": ""bv""}"
84249,reflection,Method.invoke,"{""class"": ""kotlin.Metadata"", ""method"": ""d1""}"
84255,reflection,Method.invoke,"{""class"": ""com.facebook.react.uimanager.BaseViewManager"", ""method"": ""setOpacity""}"
84275,reflection,Method.invoke,"{""class"": ""kotlin.Metadata"", ""method"": ""d2""}"
84285,reflection,Method.invoke,"{""class"": ""com.facebook.react.uimanager.BaseViewManager"", ""method"": ""setOpacity""}"
84300,reflection,Method.invoke,"{""class"": ""kotlin.Metadata"", ""method"": ""k""}"
84304,reflection,Method.invoke,"{""class"": ""com.facebook.react.uimanager.BaseViewManager"", ""method"": ""setOpacity""}"
84330,reflection,Method.invoke,"{""class"": ""kotlin.Metadata"", ""method"": ""mv""}"
84337,reflection,Method.invoke,"{""class"": ""com.facebook.react.uimanager.BaseViewManager"", ""method"": ""setOpacity""}"
84354,reflection,Method.invoke,"{""class"": ""kotlin.Metadata"", ""method"": ""pn""}"
84364,reflection,Method.invoke,"{""class"": ""kotlin.Metadata"", ""method"": ""xi""}"
84375,reflection,Method.invoke,"{""class"": ""com.facebook.react.uimanager.BaseViewManager"", ""method"": ""setOpacity""}"
84380,reflection,Method.invoke,"{""class"": ""kotlin.Metadata"", ""method"": ""xs""}"
84392,reflection,Method.invoke,"{""class"": ""com.facebook.react.uimanager.BaseViewManager"", ""method"": ""setOpacity""}"
84405,reflection,Method.invoke,"{""class"": ""com.facebook.react.uimanager.BaseViewManager"", ""method"": ""setOpacity""}"
84422,reflection,Method.invoke,"{""class"": ""com.facebook.react.uimanager.BaseViewManager"", ""method"": ""setOpacity""}"
84433,reflection,Method.invoke,"{""class"": ""com.facebook.react.views.view.ReactViewManager"", ""method"": ""setCollapsable""}"
84444,reflection,Method.invoke,"{""class"": ""com.facebook.react.uimanager.BaseViewManager"", ""method"": ""setOpacity""}"
84456,reflection,Method.invoke,"{""class"": ""com.facebook.react.views.view.ReactViewManager"", ""method"": ""setPointerEvents""}"
84468,reflection,Method.invoke,"{""class"": ""com.facebook.react.uimanager.BaseViewManager"", ""method"": ""setBackgroundColor""}"
84480,reflection,Method.invoke,"{""class"": ""com.facebook.react.views.view.ReactViewManager"", ""method"": ""setCollapsable""}"
84491,reflection,Method.invoke,"{""class"": ""com.facebook.react.uimanager.BaseViewManager"", ""method"": ""setOpacity""}"
84502,reflection,Method.invoke,"{""class"": ""com.facebook.react.uimanager.BaseViewManager"", ""method"": ""setOpacity""}"
84520,reflection,Method.invoke,"{""class"": ""com.facebook.react.uimanager.BaseViewManager"", ""method"": ""setOpacity""}"
84531,reflection,Method.invoke,"{""class"": ""android.os.SystemProperties"", ""method"": ""get""}"
84554,reflection,Method.invoke,"{""class"": ""com.facebook.react.views.view.ReactViewManager"", ""method"": ""setBorderColor""}"
84561,reflection,Method.invoke,"{""class"": ""android.os.SystemProperties"", ""method"": ""get""}"
84576,reflection,Method.invoke,"{""class"": ""com.facebook.react.uimanager.BaseViewManager"", ""method"": ""setElevation""}"
84588,reflection,Method.invoke,"{""class"": ""com.facebook.react.uimanager.BaseViewManager"", ""method"": ""setBackgroundColor""}"
84598,reflection,Method.invoke,"{""class"": ""java.util.Locale"", ""method"": ""getDefault""}"
84607,reflection,Method.invoke,"{""class"": ""com.facebook.react.views.view.ReactViewManager"", ""method"": ""setPointerEvents""}"
84618,reflection,Method.invoke,"{""class"": ""com.facebook.react.views.view.ReactViewManager"", ""method"": ""setCollapsable""}"
84630,reflection,Method.invoke,"{""class"": ""android.os.SystemProperties"", ""method"": ""get""}"
84648,reflection,Method.invoke,"{""class"": ""com.facebook.react.views.view.ReactViewManager"", ""method"": ""setPointerEvents""}"
84649,reflection,Method.invoke,"{""class"": ""android.os.SystemProperties"", ""method"": ""get""}"
84668,reflection,Method.invoke,"{""class"": ""java.util.Locale"", ""method"": ""getDefault""}"
84669,reflection,Method.invoke,"{""class"": ""com.facebook.react.views.view.ReactViewManager"", ""method"": ""setCollapsable""}"
84688,reflection,Method.invoke,"{""class"": ""com.facebook.react.views.view.ReactViewManager"", ""method"": ""setPointerEvents""}"
84709,reflection,Method.invoke,"{""class"": ""com.facebook.react.views.view.ReactViewManager"", ""method"": ""setPointerEvents""}"
84721,reflection,Method.invoke,"{""class"": ""com.facebook.react.views.view.ReactViewManager"", ""method"": ""setCollapsable""}"
84739,reflection,Method.invoke,"{""class"": ""com.facebook.react.uimanager.BaseViewManager"", ""method"": ""setRole""}"
84751,reflection,Method.invoke,"{""class"": ""com.facebook.react.views.text.ReactTextAnchorViewManager"", ""method"": ""setNumberOfLines$ReactAndroid_release""}"
84764,reflection,Method.invoke,"{""class"": ""java.util.Locale"", ""method"": ""getDefault""}"
84774,reflection,Method.invoke,"{""class"": ""com.facebook.react.views.text.ReactTextAnchorViewManager"", ""method"": ""setAccessible$ReactAndroid_release""}"
84786,reflection,Method.invoke,"{""class"": ""com.facebook.react.views.text.ReactTextAnchorViewManager"", ""method"": ""setEllipsizeMode$ReactAndroid_release""}"
84792,file_io,AssetManager.open,"{""path"": ""fonts/sans-serif-medium.ttf""}"
84800,file_io,AssetManager.open,"{""path"": ""fonts/sans-serif-medium.otf""}"
84808,reflection,Method.invoke,"{""class"": ""com.facebook.react.views.text.ReactTextAnchorViewManager"", ""method"": ""setFontSize$ReactAndroid_release""}"
84821,reflection,Method.invoke,"{""class"": ""com.facebook.react.views.view.ReactViewManager"", ""method"": ""setPointerEvents""}"
84833,reflection,Method.invoke,"{""class"": ""com.facebook.react.views.view.ReactViewManager"", ""method"": ""setCollapsable""}"
84858,reflection,Method.invoke,"{""class"": ""com.facebook.react.uimanager.BaseViewManager"", ""method"": ""setBackgroundColor""}"
84877,reflection,Method.invoke,"{""class"": ""com.facebook.react.views.view.ReactViewManager"", ""method"": ""setBorderRadius""}"
84892,reflection,Method.invoke,"{""class"": ""com.facebook.react.views.view.ReactViewManager"", ""method"": ""setHitSlop""}"
84906,reflection,Method.invoke,"{""class"": ""com.facebook.react.uimanager.BaseViewManager"", ""method"": ""setResponderMove""}"
84920,reflection,Method.invoke,"{""class"": ""com.facebook.react.views.view.ReactViewManager"", ""method"": ""setAccessible""}"
84935,reflection,Method.invoke,"{""class"": ""com.facebook.react.uimanager.BaseViewManager"", ""method"": ""setOpacity""}"
84946,reflection,Method.invoke,"{""class"": ""com.facebook.react.uimanager.BaseViewManager"", ""method"": ""setResponderGrant""}"
84956,reflection,Method.invoke,"{""class"": ""java.util.Locale"", ""method"": ""getDefault""}"
84973,reflection,Method.invoke,"{""class"": ""com.facebook.react.uimanager.BaseViewManager"", ""method"": ""setStartShouldSetResponder""}"
84987,reflection,Method.invoke,"{""class"": ""com.facebook.react.uimanager.BaseViewManager"", ""method"": ""setResponderTerminationRequest""}"
84997,reflection,Method.invoke,"{""class"": ""com.facebook.react.uimanager.BaseViewManager"", ""method"": ""setResponderRelease""}"
85007,reflection,Method.invoke,"{""class"": ""com.facebook.react.uimanager.BaseViewManager"", ""method"": ""setResponderTerminate""}"
85019,reflection,Method.invoke,"{""class"": ""com.facebook.react.views.view.ReactViewManager"", ""method"": ""setFocusable""}"
85026,reflection,Method.invoke,"{""class"": ""com.facebook.react.uimanager.BaseViewManager"", ""method"": ""setClick""}"
85037,reflection,Method.invoke,"{""class"": ""com.facebook.react.views.view.ReactViewManager"", ""method"": ""setCollapsable""}"
85044,reflection,Method.invoke,"{""class"": ""com.facebook.react.uimanager.BaseViewManager"", ""method"": ""setAccessibilityValue""}"
85051,reflection,Method.invoke,"{""class"": ""com.facebook.react.uimanager.BaseViewManager"", ""method"": ""setViewState""}"
85063,reflection,Method.invoke,"{""class"": ""com.facebook.react.views.view.ReactViewManager"", ""method"": ""setPointerEvents""}"
85070,reflection,Method.invoke,"{""class"": ""com.facebook.react.views.view.ReactViewManager"", ""method"": ""setCollapsable""}"
85078,reflection,Method.invoke,"{""class"": ""com.facebook.react.views.view.ReactViewManager"", ""method"": ""setPointerEvents""}"
85085,reflection,Method.invoke,"{""class"": ""com.facebook.react.views.view.ReactViewManager"", ""method"": ""setCollapsable""}"
85092,reflection,Method.invoke,"{""class"": ""com.facebook.react.views.view.ReactViewManager"", ""method"": ""setPointerEvents""}"
85099,reflection,Method.invoke,"{""class"": ""com.facebook.react.uimanager.BaseViewManager"", ""method"": ""setZIndex""}"
85106,reflection,Method.invoke,"{""class"": ""com.facebook.react.views.view.ReactViewManager"", ""method"": ""setCollapsable""}"
85119,reflection,Method.invoke,"{""class"": ""com.facebook.react.views.text.ReactTextAnchorViewManager"", ""method"": ""setAccessible$ReactAndroid_release""}"
85126,reflection,Method.invoke,"{""class"": ""com.facebook.react.views.text.ReactTextAnchorViewManager"", ""method"": ""setEllipsizeMode$ReactAndroid_release""}"
85133,reflection,Method.invoke,"{""class"": ""com.facebook.react.views.text.ReactTextAnchorViewManager"", ""method"": ""setFontSize$ReactAndroid_release""}"
85141,reflection,Method.invoke,"{""class"": ""com.facebook.react.views.text.ReactTextAnchorViewManager"", ""method"": ""setAccessible$ReactAndroid_release""}"
85148,reflection,Method.invoke,"{""class"": ""com.facebook.react.views.text.ReactTextAnchorViewManager"", ""method"": ""setEllipsizeMode$ReactAndroid_release""}"
85156,reflection,Method.invoke,"{""class"": ""com.facebook.react.uimanager.BaseViewManager"", ""method"": ""setBackgroundColor""}"
85168,reflection,Method.invoke,"{""class"": ""com.facebook.react.views.view.ReactViewManager"", ""method"": ""setBorderRadius""}"
85181,reflection,Method.invoke,"{""class"": ""com.facebook.react.uimanager.BaseViewManager"", ""method"": ""setElevation""}"
85188,reflection,Method.invoke,"{""class"": ""com.facebook.react.views.text.ReactTextAnchorViewManager"", ""method"": ""setAccessible$ReactAndroid_release""}"
85200,reflection,Method.invoke,"{""class"": ""com.facebook.react.views.text.ReactTextAnchorViewManager"", ""method"": ""setFontSize$ReactAndroid_release""}"
85206,reflection,Method.invoke,"{""class"": ""com.facebook.react.views.text.ReactTextAnchorViewManager"", ""method"": ""setEllipsizeMode$ReactAndroid_release""}"
85217,reflection,Method.invoke,"{""class"": ""com.facebook.react.views.view.ReactViewManager"", ""method"": ""setBorderRadius""}"
85225,reflection,Method.invoke,"{""class"": ""com.facebook.react.views.view.ReactViewManager"", ""method"": ""setBorderRadius""}"
85233,reflection,Method.invoke,"{""class"": ""com.facebook.react.uimanager.BaseViewManager"", ""method"": ""setBackgroundColor""}"
85247,reflection,Method.invoke,"{""class"": ""com.facebook.react.views.view.ReactViewManager"", ""method"": ""setCollapsable""}"
85259,reflection,Method.invoke,"{""class"": ""com.facebook.react.uimanager.BaseViewManager"", ""method"": ""setAccessibilityValue""}"
85266,reflection,Method.invoke,"{""class"": ""com.facebook.react.uimanager.BaseViewManager"", ""method"": ""setResponderRelease""}"
85275,reflection,Method.invoke,"{""class"": ""com.facebook.react.views.view.ReactViewManager"", ""method"": ""setAccessible""}"
85288,reflection,Method.invoke,"{""class"": ""com.facebook.react.uimanager.BaseViewManager"", ""method"": ""setOpacity""}"
85295,reflection,Method.invoke,"{""class"": ""com.facebook.react.views.view.ReactViewManager"", ""method"": ""setHitSlop""}"
85303,reflection,Method.invoke,"{""class"": ""com.facebook.react.uimanager.BaseViewManager"", ""method"": ""setResponderMove""}"
85310,reflection,Method.invoke,"{""class"": ""com.facebook.react.uimanager.BaseViewManager"", ""method"": ""setResponderGrant""}"
85317,reflection,Method.invoke,"{""class"": ""com.facebook.react.uimanager.BaseViewManager"", ""method"": ""setStartShouldSetResponder""}"
85324,reflection,Method.invoke,"{""class"": ""com.facebook.react.uimanager.BaseViewManager"", ""method"": ""setResponderTerminate""}"
85337,reflection,Method.invoke,"{""class"": ""com.facebook.react.views.view.ReactViewManager"", ""method"": ""setFocusable""}"
85349,reflection,Method.invoke,"{""class"": ""com.facebook.react.uimanager.BaseViewManager"", ""method"": ""setResponderTerminationRequest""}"
85361,reflection,Method.invoke,"{""class"": ""com.facebook.react.uimanager.BaseViewManager"", ""method"": ""setClick""}"
85368,reflection,Method.invoke,"{""class"": ""com.facebook.react.uimanager.BaseViewManager"", ""method"": ""setViewState""}"
85375,reflection,Method.invoke,"{""class"": ""com.facebook.react.views.text.ReactTextAnchorViewManager"", ""method"": ""setAccessible$ReactAndroid_release""}"
85384,reflection,Method.invoke,"{""class"": ""com.facebook.react.views.text.ReactTextAnchorViewManager"", ""method"": ""setEllipsizeMode$ReactAndroid_release""}"
85390,reflection,Method.invoke,"{""class"": ""com.facebook.react.views.text.ReactTextAnchorViewManager"", ""method"": ""setFontSize$ReactAndroid_release""}"
85398,reflection,Method.invoke,"{""class"": ""com.facebook.react.views.view.ReactViewManager"", ""method"": ""setCollapsable""}"
85405,reflection,Method.invoke,"{""class"": ""com.facebook.react.uimanager.BaseViewManager"", ""method"": ""setAccessibilityValue""}"
85413,reflection,Method.invoke,"{""class"": ""com.facebook.react.uimanager.BaseViewManager"", ""method"": ""setResponderRelease""}"
85425,reflection,Method.invoke,"{""class"": ""com.facebook.react.views.view.ReactViewManager"", ""method"": ""setAccessible""}"
85433,reflection,Method.invoke,"{""class"": ""com.facebook.react.uimanager.BaseViewManager"", ""method"": ""setOpacity""}"
85440,reflection,Method.invoke,"{""class"": ""com.facebook.react.views.view.ReactViewManager"", ""method"": ""setHitSlop""}"
85447,reflection,Method.invoke,"{""class"": ""com.facebook.react.uimanager.BaseViewManager"", ""method"": ""setResponderMove""}"
85460,reflection,Method.invoke,"{""class"": ""com.facebook.react.uimanager.BaseViewManager"", ""method"": ""setResponderGrant""}"
85467,reflection,Method.invoke,"{""class"": ""com.facebook.react.uimanager.BaseViewManager"", ""method"": ""setStartShouldSetResponder""}"
85482,reflection,Method.invoke,"{""class"": ""com.facebook.react.uimanager.BaseViewManager"", ""method"": ""setResponderTerminate""}"
85490,reflection,Method.invoke,"{""class"": ""com.facebook.react.views.view.ReactViewManager"", ""method"": ""setFocusable""}"
85497,reflection,Method.invoke,"{""class"": ""com.facebook.react.uimanager.BaseViewManager"", ""method"": ""setResponderTerminationRequest""}"
85505,reflection,Method.invoke,"{""class"": ""com.facebook.react.uimanager.BaseViewManager"", ""method"": ""setClick""}"
85512,reflection,Method.invoke,"{""class"": ""com.facebook.react.uimanager.BaseViewManager"", ""method"": ""setViewState""}"
85518,reflection,Method.invoke,"{""class"": ""com.facebook.react.uimanager.BaseViewManager"", ""method"": ""setBackgroundColor""}"
85526,reflection,Method.invoke,"{""class"": ""com.facebook.react.views.view.ReactViewManager"", ""method"": ""setBorderRadius""}"
85534,reflection,Method.invoke,"{""class"": ""com.facebook.react.views.view.ReactViewManager"", ""method"": ""setBorderRadius""}"
85541,reflection,Method.invoke,"{""class"": ""com.facebook.react.views.text.ReactTextAnchorViewManager"", ""method"": ""setAccessible$ReactAndroid_release""}"
85549,reflection,Method.invoke,"{""class"": ""com.facebook.react.views.text.ReactTextAnchorViewManager"", ""method"": ""setFontSize$ReactAndroid_release""}"
85556,reflection,Method.invoke,"{""class"": ""com.facebook.react.views.text.ReactTextAnchorViewManager"", ""method"": ""setEllipsizeMode$ReactAndroid_release""}"
85566,reflection,Method.invoke,"{""class"": ""com.facebook.react.views.view.ReactViewManager"", ""method"": ""setBorderRadius""}"
85573,reflection,Method.invoke,"{""class"": ""com.facebook.react.views.view.ReactViewManager"", ""method"": ""setBorderRadius""}"
85581,reflection,Method.invoke,"{""class"": ""com.facebook.react.uimanager.BaseViewManager"", ""method"": ""setBackgroundColor""}"
85588,reflection,Method.invoke,"{""class"": ""com.facebook.react.views.view.ReactViewManager"", ""method"": ""setCollapsable""}"
85595,reflection,Method.invoke,"{""class"": ""com.facebook.react.uimanager.BaseViewManager"", ""method"": ""setAccessibilityValue""}"
85603,reflection,Method.invoke,"{""class"": ""com.facebook.react.uimanager.BaseViewManager"", ""method"": ""setResponderRelease""}"
85615,reflection,Method.invoke,"{""class"": ""com.facebook.react.views.view.ReactViewManager"", ""method"": ""setAccessible""}"
85628,reflection,Method.invoke,"{""class"": ""com.facebook.react.uimanager.BaseViewManager"", ""method"": ""setOpacity""}"
85634,reflection,Method.invoke,"{""class"": ""com.facebook.react.views.view.ReactViewManager"", ""method"": ""setHitSlop""}"
85641,reflection,Method.invoke,"{""class"": ""com.facebook.react.uimanager.BaseViewManager"", ""method"": ""setResponderMove""}"
85648,reflection,Method.invoke,"{""class"": ""com.facebook.react.uimanager.BaseViewManager"", ""method"": ""setResponderGrant""}"
85661,reflection,Method.invoke,"{""class"": ""com.facebook.react.uimanager.BaseViewManager"", ""method"": ""setStartShouldSetResponder""}"
85672,reflection,Method.invoke,"{""class"": ""com.facebook.react.uimanager.BaseViewManager"", ""method"": ""setResponderTerminate""}"
85686,reflection,Method.invoke,"{""class"": ""com.facebook.react.views.view.ReactViewManager"", ""method"": ""setFocusable""}"
85693,reflection,Method.invoke,"{""class"": ""com.facebook.react.uimanager.BaseViewManager"", ""method"": ""setResponderTerminationRequest""}"
85699,reflection,Method.invoke,"{""class"": ""com.facebook.react.uimanager.BaseViewManager"", ""method"": ""setClick""}"
85706,reflection,Method.invoke,"{""class"": ""com.facebook.react.uimanager.BaseViewManager"", ""method"": ""setViewState""}"
85713,reflection,Method.invoke,"{""class"": ""com.facebook.react.views.text.ReactTextAnchorViewManager"", ""method"": ""setAccessible$ReactAndroid_release""}"
85720,reflection,Method.invoke,"{""class"": ""com.facebook.react.views.text.ReactTextAnchorViewManager"", ""method"": ""setEllipsizeMode$ReactAndroid_release""}"
85727,reflection,Method.invoke,"{""class"": ""com.facebook.react.views.text.ReactTextAnchorViewManager"", ""method"": ""setFontSize$ReactAndroid_release""}"
85735,reflection,Method.invoke,"{""class"": ""com.facebook.react.views.view.ReactViewManager"", ""method"": ""setCollapsable""}"
85743,reflection,Method.invoke,"{""class"": ""com.facebook.react.uimanager.BaseViewManager"", ""method"": ""setAccessibilityValue""}"
85750,reflection,Method.invoke,"{""class"": ""com.facebook.react.uimanager.BaseViewManager"", ""method"": ""setResponderRelease""}"
85757,reflection,Method.invoke,"{""class"": ""com.facebook.react.views.view.ReactViewManager"", ""method"": ""setAccessible""}"
85764,reflection,Method.invoke,"{""class"": ""com.facebook.react.uimanager.BaseViewManager"", ""method"": ""setOpacity""}"
85771,reflection,Method.invoke,"{""class"": ""com.facebook.react.views.view.ReactViewManager"", ""method"": ""setHitSlop""}"
85778,reflection,Method.invoke,"{""class"": ""com.facebook.react.uimanager.BaseViewManager"", ""method"": ""setResponderMove""}"
85790,reflection,Method.invoke,"{""class"": ""com.facebook.react.uimanager.BaseViewManager"", ""method"": ""setResponderGrant""}"
85802,reflection,Method.invoke,"{""class"": ""com.facebook.react.uimanager.BaseViewManager"", ""method"": ""setStartShouldSetResponder""}"
85810,reflection,Method.invoke,"{""class"": ""com.facebook.react.uimanager.BaseViewManager"", ""method"": ""setResponderTerminate""}"
85820,reflection,Method.invoke,"{""class"": ""com.facebook.react.views.view.ReactViewManager"", ""method"": ""setFocusable""}"
85827,reflection,Method.invoke,"{""class"": ""com.facebook.react.uimanager.BaseViewManager"", ""method"": ""setResponderTerminationRequest""}"
85839,reflection,Method.invoke,"{""class"": ""com.facebook.react.uimanager.BaseViewManager"", ""method"": ""setClick""}"
85846,reflection,Method.invoke,"{""class"": ""com.facebook.react.uimanager.BaseViewManager"", ""method"": ""setViewState""}"
85853,reflection,Method.invoke,"{""class"": ""com.facebook.react.uimanager.BaseViewManager"", ""method"": ""setBackgroundColor""}"
85861,reflection,Method.invoke,"{""class"": ""com.facebook.react.views.view.ReactViewManager"", ""method"": ""setBorderRadius""}"
85868,reflection,Method.invoke,"{""class"": ""com.facebook.react.views.view.ReactViewManager"", ""method"": ""setBorderRadius""}"
85875,reflection,Method.invoke,"{""class"": ""com.facebook.react.views.textinput.ReactTextInputManager"", ""method"": ""setAllowFontScaling""}"
85882,reflection,Method.invoke,"{""class"": ""com.facebook.react.views.textinput.ReactTextInputManager"", ""method"": ""setFontSize""}"
85895,reflection,Method.invoke,"{""class"": ""com.facebook.react.views.textinput.ReactTextInputManager"", ""method"": ""setMultiline""}"
85901,reflection,Method.invoke,"{""class"": ""com.facebook.react.uimanager.BaseViewManager"", ""method"": ""setStartShouldSetResponder""}"
85908,reflection,Method.invoke,"{""class"": ""com.facebook.react.uimanager.BaseViewManager"", ""method"": ""setResponderGrant""}"
85915,reflection,Method.invoke,"{""class"": ""com.facebook.react.uimanager.BaseViewManager"", ""method"": ""setBackgroundColor""}"
85922,reflection,Method.invoke,"{""class"": ""com.facebook.react.views.textinput.ReactTextInputManager"", ""method"": ""setUnderlineColor""}"
85930,reflection,Method.invoke,"{""class"": ""com.facebook.react.views.textinput.ReactTextInputManager"", ""method"": ""setBorderRadius""}"
85937,reflection,Method.invoke,"{""class"": ""com.facebook.react.views.textinput.ReactTextInputManager"", ""method"": ""setOnSelectionChange""}"
85945,reflection,Method.invoke,"{""class"": ""com.facebook.react.views.textinput.ReactTextInputManager"", ""method"": ""setTextAlignVertical""}"
85953,reflection,Method.invoke,"{""class"": ""com.facebook.react.views.textinput.ReactTextInputManager"", ""method"": ""setPlaceholder""}"
85959,reflection,Method.invoke,"{""class"": ""com.facebook.react.views.textinput.ReactTextInputManager"", ""method"": ""setPlaceholderTextColor""}"
85971,reflection,Method.invoke,"{""class"": ""com.facebook.react.views.textinput.ReactTextInputManager"", ""method"": ""setNumLines""}"
85978,reflection,Method.invoke,"{""class"": ""com.facebook.react.uimanager.BaseViewManager"", ""method"": ""setResponderMove""}"
85985,reflection,Method.invoke,"{""class"": ""com.facebook.react.views.textinput.ReactTextInputManager"", ""method"": ""setMaxLength""}"
85992,reflection,Method.invoke,"{""class"": ""com.facebook.react.views.textinput.ReactTextInputManager"", ""method"": ""setAutoCapitalize""}"
86004,reflection,Method.invoke,"{""class"": ""com.facebook.react.uimanager.BaseViewManager"", ""method"": ""setResponderRelease""}"
86011,reflection,Method.invoke,"{""class"": ""com.facebook.react.views.textinput.ReactTextInputManager"", ""method"": ""setSubmitBehavior""}"
86022,reflection,Method.invoke,"{""class"": ""com.facebook.react.uimanager.BaseViewManager"", ""method"": ""setResponderTerminate""}"
86029,reflection,Method.invoke,"{""class"": ""com.facebook.react.uimanager.BaseViewManager"", ""method"": ""setResponderTerminationRequest""}"
86037,reflection,Method.invoke,"{""class"": ""com.facebook.react.uimanager.BaseViewManager"", ""method"": ""setClick""}"
86044,reflection,Method.invoke,"{""class"": ""com.facebook.react.views.textinput.ReactTextInputManager"", ""method"": ""setOnScroll""}"
86052,reflection,Method.invoke,"{""class"": ""com.facebook.react.uimanager.BaseViewManager"", ""method"": ""setNativeId""}"
86059,reflection,Method.invoke,"{""class"": ""com.facebook.react.views.view.ReactViewManager"", ""method"": ""setBorderColor""}"
86066,reflection,Method.invoke,"{""class"": ""com.facebook.react.views.view.ReactViewManager"", ""method"": ""setCollapsable""}"
86073,reflection,Method.invoke,"{""class"": ""com.facebook.react.views.view.ReactViewManager"", ""method"": ""setBorderWidth""}"
86080,reflection,Method.invoke,"{""class"": ""com.facebook.react.views.view.ReactViewManager"", ""method"": ""setBorderRadius""}"
86088,reflection,Method.invoke,"{""class"": ""com.facebook.react.views.text.ReactTextAnchorViewManager"", ""method"": ""setAccessible$ReactAndroid_release""}"
86096,reflection,Method.invoke,"{""class"": ""com.facebook.react.views.text.ReactTextAnchorViewManager"", ""method"": ""setEllipsizeMode$ReactAndroid_release""}"
86104,reflection,Method.invoke,"{""class"": ""com.facebook.react.uimanager.BaseViewManager"", ""method"": ""setOpacity""}"
86111,reflection,Method.invoke,"{""class"": ""com.facebook.react.views.text.ReactTextAnchorViewManager"", ""method"": ""setFontSize$ReactAndroid_release""}"
86119,reflection,Method.invoke,"{""class"": ""com.facebook.react.views.text.ReactTextAnchorViewManager"", ""method"": ""setAccessible$ReactAndroid_release""}"
86126,reflection,Method.invoke,"{""class"": ""com.facebook.react.views.text.ReactTextAnchorViewManager"", ""method"": ""setFontSize$ReactAndroid_release""}"
86133,reflection,Method.invoke,"{""class"": ""com.facebook.react.views.text.ReactTextAnchorViewManager"", ""method"": ""setEllipsizeMode$ReactAndroid_release""}"
86140,reflection,Method.invoke,"{""class"": ""com.facebook.react.views.view.ReactViewManager"", ""method"": ""setFocusable""}"
86148,reflection,Method.invoke,"{""class"": ""com.facebook.react.uimanager.BaseViewManager"", ""method"": ""setResponderTerminate""}"
86155,reflection,Method.invoke,"{""class"": ""com.facebook.react.views.view.ReactViewManager"", ""method"": ""setBorderRadius""}"
86163,reflection,Method.invoke,"{""class"": ""com.facebook.react.uimanager.BaseViewManager"", ""method"": ""setOpacity""}"
86170,reflection,Method.invoke,"{""class"": ""com.facebook.react.uimanager.BaseViewManager"", ""method"": ""setBackgroundColor""}"
86178,reflection,Method.invoke,"{""class"": ""com.facebook.react.views.view.ReactViewManager"", ""method"": ""setAccessible""}"
86185,reflection,Method.invoke,"{""class"": ""com.facebook.react.uimanager.BaseViewManager"", ""method"": ""setStartShouldSetResponder""}"
86192,reflection,Method.invoke,"{""class"": ""com.facebook.react.uimanager.BaseViewManager"", ""method"": ""setResponderGrant""}"
86200,reflection,Method.invoke,"{""class"": ""com.facebook.react.views.view.ReactViewManager"", ""method"": ""setHitSlop""}"
86208,reflection,Method.invoke,"{""class"": ""com.facebook.react.uimanager.BaseViewManager"", ""method"": ""setResponderMove""}"
86215,reflection,Method.invoke,"{""class"": ""com.facebook.react.uimanager.BaseViewManager"", ""method"": ""setResponderRelease""}"
86222,reflection,Method.invoke,"{""class"": ""com.facebook.react.uimanager.BaseViewManager"", ""method"": ""setResponderTerminationRequest""}"
86229,reflection,Method.invoke,"{""class"": ""com.facebook.react.uimanager.BaseViewManager"", ""method"": ""setClick""}"
86236,reflection,Method.invoke,"{""class"": ""com.facebook.react.views.view.ReactViewManager"", ""method"": ""setCollapsable""}"
86248,reflection,Method.invoke,"{""class"": ""com.facebook.react.uimanager.BaseViewManager"", ""method"": ""setAccessibilityValue""}"
86255,reflection,Method.invoke,"{""class"": ""com.facebook.react.uimanager.BaseViewManager"", ""method"": ""setViewState""}"
86263,reflection,Method.invoke,"{""class"": ""com.facebook.react.views.view.ReactViewManager"", ""method"": ""setCollapsable""}"
86270,reflection,Method.invoke,"{""class"": ""com.facebook.react.views.view.ReactViewManager"", ""method"": ""setCollapsableChildren""}"
86277,reflection,Method.invoke,"{""class"": ""com.facebook.react.uimanager.BaseViewManager"", ""method"": ""setStartShouldSetResponder""}"
86284,reflection,Method.invoke,"{""class"": ""com.facebook.react.uimanager.BaseViewManager"", ""method"": ""setResponderGrant""}"
86291,reflection,Method.invoke,"{""class"": ""com.facebook.react.uimanager.BaseViewManager"", ""method"": ""setResponderTerminationRequest""}"
86298,reflection,Method.invoke,"{""class"": ""com.facebook.react.views.scroll.ReactScrollViewManager"", ""method"": ""setSnapToEnd""}"
86305,reflection,Method.invoke,"{""class"": ""com.facebook.react.uimanager.BaseViewManager"", ""method"": ""setResponderMove""}"
86312,reflection,Method.invoke,"{""class"": ""com.facebook.react.uimanager.BaseViewManager"", ""method"": ""setClick""}"
86319,reflection,Method.invoke,"{""class"": ""com.facebook.react.uimanager.BaseViewManager"", ""method"": ""setResponderReject""}"
86326,reflection,Method.invoke,"{""class"": ""com.facebook.react.views.scroll.ReactScrollViewManager"", ""method"": ""setSendMomentumEvents""}"
86333,reflection,Method.invoke,"{""class"": ""com.facebook.react.uimanager.BaseViewManager"", ""method"": ""setTouchStart""}"
86344,reflection,Method.invoke,"{""class"": ""com.facebook.react.uimanager.BaseViewManager"", ""method"": ""setViewState""}"
86351,reflection,Method.invoke,"{""class"": ""com.facebook.react.uimanager.BaseViewManager"", ""method"": ""setResponderTerminate""}"
86358,reflection,Method.invoke,"{""class"": ""com.facebook.react.uimanager.BaseViewManager"", ""method"": ""setStartShouldSetResponderCapture""}"
86365,reflection,Method.invoke,"{""class"": ""com.facebook.react.uimanager.BaseViewManager"", ""method"": ""setTouchEnd""}"
86378,reflection,Method.invoke,"{""class"": ""com.facebook.react.uimanager.BaseViewManager"", ""method"": ""setResponderRelease""}"
86385,reflection,Method.invoke,"{""class"": ""com.facebook.react.views.scroll.ReactScrollViewManager"", ""method"": ""setSnapToStart""}"
86396,reflection,Method.invoke,"{""class"": ""com.facebook.react.views.scroll.ReactScrollViewManager"", ""method"": ""setOverflow""}"
86403,reflection,Method.invoke,"{""class"": ""com.facebook.react.uimanager.BaseViewManager"", ""method"": ""setTouchMove""}"
86410,reflection,Method.invoke,"{""class"": ""com.facebook.react.uimanager.BaseViewManager"", ""method"": ""setTouchCancel""}"
86417,reflection,Method.invoke,"{""class"": ""com.facebook.react.views.scroll.ReactScrollViewManager"", ""method"": ""setPagingEnabled""}"
86425,reflection,Method.invoke,"{""class"": ""com.facebook.react.uimanager.BaseViewManager"", ""method"": ""setBackgroundColor""}"
86431,reflection,Method.invoke,"{""class"": ""com.facebook.react.views.view.ReactViewManager"", ""method"": ""setPointerEvents""}"
86438,reflection,Method.invoke,"{""class"": ""com.facebook.react.uimanager.BaseViewManager"", ""method"": ""setBackgroundColor""}"
86451,reflection,Method.invoke,"{""class"": ""com.facebook.react.views.view.ReactViewManager"", ""method"": ""setOverflow""}"
86458,reflection,Method.invoke,"{""class"": ""com.facebook.react.views.view.ReactViewManager"", ""method"": ""setNeedsOffscreenAlphaCompositing""}"
86470,reflection,Method.invoke,"{""class"": ""com.facebook.react.views.view.ReactViewManager"", ""method"": ""setCollapsable""}"
86477,reflection,Method.invoke,"{""class"": ""com.facebook.react.uimanager.BaseViewManager"", ""method"": ""setOpacity""}"
86488,reflection,Method.invoke,"{""class"": ""com.facebook.react.uimanager.BaseViewManager"", ""method"": ""setTransform""}"
86495,reflection,Method.invoke,"{""class"": ""com.facebook.react.views.view.ReactViewManager"", ""method"": ""setCollapsable""}"
86506,reflection,Method.invoke,"{""class"": ""com.facebook.react.views.view.ReactViewManager"", ""method"": ""setPointerEvents""}"
86513,reflection,Method.invoke,"{""class"": ""com.facebook.react.views.view.ReactViewManager"", ""method"": ""setPointerEvents""}"
86524,reflection,Method.invoke,"{""class"": ""com.facebook.react.views.view.ReactViewManager"", ""method"": ""setCollapsable""}"
86538,reflection,Method.invoke,"{""class"": ""com.facebook.react.views.view.ReactViewManager"", ""method"": ""setPointerEvents""}"
86545,reflection,Method.invoke,"{""class"": ""com.facebook.react.uimanager.BaseViewManager"", ""method"": ""setImportantForAccessibility""}"
86552,reflection,Method.invoke,"{""class"": ""com.facebook.react.uimanager.BaseViewManager"", ""method"": ""setTransform""}"
86559,reflection,Method.invoke,"{""class"": ""com.facebook.react.uimanager.BaseViewManager"", ""method"": ""setOpacity""}"
86580,reflection,Method.invoke,"{""class"": ""com.facebook.react.uimanager.BaseViewManager"", ""method"": ""setTransform""}"
86593,reflection,Method.invoke,"{""class"": ""com.facebook.react.uimanager.BaseViewManager"", ""method"": ""setOpacity""}"
86599,reflection,Method.invoke,"{""class"": ""com.facebook.react.views.view.ReactViewManager"", ""method"": ""setOverflow""}"
86607,reflection,Method.invoke,"{""class"": ""com.facebook.react.uimanager.BaseViewManager"", ""method"": ""setImportantForAccessibility""}"
86614,reflection,Method.invoke,"{""class"": ""com.facebook.react.uimanager.BaseViewManager"", ""method"": ""setTransform""}"
86621,reflection,Method.invoke,"{""class"": ""com.facebook.react.uimanager.BaseViewManager"", ""method"": ""setOpacity""}"
86633,reflection,Method.invoke,"{""class"": ""com.facebook.react.uimanager.BaseViewManager"", ""method"": ""setOpacity""}"
86640,reflection,Method.invoke,"{""class"": ""com.facebook.react.uimanager.BaseViewManager"", ""method"": ""setTransform""}"
86647,reflection,Method.invoke,"{""class"": ""com.facebook.react.uimanager.BaseViewManager"", ""method"": ""setOpacity""}"
86654,reflection,Method.invoke,"{""class"": ""com.facebook.react.uimanager.BaseViewManager"", ""method"": ""setTransform""}"
86672,reflection,Method.invoke,"{""class"": ""com.facebook.react.uimanager.BaseViewManager"", ""method"": ""setOpacity""}"
86685,reflection,Method.invoke,"{""class"": ""com.facebook.react.uimanager.BaseViewManager"", ""method"": ""setOpacity""}"
86697,reflection,Method.invoke,"{""class"": ""com.facebook.react.uimanager.BaseViewManager"", ""method"": ""setOpacity""}"
86711,reflection,Method.invoke,"{""class"": ""com.facebook.react.uimanager.BaseViewManager"", ""method"": ""setOpacity""}"
86718,reflection,Method.invoke,"{""class"": ""com.facebook.react.uimanager.BaseViewManager"", ""method"": ""setOpacity""}"
86730,reflection,Method.invoke,"{""class"": ""com.facebook.react.uimanager.BaseViewManager"", ""method"": ""setOpacity""}"
86737,reflection,Method.invoke,"{""class"": ""com.facebook.react.uimanager.BaseViewManager"", ""method"": ""setOpacity""}"
86745,reflection,Method.invoke,"{""class"": ""com.facebook.react.uimanager.BaseViewManager"", ""method"": ""setOpacity""}"
86757,reflection,Method.invoke,"{""class"": ""com.facebook.react.uimanager.BaseViewManager"", ""method"": ""setTransform""}"
86765,reflection,Method.invoke,"{""class"": ""com.facebook.react.uimanager.BaseViewManager"", ""method"": ""setOpacity""}"
86772,reflection,Method.invoke,"{""class"": ""com.facebook.react.uimanager.BaseViewManager"", ""method"": ""setTransform""}"
86784,reflection,Method.invoke,"{""class"": ""com.facebook.react.uimanager.BaseViewManager"", ""method"": ""setOpacity""}"
86791,reflection,Method.invoke,"{""class"": ""com.facebook.react.uimanager.BaseViewManager"", ""method"": ""setTransform""}"
86799,reflection,Method.invoke,"{""class"": ""com.facebook.react.uimanager.BaseViewManager"", ""method"": ""setOpacity""}"
86809,reflection,Method.invoke,"{""class"": ""android.view.View"", ""method"": ""getViewRootImpl""}"
86819,reflection,Method.invoke,"{""class"": ""android.view.View"", ""method"": ""getViewRootImpl""}"
86927,reflection,Method.invoke,"{""class"": ""com.facebook.react.uimanager.BaseViewManager"", ""method"": ""setTransform""}"
86934,reflection,Method.invoke,"{""class"": ""com.facebook.react.uimanager.BaseViewManager"", ""method"": ""setOpacity""}"
86941,reflection,Method.invoke,"{""class"": ""com.facebook.react.uimanager.BaseViewManager"", ""method"": ""setTransform""}"
86948,reflection,Method.invoke,"{""class"": ""com.facebook.react.uimanager.BaseViewManager"", ""method"": ""setOpacity""}"
86961,reflection,Method.invoke,"{""class"": ""com.facebook.react.uimanager.BaseViewManager"", ""method"": ""setTransform""}"
86971,reflection,Method.invoke,"{""class"": ""com.facebook.react.uimanager.BaseViewManager"", ""method"": ""setOpacity""}"
86978,reflection,Method.invoke,"{""class"": ""com.facebook.react.uimanager.BaseViewManager"", ""method"": ""setOpacity""}"
86986,reflection,Method.invoke,"{""class"": ""com.facebook.react.uimanager.BaseViewManager"", ""method"": ""setTransform""}"
86993,reflection,Method.invoke,"{""class"": ""com.facebook.react.views.view.ReactViewManager"", ""method"": ""setFocusable""}"
87000,reflection,Method.invoke,"{""class"": ""com.facebook.react.uimanager.BaseViewManager"", ""method"": ""setViewState""}"
87007,reflection,Method.invoke,"{""class"": ""com.facebook.react.uimanager.BaseViewManager"", ""method"": ""setOpacity""}"
87018,reflection,Method.invoke,"{""class"": ""com.facebook.react.uimanager.BaseViewManager"", ""method"": ""setTransform""}"
87025,reflection,Method.invoke,"{""class"": ""com.facebook.react.uimanager.BaseViewManager"", ""method"": ""setOpacity""}"
87032,reflection,Method.invoke,"{""class"": ""com.facebook.react.uimanager.BaseViewManager"", ""method"": ""setTransform""}"
87050,reflection,Method.invoke,"{""class"": ""com.facebook.react.uimanager.BaseViewManager"", ""method"": ""setTransform""}"
87057,reflection,Method.invoke,"{""class"": ""com.facebook.react.uimanager.BaseViewManager"", ""method"": ""setOpacity""}"
87064,reflection,Method.invoke,"{""class"": ""com.facebook.react.uimanager.BaseViewManager"", ""method"": ""setTransform""}"
87071,reflection,Method.invoke,"{""class"": ""com.facebook.react.uimanager.BaseViewManager"", ""method"": ""setOpacity""}"
87078,reflection,Method.invoke,"{""class"": ""com.facebook.react.uimanager.BaseViewManager"", ""method"": ""setOpacity""}"
87088,reflection,Method.invoke,"{""class"": ""com.facebook.react.uimanager.BaseViewManager"", ""method"": ""setOpacity""}"
87100,reflection,Method.invoke,"{""class"": ""com.facebook.react.uimanager.BaseViewManager"", ""method"": ""setOpacity""}"
87107,reflection,Method.invoke,"{""class"": ""com.facebook.react.uimanager.BaseViewManager"", ""method"": ""setTransform""}"
87114,reflection,Method.invoke,"{""class"": ""com.facebook.react.uimanager.BaseViewManager"", ""method"": ""setOpacity""}"
87136,reflection,Method.invoke,"{""class"": ""expo.modules.image.records.ImageLoadEvent"", ""method"": ""getCacheType""}"
87146,reflection,Method.invoke,"{""class"": ""expo.modules.image.records.ImageLoadEvent"", ""method"": ""getSource""}"
87159,reflection,Method.invoke,"{""class"": ""expo.modules.image.records.ImageSource"", ""method"": ""getHeight""}"
87174,reflection,Method.invoke,"{""class"": ""expo.modules.image.records.ImageSource"", ""method"": ""isAnimated""}"
87187,reflection,Method.invoke,"{""class"": ""expo.modules.image.records.ImageSource"", ""method"": ""getMediaType""}"
87192,reflection,Method.invoke,"{""class"": ""expo.modules.image.records.ImageSource"", ""method"": ""getUrl""}"
87202,reflection,Method.invoke,"{""class"": ""expo.modules.image.records.ImageSource"", ""method"": ""getWidth""}"
87210,reflection,Method.invoke,"{""class"": ""expo.modules.image.records.ImageLoadEvent"", ""method"": ""getCacheType""}"
87218,reflection,Method.invoke,"{""class"": ""expo.modules.image.records.ImageLoadEvent"", ""method"": ""getSource""}"
87224,reflection,Method.invoke,"{""class"": ""expo.modules.image.records.ImageSource"", ""method"": ""getHeight""}"
87231,reflection,Method.invoke,"{""class"": ""expo.modules.image.records.ImageSource"", ""method"": ""isAnimated""}"
87238,reflection,Method.invoke,"{""class"": ""expo.modules.image.records.ImageSource"", ""method"": ""getMediaType""}"
87243,reflection,Method.invoke,"{""class"": ""expo.modules.image.records.ImageSource"", ""method"": ""getUrl""}"
87250,reflection,Method.invoke,"{""class"": ""expo.modules.image.records.ImageSource"", ""method"": ""getWidth""}"
87265,reflection,Method.invoke,"{""class"": ""com.facebook.react.uimanager.BaseViewManager"", ""method"": ""setTransform""}"
87277,reflection,Method.invoke,"{""class"": ""com.facebook.react.uimanager.BaseViewManager"", ""method"": ""setOpacity""}"
87285,reflection,Method.invoke,"{""class"": ""com.facebook.react.uimanager.BaseViewManager"", ""method"": ""setOpacity""}"
87292,reflection,Method.invoke,"{""class"": ""com.facebook.react.uimanager.BaseViewManager"", ""method"": ""setOpacity""}"
87303,reflection,Method.invoke,"{""class"": ""com.facebook.react.uimanager.BaseViewManager"", ""method"": ""setOpacity""}"
87311,reflection,Method.invoke,"{""class"": ""com.facebook.react.uimanager.BaseViewManager"", ""method"": ""setTransform""}"
87318,reflection,Method.invoke,"{""class"": ""com.facebook.react.uimanager.BaseViewManager"", ""method"": ""setOpacity""}"
87341,reflection,Method.invoke,"{""class"": ""com.facebook.react.uimanager.BaseViewManager"", ""method"": ""setTransform""}"
87354,reflection,Method.invoke,"{""class"": ""com.facebook.react.uimanager.BaseViewManager"", ""method"": ""setOpacity""}"
87373,reflection,Method.invoke,"{""class"": ""com.facebook.react.uimanager.BaseViewManager"", ""method"": ""setTransform""}"
87387,reflection,Method.invoke,"{""class"": ""com.facebook.react.uimanager.BaseViewManager"", ""method"": ""setOpacity""}"
87396,reflection,Method.invoke,"{""class"": ""com.facebook.react.uimanager.BaseViewManager"", ""method"": ""setOpacity""}"
87405,reflection,Method.invoke,"{""class"": ""com.facebook.react.uimanager.BaseViewManager"", ""method"": ""setTransform""}"
87424,reflection,Method.invoke,"{""class"": ""com.facebook.react.uimanager.BaseViewManager"", ""method"": ""setTransform""}"
87434,reflection,Method.invoke,"{""class"": ""com.facebook.react.uimanager.BaseViewManager"", ""method"": ""setOpacity""}"
89210,reflection,Method.invoke,"{""class"": ""com.facebook.react.uimanager.BaseViewManager"", ""method"": ""setOpacity""}"
89219,reflection,Method.invoke,"{""class"": ""com.facebook.react.uimanager.BaseViewManager"", ""method"": ""setOpacity""}"
89232,reflection,Method.invoke,"{""class"": ""com.facebook.react.uimanager.BaseViewManager"", ""method"": ""setOpacity""}"
89240,reflection,Method.invoke,"{""class"": ""com.facebook.react.uimanager.BaseViewManager"", ""method"": ""setTransform""}"
89248,reflection,Method.invoke,"{""class"": ""com.facebook.react.uimanager.BaseViewManager"", ""method"": ""setTransform""}"
89257,reflection,Method.invoke,"{""class"": ""com.facebook.react.uimanager.BaseViewManager"", ""method"": ""setOpacity""}"
89267,reflection,Method.invoke,"{""class"": ""com.facebook.react.views.view.ReactViewManager"", ""method"": ""setBorderColor""}"
89287,reflection,Method.invoke,"{""class"": ""com.facebook.react.uimanager.BaseViewManager"", ""method"": ""setOpacity""}"
89303,reflection,Method.invoke,"{""class"": ""com.facebook.react.uimanager.BaseViewManager"", ""method"": ""setOpacity""}"
89310,reflection,Method.invoke,"{""class"": ""com.facebook.react.uimanager.BaseViewManager"", ""method"": ""setTransform""}"
89317,reflection,Method.invoke,"{""class"": ""com.facebook.react.uimanager.BaseViewManager"", ""method"": ""setTransform""}"
89325,reflection,Method.invoke,"{""class"": ""com.facebook.react.uimanager.BaseViewManager"", ""method"": ""setOpacity""}"
89332,reflection,Method.invoke,"{""class"": ""com.facebook.react.views.view.ReactViewManager"", ""method"": ""setBorderColor""}"
89348,reflection,Method.invoke,"{""class"": ""com.facebook.react.uimanager.BaseViewManager"", ""method"": ""setOpacity""}"
89362,reflection,Method.invoke,"{""class"": ""com.facebook.react.uimanager.BaseViewManager"", ""method"": ""setOpacity""}"
89374,reflection,Method.invoke,"{""class"": ""com.facebook.react.uimanager.BaseViewManager"", ""method"": ""setTransform""}"
89381,reflection,Method.invoke,"{""class"": ""com.facebook.react.uimanager.BaseViewManager"", ""method"": ""setTransform""}"
89389,reflection,Method.invoke,"{""class"": ""com.facebook.react.uimanager.BaseViewManager"", ""method"": ""setOpacity""}"
89396,reflection,Method.invoke,"{""class"": ""com.facebook.react.views.view.ReactViewManager"", ""method"": ""setBorderColor""}"
89420,reflection,Method.invoke,"{""class"": ""com.facebook.react.uimanager.BaseViewManager"", ""method"": ""setOpacity""}"
89432,reflection,Method.invoke,"{""class"": ""com.facebook.react.uimanager.BaseViewManager"", ""method"": ""setOpacity""}"
89439,reflection,Method.invoke,"{""class"": ""com.facebook.react.uimanager.BaseViewManager"", ""method"": ""setTransform""}"
89451,reflection,Method.invoke,"{""class"": ""com.facebook.react.uimanager.BaseViewManager"", ""method"": ""setTransform""}"
89458,reflection,Method.invoke,"{""class"": ""com.facebook.react.uimanager.BaseViewManager"", ""method"": ""setOpacity""}"
89471,reflection,Method.invoke,"{""class"": ""com.facebook.react.views.view.ReactViewManager"", ""method"": ""setBorderColor""}"
89488,reflection,Method.invoke,"{""class"": ""com.facebook.react.uimanager.BaseViewManager"", ""method"": ""setOpacity""}"
89506,reflection,Method.invoke,"{""class"": ""com.facebook.react.uimanager.BaseViewManager"", ""method"": ""setOpacity""}"
89514,reflection,Method.invoke,"{""class"": ""com.facebook.react.uimanager.BaseViewManager"", ""method"": ""setTransform""}"
89521,reflection,Method.invoke,"{""class"": ""com.facebook.react.uimanager.BaseViewManager"", ""method"": ""setTransform""}"
89528,reflection,Method.invoke,"{""class"": ""com.facebook.react.uimanager.BaseViewManager"", ""method"": ""setOpacity""}"
89536,reflection,Method.invoke,"{""class"": ""com.facebook.react.views.view.ReactViewManager"", ""method"": ""setBorderColor""}"
89557,reflection,Method.invoke,"{""class"": ""com.facebook.react.uimanager.BaseViewManager"", ""method"": ""setOpacity""}"
89565,reflection,Method.invoke,"{""class"": ""com.facebook.react.uimanager.BaseViewManager"", ""method"": ""setTransform""}"
89574,reflection,Method.invoke,"{""class"": ""com.facebook.react.uimanager.BaseViewManager"", ""method"": ""setTransform""}"
89583,reflection,Method.invoke,"{""class"": ""com.facebook.react.uimanager.BaseViewManager"", ""method"": ""setOpacity""}"
89590,reflection,Method.invoke,"{""class"": ""com.facebook.react.views.view.ReactViewManager"", ""method"": ""setBorderColor""}"
89611,reflection,Method.invoke,"{""class"": ""com.facebook.react.uimanager.BaseViewManager"", ""method"": ""setOpacity""}"
89622,reflection,Method.invoke,"{""class"": ""com.facebook.react.uimanager.BaseViewManager"", ""method"": ""setTransform""}"
89630,reflection,Method.invoke,"{""class"": ""com.facebook.react.uimanager.BaseViewManager"", ""method"": ""setTransform""}"
89638,reflection,Method.invoke,"{""class"": ""com.facebook.react.uimanager.BaseViewManager"", ""method"": ""setOpacity""}"
89651,reflection,Method.invoke,"{""class"": ""com.facebook.react.views.view.ReactViewManager"", ""method"": ""setBorderColor""}"
89675,reflection,Method.invoke,"{""class"": ""com.facebook.react.uimanager.BaseViewManager"", ""method"": ""setOpacity""}"
89682,reflection,Method.invoke,"{""class"": ""com.facebook.react.uimanager.BaseViewManager"", ""method"": ""setTransform""}"
89689,reflection,Method.invoke,"{""class"": ""com.facebook.react.uimanager.BaseViewManager"", ""method"": ""setTransform""}"
89702,reflection,Method.invoke,"{""class"": ""com.facebook.react.uimanager.BaseViewManager"", ""method"": ""setOpacity""}"
89714,reflection,Method.invoke,"{""class"": ""com.facebook.react.views.view.ReactViewManager"", ""method"": ""setBorderColor""}"
89739,reflection,Method.invoke,"{""class"": ""com.facebook.react.uimanager.BaseViewManager"", ""method"": ""setOpacity""}"
89746,reflection,Method.invoke,"{""class"": ""com.facebook.react.uimanager.BaseViewManager"", ""method"": ""setTransform""}"
89753,reflection,Method.invoke,"{""class"": ""com.facebook.react.uimanager.BaseViewManager"", ""method"": ""setTransform""}"
89760,reflection,Method.invoke,"{""class"": ""com.facebook.react.uimanager.BaseViewManager"", ""method"": ""setOpacity""}"
89768,reflection,Method.invoke,"{""class"": ""com.facebook.react.views.view.ReactViewManager"", ""method"": ""setBorderColor""}"
89794,reflection,Method.invoke,"{""class"": ""com.facebook.react.uimanager.BaseViewManager"", ""method"": ""setOpacity""}"
89804,reflection,Method.invoke,"{""class"": ""com.facebook.react.uimanager.BaseViewManager"", ""method"": ""setTransform""}"
89812,reflection,Method.invoke,"{""class"": ""com.facebook.react.uimanager.BaseViewManager"", ""method"": ""setTransform""}"
89820,reflection,Method.invoke,"{""class"": ""com.facebook.react.uimanager.BaseViewManager"", ""method"": ""setOpacity""}"
89832,reflection,Method.invoke,"{""class"": ""com.facebook.react.views.view.ReactViewManager"", ""method"": ""setBorderColor""}"
89857,reflection,Method.invoke,"{""class"": ""com.facebook.react.uimanager.BaseViewManager"", ""method"": ""setOpacity""}"
89864,reflection,Method.invoke,"{""class"": ""com.facebook.react.uimanager.BaseViewManager"", ""method"": ""setTransform""}"
89870,reflection,Method.invoke,"{""class"": ""com.facebook.react.uimanager.BaseViewManager"", ""method"": ""setTransform""}"
89878,reflection,Method.invoke,"{""class"": ""com.facebook.react.uimanager.BaseViewManager"", ""method"": ""setOpacity""}"
89890,reflection,Method.invoke,"{""class"": ""com.facebook.react.views.view.ReactViewManager"", ""method"": ""setBorderColor""}"
89911,reflection,Method.invoke,"{""class"": ""com.facebook.react.uimanager.BaseViewManager"", ""method"": ""setOpacity""}"
89923,reflection,Method.invoke,"{""class"": ""com.facebook.react.uimanager.BaseViewManager"", ""method"": ""setTransform""}"
89930,reflection,Method.invoke,"{""class"": ""com.facebook.react.uimanager.BaseViewManager"", ""method"": ""setTransform""}"
89938,reflection,Method.invoke,"{""class"": ""com.facebook.react.uimanager.BaseViewManager"", ""method"": ""setOpacity""}"
89945,reflection,Method.invoke,"{""class"": ""com.facebook.react.views.view.ReactViewManager"", ""method"": ""setBorderColor""}"
89967,reflection,Method.invoke,"{""class"": ""com.facebook.react.uimanager.BaseViewManager"", ""method"": ""setOpacity""}"
89975,reflection,Method.invoke,"{""class"": ""com.facebook.react.uimanager.BaseViewManager"", ""method"": ""setTransform""}"
89982,reflection,Method.invoke,"{""class"": ""com.facebook.react.uimanager.BaseViewManager"", ""method"": ""setTransform""}"
89989,reflection,Method.invoke,"{""class"": ""com.facebook.react.uimanager.BaseViewManager"", ""method"": ""setOpacity""}"
89997,reflection,Method.invoke,"{""class"": ""com.facebook.react.views.view.ReactViewManager"", ""method"": ""setBorderColor""}"
90025,reflection,Method.invoke,"{""class"": ""com.facebook.react.uimanager.BaseViewManager"", ""method"": ""setOpacity""}"
90032,reflection,Method.invoke,"{""class"": ""com.facebook.react.uimanager.BaseViewManager"", ""method"": ""setTransform""}"
90040,reflection,Method.invoke,"{""class"": ""com.facebook.react.uimanager.BaseViewManager"", ""method"": ""setTransform""}"
90047,reflection,Method.invoke,"{""class"": ""com.facebook.react.uimanager.BaseViewManager"", ""method"": ""setOpacity""}"
90054,reflection,Method.invoke,"{""class"": ""com.facebook.react.views.view.ReactViewManager"", ""method"": ""setBorderColor""}"
90074,reflection,Method.invoke,"{""class"": ""com.facebook.react.uimanager.BaseViewManager"", ""method"": ""setOpacity""}"
90081,reflection,Method.invoke,"{""class"": ""com.facebook.react.uimanager.BaseViewManager"", ""method"": ""setTransform""}"
90090,reflection,Method.invoke,"{""class"": ""com.facebook.react.uimanager.BaseViewManager"", ""method"": ""setTransform""}"
90097,reflection,Method.invoke,"{""class"": ""com.facebook.react.uimanager.BaseViewManager"", ""method"": ""setOpacity""}"
90109,reflection,Method.invoke,"{""class"": ""com.facebook.react.views.view.ReactViewManager"", ""method"": ""setBorderColor""}"
90139,reflection,Method.invoke,"{""class"": ""com.facebook.react.uimanager.BaseViewManager"", ""method"": ""setOpacity""}"
90146,reflection,Method.invoke,"{""class"": ""com.facebook.react.uimanager.BaseViewManager"", ""method"": ""setTransform""}"
90153,reflection,Method.invoke,"{""class"": ""com.facebook.react.uimanager.BaseViewManager"", ""method"": ""setTransform""}"
90160,reflection,Method.invoke,"{""class"": ""com.facebook.react.uimanager.BaseViewManager"", ""method"": ""setOpacity""}"
90168,reflection,Method.invoke,"{""class"": ""com.facebook.react.views.view.ReactViewManager"", ""method"": ""setBorderColor""}"
90191,reflection,Method.invoke,"{""class"": ""com.facebook.react.uimanager.BaseViewManager"", ""method"": ""setOpacity""}"
90198,reflection,Method.invoke,"{""class"": ""com.facebook.react.uimanager.BaseViewManager"", ""method"": ""setTransform""}"
90210,reflection,Method.invoke,"{""class"": ""com.facebook.react.uimanager.BaseViewManager"", ""method"": ""setTransform""}"
90217,reflection,Method.invoke,"{""class"": ""com.facebook.react.uimanager.BaseViewManager"", ""method"": ""setOpacity""}"
90224,reflection,Method.invoke,"{""class"": ""com.facebook.react.views.view.ReactViewManager"", ""method"": ""setBorderColor""}"
90244,reflection,Method.invoke,"{""class"": ""com.facebook.react.uimanager.BaseViewManager"", ""method"": ""setOpacity""}"
90255,reflection,Method.invoke,"{""class"": ""com.facebook.react.uimanager.BaseViewManager"", ""method"": ""setTransform""}"
90263,reflection,Method.invoke,"{""class"": ""com.facebook.react.uimanager.BaseViewManager"", ""method"": ""setTransform""}"
90270,reflection,Method.invoke,"{""class"": ""com.facebook.react.uimanager.BaseViewManager"", ""method"": ""setOpacity""}"
90277,reflection,Method.invoke,"{""class"": ""com.facebook.react.views.view.ReactViewManager"", ""method"": ""setBorderColor""}"
90301,reflection,Method.invoke,"{""class"": ""com.facebook.react.uimanager.BaseViewManager"", ""method"": ""setOpacity""}"
90309,reflection,Method.invoke,"{""class"": ""com.facebook.react.uimanager.BaseViewManager"", ""method"": ""setTransform""}"
90316,reflection,Method.invoke,"{""class"": ""com.facebook.react.uimanager.BaseViewManager"", ""method"": ""setTransform""}"
90324,reflection,Method.invoke,"{""class"": ""com.facebook.react.uimanager.BaseViewManager"", ""method"": ""setOpacity""}"
90331,reflection,Method.invoke,"{""class"": ""com.facebook.react.views.view.ReactViewManager"", ""method"": ""setBorderColor""}"
90356,reflection,Method.invoke,"{""class"": ""com.facebook.react.uimanager.BaseViewManager"", ""method"": ""setOpacity""}"
90364,reflection,Method.invoke,"{""class"": ""com.facebook.react.uimanager.BaseViewManager"", ""method"": ""setTransform""}"
90370,reflection,Method.invoke,"{""class"": ""com.facebook.react.uimanager.BaseViewManager"", ""method"": ""setTransform""}"
90378,reflection,Method.invoke,"{""class"": ""com.facebook.react.uimanager.BaseViewManager"", ""method"": ""setOpacity""}"
90385,reflection,Method.invoke,"{""class"": ""com.facebook.react.views.view.ReactViewManager"", ""method"": ""setBorderColor""}"
90405,reflection,Method.invoke,"{""class"": ""com.facebook.react.uimanager.BaseViewManager"", ""method"": ""setOpacity""}"
90413,reflection,Method.invoke,"{""class"": ""com.facebook.react.uimanager.BaseViewManager"", ""method"": ""setTransform""}"
90423,reflection,Method.invoke,"{""class"": ""com.facebook.react.uimanager.BaseViewManager"", ""method"": ""setTransform""}"
90430,reflection,Method.invoke,"{""class"": ""com.facebook.react.uimanager.BaseViewManager"", ""method"": ""setOpacity""}"
90437,reflection,Method.invoke,"{""class"": ""com.facebook.react.views.view.ReactViewManager"", ""method"": ""setBorderColor""}"
90460,reflection,Method.invoke,"{""class"": ""com.facebook.react.uimanager.BaseViewManager"", ""method"": ""setOpacity""}"
90473,reflection,Method.invoke,"{""class"": ""com.facebook.react.uimanager.BaseViewManager"", ""method"": ""setTransform""}"
90486,reflection,Method.invoke,"{""class"": ""com.facebook.react.uimanager.BaseViewManager"", ""method"": ""setTransform""}"
90493,reflection,Method.invoke,"{""class"": ""com.facebook.react.uimanager.BaseViewManager"", ""method"": ""setOpacity""}"
90500,reflection,Method.invoke,"{""class"": ""com.facebook.react.views.view.ReactViewManager"", ""method"": ""setBorderColor""}"
90524,reflection,Method.invoke,"{""class"": ""com.facebook.react.uimanager.BaseViewManager"", ""method"": ""setOpacity""}"
90531,reflection,Method.invoke,"{""class"": ""com.facebook.react.uimanager.BaseViewManager"", ""method"": ""setTransform""}"
90538,reflection,Method.invoke,"{""class"": ""com.facebook.react.uimanager.BaseViewManager"", ""method"": ""setTransform""}"
90549,reflection,Method.invoke,"{""class"": ""com.facebook.react.uimanager.BaseViewManager"", ""method"": ""setOpacity""}"
90557,reflection,Method.invoke,"{""class"": ""com.facebook.react.views.view.ReactViewManager"", ""method"": ""setBorderColor""}"
90581,reflection,Method.invoke,"{""class"": ""com.facebook.react.uimanager.BaseViewManager"", ""method"": ""setOpacity""}"
90591,reflection,Method.invoke,"{""class"": ""com.facebook.react.uimanager.BaseViewManager"", ""method"": ""setTransform""}"
90604,reflection,Method.invoke,"{""class"": ""com.facebook.react.uimanager.BaseViewManager"", ""method"": ""setTransform""}"
90611,reflection,Method.invoke,"{""class"": ""com.facebook.react.uimanager.BaseViewManager"", ""method"": ""setOpacity""}"
90624,reflection,Method.invoke,"{""class"": ""com.facebook.react.views.view.ReactViewManager"", ""method"": ""setBorderColor""}"
90644,reflection,Method.invoke,"{""class"": ""com.facebook.react.uimanager.BaseViewManager"", ""method"": ""setOpacity""}"
90656,reflection,Method.invoke,"{""class"": ""com.facebook.react.uimanager.BaseViewManager"", ""method"": ""setTransform""}"
90663,reflection,Method.invoke,"{""class"": ""com.facebook.react.uimanager.BaseViewManager"", ""method"": ""setTransform""}"
90676,reflection,Method.invoke,"{""class"": ""com.facebook.react.uimanager.BaseViewManager"", ""method"": ""setOpacity""}"
90688,reflection,Method.invoke,"{""class"": ""com.facebook.react.views.view.ReactViewManager"", ""method"": ""setBorderColor""}"
90709,reflection,Method.invoke,"{""class"": ""com.facebook.react.uimanager.BaseViewManager"", ""method"": ""setOpacity""}"
90717,reflection,Method.invoke,"{""class"": ""com.facebook.react.uimanager.BaseViewManager"", ""method"": ""setTransform""}"
90726,reflection,Method.invoke,"{""class"": ""com.facebook.react.uimanager.BaseViewManager"", ""method"": ""setTransform""}"
90738,reflection,Method.invoke,"{""class"": ""com.facebook.react.uimanager.BaseViewManager"", ""method"": ""setOpacity""}"
90745,reflection,Method.invoke,"{""class"": ""com.facebook.react.views.view.ReactViewManager"", ""method"": ""setBorderColor""}"
90770,reflection,Method.invoke,"{""class"": ""com.facebook.react.uimanager.BaseViewManager"", ""method"": ""setOpacity""}"
90777,reflection,Method.invoke,"{""class"": ""com.facebook.react.uimanager.BaseViewManager"", ""method"": ""setTransform""}"
90784,reflection,Method.invoke,"{""class"": ""com.facebook.react.uimanager.BaseViewManager"", ""method"": ""setTransform""}"
90801,reflection,Method.invoke,"{""class"": ""com.facebook.react.uimanager.BaseViewManager"", ""method"": ""setOpacity""}"
90814,reflection,Method.invoke,"{""class"": ""com.facebook.react.views.view.ReactViewManager"", ""method"": ""setBorderColor""}"
92565,reflection,Method.invoke,"{""class"": ""com.facebook.react.uimanager.BaseViewManager"", ""method"": ""setOpacity""}"
92572,reflection,Method.invoke,"{""class"": ""com.facebook.react.uimanager.BaseViewManager"", ""method"": ""setTransform""}"
92580,reflection,Method.invoke,"{""class"": ""com.facebook.react.uimanager.BaseViewManager"", ""method"": ""setTransform""}"
92588,reflection,Method.invoke,"{""class"": ""com.facebook.react.uimanager.BaseViewManager"", ""method"": ""setOpacity""}"
92600,reflection,Method.invoke,"{""class"": ""com.facebook.react.views.view.ReactViewManager"", ""method"": ""setBorderColor""}"
92618,reflection,Method.invoke,"{""class"": ""com.facebook.react.uimanager.BaseViewManager"", ""method"": ""setOpacity""}"
92635,reflection,Method.invoke,"{""class"": ""com.facebook.react.uimanager.BaseViewManager"", ""method"": ""setOpacity""}"
92635,reflection,Method.invoke,"{""class"": ""com.facebook.react.uimanager.BaseViewManager"", ""method"": ""setTransform""}"
92636,reflection,Method.invoke,"{""class"": ""com.facebook.react.uimanager.BaseViewManager"", ""method"": ""setTransform""}"
92637,reflection,Method.invoke,"{""class"": ""com.facebook.react.uimanager.BaseViewManager"", ""method"": ""setOpacity""}"
92638,reflection,Method.invoke,"{""class"": ""com.facebook.react.views.view.ReactViewManager"", ""method"": ""setBorderColor""}"
92641,reflection,Method.invoke,"{""class"": ""com.facebook.react.uimanager.BaseViewManager"", ""method"": ""setOpacity""}"
92643,reflection,Method.invoke,"{""class"": ""com.facebook.react.uimanager.BaseViewManager"", ""method"": ""setOpacity""}"
92643,reflection,Method.invoke,"{""class"": ""com.facebook.react.uimanager.BaseViewManager"", ""method"": ""setTransform""}"
92644,reflection,Method.invoke,"{""class"": ""com.facebook.react.uimanager.BaseViewManager"", ""method"": ""setTransform""}"
92645,reflection,Method.invoke,"{""class"": ""com.facebook.react.uimanager.BaseViewManager"", ""method"": ""setOpacity""}"
92645,reflection,Method.invoke,"{""class"": ""com.facebook.react.views.view.ReactViewManager"", ""method"": ""setBorderColor""}"
92656,reflection,Method.invoke,"{""class"": ""com.facebook.react.uimanager.BaseViewManager"", ""method"": ""setOpacity""}"
92658,reflection,Method.invoke,"{""class"": ""com.facebook.react.uimanager.BaseViewManager"", ""method"": ""setOpacity""}"
92658,reflection,Method.invoke,"{""class"": ""com.facebook.react.uimanager.BaseViewManager"", ""method"": ""setTransform""}"
92659,reflection,Method.invoke,"{""class"": ""com.facebook.react.uimanager.BaseViewManager"", ""method"": ""setTransform""}"
92661,reflection,Method.invoke,"{""class"": ""com.facebook.react.uimanager.BaseViewManager"", ""method"": ""setOpacity""}"
92662,reflection,Method.invoke,"{""class"": ""com.facebook.react.views.view.ReactViewManager"", ""method"": ""setBorderColor""}"
92671,reflection,Method.invoke,"{""class"": ""com.facebook.react.uimanager.BaseViewManager"", ""method"": ""setOpacity""}"
92673,reflection,Method.invoke,"{""class"": ""com.facebook.react.uimanager.BaseViewManager"", ""method"": ""setOpacity""}"
92674,reflection,Method.invoke,"{""class"": ""com.facebook.react.uimanager.BaseViewManager"", ""method"": ""setTransform""}"
92675,reflection,Method.invoke,"{""class"": ""com.facebook.react.uimanager.BaseViewManager"", ""method"": ""setTransform""}"
92676,reflection,Method.invoke,"{""class"": ""com.facebook.react.uimanager.BaseViewManager"", ""method"": ""setOpacity""}"
92677,reflection,Method.invoke,"{""class"": ""com.facebook.react.views.view.ReactViewManager"", ""method"": ""setBorderColor""}"
92686,reflection,Method.invoke,"{""class"": ""com.facebook.react.uimanager.BaseViewManager"", ""method"": ""setOpacity""}"
92688,reflection,Method.invoke,"{""class"": ""com.facebook.react.uimanager.BaseViewManager"", ""method"": ""setOpacity""}"
92689,reflection,Method.invoke,"{""class"": ""com.facebook.react.uimanager.BaseViewManager"", ""method"": ""setTransform""}"
92690,reflection,Method.invoke,"{""class"": ""com.facebook.react.uimanager.BaseViewManager"", ""method"": ""setTransform""}"
92697,reflection,Method.invoke,"{""class"": ""com.facebook.react.uimanager.BaseViewManager"", ""method"": ""setOpacity""}"
92698,reflection,Method.invoke,"{""class"": ""com.facebook.react.views.view.ReactViewManager"", ""method"": ""setBorderColor""}"
92705,reflection,Method.invoke,"{""class"": ""com.facebook.react.uimanager.BaseViewManager"", ""method"": ""setOpacity""}"
92707,reflection,Method.invoke,"{""class"": ""com.facebook.react.uimanager.BaseViewManager"", ""method"": ""setOpacity""}"
92707,reflection,Method.invoke,"{""class"": ""com.facebook.react.uimanager.BaseViewManager"", ""method"": ""setTransform""}"
92708,reflection,Method.invoke,"{""class"": ""com.facebook.react.uimanager.BaseViewManager"", ""method"": ""setTransform""}"
92711,reflection,Method.invoke,"{""class"": ""com.facebook.react.uimanager.BaseViewManager"", ""method"": ""setOpacity""}"
92712,reflection,Method.invoke,"{""class"": ""com.facebook.react.views.view.ReactViewManager"", ""method"": ""setBorderColor""}"
92720,reflection,Method.invoke,"{""class"": ""com.facebook.react.uimanager.BaseViewManager"", ""method"": ""setOpacity""}"
92721,reflection,Method.invoke,"{""class"": ""com.facebook.react.uimanager.BaseViewManager"", ""method"": ""setOpacity""}"
92722,reflection,Method.invoke,"{""class"": ""com.facebook.react.uimanager.BaseViewManager"", ""method"": ""setTransform""}"
92723,reflection,Method.invoke,"{""class"": ""com.facebook.react.uimanager.BaseViewManager"", ""method"": ""setTransform""}"
92723,reflection,Method.invoke,"{""class"": ""com.facebook.react.uimanager.BaseViewManager"", ""method"": ""setOpacity""}"
92726,reflection,Method.invoke,"{""class"": ""com.facebook.react.views.view.ReactViewManager"", ""method"": ""setBorderColor""}"
92736,reflection,Method.invoke,"{""class"": ""com.facebook.react.uimanager.BaseViewManager"", ""method"": ""setOpacity""}"
92738,reflection,Method.invoke,"{""class"": ""com.facebook.react.uimanager.BaseViewManager"", ""method"": ""setOpacity""}"
92738,reflection,Method.invoke,"{""class"": ""com.facebook.react.uimanager.BaseViewManager"", ""method"": ""setTransform""}"
92740,reflection,Method.invoke,"{""class"": ""com.facebook.react.uimanager.BaseViewManager"", ""method"": ""setTransform""}"
92741,reflection,Method.invoke,"{""class"": ""com.facebook.react.uimanager.BaseViewManager"", ""method"": ""setOpacity""}"
92743,reflection,Method.invoke,"{""class"": ""com.facebook.react.views.view.ReactViewManager"", ""method"": ""setBorderColor""}"
92753,reflection,Method.invoke,"{""class"": ""com.facebook.react.uimanager.BaseViewManager"", ""method"": ""setOpacity""}"
92754,reflection,Method.invoke,"{""class"": ""com.facebook.react.uimanager.BaseViewManager"", ""method"": ""setOpacity""}"
92755,reflection,Method.invoke,"{""class"": ""com.facebook.react.uimanager.BaseViewManager"", ""method"": ""setTransform""}"
92756,reflection,Method.invoke,"{""class"": ""com.facebook.react.uimanager.BaseViewManager"", ""method"": ""setTransform""}"
92757,reflection,Method.invoke,"{""class"": ""com.facebook.react.uimanager.BaseViewManager"", ""method"": ""setOpacity""}"
92758,reflection,Method.invoke,"{""class"": ""com.facebook.react.views.view.ReactViewManager"", ""method"": ""setBorderColor""}"
92770,reflection,Method.invoke,"{""class"": ""com.facebook.react.uimanager.BaseViewManager"", ""method"": ""setOpacity""}"
92771,reflection,Method.invoke,"{""class"": ""com.facebook.react.uimanager.BaseViewManager"", ""method"": ""setOpacity""}"
92772,reflection,Method.invoke,"{""class"": ""com.facebook.react.uimanager.BaseViewManager"", ""method"": ""setTransform""}"
92773,reflection,Method.invoke,"{""class"": ""com.facebook.react.uimanager.BaseViewManager"", ""method"": ""setTransform""}"
92775,reflection,Method.invoke,"{""class"": ""com.facebook.react.uimanager.BaseViewManager"", ""method"": ""setOpacity""}"
92776,reflection,Method.invoke,"{""class"": ""com.facebook.react.views.view.ReactViewManager"", ""method"": ""setBorderColor""}"
92786,reflection,Method.invoke,"{""class"": ""com.facebook.react.uimanager.BaseViewManager"", ""method"": ""setOpacity""}"
92788,reflection,Method.invoke,"{""class"": ""com.facebook.react.uimanager.BaseViewManager"", ""method"": ""setOpacity""}"
92789,reflection,Method.invoke,"{""class"": ""com.facebook.react.uimanager.BaseViewManager"", ""method"": ""setTransform""}"
92790,reflection,Method.invoke,"{""class"": ""com.facebook.react.uimanager.BaseViewManager"", ""method"": ""setTransform""}"
92791,reflection,Method.invoke,"{""class"": ""com.facebook.react.uimanager.BaseViewManager"", ""method"": ""setOpacity""}"
92791,reflection,Method.invoke,"{""class"": ""com.facebook.react.views.view.ReactViewManager"", ""method"": ""setBorderColor""}"
92802,reflection,Method.invoke,"{""class"": ""com.facebook.react.uimanager.BaseViewManager"", ""method"": ""setOpacity""}"
92804,reflection,Method.invoke,"{""class"": ""com.facebook.react.uimanager.BaseViewManager"", ""method"": ""setOpacity""}"
92804,reflection,Method.invoke,"{""class"": ""com.facebook.react.uimanager.BaseViewManager"", ""method"": ""setTransform""}"
92805,reflection,Method.invoke,"{""class"": ""com.facebook.react.uimanager.BaseViewManager"", ""method"": ""setTransform""}"
92806,reflection,Method.invoke,"{""class"": ""com.facebook.react.uimanager.BaseViewManager"", ""method"": ""setOpacity""}"
92807,reflection,Method.invoke,"{""class"": ""com.facebook.react.views.view.ReactViewManager"", ""method"": ""setBorderColor""}"
92819,reflection,Method.invoke,"{""class"": ""com.facebook.react.uimanager.BaseViewManager"", ""method"": ""setOpacity""}"
92821,reflection,Method.invoke,"{""class"": ""com.facebook.react.uimanager.BaseViewManager"", ""method"": ""setOpacity""}"
92822,reflection,Method.invoke,"{""class"": ""com.facebook.react.uimanager.BaseViewManager"", ""method"": ""setTransform""}"
92823,reflection,Method.invoke,"{""class"": ""com.facebook.react.uimanager.BaseViewManager"", ""method"": ""setTransform""}"
92824,reflection,Method.invoke,"{""class"": ""com.facebook.react.uimanager.BaseViewManager"", ""method"": ""setOpacity""}"
92826,reflection,Method.invoke,"{""class"": ""com.facebook.react.views.view.ReactViewManager"", ""method"": ""setBorderColor""}"
92835,reflection,Method.invoke,"{""class"": ""com.facebook.react.uimanager.BaseViewManager"", ""method"": ""setOpacity""}"
92837,reflection,Method.invoke,"{""class"": ""com.facebook.react.uimanager.BaseViewManager"", ""method"": ""setOpacity""}"
92838,reflection,Method.invoke,"{""class"": ""com.facebook.react.uimanager.BaseViewManager"", ""method"": ""setTransform""}"
92838,reflection,Method.invoke,"{""class"": ""com.facebook.react.uimanager.BaseViewManager"", ""method"": ""setTransform""}"
92839,reflection,Method.invoke,"{""class"": ""com.facebook.react.uimanager.BaseViewManager"", ""method"": ""setOpacity""}"
92840,reflection,Method.invoke,"{""class"": ""com.facebook.react.views.view.ReactViewManager"", ""method"": ""setBorderColor""}"
92851,reflection,Method.invoke,"{""class"": ""com.facebook.react.uimanager.BaseViewManager"", ""method"": ""setOpacity""}"
92853,reflection,Method.invoke,"{""class"": ""com.facebook.react.uimanager.BaseViewManager"", ""method"": ""setOpacity""}"
92854,reflection,Method.invoke,"{""class"": ""com.facebook.react.uimanager.BaseViewManager"", ""method"": ""setTransform""}"
92854,reflection,Method.invoke,"{""class"": ""com.facebook.react.uimanager.BaseViewManager"", ""method"": ""setTransform""}"
92855,reflection,Method.invoke,"{""class"": ""com.facebook.react.uimanager.BaseViewManager"", ""method"": ""setOpacity""}"
92856,reflection,Method.invoke,"{""class"": ""com.facebook.react.views.view.ReactViewManager"", ""method"": ""setBorderColor""}"
92871,reflection,Method.invoke,"{""class"": ""com.facebook.react.uimanager.BaseViewManager"", ""method"": ""setOpacity""}"
92872,reflection,Method.invoke,"{""class"": ""com.facebook.react.uimanager.BaseViewManager"", ""method"": ""setTransform""}"
92873,reflection,Method.invoke,"{""class"": ""com.facebook.react.uimanager.BaseViewManager"", ""method"": ""setTransform""}"
92874,reflection,Method.invoke,"{""class"": ""com.facebook.react.uimanager.BaseViewManager"", ""method"": ""setOpacity""}"
92875,reflection,Method.invoke,"{""class"": ""com.facebook.react.views.view.ReactViewManager"", ""method"": ""setBorderColor""}"
92887,reflection,Method.invoke,"{""class"": ""com.facebook.react.uimanager.BaseViewManager"", ""method"": ""setOpacity""}"
92888,reflection,Method.invoke,"{""class"": ""com.facebook.react.uimanager.BaseViewManager"", ""method"": ""setTransform""}"
92889,reflection,Method.invoke,"{""class"": ""com.facebook.react.uimanager.BaseViewManager"", ""method"": ""setTransform""}"
92890,reflection,Method.invoke,"{""class"": ""com.facebook.react.uimanager.BaseViewManager"", ""method"": ""setOpacity""}"
92891,reflection,Method.invoke,"{""class"": ""com.facebook.react.views.view.ReactViewManager"", ""method"": ""setBorderColor""}"
92904,reflection,Method.invoke,"{""class"": ""com.facebook.react.uimanager.BaseViewManager"", ""method"": ""setOpacity""}"
92904,reflection,Method.invoke,"{""class"": ""com.facebook.react.uimanager.BaseViewManager"", ""method"": ""setTransform""}"
92905,reflection,Method.invoke,"{""class"": ""com.facebook.react.uimanager.BaseViewManager"", ""method"": ""setTransform""}"
92906,reflection,Method.invoke,"{""class"": ""com.facebook.react.uimanager.BaseViewManager"", ""method"": ""setOpacity""}"
92907,reflection,Method.invoke,"{""class"": ""com.facebook.react.views.view.ReactViewManager"", ""method"": ""setBorderColor""}"
92920,reflection,Method.invoke,"{""class"": ""com.facebook.react.uimanager.BaseViewManager"", ""method"": ""setOpacity""}"
92921,reflection,Method.invoke,"{""class"": ""com.facebook.react.uimanager.BaseViewManager"", ""method"": ""setTransform""}"
92922,reflection,Method.invoke,"{""class"": ""com.facebook.react.uimanager.BaseViewManager"", ""method"": ""setTransform""}"
92922,reflection,Method.invoke,"{""class"": ""com.facebook.react.uimanager.BaseViewManager"", ""method"": ""setOpacity""}"
92922,reflection,Method.invoke,"{""class"": ""com.facebook.react.views.view.ReactViewManager"", ""method"": ""setBorderColor""}"
92937,reflection,Method.invoke,"{""class"": ""com.facebook.react.uimanager.BaseViewManager"", ""method"": ""setOpacity""}"
92938,reflection,Method.invoke,"{""class"": ""com.facebook.react.uimanager.BaseViewManager"", ""method"": ""setTransform""}"
92940,reflection,Method.invoke,"{""class"": ""com.facebook.react.uimanager.BaseViewManager"", ""method"": ""setTransform""}"
92940,reflection,Method.invoke,"{""class"": ""com.facebook.react.uimanager.BaseViewManager"", ""method"": ""setOpacity""}"
92941,reflection,Method.invoke,"{""class"": ""com.facebook.react.views.view.ReactViewManager"", ""method"": ""setBorderColor""}"
92955,reflection,Method.invoke,"{""class"": ""com.facebook.react.uimanager.BaseViewManager"", ""method"": ""setOpacity""}"
92955,reflection,Method.invoke,"{""class"": ""com.facebook.react.uimanager.BaseViewManager"", ""method"": ""setTransform""}"
92956,reflection,Method.invoke,"{""class"": ""com.facebook.react.uimanager.BaseViewManager"", ""method"": ""setTransform""}"
92957,reflection,Method.invoke,"{""class"": ""com.facebook.react.uimanager.BaseViewManager"", ""method"": ""setOpacity""}"
92958,reflection,Method.invoke,"{""class"": ""com.facebook.react.views.view.ReactViewManager"", ""method"": ""setBorderColor""}"
92970,reflection,Method.invoke,"{""class"": ""com.facebook.react.uimanager.BaseViewManager"", ""method"": ""setOpacity""}"
92971,reflection,Method.invoke,"{""class"": ""com.facebook.react.uimanager.BaseViewManager"", ""method"": ""setTransform""}"
92971,reflection,Method.invoke,"{""class"": ""com.facebook.react.uimanager.BaseViewManager"", ""method"": ""setTransform""}"
92972,reflection,Method.invoke,"{""class"": ""com.facebook.react.uimanager.BaseViewManager"", ""method"": ""setOpacity""}"
92972,reflection,Method.invoke,"{""class"": ""com.facebook.react.views.view.ReactViewManager"", ""method"": ""setBorderColor""}"
92988,reflection,Method.invoke,"{""class"": ""com.facebook.react.uimanager.BaseViewManager"", ""method"": ""setOpacity""}"
92989,reflection,Method.invoke,"{""class"": ""com.facebook.react.uimanager.BaseViewManager"", ""method"": ""setTransform""}"
92990,reflection,Method.invoke,"{""class"": ""com.facebook.react.uimanager.BaseViewManager"", ""method"": ""setTransform""}"
92992,reflection,Method.invoke,"{""class"": ""com.facebook.react.uimanager.BaseViewManager"", ""method"": ""setOpacity""}"
92992,reflection,Method.invoke,"{""class"": ""com.facebook.react.views.view.ReactViewManager"", ""method"": ""setBorderColor""}"
93004,reflection,Method.invoke,"{""class"": ""com.facebook.react.uimanager.BaseViewManager"", ""method"": ""setOpacity""}"
93004,reflection,Method.invoke,"{""class"": ""com.facebook.react.uimanager.BaseViewManager"", ""method"": ""setTransform""}"
93005,reflection,Method.invoke,"{""class"": ""com.facebook.react.uimanager.BaseViewManager"", ""method"": ""setTransform""}"
93006,reflection,Method.invoke,"{""class"": ""com.facebook.react.uimanager.BaseViewManager"", ""method"": ""setOpacity""}"
93007,reflection,Method.invoke,"{""class"": ""com.facebook.react.views.view.ReactViewManager"", ""method"": ""setBorderColor""}"
93020,reflection,Method.invoke,"{""class"": ""com.facebook.react.uimanager.BaseViewManager"", ""method"": ""setOpacity""}"
93021,reflection,Method.invoke,"{""class"": ""com.facebook.react.uimanager.BaseViewManager"", ""method"": ""setTransform""}"
93022,reflection,Method.invoke,"{""class"": ""com.facebook.react.uimanager.BaseViewManager"", ""method"": ""setTransform""}"
93023,reflection,Method.invoke,"{""class"": ""com.facebook.react.uimanager.BaseViewManager"", ""method"": ""setOpacity""}"
93024,reflection,Method.invoke,"{""class"": ""com.facebook.react.views.view.ReactViewManager"", ""method"": ""setBorderColor""}"
93037,reflection,Method.invoke,"{""class"": ""com.facebook.react.uimanager.BaseViewManager"", ""method"": ""setOpacity""}"
93038,reflection,Method.invoke,"{""class"": ""com.facebook.react.uimanager.BaseViewManager"", ""method"": ""setTransform""}"
93039,reflection,Method.invoke,"{""class"": ""com.facebook.react.uimanager.BaseViewManager"", ""method"": ""setTransform""}"
93039,reflection,Method.invoke,"{""class"": ""com.facebook.react.uimanager.BaseViewManager"", ""method"": ""setOpacity""}"
93040,reflection,Method.invoke,"{""class"": ""com.facebook.react.views.view.ReactViewManager"", ""method"": ""setBorderColor""}"
93054,reflection,Method.invoke,"{""class"": ""com.facebook.react.uimanager.BaseViewManager"", ""method"": ""setOpacity""}"
93055,reflection,Method.invoke,"{""class"": ""com.facebook.react.uimanager.BaseViewManager"", ""method"": ""setTransform""}"
93055,reflection,Method.invoke,"{""class"": ""com.facebook.react.uimanager.BaseViewManager"", ""method"": ""setTransform""}"
93056,reflection,Method.invoke,"{""class"": ""com.facebook.react.uimanager.BaseViewManager"", ""method"": ""setOpacity""}"
93057,reflection,Method.invoke,"{""class"": ""com.facebook.react.views.view.ReactViewManager"", ""method"": ""setBorderColor""}"
93071,reflection,Method.invoke,"{""class"": ""com.facebook.react.uimanager.BaseViewManager"", ""method"": ""setOpacity""}"
93072,reflection,Method.invoke,"{""class"": ""com.facebook.react.uimanager.BaseViewManager"", ""method"": ""setTransform""}"
93072,reflection,Method.invoke,"{""class"": ""com.facebook.react.uimanager.BaseViewManager"", ""method"": ""setTransform""}"
93073,reflection,Method.invoke,"{""class"": ""com.facebook.react.uimanager.BaseViewManager"", ""method"": ""setOpacity""}"
93074,reflection,Method.invoke,"{""class"": ""com.facebook.react.views.view.ReactViewManager"", ""method"": ""setBorderColor""}"
93087,reflection,Method.invoke,"{""class"": ""com.facebook.react.uimanager.BaseViewManager"", ""method"": ""setOpacity""}"
93087,reflection,Method.invoke,"{""class"": ""com.facebook.react.uimanager.BaseViewManager"", ""method"": ""setTransform""}"
93088,reflection,Method.invoke,"{""class"": ""com.facebook.react.uimanager.BaseViewManager"", ""method"": ""setTransform""}"
93089,reflection,Method.invoke,"{""class"": ""com.facebook.react.uimanager.BaseViewManager"", ""method"": ""setOpacity""}"
93090,reflection,Method.invoke,"{""class"": ""com.facebook.react.views.view.ReactViewManager"", ""method"": ""setBorderColor""}"
93104,reflection,Method.invoke,"{""class"": ""com.facebook.react.uimanager.BaseViewManager"", ""method"": ""setOpacity""}"
93104,reflection,Method.invoke,"{""class"": ""com.facebook.react.uimanager.BaseViewManager"", ""method"": ""setTransform""}"
93106,reflection,Method.invoke,"{""class"": ""com.facebook.react.uimanager.BaseViewManager"", ""method"": ""setTransform""}"
93106,reflection,Method.invoke,"{""class"": ""com.facebook.react.uimanager.BaseViewManager"", ""method"": ""setOpacity""}"
93107,reflection,Method.invoke,"{""class"": ""com.facebook.react.views.view.ReactViewManager"", ""method"": ""setBorderColor""}"
93120,reflection,Method.invoke,"{""class"": ""com.facebook.react.uimanager.BaseViewManager"", ""method"": ""setOpacity""}"
93121,reflection,Method.invoke,"{""class"": ""com.facebook.react.uimanager.BaseViewManager"", ""method"": ""setTransform""}"
93122,reflection,Method.invoke,"{""class"": ""com.facebook.react.uimanager.BaseViewManager"", ""method"": ""setTransform""}"
93122,reflection,Method.invoke,"{""class"": ""com.facebook.react.uimanager.BaseViewManager"", ""method"": ""setOpacity""}"
93123,reflection,Method.invoke,"{""class"": ""com.facebook.react.views.view.ReactViewManager"", ""method"": ""setBorderColor""}"
93137,reflection,Method.invoke,"{""class"": ""com.facebook.react.uimanager.BaseViewManager"", ""method"": ""setOpacity""}"
93137,reflection,Method.invoke,"{""class"": ""com.facebook.react.uimanager.BaseViewManager"", ""method"": ""setTransform""}"
93138,reflection,Method.invoke,"{""class"": ""com.facebook.react.uimanager.BaseViewManager"", ""method"": ""setTransform""}"
93139,reflection,Method.invoke,"{""class"": ""com.facebook.react.uimanager.BaseViewManager"", ""method"": ""setOpacity""}"
93140,reflection,Method.invoke,"{""class"": ""com.facebook.react.views.view.ReactViewManager"", ""method"": ""setBorderColor""}"
93154,reflection,Method.invoke,"{""class"": ""com.facebook.react.uimanager.BaseViewManager"", ""method"": ""setOpacity""}"
93154,reflection,Method.invoke,"{""class"": ""com.facebook.react.uimanager.BaseViewManager"", ""method"": ""setTransform""}"
93155,reflection,Method.invoke,"{""class"": ""com.facebook.react.uimanager.BaseViewManager"", ""method"": ""setTransform""}"
93156,reflection,Method.invoke,"{""class"": ""com.facebook.react.uimanager.BaseViewManager"", ""method"": ""setOpacity""}"
93156,reflection,Method.invoke,"{""class"": ""com.facebook.react.views.view.ReactViewManager"", ""method"": ""setBorderColor""}"
93170,reflection,Method.invoke,"{""class"": ""com.facebook.react.uimanager.BaseViewManager"", ""method"": ""setOpacity""}"
93171,reflection,Method.invoke,"{""class"": ""com.facebook.react.uimanager.BaseViewManager"", ""method"": ""setTransform""}"
93172,reflection,Method.invoke,"{""class"": ""com.facebook.react.uimanager.BaseViewManager"", ""method"": ""setTransform""}"
93172,reflection,Method.invoke,"{""class"": ""com.facebook.react.uimanager.BaseViewManager"", ""method"": ""setOpacity""}"
93174,reflection,Method.invoke,"{""class"": ""com.facebook.react.views.view.ReactViewManager"", ""method"": ""setBorderColor""}"
93188,reflection,Method.invoke,"{""class"": ""com.facebook.react.uimanager.BaseViewManager"", ""method"": ""setOpacity""}"
93189,reflection,Method.invoke,"{""class"": ""com.facebook.react.uimanager.BaseViewManager"", ""method"": ""setTransform""}"
93190,reflection,Method.invoke,"{""class"": ""com.facebook.react.uimanager.BaseViewManager"", ""method"": ""setTransform""}"
93191,reflection,Method.invoke,"{""class"": ""com.facebook.react.uimanager.BaseViewManager"", ""method"": ""setOpacity""}"
93192,reflection,Method.invoke,"{""class"": ""com.facebook.react.views.view.ReactViewManager"", ""method"": ""setBorderColor""}"
93204,reflection,Method.invoke,"{""class"": ""com.facebook.react.uimanager.BaseViewManager"", ""method"": ""setOpacity""}"
93206,reflection,Method.invoke,"{""class"": ""com.facebook.react.uimanager.BaseViewManager"", ""method"": ""setTransform""}"
93206,reflection,Method.invoke,"{""class"": ""com.facebook.react.uimanager.BaseViewManager"", ""method"": ""setTransform""}"
93207,reflection,Method.invoke,"{""class"": ""com.facebook.react.uimanager.BaseViewManager"", ""method"": ""setOpacity""}"
93208,reflection,Method.invoke,"{""class"": ""com.facebook.react.views.view.ReactViewManager"", ""method"": ""setBorderColor""}"
93219,reflection,Method.invoke,"{""class"": ""com.facebook.react.uimanager.BaseViewManager"", ""method"": ""setOpacity""}"
93220,reflection,Method.invoke,"{""class"": ""com.facebook.react.uimanager.BaseViewManager"", ""method"": ""setTransform""}"
93221,reflection,Method.invoke,"{""class"": ""com.facebook.react.uimanager.BaseViewManager"", ""method"": ""setTransform""}"
93222,reflection,Method.invoke,"{""class"": ""com.facebook.react.uimanager.BaseViewManager"", ""method"": ""setOpacity""}"
93222,reflection,Method.invoke,"{""class"": ""com.facebook.react.views.view.ReactViewManager"", ""method"": ""setBorderColor""}"
93236,reflection,Method.invoke,"{""class"": ""com.facebook.react.uimanager.BaseViewManager"", ""method"": ""setOpacity""}"
93237,reflection,Method.invoke,"{""class"": ""com.facebook.react.uimanager.BaseViewManager"", ""method"": ""setTransform""}"
93238,reflection,Method.invoke,"{""class"": ""com.facebook.react.uimanager.BaseViewManager"", ""method"": ""setTransform""}"
93239,reflection,Method.invoke,"{""class"": ""com.facebook.react.uimanager.BaseViewManager"", ""method"": ""setOpacity""}"
93240,reflection,Method.invoke,"{""class"": ""com.facebook.react.views.view.ReactViewManager"", ""method"": ""setBorderColor""}"
93255,reflection,Method.invoke,"{""class"": ""com.facebook.react.uimanager.BaseViewManager"", ""method"": ""setOpacity""}"
93256,reflection,Method.invoke,"{""class"": ""com.facebook.react.uimanager.BaseViewManager"", ""method"": ""setTransform""}"
93257,reflection,Method.invoke,"{""class"": ""com.facebook.react.uimanager.BaseViewManager"", ""method"": ""setTransform""}"
93258,reflection,Method.invoke,"{""class"": ""com.facebook.react.uimanager.BaseViewManager"", ""method"": ""setOpacity""}"
93259,reflection,Method.invoke,"{""class"": ""com.facebook.react.views.view.ReactViewManager"", ""method"": ""setBorderColor""}"
93270,reflection,Method.invoke,"{""class"": ""com.facebook.react.uimanager.BaseViewManager"", ""method"": ""setOpacity""}"
93271,reflection,Method.invoke,"{""class"": ""com.facebook.react.uimanager.BaseViewManager"", ""method"": ""setTransform""}"
93272,reflection,Method.invoke,"{""class"": ""com.facebook.react.uimanager.BaseViewManager"", ""method"": ""setTransform""}"
93274,reflection,Method.invoke,"{""class"": ""com.facebook.react.uimanager.BaseViewManager"", ""method"": ""setOpacity""}"
93274,reflection,Method.invoke,"{""class"": ""com.facebook.react.views.view.ReactViewManager"", ""method"": ""setBorderColor""}"
93287,reflection,Method.invoke,"{""class"": ""com.facebook.react.uimanager.BaseViewManager"", ""method"": ""setOpacity""}"
93288,reflection,Method.invoke,"{""class"": ""com.facebook.react.uimanager.BaseViewManager"", ""method"": ""setTransform""}"
93289,reflection,Method.invoke,"{""class"": ""com.facebook.react.uimanager.BaseViewManager"", ""method"": ""setTransform""}"
93289,reflection,Method.invoke,"{""class"": ""com.facebook.react.uimanager.BaseViewManager"", ""method"": ""setOpacity""}"
93290,reflection,Method.invoke,"{""class"": ""com.facebook.react.views.view.ReactViewManager"", ""method"": ""setBorderColor""}"
93304,reflection,Method.invoke,"{""class"": ""com.facebook.react.uimanager.BaseViewManager"", ""method"": ""setOpacity""}"
93304,reflection,Method.invoke,"{""class"": ""com.facebook.react.uimanager.BaseViewManager"", ""method"": ""setTransform""}"
93305,reflection,Method.invoke,"{""class"": ""com.facebook.react.uimanager.BaseViewManager"", ""method"": ""setTransform""}"
93306,reflection,Method.invoke,"{""class"": ""com.facebook.react.uimanager.BaseViewManager"", ""method"": ""setOpacity""}"
93306,reflection,Method.invoke,"{""class"": ""com.facebook.react.views.view.ReactViewManager"", ""method"": ""setBorderColor""}"
93321,reflection,Method.invoke,"{""class"": ""com.facebook.react.uimanager.BaseViewManager"", ""method"": ""setOpacity""}"
93322,reflection,Method.invoke,"{""class"": ""com.facebook.react.uimanager.BaseViewManager"", ""method"": ""setTransform""}"
93323,reflection,Method.invoke,"{""class"": ""com.facebook.react.uimanager.BaseViewManager"", ""method"": ""setTransform""}"
93324,reflection,Method.invoke,"{""class"": ""com.facebook.react.uimanager.BaseViewManager"", ""method"": ""setOpacity""}"
93325,reflection,Method.invoke,"{""class"": ""com.facebook.react.views.view.ReactViewManager"", ""method"": ""setBorderColor""}"
93336,reflection,Method.invoke,"{""class"": ""com.facebook.react.uimanager.BaseViewManager"", ""method"": ""setOpacity""}"
93337,reflection,Method.invoke,"{""class"": ""com.facebook.react.uimanager.BaseViewManager"", ""method"": ""setTransform""}"
93338,reflection,Method.invoke,"{""class"": ""com.facebook.react.uimanager.BaseViewManager"", ""method"": ""setTransform""}"
93339,reflection,Method.invoke,"{""class"": ""com.facebook.react.uimanager.BaseViewManager"", ""method"": ""setOpacity""}"
93339,reflection,Method.invoke,"{""class"": ""com.facebook.react.views.view.ReactViewManager"", ""method"": ""setBorderColor""}"
93354,reflection,Method.invoke,"{""class"": ""com.facebook.react.uimanager.BaseViewManager"", ""method"": ""setOpacity""}"
93354,reflection,Method.invoke,"{""class"": ""com.facebook.react.uimanager.BaseViewManager"", ""method"": ""setTransform""}"
93355,reflection,Method.invoke,"{""class"": ""com.facebook.react.uimanager.BaseViewManager"", ""method"": ""setTransform""}"
93356,reflection,Method.invoke,"{""class"": ""com.facebook.react.uimanager.BaseViewManager"", ""method"": ""setOpacity""}"
93358,reflection,Method.invoke,"{""class"": ""com.facebook.react.views.view.ReactViewManager"", ""method"": ""setBorderColor""}"
93369,reflection,Method.invoke,"{""class"": ""com.facebook.react.uimanager.BaseViewManager"", ""method"": ""setOpacity""}"
93370,reflection,Method.invoke,"{""class"": ""com.facebook.react.uimanager.BaseViewManager"", ""method"": ""setTransform""}"
93371,reflection,Method.invoke,"{""class"": ""com.facebook.react.uimanager.BaseViewManager"", ""method"": ""setTransform""}"
93372,reflection,Method.invoke,"{""class"": ""com.facebook.react.uimanager.BaseViewManager"", ""method"": ""setOpacity""}"
93373,reflection,Method.invoke,"{""class"": ""com.facebook.react.views.view.ReactViewManager"", ""method"": ""setBorderColor""}"
93388,reflection,Method.invoke,"{""class"": ""com.facebook.react.uimanager.BaseViewManager"", ""method"": ""setOpacity""}"
93388,reflection,Method.invoke,"{""class"": ""com.facebook.react.uimanager.BaseViewManager"", ""method"": ""setTransform""}"
93389,reflection,Method.invoke,"{""class"": ""com.facebook.react.uimanager.BaseViewManager"", ""method"": ""setTransform""}"
93390,reflection,Method.invoke,"{""class"": ""com.facebook.react.uimanager.BaseViewManager"", ""method"": ""setOpacity""}"
93391,reflection,Method.invoke,"{""class"": ""com.facebook.react.views.view.ReactViewManager"", ""method"": ""setBorderColor""}"
93403,reflection,Method.invoke,"{""class"": ""com.facebook.react.uimanager.BaseViewManager"", ""method"": ""setOpacity""}"
93405,reflection,Method.invoke,"{""class"": ""com.facebook.react.uimanager.BaseViewManager"", ""method"": ""setTransform""}"
93405,reflection,Method.invoke,"{""class"": ""com.facebook.react.uimanager.BaseViewManager"", ""method"": ""setTransform""}"
93406,reflection,Method.invoke,"{""class"": ""com.facebook.react.uimanager.BaseViewManager"", ""method"": ""setOpacity""}"
93406,reflection,Method.invoke,"{""class"": ""com.facebook.react.views.view.ReactViewManager"", ""method"": ""setBorderColor""}"
93420,reflection,Method.invoke,"{""class"": ""com.facebook.react.uimanager.BaseViewManager"", ""method"": ""setOpacity""}"
93421,reflection,Method.invoke,"{""class"": ""com.facebook.react.uimanager.BaseViewManager"", ""method"": ""setTransform""}"
93422,reflection,Method.invoke,"{""class"": ""com.facebook.react.uimanager.BaseViewManager"", ""method"": ""setTransform""}"
93423,reflection,Method.invoke,"{""class"": ""com.facebook.react.uimanager.BaseViewManager"", ""method"": ""setOpacity""}"
93424,reflection,Method.invoke,"{""class"": ""com.facebook.react.views.view.ReactViewManager"", ""method"": ""setBorderColor""}"
93438,reflection,Method.invoke,"{""class"": ""com.facebook.react.uimanager.BaseViewManager"", ""method"": ""setOpacity""}"
93439,reflection,Method.invoke,"{""class"": ""com.facebook.react.uimanager.BaseViewManager"", ""method"": ""setTransform""}"
93439,reflection,Method.invoke,"{""class"": ""com.facebook.react.uimanager.BaseViewManager"", ""method"": ""setTransform""}"
93440,reflection,Method.invoke,"{""class"": ""com.facebook.react.uimanager.BaseViewManager"", ""method"": ""setOpacity""}"
93442,reflection,Method.invoke,"{""class"": ""com.facebook.react.views.view.ReactViewManager"", ""method"": ""setBorderColor""}"
93454,reflection,Method.invoke,"{""class"": ""com.facebook.react.uimanager.BaseViewManager"", ""method"": ""setOpacity""}"
93455,reflection,Method.invoke,"{""class"": ""com.facebook.react.uimanager.BaseViewManager"", ""method"": ""setTransform""}"
93456,reflection,Method.invoke,"{""class"": ""com.facebook.react.uimanager.BaseViewManager"", ""method"": ""setTransform""}"
93457,reflection,Method.invoke,"{""class"": ""com.facebook.react.uimanager.BaseViewManager"", ""method"": ""setOpacity""}"
93458,reflection,Method.invoke,"{""class"": ""com.facebook.react.views.view.ReactViewManager"", ""method"": ""setBorderColor""}"
93470,reflection,Method.invoke,"{""class"": ""com.facebook.react.uimanager.BaseViewManager"", ""method"": ""setOpacity""}"
93471,reflection,Method.invoke,"{""class"": ""com.facebook.react.uimanager.BaseViewManager"", ""method"": ""setTransform""}"
93472,reflection,Method.invoke,"{""class"": ""com.facebook.react.uimanager.BaseViewManager"", ""method"": ""setTransform""}"
93474,reflection,Method.invoke,"{""class"": ""com.facebook.react.uimanager.BaseViewManager"", ""method"": ""setOpacity""}"
93474,reflection,Method.invoke,"{""class"": ""com.facebook.react.views.view.ReactViewManager"", ""method"": ""setBorderColor""}"
93488,reflection,Method.invoke,"{""class"": ""com.facebook.react.uimanager.BaseViewManager"", ""method"": ""setOpacity""}"
93488,reflection,Method.invoke,"{""class"": ""com.facebook.react.uimanager.BaseViewManager"", ""method"": ""setTransform""}"
93489,reflection,Method.invoke,"{""class"": ""com.facebook.react.uimanager.BaseViewManager"", ""method"": ""setTransform""}"
93490,reflection,Method.invoke,"{""class"": ""com.facebook.react.uimanager.BaseViewManager"", ""method"": ""setOpacity""}"
93490,reflection,Method.invoke,"{""class"": ""com.facebook.react.views.view.ReactViewManager"", ""method"": ""setBorderColor""}"
93505,reflection,Method.invoke,"{""class"": ""com.facebook.react.uimanager.BaseViewManager"", ""method"": ""setOpacity""}"
93505,reflection,Method.invoke,"{""class"": ""com.facebook.react.uimanager.BaseViewManager"", ""method"": ""setTransform""}"
93506,reflection,Method.invoke,"{""class"": ""com.facebook.react.uimanager.BaseViewManager"", ""method"": ""setTransform""}"
93507,reflection,Method.invoke,"{""class"": ""com.facebook.react.uimanager.BaseViewManager"", ""method"": ""setOpacity""}"
93508,reflection,Method.invoke,"{""class"": ""com.facebook.react.views.view.ReactViewManager"", ""method"": ""setBorderColor""}"
93522,reflection,Method.invoke,"{""class"": ""com.facebook.react.uimanager.BaseViewManager"", ""method"": ""setOpacity""}"
93522,reflection,Method.invoke,"{""class"": ""com.facebook.react.uimanager.BaseViewManager"", ""method"": ""setTransform""}"
93523,reflection,Method.invoke,"{""class"": ""com.facebook.react.uimanager.BaseViewManager"", ""method"": ""setTransform""}"
93523,reflection,Method.invoke,"{""class"": ""com.facebook.react.uimanager.BaseViewManager"", ""method"": ""setOpacity""}"
93524,reflection,Method.invoke,"{""class"": ""com.facebook.react.views.view.ReactViewManager"", ""method"": ""setBorderColor""}"
93537,reflection,Method.invoke,"{""class"": ""com.facebook.react.uimanager.BaseViewManager"", ""method"": ""setOpacity""}"
93538,reflection,Method.invoke,"{""class"": ""com.facebook.react.uimanager.BaseViewManager"", ""method"": ""setTransform""}"
93539,reflection,Method.invoke,"{""class"": ""com.facebook.react.uimanager.BaseViewManager"", ""method"": ""setTransform""}"
93540,reflection,Method.invoke,"{""class"": ""com.facebook.react.uimanager.BaseViewManager"", ""method"": ""setOpacity""}"
93540,reflection,Method.invoke,"{""class"": ""com.facebook.react.views.view.ReactViewManager"", ""method"": ""setBorderColor""}"
93555,reflection,Method.invoke,"{""class"": ""com.facebook.react.uimanager.BaseViewManager"", ""method"": ""setOpacity""}"
93555,reflection,Method.invoke,"{""class"": ""com.facebook.react.uimanager.BaseViewManager"", ""method"": ""setTransform""}"
93556,reflection,Method.invoke,"{""class"": ""com.facebook.react.uimanager.BaseViewManager"", ""method"": ""setTransform""}"
93557,reflection,Method.invoke,"{""class"": ""com.facebook.react.uimanager.BaseViewManager"", ""method"": ""setOpacity""}"
93557,reflection,Method.invoke,"{""class"": ""com.facebook.react.views.view.ReactViewManager"", ""method"": ""setBorderColor""}"
93570,reflection,Method.invoke,"{""class"": ""com.facebook.react.uimanager.BaseViewManager"", ""method"": ""setOpacity""}"
93571,reflection,Method.invoke,"{""class"": ""com.facebook.react.uimanager.BaseViewManager"", ""method"": ""setTransform""}"
93572,reflection,Method.invoke,"{""class"": ""com.facebook.react.uimanager.BaseViewManager"", ""method"": ""setTransform""}"
93573,reflection,Method.invoke,"{""class"": ""com.facebook.react.uimanager.BaseViewManager"", ""method"": ""setOpacity""}"
93574,reflection,Method.invoke,"{""class"": ""com.facebook.react.views.view.ReactViewManager"", ""method"": ""setBorderColor""}"
93588,reflection,Method.invoke,"{""class"": ""com.facebook.react.uimanager.BaseViewManager"", ""method"": ""setOpacity""}"
93589,reflection,Method.invoke,"{""class"": ""com.facebook.react.uimanager.BaseViewManager"", ""method"": ""setTransform""}"
93590,reflection,Method.invoke,"{""class"": ""com.facebook.react.uimanager.BaseViewManager"", ""method"": ""setTransform""}"
93590,reflection,Method.invoke,"{""class"": ""com.facebook.react.uimanager.BaseViewManager"", ""method"": ""setOpacity""}"
93591,reflection,Method.invoke,"{""class"": ""com.facebook.react.views.view.ReactViewManager"", ""method"": ""setBorderColor""}"
93605,reflection,Method.invoke,"{""class"": ""com.facebook.react.uimanager.BaseViewManager"", ""method"": ""setOpacity""}"
93605,reflection,Method.invoke,"{""class"": ""com.facebook.react.uimanager.BaseViewManager"", ""method"": ""setTransform""}"
93606,reflection,Method.invoke,"{""class"": ""com.facebook.react.uimanager.BaseViewManager"", ""method"": ""setTransform""}"
93607,reflection,Method.invoke,"{""class"": ""com.facebook.react.uimanager.BaseViewManager"", ""method"": ""setOpacity""}"
93607,reflection,Method.invoke,"{""class"": ""com.facebook.react.views.view.ReactViewManager"", ""method"": ""setBorderColor""}"
93620,reflection,Method.invoke,"{""class"": ""com.facebook.react.uimanager.BaseViewManager"", ""method"": ""setOpacity""}"
93621,reflection,Method.invoke,"{""class"": ""com.facebook.react.uimanager.BaseViewManager"", ""method"": ""setTransform""}"
93621,reflection,Method.invoke,"{""class"": ""com.facebook.react.uimanager.BaseViewManager"", ""method"": ""setTransform""}"
93624,reflection,Method.invoke,"{""class"": ""com.facebook.react.uimanager.BaseViewManager"", ""method"": ""setOpacity""}"
93624,reflection,Method.invoke,"{""class"": ""com.facebook.react.views.view.ReactViewManager"", ""method"": ""setBorderColor""}"
93637,reflection,Method.invoke,"{""class"": ""com.facebook.react.uimanager.BaseViewManager"", ""method"": ""setOpacity""}"
93638,reflection,Method.invoke,"{""class"": ""com.facebook.react.uimanager.BaseViewManager"", ""method"": ""setTransform""}"
93639,reflection,Method.invoke,"{""class"": ""com.facebook.react.uimanager.BaseViewManager"", ""method"": ""setTransform""}"
93639,reflection,Method.invoke,"{""class"": ""com.facebook.react.uimanager.BaseViewManager"", ""method"": ""setOpacity""}"
93640,reflection,Method.invoke,"{""class"": ""com.facebook.react.views.view.ReactViewManager"", ""method"": ""setBorderColor""}"
93655,reflection,Method.invoke,"{""class"": ""com.facebook.react.uimanager.BaseViewManager"", ""method"": ""setOpacity""}"
93655,reflection,Method.invoke,"{""class"": ""com.facebook.react.uimanager.BaseViewManager"", ""method"": ""setTransform""}"
93656,reflection,Method.invoke,"{""class"": ""com.facebook.react.uimanager.BaseViewManager"", ""method"": ""setTransform""}"
93657,reflection,Method.invoke,"{""class"": ""com.facebook.react.uimanager.BaseViewManager"", ""method"": ""setOpacity""}"
93658,reflection,Method.invoke,"{""class"": ""com.facebook.react.views.view.ReactViewManager"", ""method"": ""setBorderColor""}"
93668,reflection,Method.invoke,"{""class"": ""com.facebook.react.uimanager.BaseViewManager"", ""method"": ""setOpacity""}"
93668,reflection,Method.invoke,"{""class"": ""com.facebook.react.uimanager.BaseViewManager"", ""method"": ""setTransform""}"
93668,reflection,Method.invoke,"{""class"": ""com.facebook.react.uimanager.BaseViewManager"", ""method"": ""setTransform""}"
93669,reflection,Method.invoke,"{""class"": ""com.facebook.react.uimanager.BaseViewManager"", ""method"": ""setOpacity""}"
93670,reflection,Method.invoke,"{""class"": ""com.facebook.react.views.view.ReactViewManager"", ""method"": ""setBorderColor""}"
93688,reflection,Method.invoke,"{""class"": ""com.facebook.react.uimanager.BaseViewManager"", ""method"": ""setOpacity""}"
93689,reflection,Method.invoke,"{""class"": ""com.facebook.react.uimanager.BaseViewManager"", ""method"": ""setTransform""}"
93690,reflection,Method.invoke,"{""class"": ""com.facebook.react.uimanager.BaseViewManager"", ""method"": ""setTransform""}"
93691,reflection,Method.invoke,"{""class"": ""com.facebook.react.uimanager.BaseViewManager"", ""method"": ""setOpacity""}"
93692,reflection,Method.invoke,"{""class"": ""com.facebook.react.views.view.ReactViewManager"", ""method"": ""setBorderColor""}"
93704,reflection,Method.invoke,"{""class"": ""com.facebook.react.uimanager.BaseViewManager"", ""method"": ""setOpacity""}"
93705,reflection,Method.invoke,"{""class"": ""com.facebook.react.uimanager.BaseViewManager"", ""method"": ""setTransform""}"
93706,reflection,Method.invoke,"{""class"": ""com.facebook.react.uimanager.BaseViewManager"", ""method"": ""setTransform""}"
93707,reflection,Method.invoke,"{""class"": ""com.facebook.react.uimanager.BaseViewManager"", ""method"": ""setOpacity""}"
93708,reflection,Method.invoke,"{""class"": ""com.facebook.react.views.view.ReactViewManager"", ""method"": ""setBorderColor""}"
93720,reflection,Method.invoke,"{""class"": ""com.facebook.react.uimanager.BaseViewManager"", ""method"": ""setOpacity""}"
93721,reflection,Method.invoke,"{""class"": ""com.facebook.react.uimanager.BaseViewManager"", ""method"": ""setTransform""}"
93721,reflection,Method.invoke,"{""class"": ""com.facebook.react.uimanager.BaseViewManager"", ""method"": ""setTransform""}"
93722,reflection,Method.invoke,"{""class"": ""com.facebook.react.uimanager.BaseViewManager"", ""method"": ""setOpacity""}"
93723,reflection,Method.invoke,"{""class"": ""com.facebook.react.views.view.ReactViewManager"", ""method"": ""setBorderColor""}"
93736,reflection,Method.invoke,"{""class"": ""com.facebook.react.uimanager.BaseViewManager"", ""method"": ""setOpacity""}"
93737,reflection,Method.invoke,"{""class"": ""com.facebook.react.uimanager.BaseViewManager"", ""method"": ""setTransform""}"
93738,reflection,Method.invoke,"{""class"": ""com.facebook.react.uimanager.BaseViewManager"", ""method"": ""setTransform""}"
93739,reflection,Method.invoke,"{""class"": ""com.facebook.react.uimanager.BaseViewManager"", ""method"": ""setOpacity""}"
93740,reflection,Method.invoke,"{""class"": ""com.facebook.react.views.view.ReactViewManager"", ""method"": ""setBorderColor""}"
93754,reflection,Method.invoke,"{""class"": ""com.facebook.react.uimanager.BaseViewManager"", ""method"": ""setOpacity""}"
93755,reflection,Method.invoke,"{""class"": ""com.facebook.react.uimanager.BaseViewManager"", ""method"": ""setTransform""}"
93756,reflection,Method.invoke,"{""class"": ""com.facebook.react.uimanager.BaseViewManager"", ""method"": ""setTransform""}"
93757,reflection,Method.invoke,"{""class"": ""com.facebook.react.uimanager.BaseViewManager"", ""method"": ""setOpacity""}"
93758,reflection,Method.invoke,"{""class"": ""com.facebook.react.views.view.ReactViewManager"", ""method"": ""setBorderColor""}"
93770,reflection,Method.invoke,"{""class"": ""com.facebook.react.uimanager.BaseViewManager"", ""method"": ""setOpacity""}"
93771,reflection,Method.invoke,"{""class"": ""com.facebook.react.uimanager.BaseViewManager"", ""method"": ""setTransform""}"
93772,reflection,Method.invoke,"{""class"": ""com.facebook.react.uimanager.BaseViewManager"", ""method"": ""setTransform""}"
93772,reflection,Method.invoke,"{""class"": ""com.facebook.react.uimanager.BaseViewManager"", ""method"": ""setOpacity""}"
93774,reflection,Method.invoke,"{""class"": ""com.facebook.react.views.view.ReactViewManager"", ""method"": ""setBorderColor""}"
93788,reflection,Method.invoke,"{""class"": ""com.facebook.react.uimanager.BaseViewManager"", ""method"": ""setOpacity""}"
93788,reflection,Method.invoke,"{""class"": ""com.facebook.react.uimanager.BaseViewManager"", ""method"": ""setTransform""}"
93789,reflection,Method.invoke,"{""class"": ""com.facebook.react.uimanager.BaseViewManager"", ""method"": ""setTransform""}"
93789,reflection,Method.invoke,"{""class"": ""com.facebook.react.uimanager.BaseViewManager"", ""method"": ""setOpacity""}"
93790,reflection,Method.invoke,"{""class"": ""com.facebook.react.views.view.ReactViewManager"", ""method"": ""setBorderColor""}"
93804,reflection,Method.invoke,"{""class"": ""com.facebook.react.uimanager.BaseViewManager"", ""method"": ""setOpacity""}"
93804,reflection,Method.invoke,"{""class"": ""com.facebook.react.uimanager.BaseViewManager"", ""method"": ""setTransform""}"
93806,reflection,Method.invoke,"{""class"": ""com.facebook.react.uimanager.BaseViewManager"", ""method"": ""setTransform""}"
93807,reflection,Method.invoke,"{""class"": ""com.facebook.react.uimanager.BaseViewManager"", ""method"": ""setOpacity""}"
93807,reflection,Method.invoke,"{""class"": ""com.facebook.react.views.view.ReactViewManager"", ""method"": ""setBorderColor""}"
93820,reflection,Method.invoke,"{""class"": ""com.facebook.react.uimanager.BaseViewManager"", ""method"": ""setOpacity""}"
93821,reflection,Method.invoke,"{""class"": ""com.facebook.react.uimanager.BaseViewManager"", ""method"": ""setTransform""}"
93823,reflection,Method.invoke,"{""class"": ""com.facebook.react.uimanager.BaseViewManager"", ""method"": ""setTransform""}"
93824,reflection,Method.invoke,"{""class"": ""com.facebook.react.uimanager.BaseViewManager"", ""method"": ""setOpacity""}"
93824,reflection,Method.invoke,"{""class"": ""com.facebook.react.views.view.ReactViewManager"", ""method"": ""setBorderColor""}"
93837,reflection,Method.invoke,"{""class"": ""com.facebook.react.uimanager.BaseViewManager"", ""method"": ""setOpacity""}"
93838,reflection,Method.invoke,"{""class"": ""com.facebook.react.uimanager.BaseViewManager"", ""method"": ""setTransform""}"
93839,reflection,Method.invoke,"{""class"": ""com.facebook.react.uimanager.BaseViewManager"", ""method"": ""setTransform""}"
93840,reflection,Method.invoke,"{""class"": ""com.facebook.react.uimanager.BaseViewManager"", ""method"": ""setOpacity""}"
93841,reflection,Method.invoke,"{""class"": ""com.facebook.react.views.view.ReactViewManager"", ""method"": ""setBorderColor""}"
93854,reflection,Method.invoke,"{""class"": ""com.facebook.react.uimanager.BaseViewManager"", ""method"": ""setOpacity""}"
93855,reflection,Method.invoke,"{""class"": ""com.facebook.react.uimanager.BaseViewManager"", ""method"": ""setTransform""}"
93856,reflection,Method.invoke,"{""class"": ""com.facebook.react.uimanager.BaseViewManager"", ""method"": ""setTransform""}"
93856,reflection,Method.invoke,"{""class"": ""com.facebook.react.uimanager.BaseViewManager"", ""method"": ""setOpacity""}"
93857,reflection,Method.invoke,"{""class"": ""com.facebook.react.views.view.ReactViewManager"", ""method"": ""setBorderColor""}"
93872,reflection,Method.invoke,"{""class"": ""com.facebook.react.uimanager.BaseViewManager"", ""method"": ""setOpacity""}"
93873,reflection,Method.invoke,"{""class"": ""com.facebook.react.uimanager.BaseViewManager"", ""method"": ""setTransform""}"
93874,reflection,Method.invoke,"{""class"": ""com.facebook.react.uimanager.BaseViewManager"", ""method"": ""setTransform""}"
93875,reflection,Method.invoke,"{""class"": ""com.facebook.react.uimanager.BaseViewManager"", ""method"": ""setOpacity""}"
93876,reflection,Method.invoke,"{""class"": ""com.facebook.react.views.view.ReactViewManager"", ""method"": ""setBorderColor""}"
93886,reflection,Method.invoke,"{""class"": ""com.facebook.react.uimanager.BaseViewManager"", ""method"": ""setOpacity""}"
93886,reflection,Method.invoke,"{""class"": ""com.facebook.react.uimanager.BaseViewManager"", ""method"": ""setTransform""}"
93887,reflection,Method.invoke,"{""class"": ""com.facebook.react.uimanager.BaseViewManager"", ""method"": ""setTransform""}"
93889,reflection,Method.invoke,"{""class"": ""com.facebook.react.uimanager.BaseViewManager"", ""method"": ""setOpacity""}"
93889,reflection,Method.invoke,"{""class"": ""com.facebook.react.views.view.ReactViewManager"", ""method"": ""setBorderColor""}"
93904,reflection,Method.invoke,"{""class"": ""com.facebook.react.uimanager.BaseViewManager"", ""method"": ""setOpacity""}"
93905,reflection,Method.invoke,"{""class"": ""com.facebook.react.uimanager.BaseViewManager"", ""method"": ""setTransform""}"
93906,reflection,Method.invoke,"{""class"": ""com.facebook.react.uimanager.BaseViewManager"", ""method"": ""setTransform""}"
93907,reflection,Method.invoke,"{""class"": ""com.facebook.react.uimanager.BaseViewManager"", ""method"": ""setOpacity""}"
93908,reflection,Method.invoke,"{""class"": ""com.facebook.react.views.view.ReactViewManager"", ""method"": ""setBorderColor""}"
93920,reflection,Method.invoke,"{""class"": ""com.facebook.react.uimanager.BaseViewManager"", ""method"": ""setOpacity""}"
93921,reflection,Method.invoke,"{""class"": ""com.facebook.react.uimanager.BaseViewManager"", ""method"": ""setTransform""}"
93921,reflection,Method.invoke,"{""class"": ""com.facebook.react.uimanager.BaseViewManager"", ""method"": ""setTransform""}"
93923,reflection,Method.invoke,"{""class"": ""com.facebook.react.uimanager.BaseViewManager"", ""method"": ""setOpacity""}"
93923,reflection,Method.invoke,"{""class"": ""com.facebook.react.views.view.ReactViewManager"", ""method"": ""setBorderColor""}"
93938,reflection,Method.invoke,"{""class"": ""com.facebook.react.uimanager.BaseViewManager"", ""method"": ""setOpacity""}"
93939,reflection,Method.invoke,"{""class"": ""com.facebook.react.uimanager.BaseViewManager"", ""method"": ""setTransform""}"
93940,reflection,Method.invoke,"{""class"": ""com.facebook.react.uimanager.BaseViewManager"", ""method"": ""setTransform""}"
93940,reflection,Method.invoke,"{""class"": ""com.facebook.react.uimanager.BaseViewManager"", ""method"": ""setOpacity""}"
93941,reflection,Method.invoke,"{""class"": ""com.facebook.react.views.view.ReactViewManager"", ""method"": ""setBorderColor""}"
93953,reflection,Method.invoke,"{""class"": ""com.facebook.react.uimanager.BaseViewManager"", ""method"": ""setOpacity""}"
93954,reflection,Method.invoke,"{""class"": ""com.facebook.react.uimanager.BaseViewManager"", ""method"": ""setTransform""}"
93954,reflection,Method.invoke,"{""class"": ""com.facebook.react.uimanager.BaseViewManager"", ""method"": ""setTransform""}"
93956,reflection,Method.invoke,"{""class"": ""com.facebook.react.uimanager.BaseViewManager"", ""method"": ""setOpacity""}"
93958,reflection,Method.invoke,"{""class"": ""com.facebook.react.views.view.ReactViewManager"", ""method"": ""setBorderColor""}"
93971,reflection,Method.invoke,"{""class"": ""com.facebook.react.uimanager.BaseViewManager"", ""method"": ""setOpacity""}"
93972,reflection,Method.invoke,"{""class"": ""com.facebook.react.uimanager.BaseViewManager"", ""method"": ""setTransform""}"
93973,reflection,Method.invoke,"{""class"": ""com.facebook.react.uimanager.BaseViewManager"", ""method"": ""setTransform""}"
93973,reflection,Method.invoke,"{""class"": ""com.facebook.react.uimanager.BaseViewManager"", ""method"": ""setOpacity""}"
93974,reflection,Method.invoke,"{""class"": ""com.facebook.react.views.view.ReactViewManager"", ""method"": ""setBorderColor""}"
93986,reflection,Method.invoke,"{""class"": ""com.facebook.react.uimanager.BaseViewManager"", ""method"": ""setOpacity""}"
93987,reflection,Method.invoke,"{""class"": ""com.facebook.react.uimanager.BaseViewManager"", ""method"": ""setTransform""}"
93987,reflection,Method.invoke,"{""class"": ""com.facebook.react.uimanager.BaseViewManager"", ""method"": ""setTransform""}"
93988,reflection,Method.invoke,"{""class"": ""com.facebook.react.uimanager.BaseViewManager"", ""method"": ""setOpacity""}"
93989,reflection,Method.invoke,"{""class"": ""com.facebook.react.views.view.ReactViewManager"", ""method"": ""setBorderColor""}"
94004,reflection,Method.invoke,"{""class"": ""com.facebook.react.uimanager.BaseViewManager"", ""method"": ""setOpacity""}"
94005,reflection,Method.invoke,"{""class"": ""com.facebook.react.uimanager.BaseViewManager"", ""method"": ""setTransform""}"
94006,reflection,Method.invoke,"{""class"": ""com.facebook.react.uimanager.BaseViewManager"", ""method"": ""setTransform""}"
94008,reflection,Method.invoke,"{""class"": ""com.facebook.react.uimanager.BaseViewManager"", ""method"": ""setOpacity""}"
94009,reflection,Method.invoke,"{""class"": ""com.facebook.react.views.view.ReactViewManager"", ""method"": ""setBorderColor""}"
94021,reflection,Method.invoke,"{""class"": ""com.facebook.react.uimanager.BaseViewManager"", ""method"": ""setOpacity""}"
94022,reflection,Method.invoke,"{""class"": ""com.facebook.react.uimanager.BaseViewManager"", ""method"": ""setTransform""}"
94022,reflection,Method.invoke,"{""class"": ""com.facebook.react.uimanager.BaseViewManager"", ""method"": ""setTransform""}"
94024,reflection,Method.invoke,"{""class"": ""com.facebook.react.uimanager.BaseViewManager"", ""method"": ""setOpacity""}"
94026,reflection,Method.invoke,"{""class"": ""com.facebook.react.views.view.ReactViewManager"", ""method"": ""setBorderColor""}"
94038,reflection,Method.invoke,"{""class"": ""com.facebook.react.uimanager.BaseViewManager"", ""method"": ""setOpacity""}"
94038,reflection,Method.invoke,"{""class"": ""com.facebook.react.uimanager.BaseViewManager"", ""method"": ""setTransform""}"
94039,reflection,Method.invoke,"{""class"": ""com.facebook.react.uimanager.BaseViewManager"", ""method"": ""setTransform""}"
94040,reflection,Method.invoke,"{""class"": ""com.facebook.react.uimanager.BaseViewManager"", ""method"": ""setOpacity""}"
94041,reflection,Method.invoke,"{""class"": ""com.facebook.react.views.view.ReactViewManager"", ""method"": ""setBorderColor""}"
94054,reflection,Method.invoke,"{""class"": ""com.facebook.react.uimanager.BaseViewManager"", ""method"": ""setOpacity""}"
94055,reflection,Method.invoke,"{""class"": ""com.facebook.react.uimanager.BaseViewManager"", ""method"": ""setTransform""}"
94056,reflection,Method.invoke,"{""class"": ""com.facebook.react.uimanager.BaseViewManager"", ""method"": ""setTransform""}"
94057,reflection,Method.invoke,"{""class"": ""com.facebook.react.uimanager.BaseViewManager"", ""method"": ""setOpacity""}"
94058,reflection,Method.invoke,"{""class"": ""com.facebook.react.views.view.ReactViewManager"", ""method"": ""setBorderColor""}"
94070,reflection,Method.invoke,"{""class"": ""com.facebook.react.uimanager.BaseViewManager"", ""method"": ""setOpacity""}"
94070,reflection,Method.invoke,"{""class"": ""com.facebook.react.uimanager.BaseViewManager"", ""method"": ""setTransform""}"
94071,reflection,Method.invoke,"{""class"": ""com.facebook.react.uimanager.BaseViewManager"", ""method"": ""setTransform""}"
94072,reflection,Method.invoke,"{""class"": ""com.facebook.react.uimanager.BaseViewManager"", ""method"": ""setOpacity""}"
94074,reflection,Method.invoke,"{""class"": ""com.facebook.react.views.view.ReactViewManager"", ""method"": ""setBorderColor""}"
95579,reflection,Method.invoke,"{""class"": ""com.facebook.react.uimanager.BaseViewManager"", ""method"": ""setOpacity""}"
95585,reflection,Method.invoke,"{""class"": ""com.facebook.react.uimanager.BaseViewManager"", ""method"": ""setTransform""}"
95591,reflection,Method.invoke,"{""class"": ""com.facebook.react.uimanager.BaseViewManager"", ""method"": ""setTransform""}"
95597,reflection,Method.invoke,"{""class"": ""com.facebook.react.uimanager.BaseViewManager"", ""method"": ""setOpacity""}"
95603,reflection,Method.invoke,"{""class"": ""com.facebook.react.views.view.ReactViewManager"", ""method"": ""setBorderColor""}"
95612,reflection,Method.invoke,"{""class"": ""com.facebook.react.uimanager.BaseViewManager"", ""method"": ""setOpacity""}"
95623,reflection,Method.invoke,"{""class"": ""com.facebook.react.uimanager.BaseViewManager"", ""method"": ""setOpacity""}"
95629,reflection,Method.invoke,"{""class"": ""com.facebook.react.uimanager.BaseViewManager"", ""method"": ""setTransform""}"
95636,reflection,Method.invoke,"{""class"": ""com.facebook.react.uimanager.BaseViewManager"", ""method"": ""setTransform""}"
95644,reflection,Method.invoke,"{""class"": ""com.facebook.react.uimanager.BaseViewManager"", ""method"": ""setOpacity""}"
95653,reflection,Method.invoke,"{""class"": ""com.facebook.react.views.view.ReactViewManager"", ""method"": ""setBorderColor""}"
95667,reflection,Method.invoke,"{""class"": ""com.facebook.react.uimanager.BaseViewManager"", ""method"": ""setOpacity""}"
95679,reflection,Method.invoke,"{""class"": ""com.facebook.react.uimanager.BaseViewManager"", ""method"": ""setOpacity""}"
95688,reflection,Method.invoke,"{""class"": ""com.facebook.react.uimanager.BaseViewManager"", ""method"": ""setTransform""}"
95693,reflection,Method.invoke,"{""class"": ""com.facebook.react.uimanager.BaseViewManager"", ""method"": ""setTransform""}"
95698,reflection,Method.invoke,"{""class"": ""com.facebook.react.uimanager.BaseViewManager"", ""method"": ""setOpacity""}"
95704,reflection,Method.invoke,"{""class"": ""com.facebook.react.views.view.ReactViewManager"", ""method"": ""setBorderColor""}"
95719,reflection,Method.invoke,"{""class"": ""com.facebook.react.uimanager.BaseViewManager"", ""method"": ""setOpacity""}"
95729,reflection,Method.invoke,"{""class"": ""com.facebook.react.uimanager.BaseViewManager"", ""method"": ""setOpacity""}"
95737,reflection,Method.invoke,"{""class"": ""com.facebook.react.uimanager.BaseViewManager"", ""method"": ""setTransform""}"
95742,reflection,Method.invoke,"{""class"": ""com.facebook.react.uimanager.BaseViewManager"", ""method"": ""setTransform""}"
95748,reflection,Method.invoke,"{""class"": ""com.facebook.react.uimanager.BaseViewManager"", ""method"": ""setOpacity""}"
95754,reflection,Method.invoke,"{""class"": ""com.facebook.react.views.view.ReactViewManager"", ""method"": ""setBorderColor""}"
95769,reflection,Method.invoke,"{""class"": ""com.facebook.react.uimanager.BaseViewManager"", ""method"": ""setOpacity""}"
95780,reflection,Method.invoke,"{""class"": ""com.facebook.react.uimanager.BaseViewManager"", ""method"": ""setOpacity""}"
95788,reflection,Method.invoke,"{""class"": ""com.facebook.react.uimanager.BaseViewManager"", ""method"": ""setTransform""}"
95794,reflection,Method.invoke,"{""class"": ""com.facebook.react.uimanager.BaseViewManager"", ""method"": ""setTransform""}"
95799,reflection,Method.invoke,"{""class"": ""com.facebook.react.uimanager.BaseViewManager"", ""method"": ""setOpacity""}"
95805,reflection,Method.invoke,"{""class"": ""com.facebook.react.views.view.ReactViewManager"", ""method"": ""setBorderColor""}"
95818,reflection,Method.invoke,"{""class"": ""com.facebook.react.uimanager.BaseViewManager"", ""method"": ""setOpacity""}"
95829,reflection,Method.invoke,"{""class"": ""com.facebook.react.uimanager.BaseViewManager"", ""method"": ""setOpacity""}"
95837,reflection,Method.invoke,"{""class"": ""com.facebook.react.uimanager.BaseViewManager"", ""method"": ""setTransform""}"
95843,reflection,Method.invoke,"{""class"": ""com.facebook.react.uimanager.BaseViewManager"", ""method"": ""setTransform""}"
95848,reflection,Method.invoke,"{""class"": ""com.facebook.react.uimanager.BaseViewManager"", ""method"": ""setOpacity""}"
95854,reflection,Method.invoke,"{""class"": ""com.facebook.react.views.view.ReactViewManager"", ""method"": ""setBorderColor""}"
95867,reflection,Method.invoke,"{""class"": ""com.facebook.react.uimanager.BaseViewManager"", ""method"": ""setOpacity""}"
95880,reflection,Method.invoke,"{""class"": ""com.facebook.react.uimanager.BaseViewManager"", ""method"": ""setOpacity""}"
95888,reflection,Method.invoke,"{""class"": ""com.facebook.react.uimanager.BaseViewManager"", ""method"": ""setTransform""}"
95893,reflection,Method.invoke,"{""class"": ""com.facebook.react.uimanager.BaseViewManager"", ""method"": ""setTransform""}"
95898,reflection,Method.invoke,"{""class"": ""com.facebook.react.uimanager.BaseViewManager"", ""method"": ""setOpacity""}"
95903,reflection,Method.invoke,"{""class"": ""com.facebook.react.views.view.ReactViewManager"", ""method"": ""setBorderColor""}"
95928,reflection,Method.invoke,"{""class"": ""com.facebook.react.uimanager.BaseViewManager"", ""method"": ""setOpacity""}"
95936,reflection,Method.invoke,"{""class"": ""com.facebook.react.uimanager.BaseViewManager"", ""method"": ""setTransform""}"
95942,reflection,Method.invoke,"{""class"": ""com.facebook.react.uimanager.BaseViewManager"", ""method"": ""setTransform""}"
95947,reflection,Method.invoke,"{""class"": ""com.facebook.react.uimanager.BaseViewManager"", ""method"": ""setOpacity""}"
95952,reflection,Method.invoke,"{""class"": ""com.facebook.react.views.view.ReactViewManager"", ""method"": ""setBorderColor""}"
95975,reflection,Method.invoke,"{""class"": ""com.facebook.react.uimanager.BaseViewManager"", ""method"": ""setOpacity""}"
95981,reflection,Method.invoke,"{""class"": ""com.facebook.react.uimanager.BaseViewManager"", ""method"": ""setTransform""}"
95986,reflection,Method.invoke,"{""class"": ""com.facebook.react.uimanager.BaseViewManager"", ""method"": ""setTransform""}"
95992,reflection,Method.invoke,"{""class"": ""com.facebook.react.uimanager.BaseViewManager"", ""method"": ""setOpacity""}"
96002,reflection,Method.invoke,"{""class"": ""com.facebook.react.views.view.ReactViewManager"", ""method"": ""setBorderColor""}"
96024,reflection,Method.invoke,"{""class"": ""com.facebook.react.uimanager.BaseViewManager"", ""method"": ""setOpacity""}"
96029,reflection,Method.invoke,"{""class"": ""com.facebook.react.uimanager.BaseViewManager"", ""method"": ""setTransform""}"
96035,reflection,Method.invoke,"{""class"": ""com.facebook.react.uimanager.BaseViewManager"", ""method"": ""setTransform""}"
96040,reflection,Method.invoke,"{""class"": ""com.facebook.react.uimanager.BaseViewManager"", ""method"": ""setOpacity""}"
96045,reflection,Method.invoke,"{""class"": ""com.facebook.react.views.view.ReactViewManager"", ""method"": ""setBorderColor""}"
96069,reflection,Method.invoke,"{""class"": ""com.facebook.react.uimanager.BaseViewManager"", ""method"": ""setOpacity""}"
96074,reflection,Method.invoke,"{""class"": ""com.facebook.react.uimanager.BaseViewManager"", ""method"": ""setTransform""}"
96085,reflection,Method.invoke,"{""class"": ""com.facebook.react.uimanager.BaseViewManager"", ""method"": ""setTransform""}"
96089,reflection,Method.invoke,"{""class"": ""com.facebook.react.uimanager.BaseViewManager"", ""method"": ""setOpacity""}"
96095,reflection,Method.invoke,"{""class"": ""com.facebook.react.views.view.ReactViewManager"", ""method"": ""setBorderColor""}"
96114,reflection,Method.invoke,"{""class"": ""com.facebook.react.uimanager.BaseViewManager"", ""method"": ""setOpacity""}"
96123,reflection,Method.invoke,"{""class"": ""com.facebook.react.uimanager.BaseViewManager"", ""method"": ""setTransform""}"
96128,reflection,Method.invoke,"{""class"": ""com.facebook.react.uimanager.BaseViewManager"", ""method"": ""setTransform""}"
96134,reflection,Method.invoke,"{""class"": ""com.facebook.react.uimanager.BaseViewManager"", ""method"": ""setOpacity""}"
96139,reflection,Method.invoke,"{""class"": ""com.facebook.react.views.view.ReactViewManager"", ""method"": ""setBorderColor""}"
96158,reflection,Method.invoke,"{""class"": ""com.facebook.react.uimanager.BaseViewManager"", ""method"": ""setOpacity""}"
96163,reflection,Method.invoke,"{""class"": ""com.facebook.react.uimanager.BaseViewManager"", ""method"": ""setTransform""}"
96171,reflection,Method.invoke,"{""class"": ""com.facebook.react.uimanager.BaseViewManager"", ""method"": ""setTransform""}"
96177,reflection,Method.invoke,"{""class"": ""com.facebook.react.uimanager.BaseViewManager"", ""method"": ""setOpacity""}"
96183,reflection,Method.invoke,"{""class"": ""com.facebook.react.views.view.ReactViewManager"", ""method"": ""setBorderColor""}"
96205,reflection,Method.invoke,"{""class"": ""com.facebook.react.uimanager.BaseViewManager"", ""method"": ""setOpacity""}"
96210,reflection,Method.invoke,"{""class"": ""com.facebook.react.uimanager.BaseViewManager"", ""method"": ""setTransform""}"
96216,reflection,Method.invoke,"{""class"": ""com.facebook.react.uimanager.BaseViewManager"", ""method"": ""setTransform""}"
96221,reflection,Method.invoke,"{""class"": ""com.facebook.react.uimanager.BaseViewManager"", ""method"": ""setOpacity""}"
96227,reflection,Method.invoke,"{""class"": ""com.facebook.react.views.view.ReactViewManager"", ""method"": ""setBorderColor""}"
96246,reflection,Method.invoke,"{""class"": ""com.facebook.react.uimanager.BaseViewManager"", ""method"": ""setOpacity""}"
96255,reflection,Method.invoke,"{""class"": ""com.facebook.react.uimanager.BaseViewManager"", ""method"": ""setTransform""}"
96261,reflection,Method.invoke,"{""class"": ""com.facebook.react.uimanager.BaseViewManager"", ""method"": ""setTransform""}"
96266,reflection,Method.invoke,"{""class"": ""com.facebook.react.uimanager.BaseViewManager"", ""method"": ""setOpacity""}"
96273,reflection,Method.invoke,"{""class"": ""com.facebook.react.views.view.ReactViewManager"", ""method"": ""setBorderColor""}"
96292,reflection,Method.invoke,"{""class"": ""com.facebook.react.uimanager.BaseViewManager"", ""method"": ""setOpacity""}"
96306,reflection,Method.invoke,"{""class"": ""com.facebook.react.uimanager.BaseViewManager"", ""method"": ""setTransform""}"
96311,reflection,Method.invoke,"{""class"": ""com.facebook.react.uimanager.BaseViewManager"", ""method"": ""setTransform""}"
96317,reflection,Method.invoke,"{""class"": ""com.facebook.react.uimanager.BaseViewManager"", ""method"": ""setOpacity""}"
96322,reflection,Method.invoke,"{""class"": ""com.facebook.react.views.view.ReactViewManager"", ""method"": ""setBorderColor""}"
96342,reflection,Method.invoke,"{""class"": ""com.facebook.react.uimanager.BaseViewManager"", ""method"": ""setOpacity""}"
96351,reflection,Method.invoke,"{""class"": ""com.facebook.react.uimanager.BaseViewManager"", ""method"": ""setTransform""}"
96357,reflection,Method.invoke,"{""class"": ""com.facebook.react.uimanager.BaseViewManager"", ""method"": ""setTransform""}"
96362,reflection,Method.invoke,"{""class"": ""com.facebook.react.uimanager.BaseViewManager"", ""method"": ""setOpacity""}"
96368,reflection,Method.invoke,"{""class"": ""com.facebook.react.views.view.ReactViewManager"", ""method"": ""setBorderColor""}"
96389,reflection,Method.invoke,"{""class"": ""com.facebook.react.uimanager.BaseViewManager"", ""method"": ""setOpacity""}"
96395,reflection,Method.invoke,"{""class"": ""com.facebook.react.uimanager.BaseViewManager"", ""method"": ""setTransform""}"
96400,reflection,Method.invoke,"{""class"": ""com.facebook.react.uimanager.BaseViewManager"", ""method"": ""setTransform""}"
96405,reflection,Method.invoke,"{""class"": ""com.facebook.react.uimanager.BaseViewManager"", ""method"": ""setOpacity""}"
96411,reflection,Method.invoke,"{""class"": ""com.facebook.react.views.view.ReactViewManager"", ""method"": ""setBorderColor""}"
96430,reflection,Method.invoke,"{""class"": ""com.facebook.react.uimanager.BaseViewManager"", ""method"": ""setOpacity""}"
96439,reflection,Method.invoke,"{""class"": ""com.facebook.react.uimanager.BaseViewManager"", ""method"": ""setTransform""}"
96444,reflection,Method.invoke,"{""class"": ""com.facebook.react.uimanager.BaseViewManager"", ""method"": ""setTransform""}"
96449,reflection,Method.invoke,"{""class"": ""com.facebook.react.uimanager.BaseViewManager"", ""method"": ""setOpacity""}"
96455,reflection,Method.invoke,"{""class"": ""com.facebook.react.views.view.ReactViewManager"", ""method"": ""setBorderColor""}"
96473,reflection,Method.invoke,"{""class"": ""com.facebook.react.uimanager.BaseViewManager"", ""method"": ""setOpacity""}"
96479,reflection,Method.invoke,"{""class"": ""com.facebook.react.uimanager.BaseViewManager"", ""method"": ""setTransform""}"
96488,reflection,Method.invoke,"{""class"": ""com.facebook.react.uimanager.BaseViewManager"", ""method"": ""setTransform""}"
96493,reflection,Method.invoke,"{""class"": ""com.facebook.react.uimanager.BaseViewManager"", ""method"": ""setOpacity""}"
96498,reflection,Method.invoke,"{""class"": ""com.facebook.react.views.view.ReactViewManager"", ""method"": ""setBorderColor""}"
96520,reflection,Method.invoke,"{""class"": ""com.facebook.react.uimanager.BaseViewManager"", ""method"": ""setOpacity""}"
96525,reflection,Method.invoke,"{""class"": ""com.facebook.react.uimanager.BaseViewManager"", ""method"": ""setTransform""}"
96530,reflection,Method.invoke,"{""class"": ""com.facebook.react.uimanager.BaseViewManager"", ""method"": ""setTransform""}"
96536,reflection,Method.invoke,"{""class"": ""com.facebook.react.uimanager.BaseViewManager"", ""method"": ""setOpacity""}"
96541,reflection,Method.invoke,"{""class"": ""com.facebook.react.views.view.ReactViewManager"", ""method"": ""setBorderColor""}"
96562,reflection,Method.invoke,"{""class"": ""com.facebook.react.uimanager.BaseViewManager"", ""method"": ""setOpacity""}"
96570,reflection,Method.invoke,"{""class"": ""com.facebook.react.uimanager.BaseViewManager"", ""method"": ""setTransform""}"
96575,reflection,Method.invoke,"{""class"": ""com.facebook.react.uimanager.BaseViewManager"", ""method"": ""setTransform""}"
96580,reflection,Method.invoke,"{""class"": ""com.facebook.react.uimanager.BaseViewManager"", ""method"": ""setOpacity""}"
96586,reflection,Method.invoke,"{""class"": ""com.facebook.react.views.view.ReactViewManager"", ""method"": ""setBorderColor""}"
96605,reflection,Method.invoke,"{""class"": ""com.facebook.react.uimanager.BaseViewManager"", ""method"": ""setOpacity""}"
96610,reflection,Method.invoke,"{""class"": ""com.facebook.react.uimanager.BaseViewManager"", ""method"": ""setTransform""}"
96619,reflection,Method.invoke,"{""class"": ""com.facebook.react.uimanager.BaseViewManager"", ""method"": ""setTransform""}"
96624,reflection,Method.invoke,"{""class"": ""com.facebook.react.uimanager.BaseViewManager"", ""method"": ""setOpacity""}"
96629,reflection,Method.invoke,"{""class"": ""com.facebook.react.views.view.ReactViewManager"", ""method"": ""setBorderColor""}"
96649,reflection,Method.invoke,"{""class"": ""com.facebook.react.uimanager.BaseViewManager"", ""method"": ""setOpacity""}"
96662,reflection,Method.invoke,"{""class"": ""com.facebook.react.uimanager.BaseViewManager"", ""method"": ""setTransform""}"
96667,reflection,Method.invoke,"{""class"": ""com.facebook.react.uimanager.BaseViewManager"", ""method"": ""setTransform""}"
96672,reflection,Method.invoke,"{""class"": ""com.facebook.react.uimanager.BaseViewManager"", ""method"": ""setOpacity""}"
96678,reflection,Method.invoke,"{""class"": ""com.facebook.react.views.view.ReactViewManager"", ""method"": ""setBorderColor""}"
96697,reflection,Method.invoke,"{""class"": ""com.facebook.react.uimanager.BaseViewManager"", ""method"": ""setOpacity""}"
96705,reflection,Method.invoke,"{""class"": ""com.facebook.react.uimanager.BaseViewManager"", ""method"": ""setTransform""}"
96710,reflection,Method.invoke,"{""class"": ""com.facebook.react.uimanager.BaseViewManager"", ""method"": ""setTransform""}"
96716,reflection,Method.invoke,"{""class"": ""com.facebook.react.uimanager.BaseViewManager"", ""method"": ""setOpacity""}"
96721,reflection,Method.invoke,"{""class"": ""com.facebook.react.views.view.ReactViewManager"", ""method"": ""setBorderColor""}"
96741,reflection,Method.invoke,"{""class"": ""com.facebook.react.uimanager.BaseViewManager"", ""method"": ""setOpacity""}"
96746,reflection,Method.invoke,"{""class"": ""com.facebook.react.uimanager.BaseViewManager"", ""method"": ""setTransform""}"
96755,reflection,Method.invoke,"{""class"": ""com.facebook.react.uimanager.BaseViewManager"", ""method"": ""setTransform""}"
96760,reflection,Method.invoke,"{""class"": ""com.facebook.react.uimanager.BaseViewManager"", ""method"": ""setOpacity""}"
96766,reflection,Method.invoke,"{""class"": ""com.facebook.react.views.view.ReactViewManager"", ""method"": ""setBorderColor""}"
96790,reflection,Method.invoke,"{""class"": ""com.facebook.react.uimanager.BaseViewManager"", ""method"": ""setOpacity""}"
96795,reflection,Method.invoke,"{""class"": ""com.facebook.react.uimanager.BaseViewManager"", ""method"": ""setTransform""}"
96800,reflection,Method.invoke,"{""class"": ""com.facebook.react.uimanager.BaseViewManager"", ""method"": ""setTransform""}"
96807,reflection,Method.invoke,"{""class"": ""com.facebook.react.uimanager.BaseViewManager"", ""method"": ""setOpacity""}"
96812,reflection,Method.invoke,"{""class"": ""com.facebook.react.views.view.ReactViewManager"", ""method"": ""setBorderColor""}"
96837,reflection,Method.invoke,"{""class"": ""com.facebook.react.uimanager.BaseViewManager"", ""method"": ""setOpacity""}"
96843,reflection,Method.invoke,"{""class"": ""com.facebook.react.uimanager.BaseViewManager"", ""method"": ""setTransform""}"
96848,reflection,Method.invoke,"{""class"": ""com.facebook.react.uimanager.BaseViewManager"", ""method"": ""setTransform""}"
96854,reflection,Method.invoke,"{""class"": ""com.facebook.react.uimanager.BaseViewManager"", ""method"": ""setOpacity""}"
96859,reflection,Method.invoke,"{""class"": ""com.facebook.react.views.view.ReactViewManager"", ""method"": ""setBorderColor""}"
96880,reflection,Method.invoke,"{""class"": ""com.facebook.react.uimanager.BaseViewManager"", ""method"": ""setOpacity""}"
96889,reflection,Method.invoke,"{""class"": ""com.facebook.react.uimanager.BaseViewManager"", ""method"": ""setTransform""}"
96894,reflection,Method.invoke,"{""class"": ""com.facebook.react.uimanager.BaseViewManager"", ""method"": ""setTransform""}"
96899,reflection,Method.invoke,"{""class"": ""com.facebook.react.uimanager.BaseViewManager"", ""method"": ""setOpacity""}"
96905,reflection,Method.invoke,"{""class"": ""com.facebook.react.views.view.ReactViewManager"", ""method"": ""setBorderColor""}"
96925,reflection,Method.invoke,"{""class"": ""com.facebook.react.uimanager.BaseViewManager"", ""method"": ""setOpacity""}"
96931,reflection,Method.invoke,"{""class"": ""com.facebook.react.uimanager.BaseViewManager"", ""method"": ""setTransform""}"
96939,reflection,Method.invoke,"{""class"": ""com.facebook.react.uimanager.BaseViewManager"", ""method"": ""setTransform""}"
96944,reflection,Method.invoke,"{""class"": ""com.facebook.react.uimanager.BaseViewManager"", ""method"": ""setOpacity""}"
96950,reflection,Method.invoke,"{""class"": ""com.facebook.react.views.view.ReactViewManager"", ""method"": ""setBorderColor""}"
96973,reflection,Method.invoke,"{""class"": ""com.facebook.react.uimanager.BaseViewManager"", ""method"": ""setOpacity""}"
96978,reflection,Method.invoke,"{""class"": ""com.facebook.react.uimanager.BaseViewManager"", ""method"": ""setTransform""}"
96983,reflection,Method.invoke,"{""class"": ""com.facebook.react.uimanager.BaseViewManager"", ""method"": ""setTransform""}"
96995,reflection,Method.invoke,"{""class"": ""com.facebook.react.uimanager.BaseViewManager"", ""method"": ""setOpacity""}"
97000,reflection,Method.invoke,"{""class"": ""com.facebook.react.views.view.ReactViewManager"", ""method"": ""setBorderColor""}"
97021,reflection,Method.invoke,"{""class"": ""com.facebook.react.uimanager.BaseViewManager"", ""method"": ""setOpacity""}"
97027,reflection,Method.invoke,"{""class"": ""com.facebook.react.uimanager.BaseViewManager"", ""method"": ""setTransform""}"
97032,reflection,Method.invoke,"{""class"": ""com.facebook.react.uimanager.BaseViewManager"", ""method"": ""setTransform""}"
97037,reflection,Method.invoke,"{""class"": ""com.facebook.react.uimanager.BaseViewManager"", ""method"": ""setOpacity""}"
97043,reflection,Method.invoke,"{""class"": ""com.facebook.react.views.view.ReactViewManager"", ""method"": ""setBorderColor""}"
97063,reflection,Method.invoke,"{""class"": ""com.facebook.react.uimanager.BaseViewManager"", ""method"": ""setOpacity""}"
97071,reflection,Method.invoke,"{""class"": ""com.facebook.react.uimanager.BaseViewManager"", ""method"": ""setTransform""}"
97077,reflection,Method.invoke,"{""class"": ""com.facebook.react.uimanager.BaseViewManager"", ""method"": ""setTransform""}"
97082,reflection,Method.invoke,"{""class"": ""com.facebook.react.uimanager.BaseViewManager"", ""method"": ""setOpacity""}"
97087,reflection,Method.invoke,"{""class"": ""com.facebook.react.views.view.ReactViewManager"", ""method"": ""setBorderColor""}"
97120,reflection,Method.invoke,"{""class"": ""com.facebook.react.uimanager.BaseViewManager"", ""method"": ""setOpacity""}"
97128,reflection,Method.invoke,"{""class"": ""com.facebook.react.uimanager.BaseViewManager"", ""method"": ""setTransform""}"
97148,reflection,Method.invoke,"{""class"": ""com.facebook.react.uimanager.BaseViewManager"", ""method"": ""setTransform""}"
97156,reflection,Method.invoke,"{""class"": ""com.facebook.react.uimanager.BaseViewManager"", ""method"": ""setOpacity""}"
97161,reflection,Method.invoke,"{""class"": ""com.facebook.react.views.view.ReactViewManager"", ""method"": ""setBorderColor""}"
98896,reflection,Method.invoke,"{""class"": ""com.facebook.react.uimanager.BaseViewManager"", ""method"": ""setOpacity""}"
98907,reflection,Method.invoke,"{""class"": ""com.facebook.react.uimanager.BaseViewManager"", ""method"": ""setTransform""}"
98911,reflection,Method.invoke,"{""class"": ""com.facebook.react.uimanager.BaseViewManager"", ""method"": ""setTransform""}"
98916,reflection,Method.invoke,"{""class"": ""com.facebook.react.uimanager.BaseViewManager"", ""method"": ""setOpacity""}"
98921,reflection,Method.invoke,"{""class"": ""com.facebook.react.views.view.ReactViewManager"", ""method"": ""setBorderColor""}"
98929,reflection,Method.invoke,"{""class"": ""com.facebook.react.uimanager.BaseViewManager"", ""method"": ""setOpacity""}"
98940,reflection,Method.invoke,"{""class"": ""com.facebook.react.uimanager.BaseViewManager"", ""method"": ""setOpacity""}"
98945,reflection,Method.invoke,"{""class"": ""com.facebook.react.uimanager.BaseViewManager"", ""method"": ""setTransform""}"
98950,reflection,Method.invoke,"{""class"": ""com.facebook.react.uimanager.BaseViewManager"", ""method"": ""setTransform""}"
98955,reflection,Method.invoke,"{""class"": ""com.facebook.react.uimanager.BaseViewManager"", ""method"": ""setOpacity""}"
98960,reflection,Method.invoke,"{""class"": ""com.facebook.react.views.view.ReactViewManager"", ""method"": ""setBorderColor""}"
98976,reflection,Method.invoke,"{""class"": ""com.facebook.react.uimanager.BaseViewManager"", ""method"": ""setOpacity""}"
98990,reflection,Method.invoke,"{""class"": ""com.facebook.react.uimanager.BaseViewManager"", ""method"": ""setOpacity""}"
98995,reflection,Method.invoke,"{""class"": ""com.facebook.react.uimanager.BaseViewManager"", ""method"": ""setTransform""}"
99000,reflection,Method.invoke,"{""class"": ""com.facebook.react.uimanager.BaseViewManager"", ""method"": ""setTransform""}"
99005,reflection,Method.invoke,"{""class"": ""com.facebook.react.uimanager.BaseViewManager"", ""method"": ""setOpacity""}"
99010,reflection,Method.invoke,"{""class"": ""com.facebook.react.views.view.ReactViewManager"", ""method"": ""setBorderColor""}"
99023,reflection,Method.invoke,"{""class"": ""com.facebook.react.uimanager.BaseViewManager"", ""method"": ""setOpacity""}"
99037,reflection,Method.invoke,"{""class"": ""com.facebook.react.uimanager.BaseViewManager"", ""method"": ""setOpacity""}"
99038,reflection,Method.invoke,"{""class"": ""com.facebook.react.uimanager.BaseViewManager"", ""method"": ""setTransform""}"
99039,reflection,Method.invoke,"{""class"": ""com.facebook.react.uimanager.BaseViewManager"", ""method"": ""setTransform""}"
99040,reflection,Method.invoke,"{""class"": ""com.facebook.react.uimanager.BaseViewManager"", ""method"": ""setOpacity""}"
99040,reflection,Method.invoke,"{""class"": ""com.facebook.react.views.view.ReactViewManager"", ""method"": ""setBorderColor""}"
99044,reflection,Method.invoke,"{""class"": ""com.facebook.react.uimanager.BaseViewManager"", ""method"": ""setOpacity""}"
99051,reflection,Method.invoke,"{""class"": ""com.facebook.react.uimanager.BaseViewManager"", ""method"": ""setOpacity""}"
99054,reflection,Method.invoke,"{""class"": ""com.facebook.react.uimanager.BaseViewManager"", ""method"": ""setTransform""}"
99054,reflection,Method.invoke,"{""class"": ""com.facebook.react.uimanager.BaseViewManager"", ""method"": ""setTransform""}"
99055,reflection,Method.invoke,"{""class"": ""com.facebook.react.uimanager.BaseViewManager"", ""method"": ""setOpacity""}"
99056,reflection,Method.invoke,"{""class"": ""com.facebook.react.views.view.ReactViewManager"", ""method"": ""setBorderColor""}"
99064,reflection,Method.invoke,"{""class"": ""com.facebook.react.uimanager.BaseViewManager"", ""method"": ""setOpacity""}"
99065,reflection,Method.invoke,"{""class"": ""com.facebook.react.uimanager.BaseViewManager"", ""method"": ""setOpacity""}"
99066,reflection,Method.invoke,"{""class"": ""com.facebook.react.uimanager.BaseViewManager"", ""method"": ""setTransform""}"
99066,reflection,Method.invoke,"{""class"": ""com.facebook.react.uimanager.BaseViewManager"", ""method"": ""setTransform""}"
99066,reflection,Method.invoke,"{""class"": ""com.facebook.react.uimanager.BaseViewManager"", ""method"": ""setOpacity""}"
99067,reflection,Method.invoke,"{""class"": ""com.facebook.react.views.view.ReactViewManager"", ""method"": ""setBorderColor""}"
99079,reflection,Method.invoke,"{""class"": ""com.facebook.react.uimanager.BaseViewManager"", ""method"": ""setOpacity""}"
99081,reflection,Method.invoke,"{""class"": ""com.facebook.react.uimanager.BaseViewManager"", ""method"": ""setOpacity""}"
99084,reflection,Method.invoke,"{""class"": ""com.facebook.react.uimanager.BaseViewManager"", ""method"": ""setTransform""}"
99086,reflection,Method.invoke,"{""class"": ""com.facebook.react.uimanager.BaseViewManager"", ""method"": ""setTransform""}"
99087,reflection,Method.invoke,"{""class"": ""com.facebook.react.uimanager.BaseViewManager"", ""method"": ""setOpacity""}"
99087,reflection,Method.invoke,"{""class"": ""com.facebook.react.views.view.ReactViewManager"", ""method"": ""setBorderColor""}"
99096,reflection,Method.invoke,"{""class"": ""com.facebook.react.uimanager.BaseViewManager"", ""method"": ""setOpacity""}"
99098,reflection,Method.invoke,"{""class"": ""com.facebook.react.uimanager.BaseViewManager"", ""method"": ""setOpacity""}"
99099,reflection,Method.invoke,"{""class"": ""com.facebook.react.uimanager.BaseViewManager"", ""method"": ""setTransform""}"
99100,reflection,Method.invoke,"{""class"": ""com.facebook.react.uimanager.BaseViewManager"", ""method"": ""setTransform""}"
99101,reflection,Method.invoke,"{""class"": ""com.facebook.react.uimanager.BaseViewManager"", ""method"": ""setOpacity""}"
99101,reflection,Method.invoke,"{""class"": ""com.facebook.react.views.view.ReactViewManager"", ""method"": ""setBorderColor""}"
99114,reflection,Method.invoke,"{""class"": ""com.facebook.react.uimanager.BaseViewManager"", ""method"": ""setOpacity""}"
99115,reflection,Method.invoke,"{""class"": ""com.facebook.react.uimanager.BaseViewManager"", ""method"": ""setOpacity""}"
99116,reflection,Method.invoke,"{""class"": ""com.facebook.react.uimanager.BaseViewManager"", ""method"": ""setTransform""}"
99116,reflection,Method.invoke,"{""class"": ""com.facebook.react.uimanager.BaseViewManager"", ""method"": ""setTransform""}"
99116,reflection,Method.invoke,"{""class"": ""com.facebook.react.uimanager.BaseViewManager"", ""method"": ""setOpacity""}"
99117,reflection,Method.invoke,"{""class"": ""com.facebook.react.views.view.ReactViewManager"", ""method"": ""setBorderColor""}"
99131,reflection,Method.invoke,"{""class"": ""com.facebook.react.uimanager.BaseViewManager"", ""method"": ""setOpacity""}"
99135,reflection,Method.invoke,"{""class"": ""com.facebook.react.uimanager.BaseViewManager"", ""method"": ""setOpacity""}"
99135,reflection,Method.invoke,"{""class"": ""com.facebook.react.uimanager.BaseViewManager"", ""method"": ""setTransform""}"
99136,reflection,Method.invoke,"{""class"": ""com.facebook.react.uimanager.BaseViewManager"", ""method"": ""setTransform""}"
99137,reflection,Method.invoke,"{""class"": ""com.facebook.react.uimanager.BaseViewManager"", ""method"": ""setOpacity""}"
99137,reflection,Method.invoke,"{""class"": ""com.facebook.react.views.view.ReactViewManager"", ""method"": ""setBorderColor""}"
99148,reflection,Method.invoke,"{""class"": ""com.facebook.react.uimanager.BaseViewManager"", ""method"": ""setOpacity""}"
99150,reflection,Method.invoke,"{""class"": ""com.facebook.react.uimanager.BaseViewManager"", ""method"": ""setOpacity""}"
99151,reflection,Method.invoke,"{""class"": ""com.facebook.react.uimanager.BaseViewManager"", ""method"": ""setTransform""}"
99152,reflection,Method.invoke,"{""class"": ""com.facebook.react.uimanager.BaseViewManager"", ""method"": ""setTransform""}"
99153,reflection,Method.invoke,"{""class"": ""com.facebook.react.uimanager.BaseViewManager"", ""method"": ""setOpacity""}"
99153,reflection,Method.invoke,"{""class"": ""com.facebook.react.views.view.ReactViewManager"", ""method"": ""setBorderColor""}"
99164,reflection,Method.invoke,"{""class"": ""com.facebook.react.uimanager.BaseViewManager"", ""method"": ""setOpacity""}"
99168,reflection,Method.invoke,"{""class"": ""com.facebook.react.uimanager.BaseViewManager"", ""method"": ""setOpacity""}"
99169,reflection,Method.invoke,"{""class"": ""com.facebook.react.uimanager.BaseViewManager"", ""method"": ""setTransform""}"
99171,reflection,Method.invoke,"{""class"": ""com.facebook.react.uimanager.BaseViewManager"", ""method"": ""setTransform""}"
99172,reflection,Method.invoke,"{""class"": ""com.facebook.react.uimanager.BaseViewManager"", ""method"": ""setOpacity""}"
99172,reflection,Method.invoke,"{""class"": ""com.facebook.react.views.view.ReactViewManager"", ""method"": ""setBorderColor""}"
99183,reflection,Method.invoke,"{""class"": ""com.facebook.react.uimanager.BaseViewManager"", ""method"": ""setOpacity""}"
99183,reflection,Method.invoke,"{""class"": ""com.facebook.react.uimanager.BaseViewManager"", ""method"": ""setTransform""}"
99184,reflection,Method.invoke,"{""class"": ""com.facebook.react.uimanager.BaseViewManager"", ""method"": ""setTransform""}"
99185,reflection,Method.invoke,"{""class"": ""com.facebook.react.uimanager.BaseViewManager"", ""method"": ""setOpacity""}"
99186,reflection,Method.invoke,"{""class"": ""com.facebook.react.views.view.ReactViewManager"", ""method"": ""setBorderColor""}"
99198,reflection,Method.invoke,"{""class"": ""com.facebook.react.uimanager.BaseViewManager"", ""method"": ""setOpacity""}"
99199,reflection,Method.invoke,"{""class"": ""com.facebook.react.uimanager.BaseViewManager"", ""method"": ""setTransform""}"
99204,reflection,Method.invoke,"{""class"": ""com.facebook.react.uimanager.BaseViewManager"", ""method"": ""setTransform""}"
99206,reflection,Method.invoke,"{""class"": ""com.facebook.react.uimanager.BaseViewManager"", ""method"": ""setOpacity""}"
99207,reflection,Method.invoke,"{""class"": ""com.facebook.react.views.view.ReactViewManager"", ""method"": ""setBorderColor""}"
99216,reflection,Method.invoke,"{""class"": ""com.facebook.react.uimanager.BaseViewManager"", ""method"": ""setOpacity""}"
99216,reflection,Method.invoke,"{""class"": ""com.facebook.react.uimanager.BaseViewManager"", ""method"": ""setTransform""}"
99217,reflection,Method.invoke,"{""class"": ""com.facebook.react.uimanager.BaseViewManager"", ""method"": ""setTransform""}"
99218,reflection,Method.invoke,"{""class"": ""com.facebook.react.uimanager.BaseViewManager"", ""method"": ""setOpacity""}"
99219,reflection,Method.invoke,"{""class"": ""com.facebook.react.views.view.ReactViewManager"", ""method"": ""setBorderColor""}"
99232,reflection,Method.invoke,"{""class"": ""com.facebook.react.uimanager.BaseViewManager"", ""method"": ""setOpacity""}"
99234,reflection,Method.invoke,"{""class"": ""com.facebook.react.uimanager.BaseViewManager"", ""method"": ""setTransform""}"
99234,reflection,Method.invoke,"{""class"": ""com.facebook.react.uimanager.BaseViewManager"", ""method"": ""setTransform""}"
99235,reflection,Method.invoke,"{""class"": ""com.facebook.react.uimanager.BaseViewManager"", ""method"": ""setOpacity""}"
99236,reflection,Method.invoke,"{""class"": ""com.facebook.react.views.view.ReactViewManager"", ""method"": ""setBorderColor""}"
99248,reflection,Method.invoke,"{""class"": ""com.facebook.react.uimanager.BaseViewManager"", ""method"": ""setOpacity""}"
99249,reflection,Method.invoke,"{""class"": ""com.facebook.react.uimanager.BaseViewManager"", ""method"": ""setTransform""}"
99249,reflection,Method.invoke,"{""class"": ""com.facebook.react.uimanager.BaseViewManager"", ""method"": ""setTransform""}"
99249,reflection,Method.invoke,"{""class"": ""com.facebook.react.uimanager.BaseViewManager"", ""method"": ""setOpacity""}"
99249,reflection,Method.invoke,"{""class"": ""com.facebook.react.views.view.ReactViewManager"", ""method"": ""setBorderColor""}"
99265,reflection,Method.invoke,"{""class"": ""com.facebook.react.uimanager.BaseViewManager"", ""method"": ""setOpacity""}"
99266,reflection,Method.invoke,"{""class"": ""com.facebook.react.uimanager.BaseViewManager"", ""method"": ""setTransform""}"
99266,reflection,Method.invoke,"{""class"": ""com.facebook.react.uimanager.BaseViewManager"", ""method"": ""setTransform""}"
99266,reflection,Method.invoke,"{""class"": ""com.facebook.react.uimanager.BaseViewManager"", ""method"": ""setOpacity""}"
99266,reflection,Method.invoke,"{""class"": ""com.facebook.react.views.view.ReactViewManager"", ""method"": ""setBorderColor""}"
99283,reflection,Method.invoke,"{""class"": ""com.facebook.react.uimanager.BaseViewManager"", ""method"": ""setOpacity""}"
99284,reflection,Method.invoke,"{""class"": ""com.facebook.react.uimanager.BaseViewManager"", ""method"": ""setTransform""}"
99284,reflection,Method.invoke,"{""class"": ""com.facebook.react.uimanager.BaseViewManager"", ""method"": ""setTransform""}"
99286,reflection,Method.invoke,"{""class"": ""com.facebook.react.uimanager.BaseViewManager"", ""method"": ""setOpacity""}"
99287,reflection,Method.invoke,"{""class"": ""com.facebook.react.views.view.ReactViewManager"", ""method"": ""setBorderColor""}"
99300,reflection,Method.invoke,"{""class"": ""com.facebook.react.uimanager.BaseViewManager"", ""method"": ""setOpacity""}"
99301,reflection,Method.invoke,"{""class"": ""com.facebook.react.uimanager.BaseViewManager"", ""method"": ""setTransform""}"
99302,reflection,Method.invoke,"{""class"": ""com.facebook.react.uimanager.BaseViewManager"", ""method"": ""setTransform""}"
99303,reflection,Method.invoke,"{""class"": ""com.facebook.react.uimanager.BaseViewManager"", ""method"": ""setOpacity""}"
99303,reflection,Method.invoke,"{""class"": ""com.facebook.react.views.view.ReactViewManager"", ""method"": ""setBorderColor""}"
99315,reflection,Method.invoke,"{""class"": ""com.facebook.react.uimanager.BaseViewManager"", ""method"": ""setOpacity""}"
99315,reflection,Method.invoke,"{""class"": ""com.facebook.react.uimanager.BaseViewManager"", ""method"": ""setTransform""}"
99316,reflection,Method.invoke,"{""class"": ""com.facebook.react.uimanager.BaseViewManager"", ""method"": ""setTransform""}"
99316,reflection,Method.invoke,"{""class"": ""com.facebook.react.uimanager.BaseViewManager"", ""method"": ""setOpacity""}"
99316,reflection,Method.invoke,"{""class"": ""com.facebook.react.views.view.ReactViewManager"", ""method"": ""setBorderColor""}"
99332,reflection,Method.invoke,"{""class"": ""com.facebook.react.uimanager.BaseViewManager"", ""method"": ""setOpacity""}"
99333,reflection,Method.invoke,"{""class"": ""com.facebook.react.uimanager.BaseViewManager"", ""method"": ""setTransform""}"
99334,reflection,Method.invoke,"{""class"": ""com.facebook.react.uimanager.BaseViewManager"", ""method"": ""setTransform""}"
99335,reflection,Method.invoke,"{""class"": ""com.facebook.react.uimanager.BaseViewManager"", ""method"": ""setOpacity""}"
99335,reflection,Method.invoke,"{""class"": ""com.facebook.react.views.view.ReactViewManager"", ""method"": ""setBorderColor""}"
99350,reflection,Method.invoke,"{""class"": ""com.facebook.react.uimanager.BaseViewManager"", ""method"": ""setOpacity""}"
99351,reflection,Method.invoke,"{""class"": ""com.facebook.react.uimanager.BaseViewManager"", ""method"": ""setTransform""}"
99352,reflection,Method.invoke,"{""class"": ""com.facebook.react.uimanager.BaseViewManager"", ""method"": ""setTransform""}"
99352,reflection,Method.invoke,"{""class"": ""com.facebook.react.uimanager.BaseViewManager"", ""method"": ""setOpacity""}"
99354,reflection,Method.invoke,"{""class"": ""com.facebook.react.views.view.ReactViewManager"", ""method"": ""setBorderColor""}"
99367,reflection,Method.invoke,"{""class"": ""com.facebook.react.uimanager.BaseViewManager"", ""method"": ""setOpacity""}"
99367,reflection,Method.invoke,"{""class"": ""com.facebook.react.uimanager.BaseViewManager"", ""method"": ""setTransform""}"
99368,reflection,Method.invoke,"{""class"": ""com.facebook.react.uimanager.BaseViewManager"", ""method"": ""setTransform""}"
99368,reflection,Method.invoke,"{""class"": ""com.facebook.react.uimanager.BaseViewManager"", ""method"": ""setOpacity""}"
99368,reflection,Method.invoke,"{""class"": ""com.facebook.react.views.view.ReactViewManager"", ""method"": ""setBorderColor""}"
99382,reflection,Method.invoke,"{""class"": ""com.facebook.react.uimanager.BaseViewManager"", ""method"": ""setOpacity""}"
99384,reflection,Method.invoke,"{""class"": ""com.facebook.react.uimanager.BaseViewManager"", ""method"": ""setTransform""}"
99384,reflection,Method.invoke,"{""class"": ""com.facebook.react.uimanager.BaseViewManager"", ""method"": ""setTransform""}"
99384,reflection,Method.invoke,"{""class"": ""com.facebook.react.uimanager.BaseViewManager"", ""method"": ""setOpacity""}"
99385,reflection,Method.invoke,"{""class"": ""com.facebook.react.views.view.ReactViewManager"", ""method"": ""setBorderColor""}"
99398,reflection,Method.invoke,"{""class"": ""com.facebook.react.uimanager.BaseViewManager"", ""method"": ""setOpacity""}"
99399,reflection,Method.invoke,"{""class"": ""com.facebook.react.uimanager.BaseViewManager"", ""method"": ""setTransform""}"
99399,reflection,Method.invoke,"{""class"": ""com.facebook.react.uimanager.BaseViewManager"", ""method"": ""setTransform""}"
99399,reflection,Method.invoke,"{""class"": ""com.facebook.react.uimanager.BaseViewManager"", ""method"": ""setOpacity""}"
99399,reflection,Method.invoke,"{""class"": ""com.facebook.react.views.view.ReactViewManager"", ""method"": ""setBorderColor""}"
99415,reflection,Method.invoke,"{""class"": ""com.facebook.react.uimanager.BaseViewManager"", ""method"": ""setOpacity""}"
99418,reflection,Method.invoke,"{""class"": ""com.facebook.react.uimanager.BaseViewManager"", ""method"": ""setTransform""}"
99419,reflection,Method.invoke,"{""class"": ""com.facebook.react.uimanager.BaseViewManager"", ""method"": ""setTransform""}"
99419,reflection,Method.invoke,"{""class"": ""com.facebook.react.uimanager.BaseViewManager"", ""method"": ""setOpacity""}"
99420,reflection,Method.invoke,"{""class"": ""com.facebook.react.views.view.ReactViewManager"", ""method"": ""setBorderColor""}"
99432,reflection,Method.invoke,"{""class"": ""com.facebook.react.uimanager.BaseViewManager"", ""method"": ""setOpacity""}"
99432,reflection,Method.invoke,"{""class"": ""com.facebook.react.uimanager.BaseViewManager"", ""method"": ""setTransform""}"
99432,reflection,Method.invoke,"{""class"": ""com.facebook.react.uimanager.BaseViewManager"", ""method"": ""setTransform""}"
99432,reflection,Method.invoke,"{""class"": ""com.facebook.react.uimanager.BaseViewManager"", ""method"": ""setOpacity""}"
99433,reflection,Method.invoke,"{""class"": ""com.facebook.react.views.view.ReactViewManager"", ""method"": ""setBorderColor""}"
99449,reflection,Method.invoke,"{""class"": ""com.facebook.react.uimanager.BaseViewManager"", ""method"": ""setOpacity""}"
99449,reflection,Method.invoke,"{""class"": ""com.facebook.react.uimanager.BaseViewManager"", ""method"": ""setTransform""}"
99449,reflection,Method.invoke,"{""class"": ""com.facebook.react.uimanager.BaseViewManager"", ""method"": ""setTransform""}"
99450,reflection,Method.invoke,"{""class"": ""com.facebook.react.uimanager.BaseViewManager"", ""method"": ""setOpacity""}"
99450,reflection,Method.invoke,"{""class"": ""com.facebook.react.views.view.ReactViewManager"", ""method"": ""setBorderColor""}"
99465,reflection,Method.invoke,"{""class"": ""com.facebook.react.uimanager.BaseViewManager"", ""method"": ""setOpacity""}"
99466,reflection,Method.invoke,"{""class"": ""com.facebook.react.uimanager.BaseViewManager"", ""method"": ""setTransform""}"
99470,reflection,Method.invoke,"{""class"": ""com.facebook.react.uimanager.BaseViewManager"", ""method"": ""setTransform""}"
99470,reflection,Method.invoke,"{""class"": ""com.facebook.react.uimanager.BaseViewManager"", ""method"": ""setOpacity""}"
99471,reflection,Method.invoke,"{""class"": ""com.facebook.react.views.view.ReactViewManager"", ""method"": ""setBorderColor""}"
99482,reflection,Method.invoke,"{""class"": ""com.facebook.react.uimanager.BaseViewManager"", ""method"": ""setOpacity""}"
99483,reflection,Method.invoke,"{""class"": ""com.facebook.react.uimanager.BaseViewManager"", ""method"": ""setTransform""}"
99484,reflection,Method.invoke,"{""class"": ""com.facebook.react.uimanager.BaseViewManager"", ""method"": ""setTransform""}"
99486,reflection,Method.invoke,"{""class"": ""com.facebook.react.uimanager.BaseViewManager"", ""method"": ""setOpacity""}"
99488,reflection,Method.invoke,"{""class"": ""com.facebook.react.views.view.ReactViewManager"", ""method"": ""setBorderColor""}"
99498,reflection,Method.invoke,"{""class"": ""com.facebook.react.uimanager.BaseViewManager"", ""method"": ""setOpacity""}"
99499,reflection,Method.invoke,"{""class"": ""com.facebook.react.uimanager.BaseViewManager"", ""method"": ""setTransform""}"
99499,reflection,Method.invoke,"{""class"": ""com.facebook.react.uimanager.BaseViewManager"", ""method"": ""setTransform""}"
99500,reflection,Method.invoke,"{""class"": ""com.facebook.react.uimanager.BaseViewManager"", ""method"": ""setOpacity""}"
99503,reflection,Method.invoke,"{""class"": ""com.facebook.react.views.view.ReactViewManager"", ""method"": ""setBorderColor""}"
99515,reflection,Method.invoke,"{""class"": ""com.facebook.react.uimanager.BaseViewManager"", ""method"": ""setOpacity""}"
99516,reflection,Method.invoke,"{""class"": ""com.facebook.react.uimanager.BaseViewManager"", ""method"": ""setTransform""}"
99517,reflection,Method.invoke,"{""class"": ""com.facebook.react.uimanager.BaseViewManager"", ""method"": ""setTransform""}"
99518,reflection,Method.invoke,"{""class"": ""com.facebook.react.uimanager.BaseViewManager"", ""method"": ""setOpacity""}"
99519,reflection,Method.invoke,"{""class"": ""com.facebook.react.views.view.ReactViewManager"", ""method"": ""setBorderColor""}"
99532,reflection,Method.invoke,"{""class"": ""com.facebook.react.uimanager.BaseViewManager"", ""method"": ""setOpacity""}"
99534,reflection,Method.invoke,"{""class"": ""com.facebook.react.uimanager.BaseViewManager"", ""method"": ""setTransform""}"
99535,reflection,Method.invoke,"{""class"": ""com.facebook.react.uimanager.BaseViewManager"", ""method"": ""setTransform""}"
99536,reflection,Method.invoke,"{""class"": ""com.facebook.react.uimanager.BaseViewManager"", ""method"": ""setOpacity""}"
99537,reflection,Method.invoke,"{""class"": ""com.facebook.react.views.view.ReactViewManager"", ""method"": ""setBorderColor""}"
99549,reflection,Method.invoke,"{""class"": ""com.facebook.react.uimanager.BaseViewManager"", ""method"": ""setOpacity""}"
99550,reflection,Method.invoke,"{""class"": ""com.facebook.react.uimanager.BaseViewManager"", ""method"": ""setTransform""}"
99551,reflection,Method.invoke,"{""class"": ""com.facebook.react.uimanager.BaseViewManager"", ""method"": ""setTransform""}"
99552,reflection,Method.invoke,"{""class"": ""com.facebook.react.uimanager.BaseViewManager"", ""method"": ""setOpacity""}"
99552,reflection,Method.invoke,"{""class"": ""com.facebook.react.views.view.ReactViewManager"", ""method"": ""setBorderColor""}"
99567,reflection,Method.invoke,"{""class"": ""com.facebook.react.uimanager.BaseViewManager"", ""method"": ""setOpacity""}"
99568,reflection,Method.invoke,"{""class"": ""com.facebook.react.uimanager.BaseViewManager"", ""method"": ""setTransform""}"
99569,reflection,Method.invoke,"{""class"": ""com.facebook.react.uimanager.BaseViewManager"", ""method"": ""setTransform""}"
99571,reflection,Method.invoke,"{""class"": ""com.facebook.react.uimanager.BaseViewManager"", ""method"": ""setOpacity""}"
99571,reflection,Method.invoke,"{""class"": ""com.facebook.react.views.view.ReactViewManager"", ""method"": ""setBorderColor""}"
99583,reflection,Method.invoke,"{""class"": ""com.facebook.react.uimanager.BaseViewManager"", ""method"": ""setOpacity""}"
99583,reflection,Method.invoke,"{""class"": ""com.facebook.react.uimanager.BaseViewManager"", ""method"": ""setTransform""}"
99584,reflection,Method.invoke,"{""class"": ""com.facebook.react.uimanager.BaseViewManager"", ""method"": ""setTransform""}"
99584,reflection,Method.invoke,"{""class"": ""com.facebook.react.uimanager.BaseViewManager"", ""method"": ""setOpacity""}"
99584,reflection,Method.invoke,"{""class"": ""com.facebook.react.views.view.ReactViewManager"", ""method"": ""setBorderColor""}"
99598,reflection,Method.invoke,"{""class"": ""com.facebook.react.uimanager.BaseViewManager"", ""method"": ""setOpacity""}"
99602,reflection,Method.invoke,"{""class"": ""com.facebook.react.uimanager.BaseViewManager"", ""method"": ""setTransform""}"
99603,reflection,Method.invoke,"{""class"": ""com.facebook.react.uimanager.BaseViewManager"", ""method"": ""setTransform""}"
99604,reflection,Method.invoke,"{""class"": ""com.facebook.react.uimanager.BaseViewManager"", ""method"": ""setOpacity""}"
99604,reflection,Method.invoke,"{""class"": ""com.facebook.react.views.view.ReactViewManager"", ""method"": ""setBorderColor""}"
99615,reflection,Method.invoke,"{""class"": ""com.facebook.react.uimanager.BaseViewManager"", ""method"": ""setOpacity""}"
99616,reflection,Method.invoke,"{""class"": ""com.facebook.react.uimanager.BaseViewManager"", ""method"": ""setTransform""}"
99616,reflection,Method.invoke,"{""class"": ""com.facebook.react.uimanager.BaseViewManager"", ""method"": ""setTransform""}"
99616,reflection,Method.invoke,"{""class"": ""com.facebook.react.uimanager.BaseViewManager"", ""method"": ""setOpacity""}"
99616,reflection,Method.invoke,"{""class"": ""com.facebook.react.views.view.ReactViewManager"", ""method"": ""setBorderColor""}"
99632,reflection,Method.invoke,"{""class"": ""com.facebook.react.uimanager.BaseViewManager"", ""method"": ""setOpacity""}"
99632,reflection,Method.invoke,"{""class"": ""com.facebook.react.uimanager.BaseViewManager"", ""method"": ""setTransform""}"
99632,reflection,Method.invoke,"{""class"": ""com.facebook.react.uimanager.BaseViewManager"", ""method"": ""setTransform""}"
99632,reflection,Method.invoke,"{""class"": ""com.facebook.react.uimanager.BaseViewManager"", ""method"": ""setOpacity""}"
99633,reflection,Method.invoke,"{""class"": ""com.facebook.react.views.view.ReactViewManager"", ""method"": ""setBorderColor""}"
99649,reflection,Method.invoke,"{""class"": ""com.facebook.react.uimanager.BaseViewManager"", ""method"": ""setOpacity""}"
99649,reflection,Method.invoke,"{""class"": ""com.facebook.react.uimanager.BaseViewManager"", ""method"": ""setTransform""}"
99649,reflection,Method.invoke,"{""class"": ""com.facebook.react.uimanager.BaseViewManager"", ""method"": ""setTransform""}"
99649,reflection,Method.invoke,"{""class"": ""com.facebook.react.uimanager.BaseViewManager"", ""method"": ""setOpacity""}"
99650,reflection,Method.invoke,"{""class"": ""com.facebook.react.views.view.ReactViewManager"", ""method"": ""setBorderColor""}"
99665,reflection,Method.invoke,"{""class"": ""com.facebook.react.uimanager.BaseViewManager"", ""method"": ""setOpacity""}"
99666,reflection,Method.invoke,"{""class"": ""com.facebook.react.uimanager.BaseViewManager"", ""method"": ""setTransform""}"
99666,reflection,Method.invoke,"{""class"": ""com.facebook.react.uimanager.BaseViewManager"", ""method"": ""setTransform""}"
99666,reflection,Method.invoke,"{""class"": ""com.facebook.react.uimanager.BaseViewManager"", ""method"": ""setOpacity""}"
99667,reflection,Method.invoke,"{""class"": ""com.facebook.react.views.view.ReactViewManager"", ""method"": ""setBorderColor""}"
99682,reflection,Method.invoke,"{""class"": ""com.facebook.react.uimanager.BaseViewManager"", ""method"": ""setOpacity""}"
99682,reflection,Method.invoke,"{""class"": ""com.facebook.react.uimanager.BaseViewManager"", ""method"": ""setTransform""}"
99682,reflection,Method.invoke,"{""class"": ""com.facebook.react.uimanager.BaseViewManager"", ""method"": ""setTransform""}"
99683,reflection,Method.invoke,"{""class"": ""com.facebook.react.uimanager.BaseViewManager"", ""method"": ""setOpacity""}"
99683,reflection,Method.invoke,"{""class"": ""com.facebook.react.views.view.ReactViewManager"", ""method"": ""setBorderColor""}"
99699,reflection,Method.invoke,"{""class"": ""com.facebook.react.uimanager.BaseViewManager"", ""method"": ""setOpacity""}"
99701,reflection,Method.invoke,"{""class"": ""com.facebook.react.uimanager.BaseViewManager"", ""method"": ""setTransform""}"
99701,reflection,Method.invoke,"{""class"": ""com.facebook.react.uimanager.BaseViewManager"", ""method"": ""setTransform""}"
99702,reflection,Method.invoke,"{""class"": ""com.facebook.react.uimanager.BaseViewManager"", ""method"": ""setOpacity""}"
99702,reflection,Method.invoke,"{""class"": ""com.facebook.react.views.view.ReactViewManager"", ""method"": ""setBorderColor""}"
99715,reflection,Method.invoke,"{""class"": ""com.facebook.react.uimanager.BaseViewManager"", ""method"": ""setOpacity""}"
99716,reflection,Method.invoke,"{""class"": ""com.facebook.react.uimanager.BaseViewManager"", ""method"": ""setTransform""}"
99716,reflection,Method.invoke,"{""class"": ""com.facebook.react.uimanager.BaseViewManager"", ""method"": ""setTransform""}"
99716,reflection,Method.invoke,"{""class"": ""com.facebook.react.uimanager.BaseViewManager"", ""method"": ""setOpacity""}"
99716,reflection,Method.invoke,"{""class"": ""com.facebook.react.views.view.ReactViewManager"", ""method"": ""setBorderColor""}"
99732,reflection,Method.invoke,"{""class"": ""com.facebook.react.uimanager.BaseViewManager"", ""method"": ""setOpacity""}"
99732,reflection,Method.invoke,"{""class"": ""com.facebook.react.uimanager.BaseViewManager"", ""method"": ""setTransform""}"
99733,reflection,Method.invoke,"{""class"": ""com.facebook.react.uimanager.BaseViewManager"", ""method"": ""setTransform""}"
99733,reflection,Method.invoke,"{""class"": ""com.facebook.react.uimanager.BaseViewManager"", ""method"": ""setOpacity""}"
99733,reflection,Method.invoke,"{""class"": ""com.facebook.react.views.view.ReactViewManager"", ""method"": ""setBorderColor""}"
99749,reflection,Method.invoke,"{""class"": ""com.facebook.react.uimanager.BaseViewManager"", ""method"": ""setOpacity""}"
99750,reflection,Method.invoke,"{""class"": ""com.facebook.react.uimanager.BaseViewManager"", ""method"": ""setTransform""}"
99751,reflection,Method.invoke,"{""class"": ""com.facebook.react.uimanager.BaseViewManager"", ""method"": ""setTransform""}"
99752,reflection,Method.invoke,"{""class"": ""com.facebook.react.uimanager.BaseViewManager"", ""method"": ""setOpacity""}"
99752,reflection,Method.invoke,"{""class"": ""com.facebook.react.views.view.ReactViewManager"", ""method"": ""setBorderColor""}"
99766,reflection,Method.invoke,"{""class"": ""com.facebook.react.uimanager.BaseViewManager"", ""method"": ""setOpacity""}"
99766,reflection,Method.invoke,"{""class"": ""com.facebook.react.uimanager.BaseViewManager"", ""method"": ""setTransform""}"
99766,reflection,Method.invoke,"{""class"": ""com.facebook.react.uimanager.BaseViewManager"", ""method"": ""setTransform""}"
99767,reflection,Method.invoke,"{""class"": ""com.facebook.react.uimanager.BaseViewManager"", ""method"": ""setOpacity""}"
99767,reflection,Method.invoke,"{""class"": ""com.facebook.react.views.view.ReactViewManager"", ""method"": ""setBorderColor""}"
99782,reflection,Method.invoke,"{""class"": ""com.facebook.react.uimanager.BaseViewManager"", ""method"": ""setOpacity""}"
99784,reflection,Method.invoke,"{""class"": ""com.facebook.react.uimanager.BaseViewManager"", ""method"": ""setTransform""}"
99785,reflection,Method.invoke,"{""class"": ""com.facebook.react.uimanager.BaseViewManager"", ""method"": ""setTransform""}"
99786,reflection,Method.invoke,"{""class"": ""com.facebook.react.uimanager.BaseViewManager"", ""method"": ""setOpacity""}"
99787,reflection,Method.invoke,"{""class"": ""com.facebook.react.views.view.ReactViewManager"", ""method"": ""setBorderColor""}"
99798,reflection,Method.invoke,"{""class"": ""com.facebook.react.uimanager.BaseViewManager"", ""method"": ""setOpacity""}"
99799,reflection,Method.invoke,"{""class"": ""com.facebook.react.uimanager.BaseViewManager"", ""method"": ""setTransform""}"
99799,reflection,Method.invoke,"{""class"": ""com.facebook.react.uimanager.BaseViewManager"", ""method"": ""setTransform""}"
99800,reflection,Method.invoke,"{""class"": ""com.facebook.react.uimanager.BaseViewManager"", ""method"": ""setOpacity""}"
99801,reflection,Method.invoke,"{""class"": ""com.facebook.react.views.view.ReactViewManager"", ""method"": ""setBorderColor""}"
99817,reflection,Method.invoke,"{""class"": ""com.facebook.react.uimanager.BaseViewManager"", ""method"": ""setOpacity""}"
99818,reflection,Method.invoke,"{""class"": ""com.facebook.react.uimanager.BaseViewManager"", ""method"": ""setTransform""}"
99820,reflection,Method.invoke,"{""class"": ""com.facebook.react.uimanager.BaseViewManager"", ""method"": ""setTransform""}"
99821,reflection,Method.invoke,"{""class"": ""com.facebook.react.uimanager.BaseViewManager"", ""method"": ""setOpacity""}"
99821,reflection,Method.invoke,"{""class"": ""com.facebook.react.views.view.ReactViewManager"", ""method"": ""setBorderColor""}"
99832,reflection,Method.invoke,"{""class"": ""com.facebook.react.uimanager.BaseViewManager"", ""method"": ""setOpacity""}"
99832,reflection,Method.invoke,"{""class"": ""com.facebook.react.uimanager.BaseViewManager"", ""method"": ""setTransform""}"
99833,reflection,Method.invoke,"{""class"": ""com.facebook.react.uimanager.BaseViewManager"", ""method"": ""setTransform""}"
99833,reflection,Method.invoke,"{""class"": ""com.facebook.react.uimanager.BaseViewManager"", ""method"": ""setOpacity""}"
99833,reflection,Method.invoke,"{""class"": ""com.facebook.react.views.view.ReactViewManager"", ""method"": ""setBorderColor""}"
99849,reflection,Method.invoke,"{""class"": ""com.facebook.react.uimanager.BaseViewManager"", ""method"": ""setOpacity""}"
99849,reflection,Method.invoke,"{""class"": ""com.facebook.react.uimanager.BaseViewManager"", ""method"": ""setTransform""}"
99849,reflection,Method.invoke,"{""class"": ""com.facebook.react.uimanager.BaseViewManager"", ""method"": ""setTransform""}"
99849,reflection,Method.invoke,"{""class"": ""com.facebook.react.uimanager.BaseViewManager"", ""method"": ""setOpacity""}"
99850,reflection,Method.invoke,"{""class"": ""com.facebook.react.views.view.ReactViewManager"", ""method"": ""setBorderColor""}"
99866,reflection,Method.invoke,"{""class"": ""com.facebook.react.uimanager.BaseViewManager"", ""method"": ""setOpacity""}"
99866,reflection,Method.invoke,"{""class"": ""com.facebook.react.uimanager.BaseViewManager"", ""method"": ""setTransform""}"
99867,reflection,Method.invoke,"{""class"": ""com.facebook.react.uimanager.BaseViewManager"", ""method"": ""setTransform""}"
99867,reflection,Method.invoke,"{""class"": ""com.facebook.react.uimanager.BaseViewManager"", ""method"": ""setOpacity""}"
99867,reflection,Method.invoke,"{""class"": ""com.facebook.react.views.view.ReactViewManager"", ""method"": ""setBorderColor""}"
99885,reflection,Method.invoke,"{""class"": ""com.facebook.react.uimanager.BaseViewManager"", ""method"": ""setOpacity""}"
99885,reflection,Method.invoke,"{""class"": ""com.facebook.react.uimanager.BaseViewManager"", ""method"": ""setTransform""}"
99886,reflection,Method.invoke,"{""class"": ""com.facebook.react.uimanager.BaseViewManager"", ""method"": ""setTransform""}"
99888,reflection,Method.invoke,"{""class"": ""com.facebook.react.uimanager.BaseViewManager"", ""method"": ""setOpacity""}"
99889,reflection,Method.invoke,"{""class"": ""com.facebook.react.views.view.ReactViewManager"", ""method"": ""setBorderColor""}"
99899,reflection,Method.invoke,"{""class"": ""com.facebook.react.uimanager.BaseViewManager"", ""method"": ""setOpacity""}"
99901,reflection,Method.invoke,"{""class"": ""com.facebook.react.uimanager.BaseViewManager"", ""method"": ""setTransform""}"
99903,reflection,Method.invoke,"{""class"": ""com.facebook.react.uimanager.BaseViewManager"", ""method"": ""setTransform""}"
99904,reflection,Method.invoke,"{""class"": ""com.facebook.react.uimanager.BaseViewManager"", ""method"": ""setOpacity""}"
99904,reflection,Method.invoke,"{""class"": ""com.facebook.react.views.view.ReactViewManager"", ""method"": ""setBorderColor""}"
99916,reflection,Method.invoke,"{""class"": ""com.facebook.react.uimanager.BaseViewManager"", ""method"": ""setOpacity""}"
99917,reflection,Method.invoke,"{""class"": ""com.facebook.react.uimanager.BaseViewManager"", ""method"": ""setTransform""}"
99917,reflection,Method.invoke,"{""class"": ""com.facebook.react.uimanager.BaseViewManager"", ""method"": ""setTransform""}"
99918,reflection,Method.invoke,"{""class"": ""com.facebook.react.uimanager.BaseViewManager"", ""method"": ""setOpacity""}"
99918,reflection,Method.invoke,"{""class"": ""com.facebook.react.views.view.ReactViewManager"", ""method"": ""setBorderColor""}"
99932,reflection,Method.invoke,"{""class"": ""com.facebook.react.uimanager.BaseViewManager"", ""method"": ""setOpacity""}"
99932,reflection,Method.invoke,"{""class"": ""com.facebook.react.uimanager.BaseViewManager"", ""method"": ""setTransform""}"
99932,reflection,Method.invoke,"{""class"": ""com.facebook.react.uimanager.BaseViewManager"", ""method"": ""setTransform""}"
99933,reflection,Method.invoke,"{""class"": ""com.facebook.react.uimanager.BaseViewManager"", ""method"": ""setOpacity""}"
99933,reflection,Method.invoke,"{""class"": ""com.facebook.react.views.view.ReactViewManager"", ""method"": ""setBorderColor""}"
99949,reflection,Method.invoke,"{""class"": ""com.facebook.react.uimanager.BaseViewManager"", ""method"": ""setOpacity""}"
99951,reflection,Method.invoke,"{""class"": ""com.facebook.react.uimanager.BaseViewManager"", ""method"": ""setTransform""}"
99951,reflection,Method.invoke,"{""class"": ""com.facebook.react.uimanager.BaseViewManager"", ""method"": ""setTransform""}"
99951,reflection,Method.invoke,"{""class"": ""com.facebook.react.uimanager.BaseViewManager"", ""method"": ""setOpacity""}"
99952,reflection,Method.invoke,"{""class"": ""com.facebook.react.views.view.ReactViewManager"", ""method"": ""setBorderColor""}"
99967,reflection,Method.invoke,"{""class"": ""com.facebook.react.uimanager.BaseViewManager"", ""method"": ""setOpacity""}"
99968,reflection,Method.invoke,"{""class"": ""com.facebook.react.uimanager.BaseViewManager"", ""method"": ""setTransform""}"
99968,reflection,Method.invoke,"{""class"": ""com.facebook.react.uimanager.BaseViewManager"", ""method"": ""setTransform""}"
99969,reflection,Method.invoke,"{""class"": ""com.facebook.react.uimanager.BaseViewManager"", ""method"": ""setOpacity""}"
99969,reflection,Method.invoke,"{""class"": ""com.facebook.react.views.view.ReactViewManager"", ""method"": ""setBorderColor""}"
99982,reflection,Method.invoke,"{""class"": ""com.facebook.react.uimanager.BaseViewManager"", ""method"": ""setOpacity""}"
99982,reflection,Method.invoke,"{""class"": ""com.facebook.react.uimanager.BaseViewManager"", ""method"": ""setTransform""}"
99982,reflection,Method.invoke,"{""class"": ""com.facebook.react.uimanager.BaseViewManager"", ""method"": ""setTransform""}"
99983,reflection,Method.invoke,"{""class"": ""com.facebook.react.uimanager.BaseViewManager"", ""method"": ""setOpacity""}"
99983,reflection,Method.invoke,"{""class"": ""com.facebook.react.views.view.ReactViewManager"", ""method"": ""setBorderColor""}"
99999,reflection,Method.invoke,"{""class"": ""com.facebook.react.uimanager.BaseViewManager"", ""method"": ""setOpacity""}"
100000,reflection,Method.invoke,"{""class"": ""com.facebook.react.uimanager.BaseViewManager"", ""method"": ""setTransform""}"
100000,reflection,Method.invoke,"{""class"": ""com.facebook.react.uimanager.BaseViewManager"", ""method"": ""setTransform""}"
100001,reflection,Method.invoke,"{""class"": ""com.facebook.react.uimanager.BaseViewManager"", ""method"": ""setOpacity""}"
100002,reflection,Method.invoke,"{""class"": ""com.facebook.react.views.view.ReactViewManager"", ""method"": ""setBorderColor""}"
100015,reflection,Method.invoke,"{""class"": ""com.facebook.react.uimanager.BaseViewManager"", ""method"": ""setOpacity""}"
100015,reflection,Method.invoke,"{""class"": ""com.facebook.react.uimanager.BaseViewManager"", ""method"": ""setTransform""}"
100016,reflection,Method.invoke,"{""class"": ""com.facebook.react.uimanager.BaseViewManager"", ""method"": ""setTransform""}"
100016,reflection,Method.invoke,"{""class"": ""com.facebook.react.uimanager.BaseViewManager"", ""method"": ""setOpacity""}"
100016,reflection,Method.invoke,"{""class"": ""com.facebook.react.views.view.ReactViewManager"", ""method"": ""setBorderColor""}"
100033,reflection,Method.invoke,"{""class"": ""com.facebook.react.uimanager.BaseViewManager"", ""method"": ""setOpacity""}"
100033,reflection,Method.invoke,"{""class"": ""com.facebook.react.uimanager.BaseViewManager"", ""method"": ""setTransform""}"
100033,reflection,Method.invoke,"{""class"": ""com.facebook.react.uimanager.BaseViewManager"", ""method"": ""setTransform""}"
100033,reflection,Method.invoke,"{""class"": ""com.facebook.react.uimanager.BaseViewManager"", ""method"": ""setOpacity""}"
100034,reflection,Method.invoke,"{""class"": ""com.facebook.react.views.view.ReactViewManager"", ""method"": ""setBorderColor""}"
100051,reflection,Method.invoke,"{""class"": ""com.facebook.react.uimanager.BaseViewManager"", ""method"": ""setOpacity""}"
100052,reflection,Method.invoke,"{""class"": ""com.facebook.react.uimanager.BaseViewManager"", ""method"": ""setTransform""}"
100054,reflection,Method.invoke,"{""class"": ""com.facebook.react.uimanager.BaseViewManager"", ""method"": ""setTransform""}"
100055,reflection,Method.invoke,"{""class"": ""com.facebook.react.uimanager.BaseViewManager"", ""method"": ""setOpacity""}"
100055,reflection,Method.invoke,"{""class"": ""com.facebook.react.views.view.ReactViewManager"", ""method"": ""setBorderColor""}"
100067,reflection,Method.invoke,"{""class"": ""com.facebook.react.uimanager.BaseViewManager"", ""method"": ""setOpacity""}"
100068,reflection,Method.invoke,"{""class"": ""com.facebook.react.uimanager.BaseViewManager"", ""method"": ""setTransform""}"
100069,reflection,Method.invoke,"{""class"": ""com.facebook.react.uimanager.BaseViewManager"", ""method"": ""setTransform""}"
100071,reflection,Method.invoke,"{""class"": ""com.facebook.react.uimanager.BaseViewManager"", ""method"": ""setOpacity""}"
100071,reflection,Method.invoke,"{""class"": ""com.facebook.react.views.view.ReactViewManager"", ""method"": ""setBorderColor""}"
100082,reflection,Method.invoke,"{""class"": ""com.facebook.react.uimanager.BaseViewManager"", ""method"": ""setOpacity""}"
100084,reflection,Method.invoke,"{""class"": ""com.facebook.react.uimanager.BaseViewManager"", ""method"": ""setTransform""}"
100084,reflection,Method.invoke,"{""class"": ""com.facebook.react.uimanager.BaseViewManager"", ""method"": ""setTransform""}"
100085,reflection,Method.invoke,"{""class"": ""com.facebook.react.uimanager.BaseViewManager"", ""method"": ""setOpacity""}"
100086,reflection,Method.invoke,"{""class"": ""com.facebook.react.views.view.ReactViewManager"", ""method"": ""setBorderColor""}"
100099,reflection,Method.invoke,"{""class"": ""com.facebook.react.uimanager.BaseViewManager"", ""method"": ""setOpacity""}"
100099,reflection,Method.invoke,"{""class"": ""com.facebook.react.uimanager.BaseViewManager"", ""method"": ""setTransform""}"
100099,reflection,Method.invoke,"{""class"": ""com.facebook.react.uimanager.BaseViewManager"", ""method"": ""setTransform""}"
100099,reflection,Method.invoke,"{""class"": ""com.facebook.react.uimanager.BaseViewManager"", ""method"": ""setOpacity""}"
100100,reflection,Method.invoke,"{""class"": ""com.facebook.react.views.view.ReactViewManager"", ""method"": ""setBorderColor""}"
100116,reflection,Method.invoke,"{""class"": ""com.facebook.react.uimanager.BaseViewManager"", ""method"": ""setOpacity""}"
100118,reflection,Method.invoke,"{""class"": ""com.facebook.react.uimanager.BaseViewManager"", ""method"": ""setTransform""}"
100119,reflection,Method.invoke,"{""class"": ""com.facebook.react.uimanager.BaseViewManager"", ""method"": ""setTransform""}"
100120,reflection,Method.invoke,"{""class"": ""com.facebook.react.uimanager.BaseViewManager"", ""method"": ""setOpacity""}"
100121,reflection,Method.invoke,"{""class"": ""com.facebook.react.views.view.ReactViewManager"", ""method"": ""setBorderColor""}"
100132,reflection,Method.invoke,"{""class"": ""com.facebook.react.uimanager.BaseViewManager"", ""method"": ""setOpacity""}"
100133,reflection,Method.invoke,"{""class"": ""com.facebook.react.uimanager.BaseViewManager"", ""method"": ""setTransform""}"
100135,reflection,Method.invoke,"{""class"": ""com.facebook.react.uimanager.BaseViewManager"", ""method"": ""setTransform""}"
100135,reflection,Method.invoke,"{""class"": ""com.facebook.react.uimanager.BaseViewManager"", ""method"": ""setOpacity""}"
100137,reflection,Method.invoke,"{""class"": ""com.facebook.react.views.view.ReactViewManager"", ""method"": ""setBorderColor""}"
100150,reflection,Method.invoke,"{""class"": ""com.facebook.react.uimanager.BaseViewManager"", ""method"": ""setOpacity""}"
100150,reflection,Method.invoke,"{""class"": ""com.facebook.react.uimanager.BaseViewManager"", ""method"": ""setTransform""}"
100150,reflection,Method.invoke,"{""class"": ""com.facebook.react.uimanager.BaseViewManager"", ""method"": ""setTransform""}"
100151,reflection,Method.invoke,"{""class"": ""com.facebook.react.uimanager.BaseViewManager"", ""method"": ""setOpacity""}"
100151,reflection,Method.invoke,"{""class"": ""com.facebook.react.views.view.ReactViewManager"", ""method"": ""setBorderColor""}"
100165,reflection,Method.invoke,"{""class"": ""com.facebook.react.uimanager.BaseViewManager"", ""method"": ""setOpacity""}"
100166,reflection,Method.invoke,"{""class"": ""com.facebook.react.uimanager.BaseViewManager"", ""method"": ""setTransform""}"
100167,reflection,Method.invoke,"{""class"": ""com.facebook.react.uimanager.BaseViewManager"", ""method"": ""setTransform""}"
100167,reflection,Method.invoke,"{""class"": ""com.facebook.react.uimanager.BaseViewManager"", ""method"": ""setOpacity""}"
100168,reflection,Method.invoke,"{""class"": ""com.facebook.react.views.view.ReactViewManager"", ""method"": ""setBorderColor""}"
100183,reflection,Method.invoke,"{""class"": ""com.facebook.react.uimanager.BaseViewManager"", ""method"": ""setOpacity""}"
100185,reflection,Method.invoke,"{""class"": ""com.facebook.react.uimanager.BaseViewManager"", ""method"": ""setTransform""}"
100187,reflection,Method.invoke,"{""class"": ""com.facebook.react.uimanager.BaseViewManager"", ""method"": ""setTransform""}"
100188,reflection,Method.invoke,"{""class"": ""com.facebook.react.uimanager.BaseViewManager"", ""method"": ""setOpacity""}"
100189,reflection,Method.invoke,"{""class"": ""com.facebook.react.views.view.ReactViewManager"", ""method"": ""setBorderColor""}"
100199,reflection,Method.invoke,"{""class"": ""com.facebook.react.uimanager.BaseViewManager"", ""method"": ""setOpacity""}"
100200,reflection,Method.invoke,"{""class"": ""com.facebook.react.uimanager.BaseViewManager"", ""method"": ""setTransform""}"
100200,reflection,Method.invoke,"{""class"": ""com.facebook.react.uimanager.BaseViewManager"", ""method"": ""setTransform""}"
100201,reflection,Method.invoke,"{""class"": ""com.facebook.react.uimanager.BaseViewManager"", ""method"": ""setOpacity""}"
100202,reflection,Method.invoke,"{""class"": ""com.facebook.react.views.view.ReactViewManager"", ""method"": ""setBorderColor""}"
100215,reflection,Method.invoke,"{""class"": ""com.facebook.react.uimanager.BaseViewManager"", ""method"": ""setOpacity""}"
100216,reflection,Method.invoke,"{""class"": ""com.facebook.react.uimanager.BaseViewManager"", ""method"": ""setTransform""}"
100216,reflection,Method.invoke,"{""class"": ""com.facebook.react.uimanager.BaseViewManager"", ""method"": ""setTransform""}"
100217,reflection,Method.invoke,"{""class"": ""com.facebook.react.uimanager.BaseViewManager"", ""method"": ""setOpacity""}"
100218,reflection,Method.invoke,"{""class"": ""com.facebook.react.views.view.ReactViewManager"", ""method"": ""setBorderColor""}"
100232,reflection,Method.invoke,"{""class"": ""com.facebook.react.uimanager.BaseViewManager"", ""method"": ""setOpacity""}"
100233,reflection,Method.invoke,"{""class"": ""com.facebook.react.uimanager.BaseViewManager"", ""method"": ""setTransform""}"
100234,reflection,Method.invoke,"{""class"": ""com.facebook.react.uimanager.BaseViewManager"", ""method"": ""setTransform""}"
100237,reflection,Method.invoke,"{""class"": ""com.facebook.react.uimanager.BaseViewManager"", ""method"": ""setOpacity""}"
100237,reflection,Method.invoke,"{""class"": ""com.facebook.react.views.view.ReactViewManager"", ""method"": ""setBorderColor""}"
100249,reflection,Method.invoke,"{""class"": ""com.facebook.react.uimanager.BaseViewManager"", ""method"": ""setOpacity""}"
100250,reflection,Method.invoke,"{""class"": ""com.facebook.react.uimanager.BaseViewManager"", ""method"": ""setTransform""}"
100251,reflection,Method.invoke,"{""class"": ""com.facebook.react.uimanager.BaseViewManager"", ""method"": ""setTransform""}"
100252,reflection,Method.invoke,"{""class"": ""com.facebook.react.uimanager.BaseViewManager"", ""method"": ""setOpacity""}"
100253,reflection,Method.invoke,"{""class"": ""com.facebook.react.views.view.ReactViewManager"", ""method"": ""setBorderColor""}"
100266,reflection,Method.invoke,"{""class"": ""com.facebook.react.uimanager.BaseViewManager"", ""method"": ""setOpacity""}"
100266,reflection,Method.invoke,"{""class"": ""com.facebook.react.uimanager.BaseViewManager"", ""method"": ""setTransform""}"
100266,reflection,Method.invoke,"{""class"": ""com.facebook.react.uimanager.BaseViewManager"", ""method"": ""setTransform""}"
100267,reflection,Method.invoke,"{""class"": ""com.facebook.react.uimanager.BaseViewManager"", ""method"": ""setOpacity""}"
100267,reflection,Method.invoke,"{""class"": ""com.facebook.react.views.view.ReactViewManager"", ""method"": ""setBorderColor""}"
100282,reflection,Method.invoke,"{""class"": ""com.facebook.react.uimanager.BaseViewManager"", ""method"": ""setOpacity""}"
100282,reflection,Method.invoke,"{""class"": ""com.facebook.react.uimanager.BaseViewManager"", ""method"": ""setTransform""}"
100283,reflection,Method.invoke,"{""class"": ""com.facebook.react.uimanager.BaseViewManager"", ""method"": ""setTransform""}"
100283,reflection,Method.invoke,"{""class"": ""com.facebook.react.uimanager.BaseViewManager"", ""method"": ""setOpacity""}"
100283,reflection,Method.invoke,"{""class"": ""com.facebook.react.views.view.ReactViewManager"", ""method"": ""setBorderColor""}"
100301,reflection,Method.invoke,"{""class"": ""com.facebook.react.uimanager.BaseViewManager"", ""method"": ""setOpacity""}"
100302,reflection,Method.invoke,"{""class"": ""com.facebook.react.uimanager.BaseViewManager"", ""method"": ""setTransform""}"
100302,reflection,Method.invoke,"{""class"": ""com.facebook.react.uimanager.BaseViewManager"", ""method"": ""setTransform""}"
100303,reflection,Method.invoke,"{""class"": ""com.facebook.react.uimanager.BaseViewManager"", ""method"": ""setOpacity""}"
100305,reflection,Method.invoke,"{""class"": ""com.facebook.react.views.view.ReactViewManager"", ""method"": ""setBorderColor""}"
100316,reflection,Method.invoke,"{""class"": ""com.facebook.react.uimanager.BaseViewManager"", ""method"": ""setOpacity""}"
100318,reflection,Method.invoke,"{""class"": ""com.facebook.react.uimanager.BaseViewManager"", ""method"": ""setTransform""}"
100319,reflection,Method.invoke,"{""class"": ""com.facebook.react.uimanager.BaseViewManager"", ""method"": ""setTransform""}"
100321,reflection,Method.invoke,"{""class"": ""com.facebook.react.uimanager.BaseViewManager"", ""method"": ""setOpacity""}"
100322,reflection,Method.invoke,"{""class"": ""com.facebook.react.views.view.ReactViewManager"", ""method"": ""setBorderColor""}"
100333,reflection,Method.invoke,"{""class"": ""com.facebook.react.uimanager.BaseViewManager"", ""method"": ""setOpacity""}"
100333,reflection,Method.invoke,"{""class"": ""com.facebook.react.uimanager.BaseViewManager"", ""method"": ""setTransform""}"
100333,reflection,Method.invoke,"{""class"": ""com.facebook.react.uimanager.BaseViewManager"", ""method"": ""setTransform""}"
100333,reflection,Method.invoke,"{""class"": ""com.facebook.react.uimanager.BaseViewManager"", ""method"": ""setOpacity""}"
100334,reflection,Method.invoke,"{""class"": ""com.facebook.react.views.view.ReactViewManager"", ""method"": ""setBorderColor""}"
100349,reflection,Method.invoke,"{""class"": ""com.facebook.react.uimanager.BaseViewManager"", ""method"": ""setOpacity""}"
100350,reflection,Method.invoke,"{""class"": ""com.facebook.react.uimanager.BaseViewManager"", ""method"": ""setTransform""}"
100350,reflection,Method.invoke,"{""class"": ""com.facebook.react.uimanager.BaseViewManager"", ""method"": ""setTransform""}"
100351,reflection,Method.invoke,"{""class"": ""com.facebook.react.uimanager.BaseViewManager"", ""method"": ""setOpacity""}"
100351,reflection,Method.invoke,"{""class"": ""com.facebook.react.views.view.ReactViewManager"", ""method"": ""setBorderColor""}"
100366,reflection,Method.invoke,"{""class"": ""com.facebook.react.uimanager.BaseViewManager"", ""method"": ""setOpacity""}"
100366,reflection,Method.invoke,"{""class"": ""com.facebook.react.uimanager.BaseViewManager"", ""method"": ""setTransform""}"
100367,reflection,Method.invoke,"{""class"": ""com.facebook.react.uimanager.BaseViewManager"", ""method"": ""setTransform""}"
100367,reflection,Method.invoke,"{""class"": ""com.facebook.react.uimanager.BaseViewManager"", ""method"": ""setOpacity""}"
100367,reflection,Method.invoke,"{""class"": ""com.facebook.react.views.view.ReactViewManager"", ""method"": ""setBorderColor""}"
100382,reflection,Method.invoke,"{""class"": ""com.facebook.react.uimanager.BaseViewManager"", ""method"": ""setOpacity""}"
100383,reflection,Method.invoke,"{""class"": ""com.facebook.react.uimanager.BaseViewManager"", ""method"": ""setTransform""}"
100383,reflection,Method.invoke,"{""class"": ""com.facebook.react.uimanager.BaseViewManager"", ""method"": ""setTransform""}"
100383,reflection,Method.invoke,"{""class"": ""com.facebook.react.uimanager.BaseViewManager"", ""method"": ""setOpacity""}"
100383,reflection,Method.invoke,"{""class"": ""com.facebook.react.views.view.ReactViewManager"", ""method"": ""setBorderColor""}"
100399,reflection,Method.invoke,"{""class"": ""com.facebook.react.uimanager.BaseViewManager"", ""method"": ""setOpacity""}"
100400,reflection,Method.invoke,"{""class"": ""com.facebook.react.uimanager.BaseViewManager"", ""method"": ""setTransform""}"
100401,reflection,Method.invoke,"{""class"": ""com.facebook.react.uimanager.BaseViewManager"", ""method"": ""setTransform""}"
100403,reflection,Method.invoke,"{""class"": ""com.facebook.react.uimanager.BaseViewManager"", ""method"": ""setOpacity""}"
100403,reflection,Method.invoke,"{""class"": ""com.facebook.react.views.view.ReactViewManager"", ""method"": ""setBorderColor""}"
101889,reflection,Method.invoke,"{""class"": ""com.facebook.react.uimanager.BaseViewManager"", ""method"": ""setOpacity""}"
101891,reflection,Method.invoke,"{""class"": ""com.facebook.react.uimanager.BaseViewManager"", ""method"": ""setTransform""}"
101892,reflection,Method.invoke,"{""class"": ""com.facebook.react.uimanager.BaseViewManager"", ""method"": ""setTransform""}"
101893,reflection,Method.invoke,"{""class"": ""com.facebook.react.uimanager.BaseViewManager"", ""method"": ""setOpacity""}"
101893,reflection,Method.invoke,"{""class"": ""com.facebook.react.views.view.ReactViewManager"", ""method"": ""setBorderColor""}"
101898,reflection,Method.invoke,"{""class"": ""com.facebook.react.uimanager.BaseViewManager"", ""method"": ""setOpacity""}"
101899,reflection,Method.invoke,"{""class"": ""com.facebook.react.uimanager.BaseViewManager"", ""method"": ""setOpacity""}"
101900,reflection,Method.invoke,"{""class"": ""com.facebook.react.uimanager.BaseViewManager"", ""method"": ""setTransform""}"
101901,reflection,Method.invoke,"{""class"": ""com.facebook.react.uimanager.BaseViewManager"", ""method"": ""setTransform""}"
101901,reflection,Method.invoke,"{""class"": ""com.facebook.react.uimanager.BaseViewManager"", ""method"": ""setOpacity""}"
101902,reflection,Method.invoke,"{""class"": ""com.facebook.react.views.view.ReactViewManager"", ""method"": ""setBorderColor""}"
101914,reflection,Method.invoke,"{""class"": ""com.facebook.react.uimanager.BaseViewManager"", ""method"": ""setOpacity""}"
101915,reflection,Method.invoke,"{""class"": ""com.facebook.react.uimanager.BaseViewManager"", ""method"": ""setOpacity""}"
101915,reflection,Method.invoke,"{""class"": ""com.facebook.react.uimanager.BaseViewManager"", ""method"": ""setTransform""}"
101916,reflection,Method.invoke,"{""class"": ""com.facebook.react.uimanager.BaseViewManager"", ""method"": ""setTransform""}"
101916,reflection,Method.invoke,"{""class"": ""com.facebook.react.uimanager.BaseViewManager"", ""method"": ""setOpacity""}"
101916,reflection,Method.invoke,"{""class"": ""com.facebook.react.views.view.ReactViewManager"", ""method"": ""setBorderColor""}"
101931,reflection,Method.invoke,"{""class"": ""com.facebook.react.uimanager.BaseViewManager"", ""method"": ""setOpacity""}"
101935,reflection,Method.invoke,"{""class"": ""com.facebook.react.uimanager.BaseViewManager"", ""method"": ""setOpacity""}"
101936,reflection,Method.invoke,"{""class"": ""com.facebook.react.uimanager.BaseViewManager"", ""method"": ""setTransform""}"
101936,reflection,Method.invoke,"{""class"": ""com.facebook.react.uimanager.BaseViewManager"", ""method"": ""setTransform""}"
101937,reflection,Method.invoke,"{""class"": ""com.facebook.react.uimanager.BaseViewManager"", ""method"": ""setOpacity""}"
101938,reflection,Method.invoke,"{""class"": ""com.facebook.react.views.view.ReactViewManager"", ""method"": ""setBorderColor""}"
101948,reflection,Method.invoke,"{""class"": ""com.facebook.react.uimanager.BaseViewManager"", ""method"": ""setOpacity""}"
101950,reflection,Method.invoke,"{""class"": ""com.facebook.react.uimanager.BaseViewManager"", ""method"": ""setOpacity""}"
101951,reflection,Method.invoke,"{""class"": ""com.facebook.react.uimanager.BaseViewManager"", ""method"": ""setTransform""}"
101952,reflection,Method.invoke,"{""class"": ""com.facebook.react.uimanager.BaseViewManager"", ""method"": ""setTransform""}"
101953,reflection,Method.invoke,"{""class"": ""com.facebook.react.uimanager.BaseViewManager"", ""method"": ""setOpacity""}"
101955,reflection,Method.invoke,"{""class"": ""com.facebook.react.views.view.ReactViewManager"", ""method"": ""setBorderColor""}"
101965,reflection,Method.invoke,"{""class"": ""com.facebook.react.uimanager.BaseViewManager"", ""method"": ""setOpacity""}"
101966,reflection,Method.invoke,"{""class"": ""com.facebook.react.uimanager.BaseViewManager"", ""method"": ""setOpacity""}"
101967,reflection,Method.invoke,"{""class"": ""com.facebook.react.uimanager.BaseViewManager"", ""method"": ""setTransform""}"
101969,reflection,Method.invoke,"{""class"": ""com.facebook.react.uimanager.BaseViewManager"", ""method"": ""setTransform""}"
101969,reflection,Method.invoke,"{""class"": ""com.facebook.react.uimanager.BaseViewManager"", ""method"": ""setOpacity""}"
101970,reflection,Method.invoke,"{""class"": ""com.facebook.react.views.view.ReactViewManager"", ""method"": ""setBorderColor""}"
101981,reflection,Method.invoke,"{""class"": ""com.facebook.react.uimanager.BaseViewManager"", ""method"": ""setOpacity""}"
101985,reflection,Method.invoke,"{""class"": ""com.facebook.react.uimanager.BaseViewManager"", ""method"": ""setOpacity""}"
101985,reflection,Method.invoke,"{""class"": ""com.facebook.react.uimanager.BaseViewManager"", ""method"": ""setTransform""}"
101986,reflection,Method.invoke,"{""class"": ""com.facebook.react.uimanager.BaseViewManager"", ""method"": ""setTransform""}"
101988,reflection,Method.invoke,"{""class"": ""com.facebook.react.uimanager.BaseViewManager"", ""method"": ""setOpacity""}"
101989,reflection,Method.invoke,"{""class"": ""com.facebook.react.views.view.ReactViewManager"", ""method"": ""setBorderColor""}"
101997,reflection,Method.invoke,"{""class"": ""com.facebook.react.uimanager.BaseViewManager"", ""method"": ""setOpacity""}"
101998,reflection,Method.invoke,"{""class"": ""com.facebook.react.uimanager.BaseViewManager"", ""method"": ""setOpacity""}"
101998,reflection,Method.invoke,"{""class"": ""com.facebook.react.uimanager.BaseViewManager"", ""method"": ""setTransform""}"
101999,reflection,Method.invoke,"{""class"": ""com.facebook.react.uimanager.BaseViewManager"", ""method"": ""setTransform""}"
101999,reflection,Method.invoke,"{""class"": ""com.facebook.react.uimanager.BaseViewManager"", ""method"": ""setOpacity""}"
101999,reflection,Method.invoke,"{""class"": ""com.facebook.react.views.view.ReactViewManager"", ""method"": ""setBorderColor""}"
102015,reflection,Method.invoke,"{""class"": ""com.facebook.react.uimanager.BaseViewManager"", ""method"": ""setOpacity""}"
102016,reflection,Method.invoke,"{""class"": ""com.facebook.react.uimanager.BaseViewManager"", ""method"": ""setOpacity""}"
102016,reflection,Method.invoke,"{""class"": ""com.facebook.react.uimanager.BaseViewManager"", ""method"": ""setTransform""}"
102016,reflection,Method.invoke,"{""class"": ""com.facebook.react.uimanager.BaseViewManager"", ""method"": ""setTransform""}"
102016,reflection,Method.invoke,"{""class"": ""com.facebook.react.uimanager.BaseViewManager"", ""method"": ""setOpacity""}"
102017,reflection,Method.invoke,"{""class"": ""com.facebook.react.views.view.ReactViewManager"", ""method"": ""setBorderColor""}"
102031,reflection,Method.invoke,"{""class"": ""com.facebook.react.uimanager.BaseViewManager"", ""method"": ""setOpacity""}"
102036,reflection,Method.invoke,"{""class"": ""com.facebook.react.uimanager.BaseViewManager"", ""method"": ""setOpacity""}"
102037,reflection,Method.invoke,"{""class"": ""com.facebook.react.uimanager.BaseViewManager"", ""method"": ""setTransform""}"
102038,reflection,Method.invoke,"{""class"": ""com.facebook.react.uimanager.BaseViewManager"", ""method"": ""setTransform""}"
102038,reflection,Method.invoke,"{""class"": ""com.facebook.react.uimanager.BaseViewManager"", ""method"": ""setOpacity""}"
102041,reflection,Method.invoke,"{""class"": ""com.facebook.react.views.view.ReactViewManager"", ""method"": ""setBorderColor""}"
102047,reflection,Method.invoke,"{""class"": ""com.facebook.react.uimanager.BaseViewManager"", ""method"": ""setOpacity""}"
102051,reflection,Method.invoke,"{""class"": ""com.facebook.react.uimanager.BaseViewManager"", ""method"": ""setOpacity""}"
102052,reflection,Method.invoke,"{""class"": ""com.facebook.react.uimanager.BaseViewManager"", ""method"": ""setTransform""}"
102053,reflection,Method.invoke,"{""class"": ""com.facebook.react.uimanager.BaseViewManager"", ""method"": ""setTransform""}"
102054,reflection,Method.invoke,"{""class"": ""com.facebook.react.uimanager.BaseViewManager"", ""method"": ""setOpacity""}"
102054,reflection,Method.invoke,"{""class"": ""com.facebook.react.views.view.ReactViewManager"", ""method"": ""setBorderColor""}"
102065,reflection,Method.invoke,"{""class"": ""com.facebook.react.uimanager.BaseViewManager"", ""method"": ""setOpacity""}"
102066,reflection,Method.invoke,"{""class"": ""com.facebook.react.uimanager.BaseViewManager"", ""method"": ""setOpacity""}"
102067,reflection,Method.invoke,"{""class"": ""com.facebook.react.uimanager.BaseViewManager"", ""method"": ""setTransform""}"
102067,reflection,Method.invoke,"{""class"": ""com.facebook.react.uimanager.BaseViewManager"", ""method"": ""setTransform""}"
102068,reflection,Method.invoke,"{""class"": ""com.facebook.react.uimanager.BaseViewManager"", ""method"": ""setOpacity""}"
102070,reflection,Method.invoke,"{""class"": ""com.facebook.react.views.view.ReactViewManager"", ""method"": ""setBorderColor""}"
102081,reflection,Method.invoke,"{""class"": ""com.facebook.react.uimanager.BaseViewManager"", ""method"": ""setOpacity""}"
102082,reflection,Method.invoke,"{""class"": ""com.facebook.react.uimanager.BaseViewManager"", ""method"": ""setOpacity""}"
102083,reflection,Method.invoke,"{""class"": ""com.facebook.react.uimanager.BaseViewManager"", ""method"": ""setTransform""}"
102083,reflection,Method.invoke,"{""class"": ""com.facebook.react.uimanager.BaseViewManager"", ""method"": ""setTransform""}"
102084,reflection,Method.invoke,"{""class"": ""com.facebook.react.uimanager.BaseViewManager"", ""method"": ""setOpacity""}"
102085,reflection,Method.invoke,"{""class"": ""com.facebook.react.views.view.ReactViewManager"", ""method"": ""setBorderColor""}"
102098,reflection,Method.invoke,"{""class"": ""com.facebook.react.uimanager.BaseViewManager"", ""method"": ""setOpacity""}"
102102,reflection,Method.invoke,"{""class"": ""com.facebook.react.uimanager.BaseViewManager"", ""method"": ""setOpacity""}"
102102,reflection,Method.invoke,"{""class"": ""com.facebook.react.uimanager.BaseViewManager"", ""method"": ""setTransform""}"
102103,reflection,Method.invoke,"{""class"": ""com.facebook.react.uimanager.BaseViewManager"", ""method"": ""setTransform""}"
102103,reflection,Method.invoke,"{""class"": ""com.facebook.react.uimanager.BaseViewManager"", ""method"": ""setOpacity""}"
102104,reflection,Method.invoke,"{""class"": ""com.facebook.react.views.view.ReactViewManager"", ""method"": ""setBorderColor""}"
102114,reflection,Method.invoke,"{""class"": ""com.facebook.react.uimanager.BaseViewManager"", ""method"": ""setOpacity""}"
102118,reflection,Method.invoke,"{""class"": ""com.facebook.react.uimanager.BaseViewManager"", ""method"": ""setOpacity""}"
102125,reflection,Method.invoke,"{""class"": ""com.facebook.react.uimanager.BaseViewManager"", ""method"": ""setTransform""}"
102126,reflection,Method.invoke,"{""class"": ""com.facebook.react.uimanager.BaseViewManager"", ""method"": ""setTransform""}"
102127,reflection,Method.invoke,"{""class"": ""com.facebook.react.uimanager.BaseViewManager"", ""method"": ""setOpacity""}"
102127,reflection,Method.invoke,"{""class"": ""com.facebook.react.views.view.ReactViewManager"", ""method"": ""setBorderColor""}"
102131,reflection,Method.invoke,"{""class"": ""com.facebook.react.uimanager.BaseViewManager"", ""method"": ""setOpacity""}"
102133,reflection,Method.invoke,"{""class"": ""com.facebook.react.uimanager.BaseViewManager"", ""method"": ""setOpacity""}"
102134,reflection,Method.invoke,"{""class"": ""com.facebook.react.uimanager.BaseViewManager"", ""method"": ""setTransform""}"
102156,reflection,Method.invoke,"{""class"": ""com.facebook.react.uimanager.BaseViewManager"", ""method"": ""setTransform""}"
102157,reflection,Method.invoke,"{""class"": ""com.facebook.react.uimanager.BaseViewManager"", ""method"": ""setOpacity""}"
102158,reflection,Method.invoke,"{""class"": ""com.facebook.react.views.view.ReactViewManager"", ""method"": ""setBorderColor""}"
102161,reflection,Method.invoke,"{""class"": ""com.facebook.react.uimanager.BaseViewManager"", ""method"": ""setOpacity""}"
102163,reflection,Method.invoke,"{""class"": ""com.facebook.react.uimanager.BaseViewManager"", ""method"": ""setOpacity""}"
102164,reflection,Method.invoke,"{""class"": ""com.facebook.react.uimanager.BaseViewManager"", ""method"": ""setTransform""}"
102165,reflection,Method.invoke,"{""class"": ""com.facebook.react.uimanager.BaseViewManager"", ""method"": ""setTransform""}"
102166,reflection,Method.invoke,"{""class"": ""com.facebook.react.uimanager.BaseViewManager"", ""method"": ""setOpacity""}"
102167,reflection,Method.invoke,"{""class"": ""com.facebook.react.views.view.ReactViewManager"", ""method"": ""setBorderColor""}"
102175,reflection,Method.invoke,"{""class"": ""com.facebook.react.uimanager.BaseViewManager"", ""method"": ""setOpacity""}"
102175,reflection,Method.invoke,"{""class"": ""com.facebook.react.uimanager.BaseViewManager"", ""method"": ""setTransform""}"
102176,reflection,Method.invoke,"{""class"": ""com.facebook.react.uimanager.BaseViewManager"", ""method"": ""setTransform""}"
102176,reflection,Method.invoke,"{""class"": ""com.facebook.react.uimanager.BaseViewManager"", ""method"": ""setOpacity""}"
102177,reflection,Method.invoke,"{""class"": ""com.facebook.react.views.view.ReactViewManager"", ""method"": ""setBorderColor""}"
102187,reflection,Method.invoke,"{""class"": ""com.facebook.react.uimanager.BaseViewManager"", ""method"": ""setOpacity""}"
102189,reflection,Method.invoke,"{""class"": ""com.facebook.react.uimanager.BaseViewManager"", ""method"": ""setTransform""}"
102190,reflection,Method.invoke,"{""class"": ""com.facebook.react.uimanager.BaseViewManager"", ""method"": ""setTransform""}"
102190,reflection,Method.invoke,"{""class"": ""com.facebook.react.uimanager.BaseViewManager"", ""method"": ""setOpacity""}"
102191,reflection,Method.invoke,"{""class"": ""com.facebook.react.views.view.ReactViewManager"", ""method"": ""setBorderColor""}"
102203,reflection,Method.invoke,"{""class"": ""com.facebook.react.uimanager.BaseViewManager"", ""method"": ""setOpacity""}"
102206,reflection,Method.invoke,"{""class"": ""com.facebook.react.uimanager.BaseViewManager"", ""method"": ""setTransform""}"
102209,reflection,Method.invoke,"{""class"": ""com.facebook.react.uimanager.BaseViewManager"", ""method"": ""setTransform""}"
102210,reflection,Method.invoke,"{""class"": ""com.facebook.react.uimanager.BaseViewManager"", ""method"": ""setOpacity""}"
102211,reflection,Method.invoke,"{""class"": ""com.facebook.react.views.view.ReactViewManager"", ""method"": ""setBorderColor""}"
102219,reflection,Method.invoke,"{""class"": ""com.facebook.react.uimanager.BaseViewManager"", ""method"": ""setOpacity""}"
102220,reflection,Method.invoke,"{""class"": ""com.facebook.react.uimanager.BaseViewManager"", ""method"": ""setTransform""}"
102221,reflection,Method.invoke,"{""class"": ""com.facebook.react.uimanager.BaseViewManager"", ""method"": ""setTransform""}"
102223,reflection,Method.invoke,"{""class"": ""com.facebook.react.uimanager.BaseViewManager"", ""method"": ""setOpacity""}"
102223,reflection,Method.invoke,"{""class"": ""com.facebook.react.views.view.ReactViewManager"", ""method"": ""setBorderColor""}"
102236,reflection,Method.invoke,"{""class"": ""com.facebook.react.uimanager.BaseViewManager"", ""method"": ""setOpacity""}"
102236,reflection,Method.invoke,"{""class"": ""com.facebook.react.uimanager.BaseViewManager"", ""method"": ""setTransform""}"
102237,reflection,Method.invoke,"{""class"": ""com.facebook.react.uimanager.BaseViewManager"", ""method"": ""setTransform""}"
102238,reflection,Method.invoke,"{""class"": ""com.facebook.react.uimanager.BaseViewManager"", ""method"": ""setOpacity""}"
102238,reflection,Method.invoke,"{""class"": ""com.facebook.react.views.view.ReactViewManager"", ""method"": ""setBorderColor""}"
102255,reflection,Method.invoke,"{""class"": ""com.facebook.react.uimanager.BaseViewManager"", ""method"": ""setOpacity""}"
102256,reflection,Method.invoke,"{""class"": ""com.facebook.react.uimanager.BaseViewManager"", ""method"": ""setTransform""}"
102256,reflection,Method.invoke,"{""class"": ""com.facebook.react.uimanager.BaseViewManager"", ""method"": ""setTransform""}"
102259,reflection,Method.invoke,"{""class"": ""com.facebook.react.uimanager.BaseViewManager"", ""method"": ""setOpacity""}"
102259,reflection,Method.invoke,"{""class"": ""com.facebook.react.views.view.ReactViewManager"", ""method"": ""setBorderColor""}"
102269,reflection,Method.invoke,"{""class"": ""com.facebook.react.uimanager.BaseViewManager"", ""method"": ""setOpacity""}"
102270,reflection,Method.invoke,"{""class"": ""com.facebook.react.uimanager.BaseViewManager"", ""method"": ""setTransform""}"
102271,reflection,Method.invoke,"{""class"": ""com.facebook.react.uimanager.BaseViewManager"", ""method"": ""setTransform""}"
102272,reflection,Method.invoke,"{""class"": ""com.facebook.react.uimanager.BaseViewManager"", ""method"": ""setOpacity""}"
102272,reflection,Method.invoke,"{""class"": ""com.facebook.react.views.view.ReactViewManager"", ""method"": ""setBorderColor""}"
102288,reflection,Method.invoke,"{""class"": ""com.facebook.react.uimanager.BaseViewManager"", ""method"": ""setOpacity""}"
102289,reflection,Method.invoke,"{""class"": ""com.facebook.react.uimanager.BaseViewManager"", ""method"": ""setTransform""}"
102291,reflection,Method.invoke,"{""class"": ""com.facebook.react.uimanager.BaseViewManager"", ""method"": ""setTransform""}"
102292,reflection,Method.invoke,"{""class"": ""com.facebook.react.uimanager.BaseViewManager"", ""method"": ""setOpacity""}"
102294,reflection,Method.invoke,"{""class"": ""com.facebook.react.views.view.ReactViewManager"", ""method"": ""setBorderColor""}"
102303,reflection,Method.invoke,"{""class"": ""com.facebook.react.uimanager.BaseViewManager"", ""method"": ""setOpacity""}"
102304,reflection,Method.invoke,"{""class"": ""com.facebook.react.uimanager.BaseViewManager"", ""method"": ""setTransform""}"
102304,reflection,Method.invoke,"{""class"": ""com.facebook.react.uimanager.BaseViewManager"", ""method"": ""setTransform""}"
102308,reflection,Method.invoke,"{""class"": ""com.facebook.react.uimanager.BaseViewManager"", ""method"": ""setOpacity""}"
102309,reflection,Method.invoke,"{""class"": ""com.facebook.react.views.view.ReactViewManager"", ""method"": ""setBorderColor""}"
102320,reflection,Method.invoke,"{""class"": ""com.facebook.react.uimanager.BaseViewManager"", ""method"": ""setOpacity""}"
102320,reflection,Method.invoke,"{""class"": ""com.facebook.react.uimanager.BaseViewManager"", ""method"": ""setTransform""}"
102321,reflection,Method.invoke,"{""class"": ""com.facebook.react.uimanager.BaseViewManager"", ""method"": ""setTransform""}"
102321,reflection,Method.invoke,"{""class"": ""com.facebook.react.uimanager.BaseViewManager"", ""method"": ""setOpacity""}"
102322,reflection,Method.invoke,"{""class"": ""com.facebook.react.views.view.ReactViewManager"", ""method"": ""setBorderColor""}"
102337,reflection,Method.invoke,"{""class"": ""com.facebook.react.uimanager.BaseViewManager"", ""method"": ""setOpacity""}"
102339,reflection,Method.invoke,"{""class"": ""com.facebook.react.uimanager.BaseViewManager"", ""method"": ""setTransform""}"
102340,reflection,Method.invoke,"{""class"": ""com.facebook.react.uimanager.BaseViewManager"", ""method"": ""setTransform""}"
102341,reflection,Method.invoke,"{""class"": ""com.facebook.react.uimanager.BaseViewManager"", ""method"": ""setOpacity""}"
102341,reflection,Method.invoke,"{""class"": ""com.facebook.react.views.view.ReactViewManager"", ""method"": ""setBorderColor""}"
102353,reflection,Method.invoke,"{""class"": ""com.facebook.react.uimanager.BaseViewManager"", ""method"": ""setOpacity""}"
102354,reflection,Method.invoke,"{""class"": ""com.facebook.react.uimanager.BaseViewManager"", ""method"": ""setTransform""}"
102355,reflection,Method.invoke,"{""class"": ""com.facebook.react.uimanager.BaseViewManager"", ""method"": ""setTransform""}"
102355,reflection,Method.invoke,"{""class"": ""com.facebook.react.uimanager.BaseViewManager"", ""method"": ""setOpacity""}"
102356,reflection,Method.invoke,"{""class"": ""com.facebook.react.views.view.ReactViewManager"", ""method"": ""setBorderColor""}"
102370,reflection,Method.invoke,"{""class"": ""com.facebook.react.uimanager.BaseViewManager"", ""method"": ""setOpacity""}"
102371,reflection,Method.invoke,"{""class"": ""com.facebook.react.uimanager.BaseViewManager"", ""method"": ""setTransform""}"
102372,reflection,Method.invoke,"{""class"": ""com.facebook.react.uimanager.BaseViewManager"", ""method"": ""setTransform""}"
102373,reflection,Method.invoke,"{""class"": ""com.facebook.react.uimanager.BaseViewManager"", ""method"": ""setOpacity""}"
102374,reflection,Method.invoke,"{""class"": ""com.facebook.react.views.view.ReactViewManager"", ""method"": ""setBorderColor""}"
102387,reflection,Method.invoke,"{""class"": ""com.facebook.react.uimanager.BaseViewManager"", ""method"": ""setOpacity""}"
102387,reflection,Method.invoke,"{""class"": ""com.facebook.react.uimanager.BaseViewManager"", ""method"": ""setTransform""}"
102390,reflection,Method.invoke,"{""class"": ""com.facebook.react.uimanager.BaseViewManager"", ""method"": ""setTransform""}"
102390,reflection,Method.invoke,"{""class"": ""com.facebook.react.uimanager.BaseViewManager"", ""method"": ""setOpacity""}"
102391,reflection,Method.invoke,"{""class"": ""com.facebook.react.views.view.ReactViewManager"", ""method"": ""setBorderColor""}"
102403,reflection,Method.invoke,"{""class"": ""com.facebook.react.uimanager.BaseViewManager"", ""method"": ""setOpacity""}"
102404,reflection,Method.invoke,"{""class"": ""com.facebook.react.uimanager.BaseViewManager"", ""method"": ""setTransform""}"
102406,reflection,Method.invoke,"{""class"": ""com.facebook.react.uimanager.BaseViewManager"", ""method"": ""setTransform""}"
102406,reflection,Method.invoke,"{""class"": ""com.facebook.react.uimanager.BaseViewManager"", ""method"": ""setOpacity""}"
102407,reflection,Method.invoke,"{""class"": ""com.facebook.react.views.view.ReactViewManager"", ""method"": ""setBorderColor""}"
102420,reflection,Method.invoke,"{""class"": ""com.facebook.react.uimanager.BaseViewManager"", ""method"": ""setOpacity""}"
102421,reflection,Method.invoke,"{""class"": ""com.facebook.react.uimanager.BaseViewManager"", ""method"": ""setTransform""}"
102422,reflection,Method.invoke,"{""class"": ""com.facebook.react.uimanager.BaseViewManager"", ""method"": ""setTransform""}"
102422,reflection,Method.invoke,"{""class"": ""com.facebook.react.uimanager.BaseViewManager"", ""method"": ""setOpacity""}"
102423,reflection,Method.invoke,"{""class"": ""com.facebook.react.views.view.ReactViewManager"", ""method"": ""setBorderColor""}"
102436,reflection,Method.invoke,"{""class"": ""com.facebook.react.uimanager.BaseViewManager"", ""method"": ""setOpacity""}"
102437,reflection,Method.invoke,"{""class"": ""com.facebook.react.uimanager.BaseViewManager"", ""method"": ""setTransform""}"
102438,reflection,Method.invoke,"{""class"": ""com.facebook.react.uimanager.BaseViewManager"", ""method"": ""setTransform""}"
102438,reflection,Method.invoke,"{""class"": ""com.facebook.react.uimanager.BaseViewManager"", ""method"": ""setOpacity""}"
102439,reflection,Method.invoke,"{""class"": ""com.facebook.react.views.view.ReactViewManager"", ""method"": ""setBorderColor""}"
102454,reflection,Method.invoke,"{""class"": ""com.facebook.react.uimanager.BaseViewManager"", ""method"": ""setOpacity""}"
102454,reflection,Method.invoke,"{""class"": ""com.facebook.react.uimanager.BaseViewManager"", ""method"": ""setTransform""}"
102455,reflection,Method.invoke,"{""class"": ""com.facebook.react.uimanager.BaseViewManager"", ""method"": ""setTransform""}"
102457,reflection,Method.invoke,"{""class"": ""com.facebook.react.uimanager.BaseViewManager"", ""method"": ""setOpacity""}"
102458,reflection,Method.invoke,"{""class"": ""com.facebook.react.views.view.ReactViewManager"", ""method"": ""setBorderColor""}"
102470,reflection,Method.invoke,"{""class"": ""com.facebook.react.uimanager.BaseViewManager"", ""method"": ""setOpacity""}"
102471,reflection,Method.invoke,"{""class"": ""com.facebook.react.uimanager.BaseViewManager"", ""method"": ""setTransform""}"
102471,reflection,Method.invoke,"{""class"": ""com.facebook.react.uimanager.BaseViewManager"", ""method"": ""setTransform""}"
102472,reflection,Method.invoke,"{""class"": ""com.facebook.react.uimanager.BaseViewManager"", ""method"": ""setOpacity""}"
102473,reflection,Method.invoke,"{""class"": ""com.facebook.react.views.view.ReactViewManager"", ""method"": ""setBorderColor""}"
102487,reflection,Method.invoke,"{""class"": ""com.facebook.react.uimanager.BaseViewManager"", ""method"": ""setOpacity""}"
102488,reflection,Method.invoke,"{""class"": ""com.facebook.react.uimanager.BaseViewManager"", ""method"": ""setTransform""}"
102490,reflection,Method.invoke,"{""class"": ""com.facebook.react.uimanager.BaseViewManager"", ""method"": ""setTransform""}"
102490,reflection,Method.invoke,"{""class"": ""com.facebook.react.uimanager.BaseViewManager"", ""method"": ""setOpacity""}"
102493,reflection,Method.invoke,"{""class"": ""com.facebook.react.views.view.ReactViewManager"", ""method"": ""setBorderColor""}"
102503,reflection,Method.invoke,"{""class"": ""com.facebook.react.uimanager.BaseViewManager"", ""method"": ""setOpacity""}"
102504,reflection,Method.invoke,"{""class"": ""com.facebook.react.uimanager.BaseViewManager"", ""method"": ""setTransform""}"
102504,reflection,Method.invoke,"{""class"": ""com.facebook.react.uimanager.BaseViewManager"", ""method"": ""setTransform""}"
102505,reflection,Method.invoke,"{""class"": ""com.facebook.react.uimanager.BaseViewManager"", ""method"": ""setOpacity""}"
102506,reflection,Method.invoke,"{""class"": ""com.facebook.react.views.view.ReactViewManager"", ""method"": ""setBorderColor""}"
102521,reflection,Method.invoke,"{""class"": ""com.facebook.react.uimanager.BaseViewManager"", ""method"": ""setOpacity""}"
102522,reflection,Method.invoke,"{""class"": ""com.facebook.react.uimanager.BaseViewManager"", ""method"": ""setTransform""}"
102522,reflection,Method.invoke,"{""class"": ""com.facebook.react.uimanager.BaseViewManager"", ""method"": ""setTransform""}"
102523,reflection,Method.invoke,"{""class"": ""com.facebook.react.uimanager.BaseViewManager"", ""method"": ""setOpacity""}"
102523,reflection,Method.invoke,"{""class"": ""com.facebook.react.views.view.ReactViewManager"", ""method"": ""setBorderColor""}"
102537,reflection,Method.invoke,"{""class"": ""com.facebook.react.uimanager.BaseViewManager"", ""method"": ""setOpacity""}"
102538,reflection,Method.invoke,"{""class"": ""com.facebook.react.uimanager.BaseViewManager"", ""method"": ""setTransform""}"
102538,reflection,Method.invoke,"{""class"": ""com.facebook.react.uimanager.BaseViewManager"", ""method"": ""setTransform""}"
102539,reflection,Method.invoke,"{""class"": ""com.facebook.react.uimanager.BaseViewManager"", ""method"": ""setOpacity""}"
102539,reflection,Method.invoke,"{""class"": ""com.facebook.react.views.view.ReactViewManager"", ""method"": ""setBorderColor""}"
102554,reflection,Method.invoke,"{""class"": ""com.facebook.react.uimanager.BaseViewManager"", ""method"": ""setOpacity""}"
102555,reflection,Method.invoke,"{""class"": ""com.facebook.react.uimanager.BaseViewManager"", ""method"": ""setTransform""}"
102556,reflection,Method.invoke,"{""class"": ""com.facebook.react.uimanager.BaseViewManager"", ""method"": ""setTransform""}"
102556,reflection,Method.invoke,"{""class"": ""com.facebook.react.uimanager.BaseViewManager"", ""method"": ""setOpacity""}"
102557,reflection,Method.invoke,"{""class"": ""com.facebook.react.views.view.ReactViewManager"", ""method"": ""setBorderColor""}"
102570,reflection,Method.invoke,"{""class"": ""com.facebook.react.uimanager.BaseViewManager"", ""method"": ""setOpacity""}"
102571,reflection,Method.invoke,"{""class"": ""com.facebook.react.uimanager.BaseViewManager"", ""method"": ""setTransform""}"
102571,reflection,Method.invoke,"{""class"": ""com.facebook.react.uimanager.BaseViewManager"", ""method"": ""setTransform""}"
102573,reflection,Method.invoke,"{""class"": ""com.facebook.react.uimanager.BaseViewManager"", ""method"": ""setOpacity""}"
102574,reflection,Method.invoke,"{""class"": ""com.facebook.react.views.view.ReactViewManager"", ""method"": ""setBorderColor""}"
102589,reflection,Method.invoke,"{""class"": ""com.facebook.react.uimanager.BaseViewManager"", ""method"": ""setOpacity""}"
102590,reflection,Method.invoke,"{""class"": ""com.facebook.react.uimanager.BaseViewManager"", ""method"": ""setTransform""}"
102591,reflection,Method.invoke,"{""class"": ""com.facebook.react.uimanager.BaseViewManager"", ""method"": ""setTransform""}"
102591,reflection,Method.invoke,"{""class"": ""com.facebook.react.uimanager.BaseViewManager"", ""method"": ""setOpacity""}"
102591,reflection,Method.invoke,"{""class"": ""com.facebook.react.views.view.ReactViewManager"", ""method"": ""setBorderColor""}"
102603,reflection,Method.invoke,"{""class"": ""com.facebook.react.uimanager.BaseViewManager"", ""method"": ""setOpacity""}"
102604,reflection,Method.invoke,"{""class"": ""com.facebook.react.uimanager.BaseViewManager"", ""method"": ""setTransform""}"
102605,reflection,Method.invoke,"{""class"": ""com.facebook.react.uimanager.BaseViewManager"", ""method"": ""setTransform""}"
102605,reflection,Method.invoke,"{""class"": ""com.facebook.react.uimanager.BaseViewManager"", ""method"": ""setOpacity""}"
102608,reflection,Method.invoke,"{""class"": ""com.facebook.react.views.view.ReactViewManager"", ""method"": ""setBorderColor""}"
102621,reflection,Method.invoke,"{""class"": ""com.facebook.react.uimanager.BaseViewManager"", ""method"": ""setOpacity""}"
102622,reflection,Method.invoke,"{""class"": ""com.facebook.react.uimanager.BaseViewManager"", ""method"": ""setTransform""}"
102624,reflection,Method.invoke,"{""class"": ""com.facebook.react.uimanager.BaseViewManager"", ""method"": ""setTransform""}"
102624,reflection,Method.invoke,"{""class"": ""com.facebook.react.uimanager.BaseViewManager"", ""method"": ""setOpacity""}"
102627,reflection,Method.invoke,"{""class"": ""com.facebook.react.views.view.ReactViewManager"", ""method"": ""setBorderColor""}"
102636,reflection,Method.invoke,"{""class"": ""com.facebook.react.uimanager.BaseViewManager"", ""method"": ""setOpacity""}"
102637,reflection,Method.invoke,"{""class"": ""com.facebook.react.uimanager.BaseViewManager"", ""method"": ""setTransform""}"
102638,reflection,Method.invoke,"{""class"": ""com.facebook.react.uimanager.BaseViewManager"", ""method"": ""setTransform""}"
102638,reflection,Method.invoke,"{""class"": ""com.facebook.react.uimanager.BaseViewManager"", ""method"": ""setOpacity""}"
102639,reflection,Method.invoke,"{""class"": ""com.facebook.react.views.view.ReactViewManager"", ""method"": ""setBorderColor""}"
102654,reflection,Method.invoke,"{""class"": ""com.facebook.react.uimanager.BaseViewManager"", ""method"": ""setOpacity""}"
102655,reflection,Method.invoke,"{""class"": ""com.facebook.react.uimanager.BaseViewManager"", ""method"": ""setTransform""}"
102655,reflection,Method.invoke,"{""class"": ""com.facebook.react.uimanager.BaseViewManager"", ""method"": ""setTransform""}"
102656,reflection,Method.invoke,"{""class"": ""com.facebook.react.uimanager.BaseViewManager"", ""method"": ""setOpacity""}"
102656,reflection,Method.invoke,"{""class"": ""com.facebook.react.views.view.ReactViewManager"", ""method"": ""setBorderColor""}"
102670,reflection,Method.invoke,"{""class"": ""com.facebook.react.uimanager.BaseViewManager"", ""method"": ""setOpacity""}"
102671,reflection,Method.invoke,"{""class"": ""com.facebook.react.uimanager.BaseViewManager"", ""method"": ""setTransform""}"
102671,reflection,Method.invoke,"{""class"": ""com.facebook.react.uimanager.BaseViewManager"", ""method"": ""setTransform""}"
102672,reflection,Method.invoke,"{""class"": ""com.facebook.react.uimanager.BaseViewManager"", ""method"": ""setOpacity""}"
102672,reflection,Method.invoke,"{""class"": ""com.facebook.react.views.view.ReactViewManager"", ""method"": ""setBorderColor""}"
102687,reflection,Method.invoke,"{""class"": ""com.facebook.react.uimanager.BaseViewManager"", ""method"": ""setOpacity""}"
102688,reflection,Method.invoke,"{""class"": ""com.facebook.react.uimanager.BaseViewManager"", ""method"": ""setTransform""}"
102689,reflection,Method.invoke,"{""class"": ""com.facebook.react.uimanager.BaseViewManager"", ""method"": ""setTransform""}"
102689,reflection,Method.invoke,"{""class"": ""com.facebook.react.uimanager.BaseViewManager"", ""method"": ""setOpacity""}"
102690,reflection,Method.invoke,"{""class"": ""com.facebook.react.views.view.ReactViewManager"", ""method"": ""setBorderColor""}"
102704,reflection,Method.invoke,"{""class"": ""com.facebook.react.uimanager.BaseViewManager"", ""method"": ""setOpacity""}"
102704,reflection,Method.invoke,"{""class"": ""com.facebook.react.uimanager.BaseViewManager"", ""method"": ""setTransform""}"
102707,reflection,Method.invoke,"{""class"": ""com.facebook.react.uimanager.BaseViewManager"", ""method"": ""setTransform""}"
102707,reflection,Method.invoke,"{""class"": ""com.facebook.react.uimanager.BaseViewManager"", ""method"": ""setOpacity""}"
102708,reflection,Method.invoke,"{""class"": ""com.facebook.react.views.view.ReactViewManager"", ""method"": ""setBorderColor""}"
102719,reflection,Method.invoke,"{""class"": ""com.facebook.react.uimanager.BaseViewManager"", ""method"": ""setOpacity""}"
102720,reflection,Method.invoke,"{""class"": ""com.facebook.react.uimanager.BaseViewManager"", ""method"": ""setTransform""}"
102721,reflection,Method.invoke,"{""class"": ""com.facebook.react.uimanager.BaseViewManager"", ""method"": ""setTransform""}"
102721,reflection,Method.invoke,"{""class"": ""com.facebook.react.uimanager.BaseViewManager"", ""method"": ""setOpacity""}"
102722,reflection,Method.invoke,"{""class"": ""com.facebook.react.views.view.ReactViewManager"", ""method"": ""setBorderColor""}"
102736,reflection,Method.invoke,"{""class"": ""com.facebook.react.uimanager.BaseViewManager"", ""method"": ""setOpacity""}"
102737,reflection,Method.invoke,"{""class"": ""com.facebook.react.uimanager.BaseViewManager"", ""method"": ""setTransform""}"
102737,reflection,Method.invoke,"{""class"": ""com.facebook.react.uimanager.BaseViewManager"", ""method"": ""setTransform""}"
102738,reflection,Method.invoke,"{""class"": ""com.facebook.react.uimanager.BaseViewManager"", ""method"": ""setOpacity""}"
102740,reflection,Method.invoke,"{""class"": ""com.facebook.react.views.view.ReactViewManager"", ""method"": ""setBorderColor""}"
102755,reflection,Method.invoke,"{""class"": ""com.facebook.react.uimanager.BaseViewManager"", ""method"": ""setOpacity""}"
102755,reflection,Method.invoke,"{""class"": ""com.facebook.react.uimanager.BaseViewManager"", ""method"": ""setTransform""}"
102758,reflection,Method.invoke,"{""class"": ""com.facebook.react.uimanager.BaseViewManager"", ""method"": ""setTransform""}"
102758,reflection,Method.invoke,"{""class"": ""com.facebook.react.uimanager.BaseViewManager"", ""method"": ""setOpacity""}"
102759,reflection,Method.invoke,"{""class"": ""com.facebook.react.views.view.ReactViewManager"", ""method"": ""setBorderColor""}"
102770,reflection,Method.invoke,"{""class"": ""com.facebook.react.uimanager.BaseViewManager"", ""method"": ""setOpacity""}"
102771,reflection,Method.invoke,"{""class"": ""com.facebook.react.uimanager.BaseViewManager"", ""method"": ""setTransform""}"
102774,reflection,Method.invoke,"{""class"": ""com.facebook.react.uimanager.BaseViewManager"", ""method"": ""setTransform""}"
102775,reflection,Method.invoke,"{""class"": ""com.facebook.react.uimanager.BaseViewManager"", ""method"": ""setOpacity""}"
102776,reflection,Method.invoke,"{""class"": ""com.facebook.react.views.view.ReactViewManager"", ""method"": ""setBorderColor""}"
102787,reflection,Method.invoke,"{""class"": ""com.facebook.react.uimanager.BaseViewManager"", ""method"": ""setOpacity""}"
102787,reflection,Method.invoke,"{""class"": ""com.facebook.react.uimanager.BaseViewManager"", ""method"": ""setTransform""}"
102788,reflection,Method.invoke,"{""class"": ""com.facebook.react.uimanager.BaseViewManager"", ""method"": ""setTransform""}"
102791,reflection,Method.invoke,"{""class"": ""com.facebook.react.uimanager.BaseViewManager"", ""method"": ""setOpacity""}"
102791,reflection,Method.invoke,"{""class"": ""com.facebook.react.views.view.ReactViewManager"", ""method"": ""setBorderColor""}"
102804,reflection,Method.invoke,"{""class"": ""com.facebook.react.uimanager.BaseViewManager"", ""method"": ""setOpacity""}"
102805,reflection,Method.invoke,"{""class"": ""com.facebook.react.uimanager.BaseViewManager"", ""method"": ""setTransform""}"
102806,reflection,Method.invoke,"{""class"": ""com.facebook.react.uimanager.BaseViewManager"", ""method"": ""setTransform""}"
102806,reflection,Method.invoke,"{""class"": ""com.facebook.react.uimanager.BaseViewManager"", ""method"": ""setOpacity""}"
102806,reflection,Method.invoke,"{""class"": ""com.facebook.react.views.view.ReactViewManager"", ""method"": ""setBorderColor""}"
102820,reflection,Method.invoke,"{""class"": ""com.facebook.react.uimanager.BaseViewManager"", ""method"": ""setOpacity""}"
102821,reflection,Method.invoke,"{""class"": ""com.facebook.react.uimanager.BaseViewManager"", ""method"": ""setTransform""}"
102822,reflection,Method.invoke,"{""class"": ""com.facebook.react.uimanager.BaseViewManager"", ""method"": ""setTransform""}"
102823,reflection,Method.invoke,"{""class"": ""com.facebook.react.uimanager.BaseViewManager"", ""method"": ""setOpacity""}"
102823,reflection,Method.invoke,"{""class"": ""com.facebook.react.views.view.ReactViewManager"", ""method"": ""setBorderColor""}"
102838,reflection,Method.invoke,"{""class"": ""com.facebook.react.uimanager.BaseViewManager"", ""method"": ""setOpacity""}"
102839,reflection,Method.invoke,"{""class"": ""com.facebook.react.uimanager.BaseViewManager"", ""method"": ""setTransform""}"
102841,reflection,Method.invoke,"{""class"": ""com.facebook.react.uimanager.BaseViewManager"", ""method"": ""setTransform""}"
102842,reflection,Method.invoke,"{""class"": ""com.facebook.react.uimanager.BaseViewManager"", ""method"": ""setOpacity""}"
102845,reflection,Method.invoke,"{""class"": ""com.facebook.react.views.view.ReactViewManager"", ""method"": ""setBorderColor""}"
102854,reflection,Method.invoke,"{""class"": ""com.facebook.react.uimanager.BaseViewManager"", ""method"": ""setOpacity""}"
102855,reflection,Method.invoke,"{""class"": ""com.facebook.react.uimanager.BaseViewManager"", ""method"": ""setTransform""}"
102856,reflection,Method.invoke,"{""class"": ""com.facebook.react.uimanager.BaseViewManager"", ""method"": ""setTransform""}"
102857,reflection,Method.invoke,"{""class"": ""com.facebook.react.uimanager.BaseViewManager"", ""method"": ""setOpacity""}"
102857,reflection,Method.invoke,"{""class"": ""com.facebook.react.views.view.ReactViewManager"", ""method"": ""setBorderColor""}"
102868,reflection,Method.invoke,"{""class"": ""com.facebook.react.uimanager.BaseViewManager"", ""method"": ""setOpacity""}"
102869,reflection,Method.invoke,"{""class"": ""com.facebook.react.uimanager.BaseViewManager"", ""method"": ""setTransform""}"
102870,reflection,Method.invoke,"{""class"": ""com.facebook.react.uimanager.BaseViewManager"", ""method"": ""setTransform""}"
102871,reflection,Method.invoke,"{""class"": ""com.facebook.react.uimanager.BaseViewManager"", ""method"": ""setOpacity""}"
102872,reflection,Method.invoke,"{""class"": ""com.facebook.react.views.view.ReactViewManager"", ""method"": ""setBorderColor""}"
102888,reflection,Method.invoke,"{""class"": ""com.facebook.react.uimanager.BaseViewManager"", ""method"": ""setOpacity""}"
102889,reflection,Method.invoke,"{""class"": ""com.facebook.react.uimanager.BaseViewManager"", ""method"": ""setTransform""}"
102890,reflection,Method.invoke,"{""class"": ""com.facebook.react.uimanager.BaseViewManager"", ""method"": ""setTransform""}"
102890,reflection,Method.invoke,"{""class"": ""com.facebook.react.uimanager.BaseViewManager"", ""method"": ""setOpacity""}"
102891,reflection,Method.invoke,"{""class"": ""com.facebook.react.views.view.ReactViewManager"", ""method"": ""setBorderColor""}"
102904,reflection,Method.invoke,"{""class"": ""com.facebook.react.uimanager.BaseViewManager"", ""method"": ""setOpacity""}"
102904,reflection,Method.invoke,"{""class"": ""com.facebook.react.uimanager.BaseViewManager"", ""method"": ""setTransform""}"
102905,reflection,Method.invoke,"{""class"": ""com.facebook.react.uimanager.BaseViewManager"", ""method"": ""setTransform""}"
102906,reflection,Method.invoke,"{""class"": ""com.facebook.react.uimanager.BaseViewManager"", ""method"": ""setOpacity""}"
102906,reflection,Method.invoke,"{""class"": ""com.facebook.react.views.view.ReactViewManager"", ""method"": ""setBorderColor""}"
102919,reflection,Method.invoke,"{""class"": ""com.facebook.react.uimanager.BaseViewManager"", ""method"": ""setOpacity""}"
102920,reflection,Method.invoke,"{""class"": ""com.facebook.react.uimanager.BaseViewManager"", ""method"": ""setTransform""}"
102922,reflection,Method.invoke,"{""class"": ""com.facebook.react.uimanager.BaseViewManager"", ""method"": ""setTransform""}"
102924,reflection,Method.invoke,"{""class"": ""com.facebook.react.uimanager.BaseViewManager"", ""method"": ""setOpacity""}"
102926,reflection,Method.invoke,"{""class"": ""com.facebook.react.views.view.ReactViewManager"", ""method"": ""setBorderColor""}"
102937,reflection,Method.invoke,"{""class"": ""com.facebook.react.uimanager.BaseViewManager"", ""method"": ""setOpacity""}"
102938,reflection,Method.invoke,"{""class"": ""com.facebook.react.uimanager.BaseViewManager"", ""method"": ""setTransform""}"
102939,reflection,Method.invoke,"{""class"": ""com.facebook.react.uimanager.BaseViewManager"", ""method"": ""setTransform""}"
102939,reflection,Method.invoke,"{""class"": ""com.facebook.react.uimanager.BaseViewManager"", ""method"": ""setOpacity""}"
102940,reflection,Method.invoke,"{""class"": ""com.facebook.react.views.view.ReactViewManager"", ""method"": ""setBorderColor""}"
102953,reflection,Method.invoke,"{""class"": ""com.facebook.react.uimanager.BaseViewManager"", ""method"": ""setOpacity""}"
102954,reflection,Method.invoke,"{""class"": ""com.facebook.react.uimanager.BaseViewManager"", ""method"": ""setTransform""}"
102954,reflection,Method.invoke,"{""class"": ""com.facebook.react.uimanager.BaseViewManager"", ""method"": ""setTransform""}"
102955,reflection,Method.invoke,"{""class"": ""com.facebook.react.uimanager.BaseViewManager"", ""method"": ""setOpacity""}"
102955,reflection,Method.invoke,"{""class"": ""com.facebook.react.views.view.ReactViewManager"", ""method"": ""setBorderColor""}"
102972,reflection,Method.invoke,"{""class"": ""com.facebook.react.uimanager.BaseViewManager"", ""method"": ""setOpacity""}"
102973,reflection,Method.invoke,"{""class"": ""com.facebook.react.uimanager.BaseViewManager"", ""method"": ""setTransform""}"
102974,reflection,Method.invoke,"{""class"": ""com.facebook.react.uimanager.BaseViewManager"", ""method"": ""setTransform""}"
102975,reflection,Method.invoke,"{""class"": ""com.facebook.react.uimanager.BaseViewManager"", ""method"": ""setOpacity""}"
102976,reflection,Method.invoke,"{""class"": ""com.facebook.react.views.view.ReactViewManager"", ""method"": ""setBorderColor""}"
102986,reflection,Method.invoke,"{""class"": ""com.facebook.react.uimanager.BaseViewManager"", ""method"": ""setOpacity""}"
102988,reflection,Method.invoke,"{""class"": ""com.facebook.react.uimanager.BaseViewManager"", ""method"": ""setTransform""}"
102989,reflection,Method.invoke,"{""class"": ""com.facebook.react.uimanager.BaseViewManager"", ""method"": ""setTransform""}"
102989,reflection,Method.invoke,"{""class"": ""com.facebook.react.uimanager.BaseViewManager"", ""method"": ""setOpacity""}"
102990,reflection,Method.invoke,"{""class"": ""com.facebook.react.views.view.ReactViewManager"", ""method"": ""setBorderColor""}"
103004,reflection,Method.invoke,"{""class"": ""com.facebook.react.uimanager.BaseViewManager"", ""method"": ""setOpacity""}"
103006,reflection,Method.invoke,"{""class"": ""com.facebook.react.uimanager.BaseViewManager"", ""method"": ""setTransform""}"
103007,reflection,Method.invoke,"{""class"": ""com.facebook.react.uimanager.BaseViewManager"", ""method"": ""setTransform""}"
103008,reflection,Method.invoke,"{""class"": ""com.facebook.react.uimanager.BaseViewManager"", ""method"": ""setOpacity""}"
103008,reflection,Method.invoke,"{""class"": ""com.facebook.react.views.view.ReactViewManager"", ""method"": ""setBorderColor""}"
103017,reflection,Method.invoke,"{""class"": ""com.facebook.react.uimanager.BaseViewManager"", ""method"": ""setOpacity""}"
103018,reflection,Method.invoke,"{""class"": ""com.facebook.react.uimanager.BaseViewManager"", ""method"": ""setTransform""}"
103019,reflection,Method.invoke,"{""class"": ""com.facebook.react.uimanager.BaseViewManager"", ""method"": ""setTransform""}"
103019,reflection,Method.invoke,"{""class"": ""com.facebook.react.uimanager.BaseViewManager"", ""method"": ""setOpacity""}"
103020,reflection,Method.invoke,"{""class"": ""com.facebook.react.views.view.ReactViewManager"", ""method"": ""setBorderColor""}"
103037,reflection,Method.invoke,"{""class"": ""com.facebook.react.uimanager.BaseViewManager"", ""method"": ""setOpacity""}"
103038,reflection,Method.invoke,"{""class"": ""com.facebook.react.uimanager.BaseViewManager"", ""method"": ""setTransform""}"
103039,reflection,Method.invoke,"{""class"": ""com.facebook.react.uimanager.BaseViewManager"", ""method"": ""setTransform""}"
103040,reflection,Method.invoke,"{""class"": ""com.facebook.react.uimanager.BaseViewManager"", ""method"": ""setOpacity""}"
103042,reflection,Method.invoke,"{""class"": ""com.facebook.react.views.view.ReactViewManager"", ""method"": ""setBorderColor""}"
103054,reflection,Method.invoke,"{""class"": ""com.facebook.react.uimanager.BaseViewManager"", ""method"": ""setOpacity""}"
103055,reflection,Method.invoke,"{""class"": ""com.facebook.react.uimanager.BaseViewManager"", ""method"": ""setTransform""}"
103055,reflection,Method.invoke,"{""class"": ""com.facebook.react.uimanager.BaseViewManager"", ""method"": ""setTransform""}"
103056,reflection,Method.invoke,"{""class"": ""com.facebook.react.uimanager.BaseViewManager"", ""method"": ""setOpacity""}"
103057,reflection,Method.invoke,"{""class"": ""com.facebook.react.views.view.ReactViewManager"", ""method"": ""setBorderColor""}"
103070,reflection,Method.invoke,"{""class"": ""com.facebook.react.uimanager.BaseViewManager"", ""method"": ""setOpacity""}"
103070,reflection,Method.invoke,"{""class"": ""com.facebook.react.uimanager.BaseViewManager"", ""method"": ""setTransform""}"
103071,reflection,Method.invoke,"{""class"": ""com.facebook.react.uimanager.BaseViewManager"", ""method"": ""setTransform""}"
103072,reflection,Method.invoke,"{""class"": ""com.facebook.react.uimanager.BaseViewManager"", ""method"": ""setOpacity""}"
103072,reflection,Method.invoke,"{""class"": ""com.facebook.react.views.view.ReactViewManager"", ""method"": ""setBorderColor""}"
103088,reflection,Method.invoke,"{""class"": ""com.facebook.react.uimanager.BaseViewManager"", ""method"": ""setOpacity""}"
103089,reflection,Method.invoke,"{""class"": ""com.facebook.react.uimanager.BaseViewManager"", ""method"": ""setTransform""}"
103089,reflection,Method.invoke,"{""class"": ""com.facebook.react.uimanager.BaseViewManager"", ""method"": ""setTransform""}"
103091,reflection,Method.invoke,"{""class"": ""com.facebook.react.uimanager.BaseViewManager"", ""method"": ""setOpacity""}"
103092,reflection,Method.invoke,"{""class"": ""com.facebook.react.views.view.ReactViewManager"", ""method"": ""setBorderColor""}"
103104,reflection,Method.invoke,"{""class"": ""com.facebook.react.uimanager.BaseViewManager"", ""method"": ""setOpacity""}"
103106,reflection,Method.invoke,"{""class"": ""com.facebook.react.uimanager.BaseViewManager"", ""method"": ""setTransform""}"
103106,reflection,Method.invoke,"{""class"": ""com.facebook.react.uimanager.BaseViewManager"", ""method"": ""setTransform""}"
103107,reflection,Method.invoke,"{""class"": ""com.facebook.react.uimanager.BaseViewManager"", ""method"": ""setOpacity""}"
103107,reflection,Method.invoke,"{""class"": ""com.facebook.react.views.view.ReactViewManager"", ""method"": ""setBorderColor""}"
103121,reflection,Method.invoke,"{""class"": ""com.facebook.react.uimanager.BaseViewManager"", ""method"": ""setOpacity""}"
103122,reflection,Method.invoke,"{""class"": ""com.facebook.react.uimanager.BaseViewManager"", ""method"": ""setTransform""}"
103122,reflection,Method.invoke,"{""class"": ""com.facebook.react.uimanager.BaseViewManager"", ""method"": ""setTransform""}"
103123,reflection,Method.invoke,"{""class"": ""com.facebook.react.uimanager.BaseViewManager"", ""method"": ""setOpacity""}"
103124,reflection,Method.invoke,"{""class"": ""com.facebook.react.views.view.ReactViewManager"", ""method"": ""setBorderColor""}"
103137,reflection,Method.invoke,"{""class"": ""com.facebook.react.uimanager.BaseViewManager"", ""method"": ""setOpacity""}"
103138,reflection,Method.invoke,"{""class"": ""com.facebook.react.uimanager.BaseViewManager"", ""method"": ""setTransform""}"
103141,reflection,Method.invoke,"{""class"": ""com.facebook.react.uimanager.BaseViewManager"", ""method"": ""setTransform""}"
103144,reflection,Method.invoke,"{""class"": ""com.facebook.react.uimanager.BaseViewManager"", ""method"": ""setOpacity""}"
103144,reflection,Method.invoke,"{""class"": ""com.facebook.react.views.view.ReactViewManager"", ""method"": ""setBorderColor""}"
103154,reflection,Method.invoke,"{""class"": ""com.facebook.react.uimanager.BaseViewManager"", ""method"": ""setOpacity""}"
103155,reflection,Method.invoke,"{""class"": ""com.facebook.react.uimanager.BaseViewManager"", ""method"": ""setTransform""}"
103156,reflection,Method.invoke,"{""class"": ""com.facebook.react.uimanager.BaseViewManager"", ""method"": ""setTransform""}"
103156,reflection,Method.invoke,"{""class"": ""com.facebook.react.uimanager.BaseViewManager"", ""method"": ""setOpacity""}"
103157,reflection,Method.invoke,"{""class"": ""com.facebook.react.views.view.ReactViewManager"", ""method"": ""setBorderColor""}"
103170,reflection,Method.invoke,"{""class"": ""com.facebook.react.uimanager.BaseViewManager"", ""method"": ""setOpacity""}"
103171,reflection,Method.invoke,"{""class"": ""com.facebook.react.uimanager.BaseViewManager"", ""method"": ""setTransform""}"
103172,reflection,Method.invoke,"{""class"": ""com.facebook.react.uimanager.BaseViewManager"", ""method"": ""setTransform""}"
103173,reflection,Method.invoke,"{""class"": ""com.facebook.react.uimanager.BaseViewManager"", ""method"": ""setOpacity""}"
103175,reflection,Method.invoke,"{""class"": ""com.facebook.react.views.view.ReactViewManager"", ""method"": ""setBorderColor""}"
103189,reflection,Method.invoke,"{""class"": ""com.facebook.react.uimanager.BaseViewManager"", ""method"": ""setOpacity""}"
103191,reflection,Method.invoke,"{""class"": ""com.facebook.react.uimanager.BaseViewManager"", ""method"": ""setTransform""}"
103193,reflection,Method.invoke,"{""class"": ""com.facebook.react.uimanager.BaseViewManager"", ""method"": ""setTransform""}"
103194,reflection,Method.invoke,"{""class"": ""com.facebook.react.uimanager.BaseViewManager"", ""method"": ""setOpacity""}"
103194,reflection,Method.invoke,"{""class"": ""com.facebook.react.views.view.ReactViewManager"", ""method"": ""setBorderColor""}"
103206,reflection,Method.invoke,"{""class"": ""com.facebook.react.uimanager.BaseViewManager"", ""method"": ""setOpacity""}"
103208,reflection,Method.invoke,"{""class"": ""com.facebook.react.uimanager.BaseViewManager"", ""method"": ""setTransform""}"
103209,reflection,Method.invoke,"{""class"": ""com.facebook.react.uimanager.BaseViewManager"", ""method"": ""setTransform""}"
103210,reflection,Method.invoke,"{""class"": ""com.facebook.react.uimanager.BaseViewManager"", ""method"": ""setOpacity""}"
103210,reflection,Method.invoke,"{""class"": ""com.facebook.react.views.view.ReactViewManager"", ""method"": ""setBorderColor""}"
103222,reflection,Method.invoke,"{""class"": ""com.facebook.react.uimanager.BaseViewManager"", ""method"": ""setOpacity""}"
103223,reflection,Method.invoke,"{""class"": ""com.facebook.react.uimanager.BaseViewManager"", ""method"": ""setTransform""}"
103224,reflection,Method.invoke,"{""class"": ""com.facebook.react.uimanager.BaseViewManager"", ""method"": ""setTransform""}"
103224,reflection,Method.invoke,"{""class"": ""com.facebook.react.uimanager.BaseViewManager"", ""method"": ""setOpacity""}"
103225,reflection,Method.invoke,"{""class"": ""com.facebook.react.views.view.ReactViewManager"", ""method"": ""setBorderColor""}"
103236,reflection,Method.invoke,"{""class"": ""com.facebook.react.uimanager.BaseViewManager"", ""method"": ""setOpacity""}"
103238,reflection,Method.invoke,"{""class"": ""com.facebook.react.uimanager.BaseViewManager"", ""method"": ""setTransform""}"
103238,reflection,Method.invoke,"{""class"": ""com.facebook.react.uimanager.BaseViewManager"", ""method"": ""setTransform""}"
103239,reflection,Method.invoke,"{""class"": ""com.facebook.react.uimanager.BaseViewManager"", ""method"": ""setOpacity""}"
103240,reflection,Method.invoke,"{""class"": ""com.facebook.react.views.view.ReactViewManager"", ""method"": ""setBorderColor""}"
103254,reflection,Method.invoke,"{""class"": ""com.facebook.react.uimanager.BaseViewManager"", ""method"": ""setOpacity""}"
103254,reflection,Method.invoke,"{""class"": ""com.facebook.react.uimanager.BaseViewManager"", ""method"": ""setTransform""}"
103255,reflection,Method.invoke,"{""class"": ""com.facebook.react.uimanager.BaseViewManager"", ""method"": ""setTransform""}"
103255,reflection,Method.invoke,"{""class"": ""com.facebook.react.uimanager.BaseViewManager"", ""method"": ""setOpacity""}"
103256,reflection,Method.invoke,"{""class"": ""com.facebook.react.views.view.ReactViewManager"", ""method"": ""setBorderColor""}"
103271,reflection,Method.invoke,"{""class"": ""com.facebook.react.uimanager.BaseViewManager"", ""method"": ""setOpacity""}"
103272,reflection,Method.invoke,"{""class"": ""com.facebook.react.uimanager.BaseViewManager"", ""method"": ""setTransform""}"
103273,reflection,Method.invoke,"{""class"": ""com.facebook.react.uimanager.BaseViewManager"", ""method"": ""setTransform""}"
103274,reflection,Method.invoke,"{""class"": ""com.facebook.react.uimanager.BaseViewManager"", ""method"": ""setOpacity""}"
103274,reflection,Method.invoke,"{""class"": ""com.facebook.react.views.view.ReactViewManager"", ""method"": ""setBorderColor""}"
103287,reflection,Method.invoke,"{""class"": ""com.facebook.react.uimanager.BaseViewManager"", ""method"": ""setOpacity""}"
103288,reflection,Method.invoke,"{""class"": ""com.facebook.react.uimanager.BaseViewManager"", ""method"": ""setTransform""}"
103288,reflection,Method.invoke,"{""class"": ""com.facebook.react.uimanager.BaseViewManager"", ""method"": ""setTransform""}"
103289,reflection,Method.invoke,"{""class"": ""com.facebook.react.uimanager.BaseViewManager"", ""method"": ""setOpacity""}"
103289,reflection,Method.invoke,"{""class"": ""com.facebook.react.views.view.ReactViewManager"", ""method"": ""setBorderColor""}"
103304,reflection,Method.invoke,"{""class"": ""com.facebook.react.uimanager.BaseViewManager"", ""method"": ""setOpacity""}"
103305,reflection,Method.invoke,"{""class"": ""com.facebook.react.uimanager.BaseViewManager"", ""method"": ""setTransform""}"
103306,reflection,Method.invoke,"{""class"": ""com.facebook.react.uimanager.BaseViewManager"", ""method"": ""setTransform""}"
103308,reflection,Method.invoke,"{""class"": ""com.facebook.react.uimanager.BaseViewManager"", ""method"": ""setOpacity""}"
103309,reflection,Method.invoke,"{""class"": ""com.facebook.react.views.view.ReactViewManager"", ""method"": ""setBorderColor""}"
103320,reflection,Method.invoke,"{""class"": ""com.facebook.react.uimanager.BaseViewManager"", ""method"": ""setOpacity""}"
103320,reflection,Method.invoke,"{""class"": ""com.facebook.react.uimanager.BaseViewManager"", ""method"": ""setTransform""}"
103322,reflection,Method.invoke,"{""class"": ""com.facebook.react.uimanager.BaseViewManager"", ""method"": ""setTransform""}"
103323,reflection,Method.invoke,"{""class"": ""com.facebook.react.uimanager.BaseViewManager"", ""method"": ""setOpacity""}"
103323,reflection,Method.invoke,"{""class"": ""com.facebook.react.views.view.ReactViewManager"", ""method"": ""setBorderColor""}"
103336,reflection,Method.invoke,"{""class"": ""com.facebook.react.uimanager.BaseViewManager"", ""method"": ""setOpacity""}"
103338,reflection,Method.invoke,"{""class"": ""com.facebook.react.uimanager.BaseViewManager"", ""method"": ""setTransform""}"
103339,reflection,Method.invoke,"{""class"": ""com.facebook.react.uimanager.BaseViewManager"", ""method"": ""setTransform""}"
103339,reflection,Method.invoke,"{""class"": ""com.facebook.react.uimanager.BaseViewManager"", ""method"": ""setOpacity""}"
103339,reflection,Method.invoke,"{""class"": ""com.facebook.react.views.view.ReactViewManager"", ""method"": ""setBorderColor""}"
103354,reflection,Method.invoke,"{""class"": ""com.facebook.react.uimanager.BaseViewManager"", ""method"": ""setOpacity""}"
103356,reflection,Method.invoke,"{""class"": ""com.facebook.react.uimanager.BaseViewManager"", ""method"": ""setTransform""}"
103356,reflection,Method.invoke,"{""class"": ""com.facebook.react.uimanager.BaseViewManager"", ""method"": ""setTransform""}"
103357,reflection,Method.invoke,"{""class"": ""com.facebook.react.uimanager.BaseViewManager"", ""method"": ""setOpacity""}"
103357,reflection,Method.invoke,"{""class"": ""com.facebook.react.views.view.ReactViewManager"", ""method"": ""setBorderColor""}"
103370,reflection,Method.invoke,"{""class"": ""com.facebook.react.uimanager.BaseViewManager"", ""method"": ""setOpacity""}"
103371,reflection,Method.invoke,"{""class"": ""com.facebook.react.uimanager.BaseViewManager"", ""method"": ""setTransform""}"
103372,reflection,Method.invoke,"{""class"": ""com.facebook.react.uimanager.BaseViewManager"", ""method"": ""setTransform""}"
103373,reflection,Method.invoke,"{""class"": ""com.facebook.react.uimanager.BaseViewManager"", ""method"": ""setOpacity""}"
103373,reflection,Method.invoke,"{""class"": ""com.facebook.react.views.view.ReactViewManager"", ""method"": ""setBorderColor""}"
103387,reflection,Method.invoke,"{""class"": ""com.facebook.react.uimanager.BaseViewManager"", ""method"": ""setOpacity""}"
103388,reflection,Method.invoke,"{""class"": ""com.facebook.react.uimanager.BaseViewManager"", ""method"": ""setTransform""}"
103389,reflection,Method.invoke,"{""class"": ""com.facebook.react.uimanager.BaseViewManager"", ""method"": ""setTransform""}"
103389,reflection,Method.invoke,"{""class"": ""com.facebook.react.uimanager.BaseViewManager"", ""method"": ""setOpacity""}"
103390,reflection,Method.invoke,"{""class"": ""com.facebook.react.views.view.ReactViewManager"", ""method"": ""setBorderColor""}"
103404,reflection,Method.invoke,"{""class"": ""com.facebook.react.uimanager.BaseViewManager"", ""method"": ""setOpacity""}"
103404,reflection,Method.invoke,"{""class"": ""com.facebook.react.uimanager.BaseViewManager"", ""method"": ""setTransform""}"
103405,reflection,Method.invoke,"{""class"": ""com.facebook.react.uimanager.BaseViewManager"", ""method"": ""setTransform""}"
103406,reflection,Method.invoke,"{""class"": ""com.facebook.react.uimanager.BaseViewManager"", ""method"": ""setOpacity""}"
103406,reflection,Method.invoke,"{""class"": ""com.facebook.react.views.view.ReactViewManager"", ""method"": ""setBorderColor""}"
106066,reflection,Method.invoke,"{""class"": ""com.facebook.react.uimanager.BaseViewManager"", ""method"": ""setOpacity""}"
106067,reflection,Method.invoke,"{""class"": ""com.facebook.react.uimanager.BaseViewManager"", ""method"": ""setTransform""}"
106068,reflection,Method.invoke,"{""class"": ""com.facebook.react.uimanager.BaseViewManager"", ""method"": ""setTransform""}"
106069,reflection,Method.invoke,"{""class"": ""com.facebook.react.uimanager.BaseViewManager"", ""method"": ""setOpacity""}"
106071,reflection,Method.invoke,"{""class"": ""com.facebook.react.views.view.ReactViewManager"", ""method"": ""setBorderColor""}"
106080,reflection,Method.invoke,"{""class"": ""com.facebook.react.uimanager.BaseViewManager"", ""method"": ""setOpacity""}"
106082,reflection,Method.invoke,"{""class"": ""com.facebook.react.uimanager.BaseViewManager"", ""method"": ""setOpacity""}"
106083,reflection,Method.invoke,"{""class"": ""com.facebook.react.uimanager.BaseViewManager"", ""method"": ""setTransform""}"
106084,reflection,Method.invoke,"{""class"": ""com.facebook.react.uimanager.BaseViewManager"", ""method"": ""setTransform""}"
106085,reflection,Method.invoke,"{""class"": ""com.facebook.react.uimanager.BaseViewManager"", ""method"": ""setOpacity""}"
106085,reflection,Method.invoke,"{""class"": ""com.facebook.react.views.view.ReactViewManager"", ""method"": ""setBorderColor""}"
106098,reflection,Method.invoke,"{""class"": ""com.facebook.react.uimanager.BaseViewManager"", ""method"": ""setOpacity""}"
106103,reflection,Method.invoke,"{""class"": ""com.facebook.react.uimanager.BaseViewManager"", ""method"": ""setOpacity""}"
106104,reflection,Method.invoke,"{""class"": ""com.facebook.react.uimanager.BaseViewManager"", ""method"": ""setTransform""}"
106105,reflection,Method.invoke,"{""class"": ""com.facebook.react.uimanager.BaseViewManager"", ""method"": ""setTransform""}"
106106,reflection,Method.invoke,"{""class"": ""com.facebook.react.uimanager.BaseViewManager"", ""method"": ""setOpacity""}"
106107,reflection,Method.invoke,"{""class"": ""com.facebook.react.views.view.ReactViewManager"", ""method"": ""setBorderColor""}"
106114,reflection,Method.invoke,"{""class"": ""com.facebook.react.uimanager.BaseViewManager"", ""method"": ""setOpacity""}"
106116,reflection,Method.invoke,"{""class"": ""com.facebook.react.uimanager.BaseViewManager"", ""method"": ""setOpacity""}"
106118,reflection,Method.invoke,"{""class"": ""com.facebook.react.uimanager.BaseViewManager"", ""method"": ""setTransform""}"
106118,reflection,Method.invoke,"{""class"": ""com.facebook.react.uimanager.BaseViewManager"", ""method"": ""setTransform""}"
106118,reflection,Method.invoke,"{""class"": ""com.facebook.react.uimanager.BaseViewManager"", ""method"": ""setOpacity""}"
106119,reflection,Method.invoke,"{""class"": ""com.facebook.react.views.view.ReactViewManager"", ""method"": ""setBorderColor""}"
106131,reflection,Method.invoke,"{""class"": ""com.facebook.react.uimanager.BaseViewManager"", ""method"": ""setOpacity""}"
106135,reflection,Method.invoke,"{""class"": ""com.facebook.react.uimanager.BaseViewManager"", ""method"": ""setOpacity""}"
106136,reflection,Method.invoke,"{""class"": ""com.facebook.react.uimanager.BaseViewManager"", ""method"": ""setTransform""}"
106136,reflection,Method.invoke,"{""class"": ""com.facebook.react.uimanager.BaseViewManager"", ""method"": ""setTransform""}"
106137,reflection,Method.invoke,"{""class"": ""com.facebook.react.uimanager.BaseViewManager"", ""method"": ""setOpacity""}"
106138,reflection,Method.invoke,"{""class"": ""com.facebook.react.views.view.ReactViewManager"", ""method"": ""setBorderColor""}"
106147,reflection,Method.invoke,"{""class"": ""com.facebook.react.uimanager.BaseViewManager"", ""method"": ""setOpacity""}"
106149,reflection,Method.invoke,"{""class"": ""com.facebook.react.uimanager.BaseViewManager"", ""method"": ""setOpacity""}"
106149,reflection,Method.invoke,"{""class"": ""com.facebook.react.uimanager.BaseViewManager"", ""method"": ""setTransform""}"
106150,reflection,Method.invoke,"{""class"": ""com.facebook.react.uimanager.BaseViewManager"", ""method"": ""setTransform""}"
106150,reflection,Method.invoke,"{""class"": ""com.facebook.react.uimanager.BaseViewManager"", ""method"": ""setOpacity""}"
106150,reflection,Method.invoke,"{""class"": ""com.facebook.react.views.view.ReactViewManager"", ""method"": ""setBorderColor""}"
106164,reflection,Method.invoke,"{""class"": ""com.facebook.react.uimanager.BaseViewManager"", ""method"": ""setOpacity""}"
106165,reflection,Method.invoke,"{""class"": ""com.facebook.react.uimanager.BaseViewManager"", ""method"": ""setOpacity""}"
106167,reflection,Method.invoke,"{""class"": ""com.facebook.react.uimanager.BaseViewManager"", ""method"": ""setTransform""}"
106171,reflection,Method.invoke,"{""class"": ""com.facebook.react.uimanager.BaseViewManager"", ""method"": ""setTransform""}"
106172,reflection,Method.invoke,"{""class"": ""com.facebook.react.uimanager.BaseViewManager"", ""method"": ""setOpacity""}"
106173,reflection,Method.invoke,"{""class"": ""com.facebook.react.views.view.ReactViewManager"", ""method"": ""setBorderColor""}"
106182,reflection,Method.invoke,"{""class"": ""com.facebook.react.uimanager.BaseViewManager"", ""method"": ""setOpacity""}"
106184,reflection,Method.invoke,"{""class"": ""com.facebook.react.uimanager.BaseViewManager"", ""method"": ""setOpacity""}"
106185,reflection,Method.invoke,"{""class"": ""com.facebook.react.uimanager.BaseViewManager"", ""method"": ""setTransform""}"
106186,reflection,Method.invoke,"{""class"": ""com.facebook.react.uimanager.BaseViewManager"", ""method"": ""setTransform""}"
106186,reflection,Method.invoke,"{""class"": ""com.facebook.react.uimanager.BaseViewManager"", ""method"": ""setOpacity""}"
106186,reflection,Method.invoke,"{""class"": ""com.facebook.react.views.view.ReactViewManager"", ""method"": ""setBorderColor""}"
106199,reflection,Method.invoke,"{""class"": ""com.facebook.react.uimanager.BaseViewManager"", ""method"": ""setOpacity""}"
106200,reflection,Method.invoke,"{""class"": ""com.facebook.react.uimanager.BaseViewManager"", ""method"": ""setOpacity""}"
106200,reflection,Method.invoke,"{""class"": ""com.facebook.react.uimanager.BaseViewManager"", ""method"": ""setTransform""}"
106201,reflection,Method.invoke,"{""class"": ""com.facebook.react.uimanager.BaseViewManager"", ""method"": ""setTransform""}"
106201,reflection,Method.invoke,"{""class"": ""com.facebook.react.uimanager.BaseViewManager"", ""method"": ""setOpacity""}"
106201,reflection,Method.invoke,"{""class"": ""com.facebook.react.views.view.ReactViewManager"", ""method"": ""setBorderColor""}"
106214,reflection,Method.invoke,"{""class"": ""com.facebook.react.uimanager.BaseViewManager"", ""method"": ""setOpacity""}"
106215,reflection,Method.invoke,"{""class"": ""com.facebook.react.uimanager.BaseViewManager"", ""method"": ""setOpacity""}"
106216,reflection,Method.invoke,"{""class"": ""com.facebook.react.uimanager.BaseViewManager"", ""method"": ""setTransform""}"
106216,reflection,Method.invoke,"{""class"": ""com.facebook.react.uimanager.BaseViewManager"", ""method"": ""setTransform""}"
106216,reflection,Method.invoke,"{""class"": ""com.facebook.react.uimanager.BaseViewManager"", ""method"": ""setOpacity""}"
106216,reflection,Method.invoke,"{""class"": ""com.facebook.react.views.view.ReactViewManager"", ""method"": ""setBorderColor""}"
106233,reflection,Method.invoke,"{""class"": ""com.facebook.react.uimanager.BaseViewManager"", ""method"": ""setOpacity""}"
106237,reflection,Method.invoke,"{""class"": ""com.facebook.react.uimanager.BaseViewManager"", ""method"": ""setOpacity""}"
106238,reflection,Method.invoke,"{""class"": ""com.facebook.react.uimanager.BaseViewManager"", ""method"": ""setTransform""}"
106239,reflection,Method.invoke,"{""class"": ""com.facebook.react.uimanager.BaseViewManager"", ""method"": ""setTransform""}"
106240,reflection,Method.invoke,"{""class"": ""com.facebook.react.uimanager.BaseViewManager"", ""method"": ""setOpacity""}"
106240,reflection,Method.invoke,"{""class"": ""com.facebook.react.views.view.ReactViewManager"", ""method"": ""setBorderColor""}"
106249,reflection,Method.invoke,"{""class"": ""com.facebook.react.uimanager.BaseViewManager"", ""method"": ""setOpacity""}"
106250,reflection,Method.invoke,"{""class"": ""com.facebook.react.uimanager.BaseViewManager"", ""method"": ""setOpacity""}"
106251,reflection,Method.invoke,"{""class"": ""com.facebook.react.uimanager.BaseViewManager"", ""method"": ""setTransform""}"
106252,reflection,Method.invoke,"{""class"": ""com.facebook.react.uimanager.BaseViewManager"", ""method"": ""setTransform""}"
106252,reflection,Method.invoke,"{""class"": ""com.facebook.react.uimanager.BaseViewManager"", ""method"": ""setOpacity""}"
106252,reflection,Method.invoke,"{""class"": ""com.facebook.react.views.view.ReactViewManager"", ""method"": ""setBorderColor""}"
106266,reflection,Method.invoke,"{""class"": ""com.facebook.react.uimanager.BaseViewManager"", ""method"": ""setOpacity""}"
106270,reflection,Method.invoke,"{""class"": ""com.facebook.react.uimanager.BaseViewManager"", ""method"": ""setOpacity""}"
106273,reflection,Method.invoke,"{""class"": ""com.facebook.react.uimanager.BaseViewManager"", ""method"": ""setTransform""}"
106274,reflection,Method.invoke,"{""class"": ""com.facebook.react.uimanager.BaseViewManager"", ""method"": ""setTransform""}"
106274,reflection,Method.invoke,"{""class"": ""com.facebook.react.uimanager.BaseViewManager"", ""method"": ""setOpacity""}"
106275,reflection,Method.invoke,"{""class"": ""com.facebook.react.views.view.ReactViewManager"", ""method"": ""setBorderColor""}"
106281,reflection,Method.invoke,"{""class"": ""com.facebook.react.uimanager.BaseViewManager"", ""method"": ""setOpacity""}"
106285,reflection,Method.invoke,"{""class"": ""com.facebook.react.uimanager.BaseViewManager"", ""method"": ""setOpacity""}"
106286,reflection,Method.invoke,"{""class"": ""com.facebook.react.uimanager.BaseViewManager"", ""method"": ""setTransform""}"
106287,reflection,Method.invoke,"{""class"": ""com.facebook.react.uimanager.BaseViewManager"", ""method"": ""setTransform""}"
106288,reflection,Method.invoke,"{""class"": ""com.facebook.react.uimanager.BaseViewManager"", ""method"": ""setOpacity""}"
106289,reflection,Method.invoke,"{""class"": ""com.facebook.react.views.view.ReactViewManager"", ""method"": ""setBorderColor""}"
106302,reflection,Method.invoke,"{""class"": ""com.facebook.react.uimanager.BaseViewManager"", ""method"": ""setOpacity""}"
106304,reflection,Method.invoke,"{""class"": ""com.facebook.react.uimanager.BaseViewManager"", ""method"": ""setOpacity""}"
106304,reflection,Method.invoke,"{""class"": ""com.facebook.react.uimanager.BaseViewManager"", ""method"": ""setTransform""}"
106304,reflection,Method.invoke,"{""class"": ""com.facebook.react.uimanager.BaseViewManager"", ""method"": ""setTransform""}"
106305,reflection,Method.invoke,"{""class"": ""com.facebook.react.uimanager.BaseViewManager"", ""method"": ""setOpacity""}"
106305,reflection,Method.invoke,"{""class"": ""com.facebook.react.views.view.ReactViewManager"", ""method"": ""setBorderColor""}"
106314,reflection,Method.invoke,"{""class"": ""com.facebook.react.uimanager.BaseViewManager"", ""method"": ""setOpacity""}"
106318,reflection,Method.invoke,"{""class"": ""com.facebook.react.uimanager.BaseViewManager"", ""method"": ""setOpacity""}"
106318,reflection,Method.invoke,"{""class"": ""com.facebook.react.uimanager.BaseViewManager"", ""method"": ""setTransform""}"
106319,reflection,Method.invoke,"{""class"": ""com.facebook.react.uimanager.BaseViewManager"", ""method"": ""setTransform""}"
106320,reflection,Method.invoke,"{""class"": ""com.facebook.react.uimanager.BaseViewManager"", ""method"": ""setOpacity""}"
106324,reflection,Method.invoke,"{""class"": ""com.facebook.react.views.view.ReactViewManager"", ""method"": ""setBorderColor""}"
106333,reflection,Method.invoke,"{""class"": ""com.facebook.react.uimanager.BaseViewManager"", ""method"": ""setOpacity""}"
106337,reflection,Method.invoke,"{""class"": ""com.facebook.react.uimanager.BaseViewManager"", ""method"": ""setOpacity""}"
106338,reflection,Method.invoke,"{""class"": ""com.facebook.react.uimanager.BaseViewManager"", ""method"": ""setTransform""}"
106339,reflection,Method.invoke,"{""class"": ""com.facebook.react.uimanager.BaseViewManager"", ""method"": ""setTransform""}"
106340,reflection,Method.invoke,"{""class"": ""com.facebook.react.uimanager.BaseViewManager"", ""method"": ""setOpacity""}"
106341,reflection,Method.invoke,"{""class"": ""com.facebook.react.views.view.ReactViewManager"", ""method"": ""setBorderColor""}"
106349,reflection,Method.invoke,"{""class"": ""com.facebook.react.uimanager.BaseViewManager"", ""method"": ""setOpacity""}"
106349,reflection,Method.invoke,"{""class"": ""com.facebook.react.uimanager.BaseViewManager"", ""method"": ""setTransform""}"
106350,reflection,Method.invoke,"{""class"": ""com.facebook.react.uimanager.BaseViewManager"", ""method"": ""setTransform""}"
106350,reflection,Method.invoke,"{""class"": ""com.facebook.react.uimanager.BaseViewManager"", ""method"": ""setOpacity""}"
106351,reflection,Method.invoke,"{""class"": ""com.facebook.react.views.view.ReactViewManager"", ""method"": ""setBorderColor""}"
106366,reflection,Method.invoke,"{""class"": ""com.facebook.react.uimanager.BaseViewManager"", ""method"": ""setOpacity""}"
106367,reflection,Method.invoke,"{""class"": ""com.facebook.react.uimanager.BaseViewManager"", ""method"": ""setTransform""}"
106372,reflection,Method.invoke,"{""class"": ""com.facebook.react.uimanager.BaseViewManager"", ""method"": ""setTransform""}"
106372,reflection,Method.invoke,"{""class"": ""com.facebook.react.uimanager.BaseViewManager"", ""method"": ""setOpacity""}"
106373,reflection,Method.invoke,"{""class"": ""com.facebook.react.views.view.ReactViewManager"", ""method"": ""setBorderColor""}"
106383,reflection,Method.invoke,"{""class"": ""com.facebook.react.uimanager.BaseViewManager"", ""method"": ""setOpacity""}"
106387,reflection,Method.invoke,"{""class"": ""com.facebook.react.uimanager.BaseViewManager"", ""method"": ""setTransform""}"
106388,reflection,Method.invoke,"{""class"": ""com.facebook.react.uimanager.BaseViewManager"", ""method"": ""setTransform""}"
106389,reflection,Method.invoke,"{""class"": ""com.facebook.react.uimanager.BaseViewManager"", ""method"": ""setOpacity""}"
106390,reflection,Method.invoke,"{""class"": ""com.facebook.react.views.view.ReactViewManager"", ""method"": ""setBorderColor""}"
106398,reflection,Method.invoke,"{""class"": ""com.facebook.react.uimanager.BaseViewManager"", ""method"": ""setOpacity""}"
106399,reflection,Method.invoke,"{""class"": ""com.facebook.react.uimanager.BaseViewManager"", ""method"": ""setTransform""}"
106399,reflection,Method.invoke,"{""class"": ""com.facebook.react.uimanager.BaseViewManager"", ""method"": ""setTransform""}"
106400,reflection,Method.invoke,"{""class"": ""com.facebook.react.uimanager.BaseViewManager"", ""method"": ""setOpacity""}"
106401,reflection,Method.invoke,"{""class"": ""com.facebook.react.views.view.ReactViewManager"", ""method"": ""setBorderColor""}"
106418,reflection,Method.invoke,"{""class"": ""com.facebook.react.uimanager.BaseViewManager"", ""method"": ""setOpacity""}"
106419,reflection,Method.invoke,"{""class"": ""com.facebook.react.uimanager.BaseViewManager"", ""method"": ""setTransform""}"
106419,reflection,Method.invoke,"{""class"": ""com.facebook.react.uimanager.BaseViewManager"", ""method"": ""setTransform""}"
106422,reflection,Method.invoke,"{""class"": ""com.facebook.react.uimanager.BaseViewManager"", ""method"": ""setOpacity""}"
106422,reflection,Method.invoke,"{""class"": ""com.facebook.react.views.view.ReactViewManager"", ""method"": ""setBorderColor""}"
106435,reflection,Method.invoke,"{""class"": ""com.facebook.react.uimanager.BaseViewManager"", ""method"": ""setOpacity""}"
106437,reflection,Method.invoke,"{""class"": ""com.facebook.react.uimanager.BaseViewManager"", ""method"": ""setTransform""}"
106439,reflection,Method.invoke,"{""class"": ""com.facebook.react.uimanager.BaseViewManager"", ""method"": ""setTransform""}"
106440,reflection,Method.invoke,"{""class"": ""com.facebook.react.uimanager.BaseViewManager"", ""method"": ""setOpacity""}"
106440,reflection,Method.invoke,"{""class"": ""com.facebook.react.views.view.ReactViewManager"", ""method"": ""setBorderColor""}"
106451,reflection,Method.invoke,"{""class"": ""com.facebook.react.uimanager.BaseViewManager"", ""method"": ""setOpacity""}"
106452,reflection,Method.invoke,"{""class"": ""com.facebook.react.uimanager.BaseViewManager"", ""method"": ""setTransform""}"
106453,reflection,Method.invoke,"{""class"": ""com.facebook.react.uimanager.BaseViewManager"", ""method"": ""setTransform""}"
106454,reflection,Method.invoke,"{""class"": ""com.facebook.react.uimanager.BaseViewManager"", ""method"": ""setOpacity""}"
106455,reflection,Method.invoke,"{""class"": ""com.facebook.react.views.view.ReactViewManager"", ""method"": ""setBorderColor""}"
106466,reflection,Method.invoke,"{""class"": ""com.facebook.react.uimanager.BaseViewManager"", ""method"": ""setOpacity""}"
106467,reflection,Method.invoke,"{""class"": ""com.facebook.react.uimanager.BaseViewManager"", ""method"": ""setTransform""}"
106468,reflection,Method.invoke,"{""class"": ""com.facebook.react.uimanager.BaseViewManager"", ""method"": ""setTransform""}"
106468,reflection,Method.invoke,"{""class"": ""com.facebook.react.uimanager.BaseViewManager"", ""method"": ""setOpacity""}"
106469,reflection,Method.invoke,"{""class"": ""com.facebook.react.views.view.ReactViewManager"", ""method"": ""setBorderColor""}"
106483,reflection,Method.invoke,"{""class"": ""com.facebook.react.uimanager.BaseViewManager"", ""method"": ""setOpacity""}"
106483,reflection,Method.invoke,"{""class"": ""com.facebook.react.uimanager.BaseViewManager"", ""method"": ""setTransform""}"
106483,reflection,Method.invoke,"{""class"": ""com.facebook.react.uimanager.BaseViewManager"", ""method"": ""setTransform""}"
106483,reflection,Method.invoke,"{""class"": ""com.facebook.react.uimanager.BaseViewManager"", ""method"": ""setOpacity""}"
106484,reflection,Method.invoke,"{""class"": ""com.facebook.react.views.view.ReactViewManager"", ""method"": ""setBorderColor""}"
106498,reflection,Method.invoke,"{""class"": ""com.facebook.react.uimanager.BaseViewManager"", ""method"": ""setOpacity""}"
106498,reflection,Method.invoke,"{""class"": ""com.facebook.react.uimanager.BaseViewManager"", ""method"": ""setTransform""}"
106499,reflection,Method.invoke,"{""class"": ""com.facebook.react.uimanager.BaseViewManager"", ""method"": ""setTransform""}"
106499,reflection,Method.invoke,"{""class"": ""com.facebook.react.uimanager.BaseViewManager"", ""method"": ""setOpacity""}"
106499,reflection,Method.invoke,"{""class"": ""com.facebook.react.views.view.ReactViewManager"", ""method"": ""setBorderColor""}"
106516,reflection,Method.invoke,"{""class"": ""com.facebook.react.uimanager.BaseViewManager"", ""method"": ""setOpacity""}"
106516,reflection,Method.invoke,"{""class"": ""com.facebook.react.uimanager.BaseViewManager"", ""method"": ""setTransform""}"
106516,reflection,Method.invoke,"{""class"": ""com.facebook.react.uimanager.BaseViewManager"", ""method"": ""setTransform""}"
106516,reflection,Method.invoke,"{""class"": ""com.facebook.react.uimanager.BaseViewManager"", ""method"": ""setOpacity""}"
106516,reflection,Method.invoke,"{""class"": ""com.facebook.react.views.view.ReactViewManager"", ""method"": ""setBorderColor""}"
106534,reflection,Method.invoke,"{""class"": ""com.facebook.react.uimanager.BaseViewManager"", ""method"": ""setOpacity""}"
106535,reflection,Method.invoke,"{""class"": ""com.facebook.react.uimanager.BaseViewManager"", ""method"": ""setTransform""}"
106535,reflection,Method.invoke,"{""class"": ""com.facebook.react.uimanager.BaseViewManager"", ""method"": ""setTransform""}"
106535,reflection,Method.invoke,"{""class"": ""com.facebook.react.uimanager.BaseViewManager"", ""method"": ""setOpacity""}"
106535,reflection,Method.invoke,"{""class"": ""com.facebook.react.views.view.ReactViewManager"", ""method"": ""setBorderColor""}"
106552,reflection,Method.invoke,"{""class"": ""com.facebook.react.uimanager.BaseViewManager"", ""method"": ""setOpacity""}"
106552,reflection,Method.invoke,"{""class"": ""com.facebook.react.uimanager.BaseViewManager"", ""method"": ""setTransform""}"
106552,reflection,Method.invoke,"{""class"": ""com.facebook.react.uimanager.BaseViewManager"", ""method"": ""setTransform""}"
106553,reflection,Method.invoke,"{""class"": ""com.facebook.react.uimanager.BaseViewManager"", ""method"": ""setOpacity""}"
106555,reflection,Method.invoke,"{""class"": ""com.facebook.react.views.view.ReactViewManager"", ""method"": ""setBorderColor""}"
106568,reflection,Method.invoke,"{""class"": ""com.facebook.react.uimanager.BaseViewManager"", ""method"": ""setOpacity""}"
106569,reflection,Method.invoke,"{""class"": ""com.facebook.react.uimanager.BaseViewManager"", ""method"": ""setTransform""}"
106569,reflection,Method.invoke,"{""class"": ""com.facebook.react.uimanager.BaseViewManager"", ""method"": ""setTransform""}"
106572,reflection,Method.invoke,"{""class"": ""com.facebook.react.uimanager.BaseViewManager"", ""method"": ""setOpacity""}"
106572,reflection,Method.invoke,"{""class"": ""com.facebook.react.views.view.ReactViewManager"", ""method"": ""setBorderColor""}"
106584,reflection,Method.invoke,"{""class"": ""com.facebook.react.uimanager.BaseViewManager"", ""method"": ""setOpacity""}"
106584,reflection,Method.invoke,"{""class"": ""com.facebook.react.uimanager.BaseViewManager"", ""method"": ""setTransform""}"
106584,reflection,Method.invoke,"{""class"": ""com.facebook.react.uimanager.BaseViewManager"", ""method"": ""setTransform""}"
106585,reflection,Method.invoke,"{""class"": ""com.facebook.react.uimanager.BaseViewManager"", ""method"": ""setOpacity""}"
106585,reflection,Method.invoke,"{""class"": ""com.facebook.react.views.view.ReactViewManager"", ""method"": ""setBorderColor""}"
106599,reflection,Method.invoke,"{""class"": ""com.facebook.react.uimanager.BaseViewManager"", ""method"": ""setOpacity""}"
106601,reflection,Method.invoke,"{""class"": ""com.facebook.react.uimanager.BaseViewManager"", ""method"": ""setTransform""}"
106602,reflection,Method.invoke,"{""class"": ""com.facebook.react.uimanager.BaseViewManager"", ""method"": ""setTransform""}"
106602,reflection,Method.invoke,"{""class"": ""com.facebook.react.uimanager.BaseViewManager"", ""method"": ""setOpacity""}"
106603,reflection,Method.invoke,"{""class"": ""com.facebook.react.views.view.ReactViewManager"", ""method"": ""setBorderColor""}"
106616,reflection,Method.invoke,"{""class"": ""com.facebook.react.uimanager.BaseViewManager"", ""method"": ""setOpacity""}"
106617,reflection,Method.invoke,"{""class"": ""com.facebook.react.uimanager.BaseViewManager"", ""method"": ""setTransform""}"
106618,reflection,Method.invoke,"{""class"": ""com.facebook.react.uimanager.BaseViewManager"", ""method"": ""setTransform""}"
106619,reflection,Method.invoke,"{""class"": ""com.facebook.react.uimanager.BaseViewManager"", ""method"": ""setOpacity""}"
106620,reflection,Method.invoke,"{""class"": ""com.facebook.react.views.view.ReactViewManager"", ""method"": ""setBorderColor""}"
106632,reflection,Method.invoke,"{""class"": ""com.facebook.react.uimanager.BaseViewManager"", ""method"": ""setOpacity""}"
106632,reflection,Method.invoke,"{""class"": ""com.facebook.react.uimanager.BaseViewManager"", ""method"": ""setTransform""}"
106632,reflection,Method.invoke,"{""class"": ""com.facebook.react.uimanager.BaseViewManager"", ""method"": ""setTransform""}"
106633,reflection,Method.invoke,"{""class"": ""com.facebook.react.uimanager.BaseViewManager"", ""method"": ""setOpacity""}"
106633,reflection,Method.invoke,"{""class"": ""com.facebook.react.views.view.ReactViewManager"", ""method"": ""setBorderColor""}"
106648,reflection,Method.invoke,"{""class"": ""com.facebook.react.uimanager.BaseViewManager"", ""method"": ""setOpacity""}"
106649,reflection,Method.invoke,"{""class"": ""com.facebook.react.uimanager.BaseViewManager"", ""method"": ""setTransform""}"
106652,reflection,Method.invoke,"{""class"": ""com.facebook.react.uimanager.BaseViewManager"", ""method"": ""setTransform""}"
106652,reflection,Method.invoke,"{""class"": ""com.facebook.react.uimanager.BaseViewManager"", ""method"": ""setOpacity""}"
106653,reflection,Method.invoke,"{""class"": ""com.facebook.react.views.view.ReactViewManager"", ""method"": ""setBorderColor""}"
106666,reflection,Method.invoke,"{""class"": ""com.facebook.react.uimanager.BaseViewManager"", ""method"": ""setOpacity""}"
106667,reflection,Method.invoke,"{""class"": ""com.facebook.react.uimanager.BaseViewManager"", ""method"": ""setTransform""}"
106667,reflection,Method.invoke,"{""class"": ""com.facebook.react.uimanager.BaseViewManager"", ""method"": ""setTransform""}"
106667,reflection,Method.invoke,"{""class"": ""com.facebook.react.uimanager.BaseViewManager"", ""method"": ""setOpacity""}"
106667,reflection,Method.invoke,"{""class"": ""com.facebook.react.views.view.ReactViewManager"", ""method"": ""setBorderColor""}"
106682,reflection,Method.invoke,"{""class"": ""com.facebook.react.uimanager.BaseViewManager"", ""method"": ""setOpacity""}"
106682,reflection,Method.invoke,"{""class"": ""com.facebook.react.uimanager.BaseViewManager"", ""method"": ""setTransform""}"
106683,reflection,Method.invoke,"{""class"": ""com.facebook.react.uimanager.BaseViewManager"", ""method"": ""setTransform""}"
106683,reflection,Method.invoke,"{""class"": ""com.facebook.react.uimanager.BaseViewManager"", ""method"": ""setOpacity""}"
106683,reflection,Method.invoke,"{""class"": ""com.facebook.react.views.view.ReactViewManager"", ""method"": ""setBorderColor""}"
106700,reflection,Method.invoke,"{""class"": ""com.facebook.react.uimanager.BaseViewManager"", ""method"": ""setOpacity""}"
106701,reflection,Method.invoke,"{""class"": ""com.facebook.react.uimanager.BaseViewManager"", ""method"": ""setTransform""}"
106702,reflection,Method.invoke,"{""class"": ""com.facebook.react.uimanager.BaseViewManager"", ""method"": ""setTransform""}"
106702,reflection,Method.invoke,"{""class"": ""com.facebook.react.uimanager.BaseViewManager"", ""method"": ""setOpacity""}"
106703,reflection,Method.invoke,"{""class"": ""com.facebook.react.views.view.ReactViewManager"", ""method"": ""setBorderColor""}"
106717,reflection,Method.invoke,"{""class"": ""com.facebook.react.uimanager.BaseViewManager"", ""method"": ""setOpacity""}"
106718,reflection,Method.invoke,"{""class"": ""com.facebook.react.uimanager.BaseViewManager"", ""method"": ""setTransform""}"
106718,reflection,Method.invoke,"{""class"": ""com.facebook.react.uimanager.BaseViewManager"", ""method"": ""setTransform""}"
106718,reflection,Method.invoke,"{""class"": ""com.facebook.react.uimanager.BaseViewManager"", ""method"": ""setOpacity""}"
106718,reflection,Method.invoke,"{""class"": ""com.facebook.react.views.view.ReactViewManager"", ""method"": ""setBorderColor""}"
106735,reflection,Method.invoke,"{""class"": ""com.facebook.react.uimanager.BaseViewManager"", ""method"": ""setOpacity""}"
106735,reflection,Method.invoke,"{""class"": ""com.facebook.react.uimanager.BaseViewManager"", ""method"": ""setTransform""}"
106736,reflection,Method.invoke,"{""class"": ""com.facebook.react.uimanager.BaseViewManager"", ""method"": ""setTransform""}"
106737,reflection,Method.invoke,"{""class"": ""com.facebook.react.uimanager.BaseViewManager"", ""method"": ""setOpacity""}"
106738,reflection,Method.invoke,"{""class"": ""com.facebook.react.views.view.ReactViewManager"", ""method"": ""setBorderColor""}"
106751,reflection,Method.invoke,"{""class"": ""com.facebook.react.uimanager.BaseViewManager"", ""method"": ""setOpacity""}"
106751,reflection,Method.invoke,"{""class"": ""com.facebook.react.uimanager.BaseViewManager"", ""method"": ""setTransform""}"
106751,reflection,Method.invoke,"{""class"": ""com.facebook.react.uimanager.BaseViewManager"", ""method"": ""setTransform""}"
106751,reflection,Method.invoke,"{""class"": ""com.facebook.react.uimanager.BaseViewManager"", ""method"": ""setOpacity""}"
106751,reflection,Method.invoke,"{""class"": ""com.facebook.react.views.view.ReactViewManager"", ""method"": ""setBorderColor""}"
106766,reflection,Method.invoke,"{""class"": ""com.facebook.react.uimanager.BaseViewManager"", ""method"": ""setOpacity""}"
106767,reflection,Method.invoke,"{""class"": ""com.facebook.react.uimanager.BaseViewManager"", ""method"": ""setTransform""}"
106768,reflection,Method.invoke,"{""class"": ""com.facebook.react.uimanager.BaseViewManager"", ""method"": ""setTransform""}"
106769,reflection,Method.invoke,"{""class"": ""com.facebook.react.uimanager.BaseViewManager"", ""method"": ""setOpacity""}"
106770,reflection,Method.invoke,"{""class"": ""com.facebook.react.views.view.ReactViewManager"", ""method"": ""setBorderColor""}"
106784,reflection,Method.invoke,"{""class"": ""com.facebook.react.uimanager.BaseViewManager"", ""method"": ""setOpacity""}"
106786,reflection,Method.invoke,"{""class"": ""com.facebook.react.uimanager.BaseViewManager"", ""method"": ""setTransform""}"
106786,reflection,Method.invoke,"{""class"": ""com.facebook.react.uimanager.BaseViewManager"", ""method"": ""setTransform""}"
106787,reflection,Method.invoke,"{""class"": ""com.facebook.react.uimanager.BaseViewManager"", ""method"": ""setOpacity""}"
106788,reflection,Method.invoke,"{""class"": ""com.facebook.react.views.view.ReactViewManager"", ""method"": ""setBorderColor""}"
106800,reflection,Method.invoke,"{""class"": ""com.facebook.react.uimanager.BaseViewManager"", ""method"": ""setOpacity""}"
106801,reflection,Method.invoke,"{""class"": ""com.facebook.react.uimanager.BaseViewManager"", ""method"": ""setTransform""}"
106802,reflection,Method.invoke,"{""class"": ""com.facebook.react.uimanager.BaseViewManager"", ""method"": ""setTransform""}"
106803,reflection,Method.invoke,"{""class"": ""com.facebook.react.uimanager.BaseViewManager"", ""method"": ""setOpacity""}"
106803,reflection,Method.invoke,"{""class"": ""com.facebook.react.views.view.ReactViewManager"", ""method"": ""setBorderColor""}"
106820,reflection,Method.invoke,"{""class"": ""com.facebook.react.uimanager.BaseViewManager"", ""method"": ""setOpacity""}"
106820,reflection,Method.invoke,"{""class"": ""com.facebook.react.uimanager.BaseViewManager"", ""method"": ""setTransform""}"
106822,reflection,Method.invoke,"{""class"": ""com.facebook.react.uimanager.BaseViewManager"", ""method"": ""setTransform""}"
106823,reflection,Method.invoke,"{""class"": ""com.facebook.react.uimanager.BaseViewManager"", ""method"": ""setOpacity""}"
106824,reflection,Method.invoke,"{""class"": ""com.facebook.react.views.view.ReactViewManager"", ""method"": ""setBorderColor""}"
106832,reflection,Method.invoke,"{""class"": ""com.facebook.react.uimanager.BaseViewManager"", ""method"": ""setOpacity""}"
106833,reflection,Method.invoke,"{""class"": ""com.facebook.react.uimanager.BaseViewManager"", ""method"": ""setTransform""}"
106834,reflection,Method.invoke,"{""class"": ""com.facebook.react.uimanager.BaseViewManager"", ""method"": ""setTransform""}"
106835,reflection,Method.invoke,"{""class"": ""com.facebook.react.uimanager.BaseViewManager"", ""method"": ""setOpacity""}"
106836,reflection,Method.invoke,"{""class"": ""com.facebook.react.views.view.ReactViewManager"", ""method"": ""setBorderColor""}"
106849,reflection,Method.invoke,"{""class"": ""com.facebook.react.uimanager.BaseViewManager"", ""method"": ""setOpacity""}"
106850,reflection,Method.invoke,"{""class"": ""com.facebook.react.uimanager.BaseViewManager"", ""method"": ""setTransform""}"
106850,reflection,Method.invoke,"{""class"": ""com.facebook.react.uimanager.BaseViewManager"", ""method"": ""setTransform""}"
106851,reflection,Method.invoke,"{""class"": ""com.facebook.react.uimanager.BaseViewManager"", ""method"": ""setOpacity""}"
106853,reflection,Method.invoke,"{""class"": ""com.facebook.react.views.view.ReactViewManager"", ""method"": ""setBorderColor""}"
106867,reflection,Method.invoke,"{""class"": ""com.facebook.react.uimanager.BaseViewManager"", ""method"": ""setOpacity""}"
106868,reflection,Method.invoke,"{""class"": ""com.facebook.react.uimanager.BaseViewManager"", ""method"": ""setTransform""}"
106870,reflection,Method.invoke,"{""class"": ""com.facebook.react.uimanager.BaseViewManager"", ""method"": ""setTransform""}"
106872,reflection,Method.invoke,"{""class"": ""com.facebook.react.uimanager.BaseViewManager"", ""method"": ""setOpacity""}"
106874,reflection,Method.invoke,"{""class"": ""com.facebook.react.views.view.ReactViewManager"", ""method"": ""setBorderColor""}"
106882,reflection,Method.invoke,"{""class"": ""com.facebook.react.uimanager.BaseViewManager"", ""method"": ""setOpacity""}"
106884,reflection,Method.invoke,"{""class"": ""com.facebook.react.uimanager.BaseViewManager"", ""method"": ""setTransform""}"
106887,reflection,Method.invoke,"{""class"": ""com.facebook.react.uimanager.BaseViewManager"", ""method"": ""setTransform""}"
106888,reflection,Method.invoke,"{""class"": ""com.facebook.react.uimanager.BaseViewManager"", ""method"": ""setOpacity""}"
106891,reflection,Method.invoke,"{""class"": ""com.facebook.react.views.view.ReactViewManager"", ""method"": ""setBorderColor""}"
106901,reflection,Method.invoke,"{""class"": ""com.facebook.react.uimanager.BaseViewManager"", ""method"": ""setOpacity""}"
106901,reflection,Method.invoke,"{""class"": ""com.facebook.react.uimanager.BaseViewManager"", ""method"": ""setTransform""}"
106901,reflection,Method.invoke,"{""class"": ""com.facebook.react.uimanager.BaseViewManager"", ""method"": ""setTransform""}"
106901,reflection,Method.invoke,"{""class"": ""com.facebook.react.uimanager.BaseViewManager"", ""method"": ""setOpacity""}"
106901,reflection,Method.invoke,"{""class"": ""com.facebook.react.views.view.ReactViewManager"", ""method"": ""setBorderColor""}"
106916,reflection,Method.invoke,"{""class"": ""com.facebook.react.uimanager.BaseViewManager"", ""method"": ""setOpacity""}"
106917,reflection,Method.invoke,"{""class"": ""com.facebook.react.uimanager.BaseViewManager"", ""method"": ""setTransform""}"
106920,reflection,Method.invoke,"{""class"": ""com.facebook.react.uimanager.BaseViewManager"", ""method"": ""setTransform""}"
106922,reflection,Method.invoke,"{""class"": ""com.facebook.react.uimanager.BaseViewManager"", ""method"": ""setOpacity""}"
106922,reflection,Method.invoke,"{""class"": ""com.facebook.react.views.view.ReactViewManager"", ""method"": ""setBorderColor""}"
106931,reflection,Method.invoke,"{""class"": ""com.facebook.react.uimanager.BaseViewManager"", ""method"": ""setOpacity""}"
106932,reflection,Method.invoke,"{""class"": ""com.facebook.react.uimanager.BaseViewManager"", ""method"": ""setTransform""}"
106932,reflection,Method.invoke,"{""class"": ""com.facebook.react.uimanager.BaseViewManager"", ""method"": ""setTransform""}"
106934,reflection,Method.invoke,"{""class"": ""com.facebook.react.uimanager.BaseViewManager"", ""method"": ""setOpacity""}"
106935,reflection,Method.invoke,"{""class"": ""com.facebook.react.views.view.ReactViewManager"", ""method"": ""setBorderColor""}"
106950,reflection,Method.invoke,"{""class"": ""com.facebook.react.uimanager.BaseViewManager"", ""method"": ""setOpacity""}"
106951,reflection,Method.invoke,"{""class"": ""com.facebook.react.uimanager.BaseViewManager"", ""method"": ""setTransform""}"
106952,reflection,Method.invoke,"{""class"": ""com.facebook.react.uimanager.BaseViewManager"", ""method"": ""setTransform""}"
106953,reflection,Method.invoke,"{""class"": ""com.facebook.react.uimanager.BaseViewManager"", ""method"": ""setOpacity""}"
106954,reflection,Method.invoke,"{""class"": ""com.facebook.react.views.view.ReactViewManager"", ""method"": ""setBorderColor""}"
106967,reflection,Method.invoke,"{""class"": ""com.facebook.react.uimanager.BaseViewManager"", ""method"": ""setOpacity""}"
106967,reflection,Method.invoke,"{""class"": ""com.facebook.react.uimanager.BaseViewManager"", ""method"": ""setTransform""}"
106967,reflection,Method.invoke,"{""class"": ""com.facebook.react.uimanager.BaseViewManager"", ""method"": ""setTransform""}"
106967,reflection,Method.invoke,"{""class"": ""com.facebook.react.uimanager.BaseViewManager"", ""method"": ""setOpacity""}"
106968,reflection,Method.invoke,"{""class"": ""com.facebook.react.views.view.ReactViewManager"", ""method"": ""setBorderColor""}"
106983,reflection,Method.invoke,"{""class"": ""com.facebook.react.uimanager.BaseViewManager"", ""method"": ""setOpacity""}"
106983,reflection,Method.invoke,"{""class"": ""com.facebook.react.uimanager.BaseViewManager"", ""method"": ""setTransform""}"
106983,reflection,Method.invoke,"{""class"": ""com.facebook.react.uimanager.BaseViewManager"", ""method"": ""setTransform""}"
106984,reflection,Method.invoke,"{""class"": ""com.facebook.react.uimanager.BaseViewManager"", ""method"": ""setOpacity""}"
106984,reflection,Method.invoke,"{""class"": ""com.facebook.react.views.view.ReactViewManager"", ""method"": ""setBorderColor""}"
106998,reflection,Method.invoke,"{""class"": ""com.facebook.react.uimanager.BaseViewManager"", ""method"": ""setOpacity""}"
106999,reflection,Method.invoke,"{""class"": ""com.facebook.react.uimanager.BaseViewManager"", ""method"": ""setTransform""}"
106999,reflection,Method.invoke,"{""class"": ""com.facebook.react.uimanager.BaseViewManager"", ""method"": ""setTransform""}"
106999,reflection,Method.invoke,"{""class"": ""com.facebook.react.uimanager.BaseViewManager"", ""method"": ""setOpacity""}"
107000,reflection,Method.invoke,"{""class"": ""com.facebook.react.views.view.ReactViewManager"", ""method"": ""setBorderColor""}"
107017,reflection,Method.invoke,"{""class"": ""com.facebook.react.uimanager.BaseViewManager"", ""method"": ""setOpacity""}"
107018,reflection,Method.invoke,"{""class"": ""com.facebook.react.uimanager.BaseViewManager"", ""method"": ""setTransform""}"
107019,reflection,Method.invoke,"{""class"": ""com.facebook.react.uimanager.BaseViewManager"", ""method"": ""setTransform""}"
107019,reflection,Method.invoke,"{""class"": ""com.facebook.react.uimanager.BaseViewManager"", ""method"": ""setOpacity""}"
107022,reflection,Method.invoke,"{""class"": ""com.facebook.react.views.view.ReactViewManager"", ""method"": ""setBorderColor""}"
107034,reflection,Method.invoke,"{""class"": ""com.facebook.react.uimanager.BaseViewManager"", ""method"": ""setOpacity""}"
107035,reflection,Method.invoke,"{""class"": ""com.facebook.react.uimanager.BaseViewManager"", ""method"": ""setTransform""}"
107035,reflection,Method.invoke,"{""class"": ""com.facebook.react.uimanager.BaseViewManager"", ""method"": ""setTransform""}"
107035,reflection,Method.invoke,"{""class"": ""com.facebook.react.uimanager.BaseViewManager"", ""method"": ""setOpacity""}"
107035,reflection,Method.invoke,"{""class"": ""com.facebook.react.views.view.ReactViewManager"", ""method"": ""setBorderColor""}"
107051,reflection,Method.invoke,"{""class"": ""com.facebook.react.uimanager.BaseViewManager"", ""method"": ""setOpacity""}"
107053,reflection,Method.invoke,"{""class"": ""com.facebook.react.uimanager.BaseViewManager"", ""method"": ""setTransform""}"
107053,reflection,Method.invoke,"{""class"": ""com.facebook.react.uimanager.BaseViewManager"", ""method"": ""setTransform""}"
107054,reflection,Method.invoke,"{""class"": ""com.facebook.react.uimanager.BaseViewManager"", ""method"": ""setOpacity""}"
107055,reflection,Method.invoke,"{""class"": ""com.facebook.react.views.view.ReactViewManager"", ""method"": ""setBorderColor""}"
107066,reflection,Method.invoke,"{""class"": ""com.facebook.react.uimanager.BaseViewManager"", ""method"": ""setOpacity""}"
107070,reflection,Method.invoke,"{""class"": ""com.facebook.react.uimanager.BaseViewManager"", ""method"": ""setTransform""}"
107070,reflection,Method.invoke,"{""class"": ""com.facebook.react.uimanager.BaseViewManager"", ""method"": ""setTransform""}"
107071,reflection,Method.invoke,"{""class"": ""com.facebook.react.uimanager.BaseViewManager"", ""method"": ""setOpacity""}"
107073,reflection,Method.invoke,"{""class"": ""com.facebook.react.views.view.ReactViewManager"", ""method"": ""setBorderColor""}"
107083,reflection,Method.invoke,"{""class"": ""com.facebook.react.uimanager.BaseViewManager"", ""method"": ""setOpacity""}"
107084,reflection,Method.invoke,"{""class"": ""com.facebook.react.uimanager.BaseViewManager"", ""method"": ""setTransform""}"
107085,reflection,Method.invoke,"{""class"": ""com.facebook.react.uimanager.BaseViewManager"", ""method"": ""setTransform""}"
107090,reflection,Method.invoke,"{""class"": ""com.facebook.react.uimanager.BaseViewManager"", ""method"": ""setOpacity""}"
107091,reflection,Method.invoke,"{""class"": ""com.facebook.react.views.view.ReactViewManager"", ""method"": ""setBorderColor""}"
107098,reflection,Method.invoke,"{""class"": ""com.facebook.react.uimanager.BaseViewManager"", ""method"": ""setOpacity""}"
107099,reflection,Method.invoke,"{""class"": ""com.facebook.react.uimanager.BaseViewManager"", ""method"": ""setTransform""}"
107100,reflection,Method.invoke,"{""class"": ""com.facebook.react.uimanager.BaseViewManager"", ""method"": ""setTransform""}"
107103,reflection,Method.invoke,"{""class"": ""com.facebook.react.uimanager.BaseViewManager"", ""method"": ""setOpacity""}"
107104,reflection,Method.invoke,"{""class"": ""com.facebook.react.views.view.ReactViewManager"", ""method"": ""setBorderColor""}"
107120,reflection,Method.invoke,"{""class"": ""com.facebook.react.uimanager.BaseViewManager"", ""method"": ""setOpacity""}"
107120,reflection,Method.invoke,"{""class"": ""com.facebook.react.uimanager.BaseViewManager"", ""method"": ""setTransform""}"
107121,reflection,Method.invoke,"{""class"": ""com.facebook.react.uimanager.BaseViewManager"", ""method"": ""setTransform""}"
107122,reflection,Method.invoke,"{""class"": ""com.facebook.react.uimanager.BaseViewManager"", ""method"": ""setOpacity""}"
107122,reflection,Method.invoke,"{""class"": ""com.facebook.react.views.view.ReactViewManager"", ""method"": ""setBorderColor""}"
107132,reflection,Method.invoke,"{""class"": ""com.facebook.react.uimanager.BaseViewManager"", ""method"": ""setOpacity""}"
107134,reflection,Method.invoke,"{""class"": ""com.facebook.react.uimanager.BaseViewManager"", ""method"": ""setTransform""}"
107134,reflection,Method.invoke,"{""class"": ""com.facebook.react.uimanager.BaseViewManager"", ""method"": ""setTransform""}"
107135,reflection,Method.invoke,"{""class"": ""com.facebook.react.uimanager.BaseViewManager"", ""method"": ""setOpacity""}"
107135,reflection,Method.invoke,"{""class"": ""com.facebook.react.views.view.ReactViewManager"", ""method"": ""setBorderColor""}"
107151,reflection,Method.invoke,"{""class"": ""com.facebook.react.uimanager.BaseViewManager"", ""method"": ""setOpacity""}"
107151,reflection,Method.invoke,"{""class"": ""com.facebook.react.uimanager.BaseViewManager"", ""method"": ""setTransform""}"
107151,reflection,Method.invoke,"{""class"": ""com.facebook.react.uimanager.BaseViewManager"", ""method"": ""setTransform""}"
107152,reflection,Method.invoke,"{""class"": ""com.facebook.react.uimanager.BaseViewManager"", ""method"": ""setOpacity""}"
107152,reflection,Method.invoke,"{""class"": ""com.facebook.react.views.view.ReactViewManager"", ""method"": ""setBorderColor""}"
107169,reflection,Method.invoke,"{""class"": ""com.facebook.react.uimanager.BaseViewManager"", ""method"": ""setOpacity""}"
107171,reflection,Method.invoke,"{""class"": ""com.facebook.react.uimanager.BaseViewManager"", ""method"": ""setTransform""}"
107172,reflection,Method.invoke,"{""class"": ""com.facebook.react.uimanager.BaseViewManager"", ""method"": ""setTransform""}"
107173,reflection,Method.invoke,"{""class"": ""com.facebook.react.uimanager.BaseViewManager"", ""method"": ""setOpacity""}"
107173,reflection,Method.invoke,"{""class"": ""com.facebook.react.views.view.ReactViewManager"", ""method"": ""setBorderColor""}"
107184,reflection,Method.invoke,"{""class"": ""com.facebook.react.uimanager.BaseViewManager"", ""method"": ""setOpacity""}"
107185,reflection,Method.invoke,"{""class"": ""com.facebook.react.uimanager.BaseViewManager"", ""method"": ""setTransform""}"
107187,reflection,Method.invoke,"{""class"": ""com.facebook.react.uimanager.BaseViewManager"", ""method"": ""setTransform""}"
107187,reflection,Method.invoke,"{""class"": ""com.facebook.react.uimanager.BaseViewManager"", ""method"": ""setOpacity""}"
107189,reflection,Method.invoke,"{""class"": ""com.facebook.react.views.view.ReactViewManager"", ""method"": ""setBorderColor""}"
107199,reflection,Method.invoke,"{""class"": ""com.facebook.react.uimanager.BaseViewManager"", ""method"": ""setOpacity""}"
107200,reflection,Method.invoke,"{""class"": ""com.facebook.react.uimanager.BaseViewManager"", ""method"": ""setTransform""}"
107202,reflection,Method.invoke,"{""class"": ""com.facebook.react.uimanager.BaseViewManager"", ""method"": ""setTransform""}"
107204,reflection,Method.invoke,"{""class"": ""com.facebook.react.uimanager.BaseViewManager"", ""method"": ""setOpacity""}"
107204,reflection,Method.invoke,"{""class"": ""com.facebook.react.views.view.ReactViewManager"", ""method"": ""setBorderColor""}"
107217,reflection,Method.invoke,"{""class"": ""com.facebook.react.uimanager.BaseViewManager"", ""method"": ""setOpacity""}"
107218,reflection,Method.invoke,"{""class"": ""com.facebook.react.uimanager.BaseViewManager"", ""method"": ""setTransform""}"
107219,reflection,Method.invoke,"{""class"": ""com.facebook.react.uimanager.BaseViewManager"", ""method"": ""setTransform""}"
107219,reflection,Method.invoke,"{""class"": ""com.facebook.react.uimanager.BaseViewManager"", ""method"": ""setOpacity""}"
107220,reflection,Method.invoke,"{""class"": ""com.facebook.react.views.view.ReactViewManager"", ""method"": ""setBorderColor""}"
107232,reflection,Method.invoke,"{""class"": ""com.facebook.react.uimanager.BaseViewManager"", ""method"": ""setOpacity""}"
107233,reflection,Method.invoke,"{""class"": ""com.facebook.react.uimanager.BaseViewManager"", ""method"": ""setTransform""}"
107233,reflection,Method.invoke,"{""class"": ""com.facebook.react.uimanager.BaseViewManager"", ""method"": ""setTransform""}"
107237,reflection,Method.invoke,"{""class"": ""com.facebook.react.uimanager.BaseViewManager"", ""method"": ""setOpacity""}"
107240,reflection,Method.invoke,"{""class"": ""com.facebook.react.views.view.ReactViewManager"", ""method"": ""setBorderColor""}"
107250,reflection,Method.invoke,"{""class"": ""com.facebook.react.uimanager.BaseViewManager"", ""method"": ""setOpacity""}"
107251,reflection,Method.invoke,"{""class"": ""com.facebook.react.uimanager.BaseViewManager"", ""method"": ""setTransform""}"
107252,reflection,Method.invoke,"{""class"": ""com.facebook.react.uimanager.BaseViewManager"", ""method"": ""setTransform""}"
107252,reflection,Method.invoke,"{""class"": ""com.facebook.react.uimanager.BaseViewManager"", ""method"": ""setOpacity""}"
107254,reflection,Method.invoke,"{""class"": ""com.facebook.react.views.view.ReactViewManager"", ""method"": ""setBorderColor""}"
107266,reflection,Method.invoke,"{""class"": ""com.facebook.react.uimanager.BaseViewManager"", ""method"": ""setOpacity""}"
107267,reflection,Method.invoke,"{""class"": ""com.facebook.react.uimanager.BaseViewManager"", ""method"": ""setTransform""}"
107268,reflection,Method.invoke,"{""class"": ""com.facebook.react.uimanager.BaseViewManager"", ""method"": ""setTransform""}"
107271,reflection,Method.invoke,"{""class"": ""com.facebook.react.uimanager.BaseViewManager"", ""method"": ""setOpacity""}"
107272,reflection,Method.invoke,"{""class"": ""com.facebook.react.views.view.ReactViewManager"", ""method"": ""setBorderColor""}"
107283,reflection,Method.invoke,"{""class"": ""com.facebook.react.uimanager.BaseViewManager"", ""method"": ""setOpacity""}"
107284,reflection,Method.invoke,"{""class"": ""com.facebook.react.uimanager.BaseViewManager"", ""method"": ""setTransform""}"
107285,reflection,Method.invoke,"{""class"": ""com.facebook.react.uimanager.BaseViewManager"", ""method"": ""setTransform""}"
107286,reflection,Method.invoke,"{""class"": ""com.facebook.react.uimanager.BaseViewManager"", ""method"": ""setOpacity""}"
107287,reflection,Method.invoke,"{""class"": ""com.facebook.react.views.view.ReactViewManager"", ""method"": ""setBorderColor""}"
107298,reflection,Method.invoke,"{""class"": ""com.facebook.react.uimanager.BaseViewManager"", ""method"": ""setOpacity""}"
107299,reflection,Method.invoke,"{""class"": ""com.facebook.react.uimanager.BaseViewManager"", ""method"": ""setTransform""}"
107300,reflection,Method.invoke,"{""class"": ""com.facebook.react.uimanager.BaseViewManager"", ""method"": ""setTransform""}"
107301,reflection,Method.invoke,"{""class"": ""com.facebook.react.uimanager.BaseViewManager"", ""method"": ""setOpacity""}"
107302,reflection,Method.invoke,"{""class"": ""com.facebook.react.views.view.ReactViewManager"", ""method"": ""setBorderColor""}"
107316,reflection,Method.invoke,"{""class"": ""com.facebook.react.uimanager.BaseViewManager"", ""method"": ""setOpacity""}"
107316,reflection,Method.invoke,"{""class"": ""com.facebook.react.uimanager.BaseViewManager"", ""method"": ""setTransform""}"
107317,reflection,Method.invoke,"{""class"": ""com.facebook.react.uimanager.BaseViewManager"", ""method"": ""setTransform""}"
107323,reflection,Method.invoke,"{""class"": ""com.facebook.react.uimanager.BaseViewManager"", ""method"": ""setOpacity""}"
107323,reflection,Method.invoke,"{""class"": ""com.facebook.react.views.view.ReactViewManager"", ""method"": ""setBorderColor""}"
107334,reflection,Method.invoke,"{""class"": ""com.facebook.react.uimanager.BaseViewManager"", ""method"": ""setOpacity""}"
107334,reflection,Method.invoke,"{""class"": ""com.facebook.react.uimanager.BaseViewManager"", ""method"": ""setTransform""}"
107336,reflection,Method.invoke,"{""class"": ""com.facebook.react.uimanager.BaseViewManager"", ""method"": ""setTransform""}"
107337,reflection,Method.invoke,"{""class"": ""com.facebook.react.uimanager.BaseViewManager"", ""method"": ""setOpacity""}"
107337,reflection,Method.invoke,"{""class"": ""com.facebook.react.views.view.ReactViewManager"", ""method"": ""setBorderColor""}"
107350,reflection,Method.invoke,"{""class"": ""com.facebook.react.uimanager.BaseViewManager"", ""method"": ""setOpacity""}"
107350,reflection,Method.invoke,"{""class"": ""com.facebook.react.uimanager.BaseViewManager"", ""method"": ""setTransform""}"
107350,reflection,Method.invoke,"{""class"": ""com.facebook.react.uimanager.BaseViewManager"", ""method"": ""setTransform""}"
107350,reflection,Method.invoke,"{""class"": ""com.facebook.react.uimanager.BaseViewManager"", ""method"": ""setOpacity""}"
107350,reflection,Method.invoke,"{""class"": ""com.facebook.react.views.view.ReactViewManager"", ""method"": ""setBorderColor""}"
107367,reflection,Method.invoke,"{""class"": ""com.facebook.react.uimanager.BaseViewManager"", ""method"": ""setOpacity""}"
107368,reflection,Method.invoke,"{""class"": ""com.facebook.react.uimanager.BaseViewManager"", ""method"": ""setTransform""}"
107369,reflection,Method.invoke,"{""class"": ""com.facebook.react.uimanager.BaseViewManager"", ""method"": ""setTransform""}"
107369,reflection,Method.invoke,"{""class"": ""com.facebook.react.uimanager.BaseViewManager"", ""method"": ""setOpacity""}"
107370,reflection,Method.invoke,"{""class"": ""com.facebook.react.views.view.ReactViewManager"", ""method"": ""setBorderColor""}"
107382,reflection,Method.invoke,"{""class"": ""com.facebook.react.uimanager.BaseViewManager"", ""method"": ""setOpacity""}"
107383,reflection,Method.invoke,"{""class"": ""com.facebook.react.uimanager.BaseViewManager"", ""method"": ""setTransform""}"
107383,reflection,Method.invoke,"{""class"": ""com.facebook.react.uimanager.BaseViewManager"", ""method"": ""setTransform""}"
107383,reflection,Method.invoke,"{""class"": ""com.facebook.react.uimanager.BaseViewManager"", ""method"": ""setOpacity""}"
107383,reflection,Method.invoke,"{""class"": ""com.facebook.react.views.view.ReactViewManager"", ""method"": ""setBorderColor""}"
107398,reflection,Method.invoke,"{""class"": ""com.facebook.react.uimanager.BaseViewManager"", ""method"": ""setOpacity""}"
107399,reflection,Method.invoke,"{""class"": ""com.facebook.react.uimanager.BaseViewManager"", ""method"": ""setTransform""}"
107399,reflection,Method.invoke,"{""class"": ""com.facebook.react.uimanager.BaseViewManager"", ""method"": ""setTransform""}"
107399,reflection,Method.invoke,"{""class"": ""com.facebook.react.uimanager.BaseViewManager"", ""method"": ""setOpacity""}"
107399,reflection,Method.invoke,"{""class"": ""com.facebook.react.views.view.ReactViewManager"", ""method"": ""setBorderColor""}"
107418,reflection,Method.invoke,"{""class"": ""com.facebook.react.uimanager.BaseViewManager"", ""method"": ""setOpacity""}"
107418,reflection,Method.invoke,"{""class"": ""com.facebook.react.uimanager.BaseViewManager"", ""method"": ""setTransform""}"
107418,reflection,Method.invoke,"{""class"": ""com.facebook.react.uimanager.BaseViewManager"", ""method"": ""setTransform""}"
107418,reflection,Method.invoke,"{""class"": ""com.facebook.react.uimanager.BaseViewManager"", ""method"": ""setOpacity""}"
107419,reflection,Method.invoke,"{""class"": ""com.facebook.react.views.view.ReactViewManager"", ""method"": ""setBorderColor""}"
107434,reflection,Method.invoke,"{""class"": ""com.facebook.react.uimanager.BaseViewManager"", ""method"": ""setOpacity""}"
107435,reflection,Method.invoke,"{""class"": ""com.facebook.react.uimanager.BaseViewManager"", ""method"": ""setTransform""}"
107436,reflection,Method.invoke,"{""class"": ""com.facebook.react.uimanager.BaseViewManager"", ""method"": ""setTransform""}"
107437,reflection,Method.invoke,"{""class"": ""com.facebook.react.uimanager.BaseViewManager"", ""method"": ""setOpacity""}"
107438,reflection,Method.invoke,"{""class"": ""com.facebook.react.views.view.ReactViewManager"", ""method"": ""setBorderColor""}"
107452,reflection,Method.invoke,"{""class"": ""com.facebook.react.uimanager.BaseViewManager"", ""method"": ""setOpacity""}"
107453,reflection,Method.invoke,"{""class"": ""com.facebook.react.uimanager.BaseViewManager"", ""method"": ""setTransform""}"
107456,reflection,Method.invoke,"{""class"": ""com.facebook.react.uimanager.BaseViewManager"", ""method"": ""setTransform""}"
107456,reflection,Method.invoke,"{""class"": ""com.facebook.react.uimanager.BaseViewManager"", ""method"": ""setOpacity""}"
107457,reflection,Method.invoke,"{""class"": ""com.facebook.react.views.view.ReactViewManager"", ""method"": ""setBorderColor""}"
107465,reflection,Method.invoke,"{""class"": ""com.facebook.react.uimanager.BaseViewManager"", ""method"": ""setOpacity""}"
107466,reflection,Method.invoke,"{""class"": ""com.facebook.react.uimanager.BaseViewManager"", ""method"": ""setTransform""}"
107467,reflection,Method.invoke,"{""class"": ""com.facebook.react.uimanager.BaseViewManager"", ""method"": ""setTransform""}"
107468,reflection,Method.invoke,"{""class"": ""com.facebook.react.uimanager.BaseViewManager"", ""method"": ""setOpacity""}"
107469,reflection,Method.invoke,"{""class"": ""com.facebook.react.views.view.ReactViewManager"", ""method"": ""setBorderColor""}"
107482,reflection,Method.invoke,"{""class"": ""com.facebook.react.uimanager.BaseViewManager"", ""method"": ""setOpacity""}"
107483,reflection,Method.invoke,"{""class"": ""com.facebook.react.uimanager.BaseViewManager"", ""method"": ""setTransform""}"
107486,reflection,Method.invoke,"{""class"": ""com.facebook.react.uimanager.BaseViewManager"", ""method"": ""setTransform""}"
107487,reflection,Method.invoke,"{""class"": ""com.facebook.react.uimanager.BaseViewManager"", ""method"": ""setOpacity""}"
107488,reflection,Method.invoke,"{""class"": ""com.facebook.react.views.view.ReactViewManager"", ""method"": ""setBorderColor""}"
107499,reflection,Method.invoke,"{""class"": ""com.facebook.react.uimanager.BaseViewManager"", ""method"": ""setOpacity""}"
107500,reflection,Method.invoke,"{""class"": ""com.facebook.react.uimanager.BaseViewManager"", ""method"": ""setTransform""}"
107502,reflection,Method.invoke,"{""class"": ""com.facebook.react.uimanager.BaseViewManager"", ""method"": ""setTransform""}"
107503,reflection,Method.invoke,"{""class"": ""com.facebook.react.uimanager.BaseViewManager"", ""method"": ""setOpacity""}"
107503,reflection,Method.invoke,"{""class"": ""com.facebook.react.views.view.ReactViewManager"", ""method"": ""setBorderColor""}"
107519,reflection,Method.invoke,"{""class"": ""com.facebook.react.uimanager.BaseViewManager"", ""method"": ""setOpacity""}"
107519,reflection,Method.invoke,"{""class"": ""com.facebook.react.uimanager.BaseViewManager"", ""method"": ""setTransform""}"
107520,reflection,Method.invoke,"{""class"": ""com.facebook.react.uimanager.BaseViewManager"", ""method"": ""setTransform""}"
107521,reflection,Method.invoke,"{""class"": ""com.facebook.react.uimanager.BaseViewManager"", ""method"": ""setOpacity""}"
107522,reflection,Method.invoke,"{""class"": ""com.facebook.react.views.view.ReactViewManager"", ""method"": ""setBorderColor""}"
107532,reflection,Method.invoke,"{""class"": ""com.facebook.react.uimanager.BaseViewManager"", ""method"": ""setOpacity""}"
107532,reflection,Method.invoke,"{""class"": ""com.facebook.react.uimanager.BaseViewManager"", ""method"": ""setTransform""}"
107533,reflection,Method.invoke,"{""class"": ""com.facebook.react.uimanager.BaseViewManager"", ""method"": ""setTransform""}"
107534,reflection,Method.invoke,"{""class"": ""com.facebook.react.uimanager.BaseViewManager"", ""method"": ""setOpacity""}"
107534,reflection,Method.invoke,"{""class"": ""com.facebook.react.views.view.ReactViewManager"", ""method"": ""setBorderColor""}"
107550,reflection,Method.invoke,"{""class"": ""com.facebook.react.uimanager.BaseViewManager"", ""method"": ""setOpacity""}"
107550,reflection,Method.invoke,"{""class"": ""com.facebook.react.uimanager.BaseViewManager"", ""method"": ""setTransform""}"
107550,reflection,Method.invoke,"{""class"": ""com.facebook.react.uimanager.BaseViewManager"", ""method"": ""setTransform""}"
107550,reflection,Method.invoke,"{""class"": ""com.facebook.react.uimanager.BaseViewManager"", ""method"": ""setOpacity""}"
107550,reflection,Method.invoke,"{""class"": ""com.facebook.react.views.view.ReactViewManager"", ""method"": ""setBorderColor""}"
107567,reflection,Method.invoke,"{""class"": ""com.facebook.react.uimanager.BaseViewManager"", ""method"": ""setOpacity""}"
107568,reflection,Method.invoke,"{""class"": ""com.facebook.react.uimanager.BaseViewManager"", ""method"": ""setTransform""}"
107570,reflection,Method.invoke,"{""class"": ""com.facebook.react.uimanager.BaseViewManager"", ""method"": ""setTransform""}"
107571,reflection,Method.invoke,"{""class"": ""com.facebook.react.uimanager.BaseViewManager"", ""method"": ""setOpacity""}"
107572,reflection,Method.invoke,"{""class"": ""com.facebook.react.views.view.ReactViewManager"", ""method"": ""setBorderColor""}"
107583,reflection,Method.invoke,"{""class"": ""com.facebook.react.uimanager.BaseViewManager"", ""method"": ""setOpacity""}"
107583,reflection,Method.invoke,"{""class"": ""com.facebook.react.uimanager.BaseViewManager"", ""method"": ""setTransform""}"
107583,reflection,Method.invoke,"{""class"": ""com.facebook.react.uimanager.BaseViewManager"", ""method"": ""setTransform""}"
107583,reflection,Method.invoke,"{""class"": ""com.facebook.react.uimanager.BaseViewManager"", ""method"": ""setOpacity""}"
107583,reflection,Method.invoke,"{""class"": ""com.facebook.react.views.view.ReactViewManager"", ""method"": ""setBorderColor""}"
107598,reflection,Method.invoke,"{""class"": ""com.facebook.react.uimanager.BaseViewManager"", ""method"": ""setOpacity""}"
107598,reflection,Method.invoke,"{""class"": ""com.facebook.react.uimanager.BaseViewManager"", ""method"": ""setTransform""}"
107599,reflection,Method.invoke,"{""class"": ""com.facebook.react.uimanager.BaseViewManager"", ""method"": ""setTransform""}"
107599,reflection,Method.invoke,"{""class"": ""com.facebook.react.uimanager.BaseViewManager"", ""method"": ""setOpacity""}"
107599,reflection,Method.invoke,"{""class"": ""com.facebook.react.views.view.ReactViewManager"", ""method"": ""setBorderColor""}"
108945,reflection,Method.invoke,"{""class"": ""com.facebook.react.uimanager.BaseViewManager"", ""method"": ""setOpacity""}"
108954,reflection,Method.invoke,"{""class"": ""com.facebook.react.uimanager.BaseViewManager"", ""method"": ""setTransform""}"
108962,reflection,Method.invoke,"{""class"": ""com.facebook.react.uimanager.BaseViewManager"", ""method"": ""setTransform""}"
108969,reflection,Method.invoke,"{""class"": ""com.facebook.react.uimanager.BaseViewManager"", ""method"": ""setOpacity""}"
108977,reflection,Method.invoke,"{""class"": ""com.facebook.react.views.view.ReactViewManager"", ""method"": ""setBorderColor""}"
108992,reflection,Method.invoke,"{""class"": ""com.facebook.react.uimanager.BaseViewManager"", ""method"": ""setOpacity""}"
109002,reflection,Method.invoke,"{""class"": ""com.facebook.react.uimanager.BaseViewManager"", ""method"": ""setOpacity""}"
109009,reflection,Method.invoke,"{""class"": ""com.facebook.react.uimanager.BaseViewManager"", ""method"": ""setTransform""}"
109017,reflection,Method.invoke,"{""class"": ""com.facebook.react.uimanager.BaseViewManager"", ""method"": ""setTransform""}"
109026,reflection,Method.invoke,"{""class"": ""com.facebook.react.uimanager.BaseViewManager"", ""method"": ""setOpacity""}"
109035,reflection,Method.invoke,"{""class"": ""com.facebook.react.views.view.ReactViewManager"", ""method"": ""setBorderColor""}"
109052,reflection,Method.invoke,"{""class"": ""com.facebook.react.uimanager.BaseViewManager"", ""method"": ""setOpacity""}"
109062,reflection,Method.invoke,"{""class"": ""com.facebook.react.uimanager.BaseViewManager"", ""method"": ""setOpacity""}"
109071,reflection,Method.invoke,"{""class"": ""com.facebook.react.uimanager.BaseViewManager"", ""method"": ""setTransform""}"
109079,reflection,Method.invoke,"{""class"": ""com.facebook.react.uimanager.BaseViewManager"", ""method"": ""setTransform""}"
109085,reflection,Method.invoke,"{""class"": ""com.facebook.react.uimanager.BaseViewManager"", ""method"": ""setOpacity""}"
109086,reflection,Method.invoke,"{""class"": ""com.facebook.react.views.view.ReactViewManager"", ""method"": ""setBorderColor""}"
109089,reflection,Method.invoke,"{""class"": ""com.facebook.react.uimanager.BaseViewManager"", ""method"": ""setOpacity""}"
109093,reflection,Method.invoke,"{""class"": ""com.facebook.react.uimanager.BaseViewManager"", ""method"": ""setOpacity""}"
109094,reflection,Method.invoke,"{""class"": ""com.facebook.react.uimanager.BaseViewManager"", ""method"": ""setTransform""}"
109095,reflection,Method.invoke,"{""class"": ""com.facebook.react.uimanager.BaseViewManager"", ""method"": ""setTransform""}"
109096,reflection,Method.invoke,"{""class"": ""com.facebook.react.uimanager.BaseViewManager"", ""method"": ""setOpacity""}"
109096,reflection,Method.invoke,"{""class"": ""com.facebook.react.views.view.ReactViewManager"", ""method"": ""setBorderColor""}"
109106,reflection,Method.invoke,"{""class"": ""com.facebook.react.uimanager.BaseViewManager"", ""method"": ""setOpacity""}"
109107,reflection,Method.invoke,"{""class"": ""com.facebook.react.uimanager.BaseViewManager"", ""method"": ""setOpacity""}"
109108,reflection,Method.invoke,"{""class"": ""com.facebook.react.uimanager.BaseViewManager"", ""method"": ""setTransform""}"
109109,reflection,Method.invoke,"{""class"": ""com.facebook.react.uimanager.BaseViewManager"", ""method"": ""setTransform""}"
109112,reflection,Method.invoke,"{""class"": ""com.facebook.react.uimanager.BaseViewManager"", ""method"": ""setOpacity""}"
109113,reflection,Method.invoke,"{""class"": ""com.facebook.react.views.view.ReactViewManager"", ""method"": ""setBorderColor""}"
109122,reflection,Method.invoke,"{""class"": ""com.facebook.react.uimanager.BaseViewManager"", ""method"": ""setOpacity""}"
109124,reflection,Method.invoke,"{""class"": ""com.facebook.react.uimanager.BaseViewManager"", ""method"": ""setOpacity""}"
109124,reflection,Method.invoke,"{""class"": ""com.facebook.react.uimanager.BaseViewManager"", ""method"": ""setTransform""}"
109126,reflection,Method.invoke,"{""class"": ""com.facebook.react.uimanager.BaseViewManager"", ""method"": ""setTransform""}"
109127,reflection,Method.invoke,"{""class"": ""com.facebook.react.uimanager.BaseViewManager"", ""method"": ""setOpacity""}"
109128,reflection,Method.invoke,"{""class"": ""com.facebook.react.views.view.ReactViewManager"", ""method"": ""setBorderColor""}"
109137,reflection,Method.invoke,"{""class"": ""com.facebook.react.uimanager.BaseViewManager"", ""method"": ""setOpacity""}"
109139,reflection,Method.invoke,"{""class"": ""com.facebook.react.uimanager.BaseViewManager"", ""method"": ""setOpacity""}"
109140,reflection,Method.invoke,"{""class"": ""com.facebook.react.uimanager.BaseViewManager"", ""method"": ""setTransform""}"
109140,reflection,Method.invoke,"{""class"": ""com.facebook.react.uimanager.BaseViewManager"", ""method"": ""setTransform""}"
109142,reflection,Method.invoke,"{""class"": ""com.facebook.react.uimanager.BaseViewManager"", ""method"": ""setOpacity""}"
109142,reflection,Method.invoke,"{""class"": ""com.facebook.react.views.view.ReactViewManager"", ""method"": ""setBorderColor""}"
109152,reflection,Method.invoke,"{""class"": ""com.facebook.react.uimanager.BaseViewManager"", ""method"": ""setOpacity""}"
109154,reflection,Method.invoke,"{""class"": ""com.facebook.react.uimanager.BaseViewManager"", ""method"": ""setOpacity""}"
109155,reflection,Method.invoke,"{""class"": ""com.facebook.react.uimanager.BaseViewManager"", ""method"": ""setTransform""}"
109156,reflection,Method.invoke,"{""class"": ""com.facebook.react.uimanager.BaseViewManager"", ""method"": ""setTransform""}"
109157,reflection,Method.invoke,"{""class"": ""com.facebook.react.uimanager.BaseViewManager"", ""method"": ""setOpacity""}"
109157,reflection,Method.invoke,"{""class"": ""com.facebook.react.views.view.ReactViewManager"", ""method"": ""setBorderColor""}"
109168,reflection,Method.invoke,"{""class"": ""com.facebook.react.uimanager.BaseViewManager"", ""method"": ""setOpacity""}"
109170,reflection,Method.invoke,"{""class"": ""com.facebook.react.uimanager.BaseViewManager"", ""method"": ""setOpacity""}"
109172,reflection,Method.invoke,"{""class"": ""com.facebook.react.uimanager.BaseViewManager"", ""method"": ""setTransform""}"
109173,reflection,Method.invoke,"{""class"": ""com.facebook.react.uimanager.BaseViewManager"", ""method"": ""setTransform""}"
109174,reflection,Method.invoke,"{""class"": ""com.facebook.react.uimanager.BaseViewManager"", ""method"": ""setOpacity""}"
109174,reflection,Method.invoke,"{""class"": ""com.facebook.react.views.view.ReactViewManager"", ""method"": ""setBorderColor""}"
109185,reflection,Method.invoke,"{""class"": ""com.facebook.react.uimanager.BaseViewManager"", ""method"": ""setOpacity""}"
109187,reflection,Method.invoke,"{""class"": ""com.facebook.react.uimanager.BaseViewManager"", ""method"": ""setOpacity""}"
109187,reflection,Method.invoke,"{""class"": ""com.facebook.react.uimanager.BaseViewManager"", ""method"": ""setTransform""}"
109189,reflection,Method.invoke,"{""class"": ""com.facebook.react.uimanager.BaseViewManager"", ""method"": ""setTransform""}"
109190,reflection,Method.invoke,"{""class"": ""com.facebook.react.uimanager.BaseViewManager"", ""method"": ""setOpacity""}"
109190,reflection,Method.invoke,"{""class"": ""com.facebook.react.views.view.ReactViewManager"", ""method"": ""setBorderColor""}"
109203,reflection,Method.invoke,"{""class"": ""com.facebook.react.uimanager.BaseViewManager"", ""method"": ""setOpacity""}"
109204,reflection,Method.invoke,"{""class"": ""com.facebook.react.uimanager.BaseViewManager"", ""method"": ""setOpacity""}"
109205,reflection,Method.invoke,"{""class"": ""com.facebook.react.uimanager.BaseViewManager"", ""method"": ""setTransform""}"
109205,reflection,Method.invoke,"{""class"": ""com.facebook.react.uimanager.BaseViewManager"", ""method"": ""setTransform""}"
109206,reflection,Method.invoke,"{""class"": ""com.facebook.react.uimanager.BaseViewManager"", ""method"": ""setOpacity""}"
109206,reflection,Method.invoke,"{""class"": ""com.facebook.react.views.view.ReactViewManager"", ""method"": ""setBorderColor""}"
109219,reflection,Method.invoke,"{""class"": ""com.facebook.react.uimanager.BaseViewManager"", ""method"": ""setOpacity""}"
109222,reflection,Method.invoke,"{""class"": ""com.facebook.react.uimanager.BaseViewManager"", ""method"": ""setOpacity""}"
109222,reflection,Method.invoke,"{""class"": ""com.facebook.react.uimanager.BaseViewManager"", ""method"": ""setTransform""}"
109225,reflection,Method.invoke,"{""class"": ""com.facebook.react.uimanager.BaseViewManager"", ""method"": ""setTransform""}"
109226,reflection,Method.invoke,"{""class"": ""com.facebook.react.uimanager.BaseViewManager"", ""method"": ""setOpacity""}"
109227,reflection,Method.invoke,"{""class"": ""com.facebook.react.views.view.ReactViewManager"", ""method"": ""setBorderColor""}"
109235,reflection,Method.invoke,"{""class"": ""com.facebook.react.uimanager.BaseViewManager"", ""method"": ""setOpacity""}"
109237,reflection,Method.invoke,"{""class"": ""com.facebook.react.uimanager.BaseViewManager"", ""method"": ""setOpacity""}"
109237,reflection,Method.invoke,"{""class"": ""com.facebook.react.uimanager.BaseViewManager"", ""method"": ""setTransform""}"
109238,reflection,Method.invoke,"{""class"": ""com.facebook.react.uimanager.BaseViewManager"", ""method"": ""setTransform""}"
109239,reflection,Method.invoke,"{""class"": ""com.facebook.react.uimanager.BaseViewManager"", ""method"": ""setOpacity""}"
109240,reflection,Method.invoke,"{""class"": ""com.facebook.react.views.view.ReactViewManager"", ""method"": ""setBorderColor""}"
109253,reflection,Method.invoke,"{""class"": ""com.facebook.react.uimanager.BaseViewManager"", ""method"": ""setOpacity""}"
109254,reflection,Method.invoke,"{""class"": ""com.facebook.react.uimanager.BaseViewManager"", ""method"": ""setTransform""}"
109256,reflection,Method.invoke,"{""class"": ""com.facebook.react.uimanager.BaseViewManager"", ""method"": ""setTransform""}"
109256,reflection,Method.invoke,"{""class"": ""com.facebook.react.uimanager.BaseViewManager"", ""method"": ""setOpacity""}"
109258,reflection,Method.invoke,"{""class"": ""com.facebook.react.views.view.ReactViewManager"", ""method"": ""setBorderColor""}"
109270,reflection,Method.invoke,"{""class"": ""com.facebook.react.uimanager.BaseViewManager"", ""method"": ""setOpacity""}"
109270,reflection,Method.invoke,"{""class"": ""com.facebook.react.uimanager.BaseViewManager"", ""method"": ""setTransform""}"
109271,reflection,Method.invoke,"{""class"": ""com.facebook.react.uimanager.BaseViewManager"", ""method"": ""setTransform""}"
109272,reflection,Method.invoke,"{""class"": ""com.facebook.react.uimanager.BaseViewManager"", ""method"": ""setOpacity""}"
109274,reflection,Method.invoke,"{""class"": ""com.facebook.react.views.view.ReactViewManager"", ""method"": ""setBorderColor""}"
109287,reflection,Method.invoke,"{""class"": ""com.facebook.react.uimanager.BaseViewManager"", ""method"": ""setOpacity""}"
109287,reflection,Method.invoke,"{""class"": ""com.facebook.react.uimanager.BaseViewManager"", ""method"": ""setTransform""}"
109288,reflection,Method.invoke,"{""class"": ""com.facebook.react.uimanager.BaseViewManager"", ""method"": ""setTransform""}"
109289,reflection,Method.invoke,"{""class"": ""com.facebook.react.uimanager.BaseViewManager"", ""method"": ""setOpacity""}"
109291,reflection,Method.invoke,"{""class"": ""com.facebook.react.views.view.ReactViewManager"", ""method"": ""setBorderColor""}"
109304,reflection,Method.invoke,"{""class"": ""com.facebook.react.uimanager.BaseViewManager"", ""method"": ""setOpacity""}"
109305,reflection,Method.invoke,"{""class"": ""com.facebook.react.uimanager.BaseViewManager"", ""method"": ""setTransform""}"
109306,reflection,Method.invoke,"{""class"": ""com.facebook.react.uimanager.BaseViewManager"", ""method"": ""setTransform""}"
109306,reflection,Method.invoke,"{""class"": ""com.facebook.react.uimanager.BaseViewManager"", ""method"": ""setOpacity""}"
109307,reflection,Method.invoke,"{""class"": ""com.facebook.react.views.view.ReactViewManager"", ""method"": ""setBorderColor""}"
109319,reflection,Method.invoke,"{""class"": ""com.facebook.react.uimanager.BaseViewManager"", ""method"": ""setOpacity""}"
109320,reflection,Method.invoke,"{""class"": ""com.facebook.react.uimanager.BaseViewManager"", ""method"": ""setTransform""}"
109321,reflection,Method.invoke,"{""class"": ""com.facebook.react.uimanager.BaseViewManager"", ""method"": ""setTransform""}"
109321,reflection,Method.invoke,"{""class"": ""com.facebook.react.uimanager.BaseViewManager"", ""method"": ""setOpacity""}"
109322,reflection,Method.invoke,"{""class"": ""com.facebook.react.views.view.ReactViewManager"", ""method"": ""setBorderColor""}"
109337,reflection,Method.invoke,"{""class"": ""com.facebook.react.uimanager.BaseViewManager"", ""method"": ""setOpacity""}"
109338,reflection,Method.invoke,"{""class"": ""com.facebook.react.uimanager.BaseViewManager"", ""method"": ""setTransform""}"
109339,reflection,Method.invoke,"{""class"": ""com.facebook.react.uimanager.BaseViewManager"", ""method"": ""setTransform""}"
109339,reflection,Method.invoke,"{""class"": ""com.facebook.react.uimanager.BaseViewManager"", ""method"": ""setOpacity""}"
109340,reflection,Method.invoke,"{""class"": ""com.facebook.react.views.view.ReactViewManager"", ""method"": ""setBorderColor""}"
109353,reflection,Method.invoke,"{""class"": ""com.facebook.react.uimanager.BaseViewManager"", ""method"": ""setOpacity""}"
109354,reflection,Method.invoke,"{""class"": ""com.facebook.react.uimanager.BaseViewManager"", ""method"": ""setTransform""}"
109357,reflection,Method.invoke,"{""class"": ""com.facebook.react.uimanager.BaseViewManager"", ""method"": ""setTransform""}"
109358,reflection,Method.invoke,"{""class"": ""com.facebook.react.uimanager.BaseViewManager"", ""method"": ""setOpacity""}"
109358,reflection,Method.invoke,"{""class"": ""com.facebook.react.views.view.ReactViewManager"", ""method"": ""setBorderColor""}"
109370,reflection,Method.invoke,"{""class"": ""com.facebook.react.uimanager.BaseViewManager"", ""method"": ""setOpacity""}"
109371,reflection,Method.invoke,"{""class"": ""com.facebook.react.uimanager.BaseViewManager"", ""method"": ""setTransform""}"
109371,reflection,Method.invoke,"{""class"": ""com.facebook.react.uimanager.BaseViewManager"", ""method"": ""setTransform""}"
109372,reflection,Method.invoke,"{""class"": ""com.facebook.react.uimanager.BaseViewManager"", ""method"": ""setOpacity""}"
109373,reflection,Method.invoke,"{""class"": ""com.facebook.react.views.view.ReactViewManager"", ""method"": ""setBorderColor""}"
109387,reflection,Method.invoke,"{""class"": ""com.facebook.react.uimanager.BaseViewManager"", ""method"": ""setOpacity""}"
109389,reflection,Method.invoke,"{""class"": ""com.facebook.react.uimanager.BaseViewManager"", ""method"": ""setTransform""}"
109391,reflection,Method.invoke,"{""class"": ""com.facebook.react.uimanager.BaseViewManager"", ""method"": ""setTransform""}"
109392,reflection,Method.invoke,"{""class"": ""com.facebook.react.uimanager.BaseViewManager"", ""method"": ""setOpacity""}"
109393,reflection,Method.invoke,"{""class"": ""com.facebook.react.views.view.ReactViewManager"", ""method"": ""setBorderColor""}"
109402,reflection,Method.invoke,"{""class"": ""com.facebook.react.uimanager.BaseViewManager"", ""method"": ""setOpacity""}"
109404,reflection,Method.invoke,"{""class"": ""com.facebook.react.uimanager.BaseViewManager"", ""method"": ""setTransform""}"
109405,reflection,Method.invoke,"{""class"": ""com.facebook.react.uimanager.BaseViewManager"", ""method"": ""setTransform""}"
109406,reflection,Method.invoke,"{""class"": ""com.facebook.react.uimanager.BaseViewManager"", ""method"": ""setOpacity""}"
109407,reflection,Method.invoke,"{""class"": ""com.facebook.react.views.view.ReactViewManager"", ""method"": ""setBorderColor""}"
109420,reflection,Method.invoke,"{""class"": ""com.facebook.react.uimanager.BaseViewManager"", ""method"": ""setOpacity""}"
109422,reflection,Method.invoke,"{""class"": ""com.facebook.react.uimanager.BaseViewManager"", ""method"": ""setTransform""}"
109422,reflection,Method.invoke,"{""class"": ""com.facebook.react.uimanager.BaseViewManager"", ""method"": ""setTransform""}"
109423,reflection,Method.invoke,"{""class"": ""com.facebook.react.uimanager.BaseViewManager"", ""method"": ""setOpacity""}"
109425,reflection,Method.invoke,"{""class"": ""com.facebook.react.views.view.ReactViewManager"", ""method"": ""setBorderColor""}"
109437,reflection,Method.invoke,"{""class"": ""com.facebook.react.uimanager.BaseViewManager"", ""method"": ""setOpacity""}"
109438,reflection,Method.invoke,"{""class"": ""com.facebook.react.uimanager.BaseViewManager"", ""method"": ""setTransform""}"
109439,reflection,Method.invoke,"{""class"": ""com.facebook.react.uimanager.BaseViewManager"", ""method"": ""setTransform""}"
109439,reflection,Method.invoke,"{""class"": ""com.facebook.react.uimanager.BaseViewManager"", ""method"": ""setOpacity""}"
109440,reflection,Method.invoke,"{""class"": ""com.facebook.react.views.view.ReactViewManager"", ""method"": ""setBorderColor""}"
109453,reflection,Method.invoke,"{""class"": ""com.facebook.react.uimanager.BaseViewManager"", ""method"": ""setOpacity""}"
109453,reflection,Method.invoke,"{""class"": ""com.facebook.react.uimanager.BaseViewManager"", ""method"": ""setTransform""}"
109454,reflection,Method.invoke,"{""class"": ""com.facebook.react.uimanager.BaseViewManager"", ""method"": ""setTransform""}"
109455,reflection,Method.invoke,"{""class"": ""com.facebook.react.uimanager.BaseViewManager"", ""method"": ""setOpacity""}"
109457,reflection,Method.invoke,"{""class"": ""com.facebook.react.views.view.ReactViewManager"", ""method"": ""setBorderColor""}"
109471,reflection,Method.invoke,"{""class"": ""com.facebook.react.uimanager.BaseViewManager"", ""method"": ""setOpacity""}"
109471,reflection,Method.invoke,"{""class"": ""com.facebook.react.uimanager.BaseViewManager"", ""method"": ""setTransform""}"
109472,reflection,Method.invoke,"{""class"": ""com.facebook.react.uimanager.BaseViewManager"", ""method"": ""setTransform""}"
109473,reflection,Method.invoke,"{""class"": ""com.facebook.react.uimanager.BaseViewManager"", ""method"": ""setOpacity""}"
109473,reflection,Method.invoke,"{""class"": ""com.facebook.react.views.view.ReactViewManager"", ""method"": ""setBorderColor""}"
109487,reflection,Method.invoke,"{""class"": ""com.facebook.react.uimanager.BaseViewManager"", ""method"": ""setOpacity""}"
109488,reflection,Method.invoke,"{""class"": ""com.facebook.react.uimanager.BaseViewManager"", ""method"": ""setTransform""}"
109489,reflection,Method.invoke,"{""class"": ""com.facebook.react.uimanager.BaseViewManager"", ""method"": ""setTransform""}"
109490,reflection,Method.invoke,"{""class"": ""com.facebook.react.uimanager.BaseViewManager"", ""method"": ""setOpacity""}"
109492,reflection,Method.invoke,"{""class"": ""com.facebook.react.views.view.ReactViewManager"", ""method"": ""setBorderColor""}"
109501,reflection,Method.invoke,"{""class"": ""com.facebook.react.uimanager.BaseViewManager"", ""method"": ""setOpacity""}"
109502,reflection,Method.invoke,"{""class"": ""com.facebook.react.uimanager.BaseViewManager"", ""method"": ""setTransform""}"
109503,reflection,Method.invoke,"{""class"": ""com.facebook.react.uimanager.BaseViewManager"", ""method"": ""setTransform""}"
109504,reflection,Method.invoke,"{""class"": ""com.facebook.react.uimanager.BaseViewManager"", ""method"": ""setOpacity""}"
109505,reflection,Method.invoke,"{""class"": ""com.facebook.react.views.view.ReactViewManager"", ""method"": ""setBorderColor""}"
109521,reflection,Method.invoke,"{""class"": ""com.facebook.react.uimanager.BaseViewManager"", ""method"": ""setOpacity""}"
109523,reflection,Method.invoke,"{""class"": ""com.facebook.react.uimanager.BaseViewManager"", ""method"": ""setTransform""}"
109523,reflection,Method.invoke,"{""class"": ""com.facebook.react.uimanager.BaseViewManager"", ""method"": ""setTransform""}"
109524,reflection,Method.invoke,"{""class"": ""com.facebook.react.uimanager.BaseViewManager"", ""method"": ""setOpacity""}"
109524,reflection,Method.invoke,"{""class"": ""com.facebook.react.views.view.ReactViewManager"", ""method"": ""setBorderColor""}"
109536,reflection,Method.invoke,"{""class"": ""com.facebook.react.uimanager.BaseViewManager"", ""method"": ""setOpacity""}"
109537,reflection,Method.invoke,"{""class"": ""com.facebook.react.uimanager.BaseViewManager"", ""method"": ""setTransform""}"
109538,reflection,Method.invoke,"{""class"": ""com.facebook.react.uimanager.BaseViewManager"", ""method"": ""setTransform""}"
109538,reflection,Method.invoke,"{""class"": ""com.facebook.react.uimanager.BaseViewManager"", ""method"": ""setOpacity""}"
109539,reflection,Method.invoke,"{""class"": ""com.facebook.react.views.view.ReactViewManager"", ""method"": ""setBorderColor""}"
109554,reflection,Method.invoke,"{""class"": ""com.facebook.react.uimanager.BaseViewManager"", ""method"": ""setOpacity""}"
109555,reflection,Method.invoke,"{""class"": ""com.facebook.react.uimanager.BaseViewManager"", ""method"": ""setTransform""}"
109555,reflection,Method.invoke,"{""class"": ""com.facebook.react.uimanager.BaseViewManager"", ""method"": ""setTransform""}"
109556,reflection,Method.invoke,"{""class"": ""com.facebook.react.uimanager.BaseViewManager"", ""method"": ""setOpacity""}"
109557,reflection,Method.invoke,"{""class"": ""com.facebook.react.views.view.ReactViewManager"", ""method"": ""setBorderColor""}"
109570,reflection,Method.invoke,"{""class"": ""com.facebook.react.uimanager.BaseViewManager"", ""method"": ""setOpacity""}"
109571,reflection,Method.invoke,"{""class"": ""com.facebook.react.uimanager.BaseViewManager"", ""method"": ""setTransform""}"
109572,reflection,Method.invoke,"{""class"": ""com.facebook.react.uimanager.BaseViewManager"", ""method"": ""setTransform""}"
109573,reflection,Method.invoke,"{""class"": ""com.facebook.react.uimanager.BaseViewManager"", ""method"": ""setOpacity""}"
109573,reflection,Method.invoke,"{""class"": ""com.facebook.react.views.view.ReactViewManager"", ""method"": ""setBorderColor""}"
109587,reflection,Method.invoke,"{""class"": ""com.facebook.react.uimanager.BaseViewManager"", ""method"": ""setOpacity""}"
109588,reflection,Method.invoke,"{""class"": ""com.facebook.react.uimanager.BaseViewManager"", ""method"": ""setTransform""}"
109590,reflection,Method.invoke,"{""class"": ""com.facebook.react.uimanager.BaseViewManager"", ""method"": ""setTransform""}"
109592,reflection,Method.invoke,"{""class"": ""com.facebook.react.uimanager.BaseViewManager"", ""method"": ""setOpacity""}"
109593,reflection,Method.invoke,"{""class"": ""com.facebook.react.views.view.ReactViewManager"", ""method"": ""setBorderColor""}"
109602,reflection,Method.invoke,"{""class"": ""com.facebook.react.uimanager.BaseViewManager"", ""method"": ""setOpacity""}"
109603,reflection,Method.invoke,"{""class"": ""com.facebook.react.uimanager.BaseViewManager"", ""method"": ""setTransform""}"
109605,reflection,Method.invoke,"{""class"": ""com.facebook.react.uimanager.BaseViewManager"", ""method"": ""setTransform""}"
109605,reflection,Method.invoke,"{""class"": ""com.facebook.react.uimanager.BaseViewManager"", ""method"": ""setOpacity""}"
109606,reflection,Method.invoke,"{""class"": ""com.facebook.react.views.view.ReactViewManager"", ""method"": ""setBorderColor""}"
109620,reflection,Method.invoke,"{""class"": ""com.facebook.react.uimanager.BaseViewManager"", ""method"": ""setOpacity""}"
109621,reflection,Method.invoke,"{""class"": ""com.facebook.react.uimanager.BaseViewManager"", ""method"": ""setTransform""}"
109622,reflection,Method.invoke,"{""class"": ""com.facebook.react.uimanager.BaseViewManager"", ""method"": ""setTransform""}"
109623,reflection,Method.invoke,"{""class"": ""com.facebook.react.uimanager.BaseViewManager"", ""method"": ""setOpacity""}"
109623,reflection,Method.invoke,"{""class"": ""com.facebook.react.views.view.ReactViewManager"", ""method"": ""setBorderColor""}"
109636,reflection,Method.invoke,"{""class"": ""com.facebook.react.uimanager.BaseViewManager"", ""method"": ""setOpacity""}"
109637,reflection,Method.invoke,"{""class"": ""com.facebook.react.uimanager.BaseViewManager"", ""method"": ""setTransform""}"
109638,reflection,Method.invoke,"{""class"": ""com.facebook.react.uimanager.BaseViewManager"", ""method"": ""setTransform""}"
109639,reflection,Method.invoke,"{""class"": ""com.facebook.react.uimanager.BaseViewManager"", ""method"": ""setOpacity""}"
109639,reflection,Method.invoke,"{""class"": ""com.facebook.react.views.view.ReactViewManager"", ""method"": ""setBorderColor""}"
109654,reflection,Method.invoke,"{""class"": ""com.facebook.react.uimanager.BaseViewManager"", ""method"": ""setOpacity""}"
109655,reflection,Method.invoke,"{""class"": ""com.facebook.react.uimanager.BaseViewManager"", ""method"": ""setTransform""}"
109656,reflection,Method.invoke,"{""class"": ""com.facebook.react.uimanager.BaseViewManager"", ""method"": ""setTransform""}"
109658,reflection,Method.invoke,"{""class"": ""com.facebook.react.uimanager.BaseViewManager"", ""method"": ""setOpacity""}"
109658,reflection,Method.invoke,"{""class"": ""com.facebook.react.views.view.ReactViewManager"", ""method"": ""setBorderColor""}"
109670,reflection,Method.invoke,"{""class"": ""com.facebook.react.uimanager.BaseViewManager"", ""method"": ""setOpacity""}"
109671,reflection,Method.invoke,"{""class"": ""com.facebook.react.uimanager.BaseViewManager"", ""method"": ""setTransform""}"
109671,reflection,Method.invoke,"{""class"": ""com.facebook.react.uimanager.BaseViewManager"", ""method"": ""setTransform""}"
109672,reflection,Method.invoke,"{""class"": ""com.facebook.react.uimanager.BaseViewManager"", ""method"": ""setOpacity""}"
109673,reflection,Method.invoke,"{""class"": ""com.facebook.react.views.view.ReactViewManager"", ""method"": ""setBorderColor""}"
109688,reflection,Method.invoke,"{""class"": ""com.facebook.react.uimanager.BaseViewManager"", ""method"": ""setOpacity""}"
109688,reflection,Method.invoke,"{""class"": ""com.facebook.react.uimanager.BaseViewManager"", ""method"": ""setTransform""}"
109689,reflection,Method.invoke,"{""class"": ""com.facebook.react.uimanager.BaseViewManager"", ""method"": ""setTransform""}"
109690,reflection,Method.invoke,"{""class"": ""com.facebook.react.uimanager.BaseViewManager"", ""method"": ""setOpacity""}"
109693,reflection,Method.invoke,"{""class"": ""com.facebook.react.views.view.ReactViewManager"", ""method"": ""setBorderColor""}"
109703,reflection,Method.invoke,"{""class"": ""com.facebook.react.uimanager.BaseViewManager"", ""method"": ""setOpacity""}"
109703,reflection,Method.invoke,"{""class"": ""com.facebook.react.uimanager.BaseViewManager"", ""method"": ""setTransform""}"
109704,reflection,Method.invoke,"{""class"": ""com.facebook.react.uimanager.BaseViewManager"", ""method"": ""setTransform""}"
109705,reflection,Method.invoke,"{""class"": ""com.facebook.react.uimanager.BaseViewManager"", ""method"": ""setOpacity""}"
109705,reflection,Method.invoke,"{""class"": ""com.facebook.react.views.view.ReactViewManager"", ""method"": ""setBorderColor""}"
109719,reflection,Method.invoke,"{""class"": ""com.facebook.react.uimanager.BaseViewManager"", ""method"": ""setOpacity""}"
109721,reflection,Method.invoke,"{""class"": ""com.facebook.react.uimanager.BaseViewManager"", ""method"": ""setTransform""}"
109721,reflection,Method.invoke,"{""class"": ""com.facebook.react.uimanager.BaseViewManager"", ""method"": ""setTransform""}"
109722,reflection,Method.invoke,"{""class"": ""com.facebook.react.uimanager.BaseViewManager"", ""method"": ""setOpacity""}"
109723,reflection,Method.invoke,"{""class"": ""com.facebook.react.views.view.ReactViewManager"", ""method"": ""setBorderColor""}"
109737,reflection,Method.invoke,"{""class"": ""com.facebook.react.uimanager.BaseViewManager"", ""method"": ""setOpacity""}"
109738,reflection,Method.invoke,"{""class"": ""com.facebook.react.uimanager.BaseViewManager"", ""method"": ""setTransform""}"
109738,reflection,Method.invoke,"{""class"": ""com.facebook.react.uimanager.BaseViewManager"", ""method"": ""setTransform""}"
109739,reflection,Method.invoke,"{""class"": ""com.facebook.react.uimanager.BaseViewManager"", ""method"": ""setOpacity""}"
109740,reflection,Method.invoke,"{""class"": ""com.facebook.react.views.view.ReactViewManager"", ""method"": ""setBorderColor""}"
109754,reflection,Method.invoke,"{""class"": ""com.facebook.react.uimanager.BaseViewManager"", ""method"": ""setOpacity""}"
109755,reflection,Method.invoke,"{""class"": ""com.facebook.react.uimanager.BaseViewManager"", ""method"": ""setTransform""}"
109756,reflection,Method.invoke,"{""class"": ""com.facebook.react.uimanager.BaseViewManager"", ""method"": ""setTransform""}"
109757,reflection,Method.invoke,"{""class"": ""com.facebook.react.uimanager.BaseViewManager"", ""method"": ""setOpacity""}"
109757,reflection,Method.invoke,"{""class"": ""com.facebook.react.views.view.ReactViewManager"", ""method"": ""setBorderColor""}"
109769,reflection,Method.invoke,"{""class"": ""com.facebook.react.uimanager.BaseViewManager"", ""method"": ""setOpacity""}"
109770,reflection,Method.invoke,"{""class"": ""com.facebook.react.uimanager.BaseViewManager"", ""method"": ""setTransform""}"
109771,reflection,Method.invoke,"{""class"": ""com.facebook.react.uimanager.BaseViewManager"", ""method"": ""setTransform""}"
109773,reflection,Method.invoke,"{""class"": ""com.facebook.react.uimanager.BaseViewManager"", ""method"": ""setOpacity""}"
109776,reflection,Method.invoke,"{""class"": ""com.facebook.react.views.view.ReactViewManager"", ""method"": ""setBorderColor""}"
109787,reflection,Method.invoke,"{""class"": ""com.facebook.react.uimanager.BaseViewManager"", ""method"": ""setOpacity""}"
109788,reflection,Method.invoke,"{""class"": ""com.facebook.react.uimanager.BaseViewManager"", ""method"": ""setTransform""}"
109789,reflection,Method.invoke,"{""class"": ""com.facebook.react.uimanager.BaseViewManager"", ""method"": ""setTransform""}"
109789,reflection,Method.invoke,"{""class"": ""com.facebook.react.uimanager.BaseViewManager"", ""method"": ""setOpacity""}"
109790,reflection,Method.invoke,"{""class"": ""com.facebook.react.views.view.ReactViewManager"", ""method"": ""setBorderColor""}"
109803,reflection,Method.invoke,"{""class"": ""com.facebook.react.uimanager.BaseViewManager"", ""method"": ""setOpacity""}"
109804,reflection,Method.invoke,"{""class"": ""com.facebook.react.uimanager.BaseViewManager"", ""method"": ""setTransform""}"
109804,reflection,Method.invoke,"{""class"": ""com.facebook.react.uimanager.BaseViewManager"", ""method"": ""setTransform""}"
109805,reflection,Method.invoke,"{""class"": ""com.facebook.react.uimanager.BaseViewManager"", ""method"": ""setOpacity""}"
109806,reflection,Method.invoke,"{""class"": ""com.facebook.react.views.view.ReactViewManager"", ""method"": ""setBorderColor""}"
109821,reflection,Method.invoke,"{""class"": ""com.facebook.react.uimanager.BaseViewManager"", ""method"": ""setOpacity""}"
109822,reflection,Method.invoke,"{""class"": ""com.facebook.react.uimanager.BaseViewManager"", ""method"": ""setTransform""}"
109823,reflection,Method.invoke,"{""class"": ""com.facebook.react.uimanager.BaseViewManager"", ""method"": ""setTransform""}"
109823,reflection,Method.invoke,"{""class"": ""com.facebook.react.uimanager.BaseViewManager"", ""method"": ""setOpacity""}"
109824,reflection,Method.invoke,"{""class"": ""com.facebook.react.views.view.ReactViewManager"", ""method"": ""setBorderColor""}"
109836,reflection,Method.invoke,"{""class"": ""com.facebook.react.uimanager.BaseViewManager"", ""method"": ""setOpacity""}"
109839,reflection,Method.invoke,"{""class"": ""com.facebook.react.uimanager.BaseViewManager"", ""method"": ""setTransform""}"
109839,reflection,Method.invoke,"{""class"": ""com.facebook.react.uimanager.BaseViewManager"", ""method"": ""setTransform""}"
109840,reflection,Method.invoke,"{""class"": ""com.facebook.react.uimanager.BaseViewManager"", ""method"": ""setOpacity""}"
109840,reflection,Method.invoke,"{""class"": ""com.facebook.react.views.view.ReactViewManager"", ""method"": ""setBorderColor""}"
109854,reflection,Method.invoke,"{""class"": ""com.facebook.react.uimanager.BaseViewManager"", ""method"": ""setOpacity""}"
109854,reflection,Method.invoke,"{""class"": ""com.facebook.react.uimanager.BaseViewManager"", ""method"": ""setTransform""}"
109855,reflection,Method.invoke,"{""class"": ""com.facebook.react.uimanager.BaseViewManager"", ""method"": ""setTransform""}"
109856,reflection,Method.invoke,"{""class"": ""com.facebook.react.uimanager.BaseViewManager"", ""method"": ""setOpacity""}"
109859,reflection,Method.invoke,"{""class"": ""com.facebook.react.views.view.ReactViewManager"", ""method"": ""setBorderColor""}"
109868,reflection,Method.invoke,"{""class"": ""com.facebook.react.uimanager.BaseViewManager"", ""method"": ""setOpacity""}"
109869,reflection,Method.invoke,"{""class"": ""com.facebook.react.uimanager.BaseViewManager"", ""method"": ""setTransform""}"
109870,reflection,Method.invoke,"{""class"": ""com.facebook.react.uimanager.BaseViewManager"", ""method"": ""setTransform""}"
109871,reflection,Method.invoke,"{""class"": ""com.facebook.react.uimanager.BaseViewManager"", ""method"": ""setOpacity""}"
109872,reflection,Method.invoke,"{""class"": ""com.facebook.react.views.view.ReactViewManager"", ""method"": ""setBorderColor""}"
109888,reflection,Method.invoke,"{""class"": ""com.facebook.react.uimanager.BaseViewManager"", ""method"": ""setOpacity""}"
109888,reflection,Method.invoke,"{""class"": ""com.facebook.react.uimanager.BaseViewManager"", ""method"": ""setTransform""}"
109889,reflection,Method.invoke,"{""class"": ""com.facebook.react.uimanager.BaseViewManager"", ""method"": ""setTransform""}"
109890,reflection,Method.invoke,"{""class"": ""com.facebook.react.uimanager.BaseViewManager"", ""method"": ""setOpacity""}"
109891,reflection,Method.invoke,"{""class"": ""com.facebook.react.views.view.ReactViewManager"", ""method"": ""setBorderColor""}"
109903,reflection,Method.invoke,"{""class"": ""com.facebook.react.uimanager.BaseViewManager"", ""method"": ""setOpacity""}"
109904,reflection,Method.invoke,"{""class"": ""com.facebook.react.uimanager.BaseViewManager"", ""method"": ""setTransform""}"
109904,reflection,Method.invoke,"{""class"": ""com.facebook.react.uimanager.BaseViewManager"", ""method"": ""setTransform""}"
109905,reflection,Method.invoke,"{""class"": ""com.facebook.react.uimanager.BaseViewManager"", ""method"": ""setOpacity""}"
109905,reflection,Method.invoke,"{""class"": ""com.facebook.react.views.view.ReactViewManager"", ""method"": ""setBorderColor""}"
109921,reflection,Method.invoke,"{""class"": ""com.facebook.react.uimanager.BaseViewManager"", ""method"": ""setOpacity""}"
109923,reflection,Method.invoke,"{""class"": ""com.facebook.react.uimanager.BaseViewManager"", ""method"": ""setTransform""}"
109924,reflection,Method.invoke,"{""class"": ""com.facebook.react.uimanager.BaseViewManager"", ""method"": ""setTransform""}"
109925,reflection,Method.invoke,"{""class"": ""com.facebook.react.uimanager.BaseViewManager"", ""method"": ""setOpacity""}"
109927,reflection,Method.invoke,"{""class"": ""com.facebook.react.views.view.ReactViewManager"", ""method"": ""setBorderColor""}"
109936,reflection,Method.invoke,"{""class"": ""com.facebook.react.uimanager.BaseViewManager"", ""method"": ""setOpacity""}"
109937,reflection,Method.invoke,"{""class"": ""com.facebook.react.uimanager.BaseViewManager"", ""method"": ""setTransform""}"
109938,reflection,Method.invoke,"{""class"": ""com.facebook.react.uimanager.BaseViewManager"", ""method"": ""setTransform""}"
109938,reflection,Method.invoke,"{""class"": ""com.facebook.react.uimanager.BaseViewManager"", ""method"": ""setOpacity""}"
109939,reflection,Method.invoke,"{""class"": ""com.facebook.react.views.view.ReactViewManager"", ""method"": ""setBorderColor""}"
109954,reflection,Method.invoke,"{""class"": ""com.facebook.react.uimanager.BaseViewManager"", ""method"": ""setOpacity""}"
109955,reflection,Method.invoke,"{""class"": ""com.facebook.react.uimanager.BaseViewManager"", ""method"": ""setTransform""}"
109956,reflection,Method.invoke,"{""class"": ""com.facebook.react.uimanager.BaseViewManager"", ""method"": ""setTransform""}"
109957,reflection,Method.invoke,"{""class"": ""com.facebook.react.uimanager.BaseViewManager"", ""method"": ""setOpacity""}"
109958,reflection,Method.invoke,"{""class"": ""com.facebook.react.views.view.ReactViewManager"", ""method"": ""setBorderColor""}"
109970,reflection,Method.invoke,"{""class"": ""com.facebook.react.uimanager.BaseViewManager"", ""method"": ""setOpacity""}"
109971,reflection,Method.invoke,"{""class"": ""com.facebook.react.uimanager.BaseViewManager"", ""method"": ""setTransform""}"
109972,reflection,Method.invoke,"{""class"": ""com.facebook.react.uimanager.BaseViewManager"", ""method"": ""setTransform""}"
109973,reflection,Method.invoke,"{""class"": ""com.facebook.react.uimanager.BaseViewManager"", ""method"": ""setOpacity""}"
109975,reflection,Method.invoke,"{""class"": ""com.facebook.react.views.view.ReactViewManager"", ""method"": ""setBorderColor""}"
109987,reflection,Method.invoke,"{""class"": ""com.facebook.react.uimanager.BaseViewManager"", ""method"": ""setOpacity""}"
109988,reflection,Method.invoke,"{""class"": ""com.facebook.react.uimanager.BaseViewManager"", ""method"": ""setTransform""}"
109989,reflection,Method.invoke,"{""class"": ""com.facebook.react.uimanager.BaseViewManager"", ""method"": ""setTransform""}"
109990,reflection,Method.invoke,"{""class"": ""com.facebook.react.uimanager.BaseViewManager"", ""method"": ""setOpacity""}"
109990,reflection,Method.invoke,"{""class"": ""com.facebook.react.views.view.ReactViewManager"", ""method"": ""setBorderColor""}"
110004,reflection,Method.invoke,"{""class"": ""com.facebook.react.uimanager.BaseViewManager"", ""method"": ""setOpacity""}"
110005,reflection,Method.invoke,"{""class"": ""com.facebook.react.uimanager.BaseViewManager"", ""method"": ""setTransform""}"
110006,reflection,Method.invoke,"{""class"": ""com.facebook.react.uimanager.BaseViewManager"", ""method"": ""setTransform""}"
110007,reflection,Method.invoke,"{""class"": ""com.facebook.react.uimanager.BaseViewManager"", ""method"": ""setOpacity""}"
110008,reflection,Method.invoke,"{""class"": ""com.facebook.react.views.view.ReactViewManager"", ""method"": ""setBorderColor""}"
110020,reflection,Method.invoke,"{""class"": ""com.facebook.react.uimanager.BaseViewManager"", ""method"": ""setOpacity""}"
110020,reflection,Method.invoke,"{""class"": ""com.facebook.react.uimanager.BaseViewManager"", ""method"": ""setTransform""}"
110022,reflection,Method.invoke,"{""class"": ""com.facebook.react.uimanager.BaseViewManager"", ""method"": ""setTransform""}"
110022,reflection,Method.invoke,"{""class"": ""com.facebook.react.uimanager.BaseViewManager"", ""method"": ""setOpacity""}"
110023,reflection,Method.invoke,"{""class"": ""com.facebook.react.views.view.ReactViewManager"", ""method"": ""setBorderColor""}"
110037,reflection,Method.invoke,"{""class"": ""com.facebook.react.uimanager.BaseViewManager"", ""method"": ""setOpacity""}"
110038,reflection,Method.invoke,"{""class"": ""com.facebook.react.uimanager.BaseViewManager"", ""method"": ""setTransform""}"
110039,reflection,Method.invoke,"{""class"": ""com.facebook.react.uimanager.BaseViewManager"", ""method"": ""setTransform""}"
110040,reflection,Method.invoke,"{""class"": ""com.facebook.react.uimanager.BaseViewManager"", ""method"": ""setOpacity""}"
110040,reflection,Method.invoke,"{""class"": ""com.facebook.react.views.view.ReactViewManager"", ""method"": ""setBorderColor""}"
110054,reflection,Method.invoke,"{""class"": ""com.facebook.react.uimanager.BaseViewManager"", ""method"": ""setOpacity""}"
110056,reflection,Method.invoke,"{""class"": ""com.facebook.react.uimanager.BaseViewManager"", ""method"": ""setTransform""}"
110057,reflection,Method.invoke,"{""class"": ""com.facebook.react.uimanager.BaseViewManager"", ""method"": ""setTransform""}"
110060,reflection,Method.invoke,"{""class"": ""com.facebook.react.uimanager.BaseViewManager"", ""method"": ""setOpacity""}"
110061,reflection,Method.invoke,"{""class"": ""com.facebook.react.views.view.ReactViewManager"", ""method"": ""setBorderColor""}"
110069,reflection,Method.invoke,"{""class"": ""com.facebook.react.uimanager.BaseViewManager"", ""method"": ""setOpacity""}"
110070,reflection,Method.invoke,"{""class"": ""com.facebook.react.uimanager.BaseViewManager"", ""method"": ""setTransform""}"
110071,reflection,Method.invoke,"{""class"": ""com.facebook.react.uimanager.BaseViewManager"", ""method"": ""setTransform""}"
110072,reflection,Method.invoke,"{""class"": ""com.facebook.react.uimanager.BaseViewManager"", ""method"": ""setOpacity""}"
110072,reflection,Method.invoke,"{""class"": ""com.facebook.react.views.view.ReactViewManager"", ""method"": ""setBorderColor""}"
110088,reflection,Method.invoke,"{""class"": ""com.facebook.react.uimanager.BaseViewManager"", ""method"": ""setOpacity""}"
110089,reflection,Method.invoke,"{""class"": ""com.facebook.react.uimanager.BaseViewManager"", ""method"": ""setTransform""}"
110090,reflection,Method.invoke,"{""class"": ""com.facebook.react.uimanager.BaseViewManager"", ""method"": ""setTransform""}"
110092,reflection,Method.invoke,"{""class"": ""com.facebook.react.uimanager.BaseViewManager"", ""method"": ""setOpacity""}"
110093,reflection,Method.invoke,"{""class"": ""com.facebook.react.views.view.ReactViewManager"", ""method"": ""setBorderColor""}"
110103,reflection,Method.invoke,"{""class"": ""com.facebook.react.uimanager.BaseViewManager"", ""method"": ""setOpacity""}"
110103,reflection,Method.invoke,"{""class"": ""com.facebook.react.uimanager.BaseViewManager"", ""method"": ""setTransform""}"
110104,reflection,Method.invoke,"{""class"": ""com.facebook.react.uimanager.BaseViewManager"", ""method"": ""setTransform""}"
110105,reflection,Method.invoke,"{""class"": ""com.facebook.react.uimanager.BaseViewManager"", ""method"": ""setOpacity""}"
110105,reflection,Method.invoke,"{""class"": ""com.facebook.react.views.view.ReactViewManager"", ""method"": ""setBorderColor""}"
110122,reflection,Method.invoke,"{""class"": ""com.facebook.react.uimanager.BaseViewManager"", ""method"": ""setOpacity""}"
110123,reflection,Method.invoke,"{""class"": ""com.facebook.react.uimanager.BaseViewManager"", ""method"": ""setTransform""}"
110124,reflection,Method.invoke,"{""class"": ""com.facebook.react.uimanager.BaseViewManager"", ""method"": ""setTransform""}"
110125,reflection,Method.invoke,"{""class"": ""com.facebook.react.uimanager.BaseViewManager"", ""method"": ""setOpacity""}"
110126,reflection,Method.invoke,"{""class"": ""com.facebook.react.views.view.ReactViewManager"", ""method"": ""setBorderColor""}"
110138,reflection,Method.invoke,"{""class"": ""com.facebook.react.uimanager.BaseViewManager"", ""method"": ""setOpacity""}"
110138,reflection,Method.invoke,"{""class"": ""com.facebook.react.uimanager.BaseViewManager"", ""method"": ""setTransform""}"
110139,reflection,Method.invoke,"{""class"": ""com.facebook.react.uimanager.BaseViewManager"", ""method"": ""setTransform""}"
110143,reflection,Method.invoke,"{""class"": ""com.facebook.react.uimanager.BaseViewManager"", ""method"": ""setOpacity""}"
110144,reflection,Method.invoke,"{""class"": ""com.facebook.react.views.view.ReactViewManager"", ""method"": ""setBorderColor""}"
110154,reflection,Method.invoke,"{""class"": ""com.facebook.react.uimanager.BaseViewManager"", ""method"": ""setOpacity""}"
110155,reflection,Method.invoke,"{""class"": ""com.facebook.react.uimanager.BaseViewManager"", ""method"": ""setTransform""}"
110155,reflection,Method.invoke,"{""class"": ""com.facebook.react.uimanager.BaseViewManager"", ""method"": ""setTransform""}"
110157,reflection,Method.invoke,"{""class"": ""com.facebook.react.uimanager.BaseViewManager"", ""method"": ""setOpacity""}"
110158,reflection,Method.invoke,"{""class"": ""com.facebook.react.views.view.ReactViewManager"", ""method"": ""setBorderColor""}"
110171,reflection,Method.invoke,"{""class"": ""com.facebook.react.uimanager.BaseViewManager"", ""method"": ""setOpacity""}"
110173,reflection,Method.invoke,"{""class"": ""com.facebook.react.uimanager.BaseViewManager"", ""method"": ""setTransform""}"
110173,reflection,Method.invoke,"{""class"": ""com.facebook.react.uimanager.BaseViewManager"", ""method"": ""setTransform""}"
110174,reflection,Method.invoke,"{""class"": ""com.facebook.react.uimanager.BaseViewManager"", ""method"": ""setOpacity""}"
110175,reflection,Method.invoke,"{""class"": ""com.facebook.react.views.view.ReactViewManager"", ""method"": ""setBorderColor""}"
110185,reflection,Method.invoke,"{""class"": ""com.facebook.react.uimanager.BaseViewManager"", ""method"": ""setOpacity""}"
110186,reflection,Method.invoke,"{""class"": ""com.facebook.react.uimanager.BaseViewManager"", ""method"": ""setTransform""}"
110187,reflection,Method.invoke,"{""class"": ""com.facebook.react.uimanager.BaseViewManager"", ""method"": ""setTransform""}"
110188,reflection,Method.invoke,"{""class"": ""com.facebook.react.uimanager.BaseViewManager"", ""method"": ""setOpacity""}"
110189,reflection,Method.invoke,"{""class"": ""com.facebook.react.views.view.ReactViewManager"", ""method"": ""setBorderColor""}"
110205,reflection,Method.invoke,"{""class"": ""com.facebook.react.uimanager.BaseViewManager"", ""method"": ""setOpacity""}"
110206,reflection,Method.invoke,"{""class"": ""com.facebook.react.uimanager.BaseViewManager"", ""method"": ""setTransform""}"
110206,reflection,Method.invoke,"{""class"": ""com.facebook.react.uimanager.BaseViewManager"", ""method"": ""setTransform""}"
110208,reflection,Method.invoke,"{""class"": ""com.facebook.react.uimanager.BaseViewManager"", ""method"": ""setOpacity""}"
110209,reflection,Method.invoke,"{""class"": ""com.facebook.react.views.view.ReactViewManager"", ""method"": ""setBorderColor""}"
110221,reflection,Method.invoke,"{""class"": ""com.facebook.react.uimanager.BaseViewManager"", ""method"": ""setOpacity""}"
110221,reflection,Method.invoke,"{""class"": ""com.facebook.react.uimanager.BaseViewManager"", ""method"": ""setTransform""}"
110222,reflection,Method.invoke,"{""class"": ""com.facebook.react.uimanager.BaseViewManager"", ""method"": ""setTransform""}"
110223,reflection,Method.invoke,"{""class"": ""com.facebook.react.uimanager.BaseViewManager"", ""method"": ""setOpacity""}"
110224,reflection,Method.invoke,"{""class"": ""com.facebook.react.views.view.ReactViewManager"", ""method"": ""setBorderColor""}"
110237,reflection,Method.invoke,"{""class"": ""com.facebook.react.uimanager.BaseViewManager"", ""method"": ""setOpacity""}"
110238,reflection,Method.invoke,"{""class"": ""com.facebook.react.uimanager.BaseViewManager"", ""method"": ""setTransform""}"
110240,reflection,Method.invoke,"{""class"": ""com.facebook.react.uimanager.BaseViewManager"", ""method"": ""setTransform""}"
110240,reflection,Method.invoke,"{""class"": ""com.facebook.react.uimanager.BaseViewManager"", ""method"": ""setOpacity""}"
110241,reflection,Method.invoke,"{""class"": ""com.facebook.react.views.view.ReactViewManager"", ""method"": ""setBorderColor""}"
110254,reflection,Method.invoke,"{""class"": ""com.facebook.react.uimanager.BaseViewManager"", ""method"": ""setOpacity""}"
110255,reflection,Method.invoke,"{""class"": ""com.facebook.react.uimanager.BaseViewManager"", ""method"": ""setTransform""}"
110256,reflection,Method.invoke,"{""class"": ""com.facebook.react.uimanager.BaseViewManager"", ""method"": ""setTransform""}"
110256,reflection,Method.invoke,"{""class"": ""com.facebook.react.uimanager.BaseViewManager"", ""method"": ""setOpacity""}"
110257,reflection,Method.invoke,"{""class"": ""com.facebook.react.views.view.ReactViewManager"", ""method"": ""setBorderColor""}"
110271,reflection,Method.invoke,"{""class"": ""com.facebook.react.uimanager.BaseViewManager"", ""method"": ""setOpacity""}"
110271,reflection,Method.invoke,"{""class"": ""com.facebook.react.uimanager.BaseViewManager"", ""method"": ""setTransform""}"
110272,reflection,Method.invoke,"{""class"": ""com.facebook.react.uimanager.BaseViewManager"", ""method"": ""setTransform""}"
110273,reflection,Method.invoke,"{""class"": ""com.facebook.react.uimanager.BaseViewManager"", ""method"": ""setOpacity""}"
110273,reflection,Method.invoke,"{""class"": ""com.facebook.react.views.view.ReactViewManager"", ""method"": ""setBorderColor""}"
110289,reflection,Method.invoke,"{""class"": ""com.facebook.react.uimanager.BaseViewManager"", ""method"": ""setOpacity""}"
110290,reflection,Method.invoke,"{""class"": ""com.facebook.react.uimanager.BaseViewManager"", ""method"": ""setTransform""}"
110290,reflection,Method.invoke,"{""class"": ""com.facebook.react.uimanager.BaseViewManager"", ""method"": ""setTransform""}"
110291,reflection,Method.invoke,"{""class"": ""com.facebook.react.uimanager.BaseViewManager"", ""method"": ""setOpacity""}"
110292,reflection,Method.invoke,"{""class"": ""com.facebook.react.views.view.ReactViewManager"", ""method"": ""setBorderColor""}"
110305,reflection,Method.invoke,"{""class"": ""com.facebook.react.uimanager.BaseViewManager"", ""method"": ""setOpacity""}"
110306,reflection,Method.invoke,"{""class"": ""com.facebook.react.uimanager.BaseViewManager"", ""method"": ""setTransform""}"
110307,reflection,Method.invoke,"{""class"": ""com.facebook.react.uimanager.BaseViewManager"", ""method"": ""setTransform""}"
110307,reflection,Method.invoke,"{""class"": ""com.facebook.react.uimanager.BaseViewManager"", ""method"": ""setOpacity""}"
110308,reflection,Method.invoke,"{""class"": ""com.facebook.react.views.view.ReactViewManager"", ""method"": ""setBorderColor""}"
110321,reflection,Method.invoke,"{""class"": ""com.facebook.react.uimanager.BaseViewManager"", ""method"": ""setOpacity""}"
110322,reflection,Method.invoke,"{""class"": ""com.facebook.react.uimanager.BaseViewManager"", ""method"": ""setTransform""}"
110323,reflection,Method.invoke,"{""class"": ""com.facebook.react.uimanager.BaseViewManager"", ""method"": ""setTransform""}"
110323,reflection,Method.invoke,"{""class"": ""com.facebook.react.uimanager.BaseViewManager"", ""method"": ""setOpacity""}"
110324,reflection,Method.invoke,"{""class"": ""com.facebook.react.views.view.ReactViewManager"", ""method"": ""setBorderColor""}"
110337,reflection,Method.invoke,"{""class"": ""com.facebook.react.uimanager.BaseViewManager"", ""method"": ""setOpacity""}"
110337,reflection,Method.invoke,"{""class"": ""com.facebook.react.uimanager.BaseViewManager"", ""method"": ""setTransform""}"
110338,reflection,Method.invoke,"{""class"": ""com.facebook.react.uimanager.BaseViewManager"", ""method"": ""setTransform""}"
110339,reflection,Method.invoke,"{""class"": ""com.facebook.react.uimanager.BaseViewManager"", ""method"": ""setOpacity""}"
110339,reflection,Method.invoke,"{""class"": ""com.facebook.react.views.view.ReactViewManager"", ""method"": ""setBorderColor""}"
110354,reflection,Method.invoke,"{""class"": ""com.facebook.react.uimanager.BaseViewManager"", ""method"": ""setOpacity""}"
110355,reflection,Method.invoke,"{""class"": ""com.facebook.react.uimanager.BaseViewManager"", ""method"": ""setTransform""}"
110356,reflection,Method.invoke,"{""class"": ""com.facebook.react.uimanager.BaseViewManager"", ""method"": ""setTransform""}"
110357,reflection,Method.invoke,"{""class"": ""com.facebook.react.uimanager.BaseViewManager"", ""method"": ""setOpacity""}"
110359,reflection,Method.invoke,"{""class"": ""com.facebook.react.views.view.ReactViewManager"", ""method"": ""setBorderColor""}"
110370,reflection,Method.invoke,"{""class"": ""com.facebook.react.uimanager.BaseViewManager"", ""method"": ""setOpacity""}"
110371,reflection,Method.invoke,"{""class"": ""com.facebook.react.uimanager.BaseViewManager"", ""method"": ""setTransform""}"
110372,reflection,Method.invoke,"{""class"": ""com.facebook.react.uimanager.BaseViewManager"", ""method"": ""setTransform""}"
110373,reflection,Method.invoke,"{""class"": ""com.facebook.react.uimanager.BaseViewManager"", ""method"": ""setOpacity""}"
110373,reflection,Method.invoke,"{""class"": ""com.facebook.react.views.view.ReactViewManager"", ""method"": ""setBorderColor""}"
110387,reflection,Method.invoke,"{""class"": ""com.facebook.react.uimanager.BaseViewManager"", ""method"": ""setOpacity""}"
110388,reflection,Method.invoke,"{""class"": ""com.facebook.react.uimanager.BaseViewManager"", ""method"": ""setTransform""}"
110389,reflection,Method.invoke,"{""class"": ""com.facebook.react.uimanager.BaseViewManager"", ""method"": ""setTransform""}"
110390,reflection,Method.invoke,"{""class"": ""com.facebook.react.uimanager.BaseViewManager"", ""method"": ""setOpacity""}"
110390,reflection,Method.invoke,"{""class"": ""com.facebook.react.views.view.ReactViewManager"", ""method"": ""setBorderColor""}"
110403,reflection,Method.invoke,"{""class"": ""com.facebook.react.uimanager.BaseViewManager"", ""method"": ""setOpacity""}"
110404,reflection,Method.invoke,"{""class"": ""com.facebook.react.uimanager.BaseViewManager"", ""method"": ""setTransform""}"
110404,reflection,Method.invoke,"{""class"": ""com.facebook.react.uimanager.BaseViewManager"", ""method"": ""setTransform""}"
110405,reflection,Method.invoke,"{""class"": ""com.facebook.react.uimanager.BaseViewManager"", ""method"": ""setOpacity""}"
110406,reflection,Method.invoke,"{""class"": ""com.facebook.react.views.view.ReactViewManager"", ""method"": ""setBorderColor""}"
110419,reflection,Method.invoke,"{""class"": ""com.facebook.react.uimanager.BaseViewManager"", ""method"": ""setOpacity""}"
110420,reflection,Method.invoke,"{""class"": ""com.facebook.react.uimanager.BaseViewManager"", ""method"": ""setTransform""}"
110421,reflection,Method.invoke,"{""class"": ""com.facebook.react.uimanager.BaseViewManager"", ""method"": ""setTransform""}"
110423,reflection,Method.invoke,"{""class"": ""com.facebook.react.uimanager.BaseViewManager"", ""method"": ""setOpacity""}"
110423,reflection,Method.invoke,"{""class"": ""com.facebook.react.views.view.ReactViewManager"", ""method"": ""setBorderColor""}"
110437,reflection,Method.invoke,"{""class"": ""com.facebook.react.uimanager.BaseViewManager"", ""method"": ""setOpacity""}"
110438,reflection,Method.invoke,"{""class"": ""com.facebook.react.uimanager.BaseViewManager"", ""method"": ""setTransform""}"
110440,reflection,Method.invoke,"{""class"": ""com.facebook.react.uimanager.BaseViewManager"", ""method"": ""setTransform""}"
110440,reflection,Method.invoke,"{""class"": ""com.facebook.react.uimanager.BaseViewManager"", ""method"": ""setOpacity""}"
110442,reflection,Method.invoke,"{""class"": ""com.facebook.react.views.view.ReactViewManager"", ""method"": ""setBorderColor""}"
110453,reflection,Method.invoke,"{""class"": ""com.facebook.react.uimanager.BaseViewManager"", ""method"": ""setOpacity""}"
110453,reflection,Method.invoke,"{""class"": ""com.facebook.react.uimanager.BaseViewManager"", ""method"": ""setTransform""}"
110457,reflection,Method.invoke,"{""class"": ""com.facebook.react.uimanager.BaseViewManager"", ""method"": ""setTransform""}"
110458,reflection,Method.invoke,"{""class"": ""com.facebook.react.uimanager.BaseViewManager"", ""method"": ""setOpacity""}"
110459,reflection,Method.invoke,"{""class"": ""com.facebook.react.views.view.ReactViewManager"", ""method"": ""setBorderColor""}"
113172,reflection,Method.invoke,"{""class"": ""com.facebook.react.uimanager.BaseViewManager"", ""method"": ""setOpacity""}"
113173,reflection,Method.invoke,"{""class"": ""com.facebook.react.uimanager.BaseViewManager"", ""method"": ""setTransform""}"
113174,reflection,Method.invoke,"{""class"": ""com.facebook.react.uimanager.BaseViewManager"", ""method"": ""setTransform""}"
113175,reflection,Method.invoke,"{""class"": ""com.facebook.react.uimanager.BaseViewManager"", ""method"": ""setOpacity""}"
113176,reflection,Method.invoke,"{""class"": ""com.facebook.react.views.view.ReactViewManager"", ""method"": ""setBorderColor""}"
113181,reflection,Method.invoke,"{""class"": ""com.facebook.react.uimanager.BaseViewManager"", ""method"": ""setOpacity""}"
113182,reflection,Method.invoke,"{""class"": ""com.facebook.react.uimanager.BaseViewManager"", ""method"": ""setOpacity""}"
113182,reflection,Method.invoke,"{""class"": ""com.facebook.react.uimanager.BaseViewManager"", ""method"": ""setTransform""}"
113183,reflection,Method.invoke,"{""class"": ""com.facebook.react.uimanager.BaseViewManager"", ""method"": ""setTransform""}"
113184,reflection,Method.invoke,"{""class"": ""com.facebook.react.uimanager.BaseViewManager"", ""method"": ""setOpacity""}"
113185,reflection,Method.invoke,"{""class"": ""com.facebook.react.views.view.ReactViewManager"", ""method"": ""setBorderColor""}"
113198,reflection,Method.invoke,"{""class"": ""com.facebook.react.uimanager.BaseViewManager"", ""method"": ""setOpacity""}"
113199,reflection,Method.invoke,"{""class"": ""com.facebook.react.uimanager.BaseViewManager"", ""method"": ""setOpacity""}"
113199,reflection,Method.invoke,"{""class"": ""com.facebook.react.uimanager.BaseViewManager"", ""method"": ""setTransform""}"
113199,reflection,Method.invoke,"{""class"": ""com.facebook.react.uimanager.BaseViewManager"", ""method"": ""setTransform""}"
113199,reflection,Method.invoke,"{""class"": ""com.facebook.react.uimanager.BaseViewManager"", ""method"": ""setOpacity""}"
113200,reflection,Method.invoke,"{""class"": ""com.facebook.react.views.view.ReactViewManager"", ""method"": ""setBorderColor""}"
113214,reflection,Method.invoke,"{""class"": ""com.facebook.react.uimanager.BaseViewManager"", ""method"": ""setOpacity""}"
113218,reflection,Method.invoke,"{""class"": ""com.facebook.react.uimanager.BaseViewManager"", ""method"": ""setOpacity""}"
113219,reflection,Method.invoke,"{""class"": ""com.facebook.react.uimanager.BaseViewManager"", ""method"": ""setTransform""}"
113219,reflection,Method.invoke,"{""class"": ""com.facebook.react.uimanager.BaseViewManager"", ""method"": ""setTransform""}"
113220,reflection,Method.invoke,"{""class"": ""com.facebook.react.uimanager.BaseViewManager"", ""method"": ""setOpacity""}"
113221,reflection,Method.invoke,"{""class"": ""com.facebook.react.views.view.ReactViewManager"", ""method"": ""setBorderColor""}"
113231,reflection,Method.invoke,"{""class"": ""com.facebook.react.uimanager.BaseViewManager"", ""method"": ""setOpacity""}"
113236,reflection,Method.invoke,"{""class"": ""com.facebook.react.uimanager.BaseViewManager"", ""method"": ""setOpacity""}"
113237,reflection,Method.invoke,"{""class"": ""com.facebook.react.uimanager.BaseViewManager"", ""method"": ""setTransform""}"
113237,reflection,Method.invoke,"{""class"": ""com.facebook.react.uimanager.BaseViewManager"", ""method"": ""setTransform""}"
113238,reflection,Method.invoke,"{""class"": ""com.facebook.react.uimanager.BaseViewManager"", ""method"": ""setOpacity""}"
113239,reflection,Method.invoke,"{""class"": ""com.facebook.react.views.view.ReactViewManager"", ""method"": ""setBorderColor""}"
113247,reflection,Method.invoke,"{""class"": ""com.facebook.react.uimanager.BaseViewManager"", ""method"": ""setOpacity""}"
113248,reflection,Method.invoke,"{""class"": ""com.facebook.react.uimanager.BaseViewManager"", ""method"": ""setOpacity""}"
113249,reflection,Method.invoke,"{""class"": ""com.facebook.react.uimanager.BaseViewManager"", ""method"": ""setTransform""}"
113251,reflection,Method.invoke,"{""class"": ""com.facebook.react.uimanager.BaseViewManager"", ""method"": ""setTransform""}"
113252,reflection,Method.invoke,"{""class"": ""com.facebook.react.uimanager.BaseViewManager"", ""method"": ""setOpacity""}"
113253,reflection,Method.invoke,"{""class"": ""com.facebook.react.views.view.ReactViewManager"", ""method"": ""setBorderColor""}"
113264,reflection,Method.invoke,"{""class"": ""com.facebook.react.uimanager.BaseViewManager"", ""method"": ""setOpacity""}"
113265,reflection,Method.invoke,"{""class"": ""com.facebook.react.uimanager.BaseViewManager"", ""method"": ""setOpacity""}"
113265,reflection,Method.invoke,"{""class"": ""com.facebook.react.uimanager.BaseViewManager"", ""method"": ""setTransform""}"
113265,reflection,Method.invoke,"{""class"": ""com.facebook.react.uimanager.BaseViewManager"", ""method"": ""setTransform""}"
113266,reflection,Method.invoke,"{""class"": ""com.facebook.react.uimanager.BaseViewManager"", ""method"": ""setOpacity""}"
113266,reflection,Method.invoke,"{""class"": ""com.facebook.react.views.view.ReactViewManager"", ""method"": ""setBorderColor""}"
113282,reflection,Method.invoke,"{""class"": ""com.facebook.react.uimanager.BaseViewManager"", ""method"": ""setOpacity""}"
113286,reflection,Method.invoke,"{""class"": ""com.facebook.react.uimanager.BaseViewManager"", ""method"": ""setOpacity""}"
113287,reflection,Method.invoke,"{""class"": ""com.facebook.react.uimanager.BaseViewManager"", ""method"": ""setTransform""}"
113288,reflection,Method.invoke,"{""class"": ""com.facebook.react.uimanager.BaseViewManager"", ""method"": ""setTransform""}"
113288,reflection,Method.invoke,"{""class"": ""com.facebook.react.uimanager.BaseViewManager"", ""method"": ""setOpacity""}"
113289,reflection,Method.invoke,"{""class"": ""com.facebook.react.views.view.ReactViewManager"", ""method"": ""setBorderColor""}"
113297,reflection,Method.invoke,"{""class"": ""com.facebook.react.uimanager.BaseViewManager"", ""method"": ""setOpacity""}"
113298,reflection,Method.invoke,"{""class"": ""com.facebook.react.uimanager.BaseViewManager"", ""method"": ""setOpacity""}"
113299,reflection,Method.invoke,"{""class"": ""com.facebook.react.uimanager.BaseViewManager"", ""method"": ""setTransform""}"
113299,reflection,Method.invoke,"{""class"": ""com.facebook.react.uimanager.BaseViewManager"", ""method"": ""setTransform""}"
113299,reflection,Method.invoke,"{""class"": ""com.facebook.react.uimanager.BaseViewManager"", ""method"": ""setOpacity""}"
113299,reflection,Method.invoke,"{""class"": ""com.facebook.react.views.view.ReactViewManager"", ""method"": ""setBorderColor""}"
113315,reflection,Method.invoke,"{""class"": ""com.facebook.react.uimanager.BaseViewManager"", ""method"": ""setOpacity""}"
113325,reflection,Method.invoke,"{""class"": ""com.facebook.react.uimanager.BaseViewManager"", ""method"": ""setOpacity""}"
113335,reflection,Method.invoke,"{""class"": ""com.facebook.react.uimanager.BaseViewManager"", ""method"": ""setTransform""}"
113343,reflection,Method.invoke,"{""class"": ""com.facebook.react.uimanager.BaseViewManager"", ""method"": ""setTransform""}"
113351,reflection,Method.invoke,"{""class"": ""com.facebook.react.uimanager.BaseViewManager"", ""method"": ""setOpacity""}"
113360,reflection,Method.invoke,"{""class"": ""com.facebook.react.views.view.ReactViewManager"", ""method"": ""setBorderColor""}"
113374,reflection,Method.invoke,"{""class"": ""com.facebook.react.uimanager.BaseViewManager"", ""method"": ""setOpacity""}"
113390,reflection,Method.invoke,"{""class"": ""com.facebook.react.uimanager.BaseViewManager"", ""method"": ""setOpacity""}"
113398,reflection,Method.invoke,"{""class"": ""com.facebook.react.uimanager.BaseViewManager"", ""method"": ""setTransform""}"
113404,reflection,Method.invoke,"{""class"": ""com.facebook.react.uimanager.BaseViewManager"", ""method"": ""setTransform""}"
113412,reflection,Method.invoke,"{""class"": ""com.facebook.react.uimanager.BaseViewManager"", ""method"": ""setOpacity""}"
113419,reflection,Method.invoke,"{""class"": ""com.facebook.react.views.view.ReactViewManager"", ""method"": ""setBorderColor""}"
113438,reflection,Method.invoke,"{""class"": ""com.facebook.react.uimanager.BaseViewManager"", ""method"": ""setOpacity""}"
113452,reflection,Method.invoke,"{""class"": ""com.facebook.react.uimanager.BaseViewManager"", ""method"": ""setOpacity""}"
113460,reflection,Method.invoke,"{""class"": ""com.facebook.react.uimanager.BaseViewManager"", ""method"": ""setTransform""}"
113467,reflection,Method.invoke,"{""class"": ""com.facebook.react.uimanager.BaseViewManager"", ""method"": ""setTransform""}"
113476,reflection,Method.invoke,"{""class"": ""com.facebook.react.uimanager.BaseViewManager"", ""method"": ""setOpacity""}"
113483,reflection,Method.invoke,"{""class"": ""com.facebook.react.views.view.ReactViewManager"", ""method"": ""setBorderColor""}"
113495,reflection,Method.invoke,"{""class"": ""com.facebook.react.uimanager.BaseViewManager"", ""method"": ""setOpacity""}"
113512,reflection,Method.invoke,"{""class"": ""com.facebook.react.uimanager.BaseViewManager"", ""method"": ""setOpacity""}"
113519,reflection,Method.invoke,"{""class"": ""com.facebook.react.uimanager.BaseViewManager"", ""method"": ""setTransform""}"
113527,reflection,Method.invoke,"{""class"": ""com.facebook.react.uimanager.BaseViewManager"", ""method"": ""setTransform""}"
113536,reflection,Method.invoke,"{""class"": ""com.facebook.react.uimanager.BaseViewManager"", ""method"": ""setOpacity""}"
113543,reflection,Method.invoke,"{""class"": ""com.facebook.react.views.view.ReactViewManager"", ""method"": ""setBorderColor""}"
113568,reflection,Method.invoke,"{""class"": ""com.facebook.react.uimanager.BaseViewManager"", ""method"": ""setOpacity""}"
113577,reflection,Method.invoke,"{""class"": ""com.facebook.react.uimanager.BaseViewManager"", ""method"": ""setTransform""}"
113586,reflection,Method.invoke,"{""class"": ""com.facebook.react.uimanager.BaseViewManager"", ""method"": ""setTransform""}"
113595,reflection,Method.invoke,"{""class"": ""com.facebook.react.uimanager.BaseViewManager"", ""method"": ""setOpacity""}"
113602,reflection,Method.invoke,"{""class"": ""com.facebook.react.views.view.ReactViewManager"", ""method"": ""setBorderColor""}"
113624,reflection,Method.invoke,"{""class"": ""com.facebook.react.uimanager.BaseViewManager"", ""method"": ""setOpacity""}"
113631,reflection,Method.invoke,"{""class"": ""com.facebook.react.uimanager.BaseViewManager"", ""method"": ""setTransform""}"
113640,reflection,Method.invoke,"{""class"": ""com.facebook.react.uimanager.BaseViewManager"", ""method"": ""setTransform""}"
113648,reflection,Method.invoke,"{""class"": ""com.facebook.react.uimanager.BaseViewManager"", ""method"": ""setOpacity""}"
113658,reflection,Method.invoke,"{""class"": ""com.facebook.react.views.view.ReactViewManager"", ""method"": ""setBorderColor""}"
113679,reflection,Method.invoke,"{""class"": ""com.facebook.react.uimanager.BaseViewManager"", ""method"": ""setOpacity""}"
113692,reflection,Method.invoke,"{""class"": ""com.facebook.react.uimanager.BaseViewManager"", ""method"": ""setTransform""}"
113699,reflection,Method.invoke,"{""class"": ""com.facebook.react.uimanager.BaseViewManager"", ""method"": ""setTransform""}"
113706,reflection,Method.invoke,"{""class"": ""com.facebook.react.uimanager.BaseViewManager"", ""method"": ""setOpacity""}"
113714,reflection,Method.invoke,"{""class"": ""com.facebook.react.views.view.ReactViewManager"", ""method"": ""setBorderColor""}"
113735,reflection,Method.invoke,"{""class"": ""com.facebook.react.uimanager.BaseViewManager"", ""method"": ""setOpacity""}"
113742,reflection,Method.invoke,"{""class"": ""com.facebook.react.uimanager.BaseViewManager"", ""method"": ""setTransform""}"
113751,reflection,Method.invoke,"{""class"": ""com.facebook.react.uimanager.BaseViewManager"", ""method"": ""setTransform""}"
113758,reflection,Method.invoke,"{""class"": ""com.facebook.react.uimanager.BaseViewManager"", ""method"": ""setOpacity""}"
113766,reflection,Method.invoke,"{""class"": ""com.facebook.react.views.view.ReactViewManager"", ""method"": ""setBorderColor""}"
113788,reflection,Method.invoke,"{""class"": ""com.facebook.react.uimanager.BaseViewManager"", ""method"": ""setOpacity""}"
113796,reflection,Method.invoke,"{""class"": ""com.facebook.react.uimanager.BaseViewManager"", ""method"": ""setTransform""}"
113804,reflection,Method.invoke,"{""class"": ""com.facebook.react.uimanager.BaseViewManager"", ""method"": ""setTransform""}"
113811,reflection,Method.invoke,"{""class"": ""com.facebook.react.uimanager.BaseViewManager"", ""method"": ""setOpacity""}"
113821,reflection,Method.invoke,"{""class"": ""com.facebook.react.views.view.ReactViewManager"", ""method"": ""setBorderColor""}"
113840,reflection,Method.invoke,"{""class"": ""com.facebook.react.uimanager.BaseViewManager"", ""method"": ""setOpacity""}"
113848,reflection,Method.invoke,"{""class"": ""com.facebook.react.uimanager.BaseViewManager"", ""method"": ""setTransform""}"
113856,reflection,Method.invoke,"{""class"": ""com.facebook.react.uimanager.BaseViewManager"", ""method"": ""setTransform""}"
113864,reflection,Method.invoke,"{""class"": ""com.facebook.react.uimanager.BaseViewManager"", ""method"": ""setOpacity""}"
113874,reflection,Method.invoke,"{""class"": ""com.facebook.react.views.view.ReactViewManager"", ""method"": ""setBorderColor""}"
113892,reflection,Method.invoke,"{""class"": ""com.facebook.react.uimanager.BaseViewManager"", ""method"": ""setOpacity""}"
113902,reflection,Method.invoke,"{""class"": ""com.facebook.react.uimanager.BaseViewManager"", ""method"": ""setTransform""}"
113912,reflection,Method.invoke,"{""class"": ""com.facebook.react.uimanager.BaseViewManager"", ""method"": ""setTransform""}"
113921,reflection,Method.invoke,"{""class"": ""com.facebook.react.uimanager.BaseViewManager"", ""method"": ""setOpacity""}"
113929,reflection,Method.invoke,"{""class"": ""com.facebook.react.views.view.ReactViewManager"", ""method"": ""setBorderColor""}"
113951,reflection,Method.invoke,"{""class"": ""com.facebook.react.uimanager.BaseViewManager"", ""method"": ""setOpacity""}"
113959,reflection,Method.invoke,"{""class"": ""com.facebook.react.uimanager.BaseViewManager"", ""method"": ""setTransform""}"
113968,reflection,Method.invoke,"{""class"": ""com.facebook.react.uimanager.BaseViewManager"", ""method"": ""setTransform""}"
113976,reflection,Method.invoke,"{""class"": ""com.facebook.react.uimanager.BaseViewManager"", ""method"": ""setOpacity""}"
113986,reflection,Method.invoke,"{""class"": ""com.facebook.react.views.view.ReactViewManager"", ""method"": ""setBorderColor""}"
114007,reflection,Method.invoke,"{""class"": ""com.facebook.react.uimanager.BaseViewManager"", ""method"": ""setOpacity""}"
114014,reflection,Method.invoke,"{""class"": ""com.facebook.react.uimanager.BaseViewManager"", ""method"": ""setTransform""}"
114022,reflection,Method.invoke,"{""class"": ""com.facebook.react.uimanager.BaseViewManager"", ""method"": ""setTransform""}"
114029,reflection,Method.invoke,"{""class"": ""com.facebook.react.uimanager.BaseViewManager"", ""method"": ""setOpacity""}"
114038,reflection,Method.invoke,"{""class"": ""com.facebook.react.views.view.ReactViewManager"", ""method"": ""setBorderColor""}"
114057,reflection,Method.invoke,"{""class"": ""com.facebook.react.uimanager.BaseViewManager"", ""method"": ""setOpacity""}"
114068,reflection,Method.invoke,"{""class"": ""com.facebook.react.uimanager.BaseViewManager"", ""method"": ""setTransform""}"
114078,reflection,Method.invoke,"{""class"": ""com.facebook.react.uimanager.BaseViewManager"", ""method"": ""setTransform""}"
114086,reflection,Method.invoke,"{""class"": ""com.facebook.react.uimanager.BaseViewManager"", ""method"": ""setOpacity""}"
114093,reflection,Method.invoke,"{""class"": ""com.facebook.react.views.view.ReactViewManager"", ""method"": ""setBorderColor""}"
114112,reflection,Method.invoke,"{""class"": ""com.facebook.react.uimanager.BaseViewManager"", ""method"": ""setOpacity""}"
114123,reflection,Method.invoke,"{""class"": ""com.facebook.react.uimanager.BaseViewManager"", ""method"": ""setTransform""}"
114130,reflection,Method.invoke,"{""class"": ""com.facebook.react.uimanager.BaseViewManager"", ""method"": ""setTransform""}"
114138,reflection,Method.invoke,"{""class"": ""com.facebook.react.uimanager.BaseViewManager"", ""method"": ""setOpacity""}"
114145,reflection,Method.invoke,"{""class"": ""com.facebook.react.views.view.ReactViewManager"", ""method"": ""setBorderColor""}"
114166,reflection,Method.invoke,"{""class"": ""com.facebook.react.uimanager.BaseViewManager"", ""method"": ""setOpacity""}"
114176,reflection,Method.invoke,"{""class"": ""com.facebook.react.uimanager.BaseViewManager"", ""method"": ""setTransform""}"
114182,reflection,Method.invoke,"{""class"": ""com.facebook.react.uimanager.BaseViewManager"", ""method"": ""setTransform""}"
114192,reflection,Method.invoke,"{""class"": ""com.facebook.react.uimanager.BaseViewManager"", ""method"": ""setOpacity""}"
114199,reflection,Method.invoke,"{""class"": ""com.facebook.react.views.view.ReactViewManager"", ""method"": ""setBorderColor""}"
114221,reflection,Method.invoke,"{""class"": ""com.facebook.react.uimanager.BaseViewManager"", ""method"": ""setOpacity""}"
114228,reflection,Method.invoke,"{""class"": ""com.facebook.react.uimanager.BaseViewManager"", ""method"": ""setTransform""}"
114238,reflection,Method.invoke,"{""class"": ""com.facebook.react.uimanager.BaseViewManager"", ""method"": ""setTransform""}"
114244,reflection,Method.invoke,"{""class"": ""com.facebook.react.uimanager.BaseViewManager"", ""method"": ""setOpacity""}"
114254,reflection,Method.invoke,"{""class"": ""com.facebook.react.views.view.ReactViewManager"", ""method"": ""setBorderColor""}"
114272,reflection,Method.invoke,"{""class"": ""com.facebook.react.uimanager.BaseViewManager"", ""method"": ""setOpacity""}"
114280,reflection,Method.invoke,"{""class"": ""com.facebook.react.uimanager.BaseViewManager"", ""method"": ""setTransform""}"
114292,reflection,Method.invoke,"{""class"": ""com.facebook.react.uimanager.BaseViewManager"", ""method"": ""setTransform""}"
114299,reflection,Method.invoke,"{""class"": ""com.facebook.react.uimanager.BaseViewManager"", ""method"": ""setOpacity""}"
114308,reflection,Method.invoke,"{""class"": ""com.facebook.react.views.view.ReactViewManager"", ""method"": ""setBorderColor""}"
114326,reflection,Method.invoke,"{""class"": ""com.facebook.react.uimanager.BaseViewManager"", ""method"": ""setOpacity""}"
114337,reflection,Method.invoke,"{""class"": ""com.facebook.react.uimanager.BaseViewManager"", ""method"": ""setTransform""}"
114344,reflection,Method.invoke,"{""class"": ""com.facebook.react.uimanager.BaseViewManager"", ""method"": ""setTransform""}"
114351,reflection,Method.invoke,"{""class"": ""com.facebook.react.uimanager.BaseViewManager"", ""method"": ""setOpacity""}"
114358,reflection,Method.invoke,"{""class"": ""com.facebook.react.views.view.ReactViewManager"", ""method"": ""setBorderColor""}"
114378,reflection,Method.invoke,"{""class"": ""com.facebook.react.uimanager.BaseViewManager"", ""method"": ""setOpacity""}"
114388,reflection,Method.invoke,"{""class"": ""com.facebook.react.uimanager.BaseViewManager"", ""method"": ""setTransform""}"
114396,reflection,Method.invoke,"{""class"": ""com.facebook.react.uimanager.BaseViewManager"", ""method"": ""setTransform""}"
114404,reflection,Method.invoke,"{""class"": ""com.facebook.react.uimanager.BaseViewManager"", ""method"": ""setOpacity""}"
114412,reflection,Method.invoke,"{""class"": ""com.facebook.react.views.view.ReactViewManager"", ""method"": ""setBorderColor""}"
114433,reflection,Method.invoke,"{""class"": ""com.facebook.react.uimanager.BaseViewManager"", ""method"": ""setOpacity""}"
114442,reflection,Method.invoke,"{""class"": ""com.facebook.react.uimanager.BaseViewManager"", ""method"": ""setTransform""}"
114448,reflection,Method.invoke,"{""class"": ""com.facebook.react.uimanager.BaseViewManager"", ""method"": ""setTransform""}"
114458,reflection,Method.invoke,"{""class"": ""com.facebook.react.uimanager.BaseViewManager"", ""method"": ""setOpacity""}"
114465,reflection,Method.invoke,"{""class"": ""com.facebook.react.views.view.ReactViewManager"", ""method"": ""setBorderColor""}"
114487,reflection,Method.invoke,"{""class"": ""com.facebook.react.uimanager.BaseViewManager"", ""method"": ""setOpacity""}"
114495,reflection,Method.invoke,"{""class"": ""com.facebook.react.uimanager.BaseViewManager"", ""method"": ""setTransform""}"
114504,reflection,Method.invoke,"{""class"": ""com.facebook.react.uimanager.BaseViewManager"", ""method"": ""setTransform""}"
114511,reflection,Method.invoke,"{""class"": ""com.facebook.react.uimanager.BaseViewManager"", ""method"": ""setOpacity""}"
114518,reflection,Method.invoke,"{""class"": ""com.facebook.react.views.view.ReactViewManager"", ""method"": ""setBorderColor""}"
114543,reflection,Method.invoke,"{""class"": ""com.facebook.react.uimanager.BaseViewManager"", ""method"": ""setOpacity""}"
114552,reflection,Method.invoke,"{""class"": ""com.facebook.react.uimanager.BaseViewManager"", ""method"": ""setTransform""}"
114559,reflection,Method.invoke,"{""class"": ""com.facebook.react.uimanager.BaseViewManager"", ""method"": ""setTransform""}"
114566,reflection,Method.invoke,"{""class"": ""com.facebook.react.uimanager.BaseViewManager"", ""method"": ""setOpacity""}"
114573,reflection,Method.invoke,"{""class"": ""com.facebook.react.views.view.ReactViewManager"", ""method"": ""setBorderColor""}"
114595,reflection,Method.invoke,"{""class"": ""com.facebook.react.uimanager.BaseViewManager"", ""method"": ""setOpacity""}"
114609,reflection,Method.invoke,"{""class"": ""com.facebook.react.uimanager.BaseViewManager"", ""method"": ""setTransform""}"
114618,reflection,Method.invoke,"{""class"": ""com.facebook.react.uimanager.BaseViewManager"", ""method"": ""setTransform""}"
114628,reflection,Method.invoke,"{""class"": ""com.facebook.react.uimanager.BaseViewManager"", ""method"": ""setOpacity""}"
114635,reflection,Method.invoke,"{""class"": ""com.facebook.react.views.view.ReactViewManager"", ""method"": ""setBorderColor""}"
114661,reflection,Method.invoke,"{""class"": ""com.facebook.react.uimanager.BaseViewManager"", ""method"": ""setOpacity""}"
114672,reflection,Method.invoke,"{""class"": ""com.facebook.react.uimanager.BaseViewManager"", ""method"": ""setTransform""}"
114680,reflection,Method.invoke,"{""class"": ""com.facebook.react.uimanager.BaseViewManager"", ""method"": ""setTransform""}"
114687,reflection,Method.invoke,"{""class"": ""com.facebook.react.uimanager.BaseViewManager"", ""method"": ""setOpacity""}"
114694,reflection,Method.invoke,"{""class"": ""com.facebook.react.views.view.ReactViewManager"", ""method"": ""setBorderColor""}"
114718,reflection,Method.invoke,"{""class"": ""com.facebook.react.uimanager.BaseViewManager"", ""method"": ""setOpacity""}"
114725,reflection,Method.invoke,"{""class"": ""com.facebook.react.uimanager.BaseViewManager"", ""method"": ""setTransform""}"
114733,reflection,Method.invoke,"{""class"": ""com.facebook.react.uimanager.BaseViewManager"", ""method"": ""setTransform""}"
114742,reflection,Method.invoke,"{""class"": ""com.facebook.react.uimanager.BaseViewManager"", ""method"": ""setOpacity""}"
114750,reflection,Method.invoke,"{""class"": ""com.facebook.react.views.view.ReactViewManager"", ""method"": ""setBorderColor""}"
114772,reflection,Method.invoke,"{""class"": ""com.facebook.react.uimanager.BaseViewManager"", ""method"": ""setOpacity""}"
114781,reflection,Method.invoke,"{""class"": ""com.facebook.react.uimanager.BaseViewManager"", ""method"": ""setTransform""}"
114787,reflection,Method.invoke,"{""class"": ""com.facebook.react.uimanager.BaseViewManager"", ""method"": ""setTransform""}"
114796,reflection,Method.invoke,"{""class"": ""com.facebook.react.uimanager.BaseViewManager"", ""method"": ""setOpacity""}"
114805,reflection,Method.invoke,"{""class"": ""com.facebook.react.views.view.ReactViewManager"", ""method"": ""setBorderColor""}"
116550,reflection,Method.invoke,"{""class"": ""com.facebook.react.uimanager.BaseViewManager"", ""method"": ""setOpacity""}"
116557,reflection,Method.invoke,"{""class"": ""com.facebook.react.uimanager.BaseViewManager"", ""method"": ""setTransform""}"
116565,reflection,Method.invoke,"{""class"": ""com.facebook.react.uimanager.BaseViewManager"", ""method"": ""setTransform""}"
116573,reflection,Method.invoke,"{""class"": ""com.facebook.react.uimanager.BaseViewManager"", ""method"": ""setOpacity""}"
116581,reflection,Method.invoke,"{""class"": ""com.facebook.react.views.view.ReactViewManager"", ""method"": ""setBorderColor""}"
116590,reflection,Method.invoke,"{""class"": ""com.facebook.react.uimanager.BaseViewManager"", ""method"": ""setOpacity""}"
116600,reflection,Method.invoke,"{""class"": ""com.facebook.react.uimanager.BaseViewManager"", ""method"": ""setOpacity""}"
116608,reflection,Method.invoke,"{""class"": ""com.facebook.react.uimanager.BaseViewManager"", ""method"": ""setTransform""}"
116615,reflection,Method.invoke,"{""class"": ""com.facebook.react.uimanager.BaseViewManager"", ""method"": ""setTransform""}"
116623,reflection,Method.invoke,"{""class"": ""com.facebook.react.uimanager.BaseViewManager"", ""method"": ""setOpacity""}"
116629,reflection,Method.invoke,"{""class"": ""com.facebook.react.views.view.ReactViewManager"", ""method"": ""setBorderColor""}"
116642,reflection,Method.invoke,"{""class"": ""com.facebook.react.uimanager.BaseViewManager"", ""method"": ""setOpacity""}"
116655,reflection,Method.invoke,"{""class"": ""com.facebook.react.uimanager.BaseViewManager"", ""method"": ""setOpacity""}"
116663,reflection,Method.invoke,"{""class"": ""com.facebook.react.uimanager.BaseViewManager"", ""method"": ""setTransform""}"
116672,reflection,Method.invoke,"{""class"": ""com.facebook.react.uimanager.BaseViewManager"", ""method"": ""setTransform""}"
116680,reflection,Method.invoke,"{""class"": ""com.facebook.react.uimanager.BaseViewManager"", ""method"": ""setOpacity""}"
116687,reflection,Method.invoke,"{""class"": ""com.facebook.react.views.view.ReactViewManager"", ""method"": ""setBorderColor""}"
116707,reflection,Method.invoke,"{""class"": ""com.facebook.react.uimanager.BaseViewManager"", ""method"": ""setOpacity""}"
116723,reflection,Method.invoke,"{""class"": ""com.facebook.react.uimanager.BaseViewManager"", ""method"": ""setOpacity""}"
116733,reflection,Method.invoke,"{""class"": ""com.facebook.react.uimanager.BaseViewManager"", ""method"": ""setTransform""}"
116742,reflection,Method.invoke,"{""class"": ""com.facebook.react.uimanager.BaseViewManager"", ""method"": ""setTransform""}"
116751,reflection,Method.invoke,"{""class"": ""com.facebook.react.uimanager.BaseViewManager"", ""method"": ""setOpacity""}"
116760,reflection,Method.invoke,"{""class"": ""com.facebook.react.views.view.ReactViewManager"", ""method"": ""setBorderColor""}"
116773,reflection,Method.invoke,"{""class"": ""com.facebook.react.uimanager.BaseViewManager"", ""method"": ""setOpacity""}"
116788,reflection,Method.invoke,"{""class"": ""com.facebook.react.uimanager.BaseViewManager"", ""method"": ""setOpacity""}"
116799,reflection,Method.invoke,"{""class"": ""com.facebook.react.uimanager.BaseViewManager"", ""method"": ""setTransform""}"
116806,reflection,Method.invoke,"{""class"": ""com.facebook.react.uimanager.BaseViewManager"", ""method"": ""setTransform""}"
116815,reflection,Method.invoke,"{""class"": ""com.facebook.react.uimanager.BaseViewManager"", ""method"": ""setOpacity""}"
116822,reflection,Method.invoke,"{""class"": ""com.facebook.react.views.view.ReactViewManager"", ""method"": ""setBorderColor""}"
116836,reflection,Method.invoke,"{""class"": ""com.facebook.react.uimanager.BaseViewManager"", ""method"": ""setOpacity""}"
116846,reflection,Method.invoke,"{""class"": ""com.facebook.react.uimanager.BaseViewManager"", ""method"": ""setOpacity""}"
116858,reflection,Method.invoke,"{""class"": ""com.facebook.react.uimanager.BaseViewManager"", ""method"": ""setTransform""}"
116868,reflection,Method.invoke,"{""class"": ""com.facebook.react.uimanager.BaseViewManager"", ""method"": ""setTransform""}"
116875,reflection,Method.invoke,"{""class"": ""com.facebook.react.uimanager.BaseViewManager"", ""method"": ""setOpacity""}"
116886,reflection,Method.invoke,"{""class"": ""com.facebook.react.views.view.ReactViewManager"", ""method"": ""setBorderColor""}"
116904,reflection,Method.invoke,"{""class"": ""com.facebook.react.uimanager.BaseViewManager"", ""method"": ""setOpacity""}"
116916,reflection,Method.invoke,"{""class"": ""com.facebook.react.uimanager.BaseViewManager"", ""method"": ""setOpacity""}"
116923,reflection,Method.invoke,"{""class"": ""com.facebook.react.uimanager.BaseViewManager"", ""method"": ""setTransform""}"
116932,reflection,Method.invoke,"{""class"": ""com.facebook.react.uimanager.BaseViewManager"", ""method"": ""setTransform""}"
116940,reflection,Method.invoke,"{""class"": ""com.facebook.react.uimanager.BaseViewManager"", ""method"": ""setOpacity""}"
116948,reflection,Method.invoke,"{""class"": ""com.facebook.react.views.view.ReactViewManager"", ""method"": ""setBorderColor""}"
116971,reflection,Method.invoke,"{""class"": ""com.facebook.react.uimanager.BaseViewManager"", ""method"": ""setOpacity""}"
116979,reflection,Method.invoke,"{""class"": ""com.facebook.react.uimanager.BaseViewManager"", ""method"": ""setTransform""}"
116989,reflection,Method.invoke,"{""class"": ""com.facebook.react.uimanager.BaseViewManager"", ""method"": ""setTransform""}"
116996,reflection,Method.invoke,"{""class"": ""com.facebook.react.uimanager.BaseViewManager"", ""method"": ""setOpacity""}"
117004,reflection,Method.invoke,"{""class"": ""com.facebook.react.views.view.ReactViewManager"", ""method"": ""setBorderColor""}"
117027,reflection,Method.invoke,"{""class"": ""com.facebook.react.uimanager.BaseViewManager"", ""method"": ""setOpacity""}"
117038,reflection,Method.invoke,"{""class"": ""com.facebook.react.uimanager.BaseViewManager"", ""method"": ""setTransform""}"
117044,reflection,Method.invoke,"{""class"": ""com.facebook.react.uimanager.BaseViewManager"", ""method"": ""setTransform""}"
117052,reflection,Method.invoke,"{""class"": ""com.facebook.react.uimanager.BaseViewManager"", ""method"": ""setOpacity""}"
117060,reflection,Method.invoke,"{""class"": ""com.facebook.react.views.view.ReactViewManager"", ""method"": ""setBorderColor""}"
117080,reflection,Method.invoke,"{""class"": ""com.facebook.react.uimanager.BaseViewManager"", ""method"": ""setOpacity""}"
117091,reflection,Method.invoke,"{""class"": ""com.facebook.react.uimanager.BaseViewManager"", ""method"": ""setTransform""}"
117097,reflection,Method.invoke,"{""class"": ""com.facebook.react.uimanager.BaseViewManager"", ""method"": ""setTransform""}"
117107,reflection,Method.invoke,"{""class"": ""com.facebook.react.uimanager.BaseViewManager"", ""method"": ""setOpacity""}"
117114,reflection,Method.invoke,"{""class"": ""com.facebook.react.views.view.ReactViewManager"", ""method"": ""setBorderColor""}"
117137,reflection,Method.invoke,"{""class"": ""com.facebook.react.uimanager.BaseViewManager"", ""method"": ""setOpacity""}"
117145,reflection,Method.invoke,"{""class"": ""com.facebook.react.uimanager.BaseViewManager"", ""method"": ""setTransform""}"
117153,reflection,Method.invoke,"{""class"": ""com.facebook.react.uimanager.BaseViewManager"", ""method"": ""setTransform""}"
117161,reflection,Method.invoke,"{""class"": ""com.facebook.react.uimanager.BaseViewManager"", ""method"": ""setOpacity""}"
117170,reflection,Method.invoke,"{""class"": ""com.facebook.react.views.view.ReactViewManager"", ""method"": ""setBorderColor""}"
117189,reflection,Method.invoke,"{""class"": ""com.facebook.react.uimanager.BaseViewManager"", ""method"": ""setOpacity""}"
117197,reflection,Method.invoke,"{""class"": ""com.facebook.react.uimanager.BaseViewManager"", ""method"": ""setTransform""}"
117208,reflection,Method.invoke,"{""class"": ""com.facebook.react.uimanager.BaseViewManager"", ""method"": ""setTransform""}"
117217,reflection,Method.invoke,"{""class"": ""com.facebook.react.uimanager.BaseViewManager"", ""method"": ""setOpacity""}"
117226,reflection,Method.invoke,"{""class"": ""com.facebook.react.views.view.ReactViewManager"", ""method"": ""setBorderColor""}"
117245,reflection,Method.invoke,"{""class"": ""com.facebook.react.uimanager.BaseViewManager"", ""method"": ""setOpacity""}"
117255,reflection,Method.invoke,"{""class"": ""com.facebook.react.uimanager.BaseViewManager"", ""method"": ""setTransform""}"
117263,reflection,Method.invoke,"{""class"": ""com.facebook.react.uimanager.BaseViewManager"", ""method"": ""setTransform""}"
117271,reflection,Method.invoke,"{""class"": ""com.facebook.react.uimanager.BaseViewManager"", ""method"": ""setOpacity""}"
117279,reflection,Method.invoke,"{""class"": ""com.facebook.react.views.view.ReactViewManager"", ""method"": ""setBorderColor""}"
117303,reflection,Method.invoke,"{""class"": ""com.facebook.react.uimanager.BaseViewManager"", ""method"": ""setOpacity""}"
117309,reflection,Method.invoke,"{""class"": ""com.facebook.react.uimanager.BaseViewManager"", ""method"": ""setTransform""}"
117317,reflection,Method.invoke,"{""class"": ""com.facebook.react.uimanager.BaseViewManager"", ""method"": ""setTransform""}"
117327,reflection,Method.invoke,"{""class"": ""com.facebook.react.uimanager.BaseViewManager"", ""method"": ""setOpacity""}"
117333,reflection,Method.invoke,"{""class"": ""com.facebook.react.views.view.ReactViewManager"", ""method"": ""setBorderColor""}"
117355,reflection,Method.invoke,"{""class"": ""com.facebook.react.uimanager.BaseViewManager"", ""method"": ""setOpacity""}"
117364,reflection,Method.invoke,"{""class"": ""com.facebook.react.uimanager.BaseViewManager"", ""method"": ""setTransform""}"
117371,reflection,Method.invoke,"{""class"": ""com.facebook.react.uimanager.BaseViewManager"", ""method"": ""setTransform""}"
117381,reflection,Method.invoke,"{""class"": ""com.facebook.react.uimanager.BaseViewManager"", ""method"": ""setOpacity""}"
117388,reflection,Method.invoke,"{""class"": ""com.facebook.react.views.view.ReactViewManager"", ""method"": ""setBorderColor""}"
117413,reflection,Method.invoke,"{""class"": ""com.facebook.react.uimanager.BaseViewManager"", ""method"": ""setOpacity""}"
117424,reflection,Method.invoke,"{""class"": ""com.facebook.react.uimanager.BaseViewManager"", ""method"": ""setTransform""}"
117430,reflection,Method.invoke,"{""class"": ""com.facebook.react.uimanager.BaseViewManager"", ""method"": ""setTransform""}"
117440,reflection,Method.invoke,"{""class"": ""com.facebook.react.uimanager.BaseViewManager"", ""method"": ""setOpacity""}"
117447,reflection,Method.invoke,"{""class"": ""com.facebook.react.views.view.ReactViewManager"", ""method"": ""setBorderColor""}"
117469,reflection,Method.invoke,"{""class"": ""com.facebook.react.uimanager.BaseViewManager"", ""method"": ""setOpacity""}"
117478,reflection,Method.invoke,"{""class"": ""com.facebook.react.uimanager.BaseViewManager"", ""method"": ""setTransform""}"
117486,reflection,Method.invoke,"{""class"": ""com.facebook.react.uimanager.BaseViewManager"", ""method"": ""setTransform""}"
117494,reflection,Method.invoke,"{""class"": ""com.facebook.react.uimanager.BaseViewManager"", ""method"": ""setOpacity""}"
117503,reflection,Method.invoke,"{""class"": ""com.facebook.react.views.view.ReactViewManager"", ""method"": ""setBorderColor""}"
117522,reflection,Method.invoke,"{""class"": ""com.facebook.react.uimanager.BaseViewManager"", ""method"": ""setOpacity""}"
117529,reflection,Method.invoke,"{""class"": ""com.facebook.react.uimanager.BaseViewManager"", ""method"": ""setTransform""}"
117540,reflection,Method.invoke,"{""class"": ""com.facebook.react.uimanager.BaseViewManager"", ""method"": ""setTransform""}"
117548,reflection,Method.invoke,"{""class"": ""com.facebook.react.uimanager.BaseViewManager"", ""method"": ""setOpacity""}"
117556,reflection,Method.invoke,"{""class"": ""com.facebook.react.views.view.ReactViewManager"", ""method"": ""setBorderColor""}"
117576,reflection,Method.invoke,"{""class"": ""com.facebook.react.uimanager.BaseViewManager"", ""method"": ""setOpacity""}"
117587,reflection,Method.invoke,"{""class"": ""com.facebook.react.uimanager.BaseViewManager"", ""method"": ""setTransform""}"
117596,reflection,Method.invoke,"{""class"": ""com.facebook.react.uimanager.BaseViewManager"", ""method"": ""setTransform""}"
117604,reflection,Method.invoke,"{""class"": ""com.facebook.react.uimanager.BaseViewManager"", ""method"": ""setOpacity""}"
117613,reflection,Method.invoke,"{""class"": ""com.facebook.react.views.view.ReactViewManager"", ""method"": ""setBorderColor""}"
117634,reflection,Method.invoke,"{""class"": ""com.facebook.react.uimanager.BaseViewManager"", ""method"": ""setOpacity""}"
117644,reflection,Method.invoke,"{""class"": ""com.facebook.react.uimanager.BaseViewManager"", ""method"": ""setTransform""}"
117651,reflection,Method.invoke,"{""class"": ""com.facebook.react.uimanager.BaseViewManager"", ""method"": ""setTransform""}"
117659,reflection,Method.invoke,"{""class"": ""com.facebook.react.uimanager.BaseViewManager"", ""method"": ""setOpacity""}"
117666,reflection,Method.invoke,"{""class"": ""com.facebook.react.views.view.ReactViewManager"", ""method"": ""setBorderColor""}"
117688,reflection,Method.invoke,"{""class"": ""com.facebook.react.uimanager.BaseViewManager"", ""method"": ""setOpacity""}"
117697,reflection,Method.invoke,"{""class"": ""com.facebook.react.uimanager.BaseViewManager"", ""method"": ""setTransform""}"
117706,reflection,Method.invoke,"{""class"": ""com.facebook.react.uimanager.BaseViewManager"", ""method"": ""setTransform""}"
117713,reflection,Method.invoke,"{""class"": ""com.facebook.react.uimanager.BaseViewManager"", ""method"": ""setOpacity""}"
117721,reflection,Method.invoke,"{""class"": ""com.facebook.react.views.view.ReactViewManager"", ""method"": ""setBorderColor""}"
117740,reflection,Method.invoke,"{""class"": ""com.facebook.react.uimanager.BaseViewManager"", ""method"": ""setOpacity""}"
117751,reflection,Method.invoke,"{""class"": ""com.facebook.react.uimanager.BaseViewManager"", ""method"": ""setTransform""}"
117759,reflection,Method.invoke,"{""class"": ""com.facebook.react.uimanager.BaseViewManager"", ""method"": ""setTransform""}"
117767,reflection,Method.invoke,"{""class"": ""com.facebook.react.uimanager.BaseViewManager"", ""method"": ""setOpacity""}"
117775,reflection,Method.invoke,"{""class"": ""com.facebook.react.views.view.ReactViewManager"", ""method"": ""setBorderColor""}"
117795,reflection,Method.invoke,"{""class"": ""com.facebook.react.uimanager.BaseViewManager"", ""method"": ""setOpacity""}"
117804,reflection,Method.invoke,"{""class"": ""com.facebook.react.uimanager.BaseViewManager"", ""method"": ""setTransform""}"
117812,reflection,Method.invoke,"{""class"": ""com.facebook.react.uimanager.BaseViewManager"", ""method"": ""setTransform""}"
117820,reflection,Method.invoke,"{""class"": ""com.facebook.react.uimanager.BaseViewManager"", ""method"": ""setOpacity""}"
117830,reflection,Method.invoke,"{""class"": ""com.facebook.react.views.view.ReactViewManager"", ""method"": ""setBorderColor""}"
117852,reflection,Method.invoke,"{""class"": ""com.facebook.react.uimanager.BaseViewManager"", ""method"": ""setOpacity""}"
117860,reflection,Method.invoke,"{""class"": ""com.facebook.react.uimanager.BaseViewManager"", ""method"": ""setTransform""}"
117870,reflection,Method.invoke,"{""class"": ""com.facebook.react.uimanager.BaseViewManager"", ""method"": ""setTransform""}"
117877,reflection,Method.invoke,"{""class"": ""com.facebook.react.uimanager.BaseViewManager"", ""method"": ""setOpacity""}"
117886,reflection,Method.invoke,"{""class"": ""com.facebook.react.views.view.ReactViewManager"", ""method"": ""setBorderColor""}"
117906,reflection,Method.invoke,"{""class"": ""com.facebook.react.uimanager.BaseViewManager"", ""method"": ""setOpacity""}"
117912,reflection,Method.invoke,"{""class"": ""com.facebook.react.uimanager.BaseViewManager"", ""method"": ""setTransform""}"
117924,reflection,Method.invoke,"{""class"": ""com.facebook.react.uimanager.BaseViewManager"", ""method"": ""setTransform""}"
117932,reflection,Method.invoke,"{""class"": ""com.facebook.react.uimanager.BaseViewManager"", ""method"": ""setOpacity""}"
117940,reflection,Method.invoke,"{""class"": ""com.facebook.react.views.view.ReactViewManager"", ""method"": ""setBorderColor""}"
117962,reflection,Method.invoke,"{""class"": ""com.facebook.react.uimanager.BaseViewManager"", ""method"": ""setOpacity""}"
117972,reflection,Method.invoke,"{""class"": ""com.facebook.react.uimanager.BaseViewManager"", ""method"": ""setTransform""}"
117980,reflection,Method.invoke,"{""class"": ""com.facebook.react.uimanager.BaseViewManager"", ""method"": ""setTransform""}"
117987,reflection,Method.invoke,"{""class"": ""com.facebook.react.uimanager.BaseViewManager"", ""method"": ""setOpacity""}"
117996,reflection,Method.invoke,"{""class"": ""com.facebook.react.views.view.ReactViewManager"", ""method"": ""setBorderColor""}"
118019,reflection,Method.invoke,"{""class"": ""com.facebook.react.uimanager.BaseViewManager"", ""method"": ""setOpacity""}"
118028,reflection,Method.invoke,"{""class"": ""com.facebook.react.uimanager.BaseViewManager"", ""method"": ""setTransform""}"
118035,reflection,Method.invoke,"{""class"": ""com.facebook.react.uimanager.BaseViewManager"", ""method"": ""setTransform""}"
118042,reflection,Method.invoke,"{""class"": ""com.facebook.react.uimanager.BaseViewManager"", ""method"": ""setOpacity""}"
118051,reflection,Method.invoke,"{""class"": ""com.facebook.react.views.view.ReactViewManager"", ""method"": ""setBorderColor""}"
118073,reflection,Method.invoke,"{""class"": ""com.facebook.react.uimanager.BaseViewManager"", ""method"": ""setOpacity""}"
118083,reflection,Method.invoke,"{""class"": ""com.facebook.react.uimanager.BaseViewManager"", ""method"": ""setTransform""}"
118091,reflection,Method.invoke,"{""class"": ""com.facebook.react.uimanager.BaseViewManager"", ""method"": ""setTransform""}"
118098,reflection,Method.invoke,"{""class"": ""com.facebook.react.uimanager.BaseViewManager"", ""method"": ""setOpacity""}"
118107,reflection,Method.invoke,"{""class"": ""com.facebook.react.views.view.ReactViewManager"", ""method"": ""setBorderColor""}"
118127,reflection,Method.invoke,"{""class"": ""com.facebook.react.uimanager.BaseViewManager"", ""method"": ""setOpacity""}"
118139,reflection,Method.invoke,"{""class"": ""com.facebook.react.uimanager.BaseViewManager"", ""method"": ""setTransform""}"
118148,reflection,Method.invoke,"{""class"": ""com.facebook.react.uimanager.BaseViewManager"", ""method"": ""setTransform""}"
118155,reflection,Method.invoke,"{""class"": ""com.facebook.react.uimanager.BaseViewManager"", ""method"": ""setOpacity""}"
118162,reflection,Method.invoke,"{""class"": ""com.facebook.react.views.view.ReactViewManager"", ""method"": ""setBorderColor""}"
121064,reflection,Method.invoke,"{""class"": ""com.facebook.react.uimanager.BaseViewManager"", ""method"": ""setOpacity""}"
121073,reflection,Method.invoke,"{""class"": ""com.facebook.react.uimanager.BaseViewManager"", ""method"": ""setTransform""}"
121083,reflection,Method.invoke,"{""class"": ""com.facebook.react.uimanager.BaseViewManager"", ""method"": ""setTransform""}"
121089,reflection,Method.invoke,"{""class"": ""com.facebook.react.uimanager.BaseViewManager"", ""method"": ""setOpacity""}"
121097,reflection,Method.invoke,"{""class"": ""com.facebook.react.views.view.ReactViewManager"", ""method"": ""setBorderColor""}"
121108,reflection,Method.invoke,"{""class"": ""com.facebook.react.uimanager.BaseViewManager"", ""method"": ""setOpacity""}"
121120,reflection,Method.invoke,"{""class"": ""com.facebook.react.uimanager.BaseViewManager"", ""method"": ""setOpacity""}"
121128,reflection,Method.invoke,"{""class"": ""com.facebook.react.uimanager.BaseViewManager"", ""method"": ""setTransform""}"
121135,reflection,Method.invoke,"{""class"": ""com.facebook.react.uimanager.BaseViewManager"", ""method"": ""setTransform""}"
121144,reflection,Method.invoke,"{""class"": ""com.facebook.react.uimanager.BaseViewManager"", ""method"": ""setOpacity""}"
121155,reflection,Method.invoke,"{""class"": ""com.facebook.react.views.view.ReactViewManager"", ""method"": ""setBorderColor""}"
121173,reflection,Method.invoke,"{""class"": ""com.facebook.react.uimanager.BaseViewManager"", ""method"": ""setOpacity""}"
121187,reflection,Method.invoke,"{""class"": ""com.facebook.react.uimanager.BaseViewManager"", ""method"": ""setOpacity""}"
121199,reflection,Method.invoke,"{""class"": ""com.facebook.react.uimanager.BaseViewManager"", ""method"": ""setTransform""}"
121207,reflection,Method.invoke,"{""class"": ""com.facebook.react.uimanager.BaseViewManager"", ""method"": ""setTransform""}"
121213,reflection,Method.invoke,"{""class"": ""com.facebook.react.uimanager.BaseViewManager"", ""method"": ""setOpacity""}"
121221,reflection,Method.invoke,"{""class"": ""com.facebook.react.views.view.ReactViewManager"", ""method"": ""setBorderColor""}"
121234,reflection,Method.invoke,"{""class"": ""com.facebook.react.uimanager.BaseViewManager"", ""method"": ""setOpacity""}"
121257,reflection,Method.invoke,"{""class"": ""com.facebook.react.uimanager.BaseViewManager"", ""method"": ""setOpacity""}"
121264,reflection,Method.invoke,"{""class"": ""com.facebook.react.uimanager.BaseViewManager"", ""method"": ""setTransform""}"
121272,reflection,Method.invoke,"{""class"": ""com.facebook.react.uimanager.BaseViewManager"", ""method"": ""setTransform""}"
121280,reflection,Method.invoke,"{""class"": ""com.facebook.react.uimanager.BaseViewManager"", ""method"": ""setOpacity""}"
121287,reflection,Method.invoke,"{""class"": ""com.facebook.react.views.view.ReactViewManager"", ""method"": ""setBorderColor""}"
121303,reflection,Method.invoke,"{""class"": ""com.facebook.react.uimanager.BaseViewManager"", ""method"": ""setOpacity""}"
121318,reflection,Method.invoke,"{""class"": ""com.facebook.react.uimanager.BaseViewManager"", ""method"": ""setOpacity""}"
121325,reflection,Method.invoke,"{""class"": ""com.facebook.react.uimanager.BaseViewManager"", ""method"": ""setTransform""}"
121333,reflection,Method.invoke,"{""class"": ""com.facebook.react.uimanager.BaseViewManager"", ""method"": ""setTransform""}"
121341,reflection,Method.invoke,"{""class"": ""com.facebook.react.uimanager.BaseViewManager"", ""method"": ""setOpacity""}"
121348,reflection,Method.invoke,"{""class"": ""com.facebook.react.views.view.ReactViewManager"", ""method"": ""setBorderColor""}"
121361,reflection,Method.invoke,"{""class"": ""com.facebook.react.uimanager.BaseViewManager"", ""method"": ""setOpacity""}"
121375,reflection,Method.invoke,"{""class"": ""com.facebook.react.uimanager.BaseViewManager"", ""method"": ""setOpacity""}"
121383,reflection,Method.invoke,"{""class"": ""com.facebook.react.uimanager.BaseViewManager"", ""method"": ""setTransform""}"
121391,reflection,Method.invoke,"{""class"": ""com.facebook.react.uimanager.BaseViewManager"", ""method"": ""setTransform""}"
121399,reflection,Method.invoke,"{""class"": ""com.facebook.react.uimanager.BaseViewManager"", ""method"": ""setOpacity""}"
121406,reflection,Method.invoke,"{""class"": ""com.facebook.react.views.view.ReactViewManager"", ""method"": ""setBorderColor""}"
121424,reflection,Method.invoke,"{""class"": ""com.facebook.react.uimanager.BaseViewManager"", ""method"": ""setOpacity""}"
121433,reflection,Method.invoke,"{""class"": ""com.facebook.react.uimanager.BaseViewManager"", ""method"": ""setTransform""}"
121443,reflection,Method.invoke,"{""class"": ""com.facebook.react.uimanager.BaseViewManager"", ""method"": ""setTransform""}"
121453,reflection,Method.invoke,"{""class"": ""com.facebook.react.uimanager.BaseViewManager"", ""method"": ""setOpacity""}"
121461,reflection,Method.invoke,"{""class"": ""com.facebook.react.views.view.ReactViewManager"", ""method"": ""setBorderColor""}"
121485,reflection,Method.invoke,"{""class"": ""com.facebook.react.uimanager.BaseViewManager"", ""method"": ""setOpacity""}"
121492,reflection,Method.invoke,"{""class"": ""com.facebook.react.uimanager.BaseViewManager"", ""method"": ""setTransform""}"
121500,reflection,Method.invoke,"{""class"": ""com.facebook.react.uimanager.BaseViewManager"", ""method"": ""setTransform""}"
121506,reflection,Method.invoke,"{""class"": ""com.facebook.react.uimanager.BaseViewManager"", ""method"": ""setOpacity""}"
121515,reflection,Method.invoke,"{""class"": ""com.facebook.react.views.view.ReactViewManager"", ""method"": ""setBorderColor""}"
121537,reflection,Method.invoke,"{""class"": ""com.facebook.react.uimanager.BaseViewManager"", ""method"": ""setOpacity""}"
121545,reflection,Method.invoke,"{""class"": ""com.facebook.react.uimanager.BaseViewManager"", ""method"": ""setTransform""}"
121553,reflection,Method.invoke,"{""class"": ""com.facebook.react.uimanager.BaseViewManager"", ""method"": ""setTransform""}"
121562,reflection,Method.invoke,"{""class"": ""com.facebook.react.uimanager.BaseViewManager"", ""method"": ""setOpacity""}"
121571,reflection,Method.invoke,"{""class"": ""com.facebook.react.views.view.ReactViewManager"", ""method"": ""setBorderColor""}"
121595,reflection,Method.invoke,"{""class"": ""com.facebook.react.uimanager.BaseViewManager"", ""method"": ""setOpacity""}"
121606,reflection,Method.invoke,"{""class"": ""com.facebook.react.uimanager.BaseViewManager"", ""method"": ""setTransform""}"
121615,reflection,Method.invoke,"{""class"": ""com.facebook.react.uimanager.BaseViewManager"", ""method"": ""setTransform""}"
121622,reflection,Method.invoke,"{""class"": ""com.facebook.react.uimanager.BaseViewManager"", ""method"": ""setOpacity""}"
121629,reflection,Method.invoke,"{""class"": ""com.facebook.react.views.view.ReactViewManager"", ""method"": ""setBorderColor""}"
121652,reflection,Method.invoke,"{""class"": ""com.facebook.react.uimanager.BaseViewManager"", ""method"": ""setOpacity""}"
121661,reflection,Method.invoke,"{""class"": ""com.facebook.react.uimanager.BaseViewManager"", ""method"": ""setTransform""}"
121668,reflection,Method.invoke,"{""class"": ""com.facebook.react.uimanager.BaseViewManager"", ""method"": ""setTransform""}"
121677,reflection,Method.invoke,"{""class"": ""com.facebook.react.uimanager.BaseViewManager"", ""method"": ""setOpacity""}"
121686,reflection,Method.invoke,"{""class"": ""com.facebook.react.views.view.ReactViewManager"", ""method"": ""setBorderColor""}"
121707,reflection,Method.invoke,"{""class"": ""com.facebook.react.uimanager.BaseViewManager"", ""method"": ""setOpacity""}"
121716,reflection,Method.invoke,"{""class"": ""com.facebook.react.uimanager.BaseViewManager"", ""method"": ""setTransform""}"
121726,reflection,Method.invoke,"{""class"": ""com.facebook.react.uimanager.BaseViewManager"", ""method"": ""setTransform""}"
121733,reflection,Method.invoke,"{""class"": ""com.facebook.react.uimanager.BaseViewManager"", ""method"": ""setOpacity""}"
121740,reflection,Method.invoke,"{""class"": ""com.facebook.react.views.view.ReactViewManager"", ""method"": ""setBorderColor""}"
121761,reflection,Method.invoke,"{""class"": ""com.facebook.react.uimanager.BaseViewManager"", ""method"": ""setOpacity""}"
121771,reflection,Method.invoke,"{""class"": ""com.facebook.react.uimanager.BaseViewManager"", ""method"": ""setTransform""}"
121781,reflection,Method.invoke,"{""class"": ""com.facebook.react.uimanager.BaseViewManager"", ""method"": ""setTransform""}"
121787,reflection,Method.invoke,"{""class"": ""com.facebook.react.uimanager.BaseViewManager"", ""method"": ""setOpacity""}"
121796,reflection,Method.invoke,"{""class"": ""com.facebook.react.views.view.ReactViewManager"", ""method"": ""setBorderColor""}"
121818,reflection,Method.invoke,"{""class"": ""com.facebook.react.uimanager.BaseViewManager"", ""method"": ""setOpacity""}"
121827,reflection,Method.invoke,"{""class"": ""com.facebook.react.uimanager.BaseViewManager"", ""method"": ""setTransform""}"
121835,reflection,Method.invoke,"{""class"": ""com.facebook.react.uimanager.BaseViewManager"", ""method"": ""setTransform""}"
121842,reflection,Method.invoke,"{""class"": ""com.facebook.react.uimanager.BaseViewManager"", ""method"": ""setOpacity""}"
121852,reflection,Method.invoke,"{""class"": ""com.facebook.react.views.view.ReactViewManager"", ""method"": ""setBorderColor""}"
121874,reflection,Method.invoke,"{""class"": ""com.facebook.react.uimanager.BaseViewManager"", ""method"": ""setOpacity""}"
121881,reflection,Method.invoke,"{""class"": ""com.facebook.react.uimanager.BaseViewManager"", ""method"": ""setTransform""}"
121890,reflection,Method.invoke,"{""class"": ""com.facebook.react.uimanager.BaseViewManager"", ""method"": ""setTransform""}"
121898,reflection,Method.invoke,"{""class"": ""com.facebook.react.uimanager.BaseViewManager"", ""method"": ""setOpacity""}"
121907,reflection,Method.invoke,"{""class"": ""com.facebook.react.views.view.ReactViewManager"", ""method"": ""setBorderColor""}"
121927,reflection,Method.invoke,"{""class"": ""com.facebook.react.uimanager.BaseViewManager"", ""method"": ""setOpacity""}"
121937,reflection,Method.invoke,"{""class"": ""com.facebook.react.uimanager.BaseViewManager"", ""method"": ""setTransform""}"
121943,reflection,Method.invoke,"{""class"": ""com.facebook.react.uimanager.BaseViewManager"", ""method"": ""setTransform""}"
121953,reflection,Method.invoke,"{""class"": ""com.facebook.react.uimanager.BaseViewManager"", ""method"": ""setOpacity""}"
121961,reflection,Method.invoke,"{""class"": ""com.facebook.react.views.view.ReactViewManager"", ""method"": ""setBorderColor""}"
121981,reflection,Method.invoke,"{""class"": ""com.facebook.react.uimanager.BaseViewManager"", ""method"": ""setOpacity""}"
121993,reflection,Method.invoke,"{""class"": ""com.facebook.react.uimanager.BaseViewManager"", ""method"": ""setTransform""}"
122002,reflection,Method.invoke,"{""class"": ""com.facebook.react.uimanager.BaseViewManager"", ""method"": ""setTransform""}"
122010,reflection,Method.invoke,"{""class"": ""com.facebook.react.uimanager.BaseViewManager"", ""method"": ""setOpacity""}"
122017,reflection,Method.invoke,"{""class"": ""com.facebook.react.views.view.ReactViewManager"", ""method"": ""setBorderColor""}"
122039,reflection,Method.invoke,"{""class"": ""com.facebook.react.uimanager.BaseViewManager"", ""method"": ""setOpacity""}"
122048,reflection,Method.invoke,"{""class"": ""com.facebook.react.uimanager.BaseViewManager"", ""method"": ""setTransform""}"
122056,reflection,Method.invoke,"{""class"": ""com.facebook.react.uimanager.BaseViewManager"", ""method"": ""setTransform""}"
122063,reflection,Method.invoke,"{""class"": ""com.facebook.react.uimanager.BaseViewManager"", ""method"": ""setOpacity""}"
122071,reflection,Method.invoke,"{""class"": ""com.facebook.react.views.view.ReactViewManager"", ""method"": ""setBorderColor""}"
122090,reflection,Method.invoke,"{""class"": ""com.facebook.react.uimanager.BaseViewManager"", ""method"": ""setOpacity""}"
122101,reflection,Method.invoke,"{""class"": ""com.facebook.react.uimanager.BaseViewManager"", ""method"": ""setTransform""}"
122109,reflection,Method.invoke,"{""class"": ""com.facebook.react.uimanager.BaseViewManager"", ""method"": ""setTransform""}"
122116,reflection,Method.invoke,"{""class"": ""com.facebook.react.uimanager.BaseViewManager"", ""method"": ""setOpacity""}"
122125,reflection,Method.invoke,"{""class"": ""com.facebook.react.views.view.ReactViewManager"", ""method"": ""setBorderColor""}"
122144,reflection,Method.invoke,"{""class"": ""com.facebook.react.uimanager.BaseViewManager"", ""method"": ""setOpacity""}"
122154,reflection,Method.invoke,"{""class"": ""com.facebook.react.uimanager.BaseViewManager"", ""method"": ""setTransform""}"
122164,reflection,Method.invoke,"{""class"": ""com.facebook.react.uimanager.BaseViewManager"", ""method"": ""setTransform""}"
122171,reflection,Method.invoke,"{""class"": ""com.facebook.react.uimanager.BaseViewManager"", ""method"": ""setOpacity""}"
122179,reflection,Method.invoke,"{""class"": ""com.facebook.react.views.view.ReactViewManager"", ""method"": ""setBorderColor""}"
122200,reflection,Method.invoke,"{""class"": ""com.facebook.react.uimanager.BaseViewManager"", ""method"": ""setOpacity""}"
122207,reflection,Method.invoke,"{""class"": ""com.facebook.react.uimanager.BaseViewManager"", ""method"": ""setTransform""}"
122216,reflection,Method.invoke,"{""class"": ""com.facebook.react.uimanager.BaseViewManager"", ""method"": ""setTransform""}"
122226,reflection,Method.invoke,"{""class"": ""com.facebook.react.uimanager.BaseViewManager"", ""method"": ""setOpacity""}"
122234,reflection,Method.invoke,"{""class"": ""com.facebook.react.views.view.ReactViewManager"", ""method"": ""setBorderColor""}"
122258,reflection,Method.invoke,"{""class"": ""com.facebook.react.uimanager.BaseViewManager"", ""method"": ""setOpacity""}"
122265,reflection,Method.invoke,"{""class"": ""com.facebook.react.uimanager.BaseViewManager"", ""method"": ""setTransform""}"
122275,reflection,Method.invoke,"{""class"": ""com.facebook.react.uimanager.BaseViewManager"", ""method"": ""setTransform""}"
122282,reflection,Method.invoke,"{""class"": ""com.facebook.react.uimanager.BaseViewManager"", ""method"": ""setOpacity""}"
122290,reflection,Method.invoke,"{""class"": ""com.facebook.react.views.view.ReactViewManager"", ""method"": ""setBorderColor""}"
122309,reflection,Method.invoke,"{""class"": ""com.facebook.react.uimanager.BaseViewManager"", ""method"": ""setOpacity""}"
122318,reflection,Method.invoke,"{""class"": ""com.facebook.react.uimanager.BaseViewManager"", ""method"": ""setTransform""}"
122326,reflection,Method.invoke,"{""class"": ""com.facebook.react.uimanager.BaseViewManager"", ""method"": ""setTransform""}"
122335,reflection,Method.invoke,"{""class"": ""com.facebook.react.uimanager.BaseViewManager"", ""method"": ""setOpacity""}"
122343,reflection,Method.invoke,"{""class"": ""com.facebook.react.views.view.ReactViewManager"", ""method"": ""setBorderColor""}"
122362,reflection,Method.invoke,"{""class"": ""com.facebook.react.uimanager.BaseViewManager"", ""method"": ""setOpacity""}"
122372,reflection,Method.invoke,"{""class"": ""com.facebook.react.uimanager.BaseViewManager"", ""method"": ""setTransform""}"
122379,reflection,Method.invoke,"{""class"": ""com.facebook.react.uimanager.BaseViewManager"", ""method"": ""setTransform""}"
122389,reflection,Method.invoke,"{""class"": ""com.facebook.react.uimanager.BaseViewManager"", ""method"": ""setOpacity""}"
122399,reflection,Method.invoke,"{""class"": ""com.facebook.react.views.view.ReactViewManager"", ""method"": ""setBorderColor""}"
122422,reflection,Method.invoke,"{""class"": ""com.facebook.react.uimanager.BaseViewManager"", ""method"": ""setOpacity""}"
122431,reflection,Method.invoke,"{""class"": ""com.facebook.react.uimanager.BaseViewManager"", ""method"": ""setTransform""}"
122439,reflection,Method.invoke,"{""class"": ""com.facebook.react.uimanager.BaseViewManager"", ""method"": ""setTransform""}"
122447,reflection,Method.invoke,"{""class"": ""com.facebook.react.uimanager.BaseViewManager"", ""method"": ""setOpacity""}"
122454,reflection,Method.invoke,"{""class"": ""com.facebook.react.views.view.ReactViewManager"", ""method"": ""setBorderColor""}"
122475,reflection,Method.invoke,"{""class"": ""com.facebook.react.uimanager.BaseViewManager"", ""method"": ""setOpacity""}"
122484,reflection,Method.invoke,"{""class"": ""com.facebook.react.uimanager.BaseViewManager"", ""method"": ""setTransform""}"
122493,reflection,Method.invoke,"{""class"": ""com.facebook.react.uimanager.BaseViewManager"", ""method"": ""setTransform""}"
122502,reflection,Method.invoke,"{""class"": ""com.facebook.react.uimanager.BaseViewManager"", ""method"": ""setOpacity""}"
122511,reflection,Method.invoke,"{""class"": ""com.facebook.react.views.view.ReactViewManager"", ""method"": ""setBorderColor""}"
122531,reflection,Method.invoke,"{""class"": ""com.facebook.react.uimanager.BaseViewManager"", ""method"": ""setOpacity""}"
122543,reflection,Method.invoke,"{""class"": ""com.facebook.react.uimanager.BaseViewManager"", ""method"": ""setTransform""}"
122551,reflection,Method.invoke,"{""class"": ""com.facebook.react.uimanager.BaseViewManager"", ""method"": ""setTransform""}"
122560,reflection,Method.invoke,"{""class"": ""com.facebook.react.uimanager.BaseViewManager"", ""method"": ""setOpacity""}"
122568,reflection,Method.invoke,"{""class"": ""com.facebook.react.views.view.ReactViewManager"", ""method"": ""setBorderColor""}"
122590,reflection,Method.invoke,"{""class"": ""com.facebook.react.uimanager.BaseViewManager"", ""method"": ""setOpacity""}"
122597,reflection,Method.invoke,"{""class"": ""com.facebook.react.uimanager.BaseViewManager"", ""method"": ""setTransform""}"
122607,reflection,Method.invoke,"{""class"": ""com.facebook.react.uimanager.BaseViewManager"", ""method"": ""setTransform""}"
122614,reflection,Method.invoke,"{""class"": ""com.facebook.react.uimanager.BaseViewManager"", ""method"": ""setOpacity""}"
122623,reflection,Method.invoke,"{""class"": ""com.facebook.react.views.view.ReactViewManager"", ""method"": ""setBorderColor""}"
122644,reflection,Method.invoke,"{""class"": ""com.facebook.react.uimanager.BaseViewManager"", ""method"": ""setOpacity""}"
122653,reflection,Method.invoke,"{""class"": ""com.facebook.react.uimanager.BaseViewManager"", ""method"": ""setTransform""}"
122663,reflection,Method.invoke,"{""class"": ""com.facebook.react.uimanager.BaseViewManager"", ""method"": ""setTransform""}"
122671,reflection,Method.invoke,"{""class"": ""com.facebook.react.uimanager.BaseViewManager"", ""method"": ""setOpacity""}"
122681,reflection,Method.invoke,"{""class"": ""com.facebook.react.views.view.ReactViewManager"", ""method"": ""setBorderColor""}"
124397,reflection,Method.invoke,"{""class"": ""com.facebook.react.uimanager.BaseViewManager"", ""method"": ""setOpacity""}"
124406,reflection,Method.invoke,"{""class"": ""com.facebook.react.uimanager.BaseViewManager"", ""method"": ""setTransform""}"
124415,reflection,Method.invoke,"{""class"": ""com.facebook.react.uimanager.BaseViewManager"", ""method"": ""setTransform""}"
124423,reflection,Method.invoke,"{""class"": ""com.facebook.react.uimanager.BaseViewManager"", ""method"": ""setOpacity""}"
124433,reflection,Method.invoke,"{""class"": ""com.facebook.react.views.view.ReactViewManager"", ""method"": ""setBorderColor""}"
124443,reflection,Method.invoke,"{""class"": ""com.facebook.react.uimanager.BaseViewManager"", ""method"": ""setOpacity""}"
124454,reflection,Method.invoke,"{""class"": ""com.facebook.react.uimanager.BaseViewManager"", ""method"": ""setOpacity""}"
124463,reflection,Method.invoke,"{""class"": ""com.facebook.react.uimanager.BaseViewManager"", ""method"": ""setTransform""}"
124473,reflection,Method.invoke,"{""class"": ""com.facebook.react.uimanager.BaseViewManager"", ""method"": ""setTransform""}"
124482,reflection,Method.invoke,"{""class"": ""com.facebook.react.uimanager.BaseViewManager"", ""method"": ""setOpacity""}"
124491,reflection,Method.invoke,"{""class"": ""com.facebook.react.views.view.ReactViewManager"", ""method"": ""setBorderColor""}"
124503,reflection,Method.invoke,"{""class"": ""com.facebook.react.uimanager.BaseViewManager"", ""method"": ""setOpacity""}"
124523,reflection,Method.invoke,"{""class"": ""com.facebook.react.uimanager.BaseViewManager"", ""method"": ""setOpacity""}"
124533,reflection,Method.invoke,"{""class"": ""com.facebook.react.uimanager.BaseViewManager"", ""method"": ""setTransform""}"
124542,reflection,Method.invoke,"{""class"": ""com.facebook.react.uimanager.BaseViewManager"", ""method"": ""setTransform""}"
124552,reflection,Method.invoke,"{""class"": ""com.facebook.react.uimanager.BaseViewManager"", ""method"": ""setOpacity""}"
124561,reflection,Method.invoke,"{""class"": ""com.facebook.react.views.view.ReactViewManager"", ""method"": ""setBorderColor""}"
124576,reflection,Method.invoke,"{""class"": ""com.facebook.react.uimanager.BaseViewManager"", ""method"": ""setOpacity""}"
124590,reflection,Method.invoke,"{""class"": ""com.facebook.react.uimanager.BaseViewManager"", ""method"": ""setOpacity""}"
124598,reflection,Method.invoke,"{""class"": ""com.facebook.react.uimanager.BaseViewManager"", ""method"": ""setTransform""}"
124607,reflection,Method.invoke,"{""class"": ""com.facebook.react.uimanager.BaseViewManager"", ""method"": ""setTransform""}"
124614,reflection,Method.invoke,"{""class"": ""com.facebook.react.uimanager.BaseViewManager"", ""method"": ""setOpacity""}"
124623,reflection,Method.invoke,"{""class"": ""com.facebook.react.views.view.ReactViewManager"", ""method"": ""setBorderColor""}"
124637,reflection,Method.invoke,"{""class"": ""com.facebook.react.uimanager.BaseViewManager"", ""method"": ""setOpacity""}"
124652,reflection,Method.invoke,"{""class"": ""com.facebook.react.uimanager.BaseViewManager"", ""method"": ""setOpacity""}"
124661,reflection,Method.invoke,"{""class"": ""com.facebook.react.uimanager.BaseViewManager"", ""method"": ""setTransform""}"
124672,reflection,Method.invoke,"{""class"": ""com.facebook.react.uimanager.BaseViewManager"", ""method"": ""setTransform""}"
124679,reflection,Method.invoke,"{""class"": ""com.facebook.react.uimanager.BaseViewManager"", ""method"": ""setOpacity""}"
124689,reflection,Method.invoke,"{""class"": ""com.facebook.react.views.view.ReactViewManager"", ""method"": ""setBorderColor""}"
124707,reflection,Method.invoke,"{""class"": ""com.facebook.react.uimanager.BaseViewManager"", ""method"": ""setOpacity""}"
124721,reflection,Method.invoke,"{""class"": ""com.facebook.react.uimanager.BaseViewManager"", ""method"": ""setOpacity""}"
124732,reflection,Method.invoke,"{""class"": ""com.facebook.react.uimanager.BaseViewManager"", ""method"": ""setTransform""}"
124741,reflection,Method.invoke,"{""class"": ""com.facebook.react.uimanager.BaseViewManager"", ""method"": ""setTransform""}"
124752,reflection,Method.invoke,"{""class"": ""com.facebook.react.uimanager.BaseViewManager"", ""method"": ""setOpacity""}"
124762,reflection,Method.invoke,"{""class"": ""com.facebook.react.views.view.ReactViewManager"", ""method"": ""setBorderColor""}"
124784,reflection,Method.invoke,"{""class"": ""com.facebook.react.uimanager.BaseViewManager"", ""method"": ""setOpacity""}"
124794,reflection,Method.invoke,"{""class"": ""com.facebook.react.uimanager.BaseViewManager"", ""method"": ""setTransform""}"
124802,reflection,Method.invoke,"{""class"": ""com.facebook.react.uimanager.BaseViewManager"", ""method"": ""setTransform""}"
124810,reflection,Method.invoke,"{""class"": ""com.facebook.react.uimanager.BaseViewManager"", ""method"": ""setOpacity""}"
124818,reflection,Method.invoke,"{""class"": ""com.facebook.react.views.view.ReactViewManager"", ""method"": ""setBorderColor""}"
124840,reflection,Method.invoke,"{""class"": ""com.facebook.react.uimanager.BaseViewManager"", ""method"": ""setOpacity""}"
124849,reflection,Method.invoke,"{""class"": ""com.facebook.react.uimanager.BaseViewManager"", ""method"": ""setTransform""}"
124856,reflection,Method.invoke,"{""class"": ""com.facebook.react.uimanager.BaseViewManager"", ""method"": ""setTransform""}"
124863,reflection,Method.invoke,"{""class"": ""com.facebook.react.uimanager.BaseViewManager"", ""method"": ""setOpacity""}"
124873,reflection,Method.invoke,"{""class"": ""com.facebook.react.views.view.ReactViewManager"", ""method"": ""setBorderColor""}"
124892,reflection,Method.invoke,"{""class"": ""com.facebook.react.uimanager.BaseViewManager"", ""method"": ""setOpacity""}"
124902,reflection,Method.invoke,"{""class"": ""com.facebook.react.uimanager.BaseViewManager"", ""method"": ""setTransform""}"
124909,reflection,Method.invoke,"{""class"": ""com.facebook.react.uimanager.BaseViewManager"", ""method"": ""setTransform""}"
124918,reflection,Method.invoke,"{""class"": ""com.facebook.react.uimanager.BaseViewManager"", ""method"": ""setOpacity""}"
124927,reflection,Method.invoke,"{""class"": ""com.facebook.react.views.view.ReactViewManager"", ""method"": ""setBorderColor""}"
124945,reflection,Method.invoke,"{""class"": ""com.facebook.react.uimanager.BaseViewManager"", ""method"": ""setOpacity""}"
124957,reflection,Method.invoke,"{""class"": ""com.facebook.react.uimanager.BaseViewManager"", ""method"": ""setTransform""}"
124965,reflection,Method.invoke,"{""class"": ""com.facebook.react.uimanager.BaseViewManager"", ""method"": ""setTransform""}"
124972,reflection,Method.invoke,"{""class"": ""com.facebook.react.uimanager.BaseViewManager"", ""method"": ""setOpacity""}"
124979,reflection,Method.invoke,"{""class"": ""com.facebook.react.views.view.ReactViewManager"", ""method"": ""setBorderColor""}"
125000,reflection,Method.invoke,"{""class"": ""com.facebook.react.uimanager.BaseViewManager"", ""method"": ""setOpacity""}"
125009,reflection,Method.invoke,"{""class"": ""com.facebook.react.uimanager.BaseViewManager"", ""method"": ""setTransform""}"
125017,reflection,Method.invoke,"{""class"": ""com.facebook.react.uimanager.BaseViewManager"", ""method"": ""setTransform""}"
125026,reflection,Method.invoke,"{""class"": ""com.facebook.react.uimanager.BaseViewManager"", ""method"": ""setOpacity""}"
125035,reflection,Method.invoke,"{""class"": ""com.facebook.react.views.view.ReactViewManager"", ""method"": ""setBorderColor""}"
125056,reflection,Method.invoke,"{""class"": ""com.facebook.react.uimanager.BaseViewManager"", ""method"": ""setOpacity""}"
125064,reflection,Method.invoke,"{""class"": ""com.facebook.react.uimanager.BaseViewManager"", ""method"": ""setTransform""}"
125073,reflection,Method.invoke,"{""class"": ""com.facebook.react.uimanager.BaseViewManager"", ""method"": ""setTransform""}"
125080,reflection,Method.invoke,"{""class"": ""com.facebook.react.uimanager.BaseViewManager"", ""method"": ""setOpacity""}"
125090,reflection,Method.invoke,"{""class"": ""com.facebook.react.views.view.ReactViewManager"", ""method"": ""setBorderColor""}"
125108,reflection,Method.invoke,"{""class"": ""com.facebook.react.uimanager.BaseViewManager"", ""method"": ""setOpacity""}"
125120,reflection,Method.invoke,"{""class"": ""com.facebook.react.uimanager.BaseViewManager"", ""method"": ""setTransform""}"
125128,reflection,Method.invoke,"{""class"": ""com.facebook.react.uimanager.BaseViewManager"", ""method"": ""setTransform""}"
125137,reflection,Method.invoke,"{""class"": ""com.facebook.react.uimanager.BaseViewManager"", ""method"": ""setOpacity""}"
125144,reflection,Method.invoke,"{""class"": ""com.facebook.react.views.view.ReactViewManager"", ""method"": ""setBorderColor""}"
125162,reflection,Method.invoke,"{""class"": ""com.facebook.react.uimanager.BaseViewManager"", ""method"": ""setOpacity""}"
125174,reflection,Method.invoke,"{""class"": ""com.facebook.react.uimanager.BaseViewManager"", ""method"": ""setTransform""}"
125183,reflection,Method.invoke,"{""class"": ""com.facebook.react.uimanager.BaseViewManager"", ""method"": ""setTransform""}"
125190,reflection,Method.invoke,"{""class"": ""com.facebook.react.uimanager.BaseViewManager"", ""method"": ""setOpacity""}"
125197,reflection,Method.invoke,"{""class"": ""com.facebook.react.views.view.ReactViewManager"", ""method"": ""setBorderColor""}"
125220,reflection,Method.invoke,"{""class"": ""com.facebook.react.uimanager.BaseViewManager"", ""method"": ""setOpacity""}"
125228,reflection,Method.invoke,"{""class"": ""com.facebook.react.uimanager.BaseViewManager"", ""method"": ""setTransform""}"
125238,reflection,Method.invoke,"{""class"": ""com.facebook.react.uimanager.BaseViewManager"", ""method"": ""setTransform""}"
125246,reflection,Method.invoke,"{""class"": ""com.facebook.react.uimanager.BaseViewManager"", ""method"": ""setOpacity""}"
125254,reflection,Method.invoke,"{""class"": ""com.facebook.react.views.view.ReactViewManager"", ""method"": ""setBorderColor""}"
125273,reflection,Method.invoke,"{""class"": ""com.facebook.react.uimanager.BaseViewManager"", ""method"": ""setOpacity""}"
125279,reflection,Method.invoke,"{""class"": ""com.facebook.react.uimanager.BaseViewManager"", ""method"": ""setTransform""}"
125288,reflection,Method.invoke,"{""class"": ""com.facebook.react.uimanager.BaseViewManager"", ""method"": ""setTransform""}"
125296,reflection,Method.invoke,"{""class"": ""com.facebook.react.uimanager.BaseViewManager"", ""method"": ""setOpacity""}"
125305,reflection,Method.invoke,"{""class"": ""com.facebook.react.views.view.ReactViewManager"", ""method"": ""setBorderColor""}"
125323,reflection,Method.invoke,"{""class"": ""com.facebook.react.uimanager.BaseViewManager"", ""method"": ""setOpacity""}"
125333,reflection,Method.invoke,"{""class"": ""com.facebook.react.uimanager.BaseViewManager"", ""method"": ""setTransform""}"
125344,reflection,Method.invoke,"{""class"": ""com.facebook.react.uimanager.BaseViewManager"", ""method"": ""setTransform""}"
125352,reflection,Method.invoke,"{""class"": ""com.facebook.react.uimanager.BaseViewManager"", ""method"": ""setOpacity""}"
125359,reflection,Method.invoke,"{""class"": ""com.facebook.react.views.view.ReactViewManager"", ""method"": ""setBorderColor""}"
125378,reflection,Method.invoke,"{""class"": ""com.facebook.react.uimanager.BaseViewManager"", ""method"": ""setOpacity""}"
125391,reflection,Method.invoke,"{""class"": ""com.facebook.react.uimanager.BaseViewManager"", ""method"": ""setTransform""}"
125399,reflection,Method.invoke,"{""class"": ""com.facebook.react.uimanager.BaseViewManager"", ""method"": ""setTransform""}"
125407,reflection,Method.invoke,"{""class"": ""com.facebook.react.uimanager.BaseViewManager"", ""method"": ""setOpacity""}"
125415,reflection,Method.invoke,"{""class"": ""com.facebook.react.views.view.ReactViewManager"", ""method"": ""setBorderColor""}"
125435,reflection,Method.invoke,"{""class"": ""com.facebook.react.uimanager.BaseViewManager"", ""method"": ""setOpacity""}"
125444,reflection,Method.invoke,"{""class"": ""com.facebook.react.uimanager.BaseViewManager"", ""method"": ""setTransform""}"
125454,reflection,Method.invoke,"{""class"": ""com.facebook.react.uimanager.BaseViewManager"", ""method"": ""setTransform""}"
125461,reflection,Method.invoke,"{""class"": ""com.facebook.react.uimanager.BaseViewManager"", ""method"": ""setOpacity""}"
125470,reflection,Method.invoke,"{""class"": ""com.facebook.react.views.view.ReactViewManager"", ""method"": ""setBorderColor""}"
125490,reflection,Method.invoke,"{""class"": ""com.facebook.react.uimanager.BaseViewManager"", ""method"": ""setOpacity""}"
125500,reflection,Method.invoke,"{""class"": ""com.facebook.react.uimanager.BaseViewManager"", ""method"": ""setTransform""}"
125509,reflection,Method.invoke,"{""class"": ""com.facebook.react.uimanager.BaseViewManager"", ""method"": ""setTransform""}"
125517,reflection,Method.invoke,"{""class"": ""com.facebook.react.uimanager.BaseViewManager"", ""method"": ""setOpacity""}"
125525,reflection,Method.invoke,"{""class"": ""com.facebook.react.views.view.ReactViewManager"", ""method"": ""setBorderColor""}"
125544,reflection,Method.invoke,"{""class"": ""com.facebook.react.uimanager.BaseViewManager"", ""method"": ""setOpacity""}"
125555,reflection,Method.invoke,"{""class"": ""com.facebook.react.uimanager.BaseViewManager"", ""method"": ""setTransform""}"
125563,reflection,Method.invoke,"{""class"": ""com.facebook.react.uimanager.BaseViewManager"", ""method"": ""setTransform""}"
125573,reflection,Method.invoke,"{""class"": ""com.facebook.react.uimanager.BaseViewManager"", ""method"": ""setOpacity""}"
125582,reflection,Method.invoke,"{""class"": ""com.facebook.react.views.view.ReactViewManager"", ""method"": ""setBorderColor""}"
125606,reflection,Method.invoke,"{""class"": ""com.facebook.react.uimanager.BaseViewManager"", ""method"": ""setOpacity""}"
125616,reflection,Method.invoke,"{""class"": ""com.facebook.react.uimanager.BaseViewManager"", ""method"": ""setTransform""}"
125624,reflection,Method.invoke,"{""class"": ""com.facebook.react.uimanager.BaseViewManager"", ""method"": ""setTransform""}"
125632,reflection,Method.invoke,"{""class"": ""com.facebook.react.uimanager.BaseViewManager"", ""method"": ""setOpacity""}"
125640,reflection,Method.invoke,"{""class"": ""com.facebook.react.views.view.ReactViewManager"", ""method"": ""setBorderColor""}"
125660,reflection,Method.invoke,"{""class"": ""com.facebook.react.uimanager.BaseViewManager"", ""method"": ""setOpacity""}"
125670,reflection,Method.invoke,"{""class"": ""com.facebook.react.uimanager.BaseViewManager"", ""method"": ""setTransform""}"
125678,reflection,Method.invoke,"{""class"": ""com.facebook.react.uimanager.BaseViewManager"", ""method"": ""setTransform""}"
125686,reflection,Method.invoke,"{""class"": ""com.facebook.react.uimanager.BaseViewManager"", ""method"": ""setOpacity""}"
125695,reflection,Method.invoke,"{""class"": ""com.facebook.react.views.view.ReactViewManager"", ""method"": ""setBorderColor""}"
125715,reflection,Method.invoke,"{""class"": ""com.facebook.react.uimanager.BaseViewManager"", ""method"": ""setOpacity""}"
125723,reflection,Method.invoke,"{""class"": ""com.facebook.react.uimanager.BaseViewManager"", ""method"": ""setTransform""}"
125734,reflection,Method.invoke,"{""class"": ""com.facebook.react.uimanager.BaseViewManager"", ""method"": ""setTransform""}"
125743,reflection,Method.invoke,"{""class"": ""com.facebook.react.uimanager.BaseViewManager"", ""method"": ""setOpacity""}"
125751,reflection,Method.invoke,"{""class"": ""com.facebook.react.views.view.ReactViewManager"", ""method"": ""setBorderColor""}"
125775,reflection,Method.invoke,"{""class"": ""com.facebook.react.uimanager.BaseViewManager"", ""method"": ""setOpacity""}"
125782,reflection,Method.invoke,"{""class"": ""com.facebook.react.uimanager.BaseViewManager"", ""method"": ""setTransform""}"
125792,reflection,Method.invoke,"{""class"": ""com.facebook.react.uimanager.BaseViewManager"", ""method"": ""setTransform""}"
125799,reflection,Method.invoke,"{""class"": ""com.facebook.react.uimanager.BaseViewManager"", ""method"": ""setOpacity""}"
125806,reflection,Method.invoke,"{""class"": ""com.facebook.react.views.view.ReactViewManager"", ""method"": ""setBorderColor""}"
125828,reflection,Method.invoke,"{""class"": ""com.facebook.react.uimanager.BaseViewManager"", ""method"": ""setOpacity""}"
125838,reflection,Method.invoke,"{""class"": ""com.facebook.react.uimanager.BaseViewManager"", ""method"": ""setTransform""}"
125846,reflection,Method.invoke,"{""class"": ""com.facebook.react.uimanager.BaseViewManager"", ""method"": ""setTransform""}"
125853,reflection,Method.invoke,"{""class"": ""com.facebook.react.uimanager.BaseViewManager"", ""method"": ""setOpacity""}"
125861,reflection,Method.invoke,"{""class"": ""com.facebook.react.views.view.ReactViewManager"", ""method"": ""setBorderColor""}"
125880,reflection,Method.invoke,"{""class"": ""com.facebook.react.uimanager.BaseViewManager"", ""method"": ""setOpacity""}"
125893,reflection,Method.invoke,"{""class"": ""com.facebook.react.uimanager.BaseViewManager"", ""method"": ""setTransform""}"
125900,reflection,Method.invoke,"{""class"": ""com.facebook.react.uimanager.BaseViewManager"", ""method"": ""setTransform""}"
125908,reflection,Method.invoke,"{""class"": ""com.facebook.react.uimanager.BaseViewManager"", ""method"": ""setOpacity""}"
125916,reflection,Method.invoke,"{""class"": ""com.facebook.react.views.view.ReactViewManager"", ""method"": ""setBorderColor""}"
125939,reflection,Method.invoke,"{""class"": ""com.facebook.react.uimanager.BaseViewManager"", ""method"": ""setOpacity""}"
125946,reflection,Method.invoke,"{""class"": ""com.facebook.react.uimanager.BaseViewManager"", ""method"": ""setTransform""}"
125955,reflection,Method.invoke,"{""class"": ""com.facebook.react.uimanager.BaseViewManager"", ""method"": ""setTransform""}"
125962,reflection,Method.invoke,"{""class"": ""com.facebook.react.uimanager.BaseViewManager"", ""method"": ""setOpacity""}"
125971,reflection,Method.invoke,"{""class"": ""com.facebook.react.views.view.ReactViewManager"", ""method"": ""setBorderColor""}"
125991,reflection,Method.invoke,"{""class"": ""com.facebook.react.uimanager.BaseViewManager"", ""method"": ""setOpacity""}"
126000,reflection,Method.invoke,"{""class"": ""com.facebook.react.uimanager.BaseViewManager"", ""method"": ""setTransform""}"
126008,reflection,Method.invoke,"{""class"": ""com.facebook.react.uimanager.BaseViewManager"", ""method"": ""setTransform""}"
126016,reflection,Method.invoke,"{""class"": ""com.facebook.react.uimanager.BaseViewManager"", ""method"": ""setOpacity""}"
126026,reflection,Method.invoke,"{""class"": ""com.facebook.react.views.view.ReactViewManager"", ""method"": ""setBorderColor""}"
128948,reflection,Method.invoke,"{""class"": ""com.facebook.react.uimanager.BaseViewManager"", ""method"": ""setOpacity""}"
128954,reflection,Method.invoke,"{""class"": ""com.facebook.react.uimanager.BaseViewManager"", ""method"": ""setTransform""}"
128959,reflection,Method.invoke,"{""class"": ""com.facebook.react.uimanager.BaseViewManager"", ""method"": ""setTransform""}"
128964,reflection,Method.invoke,"{""class"": ""com.facebook.react.uimanager.BaseViewManager"", ""method"": ""setOpacity""}"
128970,reflection,Method.invoke,"{""class"": ""com.facebook.react.views.view.ReactViewManager"", ""method"": ""setBorderColor""}"
128978,reflection,Method.invoke,"{""class"": ""com.facebook.react.uimanager.BaseViewManager"", ""method"": ""setOpacity""}"
128990,reflection,Method.invoke,"{""class"": ""com.facebook.react.uimanager.BaseViewManager"", ""method"": ""setOpacity""}"
128995,reflection,Method.invoke,"{""class"": ""com.facebook.react.uimanager.BaseViewManager"", ""method"": ""setTransform""}"
129003,reflection,Method.invoke,"{""class"": ""com.facebook.react.uimanager.BaseViewManager"", ""method"": ""setTransform""}"
129009,reflection,Method.invoke,"{""class"": ""com.facebook.react.uimanager.BaseViewManager"", ""method"": ""setOpacity""}"
129019,reflection,Method.invoke,"{""class"": ""com.facebook.react.views.view.ReactViewManager"", ""method"": ""setBorderColor""}"
129034,reflection,Method.invoke,"{""class"": ""com.facebook.react.uimanager.BaseViewManager"", ""method"": ""setOpacity""}"
129045,reflection,Method.invoke,"{""class"": ""com.facebook.react.uimanager.BaseViewManager"", ""method"": ""setOpacity""}"
129051,reflection,Method.invoke,"{""class"": ""com.facebook.react.uimanager.BaseViewManager"", ""method"": ""setTransform""}"
129056,reflection,Method.invoke,"{""class"": ""com.facebook.react.uimanager.BaseViewManager"", ""method"": ""setTransform""}"
129063,reflection,Method.invoke,"{""class"": ""com.facebook.react.uimanager.BaseViewManager"", ""method"": ""setOpacity""}"
129068,reflection,Method.invoke,"{""class"": ""com.facebook.react.views.view.ReactViewManager"", ""method"": ""setBorderColor""}"
129083,reflection,Method.invoke,"{""class"": ""com.facebook.react.uimanager.BaseViewManager"", ""method"": ""setOpacity""}"
129094,reflection,Method.invoke,"{""class"": ""com.facebook.react.uimanager.BaseViewManager"", ""method"": ""setOpacity""}"
129099,reflection,Method.invoke,"{""class"": ""com.facebook.react.uimanager.BaseViewManager"", ""method"": ""setTransform""}"
129104,reflection,Method.invoke,"{""class"": ""com.facebook.react.uimanager.BaseViewManager"", ""method"": ""setTransform""}"
129109,reflection,Method.invoke,"{""class"": ""com.facebook.react.uimanager.BaseViewManager"", ""method"": ""setOpacity""}"
129115,reflection,Method.invoke,"{""class"": ""com.facebook.react.views.view.ReactViewManager"", ""method"": ""setBorderColor""}"
129129,reflection,Method.invoke,"{""class"": ""com.facebook.react.uimanager.BaseViewManager"", ""method"": ""setOpacity""}"
129142,reflection,Method.invoke,"{""class"": ""com.facebook.react.uimanager.BaseViewManager"", ""method"": ""setOpacity""}"
129147,reflection,Method.invoke,"{""class"": ""com.facebook.react.uimanager.BaseViewManager"", ""method"": ""setTransform""}"
129152,reflection,Method.invoke,"{""class"": ""com.facebook.react.uimanager.BaseViewManager"", ""method"": ""setTransform""}"
129156,reflection,Method.invoke,"{""class"": ""com.facebook.react.uimanager.BaseViewManager"", ""method"": ""setOpacity""}"
129161,reflection,Method.invoke,"{""class"": ""com.facebook.react.views.view.ReactViewManager"", ""method"": ""setBorderColor""}"
129174,reflection,Method.invoke,"{""class"": ""com.facebook.react.uimanager.BaseViewManager"", ""method"": ""setOpacity""}"
129186,reflection,Method.invoke,"{""class"": ""com.facebook.react.uimanager.BaseViewManager"", ""method"": ""setOpacity""}"
129192,reflection,Method.invoke,"{""class"": ""com.facebook.react.uimanager.BaseViewManager"", ""method"": ""setTransform""}"
129197,reflection,Method.invoke,"{""class"": ""com.facebook.react.uimanager.BaseViewManager"", ""method"": ""setTransform""}"
129202,reflection,Method.invoke,"{""class"": ""com.facebook.react.uimanager.BaseViewManager"", ""method"": ""setOpacity""}"
129207,reflection,Method.invoke,"{""class"": ""com.facebook.react.views.view.ReactViewManager"", ""method"": ""setBorderColor""}"
129222,reflection,Method.invoke,"{""class"": ""com.facebook.react.uimanager.BaseViewManager"", ""method"": ""setOpacity""}"
129234,reflection,Method.invoke,"{""class"": ""com.facebook.react.uimanager.BaseViewManager"", ""method"": ""setOpacity""}"
129238,reflection,Method.invoke,"{""class"": ""com.facebook.react.uimanager.BaseViewManager"", ""method"": ""setTransform""}"
129243,reflection,Method.invoke,"{""class"": ""com.facebook.react.uimanager.BaseViewManager"", ""method"": ""setTransform""}"
129249,reflection,Method.invoke,"{""class"": ""com.facebook.react.uimanager.BaseViewManager"", ""method"": ""setOpacity""}"
129253,reflection,Method.invoke,"{""class"": ""com.facebook.react.views.view.ReactViewManager"", ""method"": ""setBorderColor""}"
129273,reflection,Method.invoke,"{""class"": ""com.facebook.react.uimanager.BaseViewManager"", ""method"": ""setOpacity""}"
129277,reflection,Method.invoke,"{""class"": ""com.facebook.react.uimanager.BaseViewManager"", ""method"": ""setTransform""}"
129282,reflection,Method.invoke,"{""class"": ""com.facebook.react.uimanager.BaseViewManager"", ""method"": ""setTransform""}"
129287,reflection,Method.invoke,"{""class"": ""com.facebook.react.uimanager.BaseViewManager"", ""method"": ""setOpacity""}"
129292,reflection,Method.invoke,"{""class"": ""com.facebook.react.views.view.ReactViewManager"", ""method"": ""setBorderColor""}"
129310,reflection,Method.invoke,"{""class"": ""com.facebook.react.uimanager.BaseViewManager"", ""method"": ""setOpacity""}"
129318,reflection,Method.invoke,"{""class"": ""com.facebook.react.uimanager.BaseViewManager"", ""method"": ""setTransform""}"
129323,reflection,Method.invoke,"{""class"": ""com.facebook.react.uimanager.BaseViewManager"", ""method"": ""setTransform""}"
129328,reflection,Method.invoke,"{""class"": ""com.facebook.react.uimanager.BaseViewManager"", ""method"": ""setOpacity""}"
129333,reflection,Method.invoke,"{""class"": ""com.facebook.react.views.view.ReactViewManager"", ""method"": ""setBorderColor""}"
129354,reflection,Method.invoke,"{""class"": ""com.facebook.react.uimanager.BaseViewManager"", ""method"": ""setOpacity""}"
129359,reflection,Method.invoke,"{""class"": ""com.facebook.react.uimanager.BaseViewManager"", ""method"": ""setTransform""}"
129364,reflection,Method.invoke,"{""class"": ""com.facebook.react.uimanager.BaseViewManager"", ""method"": ""setTransform""}"
129369,reflection,Method.invoke,"{""class"": ""com.facebook.react.uimanager.BaseViewManager"", ""method"": ""setOpacity""}"
129375,reflection,Method.invoke,"{""class"": ""com.facebook.react.views.view.ReactViewManager"", ""method"": ""setBorderColor""}"
129394,reflection,Method.invoke,"{""class"": ""com.facebook.react.uimanager.BaseViewManager"", ""method"": ""setOpacity""}"
129400,reflection,Method.invoke,"{""class"": ""com.facebook.react.uimanager.BaseViewManager"", ""method"": ""setTransform""}"
129406,reflection,Method.invoke,"{""class"": ""com.facebook.react.uimanager.BaseViewManager"", ""method"": ""setTransform""}"
129411,reflection,Method.invoke,"{""class"": ""com.facebook.react.uimanager.BaseViewManager"", ""method"": ""setOpacity""}"
129416,reflection,Method.invoke,"{""class"": ""com.facebook.react.views.view.ReactViewManager"", ""method"": ""setBorderColor""}"
129435,reflection,Method.invoke,"{""class"": ""com.facebook.react.uimanager.BaseViewManager"", ""method"": ""setOpacity""}"
129440,reflection,Method.invoke,"{""class"": ""com.facebook.react.uimanager.BaseViewManager"", ""method"": ""setTransform""}"
129446,reflection,Method.invoke,"{""class"": ""com.facebook.react.uimanager.BaseViewManager"", ""method"": ""setTransform""}"
129451,reflection,Method.invoke,"{""class"": ""com.facebook.react.uimanager.BaseViewManager"", ""method"": ""setOpacity""}"
129456,reflection,Method.invoke,"{""class"": ""com.facebook.react.views.view.ReactViewManager"", ""method"": ""setBorderColor""}"
129476,reflection,Method.invoke,"{""class"": ""com.facebook.react.uimanager.BaseViewManager"", ""method"": ""setOpacity""}"
129481,reflection,Method.invoke,"{""class"": ""com.facebook.react.uimanager.BaseViewManager"", ""method"": ""setTransform""}"
129487,reflection,Method.invoke,"{""class"": ""com.facebook.react.uimanager.BaseViewManager"", ""method"": ""setTransform""}"
129491,reflection,Method.invoke,"{""class"": ""com.facebook.react.uimanager.BaseViewManager"", ""method"": ""setOpacity""}"
129496,reflection,Method.invoke,"{""class"": ""com.facebook.react.views.view.ReactViewManager"", ""method"": ""setBorderColor""}"
129513,reflection,Method.invoke,"{""class"": ""com.facebook.react.uimanager.BaseViewManager"", ""method"": ""setOpacity""}"
129522,reflection,Method.invoke,"{""class"": ""com.facebook.react.uimanager.BaseViewManager"", ""method"": ""setTransform""}"
129526,reflection,Method.invoke,"{""class"": ""com.facebook.react.uimanager.BaseViewManager"", ""method"": ""setTransform""}"
129531,reflection,Method.invoke,"{""class"": ""com.facebook.react.uimanager.BaseViewManager"", ""method"": ""setOpacity""}"
129536,reflection,Method.invoke,"{""class"": ""com.facebook.react.views.view.ReactViewManager"", ""method"": ""setBorderColor""}"
129556,reflection,Method.invoke,"{""class"": ""com.facebook.react.uimanager.BaseViewManager"", ""method"": ""setOpacity""}"
129561,reflection,Method.invoke,"{""class"": ""com.facebook.react.uimanager.BaseViewManager"", ""method"": ""setTransform""}"
129565,reflection,Method.invoke,"{""class"": ""com.facebook.react.uimanager.BaseViewManager"", ""method"": ""setTransform""}"
129571,reflection,Method.invoke,"{""class"": ""com.facebook.react.uimanager.BaseViewManager"", ""method"": ""setOpacity""}"
129576,reflection,Method.invoke,"{""class"": ""com.facebook.react.views.view.ReactViewManager"", ""method"": ""setBorderColor""}"
129593,reflection,Method.invoke,"{""class"": ""com.facebook.react.uimanager.BaseViewManager"", ""method"": ""setOpacity""}"
129601,reflection,Method.invoke,"{""class"": ""com.facebook.react.uimanager.BaseViewManager"", ""method"": ""setTransform""}"
129606,reflection,Method.invoke,"{""class"": ""com.facebook.react.uimanager.BaseViewManager"", ""method"": ""setTransform""}"
129611,reflection,Method.invoke,"{""class"": ""com.facebook.react.uimanager.BaseViewManager"", ""method"": ""setOpacity""}"
129616,reflection,Method.invoke,"{""class"": ""com.facebook.react.views.view.ReactViewManager"", ""method"": ""setBorderColor""}"
129636,reflection,Method.invoke,"{""class"": ""com.facebook.react.uimanager.BaseViewManager"", ""method"": ""setOpacity""}"
129641,reflection,Method.invoke,"{""class"": ""com.facebook.react.uimanager.BaseViewManager"", ""method"": ""setTransform""}"
129646,reflection,Method.invoke,"{""class"": ""com.facebook.react.uimanager.BaseViewManager"", ""method"": ""setTransform""}"
129650,reflection,Method.invoke,"{""class"": ""com.facebook.react.uimanager.BaseViewManager"", ""method"": ""setOpacity""}"
129656,reflection,Method.invoke,"{""class"": ""com.facebook.react.views.view.ReactViewManager"", ""method"": ""setBorderColor""}"
129676,reflection,Method.invoke,"{""class"": ""com.facebook.react.uimanager.BaseViewManager"", ""method"": ""setOpacity""}"
129682,reflection,Method.invoke,"{""class"": ""com.facebook.react.uimanager.BaseViewManager"", ""method"": ""setTransform""}"
129687,reflection,Method.invoke,"{""class"": ""com.facebook.react.uimanager.BaseViewManager"", ""method"": ""setTransform""}"
129693,reflection,Method.invoke,"{""class"": ""com.facebook.react.uimanager.BaseViewManager"", ""method"": ""setOpacity""}"
129698,reflection,Method.invoke,"{""class"": ""com.facebook.react.views.view.ReactViewManager"", ""method"": ""setBorderColor""}"
129718,reflection,Method.invoke,"{""class"": ""com.facebook.react.uimanager.BaseViewManager"", ""method"": ""setOpacity""}"
129722,reflection,Method.invoke,"{""class"": ""com.facebook.react.uimanager.BaseViewManager"", ""method"": ""setTransform""}"
129728,reflection,Method.invoke,"{""class"": ""com.facebook.react.uimanager.BaseViewManager"", ""method"": ""setTransform""}"
129732,reflection,Method.invoke,"{""class"": ""com.facebook.react.uimanager.BaseViewManager"", ""method"": ""setOpacity""}"
129737,reflection,Method.invoke,"{""class"": ""com.facebook.react.views.view.ReactViewManager"", ""method"": ""setBorderColor""}"
129757,reflection,Method.invoke,"{""class"": ""com.facebook.react.uimanager.BaseViewManager"", ""method"": ""setOpacity""}"
129762,reflection,Method.invoke,"{""class"": ""com.facebook.react.uimanager.BaseViewManager"", ""method"": ""setTransform""}"
129767,reflection,Method.invoke,"{""class"": ""com.facebook.react.uimanager.BaseViewManager"", ""method"": ""setTransform""}"
129772,reflection,Method.invoke,"{""class"": ""com.facebook.react.uimanager.BaseViewManager"", ""method"": ""setOpacity""}"
129778,reflection,Method.invoke,"{""class"": ""com.facebook.react.views.view.ReactViewManager"", ""method"": ""setBorderColor""}"
129796,reflection,Method.invoke,"{""class"": ""com.facebook.react.uimanager.BaseViewManager"", ""method"": ""setOpacity""}"
129804,reflection,Method.invoke,"{""class"": ""com.facebook.react.uimanager.BaseViewManager"", ""method"": ""setTransform""}"
129809,reflection,Method.invoke,"{""class"": ""com.facebook.react.uimanager.BaseViewManager"", ""method"": ""setTransform""}"
129814,reflection,Method.invoke,"{""class"": ""com.facebook.react.uimanager.BaseViewManager"", ""method"": ""setOpacity""}"
129819,reflection,Method.invoke,"{""class"": ""com.facebook.react.views.view.ReactViewManager"", ""method"": ""setBorderColor""}"
129838,reflection,Method.invoke,"{""class"": ""com.facebook.react.uimanager.BaseViewManager"", ""method"": ""setOpacity""}"
129844,reflection,Method.invoke,"{""class"": ""com.facebook.react.uimanager.BaseViewManager"", ""method"": ""setTransform""}"
129849,reflection,Method.invoke,"{""class"": ""com.facebook.react.uimanager.BaseViewManager"", ""method"": ""setTransform""}"
129853,reflection,Method.invoke,"{""class"": ""com.facebook.react.uimanager.BaseViewManager"", ""method"": ""setOpacity""}"
129858,reflection,Method.invoke,"{""class"": ""com.facebook.react.views.view.ReactViewManager"", ""method"": ""setBorderColor""}"
129875,reflection,Method.invoke,"{""class"": ""com.facebook.react.uimanager.BaseViewManager"", ""method"": ""setOpacity""}"
129880,reflection,Method.invoke,"{""class"": ""com.facebook.react.uimanager.BaseViewManager"", ""method"": ""setTransform""}"
129889,reflection,Method.invoke,"{""class"": ""com.facebook.react.uimanager.BaseViewManager"", ""method"": ""setTransform""}"
129894,reflection,Method.invoke,"{""class"": ""com.facebook.react.uimanager.BaseViewManager"", ""method"": ""setOpacity""}"
129899,reflection,Method.invoke,"{""class"": ""com.facebook.react.views.view.ReactViewManager"", ""method"": ""setBorderColor""}"
129920,reflection,Method.invoke,"{""class"": ""com.facebook.react.uimanager.BaseViewManager"", ""method"": ""setOpacity""}"
129925,reflection,Method.invoke,"{""class"": ""com.facebook.react.uimanager.BaseViewManager"", ""method"": ""setTransform""}"
129930,reflection,Method.invoke,"{""class"": ""com.facebook.react.uimanager.BaseViewManager"", ""method"": ""setTransform""}"
129936,reflection,Method.invoke,"{""class"": ""com.facebook.react.uimanager.BaseViewManager"", ""method"": ""setOpacity""}"
129940,reflection,Method.invoke,"{""class"": ""com.facebook.react.views.view.ReactViewManager"", ""method"": ""setBorderColor""}"
129958,reflection,Method.invoke,"{""class"": ""com.facebook.react.uimanager.BaseViewManager"", ""method"": ""setOpacity""}"
129963,reflection,Method.invoke,"{""class"": ""com.facebook.react.uimanager.BaseViewManager"", ""method"": ""setTransform""}"
129971,reflection,Method.invoke,"{""class"": ""com.facebook.react.uimanager.BaseViewManager"", ""method"": ""setTransform""}"
129977,reflection,Method.invoke,"{""class"": ""com.facebook.react.uimanager.BaseViewManager"", ""method"": ""setOpacity""}"
129982,reflection,Method.invoke,"{""class"": ""com.facebook.react.views.view.ReactViewManager"", ""method"": ""setBorderColor""}"
130003,reflection,Method.invoke,"{""class"": ""com.facebook.react.uimanager.BaseViewManager"", ""method"": ""setOpacity""}"
130008,reflection,Method.invoke,"{""class"": ""com.facebook.react.uimanager.BaseViewManager"", ""method"": ""setTransform""}"
130013,reflection,Method.invoke,"{""class"": ""com.facebook.react.uimanager.BaseViewManager"", ""method"": ""setTransform""}"
130018,reflection,Method.invoke,"{""class"": ""com.facebook.react.uimanager.BaseViewManager"", ""method"": ""setOpacity""}"
130023,reflection,Method.invoke,"{""class"": ""com.facebook.react.views.view.ReactViewManager"", ""method"": ""setBorderColor""}"
130043,reflection,Method.invoke,"{""class"": ""com.facebook.react.uimanager.BaseViewManager"", ""method"": ""setOpacity""}"
130049,reflection,Method.invoke,"{""class"": ""com.facebook.react.uimanager.BaseViewManager"", ""method"": ""setTransform""}"
130054,reflection,Method.invoke,"{""class"": ""com.facebook.react.uimanager.BaseViewManager"", ""method"": ""setTransform""}"
130060,reflection,Method.invoke,"{""class"": ""com.facebook.react.uimanager.BaseViewManager"", ""method"": ""setOpacity""}"
130065,reflection,Method.invoke,"{""class"": ""com.facebook.react.views.view.ReactViewManager"", ""method"": ""setBorderColor""}"
130085,reflection,Method.invoke,"{""class"": ""com.facebook.react.uimanager.BaseViewManager"", ""method"": ""setOpacity""}"
130090,reflection,Method.invoke,"{""class"": ""com.facebook.react.uimanager.BaseViewManager"", ""method"": ""setTransform""}"
130094,reflection,Method.invoke,"{""class"": ""com.facebook.react.uimanager.BaseViewManager"", ""method"": ""setTransform""}"
130099,reflection,Method.invoke,"{""class"": ""com.facebook.react.uimanager.BaseViewManager"", ""method"": ""setOpacity""}"
130104,reflection,Method.invoke,"{""class"": ""com.facebook.react.views.view.ReactViewManager"", ""method"": ""setBorderColor""}"
130124,reflection,Method.invoke,"{""class"": ""com.facebook.react.uimanager.BaseViewManager"", ""method"": ""setOpacity""}"
130129,reflection,Method.invoke,"{""class"": ""com.facebook.react.uimanager.BaseViewManager"", ""method"": ""setTransform""}"
130135,reflection,Method.invoke,"{""class"": ""com.facebook.react.uimanager.BaseViewManager"", ""method"": ""setTransform""}"
130140,reflection,Method.invoke,"{""class"": ""com.facebook.react.uimanager.BaseViewManager"", ""method"": ""setOpacity""}"
130145,reflection,Method.invoke,"{""class"": ""com.facebook.react.views.view.ReactViewManager"", ""method"": ""setBorderColor""}"
130162,reflection,Method.invoke,"{""class"": ""com.facebook.react.uimanager.BaseViewManager"", ""method"": ""setOpacity""}"
130170,reflection,Method.invoke,"{""class"": ""com.facebook.react.uimanager.BaseViewManager"", ""method"": ""setTransform""}"
130175,reflection,Method.invoke,"{""class"": ""com.facebook.react.uimanager.BaseViewManager"", ""method"": ""setTransform""}"
130179,reflection,Method.invoke,"{""class"": ""com.facebook.react.uimanager.BaseViewManager"", ""method"": ""setOpacity""}"
130186,reflection,Method.invoke,"{""class"": ""com.facebook.react.views.view.ReactViewManager"", ""method"": ""setBorderColor""}"
130208,reflection,Method.invoke,"{""class"": ""com.facebook.react.uimanager.BaseViewManager"", ""method"": ""setOpacity""}"
130213,reflection,Method.invoke,"{""class"": ""com.facebook.react.uimanager.BaseViewManager"", ""method"": ""setTransform""}"
130219,reflection,Method.invoke,"{""class"": ""com.facebook.react.uimanager.BaseViewManager"", ""method"": ""setTransform""}"
130224,reflection,Method.invoke,"{""class"": ""com.facebook.react.uimanager.BaseViewManager"", ""method"": ""setOpacity""}"
130230,reflection,Method.invoke,"{""class"": ""com.facebook.react.views.view.ReactViewManager"", ""method"": ""setBorderColor""}"
130252,reflection,Method.invoke,"{""class"": ""com.facebook.react.uimanager.BaseViewManager"", ""method"": ""setOpacity""}"
130257,reflection,Method.invoke,"{""class"": ""com.facebook.react.uimanager.BaseViewManager"", ""method"": ""setTransform""}"
130263,reflection,Method.invoke,"{""class"": ""com.facebook.react.uimanager.BaseViewManager"", ""method"": ""setTransform""}"
130268,reflection,Method.invoke,"{""class"": ""com.facebook.react.uimanager.BaseViewManager"", ""method"": ""setOpacity""}"
130274,reflection,Method.invoke,"{""class"": ""com.facebook.react.views.view.ReactViewManager"", ""method"": ""setBorderColor""}"
130294,reflection,Method.invoke,"{""class"": ""com.facebook.react.uimanager.BaseViewManager"", ""method"": ""setOpacity""}"
130300,reflection,Method.invoke,"{""class"": ""com.facebook.react.uimanager.BaseViewManager"", ""method"": ""setTransform""}"
130306,reflection,Method.invoke,"{""class"": ""com.facebook.react.uimanager.BaseViewManager"", ""method"": ""setTransform""}"
130311,reflection,Method.invoke,"{""class"": ""com.facebook.react.uimanager.BaseViewManager"", ""method"": ""setOpacity""}"
130317,reflection,Method.invoke,"{""class"": ""com.facebook.react.views.view.ReactViewManager"", ""method"": ""setBorderColor""}"
130339,reflection,Method.invoke,"{""class"": ""com.facebook.react.uimanager.BaseViewManager"", ""method"": ""setOpacity""}"
130344,reflection,Method.invoke,"{""class"": ""com.facebook.react.uimanager.BaseViewManager"", ""method"": ""setTransform""}"
130349,reflection,Method.invoke,"{""class"": ""com.facebook.react.uimanager.BaseViewManager"", ""method"": ""setTransform""}"
130354,reflection,Method.invoke,"{""class"": ""com.facebook.react.uimanager.BaseViewManager"", ""method"": ""setOpacity""}"
130358,reflection,Method.invoke,"{""class"": ""com.facebook.react.views.view.ReactViewManager"", ""method"": ""setBorderColor""}"
130377,reflection,Method.invoke,"{""class"": ""com.facebook.react.uimanager.BaseViewManager"", ""method"": ""setOpacity""}"
130385,reflection,Method.invoke,"{""class"": ""com.facebook.react.uimanager.BaseViewManager"", ""method"": ""setTransform""}"
130390,reflection,Method.invoke,"{""class"": ""com.facebook.react.uimanager.BaseViewManager"", ""method"": ""setTransform""}"
130395,reflection,Method.invoke,"{""class"": ""com.facebook.react.uimanager.BaseViewManager"", ""method"": ""setOpacity""}"
130401,reflection,Method.invoke,"{""class"": ""com.facebook.react.views.view.ReactViewManager"", ""method"": ""setBorderColor""}"
130422,reflection,Method.invoke,"{""class"": ""com.facebook.react.uimanager.BaseViewManager"", ""method"": ""setOpacity""}"
130428,reflection,Method.invoke,"{""class"": ""com.facebook.react.uimanager.BaseViewManager"", ""method"": ""setTransform""}"
130432,reflection,Method.invoke,"{""class"": ""com.facebook.react.uimanager.BaseViewManager"", ""method"": ""setTransform""}"
130437,reflection,Method.invoke,"{""class"": ""com.facebook.react.uimanager.BaseViewManager"", ""method"": ""setOpacity""}"
130443,reflection,Method.invoke,"{""class"": ""com.facebook.react.views.view.ReactViewManager"", ""method"": ""setBorderColor""}"
130462,reflection,Method.invoke,"{""class"": ""com.facebook.react.uimanager.BaseViewManager"", ""method"": ""setOpacity""}"
130470,reflection,Method.invoke,"{""class"": ""com.facebook.react.uimanager.BaseViewManager"", ""method"": ""setTransform""}"
130476,reflection,Method.invoke,"{""class"": ""com.facebook.react.uimanager.BaseViewManager"", ""method"": ""setTransform""}"
130480,reflection,Method.invoke,"{""class"": ""com.facebook.react.uimanager.BaseViewManager"", ""method"": ""setOpacity""}"
130485,reflection,Method.invoke,"{""class"": ""com.facebook.react.views.view.ReactViewManager"", ""method"": ""setBorderColor""}"
130507,reflection,Method.invoke,"{""class"": ""com.facebook.react.uimanager.BaseViewManager"", ""method"": ""setOpacity""}"
130512,reflection,Method.invoke,"{""class"": ""com.facebook.react.uimanager.BaseViewManager"", ""method"": ""setTransform""}"
130517,reflection,Method.invoke,"{""class"": ""com.facebook.react.uimanager.BaseViewManager"", ""method"": ""setTransform""}"
130522,reflection,Method.invoke,"{""class"": ""com.facebook.react.uimanager.BaseViewManager"", ""method"": ""setOpacity""}"
130527,reflection,Method.invoke,"{""class"": ""com.facebook.react.views.view.ReactViewManager"", ""method"": ""setBorderColor""}"
151686,lifecycle,hook_loaded,"{""stage"": ""java_perform"", ""version"": ""3""}"
153250,reflection,Method.invoke,"{""class"": ""com.facebook.react.uimanager.H0$a"", ""method"": ""values""}"
153269,reflection,Method.invoke,"{""class"": ""android.os.SystemProperties"", ""method"": ""get""}"
153270,reflection,Method.invoke,"{""class"": ""android.os.SystemProperties"", ""method"": ""get""}"
153271,reflection,Method.invoke,"{""class"": ""java.util.Locale"", ""method"": ""getDefault""}"
153273,reflection,Method.invoke,"{""class"": ""android.os.SystemProperties"", ""method"": ""get""}"
153274,reflection,Method.invoke,"{""class"": ""android.os.SystemProperties"", ""method"": ""get""}"
153275,reflection,Method.invoke,"{""class"": ""java.util.Locale"", ""method"": ""getDefault""}"
153276,reflection,Method.invoke,"{""class"": ""android.os.SystemProperties"", ""method"": ""get""}"
153277,reflection,Method.invoke,"{""class"": ""android.os.SystemProperties"", ""method"": ""get""}"
153278,reflection,Method.invoke,"{""class"": ""java.util.Locale"", ""method"": ""getDefault""}"
153281,reflection,Method.invoke,"{""class"": ""android.os.SystemProperties"", ""method"": ""get""}"
153282,reflection,Method.invoke,"{""class"": ""android.os.SystemProperties"", ""method"": ""get""}"
153283,reflection,Method.invoke,"{""class"": ""java.util.Locale"", ""method"": ""getDefault""}"
153284,reflection,Method.invoke,"{""class"": ""android.os.SystemProperties"", ""method"": ""get""}"
153284,reflection,Method.invoke,"{""class"": ""android.os.SystemProperties"", ""method"": ""get""}"
153285,reflection,Method.invoke,"{""class"": ""java.util.Locale"", ""method"": ""getDefault""}"
153286,reflection,Method.invoke,"{""class"": ""java.util.Locale"", ""method"": ""getDefault""}"
153287,reflection,Method.invoke,"{""class"": ""java.util.Locale"", ""method"": ""getDefault""}"
153304,reflection,Method.invoke,"{""class"": ""com.facebook.react.views.view.ReactViewManager"", ""method"": ""setPointerEvents""}"
153314,reflection,Method.invoke,"{""class"": ""com.facebook.react.uimanager.BaseViewManager"", ""method"": ""setBackgroundColor""}"
153327,reflection,Method.invoke,"{""class"": ""com.facebook.react.views.view.ReactViewManager"", ""method"": ""setCollapsable""}"
153333,reflection,Method.invoke,"{""class"": ""com.facebook.react.uimanager.BaseViewManager"", ""method"": ""setOpacity""}"
153338,reflection,Method.invoke,"{""class"": ""com.facebook.react.views.view.ReactViewManager"", ""method"": ""setPointerEvents""}"
153345,reflection,Method.invoke,"{""class"": ""com.facebook.react.uimanager.BaseViewManager"", ""method"": ""setImportantForAccessibility""}"
153351,reflection,Method.invoke,"{""class"": ""com.facebook.react.views.view.ReactViewManager"", ""method"": ""setPointerEvents""}"
153357,reflection,Method.invoke,"{""class"": ""com.facebook.react.views.view.ReactViewManager"", ""method"": ""setCollapsable""}"
153366,reflection,Method.invoke,"{""class"": ""com.facebook.react.uimanager.BaseViewManager"", ""method"": ""setOpacity""}"
153374,reflection,Method.invoke,"{""class"": ""com.facebook.react.views.view.ReactViewManager"", ""method"": ""setCollapsable""}"
153380,reflection,Method.invoke,"{""class"": ""com.facebook.react.views.view.ReactViewManager"", ""method"": ""setPointerEvents""}"
153389,reflection,Method.invoke,"{""class"": ""com.facebook.react.uimanager.BaseViewManager"", ""method"": ""setBackgroundColor""}"
153395,reflection,Method.invoke,"{""class"": ""com.facebook.react.views.view.ReactViewManager"", ""method"": ""setCollapsable""}"
153403,reflection,Method.invoke,"{""class"": ""com.facebook.react.uimanager.BaseViewManager"", ""method"": ""setOpacity""}"
153409,reflection,Method.invoke,"{""class"": ""com.facebook.react.views.view.ReactViewManager"", ""method"": ""setCollapsable""}"
153415,reflection,Method.invoke,"{""class"": ""com.facebook.react.views.view.ReactViewManager"", ""method"": ""setPointerEvents""}"
153420,reflection,Method.invoke,"{""class"": ""com.facebook.react.views.view.ReactViewManager"", ""method"": ""setNeedsOffscreenAlphaCompositing""}"
153426,reflection,Method.invoke,"{""class"": ""com.facebook.react.views.view.ReactViewManager"", ""method"": ""setCollapsable""}"
153431,reflection,Method.invoke,"{""class"": ""com.facebook.react.uimanager.BaseViewManager"", ""method"": ""setOpacity""}"
153437,reflection,Method.invoke,"{""class"": ""com.facebook.react.uimanager.BaseViewManager"", ""method"": ""setTransform""}"
153442,reflection,Method.invoke,"{""class"": ""com.facebook.react.views.view.ReactViewManager"", ""method"": ""setPointerEvents""}"
153447,reflection,Method.invoke,"{""class"": ""com.facebook.react.uimanager.BaseViewManager"", ""method"": ""setBackgroundColor""}"
153452,reflection,Method.invoke,"{""class"": ""com.facebook.react.views.view.ReactViewManager"", ""method"": ""setOverflow""}"
153457,reflection,Method.invoke,"{""class"": ""com.facebook.react.uimanager.BaseViewManager"", ""method"": ""setBackgroundColor""}"
153463,reflection,Method.invoke,"{""class"": ""com.facebook.react.views.scroll.ReactScrollViewManager"", ""method"": ""setOverflow""}"
153473,reflection,Method.invoke,"{""class"": ""com.facebook.react.uimanager.BaseViewManager"", ""method"": ""setTouchMove""}"
153479,reflection,Method.invoke,"{""class"": ""com.facebook.react.uimanager.BaseViewManager"", ""method"": ""setResponderRelease""}"
153484,reflection,Method.invoke,"{""class"": ""com.facebook.react.uimanager.BaseViewManager"", ""method"": ""setStartShouldSetResponderCapture""}"
153489,reflection,Method.invoke,"{""class"": ""com.facebook.react.uimanager.BaseViewManager"", ""method"": ""setResponderGrant""}"
153495,reflection,Method.invoke,"{""class"": ""com.facebook.react.uimanager.BaseViewManager"", ""method"": ""setStartShouldSetResponder""}"
153500,reflection,Method.invoke,"{""class"": ""com.facebook.react.uimanager.BaseViewManager"", ""method"": ""setResponderTerminationRequest""}"
153505,reflection,Method.invoke,"{""class"": ""com.facebook.react.uimanager.BaseViewManager"", ""method"": ""setResponderReject""}"
153510,reflection,Method.invoke,"{""class"": ""com.facebook.react.views.scroll.ReactScrollViewManager"", ""method"": ""setSendMomentumEvents""}"
153516,reflection,Method.invoke,"{""class"": ""com.facebook.react.uimanager.BaseViewManager"", ""method"": ""setTouchEnd""}"
153521,reflection,Method.invoke,"{""class"": ""com.facebook.react.views.scroll.ReactScrollViewManager"", ""method"": ""setSnapToStart""}"
153527,reflection,Method.invoke,"{""class"": ""com.facebook.react.uimanager.BaseViewManager"", ""method"": ""setTouchStart""}"
153532,reflection,Method.invoke,"{""class"": ""com.facebook.react.views.scroll.ReactScrollViewManager"", ""method"": ""setSnapToEnd""}"
153537,reflection,Method.invoke,"{""class"": ""com.facebook.react.uimanager.BaseViewManager"", ""method"": ""setTouchCancel""}"
153543,reflection,Method.invoke,"{""class"": ""com.facebook.react.views.scroll.ReactScrollViewManager"", ""method"": ""setPagingEnabled""}"
153548,reflection,Method.invoke,"{""class"": ""com.th3rdwave.safeareacontext.SafeAreaViewManager"", ""method"": ""setEdges""}"
153553,reflection,Method.invoke,"{""class"": ""com.facebook.react.views.view.ReactViewManager"", ""method"": ""setPointerEvents""}"
153559,reflection,Method.invoke,"{""class"": ""com.facebook.react.uimanager.BaseViewManager"", ""method"": ""setZIndex""}"
153564,reflection,Method.invoke,"{""class"": ""com.facebook.react.views.view.ReactViewManager"", ""method"": ""setCollapsable""}"
153569,reflection,Method.invoke,"{""class"": ""com.facebook.react.views.view.ReactViewManager"", ""method"": ""setCollapsable""}"
153575,reflection,Method.invoke,"{""class"": ""com.facebook.react.views.view.ReactViewManager"", ""method"": ""setCollapsableChildren""}"
153580,reflection,Method.invoke,"{""class"": ""com.facebook.react.uimanager.BaseViewManager"", ""method"": ""setBackgroundColor""}"
153586,reflection,Method.invoke,"{""class"": ""com.facebook.react.views.view.ReactViewManager"", ""method"": ""setBorderRadius""}"
153591,reflection,Method.invoke,"{""class"": ""com.facebook.react.uimanager.BaseViewManager"", ""method"": ""setElevation""}"
153597,reflection,Method.invoke,"{""class"": ""com.facebook.react.views.view.ReactViewManager"", ""method"": ""setBorderRadius""}"
153602,reflection,Method.invoke,"{""class"": ""com.facebook.react.views.view.ReactViewManager"", ""method"": ""setBorderRadius""}"
153608,reflection,Method.invoke,"{""class"": ""com.facebook.react.uimanager.BaseViewManager"", ""method"": ""setBackgroundColor""}"
153614,reflection,Method.invoke,"{""class"": ""com.facebook.react.views.text.ReactTextAnchorViewManager"", ""method"": ""setAccessible$ReactAndroid_release""}"
153619,reflection,Method.invoke,"{""class"": ""com.facebook.react.views.text.ReactTextAnchorViewManager"", ""method"": ""setFontSize$ReactAndroid_release""}"
153624,reflection,Method.invoke,"{""class"": ""com.facebook.react.views.text.ReactTextAnchorViewManager"", ""method"": ""setEllipsizeMode$ReactAndroid_release""}"
153631,reflection,Method.invoke,"{""class"": ""com.facebook.react.uimanager.BaseViewManager"", ""method"": ""setBackgroundColor""}"
153636,reflection,Method.invoke,"{""class"": ""com.facebook.react.views.text.ReactTextAnchorViewManager"", ""method"": ""setAccessible$ReactAndroid_release""}"
153641,reflection,Method.invoke,"{""class"": ""com.facebook.react.views.text.ReactTextAnchorViewManager"", ""method"": ""setEllipsizeMode$ReactAndroid_release""}"
153647,reflection,Method.invoke,"{""class"": ""com.facebook.react.views.text.ReactTextAnchorViewManager"", ""method"": ""setFontSize$ReactAndroid_release""}"
153653,reflection,Method.invoke,"{""class"": ""com.facebook.react.uimanager.BaseViewManager"", ""method"": ""setBackgroundColor""}"
153658,reflection,Method.invoke,"{""class"": ""com.facebook.react.views.view.ReactViewManager"", ""method"": ""setBorderRadius""}"
153664,reflection,Method.invoke,"{""class"": ""com.facebook.react.views.view.ReactViewManager"", ""method"": ""setBorderRadius""}"
153670,reflection,Method.invoke,"{""class"": ""com.facebook.react.views.text.ReactTextAnchorViewManager"", ""method"": ""setAccessible$ReactAndroid_release""}"
153675,reflection,Method.invoke,"{""class"": ""com.facebook.react.views.text.ReactTextAnchorViewManager"", ""method"": ""setEllipsizeMode$ReactAndroid_release""}"
153681,reflection,Method.invoke,"{""class"": ""com.facebook.react.views.text.ReactTextAnchorViewManager"", ""method"": ""setFontSize$ReactAndroid_release""}"
153687,reflection,Method.invoke,"{""class"": ""com.facebook.react.views.text.ReactTextAnchorViewManager"", ""method"": ""setAccessible$ReactAndroid_release""}"
153692,reflection,Method.invoke,"{""class"": ""com.facebook.react.views.text.ReactTextAnchorViewManager"", ""method"": ""setEllipsizeMode$ReactAndroid_release""}"
153697,reflection,Method.invoke,"{""class"": ""com.facebook.react.views.view.ReactViewManager"", ""method"": ""setBorderRadius""}"
153703,reflection,Method.invoke,"{""class"": ""com.facebook.react.views.view.ReactViewManager"", ""method"": ""setBorderRadius""}"
153708,reflection,Method.invoke,"{""class"": ""com.facebook.react.uimanager.BaseViewManager"", ""method"": ""setBackgroundColor""}"
153714,reflection,Method.invoke,"{""class"": ""com.facebook.react.views.text.ReactTextAnchorViewManager"", ""method"": ""setAccessible$ReactAndroid_release""}"
153719,reflection,Method.invoke,"{""class"": ""com.facebook.react.views.text.ReactTextAnchorViewManager"", ""method"": ""setFontSize$ReactAndroid_release""}"
153724,reflection,Method.invoke,"{""class"": ""com.facebook.react.views.text.ReactTextAnchorViewManager"", ""method"": ""setEllipsizeMode$ReactAndroid_release""}"
153730,reflection,Method.invoke,"{""class"": ""com.facebook.react.uimanager.BaseViewManager"", ""method"": ""setBackgroundColor""}"
153735,reflection,Method.invoke,"{""class"": ""com.facebook.react.views.text.ReactTextAnchorViewManager"", ""method"": ""setAccessible$ReactAndroid_release""}"
153740,reflection,Method.invoke,"{""class"": ""com.facebook.react.views.text.ReactTextAnchorViewManager"", ""method"": ""setEllipsizeMode$ReactAndroid_release""}"
153746,reflection,Method.invoke,"{""class"": ""com.facebook.react.views.text.ReactTextAnchorViewManager"", ""method"": ""setFontSize$ReactAndroid_release""}"
153752,reflection,Method.invoke,"{""class"": ""com.facebook.react.uimanager.BaseViewManager"", ""method"": ""setBackgroundColor""}"
153757,reflection,Method.invoke,"{""class"": ""com.facebook.react.views.view.ReactViewManager"", ""method"": ""setBorderRadius""}"
153763,reflection,Method.invoke,"{""class"": ""com.facebook.react.views.view.ReactViewManager"", ""method"": ""setBorderRadius""}"
153769,reflection,Method.invoke,"{""class"": ""com.facebook.react.views.text.ReactTextAnchorViewManager"", ""method"": ""setAccessible$ReactAndroid_release""}"
153774,reflection,Method.invoke,"{""class"": ""com.facebook.react.views.text.ReactTextAnchorViewManager"", ""method"": ""setEllipsizeMode$ReactAndroid_release""}"
153779,reflection,Method.invoke,"{""class"": ""com.facebook.react.views.text.ReactTextAnchorViewManager"", ""method"": ""setFontSize$ReactAndroid_release""}"
153785,reflection,Method.invoke,"{""class"": ""com.facebook.react.views.text.ReactTextAnchorViewManager"", ""method"": ""setAccessible$ReactAndroid_release""}"
153790,reflection,Method.invoke,"{""class"": ""com.facebook.react.views.text.ReactTextAnchorViewManager"", ""method"": ""setEllipsizeMode$ReactAndroid_release""}"
153796,reflection,Method.invoke,"{""class"": ""com.facebook.react.uimanager.BaseViewManager"", ""method"": ""setBackgroundColor""}"
153801,reflection,Method.invoke,"{""class"": ""com.facebook.react.views.view.ReactViewManager"", ""method"": ""setBorderRadius""}"
153806,reflection,Method.invoke,"{""class"": ""com.facebook.react.views.text.ReactTextAnchorViewManager"", ""method"": ""setAccessible$ReactAndroid_release""}"
153812,reflection,Method.invoke,"{""class"": ""com.facebook.react.views.text.ReactTextAnchorViewManager"", ""method"": ""setEllipsizeMode$ReactAndroid_release""}"
153817,reflection,Method.invoke,"{""class"": ""com.facebook.react.views.text.ReactTextAnchorViewManager"", ""method"": ""setFontSize$ReactAndroid_release""}"
153823,reflection,Method.invoke,"{""class"": ""com.facebook.react.views.text.ReactTextAnchorViewManager"", ""method"": ""setAccessible$ReactAndroid_release""}"
153828,reflection,Method.invoke,"{""class"": ""com.facebook.react.views.text.ReactTextAnchorViewManager"", ""method"": ""setEllipsizeMode$ReactAndroid_release""}"
153834,reflection,Method.invoke,"{""class"": ""com.facebook.react.uimanager.BaseViewManager"", ""method"": ""setBackgroundColor""}"
153839,reflection,Method.invoke,"{""class"": ""com.facebook.react.views.view.ReactViewManager"", ""method"": ""setBorderRadius""}"
153844,reflection,Method.invoke,"{""class"": ""com.facebook.react.views.text.ReactTextAnchorViewManager"", ""method"": ""setAccessible$ReactAndroid_release""}"
153850,reflection,Method.invoke,"{""class"": ""com.facebook.react.views.text.ReactTextAnchorViewManager"", ""method"": ""setEllipsizeMode$ReactAndroid_release""}"
153855,reflection,Method.invoke,"{""class"": ""com.facebook.react.views.text.ReactTextAnchorViewManager"", ""method"": ""setFontSize$ReactAndroid_release""}"
153861,reflection,Method.invoke,"{""class"": ""com.facebook.react.views.text.ReactTextAnchorViewManager"", ""method"": ""setAccessible$ReactAndroid_release""}"
153866,reflection,Method.invoke,"{""class"": ""com.facebook.react.views.text.ReactTextAnchorViewManager"", ""method"": ""setEllipsizeMode$ReactAndroid_release""}"
153872,reflection,Method.invoke,"{""class"": ""com.facebook.react.views.view.ReactViewManager"", ""method"": ""setHitSlop""}"
153877,reflection,Method.invoke,"{""class"": ""com.facebook.react.uimanager.BaseViewManager"", ""method"": ""setResponderMove""}"
153883,reflection,Method.invoke,"{""class"": ""com.facebook.react.views.view.ReactViewManager"", ""method"": ""setAccessible""}"
153888,reflection,Method.invoke,"{""class"": ""com.facebook.react.uimanager.BaseViewManager"", ""method"": ""setOpacity""}"
153893,reflection,Method.invoke,"{""class"": ""com.facebook.react.uimanager.BaseViewManager"", ""method"": ""setResponderGrant""}"
153898,reflection,Method.invoke,"{""class"": ""com.facebook.react.uimanager.BaseViewManager"", ""method"": ""setStartShouldSetResponder""}"
153904,reflection,Method.invoke,"{""class"": ""com.facebook.react.uimanager.BaseViewManager"", ""method"": ""setResponderTerminationRequest""}"
153909,reflection,Method.invoke,"{""class"": ""com.facebook.react.uimanager.BaseViewManager"", ""method"": ""setResponderRelease""}"
153915,reflection,Method.invoke,"{""class"": ""com.facebook.react.uimanager.BaseViewManager"", ""method"": ""setResponderTerminate""}"
153922,reflection,Method.invoke,"{""class"": ""com.facebook.react.views.view.ReactViewManager"", ""method"": ""setFocusable""}"
153927,reflection,Method.invoke,"{""class"": ""com.facebook.react.uimanager.BaseViewManager"", ""method"": ""setClick""}"
153933,reflection,Method.invoke,"{""class"": ""com.facebook.react.views.view.ReactViewManager"", ""method"": ""setCollapsable""}"
153938,reflection,Method.invoke,"{""class"": ""com.facebook.react.uimanager.BaseViewManager"", ""method"": ""setAccessibilityValue""}"
153944,reflection,Method.invoke,"{""class"": ""com.facebook.react.uimanager.BaseViewManager"", ""method"": ""setViewState""}"
153956,reflection,Method.invoke,"{""class"": ""com.facebook.react.views.text.ReactTextAnchorViewManager"", ""method"": ""setEllipsizeMode$ReactAndroid_release""}"
153962,reflection,Method.invoke,"{""class"": ""com.facebook.react.views.text.ReactTextAnchorViewManager"", ""method"": ""setAccessible$ReactAndroid_release""}"
153967,reflection,Method.invoke,"{""class"": ""com.facebook.react.views.text.ReactTextAnchorViewManager"", ""method"": ""setFontSize$ReactAndroid_release""}"
153973,reflection,Method.invoke,"{""class"": ""com.facebook.react.views.view.ReactViewManager"", ""method"": ""setFocusable""}"
153979,reflection,Method.invoke,"{""class"": ""com.facebook.react.uimanager.BaseViewManager"", ""method"": ""setResponderTerminate""}"
153984,reflection,Method.invoke,"{""class"": ""com.facebook.react.views.view.ReactViewManager"", ""method"": ""setBorderRadius""}"
153990,reflection,Method.invoke,"{""class"": ""com.facebook.react.uimanager.BaseViewManager"", ""method"": ""setOpacity""}"
153995,reflection,Method.invoke,"{""class"": ""com.facebook.react.uimanager.BaseViewManager"", ""method"": ""setBackgroundColor""}"
154000,reflection,Method.invoke,"{""class"": ""com.facebook.react.views.view.ReactViewManager"", ""method"": ""setAccessible""}"
154006,reflection,Method.invoke,"{""class"": ""com.facebook.react.uimanager.BaseViewManager"", ""method"": ""setStartShouldSetResponder""}"
154012,reflection,Method.invoke,"{""class"": ""com.facebook.react.uimanager.BaseViewManager"", ""method"": ""setResponderGrant""}"
154017,reflection,Method.invoke,"{""class"": ""com.facebook.react.views.view.ReactViewManager"", ""method"": ""setHitSlop""}"
154022,reflection,Method.invoke,"{""class"": ""com.facebook.react.uimanager.BaseViewManager"", ""method"": ""setResponderMove""}"
154028,reflection,Method.invoke,"{""class"": ""com.facebook.react.uimanager.BaseViewManager"", ""method"": ""setResponderRelease""}"
154033,reflection,Method.invoke,"{""class"": ""com.facebook.react.uimanager.BaseViewManager"", ""method"": ""setResponderTerminationRequest""}"
154039,reflection,Method.invoke,"{""class"": ""com.facebook.react.uimanager.BaseViewManager"", ""method"": ""setClick""}"
154044,reflection,Method.invoke,"{""class"": ""com.facebook.react.views.view.ReactViewManager"", ""method"": ""setCollapsable""}"
154049,reflection,Method.invoke,"{""class"": ""com.facebook.react.uimanager.BaseViewManager"", ""method"": ""setAccessibilityValue""}"
154055,reflection,Method.invoke,"{""class"": ""com.facebook.react.uimanager.BaseViewManager"", ""method"": ""setViewState""}"
154060,reflection,Method.invoke,"{""class"": ""com.facebook.react.views.text.ReactTextAnchorViewManager"", ""method"": ""setAccessible$ReactAndroid_release""}"
154065,reflection,Method.invoke,"{""class"": ""com.facebook.react.views.text.ReactTextAnchorViewManager"", ""method"": ""setFontSize$ReactAndroid_release""}"
154071,reflection,Method.invoke,"{""class"": ""com.facebook.react.views.text.ReactTextAnchorViewManager"", ""method"": ""setEllipsizeMode$ReactAndroid_release""}"
154077,reflection,Method.invoke,"{""class"": ""com.facebook.react.uimanager.BaseViewManager"", ""method"": ""setBackgroundColor""}"
154083,reflection,Method.invoke,"{""class"": ""com.facebook.react.views.view.ReactViewManager"", ""method"": ""setBorderWidth""}"
154088,reflection,Method.invoke,"{""class"": ""com.facebook.react.views.view.ReactViewManager"", ""method"": ""setBorderColor""}"
154093,reflection,Method.invoke,"{""class"": ""com.facebook.react.views.text.ReactTextAnchorViewManager"", ""method"": ""setAccessible$ReactAndroid_release""}"
154099,reflection,Method.invoke,"{""class"": ""com.facebook.react.views.text.ReactTextAnchorViewManager"", ""method"": ""setFontSize$ReactAndroid_release""}"
154104,reflection,Method.invoke,"{""class"": ""com.facebook.react.views.text.ReactTextAnchorViewManager"", ""method"": ""setEllipsizeMode$ReactAndroid_release""}"
154110,reflection,Method.invoke,"{""class"": ""com.facebook.react.views.text.ReactTextAnchorViewManager"", ""method"": ""setAccessible$ReactAndroid_release""}"
154115,reflection,Method.invoke,"{""class"": ""com.facebook.react.views.text.ReactTextAnchorViewManager"", ""method"": ""setFontSize$ReactAndroid_release""}"
154120,reflection,Method.invoke,"{""class"": ""com.facebook.react.views.text.ReactTextAnchorViewManager"", ""method"": ""setEllipsizeMode$ReactAndroid_release""}"
154126,reflection,Method.invoke,"{""class"": ""com.facebook.react.views.view.ReactViewManager"", ""method"": ""setHitSlop""}"
154131,reflection,Method.invoke,"{""class"": ""com.facebook.react.uimanager.BaseViewManager"", ""method"": ""setResponderMove""}"
154136,reflection,Method.invoke,"{""class"": ""com.facebook.react.views.view.ReactViewManager"", ""method"": ""setAccessible""}"
154141,reflection,Method.invoke,"{""class"": ""com.facebook.react.uimanager.BaseViewManager"", ""method"": ""setOpacity""}"
154147,reflection,Method.invoke,"{""class"": ""com.facebook.react.uimanager.BaseViewManager"", ""method"": ""setResponderGrant""}"
154152,reflection,Method.invoke,"{""class"": ""com.facebook.react.uimanager.BaseViewManager"", ""method"": ""setStartShouldSetResponder""}"
154157,reflection,Method.invoke,"{""class"": ""com.facebook.react.uimanager.BaseViewManager"", ""method"": ""setResponderTerminationRequest""}"
154162,reflection,Method.invoke,"{""class"": ""com.facebook.react.uimanager.BaseViewManager"", ""method"": ""setResponderRelease""}"
154167,reflection,Method.invoke,"{""class"": ""com.facebook.react.uimanager.BaseViewManager"", ""method"": ""setResponderTerminate""}"
154173,reflection,Method.invoke,"{""class"": ""com.facebook.react.views.view.ReactViewManager"", ""method"": ""setFocusable""}"
154178,reflection,Method.invoke,"{""class"": ""com.facebook.react.uimanager.BaseViewManager"", ""method"": ""setClick""}"
154183,reflection,Method.invoke,"{""class"": ""com.facebook.react.views.view.ReactViewManager"", ""method"": ""setCollapsable""}"
154189,reflection,Method.invoke,"{""class"": ""com.facebook.react.uimanager.BaseViewManager"", ""method"": ""setAccessibilityValue""}"
154194,reflection,Method.invoke,"{""class"": ""com.facebook.react.uimanager.BaseViewManager"", ""method"": ""setViewState""}"
154199,reflection,Method.invoke,"{""class"": ""com.facebook.react.uimanager.BaseViewManager"", ""method"": ""setBackgroundColor""}"
154205,reflection,Method.invoke,"{""class"": ""com.facebook.react.views.view.ReactViewManager"", ""method"": ""setBorderRadius""}"
154211,reflection,Method.invoke,"{""class"": ""com.facebook.react.uimanager.BaseViewManager"", ""method"": ""setTransform""}"
154217,reflection,Method.invoke,"{""class"": ""com.facebook.react.uimanager.BaseViewManager"", ""method"": ""setOpacity""}"
154227,reflection,Method.invoke,"{""class"": ""com.facebook.react.views.view.ReactViewManager"", ""method"": ""setOverflow""}"
154232,reflection,Method.invoke,"{""class"": ""com.facebook.react.uimanager.BaseViewManager"", ""method"": ""setImportantForAccessibility""}"
154237,reflection,Method.invoke,"{""class"": ""com.facebook.react.uimanager.BaseViewManager"", ""method"": ""setOpacity""}"
154242,reflection,Method.invoke,"{""class"": ""com.facebook.react.uimanager.BaseViewManager"", ""method"": ""setTransform""}"
154248,reflection,Method.invoke,"{""class"": ""com.facebook.react.uimanager.BaseViewManager"", ""method"": ""setOpacity""}"
154253,reflection,Method.invoke,"{""class"": ""com.facebook.react.uimanager.BaseViewManager"", ""method"": ""setTransform""}"
154259,reflection,Method.invoke,"{""class"": ""com.facebook.react.uimanager.BaseViewManager"", ""method"": ""setOpacity""}"
154264,reflection,Method.invoke,"{""class"": ""com.facebook.react.uimanager.BaseViewManager"", ""method"": ""setTransform""}"
154270,crypto,MessageDigest.digest,{}
154272,crypto,MessageDigest.digest,{}
154276,crypto,MessageDigest.digest,{}
154279,crypto,MessageDigest.digest,{}
154284,crypto,MessageDigest.digest,{}
154287,crypto,MessageDigest.digest,{}
154294,reflection,Method.invoke,"{""class"": ""com.facebook.react.uimanager.BaseViewManager"", ""method"": ""setTransform""}"
154305,reflection,Method.invoke,"{""class"": ""com.facebook.react.uimanager.BaseViewManager"", ""method"": ""setOpacity""}"
154313,reflection,Method.invoke,"{""class"": ""com.facebook.react.uimanager.BaseViewManager"", ""method"": ""setTransform""}"
154322,reflection,Method.invoke,"{""class"": ""com.facebook.react.uimanager.BaseViewManager"", ""method"": ""setOpacity""}"
154325,crypto,MessageDigest.digest,{}
154328,crypto,MessageDigest.digest,{}
154331,crypto,MessageDigest.digest,{}
154335,crypto,MessageDigest.digest,{}
154338,crypto,MessageDigest.digest,{}
154344,crypto,MessageDigest.digest,{}
154351,reflection,Method.invoke,"{""class"": ""com.facebook.react.uimanager.BaseViewManager"", ""method"": ""setOpacity""}"
154359,crypto,MessageDigest.digest,{}
154363,reflection,Method.invoke,"{""class"": ""com.facebook.react.uimanager.BaseViewManager"", ""method"": ""setOpacity""}"
154369,reflection,Method.invoke,"{""class"": ""com.facebook.react.uimanager.BaseViewManager"", ""method"": ""setOpacity""}"
154378,reflection,Method.invoke,"{""class"": ""com.facebook.react.uimanager.BaseViewManager"", ""method"": ""setOpacity""}"
154389,reflection,Method.invoke,"{""class"": ""com.facebook.react.uimanager.BaseViewManager"", ""method"": ""setOpacity""}"
154396,reflection,Method.invoke,"{""class"": ""com.facebook.react.uimanager.BaseViewManager"", ""method"": ""setTransform""}"
154405,reflection,Method.invoke,"{""class"": ""com.facebook.react.uimanager.BaseViewManager"", ""method"": ""setOpacity""}"
154411,reflection,Method.invoke,"{""class"": ""com.facebook.react.uimanager.BaseViewManager"", ""method"": ""setTransform""}"
154416,reflection,Method.invoke,"{""class"": ""com.facebook.react.uimanager.BaseViewManager"", ""method"": ""setOpacity""}"
154427,reflection,Method.invoke,"{""class"": ""android.view.View"", ""method"": ""getViewRootImpl""}"
154432,reflection,Method.invoke,"{""class"": ""android.view.View"", ""method"": ""getViewRootImpl""}"
154463,reflection,Method.invoke,"{""class"": ""com.facebook.react.uimanager.BaseViewManager"", ""method"": ""setTransform""}"
154474,reflection,Method.invoke,"{""class"": ""com.facebook.react.uimanager.BaseViewManager"", ""method"": ""setOpacity""}"
154486,reflection,Method.invoke,"{""class"": ""com.facebook.react.uimanager.BaseViewManager"", ""method"": ""setTransform""}"
154491,reflection,Method.invoke,"{""class"": ""com.facebook.react.uimanager.BaseViewManager"", ""method"": ""setOpacity""}"
154497,reflection,Method.invoke,"{""class"": ""com.facebook.react.uimanager.BaseViewManager"", ""method"": ""setOpacity""}"
154503,reflection,Method.invoke,"{""class"": ""com.facebook.react.uimanager.BaseViewManager"", ""method"": ""setTransform""}"
154508,reflection,Method.invoke,"{""class"": ""com.facebook.react.uimanager.BaseViewManager"", ""method"": ""setOpacity""}"
154514,reflection,Method.invoke,"{""class"": ""com.facebook.react.uimanager.BaseViewManager"", ""method"": ""setTransform""}"
154519,reflection,Method.invoke,"{""class"": ""com.facebook.react.uimanager.BaseViewManager"", ""method"": ""setTransform""}"
154525,reflection,Method.invoke,"{""class"": ""com.facebook.react.uimanager.BaseViewManager"", ""method"": ""setOpacity""}"
154530,reflection,Method.invoke,"{""class"": ""com.facebook.react.uimanager.BaseViewManager"", ""method"": ""setTransform""}"
154535,reflection,Method.invoke,"{""class"": ""com.facebook.react.uimanager.BaseViewManager"", ""method"": ""setOpacity""}"
154541,reflection,Method.invoke,"{""class"": ""com.facebook.react.uimanager.BaseViewManager"", ""method"": ""setOpacity""}"
154550,reflection,Method.invoke,"{""class"": ""com.facebook.react.uimanager.BaseViewManager"", ""method"": ""setOpacity""}"
154555,reflection,Method.invoke,"{""class"": ""com.facebook.react.uimanager.BaseViewManager"", ""method"": ""setOpacity""}"
154561,reflection,Method.invoke,"{""class"": ""com.facebook.react.uimanager.BaseViewManager"", ""method"": ""setTransform""}"
154566,reflection,Method.invoke,"{""class"": ""com.facebook.react.uimanager.BaseViewManager"", ""method"": ""setOpacity""}"
154591,reflection,Method.invoke,"{""class"": ""expo.modules.image.records.ImageLoadEvent"", ""method"": ""getCacheType""}"
154598,reflection,Method.invoke,"{""class"": ""expo.modules.image.records.ImageLoadEvent"", ""method"": ""getSource""}"
154607,reflection,Method.invoke,"{""class"": ""expo.modules.image.records.ImageSource"", ""method"": ""getHeight""}"
154615,reflection,Method.invoke,"{""class"": ""expo.modules.image.records.ImageSource"", ""method"": ""isAnimated""}"
154623,reflection,Method.invoke,"{""class"": ""expo.modules.image.records.ImageSource"", ""method"": ""getMediaType""}"
154629,reflection,Method.invoke,"{""class"": ""expo.modules.image.records.ImageSource"", ""method"": ""getUrl""}"
154637,reflection,Method.invoke,"{""class"": ""expo.modules.image.records.ImageSource"", ""method"": ""getWidth""}"
154654,reflection,Method.invoke,"{""class"": ""expo.modules.image.records.ImageLoadEvent"", ""method"": ""getCacheType""}"
154666,reflection,Method.invoke,"{""class"": ""expo.modules.image.records.ImageLoadEvent"", ""method"": ""getSource""}"
154676,reflection,Method.invoke,"{""class"": ""expo.modules.image.records.ImageSource"", ""method"": ""getHeight""}"
154686,reflection,Method.invoke,"{""class"": ""expo.modules.image.records.ImageSource"", ""method"": ""isAnimated""}"
154695,reflection,Method.invoke,"{""class"": ""expo.modules.image.records.ImageSource"", ""method"": ""getMediaType""}"
154706,reflection,Method.invoke,"{""class"": ""expo.modules.image.records.ImageSource"", ""method"": ""getUrl""}"
154719,reflection,Method.invoke,"{""class"": ""expo.modules.image.records.ImageSource"", ""method"": ""getWidth""}"
154726,reflection,Method.invoke,"{""class"": ""com.facebook.react.uimanager.BaseViewManager"", ""method"": ""setTransform""}"
154732,reflection,Method.invoke,"{""class"": ""com.facebook.react.uimanager.BaseViewManager"", ""method"": ""setOpacity""}"
154737,reflection,Method.invoke,"{""class"": ""com.facebook.react.uimanager.BaseViewManager"", ""method"": ""setOpacity""}"
154742,reflection,Method.invoke,"{""class"": ""com.facebook.react.uimanager.BaseViewManager"", ""method"": ""setOpacity""}"
154748,reflection,Method.invoke,"{""class"": ""com.facebook.react.uimanager.BaseViewManager"", ""method"": ""setOpacity""}"
154753,reflection,Method.invoke,"{""class"": ""com.facebook.react.uimanager.BaseViewManager"", ""method"": ""setTransform""}"
154771,reflection,Method.invoke,"{""class"": ""com.facebook.react.uimanager.BaseViewManager"", ""method"": ""setTransform""}"
154777,reflection,Method.invoke,"{""class"": ""com.facebook.react.uimanager.BaseViewManager"", ""method"": ""setOpacity""}"
154786,reflection,Method.invoke,"{""class"": ""com.facebook.react.uimanager.BaseViewManager"", ""method"": ""setOpacity""}"
154791,reflection,Method.invoke,"{""class"": ""com.facebook.react.uimanager.BaseViewManager"", ""method"": ""setTransform""}"
154803,reflection,Method.invoke,"{""class"": ""com.facebook.react.uimanager.BaseViewManager"", ""method"": ""setTransform""}"
154809,reflection,Method.invoke,"{""class"": ""com.facebook.react.uimanager.BaseViewManager"", ""method"": ""setOpacity""}"
154942,file_io,File.delete,"{""path"": ""/data/user/0/app.ladefuchs.android/files/profileInstalled""}"
175353,crypto,MessageDigest.getInstance,"{""algorithm"": ""MD5""}"
175358,crypto,MessageDigest.digest,{}
175407,crypto,MessageDigest.getInstance,"{""algorithm"": ""MD5""}"
175411,crypto,MessageDigest.digest,{}
175422,file_io,File.delete,"{""path"": ""/data/user/0/app.ladefuchs.android/cache/http-cache/167d487a351b7fe42e67203f5e08841a.0""}"
175425,file_io,File.delete,"{""path"": ""/data/user/0/app.ladefuchs.android/cache/http-cache/167d487a351b7fe42e67203f5e08841a.1""}"
226441,lifecycle,hook_loaded,"{""stage"": ""java_perform"", ""version"": ""3""}"
236319,reflection,Method.invoke,"{""class"": ""com.facebook.react.uimanager.H0$a"", ""method"": ""values""}"
236348,reflection,Method.invoke,"{""class"": ""com.facebook.react.uimanager.BaseViewManager"", ""method"": ""setOpacity""}"
236365,reflection,Method.invoke,"{""class"": ""com.facebook.react.views.view.ReactViewManager"", ""method"": ""setPointerEvents""}"
236366,reflection,Method.invoke,"{""class"": ""com.facebook.react.uimanager.BaseViewManager"", ""method"": ""setBackgroundColor""}"
236367,reflection,Method.invoke,"{""class"": ""com.facebook.react.views.view.ReactViewManager"", ""method"": ""setCollapsable""}"
236368,reflection,Method.invoke,"{""class"": ""com.facebook.react.uimanager.BaseViewManager"", ""method"": ""setOpacity""}"
236369,reflection,Method.invoke,"{""class"": ""com.facebook.react.uimanager.BaseViewManager"", ""method"": ""setOpacity""}"
236381,reflection,Method.invoke,"{""class"": ""com.facebook.react.uimanager.BaseViewManager"", ""method"": ""setOpacity""}"
236382,reflection,Method.invoke,"{""class"": ""com.facebook.react.views.view.ReactViewManager"", ""method"": ""setCollapsable""}"
236382,reflection,Method.invoke,"{""class"": ""com.facebook.react.views.view.ReactViewManager"", ""method"": ""setPointerEvents""}"
236383,reflection,Method.invoke,"{""class"": ""com.facebook.react.uimanager.BaseViewManager"", ""method"": ""setBackgroundColor""}"
236384,reflection,Method.invoke,"{""class"": ""com.facebook.react.views.view.ReactViewManager"", ""method"": ""setCollapsable""}"
236385,reflection,Method.invoke,"{""class"": ""com.facebook.react.uimanager.BaseViewManager"", ""method"": ""setOpacity""}"
236387,reflection,Method.invoke,"{""class"": ""com.facebook.react.views.text.ReactTextAnchorViewManager"", ""method"": ""setAccessible$ReactAndroid_release""}"
236388,reflection,Method.invoke,"{""class"": ""com.facebook.react.views.text.ReactTextAnchorViewManager"", ""method"": ""setFontSize$ReactAndroid_release""}"
236389,reflection,Method.invoke,"{""class"": ""com.facebook.react.views.text.ReactTextAnchorViewManager"", ""method"": ""setEllipsizeMode$ReactAndroid_release""}"
236391,reflection,Method.invoke,"{""class"": ""com.facebook.react.uimanager.BaseViewManager"", ""method"": ""setOpacity""}"
236399,reflection,Method.invoke,"{""class"": ""com.facebook.react.views.text.ReactTextAnchorViewManager"", ""method"": ""setAccessible$ReactAndroid_release""}"
236399,reflection,Method.invoke,"{""class"": ""com.facebook.react.views.text.ReactTextAnchorViewManager"", ""method"": ""setFontSize$ReactAndroid_release""}"
236400,reflection,Method.invoke,"{""class"": ""com.facebook.react.views.text.ReactTextAnchorViewManager"", ""method"": ""setEllipsizeMode$ReactAndroid_release""}"
236401,reflection,Method.invoke,"{""class"": ""com.facebook.react.uimanager.BaseViewManager"", ""method"": ""setBackgroundColor""}"
236402,reflection,Method.invoke,"{""class"": ""com.facebook.react.views.view.ReactViewManager"", ""method"": ""setBorderRadius""}"
236403,reflection,Method.invoke,"{""class"": ""com.facebook.react.views.view.ReactViewManager"", ""method"": ""setHitSlop""}"
236410,reflection,Method.invoke,"{""class"": ""com.facebook.react.uimanager.BaseViewManager"", ""method"": ""setResponderMove""}"
236411,reflection,Method.invoke,"{""class"": ""com.facebook.react.views.view.ReactViewManager"", ""method"": ""setAccessible""}"
236416,reflection,Method.invoke,"{""class"": ""com.facebook.react.uimanager.BaseViewManager"", ""method"": ""setOpacity""}"
236417,reflection,Method.invoke,"{""class"": ""com.facebook.react.uimanager.BaseViewManager"", ""method"": ""setResponderGrant""}"
236418,reflection,Method.invoke,"{""class"": ""com.facebook.react.uimanager.BaseViewManager"", ""method"": ""setStartShouldSetResponder""}"
236418,reflection,Method.invoke,"{""class"": ""com.facebook.react.uimanager.BaseViewManager"", ""method"": ""setResponderTerminationRequest""}"
236419,reflection,Method.invoke,"{""class"": ""com.facebook.react.uimanager.BaseViewManager"", ""method"": ""setResponderRelease""}"
236419,reflection,Method.invoke,"{""class"": ""com.facebook.react.uimanager.BaseViewManager"", ""method"": ""setResponderTerminate""}"
236420,reflection,Method.invoke,"{""class"": ""com.facebook.react.views.view.ReactViewManager"", ""method"": ""setFocusable""}"
236420,reflection,Method.invoke,"{""class"": ""com.facebook.react.uimanager.BaseViewManager"", ""method"": ""setClick""}"
236422,reflection,Method.invoke,"{""class"": ""com.facebook.react.views.view.ReactViewManager"", ""method"": ""setCollapsable""}"
236422,reflection,Method.invoke,"{""class"": ""com.facebook.react.uimanager.BaseViewManager"", ""method"": ""setAccessibilityValue""}"
236423,reflection,Method.invoke,"{""class"": ""com.facebook.react.uimanager.BaseViewManager"", ""method"": ""setViewState""}"
236425,reflection,Method.invoke,"{""class"": ""com.facebook.react.uimanager.BaseViewManager"", ""method"": ""setOpacity""}"
236431,reflection,Method.invoke,"{""class"": ""com.facebook.react.uimanager.BaseViewManager"", ""method"": ""setBackgroundColor""}"
236433,reflection,Method.invoke,"{""class"": ""com.facebook.react.views.view.ReactViewManager"", ""method"": ""setBorderWidth""}"
236435,reflection,Method.invoke,"{""class"": ""com.facebook.react.views.view.ReactViewManager"", ""method"": ""setBorderColor""}"
236435,reflection,Method.invoke,"{""class"": ""com.facebook.react.views.view.ReactViewManager"", ""method"": ""setPointerEvents""}"
236438,reflection,Method.invoke,"{""class"": ""com.facebook.react.uimanager.BaseViewManager"", ""method"": ""setZIndex""}"
236438,reflection,Method.invoke,"{""class"": ""com.facebook.react.views.view.ReactViewManager"", ""method"": ""setCollapsable""}"
236439,reflection,Method.invoke,"{""class"": ""com.facebook.react.uimanager.BaseViewManager"", ""method"": ""setOpacity""}"
236450,reflection,Method.invoke,"{""class"": ""com.facebook.react.uimanager.BaseViewManager"", ""method"": ""setBackgroundColor""}"
236450,reflection,Method.invoke,"{""class"": ""com.facebook.react.views.view.ReactViewManager"", ""method"": ""setBorderRadius""}"
236451,reflection,Method.invoke,"{""class"": ""com.facebook.react.uimanager.BaseViewManager"", ""method"": ""setElevation""}"
236453,reflection,Method.invoke,"{""class"": ""com.facebook.react.uimanager.BaseViewManager"", ""method"": ""setOpacity""}"
236459,reflection,Method.invoke,"{""class"": ""android.os.SystemProperties"", ""method"": ""get""}"
236466,reflection,Method.invoke,"{""class"": ""com.facebook.react.uimanager.BaseViewManager"", ""method"": ""setOpacity""}"
236475,reflection,Method.invoke,"{""class"": ""android.os.SystemProperties"", ""method"": ""get""}"
236483,reflection,Method.invoke,"{""class"": ""com.facebook.react.uimanager.BaseViewManager"", ""method"": ""setOpacity""}"
236501,reflection,Method.invoke,"{""class"": ""java.util.Locale"", ""method"": ""getDefault""}"
236503,reflection,Method.invoke,"{""class"": ""com.facebook.react.uimanager.BaseViewManager"", ""method"": ""setOpacity""}"
236517,reflection,Method.invoke,"{""class"": ""android.os.SystemProperties"", ""method"": ""get""}"
236519,reflection,Method.invoke,"{""class"": ""com.facebook.react.views.text.ReactTextAnchorViewManager"", ""method"": ""setAccessible$ReactAndroid_release""}"
236520,reflection,Method.invoke,"{""class"": ""com.facebook.react.views.text.ReactTextAnchorViewManager"", ""method"": ""setFontSize$ReactAndroid_release""}"
236521,reflection,Method.invoke,"{""class"": ""com.facebook.react.views.text.ReactTextAnchorViewManager"", ""method"": ""setEllipsizeMode$ReactAndroid_release""}"
236523,reflection,Method.invoke,"{""class"": ""com.facebook.react.uimanager.BaseViewManager"", ""method"": ""setOpacity""}"
236533,reflection,Method.invoke,"{""class"": ""com.facebook.react.views.view.ReactViewManager"", ""method"": ""setBorderRadius""}"
236534,reflection,Method.invoke,"{""class"": ""com.facebook.react.views.view.ReactViewManager"", ""method"": ""setBorderRadius""}"
236535,reflection,Method.invoke,"{""class"": ""com.facebook.react.uimanager.BaseViewManager"", ""method"": ""setBackgroundColor""}"
236535,reflection,Method.invoke,"{""class"": ""com.facebook.react.views.text.ReactTextAnchorViewManager"", ""method"": ""setAccessible$ReactAndroid_release""}"
236536,reflection,Method.invoke,"{""class"": ""com.facebook.react.views.text.ReactTextAnchorViewManager"", ""method"": ""setEllipsizeMode$ReactAndroid_release""}"
236537,reflection,Method.invoke,"{""class"": ""com.facebook.react.views.text.ReactTextAnchorViewManager"", ""method"": ""setFontSize$ReactAndroid_release""}"
236539,reflection,Method.invoke,"{""class"": ""android.os.SystemProperties"", ""method"": ""get""}"
236543,reflection,Method.invoke,"{""class"": ""com.facebook.react.uimanager.BaseViewManager"", ""method"": ""setOpacity""}"
236551,reflection,Method.invoke,"{""class"": ""com.facebook.react.uimanager.BaseViewManager"", ""method"": ""setBackgroundColor""}"
236554,reflection,Method.invoke,"{""class"": ""com.facebook.react.uimanager.BaseViewManager"", ""method"": ""setOpacity""}"
236567,reflection,Method.invoke,"{""class"": ""java.util.Locale"", ""method"": ""getDefault""}"
236569,reflection,Method.invoke,"{""class"": ""com.facebook.react.uimanager.BaseViewManager"", ""method"": ""setOpacity""}"
236581,reflection,Method.invoke,"{""class"": ""android.os.SystemProperties"", ""method"": ""get""}"
236583,reflection,Method.invoke,"{""class"": ""com.facebook.react.views.text.ReactTextAnchorViewManager"", ""method"": ""setAccessible$ReactAndroid_release""}"
236583,reflection,Method.invoke,"{""class"": ""com.facebook.react.views.text.ReactTextAnchorViewManager"", ""method"": ""setEllipsizeMode$ReactAndroid_release""}"
236584,reflection,Method.invoke,"{""class"": ""com.facebook.react.views.text.ReactTextAnchorViewManager"", ""method"": ""setFontSize$ReactAndroid_release""}"
236586,reflection,Method.invoke,"{""class"": ""com.facebook.react.views.text.ReactTextAnchorViewManager"", ""method"": ""setAccessible$ReactAndroid_release""}"
236587,reflection,Method.invoke,"{""class"": ""com.facebook.react.views.text.ReactTextAnchorViewManager"", ""method"": ""setEllipsizeMode$ReactAndroid_release""}"
236590,reflection,Method.invoke,"{""class"": ""com.facebook.react.uimanager.BaseViewManager"", ""method"": ""setBackgroundColor""}"
236591,reflection,Method.invoke,"{""class"": ""com.facebook.react.views.view.ReactViewManager"", ""method"": ""setBorderRadius""}"
236595,reflection,Method.invoke,"{""class"": ""com.facebook.react.views.view.ReactViewManager"", ""method"": ""setBorderRadius""}"
236596,reflection,Method.invoke,"{""class"": ""com.facebook.react.uimanager.BaseViewManager"", ""method"": ""setOpacity""}"
236598,reflection,Method.invoke,"{""class"": ""com.facebook.react.uimanager.BaseViewManager"", ""method"": ""setOpacity""}"
236617,reflection,Method.invoke,"{""class"": ""com.facebook.react.uimanager.BaseViewManager"", ""method"": ""setOpacity""}"
236617,reflection,Method.invoke,"{""class"": ""android.os.SystemProperties"", ""method"": ""get""}"
236627,reflection,Method.invoke,"{""class"": ""java.util.Locale"", ""method"": ""getDefault""}"
236630,reflection,Method.invoke,"{""class"": ""com.facebook.react.views.text.ReactTextAnchorViewManager"", ""method"": ""setAccessible$ReactAndroid_release""}"
236631,reflection,Method.invoke,"{""class"": ""com.facebook.react.views.text.ReactTextAnchorViewManager"", ""method"": ""setFontSize$ReactAndroid_release""}"
236631,reflection,Method.invoke,"{""class"": ""com.facebook.react.views.text.ReactTextAnchorViewManager"", ""method"": ""setEllipsizeMode$ReactAndroid_release""}"
236644,reflection,Method.invoke,"{""class"": ""android.os.SystemProperties"", ""method"": ""get""}"
236649,reflection,Method.invoke,"{""class"": ""com.facebook.react.views.view.ReactViewManager"", ""method"": ""setBorderRadius""}"
236650,reflection,Method.invoke,"{""class"": ""com.facebook.react.views.view.ReactViewManager"", ""method"": ""setBorderRadius""}"
236652,reflection,Method.invoke,"{""class"": ""com.facebook.react.uimanager.BaseViewManager"", ""method"": ""setBackgroundColor""}"
236654,reflection,Method.invoke,"{""class"": ""com.facebook.react.views.text.ReactTextAnchorViewManager"", ""method"": ""setAccessible$ReactAndroid_release""}"
236656,reflection,Method.invoke,"{""class"": ""com.facebook.react.views.text.ReactTextAnchorViewManager"", ""method"": ""setEllipsizeMode$ReactAndroid_release""}"
236656,reflection,Method.invoke,"{""class"": ""com.facebook.react.views.text.ReactTextAnchorViewManager"", ""method"": ""setFontSize$ReactAndroid_release""}"
236664,reflection,Method.invoke,"{""class"": ""com.facebook.react.uimanager.BaseViewManager"", ""method"": ""setBackgroundColor""}"
236671,reflection,Method.invoke,"{""class"": ""android.os.SystemProperties"", ""method"": ""get""}"
236679,reflection,Method.invoke,"{""class"": ""java.util.Locale"", ""method"": ""getDefault""}"
236686,reflection,Method.invoke,"{""class"": ""android.os.SystemProperties"", ""method"": ""get""}"
236697,reflection,Method.invoke,"{""class"": ""com.facebook.react.views.text.ReactTextAnchorViewManager"", ""method"": ""setAccessible$ReactAndroid_release""}"
236698,reflection,Method.invoke,"{""class"": ""com.facebook.react.views.text.ReactTextAnchorViewManager"", ""method"": ""setEllipsizeMode$ReactAndroid_release""}"
236701,reflection,Method.invoke,"{""class"": ""com.facebook.react.views.text.ReactTextAnchorViewManager"", ""method"": ""setFontSize$ReactAndroid_release""}"
236701,reflection,Method.invoke,"{""class"": ""android.os.SystemProperties"", ""method"": ""get""}"
236703,reflection,Method.invoke,"{""class"": ""com.facebook.react.views.text.ReactTextAnchorViewManager"", ""method"": ""setAccessible$ReactAndroid_release""}"
236704,reflection,Method.invoke,"{""class"": ""com.facebook.react.views.text.ReactTextAnchorViewManager"", ""method"": ""setEllipsizeMode$ReactAndroid_release""}"
236705,reflection,Method.invoke,"{""class"": ""com.facebook.react.uimanager.BaseViewManager"", ""method"": ""setBackgroundColor""}"
236705,reflection,Method.invoke,"{""class"": ""com.facebook.react.views.view.ReactViewManager"", ""method"": ""setBorderRadius""}"
236706,reflection,Method.invoke,"{""class"": ""com.facebook.react.views.view.ReactViewManager"", ""method"": ""setBorderRadius""}"
236723,reflection,Method.invoke,"{""class"": ""java.util.Locale"", ""method"": ""getDefault""}"
236730,reflection,Method.invoke,"{""class"": ""java.util.Locale"", ""method"": ""getDefault""}"
236732,reflection,Method.invoke,"{""class"": ""com.facebook.react.views.text.ReactTextAnchorViewManager"", ""method"": ""setAccessible$ReactAndroid_release""}"
236733,reflection,Method.invoke,"{""class"": ""com.facebook.react.views.text.ReactTextAnchorViewManager"", ""method"": ""setEllipsizeMode$ReactAndroid_release""}"
236735,reflection,Method.invoke,"{""class"": ""com.facebook.react.views.text.ReactTextAnchorViewManager"", ""method"": ""setFontSize$ReactAndroid_release""}"
236737,reflection,Method.invoke,"{""class"": ""com.facebook.react.views.text.ReactTextAnchorViewManager"", ""method"": ""setAccessible$ReactAndroid_release""}"
236740,reflection,Method.invoke,"{""class"": ""com.facebook.react.views.text.ReactTextAnchorViewManager"", ""method"": ""setEllipsizeMode$ReactAndroid_release""}"
236747,reflection,Method.invoke,"{""class"": ""com.facebook.react.uimanager.BaseViewManager"", ""method"": ""setBackgroundColor""}"
236747,reflection,Method.invoke,"{""class"": ""com.facebook.react.views.view.ReactViewManager"", ""method"": ""setBorderRadius""}"
236748,reflection,Method.invoke,"{""class"": ""com.facebook.react.views.text.ReactTextAnchorViewManager"", ""method"": ""setAccessible$ReactAndroid_release""}"
236751,reflection,Method.invoke,"{""class"": ""com.facebook.react.views.text.ReactTextAnchorViewManager"", ""method"": ""setEllipsizeMode$ReactAndroid_release""}"
236751,reflection,Method.invoke,"{""class"": ""com.facebook.react.views.text.ReactTextAnchorViewManager"", ""method"": ""setFontSize$ReactAndroid_release""}"
236753,reflection,Method.invoke,"{""class"": ""com.facebook.react.views.text.ReactTextAnchorViewManager"", ""method"": ""setAccessible$ReactAndroid_release""}"
236754,reflection,Method.invoke,"{""class"": ""com.facebook.react.views.text.ReactTextAnchorViewManager"", ""method"": ""setEllipsizeMode$ReactAndroid_release""}"
236755,reflection,Method.invoke,"{""class"": ""com.facebook.react.uimanager.BaseViewManager"", ""method"": ""setBackgroundColor""}"
236755,reflection,Method.invoke,"{""class"": ""com.facebook.react.views.view.ReactViewManager"", ""method"": ""setBorderRadius""}"
236764,reflection,Method.invoke,"{""class"": ""com.facebook.react.views.text.ReactTextAnchorViewManager"", ""method"": ""setEllipsizeMode$ReactAndroid_release""}"
236764,reflection,Method.invoke,"{""class"": ""com.facebook.react.views.text.ReactTextAnchorViewManager"", ""method"": ""setAccessible$ReactAndroid_release""}"
236766,reflection,Method.invoke,"{""class"": ""com.facebook.react.views.text.ReactTextAnchorViewManager"", ""method"": ""setFontSize$ReactAndroid_release""}"
236767,reflection,Method.invoke,"{""class"": ""com.facebook.react.views.view.ReactViewManager"", ""method"": ""setHitSlop""}"
236767,reflection,Method.invoke,"{""class"": ""com.facebook.react.uimanager.BaseViewManager"", ""method"": ""setResponderMove""}"
236768,reflection,Method.invoke,"{""class"": ""com.facebook.react.views.view.ReactViewManager"", ""method"": ""setAccessible""}"
236769,reflection,Method.invoke,"{""class"": ""com.facebook.react.uimanager.BaseViewManager"", ""method"": ""setOpacity""}"
236769,reflection,Method.invoke,"{""class"": ""com.facebook.react.uimanager.BaseViewManager"", ""method"": ""setResponderGrant""}"
236770,reflection,Method.invoke,"{""class"": ""com.facebook.react.uimanager.BaseViewManager"", ""method"": ""setStartShouldSetResponder""}"
236770,reflection,Method.invoke,"{""class"": ""com.facebook.react.uimanager.BaseViewManager"", ""method"": ""setResponderTerminationRequest""}"
236771,reflection,Method.invoke,"{""class"": ""com.facebook.react.uimanager.BaseViewManager"", ""method"": ""setResponderRelease""}"
236773,reflection,Method.invoke,"{""class"": ""com.facebook.react.uimanager.BaseViewManager"", ""method"": ""setResponderTerminate""}"
236774,reflection,Method.invoke,"{""class"": ""com.facebook.react.views.view.ReactViewManager"", ""method"": ""setFocusable""}"
236775,reflection,Method.invoke,"{""class"": ""com.facebook.react.uimanager.BaseViewManager"", ""method"": ""setClick""}"
236777,reflection,Method.invoke,"{""class"": ""com.facebook.react.views.view.ReactViewManager"", ""method"": ""setCollapsable""}"
236777,reflection,Method.invoke,"{""class"": ""com.facebook.react.uimanager.BaseViewManager"", ""method"": ""setAccessibilityValue""}"
236778,reflection,Method.invoke,"{""class"": ""com.facebook.react.uimanager.BaseViewManager"", ""method"": ""setViewState""}"
236781,reflection,Method.invoke,"{""class"": ""com.facebook.react.views.view.ReactViewManager"", ""method"": ""setCollapsable""}"
236782,reflection,Method.invoke,"{""class"": ""com.facebook.react.views.view.ReactViewManager"", ""method"": ""setCollapsableChildren""}"
236783,reflection,Method.invoke,"{""class"": ""com.facebook.react.views.scroll.ReactScrollViewManager"", ""method"": ""setOverflow""}"
236784,reflection,Method.invoke,"{""class"": ""com.facebook.react.uimanager.BaseViewManager"", ""method"": ""setTouchMove""}"
236785,reflection,Method.invoke,"{""class"": ""com.facebook.react.uimanager.BaseViewManager"", ""method"": ""setResponderRelease""}"
236786,reflection,Method.invoke,"{""class"": ""com.facebook.react.uimanager.BaseViewManager"", ""method"": ""setStartShouldSetResponderCapture""}"
236787,reflection,Method.invoke,"{""class"": ""com.facebook.react.uimanager.BaseViewManager"", ""method"": ""setResponderGrant""}"
236788,reflection,Method.invoke,"{""class"": ""com.facebook.react.uimanager.BaseViewManager"", ""method"": ""setStartShouldSetResponder""}"
236789,reflection,Method.invoke,"{""class"": ""com.facebook.react.uimanager.BaseViewManager"", ""method"": ""setResponderTerminationRequest""}"
236789,reflection,Method.invoke,"{""class"": ""com.facebook.react.uimanager.BaseViewManager"", ""method"": ""setResponderReject""}"
236790,reflection,Method.invoke,"{""class"": ""com.facebook.react.views.scroll.ReactScrollViewManager"", ""method"": ""setSendMomentumEvents""}"
236791,reflection,Method.invoke,"{""class"": ""com.facebook.react.uimanager.BaseViewManager"", ""method"": ""setTouchEnd""}"
236792,reflection,Method.invoke,"{""class"": ""com.facebook.react.views.scroll.ReactScrollViewManager"", ""method"": ""setSnapToStart""}"
236793,reflection,Method.invoke,"{""class"": ""com.facebook.react.uimanager.BaseViewManager"", ""method"": ""setTouchStart""}"
236794,reflection,Method.invoke,"{""class"": ""com.facebook.react.views.scroll.ReactScrollViewManager"", ""method"": ""setSnapToEnd""}"
236795,reflection,Method.invoke,"{""class"": ""com.facebook.react.uimanager.BaseViewManager"", ""method"": ""setTouchCancel""}"
236795,reflection,Method.invoke,"{""class"": ""com.facebook.react.views.scroll.ReactScrollViewManager"", ""method"": ""setPagingEnabled""}"
236798,reflection,Method.invoke,"{""class"": ""com.facebook.react.uimanager.BaseViewManager"", ""method"": ""setBackgroundColor""}"
236799,reflection,Method.invoke,"{""class"": ""com.facebook.react.views.view.ReactViewManager"", ""method"": ""setPointerEvents""}"
236800,reflection,Method.invoke,"{""class"": ""com.facebook.react.uimanager.BaseViewManager"", ""method"": ""setBackgroundColor""}"
236801,reflection,Method.invoke,"{""class"": ""com.facebook.react.views.view.ReactViewManager"", ""method"": ""setOverflow""}"
236802,reflection,Method.invoke,"{""class"": ""com.facebook.react.views.view.ReactViewManager"", ""method"": ""setNeedsOffscreenAlphaCompositing""}"
236803,reflection,Method.invoke,"{""class"": ""com.facebook.react.views.view.ReactViewManager"", ""method"": ""setCollapsable""}"
236803,reflection,Method.invoke,"{""class"": ""com.facebook.react.uimanager.BaseViewManager"", ""method"": ""setOpacity""}"
236804,reflection,Method.invoke,"{""class"": ""com.facebook.react.uimanager.BaseViewManager"", ""method"": ""setTransform""}"
236807,reflection,Method.invoke,"{""class"": ""com.facebook.react.views.view.ReactViewManager"", ""method"": ""setCollapsable""}"
236807,reflection,Method.invoke,"{""class"": ""com.facebook.react.views.view.ReactViewManager"", ""method"": ""setPointerEvents""}"
236814,reflection,Method.invoke,"{""class"": ""com.facebook.react.views.view.ReactViewManager"", ""method"": ""setPointerEvents""}"
236820,reflection,Method.invoke,"{""class"": ""com.facebook.react.views.view.ReactViewManager"", ""method"": ""setCollapsable""}"
236847,reflection,Method.invoke,"{""class"": ""com.facebook.react.views.view.ReactViewManager"", ""method"": ""setPointerEvents""}"
236848,reflection,Method.invoke,"{""class"": ""com.facebook.react.uimanager.BaseViewManager"", ""method"": ""setImportantForAccessibility""}"
236850,reflection,Method.invoke,"{""class"": ""com.facebook.react.uimanager.BaseViewManager"", ""method"": ""setTransform""}"
236851,reflection,Method.invoke,"{""class"": ""com.facebook.react.uimanager.BaseViewManager"", ""method"": ""setOpacity""}"
236859,reflection,Method.invoke,"{""class"": ""com.facebook.react.views.view.ReactViewManager"", ""method"": ""setOverflow""}"
236860,reflection,Method.invoke,"{""class"": ""com.facebook.react.uimanager.BaseViewManager"", ""method"": ""setImportantForAccessibility""}"
236861,reflection,Method.invoke,"{""class"": ""com.facebook.react.uimanager.BaseViewManager"", ""method"": ""setOpacity""}"
236861,reflection,Method.invoke,"{""class"": ""com.facebook.react.uimanager.BaseViewManager"", ""method"": ""setTransform""}"
236863,reflection,Method.invoke,"{""class"": ""com.facebook.react.uimanager.BaseViewManager"", ""method"": ""setOpacity""}"
236863,reflection,Method.invoke,"{""class"": ""com.facebook.react.uimanager.BaseViewManager"", ""method"": ""setTransform""}"
236864,reflection,Method.invoke,"{""class"": ""com.facebook.react.uimanager.BaseViewManager"", ""method"": ""setOpacity""}"
236864,reflection,Method.invoke,"{""class"": ""com.facebook.react.uimanager.BaseViewManager"", ""method"": ""setTransform""}"
236869,reflection,Method.invoke,"{""class"": ""com.facebook.react.uimanager.BaseViewManager"", ""method"": ""setOpacity""}"
236869,reflection,Method.invoke,"{""class"": ""com.facebook.react.uimanager.BaseViewManager"", ""method"": ""setOpacity""}"
236870,reflection,Method.invoke,"{""class"": ""com.facebook.react.uimanager.BaseViewManager"", ""method"": ""setTransform""}"
236871,reflection,Method.invoke,"{""class"": ""com.facebook.react.uimanager.BaseViewManager"", ""method"": ""setOpacity""}"
236872,crypto,MessageDigest.digest,{}
236874,reflection,Method.invoke,"{""class"": ""android.view.View"", ""method"": ""getViewRootImpl""}"
236874,reflection,Method.invoke,"{""class"": ""android.view.View"", ""method"": ""getViewRootImpl""}"
236892,reflection,Method.invoke,"{""class"": ""com.facebook.react.uimanager.BaseViewManager"", ""method"": ""setTransform""}"
236893,reflection,Method.invoke,"{""class"": ""com.facebook.react.uimanager.BaseViewManager"", ""method"": ""setOpacity""}"
236896,reflection,Method.invoke,"{""class"": ""com.facebook.react.uimanager.BaseViewManager"", ""method"": ""setTransform""}"
236897,reflection,Method.invoke,"{""class"": ""com.facebook.react.uimanager.BaseViewManager"", ""method"": ""setOpacity""}"
236899,reflection,Method.invoke,"{""class"": ""com.facebook.react.uimanager.BaseViewManager"", ""method"": ""setTransform""}"
236899,reflection,Method.invoke,"{""class"": ""com.facebook.react.uimanager.BaseViewManager"", ""method"": ""setOpacity""}"
236900,reflection,Method.invoke,"{""class"": ""com.facebook.react.uimanager.BaseViewManager"", ""method"": ""setOpacity""}"
236901,reflection,Method.invoke,"{""class"": ""com.facebook.react.uimanager.BaseViewManager"", ""method"": ""setTransform""}"
236902,reflection,Method.invoke,"{""class"": ""com.facebook.react.uimanager.BaseViewManager"", ""method"": ""setOpacity""}"
236903,reflection,Method.invoke,"{""class"": ""com.facebook.react.uimanager.BaseViewManager"", ""method"": ""setTransform""}"
236903,reflection,Method.invoke,"{""class"": ""com.facebook.react.uimanager.BaseViewManager"", ""method"": ""setOpacity""}"
236904,reflection,Method.invoke,"{""class"": ""com.facebook.react.uimanager.BaseViewManager"", ""method"": ""setTransform""}"
236906,reflection,Method.invoke,"{""class"": ""com.facebook.react.uimanager.BaseViewManager"", ""method"": ""setOpacity""}"
236906,reflection,Method.invoke,"{""class"": ""com.facebook.react.uimanager.BaseViewManager"", ""method"": ""setOpacity""}"
236908,reflection,Method.invoke,"{""class"": ""com.facebook.react.uimanager.BaseViewManager"", ""method"": ""setTransform""}"
236908,reflection,Method.invoke,"{""class"": ""com.facebook.react.uimanager.BaseViewManager"", ""method"": ""setOpacity""}"
236922,crypto,MessageDigest.digest,{}
236926,reflection,Method.invoke,"{""class"": ""com.facebook.react.uimanager.BaseViewManager"", ""method"": ""setOpacity""}"
236930,reflection,Method.invoke,"{""class"": ""com.facebook.react.uimanager.BaseViewManager"", ""method"": ""setOpacity""}"
236930,reflection,Method.invoke,"{""class"": ""com.facebook.react.uimanager.BaseViewManager"", ""method"": ""setTransform""}"
236932,reflection,Method.invoke,"{""class"": ""com.facebook.react.uimanager.BaseViewManager"", ""method"": ""setOpacity""}"
236944,reflection,Method.invoke,"{""class"": ""com.facebook.react.uimanager.BaseViewManager"", ""method"": ""setOpacity""}"
236945,reflection,Method.invoke,"{""class"": ""com.facebook.react.uimanager.BaseViewManager"", ""method"": ""setOpacity""}"
236946,reflection,Method.invoke,"{""class"": ""com.facebook.react.uimanager.BaseViewManager"", ""method"": ""setTransform""}"
236947,reflection,Method.invoke,"{""class"": ""com.facebook.react.uimanager.BaseViewManager"", ""method"": ""setOpacity""}"
236959,crypto,MessageDigest.digest,{}
236971,crypto,MessageDigest.digest,{}
236976,crypto,MessageDigest.digest,{}
236981,crypto,MessageDigest.digest,{}
236991,crypto,MessageDigest.digest,{}
236995,crypto,MessageDigest.digest,{}
237000,crypto,MessageDigest.digest,{}
237005,crypto,MessageDigest.digest,{}
237015,crypto,MessageDigest.digest,{}
237021,crypto,MessageDigest.digest,{}
237024,crypto,MessageDigest.digest,{}
237046,reflection,Method.invoke,"{""class"": ""com.facebook.react.uimanager.BaseViewManager"", ""method"": ""setOpacity""}"
237047,reflection,Method.invoke,"{""class"": ""com.facebook.react.uimanager.BaseViewManager"", ""method"": ""setOpacity""}"
237047,reflection,Method.invoke,"{""class"": ""com.facebook.react.uimanager.BaseViewManager"", ""method"": ""setTransform""}"
237048,reflection,Method.invoke,"{""class"": ""com.facebook.react.uimanager.BaseViewManager"", ""method"": ""setOpacity""}"
237066,reflection,Method.invoke,"{""class"": ""expo.modules.image.records.ImageLoadEvent"", ""method"": ""getCacheType""}"
237074,reflection,Method.invoke,"{""class"": ""expo.modules.image.records.ImageLoadEvent"", ""method"": ""getSource""}"
237076,reflection,Method.invoke,"{""class"": ""expo.modules.image.records.ImageSource"", ""method"": ""getHeight""}"
237076,reflection,Method.invoke,"{""class"": ""expo.modules.image.records.ImageSource"", ""method"": ""isAnimated""}"
237077,reflection,Method.invoke,"{""class"": ""expo.modules.image.records.ImageSource"", ""method"": ""getMediaType""}"
237080,reflection,Method.invoke,"{""class"": ""expo.modules.image.records.ImageSource"", ""method"": ""getUrl""}"
237081,reflection,Method.invoke,"{""class"": ""expo.modules.image.records.ImageSource"", ""method"": ""getWidth""}"
237083,reflection,Method.invoke,"{""class"": ""com.facebook.react.uimanager.BaseViewManager"", ""method"": ""setOpacity""}"
237085,reflection,Method.invoke,"{""class"": ""com.facebook.react.uimanager.BaseViewManager"", ""method"": ""setOpacity""}"
237087,reflection,Method.invoke,"{""class"": ""com.facebook.react.uimanager.BaseViewManager"", ""method"": ""setTransform""}"
237088,reflection,Method.invoke,"{""class"": ""com.facebook.react.uimanager.BaseViewManager"", ""method"": ""setOpacity""}"
237095,reflection,Method.invoke,"{""class"": ""expo.modules.image.records.ImageLoadEvent"", ""method"": ""getCacheType""}"
237095,reflection,Method.invoke,"{""class"": ""expo.modules.image.records.ImageLoadEvent"", ""method"": ""getSource""}"
237096,reflection,Method.invoke,"{""class"": ""expo.modules.image.records.ImageSource"", ""method"": ""getHeight""}"
237097,reflection,Method.invoke,"{""class"": ""expo.modules.image.records.ImageSource"", ""method"": ""isAnimated""}"
237098,reflection,Method.invoke,"{""class"": ""expo.modules.image.records.ImageSource"", ""method"": ""getMediaType""}"
237098,reflection,Method.invoke,"{""class"": ""expo.modules.image.records.ImageSource"", ""method"": ""getUrl""}"
237098,reflection,Method.invoke,"{""class"": ""expo.modules.image.records.ImageSource"", ""method"": ""getWidth""}"
237100,reflection,Method.invoke,"{""class"": ""com.facebook.react.uimanager.BaseViewManager"", ""method"": ""setOpacity""}"
237102,reflection,Method.invoke,"{""class"": ""com.facebook.react.uimanager.BaseViewManager"", ""method"": ""setOpacity""}"
237103,reflection,Method.invoke,"{""class"": ""com.facebook.react.uimanager.BaseViewManager"", ""method"": ""setTransform""}"
237103,reflection,Method.invoke,"{""class"": ""com.facebook.react.uimanager.BaseViewManager"", ""method"": ""setOpacity""}"
237124,reflection,Method.invoke,"{""class"": ""com.facebook.react.uimanager.BaseViewManager"", ""method"": ""setOpacity""}"
237126,reflection,Method.invoke,"{""class"": ""com.facebook.react.uimanager.BaseViewManager"", ""method"": ""setOpacity""}"
237127,reflection,Method.invoke,"{""class"": ""com.facebook.react.uimanager.BaseViewManager"", ""method"": ""setTransform""}"
237128,reflection,Method.invoke,"{""class"": ""com.facebook.react.uimanager.BaseViewManager"", ""method"": ""setOpacity""}"
237143,reflection,Method.invoke,"{""class"": ""com.facebook.react.uimanager.BaseViewManager"", ""method"": ""setOpacity""}"
237147,reflection,Method.invoke,"{""class"": ""com.facebook.react.uimanager.BaseViewManager"", ""method"": ""setOpacity""}"
237147,reflection,Method.invoke,"{""class"": ""com.facebook.react.uimanager.BaseViewManager"", ""method"": ""setTransform""}"
237148,reflection,Method.invoke,"{""class"": ""com.facebook.react.uimanager.BaseViewManager"", ""method"": ""setOpacity""}"
237181,reflection,Method.invoke,"{""class"": ""com.facebook.react.uimanager.BaseViewManager"", ""method"": ""setTransform""}"
237182,reflection,Method.invoke,"{""class"": ""com.facebook.react.uimanager.BaseViewManager"", ""method"": ""setOpacity""}"
237184,reflection,Method.invoke,"{""class"": ""com.facebook.react.uimanager.BaseViewManager"", ""method"": ""setOpacity""}"
237185,reflection,Method.invoke,"{""class"": ""com.facebook.react.uimanager.BaseViewManager"", ""method"": ""setOpacity""}"
237186,reflection,Method.invoke,"{""class"": ""com.facebook.react.uimanager.BaseViewManager"", ""method"": ""setOpacity""}"
237187,reflection,Method.invoke,"{""class"": ""com.facebook.react.uimanager.BaseViewManager"", ""method"": ""setTransform""}"
237189,reflection,Method.invoke,"{""class"": ""com.facebook.react.uimanager.BaseViewManager"", ""method"": ""setTransform""}"
237190,reflection,Method.invoke,"{""class"": ""com.facebook.react.uimanager.BaseViewManager"", ""method"": ""setOpacity""}"
237198,reflection,Method.invoke,"{""class"": ""com.facebook.react.uimanager.BaseViewManager"", ""method"": ""setTransform""}"
237198,reflection,Method.invoke,"{""class"": ""com.facebook.react.uimanager.BaseViewManager"", ""method"": ""setOpacity""}"
237199,reflection,Method.invoke,"{""class"": ""com.facebook.react.uimanager.BaseViewManager"", ""method"": ""setOpacity""}"
237200,reflection,Method.invoke,"{""class"": ""com.facebook.react.uimanager.BaseViewManager"", ""method"": ""setTransform""}"
237215,reflection,Method.invoke,"{""class"": ""com.facebook.react.uimanager.BaseViewManager"", ""method"": ""setTransform""}"
237215,reflection,Method.invoke,"{""class"": ""com.facebook.react.uimanager.BaseViewManager"", ""method"": ""setOpacity""}"
291508,lifecycle,hook_loaded,"{""stage"": ""java_perform"", ""version"": ""3""}"
301402,reflection,Method.invoke,"{""class"": ""com.facebook.react.uimanager.H0$a"", ""method"": ""values""}"
301440,reflection,Method.invoke,"{""class"": ""com.facebook.react.uimanager.BaseViewManager"", ""method"": ""setOpacity""}"
301458,reflection,Method.invoke,"{""class"": ""com.facebook.react.uimanager.BaseViewManager"", ""method"": ""setOpacity""}"
301476,reflection,Method.invoke,"{""class"": ""com.facebook.react.uimanager.BaseViewManager"", ""method"": ""setOpacity""}"
301500,reflection,Method.invoke,"{""class"": ""com.facebook.react.uimanager.BaseViewManager"", ""method"": ""setTransform""}"
301507,reflection,Method.invoke,"{""class"": ""com.facebook.react.uimanager.BaseViewManager"", ""method"": ""setOpacity""}"
301515,reflection,Method.invoke,"{""class"": ""com.facebook.react.uimanager.BaseViewManager"", ""method"": ""setOpacity""}"
301522,reflection,Method.invoke,"{""class"": ""com.facebook.react.uimanager.BaseViewManager"", ""method"": ""setTransform""}"
301529,reflection,Method.invoke,"{""class"": ""com.facebook.react.uimanager.BaseViewManager"", ""method"": ""setOpacity""}"
301537,reflection,Method.invoke,"{""class"": ""com.facebook.react.uimanager.BaseViewManager"", ""method"": ""setOpacity""}"
301545,reflection,Method.invoke,"{""class"": ""com.facebook.react.uimanager.BaseViewManager"", ""method"": ""setTransform""}"
301552,reflection,Method.invoke,"{""class"": ""com.facebook.react.uimanager.BaseViewManager"", ""method"": ""setOpacity""}"
301560,reflection,Method.invoke,"{""class"": ""com.facebook.react.uimanager.BaseViewManager"", ""method"": ""setTransform""}"
301567,reflection,Method.invoke,"{""class"": ""com.facebook.react.uimanager.BaseViewManager"", ""method"": ""setOpacity""}"
301589,reflection,Method.invoke,"{""class"": ""com.facebook.react.uimanager.BaseViewManager"", ""method"": ""setOpacity""}"
301610,reflection,Method.invoke,"{""class"": ""com.facebook.react.uimanager.BaseViewManager"", ""method"": ""setOpacity""}"
301620,reflection,Method.invoke,"{""class"": ""com.facebook.react.uimanager.BaseViewManager"", ""method"": ""setTransform""}"
301633,reflection,Method.invoke,"{""class"": ""com.facebook.react.uimanager.BaseViewManager"", ""method"": ""setOpacity""}"
301640,reflection,Method.invoke,"{""class"": ""com.facebook.react.uimanager.BaseViewManager"", ""method"": ""setTransform""}"
301648,reflection,Method.invoke,"{""class"": ""com.facebook.react.uimanager.BaseViewManager"", ""method"": ""setOpacity""}"
301667,reflection,Method.invoke,"{""class"": ""com.facebook.react.uimanager.BaseViewManager"", ""method"": ""setOpacity""}"
301675,reflection,Method.invoke,"{""class"": ""com.facebook.react.uimanager.BaseViewManager"", ""method"": ""setTransform""}"
301683,reflection,Method.invoke,"{""class"": ""com.facebook.react.uimanager.BaseViewManager"", ""method"": ""setOpacity""}"
301691,reflection,Method.invoke,"{""class"": ""com.facebook.react.uimanager.BaseViewManager"", ""method"": ""setTransform""}"
301698,reflection,Method.invoke,"{""class"": ""com.facebook.react.uimanager.BaseViewManager"", ""method"": ""setOpacity""}"
301714,reflection,Method.invoke,"{""class"": ""com.facebook.react.uimanager.BaseViewManager"", ""method"": ""setOpacity""}"
301723,reflection,Method.invoke,"{""class"": ""com.facebook.react.uimanager.BaseViewManager"", ""method"": ""setTransform""}"
301739,reflection,Method.invoke,"{""class"": ""com.facebook.react.uimanager.BaseViewManager"", ""method"": ""setOpacity""}"
301746,reflection,Method.invoke,"{""class"": ""com.facebook.react.uimanager.BaseViewManager"", ""method"": ""setTransform""}"
301755,reflection,Method.invoke,"{""class"": ""com.facebook.react.uimanager.BaseViewManager"", ""method"": ""setOpacity""}"
301770,reflection,Method.invoke,"{""class"": ""com.facebook.react.uimanager.BaseViewManager"", ""method"": ""setOpacity""}"
301783,reflection,Method.invoke,"{""class"": ""com.facebook.react.uimanager.BaseViewManager"", ""method"": ""setTransform""}"
301793,reflection,Method.invoke,"{""class"": ""com.facebook.react.uimanager.BaseViewManager"", ""method"": ""setOpacity""}"
301801,reflection,Method.invoke,"{""class"": ""com.facebook.react.uimanager.BaseViewManager"", ""method"": ""setTransform""}"
301819,reflection,Method.invoke,"{""class"": ""com.facebook.react.uimanager.BaseViewManager"", ""method"": ""setOpacity""}"
301826,reflection,Method.invoke,"{""class"": ""com.facebook.react.uimanager.BaseViewManager"", ""method"": ""setTransform""}"
301833,reflection,Method.invoke,"{""class"": ""com.facebook.react.uimanager.BaseViewManager"", ""method"": ""setOpacity""}"
301846,reflection,Method.invoke,"{""class"": ""com.facebook.react.uimanager.BaseViewManager"", ""method"": ""setTransform""}"
301854,reflection,Method.invoke,"{""class"": ""com.facebook.react.uimanager.BaseViewManager"", ""method"": ""setTransform""}"
301861,reflection,Method.invoke,"{""class"": ""com.facebook.react.uimanager.BaseViewManager"", ""method"": ""setOpacity""}"
301874,reflection,Method.invoke,"{""class"": ""com.facebook.react.uimanager.BaseViewManager"", ""method"": ""setTransform""}"
301881,reflection,Method.invoke,"{""class"": ""com.facebook.react.uimanager.BaseViewManager"", ""method"": ""setOpacity""}"
301890,reflection,Method.invoke,"{""class"": ""com.facebook.react.uimanager.BaseViewManager"", ""method"": ""setOpacity""}"
312308,reflection,Method.invoke,"{""class"": ""com.facebook.react.uimanager.BaseViewManager"", ""method"": ""setOpacity""}"
312348,reflection,Method.invoke,"{""class"": ""com.facebook.react.uimanager.BaseViewManager"", ""method"": ""setTransform""}"
312360,reflection,Method.invoke,"{""class"": ""com.facebook.react.uimanager.BaseViewManager"", ""method"": ""setOpacity""}"
312377,reflection,Method.invoke,"{""class"": ""com.facebook.react.uimanager.BaseViewManager"", ""method"": ""setOpacity""}"
312378,reflection,Method.invoke,"{""class"": ""android.os.SystemProperties"", ""method"": ""get""}"
312399,reflection,Method.invoke,"{""class"": ""com.facebook.react.uimanager.BaseViewManager"", ""method"": ""setTransform""}"
312403,reflection,Method.invoke,"{""class"": ""android.os.SystemProperties"", ""method"": ""get""}"
312422,reflection,Method.invoke,"{""class"": ""com.facebook.react.uimanager.BaseViewManager"", ""method"": ""setOpacity""}"
312437,reflection,Method.invoke,"{""class"": ""android.os.SystemProperties"", ""method"": ""get""}"
312450,reflection,Method.invoke,"{""class"": ""android.os.SystemProperties"", ""method"": ""get""}"
312453,reflection,Method.invoke,"{""class"": ""com.facebook.react.uimanager.BaseViewManager"", ""method"": ""setOpacity""}"
312478,reflection,Method.invoke,"{""class"": ""com.facebook.react.uimanager.BaseViewManager"", ""method"": ""setBackgroundColor""}"
312490,reflection,Method.invoke,"{""class"": ""com.facebook.react.views.view.ReactViewManager"", ""method"": ""setBorderRadius""}"
312500,reflection,Method.invoke,"{""class"": ""com.facebook.react.uimanager.BaseViewManager"", ""method"": ""setElevation""}"
312509,reflection,Method.invoke,"{""class"": ""com.facebook.react.views.text.ReactTextAnchorViewManager"", ""method"": ""setAccessible$ReactAndroid_release""}"
312519,reflection,Method.invoke,"{""class"": ""com.facebook.react.views.text.ReactTextAnchorViewManager"", ""method"": ""setFontSize$ReactAndroid_release""}"
312528,reflection,Method.invoke,"{""class"": ""com.facebook.react.views.text.ReactTextAnchorViewManager"", ""method"": ""setEllipsizeMode$ReactAndroid_release""}"
312535,reflection,Method.invoke,"{""class"": ""com.facebook.react.views.view.ReactViewManager"", ""method"": ""setAccessible""}"
312542,reflection,Method.invoke,"{""class"": ""com.facebook.react.uimanager.BaseViewManager"", ""method"": ""setOpacity""}"
312554,reflection,Method.invoke,"{""class"": ""com.facebook.react.views.view.ReactViewManager"", ""method"": ""setCollapsable""}"
312562,reflection,Method.invoke,"{""class"": ""com.facebook.react.uimanager.BaseViewManager"", ""method"": ""setAccessibilityValue""}"
312569,reflection,Method.invoke,"{""class"": ""com.facebook.react.uimanager.BaseViewManager"", ""method"": ""setViewState""}"
312577,reflection,Method.invoke,"{""class"": ""com.facebook.react.uimanager.BaseViewManager"", ""method"": ""setStartShouldSetResponder""}"
312584,reflection,Method.invoke,"{""class"": ""com.facebook.react.uimanager.BaseViewManager"", ""method"": ""setResponderGrant""}"
312592,reflection,Method.invoke,"{""class"": ""com.facebook.react.uimanager.BaseViewManager"", ""method"": ""setClick""}"
312600,reflection,Method.invoke,"{""class"": ""com.facebook.react.views.view.ReactViewManager"", ""method"": ""setFocusable""}"
312613,reflection,Method.invoke,"{""class"": ""com.facebook.react.uimanager.BaseViewManager"", ""method"": ""setResponderTerminate""}"
312621,reflection,Method.invoke,"{""class"": ""com.facebook.react.uimanager.BaseViewManager"", ""method"": ""setResponderMove""}"
312631,reflection,Method.invoke,"{""class"": ""com.facebook.react.uimanager.BaseViewManager"", ""method"": ""setResponderRelease""}"
312639,reflection,Method.invoke,"{""class"": ""com.facebook.react.uimanager.BaseViewManager"", ""method"": ""setResponderTerminationRequest""}"
312646,reflection,Method.invoke,"{""class"": ""com.facebook.react.uimanager.BaseViewManager"", ""method"": ""setBackgroundColor""}"
312653,reflection,Method.invoke,"{""class"": ""com.facebook.react.uimanager.BaseViewManager"", ""method"": ""setBackgroundColor""}"
312661,reflection,Method.invoke,"{""class"": ""com.facebook.react.views.view.ReactViewManager"", ""method"": ""setBorderRadius""}"
312669,reflection,Method.invoke,"{""class"": ""com.facebook.react.uimanager.BaseViewManager"", ""method"": ""setElevation""}"
312675,reflection,Method.invoke,"{""class"": ""com.facebook.react.views.text.ReactTextAnchorViewManager"", ""method"": ""setAccessible$ReactAndroid_release""}"
312685,reflection,Method.invoke,"{""class"": ""com.facebook.react.views.text.ReactTextAnchorViewManager"", ""method"": ""setFontSize$ReactAndroid_release""}"
312696,reflection,Method.invoke,"{""class"": ""com.facebook.react.views.text.ReactTextAnchorViewManager"", ""method"": ""setEllipsizeMode$ReactAndroid_release""}"
312702,reflection,Method.invoke,"{""class"": ""com.facebook.react.views.view.ReactViewManager"", ""method"": ""setAccessible""}"
312710,reflection,Method.invoke,"{""class"": ""com.facebook.react.uimanager.BaseViewManager"", ""method"": ""setOpacity""}"
312717,reflection,Method.invoke,"{""class"": ""com.facebook.react.views.view.ReactViewManager"", ""method"": ""setCollapsable""}"
312725,reflection,Method.invoke,"{""class"": ""com.facebook.react.uimanager.BaseViewManager"", ""method"": ""setAccessibilityValue""}"
312732,reflection,Method.invoke,"{""class"": ""com.facebook.react.uimanager.BaseViewManager"", ""method"": ""setViewState""}"
312740,reflection,Method.invoke,"{""class"": ""com.facebook.react.uimanager.BaseViewManager"", ""method"": ""setStartShouldSetResponder""}"
312746,reflection,Method.invoke,"{""class"": ""com.facebook.react.uimanager.BaseViewManager"", ""method"": ""setResponderGrant""}"
312754,reflection,Method.invoke,"{""class"": ""com.facebook.react.uimanager.BaseViewManager"", ""method"": ""setClick""}"
312760,reflection,Method.invoke,"{""class"": ""com.facebook.react.views.view.ReactViewManager"", ""method"": ""setFocusable""}"
312766,reflection,Method.invoke,"{""class"": ""com.facebook.react.uimanager.BaseViewManager"", ""method"": ""setResponderTerminate""}"
312778,reflection,Method.invoke,"{""class"": ""com.facebook.react.uimanager.BaseViewManager"", ""method"": ""setResponderMove""}"
312785,reflection,Method.invoke,"{""class"": ""com.facebook.react.uimanager.BaseViewManager"", ""method"": ""setResponderRelease""}"
312792,reflection,Method.invoke,"{""class"": ""com.facebook.react.uimanager.BaseViewManager"", ""method"": ""setResponderTerminationRequest""}"
312798,reflection,Method.invoke,"{""class"": ""com.facebook.react.uimanager.BaseViewManager"", ""method"": ""setBackgroundColor""}"
312806,reflection,Method.invoke,"{""class"": ""com.facebook.react.uimanager.BaseViewManager"", ""method"": ""setOpacity""}"
312812,reflection,Method.invoke,"{""class"": ""com.facebook.react.uimanager.BaseViewManager"", ""method"": ""setTransform""}"
312819,reflection,Method.invoke,"{""class"": ""com.facebook.react.uimanager.BaseViewManager"", ""method"": ""setOpacity""}"
312825,reflection,Method.invoke,"{""class"": ""com.facebook.react.uimanager.BaseViewManager"", ""method"": ""setTransform""}"
312834,reflection,Method.invoke,"{""class"": ""com.facebook.react.uimanager.BaseViewManager"", ""method"": ""setOpacity""}"
312851,reflection,Method.invoke,"{""class"": ""com.facebook.react.uimanager.BaseViewManager"", ""method"": ""setTransform""}"
312860,reflection,Method.invoke,"{""class"": ""com.facebook.react.uimanager.BaseViewManager"", ""method"": ""setOpacity""}"
312878,reflection,Method.invoke,"{""class"": ""com.facebook.react.uimanager.BaseViewManager"", ""method"": ""setTransform""}"
312889,reflection,Method.invoke,"{""class"": ""com.facebook.react.uimanager.BaseViewManager"", ""method"": ""setOpacity""}"
312898,reflection,Method.invoke,"{""class"": ""com.facebook.react.uimanager.BaseViewManager"", ""method"": ""setTransform""}"
312905,reflection,Method.invoke,"{""class"": ""com.facebook.react.uimanager.BaseViewManager"", ""method"": ""setOpacity""}"
312913,reflection,Method.invoke,"{""class"": ""com.facebook.react.uimanager.BaseViewManager"", ""method"": ""setOpacity""}"
312922,reflection,Method.invoke,"{""class"": ""com.facebook.react.uimanager.BaseViewManager"", ""method"": ""setTransform""}"
312932,reflection,Method.invoke,"{""class"": ""com.facebook.react.uimanager.BaseViewManager"", ""method"": ""setOpacity""}"
312938,crypto,MessageDigest.digest,{}
312942,crypto,MessageDigest.digest,{}
312951,crypto,MessageDigest.digest,{}
312956,crypto,MessageDigest.digest,{}
312960,crypto,MessageDigest.digest,{}
312963,reflection,Method.invoke,"{""class"": ""com.facebook.react.uimanager.BaseViewManager"", ""method"": ""setTransform""}"
312966,crypto,MessageDigest.digest,{}
312969,crypto,MessageDigest.digest,{}
312984,reflection,Method.invoke,"{""class"": ""com.facebook.react.uimanager.BaseViewManager"", ""method"": ""setOpacity""}"
312990,network,Socket.connect,"{""endpoint"": ""api.ladefuchs.app/157.90.239.91:443""}"
312997,reflection,Method.invoke,"{""class"": ""com.facebook.react.uimanager.BaseViewManager"", ""method"": ""setTransform""}"
313004,reflection,Method.invoke,"{""class"": ""com.facebook.react.uimanager.BaseViewManager"", ""method"": ""setOpacity""}"
313037,reflection,Method.invoke,"{""class"": ""com.facebook.react.uimanager.BaseViewManager"", ""method"": ""setOpacity""}"
313049,reflection,Method.invoke,"{""class"": ""com.facebook.react.uimanager.BaseViewManager"", ""method"": ""setTransform""}"
313055,crypto,MessageDigest.getInstance,"{""algorithm"": ""MD5""}"
313055,crypto,MessageDigest.digest,{}
313056,crypto,MessageDigest.getInstance,"{""algorithm"": ""SHA1""}"
313056,crypto,MessageDigest.digest,{}
313056,crypto,MessageDigest.getInstance,"{""algorithm"": ""MD5""}"
313056,crypto,MessageDigest.digest,{}
313056,crypto,MessageDigest.getInstance,"{""algorithm"": ""SHA1""}"
313056,crypto,MessageDigest.digest,{}
313056,crypto,MessageDigest.getInstance,"{""algorithm"": ""MD5""}"
313056,crypto,MessageDigest.digest,{}
313057,crypto,MessageDigest.getInstance,"{""algorithm"": ""SHA1""}"
313057,crypto,MessageDigest.digest,{}
313057,crypto,MessageDigest.getInstance,"{""algorithm"": ""MD5""}"
313057,crypto,MessageDigest.digest,{}
313057,crypto,MessageDigest.getInstance,"{""algorithm"": ""SHA1""}"
313057,crypto,MessageDigest.digest,{}
313057,crypto,MessageDigest.getInstance,"{""algorithm"": ""SHA1""}"
313057,crypto,MessageDigest.digest,{}
313057,crypto,MessageDigest.getInstance,"{""algorithm"": ""SHA1""}"
313058,crypto,MessageDigest.digest,{}
313058,crypto,MessageDigest.getInstance,"{""algorithm"": ""SHA1""}"
313058,crypto,MessageDigest.digest,{}
313058,crypto,MessageDigest.getInstance,"{""algorithm"": ""SHA1""}"
313058,crypto,MessageDigest.digest,{}
313058,crypto,MessageDigest.getInstance,"{""algorithm"": ""SHA1""}"
313058,crypto,MessageDigest.digest,{}
313058,crypto,MessageDigest.getInstance,"{""algorithm"": ""SHA1""}"
313058,crypto,MessageDigest.digest,{}
313086,reflection,Method.invoke,"{""class"": ""com.facebook.react.uimanager.BaseViewManager"", ""method"": ""setOpacity""}"
313102,reflection,Method.invoke,"{""class"": ""com.facebook.react.uimanager.BaseViewManager"", ""method"": ""setTransform""}"
313111,reflection,Method.invoke,"{""class"": ""kotlin.Metadata"", ""method"": ""bv""}"
313124,reflection,Method.invoke,"{""class"": ""kotlin.Metadata"", ""method"": ""d1""}"
313134,reflection,Method.invoke,"{""class"": ""expo.modules.image.records.ImageLoadEvent"", ""method"": ""getCacheType""}"
313142,reflection,Method.invoke,"{""class"": ""kotlin.Metadata"", ""method"": ""d2""}"
313151,reflection,Method.invoke,"{""class"": ""expo.modules.image.records.ImageLoadEvent"", ""method"": ""getSource""}"
313162,reflection,Method.invoke,"{""class"": ""kotlin.Metadata"", ""method"": ""k""}"
313174,reflection,Method.invoke,"{""class"": ""expo.modules.image.records.ImageSource"", ""method"": ""getHeight""}"
313181,reflection,Method.invoke,"{""class"": ""kotlin.Metadata"", ""method"": ""mv""}"
313193,reflection,Method.invoke,"{""class"": ""expo.modules.image.records.ImageSource"", ""method"": ""isAnimated""}"
313201,reflection,Method.invoke,"{""class"": ""kotlin.Metadata"", ""method"": ""pn""}"
313212,reflection,Method.invoke,"{""class"": ""expo.modules.image.records.ImageSource"", ""method"": ""getMediaType""}"
313217,reflection,Method.invoke,"{""class"": ""kotlin.Metadata"", ""method"": ""xi""}"
313233,reflection,Method.invoke,"{""class"": ""kotlin.Metadata"", ""method"": ""xs""}"
313236,reflection,Method.invoke,"{""class"": ""expo.modules.image.records.ImageSource"", ""method"": ""getUrl""}"
313249,reflection,Method.invoke,"{""class"": ""expo.modules.image.records.ImageSource"", ""method"": ""getWidth""}"
313257,reflection,Method.invoke,"{""class"": ""X5.b"", ""method"": ""key""}"
313270,reflection,Method.invoke,"{""class"": ""X5.b"", ""method"": ""key""}"
313282,reflection,Method.invoke,"{""class"": ""expo.modules.image.records.ImageProgressEvent"", ""method"": ""getLoaded""}"
313294,reflection,Method.invoke,"{""class"": ""com.facebook.react.uimanager.BaseViewManager"", ""method"": ""setTransform""}"
313298,reflection,Method.invoke,"{""class"": ""expo.modules.image.records.ImageProgressEvent"", ""method"": ""getTotal""}"
313310,reflection,Method.invoke,"{""class"": ""com.facebook.react.uimanager.BaseViewManager"", ""method"": ""setOpacity""}"
313318,reflection,Method.invoke,"{""class"": ""com.facebook.react.uimanager.BaseViewManager"", ""method"": ""setTransform""}"
313326,reflection,Method.invoke,"{""class"": ""com.facebook.react.uimanager.BaseViewManager"", ""method"": ""setOpacity""}"
313333,reflection,Method.invoke,"{""class"": ""com.facebook.react.uimanager.BaseViewManager"", ""method"": ""setBackgroundColor""}"
313341,reflection,Method.invoke,"{""class"": ""com.facebook.react.uimanager.BaseViewManager"", ""method"": ""setOpacity""}"
313350,reflection,Method.invoke,"{""class"": ""com.facebook.react.uimanager.BaseViewManager"", ""method"": ""setTransform""}"
313366,reflection,Method.invoke,"{""class"": ""com.facebook.react.uimanager.BaseViewManager"", ""method"": ""setOpacity""}"
313374,reflection,Method.invoke,"{""class"": ""com.facebook.react.uimanager.BaseViewManager"", ""method"": ""setOpacity""}"
313381,reflection,Method.invoke,"{""class"": ""com.facebook.react.uimanager.BaseViewManager"", ""method"": ""setTransform""}"
313397,reflection,Method.invoke,"{""class"": ""expo.modules.image.records.ImageProgressEvent"", ""method"": ""getLoaded""}"
313409,reflection,Method.invoke,"{""class"": ""expo.modules.image.records.ImageLoadEvent"", ""method"": ""getCacheType""}"
313420,reflection,Method.invoke,"{""class"": ""expo.modules.image.records.ImageProgressEvent"", ""method"": ""getTotal""}"
313429,reflection,Method.invoke,"{""class"": ""expo.modules.image.records.ImageLoadEvent"", ""method"": ""getSource""}"
313441,reflection,Method.invoke,"{""class"": ""expo.modules.image.records.ImageProgressEvent"", ""method"": ""getLoaded""}"
313452,reflection,Method.invoke,"{""class"": ""expo.modules.image.records.ImageSource"", ""method"": ""getHeight""}"
313461,reflection,Method.invoke,"{""class"": ""expo.modules.image.records.ImageProgressEvent"", ""method"": ""getTotal""}"
313469,reflection,Method.invoke,"{""class"": ""expo.modules.image.records.ImageSource"", ""method"": ""isAnimated""}"
313476,reflection,Method.invoke,"{""class"": ""expo.modules.image.records.ImageSource"", ""method"": ""getMediaType""}"
313484,reflection,Method.invoke,"{""class"": ""expo.modules.image.records.ImageSource"", ""method"": ""getUrl""}"
313491,reflection,Method.invoke,"{""class"": ""expo.modules.image.records.ImageSource"", ""method"": ""getWidth""}"
313508,reflection,Method.invoke,"{""class"": ""expo.modules.image.records.ImageLoadEvent"", ""method"": ""getCacheType""}"
313520,reflection,Method.invoke,"{""class"": ""expo.modules.image.records.ImageLoadEvent"", ""method"": ""getSource""}"
313527,reflection,Method.invoke,"{""class"": ""expo.modules.image.records.ImageSource"", ""method"": ""getHeight""}"
313534,reflection,Method.invoke,"{""class"": ""expo.modules.image.records.ImageSource"", ""method"": ""isAnimated""}"
313543,reflection,Method.invoke,"{""class"": ""expo.modules.image.records.ImageSource"", ""method"": ""getMediaType""}"
313548,reflection,Method.invoke,"{""class"": ""expo.modules.image.records.ImageSource"", ""method"": ""getUrl""}"
313556,reflection,Method.invoke,"{""class"": ""expo.modules.image.records.ImageSource"", ""method"": ""getWidth""}"
313563,reflection,Method.invoke,"{""class"": ""expo.modules.image.records.ImageLoadEvent"", ""method"": ""getCacheType""}"
313570,reflection,Method.invoke,"{""class"": ""expo.modules.image.records.ImageLoadEvent"", ""method"": ""getSource""}"
313576,reflection,Method.invoke,"{""class"": ""expo.modules.image.records.ImageSource"", ""method"": ""getHeight""}"
313583,reflection,Method.invoke,"{""class"": ""expo.modules.image.records.ImageSource"", ""method"": ""isAnimated""}"
313591,reflection,Method.invoke,"{""class"": ""expo.modules.image.records.ImageSource"", ""method"": ""getMediaType""}"
313596,reflection,Method.invoke,"{""class"": ""expo.modules.image.records.ImageSource"", ""method"": ""getUrl""}"
313603,reflection,Method.invoke,"{""class"": ""expo.modules.image.records.ImageSource"", ""method"": ""getWidth""}"
324121,reflection,Method.invoke,"{""class"": ""com.facebook.react.uimanager.BaseViewManager"", ""method"": ""setOpacity""}"
324158,reflection,Method.invoke,"{""class"": ""com.facebook.react.uimanager.BaseViewManager"", ""method"": ""setTransform""}"
324163,reflection,Method.invoke,"{""class"": ""com.facebook.react.uimanager.BaseViewManager"", ""method"": ""setOpacity""}"
324169,reflection,Method.invoke,"{""class"": ""com.facebook.react.uimanager.BaseViewManager"", ""method"": ""setTransform""}"
324174,reflection,Method.invoke,"{""class"": ""com.facebook.react.uimanager.BaseViewManager"", ""method"": ""setOpacity""}"
324180,reflection,Method.invoke,"{""class"": ""com.facebook.react.uimanager.BaseViewManager"", ""method"": ""setOpacity""}"
324185,reflection,Method.invoke,"{""class"": ""com.facebook.react.uimanager.BaseViewManager"", ""method"": ""setOpacity""}"
324198,reflection,Method.invoke,"{""class"": ""com.facebook.react.uimanager.BaseViewManager"", ""method"": ""setOpacity""}"
324207,reflection,Method.invoke,"{""class"": ""com.facebook.react.uimanager.BaseViewManager"", ""method"": ""setOpacity""}"
324213,reflection,Method.invoke,"{""class"": ""com.facebook.react.uimanager.BaseViewManager"", ""method"": ""setTransform""}"
324222,reflection,Method.invoke,"{""class"": ""com.facebook.react.uimanager.BaseViewManager"", ""method"": ""setOpacity""}"
324228,reflection,Method.invoke,"{""class"": ""com.facebook.react.uimanager.BaseViewManager"", ""method"": ""setTransform""}"
324236,reflection,Method.invoke,"{""class"": ""com.facebook.react.uimanager.BaseViewManager"", ""method"": ""setOpacity""}"
324254,reflection,Method.invoke,"{""class"": ""com.facebook.react.uimanager.BaseViewManager"", ""method"": ""setOpacity""}"
324260,reflection,Method.invoke,"{""class"": ""com.facebook.react.uimanager.BaseViewManager"", ""method"": ""setTransform""}"
324268,reflection,Method.invoke,"{""class"": ""com.facebook.react.uimanager.BaseViewManager"", ""method"": ""setOpacity""}"
324273,reflection,Method.invoke,"{""class"": ""com.facebook.react.uimanager.BaseViewManager"", ""method"": ""setTransform""}"
324279,reflection,Method.invoke,"{""class"": ""com.facebook.react.uimanager.BaseViewManager"", ""method"": ""setOpacity""}"
324291,reflection,Method.invoke,"{""class"": ""com.facebook.react.uimanager.BaseViewManager"", ""method"": ""setOpacity""}"
324323,reflection,Method.invoke,"{""class"": ""com.facebook.react.uimanager.BaseViewManager"", ""method"": ""setOpacity""}"
324329,reflection,Method.invoke,"{""class"": ""com.facebook.react.uimanager.BaseViewManager"", ""method"": ""setTransform""}"
324336,reflection,Method.invoke,"{""class"": ""com.facebook.react.uimanager.BaseViewManager"", ""method"": ""setOpacity""}"
324342,reflection,Method.invoke,"{""class"": ""com.facebook.react.uimanager.BaseViewManager"", ""method"": ""setTransform""}"
324347,reflection,Method.invoke,"{""class"": ""com.facebook.react.uimanager.BaseViewManager"", ""method"": ""setOpacity""}"
324359,reflection,Method.invoke,"{""class"": ""com.facebook.react.uimanager.BaseViewManager"", ""method"": ""setTransform""}"
324365,reflection,Method.invoke,"{""class"": ""com.facebook.react.uimanager.BaseViewManager"", ""method"": ""setOpacity""}"
324371,reflection,Method.invoke,"{""class"": ""com.facebook.react.uimanager.BaseViewManager"", ""method"": ""setTransform""}"
324377,reflection,Method.invoke,"{""class"": ""com.facebook.react.uimanager.BaseViewManager"", ""method"": ""setOpacity""}"
324382,reflection,Method.invoke,"{""class"": ""com.facebook.react.uimanager.BaseViewManager"", ""method"": ""setBackgroundColor""}"
324388,reflection,Method.invoke,"{""class"": ""com.facebook.react.uimanager.BaseViewManager"", ""method"": ""setTransform""}"
324393,reflection,Method.invoke,"{""class"": ""com.facebook.react.uimanager.BaseViewManager"", ""method"": ""setOpacity""}"
324399,reflection,Method.invoke,"{""class"": ""com.facebook.react.uimanager.BaseViewManager"", ""method"": ""setOpacity""}"
324404,reflection,Method.invoke,"{""class"": ""com.facebook.react.uimanager.BaseViewManager"", ""method"": ""setTransform""}"
324411,reflection,Method.invoke,"{""class"": ""com.facebook.react.uimanager.BaseViewManager"", ""method"": ""setOpacity""}"
324416,reflection,Method.invoke,"{""class"": ""com.facebook.react.uimanager.BaseViewManager"", ""method"": ""setTransform""}"
324421,reflection,Method.invoke,"{""class"": ""com.facebook.react.uimanager.BaseViewManager"", ""method"": ""setOpacity""}"
324427,reflection,Method.invoke,"{""class"": ""com.facebook.react.uimanager.BaseViewManager"", ""method"": ""setTransform""}"
324434,reflection,Method.invoke,"{""class"": ""com.facebook.react.uimanager.BaseViewManager"", ""method"": ""setOpacity""}"
324447,reflection,Method.invoke,"{""class"": ""com.facebook.react.uimanager.BaseViewManager"", ""method"": ""setOpacity""}"
324463,reflection,Method.invoke,"{""class"": ""expo.modules.image.records.ImageLoadEvent"", ""method"": ""getCacheType""}"
324472,reflection,Method.invoke,"{""class"": ""expo.modules.image.records.ImageLoadEvent"", ""method"": ""getSource""}"
324478,reflection,Method.invoke,"{""class"": ""expo.modules.image.records.ImageSource"", ""method"": ""getHeight""}"
324483,reflection,Method.invoke,"{""class"": ""expo.modules.image.records.ImageSource"", ""method"": ""isAnimated""}"
324489,reflection,Method.invoke,"{""class"": ""expo.modules.image.records.ImageSource"", ""method"": ""getMediaType""}"
324493,reflection,Method.invoke,"{""class"": ""expo.modules.image.records.ImageSource"", ""method"": ""getUrl""}"
324499,reflection,Method.invoke,"{""class"": ""expo.modules.image.records.ImageSource"", ""method"": ""getWidth""}"
324506,reflection,Method.invoke,"{""class"": ""com.facebook.react.uimanager.BaseViewManager"", ""method"": ""setOpacity""}"
324512,reflection,Method.invoke,"{""class"": ""com.facebook.react.uimanager.BaseViewManager"", ""method"": ""setTransform""}"
324517,reflection,Method.invoke,"{""class"": ""com.facebook.react.uimanager.BaseViewManager"", ""method"": ""setOpacity""}"
324523,reflection,Method.invoke,"{""class"": ""com.facebook.react.uimanager.BaseViewManager"", ""method"": ""setTransform""}"
324528,reflection,Method.invoke,"{""class"": ""com.facebook.react.uimanager.BaseViewManager"", ""method"": ""setTransform""}"
324534,reflection,Method.invoke,"{""class"": ""com.facebook.react.uimanager.BaseViewManager"", ""method"": ""setOpacity""}"
324539,reflection,Method.invoke,"{""class"": ""com.facebook.react.uimanager.BaseViewManager"", ""method"": ""setTransform""}"
324544,reflection,Method.invoke,"{""class"": ""com.facebook.react.uimanager.BaseViewManager"", ""method"": ""setOpacity""}"
324549,reflection,Method.invoke,"{""class"": ""com.facebook.react.uimanager.BaseViewManager"", ""method"": ""setTransform""}"
324555,reflection,Method.invoke,"{""class"": ""com.facebook.react.uimanager.BaseViewManager"", ""method"": ""setOpacity""}"
324560,reflection,Method.invoke,"{""class"": ""com.facebook.react.uimanager.BaseViewManager"", ""method"": ""setOpacity""}"
324566,reflection,Method.invoke,"{""class"": ""com.facebook.react.uimanager.BaseViewManager"", ""method"": ""setTransform""}"
324571,reflection,Method.invoke,"{""class"": ""com.facebook.react.uimanager.BaseViewManager"", ""method"": ""setOpacity""}"
324582,reflection,Method.invoke,"{""class"": ""com.facebook.react.uimanager.BaseViewManager"", ""method"": ""setTransform""}"
324588,reflection,Method.invoke,"{""class"": ""com.facebook.react.uimanager.BaseViewManager"", ""method"": ""setOpacity""}"
324593,reflection,Method.invoke,"{""class"": ""com.facebook.react.uimanager.BaseViewManager"", ""method"": ""setTransform""}"
324598,reflection,Method.invoke,"{""class"": ""com.facebook.react.uimanager.BaseViewManager"", ""method"": ""setTransform""}"
324603,reflection,Method.invoke,"{""class"": ""com.facebook.react.uimanager.BaseViewManager"", ""method"": ""setOpacity""}"
324608,reflection,Method.invoke,"{""class"": ""com.facebook.react.uimanager.BaseViewManager"", ""method"": ""setTransform""}"
324620,reflection,Method.invoke,"{""class"": ""com.facebook.react.uimanager.BaseViewManager"", ""method"": ""setOpacity""}"
324625,reflection,Method.invoke,"{""class"": ""com.facebook.react.uimanager.BaseViewManager"", ""method"": ""setOpacity""}"
334926,reflection,Method.invoke,"{""class"": ""com.facebook.react.uimanager.BaseViewManager"", ""method"": ""setOpacity""}"
334962,reflection,Method.invoke,"{""class"": ""com.facebook.react.uimanager.BaseViewManager"", ""method"": ""setTransform""}"
334974,reflection,Method.invoke,"{""class"": ""com.facebook.react.uimanager.BaseViewManager"", ""method"": ""setOpacity""}"
334979,reflection,Method.invoke,"{""class"": ""com.facebook.react.uimanager.BaseViewManager"", ""method"": ""setOpacity""}"
334986,reflection,Method.invoke,"{""class"": ""com.facebook.react.uimanager.BaseViewManager"", ""method"": ""setTransform""}"
334991,reflection,Method.invoke,"{""class"": ""com.facebook.react.uimanager.BaseViewManager"", ""method"": ""setOpacity""}"
334996,reflection,Method.invoke,"{""class"": ""com.facebook.react.uimanager.BaseViewManager"", ""method"": ""setOpacity""}"
335012,reflection,Method.invoke,"{""class"": ""com.facebook.react.uimanager.BaseViewManager"", ""method"": ""setOpacity""}"
335027,reflection,Method.invoke,"{""class"": ""com.facebook.react.uimanager.BaseViewManager"", ""method"": ""setOpacity""}"
335039,reflection,Method.invoke,"{""class"": ""com.facebook.react.uimanager.BaseViewManager"", ""method"": ""setTransform""}"
335043,reflection,Method.invoke,"{""class"": ""com.facebook.react.uimanager.BaseViewManager"", ""method"": ""setOpacity""}"
335051,reflection,Method.invoke,"{""class"": ""com.facebook.react.uimanager.BaseViewManager"", ""method"": ""setTransform""}"
335057,reflection,Method.invoke,"{""class"": ""com.facebook.react.uimanager.BaseViewManager"", ""method"": ""setOpacity""}"
335072,reflection,Method.invoke,"{""class"": ""com.facebook.react.uimanager.BaseViewManager"", ""method"": ""setOpacity""}"
335079,reflection,Method.invoke,"{""class"": ""com.facebook.react.uimanager.BaseViewManager"", ""method"": ""setTransform""}"
335087,reflection,Method.invoke,"{""class"": ""com.facebook.react.uimanager.BaseViewManager"", ""method"": ""setOpacity""}"
335092,reflection,Method.invoke,"{""class"": ""com.facebook.react.uimanager.BaseViewManager"", ""method"": ""setTransform""}"
335097,reflection,Method.invoke,"{""class"": ""com.facebook.react.uimanager.BaseViewManager"", ""method"": ""setOpacity""}"
335109,reflection,Method.invoke,"{""class"": ""com.facebook.react.uimanager.BaseViewManager"", ""method"": ""setOpacity""}"
335118,reflection,Method.invoke,"{""class"": ""com.facebook.react.uimanager.BaseViewManager"", ""method"": ""setTransform""}"
335123,reflection,Method.invoke,"{""class"": ""com.facebook.react.uimanager.BaseViewManager"", ""method"": ""setOpacity""}"
335128,reflection,Method.invoke,"{""class"": ""com.facebook.react.uimanager.BaseViewManager"", ""method"": ""setTransform""}"
335136,reflection,Method.invoke,"{""class"": ""com.facebook.react.uimanager.BaseViewManager"", ""method"": ""setOpacity""}"
335151,reflection,Method.invoke,"{""class"": ""com.facebook.react.uimanager.BaseViewManager"", ""method"": ""setOpacity""}"
335158,reflection,Method.invoke,"{""class"": ""com.facebook.react.uimanager.BaseViewManager"", ""method"": ""setTransform""}"
335164,reflection,Method.invoke,"{""class"": ""com.facebook.react.uimanager.BaseViewManager"", ""method"": ""setOpacity""}"
335171,reflection,Method.invoke,"{""class"": ""com.facebook.react.uimanager.BaseViewManager"", ""method"": ""setTransform""}"
335176,reflection,Method.invoke,"{""class"": ""com.facebook.react.uimanager.BaseViewManager"", ""method"": ""setOpacity""}"
335191,reflection,Method.invoke,"{""class"": ""com.facebook.react.uimanager.BaseViewManager"", ""method"": ""setOpacity""}"
335202,reflection,Method.invoke,"{""class"": ""com.facebook.react.uimanager.BaseViewManager"", ""method"": ""setTransform""}"
335207,reflection,Method.invoke,"{""class"": ""com.facebook.react.uimanager.BaseViewManager"", ""method"": ""setOpacity""}"
335212,reflection,Method.invoke,"{""class"": ""com.facebook.react.uimanager.BaseViewManager"", ""method"": ""setTransform""}"
335218,reflection,Method.invoke,"{""class"": ""com.facebook.react.uimanager.BaseViewManager"", ""method"": ""setOpacity""}"
335229,reflection,Method.invoke,"{""class"": ""com.facebook.react.uimanager.BaseViewManager"", ""method"": ""setOpacity""}"
335236,reflection,Method.invoke,"{""class"": ""com.facebook.react.uimanager.BaseViewManager"", ""method"": ""setTransform""}"
335243,reflection,Method.invoke,"{""class"": ""com.facebook.react.uimanager.BaseViewManager"", ""method"": ""setOpacity""}"
335250,reflection,Method.invoke,"{""class"": ""com.facebook.react.uimanager.BaseViewManager"", ""method"": ""setTransform""}"
335258,reflection,Method.invoke,"{""class"": ""com.facebook.react.uimanager.BaseViewManager"", ""method"": ""setOpacity""}"
335277,reflection,Method.invoke,"{""class"": ""com.facebook.react.uimanager.BaseViewManager"", ""method"": ""setOpacity""}"
335286,reflection,Method.invoke,"{""class"": ""com.facebook.react.uimanager.BaseViewManager"", ""method"": ""setTransform""}"
335291,reflection,Method.invoke,"{""class"": ""com.facebook.react.uimanager.BaseViewManager"", ""method"": ""setOpacity""}"
335296,reflection,Method.invoke,"{""class"": ""com.facebook.react.uimanager.BaseViewManager"", ""method"": ""setTransform""}"
335321,reflection,Method.invoke,"{""class"": ""com.facebook.react.uimanager.BaseViewManager"", ""method"": ""setTransform""}"
335326,reflection,Method.invoke,"{""class"": ""com.facebook.react.uimanager.BaseViewManager"", ""method"": ""setOpacity""}"
335331,reflection,Method.invoke,"{""class"": ""com.facebook.react.uimanager.BaseViewManager"", ""method"": ""setTransform""}"
335336,reflection,Method.invoke,"{""class"": ""com.facebook.react.uimanager.BaseViewManager"", ""method"": ""setOpacity""}"
335341,reflection,Method.invoke,"{""class"": ""com.facebook.react.uimanager.BaseViewManager"", ""method"": ""setOpacity""}"
347241,reflection,Method.invoke,"{""class"": ""com.facebook.react.uimanager.BaseViewManager"", ""method"": ""setOpacity""}"
347261,reflection,Method.invoke,"{""class"": ""com.facebook.react.uimanager.BaseViewManager"", ""method"": ""setOpacity""}"
347281,reflection,Method.invoke,"{""class"": ""com.facebook.react.uimanager.BaseViewManager"", ""method"": ""setTransform""}"
347296,reflection,Method.invoke,"{""class"": ""com.facebook.react.uimanager.BaseViewManager"", ""method"": ""setOpacity""}"
347304,reflection,Method.invoke,"{""class"": ""com.facebook.react.uimanager.BaseViewManager"", ""method"": ""setOpacity""}"
347310,reflection,Method.invoke,"{""class"": ""com.facebook.react.uimanager.BaseViewManager"", ""method"": ""setTransform""}"
347317,reflection,Method.invoke,"{""class"": ""com.facebook.react.uimanager.BaseViewManager"", ""method"": ""setOpacity""}"
347323,reflection,Method.invoke,"{""class"": ""com.facebook.react.uimanager.BaseViewManager"", ""method"": ""setOpacity""}"
347340,reflection,Method.invoke,"{""class"": ""com.facebook.react.uimanager.BaseViewManager"", ""method"": ""setOpacity""}"
347353,reflection,Method.invoke,"{""class"": ""com.facebook.react.uimanager.BaseViewManager"", ""method"": ""setTransform""}"
347359,reflection,Method.invoke,"{""class"": ""com.facebook.react.uimanager.BaseViewManager"", ""method"": ""setOpacity""}"
347364,reflection,Method.invoke,"{""class"": ""com.facebook.react.uimanager.BaseViewManager"", ""method"": ""setTransform""}"
347370,reflection,Method.invoke,"{""class"": ""com.facebook.react.uimanager.BaseViewManager"", ""method"": ""setOpacity""}"
347386,reflection,Method.invoke,"{""class"": ""com.facebook.react.uimanager.BaseViewManager"", ""method"": ""setOpacity""}"
347397,reflection,Method.invoke,"{""class"": ""com.facebook.react.uimanager.BaseViewManager"", ""method"": ""setTransform""}"
347406,reflection,Method.invoke,"{""class"": ""com.facebook.react.uimanager.BaseViewManager"", ""method"": ""setOpacity""}"
347412,reflection,Method.invoke,"{""class"": ""com.facebook.react.uimanager.BaseViewManager"", ""method"": ""setTransform""}"
347418,reflection,Method.invoke,"{""class"": ""com.facebook.react.uimanager.BaseViewManager"", ""method"": ""setOpacity""}"
347437,reflection,Method.invoke,"{""class"": ""com.facebook.react.uimanager.BaseViewManager"", ""method"": ""setOpacity""}"
347446,reflection,Method.invoke,"{""class"": ""com.facebook.react.uimanager.BaseViewManager"", ""method"": ""setTransform""}"
347455,reflection,Method.invoke,"{""class"": ""com.facebook.react.uimanager.BaseViewManager"", ""method"": ""setOpacity""}"
347461,reflection,Method.invoke,"{""class"": ""com.facebook.react.uimanager.BaseViewManager"", ""method"": ""setTransform""}"
347468,reflection,Method.invoke,"{""class"": ""com.facebook.react.uimanager.BaseViewManager"", ""method"": ""setOpacity""}"
347489,reflection,Method.invoke,"{""class"": ""com.facebook.react.uimanager.BaseViewManager"", ""method"": ""setOpacity""}"
347503,reflection,Method.invoke,"{""class"": ""com.facebook.react.uimanager.BaseViewManager"", ""method"": ""setTransform""}"
347510,reflection,Method.invoke,"{""class"": ""com.facebook.react.uimanager.BaseViewManager"", ""method"": ""setOpacity""}"
347516,reflection,Method.invoke,"{""class"": ""com.facebook.react.uimanager.BaseViewManager"", ""method"": ""setTransform""}"
347523,reflection,Method.invoke,"{""class"": ""com.facebook.react.uimanager.BaseViewManager"", ""method"": ""setOpacity""}"
347538,reflection,Method.invoke,"{""class"": ""com.facebook.react.uimanager.BaseViewManager"", ""method"": ""setOpacity""}"
347550,reflection,Method.invoke,"{""class"": ""com.facebook.react.uimanager.BaseViewManager"", ""method"": ""setTransform""}"
347557,reflection,Method.invoke,"{""class"": ""com.facebook.react.uimanager.BaseViewManager"", ""method"": ""setOpacity""}"
347565,reflection,Method.invoke,"{""class"": ""com.facebook.react.uimanager.BaseViewManager"", ""method"": ""setTransform""}"
347574,reflection,Method.invoke,"{""class"": ""com.facebook.react.uimanager.BaseViewManager"", ""method"": ""setOpacity""}"
347592,reflection,Method.invoke,"{""class"": ""com.facebook.react.uimanager.BaseViewManager"", ""method"": ""setOpacity""}"
347604,reflection,Method.invoke,"{""class"": ""com.facebook.react.uimanager.BaseViewManager"", ""method"": ""setTransform""}"
347611,reflection,Method.invoke,"{""class"": ""com.facebook.react.uimanager.BaseViewManager"", ""method"": ""setOpacity""}"
347621,reflection,Method.invoke,"{""class"": ""com.facebook.react.uimanager.BaseViewManager"", ""method"": ""setTransform""}"
347641,reflection,Method.invoke,"{""class"": ""com.facebook.react.uimanager.BaseViewManager"", ""method"": ""setTransform""}"
347653,reflection,Method.invoke,"{""class"": ""com.facebook.react.uimanager.BaseViewManager"", ""method"": ""setOpacity""}"
347661,reflection,Method.invoke,"{""class"": ""com.facebook.react.uimanager.BaseViewManager"", ""method"": ""setTransform""}"
347668,reflection,Method.invoke,"{""class"": ""com.facebook.react.uimanager.BaseViewManager"", ""method"": ""setOpacity""}"
347677,reflection,Method.invoke,"{""class"": ""com.facebook.react.uimanager.BaseViewManager"", ""method"": ""setOpacity""}"
369187,lifecycle,hook_loaded,"{""stage"": ""java_perform"", ""version"": ""3""}"
383435,reflection,Method.invoke,"{""class"": ""com.facebook.react.uimanager.H0$a"", ""method"": ""values""}"
383539,reflection,Method.invoke,"{""class"": ""com.facebook.react.uimanager.BaseViewManager"", ""method"": ""setOpacity""}"
383567,reflection,Method.invoke,"{""class"": ""com.facebook.react.uimanager.BaseViewManager"", ""method"": ""setOpacity""}"
383578,reflection,Method.invoke,"{""class"": ""com.facebook.react.uimanager.BaseViewManager"", ""method"": ""setTransform""}"
383592,reflection,Method.invoke,"{""class"": ""com.facebook.react.uimanager.BaseViewManager"", ""method"": ""setOpacity""}"
383602,reflection,Method.invoke,"{""class"": ""com.facebook.react.uimanager.BaseViewManager"", ""method"": ""setTransform""}"
383613,reflection,Method.invoke,"{""class"": ""com.facebook.react.uimanager.BaseViewManager"", ""method"": ""setOpacity""}"
383635,reflection,Method.invoke,"{""class"": ""com.facebook.react.uimanager.BaseViewManager"", ""method"": ""setOpacity""}"
383660,reflection,Method.invoke,"{""class"": ""com.facebook.react.uimanager.BaseViewManager"", ""method"": ""setOpacity""}"
383677,reflection,Method.invoke,"{""class"": ""com.facebook.react.uimanager.BaseViewManager"", ""method"": ""setTransform""}"
383687,reflection,Method.invoke,"{""class"": ""com.facebook.react.uimanager.BaseViewManager"", ""method"": ""setOpacity""}"
383703,reflection,Method.invoke,"{""class"": ""com.facebook.react.uimanager.BaseViewManager"", ""method"": ""setTransform""}"
383714,reflection,Method.invoke,"{""class"": ""com.facebook.react.uimanager.BaseViewManager"", ""method"": ""setOpacity""}"
383732,reflection,Method.invoke,"{""class"": ""com.facebook.react.uimanager.BaseViewManager"", ""method"": ""setOpacity""}"
383742,reflection,Method.invoke,"{""class"": ""com.facebook.react.uimanager.BaseViewManager"", ""method"": ""setTransform""}"
383753,reflection,Method.invoke,"{""class"": ""com.facebook.react.uimanager.BaseViewManager"", ""method"": ""setOpacity""}"
383763,reflection,Method.invoke,"{""class"": ""com.facebook.react.uimanager.BaseViewManager"", ""method"": ""setTransform""}"
383772,reflection,Method.invoke,"{""class"": ""com.facebook.react.uimanager.BaseViewManager"", ""method"": ""setOpacity""}"
383788,reflection,Method.invoke,"{""class"": ""com.facebook.react.uimanager.BaseViewManager"", ""method"": ""setOpacity""}"
383802,reflection,Method.invoke,"{""class"": ""com.facebook.react.uimanager.BaseViewManager"", ""method"": ""setTransform""}"
383811,reflection,Method.invoke,"{""class"": ""com.facebook.react.uimanager.BaseViewManager"", ""method"": ""setOpacity""}"
383821,reflection,Method.invoke,"{""class"": ""com.facebook.react.uimanager.BaseViewManager"", ""method"": ""setTransform""}"
383833,reflection,Method.invoke,"{""class"": ""com.facebook.react.uimanager.BaseViewManager"", ""method"": ""setOpacity""}"
383850,reflection,Method.invoke,"{""class"": ""com.facebook.react.uimanager.BaseViewManager"", ""method"": ""setOpacity""}"
383861,reflection,Method.invoke,"{""class"": ""com.facebook.react.uimanager.BaseViewManager"", ""method"": ""setTransform""}"
383873,reflection,Method.invoke,"{""class"": ""com.facebook.react.uimanager.BaseViewManager"", ""method"": ""setOpacity""}"
383881,reflection,Method.invoke,"{""class"": ""com.facebook.react.uimanager.BaseViewManager"", ""method"": ""setTransform""}"
383937,reflection,Method.invoke,"{""class"": ""android.os.SystemProperties"", ""method"": ""get""}"
383940,reflection,Method.invoke,"{""class"": ""com.facebook.react.uimanager.BaseViewManager"", ""method"": ""setOpacity""}"
383958,reflection,Method.invoke,"{""class"": ""com.facebook.react.uimanager.BaseViewManager"", ""method"": ""setTransform""}"
383976,reflection,Method.invoke,"{""class"": ""com.facebook.react.uimanager.BaseViewManager"", ""method"": ""setOpacity""}"
383978,reflection,Method.invoke,"{""class"": ""android.os.SystemProperties"", ""method"": ""get""}"
383997,reflection,Method.invoke,"{""class"": ""android.os.SystemProperties"", ""method"": ""get""}"
384008,reflection,Method.invoke,"{""class"": ""com.facebook.react.uimanager.BaseViewManager"", ""method"": ""setTransform""}"
384020,reflection,Method.invoke,"{""class"": ""android.os.SystemProperties"", ""method"": ""get""}"
384104,reflection,Method.invoke,"{""class"": ""com.facebook.react.uimanager.BaseViewManager"", ""method"": ""setBackgroundColor""}"
384113,reflection,Method.invoke,"{""class"": ""com.facebook.react.views.view.ReactViewManager"", ""method"": ""setBorderRadius""}"
384127,reflection,Method.invoke,"{""class"": ""com.facebook.react.uimanager.BaseViewManager"", ""method"": ""setElevation""}"
384136,reflection,Method.invoke,"{""class"": ""com.facebook.react.views.text.ReactTextAnchorViewManager"", ""method"": ""setAccessible$ReactAndroid_release""}"
384146,reflection,Method.invoke,"{""class"": ""com.facebook.react.views.text.ReactTextAnchorViewManager"", ""method"": ""setFontSize$ReactAndroid_release""}"
384154,reflection,Method.invoke,"{""class"": ""com.facebook.react.views.text.ReactTextAnchorViewManager"", ""method"": ""setEllipsizeMode$ReactAndroid_release""}"
384162,reflection,Method.invoke,"{""class"": ""com.facebook.react.views.view.ReactViewManager"", ""method"": ""setAccessible""}"
384172,reflection,Method.invoke,"{""class"": ""com.facebook.react.uimanager.BaseViewManager"", ""method"": ""setOpacity""}"
384179,reflection,Method.invoke,"{""class"": ""com.facebook.react.views.view.ReactViewManager"", ""method"": ""setCollapsable""}"
384194,reflection,Method.invoke,"{""class"": ""com.facebook.react.uimanager.BaseViewManager"", ""method"": ""setAccessibilityValue""}"
384203,reflection,Method.invoke,"{""class"": ""com.facebook.react.uimanager.BaseViewManager"", ""method"": ""setViewState""}"
384211,reflection,Method.invoke,"{""class"": ""com.facebook.react.uimanager.BaseViewManager"", ""method"": ""setStartShouldSetResponder""}"
384218,reflection,Method.invoke,"{""class"": ""com.facebook.react.uimanager.BaseViewManager"", ""method"": ""setResponderGrant""}"
384227,reflection,Method.invoke,"{""class"": ""com.facebook.react.uimanager.BaseViewManager"", ""method"": ""setClick""}"
384235,reflection,Method.invoke,"{""class"": ""com.facebook.react.views.view.ReactViewManager"", ""method"": ""setFocusable""}"
384242,reflection,Method.invoke,"{""class"": ""com.facebook.react.uimanager.BaseViewManager"", ""method"": ""setResponderTerminate""}"
384252,reflection,Method.invoke,"{""class"": ""com.facebook.react.uimanager.BaseViewManager"", ""method"": ""setResponderMove""}"
384259,reflection,Method.invoke,"{""class"": ""com.facebook.react.uimanager.BaseViewManager"", ""method"": ""setResponderRelease""}"
384268,reflection,Method.invoke,"{""class"": ""com.facebook.react.uimanager.BaseViewManager"", ""method"": ""setResponderTerminationRequest""}"
384277,reflection,Method.invoke,"{""class"": ""com.facebook.react.uimanager.BaseViewManager"", ""method"": ""setBackgroundColor""}"
384285,reflection,Method.invoke,"{""class"": ""com.facebook.react.uimanager.BaseViewManager"", ""method"": ""setBackgroundColor""}"
384303,reflection,Method.invoke,"{""class"": ""com.facebook.react.views.view.ReactViewManager"", ""method"": ""setBorderRadius""}"
384315,reflection,Method.invoke,"{""class"": ""com.facebook.react.uimanager.BaseViewManager"", ""method"": ""setElevation""}"
384325,reflection,Method.invoke,"{""class"": ""com.facebook.react.views.text.ReactTextAnchorViewManager"", ""method"": ""setAccessible$ReactAndroid_release""}"
384335,reflection,Method.invoke,"{""class"": ""com.facebook.react.views.text.ReactTextAnchorViewManager"", ""method"": ""setFontSize$ReactAndroid_release""}"
384344,reflection,Method.invoke,"{""class"": ""com.facebook.react.views.text.ReactTextAnchorViewManager"", ""method"": ""setEllipsizeMode$ReactAndroid_release""}"
384353,reflection,Method.invoke,"{""class"": ""com.facebook.react.views.view.ReactViewManager"", ""method"": ""setAccessible""}"
384360,reflection,Method.invoke,"{""class"": ""com.facebook.react.uimanager.BaseViewManager"", ""method"": ""setOpacity""}"
384370,reflection,Method.invoke,"{""class"": ""com.facebook.react.views.view.ReactViewManager"", ""method"": ""setCollapsable""}"
384379,reflection,Method.invoke,"{""class"": ""com.facebook.react.uimanager.BaseViewManager"", ""method"": ""setAccessibilityValue""}"
384389,reflection,Method.invoke,"{""class"": ""com.facebook.react.uimanager.BaseViewManager"", ""method"": ""setViewState""}"
384398,reflection,Method.invoke,"{""class"": ""com.facebook.react.uimanager.BaseViewManager"", ""method"": ""setStartShouldSetResponder""}"
384406,reflection,Method.invoke,"{""class"": ""com.facebook.react.uimanager.BaseViewManager"", ""method"": ""setResponderGrant""}"
384413,reflection,Method.invoke,"{""class"": ""com.facebook.react.uimanager.BaseViewManager"", ""method"": ""setClick""}"
384422,reflection,Method.invoke,"{""class"": ""com.facebook.react.views.view.ReactViewManager"", ""method"": ""setFocusable""}"
384430,reflection,Method.invoke,"{""class"": ""com.facebook.react.uimanager.BaseViewManager"", ""method"": ""setResponderTerminate""}"
384438,reflection,Method.invoke,"{""class"": ""com.facebook.react.uimanager.BaseViewManager"", ""method"": ""setResponderMove""}"
384446,reflection,Method.invoke,"{""class"": ""com.facebook.react.uimanager.BaseViewManager"", ""method"": ""setResponderRelease""}"
384456,reflection,Method.invoke,"{""class"": ""com.facebook.react.uimanager.BaseViewManager"", ""method"": ""setResponderTerminationRequest""}"
384464,reflection,Method.invoke,"{""class"": ""com.facebook.react.uimanager.BaseViewManager"", ""method"": ""setBackgroundColor""}"
384471,reflection,Method.invoke,"{""class"": ""com.facebook.react.uimanager.BaseViewManager"", ""method"": ""setTransform""}"
384480,reflection,Method.invoke,"{""class"": ""com.facebook.react.uimanager.BaseViewManager"", ""method"": ""setOpacity""}"
384488,reflection,Method.invoke,"{""class"": ""com.facebook.react.uimanager.BaseViewManager"", ""method"": ""setTransform""}"
384497,reflection,Method.invoke,"{""class"": ""com.facebook.react.uimanager.BaseViewManager"", ""method"": ""setOpacity""}"
384510,reflection,Method.invoke,"{""class"": ""com.facebook.react.uimanager.BaseViewManager"", ""method"": ""setTransform""}"
384520,reflection,Method.invoke,"{""class"": ""com.facebook.react.uimanager.BaseViewManager"", ""method"": ""setOpacity""}"
384529,reflection,Method.invoke,"{""class"": ""com.facebook.react.uimanager.BaseViewManager"", ""method"": ""setOpacity""}"
384538,reflection,Method.invoke,"{""class"": ""com.facebook.react.uimanager.BaseViewManager"", ""method"": ""setTransform""}"
384547,reflection,Method.invoke,"{""class"": ""com.facebook.react.uimanager.BaseViewManager"", ""method"": ""setOpacity""}"
384554,crypto,MessageDigest.digest,{}
384561,reflection,Method.invoke,"{""class"": ""com.facebook.react.uimanager.BaseViewManager"", ""method"": ""setTransform""}"
384571,reflection,Method.invoke,"{""class"": ""com.facebook.react.uimanager.BaseViewManager"", ""method"": ""setOpacity""}"
384577,crypto,MessageDigest.digest,{}
384580,crypto,MessageDigest.digest,{}
384584,reflection,Method.invoke,"{""class"": ""com.facebook.react.uimanager.BaseViewManager"", ""method"": ""setTransform""}"
384592,crypto,MessageDigest.digest,{}
384594,crypto,MessageDigest.digest,{}
384599,crypto,MessageDigest.digest,{}
384612,reflection,Method.invoke,"{""class"": ""expo.modules.image.records.ImageLoadEvent"", ""method"": ""getCacheType""}"
384624,reflection,Method.invoke,"{""class"": ""expo.modules.image.records.ImageLoadEvent"", ""method"": ""getSource""}"
384631,reflection,Method.invoke,"{""class"": ""expo.modules.image.records.ImageSource"", ""method"": ""getHeight""}"
384643,reflection,Method.invoke,"{""class"": ""expo.modules.image.records.ImageSource"", ""method"": ""isAnimated""}"
384652,reflection,Method.invoke,"{""class"": ""expo.modules.image.records.ImageSource"", ""method"": ""getMediaType""}"
384659,reflection,Method.invoke,"{""class"": ""expo.modules.image.records.ImageSource"", ""method"": ""getUrl""}"
384665,reflection,Method.invoke,"{""class"": ""expo.modules.image.records.ImageSource"", ""method"": ""getWidth""}"
384667,crypto,MessageDigest.digest,{}
384683,reflection,Method.invoke,"{""class"": ""com.facebook.react.uimanager.BaseViewManager"", ""method"": ""setOpacity""}"
384693,reflection,Method.invoke,"{""class"": ""com.facebook.react.uimanager.BaseViewManager"", ""method"": ""setTransform""}"
384701,reflection,Method.invoke,"{""class"": ""com.facebook.react.uimanager.BaseViewManager"", ""method"": ""setOpacity""}"
384709,reflection,Method.invoke,"{""class"": ""com.facebook.react.uimanager.BaseViewManager"", ""method"": ""setTransform""}"
384723,reflection,Method.invoke,"{""class"": ""expo.modules.image.records.ImageLoadEvent"", ""method"": ""getCacheType""}"
384738,reflection,Method.invoke,"{""class"": ""expo.modules.image.records.ImageLoadEvent"", ""method"": ""getSource""}"
384746,reflection,Method.invoke,"{""class"": ""expo.modules.image.records.ImageSource"", ""method"": ""getHeight""}"
384755,reflection,Method.invoke,"{""class"": ""expo.modules.image.records.ImageSource"", ""method"": ""isAnimated""}"
384760,reflection,Method.invoke,"{""class"": ""expo.modules.image.records.ImageSource"", ""method"": ""getMediaType""}"
384766,reflection,Method.invoke,"{""class"": ""expo.modules.image.records.ImageSource"", ""method"": ""getUrl""}"
384773,reflection,Method.invoke,"{""class"": ""expo.modules.image.records.ImageSource"", ""method"": ""getWidth""}"
384780,reflection,Method.invoke,"{""class"": ""com.facebook.react.uimanager.BaseViewManager"", ""method"": ""setOpacity""}"
384789,reflection,Method.invoke,"{""class"": ""com.facebook.react.uimanager.BaseViewManager"", ""method"": ""setTransform""}"
384795,reflection,Method.invoke,"{""class"": ""com.facebook.react.uimanager.BaseViewManager"", ""method"": ""setOpacity""}"
384803,reflection,Method.invoke,"{""class"": ""com.facebook.react.uimanager.BaseViewManager"", ""method"": ""setTransform""}"
396740,reflection,Method.invoke,"{""class"": ""com.facebook.react.uimanager.BaseViewManager"", ""method"": ""setOpacity""}"
396774,reflection,Method.invoke,"{""class"": ""com.facebook.react.uimanager.BaseViewManager"", ""method"": ""setOpacity""}"
396800,reflection,Method.invoke,"{""class"": ""com.facebook.react.uimanager.BaseViewManager"", ""method"": ""setTransform""}"
396812,reflection,Method.invoke,"{""class"": ""com.facebook.react.uimanager.BaseViewManager"", ""method"": ""setOpacity""}"
396829,reflection,Method.invoke,"{""class"": ""com.facebook.react.uimanager.BaseViewManager"", ""method"": ""setTransform""}"
396844,reflection,Method.invoke,"{""class"": ""com.facebook.react.uimanager.BaseViewManager"", ""method"": ""setOpacity""}"
396855,reflection,Method.invoke,"{""class"": ""com.facebook.react.uimanager.BaseViewManager"", ""method"": ""setOpacity""}"
396865,reflection,Method.invoke,"{""class"": ""com.facebook.react.uimanager.BaseViewManager"", ""method"": ""setOpacity""}"
396883,reflection,Method.invoke,"{""class"": ""com.facebook.react.uimanager.BaseViewManager"", ""method"": ""setOpacity""}"
396897,reflection,Method.invoke,"{""class"": ""com.facebook.react.uimanager.BaseViewManager"", ""method"": ""setTransform""}"
396909,reflection,Method.invoke,"{""class"": ""com.facebook.react.uimanager.BaseViewManager"", ""method"": ""setOpacity""}"
396920,reflection,Method.invoke,"{""class"": ""com.facebook.react.uimanager.BaseViewManager"", ""method"": ""setTransform""}"
396929,reflection,Method.invoke,"{""class"": ""com.facebook.react.uimanager.BaseViewManager"", ""method"": ""setTransform""}"
396938,reflection,Method.invoke,"{""class"": ""com.facebook.react.uimanager.BaseViewManager"", ""method"": ""setOpacity""}"
396947,reflection,Method.invoke,"{""class"": ""com.facebook.react.uimanager.BaseViewManager"", ""method"": ""setTransform""}"
396955,reflection,Method.invoke,"{""class"": ""com.facebook.react.uimanager.BaseViewManager"", ""method"": ""setOpacity""}"
396966,reflection,Method.invoke,"{""class"": ""com.facebook.react.uimanager.BaseViewManager"", ""method"": ""setBackgroundColor""}"
396976,reflection,Method.invoke,"{""class"": ""com.facebook.react.uimanager.BaseViewManager"", ""method"": ""setTransform""}"
396988,reflection,Method.invoke,"{""class"": ""com.facebook.react.uimanager.BaseViewManager"", ""method"": ""setOpacity""}"
396997,reflection,Method.invoke,"{""class"": ""com.facebook.react.uimanager.BaseViewManager"", ""method"": ""setOpacity""}"
397005,reflection,Method.invoke,"{""class"": ""com.facebook.react.uimanager.BaseViewManager"", ""method"": ""setTransform""}"
397014,reflection,Method.invoke,"{""class"": ""com.facebook.react.uimanager.BaseViewManager"", ""method"": ""setOpacity""}"
397031,reflection,Method.invoke,"{""class"": ""com.facebook.react.uimanager.BaseViewManager"", ""method"": ""setOpacity""}"
397046,reflection,Method.invoke,"{""class"": ""com.facebook.react.uimanager.BaseViewManager"", ""method"": ""setTransform""}"
397063,reflection,Method.invoke,"{""class"": ""com.facebook.react.uimanager.BaseViewManager"", ""method"": ""setOpacity""}"
397077,reflection,Method.invoke,"{""class"": ""com.facebook.react.uimanager.BaseViewManager"", ""method"": ""setTransform""}"
397086,reflection,Method.invoke,"{""class"": ""com.facebook.react.uimanager.BaseViewManager"", ""method"": ""setOpacity""}"
397107,reflection,Method.invoke,"{""class"": ""expo.modules.image.records.ImageLoadEvent"", ""method"": ""getCacheType""}"
397122,reflection,Method.invoke,"{""class"": ""expo.modules.image.records.ImageLoadEvent"", ""method"": ""getSource""}"
397136,reflection,Method.invoke,"{""class"": ""expo.modules.image.records.ImageSource"", ""method"": ""getHeight""}"
397148,reflection,Method.invoke,"{""class"": ""expo.modules.image.records.ImageSource"", ""method"": ""isAnimated""}"
397161,reflection,Method.invoke,"{""class"": ""expo.modules.image.records.ImageSource"", ""method"": ""getMediaType""}"
397177,reflection,Method.invoke,"{""class"": ""expo.modules.image.records.ImageSource"", ""method"": ""getUrl""}"
397186,reflection,Method.invoke,"{""class"": ""expo.modules.image.records.ImageSource"", ""method"": ""getWidth""}"
397194,reflection,Method.invoke,"{""class"": ""expo.modules.image.records.ImageLoadEvent"", ""method"": ""getCacheType""}"
397204,reflection,Method.invoke,"{""class"": ""expo.modules.image.records.ImageLoadEvent"", ""method"": ""getSource""}"
397213,reflection,Method.invoke,"{""class"": ""expo.modules.image.records.ImageSource"", ""method"": ""getHeight""}"
397223,reflection,Method.invoke,"{""class"": ""expo.modules.image.records.ImageSource"", ""method"": ""isAnimated""}"
397230,reflection,Method.invoke,"{""class"": ""expo.modules.image.records.ImageSource"", ""method"": ""getMediaType""}"
397237,reflection,Method.invoke,"{""class"": ""expo.modules.image.records.ImageSource"", ""method"": ""getUrl""}"
397245,reflection,Method.invoke,"{""class"": ""expo.modules.image.records.ImageSource"", ""method"": ""getWidth""}"
397257,reflection,Method.invoke,"{""class"": ""com.facebook.react.uimanager.BaseViewManager"", ""method"": ""setOpacity""}"
397269,reflection,Method.invoke,"{""class"": ""com.facebook.react.uimanager.BaseViewManager"", ""method"": ""setTransform""}"
397277,reflection,Method.invoke,"{""class"": ""com.facebook.react.uimanager.BaseViewManager"", ""method"": ""setOpacity""}"
397287,reflection,Method.invoke,"{""class"": ""com.facebook.react.uimanager.BaseViewManager"", ""method"": ""setTransform""}"
397299,reflection,Method.invoke,"{""class"": ""com.facebook.react.uimanager.BaseViewManager"", ""method"": ""setTransform""}"
397308,reflection,Method.invoke,"{""class"": ""com.facebook.react.uimanager.BaseViewManager"", ""method"": ""setOpacity""}"
397315,reflection,Method.invoke,"{""class"": ""com.facebook.react.uimanager.BaseViewManager"", ""method"": ""setTransform""}"
397324,reflection,Method.invoke,"{""class"": ""com.facebook.react.uimanager.BaseViewManager"", ""method"": ""setOpacity""}"
397335,reflection,Method.invoke,"{""class"": ""com.facebook.react.uimanager.BaseViewManager"", ""method"": ""setBackgroundColor""}"
397343,reflection,Method.invoke,"{""class"": ""com.facebook.react.uimanager.BaseViewManager"", ""method"": ""setTransform""}"
397353,reflection,Method.invoke,"{""class"": ""com.facebook.react.uimanager.BaseViewManager"", ""method"": ""setOpacity""}"
397362,reflection,Method.invoke,"{""class"": ""com.facebook.react.uimanager.BaseViewManager"", ""method"": ""setOpacity""}"
397373,reflection,Method.invoke,"{""class"": ""com.facebook.react.uimanager.BaseViewManager"", ""method"": ""setTransform""}"
397381,reflection,Method.invoke,"{""class"": ""com.facebook.react.uimanager.BaseViewManager"", ""method"": ""setOpacity""}"
397394,reflection,Method.invoke,"{""class"": ""com.facebook.react.uimanager.BaseViewManager"", ""method"": ""setTransform""}"
397401,reflection,Method.invoke,"{""class"": ""com.facebook.react.uimanager.BaseViewManager"", ""method"": ""setOpacity""}"
397411,reflection,Method.invoke,"{""class"": ""com.facebook.react.uimanager.BaseViewManager"", ""method"": ""setTransform""}"
397420,reflection,Method.invoke,"{""class"": ""com.facebook.react.uimanager.BaseViewManager"", ""method"": ""setTransform""}"
397429,reflection,Method.invoke,"{""class"": ""com.facebook.react.uimanager.BaseViewManager"", ""method"": ""setOpacity""}"
397438,reflection,Method.invoke,"{""class"": ""com.facebook.react.uimanager.BaseViewManager"", ""method"": ""setTransform""}"
397448,reflection,Method.invoke,"{""class"": ""com.facebook.react.uimanager.BaseViewManager"", ""method"": ""setOpacity""}"
397458,reflection,Method.invoke,"{""class"": ""com.facebook.react.uimanager.BaseViewManager"", ""method"": ""setOpacity""}"
397473,reflection,Method.invoke,"{""class"": ""expo.modules.image.records.ImageLoadEvent"", ""method"": ""getCacheType""}"
397489,reflection,Method.invoke,"{""class"": ""expo.modules.image.records.ImageLoadEvent"", ""method"": ""getSource""}"
397496,reflection,Method.invoke,"{""class"": ""expo.modules.image.records.ImageSource"", ""method"": ""getHeight""}"
397504,reflection,Method.invoke,"{""class"": ""expo.modules.image.records.ImageSource"", ""method"": ""isAnimated""}"
397511,reflection,Method.invoke,"{""class"": ""expo.modules.image.records.ImageSource"", ""method"": ""getMediaType""}"
397516,reflection,Method.invoke,"{""class"": ""expo.modules.image.records.ImageSource"", ""method"": ""getUrl""}"
397524,reflection,Method.invoke,"{""class"": ""expo.modules.image.records.ImageSource"", ""method"": ""getWidth""}"
410249,reflection,Method.invoke,"{""class"": ""com.facebook.react.uimanager.BaseViewManager"", ""method"": ""setOpacity""}"
410316,reflection,Method.invoke,"{""class"": ""com.facebook.react.uimanager.BaseViewManager"", ""method"": ""setTransform""}"
410331,reflection,Method.invoke,"{""class"": ""com.facebook.react.uimanager.BaseViewManager"", ""method"": ""setOpacity""}"
410349,reflection,Method.invoke,"{""class"": ""com.facebook.react.uimanager.BaseViewManager"", ""method"": ""setOpacity""}"
410367,reflection,Method.invoke,"{""class"": ""com.facebook.react.uimanager.BaseViewManager"", ""method"": ""setTransform""}"
410380,reflection,Method.invoke,"{""class"": ""com.facebook.react.uimanager.BaseViewManager"", ""method"": ""setOpacity""}"
410399,reflection,Method.invoke,"{""class"": ""com.facebook.react.uimanager.BaseViewManager"", ""method"": ""setOpacity""}"
410432,reflection,Method.invoke,"{""class"": ""com.facebook.react.uimanager.BaseViewManager"", ""method"": ""setOpacity""}"
410457,reflection,Method.invoke,"{""class"": ""com.facebook.react.uimanager.BaseViewManager"", ""method"": ""setTransform""}"
410471,reflection,Method.invoke,"{""class"": ""com.facebook.react.uimanager.BaseViewManager"", ""method"": ""setOpacity""}"
410483,reflection,Method.invoke,"{""class"": ""com.facebook.react.uimanager.BaseViewManager"", ""method"": ""setTransform""}"
410500,reflection,Method.invoke,"{""class"": ""com.facebook.react.uimanager.BaseViewManager"", ""method"": ""setOpacity""}"
410531,reflection,Method.invoke,"{""class"": ""com.facebook.react.uimanager.BaseViewManager"", ""method"": ""setOpacity""}"
410555,reflection,Method.invoke,"{""class"": ""com.facebook.react.uimanager.BaseViewManager"", ""method"": ""setTransform""}"
410574,reflection,Method.invoke,"{""class"": ""com.facebook.react.uimanager.BaseViewManager"", ""method"": ""setOpacity""}"
410586,reflection,Method.invoke,"{""class"": ""com.facebook.react.uimanager.BaseViewManager"", ""method"": ""setTransform""}"
410601,reflection,Method.invoke,"{""class"": ""com.facebook.react.uimanager.BaseViewManager"", ""method"": ""setOpacity""}"
410643,reflection,Method.invoke,"{""class"": ""com.facebook.react.uimanager.BaseViewManager"", ""method"": ""setOpacity""}"
410660,reflection,Method.invoke,"{""class"": ""com.facebook.react.uimanager.BaseViewManager"", ""method"": ""setTransform""}"
410675,reflection,Method.invoke,"{""class"": ""com.facebook.react.uimanager.BaseViewManager"", ""method"": ""setOpacity""}"
410692,reflection,Method.invoke,"{""class"": ""com.facebook.react.uimanager.BaseViewManager"", ""method"": ""setTransform""}"
410703,reflection,Method.invoke,"{""class"": ""com.facebook.react.uimanager.BaseViewManager"", ""method"": ""setTransform""}"
410717,reflection,Method.invoke,"{""class"": ""com.facebook.react.uimanager.BaseViewManager"", ""method"": ""setOpacity""}"
410728,reflection,Method.invoke,"{""class"": ""com.facebook.react.uimanager.BaseViewManager"", ""method"": ""setTransform""}"
410743,reflection,Method.invoke,"{""class"": ""com.facebook.react.uimanager.BaseViewManager"", ""method"": ""setOpacity""}"
410757,reflection,Method.invoke,"{""class"": ""com.facebook.react.uimanager.BaseViewManager"", ""method"": ""setTransform""}"
410774,reflection,Method.invoke,"{""class"": ""com.facebook.react.uimanager.BaseViewManager"", ""method"": ""setOpacity""}"
410787,reflection,Method.invoke,"{""class"": ""com.facebook.react.uimanager.BaseViewManager"", ""method"": ""setOpacity""}"
410800,reflection,Method.invoke,"{""class"": ""com.facebook.react.uimanager.BaseViewManager"", ""method"": ""setTransform""}"
410812,reflection,Method.invoke,"{""class"": ""com.facebook.react.uimanager.BaseViewManager"", ""method"": ""setOpacity""}"
410835,reflection,Method.invoke,"{""class"": ""com.facebook.react.uimanager.BaseViewManager"", ""method"": ""setOpacity""}"
410855,reflection,Method.invoke,"{""class"": ""com.facebook.react.uimanager.BaseViewManager"", ""method"": ""setTransform""}"
410867,reflection,Method.invoke,"{""class"": ""com.facebook.react.uimanager.BaseViewManager"", ""method"": ""setOpacity""}"
410879,reflection,Method.invoke,"{""class"": ""com.facebook.react.uimanager.BaseViewManager"", ""method"": ""setTransform""}"
410910,reflection,Method.invoke,"{""class"": ""com.facebook.react.uimanager.BaseViewManager"", ""method"": ""setTransform""}"
410920,reflection,Method.invoke,"{""class"": ""com.facebook.react.uimanager.BaseViewManager"", ""method"": ""setOpacity""}"
410932,reflection,Method.invoke,"{""class"": ""com.facebook.react.uimanager.BaseViewManager"", ""method"": ""setTransform""}"
410945,reflection,Method.invoke,"{""class"": ""com.facebook.react.uimanager.BaseViewManager"", ""method"": ""setOpacity""}"
410955,reflection,Method.invoke,"{""class"": ""com.facebook.react.uimanager.BaseViewManager"", ""method"": ""setOpacity""}"
